1341847980.7869 -0.0028 -0.0031 0.0009 -0.0005 0.0001 -0.0006 1.0000
1341847980.8230 -0.0033 -0.0011 0.0001 0.0010 0.0001 -0.0012 1.0000
1341847980.8547 -0.0034 0.0006 -0.0007 0.0013 0.0004 -0.0017 1.0000
1341847980.8907 -0.0056 -0.0007 -0.0009 0.0012 0.0009 -0.0018 1.0000
1341847980.9230 -0.0064 -0.0007 -0.0016 0.0016 0.0006 -0.0023 1.0000
1341847980.9546 -0.0049 0.0009 -0.0030 0.0016 0.0007 -0.0027 1.0000
1341847980.9907 -0.0085 -0.0005 -0.0019 0.0012 0.0016 -0.0026 1.0000
1341847981.0227 -0.0091 0.0019 -0.0031 0.0020 0.0015 -0.0026 1.0000
1341847981.0547 -0.0094 0.0010 -0.0031 0.0016 0.0014 -0.0027 1.0000
1341847981.0907 -0.0093 0.0015 -0.0037 0.0019 0.0019 -0.0029 1.0000
1341847981.1230 -0.0123 0.0002 -0.0043 0.0019 0.0030 -0.0027 1.0000
1341847981.1586 -0.0143 0.0024 -0.0052 0.0020 0.0033 -0.0016 1.0000
1341847981.1906 -0.0177 -0.0000 -0.0050 0.0012 0.0036 0.0000 1.0000
1341847981.2230 -0.0211 -0.0016 -0.0053 0.0016 0.0039 0.0015 1.0000
1341847981.2587 -0.0217 0.0005 -0.0075 0.0021 0.0031 0.0031 1.0000
1341847981.2908 -0.0214 0.0001 -0.0073 0.0020 0.0028 0.0038 1.0000
1341847981.3229 -0.0223 -0.0000 -0.0088 0.0024 0.0038 0.0036 1.0000
1341847981.3587 -0.0275 0.0022 -0.0092 0.0030 0.0052 0.0038 1.0000
1341847981.3908 -0.0336 -0.0010 -0.0104 0.0024 0.0059 0.0048 1.0000
1341847981.4267 -0.0374 -0.0008 -0.0120 0.0030 0.0056 0.0060 1.0000
1341847981.4588 -0.0388 0.0013 -0.0155 0.0034 0.0052 0.0067 1.0000
1341847981.4907 -0.0419 0.0006 -0.0162 0.0031 0.0054 0.0071 1.0000
1341847981.5270 -0.0500 0.0014 -0.0179 0.0038 0.0069 0.0067 0.9999
1341847981.5587 -0.0521 0.0027 -0.0199 0.0038 0.0072 0.0062 0.9999
1341847981.5949 -0.0587 -0.0012 -0.0206 0.0035 0.0089 0.0055 0.9999
1341847981.6267 -0.0655 0.0039 -0.0238 0.0055 0.0102 0.0059 0.9999
1341847981.6587 -0.0655 0.0081 -0.0270 0.0049 0.0097 0.0057 0.9999
1341847981.6947 -0.0743 0.0054 -0.0264 0.0042 0.0114 0.0052 0.9999
1341847981.7266 -0.0759 0.0105 -0.0300 0.0046 0.0113 0.0058 0.9999
1341847981.7588 -0.0848 0.0108 -0.0305 0.0033 0.0122 0.0059 0.9999
1341847981.7947 -0.0887 0.0171 -0.0321 0.0033 0.0122 0.0057 0.9999
1341847981.8267 -0.0940 0.0174 -0.0335 0.0013 0.0128 0.0054 0.9999
1341847981.8627 -0.1098 0.0130 -0.0308 0.0004 0.0148 0.0048 0.9999
1341847981.8946 -0.1066 0.0152 -0.0385 0.0002 0.0124 0.0046 0.9999
1341847981.9266 -0.1122 0.0190 -0.0373 -0.0022 0.0118 0.0047 0.9999
1341847981.9948 -0.1253 0.0093 -0.0357 -0.0050 0.0126 0.0045 0.9999
1341847982.0627 -0.1388 0.0033 -0.0369 -0.0039 0.0131 0.0023 0.9999
1341847982.0948 -0.1392 0.0112 -0.0381 -0.0016 0.0120 0.0014 0.9999
1341847982.1307 -0.1487 -0.0010 -0.0358 -0.0024 0.0123 0.0005 0.9999
1341847982.1627 -0.1480 0.0098 -0.0398 0.0028 0.0099 0.0015 0.9999
1341847982.1947 -0.1391 0.0173 -0.0442 0.0030 0.0073 0.0024 1.0000
1341847982.2306 -0.1446 0.0129 -0.0436 0.0006 0.0098 0.0027 0.9999
1341847982.2627 -0.1433 0.0086 -0.0413 0.0010 0.0112 0.0019 0.9999
1341847982.2950 -0.1497 0.0073 -0.0442 0.0011 0.0144 0.0008 0.9999
1341847982.3307 -0.1627 0.0045 -0.0412 0.0025 0.0179 0.0029 0.9998
1341847982.3989 -0.1723 0.0053 -0.0442 0.0078 0.0153 0.0085 0.9998
1341847982.4308 -0.1663 0.0070 -0.0466 0.0092 0.0139 0.0098 0.9998
1341847982.4626 -0.1675 0.0086 -0.0470 0.0102 0.0167 0.0105 0.9998
1341847982.4986 -0.1669 0.0106 -0.0484 0.0103 0.0191 0.0104 0.9997
1341847982.5308 -0.1779 0.0083 -0.0454 0.0085 0.0223 0.0108 0.9997
1341847982.5667 -0.1769 0.0108 -0.0473 0.0075 0.0231 0.0121 0.9996
1341847982.5987 -0.1820 0.0101 -0.0448 0.0048 0.0260 0.0137 0.9996
1341847982.6307 -0.1861 0.0061 -0.0440 0.0032 0.0287 0.0136 0.9995
1341847982.6666 -0.1915 0.0077 -0.0434 0.0024 0.0315 0.0143 0.9994
1341847982.6986 -0.1966 0.0060 -0.0429 0.0007 0.0348 0.0147 0.9993
1341847982.7307 -0.2051 0.0036 -0.0412 -0.0007 0.0392 0.0145 0.9991
1341847982.7667 -0.2168 0.0008 -0.0385 -0.0007 0.0427 0.0157 0.9990
1341847982.7987 -0.2237 0.0013 -0.0395 -0.0005 0.0445 0.0172 0.9989
1341847982.8347 -0.2374 -0.0042 -0.0362 -0.0003 0.0472 0.0174 0.9987
1341847982.8667 -0.2509 -0.0064 -0.0356 0.0020 0.0488 0.0187 0.9986
1341847982.8987 -0.2609 -0.0013 -0.0397 0.0046 0.0482 0.0202 0.9986
1341847982.9348 -0.2715 0.0050 -0.0395 0.0048 0.0465 0.0223 0.9987
1341847982.9667 -0.2771 0.0025 -0.0384 0.0031 0.0446 0.0229 0.9987
1341847982.9988 -0.2792 0.0018 -0.0402 0.0019 0.0448 0.0219 0.9988
1341847983.0347 -0.2954 0.0024 -0.0374 0.0006 0.0477 0.0215 0.9986
1341847983.0667 -0.3061 0.0023 -0.0374 -0.0006 0.0478 0.0223 0.9986
1341847983.1028 -0.3185 0.0003 -0.0364 -0.0020 0.0483 0.0235 0.9986
1341847983.1347 -0.3322 -0.0053 -0.0333 -0.0023 0.0490 0.0246 0.9985
1341847983.1667 -0.3466 -0.0057 -0.0352 -0.0011 0.0488 0.0254 0.9985
1341847983.2027 -0.3518 -0.0026 -0.0380 -0.0005 0.0466 0.0266 0.9986
1341847983.2347 -0.3578 -0.0011 -0.0403 -0.0010 0.0456 0.0275 0.9986
1341847983.2668 -0.3619 0.0012 -0.0423 -0.0028 0.0456 0.0269 0.9986
1341847983.3027 -0.3702 -0.0022 -0.0414 -0.0060 0.0475 0.0261 0.9985
1341847983.3347 -0.3808 -0.0049 -0.0399 -0.0076 0.0504 0.0255 0.9984
1341847983.3709 -0.3936 -0.0112 -0.0375 -0.0086 0.0539 0.0248 0.9982
1341847983.4027 -0.4060 -0.0121 -0.0386 -0.0076 0.0550 0.0258 0.9981
1341847983.4347 -0.4154 -0.0096 -0.0415 -0.0084 0.0535 0.0284 0.9981
1341847983.4707 -0.4227 -0.0137 -0.0387 -0.0094 0.0529 0.0284 0.9982
1341847983.5028 -0.4271 -0.0158 -0.0421 -0.0081 0.0548 0.0256 0.9981
1341847983.5348 -0.4393 -0.0133 -0.0453 -0.0073 0.0594 0.0241 0.9979
1341847983.5707 -0.4479 -0.0117 -0.0455 -0.0076 0.0611 0.0243 0.9978
1341847983.6027 -0.4679 -0.0188 -0.0452 -0.0077 0.0635 0.0247 0.9976
1341847983.6387 -0.4767 -0.0186 -0.0498 -0.0063 0.0642 0.0251 0.9976
1341847983.7029 -0.5052 -0.0230 -0.0569 -0.0022 0.0673 0.0266 0.9974
1341847983.7387 -0.5194 -0.0205 -0.0602 -0.0008 0.0670 0.0287 0.9973
1341847983.7707 -0.5222 -0.0210 -0.0690 0.0002 0.0644 0.0306 0.9975
1341847983.8067 -0.5419 -0.0268 -0.0653 0.0007 0.0677 0.0298 0.9973
1341847983.8387 -0.5633 -0.0246 -0.0654 0.0047 0.0702 0.0298 0.9971
1341847983.8707 -0.5749 -0.0165 -0.0741 0.0072 0.0685 0.0323 0.9971
1341847983.9067 -0.5915 -0.0186 -0.0733 0.0071 0.0668 0.0354 0.9971
1341847983.9388 -0.5968 -0.0150 -0.0810 0.0076 0.0643 0.0364 0.9972
1341847983.9708 -0.6053 -0.0127 -0.0830 0.0063 0.0653 0.0355 0.9972
1341847984.0067 -0.6222 -0.0106 -0.0813 0.0056 0.0684 0.0344 0.9971
1341847984.0387 -0.6309 -0.0093 -0.0854 0.0041 0.0699 0.0343 0.9970
1341847984.0747 -0.6414 -0.0012 -0.0906 0.0027 0.0720 0.0329 0.9969
1341847984.1068 -0.6599 0.0001 -0.0847 -0.0014 0.0757 0.0321 0.9966
1341847984.1387 -0.6803 -0.0032 -0.0768 -0.0030 0.0788 0.0309 0.9964
1341847984.1748 -0.6849 0.0055 -0.0860 -0.0040 0.0780 0.0293 0.9965
1341847984.2067 -0.7031 0.0024 -0.0783 -0.0094 0.0806 0.0275 0.9963
1341847984.2387 -0.7276 0.0035 -0.0704 -0.0102 0.0818 0.0281 0.9962
1341847984.2748 -0.7328 0.0033 -0.0710 -0.0127 0.0794 0.0287 0.9964
1341847984.3067 -0.7433 0.0049 -0.0661 -0.0151 0.0795 0.0286 0.9963
1341847984.3431 -0.7580 0.0043 -0.0589 -0.0170 0.0799 0.0291 0.9962
1341847984.4067 -0.7779 0.0072 -0.0475 -0.0205 0.0762 0.0322 0.9964
1341847984.4429 -0.7890 0.0033 -0.0369 -0.0226 0.0764 0.0333 0.9963
1341847984.4746 -0.7994 0.0024 -0.0300 -0.0223 0.0769 0.0329 0.9962
1341847984.5067 -0.8081 0.0009 -0.0218 -0.0233 0.0775 0.0321 0.9962
1341847984.5427 -0.8147 -0.0001 -0.0155 -0.0234 0.0790 0.0328 0.9961
1341847984.5748 -0.8249 -0.0005 -0.0055 -0.0250 0.0822 0.0332 0.9957
1341847984.6108 -0.8415 -0.0072 0.0135 -0.0246 0.0841 0.0326 0.9956
1341847984.6427 -0.8516 -0.0074 0.0231 -0.0213 0.0830 0.0340 0.9957
1341847984.6748 -0.8571 -0.0101 0.0301 -0.0208 0.0823 0.0351 0.9958
1341847984.7107 -0.8692 -0.0170 0.0479 -0.0198 0.0828 0.0353 0.9957
1341847984.7434 -0.8773 -0.0163 0.0589 -0.0161 0.0821 0.0349 0.9959
1341847984.7789 -0.8831 -0.0188 0.0669 -0.0152 0.0822 0.0358 0.9959
1341847984.8106 -0.8929 -0.0234 0.0848 -0.0144 0.0833 0.0378 0.9957
1341847984.8427 -0.9021 -0.0300 0.1011 -0.0116 0.0841 0.0393 0.9956
1341847984.8788 -0.9082 -0.0318 0.1086 -0.0092 0.0843 0.0409 0.9956
1341847984.9106 -0.9153 -0.0345 0.1159 -0.0090 0.0840 0.0435 0.9955
1341847984.9431 -0.9231 -0.0394 0.1286 -0.0102 0.0825 0.0472 0.9954
1341847984.9792 -0.9273 -0.0430 0.1405 -0.0110 0.0803 0.0501 0.9955
1341847985.0106 -0.9288 -0.0455 0.1505 -0.0129 0.0798 0.0511 0.9954
1341847985.0466 -0.9320 -0.0514 0.1631 -0.0157 0.0827 0.0519 0.9951
1341847985.0787 -0.9392 -0.0557 0.1773 -0.0162 0.0868 0.0515 0.9948
1341847985.1108 -0.9427 -0.0602 0.1873 -0.0174 0.0894 0.0529 0.9944
1341847985.1468 -0.9488 -0.0661 0.2000 -0.0181 0.0926 0.0546 0.9940
1341847985.1787 -0.9535 -0.0719 0.2130 -0.0182 0.0960 0.0557 0.9936
1341847985.2108 -0.9586 -0.0795 0.2248 -0.0174 0.0987 0.0559 0.9934
1341847985.2467 -0.9603 -0.0829 0.2298 -0.0164 0.1009 0.0566 0.9931
1341847985.2789 -0.9656 -0.0927 0.2416 -0.0177 0.1046 0.0567 0.9927
1341847985.3146 -0.9705 -0.0987 0.2547 -0.0158 0.1079 0.0565 0.9924
1341847985.3468 -0.9748 -0.1013 0.2590 -0.0145 0.1096 0.0568 0.9922
1341847985.3788 -0.9784 -0.1047 0.2672 -0.0154 0.1107 0.0571 0.9921
1341847985.4146 -0.9803 -0.1090 0.2813 -0.0156 0.1131 0.0576 0.9918
1341847985.4469 -0.9865 -0.1129 0.2936 -0.0143 0.1160 0.0577 0.9915
1341847985.4787 -0.9906 -0.1166 0.3017 -0.0138 0.1174 0.0589 0.9912
1341847985.5147 -0.9943 -0.1203 0.3123 -0.0142 0.1190 0.0596 0.9910
1341847985.5468 -0.9988 -0.1251 0.3254 -0.0147 0.1220 0.0606 0.9906
1341847985.5826 -1.0048 -0.1303 0.3407 -0.0137 0.1255 0.0616 0.9901
1341847985.6148 -1.0129 -0.1322 0.3529 -0.0112 0.1283 0.0632 0.9897
1341847985.6471 -1.0189 -0.1391 0.3673 -0.0097 0.1309 0.0651 0.9892
1341847985.6828 -1.0258 -0.1424 0.3784 -0.0068 0.1336 0.0675 0.9887
1341847985.7147 -1.0330 -0.1466 0.3924 -0.0028 0.1354 0.0708 0.9882
1341847985.7470 -1.0383 -0.1502 0.4010 0.0011 0.1364 0.0735 0.9879
1341847985.7828 -1.0454 -0.1547 0.4149 0.0046 0.1394 0.0756 0.9873
1341847985.8147 -1.0535 -0.1612 0.4299 0.0115 0.1424 0.0787 0.9866
1341847985.8507 -1.0579 -0.1633 0.4314 0.0184 0.1429 0.0815 0.9862
1341847985.8828 -1.0602 -0.1697 0.4307 0.0173 0.1425 0.0846 0.9860
1341847985.9150 -1.0653 -0.1770 0.4430 0.0146 0.1452 0.0875 0.9854
1341847985.9508 -1.0701 -0.1829 0.4554 0.0143 0.1502 0.0873 0.9847
1341847985.9827 -1.0765 -0.1885 0.4654 0.0149 0.1553 0.0870 0.9839
1341847986.0188 -1.0814 -0.1932 0.4738 0.0156 0.1578 0.0888 0.9833
1341847986.0520 -1.0857 -0.1982 0.4831 0.0151 0.1591 0.0921 0.9828
1341847986.0826 -1.0909 -0.2062 0.4939 0.0146 0.1608 0.0935 0.9824
1341847986.1187 -1.0925 -0.2108 0.4991 0.0138 0.1629 0.0934 0.9821
1341847986.1506 -1.0960 -0.2147 0.5085 0.0118 0.1672 0.0942 0.9813
1341847986.1826 -1.1017 -0.2203 0.5262 0.0113 0.1722 0.0949 0.9804
1341847986.2187 -1.1051 -0.2272 0.5362 0.0130 0.1752 0.0955 0.9798
1341847986.2506 -1.1071 -0.2299 0.5443 0.0150 0.1773 0.0976 0.9792
1341847986.2867 -1.1109 -0.2412 0.5567 0.0152 0.1809 0.0989 0.9784
1341847986.3262 -1.1147 -0.2485 0.5682 0.0174 0.1847 0.1001 0.9775
1341847986.3592 -1.1161 -0.2533 0.5767 0.0200 0.1875 0.1024 0.9767
1341847986.3945 -1.1180 -0.2564 0.5861 0.0208 0.1900 0.1043 0.9760
1341847986.4259 -1.1208 -0.2631 0.5980 0.0204 0.1931 0.1058 0.9752
1341847986.4577 -1.1217 -0.2672 0.6082 0.0200 0.1963 0.1068 0.9745
1341847986.4937 -1.1252 -0.2734 0.6245 0.0192 0.1998 0.1084 0.9736
1341847986.5258 -1.1274 -0.2803 0.6373 0.0198 0.2020 0.1095 0.9731
1341847986.5617 -1.1284 -0.2846 0.6462 0.0191 0.2037 0.1103 0.9726
1341847986.5937 -1.1313 -0.2931 0.6614 0.0170 0.2076 0.1106 0.9718
1341847986.6257 -1.1344 -0.3026 0.6780 0.0173 0.2118 0.1109 0.9708
1341847986.6619 -1.1356 -0.3031 0.6867 0.0197 0.2133 0.1134 0.9702
1341847986.6937 -1.1389 -0.3081 0.7006 0.0199 0.2146 0.1177 0.9694
1341847986.7259 -1.1410 -0.3131 0.7121 0.0207 0.2149 0.1231 0.9686
1341847986.7626 -1.1416 -0.3163 0.7201 0.0201 0.2146 0.1271 0.9682
1341847986.7938 -1.1418 -0.3216 0.7284 0.0167 0.2161 0.1296 0.9676
1341847986.8298 -1.1448 -0.3303 0.7446 0.0135 0.2200 0.1313 0.9665
1341847986.8867 -1.1500 -0.3349 0.7672 0.0127 0.2217 0.1367 0.9654
1341847986.9227 -1.1514 -0.3416 0.7787 0.0101 0.2221 0.1400 0.9649
1341847986.9547 -1.1526 -0.3494 0.7897 0.0074 0.2237 0.1415 0.9643
1341847986.9906 -1.1553 -0.3554 0.8023 0.0057 0.2267 0.1425 0.9635
1341847987.0229 -1.1562 -0.3567 0.8125 0.0062 0.2283 0.1448 0.9627
1341847987.0546 -1.1593 -0.3597 0.8216 0.0049 0.2294 0.1475 0.9621
1341847987.0912 -1.1599 -0.3660 0.8326 0.0024 0.2304 0.1491 0.9616
1341847987.1232 -1.1607 -0.3747 0.8444 0.0001 0.2339 0.1484 0.9609
1341847987.1907 -1.1645 -0.3799 0.8630 -0.0032 0.2439 0.1463 0.9587
1341847987.2593 -1.1704 -0.3852 0.8871 -0.0048 0.2508 0.1495 0.9564
1341847987.2907 -1.1718 -0.3930 0.8954 -0.0070 0.2554 0.1487 0.9553
1341847987.3228 -1.1751 -0.3972 0.9067 -0.0072 0.2623 0.1472 0.9537
1341847987.3907 -1.1830 -0.4069 0.9299 -0.0035 0.2749 0.1422 0.9509
1341847987.4228 -1.1866 -0.4081 0.9373 -0.0008 0.2808 0.1407 0.9494
1341847987.4586 -1.1931 -0.4052 0.9524 0.0041 0.2874 0.1414 0.9473
1341847987.4908 -1.1986 -0.4033 0.9624 0.0105 0.2908 0.1431 0.9460
1341847987.5268 -1.2028 -0.3966 0.9604 0.0131 0.2916 0.1462 0.9452
1341847987.5587 -1.2076 -0.4090 0.9812 0.0095 0.2981 0.1474 0.9430
1341847987.5908 -1.2135 -0.4046 0.9906 0.0155 0.3028 0.1497 0.9411
1341847987.6269 -1.2193 -0.3980 0.9957 0.0192 0.3046 0.1541 0.9397
1341847987.6589 -1.2241 -0.3997 1.0082 0.0184 0.3072 0.1569 0.9384
1341847987.6916 -1.2302 -0.3977 1.0191 0.0193 0.3093 0.1591 0.9374
1341847987.7267 -1.2357 -0.4010 1.0338 0.0192 0.3105 0.1609 0.9367
1341847987.7587 -1.2396 -0.3999 1.0410 0.0209 0.3105 0.1651 0.9359
1341847987.7947 -1.2453 -0.3986 1.0526 0.0219 0.3111 0.1691 0.9350
1341847987.8267 -1.2510 -0.3994 1.0641 0.0232 0.3112 0.1728 0.9342
1341847987.8659 -1.2555 -0.4030 1.0740 0.0224 0.3108 0.1744 0.9341
1341847987.8978 -1.2616 -0.4042 1.0856 0.0240 0.3115 0.1763 0.9334
1341847987.9337 -1.2672 -0.4082 1.0973 0.0250 0.3110 0.1772 0.9334
1341847987.9658 -1.2716 -0.4152 1.1052 0.0251 0.3115 0.1741 0.9338
1341847987.9978 -1.2776 -0.4152 1.1118 0.0273 0.3122 0.1722 0.9339
1341847988.0338 -1.2817 -0.4228 1.1238 0.0267 0.3144 0.1681 0.9339
1341847988.0657 -1.2874 -0.4230 1.1343 0.0308 0.3157 0.1649 0.9339
1341847988.0982 -1.2918 -0.4267 1.1391 0.0323 0.3163 0.1601 0.9345
1341847988.1338 -1.2955 -0.4290 1.1469 0.0334 0.3189 0.1566 0.9342
1341847988.1658 -1.3025 -0.4220 1.1546 0.0390 0.3202 0.1576 0.9333
1341847988.2017 -1.3075 -0.4172 1.1603 0.0405 0.3181 0.1616 0.9333
1341847988.2338 -1.3085 -0.4257 1.1686 0.0353 0.3176 0.1630 0.9335
1341847988.2657 -1.3097 -0.4313 1.1779 0.0334 0.3197 0.1624 0.9329
1341847988.3018 -1.3141 -0.4255 1.1827 0.0361 0.3208 0.1640 0.9321
1341847988.3337 -1.3172 -0.4235 1.1910 0.0352 0.3209 0.1676 0.9315
1341847988.3697 -1.3178 -0.4282 1.2004 0.0325 0.3218 0.1695 0.9309
1341847988.4017 -1.3224 -0.4233 1.2098 0.0358 0.3225 0.1740 0.9298
1341847988.4340 -1.3240 -0.4272 1.2161 0.0341 0.3217 0.1767 0.9296
1341847988.4697 -1.3252 -0.4333 1.2218 0.0328 0.3240 0.1751 0.9291
1341847988.5025 -1.3304 -0.4278 1.2237 0.0357 0.3263 0.1760 0.9280
1341847988.5378 -1.3363 -0.4207 1.2296 0.0382 0.3267 0.1813 0.9268
1341847988.5697 -1.3399 -0.4225 1.2357 0.0358 0.3257 0.1834 0.9268
1341847988.6018 -1.3430 -0.4255 1.2373 0.0320 0.3261 0.1824 0.9270
1341847988.6378 -1.3466 -0.4269 1.2415 0.0287 0.3287 0.1808 0.9265
1341847988.6698 -1.3512 -0.4268 1.2472 0.0273 0.3308 0.1795 0.9261
1341847988.7062 -1.3563 -0.4278 1.2500 0.0255 0.3322 0.1794 0.9257
1341847988.7379 -1.3612 -0.4284 1.2545 0.0253 0.3338 0.1816 0.9246
1341847988.7697 -1.3664 -0.4292 1.2598 0.0264 0.3343 0.1859 0.9236
1341847988.8061 -1.3723 -0.4336 1.2609 0.0261 0.3346 0.1877 0.9231
1341847988.8379 -1.3795 -0.4351 1.2584 0.0251 0.3355 0.1893 0.9225
1341847988.8739 -1.3848 -0.4397 1.2625 0.0220 0.3386 0.1894 0.9214
1341847988.9378 -1.4007 -0.4409 1.2658 0.0224 0.3426 0.1926 0.9193
1341847988.9987 -1.4163 -0.4462 1.2733 0.0203 0.3453 0.1979 0.9172
1341847989.0347 -1.4266 -0.4481 1.2736 0.0191 0.3452 0.2003 0.9167
1341847989.0667 -1.4330 -0.4571 1.2789 0.0145 0.3469 0.1996 0.9163
1341847989.0988 -1.4411 -0.4628 1.2857 0.0155 0.3485 0.1986 0.9159
1341847989.1347 -1.4516 -0.4652 1.2860 0.0194 0.3478 0.1992 0.9159
1341847989.1667 -1.4612 -0.4708 1.2878 0.0219 0.3476 0.2006 0.9157
1341847989.2027 -1.4729 -0.4731 1.2890 0.0259 0.3459 0.2012 0.9161
1341847989.2347 -1.4835 -0.4780 1.2890 0.0278 0.3431 0.2013 0.9170
1341847989.2667 -1.4937 -0.4851 1.2893 0.0274 0.3418 0.1992 0.9180
1341847989.3028 -1.5048 -0.4889 1.2897 0.0269 0.3403 0.1951 0.9195
1341847989.3349 -1.5159 -0.4934 1.2901 0.0252 0.3391 0.1913 0.9208
1341847989.3667 -1.5245 -0.5006 1.2905 0.0206 0.3387 0.1854 0.9222
1341847989.4028 -1.5323 -0.5063 1.2931 0.0175 0.3403 0.1800 0.9228
1341847989.4348 -1.5416 -0.5084 1.2959 0.0195 0.3409 0.1766 0.9232
1341847989.4707 -1.5535 -0.5116 1.2904 0.0187 0.3403 0.1743 0.9238
1341847989.5026 -1.5606 -0.5163 1.2921 0.0161 0.3413 0.1744 0.9235
1341847989.5347 -1.5685 -0.5191 1.2964 0.0175 0.3414 0.1761 0.9231
1341847989.5707 -1.5770 -0.5240 1.2918 0.0162 0.3403 0.1758 0.9236
1341847989.6028 -1.5815 -0.5328 1.2962 0.0122 0.3431 0.1743 0.9229
1341847989.6347 -1.5892 -0.5363 1.2968 0.0135 0.3467 0.1714 0.9221
1341847989.6706 -1.6008 -0.5345 1.2932 0.0150 0.3492 0.1711 0.9212
1341847989.7026 -1.6079 -0.5382 1.2964 0.0131 0.3507 0.1716 0.9205
1341847989.7389 -1.6160 -0.5419 1.2969 0.0122 0.3530 0.1702 0.9199
1341847989.7707 -1.6261 -0.5417 1.2964 0.0117 0.3552 0.1703 0.9191
1341847989.8029 -1.6346 -0.5431 1.2985 0.0106 0.3567 0.1709 0.9184
1341847989.8388 -1.6438 -0.5462 1.3000 0.0098 0.3581 0.1718 0.9177
1341847989.8710 -1.6525 -0.5515 1.3028 0.0091 0.3608 0.1700 0.9170
1341847989.9027 -1.6663 -0.5493 1.3015 0.0127 0.3629 0.1709 0.9159
1341847989.9389 -1.6800 -0.5489 1.3027 0.0152 0.3624 0.1751 0.9153
1341847989.9707 -1.6897 -0.5552 1.3041 0.0150 0.3614 0.1762 0.9155
1341847990.0069 -1.7024 -0.5601 1.3012 0.0140 0.3627 0.1750 0.9152
1341847990.0390 -1.7137 -0.5610 1.3034 0.0146 0.3649 0.1750 0.9143
1341847990.0707 -1.7267 -0.5629 1.3052 0.0157 0.3654 0.1743 0.9143
1341847990.1067 -1.7395 -0.5658 1.3029 0.0156 0.3655 0.1742 0.9142
1341847990.1392 -1.7503 -0.5685 1.3050 0.0160 0.3666 0.1751 0.9136
1341847990.1711 -1.7627 -0.5689 1.3069 0.0195 0.3659 0.1766 0.9135
1341847990.2070 -1.7763 -0.5703 1.3050 0.0220 0.3637 0.1778 0.9141
1341847990.2389 -1.7885 -0.5737 1.3032 0.0213 0.3627 0.1789 0.9143
1341847990.2747 -1.7977 -0.5773 1.3079 0.0222 0.3626 0.1797 0.9142
1341847990.3067 -1.8121 -0.5787 1.3049 0.0232 0.3615 0.1789 0.9147
1341847990.3391 -1.8226 -0.5808 1.3058 0.0216 0.3616 0.1788 0.9148
1341847990.3747 -1.8327 -0.5820 1.3096 0.0222 0.3618 0.1789 0.9147
1341847990.4068 -1.8468 -0.5816 1.3075 0.0226 0.3607 0.1790 0.9151
1341847990.4426 -1.8565 -0.5833 1.3087 0.0199 0.3604 0.1812 0.9148
1341847990.4746 -1.8628 -0.5869 1.3145 0.0191 0.3604 0.1813 0.9148
1341847990.5068 -1.8746 -0.5868 1.3120 0.0190 0.3605 0.1809 0.9149
1341847990.5428 -1.8839 -0.5863 1.3137 0.0180 0.3613 0.1841 0.9139
1341847990.5747 -1.8904 -0.5872 1.3183 0.0187 0.3612 0.1874 0.9133
1341847990.6428 -1.9075 -0.5920 1.3191 0.0159 0.3635 0.1881 0.9123
1341847990.6748 -1.9159 -0.5918 1.3218 0.0162 0.3654 0.1909 0.9109
1341847990.7108 -1.9253 -0.5923 1.3240 0.0182 0.3654 0.1945 0.9101
1341847990.7427 -1.9362 -0.5923 1.3220 0.0184 0.3649 0.1987 0.9094
1341847990.7747 -1.9387 -0.5969 1.3293 0.0169 0.3659 0.2014 0.9084
1341847990.8108 -1.9466 -0.5991 1.3307 0.0186 0.3680 0.2018 0.9075
1341847990.8427 -1.9568 -0.5998 1.3310 0.0190 0.3696 0.2037 0.9064
1341847990.8747 -1.9621 -0.6029 1.3351 0.0175 0.3713 0.2047 0.9055
1341847990.9108 -1.9682 -0.6053 1.3385 0.0175 0.3734 0.2050 0.9046
1341847990.9427 -1.9757 -0.6079 1.3400 0.0159 0.3758 0.2048 0.9036
1341847990.9788 -1.9801 -0.6109 1.3451 0.0146 0.3786 0.2052 0.9024
1341847991.0108 -1.9857 -0.6138 1.3497 0.0156 0.3806 0.2052 0.9016
1341847991.0428 -1.9934 -0.6162 1.3511 0.0161 0.3824 0.2060 0.9006
1341847991.0787 -1.9985 -0.6202 1.3565 0.0163 0.3845 0.2081 0.8992
1341847991.1113 -2.0053 -0.6236 1.3601 0.0181 0.3859 0.2102 0.8981
1341847991.1428 -2.0112 -0.6277 1.3639 0.0179 0.3874 0.2108 0.8973
1341847991.1788 -2.0173 -0.6313 1.3700 0.0178 0.3900 0.2117 0.8960
1341847991.2107 -2.0237 -0.6357 1.3778 0.0192 0.3925 0.2122 0.8947
1341847991.2468 -2.0333 -0.6379 1.3818 0.0201 0.3941 0.2116 0.8941
1341847991.2787 -2.0388 -0.6424 1.3894 0.0198 0.3967 0.2123 0.8928
1341847991.3108 -2.0479 -0.6440 1.3959 0.0233 0.3988 0.2145 0.8913
1341847991.3467 -2.0617 -0.6438 1.4000 0.0277 0.3973 0.2195 0.8906
1341847991.3788 -2.0703 -0.6471 1.4035 0.0276 0.3949 0.2257 0.8901
1341847991.4147 -2.0727 -0.6541 1.4114 0.0240 0.3955 0.2292 0.8891
1341847991.4467 -2.0781 -0.6583 1.4186 0.0217 0.3980 0.2297 0.8879
1341847991.4788 -2.0832 -0.6614 1.4248 0.0197 0.4009 0.2305 0.8864
1341847991.5147 -2.0888 -0.6644 1.4318 0.0190 0.4037 0.2324 0.8847
1341847991.5467 -2.0959 -0.6664 1.4360 0.0200 0.4052 0.2357 0.8831
1341847991.5788 -2.1013 -0.6694 1.4388 0.0204 0.4064 0.2406 0.8812
1341847991.6149 -2.1035 -0.6740 1.4439 0.0206 0.4085 0.2455 0.8789
1341847991.6467 -2.1046 -0.6785 1.4468 0.0215 0.4118 0.2495 0.8762
1341847991.6899 -2.1059 -0.6838 1.4502 0.0216 0.4171 0.2519 0.8730
1341847991.7468 -2.1189 -0.6906 1.4528 0.0232 0.4245 0.2560 0.8682
1341847991.7827 -2.1209 -0.6955 1.4558 0.0220 0.4270 0.2590 0.8661
1341847991.8147 -2.1199 -0.7028 1.4613 0.0201 0.4308 0.2598 0.8640
1341847991.8467 -2.1230 -0.7089 1.4645 0.0200 0.4355 0.2581 0.8621
1341847991.8828 -2.1317 -0.7101 1.4654 0.0208 0.4393 0.2586 0.8600
1341847991.9158 -2.1356 -0.7145 1.4699 0.0213 0.4410 0.2611 0.8584
1341847991.9508 -2.1390 -0.7221 1.4767 0.0207 0.4434 0.2614 0.8571
1341847991.9828 -2.1415 -0.7276 1.4808 0.0192 0.4464 0.2598 0.8561
1341847992.0147 -2.1465 -0.7317 1.4854 0.0186 0.4504 0.2590 0.8542
1341847992.0506 -2.1567 -0.7344 1.4893 0.0187 0.4531 0.2587 0.8529
1341847992.0828 -2.1601 -0.7398 1.4969 0.0173 0.4545 0.2590 0.8521
1341847992.1148 -2.1658 -0.7447 1.5016 0.0166 0.4567 0.2585 0.8511
1341847992.1508 -2.1723 -0.7486 1.5078 0.0169 0.4594 0.2589 0.8495
1341847992.1828 -2.1817 -0.7518 1.5135 0.0176 0.4610 0.2596 0.8484
1341847992.2187 -2.1859 -0.7571 1.5212 0.0175 0.4625 0.2609 0.8472
1341847992.2507 -2.1924 -0.7627 1.5270 0.0170 0.4658 0.2608 0.8454
1341847992.3187 -2.2087 -0.7706 1.5395 0.0183 0.4729 0.2624 0.8410
1341847992.3507 -2.2192 -0.7733 1.5437 0.0194 0.4752 0.2640 0.8391
1341847992.3829 -2.2267 -0.7777 1.5503 0.0199 0.4775 0.2667 0.8370
1341847992.4189 -2.2338 -0.7830 1.5564 0.0215 0.4800 0.2698 0.8345
1341847992.4508 -2.2449 -0.7862 1.5596 0.0227 0.4821 0.2720 0.8325
1341847992.4867 -2.2542 -0.7909 1.5653 0.0234 0.4840 0.2755 0.8303
1341847992.5187 -2.2611 -0.7987 1.5742 0.0234 0.4862 0.2773 0.8283
1341847992.5506 -2.2721 -0.8023 1.5788 0.0242 0.4879 0.2778 0.8271
1341847992.5867 -2.2839 -0.8068 1.5851 0.0234 0.4896 0.2789 0.8258
1341847992.6188 -2.2923 -0.8112 1.5922 0.0226 0.4910 0.2802 0.8246
1341847992.6547 -2.3021 -0.8158 1.6000 0.0220 0.4923 0.2819 0.8232
1341847992.6868 -2.3077 -0.8215 1.6081 0.0211 0.4933 0.2827 0.8224
1341847992.7187 -2.3141 -0.8258 1.6150 0.0214 0.4953 0.2822 0.8214
1341847992.7548 -2.3266 -0.8283 1.6210 0.0229 0.4970 0.2832 0.8199
1341847992.7866 -2.3341 -0.8332 1.6283 0.0229 0.4972 0.2846 0.8193
1341847992.8187 -2.3401 -0.8374 1.6337 0.0217 0.4979 0.2838 0.8192
1341847992.8549 -2.3480 -0.8399 1.6390 0.0199 0.4999 0.2835 0.8181
1341847992.8866 -2.3539 -0.8434 1.6458 0.0180 0.5013 0.2849 0.8168
1341847992.9227 -2.3574 -0.8478 1.6537 0.0173 0.5021 0.2861 0.8159
1341847992.9546 -2.3617 -0.8515 1.6588 0.0164 0.5033 0.2864 0.8151
1341847992.9867 -2.3639 -0.8551 1.6670 0.0167 0.5052 0.2875 0.8135
1341847993.0227 -2.3732 -0.8585 1.6724 0.0175 0.5064 0.2883 0.8125
1341847993.0548 -2.3763 -0.8626 1.6799 0.0165 0.5072 0.2894 0.8116
1341847993.0868 -2.3817 -0.8672 1.6873 0.0150 0.5087 0.2893 0.8107
1341847993.1227 -2.3864 -0.8704 1.6944 0.0130 0.5102 0.2891 0.8099
1341847993.1547 -2.3880 -0.8743 1.7026 0.0110 0.5120 0.2891 0.8088
1341847993.1908 -2.3889 -0.8784 1.7108 0.0107 0.5147 0.2894 0.8070
1341847993.2227 -2.3932 -0.8827 1.7180 0.0132 0.5169 0.2908 0.8050
1341847993.2618 -2.3991 -0.8870 1.7254 0.0163 0.5178 0.2929 0.8036
1341847993.3228 -2.4031 -0.8987 1.7412 0.0197 0.5210 0.2953 0.8006
1341847993.3547 -2.4099 -0.9037 1.7494 0.0202 0.5235 0.2961 0.7987
1341847993.3907 -2.4105 -0.9085 1.7585 0.0196 0.5258 0.2967 0.7970
1341847993.4227 -2.4131 -0.9132 1.7678 0.0189 0.5287 0.2971 0.7949
1341847993.4588 -2.4148 -0.9182 1.7776 0.0197 0.5314 0.2984 0.7926
1341847993.4907 -2.4199 -0.9227 1.7874 0.0216 0.5334 0.3003 0.7904
1341847993.5227 -2.4256 -0.9267 1.7957 0.0234 0.5341 0.3034 0.7888
1341847993.5587 -2.4303 -0.9314 1.8063 0.0239 0.5346 0.3076 0.7868
1341847993.5910 -2.4337 -0.9368 1.8155 0.0231 0.5344 0.3105 0.7858
1341847993.6268 -2.4374 -0.9413 1.8247 0.0217 0.5344 0.3124 0.7851
1341847993.6589 -2.4441 -0.9453 1.8333 0.0189 0.5345 0.3145 0.7842
1341847993.6907 -2.4440 -0.9503 1.8449 0.0145 0.5342 0.3170 0.7835
1341847993.7271 -2.4375 -0.9573 1.8558 0.0106 0.5354 0.3170 0.7827
1341847993.7909 -2.4431 -0.9669 1.8742 0.0071 0.5419 0.3154 0.7790
1341847993.8267 -2.4457 -0.9729 1.8836 0.0069 0.5422 0.3167 0.7783
1341847993.8589 -2.4481 -0.9786 1.8901 0.0055 0.5423 0.3169 0.7781
1341847993.9017 -2.4471 -0.9837 1.8991 0.0028 0.5437 0.3169 0.7771
1341847993.9337 -2.4476 -0.9910 1.9075 0.0032 0.5453 0.3172 0.7759
1341847993.9658 -2.4533 -0.9968 1.9120 0.0019 0.5460 0.3164 0.7758
1341847994.0020 -2.4486 -1.0025 1.9188 -0.0014 0.5487 0.3161 0.7740
1341847994.0340 -2.4460 -1.0106 1.9274 -0.0005 0.5524 0.3156 0.7715
1341847994.0657 -2.4558 -1.0165 1.9304 0.0017 0.5542 0.3153 0.7704
1341847994.1018 -2.4540 -1.0218 1.9381 0.0015 0.5561 0.3163 0.7686
1341847994.1339 -2.4523 -1.0286 1.9457 0.0030 0.5588 0.3159 0.7668
1341847994.1697 -2.4608 -1.0343 1.9488 0.0058 0.5611 0.3155 0.7653
1341847994.2017 -2.4645 -1.0387 1.9543 0.0075 0.5627 0.3176 0.7632
1341847994.2336 -2.4626 -1.0462 1.9627 0.0115 0.5644 0.3202 0.7608
1341847994.2697 -2.4711 -1.0522 1.9674 0.0146 0.5668 0.3193 0.7593
1341847994.3018 -2.4762 -1.0579 1.9734 0.0141 0.5688 0.3198 0.7576
1341847994.3338 -2.4753 -1.0651 1.9825 0.0158 0.5716 0.3204 0.7552
1341847994.3697 -2.4842 -1.0721 1.9899 0.0183 0.5742 0.3195 0.7536
1341847994.4017 -2.4892 -1.0783 1.9980 0.0198 0.5759 0.3202 0.7519
1341847994.4338 -2.4936 -1.0864 2.0076 0.0228 0.5775 0.3220 0.7499
1341847994.4697 -2.5015 -1.0934 2.0175 0.0254 0.5787 0.3227 0.7486
1341847994.5017 -2.5076 -1.0995 2.0275 0.0263 0.5799 0.3241 0.7470
1341847994.5377 -2.5111 -1.1062 2.0371 0.0279 0.5813 0.3256 0.7452
1341847994.5697 -2.5207 -1.1116 2.0461 0.0298 0.5826 0.3270 0.7435
1341847994.6017 -2.5272 -1.1165 2.0554 0.0289 0.5837 0.3294 0.7416
1341847994.6378 -2.5286 -1.1221 2.0662 0.0281 0.5850 0.3316 0.7396
1341847994.6697 -2.5347 -1.1284 2.0763 0.0286 0.5861 0.3327 0.7382
1341847994.7016 -2.5422 -1.1332 2.0846 0.0267 0.5869 0.3342 0.7370
1341847994.7698 -2.5437 -1.1450 2.1038 0.0251 0.5912 0.3359 0.7329
1341847994.8313 -2.5639 -1.1537 2.1205 0.0195 0.5951 0.3411 0.7274
1341847994.8668 -2.5613 -1.1593 2.1316 0.0172 0.5950 0.3448 0.7258
1341847994.8987 -2.5661 -1.1631 2.1385 0.0167 0.5950 0.3467 0.7249
1341847994.9307 -2.5691 -1.1662 2.1452 0.0137 0.5961 0.3471 0.7239
1341847994.9667 -2.5656 -1.1693 2.1534 0.0118 0.5982 0.3484 0.7216
1341847994.9987 -2.5700 -1.1741 2.1610 0.0133 0.6007 0.3497 0.7188
1341847995.0308 -2.5744 -1.1765 2.1671 0.0134 0.6029 0.3524 0.7156
1341847995.0667 -2.5691 -1.1808 2.1751 0.0136 0.6053 0.3547 0.7125
1341847995.0987 -2.5727 -1.1859 2.1807 0.0157 0.6087 0.3552 0.7092
1341847995.1349 -2.5786 -1.1899 2.1869 0.0157 0.6121 0.3560 0.7059
1341847995.1666 -2.5750 -1.1950 2.1948 0.0163 0.6147 0.3575 0.7029
1341847995.1988 -2.5785 -1.1999 2.2004 0.0181 0.6173 0.3572 0.7008
1341847995.2347 -2.5834 -1.2046 2.2072 0.0181 0.6197 0.3575 0.6985
1341847995.2668 -2.5807 -1.2091 2.2156 0.0183 0.6213 0.3587 0.6965
1341847995.2988 -2.5808 -1.2157 2.2205 0.0209 0.6235 0.3597 0.6939
1341847995.3347 -2.5895 -1.2196 2.2261 0.0213 0.6251 0.3598 0.6924
1341847995.3667 -2.5854 -1.2235 2.2338 0.0196 0.6267 0.3609 0.6904
1341847995.4028 -2.5871 -1.2294 2.2411 0.0194 0.6284 0.3606 0.6890
1341847995.4347 -2.5903 -1.2334 2.2496 0.0186 0.6296 0.3607 0.6879
1341847995.4668 -2.5861 -1.2370 2.2570 0.0177 0.6308 0.3612 0.6865
1341847995.5027 -2.5849 -1.2430 2.2668 0.0191 0.6323 0.3616 0.6849
1341847995.5348 -2.5894 -1.2493 2.2756 0.0220 0.6317 0.3634 0.6844
1341847995.5667 -2.5927 -1.2529 2.2824 0.0254 0.6303 0.3680 0.6832
1341847995.6027 -2.5939 -1.2567 2.2918 0.0268 0.6288 0.3726 0.6820
1341847995.6348 -2.5915 -1.2587 2.2983 0.0263 0.6277 0.3755 0.6814
1341847995.6708 -2.5904 -1.2614 2.3056 0.0242 0.6281 0.3775 0.6800
1341847995.7028 -2.5882 -1.2641 2.3123 0.0222 0.6288 0.3807 0.6776
1341847995.7348 -2.5803 -1.2673 2.3212 0.0215 0.6291 0.3834 0.6759
1341847995.7707 -2.5815 -1.2702 2.3266 0.0220 0.6293 0.3843 0.6751
1341847995.8028 -2.5792 -1.2720 2.3325 0.0215 0.6302 0.3858 0.6735
1341847995.8388 -2.5760 -1.2756 2.3388 0.0214 0.6310 0.3862 0.6725
1341847995.8706 -2.5786 -1.2783 2.3428 0.0222 0.6317 0.3859 0.6719
1341847995.9028 -2.5817 -1.2794 2.3480 0.0205 0.6333 0.3856 0.6707
1341847995.9387 -2.5742 -1.2822 2.3515 0.0192 0.6344 0.3869 0.6689
1341847995.9707 -2.5770 -1.2868 2.3547 0.0206 0.6366 0.3871 0.6667
1341847996.0027 -2.5813 -1.2889 2.3589 0.0191 0.6389 0.3866 0.6648
1341847996.0388 -2.5732 -1.2911 2.3600 0.0181 0.6404 0.3877 0.6628
1341847996.0707 -2.5726 -1.2957 2.3633 0.0201 0.6426 0.3874 0.6607
1341847996.1067 -2.5787 -1.2985 2.3664 0.0206 0.6447 0.3864 0.6593
1341847996.1388 -2.5753 -1.3001 2.3667 0.0201 0.6464 0.3868 0.6574
1341847996.1707 -2.5735 -1.3035 2.3690 0.0220 0.6496 0.3865 0.6543
1341847996.2066 -2.5812 -1.3067 2.3746 0.0221 0.6529 0.3839 0.6526
1341847996.2390 -2.5830 -1.3076 2.3765 0.0211 0.6545 0.3842 0.6508
1341847996.2708 -2.5824 -1.3105 2.3806 0.0216 0.6559 0.3863 0.6481
1341847996.3389 -2.5861 -1.3146 2.3878 0.0226 0.6584 0.3878 0.6447
1341847996.3747 -2.5857 -1.3160 2.3903 0.0218 0.6602 0.3887 0.6423
1341847996.4067 -2.5852 -1.3191 2.3938 0.0231 0.6621 0.3901 0.6395
1341847996.4386 -2.5906 -1.3217 2.3977 0.0243 0.6638 0.3912 0.6370
1341847996.4748 -2.5880 -1.3249 2.4029 0.0240 0.6652 0.3928 0.6346
1341847996.5067 -2.5869 -1.3293 2.4059 0.0264 0.6664 0.3939 0.6325
1341847996.5388 -2.5956 -1.3324 2.4125 0.0284 0.6685 0.3934 0.6305
1341847996.5748 -2.5997 -1.3354 2.4202 0.0270 0.6693 0.3946 0.6290
1341847996.6071 -2.5968 -1.3394 2.4260 0.0270 0.6700 0.3963 0.6271
1341847996.6428 -2.6075 -1.3408 2.4345 0.0271 0.6709 0.3971 0.6256
1341847996.6748 -2.6066 -1.3415 2.4408 0.0237 0.6705 0.3994 0.6247
1341847996.7069 -2.6051 -1.3430 2.4436 0.0221 0.6721 0.4007 0.6223
1341847996.7427 -2.6130 -1.3441 2.4540 0.0179 0.6759 0.4001 0.6187
1341847996.7747 -2.6089 -1.3463 2.4606 0.0133 0.6775 0.4019 0.6158
1341847996.8068 -2.6080 -1.3507 2.4670 0.0136 0.6791 0.4047 0.6123
1341847996.8428 -2.6127 -1.3548 2.4748 0.0139 0.6803 0.4066 0.6096
1341847996.8748 -2.6114 -1.3590 2.4834 0.0138 0.6806 0.4087 0.6079
1341847996.9108 -2.6130 -1.3658 2.4900 0.0159 0.6810 0.4097 0.6067
1341847996.9427 -2.6180 -1.3713 2.5001 0.0183 0.6813 0.4111 0.6054
1341847996.9748 -2.6170 -1.3765 2.5077 0.0201 0.6816 0.4114 0.6048
1341847997.0107 -2.6244 -1.3840 2.5186 0.0224 0.6830 0.4106 0.6036
1341847997.0427 -2.6278 -1.3887 2.5283 0.0231 0.6834 0.4104 0.6033
1341847997.0787 -2.6300 -1.3966 2.5377 0.0244 0.6837 0.4107 0.6027
1341847997.1430 -2.6361 -1.4071 2.5596 0.0232 0.6849 0.4084 0.6030
1341847997.1788 -2.6368 -1.4132 2.5683 0.0235 0.6851 0.4071 0.6036
1341847997.2109 -2.6434 -1.4189 2.5794 0.0231 0.6855 0.4057 0.6041
1341847997.2430 -2.6447 -1.4233 2.5885 0.0219 0.6855 0.4058 0.6041
1341847997.2788 -2.6451 -1.4284 2.5973 0.0212 0.6854 0.4067 0.6036
1341847997.3114 -2.6460 -1.4330 2.6053 0.0202 0.6856 0.4068 0.6034
1341847997.3466 -2.6423 -1.4373 2.6097 0.0194 0.6866 0.4070 0.6021
1341847997.3787 -2.6443 -1.4438 2.6179 0.0194 0.6891 0.4062 0.5998
1341847997.4108 -2.6416 -1.4491 2.6248 0.0188 0.6909 0.4064 0.5977
1341847997.4467 -2.6342 -1.4553 2.6303 0.0197 0.6929 0.4056 0.5958
1341847997.4788 -2.6429 -1.4629 2.6370 0.0209 0.6963 0.4037 0.5931
1341847997.5109 -2.6393 -1.4679 2.6446 0.0200 0.6986 0.4042 0.5900
1341847997.5466 -2.6327 -1.4737 2.6517 0.0197 0.7005 0.4042 0.5878
1341847997.5787 -2.6319 -1.4800 2.6595 0.0194 0.7029 0.4026 0.5860
1341847997.6147 -2.6300 -1.4855 2.6668 0.0181 0.7057 0.4013 0.5836
1341847997.6470 -2.6216 -1.4934 2.6743 0.0175 0.7080 0.4008 0.5812
1341847997.6788 -2.6180 -1.5026 2.6842 0.0194 0.7094 0.4000 0.5800
1341847997.7146 -2.6164 -1.5077 2.6931 0.0208 0.7106 0.3985 0.5794
1341847997.7466 -2.6101 -1.5144 2.7008 0.0213 0.7129 0.3973 0.5774
1341847997.7787 -2.6065 -1.5228 2.7124 0.0223 0.7158 0.3955 0.5751
1341847997.8469 -2.6008 -1.5379 2.7323 0.0259 0.7180 0.3959 0.5719
1341847997.8826 -2.5993 -1.5445 2.7436 0.0275 0.7191 0.3980 0.5691
1341847997.9152 -2.5923 -1.5516 2.7523 0.0287 0.7192 0.4006 0.5669
1341847997.9470 -2.5880 -1.5583 2.7625 0.0308 0.7195 0.4030 0.5648
1341847997.9827 -2.5817 -1.5650 2.7715 0.0318 0.7192 0.4052 0.5635
1341847998.0149 -2.5764 -1.5720 2.7798 0.0330 0.7197 0.4061 0.5622
1341847998.0508 -2.5716 -1.5784 2.7898 0.0343 0.7202 0.4069 0.5609
1341847998.0826 -2.5669 -1.5862 2.8017 0.0361 0.7194 0.4085 0.5606
1341847998.1223 -2.5654 -1.5929 2.8111 0.0376 0.7174 0.4104 0.5617
1341847998.1541 -2.5629 -1.5972 2.8201 0.0372 0.7167 0.4114 0.5619
1341847998.1857 -2.5561 -1.6036 2.8289 0.0349 0.7161 0.4111 0.5630
1341847998.2538 -2.5484 -1.6154 2.8452 0.0320 0.7157 0.4105 0.5641
1341847998.3188 -2.5391 -1.6288 2.8614 0.0315 0.7146 0.4089 0.5667
1341847998.3512 -2.5357 -1.6329 2.8724 0.0305 0.7138 0.4091 0.5677
1341847998.3827 -2.5295 -1.6391 2.8810 0.0295 0.7120 0.4092 0.5698
1341847998.4192 -2.5289 -1.6425 2.8913 0.0275 0.7119 0.4071 0.5717
1341847998.4508 -2.5242 -1.6484 2.9029 0.0241 0.7116 0.4063 0.5727
1341847998.4840 -2.5192 -1.6549 2.9118 0.0227 0.7098 0.4069 0.5746
1341847998.5187 -2.5176 -1.6596 2.9240 0.0207 0.7091 0.4060 0.5761
1341847998.5507 -2.5116 -1.6648 2.9331 0.0176 0.7084 0.4054 0.5775
1341847998.5867 -2.5087 -1.6709 2.9442 0.0162 0.7083 0.4051 0.5779
1341847998.6188 -2.5064 -1.6776 2.9565 0.0150 0.7079 0.4049 0.5785
1341847998.6507 -2.5078 -1.6817 2.9680 0.0127 0.7080 0.4044 0.5788
1341847998.6869 -2.5007 -1.6866 2.9783 0.0102 0.7083 0.4055 0.5777
1341847998.7187 -2.4957 -1.6927 2.9890 0.0112 0.7084 0.4062 0.5771
1341847998.7508 -2.4989 -1.6984 3.0028 0.0118 0.7084 0.4062 0.5771
1341847998.7868 -2.4955 -1.7020 3.0122 0.0115 0.7077 0.4079 0.5767
1341847998.8188 -2.4954 -1.7072 3.0231 0.0120 0.7092 0.4080 0.5748
1341847998.8547 -2.4942 -1.7128 3.0368 0.0101 0.7108 0.4074 0.5734
1341847998.8867 -2.4913 -1.7195 3.0475 0.0095 0.7105 0.4089 0.5726
1341847998.9187 -2.4913 -1.7246 3.0614 0.0111 0.7096 0.4121 0.5715
1341847998.9548 -2.4908 -1.7276 3.0739 0.0106 0.7086 0.4148 0.5707
1341847998.9867 -2.4844 -1.7317 3.0831 0.0096 0.7070 0.4173 0.5709
1341847999.0188 -2.4841 -1.7349 3.0920 0.0099 0.7064 0.4187 0.5705
1341847999.0549 -2.4826 -1.7394 3.1053 0.0093 0.7072 0.4201 0.5687
1341847999.0868 -2.4802 -1.7439 3.1155 0.0074 0.7057 0.4221 0.5690
1341847999.1227 -2.4770 -1.7473 3.1229 0.0067 0.7048 0.4239 0.5688
1341847999.1549 -2.4769 -1.7495 3.1312 0.0060 0.7059 0.4246 0.5669
1341847999.1867 -2.4720 -1.7537 3.1391 0.0053 0.7079 0.4257 0.5636
1341847999.2227 -2.4675 -1.7593 3.1448 0.0053 0.7103 0.4250 0.5610
1341847999.2910 -2.4616 -1.7677 3.1559 0.0098 0.7171 0.4246 0.5526
1341847999.3227 -2.4569 -1.7780 3.1680 0.0141 0.7190 0.4272 0.5481
1341847999.3549 -2.4554 -1.7812 3.1742 0.0187 0.7195 0.4285 0.5461
1341847999.3908 -2.4571 -1.7855 3.1834 0.0212 0.7221 0.4285 0.5427
1341847999.4239 -2.4517 -1.7881 3.1868 0.0218 0.7244 0.4290 0.5391
1341847999.4549 -2.4473 -1.7930 3.1923 0.0225 0.7278 0.4282 0.5351
1341847999.4909 -2.4469 -1.7965 3.1969 0.0240 0.7315 0.4279 0.5304
1341847999.5227 -2.4419 -1.8005 3.2015 0.0267 0.7350 0.4316 0.5222
1341847999.5589 -2.4337 -1.8065 3.2091 0.0305 0.7374 0.4350 0.5158
1341847999.5907 -2.4319 -1.8083 3.2166 0.0324 0.7396 0.4356 0.5121
1341847999.6229 -2.4276 -1.8101 3.2216 0.0320 0.7423 0.4365 0.5073
1341847999.6588 -2.4138 -1.8128 3.2232 0.0327 0.7446 0.4386 0.5022
1341847999.6911 -2.4109 -1.8170 3.2324 0.0344 0.7475 0.4383 0.4979
1341847999.7227 -2.4026 -1.8181 3.2377 0.0337 0.7491 0.4396 0.4944
1341847999.7588 -2.3892 -1.8204 3.2372 0.0347 0.7507 0.4412 0.4906
1341847999.7910 -2.3828 -1.8229 3.2441 0.0369 0.7537 0.4409 0.4860
1341847999.8267 -2.3782 -1.8265 3.2504 0.0377 0.7555 0.4419 0.4822
1341847999.8588 -2.3700 -1.8284 3.2537 0.0390 0.7572 0.4455 0.4761
1341847999.8977 -2.3624 -1.8305 3.2600 0.0406 0.7587 0.4499 0.4695
1341847999.9588 -2.3468 -1.8295 3.2679 0.0411 0.7599 0.4585 0.4589
1341847999.9908 -2.3356 -1.8294 3.2710 0.0408 0.7603 0.4636 0.4532
1341848000.0267 -2.3247 -1.8286 3.2727 0.0411 0.7606 0.4671 0.4490
1341848000.0587 -2.3200 -1.8291 3.2783 0.0397 0.7615 0.4695 0.4450
1341848000.0948 -2.3120 -1.8285 3.2792 0.0377 0.7616 0.4738 0.4405
1341848000.1267 -2.3041 -1.8277 3.2810 0.0358 0.7628 0.4769 0.4353
1341848000.1586 -2.2965 -1.8268 3.2848 0.0324 0.7640 0.4795 0.4304
1341848000.1948 -2.2853 -1.8269 3.2841 0.0300 0.7641 0.4832 0.4263
1341848000.2271 -2.2790 -1.8267 3.2857 0.0294 0.7645 0.4859 0.4227
1341848000.2670 -2.2705 -1.8248 3.2861 0.0278 0.7644 0.4886 0.4196
1341848000.3271 -2.2571 -1.8247 3.2902 0.0265 0.7655 0.4932 0.4124
1341848000.3627 -2.2478 -1.8238 3.2922 0.0253 0.7647 0.4961 0.4105
1341848000.3947 -2.2390 -1.8207 3.2917 0.0253 0.7648 0.4978 0.4081
1341848000.4268 -2.2332 -1.8214 3.2947 0.0252 0.7656 0.4991 0.4052
1341848000.4627 -2.2254 -1.8190 3.2967 0.0241 0.7657 0.5005 0.4034
1341848000.4947 -2.2151 -1.8152 3.2943 0.0230 0.7665 0.5010 0.4011
1341848000.5308 -2.2064 -1.8166 3.2958 0.0229 0.7679 0.5012 0.3982
1341848000.5628 -2.1978 -1.8168 3.2959 0.0234 0.7683 0.5015 0.3970
1341848000.5948 -2.1885 -1.8141 3.2955 0.0242 0.7702 0.5013 0.3936
1341848000.6306 -2.1797 -1.8151 3.2962 0.0245 0.7721 0.5009 0.3905
1341848000.6627 -2.1703 -1.8152 3.2950 0.0252 0.7739 0.5002 0.3875
1341848000.6954 -2.1625 -1.8166 3.2987 0.0259 0.7768 0.4994 0.3828
1341848000.7308 -2.1525 -1.8178 3.3010 0.0265 0.7788 0.4994 0.3786
1341848000.7627 -2.1429 -1.8187 3.3018 0.0283 0.7805 0.4995 0.3748
1341848000.7987 -2.1337 -1.8218 3.3030 0.0310 0.7820 0.5001 0.3708
1341848000.8307 -2.1233 -1.8217 3.3042 0.0334 0.7832 0.5001 0.3679
1341848000.8628 -2.1142 -1.8250 3.3063 0.0345 0.7856 0.4991 0.3639
1341848000.8987 -2.1062 -1.8284 3.3092 0.0358 0.7872 0.4996 0.3597
1341848000.9307 -2.0964 -1.8305 3.3118 0.0380 0.7875 0.5009 0.3571
1341848000.9632 -2.0856 -1.8312 3.3135 0.0386 0.7882 0.5014 0.3549
1341848000.9988 -2.0747 -1.8322 3.3158 0.0383 0.7894 0.5009 0.3530
1341848001.0307 -2.0648 -1.8346 3.3187 0.0396 0.7903 0.5014 0.3501
1341848001.0670 -2.0539 -1.8368 3.3224 0.0413 0.7907 0.5024 0.3473
1341848001.0988 -2.0433 -1.8368 3.3235 0.0431 0.7908 0.5037 0.3452
1341848001.1307 -2.0319 -1.8359 3.3252 0.0443 0.7918 0.5041 0.3422
1341848001.2060 -2.0122 -1.8361 3.3317 0.0423 0.7946 0.5030 0.3374
1341848001.2668 -1.9917 -1.8324 3.3362 0.0355 0.7982 0.5010 0.3325
1341848001.2991 -1.9818 -1.8311 3.3389 0.0338 0.8002 0.5005 0.3285
1341848001.3348 -1.9715 -1.8295 3.3409 0.0322 0.8024 0.5007 0.3232
1341848001.3667 -1.9618 -1.8271 3.3430 0.0287 0.8049 0.4998 0.3186
1341848001.3993 -1.9530 -1.8242 3.3418 0.0263 0.8065 0.4999 0.3145
1341848001.4347 -1.9437 -1.8214 3.3408 0.0263 0.8084 0.5006 0.3084
1341848001.4667 -1.9358 -1.8212 3.3413 0.0241 0.8103 0.5013 0.3024
1341848001.5027 -1.9263 -1.8165 3.3422 0.0205 0.8123 0.5018 0.2964
1341848001.5349 -1.9143 -1.8106 3.3397 0.0191 0.8148 0.5016 0.2901
1341848001.5670 -1.9071 -1.8103 3.3381 0.0185 0.8182 0.5003 0.2828
1341848001.6029 -1.9025 -1.8101 3.3389 0.0161 0.8205 0.5009 0.2750
1341848001.6347 -1.8915 -1.8022 3.3358 0.0156 0.8224 0.5014 0.2683
1341848001.6666 -1.8823 -1.8006 3.3330 0.0161 0.8247 0.5004 0.2630
1341848001.7349 -1.8658 -1.7960 3.3301 0.0143 0.8275 0.5007 0.2535
1341848001.7707 -1.8541 -1.7929 3.3265 0.0159 0.8299 0.4994 0.2482
1341848001.8028 -1.8499 -1.7956 3.3264 0.0167 0.8314 0.4992 0.2435
1341848001.8348 -1.8414 -1.7936 3.3249 0.0153 0.8319 0.5014 0.2371
1341848001.8707 -1.8274 -1.7875 3.3205 0.0164 0.8332 0.5019 0.2316
1341848001.9027 -1.8222 -1.7930 3.3207 0.0142 0.8345 0.5014 0.2282
1341848001.9347 -1.8143 -1.7881 3.3195 0.0153 0.8344 0.5041 0.2225
1341848001.9707 -1.8006 -1.7845 3.3147 0.0184 0.8348 0.5052 0.2181
1341848002.0027 -1.7952 -1.7880 3.3125 0.0206 0.8353 0.5060 0.2141
1341848002.0389 -1.7861 -1.7849 3.3104 0.0221 0.8354 0.5077 0.2097
1341848002.0708 -1.7758 -1.7824 3.3052 0.0238 0.8361 0.5084 0.2046
1341848002.1027 -1.7667 -1.7808 3.3058 0.0258 0.8373 0.5080 0.2006
1341848002.1387 -1.7587 -1.7818 3.3007 0.0247 0.8371 0.5089 0.1992
1341848002.1718 -1.7507 -1.7780 3.2983 0.0249 0.8376 0.5099 0.1942
1341848002.2027 -1.7399 -1.7750 3.2978 0.0263 0.8385 0.5104 0.1892
1341848002.2387 -1.7310 -1.7729 3.2950 0.0260 0.8388 0.5108 0.1865
1341848002.2708 -1.7217 -1.7713 3.2939 0.0226 0.8393 0.5116 0.1825
1341848002.3067 -1.7131 -1.7671 3.2942 0.0205 0.8396 0.5124 0.1791
1341848002.3389 -1.7061 -1.7632 3.2926 0.0193 0.8396 0.5138 0.1753
1341848002.3708 -1.6992 -1.7595 3.2913 0.0182 0.8393 0.5161 0.1699
1341848002.4068 -1.6908 -1.7527 3.2906 0.0195 0.8392 0.5173 0.1668
1341848002.4388 -1.6831 -1.7527 3.2878 0.0181 0.8397 0.5173 0.1640
1341848002.4747 -1.6770 -1.7508 3.2892 0.0167 0.8394 0.5190 0.1605
1341848002.5068 -1.6659 -1.7422 3.2857 0.0167 0.8388 0.5208 0.1578
1341848002.5388 -1.6611 -1.7425 3.2844 0.0153 0.8388 0.5218 0.1549
1341848002.5747 -1.6538 -1.7396 3.2862 0.0127 0.8379 0.5241 0.1516
1341848002.6068 -1.6456 -1.7310 3.2841 0.0119 0.8372 0.5256 0.1504
1341848002.6394 -1.6383 -1.7286 3.2837 0.0087 0.8373 0.5259 0.1492
1341848002.6747 -1.6329 -1.7270 3.2862 0.0065 0.8362 0.5280 0.1481
1341848002.7138 -1.6222 -1.7180 3.2868 0.0069 0.8353 0.5298 0.1468
1341848002.7748 -1.6095 -1.7140 3.2887 0.0039 0.8331 0.5337 0.1449
1341848002.8068 -1.6006 -1.7038 3.2871 0.0061 0.8328 0.5345 0.1435
1341848002.8428 -1.5921 -1.7023 3.2891 0.0081 0.8337 0.5331 0.1437
1341848002.8752 -1.5839 -1.6992 3.2895 0.0093 0.8341 0.5321 0.1451
1341848002.9067 -1.5749 -1.6969 3.2899 0.0107 0.8346 0.5312 0.1456
1341848002.9433 -1.5671 -1.6982 3.2934 0.0120 0.8351 0.5291 0.1499
1341848002.9746 -1.5574 -1.6963 3.2931 0.0112 0.8348 0.5282 0.1548
1341848003.0109 -1.5466 -1.6915 3.2899 0.0106 0.8349 0.5276 0.1563
1341848003.0426 -1.5383 -1.6908 3.2907 0.0117 0.8366 0.5245 0.1576
1341848003.0750 -1.5326 -1.6943 3.2944 0.0108 0.8368 0.5232 0.1608
1341848003.1106 -1.5224 -1.6902 3.2939 0.0097 0.8362 0.5237 0.1623
1341848003.1426 -1.5131 -1.6891 3.2922 0.0070 0.8369 0.5224 0.1632
1341848003.2429 -1.4892 -1.6873 3.2964 -0.0009 0.8386 0.5200 0.1624
1341848003.2789 -1.4795 -1.6837 3.2967 -0.0029 0.8387 0.5192 0.1646
1341848003.3107 -1.4711 -1.6809 3.2967 -0.0057 0.8390 0.5183 0.1658
1341848003.3427 -1.4616 -1.6770 3.2972 -0.0079 0.8396 0.5166 0.1678
1341848003.3790 -1.4527 -1.6761 3.2978 -0.0108 0.8405 0.5139 0.1713
1341848003.4108 -1.4451 -1.6770 3.3019 -0.0127 0.8407 0.5120 0.1760
1341848003.4427 -1.4351 -1.6729 3.3020 -0.0124 0.8399 0.5115 0.1809
1341848003.4787 -1.4304 -1.6752 3.3064 -0.0106 0.8394 0.5098 0.1881
1341848003.5107 -1.4229 -1.6722 3.3058 -0.0130 0.8374 0.5089 0.1990
1341848003.5469 -1.4131 -1.6663 3.3050 -0.0132 0.8368 0.5083 0.2029
1341848003.5787 -1.4047 -1.6634 3.3038 -0.0112 0.8361 0.5077 0.2074
1341848003.6179 -1.3968 -1.6617 3.3031 -0.0100 0.8351 0.5063 0.2148
1341848003.6500 -1.3888 -1.6588 3.3033 -0.0097 0.8344 0.5048 0.2211
1341848003.6858 -1.3798 -1.6560 3.3000 -0.0104 0.8339 0.5034 0.2262
1341848003.7179 -1.3736 -1.6544 3.2994 -0.0123 0.8338 0.5005 0.2327
1341848003.7538 -1.3735 -1.6492 3.2991 -0.0127 0.8328 0.4981 0.2413
1341848003.7858 -1.3685 -1.6428 3.2943 -0.0105 0.8312 0.4975 0.2482
1341848003.8179 -1.3684 -1.6369 3.2936 -0.0088 0.8301 0.4948 0.2570
1341848003.8540 -1.3607 -1.6298 3.2892 -0.0097 0.8288 0.4947 0.2613
1341848003.8858 -1.3535 -1.6259 3.2857 -0.0113 0.8285 0.4937 0.2641
1341848003.9217 -1.3453 -1.6242 3.2829 -0.0114 0.8272 0.4931 0.2692
1341848003.9538 -1.3402 -1.6167 3.2815 -0.0106 0.8262 0.4918 0.2746
1341848003.9858 -1.3312 -1.6123 3.2751 -0.0106 0.8246 0.4935 0.2765
1341848004.0216 -1.3224 -1.6077 3.2699 -0.0090 0.8238 0.4923 0.2809
1341848004.0538 -1.3163 -1.6029 3.2710 -0.0097 0.8240 0.4903 0.2837
1341848004.0897 -1.3061 -1.5989 3.2631 -0.0092 0.8217 0.4931 0.2854
1341848004.1217 -1.3005 -1.5919 3.2572 -0.0076 0.8206 0.4914 0.2918
1341848004.1537 -1.2916 -1.5881 3.2554 -0.0075 0.8198 0.4908 0.2950
1341848004.1898 -1.2844 -1.5828 3.2515 -0.0052 0.8181 0.4909 0.2996
1341848004.2218 -1.2774 -1.5768 3.2481 -0.0057 0.8163 0.4905 0.3051
1341848004.2578 -1.2690 -1.5707 3.2444 -0.0076 0.8150 0.4894 0.3102
1341848004.2898 -1.2590 -1.5695 3.2438 -0.0090 0.8139 0.4890 0.3138
1341848004.3218 -1.2505 -1.5658 3.2423 -0.0102 0.8112 0.4888 0.3210
1341848004.3579 -1.2421 -1.5597 3.2413 -0.0112 0.8092 0.4875 0.3278
1341848004.3898 -1.2340 -1.5543 3.2412 -0.0143 0.8074 0.4863 0.3338
1341848004.4219 -1.2241 -1.5504 3.2393 -0.0170 0.8050 0.4861 0.3396
1341848004.4578 -1.2178 -1.5450 3.2401 -0.0189 0.8032 0.4841 0.3467
1341848004.4898 -1.2099 -1.5406 3.2402 -0.0216 0.8008 0.4839 0.3522
1341848004.5257 -1.2020 -1.5375 3.2415 -0.0233 0.7985 0.4843 0.3567
1341848004.5578 -1.1949 -1.5334 3.2413 -0.0231 0.7954 0.4858 0.3617
1341848004.5898 -1.1889 -1.5283 3.2421 -0.0249 0.7928 0.4873 0.3653
1341848004.6258 -1.1814 -1.5233 3.2390 -0.0263 0.7896 0.4887 0.3702
1341848004.6579 -1.1770 -1.5195 3.2432 -0.0282 0.7885 0.4875 0.3740
1341848004.6899 -1.1695 -1.5171 3.2442 -0.0308 0.7854 0.4906 0.3762
1341848004.7258 -1.1633 -1.5121 3.2408 -0.0305 0.7818 0.4925 0.3811
1341848004.7577 -1.1600 -1.5084 3.2428 -0.0323 0.7805 0.4910 0.3856
1341848004.7897 -1.1543 -1.5063 3.2448 -0.0352 0.7785 0.4922 0.3877
1341848004.8258 -1.1482 -1.5043 3.2432 -0.0344 0.7759 0.4940 0.3909
1341848004.8577 -1.1459 -1.5013 3.2465 -0.0349 0.7747 0.4929 0.3946
1341848004.8898 -1.1419 -1.4972 3.2439 -0.0349 0.7720 0.4945 0.3977
1341848004.9258 -1.1372 -1.4977 3.2466 -0.0361 0.7709 0.4945 0.3999
1341848004.9578 -1.1340 -1.4961 3.2470 -0.0358 0.7689 0.4950 0.4032
1341848004.9938 -1.1326 -1.4937 3.2471 -0.0351 0.7667 0.4952 0.4071
1341848005.0257 -1.1297 -1.4918 3.2467 -0.0362 0.7649 0.4951 0.4104
1341848005.0577 -1.1258 -1.4912 3.2469 -0.0378 0.7638 0.4936 0.4143
1341848005.0939 -1.1252 -1.4903 3.2520 -0.0381 0.7641 0.4913 0.4164
1341848005.1257 -1.1200 -1.4910 3.2532 -0.0392 0.7618 0.4928 0.4186
1341848005.1577 -1.1165 -1.4923 3.2533 -0.0370 0.7598 0.4931 0.4222
1341848005.1937 -1.1168 -1.4891 3.2536 -0.0355 0.7581 0.4916 0.4271
1341848005.2257 -1.1145 -1.4871 3.2550 -0.0361 0.7573 0.4904 0.4299
1341848005.2577 -1.1087 -1.4897 3.2569 -0.0378 0.7563 0.4897 0.4321
1341848005.2937 -1.1083 -1.4874 3.2593 -0.0368 0.7551 0.4871 0.4372
1341848005.3259 -1.1052 -1.4855 3.2614 -0.0379 0.7536 0.4870 0.4400
1341848005.3577 -1.0988 -1.4890 3.2631 -0.0389 0.7520 0.4870 0.4426
1341848005.3937 -1.0970 -1.4892 3.2664 -0.0372 0.7506 0.4850 0.4471
1341848005.4257 -1.0973 -1.4849 3.2678 -0.0357 0.7487 0.4845 0.4510
1341848005.4618 -1.0910 -1.4863 3.2681 -0.0373 0.7468 0.4851 0.4534
1341848005.4937 -1.0892 -1.4871 3.2742 -0.0367 0.7461 0.4830 0.4568
1341848005.5258 -1.0864 -1.4850 3.2726 -0.0367 0.7430 0.4843 0.4605
1341848005.5618 -1.0814 -1.4869 3.2733 -0.0376 0.7413 0.4840 0.4635
1341848005.5937 -1.0789 -1.4865 3.2756 -0.0377 0.7401 0.4825 0.4670
1341848005.6298 -1.0755 -1.4874 3.2766 -0.0381 0.7384 0.4819 0.4702
1341848005.6618 -1.0716 -1.4877 3.2789 -0.0387 0.7374 0.4803 0.4733
1341848005.6938 -1.0673 -1.4902 3.2802 -0.0385 0.7359 0.4793 0.4766
1341848005.7297 -1.0658 -1.4905 3.2806 -0.0374 0.7346 0.4772 0.4808
1341848005.7617 -1.0616 -1.4915 3.2824 -0.0380 0.7342 0.4751 0.4834
1341848005.7979 -1.0565 -1.4951 3.2861 -0.0369 0.7336 0.4737 0.4860
1341848005.8299 -1.0560 -1.4942 3.2887 -0.0346 0.7319 0.4718 0.4904
1341848005.8617 -1.0536 -1.4950 3.2888 -0.0346 0.7301 0.4714 0.4935
1341848005.8978 -1.0499 -1.4978 3.2911 -0.0340 0.7295 0.4695 0.4962
1341848005.9297 -1.0480 -1.4983 3.2962 -0.0324 0.7289 0.4669 0.4997
1341848005.9657 -1.0458 -1.4981 3.2969 -0.0326 0.7271 0.4659 0.5032
1341848005.9978 -1.0417 -1.5019 3.2988 -0.0323 0.7264 0.4647 0.5053
1341848006.0298 -1.0374 -1.5047 3.3024 -0.0311 0.7257 0.4612 0.5096
1341848006.0658 -1.0376 -1.5038 3.3075 -0.0304 0.7255 0.4565 0.5141
1341848006.0979 -1.0331 -1.5086 3.3036 -0.0290 0.7238 0.4563 0.5168
1341848006.1337 -1.0322 -1.5117 3.3054 -0.0257 0.7246 0.4520 0.5196
1341848006.1658 -1.0303 -1.5130 3.3095 -0.0216 0.7246 0.4497 0.5218
1341848006.1976 -1.0293 -1.5147 3.3100 -0.0179 0.7232 0.4488 0.5247
1341848006.2338 -1.0243 -1.5158 3.3111 -0.0150 0.7220 0.4461 0.5286
1341848006.2658 -1.0237 -1.5162 3.3130 -0.0124 0.7216 0.4425 0.5323
1341848006.3018 -1.0206 -1.5186 3.3169 -0.0106 0.7209 0.4411 0.5345
1341848006.3337 -1.0168 -1.5206 3.3198 -0.0075 0.7189 0.4399 0.5382
1341848006.3660 -1.0171 -1.5176 3.3214 -0.0067 0.7171 0.4365 0.5433
1341848006.4018 -1.0117 -1.5198 3.3233 -0.0081 0.7164 0.4368 0.5440
1341848006.4337 -1.0073 -1.5236 3.3274 -0.0072 0.7158 0.4360 0.5454
1341848006.4697 -1.0064 -1.5233 3.3305 -0.0062 0.7141 0.4355 0.5480
1341848006.5017 -1.0023 -1.5258 3.3326 -0.0068 0.7128 0.4367 0.5488
1341848006.5337 -0.9972 -1.5291 3.3337 -0.0062 0.7115 0.4365 0.5506
1341848006.5697 -0.9963 -1.5304 3.3391 -0.0059 0.7118 0.4347 0.5517
1341848006.6018 -0.9919 -1.5328 3.3412 -0.0060 0.7109 0.4358 0.5520
1341848006.6378 -0.9881 -1.5391 3.3429 -0.0048 0.7103 0.4359 0.5527
1341848006.6701 -0.9878 -1.5383 3.3494 -0.0043 0.7109 0.4332 0.5539
1341848006.7018 -0.9818 -1.5415 3.3515 -0.0055 0.7106 0.4344 0.5535
1341848006.7378 -0.9779 -1.5473 3.3549 -0.0041 0.7109 0.4344 0.5530
1341848006.7697 -0.9751 -1.5504 3.3596 -0.0022 0.7109 0.4347 0.5528
1341848006.8019 -0.9725 -1.5553 3.3623 -0.0001 0.7109 0.4354 0.5523
1341848006.8376 -0.9691 -1.5591 3.3667 0.0009 0.7115 0.4357 0.5513
1341848006.8707 -0.9656 -1.5652 3.3694 0.0029 0.7120 0.4362 0.5503
1341848006.9018 -0.9639 -1.5687 3.3737 0.0044 0.7132 0.4354 0.5492
1341848006.9377 -0.9611 -1.5743 3.3760 0.0056 0.7146 0.4354 0.5475
1341848006.9697 -0.9601 -1.5790 3.3816 0.0070 0.7172 0.4348 0.5446
1341848007.0058 -0.9575 -1.5853 3.3859 0.0092 0.7187 0.4365 0.5412
1341848007.0378 -0.9568 -1.5899 3.3912 0.0123 0.7203 0.4381 0.5377
1341848007.0697 -0.9561 -1.5935 3.3964 0.0130 0.7220 0.4398 0.5340
1341848007.1057 -0.9528 -1.5987 3.4003 0.0126 0.7238 0.4421 0.5297
1341848007.1379 -0.9519 -1.6060 3.4060 0.0131 0.7259 0.4429 0.5261
1341848007.1697 -0.9520 -1.6098 3.4134 0.0135 0.7278 0.4439 0.5227
1341848007.2057 -0.9500 -1.6151 3.4184 0.0134 0.7289 0.4464 0.5188
1341848007.2379 -0.9493 -1.6235 3.4258 0.0147 0.7304 0.4486 0.5148
1341848007.2989 -0.9463 -1.6332 3.4350 0.0175 0.7302 0.4540 0.5102
1341848007.3314 -0.9459 -1.6391 3.4407 0.0186 0.7320 0.4533 0.5083
1341848007.3667 -0.9439 -1.6452 3.4462 0.0177 0.7338 0.4518 0.5071
1341848007.3987 -0.9431 -1.6525 3.4540 0.0177 0.7355 0.4504 0.5058
1341848007.4348 -0.9407 -1.6611 3.4583 0.0192 0.7359 0.4504 0.5052
1341848007.4667 -0.9425 -1.6644 3.4666 0.0198 0.7376 0.4480 0.5049
1341848007.4988 -0.9406 -1.6685 3.4723 0.0193 0.7384 0.4498 0.5021
1341848007.5348 -0.9355 -1.6802 3.4774 0.0199 0.7385 0.4521 0.4998
1341848007.5667 -0.9358 -1.6831 3.4836 0.0215 0.7389 0.4516 0.4996
1341848007.5987 -0.9333 -1.6839 3.4859 0.0197 0.7401 0.4519 0.4976
1341848007.6348 -0.9285 -1.6952 3.4915 0.0181 0.7426 0.4530 0.4930
1341848007.6667 -0.9288 -1.7011 3.5005 0.0212 0.7438 0.4559 0.4884
1341848007.7028 -0.9253 -1.7041 3.5038 0.0229 0.7431 0.4626 0.4830
1341848007.7346 -0.9144 -1.7133 3.4982 0.0244 0.7427 0.4677 0.4786
1341848007.7669 -0.9157 -1.7177 3.5070 0.0263 0.7472 0.4640 0.4751
1341848007.8029 -0.9139 -1.7213 3.5164 0.0245 0.7497 0.4645 0.4707
1341848007.8350 -0.9070 -1.7291 3.5182 0.0253 0.7500 0.4689 0.4659
1341848007.8667 -0.9050 -1.7305 3.5235 0.0266 0.7521 0.4697 0.4616
1341848007.9028 -0.9033 -1.7307 3.5283 0.0240 0.7546 0.4712 0.4560
1341848007.9349 -0.8930 -1.7435 3.5309 0.0239 0.7561 0.4772 0.4473
1341848007.9707 -0.8889 -1.7535 3.5371 0.0282 0.7565 0.4793 0.4441
1341848008.0027 -0.8884 -1.7527 3.5434 0.0310 0.7578 0.4800 0.4409
1341848008.0348 -0.8825 -1.7555 3.5478 0.0305 0.7592 0.4830 0.4352
1341848008.0708 -0.8769 -1.7638 3.5543 0.0301 0.7605 0.4850 0.4307
1341848008.1032 -0.8725 -1.7645 3.5587 0.0304 0.7612 0.4865 0.4276
1341848008.1388 -0.8665 -1.7682 3.5624 0.0292 0.7630 0.4877 0.4233
1341848008.1711 -0.8606 -1.7743 3.5689 0.0287 0.7649 0.4886 0.4188
1341848008.2027 -0.8552 -1.7789 3.5770 0.0300 0.7662 0.4907 0.4138
1341848008.2387 -0.8505 -1.7809 3.5827 0.0308 0.7664 0.4936 0.4100
1341848008.2707 -0.8444 -1.7841 3.5872 0.0306 0.7666 0.4970 0.4054
1341848008.3027 -0.8380 -1.7883 3.5938 0.0302 0.7675 0.4997 0.4005
1341848008.3388 -0.8314 -1.7930 3.5980 0.0303 0.7676 0.5026 0.3966
1341848008.3707 -0.8253 -1.7947 3.6040 0.0296 0.7685 0.5037 0.3935
1341848008.4389 -0.8133 -1.8073 3.6113 0.0304 0.7700 0.5081 0.3848
1341848008.4708 -0.8086 -1.8110 3.6179 0.0313 0.7709 0.5092 0.3813
1341848008.5069 -0.8038 -1.8147 3.6199 0.0321 0.7714 0.5118 0.3769
1341848008.5388 -0.7975 -1.8237 3.6234 0.0332 0.7725 0.5138 0.3716
1341848008.5707 -0.7934 -1.8295 3.6304 0.0356 0.7732 0.5149 0.3684
1341848008.6067 -0.7889 -1.8322 3.6340 0.0374 0.7733 0.5176 0.3642
1341848008.6387 -0.7825 -1.8388 3.6344 0.0390 0.7736 0.5200 0.3599
1341848008.6746 -0.7784 -1.8437 3.6399 0.0402 0.7748 0.5205 0.3567
1341848008.7068 -0.7725 -1.8457 3.6401 0.0405 0.7757 0.5215 0.3532
1341848008.7387 -0.7683 -1.8527 3.6460 0.0398 0.7781 0.5208 0.3490
1341848008.7751 -0.7634 -1.8568 3.6497 0.0386 0.7789 0.5210 0.3471
1341848008.8069 -0.7579 -1.8607 3.6510 0.0378 0.7801 0.5210 0.3443
1341848008.8388 -0.7540 -1.8659 3.6575 0.0359 0.7820 0.5202 0.3414
1341848008.8746 -0.7492 -1.8702 3.6602 0.0356 0.7824 0.5218 0.3382
1341848008.9067 -0.7441 -1.8731 3.6623 0.0362 0.7829 0.5231 0.3348
1341848008.9431 -0.7401 -1.8742 3.6642 0.0353 0.7842 0.5235 0.3312
1341848008.9747 -0.7334 -1.8809 3.6693 0.0330 0.7859 0.5239 0.3268
1341848009.0068 -0.7276 -1.8864 3.6751 0.0335 0.7865 0.5248 0.3238
1341848009.0427 -0.7242 -1.8866 3.6829 0.0324 0.7874 0.5249 0.3216
1341848009.1108 -0.7124 -1.8910 3.6839 0.0310 0.7882 0.5277 0.3150
1341848009.1427 -0.7092 -1.8900 3.6871 0.0286 0.7906 0.5264 0.3115
1341848009.1747 -0.7043 -1.8904 3.6908 0.0276 0.7935 0.5258 0.3052
1341848009.2107 -0.6996 -1.8876 3.7024 0.0282 0.7965 0.5257 0.2974
1341848009.2429 -0.6959 -1.8872 3.7058 0.0307 0.7957 0.5305 0.2906
1341848009.2747 -0.6922 -1.8826 3.7059 0.0314 0.7958 0.5336 0.2846
1341848009.3109 -0.6894 -1.8810 3.7085 0.0305 0.7975 0.5348 0.2777
1341848009.3429 -0.6810 -1.8864 3.7122 0.0293 0.7978 0.5382 0.2703
1341848009.3787 -0.6771 -1.8850 3.7161 0.0304 0.7982 0.5396 0.2661
1341848009.4429 -0.6644 -1.8873 3.7225 0.0287 0.7987 0.5438 0.2561
1341848009.4790 -0.6595 -1.8878 3.7289 0.0284 0.7995 0.5443 0.2524
1341848009.5106 -0.6528 -1.8871 3.7295 0.0272 0.7985 0.5467 0.2504
1341848009.5428 -0.6457 -1.8872 3.7304 0.0268 0.7992 0.5465 0.2488
1341848009.5788 -0.6405 -1.8864 3.7379 0.0255 0.8005 0.5452 0.2475
1341848009.6110 -0.6325 -1.8862 3.7349 0.0245 0.7993 0.5473 0.2470
1341848009.6469 -0.6237 -1.8880 3.7364 0.0235 0.8004 0.5454 0.2475
1341848009.6787 -0.6174 -1.8862 3.7418 0.0218 0.8022 0.5424 0.2485
1341848009.7108 -0.6065 -1.8875 3.7454 0.0193 0.8031 0.5415 0.2478
1341848009.7468 -0.5941 -1.8900 3.7442 0.0188 0.8034 0.5413 0.2473
1341848009.7788 -0.5875 -1.8873 3.7509 0.0190 0.8054 0.5375 0.2491
1341848009.8107 -0.5791 -1.8867 3.7546 0.0191 0.8058 0.5374 0.2481
1341848009.8468 -0.5690 -1.8888 3.7531 0.0208 0.8044 0.5400 0.2469
1341848009.8787 -0.5640 -1.8829 3.7540 0.0229 0.8045 0.5389 0.2488
1341848009.9148 -0.5574 -1.8790 3.7545 0.0213 0.8043 0.5389 0.2496
1341848009.9470 -0.5470 -1.8812 3.7494 0.0200 0.8034 0.5406 0.2487
1341848009.9789 -0.5351 -1.8832 3.7474 0.0198 0.8035 0.5401 0.2495
1341848010.0148 -0.5303 -1.8752 3.7515 0.0212 0.8048 0.5375 0.2509
1341848010.0468 -0.5225 -1.8717 3.7462 0.0214 0.8039 0.5395 0.2496
1341848010.0826 -0.5132 -1.8688 3.7428 0.0210 0.8038 0.5400 0.2487
1341848010.1147 -0.5075 -1.8628 3.7416 0.0210 0.8041 0.5400 0.2477
1341848010.1468 -0.4977 -1.8588 3.7366 0.0206 0.8028 0.5432 0.2450
1341848010.1827 -0.4877 -1.8539 3.7258 0.0210 0.8017 0.5455 0.2436
1341848010.2147 -0.4816 -1.8475 3.7210 0.0213 0.8026 0.5447 0.2423
1341848010.2468 -0.4723 -1.8443 3.7140 0.0210 0.8025 0.5462 0.2392
1341848010.2827 -0.4643 -1.8398 3.7087 0.0221 0.8028 0.5469 0.2367
1341848010.3148 -0.4574 -1.8345 3.6988 0.0231 0.8018 0.5493 0.2343
1341848010.3511 -0.4502 -1.8303 3.6920 0.0228 0.8021 0.5495 0.2325
1341848010.3828 -0.4430 -1.8280 3.6879 0.0230 0.8027 0.5500 0.2294
1341848010.4147 -0.4378 -1.8219 3.6793 0.0242 0.8016 0.5522 0.2280
1341848010.4509 -0.4334 -1.8173 3.6692 0.0246 0.8010 0.5538 0.2259
1341848010.4831 -0.4289 -1.8126 3.6652 0.0246 0.8022 0.5532 0.2230
1341848010.5148 -0.4228 -1.8103 3.6637 0.0239 0.8027 0.5545 0.2185
1341848010.5506 -0.4177 -1.8063 3.6493 0.0249 0.8005 0.5583 0.2163
1341848010.5829 -0.4156 -1.8005 3.6494 0.0250 0.8033 0.5552 0.2140
1341848010.6187 -0.4105 -1.7988 3.6433 0.0227 0.8025 0.5580 0.2099
1341848010.6510 -0.4028 -1.7998 3.6316 0.0233 0.8014 0.5610 0.2060
1341848010.6826 -0.4036 -1.7934 3.6324 0.0243 0.8035 0.5584 0.2051
1341848010.7188 -0.4007 -1.7927 3.6265 0.0228 0.8031 0.5601 0.2020
1341848010.7509 -0.3975 -1.7916 3.6173 0.0224 0.8023 0.5623 0.1990
1341848010.7827 -0.3957 -1.7900 3.6089 0.0229 0.8029 0.5626 0.1956
1341848010.8188 -0.3923 -1.7902 3.6075 0.0236 0.8053 0.5608 0.1907
1341848010.8508 -0.3901 -1.7890 3.6022 0.0240 0.8056 0.5616 0.1870
1341848010.8867 -0.3863 -1.7880 3.5969 0.0254 0.8063 0.5618 0.1831
1341848010.9188 -0.3864 -1.7860 3.5950 0.0255 0.8076 0.5608 0.1807
1341848010.9508 -0.3845 -1.7820 3.5904 0.0252 0.8083 0.5609 0.1774
1341848010.9868 -0.3812 -1.7812 3.5890 0.0253 0.8094 0.5603 0.1742
1341848011.0187 -0.3779 -1.7800 3.5881 0.0254 0.8097 0.5604 0.1720
1341848011.0510 -0.3769 -1.7775 3.5828 0.0263 0.8093 0.5616 0.1701
1341848011.0867 -0.3739 -1.7777 3.5806 0.0262 0.8099 0.5617 0.1669
1341848011.1187 -0.3725 -1.7768 3.5797 0.0269 0.8103 0.5618 0.1645
1341848011.1546 -0.3687 -1.7765 3.5784 0.0276 0.8105 0.5624 0.1613
1341848011.1867 -0.3680 -1.7752 3.5787 0.0278 0.8107 0.5625 0.1597
1341848011.2191 -0.3691 -1.7720 3.5735 0.0262 0.8098 0.5643 0.1585
1341848011.2547 -0.3641 -1.7714 3.5705 0.0235 0.8108 0.5640 0.1545
1341848011.2866 -0.3621 -1.7710 3.5695 0.0229 0.8116 0.5638 0.1514
1341848011.3227 -0.3606 -1.7691 3.5640 0.0233 0.8115 0.5651 0.1472
1341848011.3547 -0.3553 -1.7690 3.5606 0.0237 0.8126 0.5647 0.1425
1341848011.3867 -0.3567 -1.7690 3.5614 0.0257 0.8135 0.5640 0.1394
1341848011.4227 -0.3529 -1.7644 3.5580 0.0258 0.8134 0.5653 0.1351
1341848011.4547 -0.3504 -1.7644 3.5547 0.0267 0.8143 0.5650 0.1304
1341848011.4868 -0.3487 -1.7621 3.5560 0.0261 0.8154 0.5645 0.1254
1341848011.5229 -0.3447 -1.7592 3.5545 0.0261 0.8152 0.5660 0.1199
1341848011.5547 -0.3417 -1.7566 3.5499 0.0269 0.8149 0.5672 0.1163
1341848011.5909 -0.3435 -1.7550 3.5494 0.0271 0.8154 0.5668 0.1148
1341848011.6227 -0.3401 -1.7512 3.5483 0.0256 0.8154 0.5677 0.1099
1341848011.6549 -0.3361 -1.7489 3.5451 0.0262 0.8152 0.5687 0.1061
1341848011.6908 -0.3374 -1.7467 3.5446 0.0271 0.8149 0.5695 0.1046
1341848011.7226 -0.3387 -1.7433 3.5411 0.0254 0.8141 0.5711 0.1018
1341848011.7548 -0.3357 -1.7392 3.5371 0.0233 0.8134 0.5730 0.0974
1341848011.7908 -0.3359 -1.7346 3.5343 0.0243 0.8130 0.5741 0.0940
1341848011.8227 -0.3356 -1.7299 3.5298 0.0253 0.8120 0.5762 0.0894
1341848011.8588 -0.3328 -1.7255 3.5246 0.0264 0.8115 0.5776 0.0844
1341848011.8907 -0.3332 -1.7234 3.5220 0.0273 0.8113 0.5782 0.0817
1341848011.9229 -0.3328 -1.7186 3.5171 0.0280 0.8103 0.5799 0.0789
1341848011.9588 -0.3332 -1.7153 3.5113 0.0293 0.8102 0.5804 0.0768
1341848011.9908 -0.3333 -1.7107 3.5114 0.0276 0.8112 0.5792 0.0750
1341848012.0227 -0.3317 -1.7056 3.5060 0.0251 0.8102 0.5809 0.0736
1341848012.0589 -0.3314 -1.7012 3.5010 0.0237 0.8096 0.5819 0.0727
1341848012.0908 -0.3328 -1.6953 3.4938 0.0223 0.8087 0.5834 0.0723
1341848012.1269 -0.3328 -1.6887 3.4872 0.0213 0.8084 0.5839 0.0716
1341848012.1910 -0.3315 -1.6772 3.4778 0.0224 0.8073 0.5851 0.0733
1341848012.2267 -0.3306 -1.6708 3.4705 0.0214 0.8057 0.5871 0.0752
1341848012.2587 -0.3296 -1.6653 3.4627 0.0203 0.8043 0.5888 0.0777
1341848012.2952 -0.3304 -1.6591 3.4580 0.0185 0.8034 0.5896 0.0813
1341848012.3269 -0.3286 -1.6517 3.4494 0.0148 0.8019 0.5913 0.0843
1341848012.3588 -0.3265 -1.6450 3.4433 0.0111 0.8018 0.5912 0.0866
1341848012.3947 -0.3249 -1.6376 3.4407 0.0086 0.8016 0.5911 0.0890
1341848012.4268 -0.3222 -1.6310 3.4299 0.0049 0.7989 0.5943 0.0920
1341848012.4588 -0.3211 -1.6239 3.4210 0.0032 0.7982 0.5949 0.0942
1341848012.4947 -0.3179 -1.6182 3.4171 -0.0001 0.7987 0.5941 0.0956
1341848012.5268 -0.3119 -1.6129 3.4100 -0.0038 0.7972 0.5960 0.0965
1341848012.5627 -0.3094 -1.6067 3.4001 -0.0050 0.7960 0.5969 0.1003
1341848012.5947 -0.3102 -1.6010 3.3967 -0.0075 0.7969 0.5948 0.1053
1341848012.6268 -0.3026 -1.5982 3.3903 -0.0133 0.7960 0.5957 0.1067
1341848012.6628 -0.2972 -1.5941 3.3857 -0.0144 0.7956 0.5957 0.1094
1341848012.6953 -0.2990 -1.5884 3.3816 -0.0145 0.7948 0.5954 0.1165
1341848012.7269 -0.2965 -1.5852 3.3755 -0.0187 0.7934 0.5961 0.1218
1341848012.7627 -0.2880 -1.5829 3.3712 -0.0227 0.7928 0.5963 0.1243
1341848012.7947 -0.2837 -1.5780 3.3712 -0.0233 0.7930 0.5946 0.1306
1341848012.8307 -0.2855 -1.5727 3.3652 -0.0248 0.7911 0.5946 0.1413
1341848012.8628 -0.2828 -1.5693 3.3579 -0.0295 0.7908 0.5930 0.1488
1341848012.8947 -0.2792 -1.5661 3.3611 -0.0339 0.7936 0.5876 0.1542
1341848012.9308 -0.2762 -1.5630 3.3579 -0.0365 0.7928 0.5867 0.1608
1341848012.9628 -0.2770 -1.5596 3.3545 -0.0393 0.7929 0.5844 0.1682
1341848012.9948 -0.2734 -1.5559 3.3572 -0.0439 0.7944 0.5806 0.1727
1341848013.0309 -0.2694 -1.5533 3.3563 -0.0459 0.7934 0.5804 0.1777
1341848013.0627 -0.2671 -1.5497 3.3530 -0.0470 0.7923 0.5798 0.1839
1341848013.0988 -0.2645 -1.5470 3.3536 -0.0483 0.7929 0.5769 0.1902
1341848013.1308 -0.2602 -1.5438 3.3577 -0.0496 0.7934 0.5743 0.1954
1341848013.1628 -0.2548 -1.5430 3.3576 -0.0487 0.7917 0.5748 0.2009
1341848013.1987 -0.2553 -1.5400 3.3576 -0.0452 0.7898 0.5747 0.2094
1341848013.2309 -0.2551 -1.5383 3.3578 -0.0443 0.7884 0.5743 0.2161
1341848013.2627 -0.2495 -1.5357 3.3627 -0.0441 0.7877 0.5736 0.2203
1341848013.2987 -0.2512 -1.5348 3.3595 -0.0414 0.7837 0.5756 0.2298
1341848013.3308 -0.2513 -1.5326 3.3597 -0.0432 0.7822 0.5744 0.2376
1341848013.3667 -0.2464 -1.5295 3.3668 -0.0473 0.7829 0.5710 0.2426
1341848013.3987 -0.2411 -1.5279 3.3750 -0.0489 0.7823 0.5695 0.2475
1341848013.4309 -0.2375 -1.5258 3.3789 -0.0481 0.7787 0.5711 0.2554
1341848013.4670 -0.2362 -1.5248 3.3729 -0.0484 0.7727 0.5745 0.2657
1341848013.4988 -0.2334 -1.5242 3.3736 -0.0517 0.7713 0.5724 0.2733
1341848013.5348 -0.2270 -1.5222 3.3802 -0.0568 0.7719 0.5680 0.2797
1341848013.5667 -0.2204 -1.5206 3.3840 -0.0596 0.7705 0.5657 0.2876
1341848013.5988 -0.2196 -1.5219 3.3871 -0.0591 0.7690 0.5632 0.2967
1341848013.6348 -0.2135 -1.5195 3.3893 -0.0605 0.7671 0.5624 0.3028
1341848013.6667 -0.2083 -1.5204 3.3864 -0.0608 0.7644 0.5611 0.3118
1341848013.6988 -0.2072 -1.5207 3.3887 -0.0607 0.7650 0.5553 0.3205
1341848013.7346 -0.2023 -1.5211 3.3908 -0.0629 0.7653 0.5507 0.3274
1341848013.7668 -0.1979 -1.5207 3.3964 -0.0635 0.7669 0.5450 0.3329
1341848013.8027 -0.1957 -1.5207 3.4010 -0.0625 0.7667 0.5416 0.3391
1341848013.8348 -0.1931 -1.5200 3.4007 -0.0625 0.7641 0.5408 0.3460
1341848013.8668 -0.1888 -1.5202 3.3997 -0.0636 0.7626 0.5390 0.3519
1341848013.9027 -0.1876 -1.5185 3.4056 -0.0644 0.7637 0.5333 0.3580
1341848013.9667 -0.1782 -1.5172 3.4099 -0.0661 0.7600 0.5310 0.3687
1341848014.0027 -0.1728 -1.5172 3.4122 -0.0667 0.7584 0.5297 0.3739
1341848014.0349 -0.1669 -1.5170 3.4148 -0.0675 0.7560 0.5282 0.3807
1341848014.0710 -0.1643 -1.5157 3.4130 -0.0685 0.7519 0.5269 0.3902
1341848014.1027 -0.1590 -1.5137 3.4152 -0.0736 0.7501 0.5239 0.3969
1341848014.1347 -0.1507 -1.5129 3.4209 -0.0776 0.7489 0.5210 0.4020
1341848014.1707 -0.1446 -1.5115 3.4240 -0.0796 0.7455 0.5198 0.4095
1341848014.2027 -0.1361 -1.5121 3.4219 -0.0824 0.7408 0.5205 0.4167
1341848014.2348 -0.1261 -1.5111 3.4264 -0.0846 0.7398 0.5161 0.4232
1341848014.2707 -0.1211 -1.5089 3.4331 -0.0856 0.7378 0.5115 0.4320
1341848014.3027 -0.1116 -1.5080 3.4362 -0.0859 0.7352 0.5103 0.4378
1341848014.3387 -0.1024 -1.5089 3.4402 -0.0862 0.7325 0.5078 0.4451
1341848014.3706 -0.0991 -1.5119 3.4410 -0.0867 0.7273 0.5049 0.4567
1341848014.4388 -0.0825 -1.5127 3.4488 -0.0891 0.7215 0.4969 0.4739
1341848014.4708 -0.0742 -1.5136 3.4524 -0.0907 0.7178 0.4919 0.4843
1341848014.5066 -0.0687 -1.5145 3.4585 -0.0919 0.7154 0.4858 0.4938
1341848014.5387 -0.0584 -1.5186 3.4593 -0.0939 0.7101 0.4830 0.5036
1341848014.5708 -0.0533 -1.5197 3.4621 -0.0928 0.7091 0.4763 0.5116
1341848014.6069 -0.0484 -1.5219 3.4713 -0.0925 0.7077 0.4706 0.5188
1341848014.6387 -0.0415 -1.5220 3.4734 -0.0896 0.7033 0.4690 0.5267
1341848014.6708 -0.0334 -1.5259 3.4747 -0.0882 0.7004 0.4662 0.5332
1341848014.7068 -0.0279 -1.5250 3.4762 -0.0857 0.6980 0.4606 0.5416
1341848014.7387 -0.0208 -1.5302 3.4778 -0.0853 0.6970 0.4566 0.5463
1341848014.7747 -0.0157 -1.5334 3.4864 -0.0807 0.6964 0.4538 0.5501
1341848014.8067 -0.0116 -1.5330 3.4883 -0.0750 0.6926 0.4520 0.5571
1341848014.8387 -0.0058 -1.5354 3.4897 -0.0721 0.6893 0.4510 0.5624
1341848014.8747 0.0013 -1.5385 3.4937 -0.0704 0.6862 0.4483 0.5685
1341848014.9066 0.0041 -1.5354 3.4951 -0.0666 0.6825 0.4442 0.5765
1341848014.9387 0.0103 -1.5359 3.5001 -0.0652 0.6798 0.4443 0.5799
1341848014.9747 0.0146 -1.5357 3.5023 -0.0624 0.6748 0.4448 0.5855
1341848015.0067 0.0127 -1.5314 3.4988 -0.0608 0.6682 0.4441 0.5937
1341848015.0426 0.0165 -1.5273 3.5008 -0.0663 0.6633 0.4448 0.5982
1341848015.0749 0.0223 -1.5264 3.5027 -0.0740 0.6586 0.4438 0.6031
1341848015.1068 0.0277 -1.5238 3.5043 -0.0803 0.6547 0.4413 0.6084
1341848015.1427 0.0325 -1.5229 3.5083 -0.0854 0.6516 0.4404 0.6117
1341848015.1747 0.0406 -1.5218 3.5119 -0.0882 0.6474 0.4418 0.6147
1341848015.2072 0.0432 -1.5192 3.5116 -0.0882 0.6422 0.4409 0.6208
1341848015.2435 0.0482 -1.5163 3.5119 -0.0903 0.6380 0.4389 0.6263
1341848015.2748 0.0536 -1.5161 3.5175 -0.0917 0.6350 0.4369 0.6305
1341848015.3106 0.0569 -1.5145 3.5181 -0.0895 0.6289 0.4343 0.6386
1341848015.3429 0.0600 -1.5128 3.5181 -0.0884 0.6233 0.4322 0.6456
1341848015.3747 0.0645 -1.5122 3.5218 -0.0877 0.6180 0.4310 0.6516
1341848015.4107 0.0675 -1.5101 3.5199 -0.0844 0.6104 0.4299 0.6599
1341848015.4428 0.0694 -1.5085 3.5188 -0.0830 0.6036 0.4279 0.6675
1341848015.4750 0.0734 -1.5075 3.5197 -0.0832 0.5971 0.4245 0.6756
1341848015.5109 0.0756 -1.5063 3.5197 -0.0820 0.5917 0.4197 0.6834
1341848015.5428 0.0749 -1.5055 3.5205 -0.0793 0.5853 0.4177 0.6904
1341848015.5818 0.0789 -1.5047 3.5211 -0.0800 0.5769 0.4152 0.6989
1341848015.6178 0.0805 -1.5046 3.5219 -0.0805 0.5710 0.4080 0.7078
1341848015.6501 0.0809 -1.5051 3.5215 -0.0816 0.5646 0.4022 0.7160
1341848015.6858 0.0856 -1.5057 3.5261 -0.0844 0.5597 0.3976 0.7222
1341848015.7181 0.0883 -1.5065 3.5282 -0.0834 0.5555 0.3914 0.7289
1341848015.7498 0.0885 -1.5070 3.5277 -0.0804 0.5500 0.3870 0.7357
1341848015.7858 0.0917 -1.5094 3.5290 -0.0793 0.5441 0.3839 0.7418
1341848015.8179 0.0937 -1.5131 3.5268 -0.0795 0.5392 0.3780 0.7483
1341848015.8538 0.0938 -1.5147 3.5283 -0.0777 0.5356 0.3741 0.7531
1341848015.8857 0.0952 -1.5161 3.5256 -0.0769 0.5299 0.3689 0.7598
1341848015.9178 0.0964 -1.5176 3.5264 -0.0785 0.5277 0.3617 0.7646
1341848015.9540 0.0965 -1.5184 3.5301 -0.0770 0.5269 0.3533 0.7692
1341848015.9867 0.0952 -1.5222 3.5304 -0.0753 0.5247 0.3485 0.7730
1341848016.0217 0.0941 -1.5219 3.5306 -0.0715 0.5209 0.3456 0.7773
1341848016.0539 0.0956 -1.5232 3.5308 -0.0697 0.5181 0.3401 0.7817
1341848016.0857 0.0920 -1.5233 3.5294 -0.0661 0.5164 0.3347 0.7855
1341848016.1218 0.0899 -1.5228 3.5275 -0.0656 0.5129 0.3320 0.7889
1341848016.1538 0.0913 -1.5247 3.5283 -0.0689 0.5116 0.3289 0.7908
1341848016.1858 0.0890 -1.5236 3.5269 -0.0685 0.5101 0.3261 0.7929
1341848016.2217 0.0875 -1.5232 3.5270 -0.0693 0.5085 0.3260 0.7939
1341848016.2537 0.0900 -1.5255 3.5287 -0.0706 0.5080 0.3257 0.7943
1341848016.2900 0.0858 -1.5254 3.5247 -0.0699 0.5080 0.3241 0.7950
1341848016.3220 0.0844 -1.5249 3.5257 -0.0703 0.5104 0.3281 0.7918
1341848016.3537 0.0868 -1.5284 3.5291 -0.0691 0.5127 0.3317 0.7889
1341848016.3898 0.0805 -1.5281 3.5285 -0.0644 0.5146 0.3338 0.7872
1341848016.4217 0.0803 -1.5301 3.5307 -0.0623 0.5158 0.3393 0.7841
1341848016.4539 0.0791 -1.5328 3.5326 -0.0597 0.5180 0.3426 0.7815
1341848016.4901 0.0776 -1.5348 3.5339 -0.0567 0.5191 0.3430 0.7808
1341848016.5218 0.0742 -1.5366 3.5352 -0.0550 0.5218 0.3422 0.7795
1341848016.5542 0.0720 -1.5377 3.5385 -0.0505 0.5244 0.3440 0.7772
1341848016.5898 0.0678 -1.5402 3.5401 -0.0463 0.5246 0.3435 0.7776
1341848016.6219 0.0648 -1.5404 3.5422 -0.0426 0.5255 0.3463 0.7760
1341848016.6578 0.0629 -1.5438 3.5472 -0.0386 0.5257 0.3502 0.7743
1341848016.6899 0.0569 -1.5478 3.5485 -0.0356 0.5243 0.3509 0.7751
1341848016.7578 0.0562 -1.5547 3.5577 -0.0376 0.5261 0.3501 0.7741
1341848016.8188 0.0436 -1.5589 3.5643 -0.0337 0.5268 0.3491 0.7743
1341848016.8508 0.0409 -1.5640 3.5690 -0.0341 0.5268 0.3493 0.7742
1341848016.8828 0.0344 -1.5659 3.5717 -0.0333 0.5270 0.3491 0.7742
1341848016.9189 0.0299 -1.5687 3.5773 -0.0324 0.5270 0.3513 0.7732
1341848016.9507 0.0262 -1.5734 3.5809 -0.0331 0.5266 0.3520 0.7731
1341848016.9867 0.0193 -1.5760 3.5838 -0.0342 0.5279 0.3507 0.7728
1341848017.0187 0.0148 -1.5793 3.5892 -0.0342 0.5294 0.3525 0.7709
1341848017.0508 0.0084 -1.5825 3.5904 -0.0332 0.5296 0.3535 0.7703
1341848017.0868 0.0038 -1.5855 3.5928 -0.0342 0.5314 0.3549 0.7684
1341848017.1186 -0.0008 -1.5896 3.5953 -0.0343 0.5345 0.3561 0.7657
1341848017.1507 -0.0075 -1.5928 3.5982 -0.0330 0.5386 0.3583 0.7619
1341848017.1869 -0.0133 -1.5967 3.6009 -0.0320 0.5420 0.3608 0.7583
1341848017.2188 -0.0167 -1.6013 3.6027 -0.0313 0.5458 0.3623 0.7549
1341848017.2547 -0.0255 -1.6052 3.6040 -0.0287 0.5506 0.3628 0.7513
1341848017.2866 -0.0310 -1.6094 3.6092 -0.0260 0.5556 0.3655 0.7463
1341848017.3187 -0.0308 -1.6154 3.6122 -0.0225 0.5592 0.3661 0.7435
1341848017.3547 -0.0458 -1.6198 3.6097 -0.0158 0.5642 0.3627 0.7415
1341848017.3868 -0.0543 -1.6218 3.6122 -0.0128 0.5692 0.3647 0.7367
1341848017.4188 -0.0597 -1.6272 3.6142 -0.0082 0.5730 0.3680 0.7322
1341848017.4548 -0.0721 -1.6287 3.6142 -0.0047 0.5755 0.3696 0.7295
1341848017.4867 -0.0738 -1.6337 3.6160 -0.0051 0.5784 0.3719 0.7260
1341848017.5227 -0.0815 -1.6366 3.6163 -0.0036 0.5816 0.3711 0.7239
1341848017.5548 -0.0895 -1.6386 3.6167 -0.0016 0.5855 0.3710 0.7208
1341848017.5878 -0.0931 -1.6406 3.6193 -0.0007 0.5886 0.3723 0.7176
1341848017.6227 -0.0982 -1.6445 3.6186 0.0014 0.5915 0.3722 0.7153
1341848017.6548 -0.1045 -1.6448 3.6197 0.0039 0.5946 0.3733 0.7121
1341848017.6868 -0.1028 -1.6502 3.6212 0.0052 0.5977 0.3734 0.7095
1341848017.7228 -0.1147 -1.6517 3.6206 0.0108 0.6014 0.3719 0.7070
1341848017.7548 -0.1142 -1.6540 3.6245 0.0128 0.6035 0.3743 0.7039
1341848017.7907 -0.1182 -1.6586 3.6235 0.0171 0.6051 0.3740 0.7026
1341848017.8228 -0.1265 -1.6609 3.6239 0.0200 0.6082 0.3723 0.7008
1341848017.8547 -0.1301 -1.6632 3.6278 0.0209 0.6103 0.3724 0.6989
1341848017.8907 -0.1346 -1.6658 3.6287 0.0224 0.6112 0.3727 0.6978
1341848017.9228 -0.1412 -1.6667 3.6293 0.0225 0.6126 0.3727 0.6966
1341848017.9586 -0.1407 -1.6694 3.6318 0.0206 0.6143 0.3731 0.6950
1341848017.9907 -0.1487 -1.6706 3.6338 0.0224 0.6158 0.3728 0.6937
1341848018.0227 -0.1513 -1.6715 3.6359 0.0211 0.6166 0.3752 0.6918
1341848018.0588 -0.1510 -1.6742 3.6356 0.0198 0.6184 0.3762 0.6897
1341848018.0909 -0.1555 -1.6744 3.6394 0.0195 0.6219 0.3757 0.6868
1341848018.1227 -0.1580 -1.6761 3.6432 0.0198 0.6235 0.3793 0.6834
1341848018.1591 -0.1562 -1.6802 3.6453 0.0204 0.6246 0.3830 0.6803
1341848018.1908 -0.1610 -1.6815 3.6466 0.0211 0.6272 0.3833 0.6776
1341848018.2267 -0.1605 -1.6843 3.6515 0.0191 0.6303 0.3843 0.6743
1341848018.2588 -0.1622 -1.6882 3.6563 0.0208 0.6325 0.3868 0.6708
1341848018.2907 -0.1655 -1.6912 3.6602 0.0224 0.6335 0.3901 0.6678
1341848018.3339 -0.1656 -1.6946 3.6621 0.0211 0.6352 0.3924 0.6649
1341848018.3672 -0.1642 -1.6996 3.6676 0.0192 0.6395 0.3922 0.6610
1341848018.3977 -0.1679 -1.7031 3.6759 0.0198 0.6431 0.3920 0.6575
1341848018.4338 -0.1701 -1.7072 3.6842 0.0226 0.6445 0.3972 0.6529
1341848018.4657 -0.1711 -1.7120 3.6896 0.0258 0.6448 0.4035 0.6486
1341848018.5018 -0.1726 -1.7160 3.6943 0.0269 0.6468 0.4061 0.6450
1341848018.5345 -0.1750 -1.7205 3.7040 0.0272 0.6505 0.4072 0.6406
1341848018.5658 -0.1780 -1.7244 3.7115 0.0278 0.6524 0.4097 0.6370
1341848018.6017 -0.1784 -1.7296 3.7173 0.0276 0.6546 0.4110 0.6339
1341848018.6337 -0.1834 -1.7334 3.7254 0.0275 0.6584 0.4115 0.6296
1341848018.6698 -0.1844 -1.7395 3.7360 0.0271 0.6607 0.4141 0.6255
1341848018.7018 -0.1879 -1.7446 3.7440 0.0267 0.6621 0.4165 0.6225
1341848018.7339 -0.1877 -1.7514 3.7500 0.0251 0.6639 0.4183 0.6194
1341848018.7697 -0.1904 -1.7582 3.7594 0.0242 0.6665 0.4179 0.6169
1341848018.8022 -0.1908 -1.7647 3.7686 0.0239 0.6677 0.4190 0.6148
1341848018.8338 -0.1898 -1.7711 3.7742 0.0234 0.6691 0.4187 0.6136
1341848018.8698 -0.1929 -1.7789 3.7810 0.0245 0.6719 0.4168 0.6118
1341848018.9020 -0.1963 -1.7849 3.7901 0.0265 0.6737 0.4169 0.6095
1341848018.9338 -0.1945 -1.7906 3.7984 0.0291 0.6738 0.4201 0.6072
1341848018.9697 -0.2026 -1.8002 3.8008 0.0316 0.6739 0.4210 0.6063
1341848019.0023 -0.2045 -1.8053 3.8073 0.0298 0.6757 0.4212 0.6043
1341848019.0698 -0.2095 -1.8196 3.8174 0.0303 0.6791 0.4202 0.6011
1341848019.1308 -0.2115 -1.8292 3.8279 0.0280 0.6835 0.4210 0.5957
1341848019.1627 -0.2158 -1.8348 3.8348 0.0286 0.6855 0.4224 0.5923
1341848019.1986 -0.2189 -1.8391 3.8397 0.0283 0.6871 0.4251 0.5885
1341848019.2311 -0.2184 -1.8446 3.8448 0.0266 0.6900 0.4268 0.5840
1341848019.2627 -0.2212 -1.8509 3.8535 0.0258 0.6934 0.4264 0.5802
1341848019.2987 -0.2289 -1.8561 3.8618 0.0257 0.6957 0.4284 0.5760
1341848019.3307 -0.2280 -1.8638 3.8690 0.0235 0.6980 0.4311 0.5713
1341848019.3627 -0.2347 -1.8703 3.8774 0.0241 0.7013 0.4309 0.5673
1341848019.3987 -0.2406 -1.8764 3.8877 0.0223 0.7043 0.4322 0.5627
1341848019.4310 -0.2388 -1.8843 3.8965 0.0210 0.7068 0.4338 0.5584
1341848019.4670 -0.2459 -1.8911 3.9049 0.0207 0.7103 0.4323 0.5551
1341848019.4988 -0.2457 -1.8972 3.9158 0.0203 0.7140 0.4327 0.5501
1341848019.5308 -0.2504 -1.9067 3.9267 0.0237 0.7165 0.4339 0.5458
1341848019.5671 -0.2552 -1.9129 3.9390 0.0262 0.7181 0.4362 0.5416
1341848019.5987 -0.2548 -1.9202 3.9481 0.0264 0.7193 0.4374 0.5390
1341848019.6307 -0.2610 -1.9272 3.9595 0.0269 0.7220 0.4369 0.5359
1341848019.6669 -0.2622 -1.9337 3.9737 0.0269 0.7234 0.4388 0.5324
1341848019.6987 -0.2637 -1.9403 3.9826 0.0273 0.7232 0.4411 0.5307
1341848019.7348 -0.2658 -1.9451 3.9899 0.0265 0.7250 0.4416 0.5279
1341848019.7667 -0.2667 -1.9531 3.9989 0.0247 0.7275 0.4418 0.5244
1341848019.7987 -0.2690 -1.9597 4.0088 0.0253 0.7291 0.4428 0.5213
1341848019.8347 -0.2704 -1.9648 4.0144 0.0263 0.7302 0.4444 0.5183
1341848019.8988 -0.2725 -1.9762 4.0271 0.0281 0.7348 0.4464 0.5098
1341848019.9348 -0.2759 -1.9830 4.0355 0.0301 0.7366 0.4493 0.5046
1341848019.9667 -0.2745 -1.9864 4.0393 0.0319 0.7379 0.4527 0.4996
1341848020.0028 -0.2737 -1.9893 4.0422 0.0322 0.7404 0.4542 0.4945
1341848020.0347 -0.2751 -1.9940 4.0497 0.0312 0.7440 0.4542 0.4890
1341848020.0667 -0.2726 -2.0003 4.0576 0.0318 0.7459 0.4570 0.4834
1341848020.1028 -0.2724 -2.0053 4.0630 0.0339 0.7471 0.4593 0.4793
1341848020.1348 -0.2715 -2.0071 4.0684 0.0328 0.7498 0.4596 0.4749
1341848020.1708 -0.2685 -2.0114 4.0733 0.0308 0.7531 0.4595 0.4699
1341848020.2027 -0.2694 -2.0178 4.0808 0.0306 0.7555 0.4600 0.4655
1341848020.2349 -0.2671 -2.0193 4.0851 0.0302 0.7577 0.4614 0.4605
1341848020.2712 -0.2627 -2.0239 4.0889 0.0299 0.7604 0.4622 0.4552
1341848020.3028 -0.2616 -2.0299 4.0962 0.0303 0.7636 0.4620 0.4500
1341848020.3349 -0.2594 -2.0343 4.1023 0.0310 0.7660 0.4631 0.4447
1341848020.3708 -0.2531 -2.0373 4.1055 0.0322 0.7685 0.4645 0.4389
1341848020.4388 -0.2448 -2.0453 4.1161 0.0333 0.7748 0.4642 0.4280
1341848020.4712 -0.2375 -2.0476 4.1198 0.0335 0.7790 0.4627 0.4219
1341848020.5027 -0.2376 -2.0564 4.1296 0.0355 0.7832 0.4612 0.4154
1341848020.5387 -0.2342 -2.0621 4.1389 0.0377 0.7858 0.4629 0.4084
1341848020.5708 -0.2286 -2.0671 4.1448 0.0406 0.7874 0.4652 0.4024
1341848020.6028 -0.2279 -2.0739 4.1547 0.0422 0.7893 0.4670 0.3964
1341848020.6389 -0.2230 -2.0792 4.1645 0.0431 0.7900 0.4710 0.3901
1341848020.6708 -0.2152 -2.0816 4.1659 0.0451 0.7901 0.4743 0.3857
1341848020.7067 -0.2151 -2.0853 4.1736 0.0441 0.7921 0.4738 0.3823
1341848020.7390 -0.2085 -2.0940 4.1813 0.0418 0.7929 0.4770 0.3769
1341848020.7708 -0.1996 -2.0959 4.1852 0.0440 0.7926 0.4800 0.3734
1341848020.8072 -0.1990 -2.1001 4.1913 0.0451 0.7929 0.4814 0.3710
1341848020.8391 -0.1918 -2.1029 4.1931 0.0438 0.7933 0.4833 0.3677
1341848020.8710 -0.1861 -2.1098 4.1967 0.0437 0.7943 0.4836 0.3651
1341848020.9066 -0.1959 -2.1177 4.1967 0.0465 0.7927 0.4848 0.3666
1341848020.9388 -0.1780 -2.1197 4.2073 0.0456 0.7951 0.4867 0.3590
1341848020.9749 -0.1722 -2.1236 4.2085 0.0454 0.7965 0.4862 0.3565
1341848021.0066 -0.1698 -2.1300 4.2160 0.0449 0.7983 0.4854 0.3536
1341848021.0396 -0.1641 -2.1334 4.2210 0.0455 0.7988 0.4876 0.3495
1341848021.0748 -0.1562 -2.1367 4.2247 0.0463 0.7995 0.4891 0.3457
1341848021.1067 -0.1535 -2.1396 4.2286 0.0458 0.8007 0.4891 0.3429
1341848021.1428 -0.1465 -2.1444 4.2340 0.0438 0.8025 0.4898 0.3380
1341848021.1750 -0.1379 -2.1483 4.2394 0.0435 0.8038 0.4904 0.3339
1341848021.2067 -0.1324 -2.1518 4.2466 0.0442 0.8050 0.4913 0.3295
1341848021.2427 -0.1250 -2.1521 4.2467 0.0431 0.8069 0.4912 0.3254
1341848021.2749 -0.1177 -2.1583 4.2551 0.0417 0.8102 0.4898 0.3192
1341848021.3073 -0.1096 -2.1626 4.2594 0.0430 0.8121 0.4899 0.3140
1341848021.3434 -0.1024 -2.1658 4.2610 0.0447 0.8147 0.4893 0.3080
1341848021.3848 -0.0943 -2.1702 4.2645 0.0448 0.8190 0.4862 0.3013
1341848021.4143 -0.0894 -2.1799 4.2741 0.0466 0.8229 0.4844 0.2934
1341848021.4557 -0.0783 -2.1846 4.2784 0.0497 0.8255 0.4844 0.2853
1341848021.4879 -0.0723 -2.1917 4.2844 0.0532 0.8286 0.4827 0.2785
1341848021.5147 -0.0645 -2.1999 4.2928 0.0554 0.8309 0.4825 0.2716
1341848021.5508 -0.0568 -2.2063 4.3003 0.0581 0.8320 0.4834 0.2660
1341848021.6178 -0.0416 -2.2146 4.3108 0.0535 0.8351 0.4820 0.2595
1341848021.6788 -0.0210 -2.2231 4.3205 0.0457 0.8385 0.4810 0.2519
1341848021.7107 -0.0142 -2.2296 4.3292 0.0458 0.8395 0.4810 0.2485
1341848021.7428 -0.0067 -2.2319 4.3339 0.0464 0.8396 0.4828 0.2444
1341848021.7787 0.0025 -2.2345 4.3361 0.0466 0.8402 0.4840 0.2401
1341848021.8109 0.0085 -2.2372 4.3422 0.0457 0.8408 0.4850 0.2363
1341848021.8446 0.0193 -2.2366 4.3418 0.0429 0.8414 0.4865 0.2314
1341848021.8789 0.0295 -2.2413 4.3447 0.0414 0.8425 0.4867 0.2271
1341848021.9106 0.0388 -2.2436 4.3470 0.0409 0.8435 0.4865 0.2239
1341848021.9467 0.0500 -2.2462 4.3466 0.0397 0.8446 0.4862 0.2205
1341848021.9787 0.0598 -2.2494 4.3488 0.0393 0.8466 0.4845 0.2169
1341848022.0108 0.0703 -2.2535 4.3520 0.0380 0.8481 0.4835 0.2133
1341848022.0467 0.0799 -2.2550 4.3535 0.0380 0.8494 0.4830 0.2092
1341848022.0787 0.0900 -2.2582 4.3556 0.0382 0.8507 0.4826 0.2049
1341848022.1110 0.1005 -2.2582 4.3552 0.0364 0.8519 0.4824 0.2006
1341848022.1467 0.1139 -2.2608 4.3536 0.0355 0.8531 0.4825 0.1954
1341848022.1790 0.1244 -2.2624 4.3529 0.0348 0.8547 0.4814 0.1913
1341848022.2148 0.1360 -2.2637 4.3489 0.0338 0.8559 0.4810 0.1867
1341848022.2468 0.1444 -2.2697 4.3452 0.0347 0.8578 0.4799 0.1809
1341848022.2788 0.1530 -2.2712 4.3482 0.0373 0.8596 0.4788 0.1743
1341848022.3148 0.1664 -2.2704 4.3444 0.0421 0.8600 0.4803 0.1672
1341848022.3541 0.1731 -2.2717 4.3386 0.0447 0.8613 0.4794 0.1621
1341848022.3872 0.1817 -2.2769 4.3404 0.0446 0.8633 0.4782 0.1551
1341848022.4178 0.1964 -2.2778 4.3341 0.0470 0.8640 0.4788 0.1484
1341848022.4542 0.2037 -2.2798 4.3299 0.0489 0.8659 0.4765 0.1444
1341848022.4856 0.2100 -2.2853 4.3289 0.0486 0.8675 0.4750 0.1392
1341848022.5217 0.2230 -2.2882 4.3258 0.0499 0.8685 0.4750 0.1329
1341848022.5542 0.2322 -2.2921 4.3219 0.0522 0.8693 0.4743 0.1291
1341848022.5861 0.2349 -2.2948 4.3196 0.0516 0.8704 0.4731 0.1261
1341848022.6218 0.2492 -2.2956 4.3142 0.0502 0.8715 0.4732 0.1189
1341848022.6542 0.2580 -2.3004 4.3104 0.0520 0.8729 0.4714 0.1145
1341848022.6903 0.2583 -2.3045 4.3128 0.0543 0.8735 0.4710 0.1104
1341848022.7217 0.2668 -2.3042 4.3093 0.0534 0.8729 0.4739 0.1028
1341848022.7830 0.2815 -2.3061 4.3076 0.0543 0.8734 0.4751 0.0925
1341848022.8148 0.2885 -2.3063 4.3036 0.0519 0.8717 0.4799 0.0845
1341848022.8508 0.3069 -2.3069 4.2962 0.0489 0.8712 0.4824 0.0767
1341848022.8827 0.3036 -2.3084 4.3037 0.0488 0.8710 0.4834 0.0731
1341848022.9188 0.3057 -2.3074 4.3035 0.0452 0.8671 0.4919 0.0639
1341848022.9508 0.3259 -2.3071 4.2756 0.0383 0.8643 0.4985 0.0543
1341848022.9827 0.3240 -2.3094 4.2829 0.0324 0.8689 0.4914 0.0498
1341848023.0188 0.3341 -2.3129 4.2882 0.0276 0.8679 0.4945 0.0379
1341848023.0508 0.3549 -2.3074 4.2759 0.0295 0.8654 0.4996 0.0248
1341848023.0827 0.3631 -2.3093 4.2719 0.0338 0.8653 0.4998 0.0183
1341848023.1188 0.3645 -2.3110 4.2734 0.0358 0.8646 0.5010 0.0114
1341848023.1510 0.3815 -2.3059 4.2639 0.0339 0.8637 0.5028 0.0006
1341848023.1867 0.3883 -2.3127 4.2685 0.0355 0.8641 0.5021 -0.0062
1341848023.2187 0.3942 -2.3148 4.2730 0.0385 0.8615 0.5062 -0.0140
1341848023.2868 0.4150 -2.3052 4.2687 0.0368 0.8563 0.5144 -0.0265
1341848023.3188 0.4205 -2.3044 4.2656 0.0310 0.8541 0.5182 -0.0301
1341848023.3548 0.4350 -2.2997 4.2647 0.0254 0.8525 0.5207 -0.0378
1341848023.3869 0.4473 -2.2957 4.2623 0.0232 0.8511 0.5227 -0.0427
1341848023.4187 0.4545 -2.2928 4.2635 0.0235 0.8499 0.5244 -0.0469
1341848023.4547 0.4629 -2.2893 4.2604 0.0248 0.8474 0.5276 -0.0530
1341848023.4871 0.4745 -2.2851 4.2545 0.0252 0.8459 0.5295 -0.0582
1341848023.5187 0.4763 -2.2832 4.2509 0.0250 0.8451 0.5306 -0.0610
1341848023.5551 0.4843 -2.2804 4.2461 0.0220 0.8446 0.5308 -0.0667
1341848023.5868 0.4960 -2.2755 4.2405 0.0209 0.8449 0.5298 -0.0715
1341848023.6228 0.5006 -2.2752 4.2366 0.0228 0.8450 0.5290 -0.0752
1341848023.6872 0.5149 -2.2718 4.2253 0.0219 0.8448 0.5276 -0.0861
1341848023.7227 0.5241 -2.2682 4.2201 0.0233 0.8452 0.5260 -0.0918
1341848023.7547 0.5270 -2.2666 4.2180 0.0247 0.8451 0.5256 -0.0949
1341848023.7869 0.5324 -2.2606 4.2071 0.0230 0.8440 0.5264 -0.0997
1341848023.8228 0.5402 -2.2581 4.2032 0.0208 0.8447 0.5245 -0.1049
1341848023.8548 0.5451 -2.2531 4.1969 0.0210 0.8440 0.5247 -0.1088
1341848023.8907 0.5510 -2.2486 4.1877 0.0206 0.8433 0.5249 -0.1138
1341848023.9228 0.5565 -2.2424 4.1769 0.0196 0.8433 0.5239 -0.1185
1341848023.9548 0.5611 -2.2401 4.1695 0.0195 0.8437 0.5220 -0.1239
1341848023.9907 0.5679 -2.2396 4.1653 0.0226 0.8428 0.5215 -0.1311
1341848024.0227 0.5753 -2.2333 4.1552 0.0272 0.8406 0.5230 -0.1382
1341848024.0547 0.5804 -2.2292 4.1439 0.0302 0.8396 0.5234 -0.1423
1341848024.1228 0.5881 -2.2248 4.1335 0.0360 0.8382 0.5226 -0.1515
1341848024.1588 0.5945 -2.2187 4.1211 0.0385 0.8365 0.5238 -0.1564
1341848024.1909 0.5954 -2.2171 4.1155 0.0402 0.8369 0.5224 -0.1584
1341848024.2228 0.5973 -2.2158 4.1141 0.0405 0.8356 0.5231 -0.1627
1341848024.2588 0.6041 -2.2070 4.1019 0.0406 0.8330 0.5251 -0.1695
1341848024.2908 0.6081 -2.2039 4.0993 0.0423 0.8328 0.5242 -0.1726
1341848024.3227 0.6092 -2.2023 4.0933 0.0417 0.8303 0.5274 -0.1755
1341848024.3587 0.6141 -2.1958 4.0825 0.0388 0.8282 0.5293 -0.1802
1341848024.3909 0.6176 -2.1929 4.0768 0.0371 0.8277 0.5290 -0.1838
1341848024.4268 0.6230 -2.1884 4.0739 0.0368 0.8267 0.5290 -0.1883
1341848024.4588 0.6267 -2.1839 4.0663 0.0366 0.8249 0.5305 -0.1918
1341848024.4910 0.6293 -2.1807 4.0635 0.0365 0.8238 0.5308 -0.1955
1341848024.5268 0.6366 -2.1753 4.0588 0.0344 0.8218 0.5324 -0.2001
1341848024.5586 0.6427 -2.1694 4.0522 0.0335 0.8204 0.5334 -0.2032
1341848024.5947 0.6469 -2.1684 4.0500 0.0337 0.8195 0.5338 -0.2060
1341848024.6267 0.6516 -2.1631 4.0458 0.0321 0.8172 0.5357 -0.2100
1341848024.6587 0.6593 -2.1564 4.0391 0.0310 0.8155 0.5364 -0.2149
1341848024.6948 0.6662 -2.1537 4.0390 0.0321 0.8148 0.5358 -0.2190
1341848024.7271 0.6728 -2.1486 4.0342 0.0326 0.8120 0.5383 -0.2231
1341848024.7589 0.6797 -2.1425 4.0248 0.0319 0.8102 0.5394 -0.2272
1341848024.7947 0.6865 -2.1416 4.0246 0.0314 0.8102 0.5379 -0.2308
1341848024.8267 0.6965 -2.1348 4.0199 0.0307 0.8088 0.5379 -0.2359
1341848024.8628 0.7069 -2.1316 4.0139 0.0330 0.8081 0.5368 -0.2404
1341848024.8948 0.7154 -2.1301 4.0131 0.0359 0.8080 0.5353 -0.2437
1341848024.9268 0.7252 -2.1274 4.0079 0.0377 0.8067 0.5349 -0.2485
1341848024.9627 0.7354 -2.1247 4.0064 0.0400 0.8070 0.5327 -0.2518
1341848024.9947 0.7443 -2.1263 4.0084 0.0430 0.8061 0.5325 -0.2545
1341848025.0269 0.7526 -2.1217 4.0023 0.0445 0.8033 0.5347 -0.2584
1341848025.0626 0.7604 -2.1207 3.9991 0.0436 0.8028 0.5344 -0.2607
1341848025.1311 0.7803 -2.1135 3.9944 0.0416 0.7999 0.5350 -0.2688
1341848025.1631 0.7909 -2.1104 3.9920 0.0434 0.7996 0.5334 -0.2724
1341848025.1949 0.7974 -2.1105 3.9928 0.0457 0.7986 0.5335 -0.2748
1341848025.2306 0.8060 -2.1071 3.9863 0.0461 0.7962 0.5346 -0.2795
1341848025.2627 0.8161 -2.1033 3.9833 0.0472 0.7962 0.5328 -0.2827
1341848025.2947 0.8233 -2.1033 3.9824 0.0481 0.7957 0.5326 -0.2844
1341848025.3307 0.8301 -2.1006 3.9769 0.0468 0.7942 0.5336 -0.2868
1341848025.3630 0.8378 -2.0994 3.9742 0.0459 0.7941 0.5327 -0.2888
1341848025.3988 0.8452 -2.0984 3.9727 0.0475 0.7935 0.5325 -0.2908
1341848025.4307 0.8484 -2.0980 3.9678 0.0479 0.7916 0.5344 -0.2924
1341848025.4628 0.8541 -2.0973 3.9631 0.0456 0.7908 0.5343 -0.2951
1341848025.4987 0.8610 -2.0969 3.9612 0.0439 0.7904 0.5339 -0.2971
1341848025.5308 0.8670 -2.0945 3.9570 0.0441 0.7890 0.5346 -0.2997
1341848025.5668 0.8718 -2.0927 3.9531 0.0439 0.7879 0.5348 -0.3021
1341848025.5987 0.8780 -2.0906 3.9508 0.0424 0.7873 0.5346 -0.3043
1341848025.6307 0.8845 -2.0880 3.9480 0.0423 0.7863 0.5346 -0.3067
1341848025.6667 0.8883 -2.0866 3.9448 0.0432 0.7851 0.5351 -0.3088
1341848025.6988 0.8933 -2.0864 3.9435 0.0427 0.7838 0.5355 -0.3115
1341848025.7307 0.8985 -2.0808 3.9376 0.0405 0.7819 0.5368 -0.3142
1341848025.7667 0.9039 -2.0751 3.9340 0.0395 0.7819 0.5355 -0.3169
1341848025.7989 0.9091 -2.0750 3.9328 0.0406 0.7815 0.5343 -0.3195
1341848025.8348 0.9142 -2.0710 3.9272 0.0417 0.7800 0.5346 -0.3226
1341848025.8667 0.9200 -2.0681 3.9231 0.0434 0.7798 0.5331 -0.3253
1341848025.8987 0.9246 -2.0665 3.9216 0.0455 0.7793 0.5323 -0.3277
1341848025.9348 0.9280 -2.0641 3.9168 0.0469 0.7778 0.5327 -0.3302
1341848025.9671 0.9341 -2.0601 3.9143 0.0477 0.7775 0.5312 -0.3332
1341848025.9987 0.9398 -2.0560 3.9127 0.0493 0.7762 0.5311 -0.3361
1341848026.0346 0.9441 -2.0514 3.9055 0.0505 0.7742 0.5319 -0.3395
1341848026.0669 0.9498 -2.0490 3.9022 0.0515 0.7739 0.5301 -0.3425
1341848026.1028 0.9565 -2.0468 3.9013 0.0531 0.7727 0.5294 -0.3463
1341848026.1347 0.9625 -2.0416 3.8934 0.0558 0.7702 0.5300 -0.3504
1341848026.1667 0.9680 -2.0398 3.8917 0.0596 0.7701 0.5282 -0.3527
1341848026.2028 0.9724 -2.0379 3.8911 0.0616 0.7683 0.5287 -0.3554
1341848026.2349 0.9801 -2.0327 3.8840 0.0623 0.7655 0.5297 -0.3601
1341848026.2670 0.9875 -2.0312 3.8832 0.0661 0.7644 0.5287 -0.3632
1341848026.3029 0.9909 -2.0284 3.8789 0.0692 0.7612 0.5311 -0.3657
1341848026.3348 0.9942 -2.0250 3.8740 0.0697 0.7597 0.5313 -0.3684
1341848026.3710 1.0008 -2.0227 3.8716 0.0697 0.7593 0.5299 -0.3712
1341848026.4027 1.0060 -2.0206 3.8678 0.0714 0.7580 0.5296 -0.3739
1341848026.4347 1.0106 -2.0171 3.8630 0.0734 0.7573 0.5281 -0.3771
1341848026.4708 1.0150 -2.0138 3.8612 0.0742 0.7576 0.5261 -0.3791
1341848026.5027 1.0194 -2.0118 3.8577 0.0745 0.7567 0.5250 -0.3823
1341848026.5347 1.0254 -2.0114 3.8524 0.0736 0.7558 0.5243 -0.3853
1341848026.5708 1.0295 -2.0092 3.8484 0.0731 0.7561 0.5230 -0.3866
1341848026.6027 1.0357 -2.0070 3.8467 0.0710 0.7564 0.5220 -0.3876
1341848026.6420 1.0406 -2.0047 3.8426 0.0710 0.7555 0.5219 -0.3897
1341848026.7028 1.0519 -2.0004 3.8343 0.0703 0.7557 0.5204 -0.3914
1341848026.7388 1.0596 -1.9991 3.8312 0.0692 0.7556 0.5199 -0.3924
1341848026.7708 1.0671 -1.9975 3.8279 0.0696 0.7550 0.5205 -0.3926
1341848026.8067 1.0758 -1.9948 3.8241 0.0697 0.7542 0.5214 -0.3931
1341848026.8387 1.0832 -1.9934 3.8208 0.0691 0.7538 0.5227 -0.3923
1341848026.8780 1.0915 -1.9916 3.8184 0.0681 0.7532 0.5235 -0.3923
1341848026.9389 1.1109 -1.9869 3.8111 0.0666 0.7526 0.5251 -0.3917
1341848026.9707 1.1221 -1.9860 3.8095 0.0664 0.7528 0.5255 -0.3909
1341848027.0068 1.1296 -1.9844 3.8076 0.0664 0.7524 0.5265 -0.3902
1341848027.0387 1.1413 -1.9828 3.8037 0.0665 0.7520 0.5259 -0.3917
1341848027.0748 1.1535 -1.9847 3.8045 0.0676 0.7522 0.5256 -0.3916
1341848027.1067 1.1614 -1.9830 3.8006 0.0688 0.7505 0.5263 -0.3936
1341848027.1387 1.1712 -1.9834 3.7967 0.0690 0.7509 0.5244 -0.3954
1341848027.1748 1.1841 -1.9838 3.7971 0.0678 0.7519 0.5224 -0.3963
1341848027.2072 1.1940 -1.9843 3.7955 0.0681 0.7514 0.5217 -0.3982
1341848027.2387 1.2052 -1.9853 3.7926 0.0685 0.7508 0.5205 -0.4009
1341848027.2747 1.2164 -1.9860 3.7926 0.0685 0.7513 0.5192 -0.4016
1341848027.3067 1.2273 -1.9867 3.7910 0.0685 0.7511 0.5181 -0.4033
1341848027.3428 1.2372 -1.9877 3.7885 0.0698 0.7513 0.5167 -0.4047
1341848027.3749 1.2472 -1.9893 3.7856 0.0706 0.7523 0.5149 -0.4048
1341848027.4068 1.2584 -1.9907 3.7848 0.0706 0.7539 0.5128 -0.4046
1341848027.4430 1.2686 -1.9902 3.7810 0.0705 0.7554 0.5109 -0.4041
1341848027.4748 1.2797 -1.9922 3.7801 0.0695 0.7582 0.5085 -0.4022
1341848027.5067 1.2909 -1.9930 3.7779 0.0694 0.7604 0.5067 -0.4003
1341848027.5433 1.2999 -1.9928 3.7752 0.0694 0.7626 0.5052 -0.3980
1341848027.5747 1.3097 -1.9948 3.7741 0.0691 0.7649 0.5036 -0.3957
1341848027.6107 1.3186 -1.9947 3.7721 0.0681 0.7663 0.5029 -0.3941
1341848027.6427 1.3266 -1.9944 3.7691 0.0681 0.7674 0.5023 -0.3927
1341848027.6747 1.3347 -1.9952 3.7683 0.0679 0.7685 0.5022 -0.3906
1341848027.7110 1.3417 -1.9937 3.7653 0.0681 0.7685 0.5026 -0.3902
1341848027.7428 1.3488 -1.9921 3.7600 0.0680 0.7687 0.5031 -0.3892
1341848027.7788 1.3549 -1.9910 3.7563 0.0672 0.7700 0.5031 -0.3867
1341848027.8107 1.3628 -1.9896 3.7536 0.0660 0.7708 0.5031 -0.3852
1341848027.8428 1.3709 -1.9874 3.7491 0.0654 0.7707 0.5045 -0.3837
1341848027.8787 1.3752 -1.9846 3.7446 0.0652 0.7713 0.5057 -0.3809
1341848027.9111 1.3819 -1.9841 3.7405 0.0637 0.7721 0.5065 -0.3785
1341848027.9427 1.3887 -1.9811 3.7358 0.0622 0.7719 0.5082 -0.3767
1341848027.9788 1.3937 -1.9789 3.7269 0.0606 0.7724 0.5094 -0.3745
1341848028.0110 1.3992 -1.9774 3.7244 0.0592 0.7744 0.5084 -0.3719
1341848028.0467 1.4049 -1.9751 3.7191 0.0583 0.7748 0.5085 -0.3711
1341848028.0790 1.4103 -1.9723 3.7122 0.0588 0.7760 0.5073 -0.3701
1341848028.1110 1.4164 -1.9706 3.7082 0.0600 0.7778 0.5055 -0.3686
1341848028.1506 1.4180 -1.9690 3.7030 0.0613 0.7782 0.5049 -0.3682
1341848028.1860 1.4226 -1.9668 3.6931 0.0611 0.7790 0.5034 -0.3689
1341848028.2542 1.4326 -1.9618 3.6847 0.0626 0.7801 0.5008 -0.3698
1341848028.3149 1.4392 -1.9564 3.6741 0.0632 0.7814 0.4978 -0.3709
1341848028.3790 1.4486 -1.9497 3.6595 0.0640 0.7809 0.4959 -0.3745
1341848028.4146 1.4526 -1.9466 3.6525 0.0648 0.7813 0.4944 -0.3755
1341848028.4476 1.4577 -1.9445 3.6448 0.0644 0.7809 0.4935 -0.3775
1341848028.4828 1.4647 -1.9400 3.6387 0.0647 0.7815 0.4913 -0.3792
1341848028.5147 1.4714 -1.9370 3.6338 0.0681 0.7814 0.4901 -0.3803
1341848028.5466 1.4770 -1.9341 3.6229 0.0692 0.7801 0.4916 -0.3807
1341848028.5827 1.4840 -1.9318 3.6167 0.0683 0.7807 0.4908 -0.3808
1341848028.6146 1.4921 -1.9275 3.6111 0.0689 0.7806 0.4909 -0.3807
1341848028.6538 1.4993 -1.9236 3.6019 0.0694 0.7801 0.4917 -0.3806
1341848028.7218 1.5133 -1.9162 3.5889 0.0701 0.7806 0.4907 -0.3808
1341848028.7829 1.5257 -1.9083 3.5728 0.0717 0.7807 0.4898 -0.3814
1341848028.8148 1.5319 -1.9058 3.5656 0.0713 0.7808 0.4899 -0.3812
1341848028.8508 1.5378 -1.9013 3.5589 0.0713 0.7814 0.4891 -0.3809
1341848028.8827 1.5447 -1.8984 3.5550 0.0727 0.7820 0.4884 -0.3803
1341848028.9148 1.5516 -1.8956 3.5482 0.0743 0.7811 0.4897 -0.3802
1341848028.9509 1.5573 -1.8922 3.5414 0.0755 0.7803 0.4909 -0.3800
1341848028.9827 1.5628 -1.8890 3.5330 0.0754 0.7797 0.4922 -0.3797
1341848029.0187 1.5679 -1.8867 3.5265 0.0737 0.7796 0.4930 -0.3792
1341848029.0829 1.5786 -1.8807 3.5164 0.0709 0.7798 0.4924 -0.3801
1341848029.1188 1.5840 -1.8775 3.5108 0.0715 0.7791 0.4927 -0.3810
1341848029.1507 1.5886 -1.8748 3.5045 0.0715 0.7778 0.4940 -0.3819
1341848029.1827 1.5931 -1.8718 3.5005 0.0705 0.7767 0.4953 -0.3827
1341848029.2187 1.5990 -1.8683 3.4957 0.0696 0.7758 0.4962 -0.3835
1341848029.2506 1.6040 -1.8656 3.4909 0.0680 0.7752 0.4973 -0.3836
1341848029.2870 1.6093 -1.8629 3.4867 0.0654 0.7745 0.4980 -0.3846
1341848029.3202 1.6166 -1.8604 3.4824 0.0638 0.7730 0.4987 -0.3870
1341848029.3510 1.6228 -1.8568 3.4756 0.0650 0.7723 0.4980 -0.3890
1341848029.3869 1.6298 -1.8551 3.4727 0.0647 0.7724 0.4970 -0.3900
1341848029.4188 1.6366 -1.8531 3.4678 0.0636 0.7709 0.4976 -0.3925
1341848029.4508 1.6438 -1.8505 3.4633 0.0637 0.7704 0.4963 -0.3950
1341848029.4868 1.6518 -1.8494 3.4588 0.0631 0.7698 0.4958 -0.3970
1341848029.5189 1.6590 -1.8473 3.4555 0.0617 0.7691 0.4949 -0.3998
1341848029.5547 1.6678 -1.8469 3.4513 0.0623 0.7686 0.4929 -0.4029
1341848029.5870 1.6779 -1.8473 3.4494 0.0636 0.7689 0.4907 -0.4049
1341848029.6187 1.6864 -1.8457 3.4458 0.0646 0.7675 0.4898 -0.4084
1341848029.6553 1.6951 -1.8441 3.4394 0.0655 0.7657 0.4889 -0.4127
1341848029.6868 1.7051 -1.8431 3.4370 0.0655 0.7656 0.4870 -0.4151
1341848029.7188 1.7149 -1.8428 3.4340 0.0656 0.7635 0.4871 -0.4189
1341848029.7548 1.7232 -1.8407 3.4293 0.0661 0.7616 0.4870 -0.4224
1341848029.7869 1.7332 -1.8400 3.4266 0.0663 0.7612 0.4853 -0.4251
1341848029.8228 1.7427 -1.8392 3.4235 0.0666 0.7593 0.4854 -0.4282
1341848029.8548 1.7510 -1.8372 3.4198 0.0670 0.7576 0.4850 -0.4316
1341848029.8880 1.7600 -1.8355 3.4176 0.0681 0.7565 0.4837 -0.4349
1341848029.9228 1.7689 -1.8342 3.4162 0.0690 0.7551 0.4834 -0.4374
1341848029.9546 1.7761 -1.8310 3.4131 0.0695 0.7531 0.4835 -0.4407
1341848029.9908 1.7844 -1.8292 3.4104 0.0695 0.7520 0.4827 -0.4436
1341848030.0229 1.7937 -1.8280 3.4082 0.0697 0.7504 0.4829 -0.4460
1341848030.0548 1.8006 -1.8251 3.4057 0.0697 0.7489 0.4831 -0.4482
1341848030.0908 1.8078 -1.8232 3.4015 0.0695 0.7474 0.4828 -0.4510
1341848030.1228 1.8153 -1.8213 3.4000 0.0685 0.7464 0.4826 -0.4531
1341848030.1549 1.8216 -1.8192 3.3959 0.0688 0.7444 0.4830 -0.4559
1341848030.1907 1.8271 -1.8169 3.3928 0.0687 0.7430 0.4829 -0.4584
1341848030.2227 1.8324 -1.8148 3.3895 0.0679 0.7409 0.4832 -0.4615
1341848030.2589 1.8380 -1.8130 3.3869 0.0669 0.7389 0.4832 -0.4648
1341848030.2909 1.8443 -1.8099 3.3834 0.0669 0.7366 0.4834 -0.4682
1341848030.3228 1.8494 -1.8078 3.3795 0.0667 0.7348 0.4838 -0.4707
1341848030.3589 1.8544 -1.8040 3.3756 0.0661 0.7316 0.4851 -0.4744
1341848030.3908 1.8589 -1.8019 3.3706 0.0658 0.7295 0.4852 -0.4776
1341848030.4228 1.8654 -1.7985 3.3689 0.0653 0.7277 0.4852 -0.4804
1341848030.4589 1.8691 -1.7948 3.3632 0.0656 0.7255 0.4853 -0.4836
1341848030.4908 1.8761 -1.7920 3.3606 0.0648 0.7244 0.4852 -0.4855
1341848030.5267 1.8794 -1.7873 3.3560 0.0647 0.7224 0.4857 -0.4879
1341848030.5658 1.8839 -1.7828 3.3507 0.0644 0.7208 0.4847 -0.4913
1341848030.6270 1.8938 -1.7770 3.3421 0.0658 0.7174 0.4830 -0.4978
1341848030.6589 1.8979 -1.7730 3.3356 0.0672 0.7161 0.4812 -0.5011
1341848030.6907 1.9038 -1.7705 3.3308 0.0685 0.7157 0.4789 -0.5037
1341848030.7268 1.9089 -1.7666 3.3256 0.0690 0.7145 0.4774 -0.5068
1341848030.7588 1.9125 -1.7634 3.3192 0.0695 0.7129 0.4756 -0.5107
1341848030.7947 1.9182 -1.7611 3.3134 0.0689 0.7118 0.4732 -0.5145
1341848030.8275 1.9243 -1.7576 3.3065 0.0688 0.7106 0.4708 -0.5184
1341848030.8598 1.9320 -1.7558 3.3017 0.0706 0.7098 0.4672 -0.5224
1341848030.8947 1.9390 -1.7538 3.2959 0.0751 0.7078 0.4644 -0.5270
1341848030.9267 1.9441 -1.7501 3.2858 0.0785 0.7061 0.4617 -0.5310
1341848030.9587 1.9484 -1.7484 3.2784 0.0788 0.7059 0.4589 -0.5338
1341848030.9947 1.9561 -1.7474 3.2729 0.0783 0.7047 0.4557 -0.5382
1341848031.0267 1.9634 -1.7439 3.2638 0.0801 0.7039 0.4528 -0.5414
1341848031.0628 1.9701 -1.7421 3.2571 0.0833 0.7043 0.4492 -0.5434
1341848031.0948 1.9778 -1.7401 3.2505 0.0858 0.7032 0.4466 -0.5465
1341848031.1268 1.9841 -1.7369 3.2409 0.0873 0.7025 0.4452 -0.5483
1341848031.1629 1.9912 -1.7337 3.2353 0.0891 0.7036 0.4429 -0.5485
1341848031.1947 1.9984 -1.7325 3.2297 0.0905 0.7033 0.4419 -0.5495
1341848031.2310 2.0029 -1.7291 3.2225 0.0916 0.7024 0.4419 -0.5504
1341848031.2627 2.0103 -1.7284 3.2157 0.0930 0.7021 0.4413 -0.5510
1341848031.2947 2.0163 -1.7264 3.2106 0.0961 0.7009 0.4416 -0.5518
1341848031.3308 2.0189 -1.7241 3.2027 0.0975 0.6997 0.4424 -0.5525
1341848031.3630 2.0233 -1.7233 3.1968 0.0968 0.6994 0.4417 -0.5535
1341848031.3948 2.0273 -1.7223 3.1924 0.0954 0.6989 0.4416 -0.5545
1341848031.4306 2.0318 -1.7200 3.1865 0.0944 0.6978 0.4410 -0.5565
1341848031.4722 2.0358 -1.7192 3.1816 0.0930 0.6973 0.4401 -0.5580
1341848031.5021 2.0406 -1.7179 3.1785 0.0912 0.6961 0.4406 -0.5595
1341848031.5629 2.0494 -1.7173 3.1713 0.0893 0.6935 0.4389 -0.5643
1341848031.5987 2.0532 -1.7166 3.1685 0.0893 0.6912 0.4388 -0.5672
1341848031.6308 2.0575 -1.7159 3.1638 0.0888 0.6897 0.4381 -0.5696
1341848031.6628 2.0634 -1.7155 3.1615 0.0878 0.6889 0.4369 -0.5717
1341848031.6988 2.0687 -1.7151 3.1574 0.0868 0.6870 0.4364 -0.5746
1341848031.7307 2.0725 -1.7144 3.1527 0.0855 0.6860 0.4348 -0.5772
1341848031.7667 2.0801 -1.7140 3.1503 0.0831 0.6857 0.4322 -0.5798
1341848031.7987 2.0876 -1.7134 3.1480 0.0827 0.6836 0.4308 -0.5832
1341848031.8308 2.0920 -1.7124 3.1443 0.0838 0.6816 0.4283 -0.5873
1341848031.8667 2.0987 -1.7126 3.1416 0.0836 0.6800 0.4258 -0.5910
1341848031.8987 2.1039 -1.7126 3.1379 0.0819 0.6781 0.4249 -0.5941
1341848031.9308 2.1118 -1.7122 3.1344 0.0816 0.6770 0.4217 -0.5977
1341848031.9667 2.1195 -1.7123 3.1313 0.0826 0.6756 0.4203 -0.6001
1341848031.9987 2.1243 -1.7113 3.1264 0.0813 0.6734 0.4199 -0.6031
1341848032.0347 2.1331 -1.7112 3.1221 0.0788 0.6723 0.4185 -0.6056
1341848032.0667 2.1423 -1.7094 3.1200 0.0785 0.6712 0.4171 -0.6077
1341848032.0987 2.1496 -1.7079 3.1143 0.0793 0.6700 0.4162 -0.6096
1341848032.1347 2.1564 -1.7064 3.1108 0.0786 0.6701 0.4158 -0.6099
1341848032.1670 2.1642 -1.7043 3.1079 0.0781 0.6688 0.4156 -0.6114
1341848032.2030 2.1711 -1.7027 3.1019 0.0785 0.6680 0.4151 -0.6126
1341848032.2347 2.1788 -1.7007 3.0994 0.0785 0.6681 0.4142 -0.6130
1341848032.2667 2.1858 -1.6972 3.0970 0.0785 0.6665 0.4146 -0.6146
1341848032.3028 2.1896 -1.6962 3.0906 0.0781 0.6655 0.4149 -0.6156
1341848032.3346 2.1978 -1.6959 3.0903 0.0775 0.6658 0.4135 -0.6162
1341848032.3667 2.2027 -1.6933 3.0873 0.0775 0.6637 0.4142 -0.6180
1341848032.4030 2.2058 -1.6932 3.0822 0.0766 0.6629 0.4131 -0.6198
1341848032.4347 2.2142 -1.6929 3.0806 0.0758 0.6626 0.4112 -0.6214
1341848032.4708 2.2200 -1.6914 3.0766 0.0751 0.6621 0.4105 -0.6225
1341848032.5030 2.2256 -1.6903 3.0721 0.0749 0.6620 0.4095 -0.6233
1341848032.5347 2.2316 -1.6897 3.0694 0.0750 0.6620 0.4079 -0.6244
1341848032.5709 2.2372 -1.6883 3.0651 0.0748 0.6613 0.4071 -0.6256
1341848032.6030 2.2432 -1.6863 3.0560 0.0736 0.6619 0.4057 -0.6260
1341848032.6347 2.2475 -1.6857 3.0527 0.0724 0.6635 0.4036 -0.6258
1341848032.6708 2.2540 -1.6848 3.0473 0.0702 0.6638 0.4022 -0.6266
1341848032.7028 2.2603 -1.6837 3.0408 0.0686 0.6644 0.4011 -0.6268
1341848032.7387 2.2684 -1.6828 3.0362 0.0689 0.6654 0.3990 -0.6271
1341848032.7707 2.2735 -1.6804 3.0310 0.0694 0.6650 0.3995 -0.6272
1341848032.8029 2.2774 -1.6781 3.0210 0.0689 0.6646 0.3996 -0.6276
1341848032.8388 2.2842 -1.6770 3.0168 0.0685 0.6663 0.3986 -0.6264
1341848032.8707 2.2878 -1.6739 3.0123 0.0697 0.6662 0.3986 -0.6265
1341848032.9027 2.2900 -1.6706 3.0041 0.0709 0.6657 0.3978 -0.6274
1341848032.9388 2.2961 -1.6688 3.0002 0.0711 0.6656 0.3971 -0.6279
1341848032.9708 2.2989 -1.6635 2.9937 0.0704 0.6642 0.3982 -0.6288
1341848033.0067 2.3007 -1.6613 2.9871 0.0703 0.6631 0.3979 -0.6302
1341848033.0392 2.3042 -1.6583 2.9806 0.0703 0.6626 0.3966 -0.6315
1341848033.0708 2.3053 -1.6556 2.9751 0.0692 0.6619 0.3959 -0.6327
1341848033.1069 2.3067 -1.6509 2.9677 0.0673 0.6604 0.3944 -0.6354
1341848033.1391 2.3091 -1.6487 2.9606 0.0671 0.6598 0.3920 -0.6376
1341848033.1707 2.3135 -1.6464 2.9568 0.0696 0.6589 0.3897 -0.6396
1341848033.2069 2.3148 -1.6428 2.9507 0.0722 0.6568 0.3888 -0.6420
1341848033.2387 2.3160 -1.6396 2.9437 0.0723 0.6549 0.3877 -0.6447
1341848033.2749 2.3220 -1.6368 2.9381 0.0713 0.6534 0.3873 -0.6465
1341848033.3067 2.3233 -1.6322 2.9321 0.0717 0.6510 0.3876 -0.6487
1341848033.3388 2.3262 -1.6303 2.9246 -0.0727 -0.6490 -0.3862 0.6514
1341848033.3748 2.3302 -1.6272 2.9201 -0.0730 -0.6472 -0.3867 0.6529
1341848033.4068 2.3296 -1.6215 2.9106 -0.0724 -0.6451 -0.3874 0.6547
1341848033.4431 2.3326 -1.6192 2.9051 -0.0721 -0.6448 -0.3860 0.6558
1341848033.4747 2.3360 -1.6164 2.9009 -0.0726 -0.6437 -0.3854 0.6571
1341848033.5068 2.3370 -1.6131 2.8948 -0.0729 -0.6425 -0.3853 0.6584
1341848033.5429 2.3386 -1.6105 2.8877 -0.0731 -0.6421 -0.3842 0.6593
1341848033.5748 2.3418 -1.6083 2.8848 -0.0737 -0.6415 -0.3827 0.6607
1341848033.6069 2.3430 -1.6055 2.8791 -0.0752 -0.6393 -0.3816 0.6634
1341848033.6429 2.3451 -1.6038 2.8722 -0.0762 -0.6387 -0.3804 0.6645
1341848033.6749 2.3474 -1.6023 2.8686 -0.0766 -0.6383 -0.3795 0.6653
1341848033.7108 2.3499 -1.6000 2.8616 -0.0775 -0.6364 -0.3790 0.6674
1341848033.7428 2.3498 -1.5984 2.8536 -0.0785 -0.6361 -0.3774 0.6684
1341848033.7748 2.3539 -1.5970 2.8502 -0.0775 -0.6367 -0.3761 0.6687
1341848033.8111 2.3558 -1.5946 2.8462 -0.0771 -0.6348 -0.3758 0.6707
1341848033.8428 2.3579 -1.5933 2.8396 -0.0783 -0.6334 -0.3742 0.6728
1341848033.8749 2.3613 -1.5916 2.8363 -0.0792 -0.6330 -0.3731 0.6737
1341848033.9112 2.3621 -1.5896 2.8321 -0.0792 -0.6306 -0.3722 0.6764
1341848033.9428 2.3625 -1.5881 2.8278 -0.0766 -0.6276 -0.3708 0.6803
1341848033.9789 2.3657 -1.5878 2.8239 -0.0730 -0.6256 -0.3686 0.6837
1341848034.0108 2.3675 -1.5876 2.8205 -0.0695 -0.6230 -0.3662 0.6877
1341848034.0427 2.3723 -1.5883 2.8172 -0.0670 -0.6191 -0.3635 0.6929
1341848034.0788 2.3764 -1.5881 2.8132 -0.0674 -0.6165 -0.3600 0.6970
1341848034.1108 2.3774 -1.5883 2.8107 -0.0678 -0.6155 -0.3563 0.6997
1341848034.1427 2.3809 -1.5891 2.8089 -0.0656 -0.6115 -0.3522 0.7054
1341848034.1788 2.3863 -1.5885 2.8052 -0.0623 -0.6082 -0.3498 0.7098
1341848034.2107 2.3922 -1.5897 2.8016 -0.0620 -0.6069 -0.3472 0.7123
1341848034.2467 2.3986 -1.5888 2.7983 -0.0634 -0.6037 -0.3439 0.7164
1341848034.2787 2.4009 -1.5892 2.7943 -0.0636 -0.6011 -0.3417 0.7196
1341848034.3181 2.4068 -1.5898 2.7909 -0.0621 -0.6000 -0.3390 0.7220
1341848034.3538 2.4140 -1.5884 2.7862 -0.0624 -0.5977 -0.3361 0.7252
1341848034.3862 2.4196 -1.5877 2.7807 -0.0636 -0.5963 -0.3334 0.7275
1341848034.4218 2.4254 -1.5868 2.7772 -0.0641 -0.5955 -0.3317 0.7288
1341848034.4538 2.4327 -1.5841 2.7720 -0.0640 -0.5936 -0.3308 0.7308
1341848034.4857 2.4390 -1.5830 2.7644 -0.0639 -0.5926 -0.3300 0.7320
1341848034.5217 2.4443 -1.5791 2.7590 -0.0626 -0.5929 -0.3299 0.7319
1341848034.5537 2.4518 -1.5751 2.7532 -0.0616 -0.5920 -0.3302 0.7326
1341848034.5858 2.4589 -1.5702 2.7458 -0.0621 -0.5916 -0.3305 0.7328
1341848034.6538 2.4728 -1.5622 2.7351 -0.0645 -0.5902 -0.3327 0.7327
1341848034.7152 2.4858 -1.5540 2.7216 -0.0656 -0.5879 -0.3333 0.7342
1341848034.7467 2.4925 -1.5497 2.7175 -0.0668 -0.5881 -0.3337 0.7337
1341848034.7828 2.4967 -1.5452 2.7125 -0.0684 -0.5868 -0.3343 0.7343
1341848034.8147 2.5028 -1.5406 2.7056 -0.0686 -0.5859 -0.3338 0.7353
1341848034.8469 2.5090 -1.5364 2.7018 -0.0680 -0.5862 -0.3353 0.7344
1341848034.8827 2.5123 -1.5326 2.6973 -0.0692 -0.5846 -0.3355 0.7354
1341848034.9148 2.5169 -1.5299 2.6932 -0.0698 -0.5833 -0.3358 0.7363
1341848034.9515 2.5202 -1.5259 2.6902 -0.0691 -0.5819 -0.3369 0.7370
1341848034.9830 2.5222 -1.5230 2.6863 -0.0693 -0.5798 -0.3372 0.7384
1341848035.0149 2.5258 -1.5200 2.6832 -0.0701 -0.5782 -0.3373 0.7396
1341848035.0509 2.5267 -1.5153 2.6788 -0.0711 -0.5769 -0.3372 0.7406
1341848035.0843 2.5296 -1.5127 2.6747 -0.0708 -0.5761 -0.3371 0.7413
1341848035.1189 2.5338 -1.5083 2.6708 -0.0702 -0.5746 -0.3377 0.7422
1341848035.2189 2.5394 -1.4970 2.6566 -0.0717 -0.5716 -0.3387 0.7439
1341848035.2843 2.5408 -1.4888 2.6431 -0.0715 -0.5705 -0.3379 0.7451
1341848035.3199 2.5432 -1.4862 2.6386 -0.0717 -0.5702 -0.3360 0.7462
1341848035.3510 2.5437 -1.4822 2.6303 -0.0718 -0.5696 -0.3346 0.7473
1341848035.4227 2.5482 -1.4779 2.6183 -0.0732 -0.5697 -0.3302 0.7490
1341848035.4868 2.5494 -1.4699 2.6034 -0.0736 -0.5694 -0.3258 0.7511
1341848035.5186 2.5523 -1.4660 2.5967 -0.0753 -0.5690 -0.3239 0.7521
1341848035.5509 2.5475 -1.4623 2.5904 -0.0781 -0.5682 -0.3209 0.7537
1341848035.5867 2.5505 -1.4609 2.5823 -0.0779 -0.5680 -0.3176 0.7553
1341848035.6188 2.5546 -1.4575 2.5763 -0.0772 -0.5668 -0.3158 0.7570
1341848035.6547 2.5538 -1.4532 2.5695 -0.0790 -0.5644 -0.3134 0.7596
1341848035.6867 2.5560 -1.4511 2.5635 -0.0816 -0.5630 -0.3107 0.7615
1341848035.7188 2.5573 -1.4461 2.5585 -0.0835 -0.5595 -0.3095 0.7643
1341848035.7560 2.5553 -1.4404 2.5494 -0.0847 -0.5564 -0.3077 0.7671
1341848035.7867 2.5556 -1.4397 2.5472 -0.0847 -0.5559 -0.3073 0.7677
1341848035.8188 2.5561 -1.4335 2.5382 -0.0848 -0.5518 -0.3064 0.7710
1341848035.8547 2.5547 -1.4317 2.5310 -0.0857 -0.5498 -0.3042 0.7732
1341848035.8867 2.5568 -1.4292 2.5245 -0.0868 -0.5495 -0.3015 0.7744
1341848035.9228 2.5564 -1.4259 2.5176 -0.0884 -0.5484 -0.2991 0.7759
1341848035.9546 2.5562 -1.4226 2.5091 -0.0891 -0.5483 -0.2964 0.7769
1341848035.9867 2.5600 -1.4198 2.5013 -0.0909 -0.5488 -0.2935 0.7774
1341848036.0228 2.5619 -1.4163 2.4958 -0.0942 -0.5484 -0.2917 0.7780
1341848036.0549 2.5596 -1.4109 2.4888 -0.0963 -0.5473 -0.2901 0.7791
1341848036.0870 2.5614 -1.4089 2.4816 -0.0963 -0.5464 -0.2894 0.7800
1341848036.1227 2.5632 -1.4048 2.4757 -0.0958 -0.5444 -0.2910 0.7809
1341848036.1548 2.5597 -1.4005 2.4691 -0.0969 -0.5422 -0.2913 0.7821
1341848036.1908 2.5591 -1.3980 2.4628 -0.0968 -0.5412 -0.2905 0.7831
1341848036.2233 2.5585 -1.3956 2.4576 -0.0963 -0.5400 -0.2913 0.7837
1341848036.2547 2.5580 -1.3912 2.4500 -0.0946 -0.5387 -0.2920 0.7846
1341848036.2908 2.5576 -1.3875 2.4449 -0.0919 -0.5368 -0.2927 0.7860
1341848036.3549 2.5577 -1.3792 2.4311 -0.0904 -0.5331 -0.2936 0.7883
1341848036.3908 2.5581 -1.3754 2.4248 -0.0907 -0.5325 -0.2921 0.7892
1341848036.4588 2.5579 -1.3667 2.4102 -0.0889 -0.5285 -0.2916 0.7923
1341848036.4912 2.5600 -1.3633 2.4022 -0.0877 -0.5288 -0.2914 0.7923
1341848036.5227 2.5594 -1.3584 2.3946 -0.0868 -0.5280 -0.2911 0.7931
1341848036.5589 2.5593 -1.3547 2.3868 -0.0853 -0.5273 -0.2899 0.7941
1341848036.5907 2.5598 -1.3500 2.3806 -0.0839 -0.5264 -0.2883 0.7955
1341848036.6268 2.5596 -1.3455 2.3722 -0.0840 -0.5246 -0.2851 0.7978
1341848036.6587 2.5592 -1.3419 2.3617 -0.0836 -0.5237 -0.2819 0.7995
1341848036.6912 2.5595 -1.3374 2.3520 -0.0808 -0.5232 -0.2795 0.8010
1341848036.7268 2.5635 -1.3335 2.3418 -0.0794 -0.5221 -0.2764 0.8030
1341848036.7589 2.5631 -1.3287 2.3309 -0.0794 -0.5207 -0.2732 0.8050
1341848036.7907 2.5652 -1.3259 2.3206 -0.0776 -0.5199 -0.2704 0.8066
1341848036.8270 2.5701 -1.3216 2.3101 -0.0757 -0.5178 -0.2691 0.8085
1341848036.8586 2.5713 -1.3178 2.3003 -0.0763 -0.5154 -0.2669 0.8107
1341848036.9268 2.5731 -1.3096 2.2798 -0.0769 -0.5123 -0.2613 0.8145
1341848036.9587 2.5747 -1.3051 2.2681 -0.0738 -0.5109 -0.2600 0.8160
1341848036.9948 2.5795 -1.2999 2.2572 -0.0725 -0.5093 -0.2576 0.8179
1341848037.0268 2.5790 -1.2959 2.2454 -0.0709 -0.5084 -0.2567 0.8189
1341848037.0610 2.5798 -1.2900 2.2359 -0.0671 -0.5085 -0.2558 0.8194
1341848037.0947 2.5829 -1.2854 2.2245 -0.0640 -0.5081 -0.2533 0.8207
1341848037.1267 2.5853 -1.2797 2.2145 -0.0627 -0.5086 -0.2513 0.8211
1341848037.1628 2.5821 -1.2772 2.2026 -0.0605 -0.5093 -0.2487 0.8217
1341848037.1947 2.5841 -1.2749 2.1885 -0.0535 -0.5135 -0.2464 0.8202
1341848037.2270 2.5913 -1.2687 2.1803 -0.0498 -0.5164 -0.2431 0.8196
1341848037.2637 2.5897 -1.2650 2.1669 -0.0485 -0.5186 -0.2395 0.8194
1341848037.2952 2.5944 -1.2615 2.1560 -0.0430 -0.5230 -0.2393 0.8170
1341848037.3269 2.5976 -1.2557 2.1496 -0.0415 -0.5233 -0.2395 0.8167
1341848037.3627 2.5945 -1.2526 2.1372 -0.0416 -0.5228 -0.2391 0.8172
1341848037.3951 2.5945 -1.2483 2.1275 -0.0379 -0.5241 -0.2400 0.8163
1341848037.4309 2.5948 -1.2439 2.1191 -0.0353 -0.5240 -0.2409 0.8162
1341848037.4628 2.5937 -1.2387 2.1069 -0.0341 -0.5234 -0.2411 0.8166
1341848037.5307 2.5929 -1.2273 2.0922 -0.0315 -0.5244 -0.2420 0.8157
1341848037.5630 2.5898 -1.2222 2.0823 -0.0311 -0.5226 -0.2438 0.8164
1341848037.5958 2.5879 -1.2186 2.0729 -0.0303 -0.5224 -0.2443 0.8164
1341848037.6308 2.5873 -1.2121 2.0665 -0.0296 -0.5210 -0.2452 0.8170
1341848037.6627 2.5829 -1.2085 2.0589 -0.0290 -0.5181 -0.2468 0.8184
1341848037.6987 2.5787 -1.2026 2.0507 -0.0271 -0.5165 -0.2476 0.8193
1341848037.7310 2.5763 -1.1969 2.0441 -0.0262 -0.5144 -0.2468 0.8208
1341848037.7698 2.5732 -1.1918 2.0355 -0.0268 -0.5118 -0.2463 0.8226
1341848037.8378 2.5658 -1.1810 2.0222 -0.0249 -0.5089 -0.2433 0.8254
1341848037.8989 2.5600 -1.1694 2.0089 -0.0321 -0.5028 -0.2404 0.8297
1341848037.9309 2.5574 -1.1629 2.0028 -0.0339 -0.4987 -0.2395 0.8323
1341848037.9669 2.5555 -1.1552 1.9938 -0.0361 -0.4945 -0.2398 0.8347
1341848037.9986 2.5504 -1.1492 1.9852 -0.0384 -0.4914 -0.2395 0.8365
1341848038.0309 2.5473 -1.1443 1.9795 -0.0394 -0.4887 -0.2395 0.8380
1341848038.0668 2.5450 -1.1390 1.9740 -0.0417 -0.4846 -0.2401 0.8401
1341848038.0987 2.5410 -1.1346 1.9674 -0.0449 -0.4807 -0.2395 0.8423
1341848038.1347 2.5373 -1.1306 1.9598 -0.0461 -0.4780 -0.2398 0.8437
1341848038.1667 2.5346 -1.1250 1.9539 -0.0460 -0.4750 -0.2410 0.8451
1341848038.1987 2.5313 -1.1194 1.9466 -0.0472 -0.4716 -0.2405 0.8471
1341848038.2347 2.5264 -1.1145 1.9405 -0.0483 -0.4704 -0.2386 0.8482
1341848038.2741 2.5251 -1.1094 1.9339 -0.0469 -0.4687 -0.2386 0.8492
1341848038.3065 2.5218 -1.1044 1.9251 -0.0468 -0.4660 -0.2393 0.8505
1341848038.3419 2.5161 -1.0994 1.9209 -0.0466 -0.4647 -0.2386 0.8514
1341848038.3741 2.5131 -1.0962 1.9133 -0.0446 -0.4624 -0.2393 0.8526
1341848038.4098 2.5096 -1.0907 1.9050 -0.0428 -0.4602 -0.2406 0.8535
1341848038.4418 2.5070 -1.0891 1.8988 -0.0427 -0.4603 -0.2390 0.8539
1341848038.4739 2.5054 -1.0848 1.8928 -0.0428 -0.4591 -0.2383 0.8547
1341848038.5102 2.4979 -1.0806 1.8856 -0.0419 -0.4570 -0.2383 0.8559
1341848038.5669 2.4988 -1.0843 1.8801 -0.0368 -0.4592 -0.2371 0.8553
1341848038.6030 2.4921 -1.0690 1.8580 -0.0337 -0.4548 -0.2361 0.8580
1341848038.6347 2.4916 -1.0647 1.8487 -0.0325 -0.4557 -0.2352 0.8579
1341848038.6707 2.4933 -1.0604 1.8394 -0.0321 -0.4552 -0.2356 0.8581
1341848038.7029 2.4883 -1.0569 1.8311 -0.0325 -0.4545 -0.2360 0.8583
1341848038.7348 2.4878 -1.0530 1.8218 -0.0297 -0.4548 -0.2361 0.8582
1341848038.7707 2.4894 -1.0466 1.8108 -0.0279 -0.4531 -0.2361 0.8592
1341848038.8028 2.4868 -1.0407 1.7991 -0.0296 -0.4524 -0.2351 0.8598
1341848038.8388 2.4850 -1.0392 1.7940 -0.0307 -0.4530 -0.2329 0.8600
1341848038.8711 2.4863 -1.0329 1.7852 -0.0283 -0.4505 -0.2324 0.8615
1341848038.9028 2.4874 -1.0269 1.7732 -0.0294 -0.4474 -0.2313 0.8634
1341848038.9388 2.4866 -1.0218 1.7646 -0.0311 -0.4470 -0.2278 0.8645
1341848038.9708 2.4902 -1.0173 1.7575 -0.0315 -0.4445 -0.2266 0.8660
1341848039.0026 2.4897 -1.0100 1.7515 -0.0324 -0.4403 -0.2271 0.8681
1341848039.0389 2.4877 -1.0063 1.7423 -0.0323 -0.4379 -0.2244 0.8700
1341848039.0708 2.4937 -1.0007 1.7311 -0.0316 -0.4358 -0.2224 0.8715
1341848039.1068 2.4935 -0.9957 1.7227 -0.0328 -0.4341 -0.2212 0.8727
1341848039.1387 2.4951 -0.9926 1.7150 -0.0326 -0.4333 -0.2186 0.8737
1341848039.1707 2.4991 -0.9876 1.7050 -0.0331 -0.4308 -0.2176 0.8752
1341848039.2068 2.4970 -0.9850 1.6981 -0.0342 -0.4293 -0.2165 0.8762
1341848039.2389 2.4989 -0.9806 1.6894 -0.0325 -0.4289 -0.2147 0.8768
1341848039.2710 2.5063 -0.9747 1.6787 -0.0316 -0.4271 -0.2144 0.8778
1341848039.3067 2.5025 -0.9716 1.6724 -0.0333 -0.4256 -0.2134 0.8788
1341848039.3389 2.5037 -0.9679 1.6647 -0.0332 -0.4250 -0.2116 0.8795
1341848039.3748 2.5067 -0.9635 1.6581 -0.0326 -0.4241 -0.2124 0.8798
1341848039.4069 2.5067 -0.9600 1.6518 -0.0329 -0.4220 -0.2128 0.8807
1341848039.4389 2.5071 -0.9546 1.6447 -0.0329 -0.4206 -0.2127 0.8813
1341848039.4749 2.5077 -0.9505 1.6389 -0.0335 -0.4190 -0.2135 0.8819
1341848039.5071 2.5036 -0.9468 1.6347 -0.0334 -0.4166 -0.2143 0.8828
1341848039.5387 2.5026 -0.9440 1.6277 -0.0320 -0.4148 -0.2146 0.8837
1341848039.5749 2.5002 -0.9378 1.6185 -0.0313 -0.4137 -0.2149 0.8841
1341848039.6067 2.4982 -0.9347 1.6145 -0.0313 -0.4137 -0.2148 0.8842
1341848039.6427 2.4954 -0.9304 1.6095 -0.0295 -0.4112 -0.2157 0.8852
1341848039.6748 2.4921 -0.9255 1.5997 -0.0273 -0.4096 -0.2162 0.8858
1341848039.7072 2.4910 -0.9210 1.5922 -0.0272 -0.4098 -0.2159 0.8858
1341848039.7429 2.4881 -0.9160 1.5886 -0.0270 -0.4083 -0.2165 0.8864
1341848039.7753 2.4833 -0.9123 1.5830 -0.0254 -0.4058 -0.2176 0.8873
1341848039.8069 2.4800 -0.9072 1.5752 -0.0229 -0.4047 -0.2178 0.8878
1341848039.8433 2.4785 -0.9012 1.5688 -0.0220 -0.4029 -0.2175 0.8888
1341848039.8818 2.4723 -0.8988 1.5649 -0.0220 -0.4010 -0.2171 0.8897
1341848039.9434 2.4684 -0.8891 1.5499 -0.0212 -0.3983 -0.2132 0.8919
1341848039.9748 2.4614 -0.8838 1.5453 -0.0235 -0.3971 -0.2109 0.8929
1341848040.0107 2.4542 -0.8808 1.5399 -0.0234 -0.3967 -0.2088 0.8936
1341848040.0428 2.4537 -0.8718 1.5316 -0.0232 -0.3946 -0.2074 0.8948
1341848040.0787 2.4475 -0.8673 1.5261 -0.0265 -0.3921 -0.2057 0.8962
1341848040.1108 2.4415 -0.8605 1.5201 -0.0289 -0.3890 -0.2040 0.8979
1341848040.1427 2.4371 -0.8566 1.5147 -0.0302 -0.3852 -0.2036 0.8996
1341848040.1788 2.4338 -0.8511 1.5054 -0.0314 -0.3820 -0.2041 0.9008
1341848040.2110 2.4300 -0.8469 1.5005 -0.0351 -0.3798 -0.2026 0.9019
1341848040.2427 2.4250 -0.8428 1.4956 -0.0378 -0.3764 -0.2017 0.9035
1341848040.2789 2.4163 -0.8410 1.4919 -0.0388 -0.3730 -0.2010 0.9050
1341848040.3107 2.4128 -0.8370 1.4844 -0.0378 -0.3714 -0.1982 0.9063
1341848040.3469 2.4112 -0.8325 1.4741 -0.0401 -0.3689 -0.1953 0.9078
1341848040.3788 2.4026 -0.8313 1.4749 -0.0432 -0.3674 -0.1928 0.9088
1341848040.4109 2.3958 -0.8328 1.4701 -0.0423 -0.3660 -0.1898 0.9101
1341848040.4467 2.3946 -0.8265 1.4593 -0.0409 -0.3646 -0.1860 0.9115
1341848040.4787 2.3902 -0.8255 1.4541 -0.0420 -0.3641 -0.1828 0.9123
1341848040.5178 2.3847 -0.8252 1.4499 -0.0410 -0.3636 -0.1810 0.9129
1341848040.5789 2.3796 -0.8176 1.4293 -0.0384 -0.3610 -0.1796 0.9143
1341848040.6149 2.3722 -0.8177 1.4254 -0.0397 -0.3597 -0.1781 0.9151
1341848040.6468 2.3706 -0.8162 1.4208 -0.0378 -0.3582 -0.1781 0.9157
1341848040.6790 2.3642 -0.8176 1.4210 -0.0372 -0.3546 -0.1771 0.9173
1341848040.7147 2.3616 -0.8194 1.4220 -0.0339 -0.3502 -0.1750 0.9195
1341848040.7468 2.3563 -0.8187 1.4127 -0.0293 -0.3426 -0.1737 0.9228
1341848040.7788 2.3546 -0.8126 1.4034 -0.0242 -0.3373 -0.1722 0.9252
1341848040.8147 2.3516 -0.8097 1.3977 -0.0228 -0.3306 -0.1708 0.9279
1341848040.8469 2.3441 -0.8089 1.3912 -0.0221 -0.3256 -0.1691 0.9300
1341848040.8828 2.3425 -0.8070 1.3872 -0.0193 -0.3216 -0.1680 0.9316
1341848040.9147 2.3390 -0.8016 1.3803 -0.0181 -0.3162 -0.1658 0.9339
1341848040.9469 2.3329 -0.8008 1.3788 -0.0189 -0.3133 -0.1625 0.9355
1341848040.9845 2.3320 -0.7963 1.3703 -0.0178 -0.3079 -0.1600 0.9377
1341848041.0226 2.3254 -0.7899 1.3636 -0.0201 -0.3034 -0.1560 0.9398
1341848041.0589 2.3205 -0.7886 1.3648 -0.0224 -0.3026 -0.1508 0.9409
1341848041.0943 2.3221 -0.7849 1.3583 -0.0231 -0.2977 -0.1480 0.9428
1341848041.1222 2.3183 -0.7748 1.3559 -0.0258 -0.2925 -0.1450 0.9449
1341848041.1900 2.3127 -0.7704 1.3466 -0.0332 -0.2860 -0.1353 0.9480
1341848041.2507 2.3046 -0.7632 1.3391 -0.0375 -0.2807 -0.1312 0.9501
1341848041.2831 2.3000 -0.7560 1.3337 -0.0403 -0.2770 -0.1302 0.9511
1341848041.3193 2.2909 -0.7577 1.3351 -0.0440 -0.2751 -0.1283 0.9518
1341848041.3555 2.2883 -0.7522 1.3297 -0.0420 -0.2725 -0.1271 0.9528
1341848041.3849 2.2833 -0.7477 1.3274 -0.0421 -0.2689 -0.1284 0.9536
1341848041.4188 2.2744 -0.7461 1.3292 -0.0428 -0.2651 -0.1255 0.9551
1341848041.4508 2.2759 -0.7431 1.3188 -0.0435 -0.2616 -0.1241 0.9562
1341848041.4828 2.2671 -0.7373 1.3200 -0.0459 -0.2582 -0.1250 0.9569
1341848041.5188 2.2567 -0.7362 1.3246 -0.0480 -0.2538 -0.1233 0.9582
1341848041.5507 2.2533 -0.7350 1.3199 -0.0473 -0.2486 -0.1240 0.9595
1341848041.5868 2.2436 -0.7305 1.3191 -0.0473 -0.2443 -0.1245 0.9605
1341848041.6187 2.2350 -0.7293 1.3192 -0.0472 -0.2412 -0.1235 0.9614
1341848041.6510 2.2277 -0.7260 1.3149 -0.0468 -0.2383 -0.1229 0.9623
1341848041.6868 2.2140 -0.7271 1.3174 -0.0473 -0.2364 -0.1218 0.9628
1341848041.7188 2.2081 -0.7213 1.3129 -0.0454 -0.2342 -0.1191 0.9638
1341848041.7508 2.1960 -0.7208 1.3116 -0.0465 -0.2321 -0.1158 0.9647
1341848041.7867 2.1845 -0.7175 1.3119 -0.0457 -0.2311 -0.1122 0.9654
1341848041.8187 2.1739 -0.7156 1.3074 -0.0455 -0.2306 -0.1083 0.9659
1341848041.8547 2.1680 -0.7117 1.3029 -0.0449 -0.2310 -0.1055 0.9662
1341848041.8867 2.1538 -0.7111 1.3053 -0.0462 -0.2291 -0.1024 0.9669
1341848041.9187 2.1407 -0.7167 1.3056 -0.0458 -0.2281 -0.0994 0.9675
1341848041.9950 2.1273 -0.7079 1.2911 -0.0454 -0.2244 -0.0922 0.9691
1341848042.0189 2.1132 -0.7145 1.2991 -0.0482 -0.2236 -0.0875 0.9696
1341848042.0546 2.1074 -0.7094 1.2896 -0.0445 -0.2212 -0.0861 0.9704
1341848042.0895 2.0958 -0.7087 1.2841 -0.0465 -0.2175 -0.0849 0.9712
1341848042.1229 2.0816 -0.7113 1.2909 -0.0489 -0.2164 -0.0807 0.9717
1341848042.1548 2.0764 -0.7120 1.2847 -0.0473 -0.2142 -0.0803 0.9723
1341848042.1867 2.0643 -0.7080 1.2848 -0.0462 -0.2101 -0.0815 0.9732
1341848042.2229 2.0515 -0.7097 1.2846 -0.0482 -0.2064 -0.0784 0.9741
1341848042.2548 2.0482 -0.7081 1.2850 -0.0470 -0.2051 -0.0788 0.9744
1341848042.2907 2.0406 -0.7058 1.2858 -0.0470 -0.2007 -0.0808 0.9752
1341848042.3228 2.0248 -0.7062 1.2858 -0.0481 -0.1958 -0.0792 0.9763
1341848042.3550 2.0218 -0.7038 1.2820 -0.0494 -0.1944 -0.0760 0.9767
1341848042.3907 2.0114 -0.6985 1.2831 -0.0514 -0.1915 -0.0742 0.9773
1341848042.4297 1.9958 -0.6994 1.2854 -0.0529 -0.1863 -0.0722 0.9784
1341848042.4909 1.9856 -0.6922 1.2768 -0.0547 -0.1789 -0.0675 0.9800
1341848042.5227 1.9681 -0.6913 1.2836 -0.0575 -0.1736 -0.0644 0.9810
1341848042.5587 1.9643 -0.6871 1.2816 -0.0555 -0.1696 -0.0613 0.9820
1341848042.5908 1.9616 -0.6872 1.2827 -0.0573 -0.1669 -0.0597 0.9825
1341848042.6227 1.9389 -0.6847 1.2858 -0.0584 -0.1602 -0.0545 0.9839
1341848042.6587 1.9415 -0.6792 1.2853 -0.0539 -0.1598 -0.0517 0.9843
1341848042.6978 1.9286 -0.6772 1.2769 -0.0540 -0.1526 -0.0495 0.9856
1341848042.7298 1.9154 -0.6720 1.2748 -0.0541 -0.1472 -0.0422 0.9867
1341848042.7616 1.9152 -0.6658 1.2693 -0.0535 -0.1449 -0.0372 0.9873
1341848042.7980 1.9099 -0.6648 1.2682 -0.0550 -0.1400 -0.0357 0.9880
1341848042.8297 1.9016 -0.6599 1.2701 -0.0551 -0.1341 -0.0333 0.9889
1341848042.8617 1.8961 -0.6578 1.2647 -0.0561 -0.1285 -0.0298 0.9897
1341848042.8978 1.8881 -0.6542 1.2609 -0.0571 -0.1234 -0.0275 0.9903
1341848042.9299 1.8768 -0.6549 1.2643 -0.0580 -0.1194 -0.0262 0.9908
1341848042.9657 1.8753 -0.6535 1.2645 -0.0561 -0.1169 -0.0239 0.9913
1341848042.9980 1.8665 -0.6469 1.2579 -0.0550 -0.1126 -0.0203 0.9919
1341848043.0303 1.8640 -0.6457 1.2579 -0.0564 -0.1113 -0.0167 0.9920
1341848043.0657 1.8580 -0.6431 1.2530 -0.0570 -0.1071 -0.0148 0.9925
1341848043.0979 1.8472 -0.6394 1.2517 -0.0577 -0.1026 -0.0135 0.9930
1341848043.1340 1.8406 -0.6386 1.2530 -0.0580 -0.1001 -0.0121 0.9932
1341848043.1658 1.8352 -0.6366 1.2497 -0.0587 -0.0969 -0.0110 0.9935
1341848043.2019 1.8183 -0.6359 1.2549 -0.0593 -0.0932 -0.0115 0.9938
1341848043.2339 1.8096 -0.6366 1.2567 -0.0573 -0.0907 -0.0106 0.9942
1341848043.2657 1.8044 -0.6324 1.2484 -0.0558 -0.0871 -0.0078 0.9946
1341848043.3018 1.7930 -0.6330 1.2510 -0.0564 -0.0842 -0.0070 0.9948
1341848043.3340 1.7885 -0.6362 1.2546 -0.0561 -0.0828 -0.0059 0.9950
1341848043.3698 1.7798 -0.6326 1.2501 -0.0545 -0.0798 -0.0041 0.9953
1341848043.4017 1.7674 -0.6324 1.2542 -0.0545 -0.0789 -0.0031 0.9954
1341848043.4339 1.7611 -0.6299 1.2524 -0.0533 -0.0781 -0.0016 0.9955
1341848043.4696 1.7520 -0.6328 1.2534 -0.0546 -0.0753 -0.0003 0.9957
1341848043.5017 1.7327 -0.6324 1.2568 -0.0550 -0.0706 0.0042 0.9960
1341848043.5378 1.7269 -0.6335 1.2596 -0.0537 -0.0723 0.0056 0.9959
1341848043.5697 1.7186 -0.6311 1.2558 -0.0534 -0.0697 0.0088 0.9961
1341848043.6018 1.7050 -0.6297 1.2570 -0.0544 -0.0677 0.0111 0.9962
1341848043.6378 1.6896 -0.6285 1.2579 -0.0555 -0.0649 0.0123 0.9963
1341848043.6701 1.6844 -0.6309 1.2651 -0.0575 -0.0650 0.0137 0.9961
1341848043.7020 1.6679 -0.6279 1.2694 -0.0566 -0.0617 0.0145 0.9964
1341848043.7378 1.6586 -0.6238 1.2684 -0.0561 -0.0604 0.0171 0.9964
1341848043.7698 1.6570 -0.6285 1.2747 -0.0606 -0.0609 0.0197 0.9961
1341848043.8058 1.6393 -0.6326 1.2833 -0.0629 -0.0570 0.0215 0.9962
1341848043.8379 1.6336 -0.6352 1.2916 -0.0613 -0.0572 0.0217 0.9962
1341848043.8697 1.6286 -0.6329 1.2897 -0.0590 -0.0557 0.0225 0.9965
1341848043.9057 1.6158 -0.6356 1.2930 -0.0615 -0.0538 0.0241 0.9964
1341848043.9380 1.6059 -0.6379 1.2987 -0.0612 -0.0539 0.0244 0.9964
1341848043.9698 1.6009 -0.6368 1.2970 -0.0602 -0.0520 0.0225 0.9966
1341848044.0059 1.5875 -0.6404 1.3021 -0.0626 -0.0488 0.0217 0.9966
1341848044.0377 1.5744 -0.6440 1.3093 -0.0622 -0.0480 0.0231 0.9966
1341848044.0738 1.5720 -0.6395 1.3031 -0.0591 -0.0480 0.0227 0.9968
1341848044.1058 1.5573 -0.6406 1.3080 -0.0625 -0.0460 0.0238 0.9967
1341848044.1377 1.5484 -0.6437 1.3141 -0.0628 -0.0468 0.0252 0.9966
1341848044.1738 1.5453 -0.6421 1.3115 -0.0620 -0.0463 0.0250 0.9967
1341848044.2057 1.5347 -0.6446 1.3174 -0.0633 -0.0428 0.0245 0.9968
1341848044.2378 1.5258 -0.6450 1.3205 -0.0631 -0.0413 0.0264 0.9968
1341848044.2738 1.5217 -0.6435 1.3193 -0.0628 -0.0405 0.0272 0.9968
1341848044.3057 1.5117 -0.6452 1.3241 -0.0645 -0.0374 0.0277 0.9968
1341848044.3378 1.5032 -0.6458 1.3280 -0.0643 -0.0352 0.0284 0.9969
1341848044.3737 1.4972 -0.6435 1.3291 -0.0637 -0.0334 0.0309 0.9969
1341848044.4059 1.4938 -0.6441 1.3321 -0.0653 -0.0317 0.0330 0.9968
1341848044.4417 1.4857 -0.6468 1.3372 -0.0668 -0.0275 0.0363 0.9967
1341848044.4737 1.4825 -0.6448 1.3414 -0.0663 -0.0250 0.0397 0.9967
1341848044.5057 1.4794 -0.6458 1.3449 -0.0674 -0.0212 0.0433 0.9966
1341848044.5419 1.4695 -0.6475 1.3492 -0.0682 -0.0145 0.0469 0.9965
1341848044.5738 1.4598 -0.6483 1.3535 -0.0681 -0.0087 0.0505 0.9964
1341848044.6058 1.4559 -0.6485 1.3566 -0.0679 -0.0050 0.0547 0.9962
1341848044.6417 1.4482 -0.6478 1.3590 -0.0687 0.0003 0.0601 0.9958
1341848044.7060 1.4359 -0.6496 1.3694 -0.0684 0.0065 0.0685 0.9953
1341848044.7710 1.4216 -0.6499 1.3763 -0.0658 0.0137 0.0763 0.9948
1341848044.8028 1.4157 -0.6471 1.3730 -0.0636 0.0161 0.0777 0.9948
1341848044.8349 1.4071 -0.6495 1.3790 -0.0652 0.0198 0.0796 0.9945
1341848044.8707 1.3980 -0.6529 1.3835 -0.0640 0.0222 0.0840 0.9942
1341848044.9027 1.3893 -0.6502 1.3806 -0.0611 0.0233 0.0871 0.9941
1341848044.9708 1.3725 -0.6509 1.3844 -0.0612 0.0254 0.0940 0.9934
1341848045.0026 1.3661 -0.6478 1.3813 -0.0608 0.0243 0.0960 0.9932
1341848045.0387 1.3599 -0.6476 1.3829 -0.0642 0.0245 0.0968 0.9929
1341848045.0708 1.3520 -0.6491 1.3904 -0.0665 0.0255 0.0967 0.9928
1341848045.1028 1.3487 -0.6458 1.3924 -0.0655 0.0263 0.0968 0.9928
1341848045.1388 1.3365 -0.6501 1.3944 -0.0693 0.0310 0.0964 0.9924
1341848045.1708 1.3257 -0.6500 1.4050 -0.0694 0.0325 0.0975 0.9923
1341848045.2027 1.3223 -0.6500 1.4048 -0.0682 0.0324 0.0971 0.9924
1341848045.2389 1.3135 -0.6544 1.4101 -0.0700 0.0354 0.0946 0.9924
1341848045.2708 1.3084 -0.6583 1.4176 -0.0703 0.0350 0.0960 0.9923
1341848045.3068 1.2954 -0.6584 1.4163 -0.0698 0.0378 0.0956 0.9922
1341848045.3387 1.2886 -0.6628 1.4240 -0.0726 0.0389 0.0935 0.9922
1341848045.3708 1.2811 -0.6653 1.4335 -0.0722 0.0400 0.0931 0.9922
1341848045.4067 1.2727 -0.6640 1.4339 -0.0712 0.0399 0.0931 0.9923
1341848045.4387 1.2656 -0.6662 1.4402 -0.0746 0.0381 0.0929 0.9921
1341848045.4747 1.2593 -0.6678 1.4506 -0.0756 0.0357 0.0921 0.9922
1341848045.5389 1.2471 -0.6735 1.4644 -0.0756 0.0350 0.0903 0.9924
1341848045.6069 1.2308 -0.6768 1.4728 -0.0748 0.0325 0.0896 0.9926
1341848045.6459 1.2236 -0.6800 1.4782 -0.0767 0.0315 0.0886 0.9926
1341848045.7070 1.2093 -0.6836 1.4972 -0.0770 0.0277 0.0859 0.9929
1341848045.7431 1.2046 -0.6819 1.4985 -0.0761 0.0253 0.0846 0.9932
1341848045.7748 1.1966 -0.6859 1.5075 -0.0794 0.0247 0.0829 0.9931
1341848045.8076 1.1894 -0.6878 1.5204 -0.0791 0.0214 0.0823 0.9932
1341848045.8429 1.1851 -0.6855 1.5218 -0.0761 0.0179 0.0801 0.9937
1341848045.8748 1.1785 -0.6888 1.5236 -0.0795 0.0174 0.0777 0.9936
1341848045.9068 1.1719 -0.6904 1.5385 -0.0819 0.0148 0.0776 0.9935
1341848045.9428 1.1667 -0.6899 1.5449 -0.0789 0.0084 0.0772 0.9939
1341848045.9748 1.1629 -0.6890 1.5453 -0.0778 0.0041 0.0724 0.9943
1341848046.0108 1.1553 -0.6865 1.5533 -0.0774 0.0017 0.0700 0.9945
1341848046.0428 1.1495 -0.6849 1.5592 -0.0755 -0.0041 0.0684 0.9948
1341848046.0747 1.1467 -0.6806 1.5594 -0.0735 -0.0108 0.0643 0.9952
1341848046.1108 1.1378 -0.6807 1.5639 -0.0762 -0.0112 0.0600 0.9952
1341848046.1428 1.1320 -0.6828 1.5734 -0.0771 -0.0138 0.0580 0.9952
1341848046.1818 1.1290 -0.6824 1.5719 -0.0752 -0.0183 0.0531 0.9956
1341848046.2197 1.1243 -0.6817 1.5717 -0.0782 -0.0206 0.0495 0.9955
1341848046.2497 1.1172 -0.6815 1.5788 -0.0805 -0.0240 0.0476 0.9953
1341848046.2836 1.1142 -0.6796 1.5798 -0.0799 -0.0292 0.0439 0.9954
1341848046.3177 1.1076 -0.6764 1.5807 -0.0802 -0.0310 0.0391 0.9955
1341848046.3497 1.1007 -0.6779 1.5833 -0.0823 -0.0325 0.0372 0.9954
1341848046.3823 1.0950 -0.6745 1.5841 -0.0813 -0.0362 0.0352 0.9954
1341848046.4178 1.0888 -0.6688 1.5824 -0.0813 -0.0372 0.0314 0.9955
1341848046.4498 1.0815 -0.6702 1.5841 -0.0852 -0.0371 0.0303 0.9952
1341848046.4858 1.0770 -0.6667 1.5836 -0.0846 -0.0407 0.0283 0.9952
1341848046.5178 1.0697 -0.6629 1.5811 -0.0855 -0.0416 0.0245 0.9952
1341848046.5497 1.0617 -0.6650 1.5805 -0.0887 -0.0419 0.0230 0.9949
1341848046.5861 1.0578 -0.6628 1.5786 -0.0872 -0.0469 0.0223 0.9948
1341848046.6178 1.0509 -0.6558 1.5732 -0.0843 -0.0485 0.0185 0.9951
1341848046.6537 1.0424 -0.6583 1.5694 -0.0872 -0.0488 0.0191 0.9948
1341848046.7149 1.0322 -0.6499 1.5597 -0.0832 -0.0571 0.0174 0.9947
1341848046.7469 1.0258 -0.6489 1.5550 -0.0838 -0.0582 0.0170 0.9946
1341848046.7787 1.0217 -0.6479 1.5502 -0.0830 -0.0612 0.0168 0.9945
1341848046.8147 1.0168 -0.6421 1.5441 -0.0808 -0.0633 0.0147 0.9946
1341848046.8469 1.0116 -0.6407 1.5394 -0.0826 -0.0632 0.0141 0.9945
1341848046.8788 1.0063 -0.6376 1.5339 -0.0822 -0.0639 0.0141 0.9945
1341848046.9151 1.0011 -0.6336 1.5274 -0.0820 -0.0644 0.0138 0.9944
1341848046.9469 0.9964 -0.6313 1.5215 -0.0827 -0.0651 0.0141 0.9943
1341848046.9828 0.9914 -0.6263 1.5161 -0.0818 -0.0662 0.0139 0.9944
1341848047.0151 0.9860 -0.6223 1.5091 -0.0829 -0.0664 0.0130 0.9943
1341848047.0479 0.9803 -0.6212 1.5048 -0.0849 -0.0668 0.0131 0.9941
1341848047.0899 0.9750 -0.6145 1.4978 -0.0832 -0.0683 0.0117 0.9941
1341848047.1476 0.9628 -0.6088 1.4867 -0.0876 -0.0691 0.0106 0.9937
1341848047.2149 0.9503 -0.6019 1.4733 -0.0872 -0.0713 0.0066 0.9936
1341848047.2507 0.9412 -0.5986 1.4663 -0.0888 -0.0723 0.0067 0.9934
1341848047.2828 0.9370 -0.5978 1.4612 -0.0906 -0.0764 0.0062 0.9929
1341848047.3148 0.9313 -0.5958 1.4548 -0.0906 -0.0780 0.0039 0.9928
1341848047.3506 0.9224 -0.5932 1.4472 -0.0901 -0.0789 0.0028 0.9928
1341848047.3830 0.9152 -0.5921 1.4393 -0.0904 -0.0827 0.0032 0.9925
1341848047.4148 0.9101 -0.5901 1.4334 -0.0901 -0.0865 0.0014 0.9922
1341848047.4508 0.9042 -0.5903 1.4264 -0.0892 -0.0892 -0.0001 0.9920
1341848047.4826 0.8974 -0.5866 1.4174 -0.0878 -0.0915 -0.0011 0.9919
1341848047.5187 0.8909 -0.5852 1.4113 -0.0890 -0.0943 -0.0027 0.9916
1341848047.5508 0.8851 -0.5864 1.4066 -0.0898 -0.0971 -0.0034 0.9912
1341848047.5830 0.8797 -0.5819 1.4008 -0.0874 -0.0996 -0.0048 0.9912
1341848047.6190 0.8728 -0.5807 1.3960 -0.0877 -0.0994 -0.0067 0.9912
1341848047.6508 0.8624 -0.5841 1.3895 -0.0884 -0.0994 -0.0063 0.9911
1341848047.6897 0.8596 -0.5795 1.3839 -0.0857 -0.1046 -0.0071 0.9908
1341848047.7508 0.8466 -0.5756 1.3758 -0.0867 -0.1050 -0.0084 0.9906
1341848047.7867 0.8369 -0.5764 1.3706 -0.0878 -0.1045 -0.0088 0.9906
1341848047.8188 0.8345 -0.5729 1.3683 -0.0868 -0.1077 -0.0097 0.9903
1341848047.8508 0.8290 -0.5713 1.3653 -0.0875 -0.1067 -0.0114 0.9904
1341848047.8869 0.8178 -0.5743 1.3608 -0.0885 -0.1044 -0.0121 0.9905
1341848047.9189 0.8104 -0.5712 1.3560 -0.0863 -0.1051 -0.0116 0.9906
1341848047.9547 0.8069 -0.5681 1.3526 -0.0858 -0.1067 -0.0120 0.9905
1341848047.9868 0.7985 -0.5720 1.3507 -0.0877 -0.1046 -0.0121 0.9906
1341848048.0189 0.7887 -0.5695 1.3439 -0.0846 -0.1043 -0.0115 0.9909
1341848048.0549 0.7841 -0.5643 1.3416 -0.0829 -0.1062 -0.0121 0.9908
1341848048.0868 0.7777 -0.5648 1.3380 -0.0842 -0.1044 -0.0124 0.9909
1341848048.1188 0.7663 -0.5669 1.3335 -0.0850 -0.1021 -0.0120 0.9911
1341848048.1547 0.7605 -0.5628 1.3305 -0.0831 -0.1026 -0.0104 0.9912
1341848048.1867 0.7574 -0.5620 1.3277 -0.0831 -0.1013 -0.0100 0.9913
1341848048.2230 0.7430 -0.5668 1.3237 -0.0841 -0.0971 -0.0092 0.9917
1341848048.2550 0.7389 -0.5663 1.3216 -0.0811 -0.0979 -0.0066 0.9919
1341848048.2866 0.7355 -0.5609 1.3169 -0.0782 -0.0963 -0.0073 0.9922
1341848048.3228 0.7227 -0.5632 1.3121 -0.0799 -0.0918 -0.0073 0.9925
1341848048.3547 0.7168 -0.5644 1.3090 -0.0792 -0.0908 -0.0056 0.9927
1341848048.3867 0.7127 -0.5619 1.3039 -0.0767 -0.0896 -0.0077 0.9930
1341848048.4226 0.7019 -0.5661 1.3003 -0.0766 -0.0862 -0.0086 0.9933
1341848048.4549 0.6961 -0.5618 1.2937 -0.0720 -0.0854 -0.0077 0.9937
1341848048.4907 0.6892 -0.5596 1.2877 -0.0716 -0.0843 -0.0078 0.9938
1341848048.5228 0.6802 -0.5646 1.2864 -0.0727 -0.0828 -0.0065 0.9939
1341848048.5550 0.6748 -0.5651 1.2818 -0.0691 -0.0825 -0.0058 0.9942
1341848048.5906 0.6680 -0.5619 1.2750 -0.0652 -0.0823 -0.0055 0.9945
1341848048.6227 0.6615 -0.5636 1.2729 -0.0642 -0.0824 -0.0040 0.9945
1341848048.6587 0.6574 -0.5655 1.2694 -0.0614 -0.0821 -0.0019 0.9947
1341848048.6908 0.6537 -0.5621 1.2625 -0.0569 -0.0831 -0.0016 0.9949
1341848048.7227 0.6467 -0.5641 1.2595 -0.0564 -0.0825 -0.0001 0.9950
1341848048.7588 0.6438 -0.5647 1.2560 -0.0539 -0.0828 0.0014 0.9951
1341848048.7912 0.6386 -0.5648 1.2512 -0.0517 -0.0823 0.0012 0.9953
1341848048.8227 0.6305 -0.5658 1.2486 -0.0495 -0.0814 0.0019 0.9954
1341848048.8587 0.6278 -0.5636 1.2433 -0.0454 -0.0833 0.0009 0.9955
1341848048.8910 0.6212 -0.5661 1.2396 -0.0436 -0.0829 -0.0007 0.9956
1341848048.9268 0.6122 -0.5660 1.2346 -0.0398 -0.0830 -0.0026 0.9958
1341848048.9590 0.6066 -0.5653 1.2286 -0.0364 -0.0851 -0.0038 0.9957
1341848048.9908 0.5989 -0.5690 1.2242 -0.0346 -0.0858 -0.0043 0.9957
1341848049.0267 0.5952 -0.5690 1.2208 -0.0298 -0.0879 -0.0061 0.9957
1341848049.0588 0.5920 -0.5670 1.2130 -0.0239 -0.0889 -0.0091 0.9957
1341848049.0907 0.5827 -0.5666 1.2043 -0.0221 -0.0887 -0.0095 0.9958
1341848049.1268 0.5784 -0.5664 1.2008 -0.0208 -0.0918 -0.0086 0.9955
1341848049.1589 0.5774 -0.5671 1.1966 -0.0190 -0.0937 -0.0104 0.9954
1341848049.1947 0.5676 -0.5653 1.1900 -0.0161 -0.0919 -0.0124 0.9956
1341848049.2267 0.5621 -0.5591 1.1824 -0.0132 -0.0933 -0.0123 0.9955
1341848049.2588 0.5566 -0.5582 1.1788 -0.0137 -0.0949 -0.0128 0.9953
1341848049.2947 0.5513 -0.5584 1.1751 -0.0127 -0.0945 -0.0149 0.9953
1341848049.3268 0.5436 -0.5541 1.1674 -0.0104 -0.0929 -0.0155 0.9955
1341848049.3588 0.5374 -0.5493 1.1593 -0.0097 -0.0932 -0.0137 0.9955
1341848049.3948 0.5291 -0.5548 1.1555 -0.0123 -0.0925 -0.0120 0.9956
1341848049.4268 0.5279 -0.5504 1.1493 -0.0086 -0.0931 -0.0113 0.9956
1341848049.4627 0.5229 -0.5451 1.1407 -0.0074 -0.0915 -0.0096 0.9957
1341848049.4947 0.5100 -0.5503 1.1342 -0.0096 -0.0887 -0.0065 0.9960
1341848049.5268 0.5141 -0.5392 1.1288 -0.0043 -0.0919 -0.0045 0.9958
1341848049.5628 0.5039 -0.5385 1.1200 -0.0056 -0.0880 -0.0040 0.9961
1341848049.5948 0.4905 -0.5366 1.1111 -0.0063 -0.0865 -0.0019 0.9962
1341848049.6268 0.4887 -0.5337 1.1056 -0.0060 -0.0895 -0.0008 0.9960
1341848049.6627 0.4852 -0.5273 1.0977 -0.0047 -0.0892 -0.0020 0.9960
1341848049.6951 0.4708 -0.5235 1.0881 -0.0056 -0.0872 -0.0022 0.9962
1341848049.7308 0.4613 -0.5203 1.0791 -0.0068 -0.0898 -0.0012 0.9959
1341848049.7627 0.4609 -0.5134 1.0732 -0.0066 -0.0948 -0.0033 0.9955
1341848049.7947 0.4484 -0.5128 1.0657 -0.0084 -0.0929 -0.0057 0.9956
1341848049.8308 0.4381 -0.5067 1.0559 -0.0076 -0.0949 -0.0060 0.9954
1341848049.8698 0.4390 -0.4970 1.0489 -0.0074 -0.1007 -0.0060 0.9949
1341848049.9308 0.4189 -0.4999 1.0378 -0.0105 -0.1011 -0.0111 0.9948
1341848049.9630 0.4147 -0.4902 1.0292 -0.0077 -0.1046 -0.0115 0.9944
1341848049.9988 0.4086 -0.4866 1.0235 -0.0094 -0.1073 -0.0121 0.9941
1341848050.0308 0.3978 -0.4896 1.0183 -0.0123 -0.1090 -0.0142 0.9939
1341848050.0627 0.3940 -0.4840 1.0141 -0.0099 -0.1125 -0.0164 0.9935
1341848050.0987 0.3887 -0.4771 1.0077 -0.0090 -0.1140 -0.0172 0.9933
1341848050.1307 0.3768 -0.4768 1.0034 -0.0108 -0.1160 -0.0195 0.9930
1341848050.1667 0.3776 -0.4712 1.0014 -0.0096 -0.1208 -0.0223 0.9924
1341848050.1987 0.3676 -0.4691 0.9965 -0.0110 -0.1203 -0.0257 0.9923
1341848050.2308 0.3574 -0.4658 0.9927 -0.0109 -0.1230 -0.0283 0.9919
1341848050.2667 0.3565 -0.4626 0.9898 -0.0110 -0.1278 -0.0304 0.9913
1341848050.2988 0.3481 -0.4604 0.9858 -0.0119 -0.1286 -0.0348 0.9910
1341848050.3307 0.3369 -0.4608 0.9823 -0.0125 -0.1305 -0.0381 0.9906
1341848050.3667 0.3363 -0.4567 0.9778 -0.0121 -0.1358 -0.0396 0.9899
1341848050.3987 0.3305 -0.4544 0.9749 -0.0134 -0.1389 -0.0427 0.9893
1341848050.4348 0.3196 -0.4561 0.9718 -0.0152 -0.1404 -0.0456 0.9889
1341848050.4667 0.3170 -0.4528 0.9687 -0.0142 -0.1452 -0.0479 0.9881
1341848050.4988 0.3096 -0.4529 0.9665 -0.0139 -0.1478 -0.0523 0.9875
1341848050.5348 0.3035 -0.4514 0.9631 -0.0126 -0.1500 -0.0552 0.9871
1341848050.5668 0.2973 -0.4476 0.9588 -0.0114 -0.1535 -0.0565 0.9865
1341848050.5988 0.2924 -0.4457 0.9551 -0.0123 -0.1585 -0.0585 0.9856
1341848050.6348 0.2843 -0.4497 0.9541 -0.0138 -0.1616 -0.0623 0.9848
1341848050.6668 0.2795 -0.4456 0.9497 -0.0108 -0.1649 -0.0645 0.9841
1341848050.7028 0.2716 -0.4445 0.9458 -0.0109 -0.1682 -0.0665 0.9834
1341848050.7348 0.2660 -0.4431 0.9415 -0.0111 -0.1725 -0.0667 0.9827
1341848050.7669 0.2593 -0.4411 0.9387 -0.0118 -0.1772 -0.0675 0.9818
1341848050.8029 0.2509 -0.4428 0.9368 -0.0122 -0.1811 -0.0704 0.9809
1341848050.8348 0.2479 -0.4398 0.9320 -0.0105 -0.1856 -0.0726 0.9799
1341848050.8707 0.2407 -0.4377 0.9286 -0.0113 -0.1887 -0.0749 0.9791
1341848050.9027 0.2297 -0.4397 0.9274 -0.0122 -0.1924 -0.0778 0.9782
1341848050.9348 0.2261 -0.4366 0.9241 -0.0094 -0.1960 -0.0812 0.9772
1341848050.9709 0.2180 -0.4347 0.9208 -0.0089 -0.1984 -0.0839 0.9765
1341848051.0028 0.2082 -0.4346 0.9175 -0.0082 -0.2010 -0.0855 0.9758
1341848051.0350 0.2050 -0.4311 0.9127 -0.0066 -0.2050 -0.0862 0.9749
1341848051.0708 0.1976 -0.4314 0.9107 -0.0067 -0.2080 -0.0886 0.9741
1341848051.1027 0.1914 -0.4291 0.9077 -0.0045 -0.2109 -0.0899 0.9733
1341848051.1387 0.1900 -0.4284 0.9035 -0.0037 -0.2148 -0.0914 0.9724
1341848051.1707 0.1836 -0.4263 0.8998 -0.0035 -0.2160 -0.0915 0.9721
1341848051.2387 0.1730 -0.4285 0.8964 -0.0031 -0.2231 -0.0918 0.9705
1341848051.2708 0.1697 -0.4302 0.8949 -0.0008 -0.2260 -0.0948 0.9695
1341848051.3027 0.1654 -0.4310 0.8923 0.0027 -0.2275 -0.0963 0.9690
1341848051.3387 0.1608 -0.4272 0.8899 0.0072 -0.2304 -0.0957 0.9684
1341848051.3709 0.1616 -0.4281 0.8860 0.0096 -0.2362 -0.0978 0.9667
1341848051.4067 0.1604 -0.4281 0.8832 0.0112 -0.2382 -0.0997 0.9660
1341848051.4400 0.1577 -0.4267 0.8824 0.0133 -0.2414 -0.1007 0.9651
1341848051.4709 0.1587 -0.4268 0.8795 0.0148 -0.2455 -0.1032 0.9638
1341848051.5067 0.1586 -0.4226 0.8787 0.0168 -0.2501 -0.1065 0.9622
1341848051.5389 0.1516 -0.4256 0.8806 0.0178 -0.2538 -0.1120 0.9606
1341848051.5707 0.1558 -0.4245 0.8776 0.0236 -0.2595 -0.1188 0.9581
1341848051.6068 0.1525 -0.4180 0.8765 0.0279 -0.2634 -0.1234 0.9564
1341848051.6389 0.1461 -0.4241 0.8768 0.0296 -0.2696 -0.1317 0.9535
1341848051.6747 0.1512 -0.4181 0.8676 0.0358 -0.2743 -0.1345 0.9515
1341848051.7067 0.1507 -0.4138 0.8666 0.0357 -0.2806 -0.1365 0.9494
1341848051.7388 0.1479 -0.4162 0.8647 0.0357 -0.2871 -0.1417 0.9467
1341848051.7748 0.1531 -0.4121 0.8592 0.0387 -0.2923 -0.1453 0.9444
1341848051.8067 0.1508 -0.4133 0.8604 0.0397 -0.2954 -0.1538 0.9421
1341848051.8388 0.1482 -0.4147 0.8578 0.0447 -0.2972 -0.1625 0.9398
1341848051.8750 0.1564 -0.4056 0.8468 0.0507 -0.2986 -0.1668 0.9383
1341848051.9067 0.1568 -0.4035 0.8466 0.0481 -0.3009 -0.1718 0.9368
1341848051.9427 0.1575 -0.4053 0.8458 0.0465 -0.3045 -0.1780 0.9346
1341848051.9748 0.1680 -0.3990 0.8399 0.0475 -0.3051 -0.1814 0.9337
1341848052.0068 0.1684 -0.3971 0.8417 0.0448 -0.3035 -0.1860 0.9334
1341848052.0428 0.1705 -0.3964 0.8452 0.0460 -0.3035 -0.1893 0.9327
1341848052.0749 0.1819 -0.3914 0.8400 0.0486 -0.3020 -0.1920 0.9325
1341848052.1430 0.1880 -0.3938 0.8423 0.0479 -0.2976 -0.1983 0.9326
1341848052.1781 0.2018 -0.3877 0.8346 0.0504 -0.2964 -0.2026 0.9320
1341848052.2114 0.2041 -0.3886 0.8379 0.0479 -0.2934 -0.2056 0.9324
1341848052.2429 0.2104 -0.3889 0.8373 0.0496 -0.2923 -0.2092 0.9318
1341848052.3111 0.2234 -0.3839 0.8309 0.0473 -0.2863 -0.2155 0.9324
1341848052.3429 0.2294 -0.3847 0.8324 0.0486 -0.2856 -0.2186 0.9318
1341848052.3795 0.2396 -0.3826 0.8258 0.0501 -0.2818 -0.2210 0.9323
1341848052.4123 0.2424 -0.3830 0.8232 0.0471 -0.2784 -0.2202 0.9337
1341848052.4447 0.2466 -0.3846 0.8270 0.0480 -0.2798 -0.2229 0.9326
1341848052.4815 0.2571 -0.3825 0.8219 0.0511 -0.2766 -0.2250 0.9329
1341848052.5433 0.2695 -0.3802 0.8162 0.0547 -0.2734 -0.2269 0.9331
1341848052.5792 0.2822 -0.3764 0.8104 0.0552 -0.2713 -0.2295 0.9331
1341848052.6177 0.2840 -0.3792 0.8127 0.0538 -0.2679 -0.2343 0.9330
1341848052.6787 0.3023 -0.3785 0.8034 0.0590 -0.2654 -0.2438 0.9309
1341848052.7108 0.3088 -0.3781 0.8006 0.0582 -0.2625 -0.2456 0.9313
1341848052.7468 0.3144 -0.3781 0.7961 0.0561 -0.2622 -0.2433 0.9322
1341848052.7787 0.3274 -0.3782 0.7877 0.0525 -0.2620 -0.2425 0.9326
1341848052.8109 0.3327 -0.3806 0.7898 0.0489 -0.2588 -0.2434 0.9335
1341848052.8469 0.3383 -0.3826 0.7911 0.0523 -0.2560 -0.2460 0.9334
1341848052.8788 0.3548 -0.3779 0.7809 0.0571 -0.2520 -0.2474 0.9338
1341848052.9147 0.3641 -0.3744 0.7780 0.0564 -0.2471 -0.2471 0.9352
1341848052.9467 0.3674 -0.3754 0.7784 0.0560 -0.2440 -0.2457 0.9365
1341848052.9787 0.3797 -0.3741 0.7729 0.0572 -0.2409 -0.2452 0.9373
1341848053.0148 0.3866 -0.3752 0.7712 0.0562 -0.2346 -0.2448 0.9391
1341848053.0467 0.3909 -0.3773 0.7689 0.0564 -0.2306 -0.2420 0.9408
1341848053.0827 0.4062 -0.3769 0.7613 0.0569 -0.2280 -0.2407 0.9417
1341848053.1148 0.4125 -0.3815 0.7606 0.0547 -0.2210 -0.2403 0.9436
1341848053.1470 0.4181 -0.3833 0.7560 0.0547 -0.2150 -0.2369 0.9459
1341848053.1832 0.4282 -0.3816 0.7509 0.0541 -0.2118 -0.2337 0.9474
1341848053.2148 0.4321 -0.3852 0.7521 0.0521 -0.2069 -0.2320 0.9490
1341848053.2480 0.4380 -0.3869 0.7510 0.0544 -0.2025 -0.2299 0.9503
1341848053.2898 0.4481 -0.3849 0.7470 0.0568 -0.1994 -0.2274 0.9515
1341848053.3217 0.4552 -0.3849 0.7433 0.0567 -0.1954 -0.2237 0.9532
1341848053.3538 0.4618 -0.3832 0.7405 0.0573 -0.1910 -0.2193 0.9551
1341848053.3861 0.4678 -0.3830 0.7369 0.0577 -0.1870 -0.2162 0.9565
1341848053.4218 0.4784 -0.3844 0.7326 0.0574 -0.1832 -0.2134 0.9579
1341848053.4537 0.4847 -0.3794 0.7272 0.0564 -0.1769 -0.2082 0.9603
1341848053.4857 0.4893 -0.3779 0.7243 0.0538 -0.1737 -0.2037 0.9620
1341848053.5217 0.4970 -0.3804 0.7220 0.0518 -0.1713 -0.2012 0.9631
1341848053.5539 0.5114 -0.3784 0.7189 0.0510 -0.1669 -0.1988 0.9644
1341848053.5897 0.5134 -0.3755 0.7166 0.0482 -0.1603 -0.1941 0.9666
1341848053.6219 0.5220 -0.3715 0.7133 0.0452 -0.1569 -0.1878 0.9686
1341848053.6538 0.5310 -0.3723 0.7103 0.0401 -0.1507 -0.1828 0.9707
1341848053.6897 0.5298 -0.3739 0.7107 0.0358 -0.1424 -0.1787 0.9729
1341848053.7217 0.5351 -0.3732 0.7076 0.0343 -0.1371 -0.1736 0.9746
1341848053.7580 0.5442 -0.3720 0.7046 0.0320 -0.1311 -0.1687 0.9764
1341848053.7899 0.5436 -0.3742 0.7038 0.0292 -0.1232 -0.1640 0.9783
1341848053.8216 0.5485 -0.3753 0.7014 0.0291 -0.1171 -0.1580 0.9800
1341848053.8578 0.5533 -0.3729 0.6982 0.0286 -0.1104 -0.1515 0.9819
1341848053.8898 0.5539 -0.3716 0.6958 0.0273 -0.1046 -0.1440 0.9837
1341848053.9511 0.5592 -0.3778 0.6844 0.0287 -0.0976 -0.1323 0.9860
1341848053.9868 0.5563 -0.3729 0.6811 0.0305 -0.0923 -0.1257 0.9873
1341848054.0510 0.5656 -0.3737 0.6646 0.0279 -0.0937 -0.1072 0.9894
1341848054.0868 0.5660 -0.3730 0.6588 0.0249 -0.0917 -0.1009 0.9903
1341848054.1189 0.5613 -0.3710 0.6526 0.0231 -0.0907 -0.0934 0.9912
1341848054.1550 0.5674 -0.3726 0.6448 0.0201 -0.0924 -0.0873 0.9917
1341848054.1867 0.5657 -0.3749 0.6377 0.0165 -0.0915 -0.0854 0.9920
1341848054.2190 0.5574 -0.3785 0.6314 0.0158 -0.0892 -0.0841 0.9923
1341848054.2548 0.5584 -0.3805 0.6226 0.0185 -0.0882 -0.0847 0.9923
1341848054.2868 0.5683 -0.3720 0.6132 0.0215 -0.0882 -0.0850 0.9922
1341848054.3229 0.5668 -0.3678 0.6051 0.0172 -0.0854 -0.0838 0.9927
1341848054.3548 0.5562 -0.3731 0.5978 0.0129 -0.0826 -0.0830 0.9930
1341848054.3871 0.5646 -0.3707 0.5886 0.0119 -0.0836 -0.0832 0.9929
1341848054.4229 0.5611 -0.3692 0.5822 0.0087 -0.0802 -0.0830 0.9933
1341848054.4547 0.5485 -0.3694 0.5751 0.0068 -0.0778 -0.0812 0.9936
1341848054.4869 0.5505 -0.3679 0.5675 0.0064 -0.0807 -0.0793 0.9936
1341848054.5227 0.5537 -0.3743 0.5609 0.0032 -0.0806 -0.0786 0.9936
1341848054.5549 0.5473 -0.3769 0.5560 0.0041 -0.0769 -0.0767 0.9941
1341848054.5908 0.5548 -0.3731 0.5490 0.0068 -0.0774 -0.0738 0.9942
1341848054.6227 0.5584 -0.3715 0.5415 0.0060 -0.0775 -0.0727 0.9943
1341848054.6564 0.5590 -0.3742 0.5362 0.0047 -0.0767 -0.0708 0.9945
1341848054.6910 0.5660 -0.3755 0.5297 0.0045 -0.0741 -0.0685 0.9949
1341848054.7227 0.5645 -0.3777 0.5235 0.0056 -0.0702 -0.0693 0.9951
1341848054.7547 0.5647 -0.3765 0.5175 0.0082 -0.0675 -0.0677 0.9954
1341848054.7909 0.5681 -0.3763 0.5108 0.0105 -0.0660 -0.0646 0.9957
1341848054.8229 0.5744 -0.3728 0.5036 0.0118 -0.0639 -0.0601 0.9961
1341848054.8589 0.5705 -0.3733 0.4979 0.0113 -0.0601 -0.0544 0.9966
1341848054.8909 0.5752 -0.3740 0.4913 0.0132 -0.0600 -0.0501 0.9969
1341848054.9228 0.5811 -0.3722 0.4850 0.0153 -0.0576 -0.0456 0.9972
1341848054.9587 0.5811 -0.3692 0.4768 0.0159 -0.0541 -0.0412 0.9976
1341848054.9911 0.5773 -0.3719 0.4697 0.0168 -0.0530 -0.0392 0.9977
1341848055.0230 0.5884 -0.3706 0.4610 0.0199 -0.0531 -0.0381 0.9977
1341848055.0587 0.5880 -0.3676 0.4527 0.0218 -0.0488 -0.0356 0.9979
1341848055.0907 0.5805 -0.3652 0.4436 0.0240 -0.0464 -0.0323 0.9981
1341848055.1270 0.5908 -0.3606 0.4315 0.0257 -0.0482 -0.0285 0.9981
1341848055.1592 0.5951 -0.3599 0.4220 0.0252 -0.0461 -0.0264 0.9983
1341848055.1910 0.5876 -0.3608 0.4115 0.0267 -0.0414 -0.0246 0.9985
1341848055.2268 0.5874 -0.3525 0.3978 0.0304 -0.0410 -0.0219 0.9985
1341848055.2589 0.5941 -0.3434 0.3852 0.0312 -0.0424 -0.0204 0.9984
1341848055.2947 0.5858 -0.3424 0.3747 0.0298 -0.0401 -0.0181 0.9986
1341848055.3268 0.5878 -0.3395 0.3608 0.0306 -0.0408 -0.0164 0.9986
1341848055.3589 0.5896 -0.3334 0.3493 0.0316 -0.0407 -0.0170 0.9985
1341848055.3947 0.5923 -0.3275 0.3375 0.0317 -0.0388 -0.0181 0.9986
1341848055.4268 0.5864 -0.3245 0.3259 0.0316 -0.0352 -0.0187 0.9987
1341848055.4588 0.5839 -0.3173 0.3139 0.0329 -0.0334 -0.0183 0.9987
1341848055.4947 0.5860 -0.3099 0.3023 0.0325 -0.0318 -0.0170 0.9988
1341848055.5267 0.5806 -0.3091 0.2919 0.0312 -0.0285 -0.0166 0.9990
1341848055.5626 0.5787 -0.3059 0.2818 0.0326 -0.0262 -0.0160 0.9990
1341848055.5947 0.5812 -0.2950 0.2702 0.0342 -0.0237 -0.0155 0.9990
1341848055.6267 0.5762 -0.2893 0.2608 0.0336 -0.0202 -0.0144 0.9991
1341848055.6630 0.5703 -0.2869 0.2521 0.0331 -0.0187 -0.0129 0.9992
1341848055.6948 0.5806 -0.2812 0.2418 0.0332 -0.0179 -0.0128 0.9992
1341848055.7268 0.5815 -0.2750 0.2329 0.0310 -0.0110 -0.0112 0.9994
1341848055.7628 0.5600 -0.2776 0.2276 0.0286 -0.0043 -0.0080 0.9996
1341848055.7950 0.5640 -0.2755 0.2209 0.0298 -0.0050 -0.0047 0.9995
1341848055.8308 0.5644 -0.2736 0.2144 0.0295 -0.0016 -0.0014 0.9996
1341848055.8628 0.5551 -0.2743 0.2103 0.0307 0.0032 0.0024 0.9995
1341848055.8948 0.5514 -0.2693 0.2039 0.0335 0.0053 0.0055 0.9994
1341848055.9307 0.5485 -0.2641 0.1975 0.0350 0.0076 0.0062 0.9993
1341848055.9628 0.5382 -0.2628 0.1932 0.0355 0.0101 0.0080 0.9993
1341848055.9947 0.5349 -0.2564 0.1866 0.0359 0.0103 0.0106 0.9992
1341848056.0307 0.5273 -0.2515 0.1810 0.0343 0.0118 0.0126 0.9993
1341848056.0628 0.5149 -0.2540 0.1775 0.0330 0.0134 0.0142 0.9993
1341848056.0988 0.5080 -0.2501 0.1728 0.0334 0.0140 0.0152 0.9992
1341848056.1306 0.4990 -0.2482 0.1688 0.0334 0.0156 0.0161 0.9992
1341848056.1627 0.4819 -0.2476 0.1631 0.0341 0.0172 0.0162 0.9991
1341848056.1987 0.4702 -0.2413 0.1581 0.0354 0.0157 0.0175 0.9991
1341848056.2307 0.4594 -0.2360 0.1525 0.0347 0.0144 0.0191 0.9991
1341848056.2639 0.4415 -0.2356 0.1507 0.0337 0.0137 0.0189 0.9992
1341848056.2988 0.4327 -0.2324 0.1475 0.0342 0.0115 0.0191 0.9992
1341848056.3307 0.4222 -0.2263 0.1417 0.0338 0.0112 0.0197 0.9992
1341848056.3667 0.4007 -0.2254 0.1387 0.0324 0.0116 0.0212 0.9992
1341848056.3987 0.3865 -0.2189 0.1323 0.0324 0.0079 0.0235 0.9992
1341848056.4307 0.3815 -0.2077 0.1258 0.0286 0.0035 0.0275 0.9992
1341848056.4668 0.3634 -0.2062 0.1224 0.0210 0.0026 0.0331 0.9992
1341848056.4989 0.3489 -0.2094 0.1202 0.0158 -0.0006 0.0345 0.9993
1341848056.5348 0.3404 -0.2059 0.1161 0.0133 -0.0025 0.0333 0.9994
1341848056.5667 0.3241 -0.2068 0.1148 0.0101 -0.0016 0.0328 0.9994
1341848056.5989 0.3020 -0.2047 0.1099 0.0085 -0.0018 0.0356 0.9993
1341848056.6348 0.2937 -0.1984 0.1043 0.0058 -0.0076 0.0369 0.9993
1341848056.6668 0.2802 -0.2001 0.1050 0.0016 -0.0104 0.0385 0.9992
1341848056.6989 0.2695 -0.2005 0.1013 0.0006 -0.0130 0.0389 0.9992
1341848056.7348 0.2559 -0.1959 0.0984 -0.0001 -0.0146 0.0361 0.9992
1341848056.7667 0.2442 -0.1960 0.0958 -0.0010 -0.0172 0.0347 0.9992
1341848056.8029 0.2408 -0.1901 0.0905 -0.0024 -0.0205 0.0326 0.9993
1341848056.8350 0.2231 -0.1933 0.0926 -0.0051 -0.0205 0.0302 0.9993
1341848056.8667 0.2122 -0.1959 0.0948 -0.0053 -0.0223 0.0301 0.9993
1341848056.9027 0.2138 -0.1950 0.0889 -0.0050 -0.0237 0.0293 0.9993
1341848056.9347 0.2056 -0.1928 0.0885 -0.0062 -0.0213 0.0271 0.9994
1341848056.9668 0.1880 -0.1936 0.0893 -0.0062 -0.0188 0.0270 0.9994
1341848057.0027 0.1886 -0.1914 0.0830 -0.0068 -0.0199 0.0269 0.9994
1341848057.0348 0.1822 -0.1896 0.0814 -0.0094 -0.0170 0.0261 0.9995
1341848057.0710 0.1619 -0.1888 0.0842 -0.0100 -0.0132 0.0247 0.9996
1341848057.1028 0.1576 -0.1866 0.0799 -0.0098 -0.0141 0.0231 0.9996
1341848057.1347 0.1524 -0.1835 0.0737 -0.0126 -0.0126 0.0231 0.9996
1341848057.1707 0.1305 -0.1824 0.0772 -0.0148 -0.0096 0.0225 0.9996
1341848057.2026 0.1272 -0.1807 0.0736 -0.0146 -0.0107 0.0192 0.9997
1341848057.2347 0.1205 -0.1774 0.0664 -0.0166 -0.0083 0.0173 0.9997
1341848057.2708 0.1024 -0.1708 0.0653 -0.0193 -0.0052 0.0177 0.9996
1341848057.3029 0.0934 -0.1666 0.0661 -0.0211 -0.0061 0.0172 0.9996
1341848057.3388 0.0876 -0.1662 0.0603 -0.0238 -0.0048 0.0159 0.9996
1341848057.3708 0.0735 -0.1597 0.0583 -0.0266 -0.0012 0.0169 0.9995
1341848057.4027 0.0571 -0.1565 0.0594 -0.0280 0.0005 0.0178 0.9995
1341848057.4389 0.0508 -0.1531 0.0532 -0.0289 0.0020 0.0179 0.9994
1341848057.4707 0.0381 -0.1471 0.0503 -0.0308 0.0070 0.0203 0.9993
1341848057.5067 0.0185 -0.1440 0.0491 -0.0314 0.0101 0.0238 0.9992
1341848057.5388 0.0102 -0.1379 0.0415 -0.0320 0.0095 0.0256 0.9991
1341848057.5711 0.0003 -0.1354 0.0353 -0.0356 0.0118 0.0281 0.9989
1341848057.6067 -0.0134 -0.1315 0.0346 -0.0389 0.0160 0.0320 0.9986
1341848057.6388 -0.0246 -0.1301 0.0310 -0.0407 0.0196 0.0347 0.9984
1341848057.6709 -0.0357 -0.1266 0.0268 -0.0424 0.0245 0.0367 0.9981
1341848057.7068 -0.0512 -0.1238 0.0256 -0.0432 0.0300 0.0414 0.9978
1341848057.7389 -0.0642 -0.1216 0.0183 -0.0431 0.0321 0.0430 0.9976
1341848057.7750 -0.0726 -0.1157 0.0146 -0.0437 0.0338 0.0448 0.9975
1341848057.8068 -0.0893 -0.1128 0.0126 -0.0442 0.0378 0.0510 0.9970
1341848057.8388 -0.1032 -0.1128 0.0082 -0.0433 0.0384 0.0565 0.9967
1341848057.8748 -0.1142 -0.1105 0.0020 -0.0424 0.0392 0.0582 0.9966
1341848057.9068 -0.1275 -0.1073 -0.0026 -0.0422 0.0408 0.0587 0.9966
1341848057.9388 -0.1426 -0.1021 -0.0075 -0.0422 0.0408 0.0607 0.9964
1341848057.9753 -0.1543 -0.1012 -0.0099 -0.0444 0.0397 0.0628 0.9963
1341848058.0068 -0.1721 -0.1038 -0.0083 -0.0452 0.0395 0.0631 0.9962
1341848058.0428 -0.1851 -0.1019 -0.0095 -0.0423 0.0365 0.0625 0.9965
1341848058.0760 -0.1955 -0.1003 -0.0160 -0.0408 0.0338 0.0625 0.9966
1341848058.1068 -0.2097 -0.0982 -0.0145 -0.0403 0.0314 0.0620 0.9968
1341848058.1427 -0.2237 -0.0985 -0.0132 -0.0377 0.0279 0.0609 0.9970
1341848058.1747 -0.2353 -0.0956 -0.0180 -0.0354 0.0242 0.0587 0.9973
1341848058.2071 -0.2467 -0.0943 -0.0199 -0.0351 0.0222 0.0566 0.9975
1341848058.2427 -0.2615 -0.0917 -0.0174 -0.0335 0.0194 0.0540 0.9978
1341848058.2747 -0.2747 -0.0883 -0.0132 -0.0306 0.0179 0.0523 0.9980
1341848058.3107 -0.2842 -0.0884 -0.0132 -0.0268 0.0187 0.0509 0.9982
1341848058.3432 -0.2973 -0.0839 -0.0163 -0.0227 0.0177 0.0477 0.9984
1341848058.3749 -0.3063 -0.0828 -0.0204 -0.0220 0.0170 0.0493 0.9984
1341848058.4107 -0.3167 -0.0802 -0.0218 -0.0230 0.0166 0.0516 0.9983
1341848058.4428 -0.3272 -0.0809 -0.0173 -0.0239 0.0162 0.0534 0.9982
1341848058.4747 -0.3338 -0.0822 -0.0111 -0.0225 0.0161 0.0560 0.9980
1341848058.5430 -0.3556 -0.0826 -0.0104 -0.0187 0.0208 0.0622 0.9977
1341848058.5789 -0.3634 -0.0824 -0.0087 -0.0182 0.0206 0.0668 0.9974
1341848058.6108 -0.3699 -0.0863 -0.0048 -0.0192 0.0233 0.0695 0.9971
1341848058.6431 -0.3824 -0.0848 -0.0025 -0.0187 0.0268 0.0701 0.9970
1341848058.6787 -0.3883 -0.0863 0.0081 -0.0166 0.0266 0.0703 0.9970
1341848058.7107 -0.3932 -0.0891 0.0072 -0.0131 0.0308 0.0698 0.9970
1341848058.7468 -0.4064 -0.0863 0.0010 -0.0128 0.0369 0.0674 0.9970
1341848058.7787 -0.4175 -0.0788 0.0054 -0.0125 0.0361 0.0701 0.9968
1341848058.8109 -0.4236 -0.0825 0.0078 -0.0145 0.0342 0.0740 0.9966
1341848058.8468 -0.4279 -0.0837 0.0141 -0.0160 0.0365 0.0752 0.9964
1341848058.8796 -0.4347 -0.0846 0.0187 -0.0154 0.0399 0.0775 0.9961
1341848058.9468 -0.4454 -0.0874 0.0215 -0.0156 0.0426 0.0822 0.9956
1341848058.9789 -0.4516 -0.0890 0.0277 -0.0141 0.0456 0.0839 0.9953
1341848059.0147 -0.4503 -0.0912 0.0261 -0.0115 0.0456 0.0843 0.9953
1341848059.0467 -0.4539 -0.0928 0.0244 -0.0104 0.0478 0.0852 0.9952
1341848059.0788 -0.4568 -0.0947 0.0275 -0.0102 0.0513 0.0855 0.9950
1341848059.1147 -0.4595 -0.0948 0.0270 -0.0090 0.0555 0.0845 0.9948
1341848059.1467 -0.4618 -0.0925 0.0257 -0.0086 0.0581 0.0844 0.9947
1341848059.1787 -0.4618 -0.0932 0.0285 -0.0087 0.0601 0.0839 0.9946
1341848059.2147 -0.4609 -0.0930 0.0304 -0.0076 0.0637 0.0831 0.9945
1341848059.2468 -0.4613 -0.0919 0.0311 -0.0051 0.0684 0.0833 0.9942
1341848059.2827 -0.4645 -0.0896 0.0334 -0.0023 0.0717 0.0856 0.9937
1341848059.3147 -0.4633 -0.0913 0.0313 -0.0002 0.0743 0.0878 0.9934
1341848059.3468 -0.4638 -0.0891 0.0270 0.0007 0.0769 0.0898 0.9930
1341848059.3827 -0.4651 -0.0887 0.0331 0.0017 0.0785 0.0920 0.9927
1341848059.4147 -0.4645 -0.0954 0.0300 0.0029 0.0813 0.0930 0.9923
1341848059.4468 -0.4639 -0.0945 0.0269 0.0037 0.0854 0.0922 0.9921
1341848059.4827 -0.4643 -0.0900 0.0276 0.0050 0.0889 0.0929 0.9917
1341848059.5147 -0.4651 -0.0880 0.0267 0.0064 0.0901 0.0959 0.9913
1341848059.5508 -0.4644 -0.0898 0.0247 0.0062 0.0918 0.0956 0.9912
1341848059.5827 -0.4656 -0.0892 0.0266 0.0075 0.0955 0.0965 0.9907
1341848059.6147 -0.4682 -0.0861 0.0259 0.0111 0.0960 0.0987 0.9904
1341848059.6507 -0.4683 -0.0862 0.0224 0.0128 0.0946 0.1001 0.9904
1341848059.6827 -0.4681 -0.0898 0.0180 0.0117 0.0958 0.0979 0.9905
1341848059.7187 -0.4710 -0.0850 0.0222 0.0131 0.0988 0.0978 0.9902
1341848059.7509 -0.4756 -0.0860 0.0233 0.0156 0.0991 0.0983 0.9901
1341848059.7828 -0.4734 -0.0860 0.0149 0.0159 0.0984 0.0966 0.9903
1341848059.8188 -0.4760 -0.0843 0.0172 0.0145 0.1016 0.0964 0.9900
1341848059.8507 -0.4825 -0.0850 0.0214 0.0172 0.1040 0.0967 0.9897
1341848059.8827 -0.4835 -0.0842 0.0162 0.0204 0.1032 0.0951 0.9899
1341848059.9188 -0.4849 -0.0818 0.0142 0.0220 0.1022 0.0942 0.9900
1341848059.9508 -0.4840 -0.0808 0.0135 0.0234 0.1015 0.0948 0.9900
1341848059.9868 -0.4882 -0.0813 0.0139 0.0260 0.1014 0.0956 0.9899
1341848060.0187 -0.4879 -0.0845 0.0125 0.0278 0.1013 0.0926 0.9901
1341848060.0507 -0.4893 -0.0824 0.0132 0.0324 0.1041 0.0910 0.9899
1341848060.0868 -0.4942 -0.0764 0.0102 0.0379 0.1039 0.0901 0.9898
1341848060.1188 -0.4917 -0.0795 0.0066 0.0397 0.1007 0.0872 0.9903
1341848060.1508 -0.4879 -0.0820 0.0000 0.0388 0.1024 0.0845 0.9904
1341848060.1869 -0.4931 -0.0815 0.0061 0.0397 0.1049 0.0838 0.9902
1341848060.2189 -0.4899 -0.0834 0.0040 0.0426 0.1033 0.0813 0.9904
1341848060.2548 -0.4841 -0.0763 -0.0039 0.0436 0.1051 0.0783 0.9904
1341848060.2875 -0.4867 -0.0751 0.0027 0.0423 0.1082 0.0779 0.9902
1341848060.3189 -0.4871 -0.0792 0.0031 0.0440 0.1076 0.0772 0.9902
1341848060.3546 -0.4796 -0.0734 -0.0047 0.0444 0.1071 0.0733 0.9905
1341848060.3873 -0.4785 -0.0750 0.0013 0.0428 0.1105 0.0716 0.9904
1341848060.4186 -0.4805 -0.0746 0.0032 0.0451 0.1104 0.0703 0.9904
1341848060.4548 -0.4742 -0.0727 -0.0002 0.0463 0.1090 0.0671 0.9907
1341848060.4867 -0.4706 -0.0727 0.0016 0.0460 0.1119 0.0639 0.9906
1341848060.5229 -0.4718 -0.0749 0.0077 0.0483 0.1133 0.0619 0.9905
1341848060.5547 -0.4652 -0.0730 0.0030 0.0523 0.1122 0.0592 0.9905
1341848060.5867 -0.4586 -0.0692 -0.0019 0.0520 0.1147 0.0565 0.9904
1341848060.6227 -0.4617 -0.0702 0.0081 0.0526 0.1176 0.0564 0.9901
1341848060.6561 -0.4571 -0.0697 0.0035 0.0556 0.1153 0.0563 0.9902
1341848060.6873 -0.4512 -0.0674 0.0007 0.0552 0.1158 0.0554 0.9902
1341848060.7232 -0.4520 -0.0689 0.0071 0.0555 0.1175 0.0563 0.9899
1341848060.7579 -0.4516 -0.0667 0.0073 0.0585 0.1148 0.0570 0.9900
1341848060.7909 -0.4461 -0.0675 0.0042 0.0586 0.1114 0.0568 0.9904
1341848060.8240 -0.4464 -0.0696 0.0080 0.0593 0.1098 0.0569 0.9906
1341848060.8624 -0.4436 -0.0705 0.0080 0.0615 0.1064 0.0569 0.9908
1341848060.9231 -0.4352 -0.0723 0.0115 0.0630 0.1011 0.0577 0.9912
1341848060.9608 -0.4299 -0.0750 0.0119 0.0645 0.0982 0.0576 0.9914
1341848060.9969 -0.4247 -0.0758 0.0134 0.0652 0.0962 0.0583 0.9915
1341848061.0306 -0.4206 -0.0797 0.0164 0.0658 0.0940 0.0587 0.9917
1341848061.0622 -0.4126 -0.0834 0.0175 0.0659 0.0921 0.0580 0.9919
1341848061.1006 -0.4088 -0.0894 0.0224 0.0664 0.0927 0.0573 0.9918
1341848061.1298 -0.4043 -0.0939 0.0261 0.0696 0.0926 0.0567 0.9916
1341848061.1979 -0.3921 -0.1016 0.0295 0.0754 0.0922 0.0572 0.9912
1341848061.2594 -0.3791 -0.1042 0.0273 0.0824 0.0906 0.0578 0.9908
1341848061.2909 -0.3751 -0.1114 0.0331 0.0837 0.0904 0.0588 0.9906
1341848061.3266 -0.3683 -0.1135 0.0308 0.0870 0.0900 0.0599 0.9903
1341848061.3589 -0.3626 -0.1157 0.0323 0.0883 0.0906 0.0599 0.9902
1341848061.3908 -0.3578 -0.1161 0.0335 0.0904 0.0908 0.0620 0.9898
1341848061.4269 -0.3520 -0.1166 0.0324 0.0916 0.0900 0.0635 0.9897
1341848061.4588 -0.3465 -0.1183 0.0339 0.0912 0.0909 0.0650 0.9895
1341848061.4947 -0.3459 -0.1226 0.0372 0.0922 0.0924 0.0643 0.9894
1341848061.5267 -0.3405 -0.1195 0.0348 0.0944 0.0918 0.0642 0.9892
1341848061.5588 -0.3353 -0.1172 0.0347 0.0938 0.0921 0.0653 0.9892
1341848061.5947 -0.3339 -0.1231 0.0401 0.0924 0.0939 0.0655 0.9891
1341848061.6267 -0.3316 -0.1239 0.0403 0.0943 0.0942 0.0653 0.9889
1341848061.6588 -0.3230 -0.1191 0.0381 0.0945 0.0946 0.0646 0.9889
1341848061.6949 -0.3250 -0.1243 0.0433 0.0929 0.0977 0.0653 0.9887
1341848061.7267 -0.3237 -0.1244 0.0431 0.0945 0.0973 0.0660 0.9886
1341848061.7628 -0.3168 -0.1214 0.0409 0.0942 0.0976 0.0649 0.9886
1341848061.7948 -0.3182 -0.1250 0.0446 0.0931 0.1000 0.0642 0.9885
1341848061.8267 -0.3175 -0.1249 0.0453 0.0938 0.0998 0.0649 0.9884
1341848061.8629 -0.3132 -0.1226 0.0434 0.0929 0.0993 0.0641 0.9886
1341848061.8948 -0.3143 -0.1267 0.0486 0.0908 0.1004 0.0632 0.9888
1341848061.9307 -0.3138 -0.1281 0.0503 0.0912 0.1003 0.0618 0.9888
1341848061.9628 -0.3114 -0.1244 0.0505 0.0911 0.0997 0.0616 0.9889
1341848061.9972 -0.3126 -0.1256 0.0551 0.0894 0.0990 0.0615 0.9892
1341848062.0307 -0.3106 -0.1292 0.0592 0.0880 0.0976 0.0591 0.9896
1341848062.0633 -0.3089 -0.1288 0.0615 0.0873 0.0974 0.0574 0.9897
1341848062.0949 -0.3097 -0.1304 0.0666 0.0858 0.0959 0.0559 0.9901
1341848062.1308 -0.3081 -0.1322 0.0698 0.0842 0.0940 0.0555 0.9904
1341848062.1634 -0.3069 -0.1367 0.0748 0.0832 0.0928 0.0524 0.9908
1341848062.1987 -0.3043 -0.1376 0.0767 0.0834 0.0915 0.0476 0.9912
1341848062.2308 -0.3048 -0.1340 0.0800 0.0837 0.0902 0.0461 0.9913
1341848062.2628 -0.3034 -0.1323 0.0815 0.0817 0.0867 0.0460 0.9918
1341848062.2993 -0.3011 -0.1356 0.0848 0.0794 0.0842 0.0448 0.9923
1341848062.3308 -0.2973 -0.1387 0.0869 0.0781 0.0829 0.0426 0.9926
1341848062.3628 -0.3003 -0.1389 0.0914 0.0787 0.0823 0.0416 0.9926
1341848062.3988 -0.2952 -0.1385 0.0906 0.0791 0.0784 0.0411 0.9929
1341848062.4308 -0.2925 -0.1375 0.0912 0.0785 0.0766 0.0434 0.9930
1341848062.4669 -0.2911 -0.1380 0.0940 0.0777 0.0740 0.0450 0.9932
1341848062.4987 -0.2889 -0.1402 0.0962 0.0773 0.0712 0.0475 0.9933
1341848062.5307 -0.2830 -0.1404 0.0941 0.0771 0.0689 0.0476 0.9935
1341848062.5669 -0.2789 -0.1400 0.0950 0.0758 0.0687 0.0475 0.9936
1341848062.5988 -0.2817 -0.1406 0.0997 0.0761 0.0673 0.0501 0.9936
1341848062.6308 -0.2717 -0.1383 0.0954 0.0756 0.0622 0.0527 0.9938
1341848062.6667 -0.2666 -0.1420 0.0977 0.0735 0.0616 0.0526 0.9940
1341848062.6987 -0.2650 -0.1466 0.1018 0.0747 0.0616 0.0521 0.9939
1341848062.7349 -0.2549 -0.1419 0.0965 0.0768 0.0586 0.0524 0.9939
1341848062.7668 -0.2487 -0.1408 0.0977 0.0748 0.0578 0.0533 0.9941
1341848062.7987 -0.2481 -0.1460 0.1041 0.0747 0.0572 0.0538 0.9941
1341848062.8348 -0.2385 -0.1433 0.0988 0.0756 0.0531 0.0526 0.9943
1341848062.8668 -0.2297 -0.1428 0.0990 0.0737 0.0517 0.0513 0.9946
1341848062.8991 -0.2295 -0.1465 0.1043 0.0726 0.0513 0.0496 0.9948
1341848062.9350 -0.2214 -0.1480 0.1023 0.0736 0.0476 0.0445 0.9952
1341848062.9669 -0.2085 -0.1454 0.0992 0.0728 0.0462 0.0397 0.9955
1341848063.0029 -0.2097 -0.1470 0.1064 0.0713 0.0470 0.0392 0.9956
1341848063.0350 -0.2035 -0.1500 0.1070 0.0715 0.0424 0.0384 0.9958
1341848063.0667 -0.1921 -0.1514 0.1065 0.0709 0.0395 0.0373 0.9960
1341848063.1028 -0.1859 -0.1545 0.1100 0.0718 0.0385 0.0362 0.9960
1341848063.1350 -0.1776 -0.1524 0.1079 0.0730 0.0352 0.0356 0.9961
1341848063.1707 -0.1697 -0.1534 0.1086 0.0717 0.0319 0.0356 0.9963
1341848063.2027 -0.1617 -0.1581 0.1109 0.0708 0.0300 0.0348 0.9964
1341848063.2350 -0.1524 -0.1591 0.1110 0.0720 0.0283 0.0315 0.9965
1341848063.2708 -0.1424 -0.1591 0.1114 0.0721 0.0279 0.0286 0.9966
1341848063.3028 -0.1362 -0.1585 0.1121 0.0718 0.0278 0.0266 0.9967
1341848063.3349 -0.1298 -0.1600 0.1140 0.0710 0.0251 0.0235 0.9969
1341848063.3707 -0.1184 -0.1591 0.1140 0.0694 0.0242 0.0217 0.9971
1341848063.4027 -0.1131 -0.1612 0.1165 0.0675 0.0259 0.0181 0.9972
1341848063.4393 -0.1091 -0.1620 0.1215 0.0666 0.0260 0.0152 0.9973
1341848063.4707 -0.0968 -0.1601 0.1193 0.0654 0.0249 0.0131 0.9975
1341848063.5028 -0.0920 -0.1599 0.1259 0.0616 0.0274 0.0117 0.9977
1341848063.5418 -0.0937 -0.1675 0.1371 0.0608 0.0280 0.0128 0.9977
1341848063.5778 -0.0789 -0.1628 0.1309 0.0615 0.0255 0.0144 0.9977
1341848063.6097 -0.0763 -0.1630 0.1379 0.0577 0.0265 0.0157 0.9979
1341848063.6430 -0.0750 -0.1682 0.1458 0.0566 0.0254 0.0167 0.9979
1341848063.6780 -0.0629 -0.1627 0.1416 0.0559 0.0224 0.0168 0.9980
1341848063.7099 -0.0593 -0.1617 0.1483 0.0512 0.0213 0.0174 0.9983
1341848063.7458 -0.0605 -0.1688 0.1582 0.0481 0.0197 0.0173 0.9985
1341848063.7778 -0.0494 -0.1696 0.1588 0.0476 0.0171 0.0142 0.9986
1341848063.8098 -0.0473 -0.1710 0.1665 0.0459 0.0179 0.0126 0.9987
1341848063.8457 -0.0462 -0.1773 0.1753 0.0458 0.0162 0.0118 0.9987
1341848063.8779 -0.0331 -0.1771 0.1774 0.0462 0.0130 0.0111 0.9988
1341848063.9138 -0.0294 -0.1868 0.1886 0.0449 0.0152 0.0080 0.9988
1341848063.9458 -0.0287 -0.1930 0.1990 0.0481 0.0166 0.0056 0.9987
1341848063.9779 -0.0220 -0.1918 0.2052 0.0513 0.0132 0.0071 0.9986
1341848064.0140 -0.0120 -0.1956 0.2111 0.0508 0.0103 0.0085 0.9986
1341848064.0458 -0.0150 -0.2072 0.2258 0.0508 0.0102 0.0071 0.9986
1341848064.0817 -0.0008 -0.2092 0.2289 0.0541 0.0063 0.0051 0.9985
1341848064.1137 0.0106 -0.2095 0.2364 0.0534 0.0065 0.0055 0.9985
1341848064.1458 0.0056 -0.2185 0.2520 0.0519 0.0083 0.0071 0.9986
1341848064.1818 0.0162 -0.2235 0.2588 0.0530 0.0040 0.0093 0.9985
1341848064.2139 0.0321 -0.2279 0.2637 0.0517 0.0023 0.0088 0.9986
1341848064.2498 0.0358 -0.2363 0.2784 0.0511 0.0059 0.0080 0.9986
1341848064.2830 0.0421 -0.2407 0.2890 0.0541 0.0056 0.0083 0.9985
1341848064.3138 0.0620 -0.2408 0.2921 0.0550 0.0029 0.0085 0.9984
1341848064.3498 0.0677 -0.2494 0.3055 0.0536 0.0053 0.0079 0.9985
1341848064.3826 0.0799 -0.2544 0.3129 0.0552 0.0057 0.0077 0.9984
1341848064.4181 0.0970 -0.2532 0.3163 0.0554 0.0050 0.0076 0.9984
1341848064.4498 0.1024 -0.2607 0.3290 0.0531 0.0063 0.0043 0.9986
1341848064.4818 0.1101 -0.2699 0.3403 0.0540 0.0075 0.0005 0.9985
1341848064.5180 0.1238 -0.2722 0.3434 0.0564 0.0080 -0.0019 0.9984
1341848064.5497 0.1304 -0.2761 0.3524 0.0570 0.0090 -0.0013 0.9983
1341848064.5817 0.1351 -0.2826 0.3606 0.0584 0.0087 0.0013 0.9983
1341848064.6177 0.1502 -0.2840 0.3602 0.0610 0.0062 0.0022 0.9981
1341848064.6497 0.1595 -0.2849 0.3636 0.0618 0.0058 0.0036 0.9981
1341848064.6858 0.1634 -0.2861 0.3673 0.0617 0.0038 0.0064 0.9981
1341848064.7499 0.1851 -0.2899 0.3711 0.0603 0.0026 0.0037 0.9982
1341848064.8107 0.1943 -0.2925 0.3773 0.0612 0.0000 0.0032 0.9981
1341848064.8427 0.2035 -0.2936 0.3798 0.0598 -0.0020 0.0029 0.9982
1341848064.8788 0.2045 -0.2979 0.3851 0.0593 -0.0022 0.0038 0.9982
1341848064.9108 0.2172 -0.2951 0.3836 0.0602 -0.0062 0.0069 0.9981
1341848064.9469 0.2278 -0.2934 0.3849 0.0583 -0.0084 0.0097 0.9982
1341848064.9788 0.2279 -0.3006 0.3930 0.0569 -0.0083 0.0108 0.9983
1341848065.0108 0.2439 -0.3002 0.3902 0.0589 -0.0112 0.0120 0.9981
1341848065.0468 0.2550 -0.2961 0.3924 0.0584 -0.0120 0.0128 0.9981
1341848065.0787 0.2514 -0.3011 0.3988 0.0570 -0.0119 0.0149 0.9982
1341848065.1107 0.2699 -0.3011 0.3956 0.0569 -0.0168 0.0169 0.9981
1341848065.1467 0.2753 -0.3021 0.4000 0.0554 -0.0162 0.0165 0.9982
1341848065.1788 0.2747 -0.3120 0.4073 0.0562 -0.0159 0.0154 0.9982
1341848065.2148 0.2932 -0.3069 0.4024 0.0601 -0.0192 0.0148 0.9979
1341848065.2468 0.3019 -0.3010 0.4045 0.0593 -0.0206 0.0124 0.9979
1341848065.2787 0.3005 -0.3128 0.4120 0.0573 -0.0192 0.0119 0.9981
1341848065.3148 0.3145 -0.3089 0.4108 0.0601 -0.0223 0.0101 0.9979
1341848065.3468 0.3224 -0.3112 0.4127 0.0594 -0.0233 0.0075 0.9979
1341848065.3828 0.3325 -0.3144 0.4132 0.0602 -0.0242 0.0071 0.9979
1341848065.4149 0.3415 -0.3136 0.4131 0.0610 -0.0255 0.0056 0.9978
1341848065.4467 0.3508 -0.3185 0.4163 0.0617 -0.0270 0.0026 0.9977
1341848065.4828 0.3638 -0.3196 0.4163 0.0639 -0.0275 0.0014 0.9976
1341848065.5147 0.3699 -0.3195 0.4186 0.0650 -0.0276 0.0013 0.9975
1341848065.5469 0.3768 -0.3220 0.4219 0.0652 -0.0291 0.0006 0.9974
1341848065.5827 0.3885 -0.3254 0.4230 0.0665 -0.0300 -0.0008 0.9973
1341848065.6148 0.3945 -0.3245 0.4240 0.0676 -0.0305 -0.0019 0.9972
1341848065.6829 0.4054 -0.3286 0.4274 0.0681 -0.0349 -0.0047 0.9971
1341848065.7148 0.4179 -0.3247 0.4258 0.0690 -0.0376 -0.0069 0.9969
1341848065.7507 0.4157 -0.3239 0.4277 0.0675 -0.0385 -0.0088 0.9969
1341848065.7827 0.4208 -0.3259 0.4277 0.0667 -0.0431 -0.0117 0.9968
1341848065.8147 0.4332 -0.3245 0.4272 0.0661 -0.0462 -0.0156 0.9966
1341848065.8507 0.4316 -0.3242 0.4292 0.0648 -0.0467 -0.0211 0.9966
1341848065.9187 0.4388 -0.3170 0.4268 0.0615 -0.0594 -0.0229 0.9961
1341848065.9508 0.4441 -0.3178 0.4293 0.0569 -0.0647 -0.0268 0.9959
1341848065.9828 0.4413 -0.3236 0.4326 0.0542 -0.0676 -0.0305 0.9958
1341848066.0188 0.4535 -0.3192 0.4305 0.0541 -0.0737 -0.0344 0.9952
1341848066.0507 0.4573 -0.3176 0.4337 0.0513 -0.0762 -0.0380 0.9950
1341848066.0828 0.4544 -0.3215 0.4370 0.0490 -0.0777 -0.0387 0.9950
1341848066.1187 0.4587 -0.3207 0.4366 0.0484 -0.0823 -0.0391 0.9947
1341848066.1510 0.4700 -0.3200 0.4397 0.0469 -0.0871 -0.0411 0.9942
1341848066.1868 0.4714 -0.3228 0.4426 0.0442 -0.0870 -0.0408 0.9944
1341848066.2187 0.4706 -0.3258 0.4459 0.0433 -0.0899 -0.0414 0.9942
1341848066.2508 0.4840 -0.3271 0.4483 0.0431 -0.0942 -0.0428 0.9937
1341848066.2867 0.4883 -0.3294 0.4528 0.0422 -0.0947 -0.0446 0.9936
1341848066.3187 0.4887 -0.3360 0.4583 0.0427 -0.0951 -0.0455 0.9935
1341848066.3548 0.5001 -0.3375 0.4606 0.0443 -0.0975 -0.0456 0.9932
1341848066.3868 0.5039 -0.3421 0.4662 0.0448 -0.0976 -0.0465 0.9931
1341848066.4188 0.5037 -0.3453 0.4721 0.0467 -0.0980 -0.0461 0.9930
1341848066.4547 0.5151 -0.3470 0.4754 0.0488 -0.1023 -0.0471 0.9924
1341848066.4869 0.5240 -0.3485 0.4805 0.0490 -0.1046 -0.0490 0.9921
1341848066.5228 0.5238 -0.3531 0.4867 0.0487 -0.1053 -0.0509 0.9919
1341848066.5551 0.5299 -0.3562 0.4919 0.0501 -0.1086 -0.0540 0.9914
1341848066.6235 0.5422 -0.3647 0.5048 0.0524 -0.1094 -0.0625 0.9906
1341848066.6552 0.5484 -0.3678 0.5104 0.0545 -0.1114 -0.0653 0.9901
1341848066.6977 0.5594 -0.3694 0.5160 0.0559 -0.1126 -0.0678 0.9897
1341848066.7325 0.5587 -0.3775 0.5243 0.0565 -0.1120 -0.0707 0.9896
1341848066.7644 0.5678 -0.3815 0.5294 0.0596 -0.1134 -0.0730 0.9891
1341848066.7953 0.5785 -0.3812 0.5335 0.0628 -0.1137 -0.0768 0.9885
1341848066.8334 0.5777 -0.3842 0.5395 0.0641 -0.1134 -0.0802 0.9882
1341848066.8621 0.5911 -0.3853 0.5426 0.0655 -0.1162 -0.0814 0.9877
1341848066.9050 0.5983 -0.3844 0.5467 0.0650 -0.1165 -0.0833 0.9876
1341848066.9302 0.5962 -0.3904 0.5519 0.0638 -0.1168 -0.0848 0.9875
1341848066.9979 0.6199 -0.3905 0.5590 0.0639 -0.1188 -0.0889 0.9869
1341848067.0547 0.6278 -0.3972 0.5668 0.0634 -0.1205 -0.0925 0.9864
1341848067.0909 0.6294 -0.4001 0.5704 0.0630 -0.1186 -0.0948 0.9864
1341848067.1230 0.6244 -0.4061 0.5734 0.0643 -0.1180 -0.0954 0.9863
1341848067.1588 0.6362 -0.4047 0.5743 0.0680 -0.1205 -0.0948 0.9858
1341848067.1911 0.6400 -0.4032 0.5754 0.0685 -0.1206 -0.0947 0.9858
1341848067.2229 0.6413 -0.4079 0.5780 0.0682 -0.1213 -0.0932 0.9859
1341848067.2587 0.6519 -0.4067 0.5782 0.0695 -0.1225 -0.0912 0.9858
1341848067.3228 0.6545 -0.4094 0.5809 0.0682 -0.1214 -0.0864 0.9865
1341848067.3587 0.6664 -0.4088 0.5814 0.0684 -0.1239 -0.0834 0.9864
1341848067.3907 0.6711 -0.4091 0.5827 0.0674 -0.1220 -0.0811 0.9869
1341848067.4269 0.6709 -0.4111 0.5834 0.0670 -0.1203 -0.0786 0.9873
1341848067.4587 0.6816 -0.4085 0.5827 0.0672 -0.1211 -0.0755 0.9875
1341848067.4915 0.6884 -0.4062 0.5834 0.0653 -0.1194 -0.0731 0.9880
1341848067.5267 0.6857 -0.4099 0.5842 0.0635 -0.1168 -0.0724 0.9885
1341848067.5588 0.6965 -0.4079 0.5829 0.0640 -0.1170 -0.0721 0.9884
1341848067.5947 0.6998 -0.4090 0.5835 0.0631 -0.1135 -0.0736 0.9888
1341848067.6267 0.6947 -0.4135 0.5836 0.0639 -0.1101 -0.0743 0.9891
1341848067.6590 0.7033 -0.4133 0.5817 0.0668 -0.1106 -0.0736 0.9889
1341848067.6949 0.7081 -0.4124 0.5813 0.0680 -0.1088 -0.0724 0.9891
1341848067.7267 0.7051 -0.4155 0.5802 0.0696 -0.1073 -0.0700 0.9893
1341848067.7587 0.7162 -0.4134 0.5782 0.0726 -0.1085 -0.0682 0.9891
1341848067.7948 0.7199 -0.4130 0.5770 0.0728 -0.1061 -0.0665 0.9895
1341848067.8268 0.7175 -0.4163 0.5761 0.0734 -0.1047 -0.0639 0.9897
1341848067.8628 0.7297 -0.4133 0.5752 0.0754 -0.1053 -0.0620 0.9896
