1341847980.7869 -0.0028 -0.0018 0.0021 -0.0001 0.0002 -0.0005 1.0000
1341847980.8230 -0.0023 -0.0008 0.0011 0.0010 -0.0000 -0.0012 1.0000
1341847980.8547 -0.0025 -0.0000 -0.0004 0.0011 0.0003 -0.0016 1.0000
1341847980.8907 -0.0049 -0.0002 0.0001 0.0012 0.0007 -0.0017 1.0000
1341847980.9230 -0.0051 -0.0001 -0.0006 0.0016 0.0005 -0.0022 1.0000
1341847980.9546 -0.0044 0.0008 -0.0024 0.0015 0.0007 -0.0024 1.0000
1341847980.9907 -0.0082 0.0003 -0.0008 0.0013 0.0016 -0.0025 1.0000
1341847981.0227 -0.0084 0.0006 -0.0026 0.0016 0.0014 -0.0025 1.0000
1341847981.0547 -0.0092 0.0007 -0.0018 0.0014 0.0015 -0.0025 1.0000
1341847981.0907 -0.0098 -0.0001 -0.0021 0.0015 0.0020 -0.0027 1.0000
1341847981.1230 -0.0115 0.0001 -0.0033 0.0018 0.0028 -0.0024 1.0000
1341847981.1586 -0.0130 0.0006 -0.0043 0.0015 0.0030 -0.0013 1.0000
1341847981.1906 -0.0155 -0.0004 -0.0037 0.0011 0.0031 0.0001 1.0000
1341847981.2230 -0.0190 -0.0010 -0.0041 0.0017 0.0034 0.0017 1.0000
1341847981.2587 -0.0207 -0.0005 -0.0068 0.0018 0.0029 0.0034 1.0000
1341847981.2908 -0.0216 -0.0019 -0.0063 0.0015 0.0029 0.0036 1.0000
1341847981.3229 -0.0208 -0.0011 -0.0077 0.0021 0.0036 0.0035 1.0000
1341847981.3587 -0.0259 -0.0001 -0.0094 0.0025 0.0049 0.0040 1.0000
1341847981.3908 -0.0318 -0.0010 -0.0090 0.0024 0.0054 0.0050 1.0000
1341847981.4267 -0.0372 -0.0017 -0.0099 0.0029 0.0056 0.0060 1.0000
1341847981.4588 -0.0391 0.0002 -0.0144 0.0032 0.0052 0.0069 1.0000
1341847981.4907 -0.0439 0.0004 -0.0144 0.0031 0.0058 0.0070 1.0000
1341847981.5270 -0.0483 0.0009 -0.0174 0.0038 0.0065 0.0066 0.9999
1341847981.5587 -0.0514 0.0024 -0.0194 0.0038 0.0071 0.0061 0.9999
1341847981.5949 -0.0594 0.0006 -0.0180 0.0040 0.0090 0.0054 0.9999
1341847981.6267 -0.0619 0.0033 -0.0239 0.0054 0.0094 0.0059 0.9999
1341847981.6587 -0.0632 0.0075 -0.0269 0.0048 0.0092 0.0058 0.9999
1341847981.6947 -0.0731 0.0047 -0.0245 0.0041 0.0110 0.0052 0.9999
1341847981.7266 -0.0750 0.0079 -0.0295 0.0040 0.0110 0.0060 0.9999
1341847981.7588 -0.0827 0.0090 -0.0300 0.0030 0.0117 0.0060 0.9999
1341847981.7947 -0.0861 0.0118 -0.0336 0.0023 0.0117 0.0058 0.9999
1341847981.8267 -0.0926 0.0150 -0.0325 0.0008 0.0125 0.0056 0.9999
1341847981.8627 -0.1061 0.0136 -0.0277 0.0006 0.0139 0.0049 0.9999
1341847981.8946 -0.1003 0.0159 -0.0389 0.0002 0.0109 0.0050 0.9999
1341847981.9266 -0.1097 0.0201 -0.0376 -0.0019 0.0112 0.0050 0.9999
1341847981.9948 -0.1214 0.0160 -0.0330 -0.0035 0.0118 0.0046 0.9999
1341847982.0627 -0.1321 0.0127 -0.0321 -0.0018 0.0117 0.0021 0.9999
1341847982.0948 -0.1365 0.0155 -0.0354 -0.0006 0.0114 0.0011 0.9999
1341847982.1307 -0.1491 0.0090 -0.0267 -0.0001 0.0123 0.0001 0.9999
1341847982.1627 -0.1326 0.0046 -0.0353 0.0018 0.0065 0.0017 1.0000
1341847982.1947 -0.1356 0.0126 -0.0456 0.0019 0.0067 0.0024 1.0000
1341847982.2306 -0.1430 0.0109 -0.0389 0.0004 0.0097 0.0021 1.0000
1341847982.2627 -0.1365 0.0030 -0.0365 -0.0000 0.0100 0.0012 0.9999
1341847982.2950 -0.1416 0.0052 -0.0389 0.0008 0.0128 0.0005 0.9999
1341847982.3307 -0.1632 0.0048 -0.0342 0.0028 0.0179 0.0028 0.9998
1341847982.3989 -0.1695 0.0036 -0.0386 0.0076 0.0148 0.0082 0.9998
1341847982.4308 -0.1564 0.0029 -0.0439 0.0084 0.0122 0.0094 0.9998
1341847982.4626 -0.1417 0.0010 -0.0477 0.0087 0.0117 0.0102 0.9998
1341847982.4986 -0.1476 0.0028 -0.0514 0.0087 0.0152 0.0105 0.9998
1341847982.5308 -0.1626 0.0030 -0.0463 0.0074 0.0193 0.0105 0.9997
1341847982.5667 -0.1705 0.0046 -0.0489 0.0061 0.0219 0.0118 0.9997
1341847982.5987 -0.1753 0.0020 -0.0452 0.0031 0.0248 0.0132 0.9996
1341847982.6307 -0.1774 -0.0002 -0.0456 0.0019 0.0271 0.0133 0.9995
1341847982.6666 -0.1845 0.0020 -0.0440 0.0012 0.0302 0.0138 0.9994
1341847982.6986 -0.1897 -0.0012 -0.0445 -0.0007 0.0338 0.0140 0.9993
1341847982.7307 -0.2010 -0.0029 -0.0402 -0.0018 0.0385 0.0139 0.9992
1341847982.7667 -0.2114 -0.0045 -0.0380 -0.0017 0.0417 0.0151 0.9990
1341847982.7987 -0.2177 -0.0046 -0.0378 -0.0015 0.0434 0.0166 0.9989
1341847982.8347 -0.2312 -0.0094 -0.0330 -0.0012 0.0460 0.0166 0.9988
1341847982.8667 -0.2399 -0.0105 -0.0331 0.0013 0.0466 0.0178 0.9988
1341847982.8987 -0.2526 -0.0064 -0.0378 0.0036 0.0464 0.0197 0.9987
1341847982.9348 -0.2627 -0.0023 -0.0399 0.0033 0.0445 0.0219 0.9988
1341847982.9667 -0.2662 -0.0047 -0.0373 0.0015 0.0425 0.0221 0.9988
1341847982.9988 -0.2673 -0.0043 -0.0402 0.0005 0.0425 0.0210 0.9989
1341847983.0347 -0.2831 -0.0063 -0.0384 -0.0013 0.0452 0.0208 0.9988
1341847983.0667 -0.2997 -0.0051 -0.0370 -0.0021 0.0464 0.0221 0.9987
1341847983.1028 -0.3114 -0.0067 -0.0335 -0.0034 0.0469 0.0230 0.9986
1341847983.1347 -0.3255 -0.0100 -0.0297 -0.0032 0.0476 0.0239 0.9986
1341847983.1667 -0.3370 -0.0107 -0.0329 -0.0021 0.0469 0.0250 0.9986
1341847983.2027 -0.3391 -0.0068 -0.0363 -0.0014 0.0441 0.0260 0.9987
1341847983.2347 -0.3418 -0.0075 -0.0396 -0.0023 0.0423 0.0269 0.9987
1341847983.2668 -0.3480 -0.0062 -0.0420 -0.0045 0.0428 0.0263 0.9987
1341847983.3027 -0.3555 -0.0081 -0.0399 -0.0073 0.0446 0.0254 0.9987
1341847983.3347 -0.3716 -0.0107 -0.0368 -0.0088 0.0488 0.0245 0.9985
1341847983.3709 -0.3817 -0.0145 -0.0310 -0.0092 0.0517 0.0234 0.9983
1341847983.4027 -0.3929 -0.0136 -0.0338 -0.0080 0.0525 0.0247 0.9983
1341847983.4347 -0.4010 -0.0117 -0.0371 -0.0088 0.0507 0.0276 0.9983
1341847983.4707 -0.4096 -0.0156 -0.0326 -0.0097 0.0507 0.0269 0.9983
1341847983.5028 -0.4135 -0.0176 -0.0350 -0.0085 0.0527 0.0239 0.9983
1341847983.5348 -0.4236 -0.0162 -0.0417 -0.0080 0.0566 0.0228 0.9981
1341847983.5707 -0.4402 -0.0153 -0.0400 -0.0081 0.0597 0.0232 0.9979
1341847983.6027 -0.4535 -0.0161 -0.0376 -0.0072 0.0608 0.0237 0.9978
1341847983.6387 -0.4644 -0.0182 -0.0423 -0.0060 0.0619 0.0239 0.9978
1341847983.7029 -0.4942 -0.0187 -0.0482 -0.0011 0.0651 0.0258 0.9975
1341847983.7387 -0.5050 -0.0168 -0.0551 0.0001 0.0641 0.0278 0.9976
1341847983.7707 -0.5173 -0.0175 -0.0564 0.0011 0.0638 0.0291 0.9975
1341847983.8067 -0.5247 -0.0188 -0.0585 0.0026 0.0641 0.0285 0.9975
1341847983.8387 -0.5495 -0.0179 -0.0555 0.0063 0.0675 0.0286 0.9973
1341847983.8707 -0.5599 -0.0111 -0.0673 0.0085 0.0653 0.0321 0.9973
1341847983.9067 -0.5758 -0.0116 -0.0648 0.0088 0.0637 0.0345 0.9973
1341847983.9388 -0.5828 -0.0091 -0.0739 0.0090 0.0615 0.0357 0.9974
1341847983.9708 -0.5932 -0.0056 -0.0746 0.0080 0.0629 0.0347 0.9974
1341847984.0067 -0.6083 -0.0027 -0.0737 0.0074 0.0657 0.0339 0.9972
1341847984.0387 -0.6184 -0.0030 -0.0770 0.0056 0.0676 0.0337 0.9971
1341847984.0747 -0.6241 0.0072 -0.0842 0.0045 0.0689 0.0324 0.9971
1341847984.1068 -0.6477 0.0082 -0.0742 0.0004 0.0735 0.0315 0.9968
1341847984.1387 -0.6650 0.0057 -0.0668 -0.0009 0.0760 0.0304 0.9966
1341847984.1748 -0.6718 0.0135 -0.0777 -0.0024 0.0754 0.0288 0.9967
1341847984.2067 -0.6896 0.0150 -0.0659 -0.0065 0.0780 0.0273 0.9966
1341847984.2387 -0.7016 0.0167 -0.0608 -0.0072 0.0767 0.0279 0.9966
1341847984.2748 -0.7057 0.0208 -0.0636 -0.0089 0.0740 0.0285 0.9968
1341847984.3067 -0.7179 0.0216 -0.0569 -0.0113 0.0747 0.0284 0.9967
1341847984.3431 -0.7280 0.0235 -0.0514 -0.0127 0.0740 0.0288 0.9968
1341847984.4067 -0.7510 0.0240 -0.0387 -0.0167 0.0708 0.0318 0.9968
1341847984.4429 -0.7594 0.0224 -0.0263 -0.0183 0.0705 0.0329 0.9968
1341847984.4746 -0.7690 0.0216 -0.0202 -0.0180 0.0708 0.0324 0.9968
1341847984.5067 -0.7790 0.0215 -0.0113 -0.0186 0.0717 0.0318 0.9967
1341847984.5427 -0.7846 0.0203 -0.0058 -0.0188 0.0731 0.0322 0.9966
1341847984.5748 -0.7961 0.0183 0.0060 -0.0206 0.0766 0.0326 0.9963
1341847984.6108 -0.8104 0.0107 0.0252 -0.0205 0.0779 0.0318 0.9962
1341847984.6427 -0.8202 0.0088 0.0312 -0.0175 0.0767 0.0332 0.9963
1341847984.6748 -0.8251 0.0072 0.0396 -0.0168 0.0758 0.0344 0.9964
1341847984.7107 -0.8353 0.0012 0.0545 -0.0157 0.0757 0.0342 0.9964
1341847984.7434 -0.8415 -0.0032 0.0649 -0.0131 0.0746 0.0339 0.9966
1341847984.7789 -0.8511 -0.0046 0.0727 -0.0121 0.0753 0.0348 0.9965
1341847984.8106 -0.8620 -0.0114 0.0909 -0.0116 0.0768 0.0366 0.9963
1341847984.8427 -0.8703 -0.0184 0.1072 -0.0091 0.0774 0.0380 0.9962
1341847984.8788 -0.8769 -0.0208 0.1140 -0.0067 0.0776 0.0399 0.9962
1341847984.9106 -0.8855 -0.0227 0.1211 -0.0064 0.0776 0.0430 0.9960
1341847984.9431 -0.8917 -0.0265 0.1320 -0.0075 0.0757 0.0462 0.9960
1341847984.9792 -0.8956 -0.0311 0.1434 -0.0085 0.0734 0.0491 0.9961
1341847985.0106 -0.8956 -0.0359 0.1529 -0.0110 0.0727 0.0501 0.9960
1341847985.0466 -0.8987 -0.0421 0.1672 -0.0140 0.0758 0.0506 0.9957
1341847985.0787 -0.9041 -0.0483 0.1798 -0.0150 0.0795 0.0502 0.9955
1341847985.1108 -0.9092 -0.0529 0.1903 -0.0161 0.0824 0.0517 0.9951
1341847985.1468 -0.9124 -0.0598 0.2016 -0.0170 0.0849 0.0533 0.9948
1341847985.1787 -0.9141 -0.0637 0.2139 -0.0167 0.0875 0.0544 0.9945
1341847985.2108 -0.9227 -0.0757 0.2275 -0.0168 0.0910 0.0543 0.9942
1341847985.2467 -0.9261 -0.0801 0.2318 -0.0161 0.0937 0.0550 0.9939
1341847985.2789 -0.9278 -0.0852 0.2440 -0.0163 0.0965 0.0549 0.9937
1341847985.3146 -0.9333 -0.0902 0.2562 -0.0142 0.0995 0.0548 0.9934
1341847985.3468 -0.9431 -0.0991 0.2620 -0.0143 0.1027 0.0553 0.9931
1341847985.3788 -0.9464 -0.1036 0.2708 -0.0155 0.1038 0.0554 0.9929
1341847985.4146 -0.9512 -0.1109 0.2857 -0.0164 0.1070 0.0557 0.9926
1341847985.4469 -0.9560 -0.1159 0.2954 -0.0154 0.1093 0.0558 0.9923
1341847985.4787 -0.9609 -0.1195 0.3029 -0.0149 0.1108 0.0570 0.9921
1341847985.5147 -0.9645 -0.1247 0.3149 -0.0157 0.1126 0.0578 0.9918
1341847985.5468 -0.9687 -0.1303 0.3270 -0.0164 0.1157 0.0586 0.9914
1341847985.5826 -0.9737 -0.1359 0.3421 -0.0157 0.1189 0.0594 0.9910
1341847985.6148 -0.9806 -0.1394 0.3532 -0.0135 0.1213 0.0611 0.9906
1341847985.6471 -0.9848 -0.1457 0.3668 -0.0119 0.1235 0.0629 0.9903
1341847985.6828 -0.9910 -0.1503 0.3775 -0.0093 0.1261 0.0651 0.9898
1341847985.7147 -0.9978 -0.1561 0.3909 -0.0059 0.1276 0.0681 0.9895
1341847985.7470 -1.0023 -0.1621 0.3994 -0.0027 0.1287 0.0706 0.9892
1341847985.7828 -1.0070 -0.1652 0.4096 0.0009 0.1308 0.0723 0.9888
1341847985.8147 -1.0130 -0.1716 0.4236 0.0079 0.1332 0.0754 0.9882
1341847985.8507 -1.0197 -0.1746 0.4257 0.0146 0.1341 0.0788 0.9877
1341847985.8828 -1.0245 -0.1763 0.4266 0.0147 0.1342 0.0827 0.9874
1341847985.9150 -1.0271 -0.1846 0.4391 0.0116 0.1367 0.0850 0.9869
1341847985.9508 -1.0329 -0.1933 0.4521 0.0105 0.1419 0.0846 0.9862
1341847985.9827 -1.0414 -0.1999 0.4628 0.0110 0.1474 0.0846 0.9854
1341847986.0188 -1.0474 -0.2034 0.4713 0.0119 0.1501 0.0869 0.9848
1341847986.0520 -1.0514 -0.2085 0.4798 0.0114 0.1512 0.0899 0.9843
1341847986.0826 -1.0552 -0.2159 0.4904 0.0110 0.1526 0.0912 0.9840
1341847986.1187 -1.0573 -0.2197 0.4962 0.0103 0.1549 0.0912 0.9837
1341847986.1506 -1.0599 -0.2240 0.5059 0.0081 0.1593 0.0916 0.9829
1341847986.1826 -1.0647 -0.2325 0.5233 0.0069 0.1639 0.0919 0.9822
1341847986.2187 -1.0694 -0.2384 0.5328 0.0087 0.1670 0.0926 0.9816
1341847986.2506 -1.0694 -0.2399 0.5418 0.0108 0.1690 0.0947 0.9810
1341847986.2867 -1.0744 -0.2517 0.5539 0.0111 0.1727 0.0959 0.9802
1341847986.3262 -1.0755 -0.2588 0.5654 0.0131 0.1758 0.0970 0.9796
1341847986.3592 -1.0759 -0.2618 0.5744 0.0161 0.1782 0.0991 0.9788
1341847986.3945 -1.0771 -0.2650 0.5819 0.0166 0.1803 0.1010 0.9783
1341847986.4259 -1.0802 -0.2715 0.5950 0.0164 0.1838 0.1026 0.9775
1341847986.4577 -1.0817 -0.2767 0.6054 0.0157 0.1871 0.1037 0.9767
1341847986.4937 -1.0857 -0.2835 0.6213 0.0148 0.1907 0.1050 0.9759
1341847986.5258 -1.0882 -0.2899 0.6343 0.0154 0.1928 0.1063 0.9753
1341847986.5617 -1.0887 -0.2932 0.6438 0.0150 0.1946 0.1072 0.9749
1341847986.5937 -1.0919 -0.3019 0.6597 0.0129 0.1985 0.1072 0.9741
1341847986.6257 -1.0951 -0.3112 0.6761 0.0133 0.2025 0.1074 0.9733
1341847986.6619 -1.0970 -0.3126 0.6843 0.0153 0.2041 0.1103 0.9726
1341847986.6937 -1.0998 -0.3160 0.6964 0.0158 0.2051 0.1143 0.9719
1341847986.7259 -1.1029 -0.3215 0.7085 0.0164 0.2056 0.1199 0.9711
1341847986.7626 -1.1033 -0.3249 0.7167 0.0156 0.2054 0.1239 0.9707
1341847986.7938 -1.1032 -0.3288 0.7260 0.0126 0.2069 0.1266 0.9701
1341847986.8298 -1.1064 -0.3386 0.7424 0.0090 0.2108 0.1280 0.9691
1341847986.8867 -1.1125 -0.3444 0.7636 0.0077 0.2125 0.1335 0.9680
1341847986.9227 -1.1137 -0.3504 0.7754 0.0051 0.2129 0.1367 0.9675
1341847986.9547 -1.1154 -0.3573 0.7877 0.0028 0.2147 0.1380 0.9669
1341847986.9906 -1.1177 -0.3626 0.8003 0.0012 0.2175 0.1389 0.9661
1341847987.0229 -1.1198 -0.3658 0.8095 0.0011 0.2194 0.1413 0.9653
1341847987.0546 -1.1218 -0.3676 0.8179 0.0000 0.2201 0.1441 0.9648
1341847987.0912 -1.1232 -0.3742 0.8304 -0.0026 0.2214 0.1456 0.9642
1341847987.1232 -1.1240 -0.3826 0.8426 -0.0048 0.2249 0.1448 0.9635
1341847987.1907 -1.1280 -0.3857 0.8610 -0.0076 0.2350 0.1429 0.9614
1341847987.2593 -1.1348 -0.3925 0.8843 -0.0096 0.2418 0.1457 0.9593
1341847987.2907 -1.1361 -0.3997 0.8943 -0.0117 0.2467 0.1449 0.9581
1341847987.3228 -1.1391 -0.4048 0.9050 -0.0122 0.2534 0.1433 0.9566
1341847987.3907 -1.1475 -0.4131 0.9283 -0.0080 0.2659 0.1383 0.9540
1341847987.4228 -1.1516 -0.4139 0.9352 -0.0051 0.2720 0.1367 0.9525
1341847987.4586 -1.1580 -0.4120 0.9497 -0.0006 0.2782 0.1374 0.9506
1341847987.4908 -1.1639 -0.4096 0.9584 0.0059 0.2816 0.1392 0.9494
1341847987.5268 -1.1689 -0.4057 0.9568 0.0075 0.2829 0.1424 0.9485
1341847987.5587 -1.1731 -0.4146 0.9771 0.0052 0.2889 0.1436 0.9465
1341847987.5908 -1.1798 -0.4108 0.9866 0.0107 0.2937 0.1458 0.9446
1341847987.6269 -1.1863 -0.4041 0.9908 0.0145 0.2957 0.1505 0.9432
1341847987.6589 -1.1912 -0.4060 1.0018 0.0135 0.2981 0.1531 0.9421
1341847987.6916 -1.1972 -0.4044 1.0126 0.0144 0.3002 0.1553 0.9410
1341847987.7267 -1.2024 -0.4056 1.0260 0.0148 0.3009 0.1574 0.9405
1341847987.7587 -1.2071 -0.4056 1.0334 0.0161 0.3012 0.1615 0.9396
1341847987.7947 -1.2125 -0.4067 1.0444 0.0161 0.3018 0.1651 0.9388
1341847987.8267 -1.2186 -0.4071 1.0550 0.0172 0.3018 0.1684 0.9382
1341847987.8659 -1.2232 -0.4100 1.0656 0.0167 0.3015 0.1701 0.9380
1341847987.8978 -1.2302 -0.4128 1.0756 0.0178 0.3020 0.1720 0.9375
1341847987.9337 -1.2348 -0.4160 1.0854 0.0188 0.3010 0.1726 0.9377
1341847987.9658 -1.2403 -0.4224 1.0958 0.0194 0.3018 0.1698 0.9379
1341847987.9978 -1.2459 -0.4225 1.1020 0.0214 0.3024 0.1677 0.9381
1341847988.0338 -1.2502 -0.4286 1.1149 0.0214 0.3045 0.1640 0.9380
1341847988.0657 -1.2561 -0.4304 1.1245 0.0248 0.3058 0.1603 0.9382
1341847988.0982 -1.2606 -0.4323 1.1307 0.0273 0.3065 0.1564 0.9385
1341847988.1338 -1.2647 -0.4342 1.1391 0.0287 0.3092 0.1531 0.9381
1341847988.1658 -1.2718 -0.4275 1.1454 0.0340 0.3104 0.1539 0.9375
1341847988.2017 -1.2767 -0.4239 1.1504 0.0347 0.3084 0.1580 0.9374
1341847988.2338 -1.2780 -0.4311 1.1612 0.0304 0.3081 0.1596 0.9374
1341847988.2657 -1.2795 -0.4356 1.1709 0.0291 0.3102 0.1592 0.9368
1341847988.3018 -1.2839 -0.4307 1.1750 0.0312 0.3114 0.1607 0.9361
1341847988.3337 -1.2869 -0.4286 1.1827 0.0301 0.3113 0.1642 0.9355
1341847988.3697 -1.2884 -0.4318 1.1927 0.0281 0.3124 0.1664 0.9348
1341847988.4017 -1.2934 -0.4282 1.2003 0.0307 0.3130 0.1705 0.9338
1341847988.4340 -1.2948 -0.4319 1.2077 0.0290 0.3124 0.1735 0.9335
1341847988.4697 -1.2962 -0.4372 1.2140 0.0282 0.3146 0.1721 0.9330
1341847988.5025 -1.3011 -0.4314 1.2158 0.0311 0.3168 0.1732 0.9320
1341847988.5378 -1.3071 -0.4259 1.2187 0.0325 0.3171 0.1778 0.9310
1341847988.5697 -1.3112 -0.4282 1.2255 0.0298 0.3164 0.1796 0.9310
1341847988.6018 -1.3135 -0.4308 1.2286 0.0264 0.3170 0.1786 0.9311
1341847988.6378 -1.3174 -0.4322 1.2328 0.0231 0.3194 0.1770 0.9307
1341847988.6698 -1.3226 -0.4324 1.2378 0.0216 0.3215 0.1756 0.9302
1341847988.7062 -1.3276 -0.4323 1.2407 0.0201 0.3229 0.1756 0.9298
1341847988.7379 -1.3331 -0.4334 1.2454 0.0197 0.3248 0.1779 0.9287
1341847988.7697 -1.3390 -0.4350 1.2495 0.0203 0.3253 0.1819 0.9277
1341847988.8061 -1.3444 -0.4385 1.2509 0.0205 0.3255 0.1840 0.9273
1341847988.8379 -1.3508 -0.4395 1.2493 0.0195 0.3265 0.1857 0.9266
1341847988.8739 -1.3561 -0.4447 1.2535 0.0162 0.3296 0.1856 0.9256
1341847988.9378 -1.3727 -0.4458 1.2559 0.0166 0.3336 0.1887 0.9235
1341847988.9987 -1.3897 -0.4505 1.2612 0.0146 0.3364 0.1939 0.9214
1341847989.0347 -1.3992 -0.4518 1.2599 0.0134 0.3358 0.1962 0.9212
1341847989.0667 -1.4059 -0.4610 1.2662 0.0088 0.3376 0.1954 0.9207
1341847989.0988 -1.4148 -0.4650 1.2721 0.0103 0.3391 0.1945 0.9204
1341847989.1347 -1.4256 -0.4683 1.2731 0.0139 0.3386 0.1950 0.9204
1341847989.1667 -1.4359 -0.4736 1.2734 0.0164 0.3383 0.1965 0.9201
1341847989.2027 -1.4475 -0.4761 1.2725 0.0202 0.3363 0.1968 0.9207
1341847989.2347 -1.4581 -0.4816 1.2735 0.0220 0.3338 0.1970 0.9216
1341847989.2667 -1.4678 -0.4888 1.2741 0.0217 0.3323 0.1948 0.9226
1341847989.3028 -1.4790 -0.4924 1.2743 0.0213 0.3309 0.1906 0.9240
1341847989.3349 -1.4898 -0.4969 1.2748 0.0195 0.3295 0.1866 0.9253
1341847989.3667 -1.4978 -0.5036 1.2776 0.0153 0.3295 0.1812 0.9265
1341847989.4028 -1.5059 -0.5104 1.2814 0.0120 0.3314 0.1760 0.9268
1341847989.4348 -1.5156 -0.5123 1.2821 0.0138 0.3318 0.1726 0.9273
1341847989.4707 -1.5256 -0.5147 1.2778 0.0134 0.3312 0.1706 0.9279
1341847989.5026 -1.5337 -0.5205 1.2806 0.0105 0.3326 0.1706 0.9275
1341847989.5347 -1.5424 -0.5227 1.2825 0.0119 0.3323 0.1720 0.9273
1341847989.5707 -1.5498 -0.5286 1.2808 0.0105 0.3317 0.1722 0.9275
1341847989.6028 -1.5546 -0.5368 1.2855 0.0072 0.3346 0.1709 0.9267
1341847989.6347 -1.5627 -0.5402 1.2851 0.0085 0.3381 0.1679 0.9260
1341847989.6706 -1.5734 -0.5370 1.2801 0.0100 0.3401 0.1674 0.9253
1341847989.7026 -1.5806 -0.5411 1.2832 0.0080 0.3417 0.1677 0.9247
1341847989.7389 -1.5892 -0.5453 1.2849 0.0070 0.3443 0.1664 0.9240
1341847989.7707 -1.5995 -0.5444 1.2825 0.0066 0.3463 0.1665 0.9232
1341847989.8029 -1.6085 -0.5462 1.2847 0.0053 0.3479 0.1671 0.9225
1341847989.8388 -1.6179 -0.5496 1.2858 0.0044 0.3493 0.1679 0.9218
1341847989.8710 -1.6254 -0.5544 1.2883 0.0039 0.3516 0.1664 0.9212
1341847989.9027 -1.6400 -0.5528 1.2857 0.0071 0.3538 0.1669 0.9203
1341847989.9389 -1.6537 -0.5520 1.2847 0.0093 0.3531 0.1707 0.9198
1341847989.9707 -1.6648 -0.5593 1.2875 0.0091 0.3525 0.1719 0.9198
1341847990.0069 -1.6761 -0.5645 1.2864 0.0082 0.3540 0.1711 0.9194
1341847990.0390 -1.6885 -0.5643 1.2861 0.0089 0.3559 0.1707 0.9188
1341847990.0707 -1.7007 -0.5679 1.2890 0.0092 0.3566 0.1698 0.9187
1341847990.1067 -1.7127 -0.5708 1.2875 0.0093 0.3568 0.1700 0.9186
1341847990.1392 -1.7251 -0.5718 1.2875 0.0105 0.3577 0.1710 0.9180
1341847990.1711 -1.7376 -0.5730 1.2881 0.0132 0.3570 0.1722 0.9180
1341847990.2070 -1.7516 -0.5759 1.2863 0.0153 0.3549 0.1734 0.9185
1341847990.2389 -1.7629 -0.5779 1.2855 0.0152 0.3540 0.1748 0.9186
1341847990.2747 -1.7731 -0.5810 1.2883 0.0162 0.3536 0.1754 0.9186
1341847990.3067 -1.7864 -0.5825 1.2859 0.0170 0.3526 0.1747 0.9192
1341847990.3391 -1.7971 -0.5846 1.2871 0.0157 0.3528 0.1748 0.9191
1341847990.3747 -1.8072 -0.5858 1.2899 0.0161 0.3528 0.1747 0.9191
1341847990.4068 -1.8202 -0.5851 1.2878 0.0166 0.3517 0.1750 0.9195
1341847990.4426 -1.8302 -0.5866 1.2895 0.0141 0.3515 0.1774 0.9191
1341847990.4746 -1.8372 -0.5899 1.2944 0.0134 0.3514 0.1771 0.9192
1341847990.5068 -1.8481 -0.5905 1.2926 0.0132 0.3516 0.1769 0.9192
1341847990.5428 -1.8555 -0.5904 1.2949 0.0120 0.3525 0.1801 0.9182
1341847990.5747 -1.8643 -0.5909 1.2978 0.0128 0.3523 0.1834 0.9177
1341847990.6428 -1.8795 -0.5952 1.3007 0.0102 0.3548 0.1844 0.9165
1341847990.6748 -1.8890 -0.5950 1.3025 0.0105 0.3567 0.1870 0.9153
1341847990.7108 -1.8985 -0.5959 1.3040 0.0122 0.3567 0.1906 0.9145
1341847990.7427 -1.9069 -0.5977 1.3028 0.0115 0.3561 0.1948 0.9138
1341847990.7747 -1.9114 -0.6020 1.3106 0.0104 0.3574 0.1973 0.9128
1341847990.8108 -1.9197 -0.6041 1.3125 0.0123 0.3597 0.1979 0.9118
1341847990.8427 -1.9294 -0.6040 1.3111 0.0126 0.3610 0.1996 0.9108
1341847990.8747 -1.9352 -0.6076 1.3158 0.0111 0.3629 0.2006 0.9099
1341847990.9108 -1.9416 -0.6097 1.3183 0.0110 0.3649 0.2009 0.9091
1341847990.9427 -1.9491 -0.6122 1.3201 0.0095 0.3674 0.2009 0.9080
1341847990.9788 -1.9536 -0.6155 1.3251 0.0083 0.3700 0.2012 0.9069
1341847991.0108 -1.9596 -0.6176 1.3283 0.0093 0.3718 0.2011 0.9062
1341847991.0428 -1.9664 -0.6203 1.3298 0.0096 0.3737 0.2021 0.9052
1341847991.0787 -1.9711 -0.6240 1.3353 0.0097 0.3758 0.2038 0.9039
1341847991.1113 -1.9794 -0.6287 1.3393 0.0112 0.3776 0.2060 0.9027
1341847991.1428 -1.9857 -0.6324 1.3431 0.0112 0.3791 0.2067 0.9019
1341847991.1788 -1.9915 -0.6356 1.3489 0.0111 0.3816 0.2075 0.9007
1341847991.2107 -1.9981 -0.6394 1.3548 0.0126 0.3838 0.2080 0.8996
1341847991.2468 -2.0076 -0.6416 1.3589 0.0135 0.3854 0.2077 0.8990
1341847991.2787 -2.0137 -0.6461 1.3668 0.0134 0.3882 0.2084 0.8976
1341847991.3108 -2.0232 -0.6466 1.3719 0.0170 0.3900 0.2106 0.8962
1341847991.3467 -2.0368 -0.6459 1.3737 0.0213 0.3881 0.2157 0.8958
1341847991.3788 -2.0448 -0.6502 1.3784 0.0205 0.3862 0.2220 0.8950
1341847991.4147 -2.0478 -0.6572 1.3879 0.0171 0.3874 0.2250 0.8939
1341847991.4467 -2.0527 -0.6598 1.3934 0.0152 0.3894 0.2251 0.8930
1341847991.4788 -2.0594 -0.6630 1.3999 0.0133 0.3926 0.2261 0.8914
1341847991.5147 -2.0653 -0.6666 1.4063 0.0124 0.3953 0.2280 0.8897
1341847991.5467 -2.0722 -0.6690 1.4102 0.0131 0.3970 0.2313 0.8881
1341847991.5788 -2.0782 -0.6724 1.4132 0.0135 0.3985 0.2367 0.8860
1341847991.6149 -2.0795 -0.6765 1.4184 0.0136 0.4005 0.2412 0.8839
1341847991.6467 -2.0802 -0.6815 1.4219 0.0143 0.4040 0.2451 0.8812
1341847991.6899 -2.0828 -0.6868 1.4251 0.0142 0.4095 0.2471 0.8781
1341847991.7468 -2.0945 -0.6917 1.4269 0.0162 0.4164 0.2513 0.8736
1341847991.7827 -2.0969 -0.6973 1.4306 0.0149 0.4190 0.2541 0.8716
1341847991.8147 -2.0962 -0.7034 1.4353 0.0130 0.4227 0.2543 0.8698
1341847991.8467 -2.0999 -0.7112 1.4398 0.0127 0.4277 0.2530 0.8677
1341847991.8828 -2.1080 -0.7097 1.4384 0.0141 0.4312 0.2536 0.8658
1341847991.9158 -2.1123 -0.7146 1.4437 0.0144 0.4332 0.2560 0.8641
1341847991.9508 -2.1152 -0.7218 1.4488 0.0139 0.4351 0.2560 0.8631
1341847991.9828 -2.1182 -0.7276 1.4531 0.0123 0.4382 0.2545 0.8620
1341847992.0147 -2.1236 -0.7325 1.4589 0.0116 0.4425 0.2537 0.8600
1341847992.0506 -2.1332 -0.7340 1.4611 0.0121 0.4447 0.2537 0.8589
1341847992.0828 -2.1370 -0.7401 1.4685 0.0106 0.4462 0.2538 0.8581
1341847992.1148 -2.1419 -0.7448 1.4743 0.0098 0.4485 0.2533 0.8571
1341847992.1508 -2.1471 -0.7479 1.4798 0.0101 0.4508 0.2536 0.8558
1341847992.1828 -2.1571 -0.7519 1.4858 0.0106 0.4527 0.2544 0.8545
1341847992.2187 -2.1612 -0.7562 1.4929 0.0108 0.4540 0.2557 0.8534
1341847992.2507 -2.1679 -0.7618 1.4987 0.0102 0.4574 0.2556 0.8517
1341847992.3187 -2.1849 -0.7698 1.5119 0.0114 0.4648 0.2570 0.8472
1341847992.3507 -2.1952 -0.7735 1.5166 0.0120 0.4674 0.2585 0.8453
1341847992.3829 -2.2029 -0.7782 1.5235 0.0124 0.4698 0.2609 0.8432
1341847992.4189 -2.2105 -0.7837 1.5299 0.0140 0.4724 0.2641 0.8408
1341847992.4508 -2.2205 -0.7870 1.5340 0.0148 0.4748 0.2660 0.8388
1341847992.4867 -2.2297 -0.7904 1.5390 0.0159 0.4765 0.2696 0.8367
1341847992.5187 -2.2378 -0.7974 1.5472 0.0161 0.4787 0.2714 0.8348
1341847992.5506 -2.2482 -0.8012 1.5518 0.0168 0.4805 0.2721 0.8336
1341847992.5867 -2.2598 -0.8048 1.5572 0.0162 0.4821 0.2733 0.8323
1341847992.6188 -2.2683 -0.8099 1.5648 0.0152 0.4836 0.2745 0.8310
1341847992.6547 -2.2782 -0.8132 1.5720 0.0149 0.4848 0.2763 0.8297
1341847992.6868 -2.2829 -0.8181 1.5792 0.0139 0.4856 0.2767 0.8291
1341847992.7187 -2.2893 -0.8234 1.5879 0.0140 0.4879 0.2764 0.8279
1341847992.7548 -2.3025 -0.8253 1.5920 0.0156 0.4895 0.2776 0.8265
1341847992.7866 -2.3101 -0.8296 1.5985 0.0157 0.4896 0.2788 0.8260
1341847992.8187 -2.3164 -0.8340 1.6036 0.0145 0.4904 0.2780 0.8259
1341847992.8549 -2.3257 -0.8368 1.6078 0.0125 0.4923 0.2776 0.8249
1341847992.8866 -2.3316 -0.8399 1.6154 0.0108 0.4939 0.2791 0.8235
1341847992.9227 -2.3351 -0.8436 1.6217 0.0103 0.4944 0.2801 0.8228
1341847992.9546 -2.3396 -0.8485 1.6281 0.0090 0.4958 0.2804 0.8219
1341847992.9867 -2.3426 -0.8520 1.6364 0.0094 0.4977 0.2816 0.8203
1341847993.0227 -2.3510 -0.8533 1.6402 0.0105 0.4986 0.2823 0.8195
1341847993.0548 -2.3545 -0.8590 1.6490 0.0091 0.4997 0.2834 0.8185
1341847993.0868 -2.3600 -0.8618 1.6557 0.0081 0.5010 0.2834 0.8177
1341847993.1227 -2.3650 -0.8667 1.6635 0.0056 0.5029 0.2832 0.8166
1341847993.1547 -2.3666 -0.8694 1.6715 0.0039 0.5046 0.2828 0.8157
1341847993.1908 -2.3675 -0.8732 1.6798 0.0036 0.5071 0.2831 0.8141
1341847993.2227 -2.3719 -0.8760 1.6853 0.0064 0.5090 0.2847 0.8123
1341847993.2618 -2.3786 -0.8810 1.6930 0.0094 0.5101 0.2869 0.8108
1341847993.3228 -2.3824 -0.8927 1.7091 0.0126 0.5133 0.2891 0.8079
1341847993.3547 -2.3891 -0.8979 1.7165 0.0129 0.5158 0.2900 0.8061
1341847993.3907 -2.3897 -0.9032 1.7262 0.0121 0.5182 0.2904 0.8043
1341847993.4227 -2.3922 -0.9066 1.7348 0.0117 0.5209 0.2909 0.8025
1341847993.4588 -2.3938 -0.9110 1.7440 0.0124 0.5234 0.2920 0.8004
1341847993.4907 -2.3997 -0.9152 1.7534 0.0146 0.5254 0.2943 0.7982
1341847993.5227 -2.4061 -0.9191 1.7609 0.0164 0.5262 0.2974 0.7965
1341847993.5587 -2.4108 -0.9230 1.7701 0.0169 0.5265 0.3016 0.7947
1341847993.5910 -2.4151 -0.9284 1.7812 0.0162 0.5268 0.3045 0.7934
1341847993.6268 -2.4185 -0.9328 1.7900 0.0147 0.5268 0.3065 0.7927
1341847993.6589 -2.4253 -0.9352 1.7989 0.0121 0.5270 0.3084 0.7918
1341847993.6907 -2.4263 -0.9413 1.8111 0.0075 0.5268 0.3107 0.7911
1341847993.7271 -2.4191 -0.9485 1.8224 0.0031 0.5281 0.3104 0.7904
1341847993.7909 -2.4256 -0.9582 1.8402 -0.0001 0.5345 0.3091 0.7866
1341847993.8267 -2.4290 -0.9632 1.8492 0.0001 0.5347 0.3104 0.7860
1341847993.8589 -2.4318 -0.9692 1.8562 -0.0015 0.5351 0.3104 0.7857
1341847993.9017 -2.4308 -0.9741 1.8648 -0.0042 0.5364 0.3101 0.7849
1341847993.9337 -2.4313 -0.9812 1.8736 -0.0038 0.5379 0.3105 0.7837
1341847993.9658 -2.4361 -0.9869 1.8784 -0.0053 0.5387 0.3097 0.7835
1341847994.0020 -2.4319 -0.9926 1.8865 -0.0087 0.5416 0.3089 0.7817
1341847994.0340 -2.4303 -1.0007 1.8950 -0.0079 0.5453 0.3084 0.7794
1341847994.0657 -2.4396 -1.0065 1.8973 -0.0055 0.5470 0.3085 0.7782
1341847994.1018 -2.4383 -1.0114 1.9053 -0.0058 0.5490 0.3092 0.7765
1341847994.1339 -2.4361 -1.0177 1.9130 -0.0044 0.5516 0.3087 0.7748
1341847994.1697 -2.4444 -1.0242 1.9168 -0.0016 0.5541 0.3086 0.7731
1341847994.2017 -2.4480 -1.0277 1.9214 0.0003 0.5555 0.3108 0.7713
1341847994.2336 -2.4474 -1.0353 1.9310 0.0038 0.5574 0.3131 0.7689
1341847994.2697 -2.4553 -1.0420 1.9357 0.0069 0.5599 0.3123 0.7674
1341847994.3018 -2.4610 -1.0468 1.9417 0.0068 0.5620 0.3128 0.7656
1341847994.3338 -2.4597 -1.0542 1.9512 0.0085 0.5648 0.3136 0.7633
1341847994.3697 -2.4695 -1.0603 1.9568 0.0113 0.5671 0.3128 0.7618
1341847994.4017 -2.4748 -1.0674 1.9651 0.0128 0.5689 0.3138 0.7601
1341847994.4338 -2.4797 -1.0752 1.9751 0.0158 0.5705 0.3155 0.7581
1341847994.4697 -2.4894 -1.0827 1.9826 0.0185 0.5714 0.3166 0.7570
1341847994.5017 -2.4940 -1.0882 1.9944 0.0192 0.5731 0.3177 0.7552
1341847994.5377 -2.4970 -1.0944 2.0041 0.0206 0.5745 0.3190 0.7535
1341847994.5697 -2.5073 -1.1006 2.0131 0.0223 0.5759 0.3207 0.7516
1341847994.6017 -2.5141 -1.1058 2.0218 0.0214 0.5770 0.3231 0.7498
1341847994.6378 -2.5145 -1.1106 2.0316 0.0207 0.5782 0.3253 0.7480
1341847994.6697 -2.5217 -1.1170 2.0410 0.0212 0.5792 0.3266 0.7466
1341847994.7016 -2.5294 -1.1218 2.0507 0.0191 0.5803 0.3280 0.7452
1341847994.7698 -2.5306 -1.1335 2.0714 0.0173 0.5848 0.3293 0.7411
1341847994.8313 -2.5522 -1.1409 2.0887 0.0121 0.5890 0.3346 0.7355
1341847994.8668 -2.5490 -1.1462 2.0972 0.0101 0.5884 0.3385 0.7343
1341847994.8987 -2.5535 -1.1497 2.1059 0.0092 0.5887 0.3399 0.7334
1341847994.9307 -2.5563 -1.1527 2.1148 0.0060 0.5903 0.3402 0.7320
1341847994.9667 -2.5536 -1.1564 2.1232 0.0042 0.5924 0.3414 0.7297
1341847994.9987 -2.5571 -1.1610 2.1302 0.0055 0.5949 0.3428 0.7270
1341847995.0308 -2.5624 -1.1649 2.1385 0.0054 0.5976 0.3455 0.7235
1341847995.0667 -2.5581 -1.1685 2.1471 0.0055 0.6000 0.3473 0.7207
1341847995.0987 -2.5604 -1.1729 2.1534 0.0076 0.6034 0.3480 0.7175
1341847995.1349 -2.5666 -1.1769 2.1589 0.0077 0.6068 0.3489 0.7141
1341847995.1666 -2.5638 -1.1803 2.1661 0.0085 0.6093 0.3499 0.7115
1341847995.1988 -2.5669 -1.1855 2.1711 0.0104 0.6118 0.3500 0.7093
1341847995.2347 -2.5731 -1.1908 2.1773 0.0104 0.6143 0.3504 0.7070
1341847995.2668 -2.5709 -1.1938 2.1822 0.0107 0.6152 0.3515 0.7056
1341847995.2988 -2.5698 -1.1998 2.1885 0.0133 0.6174 0.3527 0.7030
1341847995.3347 -2.5799 -1.2054 2.1945 0.0136 0.6193 0.3531 0.7011
1341847995.3667 -2.5752 -1.2086 2.2035 0.0119 0.6210 0.3538 0.6993
1341847995.4028 -2.5780 -1.2153 2.2117 0.0118 0.6230 0.3534 0.6978
1341847995.4347 -2.5806 -1.2185 2.2187 0.0109 0.6239 0.3537 0.6968
1341847995.4668 -2.5775 -1.2208 2.2248 0.0102 0.6249 0.3539 0.6958
1341847995.5027 -2.5769 -1.2277 2.2348 0.0114 0.6264 0.3546 0.6940
1341847995.5348 -2.5810 -1.2328 2.2429 0.0148 0.6257 0.3564 0.6937
1341847995.5667 -2.5857 -1.2366 2.2505 0.0181 0.6245 0.3611 0.6923
1341847995.6027 -2.5858 -1.2403 2.2583 0.0193 0.6227 0.3658 0.6915
1341847995.6348 -2.5828 -1.2428 2.2659 0.0183 0.6219 0.3687 0.6906
1341847995.6708 -2.5816 -1.2449 2.2735 0.0163 0.6225 0.3706 0.6891
1341847995.7028 -2.5792 -1.2476 2.2806 0.0145 0.6233 0.3739 0.6867
1341847995.7348 -2.5734 -1.2492 2.2873 0.0142 0.6233 0.3761 0.6855
1341847995.7707 -2.5744 -1.2534 2.2932 0.0144 0.6236 0.3773 0.6845
1341847995.8028 -2.5726 -1.2556 2.2994 0.0139 0.6245 0.3788 0.6828
1341847995.8388 -2.5698 -1.2585 2.3054 0.0139 0.6253 0.3791 0.6819
1341847995.8706 -2.5721 -1.2613 2.3095 0.0144 0.6262 0.3787 0.6814
1341847995.9028 -2.5750 -1.2628 2.3145 0.0126 0.6276 0.3787 0.6801
1341847995.9387 -2.5680 -1.2657 2.3194 0.0115 0.6291 0.3796 0.6782
1341847995.9707 -2.5701 -1.2707 2.3239 0.0124 0.6316 0.3797 0.6758
1341847996.0027 -2.5744 -1.2717 2.3259 0.0110 0.6336 0.3793 0.6743
1341847996.0388 -2.5690 -1.2744 2.3294 0.0103 0.6354 0.3800 0.6722
1341847996.0707 -2.5689 -1.2778 2.3302 0.0125 0.6371 0.3800 0.6704
1341847996.1067 -2.5748 -1.2805 2.3328 0.0130 0.6391 0.3788 0.6692
1341847996.1388 -2.5704 -1.2827 2.3358 0.0123 0.6415 0.3790 0.6669
1341847996.1707 -2.5689 -1.2856 2.3377 0.0147 0.6447 0.3788 0.6638
1341847996.2066 -2.5778 -1.2883 2.3401 0.0147 0.6475 0.3762 0.6626
1341847996.2390 -2.5778 -1.2922 2.3446 0.0133 0.6495 0.3770 0.6602
1341847996.2708 -2.5780 -1.2946 2.3482 0.0140 0.6507 0.3790 0.6579
1341847996.3389 -2.5824 -1.2988 2.3540 0.0149 0.6531 0.3807 0.6544
1341847996.3747 -2.5816 -1.2999 2.3576 0.0141 0.6551 0.3814 0.6521
1341847996.4067 -2.5818 -1.3033 2.3617 0.0155 0.6572 0.3828 0.6491
1341847996.4386 -2.5881 -1.3060 2.3652 0.0166 0.6590 0.3839 0.6465
1341847996.4748 -2.5863 -1.3084 2.3698 0.0165 0.6603 0.3854 0.6443
1341847996.5067 -2.5847 -1.3119 2.3746 0.0190 0.6619 0.3861 0.6422
1341847996.5388 -2.5919 -1.3149 2.3793 0.0204 0.6635 0.3859 0.6406
1341847996.5748 -2.5962 -1.3180 2.3857 0.0192 0.6643 0.3872 0.6391
1341847996.6071 -2.5947 -1.3207 2.3909 0.0195 0.6649 0.3886 0.6375
1341847996.6428 -2.6049 -1.3242 2.3991 0.0193 0.6659 0.3899 0.6357
1341847996.6748 -2.6050 -1.3240 2.4072 0.0162 0.6658 0.3922 0.6345
1341847996.7069 -2.6034 -1.3264 2.4135 0.0141 0.6680 0.3931 0.6317
1341847996.7427 -2.6123 -1.3259 2.4227 0.0100 0.6717 0.3923 0.6284
1341847996.7747 -2.6083 -1.3298 2.4291 0.0054 0.6734 0.3941 0.6255
1341847996.8068 -2.6098 -1.3338 2.4350 0.0061 0.6750 0.3967 0.6221
1341847996.8428 -2.6152 -1.3383 2.4420 0.0065 0.6762 0.3985 0.6196
1341847996.8748 -2.6151 -1.3414 2.4514 0.0065 0.6767 0.4003 0.6179
1341847996.9108 -2.6166 -1.3459 2.4579 0.0088 0.6770 0.4013 0.6169
1341847996.9427 -2.6229 -1.3514 2.4680 0.0112 0.6774 0.4024 0.6157
1341847996.9748 -2.6221 -1.3561 2.4755 0.0129 0.6776 0.4029 0.6151
1341847997.0107 -2.6285 -1.3635 2.4858 0.0150 0.6790 0.4021 0.6141
1341847997.0427 -2.6326 -1.3696 2.4961 0.0155 0.6795 0.4020 0.6135
1341847997.0787 -2.6342 -1.3752 2.5059 0.0168 0.6799 0.4020 0.6130
1341847997.1430 -2.6395 -1.3852 2.5250 0.0158 0.6808 0.4002 0.6134
1341847997.1788 -2.6418 -1.3923 2.5363 0.0158 0.6812 0.3985 0.6139
1341847997.2109 -2.6486 -1.3987 2.5472 0.0152 0.6816 0.3971 0.6144
1341847997.2430 -2.6500 -1.4031 2.5562 0.0139 0.6817 0.3973 0.6143
1341847997.2788 -2.6508 -1.4078 2.5645 0.0132 0.6815 0.3980 0.6140
1341847997.3114 -2.6514 -1.4125 2.5731 0.0121 0.6818 0.3981 0.6136
1341847997.3466 -2.6468 -1.4151 2.5794 0.0114 0.6831 0.3979 0.6123
1341847997.3787 -2.6483 -1.4219 2.5865 0.0113 0.6855 0.3975 0.6099
1341847997.4108 -2.6468 -1.4260 2.5931 0.0112 0.6872 0.3975 0.6080
1341847997.4467 -2.6399 -1.4310 2.5984 0.0121 0.6891 0.3966 0.6063
1341847997.4788 -2.6468 -1.4388 2.6054 0.0130 0.6926 0.3948 0.6036
1341847997.5109 -2.6456 -1.4453 2.6140 0.0121 0.6950 0.3951 0.6005
1341847997.5466 -2.6419 -1.4504 2.6198 0.0122 0.6967 0.3950 0.5987
1341847997.5787 -2.6397 -1.4569 2.6274 0.0116 0.6991 0.3936 0.5968
1341847997.6147 -2.6383 -1.4630 2.6362 0.0102 0.7023 0.3920 0.5942
1341847997.6470 -2.6334 -1.4721 2.6439 0.0099 0.7045 0.3916 0.5918
1341847997.6788 -2.6301 -1.4798 2.6537 0.0121 0.7058 0.3906 0.5908
1341847997.7146 -2.6266 -1.4860 2.6626 0.0132 0.7071 0.3895 0.5900
1341847997.7466 -2.6219 -1.4906 2.6712 0.0139 0.7095 0.3878 0.5883
1341847997.7787 -2.6179 -1.4990 2.6846 0.0148 0.7125 0.3858 0.5859
1341847997.8469 -2.6128 -1.5131 2.7026 0.0185 0.7145 0.3864 0.5830
1341847997.8826 -2.6106 -1.5204 2.7150 0.0199 0.7157 0.3886 0.5800
1341847997.9152 -2.6042 -1.5270 2.7244 0.0212 0.7160 0.3911 0.5779
1341847997.9470 -2.6011 -1.5347 2.7355 0.0232 0.7164 0.3935 0.5757
1341847997.9827 -2.5952 -1.5408 2.7448 0.0242 0.7163 0.3955 0.5744
1341847998.0149 -2.5894 -1.5468 2.7539 0.0253 0.7169 0.3962 0.5731
1341847998.0508 -2.5866 -1.5541 2.7638 0.0266 0.7174 0.3971 0.5719
1341847998.0826 -2.5851 -1.5622 2.7752 0.0284 0.7165 0.3984 0.5720
1341847998.1223 -2.5822 -1.5684 2.7849 0.0298 0.7145 0.4006 0.5728
1341847998.1541 -2.5782 -1.5724 2.7944 0.0290 0.7138 0.4016 0.5731
1341847998.1857 -2.5726 -1.5789 2.8031 0.0270 0.7133 0.4012 0.5740
1341847998.2538 -2.5643 -1.5901 2.8210 0.0241 0.7130 0.4005 0.5750
1341847998.3188 -2.5567 -1.6040 2.8382 0.0236 0.7118 0.3991 0.5775
1341847998.3512 -2.5550 -1.6093 2.8487 0.0225 0.7108 0.3992 0.5786
1341847998.3827 -2.5483 -1.6150 2.8565 0.0215 0.7090 0.3995 0.5807
1341847998.4192 -2.5482 -1.6182 2.8675 0.0194 0.7089 0.3971 0.5825
1341847998.4508 -2.5449 -1.6245 2.8792 0.0158 0.7087 0.3962 0.5836
1341847998.4840 -2.5403 -1.6311 2.8901 0.0141 0.7072 0.3964 0.5853
1341847998.5187 -2.5392 -1.6362 2.9020 0.0120 0.7063 0.3957 0.5868
1341847998.5507 -2.5345 -1.6404 2.9111 0.0090 0.7056 0.3948 0.5884
1341847998.5867 -2.5320 -1.6465 2.9226 0.0076 0.7055 0.3944 0.5887
1341847998.6188 -2.5305 -1.6521 2.9350 0.0064 0.7052 0.3939 0.5895
1341847998.6507 -2.5309 -1.6552 2.9469 0.0039 0.7054 0.3933 0.5896
1341847998.6869 -2.5253 -1.6600 2.9562 0.0018 0.7055 0.3945 0.5888
1341847998.7187 -2.5217 -1.6669 2.9674 0.0028 0.7056 0.3953 0.5881
1341847998.7508 -2.5248 -1.6744 2.9837 0.0030 0.7059 0.3953 0.5877
1341847998.7868 -2.5215 -1.6764 2.9942 0.0029 0.7054 0.3969 0.5873
1341847998.8188 -2.5206 -1.6803 3.0050 0.0032 0.7069 0.3968 0.5855
1341847998.8547 -2.5209 -1.6861 3.0187 0.0012 0.7085 0.3960 0.5842
1341847998.8867 -2.5200 -1.6938 3.0300 0.0006 0.7084 0.3974 0.5833
1341847998.9187 -2.5210 -1.6999 3.0430 0.0020 0.7074 0.4009 0.5822
1341847998.9548 -2.5205 -1.7024 3.0551 0.0017 0.7063 0.4039 0.5814
1341847998.9867 -2.5152 -1.7055 3.0655 0.0006 0.7050 0.4058 0.5816
1341847999.0188 -2.5144 -1.7082 3.0745 0.0005 0.7047 0.4069 0.5812
1341847999.0549 -2.5150 -1.7124 3.0869 0.0001 0.7051 0.4083 0.5797
1341847999.0868 -2.5144 -1.7170 3.0990 -0.0019 0.7040 0.4100 0.5799
1341847999.1227 -2.5097 -1.7197 3.1067 -0.0030 0.7032 0.4116 0.5797
1341847999.1549 -2.5088 -1.7203 3.1150 -0.0036 0.7043 0.4123 0.5779
1341847999.1867 -2.5037 -1.7235 3.1224 -0.0041 0.7063 0.4134 0.5746
1341847999.2227 -2.4984 -1.7279 3.1302 -0.0044 0.7091 0.4122 0.5721
1341847999.2910 -2.4938 -1.7383 3.1441 0.0001 0.7164 0.4116 0.5633
1341847999.3227 -2.4902 -1.7472 3.1546 0.0045 0.7180 0.4142 0.5594
1341847999.3549 -2.4885 -1.7506 3.1612 0.0092 0.7186 0.4156 0.5574
1341847999.3908 -2.4877 -1.7525 3.1690 0.0119 0.7210 0.4159 0.5540
1341847999.4239 -2.4833 -1.7553 3.1736 0.0122 0.7237 0.4160 0.5505
1341847999.4549 -2.4792 -1.7602 3.1794 0.0134 0.7270 0.4155 0.5465
1341847999.4909 -2.4786 -1.7638 3.1837 0.0143 0.7307 0.4150 0.5419
1341847999.5227 -2.4746 -1.7683 3.1888 0.0179 0.7344 0.4192 0.5334
1341847999.5589 -2.4680 -1.7752 3.1967 0.0218 0.7368 0.4225 0.5274
1341847999.5907 -2.4643 -1.7756 3.2037 0.0236 0.7390 0.4232 0.5237
1341847999.6229 -2.4599 -1.7762 3.2088 0.0232 0.7418 0.4240 0.5190
1341847999.6588 -2.4472 -1.7803 3.2105 0.0240 0.7441 0.4260 0.5140
1341847999.6911 -2.4437 -1.7841 3.2188 0.0258 0.7468 0.4261 0.5100
1341847999.7227 -2.4366 -1.7856 3.2251 0.0251 0.7486 0.4271 0.5066
1341847999.7588 -2.4240 -1.7863 3.2270 0.0261 0.7505 0.4281 0.5028
1341847999.7910 -2.4166 -1.7896 3.2348 0.0284 0.7537 0.4279 0.4980
1341847999.8267 -2.4119 -1.7916 3.2405 0.0292 0.7555 0.4290 0.4943
1341847999.8588 -2.4048 -1.7919 3.2438 0.0307 0.7572 0.4324 0.4886
1341847999.8977 -2.3975 -1.7949 3.2512 0.0322 0.7590 0.4367 0.4819
1341847999.9588 -2.3818 -1.7931 3.2590 0.0325 0.7605 0.4452 0.4715
1341847999.9908 -2.3713 -1.7944 3.2629 0.0322 0.7611 0.4504 0.4657
1341848000.0267 -2.3616 -1.7950 3.2646 0.0325 0.7615 0.4537 0.4617
1341848000.0587 -2.3569 -1.7935 3.2693 0.0312 0.7624 0.4563 0.4579
1341848000.0948 -2.3472 -1.7913 3.2716 0.0293 0.7629 0.4604 0.4529
1341848000.1267 -2.3401 -1.7899 3.2723 0.0272 0.7640 0.4635 0.4481
1341848000.1586 -2.3327 -1.7902 3.2763 0.0238 0.7653 0.4662 0.4432
1341848000.1948 -2.3231 -1.7902 3.2766 0.0217 0.7656 0.4694 0.4393
1341848000.2271 -2.3153 -1.7909 3.2797 0.0208 0.7662 0.4722 0.4354
1341848000.2670 -2.3056 -1.7896 3.2802 0.0191 0.7663 0.4749 0.4323
1341848000.3271 -2.2923 -1.7918 3.2862 0.0173 0.7678 0.4794 0.4247
1341848000.3627 -2.2827 -1.7889 3.2885 0.0166 0.7670 0.4823 0.4228
1341848000.3947 -2.2726 -1.7849 3.2872 0.0166 0.7672 0.4841 0.4204
1341848000.4268 -2.2684 -1.7863 3.2907 0.0167 0.7680 0.4854 0.4175
1341848000.4627 -2.2599 -1.7831 3.2919 0.0152 0.7681 0.4868 0.4158
1341848000.4947 -2.2496 -1.7800 3.2903 0.0142 0.7691 0.4873 0.4134
1341848000.5308 -2.2429 -1.7814 3.2930 0.0144 0.7706 0.4872 0.4107
1341848000.5628 -2.2338 -1.7804 3.2938 0.0148 0.7713 0.4873 0.4093
1341848000.5948 -2.2235 -1.7788 3.2916 0.0154 0.7728 0.4874 0.4062
1341848000.6306 -2.2155 -1.7813 3.2936 0.0157 0.7749 0.4866 0.4031
1341848000.6627 -2.2060 -1.7814 3.2948 0.0163 0.7771 0.4858 0.3998
1341848000.6954 -2.1993 -1.7841 3.2970 0.0173 0.7796 0.4855 0.3953
1341848000.7308 -2.1889 -1.7846 3.2986 0.0184 0.7813 0.4859 0.3912
1341848000.7627 -2.1789 -1.7857 3.2991 0.0201 0.7831 0.4860 0.3875
1341848000.7987 -2.1708 -1.7887 3.3018 0.0230 0.7848 0.4864 0.3834
1341848000.8307 -2.1598 -1.7888 3.3035 0.0252 0.7861 0.4864 0.3805
1341848000.8628 -2.1505 -1.7915 3.3052 0.0263 0.7885 0.4854 0.3767
1341848000.8987 -2.1430 -1.7957 3.3094 0.0278 0.7903 0.4859 0.3723
1341848000.9307 -2.1331 -1.7983 3.3131 0.0300 0.7906 0.4872 0.3696
1341848000.9632 -2.1224 -1.7985 3.3151 0.0307 0.7914 0.4876 0.3675
1341848000.9988 -2.1114 -1.7995 3.3175 0.0304 0.7926 0.4872 0.3655
1341848001.0307 -2.1014 -1.8024 3.3203 0.0317 0.7934 0.4878 0.3626
1341848001.0670 -2.0932 -1.8035 3.3227 0.0335 0.7937 0.4888 0.3607
1341848001.0988 -2.0826 -1.8041 3.3249 0.0353 0.7939 0.4899 0.3585
1341848001.1307 -2.0703 -1.8033 3.3269 0.0363 0.7950 0.4903 0.3553
1341848001.2060 -2.0504 -1.8042 3.3331 0.0346 0.7977 0.4897 0.3504
1341848001.2668 -2.0290 -1.8009 3.3387 0.0278 0.8015 0.4876 0.3451
1341848001.2991 -2.0207 -1.7992 3.3395 0.0262 0.8032 0.4872 0.3418
1341848001.3348 -2.0094 -1.7957 3.3424 0.0247 0.8057 0.4870 0.3363
1341848001.3667 -1.9993 -1.7937 3.3444 0.0213 0.8081 0.4863 0.3316
1341848001.3993 -1.9888 -1.7913 3.3441 0.0187 0.8100 0.4864 0.3270
1341848001.4347 -1.9790 -1.7886 3.3452 0.0187 0.8123 0.4869 0.3206
1341848001.4667 -1.9732 -1.7871 3.3448 0.0170 0.8142 0.4874 0.3150
1341848001.5027 -1.9636 -1.7833 3.3439 0.0133 0.8159 0.4883 0.3092
1341848001.5349 -1.9530 -1.7777 3.3400 0.0125 0.8181 0.4884 0.3034
1341848001.5670 -1.9452 -1.7765 3.3397 0.0118 0.8218 0.4867 0.2959
1341848001.6029 -1.9391 -1.7761 3.3412 0.0092 0.8245 0.4872 0.2877
1341848001.6347 -1.9279 -1.7705 3.3386 0.0088 0.8264 0.4881 0.2808
1341848001.6666 -1.9183 -1.7695 3.3371 0.0097 0.8288 0.4871 0.2753
1341848001.7349 -1.9026 -1.7656 3.3354 0.0080 0.8319 0.4873 0.2655
1341848001.7707 -1.8905 -1.7626 3.3306 0.0098 0.8340 0.4862 0.2607
1341848001.8028 -1.8856 -1.7651 3.3295 0.0101 0.8356 0.4860 0.2560
1341848001.8348 -1.8763 -1.7626 3.3289 0.0092 0.8363 0.4883 0.2492
1341848001.8707 -1.8635 -1.7582 3.3254 0.0103 0.8376 0.4886 0.2440
1341848001.9027 -1.8581 -1.7631 3.3244 0.0083 0.8388 0.4883 0.2407
1341848001.9347 -1.8490 -1.7595 3.3247 0.0092 0.8389 0.4909 0.2348
1341848001.9707 -1.8384 -1.7571 3.3210 0.0126 0.8393 0.4920 0.2308
1341848002.0027 -1.8311 -1.7586 3.3180 0.0148 0.8400 0.4928 0.2267
1341848002.0389 -1.8215 -1.7561 3.3156 0.0162 0.8400 0.4947 0.2223
1341848002.0708 -1.8116 -1.7540 3.3106 0.0182 0.8408 0.4955 0.2170
1341848002.1027 -1.8036 -1.7545 3.3115 0.0199 0.8419 0.4952 0.2135
1341848002.1387 -1.7934 -1.7529 3.3063 0.0186 0.8420 0.4959 0.2117
1341848002.1718 -1.7852 -1.7500 3.3029 0.0186 0.8424 0.4973 0.2068
1341848002.2027 -1.7750 -1.7494 3.3031 0.0198 0.8432 0.4978 0.2019
1341848002.2387 -1.7651 -1.7469 3.3002 0.0189 0.8436 0.4983 0.1992
1341848002.2708 -1.7567 -1.7449 3.2989 0.0158 0.8441 0.4989 0.1957
1341848002.3067 -1.7496 -1.7413 3.2987 0.0138 0.8444 0.4997 0.1927
1341848002.3389 -1.7419 -1.7375 3.2953 0.0124 0.8441 0.5017 0.1888
1341848002.3708 -1.7338 -1.7346 3.2971 0.0113 0.8443 0.5037 0.1824
1341848002.4068 -1.7248 -1.7272 3.2944 0.0124 0.8440 0.5053 0.1794
1341848002.4388 -1.7180 -1.7258 3.2900 0.0111 0.8445 0.5053 0.1773
1341848002.4747 -1.7106 -1.7241 3.2941 0.0096 0.8445 0.5067 0.1730
1341848002.5068 -1.7000 -1.7172 3.2901 0.0091 0.8438 0.5086 0.1707
1341848002.5388 -1.6934 -1.7166 3.2893 0.0075 0.8440 0.5096 0.1672
1341848002.5747 -1.6871 -1.7132 3.2921 0.0058 0.8434 0.5117 0.1638
1341848002.6068 -1.6764 -1.7061 3.2885 0.0036 0.8425 0.5136 0.1624
1341848002.6394 -1.6712 -1.7031 3.2875 0.0014 0.8425 0.5139 0.1617
1341848002.6747 -1.6655 -1.7008 3.2922 -0.0005 0.8419 0.5156 0.1596
1341848002.7138 -1.6539 -1.6918 3.2900 -0.0014 0.8405 0.5178 0.1593
1341848002.7748 -1.6401 -1.6859 3.2933 -0.0046 0.8388 0.5213 0.1570
1341848002.8068 -1.6279 -1.6773 3.2895 -0.0034 0.8380 0.5232 0.1549
1341848002.8428 -1.6195 -1.6760 3.2918 -0.0015 0.8389 0.5217 0.1552
1341848002.8752 -1.6103 -1.6744 3.2926 -0.0012 0.8391 0.5209 0.1565
1341848002.9067 -1.6004 -1.6714 3.2931 0.0000 0.8397 0.5201 0.1563
1341848002.9433 -1.5908 -1.6735 3.2960 0.0001 0.8400 0.5182 0.1607
1341848002.9746 -1.5839 -1.6702 3.2961 0.0005 0.8397 0.5171 0.1662
1341848003.0109 -1.5751 -1.6648 3.2943 0.0006 0.8400 0.5159 0.1679
1341848003.0426 -1.5670 -1.6656 3.2947 0.0018 0.8414 0.5134 0.1688
1341848003.0750 -1.5585 -1.6677 3.2988 0.0003 0.8418 0.5119 0.1715
1341848003.1106 -1.5491 -1.6629 3.2972 -0.0008 0.8410 0.5125 0.1734
1341848003.1426 -1.5401 -1.6599 3.2958 -0.0027 0.8417 0.5111 0.1739
1341848003.2429 -1.5146 -1.6571 3.2995 -0.0118 0.8434 0.5084 0.1737
1341848003.2789 -1.5059 -1.6546 3.2999 -0.0132 0.8432 0.5079 0.1756
1341848003.3107 -1.4970 -1.6510 3.2997 -0.0165 0.8435 0.5069 0.1772
1341848003.3427 -1.4865 -1.6482 3.3009 -0.0188 0.8440 0.5055 0.1785
1341848003.3790 -1.4781 -1.6467 3.3015 -0.0218 0.8447 0.5027 0.1825
1341848003.4108 -1.4692 -1.6474 3.3056 -0.0242 0.8448 0.5008 0.1868
1341848003.4427 -1.4593 -1.6429 3.3063 -0.0238 0.8442 0.5001 0.1917
1341848003.4787 -1.4475 -1.6450 3.3091 -0.0246 0.8434 0.4994 0.1969
1341848003.5107 -1.4399 -1.6385 3.3090 -0.0252 0.8417 0.4982 0.2066
1341848003.5469 -1.4313 -1.6330 3.3072 -0.0260 0.8406 0.4978 0.2118
1341848003.5787 -1.4235 -1.6317 3.3079 -0.0240 0.8400 0.4971 0.2162
1341848003.6179 -1.4138 -1.6306 3.3072 -0.0235 0.8388 0.4960 0.2231
1341848003.6500 -1.4052 -1.6274 3.3072 -0.0234 0.8379 0.4948 0.2291
1341848003.6858 -1.3973 -1.6236 3.3032 -0.0236 0.8372 0.4934 0.2347
1341848003.7179 -1.3911 -1.6217 3.3030 -0.0260 0.8371 0.4902 0.2414
1341848003.7538 -1.3838 -1.6190 3.3042 -0.0284 0.8364 0.4886 0.2470
1341848003.7858 -1.3780 -1.6136 3.2989 -0.0260 0.8345 0.4888 0.2531
1341848003.8179 -1.3803 -1.6060 3.2973 -0.0238 0.8332 0.4858 0.2632
1341848003.8540 -1.3752 -1.5989 3.2930 -0.0240 0.8318 0.4854 0.2683
1341848003.8858 -1.3660 -1.5959 3.2897 -0.0261 0.8314 0.4848 0.2703
1341848003.9217 -1.3563 -1.5946 3.2874 -0.0267 0.8301 0.4844 0.2749
1341848003.9538 -1.3514 -1.5867 3.2860 -0.0261 0.8292 0.4830 0.2802
1341848003.9858 -1.3419 -1.5832 3.2788 -0.0259 0.8272 0.4853 0.2819
1341848004.0216 -1.3336 -1.5787 3.2739 -0.0243 0.8264 0.4841 0.2867
1341848004.0538 -1.3280 -1.5716 3.2739 -0.0246 0.8264 0.4820 0.2900
1341848004.0897 -1.3176 -1.5682 3.2662 -0.0241 0.8241 0.4850 0.2917
1341848004.1217 -1.3098 -1.5627 3.2617 -0.0231 0.8232 0.4835 0.2967
1341848004.1537 -1.3017 -1.5585 3.2603 -0.0230 0.8224 0.4827 0.3002
1341848004.1898 -1.2925 -1.5545 3.2569 -0.0211 0.8208 0.4833 0.3038
1341848004.2218 -1.2853 -1.5489 3.2534 -0.0217 0.8189 0.4832 0.3089
1341848004.2578 -1.2769 -1.5423 3.2484 -0.0234 0.8172 0.4826 0.3143
1341848004.2898 -1.2669 -1.5414 3.2481 -0.0247 0.8160 0.4825 0.3175
1341848004.3218 -1.2572 -1.5378 3.2471 -0.0262 0.8134 0.4823 0.3243
1341848004.3579 -1.2506 -1.5301 3.2450 -0.0264 0.8111 0.4810 0.3318
1341848004.3898 -1.2426 -1.5249 3.2443 -0.0292 0.8090 0.4803 0.3376
1341848004.4219 -1.2329 -1.5208 3.2427 -0.0320 0.8066 0.4800 0.3436
1341848004.4578 -1.2255 -1.5162 3.2433 -0.0341 0.8045 0.4788 0.3498
1341848004.4898 -1.2177 -1.5115 3.2428 -0.0364 0.8019 0.4790 0.3553
1341848004.5257 -1.2094 -1.5092 3.2436 -0.0382 0.7993 0.4801 0.3593
1341848004.5578 -1.2023 -1.5049 3.2441 -0.0382 0.7964 0.4814 0.3641
1341848004.5898 -1.1970 -1.4997 3.2441 -0.0397 0.7935 0.4831 0.3680
1341848004.6258 -1.1891 -1.4947 3.2419 -0.0414 0.7905 0.4843 0.3726
1341848004.6579 -1.1850 -1.4919 3.2450 -0.0429 0.7888 0.4841 0.3762
1341848004.6899 -1.1776 -1.4882 3.2458 -0.0454 0.7857 0.4870 0.3787
1341848004.7258 -1.1712 -1.4833 3.2432 -0.0455 0.7824 0.4885 0.3835
1341848004.7577 -1.1687 -1.4793 3.2453 -0.0470 0.7810 0.4871 0.3880
1341848004.7897 -1.1626 -1.4773 3.2463 -0.0500 0.7787 0.4888 0.3901
1341848004.8258 -1.1561 -1.4760 3.2461 -0.0497 0.7765 0.4902 0.3927
1341848004.8577 -1.1543 -1.4735 3.2481 -0.0499 0.7747 0.4899 0.3966
1341848004.8898 -1.1499 -1.4708 3.2468 -0.0505 0.7725 0.4912 0.3992
1341848004.9258 -1.1458 -1.4698 3.2496 -0.0516 0.7714 0.4907 0.4019
1341848004.9578 -1.1420 -1.4693 3.2512 -0.0518 0.7697 0.4911 0.4046
1341848004.9938 -1.1404 -1.4661 3.2517 -0.0513 0.7675 0.4911 0.4088
1341848005.0257 -1.1375 -1.4648 3.2526 -0.0527 0.7662 0.4905 0.4117
1341848005.0577 -1.1347 -1.4639 3.2519 -0.0541 0.7648 0.4891 0.4159
1341848005.0939 -1.1337 -1.4631 3.2563 -0.0542 0.7646 0.4874 0.4181
1341848005.1257 -1.1279 -1.4636 3.2569 -0.0552 0.7622 0.4894 0.4202
1341848005.1577 -1.1247 -1.4643 3.2575 -0.0531 0.7603 0.4894 0.4238
1341848005.1937 -1.1256 -1.4609 3.2574 -0.0512 0.7585 0.4881 0.4288
1341848005.2257 -1.1226 -1.4597 3.2587 -0.0523 0.7576 0.4870 0.4314
1341848005.2577 -1.1170 -1.4616 3.2614 -0.0540 0.7568 0.4860 0.4338
1341848005.2937 -1.1168 -1.4602 3.2639 -0.0529 0.7555 0.4838 0.4386
1341848005.3259 -1.1146 -1.4579 3.2655 -0.0540 0.7538 0.4836 0.4416
1341848005.3577 -1.1075 -1.4605 3.2678 -0.0551 0.7523 0.4833 0.4443
1341848005.3937 -1.1053 -1.4603 3.2703 -0.0530 0.7506 0.4821 0.4488
1341848005.4257 -1.1050 -1.4574 3.2721 -0.0521 0.7487 0.4817 0.4524
1341848005.4618 -1.0987 -1.4596 3.2723 -0.0539 0.7466 0.4824 0.4548
1341848005.4937 -1.0973 -1.4598 3.2760 -0.0526 0.7453 0.4814 0.4582
1341848005.5258 -1.0941 -1.4576 3.2768 -0.0533 0.7429 0.4818 0.4617
1341848005.5618 -1.0896 -1.4593 3.2776 -0.0543 0.7412 0.4813 0.4648
1341848005.5937 -1.0871 -1.4591 3.2794 -0.0541 0.7397 0.4804 0.4681
1341848005.6298 -1.0836 -1.4600 3.2804 -0.0548 0.7380 0.4798 0.4713
1341848005.6618 -1.0796 -1.4605 3.2826 -0.0555 0.7368 0.4784 0.4744
1341848005.6938 -1.0752 -1.4621 3.2840 -0.0552 0.7353 0.4774 0.4779
1341848005.7297 -1.0737 -1.4623 3.2840 -0.0538 0.7338 0.4755 0.4822
1341848005.7617 -1.0701 -1.4637 3.2854 -0.0546 0.7332 0.4735 0.4851
1341848005.7979 -1.0652 -1.4670 3.2897 -0.0537 0.7326 0.4718 0.4876
1341848005.8299 -1.0643 -1.4666 3.2922 -0.0513 0.7309 0.4703 0.4918
1341848005.8617 -1.0615 -1.4671 3.2926 -0.0514 0.7291 0.4698 0.4951
1341848005.8978 -1.0570 -1.4701 3.2950 -0.0512 0.7284 0.4682 0.4976
1341848005.9297 -1.0573 -1.4709 3.2994 -0.0492 0.7276 0.4657 0.5013
1341848005.9657 -1.0545 -1.4704 3.3009 -0.0496 0.7260 0.4645 0.5047
1341848005.9978 -1.0504 -1.4740 3.3020 -0.0495 0.7249 0.4635 0.5072
1341848006.0298 -1.0454 -1.4760 3.3053 -0.0475 0.7241 0.4604 0.5113
1341848006.0658 -1.0460 -1.4767 3.3071 -0.0462 0.7228 0.4577 0.5156
1341848006.0979 -1.0424 -1.4792 3.3043 -0.0456 0.7214 0.4562 0.5190
1341848006.1337 -1.0364 -1.4811 3.3093 -0.0430 0.7230 0.4514 0.5212
1341848006.1658 -1.0354 -1.4820 3.3134 -0.0386 0.7230 0.4490 0.5236
1341848006.1976 -1.0347 -1.4825 3.3136 -0.0349 0.7216 0.4479 0.5268
1341848006.2338 -1.0288 -1.4854 3.3146 -0.0326 0.7202 0.4459 0.5305
1341848006.2658 -1.0277 -1.4848 3.3185 -0.0299 0.7203 0.4417 0.5340
1341848006.3018 -1.0236 -1.4864 3.3221 -0.0279 0.7195 0.4405 0.5363
1341848006.3337 -1.0198 -1.4890 3.3247 -0.0248 0.7173 0.4397 0.5399
1341848006.3660 -1.0205 -1.4856 3.3268 -0.0240 0.7157 0.4363 0.5448
1341848006.4018 -1.0158 -1.4868 3.3295 -0.0258 0.7152 0.4356 0.5459
1341848006.4337 -1.0107 -1.4914 3.3333 -0.0246 0.7143 0.4357 0.5471
1341848006.4697 -1.0101 -1.4905 3.3372 -0.0237 0.7129 0.4348 0.5496
1341848006.5017 -1.0050 -1.4929 3.3394 -0.0243 0.7115 0.4361 0.5504
1341848006.5337 -1.0004 -1.4950 3.3409 -0.0236 0.7104 0.4357 0.5523
1341848006.5697 -0.9997 -1.4961 3.3457 -0.0232 0.7105 0.4341 0.5534
1341848006.6018 -0.9953 -1.4983 3.3485 -0.0234 0.7097 0.4350 0.5537
1341848006.6378 -0.9905 -1.5036 3.3501 -0.0223 0.7091 0.4352 0.5543
1341848006.6701 -0.9908 -1.5033 3.3574 -0.0220 0.7099 0.4323 0.5555
1341848006.7018 -0.9849 -1.5068 3.3590 -0.0231 0.7094 0.4339 0.5550
1341848006.7378 -0.9812 -1.5117 3.3634 -0.0215 0.7100 0.4335 0.5546
1341848006.7697 -0.9780 -1.5145 3.3677 -0.0195 0.7098 0.4340 0.5544
1341848006.8019 -0.9749 -1.5188 3.3715 -0.0177 0.7101 0.4342 0.5539
1341848006.8376 -0.9717 -1.5218 3.3752 -0.0165 0.7106 0.4346 0.5531
1341848006.8707 -0.9676 -1.5283 3.3783 -0.0146 0.7112 0.4353 0.5518
1341848006.9018 -0.9659 -1.5311 3.3831 -0.0131 0.7126 0.4342 0.5509
1341848006.9377 -0.9637 -1.5339 3.3858 -0.0117 0.7141 0.4334 0.5496
1341848006.9697 -0.9624 -1.5392 3.3914 -0.0106 0.7166 0.4329 0.5467
1341848007.0058 -0.9595 -1.5460 3.3964 -0.0081 0.7183 0.4350 0.5429
1341848007.0378 -0.9595 -1.5498 3.4017 -0.0051 0.7200 0.4362 0.5397
1341848007.0697 -0.9589 -1.5533 3.4068 -0.0046 0.7217 0.4379 0.5360
1341848007.1057 -0.9560 -1.5587 3.4108 -0.0050 0.7235 0.4399 0.5319
1341848007.1379 -0.9544 -1.5654 3.4169 -0.0045 0.7257 0.4408 0.5282
1341848007.1697 -0.9552 -1.5696 3.4241 -0.0041 0.7276 0.4417 0.5248
1341848007.2057 -0.9528 -1.5747 3.4290 -0.0041 0.7288 0.4443 0.5209
1341848007.2379 -0.9514 -1.5821 3.4358 -0.0026 0.7302 0.4466 0.5170
1341848007.2989 -0.9481 -1.5917 3.4456 0.0001 0.7303 0.4519 0.5124
1341848007.3314 -0.9474 -1.5960 3.4506 0.0011 0.7319 0.4511 0.5107
1341848007.3667 -0.9464 -1.6012 3.4557 0.0005 0.7335 0.4494 0.5099
1341848007.3987 -0.9451 -1.6093 3.4635 0.0007 0.7351 0.4485 0.5083
1341848007.4348 -0.9428 -1.6172 3.4679 0.0021 0.7356 0.4483 0.5078
1341848007.4667 -0.9449 -1.6206 3.4775 0.0027 0.7376 0.4457 0.5073
1341848007.4988 -0.9422 -1.6257 3.4833 0.0018 0.7384 0.4477 0.5043
1341848007.5348 -0.9374 -1.6366 3.4875 0.0029 0.7383 0.4502 0.5022
1341848007.5667 -0.9374 -1.6392 3.4949 0.0040 0.7390 0.4492 0.5021
1341848007.5987 -0.9344 -1.6399 3.4979 0.0020 0.7403 0.4492 0.5001
1341848007.6348 -0.9302 -1.6503 3.5028 0.0010 0.7426 0.4506 0.4955
1341848007.6667 -0.9311 -1.6554 3.5107 0.0044 0.7436 0.4537 0.4912
1341848007.7028 -0.9278 -1.6594 3.5147 0.0060 0.7432 0.4606 0.4854
1341848007.7346 -0.9171 -1.6658 3.5087 0.0075 0.7428 0.4650 0.4815
1341848007.7669 -0.9175 -1.6708 3.5191 0.0089 0.7477 0.4610 0.4779
1341848007.8029 -0.9161 -1.6750 3.5271 0.0074 0.7499 0.4621 0.4734
1341848007.8350 -0.9097 -1.6818 3.5271 0.0085 0.7497 0.4665 0.4692
1341848007.8667 -0.9075 -1.6820 3.5355 0.0094 0.7527 0.4664 0.4647
1341848007.9028 -0.9058 -1.6830 3.5409 0.0067 0.7554 0.4681 0.4585
1341848007.9349 -0.8967 -1.6963 3.5433 0.0070 0.7568 0.4740 0.4500
1341848007.9707 -0.8919 -1.7045 3.5496 0.0116 0.7573 0.4760 0.4470
1341848008.0027 -0.8915 -1.7026 3.5559 0.0143 0.7587 0.4767 0.4439
1341848008.0348 -0.8862 -1.7067 3.5599 0.0136 0.7600 0.4797 0.4382
1341848008.0708 -0.8823 -1.7139 3.5655 0.0137 0.7611 0.4816 0.4343
1341848008.1032 -0.8769 -1.7149 3.5714 0.0136 0.7622 0.4830 0.4308
1341848008.1388 -0.8709 -1.7183 3.5749 0.0124 0.7639 0.4842 0.4265
1341848008.1711 -0.8657 -1.7232 3.5806 0.0123 0.7656 0.4851 0.4224
1341848008.2027 -0.8604 -1.7281 3.5873 0.0139 0.7666 0.4877 0.4175
1341848008.2387 -0.8558 -1.7301 3.5948 0.0144 0.7673 0.4901 0.4134
1341848008.2707 -0.8505 -1.7328 3.5999 0.0142 0.7677 0.4932 0.4089
1341848008.3027 -0.8444 -1.7361 3.6057 0.0141 0.7684 0.4961 0.4041
1341848008.3388 -0.8374 -1.7411 3.6105 0.0142 0.7686 0.4990 0.4001
1341848008.3707 -0.8322 -1.7429 3.6163 0.0135 0.7695 0.5000 0.3971
1341848008.4389 -0.8196 -1.7543 3.6243 0.0143 0.7713 0.5042 0.3883
1341848008.4708 -0.8160 -1.7564 3.6292 0.0158 0.7719 0.5054 0.3854
1341848008.5069 -0.8105 -1.7602 3.6336 0.0160 0.7730 0.5075 0.3804
1341848008.5388 -0.8036 -1.7703 3.6369 0.0173 0.7740 0.5100 0.3749
1341848008.5707 -0.8000 -1.7752 3.6438 0.0197 0.7748 0.5109 0.3718
1341848008.6067 -0.7954 -1.7783 3.6479 0.0211 0.7751 0.5133 0.3679
1341848008.6387 -0.7891 -1.7844 3.6484 0.0226 0.7754 0.5158 0.3636
1341848008.6746 -0.7853 -1.7882 3.6538 0.0239 0.7765 0.5162 0.3606
1341848008.7068 -0.7796 -1.7898 3.6544 0.0241 0.7776 0.5169 0.3572
1341848008.7387 -0.7756 -1.7980 3.6591 0.0237 0.7796 0.5168 0.3530
1341848008.7751 -0.7708 -1.8011 3.6634 0.0225 0.7805 0.5167 0.3512
1341848008.8069 -0.7659 -1.8046 3.6640 0.0219 0.7816 0.5169 0.3486
1341848008.8388 -0.7621 -1.8091 3.6709 0.0201 0.7836 0.5159 0.3457
1341848008.8746 -0.7569 -1.8136 3.6741 0.0197 0.7840 0.5175 0.3423
1341848008.9067 -0.7524 -1.8161 3.6763 0.0205 0.7846 0.5188 0.3390
1341848008.9431 -0.7484 -1.8168 3.6793 0.0193 0.7863 0.5187 0.3352
1341848008.9747 -0.7424 -1.8238 3.6834 0.0173 0.7876 0.5194 0.3310
1341848009.0068 -0.7374 -1.8293 3.6888 0.0181 0.7881 0.5204 0.3283
1341848009.0427 -0.7350 -1.8281 3.6962 0.0174 0.7889 0.5206 0.3261
1341848009.1108 -0.7235 -1.8302 3.6990 0.0157 0.7904 0.5223 0.3198
1341848009.1427 -0.7190 -1.8293 3.7023 0.0133 0.7927 0.5211 0.3159
1341848009.1747 -0.7139 -1.8308 3.7047 0.0121 0.7951 0.5212 0.3099
1341848009.2107 -0.7096 -1.8344 3.7122 0.0134 0.7969 0.5235 0.3012
1341848009.2429 -0.7049 -1.8354 3.7156 0.0154 0.7962 0.5286 0.2940
1341848009.2747 -0.7005 -1.8317 3.7175 0.0159 0.7968 0.5313 0.2873
1341848009.3109 -0.6958 -1.8323 3.7218 0.0138 0.7989 0.5323 0.2797
1341848009.3429 -0.6870 -1.8389 3.7246 0.0125 0.7990 0.5362 0.2719
1341848009.3787 -0.6832 -1.8371 3.7293 0.0137 0.7997 0.5373 0.2675
1341848009.4429 -0.6700 -1.8387 3.7359 0.0117 0.8003 0.5413 0.2576
1341848009.4790 -0.6656 -1.8388 3.7412 0.0116 0.8010 0.5419 0.2542
1341848009.5106 -0.6583 -1.8378 3.7433 0.0101 0.8003 0.5440 0.2519
1341848009.5428 -0.6527 -1.8376 3.7444 0.0101 0.8010 0.5436 0.2506
1341848009.5788 -0.6462 -1.8377 3.7513 0.0085 0.8021 0.5429 0.2487
1341848009.6110 -0.6366 -1.8382 3.7506 0.0069 0.8015 0.5443 0.2478
1341848009.6469 -0.6287 -1.8406 3.7514 0.0065 0.8024 0.5430 0.2476
1341848009.6787 -0.6205 -1.8390 3.7565 0.0046 0.8040 0.5403 0.2483
1341848009.7108 -0.6130 -1.8394 3.7588 0.0026 0.8044 0.5395 0.2486
1341848009.7468 -0.6035 -1.8405 3.7562 0.0025 0.8043 0.5395 0.2491
1341848009.7788 -0.5949 -1.8380 3.7635 0.0028 0.8064 0.5358 0.2501
1341848009.8107 -0.5870 -1.8356 3.7668 0.0030 0.8067 0.5356 0.2496
1341848009.8468 -0.5767 -1.8386 3.7646 0.0048 0.8050 0.5388 0.2481
1341848009.8787 -0.5693 -1.8327 3.7670 0.0062 0.8056 0.5373 0.2495
1341848009.9148 -0.5638 -1.8279 3.7677 0.0047 0.8054 0.5372 0.2504
1341848009.9470 -0.5526 -1.8291 3.7633 0.0035 0.8048 0.5386 0.2492
1341848009.9789 -0.5423 -1.8297 3.7611 0.0036 0.8048 0.5380 0.2506
1341848010.0148 -0.5364 -1.8226 3.7645 0.0047 0.8058 0.5358 0.2519
1341848010.0468 -0.5283 -1.8184 3.7602 0.0049 0.8051 0.5375 0.2507
1341848010.0826 -0.5190 -1.8148 3.7571 0.0044 0.8052 0.5378 0.2499
1341848010.1147 -0.5125 -1.8091 3.7559 0.0043 0.8055 0.5380 0.2484
1341848010.1468 -0.5049 -1.8055 3.7503 0.0040 0.8039 0.5414 0.2463
1341848010.1827 -0.4967 -1.8019 3.7392 0.0045 0.8026 0.5439 0.2451
1341848010.2147 -0.4892 -1.7954 3.7348 0.0047 0.8036 0.5431 0.2434
1341848010.2468 -0.4802 -1.7926 3.7275 0.0047 0.8034 0.5448 0.2402
1341848010.2827 -0.4729 -1.7874 3.7222 0.0060 0.8037 0.5453 0.2380
1341848010.3148 -0.4655 -1.7824 3.7116 0.0070 0.8026 0.5480 0.2354
1341848010.3511 -0.4590 -1.7769 3.7049 0.0068 0.8030 0.5480 0.2340
1341848010.3828 -0.4512 -1.7741 3.7014 0.0071 0.8038 0.5483 0.2308
1341848010.4147 -0.4459 -1.7695 3.6921 0.0083 0.8024 0.5510 0.2292
1341848010.4509 -0.4400 -1.7651 3.6825 0.0083 0.8021 0.5525 0.2267
1341848010.4831 -0.4344 -1.7609 3.6771 0.0083 0.8030 0.5524 0.2235
1341848010.5148 -0.4301 -1.7576 3.6751 0.0083 0.8033 0.5537 0.2192
1341848010.5506 -0.4233 -1.7552 3.6598 0.0081 0.8009 0.5580 0.2170
1341848010.5829 -0.4214 -1.7505 3.6578 0.0087 0.8031 0.5559 0.2144
1341848010.6187 -0.4174 -1.7473 3.6530 0.0067 0.8025 0.5581 0.2109
1341848010.6510 -0.4091 -1.7486 3.6425 0.0066 0.8018 0.5606 0.2070
1341848010.6826 -0.4098 -1.7430 3.6417 0.0081 0.8035 0.5584 0.2059
1341848010.7188 -0.4076 -1.7414 3.6368 0.0066 0.8034 0.5598 0.2029
1341848010.7509 -0.4044 -1.7405 3.6278 0.0061 0.8028 0.5618 0.1999
1341848010.7827 -0.4026 -1.7379 3.6203 0.0069 0.8036 0.5617 0.1965
1341848010.8188 -0.4005 -1.7372 3.6185 0.0080 0.8061 0.5597 0.1922
1341848010.8508 -0.3986 -1.7356 3.6136 0.0084 0.8064 0.5604 0.1885
1341848010.8867 -0.3942 -1.7287 3.6126 0.0094 0.8088 0.5582 0.1848
1341848010.9188 -0.3949 -1.7258 3.6103 0.0102 0.8100 0.5573 0.1823
1341848010.9508 -0.3914 -1.7240 3.6064 0.0090 0.8108 0.5574 0.1786
1341848010.9868 -0.3876 -1.7229 3.6053 0.0087 0.8119 0.5567 0.1754
1341848011.0187 -0.3858 -1.7211 3.6038 0.0094 0.8121 0.5569 0.1737
1341848011.0510 -0.3842 -1.7189 3.5983 0.0102 0.8117 0.5582 0.1714
1341848011.0867 -0.3825 -1.7168 3.5979 0.0106 0.8129 0.5573 0.1688
1341848011.1187 -0.3804 -1.7160 3.5973 0.0110 0.8135 0.5573 0.1661
1341848011.1546 -0.3775 -1.7154 3.5957 0.0121 0.8136 0.5579 0.1632
1341848011.1867 -0.3788 -1.7128 3.5961 0.0130 0.8139 0.5578 0.1622
1341848011.2191 -0.3787 -1.7108 3.5899 0.0109 0.8127 0.5600 0.1606
1341848011.2547 -0.3732 -1.7107 3.5867 0.0081 0.8137 0.5599 0.1564
1341848011.2866 -0.3710 -1.7098 3.5860 0.0074 0.8145 0.5595 0.1532
1341848011.3227 -0.3675 -1.7089 3.5812 0.0073 0.8146 0.5606 0.1483
1341848011.3547 -0.3627 -1.7091 3.5770 0.0076 0.8155 0.5606 0.1440
1341848011.3867 -0.3635 -1.7068 3.5807 0.0095 0.8175 0.5585 0.1404
1341848011.4227 -0.3595 -1.7046 3.5743 0.0096 0.8164 0.5611 0.1361
1341848011.4547 -0.3588 -1.7034 3.5714 0.0109 0.8175 0.5605 0.1321
1341848011.4868 -0.3575 -1.7013 3.5735 0.0103 0.8188 0.5597 0.1274
1341848011.5229 -0.3535 -1.6981 3.5716 0.0103 0.8185 0.5613 0.1220
1341848011.5547 -0.3508 -1.6955 3.5669 0.0113 0.8183 0.5623 0.1184
1341848011.5909 -0.3528 -1.6928 3.5677 0.0112 0.8193 0.5613 0.1169
1341848011.6227 -0.3487 -1.6905 3.5655 0.0097 0.8189 0.5629 0.1118
1341848011.6549 -0.3445 -1.6885 3.5630 0.0098 0.8189 0.5636 0.1081
1341848011.6908 -0.3471 -1.6847 3.5627 0.0110 0.8187 0.5640 0.1069
1341848011.7226 -0.3492 -1.6802 3.5591 0.0101 0.8181 0.5655 0.1041
1341848011.7548 -0.3448 -1.6772 3.5561 0.0073 0.8176 0.5670 0.0993
1341848011.7908 -0.3435 -1.6734 3.5525 0.0077 0.8171 0.5685 0.0954
1341848011.8227 -0.3433 -1.6696 3.5470 0.0089 0.8158 0.5711 0.0907
1341848011.8588 -0.3415 -1.6660 3.5416 0.0106 0.8153 0.5725 0.0859
1341848011.8907 -0.3423 -1.6620 3.5402 0.0118 0.8156 0.5724 0.0832
1341848011.9229 -0.3398 -1.6589 3.5353 0.0118 0.8146 0.5744 0.0798
1341848011.9588 -0.3424 -1.6563 3.5284 0.0137 0.8141 0.5753 0.0783
1341848011.9908 -0.3439 -1.6511 3.5281 0.0124 0.8150 0.5742 0.0773
1341848012.0227 -0.3416 -1.6468 3.5229 0.0097 0.8140 0.5759 0.0754
1341848012.0589 -0.3422 -1.6418 3.5172 0.0089 0.8132 0.5771 0.0747
1341848012.0908 -0.3438 -1.6366 3.5106 0.0074 0.8124 0.5783 0.0742
1341848012.1269 -0.3403 -1.6313 3.5031 0.0051 0.8119 0.5793 0.0725
1341848012.1910 -0.3367 -1.6183 3.4934 0.0049 0.8110 0.5804 0.0738
1341848012.2267 -0.3367 -1.6114 3.4870 0.0045 0.8097 0.5820 0.0757
1341848012.2587 -0.3351 -1.6056 3.4799 0.0030 0.8085 0.5833 0.0782
1341848012.2952 -0.3359 -1.5985 3.4748 0.0014 0.8075 0.5842 0.0818
1341848012.3269 -0.3352 -1.5921 3.4660 -0.0021 0.8058 0.5861 0.0849
1341848012.3588 -0.3333 -1.5870 3.4592 -0.0059 0.8053 0.5864 0.0872
1341848012.3947 -0.3306 -1.5789 3.4566 -0.0092 0.8051 0.5863 0.0895
1341848012.4268 -0.3288 -1.5727 3.4463 -0.0119 0.8024 0.5895 0.0921
1341848012.4588 -0.3276 -1.5665 3.4367 -0.0138 0.8015 0.5904 0.0944
1341848012.4947 -0.3256 -1.5595 3.4329 -0.0164 0.8019 0.5894 0.0963
1341848012.5268 -0.3210 -1.5546 3.4249 -0.0194 0.8000 0.5917 0.0976
1341848012.5627 -0.3186 -1.5491 3.4148 -0.0206 0.7988 0.5927 0.1013
1341848012.5947 -0.3184 -1.5433 3.4125 -0.0236 0.8000 0.5902 0.1058
1341848012.6268 -0.3129 -1.5393 3.4052 -0.0283 0.7986 0.5913 0.1081
1341848012.6628 -0.3065 -1.5349 3.4013 -0.0303 0.7986 0.5909 0.1107
1341848012.6953 -0.3061 -1.5298 3.3973 -0.0311 0.7977 0.5909 0.1167
1341848012.7269 -0.3038 -1.5249 3.3928 -0.0351 0.7969 0.5906 0.1221
1341848012.7627 -0.2971 -1.5220 3.3885 -0.0388 0.7961 0.5907 0.1255
1341848012.7947 -0.2925 -1.5173 3.3877 -0.0399 0.7961 0.5894 0.1316
1341848012.8307 -0.2923 -1.5127 3.3812 -0.0419 0.7939 0.5899 0.1415
1341848012.8628 -0.2895 -1.5102 3.3730 -0.0464 0.7930 0.5889 0.1489
1341848012.8947 -0.2868 -1.5066 3.3763 -0.0506 0.7957 0.5834 0.1548
1341848012.9308 -0.2840 -1.5020 3.3735 -0.0532 0.7950 0.5823 0.1616
1341848012.9628 -0.2852 -1.4987 3.3702 -0.0556 0.7950 0.5800 0.1691
1341848012.9948 -0.2819 -1.4945 3.3725 -0.0601 0.7964 0.5762 0.1737
1341848013.0309 -0.2786 -1.4909 3.3723 -0.0622 0.7954 0.5756 0.1791
1341848013.0627 -0.2755 -1.4887 3.3680 -0.0635 0.7939 0.5757 0.1851
1341848013.0988 -0.2726 -1.4864 3.3684 -0.0650 0.7943 0.5730 0.1912
1341848013.1308 -0.2702 -1.4847 3.3705 -0.0654 0.7939 0.5715 0.1971
1341848013.1628 -0.2636 -1.4830 3.3713 -0.0648 0.7924 0.5718 0.2021
1341848013.1987 -0.2642 -1.4800 3.3713 -0.0613 0.7905 0.5718 0.2106
1341848013.2309 -0.2643 -1.4783 3.3718 -0.0601 0.7891 0.5714 0.2171
1341848013.2627 -0.2580 -1.4765 3.3758 -0.0608 0.7880 0.5713 0.2213
1341848013.2987 -0.2595 -1.4740 3.3742 -0.0580 0.7846 0.5726 0.2306
1341848013.3308 -0.2592 -1.4719 3.3745 -0.0599 0.7831 0.5714 0.2380
1341848013.3667 -0.2547 -1.4707 3.3790 -0.0641 0.7826 0.5693 0.2436
1341848013.3987 -0.2499 -1.4688 3.3861 -0.0656 0.7814 0.5684 0.2489
1341848013.4309 -0.2454 -1.4671 3.3905 -0.0656 0.7777 0.5701 0.2566
1341848013.4670 -0.2441 -1.4666 3.3854 -0.0655 0.7720 0.5734 0.2665
1341848013.4988 -0.2418 -1.4654 3.3862 -0.0687 0.7706 0.5711 0.2743
1341848013.5348 -0.2363 -1.4643 3.3917 -0.0734 0.7705 0.5674 0.2811
1341848013.5667 -0.2297 -1.4643 3.3948 -0.0761 0.7685 0.5657 0.2891
1341848013.5988 -0.2286 -1.4636 3.3986 -0.0753 0.7673 0.5630 0.2977
1341848013.6348 -0.2235 -1.4632 3.3997 -0.0764 0.7647 0.5630 0.3042
1341848013.6667 -0.2172 -1.4634 3.3979 -0.0772 0.7623 0.5613 0.3129
1341848013.6988 -0.2164 -1.4634 3.3996 -0.0766 0.7626 0.5559 0.3217
1341848013.7346 -0.2121 -1.4630 3.4019 -0.0783 0.7629 0.5511 0.3288
1341848013.7668 -0.2084 -1.4631 3.4069 -0.0785 0.7641 0.5459 0.3346
1341848013.8027 -0.2061 -1.4625 3.4119 -0.0775 0.7641 0.5424 0.3406
1341848013.8348 -0.2041 -1.4615 3.4118 -0.0772 0.7615 0.5415 0.3478
1341848013.8668 -0.2001 -1.4611 3.4105 -0.0782 0.7599 0.5396 0.3539
1341848013.9027 -0.1988 -1.4602 3.4156 -0.0788 0.7605 0.5346 0.3600
1341848013.9667 -0.1897 -1.4585 3.4206 -0.0805 0.7568 0.5322 0.3708
1341848014.0027 -0.1845 -1.4597 3.4219 -0.0809 0.7546 0.5317 0.3759
1341848014.0349 -0.1793 -1.4587 3.4249 -0.0813 0.7522 0.5299 0.3831
1341848014.0710 -0.1771 -1.4552 3.4249 -0.0824 0.7488 0.5275 0.3927
1341848014.1027 -0.1733 -1.4526 3.4267 -0.0865 0.7467 0.5244 0.4000
1341848014.1347 -0.1641 -1.4538 3.4314 -0.0909 0.7449 0.5226 0.4048
1341848014.1707 -0.1585 -1.4510 3.4355 -0.0926 0.7417 0.5210 0.4121
1341848014.2027 -0.1500 -1.4504 3.4341 -0.0954 0.7371 0.5213 0.4193
1341848014.2348 -0.1400 -1.4513 3.4381 -0.0976 0.7358 0.5177 0.4255
1341848014.2707 -0.1355 -1.4487 3.4445 -0.0983 0.7336 0.5133 0.4343
1341848014.3027 -0.1263 -1.4490 3.4462 -0.0983 0.7304 0.5130 0.4402
1341848014.3387 -0.1174 -1.4498 3.4515 -0.0984 0.7281 0.5104 0.4470
1341848014.3706 -0.1111 -1.4488 3.4562 -0.0988 0.7242 0.5069 0.4570
1341848014.4388 -0.0947 -1.4495 3.4647 -0.1013 0.7187 0.4988 0.4738
1341848014.4708 -0.0864 -1.4498 3.4673 -0.1022 0.7145 0.4944 0.4843
1341848014.5066 -0.0810 -1.4503 3.4747 -0.1032 0.7126 0.4881 0.4933
1341848014.5387 -0.0708 -1.4527 3.4748 -0.1049 0.7072 0.4853 0.5034
1341848014.5708 -0.0653 -1.4539 3.4785 -0.1040 0.7063 0.4784 0.5113
1341848014.6069 -0.0609 -1.4555 3.4889 -0.1032 0.7053 0.4725 0.5182
1341848014.6387 -0.0526 -1.4575 3.4899 -0.1011 0.7005 0.4719 0.5257
1341848014.6708 -0.0438 -1.4599 3.4923 -0.0995 0.6979 0.4689 0.5322
1341848014.7068 -0.0369 -1.4613 3.4938 -0.0980 0.6953 0.4640 0.5400
1341848014.7387 -0.0309 -1.4635 3.4969 -0.0966 0.6948 0.4592 0.5451
1341848014.7747 -0.0245 -1.4676 3.5051 -0.0928 0.6941 0.4563 0.5490
1341848014.8067 -0.0184 -1.4677 3.5065 -0.0872 0.6899 0.4558 0.5556
1341848014.8387 -0.0115 -1.4692 3.5094 -0.0845 0.6872 0.4544 0.5606
1341848014.8747 -0.0038 -1.4723 3.5132 -0.0830 0.6838 0.4521 0.5667
1341848014.9066 -0.0003 -1.4705 3.5156 -0.0795 0.6805 0.4485 0.5740
1341848014.9387 0.0053 -1.4702 3.5197 -0.0776 0.6775 0.4486 0.5776
1341848014.9747 0.0108 -1.4703 3.5234 -0.0751 0.6731 0.4493 0.5826
1341848015.0067 0.0092 -1.4664 3.5212 -0.0734 0.6667 0.4490 0.5903
1341848015.0426 0.0135 -1.4630 3.5242 -0.0795 0.6620 0.4497 0.5943
1341848015.0749 0.0202 -1.4621 3.5253 -0.0873 0.6567 0.4491 0.5995
1341848015.1068 0.0255 -1.4596 3.5279 -0.0940 0.6530 0.4464 0.6045
1341848015.1427 0.0295 -1.4571 3.5311 -0.0980 0.6497 0.4456 0.6080
1341848015.1747 0.0371 -1.4563 3.5337 -0.1012 0.6451 0.4472 0.6113
1341848015.2072 0.0415 -1.4538 3.5339 -0.1018 0.6398 0.4468 0.6170
1341848015.2435 0.0465 -1.4518 3.5343 -0.1045 0.6354 0.4448 0.6224
1341848015.2748 0.0506 -1.4512 3.5377 -0.1052 0.6316 0.4430 0.6275
1341848015.3106 0.0542 -1.4497 3.5386 -0.1034 0.6257 0.4405 0.6355
1341848015.3429 0.0573 -1.4477 3.5388 -0.1022 0.6200 0.4383 0.6427
1341848015.3747 0.0603 -1.4462 3.5405 -0.1001 0.6140 0.4375 0.6493
1341848015.4107 0.0637 -1.4451 3.5394 -0.0973 0.6065 0.4366 0.6573
1341848015.4428 0.0663 -1.4434 3.5390 -0.0961 0.6000 0.4348 0.6646
1341848015.4750 0.0700 -1.4423 3.5393 -0.0960 0.5933 0.4320 0.6724
1341848015.5109 0.0738 -1.4423 3.5403 -0.0965 0.5877 0.4267 0.6806
1341848015.5428 0.0712 -1.4404 3.5396 -0.0922 0.5809 0.4244 0.6885
1341848015.5818 0.0764 -1.4400 3.5402 -0.0933 0.5722 0.4228 0.6965
1341848015.6178 0.0798 -1.4398 3.5407 -0.0944 0.5655 0.4159 0.7059
1341848015.6501 0.0800 -1.4398 3.5419 -0.0953 0.5595 0.4098 0.7141
1341848015.6858 0.0837 -1.4394 3.5444 -0.0965 0.5537 0.4060 0.7206
1341848015.7181 0.0867 -1.4397 3.5467 -0.0953 0.5493 0.3999 0.7275
1341848015.7498 0.0860 -1.4403 3.5465 -0.0918 0.5440 0.3954 0.7343
1341848015.7858 0.0892 -1.4415 3.5472 -0.0900 0.5378 0.3923 0.7408
1341848015.8179 0.0906 -1.4435 3.5472 -0.0888 0.5338 0.3861 0.7470
1341848015.8538 0.0894 -1.4447 3.5484 -0.0861 0.5303 0.3820 0.7519
1341848015.8857 0.0907 -1.4461 3.5477 -0.0853 0.5253 0.3769 0.7581
1341848015.9178 0.0922 -1.4474 3.5474 -0.0870 0.5224 0.3695 0.7636
1341848015.9540 0.0925 -1.4481 3.5492 -0.0850 0.5206 0.3618 0.7687
1341848015.9867 0.0895 -1.4503 3.5498 -0.0819 0.5187 0.3564 0.7728
1341848016.0217 0.0891 -1.4508 3.5495 -0.0787 0.5144 0.3534 0.7774
1341848016.0539 0.0914 -1.4520 3.5502 -0.0771 0.5115 0.3480 0.7819
1341848016.0857 0.0882 -1.4526 3.5492 -0.0738 0.5098 0.3428 0.7856
1341848016.1218 0.0858 -1.4522 3.5475 -0.0734 0.5064 0.3396 0.7892
1341848016.1538 0.0872 -1.4530 3.5486 -0.0757 0.5048 0.3369 0.7911
1341848016.1858 0.0853 -1.4530 3.5476 -0.0763 0.5036 0.3343 0.7930
1341848016.2217 0.0841 -1.4535 3.5482 -0.0776 0.5026 0.3342 0.7935
1341848016.2537 0.0863 -1.4548 3.5502 -0.0787 0.5022 0.3336 0.7939
1341848016.2900 0.0827 -1.4555 3.5479 -0.0787 0.5027 0.3319 0.7943
1341848016.3220 0.0823 -1.4553 3.5493 -0.0802 0.5050 0.3354 0.7912
1341848016.3537 0.0845 -1.4577 3.5513 -0.0785 0.5067 0.3387 0.7889
1341848016.3898 0.0787 -1.4583 3.5504 -0.0746 0.5083 0.3408 0.7873
1341848016.4217 0.0792 -1.4599 3.5522 -0.0731 0.5093 0.3456 0.7847
1341848016.4539 0.0781 -1.4615 3.5538 -0.0695 0.5114 0.3492 0.7821
1341848016.4901 0.0761 -1.4630 3.5554 -0.0656 0.5130 0.3498 0.7811
1341848016.5218 0.0740 -1.4643 3.5560 -0.0640 0.5149 0.3492 0.7803
1341848016.5542 0.0714 -1.4660 3.5588 -0.0596 0.5178 0.3507 0.7780
1341848016.5898 0.0670 -1.4691 3.5613 -0.0556 0.5185 0.3506 0.7779
1341848016.6219 0.0640 -1.4714 3.5639 -0.0531 0.5198 0.3536 0.7758
1341848016.6578 0.0623 -1.4736 3.5671 -0.0481 0.5195 0.3575 0.7746
1341848016.6899 0.0566 -1.4772 3.5690 -0.0451 0.5180 0.3581 0.7755
1341848016.7578 0.0563 -1.4826 3.5766 -0.0460 0.5192 0.3575 0.7749
1341848016.8188 0.0434 -1.4899 3.5847 -0.0437 0.5206 0.3566 0.7745
1341848016.8508 0.0405 -1.4937 3.5886 -0.0433 0.5201 0.3568 0.7748
1341848016.8828 0.0343 -1.4973 3.5919 -0.0434 0.5208 0.3565 0.7745
1341848016.9189 0.0296 -1.5005 3.5971 -0.0429 0.5207 0.3584 0.7737
1341848016.9507 0.0261 -1.5037 3.6015 -0.0432 0.5202 0.3589 0.7738
1341848016.9867 0.0195 -1.5069 3.6049 -0.0446 0.5215 0.3576 0.7734
1341848017.0187 0.0142 -1.5112 3.6104 -0.0451 0.5233 0.3593 0.7714
1341848017.0508 0.0087 -1.5147 3.6126 -0.0445 0.5239 0.3605 0.7705
1341848017.0868 0.0040 -1.5174 3.6152 -0.0456 0.5255 0.3614 0.7689
1341848017.1186 0.0000 -1.5209 3.6180 -0.0460 0.5286 0.3621 0.7664
1341848017.1507 -0.0069 -1.5241 3.6187 -0.0446 0.5316 0.3641 0.7634
1341848017.1869 -0.0124 -1.5284 3.6230 -0.0437 0.5362 0.3669 0.7589
1341848017.2188 -0.0156 -1.5325 3.6246 -0.0427 0.5399 0.3686 0.7556
1341848017.2547 -0.0245 -1.5370 3.6255 -0.0400 0.5447 0.3692 0.7519
1341848017.2866 -0.0303 -1.5407 3.6287 -0.0372 0.5490 0.3718 0.7477
1341848017.3187 -0.0297 -1.5458 3.6319 -0.0333 0.5529 0.3723 0.7447
1341848017.3547 -0.0442 -1.5509 3.6284 -0.0267 0.5573 0.3692 0.7432
1341848017.3868 -0.0534 -1.5544 3.6305 -0.0244 0.5624 0.3711 0.7385
1341848017.4188 -0.0593 -1.5590 3.6318 -0.0193 0.5663 0.3739 0.7343
1341848017.4548 -0.0709 -1.5607 3.6319 -0.0163 0.5688 0.3753 0.7317
1341848017.4867 -0.0721 -1.5651 3.6338 -0.0165 0.5717 0.3775 0.7283
1341848017.5227 -0.0798 -1.5680 3.6344 -0.0148 0.5753 0.3768 0.7258
1341848017.5548 -0.0879 -1.5705 3.6346 -0.0135 0.5792 0.3763 0.7230
1341848017.5878 -0.0919 -1.5724 3.6366 -0.0124 0.5821 0.3776 0.7200
1341848017.6227 -0.0968 -1.5760 3.6356 -0.0099 0.5850 0.3776 0.7177
1341848017.6548 -0.1030 -1.5771 3.6367 -0.0078 0.5882 0.3787 0.7145
1341848017.6868 -0.1014 -1.5819 3.6377 -0.0063 0.5912 0.3789 0.7120
1341848017.7228 -0.1136 -1.5840 3.6370 -0.0007 0.5949 0.3775 0.7097
1341848017.7548 -0.1139 -1.5872 3.6409 0.0012 0.5973 0.3798 0.7064
1341848017.7907 -0.1170 -1.5911 3.6402 0.0051 0.5991 0.3791 0.7052
1341848017.8228 -0.1247 -1.5936 3.6411 0.0079 0.6022 0.3776 0.7034
1341848017.8547 -0.1286 -1.5956 3.6441 0.0092 0.6042 0.3778 0.7016
1341848017.8907 -0.1328 -1.5981 3.6445 0.0104 0.6049 0.3779 0.7009
1341848017.9228 -0.1380 -1.5993 3.6462 0.0101 0.6066 0.3779 0.6994
1341848017.9586 -0.1386 -1.6020 3.6479 0.0086 0.6080 0.3783 0.6979
1341848017.9907 -0.1468 -1.6036 3.6498 0.0102 0.6097 0.3778 0.6967
1341848018.0227 -0.1482 -1.6044 3.6524 0.0088 0.6106 0.3804 0.6946
1341848018.0588 -0.1474 -1.6072 3.6531 0.0075 0.6127 0.3814 0.6922
1341848018.0909 -0.1536 -1.6086 3.6557 0.0070 0.6160 0.3809 0.6895
1341848018.1227 -0.1565 -1.6100 3.6593 0.0070 0.6177 0.3842 0.6861
1341848018.1591 -0.1539 -1.6124 3.6614 0.0081 0.6188 0.3877 0.6832
1341848018.1908 -0.1585 -1.6149 3.6634 0.0084 0.6218 0.3881 0.6803
1341848018.2267 -0.1582 -1.6174 3.6676 0.0067 0.6247 0.3892 0.6769
1341848018.2588 -0.1596 -1.6212 3.6723 0.0080 0.6269 0.3914 0.6735
1341848018.2907 -0.1634 -1.6248 3.6763 0.0097 0.6280 0.3949 0.6705
1341848018.3339 -0.1627 -1.6276 3.6793 0.0080 0.6300 0.3966 0.6676
1341848018.3672 -0.1616 -1.6318 3.6846 0.0061 0.6341 0.3962 0.6640
1341848018.3977 -0.1662 -1.6366 3.6917 0.0069 0.6377 0.3965 0.6604
1341848018.4338 -0.1684 -1.6409 3.6995 0.0094 0.6392 0.4016 0.6558
1341848018.4657 -0.1691 -1.6451 3.7064 0.0124 0.6399 0.4077 0.6513
1341848018.5018 -0.1709 -1.6491 3.7111 0.0135 0.6418 0.4103 0.6477
1341848018.5345 -0.1738 -1.6532 3.7200 0.0141 0.6454 0.4115 0.6434
1341848018.5658 -0.1757 -1.6564 3.7278 0.0144 0.6475 0.4136 0.6399
1341848018.6017 -0.1765 -1.6615 3.7336 0.0144 0.6496 0.4151 0.6368
1341848018.6337 -0.1812 -1.6661 3.7421 0.0139 0.6537 0.4153 0.6324
1341848018.6698 -0.1831 -1.6723 3.7527 0.0133 0.6562 0.4176 0.6283
1341848018.7018 -0.1872 -1.6773 3.7600 0.0135 0.6572 0.4205 0.6254
1341848018.7339 -0.1856 -1.6824 3.7670 0.0115 0.6594 0.4217 0.6223
1341848018.7697 -0.1897 -1.6902 3.7753 0.0109 0.6617 0.4214 0.6201
1341848018.8022 -0.1899 -1.6971 3.7853 0.0103 0.6633 0.4225 0.6176
1341848018.8338 -0.1884 -1.7023 3.7903 0.0102 0.6644 0.4223 0.6165
1341848018.8698 -0.1923 -1.7108 3.7974 0.0110 0.6672 0.4200 0.6151
1341848018.9020 -0.1971 -1.7182 3.8062 0.0130 0.6691 0.4204 0.6127
1341848018.9338 -0.1952 -1.7241 3.8143 0.0157 0.6694 0.4236 0.6101
1341848018.9697 -0.2011 -1.7312 3.8182 0.0179 0.6697 0.4239 0.6095
1341848019.0023 -0.2032 -1.7364 3.8242 0.0163 0.6713 0.4242 0.6076
1341848019.0698 -0.2073 -1.7501 3.8350 0.0165 0.6748 0.4231 0.6044
1341848019.1308 -0.2108 -1.7605 3.8444 0.0146 0.6789 0.4239 0.5993
1341848019.1627 -0.2155 -1.7663 3.8513 0.0150 0.6811 0.4254 0.5958
1341848019.1986 -0.2191 -1.7725 3.8579 0.0143 0.6832 0.4279 0.5916
1341848019.2311 -0.2184 -1.7779 3.8632 0.0125 0.6861 0.4295 0.5871
1341848019.2627 -0.2225 -1.7849 3.8715 0.0118 0.6895 0.4291 0.5834
1341848019.2987 -0.2297 -1.7907 3.8806 0.0109 0.6921 0.4307 0.5791
1341848019.3307 -0.2271 -1.7959 3.8870 0.0093 0.6943 0.4333 0.5745
1341848019.3627 -0.2337 -1.8037 3.8957 0.0093 0.6978 0.4329 0.5706
1341848019.3987 -0.2394 -1.8092 3.9057 0.0078 0.7008 0.4343 0.5659
1341848019.4310 -0.2380 -1.8153 3.9148 0.0067 0.7033 0.4355 0.5618
1341848019.4670 -0.2441 -1.8226 3.9230 0.0062 0.7067 0.4344 0.5584
1341848019.4988 -0.2455 -1.8298 3.9343 0.0058 0.7106 0.4346 0.5534
1341848019.5308 -0.2509 -1.8396 3.9440 0.0094 0.7128 0.4360 0.5493
1341848019.5671 -0.2558 -1.8450 3.9562 0.0118 0.7146 0.4381 0.5453
1341848019.5987 -0.2552 -1.8533 3.9665 0.0120 0.7160 0.4395 0.5423
1341848019.6307 -0.2620 -1.8601 3.9778 0.0125 0.7187 0.4388 0.5393
1341848019.6669 -0.2650 -1.8698 3.9927 0.0125 0.7201 0.4409 0.5356
1341848019.6987 -0.2641 -1.8722 4.0010 0.0133 0.7199 0.4431 0.5340
1341848019.7348 -0.2660 -1.8764 4.0083 0.0121 0.7218 0.4434 0.5313
1341848019.7667 -0.2666 -1.8844 4.0179 0.0102 0.7244 0.4434 0.5277
1341848019.7987 -0.2693 -1.8908 4.0265 0.0109 0.7258 0.4445 0.5250
1341848019.8347 -0.2708 -1.8957 4.0316 0.0119 0.7269 0.4461 0.5220
1341848019.8988 -0.2733 -1.9072 4.0457 0.0134 0.7318 0.4478 0.5136
1341848019.9348 -0.2748 -1.9111 4.0540 0.0157 0.7337 0.4506 0.5082
1341848019.9667 -0.2735 -1.9139 4.0584 0.0172 0.7352 0.4537 0.5033
1341848020.0028 -0.2718 -1.9160 4.0633 0.0170 0.7381 0.4546 0.4982
1341848020.0347 -0.2737 -1.9209 4.0697 0.0163 0.7416 0.4549 0.4927
1341848020.0667 -0.2720 -1.9288 4.0769 0.0171 0.7434 0.4578 0.4872
1341848020.1028 -0.2712 -1.9318 4.0826 0.0188 0.7450 0.4597 0.4831
1341848020.1348 -0.2705 -1.9324 4.0871 0.0174 0.7477 0.4598 0.4788
1341848020.1708 -0.2681 -1.9392 4.0926 0.0155 0.7509 0.4598 0.4738
1341848020.2027 -0.2697 -1.9447 4.0996 0.0155 0.7533 0.4602 0.4696
1341848020.2349 -0.2667 -1.9475 4.1052 0.0149 0.7557 0.4615 0.4643
1341848020.2712 -0.2616 -1.9510 4.1088 0.0144 0.7586 0.4620 0.4592
1341848020.3028 -0.2622 -1.9589 4.1153 0.0149 0.7615 0.4621 0.4543
1341848020.3349 -0.2599 -1.9639 4.1211 0.0155 0.7638 0.4633 0.4491
1341848020.3708 -0.2539 -1.9650 4.1249 0.0165 0.7664 0.4643 0.4436
1341848020.4388 -0.2464 -1.9732 4.1366 0.0176 0.7731 0.4637 0.4325
1341848020.4712 -0.2399 -1.9769 4.1402 0.0178 0.7771 0.4623 0.4266
1341848020.5027 -0.2400 -1.9862 4.1500 0.0200 0.7814 0.4610 0.4201
1341848020.5387 -0.2377 -1.9921 4.1587 0.0226 0.7839 0.4630 0.4131
1341848020.5708 -0.2329 -1.9958 4.1642 0.0251 0.7856 0.4648 0.4076
1341848020.6028 -0.2325 -2.0033 4.1728 0.0270 0.7874 0.4669 0.4016
1341848020.6389 -0.2283 -2.0093 4.1822 0.0281 0.7881 0.4712 0.3950
1341848020.6708 -0.2194 -2.0093 4.1859 0.0295 0.7887 0.4737 0.3907
1341848020.7067 -0.2224 -2.0140 4.1934 0.0286 0.7905 0.4730 0.3879
1341848020.7390 -0.2139 -2.0194 4.2012 0.0266 0.7917 0.4761 0.3820
1341848020.7708 -0.2064 -2.0237 4.2068 0.0285 0.7916 0.4789 0.3784
1341848020.8072 -0.2045 -2.0267 4.2120 0.0298 0.7918 0.4805 0.3759
1341848020.8391 -0.1969 -2.0292 4.2153 0.0280 0.7925 0.4821 0.3725
1341848020.8710 -0.1926 -2.0337 4.2179 0.0279 0.7933 0.4819 0.3710
1341848020.9066 -0.1907 -2.0451 4.2271 0.0294 0.7942 0.4834 0.3669
1341848020.9388 -0.1821 -2.0444 4.2299 0.0296 0.7946 0.4851 0.3640
1341848020.9749 -0.1785 -2.0465 4.2315 0.0294 0.7959 0.4842 0.3622
1341848021.0066 -0.1756 -2.0560 4.2391 0.0289 0.7977 0.4841 0.3586
1341848021.0396 -0.1692 -2.0600 4.2443 0.0293 0.7983 0.4861 0.3543
1341848021.0748 -0.1614 -2.0630 4.2480 0.0303 0.7990 0.4877 0.3505
1341848021.1067 -0.1582 -2.0632 4.2519 0.0295 0.8003 0.4873 0.3481
1341848021.1428 -0.1512 -2.0679 4.2577 0.0276 0.8022 0.4879 0.3431
1341848021.1750 -0.1441 -2.0731 4.2627 0.0277 0.8034 0.4887 0.3391
1341848021.2067 -0.1390 -2.0760 4.2700 0.0283 0.8047 0.4895 0.3347
1341848021.2427 -0.1305 -2.0740 4.2696 0.0270 0.8066 0.4893 0.3307
1341848021.2749 -0.1247 -2.0824 4.2783 0.0260 0.8098 0.4882 0.3245
1341848021.3073 -0.1175 -2.0867 4.2833 0.0273 0.8118 0.4881 0.3195
1341848021.3434 -0.1087 -2.0873 4.2855 0.0282 0.8147 0.4869 0.3137
1341848021.3848 -0.1008 -2.0930 4.2887 0.0289 0.8189 0.4842 0.3067
1341848021.4143 -0.0955 -2.1047 4.2983 0.0307 0.8228 0.4825 0.2989
1341848021.4557 -0.0846 -2.1111 4.2985 0.0349 0.8246 0.4838 0.2911
1341848021.4879 -0.0801 -2.1155 4.3085 0.0378 0.8286 0.4809 0.2841
1341848021.5147 -0.0736 -2.1235 4.3165 0.0403 0.8308 0.4807 0.2776
1341848021.5508 -0.0664 -2.1306 4.3247 0.0429 0.8321 0.4815 0.2720
1341848021.6178 -0.0495 -2.1368 4.3362 0.0377 0.8355 0.4797 0.2654
1341848021.6788 -0.0320 -2.1446 4.3474 0.0304 0.8388 0.4783 0.2582
1341848021.7107 -0.0249 -2.1535 4.3564 0.0307 0.8399 0.4785 0.2544
1341848021.7428 -0.0165 -2.1535 4.3603 0.0311 0.8400 0.4803 0.2504
1341848021.7787 -0.0076 -2.1557 4.3629 0.0311 0.8407 0.4812 0.2464
1341848021.8109 -0.0005 -2.1591 4.3690 0.0301 0.8414 0.4822 0.2421
1341848021.8446 0.0099 -2.1589 4.3687 0.0273 0.8419 0.4838 0.2374
1341848021.8789 0.0197 -2.1636 4.3723 0.0261 0.8432 0.4838 0.2330
1341848021.9106 0.0293 -2.1643 4.3751 0.0251 0.8443 0.4833 0.2301
1341848021.9467 0.0403 -2.1641 4.3751 0.0241 0.8456 0.4827 0.2266
1341848021.9787 0.0500 -2.1689 4.3779 0.0235 0.8475 0.4812 0.2229
1341848022.0108 0.0596 -2.1721 4.3820 0.0222 0.8492 0.4797 0.2196
1341848022.0467 0.0686 -2.1742 4.3824 0.0219 0.8503 0.4795 0.2159
1341848022.0787 0.0795 -2.1766 4.3845 0.0219 0.8516 0.4792 0.2112
1341848022.1110 0.0894 -2.1765 4.3848 0.0201 0.8530 0.4787 0.2071
1341848022.1467 0.1022 -2.1785 4.3839 0.0194 0.8543 0.4785 0.2021
1341848022.1790 0.1137 -2.1796 4.3834 0.0184 0.8560 0.4773 0.1978
1341848022.2148 0.1249 -2.1801 4.3808 0.0179 0.8575 0.4766 0.1931
1341848022.2468 0.1360 -2.1809 4.3776 0.0177 0.8598 0.4748 0.1871
1341848022.2788 0.1427 -2.1865 4.3814 0.0218 0.8615 0.4741 0.1806
1341848022.3148 0.1561 -2.1854 4.3778 0.0264 0.8619 0.4757 0.1735
1341848022.3541 0.1662 -2.1853 4.3727 0.0276 0.8636 0.4746 0.1679
1341848022.3872 0.1732 -2.1910 4.3751 0.0286 0.8657 0.4731 0.1612
1341848022.4178 0.1880 -2.1914 4.3684 0.0310 0.8663 0.4740 0.1545
1341848022.4542 0.1954 -2.1937 4.3651 0.0320 0.8682 0.4716 0.1509
1341848022.4856 0.2007 -2.1985 4.3652 0.0321 0.8701 0.4697 0.1460
1341848022.5217 0.2131 -2.2027 4.3618 0.0335 0.8708 0.4700 0.1400
1341848022.5542 0.2226 -2.2052 4.3578 0.0362 0.8718 0.4692 0.1359
1341848022.5861 0.2254 -2.2126 4.3558 0.0361 0.8728 0.4685 0.1325
1341848022.6218 0.2384 -2.2111 4.3512 0.0342 0.8740 0.4680 0.1261
1341848022.6542 0.2481 -2.2144 4.3470 0.0356 0.8754 0.4664 0.1219
1341848022.6903 0.2506 -2.2205 4.3490 0.0378 0.8760 0.4663 0.1170
1341848022.7217 0.2587 -2.2190 4.3464 0.0370 0.8757 0.4688 0.1096
1341848022.7830 0.2766 -2.2210 4.3442 0.0375 0.8763 0.4701 0.0983
1341848022.8148 0.2819 -2.2200 4.3408 0.0347 0.8748 0.4747 0.0907
1341848022.8508 0.2997 -2.2183 4.3330 0.0327 0.8745 0.4768 0.0828
1341848022.8827 0.3012 -2.2194 4.3384 0.0319 0.8743 0.4780 0.0781
1341848022.9188 0.3065 -2.2135 4.3366 0.0254 0.8702 0.4873 0.0678
1341848022.9508 0.3266 -2.2042 4.3103 0.0187 0.8686 0.4916 0.0593
1341848022.9827 0.3273 -2.2133 4.3172 0.0127 0.8727 0.4851 0.0536
1341848023.0188 0.3328 -2.2178 4.3212 0.0087 0.8713 0.4889 0.0425
1341848023.0508 0.3499 -2.2166 4.3107 0.0106 0.8687 0.4942 0.0311
1341848023.0827 0.3579 -2.2167 4.3074 0.0152 0.8689 0.4941 0.0247
1341848023.1188 0.3639 -2.2164 4.3077 0.0157 0.8684 0.4954 0.0164
1341848023.1510 0.3771 -2.2138 4.2999 0.0149 0.8675 0.4971 0.0064
1341848023.1867 0.3854 -2.2165 4.3052 0.0161 0.8684 0.4956 -0.0008
1341848023.2187 0.3913 -2.2177 4.3083 0.0182 0.8657 0.5001 -0.0082
1341848023.2868 0.4108 -2.2098 4.3039 0.0166 0.8606 0.5087 -0.0207
1341848023.3188 0.4169 -2.2088 4.3022 0.0106 0.8585 0.5121 -0.0247
1341848023.3548 0.4306 -2.2050 4.2997 0.0054 0.8566 0.5149 -0.0324
1341848023.3869 0.4432 -2.2009 4.2981 0.0032 0.8553 0.5167 -0.0374
1341848023.4187 0.4498 -2.1993 4.2987 0.0034 0.8539 0.5188 -0.0415
1341848023.4547 0.4581 -2.1945 4.2967 0.0046 0.8518 0.5217 -0.0474
1341848023.4871 0.4683 -2.1891 4.2920 0.0053 0.8506 0.5231 -0.0523
1341848023.5187 0.4729 -2.1873 4.2885 0.0044 0.8498 0.5241 -0.0558
1341848023.5551 0.4792 -2.1837 4.2853 0.0017 0.8497 0.5238 -0.0609
1341848023.5868 0.4906 -2.1798 4.2790 0.0007 0.8497 0.5232 -0.0655
1341848023.6228 0.4963 -2.1781 4.2767 0.0025 0.8502 0.5218 -0.0697
1341848023.6872 0.5109 -2.1736 4.2647 0.0015 0.8501 0.5204 -0.0806
1341848023.7227 0.5190 -2.1700 4.2603 0.0032 0.8507 0.5186 -0.0859
1341848023.7547 0.5233 -2.1690 4.2578 0.0043 0.8504 0.5184 -0.0894
1341848023.7869 0.5287 -2.1626 4.2482 0.0027 0.8497 0.5188 -0.0941
1341848023.8228 0.5367 -2.1606 4.2434 0.0008 0.8502 0.5170 -0.0996
1341848023.8548 0.5424 -2.1560 4.2367 0.0007 0.8494 0.5175 -0.1036
1341848023.8907 0.5486 -2.1512 4.2271 0.0003 0.8487 0.5176 -0.1085
1341848023.9228 0.5552 -2.1449 4.2164 -0.0007 0.8487 0.5165 -0.1137
1341848023.9548 0.5596 -2.1430 4.2086 -0.0007 0.8491 0.5147 -0.1191
1341848023.9907 0.5651 -2.1428 4.2035 0.0030 0.8481 0.5146 -0.1261
1341848024.0227 0.5723 -2.1370 4.1944 0.0073 0.8462 0.5160 -0.1328
1341848024.0547 0.5780 -2.1318 4.1840 0.0102 0.8456 0.5159 -0.1369
1341848024.1228 0.5867 -2.1283 4.1718 0.0161 0.8440 0.5157 -0.1467
1341848024.1588 0.5945 -2.1203 4.1611 0.0184 0.8427 0.5161 -0.1518
1341848024.1909 0.5951 -2.1203 4.1548 0.0204 0.8430 0.5151 -0.1537
1341848024.2228 0.5981 -2.1187 4.1518 0.0204 0.8415 0.5161 -0.1585
1341848024.2588 0.6047 -2.1095 4.1405 0.0204 0.8392 0.5178 -0.1649
1341848024.2908 0.6092 -2.1063 4.1370 0.0221 0.8389 0.5171 -0.1683
1341848024.3227 0.6103 -2.1037 4.1312 0.0214 0.8366 0.5200 -0.1712
1341848024.3587 0.6150 -2.0974 4.1219 0.0190 0.8347 0.5215 -0.1761
1341848024.3909 0.6179 -2.0940 4.1164 0.0175 0.8343 0.5210 -0.1795
1341848024.4268 0.6241 -2.0902 4.1123 0.0169 0.8330 0.5214 -0.1843
1341848024.4588 0.6280 -2.0861 4.1052 0.0169 0.8313 0.5229 -0.1878
1341848024.4910 0.6312 -2.0842 4.1018 0.0166 0.8301 0.5234 -0.1917
1341848024.5268 0.6380 -2.0793 4.0972 0.0147 0.8280 0.5251 -0.1962
1341848024.5586 0.6443 -2.0727 4.0907 0.0137 0.8266 0.5260 -0.1995
1341848024.5947 0.6478 -2.0717 4.0886 0.0139 0.8257 0.5264 -0.2021
1341848024.6267 0.6533 -2.0678 4.0838 0.0125 0.8233 0.5286 -0.2064
1341848024.6587 0.6614 -2.0599 4.0775 0.0112 0.8218 0.5289 -0.2114
1341848024.6948 0.6674 -2.0573 4.0769 0.0123 0.8210 0.5285 -0.2154
1341848024.7271 0.6749 -2.0515 4.0721 0.0128 0.8183 0.5309 -0.2199
1341848024.7589 0.6819 -2.0456 4.0639 0.0125 0.8167 0.5317 -0.2240
1341848024.7947 0.6887 -2.0459 4.0629 0.0120 0.8164 0.5305 -0.2277
1341848024.8267 0.6987 -2.0384 4.0585 0.0112 0.8151 0.5304 -0.2327
1341848024.8628 0.7086 -2.0338 4.0535 0.0134 0.8148 0.5290 -0.2370
1341848024.8948 0.7172 -2.0334 4.0523 0.0165 0.8145 0.5277 -0.2405
1341848024.9268 0.7266 -2.0296 4.0478 0.0183 0.8135 0.5271 -0.2451
1341848024.9627 0.7370 -2.0272 4.0459 0.0206 0.8136 0.5252 -0.2485
1341848024.9947 0.7464 -2.0287 4.0475 0.0234 0.8127 0.5251 -0.2516
1341848025.0269 0.7550 -2.0247 4.0421 0.0249 0.8100 0.5272 -0.2554
1341848025.0626 0.7636 -2.0229 4.0395 0.0242 0.8098 0.5265 -0.2578
1341848025.1311 0.7840 -2.0153 4.0346 0.0216 0.8066 0.5273 -0.2662
1341848025.1631 0.7936 -2.0123 4.0324 0.0238 0.8064 0.5257 -0.2696
1341848025.1949 0.8015 -2.0136 4.0321 0.0258 0.8050 0.5264 -0.2725
1341848025.2306 0.8103 -2.0088 4.0266 0.0264 0.8029 0.5270 -0.2772
1341848025.2627 0.8182 -2.0055 4.0242 0.0278 0.8031 0.5253 -0.2798
1341848025.2947 0.8273 -2.0057 4.0229 0.0285 0.8024 0.5253 -0.2819
1341848025.3307 0.8330 -2.0048 4.0180 0.0274 0.8009 0.5265 -0.2839
1341848025.3630 0.8421 -2.0011 4.0147 0.0263 0.8008 0.5253 -0.2865
1341848025.3988 0.8495 -2.0022 4.0133 0.0279 0.8000 0.5254 -0.2884
1341848025.4307 0.8559 -2.0022 4.0069 0.0280 0.7978 0.5274 -0.2907
1341848025.4628 0.8613 -2.0013 4.0032 0.0259 0.7972 0.5272 -0.2930
1341848025.4987 0.8687 -2.0003 4.0010 0.0239 0.7967 0.5268 -0.2952
1341848025.5308 0.8754 -1.9962 3.9965 0.0240 0.7953 0.5272 -0.2983
1341848025.5668 0.8807 -1.9940 3.9927 0.0238 0.7943 0.5273 -0.3008
1341848025.5987 0.8866 -1.9915 3.9901 0.0222 0.7936 0.5272 -0.3031
1341848025.6307 0.8930 -1.9882 3.9872 0.0220 0.7926 0.5271 -0.3057
1341848025.6667 0.8973 -1.9864 3.9844 0.0230 0.7916 0.5274 -0.3079
1341848025.6988 0.9023 -1.9865 3.9827 0.0224 0.7901 0.5280 -0.3107
1341848025.7307 0.9074 -1.9809 3.9771 0.0204 0.7883 0.5292 -0.3134
1341848025.7667 0.9129 -1.9770 3.9726 0.0192 0.7879 0.5283 -0.3158
1341848025.7989 0.9181 -1.9760 3.9713 0.0202 0.7875 0.5271 -0.3186
1341848025.8348 0.9231 -1.9714 3.9668 0.0216 0.7863 0.5270 -0.3216
1341848025.8667 0.9286 -1.9684 3.9627 0.0233 0.7862 0.5256 -0.3243
1341848025.8987 0.9340 -1.9668 3.9611 0.0254 0.7856 0.5247 -0.3270
1341848025.9348 0.9386 -1.9635 3.9557 0.0267 0.7840 0.5251 -0.3300
1341848025.9671 0.9445 -1.9608 3.9530 0.0275 0.7836 0.5239 -0.3327
1341848025.9987 0.9499 -1.9575 3.9514 0.0289 0.7823 0.5240 -0.3356
1341848026.0346 0.9548 -1.9520 3.9445 0.0303 0.7804 0.5244 -0.3392
1341848026.0669 0.9606 -1.9496 3.9410 0.0312 0.7802 0.5227 -0.3422
1341848026.1028 0.9677 -1.9462 3.9397 0.0325 0.7788 0.5220 -0.3462
1341848026.1347 0.9736 -1.9410 3.9322 0.0354 0.7765 0.5225 -0.3503
1341848026.1667 0.9803 -1.9388 3.9305 0.0389 0.7764 0.5206 -0.3531
1341848026.2028 0.9859 -1.9362 3.9288 0.0405 0.7743 0.5213 -0.3564
1341848026.2349 0.9926 -1.9317 3.9220 0.0418 0.7716 0.5222 -0.3607
1341848026.2670 0.9991 -1.9283 3.9223 0.0458 0.7709 0.5208 -0.3637
1341848026.3029 1.0039 -1.9242 3.9177 0.0486 0.7678 0.5230 -0.3669
1341848026.3348 1.0079 -1.9214 3.9118 0.0490 0.7661 0.5234 -0.3698
1341848026.3710 1.0137 -1.9193 3.9098 0.0492 0.7658 0.5221 -0.3723
1341848026.4027 1.0194 -1.9152 3.9061 0.0507 0.7647 0.5215 -0.3751
1341848026.4347 1.0242 -1.9123 3.9016 0.0529 0.7639 0.5200 -0.3784
1341848026.4708 1.0285 -1.9114 3.8993 0.0538 0.7640 0.5184 -0.3804
1341848026.5027 1.0336 -1.9083 3.8956 0.0539 0.7631 0.5172 -0.3837
1341848026.5347 1.0396 -1.9056 3.8904 0.0532 0.7624 0.5159 -0.3870
1341848026.5708 1.0451 -1.9026 3.8867 0.0521 0.7627 0.5145 -0.3883
1341848026.6027 1.0512 -1.9013 3.8847 0.0500 0.7628 0.5139 -0.3893
1341848026.6420 1.0570 -1.8974 3.8805 0.0497 0.7619 0.5135 -0.3916
1341848026.7028 1.0700 -1.8917 3.8719 0.0487 0.7620 0.5117 -0.3940
1341848026.7388 1.0777 -1.8900 3.8693 0.0476 0.7620 0.5112 -0.3948
1341848026.7708 1.0863 -1.8871 3.8656 0.0477 0.7612 0.5117 -0.3955
1341848026.8067 1.0944 -1.8837 3.8627 0.0480 0.7606 0.5123 -0.3959
1341848026.8387 1.1017 -1.8813 3.8594 0.0473 0.7602 0.5134 -0.3952
1341848026.8780 1.1104 -1.8786 3.8571 0.0462 0.7596 0.5142 -0.3954
1341848026.9389 1.1303 -1.8731 3.8500 0.0447 0.7589 0.5159 -0.3948
1341848026.9707 1.1415 -1.8716 3.8484 0.0444 0.7590 0.5164 -0.3940
1341848027.0068 1.1506 -1.8693 3.8460 0.0438 0.7585 0.5174 -0.3937
1341848027.0387 1.1620 -1.8669 3.8429 0.0442 0.7583 0.5166 -0.3951
1341848027.0748 1.1742 -1.8669 3.8439 0.0450 0.7585 0.5161 -0.3953
1341848027.1067 1.1825 -1.8647 3.8405 0.0462 0.7570 0.5167 -0.3973
1341848027.1387 1.1931 -1.8643 3.8364 0.0462 0.7574 0.5146 -0.3991
1341848027.1748 1.2056 -1.8648 3.8368 0.0453 0.7583 0.5129 -0.3999
1341848027.2072 1.2157 -1.8640 3.8360 0.0458 0.7579 0.5117 -0.4020
1341848027.2387 1.2269 -1.8639 3.8335 0.0461 0.7574 0.5104 -0.4046
1341848027.2747 1.2387 -1.8639 3.8329 0.0459 0.7577 0.5092 -0.4055
1341848027.3067 1.2493 -1.8638 3.8316 0.0460 0.7576 0.5080 -0.4073
1341848027.3428 1.2607 -1.8634 3.8289 0.0464 0.7577 0.5066 -0.4088
1341848027.3749 1.2713 -1.8633 3.8263 0.0470 0.7588 0.5045 -0.4092
1341848027.4068 1.2830 -1.8644 3.8260 0.0468 0.7605 0.5025 -0.4086
1341848027.4430 1.2933 -1.8633 3.8219 0.0466 0.7618 0.5008 -0.4082
1341848027.4748 1.3041 -1.8638 3.8216 0.0460 0.7646 0.4980 -0.4064
1341848027.5067 1.3164 -1.8642 3.8192 0.0453 0.7666 0.4964 -0.4047
1341848027.5433 1.3257 -1.8634 3.8168 0.0455 0.7688 0.4948 -0.4025
1341848027.5747 1.3357 -1.8639 3.8155 0.0446 0.7711 0.4933 -0.4000
1341848027.6107 1.3453 -1.8634 3.8132 0.0435 0.7723 0.4927 -0.3986
1341848027.6427 1.3532 -1.8624 3.8098 0.0435 0.7733 0.4922 -0.3974
1341848027.6747 1.3616 -1.8621 3.8093 0.0431 0.7745 0.4920 -0.3952
1341848027.7110 1.3688 -1.8606 3.8060 0.0434 0.7744 0.4925 -0.3948
1341848027.7428 1.3758 -1.8582 3.8016 0.0434 0.7748 0.4928 -0.3937
1341848027.7788 1.3825 -1.8562 3.7974 0.0423 0.7758 0.4929 -0.3916
1341848027.8107 1.3907 -1.8546 3.7948 0.0410 0.7767 0.4930 -0.3900
1341848027.8428 1.3981 -1.8520 3.7907 0.0405 0.7766 0.4944 -0.3884
1341848027.8787 1.4035 -1.8478 3.7853 0.0399 0.7769 0.4957 -0.3861
1341848027.9111 1.4107 -1.8461 3.7815 0.0383 0.7778 0.4962 -0.3838
1341848027.9427 1.4168 -1.8429 3.7772 0.0368 0.7777 0.4980 -0.3819
1341848027.9788 1.4220 -1.8384 3.7687 0.0353 0.7781 0.4988 -0.3801
1341848028.0110 1.4275 -1.8363 3.7667 0.0338 0.7802 0.4977 -0.3775
1341848028.0467 1.4336 -1.8336 3.7611 0.0327 0.7805 0.4978 -0.3768
1341848028.0790 1.4399 -1.8303 3.7531 0.0333 0.7815 0.4966 -0.3763
1341848028.1110 1.4444 -1.8288 3.7504 0.0346 0.7835 0.4950 -0.3741
1341848028.1506 1.4468 -1.8260 3.7438 0.0355 0.7837 0.4946 -0.3741
1341848028.1860 1.4518 -1.8231 3.7340 0.0352 0.7845 0.4928 -0.3748
1341848028.2542 1.4619 -1.8174 3.7244 0.0364 0.7854 0.4905 -0.3759
1341848028.3149 1.4683 -1.8111 3.7138 0.0370 0.7868 0.4873 -0.3770
1341848028.3790 1.4782 -1.8042 3.6990 0.0378 0.7861 0.4854 -0.3808
1341848028.4146 1.4817 -1.7990 3.6929 0.0382 0.7866 0.4838 -0.3817
1341848028.4476 1.4874 -1.7973 3.6847 0.0382 0.7862 0.4827 -0.3839
1341848028.4828 1.4943 -1.7936 3.6784 0.0387 0.7866 0.4808 -0.3855
1341848028.5147 1.5015 -1.7911 3.6741 0.0419 0.7866 0.4797 -0.3864
1341848028.5466 1.5064 -1.7877 3.6637 0.0429 0.7856 0.4810 -0.3867
1341848028.5827 1.5133 -1.7848 3.6576 0.0422 0.7862 0.4802 -0.3868
1341848028.6146 1.5221 -1.7822 3.6524 0.0428 0.7860 0.4805 -0.3867
1341848028.6538 1.5285 -1.7772 3.6423 0.0434 0.7853 0.4815 -0.3867
1341848028.7218 1.5428 -1.7710 3.6290 0.0438 0.7855 0.4810 -0.3868
1341848028.7829 1.5553 -1.7628 3.6130 0.0454 0.7856 0.4802 -0.3875
1341848028.8148 1.5612 -1.7600 3.6066 0.0451 0.7858 0.4801 -0.3872
1341848028.8508 1.5676 -1.7564 3.5991 0.0452 0.7862 0.4796 -0.3871
1341848028.8827 1.5746 -1.7535 3.5963 0.0464 0.7869 0.4790 -0.3862
1341848028.9148 1.5810 -1.7503 3.5889 0.0481 0.7860 0.4804 -0.3862
1341848028.9509 1.5870 -1.7471 3.5812 0.0495 0.7850 0.4817 -0.3863
1341848028.9827 1.5922 -1.7437 3.5724 0.0494 0.7842 0.4833 -0.3861
1341848029.0187 1.5974 -1.7407 3.5652 0.0475 0.7839 0.4841 -0.3858
1341848029.0829 1.6084 -1.7351 3.5565 0.0446 0.7841 0.4834 -0.3867
1341848029.1188 1.6140 -1.7321 3.5498 0.0454 0.7833 0.4839 -0.3876
1341848029.1507 1.6188 -1.7282 3.5442 0.0448 0.7821 0.4854 -0.3882
1341848029.1827 1.6229 -1.7242 3.5400 0.0438 0.7809 0.4866 -0.3892
1341848029.2187 1.6294 -1.7221 3.5339 0.0429 0.7796 0.4880 -0.3901
1341848029.2506 1.6344 -1.7181 3.5302 0.0413 0.7792 0.4888 -0.3902
1341848029.2870 1.6404 -1.7151 3.5259 0.0385 0.7784 0.4893 -0.3914
1341848029.3202 1.6471 -1.7117 3.5212 0.0371 0.7768 0.4898 -0.3940
1341848029.3510 1.6534 -1.7093 3.5139 0.0385 0.7760 0.4893 -0.3961
1341848029.3869 1.6608 -1.7076 3.5115 0.0382 0.7762 0.4883 -0.3970
1341848029.4188 1.6676 -1.7050 3.5073 0.0373 0.7748 0.4886 -0.3995
1341848029.4508 1.6749 -1.7018 3.5022 0.0373 0.7742 0.4873 -0.4022
1341848029.4868 1.6822 -1.7002 3.4997 0.0368 0.7739 0.4865 -0.4038
1341848029.5189 1.6902 -1.6971 3.4953 0.0351 0.7729 0.4856 -0.4070
1341848029.5547 1.6981 -1.6951 3.4908 0.0355 0.7723 0.4838 -0.4101
1341848029.5870 1.7084 -1.6947 3.4889 0.0368 0.7727 0.4815 -0.4121
1341848029.6187 1.7176 -1.6927 3.4859 0.0380 0.7715 0.4802 -0.4157
1341848029.6553 1.7263 -1.6913 3.4789 0.0390 0.7696 0.4795 -0.4199
1341848029.6868 1.7359 -1.6901 3.4776 0.0389 0.7696 0.4776 -0.4221
1341848029.7188 1.7464 -1.6891 3.4761 0.0390 0.7677 0.4773 -0.4258
1341848029.7548 1.7530 -1.6853 3.4724 0.0395 0.7662 0.4768 -0.4289
1341848029.7869 1.7644 -1.6854 3.4686 0.0399 0.7655 0.4752 -0.4319
1341848029.8228 1.7736 -1.6838 3.4663 0.0404 0.7638 0.4751 -0.4351
1341848029.8548 1.7817 -1.6810 3.4630 0.0405 0.7622 0.4746 -0.4384
1341848029.8880 1.7906 -1.6794 3.4613 0.0418 0.7611 0.4734 -0.4414
1341848029.9228 1.8010 -1.6787 3.4583 0.0426 0.7594 0.4732 -0.4444
1341848029.9546 1.8075 -1.6746 3.4561 0.0430 0.7578 0.4731 -0.4473
1341848029.9908 1.8154 -1.6727 3.4536 0.0432 0.7565 0.4724 -0.4502
1341848030.0229 1.8247 -1.6709 3.4523 0.0434 0.7550 0.4724 -0.4526
1341848030.0548 1.8324 -1.6678 3.4478 0.0434 0.7532 0.4727 -0.4554
1341848030.0908 1.8393 -1.6655 3.4447 0.0433 0.7519 0.4723 -0.4579
1341848030.1228 1.8469 -1.6635 3.4433 0.0425 0.7508 0.4720 -0.4601
1341848030.1549 1.8515 -1.6603 3.4417 0.0429 0.7494 0.4720 -0.4623
1341848030.1907 1.8568 -1.6580 3.4393 0.0429 0.7481 0.4718 -0.4646
1341848030.2227 1.8622 -1.6557 3.4348 0.0421 0.7459 0.4722 -0.4679
1341848030.2589 1.8679 -1.6534 3.4347 0.0408 0.7443 0.4720 -0.4707
1341848030.2909 1.8728 -1.6503 3.4304 0.0412 0.7418 0.4724 -0.4742
1341848030.3228 1.8786 -1.6479 3.4274 0.0408 0.7401 0.4727 -0.4767
1341848030.3589 1.8850 -1.6447 3.4237 0.0405 0.7370 0.4734 -0.4807
1341848030.3908 1.8887 -1.6422 3.4177 0.0403 0.7347 0.4736 -0.4840
1341848030.4228 1.8957 -1.6394 3.4165 0.0400 0.7329 0.4735 -0.4868
1341848030.4589 1.8987 -1.6353 3.4104 0.0405 0.7308 0.4735 -0.4900
1341848030.4908 1.9057 -1.6324 3.4081 0.0396 0.7296 0.4736 -0.4918
1341848030.5267 1.9087 -1.6267 3.4041 0.0396 0.7278 0.4736 -0.4944
1341848030.5658 1.9131 -1.6229 3.3997 0.0396 0.7264 0.4725 -0.4975
1341848030.6270 1.9224 -1.6155 3.3915 0.0409 0.7231 0.4705 -0.5040
1341848030.6589 1.9249 -1.6110 3.3874 0.0423 0.7224 0.4687 -0.5066
1341848030.6907 1.9312 -1.6082 3.3807 0.0438 0.7217 0.4663 -0.5097
1341848030.7268 1.9366 -1.6045 3.3755 0.0442 0.7204 0.4648 -0.5128
1341848030.7588 1.9405 -1.6005 3.3683 0.0445 0.7187 0.4628 -0.5170
1341848030.7947 1.9465 -1.5979 3.3632 0.0441 0.7177 0.4603 -0.5207
1341848030.8275 1.9525 -1.5942 3.3561 0.0441 0.7164 0.4578 -0.5246
1341848030.8598 1.9611 -1.5927 3.3503 0.0460 0.7154 0.4543 -0.5288
1341848030.8947 1.9680 -1.5896 3.3446 0.0504 0.7136 0.4513 -0.5334
1341848030.9267 1.9717 -1.5853 3.3375 0.0538 0.7127 0.4484 -0.5367
1341848030.9587 1.9770 -1.5836 3.3288 0.0537 0.7121 0.4458 -0.5397
1341848030.9947 1.9851 -1.5818 3.3232 0.0533 0.7110 0.4422 -0.5442
1341848031.0267 1.9922 -1.5783 3.3159 0.0555 0.7106 0.4391 -0.5470
1341848031.0628 1.9998 -1.5756 3.3075 0.0586 0.7108 0.4355 -0.5493
1341848031.0948 2.0071 -1.5738 3.3014 0.0611 0.7098 0.4331 -0.5521
1341848031.1268 2.0124 -1.5707 3.2929 0.0630 0.7094 0.4316 -0.5536
1341848031.1629 2.0200 -1.5678 3.2868 0.0647 0.7103 0.4294 -0.5539
1341848031.1947 2.0267 -1.5663 3.2797 0.0662 0.7096 0.4288 -0.5551
1341848031.2310 2.0312 -1.5623 3.2743 0.0673 0.7091 0.4284 -0.5560
1341848031.2627 2.0384 -1.5607 3.2673 0.0689 0.7089 0.4278 -0.5566
1341848031.2947 2.0443 -1.5583 3.2615 0.0718 0.7076 0.4283 -0.5574
1341848031.3308 2.0458 -1.5537 3.2533 0.0735 0.7064 0.4285 -0.5585
1341848031.3630 2.0497 -1.5523 3.2482 0.0727 0.7064 0.4278 -0.5593
1341848031.3948 2.0550 -1.5505 3.2434 0.0710 0.7057 0.4274 -0.5606
1341848031.4306 2.0589 -1.5477 3.2379 0.0701 0.7046 0.4267 -0.5626
1341848031.4722 2.0633 -1.5484 3.2326 0.0690 0.7039 0.4261 -0.5641
1341848031.5021 2.0683 -1.5462 3.2285 0.0669 0.7023 0.4267 -0.5659
1341848031.5629 2.0777 -1.5450 3.2217 0.0648 0.6998 0.4249 -0.5705
1341848031.5987 2.0817 -1.5434 3.2170 0.0647 0.6973 0.4247 -0.5737
1341848031.6308 2.0859 -1.5423 3.2131 0.0643 0.6960 0.4238 -0.5761
1341848031.6628 2.0915 -1.5419 3.2105 0.0633 0.6949 0.4228 -0.5782
1341848031.6988 2.0971 -1.5396 3.2079 0.0622 0.6932 0.4218 -0.5811
1341848031.7307 2.0998 -1.5375 3.2039 0.0608 0.6924 0.4198 -0.5837
1341848031.7667 2.1078 -1.5380 3.2015 0.0586 0.6919 0.4174 -0.5861
1341848031.7987 2.1154 -1.5368 3.1986 0.0582 0.6897 0.4161 -0.5897
1341848031.8308 2.1199 -1.5356 3.1964 0.0595 0.6881 0.4130 -0.5936
1341848031.8667 2.1268 -1.5354 3.1940 0.0590 0.6864 0.4107 -0.5972
1341848031.8987 2.1317 -1.5340 3.1893 0.0573 0.6843 0.4096 -0.6006
1341848031.9308 2.1389 -1.5345 3.1855 0.0578 0.6831 0.4065 -0.6040
1341848031.9667 2.1471 -1.5336 3.1818 0.0583 0.6817 0.4052 -0.6064
1341848031.9987 2.1512 -1.5315 3.1791 0.0568 0.6797 0.4044 -0.6093
1341848032.0347 2.1592 -1.5309 3.1751 0.0546 0.6787 0.4030 -0.6115
1341848032.0667 2.1691 -1.5296 3.1713 0.0545 0.6772 0.4019 -0.6139
1341848032.0987 2.1759 -1.5275 3.1657 0.0553 0.6761 0.4008 -0.6158
1341848032.1347 2.1829 -1.5264 3.1627 0.0547 0.6761 0.4005 -0.6161
1341848032.1670 2.1915 -1.5240 3.1598 0.0541 0.6749 0.4002 -0.6176
1341848032.2030 2.1957 -1.5215 3.1554 0.0547 0.6744 0.3994 -0.6185
1341848032.2347 2.2061 -1.5192 3.1514 0.0544 0.6742 0.3988 -0.6192
1341848032.2667 2.2122 -1.5157 3.1496 0.0545 0.6726 0.3993 -0.6207
1341848032.3028 2.2162 -1.5134 3.1428 0.0540 0.6717 0.3990 -0.6218
1341848032.3346 2.2237 -1.5124 3.1427 0.0533 0.6718 0.3982 -0.6223
1341848032.3667 2.2284 -1.5092 3.1398 0.0533 0.6699 0.3985 -0.6242
1341848032.4030 2.2316 -1.5088 3.1347 0.0525 0.6691 0.3971 -0.6260
1341848032.4347 2.2404 -1.5077 3.1326 0.0516 0.6686 0.3953 -0.6277
1341848032.4708 2.2469 -1.5061 3.1282 0.0510 0.6680 0.3946 -0.6288
1341848032.5030 2.2504 -1.5048 3.1250 0.0514 0.6682 0.3934 -0.6294
1341848032.5347 2.2556 -1.5042 3.1233 0.0514 0.6681 0.3922 -0.6302
1341848032.5709 2.2601 -1.5024 3.1190 0.0512 0.6676 0.3913 -0.6314
1341848032.6030 2.2666 -1.4997 3.1126 0.0502 0.6687 0.3893 -0.6315
1341848032.6347 2.2710 -1.5000 3.1063 0.0492 0.6696 0.3875 -0.6317
1341848032.6708 2.2783 -1.4985 3.1016 0.0470 0.6700 0.3859 -0.6324
1341848032.7028 2.2848 -1.4982 3.0943 0.0456 0.6705 0.3848 -0.6327
1341848032.7387 2.2938 -1.4979 3.0888 0.0460 0.6711 0.3831 -0.6330
1341848032.7707 2.2988 -1.4943 3.0861 0.0462 0.6712 0.3833 -0.6328
1341848032.8029 2.3011 -1.4913 3.0764 0.0458 0.6709 0.3834 -0.6332
1341848032.8388 2.3101 -1.4893 3.0703 0.0451 0.6724 0.3824 -0.6322
1341848032.8707 2.3151 -1.4856 3.0665 0.0463 0.6722 0.3821 -0.6324
1341848032.9027 2.3179 -1.4820 3.0582 0.0472 0.6717 0.3812 -0.6334
1341848032.9388 2.3232 -1.4794 3.0553 0.0471 0.6716 0.3808 -0.6338
1341848032.9708 2.3261 -1.4746 3.0476 0.0466 0.6701 0.3820 -0.6347
1341848033.0067 2.3257 -1.4722 3.0427 0.0468 0.6694 0.3813 -0.6359
1341848033.0392 2.3276 -1.4694 3.0384 0.0468 0.6692 0.3800 -0.6369
1341848033.0708 2.3286 -1.4644 3.0305 0.0453 0.6681 0.3795 -0.6384
1341848033.1069 2.3307 -1.4599 3.0237 0.0435 0.6667 0.3778 -0.6410
1341848033.1391 2.3350 -1.4581 3.0158 0.0435 0.6659 0.3751 -0.6434
1341848033.1707 2.3400 -1.4549 3.0098 0.0459 0.6646 0.3731 -0.6457
1341848033.2069 2.3401 -1.4504 3.0048 0.0484 0.6628 0.3719 -0.6480
1341848033.2387 2.3402 -1.4472 2.9981 0.0485 0.6610 0.3709 -0.6505
1341848033.2749 2.3448 -1.4447 2.9940 0.0478 0.6598 0.3706 -0.6519
1341848033.3067 2.3464 -1.4410 2.9872 0.0487 0.6573 0.3706 -0.6544
1341848033.3388 2.3500 -1.4391 2.9811 -0.0496 -0.6556 -0.3693 0.6568
1341848033.3748 2.3531 -1.4351 2.9763 -0.0496 -0.6537 -0.3701 0.6582
1341848033.4068 2.3512 -1.4313 2.9691 -0.0495 -0.6521 -0.3705 0.6596
1341848033.4431 2.3558 -1.4285 2.9613 -0.0493 -0.6514 -0.3690 0.6612
1341848033.4747 2.3591 -1.4246 2.9565 -0.0497 -0.6502 -0.3684 0.6626
1341848033.5068 2.3593 -1.4209 2.9516 -0.0500 -0.6492 -0.3680 0.6638
1341848033.5429 2.3610 -1.4183 2.9464 -0.0503 -0.6492 -0.3667 0.6645
1341848033.5748 2.3643 -1.4163 2.9424 -0.0508 -0.6483 -0.3656 0.6660
1341848033.6069 2.3651 -1.4134 2.9370 -0.0524 -0.6463 -0.3643 0.6685
1341848033.6429 2.3668 -1.4117 2.9296 -0.0536 -0.6458 -0.3630 0.6696
1341848033.6749 2.3701 -1.4097 2.9258 -0.0537 -0.6451 -0.3622 0.6706
1341848033.7108 2.3715 -1.4074 2.9208 -0.0548 -0.6438 -0.3615 0.6722
1341848033.7428 2.3704 -1.4059 2.9129 -0.0560 -0.6436 -0.3598 0.6732
1341848033.7748 2.3757 -1.4045 2.9083 -0.0546 -0.6438 -0.3590 0.6736
1341848033.8111 2.3777 -1.4017 2.9030 -0.0544 -0.6417 -0.3584 0.6758
1341848033.8428 2.3801 -1.4010 2.8976 -0.0557 -0.6407 -0.3568 0.6776
1341848033.8749 2.3844 -1.3986 2.8942 -0.0563 -0.6401 -0.3556 0.6787
1341848033.9112 2.3837 -1.3956 2.8906 -0.0564 -0.6376 -0.3545 0.6816
1341848033.9428 2.3842 -1.3945 2.8873 -0.0540 -0.6349 -0.3528 0.6853
1341848033.9789 2.3864 -1.3943 2.8828 -0.0506 -0.6327 -0.3505 0.6887
1341848034.0108 2.3909 -1.3938 2.8793 -0.0471 -0.6300 -0.3478 0.6928
1341848034.0427 2.3952 -1.3939 2.8754 -0.0447 -0.6260 -0.3449 0.6980
1341848034.0788 2.3991 -1.3938 2.8718 -0.0457 -0.6237 -0.3408 0.7020
1341848034.1108 2.4002 -1.3940 2.8688 -0.0458 -0.6224 -0.3373 0.7048
1341848034.1427 2.4031 -1.3942 2.8682 -0.0433 -0.6184 -0.3333 0.7103
1341848034.1788 2.4094 -1.3940 2.8640 -0.0407 -0.6152 -0.3305 0.7146
1341848034.2107 2.4160 -1.3945 2.8605 -0.0406 -0.6139 -0.3275 0.7171
1341848034.2467 2.4221 -1.3937 2.8575 -0.0420 -0.6108 -0.3243 0.7211
1341848034.2787 2.4239 -1.3939 2.8526 -0.0425 -0.6081 -0.3220 0.7244
1341848034.3181 2.4304 -1.3945 2.8509 -0.0411 -0.6072 -0.3193 0.7264
1341848034.3538 2.4376 -1.3930 2.8446 -0.0415 -0.6047 -0.3164 0.7298
1341848034.3862 2.4430 -1.3920 2.8401 -0.0429 -0.6035 -0.3135 0.7319
1341848034.4218 2.4488 -1.3905 2.8360 -0.0431 -0.6025 -0.3120 0.7333
1341848034.4538 2.4549 -1.3878 2.8307 -0.0433 -0.6006 -0.3111 0.7353
1341848034.4857 2.4603 -1.3860 2.8249 -0.0432 -0.6000 -0.3102 0.7362
1341848034.5217 2.4668 -1.3827 2.8189 -0.0418 -0.6001 -0.3103 0.7361
1341848034.5537 2.4743 -1.3791 2.8147 -0.0410 -0.5994 -0.3105 0.7366
1341848034.5858 2.4826 -1.3745 2.8067 -0.0415 -0.5991 -0.3107 0.7368
1341848034.6538 2.4960 -1.3649 2.7958 -0.0439 -0.5975 -0.3131 0.7369
1341848034.7152 2.5084 -1.3573 2.7834 -0.0453 -0.5955 -0.3137 0.7382
1341848034.7467 2.5161 -1.3518 2.7809 -0.0466 -0.5961 -0.3138 0.7376
1341848034.7828 2.5200 -1.3463 2.7745 -0.0481 -0.5945 -0.3143 0.7386
1341848034.8147 2.5242 -1.3427 2.7685 -0.0485 -0.5938 -0.3141 0.7392
1341848034.8469 2.5306 -1.3380 2.7645 -0.0479 -0.5938 -0.3156 0.7386
1341848034.8827 2.5335 -1.3350 2.7585 -0.0494 -0.5920 -0.3160 0.7397
1341848034.9148 2.5376 -1.3320 2.7550 -0.0496 -0.5908 -0.3166 0.7404
1341848034.9515 2.5401 -1.3269 2.7534 -0.0491 -0.5895 -0.3173 0.7412
1341848034.9830 2.5434 -1.3241 2.7486 -0.0492 -0.5874 -0.3175 0.7427
1341848035.0149 2.5456 -1.3194 2.7451 -0.0501 -0.5857 -0.3174 0.7441
1341848035.0509 2.5472 -1.3164 2.7411 -0.0514 -0.5845 -0.3174 0.7450
1341848035.0843 2.5489 -1.3134 2.7366 -0.0509 -0.5836 -0.3174 0.7457
1341848035.1189 2.5537 -1.3090 2.7333 -0.0505 -0.5821 -0.3181 0.7466
1341848035.2189 2.5582 -1.2966 2.7182 -0.0519 -0.5790 -0.3189 0.7486
1341848035.2843 2.5599 -1.2891 2.7066 -0.0519 -0.5785 -0.3178 0.7495
1341848035.3199 2.5620 -1.2868 2.7029 -0.0522 -0.5783 -0.3161 0.7503
1341848035.3510 2.5618 -1.2839 2.6942 -0.0526 -0.5777 -0.3147 0.7513
1341848035.4227 2.5665 -1.2791 2.6844 -0.0539 -0.5780 -0.3104 0.7528
1341848035.4868 2.5691 -1.2714 2.6687 -0.0546 -0.5779 -0.3056 0.7547
1341848035.5186 2.5717 -1.2670 2.6604 -0.0562 -0.5773 -0.3038 0.7558
1341848035.5509 2.5674 -1.2634 2.6538 -0.0590 -0.5764 -0.3004 0.7576
1341848035.5867 2.5689 -1.2608 2.6470 -0.0583 -0.5765 -0.2976 0.7587
1341848035.6188 2.5723 -1.2570 2.6391 -0.0579 -0.5747 -0.2959 0.7608
1341848035.6547 2.5731 -1.2537 2.6317 -0.0600 -0.5724 -0.2931 0.7634
1341848035.6867 2.5757 -1.2509 2.6240 -0.0624 -0.5707 -0.2906 0.7655
1341848035.7188 2.5758 -1.2456 2.6185 -0.0646 -0.5670 -0.2893 0.7685
1341848035.7560 2.5724 -1.2406 2.6122 -0.0660 -0.5647 -0.2874 0.7709
1341848035.7867 2.5748 -1.2382 2.6046 -0.0658 -0.5629 -0.2866 0.7725
1341848035.8188 2.5727 -1.2340 2.5982 -0.0661 -0.5596 -0.2862 0.7750
1341848035.8547 2.5717 -1.2328 2.5923 -0.0672 -0.5580 -0.2839 0.7769
1341848035.8867 2.5741 -1.2307 2.5858 -0.0683 -0.5577 -0.2814 0.7779
1341848035.9228 2.5725 -1.2267 2.5796 -0.0699 -0.5567 -0.2790 0.7793
1341848035.9546 2.5718 -1.2247 2.5725 -0.0710 -0.5568 -0.2763 0.7801
1341848035.9867 2.5765 -1.2217 2.5634 -0.0729 -0.5571 -0.2733 0.7808
1341848036.0228 2.5783 -1.2177 2.5589 -0.0761 -0.5569 -0.2715 0.7812
1341848036.0549 2.5744 -1.2127 2.5520 -0.0781 -0.5559 -0.2702 0.7822
1341848036.0870 2.5765 -1.2103 2.5446 -0.0779 -0.5548 -0.2698 0.7832
1341848036.1227 2.5783 -1.2069 2.5375 -0.0779 -0.5525 -0.2712 0.7843
1341848036.1548 2.5735 -1.2024 2.5319 -0.0791 -0.5507 -0.2713 0.7854
1341848036.1908 2.5732 -1.2002 2.5263 -0.0790 -0.5498 -0.2706 0.7863
1341848036.2233 2.5741 -1.1962 2.5188 -0.0782 -0.5481 -0.2710 0.7874
1341848036.2547 2.5706 -1.1928 2.5136 -0.0765 -0.5472 -0.2723 0.7878
1341848036.2908 2.5717 -1.1896 2.5060 -0.0739 -0.5446 -0.2729 0.7896
1341848036.3549 2.5704 -1.1842 2.4947 -0.0736 -0.5417 -0.2736 0.7914
1341848036.3908 2.5701 -1.1814 2.4905 -0.0741 -0.5413 -0.2725 0.7920
1341848036.4588 2.5694 -1.1734 2.4781 -0.0723 -0.5379 -0.2720 0.7946
1341848036.4912 2.5714 -1.1689 2.4674 -0.0708 -0.5377 -0.2718 0.7950
1341848036.5227 2.5694 -1.1637 2.4622 -0.0700 -0.5372 -0.2712 0.7956
1341848036.5589 2.5702 -1.1588 2.4541 -0.0683 -0.5364 -0.2699 0.7967
1341848036.5907 2.5706 -1.1556 2.4456 -0.0672 -0.5351 -0.2684 0.7982
1341848036.6268 2.5693 -1.1519 2.4370 -0.0677 -0.5333 -0.2654 0.8004
1341848036.6587 2.5687 -1.1458 2.4276 -0.0666 -0.5326 -0.2618 0.8021
1341848036.6912 2.5702 -1.1413 2.4190 -0.0640 -0.5322 -0.2590 0.8035
1341848036.7268 2.5742 -1.1393 2.4077 -0.0631 -0.5308 -0.2562 0.8053
1341848036.7589 2.5737 -1.1343 2.3964 -0.0630 -0.5295 -0.2530 0.8073
1341848036.7907 2.5753 -1.1327 2.3867 -0.0614 -0.5287 -0.2506 0.8086
1341848036.8270 2.5801 -1.1295 2.3776 -0.0599 -0.5269 -0.2495 0.8103
1341848036.8586 2.5808 -1.1256 2.3670 -0.0608 -0.5244 -0.2469 0.8126
1341848036.9268 2.5829 -1.1169 2.3472 -0.0612 -0.5213 -0.2413 0.8162
1341848036.9587 2.5852 -1.1124 2.3354 -0.0580 -0.5200 -0.2400 0.8177
1341848036.9948 2.5887 -1.1080 2.3240 -0.0570 -0.5181 -0.2378 0.8196
1341848037.0268 2.5881 -1.1030 2.3155 -0.0552 -0.5179 -0.2367 0.8202
1341848037.0610 2.5881 -1.0970 2.3036 -0.0514 -0.5174 -0.2357 0.8211
1341848037.0947 2.5927 -1.0937 2.2920 -0.0488 -0.5170 -0.2332 0.8222
1341848037.1267 2.5936 -1.0888 2.2803 -0.0478 -0.5171 -0.2312 0.8227
1341848037.1628 2.5899 -1.0853 2.2705 -0.0447 -0.5181 -0.2288 0.8229
1341848037.1947 2.5917 -1.0819 2.2586 -0.0372 -0.5227 -0.2265 0.8210
1341848037.2270 2.5995 -1.0766 2.2481 -0.0344 -0.5251 -0.2227 0.8207
1341848037.2637 2.5966 -1.0728 2.2345 -0.0323 -0.5273 -0.2200 0.8201
1341848037.2952 2.6007 -1.0668 2.2253 -0.0266 -0.5315 -0.2197 0.8176
1341848037.3269 2.6048 -1.0623 2.2178 -0.0259 -0.5315 -0.2198 0.8176
1341848037.3627 2.5998 -1.0580 2.2082 -0.0255 -0.5315 -0.2193 0.8178
1341848037.3951 2.5998 -1.0535 2.1978 -0.0216 -0.5326 -0.2204 0.8169
1341848037.4309 2.6011 -1.0481 2.1892 -0.0189 -0.5324 -0.2210 0.8169
1341848037.4628 2.5996 -1.0435 2.1773 -0.0180 -0.5320 -0.2212 0.8172
1341848037.5307 2.5998 -1.0335 2.1621 -0.0156 -0.5327 -0.2223 0.8164
1341848037.5630 2.5961 -1.0288 2.1522 -0.0153 -0.5309 -0.2240 0.8171
1341848037.5958 2.5943 -1.0235 2.1435 -0.0141 -0.5308 -0.2243 0.8172
1341848037.6308 2.5951 -1.0208 2.1397 -0.0145 -0.5300 -0.2251 0.8175
1341848037.6627 2.5892 -1.0154 2.1296 -0.0132 -0.5266 -0.2269 0.8192
1341848037.6987 2.5852 -1.0101 2.1202 -0.0114 -0.5247 -0.2276 0.8202
1341848037.7310 2.5833 -1.0055 2.1131 -0.0108 -0.5225 -0.2268 0.8218
1341848037.7698 2.5810 -0.9996 2.1045 -0.0113 -0.5200 -0.2261 0.8237
1341848037.8378 2.5730 -0.9905 2.0889 -0.0101 -0.5167 -0.2230 0.8266
1341848037.8989 2.5667 -0.9797 2.0759 -0.0175 -0.5108 -0.2203 0.8308
1341848037.9309 2.5645 -0.9740 2.0700 -0.0195 -0.5068 -0.2195 0.8335
1341848037.9669 2.5616 -0.9662 2.0613 -0.0218 -0.5026 -0.2197 0.8358
1341848037.9986 2.5556 -0.9605 2.0527 -0.0241 -0.4997 -0.2193 0.8376
1341848038.0309 2.5546 -0.9574 2.0466 -0.0253 -0.4971 -0.2198 0.8390
1341848038.0668 2.5514 -0.9531 2.0400 -0.0280 -0.4929 -0.2204 0.8413
1341848038.0987 2.5458 -0.9482 2.0325 -0.0311 -0.4890 -0.2199 0.8435
1341848038.1347 2.5420 -0.9434 2.0270 -0.0320 -0.4868 -0.2202 0.8447
1341848038.1667 2.5397 -0.9385 2.0208 -0.0323 -0.4836 -0.2211 0.8463
1341848038.1987 2.5360 -0.9330 2.0144 -0.0339 -0.4804 -0.2202 0.8483
1341848038.2347 2.5296 -0.9282 2.0069 -0.0348 -0.4789 -0.2186 0.8495
1341848038.2741 2.5275 -0.9243 2.0007 -0.0337 -0.4772 -0.2188 0.8505
1341848038.3065 2.5250 -0.9187 1.9925 -0.0335 -0.4747 -0.2192 0.8517
1341848038.3419 2.5189 -0.9158 1.9885 -0.0338 -0.4734 -0.2185 0.8526
1341848038.3741 2.5173 -0.9123 1.9800 -0.0315 -0.4709 -0.2194 0.8539
1341848038.4098 2.5131 -0.9083 1.9709 -0.0300 -0.4687 -0.2207 0.8548
1341848038.4418 2.5113 -0.9061 1.9651 -0.0300 -0.4690 -0.2186 0.8552
1341848038.4739 2.5097 -0.9028 1.9589 -0.0303 -0.4677 -0.2181 0.8560
1341848038.5102 2.5031 -0.9000 1.9539 -0.0293 -0.4662 -0.2183 0.8568
1341848038.5669 2.5029 -0.8984 1.9439 -0.0234 -0.4669 -0.2163 0.8571
1341848038.6030 2.4980 -0.8908 1.9298 -0.0213 -0.4649 -0.2165 0.8582
1341848038.6347 2.4983 -0.8874 1.9205 -0.0203 -0.4657 -0.2155 0.8580
1341848038.6707 2.4997 -0.8820 1.9131 -0.0198 -0.4654 -0.2157 0.8582
1341848038.7029 2.4926 -0.8782 1.9022 -0.0198 -0.4643 -0.2165 0.8586
1341848038.7348 2.4939 -0.8735 1.8965 -0.0169 -0.4651 -0.2162 0.8583
1341848038.7707 2.4963 -0.8682 1.8849 -0.0157 -0.4634 -0.2160 0.8593
1341848038.8028 2.4932 -0.8634 1.8729 -0.0175 -0.4628 -0.2151 0.8598
1341848038.8388 2.4917 -0.8582 1.8670 -0.0174 -0.4633 -0.2130 0.8601
1341848038.8711 2.4953 -0.8539 1.8567 -0.0156 -0.4607 -0.2125 0.8616
1341848038.9028 2.4962 -0.8470 1.8455 -0.0167 -0.4579 -0.2110 0.8634
1341848038.9388 2.4957 -0.8426 1.8374 -0.0187 -0.4577 -0.2074 0.8644
1341848038.9708 2.5014 -0.8370 1.8299 -0.0191 -0.4551 -0.2060 0.8661
1341848039.0026 2.5007 -0.8287 1.8226 -0.0200 -0.4507 -0.2063 0.8683
1341848039.0389 2.4976 -0.8264 1.8142 -0.0200 -0.4485 -0.2037 0.8700
1341848039.0708 2.5038 -0.8199 1.8024 -0.0194 -0.4462 -0.2017 0.8717
1341848039.1068 2.5016 -0.8133 1.7954 -0.0202 -0.4446 -0.2004 0.8728
1341848039.1387 2.5036 -0.8104 1.7874 -0.0202 -0.4438 -0.1979 0.8738
1341848039.1707 2.5083 -0.8034 1.7766 -0.0204 -0.4411 -0.1967 0.8754
1341848039.2068 2.5054 -0.7988 1.7705 -0.0209 -0.4397 -0.1957 0.8763
1341848039.2389 2.5071 -0.7954 1.7611 -0.0194 -0.4391 -0.1940 0.8770
1341848039.2710 2.5142 -0.7908 1.7521 -0.0187 -0.4377 -0.1937 0.8778
1341848039.3067 2.5120 -0.7865 1.7470 -0.0202 -0.4366 -0.1925 0.8786
1341848039.3389 2.5130 -0.7845 1.7397 -0.0205 -0.4360 -0.1909 0.8792
1341848039.3748 2.5162 -0.7785 1.7323 -0.0198 -0.4347 -0.1915 0.8797
1341848039.4069 2.5149 -0.7756 1.7266 -0.0202 -0.4328 -0.1920 0.8806
1341848039.4389 2.5150 -0.7714 1.7179 -0.0204 -0.4311 -0.1921 0.8814
1341848039.4749 2.5152 -0.7668 1.7153 -0.0206 -0.4300 -0.1930 0.8817
1341848039.5071 2.5106 -0.7636 1.7097 -0.0209 -0.4274 -0.1936 0.8829
1341848039.5387 2.5082 -0.7599 1.7005 -0.0195 -0.4250 -0.1939 0.8840
1341848039.5749 2.5077 -0.7557 1.6945 -0.0192 -0.4248 -0.1940 0.8841
1341848039.6067 2.5041 -0.7512 1.6854 -0.0187 -0.4236 -0.1942 0.8846
1341848039.6427 2.5016 -0.7471 1.6808 -0.0168 -0.4211 -0.1951 0.8856
1341848039.6748 2.4990 -0.7424 1.6727 -0.0148 -0.4201 -0.1955 0.8860
1341848039.7072 2.5004 -0.7403 1.6708 -0.0151 -0.4214 -0.1952 0.8855
1341848039.7429 2.4993 -0.7361 1.6681 -0.0147 -0.4203 -0.1959 0.8859
1341848039.7753 2.4905 -0.7266 1.6557 -0.0120 -0.4161 -0.1964 0.8878
1341848039.8069 2.4886 -0.7239 1.6491 -0.0100 -0.4154 -0.1967 0.8881
1341848039.8433 2.4872 -0.7186 1.6421 -0.0093 -0.4134 -0.1965 0.8891
1341848039.8818 2.4777 -0.7131 1.6369 -0.0087 -0.4109 -0.1956 0.8904
1341848039.9434 2.4761 -0.7046 1.6228 -0.0083 -0.4087 -0.1918 0.8922
1341848039.9748 2.4675 -0.6998 1.6183 -0.0106 -0.4075 -0.1896 0.8933
1341848040.0107 2.4612 -0.6960 1.6117 -0.0102 -0.4069 -0.1873 0.8940
1341848040.0428 2.4600 -0.6893 1.6013 -0.0109 -0.4045 -0.1862 0.8953
1341848040.0787 2.4545 -0.6839 1.5953 -0.0139 -0.4021 -0.1844 0.8967
1341848040.1108 2.4501 -0.6781 1.5907 -0.0164 -0.3995 -0.1825 0.8982
1341848040.1427 2.4442 -0.6754 1.5836 -0.0181 -0.3952 -0.1823 0.9001
1341848040.1788 2.4410 -0.6683 1.5759 -0.0191 -0.3925 -0.1826 0.9012
1341848040.2110 2.4368 -0.6637 1.5700 -0.0226 -0.3901 -0.1812 0.9025
1341848040.2427 2.4300 -0.6600 1.5634 -0.0255 -0.3862 -0.1804 0.9042
1341848040.2789 2.4203 -0.6569 1.5596 -0.0262 -0.3827 -0.1794 0.9059
1341848040.3107 2.4183 -0.6562 1.5513 -0.0259 -0.3812 -0.1768 0.9070
1341848040.3469 2.4172 -0.6517 1.5407 -0.0286 -0.3789 -0.1737 0.9085
1341848040.3788 2.4066 -0.6489 1.5397 -0.0311 -0.3768 -0.1711 0.9098
1341848040.4109 2.4022 -0.6496 1.5338 -0.0300 -0.3757 -0.1678 0.9109
1341848040.4467 2.4020 -0.6456 1.5246 -0.0292 -0.3748 -0.1643 0.9120
1341848040.4787 2.3961 -0.6444 1.5190 -0.0303 -0.3739 -0.1609 0.9129
1341848040.5178 2.3908 -0.6440 1.5123 -0.0289 -0.3730 -0.1595 0.9136
1341848040.5789 2.3865 -0.6400 1.4936 -0.0273 -0.3709 -0.1584 0.9147
1341848040.6149 2.3791 -0.6387 1.4888 -0.0280 -0.3694 -0.1569 0.9155
1341848040.6468 2.3789 -0.6394 1.4829 -0.0265 -0.3676 -0.1571 0.9162
1341848040.6790 2.3715 -0.6386 1.4806 -0.0252 -0.3634 -0.1562 0.9181
1341848040.7147 2.3697 -0.6411 1.4774 -0.0218 -0.3581 -0.1547 0.9205
1341848040.7468 2.3631 -0.6377 1.4726 -0.0169 -0.3509 -0.1527 0.9237
1341848040.7788 2.3617 -0.6338 1.4638 -0.0125 -0.3458 -0.1513 0.9259
1341848040.8147 2.3592 -0.6309 1.4593 -0.0114 -0.3396 -0.1498 0.9285
1341848040.8469 2.3517 -0.6276 1.4531 -0.0099 -0.3345 -0.1479 0.9307
1341848040.8828 2.3499 -0.6274 1.4494 -0.0075 -0.3304 -0.1468 0.9323
1341848040.9147 2.3461 -0.6221 1.4409 -0.0069 -0.3248 -0.1441 0.9347
1341848040.9469 2.3391 -0.6202 1.4398 -0.0071 -0.3219 -0.1409 0.9362
1341848040.9845 2.3393 -0.6166 1.4326 -0.0068 -0.3169 -0.1380 0.9383
1341848041.0226 2.3340 -0.6074 1.4271 -0.0082 -0.3130 -0.1339 0.9402
1341848041.0589 2.3267 -0.6070 1.4266 -0.0107 -0.3115 -0.1286 0.9415
1341848041.0943 2.3306 -0.6030 1.4200 -0.0117 -0.3068 -0.1256 0.9434
1341848041.1222 2.3248 -0.5947 1.4153 -0.0151 -0.3014 -0.1227 0.9455
1341848041.1900 2.3177 -0.5887 1.4071 -0.0218 -0.2950 -0.1133 0.9485
1341848041.2507 2.3093 -0.5808 1.3999 -0.0262 -0.2898 -0.1087 0.9505
1341848041.2831 2.3057 -0.5737 1.3956 -0.0294 -0.2866 -0.1074 0.9516
1341848041.3193 2.2930 -0.5727 1.3965 -0.0319 -0.2841 -0.1057 0.9524
1341848041.3555 2.2920 -0.5718 1.3902 -0.0309 -0.2815 -0.1050 0.9533
1341848041.3849 2.2858 -0.5662 1.3885 -0.0309 -0.2779 -0.1062 0.9542
1341848041.4188 2.2776 -0.5644 1.3904 -0.0314 -0.2742 -0.1034 0.9556
1341848041.4508 2.2775 -0.5591 1.3788 -0.0320 -0.2703 -0.1015 0.9569
1341848041.4828 2.2683 -0.5557 1.3792 -0.0348 -0.2667 -0.1027 0.9576
1341848041.5188 2.2573 -0.5572 1.3830 -0.0370 -0.2622 -0.1018 0.9589
1341848041.5507 2.2529 -0.5554 1.3792 -0.0364 -0.2569 -0.1020 0.9604
1341848041.5868 2.2437 -0.5504 1.3788 -0.0362 -0.2529 -0.1025 0.9614
1341848041.6187 2.2321 -0.5488 1.3774 -0.0357 -0.2491 -0.1017 0.9625
1341848041.6510 2.2252 -0.5435 1.3737 -0.0350 -0.2464 -0.1006 0.9633
1341848041.6868 2.2122 -0.5427 1.3754 -0.0346 -0.2445 -0.0996 0.9639
1341848041.7188 2.2072 -0.5408 1.3702 -0.0340 -0.2422 -0.0968 0.9648
1341848041.7508 2.1929 -0.5369 1.3687 -0.0342 -0.2398 -0.0933 0.9657
1341848041.7867 2.1802 -0.5362 1.3654 -0.0338 -0.2381 -0.0902 0.9665
1341848041.8187 2.1708 -0.5329 1.3616 -0.0333 -0.2381 -0.0858 0.9669
1341848041.8547 2.1642 -0.5314 1.3579 -0.0333 -0.2384 -0.0833 0.9670
1341848041.8867 2.1514 -0.5336 1.3585 -0.0347 -0.2367 -0.0813 0.9675
1341848041.9187 2.1351 -0.5344 1.3574 -0.0331 -0.2347 -0.0778 0.9684
1341848041.9950 2.1229 -0.5283 1.3470 -0.0333 -0.2320 -0.0709 0.9696
1341848042.0189 2.1042 -0.5350 1.3503 -0.0359 -0.2294 -0.0667 0.9704
1341848042.0546 2.1013 -0.5359 1.3427 -0.0336 -0.2282 -0.0655 0.9708
1341848042.0895 2.0913 -0.5311 1.3412 -0.0346 -0.2255 -0.0637 0.9716
1341848042.1229 2.0780 -0.5373 1.3447 -0.0374 -0.2240 -0.0603 0.9720
1341848042.1548 2.0747 -0.5393 1.3414 -0.0363 -0.2228 -0.0598 0.9723
1341848042.1867 2.0647 -0.5371 1.3412 -0.0359 -0.2193 -0.0605 0.9731
1341848042.2229 2.0534 -0.5364 1.3419 -0.0368 -0.2160 -0.0575 0.9740
1341848042.2548 2.0492 -0.5375 1.3400 -0.0366 -0.2140 -0.0579 0.9744
1341848042.2907 2.0381 -0.5357 1.3382 -0.0363 -0.2085 -0.0607 0.9755
1341848042.3228 2.0257 -0.5333 1.3404 -0.0365 -0.2048 -0.0585 0.9764
1341848042.3550 2.0227 -0.5282 1.3355 -0.0374 -0.2034 -0.0548 0.9768
1341848042.3907 2.0109 -0.5286 1.3371 -0.0403 -0.2000 -0.0544 0.9774
1341848042.4297 1.9957 -0.5287 1.3402 -0.0414 -0.1953 -0.0525 0.9785
1341848042.4909 1.9925 -0.5196 1.3370 -0.0426 -0.1906 -0.0473 0.9796
1341848042.5227 1.9730 -0.5213 1.3433 -0.0456 -0.1847 -0.0451 0.9807
1341848042.5587 1.9660 -0.5204 1.3373 -0.0448 -0.1795 -0.0421 0.9818
1341848042.5908 1.9607 -0.5141 1.3361 -0.0450 -0.1759 -0.0398 0.9826
1341848042.6227 1.9490 -0.5143 1.3499 -0.0457 -0.1738 -0.0363 0.9831
1341848042.6587 1.9345 -0.5111 1.3307 -0.0432 -0.1663 -0.0318 0.9846
1341848042.6978 1.9263 -0.5061 1.3276 -0.0427 -0.1613 -0.0289 0.9856
1341848042.7298 1.9151 -0.5041 1.3263 -0.0432 -0.1566 -0.0226 0.9865
1341848042.7616 1.9128 -0.5000 1.3201 -0.0435 -0.1537 -0.0175 0.9870
1341848042.7980 1.9079 -0.4984 1.3189 -0.0448 -0.1488 -0.0160 0.9877
1341848042.8297 1.8990 -0.4956 1.3175 -0.0456 -0.1424 -0.0134 0.9887
1341848042.8617 1.8962 -0.4926 1.3155 -0.0464 -0.1380 -0.0098 0.9893
1341848042.8978 1.8881 -0.4884 1.3114 -0.0473 -0.1330 -0.0074 0.9900
1341848042.9299 1.8754 -0.4879 1.3125 -0.0477 -0.1283 -0.0062 0.9906
1341848042.9657 1.8690 -0.4855 1.3086 -0.0456 -0.1239 -0.0036 0.9912
1341848042.9980 1.8660 -0.4819 1.3055 -0.0454 -0.1216 -0.0002 0.9915
1341848043.0303 1.8593 -0.4795 1.3038 -0.0465 -0.1190 0.0032 0.9918
1341848043.0657 1.8532 -0.4780 1.3005 -0.0474 -0.1152 0.0052 0.9922
1341848043.0979 1.8440 -0.4757 1.3009 -0.0479 -0.1114 0.0057 0.9926
1341848043.1340 1.8361 -0.4748 1.3012 -0.0484 -0.1084 0.0074 0.9929
1341848043.1658 1.8292 -0.4718 1.2978 -0.0490 -0.1049 0.0086 0.9932
1341848043.2019 1.8154 -0.4719 1.3021 -0.0494 -0.1020 0.0077 0.9935
1341848043.2339 1.8041 -0.4738 1.3033 -0.0476 -0.0986 0.0085 0.9940
1341848043.2657 1.8001 -0.4698 1.2970 -0.0462 -0.0958 0.0111 0.9943
1341848043.3018 1.7886 -0.4707 1.2997 -0.0467 -0.0928 0.0117 0.9945
1341848043.3340 1.7790 -0.4719 1.3012 -0.0456 -0.0895 0.0132 0.9949
1341848043.3698 1.7708 -0.4676 1.2973 -0.0440 -0.0867 0.0151 0.9951
1341848043.4017 1.7577 -0.4684 1.3009 -0.0438 -0.0857 0.0156 0.9952
1341848043.4339 1.7543 -0.4705 1.3010 -0.0439 -0.0861 0.0166 0.9952
1341848043.4696 1.7429 -0.4704 1.3018 -0.0441 -0.0825 0.0180 0.9955
1341848043.5017 1.7239 -0.4697 1.3038 -0.0440 -0.0779 0.0219 0.9957
1341848043.5378 1.7195 -0.4740 1.3065 -0.0438 -0.0802 0.0236 0.9955
1341848043.5697 1.7121 -0.4714 1.3063 -0.0436 -0.0781 0.0270 0.9956
1341848043.6018 1.6994 -0.4706 1.3088 -0.0446 -0.0767 0.0291 0.9956
1341848043.6378 1.6952 -0.4721 1.3133 -0.0466 -0.0779 0.0303 0.9954
1341848043.6701 1.6764 -0.4712 1.3148 -0.0472 -0.0730 0.0322 0.9957
1341848043.7020 1.6668 -0.4725 1.3200 -0.0475 -0.0721 0.0320 0.9958
1341848043.7378 1.6559 -0.4699 1.3192 -0.0475 -0.0703 0.0348 0.9958
1341848043.7698 1.6560 -0.4710 1.3245 -0.0509 -0.0715 0.0378 0.9954
1341848043.8058 1.6380 -0.4735 1.3328 -0.0523 -0.0675 0.0394 0.9956
1341848043.8379 1.6283 -0.4791 1.3379 -0.0515 -0.0660 0.0394 0.9957
1341848043.8697 1.6224 -0.4756 1.3368 -0.0487 -0.0643 0.0405 0.9959
1341848043.9057 1.6081 -0.4770 1.3411 -0.0507 -0.0623 0.0422 0.9959
1341848043.9380 1.5983 -0.4797 1.3462 -0.0504 -0.0623 0.0426 0.9959
1341848043.9698 1.5945 -0.4793 1.3455 -0.0498 -0.0609 0.0410 0.9961
1341848044.0059 1.5800 -0.4822 1.3498 -0.0518 -0.0574 0.0403 0.9962
1341848044.0377 1.5671 -0.4864 1.3567 -0.0508 -0.0567 0.0410 0.9963
1341848044.0738 1.5652 -0.4825 1.3523 -0.0485 -0.0570 0.0415 0.9963
1341848044.1058 1.5502 -0.4854 1.3544 -0.0521 -0.0547 0.0417 0.9963
1341848044.1377 1.5419 -0.4881 1.3620 -0.0521 -0.0558 0.0434 0.9961
1341848044.1738 1.5395 -0.4878 1.3607 -0.0519 -0.0556 0.0432 0.9962
1341848044.2057 1.5297 -0.4899 1.3658 -0.0529 -0.0524 0.0430 0.9963
1341848044.2378 1.5184 -0.4904 1.3682 -0.0525 -0.0501 0.0446 0.9964
1341848044.2738 1.5150 -0.4894 1.3688 -0.0525 -0.0496 0.0456 0.9963
1341848044.3057 1.5068 -0.4914 1.3722 -0.0541 -0.0471 0.0461 0.9964
1341848044.3378 1.4973 -0.4923 1.3765 -0.0540 -0.0446 0.0469 0.9964
1341848044.3737 1.4908 -0.4912 1.3774 -0.0539 -0.0426 0.0495 0.9964
1341848044.4059 1.4876 -0.4950 1.3765 -0.0563 -0.0409 0.0511 0.9963
1341848044.4417 1.4797 -0.4938 1.3850 -0.0566 -0.0371 0.0551 0.9962
1341848044.4737 1.4759 -0.4944 1.3878 -0.0569 -0.0342 0.0583 0.9961
1341848044.5057 1.4716 -0.4934 1.3923 -0.0573 -0.0302 0.0622 0.9960
1341848044.5419 1.4627 -0.4954 1.3954 -0.0582 -0.0240 0.0662 0.9958
1341848044.5738 1.4557 -0.4949 1.4026 -0.0578 -0.0196 0.0696 0.9957
1341848044.6058 1.4515 -0.4945 1.4051 -0.0574 -0.0158 0.0742 0.9955
1341848044.6417 1.4448 -0.4928 1.4081 -0.0579 -0.0112 0.0796 0.9951
1341848044.7060 1.4295 -0.4957 1.4170 -0.0578 -0.0039 0.0875 0.9945
1341848044.7710 1.4146 -0.4987 1.4224 -0.0559 0.0037 0.0951 0.9939
1341848044.8028 1.4109 -0.4954 1.4203 -0.0537 0.0052 0.0966 0.9939
1341848044.8349 1.3990 -0.4974 1.4258 -0.0548 0.0100 0.0986 0.9936
1341848044.8707 1.3896 -0.5014 1.4287 -0.0536 0.0126 0.1030 0.9932
1341848044.9027 1.3831 -0.4996 1.4268 -0.0512 0.0128 0.1060 0.9930
1341848044.9708 1.3637 -0.4975 1.4307 -0.0499 0.0155 0.1132 0.9922
1341848045.0026 1.3578 -0.4949 1.4279 -0.0498 0.0142 0.1152 0.9920
1341848045.0387 1.3530 -0.4935 1.4312 -0.0529 0.0136 0.1165 0.9917
1341848045.0708 1.3439 -0.4950 1.4387 -0.0547 0.0150 0.1161 0.9916
1341848045.1028 1.3407 -0.4923 1.4411 -0.0541 0.0155 0.1160 0.9917
1341848045.1388 1.3284 -0.4942 1.4433 -0.0569 0.0202 0.1163 0.9914
1341848045.1708 1.3181 -0.4992 1.4522 -0.0586 0.0217 0.1170 0.9912
1341848045.2027 1.3144 -0.4982 1.4524 -0.0569 0.0219 0.1164 0.9913
1341848045.2389 1.3051 -0.5019 1.4588 -0.0583 0.0248 0.1141 0.9915
1341848045.2708 1.2977 -0.5019 1.4662 -0.0567 0.0251 0.1152 0.9914
1341848045.3068 1.2898 -0.5023 1.4653 -0.0568 0.0258 0.1156 0.9913
1341848045.3387 1.2819 -0.5061 1.4724 -0.0589 0.0274 0.1132 0.9915
1341848045.3708 1.2722 -0.5105 1.4796 -0.0589 0.0294 0.1127 0.9914
1341848045.4067 1.2644 -0.5094 1.4800 -0.0579 0.0291 0.1128 0.9915
1341848045.4387 1.2554 -0.5086 1.4873 -0.0598 0.0275 0.1127 0.9914
1341848045.4747 1.2487 -0.5121 1.4980 -0.0611 0.0253 0.1118 0.9915
1341848045.5389 1.2333 -0.5200 1.5111 -0.0613 0.0261 0.1087 0.9918
1341848045.6069 1.2165 -0.5190 1.5203 -0.0586 0.0235 0.1093 0.9920
1341848045.6459 1.2098 -0.5219 1.5261 -0.0602 0.0222 0.1085 0.9920
1341848045.7070 1.1913 -0.5273 1.5425 -0.0603 0.0204 0.1050 0.9924
1341848045.7431 1.1870 -0.5257 1.5453 -0.0594 0.0178 0.1041 0.9926
1341848045.7748 1.1770 -0.5296 1.5536 -0.0622 0.0179 0.1022 0.9927
1341848045.8076 1.1671 -0.5339 1.5641 -0.0622 0.0162 0.1008 0.9928
1341848045.8429 1.1637 -0.5323 1.5676 -0.0597 0.0123 0.0992 0.9932
1341848045.8748 1.1566 -0.5311 1.5707 -0.0610 0.0117 0.0970 0.9933
1341848045.9068 1.1428 -0.5379 1.5834 -0.0647 0.0123 0.0960 0.9932
1341848045.9428 1.1374 -0.5383 1.5900 -0.0619 0.0060 0.0950 0.9935
1341848045.9748 1.1350 -0.5351 1.5931 -0.0600 0.0009 0.0912 0.9940
1341848046.0108 1.1244 -0.5363 1.6000 -0.0606 0.0001 0.0882 0.9943
1341848046.0428 1.1132 -0.5374 1.6045 -0.0594 -0.0031 0.0863 0.9945
1341848046.0747 1.1113 -0.5300 1.6073 -0.0562 -0.0105 0.0833 0.9949
1341848046.1108 1.1055 -0.5283 1.6130 -0.0579 -0.0125 0.0794 0.9951
1341848046.1428 1.0960 -0.5344 1.6202 -0.0599 -0.0131 0.0761 0.9952
1341848046.1818 1.0923 -0.5278 1.6197 -0.0553 -0.0174 0.0724 0.9957
1341848046.2197 1.0830 -0.5245 1.6198 -0.0568 -0.0177 0.0686 0.9959
1341848046.2497 1.0736 -0.5269 1.6256 -0.0598 -0.0199 0.0656 0.9959
1341848046.2836 1.0695 -0.5231 1.6271 -0.0583 -0.0246 0.0624 0.9960
1341848046.3177 1.0629 -0.5191 1.6291 -0.0581 -0.0264 0.0583 0.9963
1341848046.3497 1.0655 -0.5254 1.6326 -0.0625 -0.0324 0.0567 0.9959
1341848046.3823 1.0602 -0.5228 1.6341 -0.0618 -0.0362 0.0548 0.9959
1341848046.4178 1.0564 -0.5168 1.6344 -0.0618 -0.0384 0.0516 0.9960
1341848046.4498 1.0463 -0.5193 1.6347 -0.0658 -0.0370 0.0499 0.9959
1341848046.4858 1.0398 -0.5151 1.6334 -0.0646 -0.0397 0.0476 0.9960
1341848046.5178 1.0340 -0.5101 1.6323 -0.0652 -0.0414 0.0445 0.9960
1341848046.5497 1.0232 -0.5127 1.6311 -0.0682 -0.0406 0.0425 0.9959
1341848046.5861 1.0168 -0.5107 1.6288 -0.0665 -0.0444 0.0411 0.9960
1341848046.6178 1.0120 -0.5025 1.6243 -0.0633 -0.0469 0.0383 0.9962
1341848046.6537 1.0002 -0.5053 1.6206 -0.0659 -0.0459 0.0381 0.9960
1341848046.7149 0.9896 -0.4949 1.6113 -0.0610 -0.0541 0.0370 0.9960
1341848046.7469 0.9819 -0.4936 1.6074 -0.0612 -0.0547 0.0364 0.9960
1341848046.7787 0.9748 -0.4913 1.6026 -0.0597 -0.0564 0.0358 0.9960
1341848046.8147 0.9716 -0.4840 1.5974 -0.0570 -0.0593 0.0345 0.9960
1341848046.8469 0.9653 -0.4825 1.5927 -0.0587 -0.0588 0.0340 0.9960
1341848046.8788 0.9595 -0.4796 1.5870 -0.0583 -0.0593 0.0338 0.9960
1341848046.9151 0.9531 -0.4740 1.5815 -0.0575 -0.0595 0.0335 0.9960
1341848046.9469 0.9467 -0.4717 1.5762 -0.0582 -0.0595 0.0336 0.9960
1341848046.9828 0.9411 -0.4665 1.5704 -0.0572 -0.0604 0.0335 0.9960
1341848047.0151 0.9351 -0.4611 1.5646 -0.0578 -0.0605 0.0329 0.9959
1341848047.0479 0.9275 -0.4605 1.5603 -0.0598 -0.0604 0.0325 0.9959
1341848047.0899 0.9222 -0.4526 1.5538 -0.0577 -0.0619 0.0314 0.9959
1341848047.1476 0.9079 -0.4467 1.5438 -0.0618 -0.0621 0.0302 0.9957
1341848047.2149 0.8949 -0.4379 1.5312 -0.0608 -0.0644 0.0265 0.9957
1341848047.2507 0.8850 -0.4352 1.5251 -0.0627 -0.0654 0.0263 0.9955
1341848047.2828 0.8798 -0.4335 1.5200 -0.0639 -0.0690 0.0256 0.9952
1341848047.3148 0.8735 -0.4307 1.5142 -0.0635 -0.0704 0.0232 0.9952
1341848047.3506 0.8635 -0.4277 1.5070 -0.0629 -0.0710 0.0221 0.9952
1341848047.3830 0.8551 -0.4261 1.5000 -0.0629 -0.0746 0.0223 0.9950
1341848047.4148 0.8499 -0.4229 1.4946 -0.0619 -0.0783 0.0203 0.9948
1341848047.4508 0.8426 -0.4228 1.4875 -0.0609 -0.0804 0.0185 0.9947
1341848047.4826 0.8364 -0.4189 1.4793 -0.0595 -0.0831 0.0178 0.9946
1341848047.5187 0.8290 -0.4162 1.4742 -0.0602 -0.0858 0.0161 0.9944
1341848047.5508 0.8222 -0.4177 1.4689 -0.0612 -0.0881 0.0151 0.9941
1341848047.5830 0.8172 -0.4147 1.4638 -0.0594 -0.0907 0.0136 0.9940
1341848047.6190 0.8103 -0.4128 1.4594 -0.0594 -0.0905 0.0117 0.9940
1341848047.6508 0.7991 -0.4164 1.4529 -0.0602 -0.0905 0.0117 0.9940
1341848047.6897 0.7956 -0.4096 1.4482 -0.0565 -0.0953 0.0115 0.9938
1341848047.7508 0.7812 -0.4071 1.4406 -0.0581 -0.0952 0.0099 0.9937
1341848047.7867 0.7718 -0.4073 1.4356 -0.0589 -0.0949 0.0094 0.9937
1341848047.8188 0.7685 -0.4041 1.4332 -0.0579 -0.0978 0.0082 0.9935
1341848047.8508 0.7624 -0.4028 1.4300 -0.0587 -0.0965 0.0065 0.9936
1341848047.8869 0.7518 -0.4055 1.4264 -0.0595 -0.0946 0.0058 0.9937
1341848047.9189 0.7440 -0.4031 1.4217 -0.0577 -0.0952 0.0062 0.9938
1341848047.9547 0.7394 -0.4002 1.4186 -0.0573 -0.0963 0.0058 0.9937
1341848047.9868 0.7305 -0.4033 1.4167 -0.0589 -0.0940 0.0054 0.9938
1341848048.0189 0.7191 -0.4026 1.4108 -0.0566 -0.0931 0.0057 0.9940
1341848048.0549 0.7162 -0.3974 1.4082 -0.0548 -0.0957 0.0056 0.9939
1341848048.0868 0.7079 -0.3973 1.4049 -0.0559 -0.0932 0.0051 0.9941
1341848048.1188 0.6971 -0.3989 1.4011 -0.0564 -0.0912 0.0055 0.9942
1341848048.1547 0.6926 -0.3958 1.3981 -0.0548 -0.0922 0.0068 0.9942
1341848048.1867 0.6869 -0.3954 1.3952 -0.0551 -0.0898 0.0069 0.9944
1341848048.2230 0.6740 -0.4003 1.3914 -0.0560 -0.0864 0.0076 0.9947
1341848048.2550 0.6716 -0.3992 1.3895 -0.0527 -0.0879 0.0109 0.9947
1341848048.2866 0.6658 -0.3941 1.3847 -0.0500 -0.0854 0.0098 0.9950
1341848048.3228 0.6555 -0.3975 1.3800 -0.0521 -0.0818 0.0101 0.9952
1341848048.3547 0.6491 -0.3985 1.3770 -0.0513 -0.0806 0.0117 0.9954
1341848048.3867 0.6444 -0.3954 1.3729 -0.0486 -0.0793 0.0096 0.9956
1341848048.4226 0.6337 -0.3985 1.3686 -0.0480 -0.0760 0.0086 0.9959
1341848048.4549 0.6280 -0.3953 1.3629 -0.0441 -0.0753 0.0097 0.9961
1341848048.4907 0.6214 -0.3924 1.3578 -0.0432 -0.0743 0.0099 0.9962
1341848048.5228 0.6125 -0.3969 1.3556 -0.0440 -0.0729 0.0108 0.9963
1341848048.5550 0.6077 -0.3969 1.3514 -0.0401 -0.0728 0.0117 0.9965
1341848048.5906 0.6011 -0.3945 1.3452 -0.0365 -0.0727 0.0119 0.9966
1341848048.6227 0.5952 -0.3964 1.3434 -0.0357 -0.0729 0.0134 0.9966
1341848048.6587 0.5893 -0.3998 1.3392 -0.0334 -0.0720 0.0149 0.9967
1341848048.6908 0.5852 -0.3957 1.3333 -0.0288 -0.0729 0.0152 0.9968
1341848048.7227 0.5798 -0.3964 1.3298 -0.0276 -0.0729 0.0169 0.9968
1341848048.7588 0.5746 -0.3975 1.3265 -0.0253 -0.0725 0.0180 0.9969
1341848048.7912 0.5705 -0.3963 1.3223 -0.0227 -0.0723 0.0183 0.9970
1341848048.8227 0.5619 -0.3995 1.3196 -0.0213 -0.0712 0.0182 0.9971
1341848048.8587 0.5587 -0.3967 1.3143 -0.0170 -0.0729 0.0174 0.9970
1341848048.8910 0.5522 -0.3993 1.3105 -0.0153 -0.0726 0.0156 0.9971
1341848048.9268 0.5430 -0.4004 1.3055 -0.0118 -0.0724 0.0133 0.9972
1341848048.9590 0.5376 -0.3990 1.3001 -0.0082 -0.0745 0.0122 0.9971
1341848048.9908 0.5298 -0.4009 1.2966 -0.0057 -0.0751 0.0117 0.9971
1341848049.0267 0.5252 -0.4042 1.2930 -0.0022 -0.0768 0.0092 0.9970
1341848049.0588 0.5205 -0.4007 1.2858 0.0041 -0.0770 0.0066 0.9970
1341848049.0907 0.5130 -0.3971 1.2787 0.0072 -0.0777 0.0067 0.9969
1341848049.1268 0.5060 -0.3986 1.2749 0.0078 -0.0798 0.0070 0.9968
1341848049.1589 0.5036 -0.3993 1.2706 0.0095 -0.0810 0.0052 0.9967
1341848049.1947 0.4939 -0.3978 1.2647 0.0122 -0.0792 0.0031 0.9968
1341848049.2267 0.4875 -0.3908 1.2584 0.0153 -0.0804 0.0031 0.9966
1341848049.2588 0.4828 -0.3925 1.2533 0.0138 -0.0824 0.0023 0.9965
1341848049.2947 0.4780 -0.3914 1.2496 0.0153 -0.0821 0.0006 0.9965
1341848049.3268 0.4704 -0.3869 1.2426 0.0176 -0.0805 0.0001 0.9966
1341848049.3588 0.4638 -0.3817 1.2354 0.0184 -0.0808 0.0019 0.9966
1341848049.3948 0.4562 -0.3860 1.2326 0.0164 -0.0805 0.0033 0.9966
1341848049.4268 0.4541 -0.3823 1.2257 0.0197 -0.0808 0.0040 0.9965
1341848049.4627 0.4494 -0.3759 1.2175 0.0212 -0.0794 0.0059 0.9966
1341848049.4947 0.4351 -0.3803 1.2133 0.0195 -0.0762 0.0089 0.9969
1341848049.5268 0.4381 -0.3721 1.2054 0.0234 -0.0792 0.0108 0.9965
1341848049.5628 0.4292 -0.3685 1.1988 0.0232 -0.0758 0.0119 0.9968
1341848049.5948 0.4154 -0.3662 1.1924 0.0229 -0.0742 0.0140 0.9969
1341848049.6268 0.4139 -0.3631 1.1865 0.0234 -0.0774 0.0153 0.9966
1341848049.6627 0.4106 -0.3562 1.1792 0.0246 -0.0773 0.0144 0.9966
1341848049.6951 0.3957 -0.3532 1.1704 0.0234 -0.0752 0.0138 0.9968
1341848049.7308 0.3861 -0.3499 1.1628 0.0223 -0.0780 0.0149 0.9966
1341848049.7627 0.3843 -0.3437 1.1562 0.0221 -0.0826 0.0125 0.9963
1341848049.7947 0.3735 -0.3413 1.1496 0.0211 -0.0813 0.0105 0.9964
1341848049.8308 0.3615 -0.3361 1.1412 0.0215 -0.0828 0.0099 0.9963
1341848049.8698 0.3607 -0.3274 1.1337 0.0210 -0.0882 0.0096 0.9958
1341848049.9308 0.3405 -0.3296 1.1230 0.0184 -0.0883 0.0045 0.9959
1341848049.9630 0.3359 -0.3195 1.1151 0.0213 -0.0921 0.0039 0.9955
1341848049.9988 0.3304 -0.3165 1.1092 0.0195 -0.0950 0.0031 0.9953
1341848050.0308 0.3199 -0.3186 1.1050 0.0170 -0.0970 0.0011 0.9951
1341848050.0627 0.3170 -0.3140 1.1004 0.0189 -0.1009 -0.0010 0.9947
1341848050.0987 0.3107 -0.3076 1.0942 0.0196 -0.1020 -0.0020 0.9946
1341848050.1307 0.2976 -0.3086 1.0911 0.0175 -0.1036 -0.0045 0.9945
1341848050.1667 0.2998 -0.3020 1.0876 0.0189 -0.1090 -0.0073 0.9938
1341848050.1987 0.2887 -0.3002 1.0845 0.0175 -0.1081 -0.0107 0.9939
1341848050.2308 0.2771 -0.2975 1.0808 0.0173 -0.1102 -0.0135 0.9937
1341848050.2667 0.2771 -0.2937 1.0774 0.0175 -0.1155 -0.0153 0.9930
1341848050.2988 0.2696 -0.2923 1.0743 0.0164 -0.1166 -0.0198 0.9928
1341848050.3307 0.2570 -0.2898 1.0713 0.0170 -0.1179 -0.0233 0.9926
1341848050.3667 0.2555 -0.2850 1.0668 0.0177 -0.1228 -0.0244 0.9920
1341848050.3987 0.2499 -0.2833 1.0640 0.0162 -0.1261 -0.0279 0.9915
1341848050.4348 0.2387 -0.2848 1.0613 0.0146 -0.1274 -0.0308 0.9913
1341848050.4667 0.2358 -0.2826 1.0579 0.0152 -0.1321 -0.0332 0.9906
1341848050.4988 0.2296 -0.2845 1.0558 0.0147 -0.1352 -0.0382 0.9900
1341848050.5348 0.2225 -0.2822 1.0522 0.0164 -0.1370 -0.0412 0.9896
1341848050.5668 0.2149 -0.2776 1.0478 0.0179 -0.1397 -0.0427 0.9891
1341848050.5988 0.2109 -0.2753 1.0445 0.0172 -0.1452 -0.0446 0.9882
1341848050.6348 0.2017 -0.2792 1.0434 0.0157 -0.1478 -0.0486 0.9877
1341848050.6668 0.1956 -0.2756 1.0393 0.0186 -0.1508 -0.0511 0.9871
1341848050.7028 0.1887 -0.2732 1.0352 0.0192 -0.1544 -0.0529 0.9864
1341848050.7348 0.1810 -0.2707 1.0309 0.0194 -0.1578 -0.0530 0.9859
1341848050.7669 0.1754 -0.2696 1.0286 0.0185 -0.1631 -0.0542 0.9849
1341848050.8029 0.1673 -0.2719 1.0266 0.0179 -0.1669 -0.0571 0.9842
1341848050.8348 0.1634 -0.2676 1.0222 0.0200 -0.1712 -0.0590 0.9833
1341848050.8707 0.1551 -0.2645 1.0189 0.0198 -0.1738 -0.0614 0.9827
1341848050.9027 0.1448 -0.2670 1.0181 0.0188 -0.1777 -0.0646 0.9818
1341848050.9348 0.1415 -0.2657 1.0150 0.0206 -0.1817 -0.0676 0.9808
1341848050.9709 0.1326 -0.2624 1.0117 0.0220 -0.1835 -0.0706 0.9802
1341848051.0028 0.1234 -0.2618 1.0095 0.0228 -0.1865 -0.0722 0.9795
1341848051.0350 0.1196 -0.2589 1.0049 0.0242 -0.1904 -0.0727 0.9787
1341848051.0708 0.1120 -0.2593 1.0027 0.0240 -0.1931 -0.0752 0.9780
1341848051.1027 0.1049 -0.2578 0.9998 0.0256 -0.1955 -0.0766 0.9774
1341848051.1387 0.1022 -0.2540 0.9959 0.0278 -0.1992 -0.0780 0.9765
1341848051.1707 0.0962 -0.2524 0.9924 0.0279 -0.2006 -0.0780 0.9762
1341848051.2387 0.0862 -0.2564 0.9893 0.0277 -0.2080 -0.0786 0.9746
1341848051.2708 0.0821 -0.2587 0.9876 0.0298 -0.2106 -0.0817 0.9737
1341848051.3027 0.0778 -0.2570 0.9849 0.0342 -0.2119 -0.0831 0.9732
1341848051.3387 0.0726 -0.2548 0.9824 0.0382 -0.2143 -0.0830 0.9725
1341848051.3709 0.0731 -0.2546 0.9793 0.0410 -0.2202 -0.0851 0.9709
1341848051.4067 0.0722 -0.2542 0.9768 0.0427 -0.2223 -0.0867 0.9702
1341848051.4400 0.0691 -0.2546 0.9757 0.0440 -0.2251 -0.0881 0.9694
1341848051.4709 0.0674 -0.2525 0.9723 0.0463 -0.2283 -0.0905 0.9683
1341848051.5067 0.0659 -0.2502 0.9702 0.0474 -0.2320 -0.0946 0.9670
1341848051.5389 0.0616 -0.2531 0.9736 0.0487 -0.2366 -0.1000 0.9652
1341848051.5707 0.0644 -0.2504 0.9707 0.0549 -0.2416 -0.1068 0.9629
1341848051.6068 0.0591 -0.2471 0.9664 0.0578 -0.2439 -0.1131 0.9615
1341848051.6389 0.0565 -0.2496 0.9704 0.0611 -0.2520 -0.1205 0.9582
1341848051.6747 0.0598 -0.2434 0.9623 0.0672 -0.2562 -0.1230 0.9564
1341848051.7067 0.0567 -0.2399 0.9573 0.0670 -0.2604 -0.1260 0.9549
1341848051.7388 0.0557 -0.2412 0.9590 0.0672 -0.2684 -0.1309 0.9520
1341848051.7748 0.0591 -0.2358 0.9541 0.0705 -0.2730 -0.1340 0.9500
1341848051.8067 0.0578 -0.2356 0.9556 0.0718 -0.2762 -0.1421 0.9478
1341848051.8388 0.0560 -0.2360 0.9573 0.0772 -0.2791 -0.1504 0.9453
1341848051.8750 0.0638 -0.2273 0.9458 0.0826 -0.2800 -0.1550 0.9438
1341848051.9067 0.0638 -0.2232 0.9437 0.0808 -0.2812 -0.1607 0.9426
1341848051.9427 0.0646 -0.2256 0.9445 0.0790 -0.2855 -0.1663 0.9405
1341848051.9748 0.0746 -0.2175 0.9390 0.0801 -0.2857 -0.1697 0.9398
1341848052.0068 0.0751 -0.2184 0.9408 0.0763 -0.2844 -0.1742 0.9397
1341848052.0428 0.0763 -0.2202 0.9442 0.0765 -0.2846 -0.1772 0.9390
1341848052.0749 0.0875 -0.2148 0.9395 0.0788 -0.2828 -0.1794 0.9390
1341848052.1430 0.0929 -0.2161 0.9410 0.0788 -0.2778 -0.1870 0.9390
1341848052.1781 0.1049 -0.2092 0.9341 0.0809 -0.2763 -0.1907 0.9385
1341848052.2114 0.1080 -0.2105 0.9373 0.0786 -0.2734 -0.1942 0.9388
1341848052.2429 0.1148 -0.2092 0.9361 0.0805 -0.2721 -0.1979 0.9382
1341848052.3111 0.1288 -0.2062 0.9304 0.0769 -0.2671 -0.2029 0.9389
1341848052.3429 0.1344 -0.2068 0.9319 0.0780 -0.2661 -0.2058 0.9385
1341848052.3795 0.1449 -0.2036 0.9260 0.0792 -0.2627 -0.2072 0.9390
1341848052.4123 0.1482 -0.2028 0.9232 0.0768 -0.2594 -0.2075 0.9401
1341848052.4447 0.1524 -0.2044 0.9271 0.0778 -0.2606 -0.2102 0.9391
1341848052.4815 0.1637 -0.2014 0.9234 0.0807 -0.2578 -0.2110 0.9394
1341848052.5433 0.1766 -0.1989 0.9153 0.0839 -0.2546 -0.2132 0.9395
1341848052.5792 0.1898 -0.1948 0.9102 0.0840 -0.2529 -0.2154 0.9395
1341848052.6177 0.1913 -0.1964 0.9116 0.0832 -0.2491 -0.2207 0.9393
1341848052.6787 0.2114 -0.1913 0.9051 0.0892 -0.2469 -0.2298 0.9372
1341848052.7108 0.2171 -0.1911 0.9005 0.0881 -0.2439 -0.2316 0.9376
1341848052.7468 0.2226 -0.1915 0.8962 0.0858 -0.2440 -0.2294 0.9383
1341848052.7787 0.2390 -0.1865 0.8907 0.0839 -0.2447 -0.2281 0.9387
1341848052.8109 0.2417 -0.1909 0.8939 0.0795 -0.2408 -0.2294 0.9397
1341848052.8469 0.2475 -0.1954 0.8949 0.0822 -0.2383 -0.2328 0.9393
1341848052.8788 0.2608 -0.1903 0.8828 0.0860 -0.2329 -0.2334 0.9401
1341848052.9147 0.2661 -0.1892 0.8785 0.0841 -0.2275 -0.2334 0.9417
1341848052.9467 0.2698 -0.1923 0.8778 0.0831 -0.2245 -0.2323 0.9427
1341848052.9787 0.2848 -0.1896 0.8727 0.0845 -0.2220 -0.2312 0.9435
1341848053.0148 0.2890 -0.1912 0.8708 0.0828 -0.2152 -0.2305 0.9454
1341848053.0467 0.2939 -0.1918 0.8688 0.0836 -0.2114 -0.2278 0.9468
1341848053.0827 0.3115 -0.1883 0.8639 0.0848 -0.2096 -0.2257 0.9476
1341848053.1148 0.3169 -0.1914 0.8641 0.0829 -0.2028 -0.2249 0.9494
1341848053.1470 0.3225 -0.1913 0.8612 0.0835 -0.1971 -0.2216 0.9514
1341848053.1832 0.3332 -0.1880 0.8552 0.0830 -0.1939 -0.2181 0.9528
1341848053.2148 0.3389 -0.1926 0.8571 0.0809 -0.1897 -0.2163 0.9543
1341848053.2480 0.3443 -0.1943 0.8560 0.0831 -0.1852 -0.2150 0.9553
1341848053.2898 0.3536 -0.1919 0.8504 0.0851 -0.1816 -0.2121 0.9564
1341848053.3217 0.3606 -0.1919 0.8468 0.0848 -0.1781 -0.2081 0.9580
1341848053.3538 0.3687 -0.1932 0.8447 0.0846 -0.1742 -0.2043 0.9596
1341848053.3861 0.3754 -0.1933 0.8418 0.0850 -0.1707 -0.2012 0.9608
1341848053.4218 0.3854 -0.1927 0.8367 0.0847 -0.1667 -0.1973 0.9623
1341848053.4537 0.3928 -0.1887 0.8333 0.0834 -0.1613 -0.1918 0.9645
1341848053.4857 0.3975 -0.1879 0.8305 0.0807 -0.1585 -0.1876 0.9660
1341848053.5217 0.4052 -0.1900 0.8274 0.0785 -0.1559 -0.1849 0.9671
1341848053.5539 0.4165 -0.1873 0.8236 0.0771 -0.1509 -0.1818 0.9686
1341848053.5897 0.4183 -0.1848 0.8216 0.0742 -0.1445 -0.1767 0.9708
1341848053.6219 0.4272 -0.1807 0.8189 0.0710 -0.1415 -0.1700 0.9726
1341848053.6538 0.4337 -0.1812 0.8147 0.0654 -0.1347 -0.1645 0.9749
1341848053.6897 0.4347 -0.1833 0.8158 0.0615 -0.1272 -0.1609 0.9768
1341848053.7217 0.4400 -0.1818 0.8128 0.0599 -0.1221 -0.1553 0.9785
1341848053.7580 0.4495 -0.1804 0.8098 0.0577 -0.1165 -0.1500 0.9801
1341848053.7899 0.4461 -0.1821 0.8091 0.0548 -0.1078 -0.1453 0.9820
1341848053.8216 0.4509 -0.1835 0.8064 0.0545 -0.1017 -0.1393 0.9835
1341848053.8578 0.4556 -0.1822 0.8024 0.0534 -0.0952 -0.1326 0.9851
1341848053.8898 0.4538 -0.1825 0.7991 0.0516 -0.0890 -0.1256 0.9867
1341848053.9511 0.4586 -0.1852 0.7890 0.0539 -0.0820 -0.1136 0.9887
1341848053.9868 0.4547 -0.1841 0.7836 0.0544 -0.0765 -0.1073 0.9898
1341848054.0510 0.4629 -0.1801 0.7688 0.0533 -0.0783 -0.0885 0.9916
1341848054.0868 0.4630 -0.1807 0.7625 0.0498 -0.0766 -0.0819 0.9924
1341848054.1189 0.4573 -0.1805 0.7565 0.0476 -0.0755 -0.0749 0.9932
1341848054.1550 0.4650 -0.1767 0.7482 0.0463 -0.0779 -0.0680 0.9936
1341848054.1867 0.4603 -0.1803 0.7418 0.0422 -0.0763 -0.0663 0.9940
1341848054.2190 0.4534 -0.1858 0.7366 0.0410 -0.0744 -0.0656 0.9942
1341848054.2548 0.4534 -0.1871 0.7283 0.0438 -0.0732 -0.0662 0.9942
1341848054.2868 0.4629 -0.1724 0.7179 0.0482 -0.0733 -0.0655 0.9940
1341848054.3229 0.4587 -0.1701 0.7086 0.0430 -0.0700 -0.0646 0.9945
1341848054.3548 0.4486 -0.1771 0.7031 0.0384 -0.0674 -0.0637 0.9949
1341848054.3871 0.4581 -0.1717 0.6929 0.0380 -0.0688 -0.0638 0.9949
1341848054.4229 0.4526 -0.1724 0.6858 0.0340 -0.0649 -0.0635 0.9953
1341848054.4547 0.4431 -0.1727 0.6811 0.0324 -0.0635 -0.0618 0.9955
1341848054.4869 0.4457 -0.1714 0.6725 0.0318 -0.0667 -0.0600 0.9955
1341848054.5227 0.4489 -0.1732 0.6671 0.0302 -0.0668 -0.0593 0.9955
1341848054.5549 0.4431 -0.1784 0.6609 0.0300 -0.0631 -0.0577 0.9959
1341848054.5908 0.4466 -0.1736 0.6523 0.0326 -0.0625 -0.0547 0.9960
1341848054.6227 0.4498 -0.1716 0.6444 0.0319 -0.0627 -0.0535 0.9961
1341848054.6564 0.4442 -0.1719 0.6409 0.0311 -0.0602 -0.0520 0.9963
1341848054.6910 0.4575 -0.1751 0.6316 0.0304 -0.0592 -0.0492 0.9966
1341848054.7227 0.4549 -0.1770 0.6260 0.0313 -0.0553 -0.0504 0.9967
1341848054.7547 0.4545 -0.1765 0.6201 0.0335 -0.0523 -0.0485 0.9969
1341848054.7909 0.4584 -0.1755 0.6123 0.0360 -0.0509 -0.0452 0.9970
1341848054.8229 0.4649 -0.1714 0.6038 0.0372 -0.0490 -0.0403 0.9973
1341848054.8589 0.4615 -0.1722 0.5996 0.0368 -0.0456 -0.0346 0.9977
1341848054.8909 0.4652 -0.1740 0.5932 0.0383 -0.0452 -0.0308 0.9978
1341848054.9228 0.4731 -0.1741 0.5838 0.0395 -0.0433 -0.0262 0.9979
1341848054.9587 0.4727 -0.1700 0.5762 0.0403 -0.0399 -0.0217 0.9982
1341848054.9911 0.4674 -0.1736 0.5702 0.0411 -0.0385 -0.0202 0.9982
1341848055.0230 0.4778 -0.1706 0.5607 0.0443 -0.0384 -0.0187 0.9981
1341848055.0587 0.4764 -0.1670 0.5516 0.0463 -0.0338 -0.0160 0.9982
1341848055.0907 0.4688 -0.1646 0.5424 0.0484 -0.0315 -0.0126 0.9982
1341848055.1270 0.4770 -0.1578 0.5306 0.0505 -0.0331 -0.0085 0.9981
1341848055.1592 0.4810 -0.1575 0.5212 0.0498 -0.0309 -0.0067 0.9983
1341848055.1910 0.4739 -0.1574 0.5119 0.0515 -0.0264 -0.0048 0.9983
1341848055.2268 0.4726 -0.1476 0.4981 0.0554 -0.0260 -0.0018 0.9981
1341848055.2589 0.4766 -0.1390 0.4844 0.0556 -0.0270 -0.0002 0.9981
1341848055.2947 0.4729 -0.1377 0.4770 0.0547 -0.0259 0.0015 0.9982
1341848055.3268 0.4702 -0.1336 0.4622 0.0555 -0.0257 0.0036 0.9981
1341848055.3589 0.4713 -0.1279 0.4515 0.0562 -0.0255 0.0028 0.9981
1341848055.3947 0.4725 -0.1212 0.4368 0.0562 -0.0234 0.0019 0.9981
1341848055.4268 0.4670 -0.1181 0.4266 0.0561 -0.0199 0.0013 0.9982
1341848055.4588 0.4639 -0.1104 0.4142 0.0573 -0.0181 0.0020 0.9982
1341848055.4947 0.4661 -0.1032 0.4016 0.0566 -0.0167 0.0035 0.9982
1341848055.5267 0.4593 -0.1009 0.3929 0.0556 -0.0132 0.0037 0.9984
1341848055.5626 0.4578 -0.0974 0.3831 0.0570 -0.0110 0.0044 0.9983
1341848055.5947 0.4578 -0.0883 0.3696 0.0579 -0.0082 0.0051 0.9983
1341848055.6267 0.4526 -0.0809 0.3632 0.0575 -0.0047 0.0061 0.9983
1341848055.6630 0.4472 -0.0787 0.3540 0.0570 -0.0034 0.0078 0.9983
1341848055.6948 0.4535 -0.0719 0.3411 0.0570 -0.0018 0.0082 0.9983
1341848055.7268 0.4552 -0.0641 0.3330 0.0547 0.0047 0.0101 0.9984
1341848055.7628 0.4378 -0.0665 0.3333 0.0529 0.0102 0.0131 0.9985
1341848055.7950 0.4383 -0.0646 0.3246 0.0539 0.0104 0.0162 0.9984
1341848055.8308 0.4398 -0.0628 0.3180 0.0536 0.0135 0.0194 0.9983
1341848055.8628 0.4314 -0.0639 0.3135 0.0546 0.0179 0.0232 0.9981
1341848055.8948 0.4261 -0.0613 0.3057 0.0568 0.0201 0.0263 0.9978
1341848055.9307 0.4230 -0.0563 0.2985 0.0581 0.0223 0.0270 0.9977
1341848055.9628 0.4125 -0.0543 0.2951 0.0588 0.0247 0.0291 0.9975
1341848055.9947 0.4090 -0.0467 0.2891 0.0594 0.0250 0.0321 0.9974
1341848056.0307 0.4004 -0.0434 0.2859 0.0575 0.0267 0.0339 0.9974
1341848056.0628 0.3892 -0.0456 0.2821 0.0565 0.0278 0.0355 0.9974
1341848056.0988 0.3813 -0.0416 0.2783 0.0570 0.0286 0.0364 0.9973
1341848056.1306 0.3704 -0.0409 0.2752 0.0568 0.0305 0.0372 0.9972
1341848056.1627 0.3537 -0.0391 0.2715 0.0579 0.0320 0.0377 0.9971
1341848056.1987 0.3424 -0.0332 0.2665 0.0591 0.0304 0.0389 0.9970
1341848056.2307 0.3299 -0.0279 0.2625 0.0586 0.0294 0.0405 0.9970
1341848056.2639 0.3130 -0.0281 0.2609 0.0578 0.0285 0.0401 0.9971
1341848056.2988 0.3046 -0.0257 0.2565 0.0581 0.0262 0.0400 0.9972
1341848056.3307 0.2927 -0.0188 0.2515 0.0580 0.0261 0.0411 0.9971
1341848056.3667 0.2718 -0.0176 0.2523 0.0569 0.0260 0.0427 0.9971
1341848056.3987 0.2550 -0.0105 0.2453 0.0571 0.0227 0.0449 0.9971
1341848056.4307 0.2462 0.0013 0.2361 0.0533 0.0186 0.0496 0.9972
1341848056.4668 0.2267 0.0031 0.2349 0.0460 0.0175 0.0551 0.9973
1341848056.4989 0.2091 -0.0002 0.2364 0.0413 0.0152 0.0558 0.9975
1341848056.5348 0.2021 0.0022 0.2316 0.0387 0.0131 0.0548 0.9977
1341848056.5667 0.1854 0.0019 0.2316 0.0357 0.0139 0.0542 0.9978
1341848056.5989 0.1635 0.0050 0.2295 0.0346 0.0133 0.0572 0.9977
1341848056.6348 0.1494 0.0116 0.2240 0.0323 0.0085 0.0588 0.9977
1341848056.6668 0.1380 0.0087 0.2247 0.0279 0.0051 0.0601 0.9978
1341848056.6989 0.1253 0.0084 0.2230 0.0272 0.0031 0.0601 0.9978
1341848056.7348 0.1125 0.0122 0.2208 0.0265 0.0012 0.0577 0.9980
1341848056.7667 0.0974 0.0123 0.2194 0.0258 -0.0006 0.0566 0.9981
1341848056.8029 0.0919 0.0163 0.2133 0.0240 -0.0034 0.0542 0.9982
1341848056.8350 0.0768 0.0143 0.2154 0.0217 -0.0040 0.0517 0.9984
1341848056.8667 0.0660 0.0104 0.2168 0.0213 -0.0058 0.0513 0.9984
1341848056.9027 0.0634 0.0125 0.2121 0.0219 -0.0062 0.0508 0.9984
1341848056.9347 0.0552 0.0133 0.2122 0.0203 -0.0037 0.0488 0.9986
1341848056.9668 0.0406 0.0111 0.2124 0.0201 -0.0020 0.0486 0.9986
1341848057.0027 0.0357 0.0150 0.2090 0.0198 -0.0020 0.0489 0.9986
1341848057.0348 0.0275 0.0157 0.2072 0.0171 0.0014 0.0480 0.9987
1341848057.0710 0.0105 0.0141 0.2097 0.0160 0.0044 0.0463 0.9988
1341848057.1028 0.0027 0.0170 0.2058 0.0163 0.0042 0.0452 0.9988
1341848057.1347 -0.0047 0.0224 0.2017 0.0140 0.0061 0.0458 0.9988
1341848057.1707 -0.0205 0.0197 0.2050 0.0111 0.0079 0.0443 0.9989
1341848057.2026 -0.0306 0.0213 0.2026 0.0112 0.0084 0.0415 0.9990
1341848057.2347 -0.0378 0.0283 0.1974 0.0100 0.0107 0.0402 0.9991
1341848057.2708 -0.0518 0.0332 0.1955 0.0071 0.0127 0.0407 0.9991
1341848057.3029 -0.0644 0.0335 0.1960 0.0046 0.0127 0.0399 0.9991
1341848057.3388 -0.0735 0.0361 0.1917 0.0023 0.0147 0.0391 0.9991
1341848057.3708 -0.0876 0.0409 0.1904 -0.0009 0.0181 0.0401 0.9990
1341848057.4027 -0.1010 0.0423 0.1919 -0.0025 0.0191 0.0406 0.9990
1341848057.4389 -0.1101 0.0455 0.1851 -0.0036 0.0212 0.0412 0.9989
1341848057.4707 -0.1237 0.0498 0.1841 -0.0059 0.0262 0.0437 0.9987
1341848057.5067 -0.1407 0.0533 0.1829 -0.0059 0.0286 0.0470 0.9985
1341848057.5388 -0.1522 0.0584 0.1754 -0.0069 0.0284 0.0492 0.9984
1341848057.5711 -0.1645 0.0612 0.1702 -0.0105 0.0311 0.0521 0.9981
1341848057.6067 -0.1755 0.0631 0.1691 -0.0139 0.0343 0.0557 0.9978
1341848057.6388 -0.1878 0.0631 0.1662 -0.0159 0.0383 0.0580 0.9975
1341848057.6709 -0.1998 0.0662 0.1632 -0.0179 0.0434 0.0605 0.9971
1341848057.7068 -0.2129 0.0676 0.1618 -0.0188 0.0480 0.0649 0.9966
1341848057.7389 -0.2252 0.0707 0.1556 -0.0184 0.0497 0.0666 0.9964
1341848057.7750 -0.2381 0.0742 0.1529 -0.0195 0.0524 0.0687 0.9961
1341848057.8068 -0.2533 0.0736 0.1510 -0.0207 0.0560 0.0742 0.9955
1341848057.8388 -0.2633 0.0756 0.1487 -0.0191 0.0554 0.0796 0.9951
1341848057.8748 -0.2763 0.0788 0.1439 -0.0180 0.0567 0.0814 0.9949
1341848057.9068 -0.2854 0.0824 0.1394 -0.0176 0.0569 0.0819 0.9949
1341848057.9388 -0.3027 0.0868 0.1336 -0.0178 0.0573 0.0845 0.9946
1341848057.9753 -0.3142 0.0877 0.1321 -0.0198 0.0562 0.0865 0.9945
1341848058.0068 -0.3275 0.0853 0.1338 -0.0203 0.0550 0.0862 0.9945
1341848058.0428 -0.3414 0.0843 0.1332 -0.0180 0.0522 0.0856 0.9948
1341848058.0760 -0.3521 0.0879 0.1278 -0.0159 0.0494 0.0855 0.9950
1341848058.1068 -0.3666 0.0857 0.1293 -0.0163 0.0474 0.0845 0.9952
1341848058.1427 -0.3813 0.0838 0.1298 -0.0139 0.0441 0.0830 0.9955
1341848058.1747 -0.3930 0.0867 0.1271 -0.0115 0.0405 0.0809 0.9958
1341848058.2071 -0.4065 0.0866 0.1260 -0.0113 0.0390 0.0788 0.9961
1341848058.2427 -0.4211 0.0866 0.1278 -0.0101 0.0363 0.0757 0.9964
1341848058.2747 -0.4320 0.0853 0.1322 -0.0083 0.0347 0.0737 0.9966
1341848058.3107 -0.4440 0.0830 0.1330 -0.0048 0.0361 0.0720 0.9967
1341848058.3432 -0.4564 0.0864 0.1304 -0.0012 0.0352 0.0688 0.9970
1341848058.3749 -0.4686 0.0864 0.1259 -0.0005 0.0350 0.0708 0.9969
1341848058.4107 -0.4795 0.0860 0.1258 -0.0021 0.0346 0.0726 0.9968
1341848058.4428 -0.4899 0.0862 0.1307 -0.0024 0.0341 0.0746 0.9966
1341848058.4747 -0.4971 0.0847 0.1378 -0.0010 0.0343 0.0767 0.9965
1341848058.5430 -0.5188 0.0828 0.1366 0.0026 0.0389 0.0830 0.9958
1341848058.5789 -0.5265 0.0832 0.1394 0.0034 0.0386 0.0875 0.9954
1341848058.6108 -0.5306 0.0823 0.1424 0.0032 0.0407 0.0905 0.9951
1341848058.6431 -0.5423 0.0817 0.1434 0.0033 0.0439 0.0911 0.9949
1341848058.6787 -0.5490 0.0805 0.1541 0.0054 0.0441 0.0909 0.9949
1341848058.7107 -0.5441 0.0799 0.1477 0.0091 0.0458 0.0911 0.9947
1341848058.7468 -0.5673 0.0808 0.1490 0.0093 0.0546 0.0887 0.9945
1341848058.7787 -0.5794 0.0837 0.1512 0.0085 0.0539 0.0913 0.9943
1341848058.8109 -0.5836 0.0826 0.1564 0.0076 0.0516 0.0952 0.9941
1341848058.8468 -0.5854 0.0805 0.1614 0.0057 0.0535 0.0958 0.9939
1341848058.8796 -0.5938 0.0794 0.1657 0.0063 0.0572 0.0981 0.9935
1341848058.9468 -0.5989 0.0805 0.1682 0.0071 0.0584 0.1029 0.9929
1341848058.9789 -0.6022 0.0770 0.1730 0.0081 0.0606 0.1042 0.9927
1341848059.0147 -0.6077 0.0754 0.1725 0.0111 0.0624 0.1053 0.9924
1341848059.0467 -0.6085 0.0779 0.1735 0.0128 0.0641 0.1063 0.9922
1341848059.0788 -0.6117 0.0742 0.1757 0.0128 0.0678 0.1066 0.9919
1341848059.1147 -0.6149 0.0744 0.1759 0.0140 0.0720 0.1058 0.9917
1341848059.1467 -0.6189 0.0750 0.1751 0.0139 0.0751 0.1057 0.9915
1341848059.1787 -0.6185 0.0750 0.1782 0.0140 0.0771 0.1052 0.9914
1341848059.2147 -0.6167 0.0753 0.1811 0.0151 0.0805 0.1045 0.9911
1341848059.2468 -0.6185 0.0747 0.1814 0.0172 0.0855 0.1050 0.9906
1341848059.2827 -0.6210 0.0745 0.1817 0.0194 0.0886 0.1071 0.9901
1341848059.3147 -0.6199 0.0750 0.1798 0.0219 0.0912 0.1097 0.9895
1341848059.3468 -0.6203 0.0767 0.1754 0.0225 0.0937 0.1119 0.9890
1341848059.3827 -0.6196 0.0758 0.1801 0.0232 0.0949 0.1135 0.9887
1341848059.4147 -0.6187 0.0748 0.1790 0.0257 0.0976 0.1150 0.9882
1341848059.4468 -0.6180 0.0762 0.1771 0.0264 0.1020 0.1141 0.9879
1341848059.4827 -0.6206 0.0774 0.1767 0.0270 0.1058 0.1150 0.9873
1341848059.5147 -0.6203 0.0786 0.1751 0.0281 0.1067 0.1178 0.9869
1341848059.5508 -0.6188 0.0785 0.1734 0.0283 0.1083 0.1177 0.9867
1341848059.5827 -0.6195 0.0789 0.1746 0.0296 0.1117 0.1185 0.9862
1341848059.6147 -0.6228 0.0804 0.1714 0.0328 0.1122 0.1204 0.9858
1341848059.6507 -0.6248 0.0797 0.1687 0.0345 0.1113 0.1222 0.9856
1341848059.6827 -0.6227 0.0810 0.1671 0.0344 0.1122 0.1202 0.9858
1341848059.7187 -0.6270 0.0796 0.1687 0.0344 0.1155 0.1198 0.9855
1341848059.7509 -0.6293 0.0800 0.1687 0.0370 0.1152 0.1198 0.9854
1341848059.7828 -0.6292 0.0837 0.1635 0.0381 0.1150 0.1188 0.9855
1341848059.8188 -0.6315 0.0824 0.1664 0.0363 0.1183 0.1184 0.9852
1341848059.8507 -0.6347 0.0798 0.1686 0.0383 0.1199 0.1181 0.9850
1341848059.8827 -0.6367 0.0824 0.1636 0.0418 0.1192 0.1168 0.9851
1341848059.9188 -0.6372 0.0851 0.1616 0.0435 0.1181 0.1158 0.9853
1341848059.9508 -0.6392 0.0855 0.1608 0.0449 0.1180 0.1166 0.9851
1341848059.9868 -0.6420 0.0826 0.1616 0.0469 0.1177 0.1171 0.9850
1341848060.0187 -0.6407 0.0823 0.1609 0.0495 0.1177 0.1141 0.9852
1341848060.0507 -0.6412 0.0817 0.1619 0.0533 0.1205 0.1121 0.9849
1341848060.0868 -0.6483 0.0838 0.1562 0.0575 0.1208 0.1108 0.9848
1341848060.1188 -0.6449 0.0881 0.1547 0.0612 0.1174 0.1084 0.9852
1341848060.1508 -0.6429 0.0905 0.1524 0.0613 0.1198 0.1059 0.9852
1341848060.1869 -0.6459 0.0887 0.1538 0.0618 0.1214 0.1051 0.9851
1341848060.2189 -0.6434 0.0883 0.1545 0.0654 0.1202 0.1025 0.9853
1341848060.2548 -0.6386 0.0971 0.1490 0.0664 0.1224 0.1002 0.9852
1341848060.2875 -0.6403 0.0949 0.1518 0.0643 0.1251 0.0996 0.9850
1341848060.3189 -0.6400 0.0921 0.1526 0.0664 0.1243 0.0987 0.9851
1341848060.3546 -0.6335 0.1009 0.1485 0.0673 0.1242 0.0955 0.9853
1341848060.3873 -0.6326 0.0977 0.1530 0.0653 0.1277 0.0934 0.9852
1341848060.4186 -0.6333 0.0972 0.1522 0.0673 0.1272 0.0922 0.9853
1341848060.4548 -0.6279 0.1003 0.1498 0.0686 0.1263 0.0890 0.9856
1341848060.4867 -0.6242 0.1007 0.1535 0.0684 0.1293 0.0856 0.9855
1341848060.5229 -0.6250 0.0983 0.1581 0.0708 0.1304 0.0834 0.9854
1341848060.5547 -0.6191 0.1013 0.1541 0.0749 0.1297 0.0811 0.9854
1341848060.5867 -0.6140 0.1063 0.1530 0.0746 0.1328 0.0785 0.9852
1341848060.6227 -0.6150 0.1023 0.1580 0.0747 0.1347 0.0785 0.9849
1341848060.6561 -0.6121 0.1039 0.1545 0.0778 0.1331 0.0783 0.9849
1341848060.6873 -0.6062 0.1072 0.1541 0.0775 0.1338 0.0772 0.9850
1341848060.7232 -0.6064 0.1040 0.1562 0.0775 0.1349 0.0783 0.9847
1341848060.7579 -0.6050 0.1050 0.1552 0.0801 0.1320 0.0788 0.9849
1341848060.7909 -0.6005 0.1060 0.1545 0.0808 0.1290 0.0790 0.9852
1341848060.8240 -0.5993 0.1030 0.1569 0.0813 0.1270 0.0787 0.9854
1341848060.8624 -0.5975 0.1017 0.1570 0.0835 0.1239 0.0785 0.9856
1341848060.9231 -0.5898 0.0980 0.1599 0.0847 0.1189 0.0791 0.9861
1341848060.9608 -0.5839 0.0976 0.1612 0.0867 0.1160 0.0790 0.9863
1341848060.9969 -0.5795 0.0971 0.1624 0.0874 0.1143 0.0796 0.9864
1341848061.0306 -0.5735 0.0939 0.1646 0.0882 0.1116 0.0802 0.9866
1341848061.0622 -0.5667 0.0917 0.1658 0.0886 0.1102 0.0795 0.9868
1341848061.1006 -0.5619 0.0851 0.1706 0.0890 0.1106 0.0784 0.9868
1341848061.1298 -0.5575 0.0774 0.1724 0.0917 0.1107 0.0782 0.9865
1341848061.1979 -0.5458 0.0701 0.1763 0.0972 0.1107 0.0777 0.9860
1341848061.2594 -0.5330 0.0675 0.1730 0.1041 0.1091 0.0787 0.9854
1341848061.2909 -0.5273 0.0588 0.1768 0.1051 0.1087 0.0794 0.9853
1341848061.3266 -0.5216 0.0575 0.1736 0.1085 0.1083 0.0808 0.9849
1341848061.3589 -0.5141 0.0571 0.1761 0.1100 0.1088 0.0804 0.9847
1341848061.3908 -0.5114 0.0531 0.1755 0.1114 0.1094 0.0826 0.9843
1341848061.4269 -0.5059 0.0534 0.1751 0.1129 0.1087 0.0844 0.9840
1341848061.4588 -0.4990 0.0518 0.1775 0.1123 0.1095 0.0853 0.9839
1341848061.4947 -0.4978 0.0470 0.1797 0.1133 0.1109 0.0847 0.9837
1341848061.5267 -0.4935 0.0504 0.1785 0.1155 0.1107 0.0846 0.9835
1341848061.5588 -0.4877 0.0534 0.1789 0.1149 0.1108 0.0856 0.9835
1341848061.5947 -0.4866 0.0461 0.1829 0.1132 0.1127 0.0856 0.9834
1341848061.6267 -0.4847 0.0445 0.1823 0.1150 0.1132 0.0854 0.9832
1341848061.6588 -0.4758 0.0520 0.1800 0.1155 0.1135 0.0852 0.9831
1341848061.6949 -0.4779 0.0446 0.1840 0.1135 0.1165 0.0858 0.9830
1341848061.7267 -0.4775 0.0436 0.1840 0.1149 0.1162 0.0864 0.9828
1341848061.7628 -0.4700 0.0477 0.1833 0.1146 0.1166 0.0852 0.9829
1341848061.7948 -0.4707 0.0429 0.1862 0.1133 0.1187 0.0845 0.9828
1341848061.8267 -0.4710 0.0431 0.1874 0.1141 0.1187 0.0850 0.9827
1341848061.8629 -0.4665 0.0469 0.1869 0.1134 0.1182 0.0846 0.9829
1341848061.8948 -0.4670 0.0427 0.1914 0.1113 0.1193 0.0833 0.9831
1341848061.9307 -0.4670 0.0409 0.1932 0.1117 0.1193 0.0820 0.9831
1341848061.9628 -0.4649 0.0448 0.1939 0.1115 0.1188 0.0819 0.9832
1341848061.9972 -0.4662 0.0420 0.1969 0.1095 0.1182 0.0817 0.9836
1341848062.0307 -0.4626 0.0401 0.1996 0.1084 0.1164 0.0795 0.9841
1341848062.0633 -0.4609 0.0409 0.2024 0.1078 0.1162 0.0778 0.9843
1341848062.0949 -0.4611 0.0395 0.2054 0.1063 0.1146 0.0767 0.9847
1341848062.1308 -0.4578 0.0383 0.2097 0.1050 0.1123 0.0759 0.9852
1341848062.1634 -0.4568 0.0333 0.2141 0.1039 0.1112 0.0727 0.9857
1341848062.1987 -0.4558 0.0323 0.2159 0.1041 0.1104 0.0680 0.9861
1341848062.2308 -0.4547 0.0360 0.2174 0.1043 0.1087 0.0665 0.9864
1341848062.2628 -0.4534 0.0372 0.2201 0.1024 0.1052 0.0667 0.9869
1341848062.2993 -0.4519 0.0338 0.2248 0.1001 0.1031 0.0653 0.9875
1341848062.3308 -0.4477 0.0322 0.2280 0.0993 0.1017 0.0631 0.9878
1341848062.3628 -0.4502 0.0299 0.2306 0.0995 0.1010 0.0619 0.9880
1341848062.3988 -0.4459 0.0320 0.2316 0.1003 0.0974 0.0616 0.9883
1341848062.4308 -0.4429 0.0330 0.2315 0.0997 0.0954 0.0640 0.9884
1341848062.4669 -0.4426 0.0321 0.2337 0.0990 0.0928 0.0653 0.9886
1341848062.4987 -0.4388 0.0294 0.2350 0.0985 0.0898 0.0677 0.9888
1341848062.5307 -0.4338 0.0304 0.2343 0.0986 0.0878 0.0679 0.9889
1341848062.5669 -0.4288 0.0324 0.2351 0.0976 0.0873 0.0680 0.9890
1341848062.5988 -0.4312 0.0299 0.2375 0.0975 0.0855 0.0703 0.9891
1341848062.6308 -0.4231 0.0332 0.2351 0.0973 0.0811 0.0729 0.9893
1341848062.6667 -0.4165 0.0294 0.2376 0.0952 0.0802 0.0729 0.9895
1341848062.6987 -0.4144 0.0240 0.2400 0.0962 0.0800 0.0724 0.9895
1341848062.7349 -0.4048 0.0315 0.2362 0.0989 0.0772 0.0729 0.9894
1341848062.7668 -0.3979 0.0326 0.2372 0.0970 0.0762 0.0737 0.9896
1341848062.7987 -0.3969 0.0250 0.2409 0.0962 0.0755 0.0738 0.9898
1341848062.8348 -0.3890 0.0305 0.2384 0.0979 0.0719 0.0732 0.9899
1341848062.8668 -0.3797 0.0313 0.2376 0.0959 0.0704 0.0716 0.9903
1341848062.8991 -0.3802 0.0252 0.2413 0.0943 0.0701 0.0695 0.9906
1341848062.9350 -0.3734 0.0245 0.2410 0.0955 0.0669 0.0647 0.9911
1341848062.9669 -0.3611 0.0302 0.2388 0.0952 0.0656 0.0603 0.9915
1341848063.0029 -0.3606 0.0265 0.2427 0.0932 0.0659 0.0593 0.9917
1341848063.0350 -0.3543 0.0241 0.2445 0.0937 0.0614 0.0585 0.9920
1341848063.0667 -0.3425 0.0240 0.2446 0.0932 0.0586 0.0575 0.9923
1341848063.1028 -0.3367 0.0188 0.2472 0.0936 0.0576 0.0559 0.9924
1341848063.1350 -0.3274 0.0230 0.2444 0.0953 0.0541 0.0558 0.9924
1341848063.1707 -0.3192 0.0230 0.2458 0.0943 0.0507 0.0557 0.9927
1341848063.2027 -0.3115 0.0178 0.2478 0.0932 0.0489 0.0547 0.9929
1341848063.2350 -0.3021 0.0175 0.2477 0.0945 0.0474 0.0515 0.9931
1341848063.2708 -0.2922 0.0185 0.2482 0.0946 0.0470 0.0487 0.9932
1341848063.3028 -0.2868 0.0190 0.2482 0.0942 0.0470 0.0468 0.9933
1341848063.3349 -0.2807 0.0183 0.2501 0.0936 0.0445 0.0437 0.9937
1341848063.3707 -0.2668 0.0199 0.2504 0.0919 0.0433 0.0415 0.9940
1341848063.4027 -0.2621 0.0177 0.2519 0.0899 0.0451 0.0382 0.9942
1341848063.4393 -0.2590 0.0153 0.2560 0.0886 0.0454 0.0351 0.9944
1341848063.4707 -0.2463 0.0202 0.2562 0.0879 0.0445 0.0331 0.9946
1341848063.5028 -0.2423 0.0181 0.2615 0.0835 0.0469 0.0320 0.9949
1341848063.5418 -0.2448 0.0094 0.2706 0.0827 0.0478 0.0328 0.9949
1341848063.5778 -0.2297 0.0177 0.2662 0.0840 0.0454 0.0346 0.9948
1341848063.6097 -0.2252 0.0151 0.2718 0.0797 0.0456 0.0359 0.9951
1341848063.6430 -0.2252 0.0097 0.2780 0.0787 0.0448 0.0367 0.9952
1341848063.6780 -0.2126 0.0176 0.2745 0.0783 0.0419 0.0370 0.9954
1341848063.7099 -0.2098 0.0168 0.2815 0.0734 0.0408 0.0376 0.9958
1341848063.7458 -0.2092 0.0102 0.2920 0.0707 0.0389 0.0371 0.9960
1341848063.7778 -0.1995 0.0112 0.2936 0.0705 0.0367 0.0343 0.9962
1341848063.8098 -0.1958 0.0088 0.2996 0.0686 0.0370 0.0328 0.9964
1341848063.8457 -0.1939 0.0024 0.3078 0.0686 0.0352 0.0318 0.9965
1341848063.8779 -0.1818 0.0032 0.3104 0.0691 0.0324 0.0311 0.9966
1341848063.9138 -0.1751 -0.0063 0.3213 0.0678 0.0341 0.0280 0.9967
1341848063.9458 -0.1731 -0.0132 0.3315 0.0709 0.0354 0.0254 0.9965
1341848063.9779 -0.1666 -0.0138 0.3359 0.0737 0.0321 0.0266 0.9964
1341848064.0140 -0.1564 -0.0167 0.3418 0.0734 0.0292 0.0280 0.9965
1341848064.0458 -0.1558 -0.0308 0.3582 0.0730 0.0285 0.0266 0.9966
1341848064.0817 -0.1438 -0.0310 0.3600 0.0767 0.0254 0.0247 0.9964
1341848064.1137 -0.1310 -0.0308 0.3686 0.0760 0.0256 0.0253 0.9965
1341848064.1458 -0.1327 -0.0417 0.3801 0.0741 0.0263 0.0264 0.9966
1341848064.1818 -0.1229 -0.0463 0.3863 0.0754 0.0224 0.0284 0.9965
1341848064.2139 -0.1073 -0.0475 0.3917 0.0750 0.0210 0.0282 0.9966
1341848064.2498 -0.1005 -0.0587 0.4054 0.0737 0.0241 0.0270 0.9966
1341848064.2830 -0.0938 -0.0652 0.4149 0.0761 0.0239 0.0272 0.9964
1341848064.3138 -0.0747 -0.0625 0.4193 0.0776 0.0215 0.0276 0.9964
1341848064.3498 -0.0661 -0.0719 0.4302 0.0761 0.0234 0.0269 0.9965
1341848064.3826 -0.0536 -0.0765 0.4368 0.0777 0.0237 0.0269 0.9963
1341848064.4181 -0.0402 -0.0749 0.4406 0.0778 0.0239 0.0269 0.9963
1341848064.4498 -0.0325 -0.0839 0.4522 0.0751 0.0249 0.0235 0.9966
1341848064.4818 -0.0212 -0.0943 0.4627 0.0757 0.0255 0.0196 0.9966
1341848064.5180 -0.0078 -0.0955 0.4652 0.0781 0.0262 0.0176 0.9964
1341848064.5497 0.0005 -0.0997 0.4735 0.0786 0.0268 0.0180 0.9964
1341848064.5817 0.0066 -0.1081 0.4805 0.0797 0.0263 0.0200 0.9963
1341848064.6177 0.0212 -0.1084 0.4800 0.0824 0.0241 0.0211 0.9961
1341848064.6497 0.0301 -0.1092 0.4809 0.0832 0.0237 0.0224 0.9960
1341848064.6858 0.0350 -0.1102 0.4850 0.0832 0.0214 0.0252 0.9960
1341848064.7499 0.0568 -0.1134 0.4885 0.0818 0.0206 0.0224 0.9962
1341848064.8107 0.0682 -0.1153 0.4917 0.0828 0.0177 0.0214 0.9962
1341848064.8427 0.0768 -0.1151 0.4961 0.0816 0.0155 0.0214 0.9963
1341848064.8788 0.0799 -0.1195 0.5010 0.0812 0.0148 0.0222 0.9963
1341848064.9108 0.0904 -0.1169 0.4995 0.0820 0.0113 0.0253 0.9962
1341848064.9469 0.1005 -0.1163 0.5001 0.0800 0.0093 0.0280 0.9964
1341848064.9788 0.1038 -0.1243 0.5075 0.0783 0.0087 0.0289 0.9965
1341848065.0108 0.1156 -0.1234 0.5053 0.0804 0.0068 0.0302 0.9963
1341848065.0468 0.1258 -0.1189 0.5062 0.0799 0.0062 0.0311 0.9963
1341848065.0787 0.1271 -0.1245 0.5118 0.0786 0.0054 0.0327 0.9964
1341848065.1107 0.1406 -0.1227 0.5101 0.0788 0.0014 0.0350 0.9963
1341848065.1467 0.1464 -0.1232 0.5155 0.0773 0.0017 0.0347 0.9964
1341848065.1788 0.1496 -0.1333 0.5227 0.0781 0.0013 0.0333 0.9964
1341848065.2148 0.1612 -0.1267 0.5176 0.0824 -0.0005 0.0334 0.9960
1341848065.2468 0.1733 -0.1202 0.5192 0.0815 -0.0024 0.0314 0.9962
1341848065.2787 0.1771 -0.1319 0.5236 0.0795 -0.0023 0.0301 0.9964
1341848065.3148 0.1856 -0.1281 0.5221 0.0823 -0.0038 0.0289 0.9962
1341848065.3468 0.1973 -0.1277 0.5249 0.0821 -0.0056 0.0258 0.9963
1341848065.3828 0.2065 -0.1320 0.5241 0.0825 -0.0064 0.0255 0.9962
1341848065.4149 0.2141 -0.1302 0.5259 0.0836 -0.0072 0.0240 0.9962
1341848065.4467 0.2224 -0.1363 0.5288 0.0839 -0.0083 0.0205 0.9962
1341848065.4828 0.2357 -0.1363 0.5283 0.0862 -0.0088 0.0193 0.9961
1341848065.5147 0.2411 -0.1364 0.5292 0.0872 -0.0089 0.0194 0.9960
1341848065.5469 0.2499 -0.1393 0.5316 0.0873 -0.0106 0.0184 0.9960
1341848065.5827 0.2614 -0.1421 0.5318 0.0885 -0.0114 0.0169 0.9959
1341848065.6148 0.2661 -0.1411 0.5321 0.0895 -0.0116 0.0160 0.9958
1341848065.6829 0.2775 -0.1454 0.5363 0.0900 -0.0160 0.0132 0.9957
1341848065.7148 0.2888 -0.1399 0.5337 0.0911 -0.0183 0.0113 0.9956
1341848065.7507 0.2879 -0.1400 0.5352 0.0895 -0.0194 0.0092 0.9958
1341848065.7827 0.2924 -0.1414 0.5359 0.0887 -0.0238 0.0062 0.9957
1341848065.8147 0.3050 -0.1392 0.5347 0.0882 -0.0268 0.0025 0.9957
1341848065.8507 0.3034 -0.1382 0.5378 0.0872 -0.0275 -0.0029 0.9958
1341848065.9187 0.3080 -0.1287 0.5354 0.0845 -0.0395 -0.0043 0.9956
1341848065.9508 0.3154 -0.1292 0.5398 0.0801 -0.0453 -0.0079 0.9957
1341848065.9828 0.3149 -0.1344 0.5424 0.0777 -0.0489 -0.0121 0.9957
1341848066.0188 0.3245 -0.1274 0.5403 0.0780 -0.0541 -0.0154 0.9954
1341848066.0507 0.3308 -0.1261 0.5424 0.0751 -0.0574 -0.0196 0.9953
1341848066.0828 0.3313 -0.1293 0.5460 0.0733 -0.0597 -0.0203 0.9953
1341848066.1187 0.3350 -0.1277 0.5470 0.0730 -0.0639 -0.0206 0.9951
1341848066.1510 0.3457 -0.1263 0.5486 0.0714 -0.0689 -0.0224 0.9948
1341848066.1868 0.3507 -0.1291 0.5526 0.0689 -0.0697 -0.0222 0.9949
1341848066.2187 0.3482 -0.1326 0.5555 0.0680 -0.0722 -0.0230 0.9948
1341848066.2508 0.3620 -0.1321 0.5570 0.0681 -0.0765 -0.0241 0.9944
1341848066.2867 0.3662 -0.1353 0.5609 0.0670 -0.0768 -0.0262 0.9944
1341848066.3187 0.3683 -0.1433 0.5662 0.0671 -0.0775 -0.0274 0.9944
1341848066.3548 0.3797 -0.1419 0.5697 0.0696 -0.0798 -0.0273 0.9940
1341848066.3868 0.3838 -0.1472 0.5737 0.0698 -0.0799 -0.0283 0.9939
1341848066.4188 0.3858 -0.1532 0.5782 0.0711 -0.0808 -0.0283 0.9938
1341848066.4547 0.3949 -0.1531 0.5818 0.0736 -0.0845 -0.0289 0.9933
1341848066.4869 0.4029 -0.1540 0.5863 0.0739 -0.0865 -0.0306 0.9930
1341848066.5228 0.4054 -0.1595 0.5921 0.0734 -0.0876 -0.0328 0.9929
1341848066.5551 0.4108 -0.1634 0.5980 0.0747 -0.0905 -0.0359 0.9924
1341848066.6235 0.4261 -0.1719 0.6103 0.0769 -0.0917 -0.0445 0.9918
1341848066.6552 0.4325 -0.1745 0.6145 0.0790 -0.0935 -0.0473 0.9913
1341848066.6977 0.4423 -0.1758 0.6202 0.0804 -0.0944 -0.0498 0.9910
1341848066.7325 0.4445 -0.1845 0.6276 0.0809 -0.0943 -0.0529 0.9908
1341848066.7644 0.4519 -0.1887 0.6336 0.0841 -0.0950 -0.0553 0.9904
1341848066.7953 0.4639 -0.1883 0.6382 0.0871 -0.0955 -0.0587 0.9899
1341848066.8334 0.4653 -0.1923 0.6433 0.0881 -0.0956 -0.0625 0.9896
1341848066.8621 0.4787 -0.1924 0.6465 0.0896 -0.0982 -0.0634 0.9891
1341848066.9050 0.4850 -0.1911 0.6504 0.0890 -0.0983 -0.0655 0.9890
1341848066.9302 0.4842 -0.1980 0.6558 0.0878 -0.0989 -0.0674 0.9889
1341848066.9979 0.5071 -0.1966 0.6616 0.0880 -0.1005 -0.0712 0.9885
1341848067.0547 0.5152 -0.2024 0.6682 0.0876 -0.1021 -0.0745 0.9881
1341848067.0909 0.5183 -0.2064 0.6724 0.0870 -0.1006 -0.0770 0.9881
1341848067.1230 0.5145 -0.2137 0.6755 0.0879 -0.1003 -0.0780 0.9880
1341848067.1588 0.5264 -0.2119 0.6754 0.0917 -0.1027 -0.0774 0.9874
1341848067.1911 0.5303 -0.2093 0.6765 0.0925 -0.1027 -0.0771 0.9874
1341848067.2229 0.5327 -0.2148 0.6792 0.0921 -0.1036 -0.0761 0.9874
1341848067.2587 0.5416 -0.2138 0.6777 0.0931 -0.1043 -0.0738 0.9874
1341848067.3228 0.5476 -0.2167 0.6824 0.0920 -0.1044 -0.0692 0.9879
1341848067.3587 0.5575 -0.2152 0.6820 0.0922 -0.1063 -0.0660 0.9879
1341848067.3907 0.5625 -0.2158 0.6831 0.0911 -0.1044 -0.0638 0.9883
1341848067.4269 0.5641 -0.2180 0.6824 0.0907 -0.1032 -0.0609 0.9886
1341848067.4587 0.5728 -0.2132 0.6819 0.0914 -0.1036 -0.0575 0.9887
1341848067.4915 0.5773 -0.2117 0.6829 0.0891 -0.1015 -0.0553 0.9893
1341848067.5267 0.5773 -0.2151 0.6835 0.0876 -0.0995 -0.0547 0.9897
1341848067.5588 0.5868 -0.2130 0.6829 0.0879 -0.0995 -0.0542 0.9897
1341848067.5947 0.5895 -0.2135 0.6844 0.0872 -0.0957 -0.0560 0.9900
1341848067.6267 0.5869 -0.2202 0.6836 0.0874 -0.0930 -0.0567 0.9902
1341848067.6590 0.5944 -0.2189 0.6812 0.0905 -0.0930 -0.0559 0.9900
1341848067.6949 0.6006 -0.2189 0.6800 0.0913 -0.0916 -0.0547 0.9901
1341848067.7267 0.5998 -0.2238 0.6786 0.0926 -0.0907 -0.0524 0.9902
1341848067.7587 0.6081 -0.2186 0.6767 0.0961 -0.0910 -0.0506 0.9899
1341848067.7948 0.6096 -0.2161 0.6748 0.0969 -0.0880 -0.0486 0.9902
1341848067.8268 0.6093 -0.2209 0.6740 0.0972 -0.0872 -0.0463 0.9903
1341848067.8628 0.6203 -0.2178 0.6716 0.0989 -0.0877 -0.0445 0.9902
