1341847980.7869 -0.0040 -0.0026 0.0025 -0.0002 0.0003 -0.0008 1.0000
1341847980.8230 -0.0028 -0.0012 0.0006 0.0010 -0.0000 -0.0014 1.0000
1341847980.8547 -0.0029 -0.0005 -0.0007 0.0012 0.0003 -0.0018 1.0000
1341847980.8907 -0.0054 -0.0011 -0.0005 0.0012 0.0008 -0.0020 1.0000
1341847980.9230 -0.0056 -0.0007 -0.0013 0.0016 0.0005 -0.0025 1.0000
1341847980.9546 -0.0045 0.0002 -0.0030 0.0016 0.0007 -0.0028 1.0000
1341847980.9907 -0.0092 -0.0003 -0.0012 0.0013 0.0018 -0.0029 1.0000
1341847981.0227 -0.0091 0.0002 -0.0033 0.0017 0.0014 -0.0027 1.0000
1341847981.0547 -0.0097 -0.0001 -0.0029 0.0014 0.0015 -0.0029 1.0000
1341847981.0907 -0.0104 -0.0001 -0.0028 0.0017 0.0021 -0.0031 1.0000
1341847981.1230 -0.0123 -0.0001 -0.0042 0.0019 0.0029 -0.0027 1.0000
1341847981.1586 -0.0150 0.0006 -0.0052 0.0016 0.0034 -0.0016 1.0000
1341847981.1906 -0.0181 -0.0001 -0.0042 0.0013 0.0037 0.0000 1.0000
1341847981.2230 -0.0219 -0.0018 -0.0041 0.0016 0.0039 0.0015 1.0000
1341847981.2587 -0.0217 -0.0002 -0.0070 0.0020 0.0030 0.0032 1.0000
1341847981.2908 -0.0221 -0.0014 -0.0064 0.0018 0.0029 0.0036 1.0000
1341847981.3229 -0.0238 -0.0007 -0.0076 0.0023 0.0041 0.0035 1.0000
1341847981.3587 -0.0290 -0.0000 -0.0089 0.0026 0.0055 0.0039 1.0000
1341847981.3908 -0.0355 -0.0005 -0.0088 0.0026 0.0062 0.0049 1.0000
1341847981.4267 -0.0389 -0.0011 -0.0104 0.0031 0.0059 0.0060 1.0000
1341847981.4588 -0.0404 0.0009 -0.0140 0.0034 0.0054 0.0067 1.0000
1341847981.4907 -0.0447 0.0012 -0.0138 0.0033 0.0060 0.0069 1.0000
1341847981.5270 -0.0499 0.0016 -0.0162 0.0039 0.0068 0.0065 0.9999
1341847981.5587 -0.0538 0.0032 -0.0181 0.0040 0.0076 0.0061 0.9999
1341847981.5949 -0.0614 0.0022 -0.0167 0.0044 0.0094 0.0054 0.9999
1341847981.6267 -0.0663 0.0042 -0.0220 0.0056 0.0103 0.0058 0.9999
1341847981.6587 -0.0672 0.0086 -0.0257 0.0051 0.0100 0.0057 0.9999
1341847981.6947 -0.0780 0.0067 -0.0231 0.0046 0.0120 0.0052 0.9999
1341847981.7266 -0.0814 0.0113 -0.0287 0.0048 0.0123 0.0060 0.9999
1341847981.7588 -0.0887 0.0120 -0.0282 0.0037 0.0129 0.0060 0.9999
1341847981.7947 -0.0901 0.0146 -0.0323 0.0028 0.0124 0.0058 0.9999
1341847981.8267 -0.0963 0.0182 -0.0320 0.0015 0.0132 0.0056 0.9999
1341847981.8627 -0.1103 0.0163 -0.0265 0.0012 0.0149 0.0048 0.9999
1341847981.8946 -0.1065 0.0201 -0.0379 0.0011 0.0123 0.0050 0.9999
1341847981.9266 -0.1142 0.0232 -0.0354 -0.0013 0.0122 0.0052 0.9999
1341847981.9948 -0.1273 0.0213 -0.0313 -0.0024 0.0130 0.0047 0.9999
1341847982.0627 -0.1386 0.0193 -0.0308 -0.0004 0.0131 0.0023 0.9999
1341847982.0948 -0.1401 0.0213 -0.0347 0.0005 0.0122 0.0012 0.9999
1341847982.1307 -0.1529 0.0141 -0.0276 0.0009 0.0132 0.0003 0.9999
1341847982.1627 -0.1498 0.0174 -0.0371 0.0045 0.0102 0.0017 0.9999
1341847982.1947 -0.1368 0.0198 -0.0462 0.0034 0.0070 0.0025 1.0000
1341847982.2306 -0.1417 0.0162 -0.0397 0.0015 0.0096 0.0026 0.9999
1341847982.2627 -0.1426 0.0145 -0.0406 0.0025 0.0117 0.0018 0.9999
1341847982.2950 -0.1438 0.0148 -0.0439 0.0031 0.0138 0.0017 0.9999
1341847982.3307 -0.1526 0.0167 -0.0467 0.0058 0.0162 0.0052 0.9998
1341847982.3989 -0.1561 0.0163 -0.0523 0.0107 0.0124 0.0106 0.9998
1341847982.4308 -0.1541 0.0091 -0.0537 0.0101 0.0124 0.0115 0.9998
1341847982.4626 -0.1524 0.0128 -0.0610 0.0118 0.0147 0.0123 0.9997
1341847982.4986 -0.1516 0.0153 -0.0656 0.0117 0.0168 0.0127 0.9997
1341847982.5308 -0.1607 0.0146 -0.0611 0.0102 0.0195 0.0134 0.9997
1341847982.5667 -0.1569 0.0132 -0.0664 0.0083 0.0199 0.0149 0.9997
1341847982.5987 -0.1643 0.0144 -0.0612 0.0060 0.0233 0.0163 0.9996
1341847982.6307 -0.1710 0.0124 -0.0604 0.0050 0.0265 0.0162 0.9995
1341847982.6666 -0.1743 0.0106 -0.0602 0.0033 0.0289 0.0167 0.9994
1341847982.6986 -0.1785 0.0102 -0.0603 0.0019 0.0322 0.0170 0.9993
1341847982.7307 -0.1912 0.0097 -0.0550 0.0012 0.0372 0.0170 0.9992
1341847982.7667 -0.2011 0.0109 -0.0536 0.0020 0.0401 0.0185 0.9990
1341847982.7987 -0.2086 0.0104 -0.0540 0.0021 0.0419 0.0199 0.9989
1341847982.8347 -0.2233 0.0081 -0.0482 0.0030 0.0448 0.0203 0.9988
1341847982.8667 -0.2336 0.0104 -0.0471 0.0063 0.0457 0.0217 0.9987
1341847982.8987 -0.2408 0.0117 -0.0530 0.0077 0.0445 0.0234 0.9987
1341847982.9348 -0.2489 0.0117 -0.0581 0.0064 0.0421 0.0252 0.9988
1341847982.9667 -0.2570 0.0091 -0.0570 0.0048 0.0411 0.0254 0.9988
1341847982.9988 -0.2627 0.0071 -0.0598 0.0034 0.0422 0.0242 0.9988
1341847983.0347 -0.2775 0.0081 -0.0568 0.0022 0.0446 0.0242 0.9987
1341847983.0667 -0.2883 0.0094 -0.0574 0.0014 0.0445 0.0254 0.9987
1341847983.1028 -0.3075 0.0101 -0.0475 0.0007 0.0466 0.0261 0.9986
1341847983.1347 -0.3202 0.0087 -0.0447 0.0014 0.0469 0.0273 0.9985
1341847983.1667 -0.3306 0.0061 -0.0484 0.0020 0.0459 0.0281 0.9985
1341847983.2027 -0.3376 0.0024 -0.0532 0.0011 0.0440 0.0291 0.9986
1341847983.2347 -0.3442 -0.0015 -0.0582 -0.0006 0.0431 0.0295 0.9986
1341847983.2668 -0.3499 -0.0046 -0.0632 -0.0037 0.0435 0.0287 0.9986
1341847983.3027 -0.3627 -0.0104 -0.0614 -0.0072 0.0463 0.0280 0.9985
1341847983.3347 -0.3710 -0.0124 -0.0594 -0.0086 0.0489 0.0271 0.9984
1341847983.3709 -0.3865 -0.0164 -0.0531 -0.0090 0.0529 0.0262 0.9982
1341847983.4027 -0.3985 -0.0156 -0.0560 -0.0077 0.0536 0.0276 0.9981
1341847983.4347 -0.4071 -0.0144 -0.0586 -0.0088 0.0521 0.0306 0.9981
1341847983.4707 -0.4147 -0.0187 -0.0539 -0.0097 0.0518 0.0297 0.9982
1341847983.5028 -0.4203 -0.0201 -0.0569 -0.0083 0.0540 0.0267 0.9981
1341847983.5348 -0.4312 -0.0184 -0.0610 -0.0077 0.0583 0.0255 0.9979
1341847983.5707 -0.4480 -0.0190 -0.0592 -0.0082 0.0616 0.0258 0.9977
1341847983.6027 -0.4635 -0.0218 -0.0574 -0.0076 0.0630 0.0262 0.9976
1341847983.6387 -0.4729 -0.0227 -0.0613 -0.0063 0.0638 0.0265 0.9976
1341847983.7029 -0.5020 -0.0235 -0.0665 -0.0014 0.0671 0.0285 0.9973
1341847983.7387 -0.5156 -0.0212 -0.0699 -0.0002 0.0667 0.0304 0.9973
1341847983.7707 -0.5281 -0.0229 -0.0719 0.0007 0.0665 0.0318 0.9973
1341847983.8067 -0.5395 -0.0247 -0.0722 0.0021 0.0677 0.0313 0.9972
1341847983.8387 -0.5586 -0.0232 -0.0733 0.0060 0.0697 0.0314 0.9971
1341847983.8707 -0.5713 -0.0168 -0.0835 0.0082 0.0681 0.0345 0.9970
1341847983.9067 -0.5874 -0.0167 -0.0808 0.0086 0.0664 0.0374 0.9971
1341847983.9388 -0.5939 -0.0130 -0.0900 0.0090 0.0642 0.0384 0.9972
1341847983.9708 -0.6054 -0.0112 -0.0904 0.0077 0.0658 0.0373 0.9971
1341847984.0067 -0.6205 -0.0096 -0.0903 0.0069 0.0685 0.0366 0.9970
1341847984.0387 -0.6309 -0.0066 -0.0933 0.0057 0.0704 0.0364 0.9968
1341847984.0747 -0.6408 0.0001 -0.0990 0.0040 0.0724 0.0353 0.9967
1341847984.1068 -0.6611 0.0012 -0.0916 -0.0001 0.0764 0.0342 0.9965
1341847984.1387 -0.6804 0.0003 -0.0824 -0.0011 0.0794 0.0330 0.9963
1341847984.1748 -0.6844 0.0080 -0.0957 -0.0025 0.0782 0.0315 0.9964
1341847984.2067 -0.7081 0.0094 -0.0810 -0.0067 0.0820 0.0300 0.9962
1341847984.2387 -0.7234 0.0090 -0.0762 -0.0078 0.0814 0.0307 0.9962
1341847984.2748 -0.7308 0.0123 -0.0762 -0.0096 0.0794 0.0314 0.9963
1341847984.3067 -0.7420 0.0128 -0.0708 -0.0122 0.0797 0.0312 0.9963
1341847984.3431 -0.7558 0.0127 -0.0622 -0.0140 0.0800 0.0316 0.9962
1341847984.4067 -0.7766 0.0142 -0.0518 -0.0177 0.0764 0.0349 0.9963
1341847984.4429 -0.7878 0.0121 -0.0391 -0.0193 0.0766 0.0358 0.9962
1341847984.4746 -0.7963 0.0119 -0.0330 -0.0189 0.0767 0.0354 0.9962
1341847984.5067 -0.8067 0.0100 -0.0232 -0.0199 0.0777 0.0347 0.9962
1341847984.5427 -0.8131 0.0087 -0.0180 -0.0202 0.0793 0.0352 0.9960
1341847984.5748 -0.8233 0.0083 -0.0059 -0.0216 0.0825 0.0358 0.9957
1341847984.6108 -0.8375 -0.0010 0.0138 -0.0217 0.0838 0.0348 0.9956
1341847984.6427 -0.8478 -0.0028 0.0207 -0.0187 0.0828 0.0364 0.9957
1341847984.6748 -0.8539 -0.0041 0.0287 -0.0179 0.0822 0.0375 0.9957
1341847984.7107 -0.8645 -0.0121 0.0475 -0.0173 0.0824 0.0372 0.9958
1341847984.7434 -0.8732 -0.0154 0.0564 -0.0144 0.0818 0.0372 0.9958
1341847984.7789 -0.8812 -0.0175 0.0644 -0.0135 0.0824 0.0382 0.9958
1341847984.8106 -0.8904 -0.0243 0.0830 -0.0130 0.0835 0.0399 0.9956
1341847984.8427 -0.8966 -0.0306 0.0978 -0.0103 0.0836 0.0414 0.9956
1341847984.8788 -0.9037 -0.0338 0.1041 -0.0081 0.0838 0.0430 0.9955
1341847984.9106 -0.9109 -0.0363 0.1117 -0.0079 0.0834 0.0459 0.9954
1341847984.9431 -0.9189 -0.0418 0.1247 -0.0093 0.0821 0.0495 0.9954
1341847984.9792 -0.9227 -0.0459 0.1353 -0.0103 0.0799 0.0522 0.9954
1341847985.0106 -0.9235 -0.0497 0.1444 -0.0125 0.0794 0.0532 0.9953
1341847985.0466 -0.9263 -0.0555 0.1581 -0.0153 0.0824 0.0537 0.9950
1341847985.0787 -0.9323 -0.0618 0.1712 -0.0163 0.0862 0.0534 0.9947
1341847985.1108 -0.9381 -0.0672 0.1830 -0.0176 0.0894 0.0548 0.9943
1341847985.1468 -0.9412 -0.0740 0.1945 -0.0185 0.0919 0.0564 0.9940
1341847985.1787 -0.9467 -0.0811 0.2079 -0.0189 0.0955 0.0575 0.9936
1341847985.2108 -0.9516 -0.0896 0.2199 -0.0182 0.0982 0.0578 0.9933
1341847985.2467 -0.9535 -0.0943 0.2242 -0.0176 0.1005 0.0585 0.9931
1341847985.2789 -0.9587 -0.1013 0.2381 -0.0181 0.1042 0.0586 0.9927
1341847985.3146 -0.9652 -0.1094 0.2502 -0.0168 0.1077 0.0584 0.9923
1341847985.3468 -0.9696 -0.1122 0.2544 -0.0155 0.1094 0.0588 0.9921
1341847985.3788 -0.9734 -0.1168 0.2635 -0.0168 0.1107 0.0590 0.9920
1341847985.4146 -0.9769 -0.1230 0.2777 -0.0174 0.1136 0.0593 0.9916
1341847985.4469 -0.9826 -0.1280 0.2888 -0.0164 0.1164 0.0592 0.9913
1341847985.4787 -0.9878 -0.1323 0.2969 -0.0161 0.1180 0.0604 0.9910
1341847985.5147 -0.9912 -0.1372 0.3078 -0.0168 0.1197 0.0612 0.9908
1341847985.5468 -0.9956 -0.1436 0.3209 -0.0177 0.1229 0.0619 0.9903
1341847985.5826 -1.0019 -0.1502 0.3360 -0.0171 0.1265 0.0628 0.9898
1341847985.6148 -1.0079 -0.1556 0.3468 -0.0155 0.1287 0.0643 0.9895
1341847985.6471 -1.0132 -0.1629 0.3610 -0.0141 0.1313 0.0663 0.9890
1341847985.6828 -1.0200 -0.1684 0.3725 -0.0118 0.1342 0.0685 0.9885
1341847985.7147 -1.0272 -0.1752 0.3856 -0.0085 0.1359 0.0717 0.9881
1341847985.7470 -1.0324 -0.1800 0.3943 -0.0049 0.1371 0.0743 0.9878
1341847985.7828 -1.0390 -0.1853 0.4080 -0.0016 0.1400 0.0762 0.9872
1341847985.8147 -1.0460 -0.1908 0.4219 0.0054 0.1427 0.0790 0.9866
1341847985.8507 -1.0533 -0.1973 0.4241 0.0115 0.1438 0.0826 0.9861
1341847985.8828 -1.0577 -0.1985 0.4249 0.0117 0.1438 0.0863 0.9858
1341847985.9150 -1.0621 -0.2075 0.4377 0.0084 0.1466 0.0888 0.9852
1341847985.9508 -1.0665 -0.2175 0.4493 0.0070 0.1516 0.0882 0.9845
1341847985.9827 -1.0731 -0.2230 0.4597 0.0077 0.1567 0.0881 0.9837
1341847986.0188 -1.0799 -0.2272 0.4687 0.0084 0.1597 0.0903 0.9830
1341847986.0520 -1.0847 -0.2324 0.4785 0.0079 0.1611 0.0934 0.9825
1341847986.0826 -1.0885 -0.2398 0.4892 0.0075 0.1626 0.0946 0.9821
1341847986.1187 -1.0912 -0.2451 0.4954 0.0064 0.1652 0.0945 0.9817
1341847986.1506 -1.0943 -0.2508 0.5048 0.0039 0.1696 0.0951 0.9809
1341847986.1826 -1.0990 -0.2608 0.5217 0.0023 0.1743 0.0954 0.9801
1341847986.2187 -1.1031 -0.2675 0.5318 0.0040 0.1774 0.0960 0.9794
1341847986.2506 -1.1059 -0.2739 0.5411 0.0051 0.1800 0.0981 0.9788
1341847986.2867 -1.1083 -0.2821 0.5529 0.0059 0.1832 0.0992 0.9780
1341847986.3262 -1.1109 -0.2893 0.5645 0.0080 0.1867 0.1004 0.9772
1341847986.3592 -1.1136 -0.2945 0.5733 0.0104 0.1899 0.1026 0.9764
1341847986.3945 -1.1152 -0.2985 0.5829 0.0109 0.1925 0.1046 0.9756
1341847986.4259 -1.1172 -0.3047 0.5952 0.0106 0.1956 0.1059 0.9749
1341847986.4577 -1.1188 -0.3096 0.6055 0.0099 0.1990 0.1069 0.9741
1341847986.4937 -1.1220 -0.3174 0.6216 0.0087 0.2025 0.1082 0.9733
1341847986.5258 -1.1245 -0.3238 0.6340 0.0093 0.2046 0.1094 0.9727
1341847986.5617 -1.1260 -0.3277 0.6442 0.0087 0.2067 0.1103 0.9721
1341847986.5937 -1.1288 -0.3362 0.6605 0.0066 0.2107 0.1104 0.9713
1341847986.6257 -1.1320 -0.3457 0.6772 0.0069 0.2148 0.1107 0.9703
1341847986.6619 -1.1338 -0.3470 0.6853 0.0090 0.2165 0.1135 0.9696
1341847986.6937 -1.1362 -0.3513 0.6988 0.0094 0.2176 0.1179 0.9688
1341847986.7259 -1.1380 -0.3562 0.7098 0.0100 0.2178 0.1232 0.9681
1341847986.7626 -1.1389 -0.3597 0.7180 0.0092 0.2178 0.1271 0.9676
1341847986.7938 -1.1392 -0.3656 0.7276 0.0056 0.2197 0.1295 0.9669
1341847986.8298 -1.1425 -0.3741 0.7443 0.0024 0.2237 0.1311 0.9658
1341847986.8867 -1.1471 -0.3791 0.7653 0.0013 0.2251 0.1364 0.9647
1341847986.9227 -1.1487 -0.3854 0.7773 -0.0013 0.2257 0.1398 0.9641
1341847986.9547 -1.1497 -0.3922 0.7892 -0.0037 0.2274 0.1412 0.9635
1341847986.9906 -1.1521 -0.3987 0.8025 -0.0056 0.2303 0.1421 0.9627
1341847987.0229 -1.1540 -0.4022 0.8122 -0.0058 0.2324 0.1445 0.9618
1341847987.0546 -1.1559 -0.4041 0.8207 -0.0069 0.2331 0.1472 0.9612
1341847987.0912 -1.1574 -0.4110 0.8331 -0.0096 0.2345 0.1488 0.9606
1341847987.1232 -1.1579 -0.4195 0.8454 -0.0120 0.2381 0.1479 0.9598
1341847987.1907 -1.1617 -0.4232 0.8646 -0.0149 0.2480 0.1458 0.9576
1341847987.2593 -1.1672 -0.4300 0.8875 -0.0173 0.2548 0.1487 0.9553
1341847987.2907 -1.1689 -0.4377 0.8976 -0.0194 0.2599 0.1480 0.9540
1341847987.3228 -1.1717 -0.4420 0.9088 -0.0198 0.2667 0.1464 0.9524
1341847987.3907 -1.1808 -0.4499 0.9332 -0.0154 0.2795 0.1414 0.9495
1341847987.4228 -1.1848 -0.4507 0.9408 -0.0126 0.2857 0.1398 0.9480
1341847987.4586 -1.1903 -0.4480 0.9548 -0.0081 0.2919 0.1400 0.9461
1341847987.4908 -1.1962 -0.4459 0.9645 -0.0017 0.2953 0.1417 0.9448
1341847987.5268 -1.2005 -0.4405 0.9623 0.0004 0.2963 0.1448 0.9441
1341847987.5587 -1.2051 -0.4499 0.9837 -0.0021 0.3027 0.1462 0.9418
1341847987.5908 -1.2113 -0.4460 0.9933 0.0035 0.3075 0.1482 0.9399
1341847987.6269 -1.2172 -0.4392 0.9975 0.0073 0.3094 0.1525 0.9386
1341847987.6589 -1.2220 -0.4410 1.0096 0.0063 0.3120 0.1551 0.9373
1341847987.6916 -1.2278 -0.4390 1.0206 0.0072 0.3142 0.1571 0.9362
1341847987.7267 -1.2330 -0.4410 1.0348 0.0073 0.3152 0.1591 0.9356
1341847987.7587 -1.2374 -0.4409 1.0424 0.0086 0.3156 0.1630 0.9348
1341847987.7947 -1.2426 -0.4407 1.0535 0.0091 0.3161 0.1668 0.9339
1341847987.8267 -1.2481 -0.4421 1.0648 0.0100 0.3163 0.1702 0.9332
1341847987.8659 -1.2530 -0.4452 1.0750 0.0093 0.3160 0.1719 0.9330
1341847987.8978 -1.2593 -0.4461 1.0870 0.0110 0.3168 0.1739 0.9323
1341847987.9337 -1.2644 -0.4505 1.0981 0.0117 0.3162 0.1744 0.9324
1341847987.9658 -1.2690 -0.4558 1.1074 0.0125 0.3167 0.1717 0.9328
1341847987.9978 -1.2748 -0.4564 1.1140 0.0144 0.3175 0.1696 0.9329
1341847988.0338 -1.2792 -0.4621 1.1269 0.0145 0.3197 0.1661 0.9327
1341847988.0657 -1.2847 -0.4637 1.1370 0.0179 0.3210 0.1625 0.9329
1341847988.0982 -1.2891 -0.4661 1.1432 0.0199 0.3216 0.1581 0.9334
1341847988.1338 -1.2934 -0.4681 1.1520 0.0212 0.3244 0.1548 0.9329
1341847988.1658 -1.2995 -0.4620 1.1582 0.0262 0.3255 0.1552 0.9323
1341847988.2017 -1.3046 -0.4579 1.1633 0.0272 0.3236 0.1592 0.9323
1341847988.2338 -1.3058 -0.4641 1.1736 0.0233 0.3231 0.1614 0.9322
1341847988.2657 -1.3070 -0.4688 1.1842 0.0218 0.3254 0.1610 0.9315
1341847988.3018 -1.3113 -0.4645 1.1887 0.0237 0.3266 0.1622 0.9308
1341847988.3337 -1.3144 -0.4623 1.1959 0.0227 0.3266 0.1659 0.9302
1341847988.3697 -1.3154 -0.4658 1.2068 0.0207 0.3277 0.1682 0.9294
1341847988.4017 -1.3196 -0.4624 1.2146 0.0230 0.3284 0.1718 0.9285
1341847988.4340 -1.3211 -0.4653 1.2221 0.0218 0.3276 0.1752 0.9282
1341847988.4697 -1.3226 -0.4707 1.2286 0.0210 0.3300 0.1738 0.9276
1341847988.5025 -1.3278 -0.4648 1.2301 0.0240 0.3322 0.1747 0.9266
1341847988.5378 -1.3336 -0.4595 1.2344 0.0254 0.3328 0.1792 0.9255
1341847988.5697 -1.3368 -0.4614 1.2400 0.0228 0.3316 0.1812 0.9256
1341847988.6018 -1.3400 -0.4653 1.2427 0.0189 0.3323 0.1802 0.9256
1341847988.6378 -1.3437 -0.4662 1.2477 0.0157 0.3349 0.1786 0.9250
1341847988.6698 -1.3486 -0.4655 1.2530 0.0145 0.3370 0.1774 0.9245
1341847988.7062 -1.3537 -0.4659 1.2558 0.0130 0.3383 0.1776 0.9240
1341847988.7379 -1.3587 -0.4670 1.2608 0.0126 0.3401 0.1797 0.9230
1341847988.7697 -1.3643 -0.4680 1.2649 0.0135 0.3405 0.1837 0.9220
1341847988.8061 -1.3698 -0.4717 1.2669 0.0136 0.3408 0.1859 0.9215
1341847988.8379 -1.3766 -0.4738 1.2652 0.0124 0.3419 0.1875 0.9208
1341847988.8739 -1.3819 -0.4780 1.2695 0.0096 0.3449 0.1877 0.9196
1341847988.9378 -1.3981 -0.4800 1.2727 0.0095 0.3491 0.1905 0.9175
1341847988.9987 -1.4142 -0.4847 1.2793 0.0077 0.3519 0.1958 0.9153
1341847989.0347 -1.4238 -0.4868 1.2792 0.0062 0.3515 0.1980 0.9150
1341847989.0667 -1.4301 -0.4952 1.2856 0.0020 0.3531 0.1977 0.9145
1341847989.0988 -1.4388 -0.5000 1.2925 0.0034 0.3547 0.1963 0.9141
1341847989.1347 -1.4493 -0.5040 1.2932 0.0067 0.3543 0.1970 0.9141
1341847989.1667 -1.4587 -0.5104 1.2956 0.0088 0.3542 0.1980 0.9139
1341847989.2027 -1.4702 -0.5131 1.2972 0.0125 0.3526 0.1987 0.9143
1341847989.2347 -1.4808 -0.5183 1.2980 0.0145 0.3500 0.1989 0.9153
1341847989.2667 -1.4906 -0.5244 1.2983 0.0146 0.3484 0.1968 0.9163
1341847989.3028 -1.5014 -0.5283 1.2994 0.0140 0.3470 0.1928 0.9177
1341847989.3349 -1.5124 -0.5326 1.2999 0.0123 0.3457 0.1889 0.9191
1341847989.3667 -1.5211 -0.5398 1.3017 0.0078 0.3454 0.1834 0.9203
1341847989.4028 -1.5291 -0.5457 1.3051 0.0047 0.3470 0.1781 0.9208
1341847989.4348 -1.5388 -0.5490 1.3071 0.0062 0.3476 0.1744 0.9213
1341847989.4707 -1.5491 -0.5515 1.3023 0.0056 0.3468 0.1725 0.9219
1341847989.5026 -1.5564 -0.5559 1.3045 0.0032 0.3479 0.1727 0.9215
1341847989.5347 -1.5647 -0.5587 1.3078 0.0045 0.3479 0.1743 0.9212
1341847989.5707 -1.5728 -0.5637 1.3047 0.0034 0.3470 0.1743 0.9215
1341847989.6028 -1.5771 -0.5723 1.3094 -0.0003 0.3497 0.1729 0.9208
1341847989.6347 -1.5853 -0.5761 1.3103 0.0009 0.3534 0.1698 0.9199
1341847989.6706 -1.5963 -0.5741 1.3063 0.0022 0.3557 0.1696 0.9191
1341847989.7026 -1.6034 -0.5776 1.3098 0.0005 0.3573 0.1700 0.9184
1341847989.7389 -1.6115 -0.5812 1.3107 -0.0004 0.3596 0.1687 0.9177
1341847989.7707 -1.6220 -0.5814 1.3092 -0.0011 0.3617 0.1687 0.9169
1341847989.8029 -1.6311 -0.5830 1.3115 -0.0022 0.3632 0.1693 0.9162
1341847989.8388 -1.6405 -0.5861 1.3131 -0.0030 0.3647 0.1702 0.9154
1341847989.8710 -1.6494 -0.5911 1.3165 -0.0034 0.3674 0.1683 0.9147
1341847989.9027 -1.6631 -0.5896 1.3142 -0.0002 0.3694 0.1690 0.9138
1341847989.9389 -1.6768 -0.5894 1.3144 0.0021 0.3689 0.1731 0.9132
1341847989.9707 -1.6874 -0.5961 1.3165 0.0020 0.3680 0.1743 0.9134
1341847990.0069 -1.6989 -0.6008 1.3151 0.0012 0.3694 0.1733 0.9130
1341847990.0390 -1.7115 -0.6018 1.3164 0.0016 0.3715 0.1730 0.9121
1341847990.0707 -1.7244 -0.6038 1.3178 0.0028 0.3718 0.1723 0.9122
1341847990.1067 -1.7365 -0.6068 1.3165 0.0028 0.3721 0.1723 0.9121
1341847990.1392 -1.7478 -0.6092 1.3182 0.0033 0.3731 0.1733 0.9115
1341847990.1711 -1.7608 -0.6102 1.3190 0.0065 0.3723 0.1744 0.9115
1341847990.2070 -1.7740 -0.6122 1.3173 0.0089 0.3701 0.1757 0.9122
1341847990.2389 -1.7861 -0.6154 1.3166 0.0084 0.3694 0.1771 0.9122
1341847990.2747 -1.7963 -0.6191 1.3205 0.0092 0.3692 0.1777 0.9122
1341847990.3067 -1.8097 -0.6205 1.3181 0.0102 0.3681 0.1770 0.9127
1341847990.3391 -1.8208 -0.6230 1.3201 0.0086 0.3684 0.1771 0.9126
1341847990.3747 -1.8311 -0.6247 1.3231 0.0089 0.3685 0.1769 0.9126
1341847990.4068 -1.8440 -0.6246 1.3214 0.0093 0.3674 0.1771 0.9130
1341847990.4426 -1.8535 -0.6260 1.3238 0.0069 0.3672 0.1796 0.9126
1341847990.4746 -1.8607 -0.6293 1.3293 0.0062 0.3671 0.1795 0.9127
1341847990.5068 -1.8711 -0.6294 1.3282 0.0060 0.3673 0.1794 0.9126
1341847990.5428 -1.8803 -0.6294 1.3300 0.0050 0.3684 0.1826 0.9116
1341847990.5747 -1.8877 -0.6310 1.3340 0.0054 0.3682 0.1857 0.9110
1341847990.6428 -1.9037 -0.6348 1.3368 0.0032 0.3707 0.1868 0.9098
1341847990.6748 -1.9126 -0.6353 1.3394 0.0034 0.3727 0.1894 0.9084
1341847990.7108 -1.9221 -0.6360 1.3412 0.0052 0.3727 0.1929 0.9076
1341847990.7427 -1.9314 -0.6370 1.3408 0.0051 0.3724 0.1973 0.9068
1341847990.7747 -1.9352 -0.6415 1.3478 0.0038 0.3735 0.1999 0.9058
1341847990.8108 -1.9431 -0.6435 1.3496 0.0058 0.3757 0.2004 0.9048
1341847990.8427 -1.9527 -0.6438 1.3495 0.0061 0.3772 0.2022 0.9038
1341847990.8747 -1.9582 -0.6468 1.3542 0.0047 0.3789 0.2032 0.9028
1341847990.9108 -1.9649 -0.6494 1.3574 0.0045 0.3811 0.2034 0.9019
1341847990.9427 -1.9720 -0.6518 1.3592 0.0030 0.3836 0.2033 0.9009
1341847990.9788 -1.9764 -0.6554 1.3646 0.0014 0.3863 0.2034 0.8997
1341847991.0108 -1.9828 -0.6579 1.3687 0.0027 0.3883 0.2034 0.8988
1341847991.0428 -1.9898 -0.6606 1.3706 0.0031 0.3902 0.2044 0.8977
1341847991.0787 -1.9950 -0.6643 1.3761 0.0034 0.3923 0.2064 0.8964
1341847991.1113 -2.0015 -0.6679 1.3800 0.0050 0.3937 0.2084 0.8953
1341847991.1428 -2.0076 -0.6719 1.3842 0.0049 0.3953 0.2089 0.8945
1341847991.1788 -2.0133 -0.6753 1.3906 0.0048 0.3979 0.2098 0.8931
1341847991.2107 -2.0201 -0.6801 1.3974 0.0060 0.4003 0.2101 0.8920
1341847991.2468 -2.0293 -0.6822 1.4020 0.0068 0.4020 0.2097 0.8913
1341847991.2787 -2.0348 -0.6862 1.4100 0.0068 0.4046 0.2103 0.8900
1341847991.3108 -2.0445 -0.6878 1.4155 0.0102 0.4066 0.2125 0.8885
1341847991.3467 -2.0580 -0.6877 1.4183 0.0143 0.4049 0.2173 0.8881
1341847991.3788 -2.0657 -0.6910 1.4221 0.0141 0.4027 0.2236 0.8875
1341847991.4147 -2.0680 -0.6982 1.4317 0.0107 0.4035 0.2271 0.8863
1341847991.4467 -2.0735 -0.7022 1.4387 0.0084 0.4059 0.2275 0.8851
1341847991.4788 -2.0788 -0.7052 1.4452 0.0065 0.4090 0.2283 0.8835
1341847991.5147 -2.0848 -0.7077 1.4517 0.0059 0.4117 0.2303 0.8817
1341847991.5467 -2.0914 -0.7096 1.4561 0.0069 0.4133 0.2335 0.8801
1341847991.5788 -2.0969 -0.7127 1.4592 0.0073 0.4146 0.2385 0.8782
1341847991.6149 -2.0990 -0.7169 1.4648 0.0078 0.4167 0.2433 0.8758
1341847991.6467 -2.1001 -0.7220 1.4688 0.0086 0.4204 0.2474 0.8729
1341847991.6899 -2.1028 -0.7278 1.4714 0.0086 0.4258 0.2496 0.8696
1341847991.7468 -2.1148 -0.7333 1.4745 0.0106 0.4330 0.2537 0.8649
1341847991.7827 -2.1169 -0.7389 1.4776 0.0092 0.4357 0.2566 0.8627
1341847991.8147 -2.1164 -0.7477 1.4833 0.0069 0.4396 0.2571 0.8606
1341847991.8467 -2.1197 -0.7529 1.4866 0.0070 0.4444 0.2552 0.8587
1341847991.8828 -2.1278 -0.7529 1.4866 0.0081 0.4478 0.2561 0.8566
1341847991.9158 -2.1316 -0.7595 1.4920 0.0080 0.4497 0.2583 0.8550
1341847991.9508 -2.1342 -0.7663 1.4964 0.0074 0.4516 0.2582 0.8540
1341847991.9828 -2.1370 -0.7710 1.4999 0.0060 0.4547 0.2567 0.8528
1341847992.0147 -2.1417 -0.7760 1.5048 0.0052 0.4586 0.2558 0.8510
1341847992.0506 -2.1513 -0.7784 1.5099 0.0054 0.4612 0.2557 0.8497
1341847992.0828 -2.1547 -0.7848 1.5185 0.0038 0.4628 0.2558 0.8487
1341847992.1148 -2.1589 -0.7882 1.5237 0.0033 0.4649 0.2555 0.8477
1341847992.1508 -2.1652 -0.7920 1.5304 0.0037 0.4675 0.2559 0.8461
1341847992.1828 -2.1748 -0.7945 1.5367 0.0045 0.4691 0.2566 0.8450
1341847992.2187 -2.1786 -0.8005 1.5440 0.0042 0.4708 0.2579 0.8437
1341847992.2507 -2.1848 -0.8051 1.5490 0.0038 0.4739 0.2576 0.8420
1341847992.3187 -2.2007 -0.8130 1.5628 0.0052 0.4811 0.2589 0.8376
1341847992.3507 -2.2109 -0.8160 1.5679 0.0059 0.4836 0.2605 0.8356
1341847992.3829 -2.2179 -0.8207 1.5753 0.0065 0.4859 0.2632 0.8334
1341847992.4189 -2.2247 -0.8261 1.5811 0.0079 0.4884 0.2660 0.8311
1341847992.4508 -2.2355 -0.8291 1.5854 0.0091 0.4906 0.2682 0.8290
1341847992.4867 -2.2436 -0.8338 1.5924 0.0098 0.4927 0.2716 0.8267
1341847992.5187 -2.2506 -0.8410 1.5998 0.0099 0.4946 0.2733 0.8250
1341847992.5506 -2.2613 -0.8451 1.6046 0.0106 0.4963 0.2739 0.8237
1341847992.5867 -2.2725 -0.8481 1.6117 0.0100 0.4980 0.2748 0.8224
1341847992.6188 -2.2808 -0.8527 1.6196 0.0091 0.4996 0.2762 0.8210
1341847992.6547 -2.2906 -0.8569 1.6270 0.0086 0.5006 0.2777 0.8199
1341847992.6868 -2.2954 -0.8623 1.6359 0.0074 0.5019 0.2780 0.8190
1341847992.7187 -2.3018 -0.8661 1.6416 0.0079 0.5037 0.2776 0.8180
1341847992.7548 -2.3151 -0.8676 1.6483 0.0098 0.5053 0.2788 0.8166
1341847992.7866 -2.3210 -0.8737 1.6574 0.0091 0.5057 0.2797 0.8160
1341847992.8187 -2.3272 -0.8772 1.6610 0.0081 0.5064 0.2791 0.8158
1341847992.8549 -2.3357 -0.8784 1.6664 0.0067 0.5083 0.2789 0.8147
1341847992.8866 -2.3406 -0.8821 1.6758 0.0045 0.5100 0.2800 0.8133
1341847992.9227 -2.3437 -0.8873 1.6844 0.0035 0.5109 0.2810 0.8124
1341847992.9546 -2.3469 -0.8902 1.6891 0.0027 0.5120 0.2816 0.8115
1341847992.9867 -2.3489 -0.8946 1.6977 0.0028 0.5140 0.2826 0.8099
1341847993.0227 -2.3580 -0.8964 1.7028 0.0041 0.5150 0.2834 0.8090
1341847993.0548 -2.3609 -0.9009 1.7107 0.0028 0.5159 0.2844 0.8081
1341847993.0868 -2.3657 -0.9045 1.7179 0.0016 0.5173 0.2844 0.8072
1341847993.1227 -2.3702 -0.9076 1.7257 -0.0004 0.5189 0.2841 0.8063
1341847993.1547 -2.3717 -0.9119 1.7345 -0.0028 0.5208 0.2839 0.8051
1341847993.1908 -2.3715 -0.9166 1.7436 -0.0033 0.5235 0.2841 0.8033
1341847993.2227 -2.3765 -0.9205 1.7511 -0.0006 0.5258 0.2856 0.8012
1341847993.2618 -2.3824 -0.9246 1.7587 0.0025 0.5268 0.2877 0.7998
1341847993.3228 -2.3858 -0.9366 1.7744 0.0056 0.5299 0.2899 0.7969
1341847993.3547 -2.3920 -0.9408 1.7825 0.0062 0.5323 0.2906 0.7951
1341847993.3907 -2.3927 -0.9458 1.7921 0.0055 0.5347 0.2910 0.7933
1341847993.4227 -2.3954 -0.9500 1.8021 0.0049 0.5378 0.2915 0.7911
1341847993.4588 -2.3971 -0.9547 1.8119 0.0058 0.5404 0.2927 0.7888
1341847993.4907 -2.4018 -0.9585 1.8213 0.0079 0.5423 0.2948 0.7868
1341847993.5227 -2.4086 -0.9623 1.8299 0.0099 0.5432 0.2979 0.7849
1341847993.5587 -2.4126 -0.9664 1.8401 0.0103 0.5436 0.3021 0.7830
1341847993.5910 -2.4161 -0.9717 1.8507 0.0095 0.5437 0.3049 0.7819
1341847993.6268 -2.4192 -0.9767 1.8608 0.0078 0.5440 0.3067 0.7810
1341847993.6589 -2.4268 -0.9799 1.8696 0.0053 0.5442 0.3089 0.7800
1341847993.6907 -2.4261 -0.9845 1.8810 0.0009 0.5438 0.3113 0.7794
1341847993.7271 -2.4192 -0.9911 1.8919 -0.0033 0.5450 0.3109 0.7786
1341847993.7909 -2.4244 -0.9998 1.9103 -0.0063 0.5512 0.3096 0.7748
1341847993.8267 -2.4270 -1.0047 1.9202 -0.0062 0.5515 0.3109 0.7741
1341847993.8589 -2.4295 -1.0111 1.9278 -0.0080 0.5519 0.3109 0.7738
1341847993.9017 -2.4278 -1.0155 1.9371 -0.0106 0.5533 0.3109 0.7727
1341847993.9337 -2.4280 -1.0232 1.9459 -0.0106 0.5549 0.3110 0.7715
1341847993.9658 -2.4344 -1.0290 1.9510 -0.0119 0.5559 0.3101 0.7712
1341847994.0020 -2.4279 -1.0338 1.9579 -0.0151 0.5583 0.3097 0.7695
1341847994.0340 -2.4268 -1.0416 1.9647 -0.0138 0.5616 0.3095 0.7672
1341847994.0657 -2.4349 -1.0469 1.9690 -0.0117 0.5635 0.3092 0.7660
1341847994.1018 -2.4334 -1.0519 1.9763 -0.0119 0.5654 0.3100 0.7642
1341847994.1339 -2.4317 -1.0588 1.9842 -0.0104 0.5681 0.3094 0.7625
1341847994.1697 -2.4395 -1.0636 1.9884 -0.0075 0.5704 0.3090 0.7610
1341847994.2017 -2.4426 -1.0677 1.9957 -0.0055 0.5723 0.3114 0.7586
1341847994.2336 -2.4407 -1.0754 2.0045 -0.0017 0.5742 0.3134 0.7563
1341847994.2697 -2.4506 -1.0818 2.0088 0.0015 0.5766 0.3126 0.7549
1341847994.3018 -2.4558 -1.0866 2.0160 0.0011 0.5788 0.3129 0.7530
1341847994.3338 -2.4538 -1.0941 2.0256 0.0026 0.5816 0.3133 0.7507
1341847994.3697 -2.4630 -1.1012 2.0327 0.0051 0.5840 0.3126 0.7491
1341847994.4017 -2.4674 -1.1075 2.0418 0.0067 0.5859 0.3134 0.7473
1341847994.4338 -2.4715 -1.1148 2.0520 0.0098 0.5875 0.3151 0.7453
1341847994.4697 -2.4798 -1.1219 2.0616 0.0122 0.5887 0.3158 0.7440
1341847994.5017 -2.4852 -1.1273 2.0712 0.0133 0.5898 0.3170 0.7426
1341847994.5377 -2.4882 -1.1343 2.0818 0.0148 0.5914 0.3186 0.7406
1341847994.5697 -2.4982 -1.1406 2.0914 0.0164 0.5928 0.3201 0.7388
1341847994.6017 -2.5049 -1.1454 2.1012 0.0156 0.5941 0.3225 0.7368
1341847994.6378 -2.5055 -1.1510 2.1125 0.0148 0.5955 0.3247 0.7347
1341847994.6697 -2.5119 -1.1569 2.1229 0.0153 0.5966 0.3259 0.7332
1341847994.7016 -2.5194 -1.1618 2.1323 0.0134 0.5976 0.3274 0.7318
1341847994.7698 -2.5194 -1.1730 2.1532 0.0115 0.6020 0.3286 0.7276
1341847994.8313 -2.5388 -1.1830 2.1706 0.0056 0.6061 0.3343 0.7217
1341847994.8668 -2.5363 -1.1877 2.1815 0.0039 0.6059 0.3380 0.7201
1341847994.8987 -2.5403 -1.1917 2.1899 0.0030 0.6062 0.3398 0.7191
1341847994.9307 -2.5430 -1.1948 2.1979 -0.0001 0.6075 0.3401 0.7178
1341847994.9667 -2.5398 -1.1977 2.2070 -0.0018 0.6097 0.3412 0.7154
1341847994.9987 -2.5434 -1.2029 2.2141 -0.0005 0.6122 0.3427 0.7126
1341847995.0308 -2.5481 -1.2056 2.2215 -0.0004 0.6147 0.3452 0.7092
1341847995.0667 -2.5418 -1.2089 2.2301 -0.0001 0.6171 0.3474 0.7061
1341847995.0987 -2.5444 -1.2136 2.2364 0.0019 0.6207 0.3478 0.7027
1341847995.1349 -2.5503 -1.2179 2.2428 0.0020 0.6241 0.3486 0.6992
1341847995.1666 -2.5462 -1.2221 2.2510 0.0028 0.6267 0.3499 0.6963
1341847995.1988 -2.5503 -1.2269 2.2573 0.0046 0.6294 0.3495 0.6941
1341847995.2347 -2.5557 -1.2321 2.2635 0.0047 0.6316 0.3500 0.6918
1341847995.2668 -2.5523 -1.2359 2.2712 0.0052 0.6330 0.3514 0.6898
1341847995.2988 -2.5528 -1.2420 2.2779 0.0077 0.6355 0.3519 0.6872
1341847995.3347 -2.5621 -1.2470 2.2841 0.0078 0.6373 0.3521 0.6855
1341847995.3667 -2.5573 -1.2500 2.2922 0.0062 0.6388 0.3531 0.6835
1341847995.4028 -2.5593 -1.2554 2.3002 0.0062 0.6406 0.3525 0.6821
1341847995.4347 -2.5623 -1.2596 2.3089 0.0052 0.6418 0.3527 0.6809
1341847995.4668 -2.5580 -1.2632 2.3173 0.0043 0.6433 0.3531 0.6794
1341847995.5027 -2.5581 -1.2681 2.3266 0.0059 0.6446 0.3532 0.6780
1341847995.5348 -2.5617 -1.2740 2.3344 0.0090 0.6439 0.3551 0.6776
1341847995.5667 -2.5647 -1.2773 2.3420 0.0122 0.6426 0.3598 0.6764
1341847995.6027 -2.5644 -1.2804 2.3515 0.0136 0.6412 0.3643 0.6753
1341847995.6348 -2.5627 -1.2830 2.3591 0.0127 0.6405 0.3668 0.6746
1341847995.6708 -2.5609 -1.2856 2.3659 0.0107 0.6409 0.3690 0.6730
1341847995.7028 -2.5588 -1.2882 2.3735 0.0088 0.6417 0.3722 0.6705
1341847995.7348 -2.5516 -1.2909 2.3798 0.0083 0.6416 0.3749 0.6691
1341847995.7707 -2.5523 -1.2941 2.3859 0.0087 0.6420 0.3758 0.6682
1341847995.8028 -2.5503 -1.2960 2.3923 0.0081 0.6430 0.3772 0.6665
1341847995.8388 -2.5474 -1.2990 2.3982 0.0083 0.6438 0.3776 0.6655
1341847995.8706 -2.5496 -1.3023 2.4031 0.0087 0.6448 0.3771 0.6648
1341847995.9028 -2.5522 -1.3040 2.4091 0.0067 0.6463 0.3770 0.6634
1341847995.9387 -2.5448 -1.3061 2.4127 0.0058 0.6476 0.3781 0.6616
1341847995.9707 -2.5470 -1.3103 2.4159 0.0071 0.6498 0.3781 0.6594
1341847996.0027 -2.5501 -1.3126 2.4200 0.0054 0.6520 0.3779 0.6574
1341847996.0388 -2.5436 -1.3148 2.4219 0.0046 0.6536 0.3786 0.6553
1341847996.0707 -2.5438 -1.3191 2.4242 0.0068 0.6557 0.3783 0.6534
1341847996.1067 -2.5490 -1.3218 2.4273 0.0072 0.6575 0.3774 0.6521
1341847996.1388 -2.5441 -1.3228 2.4294 0.0068 0.6597 0.3776 0.6498
1341847996.1707 -2.5431 -1.3263 2.4323 0.0088 0.6630 0.3769 0.6468
1341847996.2066 -2.5514 -1.3292 2.4364 0.0088 0.6658 0.3744 0.6453
1341847996.2390 -2.5523 -1.3310 2.4397 0.0077 0.6676 0.3749 0.6431
1341847996.2708 -2.5520 -1.3333 2.4434 0.0085 0.6689 0.3769 0.6406
1341847996.3389 -2.5552 -1.3377 2.4502 0.0093 0.6714 0.3786 0.6371
1341847996.3747 -2.5545 -1.3391 2.4537 0.0086 0.6733 0.3795 0.6346
1341847996.4067 -2.5543 -1.3425 2.4574 0.0100 0.6753 0.3808 0.6316
1341847996.4386 -2.5599 -1.3453 2.4619 0.0111 0.6771 0.3818 0.6290
1341847996.4748 -2.5578 -1.3476 2.4667 0.0111 0.6785 0.3832 0.6267
1341847996.5067 -2.5567 -1.3514 2.4711 0.0137 0.6800 0.3839 0.6245
1341847996.5388 -2.5650 -1.3552 2.4776 0.0154 0.6819 0.3836 0.6225
1341847996.5748 -2.5687 -1.3575 2.4847 0.0139 0.6826 0.3849 0.6211
1341847996.6071 -2.5660 -1.3603 2.4903 0.0141 0.6833 0.3863 0.6194
1341847996.6428 -2.5765 -1.3635 2.4990 0.0138 0.6843 0.3872 0.6177
1341847996.6748 -2.5747 -1.3635 2.5073 0.0105 0.6842 0.3895 0.6165
1341847996.7069 -2.5718 -1.3636 2.5122 0.0089 0.6861 0.3903 0.6138
1341847996.7427 -2.5793 -1.3666 2.5206 0.0043 0.6896 0.3901 0.6101
1341847996.7747 -2.5757 -1.3677 2.5284 0.0001 0.6915 0.3916 0.6070
1341847996.8068 -2.5770 -1.3718 2.5348 0.0007 0.6931 0.3940 0.6036
1341847996.8428 -2.5819 -1.3759 2.5432 0.0009 0.6944 0.3958 0.6009
1341847996.8748 -2.5814 -1.3801 2.5510 0.0010 0.6945 0.3979 0.5994
1341847996.9108 -2.5829 -1.3856 2.5593 0.0033 0.6951 0.3989 0.5981
1341847996.9427 -2.5885 -1.3911 2.5690 0.0057 0.6954 0.4001 0.5969
1341847996.9748 -2.5871 -1.3960 2.5777 0.0077 0.6958 0.4005 0.5962
1341847997.0107 -2.5939 -1.4025 2.5883 0.0097 0.6972 0.3994 0.5952
1341847997.0427 -2.5970 -1.4082 2.5984 0.0103 0.6976 0.3994 0.5948
1341847997.0787 -2.5990 -1.4144 2.6084 0.0116 0.6980 0.3992 0.5944
1341847997.1430 -2.6041 -1.4247 2.6300 0.0102 0.6991 0.3971 0.5946
1341847997.1788 -2.6054 -1.4305 2.6402 0.0104 0.6994 0.3955 0.5952
1341847997.2109 -2.6113 -1.4358 2.6508 0.0097 0.6998 0.3940 0.5958
1341847997.2430 -2.6130 -1.4405 2.6608 0.0084 0.6998 0.3940 0.5957
1341847997.2788 -2.6127 -1.4452 2.6694 0.0078 0.6997 0.3951 0.5952
1341847997.3114 -2.6127 -1.4494 2.6778 0.0067 0.6999 0.3953 0.5948
1341847997.3466 -2.6077 -1.4528 2.6832 0.0059 0.7011 0.3953 0.5935
1341847997.3787 -2.6096 -1.4589 2.6911 0.0060 0.7034 0.3945 0.5912
1341847997.4108 -2.6070 -1.4643 2.6986 0.0055 0.7053 0.3946 0.5889
1341847997.4467 -2.5998 -1.4694 2.7039 0.0065 0.7073 0.3937 0.5871
1341847997.4788 -2.6060 -1.4765 2.7109 0.0076 0.7106 0.3919 0.5844
1341847997.5109 -2.6033 -1.4818 2.7193 0.0066 0.7130 0.3921 0.5812
1341847997.5466 -2.5975 -1.4879 2.7270 0.0064 0.7150 0.3919 0.5789
1341847997.5787 -2.5953 -1.4931 2.7340 0.0059 0.7172 0.3904 0.5772
1341847997.6147 -2.5929 -1.4986 2.7420 0.0045 0.7201 0.3889 0.5747
1341847997.6470 -2.5862 -1.5068 2.7508 0.0042 0.7224 0.3884 0.5721
1341847997.6788 -2.5826 -1.5151 2.7607 0.0061 0.7237 0.3873 0.5711
1341847997.7146 -2.5793 -1.5202 2.7696 0.0074 0.7249 0.3860 0.5704
1341847997.7466 -2.5728 -1.5257 2.7786 0.0077 0.7274 0.3844 0.5684
1341847997.7787 -2.5694 -1.5340 2.7896 0.0089 0.7300 0.3826 0.5662
1341847997.8469 -2.5631 -1.5482 2.8104 0.0126 0.7324 0.3830 0.5629
1341847997.8826 -2.5614 -1.5538 2.8213 0.0145 0.7334 0.3851 0.5601
1341847997.9152 -2.5536 -1.5603 2.8305 0.0157 0.7337 0.3876 0.5579
1341847997.9470 -2.5500 -1.5671 2.8408 0.0178 0.7340 0.3900 0.5558
1341847997.9827 -2.5429 -1.5731 2.8502 0.0188 0.7338 0.3921 0.5545
1341847998.0149 -2.5367 -1.5794 2.8586 0.0200 0.7343 0.3929 0.5532
1341847998.0508 -2.5329 -1.5861 2.8692 0.0212 0.7349 0.3936 0.5518
1341847998.0826 -2.5288 -1.5933 2.8812 0.0229 0.7342 0.3949 0.5518
1341847998.1223 -2.5269 -1.5996 2.8910 0.0245 0.7322 0.3971 0.5528
1341847998.1541 -2.5228 -1.6029 2.8999 0.0240 0.7315 0.3980 0.5530
1341847998.1857 -2.5157 -1.6081 2.9084 0.0219 0.7309 0.3978 0.5541
1341847998.2538 -2.5072 -1.6195 2.9255 0.0188 0.7306 0.3972 0.5551
1341847998.3188 -2.4983 -1.6325 2.9426 0.0181 0.7295 0.3955 0.5577
1341847998.3512 -2.4956 -1.6371 2.9534 0.0170 0.7286 0.3959 0.5587
1341847998.3827 -2.4885 -1.6425 2.9619 0.0160 0.7269 0.3960 0.5608
1341847998.4192 -2.4875 -1.6460 2.9726 0.0138 0.7268 0.3939 0.5625
1341847998.4508 -2.4837 -1.6516 2.9843 0.0103 0.7265 0.3931 0.5636
1341847998.4840 -2.4783 -1.6578 2.9945 0.0086 0.7249 0.3935 0.5653
1341847998.5187 -2.4767 -1.6626 3.0061 0.0066 0.7241 0.3929 0.5668
1341847998.5507 -2.4707 -1.6665 3.0157 0.0034 0.7235 0.3921 0.5682
1341847998.5867 -2.4677 -1.6727 3.0273 0.0019 0.7234 0.3917 0.5685
1341847998.6188 -2.4654 -1.6785 3.0396 0.0007 0.7231 0.3915 0.5691
1341847998.6507 -2.4665 -1.6823 3.0517 -0.0016 0.7232 0.3912 0.5692
1341847998.6869 -2.4600 -1.6867 3.0632 -0.0042 0.7237 0.3918 0.5681
1341847998.7187 -2.4552 -1.6927 3.0742 -0.0032 0.7239 0.3925 0.5674
1341847998.7508 -2.4580 -1.6984 3.0888 -0.0028 0.7239 0.3926 0.5674
1341847998.7868 -2.4536 -1.7017 3.0984 -0.0031 0.7233 0.3943 0.5668
1341847998.8188 -2.4521 -1.7047 3.1098 -0.0026 0.7249 0.3941 0.5650
1341847998.8547 -2.4516 -1.7108 3.1238 -0.0047 0.7264 0.3934 0.5635
1341847998.8867 -2.4498 -1.7178 3.1346 -0.0052 0.7262 0.3949 0.5627
1341847998.9187 -2.4499 -1.7228 3.1490 -0.0037 0.7254 0.3980 0.5617
1341847998.9548 -2.4490 -1.7255 3.1613 -0.0039 0.7244 0.4011 0.5607
1341847998.9867 -2.4435 -1.7293 3.1719 -0.0052 0.7231 0.4031 0.5609
1341847999.0188 -2.4424 -1.7316 3.1817 -0.0051 0.7228 0.4041 0.5605
1341847999.0549 -2.4415 -1.7363 3.1951 -0.0056 0.7235 0.4056 0.5586
1341847999.0868 -2.4394 -1.7397 3.2058 -0.0076 0.7221 0.4074 0.5590
1341847999.1227 -2.4353 -1.7419 3.2138 -0.0086 0.7215 0.4089 0.5588
1341847999.1549 -2.4338 -1.7429 3.2222 -0.0093 0.7226 0.4095 0.5568
1341847999.1867 -2.4283 -1.7453 3.2292 -0.0097 0.7245 0.4106 0.5536
1341847999.2227 -2.4232 -1.7480 3.2360 -0.0097 0.7271 0.4093 0.5511
1341847999.2910 -2.4177 -1.7585 3.2522 -0.0053 0.7346 0.4084 0.5418
1341847999.3227 -2.4140 -1.7670 3.2601 -0.0005 0.7357 0.4111 0.5382
1341847999.3549 -2.4116 -1.7703 3.2672 0.0041 0.7365 0.4124 0.5362
1341847999.3908 -2.4108 -1.7728 3.2758 0.0067 0.7389 0.4125 0.5327
1341847999.4239 -2.4053 -1.7749 3.2797 0.0071 0.7415 0.4126 0.5291
1341847999.4549 -2.4005 -1.7791 3.2847 0.0081 0.7447 0.4119 0.5251
1341847999.4909 -2.3992 -1.7816 3.2897 0.0094 0.7484 0.4112 0.5203
1341847999.5227 -2.3938 -1.7877 3.2963 0.0125 0.7522 0.4151 0.5115
1341847999.5589 -2.3870 -1.7931 3.3025 0.0167 0.7543 0.4184 0.5057
1341847999.5907 -2.3833 -1.7937 3.3091 0.0186 0.7564 0.4189 0.5020
1341847999.6229 -2.3781 -1.7945 3.3139 0.0182 0.7591 0.4198 0.4972
1341847999.6588 -2.3664 -1.7989 3.3164 0.0190 0.7615 0.4215 0.4921
1341847999.6911 -2.3625 -1.8020 3.3251 0.0209 0.7642 0.4213 0.4879
1341847999.7227 -2.3546 -1.8031 3.3311 0.0201 0.7660 0.4223 0.4843
1341847999.7588 -2.3418 -1.8037 3.3312 0.0212 0.7677 0.4233 0.4806
1341847999.7910 -2.3344 -1.8063 3.3385 0.0234 0.7708 0.4229 0.4759
1341847999.8267 -2.3285 -1.8083 3.3449 0.0241 0.7727 0.4238 0.4720
1341847999.8588 -2.3201 -1.8085 3.3482 0.0257 0.7744 0.4271 0.4660
1341847999.8977 -2.3131 -1.8106 3.3543 0.0276 0.7759 0.4314 0.4594
1341847999.9588 -2.2965 -1.8086 3.3618 0.0282 0.7774 0.4399 0.4487
1341847999.9908 -2.2864 -1.8089 3.3646 0.0282 0.7778 0.4450 0.4430
1341848000.0267 -2.2758 -1.8081 3.3661 0.0286 0.7781 0.4484 0.4389
1341848000.0587 -2.2704 -1.8071 3.3706 0.0274 0.7789 0.4509 0.4349
1341848000.0948 -2.2611 -1.8058 3.3718 0.0253 0.7793 0.4551 0.4300
1341848000.1267 -2.2526 -1.8041 3.3732 0.0235 0.7805 0.4580 0.4248
1341848000.1586 -2.2457 -1.8043 3.3766 0.0203 0.7817 0.4609 0.4197
1341848000.1948 -2.2351 -1.8042 3.3769 0.0182 0.7820 0.4641 0.4156
1341848000.2271 -2.2286 -1.8046 3.3786 0.0177 0.7823 0.4670 0.4118
1341848000.2670 -2.2197 -1.8022 3.3792 0.0160 0.7825 0.4696 0.4086
1341848000.3271 -2.2065 -1.8033 3.3839 0.0148 0.7837 0.4741 0.4011
1341848000.3627 -2.1976 -1.8012 3.3853 0.0138 0.7829 0.4770 0.3992
1341848000.3947 -2.1888 -1.7974 3.3836 0.0140 0.7831 0.4786 0.3969
1341848000.4268 -2.1828 -1.7991 3.3872 0.0139 0.7838 0.4800 0.3938
1341848000.4627 -2.1741 -1.7958 3.3882 0.0126 0.7839 0.4813 0.3919
1341848000.4947 -2.1639 -1.7917 3.3861 0.0116 0.7849 0.4817 0.3895
1341848000.5308 -2.1555 -1.7940 3.3886 0.0116 0.7863 0.4819 0.3864
1341848000.5628 -2.1468 -1.7925 3.3883 0.0122 0.7869 0.4820 0.3851
1341848000.5948 -2.1380 -1.7903 3.3866 0.0129 0.7885 0.4818 0.3822
1341848000.6306 -2.1290 -1.7912 3.3875 0.0133 0.7904 0.4811 0.3789
1341848000.6627 -2.1199 -1.7910 3.3865 0.0141 0.7924 0.4803 0.3759
1341848000.6954 -2.1119 -1.7933 3.3891 0.0148 0.7949 0.4798 0.3711
1341848000.7308 -2.1014 -1.7948 3.3908 0.0154 0.7967 0.4800 0.3669
1341848000.7627 -2.0912 -1.7953 3.3908 0.0173 0.7983 0.4801 0.3631
1341848000.7987 -2.0820 -1.7983 3.3932 0.0201 0.8000 0.4804 0.3589
1341848000.8307 -2.0708 -1.7983 3.3942 0.0223 0.8013 0.4804 0.3560
1341848000.8628 -2.0621 -1.7999 3.3954 0.0238 0.8035 0.4792 0.3523
1341848000.8987 -2.0529 -1.8041 3.3992 0.0251 0.8052 0.4798 0.3476
1341848000.9307 -2.0426 -1.8071 3.4031 0.0271 0.8057 0.4810 0.3448
1341848000.9632 -2.0323 -1.8065 3.4045 0.0281 0.8063 0.4812 0.3427
1341848000.9988 -2.0214 -1.8074 3.4063 0.0278 0.8075 0.4808 0.3407
1341848001.0307 -2.0107 -1.8101 3.4089 0.0290 0.8083 0.4814 0.3377
1341848001.0670 -2.0000 -1.8116 3.4119 0.0307 0.8087 0.4824 0.3352
1341848001.0988 -1.9892 -1.8120 3.4135 0.0324 0.8090 0.4835 0.3329
1341848001.1307 -1.9782 -1.8099 3.4140 0.0339 0.8098 0.4838 0.3301
1341848001.2060 -1.9581 -1.8091 3.4192 0.0321 0.8124 0.4829 0.3252
1341848001.2668 -1.9373 -1.8054 3.4236 0.0252 0.8160 0.4808 0.3199
1341848001.2991 -1.9275 -1.8031 3.4247 0.0236 0.8178 0.4803 0.3161
1341848001.3348 -1.9179 -1.8003 3.4260 0.0222 0.8199 0.4802 0.3109
1341848001.3667 -1.9080 -1.7987 3.4275 0.0188 0.8221 0.4796 0.3061
1341848001.3993 -1.8984 -1.7956 3.4266 0.0164 0.8239 0.4796 0.3015
1341848001.4347 -1.8886 -1.7920 3.4256 0.0165 0.8259 0.4801 0.2952
1341848001.4667 -1.8814 -1.7912 3.4255 0.0148 0.8277 0.4806 0.2893
1341848001.5027 -1.8721 -1.7868 3.4250 0.0110 0.8294 0.4813 0.2834
1341848001.5349 -1.8614 -1.7815 3.4204 0.0102 0.8314 0.4814 0.2773
1341848001.5670 -1.8535 -1.7790 3.4186 0.0098 0.8349 0.4796 0.2697
1341848001.6029 -1.8476 -1.7790 3.4203 0.0071 0.8373 0.4801 0.2614
1341848001.6347 -1.8361 -1.7738 3.4164 0.0064 0.8390 0.4810 0.2544
1341848001.6666 -1.8273 -1.7723 3.4146 0.0073 0.8414 0.4797 0.2489
1341848001.7349 -1.8110 -1.7685 3.4110 0.0053 0.8441 0.4799 0.2392
1341848001.7707 -1.8002 -1.7657 3.4068 0.0072 0.8462 0.4785 0.2342
1341848001.8028 -1.7960 -1.7683 3.4073 0.0081 0.8479 0.4781 0.2291
1341848001.8348 -1.7872 -1.7662 3.4040 0.0071 0.8480 0.4809 0.2225
1341848001.8707 -1.7760 -1.7628 3.3990 0.0081 0.8489 0.4813 0.2180
1341848001.9027 -1.7728 -1.7662 3.3985 0.0069 0.8501 0.4809 0.2145
1341848001.9347 -1.7633 -1.7635 3.3965 0.0072 0.8498 0.4838 0.2089
1341848001.9707 -1.7503 -1.7616 3.3927 0.0104 0.8504 0.4847 0.2045
1341848002.0027 -1.7416 -1.7625 3.3898 0.0124 0.8511 0.4854 0.1997
1341848002.0389 -1.7330 -1.7593 3.3877 0.0142 0.8511 0.4870 0.1953
1341848002.0708 -1.7221 -1.7564 3.3823 0.0156 0.8521 0.4874 0.1902
1341848002.1027 -1.7143 -1.7559 3.3811 0.0174 0.8527 0.4874 0.1871
1341848002.1387 -1.7048 -1.7560 3.3752 0.0163 0.8527 0.4883 0.1850
1341848002.1718 -1.6969 -1.7522 3.3727 0.0165 0.8532 0.4892 0.1800
1341848002.2027 -1.6862 -1.7494 3.3711 0.0177 0.8538 0.4898 0.1754
1341848002.2387 -1.6774 -1.7475 3.3674 0.0169 0.8541 0.4903 0.1728
1341848002.2708 -1.6694 -1.7453 3.3655 0.0138 0.8545 0.4910 0.1690
1341848002.3067 -1.6618 -1.7430 3.3657 0.0119 0.8547 0.4920 0.1654
1341848002.3389 -1.6523 -1.7383 3.3627 0.0104 0.8545 0.4938 0.1607
1341848002.3708 -1.6467 -1.7361 3.3627 0.0097 0.8543 0.4960 0.1551
1341848002.4068 -1.6342 -1.7273 3.3588 0.0098 0.8540 0.4975 0.1517
1341848002.4388 -1.6268 -1.7269 3.3552 0.0085 0.8545 0.4977 0.1488
1341848002.4747 -1.6223 -1.7237 3.3567 0.0079 0.8541 0.4992 0.1456
1341848002.5068 -1.6133 -1.7147 3.3530 0.0081 0.8537 0.5005 0.1438
1341848002.5388 -1.6076 -1.7136 3.3520 0.0068 0.8537 0.5015 0.1401
1341848002.5747 -1.6020 -1.7100 3.3521 0.0047 0.8526 0.5040 0.1376
1341848002.6068 -1.5921 -1.7021 3.3501 0.0033 0.8521 0.5054 0.1358
1341848002.6394 -1.5841 -1.6990 3.3491 0.0004 0.8522 0.5058 0.1340
1341848002.6747 -1.5804 -1.6979 3.3532 -0.0011 0.8512 0.5078 0.1325
1341848002.7138 -1.5699 -1.6878 3.3511 -0.0011 0.8501 0.5098 0.1321
1341848002.7748 -1.6488 -1.7272 3.4235 0.0253 0.8545 0.5023 0.1298
1341848002.8068 -1.6943 -1.7465 3.4546 0.0393 0.8563 0.4982 0.1301
1341848002.8428 -1.7751 -1.7720 3.5032 0.0626 0.8586 0.4905 0.1349
1341848002.8752 -1.7671 -1.7703 3.5020 0.0634 0.8588 0.4897 0.1364
1341848002.9067 -1.7582 -1.7676 3.5019 0.0652 0.8593 0.4884 0.1369
1341848002.9433 -1.7510 -1.7693 3.5048 0.0663 0.8599 0.4860 0.1414
1341848002.9746 -1.7400 -1.7688 3.5027 0.0649 0.8596 0.4854 0.1458
1341848003.0109 -1.7291 -1.7639 3.4983 0.0644 0.8600 0.4844 0.1472
1341848003.0426 -1.7208 -1.7650 3.4986 0.0651 0.8614 0.4814 0.1482
1341848003.0750 -1.7141 -1.7693 3.5024 0.0638 0.8618 0.4800 0.1508
1341848003.1106 -1.7037 -1.7647 3.4998 0.0630 0.8613 0.4806 0.1523
1341848003.1426 -1.6938 -1.7634 3.4967 0.0605 0.8621 0.4794 0.1527
1341848003.2429 -1.6698 -1.7633 3.4988 0.0523 0.8641 0.4770 0.1517
1341848003.2789 -1.6601 -1.7603 3.4975 0.0504 0.8642 0.4764 0.1538
1341848003.3107 -1.6524 -1.7584 3.4962 0.0475 0.8645 0.4756 0.1553
1341848003.3427 -1.6425 -1.7553 3.4956 0.0453 0.8653 0.4738 0.1572
1341848003.3790 -1.6330 -1.7552 3.4953 0.0418 0.8663 0.4712 0.1604
1341848003.4108 -1.6248 -1.7554 3.4984 0.0397 0.8668 0.4689 0.1651
1341848003.4427 -1.6147 -1.7518 3.4977 0.0402 0.8663 0.4680 0.1700
1341848003.4787 -1.6049 -1.7535 3.4994 0.0395 0.8658 0.4666 0.1761
1341848003.5107 -1.5948 -1.7508 3.4989 0.0374 0.8647 0.4655 0.1850
1341848003.5469 -1.5854 -1.7465 3.4967 0.0370 0.8641 0.4650 0.1891
1341848003.5787 -1.5758 -1.7473 3.4964 0.0381 0.8636 0.4641 0.1934
1341848003.6179 -1.5684 -1.7451 3.4947 0.0391 0.8629 0.4621 0.2010
1341848003.6500 -1.5608 -1.7417 3.4929 0.0392 0.8622 0.4604 0.2077
1341848003.6858 -1.5517 -1.7393 3.4888 0.0383 0.8620 0.4586 0.2125
1341848003.7179 -1.5440 -1.7398 3.4882 0.0354 0.8622 0.4558 0.2181
1341848003.7538 -1.5362 -1.7383 3.4878 0.0327 0.8616 0.4546 0.2233
1341848003.7858 -1.5265 -1.7360 3.4834 0.0334 0.8604 0.4547 0.2277
1341848003.8179 -1.5199 -1.7345 3.4824 0.0331 0.8596 0.4535 0.2333
1341848003.8540 -1.5120 -1.7271 3.4764 0.0319 0.8586 0.4530 0.2379
1341848003.8858 -1.5053 -1.7239 3.4723 0.0303 0.8585 0.4518 0.2408
1341848003.9217 -1.4959 -1.7245 3.4690 0.0294 0.8574 0.4515 0.2451
1341848003.9538 -1.4904 -1.7166 3.4661 0.0299 0.8567 0.4500 0.2504
1341848003.9858 -1.4816 -1.7140 3.4579 0.0300 0.8550 0.4521 0.2524
1341848004.0216 -1.4735 -1.7110 3.4517 0.0315 0.8542 0.4508 0.2571
1341848004.0538 -1.4676 -1.7051 3.4504 0.0311 0.8543 0.4489 0.2601
1341848004.0897 -1.4576 -1.7036 3.4411 0.0315 0.8521 0.4521 0.2619
1341848004.1217 -1.4497 -1.6997 3.4354 0.0322 0.8514 0.4506 0.2666
1341848004.1537 -1.4408 -1.6973 3.4323 0.0322 0.8506 0.4502 0.2699
1341848004.1898 -1.4330 -1.6937 3.4270 0.0342 0.8489 0.4507 0.2740
1341848004.2218 -1.4263 -1.6882 3.4225 0.0336 0.8474 0.4502 0.2794
1341848004.2578 -1.4179 -1.6824 3.4168 0.0315 0.8463 0.4493 0.2846
1341848004.2898 -1.4079 -1.6821 3.4147 0.0302 0.8452 0.4493 0.2879
1341848004.3218 -1.3992 -1.6790 3.4122 0.0287 0.8429 0.4489 0.2952
1341848004.3579 -1.3914 -1.6729 3.4092 0.0279 0.8411 0.4476 0.3023
1341848004.3898 -1.3834 -1.6683 3.4069 0.0249 0.8394 0.4469 0.3083
1341848004.4219 -1.3740 -1.6652 3.4043 0.0218 0.8375 0.4464 0.3145
1341848004.4578 -1.3660 -1.6618 3.4043 0.0191 0.8361 0.4451 0.3202
1341848004.4898 -1.3580 -1.6575 3.4020 0.0168 0.8337 0.4454 0.3260
1341848004.5257 -1.3495 -1.6554 3.4018 0.0150 0.8316 0.4464 0.3302
1341848004.5578 -1.3424 -1.6518 3.4005 0.0150 0.8287 0.4478 0.3354
1341848004.5898 -1.3371 -1.6467 3.4002 0.0133 0.8263 0.4492 0.3395
1341848004.6258 -1.3282 -1.6439 3.3965 0.0112 0.8236 0.4510 0.3438
1341848004.6579 -1.3243 -1.6401 3.3995 0.0095 0.8224 0.4502 0.3477
1341848004.6899 -1.3166 -1.6383 3.3987 0.0071 0.8193 0.4539 0.3501
1341848004.7258 -1.3098 -1.6346 3.3956 0.0066 0.8165 0.4552 0.3550
1341848004.7577 -1.3071 -1.6304 3.3972 0.0051 0.8155 0.4536 0.3594
1341848004.7897 -1.3006 -1.6287 3.3973 0.0021 0.8135 0.4554 0.3618
1341848004.8258 -1.2940 -1.6279 3.3954 0.0024 0.8112 0.4571 0.3648
1341848004.8577 -1.2923 -1.6246 3.3977 0.0022 0.8099 0.4561 0.3689
1341848004.8898 -1.2871 -1.6233 3.3960 0.0009 0.8079 0.4576 0.3713
1341848004.9258 -1.2832 -1.6227 3.3977 0.0001 0.8067 0.4575 0.3740
1341848004.9578 -1.2788 -1.6224 3.3991 -0.0005 0.8054 0.4575 0.3769
1341848004.9938 -1.2772 -1.6198 3.3989 0.0000 0.8033 0.4577 0.3811
1341848005.0257 -1.2741 -1.6187 3.3990 -0.0016 0.8021 0.4572 0.3842
1341848005.0577 -1.2704 -1.6182 3.3982 -0.0033 0.8010 0.4559 0.3880
1341848005.0939 -1.2695 -1.6166 3.4023 -0.0034 0.8010 0.4539 0.3904
1341848005.1257 -1.2638 -1.6170 3.4029 -0.0046 0.7990 0.4555 0.3926
1341848005.1577 -1.2603 -1.6185 3.4035 -0.0025 0.7973 0.4553 0.3963
1341848005.1937 -1.2606 -1.6152 3.4036 -0.0012 0.7958 0.4537 0.4011
1341848005.2257 -1.2578 -1.6141 3.4042 -0.0024 0.7950 0.4527 0.4038
1341848005.2577 -1.2518 -1.6160 3.4060 -0.0040 0.7943 0.4517 0.4063
1341848005.2937 -1.2513 -1.6138 3.4083 -0.0032 0.7932 0.4491 0.4113
1341848005.3259 -1.2485 -1.6122 3.4096 -0.0044 0.7918 0.4490 0.4141
1341848005.3577 -1.2412 -1.6153 3.4109 -0.0056 0.7903 0.4490 0.4168
1341848005.3937 -1.2398 -1.6144 3.4125 -0.0033 0.7886 0.4474 0.4218
1341848005.4257 -1.2393 -1.6118 3.4145 -0.0026 0.7870 0.4468 0.4254
1341848005.4618 -1.2323 -1.6142 3.4144 -0.0046 0.7853 0.4475 0.4278
1341848005.4937 -1.2310 -1.6137 3.4185 -0.0034 0.7842 0.4458 0.4315
1341848005.5258 -1.2277 -1.6126 3.4182 -0.0044 0.7819 0.4466 0.4350
1341848005.5618 -1.2224 -1.6145 3.4189 -0.0057 0.7805 0.4460 0.4380
1341848005.5937 -1.2197 -1.6145 3.4208 -0.0059 0.7794 0.4447 0.4414
1341848005.6298 -1.2165 -1.6151 3.4213 -0.0065 0.7778 0.4438 0.4449
1341848005.6618 -1.2125 -1.6160 3.4229 -0.0074 0.7769 0.4425 0.4478
1341848005.6938 -1.2076 -1.6185 3.4239 -0.0074 0.7755 0.4415 0.4512
1341848005.7297 -1.2063 -1.6184 3.4244 -0.0066 0.7744 0.4390 0.4556
1341848005.7617 -1.2021 -1.6199 3.4255 -0.0075 0.7740 0.4371 0.4582
1341848005.7979 -1.1967 -1.6240 3.4292 -0.0067 0.7734 0.4355 0.4605
1341848005.8299 -1.1967 -1.6236 3.4312 -0.0044 0.7717 0.4337 0.4651
1341848005.8617 -1.1931 -1.6244 3.4316 -0.0050 0.7702 0.4330 0.4683
1341848005.8978 -1.1880 -1.6283 3.4335 -0.0049 0.7696 0.4316 0.4706
1341848005.9297 -1.1876 -1.6288 3.4377 -0.0031 0.7687 0.4291 0.4743
1341848005.9657 -1.1848 -1.6290 3.4382 -0.0037 0.7672 0.4280 0.4777
1341848005.9978 -1.1798 -1.6328 3.4399 -0.0039 0.7665 0.4268 0.4799
1341848006.0298 -1.1769 -1.6351 3.4419 -0.0017 0.7655 0.4235 0.4844
1341848006.0658 -1.1764 -1.6335 3.4446 -0.0010 0.7647 0.4199 0.4887
1341848006.0979 -1.1706 -1.6359 3.4420 -0.0006 0.7637 0.4182 0.4919
1341848006.1337 -1.1681 -1.6385 3.4454 0.0023 0.7648 0.4132 0.4943
1341848006.1658 -1.1661 -1.6400 3.4493 0.0064 0.7646 0.4108 0.4966
1341848006.1976 -1.1639 -1.6413 3.4501 0.0095 0.7633 0.4094 0.4996
1341848006.2338 -1.1597 -1.6437 3.4504 0.0118 0.7621 0.4066 0.5037
1341848006.2658 -1.1587 -1.6433 3.4534 0.0143 0.7619 0.4026 0.5071
1341848006.3018 -1.1549 -1.6458 3.4567 0.0160 0.7611 0.4012 0.5094
1341848006.3337 -1.1510 -1.6479 3.4590 0.0190 0.7591 0.4000 0.5133
1341848006.3660 -1.1511 -1.6445 3.4615 0.0192 0.7578 0.3962 0.5180
1341848006.4018 -1.1455 -1.6463 3.4628 0.0175 0.7572 0.3962 0.5190
1341848006.4337 -1.1412 -1.6509 3.4665 0.0186 0.7564 0.3957 0.5204
1341848006.4697 -1.1400 -1.6496 3.4701 0.0195 0.7551 0.3948 0.5231
1341848006.5017 -1.1348 -1.6521 3.4716 0.0189 0.7537 0.3962 0.5240
1341848006.5337 -1.1301 -1.6554 3.4725 0.0192 0.7526 0.3957 0.5259
1341848006.5697 -1.1290 -1.6561 3.4776 0.0197 0.7528 0.3939 0.5269
1341848006.6018 -1.1243 -1.6592 3.4801 0.0193 0.7521 0.3950 0.5272
1341848006.6378 -1.1190 -1.6644 3.4819 0.0204 0.7517 0.3948 0.5279
1341848006.6701 -1.1191 -1.6641 3.4887 0.0207 0.7523 0.3922 0.5290
1341848006.7018 -1.1129 -1.6674 3.4897 0.0197 0.7518 0.3937 0.5286
1341848006.7378 -1.1091 -1.6732 3.4939 0.0211 0.7524 0.3932 0.5281
1341848006.7697 -1.1057 -1.6757 3.4979 0.0232 0.7521 0.3937 0.5280
1341848006.8019 -1.1028 -1.6798 3.5014 0.0253 0.7523 0.3938 0.5275
1341848006.8376 -1.0991 -1.6832 3.5050 0.0264 0.7527 0.3943 0.5266
1341848006.8707 -1.0954 -1.6890 3.5082 0.0284 0.7533 0.3945 0.5255
1341848006.9018 -1.0933 -1.6921 3.5122 0.0300 0.7543 0.3937 0.5245
1341848006.9377 -1.0902 -1.6971 3.5149 0.0312 0.7556 0.3933 0.5228
1341848006.9697 -1.0887 -1.7017 3.5207 0.0329 0.7580 0.3928 0.5197
1341848007.0058 -1.0863 -1.7078 3.5260 0.0354 0.7595 0.3943 0.5162
1341848007.0378 -1.0856 -1.7120 3.5312 0.0386 0.7608 0.3958 0.5129
1341848007.0697 -1.0847 -1.7146 3.5363 0.0396 0.7623 0.3974 0.5093
1341848007.1057 -1.0818 -1.7200 3.5402 0.0394 0.7639 0.3996 0.5051
1341848007.1379 -1.0799 -1.7270 3.5467 0.0401 0.7660 0.4006 0.5012
1341848007.1697 -1.0802 -1.7303 3.5541 0.0408 0.7677 0.4015 0.4978
1341848007.2057 -1.0779 -1.7356 3.5590 0.0411 0.7687 0.4043 0.4940
1341848007.2379 -1.0765 -1.7435 3.5668 0.0428 0.7700 0.4066 0.4899
1341848007.2989 -1.0731 -1.7530 3.5759 0.0459 0.7695 0.4121 0.4857
1341848007.3314 -1.0722 -1.7576 3.5816 0.0471 0.7711 0.4112 0.4838
1341848007.3667 -1.0702 -1.7635 3.5871 0.0461 0.7727 0.4097 0.4826
1341848007.3987 -1.0687 -1.7704 3.5952 0.0464 0.7744 0.4084 0.4810
1341848007.4348 -1.0657 -1.7778 3.6000 0.0476 0.7748 0.4078 0.4807
1341848007.4667 -1.0674 -1.7805 3.6086 0.0485 0.7763 0.4056 0.4801
1341848007.4988 -1.0652 -1.7849 3.6146 0.0479 0.7771 0.4074 0.4773
1341848007.5348 -1.0596 -1.7960 3.6198 0.0486 0.7772 0.4098 0.4751
1341848007.5667 -1.0600 -1.7990 3.6260 0.0503 0.7774 0.4093 0.4750
1341848007.5987 -1.0581 -1.7998 3.6275 0.0487 0.7784 0.4097 0.4731
1341848007.6348 -1.0526 -1.8109 3.6338 0.0476 0.7808 0.4111 0.4680
1341848007.6667 -1.0532 -1.8162 3.6438 0.0512 0.7818 0.4138 0.4635
1341848007.7028 -1.0492 -1.8187 3.6461 0.0534 0.7809 0.4208 0.4585
1341848007.7346 -1.0391 -1.8272 3.6391 0.0552 0.7804 0.4256 0.4548
1341848007.7669 -1.0395 -1.8312 3.6501 0.0568 0.7849 0.4214 0.4508
1341848007.8029 -1.0377 -1.8350 3.6586 0.0556 0.7869 0.4225 0.4462
1341848007.8350 -1.0309 -1.8425 3.6605 0.0570 0.7872 0.4268 0.4414
1341848007.8667 -1.0282 -1.8426 3.6657 0.0581 0.7891 0.4272 0.4374
1341848007.9028 -1.0259 -1.8418 3.6708 0.0559 0.7917 0.4288 0.4315
1341848007.9349 -1.0167 -1.8574 3.6728 0.0566 0.7927 0.4356 0.4227
1341848007.9707 -1.0123 -1.8658 3.6795 0.0613 0.7930 0.4372 0.4199
1341848008.0027 -1.0108 -1.8632 3.6860 0.0641 0.7942 0.4375 0.4168
1341848008.0348 -1.0057 -1.8675 3.6898 0.0638 0.7953 0.4408 0.4112
1341848008.0708 -0.9998 -1.8753 3.6958 0.0639 0.7964 0.4430 0.4068
1341848008.1032 -0.9951 -1.8759 3.7000 0.0642 0.7970 0.4445 0.4038
1341848008.1388 -0.9886 -1.8793 3.7029 0.0632 0.7986 0.4458 0.3994
1341848008.1711 -0.9824 -1.8853 3.7097 0.0631 0.8004 0.4467 0.3946
1341848008.2027 -0.9769 -1.8901 3.7168 0.0649 0.8013 0.4492 0.3897
1341848008.2387 -0.9716 -1.8915 3.7229 0.0659 0.8016 0.4518 0.3859
1341848008.2707 -0.9653 -1.8947 3.7271 0.0659 0.8017 0.4553 0.3815
1341848008.3027 -0.9588 -1.8991 3.7322 0.0661 0.8022 0.4585 0.3768
1341848008.3388 -0.9519 -1.9044 3.7363 0.0663 0.8022 0.4615 0.3729
1341848008.3707 -0.9463 -1.9063 3.7412 0.0660 0.8029 0.4628 0.3699
1341848008.4389 -0.9336 -1.9188 3.7485 0.0672 0.8042 0.4672 0.3611
1341848008.4708 -0.9292 -1.9219 3.7550 0.0687 0.8050 0.4683 0.3576
1341848008.5069 -0.9240 -1.9246 3.7566 0.0695 0.8054 0.4707 0.3535
1341848008.5388 -0.9177 -1.9344 3.7601 0.0710 0.8063 0.4730 0.3481
1341848008.5707 -0.9132 -1.9396 3.7666 0.0736 0.8067 0.4741 0.3451
1341848008.6067 -0.9091 -1.9429 3.7701 0.0757 0.8066 0.4768 0.3411
1341848008.6387 -0.9031 -1.9494 3.7701 0.0776 0.8067 0.4793 0.3370
1341848008.6746 -0.8985 -1.9540 3.7757 0.0787 0.8077 0.4796 0.3338
1341848008.7068 -0.8936 -1.9558 3.7750 0.0793 0.8084 0.4806 0.3305
1341848008.7387 -0.8884 -1.9633 3.7807 0.0787 0.8105 0.4802 0.3259
1341848008.7751 -0.8834 -1.9670 3.7844 0.0777 0.8113 0.4803 0.3240
1341848008.8069 -0.8786 -1.9707 3.7853 0.0770 0.8124 0.4804 0.3213
1341848008.8388 -0.8745 -1.9755 3.7917 0.0754 0.8142 0.4797 0.3183
1341848008.8746 -0.8692 -1.9802 3.7945 0.0752 0.8145 0.4814 0.3149
1341848008.9067 -0.8641 -1.9821 3.7966 0.0761 0.8150 0.4826 0.3116
1341848008.9431 -0.8602 -1.9830 3.7987 0.0751 0.8164 0.4827 0.3079
1341848008.9747 -0.8538 -1.9911 3.8027 0.0732 0.8176 0.4838 0.3034
1341848009.0068 -0.8477 -1.9967 3.8079 0.0740 0.8180 0.4849 0.3005
1341848009.0427 -0.8442 -1.9961 3.8147 0.0733 0.8186 0.4853 0.2982
1341848009.1108 -0.8316 -1.9996 3.8160 0.0718 0.8198 0.4876 0.2916
1341848009.1427 -0.8284 -1.9977 3.8190 0.0696 0.8221 0.4862 0.2879
1341848009.1747 -0.8224 -1.9993 3.8220 0.0687 0.8246 0.4862 0.2811
1341848009.2107 -0.8179 -2.0026 3.8310 0.0701 0.8261 0.4881 0.2729
1341848009.2429 -0.8126 -2.0033 3.8339 0.0726 0.8251 0.4932 0.2660
1341848009.2747 -0.8083 -1.9998 3.8339 0.0738 0.8249 0.4966 0.2597
1341848009.3109 -0.8032 -2.0003 3.8370 0.0722 0.8266 0.4981 0.2520
1341848009.3429 -0.7954 -2.0064 3.8401 0.0714 0.8266 0.5018 0.2447
1341848009.3787 -0.7898 -2.0056 3.8441 0.0726 0.8270 0.5032 0.2399
1341848009.4429 -0.7770 -2.0076 3.8495 0.0713 0.8272 0.5075 0.2304
1341848009.4790 -0.7721 -2.0076 3.8552 0.0713 0.8278 0.5082 0.2268
1341848009.5106 -0.7645 -2.0085 3.8559 0.0700 0.8270 0.5106 0.2245
1341848009.5428 -0.7568 -2.0080 3.8564 0.0696 0.8277 0.5103 0.2228
1341848009.5788 -0.7512 -2.0085 3.8628 0.0684 0.8288 0.5095 0.2212
1341848009.6110 -0.7420 -2.0089 3.8605 0.0670 0.8281 0.5111 0.2204
1341848009.6469 -0.7336 -2.0101 3.8605 0.0666 0.8291 0.5095 0.2206
1341848009.6787 -0.7262 -2.0083 3.8656 0.0645 0.8310 0.5063 0.2214
1341848009.7108 -0.7178 -2.0082 3.8662 0.0626 0.8315 0.5055 0.2216
1341848009.7468 -0.7065 -2.0115 3.8633 0.0622 0.8316 0.5055 0.2213
1341848009.7788 -0.6985 -2.0092 3.8687 0.0624 0.8335 0.5018 0.2226
1341848009.8107 -0.6907 -2.0082 3.8708 0.0628 0.8337 0.5018 0.2219
1341848009.8468 -0.6804 -2.0127 3.8683 0.0645 0.8321 0.5049 0.2205
1341848009.8787 -0.6736 -2.0067 3.8687 0.0660 0.8324 0.5033 0.2223
1341848009.9148 -0.6666 -2.0023 3.8682 0.0644 0.8324 0.5033 0.2230
1341848009.9470 -0.6566 -2.0055 3.8622 0.0634 0.8316 0.5052 0.2219
1341848009.9789 -0.6462 -2.0052 3.8598 0.0633 0.8320 0.5037 0.2235
1341848010.0148 -0.6410 -2.0001 3.8616 0.0642 0.8328 0.5019 0.2246
1341848010.0468 -0.6334 -1.9960 3.8563 0.0648 0.8321 0.5034 0.2237
1341848010.0826 -0.6244 -1.9934 3.8520 0.0644 0.8321 0.5038 0.2229
1341848010.1147 -0.6184 -1.9872 3.8496 0.0645 0.8324 0.5038 0.2217
1341848010.1468 -0.6086 -1.9852 3.8432 0.0639 0.8310 0.5074 0.2191
1341848010.1827 -0.6008 -1.9827 3.8306 0.0646 0.8295 0.5102 0.2180
1341848010.2147 -0.5947 -1.9772 3.8249 0.0650 0.8303 0.5094 0.2165
1341848010.2468 -0.5867 -1.9746 3.8170 0.0651 0.8302 0.5109 0.2136
1341848010.2827 -0.5794 -1.9708 3.8100 0.0665 0.8301 0.5117 0.2113
1341848010.3148 -0.5738 -1.9664 3.7999 0.0678 0.8292 0.5139 0.2092
1341848010.3511 -0.5677 -1.9635 3.7906 0.0678 0.8291 0.5148 0.2075
1341848010.3828 -0.5606 -1.9618 3.7847 0.0683 0.8293 0.5156 0.2045
1341848010.4147 -0.5566 -1.9571 3.7759 0.0697 0.8282 0.5177 0.2032
1341848010.4509 -0.5527 -1.9538 3.7651 0.0699 0.8275 0.5195 0.2012
1341848010.4831 -0.5483 -1.9513 3.7588 0.0702 0.8281 0.5197 0.1980
1341848010.5148 -0.5432 -1.9484 3.7560 0.0702 0.8282 0.5212 0.1937
1341848010.5506 -0.5380 -1.9477 3.7399 0.0706 0.8258 0.5258 0.1914
1341848010.5829 -0.5359 -1.9427 3.7389 0.0709 0.8281 0.5231 0.1888
1341848010.6187 -0.5323 -1.9416 3.7320 0.0690 0.8271 0.5262 0.1852
1341848010.6510 -0.5257 -1.9434 3.7201 0.0695 0.8260 0.5290 0.1815
1341848010.6826 -0.5264 -1.9386 3.7196 0.0707 0.8276 0.5269 0.1804
1341848010.7188 -0.5246 -1.9371 3.7142 0.0695 0.8274 0.5284 0.1775
1341848010.7509 -0.5224 -1.9362 3.7047 0.0693 0.8266 0.5305 0.1746
1341848010.7827 -0.5218 -1.9359 3.6951 0.0701 0.8267 0.5314 0.1713
1341848010.8188 -0.5190 -1.9355 3.6940 0.0710 0.8290 0.5292 0.1664
1341848010.8508 -0.5179 -1.9344 3.6875 0.0717 0.8288 0.5305 0.1630
1341848010.8867 -0.5146 -1.9335 3.6832 0.0731 0.8297 0.5301 0.1591
1341848010.9188 -0.5166 -1.9290 3.6823 0.0740 0.8311 0.5283 0.1572
1341848010.9508 -0.5138 -1.9268 3.6792 0.0730 0.8319 0.5282 0.1535
1341848010.9868 -0.5095 -1.9253 3.6805 0.0727 0.8337 0.5265 0.1499
1341848011.0187 -0.5078 -1.9226 3.6793 0.0734 0.8340 0.5263 0.1484
1341848011.0510 -0.5055 -1.9195 3.6793 0.0738 0.8349 0.5256 0.1458
1341848011.0867 -0.4994 -1.9139 3.6839 0.0736 0.8374 0.5228 0.1414
1341848011.1187 -0.5006 -1.9139 3.6790 0.0748 0.8368 0.5240 0.1402
1341848011.1546 -0.4969 -1.9113 3.6823 0.0760 0.8380 0.5227 0.1369
1341848011.1867 -0.4981 -1.9062 3.6806 0.0765 0.8380 0.5227 0.1365
1341848011.2191 -0.4957 -1.9087 3.6755 0.0742 0.8369 0.5257 0.1332
1341848011.2547 -0.4915 -1.9078 3.6723 0.0722 0.8379 0.5254 0.1291
1341848011.2866 -0.4895 -1.9076 3.6686 0.0712 0.8380 0.5260 0.1262
1341848011.3227 -0.4875 -1.9106 3.6681 0.0716 0.8382 0.5269 0.1209
1341848011.3547 -0.4844 -1.9095 3.6621 0.0722 0.8387 0.5268 0.1173
1341848011.3867 -0.4818 -1.9001 3.6666 0.0744 0.8414 0.5232 0.1129
1341848011.4227 -0.4768 -1.8991 3.6621 0.0738 0.8408 0.5251 0.1087
1341848011.4547 -0.4780 -1.8925 3.6608 0.0764 0.8424 0.5229 0.1055
1341848011.4868 -0.4760 -1.8888 3.6621 0.0760 0.8435 0.5222 0.1007
1341848011.5229 -0.4722 -1.8915 3.6559 0.0761 0.8416 0.5262 0.0949
1341848011.5547 -0.4703 -1.8917 3.6501 0.0773 0.8408 0.5280 0.0913
1341848011.5909 -0.4702 -1.8882 3.6520 0.0766 0.8420 0.5265 0.0891
1341848011.6227 -0.4656 -1.8884 3.6467 0.0751 0.8407 0.5297 0.0838
1341848011.6549 -0.4632 -1.8869 3.6439 0.0759 0.8404 0.5305 0.0809
1341848011.6908 -0.4647 -1.8808 3.6449 0.0770 0.8408 0.5299 0.0796
1341848011.7226 -0.4654 -1.8713 3.6435 0.0763 0.8411 0.5299 0.0765
1341848011.7548 -0.4626 -1.8699 3.6393 0.0741 0.8403 0.5321 0.0723
1341848011.7908 -0.4628 -1.8665 3.6364 0.0748 0.8397 0.5335 0.0688
1341848011.8227 -0.4607 -1.8641 3.6295 0.0759 0.8379 0.5369 0.0631
1341848011.8588 -0.4608 -1.8605 3.6221 0.0782 0.8367 0.5388 0.0593
1341848011.8907 -0.4616 -1.8563 3.6206 0.0796 0.8368 0.5387 0.0567
1341848011.9229 -0.4608 -1.8539 3.6142 0.0803 0.8353 0.5413 0.0536
1341848011.9588 -0.4626 -1.8506 3.6081 0.0819 0.8350 0.5416 0.0520
1341848011.9908 -0.4633 -1.8452 3.6081 0.0804 0.8360 0.5404 0.0506
1341848012.0227 -0.4622 -1.8415 3.6020 0.0781 0.8350 0.5425 0.0492
1341848012.0589 -0.4628 -1.8371 3.5961 0.0772 0.8342 0.5439 0.0484
1341848012.0908 -0.4638 -1.8318 3.5893 0.0756 0.8336 0.5451 0.0478
1341848012.1269 -0.4621 -1.8273 3.5815 0.0737 0.8331 0.5462 0.0464
1341848012.1910 -0.4579 -1.8160 3.5709 0.0733 0.8324 0.5472 0.0475
1341848012.2267 -0.4581 -1.8102 3.5633 0.0729 0.8310 0.5492 0.0495
1341848012.2587 -0.4565 -1.8045 3.5565 0.0712 0.8304 0.5502 0.0520
1341848012.2952 -0.4570 -1.7979 3.5512 0.0693 0.8298 0.5509 0.0553
1341848012.3269 -0.4572 -1.7921 3.5417 0.0657 0.8285 0.5530 0.0586
1341848012.3588 -0.4551 -1.7862 3.5350 0.0615 0.8287 0.5529 0.0609
1341848012.3947 -0.4526 -1.7795 3.5312 0.0583 0.8286 0.5532 0.0631
1341848012.4268 -0.4522 -1.7739 3.5201 0.0558 0.8262 0.5566 0.0662
1341848012.4588 -0.4514 -1.7687 3.5099 0.0537 0.8255 0.5576 0.0683
1341848012.4947 -0.4494 -1.7628 3.5051 0.0509 0.8260 0.5570 0.0699
1341848012.5268 -0.4458 -1.7585 3.4966 0.0482 0.8245 0.5592 0.0715
1341848012.5627 -0.4444 -1.7544 3.4848 0.0468 0.8232 0.5608 0.0753
1341848012.5947 -0.4443 -1.7485 3.4826 0.0438 0.8249 0.5580 0.0796
1341848012.6268 -0.4390 -1.7450 3.4752 0.0390 0.8242 0.5590 0.0816
1341848012.6628 -0.4336 -1.7413 3.4704 0.0372 0.8244 0.5585 0.0843
1341848012.6953 -0.4333 -1.7361 3.4664 0.0361 0.8241 0.5580 0.0904
1341848012.7269 -0.4314 -1.7322 3.4610 0.0320 0.8236 0.5581 0.0957
1341848012.7627 -0.4246 -1.7295 3.4559 0.0280 0.8234 0.5581 0.0991
1341848012.7947 -0.4195 -1.7257 3.4545 0.0266 0.8237 0.5565 0.1051
1341848012.8307 -0.4209 -1.7222 3.4476 0.0245 0.8221 0.5571 0.1151
1341848012.8628 -0.4188 -1.7199 3.4393 0.0197 0.8221 0.5558 0.1222
1341848012.8947 -0.4153 -1.7160 3.4416 0.0149 0.8251 0.5502 0.1277
1341848012.9308 -0.4128 -1.7135 3.4377 0.0121 0.8245 0.5496 0.1342
1341848012.9628 -0.4134 -1.7105 3.4338 0.0091 0.8248 0.5474 0.1412
1341848012.9948 -0.4097 -1.7070 3.4355 0.0043 0.8266 0.5437 0.1454
1341848013.0309 -0.4061 -1.7045 3.4343 0.0020 0.8259 0.5433 0.1508
1341848013.0627 -0.4040 -1.7027 3.4297 0.0006 0.8248 0.5432 0.1570
1341848013.0988 -0.4012 -1.7002 3.4299 -0.0012 0.8257 0.5401 0.1631
1341848013.1308 -0.3977 -1.6974 3.4325 -0.0022 0.8261 0.5377 0.1689
1341848013.1628 -0.3929 -1.6964 3.4317 -0.0015 0.8247 0.5379 0.1749
1341848013.1987 -0.3927 -1.6937 3.4317 0.0017 0.8231 0.5375 0.1832
1341848013.2309 -0.3925 -1.6912 3.4319 0.0027 0.8221 0.5367 0.1897
1341848013.2627 -0.3864 -1.6897 3.4353 0.0022 0.8214 0.5362 0.1942
1341848013.2987 -0.3869 -1.6879 3.4334 0.0042 0.8184 0.5375 0.2034
1341848013.3308 -0.3871 -1.6858 3.4334 0.0022 0.8173 0.5362 0.2110
1341848013.3667 -0.3820 -1.6840 3.4374 -0.0023 0.8174 0.5339 0.2165
1341848013.3987 -0.3760 -1.6824 3.4442 -0.0043 0.8168 0.5327 0.2215
1341848013.4309 -0.3711 -1.6802 3.4481 -0.0040 0.8138 0.5340 0.2292
1341848013.4670 -0.3712 -1.6804 3.4423 -0.0041 0.8085 0.5373 0.2401
1341848013.4988 -0.3687 -1.6792 3.4424 -0.0076 0.8076 0.5351 0.2478
1341848013.5348 -0.3625 -1.6783 3.4471 -0.0128 0.8080 0.5313 0.2543
1341848013.5667 -0.3552 -1.6783 3.4496 -0.0160 0.8068 0.5294 0.2619
1341848013.5988 -0.3544 -1.6778 3.4532 -0.0157 0.8059 0.5262 0.2710
1341848013.6348 -0.3486 -1.6777 3.4536 -0.0172 0.8038 0.5260 0.2773
1341848013.6667 -0.3427 -1.6787 3.4509 -0.0183 0.8020 0.5242 0.2859
1341848013.6988 -0.3422 -1.6789 3.4527 -0.0184 0.8026 0.5183 0.2948
1341848013.7346 -0.3372 -1.6796 3.4540 -0.0208 0.8031 0.5137 0.3013
1341848013.7668 -0.3333 -1.6798 3.4582 -0.0212 0.8044 0.5083 0.3070
1341848013.8027 -0.3306 -1.6795 3.4623 -0.0204 0.8043 0.5048 0.3128
1341848013.8348 -0.3285 -1.6785 3.4622 -0.0205 0.8022 0.5035 0.3202
1341848013.8668 -0.3241 -1.6788 3.4602 -0.0220 0.8010 0.5016 0.3260
1341848013.9027 -0.3219 -1.6778 3.4650 -0.0233 0.8019 0.4966 0.3315
1341848013.9667 -0.3122 -1.6776 3.4679 -0.0255 0.7985 0.4945 0.3424
1341848014.0027 -0.3070 -1.6776 3.4694 -0.0263 0.7971 0.4930 0.3477
1341848014.0349 -0.3009 -1.6776 3.4715 -0.0273 0.7950 0.4914 0.3547
1341848014.0710 -0.2986 -1.6762 3.4700 -0.0288 0.7917 0.4896 0.3643
1341848014.1027 -0.2943 -1.6741 3.4709 -0.0335 0.7900 0.4867 0.3714
1341848014.1347 -0.2850 -1.6750 3.4744 -0.0382 0.7887 0.4847 0.3762
1341848014.1707 -0.2790 -1.6736 3.4769 -0.0400 0.7857 0.4835 0.3837
1341848014.2027 -0.2709 -1.6736 3.4750 -0.0434 0.7819 0.4836 0.3910
1341848014.2348 -0.2601 -1.6760 3.4774 -0.0459 0.7808 0.4802 0.3970
1341848014.2707 -0.2547 -1.6737 3.4828 -0.0473 0.7790 0.4758 0.4056
1341848014.3027 -0.2450 -1.6757 3.4833 -0.0477 0.7760 0.4757 0.4113
1341848014.3387 -0.2359 -1.6773 3.4869 -0.0481 0.7739 0.4731 0.4183
1341848014.3706 -0.2287 -1.6766 3.4904 -0.0493 0.7705 0.4694 0.4284
1341848014.4388 -0.2249 -1.6863 3.4890 -0.0480 0.7634 0.4691 0.4415
1341848014.4708 -0.2034 -1.6786 3.4984 -0.0547 0.7623 0.4562 0.4558
1341848014.5066 -0.1971 -1.6794 3.5049 -0.0564 0.7608 0.4497 0.4644
1341848014.5387 -0.1875 -1.6820 3.5041 -0.0585 0.7561 0.4466 0.4747
1341848014.5708 -0.1819 -1.6831 3.5069 -0.0581 0.7554 0.4393 0.4827
1341848014.6069 -0.1755 -1.6849 3.5163 -0.0582 0.7545 0.4334 0.4894
1341848014.6387 -0.1674 -1.6881 3.5164 -0.0568 0.7501 0.4327 0.4969
1341848014.6708 -0.1595 -1.6906 3.5186 -0.0553 0.7480 0.4289 0.5036
1341848014.7068 -0.1533 -1.6925 3.5191 -0.0542 0.7456 0.4238 0.5114
1341848014.7387 -0.1462 -1.6952 3.5218 -0.0536 0.7453 0.4186 0.5162
1341848014.7747 -0.1379 -1.7003 3.5297 -0.0508 0.7447 0.4157 0.5197
1341848014.8067 -0.1321 -1.7010 3.5306 -0.0457 0.7407 0.4148 0.5265
1341848014.8387 -0.1254 -1.7028 3.5324 -0.0432 0.7381 0.4130 0.5319
1341848014.8747 -0.1171 -1.7057 3.5359 -0.0421 0.7352 0.4100 0.5381
1341848014.9066 -0.1133 -1.7049 3.5370 -0.0396 0.7318 0.4064 0.5456
1341848014.9387 -0.1069 -1.7055 3.5403 -0.0382 0.7291 0.4065 0.5493
1341848014.9747 -0.1010 -1.7060 3.5429 -0.0362 0.7247 0.4069 0.5549
1341848015.0067 -0.1030 -1.7018 3.5400 -0.0349 0.7186 0.4064 0.5633
1341848015.0426 -0.1002 -1.6967 3.5412 -0.0397 0.7140 0.4070 0.5683
1341848015.0749 -0.0923 -1.6970 3.5420 -0.0487 0.7096 0.4070 0.5731
1341848015.1068 -0.0862 -1.6954 3.5440 -0.0561 0.7065 0.4048 0.5778
1341848015.1427 -0.0822 -1.6935 3.5466 -0.0604 0.7036 0.4043 0.5813
1341848015.1747 -0.0735 -1.6930 3.5490 -0.0639 0.6996 0.4060 0.5844
1341848015.2072 -0.0692 -1.6912 3.5481 -0.0650 0.6946 0.4055 0.5907
1341848015.2435 -0.0640 -1.6894 3.5479 -0.0681 0.6907 0.4035 0.5962
1341848015.2748 -0.0578 -1.6889 3.5516 -0.0700 0.6875 0.4015 0.6011
1341848015.3106 -0.0537 -1.6881 3.5518 -0.0689 0.6818 0.3988 0.6094
1341848015.3429 -0.0504 -1.6861 3.5510 -0.0684 0.6763 0.3963 0.6171
1341848015.3747 -0.0456 -1.6853 3.5528 -0.0677 0.6708 0.3953 0.6238
1341848015.4107 -0.0420 -1.6854 3.5519 -0.0663 0.6640 0.3939 0.6321
1341848015.4428 -0.0401 -1.6836 3.5502 -0.0652 0.6575 0.3921 0.6400
1341848015.4750 -0.0354 -1.6834 3.5503 -0.0667 0.6511 0.3888 0.6485
1341848015.5109 -0.0318 -1.6836 3.5506 -0.0679 0.6459 0.3834 0.6567
1341848015.5428 -0.0335 -1.6822 3.5497 -0.0650 0.6391 0.3809 0.6650
1341848015.5818 -0.0286 -1.6822 3.5505 -0.0667 0.6313 0.3791 0.6733
1341848015.6178 -0.0254 -1.6828 3.5507 -0.0690 0.6251 0.3723 0.6825
1341848015.6501 -0.0255 -1.6822 3.5507 -0.0700 0.6191 0.3665 0.6910
1341848015.6858 -0.0207 -1.6823 3.5529 -0.0725 0.6136 0.3626 0.6977
1341848015.7181 -0.0178 -1.6829 3.5551 -0.0722 0.6095 0.3557 0.7048
1341848015.7498 -0.0183 -1.6834 3.5548 -0.0694 0.6043 0.3514 0.7117
1341848015.7858 -0.0154 -1.6845 3.5563 -0.0679 0.5988 0.3480 0.7181
1341848015.8179 -0.0146 -1.6866 3.5554 -0.0673 0.5947 0.3417 0.7246
1341848015.8538 -0.0152 -1.6878 3.5564 -0.0657 0.5909 0.3373 0.7299
1341848015.8857 -0.0140 -1.6889 3.5549 -0.0654 0.5858 0.3319 0.7365
1341848015.9178 -0.0129 -1.6901 3.5547 -0.0674 0.5831 0.3247 0.7416
1341848015.9540 -0.0123 -1.6914 3.5576 -0.0669 0.5817 0.3163 0.7463
1341848015.9867 -0.0149 -1.6935 3.5576 -0.0645 0.5792 0.3107 0.7509
1341848016.0217 -0.0151 -1.6945 3.5584 -0.0622 0.5755 0.3079 0.7550
1341848016.0539 -0.0136 -1.6950 3.5591 -0.0606 0.5728 0.3018 0.7597
1341848016.0857 -0.0175 -1.6957 3.5577 -0.0583 0.5707 0.2960 0.7638
1341848016.1218 -0.0197 -1.6954 3.5569 -0.0581 0.5679 0.2936 0.7668
1341848016.1538 -0.0181 -1.6967 3.5574 -0.0612 0.5662 0.2909 0.7688
1341848016.1858 -0.0205 -1.6965 3.5565 -0.0620 0.5650 0.2882 0.7706
1341848016.2217 -0.0217 -1.6966 3.5573 -0.0635 0.5637 0.2879 0.7716
1341848016.2537 -0.0191 -1.6985 3.5588 -0.0648 0.5629 0.2873 0.7723
1341848016.2900 -0.0239 -1.6994 3.5563 -0.0652 0.5634 0.2853 0.7726
1341848016.3220 -0.0247 -1.6991 3.5573 -0.0665 0.5655 0.2884 0.7698
1341848016.3537 -0.0215 -1.7013 3.5605 -0.0643 0.5677 0.2919 0.7671
1341848016.3898 -0.0278 -1.7020 3.5598 -0.0602 0.5690 0.2941 0.7656
1341848016.4217 -0.0273 -1.7037 3.5626 -0.0579 0.5704 0.2994 0.7627
1341848016.4539 -0.0280 -1.7054 3.5647 -0.0542 0.5723 0.3026 0.7602
1341848016.4901 -0.0299 -1.7070 3.5669 -0.0503 0.5740 0.3031 0.7591
1341848016.5218 -0.0324 -1.7085 3.5682 -0.0486 0.5762 0.3024 0.7577
1341848016.5542 -0.0335 -1.7097 3.5718 -0.0443 0.5787 0.3034 0.7557
1341848016.5898 -0.0380 -1.7120 3.5739 -0.0405 0.5787 0.3029 0.7561
1341848016.6219 -0.0409 -1.7135 3.5765 -0.0379 0.5796 0.3054 0.7546
1341848016.6578 -0.0410 -1.7161 3.5817 -0.0328 0.5798 0.3095 0.7530
1341848016.6899 -0.0476 -1.7192 3.5838 -0.0297 0.5783 0.3102 0.7540
1341848016.7578 -0.0472 -1.7248 3.5936 -0.0306 0.5803 0.3092 0.7528
1341848016.8188 -0.0596 -1.7296 3.6024 -0.0283 0.5812 0.3083 0.7526
1341848016.8508 -0.0619 -1.7333 3.6078 -0.0282 0.5810 0.3087 0.7526
1341848016.8828 -0.0684 -1.7358 3.6122 -0.0283 0.5817 0.3082 0.7522
1341848016.9189 -0.0723 -1.7382 3.6183 -0.0278 0.5815 0.3104 0.7515
1341848016.9507 -0.0757 -1.7414 3.6236 -0.0282 0.5813 0.3108 0.7515
1341848016.9867 -0.0823 -1.7434 3.6276 -0.0292 0.5826 0.3097 0.7509
1341848017.0187 -0.0863 -1.7462 3.6342 -0.0299 0.5844 0.3109 0.7490
1341848017.0508 -0.0925 -1.7492 3.6380 -0.0291 0.5852 0.3118 0.7480
1341848017.0868 -0.0974 -1.7516 3.6419 -0.0297 0.5872 0.3130 0.7459
1341848017.1186 -0.1018 -1.7544 3.6450 -0.0294 0.5901 0.3140 0.7432
1341848017.1507 -0.1085 -1.7571 3.6478 -0.0275 0.5935 0.3161 0.7396
1341848017.1869 -0.1137 -1.7600 3.6506 -0.0262 0.5964 0.3185 0.7363
1341848017.2188 -0.1172 -1.7634 3.6535 -0.0245 0.6002 0.3199 0.7326
1341848017.2547 -0.1264 -1.7668 3.6555 -0.0214 0.6046 0.3202 0.7290
1341848017.2866 -0.1316 -1.7702 3.6601 -0.0181 0.6088 0.3230 0.7244
1341848017.3187 -0.1325 -1.7749 3.6625 -0.0128 0.6118 0.3232 0.7219
1341848017.3547 -0.1480 -1.7785 3.6624 -0.0060 0.6165 0.3195 0.7196
1341848017.3868 -0.1573 -1.7797 3.6639 -0.0023 0.6204 0.3214 0.7154
1341848017.4188 -0.1627 -1.7850 3.6676 0.0026 0.6244 0.3243 0.7106
1341848017.4548 -0.1753 -1.7864 3.6689 0.0060 0.6265 0.3257 0.7080
1341848017.4867 -0.1766 -1.7902 3.6717 0.0063 0.6295 0.3280 0.7044
1341848017.5227 -0.1843 -1.7926 3.6733 0.0079 0.6326 0.3270 0.7020
1341848017.5548 -0.1919 -1.7945 3.6749 0.0093 0.6363 0.3265 0.6988
1341848017.5878 -0.1955 -1.7960 3.6777 0.0107 0.6392 0.3278 0.6956
1341848017.6227 -0.2008 -1.7989 3.6780 0.0135 0.6420 0.3276 0.6931
1341848017.6548 -0.2069 -1.7996 3.6802 0.0156 0.6450 0.3285 0.6898
1341848017.6868 -0.2051 -1.8042 3.6815 0.0177 0.6479 0.3285 0.6870
1341848017.7228 -0.2173 -1.8056 3.6823 0.0229 0.6511 0.3268 0.6846
1341848017.7548 -0.2167 -1.8081 3.6859 0.0254 0.6532 0.3293 0.6814
1341848017.7907 -0.2205 -1.8119 3.6865 0.0296 0.6548 0.3283 0.6801
1341848017.8228 -0.2285 -1.8135 3.6878 0.0326 0.6574 0.3266 0.6783
1341848017.8547 -0.2325 -1.8158 3.6914 0.0338 0.6592 0.3269 0.6764
1341848017.8907 -0.2373 -1.8182 3.6932 0.0352 0.6602 0.3269 0.6753
1341848017.9228 -0.2438 -1.8189 3.6950 0.0355 0.6615 0.3270 0.6739
1341848017.9586 -0.2426 -1.8209 3.6979 0.0336 0.6633 0.3274 0.6721
1341848017.9907 -0.2510 -1.8225 3.7007 0.0352 0.6647 0.3270 0.6708
1341848018.0227 -0.2526 -1.8223 3.7032 0.0343 0.6655 0.3295 0.6689
1341848018.0588 -0.2522 -1.8245 3.7038 0.0331 0.6674 0.3304 0.6665
1341848018.0909 -0.2576 -1.8253 3.7072 0.0329 0.6706 0.3301 0.6636
1341848018.1227 -0.2594 -1.8271 3.7117 0.0330 0.6723 0.3336 0.6600
1341848018.1591 -0.2571 -1.8299 3.7139 0.0346 0.6733 0.3373 0.6570
1341848018.1908 -0.2619 -1.8311 3.7157 0.0354 0.6757 0.3376 0.6543
1341848018.2267 -0.2613 -1.8337 3.7204 0.0337 0.6787 0.3388 0.6508
1341848018.2588 -0.2632 -1.8376 3.7256 0.0358 0.6807 0.3412 0.6473
1341848018.2907 -0.2658 -1.8403 3.7306 0.0374 0.6818 0.3444 0.6443
1341848018.3339 -0.2648 -1.8427 3.7336 0.0361 0.6836 0.3465 0.6413
1341848018.3672 -0.2631 -1.8470 3.7393 0.0346 0.6878 0.3463 0.6371
1341848018.3977 -0.2676 -1.8508 3.7471 0.0355 0.6910 0.3463 0.6335
1341848018.4338 -0.2696 -1.8547 3.7553 0.0387 0.6921 0.3515 0.6292
1341848018.4657 -0.2692 -1.8582 3.7620 0.0423 0.6925 0.3577 0.6251
1341848018.5018 -0.2700 -1.8614 3.7676 0.0436 0.6944 0.3600 0.6215
1341848018.5345 -0.2724 -1.8654 3.7771 0.0445 0.6977 0.3613 0.6170
1341848018.5658 -0.2742 -1.8684 3.7858 0.0453 0.6996 0.3636 0.6134
1341848018.6017 -0.2738 -1.8726 3.7925 0.0452 0.7018 0.3649 0.6101
1341848018.6337 -0.2782 -1.8758 3.8017 0.0452 0.7056 0.3651 0.6056
1341848018.6698 -0.2790 -1.8817 3.8127 0.0450 0.7079 0.3677 0.6014
1341848018.7018 -0.2820 -1.8857 3.8209 0.0453 0.7089 0.3705 0.5984
1341848018.7339 -0.2801 -1.8917 3.8288 0.0434 0.7111 0.3720 0.5950
1341848018.7697 -0.2830 -1.8980 3.8387 0.0428 0.7135 0.3717 0.5924
1341848018.8022 -0.2827 -1.9037 3.8483 0.0427 0.7147 0.3728 0.5902
1341848018.8338 -0.2815 -1.9093 3.8540 0.0427 0.7159 0.3725 0.5890
1341848018.8698 -0.2836 -1.9165 3.8621 0.0436 0.7187 0.3704 0.5869
1341848018.9020 -0.2879 -1.9224 3.8721 0.0456 0.7204 0.3704 0.5846
1341848018.9338 -0.2862 -1.9286 3.8801 0.0487 0.7202 0.3736 0.5825
1341848018.9697 -0.2916 -1.9348 3.8849 0.0509 0.7204 0.3739 0.5819
1341848019.0023 -0.2930 -1.9396 3.8922 0.0492 0.7222 0.3742 0.5796
1341848019.0698 -0.2967 -1.9518 3.9039 0.0498 0.7254 0.3731 0.5763
1341848019.1308 -0.2992 -1.9616 3.9154 0.0481 0.7295 0.3741 0.5706
1341848019.1627 -0.3036 -1.9667 3.9230 0.0490 0.7314 0.3757 0.5670
1341848019.1986 -0.3060 -1.9703 3.9291 0.0486 0.7331 0.3781 0.5632
1341848019.2311 -0.3041 -1.9746 3.9351 0.0470 0.7360 0.3798 0.5584
1341848019.2627 -0.3079 -1.9808 3.9441 0.0468 0.7391 0.3796 0.5545
1341848019.2987 -0.3144 -1.9847 3.9540 0.0464 0.7415 0.3812 0.5502
1341848019.3307 -0.3109 -1.9898 3.9611 0.0447 0.7438 0.3839 0.5454
1341848019.3627 -0.3169 -1.9958 3.9707 0.0452 0.7469 0.3835 0.5413
1341848019.3987 -0.3214 -2.0005 3.9822 0.0438 0.7498 0.3850 0.5364
1341848019.4310 -0.3189 -2.0068 3.9913 0.0430 0.7521 0.3865 0.5321
1341848019.4670 -0.3251 -2.0118 4.0008 0.0429 0.7553 0.3850 0.5286
1341848019.4988 -0.3248 -2.0183 4.0128 0.0426 0.7589 0.3853 0.5232
1341848019.5308 -0.3291 -2.0267 4.0252 0.0465 0.7612 0.3862 0.5189
1341848019.5671 -0.3330 -2.0320 4.0387 0.0490 0.7626 0.3884 0.5149
1341848019.5987 -0.3309 -2.0374 4.0480 0.0496 0.7637 0.3896 0.5123
1341848019.6307 -0.3360 -2.0431 4.0609 0.0501 0.7663 0.3890 0.5090
1341848019.6669 -0.3369 -2.0498 4.0756 0.0503 0.7676 0.3909 0.5054
1341848019.6987 -0.3364 -2.0538 4.0850 0.0512 0.7673 0.3933 0.5039
1341848019.7348 -0.3378 -2.0573 4.0932 0.0505 0.7690 0.3937 0.5010
1341848019.7667 -0.3372 -2.0635 4.1031 0.0488 0.7715 0.3939 0.4972
1341848019.7987 -0.3391 -2.0695 4.1139 0.0497 0.7729 0.3949 0.4942
1341848019.8347 -0.3392 -2.0729 4.1202 0.0509 0.7741 0.3964 0.4910
1341848019.8988 -0.3408 -2.0832 4.1345 0.0532 0.7783 0.3981 0.4825
1341848019.9348 -0.3424 -2.0873 4.1428 0.0559 0.7797 0.4011 0.4775
1341848019.9667 -0.3400 -2.0892 4.1470 0.0578 0.7810 0.4042 0.4726
1341848020.0028 -0.3385 -2.0914 4.1511 0.0583 0.7835 0.4055 0.4673
1341848020.0347 -0.3399 -2.0963 4.1585 0.0579 0.7867 0.4059 0.4616
1341848020.0667 -0.3372 -2.1011 4.1662 0.0590 0.7883 0.4086 0.4562
1341848020.1028 -0.3362 -2.1040 4.1717 0.0611 0.7896 0.4104 0.4522
1341848020.1348 -0.3348 -2.1047 4.1761 0.0602 0.7920 0.4108 0.4476
1341848020.1708 -0.3316 -2.1102 4.1824 0.0583 0.7952 0.4106 0.4423
1341848020.2027 -0.3319 -2.1156 4.1903 0.0585 0.7974 0.4111 0.4378
1341848020.2349 -0.3289 -2.1180 4.1954 0.0584 0.7995 0.4127 0.4326
1341848020.2712 -0.3231 -2.1215 4.1984 0.0582 0.8020 0.4133 0.4273
1341848020.3028 -0.3221 -2.1275 4.2066 0.0589 0.8049 0.4131 0.4219
1341848020.3349 -0.3196 -2.1320 4.2128 0.0600 0.8071 0.4143 0.4164
1341848020.3708 -0.3125 -2.1346 4.2165 0.0614 0.8094 0.4155 0.4105
1341848020.4388 -0.3037 -2.1418 4.2275 0.0629 0.8151 0.4148 0.3994
1341848020.4712 -0.2965 -2.1452 4.2308 0.0635 0.8189 0.4134 0.3930
1341848020.5027 -0.2964 -2.1538 4.2410 0.0660 0.8225 0.4122 0.3864
1341848020.5387 -0.2931 -2.1593 4.2497 0.0691 0.8245 0.4141 0.3795
1341848020.5708 -0.2872 -2.1634 4.2553 0.0722 0.8259 0.4162 0.3735
1341848020.6028 -0.2864 -2.1688 4.2647 0.0742 0.8274 0.4179 0.3678
1341848020.6389 -0.2816 -2.1743 4.2731 0.0760 0.8276 0.4224 0.3617
1341848020.6708 -0.2718 -2.1751 4.2752 0.0777 0.8280 0.4250 0.3575
1341848020.7067 -0.2716 -2.1795 4.2832 0.0771 0.8297 0.4248 0.3538
1341848020.7390 -0.2659 -2.1858 4.2905 0.0753 0.8304 0.4280 0.3487
1341848020.7708 -0.2572 -2.1906 4.2945 0.0777 0.8300 0.4311 0.3452
1341848020.8072 -0.2556 -2.1939 4.3006 0.0791 0.8301 0.4326 0.3428
1341848020.8391 -0.2473 -2.1962 4.3031 0.0776 0.8308 0.4343 0.3393
1341848020.8710 -0.2412 -2.2023 4.3061 0.0777 0.8317 0.4345 0.3369
1341848020.9066 -0.2405 -2.2111 4.3154 0.0793 0.8322 0.4355 0.3338
1341848020.9388 -0.2322 -2.2119 4.3171 0.0800 0.8323 0.4376 0.3307
1341848020.9749 -0.2258 -2.2157 4.3183 0.0798 0.8337 0.4370 0.3280
1341848021.0066 -0.2240 -2.2231 4.3266 0.0794 0.8352 0.4364 0.3250
1341848021.0396 -0.2183 -2.2274 4.3315 0.0802 0.8356 0.4386 0.3208
1341848021.0748 -0.2101 -2.2304 4.3341 0.0815 0.8360 0.4403 0.3171
1341848021.1067 -0.2065 -2.2320 4.3379 0.0809 0.8372 0.4403 0.3142
1341848021.1428 -0.1988 -2.2360 4.3429 0.0792 0.8389 0.4410 0.3092
1341848021.1750 -0.1911 -2.2410 4.3472 0.0795 0.8398 0.4419 0.3051
1341848021.2067 -0.1854 -2.2444 4.3544 0.0803 0.8409 0.4427 0.3008
1341848021.2427 -0.1769 -2.2432 4.3531 0.0793 0.8425 0.4426 0.2965
1341848021.2749 -0.1693 -2.2501 4.3611 0.0784 0.8454 0.4416 0.2900
1341848021.3073 -0.1610 -2.2546 4.3653 0.0801 0.8471 0.4415 0.2846
1341848021.3434 -0.1525 -2.2560 4.3665 0.0815 0.8496 0.4404 0.2786
1341848021.3848 -0.1446 -2.2616 4.3703 0.0816 0.8535 0.4372 0.2715
1341848021.4143 -0.1393 -2.2715 4.3797 0.0841 0.8566 0.4357 0.2634
1341848021.4557 -0.1289 -2.2765 4.3826 0.0882 0.8585 0.4359 0.2555
1341848021.4879 -0.1226 -2.2835 4.3888 0.0919 0.8610 0.4341 0.2485
1341848021.5147 -0.1149 -2.2921 4.3965 0.0946 0.8628 0.4339 0.2416
1341848021.5508 -0.1075 -2.2994 4.4046 0.0976 0.8636 0.4347 0.2361
1341848021.6178 -0.0901 -2.3066 4.4143 0.0926 0.8666 0.4335 0.2291
1341848021.6788 -0.0702 -2.3165 4.4239 0.0853 0.8698 0.4329 0.2210
1341848021.7107 -0.0646 -2.3258 4.4329 0.0858 0.8704 0.4333 0.2177
1341848021.7428 -0.0562 -2.3277 4.4361 0.0865 0.8702 0.4354 0.2137
1341848021.7787 -0.0473 -2.3310 4.4382 0.0871 0.8706 0.4366 0.2093
1341848021.8109 -0.0403 -2.3340 4.4432 0.0857 0.8710 0.4379 0.2053
1341848021.8446 -0.0304 -2.3332 4.4440 0.0834 0.8719 0.4389 0.2004
1341848021.8789 -0.0218 -2.3375 4.4455 0.0826 0.8728 0.4391 0.1964
1341848021.9106 -0.0111 -2.3406 4.4468 0.0822 0.8736 0.4392 0.1929
1341848021.9467 -0.0004 -2.3417 4.4455 0.0813 0.8747 0.4387 0.1894
1341848021.9787 0.0097 -2.3452 4.4491 0.0811 0.8767 0.4365 0.1853
1341848022.0108 0.0176 -2.3495 4.4520 0.0802 0.8780 0.4354 0.1822
1341848022.0467 0.0274 -2.3517 4.4522 0.0805 0.8790 0.4350 0.1777
1341848022.0787 0.0361 -2.3546 4.4531 0.0801 0.8800 0.4346 0.1739
1341848022.1110 0.0477 -2.3562 4.4516 0.0786 0.8810 0.4349 0.1689
1341848022.1467 0.0612 -2.3560 4.4496 0.0778 0.8824 0.4341 0.1638
1341848022.1790 0.0718 -2.3596 4.4475 0.0772 0.8837 0.4333 0.1594
1341848022.2148 0.0847 -2.3599 4.4445 0.0764 0.8851 0.4324 0.1540
1341848022.2468 0.0919 -2.3627 4.4430 0.0781 0.8871 0.4302 0.1478
1341848022.2788 0.0966 -2.3700 4.4432 0.0826 0.8875 0.4304 0.1422
1341848022.3148 0.1108 -2.3684 4.4384 0.0873 0.8877 0.4314 0.1351
1341848022.3541 0.1234 -2.3730 4.4323 0.0874 0.8890 0.4307 0.1285
1341848022.3872 0.1262 -2.3787 4.4331 0.0894 0.8901 0.4298 0.1227
1341848022.4178 0.1393 -2.3780 4.4266 0.0924 0.8907 0.4295 0.1166
1341848022.4542 0.1472 -2.3821 4.4227 0.0933 0.8923 0.4272 0.1122
1341848022.4856 0.1506 -2.3888 4.4201 0.0937 0.8932 0.4264 0.1074
1341848022.5217 0.1625 -2.3912 4.4160 0.0958 0.8938 0.4262 0.1013
1341848022.5542 0.1723 -2.3960 4.4113 0.0973 0.8944 0.4254 0.0975
1341848022.5861 0.1746 -2.4033 4.4096 0.0961 0.8952 0.4249 0.0941
1341848022.6218 0.1860 -2.4036 4.4034 0.0958 0.8960 0.4247 0.0875
1341848022.6542 0.1940 -2.4080 4.3976 0.0983 0.8969 0.4231 0.0830
1341848022.6903 0.1924 -2.4172 4.4015 0.1006 0.8969 0.4234 0.0790
1341848022.7217 0.2017 -2.4178 4.3964 0.1003 0.8960 0.4267 0.0710
1341848022.7830 0.2163 -2.4212 4.3917 0.1015 0.8957 0.4286 0.0607
1341848022.8148 0.2244 -2.4211 4.3878 0.0985 0.8942 0.4336 0.0526
1341848022.8508 0.2413 -2.4185 4.3792 0.0969 0.8939 0.4354 0.0451
1341848022.8827 0.2418 -2.4218 4.3825 0.0963 0.8931 0.4376 0.0410
1341848022.9188 0.2366 -2.4276 4.3881 0.0941 0.8892 0.4464 0.0343
1341848022.9508 0.2509 -2.4231 4.3603 0.0892 0.8874 0.4516 0.0257
1341848022.9827 0.2544 -2.4276 4.3694 0.0810 0.8918 0.4447 0.0193
1341848023.0188 0.2620 -2.4301 4.3719 0.0778 0.8901 0.4490 0.0079
1341848023.0508 0.2785 -2.4289 4.3616 0.0803 0.8876 0.4536 -0.0032
1341848023.0827 0.2875 -2.4304 4.3563 0.0843 0.8872 0.4536 -0.0094
1341848023.1188 0.2915 -2.4331 4.3573 0.0858 0.8861 0.4552 -0.0169
1341848023.1510 0.3080 -2.4285 4.3465 0.0846 0.8849 0.4571 -0.0277
1341848023.1867 0.3183 -2.4317 4.3494 0.0859 0.8851 0.4561 -0.0355
1341848023.2187 0.3256 -2.4340 4.3524 0.0888 0.8821 0.4607 -0.0429
1341848023.2868 0.3502 -2.4267 4.3439 0.0874 0.8766 0.4699 -0.0562
1341848023.3188 0.3570 -2.4249 4.3411 0.0814 0.8748 0.4738 -0.0604
1341848023.3548 0.3694 -2.4223 4.3382 0.0769 0.8729 0.4771 -0.0677
1341848023.3869 0.3819 -2.4186 4.3337 0.0749 0.8714 0.4793 -0.0726
1341848023.4187 0.3888 -2.4184 4.3331 0.0754 0.8697 0.4817 -0.0766
1341848023.4547 0.3981 -2.4152 4.3286 0.0766 0.8672 0.4851 -0.0826
1341848023.4871 0.4084 -2.4102 4.3222 0.0778 0.8657 0.4867 -0.0874
1341848023.5187 0.4123 -2.4084 4.3174 0.0770 0.8647 0.4879 -0.0907
1341848023.5551 0.4198 -2.4054 4.3120 0.0743 0.8642 0.4882 -0.0965
1341848023.5868 0.4308 -2.4022 4.3045 0.0733 0.8641 0.4875 -0.1014
1341848023.6228 0.4361 -2.4024 4.2999 0.0751 0.8640 0.4867 -0.1053
1341848023.6872 0.4489 -2.3995 4.2875 0.0746 0.8633 0.4854 -0.1162
1341848023.7227 0.4571 -2.3973 4.2807 0.0764 0.8632 0.4840 -0.1217
1341848023.7547 0.4612 -2.3973 4.2772 0.0775 0.8626 0.4840 -0.1251
1341848023.7869 0.4655 -2.3930 4.2658 0.0759 0.8615 0.4850 -0.1298
1341848023.8228 0.4726 -2.3919 4.2604 0.0743 0.8617 0.4834 -0.1353
1341848023.8548 0.4782 -2.3883 4.2521 0.0743 0.8606 0.4841 -0.1395
1341848023.8907 0.4830 -2.3847 4.2423 0.0742 0.8597 0.4843 -0.1443
1341848023.9228 0.4875 -2.3809 4.2307 0.0732 0.8594 0.4836 -0.1490
1341848023.9548 0.4917 -2.3802 4.2213 0.0732 0.8592 0.4822 -0.1546
1341848023.9907 0.4969 -2.3803 4.2157 0.0766 0.8578 0.4820 -0.1615
1341848024.0227 0.5031 -2.3759 4.2053 0.0818 0.8552 0.4834 -0.1680
1341848024.0547 0.5084 -2.3718 4.1931 0.0847 0.8541 0.4835 -0.1722
1341848024.1228 0.5158 -2.3707 4.1796 0.0906 0.8516 0.4835 -0.1814
1341848024.1588 0.5213 -2.3648 4.1675 0.0932 0.8499 0.4842 -0.1860
1341848024.1909 0.5223 -2.3646 4.1604 0.0950 0.8498 0.4830 -0.1883
1341848024.2228 0.5236 -2.3649 4.1584 0.0954 0.8481 0.4843 -0.1925
1341848024.2588 0.5297 -2.3564 4.1446 0.0958 0.8454 0.4864 -0.1990
1341848024.2908 0.5337 -2.3543 4.1405 0.0975 0.8448 0.4858 -0.2022
1341848024.3227 0.5341 -2.3548 4.1345 0.0972 0.8421 0.4893 -0.2047
1341848024.3587 0.5385 -2.3485 4.1231 0.0947 0.8401 0.4913 -0.2095
1341848024.3909 0.5419 -2.3465 4.1163 0.0931 0.8393 0.4913 -0.2134
1341848024.4268 0.5465 -2.3435 4.1118 0.0928 0.8379 0.4918 -0.2176
1341848024.4588 0.5502 -2.3397 4.1033 0.0928 0.8360 0.4935 -0.2211
1341848024.4910 0.5532 -2.3386 4.0997 0.0925 0.8346 0.4942 -0.2248
1341848024.5268 0.5593 -2.3345 4.0940 0.0910 0.8325 0.4962 -0.2291
1341848024.5586 0.5657 -2.3283 4.0853 0.0901 0.8309 0.4974 -0.2325
1341848024.5947 0.5697 -2.3279 4.0825 0.0904 0.8297 0.4980 -0.2355
1341848024.6267 0.5752 -2.3239 4.0769 0.0889 0.8273 0.5003 -0.2396
1341848024.6587 0.5821 -2.3180 4.0688 0.0881 0.8254 0.5012 -0.2443
1341848024.6948 0.5884 -2.3166 4.0666 0.0891 0.8242 0.5011 -0.2482
1341848024.7271 0.5955 -2.3120 4.0609 0.0896 0.8213 0.5037 -0.2523
1341848024.7589 0.6022 -2.3059 4.0511 0.0895 0.8196 0.5045 -0.2565
1341848024.7947 0.6091 -2.3061 4.0490 0.0890 0.8190 0.5035 -0.2603
1341848024.8267 0.6185 -2.3013 4.0428 0.0885 0.8173 0.5039 -0.2650
1341848024.8628 0.6283 -2.2975 4.0359 0.0907 0.8165 0.5024 -0.2695
1341848024.8948 0.6372 -2.2984 4.0335 0.0938 0.8159 0.5011 -0.2729
1341848024.9268 0.6465 -2.2952 4.0275 0.0957 0.8144 0.5005 -0.2775
1341848024.9627 0.6565 -2.2944 4.0239 0.0981 0.8141 0.4986 -0.2809
1341848024.9947 0.6660 -2.2983 4.0243 0.1007 0.8128 0.4989 -0.2835
1341848025.0269 0.6750 -2.2935 4.0174 0.1025 0.8100 0.5008 -0.2875
1341848025.0626 0.6832 -2.2921 4.0134 0.1020 0.8095 0.5002 -0.2901
1341848025.1311 0.7031 -2.2872 4.0054 0.0996 0.8060 0.5017 -0.2981
1341848025.1631 0.7128 -2.2855 4.0013 0.1019 0.8053 0.5002 -0.3016
1341848025.1949 0.7214 -2.2873 4.0004 0.1035 0.8038 0.5007 -0.3042
1341848025.2306 0.7292 -2.2830 3.9933 0.1045 0.8014 0.5015 -0.3088
1341848025.2627 0.7380 -2.2807 3.9891 0.1058 0.8011 0.4998 -0.3118
1341848025.2947 0.7463 -2.2820 3.9869 0.1064 0.8003 0.4998 -0.3136
1341848025.3307 0.7522 -2.2798 3.9808 0.1055 0.7988 0.5009 -0.3160
1341848025.3630 0.7604 -2.2783 3.9762 0.1045 0.7986 0.5001 -0.3183
1341848025.3988 0.7686 -2.2785 3.9736 0.1059 0.7976 0.4998 -0.3205
1341848025.4307 0.7730 -2.2768 3.9678 0.1063 0.7958 0.5014 -0.3225
1341848025.4628 0.7785 -2.2752 3.9626 0.1040 0.7951 0.5012 -0.3253
1341848025.4987 0.7854 -2.2753 3.9596 0.1022 0.7945 0.5011 -0.3275
1341848025.5308 0.7917 -2.2734 3.9545 0.1023 0.7929 0.5018 -0.3302
1341848025.5668 0.7959 -2.2720 3.9502 0.1025 0.7918 0.5020 -0.3325
1341848025.5987 0.8021 -2.2704 3.9464 0.1010 0.7909 0.5022 -0.3349
1341848025.6307 0.8081 -2.2687 3.9424 0.1008 0.7897 0.5025 -0.3373
1341848025.6667 0.8126 -2.2671 3.9383 0.1018 0.7884 0.5028 -0.3396
1341848025.6988 0.8171 -2.2672 3.9364 0.1013 0.7869 0.5034 -0.3422
1341848025.7307 0.8217 -2.2624 3.9300 0.0997 0.7850 0.5048 -0.3449
1341848025.7667 0.8266 -2.2594 3.9245 0.0986 0.7845 0.5041 -0.3474
1341848025.7989 0.8323 -2.2593 3.9220 0.0993 0.7838 0.5032 -0.3502
1341848025.8348 0.8354 -2.2564 3.9165 0.1009 0.7823 0.5035 -0.3526
1341848025.8667 0.8410 -2.2539 3.9113 0.1027 0.7818 0.5019 -0.3554
1341848025.8987 0.8463 -2.2525 3.9087 0.1047 0.7809 0.5010 -0.3580
1341848025.9348 0.8503 -2.2488 3.9027 0.1060 0.7793 0.5013 -0.3608
1341848025.9671 0.8560 -2.2471 3.8990 0.1068 0.7786 0.5001 -0.3636
1341848025.9987 0.8619 -2.2442 3.8957 0.1081 0.7769 0.5005 -0.3665
1341848026.0346 0.8661 -2.2395 3.8878 0.1096 0.7747 0.5010 -0.3698
1341848026.0669 0.8717 -2.2378 3.8835 0.1106 0.7742 0.4992 -0.3730
1341848026.1028 0.8789 -2.2361 3.8809 0.1116 0.7725 0.4989 -0.3768
1341848026.1347 0.8840 -2.2309 3.8724 0.1147 0.7699 0.4992 -0.3807
1341848026.1667 0.8904 -2.2301 3.8694 0.1181 0.7693 0.4974 -0.3832
1341848026.2028 0.8962 -2.2282 3.8668 0.1197 0.7671 0.4981 -0.3863
1341848026.2349 0.9017 -2.2236 3.8592 0.1214 0.7642 0.4989 -0.3904
1341848026.2670 0.9085 -2.2234 3.8574 0.1250 0.7628 0.4981 -0.3930
1341848026.3029 0.9117 -2.2193 3.8527 0.1283 0.7596 0.5001 -0.3955
1341848026.3348 0.9147 -2.2158 3.8467 0.1293 0.7578 0.5002 -0.3985
1341848026.3710 0.9213 -2.2138 3.8432 0.1290 0.7572 0.4990 -0.4013
1341848026.4027 0.9267 -2.2112 3.8384 0.1307 0.7557 0.4985 -0.4041
1341848026.4347 0.9304 -2.2086 3.8332 0.1331 0.7547 0.4970 -0.4071
1341848026.4708 0.9353 -2.2070 3.8299 0.1337 0.7545 0.4951 -0.4094
1341848026.5027 0.9399 -2.2053 3.8253 0.1338 0.7534 0.4942 -0.4126
1341848026.5347 0.9450 -2.2037 3.8199 0.1333 0.7525 0.4931 -0.4157
1341848026.5708 0.9500 -2.2024 3.8148 0.1321 0.7526 0.4921 -0.4172
1341848026.6027 0.9564 -2.2011 3.8116 0.1299 0.7527 0.4915 -0.4184
1341848026.6420 0.9616 -2.1989 3.8060 0.1296 0.7515 0.4915 -0.4207
1341848026.7028 0.9733 -2.1946 3.7956 0.1288 0.7514 0.4898 -0.4229
1341848026.7388 0.9807 -2.1934 3.7921 0.1275 0.7514 0.4893 -0.4239
1341848026.7708 0.9895 -2.1916 3.7866 0.1274 0.7506 0.4899 -0.4247
1341848026.8067 0.9971 -2.1896 3.7822 0.1278 0.7498 0.4907 -0.4249
1341848026.8387 1.0047 -2.1879 3.7775 0.1272 0.7495 0.4919 -0.4243
1341848026.8780 1.0135 -2.1863 3.7736 0.1260 0.7490 0.4928 -0.4246
1341848026.9389 1.0329 -2.1822 3.7627 0.1244 0.7483 0.4944 -0.4244
1341848026.9707 1.0441 -2.1816 3.7595 0.1240 0.7485 0.4948 -0.4237
1341848027.0068 1.0534 -2.1798 3.7555 0.1235 0.7480 0.4958 -0.4236
1341848027.0387 1.0649 -2.1786 3.7500 0.1239 0.7475 0.4950 -0.4253
1341848027.0748 1.0765 -2.1792 3.7493 0.1245 0.7477 0.4947 -0.4252
1341848027.1067 1.0853 -2.1775 3.7442 0.1256 0.7459 0.4953 -0.4272
1341848027.1387 1.0953 -2.1781 3.7394 0.1259 0.7463 0.4929 -0.4292
1341848027.1748 1.1078 -2.1795 3.7377 0.1245 0.7469 0.4914 -0.4302
1341848027.2072 1.1184 -2.1800 3.7350 0.1248 0.7463 0.4905 -0.4323
1341848027.2387 1.1293 -2.1802 3.7311 0.1251 0.7456 0.4890 -0.4351
1341848027.2747 1.1408 -2.1814 3.7287 0.1248 0.7457 0.4880 -0.4361
1341848027.3067 1.1512 -2.1821 3.7261 0.1250 0.7455 0.4868 -0.4378
1341848027.3428 1.1622 -2.1829 3.7222 0.1255 0.7454 0.4853 -0.4394
1341848027.3749 1.1724 -2.1839 3.7185 0.1262 0.7466 0.4829 -0.4398
1341848027.4068 1.1838 -2.1850 3.7161 0.1257 0.7480 0.4808 -0.4398
1341848027.4430 1.1934 -2.1855 3.7111 0.1257 0.7494 0.4789 -0.4396
1341848027.4748 1.2046 -2.1864 3.7083 0.1244 0.7521 0.4762 -0.4383
1341848027.5067 1.2158 -2.1869 3.7044 0.1236 0.7542 0.4744 -0.4370
1341848027.5433 1.2246 -2.1873 3.7006 0.1238 0.7565 0.4727 -0.4348
1341848027.5747 1.2339 -2.1884 3.6980 0.1227 0.7588 0.4711 -0.4327
1341848027.6107 1.2427 -2.1886 3.6952 0.1217 0.7603 0.4704 -0.4312
1341848027.6427 1.2511 -2.1885 3.6906 0.1214 0.7614 0.4697 -0.4299
1341848027.6747 1.2592 -2.1886 3.6887 0.1208 0.7627 0.4695 -0.4281
1341848027.7110 1.2660 -2.1872 3.6842 0.1209 0.7626 0.4700 -0.4278
1341848027.7428 1.2726 -2.1860 3.6780 0.1209 0.7629 0.4703 -0.4268
1341848027.7788 1.2785 -2.1846 3.6732 0.1199 0.7643 0.4702 -0.4247
1341848027.8107 1.2865 -2.1836 3.6693 0.1186 0.7653 0.4702 -0.4233
1341848027.8428 1.2936 -2.1816 3.6639 0.1180 0.7654 0.4716 -0.4218
1341848027.8787 1.2979 -2.1786 3.6576 0.1175 0.7660 0.4728 -0.4194
1341848027.9111 1.3043 -2.1772 3.6527 0.1161 0.7672 0.4733 -0.4171
1341848027.9427 1.3099 -2.1749 3.6480 0.1146 0.7674 0.4750 -0.4152
1341848027.9788 1.3136 -2.1719 3.6385 0.1131 0.7681 0.4759 -0.4131
1341848028.0110 1.3197 -2.1711 3.6349 0.1116 0.7702 0.4748 -0.4110
1341848028.0467 1.3246 -2.1689 3.6283 0.1105 0.7705 0.4751 -0.4104
1341848028.0790 1.3295 -2.1667 3.6192 0.1106 0.7715 0.4739 -0.4097
1341848028.1110 1.3350 -2.1662 3.6146 0.1118 0.7733 0.4721 -0.4082
1341848028.1506 1.3359 -2.1643 3.6087 0.1131 0.7737 0.4713 -0.4081
1341848028.1860 1.3395 -2.1625 3.5978 0.1128 0.7743 0.4697 -0.4088
1341848028.2542 1.3486 -2.1577 3.5873 0.1137 0.7751 0.4672 -0.4099
1341848028.3149 1.3551 -2.1537 3.5734 0.1138 0.7758 0.4645 -0.4116
1341848028.3790 1.3633 -2.1477 3.5560 0.1145 0.7747 0.4626 -0.4155
1341848028.4146 1.3668 -2.1458 3.5484 0.1152 0.7750 0.4611 -0.4166
1341848028.4476 1.3706 -2.1433 3.5401 0.1148 0.7745 0.4602 -0.4186
1341848028.4828 1.3774 -2.1408 3.5316 0.1150 0.7745 0.4583 -0.4206
1341848028.5147 1.3842 -2.1386 3.5261 0.1179 0.7743 0.4570 -0.4215
1341848028.5466 1.3881 -2.1363 3.5131 0.1192 0.7729 0.4585 -0.4221
1341848028.5827 1.3943 -2.1344 3.5062 0.1183 0.7735 0.4577 -0.4221
1341848028.6146 1.4022 -2.1317 3.5001 0.1189 0.7735 0.4577 -0.4221
1341848028.6538 1.4073 -2.1285 3.4882 0.1194 0.7727 0.4590 -0.4219
1341848028.7218 1.4194 -2.1242 3.4733 0.1201 0.7730 0.4584 -0.4218
1341848028.7829 1.4298 -2.1189 3.4540 0.1216 0.7727 0.4577 -0.4226
1341848028.8148 1.4351 -2.1164 3.4462 0.1211 0.7729 0.4577 -0.4225
1341848028.8508 1.4409 -2.1138 3.4376 0.1210 0.7732 0.4572 -0.4225
1341848028.8827 1.4477 -2.1113 3.4328 0.1222 0.7739 0.4564 -0.4218
1341848028.9148 1.4534 -2.1092 3.4259 0.1241 0.7732 0.4574 -0.4214
1341848028.9509 1.4580 -2.1066 3.4175 0.1254 0.7723 0.4587 -0.4212
1341848028.9827 1.4620 -2.1043 3.4081 0.1254 0.7717 0.4602 -0.4207
1341848029.0187 1.4657 -2.1029 3.4001 0.1238 0.7715 0.4614 -0.4202
1341848029.0829 1.4755 -2.0972 3.3876 0.1207 0.7714 0.4610 -0.4217
1341848029.1188 1.4804 -2.0946 3.3823 0.1214 0.7710 0.4610 -0.4222
1341848029.1507 1.4844 -2.0925 3.3762 0.1213 0.7699 0.4625 -0.4227
1341848029.1827 1.4892 -2.0897 3.3703 0.1200 0.7685 0.4641 -0.4238
1341848029.2187 1.4941 -2.0870 3.3638 0.1193 0.7675 0.4654 -0.4245
1341848029.2506 1.4984 -2.0846 3.3577 0.1178 0.7668 0.4667 -0.4247
1341848029.2870 1.5034 -2.0830 3.3529 0.1154 0.7660 0.4675 -0.4259
1341848029.3202 1.5099 -2.0801 3.3482 0.1139 0.7645 0.4681 -0.4283
1341848029.3510 1.5153 -2.0768 3.3392 0.1147 0.7634 0.4678 -0.4304
1341848029.3869 1.5220 -2.0762 3.3362 0.1150 0.7636 0.4664 -0.4314
1341848029.4188 1.5280 -2.0742 3.3308 0.1141 0.7620 0.4669 -0.4339
1341848029.4508 1.5346 -2.0726 3.3247 0.1142 0.7612 0.4658 -0.4365
1341848029.4868 1.5419 -2.0715 3.3199 0.1137 0.7606 0.4651 -0.4383
1341848029.5189 1.5493 -2.0699 3.3148 0.1123 0.7596 0.4643 -0.4415
1341848029.5547 1.5575 -2.0692 3.3081 0.1127 0.7585 0.4626 -0.4449
1341848029.5870 1.5676 -2.0691 3.3045 0.1139 0.7586 0.4601 -0.4471
1341848029.6187 1.5766 -2.0685 3.3002 0.1150 0.7570 0.4591 -0.4505
1341848029.6553 1.5836 -2.0668 3.2925 0.1159 0.7549 0.4584 -0.4545
1341848029.6868 1.5933 -2.0667 3.2889 0.1160 0.7545 0.4565 -0.4570
1341848029.7188 1.6029 -2.0666 3.2859 0.1161 0.7524 0.4565 -0.4604
1341848029.7548 1.6100 -2.0645 3.2784 0.1167 0.7500 0.4566 -0.4642
1341848029.7869 1.6198 -2.0646 3.2750 0.1169 0.7494 0.4549 -0.4667
1341848029.8228 1.6291 -2.0637 3.2715 0.1173 0.7475 0.4549 -0.4696
1341848029.8548 1.6369 -2.0623 3.2663 0.1176 0.7455 0.4547 -0.4729
1341848029.8880 1.6458 -2.0618 3.2624 0.1187 0.7440 0.4536 -0.4760
1341848029.9228 1.6548 -2.0607 3.2598 0.1196 0.7425 0.4533 -0.4785
1341848029.9546 1.6615 -2.0582 3.2551 0.1201 0.7401 0.4537 -0.4816
1341848029.9908 1.6700 -2.0572 3.2512 0.1201 0.7387 0.4530 -0.4845
1341848030.0229 1.6789 -2.0561 3.2482 0.1205 0.7370 0.4531 -0.4868
1341848030.0548 1.6853 -2.0533 3.2434 0.1206 0.7352 0.4535 -0.4892
1341848030.0908 1.6916 -2.0512 3.2390 0.1204 0.7337 0.4532 -0.4917
1341848030.1228 1.6995 -2.0503 3.2359 0.1196 0.7324 0.4531 -0.4940
1341848030.1549 1.7052 -2.0482 3.2312 0.1199 0.7303 0.4534 -0.4967
1341848030.1907 1.7109 -2.0464 3.2275 0.1198 0.7287 0.4534 -0.4991
1341848030.2227 1.7159 -2.0448 3.2231 0.1191 0.7263 0.4539 -0.5022
1341848030.2589 1.7211 -2.0429 3.2188 0.1180 0.7239 0.4543 -0.5056
1341848030.2909 1.7266 -2.0408 3.2142 0.1183 0.7214 0.4547 -0.5088
1341848030.3228 1.7317 -2.0391 3.2101 0.1182 0.7195 0.4551 -0.5112
1341848030.3589 1.7368 -2.0356 3.2057 0.1177 0.7162 0.4563 -0.5148
1341848030.3908 1.7400 -2.0329 3.1998 0.1175 0.7138 0.4565 -0.5179
1341848030.4228 1.7467 -2.0304 3.1968 0.1170 0.7118 0.4567 -0.5206
1341848030.4589 1.7491 -2.0265 3.1901 0.1175 0.7094 0.4568 -0.5237
1341848030.4908 1.7555 -2.0244 3.1868 0.1168 0.7081 0.4571 -0.5254
1341848030.5267 1.7583 -2.0193 3.1807 0.1167 0.7059 0.4575 -0.5280
1341848030.5658 1.7618 -2.0157 3.1753 0.1167 0.7042 0.4566 -0.5310
1341848030.6270 1.7711 -2.0100 3.1647 0.1178 0.7002 0.4549 -0.5375
1341848030.6589 1.7741 -2.0059 3.1574 0.1194 0.6987 0.4529 -0.5409
1341848030.6907 1.7790 -2.0043 3.1510 0.1206 0.6979 0.4508 -0.5433
1341848030.7268 1.7838 -2.0007 3.1446 0.1210 0.6963 0.4493 -0.5465
1341848030.7588 1.7866 -1.9974 3.1370 0.1214 0.6943 0.4473 -0.5506
1341848030.7947 1.7922 -1.9953 3.1304 0.1206 0.6928 0.4451 -0.5544
1341848030.8275 1.7972 -1.9924 3.1229 0.1205 0.6913 0.4427 -0.5582
1341848030.8598 1.8049 -1.9919 3.1161 0.1222 0.6899 0.4393 -0.5622
1341848030.8947 1.8111 -1.9900 3.1090 0.1265 0.6875 0.4363 -0.5666
1341848030.9267 1.8141 -1.9869 3.0993 0.1301 0.6858 0.4333 -0.5701
1341848030.9587 1.8184 -1.9857 3.0910 0.1299 0.6852 0.4303 -0.5731
1341848030.9947 1.8251 -1.9848 3.0837 0.1293 0.6834 0.4274 -0.5776
1341848031.0267 1.8313 -1.9825 3.0745 0.1313 0.6825 0.4243 -0.5804
1341848031.0628 1.8375 -1.9807 3.0663 0.1342 0.6825 0.4204 -0.5826
1341848031.0948 1.8439 -1.9803 3.0588 0.1366 0.6811 0.4182 -0.5853
1341848031.1268 1.8479 -1.9775 3.0488 0.1383 0.6804 0.4166 -0.5868
1341848031.1629 1.8551 -1.9758 3.0411 0.1398 0.6811 0.4143 -0.5872
1341848031.1947 1.8607 -1.9750 3.0339 0.1413 0.6805 0.4135 -0.5882
1341848031.2310 1.8647 -1.9715 3.0259 0.1424 0.6795 0.4133 -0.5892
1341848031.2627 1.8707 -1.9713 3.0183 0.1439 0.6792 0.4126 -0.5897
1341848031.2947 1.8769 -1.9700 3.0118 0.1467 0.6779 0.4129 -0.5903
1341848031.3308 1.8773 -1.9654 3.0033 0.1482 0.6766 0.4131 -0.5913
1341848031.3630 1.8812 -1.9653 2.9962 0.1473 0.6762 0.4125 -0.5924
1341848031.3948 1.8852 -1.9647 2.9907 0.1459 0.6754 0.4125 -0.5936
1341848031.4306 1.8882 -1.9628 2.9845 0.1450 0.6742 0.4120 -0.5955
1341848031.4722 1.8922 -1.9640 2.9791 0.1438 0.6736 0.4114 -0.5970
1341848031.5021 1.8968 -1.9629 2.9744 0.1418 0.6720 0.4122 -0.5987
1341848031.5629 1.9056 -1.9627 2.9651 0.1396 0.6689 0.4108 -0.6036
1341848031.5987 1.9095 -1.9612 2.9610 0.1395 0.6663 0.4107 -0.6065
1341848031.6308 1.9127 -1.9605 2.9561 0.1391 0.6647 0.4100 -0.6089
1341848031.6628 1.9180 -1.9605 2.9521 0.1379 0.6634 0.4091 -0.6111
1341848031.6988 1.9226 -1.9591 2.9478 0.1370 0.6614 0.4084 -0.6140
1341848031.7307 1.9250 -1.9579 2.9424 0.1356 0.6602 0.4068 -0.6167
1341848031.7667 1.9330 -1.9593 2.9389 0.1330 0.6596 0.4048 -0.6192
1341848031.7987 1.9398 -1.9587 2.9352 0.1327 0.6572 0.4037 -0.6226
1341848031.8308 1.9438 -1.9573 2.9308 0.1337 0.6548 0.4008 -0.6266
1341848031.8667 1.9500 -1.9589 2.9267 0.1334 0.6527 0.3989 -0.6302
1341848031.8987 1.9547 -1.9581 2.9221 0.1315 0.6505 0.3979 -0.6335
1341848031.9308 1.9619 -1.9597 2.9169 0.1318 0.6488 0.3949 -0.6370
1341848031.9667 1.9693 -1.9593 2.9126 0.1324 0.6472 0.3936 -0.6393
1341848031.9987 1.9724 -1.9574 2.9078 0.1309 0.6449 0.3932 -0.6422
1341848032.0347 1.9800 -1.9583 2.9023 -0.1288 -0.6436 -0.3922 0.6445
1341848032.0667 1.9895 -1.9580 2.8977 -0.1287 -0.6421 -0.3911 0.6467
1341848032.0987 1.9948 -1.9563 2.8914 -0.1293 -0.6408 -0.3902 0.6483
1341848032.1347 2.0025 -1.9559 2.8867 -0.1286 -0.6408 -0.3899 0.6487
1341848032.1670 2.0099 -1.9544 2.8819 -0.1282 -0.6392 -0.3899 0.6504
1341848032.2030 2.0144 -1.9521 2.8758 -0.1288 -0.6386 -0.3891 0.6513
1341848032.2347 2.0233 -1.9527 2.8709 -0.1290 -0.6382 -0.3887 0.6519
1341848032.2667 2.0297 -1.9492 2.8667 -0.1287 -0.6362 -0.3894 0.6534
1341848032.3028 2.0326 -1.9460 2.8621 -0.1281 -0.6360 -0.3887 0.6543
1341848032.3346 2.0423 -1.9482 2.8574 -0.1277 -0.6351 -0.3883 0.6554
1341848032.3667 2.0462 -1.9426 2.8544 -0.1270 -0.6333 -0.3885 0.6572
1341848032.4030 2.0504 -1.9403 2.8506 -0.1256 -0.6329 -0.3866 0.6590
1341848032.4347 2.0567 -1.9419 2.8466 -0.1252 -0.6321 -0.3855 0.6604
1341848032.4708 2.0618 -1.9405 2.8419 -0.1245 -0.6316 -0.3849 0.6613
1341848032.5030 2.0668 -1.9397 2.8370 -0.1245 -0.6316 -0.3835 0.6622
1341848032.5347 2.0733 -1.9402 2.8326 -0.1243 -0.6311 -0.3823 0.6634
1341848032.5709 2.0770 -1.9380 2.8283 -0.1239 -0.6308 -0.3814 0.6643
1341848032.6030 2.0805 -1.9365 2.8216 -0.1228 -0.6321 -0.3797 0.6643
1341848032.6347 2.0865 -1.9352 2.8154 -0.1210 -0.6330 -0.3775 0.6650
1341848032.6708 2.0921 -1.9355 2.8098 -0.1187 -0.6334 -0.3766 0.6655
1341848032.7028 2.0959 -1.9359 2.8020 -0.1175 -0.6340 -0.3756 0.6658
1341848032.7387 2.1025 -1.9375 2.7952 -0.1182 -0.6343 -0.3743 0.6660
1341848032.7707 2.1089 -1.9354 2.7898 -0.1183 -0.6341 -0.3746 0.6660
1341848032.8029 2.1088 -1.9321 2.7827 -0.1180 -0.6344 -0.3742 0.6660
1341848032.8388 2.1165 -1.9324 2.7740 -0.1177 -0.6355 -0.3735 0.6654
1341848032.8707 2.1207 -1.9286 2.7661 -0.1186 -0.6347 -0.3733 0.6661
1341848032.9027 2.1229 -1.9244 2.7593 -0.1191 -0.6346 -0.3719 0.6669
1341848032.9388 2.1290 -1.9226 2.7536 -0.1189 -0.6342 -0.3717 0.6675
1341848032.9708 2.1299 -1.9180 2.7468 -0.1183 -0.6328 -0.3731 0.6681
1341848033.0067 2.1299 -1.9148 2.7396 -0.1182 -0.6317 -0.3724 0.6696
1341848033.0392 2.1318 -1.9117 2.7323 -0.1180 -0.6310 -0.3712 0.6709
1341848033.0708 2.1322 -1.9075 2.7264 -0.1164 -0.6301 -0.3706 0.6723
1341848033.1069 2.1326 -1.9046 2.7191 -0.1146 -0.6285 -0.3693 0.6748
1341848033.1391 2.1357 -1.9034 2.7110 -0.1147 -0.6276 -0.3666 0.6772
1341848033.1707 2.1407 -1.9019 2.7040 -0.1170 -0.6259 -0.3646 0.6794
1341848033.2069 2.1401 -1.8969 2.6986 -0.1193 -0.6238 -0.3634 0.6816
1341848033.2387 2.1394 -1.8947 2.6923 -0.1196 -0.6219 -0.3624 0.6838
1341848033.2749 2.1452 -1.8927 2.6861 -0.1187 -0.6204 -0.3622 0.6854
1341848033.3067 2.1449 -1.8887 2.6795 -0.1195 -0.6177 -0.3623 0.6877
1341848033.3388 2.1471 -1.8871 2.6723 -0.1204 -0.6156 -0.3610 0.6900
1341848033.3748 2.1503 -1.8839 2.6666 -0.1204 -0.6137 -0.3618 0.6913
1341848033.4068 2.1467 -1.8801 2.6591 -0.1204 -0.6119 -0.3624 0.6926
1341848033.4431 2.1506 -1.8783 2.6521 -0.1201 -0.6113 -0.3609 0.6939
1341848033.4747 2.1532 -1.8755 2.6463 -0.1205 -0.6099 -0.3606 0.6953
1341848033.5068 2.1527 -1.8719 2.6398 -0.1207 -0.6086 -0.3603 0.6966
1341848033.5429 2.1534 -1.8701 2.6333 -0.1210 -0.6083 -0.3591 0.6974
1341848033.5748 2.1570 -1.8682 2.6288 -0.1214 -0.6073 -0.3577 0.6989
1341848033.6069 2.1568 -1.8658 2.6224 -0.1230 -0.6048 -0.3566 0.7014
1341848033.6429 2.1570 -1.8647 2.6157 -0.1242 -0.6043 -0.3552 0.7023
1341848033.6749 2.1598 -1.8633 2.6107 -0.1243 -0.6035 -0.3546 0.7033
1341848033.7108 2.1605 -1.8613 2.6044 -0.1253 -0.6017 -0.3539 0.7050
1341848033.7428 2.1584 -1.8600 2.5975 -0.1263 -0.6015 -0.3522 0.7058
1341848033.7748 2.1632 -1.8594 2.5927 -0.1249 -0.6018 -0.3512 0.7063
1341848033.8111 2.1649 -1.8573 2.5875 -0.1247 -0.5997 -0.3509 0.7083
1341848033.8428 2.1657 -1.8563 2.5808 -0.1258 -0.5981 -0.3492 0.7103
1341848033.8749 2.1698 -1.8546 2.5761 -0.1264 -0.5974 -0.3480 0.7114
1341848033.9112 2.1690 -1.8522 2.5733 -0.1264 -0.5948 -0.3471 0.7140
1341848033.9428 2.1688 -1.8514 2.5694 -0.1239 -0.5917 -0.3457 0.7177
1341848033.9789 2.1700 -1.8508 2.5652 -0.1202 -0.5894 -0.3439 0.7210
1341848034.0108 2.1737 -1.8512 2.5613 -0.1165 -0.5864 -0.3418 0.7250
1341848034.0427 2.1781 -1.8526 2.5576 -0.1143 -0.5821 -0.3392 0.7301
1341848034.0788 2.1803 -1.8533 2.5528 -0.1151 -0.5792 -0.3359 0.7338
1341848034.1108 2.1812 -1.8528 2.5497 -0.1149 -0.5776 -0.3319 0.7369
1341848034.1427 2.1849 -1.8535 2.5481 -0.1122 -0.5732 -0.3283 0.7423
1341848034.1788 2.1894 -1.8539 2.5432 -0.1095 -0.5695 -0.3263 0.7464
1341848034.2107 2.1955 -1.8554 2.5387 -0.1093 -0.5679 -0.3235 0.7489
1341848034.2467 2.2011 -1.8547 2.5347 -0.1105 -0.5644 -0.3203 0.7528
1341848034.2787 2.2018 -1.8553 2.5301 -0.1107 -0.5614 -0.3182 0.7559
1341848034.3181 2.2078 -1.8558 2.5254 -0.1090 -0.5599 -0.3156 0.7583
1341848034.3538 2.2140 -1.8548 2.5204 -0.1093 -0.5574 -0.3127 0.7613
1341848034.3862 2.2188 -1.8547 2.5138 -0.1104 -0.5558 -0.3101 0.7634
1341848034.4218 2.2247 -1.8539 2.5090 -0.1106 -0.5547 -0.3085 0.7648
1341848034.4538 2.2301 -1.8517 2.5025 -0.1108 -0.5526 -0.3077 0.7666
1341848034.4857 2.2349 -1.8504 2.4948 -0.1104 -0.5516 -0.3069 0.7677
1341848034.5217 2.2408 -1.8479 2.4877 -0.1090 -0.5519 -0.3071 0.7676
1341848034.5537 2.2485 -1.8449 2.4803 -0.1082 -0.5509 -0.3074 0.7683
1341848034.5858 2.2552 -1.8410 2.4721 -0.1088 -0.5506 -0.3076 0.7684
1341848034.6538 2.2675 -1.8330 2.4581 -0.1112 -0.5491 -0.3097 0.7683
1341848034.7152 2.2776 -1.8261 2.4433 -0.1126 -0.5469 -0.3102 0.7694
1341848034.7467 2.2845 -1.8217 2.4369 -0.1138 -0.5469 -0.3105 0.7691
1341848034.7828 2.2880 -1.8166 2.4312 -0.1153 -0.5455 -0.3107 0.7698
1341848034.8147 2.2918 -1.8134 2.4242 -0.1156 -0.5447 -0.3106 0.7704
1341848034.8469 2.2978 -1.8094 2.4188 -0.1151 -0.5449 -0.3122 0.7696
1341848034.8827 2.3005 -1.8058 2.4140 -0.1163 -0.5434 -0.3123 0.7705
1341848034.9148 2.3041 -1.8030 2.4091 -0.1167 -0.5420 -0.3128 0.7712
1341848034.9515 2.3063 -1.7993 2.4050 -0.1163 -0.5403 -0.3138 0.7720
1341848034.9830 2.3092 -1.7963 2.4004 -0.1164 -0.5383 -0.3139 0.7734
1341848035.0149 2.3114 -1.7929 2.3957 -0.1173 -0.5364 -0.3140 0.7746
1341848035.0509 2.3123 -1.7888 2.3915 -0.1183 -0.5350 -0.3138 0.7754
1341848035.0843 2.3134 -1.7861 2.3865 -0.1178 -0.5342 -0.3139 0.7761
1341848035.1189 2.3185 -1.7832 2.3811 -0.1175 -0.5325 -0.3148 0.7769
1341848035.2189 2.3210 -1.7714 2.3658 -0.1189 -0.5293 -0.3156 0.7785
1341848035.2843 2.3196 -1.7654 2.3533 -0.1191 -0.5285 -0.3148 0.7793
1341848035.3199 2.3217 -1.7629 2.3478 -0.1191 -0.5280 -0.3128 0.7805
1341848035.3510 2.3214 -1.7606 2.3406 -0.1194 -0.5277 -0.3113 0.7813
1341848035.4227 2.3243 -1.7562 2.3272 -0.1203 -0.5272 -0.3070 0.7832
1341848035.4868 2.3235 -1.7506 2.3114 -0.1209 -0.5266 -0.3025 0.7852
1341848035.5186 2.3257 -1.7474 2.3037 -0.1226 -0.5259 -0.3005 0.7862
1341848035.5509 2.3216 -1.7430 2.2977 -0.1248 -0.5249 -0.2970 0.7878
1341848035.5867 2.3217 -1.7401 2.2900 -0.1239 -0.5247 -0.2940 0.7893
1341848035.6188 2.3247 -1.7377 2.2820 -0.1234 -0.5229 -0.2925 0.7911
1341848035.6547 2.3235 -1.7336 2.2745 -0.1252 -0.5202 -0.2897 0.7936
1341848035.6867 2.3258 -1.7314 2.2665 -0.1274 -0.5183 -0.2870 0.7955
1341848035.7188 2.3258 -1.7270 2.2604 -0.1295 -0.5143 -0.2858 0.7981
1341848035.7560 2.3207 -1.7222 2.2543 -0.1308 -0.5116 -0.2841 0.8003
1341848035.7867 2.3226 -1.7202 2.2476 -0.1304 -0.5101 -0.2834 0.8015
1341848035.8188 2.3206 -1.7155 2.2422 -0.1308 -0.5065 -0.2829 0.8039
1341848035.8547 2.3175 -1.7141 2.2348 -0.1316 -0.5043 -0.2806 0.8060
1341848035.8867 2.3191 -1.7123 2.2271 -0.1326 -0.5036 -0.2778 0.8072
1341848035.9228 2.3171 -1.7090 2.2202 -0.1339 -0.5024 -0.2755 0.8086
1341848035.9546 2.3156 -1.7068 2.2122 -0.1348 -0.5022 -0.2725 0.8095
1341848035.9867 2.3195 -1.7051 2.2033 -0.1364 -0.5026 -0.2696 0.8100
1341848036.0228 2.3203 -1.7015 2.1969 -0.1394 -0.5019 -0.2678 0.8106
1341848036.0549 2.3159 -1.6973 2.1908 -0.1415 -0.5007 -0.2662 0.8114
1341848036.0870 2.3172 -1.6955 2.1840 -0.1413 -0.4997 -0.2658 0.8122
1341848036.1227 2.3186 -1.6921 2.1775 -0.1411 -0.4978 -0.2674 0.8129
1341848036.1548 2.3134 -1.6880 2.1714 -0.1424 -0.4955 -0.2675 0.8140
1341848036.1908 2.3122 -1.6859 2.1646 -0.1423 -0.4943 -0.2668 0.8150
1341848036.2233 2.3122 -1.6829 2.1583 -0.1415 -0.4930 -0.2675 0.8157
1341848036.2547 2.3086 -1.6792 2.1525 -0.1399 -0.4919 -0.2687 0.8163
1341848036.2908 2.3090 -1.6763 2.1463 -0.1372 -0.4897 -0.2697 0.8177
1341848036.3549 2.3065 -1.6696 2.1309 -0.1364 -0.4857 -0.2705 0.8200
1341848036.3908 2.3057 -1.6672 2.1251 -0.1368 -0.4852 -0.2693 0.8206
1341848036.4588 2.3034 -1.6588 2.1107 -0.1347 -0.4811 -0.2690 0.8234
1341848036.4912 2.3046 -1.6558 2.1020 -0.1334 -0.4813 -0.2690 0.8235
1341848036.5227 2.3016 -1.6510 2.0949 -0.1325 -0.4805 -0.2686 0.8243
1341848036.5589 2.3012 -1.6472 2.0866 -0.1308 -0.4797 -0.2675 0.8254
1341848036.5907 2.3003 -1.6444 2.0796 -0.1298 -0.4784 -0.2661 0.8267
1341848036.6268 2.2988 -1.6397 2.0691 -0.1296 -0.4760 -0.2629 0.8292
1341848036.6587 2.2966 -1.6358 2.0604 -0.1285 -0.4753 -0.2598 0.8307
1341848036.6912 2.2965 -1.6330 2.0501 -0.1259 -0.4745 -0.2576 0.8323
1341848036.7268 2.2987 -1.6304 2.0385 -0.1246 -0.4730 -0.2547 0.8342
1341848036.7589 2.2969 -1.6258 2.0281 -0.1243 -0.4715 -0.2516 0.8360
1341848036.7907 2.2975 -1.6232 2.0178 -0.1222 -0.4706 -0.2489 0.8377
1341848036.8270 2.3010 -1.6197 2.0062 -0.1204 -0.4682 -0.2478 0.8396
1341848036.8586 2.3006 -1.6162 1.9950 -0.1210 -0.4654 -0.2453 0.8418
1341848036.9268 2.2992 -1.6091 1.9735 -0.1211 -0.4617 -0.2399 0.8453
1341848036.9587 2.2998 -1.6052 1.9622 -0.1178 -0.4604 -0.2389 0.8468
1341848036.9948 2.3023 -1.6012 1.9504 -0.1166 -0.4585 -0.2367 0.8486
1341848037.0268 2.3005 -1.5970 1.9393 -0.1146 -0.4577 -0.2360 0.8495
1341848037.0610 2.2989 -1.5929 1.9302 -0.1110 -0.4579 -0.2355 0.8500
1341848037.0947 2.3017 -1.5890 1.9176 -0.1079 -0.4573 -0.2331 0.8514
1341848037.1267 2.3021 -1.5843 1.9061 -0.1066 -0.4575 -0.2311 0.8520
1341848037.1628 2.2969 -1.5831 1.8960 -0.1036 -0.4585 -0.2292 0.8524
1341848037.1947 2.2982 -1.5787 1.8830 -0.0956 -0.4632 -0.2271 0.8513
1341848037.2270 2.3021 -1.5738 1.8705 -0.0925 -0.4651 -0.2238 0.8515
1341848037.2637 2.2983 -1.5719 1.8560 -0.0906 -0.4671 -0.2211 0.8513
1341848037.2952 2.3017 -1.5668 1.8470 -0.0849 -0.4720 -0.2203 0.8494
1341848037.3269 2.3044 -1.5617 1.8378 -0.0839 -0.4720 -0.2203 0.8495
1341848037.3627 2.2988 -1.5596 1.8269 -0.0838 -0.4716 -0.2201 0.8498
1341848037.3951 2.2976 -1.5556 1.8174 -0.0801 -0.4730 -0.2211 0.8491
1341848037.4309 2.2972 -1.5512 1.8081 -0.0774 -0.4729 -0.2222 0.8491
1341848037.4628 2.2952 -1.5472 1.7957 -0.0764 -0.4723 -0.2224 0.8495
1341848037.5307 2.2925 -1.5381 1.7796 -0.0741 -0.4732 -0.2236 0.8489
1341848037.5630 2.2877 -1.5337 1.7692 -0.0738 -0.4713 -0.2256 0.8495
1341848037.5958 2.2848 -1.5297 1.7602 -0.0728 -0.4712 -0.2260 0.8495
1341848037.6308 2.2837 -1.5237 1.7535 -0.0724 -0.4698 -0.2270 0.8500
1341848037.6627 2.2781 -1.5200 1.7464 -0.0717 -0.4669 -0.2287 0.8512
1341848037.6987 2.2731 -1.5155 1.7382 -0.0701 -0.4651 -0.2297 0.8521
1341848037.7310 2.2703 -1.5106 1.7312 -0.0693 -0.4628 -0.2291 0.8535
1341848037.7698 2.2669 -1.5055 1.7227 -0.0697 -0.4601 -0.2285 0.8551
1341848037.8378 2.2576 -1.4964 1.7090 -0.0681 -0.4569 -0.2257 0.8577
1341848037.8989 2.2493 -1.4840 1.6956 -0.0749 -0.4501 -0.2225 0.8615
1341848037.9309 2.2457 -1.4793 1.6892 -0.0769 -0.4458 -0.2220 0.8638
1341848037.9669 2.2422 -1.4726 1.6800 -0.0793 -0.4413 -0.2220 0.8658
1341848037.9986 2.2352 -1.4677 1.6730 -0.0817 -0.4384 -0.2218 0.8672
1341848038.0309 2.2328 -1.4627 1.6668 -0.0826 -0.4356 -0.2218 0.8685
1341848038.0668 2.2297 -1.4561 1.6606 -0.0848 -0.4311 -0.2222 0.8704
1341848038.0987 2.2238 -1.4508 1.6536 -0.0876 -0.4268 -0.2216 0.8724
1341848038.1347 2.2182 -1.4464 1.6471 -0.0889 -0.4241 -0.2218 0.8735
1341848038.1667 2.2150 -1.4417 1.6422 -0.0890 -0.4212 -0.2232 0.8746
1341848038.1987 2.2098 -1.4372 1.6353 -0.0907 -0.4176 -0.2224 0.8763
1341848038.2347 2.2028 -1.4328 1.6297 -0.0916 -0.4161 -0.2208 0.8774
1341848038.2741 2.2003 -1.4289 1.6226 -0.0905 -0.4142 -0.2209 0.8783
1341848038.3065 2.1966 -1.4245 1.6149 -0.0903 -0.4118 -0.2217 0.8793
1341848038.3419 2.1890 -1.4209 1.6108 -0.0905 -0.4100 -0.2211 0.8802
1341848038.3741 2.1873 -1.4179 1.6023 -0.0884 -0.4077 -0.2220 0.8813
1341848038.4098 2.1808 -1.4136 1.5938 -0.0868 -0.4053 -0.2237 0.8821
1341848038.4418 2.1775 -1.4113 1.5862 -0.0866 -0.4050 -0.2217 0.8828
1341848038.4739 2.1752 -1.4082 1.5784 -0.0869 -0.4033 -0.2212 0.8837
1341848038.5102 2.1666 -1.4052 1.5733 -0.0860 -0.4013 -0.2217 0.8845
1341848038.5669 2.1619 -1.3993 1.5567 -0.0791 -0.4002 -0.2195 0.8862
1341848038.6030 2.1565 -1.3946 1.5468 -0.0774 -0.3991 -0.2203 0.8867
1341848038.6347 2.1547 -1.3913 1.5371 -0.0761 -0.3999 -0.2194 0.8866
1341848038.6707 2.1557 -1.3870 1.5261 -0.0756 -0.3992 -0.2198 0.8869
1341848038.7029 2.1479 -1.3823 1.5204 -0.0756 -0.3988 -0.2205 0.8869
1341848038.7348 2.1462 -1.3795 1.5132 -0.0729 -0.3993 -0.2206 0.8869
1341848038.7707 2.1480 -1.3739 1.5018 -0.0714 -0.3978 -0.2204 0.8877
1341848038.8028 2.1447 -1.3681 1.4904 -0.0728 -0.3973 -0.2193 0.8881
1341848038.8388 2.1410 -1.3652 1.4864 -0.0731 -0.3977 -0.2171 0.8885
1341848038.8711 2.1450 -1.3602 1.4756 -0.0708 -0.3952 -0.2165 0.8899
1341848038.9028 2.1435 -1.3542 1.4632 -0.0720 -0.3920 -0.2151 0.8916
1341848038.9388 2.1407 -1.3502 1.4550 -0.0737 -0.3914 -0.2115 0.8926
1341848038.9708 2.1462 -1.3448 1.4458 -0.0737 -0.3887 -0.2101 0.8940
1341848039.0026 2.1437 -1.3387 1.4374 -0.0749 -0.3839 -0.2107 0.8959
1341848039.0389 2.1396 -1.3358 1.4301 -0.0746 -0.3815 -0.2082 0.8975
1341848039.0708 2.1445 -1.3302 1.4168 -0.0738 -0.3792 -0.2063 0.8990
1341848039.1068 2.1411 -1.3259 1.4091 -0.0749 -0.3773 -0.2054 0.8999
1341848039.1387 2.1414 -1.3231 1.4020 -0.0746 -0.3766 -0.2028 0.9008
1341848039.1707 2.1451 -1.3176 1.3898 -0.0748 -0.3737 -0.2019 0.9022
1341848039.2068 2.1405 -1.3142 1.3839 -0.0755 -0.3720 -0.2011 0.9030
1341848039.2389 2.1415 -1.3108 1.3751 -0.0737 -0.3717 -0.1993 0.9037
1341848039.2710 2.1464 -1.3055 1.3641 -0.0729 -0.3698 -0.1991 0.9046
1341848039.3067 2.1433 -1.3015 1.3581 -0.0743 -0.3684 -0.1979 0.9053
1341848039.3389 2.1441 -1.2985 1.3502 -0.0741 -0.3679 -0.1961 0.9059
1341848039.3748 2.1464 -1.2947 1.3422 -0.0736 -0.3667 -0.1969 0.9063
1341848039.4069 2.1445 -1.2900 1.3363 -0.0736 -0.3645 -0.1973 0.9071
1341848039.4389 2.1437 -1.2860 1.3282 -0.0737 -0.3630 -0.1974 0.9077
1341848039.4749 2.1429 -1.2819 1.3221 -0.0743 -0.3612 -0.1983 0.9081
1341848039.5071 2.1384 -1.2784 1.3195 -0.0743 -0.3590 -0.1990 0.9088
1341848039.5387 2.1356 -1.2754 1.3118 -0.0729 -0.3569 -0.1994 0.9097
1341848039.5749 2.1327 -1.2701 1.3027 -0.0723 -0.3560 -0.1997 0.9100
1341848039.6067 2.1299 -1.2673 1.2983 -0.0722 -0.3557 -0.1998 0.9101
1341848039.6427 2.1266 -1.2637 1.2936 -0.0706 -0.3532 -0.2009 0.9110
1341848039.6748 2.1213 -1.2592 1.2838 -0.0683 -0.3516 -0.2019 0.9116
1341848039.7072 2.1203 -1.2543 1.2763 -0.0680 -0.3518 -0.2013 0.9116
1341848039.7429 2.1165 -1.2513 1.2735 -0.0682 -0.3503 -0.2022 0.9120
1341848039.7753 2.1099 -1.2472 1.2690 -0.0664 -0.3477 -0.2035 0.9128
1341848039.8069 2.1056 -1.2421 1.2614 -0.0639 -0.3467 -0.2038 0.9133
1341848039.8433 2.1036 -1.2374 1.2550 -0.0632 -0.3448 -0.2037 0.9141
1341848039.8818 2.0953 -1.2331 1.2517 -0.0628 -0.3426 -0.2031 0.9151
1341848039.9434 2.0888 -1.2234 1.2343 -0.0618 -0.3392 -0.1991 0.9173
1341848039.9748 2.0795 -1.2180 1.2310 -0.0638 -0.3377 -0.1969 0.9182
1341848040.0107 2.0732 -1.2152 1.2253 -0.0635 -0.3371 -0.1946 0.9189
1341848040.0428 2.0720 -1.2086 1.2159 -0.0639 -0.3349 -0.1934 0.9200
1341848040.0787 2.0647 -1.2030 1.2104 -0.0667 -0.3321 -0.1914 0.9212
1341848040.1108 2.0593 -1.1979 1.2069 -0.0691 -0.3293 -0.1898 0.9224
1341848040.1427 2.0529 -1.1944 1.2000 -0.0705 -0.3248 -0.1894 0.9239
1341848040.1788 2.0479 -1.1878 1.1901 -0.0715 -0.3214 -0.1898 0.9250
1341848040.2110 2.0420 -1.1829 1.1844 -0.0749 -0.3186 -0.1880 0.9260
1341848040.2427 2.0359 -1.1797 1.1792 -0.0778 -0.3148 -0.1870 0.9273
1341848040.2789 2.0250 -1.1769 1.1774 -0.0784 -0.3111 -0.1865 0.9286
1341848040.3107 2.0215 -1.1741 1.1689 -0.0773 -0.3094 -0.1838 0.9298
1341848040.3469 2.0194 -1.1704 1.1585 -0.0798 -0.3069 -0.1806 0.9311
1341848040.3788 2.0093 -1.1685 1.1602 -0.0822 -0.3048 -0.1783 0.9320
1341848040.4109 2.0029 -1.1680 1.1555 -0.0807 -0.3033 -0.1749 0.9332
1341848040.4467 1.9996 -1.1647 1.1444 -0.0796 -0.3016 -0.1716 0.9345
1341848040.4787 1.9933 -1.1636 1.1402 -0.0804 -0.3007 -0.1683 0.9353
1341848040.5178 1.9870 -1.1634 1.1358 -0.0791 -0.2999 -0.1670 0.9359
1341848040.5789 1.9792 -1.1582 1.1159 -0.0769 -0.2973 -0.1659 0.9371
1341848040.6149 1.9718 -1.1576 1.1129 -0.0777 -0.2959 -0.1644 0.9377
1341848040.6468 1.9686 -1.1579 1.1080 -0.0762 -0.2939 -0.1647 0.9384
1341848040.6790 1.9621 -1.1580 1.1070 -0.0751 -0.2897 -0.1640 0.9400
1341848040.7147 1.9592 -1.1602 1.1054 -0.0715 -0.2842 -0.1624 0.9422
1341848040.7468 1.9508 -1.1569 1.0996 -0.0663 -0.2765 -0.1617 0.9450
1341848040.7788 1.9495 -1.1549 1.0917 -0.0620 -0.2717 -0.1610 0.9468
1341848040.8147 1.9464 -1.1525 1.0862 -0.0608 -0.2648 -0.1597 0.9491
1341848040.8469 1.9371 -1.1490 1.0817 -0.0589 -0.2596 -0.1585 0.9508
1341848040.8828 1.9342 -1.1477 1.0781 -0.0563 -0.2553 -0.1575 0.9523
1341848040.9147 1.9292 -1.1424 1.0704 -0.0553 -0.2496 -0.1552 0.9542
1341848040.9469 1.9218 -1.1404 1.0694 -0.0553 -0.2460 -0.1521 0.9556
1341848040.9845 1.9226 -1.1375 1.0621 -0.0545 -0.2413 -0.1496 0.9573
1341848041.0226 1.9144 -1.1285 1.0568 -0.0559 -0.2365 -0.1455 0.9590
1341848041.0589 1.9083 -1.1279 1.0574 -0.0578 -0.2349 -0.1402 0.9601
1341848041.0943 1.9132 -1.1249 1.0488 -0.0586 -0.2304 -0.1372 0.9616
1341848041.1222 1.9081 -1.1164 1.0457 -0.0615 -0.2249 -0.1342 0.9631
1341848041.1900 1.8996 -1.1098 1.0392 -0.0677 -0.2177 -0.1238 0.9657
1341848041.2507 1.8898 -1.1012 1.0332 -0.0713 -0.2122 -0.1195 0.9673
1341848041.2831 1.8866 -1.0952 1.0279 -0.0743 -0.2088 -0.1182 0.9679
1341848041.3193 1.8735 -1.0924 1.0333 -0.0763 -0.2062 -0.1166 0.9685
1341848041.3555 1.8717 -1.0907 1.0269 -0.0753 -0.2036 -0.1157 0.9693
1341848041.3849 1.8648 -1.0848 1.0254 -0.0752 -0.1997 -0.1170 0.9699
1341848041.4188 1.8555 -1.0826 1.0283 -0.0754 -0.1954 -0.1144 0.9711
1341848041.4508 1.8560 -1.0779 1.0179 -0.0758 -0.1920 -0.1122 0.9720
1341848041.4828 1.8484 -1.0744 1.0196 -0.0790 -0.1886 -0.1133 0.9723
1341848041.5188 1.8369 -1.0740 1.0259 -0.0809 -0.1837 -0.1120 0.9732
1341848041.5507 1.8323 -1.0722 1.0219 -0.0802 -0.1784 -0.1124 0.9742
1341848041.5868 1.8221 -1.0668 1.0228 -0.0798 -0.1741 -0.1135 0.9749
1341848041.6187 1.8123 -1.0643 1.0235 -0.0793 -0.1705 -0.1126 0.9757
1341848041.6510 1.8044 -1.0597 1.0196 -0.0785 -0.1674 -0.1119 0.9764
1341848041.6868 1.7902 -1.0571 1.0235 -0.0779 -0.1650 -0.1107 0.9770
1341848041.7188 1.7828 -1.0537 1.0187 -0.0765 -0.1623 -0.1083 0.9778
1341848041.7508 1.7700 -1.0502 1.0193 -0.0766 -0.1599 -0.1049 0.9785
1341848041.7867 1.7603 -1.0493 1.0202 -0.0761 -0.1591 -0.1016 0.9791
1341848041.8187 1.7477 -1.0457 1.0154 -0.0750 -0.1580 -0.0977 0.9797
1341848041.8547 1.7418 -1.0447 1.0143 -0.0751 -0.1588 -0.0951 0.9798
1341848041.8867 1.7297 -1.0449 1.0198 -0.0762 -0.1572 -0.0925 0.9803
1341848041.9187 1.7130 -1.0452 1.0209 -0.0743 -0.1549 -0.0893 0.9811
1341848041.9950 1.6958 -1.0400 1.0088 -0.0741 -0.1508 -0.0829 0.9823
1341848042.0189 1.6784 -1.0438 1.0181 -0.0758 -0.1484 -0.0784 0.9829
1341848042.0546 1.6748 -1.0444 1.0124 -0.0733 -0.1474 -0.0772 0.9833
1341848042.0895 1.6670 -1.0397 1.0101 -0.0742 -0.1448 -0.0753 0.9838
1341848042.1229 1.6496 -1.0432 1.0166 -0.0764 -0.1420 -0.0713 0.9843
1341848042.1548 1.6451 -1.0444 1.0130 -0.0750 -0.1405 -0.0706 0.9847
1341848042.1867 1.6361 -1.0428 1.0137 -0.0749 -0.1370 -0.0717 0.9851
1341848042.2229 1.6234 -1.0408 1.0153 -0.0754 -0.1330 -0.0688 0.9858
1341848042.2548 1.6183 -1.0420 1.0123 -0.0753 -0.1306 -0.0690 0.9862
1341848042.2907 1.6091 -1.0408 1.0127 -0.0757 -0.1254 -0.0715 0.9866
1341848042.3228 1.5948 -1.0395 1.0135 -0.0761 -0.1206 -0.0698 0.9873
1341848042.3550 1.5877 -1.0407 1.0066 -0.0785 -0.1178 -0.0662 0.9877
1341848042.3907 1.5743 -1.0389 1.0064 -0.0808 -0.1135 -0.0657 0.9881
1341848042.4297 1.5597 -1.0408 1.0116 -0.0821 -0.1083 -0.0640 0.9886
1341848042.4909 1.5396 -1.0349 0.9998 -0.0846 -0.0982 -0.0588 0.9898
1341848042.5227 1.5201 -1.0406 1.0123 -0.0882 -0.0921 -0.0578 0.9902
1341848042.5587 1.5172 -1.0370 1.0091 -0.0864 -0.0883 -0.0547 0.9908
1341848042.5908 1.5085 -1.0321 1.0093 -0.0872 -0.0836 -0.0522 0.9913
1341848042.6227 1.4919 -1.0308 1.0187 -0.0874 -0.0784 -0.0480 0.9919
1341848042.6587 1.4906 -1.0288 1.0118 -0.0839 -0.0761 -0.0454 0.9925
1341848042.6978 1.4789 -1.0228 1.0091 -0.0831 -0.0699 -0.0424 0.9932
1341848042.7298 1.4701 -1.0197 1.0119 -0.0830 -0.0658 -0.0357 0.9937
1341848042.7616 1.4675 -1.0175 1.0046 -0.0831 -0.0627 -0.0310 0.9941
1341848042.7980 1.4614 -1.0165 1.0040 -0.0843 -0.0575 -0.0300 0.9943
1341848042.8297 1.4524 -1.0127 1.0060 -0.0845 -0.0511 -0.0278 0.9947
1341848042.8617 1.4472 -1.0092 1.0032 -0.0849 -0.0459 -0.0240 0.9950
1341848042.8978 1.4399 -1.0057 1.0016 -0.0857 -0.0412 -0.0220 0.9952
1341848042.9299 1.4306 -0.9989 1.0095 -0.0842 -0.0376 -0.0207 0.9955
1341848042.9657 1.4254 -0.9986 1.0036 -0.0824 -0.0335 -0.0183 0.9959
1341848042.9980 1.4212 -0.9951 1.0003 -0.0821 -0.0308 -0.0146 0.9960
1341848043.0303 1.4147 -0.9953 1.0000 -0.0835 -0.0281 -0.0115 0.9960
1341848043.0657 1.4070 -0.9941 0.9990 -0.0842 -0.0239 -0.0100 0.9961
1341848043.0979 1.3995 -0.9895 1.0008 -0.0845 -0.0204 -0.0087 0.9962
1341848043.1340 1.3891 -0.9888 1.0025 -0.0849 -0.0166 -0.0075 0.9962
1341848043.1658 1.3840 -0.9865 0.9987 -0.0854 -0.0134 -0.0062 0.9962
1341848043.2019 1.3684 -0.9837 1.0071 -0.0852 -0.0098 -0.0072 0.9963
1341848043.2339 1.3562 -0.9822 1.0117 -0.0825 -0.0062 -0.0070 0.9966
1341848043.2657 1.3539 -0.9810 1.0058 -0.0817 -0.0039 -0.0041 0.9966
1341848043.3018 1.3442 -0.9794 1.0121 -0.0816 -0.0014 -0.0032 0.9967
1341848043.3340 1.3356 -0.9802 1.0156 -0.0801 0.0016 -0.0029 0.9968
1341848043.3698 1.3271 -0.9779 1.0149 -0.0789 0.0042 -0.0017 0.9969
1341848043.4017 1.3136 -0.9744 1.0227 -0.0777 0.0057 -0.0009 0.9970
1341848043.4339 1.3010 -0.9711 1.0240 -0.0758 0.0082 0.0011 0.9971
1341848043.4696 1.2831 -0.9717 1.0208 -0.0761 0.0144 0.0014 0.9970
1341848043.5017 1.2590 -0.9643 1.0250 -0.0740 0.0210 0.0066 0.9970
1341848043.5378 1.2507 -0.9656 1.0280 -0.0727 0.0203 0.0084 0.9971
1341848043.5697 1.2448 -0.9642 1.0289 -0.0726 0.0218 0.0115 0.9971
1341848043.6018 1.2315 -0.9620 1.0335 -0.0731 0.0237 0.0137 0.9969
1341848043.6378 1.2234 -0.9613 1.0379 -0.0745 0.0242 0.0154 0.9968
1341848043.6701 1.2128 -0.9632 1.0450 -0.0762 0.0263 0.0170 0.9966
1341848043.7020 1.2013 -0.9636 1.0507 -0.0764 0.0286 0.0173 0.9965
1341848043.7378 1.1920 -0.9621 1.0540 -0.0764 0.0298 0.0187 0.9965
1341848043.7698 1.1836 -0.9613 1.0599 -0.0790 0.0319 0.0220 0.9961
1341848043.8058 1.1713 -0.9667 1.0701 -0.0816 0.0348 0.0240 0.9958
1341848043.8379 1.1622 -0.9705 1.0787 -0.0803 0.0364 0.0238 0.9958
1341848043.8697 1.1556 -0.9677 1.0776 -0.0778 0.0383 0.0245 0.9959
1341848043.9057 1.1425 -0.9663 1.0853 -0.0789 0.0404 0.0262 0.9957
1341848043.9380 1.1352 -0.9697 1.0929 -0.0791 0.0400 0.0266 0.9957
1341848043.9698 1.1326 -0.9699 1.0927 -0.0789 0.0409 0.0251 0.9957
1341848044.0059 1.1175 -0.9704 1.1000 -0.0803 0.0451 0.0241 0.9955
1341848044.0377 1.1048 -0.9751 1.1090 -0.0800 0.0463 0.0248 0.9954
1341848044.0738 1.1032 -0.9728 1.1034 -0.0780 0.0457 0.0252 0.9956
1341848044.1058 1.0896 -0.9708 1.1108 -0.0802 0.0477 0.0257 0.9953
1341848044.1377 1.0815 -0.9750 1.1187 -0.0808 0.0472 0.0276 0.9952
1341848044.1738 1.0790 -0.9758 1.1174 -0.0811 0.0474 0.0276 0.9952
1341848044.2057 1.0707 -0.9764 1.1252 -0.0819 0.0504 0.0273 0.9950
1341848044.2378 1.0613 -0.9753 1.1301 -0.0810 0.0523 0.0288 0.9949
1341848044.2738 1.0575 -0.9749 1.1312 -0.0810 0.0531 0.0297 0.9949
1341848044.3057 1.0493 -0.9759 1.1366 -0.0826 0.0559 0.0304 0.9946
1341848044.3378 1.0416 -0.9769 1.1422 -0.0825 0.0581 0.0310 0.9944
1341848044.3737 1.0356 -0.9752 1.1443 -0.0820 0.0601 0.0335 0.9943
1341848044.4059 1.0306 -0.9757 1.1489 -0.0834 0.0627 0.0358 0.9939
1341848044.4417 1.0244 -0.9771 1.1548 -0.0841 0.0666 0.0394 0.9934
1341848044.4737 1.0200 -0.9769 1.1589 -0.0840 0.0700 0.0426 0.9931
1341848044.5057 1.0164 -0.9776 1.1631 -0.0846 0.0744 0.0462 0.9926
1341848044.5419 1.0104 -0.9784 1.1689 -0.0850 0.0800 0.0498 0.9919
1341848044.5738 1.0033 -0.9780 1.1749 -0.0843 0.0851 0.0534 0.9914
1341848044.6058 0.9983 -0.9771 1.1792 -0.0833 0.0896 0.0576 0.9908
1341848044.6417 0.9914 -0.9754 1.1829 -0.0833 0.0948 0.0629 0.9900
1341848044.7060 0.9786 -0.9776 1.1946 -0.0823 0.1023 0.0706 0.9888
1341848044.7710 0.9632 -0.9779 1.2041 -0.0788 0.1106 0.0773 0.9877
1341848044.8028 0.9590 -0.9749 1.2021 -0.0766 0.1121 0.0785 0.9876
1341848044.8349 0.9495 -0.9751 1.2104 -0.0771 0.1164 0.0806 0.9869
1341848044.8707 0.9391 -0.9761 1.2163 -0.0746 0.1196 0.0848 0.9864
1341848044.9027 0.9320 -0.9737 1.2156 -0.0717 0.1200 0.0876 0.9863
1341848044.9708 0.9141 -0.9725 1.2225 -0.0704 0.1228 0.0943 0.9854
1341848045.0026 0.9089 -0.9687 1.2212 -0.0697 0.1211 0.0964 0.9855
1341848045.0387 0.9025 -0.9671 1.2245 -0.0725 0.1216 0.0977 0.9851
1341848045.0708 0.8965 -0.9705 1.2327 -0.0756 0.1225 0.0980 0.9847
1341848045.1028 0.8928 -0.9699 1.2339 -0.0757 0.1237 0.0979 0.9846
1341848045.1388 0.8828 -0.9700 1.2398 -0.0781 0.1275 0.0978 0.9839
1341848045.1708 0.8742 -0.9727 1.2514 -0.0792 0.1291 0.0988 0.9835
1341848045.2027 0.8715 -0.9726 1.2519 -0.0781 0.1289 0.0979 0.9837
1341848045.2389 0.8629 -0.9749 1.2596 -0.0794 0.1320 0.0960 0.9834
1341848045.2708 0.8540 -0.9751 1.2674 -0.0780 0.1335 0.0969 0.9832
1341848045.3068 0.8482 -0.9740 1.2688 -0.0777 0.1334 0.0970 0.9832
1341848045.3387 0.8428 -0.9773 1.2771 -0.0802 0.1346 0.0951 0.9831
1341848045.3708 0.8336 -0.9798 1.2871 -0.0798 0.1370 0.0944 0.9828
1341848045.4067 0.8245 -0.9782 1.2894 -0.0788 0.1371 0.0942 0.9829
1341848045.4387 0.8153 -0.9781 1.2976 -0.0812 0.1367 0.0941 0.9828
1341848045.4747 0.8103 -0.9829 1.3085 -0.0837 0.1348 0.0936 0.9829
1341848045.5389 0.7971 -0.9891 1.3253 -0.0841 0.1358 0.0907 0.9830
1341848045.6069 0.7840 -0.9876 1.3376 -0.0818 0.1326 0.0907 0.9836
1341848045.6459 0.7792 -0.9879 1.3456 -0.0828 0.1310 0.0902 0.9838
1341848045.7070 0.7630 -0.9932 1.3651 -0.0840 0.1297 0.0866 0.9842
1341848045.7431 0.7594 -0.9918 1.3684 -0.0836 0.1271 0.0857 0.9846
1341848045.7748 0.7513 -0.9943 1.3791 -0.0864 0.1272 0.0842 0.9845
1341848045.8076 0.7433 -0.9976 1.3924 -0.0867 0.1255 0.0829 0.9848
1341848045.8429 0.7415 -0.9953 1.3953 -0.0843 0.1213 0.0812 0.9857
1341848045.8748 0.7344 -0.9947 1.3998 -0.0864 0.1211 0.0788 0.9857
1341848045.9068 0.7225 -1.0002 1.4163 -0.0902 0.1222 0.0785 0.9853
1341848045.9428 0.7173 -0.9995 1.4236 -0.0872 0.1163 0.0770 0.9864
1341848045.9748 0.7150 -0.9970 1.4253 -0.0862 0.1115 0.0732 0.9873
1341848046.0108 0.7045 -0.9984 1.4358 -0.0879 0.1114 0.0701 0.9874
1341848046.0428 0.6990 -0.9975 1.4429 -0.0866 0.1060 0.0684 0.9882
1341848046.0747 0.6951 -0.9927 1.4448 -0.0851 0.1000 0.0651 0.9892
1341848046.1108 0.6902 -0.9912 1.4514 -0.0878 0.0984 0.0616 0.9894
1341848046.1428 0.6829 -0.9945 1.4614 -0.0893 0.0972 0.0590 0.9895
1341848046.1818 0.6785 -0.9889 1.4609 -0.0858 0.0933 0.0545 0.9904
1341848046.2197 0.6689 -0.9861 1.4623 -0.0882 0.0932 0.0510 0.9904
1341848046.2497 0.6603 -0.9884 1.4702 -0.0918 0.0912 0.0487 0.9904
1341848046.2836 0.6552 -0.9845 1.4717 -0.0908 0.0872 0.0454 0.9910
1341848046.3177 0.6494 -0.9823 1.4743 -0.0922 0.0853 0.0414 0.9912
1341848046.3497 0.6390 -0.9825 1.4786 -0.0940 0.0855 0.0393 0.9911
1341848046.3823 0.6344 -0.9783 1.4807 -0.0930 0.0815 0.0373 0.9916
1341848046.4178 0.6308 -0.9724 1.4790 -0.0934 0.0792 0.0342 0.9919
1341848046.4498 0.6191 -0.9747 1.4839 -0.0978 0.0817 0.0329 0.9913
1341848046.4858 0.6129 -0.9707 1.4844 -0.0973 0.0789 0.0308 0.9917
1341848046.5178 0.6074 -0.9660 1.4841 -0.0984 0.0771 0.0279 0.9918
1341848046.5497 0.5970 -0.9685 1.4857 -0.1018 0.0776 0.0261 0.9914
1341848046.5861 0.5908 -0.9664 1.4847 -0.1004 0.0734 0.0247 0.9919
1341848046.6178 0.5848 -0.9580 1.4808 -0.0976 0.0712 0.0218 0.9924
1341848046.6537 0.5730 -0.9613 1.4803 -0.1007 0.0719 0.0218 0.9921
1341848046.7149 0.5599 -0.9495 1.4730 -0.0953 0.0641 0.0205 0.9932
1341848046.7469 0.5517 -0.9483 1.4708 -0.0958 0.0635 0.0199 0.9932
1341848046.7787 0.5440 -0.9469 1.4674 -0.0948 0.0616 0.0193 0.9934
1341848046.8147 0.5383 -0.9376 1.4618 -0.0914 0.0593 0.0175 0.9939
1341848046.8469 0.5308 -0.9354 1.4586 -0.0928 0.0599 0.0170 0.9937
1341848046.8788 0.5233 -0.9327 1.4548 -0.0926 0.0598 0.0169 0.9938
1341848046.9151 0.5170 -0.9285 1.4502 -0.0925 0.0592 0.0168 0.9938
1341848046.9469 0.5099 -0.9260 1.4463 -0.0930 0.0590 0.0171 0.9938
1341848046.9828 0.5029 -0.9207 1.4414 -0.0920 0.0582 0.0167 0.9939
1341848047.0151 0.4960 -0.9151 1.4367 -0.0925 0.0581 0.0163 0.9939
1341848047.0479 0.4881 -0.9145 1.4344 -0.0946 0.0581 0.0162 0.9937
1341848047.0899 0.4811 -0.9066 1.4287 -0.0926 0.0568 0.0148 0.9940
1341848047.1476 0.4650 -0.9001 1.4220 -0.0968 0.0567 0.0142 0.9936
1341848047.2149 0.4482 -0.8901 1.4126 -0.0955 0.0550 0.0103 0.9938
1341848047.2507 0.4384 -0.8887 1.4085 -0.0980 0.0536 0.0105 0.9937
1341848047.2828 0.4329 -0.8867 1.4045 -0.0992 0.0496 0.0102 0.9938
1341848047.3148 0.4261 -0.8842 1.4001 -0.0993 0.0479 0.0079 0.9939
1341848047.3506 0.4136 -0.8812 1.3949 -0.0989 0.0478 0.0066 0.9939
1341848047.3830 0.4039 -0.8794 1.3899 -0.0989 0.0441 0.0069 0.9941
1341848047.4148 0.3980 -0.8766 1.3856 -0.0984 0.0402 0.0051 0.9943
1341848047.4508 0.3885 -0.8757 1.3807 -0.0973 0.0384 0.0033 0.9945
1341848047.4826 0.3791 -0.8683 1.3747 -0.0944 0.0363 0.0023 0.9949
1341848047.5187 0.3710 -0.8663 1.3708 -0.0957 0.0337 0.0012 0.9948
1341848047.5508 0.3631 -0.8680 1.3675 -0.0969 0.0313 0.0003 0.9948
1341848047.5830 0.3583 -0.8646 1.3632 -0.0952 0.0281 -0.0011 0.9951
1341848047.6190 0.3510 -0.8629 1.3602 -0.0955 0.0281 -0.0027 0.9950
1341848047.6508 0.3362 -0.8671 1.3569 -0.0966 0.0290 -0.0029 0.9949
1341848047.6897 0.3331 -0.8594 1.3529 -0.0927 0.0237 -0.0034 0.9954
1341848047.7508 0.3180 -0.8568 1.3485 -0.0945 0.0235 -0.0045 0.9952
1341848047.7867 0.3067 -0.8564 1.3462 -0.0952 0.0242 -0.0049 0.9952
1341848047.8188 0.3026 -0.8533 1.3440 -0.0946 0.0214 -0.0061 0.9953
1341848047.8508 0.2962 -0.8519 1.3426 -0.0955 0.0226 -0.0078 0.9951
1341848047.8869 0.2844 -0.8547 1.3416 -0.0966 0.0249 -0.0084 0.9950
1341848047.9189 0.2754 -0.8509 1.3392 -0.0942 0.0246 -0.0082 0.9952
1341848047.9547 0.2706 -0.8480 1.3368 -0.0939 0.0233 -0.0086 0.9953
1341848047.9868 0.2608 -0.8521 1.3371 -0.0961 0.0258 -0.0088 0.9950
1341848048.0189 0.2482 -0.8505 1.3339 -0.0935 0.0266 -0.0092 0.9952
1341848048.0549 0.2458 -0.8448 1.3316 -0.0915 0.0237 -0.0090 0.9955
1341848048.0868 0.2372 -0.8448 1.3306 -0.0927 0.0262 -0.0094 0.9953
1341848048.1188 0.2247 -0.8464 1.3298 -0.0933 0.0286 -0.0091 0.9952
1341848048.1547 0.2210 -0.8423 1.3277 -0.0911 0.0271 -0.0074 0.9954
1341848048.1867 0.2143 -0.8421 1.3264 -0.0915 0.0297 -0.0076 0.9953
1341848048.2230 0.1995 -0.8470 1.3263 -0.0926 0.0337 -0.0070 0.9951
1341848048.2550 0.1972 -0.8453 1.3244 -0.0885 0.0321 -0.0040 0.9955
1341848048.2866 0.1914 -0.8399 1.3209 -0.0859 0.0342 -0.0054 0.9957
1341848048.3228 0.1779 -0.8419 1.3200 -0.0875 0.0388 -0.0050 0.9954
1341848048.3547 0.1725 -0.8434 1.3180 -0.0865 0.0393 -0.0033 0.9955
1341848048.3867 0.1661 -0.8418 1.3147 -0.0847 0.0408 -0.0061 0.9955
1341848048.4226 0.1554 -0.8443 1.3134 -0.0841 0.0439 -0.0070 0.9955
1341848048.4549 0.1480 -0.8402 1.3091 -0.0795 0.0449 -0.0064 0.9958
1341848048.4907 0.1404 -0.8374 1.3052 -0.0788 0.0458 -0.0063 0.9958
1341848048.5228 0.1307 -0.8423 1.3062 -0.0799 0.0475 -0.0055 0.9957
1341848048.5550 0.1243 -0.8432 1.3037 -0.0764 0.0479 -0.0052 0.9959
1341848048.5906 0.1162 -0.8398 1.2991 -0.0724 0.0481 -0.0054 0.9962
1341848048.6227 0.1102 -0.8405 1.2980 -0.0710 0.0475 -0.0040 0.9963
1341848048.6587 0.1035 -0.8440 1.2959 -0.0686 0.0485 -0.0028 0.9965
1341848048.6908 0.0979 -0.8393 1.2909 -0.0635 0.0478 -0.0029 0.9968
1341848048.7227 0.0917 -0.8401 1.2896 -0.0624 0.0479 -0.0013 0.9969
1341848048.7588 0.0867 -0.8413 1.2875 -0.0599 0.0480 -0.0003 0.9970
1341848048.7912 0.0808 -0.8396 1.2844 -0.0570 0.0484 -0.0006 0.9972
1341848048.8227 0.0709 -0.8438 1.2835 -0.0561 0.0498 -0.0008 0.9972
1341848048.8587 0.0672 -0.8416 1.2795 -0.0522 0.0478 -0.0023 0.9975
1341848048.8910 0.0592 -0.8441 1.2777 -0.0508 0.0485 -0.0043 0.9975
1341848048.9268 0.0495 -0.8446 1.2746 -0.0476 0.0481 -0.0069 0.9977
1341848048.9590 0.0424 -0.8432 1.2706 -0.0442 0.0461 -0.0085 0.9979
1341848048.9908 0.0344 -0.8464 1.2685 -0.0423 0.0451 -0.0091 0.9980
1341848049.0267 0.0299 -0.8496 1.2660 -0.0390 0.0430 -0.0117 0.9982
1341848049.0588 0.0239 -0.8455 1.2598 -0.0328 0.0424 -0.0152 0.9984
1341848049.0907 0.0123 -0.8422 1.2549 -0.0300 0.0428 -0.0157 0.9985
1341848049.1268 0.0063 -0.8437 1.2526 -0.0293 0.0400 -0.0151 0.9987
1341848049.1589 0.0042 -0.8443 1.2489 -0.0277 0.0382 -0.0169 0.9987
1341848049.1947 -0.0060 -0.8419 1.2454 -0.0248 0.0396 -0.0195 0.9987
1341848049.2267 -0.0143 -0.8365 1.2388 -0.0223 0.0384 -0.0201 0.9988
1341848049.2588 -0.0203 -0.8366 1.2369 -0.0234 0.0369 -0.0202 0.9988
1341848049.2947 -0.0252 -0.8364 1.2335 -0.0223 0.0368 -0.0222 0.9988
1341848049.3268 -0.0344 -0.8320 1.2280 -0.0202 0.0384 -0.0230 0.9988
1341848049.3588 -0.0424 -0.8278 1.2223 -0.0196 0.0381 -0.0213 0.9989
1341848049.3948 -0.0514 -0.8328 1.2208 -0.0218 0.0387 -0.0197 0.9988
1341848049.4268 -0.0547 -0.8279 1.2147 -0.0178 0.0383 -0.0194 0.9989
1341848049.4627 -0.0617 -0.8215 1.2083 -0.0160 0.0400 -0.0177 0.9989
1341848049.4947 -0.0763 -0.8273 1.2061 -0.0180 0.0430 -0.0146 0.9988
1341848049.5268 -0.0742 -0.8182 1.1979 -0.0133 0.0398 -0.0132 0.9990
1341848049.5628 -0.0851 -0.8153 1.1927 -0.0137 0.0435 -0.0123 0.9989
1341848049.5948 -0.1000 -0.8136 1.1889 -0.0141 0.0450 -0.0104 0.9988
1341848049.6268 -0.1032 -0.8102 1.1832 -0.0135 0.0420 -0.0088 0.9990
1341848049.6627 -0.1089 -0.8048 1.1756 -0.0128 0.0424 -0.0101 0.9990
1341848049.6951 -0.1249 -0.8000 1.1712 -0.0134 0.0445 -0.0107 0.9989
1341848049.7308 -0.1355 -0.7973 1.1652 -0.0147 0.0415 -0.0095 0.9990
1341848049.7627 -0.1383 -0.7927 1.1582 -0.0157 0.0367 -0.0115 0.9991
1341848049.7947 -0.1507 -0.7899 1.1545 -0.0168 0.0381 -0.0135 0.9990
1341848049.8308 -0.1634 -0.7834 1.1491 -0.0162 0.0363 -0.0142 0.9991
1341848049.8698 -0.1664 -0.7752 1.1405 -0.0167 0.0313 -0.0141 0.9993
1341848049.9308 -0.1889 -0.7770 1.1360 -0.0200 0.0311 -0.0186 0.9991
1341848049.9630 -0.1959 -0.7662 1.1287 -0.0169 0.0278 -0.0196 0.9993
1341848049.9988 -0.2030 -0.7622 1.1240 -0.0185 0.0249 -0.0198 0.9993
1341848050.0308 -0.2144 -0.7641 1.1236 -0.0211 0.0233 -0.0211 0.9993
1341848050.0627 -0.2175 -0.7601 1.1192 -0.0198 0.0190 -0.0234 0.9994
1341848050.0987 -0.2242 -0.7536 1.1143 -0.0193 0.0174 -0.0243 0.9994
1341848050.1307 -0.2364 -0.7537 1.1137 -0.0215 0.0153 -0.0265 0.9993
1341848050.1667 -0.2349 -0.7483 1.1091 -0.0208 0.0099 -0.0290 0.9993
1341848050.1987 -0.2466 -0.7456 1.1083 -0.0225 0.0106 -0.0324 0.9992
1341848050.2308 -0.2588 -0.7419 1.1078 -0.0227 0.0085 -0.0351 0.9991
1341848050.2667 -0.2601 -0.7385 1.1039 -0.0230 0.0034 -0.0368 0.9991
1341848050.2988 -0.2682 -0.7373 1.1026 -0.0248 0.0022 -0.0412 0.9988
1341848050.3307 -0.2808 -0.7350 1.1033 -0.0249 0.0007 -0.0445 0.9987
1341848050.3667 -0.2839 -0.7290 1.0985 -0.0240 -0.0041 -0.0454 0.9987
1341848050.3987 -0.2902 -0.7269 1.0966 -0.0258 -0.0072 -0.0485 0.9985
1341848050.4348 -0.3019 -0.7276 1.0973 -0.0277 -0.0087 -0.0512 0.9983
1341848050.4667 -0.3052 -0.7252 1.0945 -0.0273 -0.0136 -0.0536 0.9981
1341848050.4988 -0.3120 -0.7269 1.0939 -0.0284 -0.0168 -0.0582 0.9978
1341848050.5348 -0.3195 -0.7242 1.0922 -0.0270 -0.0188 -0.0612 0.9976
1341848050.5668 -0.3274 -0.7190 1.0898 -0.0255 -0.0218 -0.0628 0.9975
1341848050.5988 -0.3332 -0.7164 1.0873 -0.0265 -0.0269 -0.0645 0.9972
1341848050.6348 -0.3411 -0.7214 1.0887 -0.0290 -0.0302 -0.0680 0.9968
1341848050.6668 -0.3478 -0.7167 1.0859 -0.0261 -0.0334 -0.0707 0.9966
1341848050.7028 -0.3560 -0.7131 1.0839 -0.0254 -0.0369 -0.0725 0.9964
1341848050.7348 -0.3636 -0.7097 1.0815 -0.0249 -0.0408 -0.0723 0.9962
1341848050.7669 -0.3705 -0.7092 1.0805 -0.0265 -0.0457 -0.0734 0.9959
1341848050.8029 -0.3794 -0.7110 1.0809 -0.0274 -0.0497 -0.0760 0.9955
1341848050.8348 -0.3831 -0.7067 1.0769 -0.0254 -0.0544 -0.0780 0.9951
1341848050.8707 -0.3918 -0.7039 1.0756 -0.0263 -0.0572 -0.0804 0.9948
1341848050.9027 -0.4022 -0.7059 1.0779 -0.0277 -0.0613 -0.0833 0.9943
1341848050.9348 -0.4053 -0.7044 1.0745 -0.0261 -0.0658 -0.0863 0.9938
1341848050.9709 -0.4152 -0.7008 1.0739 -0.0252 -0.0676 -0.0895 0.9934
1341848051.0028 -0.4245 -0.6995 1.0737 -0.0244 -0.0708 -0.0909 0.9930
1341848051.0350 -0.4293 -0.6959 1.0699 -0.0229 -0.0747 -0.0914 0.9927
1341848051.0708 -0.4365 -0.6962 1.0697 -0.0234 -0.0780 -0.0938 0.9923
1341848051.1027 -0.4433 -0.6942 1.0687 -0.0217 -0.0810 -0.0952 0.9919
1341848051.1387 -0.4476 -0.6908 1.0643 -0.0200 -0.0842 -0.0964 0.9916
1341848051.1707 -0.4551 -0.6888 1.0621 -0.0199 -0.0853 -0.0966 0.9915
1341848051.2387 -0.4648 -0.6921 1.0621 -0.0200 -0.0932 -0.0967 0.9907
1341848051.2708 -0.4693 -0.6940 1.0617 -0.0183 -0.0960 -0.0997 0.9902
1341848051.3027 -0.4743 -0.6936 1.0602 -0.0147 -0.0975 -0.1017 0.9899
1341848051.3387 -0.4791 -0.6914 1.0590 -0.0107 -0.1005 -0.1022 0.9896
1341848051.3709 -0.4799 -0.6904 1.0551 -0.0079 -0.1062 -0.1043 0.9888
1341848051.4067 -0.4815 -0.6901 1.0530 -0.0064 -0.1085 -0.1059 0.9884
1341848051.4400 -0.4846 -0.6890 1.0522 -0.0045 -0.1116 -0.1077 0.9879
1341848051.4709 -0.4855 -0.6874 1.0496 -0.0027 -0.1154 -0.1102 0.9872
1341848051.5067 -0.4873 -0.6853 1.0476 -0.0022 -0.1193 -0.1142 0.9863
1341848051.5389 -0.4911 -0.6878 1.0526 -0.0017 -0.1245 -0.1196 0.9850
1341848051.5707 -0.4894 -0.6853 1.0487 0.0037 -0.1299 -0.1268 0.9834
1341848051.6068 -0.4941 -0.6832 1.0459 0.0054 -0.1331 -0.1330 0.9821
1341848051.6389 -0.4976 -0.6843 1.0501 0.0081 -0.1412 -0.1407 0.9799
1341848051.6747 -0.4958 -0.6789 1.0409 0.0138 -0.1459 -0.1437 0.9787
1341848051.7067 -0.4994 -0.6753 1.0367 0.0131 -0.1507 -0.1473 0.9774
1341848051.7388 -0.5014 -0.6758 1.0388 0.0131 -0.1584 -0.1517 0.9756
1341848051.7748 -0.4979 -0.6716 1.0315 0.0155 -0.1639 -0.1547 0.9742
1341848051.8067 -0.4997 -0.6700 1.0341 0.0165 -0.1673 -0.1630 0.9722
1341848051.8388 -0.5004 -0.6696 1.0350 0.0213 -0.1708 -0.1722 0.9699
1341848051.8750 -0.4938 -0.6639 1.0205 0.0251 -0.1727 -0.1763 0.9687
1341848051.9067 -0.4956 -0.6614 1.0186 0.0220 -0.1739 -0.1821 0.9675
1341848051.9427 -0.4940 -0.6620 1.0196 0.0202 -0.1786 -0.1869 0.9658
1341848051.9748 -0.4844 -0.6555 1.0100 0.0208 -0.1793 -0.1905 0.9649
1341848052.0068 -0.4845 -0.6560 1.0126 0.0166 -0.1779 -0.1941 0.9646
1341848052.0428 -0.4811 -0.6575 1.0154 0.0165 -0.1785 -0.1970 0.9639
1341848052.0749 -0.4718 -0.6523 1.0061 0.0189 -0.1765 -0.2002 0.9635
1341848052.1430 -0.4658 -0.6534 1.0075 0.0182 -0.1719 -0.2078 0.9628
1341848052.1781 -0.4562 -0.6481 0.9959 0.0196 -0.1701 -0.2117 0.9622
1341848052.2114 -0.4526 -0.6488 0.9993 0.0171 -0.1673 -0.2152 0.9620
1341848052.2429 -0.4472 -0.6477 0.9974 0.0188 -0.1661 -0.2190 0.9613
1341848052.3111 -0.4344 -0.6443 0.9879 0.0154 -0.1610 -0.2245 0.9610
1341848052.3429 -0.4285 -0.6447 0.9872 0.0163 -0.1601 -0.2276 0.9604
1341848052.3795 -0.4191 -0.6424 0.9788 0.0175 -0.1569 -0.2293 0.9605
1341848052.4123 -0.4168 -0.6417 0.9761 0.0152 -0.1534 -0.2295 0.9610
1341848052.4447 -0.4123 -0.6438 0.9779 0.0155 -0.1545 -0.2320 0.9602
1341848052.4815 -0.4012 -0.6427 0.9700 0.0181 -0.1524 -0.2327 0.9604
1341848052.5433 -0.3901 -0.6405 0.9593 0.0216 -0.1493 -0.2359 0.9600
1341848052.5792 -0.3790 -0.6367 0.9512 0.0215 -0.1471 -0.2383 0.9597
1341848052.6177 -0.3775 -0.6378 0.9530 0.0204 -0.1436 -0.2442 0.9588
1341848052.6787 -0.3574 -0.6361 0.9393 0.0250 -0.1424 -0.2527 0.9567
1341848052.7108 -0.3528 -0.6372 0.9342 0.0233 -0.1397 -0.2540 0.9568
1341848052.7468 -0.3475 -0.6378 0.9283 0.0214 -0.1400 -0.2516 0.9574
1341848052.7787 -0.3353 -0.6351 0.9215 0.0190 -0.1399 -0.2500 0.9579
1341848052.8109 -0.3320 -0.6381 0.9210 0.0152 -0.1358 -0.2505 0.9584
1341848052.8469 -0.3270 -0.6454 0.9220 0.0163 -0.1333 -0.2536 0.9579
1341848052.8788 -0.3122 -0.6390 0.9080 0.0219 -0.1294 -0.2553 0.9579
1341848052.9147 -0.3072 -0.6396 0.9011 0.0196 -0.1239 -0.2554 0.9587
1341848052.9467 -0.3041 -0.6429 0.8994 0.0188 -0.1207 -0.2542 0.9594
1341848052.9787 -0.2909 -0.6414 0.8925 0.0204 -0.1182 -0.2537 0.9598
1341848053.0148 -0.2874 -0.6434 0.8888 0.0188 -0.1112 -0.2528 0.9609
1341848053.0467 -0.2823 -0.6453 0.8842 0.0197 -0.1075 -0.2505 0.9619
1341848053.0827 -0.2686 -0.6436 0.8766 0.0207 -0.1049 -0.2489 0.9626
1341848053.1148 -0.2648 -0.6454 0.8764 0.0194 -0.0973 -0.2481 0.9636
1341848053.1470 -0.2596 -0.6484 0.8698 0.0196 -0.0916 -0.2458 0.9648
1341848053.1832 -0.2513 -0.6480 0.8615 0.0187 -0.0882 -0.2428 0.9659
1341848053.2148 -0.2494 -0.6552 0.8621 0.0156 -0.0827 -0.2414 0.9668
1341848053.2480 -0.2472 -0.6609 0.8582 0.0166 -0.0779 -0.2413 0.9672
1341848053.2898 -0.2386 -0.6646 0.8487 0.0173 -0.0747 -0.2387 0.9681
1341848053.3217 -0.2319 -0.6651 0.8438 0.0176 -0.0708 -0.2348 0.9693
1341848053.3538 -0.2258 -0.6665 0.8397 0.0179 -0.0664 -0.2311 0.9705
1341848053.3861 -0.2207 -0.6674 0.8351 0.0185 -0.0625 -0.2283 0.9714
1341848053.4218 -0.2116 -0.6667 0.8277 0.0192 -0.0582 -0.2244 0.9726
1341848053.4537 -0.2056 -0.6637 0.8224 0.0185 -0.0522 -0.2193 0.9741
1341848053.4857 -0.2013 -0.6623 0.8191 0.0168 -0.0492 -0.2150 0.9752
1341848053.5217 -0.1952 -0.6647 0.8147 0.0150 -0.0462 -0.2121 0.9760
1341848053.5539 -0.1869 -0.6631 0.8075 0.0139 -0.0402 -0.2088 0.9770
1341848053.5897 -0.1841 -0.6610 0.8052 0.0118 -0.0337 -0.2043 0.9783
1341848053.6219 -0.1773 -0.6579 0.7997 0.0093 -0.0299 -0.1972 0.9799
1341848053.6538 -0.1691 -0.6595 0.7942 0.0045 -0.0234 -0.1909 0.9813
1341848053.6897 -0.1694 -0.6600 0.7957 0.0016 -0.0151 -0.1873 0.9822
1341848053.7217 -0.1649 -0.6586 0.7916 0.0009 -0.0095 -0.1818 0.9833
1341848053.7580 -0.1573 -0.6587 0.7860 -0.0010 -0.0032 -0.1764 0.9843
1341848053.7899 -0.1592 -0.6599 0.7870 -0.0029 0.0054 -0.1718 0.9851
1341848053.8216 -0.1561 -0.6614 0.7833 -0.0023 0.0121 -0.1660 0.9861
1341848053.8578 -0.1516 -0.6607 0.7780 -0.0024 0.0187 -0.1596 0.9870
1341848053.8898 -0.1542 -0.6611 0.7758 -0.0033 0.0255 -0.1526 0.9880
1341848053.9511 -0.1520 -0.6657 0.7646 0.0003 0.0329 -0.1412 0.9894
1341848053.9868 -0.1574 -0.6645 0.7610 0.0017 0.0388 -0.1353 0.9900
1341848054.0510 -0.1537 -0.6621 0.7442 0.0027 0.0381 -0.1165 0.9925
1341848054.0868 -0.1554 -0.6629 0.7379 0.0001 0.0404 -0.1098 0.9931
1341848054.1189 -0.1631 -0.6623 0.7342 -0.0011 0.0421 -0.1027 0.9938
1341848054.1550 -0.1586 -0.6621 0.7243 -0.0026 0.0403 -0.0956 0.9946
1341848054.1867 -0.1629 -0.6639 0.7189 -0.0057 0.0415 -0.0935 0.9947
1341848054.2190 -0.1721 -0.6698 0.7160 -0.0068 0.0439 -0.0927 0.9947
1341848054.2548 -0.1735 -0.6710 0.7077 -0.0039 0.0447 -0.0936 0.9946
1341848054.2868 -0.1660 -0.6651 0.6927 -0.0017 0.0444 -0.0938 0.9946
1341848054.3229 -0.1711 -0.6579 0.6860 -0.0051 0.0477 -0.0918 0.9946
1341848054.3548 -0.1829 -0.6613 0.6835 -0.0085 0.0506 -0.0907 0.9946
1341848054.3871 -0.1760 -0.6579 0.6712 -0.0091 0.0492 -0.0904 0.9946
1341848054.4229 -0.1836 -0.6570 0.6664 -0.0125 0.0534 -0.0900 0.9944
1341848054.4547 -0.1965 -0.6574 0.6646 -0.0141 0.0556 -0.0883 0.9944
1341848054.4869 -0.1958 -0.6561 0.6557 -0.0143 0.0524 -0.0863 0.9948
1341848054.5227 -0.1936 -0.6592 0.6483 -0.0162 0.0525 -0.0851 0.9949
1341848054.5549 -0.2018 -0.6638 0.6457 -0.0157 0.0564 -0.0834 0.9948
1341848054.5908 -0.1981 -0.6602 0.6353 -0.0127 0.0563 -0.0809 0.9951
1341848054.6227 -0.1976 -0.6586 0.6272 -0.0133 0.0565 -0.0797 0.9951
1341848054.6564 -0.1987 -0.6616 0.6225 -0.0144 0.0575 -0.0777 0.9952
1341848054.6910 -0.1927 -0.6633 0.6137 -0.0142 0.0600 -0.0752 0.9953
1341848054.7227 -0.1975 -0.6651 0.6096 -0.0132 0.0642 -0.0765 0.9949
1341848054.7547 -0.1994 -0.6647 0.6034 -0.0106 0.0671 -0.0753 0.9948
1341848054.7909 -0.1972 -0.6637 0.5956 -0.0075 0.0685 -0.0723 0.9950
1341848054.8229 -0.1929 -0.6599 0.5865 -0.0055 0.0706 -0.0677 0.9952
1341848054.8589 -0.1979 -0.6614 0.5824 -0.0054 0.0744 -0.0621 0.9953
1341848054.8909 -0.1957 -0.6633 0.5751 -0.0032 0.0748 -0.0584 0.9955
1341848054.9228 -0.1901 -0.6602 0.5664 -0.0001 0.0768 -0.0539 0.9956
1341848054.9587 -0.1930 -0.6564 0.5588 0.0014 0.0805 -0.0494 0.9955
1341848054.9911 -0.1990 -0.6590 0.5553 0.0027 0.0820 -0.0479 0.9955
1341848055.0230 -0.1920 -0.6578 0.5427 0.0060 0.0821 -0.0470 0.9955
1341848055.0587 -0.1952 -0.6544 0.5344 0.0083 0.0866 -0.0449 0.9952
1341848055.0907 -0.2031 -0.6520 0.5279 0.0111 0.0886 -0.0419 0.9951
1341848055.1270 -0.1989 -0.6457 0.5135 0.0137 0.0874 -0.0379 0.9954
1341848055.1592 -0.1980 -0.6460 0.5037 0.0134 0.0897 -0.0360 0.9952
1341848055.1910 -0.2070 -0.6459 0.4967 0.0155 0.0943 -0.0345 0.9948
1341848055.2268 -0.2109 -0.6369 0.4825 0.0197 0.0945 -0.0320 0.9948
1341848055.2589 -0.2098 -0.6289 0.4676 0.0203 0.0936 -0.0303 0.9949
1341848055.2947 -0.2165 -0.6283 0.4595 0.0193 0.0950 -0.0285 0.9949
1341848055.3268 -0.2214 -0.6243 0.4469 0.0206 0.0950 -0.0266 0.9949
1341848055.3589 -0.2238 -0.6187 0.4338 0.0214 0.0953 -0.0273 0.9948
1341848055.3947 -0.2248 -0.6126 0.4207 0.0214 0.0973 -0.0283 0.9946
1341848055.4268 -0.2331 -0.6094 0.4127 0.0214 0.1009 -0.0290 0.9942
1341848055.4588 -0.2375 -0.6029 0.4006 0.0226 0.1023 -0.0286 0.9941
1341848055.4947 -0.2398 -0.5957 0.3886 0.0224 0.1041 -0.0271 0.9939
1341848055.5267 -0.2469 -0.5934 0.3815 0.0216 0.1073 -0.0268 0.9936
1341848055.5626 -0.2513 -0.5910 0.3718 0.0229 0.1096 -0.0264 0.9934
1341848055.5947 -0.2528 -0.5821 0.3584 0.0242 0.1122 -0.0258 0.9931
1341848055.6267 -0.2607 -0.5763 0.3522 0.0236 0.1160 -0.0249 0.9927
1341848055.6630 -0.2686 -0.5737 0.3456 0.0235 0.1175 -0.0234 0.9925
1341848055.6948 -0.2632 -0.5673 0.3311 0.0238 0.1186 -0.0229 0.9924
1341848055.7268 -0.2650 -0.5617 0.3226 0.0215 0.1256 -0.0213 0.9916
1341848055.7628 -0.2830 -0.5633 0.3269 0.0201 0.1314 -0.0183 0.9910
1341848055.7950 -0.2833 -0.5611 0.3169 0.0218 0.1313 -0.0151 0.9910
1341848055.8308 -0.2840 -0.5586 0.3112 0.0222 0.1346 -0.0120 0.9906
1341848055.8628 -0.2929 -0.5598 0.3096 0.0237 0.1391 -0.0084 0.9900
1341848055.8948 -0.2990 -0.5571 0.3034 0.0264 0.1413 -0.0057 0.9896
1341848055.9307 -0.3041 -0.5516 0.2980 0.0282 0.1437 -0.0050 0.9892
1341848055.9628 -0.3142 -0.5493 0.2961 0.0291 0.1459 -0.0032 0.9889
1341848055.9947 -0.3204 -0.5425 0.2894 0.0299 0.1463 -0.0002 0.9888
1341848056.0307 -0.3293 -0.5388 0.2876 0.0283 0.1480 0.0018 0.9886
1341848056.0628 -0.3411 -0.5403 0.2885 0.0275 0.1494 0.0033 0.9884
1341848056.0988 -0.3494 -0.5363 0.2848 0.0280 0.1500 0.0044 0.9883
1341848056.1306 -0.3606 -0.5348 0.2849 0.0281 0.1519 0.0050 0.9880
1341848056.1627 -0.3769 -0.5324 0.2860 0.0293 0.1533 0.0051 0.9877
1341848056.1987 -0.3901 -0.5267 0.2832 0.0305 0.1519 0.0062 0.9879
1341848056.2307 -0.4025 -0.5214 0.2811 0.0300 0.1508 0.0079 0.9881
1341848056.2639 -0.4197 -0.5199 0.2845 0.0293 0.1501 0.0077 0.9882
1341848056.2988 -0.4299 -0.5174 0.2809 0.0295 0.1479 0.0076 0.9885
1341848056.3307 -0.4431 -0.5109 0.2789 0.0292 0.1479 0.0087 0.9885
1341848056.3667 -0.4628 -0.5086 0.2851 0.0284 0.1479 0.0103 0.9885
1341848056.3987 -0.4805 -0.5018 0.2817 0.0286 0.1448 0.0125 0.9890
1341848056.4307 -0.4900 -0.4949 0.2759 0.0244 0.1411 0.0173 0.9895
1341848056.4668 -0.5090 -0.4907 0.2793 0.0179 0.1404 0.0241 0.9896
1341848056.4989 -0.5271 -0.4911 0.2842 0.0138 0.1384 0.0253 0.9900
1341848056.5348 -0.5368 -0.4882 0.2807 0.0110 0.1367 0.0246 0.9903
1341848056.5667 -0.5530 -0.4866 0.2852 0.0082 0.1375 0.0245 0.9902
1341848056.5989 -0.5732 -0.4835 0.2882 0.0073 0.1368 0.0274 0.9902
1341848056.6348 -0.5877 -0.4768 0.2857 0.0051 0.1323 0.0293 0.9908
1341848056.6668 -0.6001 -0.4783 0.2895 0.0010 0.1293 0.0315 0.9911
1341848056.6989 -0.6138 -0.4787 0.2914 0.0000 0.1276 0.0320 0.9913
1341848056.7348 -0.6265 -0.4744 0.2917 -0.0010 0.1256 0.0295 0.9916
1341848056.7667 -0.6409 -0.4738 0.2937 -0.0020 0.1236 0.0285 0.9919
1341848056.8029 -0.6493 -0.4688 0.2895 -0.0038 0.1211 0.0268 0.9923
1341848056.8350 -0.6631 -0.4701 0.2949 -0.0066 0.1204 0.0248 0.9924
1341848056.8667 -0.6733 -0.4734 0.2983 -0.0071 0.1185 0.0245 0.9926
1341848056.9027 -0.6763 -0.4710 0.2936 -0.0064 0.1179 0.0241 0.9927
1341848056.9347 -0.6863 -0.4695 0.2955 -0.0082 0.1207 0.0220 0.9924
1341848056.9668 -0.7000 -0.4707 0.3010 -0.0084 0.1225 0.0216 0.9922
1341848057.0027 -0.7047 -0.4669 0.2957 -0.0086 0.1221 0.0222 0.9922
1341848057.0348 -0.7126 -0.4658 0.2967 -0.0113 0.1255 0.0217 0.9918
1341848057.0710 -0.7293 -0.4667 0.3051 -0.0127 0.1289 0.0199 0.9914
1341848057.1028 -0.7370 -0.4632 0.3020 -0.0124 0.1285 0.0188 0.9915
1341848057.1347 -0.7457 -0.4587 0.2986 -0.0147 0.1304 0.0195 0.9912
1341848057.1707 -0.7617 -0.4588 0.3081 -0.0174 0.1327 0.0185 0.9908
1341848057.2026 -0.7706 -0.4571 0.3059 -0.0177 0.1326 0.0156 0.9909
1341848057.2347 -0.7793 -0.4511 0.3015 -0.0192 0.1349 0.0144 0.9906
1341848057.2708 -0.7943 -0.4441 0.3061 -0.0217 0.1376 0.0151 0.9901
1341848057.3029 -0.8066 -0.4429 0.3098 -0.0243 0.1377 0.0148 0.9901
1341848057.3388 -0.8152 -0.4393 0.3062 -0.0264 0.1392 0.0144 0.9898
1341848057.3708 -0.8291 -0.4335 0.3092 -0.0292 0.1428 0.0155 0.9892
1341848057.4027 -0.8447 -0.4313 0.3147 -0.0307 0.1447 0.0163 0.9889
1341848057.4389 -0.8543 -0.4268 0.3105 -0.0313 0.1464 0.0170 0.9886
1341848057.4707 -0.8677 -0.4214 0.3117 -0.0331 0.1516 0.0196 0.9877
1341848057.5067 -0.8856 -0.4182 0.3157 -0.0331 0.1544 0.0227 0.9872
1341848057.5388 -0.8979 -0.4120 0.3105 -0.0334 0.1542 0.0251 0.9872
1341848057.5711 -0.9096 -0.4083 0.3078 -0.0364 0.1566 0.0283 0.9866
1341848057.6067 -0.9221 -0.4062 0.3108 -0.0395 0.1606 0.0322 0.9857
1341848057.6388 -0.9341 -0.4047 0.3108 -0.0408 0.1643 0.0347 0.9850
1341848057.6709 -0.9460 -0.4010 0.3104 -0.0422 0.1693 0.0372 0.9840
1341848057.7068 -0.9609 -0.3992 0.3133 -0.0426 0.1746 0.0414 0.9829
1341848057.7389 -0.9732 -0.3956 0.3097 -0.0419 0.1761 0.0431 0.9825
1341848057.7750 -0.9863 -0.3905 0.3089 -0.0424 0.1788 0.0453 0.9819
1341848057.8068 -1.0010 -0.3884 0.3113 -0.0423 0.1823 0.0510 0.9810
1341848057.8388 -1.0155 -0.3868 0.3114 -0.0402 0.1829 0.0561 0.9807
1341848057.8748 -1.0258 -0.3842 0.3093 -0.0390 0.1833 0.0578 0.9806
1341848057.9068 -1.0397 -0.3808 0.3079 -0.0387 0.1848 0.0582 0.9803
1341848057.9388 -1.0535 -0.3753 0.3078 -0.0385 0.1844 0.0604 0.9802
1341848057.9753 -1.0653 -0.3744 0.3074 -0.0403 0.1832 0.0629 0.9802
1341848058.0068 -1.0773 -0.3757 0.3129 -0.0408 0.1817 0.0628 0.9805
1341848058.0428 -1.0901 -0.3746 0.3164 -0.0383 0.1788 0.0616 0.9812
1341848058.0760 -1.1033 -0.3727 0.3133 -0.0368 0.1765 0.0616 0.9817
1341848058.1068 -1.1152 -0.3728 0.3190 -0.0371 0.1739 0.0607 0.9822
1341848058.1427 -1.1294 -0.3729 0.3238 -0.0346 0.1707 0.0591 0.9829
1341848058.1747 -1.1424 -0.3704 0.3226 -0.0330 0.1673 0.0569 0.9837
1341848058.2071 -1.1557 -0.3701 0.3251 -0.0331 0.1658 0.0547 0.9841
1341848058.2427 -1.1669 -0.3680 0.3307 -0.0321 0.1624 0.0519 0.9848
1341848058.2747 -1.1807 -0.3676 0.3377 -0.0303 0.1617 0.0500 0.9851
1341848058.3107 -1.1911 -0.3689 0.3417 -0.0270 0.1627 0.0478 0.9852
1341848058.3432 -1.2054 -0.3668 0.3410 -0.0241 0.1618 0.0440 0.9855
1341848058.3749 -1.2159 -0.3650 0.3410 -0.0231 0.1615 0.0457 0.9856
1341848058.4107 -1.2274 -0.3653 0.3421 -0.0245 0.1612 0.0481 0.9854
1341848058.4428 -1.2359 -0.3646 0.3505 -0.0248 0.1609 0.0501 0.9854
1341848058.4747 -1.2419 -0.3652 0.3584 -0.0230 0.1611 0.0522 0.9853
1341848058.5430 -1.2625 -0.3666 0.3647 -0.0186 0.1657 0.0577 0.9843
1341848058.5789 -1.2694 -0.3651 0.3684 -0.0172 0.1655 0.0622 0.9841
1341848058.6108 -1.2740 -0.3667 0.3733 -0.0173 0.1681 0.0650 0.9835
1341848058.6431 -1.2862 -0.3686 0.3786 -0.0175 0.1717 0.0654 0.9828
1341848058.6787 -1.2905 -0.3686 0.3904 -0.0154 0.1717 0.0651 0.9829
1341848058.7107 -1.2934 -0.3689 0.3886 -0.0113 0.1753 0.0641 0.9824
1341848058.7468 -1.3088 -0.3682 0.3891 -0.0117 0.1818 0.0618 0.9813
1341848058.7787 -1.3198 -0.3656 0.3954 -0.0124 0.1813 0.0643 0.9812
1341848058.8109 -1.3235 -0.3656 0.4007 -0.0128 0.1793 0.0686 0.9813
1341848058.8468 -1.3237 -0.3659 0.4042 -0.0141 0.1809 0.0697 0.9809
1341848058.8796 -1.3320 -0.3674 0.4128 -0.0133 0.1850 0.0718 0.9800
1341848058.9468 -1.3391 -0.3687 0.4176 -0.0125 0.1871 0.0764 0.9793
1341848058.9789 -1.3420 -0.3715 0.4238 -0.0111 0.1897 0.0775 0.9787
1341848059.0147 -1.3462 -0.3726 0.4251 -0.0078 0.1910 0.0782 0.9784
1341848059.0467 -1.3487 -0.3719 0.4248 -0.0062 0.1930 0.0790 0.9780
1341848059.0788 -1.3494 -0.3732 0.4284 -0.0059 0.1963 0.0790 0.9774
1341848059.1147 -1.3529 -0.3738 0.4296 -0.0050 0.2005 0.0779 0.9766
1341848059.1467 -1.3567 -0.3728 0.4300 -0.0050 0.2035 0.0778 0.9760
1341848059.1787 -1.3563 -0.3734 0.4332 -0.0050 0.2055 0.0773 0.9756
1341848059.2147 -1.3558 -0.3745 0.4353 -0.0044 0.2092 0.0764 0.9749
1341848059.2468 -1.3564 -0.3735 0.4365 -0.0018 0.2140 0.0764 0.9738
1341848059.2827 -1.3583 -0.3737 0.4382 0.0006 0.2170 0.0779 0.9730
1341848059.3147 -1.3580 -0.3727 0.4364 0.0038 0.2196 0.0800 0.9723
1341848059.3468 -1.3593 -0.3714 0.4328 0.0047 0.2221 0.0819 0.9716
1341848059.3827 -1.3588 -0.3721 0.4378 0.0057 0.2236 0.0836 0.9711
1341848059.4147 -1.3576 -0.3728 0.4353 0.0084 0.2260 0.0845 0.9704
1341848059.4468 -1.3570 -0.3723 0.4324 0.0092 0.2300 0.0837 0.9695
1341848059.4827 -1.3589 -0.3698 0.4330 0.0101 0.2337 0.0841 0.9686
1341848059.5147 -1.3605 -0.3700 0.4326 0.0114 0.2351 0.0866 0.9680
1341848059.5508 -1.3590 -0.3697 0.4306 0.0117 0.2365 0.0865 0.9677
1341848059.5827 -1.3602 -0.3706 0.4326 0.0129 0.2401 0.0871 0.9667
1341848059.6147 -1.3641 -0.3695 0.4316 0.0162 0.2406 0.0884 0.9664
1341848059.6507 -1.3658 -0.3693 0.4283 0.0182 0.2394 0.0897 0.9666
1341848059.6827 -1.3644 -0.3686 0.4257 0.0178 0.2403 0.0879 0.9665
1341848059.7187 -1.3677 -0.3694 0.4292 0.0178 0.2435 0.0874 0.9658
1341848059.7509 -1.3712 -0.3694 0.4303 0.0205 0.2434 0.0873 0.9658
1341848059.7828 -1.3719 -0.3662 0.4242 0.0214 0.2431 0.0861 0.9659
1341848059.8188 -1.3728 -0.3667 0.4276 0.0195 0.2462 0.0857 0.9652
1341848059.8507 -1.3764 -0.3696 0.4307 0.0216 0.2478 0.0854 0.9648
1341848059.8827 -1.3796 -0.3674 0.4259 0.0248 0.2471 0.0834 0.9651
1341848059.9188 -1.3818 -0.3654 0.4252 0.0263 0.2463 0.0824 0.9653
1341848059.9508 -1.3829 -0.3646 0.4252 0.0279 0.2461 0.0829 0.9653
1341848059.9868 -1.3854 -0.3670 0.4253 0.0299 0.2455 0.0831 0.9654
1341848060.0187 -1.3842 -0.3661 0.4249 0.0323 0.2453 0.0800 0.9656
1341848060.0507 -1.3851 -0.3681 0.4260 0.0356 0.2480 0.0775 0.9650
1341848060.0868 -1.3917 -0.3652 0.4234 0.0401 0.2478 0.0755 0.9650
1341848060.1188 -1.3897 -0.3626 0.4197 0.0429 0.2445 0.0729 0.9659
1341848060.1508 -1.3863 -0.3601 0.4140 0.0430 0.2461 0.0706 0.9657
1341848060.1869 -1.3903 -0.3611 0.4203 0.0434 0.2484 0.0694 0.9652
1341848060.2189 -1.3885 -0.3612 0.4191 0.0465 0.2471 0.0663 0.9656
1341848060.2548 -1.3837 -0.3544 0.4095 0.0470 0.2488 0.0640 0.9653
1341848060.2875 -1.3855 -0.3556 0.4165 0.0451 0.2519 0.0634 0.9646
1341848060.3189 -1.3851 -0.3570 0.4167 0.0473 0.2510 0.0623 0.9648
1341848060.3546 -1.3795 -0.3511 0.4079 0.0473 0.2507 0.0589 0.9651
1341848060.3873 -1.3780 -0.3529 0.4133 0.0454 0.2541 0.0571 0.9644
1341848060.4186 -1.3790 -0.3524 0.4148 0.0474 0.2537 0.0555 0.9645
1341848060.4548 -1.3729 -0.3497 0.4097 0.0484 0.2523 0.0525 0.9650
1341848060.4867 -1.3694 -0.3499 0.4105 0.0476 0.2553 0.0491 0.9645
1341848060.5229 -1.3698 -0.3514 0.4168 0.0498 0.2565 0.0465 0.9641
1341848060.5547 -1.3643 -0.3489 0.4099 0.0534 0.2554 0.0436 0.9644
1341848060.5867 -1.3591 -0.3448 0.4047 0.0529 0.2580 0.0412 0.9638
1341848060.6227 -1.3600 -0.3477 0.4136 0.0532 0.2604 0.0409 0.9632
1341848060.6561 -1.3566 -0.3455 0.4083 0.0564 0.2583 0.0403 0.9636
1341848060.6873 -1.3495 -0.3421 0.4028 0.0562 0.2584 0.0396 0.9636
1341848060.7232 -1.3510 -0.3466 0.4094 0.0559 0.2603 0.0401 0.9631
1341848060.7579 -1.3508 -0.3459 0.4087 0.0586 0.2576 0.0404 0.9636
1341848060.7909 -1.3470 -0.3448 0.4057 0.0592 0.2546 0.0406 0.9644
1341848060.8240 -1.3454 -0.3480 0.4093 0.0596 0.2528 0.0404 0.9648
1341848060.8624 -1.3425 -0.3492 0.4088 0.0617 0.2495 0.0400 0.9656
1341848060.9231 -1.3339 -0.3517 0.4092 0.0632 0.2443 0.0408 0.9668
1341848060.9608 -1.3290 -0.3536 0.4080 0.0648 0.2415 0.0405 0.9674
1341848060.9969 -1.3237 -0.3549 0.4073 0.0655 0.2394 0.0413 0.9678
1341848061.0306 -1.3192 -0.3597 0.4084 0.0659 0.2373 0.0416 0.9683
1341848061.0622 -1.3118 -0.3629 0.4075 0.0659 0.2358 0.0409 0.9687
1341848061.1006 -1.3061 -0.3703 0.4106 0.0660 0.2362 0.0400 0.9686
1341848061.1298 -1.3011 -0.3775 0.4107 0.0686 0.2360 0.0386 0.9686
1341848061.1979 -1.2888 -0.3905 0.4085 0.0731 0.2355 0.0386 0.9683
1341848061.2594 -1.2779 -0.3944 0.4023 0.0796 0.2341 0.0383 0.9682
1341848061.2909 -1.2715 -0.4011 0.4057 0.0816 0.2335 0.0390 0.9681
1341848061.3266 -1.2680 -0.4022 0.4039 0.0842 0.2338 0.0389 0.9679
1341848061.3589 -1.2627 -0.4048 0.4022 0.0860 0.2344 0.0393 0.9675
1341848061.3908 -1.2588 -0.4071 0.4036 0.0878 0.2347 0.0405 0.9672
1341848061.4269 -1.2541 -0.4083 0.4006 0.0888 0.2342 0.0421 0.9672
1341848061.4588 -1.2484 -0.4106 0.4011 0.0886 0.2352 0.0431 0.9669
1341848061.4947 -1.2462 -0.4126 0.4045 0.0903 0.2363 0.0423 0.9665
1341848061.5267 -1.2430 -0.4116 0.4009 0.0918 0.2361 0.0424 0.9664
1341848061.5588 -1.2385 -0.4108 0.3994 0.0907 0.2367 0.0430 0.9664
1341848061.5947 -1.2356 -0.4152 0.4032 0.0900 0.2382 0.0434 0.9661
1341848061.6267 -1.2325 -0.4155 0.4032 0.0918 0.2383 0.0428 0.9659
1341848061.6588 -1.2281 -0.4127 0.3998 0.0912 0.2398 0.0420 0.9656
1341848061.6949 -1.2243 -0.4165 0.4049 0.0905 0.2416 0.0433 0.9652
1341848061.7267 -1.2230 -0.4166 0.4051 0.0920 0.2411 0.0435 0.9651
1341848061.7628 -1.2174 -0.4149 0.4036 0.0910 0.2421 0.0420 0.9651
1341848061.7948 -1.2179 -0.4187 0.4061 0.0901 0.2441 0.0421 0.9646
1341848061.8267 -1.2205 -0.4159 0.4077 0.0913 0.2447 0.0421 0.9644
1341848061.8629 -1.2188 -0.4129 0.4069 0.0904 0.2449 0.0414 0.9644
1341848061.8948 -1.2212 -0.4141 0.4123 0.0891 0.2466 0.0408 0.9642
1341848061.9307 -1.2196 -0.4161 0.4130 0.0892 0.2462 0.0397 0.9643
1341848061.9628 -1.2176 -0.4143 0.4127 0.0884 0.2457 0.0394 0.9645
1341848061.9972 -1.2168 -0.4154 0.4173 0.0866 0.2449 0.0392 0.9649
1341848062.0307 -1.2132 -0.4178 0.4196 0.0853 0.2435 0.0374 0.9654
1341848062.0633 -1.2114 -0.4166 0.4228 0.0844 0.2434 0.0357 0.9656
1341848062.0949 -1.2103 -0.4134 0.4289 0.0842 0.2419 0.0352 0.9660
1341848062.1308 -1.2068 -0.4177 0.4296 0.0819 0.2398 0.0348 0.9667
1341848062.1634 -1.2058 -0.4198 0.4344 0.0808 0.2388 0.0312 0.9672
1341848062.1987 -1.2029 -0.4205 0.4362 0.0805 0.2377 0.0270 0.9676
1341848062.2308 -1.2014 -0.4159 0.4389 0.0809 0.2360 0.0261 0.9680
1341848062.2628 -1.1989 -0.4176 0.4407 0.0781 0.2328 0.0263 0.9690
1341848062.2993 -1.1978 -0.4178 0.4471 0.0768 0.2311 0.0258 0.9695
1341848062.3308 -1.1942 -0.4198 0.4480 0.0754 0.2298 0.0238 0.9700
1341848062.3628 -1.1948 -0.4197 0.4519 0.0760 0.2288 0.0227 0.9702
1341848062.3988 -1.1910 -0.4199 0.4496 0.0761 0.2252 0.0227 0.9711
1341848062.4308 -1.1873 -0.4198 0.4490 0.0757 0.2233 0.0252 0.9715
1341848062.4669 -1.1853 -0.4224 0.4492 0.0746 0.2206 0.0269 0.9721
1341848062.4987 -1.1819 -0.4253 0.4490 0.0745 0.2175 0.0297 0.9728
1341848062.5307 -1.1786 -0.4216 0.4482 0.0750 0.2161 0.0294 0.9731
1341848062.5669 -1.1754 -0.4198 0.4502 0.0743 0.2162 0.0300 0.9731
1341848062.5988 -1.1724 -0.4221 0.4499 0.0746 0.2130 0.0328 0.9736
1341848062.6308 -1.1658 -0.4226 0.4445 0.0736 0.2090 0.0352 0.9745
1341848062.6667 -1.1603 -0.4256 0.4468 0.0719 0.2085 0.0357 0.9747
1341848062.6987 -1.1588 -0.4242 0.4500 0.0746 0.2085 0.0350 0.9746
1341848062.7349 -1.1514 -0.4249 0.4426 0.0749 0.2060 0.0347 0.9751
1341848062.7668 -1.1462 -0.4229 0.4434 0.0736 0.2056 0.0362 0.9752
1341848062.7987 -1.1400 -0.4300 0.4444 0.0732 0.2035 0.0367 0.9756
1341848062.8348 -1.1316 -0.4288 0.4381 0.0733 0.1997 0.0352 0.9765
1341848062.8668 -1.1243 -0.4290 0.4366 0.0710 0.1988 0.0341 0.9769
1341848062.8991 -1.1208 -0.4325 0.4395 0.0699 0.1975 0.0323 0.9773
1341848062.9350 -1.1129 -0.4365 0.4356 0.0694 0.1938 0.0272 0.9782
1341848062.9669 -1.1047 -0.4287 0.4327 0.0691 0.1938 0.0232 0.9783
1341848063.0029 -1.1010 -0.4335 0.4371 0.0671 0.1932 0.0228 0.9786
1341848063.0350 -1.0950 -0.4362 0.4364 0.0673 0.1886 0.0221 0.9795
1341848063.0667 -1.0833 -0.4366 0.4332 0.0668 0.1857 0.0212 0.9801
1341848063.1028 -1.0775 -0.4422 0.4348 0.0669 0.1849 0.0195 0.9803
1341848063.1350 -1.0703 -0.4386 0.4299 0.0685 0.1817 0.0192 0.9808
1341848063.1707 -1.0608 -0.4393 0.4287 0.0673 0.1780 0.0195 0.9815
1341848063.2027 -1.0525 -0.4440 0.4290 0.0663 0.1762 0.0188 0.9819
1341848063.2350 -1.0440 -0.4450 0.4265 0.0670 0.1747 0.0154 0.9822
1341848063.2708 -1.0333 -0.4442 0.4242 0.0668 0.1740 0.0126 0.9824
1341848063.3028 -1.0290 -0.4445 0.4241 0.0661 0.1743 0.0105 0.9824
1341848063.3349 -1.0228 -0.4454 0.4236 0.0650 0.1718 0.0078 0.9830
1341848063.3707 -1.0093 -0.4444 0.4201 0.0631 0.1704 0.0061 0.9833
1341848063.4027 -1.0047 -0.4469 0.4215 0.0606 0.1724 0.0028 0.9832
1341848063.4393 -0.9998 -0.4486 0.4249 0.0591 0.1724 0.0002 0.9833
1341848063.4707 -0.9872 -0.4451 0.4195 0.0581 0.1712 -0.0015 0.9835
1341848063.5028 -0.9818 -0.4469 0.4249 0.0535 0.1740 -0.0027 0.9833
1341848063.5418 -0.9789 -0.4557 0.4329 0.0526 0.1739 -0.0017 0.9834
1341848063.5778 -0.9671 -0.4483 0.4258 0.0542 0.1718 0.0003 0.9836
1341848063.6097 -0.9625 -0.4497 0.4312 0.0503 0.1729 0.0018 0.9837
1341848063.6430 -0.9596 -0.4553 0.4368 0.0492 0.1717 0.0028 0.9839
1341848063.6780 -0.9499 -0.4490 0.4320 0.0488 0.1693 0.0034 0.9844
1341848063.7099 -0.9452 -0.4487 0.4365 0.0440 0.1684 0.0043 0.9847
1341848063.7458 -0.9426 -0.4552 0.4455 0.0410 0.1664 0.0046 0.9852
1341848063.7778 -0.9326 -0.4562 0.4436 0.0400 0.1640 0.0019 0.9856
1341848063.8098 -0.9271 -0.4587 0.4502 0.0378 0.1645 0.0004 0.9857
1341848063.8457 -0.9231 -0.4641 0.4576 0.0379 0.1626 -0.0003 0.9860
1341848063.8779 -0.9109 -0.4643 0.4568 0.0381 0.1599 -0.0011 0.9864
1341848063.9138 -0.9026 -0.4735 0.4672 0.0364 0.1618 -0.0042 0.9861
1341848063.9458 -0.8991 -0.4792 0.4750 0.0392 0.1628 -0.0073 0.9858
1341848063.9779 -0.8911 -0.4788 0.4790 0.0424 0.1595 -0.0061 0.9863
1341848064.0140 -0.8805 -0.4824 0.4820 0.0421 0.1568 -0.0046 0.9867
1341848064.0458 -0.8772 -0.4953 0.4951 0.0414 0.1562 -0.0064 0.9868
1341848064.0817 -0.8642 -0.4957 0.4954 0.0449 0.1527 -0.0084 0.9872
1341848064.1137 -0.8505 -0.4962 0.4975 0.0441 0.1529 -0.0079 0.9872
1341848064.1458 -0.8487 -0.5053 0.5135 0.0427 0.1539 -0.0065 0.9871
1341848064.1818 -0.8369 -0.5101 0.5158 0.0441 0.1497 -0.0044 0.9877
1341848064.2139 -0.8196 -0.5124 0.5157 0.0434 0.1482 -0.0046 0.9880
1341848064.2498 -0.8101 -0.5225 0.5297 0.0424 0.1514 -0.0055 0.9876
1341848064.2830 -0.8023 -0.5284 0.5367 0.0449 0.1511 -0.0059 0.9875
1341848064.3138 -0.7833 -0.5271 0.5340 0.0461 0.1488 -0.0054 0.9878
1341848064.3498 -0.7718 -0.5362 0.5448 0.0446 0.1506 -0.0059 0.9876
1341848064.3826 -0.7587 -0.5418 0.5475 0.0460 0.1509 -0.0063 0.9875
1341848064.4181 -0.7446 -0.5410 0.5466 0.0460 0.1510 -0.0065 0.9874
1341848064.4498 -0.7345 -0.5496 0.5574 0.0430 0.1520 -0.0096 0.9874
1341848064.4818 -0.7224 -0.5603 0.5643 0.0430 0.1527 -0.0136 0.9872
1341848064.5180 -0.7088 -0.5624 0.5637 0.0450 0.1533 -0.0161 0.9870
1341848064.5497 -0.6991 -0.5671 0.5694 0.0453 0.1539 -0.0158 0.9869
1341848064.5817 -0.6907 -0.5749 0.5751 0.0468 0.1531 -0.0137 0.9870
1341848064.6177 -0.6782 -0.5763 0.5716 0.0495 0.1512 -0.0130 0.9872
1341848064.6497 -0.6682 -0.5764 0.5716 0.0507 0.1506 -0.0118 0.9872
1341848064.6858 -0.6630 -0.5782 0.5745 0.0508 0.1486 -0.0091 0.9875
1341848064.7499 -0.6420 -0.5818 0.5722 0.0491 0.1478 -0.0116 0.9877
1341848064.8107 -0.6290 -0.5832 0.5739 0.0501 0.1444 -0.0124 0.9882
1341848064.8427 -0.6202 -0.5846 0.5745 0.0486 0.1427 -0.0124 0.9885
1341848064.8788 -0.6156 -0.5890 0.5797 0.0482 0.1420 -0.0113 0.9886
1341848064.9108 -0.6060 -0.5871 0.5742 0.0494 0.1386 -0.0085 0.9891
1341848064.9469 -0.5962 -0.5865 0.5726 0.0477 0.1367 -0.0053 0.9895
1341848064.9788 -0.5910 -0.5940 0.5801 0.0464 0.1362 -0.0040 0.9896
1341848065.0108 -0.5800 -0.5936 0.5742 0.0487 0.1341 -0.0031 0.9898
1341848065.0468 -0.5703 -0.5900 0.5721 0.0481 0.1336 -0.0022 0.9899
1341848065.0787 -0.5686 -0.5947 0.5792 0.0471 0.1330 -0.0002 0.9900
1341848065.1107 -0.5544 -0.5938 0.5729 0.0476 0.1288 0.0020 0.9905
1341848065.1467 -0.5475 -0.5950 0.5766 0.0458 0.1293 0.0018 0.9905
1341848065.1788 -0.5428 -0.6061 0.5825 0.0462 0.1289 0.0005 0.9906
1341848065.2148 -0.5308 -0.5985 0.5745 0.0508 0.1268 -0.0002 0.9906
1341848065.2468 -0.5215 -0.5939 0.5725 0.0493 0.1254 -0.0024 0.9909
1341848065.2787 -0.5158 -0.6047 0.5780 0.0473 0.1254 -0.0031 0.9910
1341848065.3148 -0.5068 -0.6007 0.5739 0.0501 0.1234 -0.0051 0.9911
1341848065.3468 -0.4968 -0.6018 0.5737 0.0493 0.1220 -0.0077 0.9913
1341848065.3828 -0.4873 -0.6060 0.5723 0.0498 0.1212 -0.0081 0.9913
1341848065.4149 -0.4803 -0.6047 0.5718 0.0506 0.1203 -0.0096 0.9914
1341848065.4467 -0.4705 -0.6110 0.5721 0.0505 0.1187 -0.0128 0.9916
1341848065.4828 -0.4582 -0.6114 0.5683 0.0527 0.1181 -0.0141 0.9915
1341848065.5147 -0.4514 -0.6113 0.5684 0.0538 0.1179 -0.0144 0.9915
1341848065.5469 -0.4434 -0.6144 0.5688 0.0537 0.1162 -0.0152 0.9917
1341848065.5827 -0.4325 -0.6179 0.5667 0.0548 0.1153 -0.0167 0.9917
1341848065.6148 -0.4275 -0.6164 0.5665 0.0558 0.1150 -0.0180 0.9916
1341848065.6829 -0.4160 -0.6211 0.5669 0.0558 0.1106 -0.0207 0.9921
1341848065.7148 -0.4059 -0.6175 0.5612 0.0563 0.1082 -0.0228 0.9923
1341848065.7507 -0.4070 -0.6175 0.5634 0.0544 0.1073 -0.0249 0.9924
1341848065.7827 -0.4021 -0.6183 0.5633 0.0534 0.1026 -0.0275 0.9929
1341848065.8147 -0.3906 -0.6167 0.5586 0.0524 0.0993 -0.0306 0.9932
1341848065.8507 -0.3915 -0.6168 0.5620 0.0502 0.0989 -0.0364 0.9932
1341848065.9187 -0.3871 -0.6094 0.5559 0.0467 0.0868 -0.0374 0.9944
1341848065.9508 -0.3810 -0.6103 0.5577 0.0415 0.0815 -0.0404 0.9950
1341848065.9828 -0.3811 -0.6145 0.5620 0.0387 0.0781 -0.0439 0.9952
1341848066.0188 -0.3722 -0.6094 0.5565 0.0383 0.0725 -0.0471 0.9955
1341848066.0507 -0.3650 -0.6079 0.5570 0.0349 0.0692 -0.0506 0.9957
1341848066.0828 -0.3634 -0.6120 0.5604 0.0325 0.0668 -0.0510 0.9959
1341848066.1187 -0.3592 -0.6102 0.5600 0.0322 0.0624 -0.0510 0.9962
1341848066.1510 -0.3481 -0.6095 0.5580 0.0302 0.0575 -0.0524 0.9965
1341848066.1868 -0.3433 -0.6125 0.5605 0.0277 0.0570 -0.0519 0.9966
1341848066.2187 -0.3441 -0.6157 0.5646 0.0266 0.0544 -0.0525 0.9968
1341848066.2508 -0.3305 -0.6163 0.5622 0.0264 0.0499 -0.0534 0.9970
1341848066.2867 -0.3249 -0.6191 0.5652 0.0252 0.0494 -0.0553 0.9969
1341848066.3187 -0.3211 -0.6267 0.5697 0.0252 0.0484 -0.0565 0.9969
1341848066.3548 -0.3104 -0.6266 0.5701 0.0273 0.0463 -0.0565 0.9970
1341848066.3868 -0.3032 -0.6314 0.5737 0.0276 0.0457 -0.0576 0.9969
1341848066.4188 -0.3007 -0.6366 0.5789 0.0290 0.0450 -0.0578 0.9969
1341848066.4547 -0.2924 -0.6372 0.5802 0.0313 0.0415 -0.0587 0.9969
1341848066.4869 -0.2822 -0.6384 0.5825 0.0313 0.0391 -0.0603 0.9969
1341848066.5228 -0.2793 -0.6437 0.5880 0.0304 0.0381 -0.0623 0.9969
1341848066.5551 -0.2736 -0.6477 0.5915 0.0312 0.0351 -0.0655 0.9967
1341848066.6235 -0.2566 -0.6563 0.6001 0.0322 0.0336 -0.0742 0.9962
1341848066.6552 -0.2492 -0.6592 0.6039 0.0339 0.0316 -0.0772 0.9959
1341848066.6977 -0.2383 -0.6611 0.6068 0.0348 0.0306 -0.0798 0.9957
1341848066.7325 -0.2346 -0.6696 0.6138 0.0350 0.0306 -0.0830 0.9955
1341848066.7644 -0.2246 -0.6743 0.6170 0.0376 0.0293 -0.0855 0.9952
1341848066.7953 -0.2151 -0.6738 0.6181 0.0403 0.0293 -0.0897 0.9947
1341848066.8334 -0.2124 -0.6773 0.6237 0.0408 0.0290 -0.0934 0.9944
1341848066.8621 -0.1996 -0.6769 0.6224 0.0425 0.0263 -0.0946 0.9943
1341848066.9050 -0.1915 -0.6760 0.6244 0.0417 0.0260 -0.0963 0.9941
1341848066.9302 -0.1911 -0.6829 0.6309 0.0401 0.0254 -0.0981 0.9940
1341848066.9979 -0.1671 -0.6825 0.6300 0.0397 0.0235 -0.1018 0.9937
1341848067.0547 -0.1576 -0.6891 0.6356 0.0388 0.0218 -0.1053 0.9934
1341848067.0909 -0.1535 -0.6923 0.6385 0.0380 0.0233 -0.1076 0.9932
1341848067.1230 -0.1563 -0.7001 0.6429 0.0388 0.0234 -0.1089 0.9930
1341848067.1588 -0.1452 -0.6977 0.6395 0.0427 0.0210 -0.1083 0.9930
1341848067.1911 -0.1412 -0.6955 0.6399 0.0435 0.0209 -0.1081 0.9930
1341848067.2229 -0.1384 -0.7009 0.6417 0.0432 0.0201 -0.1068 0.9931
1341848067.2587 -0.1285 -0.6995 0.6391 0.0448 0.0190 -0.1048 0.9933
1341848067.3228 -0.1239 -0.7024 0.6411 0.0442 0.0198 -0.1000 0.9938
1341848067.3587 -0.1148 -0.7015 0.6383 0.0448 0.0180 -0.0969 0.9941
1341848067.3907 -0.1082 -0.7027 0.6382 0.0440 0.0196 -0.0947 0.9943
1341848067.4269 -0.1085 -0.7047 0.6389 0.0440 0.0214 -0.0921 0.9945
1341848067.4587 -0.0994 -0.7014 0.6350 0.0449 0.0209 -0.0889 0.9948
1341848067.4915 -0.0932 -0.6998 0.6337 0.0430 0.0228 -0.0864 0.9951
1341848067.5267 -0.0943 -0.7032 0.6351 0.0416 0.0252 -0.0855 0.9952
1341848067.5588 -0.0858 -0.7013 0.6315 0.0420 0.0254 -0.0851 0.9952
1341848067.5947 -0.0815 -0.7028 0.6312 0.0409 0.0287 -0.0866 0.9950
1341848067.6267 -0.0860 -0.7086 0.6329 0.0413 0.0319 -0.0878 0.9948
1341848067.6590 -0.0788 -0.7073 0.6288 0.0446 0.0315 -0.0873 0.9947
1341848067.6949 -0.0740 -0.7070 0.6268 0.0458 0.0333 -0.0864 0.9946
1341848067.7267 -0.0773 -0.7118 0.6262 0.0473 0.0347 -0.0848 0.9947
1341848067.7587 -0.0664 -0.7083 0.6210 0.0509 0.0335 -0.0827 0.9947
1341848067.7948 -0.0636 -0.7069 0.6191 0.0517 0.0360 -0.0811 0.9947
1341848067.8268 -0.0652 -0.7111 0.6185 0.0526 0.0372 -0.0788 0.9948
1341848067.8628 -0.0550 -0.7079 0.6132 0.0549 0.0369 -0.0769 0.9948
