1311868164.4309 0.0008 0.0018 -0.0053 -0.0020 -0.0024 -0.0021 1.0000
1311868164.4631 0.0031 0.0039 -0.0088 -0.0039 -0.0030 -0.0051 1.0000
1311868164.4991 0.0056 0.0040 -0.0114 -0.0057 -0.0014 -0.0085 0.9999
1311868164.5310 0.0064 0.0034 -0.0133 -0.0062 0.0021 -0.0099 0.9999
1311868164.5630 0.0082 0.0030 -0.0158 -0.0060 0.0045 -0.0111 0.9999
1311868164.5991 0.0113 0.0020 -0.0197 -0.0053 0.0050 -0.0128 0.9999
1311868164.6311 0.0142 0.0015 -0.0247 -0.0040 0.0055 -0.0140 0.9999
1311868164.6631 0.0169 0.0020 -0.0286 -0.0032 0.0046 -0.0145 0.9999
1311868164.6990 0.0197 0.0022 -0.0318 -0.0033 0.0030 -0.0143 0.9999
1311868164.7310 0.0240 0.0006 -0.0334 -0.0035 0.0014 -0.0137 0.9999
1311868164.7631 0.0278 -0.0004 -0.0374 -0.0016 0.0002 -0.0130 0.9999
1311868164.7991 0.0330 -0.0018 -0.0390 0.0005 -0.0005 -0.0132 0.9999
1311868164.8310 0.0391 -0.0029 -0.0418 0.0044 -0.0005 -0.0136 0.9999
1311868164.8631 0.0460 -0.0024 -0.0445 0.0080 0.0007 -0.0147 0.9999
1311868164.8991 0.0509 -0.0038 -0.0467 0.0113 0.0028 -0.0153 0.9998
1311868164.9309 0.0569 -0.0017 -0.0522 0.0144 0.0038 -0.0179 0.9997
1311868164.9631 0.0622 -0.0004 -0.0572 0.0143 0.0039 -0.0197 0.9997
1311868164.9990 0.0653 -0.0012 -0.0573 0.0125 0.0029 -0.0198 0.9997
1311868165.0311 0.0721 -0.0022 -0.0596 0.0122 -0.0004 -0.0195 0.9997
1311868165.0631 0.0793 -0.0024 -0.0637 0.0120 -0.0037 -0.0206 0.9997
1311868165.0992 0.0865 -0.0031 -0.0659 0.0116 -0.0061 -0.0228 0.9997
1311868165.1310 0.0928 -0.0037 -0.0694 0.0133 -0.0077 -0.0248 0.9996
1311868165.1631 0.1003 -0.0013 -0.0741 0.0159 -0.0094 -0.0280 0.9994
1311868165.1991 0.1080 -0.0001 -0.0793 0.0167 -0.0107 -0.0304 0.9993
1311868165.2312 0.1149 0.0015 -0.0835 0.0164 -0.0113 -0.0321 0.9993
1311868165.2630 0.1213 0.0049 -0.0872 0.0156 -0.0130 -0.0337 0.9992
1311868165.2991 0.1285 0.0082 -0.0920 0.0132 -0.0165 -0.0352 0.9992
1311868165.3312 0.1363 0.0088 -0.0954 0.0093 -0.0205 -0.0363 0.9991
1311868165.3631 0.1415 0.0086 -0.0966 0.0078 -0.0223 -0.0365 0.9991
1311868165.3992 0.1458 0.0103 -0.0999 0.0077 -0.0229 -0.0373 0.9990
1311868165.4310 0.1528 0.0159 -0.1039 0.0067 -0.0234 -0.0381 0.9990
1311868165.4631 0.1568 0.0193 -0.1071 0.0025 -0.0235 -0.0362 0.9991
1311868165.4992 0.1608 0.0204 -0.1096 -0.0024 -0.0246 -0.0340 0.9991
1311868165.5311 0.1650 0.0213 -0.1110 -0.0069 -0.0255 -0.0327 0.9991
1311868165.5631 0.1712 0.0205 -0.1137 -0.0103 -0.0256 -0.0315 0.9991
1311868165.5992 0.1739 0.0194 -0.1154 -0.0110 -0.0248 -0.0322 0.9991
1311868165.6312 0.1802 0.0194 -0.1197 -0.0103 -0.0242 -0.0339 0.9991
1311868165.6633 0.1864 0.0197 -0.1220 -0.0097 -0.0224 -0.0347 0.9991
1311868165.6992 0.1924 0.0199 -0.1263 -0.0086 -0.0205 -0.0355 0.9991
1311868165.7312 0.1955 0.0208 -0.1318 -0.0077 -0.0187 -0.0365 0.9991
1311868165.7631 0.1973 0.0232 -0.1389 -0.0079 -0.0157 -0.0361 0.9992
1311868165.7991 0.1995 0.0261 -0.1448 -0.0093 -0.0125 -0.0342 0.9993
1311868165.8312 0.2005 0.0281 -0.1536 -0.0112 -0.0099 -0.0337 0.9993
1311868165.8632 0.2035 0.0300 -0.1587 -0.0140 -0.0073 -0.0343 0.9993
1311868165.8992 0.2056 0.0311 -0.1620 -0.0158 -0.0041 -0.0343 0.9993
1311868165.9312 0.2056 0.0313 -0.1666 -0.0158 -0.0003 -0.0334 0.9993
1311868165.9632 0.2048 0.0323 -0.1735 -0.0155 0.0034 -0.0328 0.9993
1311868165.9991 0.2039 0.0363 -0.1836 -0.0160 0.0062 -0.0314 0.9994
1311868166.0312 0.2036 0.0400 -0.1900 -0.0176 0.0096 -0.0275 0.9994
1311868166.0631 0.2036 0.0445 -0.1980 -0.0203 0.0124 -0.0238 0.9994
1311868166.0992 0.2003 0.0473 -0.2025 -0.0247 0.0148 -0.0230 0.9993
1311868166.1313 0.1986 0.0510 -0.2070 -0.0272 0.0158 -0.0238 0.9992
1311868166.1632 0.1973 0.0565 -0.2130 -0.0297 0.0165 -0.0243 0.9991
1311868166.1992 0.1957 0.0610 -0.2191 -0.0336 0.0184 -0.0246 0.9990
1311868166.2311 0.1936 0.0645 -0.2238 -0.0373 0.0206 -0.0238 0.9988
1311868166.2632 0.1926 0.0695 -0.2303 -0.0411 0.0233 -0.0221 0.9986
1311868166.2992 0.1925 0.0761 -0.2357 -0.0451 0.0265 -0.0186 0.9985
1311868166.3312 0.1939 0.0825 -0.2386 -0.0503 0.0280 -0.0165 0.9982
1311868166.3631 0.1929 0.0866 -0.2434 -0.0551 0.0284 -0.0168 0.9979
1311868166.3992 0.1928 0.0893 -0.2464 -0.0588 0.0289 -0.0173 0.9977
1311868166.4312 0.1961 0.0948 -0.2531 -0.0604 0.0299 -0.0190 0.9975
1311868166.4630 0.2010 0.0978 -0.2586 -0.0620 0.0323 -0.0200 0.9974
1311868166.4992 0.2006 0.0992 -0.2610 -0.0629 0.0365 -0.0196 0.9972
1311868166.5313 0.2055 0.1030 -0.2624 -0.0629 0.0380 -0.0195 0.9971
1311868166.5631 0.2070 0.1038 -0.2664 -0.0627 0.0388 -0.0204 0.9971
1311868166.5992 0.2111 0.1067 -0.2712 -0.0615 0.0387 -0.0205 0.9971
1311868166.6313 0.2144 0.1072 -0.2745 -0.0613 0.0382 -0.0204 0.9972
1311868166.6633 0.2190 0.1080 -0.2780 -0.0607 0.0377 -0.0196 0.9972
1311868166.6993 0.2247 0.1084 -0.2802 -0.0598 0.0372 -0.0179 0.9974
1311868166.7311 0.2287 0.1081 -0.2823 -0.0589 0.0369 -0.0166 0.9974
1311868166.7633 0.2359 0.1090 -0.2854 -0.0572 0.0352 -0.0167 0.9976
1311868166.7992 0.2427 0.1088 -0.2881 -0.0564 0.0334 -0.0170 0.9977
1311868166.8312 0.2498 0.1094 -0.2924 -0.0546 0.0313 -0.0174 0.9979
1311868166.8632 0.2593 0.1074 -0.2955 -0.0539 0.0283 -0.0189 0.9980
1311868166.8993 0.2682 0.1061 -0.2961 -0.0532 0.0253 -0.0208 0.9980
1311868166.9312 0.2800 0.1087 -0.2981 -0.0509 0.0228 -0.0235 0.9982
1311868166.9633 0.2924 0.1076 -0.2982 -0.0493 0.0201 -0.0267 0.9982
1311868166.9993 0.3045 0.1087 -0.3007 -0.0475 0.0168 -0.0296 0.9983
1311868167.0311 0.3180 0.1101 -0.3012 -0.0469 0.0121 -0.0333 0.9983
1311868167.0632 0.3306 0.1091 -0.3019 -0.0474 0.0072 -0.0363 0.9982
1311868167.0993 0.3399 0.1093 -0.3038 -0.0474 0.0037 -0.0382 0.9981
1311868167.1632 0.3643 0.1076 -0.3034 -0.0474 -0.0051 -0.0434 0.9979
1311868167.1993 0.3770 0.1061 -0.3021 -0.0463 -0.0101 -0.0461 0.9978
1311868167.2313 0.3865 0.1055 -0.3038 -0.0444 -0.0150 -0.0491 0.9977
1311868167.2633 0.3985 0.1044 -0.3064 -0.0437 -0.0203 -0.0524 0.9975
1311868167.2991 0.4099 0.1043 -0.3081 -0.0423 -0.0240 -0.0552 0.9973
1311868167.3311 0.4204 0.1037 -0.3111 -0.0419 -0.0263 -0.0573 0.9971
1311868167.3633 0.4316 0.1039 -0.3100 -0.0419 -0.0286 -0.0593 0.9969
1311868167.3992 0.4364 0.1043 -0.3106 -0.0421 -0.0293 -0.0597 0.9969
1311868167.4312 0.4421 0.1050 -0.3104 -0.0423 -0.0308 -0.0595 0.9969
1311868167.4633 0.4503 0.1052 -0.3102 -0.0426 -0.0334 -0.0590 0.9968
1311868167.4991 0.4592 0.1044 -0.3095 -0.0427 -0.0365 -0.0594 0.9967
1311868167.5313 0.4649 0.1018 -0.3125 -0.0425 -0.0382 -0.0609 0.9965
1311868167.5632 0.4733 0.0999 -0.3130 -0.0425 -0.0395 -0.0613 0.9964
1311868167.5992 0.4798 0.0994 -0.3129 -0.0425 -0.0403 -0.0613 0.9964
1311868167.6315 0.4836 0.0991 -0.3123 -0.0426 -0.0411 -0.0613 0.9964
1311868167.6634 0.4863 0.0992 -0.3123 -0.0427 -0.0419 -0.0614 0.9963
1311868167.6992 0.4913 0.0987 -0.3133 -0.0437 -0.0431 -0.0618 0.9962
1311868167.7312 0.4995 0.0987 -0.3105 -0.0461 -0.0450 -0.0625 0.9960
1311868167.7633 0.4986 0.0982 -0.3100 -0.0472 -0.0445 -0.0626 0.9959
1311868167.7992 0.5055 0.0961 -0.3082 -0.0492 -0.0457 -0.0627 0.9958
1311868167.8631 0.5153 0.0930 -0.3027 -0.0510 -0.0457 -0.0628 0.9957
1311868167.8994 0.5179 0.0904 -0.2973 -0.0497 -0.0449 -0.0599 0.9960
1311868167.9312 0.5165 0.0900 -0.2953 -0.0474 -0.0446 -0.0568 0.9963
1311868167.9993 0.5293 0.0845 -0.2943 -0.0470 -0.0473 -0.0529 0.9964
1311868168.0313 0.5313 0.0822 -0.2905 -0.0474 -0.0476 -0.0510 0.9964
1311868168.0632 0.5352 0.0793 -0.2865 -0.0478 -0.0479 -0.0506 0.9964
1311868168.0993 0.5376 0.0765 -0.2815 -0.0470 -0.0477 -0.0508 0.9965
1311868168.1312 0.5368 0.0751 -0.2781 -0.0456 -0.0470 -0.0517 0.9965
1311868168.1633 0.5412 0.0719 -0.2722 -0.0446 -0.0480 -0.0528 0.9965
1311868168.1992 0.5435 0.0703 -0.2682 -0.0441 -0.0485 -0.0543 0.9964
1311868168.2633 0.5430 0.0680 -0.2608 -0.0448 -0.0483 -0.0575 0.9962
1311868168.2996 0.5430 0.0637 -0.2530 -0.0468 -0.0493 -0.0587 0.9960
1311868168.3312 0.5422 0.0607 -0.2440 -0.0486 -0.0506 -0.0593 0.9958
1311868168.3632 0.5415 0.0561 -0.2355 -0.0497 -0.0519 -0.0597 0.9956
1311868168.3994 0.5408 0.0481 -0.2295 -0.0491 -0.0532 -0.0614 0.9955
1311868168.4312 0.5406 0.0410 -0.2215 -0.0469 -0.0544 -0.0638 0.9954
1311868168.4633 0.5397 0.0351 -0.2152 -0.0436 -0.0547 -0.0651 0.9954
1311868168.4993 0.5387 0.0259 -0.2076 -0.0400 -0.0551 -0.0656 0.9955
1311868168.5633 0.5363 0.0221 -0.1975 -0.0329 -0.0577 -0.0649 0.9957
1311868168.5994 0.5355 0.0197 -0.1907 -0.0329 -0.0594 -0.0639 0.9956
1311868168.6633 0.5348 0.0119 -0.1800 -0.0313 -0.0619 -0.0643 0.9955
1311868168.6996 0.5356 0.0101 -0.1758 -0.0306 -0.0619 -0.0648 0.9955
1311868168.7633 0.5354 0.0077 -0.1657 -0.0305 -0.0627 -0.0637 0.9955
1311868168.7994 0.5347 0.0073 -0.1605 -0.0310 -0.0642 -0.0630 0.9955
1311868168.8312 0.5360 0.0061 -0.1536 -0.0316 -0.0668 -0.0624 0.9953
1311868168.8993 0.5367 -0.0007 -0.1429 -0.0300 -0.0712 -0.0660 0.9948
1311868168.9312 0.5370 -0.0058 -0.1374 -0.0283 -0.0727 -0.0687 0.9946
1311868168.9633 0.5382 -0.0087 -0.1316 -0.0257 -0.0750 -0.0715 0.9943
1311868168.9994 0.5389 -0.0126 -0.1269 -0.0232 -0.0782 -0.0743 0.9939
1311868169.0312 0.5405 -0.0175 -0.1217 -0.0212 -0.0819 -0.0762 0.9935
1311868169.0634 0.5426 -0.0221 -0.1167 -0.0190 -0.0858 -0.0769 0.9932
1311868169.0993 0.5434 -0.0262 -0.1104 -0.0159 -0.0894 -0.0779 0.9928
1311868169.1312 0.5455 -0.0296 -0.1050 -0.0126 -0.0936 -0.0798 0.9923
1311868169.1995 0.5501 -0.0387 -0.0911 -0.0077 -0.1046 -0.0864 0.9907
1311868169.2314 0.5526 -0.0440 -0.0861 -0.0054 -0.1106 -0.0899 0.9898
1311868169.2633 0.5552 -0.0486 -0.0800 -0.0032 -0.1163 -0.0929 0.9889
1311868169.2995 0.5576 -0.0542 -0.0734 -0.0014 -0.1220 -0.0968 0.9878
1311868169.3313 0.5600 -0.0607 -0.0664 0.0017 -0.1277 -0.1013 0.9866
1311868169.3635 0.5628 -0.0669 -0.0592 0.0055 -0.1333 -0.1063 0.9853
1311868169.3994 0.5654 -0.0724 -0.0525 0.0096 -0.1394 -0.1114 0.9839
1311868169.4314 0.5681 -0.0783 -0.0458 0.0128 -0.1462 -0.1152 0.9824
1311868169.4632 0.5710 -0.0844 -0.0400 0.0160 -0.1527 -0.1186 0.9810
1311868169.4993 0.5761 -0.0918 -0.0354 0.0186 -0.1587 -0.1233 0.9794
1311868169.5314 0.5812 -0.1009 -0.0306 0.0212 -0.1628 -0.1281 0.9781
1311868169.5635 0.5853 -0.1081 -0.0251 0.0251 -0.1654 -0.1323 0.9770
1311868169.5994 0.5887 -0.1132 -0.0199 0.0298 -0.1673 -0.1360 0.9760
1311868169.6313 0.5908 -0.1163 -0.0154 0.0337 -0.1706 -0.1393 0.9749
1311868169.6632 0.5930 -0.1195 -0.0125 0.0367 -0.1758 -0.1421 0.9734
1311868169.6995 0.5973 -0.1236 -0.0102 0.0382 -0.1818 -0.1446 0.9719
1311868169.7313 0.6052 -0.1303 -0.0092 0.0390 -0.1869 -0.1469 0.9705
1311868169.7634 0.6120 -0.1374 -0.0051 0.0391 -0.1893 -0.1473 0.9700
1311868169.7994 0.6147 -0.1404 -0.0024 0.0416 -0.1902 -0.1462 0.9699
1311868169.8314 0.6188 -0.1431 -0.0003 0.0427 -0.1922 -0.1464 0.9694
1311868169.8634 0.6230 -0.1456 0.0019 0.0427 -0.1937 -0.1469 0.9690
1311868169.8994 0.6277 -0.1497 0.0032 0.0425 -0.1953 -0.1462 0.9689
1311868169.9313 0.6338 -0.1527 0.0038 0.0419 -0.1957 -0.1456 0.9689
1311868169.9634 0.6392 -0.1587 0.0074 0.0415 -0.1953 -0.1442 0.9692
1311868169.9994 0.6439 -0.1640 0.0090 0.0432 -0.1948 -0.1399 0.9699
1311868170.0313 0.6486 -0.1630 0.0071 0.0447 -0.1949 -0.1349 0.9705
1311868170.0635 0.6517 -0.1652 0.0063 0.0440 -0.1961 -0.1331 0.9705
1311868170.0994 0.6555 -0.1705 0.0068 0.0449 -0.1988 -0.1301 0.9703
1311868170.1313 0.6632 -0.1719 0.0023 0.0475 -0.2010 -0.1277 0.9701
1311868170.1634 0.6706 -0.1728 -0.0011 0.0490 -0.2018 -0.1271 0.9699
1311868170.1993 0.6770 -0.1748 -0.0046 0.0489 -0.2022 -0.1256 0.9700
1311868170.2315 0.6828 -0.1758 -0.0092 0.0484 -0.2022 -0.1227 0.9704
1311868170.2635 0.6879 -0.1731 -0.0145 0.0475 -0.2023 -0.1207 0.9707
1311868170.2994 0.6924 -0.1729 -0.0183 0.0467 -0.2025 -0.1224 0.9705
1311868170.3313 0.6992 -0.1709 -0.0248 0.0471 -0.2021 -0.1243 0.9703
1311868170.3634 0.7049 -0.1671 -0.0327 0.0470 -0.2012 -0.1266 0.9702
1311868170.3994 0.7088 -0.1628 -0.0394 0.0461 -0.2004 -0.1301 0.9699
1311868170.4313 0.7109 -0.1583 -0.0461 0.0457 -0.2006 -0.1334 0.9695
1311868170.4634 0.7172 -0.1539 -0.0535 0.0449 -0.2020 -0.1369 0.9687
1311868170.4995 0.7227 -0.1501 -0.0594 0.0441 -0.2023 -0.1392 0.9684
1311868170.5315 0.7273 -0.1451 -0.0650 0.0434 -0.2023 -0.1393 0.9684
1311868170.5633 0.7312 -0.1429 -0.0693 0.0430 -0.2024 -0.1389 0.9684
1311868170.5993 0.7372 -0.1374 -0.0773 0.0432 -0.2025 -0.1396 0.9683
1311868170.6315 0.7442 -0.1355 -0.0821 0.0412 -0.2026 -0.1404 0.9683
1311868170.6634 0.7503 -0.1323 -0.0868 0.0400 -0.2014 -0.1390 0.9688
1311868170.6994 0.7561 -0.1293 -0.0901 0.0376 -0.2010 -0.1377 0.9691
1311868170.7314 0.7606 -0.1270 -0.0930 0.0351 -0.2015 -0.1369 0.9692
1311868170.7635 0.7662 -0.1261 -0.0954 0.0321 -0.2029 -0.1360 0.9692
1311868170.7994 0.7703 -0.1255 -0.0981 0.0312 -0.2034 -0.1355 0.9692
1311868170.8313 0.7746 -0.1245 -0.1014 0.0309 -0.2036 -0.1357 0.9691
1311868170.8634 0.7791 -0.1231 -0.1059 0.0305 -0.2039 -0.1357 0.9691
1311868170.8994 0.7851 -0.1240 -0.1087 0.0299 -0.2038 -0.1351 0.9692
1311868170.9314 0.7928 -0.1258 -0.1102 0.0301 -0.2037 -0.1353 0.9692
1311868170.9634 0.7995 -0.1272 -0.1080 0.0318 -0.2024 -0.1376 0.9691
1311868170.9995 0.8022 -0.1237 -0.1126 0.0354 -0.2014 -0.1386 0.9690
1311868171.0315 0.8065 -0.1201 -0.1180 0.0355 -0.2033 -0.1391 0.9685
1311868171.0634 0.8120 -0.1192 -0.1212 0.0338 -0.2064 -0.1410 0.9677
1311868171.0994 0.8174 -0.1187 -0.1237 0.0329 -0.2085 -0.1417 0.9672
1311868171.1315 0.8228 -0.1177 -0.1258 0.0327 -0.2096 -0.1422 0.9668
1311868171.1634 0.8283 -0.1162 -0.1274 0.0326 -0.2099 -0.1428 0.9667
1311868171.1994 0.8326 -0.1157 -0.1261 0.0328 -0.2102 -0.1433 0.9666
1311868171.2314 0.8369 -0.1138 -0.1267 0.0333 -0.2108 -0.1441 0.9663
1311868171.2634 0.8425 -0.1119 -0.1269 0.0332 -0.2120 -0.1461 0.9657
1311868171.2994 0.8469 -0.1107 -0.1257 0.0333 -0.2137 -0.1477 0.9651
1311868171.3314 0.8528 -0.1087 -0.1262 0.0333 -0.2158 -0.1495 0.9644
1311868171.3635 0.8600 -0.1090 -0.1258 0.0328 -0.2183 -0.1524 0.9633
1311868171.3994 0.8677 -0.1095 -0.1253 0.0328 -0.2207 -0.1558 0.9623
1311868171.4635 0.8821 -0.1082 -0.1264 0.0326 -0.2248 -0.1602 0.9606
1311868171.4995 0.8900 -0.1084 -0.1253 0.0315 -0.2277 -0.1637 0.9594
1311868171.5315 0.9010 -0.1108 -0.1256 0.0309 -0.2304 -0.1668 0.9582
1311868171.5634 0.9099 -0.1116 -0.1253 0.0309 -0.2314 -0.1688 0.9576
1311868171.5995 0.9188 -0.1112 -0.1259 0.0309 -0.2319 -0.1706 0.9572
1311868171.6315 0.9253 -0.1089 -0.1246 0.0310 -0.2326 -0.1720 0.9567
1311868171.6634 0.9331 -0.1061 -0.1262 0.0309 -0.2340 -0.1744 0.9560
1311868171.6994 0.9419 -0.1064 -0.1267 0.0296 -0.2359 -0.1783 0.9548
1311868171.7315 0.9505 -0.1046 -0.1281 0.0289 -0.2367 -0.1809 0.9541
1311868171.7635 0.9580 -0.1021 -0.1272 0.0286 -0.2372 -0.1834 0.9536
1311868171.7995 0.9665 -0.0988 -0.1268 0.0274 -0.2377 -0.1863 0.9529
1311868171.8314 0.9765 -0.0998 -0.1246 0.0246 -0.2380 -0.1883 0.9525
1311868171.8996 0.9920 -0.0962 -0.1170 0.0193 -0.2383 -0.1913 0.9520
1311868171.9315 0.9973 -0.0952 -0.1130 0.0163 -0.2393 -0.1926 0.9515
1311868171.9996 1.0139 -0.0942 -0.1092 0.0128 -0.2401 -0.1955 0.9508
1311868172.0315 1.0195 -0.0925 -0.1058 0.0117 -0.2393 -0.1972 0.9506
1311868172.0634 1.0240 -0.0884 -0.1033 0.0106 -0.2391 -0.1970 0.9507
1311868172.0995 1.0305 -0.0863 -0.1008 0.0077 -0.2402 -0.1967 0.9505
1311868172.1315 1.0366 -0.0850 -0.0975 0.0048 -0.2410 -0.1964 0.9505
1311868172.1636 1.0436 -0.0840 -0.0952 0.0019 -0.2414 -0.1963 0.9504
1311868172.1998 1.0484 -0.0827 -0.0911 -0.0010 -0.2410 -0.1964 0.9504
1311868172.2635 1.0615 -0.0826 -0.0858 -0.0041 -0.2402 -0.1990 0.9501
1311868172.2995 1.0645 -0.0795 -0.0835 -0.0062 -0.2393 -0.2000 0.9501
1311868172.3635 1.0744 -0.0765 -0.0775 -0.0121 -0.2391 -0.2037 0.9493
1311868172.3995 1.0808 -0.0772 -0.0734 -0.0155 -0.2387 -0.2052 0.9490
1311868172.4635 1.0911 -0.0748 -0.0655 -0.0208 -0.2342 -0.2086 0.9493
1311868172.4995 1.0946 -0.0730 -0.0591 -0.0232 -0.2321 -0.2109 0.9493
1311868172.5636 1.0987 -0.0657 -0.0502 -0.0278 -0.2275 -0.2113 0.9502
1311868172.5996 1.1026 -0.0636 -0.0438 -0.0309 -0.2264 -0.2114 0.9503
1311868172.6316 1.1085 -0.0635 -0.0397 -0.0339 -0.2252 -0.2126 0.9502
1311868172.6636 1.1168 -0.0661 -0.0349 -0.0377 -0.2241 -0.2124 0.9504
1311868172.6996 1.1238 -0.0678 -0.0288 -0.0422 -0.2222 -0.2120 0.9507
1311868172.7635 1.1277 -0.0625 -0.0143 -0.0524 -0.2168 -0.2105 0.9518
1311868172.7996 1.1308 -0.0636 -0.0034 -0.0574 -0.2149 -0.2112 0.9518
1311868172.8635 1.1341 -0.0603 0.0164 -0.0643 -0.2119 -0.2130 0.9516
1311868172.8995 1.1353 -0.0616 0.0261 -0.0675 -0.2118 -0.2138 0.9512
1311868172.9316 1.1364 -0.0620 0.0359 -0.0698 -0.2121 -0.2150 0.9507
1311868172.9636 1.1390 -0.0677 0.0476 -0.0722 -0.2126 -0.2161 0.9502
1311868172.9996 1.1405 -0.0712 0.0557 -0.0726 -0.2125 -0.2178 0.9498
1311868173.0675 1.1444 -0.0761 0.0705 -0.0730 -0.2095 -0.2202 0.9499
1311868173.0996 1.1463 -0.0799 0.0780 -0.0736 -0.2082 -0.2206 0.9500
1311868173.1315 1.1483 -0.0832 0.0845 -0.0750 -0.2079 -0.2217 0.9497
1311868173.1675 1.1458 -0.0861 0.0931 -0.0760 -0.2073 -0.2242 0.9492
1311868173.1996 1.1435 -0.0891 0.1019 -0.0751 -0.2074 -0.2261 0.9488
1311868173.2315 1.1485 -0.0982 0.1063 -0.0731 -0.2087 -0.2296 0.9478
1311868173.2677 1.1447 -0.0982 0.1103 -0.0697 -0.2065 -0.2308 0.9483
1311868173.2997 1.1472 -0.1042 0.1167 -0.0682 -0.2061 -0.2286 0.9490
1311868173.3315 1.1493 -0.1075 0.1200 -0.0678 -0.2064 -0.2265 0.9495
1311868173.3677 1.1492 -0.1092 0.1255 -0.0679 -0.2076 -0.2251 0.9495
1311868173.3996 1.1543 -0.1168 0.1310 -0.0686 -0.2107 -0.2246 0.9489
1311868173.4316 1.1565 -0.1222 0.1361 -0.0679 -0.2119 -0.2254 0.9485
1311868173.4676 1.1609 -0.1271 0.1417 -0.0670 -0.2125 -0.2244 0.9487
1311868173.5316 1.1681 -0.1333 0.1525 -0.0659 -0.2145 -0.2209 0.9491
1311868173.5676 1.1674 -0.1315 0.1555 -0.0666 -0.2149 -0.2198 0.9492
1311868173.6316 1.1726 -0.1366 0.1668 -0.0678 -0.2169 -0.2202 0.9486
1311868173.6680 1.1755 -0.1413 0.1730 -0.0680 -0.2183 -0.2210 0.9481
1311868173.6997 1.1765 -0.1426 0.1784 -0.0675 -0.2203 -0.2206 0.9478
1311868173.7316 1.1792 -0.1461 0.1850 -0.0670 -0.2240 -0.2222 0.9466
1311868173.7676 1.1815 -0.1509 0.1895 -0.0664 -0.2279 -0.2245 0.9451
1311868173.7995 1.1835 -0.1560 0.1966 -0.0645 -0.2316 -0.2259 0.9440
1311868173.8316 1.1902 -0.1651 0.2059 -0.0632 -0.2379 -0.2266 0.9424
1311868173.8675 1.1874 -0.1614 0.2043 -0.0596 -0.2417 -0.2305 0.9407
1311868173.9316 1.1984 -0.1759 0.2141 -0.0546 -0.2531 -0.2404 0.9355
1311868173.9676 1.2020 -0.1816 0.2171 -0.0509 -0.2574 -0.2455 0.9332
1311868173.9997 1.2052 -0.1834 0.2197 -0.0459 -0.2617 -0.2518 0.9306
1311868174.0317 1.2126 -0.1915 0.2224 -0.0436 -0.2670 -0.2563 0.9280
1311868174.0677 1.2175 -0.1969 0.2252 -0.0421 -0.2713 -0.2588 0.9261
1311868174.0995 1.2249 -0.2027 0.2298 -0.0413 -0.2760 -0.2597 0.9245
1311868174.1317 1.2320 -0.2084 0.2344 -0.0409 -0.2797 -0.2619 0.9227
1311868174.1679 1.2356 -0.2157 0.2406 -0.0396 -0.2820 -0.2645 0.9214
1311868174.2316 1.2514 -0.2289 0.2505 -0.0360 -0.2871 -0.2677 0.9190
1311868174.2678 1.2535 -0.2284 0.2503 -0.0335 -0.2880 -0.2700 0.9182
1311868174.2997 1.2631 -0.2377 0.2565 -0.0328 -0.2913 -0.2716 0.9167
1311868174.3318 1.2672 -0.2384 0.2591 -0.0320 -0.2931 -0.2727 0.9158
1311868174.3680 1.2706 -0.2399 0.2643 -0.0315 -0.2951 -0.2742 0.9147
1311868174.3997 1.2745 -0.2417 0.2688 -0.0308 -0.2972 -0.2759 0.9136
1311868174.4318 1.2776 -0.2422 0.2711 -0.0303 -0.2987 -0.2767 0.9129
1311868174.4676 1.2816 -0.2443 0.2751 -0.0301 -0.3015 -0.2770 0.9118
1311868174.4997 1.2859 -0.2483 0.2800 -0.0301 -0.3056 -0.2784 0.9100
1311868174.5317 1.2880 -0.2496 0.2810 -0.0298 -0.3086 -0.2798 0.9086
1311868174.5676 1.2916 -0.2541 0.2835 -0.0303 -0.3115 -0.2797 0.9076
1311868174.5997 1.2965 -0.2595 0.2894 -0.0308 -0.3148 -0.2789 0.9067
1311868174.6318 1.2967 -0.2608 0.2916 -0.0309 -0.3160 -0.2773 0.9068
1311868174.6678 1.2995 -0.2684 0.2978 -0.0314 -0.3181 -0.2745 0.9069
1311868174.6996 1.2959 -0.2665 0.3013 -0.0298 -0.3187 -0.2724 0.9074
1311868174.7316 1.2960 -0.2753 0.3074 -0.0292 -0.3211 -0.2718 0.9067
1311868174.7677 1.2955 -0.2798 0.3115 -0.0258 -0.3225 -0.2713 0.9065
1311868174.7998 1.2944 -0.2813 0.3123 -0.0223 -0.3234 -0.2701 0.9066
1311868174.8318 1.2925 -0.2837 0.3138 -0.0192 -0.3242 -0.2686 0.9068
1311868174.8678 1.2905 -0.2876 0.3158 -0.0160 -0.3252 -0.2676 0.9068
1311868174.8997 1.2902 -0.2929 0.3200 -0.0126 -0.3259 -0.2669 0.9069
1311868174.9318 1.2882 -0.2975 0.3252 -0.0089 -0.3252 -0.2658 0.9075
1311868174.9677 1.2836 -0.2971 0.3254 -0.0043 -0.3233 -0.2637 0.9088
1311868174.9998 1.2800 -0.2981 0.3298 -0.0004 -0.3228 -0.2622 0.9094
1311868175.0317 1.2757 -0.2995 0.3315 0.0035 -0.3228 -0.2618 0.9095
1311868175.0677 1.2726 -0.3077 0.3378 0.0070 -0.3232 -0.2627 0.9091
1311868175.0996 1.2686 -0.3097 0.3394 0.0107 -0.3228 -0.2623 0.9093
1311868175.1317 1.2604 -0.3138 0.3445 0.0144 -0.3232 -0.2618 0.9093
1311868175.1678 1.2519 -0.3217 0.3491 0.0202 -0.3245 -0.2624 0.9085
1311868175.1996 1.2450 -0.3322 0.3539 0.0299 -0.3260 -0.2632 0.9075
1311868175.2318 1.2417 -0.3394 0.3575 0.0425 -0.3269 -0.2622 0.9070
1311868175.2678 1.2378 -0.3433 0.3603 0.0532 -0.3276 -0.2589 0.9071
1311868175.3000 1.2345 -0.3434 0.3620 0.0605 -0.3297 -0.2538 0.9073
1311868175.3319 1.2314 -0.3409 0.3645 0.0632 -0.3334 -0.2483 0.9073
1311868175.3677 1.2283 -0.3473 0.3689 0.0621 -0.3382 -0.2437 0.9068
1311868175.4000 1.2246 -0.3519 0.3728 0.0631 -0.3417 -0.2401 0.9064
1311868175.4320 1.2214 -0.3561 0.3781 0.0657 -0.3442 -0.2368 0.9062
1311868175.4677 1.2185 -0.3645 0.3852 0.0688 -0.3460 -0.2334 0.9061
1311868175.4998 1.2177 -0.3695 0.3926 0.0741 -0.3476 -0.2298 0.9060
1311868175.5318 1.2158 -0.3705 0.3950 0.0780 -0.3487 -0.2269 0.9060
1311868175.5678 1.2135 -0.3711 0.3983 0.0801 -0.3508 -0.2233 0.9059
1311868175.5999 1.2135 -0.3767 0.4051 0.0801 -0.3551 -0.2208 0.9048
1311868175.6318 1.2142 -0.3839 0.4118 0.0814 -0.3587 -0.2205 0.9034
1311868175.6677 1.2141 -0.3872 0.4162 0.0850 -0.3603 -0.2200 0.9025
1311868175.6998 1.2144 -0.3910 0.4197 0.0890 -0.3613 -0.2191 0.9020
1311868175.7317 1.2145 -0.3922 0.4243 0.0929 -0.3623 -0.2183 0.9013
1311868175.7676 1.2144 -0.3958 0.4288 0.0958 -0.3644 -0.2187 0.9001
1311868175.7998 1.2168 -0.4000 0.4337 0.0985 -0.3676 -0.2184 0.8986
1311868175.8318 1.2198 -0.4049 0.4381 0.0996 -0.3713 -0.2192 0.8968
1311868175.8677 1.2226 -0.4142 0.4431 0.1004 -0.3752 -0.2203 0.8948
1311868175.8997 1.2269 -0.4213 0.4479 0.1020 -0.3791 -0.2216 0.8926
1311868175.9316 1.2313 -0.4265 0.4509 0.1036 -0.3824 -0.2235 0.8905
1311868175.9679 1.2347 -0.4319 0.4529 0.1043 -0.3860 -0.2260 0.8883
1311868175.9999 1.2380 -0.4356 0.4576 0.1044 -0.3906 -0.2280 0.8858
1311868176.0320 1.2423 -0.4404 0.4666 0.1040 -0.3957 -0.2308 0.8828
1311868176.0679 1.2481 -0.4468 0.4746 0.1044 -0.4004 -0.2354 0.8794
1311868176.0998 1.2539 -0.4521 0.4829 0.1050 -0.4047 -0.2400 0.8761
1311868176.1317 1.2589 -0.4589 0.4912 0.1051 -0.4085 -0.2444 0.8731
1311868176.1680 1.2657 -0.4648 0.4992 0.1056 -0.4124 -0.2483 0.8702
1311868176.1999 1.2736 -0.4701 0.5078 0.1053 -0.4157 -0.2512 0.8677
1311868176.2319 1.2822 -0.4718 0.5135 0.1045 -0.4183 -0.2537 0.8659
1311868176.2678 1.2889 -0.4763 0.5201 0.1016 -0.4207 -0.2565 0.8642
1311868176.2998 1.2955 -0.4806 0.5264 0.0996 -0.4224 -0.2602 0.8625
1311868176.3319 1.3025 -0.4834 0.5341 0.0985 -0.4233 -0.2644 0.8610
1311868176.3678 1.3077 -0.4845 0.5412 0.0971 -0.4231 -0.2676 0.8602
1311868176.3999 1.3123 -0.4862 0.5503 0.0940 -0.4235 -0.2695 0.8598
1311868176.4317 1.3171 -0.4870 0.5584 0.0902 -0.4238 -0.2713 0.8594
1311868176.4679 1.3215 -0.4883 0.5677 0.0860 -0.4239 -0.2731 0.8593
1311868176.4998 1.3255 -0.4918 0.5744 0.0821 -0.4236 -0.2745 0.8593
1311868176.5319 1.3295 -0.4923 0.5821 0.0793 -0.4235 -0.2759 0.8592
1311868176.5678 1.3326 -0.4931 0.5872 0.0777 -0.4232 -0.2791 0.8585
1311868176.6021 1.3357 -0.4926 0.5909 0.0771 -0.4231 -0.2814 0.8578
1311868176.6317 1.3397 -0.4895 0.5962 0.0752 -0.4235 -0.2814 0.8578
1311868176.6678 1.3405 -0.4919 0.6017 0.0718 -0.4242 -0.2806 0.8580
1311868176.6998 1.3438 -0.4921 0.6075 0.0693 -0.4251 -0.2792 0.8582
1311868176.7318 1.3449 -0.4958 0.6132 0.0673 -0.4254 -0.2793 0.8582
1311868176.7678 1.3451 -0.4982 0.6160 0.0674 -0.4254 -0.2798 0.8580
1311868176.7997 1.3469 -0.4987 0.6185 0.0686 -0.4257 -0.2805 0.8576
1311868176.8319 1.3491 -0.5009 0.6228 0.0687 -0.4259 -0.2807 0.8574
1311868176.8678 1.3505 -0.5018 0.6281 0.0680 -0.4262 -0.2802 0.8575
1311868176.8998 1.3517 -0.5056 0.6358 0.0667 -0.4261 -0.2798 0.8577
1311868176.9318 1.3532 -0.5089 0.6421 0.0665 -0.4249 -0.2798 0.8584
1311868176.9679 1.3525 -0.5097 0.6472 0.0672 -0.4234 -0.2802 0.8589
1311868176.9999 1.3528 -0.5111 0.6545 0.0678 -0.4232 -0.2812 0.8586
1311868177.0320 1.3522 -0.5127 0.6617 0.0674 -0.4229 -0.2823 0.8585
1311868177.0679 1.3504 -0.5141 0.6671 0.0662 -0.4227 -0.2837 0.8582
1311868177.0997 1.3478 -0.5183 0.6755 0.0652 -0.4226 -0.2858 0.8576
1311868177.1319 1.3461 -0.5228 0.6841 0.0652 -0.4214 -0.2875 0.8576
1311868177.1681 1.3435 -0.5255 0.6895 0.0670 -0.4189 -0.2892 0.8582
1311868177.1999 1.3408 -0.5269 0.6947 0.0693 -0.4163 -0.2910 0.8586
1311868177.2319 1.3392 -0.5287 0.6997 0.0709 -0.4143 -0.2923 0.8590
1311868177.2678 1.3367 -0.5289 0.7054 0.0714 -0.4131 -0.2925 0.8595
1311868177.2999 1.3334 -0.5300 0.7116 0.0702 -0.4131 -0.2927 0.8595
1311868177.3317 1.3297 -0.5320 0.7171 0.0692 -0.4135 -0.2934 0.8591
1311868177.3679 1.3270 -0.5348 0.7224 0.0688 -0.4139 -0.2939 0.8588
1311868177.4000 1.3246 -0.5433 0.7291 0.0704 -0.4135 -0.2958 0.8582
1311868177.4318 1.3238 -0.5477 0.7337 0.0739 -0.4118 -0.2977 0.8581
1311868177.4678 1.3248 -0.5494 0.7370 0.0749 -0.4097 -0.2973 0.8591
1311868177.4998 1.3238 -0.5468 0.7439 0.0740 -0.4084 -0.2949 0.8607
1311868177.5318 1.3241 -0.5449 0.7496 0.0699 -0.4081 -0.2949 0.8611
1311868177.5679 1.3221 -0.5469 0.7570 0.0646 -0.4081 -0.2969 0.8609
1311868177.5997 1.3207 -0.5479 0.7629 0.0610 -0.4075 -0.2990 0.8607
1311868177.6321 1.3192 -0.5513 0.7694 0.0600 -0.4065 -0.3031 0.8598
1311868177.6679 1.3193 -0.5533 0.7753 0.0603 -0.4050 -0.3067 0.8593
1311868177.6999 1.3190 -0.5554 0.7821 0.0605 -0.4039 -0.3081 0.8592
1311868177.7320 1.3201 -0.5522 0.7867 0.0597 -0.4039 -0.3084 0.8592
1311868177.7679 1.3199 -0.5535 0.7923 0.0567 -0.4055 -0.3088 0.8585
1311868177.7999 1.3197 -0.5564 0.7981 0.0545 -0.4087 -0.3092 0.8569
1311868177.8320 1.3228 -0.5581 0.8049 0.0535 -0.4134 -0.3107 0.8542
1311868177.8678 1.3253 -0.5616 0.8121 0.0524 -0.4176 -0.3129 0.8514
1311868177.8999 1.3298 -0.5651 0.8190 0.0518 -0.4211 -0.3146 0.8491
1311868177.9319 1.3338 -0.5654 0.8236 0.0521 -0.4240 -0.3182 0.8463
1311868177.9679 1.3382 -0.5672 0.8285 0.0520 -0.4273 -0.3226 0.8430
1311868178.0001 1.3418 -0.5704 0.8342 0.0515 -0.4310 -0.3263 0.8397
1311868178.0320 1.3477 -0.5694 0.8394 0.0503 -0.4358 -0.3293 0.8361
1311868178.0680 1.3523 -0.5714 0.8439 0.0476 -0.4407 -0.3333 0.8321
1311868178.1000 1.3577 -0.5739 0.8501 0.0453 -0.4460 -0.3375 0.8277
1311868178.1320 1.3631 -0.5783 0.8547 0.0449 -0.4501 -0.3430 0.8233
1311868178.1680 1.3688 -0.5838 0.8605 0.0451 -0.4534 -0.3469 0.8198
1311868178.1999 1.3757 -0.5879 0.8662 0.0460 -0.4552 -0.3501 0.8174
1311868178.2320 1.3820 -0.5926 0.8709 0.0484 -0.4550 -0.3532 0.8160
1311868178.2680 1.3880 -0.5957 0.8750 0.0512 -0.4538 -0.3553 0.8156
1311868178.2998 1.3947 -0.5943 0.8768 0.0542 -0.4529 -0.3577 0.8148
1311868178.3322 1.3997 -0.5920 0.8789 0.0548 -0.4538 -0.3592 0.8137
1311868178.3680 1.4056 -0.5890 0.8815 0.0529 -0.4564 -0.3608 0.8116
1311868178.4001 1.4090 -0.5896 0.8838 0.0482 -0.4593 -0.3625 0.8095
1311868178.4322 1.4129 -0.5906 0.8864 0.0439 -0.4626 -0.3624 0.8079
1311868178.4679 1.4181 -0.5915 0.8882 0.0408 -0.4660 -0.3628 0.8059
1311868178.5001 1.4226 -0.5933 0.8902 0.0364 -0.4688 -0.3633 0.8043
1311868178.5319 1.4270 -0.5954 0.8909 0.0339 -0.4709 -0.3622 0.8037
1311868178.5679 1.4339 -0.5945 0.8917 0.0324 -0.4731 -0.3617 0.8027
1311868178.6001 1.4390 -0.5963 0.8914 0.0311 -0.4745 -0.3622 0.8017
1311868178.6320 1.4432 -0.5969 0.8907 0.0304 -0.4754 -0.3618 0.8013
1311868178.6680 1.4495 -0.5961 0.8889 0.0297 -0.4768 -0.3616 0.8006
1311868178.6999 1.4571 -0.5935 0.8868 0.0282 -0.4782 -0.3617 0.7998
1311868178.7319 1.4639 -0.5926 0.8852 0.0273 -0.4790 -0.3616 0.7994
1311868178.7679 1.4698 -0.5918 0.8831 0.0270 -0.4793 -0.3614 0.7993
1311868178.8000 1.4764 -0.5918 0.8811 0.0269 -0.4800 -0.3613 0.7990
1311868178.8320 1.4849 -0.5896 0.8776 0.0265 -0.4802 -0.3608 0.7991
1311868178.8679 1.4936 -0.5870 0.8752 0.0246 -0.4804 -0.3594 0.7997
1311868178.9000 1.5016 -0.5855 0.8724 0.0231 -0.4803 -0.3585 0.8001
1311868178.9323 1.5098 -0.5836 0.8688 0.0233 -0.4802 -0.3586 0.8001
1311868178.9679 1.5187 -0.5835 0.8653 0.0236 -0.4803 -0.3589 0.8000
1311868179.0000 1.5293 -0.5842 0.8609 0.0240 -0.4791 -0.3588 0.8007
1311868179.0322 1.5410 -0.5826 0.8552 0.0242 -0.4772 -0.3575 0.8024
1311868179.0678 1.5512 -0.5772 0.8508 0.0229 -0.4757 -0.3563 0.8039
1311868179.1001 1.5608 -0.5737 0.8451 0.0198 -0.4754 -0.3555 0.8045
1311868179.1320 1.5697 -0.5723 0.8409 0.0165 -0.4765 -0.3564 0.8035
1311868179.1680 1.5796 -0.5739 0.8378 0.0164 -0.4776 -0.3594 0.8016
1311868179.2002 1.5905 -0.5743 0.8344 0.0188 -0.4773 -0.3617 0.8006
1311868179.2320 1.6047 -0.5723 0.8295 0.0214 -0.4752 -0.3645 0.8006
1311868179.2681 1.6160 -0.5712 0.8242 0.0192 -0.4712 -0.3649 0.8028
1311868179.3005 1.6248 -0.5675 0.8197 0.0143 -0.4676 -0.3622 0.8062
1311868179.3331 1.6325 -0.5625 0.8177 0.0089 -0.4662 -0.3606 0.8078
1311868179.3681 1.6401 -0.5640 0.8156 0.0045 -0.4665 -0.3622 0.8070
1311868179.4001 1.6511 -0.5640 0.8131 0.0012 -0.4668 -0.3642 0.8059
1311868179.4322 1.6597 -0.5661 0.8136 -0.0010 -0.4655 -0.3656 0.8061
1311868179.4680 1.6702 -0.5674 0.8112 -0.0005 -0.4620 -0.3666 0.8076
1311868179.5001 1.6788 -0.5653 0.8078 0.0005 -0.4577 -0.3664 0.8101
1311868179.5322 1.6861 -0.5674 0.8063 -0.0010 -0.4546 -0.3666 0.8118
1311868179.5680 1.6933 -0.5656 0.8042 -0.0034 -0.4526 -0.3672 0.8126
1311868179.6002 1.7013 -0.5639 0.8032 -0.0060 -0.4509 -0.3677 0.8133
1311868179.6320 1.7087 -0.5626 0.8050 -0.0073 -0.4493 -0.3684 0.8138
1311868179.6682 1.7169 -0.5676 0.8041 -0.0085 -0.4471 -0.3695 0.8146
1311868179.7002 1.7261 -0.5663 0.8014 -0.0080 -0.4443 -0.3691 0.8163
1311868179.7322 1.7322 -0.5693 0.8026 -0.0088 -0.4427 -0.3706 0.8165
1311868179.7683 1.7406 -0.5701 0.8003 -0.0094 -0.4411 -0.3701 0.8175
1311868179.8001 1.7482 -0.5663 0.8000 -0.0090 -0.4406 -0.3700 0.8178
1311868179.8321 1.7554 -0.5687 0.8017 -0.0104 -0.4415 -0.3716 0.8166
1311868179.8678 1.7614 -0.5701 0.8015 -0.0106 -0.4419 -0.3727 0.8159
1311868179.8999 1.7702 -0.5715 0.8014 -0.0103 -0.4428 -0.3752 0.8143
1311868179.9320 1.7757 -0.5765 0.8042 -0.0109 -0.4440 -0.3771 0.8128
1311868179.9680 1.7816 -0.5780 0.8059 -0.0106 -0.4454 -0.3782 0.8115
1311868180.0000 1.7899 -0.5787 0.8048 -0.0103 -0.4477 -0.3800 0.8093
1311868180.0319 1.7972 -0.5819 0.8064 -0.0106 -0.4505 -0.3823 0.8067
1311868180.0681 1.8076 -0.5829 0.8059 -0.0108 -0.4522 -0.3840 0.8049
1311868180.1001 1.8136 -0.5916 0.8102 -0.0139 -0.4535 -0.3851 0.8036
1311868180.1319 1.8233 -0.5897 0.8103 -0.0147 -0.4537 -0.3853 0.8034
1311868180.1681 1.8282 -0.5954 0.8143 -0.0179 -0.4547 -0.3867 0.8021
1311868180.2000 1.8337 -0.5959 0.8149 -0.0189 -0.4553 -0.3863 0.8020
1311868180.2322 1.8423 -0.5983 0.8184 -0.0209 -0.4569 -0.3870 0.8006
1311868180.2680 1.8502 -0.6033 0.8172 -0.0228 -0.4578 -0.3884 0.7994
1311868180.3000 1.8569 -0.6007 0.8209 -0.0241 -0.4590 -0.3884 0.7987
1311868180.3319 1.8644 -0.6037 0.8213 -0.0262 -0.4603 -0.3901 0.7970
1311868180.3681 1.8711 -0.6014 0.8221 -0.0267 -0.4613 -0.3912 0.7959
1311868180.4001 1.8751 -0.6084 0.8257 -0.0301 -0.4631 -0.3930 0.7938
1311868180.4320 1.8847 -0.6021 0.8247 -0.0302 -0.4639 -0.3935 0.7931
1311868180.4681 1.8897 -0.6087 0.8276 -0.0340 -0.4655 -0.3956 0.7910
1311868180.5001 1.8928 -0.6096 0.8325 -0.0369 -0.4668 -0.3964 0.7897
1311868180.5319 1.8980 -0.6080 0.8344 -0.0383 -0.4674 -0.3976 0.7887
1311868180.5680 1.9004 -0.6127 0.8382 -0.0401 -0.4683 -0.3994 0.7871
1311868180.6000 1.9052 -0.6140 0.8388 -0.0402 -0.4681 -0.4003 0.7868
1311868180.6321 1.9111 -0.6150 0.8375 -0.0407 -0.4675 -0.4008 0.7869
1311868180.6682 1.9120 -0.6134 0.8379 -0.0416 -0.4665 -0.4004 0.7876
1311868180.7002 1.9160 -0.6140 0.8391 -0.0427 -0.4664 -0.3999 0.7879
1311868180.7321 1.9197 -0.6189 0.8426 -0.0436 -0.4666 -0.4005 0.7873
1311868180.7682 1.9223 -0.6216 0.8451 -0.0433 -0.4664 -0.4001 0.7877
1311868180.8002 1.9259 -0.6232 0.8457 -0.0424 -0.4659 -0.3995 0.7884
1311868180.8320 1.9290 -0.6275 0.8478 -0.0413 -0.4653 -0.3993 0.7889
1311868180.8680 1.9330 -0.6326 0.8480 -0.0400 -0.4644 -0.3993 0.7895
1311868180.9000 1.9358 -0.6346 0.8513 -0.0392 -0.4634 -0.3986 0.7905
1311868180.9321 1.9359 -0.6336 0.8549 -0.0381 -0.4619 -0.3968 0.7923
1311868180.9680 1.9372 -0.6373 0.8567 -0.0380 -0.4610 -0.3947 0.7939
1311868181.0000 1.9394 -0.6396 0.8575 -0.0371 -0.4605 -0.3938 0.7946
1311868181.0322 1.9415 -0.6473 0.8606 -0.0371 -0.4600 -0.3939 0.7949
1311868181.0682 1.9417 -0.6461 0.8647 -0.0352 -0.4584 -0.3924 0.7967
1311868181.1001 1.9431 -0.6488 0.8648 -0.0348 -0.4564 -0.3908 0.7986
1311868181.1320 1.9429 -0.6475 0.8672 -0.0335 -0.4547 -0.3906 0.7997
1311868181.1680 1.9433 -0.6506 0.8676 -0.0333 -0.4537 -0.3901 0.8005
1311868181.2000 1.9429 -0.6461 0.8714 -0.0320 -0.4527 -0.3905 0.8010
1311868181.2321 1.9421 -0.6512 0.8730 -0.0329 -0.4522 -0.3910 0.8010
1311868181.2680 1.9422 -0.6535 0.8747 -0.0335 -0.4512 -0.3918 0.8011
1311868181.3001 1.9397 -0.6574 0.8769 -0.0345 -0.4502 -0.3925 0.8013
1311868181.3321 1.9373 -0.6616 0.8836 -0.0349 -0.4499 -0.3937 0.8009
1311868181.3680 1.9342 -0.6597 0.8861 -0.0330 -0.4481 -0.3957 0.8009
1311868181.4001 1.9310 -0.6596 0.8883 -0.0323 -0.4466 -0.3961 0.8016
1311868181.4324 1.9286 -0.6600 0.8903 -0.0320 -0.4453 -0.3956 0.8026
1311868181.4680 1.9269 -0.6600 0.8917 -0.0325 -0.4448 -0.3950 0.8031
1311868181.5003 1.9232 -0.6625 0.8950 -0.0341 -0.4447 -0.3949 0.8032
1311868181.5322 1.9171 -0.6688 0.9014 -0.0364 -0.4446 -0.3960 0.8026
1311868181.5682 1.9105 -0.6701 0.9072 -0.0358 -0.4437 -0.3968 0.8027
1311868181.6001 1.9053 -0.6712 0.9108 -0.0345 -0.4429 -0.3979 0.8027
1311868181.6324 1.9002 -0.6708 0.9139 -0.0334 -0.4418 -0.3975 0.8035
1311868181.6680 1.8937 -0.6719 0.9171 -0.0336 -0.4411 -0.3967 0.8043
1311868181.7000 1.8849 -0.6711 0.9219 -0.0344 -0.4408 -0.3947 0.8054
1311868181.7326 1.8770 -0.6761 0.9255 -0.0356 -0.4411 -0.3935 0.8058
1311868181.7681 1.8689 -0.6785 0.9322 -0.0360 -0.4420 -0.3933 0.8054
1311868181.8001 1.8588 -0.6863 0.9383 -0.0359 -0.4420 -0.3935 0.8053
1311868181.8322 1.8509 -0.6877 0.9428 -0.0336 -0.4415 -0.3930 0.8059
1311868181.8681 1.8447 -0.6940 0.9466 -0.0325 -0.4414 -0.3938 0.8056
1311868181.9002 1.8361 -0.6945 0.9500 -0.0312 -0.4399 -0.3939 0.8064
1311868181.9321 1.8253 -0.6963 0.9561 -0.0305 -0.4389 -0.3935 0.8072
1311868181.9682 1.8136 -0.7024 0.9609 -0.0305 -0.4382 -0.3941 0.8073
1311868182.0002 1.8008 -0.7040 0.9658 -0.0288 -0.4380 -0.3935 0.8078
1311868182.0322 1.7902 -0.7072 0.9687 -0.0273 -0.4386 -0.3932 0.8076
1311868182.0682 1.7814 -0.7079 0.9722 -0.0256 -0.4395 -0.3924 0.8076
1311868182.1002 1.7706 -0.7138 0.9774 -0.0261 -0.4404 -0.3914 0.8076
1311868182.1362 1.7607 -0.7196 0.9834 -0.0269 -0.4408 -0.3900 0.8080
1311868182.1681 1.7528 -0.7187 0.9868 -0.0258 -0.4399 -0.3881 0.8094
1311868182.2003 1.7445 -0.7216 0.9928 -0.0260 -0.4398 -0.3872 0.8099
1311868182.2362 1.7323 -0.7265 0.9995 -0.0262 -0.4397 -0.3867 0.8102
1311868182.2681 1.7270 -0.7270 1.0031 -0.0246 -0.4395 -0.3860 0.8107
1311868182.3002 1.7213 -0.7301 1.0082 -0.0246 -0.4390 -0.3857 0.8111
1311868182.3362 1.7133 -0.7299 1.0137 -0.0248 -0.4376 -0.3842 0.8126
1311868182.3682 1.7057 -0.7329 1.0194 -0.0262 -0.4367 -0.3829 0.8136
1311868182.4003 1.6967 -0.7358 1.0264 -0.0267 -0.4364 -0.3828 0.8138
1311868182.4361 1.6866 -0.7389 1.0329 -0.0262 -0.4367 -0.3835 0.8133
1311868182.4681 1.6780 -0.7389 1.0392 -0.0238 -0.4372 -0.3823 0.8137
1311868182.5009 1.6668 -0.7444 1.0445 -0.0220 -0.4379 -0.3810 0.8140
1311868182.5361 1.6603 -0.7467 1.0486 -0.0184 -0.4402 -0.3792 0.8136
1311868182.5680 1.6511 -0.7500 1.0542 -0.0156 -0.4429 -0.3784 0.8127
1311868182.6003 1.6395 -0.7572 1.0597 -0.0130 -0.4460 -0.3769 0.8117
1311868182.6363 1.6307 -0.7610 1.0644 -0.0092 -0.4497 -0.3751 0.8106
1311868182.6680 1.6218 -0.7682 1.0703 -0.0053 -0.4541 -0.3749 0.8082
1311868182.7003 1.6114 -0.7718 1.0763 -0.0008 -0.4581 -0.3738 0.8065
1311868182.7362 1.6027 -0.7778 1.0821 0.0031 -0.4628 -0.3734 0.8040
1311868182.7683 1.5953 -0.7797 1.0887 0.0072 -0.4682 -0.3739 0.8006
1311868182.8002 1.5870 -0.7857 1.0962 0.0092 -0.4733 -0.3755 0.7968
1311868182.8362 1.5767 -0.7926 1.1035 0.0110 -0.4780 -0.3766 0.7935
1311868182.8682 1.5690 -0.7966 1.1099 0.0128 -0.4826 -0.3779 0.7900
1311868182.9002 1.5579 -0.8039 1.1191 0.0139 -0.4880 -0.3813 0.7850
1311868182.9363 1.5478 -0.8121 1.1266 0.0161 -0.4932 -0.3847 0.7801
1311868182.9681 1.5381 -0.8208 1.1352 0.0189 -0.4983 -0.3884 0.7749
1311868183.0003 1.5288 -0.8314 1.1430 0.0216 -0.5021 -0.3916 0.7708
1311868183.0363 1.5171 -0.8394 1.1499 0.0242 -0.5050 -0.3935 0.7678
1311868183.0683 1.5071 -0.8474 1.1565 0.0265 -0.5084 -0.3943 0.7651
1311868183.1006 1.4970 -0.8557 1.1621 0.0293 -0.5125 -0.3969 0.7609
1311868183.1362 1.4874 -0.8650 1.1683 0.0327 -0.5168 -0.4016 0.7553
1311868183.1682 1.4756 -0.8748 1.1746 0.0368 -0.5208 -0.4062 0.7499
1311868183.2003 1.4677 -0.8833 1.1800 0.0406 -0.5244 -0.4100 0.7452
1311868183.2363 1.4583 -0.8890 1.1864 0.0434 -0.5271 -0.4145 0.7406
1311868183.2684 1.4486 -0.8951 1.1913 0.0450 -0.5290 -0.4184 0.7369
1311868183.3004 1.4372 -0.9009 1.1946 0.0464 -0.5317 -0.4213 0.7333
1311868183.3363 1.4302 -0.9045 1.1980 0.0489 -0.5357 -0.4245 0.7283
1311868183.3685 1.4203 -0.9095 1.2018 0.0512 -0.5396 -0.4288 0.7227
1311868183.4002 1.4110 -0.9159 1.2055 0.0531 -0.5432 -0.4312 0.7184
1311868183.4362 1.4049 -0.9163 1.2099 0.0527 -0.5468 -0.4304 0.7163
1311868183.4682 1.3981 -0.9180 1.2119 0.0488 -0.5502 -0.4298 0.7143
1311868183.5003 1.3901 -0.9196 1.2128 0.0433 -0.5553 -0.4287 0.7113
1311868183.5363 1.3847 -0.9204 1.2162 0.0361 -0.5616 -0.4276 0.7074
1311868183.5684 1.3734 -0.9262 1.2216 0.0278 -0.5668 -0.4276 0.7037
1311868183.6002 1.3629 -0.9316 1.2260 0.0224 -0.5714 -0.4260 0.7011
1311868183.6362 1.3559 -0.9367 1.2328 0.0183 -0.5748 -0.4245 0.6993
1311868183.6686 1.3444 -0.9431 1.2386 0.0143 -0.5758 -0.4228 0.6996
1311868183.7002 1.3339 -0.9474 1.2457 0.0125 -0.5765 -0.4204 0.7006
1311868183.7364 1.3244 -0.9507 1.2520 0.0126 -0.5759 -0.4206 0.7010
1311868183.7682 1.3147 -0.9554 1.2554 0.0135 -0.5748 -0.4212 0.7014
1311868183.8004 1.3085 -0.9541 1.2577 0.0147 -0.5739 -0.4223 0.7015
1311868183.8362 1.3002 -0.9550 1.2586 0.0141 -0.5734 -0.4235 0.7012
1311868183.8685 1.2932 -0.9555 1.2610 0.0131 -0.5738 -0.4238 0.7007
1311868183.9002 1.2849 -0.9574 1.2639 0.0124 -0.5737 -0.4247 0.7003
1311868183.9363 1.2733 -0.9608 1.2683 0.0121 -0.5735 -0.4256 0.6999
1311868183.9685 1.2583 -0.9716 1.2733 0.0136 -0.5736 -0.4269 0.6990
1311868184.0004 1.2478 -0.9774 1.2761 0.0199 -0.5729 -0.4269 0.6994
1311868184.0363 1.2356 -0.9846 1.2784 0.0247 -0.5719 -0.4248 0.7013
1311868184.0703 1.2267 -0.9891 1.2787 0.0279 -0.5713 -0.4210 0.7040
1311868184.1007 1.2188 -0.9903 1.2793 0.0298 -0.5717 -0.4175 0.7057
1311868184.1368 1.2105 -0.9938 1.2810 0.0307 -0.5729 -0.4151 0.7061
1311868184.1690 1.2020 -0.9979 1.2838 0.0320 -0.5746 -0.4125 0.7062
1311868184.2005 1.1968 -1.0000 1.2880 0.0342 -0.5759 -0.4098 0.7065
1311868184.2364 1.1882 -1.0073 1.2946 0.0339 -0.5760 -0.4084 0.7073
1311868184.2685 1.1801 -1.0125 1.2990 0.0344 -0.5748 -0.4072 0.7090
1311868184.3006 1.1750 -1.0126 1.3022 0.0358 -0.5733 -0.4075 0.7099
1311868184.3363 1.1681 -1.0126 1.3044 0.0369 -0.5725 -0.4090 0.7096
1311868184.3682 1.1614 -1.0139 1.3061 0.0374 -0.5729 -0.4104 0.7085
1311868184.4003 1.1542 -1.0167 1.3100 0.0367 -0.5743 -0.4109 0.7071
1311868184.4363 1.1442 -1.0232 1.3142 0.0354 -0.5761 -0.4106 0.7059
1311868184.4684 1.1349 -1.0291 1.3178 0.0360 -0.5777 -0.4097 0.7051
1311868184.5004 1.1284 -1.0317 1.3206 0.0386 -0.5797 -0.4078 0.7043
1311868184.5363 1.1239 -1.0326 1.3246 0.0410 -0.5820 -0.4058 0.7035
1311868184.5684 1.1172 -1.0356 1.3283 0.0409 -0.5843 -0.4051 0.7020
1311868184.6004 1.1088 -1.0385 1.3322 0.0394 -0.5875 -0.4052 0.6994
1311868184.6363 1.1012 -1.0427 1.3357 0.0378 -0.5916 -0.4059 0.6956
1311868184.6684 1.0911 -1.0502 1.3405 0.0364 -0.5965 -0.4074 0.6906
1311868184.7007 1.0827 -1.0561 1.3459 0.0377 -0.6018 -0.4087 0.6851
1311868184.7365 1.0751 -1.0645 1.3518 0.0398 -0.6065 -0.4113 0.6793
1311868184.7685 1.0655 -1.0737 1.3561 0.0424 -0.6101 -0.4127 0.6750
1311868184.8004 1.0577 -1.0819 1.3592 0.0462 -0.6139 -0.4133 0.6710
1311868184.8363 1.0509 -1.0900 1.3627 0.0497 -0.6179 -0.4136 0.6668
1311868184.8687 1.0444 -1.0970 1.3674 0.0517 -0.6218 -0.4134 0.6632
1311868184.9004 1.0387 -1.1045 1.3715 0.0534 -0.6252 -0.4143 0.6592
1311868184.9363 1.0315 -1.1148 1.3756 0.0538 -0.6280 -0.4162 0.6553
1311868184.9684 1.0238 -1.1235 1.3795 0.0554 -0.6304 -0.4179 0.6519
1311868185.0004 1.0200 -1.1298 1.3830 0.0582 -0.6324 -0.4202 0.6482
1311868185.0364 1.0132 -1.1351 1.3861 0.0603 -0.6336 -0.4227 0.6452
1311868185.0684 1.0079 -1.1402 1.3884 0.0637 -0.6353 -0.4249 0.6417
1311868185.1009 1.0040 -1.1416 1.3927 0.0657 -0.6370 -0.4272 0.6383
1311868185.1365 0.9974 -1.1444 1.3966 -0.0646 0.6385 0.4280 -0.6363
1311868185.1686 0.9887 -1.1484 1.3997 -0.0627 0.6407 0.4270 -0.6350
1311868185.2008 0.9824 -1.1536 1.4030 -0.0616 0.6432 0.4271 -0.6325
1311868185.2364 0.9728 -1.1622 1.4072 -0.0610 0.6455 0.4278 -0.6298
1311868185.2685 0.9661 -1.1661 1.4094 -0.0627 0.6472 0.4261 -0.6289
1311868185.3005 0.9577 -1.1703 1.4113 -0.0654 0.6493 0.4235 -0.6283
1311868185.3379 0.9550 -1.1717 1.4140 -0.0687 0.6513 0.4211 -0.6275
1311868185.3685 0.9487 -1.1745 1.4193 -0.0704 0.6526 0.4190 -0.6273
1311868185.4012 0.9403 -1.1788 1.4258 -0.0698 0.6534 0.4160 -0.6287
1311868185.4364 0.9327 -1.1815 1.4306 -0.0698 0.6529 0.4128 -0.6312
1311868185.4686 0.9237 -1.1843 1.4356 -0.0716 0.6516 0.4117 -0.6331
1311868185.5004 0.9165 -1.1858 1.4379 -0.0766 0.6503 0.4104 -0.6347
1311868185.5364 0.9130 -1.1862 1.4422 -0.0822 0.6490 0.4089 -0.6363
1311868185.5685 0.9084 -1.1869 1.4417 -0.0863 0.6477 0.4071 -0.6383
1311868185.6004 0.9035 -1.1874 1.4420 -0.0906 0.6484 0.4053 -0.6381
1311868185.6364 0.8986 -1.1897 1.4472 -0.0946 0.6498 0.4041 -0.6368
1311868185.6686 0.8974 -1.1953 1.4481 -0.0975 0.6504 0.4023 -0.6369
1311868185.7020 0.8958 -1.1976 1.4489 -0.0998 0.6505 0.3982 -0.6390
1311868185.7367 0.8927 -1.1999 1.4507 -0.1009 0.6510 0.3943 -0.6408
1311868185.7686 0.8895 -1.2022 1.4515 -0.1020 0.6517 0.3906 -0.6421
1311868185.8004 0.8869 -1.2026 1.4558 -0.1015 0.6532 0.3866 -0.6431
1311868185.8368 0.8844 -1.2015 1.4575 -0.0996 0.6544 0.3846 -0.6434
1311868185.8684 0.8811 -1.2003 1.4610 -0.0972 0.6562 0.3838 -0.6424
1311868185.9004 0.8735 -1.2013 1.4675 -0.0938 0.6582 0.3852 -0.6401
1311868185.9365 0.8661 -1.2036 1.4726 -0.0922 0.6596 0.3871 -0.6376
1311868185.9684 0.8612 -1.2036 1.4772 -0.0918 0.6609 0.3884 -0.6355
1311868186.0004 0.8558 -1.2041 1.4824 -0.0916 0.6626 0.3899 -0.6329
1311868186.0365 0.8503 -1.2043 1.4882 -0.0916 0.6644 0.3917 -0.6299
1311868186.0687 0.8474 -1.2054 1.4936 -0.0917 0.6661 0.3946 -0.6263
1311868186.1032 0.8428 -1.2075 1.4994 -0.0918 0.6679 0.3976 -0.6224
1311868186.1366 0.8405 -1.2093 1.5047 -0.0915 0.6700 0.4001 -0.6186
1311868186.1685 0.8384 -1.2097 1.5103 -0.0898 0.6726 0.4017 -0.6150
1311868186.2004 0.8363 -1.2093 1.5148 -0.0870 0.6753 0.4045 -0.6105
1311868186.2377 0.8313 -1.2118 1.5199 -0.0842 0.6785 0.4094 -0.6041
1311868186.2687 0.8293 -1.2147 1.5243 -0.0825 0.6822 0.4139 -0.5970
1311868186.3004 0.8277 -1.2177 1.5296 -0.0806 0.6860 0.4173 -0.5906
1311868186.3364 0.8274 -1.2178 1.5350 -0.0795 0.6899 0.4207 -0.5838
1311868186.3684 0.8260 -1.2188 1.5412 -0.0774 0.6935 0.4250 -0.5766
1311868186.4005 0.8244 -1.2225 1.5470 -0.0752 0.6965 0.4293 -0.5700
1311868186.4365 0.8236 -1.2245 1.5534 -0.0731 0.6985 0.4326 -0.5653
1311868186.4685 0.8244 -1.2278 1.5588 -0.0706 0.6997 0.4349 -0.5623
1311868186.5005 0.8255 -1.2282 1.5628 -0.0673 0.7009 0.4366 -0.5600
1311868186.5371 0.8277 -1.2277 1.5664 -0.0634 0.7026 0.4380 -0.5573
1311868186.5685 0.8289 -1.2285 1.5698 -0.0583 0.7041 0.4397 -0.5544
1311868186.6006 0.8296 -1.2310 1.5729 -0.0550 0.7056 0.4416 -0.5514
1311868186.6365 0.8330 -1.2341 1.5780 -0.0546 0.7069 0.4432 -0.5485
1311868186.6686 0.8342 -1.2359 1.5812 -0.0548 0.7071 0.4438 -0.5477
1311868186.7025 0.8374 -1.2367 1.5829 -0.0556 0.7071 0.4442 -0.5473
1311868186.7367 0.8443 -1.2364 1.5847 -0.0567 0.7073 0.4452 -0.5462
1311868186.7685 0.8535 -1.2363 1.5862 -0.0570 0.7077 0.4468 -0.5443
1311868186.8005 0.8622 -1.2340 1.5886 -0.0556 0.7087 0.4477 -0.5425
1311868186.8367 0.8681 -1.2337 1.5912 -0.0526 0.7094 0.4494 -0.5404
1311868186.8693 0.8724 -1.2370 1.5928 -0.0486 0.7097 0.4516 -0.5385
1311868186.9005 0.8790 -1.2375 1.5940 -0.0471 0.7098 0.4520 -0.5382
1311868186.9364 0.8849 -1.2379 1.5962 -0.0473 0.7096 0.4526 -0.5379
1311868186.9686 0.8892 -1.2397 1.5985 -0.0476 0.7092 0.4527 -0.5384
1311868187.0005 0.8937 -1.2408 1.5994 -0.0480 0.7085 0.4524 -0.5394
1311868187.0367 0.8993 -1.2419 1.6002 -0.0480 0.7079 0.4519 -0.5407
1311868187.0685 0.9084 -1.2402 1.6025 -0.0469 0.7071 0.4509 -0.5427
1311868187.1017 0.9151 -1.2416 1.6042 -0.0443 0.7058 0.4511 -0.5443
1311868187.1366 0.9222 -1.2422 1.6058 -0.0428 0.7045 0.4512 -0.5462
1311868187.1690 0.9318 -1.2419 1.6072 -0.0430 0.7032 0.4512 -0.5477
1311868187.2013 0.9429 -1.2416 1.6100 -0.0436 0.7015 0.4526 -0.5487
1311868187.2364 0.9525 -1.2421 1.6122 -0.0423 0.6987 0.4553 -0.5502
1311868187.2688 0.9625 -1.2402 1.6135 -0.0406 0.6957 0.4584 -0.5516
1311868187.3005 0.9724 -1.2381 1.6133 -0.0388 0.6931 0.4627 -0.5513
1311868187.3366 0.9797 -1.2400 1.6152 -0.0369 0.6914 0.4673 -0.5498
1311868187.3684 0.9819 -1.2453 1.6187 -0.0346 0.6896 0.4701 -0.5497
1311868187.4005 0.9885 -1.2494 1.6236 -0.0351 0.6870 0.4713 -0.5519
1311868187.4367 0.9944 -1.2533 1.6274 -0.0366 0.6838 0.4718 -0.5554
1311868187.4686 1.0039 -1.2550 1.6302 -0.0385 0.6809 0.4712 -0.5593
1311868187.5005 1.0117 -1.2556 1.6322 -0.0387 0.6784 0.4714 -0.5623
1311868187.5376 1.0202 -1.2571 1.6343 -0.0389 0.6769 0.4718 -0.5637
1311868187.5685 1.0271 -1.2596 1.6383 -0.0391 0.6762 0.4725 -0.5639
1311868187.6005 1.0317 -1.2634 1.6430 -0.0395 0.6754 0.4728 -0.5646
1311868187.6365 1.0355 -1.2650 1.6469 -0.0394 0.6745 0.4723 -0.5661
1311868187.6687 1.0388 -1.2666 1.6508 -0.0387 0.6741 0.4716 -0.5671
1311868187.7006 1.0423 -1.2667 1.6545 -0.0382 0.6742 0.4714 -0.5673
1311868187.7365 1.0484 -1.2672 1.6593 -0.0364 0.6747 0.4712 -0.5669
1311868187.7687 1.0497 -1.2690 1.6643 -0.0347 0.6750 0.4711 -0.5668
1311868187.8005 1.0520 -1.2710 1.6687 -0.0344 0.6755 0.4711 -0.5662
1311868187.8375 1.0529 -1.2736 1.6731 -0.0348 0.6761 0.4720 -0.5647
1311868187.8686 1.0546 -1.2770 1.6791 -0.0362 0.6775 0.4733 -0.5618
1311868187.9005 1.0572 -1.2820 1.6864 -0.0373 0.6792 0.4747 -0.5585
1311868187.9366 1.0584 -1.2862 1.6933 -0.0378 0.6805 0.4759 -0.5559
1311868187.9685 1.0584 -1.2897 1.7000 -0.0380 0.6825 0.4767 -0.5528
1311868188.0007 1.0624 -1.2947 1.7083 -0.0383 0.6851 0.4782 -0.5482
1311868188.0367 1.0659 -1.3002 1.7181 -0.0376 0.6873 0.4798 -0.5441
1311868188.0685 1.0698 -1.3039 1.7270 -0.0364 0.6889 0.4811 -0.5410
1311868188.1004 1.0735 -1.3071 1.7373 -0.0340 0.6910 0.4820 -0.5377
1311868188.1367 1.0738 -1.3107 1.7481 -0.0301 0.6927 0.4837 -0.5341
1311868188.1698 1.0748 -1.3147 1.7584 -0.0260 0.6942 0.4859 -0.5304
1311868188.2006 1.0756 -1.3204 1.7707 -0.0223 0.6953 0.4891 -0.5262
1311868188.2365 1.0743 -1.3258 1.7833 -0.0205 0.6955 0.4928 -0.5224
1311868188.2686 1.0757 -1.3286 1.7970 -0.0212 0.6951 0.4977 -0.5183
1311868188.3009 1.0781 -1.3308 1.8092 -0.0226 0.6936 0.5036 -0.5145
1311868188.3368 1.0810 -1.3314 1.8208 -0.0235 0.6914 0.5097 -0.5115
1311868188.3685 1.0828 -1.3317 1.8304 -0.0236 0.6886 0.5153 -0.5096
1311868188.4005 1.0846 -1.3321 1.8373 -0.0228 0.6862 0.5194 -0.5087
1311868188.4371 1.0879 -1.3314 1.8423 -0.0211 0.6845 0.5222 -0.5083
1311868188.4686 1.0900 -1.3320 1.8449 -0.0172 0.6835 0.5245 -0.5074
1311868188.5025 1.0930 -1.3328 1.8475 -0.0122 0.6845 0.5255 -0.5051
1311868188.5375 1.0981 -1.3343 1.8514 -0.0074 0.6867 0.5255 -0.5022
1311868188.5687 1.1042 -1.3381 1.8554 -0.0032 0.6886 0.5259 -0.4992
1311868188.6014 1.1094 -1.3405 1.8603 0.0005 0.6899 0.5255 -0.4979
1311868188.6375 1.1158 -1.3426 1.8649 0.0027 0.6900 0.5256 -0.4976
1311868188.6687 1.1232 -1.3444 1.8684 0.0046 0.6894 0.5266 -0.4973
1311868188.7035 1.1299 -1.3467 1.8711 0.0067 0.6885 0.5283 -0.4967
1311868188.7366 1.1385 -1.3497 1.8738 0.0091 0.6875 0.5301 -0.4963
1311868188.7687 1.1457 -1.3526 1.8761 0.0120 0.6859 0.5320 -0.4964
1311868188.8007 1.1552 -1.3546 1.8791 0.0134 0.6843 0.5340 -0.4963
1311868188.8365 1.1636 -1.3564 1.8810 0.0148 0.6823 0.5364 -0.4965
1311868188.8685 1.1739 -1.3586 1.8820 0.0171 0.6803 0.5379 -0.4976
1311868188.9007 1.1876 -1.3592 1.8822 0.0201 0.6793 0.5385 -0.4982
1311868188.9365 1.1996 -1.3604 1.8843 0.0257 0.6787 0.5395 -0.4977
1311868188.9687 1.2115 -1.3619 1.8861 0.0342 0.6776 0.5400 -0.4981
1311868189.0006 1.2208 -1.3636 1.8879 0.0427 0.6766 0.5407 -0.4980
1311868189.0369 1.2326 -1.3657 1.8907 0.0486 0.6753 0.5420 -0.4978
1311868189.0686 1.2405 -1.3697 1.8938 0.0523 0.6730 0.5441 -0.4983
1311868189.1006 1.2471 -1.3729 1.8970 0.0510 0.6708 0.5459 -0.4993
1311868189.1366 1.2579 -1.3762 1.8973 0.0462 0.6686 0.5473 -0.5013
1311868189.1686 1.2721 -1.3783 1.8985 0.0422 0.6660 0.5493 -0.5029
1311868189.2012 1.2813 -1.3828 1.8995 0.0426 0.6631 0.5514 -0.5044
1311868189.2383 1.2964 -1.3825 1.9006 0.0429 0.6598 0.5532 -0.5067
1311868189.2687 1.3064 -1.3830 1.9016 0.0451 0.6563 0.5559 -0.5081
1311868189.3023 1.3139 -1.3859 1.9015 0.0464 0.6538 0.5586 -0.5083
1311868189.3379 1.3230 -1.3900 1.9029 0.0460 0.6522 0.5610 -0.5077
1311868189.3684 1.3307 -1.3949 1.9049 0.0466 0.6501 0.5632 -0.5079
1311868189.4005 1.3366 -1.3992 1.9083 0.0472 0.6482 0.5650 -0.5083
1311868189.4367 1.3472 -1.4000 1.9097 0.0464 0.6457 0.5662 -0.5103
1311868189.4688 1.3555 -1.4032 1.9093 0.0478 0.6430 0.5672 -0.5124
1311868189.5006 1.3610 -1.4070 1.9118 0.0497 0.6414 0.5684 -0.5129
1311868189.5366 1.3665 -1.4092 1.9151 0.0499 0.6405 0.5706 -0.5115
1311868189.5687 1.3727 -1.4134 1.9150 0.0493 0.6394 0.5728 -0.5105
1311868189.6019 1.3813 -1.4139 1.9161 0.0488 0.6387 0.5730 -0.5113
1311868189.6367 1.3824 -1.4208 1.9206 0.0518 0.6387 0.5737 -0.5102
1311868189.6687 1.3910 -1.4229 1.9235 0.0541 0.6382 0.5738 -0.5104
1311868189.7044 1.3984 -1.4247 1.9271 0.0551 0.6379 0.5743 -0.5102
1311868189.7366 1.3996 -1.4312 1.9330 0.0576 0.6372 0.5744 -0.5106
1311868189.7689 1.4038 -1.4356 1.9395 0.0576 0.6359 0.5746 -0.5120
1311868189.8029 1.4061 -1.4426 1.9448 0.0574 0.6338 0.5752 -0.5139
1311868189.8366 1.4105 -1.4459 1.9502 0.0557 0.6321 0.5747 -0.5168
1311868189.8687 1.4139 -1.4515 1.9568 0.0553 0.6308 0.5742 -0.5190
1311868189.9020 1.4185 -1.4552 1.9615 0.0550 0.6295 0.5736 -0.5213
1311868189.9367 1.4201 -1.4634 1.9691 0.0563 0.6290 0.5740 -0.5212
1311868189.9686 1.4238 -1.4695 1.9745 0.0564 0.6281 0.5744 -0.5219
1311868190.0020 1.4258 -1.4746 1.9826 0.0557 0.6275 0.5743 -0.5228
1311868190.0367 1.4263 -1.4823 1.9897 0.0548 0.6270 0.5742 -0.5236
1311868190.0686 1.4291 -1.4885 1.9961 0.0535 0.6266 0.5738 -0.5246
1311868190.1041 1.4349 -1.4965 1.9996 0.0533 0.6261 0.5736 -0.5256
1311868190.1367 1.4374 -1.5038 2.0060 0.0547 0.6264 0.5732 -0.5254
1311868190.1688 1.4387 -1.5098 2.0145 0.0559 0.6272 0.5725 -0.5250
1311868190.2024 1.4383 -1.5184 2.0219 0.0564 0.6277 0.5725 -0.5245
1311868190.2368 1.4381 -1.5262 2.0290 0.0556 0.6277 0.5726 -0.5244
1311868190.2686 1.4426 -1.5339 2.0343 0.0540 0.6270 0.5721 -0.5260
1311868190.3025 1.4460 -1.5380 2.0388 0.0525 0.6256 0.5715 -0.5284
1311868190.3367 1.4499 -1.5451 2.0443 0.0516 0.6251 0.5711 -0.5296
1311868190.3692 1.4523 -1.5504 2.0514 0.0511 0.6254 0.5705 -0.5299
1311868190.4020 1.4548 -1.5545 2.0562 0.0513 0.6255 0.5697 -0.5306
1311868190.4366 1.4579 -1.5621 2.0629 0.0522 0.6262 0.5689 -0.5306
1311868190.4689 1.4595 -1.5674 2.0678 0.0523 0.6261 0.5685 -0.5312
1311868190.5031 1.4601 -1.5725 2.0751 0.0517 0.6262 0.5676 -0.5320
1311868190.5366 1.4611 -1.5785 2.0808 0.0508 0.6253 0.5673 -0.5335
1311868190.5686 1.4663 -1.5824 2.0847 0.0496 0.6234 0.5673 -0.5358
1311868190.6044 1.4659 -1.5870 2.0888 0.0486 0.6222 0.5678 -0.5368
1311868190.6366 1.4670 -1.5905 2.0901 0.0473 0.6215 0.5673 -0.5382
1311868190.6687 1.4683 -1.5946 2.0940 0.0468 0.6220 0.5672 -0.5377
1311868190.7089 1.4663 -1.5995 2.0980 0.0468 0.6229 0.5672 -0.5367
1311868190.7367 1.4675 -1.6026 2.1016 0.0464 0.6240 0.5662 -0.5365
1311868190.7714 1.4737 -1.6036 2.1012 0.0459 0.6248 0.5639 -0.5381
1311868190.8024 1.4754 -1.6074 2.1030 0.0469 0.6258 0.5630 -0.5378
1311868190.8366 1.4770 -1.6109 2.1064 0.0479 0.6268 0.5621 -0.5374
1311868190.8704 1.4772 -1.6132 2.1115 0.0490 0.6277 0.5616 -0.5368
1311868190.9023 1.4778 -1.6152 2.1173 0.0494 0.6282 0.5616 -0.5362
1311868190.9366 1.4814 -1.6174 2.1200 0.0494 0.6276 0.5620 -0.5366
1311868190.9703 1.4822 -1.6191 2.1214 0.0500 0.6259 0.5632 -0.5372
1311868191.0043 1.4831 -1.6206 2.1267 0.0516 0.6250 0.5636 -0.5376
1311868191.0366 1.4831 -1.6203 2.1290 0.0534 0.6237 0.5646 -0.5380
1311868191.0750 1.4820 -1.6241 2.1317 0.0543 0.6228 0.5659 -0.5376
1311868191.1029 1.4784 -1.6239 2.1354 0.0545 0.6222 0.5664 -0.5376
1311868191.1367 1.4789 -1.6245 2.1374 0.0543 0.6221 0.5666 -0.5376
1311868191.1704 1.4797 -1.6255 2.1397 0.0544 0.6221 0.5670 -0.5372
1311868191.2047 1.4771 -1.6293 2.1405 0.0541 0.6222 0.5677 -0.5364
1311868191.2369 1.4778 -1.6305 2.1402 0.0534 0.6223 0.5670 -0.5370
1311868191.2705 1.4778 -1.6312 2.1409 0.0533 0.6226 0.5663 -0.5374
1311868191.3051 1.4789 -1.6318 2.1419 0.0523 0.6235 0.5662 -0.5366
1311868191.3368 1.4805 -1.6362 2.1416 0.0502 0.6238 0.5662 -0.5364
1311868191.3702 1.4778 -1.6384 2.1435 0.0501 0.6241 0.5652 -0.5371
1311868191.4080 1.4759 -1.6392 2.1454 0.0503 0.6244 0.5645 -0.5375
1311868191.4367 1.4782 -1.6396 2.1448 0.0490 0.6245 0.5644 -0.5377
1311868191.4700 1.4809 -1.6444 2.1431 0.0468 0.6243 0.5650 -0.5375
1311868191.5056 1.4792 -1.6481 2.1444 0.0464 0.6243 0.5650 -0.5375
1311868191.5368 1.4766 -1.6511 2.1478 0.0464 0.6249 0.5648 -0.5370
1311868191.5702 1.4759 -1.6534 2.1500 0.0456 0.6248 0.5652 -0.5368
1311868191.6047 1.4726 -1.6546 2.1535 0.0444 0.6246 0.5660 -0.5362
1311868191.6369 1.4718 -1.6571 2.1519 0.0425 0.6237 0.5665 -0.5369
1311868191.6708 1.4731 -1.6600 2.1525 0.0407 0.6237 0.5660 -0.5376
1311868191.7051 1.4732 -1.6606 2.1524 0.0414 0.6227 0.5657 -0.5390
1311868191.7368 1.4697 -1.6601 2.1539 0.0432 0.6223 0.5648 -0.5402
1311868191.7716 1.4650 -1.6588 2.1557 0.0444 0.6221 0.5641 -0.5411
1311868191.8048 1.4651 -1.6608 2.1533 0.0438 0.6213 0.5639 -0.5423
1311868191.8367 1.4629 -1.6632 2.1533 0.0437 0.6209 0.5642 -0.5424
1311868191.8722 1.4568 -1.6671 2.1554 0.0436 0.6212 0.5647 -0.5415
1311868191.9047 1.4520 -1.6686 2.1588 0.0439 0.6216 0.5647 -0.5411
1311868191.9367 1.4469 -1.6683 2.1607 0.0449 0.6211 0.5641 -0.5422
1311868191.9703 1.4429 -1.6679 2.1620 0.0455 0.6203 0.5639 -0.5434
1311868192.0052 1.4408 -1.6674 2.1610 0.0445 0.6192 0.5641 -0.5444
1311868192.0383 1.4378 -1.6669 2.1612 0.0437 0.6184 0.5645 -0.5449
1311868192.0706 1.4338 -1.6652 2.1610 0.0432 0.6177 0.5649 -0.5455
1311868192.1056 1.4295 -1.6624 2.1616 0.0426 0.6174 0.5647 -0.5459
1311868192.1394 1.4224 -1.6617 2.1623 0.0426 0.6171 0.5649 -0.5461
1311868192.1737 1.4210 -1.6600 2.1609 0.0420 0.6167 0.5649 -0.5467
1311868192.2047 1.4176 -1.6583 2.1603 0.0420 0.6160 0.5647 -0.5476
1311868192.2405 1.4103 -1.6574 2.1612 0.0425 0.6150 0.5645 -0.5489
1311868192.2717 1.4012 -1.6598 2.1608 0.0430 0.6137 0.5648 -0.5501
1311868192.3047 1.3960 -1.6558 2.1586 0.0420 0.6124 0.5638 -0.5525
1311868192.3425 1.3909 -1.6556 2.1551 0.0401 0.6123 0.5637 -0.5529
1311868192.3702 1.3830 -1.6561 2.1528 0.0380 0.6127 0.5647 -0.5516
1311868192.4047 1.3784 -1.6546 2.1504 0.0357 0.6131 0.5642 -0.5518
1311868192.4385 1.3723 -1.6545 2.1472 0.0349 0.6131 0.5633 -0.5528
1311868192.4714 1.3665 -1.6546 2.1442 0.0350 0.6130 0.5617 -0.5545
1311868192.5047 1.3581 -1.6548 2.1423 0.0343 0.6131 0.5608 -0.5554
1311868192.5409 1.3498 -1.6539 2.1397 0.0336 0.6133 0.5597 -0.5564
1311868192.5712 1.3432 -1.6523 2.1363 0.0326 0.6140 0.5588 -0.5565
1311868192.6048 1.3406 -1.6491 2.1307 0.0319 0.6146 0.5587 -0.5559
1311868192.6411 1.3312 -1.6479 2.1281 0.0326 0.6162 0.5591 -0.5537
1311868192.6703 1.3261 -1.6433 2.1263 0.0317 0.6180 0.5584 -0.5525
1311868192.7048 1.3214 -1.6414 2.1226 0.0313 0.6188 0.5583 -0.5518
1311868192.7394 1.3155 -1.6395 2.1209 0.0315 0.6197 0.5577 -0.5514
1311868192.7700 1.3079 -1.6381 2.1176 0.0323 0.6202 0.5573 -0.5512
1311868192.8048 1.3038 -1.6360 2.1131 0.0313 0.6212 0.5572 -0.5502
1311868192.8380 1.2974 -1.6354 2.1118 0.0313 0.6231 0.5564 -0.5489
1311868192.8706 1.2931 -1.6357 2.1082 0.0305 0.6240 0.5559 -0.5484
1311868192.9047 1.2880 -1.6346 2.1055 0.0294 0.6253 0.5549 -0.5480
1311868192.9405 1.2845 -1.6352 2.1037 0.0285 0.6271 0.5548 -0.5460
1311868192.9703 1.2835 -1.6332 2.0998 0.0276 0.6282 0.5538 -0.5459
1311868193.0048 1.2792 -1.6325 2.0988 0.0284 0.6297 0.5534 -0.5445
1311868193.0381 1.2736 -1.6345 2.0968 0.0287 0.6313 0.5541 -0.5419
1311868193.0703 1.2709 -1.6340 2.0959 0.0272 0.6331 0.5542 -0.5398
1311868193.1053 1.2649 -1.6362 2.0933 0.0261 0.6348 0.5550 -0.5369
1311868193.1407 1.2616 -1.6388 2.0920 0.0251 0.6367 0.5558 -0.5340
1311868193.1726 1.2581 -1.6388 2.0895 0.0247 0.6381 0.5558 -0.5323
1311868193.2051 1.2581 -1.6372 2.0863 0.0268 0.6401 0.5554 -0.5301
1311868193.2385 1.2579 -1.6361 2.0845 0.0310 0.6431 0.5561 -0.5256
1311868193.2705 1.2510 -1.6386 2.0855 0.0366 0.6453 0.5584 -0.5201
1311868193.3090 1.2431 -1.6408 2.0858 0.0400 0.6469 0.5607 -0.5152
1311868193.3408 1.2371 -1.6429 2.0856 0.0413 0.6488 0.5617 -0.5117
1311868193.3709 1.2357 -1.6443 2.0850 0.0408 0.6501 0.5638 -0.5078
1311868193.4093 1.2281 -1.6463 2.0825 0.0406 0.6508 0.5658 -0.5046
1311868193.4390 1.2277 -1.6494 2.0794 0.0382 0.6524 0.5670 -0.5015
1311868193.4732 1.2208 -1.6511 2.0808 0.0372 0.6542 0.5686 -0.4973
1311868193.5078 1.2150 -1.6543 2.0771 0.0341 0.6555 0.5704 -0.4937
1311868193.5412 1.2116 -1.6568 2.0757 0.0293 0.6581 0.5706 -0.4903
1311868193.5738 1.2082 -1.6611 2.0739 0.0246 0.6602 0.5714 -0.4869
1311868193.6060 1.2066 -1.6631 2.0729 0.0205 0.6620 0.5716 -0.4844
1311868193.6403 1.2046 -1.6653 2.0701 0.0176 0.6634 0.5719 -0.4822
1311868193.6702 1.2001 -1.6678 2.0685 0.0156 0.6654 0.5717 -0.4797
1311868193.7101 1.1982 -1.6701 2.0668 0.0137 0.6674 0.5710 -0.4778
1311868193.7383 1.1950 -1.6726 2.0655 0.0124 0.6695 0.5699 -0.4763
1311868193.7716 1.1910 -1.6741 2.0650 0.0104 0.6717 0.5686 -0.4748
1311868193.8094 1.1888 -1.6763 2.0640 0.0077 0.6732 0.5679 -0.4736
1311868193.8381 1.1835 -1.6815 2.0636 0.0057 0.6746 0.5668 -0.4728
1311868193.8732 1.1823 -1.6829 2.0620 0.0024 0.6755 0.5648 -0.4741
1311868193.9094 1.1802 -1.6842 2.0604 0.0001 0.6762 0.5626 -0.4757
1311868193.9381 1.1748 -1.6877 2.0586 0.0004 0.6777 0.5610 -0.4754
1311868193.9728 1.1806 -1.6867 2.0571 -0.0010 0.6794 0.5594 -0.4748
1311868194.0092 1.1791 -1.6901 2.0557 -0.0005 0.6804 0.5593 -0.4735
1311868194.0382 1.1796 -1.6926 2.0544 0.0001 0.6811 0.5591 -0.4728
1311868194.0714 1.1792 -1.6939 2.0535 0.0006 0.6815 0.5593 -0.4720
1311868194.1087 1.1784 -1.6956 2.0548 0.0007 0.6818 0.5595 -0.4713
1311868194.1406 1.1805 -1.6972 2.0547 0.0003 0.6803 0.5612 -0.4714
1311868194.1727 1.1751 -1.6978 2.0524 0.0019 0.6784 0.5639 -0.4711
1311868194.2095 1.1737 -1.6975 2.0480 0.0025 0.6783 0.5644 -0.4705
1311868194.2430 1.1741 -1.6985 2.0482 0.0028 0.6796 0.5647 -0.4682
1311868194.2700 1.1722 -1.6984 2.0474 0.0031 0.6798 0.5652 -0.4673
1311868194.3094 1.1659 -1.7006 2.0439 0.0033 0.6804 0.5646 -0.4671
1311868194.3392 1.1641 -1.7023 2.0440 0.0027 0.6820 0.5624 -0.4676
1311868194.3702 1.1605 -1.7047 2.0429 0.0018 0.6830 0.5605 -0.4683
1311868194.4082 1.1585 -1.7059 2.0414 0.0006 0.6839 0.5581 -0.4699
1311868194.4399 1.1563 -1.7071 2.0406 0.0002 0.6850 0.5557 -0.4711
1311868194.4689 1.1534 -1.7098 2.0397 -0.0012 0.6859 0.5545 -0.4712
1311868194.5089 1.1503 -1.7122 2.0382 -0.0034 0.6866 0.5531 -0.4718
1311868194.5384 1.1488 -1.7140 2.0376 -0.0062 0.6874 0.5509 -0.4732
1311868194.5689 1.1502 -1.7157 2.0355 -0.0087 0.6878 0.5495 -0.4742
1311868194.6095 1.1482 -1.7180 2.0334 -0.0102 0.6883 0.5484 -0.4748
1311868194.6450 1.1455 -1.7198 2.0318 -0.0112 0.6890 0.5471 -0.4752
1311868194.6690 1.1456 -1.7213 2.0301 -0.0122 0.6898 0.5458 -0.4755
1311868194.7101 1.1459 -1.7227 2.0288 -0.0119 0.6905 0.5449 -0.4755
1311868194.7410 1.1461 -1.7224 2.0272 -0.0105 0.6915 0.5434 -0.4759
1311868194.7690 1.1480 -1.7219 2.0243 -0.0086 0.6928 0.5422 -0.4753
1311868194.8069 1.1494 -1.7236 2.0239 -0.0061 0.6948 0.5417 -0.4731
1311868194.8423 1.1485 -1.7257 2.0229 -0.0037 0.6963 0.5416 -0.4710
1311868194.8690 1.1461 -1.7296 2.0237 -0.0027 0.6980 0.5403 -0.4699
1311868194.9092 1.1473 -1.7324 2.0251 -0.0031 0.6989 0.5394 -0.4698
1311868194.9427 1.1460 -1.7354 2.0258 -0.0038 0.6991 0.5389 -0.4700
1311868194.9689 1.1455 -1.7362 2.0269 -0.0049 0.6995 0.5364 -0.4721
1311868195.0092 1.1484 -1.7389 2.0280 -0.0054 0.7000 0.5350 -0.4730
1311868195.0387 1.1488 -1.7419 2.0295 -0.0054 0.7003 0.5347 -0.4729
1311868195.0690 1.1495 -1.7460 2.0304 -0.0053 0.7005 0.5342 -0.4731
1311868195.1095 1.1485 -1.7512 2.0348 -0.0055 0.7009 0.5341 -0.4728
1311868195.1397 1.1456 -1.7549 2.0394 -0.0063 0.7006 0.5342 -0.4731
1311868195.1689 1.1442 -1.7589 2.0428 -0.0080 0.7001 0.5343 -0.4737
1311868195.2087 1.1437 -1.7646 2.0469 -0.0095 0.6998 0.5342 -0.4741
1311868195.2384 1.1426 -1.7702 2.0509 -0.0103 0.6992 0.5341 -0.4751
1311868195.2691 1.1419 -1.7755 2.0535 -0.0107 0.6990 0.5339 -0.4756
1311868195.3140 1.1415 -1.7821 2.0590 -0.0110 0.6993 0.5337 -0.4753
1311868195.3407 1.1402 -1.7867 2.0644 -0.0110 0.6992 0.5336 -0.4758
1311868195.3690 1.1392 -1.7930 2.0691 -0.0109 0.6990 0.5334 -0.4763
1311868195.4094 1.1390 -1.7983 2.0745 -0.0112 0.6987 0.5332 -0.4769
1311868195.4418 1.1386 -1.8042 2.0807 -0.0124 0.6979 0.5335 -0.4776
1311868195.4692 1.1380 -1.8082 2.0864 -0.0146 0.6967 0.5339 -0.4789
1311868195.5090 1.1398 -1.8124 2.0921 -0.0169 0.6951 0.5341 -0.4810
1311868195.5408 1.1428 -1.8146 2.0966 -0.0188 0.6931 0.5341 -0.4838
1311868195.5692 1.1503 -1.8165 2.1005 -0.0191 0.6914 0.5338 -0.4864
1311868195.6070 1.1510 -1.8193 2.1073 -0.0170 0.6902 0.5352 -0.4866
1311868195.6414 1.1510 -1.8225 2.1136 -0.0152 0.6888 0.5373 -0.4864
1311868195.6690 1.1512 -1.8248 2.1207 -0.0136 0.6870 0.5399 -0.4861
1311868195.7101 1.1497 -1.8277 2.1273 -0.0123 0.6851 0.5427 -0.4858
1311868195.7373 1.1484 -1.8302 2.1349 -0.0114 0.6833 0.5452 -0.4856
1311868195.7690 1.1486 -1.8328 2.1412 -0.0115 0.6812 0.5472 -0.4861
1311868195.8088 1.1518 -1.8344 2.1471 -0.0127 0.6792 0.5474 -0.4887
1311868195.8371 1.1534 -1.8369 2.1535 -0.0143 0.6773 0.5469 -0.4919
1311868195.8691 1.1562 -1.8391 2.1580 -0.0160 0.6749 0.5457 -0.4965
1311868195.9065 1.1610 -1.8416 2.1617 -0.0175 0.6728 0.5444 -0.5006
1311868195.9370 1.1682 -1.8419 2.1653 -0.0174 0.6711 0.5431 -0.5044
1311868195.9690 1.1755 -1.8418 2.1682 -0.0152 0.6700 0.5427 -0.5063
1311868196.0093 1.1808 -1.8434 2.1730 -0.0117 0.6693 0.5436 -0.5064
1311868196.0369 1.1846 -1.8460 2.1768 -0.0080 0.6678 0.5457 -0.5063
1311868196.0690 1.1887 -1.8473 2.1815 -0.0054 0.6663 0.5469 -0.5069
1311868196.1078 1.1928 -1.8500 2.1840 -0.0034 0.6640 0.5483 -0.5084
1311868196.1371 1.1994 -1.8499 2.1889 -0.0025 0.6619 0.5479 -0.5115
1311868196.1689 1.2039 -1.8523 2.1912 -0.0011 0.6590 0.5488 -0.5143
1311868196.2083 1.2084 -1.8529 2.1942 -0.0012 0.6564 0.5485 -0.5179
1311868196.2370 1.2152 -1.8532 2.1965 -0.0016 0.6544 0.5481 -0.5209
1311868196.2691 1.2206 -1.8540 2.1993 -0.0001 0.6526 0.5478 -0.5234
1311868196.3074 1.2271 -1.8565 2.2007 0.0014 0.6508 0.5469 -0.5266
1311868196.3371 1.2333 -1.8567 2.2031 0.0048 0.6491 0.5452 -0.5305
1311868196.3691 1.2410 -1.8574 2.2051 0.0075 0.6475 0.5440 -0.5337
1311868196.4101 1.2455 -1.8580 2.2072 0.0108 0.6459 0.5432 -0.5363
1311868196.4372 1.2536 -1.8595 2.2097 0.0126 0.6442 0.5430 -0.5385
1311868196.4690 1.2599 -1.8599 2.2126 0.0150 0.6420 0.5433 -0.5408
1311868196.5078 1.2658 -1.8609 2.2145 0.0181 0.6397 0.5438 -0.5428
1311868196.5371 1.2722 -1.8607 2.2174 0.0214 0.6377 0.5433 -0.5456
1311868196.5691 1.2792 -1.8618 2.2198 0.0251 0.6356 0.5431 -0.5482
1311868196.6101 1.2836 -1.8621 2.2231 0.0293 0.6331 0.5435 -0.5504
1311868196.6370 1.2872 -1.8633 2.2283 0.0329 0.6311 0.5432 -0.5528
1311868196.6690 1.2921 -1.8640 2.2313 0.0361 0.6287 0.5431 -0.5554
1311868196.7097 1.2954 -1.8664 2.2358 0.0379 0.6267 0.5433 -0.5574
1311868196.7371 1.2973 -1.8705 2.2415 0.0384 0.6251 0.5426 -0.5598
1311868196.7691 1.3026 -1.8741 2.2466 0.0378 0.6231 0.5418 -0.5628
1311868196.8076 1.3053 -1.8772 2.2520 0.0383 0.6207 0.5418 -0.5654
1311868196.8370 1.3070 -1.8793 2.2573 0.0378 0.6190 0.5417 -0.5674
1311868196.8690 1.3102 -1.8840 2.2618 0.0369 0.6176 0.5421 -0.5687
1311868196.9096 1.3113 -1.8895 2.2669 0.0368 0.6164 0.5415 -0.5705
1311868196.9370 1.3135 -1.8923 2.2716 0.0366 0.6159 0.5402 -0.5723
1311868196.9692 1.3185 -1.8952 2.2787 0.0355 0.6166 0.5394 -0.5724
1311868197.0051 1.3174 -1.8994 2.2845 0.0346 0.6172 0.5404 -0.5708
1311868197.0370 1.3207 -1.9046 2.2898 0.0334 0.6184 0.5407 -0.5693
1311868197.0691 1.3222 -1.9118 2.2959 0.0334 0.6193 0.5421 -0.5671
1311868197.1050 1.3273 -1.9171 2.3034 0.0330 0.6200 0.5434 -0.5651
1311868197.1370 1.3257 -1.9209 2.3129 0.0329 0.6203 0.5463 -0.5618
1311868197.1690 1.3267 -1.9260 2.3200 0.0327 0.6198 0.5490 -0.5598
1311868197.2051 1.3264 -1.9302 2.3271 0.0326 0.6198 0.5524 -0.5565
1311868197.2372 1.3261 -1.9349 2.3341 0.0326 0.6202 0.5559 -0.5525
1311868197.2692 1.3271 -1.9386 2.3400 0.0327 0.6208 0.5589 -0.5488
1311868197.3051 1.3273 -1.9438 2.3460 0.0332 0.6217 0.5618 -0.5448
1311868197.3373 1.3271 -1.9480 2.3537 0.0325 0.6229 0.5657 -0.5393
1311868197.3691 1.3272 -1.9543 2.3620 0.0318 0.6237 0.5688 -0.5351
1311868197.4052 1.3272 -1.9592 2.3699 0.0310 0.6239 0.5713 -0.5323
1311868197.4370 1.3276 -1.9635 2.3780 0.0309 0.6241 0.5733 -0.5300
1311868197.4692 1.3274 -1.9676 2.3856 0.0311 0.6243 0.5756 -0.5272
1311868197.5052 1.3264 -1.9724 2.3941 0.0321 0.6249 0.5779 -0.5239
1311868197.5370 1.3264 -1.9777 2.4017 0.0344 0.6248 0.5794 -0.5223
1311868197.5692 1.3262 -1.9823 2.4101 0.0368 0.6245 0.5801 -0.5216
1311868197.6052 1.3231 -1.9852 2.4179 0.0397 0.6240 0.5811 -0.5209
1311868197.6371 1.3250 -1.9895 2.4258 0.0414 0.6240 0.5819 -0.5200
1311868197.6691 1.3255 -1.9918 2.4330 0.0429 0.6237 0.5837 -0.5182
1311868197.7052 1.3252 -1.9961 2.4402 0.0439 0.6233 0.5850 -0.5171
1311868197.7373 1.3218 -1.9988 2.4476 0.0453 0.6226 0.5868 -0.5156
1311868197.7692 1.3235 -2.0007 2.4538 0.0449 0.6224 0.5888 -0.5138
1311868197.8054 1.3231 -2.0029 2.4606 0.0462 0.6218 0.5888 -0.5143
1311868197.8372 1.3241 -2.0052 2.4654 0.0486 0.6214 0.5885 -0.5150
1311868197.8691 1.3220 -2.0077 2.4711 0.0521 0.6209 0.5886 -0.5151
1311868197.9052 1.3223 -2.0084 2.4783 0.0552 0.6208 0.5886 -0.5148
1311868197.9372 1.3211 -2.0103 2.4845 0.0585 0.6198 0.5889 -0.5155
1311868197.9692 1.3190 -2.0136 2.4891 0.0596 0.6180 0.5905 -0.5156
1311868198.0052 1.3144 -2.0118 2.4953 0.0586 0.6170 0.5911 -0.5163
1311868198.0371 1.3144 -2.0140 2.4988 0.0570 0.6155 0.5922 -0.5169
1311868198.0692 1.3121 -2.0173 2.5024 0.0564 0.6143 0.5922 -0.5184
1311868198.1054 1.3129 -2.0167 2.5043 0.0562 0.6136 0.5913 -0.5203
1311868198.1372 1.3116 -2.0205 2.5076 0.0572 0.6134 0.5912 -0.5205
1311868198.1692 1.3078 -2.0226 2.5107 0.0577 0.6132 0.5915 -0.5203
1311868198.2053 1.3057 -2.0240 2.5154 0.0580 0.6135 0.5909 -0.5207
1311868198.2372 1.3026 -2.0239 2.5178 0.0572 0.6125 0.5905 -0.5223
1311868198.2692 1.2983 -2.0262 2.5242 0.0578 0.6120 0.5889 -0.5246
1311868198.3051 1.2967 -2.0250 2.5267 0.0578 0.6107 0.5879 -0.5273
1311868198.3372 1.2945 -2.0239 2.5289 0.0592 0.6099 0.5875 -0.5286
1311868198.3692 1.2909 -2.0261 2.5342 0.0620 0.6098 0.5878 -0.5280
1311868198.4051 1.2845 -2.0270 2.5371 0.0634 0.6095 0.5894 -0.5265
1311868198.4372 1.2773 -2.0268 2.5394 0.0636 0.6092 0.5897 -0.5265
1311868198.4692 1.2743 -2.0284 2.5427 0.0635 0.6091 0.5896 -0.5267
1311868198.5053 1.2690 -2.0284 2.5453 0.0627 0.6087 0.5900 -0.5268
1311868198.5373 1.2637 -2.0296 2.5474 0.0611 0.6086 0.5910 -0.5259
1311868198.5692 1.2576 -2.0300 2.5497 0.0598 0.6083 0.5923 -0.5249
1311868198.6051 1.2519 -2.0297 2.5503 0.0584 0.6081 0.5935 -0.5240
1311868198.6372 1.2469 -2.0313 2.5519 0.0577 0.6083 0.5950 -0.5221
1311868198.6691 1.2423 -2.0321 2.5535 0.0575 0.6085 0.5962 -0.5205
1311868198.7050 1.2382 -2.0320 2.5538 0.0582 0.6082 0.5972 -0.5196
1311868198.7372 1.2334 -2.0322 2.5548 0.0595 0.6084 0.5979 -0.5184
1311868198.7691 1.2279 -2.0322 2.5560 0.0608 0.6087 0.5995 -0.5162
1311868198.8051 1.2208 -2.0307 2.5572 0.0613 0.6092 0.6011 -0.5136
1311868198.8372 1.2178 -2.0323 2.5580 0.0597 0.6098 0.6029 -0.5109
1311868198.8692 1.2101 -2.0328 2.5596 0.0581 0.6107 0.6050 -0.5075
1311868198.9051 1.2058 -2.0330 2.5601 0.0566 0.6118 0.6053 -0.5060
1311868198.9371 1.1989 -2.0339 2.5623 0.0570 0.6135 0.6056 -0.5036
1311868198.9692 1.1947 -2.0366 2.5635 0.0573 0.6146 0.6056 -0.5022
1311868199.0051 1.1890 -2.0374 2.5658 0.0574 0.6155 0.6059 -0.5008
1311868199.0372 1.1835 -2.0391 2.5682 0.0571 0.6160 0.6064 -0.4996
1311868199.0692 1.1785 -2.0394 2.5697 0.0559 0.6159 0.6075 -0.4985
1311868199.1051 1.1721 -2.0388 2.5719 0.0553 0.6159 0.6078 -0.4982
1311868199.1372 1.1678 -2.0376 2.5734 0.0555 0.6165 0.6071 -0.4983
1311868199.1693 1.1625 -2.0372 2.5752 0.0569 0.6177 0.6067 -0.4971
1311868199.2052 1.1596 -2.0383 2.5771 0.0586 0.6186 0.6067 -0.4958
1311868199.2372 1.1547 -2.0393 2.5787 0.0605 0.6191 0.6066 -0.4950
1311868199.2693 1.1519 -2.0404 2.5804 0.0620 0.6193 0.6064 -0.4949
1311868199.3052 1.1471 -2.0398 2.5816 0.0621 0.6194 0.6070 -0.4941
1311868199.3373 1.1411 -2.0402 2.5839 0.0617 0.6200 0.6077 -0.4924
1311868199.3694 1.1363 -2.0396 2.5859 0.0618 0.6207 0.6074 -0.4919
1311868199.4052 1.1327 -2.0383 2.5876 0.0631 0.6214 0.6065 -0.4920
1311868199.4372 1.1297 -2.0373 2.5884 0.0652 0.6220 0.6060 -0.4915
1311868199.4694 1.1244 -2.0381 2.5889 0.0672 0.6230 0.6060 -0.4901
1311868199.5053 1.1201 -2.0407 2.5906 0.0683 0.6244 0.6061 -0.4879
1311868199.5373 1.1164 -2.0409 2.5921 0.0687 0.6257 0.6065 -0.4857
1311868199.5693 1.1153 -2.0420 2.5921 0.0679 0.6271 0.6071 -0.4833
1311868199.6053 1.1121 -2.0412 2.5935 0.0684 0.6288 0.6078 -0.4802
1311868199.6372 1.1076 -2.0396 2.5958 0.0693 0.6310 0.6086 -0.4761
1311868199.6692 1.1056 -2.0407 2.5969 0.0699 0.6329 0.6099 -0.4717
1311868199.7053 1.1018 -2.0418 2.5984 0.0698 0.6347 0.6115 -0.4673
1311868199.7372 1.0980 -2.0440 2.6011 0.0700 0.6363 0.6125 -0.4637
1311868199.7691 1.0940 -2.0453 2.6040 0.0706 0.6374 0.6134 -0.4609
1311868199.8053 1.0891 -2.0462 2.6067 0.0711 0.6386 0.6145 -0.4577
1311868199.8372 1.0852 -2.0488 2.6094 0.0712 0.6399 0.6161 -0.4537
1311868199.8692 1.0792 -2.0504 2.6122 0.0704 0.6418 0.6178 -0.4489
1311868199.9052 1.0744 -2.0537 2.6154 0.0686 0.6440 0.6194 -0.4437
1311868199.9372 1.0677 -2.0574 2.6189 0.0667 0.6460 0.6209 -0.4389
1311868199.9693 1.0624 -2.0617 2.6224 0.0658 0.6482 0.6211 -0.4356
1311868200.0052 1.0601 -2.0653 2.6258 0.0657 0.6503 0.6210 -0.4327
1311868200.0376 1.0566 -2.0696 2.6301 0.0672 0.6519 0.6215 -0.4293
1311868200.0694 1.0531 -2.0756 2.6336 0.0686 0.6529 0.6228 -0.4256
1311868200.1052 1.0482 -2.0823 2.6380 0.0679 0.6542 0.6251 -0.4203
1311868200.1373 1.0418 -2.0862 2.6431 0.0654 0.6553 0.6275 -0.4154
1311868200.1694 1.0366 -2.0912 2.6487 0.0618 0.6561 0.6295 -0.4118
1311868200.2055 1.0317 -2.0969 2.6544 0.0602 0.6567 0.6302 -0.4100
1311868200.2372 1.0265 -2.1023 2.6602 0.0610 0.6573 0.6310 -0.4077
1311868200.2734 1.0218 -2.1068 2.6660 0.0618 0.6581 0.6323 -0.4041
1311868200.3052 1.0189 -2.1132 2.6717 0.0622 0.6588 0.6338 -0.4005
1311868200.3372 1.0129 -2.1192 2.6775 0.0626 0.6593 0.6352 -0.3975
1311868200.3734 1.0089 -2.1246 2.6836 0.0618 0.6597 0.6365 -0.3948
1311868200.4052 1.0044 -2.1298 2.6900 0.0615 0.6598 0.6380 -0.3922
1311868200.4373 1.0015 -2.1339 2.6963 0.0623 0.6599 0.6391 -0.3901
1311868200.4733 0.9982 -2.1378 2.7024 0.0641 0.6598 0.6407 -0.3873
1311868200.5053 0.9941 -2.1418 2.7080 0.0658 0.6600 0.6422 -0.3843
1311868200.5372 0.9899 -2.1472 2.7137 0.0657 0.6602 0.6439 -0.3810
1311868200.5733 0.9899 -2.1505 2.7184 0.0635 0.6603 0.6448 -0.3798
1311868200.6052 0.9859 -2.1543 2.7240 0.0625 0.6602 0.6451 -0.3797
1311868200.6374 0.9850 -2.1571 2.7296 0.0626 0.6604 0.6444 -0.3804
1311868200.6735 0.9844 -2.1609 2.7362 0.0637 0.6612 0.6439 -0.3798
1311868200.7053 0.9798 -2.1661 2.7408 0.0658 0.6613 0.6447 -0.3779
1311868200.7376 0.9732 -2.1690 2.7454 0.0675 0.6616 0.6450 -0.3764
1311868200.7734 0.9709 -2.1725 2.7497 0.0677 0.6619 0.6452 -0.3755
1311868200.8052 0.9695 -2.1755 2.7540 0.0675 0.6621 0.6454 -0.3749
1311868200.8374 0.9690 -2.1782 2.7598 0.0677 0.6626 0.6449 -0.3748
1311868200.8732 0.9676 -2.1812 2.7639 0.0683 0.6631 0.6447 -0.3742
1311868200.9052 0.9652 -2.1833 2.7674 0.0686 0.6639 0.6447 -0.3728
1311868200.9374 0.9631 -2.1855 2.7711 0.0694 0.6649 0.6442 -0.3716
1311868200.9734 0.9617 -2.1875 2.7744 0.0703 0.6659 0.6436 -0.3706
1311868201.0053 0.9596 -2.1900 2.7777 0.0713 0.6668 0.6434 -0.3692
1311868201.0374 0.9571 -2.1921 2.7802 0.0721 0.6674 0.6433 -0.3683
1311868201.0732 0.9564 -2.1952 2.7832 0.0722 0.6678 0.6426 -0.3687
1311868201.1054 0.9531 -2.1965 2.7858 0.0731 0.6676 0.6421 -0.3697
1311868201.1375 0.9513 -2.1979 2.7874 0.0733 0.6678 0.6414 -0.3706
1311868201.1735 0.9491 -2.1994 2.7882 0.0727 0.6684 0.6412 -0.3699
1311868201.2053 0.9443 -2.2013 2.7892 0.0725 0.6694 0.6413 -0.3680
1311868201.2374 0.9426 -2.2034 2.7910 0.0730 0.6698 0.6411 -0.3675
1311868201.2734 0.9396 -2.2046 2.7926 0.0732 0.6697 0.6410 -0.3677
1311868201.3053 0.9373 -2.2065 2.7946 0.0734 0.6694 0.6410 -0.3683
1311868201.3375 0.9338 -2.2061 2.7961 0.0741 0.6688 0.6410 -0.3692
1311868201.3733 0.9306 -2.2064 2.7972 0.0748 0.6682 0.6410 -0.3701
1311868201.4053 0.9277 -2.2057 2.7983 0.0742 0.6680 0.6412 -0.3703
1311868201.4374 0.9258 -2.2049 2.7988 0.0731 0.6680 0.6413 -0.3703
1311868201.4732 0.9244 -2.2061 2.8002 0.0722 0.6682 0.6411 -0.3705
1311868201.5053 0.9228 -2.2065 2.8017 0.0725 0.6682 0.6408 -0.3710
1311868201.5375 0.9208 -2.2061 2.8024 0.0730 0.6683 0.6408 -0.3709
1311868201.5734 0.9189 -2.2051 2.8027 0.0728 0.6684 0.6411 -0.3700
1311868201.6054 0.9153 -2.2048 2.8037 0.0722 0.6687 0.6415 -0.3690
1311868201.6374 0.9101 -2.2019 2.8022 0.0714 0.6688 0.6420 -0.3681
1311868201.6735 0.9046 -2.2048 2.8045 0.0704 0.6699 0.6417 -0.3668
1311868201.7054 0.9047 -2.2055 2.8061 0.0701 0.6705 0.6408 -0.3672
1311868201.7374 0.9030 -2.2061 2.8073 0.0709 0.6709 0.6405 -0.3670
1311868201.7735 0.8986 -2.2065 2.8083 0.0719 0.6708 0.6411 -0.3658
1311868201.8053 0.8921 -2.2058 2.8078 0.0729 0.6700 0.6427 -0.3644
1311868201.8374 0.8883 -2.2074 2.8088 0.0736 0.6695 0.6438 -0.3631
1311868201.8733 0.8910 -2.2081 2.8116 0.0721 0.6695 0.6442 -0.3627
1311868201.9053 0.8850 -2.2077 2.8133 0.0711 0.6689 0.6466 -0.3598
1311868201.9375 0.8792 -2.2075 2.8137 0.0709 0.6680 0.6484 -0.3584
1311868201.9733 0.8778 -2.2059 2.8165 0.0693 0.6677 0.6492 -0.3576
1311868202.0053 0.8752 -2.2087 2.8194 0.0683 0.6673 0.6502 -0.3567
1311868202.0375 0.8702 -2.2084 2.8209 0.0681 0.6666 0.6515 -0.3559
1311868202.0733 0.8670 -2.2082 2.8225 0.0682 0.6661 0.6522 -0.3553
1311868202.1053 0.8637 -2.2094 2.8247 0.0693 0.6656 0.6531 -0.3543
1311868202.1376 0.8613 -2.2115 2.8290 0.0699 0.6655 0.6542 -0.3525
1311868202.1733 0.8562 -2.2115 2.8300 0.0703 0.6647 0.6564 -0.3499
1311868202.2053 0.8519 -2.2128 2.8334 0.0692 0.6645 0.6582 -0.3470
1311868202.2375 0.8500 -2.2165 2.8364 0.0688 0.6641 0.6602 -0.3440
1311868202.2733 0.8443 -2.2162 2.8393 0.0692 0.6632 0.6630 -0.3401
1311868202.3053 0.8398 -2.2158 2.8412 0.0692 0.6624 0.6650 -0.3378
1311868202.3374 0.8355 -2.2159 2.8442 0.0694 0.6622 0.6659 -0.3366
1311868202.3733 0.8287 -2.2148 2.8472 0.0707 0.6616 0.6666 -0.3361
1311868202.4053 0.8235 -2.2161 2.8494 0.0713 0.6615 0.6666 -0.3361
1311868202.4374 0.8190 -2.2181 2.8520 0.0707 0.6618 0.6670 -0.3349
1311868202.4734 0.8132 -2.2242 2.8554 0.0698 0.6623 0.6678 -0.3326
1311868202.5054 0.8097 -2.2276 2.8597 0.0685 0.6623 0.6685 -0.3313
1311868202.5375 0.8044 -2.2280 2.8624 0.0662 0.6616 0.6694 -0.3314
1311868202.5734 0.7979 -2.2315 2.8648 0.0633 0.6609 0.6700 -0.3320
1311868202.6054 0.7904 -2.2351 2.8673 0.0622 0.6604 0.6699 -0.3334
1311868202.6374 0.7838 -2.2385 2.8702 0.0626 0.6606 0.6697 -0.3334
1311868202.6737 0.7788 -2.2402 2.8726 0.0627 0.6612 0.6697 -0.3324
1311868202.7055 0.7742 -2.2430 2.8756 0.0617 0.6623 0.6694 -0.3309
1311868202.7373 0.7672 -2.2461 2.8759 0.0592 0.6628 0.6696 -0.3298
1311868202.7734 0.7629 -2.2472 2.8775 0.0554 0.6639 0.6687 -0.3302
1311868202.8054 0.7564 -2.2503 2.8787 0.0519 0.6651 0.6675 -0.3307
1311868202.8376 0.7506 -2.2529 2.8796 0.0508 0.6667 0.6658 -0.3313
1311868202.8734 0.7452 -2.2556 2.8810 0.0516 0.6681 0.6643 -0.3313
1311868202.9054 0.7408 -2.2555 2.8807 0.0521 0.6698 0.6631 -0.3300
1311868202.9376 0.7346 -2.2575 2.8801 0.0514 0.6724 0.6624 -0.3264
1311868202.9734 0.7308 -2.2598 2.8791 0.0497 0.6749 0.6613 -0.3234
1311868203.0056 0.7280 -2.2602 2.8780 0.0476 0.6773 0.6604 -0.3207
1311868203.0376 0.7249 -2.2589 2.8755 0.0469 0.6791 0.6587 -0.3204
1311868203.0734 0.7228 -2.2618 2.8738 0.0474 0.6811 0.6571 -0.3195
1311868203.1056 0.7197 -2.2611 2.8712 0.0497 0.6825 0.6566 -0.3172
1311868203.1375 0.7262 -2.2548 2.8685 0.0540 0.6854 0.6535 -0.3167
1311868203.1735 0.7210 -2.2563 2.8692 0.0613 0.6888 0.6519 -0.3112
1311868203.2054 0.7125 -2.2581 2.8579 0.0652 0.6908 0.6528 -0.3040
1311868203.2375 0.7077 -2.2609 2.8525 0.0669 0.6936 0.6512 -0.3007
1311868203.2735 0.7046 -2.2633 2.8484 0.0666 0.6962 0.6493 -0.2988
1311868203.3055 0.6973 -2.2661 2.8409 0.0651 0.6986 0.6479 -0.2964
1311868203.3375 0.6952 -2.2686 2.8359 0.0615 0.7017 0.6459 -0.2944
1311868203.3736 0.6911 -2.2691 2.8303 0.0580 0.7047 0.6441 -0.2918
1311868203.4055 0.6869 -2.2734 2.8217 0.0541 0.7073 0.6428 -0.2890
1311868203.4377 0.6860 -2.2780 2.8181 0.0520 0.7099 0.6417 -0.2856
1311868203.5055 0.6829 -2.2778 2.8080 0.0528 0.7126 0.6428 -0.2760
1311868203.5374 0.6762 -2.2797 2.8006 0.0565 0.7141 0.6432 -0.2705
1311868203.5735 0.6727 -2.2838 2.7985 0.0570 0.7165 0.6428 -0.2648
1311868203.6054 0.6665 -2.2878 2.7919 0.0556 0.7172 0.6442 -0.2599
1311868203.6736 0.6557 -2.2875 2.7828 0.0558 0.7195 0.6418 -0.2593
1311868203.7055 0.6515 -2.2935 2.7799 0.0547 0.7207 0.6417 -0.2565
1311868203.7376 0.6459 -2.2953 2.7768 0.0538 0.7210 0.6429 -0.2530
1311868203.7737 0.6400 -2.2963 2.7712 0.0546 0.7209 0.6438 -0.2506
1311868203.8055 0.6367 -2.3044 2.7683 0.0565 0.7211 0.6450 -0.2465
1311868203.8375 0.6319 -2.3143 2.7676 0.0583 0.7193 0.6494 -0.2395
1311868203.9056 0.6106 -2.3082 2.7524 0.0584 0.7135 0.6604 -0.2267
1311868203.9377 0.6030 -2.3118 2.7472 0.0580 0.7147 0.6597 -0.2251
1311868203.9736 0.5902 -2.3154 2.7424 0.0576 0.7154 0.6596 -0.2234
1311868204.0055 0.5826 -2.3154 2.7362 0.0551 0.7172 0.6574 -0.2246
1311868204.0376 0.5784 -2.3221 2.7340 0.0538 0.7201 0.6546 -0.2238
1311868204.0736 0.5690 -2.3291 2.7295 0.0525 0.7210 0.6549 -0.2201
1311868204.1055 0.5606 -2.3309 2.7221 0.0515 0.7220 0.6548 -0.2174
1311868204.1377 0.5550 -2.3377 2.7182 0.0518 0.7237 0.6539 -0.2145
1311868204.1737 0.5449 -2.3405 2.7116 0.0534 0.7245 0.6538 -0.2117
1311868204.2055 0.5349 -2.3450 2.7075 0.0551 0.7259 0.6526 -0.2101
1311868204.2377 0.5293 -2.3497 2.7058 0.0552 0.7273 0.6511 -0.2098
1311868204.2736 0.5211 -2.3562 2.7009 0.0545 0.7273 0.6517 -0.2080
1311868204.3055 0.5149 -2.3606 2.6979 0.0550 0.7272 0.6527 -0.2054
1311868204.3377 0.5084 -2.3641 2.6959 0.0547 0.7266 0.6546 -0.2016
1311868204.3736 0.5022 -2.3667 2.6928 0.0555 0.7256 0.6566 -0.1981
1311868204.4057 0.4954 -2.3672 2.6884 0.0574 0.7248 0.6584 -0.1948
1311868204.4377 0.4904 -2.3740 2.6880 0.0591 0.7244 0.6597 -0.1909
1311868204.4735 0.4819 -2.3748 2.6849 0.0600 0.7226 0.6630 -0.1864
1311868204.5378 0.4653 -2.3808 2.6783 0.0576 0.7222 0.6651 -0.1809
1311868204.5737 0.4556 -2.3814 2.6735 0.0560 0.7220 0.6653 -0.1814
1311868204.6057 0.4509 -2.3864 2.6729 0.0538 0.7232 0.6635 -0.1838
1311868204.6376 0.4480 -2.3905 2.6714 0.0505 0.7241 0.6623 -0.1859
1311868204.6737 0.4431 -2.3968 2.6679 0.0471 0.7244 0.6622 -0.1861
1311868204.7055 0.4395 -2.4015 2.6668 0.0443 0.7245 0.6625 -0.1852
1311868204.7377 0.4358 -2.4038 2.6641 0.0429 0.7244 0.6630 -0.1840
1311868204.7737 0.4312 -2.4071 2.6614 0.0439 0.7242 0.6633 -0.1832
1311868204.8376 0.4284 -2.4152 2.6581 0.0504 0.7241 0.6639 -0.1799
1311868204.8736 0.4227 -2.4167 2.6534 0.0559 0.7237 0.6656 -0.1737
1311868204.9057 0.4180 -2.4210 2.6516 0.0599 0.7247 0.6655 -0.1682
1311868204.9377 0.4069 -2.4268 2.6482 0.0620 0.7251 0.6660 -0.1636
1311868205.0060 0.3879 -2.4372 2.6399 0.0577 0.7266 0.6635 -0.1685
1311868205.0377 0.3854 -2.4422 2.6388 0.0544 0.7275 0.6613 -0.1745
1311868205.0736 0.3812 -2.4443 2.6354 0.0526 0.7278 0.6598 -0.1794
1311868205.1376 0.3763 -2.4516 2.6302 0.0508 0.7304 0.6561 -0.1830
1311868205.1736 0.3741 -2.4539 2.6278 0.0500 0.7317 0.6546 -0.1831
1311868205.2056 0.3695 -2.4594 2.6250 0.0498 0.7330 0.6533 -0.1829
1311868205.2378 0.3662 -2.4621 2.6237 0.0487 0.7342 0.6519 -0.1834
1311868205.2736 0.3606 -2.4665 2.6204 0.0470 0.7351 0.6510 -0.1832
1311868205.3056 0.3589 -2.4664 2.6183 0.0445 0.7364 0.6495 -0.1838
1311868205.3378 0.3585 -2.4697 2.6169 0.0422 0.7384 0.6471 -0.1850
1311868205.3735 0.3576 -2.4734 2.6148 0.0413 0.7399 0.6456 -0.1844
1311868205.4057 0.3583 -2.4752 2.6134 0.0412 0.7426 0.6429 -0.1832
1311868205.4377 0.3570 -2.4764 2.6115 0.0433 0.7448 0.6406 -0.1818
1311868205.4736 0.3528 -2.4786 2.6085 0.0452 0.7477 0.6375 -0.1803
1311868205.5057 0.3524 -2.4793 2.6049 0.0459 0.7519 0.6326 -0.1798
1311868205.5377 0.3502 -2.4818 2.6021 0.0474 0.7564 0.6272 -0.1793
1311868205.5736 0.3472 -2.4865 2.6005 0.0484 0.7613 0.6213 -0.1793
1311868205.6055 0.3475 -2.4917 2.6033 0.0489 0.7654 0.6161 -0.1797
1311868205.6377 0.3464 -2.4951 2.6041 0.0487 0.7679 0.6130 -0.1795
1311868205.7056 0.3408 -2.4988 2.5996 0.0448 0.7706 0.6092 -0.1817
1311868205.7378 0.3435 -2.5000 2.6014 0.0439 0.7715 0.6071 -0.1849
1311868205.7736 0.3417 -2.4998 2.5995 0.0437 0.7716 0.6068 -0.1860
1311868205.8057 0.3399 -2.5022 2.5982 0.0432 0.7719 0.6063 -0.1866
1311868205.8376 0.3376 -2.5018 2.5958 0.0428 0.7717 0.6062 -0.1878
1311868205.9056 0.3361 -2.5033 2.5909 0.0423 0.7734 0.6028 -0.1915
1311868205.9378 0.3338 -2.5025 2.5880 0.0416 0.7747 0.6009 -0.1923
1311868205.9737 0.3337 -2.5036 2.5869 0.0398 0.7759 0.5995 -0.1925
1311868206.0056 0.3315 -2.5032 2.5815 0.0382 0.7767 0.5986 -0.1923
1311868206.0380 0.3287 -2.5039 2.5789 0.0367 0.7782 0.5965 -0.1929
1311868206.1057 0.3247 -2.5043 2.5704 0.0368 0.7804 0.5924 -0.1966
1311868206.1377 0.3238 -2.5083 2.5673 0.0383 0.7823 0.5894 -0.1978
1311868206.1738 0.3205 -2.5115 2.5647 0.0386 0.7844 0.5865 -0.1981
1311868206.2057 0.3147 -2.5158 2.5637 0.0372 0.7862 0.5834 -0.2002
1311868206.2379 0.3141 -2.5177 2.5637 0.0346 0.7873 0.5808 -0.2041
1311868206.3056 0.3136 -2.5197 2.5602 0.0283 0.7875 0.5788 -0.2100
1311868206.3377 0.3148 -2.5191 2.5601 0.0275 0.7879 0.5779 -0.2111
1311868206.4056 0.3147 -2.5140 2.5607 0.0265 0.7874 0.5786 -0.2111
1311868206.4377 0.3145 -2.5104 2.5604 0.0253 0.7868 0.5792 -0.2116
1311868206.4737 0.3173 -2.5076 2.5617 0.0248 0.7863 0.5798 -0.2119
1311868206.5058 0.3215 -2.5031 2.5643 0.0267 0.7854 0.5809 -0.2119
1311868206.5377 0.3206 -2.4989 2.5661 0.0281 0.7844 0.5832 -0.2091
1311868206.5737 0.3192 -2.4941 2.5689 0.0271 0.7831 0.5861 -0.2061
1311868206.6378 0.3172 -2.4866 2.5740 0.0207 0.7804 0.5914 -0.2020
1311868206.6738 0.3159 -2.4820 2.5749 0.0165 0.7786 0.5943 -0.2009
1311868206.7057 0.3176 -2.4797 2.5765 0.0123 0.7776 0.5960 -0.2000
1311868206.7377 0.3221 -2.4766 2.5800 0.0101 0.7769 0.5974 -0.1985
1311868206.8057 0.3222 -2.4712 2.5863 0.0118 0.7756 0.6009 -0.1929
1311868206.8377 0.3193 -2.4710 2.5891 0.0116 0.7751 0.6028 -0.1891
1311868206.8737 0.3174 -2.4707 2.5927 0.0106 0.7750 0.6037 -0.1868
1311868206.9060 0.3165 -2.4685 2.5971 0.0093 0.7745 0.6048 -0.1853
1311868206.9381 0.3166 -2.4668 2.5996 0.0085 0.7745 0.6050 -0.1847
1311868206.9737 0.3180 -2.4660 2.6075 0.0081 0.7743 0.6060 -0.1820
1311868207.0057 0.3147 -2.4650 2.6103 0.0082 0.7734 0.6083 -0.1781
1311868207.0738 0.3051 -2.4628 2.6167 0.0061 0.7724 0.6108 -0.1740
1311868207.1057 0.3064 -2.4631 2.6218 0.0038 0.7725 0.6110 -0.1729
1311868207.1377 0.3060 -2.4645 2.6269 0.0023 0.7724 0.6120 -0.1700
1311868207.2058 0.3010 -2.4637 2.6359 0.0014 0.7720 0.6143 -0.1632
1311868207.2378 0.3001 -2.4657 2.6411 0.0008 0.7720 0.6151 -0.1603
1311868207.2738 0.2982 -2.4671 2.6467 0.0013 0.7718 0.6160 -0.1575
1311868207.3057 0.2965 -2.4676 2.6516 0.0022 0.7717 0.6168 -0.1554
1311868207.3379 0.2943 -2.4685 2.6580 0.0040 0.7715 0.6174 -0.1535
1311868207.4058 0.2884 -2.4665 2.6670 0.0088 0.7708 0.6192 -0.1496
1311868207.4380 0.2824 -2.4668 2.6729 0.0124 0.7699 0.6204 -0.1489
1311868207.4736 0.2766 -2.4656 2.6767 0.0145 0.7691 0.6212 -0.1493
1311868207.5057 0.2726 -2.4658 2.6831 0.0137 0.7691 0.6212 -0.1497
1311868207.5378 0.2697 -2.4646 2.6884 0.0116 0.7683 0.6221 -0.1503
1311868207.5739 0.2687 -2.4644 2.6937 0.0100 0.7679 0.6223 -0.1518
1311868207.6057 0.2675 -2.4623 2.7006 0.0095 0.7674 0.6227 -0.1527
1311868207.6377 0.2673 -2.4608 2.7076 0.0089 0.7669 0.6232 -0.1528
1311868207.6738 0.2637 -2.4593 2.7128 0.0090 0.7657 0.6249 -0.1521
1311868207.7058 0.2607 -2.4574 2.7183 0.0081 0.7649 0.6260 -0.1518
1311868207.7378 0.2568 -2.4571 2.7239 0.0066 0.7638 0.6275 -0.1513
1311868207.7737 0.2520 -2.4565 2.7277 0.0052 0.7623 0.6293 -0.1511
1311868207.8058 0.2495 -2.4546 2.7324 0.0050 0.7611 0.6306 -0.1518
1311868207.8379 0.2455 -2.4535 2.7379 0.0054 0.7601 0.6315 -0.1527
1311868207.8739 0.2418 -2.4542 2.7430 0.0039 0.7589 0.6328 -0.1539
1311868207.9057 0.2391 -2.4549 2.7480 0.0020 0.7577 0.6340 -0.1549
1311868207.9378 0.2367 -2.4564 2.7531 -0.0000 0.7566 0.6351 -0.1557
1311868207.9738 0.2362 -2.4553 2.7576 -0.0013 0.7555 0.6361 -0.1567
1311868208.0058 0.2362 -2.4553 2.7641 -0.0020 0.7551 0.6365 -0.1571
1311868208.0377 0.2359 -2.4548 2.7697 -0.0030 0.7543 0.6373 -0.1575
1311868208.0737 0.2349 -2.4549 2.7761 -0.0041 0.7535 0.6385 -0.1570
1311868208.1377 0.2315 -2.4565 2.7870 -0.0081 0.7511 0.6417 -0.1552
1311868208.1738 0.2283 -2.4559 2.7915 -0.0104 0.7492 0.6440 -0.1543
1311868208.2378 0.2268 -2.4579 2.8024 -0.0145 0.7466 0.6468 -0.1550
1311868208.2739 0.2261 -2.4557 2.8078 -0.0156 0.7452 0.6484 -0.1552
1311868208.3378 0.2249 -2.4566 2.8190 -0.0154 0.7432 0.6509 -0.1543
1311868208.3738 0.2238 -2.4570 2.8257 -0.0140 0.7425 0.6519 -0.1534
1311868208.4379 0.2190 -2.4581 2.8362 -0.0112 0.7405 0.6544 -0.1523
1311868208.4739 0.2161 -2.4581 2.8413 -0.0100 0.7393 0.6558 -0.1524
1311868208.5379 0.2092 -2.4591 2.8500 -0.0088 0.7381 0.6571 -0.1529
1311868208.5739 0.2084 -2.4566 2.8533 -0.0096 0.7381 0.6571 -0.1528
1311868208.6378 0.2025 -2.4634 2.8653 -0.0062 0.7374 0.6580 -0.1524
1311868208.6739 0.1998 -2.4621 2.8695 -0.0044 0.7353 0.6604 -0.1524
1311868208.7378 0.1950 -2.4586 2.8796 -0.0009 0.7316 0.6643 -0.1531
1311868208.7740 0.1897 -2.4584 2.8847 -0.0004 0.7294 0.6669 -0.1526
1311868208.8378 0.1860 -2.4533 2.8943 0.0009 0.7257 0.6702 -0.1554
1311868208.8738 0.1835 -2.4509 2.9013 0.0019 0.7239 0.6722 -0.1556
1311868208.9377 0.1828 -2.4425 2.9070 0.0036 0.7206 0.6752 -0.1575
1311868208.9738 0.1775 -2.4401 2.9128 0.0060 0.7199 0.6758 -0.1580
1311868209.0378 0.1730 -2.4358 2.9201 0.0044 0.7175 0.6780 -0.1594
1311868209.0738 0.1695 -2.4297 2.9264 0.0038 0.7164 0.6789 -0.1605
1311868209.1378 0.1667 -2.4216 2.9321 0.0042 0.7127 0.6820 -0.1640
1311868209.1738 0.1665 -2.4180 2.9399 0.0044 0.7120 0.6826 -0.1644
1311868209.2378 0.1625 -2.4052 2.9416 0.0045 0.7082 0.6871 -0.1621
1311868209.2738 0.1610 -2.3977 2.9419 0.0040 0.7072 0.6884 -0.1611
1311868209.3058 0.1572 -2.3939 2.9466 0.0048 0.7069 0.6888 -0.1607
1311868209.3419 0.1553 -2.3870 2.9435 0.0055 0.7049 0.6904 -0.1624
1311868209.4058 0.1457 -2.3786 2.9520 0.0106 0.7039 0.6904 -0.1668
1311868209.4420 0.1433 -2.3717 2.9547 0.0128 0.7029 0.6909 -0.1685
1311868209.5058 0.1358 -2.3567 2.9555 0.0153 0.7031 0.6903 -0.1697
1311868209.5418 0.1282 -2.3548 2.9591 0.0164 0.7041 0.6899 -0.1674
1311868209.6060 0.1226 -2.3425 2.9596 0.0175 0.7047 0.6896 -0.1661
1311868209.6421 0.1170 -2.3394 2.9606 0.0206 0.7046 0.6898 -0.1653
1311868209.7059 0.1057 -2.3334 2.9576 0.0243 0.7039 0.6917 -0.1594
1311868209.7420 0.1047 -2.3267 2.9527 0.0234 0.7033 0.6926 -0.1588
1311868209.8058 0.0964 -2.3223 2.9512 0.0193 0.7036 0.6927 -0.1573
1311868209.8419 0.0903 -2.3201 2.9518 0.0165 0.7036 0.6927 -0.1573
1311868209.9058 0.0856 -2.3104 2.9525 0.0113 0.7040 0.6921 -0.1591
1311868209.9421 0.0879 -2.3061 2.9552 0.0099 0.7057 0.6902 -0.1598
1311868210.0059 0.0852 -2.3003 2.9542 0.0113 0.7073 0.6889 -0.1582
1311868210.0420 0.0824 -2.2987 2.9582 0.0132 0.7090 0.6874 -0.1570
1311868210.0738 0.0824 -2.2940 2.9586 0.0129 0.7098 0.6868 -0.1560
1311868210.1059 0.0789 -2.2942 2.9583 0.0123 0.7103 0.6867 -0.1540
1311868210.1419 0.0756 -2.2923 2.9588 0.0109 0.7105 0.6868 -0.1529
1311868210.1739 0.0752 -2.2873 2.9595 0.0089 0.7108 0.6866 -0.1529
1311868210.2058 0.0740 -2.2861 2.9623 0.0084 0.7115 0.6859 -0.1523
1311868210.2419 0.0734 -2.2837 2.9629 0.0081 0.7112 0.6863 -0.1517
1311868210.3060 0.0718 -2.2794 2.9661 0.0104 0.7108 0.6871 -0.1501
1311868210.3419 0.0684 -2.2796 2.9674 0.0119 0.7098 0.6886 -0.1479
1311868210.4059 0.0661 -2.2749 2.9686 0.0132 0.7078 0.6911 -0.1458
1311868210.4420 0.0653 -2.2722 2.9698 0.0132 0.7066 0.6924 -0.1453
1311868210.4739 0.0645 -2.2682 2.9693 0.0129 0.7059 0.6931 -0.1452
1311868210.5059 0.0649 -2.2649 2.9699 0.0129 0.7061 0.6929 -0.1457
1311868210.5419 0.0651 -2.2631 2.9707 0.0144 0.7067 0.6922 -0.1456
1311868210.5739 0.0645 -2.2629 2.9723 0.0169 0.7071 0.6919 -0.1451
1311868210.6060 0.0614 -2.2619 2.9721 0.0196 0.7071 0.6920 -0.1440
1311868210.6420 0.0576 -2.2637 2.9720 0.0217 0.7070 0.6925 -0.1423
1311868210.6739 0.0570 -2.2617 2.9707 0.0213 0.7069 0.6929 -0.1408
1311868210.7059 0.0548 -2.2608 2.9711 0.0203 0.7075 0.6926 -0.1390
1311868210.7421 0.0537 -2.2604 2.9704 0.0187 0.7080 0.6924 -0.1376
1311868210.7740 0.0521 -2.2595 2.9697 0.0170 0.7089 0.6920 -0.1354
1311868210.8059 0.0510 -2.2603 2.9704 0.0155 0.7101 0.6913 -0.1328
1311868210.8419 0.0482 -2.2608 2.9698 0.0148 0.7111 0.6908 -0.1301
1311868210.8740 0.0452 -2.2615 2.9719 0.0146 0.7128 0.6895 -0.1277
1311868210.9058 0.0410 -2.2639 2.9735 0.0151 0.7138 0.6891 -0.1241
1311868210.9420 0.0372 -2.2634 2.9726 0.0155 0.7140 0.6895 -0.1208
1311868210.9742 0.0319 -2.2657 2.9743 0.0165 0.7147 0.6891 -0.1186
1311868211.0058 0.0240 -2.2685 2.9744 0.0169 0.7142 0.6901 -0.1157
1311868211.0419 0.0189 -2.2684 2.9750 0.0150 0.7140 0.6907 -0.1139
1311868211.0740 0.0142 -2.2689 2.9769 0.0132 0.7140 0.6908 -0.1129
1311868211.1060 0.0103 -2.2683 2.9783 0.0114 0.7141 0.6909 -0.1119
1311868211.1420 0.0035 -2.2695 2.9817 0.0110 0.7145 0.6908 -0.1104
1311868211.1741 -0.0014 -2.2693 2.9839 0.0117 0.7145 0.6909 -0.1097
1311868211.2058 -0.0092 -2.2705 2.9872 0.0135 0.7150 0.6906 -0.1086
1311868211.2420 -0.0181 -2.2743 2.9912 0.0152 0.7148 0.6910 -0.1060
1311868211.2741 -0.0262 -2.2763 2.9915 0.0153 0.7141 0.6923 -0.1028
1311868211.3061 -0.0372 -2.2800 2.9950 0.0144 0.7138 0.6932 -0.0990
1311868211.3422 -0.0459 -2.2827 2.9965 0.0122 0.7134 0.6940 -0.0968
1311868211.3741 -0.0516 -2.2842 2.9995 0.0103 0.7131 0.6942 -0.0967
1311868211.4061 -0.0615 -2.2873 3.0052 0.0106 0.7134 0.6940 -0.0962
1311868211.4422 -0.0703 -2.2894 3.0082 0.0108 0.7131 0.6946 -0.0946
1311868211.4739 -0.0772 -2.2916 3.0108 0.0101 0.7129 0.6950 -0.0930
1311868211.5059 -0.0868 -2.2936 3.0139 0.0094 0.7132 0.6951 -0.0905
1311868211.5419 -0.0961 -2.2966 3.0172 0.0085 0.7134 0.6951 -0.0881
1311868211.5740 -0.1011 -2.2989 3.0191 0.0070 0.7134 0.6952 -0.0875
1311868211.6060 -0.1100 -2.3018 3.0236 0.0068 0.7140 0.6948 -0.0863
1311868211.6420 -0.1144 -2.3031 3.0271 0.0065 0.7141 0.6948 -0.0854
1311868211.6740 -0.1205 -2.3059 3.0329 0.0066 0.7141 0.6949 -0.0839
1311868211.7060 -0.1301 -2.3088 3.0328 0.0072 0.7128 0.6965 -0.0822
1311868211.7421 -0.1350 -2.3117 3.0360 0.0060 0.7120 0.6974 -0.0814
1311868211.7740 -0.1433 -2.3132 3.0393 0.0053 0.7113 0.6982 -0.0809
1311868211.8062 -0.1464 -2.3144 3.0439 0.0045 0.7110 0.6983 -0.0822
1311868211.8421 -0.1521 -2.3167 3.0476 0.0049 0.7108 0.6984 -0.0831
1311868211.8739 -0.1573 -2.3192 3.0522 0.0057 0.7106 0.6986 -0.0830
1311868211.9060 -0.1673 -2.3224 3.0542 0.0072 0.7096 0.6998 -0.0816
1311868211.9423 -0.1708 -2.3246 3.0585 0.0074 0.7095 0.6998 -0.0824
1311868211.9740 -0.1760 -2.3279 3.0628 0.0069 0.7092 0.7001 -0.0827
1311868212.0059 -0.1867 -2.3313 3.0634 0.0065 0.7079 0.7015 -0.0820
1311868212.0422 -0.1933 -2.3317 3.0663 0.0060 0.7074 0.7019 -0.0829
1311868212.0740 -0.1999 -2.3341 3.0732 0.0063 0.7077 0.7015 -0.0840
1311868212.1059 -0.2047 -2.3361 3.0775 0.0065 0.7072 0.7019 -0.0843
1311868212.1421 -0.2119 -2.3380 3.0767 0.0064 0.7057 0.7036 -0.0831
1311868212.1740 -0.2161 -2.3389 3.0784 0.0056 0.7054 0.7038 -0.0840
1311868212.2061 -0.2221 -2.3419 3.0814 0.0060 0.7054 0.7036 -0.0851
1311868212.2423 -0.2279 -2.3427 3.0846 0.0061 0.7056 0.7035 -0.0849
1311868212.2743 -0.2338 -2.3446 3.0861 0.0062 0.7057 0.7035 -0.0841
1311868212.3060 -0.2384 -2.3459 3.0868 0.0061 0.7058 0.7035 -0.0838
1311868212.3421 -0.2455 -2.3482 3.0883 0.0057 0.7059 0.7034 -0.0832
1311868212.3742 -0.2465 -2.3489 3.0886 0.0046 0.7059 0.7032 -0.0848
1311868212.4061 -0.2520 -2.3506 3.0904 0.0053 0.7060 0.7028 -0.0872
1311868212.4421 -0.2574 -2.3509 3.0918 0.0065 0.7061 0.7024 -0.0894
1311868212.4740 -0.2587 -2.3496 3.0910 0.0064 0.7060 0.7021 -0.0920
1311868212.5060 -0.2624 -2.3511 3.0897 0.0066 0.7064 0.7016 -0.0934
1311868212.5422 -0.2648 -2.3522 3.0902 0.0057 0.7068 0.7011 -0.0942
1311868212.5740 -0.2678 -2.3518 3.0908 0.0049 0.7074 0.7004 -0.0950
1311868212.6061 -0.2695 -2.3513 3.0935 0.0054 0.7086 0.6988 -0.0978
1311868212.6421 -0.2734 -2.3521 3.0932 0.0056 0.7086 0.6985 -0.0999
1311868212.6742 -0.2774 -2.3504 3.0913 0.0052 0.7086 0.6983 -0.1012
1311868212.7069 -0.2865 -2.3510 3.0892 0.0058 0.7087 0.6981 -0.1014
1311868212.7422 -0.2895 -2.3531 3.0866 0.0050 0.7089 0.6979 -0.1019
1311868212.7739 -0.2902 -2.3531 3.0862 0.0039 0.7090 0.6976 -0.1031
1311868212.8060 -0.2910 -2.3521 3.0873 0.0028 0.7098 0.6967 -0.1042
1311868212.8421 -0.2946 -2.3518 3.0852 0.0022 0.7095 0.6969 -0.1045
1311868212.8741 -0.3011 -2.3510 3.0852 0.0014 0.7099 0.6966 -0.1040
1311868212.9062 -0.3078 -2.3512 3.0838 0.0007 0.7097 0.6968 -0.1039
1311868212.9421 -0.3120 -2.3487 3.0772 -0.0011 0.7088 0.6977 -0.1040
1311868212.9742 -0.3146 -2.3484 3.0798 -0.0014 0.7101 0.6961 -0.1054
1311868213.0062 -0.3164 -2.3476 3.0788 -0.0009 0.7101 0.6961 -0.1058
1311868213.0422 -0.3204 -2.3448 3.0760 0.0003 0.7101 0.6962 -0.1051
1311868213.0740 -0.3247 -2.3444 3.0755 0.0017 0.7102 0.6962 -0.1040
1311868213.1061 -0.3294 -2.3430 3.0703 0.0015 0.7098 0.6969 -0.1021
1311868213.1421 -0.3336 -2.3408 3.0650 0.0002 0.7099 0.6972 -0.0998
1311868213.1742 -0.3364 -2.3383 3.0651 -0.0012 0.7114 0.6959 -0.0980
1311868213.2063 -0.3390 -2.3347 3.0610 -0.0021 0.7125 0.6951 -0.0958
1311868213.2422 -0.3409 -2.3335 3.0591 -0.0022 0.7138 0.6940 -0.0938
1311868213.2740 -0.3467 -2.3308 3.0554 -0.0020 0.7153 0.6928 -0.0911
1311868213.3062 -0.3527 -2.3308 3.0502 -0.0021 0.7164 0.6921 -0.0882
1311868213.3424 -0.3572 -2.3298 3.0490 -0.0032 0.7179 0.6908 -0.0861
1311868213.3744 -0.3607 -2.3290 3.0458 -0.0034 0.7181 0.6908 -0.0848
1311868213.4060 -0.3657 -2.3270 3.0442 -0.0026 0.7180 0.6910 -0.0838
1311868213.4423 -0.3707 -2.3250 3.0424 -0.0016 0.7178 0.6913 -0.0824
1311868213.4745 -0.3776 -2.3235 3.0398 -0.0015 0.7174 0.6921 -0.0795
1311868213.5063 -0.3854 -2.3228 3.0360 -0.0026 0.7167 0.6932 -0.0761
1311868213.5422 -0.3901 -2.3196 3.0317 -0.0045 0.7161 0.6941 -0.0735
1311868213.5743 -0.3958 -2.3173 3.0290 -0.0056 0.7157 0.6948 -0.0711
1311868213.6084 -0.4005 -2.3160 3.0262 -0.0071 0.7154 0.6953 -0.0683
1311868213.6421 -0.4030 -2.3135 3.0235 -0.0091 0.7154 0.6955 -0.0664
1311868213.6742 -0.4047 -2.3095 3.0213 -0.0108 0.7160 0.6949 -0.0656
1311868213.7063 -0.4105 -2.3077 3.0189 -0.0111 0.7167 0.6943 -0.0644
1311868213.7422 -0.4115 -2.3048 3.0188 -0.0104 0.7177 0.6932 -0.0651
1311868213.7741 -0.4147 -2.3025 3.0186 -0.0079 0.7186 0.6923 -0.0654
1311868213.8062 -0.4179 -2.3010 3.0175 -0.0052 0.7191 0.6918 -0.0659
1311868213.8422 -0.4245 -2.3001 3.0137 -0.0029 0.7194 0.6916 -0.0652
1311868213.8741 -0.4275 -2.3002 3.0101 -0.0030 0.7196 0.6913 -0.0644
1311868213.9063 -0.4300 -2.2983 3.0085 -0.0028 0.7204 0.6905 -0.0645
1311868213.9422 -0.4343 -2.2982 3.0071 -0.0031 0.7213 0.6896 -0.0637
1311868213.9741 -0.4356 -2.2945 3.0032 -0.0046 0.7224 0.6886 -0.0625
1311868214.0063 -0.4353 -2.2939 3.0034 -0.0049 0.7246 0.6864 -0.0614
1311868214.0422 -0.4388 -2.2932 3.0047 -0.0032 0.7267 0.6845 -0.0582
1311868214.0741 -0.4427 -2.2925 3.0004 -0.0009 0.7272 0.6841 -0.0566
1311868214.1062 -0.4459 -2.2927 3.0034 0.0041 0.7283 0.6829 -0.0565
1311868214.1423 -0.4446 -2.2917 3.0004 0.0078 0.7277 0.6835 -0.0570
1311868214.1740 -0.4500 -2.2896 3.0000 0.0129 0.7277 0.6836 -0.0551
1311868214.2063 -0.4545 -2.2904 2.9990 0.0163 0.7276 0.6838 -0.0515
1311868214.2422 -0.4587 -2.2891 2.9940 0.0168 0.7275 0.6843 -0.0475
1311868214.2742 -0.4613 -2.2892 2.9919 0.0163 0.7279 0.6839 -0.0460
1311868214.3064 -0.4597 -2.2876 2.9917 0.0152 0.7287 0.6830 -0.0476
1311868214.3423 -0.4627 -2.2876 2.9909 0.0147 0.7291 0.6826 -0.0478
1311868214.3742 -0.4665 -2.2862 2.9898 0.0151 0.7291 0.6826 -0.0468
1311868214.4062 -0.4690 -2.2840 2.9892 0.0169 0.7293 0.6824 -0.0456
1311868214.4422 -0.4738 -2.2835 2.9867 0.0189 0.7295 0.6824 -0.0433
1311868214.4743 -0.4777 -2.2839 2.9844 0.0190 0.7297 0.6823 -0.0399
1311868214.5066 -0.4794 -2.2842 2.9855 0.0172 0.7305 0.6817 -0.0367
1311868214.5423 -0.4812 -2.2825 2.9835 0.0156 0.7308 0.6815 -0.0353
1311868214.5744 -0.4850 -2.2820 2.9817 0.0149 0.7312 0.6812 -0.0335
1311868214.6064 -0.4869 -2.2801 2.9824 0.0146 0.7320 0.6805 -0.0304
1311868214.6423 -0.4904 -2.2790 2.9807 0.0149 0.7325 0.6801 -0.0258
1311868214.6744 -0.4945 -2.2777 2.9774 0.0154 0.7327 0.6800 -0.0212
1311868214.7062 -0.4967 -2.2769 2.9777 0.0157 0.7337 0.6791 -0.0180
1311868214.7423 -0.5024 -2.2762 2.9749 0.0160 0.7343 0.6785 -0.0138
1311868214.7745 -0.5066 -2.2758 2.9734 0.0152 0.7352 0.6776 -0.0091
1311868214.8065 -0.5095 -2.2743 2.9713 0.0136 0.7363 0.6765 -0.0036
1311868214.8423 -0.5134 -2.2724 2.9690 0.0120 0.7376 0.6751 0.0022
1311868214.8743 -0.5212 -2.2731 2.9663 0.0125 0.7385 0.6741 0.0076
1311868214.9063 -0.5249 -2.2733 2.9662 0.0139 0.7388 0.6737 0.0120
1311868214.9422 -0.5285 -2.2720 2.9651 0.0149 0.7385 0.6738 0.0167
1311868214.9744 -0.5354 -2.2721 2.9640 0.0138 0.7383 0.6740 0.0227
1311868215.0064 -0.5381 -2.2719 2.9614 0.0096 0.7384 0.6737 0.0277
1311868215.0422 -0.5423 -2.2718 2.9603 0.0056 0.7389 0.6730 0.0313
1311868215.0742 -0.5440 -2.2709 2.9589 0.0031 0.7393 0.6725 0.0330
1311868215.1062 -0.5482 -2.2694 2.9553 0.0023 0.7398 0.6718 0.0357
1311868215.1423 -0.5519 -2.2698 2.9540 0.0019 0.7408 0.6706 0.0394
1311868215.1743 -0.5566 -2.2700 2.9504 0.0011 0.7411 0.6699 0.0445
1311868215.2064 -0.5607 -2.2711 2.9484 -0.0001 0.7416 0.6691 0.0483
1311868215.2423 -0.5637 -2.2710 2.9447 -0.0014 0.7419 0.6685 0.0513
1311868215.2744 -0.5674 -2.2733 2.9431 -0.0030 0.7422 0.6680 0.0538
1311868215.3064 -0.5708 -2.2714 2.9368 -0.0043 0.7418 0.6683 0.0561
1311868215.3425 -0.5749 -2.2729 2.9344 -0.0045 0.7420 0.6678 0.0584
1311868215.3742 -0.5783 -2.2728 2.9303 -0.0049 0.7411 0.6685 0.0617
1311868215.4064 -0.5783 -2.2715 2.9246 -0.0052 0.7408 0.6686 0.0639
1311868215.4423 -0.5815 -2.2718 2.9201 -0.0044 0.7409 0.6683 0.0663
1311868215.4745 -0.5823 -2.2725 2.9139 -0.0055 0.7410 0.6679 0.0690
1311868215.5063 -0.5846 -2.2730 2.9095 -0.0075 0.7420 0.6665 0.0719
1311868215.5423 -0.5799 -2.2733 2.9077 -0.0080 0.7431 0.6652 0.0717
1311868215.5741 -0.5856 -2.2753 2.9003 -0.0070 0.7431 0.6651 0.0736
1311868215.6062 -0.5832 -2.2723 2.8961 -0.0056 0.7441 0.6640 0.0736
1311868215.6424 -0.5874 -2.2746 2.8886 -0.0045 0.7456 0.6619 0.0773
1311868215.6745 -0.5853 -2.2744 2.8894 -0.0047 0.7476 0.6591 0.0819
1311868215.7065 -0.5885 -2.2768 2.8783 -0.0045 0.7469 0.6591 0.0880
1311868215.7422 -0.5857 -2.2773 2.8783 -0.0046 0.7481 0.6574 0.0907
1311868215.7747 -0.5849 -2.2772 2.8767 -0.0050 0.7490 0.6560 0.0933
1311868215.8066 -0.5871 -2.2790 2.8725 -0.0061 0.7497 0.6545 0.0973
1311868215.8423 -0.5817 -2.2764 2.8708 -0.0064 0.7509 0.6532 0.0975
1311868215.8742 -0.5854 -2.2793 2.8652 -0.0051 0.7514 0.6524 0.0992
1311868215.9064 -0.5831 -2.2785 2.8623 -0.0036 0.7518 0.6517 0.1000
1311868215.9424 -0.5852 -2.2796 2.8555 -0.0024 0.7523 0.6508 0.1029
1311868215.9743 -0.5848 -2.2812 2.8504 -0.0016 0.7524 0.6504 0.1042
1311868216.0065 -0.5870 -2.2824 2.8426 -0.0006 0.7519 0.6508 0.1055
1311868216.0425 -0.5841 -2.2823 2.8374 0.0005 0.7521 0.6506 0.1051
1311868216.0742 -0.5874 -2.2849 2.8281 0.0009 0.7518 0.6508 0.1066
1311868216.1063 -0.5878 -2.2842 2.8215 0.0018 0.7520 0.6506 0.1055
1311868216.1424 -0.5882 -2.2840 2.8168 0.0031 0.7535 0.6493 0.1032
1311868216.1742 -0.5893 -2.2886 2.8145 0.0035 0.7553 0.6472 0.1028
1311868216.2063 -0.5926 -2.2890 2.8087 0.0049 0.7553 0.6471 0.1043
1311868216.2429 -0.5898 -2.2899 2.8075 0.0055 0.7568 0.6454 0.1035
1311868216.2759 -0.5926 -2.2929 2.8031 0.0071 0.7580 0.6439 0.1039
1311868216.3067 -0.5943 -2.2950 2.8017 0.0074 0.7585 0.6429 0.1059
1311868216.3426 -0.5953 -2.2951 2.7981 0.0075 0.7588 0.6420 0.1092
1311868216.3743 -0.5965 -2.2958 2.7959 0.0088 0.7588 0.6417 0.1112
1311868216.4067 -0.5968 -2.2950 2.7936 0.0097 0.7588 0.6417 0.1112
1311868216.4423 -0.6025 -2.2972 2.7859 0.0095 0.7584 0.6422 0.1109
1311868216.4744 -0.6013 -2.2962 2.7843 0.0078 0.7600 0.6409 0.1077
1311868216.5064 -0.6049 -2.2980 2.7792 0.0065 0.7603 0.6407 0.1065
1311868216.5424 -0.6085 -2.2983 2.7734 0.0063 0.7608 0.6405 0.1047
1311868216.5743 -0.6059 -2.2983 2.7747 0.0067 0.7622 0.6393 0.1016
1311868216.6065 -0.6076 -2.2989 2.7722 0.0092 0.7630 0.6384 0.1006
1311868216.6425 -0.6098 -2.3009 2.7699 0.0104 0.7636 0.6376 0.1013
1311868216.6743 -0.6097 -2.3017 2.7670 0.0131 0.7650 0.6358 0.1019
1311868216.7066 -0.6133 -2.3030 2.7633 0.0155 0.7658 0.6343 0.1046
1311868216.7425 -0.6181 -2.3050 2.7571 0.0173 0.7671 0.6325 0.1056
1311868216.7743 -0.6211 -2.3074 2.7547 0.0186 0.7695 0.6296 0.1051
1311868216.8064 -0.6237 -2.3102 2.7525 0.0191 0.7716 0.6271 0.1046
1311868216.8425 -0.6248 -2.3123 2.7505 0.0187 0.7737 0.6245 0.1049
1311868216.8744 -0.6252 -2.3136 2.7505 0.0181 0.7748 0.6231 0.1057
1311868216.9064 -0.6294 -2.3134 2.7439 0.0167 0.7754 0.6223 0.1061
1311868216.9424 -0.6324 -2.3171 2.7406 0.0154 0.7765 0.6211 0.1053
1311868216.9746 -0.6339 -2.3169 2.7383 0.0155 0.7769 0.6208 0.1040
1311868217.0064 -0.6356 -2.3210 2.7367 0.0146 0.7776 0.6201 0.1033
1311868217.0424 -0.6365 -2.3238 2.7376 0.0127 0.7770 0.6208 0.1033
1311868217.0746 -0.6346 -2.3207 2.7375 0.0118 0.7763 0.6221 0.1010
1311868217.1067 -0.6364 -2.3207 2.7316 0.0111 0.7758 0.6231 0.0990
1311868217.1437 -0.6390 -2.3214 2.7268 0.0106 0.7768 0.6220 0.0981
1311868217.1746 -0.6400 -2.3215 2.7234 0.0102 0.7783 0.6204 0.0964
1311868217.2066 -0.6394 -2.3236 2.7188 0.0104 0.7809 0.6174 0.0941
1311868217.2424 -0.6407 -2.3265 2.7199 0.0105 0.7840 0.6136 0.0939
1311868217.2747 -0.6413 -2.3297 2.7193 0.0103 0.7862 0.6108 0.0933
1311868217.3073 -0.6416 -2.3316 2.7182 0.0109 0.7880 0.6087 0.0918
1311868217.3425 -0.6417 -2.3336 2.7176 0.0113 0.7901 0.6061 0.0904
1311868217.3743 -0.6417 -2.3362 2.7197 0.0111 0.7917 0.6041 0.0902
1311868217.4067 -0.6435 -2.3380 2.7175 0.0100 0.7925 0.6029 0.0916
1311868217.4425 -0.6452 -2.3401 2.7179 0.0081 0.7934 0.6015 0.0931
1311868217.4751 -0.6444 -2.3392 2.7180 0.0066 0.7938 0.6010 0.0931
1311868217.5066 -0.6444 -2.3396 2.7176 0.0068 0.7939 0.6009 0.0925
1311868217.5423 -0.6442 -2.3394 2.7175 0.0080 0.7936 0.6014 0.0921
1311868217.5743 -0.6438 -2.3391 2.7181 0.0085 0.7931 0.6020 0.0924
1311868217.6063 -0.6438 -2.3367 2.7171 0.0083 0.7923 0.6030 0.0925
1311868217.6424 -0.6424 -2.3347 2.7171 0.0080 0.7919 0.6037 0.0914
1311868217.6744 -0.6408 -2.3322 2.7163 0.0076 0.7914 0.6046 0.0905
1311868217.7064 -0.6393 -2.3302 2.7152 0.0072 0.7912 0.6049 0.0902
1311868217.7424 -0.6385 -2.3291 2.7151 0.0070 0.7912 0.6049 0.0902
1311868217.7755 -0.6373 -2.3271 2.7149 0.0068 0.7908 0.6054 0.0901
1311868217.8068 -0.6365 -2.3251 2.7144 0.0063 0.7907 0.6056 0.0899
1311868217.8425 -0.6344 -2.3222 2.7140 0.0052 0.7909 0.6054 0.0894
1311868217.8743 -0.6336 -2.3205 2.7138 0.0039 0.7915 0.6047 0.0891
1311868217.9065 -0.6338 -2.3197 2.7130 0.0026 0.7922 0.6038 0.0888
1311868217.9425 -0.6339 -2.3188 2.7122 0.0019 0.7929 0.6028 0.0885
1311868217.9751 -0.6327 -2.3178 2.7121 0.0024 0.7937 0.6019 0.0879
1311868218.0064 -0.6295 -2.3162 2.7135 0.0042 0.7949 0.6005 0.0873
1311868218.0424 -0.6278 -2.3161 2.7161 0.0052 0.7955 0.5993 0.0894
1311868218.0747 -0.6271 -2.3135 2.7147 0.0058 0.7957 0.5987 0.0916
1311868218.1065 -0.6260 -2.3121 2.7163 0.0065 0.7967 0.5973 0.0922
1311868218.1425 -0.6256 -2.3113 2.7177 0.0068 0.7974 0.5962 0.0928
1311868218.1746 -0.6257 -2.3104 2.7192 0.0068 0.7977 0.5958 0.0934
1311868218.2065 -0.6245 -2.3084 2.7207 0.0069 0.7976 0.5959 0.0933
1311868218.2425 -0.6219 -2.3064 2.7228 0.0079 0.7972 0.5964 0.0931
1311868218.2746 -0.6189 -2.3025 2.7261 0.0100 0.7966 0.5972 0.0933
1311868218.3065 -0.6182 -2.3002 2.7278 0.0116 0.7958 0.5980 0.0940
1311868218.3426 -0.6186 -2.2974 2.7302 0.0125 0.7952 0.5989 0.0940
1311868218.3748 -0.6187 -2.2945 2.7308 0.0124 0.7950 0.5992 0.0938
1311868218.4105 -0.6203 -2.2926 2.7327 0.0119 0.7950 0.5992 0.0935
1311868218.4425 -0.6209 -2.2906 2.7331 0.0121 0.7949 0.5996 0.0921
1311868218.4745 -0.6235 -2.2905 2.7347 0.0135 0.7947 0.5999 0.0911
1311868218.5104 -0.6240 -2.2880 2.7378 0.0149 0.7942 0.6007 0.0901
1311868218.5424 -0.6250 -2.2855 2.7403 0.0154 0.7937 0.6014 0.0897
1311868218.5744 -0.6273 -2.2833 2.7390 0.0163 0.7934 0.6020 0.0884
1311868218.6104 -0.6281 -2.2814 2.7420 0.0172 0.7948 0.6003 0.0874
1311868218.6425 -0.6299 -2.2810 2.7453 0.0168 0.7956 0.5990 0.0886
1311868218.6745 -0.6298 -2.2798 2.7464 0.0174 0.7958 0.5984 0.0910
1311868218.7104 -0.6307 -2.2799 2.7482 0.0198 0.7957 0.5979 0.0947
1311868218.7425 -0.6325 -2.2793 2.7491 0.0222 0.7956 0.5974 0.0984
1311868218.7745 -0.6355 -2.2773 2.7504 0.0238 0.7958 0.5965 0.1020
1311868218.8103 -0.6389 -2.2750 2.7521 0.0232 0.7962 0.5956 0.1041
1311868218.8424 -0.6414 -2.2744 2.7544 0.0219 0.7966 0.5949 0.1048
1311868218.8747 -0.6449 -2.2753 2.7581 0.0192 0.7966 0.5949 0.1056
1311868218.9103 -0.6482 -2.2758 2.7615 0.0150 0.7958 0.5957 0.1072
1311868218.9424 -0.6500 -2.2723 2.7649 0.0119 0.7942 0.5980 0.1078
1311868218.9745 -0.6522 -2.2692 2.7656 0.0088 0.7927 0.5997 0.1090
1311868219.0107 -0.6550 -2.2679 2.7673 0.0045 0.7921 0.6002 0.1111
1311868219.0428 -0.6574 -2.2659 2.7693 0.0010 0.7920 0.6001 0.1124
1311868219.0747 -0.6586 -2.2626 2.7721 -0.0003 0.7922 0.5999 0.1124
1311868219.1107 -0.6596 -2.2601 2.7739 0.0000 0.7922 0.5999 0.1124
1311868219.1424 -0.6609 -2.2567 2.7775 0.0013 0.7921 0.6000 0.1125
1311868219.1745 -0.6636 -2.2530 2.7800 0.0023 0.7920 0.6000 0.1131
1311868219.2104 -0.6664 -2.2491 2.7845 0.0025 0.7920 0.5999 0.1129
1311868219.2426 -0.6677 -2.2429 2.7888 0.0040 0.7918 0.6005 0.1112
1311868219.2745 -0.6677 -2.2382 2.7948 0.0056 0.7917 0.6010 0.1091
1311868219.3106 -0.6684 -2.2343 2.8020 0.0067 0.7910 0.6022 0.1081
1311868219.3429 -0.6696 -2.2305 2.8086 0.0073 0.7900 0.6035 0.1080
1311868219.3746 -0.6728 -2.2270 2.8117 0.0075 0.7879 0.6059 0.1093
1311868219.4104 -0.6771 -2.2235 2.8125 0.0087 0.7853 0.6090 0.1110
1311868219.4425 -0.6793 -2.2209 2.8154 0.0117 0.7829 0.6117 0.1130
1311868219.4744 -0.6816 -2.2187 2.8193 0.0145 0.7804 0.6142 0.1163
1311868219.5105 -0.6837 -2.2160 2.8233 0.0167 0.7773 0.6175 0.1196
1311868219.5433 -0.6879 -2.2105 2.8234 0.0196 0.7740 0.6209 0.1225
1311868219.5748 -0.6895 -2.2061 2.8296 0.0218 0.7723 0.6228 0.1234
1311868219.6107 -0.6919 -2.2008 2.8321 0.0234 0.7698 0.6256 0.1244
1311868219.6429 -0.6923 -2.1981 2.8356 0.0249 0.7681 0.6276 0.1244
1311868219.6744 -0.6920 -2.1942 2.8388 0.0290 0.7664 0.6296 0.1241
1311868219.7108 -0.6953 -2.1885 2.8421 0.0332 0.7648 0.6309 0.1262
1311868219.7426 -0.6973 -2.1858 2.8464 0.0352 0.7635 0.6317 0.1295
1311868219.7745 -0.6946 -2.1817 2.8544 0.0347 0.7635 0.6312 0.1320
1311868219.8104 -0.6958 -2.1781 2.8572 0.0354 0.7634 0.6309 0.1343
1311868219.8428 -0.6988 -2.1760 2.8580 0.0367 0.7632 0.6306 0.1364
1311868219.8745 -0.6977 -2.1747 2.8617 0.0373 0.7633 0.6301 0.1376
1311868219.9106 -0.6946 -2.1728 2.8705 0.0383 0.7634 0.6298 0.1381
1311868219.9426 -0.6999 -2.1700 2.8682 0.0409 0.7619 0.6308 0.1411
1311868219.9749 -0.6970 -2.1668 2.8765 0.0431 0.7618 0.6305 0.1422
1311868220.0106 -0.7000 -2.1641 2.8793 0.0456 0.7605 0.6314 0.1445
1311868220.0428 -0.6994 -2.1615 2.8875 0.0475 0.7594 0.6323 0.1456
1311868220.0747 -0.7004 -2.1616 2.8912 0.0482 0.7567 0.6350 0.1478
1311868220.1106 -0.7017 -2.1580 2.8941 0.0484 0.7539 0.6379 0.1494
1311868220.1426 -0.7033 -2.1541 2.8966 0.0494 0.7514 0.6404 0.1512
1311868220.1747 -0.7044 -2.1521 2.9003 0.0499 0.7493 0.6425 0.1524
1311868220.2105 -0.7036 -2.1509 2.9069 0.0502 0.7474 0.6446 0.1529
1311868220.2425 -0.7047 -2.1448 2.9121 0.0522 0.7453 0.6466 0.1537
1311868220.2749 -0.7029 -2.1437 2.9213 0.0521 0.7447 0.6471 0.1548
1311868220.3107 -0.7059 -2.1401 2.9265 0.0515 0.7427 0.6487 0.1578
1311868220.3428 -0.7097 -2.1368 2.9281 0.0500 0.7413 0.6498 0.1606
1311868220.3750 -0.7075 -2.1344 2.9409 0.0479 0.7424 0.6484 0.1616
1311868220.4105 -0.7108 -2.1342 2.9437 0.0462 0.7404 0.6500 0.1646
1311868220.4426 -0.7131 -2.1321 2.9463 0.0449 0.7381 0.6521 0.1670
1311868220.4748 -0.7138 -2.1298 2.9500 0.0433 0.7362 0.6539 0.1691
1311868220.5109 -0.7167 -2.1301 2.9532 0.0427 0.7336 0.6562 0.1713
1311868220.5426 -0.7181 -2.1310 2.9592 0.0418 0.7312 0.6585 0.1728
1311868220.5745 -0.7175 -2.1296 2.9646 0.0404 0.7283 0.6616 0.1736
1311868220.6113 -0.7217 -2.1272 2.9663 0.0404 0.7254 0.6648 0.1739
1311868220.6426 -0.7244 -2.1260 2.9722 0.0389 0.7234 0.6670 0.1741
1311868220.6746 -0.7254 -2.1240 2.9771 0.0372 0.7218 0.6689 0.1739
1311868220.7106 -0.7297 -2.1224 2.9787 0.0371 0.7201 0.6707 0.1738
1311868220.7427 -0.7307 -2.1227 2.9867 0.0375 0.7192 0.6717 0.1736
1311868220.7745 -0.7350 -2.1228 2.9881 0.0384 0.7165 0.6741 0.1753
1311868220.8108 -0.7279 -2.1212 2.9985 0.0388 0.7165 0.6747 0.1730
1311868220.8427 -0.7414 -2.1207 2.9929 0.0414 0.7134 0.6771 0.1757
1311868220.8748 -0.7432 -2.1215 2.9968 0.0413 0.7118 0.6788 0.1756
1311868220.9107 -0.7432 -2.1211 3.0019 0.0406 0.7114 0.6795 0.1751
1311868220.9430 -0.7470 -2.1207 3.0042 0.0396 0.7116 0.6793 0.1749
1311868220.9749 -0.7495 -2.1209 3.0064 0.0384 0.7116 0.6792 0.1753
1311868221.0105 -0.7511 -2.1213 3.0066 0.0375 0.7106 0.6802 0.1762
1311868221.0426 -0.7571 -2.1196 3.0096 0.0370 0.7104 0.6799 0.1781
1311868221.0748 -0.7601 -2.1216 3.0105 0.0368 0.7101 0.6799 0.1791
1311868221.1106 -0.7571 -2.1248 3.0176 0.0357 0.7105 0.6797 0.1783
1311868221.1427 -0.7601 -2.1212 3.0181 0.0363 0.7094 0.6808 0.1788
1311868221.1746 -0.7673 -2.1202 3.0180 0.0371 0.7093 0.6807 0.1794
1311868221.2106 -0.7693 -2.1222 3.0180 0.0366 0.7088 0.6812 0.1794
1311868221.2427 -0.7683 -2.1216 3.0233 0.0358 0.7097 0.6805 0.1789
1311868221.2750 -0.7714 -2.1207 3.0194 0.0350 0.7095 0.6804 0.1803
1311868221.3114 -0.7734 -2.1213 3.0251 0.0346 0.7106 0.6791 0.1805
1311868221.3428 -0.7733 -2.1236 3.0275 0.0331 0.7106 0.6792 0.1807
1311868221.3749 -0.7736 -2.1238 3.0307 0.0323 0.7112 0.6786 0.1807
1311868221.4107 -0.7757 -2.1235 3.0310 0.0316 0.7119 0.6778 0.1809
1311868221.4428 -0.7772 -2.1263 3.0322 0.0307 0.7127 0.6771 0.1809
1311868221.4747 -0.7798 -2.1292 3.0341 0.0301 0.7124 0.6772 0.1815
1311868221.5110 -0.7800 -2.1293 3.0363 0.0293 0.7126 0.6772 0.1812
1311868221.5430 -0.7819 -2.1306 3.0386 0.0292 0.7129 0.6770 0.1806
1311868221.5747 -0.7781 -2.1316 3.0387 0.0283 0.7124 0.6780 0.1792
1311868221.6107 -0.7798 -2.1324 3.0422 0.0293 0.7128 0.6778 0.1780
1311868221.6426 -0.7827 -2.1331 3.0429 0.0305 0.7128 0.6780 0.1771
1311868221.6746 -0.7860 -2.1334 3.0397 0.0313 0.7127 0.6781 0.1768
1311868221.7115 -0.7873 -2.1358 3.0405 0.0314 0.7126 0.6784 0.1760
1311868221.7428 -0.7860 -2.1337 3.0424 0.0321 0.7134 0.6781 0.1735
1311868221.7759 -0.7885 -2.1353 3.0455 0.0324 0.7145 0.6773 0.1724
1311868221.8108 -0.7871 -2.1376 3.0466 0.0311 0.7146 0.6777 0.1706
1311868221.8427 -0.7866 -2.1371 3.0454 0.0309 0.7144 0.6786 0.1677
1311868221.8746 -0.7893 -2.1373 3.0452 0.0322 0.7138 0.6799 0.1648
1311868221.9108 -0.7980 -2.1367 3.0403 0.0347 0.7120 0.6818 0.1639
1311868221.9427 -0.8008 -2.1362 3.0402 0.0357 0.7121 0.6817 0.1637
1311868221.9753 -0.7984 -2.1370 3.0422 0.0353 0.7129 0.6811 0.1632
1311868222.0107 -0.8011 -2.1372 3.0413 0.0349 0.7139 0.6802 0.1624
1311868222.0428 -0.8055 -2.1379 3.0400 0.0342 0.7148 0.6795 0.1618
1311868222.0771 -0.8053 -2.1407 3.0394 0.0337 0.7138 0.6807 0.1612
1311868222.1107 -0.8049 -2.1369 3.0401 0.0342 0.7139 0.6809 0.1602
1311868222.1429 -0.8079 -2.1376 3.0407 0.0346 0.7146 0.6803 0.1592
1311868222.1750 -0.8115 -2.1373 3.0381 0.0335 0.7144 0.6807 0.1590
1311868222.2108 -0.8143 -2.1355 3.0381 0.0322 0.7154 0.6800 0.1573
1311868222.2427 -0.8177 -2.1365 3.0370 0.0321 0.7155 0.6803 0.1559
1311868222.2757 -0.8204 -2.1350 3.0335 0.0323 0.7142 0.6816 0.1558
1311868222.3109 -0.8199 -2.1324 3.0344 0.0316 0.7141 0.6819 0.1552
1311868222.3430 -0.8208 -2.1331 3.0362 0.0314 0.7137 0.6825 0.1545
1311868222.3753 -0.8310 -2.1312 3.0311 0.0331 0.7123 0.6838 0.1550
1311868222.4108 -0.8347 -2.1279 3.0277 0.0345 0.7115 0.6846 0.1545
1311868222.4427 -0.8362 -2.1271 3.0275 0.0352 0.7118 0.6844 0.1538
1311868222.4747 -0.8428 -2.1249 3.0244 0.0351 0.7113 0.6845 0.1558
1311868222.5108 -0.8456 -2.1241 3.0251 0.0340 0.7117 0.6837 0.1580
1311868222.5428 -0.8460 -2.1226 3.0263 0.0329 0.7119 0.6829 0.1605
1311868222.5747 -0.8412 -2.1203 3.0267 0.0308 0.7125 0.6820 0.1622
1311868222.6107 -0.8446 -2.1201 3.0248 0.0292 0.7128 0.6809 0.1656
1311868222.6430 -0.8528 -2.1171 3.0193 0.0283 0.7110 0.6815 0.1712
1311868222.6749 -0.8630 -2.1145 3.0111 0.0286 0.7089 0.6826 0.1752
1311868222.7108 -0.8684 -2.1139 3.0069 0.0295 0.7066 0.6846 0.1765
1311868222.7428 -0.8705 -2.1100 3.0061 0.0305 0.7048 0.6859 0.1784
1311868222.7749 -0.8830 -2.1048 2.9983 0.0326 0.7027 0.6867 0.1834
1311868222.8109 -0.8882 -2.1015 2.9952 0.0325 0.7019 0.6864 0.1874
1311868222.8429 -0.8891 -2.1020 2.9949 0.0312 0.7016 0.6862 0.1893
1311868222.8756 -0.8895 -2.1034 2.9952 0.0295 0.7009 0.6870 0.1895
1311868222.9107 -0.8859 -2.1014 2.9977 0.0277 0.7010 0.6874 0.1879
1311868222.9432 -0.8941 -2.0967 2.9928 0.0287 0.6999 0.6881 0.1894
1311868222.9748 -0.8746 -2.1034 3.0021 0.0251 0.7024 0.6866 0.1860
1311868223.0124 -0.9036 -2.0943 2.9870 0.0293 0.6993 0.6867 0.1963
1311868223.0438 -0.9072 -2.0928 2.9841 0.0289 0.6989 0.6863 0.1991
1311868223.0765 -0.9139 -2.0894 2.9781 0.0297 0.6991 0.6857 0.2007
1311868223.1109 -0.9139 -2.0911 2.9789 0.0291 0.6996 0.6851 0.2009
1311868223.1437 -0.9139 -2.0884 2.9782 0.0287 0.6998 0.6847 0.2016
1311868223.1748 -0.9208 -2.0882 2.9736 0.0296 0.6997 0.6840 0.2040
1311868223.2109 -0.9241 -2.0884 2.9714 0.0296 0.6987 0.6842 0.2069
1311868223.2427 -0.8914 -2.0994 2.9946 0.0242 0.7029 0.6823 0.1995
1311868223.2753 -0.9293 -2.0834 2.9692 0.0307 0.6975 0.6844 0.2101
1311868223.3107 -0.9307 -2.0819 2.9689 0.0303 0.6973 0.6846 0.2105
1311868223.3434 -0.9348 -2.0783 2.9665 0.0299 0.6970 0.6846 0.2114
1311868223.3755 -0.9341 -2.0774 2.9680 0.0288 0.6981 0.6835 0.2112
1311868223.4108 -0.9388 -2.0755 2.9655 0.0292 0.6982 0.6828 0.2131
1311868223.4441 -0.9478 -2.0710 2.9577 0.0314 0.6970 0.6829 0.2164
1311868223.4791 -0.9447 -2.0725 2.9615 0.0312 0.6982 0.6820 0.2155
1311868223.5112 -0.9497 -2.0722 2.9591 0.0320 0.6979 0.6820 0.2160
1311868223.5428 -0.9557 -2.0712 2.9543 0.0325 0.6970 0.6833 0.2152
1311868223.5763 -0.9280 -2.0796 2.9736 0.0274 0.7026 0.6808 0.2052
1311868223.6108 -0.9239 -2.0842 2.9760 0.0267 0.7048 0.6791 0.2033
1311868223.6427 -0.9273 -2.0842 2.9747 0.0279 0.7050 0.6785 0.2046
1311868223.6748 -0.9306 -2.0836 2.9741 0.0294 0.7053 0.6778 0.2057
1311868223.7109 -0.9588 -2.0734 2.9524 0.0358 0.7009 0.6798 0.2130
1311868223.7429 -0.9610 -2.0737 2.9517 0.0370 0.7006 0.6801 0.2128
1311868223.7749 -0.9636 -2.0734 2.9508 0.0381 0.7003 0.6804 0.2126
1311868223.8110 -0.9664 -2.0718 2.9493 0.0386 0.6999 0.6806 0.2130
1311868223.8428 -0.9668 -2.0726 2.9510 0.0387 0.7004 0.6801 0.2132
1311868223.8748 -0.9679 -2.0736 2.9516 0.0398 0.7003 0.6801 0.2133
1311868223.9109 -0.9751 -2.0716 2.9477 0.0430 0.6987 0.6810 0.2149
1311868223.9430 -0.9772 -2.0700 2.9478 0.0448 0.6980 0.6815 0.2152
1311868223.9751 -0.9796 -2.0693 2.9471 0.0465 0.6981 0.6817 0.2140
1311868224.0108 -0.9785 -2.0717 2.9536 0.0474 0.7000 0.6806 0.2111
1311868224.0437 -0.9813 -2.0714 2.9550 0.0485 0.7007 0.6799 0.2105
1311868224.0756 -0.9888 -2.0687 2.9496 0.0505 0.7001 0.6799 0.2122
1311868224.1108 -0.9956 -2.0684 2.9461 0.0518 0.6997 0.6795 0.2143
1311868224.1453 -1.0026 -2.0678 2.9441 0.0524 0.6992 0.6793 0.2165
1311868224.1748 -1.0044 -2.0688 2.9459 0.0507 0.6999 0.6784 0.2177
1311868224.2114 -1.0108 -2.0685 2.9451 0.0496 0.7000 0.6778 0.2193
1311868224.2429 -1.0070 -2.0686 2.9497 0.0471 0.7012 0.6769 0.2187
1311868224.2774 -1.0191 -2.0649 2.9456 0.0468 0.7016 0.6751 0.2232
1311868224.3115 -1.0321 -2.0604 2.9339 0.0480 0.7003 0.6744 0.2291
1311868224.3429 -1.0302 -2.0628 2.9416 0.0461 0.7032 0.6711 0.2303
1311868224.3749 -1.0416 -2.0625 2.9309 0.0473 0.7027 0.6705 0.2333
1311868224.4109 -1.0478 -2.0640 2.9301 0.0477 0.7028 0.6699 0.2346
1311868224.4429 -1.0315 -2.0746 2.9491 0.0441 0.7059 0.6684 0.2302
1311868224.4750 -1.0633 -2.0619 2.9243 0.0490 0.7008 0.6706 0.2382
1311868224.5118 -1.0666 -2.0623 2.9276 0.0474 0.7013 0.6695 0.2404
1311868224.5453 -1.0757 -2.0603 2.9258 0.0455 0.7008 0.6685 0.2447
1311868224.5747 -1.0783 -2.0596 2.9266 0.0431 0.7015 0.6676 0.2456
1311868224.6112 -1.0813 -2.0628 2.9283 0.0406 0.7025 0.6669 0.2451
1311868224.6431 -1.0884 -2.0635 2.9268 0.0404 0.7025 0.6669 0.2452
1311868224.6749 -1.0949 -2.0639 2.9245 0.0410 0.7023 0.6669 0.2458
1311868224.7108 -1.1033 -2.0651 2.9237 0.0414 0.7019 0.6665 0.2476
1311868224.7428 -1.1135 -2.0633 2.9187 0.0415 0.7005 0.6673 0.2496
1311868224.7756 -1.1247 -2.0596 2.9131 0.0414 0.6994 0.6681 0.2505
1311868224.8123 -1.1269 -2.0617 2.9160 0.0393 0.7003 0.6679 0.2489
1311868224.8427 -1.1342 -2.0609 2.9193 0.0377 0.7002 0.6677 0.2501
1311868224.8749 -1.1316 -2.0616 2.9206 0.0350 0.7008 0.6675 0.2492
1311868224.9121 -1.1415 -2.0600 2.9172 0.0345 0.7008 0.6665 0.2517
1311868224.9431 -1.1551 -2.0547 2.9109 0.0349 0.7001 0.6659 0.2553
1311868224.9783 -1.1605 -2.0538 2.9088 0.0345 0.7005 0.6651 0.2564
1311868225.0120 -1.1628 -2.0547 2.9072 0.0338 0.7012 0.6644 0.2563
1311868225.0454 -1.1717 -2.0526 2.9042 0.0348 0.7017 0.6633 0.2576
1311868225.0761 -1.1722 -2.0566 2.9071 0.0341 0.7031 0.6622 0.2568
1311868225.1112 -1.1809 -2.0539 2.9015 0.0354 0.7027 0.6617 0.2593
1311868225.1439 -1.1889 -2.0527 2.8973 0.0365 0.7024 0.6612 0.2610
1311868225.1760 -1.1916 -2.0531 2.8976 0.0366 0.7025 0.6610 0.2611
1311868225.2116 -1.1962 -2.0538 2.8971 0.0366 0.7024 0.6610 0.2614
1311868225.2429 -1.2025 -2.0545 2.8965 0.0366 0.7021 0.6611 0.2621
1311868225.2750 -1.2076 -2.0563 2.8972 0.0358 0.7018 0.6609 0.2634
1311868225.3108 -1.2114 -2.0579 2.8971 0.0343 0.7012 0.6610 0.2651
1311868225.3429 -1.2137 -2.0579 2.8997 0.0333 0.7013 0.6607 0.2656
1311868225.3794 -1.2176 -2.0583 2.9013 0.0330 0.7013 0.6605 0.2661
1311868225.4109 -1.2244 -2.0557 2.9001 0.0341 0.7004 0.6611 0.2671
1311868225.4434 -1.2312 -2.0547 2.8977 0.0351 0.6995 0.6615 0.2682
1311868225.4793 -1.2346 -2.0563 2.8993 0.0348 0.6994 0.6614 0.2689
1311868225.5109 -1.2383 -2.0563 2.8998 0.0350 0.6994 0.6610 0.2696
1311868225.5429 -1.2438 -2.0554 2.8990 0.0350 0.6992 0.6606 0.2710
1311868225.5764 -1.2483 -2.0553 2.8995 0.0352 0.6996 0.6599 0.2718
1311868225.6121 -1.2516 -2.0559 2.8992 0.0356 0.6995 0.6596 0.2727
1311868225.6442 -1.2577 -2.0556 2.8983 0.0371 0.6989 0.6595 0.2743
1311868225.6789 -1.2588 -2.0583 2.9005 0.0379 0.6985 0.6595 0.2751
1311868225.7113 -1.2610 -2.0606 2.9042 0.0386 0.6979 0.6595 0.2767
1311868225.7463 -1.2662 -2.0555 2.9009 0.0401 0.6959 0.6605 0.2792
1311868225.7769 -1.2681 -2.0545 2.9017 0.0403 0.6958 0.6601 0.2802
1311868225.8109 -1.2772 -2.0527 2.8976 0.0420 0.6944 0.6603 0.2830
1311868225.8429 -1.2813 -2.0510 2.8970 0.0426 0.6939 0.6598 0.2853
1311868225.8802 -1.2763 -2.0570 2.9025 0.0410 0.6946 0.6594 0.2847
1311868225.9108 -1.2760 -2.0593 2.9074 0.0403 0.6953 0.6589 0.2844
1311868225.9431 -1.2813 -2.0580 2.9063 0.0404 0.6948 0.6589 0.2853
1311868225.9770 -1.2840 -2.0574 2.9055 0.0406 0.6947 0.6590 0.2854
1311868226.0109 -1.2865 -2.0572 2.9052 0.0408 0.6947 0.6589 0.2858
1311868226.0438 -1.2877 -2.0554 2.9042 0.0407 0.6944 0.6586 0.2872
1311868226.0798 -1.2899 -2.0560 2.9058 0.0402 0.6945 0.6576 0.2892
1311868226.1151 -1.2936 -2.0576 2.9062 0.0389 0.6944 0.6572 0.2905
1311868226.1445 -1.2972 -2.0580 2.9029 0.0370 0.6937 0.6579 0.2908
1311868226.1789 -1.3011 -2.0563 2.9002 0.0360 0.6937 0.6586 0.2893
1311868226.2109 -1.3063 -2.0547 2.8986 0.0361 0.6941 0.6587 0.2881
1311868226.2473 -1.3097 -2.0509 2.8956 0.0364 0.6943 0.6583 0.2885
1311868226.2776 -1.3092 -2.0540 2.8999 0.0346 0.6969 0.6560 0.2879
1311868226.3110 -1.3142 -2.0549 2.8969 0.0337 0.6979 0.6553 0.2871
1311868226.3452 -1.3176 -2.0543 2.8950 0.0329 0.6984 0.6557 0.2850
1311868226.3816 -1.3233 -2.0533 2.8906 0.0338 0.6984 0.6567 0.2827
1311868226.4110 -1.3257 -2.0524 2.8874 0.0351 0.6979 0.6582 0.2802
1311868226.4441 -1.3289 -2.0479 2.8855 0.0368 0.6983 0.6587 0.2778
1311868226.4811 -1.3317 -2.0480 2.8882 0.0370 0.6995 0.6584 0.2756
1311868226.5110 -1.3359 -2.0469 2.8869 0.0369 0.6997 0.6585 0.2746
1311868226.5435 -1.3396 -2.0421 2.8814 0.0370 0.6998 0.6585 0.2745
1311868226.5766 -1.3490 -2.0376 2.8669 0.0386 0.6977 0.6598 0.2763
1311868226.6109 -1.3551 -2.0339 2.8590 0.0385 0.6971 0.6599 0.2777
1311868226.6443 -1.3590 -2.0295 2.8529 0.0376 0.6973 0.6598 0.2775
1311868226.6763 -1.3562 -2.0290 2.8586 0.0352 0.6999 0.6584 0.2747
1311868226.7111 -1.3601 -2.0304 2.8607 0.0340 0.7015 0.6571 0.2737
1311868226.7458 -1.3687 -2.0216 2.8422 0.0364 0.6971 0.6605 0.2766
1311868226.7785 -1.3718 -2.0200 2.8387 0.0376 0.6963 0.6610 0.2772
1311868226.8108 -1.3778 -2.0156 2.8324 0.0399 0.6950 0.6613 0.2796
1311868226.8443 -1.3826 -2.0076 2.8188 0.0411 0.6933 0.6613 0.2836
1311868226.8792 -1.3808 -2.0067 2.8246 0.0402 0.6964 0.6576 0.2846
1311868226.9109 -1.3900 -1.9998 2.8067 0.0404 0.6955 0.6566 0.2891
1311868226.9442 -1.3892 -2.0038 2.8073 0.0390 0.6981 0.6546 0.2875
1311868226.9763 -1.3965 -1.9949 2.7954 0.0406 0.6974 0.6547 0.2887
1311868227.0109 -1.4018 -1.9944 2.7863 0.0408 0.6976 0.6547 0.2882
1311868227.0471 -1.4019 -1.9914 2.7885 0.0404 0.6996 0.6533 0.2866
1311868227.0771 -1.4101 -1.9860 2.7728 0.0400 0.6988 0.6532 0.2888
1311868227.1109 -1.4171 -1.9792 2.7608 0.0382 0.6987 0.6521 0.2918
1311868227.1445 -1.4227 -1.9748 2.7525 0.0353 0.7000 0.6499 0.2940
1311868227.1791 -1.4222 -1.9754 2.7511 0.0340 0.7024 0.6477 0.2931
1311868227.2109 -1.4269 -1.9697 2.7395 0.0363 0.7009 0.6484 0.2950
1311868227.2474 -1.4261 -1.9658 2.7393 0.0403 0.7015 0.6478 0.2944
1311868227.2766 -1.4330 -1.9660 2.7273 0.0435 0.6996 0.6484 0.2970
1311868227.3117 -1.4359 -1.9590 2.7220 0.0456 0.6991 0.6482 0.2985
1311868227.3479 -1.4354 -1.9572 2.7235 0.0466 0.7008 0.6470 0.2968
1311868227.3778 -1.4404 -1.9530 2.7151 0.0472 0.7012 0.6460 0.2978
1311868227.4114 -1.4431 -1.9489 2.7075 0.0472 0.7010 0.6454 0.2997
1311868227.4467 -1.4404 -1.9534 2.7134 0.0468 0.7032 0.6435 0.2987
1311868227.4790 -1.4429 -1.9501 2.7115 0.0480 0.7032 0.6424 0.3007
1311868227.5109 -1.4478 -1.9437 2.7045 0.0499 0.7018 0.6424 0.3038
1311868227.5474 -1.4545 -1.9345 2.6894 0.0525 0.6990 0.6432 0.3082
1311868227.5791 -1.4579 -1.9338 2.6869 0.0530 0.6988 0.6420 0.3109
1311868227.6109 -1.4608 -1.9336 2.6848 0.0526 0.6986 0.6407 0.3140
1311868227.6443 -1.4623 -1.9300 2.6803 0.0534 0.6978 0.6404 0.3164
1311868227.6790 -1.4651 -1.9252 2.6759 0.0541 0.6969 0.6394 0.3202
1311868227.7110 -1.4681 -1.9233 2.6744 0.0537 0.6962 0.6379 0.3249
1311868227.7443 -1.4704 -1.9224 2.6714 0.0538 0.6952 0.6371 0.3286
1311868227.7792 -1.4736 -1.9206 2.6684 0.0546 0.6942 0.6361 0.3322
1311868227.8137 -1.4779 -1.9199 2.6658 0.0552 0.6927 0.6354 0.3368
1311868227.8443 -1.4809 -1.9159 2.6625 0.0556 0.6908 0.6349 0.3416
1311868227.8792 -1.4843 -1.9115 2.6590 0.0561 0.6896 0.6336 0.3462
1311868227.9125 -1.4892 -1.9083 2.6554 0.0551 0.6885 0.6317 0.3519
1311868227.9462 -1.4926 -1.9070 2.6560 0.0538 0.6885 0.6292 0.3567
1311868227.9793 -1.4982 -1.9071 2.6506 0.0530 0.6872 0.6278 0.3618
1311868228.0147 -1.5033 -1.9074 2.6475 0.0535 0.6854 0.6273 0.3660
1311868228.0449 -1.5086 -1.9065 2.6446 0.0541 0.6828 0.6273 0.3706
1311868228.0790 -1.5126 -1.9028 2.6411 0.0546 0.6807 0.6268 0.3753
1311868228.1127 -1.5185 -1.9019 2.6387 0.0543 0.6794 0.6255 0.3798
1311868228.1462 -1.5235 -1.8992 2.6345 0.0539 0.6782 0.6245 0.3836
1311868228.1790 -1.5303 -1.8981 2.6303 0.0538 0.6776 0.6231 0.3870
1311868228.2147 -1.5369 -1.8958 2.6259 0.0537 0.6770 0.6211 0.3911
1311868228.2461 -1.5443 -1.8962 2.6227 0.0535 0.6762 0.6194 0.3953
1311868228.2800 -1.5483 -1.8943 2.6209 0.0538 0.6754 0.6184 0.3981
1311868228.3124 -1.5556 -1.8960 2.6191 0.0542 0.6748 0.6170 0.4012
1311868228.3444 -1.5627 -1.8968 2.6172 0.0540 0.6743 0.6157 0.4042
1311868228.3790 -1.5701 -1.8989 2.6159 0.0536 0.6739 0.6151 0.4057
1311868228.4124 -1.5759 -1.8981 2.6136 0.0536 0.6736 0.6153 0.4059
1311868228.4445 -1.5822 -1.8968 2.6104 0.0544 0.6730 0.6158 0.4061
1311868228.4796 -1.5898 -1.8944 2.6058 0.0549 0.6718 0.6157 0.4082
1311868228.5152 -1.5969 -1.8926 2.6032 0.0533 0.6711 0.6143 0.4115
1311868228.5458 -1.6033 -1.8904 2.6000 0.0514 0.6711 0.6126 0.4144
1311868228.5796 -1.6113 -1.8939 2.5997 0.0485 0.6719 0.6110 0.4158
1311868228.6124 -1.6165 -1.8922 2.5976 0.0459 0.6724 0.6107 0.4158
1311868228.6453 -1.6234 -1.8915 2.5920 0.0436 0.6717 0.6108 0.4169
1311868228.6790 -1.6287 -1.8914 2.5880 0.0420 0.6711 0.6105 0.4186
1311868228.7149 -1.6349 -1.8906 2.5858 0.0408 0.6700 0.6099 0.4212
1311868228.7465 -1.6408 -1.8893 2.5833 0.0408 0.6692 0.6091 0.4236
1311868228.7791 -1.6482 -1.8909 2.5818 0.0405 0.6689 0.6082 0.4255
1311868228.8150 -1.6549 -1.8918 2.5800 0.0396 0.6683 0.6080 0.4267
1311868228.8447 -1.6616 -1.8896 2.5761 0.0391 0.6678 0.6078 0.4278
1311868228.8793 -1.6681 -1.8894 2.5736 0.0382 0.6677 0.6074 0.4287
1311868228.9127 -1.6741 -1.8878 2.5716 0.0368 0.6680 0.6067 0.4293
1311868228.9447 -1.6790 -1.8859 2.5688 0.0365 0.6684 0.6069 0.4285
1311868228.9791 -1.6826 -1.8864 2.5671 0.0368 0.6687 0.6077 0.4269
1311868229.0127 -1.6877 -1.8849 2.5620 0.0382 0.6679 0.6093 0.4257
1311868229.0445 -1.6897 -1.8813 2.5586 0.0396 0.6682 0.6105 0.4233
1311868229.0806 -1.6940 -1.8790 2.5574 0.0417 0.6700 0.6105 0.4203
1311868229.1155 -1.6946 -1.8748 2.5537 0.0438 0.6714 0.6109 0.4173
1311868229.1483 -1.6970 -1.8712 2.5486 0.0463 0.6725 0.6103 0.4161
1311868229.1841 -1.6991 -1.8706 2.5431 0.0467 0.6730 0.6090 0.4172
1311868229.2165 -1.7000 -1.8689 2.5391 0.0454 0.6742 0.6067 0.4186
1311868229.2490 -1.7017 -1.8705 2.5349 0.0449 0.6765 0.6046 0.4181
1311868229.2812 -1.7032 -1.8730 2.5292 0.0444 0.6767 0.6053 0.4167
1311868229.3152 -1.7067 -1.8823 2.5336 0.0425 0.6765 0.6072 0.4145
1311868229.3503 -1.7023 -1.8724 2.5194 0.0410 0.6711 0.6127 0.4154
1311868229.3810 -1.6990 -1.8709 2.5156 0.0413 0.6683 0.6162 0.4146
1311868229.4131 -1.6957 -1.8712 2.5073 0.0428 0.6624 0.6217 0.4158
1311868229.4448 -1.6912 -1.8598 2.4937 0.0451 0.6559 0.6259 0.4197
1311868229.4824 -1.6879 -1.8561 2.4874 0.0462 0.6542 0.6265 0.4213
1311868229.5126 -1.6863 -1.8517 2.4794 0.0461 0.6540 0.6263 0.4219
1311868229.5478 -1.6838 -1.8496 2.4748 0.0436 0.6564 0.6244 0.4211
1311868229.5806 -1.6815 -1.8480 2.4666 0.0400 0.6584 0.6233 0.4200
1311868229.6134 -1.6768 -1.8463 2.4620 0.0388 0.6600 0.6237 0.4170
1311868229.6475 -1.6719 -1.8443 2.4523 0.0385 0.6593 0.6248 0.4165
1311868229.6815 -1.6676 -1.8421 2.4454 0.0372 0.6588 0.6243 0.4180
1311868229.7125 -1.6622 -1.8393 2.4353 0.0360 0.6577 0.6249 0.4190
1311868229.7487 -1.6562 -1.8357 2.4247 0.0366 0.6567 0.6256 0.4196
1311868229.7825 -1.6520 -1.8348 2.4146 0.0370 0.6565 0.6260 0.4193
1311868229.8127 -1.6449 -1.8302 2.4059 0.0380 0.6565 0.6265 0.4183
1311868229.8445 -1.6395 -1.8301 2.3966 0.0400 0.6562 0.6270 0.4179
1311868229.8834 -1.6346 -1.8276 2.3910 0.0418 0.6574 0.6259 0.4175
1311868229.9145 -1.6303 -1.8290 2.3825 0.0437 0.6577 0.6259 0.4170
1311868229.9444 -1.6259 -1.8272 2.3734 0.0428 0.6572 0.6258 0.4180
1311868229.9824 -1.6195 -1.8233 2.3632 0.0426 0.6578 0.6248 0.4184
1311868230.0125 -1.6168 -1.8264 2.3560 0.0431 0.6576 0.6251 0.4183
1311868230.0470 -1.6120 -1.8236 2.3495 0.0420 0.6568 0.6260 0.4183
1311868230.0832 -1.6049 -1.8196 2.3419 0.0429 0.6568 0.6267 0.4171
1311868230.1136 -1.6038 -1.8213 2.3375 0.0425 0.6564 0.6274 0.4167
1311868230.1474 -1.5966 -1.8153 2.3267 0.0404 0.6564 0.6287 0.4151
1311868230.1806 -1.5911 -1.8103 2.3203 0.0405 0.6604 0.6265 0.4120
1311868230.2149 -1.5896 -1.8133 2.3120 0.0395 0.6647 0.6239 0.4091
1311868230.2454 -1.5871 -1.8102 2.3067 0.0376 0.6669 0.6226 0.4078
1311868230.2830 -1.5810 -1.8075 2.3002 0.0370 0.6688 0.6209 0.4072
1311868230.3125 -1.5822 -1.8136 2.2926 0.0355 0.6686 0.6202 0.4087
1311868230.3433 -1.5759 -1.8089 2.2840 0.0367 0.6666 0.6223 0.4086
1311868230.3821 -1.5743 -1.8114 2.2742 0.0394 0.6640 0.6244 0.4094
1311868230.4142 -1.5743 -1.8134 2.2687 0.0393 0.6606 0.6268 0.4112
1311868230.4432 -1.5689 -1.8107 2.2625 0.0410 0.6558 0.6325 0.4102
1311868230.4843 -1.5635 -1.8050 2.2512 0.0471 0.6504 0.6391 0.4078
1311868230.5127 -1.5593 -1.7996 2.2411 0.0527 0.6480 0.6434 0.4042
1311868230.5433 -1.5551 -1.7917 2.2312 0.0563 0.6487 0.6453 0.3995
1311868230.5820 -1.5567 -1.7935 2.2249 0.0563 0.6523 0.6447 0.3945
1311868230.6136 -1.5526 -1.7871 2.2154 0.0544 0.6543 0.6460 0.3894
1311868230.6434 -1.5458 -1.7786 2.2051 0.0561 0.6575 0.6436 0.3877
1311868230.6828 -1.5447 -1.7783 2.1986 0.0583 0.6607 0.6399 0.3880
1311868230.7131 -1.5402 -1.7740 2.1923 0.0618 0.6639 0.6360 0.3884
1311868230.7432 -1.5410 -1.7747 2.1840 0.0647 0.6665 0.6314 0.3911
1311868230.7832 -1.5416 -1.7742 2.1800 0.0640 0.6689 0.6276 0.3932
1311868230.8125 -1.5400 -1.7740 2.1760 0.0616 0.6711 0.6253 0.3936
1311868230.8432 -1.5407 -1.7755 2.1713 0.0585 0.6721 0.6241 0.3942
1311868230.8845 -1.5406 -1.7754 2.1668 0.0549 0.6715 0.6250 0.3943
1311868230.9128 -1.5357 -1.7689 2.1599 0.0498 0.6699 0.6260 0.3961
1311868230.9434 -1.5334 -1.7652 2.1502 0.0461 0.6696 0.6251 0.3985
1311868230.9839 -1.5306 -1.7613 2.1432 0.0439 0.6705 0.6237 0.3994
1311868231.0127 -1.5287 -1.7581 2.1366 0.0419 0.6724 0.6213 0.4001
1311868231.0434 -1.5273 -1.7568 2.1301 0.0384 0.6750 0.6180 0.4012
1311868231.0840 -1.5255 -1.7536 2.1200 0.0362 0.6778 0.6146 0.4019
1311868231.1155 -1.5260 -1.7553 2.1155 0.0355 0.6812 0.6116 0.4009
1311868231.1432 -1.5294 -1.7604 2.1120 0.0318 0.6820 0.6098 0.4024
1311868231.1806 -1.5277 -1.7579 2.1069 0.0250 0.6796 0.6104 0.4061
1311868231.2154 -1.5257 -1.7555 2.0987 0.0190 0.6770 0.6121 0.4083
1311868231.2431 -1.5238 -1.7536 2.0922 0.0152 0.6748 0.6151 0.4074
1311868231.2844 -1.5211 -1.7526 2.0871 0.0108 0.6726 0.6179 0.4072
1311868231.3133 -1.5182 -1.7503 2.0834 0.0057 0.6703 0.6194 0.4088
1311868231.3432 -1.5151 -1.7486 2.0777 0.0003 0.6674 0.6208 0.4113
1311868231.3807 -1.5122 -1.7465 2.0741 -0.0045 0.6644 0.6225 0.4136
1311868231.4129 -1.5068 -1.7420 2.0677 -0.0076 0.6619 0.6248 0.4141
1311868231.4432 -1.5002 -1.7369 2.0624 -0.0084 0.6620 0.6258 0.4123
1311868231.4816 -1.4982 -1.7388 2.0551 -0.0085 0.6622 0.6266 0.4109
1311868231.5142 -1.4940 -1.7382 2.0514 -0.0093 0.6619 0.6269 0.4108
1311868231.5432 -1.4880 -1.7369 2.0473 -0.0095 0.6625 0.6261 0.4111
1311868231.5830 -1.4816 -1.7362 2.0410 -0.0097 0.6623 0.6253 0.4127
1311868231.6112 -1.4763 -1.7361 2.0357 -0.0100 0.6630 0.6231 0.4149
1311868231.6432 -1.4725 -1.7372 2.0311 -0.0108 0.6641 0.6209 0.4163
1311868231.6839 -1.4691 -1.7379 2.0258 -0.0136 0.6645 0.6198 0.4171
1311868231.7113 -1.4620 -1.7375 2.0218 -0.0161 0.6656 0.6198 0.4154
1311868231.7433 -1.4554 -1.7388 2.0156 -0.0172 0.6663 0.6200 0.4139
1311868231.7827 -1.4515 -1.7414 2.0117 -0.0191 0.6665 0.6200 0.4135
1311868231.8112 -1.4465 -1.7424 2.0096 -0.0193 0.6662 0.6214 0.4119
1311868231.8432 -1.4407 -1.7434 2.0051 -0.0174 0.6646 0.6243 0.4101
1311868231.8835 -1.4344 -1.7443 2.0013 -0.0155 0.6625 0.6266 0.4102
1311868231.9112 -1.4281 -1.7438 1.9955 -0.0152 0.6611 0.6266 0.4124
1311868231.9432 -1.4249 -1.7462 1.9933 -0.0152 0.6613 0.6257 0.4135
1311868231.9814 -1.4196 -1.7479 1.9873 -0.0171 0.6609 0.6253 0.4146
1311868232.0113 -1.4129 -1.7499 1.9827 -0.0200 0.6608 0.6245 0.4158
1311868232.0433 -1.4083 -1.7533 1.9794 -0.0220 0.6610 0.6230 0.4176
1311868232.0845 -1.4032 -1.7550 1.9770 -0.0233 0.6606 0.6225 0.4190
1311868232.1112 -1.3972 -1.7556 1.9732 -0.0245 0.6595 0.6221 0.4213
1311868232.1432 -1.3912 -1.7564 1.9690 -0.0252 0.6588 0.6219 0.4226
1311868232.1807 -1.3860 -1.7577 1.9652 -0.0248 0.6587 0.6221 0.4225
1311868232.2114 -1.3816 -1.7586 1.9637 -0.0244 0.6582 0.6227 0.4224
1311868232.2432 -1.3738 -1.7572 1.9580 -0.0233 0.6572 0.6237 0.4225
1311868232.2810 -1.3703 -1.7592 1.9552 -0.0231 0.6574 0.6236 0.4224
1311868232.3113 -1.3644 -1.7604 1.9518 -0.0227 0.6565 0.6247 0.4221
1311868232.3432 -1.3576 -1.7584 1.9492 -0.0222 0.6557 0.6258 0.4219
1311868232.3806 -1.3521 -1.7579 1.9439 -0.0217 0.6561 0.6264 0.4203
1311868232.4114 -1.3472 -1.7582 1.9425 -0.0199 0.6579 0.6270 0.4166
1311868232.4433 -1.3425 -1.7580 1.9384 -0.0181 0.6597 0.6275 0.4132
1311868232.4826 -1.3382 -1.7583 1.9360 -0.0180 0.6617 0.6271 0.4106
1311868232.5113 -1.3333 -1.7588 1.9324 -0.0182 0.6634 0.6267 0.4084
1311868232.5433 -1.3289 -1.7607 1.9328 -0.0185 0.6656 0.6261 0.4057
1311868232.5831 -1.3234 -1.7630 1.9293 -0.0184 0.6662 0.6264 0.4043
1311868232.6115 -1.3176 -1.7638 1.9265 -0.0181 0.6675 0.6252 0.4040
1311868232.6434 -1.3154 -1.7671 1.9249 -0.0167 0.6683 0.6247 0.4037
1311868232.6834 -1.3114 -1.7681 1.9219 -0.0147 0.6684 0.6245 0.4038
1311868232.7113 -1.3084 -1.7707 1.9195 -0.0117 0.6693 0.6239 0.4033
1311868232.7440 -1.3052 -1.7710 1.9173 -0.0089 0.6698 0.6231 0.4037
1311868232.7793 -1.3037 -1.7723 1.9172 -0.0089 0.6711 0.6208 0.4051
1311868232.8116 -1.3007 -1.7731 1.9153 -0.0098 0.6729 0.6184 0.4058
1311868232.8433 -1.2975 -1.7755 1.9142 -0.0115 0.6749 0.6157 0.4066
1311868232.8794 -1.2939 -1.7757 1.9148 -0.0117 0.6766 0.6137 0.4066
1311868232.9115 -1.2904 -1.7771 1.9143 -0.0110 0.6781 0.6117 0.4072
1311868232.9433 -1.2882 -1.7800 1.9152 -0.0094 0.6789 0.6100 0.4085
1311868232.9795 -1.2875 -1.7804 1.9168 -0.0071 0.6799 0.6083 0.4094
1311868233.0113 -1.2847 -1.7814 1.9181 -0.0059 0.6795 0.6078 0.4110
1311868233.0436 -1.2828 -1.7850 1.9159 -0.0050 0.6789 0.6062 0.4142
1311868233.0796 -1.2834 -1.7848 1.9189 -0.0033 0.6790 0.6044 0.4167
1311868233.1113 -1.2824 -1.7831 1.9176 -0.0029 0.6782 0.6035 0.4193
1311868233.1435 -1.2814 -1.7847 1.9150 -0.0034 0.6792 0.6019 0.4200
1311868233.1797 -1.2817 -1.7859 1.9164 -0.0018 0.6812 0.6002 0.4193
1311868233.2114 -1.2829 -1.7875 1.9189 -0.0009 0.6820 0.5994 0.4191
1311868233.2436 -1.2826 -1.7882 1.9184 0.0005 0.6824 0.5983 0.4200
1311868233.2797 -1.2843 -1.7873 1.9169 0.0024 0.6825 0.5972 0.4213
1311868233.3114 -1.2857 -1.7887 1.9185 0.0052 0.6827 0.5974 0.4207
1311868233.3435 -1.2874 -1.7885 1.9228 0.0093 0.6822 0.5978 0.4209
1311868233.3794 -1.2890 -1.7887 1.9231 0.0117 0.6808 0.5970 0.4243
1311868233.4114 -1.2934 -1.7887 1.9254 0.0133 0.6793 0.5953 0.4289
1311868233.4433 -1.2979 -1.7850 1.9260 0.0136 0.6781 0.5943 0.4322
1311868233.4794 -1.3018 -1.7829 1.9258 0.0137 0.6782 0.5933 0.4334
1311868233.5114 -1.3078 -1.7805 1.9276 0.0134 0.6790 0.5920 0.4338
1311868233.5434 -1.3133 -1.7795 1.9298 0.0124 0.6795 0.5919 0.4335
1311868233.5795 -1.3168 -1.7762 1.9296 0.0116 0.6788 0.5927 0.4333
1311868233.6115 -1.3229 -1.7773 1.9307 0.0113 0.6786 0.5931 0.4332
1311868233.6433 -1.3292 -1.7747 1.9309 0.0107 0.6780 0.5927 0.4347
1311868233.6795 -1.3354 -1.7715 1.9345 0.0107 0.6781 0.5914 0.4363
1311868233.7115 -1.3418 -1.7702 1.9353 0.0101 0.6775 0.5907 0.4382
1311868233.7434 -1.3490 -1.7680 1.9367 0.0104 0.6771 0.5897 0.4400
1311868233.7796 -1.3574 -1.7646 1.9383 0.0103 0.6761 0.5892 0.4423
1311868233.8115 -1.3634 -1.7629 1.9391 0.0102 0.6750 0.5898 0.4432
1311868233.8436 -1.3705 -1.7600 1.9378 0.0117 0.6734 0.5907 0.4444
1311868233.8795 -1.3789 -1.7572 1.9362 0.0123 0.6723 0.5905 0.4462
1311868233.9115 -1.3891 -1.7534 1.9352 0.0123 0.6723 0.5897 0.4473
1311868233.9435 -1.3964 -1.7516 1.9343 0.0120 0.6726 0.5903 0.4461
1311868233.9793 -1.4040 -1.7487 1.9334 0.0118 0.6723 0.5913 0.4453
1311868234.0115 -1.4124 -1.7498 1.9318 0.0115 0.6717 0.5920 0.4453
1311868234.0434 -1.4192 -1.7484 1.9298 0.0110 0.6713 0.5916 0.4463
1311868234.0796 -1.4280 -1.7482 1.9286 0.0102 0.6716 0.5900 0.4480
1311868234.1116 -1.4353 -1.7467 1.9257 0.0089 0.6722 0.5884 0.4494
1311868234.1435 -1.4439 -1.7489 1.9259 0.0071 0.6747 0.5848 0.4503
1311868234.1794 -1.4517 -1.7502 1.9279 0.0057 0.6766 0.5816 0.4515
1311868234.2115 -1.4607 -1.7524 1.9280 0.0050 0.6774 0.5791 0.4535
1311868234.2436 -1.4677 -1.7535 1.9280 0.0053 0.6775 0.5772 0.4560
1311868234.2794 -1.4777 -1.7548 1.9296 0.0046 0.6774 0.5741 0.4599
1311868234.3115 -1.4844 -1.7552 1.9284 0.0035 0.6775 0.5716 0.4629
1311868234.3435 -1.4952 -1.7576 1.9291 0.0021 0.6788 0.5676 0.4659
1311868234.3796 -1.5031 -1.7591 1.9309 0.0008 0.6796 0.5651 0.4677
1311868234.4116 -1.5134 -1.7604 1.9340 -0.0001 0.6802 0.5626 0.4700
1311868234.4435 -1.5221 -1.7616 1.9356 -0.0012 0.6799 0.5614 0.4718
1311868234.4795 -1.5306 -1.7629 1.9369 -0.0019 0.6795 0.5603 0.4735
1311868234.5116 -1.5398 -1.7633 1.9391 -0.0028 0.6792 0.5596 0.4750
1311868234.5436 -1.5487 -1.7639 1.9402 -0.0035 0.6789 0.5589 0.4762
1311868234.5794 -1.5579 -1.7646 1.9411 -0.0045 0.6788 0.5582 0.4770
1311868234.6117 -1.5673 -1.7648 1.9436 -0.0060 0.6789 0.5577 0.4775
1311868234.6435 -1.5766 -1.7651 1.9461 -0.0067 0.6790 0.5576 0.4775
1311868234.6795 -1.5852 -1.7648 1.9489 -0.0075 0.6789 0.5577 0.4775
1311868234.7114 -1.5935 -1.7641 1.9528 -0.0080 0.6787 0.5579 0.4776
1311868234.7436 -1.6015 -1.7634 1.9544 -0.0086 0.6780 0.5585 0.4779
1311868234.7795 -1.6106 -1.7630 1.9566 -0.0088 0.6779 0.5583 0.4782
1311868234.8117 -1.6182 -1.7621 1.9592 -0.0095 0.6777 0.5584 0.4783
1311868234.8435 -1.6265 -1.7626 1.9606 -0.0096 0.6778 0.5581 0.4785
1311868234.8794 -1.6340 -1.7619 1.9621 -0.0097 0.6776 0.5580 0.4789
1311868234.9115 -1.6436 -1.7616 1.9657 -0.0100 0.6775 0.5578 0.4794
1311868234.9436 -1.6505 -1.7602 1.9679 -0.0106 0.6764 0.5587 0.4798
1311868234.9795 -1.6584 -1.7591 1.9710 -0.0108 0.6758 0.5591 0.4802
1311868235.0116 -1.6662 -1.7581 1.9735 -0.0122 0.6750 0.5593 0.4810
1311868235.0437 -1.6729 -1.7567 1.9760 -0.0134 0.6741 0.5601 0.4813
1311868235.0797 -1.6821 -1.7551 1.9763 -0.0139 0.6730 0.5613 0.4815
1311868235.1116 -1.6889 -1.7537 1.9784 -0.0150 0.6723 0.5624 0.4811
1311868235.1436 -1.6971 -1.7525 1.9778 -0.0151 0.6715 0.5637 0.4808
1311868235.1797 -1.7052 -1.7511 1.9799 -0.0141 0.6705 0.5653 0.4803
1311868235.2115 -1.7128 -1.7492 1.9796 -0.0137 0.6691 0.5670 0.4803
1311868235.2436 -1.7191 -1.7464 1.9809 -0.0141 0.6683 0.5681 0.4800
1311868235.2797 -1.7234 -1.7446 1.9790 -0.0138 0.6680 0.5696 0.4787
1311868235.3117 -1.7291 -1.7422 1.9799 -0.0123 0.6683 0.5703 0.4775
1311868235.3437 -1.7352 -1.7381 1.9793 -0.0109 0.6691 0.5699 0.4768
1311868235.3798 -1.7407 -1.7357 1.9783 -0.0097 0.6701 0.5696 0.4758
1311868235.4115 -1.7476 -1.7341 1.9792 -0.0086 0.6714 0.5692 0.4745
1311868235.4437 -1.7555 -1.7320 1.9783 -0.0084 0.6718 0.5696 0.4735
1311868235.4796 -1.7578 -1.7278 1.9803 -0.0088 0.6726 0.5696 0.4723
1311868235.5117 -1.7635 -1.7266 1.9799 -0.0089 0.6729 0.5694 0.4721
1311868235.5436 -1.7678 -1.7215 1.9823 -0.0094 0.6736 0.5693 0.4712
1311868235.5797 -1.7700 -1.7172 1.9780 -0.0101 0.6749 0.5689 0.4699
1311868235.6118 -1.7734 -1.7138 1.9762 -0.0115 0.6776 0.5677 0.4673
1311868235.6435 -1.7786 -1.7103 1.9763 -0.0129 0.6807 0.5663 0.4646
1311868235.6797 -1.7819 -1.7076 1.9757 -0.0148 0.6830 0.5656 0.4619
1311868235.7116 -1.7858 -1.7059 1.9760 -0.0161 0.6850 0.5646 0.4601
1311868235.7439 -1.7897 -1.7020 1.9766 -0.0172 0.6857 0.5637 0.4601
1311868235.7795 -1.7932 -1.6973 1.9797 -0.0176 0.6860 0.5630 0.4604
1311868235.8119 -1.7958 -1.6940 1.9794 -0.0169 0.6847 0.5633 0.4623
1311868235.8437 -1.8007 -1.6899 1.9805 -0.0162 0.6828 0.5631 0.4652
1311868235.8796 -1.8024 -1.6825 1.9804 -0.0162 0.6810 0.5633 0.4675
1311868235.9116 -1.8054 -1.6772 1.9803 -0.0150 0.6804 0.5634 0.4684
1311868235.9437 -1.8105 -1.6721 1.9791 -0.0139 0.6796 0.5637 0.4693
1311868235.9796 -1.8109 -1.6673 1.9789 -0.0138 0.6791 0.5642 0.4694
1311868236.0117 -1.8114 -1.6636 1.9776 -0.0120 0.6789 0.5644 0.4695
1311868236.0437 -1.8156 -1.6603 1.9767 -0.0096 0.6780 0.5641 0.4712
1311868236.0796 -1.8174 -1.6556 1.9746 -0.0083 0.6759 0.5637 0.4747
1311868236.1118 -1.8194 -1.6513 1.9732 -0.0074 0.6744 0.5631 0.4776
1311868236.1437 -1.8234 -1.6471 1.9721 -0.0064 0.6731 0.5628 0.4797
1311868236.1796 -1.8248 -1.6423 1.9688 -0.0050 0.6708 0.5649 0.4805
1311868236.2117 -1.8247 -1.6384 1.9676 -0.0034 0.6696 0.5660 0.4809
1311868236.2436 -1.8312 -1.6362 1.9672 -0.0020 0.6672 0.5665 0.4836
1311868236.2795 -1.8333 -1.6306 1.9665 -0.0038 0.6638 0.5672 0.4874
1311868236.3116 -1.8335 -1.6258 1.9657 -0.0062 0.6619 0.5676 0.4896
1311868236.3438 -1.8344 -1.6204 1.9632 -0.0081 0.6615 0.5667 0.4911
1311868236.3795 -1.8368 -1.6171 1.9619 -0.0116 0.6618 0.5644 0.4933
1311868236.4129 -1.8395 -1.6117 1.9608 -0.0144 0.6620 0.5631 0.4944
1311868236.4435 -1.8414 -1.6061 1.9598 -0.0153 0.6621 0.5631 0.4943
1311868236.4796 -1.8418 -1.6002 1.9600 -0.0158 0.6619 0.5636 0.4940
1311868236.5116 -1.8430 -1.5960 1.9600 -0.0144 0.6612 0.5643 0.4941
1311868236.5437 -1.8439 -1.5907 1.9591 -0.0128 0.6603 0.5641 0.4956
1311868236.5797 -1.8450 -1.5877 1.9587 -0.0104 0.6599 0.5636 0.4968
1311868236.6116 -1.8462 -1.5835 1.9583 -0.0069 0.6590 0.5630 0.4987
1311868236.6477 -1.8470 -1.5814 1.9584 -0.0049 0.6583 0.5620 0.5008
1311868236.6796 -1.8468 -1.5789 1.9592 -0.0028 0.6586 0.5602 0.5025
1311868236.7117 -1.8530 -1.5702 1.9523 -0.0002 0.6570 0.5584 0.5065
1311868236.7476 -1.8532 -1.5675 1.9528 0.0009 0.6575 0.5573 0.5071
1311868236.7796 -1.8565 -1.5658 1.9527 0.0022 0.6577 0.5564 0.5077
1311868236.8117 -1.8582 -1.5638 1.9525 0.0026 0.6577 0.5558 0.5084
1311868236.8476 -1.8604 -1.5627 1.9531 0.0030 0.6572 0.5552 0.5097
1311868236.8795 -1.8642 -1.5600 1.9543 0.0035 0.6557 0.5548 0.5120
1311868236.9118 -1.8671 -1.5578 1.9552 0.0038 0.6540 0.5547 0.5144
1311868236.9476 -1.8690 -1.5550 1.9545 0.0042 0.6514 0.5561 0.5162
1311868236.9796 -1.8723 -1.5499 1.9570 0.0061 0.6498 0.5578 0.5163
1311868237.0116 -1.8717 -1.5448 1.9558 0.0085 0.6486 0.5598 0.5156
1311868237.0478 -1.8764 -1.5419 1.9549 0.0111 0.6482 0.5602 0.5157
1311868237.0797 -1.8794 -1.5390 1.9541 0.0119 0.6475 0.5601 0.5166
1311868237.1116 -1.8806 -1.5361 1.9538 0.0129 0.6471 0.5600 0.5171
1311868237.1477 -1.8841 -1.5338 1.9527 0.0149 0.6462 0.5601 0.5182
1311868237.1795 -1.8863 -1.5298 1.9511 0.0168 0.6448 0.5603 0.5196
1311868237.2117 -1.8883 -1.5260 1.9495 0.0191 0.6440 0.5597 0.5212
1311868237.2477 -1.8922 -1.5235 1.9476 0.0205 0.6432 0.5588 0.5231
1311868237.2797 -1.8962 -1.5207 1.9446 0.0211 0.6424 0.5579 0.5249
1311868237.3117 -1.9002 -1.5179 1.9420 0.0214 0.6419 0.5571 0.5265
1311868237.3477 -1.9059 -1.5161 1.9385 0.0210 0.6410 0.5562 0.5285
1311868237.3800 -1.9126 -1.5131 1.9358 0.0191 0.6397 0.5554 0.5310
1311868237.4118 -1.9159 -1.5098 1.9326 0.0179 0.6391 0.5553 0.5318
1311868237.4477 -1.9230 -1.5073 1.9285 0.0169 0.6382 0.5549 0.5334
1311868237.4797 -1.9294 -1.5048 1.9243 0.0159 0.6372 0.5542 0.5354
1311868237.5117 -1.9349 -1.5027 1.9203 0.0146 0.6360 0.5531 0.5379
1311868237.5477 -1.9440 -1.5022 1.9153 0.0123 0.6341 0.5512 0.5422
1311868237.5797 -1.9507 -1.4997 1.9121 0.0087 0.6320 0.5495 0.5465
1311868237.6116 -1.9558 -1.4962 1.9066 0.0053 0.6309 0.5477 0.5495
1311868237.6477 -1.9638 -1.4935 1.8999 0.0012 0.6307 0.5449 0.5525
1311868237.6796 -1.9723 -1.4916 1.8957 -0.0036 0.6308 0.5420 0.5553
1311868237.7119 -1.9773 -1.4877 1.8929 -0.0072 0.6304 0.5396 0.5581
1311868237.7477 -1.9853 -1.4879 1.8896 -0.0077 0.6287 0.5383 0.5611
1311868237.7796 -1.9941 -1.4870 1.8860 -0.0065 0.6255 0.5384 0.5646
1311868237.8118 -1.9958 -1.4835 1.8837 -0.0056 0.6228 0.5389 0.5671
1311868237.8477 -2.0040 -1.4819 1.8787 -0.0039 0.6208 0.5384 0.5698
1311868237.8797 -2.0111 -1.4803 1.8732 -0.0037 0.6189 0.5382 0.5720
1311868237.9118 -2.0195 -1.4792 1.8694 -0.0035 0.6178 0.5384 0.5731
1311868237.9477 -2.0226 -1.4762 1.8665 -0.0042 0.6158 0.5401 0.5737
1311868237.9796 -2.0340 -1.4745 1.8605 -0.0034 0.6143 0.5408 0.5745
1311868238.0117 -2.0440 -1.4728 1.8561 -0.0028 0.6128 0.5419 0.5752
1311868238.0477 -2.0482 -1.4706 1.8531 -0.0039 0.6106 0.5435 0.5759
1311868238.0798 -2.0520 -1.4659 1.8519 -0.0045 0.6089 0.5448 0.5765
1311868238.1117 -2.0622 -1.4622 1.8487 -0.0040 0.6076 0.5455 0.5773
1311868238.1477 -2.0669 -1.4601 1.8473 -0.0042 0.6066 0.5457 0.5781
1311868238.1798 -2.0706 -1.4587 1.8456 -0.0052 0.6051 0.5458 0.5796
1311868238.2117 -2.0752 -1.4554 1.8416 -0.0049 0.6034 0.5457 0.5815
1311868238.2478 -2.0819 -1.4524 1.8421 -0.0049 0.6026 0.5458 0.5822
1311868238.2797 -2.0806 -1.4510 1.8426 -0.0050 0.6024 0.5474 0.5808
1311868238.3117 -2.0834 -1.4471 1.8379 -0.0051 0.6019 0.5480 0.5809
1311868238.3477 -2.0841 -1.4437 1.8317 -0.0062 0.6017 0.5481 0.5809
1311868238.3796 -2.0879 -1.4402 1.8288 -0.0065 0.6029 0.5471 0.5806
1311868238.4118 -2.0931 -1.4372 1.8263 -0.0068 0.6031 0.5457 0.5817
1311868238.4476 -2.0955 -1.4312 1.8234 -0.0057 0.6033 0.5448 0.5824
1311868238.4796 -2.0977 -1.4304 1.8219 -0.0046 0.6032 0.5450 0.5823
1311868238.5116 -2.0993 -1.4281 1.8191 -0.0031 0.6025 0.5452 0.5828
1311868238.5476 -2.1026 -1.4257 1.8169 -0.0013 0.6016 0.5457 0.5833
1311868238.5797 -2.1046 -1.4226 1.8127 0.0003 0.5999 0.5473 0.5836
1311868238.6119 -2.1049 -1.4183 1.8083 0.0006 0.5988 0.5484 0.5837
1311868238.6477 -2.1057 -1.4163 1.8061 -0.0018 0.5995 0.5489 0.5824
1311868238.6798 -2.1088 -1.4092 1.8020 -0.0050 0.6005 0.5479 0.5825
1311868238.7118 -2.1133 -1.4065 1.7971 -0.0078 0.6009 0.5487 0.5812
1311868238.7477 -2.1120 -1.4012 1.7936 -0.0111 0.6004 0.5501 0.5803
1311868238.7797 -2.1128 -1.3939 1.7945 -0.0118 0.6004 0.5522 0.5784
1311868238.8117 -2.1144 -1.3895 1.7889 -0.0114 0.5997 0.5552 0.5762
1311868238.8477 -2.1155 -1.3829 1.7841 -0.0107 0.5989 0.5575 0.5748
1311868238.8797 -2.1168 -1.3754 1.7782 -0.0099 0.5975 0.5590 0.5748
1311868238.9118 -2.1174 -1.3698 1.7754 -0.0090 0.5964 0.5606 0.5744
1311868238.9477 -2.1160 -1.3667 1.7738 -0.0079 0.5961 0.5621 0.5733
1311868238.9797 -2.1182 -1.3635 1.7673 -0.0068 0.5947 0.5637 0.5732
1311868239.0118 -2.1145 -1.3590 1.7661 -0.0072 0.5937 0.5642 0.5737
1311868239.0479 -2.1151 -1.3547 1.7637 -0.0070 0.5941 0.5614 0.5760
1311868239.0798 -2.1131 -1.3526 1.7581 -0.0086 0.5946 0.5573 0.5795
1311868239.1119 -2.1138 -1.3485 1.7546 -0.0113 0.5955 0.5524 0.5832
1311868239.1477 -2.1128 -1.3450 1.7523 -0.0134 0.5969 0.5477 0.5861
1311868239.1800 -2.1149 -1.3409 1.7478 -0.0122 0.5966 0.5454 0.5885
1311868239.2120 -2.1161 -1.3370 1.7439 -0.0097 0.5939 0.5461 0.5908
1311868239.2477 -2.1162 -1.3333 1.7409 -0.0068 0.5905 0.5464 0.5939
1311868239.2796 -2.1168 -1.3303 1.7397 -0.0042 0.5873 0.5471 0.5965
1311868239.3117 -2.1169 -1.3251 1.7366 -0.0016 0.5841 0.5476 0.5991
1311868239.3477 -2.1157 -1.3219 1.7344 0.0001 0.5814 0.5482 0.6012
1311868239.3797 -2.1144 -1.3177 1.7325 0.0017 0.5791 0.5483 0.6033
1311868239.4117 -2.1146 -1.3155 1.7314 0.0031 0.5775 0.5486 0.6046
1311868239.4478 -2.1150 -1.3127 1.7269 0.0041 0.5744 0.5504 0.6059
1311868239.4798 -2.1155 -1.3091 1.7271 0.0042 0.5721 0.5516 0.6070
1311868239.5118 -2.1128 -1.3031 1.7259 0.0046 0.5704 0.5527 0.6075
1311868239.5478 -2.1128 -1.2971 1.7245 0.0043 0.5695 0.5519 0.6091
1311868239.5798 -2.1135 -1.2949 1.7208 0.0019 0.5686 0.5491 0.6125
1311868239.6119 -2.1147 -1.2915 1.7197 -0.0001 0.5676 0.5464 0.6158
1311868239.6478 -2.1159 -1.2894 1.7194 -0.0016 0.5661 0.5442 0.6192
1311868239.6798 -2.1169 -1.2873 1.7199 -0.0025 0.5643 0.5437 0.6213
1311868239.7118 -2.1171 -1.2840 1.7177 -0.0020 0.5618 0.5449 0.6225
1311868239.7479 -2.1193 -1.2812 1.7162 -0.0029 0.5593 0.5449 0.6247
1311868239.7798 -2.1213 -1.2764 1.7141 -0.0046 0.5570 0.5434 0.6280
1311868239.8119 -2.1209 -1.2705 1.7127 -0.0060 0.5557 0.5411 0.6312
1311868239.8477 -2.1244 -1.2656 1.7085 -0.0060 0.5538 0.5389 0.6347
1311868239.8798 -2.1256 -1.2654 1.7078 -0.0052 0.5518 0.5385 0.6368
1311868239.9120 -2.1289 -1.2633 1.7039 -0.0028 0.5483 0.5388 0.6396
1311868239.9479 -2.1327 -1.2613 1.7002 0.0001 0.5446 0.5390 0.6425
1311868239.9799 -2.1370 -1.2587 1.6948 0.0013 0.5415 0.5383 0.6458
1311868240.0122 -2.1437 -1.2544 1.6884 0.0003 0.5386 0.5366 0.6496
1311868240.0480 -2.1492 -1.2541 1.6858 -0.0031 0.5378 0.5345 0.6519
1311868240.0799 -2.1537 -1.2476 1.6786 -0.0060 0.5370 0.5327 0.6541
1311868240.1118 -2.1591 -1.2448 1.6734 -0.0080 0.5370 0.5326 0.6542
1311868240.1478 -2.1631 -1.2380 1.6652 -0.0081 0.5356 0.5325 0.6554
1311868240.1800 -2.1672 -1.2360 1.6610 -0.0083 0.5349 0.5320 0.6563
1311868240.2119 -2.1737 -1.2345 1.6550 -0.0088 0.5336 0.5310 0.6582
1311868240.2478 -2.1800 -1.2300 1.6472 -0.0088 0.5321 0.5297 0.6605
1311868240.2798 -2.1890 -1.2250 1.6381 -0.0097 0.5300 0.5277 0.6637
1311868240.3119 -2.1962 -1.2247 1.6341 -0.0137 0.5290 0.5255 0.6662
1311868240.3477 -2.2003 -1.2164 1.6298 -0.0168 0.5286 0.5235 0.6680
1311868240.3798 -2.2071 -1.2115 1.6235 -0.0186 0.5289 0.5223 0.6687
1311868240.4121 -2.2144 -1.2097 1.6163 -0.0218 0.5282 0.5206 0.6705
1311868240.4479 -2.2207 -1.2077 1.6124 -0.0258 0.5270 0.5186 0.6728
1311868240.4800 -2.2242 -1.2035 1.6104 -0.0299 0.5266 0.5162 0.6748
1311868240.5122 -2.2305 -1.2026 1.6076 -0.0330 0.5268 0.5142 0.6760
1311868240.5477 -2.2371 -1.1995 1.6033 -0.0350 0.5251 0.5125 0.6785
1311868240.5797 -2.2416 -1.1955 1.6042 -0.0358 0.5244 0.5113 0.6800
1311868240.6118 -2.2470 -1.1923 1.6003 -0.0352 0.5230 0.5117 0.6807
1311868240.6479 -2.2520 -1.1879 1.5975 -0.0331 0.5208 0.5138 0.6809
1311868240.6798 -2.2582 -1.1869 1.5966 -0.0320 0.5191 0.5160 0.6806
1311868240.7119 -2.2626 -1.1815 1.5966 -0.0298 0.5187 0.5172 0.6802
1311868240.7480 -2.2667 -1.1796 1.5928 -0.0286 0.5184 0.5177 0.6800
1311868240.7799 -2.2711 -1.1780 1.5913 -0.0281 0.5182 0.5179 0.6800
1311868240.8119 -2.2769 -1.1786 1.5896 -0.0281 0.5183 0.5181 0.6798
1311868240.8798 -2.2785 -1.1761 1.5831 -0.0291 0.5191 0.5215 0.6765
1311868240.9120 -2.2836 -1.1811 1.5809 -0.0315 0.5201 0.5236 0.6741
1311868240.9479 -2.2812 -1.1814 1.5751 -0.0354 0.5173 0.5277 0.6728
1311868240.9800 -2.2800 -1.1813 1.5720 -0.0393 0.5144 0.5329 0.6707
1311868241.0120 -2.2741 -1.1726 1.5692 -0.0398 0.5138 0.5345 0.6699
1311868241.0479 -2.2706 -1.1725 1.5630 -0.0415 0.5133 0.5344 0.6702
1311868241.0800 -2.2625 -1.1702 1.5617 -0.0425 0.5140 0.5330 0.6707
1311868241.1118 -2.2557 -1.1711 1.5544 -0.0420 0.5156 0.5315 0.6707
1311868241.1480 -2.2540 -1.1751 1.5481 -0.0409 0.5172 0.5302 0.6706
1311868241.1798 -2.2493 -1.1753 1.5417 -0.0404 0.5183 0.5286 0.6710
1311868241.2119 -2.2504 -1.1807 1.5337 -0.0404 0.5193 0.5273 0.6713
1311868241.2478 -2.2447 -1.1861 1.5284 -0.0436 0.5184 0.5284 0.6710
1311868241.2800 -2.2356 -1.1848 1.5223 -0.0439 0.5182 0.5308 0.6692
1311868241.3118 -2.2276 -1.1885 1.5166 -0.0427 0.5183 0.5343 0.6664
1311868241.3482 -2.2217 -1.1901 1.5075 -0.0411 0.5166 0.5365 0.6661
1311868241.3800 -2.2150 -1.1919 1.5023 -0.0397 0.5164 0.5362 0.6665
1311868241.4119 -2.2096 -1.1963 1.4962 -0.0385 0.5167 0.5362 0.6664
1311868241.4478 -2.2025 -1.1977 1.4921 -0.0373 0.5170 0.5360 0.6664
1311868241.4799 -2.1961 -1.2013 1.4859 -0.0353 0.5171 0.5362 0.6662
1311868241.5122 -2.1889 -1.1988 1.4805 -0.0311 0.5166 0.5366 0.6665
1311868241.5799 -2.1781 -1.2079 1.4669 -0.0275 0.5162 0.5404 0.6638
1311868241.6120 -2.1706 -1.2030 1.4597 -0.0265 0.5155 0.5411 0.6640
1311868241.6480 -2.1678 -1.2034 1.4569 -0.0251 0.5166 0.5399 0.6641
1311868241.6800 -2.1597 -1.2060 1.4478 -0.0240 0.5152 0.5409 0.6644
1311868241.7126 -2.1544 -1.2077 1.4394 -0.0231 0.5135 0.5414 0.6653
1311868241.7480 -2.1510 -1.2048 1.4370 -0.0207 0.5126 0.5400 0.6673
1311868241.7799 -2.1462 -1.2107 1.4280 -0.0210 0.5114 0.5388 0.6691
1311868241.8118 -2.1395 -1.2087 1.4199 -0.0220 0.5099 0.5362 0.6723
1311868241.8480 -2.1319 -1.2097 1.4141 -0.0238 0.5105 0.5328 0.6744
1311868241.8799 -2.1278 -1.2087 1.4051 -0.0256 0.5108 0.5272 0.6786
1311868241.9120 -2.1217 -1.2089 1.4013 -0.0268 0.5121 0.5222 0.6814
1311868241.9478 -2.1193 -1.2085 1.3934 -0.0261 0.5123 0.5175 0.6849
1311868241.9799 -2.1185 -1.2091 1.3859 -0.0257 0.5108 0.5139 0.6887
1311868242.0119 -2.1158 -1.2100 1.3764 -0.0245 0.5084 0.5126 0.6914
1311868242.0479 -2.1145 -1.2109 1.3677 -0.0237 0.5052 0.5111 0.6950
1311868242.0800 -2.1136 -1.2106 1.3610 -0.0244 0.5015 0.5090 0.6992
1311868242.1119 -2.1106 -1.2089 1.3551 -0.0247 0.4988 0.5077 0.7020
1311868242.1479 -2.1089 -1.2084 1.3481 -0.0258 0.4964 0.5058 0.7050
1311868242.1800 -2.1069 -1.2082 1.3416 -0.0279 0.4951 0.5021 0.7085
1311868242.2122 -2.1052 -1.2063 1.3353 -0.0294 0.4947 0.4984 0.7114
1311868242.2479 -2.1062 -1.2083 1.3275 -0.0296 0.4943 0.4953 0.7137
1311868242.2800 -2.1064 -1.2061 1.3233 -0.0296 0.4923 0.4932 0.7166
1311868242.3121 -2.1071 -1.2071 1.3195 -0.0291 0.4907 0.4921 0.7185
1311868242.3479 -2.1075 -1.2087 1.3121 -0.0272 0.4876 0.4918 0.7209
1311868242.3799 -2.1072 -1.2068 1.3066 -0.0244 0.4834 0.4924 0.7234
1311868242.4120 -2.1067 -1.2054 1.3052 -0.0219 0.4811 0.4919 0.7253
1311868242.4479 -2.1044 -1.2031 1.3022 -0.0196 0.4796 0.4900 0.7277
1311868242.4800 -2.1053 -1.2023 1.2974 -0.0204 0.4784 0.4855 0.7315
1311868242.5120 -2.1044 -1.2012 1.2943 -0.0211 0.4787 0.4809 0.7343
1311868242.5801 -2.1049 -1.1973 1.2906 -0.0194 0.4763 0.4793 0.7369
1311868242.6123 -2.1055 -1.1952 1.2839 -0.0161 0.4717 0.4804 0.7392
1311868242.6799 -2.1083 -1.1948 1.2833 -0.0134 0.4646 0.4785 0.7450
1311868242.7123 -2.1011 -1.1869 1.2811 -0.0125 0.4630 0.4766 0.7472
1311868242.7479 -2.1036 -1.1876 1.2786 -0.0116 0.4676 0.4735 0.7463
1311868242.7800 -2.1049 -1.1878 1.2766 -0.0111 0.4731 0.4717 0.7440
1311868242.8480 -2.1077 -1.1857 1.2675 -0.0100 0.4793 0.4717 0.7401
1311868242.8799 -2.1070 -1.1837 1.2654 -0.0105 0.4804 0.4720 0.7391
1311868242.9120 -2.1061 -1.1804 1.2671 -0.0101 0.4826 0.4703 0.7388
1311868242.9481 -2.1095 -1.1793 1.2620 -0.0120 0.4839 0.4689 0.7388
1311868243.0122 -2.1045 -1.1735 1.2586 -0.0089 0.4880 0.4718 0.7343
1311868243.0481 -2.1060 -1.1705 1.2567 -0.0053 0.4885 0.4735 0.7329
1311868243.0800 -2.1049 -1.1651 1.2562 -0.0029 0.4872 0.4766 0.7318
1311868243.1119 -2.1040 -1.1626 1.2507 -0.0013 0.4866 0.4793 0.7304
1311868243.1481 -2.1052 -1.1608 1.2478 -0.0010 0.4870 0.4799 0.7297
1311868243.1801 -2.1006 -1.1551 1.2467 -0.0013 0.4875 0.4785 0.7304
1311868243.2120 -2.1018 -1.1560 1.2411 -0.0022 0.4894 0.4759 0.7307
1311868243.2481 -2.1029 -1.1537 1.2388 -0.0018 0.4899 0.4749 0.7310
1311868243.2800 -2.1017 -1.1509 1.2366 -0.0005 0.4892 0.4751 0.7314
1311868243.3120 -2.1025 -1.1500 1.2330 0.0013 0.4873 0.4749 0.7328
1311868243.3481 -2.1031 -1.1482 1.2303 0.0019 0.4849 0.4734 0.7354
1311868243.4119 -2.1040 -1.1402 1.2212 0.0019 0.4828 0.4669 0.7409
1311868243.4482 -2.1019 -1.1350 1.2205 0.0004 0.4833 0.4640 0.7423
1311868243.4801 -2.1015 -1.1304 1.2191 -0.0008 0.4847 0.4614 0.7431
1311868243.5481 -2.1066 -1.1257 1.2103 -0.0030 0.4842 0.4563 0.7466
1311868243.5800 -2.1082 -1.1228 1.2073 -0.0027 0.4810 0.4542 0.7499
1311868243.6120 -2.1135 -1.1210 1.2001 -0.0031 0.4755 0.4513 0.7551
1311868243.6481 -2.1176 -1.1164 1.1935 -0.0044 0.4687 0.4494 0.7605
1311868243.6800 -2.1222 -1.1123 1.1854 -0.0064 0.4629 0.4475 0.7651
1311868243.7120 -2.1225 -1.1050 1.1770 -0.0092 0.4577 0.4457 0.7693
1311868243.7479 -2.1266 -1.1014 1.1698 -0.0142 0.4556 0.4423 0.7724
1311868243.7800 -2.1269 -1.0921 1.1625 -0.0177 0.4540 0.4407 0.7742
1311868243.8119 -2.1325 -1.0870 1.1564 -0.0198 0.4536 0.4422 0.7735
1311868243.8482 -2.1337 -1.0798 1.1486 -0.0212 0.4517 0.4441 0.7735
1311868243.8801 -2.1340 -1.0752 1.1439 -0.0219 0.4488 0.4443 0.7750
1311868243.9121 -2.1391 -1.0735 1.1334 -0.0231 0.4446 0.4421 0.7787
1311868243.9482 -2.1432 -1.0699 1.1327 -0.0231 0.4411 0.4400 0.7819
1311868243.9800 -2.1436 -1.0622 1.1270 -0.0217 0.4347 0.4391 0.7860
1311868244.0121 -2.1467 -1.0573 1.1235 -0.0214 0.4304 0.4370 0.7895
1311868244.0481 -2.1506 -1.0547 1.1164 -0.0211 0.4272 0.4356 0.7920
1311868244.0801 -2.1507 -1.0502 1.1123 -0.0191 0.4247 0.4352 0.7936
1311868244.1122 -2.1482 -1.0397 1.1095 -0.0154 0.4219 0.4340 0.7959
1311868244.1481 -2.1576 -1.0382 1.1034 -0.0139 0.4219 0.4308 0.7976
1311868244.2120 -2.1663 -1.0271 1.0954 -0.0118 0.4222 0.4234 0.8014
1311868244.2480 -2.1701 -1.0207 1.0923 -0.0113 0.4203 0.4212 0.8037
1311868244.3122 -2.1837 -1.0104 1.0849 -0.0131 0.4102 0.4162 0.8114
1311868244.3483 -2.1884 -1.0062 1.0853 -0.0160 0.4065 0.4161 0.8133
1311868244.3800 -2.1857 -0.9983 1.0760 -0.0168 0.4026 0.4180 0.8142
1311868244.4121 -2.1946 -0.9915 1.0846 -0.0163 0.4066 0.4176 0.8124
1311868244.4482 -2.1837 -0.9798 1.0756 -0.0180 0.4055 0.4190 0.8122
1311868244.4801 -2.1876 -0.9753 1.0716 -0.0181 0.4089 0.4193 0.8104
1311868244.5123 -2.1955 -0.9713 1.0719 -0.0184 0.4123 0.4186 0.8090
1311868244.5483 -2.1976 -0.9656 1.0662 -0.0187 0.4128 0.4175 0.8093
1311868244.5801 -2.2023 -0.9628 1.0575 -0.0188 0.4126 0.4173 0.8095
1311868244.6123 -2.2053 -0.9549 1.0609 -0.0180 0.4119 0.4177 0.8097
1311868244.6482 -2.2080 -0.9507 1.0549 -0.0171 0.4086 0.4170 0.8117
1311868244.7121 -2.2169 -0.9386 1.0551 -0.0180 0.4050 0.4176 0.8132
1311868244.7483 -2.2095 -0.9316 1.0445 -0.0189 0.4038 0.4209 0.8121
1311868244.7800 -2.2066 -0.9203 1.0472 -0.0170 0.4064 0.4248 0.8087
1311868244.8121 -2.2102 -0.9174 1.0430 -0.0189 0.4092 0.4289 0.8051
1311868244.8481 -2.2076 -0.9112 1.0420 -0.0204 0.4117 0.4321 0.8021
1311868244.8804 -2.2078 -0.9059 1.0368 -0.0213 0.4138 0.4331 0.8005
1311868244.9122 -2.2098 -0.9018 1.0314 -0.0250 0.4153 0.4323 0.8000
1311868244.9481 -2.2104 -0.8978 1.0321 -0.0277 0.4172 0.4315 0.7994
1311868244.9801 -2.2084 -0.8904 1.0306 -0.0303 0.4174 0.4306 0.7996
1311868245.0123 -2.2075 -0.8840 1.0306 -0.0337 0.4166 0.4311 0.7997
1311868245.0483 -2.2034 -0.8775 1.0332 -0.0371 0.4156 0.4308 0.8002
1311868245.0802 -2.1978 -0.8694 1.0333 -0.0381 0.4164 0.4291 0.8007
1311868245.1123 -2.1978 -0.8660 1.0307 -0.0393 0.4184 0.4278 0.8002
1311868245.1482 -2.1918 -0.8572 1.0288 -0.0400 0.4208 0.4281 0.7987
1311868245.1799 -2.1917 -0.8555 1.0273 -0.0401 0.4254 0.4273 0.7968
1311868245.2122 -2.1838 -0.8462 1.0245 -0.0377 0.4256 0.4263 0.7973
1311868245.2483 -2.1906 -0.8464 1.0232 -0.0349 0.4256 0.4255 0.7979
1311868245.2802 -2.1813 -0.8376 1.0177 -0.0322 0.4197 0.4251 0.8013
1311868245.3122 -2.1769 -0.8342 1.0135 -0.0291 0.4156 0.4240 0.8041
1311868245.3482 -2.1720 -0.8256 1.0151 -0.0261 0.4133 0.4227 0.8061
1311868245.3801 -2.1667 -0.8201 1.0050 -0.0239 0.4121 0.4201 0.8082
1311868245.4122 -2.1673 -0.8188 0.9986 -0.0230 0.4118 0.4170 0.8099
1311868245.4482 -2.1639 -0.8123 0.9942 -0.0214 0.4098 0.4162 0.8114
1311868245.4801 -2.1559 -0.8047 0.9946 -0.0173 0.4078 0.4169 0.8121
1311868245.5123 -2.1576 -0.7997 0.9847 -0.0133 0.4045 0.4153 0.8147
1311868245.5482 -2.1534 -0.7899 0.9796 -0.0103 0.3992 0.4140 0.8180
1311868245.5803 -2.1539 -0.7856 0.9776 -0.0082 0.3970 0.4126 0.8198
1311868245.6123 -2.1521 -0.7798 0.9690 -0.0084 0.3956 0.4126 0.8205
1311868245.6482 -2.1616 -0.7756 0.9671 -0.0095 0.3990 0.4149 0.8176
1311868245.6802 -2.1557 -0.7663 0.9553 -0.0116 0.4000 0.4177 0.8157
1311868245.7161 -2.1536 -0.7618 0.9616 -0.0113 0.4034 0.4222 0.8117
1311868245.7482 -2.1509 -0.7522 0.9561 -0.0091 0.4017 0.4271 0.8100
1311868245.7802 -2.1499 -0.7445 0.9530 -0.0064 0.3982 0.4310 0.8097
1311868245.8163 -2.1480 -0.7363 0.9482 -0.0047 0.3930 0.4330 0.8112
1311868245.8482 -2.1496 -0.7293 0.9402 -0.0032 0.3884 0.4351 0.8123
1311868245.8802 -2.1487 -0.7221 0.9351 -0.0038 0.3839 0.4367 0.8135
1311868245.9162 -2.1492 -0.7137 0.9294 -0.0051 0.3813 0.4367 0.8148
1311868245.9482 -2.1502 -0.7081 0.9268 -0.0067 0.3807 0.4360 0.8154
1311868245.9803 -2.1517 -0.6997 0.9173 -0.0093 0.3775 0.4348 0.8175
1311868246.0161 -2.1525 -0.6939 0.9156 -0.0129 0.3765 0.4319 0.8194
1311868246.0482 -2.1517 -0.6882 0.9079 -0.0166 0.3732 0.4291 0.8224
1311868246.0803 -2.1542 -0.6832 0.9035 -0.0201 0.3704 0.4261 0.8252
1311868246.1162 -2.1577 -0.6785 0.8993 -0.0219 0.3675 0.4252 0.8269
1311868246.1482 -2.1593 -0.6730 0.8922 -0.0230 0.3631 0.4251 0.8288
1311868246.1802 -2.1630 -0.6688 0.8877 -0.0250 0.3599 0.4248 0.8303
1311868246.2161 -2.1642 -0.6636 0.8819 -0.0266 0.3586 0.4241 0.8312
1311868246.2481 -2.1689 -0.6602 0.8770 -0.0276 0.3593 0.4249 0.8304
1311868246.2802 -2.1706 -0.6533 0.8688 -0.0282 0.3591 0.4252 0.8303
1311868246.3162 -2.1744 -0.6493 0.8658 -0.0300 0.3607 0.4236 0.8304
1311868246.3481 -2.1731 -0.6454 0.8584 -0.0307 0.3601 0.4233 0.8308
1311868246.3802 -2.1874 -0.6450 0.8535 -0.0314 0.3604 0.4214 0.8316
1311868246.4161 -2.1843 -0.6400 0.8464 -0.0326 0.3562 0.4225 0.8328
1311868246.4483 -2.1934 -0.6356 0.8425 -0.0340 0.3556 0.4221 0.8332
1311868246.4804 -2.2013 -0.6308 0.8369 -0.0351 0.3558 0.4226 0.8328
1311868246.5162 -2.2010 -0.6264 0.8334 -0.0374 0.3552 0.4240 0.8323
1311868246.5484 -2.2062 -0.6219 0.8236 -0.0386 0.3549 0.4240 0.8324
1311868246.5802 -2.2075 -0.6172 0.8169 -0.0407 0.3533 0.4246 0.8326
1311868246.6161 -2.2176 -0.6125 0.8135 -0.0423 0.3552 0.4240 0.8321
1311868246.6483 -2.2246 -0.6083 0.8112 -0.0429 0.3564 0.4254 0.8308
1311868246.6803 -2.2256 -0.6043 0.8076 -0.0452 0.3553 0.4280 0.8298
1311868246.7163 -2.2323 -0.5992 0.8124 -0.0455 0.3576 0.4298 0.8279
1311868246.7489 -2.2297 -0.5959 0.7989 -0.0470 0.3563 0.4313 0.8275
1311868246.7804 -2.2325 -0.5927 0.7940 -0.0484 0.3569 0.4311 0.8273
1311868246.8162 -2.2393 -0.5889 0.7927 -0.0488 0.3592 0.4295 0.8271
1311868246.8484 -2.2461 -0.5858 0.7907 -0.0492 0.3615 0.4291 0.8263
1311868246.8803 -2.2452 -0.5835 0.7839 -0.0499 0.3621 0.4311 0.8250
1311868246.9162 -2.2423 -0.5804 0.7757 -0.0502 0.3620 0.4331 0.8240
1311868246.9482 -2.2445 -0.5762 0.7714 -0.0497 0.3631 0.4329 0.8236
1311868246.9803 -2.2463 -0.5733 0.7686 -0.0499 0.3646 0.4323 0.8232
1311868247.0162 -2.2481 -0.5713 0.7632 -0.0500 0.3663 0.4334 0.8219
1311868247.0484 -2.2441 -0.5688 0.7585 -0.0506 0.3671 0.4356 0.8203
1311868247.0802 -2.2438 -0.5682 0.7574 -0.0512 0.3693 0.4365 0.8188
1311868247.1163 -2.2440 -0.5666 0.7592 -0.0508 0.3717 0.4374 0.8173
1311868247.1484 -2.2418 -0.5662 0.7548 -0.0503 0.3720 0.4392 0.8162
1311868247.1803 -2.2352 -0.5657 0.7532 -0.0506 0.3708 0.4400 0.8163
1311868247.2164 -2.2319 -0.5649 0.7500 -0.0501 0.3699 0.4391 0.8173
1311868247.2482 -2.2280 -0.5661 0.7486 -0.0501 0.3699 0.4386 0.8175
1311868247.2803 -2.2259 -0.5658 0.7463 -0.0488 0.3701 0.4395 0.8170
1311868247.3163 -2.2225 -0.5633 0.7433 -0.0484 0.3695 0.4397 0.8172
1311868247.3483 -2.2141 -0.5611 0.7387 -0.0492 0.3688 0.4386 0.8180
1311868247.3806 -2.2105 -0.5596 0.7377 -0.0495 0.3700 0.4367 0.8185
1311868247.4163 -2.2043 -0.5603 0.7356 -0.0507 0.3706 0.4360 0.8186
1311868247.4483 -2.1992 -0.5605 0.7335 -0.0515 0.3714 0.4344 0.8190
1311868247.4804 -2.1929 -0.5587 0.7354 -0.0517 0.3707 0.4329 0.8201
1311868247.5161 -2.1812 -0.5600 0.7305 -0.0525 0.3700 0.4314 0.8211
1311868247.5485 -2.1669 -0.5605 0.7261 -0.0517 0.3682 0.4326 0.8214
1311868247.5802 -2.1686 -0.5598 0.7348 -0.0495 0.3706 0.4312 0.8211
1311868247.6164 -2.1555 -0.5582 0.7307 -0.0470 0.3686 0.4316 0.8220
1311868247.6482 -2.1497 -0.5591 0.7305 -0.0443 0.3683 0.4318 0.8222
1311868247.6804 -2.1378 -0.5589 0.7262 -0.0423 0.3667 0.4336 0.8220
1311868247.7162 -2.1352 -0.5605 0.7283 -0.0407 0.3673 0.4334 0.8219
1311868247.7483 -2.1204 -0.5579 0.7203 -0.0405 0.3643 0.4330 0.8235
1311868247.7804 -2.1077 -0.5579 0.7170 -0.0414 0.3640 0.4307 0.8248
1311868247.8162 -2.0939 -0.5580 0.7088 -0.0431 0.3637 0.4283 0.8261
1311868247.8484 -2.0929 -0.5586 0.7141 -0.0435 0.3677 0.4247 0.8262
1311868247.8802 -2.0779 -0.5596 0.7148 -0.0450 0.3682 0.4234 0.8265
1311868247.9162 -2.0639 -0.5604 0.7114 -0.0453 0.3682 0.4220 0.8272
1311868247.9482 -2.0551 -0.5620 0.7079 -0.0447 0.3684 0.4221 0.8271
1311868247.9802 -2.0405 -0.5620 0.7049 -0.0443 0.3669 0.4230 0.8273
1311868248.0162 -2.0269 -0.5627 0.7025 -0.0439 0.3655 0.4245 0.8272
1311868248.0482 -2.0275 -0.5629 0.7088 -0.0414 0.3671 0.4236 0.8271
1311868248.0803 -2.0130 -0.5614 0.7047 -0.0391 0.3641 0.4227 0.8290
1311868248.1162 -2.0006 -0.5611 0.7001 -0.0384 0.3597 0.4219 0.8314
1311868248.1483 -1.9977 -0.5623 0.7014 -0.0378 0.3576 0.4214 0.8326
1311868248.1804 -1.9823 -0.5618 0.7010 -0.0378 0.3549 0.4228 0.8330
1311868248.2164 -1.9743 -0.5617 0.6943 -0.0361 0.3527 0.4243 0.8332
1311868248.2483 -1.9650 -0.5601 0.6898 -0.0364 0.3489 0.4251 0.8344
1311868248.2803 -1.9571 -0.5600 0.6926 -0.0373 0.3476 0.4240 0.8355
1311868248.3162 -1.9493 -0.5583 0.6892 -0.0378 0.3470 0.4212 0.8371
1311868248.3483 -1.9429 -0.5563 0.6839 -0.0397 0.3458 0.4192 0.8385
1311868248.3805 -1.9349 -0.5553 0.6858 -0.0421 0.3449 0.4183 0.8392
1311868248.4163 -1.9160 -0.5539 0.6797 -0.0439 0.3409 0.4191 0.8404
1311868248.4484 -1.9079 -0.5499 0.6697 -0.0438 0.3372 0.4181 0.8424
1311868248.4804 -1.8945 -0.5448 0.6665 -0.0450 0.3326 0.4178 0.8443
1311868248.5163 -1.8901 -0.5449 0.6705 -0.0447 0.3310 0.4158 0.8459
1311868248.5483 -1.8779 -0.5431 0.6685 -0.0454 0.3267 0.4140 0.8484
1311868248.5803 -1.8657 -0.5413 0.6655 -0.0458 0.3234 0.4112 0.8510
1311868248.6164 -1.8581 -0.5396 0.6577 -0.0466 0.3204 0.4074 0.8539
1311868248.6485 -1.8499 -0.5395 0.6554 -0.0504 0.3197 0.4025 0.8563
1311868248.6804 -1.8378 -0.5368 0.6510 -0.0536 0.3212 0.3964 0.8584
1311868248.7165 -1.8303 -0.5364 0.6404 -0.0572 0.3206 0.3915 0.8607
1311868248.7485 -1.8192 -0.5334 0.6365 -0.0620 0.3174 0.3877 0.8632
1311868248.7803 -1.8090 -0.5336 0.6351 -0.0639 0.3141 0.3856 0.8652
1311868248.8165 -1.8011 -0.5336 0.6286 -0.0653 0.3078 0.3853 0.8675
1311868248.8483 -1.7902 -0.5332 0.6257 -0.0666 0.3010 0.3868 0.8691
1311868248.8804 -1.7812 -0.5334 0.6222 -0.0668 0.2965 0.3890 0.8696
1311868248.9165 -1.7719 -0.5331 0.6164 -0.0674 0.2947 0.3907 0.8695
1311868248.9483 -1.7639 -0.5337 0.6169 -0.0685 0.2983 0.3918 0.8677
1311868248.9804 -1.7481 -0.5292 0.6041 -0.0699 0.2992 0.3915 0.8674
1311868249.0165 -1.7413 -0.5300 0.6038 -0.0722 0.3037 0.3906 0.8661
1311868249.0483 -1.7350 -0.5289 0.6014 -0.0724 0.3083 0.3895 0.8648
1311868249.0807 -1.7290 -0.5307 0.5930 -0.0748 0.3099 0.3885 0.8646
1311868249.1163 -1.7191 -0.5265 0.5912 -0.0764 0.3093 0.3894 0.8642
1311868249.1485 -1.7070 -0.5241 0.5853 -0.0781 0.3080 0.3897 0.8644
1311868249.1805 -1.7004 -0.5215 0.5838 -0.0797 0.3078 0.3888 0.8647
1311868249.2164 -1.6932 -0.5190 0.5884 -0.0806 0.3103 0.3878 0.8642
1311868249.2482 -1.6874 -0.5202 0.5900 -0.0800 0.3133 0.3882 0.8630
1311868249.2807 -1.6756 -0.5150 0.5838 -0.0791 0.3116 0.3877 0.8639
1311868249.3166 -1.6759 -0.5173 0.5893 -0.0781 0.3143 0.3868 0.8634
1311868249.3484 -1.6682 -0.5191 0.5891 -0.0766 0.3144 0.3869 0.8635
1311868249.3806 -1.6585 -0.5207 0.5857 -0.0759 0.3139 0.3867 0.8638
1311868249.4165 -1.6492 -0.5219 0.5844 -0.0750 0.3136 0.3866 0.8641
1311868249.4483 -1.6419 -0.5262 0.5873 -0.0742 0.3141 0.3875 0.8635
1311868249.4804 -1.6368 -0.5277 0.5872 -0.0723 0.3155 0.3870 0.8634
1311868249.5163 -1.6312 -0.5299 0.5884 -0.0716 0.3183 0.3855 0.8631
1311868249.5483 -1.6244 -0.5304 0.5901 -0.0701 0.3217 0.3831 0.8630
1311868249.5803 -1.6142 -0.5334 0.5875 -0.0695 0.3235 0.3805 0.8635
1311868249.6163 -1.6044 -0.5366 0.5858 -0.0687 0.3242 0.3803 0.8635
1311868249.6484 -1.6061 -0.5377 0.5888 -0.0660 0.3263 0.3810 0.8625
1311868249.6807 -1.5994 -0.5405 0.5901 -0.0665 0.3248 0.3812 0.8630
1311868249.7163 -1.5902 -0.5422 0.5911 -0.0675 0.3228 0.3811 0.8637
1311868249.7483 -1.5850 -0.5425 0.5962 -0.0676 0.3227 0.3820 0.8633
1311868249.7807 -1.5770 -0.5468 0.5988 -0.0674 0.3231 0.3834 0.8626
1311868249.8166 -1.5663 -0.5512 0.5999 -0.0684 0.3235 0.3829 0.8626
1311868249.8483 -1.5585 -0.5541 0.6036 -0.0678 0.3259 0.3817 0.8623
1311868249.8805 -1.5508 -0.5583 0.6062 -0.0668 0.3286 0.3822 0.8611
1311868249.9166 -1.5427 -0.5611 0.6075 -0.0657 0.3303 0.3827 0.8603
1311868249.9483 -1.5336 -0.5646 0.6114 -0.0644 0.3324 0.3831 0.8594
1311868249.9803 -1.5238 -0.5686 0.6113 -0.0629 0.3339 0.3822 0.8593
1311868250.0164 -1.5199 -0.5733 0.6150 -0.0613 0.3368 0.3812 0.8588
1311868250.0486 -1.5106 -0.5776 0.6173 -0.0608 0.3391 0.3802 0.8584
1311868250.0805 -1.5040 -0.5810 0.6201 -0.0597 0.3411 0.3789 0.8582
1311868250.1165 -1.4963 -0.5861 0.6238 -0.0593 0.3430 0.3768 0.8584
1311868250.1486 -1.4912 -0.5900 0.6274 -0.0583 0.3450 0.3747 0.8586
1311868250.1805 -1.4821 -0.5944 0.6318 -0.0577 0.3443 0.3749 0.8588
1311868250.2164 -1.4779 -0.5984 0.6362 -0.0553 0.3435 0.3762 0.8587
1311868250.2486 -1.4694 -0.6018 0.6407 -0.0541 0.3414 0.3767 0.8594
1311868250.2804 -1.4640 -0.6053 0.6429 -0.0519 0.3407 0.3767 0.8599
1311868250.3165 -1.4588 -0.6092 0.6448 -0.0490 0.3407 0.3779 0.8595
1311868250.3490 -1.4523 -0.6121 0.6458 -0.0468 0.3400 0.3787 0.8595
1311868250.3806 -1.4460 -0.6161 0.6475 -0.0461 0.3403 0.3771 0.8602
1311868250.4164 -1.4413 -0.6196 0.6486 -0.0449 0.3414 0.3750 0.8607
1311868250.4483 -1.4363 -0.6202 0.6516 -0.0428 0.3423 0.3741 0.8608
1311868250.4804 -1.4293 -0.6287 0.6504 -0.0436 0.3417 0.3732 0.8614
1311868250.5164 -1.4241 -0.6320 0.6531 -0.0438 0.3415 0.3699 0.8629
1311868250.5487 -1.4227 -0.6347 0.6575 -0.0416 0.3397 0.3711 0.8632
1311868250.5804 -1.4184 -0.6373 0.6612 -0.0391 0.3360 0.3740 0.8635
1311868250.6164 -1.4091 -0.6443 0.6595 -0.0388 0.3320 0.3767 0.8639
1311868250.6488 -1.4039 -0.6470 0.6581 -0.0373 0.3311 0.3763 0.8645
1311868250.6805 -1.3988 -0.6509 0.6569 -0.0368 0.3324 0.3747 0.8647
1311868250.7165 -1.3955 -0.6540 0.6587 -0.0348 0.3350 0.3744 0.8639
1311868250.7484 -1.3944 -0.6568 0.6610 -0.0326 0.3369 0.3733 0.8638
1311868250.7806 -1.3921 -0.6597 0.6617 -0.0313 0.3371 0.3709 0.8648
1311868250.8164 -1.3879 -0.6631 0.6629 -0.0300 0.3365 0.3689 0.8659
1311868250.8484 -1.3854 -0.6664 0.6623 -0.0272 0.3371 0.3676 0.8663
1311868250.8805 -1.3871 -0.6647 0.6639 -0.0243 0.3384 0.3663 0.8664
1311868250.9164 -1.3814 -0.6686 0.6623 -0.0251 0.3387 0.3650 0.8669
1311868250.9487 -1.3790 -0.6726 0.6622 -0.0237 0.3414 0.3621 0.8671
1311868250.9805 -1.3828 -0.6731 0.6634 -0.0201 0.3440 0.3582 0.8677
1311868251.0164 -1.3855 -0.6741 0.6638 -0.0193 0.3433 0.3542 0.8697
1311868251.0486 -1.3875 -0.6739 0.6642 -0.0183 0.3408 0.3517 0.8717
1311868251.0805 -1.3884 -0.6716 0.6638 -0.0180 0.3374 0.3508 0.8734
1311868251.1165 -1.3873 -0.6703 0.6637 -0.0181 0.3353 0.3515 0.8739
1311868251.1484 -1.3868 -0.6681 0.6611 -0.0178 0.3349 0.3529 0.8735
1311868251.1806 -1.3856 -0.6663 0.6592 -0.0190 0.3357 0.3532 0.8730
1311868251.2164 -1.3854 -0.6643 0.6573 -0.0206 0.3376 0.3518 0.8728
1311868251.2484 -1.3873 -0.6613 0.6560 -0.0223 0.3393 0.3500 0.8729
1311868251.2804 -1.3883 -0.6595 0.6563 -0.0248 0.3404 0.3478 0.8732
1311868251.3169 -1.3897 -0.6566 0.6549 -0.0261 0.3406 0.3457 0.8740
1311868251.3485 -1.3909 -0.6523 0.6525 -0.0273 0.3405 0.3454 0.8741
1311868251.3808 -1.3916 -0.6479 0.6505 -0.0279 0.3407 0.3469 0.8734
1311868251.4169 -1.3916 -0.6439 0.6491 -0.0284 0.3406 0.3476 0.8731
1311868251.4488 -1.3911 -0.6413 0.6468 -0.0287 0.3403 0.3471 0.8735
1311868251.4806 -1.3948 -0.6355 0.6452 -0.0288 0.3400 0.3469 0.8736
1311868251.5165 -1.3950 -0.6334 0.6375 -0.0304 0.3384 0.3483 0.8736
1311868251.5487 -1.3959 -0.6251 0.6372 -0.0301 0.3376 0.3498 0.8733
1311868251.5808 -1.3953 -0.6237 0.6326 -0.0307 0.3376 0.3512 0.8728
1311868251.6166 -1.3973 -0.6185 0.6281 -0.0290 0.3377 0.3534 0.8719
1311868251.6490 -1.3988 -0.6149 0.6232 -0.0274 0.3376 0.3537 0.8719
1311868251.6811 -1.4006 -0.6104 0.6169 -0.0267 0.3366 0.3523 0.8728
1311868251.7165 -1.4025 -0.6060 0.6109 -0.0278 0.3361 0.3497 0.8740
1311868251.7487 -1.4031 -0.6002 0.6043 -0.0287 0.3358 0.3462 0.8756
1311868251.7806 -1.4029 -0.5955 0.5964 -0.0302 0.3365 0.3439 0.8761
1311868251.8167 -1.4069 -0.5905 0.5903 -0.0309 0.3381 0.3438 0.8755
1311868251.8487 -1.4039 -0.5854 0.5876 -0.0323 0.3372 0.3445 0.8756
1311868251.8812 -1.4064 -0.5796 0.5792 -0.0325 0.3361 0.3451 0.8757
1311868251.9166 -1.4040 -0.5726 0.5734 -0.0334 0.3341 0.3447 0.8766
1311868251.9488 -1.4029 -0.5676 0.5649 -0.0347 0.3328 0.3432 0.8776
1311868251.9805 -1.4036 -0.5617 0.5594 -0.0348 0.3329 0.3422 0.8780
1311868252.0166 -1.4031 -0.5582 0.5526 -0.0340 0.3335 0.3414 0.8781
1311868252.0487 -1.4049 -0.5517 0.5448 -0.0331 0.3347 0.3391 0.8786
1311868252.0811 -1.4035 -0.5465 0.5350 -0.0339 0.3339 0.3371 0.8796
1311868252.1167 -1.4034 -0.5418 0.5268 -0.0339 0.3329 0.3355 0.8806
1311868252.1487 -1.4039 -0.5356 0.5187 -0.0336 0.3312 0.3331 0.8822
1311868252.1806 -1.4041 -0.5283 0.5096 -0.0339 0.3297 0.3301 0.8838
1311868252.2167 -1.4025 -0.5236 0.5021 -0.0346 0.3294 0.3275 0.8849
1311868252.2491 -1.4056 -0.5176 0.4934 -0.0353 0.3303 0.3225 0.8863
1311868252.2807 -1.4040 -0.5110 0.4840 -0.0371 0.3298 0.3172 0.8884
1311868252.3166 -1.4067 -0.5046 0.4750 -0.0381 0.3306 0.3116 0.8901
1311868252.3486 -1.4066 -0.4953 0.4662 -0.0398 0.3301 0.3075 0.8916
1311868252.3807 -1.4084 -0.4878 0.4587 -0.0411 0.3298 0.3050 0.8925
1311868252.4167 -1.4106 -0.4811 0.4544 -0.0426 0.3285 0.3044 0.8931
1311868252.4488 -1.4120 -0.4729 0.4472 -0.0431 0.3258 0.3045 0.8940
1311868252.4806 -1.4117 -0.4634 0.4393 -0.0436 0.3217 0.3065 0.8948
1311868252.5166 -1.4101 -0.4577 0.4332 -0.0446 0.3184 0.3086 0.8952
1311868252.5500 -1.4091 -0.4490 0.4261 -0.0441 0.3151 0.3102 0.8959
1311868252.5807 -1.4086 -0.4398 0.4162 -0.0450 0.3119 0.3110 0.8967
1311868252.6166 -1.4118 -0.4300 0.4102 -0.0450 0.3115 0.3123 0.8963
1311868252.6491 -1.4112 -0.4226 0.4028 -0.0469 0.3105 0.3137 0.8961
1311868252.6807 -1.4131 -0.4150 0.3975 -0.0486 0.3111 0.3136 0.8958
1311868252.7166 -1.4118 -0.4079 0.3904 -0.0508 0.3111 0.3136 0.8957
1311868252.7487 -1.4096 -0.3990 0.3828 -0.0519 0.3100 0.3146 0.8957
1311868252.7807 -1.4109 -0.3922 0.3799 -0.0530 0.3097 0.3166 0.8950
1311868252.8167 -1.4101 -0.3838 0.3733 -0.0539 0.3080 0.3179 0.8951
1311868252.8487 -1.4098 -0.3789 0.3689 -0.0554 0.3073 0.3188 0.8949
1311868252.8807 -1.4079 -0.3712 0.3650 -0.0559 0.3070 0.3204 0.8944
1311868252.9166 -1.4063 -0.3640 0.3604 -0.0558 0.3065 0.3225 0.8938
1311868252.9487 -1.4027 -0.3572 0.3554 -0.0569 0.3051 0.3223 0.8943
1311868252.9807 -1.3999 -0.3525 0.3511 -0.0571 0.3049 0.3235 0.8939
1311868253.0167 -1.3985 -0.3494 0.3488 -0.0572 0.3051 0.3246 0.8935
1311868253.0488 -1.3957 -0.3402 0.3444 -0.0567 0.3038 0.3257 0.8935
1311868253.0808 -1.3910 -0.3348 0.3428 -0.0558 0.3041 0.3270 0.8930
1311868253.1167 -1.3882 -0.3296 0.3379 -0.0550 0.3046 0.3287 0.8923
1311868253.1488 -1.3866 -0.3226 0.3335 -0.0550 0.3050 0.3305 0.8915
1311868253.1819 -1.3825 -0.3168 0.3286 -0.0564 0.3049 0.3327 0.8906
1311868253.2166 -1.3794 -0.3117 0.3270 -0.0575 0.3058 0.3338 0.8898
1311868253.2487 -1.3754 -0.3073 0.3230 -0.0600 0.3058 0.3325 0.8901
1311868253.2807 -1.3716 -0.3007 0.3206 -0.0625 0.3075 0.3302 0.8902
1311868253.3167 -1.3669 -0.2968 0.3166 -0.0645 0.3092 0.3305 0.8894
1311868253.3488 -1.3610 -0.2902 0.3155 -0.0652 0.3107 0.3317 0.8884
1311868253.3811 -1.3552 -0.2841 0.3107 -0.0656 0.3105 0.3312 0.8886
1311868253.4168 -1.3488 -0.2791 0.3067 -0.0669 0.3103 0.3309 0.8887
1311868253.4487 -1.3433 -0.2749 0.3034 -0.0674 0.3111 0.3321 0.8879
1311868253.4809 -1.3375 -0.2710 0.2984 -0.0685 0.3105 0.3343 0.8872
1311868253.5167 -1.3299 -0.2643 0.2983 -0.0694 0.3104 0.3343 0.8872
1311868253.5485 -1.3223 -0.2606 0.2953 -0.0702 0.3096 0.3341 0.8875
1311868253.5815 -1.3147 -0.2565 0.2930 -0.0701 0.3087 0.3334 0.8880
1311868253.6167 -1.3075 -0.2523 0.2948 -0.0684 0.3088 0.3324 0.8885
1311868253.6487 -1.3010 -0.2477 0.2934 -0.0654 0.3088 0.3316 0.8890
1311868253.6806 -1.2967 -0.2448 0.2918 -0.0612 0.3086 0.3311 0.8896
1311868253.7168 -1.2950 -0.2404 0.2848 -0.0586 0.3054 0.3311 0.8909
1311868253.7488 -1.2903 -0.2365 0.2825 -0.0581 0.3036 0.3318 0.8913
1311868253.7808 -1.2866 -0.2317 0.2789 -0.0570 0.3031 0.3332 0.8910
1311868253.8167 -1.2813 -0.2258 0.2759 -0.0566 0.3029 0.3349 0.8904
1311868253.8487 -1.2761 -0.2211 0.2735 -0.0561 0.3024 0.3358 0.8903
1311868253.8810 -1.2713 -0.2151 0.2698 -0.0558 0.3015 0.3357 0.8907
1311868253.9169 -1.2674 -0.2111 0.2681 -0.0564 0.3001 0.3366 0.8908
1311868253.9488 -1.2625 -0.2067 0.2637 -0.0568 0.2983 0.3377 0.8909
1311868253.9807 -1.2552 -0.2006 0.2590 -0.0570 0.2963 0.3377 0.8916
1311868254.0167 -1.2511 -0.1960 0.2552 -0.0578 0.2955 0.3352 0.8927
1311868254.0492 -1.2467 -0.1914 0.2527 -0.0582 0.2955 0.3320 0.8939
1311868254.0808 -1.2421 -0.1858 0.2495 -0.0578 0.2949 0.3296 0.8950
1311868254.1168 -1.2379 -0.1792 0.2472 -0.0575 0.2942 0.3272 0.8961
1311868254.1486 -1.2346 -0.1720 0.2444 -0.0568 0.2926 0.3245 0.8977
1311868254.1808 -1.2317 -0.1653 0.2397 -0.0568 0.2891 0.3223 0.8996
1311868254.2167 -1.2254 -0.1591 0.2380 -0.0566 0.2851 0.3218 0.9011
1311868254.2489 -1.2218 -0.1529 0.2313 -0.0559 0.2800 0.3216 0.9028
1311868254.2812 -1.2212 -0.1483 0.2282 -0.0561 0.2761 0.3212 0.9041
1311868254.3167 -1.2119 -0.1397 0.2210 -0.0565 0.2695 0.3199 0.9065
1311868254.3488 -1.2111 -0.1357 0.2152 -0.0571 0.2666 0.3192 0.9076
1311868254.3809 -1.2029 -0.1272 0.2080 -0.0583 0.2614 0.3175 0.9097
1311868254.4169 -1.1988 -0.1215 0.2014 -0.0604 0.2579 0.3136 0.9119
1311868254.4489 -1.1958 -0.1167 0.1963 -0.0625 0.2554 0.3092 0.9139
1311868254.4812 -1.1942 -0.1116 0.1898 -0.0641 0.2524 0.3047 0.9162
1311868254.5167 -1.1905 -0.1044 0.1845 -0.0652 0.2477 0.3016 0.9184
1311868254.5489 -1.1888 -0.0990 0.1764 -0.0668 0.2426 0.2997 0.9202
1311868254.5809 -1.1848 -0.0919 0.1701 -0.0688 0.2367 0.2978 0.9223
1311868254.6168 -1.1837 -0.0869 0.1630 -0.0713 0.2329 0.2956 0.9237
1311868254.6487 -1.1786 -0.0791 0.1573 -0.0736 0.2296 0.2933 0.9251
1311868254.6809 -1.1742 -0.0710 0.1511 -0.0749 0.2276 0.2915 0.9261
1311868254.7168 -1.1745 -0.0667 0.1452 -0.0768 0.2261 0.2911 0.9264
1311868254.7488 -1.1697 -0.0583 0.1401 -0.0780 0.2226 0.2909 0.9272
1311868254.7849 -1.1665 -0.0525 0.1336 -0.0794 0.2189 0.2912 0.9279
1311868254.8169 -1.1654 -0.0483 0.1308 -0.0810 0.2160 0.2915 0.9283
1311868254.8489 -1.1628 -0.0424 0.1248 -0.0818 0.2143 0.2900 0.9291
1311868254.8852 -1.1625 -0.0393 0.1216 -0.0834 0.2139 0.2911 0.9287
1311868254.9170 -1.1571 -0.0296 0.1148 -0.0840 0.2117 0.2917 0.9290
1311868254.9490 -1.1575 -0.0252 0.1096 -0.0843 0.2107 0.2923 0.9290
1311868254.9848 -1.1556 -0.0206 0.1044 -0.0854 0.2085 0.2932 0.9291
1311868255.0169 -1.1486 -0.0106 0.0971 -0.0850 0.2050 0.2921 0.9303
1311868255.0493 -1.1534 -0.0088 0.0944 -0.0853 0.2055 0.2928 0.9299
1311868255.0850 -1.1484 -0.0025 0.0894 -0.0852 0.2031 0.2930 0.9304
1311868255.1167 -1.1443 0.0053 0.0844 -0.0837 0.2015 0.2920 0.9312
1311868255.1488 -1.1466 0.0055 0.0803 -0.0843 0.2006 0.2921 0.9313
1311868255.1851 -1.1464 0.0086 0.0739 -0.0847 0.1984 0.2919 0.9318
1311868255.2169 -1.1413 0.0163 0.0684 -0.0837 0.1962 0.2907 0.9327
1311868255.2487 -1.1395 0.0230 0.0667 -0.0829 0.1959 0.2892 0.9334
1311868255.2850 -1.1387 0.0271 0.0653 -0.0826 0.1956 0.2892 0.9334
1311868255.3170 -1.1393 0.0286 0.0590 -0.0828 0.1949 0.2900 0.9333
1311868255.3490 -1.1350 0.0303 0.0552 -0.0839 0.1930 0.2903 0.9335
1311868255.3848 -1.1352 0.0329 0.0536 -0.0834 0.1939 0.2904 0.9333
1311868255.4175 -1.1284 0.0385 0.0525 -0.0826 0.1932 0.2906 0.9335
1311868255.4490 -1.1243 0.0464 0.0517 -0.0801 0.1932 0.2897 0.9340
1311868255.4848 -1.1246 0.0471 0.0522 -0.0788 0.1938 0.2899 0.9339
1311868255.5171 -1.1322 0.0385 0.0497 -0.0791 0.1960 0.2917 0.9329
1311868255.5489 -1.1261 0.0424 0.0466 -0.0778 0.1940 0.2921 0.9333
1311868255.5858 -1.1320 0.0390 0.0455 -0.0788 0.1961 0.2939 0.9322
1311868255.6169 -1.1160 0.0481 0.0418 -0.0785 0.1926 0.2945 0.9327
1311868255.6493 -1.1070 0.0550 0.0383 -0.0785 0.1920 0.2945 0.9329
1311868255.6849 -1.1016 0.0602 0.0359 -0.0793 0.1922 0.2931 0.9332
1311868255.7169 -1.0946 0.0658 0.0354 -0.0795 0.1919 0.2905 0.9341
1311868255.7488 -1.0909 0.0669 0.0329 -0.0802 0.1919 0.2892 0.9344
1311868255.7850 -1.0840 0.0704 0.0302 -0.0810 0.1907 0.2882 0.9349
1311868255.8175 -1.0804 0.0720 0.0270 -0.0822 0.1909 0.2881 0.9348
1311868255.8488 -1.0717 0.0760 0.0272 -0.0828 0.1903 0.2882 0.9348
1311868255.8850 -1.0634 0.0810 0.0245 -0.0823 0.1902 0.2875 0.9351
1311868255.9169 -1.0534 0.0831 0.0193 -0.0827 0.1888 0.2889 0.9349
1311868255.9489 -1.0462 0.0840 0.0176 -0.0828 0.1878 0.2904 0.9346
1311868255.9848 -1.0380 0.0860 0.0139 -0.0830 0.1858 0.2904 0.9350
1311868256.0175 -1.0313 0.0879 0.0133 -0.0835 0.1848 0.2897 0.9354
1311868256.0489 -1.0226 0.0897 0.0112 -0.0840 0.1837 0.2882 0.9360
1311868256.0848 -1.0159 0.0954 0.0140 -0.0836 0.1840 0.2844 0.9371
1311868256.1173 -1.0037 0.0975 0.0126 -0.0839 0.1832 0.2812 0.9383
1311868256.1497 -0.9957 0.0981 0.0072 -0.0834 0.1832 0.2781 0.9392
1311868256.1848 -0.9838 0.0985 0.0041 -0.0833 0.1817 0.2766 0.9400
1311868256.2169 -0.9772 0.0991 -0.0001 -0.0838 0.1809 0.2755 0.9404
1311868256.2489 -0.9692 0.1016 -0.0006 -0.0846 0.1802 0.2741 0.9409
1311868256.2848 -0.9603 0.1039 -0.0002 -0.0852 0.1804 0.2719 0.9414
1311868256.3168 -0.9483 0.1051 -0.0013 -0.0850 0.1802 0.2694 0.9422
1311868256.3489 -0.9397 0.1069 -0.0011 -0.0831 0.1818 0.2666 0.9428
1311868256.3855 -0.9303 0.1080 -0.0048 -0.0813 0.1817 0.2638 0.9438
1311868256.4177 -0.9230 0.1085 -0.0043 -0.0791 0.1827 0.2623 0.9442
1311868256.4489 -0.9159 0.1092 -0.0072 -0.0763 0.1824 0.2636 0.9442
1311868256.4849 -0.9066 0.1097 -0.0128 -0.0748 0.1796 0.2647 0.9445
1311868256.5172 -0.9001 0.1129 -0.0107 -0.0715 0.1796 0.2640 0.9450
1311868256.5488 -0.8935 0.1134 -0.0125 -0.0690 0.1789 0.2650 0.9450
1311868256.5849 -0.8839 0.1132 -0.0169 -0.0676 0.1772 0.2656 0.9453
1311868256.6169 -0.8759 0.1163 -0.0172 -0.0648 0.1782 0.2648 0.9455
1311868256.6491 -0.8680 0.1162 -0.0187 -0.0630 0.1794 0.2654 0.9452
1311868256.6849 -0.8563 0.1177 -0.0230 -0.0620 0.1784 0.2660 0.9453
1311868256.7171 -0.8517 0.1192 -0.0206 -0.0606 0.1789 0.2658 0.9454
1311868256.7491 -0.8424 0.1213 -0.0238 -0.0593 0.1775 0.2637 0.9463
1311868256.7852 -0.8369 0.1210 -0.0261 -0.0585 0.1764 0.2622 0.9470
1311868256.8168 -0.8301 0.1224 -0.0255 -0.0573 0.1743 0.2587 0.9484
1311868256.8489 -0.8265 0.1230 -0.0263 -0.0562 0.1715 0.2557 0.9498
1311868256.8850 -0.8207 0.1242 -0.0290 -0.0556 0.1685 0.2530 0.9511
1311868256.9169 -0.8138 0.1241 -0.0306 -0.0557 0.1665 0.2497 0.9523
1311868256.9492 -0.8054 0.1253 -0.0320 -0.0557 0.1650 0.2469 0.9533
1311868256.9849 -0.7983 0.1255 -0.0328 -0.0558 0.1645 0.2447 0.9539
1311868257.0171 -0.7898 0.1250 -0.0330 -0.0549 0.1630 0.2425 0.9548
1311868257.0492 -0.7817 0.1254 -0.0369 -0.0538 0.1591 0.2396 0.9562
1311868257.0852 -0.7766 0.1255 -0.0370 -0.0533 0.1562 0.2345 0.9580
1311868257.1170 -0.7704 0.1253 -0.0398 -0.0522 0.1534 0.2298 0.9597
1311868257.1492 -0.7626 0.1250 -0.0434 -0.0521 0.1504 0.2262 0.9610
1311868257.1850 -0.7537 0.1248 -0.0467 -0.0522 0.1479 0.2234 0.9620
1311868257.2168 -0.7470 0.1242 -0.0521 -0.0530 0.1458 0.2212 0.9628
1311868257.2489 -0.7395 0.1242 -0.0580 -0.0557 0.1429 0.2186 0.9637
1311868257.2849 -0.7331 0.1246 -0.0600 -0.0586 0.1414 0.2146 0.9646
1311868257.3170 -0.7221 0.1239 -0.0650 -0.0616 0.1389 0.2110 0.9656
1311868257.3490 -0.7135 0.1237 -0.0693 -0.0649 0.1366 0.2085 0.9663
1311868257.3849 -0.7028 0.1245 -0.0681 -0.0673 0.1329 0.2059 0.9672
1311868257.4168 -0.6936 0.1235 -0.0678 -0.0673 0.1287 0.2042 0.9681
1311868257.4491 -0.6867 0.1223 -0.0716 -0.0670 0.1249 0.2021 0.9690
1311868257.4850 -0.6794 0.1207 -0.0738 -0.0667 0.1228 0.1993 0.9699
1311868257.5168 -0.6714 0.1197 -0.0781 -0.0651 0.1205 0.1974 0.9707
1311868257.5495 -0.6643 0.1190 -0.0827 -0.0639 0.1186 0.1934 0.9718
1311868257.5853 -0.6583 0.1184 -0.0850 -0.0627 0.1175 0.1876 0.9732
1311868257.6180 -0.6496 0.1179 -0.0886 -0.0612 0.1148 0.1835 0.9744
1311868257.6491 -0.6436 0.1171 -0.0910 -0.0597 0.1119 0.1807 0.9753
1311868257.6849 -0.6349 0.1151 -0.0965 -0.0591 0.1073 0.1794 0.9761
1311868257.7180 -0.6285 0.1144 -0.0983 -0.0595 0.1036 0.1786 0.9766
1311868257.7496 -0.6244 0.1135 -0.0981 -0.0584 0.1026 0.1766 0.9772
1311868257.7855 -0.6166 0.1102 -0.1027 -0.0580 0.1011 0.1727 0.9781
1311868257.8169 -0.6110 0.1085 -0.1036 -0.0580 0.1014 0.1668 0.9790
1311868257.8492 -0.6065 0.1055 -0.1028 -0.0569 0.1039 0.1619 0.9797
1311868257.8853 -0.6021 0.1020 -0.1063 -0.0562 0.1049 0.1586 0.9802
1311868257.9170 -0.5990 0.0996 -0.1069 -0.0566 0.1038 0.1559 0.9807
1311868257.9490 -0.5963 0.0963 -0.1042 -0.0572 0.1014 0.1531 0.9813
1311868257.9852 -0.5951 0.0943 -0.1070 -0.0591 0.0969 0.1522 0.9818
1311868258.0168 -0.5911 0.0915 -0.1012 -0.0623 0.0903 0.1529 0.9821
1311868258.0489 -0.5879 0.0889 -0.0925 -0.0632 0.0835 0.1533 0.9826
1311868258.0862 -0.5820 0.0825 -0.0921 -0.0635 0.0749 0.1522 0.9835
1311868258.1176 -0.5724 0.0760 -0.0955 -0.0653 0.0658 0.1493 0.9844
1311868258.1493 -0.5629 0.0696 -0.0951 -0.0682 0.0583 0.1474 0.9850
1311868258.1851 -0.5565 0.0664 -0.0928 -0.0695 0.0550 0.1463 0.9853
1311868258.2169 -0.5514 0.0626 -0.0904 -0.0709 0.0554 0.1454 0.9853
1311868258.2518 -0.5403 0.0561 -0.0888 -0.0728 0.0568 0.1430 0.9854
1311868258.2852 -0.5315 0.0503 -0.0880 -0.0750 0.0601 0.1403 0.9854
1311868258.3172 -0.5260 0.0453 -0.0860 -0.0780 0.0625 0.1397 0.9851
1311868258.3491 -0.5213 0.0398 -0.0786 -0.0799 0.0630 0.1400 0.9849
1311868258.3850 -0.5127 0.0321 -0.0751 -0.0810 0.0609 0.1398 0.9850
1311868258.4170 -0.5073 0.0259 -0.0718 -0.0816 0.0604 0.1361 0.9855
1311868258.4491 -0.5009 0.0190 -0.0690 -0.0811 0.0616 0.1312 0.9861
1311868258.4849 -0.4960 0.0120 -0.0660 -0.0798 0.0651 0.1280 0.9864
1311868258.5173 -0.4862 0.0023 -0.0628 -0.0789 0.0670 0.1256 0.9867
1311868258.5493 -0.4805 -0.0040 -0.0576 -0.0767 0.0700 0.1237 0.9869
1311868258.5851 -0.4738 -0.0118 -0.0542 -0.0736 0.0723 0.1234 0.9870
1311868258.6169 -0.4687 -0.0166 -0.0510 -0.0709 0.0723 0.1262 0.9868
1311868258.6489 -0.4645 -0.0224 -0.0451 -0.0687 0.0713 0.1291 0.9867
1311868258.6851 -0.4572 -0.0310 -0.0427 -0.0653 0.0681 0.1328 0.9866
1311868258.7169 -0.4515 -0.0361 -0.0411 -0.0624 0.0644 0.1348 0.9868
1311868258.7490 -0.4457 -0.0414 -0.0377 -0.0605 0.0607 0.1377 0.9868
1311868258.7850 -0.4393 -0.0461 -0.0355 -0.0593 0.0565 0.1411 0.9866
1311868258.8170 -0.4345 -0.0524 -0.0324 -0.0586 0.0545 0.1399 0.9869
1311868258.8489 -0.4265 -0.0572 -0.0326 -0.0567 0.0535 0.1381 0.9873
1311868258.8856 -0.4194 -0.0634 -0.0318 -0.0560 0.0548 0.1348 0.9878
1311868258.9177 -0.4140 -0.0661 -0.0273 -0.0544 0.0566 0.1321 0.9881
1311868258.9499 -0.4078 -0.0708 -0.0217 -0.0532 0.0561 0.1307 0.9884
1311868258.9851 -0.4011 -0.0747 -0.0192 -0.0514 0.0535 0.1285 0.9889
1311868259.0170 -0.3939 -0.0784 -0.0164 -0.0506 0.0510 0.1246 0.9896
1311868259.0489 -0.3849 -0.0813 -0.0153 -0.0497 0.0499 0.1208 0.9902
1311868259.0852 -0.3791 -0.0838 -0.0115 -0.0493 0.0504 0.1167 0.9907
1311868259.1169 -0.3732 -0.0865 -0.0066 -0.0479 0.0502 0.1138 0.9911
1311868259.1492 -0.3661 -0.0904 -0.0001 -0.0467 0.0482 0.1113 0.9915
1311868259.1857 -0.3601 -0.0937 0.0045 -0.0434 0.0454 0.1084 0.9921
1311868259.2170 -0.3516 -0.0963 0.0062 -0.0402 0.0420 0.1051 0.9928
1311868259.2490 -0.3450 -0.0983 0.0080 -0.0369 0.0403 0.1027 0.9932
1311868259.2850 -0.3378 -0.0992 0.0074 -0.0357 0.0390 0.0994 0.9936
1311868259.3170 -0.3316 -0.0990 0.0107 -0.0349 0.0379 0.0966 0.9940
1311868259.3502 -0.3236 -0.1014 0.0121 -0.0353 0.0350 0.0936 0.9944
1311868259.3851 -0.3136 -0.1051 0.0141 -0.0354 0.0322 0.0901 0.9948
1311868259.4171 -0.3021 -0.1095 0.0147 -0.0350 0.0310 0.0856 0.9952
1311868259.4491 -0.2910 -0.1111 0.0136 -0.0327 0.0322 0.0826 0.9955
1311868259.4852 -0.2824 -0.1122 0.0141 -0.0309 0.0352 0.0795 0.9957
1311868259.5172 -0.2773 -0.1105 0.0157 -0.0278 0.0383 0.0760 0.9960
1311868259.5495 -0.2712 -0.1081 0.0147 -0.0264 0.0394 0.0716 0.9963
1311868259.5851 -0.2650 -0.1068 0.0165 -0.0265 0.0397 0.0662 0.9967
1311868259.6171 -0.2573 -0.1068 0.0161 -0.0269 0.0396 0.0617 0.9969
1311868259.6493 -0.2513 -0.1053 0.0166 -0.0273 0.0400 0.0597 0.9970
1311868259.6850 -0.2472 -0.1037 0.0180 -0.0278 0.0398 0.0607 0.9970
1311868259.7171 -0.2418 -0.1039 0.0207 -0.0284 0.0379 0.0627 0.9969
1311868259.7490 -0.2342 -0.1049 0.0204 -0.0275 0.0345 0.0639 0.9970
1311868259.7850 -0.2279 -0.1037 0.0196 -0.0263 0.0316 0.0638 0.9971
1311868259.8180 -0.2203 -0.1037 0.0197 -0.0250 0.0290 0.0617 0.9974
1311868259.8492 -0.2140 -0.1039 0.0181 -0.0227 0.0282 0.0583 0.9976
1311868259.8852 -0.2102 -0.1017 0.0149 -0.0211 0.0288 0.0566 0.9978
1311868259.9175 -0.2097 -0.0992 0.0148 -0.0202 0.0309 0.0573 0.9977
1311868259.9491 -0.2086 -0.0974 0.0174 -0.0186 0.0318 0.0592 0.9976
1311868259.9850 -0.2081 -0.0946 0.0172 -0.0171 0.0305 0.0609 0.9975
1311868260.0171 -0.2048 -0.0936 0.0163 -0.0183 0.0269 0.0622 0.9975
1311868260.0491 -0.2030 -0.0936 0.0172 -0.0184 0.0247 0.0618 0.9976
1311868260.0853 -0.1988 -0.0926 0.0145 -0.0187 0.0231 0.0607 0.9977
1311868260.1170 -0.1976 -0.0920 0.0133 -0.0199 0.0236 0.0601 0.9977
1311868260.1491 -0.1976 -0.0885 0.0133 -0.0203 0.0246 0.0602 0.9977
1311868260.1849 -0.1971 -0.0867 0.0135 -0.0223 0.0254 0.0602 0.9976
1311868260.2170 -0.1997 -0.0843 0.0156 -0.0246 0.0261 0.0623 0.9974
1311868260.2491 -0.2024 -0.0817 0.0187 -0.0264 0.0261 0.0651 0.9972
1311868260.2850 -0.2041 -0.0835 0.0193 -0.0288 0.0251 0.0665 0.9971
1311868260.3172 -0.2069 -0.0809 0.0209 -0.0291 0.0244 0.0678 0.9970
1311868260.3492 -0.2112 -0.0809 0.0226 -0.0303 0.0234 0.0698 0.9968
1311868260.3859 -0.2150 -0.0815 0.0254 -0.0309 0.0212 0.0730 0.9966
1311868260.4172 -0.2168 -0.0808 0.0257 -0.0297 0.0188 0.0740 0.9966
1311868260.4492 -0.2183 -0.0815 0.0254 -0.0298 0.0175 0.0719 0.9968
1311868260.4851 -0.2201 -0.0824 0.0261 -0.0298 0.0170 0.0696 0.9970
1311868260.5172 -0.2252 -0.0817 0.0278 -0.0289 0.0179 0.0685 0.9971
1311868260.5493 -0.2306 -0.0806 0.0291 -0.0278 0.0183 0.0685 0.9971
1311868260.5885 -0.2358 -0.0809 0.0313 -0.0276 0.0175 0.0691 0.9971
1311868260.6170 -0.2410 -0.0808 0.0334 -0.0270 0.0156 0.0699 0.9971
1311868260.6492 -0.2449 -0.0801 0.0355 -0.0267 0.0127 0.0700 0.9971
1311868260.6852 -0.2462 -0.0802 0.0369 -0.0270 0.0099 0.0687 0.9972
1311868260.7170 -0.2485 -0.0821 0.0368 -0.0281 0.0090 0.0671 0.9973
1311868260.7491 -0.2502 -0.0850 0.0376 -0.0297 0.0084 0.0663 0.9973
1311868260.7850 -0.2541 -0.0850 0.0402 -0.0299 0.0080 0.0671 0.9973
1311868260.8174 -0.2563 -0.0857 0.0422 -0.0302 0.0068 0.0676 0.9972
1311868260.8494 -0.2593 -0.0856 0.0428 -0.0301 0.0049 0.0678 0.9972
1311868260.8851 -0.2629 -0.0833 0.0442 -0.0301 0.0035 0.0680 0.9972
1311868260.9170 -0.2640 -0.0837 0.0457 -0.0305 0.0023 0.0673 0.9973
1311868260.9492 -0.2641 -0.0846 0.0458 -0.0308 0.0017 0.0667 0.9973
1311868260.9857 -0.2661 -0.0856 0.0462 -0.0309 0.0022 0.0671 0.9973
1311868261.0171 -0.2704 -0.0850 0.0471 -0.0304 0.0026 0.0676 0.9972
1311868261.0494 -0.2718 -0.0857 0.0474 -0.0304 0.0017 0.0669 0.9973
1311868261.0851 -0.2715 -0.0871 0.0462 -0.0306 0.0005 0.0652 0.9974
1311868261.1175 -0.2724 -0.0878 0.0459 -0.0306 0.0001 0.0637 0.9975
1311868261.1492 -0.2717 -0.0880 0.0455 -0.0308 -0.0000 0.0623 0.9976
1311868261.1851 -0.2722 -0.0887 0.0456 -0.0312 0.0010 0.0607 0.9977
1311868261.2173 -0.2741 -0.0885 0.0455 -0.0316 0.0026 0.0602 0.9977
1311868261.2507 -0.2757 -0.0894 0.0469 -0.0322 0.0037 0.0613 0.9976
1311868261.2852 -0.2773 -0.0898 0.0476 -0.0317 0.0038 0.0626 0.9975
1311868261.3173 -0.2798 -0.0887 0.0481 -0.0308 0.0027 0.0622 0.9976
1311868261.3505 -0.2797 -0.0887 0.0479 -0.0309 0.0002 0.0608 0.9977
1311868261.3852 -0.2792 -0.0892 0.0485 -0.0318 -0.0017 0.0605 0.9977
1311868261.4172 -0.2789 -0.0901 0.0489 -0.0320 -0.0022 0.0617 0.9976
1311868261.4509 -0.2784 -0.0905 0.0493 -0.0319 -0.0019 0.0635 0.9975
1311868261.4853 -0.2802 -0.0897 0.0496 -0.0310 -0.0010 0.0646 0.9974
1311868261.5173 -0.2806 -0.0901 0.0495 -0.0307 -0.0014 0.0643 0.9975
1311868261.5536 -0.2799 -0.0897 0.0499 -0.0304 -0.0027 0.0631 0.9975
1311868261.5863 -0.2789 -0.0897 0.0497 -0.0305 -0.0037 0.0623 0.9976
1311868261.6172 -0.2784 -0.0899 0.0488 -0.0309 -0.0036 0.0622 0.9976
1311868261.6541 -0.2786 -0.0902 0.0492 -0.0317 -0.0029 0.0622 0.9976
1311868261.6852 -0.2798 -0.0904 0.0501 -0.0323 -0.0021 0.0617 0.9976
1311868261.7195 -0.2810 -0.0889 0.0505 -0.0327 -0.0022 0.0610 0.9976
1311868261.7517 -0.2812 -0.0894 0.0518 -0.0337 -0.0030 0.0606 0.9976
1311868261.7871 -0.2807 -0.0890 0.0515 -0.0342 -0.0040 0.0595 0.9976
1311868261.8172 -0.2803 -0.0897 0.0520 -0.0351 -0.0040 0.0588 0.9976
1311868261.8530 -0.2810 -0.0883 0.0516 -0.0353 -0.0033 0.0590 0.9976
1311868261.8851 -0.2814 -0.0874 0.0527 -0.0361 -0.0029 0.0596 0.9976
1311868261.9171 -0.2816 -0.0872 0.0535 -0.0368 -0.0028 0.0598 0.9975
1311868261.9535 -0.2811 -0.0886 0.0544 -0.0377 -0.0031 0.0597 0.9975
1311868261.9853 -0.2825 -0.0878 0.0542 -0.0373 -0.0033 0.0598 0.9975
1311868262.0180 -0.2818 -0.0887 0.0544 -0.0379 -0.0045 0.0596 0.9975
1311868262.0536 -0.2819 -0.0886 0.0539 -0.0372 -0.0050 0.0594 0.9975
1311868262.0854 -0.2810 -0.0891 0.0532 -0.0371 -0.0053 0.0593 0.9975
1311868262.1179 -0.2806 -0.0894 0.0531 -0.0366 -0.0047 0.0597 0.9975
1311868262.1505 -0.2811 -0.0887 0.0524 -0.0363 -0.0042 0.0600 0.9975
1311868262.1855 -0.2812 -0.0892 0.0523 -0.0364 -0.0039 0.0596 0.9976
1311868262.2173 -0.2810 -0.0890 0.0518 -0.0365 -0.0036 0.0594 0.9976
1311868262.2532 -0.2803 -0.0894 0.0523 -0.0364 -0.0029 0.0595 0.9976
1311868262.2874 -0.2800 -0.0911 0.0518 -0.0363 -0.0022 0.0599 0.9975
1311868262.3173 -0.2809 -0.0887 0.0513 -0.0360 -0.0018 0.0605 0.9975
1311868262.3511 -0.2825 -0.0895 0.0532 -0.0366 -0.0021 0.0606 0.9975
1311868262.3861 -0.2830 -0.0897 0.0526 -0.0363 -0.0032 0.0614 0.9975
1311868262.4192 -0.2813 -0.0904 0.0522 -0.0366 -0.0047 0.0621 0.9974
1311868262.4530 -0.2801 -0.0906 0.0520 -0.0366 -0.0047 0.0615 0.9974
1311868262.4852 -0.2808 -0.0906 0.0520 -0.0363 -0.0036 0.0608 0.9975
1311868262.5215 -0.2812 -0.0900 0.0518 -0.0362 -0.0026 0.0612 0.9975
1311868262.5510 -0.2819 -0.0906 0.0524 -0.0364 -0.0019 0.0620 0.9974
1311868262.5851 -0.2815 -0.0910 0.0524 -0.0365 -0.0020 0.0623 0.9974
1311868262.6217 -0.2816 -0.0915 0.0519 -0.0362 -0.0018 0.0623 0.9974
1311868262.6508 -0.2819 -0.0919 0.0516 -0.0361 -0.0015 0.0628 0.9974
1311868262.6853 -0.2816 -0.0912 0.0511 -0.0352 -0.0013 0.0642 0.9973
1311868262.7212 -0.2810 -0.0915 0.0515 -0.0352 -0.0012 0.0643 0.9973
1311868262.7505 -0.2807 -0.0920 0.0508 -0.0349 -0.0011 0.0638 0.9974
1311868262.7852 -0.2814 -0.0911 0.0506 -0.0348 -0.0009 0.0638 0.9974
1311868262.8216 -0.2821 -0.0909 0.0506 -0.0349 -0.0008 0.0642 0.9973
1311868262.8506 -0.2822 -0.0906 0.0511 -0.0351 -0.0011 0.0646 0.9973
1311868262.8853 -0.2819 -0.0908 0.0512 -0.0349 -0.0014 0.0644 0.9973
1311868262.9227 -0.2816 -0.0904 0.0509 -0.0349 -0.0019 0.0645 0.9973
1311868262.9507 -0.2816 -0.0898 0.0506 -0.0350 -0.0022 0.0650 0.9973
1311868262.9856 -0.2813 -0.0904 0.0509 -0.0353 -0.0022 0.0654 0.9972
1311868263.0207 -0.2813 -0.0908 0.0506 -0.0354 -0.0021 0.0654 0.9972
1311868263.0533 -0.2817 -0.0906 0.0505 -0.0353 -0.0018 0.0649 0.9973
1311868263.0852 -0.2819 -0.0899 0.0505 -0.0350 -0.0018 0.0645 0.9973
1311868263.1214 -0.2820 -0.0896 0.0505 -0.0354 -0.0021 0.0643 0.9973
1311868263.1543 -0.2808 -0.0904 0.0507 -0.0363 -0.0024 0.0644 0.9973
1311868263.1855 -0.2792 -0.0907 0.0514 -0.0372 -0.0027 0.0647 0.9972
