1311868164.4309 0.0014 0.0016 -0.0029 -0.0021 -0.0027 -0.0016 1.0000
1311868164.4631 0.0047 0.0034 -0.0061 -0.0041 -0.0037 -0.0042 1.0000
1311868164.4991 0.0077 0.0035 -0.0082 -0.0060 -0.0021 -0.0072 1.0000
1311868164.5310 0.0098 0.0038 -0.0115 -0.0064 0.0010 -0.0094 0.9999
1311868164.5630 0.0117 0.0037 -0.0143 -0.0059 0.0033 -0.0110 0.9999
1311868164.5991 0.0143 0.0037 -0.0176 -0.0045 0.0042 -0.0128 0.9999
1311868164.6311 0.0171 0.0043 -0.0221 -0.0024 0.0050 -0.0135 0.9999
1311868164.6631 0.0197 0.0047 -0.0272 -0.0014 0.0041 -0.0139 0.9999
1311868164.6990 0.0242 0.0061 -0.0316 -0.0012 0.0019 -0.0137 0.9999
1311868164.7310 0.0295 0.0038 -0.0335 -0.0014 -0.0001 -0.0129 0.9999
1311868164.7631 0.0348 0.0030 -0.0370 0.0008 -0.0018 -0.0125 0.9999
1311868164.7991 0.0412 0.0018 -0.0392 0.0030 -0.0026 -0.0129 0.9999
1311868164.8310 0.0474 0.0007 -0.0422 0.0068 -0.0025 -0.0134 0.9999
1311868164.8631 0.0551 0.0009 -0.0451 0.0101 -0.0018 -0.0145 0.9998
1311868164.8991 0.0624 0.0001 -0.0477 0.0135 -0.0004 -0.0151 0.9998
1311868164.9309 0.0692 0.0019 -0.0514 0.0165 0.0004 -0.0166 0.9997
1311868164.9631 0.0763 0.0063 -0.0552 0.0170 0.0003 -0.0186 0.9997
1311868164.9990 0.0836 0.0044 -0.0568 0.0146 -0.0020 -0.0189 0.9997
1311868165.0311 0.0919 0.0030 -0.0591 0.0142 -0.0058 -0.0185 0.9997
1311868165.0631 0.1013 0.0037 -0.0627 0.0142 -0.0100 -0.0203 0.9996
1311868165.0992 0.1114 0.0026 -0.0659 0.0136 -0.0134 -0.0236 0.9995
1311868165.1310 0.1201 0.0010 -0.0700 0.0154 -0.0156 -0.0258 0.9994
1311868165.1631 0.1303 0.0027 -0.0751 0.0180 -0.0179 -0.0286 0.9993
1311868165.1991 0.1401 0.0052 -0.0804 0.0194 -0.0197 -0.0318 0.9991
1311868165.2312 0.1501 0.0083 -0.0845 0.0192 -0.0208 -0.0334 0.9990
1311868165.2630 0.1590 0.0104 -0.0888 0.0179 -0.0232 -0.0346 0.9990
1311868165.2991 0.1680 0.0142 -0.0929 0.0157 -0.0273 -0.0361 0.9989
1311868165.3312 0.1777 0.0159 -0.0951 0.0123 -0.0318 -0.0375 0.9987
1311868165.3631 0.1877 0.0148 -0.0974 0.0104 -0.0351 -0.0384 0.9986
1311868165.3992 0.1973 0.0179 -0.1010 0.0104 -0.0368 -0.0397 0.9985
1311868165.4310 0.2063 0.0228 -0.1051 0.0093 -0.0377 -0.0401 0.9984
1311868165.4631 0.2143 0.0264 -0.1078 0.0050 -0.0385 -0.0379 0.9985
1311868165.4992 0.2216 0.0279 -0.1100 0.0001 -0.0405 -0.0354 0.9986
1311868165.5311 0.2297 0.0284 -0.1120 -0.0047 -0.0422 -0.0337 0.9985
1311868165.5631 0.2368 0.0284 -0.1144 -0.0076 -0.0424 -0.0329 0.9985
1311868165.5992 0.2430 0.0274 -0.1166 -0.0085 -0.0421 -0.0340 0.9985
1311868165.6312 0.2496 0.0285 -0.1213 -0.0072 -0.0414 -0.0360 0.9985
1311868165.6633 0.2561 0.0291 -0.1255 -0.0062 -0.0396 -0.0373 0.9985
1311868165.6992 0.2605 0.0298 -0.1311 -0.0046 -0.0372 -0.0379 0.9986
1311868165.7312 0.2646 0.0319 -0.1375 -0.0031 -0.0355 -0.0389 0.9986
1311868165.7631 0.2692 0.0348 -0.1441 -0.0034 -0.0332 -0.0388 0.9987
1311868165.7991 0.2720 0.0363 -0.1505 -0.0053 -0.0302 -0.0372 0.9988
1311868165.8312 0.2745 0.0384 -0.1567 -0.0073 -0.0279 -0.0365 0.9989
1311868165.8632 0.2774 0.0400 -0.1633 -0.0099 -0.0254 -0.0373 0.9989
1311868165.8992 0.2787 0.0402 -0.1692 -0.0120 -0.0217 -0.0378 0.9990
1311868165.9312 0.2792 0.0409 -0.1758 -0.0120 -0.0179 -0.0368 0.9991
1311868165.9632 0.2792 0.0447 -0.1830 -0.0109 -0.0144 -0.0359 0.9992
1311868165.9991 0.2805 0.0494 -0.1907 -0.0116 -0.0119 -0.0347 0.9993
1311868166.0312 0.2814 0.0528 -0.1976 -0.0133 -0.0088 -0.0314 0.9994
1311868166.0631 0.2817 0.0593 -0.2054 -0.0156 -0.0059 -0.0271 0.9995
1311868166.0992 0.2813 0.0628 -0.2105 -0.0201 -0.0040 -0.0265 0.9994
1311868166.1313 0.2809 0.0666 -0.2160 -0.0224 -0.0031 -0.0271 0.9994
1311868166.1632 0.2809 0.0733 -0.2242 -0.0245 -0.0025 -0.0277 0.9993
1311868166.1992 0.2815 0.0791 -0.2306 -0.0282 -0.0009 -0.0282 0.9992
1311868166.2311 0.2823 0.0848 -0.2360 -0.0315 0.0009 -0.0272 0.9991
1311868166.2632 0.2841 0.0917 -0.2422 -0.0349 0.0030 -0.0256 0.9991
1311868166.2992 0.2862 0.0988 -0.2478 -0.0391 0.0056 -0.0220 0.9990
1311868166.3312 0.2871 0.1054 -0.2529 -0.0440 0.0076 -0.0195 0.9988
1311868166.3631 0.2876 0.1108 -0.2568 -0.0486 0.0078 -0.0198 0.9986
1311868166.3992 0.2895 0.1144 -0.2604 -0.0521 0.0081 -0.0212 0.9984
1311868166.4312 0.2924 0.1179 -0.2656 -0.0540 0.0093 -0.0227 0.9982
1311868166.4630 0.2966 0.1207 -0.2707 -0.0557 0.0119 -0.0240 0.9981
1311868166.4992 0.2987 0.1238 -0.2739 -0.0561 0.0156 -0.0236 0.9980
1311868166.5313 0.3020 0.1259 -0.2783 -0.0566 0.0173 -0.0237 0.9980
1311868166.5631 0.3055 0.1271 -0.2813 -0.0563 0.0180 -0.0248 0.9979
1311868166.5992 0.3092 0.1304 -0.2848 -0.0551 0.0179 -0.0244 0.9980
1311868166.6313 0.3142 0.1313 -0.2878 -0.0547 0.0171 -0.0244 0.9981
1311868166.6633 0.3198 0.1317 -0.2916 -0.0543 0.0163 -0.0235 0.9981
1311868166.6993 0.3252 0.1314 -0.2953 -0.0537 0.0159 -0.0220 0.9982
1311868166.7311 0.3309 0.1315 -0.2975 -0.0527 0.0152 -0.0209 0.9983
1311868166.7633 0.3382 0.1321 -0.3008 -0.0511 0.0137 -0.0205 0.9984
1311868166.7992 0.3447 0.1322 -0.3032 -0.0499 0.0118 -0.0207 0.9985
1311868166.8312 0.3533 0.1323 -0.3059 -0.0484 0.0094 -0.0211 0.9986
1311868166.8632 0.3613 0.1326 -0.3078 -0.0472 0.0068 -0.0227 0.9986
1311868166.8993 0.3725 0.1317 -0.3087 -0.0462 0.0033 -0.0251 0.9986
1311868166.9312 0.3835 0.1315 -0.3099 -0.0445 0.0010 -0.0275 0.9986
1311868166.9633 0.3954 0.1311 -0.3104 -0.0429 -0.0016 -0.0302 0.9986
1311868166.9993 0.4081 0.1320 -0.3111 -0.0411 -0.0051 -0.0330 0.9986
1311868167.0311 0.4213 0.1332 -0.3115 -0.0406 -0.0098 -0.0364 0.9985
1311868167.0632 0.4345 0.1328 -0.3118 -0.0408 -0.0147 -0.0395 0.9983
1311868167.0993 0.4470 0.1320 -0.3127 -0.0409 -0.0191 -0.0416 0.9981
1311868167.1632 0.4719 0.1304 -0.3120 -0.0408 -0.0280 -0.0468 0.9977
1311868167.1993 0.4838 0.1293 -0.3108 -0.0393 -0.0329 -0.0495 0.9975
1311868167.2313 0.4966 0.1291 -0.3113 -0.0375 -0.0387 -0.0525 0.9972
1311868167.2633 0.5090 0.1283 -0.3117 -0.0366 -0.0440 -0.0558 0.9968
1311868167.2991 0.5213 0.1270 -0.3116 -0.0354 -0.0479 -0.0587 0.9965
1311868167.3311 0.5327 0.1273 -0.3136 -0.0347 -0.0504 -0.0608 0.9963
1311868167.3633 0.5421 0.1271 -0.3135 -0.0349 -0.0523 -0.0627 0.9961
1311868167.3992 0.5519 0.1272 -0.3128 -0.0351 -0.0541 -0.0632 0.9959
1311868167.4312 0.5606 0.1274 -0.3118 -0.0358 -0.0565 -0.0628 0.9958
1311868167.4633 0.5695 0.1265 -0.3119 -0.0363 -0.0595 -0.0622 0.9956
1311868167.4991 0.5762 0.1255 -0.3113 -0.0365 -0.0620 -0.0629 0.9954
1311868167.5313 0.5847 0.1243 -0.3115 -0.0356 -0.0643 -0.0646 0.9952
1311868167.5632 0.5929 0.1239 -0.3120 -0.0350 -0.0652 -0.0651 0.9951
1311868167.5992 0.5984 0.1240 -0.3120 -0.0349 -0.0659 -0.0649 0.9951
1311868167.6315 0.6038 0.1231 -0.3109 -0.0352 -0.0671 -0.0649 0.9950
1311868167.6634 0.6091 0.1232 -0.3110 -0.0353 -0.0685 -0.0651 0.9949
1311868167.6992 0.6144 0.1230 -0.3106 -0.0365 -0.0699 -0.0653 0.9947
1311868167.7312 0.6193 0.1228 -0.3089 -0.0384 -0.0711 -0.0660 0.9945
1311868167.7633 0.6232 0.1217 -0.3068 -0.0400 -0.0716 -0.0668 0.9944
1311868167.7992 0.6277 0.1209 -0.3044 -0.0417 -0.0724 -0.0663 0.9943
1311868167.8631 0.6354 0.1167 -0.2995 -0.0433 -0.0718 -0.0666 0.9943
1311868167.8994 0.6388 0.1129 -0.2953 -0.0427 -0.0713 -0.0641 0.9945
1311868167.9312 0.6418 0.1121 -0.2931 -0.0404 -0.0721 -0.0613 0.9947
1311868167.9993 0.6491 0.1069 -0.2901 -0.0400 -0.0738 -0.0567 0.9949
1311868168.0313 0.6519 0.1045 -0.2866 -0.0405 -0.0742 -0.0549 0.9949
1311868168.0632 0.6545 0.1014 -0.2829 -0.0410 -0.0743 -0.0546 0.9949
1311868168.0993 0.6565 0.0980 -0.2779 -0.0403 -0.0741 -0.0547 0.9949
1311868168.1312 0.6584 0.0955 -0.2738 -0.0391 -0.0742 -0.0556 0.9949
1311868168.1633 0.6601 0.0937 -0.2696 -0.0376 -0.0744 -0.0567 0.9949
1311868168.1992 0.6611 0.0920 -0.2650 -0.0369 -0.0748 -0.0584 0.9948
1311868168.2633 0.6620 0.0877 -0.2548 -0.0383 -0.0752 -0.0616 0.9945
1311868168.2996 0.6615 0.0845 -0.2485 -0.0400 -0.0762 -0.0621 0.9944
1311868168.3312 0.6606 0.0810 -0.2425 -0.0419 -0.0775 -0.0630 0.9941
1311868168.3632 0.6598 0.0735 -0.2346 -0.0438 -0.0789 -0.0640 0.9939
1311868168.3994 0.6586 0.0661 -0.2273 -0.0428 -0.0801 -0.0652 0.9937
1311868168.4312 0.6568 0.0593 -0.2209 -0.0404 -0.0810 -0.0680 0.9936
1311868168.4633 0.6562 0.0516 -0.2150 -0.0371 -0.0814 -0.0701 0.9935
1311868168.4993 0.6546 0.0454 -0.2084 -0.0331 -0.0819 -0.0697 0.9937
1311868168.5633 0.6519 0.0371 -0.1986 -0.0273 -0.0849 -0.0688 0.9936
1311868168.5994 0.6520 0.0335 -0.1920 -0.0274 -0.0870 -0.0678 0.9935
1311868168.6633 0.6516 0.0249 -0.1788 -0.0261 -0.0898 -0.0683 0.9933
1311868168.6996 0.6537 0.0221 -0.1740 -0.0252 -0.0899 -0.0689 0.9932
1311868168.7633 0.6537 0.0197 -0.1629 -0.0249 -0.0910 -0.0670 0.9933
1311868168.7994 0.6549 0.0173 -0.1572 -0.0263 -0.0934 -0.0663 0.9931
1311868168.8312 0.6557 0.0144 -0.1509 -0.0272 -0.0960 -0.0656 0.9928
1311868168.8993 0.6584 0.0067 -0.1402 -0.0257 -0.1011 -0.0696 0.9921
1311868168.9312 0.6595 0.0025 -0.1344 -0.0237 -0.1030 -0.0720 0.9918
1311868168.9633 0.6610 -0.0009 -0.1286 -0.0211 -0.1058 -0.0745 0.9914
1311868168.9994 0.6627 -0.0048 -0.1234 -0.0186 -0.1093 -0.0770 0.9908
1311868169.0312 0.6651 -0.0100 -0.1183 -0.0167 -0.1134 -0.0788 0.9903
1311868169.0634 0.6680 -0.0154 -0.1129 -0.0147 -0.1175 -0.0796 0.9898
1311868169.0993 0.6706 -0.0213 -0.1070 -0.0121 -0.1217 -0.0810 0.9892
1311868169.1312 0.6731 -0.0257 -0.1014 -0.0090 -0.1261 -0.0832 0.9885
1311868169.1995 0.6780 -0.0353 -0.0883 -0.0040 -0.1375 -0.0896 0.9864
1311868169.2314 0.6815 -0.0414 -0.0819 -0.0018 -0.1440 -0.0931 0.9852
1311868169.2633 0.6856 -0.0470 -0.0753 0.0002 -0.1504 -0.0958 0.9840
1311868169.2995 0.6893 -0.0535 -0.0678 0.0020 -0.1566 -0.0996 0.9826
1311868169.3313 0.6933 -0.0617 -0.0606 0.0050 -0.1629 -0.1044 0.9811
1311868169.3635 0.6972 -0.0686 -0.0534 0.0090 -0.1689 -0.1095 0.9795
1311868169.3994 0.7008 -0.0751 -0.0468 0.0130 -0.1755 -0.1144 0.9777
1311868169.4314 0.7045 -0.0826 -0.0402 0.0160 -0.1828 -0.1184 0.9759
1311868169.4632 0.7082 -0.0905 -0.0341 0.0188 -0.1897 -0.1220 0.9741
1311868169.4993 0.7134 -0.0987 -0.0283 0.0215 -0.1959 -0.1267 0.9722
1311868169.5314 0.7189 -0.1078 -0.0228 0.0244 -0.2002 -0.1315 0.9706
1311868169.5635 0.7238 -0.1173 -0.0176 0.0279 -0.2032 -0.1359 0.9692
1311868169.5994 0.7280 -0.1236 -0.0128 0.0327 -0.2055 -0.1397 0.9681
1311868169.6313 0.7300 -0.1271 -0.0089 0.0366 -0.2090 -0.1430 0.9667
1311868169.6632 0.7337 -0.1320 -0.0048 0.0391 -0.2148 -0.1457 0.9649
1311868169.6995 0.7391 -0.1366 -0.0014 0.0406 -0.2213 -0.1478 0.9631
1311868169.7313 0.7478 -0.1425 0.0019 0.0417 -0.2267 -0.1498 0.9615
1311868169.7634 0.7551 -0.1494 0.0064 0.0422 -0.2292 -0.1501 0.9608
1311868169.7994 0.7593 -0.1537 0.0094 0.0442 -0.2306 -0.1490 0.9606
1311868169.8314 0.7636 -0.1561 0.0117 0.0456 -0.2326 -0.1490 0.9600
1311868169.8634 0.7691 -0.1599 0.0145 0.0455 -0.2346 -0.1498 0.9594
1311868169.8994 0.7745 -0.1643 0.0168 0.0455 -0.2364 -0.1490 0.9591
1311868169.9313 0.7818 -0.1680 0.0194 0.0447 -0.2371 -0.1480 0.9591
1311868169.9634 0.7869 -0.1747 0.0223 0.0443 -0.2366 -0.1466 0.9595
1311868169.9994 0.7915 -0.1797 0.0234 0.0461 -0.2359 -0.1423 0.9602
1311868170.0313 0.7967 -0.1791 0.0214 0.0473 -0.2359 -0.1372 0.9609
1311868170.0635 0.8007 -0.1821 0.0210 0.0462 -0.2375 -0.1346 0.9609
1311868170.0994 0.8051 -0.1880 0.0199 0.0469 -0.2403 -0.1320 0.9605
1311868170.1313 0.8139 -0.1898 0.0169 0.0493 -0.2430 -0.1296 0.9601
1311868170.1634 0.8223 -0.1912 0.0143 0.0509 -0.2439 -0.1289 0.9599
1311868170.1993 0.8290 -0.1922 0.0114 0.0511 -0.2439 -0.1267 0.9601
1311868170.2315 0.8358 -0.1929 0.0077 0.0505 -0.2439 -0.1231 0.9606
1311868170.2635 0.8419 -0.1911 0.0028 0.0492 -0.2441 -0.1210 0.9609
1311868170.2994 0.8482 -0.1927 -0.0006 0.0478 -0.2447 -0.1228 0.9606
1311868170.3313 0.8560 -0.1907 -0.0054 0.0482 -0.2444 -0.1251 0.9603
1311868170.3634 0.8623 -0.1876 -0.0112 0.0478 -0.2435 -0.1271 0.9603
1311868170.3994 0.8676 -0.1846 -0.0166 0.0467 -0.2430 -0.1302 0.9601
1311868170.4313 0.8716 -0.1818 -0.0226 0.0458 -0.2436 -0.1333 0.9596
1311868170.4634 0.8791 -0.1789 -0.0277 0.0446 -0.2454 -0.1365 0.9587
1311868170.4995 0.8863 -0.1775 -0.0321 0.0433 -0.2462 -0.1388 0.9582
1311868170.5315 0.8929 -0.1755 -0.0374 0.0418 -0.2467 -0.1392 0.9581
1311868170.5633 0.8989 -0.1750 -0.0419 0.0408 -0.2472 -0.1390 0.9581
1311868170.5993 0.9066 -0.1717 -0.0479 0.0403 -0.2478 -0.1397 0.9578
1311868170.6315 0.9150 -0.1711 -0.0514 0.0382 -0.2481 -0.1408 0.9577
1311868170.6634 0.9223 -0.1700 -0.0553 0.0365 -0.2472 -0.1400 0.9581
1311868170.6994 0.9279 -0.1675 -0.0590 0.0341 -0.2463 -0.1388 0.9586
1311868170.7314 0.9330 -0.1661 -0.0627 0.0315 -0.2468 -0.1384 0.9586
1311868170.7635 0.9392 -0.1660 -0.0653 0.0284 -0.2483 -0.1379 0.9584
1311868170.7994 0.9456 -0.1675 -0.0675 0.0266 -0.2495 -0.1376 0.9582
1311868170.8313 0.9522 -0.1677 -0.0704 0.0259 -0.2502 -0.1379 0.9580
1311868170.8634 0.9597 -0.1681 -0.0737 0.0249 -0.2512 -0.1380 0.9577
1311868170.8994 0.9673 -0.1696 -0.0741 0.0238 -0.2515 -0.1374 0.9578
1311868170.9314 0.9739 -0.1695 -0.0764 0.0246 -0.2509 -0.1377 0.9579
1311868170.9634 0.9808 -0.1721 -0.0762 0.0269 -0.2493 -0.1408 0.9578
1311868170.9995 0.9843 -0.1690 -0.0793 0.0305 -0.2482 -0.1409 0.9579
1311868171.0315 0.9894 -0.1641 -0.0826 0.0305 -0.2506 -0.1408 0.9573
1311868171.0634 0.9957 -0.1641 -0.0830 0.0283 -0.2542 -0.1422 0.9562
1311868171.0994 1.0026 -0.1654 -0.0830 0.0266 -0.2572 -0.1429 0.9554
1311868171.1315 1.0102 -0.1662 -0.0830 0.0257 -0.2592 -0.1436 0.9547
1311868171.1634 1.0177 -0.1670 -0.0830 0.0249 -0.2601 -0.1445 0.9544
1311868171.1994 1.0232 -0.1670 -0.0815 0.0250 -0.2606 -0.1454 0.9541
1311868171.2314 1.0296 -0.1649 -0.0820 0.0256 -0.2617 -0.1466 0.9536
1311868171.2634 1.0360 -0.1641 -0.0812 0.0251 -0.2633 -0.1489 0.9528
1311868171.2994 1.0418 -0.1632 -0.0800 0.0253 -0.2654 -0.1512 0.9519
1311868171.3314 1.0485 -0.1619 -0.0793 0.0249 -0.2680 -0.1531 0.9509
1311868171.3635 1.0551 -0.1613 -0.0774 0.0246 -0.2706 -0.1565 0.9496
1311868171.3994 1.0629 -0.1607 -0.0761 0.0251 -0.2730 -0.1607 0.9482
1311868171.4635 1.0790 -0.1599 -0.0733 0.0250 -0.2778 -0.1650 0.9460
1311868171.4995 1.0858 -0.1595 -0.0706 0.0238 -0.2807 -0.1682 0.9446
1311868171.5315 1.0968 -0.1614 -0.0685 0.0236 -0.2837 -0.1719 0.9431
1311868171.5634 1.1067 -0.1622 -0.0659 0.0237 -0.2850 -0.1744 0.9423
1311868171.5995 1.1163 -0.1625 -0.0641 0.0233 -0.2859 -0.1760 0.9417
1311868171.6315 1.1244 -0.1625 -0.0616 0.0227 -0.2872 -0.1774 0.9410
1311868171.6634 1.1336 -0.1614 -0.0596 0.0220 -0.2894 -0.1795 0.9400
1311868171.6994 1.1430 -0.1619 -0.0563 0.0206 -0.2918 -0.1827 0.9386
1311868171.7315 1.1535 -0.1623 -0.0525 0.0193 -0.2937 -0.1850 0.9376
1311868171.7635 1.1624 -0.1620 -0.0491 0.0184 -0.2948 -0.1872 0.9369
1311868171.7995 1.1726 -0.1608 -0.0461 0.0170 -0.2959 -0.1897 0.9361
1311868171.8314 1.1831 -0.1617 -0.0424 0.0147 -0.2962 -0.1919 0.9356
1311868171.8996 1.1988 -0.1582 -0.0341 0.0097 -0.2965 -0.1951 0.9348
1311868171.9315 1.2057 -0.1584 -0.0291 0.0069 -0.2979 -0.1966 0.9341
1311868171.9996 1.2227 -0.1589 -0.0202 0.0030 -0.2995 -0.1997 0.9330
1311868172.0315 1.2298 -0.1589 -0.0165 0.0015 -0.2990 -0.2011 0.9328
1311868172.0634 1.2357 -0.1577 -0.0131 -0.0002 -0.2992 -0.2011 0.9328
1311868172.0995 1.2438 -0.1569 -0.0095 -0.0030 -0.3007 -0.2012 0.9323
1311868172.1315 1.2516 -0.1576 -0.0057 -0.0061 -0.3017 -0.2014 0.9319
1311868172.1636 1.2594 -0.1575 -0.0025 -0.0089 -0.3021 -0.2016 0.9317
1311868172.1998 1.2655 -0.1577 0.0015 -0.0116 -0.3018 -0.2023 0.9316
1311868172.2635 1.2780 -0.1562 0.0083 -0.0144 -0.3011 -0.2053 0.9311
1311868172.2995 1.2835 -0.1552 0.0113 -0.0165 -0.3006 -0.2065 0.9310
1311868172.3635 1.2945 -0.1529 0.0185 -0.0219 -0.3006 -0.2104 0.9300
1311868172.3995 1.3003 -0.1524 0.0231 -0.0246 -0.2999 -0.2123 0.9297
1311868172.4635 1.3099 -0.1504 0.0323 -0.0293 -0.2954 -0.2166 0.9300
1311868172.4995 1.3134 -0.1491 0.0374 -0.0315 -0.2931 -0.2196 0.9300
1311868172.5636 1.3219 -0.1470 0.0472 -0.0364 -0.2896 -0.2210 0.9306
1311868172.5996 1.3263 -0.1453 0.0531 -0.0394 -0.2887 -0.2214 0.9306
1311868172.6316 1.3306 -0.1443 0.0597 -0.0425 -0.2876 -0.2223 0.9306
1311868172.6636 1.3355 -0.1437 0.0664 -0.0461 -0.2862 -0.2221 0.9310
1311868172.6996 1.3397 -0.1426 0.0735 -0.0505 -0.2840 -0.2215 0.9315
1311868172.7635 1.3464 -0.1412 0.0899 -0.0613 -0.2798 -0.2209 0.9323
1311868172.7996 1.3484 -0.1403 0.0988 -0.0658 -0.2775 -0.2218 0.9324
1311868172.8635 1.3511 -0.1404 0.1181 -0.0732 -0.2748 -0.2246 0.9320
1311868172.8995 1.3511 -0.1400 0.1275 -0.0761 -0.2746 -0.2256 0.9316
1311868172.9316 1.3523 -0.1416 0.1371 -0.0785 -0.2754 -0.2269 0.9309
1311868172.9636 1.3521 -0.1439 0.1471 -0.0806 -0.2754 -0.2281 0.9304
1311868172.9996 1.3525 -0.1478 0.1566 -0.0809 -0.2754 -0.2299 0.9299
1311868173.0675 1.3565 -0.1556 0.1733 -0.0816 -0.2733 -0.2328 0.9297
1311868173.0996 1.3568 -0.1593 0.1814 -0.0823 -0.2721 -0.2332 0.9300
1311868173.1315 1.3583 -0.1615 0.1883 -0.0836 -0.2719 -0.2339 0.9297
1311868173.1675 1.3568 -0.1664 0.1968 -0.0849 -0.2719 -0.2365 0.9289
1311868173.1996 1.3537 -0.1715 0.2046 -0.0838 -0.2718 -0.2397 0.9283
1311868173.2315 1.3543 -0.1765 0.2102 -0.0810 -0.2723 -0.2429 0.9275
1311868173.2677 1.3558 -0.1844 0.2171 -0.0791 -0.2722 -0.2444 0.9273
1311868173.2997 1.3585 -0.1883 0.2222 -0.0773 -0.2717 -0.2414 0.9284
1311868173.3315 1.3602 -0.1904 0.2268 -0.0771 -0.2722 -0.2381 0.9291
1311868173.3677 1.3609 -0.1936 0.2325 -0.0778 -0.2740 -0.2368 0.9289
1311868173.3996 1.3610 -0.1985 0.2383 -0.0778 -0.2758 -0.2369 0.9283
1311868173.4316 1.3638 -0.2044 0.2436 -0.0772 -0.2772 -0.2373 0.9278
1311868173.4676 1.3661 -0.2098 0.2501 -0.0766 -0.2778 -0.2369 0.9278
1311868173.5316 1.3719 -0.2136 0.2610 -0.0754 -0.2798 -0.2332 0.9283
1311868173.5676 1.3744 -0.2177 0.2673 -0.0771 -0.2813 -0.2326 0.9278
1311868173.6316 1.3786 -0.2234 0.2801 -0.0788 -0.2836 -0.2325 0.9270
1311868173.6680 1.3805 -0.2267 0.2873 -0.0787 -0.2852 -0.2330 0.9264
1311868173.6997 1.3818 -0.2289 0.2934 -0.0785 -0.2875 -0.2326 0.9258
1311868173.7316 1.3834 -0.2314 0.2995 -0.0778 -0.2911 -0.2335 0.9245
1311868173.7676 1.3856 -0.2370 0.3054 -0.0773 -0.2952 -0.2358 0.9226
1311868173.7995 1.3868 -0.2430 0.3119 -0.0758 -0.2991 -0.2372 0.9212
1311868173.8316 1.3893 -0.2460 0.3168 -0.0732 -0.3038 -0.2377 0.9197
1311868173.8675 1.3925 -0.2505 0.3216 -0.0709 -0.3098 -0.2407 0.9171
1311868173.9316 1.3988 -0.2630 0.3317 -0.0649 -0.3202 -0.2507 0.9113
1311868173.9676 1.4024 -0.2691 0.3372 -0.0606 -0.3249 -0.2557 0.9085
1311868173.9997 1.4075 -0.2748 0.3417 -0.0564 -0.3302 -0.2610 0.9054
1311868174.0317 1.4139 -0.2814 0.3469 -0.0537 -0.3357 -0.2650 0.9023
1311868174.0677 1.4199 -0.2885 0.3530 -0.0524 -0.3407 -0.2667 0.9000
1311868174.0995 1.4259 -0.2939 0.3582 -0.0515 -0.3451 -0.2678 0.8981
1311868174.1317 1.4319 -0.3001 0.3649 -0.0511 -0.3489 -0.2702 0.8959
1311868174.1679 1.4354 -0.3080 0.3722 -0.0497 -0.3515 -0.2726 0.8942
1311868174.2316 1.4485 -0.3190 0.3842 -0.0454 -0.3562 -0.2752 0.8918
1311868174.2678 1.4541 -0.3238 0.3897 -0.0435 -0.3587 -0.2769 0.8904
1311868174.2997 1.4607 -0.3290 0.3954 -0.0422 -0.3613 -0.2785 0.8889
1311868174.3318 1.4668 -0.3326 0.4008 -0.0417 -0.3640 -0.2793 0.8875
1311868174.3680 1.4714 -0.3365 0.4061 -0.0418 -0.3666 -0.2806 0.8861
1311868174.3997 1.4752 -0.3397 0.4109 -0.0414 -0.3689 -0.2824 0.8846
1311868174.4318 1.4791 -0.3424 0.4154 -0.0411 -0.3708 -0.2832 0.8835
1311868174.4676 1.4811 -0.3439 0.4196 -0.0410 -0.3731 -0.2835 0.8825
1311868174.4997 1.4837 -0.3454 0.4245 -0.0406 -0.3768 -0.2842 0.8807
1311868174.5317 1.4875 -0.3494 0.4286 -0.0407 -0.3806 -0.2854 0.8787
1311868174.5676 1.4898 -0.3523 0.4332 -0.0409 -0.3834 -0.2851 0.8775
1311868174.5997 1.4922 -0.3557 0.4379 -0.0412 -0.3859 -0.2843 0.8767
1311868174.6318 1.4928 -0.3585 0.4417 -0.0414 -0.3874 -0.2826 0.8765
1311868174.6678 1.4942 -0.3641 0.4483 -0.0421 -0.3895 -0.2800 0.8764
1311868174.6996 1.4942 -0.3680 0.4530 -0.0419 -0.3914 -0.2779 0.8763
1311868174.7316 1.4915 -0.3721 0.4585 -0.0403 -0.3931 -0.2773 0.8758
1311868174.7677 1.4897 -0.3776 0.4623 -0.0376 -0.3945 -0.2767 0.8754
1311868174.7998 1.4895 -0.3824 0.4651 -0.0347 -0.3958 -0.2753 0.8754
1311868174.8318 1.4877 -0.3870 0.4688 -0.0322 -0.3972 -0.2737 0.8754
1311868174.8678 1.4854 -0.3921 0.4723 -0.0293 -0.3984 -0.2728 0.8752
1311868174.8997 1.4835 -0.3982 0.4756 -0.0263 -0.3989 -0.2720 0.8753
1311868174.9318 1.4810 -0.4048 0.4803 -0.0233 -0.3984 -0.2710 0.8760
1311868174.9677 1.4773 -0.4076 0.4834 -0.0193 -0.3973 -0.2686 0.8773
1311868174.9998 1.4728 -0.4104 0.4875 -0.0161 -0.3970 -0.2671 0.8780
1311868175.0317 1.4672 -0.4149 0.4911 -0.0125 -0.3971 -0.2673 0.8779
1311868175.0677 1.4632 -0.4199 0.4942 -0.0086 -0.3971 -0.2678 0.8778
1311868175.0996 1.4576 -0.4234 0.4977 -0.0052 -0.3968 -0.2677 0.8780
1311868175.1317 1.4497 -0.4286 0.5017 -0.0015 -0.3973 -0.2672 0.8779
1311868175.1678 1.4407 -0.4364 0.5065 0.0043 -0.3989 -0.2675 0.8771
1311868175.1996 1.4322 -0.4471 0.5106 0.0139 -0.4004 -0.2680 0.8762
1311868175.2318 1.4273 -0.4534 0.5141 0.0266 -0.4013 -0.2662 0.8760
1311868175.2678 1.4221 -0.4563 0.5173 0.0369 -0.4021 -0.2620 0.8765
1311868175.3000 1.4181 -0.4561 0.5205 0.0435 -0.4044 -0.2556 0.8770
1311868175.3319 1.4152 -0.4565 0.5247 0.0448 -0.4087 -0.2494 0.8768
1311868175.3677 1.4106 -0.4623 0.5303 0.0434 -0.4133 -0.2447 0.8760
1311868175.4000 1.4065 -0.4694 0.5364 0.0434 -0.4172 -0.2407 0.8753
1311868175.4320 1.4031 -0.4759 0.5432 0.0450 -0.4202 -0.2369 0.8748
1311868175.4677 1.3988 -0.4828 0.5498 0.0484 -0.4218 -0.2333 0.8748
1311868175.4998 1.3962 -0.4862 0.5558 0.0536 -0.4229 -0.2295 0.8750
1311868175.5318 1.3940 -0.4877 0.5607 0.0573 -0.4243 -0.2254 0.8752
1311868175.5678 1.3915 -0.4887 0.5652 0.0586 -0.4268 -0.2213 0.8749
1311868175.5999 1.3893 -0.4917 0.5704 0.0587 -0.4306 -0.2188 0.8736
1311868175.6318 1.3879 -0.4984 0.5778 0.0598 -0.4342 -0.2186 0.8718
1311868175.6677 1.3874 -0.5053 0.5848 0.0629 -0.4363 -0.2184 0.8706
1311868175.6998 1.3870 -0.5111 0.5904 0.0667 -0.4374 -0.2175 0.8700
1311868175.7317 1.3863 -0.5132 0.5953 0.0704 -0.4385 -0.2167 0.8693
1311868175.7676 1.3853 -0.5174 0.6003 0.0729 -0.4408 -0.2170 0.8679
1311868175.7998 1.3856 -0.5218 0.6052 0.0751 -0.4440 -0.2168 0.8662
1311868175.8318 1.3871 -0.5253 0.6111 0.0762 -0.4476 -0.2167 0.8642
1311868175.8677 1.3888 -0.5322 0.6166 0.0773 -0.4515 -0.2173 0.8619
1311868175.8997 1.3919 -0.5385 0.6232 0.0788 -0.4556 -0.2178 0.8595
1311868175.9316 1.3957 -0.5435 0.6297 0.0803 -0.4594 -0.2186 0.8572
1311868175.9679 1.3983 -0.5488 0.6355 0.0813 -0.4634 -0.2203 0.8545
1311868175.9999 1.4025 -0.5528 0.6416 0.0819 -0.4681 -0.2220 0.8514
1311868176.0320 1.4065 -0.5578 0.6485 0.0819 -0.4729 -0.2253 0.8479
1311868176.0679 1.4113 -0.5639 0.6557 0.0829 -0.4774 -0.2304 0.8439
1311868176.0998 1.4165 -0.5694 0.6633 0.0840 -0.4816 -0.2356 0.8399
1311868176.1317 1.4204 -0.5755 0.6706 0.0849 -0.4853 -0.2408 0.8363
1311868176.1680 1.4262 -0.5802 0.6788 0.0863 -0.4890 -0.2453 0.8326
1311868176.1999 1.4324 -0.5850 0.6879 0.0863 -0.4923 -0.2489 0.8296
1311868176.2319 1.4389 -0.5884 0.6969 0.0849 -0.4952 -0.2512 0.8273
1311868176.2678 1.4442 -0.5928 0.7064 0.0822 -0.4977 -0.2536 0.8253
1311868176.2998 1.4493 -0.5978 0.7166 0.0802 -0.4998 -0.2567 0.8233
1311868176.3319 1.4554 -0.6020 0.7278 0.0788 -0.5011 -0.2603 0.8215
1311868176.3678 1.4612 -0.6049 0.7378 0.0775 -0.5016 -0.2633 0.8204
1311868176.3999 1.4671 -0.6057 0.7474 0.0750 -0.5021 -0.2653 0.8197
1311868176.4317 1.4730 -0.6058 0.7582 0.0712 -0.5030 -0.2670 0.8189
1311868176.4679 1.4774 -0.6081 0.7689 0.0666 -0.5035 -0.2693 0.8183
1311868176.4998 1.4808 -0.6122 0.7780 0.0627 -0.5036 -0.2706 0.8181
1311868176.5319 1.4848 -0.6127 0.7864 0.0602 -0.5035 -0.2723 0.8177
1311868176.5678 1.4878 -0.6149 0.7941 0.0586 -0.5036 -0.2753 0.8168
1311868176.6021 1.4908 -0.6169 0.8007 0.0574 -0.5040 -0.2775 0.8159
1311868176.6317 1.4947 -0.6175 0.8079 0.0549 -0.5049 -0.2781 0.8153
1311868176.6678 1.4957 -0.6206 0.8138 0.0514 -0.5056 -0.2781 0.8151
1311868176.6998 1.4983 -0.6221 0.8204 0.0487 -0.5067 -0.2776 0.8148
1311868176.7318 1.4988 -0.6255 0.8266 0.0464 -0.5070 -0.2783 0.8145
1311868176.7678 1.4987 -0.6308 0.8307 0.0465 -0.5071 -0.2792 0.8141
1311868176.7997 1.5010 -0.6324 0.8355 0.0481 -0.5077 -0.2795 0.8135
1311868176.8319 1.5028 -0.6346 0.8406 0.0482 -0.5080 -0.2798 0.8132
1311868176.8678 1.5043 -0.6354 0.8463 0.0471 -0.5083 -0.2794 0.8133
1311868176.8998 1.5040 -0.6387 0.8528 0.0455 -0.5079 -0.2795 0.8135
1311868176.9318 1.5037 -0.6414 0.8584 0.0448 -0.5066 -0.2796 0.8144
1311868176.9679 1.5019 -0.6431 0.8620 0.0453 -0.5050 -0.2807 0.8150
1311868176.9999 1.5018 -0.6441 0.8668 0.0462 -0.5045 -0.2823 0.8147
1311868177.0320 1.5013 -0.6456 0.8723 0.0454 -0.5042 -0.2835 0.8144
1311868177.0679 1.4992 -0.6466 0.8777 0.0440 -0.5041 -0.2850 0.8140
1311868177.0997 1.4956 -0.6501 0.8850 0.0429 -0.5041 -0.2875 0.8133
1311868177.1319 1.4917 -0.6550 0.8931 0.0430 -0.5030 -0.2898 0.8131
1311868177.1681 1.4875 -0.6593 0.8994 0.0449 -0.5008 -0.2920 0.8136
1311868177.1999 1.4836 -0.6626 0.9054 0.0473 -0.4987 -0.2940 0.8140
1311868177.2319 1.4800 -0.6648 0.9112 0.0492 -0.4969 -0.2954 0.8145
1311868177.2678 1.4762 -0.6665 0.9160 0.0493 -0.4956 -0.2961 0.8150
1311868177.2999 1.4718 -0.6677 0.9222 0.0474 -0.4957 -0.2965 0.8150
1311868177.3317 1.4663 -0.6718 0.9287 0.0458 -0.4965 -0.2978 0.8140
1311868177.3679 1.4617 -0.6775 0.9359 0.0449 -0.4972 -0.2990 0.8133
1311868177.4000 1.4578 -0.6835 0.9432 0.0469 -0.4969 -0.3002 0.8129
1311868177.4318 1.4559 -0.6868 0.9499 0.0504 -0.4957 -0.3010 0.8131
1311868177.4678 1.4548 -0.6881 0.9566 0.0515 -0.4942 -0.3001 0.8143
1311868177.4998 1.4545 -0.6864 0.9624 0.0499 -0.4929 -0.2981 0.8159
1311868177.5318 1.4542 -0.6837 0.9691 0.0455 -0.4929 -0.2978 0.8163
1311868177.5679 1.4515 -0.6855 0.9768 0.0399 -0.4930 -0.3004 0.8155
1311868177.5997 1.4484 -0.6877 0.9845 0.0364 -0.4928 -0.3031 0.8148
1311868177.6321 1.4464 -0.6907 0.9921 0.0354 -0.4921 -0.3066 0.8140
1311868177.6679 1.4459 -0.6928 0.9998 0.0356 -0.4910 -0.3098 0.8134
1311868177.6999 1.4446 -0.6943 1.0053 0.0356 -0.4898 -0.3113 0.8136
1311868177.7320 1.4448 -0.6927 1.0111 0.0342 -0.4901 -0.3118 0.8133
1311868177.7679 1.4442 -0.6935 1.0162 0.0311 -0.4916 -0.3126 0.8122
1311868177.7999 1.4432 -0.6952 1.0205 0.0287 -0.4945 -0.3132 0.8103
1311868177.8320 1.4455 -0.6959 1.0270 0.0278 -0.4990 -0.3149 0.8069
1311868177.8678 1.4470 -0.6993 1.0336 0.0271 -0.5030 -0.3178 0.8033
1311868177.8999 1.4505 -0.7015 1.0409 0.0269 -0.5063 -0.3199 0.8003
1311868177.9319 1.4537 -0.7029 1.0466 0.0272 -0.5093 -0.3230 0.7972
1311868177.9679 1.4565 -0.7048 1.0533 0.0272 -0.5126 -0.3270 0.7934
1311868178.0001 1.4602 -0.7065 1.0589 0.0274 -0.5162 -0.3303 0.7897
1311868178.0320 1.4650 -0.7070 1.0652 0.0261 -0.5208 -0.3333 0.7855
1311868178.0680 1.4693 -0.7089 1.0718 0.0236 -0.5259 -0.3369 0.7806
1311868178.1000 1.4732 -0.7118 1.0786 0.0219 -0.5308 -0.3415 0.7754
1311868178.1320 1.4768 -0.7166 1.0855 0.0218 -0.5350 -0.3469 0.7701
1311868178.1680 1.4816 -0.7208 1.0931 0.0228 -0.5383 -0.3504 0.7661
1311868178.1999 1.4864 -0.7259 1.1014 0.0238 -0.5403 -0.3534 0.7633
1311868178.2320 1.4916 -0.7312 1.1091 0.0265 -0.5407 -0.3562 0.7616
1311868178.2680 1.4972 -0.7335 1.1148 0.0301 -0.5397 -0.3586 0.7610
1311868178.2998 1.5030 -0.7341 1.1187 0.0326 -0.5393 -0.3605 0.7604
1311868178.3322 1.5080 -0.7332 1.1221 0.0328 -0.5405 -0.3619 0.7588
1311868178.3680 1.5142 -0.7323 1.1262 0.0308 -0.5432 -0.3636 0.7562
1311868178.4001 1.5189 -0.7337 1.1310 0.0265 -0.5463 -0.3655 0.7532
1311868178.4322 1.5220 -0.7360 1.1341 0.0222 -0.5493 -0.3660 0.7509
1311868178.4679 1.5278 -0.7356 1.1381 0.0189 -0.5527 -0.3657 0.7486
1311868178.5001 1.5316 -0.7371 1.1417 0.0150 -0.5553 -0.3664 0.7464
1311868178.5319 1.5359 -0.7388 1.1439 0.0121 -0.5574 -0.3656 0.7453
1311868178.5679 1.5419 -0.7394 1.1456 0.0106 -0.5594 -0.3652 0.7440
1311868178.6001 1.5475 -0.7402 1.1475 0.0098 -0.5609 -0.3654 0.7428
1311868178.6320 1.5532 -0.7402 1.1476 0.0089 -0.5619 -0.3649 0.7423
1311868178.6680 1.5605 -0.7390 1.1470 0.0080 -0.5634 -0.3647 0.7413
1311868178.6999 1.5670 -0.7390 1.1470 0.0059 -0.5649 -0.3653 0.7399
1311868178.7319 1.5733 -0.7402 1.1471 0.0044 -0.5658 -0.3659 0.7389
1311868178.7679 1.5805 -0.7406 1.1458 0.0037 -0.5662 -0.3660 0.7386
1311868178.8000 1.5891 -0.7401 1.1446 0.0037 -0.5669 -0.3659 0.7381
1311868178.8320 1.5982 -0.7396 1.1434 0.0026 -0.5674 -0.3655 0.7379
1311868178.8679 1.6076 -0.7391 1.1419 0.0003 -0.5675 -0.3648 0.7381
1311868178.9000 1.6160 -0.7400 1.1396 -0.0015 -0.5673 -0.3648 0.7383
1311868178.9323 1.6253 -0.7405 1.1369 -0.0019 -0.5672 -0.3653 0.7381
1311868178.9679 1.6361 -0.7416 1.1352 -0.0015 -0.5674 -0.3658 0.7377
1311868179.0000 1.6469 -0.7429 1.1343 -0.0012 -0.5665 -0.3658 0.7385
1311868179.0322 1.6588 -0.7421 1.1315 -0.0012 -0.5648 -0.3646 0.7404
1311868179.0678 1.6714 -0.7404 1.1278 -0.0032 -0.5632 -0.3636 0.7420
1311868179.1001 1.6828 -0.7386 1.1230 -0.0065 -0.5627 -0.3630 0.7427
1311868179.1320 1.6940 -0.7381 1.1199 -0.0093 -0.5636 -0.3642 0.7414
1311868179.1680 1.7032 -0.7408 1.1186 -0.0092 -0.5645 -0.3674 0.7391
1311868179.2002 1.7150 -0.7419 1.1175 -0.0061 -0.5644 -0.3697 0.7381
1311868179.2320 1.7291 -0.7414 1.1161 -0.0038 -0.5626 -0.3718 0.7384
1311868179.2681 1.7423 -0.7399 1.1153 -0.0055 -0.5593 -0.3721 0.7407
1311868179.3005 1.7528 -0.7382 1.1126 -0.0108 -0.5558 -0.3702 0.7443
1311868179.3331 1.7627 -0.7359 1.1096 -0.0165 -0.5541 -0.3693 0.7459
1311868179.3681 1.7714 -0.7359 1.1088 -0.0207 -0.5542 -0.3711 0.7448
1311868179.4001 1.7813 -0.7372 1.1092 -0.0235 -0.5543 -0.3732 0.7436
1311868179.4322 1.7897 -0.7407 1.1118 -0.0252 -0.5532 -0.3753 0.7433
1311868179.4680 1.7993 -0.7429 1.1132 -0.0248 -0.5501 -0.3765 0.7450
1311868179.5001 1.8078 -0.7436 1.1129 -0.0243 -0.5463 -0.3767 0.7477
1311868179.5322 1.8186 -0.7422 1.1114 -0.0248 -0.5433 -0.3764 0.7500
1311868179.5680 1.8277 -0.7413 1.1111 -0.0269 -0.5414 -0.3770 0.7510
1311868179.6002 1.8352 -0.7417 1.1128 -0.0296 -0.5401 -0.3782 0.7513
1311868179.6320 1.8429 -0.7436 1.1150 -0.0311 -0.5385 -0.3795 0.7517
1311868179.6682 1.8499 -0.7453 1.1177 -0.0316 -0.5365 -0.3805 0.7526
1311868179.7002 1.8586 -0.7469 1.1191 -0.0315 -0.5343 -0.3808 0.7540
1311868179.7322 1.8663 -0.7478 1.1199 -0.0314 -0.5324 -0.3815 0.7551
1311868179.7683 1.8745 -0.7495 1.1211 -0.0322 -0.5312 -0.3815 0.7558
1311868179.8001 1.8820 -0.7507 1.1223 -0.0328 -0.5311 -0.3818 0.7557
1311868179.8321 1.8897 -0.7524 1.1244 -0.0335 -0.5316 -0.3832 0.7546
1311868179.8678 1.8961 -0.7553 1.1272 -0.0338 -0.5325 -0.3848 0.7532
1311868179.8999 1.9031 -0.7578 1.1299 -0.0335 -0.5334 -0.3867 0.7515
1311868179.9320 1.9095 -0.7604 1.1337 -0.0332 -0.5345 -0.3882 0.7500
1311868179.9680 1.9154 -0.7629 1.1366 -0.0330 -0.5361 -0.3891 0.7484
1311868180.0000 1.9231 -0.7655 1.1390 -0.0328 -0.5386 -0.3907 0.7458
1311868180.0319 1.9298 -0.7684 1.1426 -0.0329 -0.5414 -0.3931 0.7425
1311868180.0681 1.9373 -0.7730 1.1482 -0.0336 -0.5437 -0.3948 0.7399
1311868180.1001 1.9442 -0.7769 1.1530 -0.0352 -0.5446 -0.3956 0.7387
1311868180.1319 1.9518 -0.7810 1.1567 -0.0375 -0.5451 -0.3961 0.7380
1311868180.1681 1.9568 -0.7834 1.1625 -0.0395 -0.5461 -0.3971 0.7366
1311868180.2000 1.9628 -0.7865 1.1670 -0.0412 -0.5473 -0.3974 0.7355
1311868180.2322 1.9701 -0.7894 1.1708 -0.0430 -0.5485 -0.3978 0.7342
1311868180.2680 1.9763 -0.7920 1.1754 -0.0445 -0.5497 -0.3989 0.7326
1311868180.3000 1.9839 -0.7945 1.1787 -0.0464 -0.5509 -0.3993 0.7314
1311868180.3319 1.9892 -0.7964 1.1841 -0.0483 -0.5526 -0.4008 0.7292
1311868180.3681 1.9952 -0.7976 1.1881 -0.0495 -0.5540 -0.4024 0.7271
1311868180.4001 2.0008 -0.7994 1.1918 -0.0513 -0.5553 -0.4035 0.7254
1311868180.4320 2.0071 -0.8012 1.1957 -0.0532 -0.5568 -0.4046 0.7235
1311868180.4681 2.0117 -0.8018 1.1998 -0.0558 -0.5578 -0.4061 0.7217
1311868180.5001 2.0159 -0.8027 1.2036 -0.0581 -0.5587 -0.4069 0.7203
1311868180.5319 2.0189 -0.8042 1.2072 -0.0601 -0.5594 -0.4086 0.7187
1311868180.5680 2.0218 -0.8056 1.2125 -0.0609 -0.5602 -0.4101 0.7171
1311868180.6000 2.0251 -0.8078 1.2166 -0.0611 -0.5604 -0.4112 0.7163
1311868180.6321 2.0302 -0.8095 1.2177 -0.0617 -0.5600 -0.4118 0.7162
1311868180.6682 2.0326 -0.8111 1.2207 -0.0629 -0.5596 -0.4123 0.7162
1311868180.7002 2.0355 -0.8128 1.2228 -0.0638 -0.5595 -0.4120 0.7163
1311868180.7321 2.0378 -0.8155 1.2266 -0.0644 -0.5596 -0.4123 0.7161
1311868180.7682 2.0396 -0.8189 1.2298 -0.0643 -0.5594 -0.4120 0.7163
1311868180.8002 2.0428 -0.8223 1.2329 -0.0636 -0.5593 -0.4117 0.7167
1311868180.8320 2.0447 -0.8246 1.2360 -0.0626 -0.5587 -0.4114 0.7174
1311868180.8680 2.0469 -0.8284 1.2389 -0.0617 -0.5581 -0.4105 0.7185
1311868180.9000 2.0499 -0.8314 1.2422 -0.0610 -0.5573 -0.4096 0.7197
1311868180.9321 2.0503 -0.8337 1.2453 -0.0606 -0.5560 -0.4083 0.7214
1311868180.9680 2.0510 -0.8366 1.2472 -0.0604 -0.5550 -0.4066 0.7232
1311868181.0000 2.0525 -0.8403 1.2502 -0.0600 -0.5548 -0.4054 0.7240
1311868181.0322 2.0517 -0.8434 1.2538 -0.0594 -0.5541 -0.4052 0.7248
1311868181.0682 2.0518 -0.8471 1.2581 -0.0585 -0.5531 -0.4041 0.7262
1311868181.1001 2.0534 -0.8497 1.2608 -0.0580 -0.5517 -0.4030 0.7279
1311868181.1320 2.0520 -0.8507 1.2619 -0.0574 -0.5501 -0.4029 0.7292
1311868181.1680 2.0525 -0.8535 1.2662 -0.0572 -0.5497 -0.4024 0.7298
1311868181.2000 2.0516 -0.8537 1.2664 -0.0571 -0.5485 -0.4027 0.7306
1311868181.2321 2.0513 -0.8568 1.2722 -0.0575 -0.5487 -0.4030 0.7302
1311868181.2680 2.0501 -0.8584 1.2761 -0.0581 -0.5481 -0.4036 0.7303
1311868181.3001 2.0467 -0.8592 1.2790 -0.0583 -0.5471 -0.4048 0.7303
1311868181.3321 2.0439 -0.8609 1.2831 -0.0579 -0.5465 -0.4062 0.7301
1311868181.3680 2.0401 -0.8621 1.2859 -0.0567 -0.5453 -0.4077 0.7302
1311868181.4001 2.0362 -0.8630 1.2885 -0.0558 -0.5440 -0.4086 0.7307
1311868181.4324 2.0330 -0.8636 1.2890 -0.0561 -0.5427 -0.4080 0.7320
1311868181.4680 2.0300 -0.8643 1.2909 -0.0574 -0.5423 -0.4073 0.7326
1311868181.5003 2.0259 -0.8654 1.2937 -0.0587 -0.5422 -0.4074 0.7325
1311868181.5322 2.0201 -0.8671 1.2983 -0.0597 -0.5418 -0.4084 0.7322
1311868181.5682 2.0127 -0.8684 1.3022 -0.0592 -0.5410 -0.4095 0.7322
1311868181.6001 2.0068 -0.8694 1.3050 -0.0580 -0.5404 -0.4104 0.7322
1311868181.6324 1.9998 -0.8711 1.3086 -0.0576 -0.5399 -0.4105 0.7326
1311868181.6680 1.9928 -0.8717 1.3103 -0.0581 -0.5391 -0.4096 0.7336
1311868181.7000 1.9842 -0.8727 1.3132 -0.0595 -0.5389 -0.4081 0.7345
1311868181.7326 1.9754 -0.8741 1.3159 -0.0604 -0.5392 -0.4068 0.7349
1311868181.7681 1.9665 -0.8762 1.3204 -0.0607 -0.5399 -0.4068 0.7344
1311868181.8001 1.9549 -0.8792 1.3251 -0.0600 -0.5400 -0.4068 0.7344
1311868181.8322 1.9452 -0.8820 1.3277 -0.0583 -0.5396 -0.4064 0.7351
1311868181.8681 1.9380 -0.8837 1.3301 -0.0566 -0.5392 -0.4063 0.7355
1311868181.9002 1.9269 -0.8850 1.3338 -0.0557 -0.5383 -0.4070 0.7358
1311868181.9321 1.9162 -0.8880 1.3355 -0.0552 -0.5371 -0.4070 0.7368
1311868181.9682 1.9046 -0.8893 1.3378 -0.0547 -0.5363 -0.4069 0.7375
1311868182.0002 1.8914 -0.8923 1.3396 -0.0533 -0.5362 -0.4071 0.7375
1311868182.0322 1.8800 -0.8940 1.3408 -0.0518 -0.5369 -0.4065 0.7375
1311868182.0682 1.8693 -0.8966 1.3434 -0.0512 -0.5380 -0.4056 0.7372
1311868182.1002 1.8579 -0.8992 1.3463 -0.0513 -0.5387 -0.4045 0.7373
1311868182.1362 1.8479 -0.9010 1.3501 -0.0514 -0.5389 -0.4030 0.7379
1311868182.1681 1.8365 -0.9024 1.3533 -0.0517 -0.5384 -0.4014 0.7392
1311868182.2003 1.8270 -0.9029 1.3570 -0.0519 -0.5380 -0.4004 0.7399
1311868182.2362 1.8155 -0.9047 1.3606 -0.0515 -0.5378 -0.4000 0.7404
1311868182.2681 1.8081 -0.9057 1.3640 -0.0505 -0.5380 -0.3993 0.7407
1311868182.3002 1.8001 -0.9079 1.3693 -0.0507 -0.5377 -0.3991 0.7410
1311868182.3362 1.7913 -0.9094 1.3732 -0.0518 -0.5365 -0.3979 0.7424
1311868182.3682 1.7827 -0.9108 1.3776 -0.0531 -0.5356 -0.3970 0.7434
1311868182.4003 1.7719 -0.9125 1.3822 -0.0537 -0.5353 -0.3971 0.7436
1311868182.4361 1.7613 -0.9139 1.3864 -0.0529 -0.5355 -0.3975 0.7433
1311868182.4681 1.7498 -0.9165 1.3910 -0.0514 -0.5362 -0.3972 0.7430
1311868182.5009 1.7381 -0.9196 1.3944 -0.0496 -0.5369 -0.3955 0.7435
1311868182.5361 1.7290 -0.9232 1.3970 -0.0472 -0.5390 -0.3935 0.7432
1311868182.5680 1.7180 -0.9270 1.4009 -0.0448 -0.5418 -0.3925 0.7419
1311868182.6003 1.7056 -0.9319 1.4044 -0.0425 -0.5448 -0.3906 0.7408
1311868182.6363 1.6946 -0.9371 1.4085 -0.0398 -0.5486 -0.3885 0.7393
1311868182.6680 1.6833 -0.9415 1.4129 -0.0358 -0.5528 -0.3875 0.7369
1311868182.7003 1.6710 -0.9472 1.4173 -0.0323 -0.5570 -0.3863 0.7345
1311868182.7362 1.6611 -0.9503 1.4215 -0.0284 -0.5616 -0.3846 0.7321
1311868182.7683 1.6514 -0.9527 1.4278 -0.0251 -0.5670 -0.3846 0.7280
1311868182.8002 1.6392 -0.9572 1.4339 -0.0230 -0.5719 -0.3861 0.7234
1311868182.8362 1.6279 -0.9620 1.4401 -0.0214 -0.5764 -0.3859 0.7199
1311868182.8682 1.6174 -0.9649 1.4463 -0.0197 -0.5811 -0.3868 0.7157
1311868182.9002 1.6050 -0.9700 1.4529 -0.0182 -0.5861 -0.3893 0.7104
1311868182.9363 1.5922 -0.9757 1.4592 -0.0156 -0.5911 -0.3919 0.7048
1311868182.9681 1.5795 -0.9832 1.4664 -0.0127 -0.5959 -0.3949 0.6991
1311868183.0003 1.5662 -0.9907 1.4736 -0.0094 -0.5997 -0.3975 0.6945
1311868183.0363 1.5522 -0.9996 1.4795 -0.0074 -0.6027 -0.3992 0.6909
1311868183.0683 1.5389 -1.0072 1.4844 -0.0052 -0.6060 -0.4000 0.6876
1311868183.1006 1.5267 -1.0134 1.4883 -0.0020 -0.6099 -0.4019 0.6831
1311868183.1362 1.5140 -1.0204 1.4932 0.0020 -0.6140 -0.4058 0.6770
1311868183.1682 1.5000 -1.0302 1.4981 0.0060 -0.6181 -0.4095 0.6710
1311868183.2003 1.4892 -1.0354 1.5032 0.0105 -0.6216 -0.4123 0.6660
1311868183.2363 1.4777 -1.0408 1.5086 0.0134 -0.6244 -0.4162 0.6608
1311868183.2684 1.4655 -1.0462 1.5128 0.0153 -0.6265 -0.4198 0.6566
1311868183.3004 1.4531 -1.0504 1.5141 0.0173 -0.6289 -0.4222 0.6526
1311868183.3363 1.4438 -1.0522 1.5169 0.0201 -0.6328 -0.4245 0.6473
1311868183.3685 1.4321 -1.0564 1.5193 0.0227 -0.6365 -0.4281 0.6411
1311868183.4002 1.4214 -1.0606 1.5222 -0.0251 0.6402 0.4297 -0.6363
1311868183.4362 1.4137 -1.0617 1.5260 -0.0243 0.6435 0.4289 -0.6335
1311868183.4682 1.4053 -1.0631 1.5270 -0.0196 0.6466 0.4281 -0.6310
1311868183.5003 1.3969 -1.0644 1.5261 -0.0136 0.6511 0.4270 -0.6274
1311868183.5363 1.3906 -1.0642 1.5292 -0.0061 0.6566 0.4260 -0.6225
1311868183.5684 1.3774 -1.0690 1.5320 0.0022 0.6608 0.4267 -0.6175
1311868183.6002 1.3656 -1.0732 1.5358 0.0078 0.6649 0.4253 -0.6140
1311868183.6362 1.3553 -1.0753 1.5418 0.0123 0.6677 0.4237 -0.6120
1311868183.6686 1.3410 -1.0799 1.5467 0.0167 0.6685 0.4223 -0.6119
1311868183.7002 1.3307 -1.0816 1.5502 0.0180 0.6688 0.4201 -0.6132
1311868183.7364 1.3202 -1.0833 1.5534 0.0174 0.6679 0.4202 -0.6141
1311868183.7682 1.3109 -1.0851 1.5534 0.0156 0.6666 0.4208 -0.6151
1311868183.8004 1.3047 -1.0843 1.5538 0.0142 0.6657 0.4219 -0.6153
1311868183.8362 1.2946 -1.0859 1.5528 0.0150 0.6651 0.4238 -0.6146
1311868183.8685 1.2850 -1.0875 1.5541 0.0166 0.6655 0.4246 -0.6136
1311868183.9002 1.2734 -1.0902 1.5557 0.0178 0.6655 0.4261 -0.6125
1311868183.9363 1.2608 -1.0937 1.5570 0.0178 0.6651 0.4274 -0.6121
1311868183.9685 1.2447 -1.0996 1.5578 0.0152 0.6648 0.4284 -0.6118
1311868184.0004 1.2322 -1.1044 1.5593 0.0092 0.6645 0.4279 -0.6126
1311868184.0363 1.2196 -1.1098 1.5591 0.0044 0.6637 0.4255 -0.6152
1311868184.0703 1.2114 -1.1117 1.5581 0.0010 0.6633 0.4211 -0.6187
1311868184.1007 1.2030 -1.1132 1.5566 -0.0001 0.6635 0.4176 -0.6208
1311868184.1368 1.1925 -1.1160 1.5564 -0.0003 0.6645 0.4152 -0.6213
1311868184.1690 1.1818 -1.1200 1.5575 -0.0009 0.6659 0.4126 -0.6216
1311868184.2005 1.1739 -1.1224 1.5613 -0.0021 0.6672 0.4098 -0.6220
1311868184.2364 1.1644 -1.1252 1.5664 -0.0023 0.6671 0.4081 -0.6232
1311868184.2685 1.1559 -1.1269 1.5691 -0.0035 0.6660 0.4068 -0.6253
1311868184.3006 1.1501 -1.1263 1.5707 -0.0052 0.6646 0.4070 -0.6266
1311868184.3363 1.1418 -1.1272 1.5702 -0.0064 0.6636 0.4091 -0.6262
1311868184.3682 1.1330 -1.1287 1.5712 -0.0070 0.6643 0.4106 -0.6246
1311868184.4003 1.1239 -1.1309 1.5744 -0.0063 0.6658 0.4110 -0.6227
1311868184.4363 1.1129 -1.1344 1.5779 -0.0053 0.6675 0.4104 -0.6213
1311868184.4684 1.1012 -1.1385 1.5813 -0.0057 0.6693 0.4091 -0.6202
1311868184.5004 1.0919 -1.1411 1.5840 -0.0077 0.6714 0.4070 -0.6193
1311868184.5363 1.0847 -1.1422 1.5884 -0.0091 0.6739 0.4048 -0.6180
1311868184.5684 1.0774 -1.1431 1.5918 -0.0090 0.6762 0.4036 -0.6163
1311868184.6004 1.0690 -1.1446 1.5940 -0.0077 0.6791 0.4032 -0.6134
1311868184.6363 1.0603 -1.1468 1.5968 -0.0063 0.6830 0.4034 -0.6090
1311868184.6684 1.0489 -1.1508 1.6000 -0.0055 0.6874 0.4042 -0.6034
1311868184.7007 1.0386 -1.1556 1.6038 -0.0069 0.6922 0.4050 -0.5973
1311868184.7365 1.0275 -1.1614 1.6090 -0.0093 0.6965 0.4066 -0.5912
1311868184.7685 1.0148 -1.1696 1.6127 -0.0119 0.7001 0.4074 -0.5863
1311868184.8004 1.0044 -1.1769 1.6150 -0.0156 0.7036 0.4073 -0.5821
1311868184.8363 0.9952 -1.1843 1.6182 -0.0188 0.7075 0.4069 -0.5775
1311868184.8687 0.9859 -1.1911 1.6218 -0.0206 0.7111 0.4065 -0.5733
1311868184.9004 0.9776 -1.1971 1.6256 -0.0223 0.7144 0.4068 -0.5689
1311868184.9363 0.9671 -1.2036 1.6299 -0.0231 0.7170 0.4079 -0.5647
1311868184.9684 0.9574 -1.2097 1.6325 -0.0251 0.7191 0.4090 -0.5613
1311868185.0004 0.9502 -1.2139 1.6365 -0.0280 0.7210 0.4104 -0.5576
1311868185.0364 0.9408 -1.2188 1.6392 -0.0302 0.7222 0.4125 -0.5544
1311868185.0684 0.9335 -1.2222 1.6410 -0.0339 0.7238 0.4139 -0.5510
1311868185.1009 0.9285 -1.2232 1.6448 -0.0363 0.7256 0.4157 -0.5472
1311868185.1365 0.9184 -1.2268 1.6469 -0.0349 0.7269 0.4171 -0.5445
1311868185.1686 0.9103 -1.2294 1.6481 -0.0332 0.7288 0.4160 -0.5429
1311868185.2008 0.9024 -1.2312 1.6502 -0.0325 0.7309 0.4156 -0.5403
1311868185.2364 0.8919 -1.2351 1.6531 -0.0326 0.7328 0.4157 -0.5377
1311868185.2685 0.8808 -1.2402 1.6546 -0.0333 0.7345 0.4142 -0.5365
1311868185.3005 0.8719 -1.2439 1.6551 -0.0358 0.7365 0.4111 -0.5360
1311868185.3379 0.8666 -1.2456 1.6584 -0.0388 0.7386 0.4082 -0.5352
1311868185.3685 0.8592 -1.2477 1.6620 -0.0400 0.7397 0.4061 -0.5350
1311868185.4012 0.8512 -1.2494 1.6663 -0.0398 0.7404 0.4033 -0.5363
1311868185.4364 0.8431 -1.2506 1.6695 -0.0399 0.7400 0.4006 -0.5388
1311868185.4686 0.8352 -1.2515 1.6723 -0.0420 0.7389 0.3993 -0.5411
1311868185.5004 0.8260 -1.2549 1.6727 -0.0467 0.7379 0.3983 -0.5429
1311868185.5364 0.8224 -1.2558 1.6758 -0.0520 0.7369 0.3966 -0.5450
1311868185.5685 0.8155 -1.2566 1.6743 -0.0552 0.7359 0.3948 -0.5473
1311868185.6004 0.8095 -1.2581 1.6728 -0.0594 0.7365 0.3926 -0.5476
1311868185.6364 0.8053 -1.2603 1.6753 -0.0636 0.7377 0.3915 -0.5464
1311868185.6686 0.7977 -1.2648 1.6763 -0.0658 0.7382 0.3894 -0.5469
1311868185.7020 0.7920 -1.2670 1.6780 -0.0666 0.7386 0.3851 -0.5493
1311868185.7367 0.7863 -1.2687 1.6795 -0.0667 0.7390 0.3812 -0.5514
1311868185.7686 0.7802 -1.2710 1.6800 -0.0668 0.7397 0.3776 -0.5530
1311868185.8004 0.7771 -1.2701 1.6827 -0.0659 0.7409 0.3739 -0.5540
1311868185.8368 0.7730 -1.2696 1.6848 -0.0630 0.7422 0.3715 -0.5543
1311868185.8684 0.7691 -1.2683 1.6880 -0.0592 0.7439 0.3705 -0.5531
1311868185.9004 0.7636 -1.2688 1.6918 -0.0562 0.7454 0.3722 -0.5502
1311868185.9365 0.7566 -1.2705 1.6942 -0.0546 0.7465 0.3747 -0.5472
1311868185.9684 0.7511 -1.2709 1.6967 -0.0542 0.7476 0.3764 -0.5445
1311868186.0004 0.7451 -1.2714 1.6990 -0.0541 0.7488 0.3786 -0.5413
1311868186.0365 0.7400 -1.2721 1.7019 -0.0545 0.7503 0.3807 -0.5378
1311868186.0687 0.7353 -1.2727 1.7063 -0.0545 0.7517 0.3835 -0.5337
1311868186.1032 0.7297 -1.2750 1.7103 -0.0548 0.7534 0.3869 -0.5289
1311868186.1366 0.7257 -1.2771 1.7151 -0.0543 0.7552 0.3894 -0.5244
1311868186.1685 0.7229 -1.2786 1.7201 -0.0522 0.7575 0.3913 -0.5200
1311868186.2004 0.7188 -1.2789 1.7250 -0.0489 0.7601 0.3937 -0.5147
1311868186.2377 0.7138 -1.2797 1.7296 -0.0465 0.7628 0.3978 -0.5076
1311868186.2687 0.7089 -1.2815 1.7347 -0.0451 0.7662 0.4016 -0.4996
1311868186.3004 0.7048 -1.2828 1.7399 -0.0434 0.7694 0.4047 -0.4924
1311868186.3364 0.7028 -1.2834 1.7449 -0.0421 0.7726 0.4076 -0.4849
1311868186.3684 0.7000 -1.2837 1.7513 -0.0404 0.7758 0.4114 -0.4767
1311868186.4005 0.6961 -1.2849 1.7576 -0.0387 0.7784 0.4151 -0.4694
1311868186.4365 0.6925 -1.2858 1.7650 -0.0371 0.7801 0.4182 -0.4638
1311868186.4685 0.6901 -1.2865 1.7710 -0.0351 0.7811 0.4204 -0.4603
1311868186.5005 0.6900 -1.2871 1.7750 -0.0321 0.7819 0.4220 -0.4578
1311868186.5371 0.6904 -1.2876 1.7793 -0.0282 0.7832 0.4236 -0.4543
1311868186.5685 0.6900 -1.2878 1.7842 -0.0234 0.7845 0.4253 -0.4507
1311868186.6006 0.6885 -1.2895 1.7878 -0.0204 0.7856 0.4271 -0.4471
1311868186.6365 0.6885 -1.2910 1.7928 -0.0199 0.7865 0.4288 -0.4441
1311868186.6686 0.6891 -1.2938 1.7974 -0.0200 0.7867 0.4296 -0.4428
1311868186.7025 0.6944 -1.2958 1.8008 -0.0211 0.7869 0.4298 -0.4423
1311868186.7367 0.7001 -1.2966 1.8044 -0.0219 0.7871 0.4308 -0.4409
1311868186.7685 0.7059 -1.2972 1.8073 -0.0217 0.7874 0.4323 -0.4389
1311868186.8005 0.7120 -1.2982 1.8103 -0.0198 0.7879 0.4336 -0.4367
1311868186.8367 0.7180 -1.2988 1.8140 -0.0172 0.7883 0.4354 -0.4344
1311868186.8693 0.7219 -1.3001 1.8175 -0.0142 0.7883 0.4374 -0.4325
1311868186.9005 0.7257 -1.3023 1.8199 -0.0122 0.7883 0.4385 -0.4314
1311868186.9364 0.7302 -1.3046 1.8232 -0.0120 0.7881 0.4397 -0.4307
1311868186.9686 0.7352 -1.3074 1.8262 -0.0123 0.7875 0.4401 -0.4312
1311868187.0005 0.7416 -1.3101 1.8284 -0.0129 0.7869 0.4400 -0.4325
1311868187.0367 0.7492 -1.3129 1.8313 -0.0127 0.7863 0.4395 -0.4341
1311868187.0685 0.7583 -1.3153 1.8339 -0.0110 0.7853 0.4394 -0.4361
1311868187.1017 0.7648 -1.3181 1.8365 -0.0085 0.7839 0.4402 -0.4378
1311868187.1366 0.7715 -1.3212 1.8386 -0.0070 0.7823 0.4410 -0.4398
1311868187.1690 0.7789 -1.3237 1.8408 -0.0067 0.7810 0.4418 -0.4414
1311868187.2013 0.7882 -1.3250 1.8453 -0.0071 0.7793 0.4434 -0.4427
1311868187.2364 0.7974 -1.3257 1.8496 -0.0064 0.7767 0.4464 -0.4442
1311868187.2688 0.8071 -1.3268 1.8516 -0.0048 0.7737 0.4504 -0.4457
1311868187.3005 0.8161 -1.3275 1.8533 -0.0030 0.7712 0.4553 -0.4449
1311868187.3366 0.8207 -1.3302 1.8571 -0.0014 0.7694 0.4604 -0.4427
1311868187.3684 0.8220 -1.3346 1.8630 0.0001 0.7678 0.4633 -0.4425
1311868187.4005 0.8259 -1.3391 1.8693 -0.0004 0.7654 0.4649 -0.4450
1311868187.4367 0.8298 -1.3436 1.8738 -0.0019 0.7625 0.4660 -0.4488
1311868187.4686 0.8371 -1.3472 1.8781 -0.0035 0.7599 0.4661 -0.4530
1311868187.5005 0.8435 -1.3504 1.8818 -0.0036 0.7576 0.4670 -0.4560
1311868187.5376 0.8489 -1.3537 1.8850 -0.0034 0.7560 0.4681 -0.4575
1311868187.5685 0.8522 -1.3570 1.8896 -0.0034 0.7552 0.4693 -0.4577
1311868187.6005 0.8544 -1.3607 1.8946 -0.0036 0.7542 0.4701 -0.4584
1311868187.6365 0.8578 -1.3639 1.8991 -0.0030 0.7533 0.4702 -0.4598
1311868187.6687 0.8608 -1.3666 1.9033 -0.0019 0.7528 0.4700 -0.4609
1311868187.7006 0.8647 -1.3693 1.9076 -0.0009 0.7528 0.4701 -0.4608
1311868187.7365 0.8670 -1.3719 1.9137 0.0014 0.7532 0.4706 -0.4596
1311868187.7687 0.8667 -1.3760 1.9188 0.0036 0.7532 0.4714 -0.4587
1311868187.8005 0.8688 -1.3799 1.9245 0.0044 0.7537 0.4716 -0.4577
1311868187.8375 0.8695 -1.3836 1.9300 0.0040 0.7544 0.4726 -0.4555
1311868187.8686 0.8713 -1.3875 1.9362 0.0017 0.7556 0.4738 -0.4523
1311868187.9005 0.8724 -1.3914 1.9441 -0.0001 0.7571 0.4749 -0.4487
1311868187.9366 0.8730 -1.3953 1.9520 -0.0011 0.7583 0.4759 -0.4455
1311868187.9685 0.8743 -1.3992 1.9590 -0.0021 0.7601 0.4765 -0.4418
1311868188.0007 0.8755 -1.4030 1.9692 -0.0026 0.7625 0.4774 -0.4365
1311868188.0367 0.8739 -1.4073 1.9803 -0.0016 0.7644 0.4789 -0.4317
1311868188.0685 0.8729 -1.4115 1.9903 0.0000 0.7657 0.4803 -0.4279
1311868188.1004 0.8727 -1.4152 2.0012 0.0026 0.7672 0.4814 -0.4238
1311868188.1367 0.8717 -1.4191 2.0126 0.0060 0.7685 0.4831 -0.4195
1311868188.1698 0.8710 -1.4222 2.0243 0.0096 0.7696 0.4852 -0.4149
1311868188.2006 0.8676 -1.4249 2.0383 0.0128 0.7703 0.4882 -0.4099
1311868188.2365 0.8648 -1.4275 2.0509 0.0133 0.7703 0.4918 -0.4057
1311868188.2686 0.8634 -1.4283 2.0649 0.0116 0.7697 0.4964 -0.4013
1311868188.3009 0.8625 -1.4288 2.0783 0.0093 0.7684 0.5018 -0.3971
1311868188.3368 0.8618 -1.4283 2.0913 0.0075 0.7664 0.5075 -0.3937
1311868188.3685 0.8606 -1.4283 2.1018 0.0071 0.7639 0.5130 -0.3916
1311868188.4005 0.8597 -1.4282 2.1091 0.0077 0.7615 0.5173 -0.3904
1311868188.4371 0.8612 -1.4282 2.1159 0.0093 0.7599 0.5205 -0.3894
1311868188.4686 0.8635 -1.4281 2.1199 0.0132 0.7588 0.5228 -0.3882
1311868188.5025 0.8664 -1.4296 2.1231 0.0181 0.7592 0.5240 -0.3856
1311868188.5375 0.8697 -1.4320 2.1279 0.0227 0.7607 0.5244 -0.3819
1311868188.5687 0.8730 -1.4349 2.1342 0.0273 0.7621 0.5246 -0.3785
1311868188.6014 0.8763 -1.4381 2.1403 0.0308 0.7628 0.5248 -0.3765
1311868188.6375 0.8815 -1.4410 2.1462 0.0329 0.7627 0.5254 -0.3758
1311868188.6687 0.8887 -1.4438 2.1512 0.0345 0.7620 0.5264 -0.3756
1311868188.7035 0.8957 -1.4463 2.1559 0.0361 0.7611 0.5280 -0.3750
1311868188.7366 0.9038 -1.4489 2.1615 0.0381 0.7601 0.5296 -0.3746
1311868188.7687 0.9106 -1.4518 2.1663 0.0407 0.7586 0.5316 -0.3747
1311868188.8007 0.9197 -1.4549 2.1719 0.0417 0.7571 0.5336 -0.3746
1311868188.8365 0.9284 -1.4579 2.1769 0.0426 0.7552 0.5362 -0.3746
1311868188.8685 0.9391 -1.4608 2.1805 0.0447 0.7533 0.5377 -0.3760
1311868188.9007 0.9518 -1.4634 2.1837 0.0482 0.7521 0.5386 -0.3766
1311868188.9365 0.9638 -1.4659 2.1890 0.0535 0.7512 0.5400 -0.3758
1311868188.9687 0.9748 -1.4687 2.1935 0.0615 0.7496 0.5413 -0.3759
1311868189.0006 0.9839 -1.4714 2.1978 0.0696 0.7480 0.5429 -0.3754
1311868189.0369 0.9912 -1.4739 2.2042 0.0753 0.7465 0.5450 -0.3742
1311868189.0686 0.9961 -1.4764 2.2098 0.0784 0.7442 0.5475 -0.3744
1311868189.1006 1.0010 -1.4798 2.2138 0.0770 0.7422 0.5492 -0.3762
1311868189.1366 1.0119 -1.4841 2.2175 0.0717 0.7408 0.5503 -0.3784
1311868189.1686 1.0248 -1.4880 2.2218 0.0676 0.7390 0.5521 -0.3802
1311868189.2012 1.0373 -1.4916 2.2254 0.0664 0.7364 0.5539 -0.3828
1311868189.2383 1.0501 -1.4941 2.2298 0.0669 0.7335 0.5561 -0.3850
1311868189.2687 1.0586 -1.4975 2.2331 0.0687 0.7301 0.5597 -0.3860
1311868189.3023 1.0660 -1.5014 2.2346 0.0694 0.7276 0.5626 -0.3863
1311868189.3379 1.0740 -1.5052 2.2389 0.0684 0.7263 0.5648 -0.3857
1311868189.3684 1.0815 -1.5087 2.2435 0.0677 0.7246 0.5668 -0.3863
1311868189.4005 1.0887 -1.5122 2.2475 0.0673 0.7225 0.5684 -0.3878
1311868189.4367 1.0960 -1.5157 2.2518 0.0671 0.7205 0.5701 -0.3892
1311868189.4688 1.1026 -1.5197 2.2550 0.0684 0.7183 0.5714 -0.3910
1311868189.5006 1.1094 -1.5229 2.2583 0.0697 0.7165 0.5726 -0.3922
1311868189.5366 1.1155 -1.5258 2.2623 0.0690 0.7156 0.5747 -0.3911
1311868189.5687 1.1194 -1.5289 2.2661 0.0682 0.7149 0.5767 -0.3894
1311868189.6019 1.1248 -1.5326 2.2702 0.0682 0.7144 0.5773 -0.3894
1311868189.6367 1.1314 -1.5367 2.2740 0.0699 0.7140 0.5773 -0.3900
1311868189.6687 1.1360 -1.5398 2.2799 0.0723 0.7136 0.5780 -0.3892
1311868189.7044 1.1371 -1.5435 2.2858 0.0743 0.7132 0.5789 -0.3882
1311868189.7366 1.1385 -1.5470 2.2932 0.0757 0.7126 0.5790 -0.3888
1311868189.7689 1.1396 -1.5503 2.3015 0.0757 0.7118 0.5791 -0.3903
1311868189.8029 1.1398 -1.5537 2.3088 0.0748 0.7102 0.5798 -0.3923
1311868189.8366 1.1409 -1.5587 2.3152 0.0736 0.7088 0.5798 -0.3950
1311868189.8687 1.1430 -1.5639 2.3232 0.0732 0.7078 0.5793 -0.3976
1311868189.9020 1.1443 -1.5699 2.3313 0.0737 0.7072 0.5790 -0.3990
1311868189.9367 1.1455 -1.5748 2.3387 0.0742 0.7065 0.5791 -0.4000
1311868189.9686 1.1462 -1.5791 2.3466 0.0741 0.7059 0.5794 -0.4006
1311868190.0020 1.1439 -1.5843 2.3543 0.0736 0.7053 0.5799 -0.4011
1311868190.0367 1.1434 -1.5909 2.3618 0.0724 0.7049 0.5797 -0.4023
1311868190.0686 1.1442 -1.5982 2.3686 0.0716 0.7045 0.5794 -0.4036
1311868190.1041 1.1452 -1.6053 2.3755 0.0718 0.7044 0.5791 -0.4042
1311868190.1367 1.1463 -1.6122 2.3823 0.0729 0.7045 0.5789 -0.4041
1311868190.1688 1.1454 -1.6186 2.3904 0.0743 0.7048 0.5786 -0.4037
1311868190.2024 1.1433 -1.6246 2.3992 0.0745 0.7054 0.5783 -0.4031
1311868190.2368 1.1418 -1.6304 2.4071 0.0731 0.7056 0.5780 -0.4033
1311868190.2686 1.1418 -1.6373 2.4165 0.0718 0.7058 0.5772 -0.4044
1311868190.3025 1.1427 -1.6436 2.4234 0.0709 0.7050 0.5768 -0.4065
1311868190.3367 1.1435 -1.6492 2.4292 0.0699 0.7044 0.5765 -0.4081
1311868190.3692 1.1445 -1.6552 2.4352 0.0695 0.7043 0.5762 -0.4088
1311868190.4020 1.1454 -1.6610 2.4411 0.0700 0.7043 0.5757 -0.4094
1311868190.4366 1.1457 -1.6663 2.4479 0.0710 0.7047 0.5750 -0.4095
1311868190.4689 1.1430 -1.6709 2.4560 0.0714 0.7052 0.5744 -0.4094
1311868190.5031 1.1419 -1.6756 2.4637 0.0709 0.7053 0.5735 -0.4105
1311868190.5366 1.1420 -1.6812 2.4707 0.0702 0.7048 0.5731 -0.4121
1311868190.5686 1.1416 -1.6852 2.4773 0.0694 0.7035 0.5737 -0.4137
1311868190.6044 1.1390 -1.6894 2.4812 0.0685 0.7025 0.5742 -0.4148
1311868190.6366 1.1387 -1.6944 2.4858 0.0676 0.7026 0.5737 -0.4156
1311868190.6687 1.1397 -1.6980 2.4892 0.0668 0.7028 0.5735 -0.4156
1311868190.7089 1.1395 -1.7020 2.4920 0.0662 0.7035 0.5730 -0.4152
1311868190.7367 1.1395 -1.7049 2.4954 0.0663 0.7043 0.5719 -0.4153
1311868190.7714 1.1409 -1.7085 2.4978 0.0669 0.7053 0.5701 -0.4159
1311868190.8024 1.1419 -1.7115 2.5008 0.0679 0.7062 0.5690 -0.4158
1311868190.8366 1.1427 -1.7139 2.5043 0.0692 0.7070 0.5679 -0.4157
1311868190.8704 1.1429 -1.7157 2.5085 0.0703 0.7075 0.5676 -0.4152
1311868190.9023 1.1419 -1.7169 2.5128 0.0706 0.7075 0.5679 -0.4147
1311868190.9366 1.1421 -1.7181 2.5172 0.0706 0.7072 0.5682 -0.4148
1311868190.9703 1.1428 -1.7193 2.5213 0.0712 0.7061 0.5691 -0.4153
1311868191.0043 1.1428 -1.7209 2.5246 0.0725 0.7047 0.5703 -0.4159
1311868191.0366 1.1423 -1.7214 2.5272 0.0736 0.7034 0.5716 -0.4161
1311868191.0750 1.1402 -1.7224 2.5308 0.0744 0.7026 0.5727 -0.4157
1311868191.1029 1.1379 -1.7231 2.5341 0.0745 0.7022 0.5736 -0.4151
1311868191.1367 1.1366 -1.7246 2.5361 0.0746 0.7020 0.5739 -0.4151
1311868191.1704 1.1360 -1.7258 2.5376 0.0744 0.7018 0.5742 -0.4149
1311868191.2047 1.1338 -1.7272 2.5389 0.0739 0.7020 0.5745 -0.4142
1311868191.2369 1.1330 -1.7288 2.5406 0.0735 0.7026 0.5741 -0.4141
1311868191.2705 1.1315 -1.7305 2.5420 0.0733 0.7031 0.5735 -0.4140
1311868191.3051 1.1305 -1.7325 2.5427 0.0726 0.7037 0.5730 -0.4138
1311868191.3368 1.1294 -1.7344 2.5441 0.0714 0.7044 0.5726 -0.4134
1311868191.3702 1.1292 -1.7364 2.5448 0.0707 0.7046 0.5720 -0.4138
1311868191.4080 1.1278 -1.7386 2.5464 0.0706 0.7049 0.5714 -0.4142
1311868191.4367 1.1258 -1.7407 2.5478 0.0699 0.7053 0.5712 -0.4139
1311868191.4700 1.1243 -1.7430 2.5490 0.0687 0.7058 0.5712 -0.4134
1311868191.5056 1.1230 -1.7452 2.5504 0.0682 0.7059 0.5710 -0.4136
1311868191.5368 1.1218 -1.7474 2.5518 0.0675 0.7061 0.5708 -0.4136
1311868191.5702 1.1202 -1.7497 2.5541 0.0667 0.7061 0.5711 -0.4133
1311868191.6047 1.1164 -1.7510 2.5560 0.0653 0.7058 0.5720 -0.4127
1311868191.6369 1.1135 -1.7525 2.5562 0.0632 0.7055 0.5723 -0.4132
1311868191.6708 1.1127 -1.7555 2.5571 0.0624 0.7056 0.5716 -0.4141
1311868191.7051 1.1117 -1.7567 2.5575 0.0634 0.7048 0.5716 -0.4153
1311868191.7368 1.1088 -1.7572 2.5580 0.0651 0.7044 0.5712 -0.4163
1311868191.7716 1.1048 -1.7574 2.5583 0.0661 0.7040 0.5712 -0.4169
1311868191.8048 1.1020 -1.7582 2.5581 0.0661 0.7038 0.5709 -0.4175
1311868191.8367 1.0993 -1.7586 2.5583 0.0659 0.7036 0.5710 -0.4179
1311868191.8722 1.0957 -1.7588 2.5576 0.0654 0.7035 0.5711 -0.4179
1311868191.9047 1.0937 -1.7590 2.5575 0.0652 0.7033 0.5710 -0.4185
1311868191.9367 1.0897 -1.7587 2.5576 0.0664 0.7027 0.5707 -0.4197
1311868191.9703 1.0859 -1.7580 2.5577 0.0668 0.7019 0.5707 -0.4209
1311868192.0052 1.0811 -1.7573 2.5570 0.0662 0.7012 0.5711 -0.4216
1311868192.0383 1.0779 -1.7563 2.5562 0.0653 0.7005 0.5716 -0.4223
1311868192.0706 1.0736 -1.7551 2.5546 0.0647 0.6998 0.5721 -0.4229
1311868192.1056 1.0695 -1.7539 2.5533 0.0645 0.6994 0.5722 -0.4233
1311868192.1394 1.0646 -1.7525 2.5519 0.0643 0.6991 0.5724 -0.4236
1311868192.1737 1.0606 -1.7515 2.5499 0.0641 0.6987 0.5724 -0.4243
1311868192.2047 1.0560 -1.7502 2.5485 0.0647 0.6981 0.5724 -0.4252
1311868192.2405 1.0502 -1.7482 2.5473 0.0649 0.6972 0.5727 -0.4263
1311868192.2717 1.0446 -1.7475 2.5452 0.0647 0.6960 0.5728 -0.4282
1311868192.3047 1.0385 -1.7465 2.5413 0.0644 0.6950 0.5727 -0.4299
1311868192.3425 1.0339 -1.7456 2.5370 0.0627 0.6951 0.5726 -0.4302
1311868192.3702 1.0283 -1.7450 2.5332 0.0603 0.6957 0.5728 -0.4292
1311868192.4047 1.0238 -1.7441 2.5296 0.0583 0.6962 0.5725 -0.4291
1311868192.4385 1.0181 -1.7429 2.5257 0.0579 0.6965 0.5713 -0.4303
1311868192.4714 1.0124 -1.7416 2.5214 0.0581 0.6965 0.5700 -0.4321
1311868192.5047 1.0057 -1.7398 2.5172 0.0575 0.6965 0.5689 -0.4335
1311868192.5409 1.0001 -1.7386 2.5120 0.0565 0.6966 0.5678 -0.4348
1311868192.5712 0.9961 -1.7370 2.5056 0.0560 0.6970 0.5670 -0.4354
1311868192.6048 0.9924 -1.7349 2.5001 0.0558 0.6979 0.5665 -0.4345
1311868192.6411 0.9872 -1.7323 2.4947 0.0564 0.6990 0.5665 -0.4327
1311868192.6703 0.9813 -1.7297 2.4906 0.0561 0.7004 0.5665 -0.4306
1311868192.7048 0.9778 -1.7276 2.4863 0.0556 0.7013 0.5659 -0.4299
1311868192.7394 0.9736 -1.7250 2.4821 0.0560 0.7018 0.5654 -0.4298
1311868192.7700 0.9682 -1.7224 2.4776 0.0562 0.7024 0.5649 -0.4294
1311868192.8048 0.9645 -1.7204 2.4728 0.0560 0.7035 0.5642 -0.4286
1311868192.8380 0.9600 -1.7187 2.4693 0.0554 0.7050 0.5634 -0.4272
1311868192.8706 0.9564 -1.7177 2.4657 0.0548 0.7061 0.5625 -0.4266
1311868192.9047 0.9524 -1.7166 2.4616 0.0539 0.7073 0.5616 -0.4259
1311868192.9405 0.9501 -1.7166 2.4579 0.0530 0.7087 0.5606 -0.4251
1311868192.9703 0.9473 -1.7166 2.4543 0.0535 0.7098 0.5600 -0.4239
1311868193.0048 0.9447 -1.7166 2.4515 0.0539 0.7110 0.5597 -0.4223
1311868193.0381 0.9405 -1.7167 2.4484 0.0540 0.7122 0.5597 -0.4202
1311868193.0703 0.9367 -1.7171 2.4461 0.0528 0.7137 0.5600 -0.4174
1311868193.1053 0.9328 -1.7184 2.4429 0.0511 0.7154 0.5600 -0.4148
1311868193.1407 0.9302 -1.7190 2.4412 0.0499 0.7171 0.5600 -0.4121
1311868193.1726 0.9271 -1.7204 2.4378 0.0497 0.7183 0.5599 -0.4101
1311868193.2051 0.9278 -1.7194 2.4341 0.0523 0.7198 0.5590 -0.4083
1311868193.2385 0.9265 -1.7194 2.4330 0.0571 0.7219 0.5597 -0.4028
1311868193.2705 0.9218 -1.7210 2.4319 0.0618 0.7230 0.5625 -0.3963
1311868193.3090 0.9139 -1.7209 2.4307 0.0643 0.7241 0.5644 -0.3912
1311868193.3408 0.9098 -1.7216 2.4288 0.0648 0.7254 0.5650 -0.3877
1311868193.3709 0.9061 -1.7230 2.4285 0.0646 0.7265 0.5665 -0.3834
1311868193.4093 0.8981 -1.7243 2.4254 0.0640 0.7272 0.5684 -0.3795
1311868193.4390 0.8958 -1.7267 2.4230 0.0623 0.7288 0.5686 -0.3763
1311868193.4732 0.8909 -1.7286 2.4217 0.0602 0.7301 0.5700 -0.3720
1311868193.5078 0.8847 -1.7321 2.4171 0.0571 0.7313 0.5713 -0.3682
1311868193.5412 0.8806 -1.7355 2.4146 0.0526 0.7337 0.5711 -0.3644
1311868193.5738 0.8773 -1.7390 2.4133 0.0477 0.7360 0.5707 -0.3610
1311868193.6060 0.8754 -1.7423 2.4108 0.0441 0.7375 0.5704 -0.3588
1311868193.6403 0.8718 -1.7452 2.4075 0.0417 0.7390 0.5704 -0.3562
1311868193.6702 0.8680 -1.7479 2.4047 0.0397 0.7407 0.5697 -0.3538
1311868193.7101 0.8651 -1.7505 2.4028 0.0385 0.7425 0.5687 -0.3518
1311868193.7383 0.8605 -1.7531 2.4001 0.0375 0.7443 0.5676 -0.3500
1311868193.7716 0.8568 -1.7553 2.3990 0.0355 0.7464 0.5661 -0.3481
1311868193.8094 0.8529 -1.7572 2.3983 0.0336 0.7480 0.5650 -0.3468
1311868193.8381 0.8477 -1.7596 2.3970 0.0315 0.7495 0.5633 -0.3464
1311868193.8732 0.8447 -1.7625 2.3955 0.0293 0.7505 0.5613 -0.3476
1311868193.9094 0.8422 -1.7647 2.3934 0.0281 0.7514 0.5593 -0.3490
1311868193.9381 0.8408 -1.7669 2.3899 0.0276 0.7526 0.5573 -0.3497
1311868193.9728 0.8398 -1.7689 2.3897 0.0278 0.7542 0.5557 -0.3487
1311868194.0092 0.8377 -1.7712 2.3885 0.0282 0.7552 0.5552 -0.3473
1311868194.0382 0.8366 -1.7732 2.3878 0.0288 0.7559 0.5547 -0.3465
1311868194.0714 0.8346 -1.7753 2.3867 0.0294 0.7563 0.5548 -0.3454
1311868194.1087 0.8327 -1.7775 2.3882 0.0294 0.7566 0.5551 -0.3444
1311868194.1406 0.8326 -1.7791 2.3891 0.0293 0.7553 0.5569 -0.3444
1311868194.1727 0.8304 -1.7799 2.3857 0.0302 0.7532 0.5597 -0.3444
1311868194.2095 0.8288 -1.7810 2.3803 0.0306 0.7530 0.5605 -0.3434
1311868194.2430 0.8283 -1.7827 2.3804 0.0307 0.7541 0.5605 -0.3410
1311868194.2700 0.8248 -1.7840 2.3784 0.0307 0.7541 0.5616 -0.3391
1311868194.3094 0.8211 -1.7859 2.3743 0.0306 0.7547 0.5609 -0.3389
1311868194.3392 0.8195 -1.7882 2.3737 0.0304 0.7560 0.5589 -0.3393
1311868194.3702 0.8161 -1.7904 2.3720 0.0300 0.7570 0.5572 -0.3400
1311868194.4082 0.8148 -1.7928 2.3700 0.0293 0.7578 0.5552 -0.3415
1311868194.4399 0.8135 -1.7950 2.3683 0.0292 0.7588 0.5531 -0.3427
1311868194.4689 0.8109 -1.7972 2.3669 0.0282 0.7597 0.5517 -0.3431
1311868194.5089 0.8082 -1.7995 2.3651 0.0265 0.7605 0.5502 -0.3438
1311868194.5384 0.8067 -1.8018 2.3637 0.0247 0.7614 0.5482 -0.3452
1311868194.5689 0.8059 -1.8040 2.3623 0.0231 0.7620 0.5467 -0.3463
1311868194.6095 0.8047 -1.8061 2.3604 0.0219 0.7626 0.5453 -0.3472
1311868194.6450 0.8033 -1.8079 2.3583 0.0210 0.7633 0.5440 -0.3479
1311868194.6690 0.8033 -1.8099 2.3570 0.0203 0.7642 0.5424 -0.3483
1311868194.7101 0.8027 -1.8115 2.3558 0.0208 0.7650 0.5413 -0.3483
1311868194.7410 0.8028 -1.8131 2.3543 0.0221 0.7659 0.5399 -0.3484
1311868194.7690 0.8034 -1.8143 2.3524 0.0244 0.7670 0.5387 -0.3477
1311868194.8069 0.8036 -1.8166 2.3524 0.0271 0.7685 0.5379 -0.3454
1311868194.8423 0.7998 -1.8185 2.3517 0.0297 0.7696 0.5377 -0.3430
1311868194.8690 0.7966 -1.8214 2.3527 0.0306 0.7712 0.5362 -0.3417
1311868194.9092 0.7945 -1.8240 2.3554 0.0302 0.7722 0.5349 -0.3415
1311868194.9427 0.7910 -1.8268 2.3561 0.0290 0.7725 0.5342 -0.3421
1311868194.9689 0.7900 -1.8298 2.3570 0.0281 0.7731 0.5322 -0.3440
1311868195.0092 0.7910 -1.8327 2.3589 0.0275 0.7736 0.5305 -0.3454
1311868195.0387 0.7896 -1.8355 2.3614 0.0275 0.7740 0.5299 -0.3456
1311868195.0690 0.7880 -1.8388 2.3633 0.0272 0.7743 0.5291 -0.3461
1311868195.1095 0.7874 -1.8419 2.3677 0.0266 0.7745 0.5285 -0.3465
1311868195.1397 0.7850 -1.8447 2.3712 0.0252 0.7743 0.5286 -0.3471
1311868195.1689 0.7829 -1.8483 2.3743 0.0228 0.7740 0.5285 -0.3479
1311868195.2087 0.7824 -1.8518 2.3788 0.0207 0.7740 0.5278 -0.3491
1311868195.2384 0.7813 -1.8550 2.3834 0.0197 0.7737 0.5274 -0.3506
1311868195.2691 0.7800 -1.8589 2.3865 0.0186 0.7736 0.5267 -0.3518
1311868195.3140 0.7807 -1.8627 2.3923 0.0178 0.7739 0.5259 -0.3525
1311868195.3407 0.7794 -1.8659 2.3975 0.0180 0.7737 0.5258 -0.3531
1311868195.3690 0.7778 -1.8695 2.4028 0.0182 0.7735 0.5255 -0.3540
1311868195.4094 0.7769 -1.8734 2.4091 0.0180 0.7733 0.5252 -0.3549
1311868195.4418 0.7747 -1.8771 2.4158 0.0166 0.7727 0.5256 -0.3555
1311868195.4692 0.7732 -1.8803 2.4223 0.0140 0.7718 0.5262 -0.3566
1311868195.5090 0.7723 -1.8834 2.4297 0.0117 0.7707 0.5266 -0.3586
1311868195.5408 0.7725 -1.8861 2.4354 0.0100 0.7692 0.5271 -0.3612
1311868195.5692 0.7753 -1.8886 2.4417 0.0101 0.7680 0.5273 -0.3634
1311868195.6070 0.7761 -1.8906 2.4487 0.0116 0.7666 0.5288 -0.3641
1311868195.6414 0.7763 -1.8925 2.4555 0.0125 0.7652 0.5307 -0.3642
1311868195.6690 0.7766 -1.8933 2.4639 0.0134 0.7634 0.5333 -0.3641
1311868195.7101 0.7758 -1.8944 2.4702 0.0134 0.7615 0.5361 -0.3640
1311868195.7373 0.7758 -1.8956 2.4773 0.0132 0.7598 0.5384 -0.3642
1311868195.7690 0.7743 -1.8965 2.4843 0.0126 0.7581 0.5403 -0.3651
1311868195.8088 0.7736 -1.8977 2.4912 0.0115 0.7565 0.5409 -0.3673
1311868195.8371 0.7729 -1.8992 2.4977 0.0099 0.7549 0.5411 -0.3706
1311868195.8691 0.7747 -1.9010 2.5035 0.0080 0.7534 0.5401 -0.3751
1311868195.9065 0.7781 -1.9030 2.5091 0.0071 0.7518 0.5390 -0.3797
1311868195.9370 0.7843 -1.9047 2.5140 0.0070 0.7504 0.5382 -0.3835
1311868195.9690 0.7907 -1.9062 2.5188 0.0094 0.7494 0.5381 -0.3856
1311868196.0093 0.7966 -1.9080 2.5255 0.0130 0.7487 0.5392 -0.3855
1311868196.0369 0.7989 -1.9094 2.5309 0.0165 0.7471 0.5417 -0.3850
1311868196.0690 0.8022 -1.9113 2.5360 0.0186 0.7455 0.5433 -0.3857
1311868196.1078 0.8051 -1.9125 2.5409 0.0201 0.7435 0.5447 -0.3875
1311868196.1371 0.8099 -1.9145 2.5454 0.0208 0.7414 0.5457 -0.3901
1311868196.1689 0.8132 -1.9159 2.5499 0.0217 0.7390 0.5467 -0.3931
1311868196.2083 0.8174 -1.9173 2.5534 0.0216 0.7366 0.5473 -0.3967
1311868196.2370 0.8243 -1.9194 2.5565 0.0212 0.7349 0.5472 -0.4002
1311868196.2691 0.8296 -1.9208 2.5604 0.0221 0.7331 0.5474 -0.4029
1311868196.3074 0.8350 -1.9223 2.5640 0.0244 0.7316 0.5467 -0.4065
1311868196.3371 0.8412 -1.9242 2.5674 0.0275 0.7300 0.5459 -0.4103
1311868196.3691 0.8469 -1.9261 2.5710 0.0309 0.7284 0.5454 -0.4136
1311868196.4101 0.8523 -1.9272 2.5741 0.0336 0.7267 0.5454 -0.4163
1311868196.4372 0.8587 -1.9289 2.5787 0.0357 0.7252 0.5456 -0.4185
1311868196.4690 0.8647 -1.9298 2.5826 0.0377 0.7231 0.5464 -0.4210
1311868196.5078 0.8700 -1.9308 2.5870 0.0408 0.7210 0.5470 -0.4233
1311868196.5371 0.8742 -1.9311 2.5909 0.0442 0.7190 0.5475 -0.4259
1311868196.5691 0.8804 -1.9318 2.5959 0.0482 0.7169 0.5475 -0.4289
1311868196.6101 0.8833 -1.9321 2.6005 0.0517 0.7146 0.5489 -0.4306
1311868196.6370 0.8871 -1.9331 2.6058 0.0550 0.7125 0.5493 -0.4332
1311868196.6690 0.8904 -1.9343 2.6105 0.0582 0.7102 0.5498 -0.4357
1311868196.7097 0.8913 -1.9360 2.6155 0.0597 0.7083 0.5508 -0.4374
1311868196.7371 0.8922 -1.9385 2.6202 0.0597 0.7066 0.5508 -0.4402
1311868196.7691 0.8951 -1.9414 2.6273 0.0595 0.7051 0.5500 -0.4436
1311868196.8076 0.8977 -1.9446 2.6338 0.0597 0.7031 0.5502 -0.4466
1311868196.8370 0.8981 -1.9479 2.6382 0.0591 0.7012 0.5510 -0.4485
1311868196.8690 0.8981 -1.9520 2.6447 0.0581 0.7003 0.5512 -0.4498
1311868196.9096 0.8984 -1.9562 2.6516 0.0580 0.6996 0.5504 -0.4519
1311868196.9370 0.8985 -1.9607 2.6573 0.0583 0.6992 0.5495 -0.4535
1311868196.9692 0.9004 -1.9657 2.6646 0.0577 0.6997 0.5490 -0.4535
1311868197.0051 0.8997 -1.9694 2.6704 0.0563 0.7003 0.5496 -0.4521
1311868197.0370 0.8997 -1.9743 2.6782 0.0556 0.7017 0.5494 -0.4503
1311868197.0691 0.8992 -1.9785 2.6856 0.0554 0.7025 0.5500 -0.4484
1311868197.1050 0.8993 -1.9831 2.6943 0.0549 0.7030 0.5515 -0.4457
1311868197.1370 0.8964 -1.9868 2.7023 0.0541 0.7029 0.5542 -0.4425
1311868197.1690 0.8947 -1.9904 2.7108 0.0539 0.7025 0.5565 -0.4403
1311868197.2051 0.8921 -1.9936 2.7177 0.0535 0.7023 0.5596 -0.4369
1311868197.2372 0.8894 -1.9973 2.7250 0.0528 0.7026 0.5627 -0.4324
1311868197.2692 0.8868 -2.0006 2.7322 0.0532 0.7031 0.5651 -0.4284
1311868197.3051 0.8848 -2.0048 2.7395 0.0531 0.7039 0.5679 -0.4233
1311868197.3373 0.8820 -2.0089 2.7470 0.0519 0.7046 0.5712 -0.4177
1311868197.3691 0.8788 -2.0129 2.7550 0.0505 0.7051 0.5739 -0.4133
1311868197.4052 0.8758 -2.0169 2.7630 0.0494 0.7052 0.5761 -0.4103
1311868197.4370 0.8736 -2.0204 2.7712 0.0489 0.7052 0.5779 -0.4078
1311868197.4692 0.8708 -2.0237 2.7796 0.0489 0.7054 0.5801 -0.4044
1311868197.5052 0.8676 -2.0270 2.7884 0.0495 0.7057 0.5820 -0.4010
1311868197.5370 0.8633 -2.0303 2.7968 0.0514 0.7054 0.5837 -0.3988
1311868197.5692 0.8598 -2.0338 2.8054 0.0540 0.7050 0.5846 -0.3979
1311868197.6052 0.8564 -2.0364 2.8127 0.0562 0.7042 0.5858 -0.3972
1311868197.6371 0.8539 -2.0395 2.8206 0.0581 0.7039 0.5870 -0.3957
1311868197.6691 0.8515 -2.0420 2.8279 0.0592 0.7034 0.5888 -0.3937
1311868197.7052 0.8489 -2.0443 2.8351 0.0602 0.7028 0.5905 -0.3921
1311868197.7373 0.8466 -2.0458 2.8416 0.0605 0.7020 0.5923 -0.3907
1311868197.7692 0.8446 -2.0472 2.8477 0.0600 0.7016 0.5939 -0.3891
1311868197.8054 0.8419 -2.0490 2.8544 0.0614 0.7010 0.5945 -0.3890
1311868197.8372 0.8403 -2.0499 2.8606 0.0642 0.7006 0.5941 -0.3900
1311868197.8691 0.8385 -2.0510 2.8668 0.0674 0.7001 0.5945 -0.3897
1311868197.9052 0.8364 -2.0519 2.8728 0.0707 0.6994 0.5950 -0.3896
1311868197.9372 0.8342 -2.0529 2.8785 0.0736 0.6982 0.5960 -0.3898
1311868197.9692 0.8296 -2.0526 2.8827 0.0741 0.6966 0.5977 -0.3899
1311868198.0052 0.8264 -2.0536 2.8866 0.0729 0.6955 0.5987 -0.3905
1311868198.0371 0.8237 -2.0548 2.8908 0.0714 0.6944 0.5995 -0.3916
1311868198.0692 0.8202 -2.0553 2.8941 0.0708 0.6936 0.5994 -0.3934
1311868198.1054 0.8185 -2.0563 2.8977 0.0713 0.6932 0.5987 -0.3949
1311868198.1372 0.8161 -2.0585 2.9007 0.0721 0.6929 0.5988 -0.3951
1311868198.1692 0.8121 -2.0589 2.9034 0.0724 0.6928 0.5990 -0.3949
1311868198.2053 0.8089 -2.0598 2.9064 0.0725 0.6928 0.5988 -0.3953
1311868198.2372 0.8043 -2.0600 2.9096 0.0720 0.6925 0.5984 -0.3965
1311868198.2692 0.8007 -2.0605 2.9129 0.0721 0.6917 0.5975 -0.3993
1311868198.3051 0.7979 -2.0603 2.9163 0.0730 0.6908 0.5965 -0.4021
1311868198.3372 0.7954 -2.0601 2.9198 0.0749 0.6902 0.5962 -0.4033
1311868198.3692 0.7909 -2.0592 2.9228 0.0773 0.6897 0.5969 -0.4027
1311868198.4051 0.7846 -2.0580 2.9246 0.0784 0.6892 0.5981 -0.4014
1311868198.4372 0.7774 -2.0569 2.9258 0.0785 0.6890 0.5985 -0.4012
1311868198.4692 0.7719 -2.0576 2.9280 0.0783 0.6888 0.5986 -0.4013
1311868198.5053 0.7656 -2.0561 2.9285 0.0770 0.6885 0.5991 -0.4014
1311868198.5373 0.7602 -2.0564 2.9301 0.0755 0.6886 0.5997 -0.4006
1311868198.5692 0.7544 -2.0567 2.9314 0.0742 0.6885 0.6010 -0.3991
1311868198.6051 0.7484 -2.0556 2.9317 0.0730 0.6885 0.6018 -0.3980
1311868198.6372 0.7436 -2.0556 2.9325 0.0722 0.6888 0.6027 -0.3964
1311868198.6691 0.7385 -2.0556 2.9327 0.0718 0.6888 0.6039 -0.3946
1311868198.7050 0.7333 -2.0549 2.9324 0.0726 0.6885 0.6050 -0.3933
1311868198.7372 0.7287 -2.0547 2.9321 0.0738 0.6884 0.6058 -0.3920
1311868198.7691 0.7242 -2.0539 2.9326 0.0750 0.6884 0.6070 -0.3899
1311868198.8051 0.7171 -2.0521 2.9319 0.0747 0.6888 0.6087 -0.3867
1311868198.8372 0.7123 -2.0525 2.9321 0.0730 0.6894 0.6102 -0.3835
1311868198.8692 0.7053 -2.0512 2.9313 0.0709 0.6901 0.6117 -0.3804
1311868198.9051 0.6999 -2.0516 2.9316 0.0698 0.6913 0.6117 -0.3783
1311868198.9371 0.6941 -2.0511 2.9319 0.0701 0.6925 0.6115 -0.3764
1311868198.9692 0.6891 -2.0516 2.9327 0.0705 0.6935 0.6112 -0.3748
1311868199.0051 0.6823 -2.0512 2.9332 0.0705 0.6941 0.6115 -0.3732
1311868199.0372 0.6767 -2.0515 2.9343 0.0699 0.6946 0.6119 -0.3719
1311868199.0692 0.6709 -2.0508 2.9352 0.0688 0.6946 0.6127 -0.3706
1311868199.1051 0.6642 -2.0490 2.9352 0.0682 0.6946 0.6130 -0.3703
1311868199.1372 0.6596 -2.0483 2.9360 0.0689 0.6951 0.6123 -0.3704
1311868199.1693 0.6548 -2.0477 2.9367 0.0704 0.6960 0.6118 -0.3693
1311868199.2052 0.6503 -2.0477 2.9384 0.0725 0.6967 0.6117 -0.3677
1311868199.2372 0.6457 -2.0468 2.9389 0.0742 0.6970 0.6117 -0.3669
1311868199.2693 0.6419 -2.0462 2.9399 0.0757 0.6970 0.6116 -0.3667
1311868199.3052 0.6368 -2.0452 2.9401 0.0755 0.6971 0.6122 -0.3654
1311868199.3373 0.6320 -2.0442 2.9404 0.0746 0.6975 0.6127 -0.3640
1311868199.3694 0.6277 -2.0431 2.9412 0.0746 0.6980 0.6123 -0.3638
1311868199.4052 0.6242 -2.0433 2.9421 0.0765 0.6985 0.6115 -0.3636
1311868199.4372 0.6202 -2.0425 2.9426 0.0789 0.6990 0.6113 -0.3626
1311868199.4694 0.6155 -2.0411 2.9421 0.0808 0.6997 0.6110 -0.3614
1311868199.5053 0.6119 -2.0415 2.9431 0.0818 0.7008 0.6107 -0.3595
1311868199.5373 0.6078 -2.0405 2.9433 0.0816 0.7019 0.6108 -0.3571
1311868199.5693 0.6048 -2.0400 2.9442 0.0816 0.7033 0.6107 -0.3545
1311868199.6053 0.6024 -2.0399 2.9447 0.0820 0.7046 0.6112 -0.3511
1311868199.6372 0.5987 -2.0385 2.9456 0.0826 0.7061 0.6119 -0.3466
1311868199.6692 0.5950 -2.0385 2.9470 0.0830 0.7078 0.6128 -0.3414
1311868199.7053 0.5899 -2.0378 2.9481 0.0827 0.7093 0.6139 -0.3364
1311868199.7372 0.5851 -2.0388 2.9498 0.0829 0.7105 0.6146 -0.3326
1311868199.7691 0.5800 -2.0398 2.9517 0.0834 0.7112 0.6154 -0.3294
1311868199.8053 0.5743 -2.0402 2.9533 0.0838 0.7120 0.6163 -0.3259
1311868199.8372 0.5689 -2.0411 2.9555 0.0838 0.7130 0.6174 -0.3216
1311868199.8692 0.5626 -2.0415 2.9565 0.0824 0.7144 0.6186 -0.3165
1311868199.9052 0.5562 -2.0438 2.9590 0.0802 0.7163 0.6196 -0.3108
1311868199.9372 0.5497 -2.0455 2.9607 0.0779 0.7180 0.6202 -0.3064
1311868199.9693 0.5430 -2.0483 2.9634 0.0771 0.7199 0.6197 -0.3031
1311868200.0052 0.5374 -2.0524 2.9671 0.0779 0.7216 0.6193 -0.2995
1311868200.0376 0.5312 -2.0568 2.9716 0.0799 0.7228 0.6198 -0.2950
1311868200.0694 0.5247 -2.0593 2.9749 0.0810 0.7235 0.6211 -0.2904
1311868200.1052 0.5174 -2.0625 2.9790 0.0798 0.7245 0.6223 -0.2853
1311868200.1373 0.5098 -2.0660 2.9828 0.0761 0.7255 0.6240 -0.2802
1311868200.1694 0.5026 -2.0699 2.9874 0.0721 0.7262 0.6252 -0.2767
1311868200.2055 0.4956 -2.0740 2.9920 0.0708 0.7266 0.6256 -0.2750
1311868200.2372 0.4892 -2.0780 2.9973 0.0716 0.7270 0.6261 -0.2726
1311868200.2734 0.4822 -2.0814 3.0026 0.0723 0.7275 0.6271 -0.2688
1311868200.3052 0.4753 -2.0852 3.0081 0.0726 0.7279 0.6284 -0.2645
1311868200.3372 0.4683 -2.0881 3.0128 0.0722 0.7281 0.6295 -0.2614
1311868200.3734 0.4622 -2.0922 3.0183 0.0714 0.7283 0.6304 -0.2589
1311868200.4052 0.4562 -2.0954 3.0240 0.0707 0.7283 0.6315 -0.2564
1311868200.4373 0.4510 -2.0994 3.0300 0.0714 0.7281 0.6326 -0.2541
1311868200.4733 0.4453 -2.1020 3.0356 0.0732 0.7276 0.6341 -0.2512
1311868200.5053 0.4394 -2.1045 3.0403 0.0742 0.7275 0.6356 -0.2477
1311868200.5372 0.4336 -2.1074 3.0455 0.0733 0.7275 0.6369 -0.2443
1311868200.5733 0.4279 -2.1108 3.0506 0.0713 0.7276 0.6379 -0.2421
1311868200.6052 0.4221 -2.1136 3.0560 0.0702 0.7276 0.6382 -0.2415
1311868200.6374 0.4169 -2.1167 3.0615 0.0712 0.7277 0.6379 -0.2418
1311868200.6735 0.4127 -2.1200 3.0668 0.0729 0.7279 0.6377 -0.2411
1311868200.7053 0.4084 -2.1227 3.0717 0.0741 0.7281 0.6380 -0.2395
1311868200.7376 0.4039 -2.1246 3.0758 0.0750 0.7283 0.6380 -0.2385
1311868200.7734 0.3998 -2.1273 3.0803 0.0753 0.7285 0.6380 -0.2377
1311868200.8052 0.3960 -2.1296 3.0846 0.0754 0.7287 0.6381 -0.2369
1311868200.8374 0.3928 -2.1316 3.0888 0.0759 0.7288 0.6381 -0.2365
1311868200.8732 0.3894 -2.1336 3.0921 0.0766 0.7291 0.6380 -0.2357
1311868200.9052 0.3861 -2.1354 3.0956 0.0768 0.7297 0.6378 -0.2341
1311868200.9374 0.3828 -2.1371 3.0989 0.0775 0.7306 0.6373 -0.2328
1311868200.9734 0.3798 -2.1392 3.1019 0.0787 0.7312 0.6367 -0.2317
1311868201.0053 0.3772 -2.1409 3.1048 0.0796 0.7318 0.6364 -0.2303
1311868201.0374 0.3737 -2.1413 3.1068 0.0801 0.7323 0.6362 -0.2291
1311868201.0732 0.3704 -2.1433 3.1092 0.0805 0.7326 0.6359 -0.2291
1311868201.1054 0.3668 -2.1438 3.1109 0.0813 0.7324 0.6357 -0.2302
1311868201.1375 0.3638 -2.1442 3.1128 0.0818 0.7327 0.6349 -0.2310
1311868201.1735 0.3613 -2.1445 3.1141 0.0812 0.7334 0.6345 -0.2299
1311868201.2053 0.3587 -2.1458 3.1153 0.0812 0.7344 0.6339 -0.2287
1311868201.2374 0.3558 -2.1473 3.1169 0.0818 0.7347 0.6337 -0.2280
1311868201.2734 0.3521 -2.1471 3.1175 0.0820 0.7346 0.6338 -0.2281
1311868201.3053 0.3488 -2.1478 3.1188 0.0822 0.7343 0.6338 -0.2287
1311868201.3375 0.3452 -2.1471 3.1189 0.0828 0.7336 0.6342 -0.2295
1311868201.3733 0.3419 -2.1465 3.1199 0.0832 0.7333 0.6342 -0.2305
1311868201.4053 0.3389 -2.1455 3.1201 0.0827 0.7332 0.6344 -0.2306
1311868201.4374 0.3362 -2.1451 3.1201 0.0820 0.7331 0.6345 -0.2306
1311868201.4732 0.3332 -2.1449 3.1205 0.0817 0.7333 0.6342 -0.2310
1311868201.5053 0.3309 -2.1451 3.1212 0.0822 0.7332 0.6341 -0.2316
1311868201.5375 0.3283 -2.1446 3.1216 0.0828 0.7332 0.6341 -0.2313
1311868201.5734 0.3260 -2.1436 3.1213 0.0826 0.7333 0.6344 -0.2302
1311868201.6054 0.3228 -2.1424 3.1214 0.0814 0.7337 0.6346 -0.2290
1311868201.6374 0.3197 -2.1410 3.1208 0.0796 0.7342 0.6345 -0.2281
1311868201.6735 0.3166 -2.1410 3.1208 0.0788 0.7349 0.6340 -0.2275
1311868201.7054 0.3137 -2.1407 3.1209 0.0792 0.7353 0.6336 -0.2272
1311868201.7374 0.3106 -2.1405 3.1212 0.0802 0.7354 0.6335 -0.2268
1311868201.7735 0.3076 -2.1408 3.1220 0.0807 0.7353 0.6339 -0.2259
1311868201.8053 0.3036 -2.1395 3.1223 0.0810 0.7349 0.6347 -0.2249
1311868201.8374 0.3004 -2.1398 3.1230 0.0814 0.7344 0.6355 -0.2240
1311868201.8733 0.2972 -2.1385 3.1233 0.0803 0.7339 0.6369 -0.2220
1311868201.9053 0.2937 -2.1383 3.1239 0.0786 0.7333 0.6385 -0.2199
1311868201.9375 0.2901 -2.1368 3.1244 0.0773 0.7327 0.6398 -0.2187
1311868201.9733 0.2859 -2.1358 3.1247 0.0762 0.7321 0.6410 -0.2176
1311868202.0053 0.2820 -2.1359 3.1260 0.0752 0.7316 0.6421 -0.2166
1311868202.0375 0.2778 -2.1346 3.1266 0.0745 0.7309 0.6431 -0.2159
1311868202.0733 0.2733 -2.1350 3.1285 0.0748 0.7305 0.6437 -0.2153
1311868202.1053 0.2696 -2.1356 3.1303 0.0756 0.7300 0.6445 -0.2145
1311868202.1376 0.2657 -2.1358 3.1322 0.0763 0.7292 0.6459 -0.2126
1311868202.1733 0.2611 -2.1361 3.1337 0.0759 0.7286 0.6476 -0.2099
1311868202.2053 0.2565 -2.1353 3.1353 0.0744 0.7282 0.6491 -0.2070
1311868202.2375 0.2519 -2.1380 3.1392 0.0742 0.7278 0.6507 -0.2036
1311868202.2733 0.2476 -2.1366 3.1398 0.0734 0.7265 0.6533 -0.2001
1311868202.3053 0.2420 -2.1356 3.1413 0.0731 0.7257 0.6551 -0.1974
1311868202.3374 0.2358 -2.1351 3.1431 0.0736 0.7250 0.6563 -0.1956
1311868202.3733 0.2303 -2.1339 3.1443 0.0742 0.7244 0.6569 -0.1954
1311868202.4053 0.2240 -2.1343 3.1464 0.0748 0.7245 0.6568 -0.1951
1311868202.4374 0.2181 -2.1350 3.1481 0.0743 0.7247 0.6571 -0.1939
1311868202.4734 0.2117 -2.1369 3.1502 0.0732 0.7251 0.6573 -0.1920
1311868202.5054 0.2054 -2.1391 3.1521 0.0716 0.7248 0.6583 -0.1902
1311868202.5375 0.1983 -2.1394 3.1530 0.0683 0.7244 0.6593 -0.1893
1311868202.5734 0.1916 -2.1408 3.1545 0.0653 0.7242 0.6596 -0.1902
1311868202.6054 0.1849 -2.1424 3.1562 0.0641 0.7241 0.6593 -0.1921
1311868202.6374 0.1777 -2.1452 3.1591 0.0649 0.7244 0.6587 -0.1926
1311868202.6737 0.1711 -2.1461 3.1599 0.0652 0.7247 0.6587 -0.1914
1311868202.7055 0.1641 -2.1480 3.1608 0.0642 0.7255 0.6584 -0.1897
1311868202.7373 0.1575 -2.1489 3.1604 0.0615 0.7263 0.6581 -0.1885
1311868202.7734 0.1508 -2.1497 3.1602 0.0579 0.7276 0.6570 -0.1885
1311868202.8054 0.1446 -2.1510 3.1599 0.0550 0.7290 0.6555 -0.1894
1311868202.8376 0.1382 -2.1539 3.1610 0.0544 0.7308 0.6534 -0.1901
1311868202.8734 0.1323 -2.1557 3.1620 0.0558 0.7320 0.6518 -0.1901
1311868202.9054 0.1276 -2.1562 3.1609 0.0566 0.7335 0.6505 -0.1887
1311868202.9376 0.1240 -2.1564 3.1590 0.0558 0.7356 0.6490 -0.1858
1311868202.9734 0.1203 -2.1570 3.1571 0.0540 0.7379 0.6475 -0.1824
1311868203.0056 0.1167 -2.1574 3.1543 0.0527 0.7399 0.6461 -0.1799
1311868203.0376 0.1137 -2.1574 3.1511 0.0520 0.7416 0.6444 -0.1791
1311868203.0734 0.1113 -2.1605 3.1503 0.0532 0.7435 0.6423 -0.1782
1311868203.1056 0.1098 -2.1591 3.1484 0.0562 0.7445 0.6415 -0.1763
1311868203.1375 0.1092 -2.1578 3.1454 0.0620 0.7463 0.6395 -0.1738
1311868203.1735 0.1074 -2.1599 3.1420 0.0689 0.7479 0.6386 -0.1676
1311868203.2054 0.1040 -2.1592 3.1330 0.0719 0.7494 0.6382 -0.1612
1311868203.2375 0.0998 -2.1618 3.1268 0.0734 0.7516 0.6363 -0.1573
1311868203.2735 0.0967 -2.1632 3.1206 0.0731 0.7538 0.6344 -0.1550
1311868203.3055 0.0942 -2.1655 3.1134 0.0713 0.7562 0.6321 -0.1532
1311868203.3375 0.0913 -2.1683 3.1070 0.0685 0.7589 0.6299 -0.1508
1311868203.3736 0.0888 -2.1705 3.0995 0.0647 0.7617 0.6274 -0.1482
1311868203.4055 0.0865 -2.1743 3.0933 0.0619 0.7645 0.6248 -0.1462
1311868203.4377 0.0845 -2.1797 3.0893 0.0605 0.7666 0.6231 -0.1427
1311868203.5055 0.0816 -2.1839 3.0767 0.0611 0.7678 0.6240 -0.1322
1311868203.5374 0.0787 -2.1854 3.0697 0.0639 0.7687 0.6237 -0.1267
1311868203.5735 0.0737 -2.1880 3.0637 0.0639 0.7698 0.6236 -0.1204
1311868203.6054 0.0687 -2.1899 3.0584 0.0625 0.7705 0.6237 -0.1157
1311868203.6736 0.0592 -2.1911 3.0458 0.0628 0.7723 0.6217 -0.1145
1311868203.7055 0.0545 -2.1951 3.0433 0.0621 0.7734 0.6209 -0.1118
1311868203.7376 0.0490 -2.1966 3.0386 0.0608 0.7733 0.6218 -0.1080
1311868203.7737 0.0450 -2.1984 3.0326 0.0614 0.7731 0.6224 -0.1058
1311868203.8055 0.0399 -2.2040 3.0300 0.0638 0.7728 0.6232 -0.1017
1311868203.8375 0.0339 -2.2093 3.0294 0.0650 0.7706 0.6269 -0.0947
1311868203.9056 0.0178 -2.2050 3.0092 0.0614 0.7640 0.6372 -0.0811
1311868203.9377 0.0095 -2.2080 3.0014 0.0612 0.7646 0.6367 -0.0789
1311868203.9736 0.0004 -2.2107 2.9948 0.0597 0.7654 0.6361 -0.0777
1311868204.0055 -0.0069 -2.2115 2.9858 0.0578 0.7670 0.6342 -0.0785
1311868204.0376 -0.0137 -2.2188 2.9823 0.0576 0.7695 0.6313 -0.0775
1311868204.0736 -0.0220 -2.2232 2.9770 0.0562 0.7703 0.6309 -0.0740
1311868204.1055 -0.0291 -2.2253 2.9686 0.0551 0.7711 0.6303 -0.0714
1311868204.1377 -0.0354 -2.2308 2.9642 0.0562 0.7724 0.6290 -0.0685
1311868204.1737 -0.0434 -2.2322 2.9565 0.0572 0.7729 0.6286 -0.0653
1311868204.2055 -0.0527 -2.2362 2.9501 0.0588 0.7738 0.6275 -0.0637
1311868204.2377 -0.0609 -2.2404 2.9451 0.0593 0.7746 0.6266 -0.0627
1311868204.2736 -0.0680 -2.2449 2.9409 0.0589 0.7747 0.6266 -0.0613
1311868204.3055 -0.0745 -2.2480 2.9372 0.0592 0.7743 0.6273 -0.0586
1311868204.3377 -0.0819 -2.2510 2.9328 0.0587 0.7732 0.6291 -0.0546
1311868204.3736 -0.0868 -2.2523 2.9291 0.0589 0.7721 0.6307 -0.0513
1311868204.4057 -0.0927 -2.2527 2.9242 0.0603 0.7709 0.6322 -0.0479
1311868204.4377 -0.0985 -2.2566 2.9226 0.0616 0.7701 0.6334 -0.0438
1311868204.4735 -0.1049 -2.2560 2.9188 0.0612 0.7681 0.6362 -0.0394
1311868204.5378 -0.1186 -2.2585 2.9090 0.0574 0.7676 0.6374 -0.0339
1311868204.5737 -0.1248 -2.2593 2.9034 0.0551 0.7679 0.6372 -0.0349
1311868204.6057 -0.1308 -2.2641 2.9000 0.0532 0.7692 0.6358 -0.0371
1311868204.6376 -0.1363 -2.2683 2.8966 0.0509 0.7699 0.6350 -0.0387
1311868204.6737 -0.1420 -2.2738 2.8939 0.0479 0.7706 0.6343 -0.0392
1311868204.7055 -0.1466 -2.2787 2.8922 0.0453 0.7708 0.6343 -0.0385
1311868204.7377 -0.1517 -2.2828 2.8876 0.0441 0.7704 0.6349 -0.0372
1311868204.7737 -0.1563 -2.2863 2.8845 0.0449 0.7702 0.6352 -0.0363
1311868204.8376 -0.1608 -2.2965 2.8815 0.0519 0.7690 0.6363 -0.0327
1311868204.8736 -0.1646 -2.2969 2.8765 0.0567 0.7676 0.6379 -0.0267
1311868204.9057 -0.1710 -2.2999 2.8728 0.0602 0.7675 0.6379 -0.0203
1311868204.9377 -0.1797 -2.3007 2.8685 0.0611 0.7676 0.6378 -0.0155
1311868205.0060 -0.1942 -2.3040 2.8597 0.0561 0.7707 0.6343 -0.0209
1311868205.0377 -0.1982 -2.3091 2.8577 0.0537 0.7723 0.6324 -0.0268
1311868205.0736 -0.2015 -2.3134 2.8530 0.0518 0.7731 0.6313 -0.0317
1311868205.1376 -0.2082 -2.3244 2.8469 0.0515 0.7757 0.6280 -0.0354
1311868205.1736 -0.2114 -2.3269 2.8427 0.0510 0.7767 0.6268 -0.0352
1311868205.2056 -0.2154 -2.3293 2.8402 0.0510 0.7782 0.6249 -0.0352
1311868205.2378 -0.2192 -2.3325 2.8379 0.0500 0.7794 0.6235 -0.0357
1311868205.2736 -0.2222 -2.3364 2.8357 0.0482 0.7806 0.6222 -0.0358
1311868205.3056 -0.2253 -2.3374 2.8316 0.0459 0.7819 0.6207 -0.0359
1311868205.3378 -0.2266 -2.3422 2.8298 0.0444 0.7838 0.6183 -0.0372
1311868205.3735 -0.2279 -2.3455 2.8274 0.0441 0.7852 0.6166 -0.0370
1311868205.4057 -0.2282 -2.3492 2.8256 0.0446 0.7873 0.6139 -0.0356
1311868205.4377 -0.2300 -2.3510 2.8234 0.0469 0.7890 0.6117 -0.0335
1311868205.4736 -0.2320 -2.3525 2.8186 0.0487 0.7915 0.6084 -0.0321
1311868205.5057 -0.2338 -2.3546 2.8155 0.0505 0.7950 0.6037 -0.0309
1311868205.5377 -0.2355 -2.3568 2.8120 0.0527 0.7989 0.5984 -0.0300
1311868205.5736 -0.2380 -2.3588 2.8105 0.0548 0.8033 0.5923 -0.0299
1311868205.6055 -0.2389 -2.3624 2.8130 0.0562 0.8071 0.5869 -0.0303
1311868205.6377 -0.2410 -2.3639 2.8140 0.0567 0.8094 0.5838 -0.0300
1311868205.7056 -0.2449 -2.3657 2.8098 0.0534 0.8127 0.5793 -0.0324
1311868205.7378 -0.2441 -2.3684 2.8108 0.0530 0.8139 0.5775 -0.0359
1311868205.7736 -0.2444 -2.3695 2.8083 0.0524 0.8142 0.5770 -0.0374
1311868205.8057 -0.2452 -2.3706 2.8070 0.0516 0.8149 0.5761 -0.0386
1311868205.8376 -0.2464 -2.3704 2.8038 0.0509 0.8150 0.5758 -0.0402
1311868205.9056 -0.2472 -2.3726 2.7979 0.0513 0.8169 0.5728 -0.0440
1311868205.9378 -0.2489 -2.3739 2.7944 0.0511 0.8181 0.5710 -0.0450
1311868205.9737 -0.2495 -2.3753 2.7932 0.0498 0.8193 0.5694 -0.0455
1311868206.0056 -0.2506 -2.3764 2.7887 0.0486 0.8202 0.5682 -0.0457
1311868206.0380 -0.2532 -2.3776 2.7849 0.0476 0.8216 0.5662 -0.0464
1311868206.1057 -0.2554 -2.3822 2.7759 0.0481 0.8239 0.5624 -0.0499
1311868206.1377 -0.2565 -2.3850 2.7715 0.0506 0.8255 0.5599 -0.0512
1311868206.1738 -0.2607 -2.3858 2.7665 0.0517 0.8271 0.5573 -0.0515
1311868206.2057 -0.2675 -2.3862 2.7626 0.0510 0.8290 0.5543 -0.0534
1311868206.2379 -0.2682 -2.3876 2.7624 0.0494 0.8305 0.5519 -0.0577
1311868206.3056 -0.2674 -2.3878 2.7575 0.0438 0.8317 0.5498 -0.0642
1311868206.3377 -0.2650 -2.3882 2.7574 0.0428 0.8323 0.5487 -0.0658
1311868206.4056 -0.2660 -2.3833 2.7579 0.0422 0.8318 0.5496 -0.0659
1311868206.4377 -0.2661 -2.3811 2.7573 0.0410 0.8312 0.5504 -0.0665
1311868206.4737 -0.2640 -2.3783 2.7591 0.0412 0.8306 0.5513 -0.0670
1311868206.5058 -0.2606 -2.3742 2.7615 0.0429 0.8296 0.5528 -0.0667
1311868206.5377 -0.2601 -2.3689 2.7628 0.0436 0.8284 0.5547 -0.0640
1311868206.5737 -0.2611 -2.3637 2.7650 0.0419 0.8271 0.5572 -0.0610
1311868206.6378 -0.2633 -2.3538 2.7692 0.0349 0.8249 0.5613 -0.0570
1311868206.6738 -0.2638 -2.3488 2.7693 0.0304 0.8235 0.5638 -0.0563
1311868206.7057 -0.2622 -2.3456 2.7714 0.0263 0.8228 0.5649 -0.0560
1311868206.7377 -0.2596 -2.3420 2.7754 0.0246 0.8222 0.5660 -0.0547
1311868206.8057 -0.2601 -2.3332 2.7818 0.0259 0.8204 0.5691 -0.0487
1311868206.8377 -0.2632 -2.3287 2.7835 0.0258 0.8196 0.5706 -0.0451
1311868206.8737 -0.2668 -2.3256 2.7868 0.0250 0.8193 0.5712 -0.0424
1311868206.9060 -0.2700 -2.3213 2.7899 0.0240 0.8187 0.5723 -0.0408
1311868206.9381 -0.2714 -2.3190 2.7930 0.0233 0.8187 0.5724 -0.0399
1311868206.9737 -0.2722 -2.3162 2.8006 0.0233 0.8183 0.5731 -0.0373
1311868207.0057 -0.2750 -2.3128 2.8029 0.0230 0.8172 0.5749 -0.0335
1311868207.0738 -0.2854 -2.3073 2.8069 0.0201 0.8161 0.5768 -0.0292
1311868207.1057 -0.2865 -2.3068 2.8127 0.0179 0.8163 0.5767 -0.0281
1311868207.1377 -0.2889 -2.3053 2.8176 0.0167 0.8160 0.5772 -0.0251
1311868207.2058 -0.2964 -2.3026 2.8260 0.0154 0.8152 0.5787 -0.0182
1311868207.2378 -0.2993 -2.3019 2.8302 0.0152 0.8148 0.5793 -0.0153
1311868207.2738 -0.3032 -2.3000 2.8344 0.0160 0.8142 0.5803 -0.0122
1311868207.3057 -0.3071 -2.2984 2.8375 0.0171 0.8135 0.5812 -0.0098
1311868207.3379 -0.3113 -2.2963 2.8422 0.0190 0.8129 0.5821 -0.0076
1311868207.4058 -0.3214 -2.2920 2.8512 0.0241 0.8116 0.5838 -0.0031
1311868207.4380 -0.3273 -2.2887 2.8549 0.0269 0.8104 0.5853 -0.0019
1311868207.4736 -0.3337 -2.2857 2.8569 0.0284 0.8094 0.5865 -0.0019
1311868207.5057 -0.3396 -2.2835 2.8618 0.0279 0.8093 0.5867 -0.0023
1311868207.5378 -0.3442 -2.2805 2.8656 0.0262 0.8087 0.5876 -0.0029
1311868207.5739 -0.3479 -2.2786 2.8703 0.0253 0.8085 0.5880 -0.0043
1311868207.6057 -0.3511 -2.2758 2.8752 0.0251 0.8079 0.5888 -0.0053
1311868207.6377 -0.3543 -2.2733 2.8811 0.0250 0.8074 0.5895 -0.0054
1311868207.6738 -0.3580 -2.2700 2.8851 0.0247 0.8063 0.5910 -0.0049
1311868207.7058 -0.3621 -2.2666 2.8887 0.0237 0.8055 0.5921 -0.0047
1311868207.7378 -0.3661 -2.2634 2.8933 0.0222 0.8046 0.5933 -0.0046
1311868207.7737 -0.3697 -2.2607 2.8964 0.0206 0.8036 0.5948 -0.0051
1311868207.8058 -0.3724 -2.2582 2.8996 0.0202 0.8025 0.5963 -0.0062
1311868207.8379 -0.3771 -2.2554 2.9036 0.0203 0.8017 0.5974 -0.0070
1311868207.8739 -0.3809 -2.2531 2.9073 0.0187 0.8008 0.5986 -0.0085
1311868207.9057 -0.3835 -2.2514 2.9113 0.0170 0.7999 0.5998 -0.0099
1311868207.9378 -0.3862 -2.2501 2.9155 0.0152 0.7992 0.6008 -0.0112
1311868207.9738 -0.3879 -2.2491 2.9189 0.0142 0.7983 0.6020 -0.0124
1311868208.0058 -0.3911 -2.2483 2.9236 0.0139 0.7976 0.6029 -0.0128
1311868208.0377 -0.3938 -2.2470 2.9281 0.0133 0.7969 0.6039 -0.0132
1311868208.0737 -0.3965 -2.2464 2.9337 0.0122 0.7961 0.6049 -0.0129
1311868208.1377 -0.4022 -2.2443 2.9439 0.0079 0.7941 0.6076 -0.0114
1311868208.1738 -0.4049 -2.2427 2.9484 0.0049 0.7928 0.6094 -0.0109
1311868208.2378 -0.4095 -2.2414 2.9590 0.0006 0.7908 0.6120 -0.0117
1311868208.2739 -0.4109 -2.2410 2.9644 -0.0008 0.7896 0.6135 -0.0122
1311868208.3378 -0.4150 -2.2392 2.9766 -0.0002 0.7879 0.6157 -0.0117
1311868208.3738 -0.4174 -2.2386 2.9817 0.0010 0.7869 0.6169 -0.0106
1311868208.4379 -0.4250 -2.2369 2.9925 0.0035 0.7850 0.6195 -0.0093
1311868208.4739 -0.4290 -2.2357 2.9963 0.0043 0.7837 0.6211 -0.0091
1311868208.5379 -0.4363 -2.2328 3.0052 0.0055 0.7827 0.6223 -0.0102
1311868208.5739 -0.4402 -2.2314 3.0086 0.0053 0.7829 0.6221 -0.0098
1311868208.6378 -0.4515 -2.2305 3.0237 0.0092 0.7825 0.6225 -0.0087
1311868208.6739 -0.4552 -2.2269 3.0277 0.0110 0.7806 0.6249 -0.0088
1311868208.7378 -0.4619 -2.2221 3.0358 0.0138 0.7768 0.6295 -0.0090
1311868208.7740 -0.4666 -2.2193 3.0403 0.0134 0.7749 0.6319 -0.0086
1311868208.8378 -0.4723 -2.2131 3.0472 0.0143 0.7713 0.6363 -0.0110
1311868208.8738 -0.4748 -2.2101 3.0529 0.0149 0.7694 0.6384 -0.0113
1311868208.9377 -0.4785 -2.2004 3.0588 0.0167 0.7666 0.6418 -0.0124
1311868208.9738 -0.4807 -2.1964 3.0623 0.0183 0.7656 0.6429 -0.0133
1311868209.0378 -0.4857 -2.1876 3.0674 0.0158 0.7636 0.6453 -0.0142
1311868209.0738 -0.4877 -2.1838 3.0723 0.0148 0.7628 0.6463 -0.0160
1311868209.1378 -0.4904 -2.1732 3.0787 0.0152 0.7600 0.6495 -0.0194
1311868209.1738 -0.4928 -2.1691 3.0831 0.0154 0.7588 0.6509 -0.0194
1311868209.2378 -0.4932 -2.1553 3.0843 0.0143 0.7554 0.6549 -0.0173
1311868209.2738 -0.4948 -2.1492 3.0843 0.0142 0.7545 0.6560 -0.0164
1311868209.3058 -0.4979 -2.1438 3.0851 0.0145 0.7535 0.6570 -0.0157
1311868209.3419 -0.4992 -2.1366 3.0833 0.0150 0.7524 0.6583 -0.0170
1311868209.4058 -0.5068 -2.1251 3.0878 0.0202 0.7510 0.6596 -0.0215
1311868209.4420 -0.5097 -2.1182 3.0894 0.0224 0.7501 0.6606 -0.0226
1311868209.5058 -0.5146 -2.1034 3.0867 0.0249 0.7500 0.6605 -0.0235
1311868209.5418 -0.5207 -2.0994 3.0888 0.0258 0.7507 0.6598 -0.0216
1311868209.6060 -0.5264 -2.0873 3.0863 0.0272 0.7508 0.6596 -0.0195
1311868209.6421 -0.5297 -2.0822 3.0859 0.0302 0.7504 0.6600 -0.0189
1311868209.7059 -0.5374 -2.0735 3.0811 0.0333 0.7491 0.6615 -0.0131
1311868209.7420 -0.5389 -2.0682 3.0759 0.0326 0.7485 0.6622 -0.0119
1311868209.8058 -0.5466 -2.0617 3.0695 0.0282 0.7488 0.6621 -0.0099
1311868209.8419 -0.5483 -2.0577 3.0693 0.0248 0.7493 0.6617 -0.0109
1311868209.9058 -0.5492 -2.0480 3.0677 0.0193 0.7503 0.6606 -0.0134
1311868209.9421 -0.5503 -2.0450 3.0713 0.0193 0.7522 0.6585 -0.0136
1311868210.0059 -0.5504 -2.0372 3.0714 0.0211 0.7537 0.6567 -0.0124
1311868210.0420 -0.5527 -2.0351 3.0720 0.0228 0.7546 0.6557 -0.0110
1311868210.0738 -0.5534 -2.0312 3.0710 0.0227 0.7551 0.6551 -0.0095
1311868210.1059 -0.5563 -2.0296 3.0711 0.0222 0.7558 0.6544 -0.0077
1311868210.1419 -0.5584 -2.0268 3.0701 0.0205 0.7558 0.6544 -0.0068
1311868210.1739 -0.5581 -2.0220 3.0707 0.0187 0.7563 0.6539 -0.0069
1311868210.2058 -0.5597 -2.0198 3.0729 0.0185 0.7570 0.6531 -0.0065
1311868210.2419 -0.5601 -2.0166 3.0745 0.0184 0.7570 0.6531 -0.0059
1311868210.3060 -0.5614 -2.0111 3.0779 0.0207 0.7564 0.6538 -0.0042
1311868210.3419 -0.5632 -2.0094 3.0792 0.0218 0.7552 0.6551 -0.0023
1311868210.4059 -0.5659 -2.0054 3.0779 0.0224 0.7527 0.6580 0.0003
1311868210.4420 -0.5669 -2.0033 3.0785 0.0221 0.7516 0.6593 0.0010
1311868210.4739 -0.5662 -2.0000 3.0768 0.0212 0.7508 0.6602 0.0012
1311868210.5059 -0.5655 -1.9968 3.0773 0.0214 0.7510 0.6599 0.0007
1311868210.5419 -0.5647 -1.9952 3.0780 0.0231 0.7514 0.6595 0.0007
1311868210.5739 -0.5671 -1.9941 3.0796 0.0259 0.7515 0.6592 0.0016
1311868210.6060 -0.5676 -1.9931 3.0788 0.0282 0.7512 0.6595 0.0024
1311868210.6420 -0.5719 -1.9930 3.0790 0.0302 0.7509 0.6598 0.0043
1311868210.6739 -0.5736 -1.9912 3.0765 0.0297 0.7505 0.6602 0.0063
1311868210.7059 -0.5752 -1.9911 3.0756 0.0284 0.7508 0.6598 0.0080
1311868210.7421 -0.5766 -1.9902 3.0749 0.0268 0.7515 0.6592 0.0095
1311868210.7740 -0.5776 -1.9897 3.0747 0.0253 0.7524 0.6581 0.0114
1311868210.8059 -0.5797 -1.9900 3.0752 0.0241 0.7534 0.6570 0.0140
1311868210.8419 -0.5817 -1.9889 3.0745 0.0233 0.7543 0.6559 0.0166
1311868210.8740 -0.5842 -1.9895 3.0748 0.0231 0.7554 0.6545 0.0190
1311868210.9058 -0.5895 -1.9901 3.0776 0.0240 0.7563 0.6534 0.0224
1311868210.9420 -0.5921 -1.9895 3.0753 0.0239 0.7561 0.6536 0.0256
1311868210.9742 -0.5981 -1.9902 3.0757 0.0249 0.7563 0.6531 0.0279
1311868211.0058 -0.6065 -1.9912 3.0748 0.0249 0.7557 0.6537 0.0310
1311868211.0419 -0.6117 -1.9905 3.0728 0.0226 0.7552 0.6543 0.0329
1311868211.0740 -0.6183 -1.9899 3.0733 0.0212 0.7552 0.6542 0.0342
1311868211.1060 -0.6245 -1.9884 3.0736 0.0197 0.7554 0.6541 0.0356
1311868211.1420 -0.6297 -1.9880 3.0762 0.0191 0.7557 0.6536 0.0365
1311868211.1741 -0.6348 -1.9864 3.0764 0.0197 0.7554 0.6539 0.0373
1311868211.2058 -0.6435 -1.9864 3.0786 0.0217 0.7556 0.6535 0.0385
1311868211.2420 -0.6542 -1.9871 3.0813 0.0232 0.7552 0.6537 0.0414
1311868211.2741 -0.6611 -1.9880 3.0806 0.0225 0.7543 0.6546 0.0442
1311868211.3061 -0.6748 -1.9887 3.0811 0.0216 0.7537 0.6551 0.0484
1311868211.3422 -0.6840 -1.9891 3.0804 0.0189 0.7532 0.6555 0.0508
1311868211.3741 -0.6917 -1.9890 3.0818 0.0173 0.7531 0.6557 0.0510
1311868211.4061 -0.6978 -1.9898 3.0854 0.0169 0.7533 0.6555 0.0503
1311868211.4422 -0.7100 -1.9894 3.0882 0.0174 0.7531 0.6556 0.0524
1311868211.4739 -0.7218 -1.9894 3.0881 0.0171 0.7526 0.6560 0.0552
1311868211.5059 -0.7284 -1.9899 3.0898 0.0158 0.7527 0.6557 0.0566
1311868211.5419 -0.7380 -1.9901 3.0910 0.0147 0.7529 0.6554 0.0588
1311868211.5740 -0.7450 -1.9904 3.0915 0.0133 0.7529 0.6553 0.0598
1311868211.6060 -0.7525 -1.9913 3.0939 0.0127 0.7532 0.6548 0.0605
1311868211.6420 -0.7600 -1.9919 3.0968 0.0130 0.7531 0.6549 0.0615
1311868211.6740 -0.7679 -1.9928 3.0991 0.0130 0.7527 0.6553 0.0631
1311868211.7060 -0.7764 -1.9938 3.1011 0.0129 0.7520 0.6559 0.0647
1311868211.7421 -0.7843 -1.9941 3.1016 0.0118 0.7510 0.6569 0.0659
1311868211.7740 -0.7923 -1.9946 3.1038 0.0108 0.7505 0.6575 0.0662
1311868211.8062 -0.7980 -1.9946 3.1059 0.0102 0.7500 0.6581 0.0652
1311868211.8421 -0.8060 -1.9947 3.1094 0.0110 0.7501 0.6581 0.0646
1311868211.8739 -0.8147 -1.9959 3.1134 0.0123 0.7499 0.6583 0.0651
1311868211.9060 -0.8219 -1.9963 3.1149 0.0128 0.7490 0.6592 0.0659
1311868211.9423 -0.8309 -1.9965 3.1165 0.0135 0.7485 0.6597 0.0664
1311868211.9740 -0.8388 -1.9982 3.1187 0.0133 0.7481 0.6601 0.0663
1311868212.0059 -0.8466 -1.9987 3.1199 0.0119 0.7474 0.6609 0.0663
1311868212.0422 -0.8533 -1.9983 3.1223 0.0112 0.7473 0.6612 0.0652
1311868212.0740 -0.8586 -1.9995 3.1253 0.0114 0.7471 0.6616 0.0633
1311868212.1059 -0.8695 -2.0003 3.1294 0.0126 0.7467 0.6620 0.0640
1311868212.1421 -0.8728 -2.0001 3.1286 0.0111 0.7456 0.6632 0.0645
1311868212.1740 -0.8752 -2.0003 3.1290 0.0099 0.7454 0.6635 0.0631
1311868212.2061 -0.8814 -2.0014 3.1314 0.0104 0.7456 0.6635 0.0618
1311868212.2423 -0.8866 -2.0016 3.1329 0.0103 0.7455 0.6635 0.0618
1311868212.2743 -0.8912 -2.0025 3.1331 0.0100 0.7456 0.6635 0.0622
1311868212.3060 -0.8961 -2.0030 3.1336 0.0097 0.7458 0.6632 0.0624
1311868212.3421 -0.9012 -2.0042 3.1335 0.0087 0.7460 0.6630 0.0629
1311868212.3742 -0.9048 -2.0039 3.1341 0.0081 0.7464 0.6627 0.0614
1311868212.4061 -0.9096 -2.0038 3.1343 0.0093 0.7465 0.6627 0.0587
1311868212.4421 -0.9165 -2.0039 3.1347 0.0106 0.7467 0.6626 0.0569
1311868212.4740 -0.9180 -2.0027 3.1326 0.0106 0.7467 0.6629 0.0547
1311868212.5060 -0.9233 -2.0024 3.1318 0.0114 0.7473 0.6622 0.0534
1311868212.5422 -0.9275 -2.0027 3.1314 0.0113 0.7479 0.6616 0.0529
1311868212.5740 -0.9310 -2.0019 3.1295 0.0107 0.7482 0.6613 0.0523
1311868212.6061 -0.9337 -2.0016 3.1283 0.0109 0.7489 0.6607 0.0501
1311868212.6421 -0.9382 -2.0019 3.1270 0.0115 0.7491 0.6606 0.0479
1311868212.6742 -0.9412 -2.0004 3.1251 0.0111 0.7493 0.6605 0.0465
1311868212.7069 -0.9438 -1.9999 3.1239 0.0109 0.7500 0.6598 0.0453
1311868212.7422 -0.9481 -1.9994 3.1231 0.0109 0.7506 0.6591 0.0447
1311868212.7739 -0.9509 -1.9991 3.1211 0.0101 0.7508 0.6590 0.0441
1311868212.8060 -0.9548 -1.9976 3.1188 0.0099 0.7511 0.6587 0.0437
1311868212.8421 -0.9588 -1.9971 3.1167 0.0094 0.7510 0.6587 0.0435
1311868212.8741 -0.9621 -1.9960 3.1136 0.0081 0.7511 0.6587 0.0434
1311868212.9062 -0.9663 -1.9954 3.1119 0.0068 0.7513 0.6585 0.0433
1311868212.9421 -0.9673 -1.9927 3.1067 0.0048 0.7511 0.6588 0.0426
1311868212.9742 -0.9710 -1.9919 3.1077 0.0049 0.7523 0.6575 0.0414
1311868213.0062 -0.9748 -1.9902 3.1070 0.0060 0.7524 0.6574 0.0413
1311868213.0422 -0.9763 -1.9882 3.1050 0.0073 0.7524 0.6574 0.0416
1311868213.0740 -0.9806 -1.9869 3.1005 0.0084 0.7518 0.6579 0.0432
1311868213.1061 -0.9845 -1.9849 3.0948 0.0079 0.7515 0.6581 0.0453
1311868213.1421 -0.9873 -1.9828 3.0906 0.0067 0.7517 0.6577 0.0474
1311868213.1742 -0.9892 -1.9801 3.0854 0.0049 0.7523 0.6570 0.0496
1311868213.2063 -0.9904 -1.9779 3.0821 0.0043 0.7534 0.6555 0.0515
1311868213.2422 -0.9942 -1.9753 3.0784 0.0049 0.7544 0.6542 0.0540
1311868213.2740 -0.9967 -1.9726 3.0722 0.0051 0.7551 0.6531 0.0564
1311868213.3062 -1.0023 -1.9715 3.0678 0.0050 0.7563 0.6515 0.0595
1311868213.3424 -1.0064 -1.9698 3.0635 0.0042 0.7571 0.6504 0.0618
1311868213.3744 -1.0119 -1.9679 3.0618 0.0047 0.7576 0.6496 0.0633
1311868213.4060 -1.0146 -1.9650 3.0593 0.0054 0.7575 0.6497 0.0640
1311868213.4423 -1.0200 -1.9623 3.0552 0.0065 0.7568 0.6503 0.0658
1311868213.4745 -1.0256 -1.9602 3.0502 0.0061 0.7560 0.6509 0.0689
1311868213.5063 -1.0303 -1.9581 3.0452 0.0043 0.7552 0.6515 0.0720
1311868213.5422 -1.0329 -1.9555 3.0416 0.0023 0.7548 0.6517 0.0741
1311868213.5743 -1.0362 -1.9526 3.0388 0.0008 0.7546 0.6517 0.0761
1311868213.6084 -1.0403 -1.9504 3.0351 -0.0008 0.7543 0.6518 0.0789
1311868213.6421 -1.0418 -1.9475 3.0300 -0.0031 0.7540 0.6519 0.0809
1311868213.6742 -1.0437 -1.9446 3.0261 -0.0047 0.7545 0.6511 0.0819
1311868213.7063 -1.0474 -1.9417 3.0240 -0.0047 0.7554 0.6501 0.0827
1311868213.7422 -1.0492 -1.9385 3.0226 -0.0037 0.7561 0.6492 0.0825
1311868213.7741 -1.0518 -1.9359 3.0208 -0.0009 0.7566 0.6487 0.0822
1311868213.8062 -1.0545 -1.9340 3.0166 0.0018 0.7565 0.6488 0.0820
1311868213.8422 -1.0590 -1.9322 3.0125 0.0040 0.7566 0.6486 0.0827
1311868213.8741 -1.0622 -1.9309 3.0080 0.0044 0.7568 0.6483 0.0837
1311868213.9063 -1.0654 -1.9293 3.0046 0.0045 0.7573 0.6476 0.0842
1311868213.9422 -1.0683 -1.9283 3.0014 0.0043 0.7579 0.6468 0.0849
1311868213.9741 -1.0693 -1.9265 2.9986 0.0032 0.7591 0.6453 0.0859
1311868214.0063 -1.0697 -1.9249 2.9975 0.0036 0.7609 0.6430 0.0874
1311868214.0422 -1.0731 -1.9245 2.9966 0.0052 0.7620 0.6412 0.0904
1311868214.0741 -1.0744 -1.9232 2.9959 0.0079 0.7627 0.6401 0.0916
1311868214.1062 -1.0764 -1.9222 2.9961 0.0127 0.7630 0.6398 0.0916
1311868214.1423 -1.0790 -1.9213 2.9947 0.0171 0.7623 0.6404 0.0923
1311868214.1740 -1.0787 -1.9184 2.9939 0.0213 0.7618 0.6407 0.0932
1311868214.2063 -1.0849 -1.9179 2.9899 0.0247 0.7607 0.6412 0.0976
1311868214.2422 -1.0859 -1.9171 2.9854 0.0244 0.7603 0.6412 0.1012
1311868214.2742 -1.0893 -1.9163 2.9809 0.0239 0.7602 0.6409 0.1034
1311868214.3064 -1.0910 -1.9151 2.9780 0.0233 0.7608 0.6404 0.1028
1311868214.3423 -1.0941 -1.9143 2.9768 0.0232 0.7612 0.6399 0.1025
1311868214.3742 -1.0951 -1.9132 2.9776 0.0235 0.7616 0.6394 0.1027
1311868214.4062 -1.0958 -1.9118 2.9758 0.0251 0.7613 0.6396 0.1035
1311868214.4422 -1.0981 -1.9104 2.9735 0.0267 0.7613 0.6392 0.1056
1311868214.4743 -1.1020 -1.9095 2.9715 0.0268 0.7614 0.6385 0.1091
1311868214.5066 -1.1050 -1.9087 2.9695 0.0251 0.7615 0.6378 0.1125
1311868214.5423 -1.1061 -1.9068 2.9663 0.0233 0.7617 0.6374 0.1142
1311868214.5744 -1.1095 -1.9062 2.9663 0.0229 0.7623 0.6364 0.1156
1311868214.6064 -1.1111 -1.9047 2.9647 0.0227 0.7624 0.6357 0.1187
1311868214.6423 -1.1140 -1.9033 2.9630 0.0229 0.7625 0.6347 0.1231
1311868214.6744 -1.1165 -1.9014 2.9598 0.0232 0.7624 0.6340 0.1274
1311868214.7062 -1.1211 -1.9001 2.9566 0.0237 0.7624 0.6331 0.1314
1311868214.7423 -1.1240 -1.8986 2.9536 0.0237 0.7627 0.6320 0.1351
1311868214.7745 -1.1296 -1.8975 2.9495 0.0232 0.7629 0.6307 0.1403
1311868214.8065 -1.1329 -1.8957 2.9459 0.0216 0.7633 0.6289 0.1460
1311868214.8423 -1.1346 -1.8943 2.9433 0.0198 0.7642 0.6267 0.1512
1311868214.8743 -1.1368 -1.8943 2.9424 0.0199 0.7650 0.6248 0.1551
1311868214.9063 -1.1414 -1.8938 2.9399 0.0211 0.7643 0.6244 0.1598
1311868214.9422 -1.1454 -1.8919 2.9377 0.0218 0.7635 0.6241 0.1649
1311868214.9744 -1.1494 -1.8895 2.9346 0.0200 0.7627 0.6235 0.1707
1311868215.0064 -1.1524 -1.8876 2.9313 0.0159 0.7628 0.6222 0.1757
1311868215.0422 -1.1557 -1.8874 2.9285 0.0117 0.7632 0.6208 0.1787
1311868215.0742 -1.1592 -1.8863 2.9248 0.0094 0.7633 0.6201 0.1810
1311868215.1062 -1.1624 -1.8860 2.9213 0.0087 0.7636 0.6190 0.1833
1311868215.1423 -1.1669 -1.8862 2.9174 0.0086 0.7638 0.6177 0.1871
1311868215.1743 -1.1707 -1.8859 2.9134 0.0076 0.7638 0.6163 0.1919
1311868215.2064 -1.1749 -1.8861 2.9100 0.0064 0.7638 0.6150 0.1959
1311868215.2423 -1.1744 -1.8861 2.9085 0.0048 0.7644 0.6136 0.1979
1311868215.2744 -1.1827 -1.8859 2.9012 0.0038 0.7637 0.6132 0.2017
1311868215.3064 -1.1835 -1.8848 2.8960 0.0022 0.7635 0.6129 0.2036
1311868215.3425 -1.1821 -1.8883 2.8962 0.0012 0.7640 0.6120 0.2043
1311868215.3742 -1.1879 -1.8869 2.8884 0.0011 0.7623 0.6127 0.2085
1311868215.4064 -1.1885 -1.8861 2.8809 0.0008 0.7615 0.6128 0.2113
1311868215.4423 -1.1870 -1.8877 2.8786 0.0009 0.7617 0.6120 0.2127
1311868215.4745 -1.1881 -1.8872 2.8739 -0.0001 0.7619 0.6108 0.2154
1311868215.5063 -1.1879 -1.8884 2.8683 -0.0019 0.7626 0.6091 0.2178
1311868215.5423 -1.1886 -1.8909 2.8627 -0.0022 0.7630 0.6081 0.2192
1311868215.5741 -1.1885 -1.8926 2.8565 -0.0011 0.7628 0.6082 0.2197
1311868215.6062 -1.1881 -1.8923 2.8509 0.0003 0.7633 0.6072 0.2205
1311868215.6424 -1.1890 -1.8947 2.8447 0.0016 0.7643 0.6048 0.2237
1311868215.6745 -1.1884 -1.8965 2.8402 0.0015 0.7646 0.6024 0.2289
1311868215.7065 -1.1884 -1.8985 2.8348 0.0015 0.7645 0.6007 0.2339
1311868215.7422 -1.1876 -1.8996 2.8298 0.0015 0.7643 0.5996 0.2374
1311868215.7747 -1.1867 -1.9000 2.8260 0.0009 0.7645 0.5981 0.2403
1311868215.8066 -1.1865 -1.9008 2.8214 -0.0001 0.7649 0.5962 0.2438
1311868215.8423 -1.1845 -1.9014 2.8167 -0.0007 0.7653 0.5951 0.2454
1311868215.8742 -1.1844 -1.9035 2.8113 0.0012 0.7654 0.5947 0.2460
1311868215.9064 -1.1832 -1.9043 2.8061 0.0024 0.7651 0.5943 0.2479
1311868215.9424 -1.1826 -1.9061 2.7996 0.0037 0.7650 0.5935 0.2500
1311868215.9743 -1.1819 -1.9080 2.7936 0.0044 0.7648 0.5931 0.2517
1311868216.0065 -1.1811 -1.9107 2.7867 0.0050 0.7643 0.5935 0.2523
1311868216.0425 -1.1806 -1.9124 2.7797 0.0062 0.7639 0.5936 0.2530
1311868216.0742 -1.1803 -1.9144 2.7723 0.0065 0.7639 0.5934 0.2538
1311868216.1063 -1.1800 -1.9148 2.7661 0.0071 0.7643 0.5931 0.2529
1311868216.1424 -1.1797 -1.9163 2.7596 0.0086 0.7656 0.5923 0.2509
1311868216.1742 -1.1815 -1.9198 2.7557 0.0101 0.7668 0.5909 0.2506
1311868216.2063 -1.1817 -1.9222 2.7509 0.0105 0.7667 0.5905 0.2518
1311868216.2429 -1.1816 -1.9231 2.7442 0.0121 0.7670 0.5900 0.2520
1311868216.2759 -1.1830 -1.9262 2.7393 0.0138 0.7678 0.5888 0.2522
1311868216.3067 -1.1841 -1.9282 2.7370 0.0142 0.7681 0.5876 0.2540
1311868216.3426 -1.1855 -1.9297 2.7327 0.0143 0.7677 0.5868 0.2573
1311868216.3743 -1.1863 -1.9301 2.7285 0.0152 0.7670 0.5865 0.2599
1311868216.4067 -1.1873 -1.9295 2.7235 0.0160 0.7666 0.5868 0.2604
1311868216.4423 -1.1887 -1.9287 2.7191 0.0158 0.7671 0.5866 0.2592
1311868216.4744 -1.1894 -1.9297 2.7142 0.0143 0.7682 0.5861 0.2571
1311868216.5064 -1.1919 -1.9301 2.7089 0.0137 0.7691 0.5858 0.2553
1311868216.5424 -1.1942 -1.9317 2.7031 0.0133 0.7697 0.5858 0.2536
1311868216.5743 -1.1961 -1.9331 2.6966 0.0147 0.7698 0.5862 0.2519
1311868216.6065 -1.1976 -1.9356 2.6933 0.0171 0.7704 0.5858 0.2510
1311868216.6425 -1.1991 -1.9371 2.6898 0.0189 0.7707 0.5852 0.2515
1311868216.6743 -1.2005 -1.9395 2.6860 0.0213 0.7712 0.5837 0.2531
1311868216.7066 -1.2036 -1.9407 2.6816 0.0240 0.7715 0.5822 0.2554
1311868216.7425 -1.2056 -1.9407 2.6763 0.0261 0.7726 0.5803 0.2562
1311868216.7743 -1.2085 -1.9428 2.6726 0.0282 0.7747 0.5778 0.2554
1311868216.8064 -1.2103 -1.9449 2.6695 0.0289 0.7765 0.5754 0.2551
1311868216.8425 -1.2121 -1.9474 2.6668 0.0292 0.7781 0.5730 0.2557
1311868216.8744 -1.2141 -1.9486 2.6647 0.0288 0.7791 0.5713 0.2564
1311868216.9064 -1.2152 -1.9493 2.6600 0.0274 0.7799 0.5703 0.2564
1311868216.9424 -1.2167 -1.9509 2.6570 0.0265 0.7814 0.5689 0.2552
1311868216.9746 -1.2176 -1.9529 2.6547 0.0266 0.7823 0.5685 0.2532
1311868217.0064 -1.2183 -1.9551 2.6541 0.0260 0.7830 0.5678 0.2525
1311868217.0424 -1.2210 -1.9563 2.6529 0.0243 0.7826 0.5684 0.2525
1311868217.0746 -1.2215 -1.9567 2.6496 0.0230 0.7814 0.5706 0.2514
1311868217.1067 -1.2212 -1.9566 2.6428 0.0220 0.7812 0.5718 0.2496
1311868217.1437 -1.2218 -1.9592 2.6399 0.0216 0.7828 0.5704 0.2479
1311868217.1746 -1.2226 -1.9606 2.6363 0.0213 0.7843 0.5689 0.2465
1311868217.2066 -1.2224 -1.9636 2.6308 0.0224 0.7868 0.5664 0.2443
1311868217.2424 -1.2240 -1.9675 2.6318 0.0231 0.7898 0.5625 0.2435
1311868217.2747 -1.2254 -1.9696 2.6306 0.0235 0.7916 0.5600 0.2433
1311868217.3073 -1.2265 -1.9719 2.6284 0.0244 0.7931 0.5583 0.2422
1311868217.3425 -1.2276 -1.9749 2.6271 0.0253 0.7950 0.5562 0.2409
1311868217.3743 -1.2286 -1.9769 2.6278 0.0255 0.7964 0.5543 0.2406
1311868217.4067 -1.2289 -1.9785 2.6262 0.0245 0.7974 0.5526 0.2414
1311868217.4425 -1.2304 -1.9795 2.6263 0.0229 0.7985 0.5506 0.2424
1311868217.4751 -1.2314 -1.9794 2.6247 0.0212 0.7989 0.5499 0.2427
1311868217.5066 -1.2311 -1.9796 2.6244 0.0216 0.7993 0.5498 0.2417
1311868217.5423 -1.2305 -1.9795 2.6251 0.0232 0.7988 0.5507 0.2411
1311868217.5743 -1.2298 -1.9782 2.6251 0.0238 0.7978 0.5517 0.2418
1311868217.6063 -1.2296 -1.9758 2.6232 0.0233 0.7968 0.5530 0.2424
1311868217.6424 -1.2291 -1.9739 2.6222 0.0232 0.7962 0.5542 0.2416
1311868217.6744 -1.2275 -1.9719 2.6209 0.0228 0.7955 0.5555 0.2408
1311868217.7064 -1.2253 -1.9701 2.6188 0.0222 0.7952 0.5561 0.2407
1311868217.7424 -1.2238 -1.9685 2.6189 0.0221 0.7952 0.5562 0.2406
1311868217.7755 -1.2220 -1.9664 2.6186 0.0218 0.7946 0.5569 0.2407
1311868217.8068 -1.2201 -1.9641 2.6175 0.0211 0.7944 0.5573 0.2407
1311868217.8425 -1.2185 -1.9621 2.6153 0.0197 0.7946 0.5571 0.2404
1311868217.8743 -1.2171 -1.9609 2.6147 0.0182 0.7956 0.5561 0.2398
1311868217.9065 -1.2159 -1.9599 2.6142 0.0170 0.7968 0.5548 0.2387
1311868217.9425 -1.2145 -1.9601 2.6144 0.0163 0.7981 0.5535 0.2376
1311868217.9751 -1.2125 -1.9603 2.6144 0.0170 0.7990 0.5525 0.2366
1311868218.0064 -1.2099 -1.9605 2.6156 0.0188 0.7999 0.5513 0.2363
1311868218.0424 -1.2088 -1.9602 2.6179 0.0200 0.8003 0.5500 0.2381
1311868218.0747 -1.2069 -1.9586 2.6167 0.0202 0.8004 0.5489 0.2400
1311868218.1065 -1.2059 -1.9571 2.6176 0.0210 0.8013 0.5472 0.2408
1311868218.1425 -1.2047 -1.9554 2.6193 0.0214 0.8021 0.5459 0.2412
1311868218.1746 -1.2034 -1.9532 2.6226 0.0215 0.8026 0.5450 0.2417
1311868218.2065 -1.2016 -1.9504 2.6242 0.0216 0.8023 0.5454 0.2417
1311868218.2425 -1.1995 -1.9482 2.6266 0.0231 0.8015 0.5464 0.2419
1311868218.2746 -1.1983 -1.9457 2.6284 0.0251 0.8001 0.5479 0.2431
1311868218.3065 -1.1985 -1.9427 2.6286 0.0268 0.7986 0.5493 0.2446
1311868218.3426 -1.1998 -1.9389 2.6291 0.0275 0.7974 0.5506 0.2454
1311868218.3748 -1.2005 -1.9360 2.6284 0.0275 0.7969 0.5513 0.2456
1311868218.4105 -1.2026 -1.9333 2.6295 0.0272 0.7968 0.5515 0.2454
1311868218.4425 -1.2044 -1.9302 2.6288 0.0277 0.7966 0.5523 0.2444
1311868218.4745 -1.2067 -1.9279 2.6315 0.0297 0.7965 0.5529 0.2428
1311868218.5104 -1.2087 -1.9255 2.6327 0.0311 0.7956 0.5544 0.2424
1311868218.5424 -1.2113 -1.9225 2.6330 0.0316 0.7947 0.5556 0.2426
1311868218.5744 -1.2135 -1.9194 2.6305 0.0328 0.7942 0.5567 0.2413
1311868218.6104 -1.2157 -1.9191 2.6323 0.0339 0.7955 0.5552 0.2402
1311868218.6425 -1.2181 -1.9186 2.6357 0.0335 0.7965 0.5533 0.2414
1311868218.6745 -1.2194 -1.9189 2.6378 0.0342 0.7965 0.5523 0.2437
1311868218.7104 -1.2219 -1.9185 2.6402 0.0367 0.7958 0.5514 0.2475
1311868218.7425 -1.2256 -1.9175 2.6408 0.0391 0.7951 0.5504 0.2514
1311868218.7745 -1.2297 -1.9159 2.6417 0.0402 0.7950 0.5489 0.2551
1311868218.8103 -1.2342 -1.9137 2.6425 0.0390 0.7953 0.5472 0.2579
1311868218.8424 -1.2388 -1.9124 2.6442 0.0375 0.7957 0.5461 0.2592
1311868218.8747 -1.2431 -1.9101 2.6463 0.0350 0.7957 0.5459 0.2601
1311868218.9103 -1.2465 -1.9078 2.6492 0.0312 0.7954 0.5462 0.2610
1311868218.9424 -1.2496 -1.9049 2.6513 0.0275 0.7939 0.5482 0.2618
1311868218.9745 -1.2522 -1.9017 2.6510 0.0242 0.7927 0.5496 0.2627
1311868219.0107 -1.2556 -1.8979 2.6522 0.0202 0.7924 0.5493 0.2645
1311868219.0428 -1.2590 -1.8938 2.6533 0.0169 0.7924 0.5488 0.2659
1311868219.0747 -1.2620 -1.8901 2.6549 0.0158 0.7923 0.5487 0.2664
1311868219.1107 -1.2649 -1.8857 2.6574 0.0169 0.7922 0.5487 0.2665
1311868219.1424 -1.2672 -1.8809 2.6608 0.0187 0.7917 0.5492 0.2671
1311868219.1745 -1.2693 -1.8757 2.6631 0.0199 0.7912 0.5494 0.2679
1311868219.2104 -1.2733 -1.8695 2.6660 0.0204 0.7910 0.5496 0.2681
1311868219.2426 -1.2756 -1.8635 2.6685 0.0219 0.7905 0.5507 0.2669
1311868219.2745 -1.2780 -1.8579 2.6728 0.0237 0.7902 0.5518 0.2654
1311868219.3106 -1.2799 -1.8523 2.6771 0.0246 0.7893 0.5535 0.2648
1311868219.3429 -1.2824 -1.8466 2.6806 0.0252 0.7881 0.5550 0.2651
1311868219.3746 -1.2844 -1.8410 2.6857 0.0250 0.7864 0.5569 0.2661
1311868219.4104 -1.2864 -1.8349 2.6886 0.0258 0.7841 0.5594 0.2676
1311868219.4425 -1.2881 -1.8295 2.6917 0.0287 0.7814 0.5622 0.2693
1311868219.4744 -1.2902 -1.8241 2.6960 0.0315 0.7785 0.5646 0.2723
1311868219.5105 -1.2924 -1.8174 2.6996 0.0333 0.7748 0.5677 0.2762
1311868219.5433 -1.2942 -1.8104 2.7012 0.0351 0.7714 0.5709 0.2789
1311868219.5748 -1.2963 -1.8041 2.7045 0.0368 0.7692 0.5731 0.2803
1311868219.6107 -1.2981 -1.7981 2.7076 0.0377 0.7669 0.5755 0.2814
1311868219.6429 -1.3002 -1.7931 2.7097 0.0393 0.7650 0.5777 0.2820
1311868219.6744 -1.3021 -1.7890 2.7126 0.0432 0.7627 0.5803 0.2823
1311868219.7108 -1.3041 -1.7834 2.7177 0.0470 0.7609 0.5815 0.2840
1311868219.7426 -1.3057 -1.7791 2.7233 0.0484 0.7596 0.5815 0.2872
1311868219.7745 -1.3065 -1.7747 2.7260 0.0481 0.7584 0.5816 0.2903
1311868219.8104 -1.3068 -1.7710 2.7287 0.0484 0.7580 0.5809 0.2926
1311868219.8428 -1.3078 -1.7676 2.7330 0.0497 0.7580 0.5800 0.2943
1311868219.8745 -1.3083 -1.7645 2.7364 0.0506 0.7578 0.5793 0.2958
1311868219.9106 -1.3092 -1.7619 2.7410 0.0520 0.7572 0.5794 0.2971
1311868219.9426 -1.3100 -1.7578 2.7459 0.0541 0.7565 0.5793 0.2985
1311868219.9749 -1.3114 -1.7553 2.7500 0.0564 0.7553 0.5797 0.3005
1311868220.0106 -1.3119 -1.7508 2.7553 0.0584 0.7542 0.5801 0.3023
1311868220.0428 -1.3131 -1.7484 2.7616 0.0599 0.7526 0.5812 0.3037
1311868220.0747 -1.3143 -1.7455 2.7664 0.0607 0.7498 0.5837 0.3055
1311868220.1106 -1.3143 -1.7404 2.7709 0.0602 0.7471 0.5863 0.3073
1311868220.1426 -1.3154 -1.7365 2.7754 0.0602 0.7451 0.5882 0.3087
1311868220.1747 -1.3165 -1.7322 2.7805 0.0602 0.7435 0.5896 0.3099
1311868220.2105 -1.3178 -1.7301 2.7858 0.0605 0.7412 0.5920 0.3106
1311868220.2425 -1.3195 -1.7238 2.7909 0.0617 0.7392 0.5938 0.3117
1311868220.2749 -1.3221 -1.7208 2.7979 0.0622 0.7380 0.5944 0.3133
1311868220.3107 -1.3235 -1.7164 2.8041 0.0608 0.7363 0.5953 0.3158
1311868220.3428 -1.3247 -1.7118 2.8100 0.0586 0.7360 0.5949 0.3178
1311868220.3750 -1.3268 -1.7104 2.8135 0.0568 0.7352 0.5950 0.3197
1311868220.4105 -1.3293 -1.7089 2.8182 0.0546 0.7337 0.5958 0.3220
1311868220.4426 -1.3308 -1.7066 2.8227 0.0523 0.7319 0.5970 0.3243
1311868220.4748 -1.3335 -1.7037 2.8269 0.0506 0.7302 0.5981 0.3264
1311868220.5109 -1.3364 -1.7023 2.8315 0.0495 0.7281 0.5997 0.3282
1311868220.5426 -1.3386 -1.7000 2.8354 0.0482 0.7254 0.6022 0.3299
1311868220.5745 -1.3408 -1.6966 2.8409 0.0466 0.7229 0.6047 0.3310
1311868220.6113 -1.3433 -1.6937 2.8446 0.0454 0.7208 0.6073 0.3310
1311868220.6426 -1.3457 -1.6919 2.8483 0.0431 0.7187 0.6098 0.3312
1311868220.6746 -1.3483 -1.6884 2.8514 0.0411 0.7172 0.6116 0.3314
1311868220.7106 -1.3506 -1.6886 2.8538 0.0402 0.7161 0.6134 0.3306
1311868220.7427 -1.3542 -1.6893 2.8557 0.0406 0.7140 0.6158 0.3307
1311868220.7745 -1.3579 -1.6875 2.8589 0.0410 0.7117 0.6177 0.3320
1311868220.8108 -1.3607 -1.6852 2.8622 0.0418 0.7102 0.6192 0.3325
1311868220.8427 -1.3647 -1.6846 2.8643 0.0430 0.7088 0.6207 0.3324
1311868220.8748 -1.3688 -1.6827 2.8661 0.0427 0.7070 0.6224 0.3331
1311868220.9107 -1.3719 -1.6801 2.8690 0.0418 0.7066 0.6228 0.3334
1311868220.9430 -1.3757 -1.6782 2.8713 0.0410 0.7070 0.6224 0.3333
1311868220.9749 -1.3803 -1.6776 2.8730 0.0401 0.7071 0.6222 0.3337
1311868221.0105 -1.3837 -1.6781 2.8741 0.0390 0.7065 0.6225 0.3345
1311868221.0426 -1.3863 -1.6766 2.8768 0.0380 0.7063 0.6222 0.3356
1311868221.0748 -1.3890 -1.6771 2.8781 0.0379 0.7061 0.6220 0.3363
1311868221.1106 -1.3921 -1.6767 2.8807 0.0378 0.7056 0.6222 0.3369
1311868221.1427 -1.3941 -1.6753 2.8832 0.0373 0.7053 0.6226 0.3370
1311868221.1746 -1.3964 -1.6746 2.8842 0.0374 0.7054 0.6227 0.3365
1311868221.2106 -1.3994 -1.6745 2.8857 0.0374 0.7053 0.6228 0.3365
1311868221.2427 -1.4018 -1.6721 2.8884 0.0369 0.7058 0.6221 0.3369
1311868221.2750 -1.4035 -1.6722 2.8897 0.0363 0.7066 0.6211 0.3372
1311868221.3114 -1.4055 -1.6733 2.8907 0.0356 0.7070 0.6204 0.3375
1311868221.3428 -1.4073 -1.6736 2.8918 0.0346 0.7068 0.6205 0.3381
1311868221.3749 -1.4092 -1.6722 2.8931 0.0339 0.7072 0.6198 0.3386
1311868221.4107 -1.4108 -1.6729 2.8935 0.0331 0.7081 0.6188 0.3385
1311868221.4428 -1.4135 -1.6748 2.8942 0.0328 0.7088 0.6182 0.3383
1311868221.4747 -1.4158 -1.6763 2.8945 0.0320 0.7083 0.6184 0.3389
1311868221.5110 -1.4178 -1.6752 2.8963 0.0311 0.7085 0.6180 0.3392
1311868221.5430 -1.4197 -1.6769 2.8976 0.0309 0.7089 0.6181 0.3383
1311868221.5747 -1.4211 -1.6771 2.8976 0.0309 0.7083 0.6190 0.3378
1311868221.6107 -1.4224 -1.6773 2.8987 0.0317 0.7084 0.6195 0.3368
1311868221.6426 -1.4243 -1.6768 2.8995 0.0327 0.7085 0.6198 0.3358
1311868221.6746 -1.4254 -1.6774 2.8998 0.0334 0.7091 0.6197 0.3348
1311868221.7115 -1.4272 -1.6792 2.9000 0.0336 0.7091 0.6201 0.3339
1311868221.7428 -1.4292 -1.6770 2.9008 0.0346 0.7098 0.6200 0.3326
1311868221.7759 -1.4315 -1.6780 2.9004 0.0351 0.7104 0.6199 0.3314
1311868221.8108 -1.4322 -1.6782 2.9007 0.0341 0.7107 0.6202 0.3302
1311868221.8427 -1.4326 -1.6791 2.9002 0.0338 0.7110 0.6213 0.3275
1311868221.8746 -1.4337 -1.6815 2.9002 0.0347 0.7108 0.6233 0.3241
1311868221.9108 -1.4357 -1.6807 2.8986 0.0362 0.7098 0.6254 0.3222
1311868221.9427 -1.4386 -1.6788 2.8977 0.0373 0.7099 0.6253 0.3220
1311868221.9753 -1.4406 -1.6785 2.8974 0.0374 0.7104 0.6244 0.3224
1311868222.0107 -1.4424 -1.6776 2.8968 0.0369 0.7115 0.6235 0.3220
1311868222.0428 -1.4439 -1.6799 2.8965 0.0363 0.7124 0.6232 0.3206
1311868222.0771 -1.4454 -1.6806 2.8946 0.0357 0.7117 0.6242 0.3202
1311868222.1107 -1.4474 -1.6778 2.8936 0.0363 0.7116 0.6245 0.3198
1311868222.1429 -1.4506 -1.6768 2.8920 0.0369 0.7119 0.6243 0.3196
1311868222.1750 -1.4526 -1.6744 2.8906 0.0359 0.7121 0.6243 0.3192
1311868222.2108 -1.4546 -1.6723 2.8895 0.0352 0.7131 0.6239 0.3177
1311868222.2427 -1.4573 -1.6730 2.8865 0.0352 0.7131 0.6247 0.3161
1311868222.2757 -1.4603 -1.6706 2.8840 0.0350 0.7124 0.6255 0.3163
1311868222.3109 -1.4621 -1.6693 2.8830 0.0347 0.7122 0.6259 0.3158
1311868222.3430 -1.4654 -1.6672 2.8793 0.0352 0.7111 0.6273 0.3156
1311868222.3753 -1.4688 -1.6639 2.8763 0.0362 0.7101 0.6285 0.3153
1311868222.4108 -1.4718 -1.6605 2.8733 0.0373 0.7095 0.6292 0.3151
1311868222.4427 -1.4750 -1.6590 2.8705 0.0382 0.7094 0.6294 0.3150
1311868222.4747 -1.4798 -1.6550 2.8656 0.0382 0.7086 0.6293 0.3168
1311868222.5108 -1.4821 -1.6537 2.8628 0.0372 0.7084 0.6286 0.3189
1311868222.5428 -1.4839 -1.6517 2.8598 0.0358 0.7079 0.6276 0.3219
1311868222.5747 -1.4878 -1.6481 2.8556 0.0349 0.7073 0.6263 0.3259
1311868222.6107 -1.4908 -1.6467 2.8516 0.0340 0.7066 0.6253 0.3296
1311868222.6430 -1.4937 -1.6433 2.8484 0.0324 0.7054 0.6246 0.3336
1311868222.6749 -1.4947 -1.6433 2.8461 0.0309 0.7045 0.6247 0.3353
1311868222.7108 -1.4967 -1.6428 2.8427 0.0311 0.7022 0.6268 0.3362
1311868222.7428 -1.4983 -1.6390 2.8407 0.0318 0.7003 0.6280 0.3379
1311868222.7749 -1.5035 -1.6332 2.8350 0.0325 0.6983 0.6280 0.3419
1311868222.8109 -1.5052 -1.6306 2.8332 0.0318 0.6976 0.6271 0.3451
1311868222.8429 -1.5093 -1.6270 2.8290 0.0310 0.6966 0.6265 0.3483
1311868222.8756 -1.5120 -1.6259 2.8259 0.0296 0.6956 0.6272 0.3490
1311868222.9107 -1.5142 -1.6229 2.8230 0.0287 0.6949 0.6281 0.3490
1311868222.9432 -1.5162 -1.6211 2.8191 0.0287 0.6940 0.6289 0.3493
1311868222.9748 -1.5201 -1.6180 2.8154 0.0295 0.6935 0.6280 0.3518
1311868223.0124 -1.5223 -1.6179 2.8114 0.0289 0.6925 0.6270 0.3555
1311868223.0438 -1.5243 -1.6139 2.8085 0.0284 0.6921 0.6259 0.3584
1311868223.0765 -1.5267 -1.6124 2.8056 0.0288 0.6929 0.6246 0.3590
1311868223.1109 -1.5290 -1.6140 2.8037 0.0285 0.6930 0.6243 0.3593
1311868223.1437 -1.5314 -1.6094 2.7986 0.0287 0.6922 0.6240 0.3614
1311868223.1748 -1.5336 -1.6095 2.7955 0.0293 0.6921 0.6233 0.3628
1311868223.2109 -1.5360 -1.6084 2.7932 0.0292 0.6911 0.6230 0.3653
1311868223.2427 -1.5373 -1.6057 2.7907 0.0291 0.6899 0.6231 0.3674
1311868223.2753 -1.5399 -1.6031 2.7887 0.0296 0.6893 0.6229 0.3686
1311868223.3107 -1.5423 -1.6003 2.7864 0.0292 0.6888 0.6230 0.3696
1311868223.3434 -1.5442 -1.5967 2.7848 0.0286 0.6888 0.6226 0.3702
1311868223.3755 -1.5456 -1.5949 2.7830 0.0282 0.6893 0.6218 0.3707
1311868223.4108 -1.5473 -1.5938 2.7804 0.0285 0.6892 0.6212 0.3719
1311868223.4441 -1.5491 -1.5917 2.7790 0.0294 0.6892 0.6203 0.3732
1311868223.4791 -1.5508 -1.5906 2.7770 0.0302 0.6891 0.6199 0.3741
1311868223.5112 -1.5531 -1.5893 2.7755 0.0306 0.6892 0.6197 0.3741
1311868223.5428 -1.5552 -1.5884 2.7744 0.0304 0.6895 0.6206 0.3723
1311868223.5763 -1.5572 -1.5849 2.7706 0.0309 0.6905 0.6203 0.3709
1311868223.6108 -1.5589 -1.5880 2.7683 0.0319 0.6915 0.6195 0.3702
1311868223.6427 -1.5601 -1.5875 2.7658 0.0328 0.6911 0.6191 0.3715
1311868223.6748 -1.5611 -1.5876 2.7647 0.0338 0.6913 0.6184 0.3723
1311868223.7109 -1.5628 -1.5877 2.7636 0.0356 0.6911 0.6186 0.3720
1311868223.7429 -1.5645 -1.5868 2.7622 0.0371 0.6907 0.6193 0.3717
1311868223.7749 -1.5668 -1.5854 2.7607 0.0383 0.6902 0.6198 0.3715
1311868223.8110 -1.5693 -1.5834 2.7599 0.0388 0.6900 0.6198 0.3719
1311868223.8428 -1.5711 -1.5829 2.7587 0.0393 0.6900 0.6194 0.3725
1311868223.8748 -1.5733 -1.5837 2.7584 0.0407 0.6895 0.6198 0.3727
1311868223.9109 -1.5750 -1.5846 2.7590 0.0423 0.6886 0.6204 0.3731
1311868223.9430 -1.5791 -1.5798 2.7561 0.0441 0.6872 0.6209 0.3746
1311868223.9751 -1.5824 -1.5775 2.7555 0.0458 0.6875 0.6209 0.3739
1311868224.0108 -1.5853 -1.5767 2.7549 0.0477 0.6881 0.6210 0.3722
1311868224.0437 -1.5908 -1.5738 2.7501 0.0497 0.6876 0.6212 0.3726
1311868224.0756 -1.5948 -1.5725 2.7480 0.0511 0.6875 0.6207 0.3735
1311868224.1108 -1.5997 -1.5712 2.7459 0.0525 0.6871 0.6199 0.3752
1311868224.1453 -1.6049 -1.5677 2.7428 0.0528 0.6864 0.6193 0.3775
1311868224.1748 -1.6093 -1.5658 2.7414 0.0517 0.6867 0.6180 0.3792
1311868224.2114 -1.6137 -1.5650 2.7384 0.0499 0.6867 0.6172 0.3808
1311868224.2429 -1.6186 -1.5617 2.7345 0.0489 0.6865 0.6166 0.3823
1311868224.2774 -1.6227 -1.5604 2.7299 0.0484 0.6865 0.6151 0.3847
1311868224.3115 -1.6286 -1.5571 2.7247 0.0481 0.6863 0.6126 0.3891
1311868224.3429 -1.6327 -1.5555 2.7219 0.0477 0.6868 0.6101 0.3922
1311868224.3749 -1.6373 -1.5550 2.7195 0.0482 0.6879 0.6080 0.3935
1311868224.4109 -1.6429 -1.5562 2.7160 0.0487 0.6875 0.6077 0.3945
1311868224.4429 -1.6480 -1.5542 2.7130 0.0488 0.6864 0.6081 0.3958
1311868224.4750 -1.6542 -1.5519 2.7094 0.0492 0.6856 0.6080 0.3974
1311868224.5118 -1.6613 -1.5485 2.7052 0.0482 0.6846 0.6070 0.4008
1311868224.5453 -1.6678 -1.5452 2.7028 0.0459 0.6843 0.6050 0.4044
1311868224.5747 -1.6739 -1.5423 2.6999 0.0434 0.6847 0.6033 0.4065
1311868224.6112 -1.6804 -1.5417 2.6960 0.0421 0.6850 0.6029 0.4068
1311868224.6431 -1.6872 -1.5394 2.6906 0.0423 0.6845 0.6032 0.4072
1311868224.6749 -1.6934 -1.5385 2.6876 0.0432 0.6842 0.6032 0.4076
1311868224.7108 -1.7023 -1.5350 2.6827 0.0439 0.6831 0.6028 0.4100
1311868224.7428 -1.7087 -1.5325 2.6802 0.0432 0.6825 0.6027 0.4113
1311868224.7756 -1.7158 -1.5277 2.6770 0.0425 0.6823 0.6027 0.4117
1311868224.8123 -1.7220 -1.5266 2.6739 0.0413 0.6824 0.6029 0.4113
1311868224.8427 -1.7276 -1.5248 2.6710 0.0396 0.6816 0.6034 0.4120
1311868224.8749 -1.7338 -1.5182 2.6645 0.0387 0.6808 0.6029 0.4142
1311868224.9121 -1.7393 -1.5172 2.6617 0.0378 0.6812 0.6017 0.4154
1311868224.9431 -1.7436 -1.5162 2.6586 0.0367 0.6813 0.6007 0.4168
1311868224.9783 -1.7486 -1.5148 2.6559 0.0361 0.6818 0.5995 0.4178
1311868225.0120 -1.7529 -1.5137 2.6530 0.0360 0.6823 0.5985 0.4182
1311868225.0454 -1.7583 -1.5131 2.6499 0.0366 0.6829 0.5976 0.4185
1311868225.0761 -1.7626 -1.5126 2.6466 0.0372 0.6830 0.5970 0.4193
1311868225.1112 -1.7675 -1.5111 2.6441 0.0378 0.6832 0.5958 0.4205
1311868225.1439 -1.7722 -1.5110 2.6423 0.0383 0.6836 0.5949 0.4212
1311868225.1760 -1.7772 -1.5104 2.6405 0.0386 0.6835 0.5946 0.4216
1311868225.2116 -1.7825 -1.5102 2.6392 0.0386 0.6833 0.5946 0.4221
1311868225.2429 -1.7877 -1.5082 2.6374 0.0385 0.6826 0.5945 0.4233
1311868225.2750 -1.7925 -1.5061 2.6353 0.0379 0.6820 0.5943 0.4246
1311868225.3108 -1.7974 -1.5053 2.6349 0.0369 0.6817 0.5937 0.4260
1311868225.3429 -1.8020 -1.5033 2.6341 0.0362 0.6814 0.5932 0.4271
1311868225.3794 -1.8058 -1.5051 2.6354 0.0355 0.6814 0.5933 0.4271
1311868225.4109 -1.8116 -1.5013 2.6320 0.0362 0.6801 0.5937 0.4286
1311868225.4434 -1.8161 -1.4994 2.6304 0.0367 0.6794 0.5939 0.4293
1311868225.4793 -1.8202 -1.4982 2.6290 0.0369 0.6788 0.5940 0.4302
1311868225.5109 -1.8245 -1.4967 2.6281 0.0371 0.6786 0.5935 0.4312
1311868225.5429 -1.8286 -1.4947 2.6259 0.0370 0.6783 0.5929 0.4325
1311868225.5764 -1.8316 -1.4965 2.6278 0.0366 0.6790 0.5920 0.4325
1311868225.6121 -1.8366 -1.4940 2.6230 0.0377 0.6779 0.5921 0.4341
1311868225.6442 -1.8405 -1.4947 2.6224 0.0386 0.6773 0.5921 0.4351
1311868225.6789 -1.8437 -1.4945 2.6216 0.0399 0.6761 0.5924 0.4364
1311868225.7113 -1.8474 -1.4943 2.6215 0.0408 0.6746 0.5927 0.4381
1311868225.7463 -1.8507 -1.4917 2.6204 0.0412 0.6731 0.5930 0.4400
1311868225.7769 -1.8535 -1.4897 2.6204 0.0416 0.6727 0.5925 0.4412
1311868225.8109 -1.8567 -1.4893 2.6198 0.0421 0.6720 0.5923 0.4426
1311868225.8429 -1.8602 -1.4875 2.6189 0.0426 0.6712 0.5916 0.4446
1311868225.8802 -1.8633 -1.4869 2.6186 0.0425 0.6706 0.5911 0.4462
1311868225.9108 -1.8669 -1.4857 2.6181 0.0425 0.6702 0.5909 0.4470
1311868225.9431 -1.8698 -1.4841 2.6168 0.0423 0.6699 0.5910 0.4474
1311868225.9770 -1.8724 -1.4825 2.6157 0.0425 0.6699 0.5908 0.4476
1311868226.0109 -1.8754 -1.4824 2.6142 0.0427 0.6695 0.5909 0.4480
1311868226.0438 -1.8779 -1.4806 2.6124 0.0425 0.6688 0.5902 0.4501
1311868226.0798 -1.8812 -1.4793 2.6115 0.0420 0.6685 0.5887 0.4525
1311868226.1151 -1.8842 -1.4787 2.6122 0.0407 0.6687 0.5878 0.4535
1311868226.1445 -1.8869 -1.4774 2.6116 0.0389 0.6691 0.5876 0.4533
1311868226.1789 -1.8887 -1.4755 2.6092 0.0379 0.6696 0.5884 0.4515
1311868226.2109 -1.8917 -1.4737 2.6055 0.0380 0.6699 0.5891 0.4502
1311868226.2473 -1.8939 -1.4698 2.6006 0.0382 0.6698 0.5886 0.4511
1311868226.2776 -1.8969 -1.4675 2.5978 0.0377 0.6711 0.5865 0.4518
1311868226.3110 -1.9010 -1.4678 2.5975 0.0369 0.6730 0.5852 0.4508
1311868226.3452 -1.9041 -1.4671 2.5949 0.0364 0.6740 0.5858 0.4486
1311868226.3816 -1.9054 -1.4686 2.5942 0.0367 0.6752 0.5872 0.4449
1311868226.4110 -1.9090 -1.4631 2.5850 0.0386 0.6738 0.5893 0.4441
1311868226.4441 -1.9118 -1.4585 2.5794 0.0400 0.6735 0.5905 0.4429
1311868226.4811 -1.9138 -1.4603 2.5805 0.0402 0.6748 0.5910 0.4402
1311868226.5110 -1.9170 -1.4554 2.5748 0.0406 0.6747 0.5915 0.4397
1311868226.5435 -1.9197 -1.4496 2.5633 0.0415 0.6737 0.5923 0.4401
1311868226.5766 -1.9218 -1.4476 2.5571 0.0420 0.6732 0.5926 0.4403
1311868226.6109 -1.9251 -1.4416 2.5512 0.0417 0.6730 0.5917 0.4418
1311868226.6443 -1.9279 -1.4389 2.5482 0.0402 0.6744 0.5905 0.4416
1311868226.6763 -1.9292 -1.4338 2.5383 0.0395 0.6743 0.5909 0.4412
1311868226.7111 -1.9318 -1.4325 2.5323 0.0394 0.6743 0.5914 0.4405
1311868226.7458 -1.9339 -1.4299 2.5257 0.0398 0.6725 0.5929 0.4412
1311868226.7785 -1.9349 -1.4249 2.5168 0.0418 0.6704 0.5944 0.4423
1311868226.8108 -1.9371 -1.4190 2.5068 0.0436 0.6683 0.5947 0.4447
1311868226.8443 -1.9384 -1.4136 2.4984 0.0440 0.6672 0.5933 0.4483
1311868226.8792 -1.9387 -1.4096 2.4902 0.0437 0.6674 0.5906 0.4515
1311868226.9109 -1.9411 -1.4068 2.4827 0.0434 0.6684 0.5879 0.4537
1311868226.9442 -1.9428 -1.4047 2.4755 0.0435 0.6692 0.5866 0.4541
1311868226.9763 -1.9441 -1.4019 2.4670 0.0440 0.6697 0.5864 0.4536
1311868227.0109 -1.9454 -1.3980 2.4579 0.0448 0.6697 0.5866 0.4532
1311868227.0471 -1.9473 -1.3932 2.4491 0.0451 0.6697 0.5863 0.4536
1311868227.0771 -1.9492 -1.3879 2.4402 0.0442 0.6703 0.5847 0.4548
1311868227.1109 -1.9512 -1.3833 2.4310 0.0421 0.6713 0.5824 0.4564
1311868227.1445 -1.9526 -1.3785 2.4230 0.0400 0.6729 0.5796 0.4579
1311868227.1791 -1.9534 -1.3767 2.4139 0.0400 0.6736 0.5785 0.4583
1311868227.2109 -1.9535 -1.3761 2.4062 0.0417 0.6727 0.5792 0.4586
1311868227.2474 -1.9532 -1.3721 2.3992 0.0456 0.6715 0.5797 0.4593
1311868227.2766 -1.9544 -1.3686 2.3922 0.0490 0.6699 0.5799 0.4610
1311868227.3117 -1.9549 -1.3646 2.3873 0.0504 0.6691 0.5795 0.4625
1311868227.3479 -1.9550 -1.3593 2.3815 0.0520 0.6695 0.5791 0.4623
1311868227.3778 -1.9560 -1.3560 2.3752 0.0528 0.6703 0.5781 0.4624
1311868227.4114 -1.9565 -1.3542 2.3699 0.0527 0.6706 0.5769 0.4634
1311868227.4467 -1.9565 -1.3510 2.3635 0.0538 0.6699 0.5763 0.4650
1311868227.4790 -1.9576 -1.3483 2.3580 0.0553 0.6686 0.5759 0.4671
1311868227.5109 -1.9582 -1.3449 2.3533 0.0565 0.6673 0.5757 0.4691
1311868227.5474 -1.9592 -1.3397 2.3477 0.0578 0.6663 0.5747 0.4716
1311868227.5791 -1.9602 -1.3379 2.3437 0.0582 0.6658 0.5732 0.4740
1311868227.6109 -1.9619 -1.3356 2.3392 0.0584 0.6646 0.5722 0.4770
1311868227.6443 -1.9629 -1.3316 2.3348 0.0591 0.6633 0.5714 0.4797
1311868227.6790 -1.9641 -1.3298 2.3307 0.0591 0.6622 0.5699 0.4830
1311868227.7110 -1.9655 -1.3276 2.3267 0.0586 0.6606 0.5681 0.4873
1311868227.7443 -1.9663 -1.3247 2.3228 0.0588 0.6590 0.5669 0.4908
1311868227.7792 -1.9685 -1.3223 2.3188 0.0597 0.6574 0.5657 0.4942
1311868227.8137 -1.9708 -1.3210 2.3145 0.0601 0.6550 0.5648 0.4983
1311868227.8443 -1.9731 -1.3168 2.3110 0.0599 0.6526 0.5635 0.5031
1311868227.8792 -1.9748 -1.3132 2.3063 0.0599 0.6508 0.5616 0.5074
1311868227.9125 -1.9782 -1.3092 2.3016 0.0589 0.6491 0.5589 0.5127
1311868227.9462 -1.9810 -1.3064 2.2972 0.0577 0.6477 0.5559 0.5178
1311868227.9793 -1.9836 -1.3052 2.2925 0.0569 0.6460 0.5540 0.5220
1311868228.0147 -1.9880 -1.3053 2.2879 0.0568 0.6437 0.5530 0.5260
1311868228.0449 -1.9919 -1.3027 2.2835 0.0572 0.6404 0.5527 0.5302
1311868228.0790 -1.9952 -1.2983 2.2784 0.0575 0.6376 0.5517 0.5346
1311868228.1127 -2.0001 -1.2952 2.2742 0.0572 0.6356 0.5497 0.5390
1311868228.1462 -2.0037 -1.2910 2.2692 0.0566 0.6342 0.5478 0.5427
1311868228.1790 -2.0084 -1.2882 2.2638 0.0565 0.6332 0.5459 0.5458
1311868228.2147 -2.0133 -1.2865 2.2594 0.0563 0.6325 0.5436 0.5489
1311868228.2461 -2.0194 -1.2843 2.2531 0.0563 0.6307 0.5415 0.5530
1311868228.2800 -2.0234 -1.2834 2.2504 0.0560 0.6297 0.5398 0.5558
1311868228.3124 -2.0285 -1.2831 2.2461 0.0564 0.6285 0.5385 0.5584
1311868228.3444 -2.0345 -1.2808 2.2421 0.0566 0.6274 0.5370 0.5612
1311868228.3790 -2.0412 -1.2804 2.2391 0.0559 0.6268 0.5360 0.5628
1311868228.4124 -2.0463 -1.2772 2.2348 0.0560 0.6263 0.5361 0.5632
1311868228.4445 -2.0516 -1.2755 2.2294 0.0566 0.6256 0.5369 0.5632
1311868228.4796 -2.0568 -1.2720 2.2237 0.0568 0.6241 0.5365 0.5651
1311868228.5152 -2.0621 -1.2678 2.2196 0.0553 0.6232 0.5345 0.5682
1311868228.5458 -2.0675 -1.2666 2.2162 0.0531 0.6236 0.5320 0.5704
1311868228.5796 -2.0752 -1.2643 2.2117 0.0509 0.6238 0.5298 0.5723
1311868228.6124 -2.0801 -1.2626 2.2081 0.0481 0.6244 0.5291 0.5727
1311868228.6453 -2.0849 -1.2607 2.2019 0.0461 0.6243 0.5288 0.5731
1311868228.6790 -2.0897 -1.2594 2.1964 0.0443 0.6235 0.5279 0.5749
1311868228.7149 -2.0949 -1.2579 2.1914 0.0431 0.6220 0.5273 0.5772
1311868228.7465 -2.0992 -1.2546 2.1865 0.0431 0.6207 0.5263 0.5796
1311868228.7791 -2.1052 -1.2531 2.1824 0.0429 0.6199 0.5252 0.5815
1311868228.8150 -2.1115 -1.2507 2.1787 0.0421 0.6192 0.5244 0.5830
1311868228.8447 -2.1159 -1.2472 2.1746 0.0415 0.6189 0.5238 0.5838
1311868228.8793 -2.1214 -1.2446 2.1710 0.0405 0.6189 0.5229 0.5847
1311868228.9127 -2.1261 -1.2410 2.1671 0.0393 0.6192 0.5219 0.5854
1311868228.9447 -2.1291 -1.2386 2.1631 0.0389 0.6196 0.5223 0.5846
1311868228.9791 -2.1329 -1.2370 2.1588 0.0399 0.6197 0.5239 0.5831
1311868229.0127 -2.1354 -1.2336 2.1549 0.0409 0.6194 0.5252 0.5822
1311868229.0445 -2.1367 -1.2292 2.1510 0.0422 0.6198 0.5262 0.5807
1311868229.0806 -2.1383 -1.2267 2.1461 0.0442 0.6210 0.5274 0.5781
1311868229.1155 -2.1388 -1.2233 2.1411 0.0469 0.6223 0.5284 0.5756
1311868229.1483 -2.1389 -1.2205 2.1345 0.0494 0.6229 0.5285 0.5746
1311868229.1841 -2.1403 -1.2196 2.1297 0.0501 0.6235 0.5268 0.5755
1311868229.2165 -2.1387 -1.2162 2.1256 0.0492 0.6245 0.5239 0.5771
1311868229.2490 -2.1385 -1.2171 2.1202 0.0493 0.6266 0.5220 0.5766
1311868229.2812 -2.1396 -1.2215 2.1145 0.0487 0.6272 0.5231 0.5750
1311868229.3152 -2.1424 -1.2299 2.1116 0.0462 0.6262 0.5265 0.5732
1311868229.3503 -2.1360 -1.2244 2.1037 0.0434 0.6223 0.5309 0.5736
1311868229.3810 -2.1300 -1.2234 2.0947 0.0432 0.6185 0.5357 0.5732
1311868229.4131 -2.1275 -1.2276 2.0891 0.0436 0.6127 0.5416 0.5739
1311868229.4448 -2.1181 -1.2186 2.0810 0.0441 0.6063 0.5447 0.5777
1311868229.4824 -2.1124 -1.2149 2.0763 0.0447 0.6046 0.5447 0.5794
1311868229.5126 -2.1063 -1.2112 2.0701 0.0443 0.6046 0.5441 0.5801
1311868229.5478 -2.1026 -1.2088 2.0653 0.0425 0.6071 0.5418 0.5797
1311868229.5806 -2.0975 -1.2100 2.0592 0.0396 0.6099 0.5408 0.5780
1311868229.6134 -2.0912 -1.2111 2.0518 0.0382 0.6112 0.5418 0.5757
1311868229.6475 -2.0842 -1.2116 2.0435 0.0379 0.6106 0.5433 0.5750
1311868229.6815 -2.0779 -1.2111 2.0373 0.0368 0.6101 0.5427 0.5761
1311868229.7125 -2.0703 -1.2110 2.0295 0.0353 0.6092 0.5428 0.5771
1311868229.7487 -2.0617 -1.2105 2.0213 0.0357 0.6084 0.5434 0.5773
1311868229.7825 -2.0557 -1.2121 2.0139 0.0357 0.6084 0.5434 0.5773
1311868229.8127 -2.0463 -1.2124 2.0052 0.0364 0.6080 0.5448 0.5764
1311868229.8445 -2.0380 -1.2130 1.9970 0.0385 0.6073 0.5457 0.5761
1311868229.8834 -2.0298 -1.2125 1.9902 0.0404 0.6075 0.5454 0.5760
1311868229.9145 -2.0239 -1.2165 1.9825 0.0423 0.6075 0.5460 0.5754
1311868229.9444 -2.0168 -1.2157 1.9768 0.0414 0.6075 0.5453 0.5761
1311868229.9824 -2.0076 -1.2160 1.9687 0.0412 0.6082 0.5445 0.5762
1311868230.0125 -2.0026 -1.2206 1.9609 0.0414 0.6077 0.5452 0.5760
1311868230.0470 -1.9954 -1.2203 1.9549 0.0399 0.6069 0.5461 0.5760
1311868230.0832 -1.9868 -1.2211 1.9466 0.0406 0.6063 0.5478 0.5751
1311868230.1136 -1.9827 -1.2239 1.9409 0.0400 0.6061 0.5489 0.5743
1311868230.1474 -1.9743 -1.2203 1.9361 0.0378 0.6072 0.5490 0.5731
1311868230.1806 -1.9650 -1.2180 1.9290 0.0384 0.6109 0.5476 0.5705
1311868230.2149 -1.9606 -1.2229 1.9197 0.0382 0.6147 0.5462 0.5677
1311868230.2454 -1.9545 -1.2246 1.9118 0.0362 0.6168 0.5457 0.5661
1311868230.2830 -1.9477 -1.2260 1.9043 0.0357 0.6185 0.5443 0.5656
1311868230.3125 -1.9457 -1.2309 1.8969 0.0349 0.6181 0.5441 0.5662
1311868230.3433 -1.9382 -1.2300 1.8897 0.0353 0.6160 0.5463 0.5663
1311868230.3821 -1.9338 -1.2332 1.8817 0.0374 0.6132 0.5488 0.5670
1311868230.4142 -1.9314 -1.2361 1.8748 0.0365 0.6094 0.5515 0.5684
1311868230.4432 -1.9256 -1.2358 1.8668 0.0367 0.6039 0.5579 0.5680
1311868230.4843 -1.9167 -1.2325 1.8587 0.0410 0.5986 0.5650 0.5663
1311868230.5127 -1.9090 -1.2280 1.8519 0.0458 0.5965 0.5700 0.5632
1311868230.5433 -1.9007 -1.2226 1.8446 0.0491 0.5978 0.5724 0.5591
1311868230.5820 -1.8986 -1.2240 1.8367 0.0499 0.6020 0.5729 0.5540
1311868230.6136 -1.8929 -1.2203 1.8295 0.0479 0.6046 0.5741 0.5500
1311868230.6434 -1.8845 -1.2177 1.8208 0.0504 0.6079 0.5724 0.5480
1311868230.6828 -1.8809 -1.2183 1.8123 0.0534 0.6100 0.5695 0.5484
1311868230.7131 -1.8747 -1.2168 1.8064 0.0576 0.6123 0.5662 0.5489
1311868230.7432 -1.8726 -1.2179 1.7993 0.0614 0.6142 0.5618 0.5509
1311868230.7832 -1.8701 -1.2171 1.7934 0.0611 0.6159 0.5579 0.5528
1311868230.8125 -1.8673 -1.2170 1.7875 0.0593 0.6178 0.5554 0.5535
1311868230.8432 -1.8650 -1.2170 1.7812 0.0568 0.6188 0.5542 0.5538
1311868230.8845 -1.8646 -1.2179 1.7758 0.0530 0.6184 0.5547 0.5541
1311868230.9128 -1.8583 -1.2150 1.7686 0.0473 0.6169 0.5550 0.5560
1311868230.9434 -1.8522 -1.2130 1.7607 0.0435 0.6169 0.5534 0.5580
1311868230.9839 -1.8476 -1.2110 1.7546 0.0415 0.6179 0.5514 0.5589
1311868231.0127 -1.8431 -1.2096 1.7475 0.0397 0.6198 0.5487 0.5596
1311868231.0434 -1.8396 -1.2089 1.7407 0.0370 0.6224 0.5449 0.5606
1311868231.0840 -1.8344 -1.2074 1.7339 0.0356 0.6257 0.5409 0.5610
1311868231.1155 -1.8338 -1.2096 1.7264 0.0358 0.6285 0.5385 0.5601
1311868231.1432 -1.8354 -1.2116 1.7215 0.0332 0.6291 0.5368 0.5612
1311868231.1806 -1.8326 -1.2111 1.7155 0.0258 0.6269 0.5362 0.5646
1311868231.2154 -1.8281 -1.2103 1.7076 0.0191 0.6247 0.5370 0.5667
1311868231.2431 -1.8247 -1.2100 1.7024 0.0148 0.6234 0.5395 0.5657
1311868231.2844 -1.8205 -1.2097 1.6975 0.0099 0.6217 0.5419 0.5654
1311868231.3133 -1.8168 -1.2096 1.6925 0.0040 0.6195 0.5428 0.5671
1311868231.3432 -1.8113 -1.2091 1.6882 -0.0019 0.6171 0.5434 0.5692
1311868231.3807 -1.8064 -1.2080 1.6844 -0.0071 0.6144 0.5444 0.5710
1311868231.4129 -1.7992 -1.2054 1.6802 -0.0111 0.6125 0.5458 0.5717
1311868231.4432 -1.7909 -1.2042 1.6754 -0.0124 0.6127 0.5471 0.5702
1311868231.4816 -1.7878 -1.2063 1.6709 -0.0121 0.6135 0.5478 0.5687
1311868231.5142 -1.7826 -1.2077 1.6665 -0.0131 0.6132 0.5482 0.5686
1311868231.5432 -1.7758 -1.2093 1.6628 -0.0134 0.6133 0.5476 0.5690
1311868231.5830 -1.7696 -1.2116 1.6593 -0.0134 0.6132 0.5464 0.5703
1311868231.6112 -1.7625 -1.2133 1.6552 -0.0136 0.6134 0.5442 0.5722
1311868231.6432 -1.7575 -1.2157 1.6513 -0.0141 0.6142 0.5418 0.5736
1311868231.6839 -1.7520 -1.2164 1.6479 -0.0165 0.6151 0.5403 0.5741
1311868231.7113 -1.7446 -1.2194 1.6446 -0.0190 0.6163 0.5405 0.5724
1311868231.7433 -1.7377 -1.2232 1.6407 -0.0201 0.6174 0.5407 0.5710
1311868231.7827 -1.7336 -1.2266 1.6378 -0.0216 0.6179 0.5407 0.5704
1311868231.8112 -1.7276 -1.2299 1.6351 -0.0220 0.6175 0.5431 0.5685
1311868231.8432 -1.7220 -1.2336 1.6334 -0.0207 0.6162 0.5463 0.5670
1311868231.8835 -1.7157 -1.2362 1.6309 -0.0195 0.6138 0.5487 0.5673
1311868231.9112 -1.7087 -1.2384 1.6278 -0.0195 0.6124 0.5483 0.5692
1311868231.9432 -1.7034 -1.2413 1.6247 -0.0200 0.6118 0.5474 0.5706
1311868231.9814 -1.6983 -1.2444 1.6215 -0.0217 0.6117 0.5466 0.5715
1311868232.0113 -1.6917 -1.2487 1.6189 -0.0244 0.6119 0.5454 0.5723
1311868232.0433 -1.6861 -1.2535 1.6159 -0.0264 0.6116 0.5440 0.5738
1311868232.0845 -1.6811 -1.2571 1.6139 -0.0277 0.6110 0.5432 0.5751
1311868232.1112 -1.6751 -1.2601 1.6119 -0.0290 0.6098 0.5426 0.5770
1311868232.1432 -1.6680 -1.2628 1.6088 -0.0302 0.6089 0.5420 0.5784
1311868232.1807 -1.6625 -1.2669 1.6061 -0.0303 0.6086 0.5424 0.5784
1311868232.2114 -1.6571 -1.2693 1.6045 -0.0299 0.6077 0.5434 0.5783
1311868232.2432 -1.6492 -1.2714 1.6020 -0.0296 0.6069 0.5443 0.5784
1311868232.2810 -1.6446 -1.2742 1.5996 -0.0294 0.6069 0.5444 0.5783
1311868232.3113 -1.6390 -1.2774 1.5985 -0.0292 0.6062 0.5457 0.5778
1311868232.3432 -1.6318 -1.2786 1.5958 -0.0294 0.6051 0.5468 0.5779
1311868232.3806 -1.6255 -1.2802 1.5931 -0.0291 0.6061 0.5473 0.5764
1311868232.4114 -1.6199 -1.2823 1.5911 -0.0272 0.6076 0.5490 0.5733
1311868232.4433 -1.6143 -1.2843 1.5887 -0.0258 0.6095 0.5500 0.5703
1311868232.4826 -1.6095 -1.2868 1.5873 -0.0254 0.6118 0.5502 0.5677
1311868232.5113 -1.6047 -1.2891 1.5857 -0.0253 0.6140 0.5499 0.5656
1311868232.5433 -1.6006 -1.2928 1.5849 -0.0254 0.6161 0.5500 0.5632
1311868232.5831 -1.5956 -1.2966 1.5838 -0.0252 0.6171 0.5504 0.5618
1311868232.6115 -1.5901 -1.3007 1.5815 -0.0249 0.6180 0.5498 0.5614
1311868232.6434 -1.5874 -1.3044 1.5813 -0.0235 0.6186 0.5495 0.5610
1311868232.6834 -1.5817 -1.3086 1.5783 -0.0222 0.6183 0.5501 0.5609
1311868232.7113 -1.5786 -1.3120 1.5772 -0.0192 0.6187 0.5499 0.5607
1311868232.7440 -1.5757 -1.3142 1.5762 -0.0165 0.6191 0.5492 0.5610
1311868232.7793 -1.5734 -1.3155 1.5754 -0.0158 0.6200 0.5473 0.5620
1311868232.8116 -1.5696 -1.3179 1.5747 -0.0170 0.6216 0.5445 0.5629
1311868232.8433 -1.5676 -1.3207 1.5751 -0.0176 0.6238 0.5416 0.5633
1311868232.8794 -1.5653 -1.3237 1.5761 -0.0177 0.6255 0.5394 0.5635
1311868232.9115 -1.5628 -1.3269 1.5767 -0.0167 0.6266 0.5375 0.5641
1311868232.9433 -1.5612 -1.3294 1.5778 -0.0145 0.6273 0.5358 0.5650
1311868232.9795 -1.5613 -1.3305 1.5793 -0.0123 0.6274 0.5344 0.5663
1311868233.0113 -1.5593 -1.3326 1.5805 -0.0111 0.6268 0.5338 0.5675
1311868233.0436 -1.5576 -1.3346 1.5808 -0.0095 0.6259 0.5323 0.5699
1311868233.0796 -1.5582 -1.3353 1.5819 -0.0082 0.6250 0.5306 0.5725
1311868233.1113 -1.5573 -1.3354 1.5811 -0.0083 0.6241 0.5290 0.5750
1311868233.1435 -1.5562 -1.3362 1.5798 -0.0083 0.6250 0.5270 0.5758
1311868233.1797 -1.5576 -1.3380 1.5804 -0.0063 0.6268 0.5256 0.5751
1311868233.2114 -1.5593 -1.3389 1.5817 -0.0049 0.6275 0.5251 0.5749
1311868233.2436 -1.5587 -1.3397 1.5809 -0.0037 0.6273 0.5242 0.5759
1311868233.2797 -1.5607 -1.3386 1.5809 -0.0014 0.6273 0.5233 0.5767
1311868233.3114 -1.5627 -1.3391 1.5818 0.0020 0.6273 0.5240 0.5761
1311868233.3435 -1.5645 -1.3387 1.5834 0.0055 0.6259 0.5251 0.5766
1311868233.3794 -1.5665 -1.3378 1.5844 0.0078 0.6240 0.5242 0.5795
1311868233.4114 -1.5707 -1.3349 1.5854 0.0096 0.6218 0.5219 0.5839
1311868233.4433 -1.5741 -1.3304 1.5850 0.0097 0.6200 0.5204 0.5871
1311868233.4794 -1.5770 -1.3272 1.5841 0.0098 0.6201 0.5191 0.5882
1311868233.5114 -1.5831 -1.3226 1.5852 0.0098 0.6209 0.5174 0.5887
1311868233.5434 -1.5876 -1.3200 1.5849 0.0087 0.6212 0.5176 0.5883
1311868233.5795 -1.5915 -1.3168 1.5845 0.0080 0.6209 0.5182 0.5881
1311868233.6115 -1.5971 -1.3134 1.5838 0.0079 0.6206 0.5181 0.5885
1311868233.6433 -1.6018 -1.3098 1.5827 0.0072 0.6200 0.5177 0.5895
1311868233.6795 -1.6082 -1.3062 1.5823 0.0073 0.6195 0.5164 0.5911
1311868233.7115 -1.6141 -1.3017 1.5810 0.0068 0.6184 0.5154 0.5932
1311868233.7434 -1.6205 -1.2980 1.5800 0.0072 0.6178 0.5143 0.5948
1311868233.7796 -1.6287 -1.2925 1.5793 0.0070 0.6165 0.5134 0.5969
1311868233.8115 -1.6339 -1.2886 1.5769 0.0067 0.6149 0.5139 0.5981
1311868233.8436 -1.6411 -1.2836 1.5753 0.0083 0.6134 0.5145 0.5992
1311868233.8795 -1.6461 -1.2776 1.5719 0.0086 0.6120 0.5141 0.6009
1311868233.9115 -1.6540 -1.2712 1.5691 0.0087 0.6119 0.5131 0.6019
1311868233.9435 -1.6600 -1.2674 1.5658 0.0082 0.6122 0.5139 0.6009
1311868233.9793 -1.6671 -1.2637 1.5634 0.0080 0.6123 0.5149 0.6000
1311868234.0115 -1.6738 -1.2601 1.5600 0.0079 0.6117 0.5152 0.6003
1311868234.0434 -1.6795 -1.2573 1.5566 0.0072 0.6112 0.5147 0.6013
1311868234.0796 -1.6867 -1.2539 1.5532 0.0066 0.6114 0.5125 0.6029
1311868234.1116 -1.6928 -1.2511 1.5491 0.0052 0.6122 0.5101 0.6042
1311868234.1435 -1.7009 -1.2494 1.5452 0.0047 0.6142 0.5062 0.6053
1311868234.1794 -1.7100 -1.2487 1.5437 0.0041 0.6160 0.5028 0.6064
1311868234.2115 -1.7183 -1.2479 1.5424 0.0039 0.6166 0.4999 0.6082
1311868234.2436 -1.7272 -1.2466 1.5411 0.0046 0.6164 0.4969 0.6108
1311868234.2794 -1.7355 -1.2448 1.5401 0.0042 0.6157 0.4937 0.6141
1311868234.3115 -1.7429 -1.2431 1.5371 0.0034 0.6156 0.4901 0.6172
1311868234.3435 -1.7524 -1.2419 1.5355 0.0027 0.6166 0.4857 0.6196
1311868234.3796 -1.7624 -1.2409 1.5349 0.0018 0.6173 0.4823 0.6215
1311868234.4116 -1.7719 -1.2396 1.5340 0.0012 0.6172 0.4799 0.6235
1311868234.4435 -1.7808 -1.2375 1.5330 0.0002 0.6166 0.4783 0.6253
1311868234.4795 -1.7895 -1.2356 1.5317 -0.0005 0.6159 0.4768 0.6271
1311868234.5116 -1.7979 -1.2332 1.5303 -0.0014 0.6151 0.4759 0.6286
1311868234.5436 -1.8065 -1.2308 1.5285 -0.0021 0.6146 0.4750 0.6298
1311868234.5794 -1.8150 -1.2282 1.5270 -0.0030 0.6144 0.4743 0.6305
1311868234.6117 -1.8230 -1.2257 1.5256 -0.0044 0.6143 0.4741 0.6307
1311868234.6435 -1.8311 -1.2231 1.5244 -0.0052 0.6142 0.4743 0.6307
1311868234.6795 -1.8387 -1.2204 1.5234 -0.0062 0.6139 0.4748 0.6306
1311868234.7114 -1.8472 -1.2179 1.5223 -0.0067 0.6133 0.4754 0.6308
1311868234.7436 -1.8539 -1.2147 1.5208 -0.0077 0.6124 0.4760 0.6312
1311868234.7795 -1.8622 -1.2118 1.5195 -0.0081 0.6120 0.4761 0.6314
1311868234.8117 -1.8687 -1.2092 1.5183 -0.0090 0.6116 0.4765 0.6315
1311868234.8435 -1.8766 -1.2067 1.5172 -0.0091 0.6115 0.4764 0.6317
1311868234.8794 -1.8840 -1.2044 1.5155 -0.0093 0.6112 0.4762 0.6321
1311868234.9115 -1.8933 -1.2016 1.5149 -0.0097 0.6106 0.4763 0.6326
1311868234.9436 -1.9000 -1.1987 1.5140 -0.0107 0.6095 0.4772 0.6330
1311868234.9795 -1.9072 -1.1959 1.5132 -0.0113 0.6085 0.4776 0.6336
1311868235.0116 -1.9144 -1.1920 1.5129 -0.0125 0.6078 0.4776 0.6343
1311868235.0437 -1.9218 -1.1888 1.5118 -0.0139 0.6067 0.4784 0.6347
1311868235.0797 -1.9280 -1.1845 1.5112 -0.0149 0.6058 0.4795 0.6347
1311868235.1116 -1.9352 -1.1803 1.5102 -0.0158 0.6053 0.4805 0.6344
1311868235.1436 -1.9412 -1.1772 1.5092 -0.0165 0.6047 0.4818 0.6340
1311868235.1797 -1.9487 -1.1734 1.5082 -0.0158 0.6036 0.4836 0.6337
1311868235.2115 -1.9547 -1.1685 1.5074 -0.0156 0.6023 0.4853 0.6336
1311868235.2436 -1.9600 -1.1633 1.5055 -0.0161 0.6014 0.4864 0.6337
1311868235.2797 -1.9647 -1.1596 1.5043 -0.0157 0.6015 0.4879 0.6325
1311868235.3117 -1.9691 -1.1556 1.5028 -0.0145 0.6016 0.4889 0.6315
1311868235.3437 -1.9742 -1.1515 1.5012 -0.0134 0.6025 0.4886 0.6309
1311868235.3798 -1.9787 -1.1464 1.4995 -0.0115 0.6037 0.4885 0.6299
1311868235.4115 -1.9851 -1.1431 1.4979 -0.0100 0.6050 0.4886 0.6285
1311868235.4437 -1.9909 -1.1390 1.4970 -0.0100 0.6057 0.4891 0.6276
1311868235.4796 -1.9927 -1.1340 1.4961 -0.0104 0.6062 0.4891 0.6271
1311868235.5117 -1.9984 -1.1296 1.4950 -0.0098 0.6067 0.4889 0.6267
1311868235.5436 -1.9989 -1.1251 1.4938 -0.0113 0.6071 0.4890 0.6263
1311868235.5797 -1.9996 -1.1203 1.4920 -0.0116 0.6091 0.4882 0.6249
1311868235.6118 -2.0028 -1.1152 1.4900 -0.0118 0.6124 0.4869 0.6228
1311868235.6435 -2.0055 -1.1111 1.4883 -0.0129 0.6161 0.4858 0.6199
1311868235.6797 -2.0086 -1.1068 1.4877 -0.0140 0.6194 0.4850 0.6172
1311868235.7116 -2.0114 -1.1033 1.4870 -0.0146 0.6216 0.4840 0.6158
1311868235.7439 -2.0146 -1.0982 1.4872 -0.0154 0.6224 0.4829 0.6157
1311868235.7795 -2.0166 -1.0940 1.4873 -0.0159 0.6223 0.4827 0.6161
1311868235.8119 -2.0185 -1.0892 1.4874 -0.0152 0.6208 0.4829 0.6175
1311868235.8437 -2.0219 -1.0843 1.4859 -0.0152 0.6182 0.4825 0.6203
1311868235.8796 -2.0215 -1.0795 1.4850 -0.0161 0.6162 0.4826 0.6222
1311868235.9116 -2.0218 -1.0750 1.4837 -0.0154 0.6153 0.4831 0.6227
1311868235.9437 -2.0239 -1.0697 1.4827 -0.0148 0.6144 0.4835 0.6232
1311868235.9796 -2.0229 -1.0648 1.4816 -0.0152 0.6137 0.4842 0.6234
1311868236.0117 -2.0226 -1.0607 1.4808 -0.0132 0.6135 0.4846 0.6234
1311868236.0437 -2.0264 -1.0540 1.4786 -0.0099 0.6118 0.4844 0.6253
1311868236.0796 -2.0267 -1.0483 1.4766 -0.0087 0.6090 0.4836 0.6286
1311868236.1118 -2.0259 -1.0438 1.4747 -0.0083 0.6068 0.4829 0.6313
1311868236.1437 -2.0269 -1.0388 1.4718 -0.0072 0.6051 0.4830 0.6329
1311868236.1796 -2.0273 -1.0332 1.4697 -0.0063 0.6030 0.4845 0.6337
1311868236.2117 -2.0263 -1.0297 1.4688 -0.0051 0.6014 0.4860 0.6341
1311868236.2436 -2.0304 -1.0247 1.4659 -0.0039 0.5985 0.4862 0.6367
1311868236.2795 -2.0315 -1.0198 1.4644 -0.0061 0.5948 0.4865 0.6399
1311868236.3116 -2.0288 -1.0146 1.4633 -0.0091 0.5928 0.4861 0.6420
1311868236.3438 -2.0272 -1.0102 1.4616 -0.0118 0.5926 0.4843 0.6435
1311868236.3795 -2.0282 -1.0053 1.4599 -0.0143 0.5930 0.4815 0.6452
1311868236.4129 -2.0283 -0.9994 1.4583 -0.0170 0.5934 0.4797 0.6461
1311868236.4435 -2.0293 -0.9939 1.4567 -0.0177 0.5937 0.4796 0.6460
1311868236.4796 -2.0293 -0.9892 1.4554 -0.0184 0.5933 0.4803 0.6457
1311868236.5116 -2.0291 -0.9852 1.4551 -0.0174 0.5925 0.4813 0.6458
1311868236.5437 -2.0284 -0.9801 1.4530 -0.0161 0.5908 0.4811 0.6474
1311868236.5797 -2.0281 -0.9761 1.4525 -0.0138 0.5900 0.4807 0.6486
1311868236.6116 -2.0288 -0.9718 1.4512 -0.0103 0.5883 0.4803 0.6505
1311868236.6477 -2.0286 -0.9668 1.4500 -0.0081 0.5867 0.4790 0.6529
1311868236.6796 -2.0284 -0.9611 1.4487 -0.0050 0.5858 0.4769 0.6553
1311868236.7117 -2.0301 -0.9572 1.4477 -0.0032 0.5853 0.4753 0.6569
1311868236.7476 -2.0294 -0.9541 1.4471 -0.0017 0.5854 0.4742 0.6576
1311868236.7796 -2.0324 -0.9499 1.4464 0.0005 0.5855 0.4732 0.6583
1311868236.8117 -2.0339 -0.9462 1.4466 0.0013 0.5855 0.4722 0.6590
1311868236.8476 -2.0373 -0.9418 1.4458 0.0026 0.5844 0.4712 0.6607
1311868236.8795 -2.0397 -0.9383 1.4451 0.0027 0.5819 0.4710 0.6630
1311868236.9118 -2.0407 -0.9348 1.4449 0.0026 0.5793 0.4711 0.6652
1311868236.9476 -2.0428 -0.9300 1.4444 0.0029 0.5769 0.4716 0.6669
1311868236.9796 -2.0433 -0.9259 1.4441 0.0036 0.5747 0.4738 0.6672
1311868237.0116 -2.0420 -0.9218 1.4442 0.0053 0.5737 0.4762 0.6664
1311868237.0478 -2.0446 -0.9168 1.4423 0.0080 0.5729 0.4768 0.6666
1311868237.0797 -2.0466 -0.9105 1.4411 0.0092 0.5718 0.4764 0.6678
1311868237.1116 -2.0476 -0.9060 1.4400 0.0105 0.5709 0.4764 0.6686
1311868237.1477 -2.0510 -0.9024 1.4378 0.0131 0.5693 0.4769 0.6696
1311868237.1795 -2.0519 -0.8978 1.4367 0.0147 0.5675 0.4772 0.6709
1311868237.2117 -2.0527 -0.8938 1.4336 0.0170 0.5662 0.4766 0.6723
1311868237.2477 -2.0560 -0.8895 1.4309 0.0190 0.5649 0.4754 0.6742
1311868237.2797 -2.0585 -0.8857 1.4272 0.0196 0.5639 0.4740 0.6760
1311868237.3117 -2.0618 -0.8816 1.4230 0.0198 0.5629 0.4726 0.6778
1311868237.3477 -2.0665 -0.8777 1.4182 0.0193 0.5618 0.4710 0.6799
1311868237.3800 -2.0696 -0.8731 1.4130 0.0173 0.5601 0.4701 0.6819
1311868237.4118 -2.0711 -0.8686 1.4083 0.0158 0.5592 0.4699 0.6828
1311868237.4477 -2.0753 -0.8643 1.4019 0.0152 0.5581 0.4694 0.6840
1311868237.4797 -2.0788 -0.8598 1.3959 0.0139 0.5567 0.4683 0.6860
1311868237.5117 -2.0824 -0.8560 1.3900 0.0124 0.5551 0.4666 0.6885
1311868237.5477 -2.0884 -0.8526 1.3838 0.0104 0.5529 0.4641 0.6920
1311868237.5797 -2.0917 -0.8487 1.3786 0.0064 0.5504 0.4615 0.6958
1311868237.6116 -2.0938 -0.8440 1.3729 0.0030 0.5495 0.4585 0.6984
1311868237.6477 -2.0981 -0.8390 1.3660 -0.0005 0.5499 0.4546 0.7007
1311868237.6796 -2.1043 -0.8353 1.3593 -0.0047 0.5500 0.4510 0.7029
1311868237.7119 -2.1089 -0.8303 1.3534 -0.0079 0.5493 0.4478 0.7055
1311868237.7477 -2.1155 -0.8263 1.3464 -0.0079 0.5467 0.4460 0.7086
1311868237.7796 -2.1207 -0.8227 1.3405 -0.0073 0.5427 0.4461 0.7117
1311868237.8118 -2.1233 -0.8188 1.3349 -0.0066 0.5392 0.4459 0.7145
1311868237.8477 -2.1283 -0.8135 1.3279 -0.0048 0.5364 0.4453 0.7169
1311868237.8797 -2.1326 -0.8094 1.3225 -0.0047 0.5346 0.4448 0.7186
1311868237.9118 -2.1380 -0.8055 1.3158 -0.0048 0.5328 0.4450 0.7198
1311868237.9477 -2.1422 -0.8000 1.3103 -0.0049 0.5309 0.4461 0.7205
1311868237.9796 -2.1460 -0.7960 1.3053 -0.0055 0.5296 0.4470 0.7209
1311868238.0117 -2.1518 -0.7919 1.2989 -0.0055 0.5278 0.4483 0.7215
1311868238.0477 -2.1568 -0.7870 1.2942 -0.0062 0.5256 0.4495 0.7222
1311868238.0798 -2.1598 -0.7824 1.2897 -0.0072 0.5238 0.4505 0.7229
1311868238.1117 -2.1635 -0.7782 1.2858 -0.0079 0.5225 0.4515 0.7232
1311868238.1477 -2.1668 -0.7736 1.2818 -0.0083 0.5209 0.4516 0.7243
1311868238.1798 -2.1706 -0.7687 1.2785 -0.0085 0.5193 0.4508 0.7260
1311868238.2117 -2.1731 -0.7658 1.2743 -0.0091 0.5175 0.4504 0.7275
1311868238.2478 -2.1763 -0.7602 1.2704 -0.0088 0.5157 0.4510 0.7284
1311868238.2797 -2.1761 -0.7555 1.2671 -0.0088 0.5149 0.4519 0.7284
1311868238.3117 -2.1773 -0.7528 1.2638 -0.0093 0.5150 0.4524 0.7280
1311868238.3477 -2.1771 -0.7494 1.2604 -0.0102 0.5159 0.4520 0.7276
1311868238.3796 -2.1783 -0.7472 1.2570 -0.0106 0.5171 0.4512 0.7273
1311868238.4118 -2.1801 -0.7448 1.2532 -0.0112 0.5172 0.4501 0.7279
1311868238.4476 -2.1792 -0.7407 1.2498 -0.0106 0.5171 0.4495 0.7284
1311868238.4796 -2.1811 -0.7370 1.2453 -0.0086 0.5162 0.4501 0.7286
1311868238.5116 -2.1803 -0.7337 1.2415 -0.0070 0.5150 0.4506 0.7291
1311868238.5476 -2.1818 -0.7312 1.2387 -0.0055 0.5139 0.4517 0.7293
1311868238.5797 -2.1818 -0.7256 1.2335 -0.0039 0.5115 0.4532 0.7301
1311868238.6119 -2.1796 -0.7214 1.2315 -0.0042 0.5109 0.4538 0.7301
1311868238.6477 -2.1790 -0.7172 1.2277 -0.0064 0.5118 0.4536 0.7296
1311868238.6798 -2.1779 -0.7120 1.2243 -0.0096 0.5134 0.4527 0.7290
1311868238.7118 -2.1790 -0.7059 1.2182 -0.0122 0.5138 0.4528 0.7286
1311868238.7477 -2.1778 -0.7022 1.2157 -0.0150 0.5142 0.4544 0.7273
1311868238.7797 -2.1761 -0.6975 1.2139 -0.0165 0.5143 0.4568 0.7256
1311868238.8117 -2.1746 -0.6931 1.2097 -0.0168 0.5142 0.4601 0.7236
1311868238.8477 -2.1722 -0.6880 1.2070 -0.0170 0.5142 0.4625 0.7220
1311868238.8797 -2.1711 -0.6830 1.2026 -0.0168 0.5132 0.4643 0.7216
1311868238.9118 -2.1680 -0.6777 1.1997 -0.0167 0.5120 0.4659 0.7215
1311868238.9477 -2.1652 -0.6729 1.1959 -0.0154 0.5110 0.4679 0.7209
1311868238.9797 -2.1643 -0.6679 1.1891 -0.0142 0.5092 0.4697 0.7210
1311868239.0118 -2.1606 -0.6633 1.1870 -0.0149 0.5079 0.4696 0.7220
1311868239.0479 -2.1552 -0.6614 1.1860 -0.0150 0.5080 0.4671 0.7236
1311868239.0798 -2.1521 -0.6573 1.1788 -0.0152 0.5075 0.4625 0.7269
1311868239.1119 -2.1506 -0.6520 1.1746 -0.0169 0.5078 0.4562 0.7305
1311868239.1477 -2.1477 -0.6525 1.1766 -0.0190 0.5102 0.4512 0.7320
1311868239.1800 -2.1494 -0.6442 1.1669 -0.0162 0.5082 0.4485 0.7351
1311868239.2120 -2.1506 -0.6398 1.1630 -0.0137 0.5049 0.4492 0.7369
1311868239.2477 -2.1480 -0.6366 1.1609 -0.0114 0.5009 0.4498 0.7393
1311868239.2796 -2.1467 -0.6317 1.1575 -0.0091 0.4963 0.4504 0.7421
1311868239.3117 -2.1441 -0.6339 1.1591 -0.0085 0.4940 0.4516 0.7429
1311868239.3477 -2.1418 -0.6242 1.1521 -0.0060 0.4890 0.4515 0.7463
1311868239.3797 -2.1390 -0.6202 1.1507 -0.0046 0.4864 0.4515 0.7480
1311868239.4117 -2.1376 -0.6154 1.1470 -0.0031 0.4831 0.4517 0.7500
1311868239.4478 -2.1370 -0.6129 1.1454 -0.0027 0.4805 0.4530 0.7509
1311868239.4798 -2.1352 -0.6094 1.1444 -0.0029 0.4779 0.4548 0.7515
1311868239.5118 -2.1323 -0.6056 1.1441 -0.0037 0.4763 0.4553 0.7522
1311868239.5478 -2.1303 -0.6019 1.1429 -0.0043 0.4754 0.4543 0.7533
1311868239.5798 -2.1289 -0.5988 1.1408 -0.0059 0.4748 0.4508 0.7558
1311868239.6119 -2.1285 -0.5949 1.1394 -0.0078 0.4734 0.4474 0.7587
1311868239.6478 -2.1282 -0.5917 1.1376 -0.0090 0.4713 0.4449 0.7615
1311868239.6798 -2.1285 -0.5876 1.1363 -0.0094 0.4687 0.4441 0.7635
1311868239.7118 -2.1279 -0.5840 1.1340 -0.0094 0.4660 0.4450 0.7647
1311868239.7479 -2.1269 -0.5784 1.1313 -0.0101 0.4628 0.4446 0.7669
1311868239.7798 -2.1267 -0.5737 1.1295 -0.0121 0.4605 0.4422 0.7696
1311868239.8119 -2.1263 -0.5692 1.1278 -0.0136 0.4592 0.4392 0.7721
1311868239.8477 -2.1271 -0.5649 1.1240 -0.0135 0.4570 0.4370 0.7746
1311868239.8798 -2.1289 -0.5619 1.1193 -0.0125 0.4535 0.4363 0.7771
1311868239.9120 -2.1297 -0.5591 1.1160 -0.0107 0.4493 0.4367 0.7793
1311868239.9479 -2.1307 -0.5558 1.1118 -0.0084 0.4451 0.4369 0.7816
1311868239.9799 -2.1327 -0.5523 1.1065 -0.0072 0.4417 0.4359 0.7841
1311868240.0122 -2.1360 -0.5483 1.0995 -0.0083 0.4389 0.4339 0.7868
1311868240.0480 -2.1372 -0.5428 1.0945 -0.0113 0.4372 0.4309 0.7893
1311868240.0799 -2.1390 -0.5367 1.0876 -0.0141 0.4370 0.4283 0.7908
1311868240.1118 -2.1409 -0.5314 1.0794 -0.0158 0.4366 0.4277 0.7913
1311868240.1478 -2.1421 -0.5240 1.0704 -0.0161 0.4354 0.4271 0.7923
1311868240.1800 -2.1439 -0.5175 1.0609 -0.0158 0.4332 0.4260 0.7941
1311868240.2119 -2.1473 -0.5137 1.0538 -0.0162 0.4316 0.4246 0.7957
1311868240.2478 -2.1503 -0.5088 1.0464 -0.0161 0.4305 0.4230 0.7971
1311868240.2798 -2.1550 -0.5049 1.0371 -0.0173 0.4286 0.4210 0.7992
1311868240.3119 -2.1591 -0.4999 1.0302 -0.0209 0.4272 0.4174 0.8017
1311868240.3477 -2.1602 -0.4941 1.0256 -0.0243 0.4275 0.4150 0.8028
1311868240.3798 -2.1640 -0.4896 1.0191 -0.0261 0.4285 0.4136 0.8029
1311868240.4121 -2.1689 -0.4856 1.0114 -0.0286 0.4282 0.4115 0.8040
1311868240.4479 -2.1731 -0.4820 1.0062 -0.0323 0.4273 0.4087 0.8058
1311868240.4800 -2.1759 -0.4771 1.0028 -0.0361 0.4273 0.4052 0.8074
1311868240.5122 -2.1798 -0.4734 0.9984 -0.0387 0.4274 0.4026 0.8085
1311868240.5477 -2.1842 -0.4704 0.9937 -0.0409 0.4261 0.4006 0.8101
1311868240.5797 -2.1871 -0.4656 0.9921 -0.0419 0.4249 0.3989 0.8115
1311868240.6118 -2.1913 -0.4620 0.9882 -0.0414 0.4239 0.3996 0.8117
1311868240.6479 -2.1959 -0.4588 0.9837 -0.0403 0.4218 0.4021 0.8117
1311868240.6798 -2.1990 -0.4543 0.9811 -0.0395 0.4195 0.4044 0.8117
1311868240.7119 -2.1999 -0.4469 0.9794 -0.0378 0.4186 0.4055 0.8117
1311868240.7480 -2.2036 -0.4438 0.9745 -0.0362 0.4184 0.4065 0.8114
1311868240.7799 -2.2063 -0.4399 0.9706 -0.0358 0.4176 0.4067 0.8118
1311868240.8119 -2.2082 -0.4375 0.9679 -0.0359 0.4174 0.4065 0.8120
1311868240.8798 -2.2105 -0.4356 0.9627 -0.0372 0.4197 0.4097 0.8091
1311868240.9120 -2.2121 -0.4374 0.9569 -0.0391 0.4199 0.4124 0.8075
1311868240.9479 -2.2130 -0.4418 0.9523 -0.0440 0.4188 0.4161 0.8059
1311868240.9800 -2.2081 -0.4387 0.9502 -0.0486 0.4165 0.4206 0.8045
1311868241.0120 -2.2026 -0.4365 0.9478 -0.0504 0.4165 0.4221 0.8036
1311868241.0479 -2.1979 -0.4385 0.9428 -0.0524 0.4163 0.4219 0.8037
1311868241.0800 -2.1909 -0.4389 0.9414 -0.0532 0.4169 0.4198 0.8044
1311868241.1118 -2.1858 -0.4422 0.9378 -0.0521 0.4190 0.4182 0.8043
1311868241.1480 -2.1799 -0.4471 0.9314 -0.0512 0.4199 0.4176 0.8042
1311868241.1798 -2.1746 -0.4502 0.9283 -0.0504 0.4214 0.4161 0.8042
1311868241.2119 -2.1707 -0.4562 0.9197 -0.0503 0.4216 0.4155 0.8044
1311868241.2478 -2.1643 -0.4614 0.9134 -0.0534 0.4203 0.4163 0.8045
1311868241.2800 -2.1554 -0.4651 0.9124 -0.0546 0.4214 0.4184 0.8028
1311868241.3118 -2.1491 -0.4713 0.9070 -0.0537 0.4216 0.4228 0.8004
1311868241.3482 -2.1415 -0.4747 0.9027 -0.0524 0.4203 0.4253 0.7998
1311868241.3800 -2.1324 -0.4785 0.8991 -0.0514 0.4194 0.4253 0.8004
1311868241.4119 -2.1258 -0.4838 0.8938 -0.0501 0.4191 0.4251 0.8007
1311868241.4478 -2.1180 -0.4875 0.8910 -0.0491 0.4190 0.4252 0.8008
1311868241.4799 -2.1108 -0.4929 0.8871 -0.0470 0.4188 0.4259 0.8006
1311868241.5122 -2.1032 -0.4965 0.8841 -0.0440 0.4181 0.4272 0.8005
1311868241.5799 -2.0886 -0.5070 0.8744 -0.0407 0.4173 0.4319 0.7985
1311868241.6120 -2.0800 -0.5084 0.8710 -0.0408 0.4170 0.4326 0.7983
1311868241.6480 -2.0732 -0.5114 0.8663 -0.0394 0.4173 0.4325 0.7983
1311868241.6800 -2.0660 -0.5155 0.8612 -0.0385 0.4161 0.4333 0.7985
1311868241.7126 -2.0605 -0.5183 0.8572 -0.0373 0.4148 0.4336 0.7991
1311868241.7480 -2.0524 -0.5216 0.8528 -0.0366 0.4127 0.4332 0.8004
1311868241.7799 -2.0456 -0.5251 0.8471 -0.0364 0.4109 0.4311 0.8025
1311868241.8118 -2.0384 -0.5289 0.8414 -0.0378 0.4097 0.4283 0.8045
1311868241.8480 -2.0306 -0.5307 0.8378 -0.0388 0.4101 0.4237 0.8067
1311868241.8799 -2.0244 -0.5346 0.8314 -0.0403 0.4106 0.4181 0.8093
1311868241.9120 -2.0175 -0.5358 0.8278 -0.0406 0.4111 0.4124 0.8119
1311868241.9478 -2.0138 -0.5376 0.8211 -0.0391 0.4109 0.4075 0.8146
1311868241.9799 -2.0097 -0.5392 0.8151 -0.0384 0.4090 0.4043 0.8172
1311868242.0119 -2.0049 -0.5413 0.8088 -0.0373 0.4063 0.4029 0.8193
1311868242.0479 -2.0013 -0.5429 0.8017 -0.0366 0.4027 0.4012 0.8219
1311868242.0800 -1.9978 -0.5438 0.7947 -0.0376 0.3982 0.3990 0.8251
1311868242.1119 -1.9924 -0.5437 0.7882 -0.0386 0.3947 0.3970 0.8277
1311868242.1479 -1.9886 -0.5443 0.7811 -0.0399 0.3921 0.3944 0.8301
1311868242.1800 -1.9845 -0.5445 0.7742 -0.0417 0.3901 0.3897 0.8332
1311868242.2122 -1.9807 -0.5437 0.7688 -0.0429 0.3894 0.3854 0.8355
1311868242.2479 -1.9797 -0.5446 0.7618 -0.0422 0.3886 0.3824 0.8372
1311868242.2800 -1.9799 -0.5457 0.7555 -0.0426 0.3865 0.3800 0.8393
1311868242.3121 -1.9775 -0.5452 0.7509 -0.0422 0.3838 0.3786 0.8412
1311868242.3479 -1.9769 -0.5463 0.7460 -0.0401 0.3806 0.3788 0.8427
1311868242.3799 -1.9762 -0.5456 0.7403 -0.0380 0.3760 0.3794 0.8445
1311868242.4120 -1.9725 -0.5432 0.7380 -0.0359 0.3725 0.3791 0.8463
1311868242.4479 -1.9701 -0.5430 0.7343 -0.0341 0.3703 0.3767 0.8484
1311868242.4800 -1.9679 -0.5402 0.7305 -0.0341 0.3685 0.3714 0.8515
1311868242.5120 -1.9652 -0.5379 0.7281 -0.0339 0.3682 0.3662 0.8539
1311868242.5801 -1.9647 -0.5366 0.7219 -0.0327 0.3653 0.3648 0.8558
1311868242.6123 -1.9655 -0.5373 0.7183 -0.0305 0.3612 0.3665 0.8569
1311868242.6799 -1.9613 -0.5323 0.7162 -0.0282 0.3512 0.3644 0.8620
1311868242.7123 -1.9553 -0.5261 0.7170 -0.0275 0.3500 0.3609 0.8640
1311868242.7479 -1.9520 -0.5227 0.7150 -0.0253 0.3534 0.3581 0.8639
1311868242.7800 -1.9509 -0.5208 0.7122 -0.0235 0.3583 0.3565 0.8625
1311868242.8480 -1.9513 -0.5197 0.7041 -0.0210 0.3654 0.3584 0.8588
1311868242.8799 -1.9482 -0.5171 0.7037 -0.0216 0.3665 0.3583 0.8584
1311868242.9120 -1.9470 -0.5154 0.7013 -0.0209 0.3684 0.3563 0.8584
1311868242.9481 -1.9466 -0.5116 0.6991 -0.0220 0.3701 0.3548 0.8583
1311868243.0122 -1.9408 -0.5069 0.6953 -0.0186 0.3739 0.3590 0.8550
1311868243.0481 -1.9414 -0.5060 0.6913 -0.0160 0.3741 0.3612 0.8540
1311868243.0800 -1.9403 -0.5022 0.6895 -0.0145 0.3728 0.3645 0.8532
1311868243.1119 -1.9364 -0.4979 0.6883 -0.0127 0.3724 0.3677 0.8520
1311868243.1481 -1.9345 -0.4956 0.6855 -0.0124 0.3727 0.3686 0.8515
1311868243.1801 -1.9308 -0.4928 0.6840 -0.0129 0.3734 0.3663 0.8522
1311868243.2120 -1.9285 -0.4910 0.6807 -0.0128 0.3751 0.3635 0.8527
1311868243.2481 -1.9286 -0.4900 0.6767 -0.0121 0.3761 0.3624 0.8527
1311868243.2800 -1.9275 -0.4893 0.6731 -0.0108 0.3755 0.3629 0.8527
1311868243.3120 -1.9281 -0.4882 0.6702 -0.0092 0.3736 0.3627 0.8537
1311868243.3481 -1.9260 -0.4860 0.6662 -0.0087 0.3701 0.3611 0.8559
1311868243.4119 -1.9205 -0.4785 0.6582 -0.0086 0.3670 0.3537 0.8603
1311868243.4482 -1.9179 -0.4738 0.6543 -0.0101 0.3673 0.3495 0.8619
1311868243.4801 -1.9168 -0.4708 0.6494 -0.0109 0.3687 0.3464 0.8625
1311868243.5481 -1.9177 -0.4663 0.6369 -0.0124 0.3675 0.3412 0.8651
1311868243.5800 -1.9186 -0.4640 0.6312 -0.0126 0.3635 0.3385 0.8678
1311868243.6120 -1.9202 -0.4609 0.6237 -0.0132 0.3570 0.3354 0.8717
1311868243.6481 -1.9205 -0.4554 0.6167 -0.0151 0.3496 0.3326 0.8757
1311868243.6800 -1.9188 -0.4491 0.6103 -0.0173 0.3433 0.3302 0.8791
1311868243.7120 -1.9162 -0.4417 0.6032 -0.0205 0.3386 0.3264 0.8823
1311868243.7479 -1.9137 -0.4335 0.5952 -0.0245 0.3358 0.3217 0.8849
1311868243.7800 -1.9121 -0.4268 0.5880 -0.0283 0.3351 0.3192 0.8860
1311868243.8119 -1.9120 -0.4209 0.5799 -0.0308 0.3348 0.3205 0.8856
1311868243.8482 -1.9111 -0.4157 0.5723 -0.0328 0.3334 0.3225 0.8853
1311868243.8801 -1.9109 -0.4131 0.5640 -0.0344 0.3305 0.3221 0.8865
1311868243.9121 -1.9120 -0.4095 0.5569 -0.0354 0.3262 0.3197 0.8889
1311868243.9482 -1.9123 -0.4058 0.5502 -0.0359 0.3210 0.3176 0.8915
1311868243.9800 -1.9131 -0.4008 0.5432 -0.0359 0.3150 0.3156 0.8944
1311868244.0121 -1.9116 -0.3945 0.5380 -0.0360 0.3096 0.3130 0.8972
1311868244.0481 -1.9110 -0.3887 0.5332 -0.0357 0.3055 0.3110 0.8992
1311868244.0801 -1.9091 -0.3830 0.5293 -0.0339 0.3026 0.3101 0.9006
1311868244.1122 -1.9086 -0.3775 0.5240 -0.0308 0.3006 0.3087 0.9019
1311868244.1481 -1.9093 -0.3701 0.5190 -0.0286 0.2990 0.3056 0.9035
1311868244.2120 -1.9110 -0.3568 0.5089 -0.0250 0.2982 0.2984 0.9063
1311868244.2480 -1.9131 -0.3499 0.5041 -0.0244 0.2958 0.2962 0.9078
1311868244.3122 -1.9228 -0.3386 0.4922 -0.0268 0.2855 0.2907 0.9128
1311868244.3483 -1.9213 -0.3292 0.4912 -0.0302 0.2803 0.2892 0.9148
1311868244.3800 -1.9171 -0.3193 0.4916 -0.0305 0.2789 0.2897 0.9151
1311868244.4121 -1.9197 -0.3119 0.4877 -0.0308 0.2804 0.2894 0.9147
1311868244.4482 -1.9169 -0.3022 0.4859 -0.0316 0.2827 0.2891 0.9140
1311868244.4801 -1.9179 -0.2987 0.4804 -0.0316 0.2864 0.2899 0.9127
1311868244.5123 -1.9198 -0.2936 0.4753 -0.0316 0.2886 0.2897 0.9120
1311868244.5483 -1.9190 -0.2880 0.4714 -0.0318 0.2896 0.2885 0.9121
1311868244.5801 -1.9221 -0.2841 0.4638 -0.0313 0.2899 0.2889 0.9119
1311868244.6123 -1.9222 -0.2780 0.4609 -0.0315 0.2881 0.2899 0.9121
1311868244.6482 -1.9231 -0.2722 0.4563 -0.0305 0.2848 0.2889 0.9135
1311868244.7121 -1.9196 -0.2557 0.4544 -0.0326 0.2794 0.2879 0.9154
1311868244.7483 -1.9137 -0.2461 0.4558 -0.0321 0.2808 0.2908 0.9141
1311868244.7800 -1.9117 -0.2394 0.4537 -0.0314 0.2843 0.2943 0.9119
1311868244.8121 -1.9118 -0.2350 0.4494 -0.0332 0.2874 0.2988 0.9094
1311868244.8481 -1.9054 -0.2274 0.4496 -0.0345 0.2898 0.3021 0.9075
1311868244.8804 -1.9039 -0.2233 0.4454 -0.0354 0.2929 0.3027 0.9063
1311868244.9122 -1.9020 -0.2183 0.4425 -0.0382 0.2947 0.3022 0.9057
1311868244.9481 -1.8984 -0.2136 0.4407 -0.0406 0.2960 0.3012 0.9056
1311868244.9801 -1.8982 -0.2094 0.4369 -0.0428 0.2971 0.3003 0.9054
1311868245.0123 -1.8962 -0.2043 0.4343 -0.0468 0.2967 0.2995 0.9056
1311868245.0483 -1.8913 -0.1980 0.4363 -0.0502 0.2961 0.2981 0.9061
1311868245.0802 -1.8846 -0.1919 0.4385 -0.0512 0.2969 0.2955 0.9066
1311868245.1123 -1.8821 -0.1871 0.4376 -0.0515 0.2991 0.2942 0.9063
1311868245.1482 -1.8758 -0.1807 0.4382 -0.0519 0.3021 0.2942 0.9053
1311868245.1799 -1.8686 -0.1769 0.4366 -0.0509 0.3054 0.2942 0.9042
1311868245.2122 -1.8651 -0.1744 0.4326 -0.0486 0.3066 0.2937 0.9041
1311868245.2483 -1.8627 -0.1722 0.4269 -0.0459 0.3039 0.2945 0.9049
1311868245.2802 -1.8571 -0.1684 0.4246 -0.0439 0.2986 0.2943 0.9068
1311868245.3122 -1.8513 -0.1646 0.4227 -0.0411 0.2939 0.2925 0.9090
1311868245.3482 -1.8437 -0.1592 0.4230 -0.0390 0.2908 0.2906 0.9107
1311868245.3801 -1.8350 -0.1549 0.4202 -0.0364 0.2892 0.2887 0.9120
1311868245.4122 -1.8308 -0.1512 0.4137 -0.0344 0.2875 0.2861 0.9134
1311868245.4482 -1.8249 -0.1465 0.4106 -0.0329 0.2852 0.2853 0.9144
1311868245.4801 -1.8176 -0.1422 0.4097 -0.0297 0.2829 0.2860 0.9150
1311868245.5123 -1.8152 -0.1389 0.4011 -0.0255 0.2787 0.2864 0.9163
1311868245.5482 -1.8091 -0.1318 0.3984 -0.0234 0.2733 0.2847 0.9185
1311868245.5803 -1.8063 -0.1263 0.3963 -0.0211 0.2707 0.2825 0.9201
1311868245.6123 -1.8034 -0.1172 0.3925 -0.0203 0.2698 0.2817 0.9206
1311868245.6482 -1.7988 -0.1090 0.3925 -0.0218 0.2715 0.2841 0.9193
1311868245.6802 -1.7922 -0.1025 0.3907 -0.0235 0.2743 0.2876 0.9173
1311868245.7161 -1.7882 -0.0980 0.3852 -0.0236 0.2765 0.2924 0.9152
1311868245.7482 -1.7846 -0.0932 0.3773 -0.0228 0.2753 0.2985 0.9135
1311868245.7802 -1.7803 -0.0879 0.3708 -0.0220 0.2712 0.3030 0.9133
1311868245.8163 -1.7765 -0.0812 0.3678 -0.0212 0.2662 0.3052 0.9141
1311868245.8482 -1.7742 -0.0753 0.3626 -0.0208 0.2616 0.3074 0.9147
1311868245.8802 -1.7704 -0.0671 0.3597 -0.0216 0.2575 0.3083 0.9155
1311868245.9162 -1.7652 -0.0587 0.3568 -0.0234 0.2549 0.3075 0.9165
1311868245.9482 -1.7610 -0.0516 0.3526 -0.0249 0.2536 0.3063 0.9172
1311868245.9803 -1.7600 -0.0453 0.3445 -0.0278 0.2515 0.3048 0.9182
1311868246.0161 -1.7572 -0.0397 0.3415 -0.0313 0.2502 0.3014 0.9196
1311868246.0482 -1.7572 -0.0349 0.3341 -0.0346 0.2479 0.2974 0.9214
1311868246.0803 -1.7566 -0.0297 0.3299 -0.0378 0.2450 0.2941 0.9231
1311868246.1162 -1.7569 -0.0249 0.3243 -0.0400 0.2422 0.2926 0.9242
1311868246.1482 -1.7562 -0.0198 0.3173 -0.0416 0.2380 0.2923 0.9253
1311868246.1802 -1.7539 -0.0126 0.3111 -0.0438 0.2340 0.2909 0.9266
1311868246.2161 -1.7537 -0.0077 0.3081 -0.0455 0.2336 0.2894 0.9272
1311868246.2481 -1.7533 -0.0020 0.3003 -0.0462 0.2337 0.2900 0.9269
1311868246.2802 -1.7525 0.0040 0.2939 -0.0470 0.2344 0.2899 0.9267
1311868246.3162 -1.7519 0.0101 0.2870 -0.0481 0.2352 0.2882 0.9270
1311868246.3481 -1.7538 0.0128 0.2807 -0.0485 0.2359 0.2875 0.9270
1311868246.3802 -1.7559 0.0164 0.2716 -0.0493 0.2339 0.2871 0.9276
1311868246.4161 -1.7586 0.0219 0.2646 -0.0505 0.2316 0.2861 0.9284
1311868246.4483 -1.7606 0.0287 0.2584 -0.0517 0.2305 0.2859 0.9287
1311868246.4804 -1.7628 0.0342 0.2520 -0.0533 0.2308 0.2863 0.9284
1311868246.5162 -1.7636 0.0407 0.2466 -0.0549 0.2312 0.2869 0.9280
1311868246.5484 -1.7655 0.0456 0.2389 -0.0561 0.2313 0.2873 0.9278
1311868246.5802 -1.7681 0.0523 0.2330 -0.0578 0.2311 0.2866 0.9279
1311868246.6161 -1.7699 0.0583 0.2288 -0.0594 0.2321 0.2865 0.9276
1311868246.6483 -1.7738 0.0621 0.2230 -0.0607 0.2335 0.2879 0.9268
1311868246.6803 -1.7748 0.0678 0.2158 -0.0628 0.2330 0.2897 0.9262
1311868246.7163 -1.7750 0.0735 0.2130 -0.0639 0.2339 0.2913 0.9254
1311868246.7489 -1.7772 0.0778 0.2065 -0.0645 0.2353 0.2927 0.9246
1311868246.7804 -1.7770 0.0827 0.2019 -0.0655 0.2360 0.2920 0.9245
1311868246.8162 -1.7783 0.0869 0.1966 -0.0660 0.2373 0.2904 0.9247
1311868246.8484 -1.7804 0.0896 0.1910 -0.0666 0.2391 0.2901 0.9242
1311868246.8803 -1.7816 0.0930 0.1867 -0.0668 0.2410 0.2916 0.9233
1311868246.9162 -1.7808 0.0963 0.1827 -0.0666 0.2424 0.2933 0.9224
1311868246.9482 -1.7794 0.0999 0.1773 -0.0662 0.2434 0.2935 0.9221
1311868246.9803 -1.7788 0.1026 0.1741 -0.0663 0.2449 0.2927 0.9219
1311868247.0162 -1.7786 0.1042 0.1702 -0.0664 0.2469 0.2939 0.9210
1311868247.0484 -1.7760 0.1068 0.1675 -0.0667 0.2486 0.2959 0.9199
1311868247.0802 -1.7726 0.1077 0.1647 -0.0671 0.2503 0.2970 0.9190
1311868247.1163 -1.7701 0.1081 0.1635 -0.0670 0.2521 0.2987 0.9180
1311868247.1484 -1.7674 0.1068 0.1603 -0.0668 0.2528 0.3008 0.9171
1311868247.1803 -1.7619 0.1058 0.1595 -0.0671 0.2518 0.3014 0.9172
1311868247.2164 -1.7580 0.1052 0.1575 -0.0667 0.2507 0.3009 0.9177
1311868247.2482 -1.7521 0.1047 0.1576 -0.0663 0.2501 0.3005 0.9180
1311868247.2803 -1.7482 0.1032 0.1546 -0.0654 0.2500 0.3015 0.9178
1311868247.3163 -1.7422 0.1029 0.1528 -0.0656 0.2491 0.3021 0.9178
1311868247.3483 -1.7350 0.1027 0.1525 -0.0661 0.2489 0.3007 0.9183
1311868247.3806 -1.7287 0.1020 0.1510 -0.0664 0.2496 0.2986 0.9188
1311868247.4163 -1.7234 0.1001 0.1514 -0.0673 0.2507 0.2969 0.9189
1311868247.4483 -1.7175 0.0991 0.1523 -0.0674 0.2513 0.2961 0.9191
1311868247.4804 -1.7105 0.0975 0.1526 -0.0677 0.2503 0.2946 0.9198
1311868247.5161 -1.7027 0.0959 0.1563 -0.0676 0.2501 0.2928 0.9204
1311868247.5485 -1.6947 0.0929 0.1563 -0.0664 0.2498 0.2928 0.9206
1311868247.5802 -1.6868 0.0913 0.1585 -0.0652 0.2486 0.2936 0.9207
1311868247.6164 -1.6779 0.0890 0.1607 -0.0628 0.2475 0.2937 0.9212
1311868247.6482 -1.6703 0.0850 0.1609 -0.0608 0.2462 0.2944 0.9214
1311868247.6804 -1.6611 0.0815 0.1619 -0.0592 0.2451 0.2962 0.9213
1311868247.7162 -1.6510 0.0782 0.1620 -0.0582 0.2436 0.2972 0.9214
1311868247.7483 -1.6386 0.0756 0.1615 -0.0585 0.2417 0.2959 0.9223
1311868247.7804 -1.6278 0.0727 0.1627 -0.0587 0.2417 0.2929 0.9232
1311868247.8162 -1.6170 0.0693 0.1631 -0.0596 0.2424 0.2899 0.9239
1311868247.8484 -1.6076 0.0656 0.1643 -0.0605 0.2440 0.2871 0.9243
1311868247.8802 -1.5967 0.0620 0.1660 -0.0610 0.2451 0.2850 0.9247
1311868247.9162 -1.5879 0.0583 0.1680 -0.0603 0.2460 0.2834 0.9250
1311868247.9482 -1.5786 0.0547 0.1691 -0.0598 0.2458 0.2835 0.9250
1311868247.9802 -1.5694 0.0513 0.1710 -0.0590 0.2455 0.2845 0.9248
1311868248.0162 -1.5613 0.0482 0.1732 -0.0582 0.2453 0.2857 0.9246
1311868248.0482 -1.5512 0.0454 0.1756 -0.0570 0.2436 0.2862 0.9249
1311868248.0803 -1.5431 0.0421 0.1767 -0.0549 0.2412 0.2855 0.9259
1311868248.1162 -1.5354 0.0389 0.1767 -0.0539 0.2374 0.2852 0.9271
1311868248.1483 -1.5269 0.0362 0.1780 -0.0544 0.2338 0.2843 0.9282
1311868248.1804 -1.5179 0.0333 0.1822 -0.0546 0.2322 0.2848 0.9284
1311868248.2164 -1.5093 0.0309 0.1803 -0.0531 0.2300 0.2873 0.9283
1311868248.2483 -1.4994 0.0300 0.1793 -0.0539 0.2263 0.2879 0.9290
1311868248.2803 -1.4874 0.0287 0.1825 -0.0554 0.2239 0.2857 0.9302
1311868248.3162 -1.4779 0.0268 0.1817 -0.0557 0.2231 0.2830 0.9312
1311868248.3483 -1.4704 0.0257 0.1809 -0.0576 0.2222 0.2809 0.9319
1311868248.3805 -1.4600 0.0250 0.1810 -0.0601 0.2203 0.2795 0.9326
1311868248.4163 -1.4503 0.0233 0.1839 -0.0611 0.2189 0.2791 0.9330
1311868248.4484 -1.4419 0.0228 0.1810 -0.0613 0.2158 0.2791 0.9337
1311868248.4804 -1.4328 0.0227 0.1841 -0.0634 0.2121 0.2781 0.9347
1311868248.5163 -1.4209 0.0213 0.1859 -0.0637 0.2083 0.2762 0.9361
1311868248.5483 -1.4099 0.0210 0.1850 -0.0641 0.2039 0.2737 0.9378
1311868248.5803 -1.3988 0.0192 0.1870 -0.0644 0.2009 0.2707 0.9393
1311868248.6164 -1.3879 0.0185 0.1830 -0.0651 0.1976 0.2661 0.9412
1311868248.6485 -1.3789 0.0173 0.1858 -0.0682 0.1970 0.2599 0.9429
1311868248.6804 -1.3671 0.0150 0.1860 -0.0704 0.1989 0.2536 0.9440
1311868248.7165 -1.3553 0.0129 0.1770 -0.0733 0.1979 0.2480 0.9455
1311868248.7485 -1.3449 0.0121 0.1747 -0.0780 0.1952 0.2430 0.9470
1311868248.7803 -1.3354 0.0092 0.1735 -0.0797 0.1916 0.2412 0.9480
1311868248.8165 -1.3262 0.0076 0.1691 -0.0814 0.1849 0.2410 0.9493
1311868248.8483 -1.3157 0.0051 0.1683 -0.0838 0.1783 0.2417 0.9501
1311868248.8804 -1.3029 0.0024 0.1685 -0.0853 0.1731 0.2434 0.9505
1311868248.9165 -1.2908 0.0010 0.1682 -0.0865 0.1712 0.2441 0.9506
1311868248.9483 -1.2807 -0.0003 0.1696 -0.0872 0.1742 0.2443 0.9499
1311868248.9804 -1.2686 -0.0015 0.1668 -0.0879 0.1776 0.2439 0.9493
1311868249.0165 -1.2583 -0.0027 0.1657 -0.0891 0.1816 0.2422 0.9489
1311868249.0483 -1.2466 -0.0057 0.1623 -0.0894 0.1847 0.2413 0.9485
1311868249.0807 -1.2381 -0.0066 0.1569 -0.0906 0.1858 0.2411 0.9482
1311868249.1163 -1.2283 -0.0066 0.1565 -0.0927 0.1860 0.2413 0.9479
1311868249.1485 -1.2188 -0.0076 0.1552 -0.0941 0.1858 0.2414 0.9478
1311868249.1805 -1.2097 -0.0072 0.1541 -0.0958 0.1852 0.2398 0.9481
1311868249.2164 -1.2030 -0.0082 0.1586 -0.0967 0.1870 0.2394 0.9478
1311868249.2482 -1.1953 -0.0097 0.1573 -0.0955 0.1883 0.2406 0.9474
1311868249.2807 -1.1893 -0.0114 0.1577 -0.0951 0.1886 0.2407 0.9474
1311868249.3166 -1.1825 -0.0137 0.1598 -0.0945 0.1885 0.2400 0.9476
1311868249.3484 -1.1764 -0.0169 0.1608 -0.0928 0.1887 0.2395 0.9478
1311868249.3806 -1.1697 -0.0202 0.1611 -0.0916 0.1884 0.2395 0.9480
1311868249.4165 -1.1634 -0.0235 0.1624 -0.0906 0.1883 0.2397 0.9481
1311868249.4483 -1.1578 -0.0279 0.1649 -0.0892 0.1887 0.2399 0.9481
1311868249.4804 -1.1511 -0.0314 0.1669 -0.0876 0.1892 0.2396 0.9482
1311868249.5163 -1.1458 -0.0354 0.1704 -0.0866 0.1916 0.2378 0.9483
1311868249.5483 -1.1397 -0.0408 0.1730 -0.0851 0.1948 0.2358 0.9483
1311868249.5803 -1.1348 -0.0446 0.1751 -0.0827 0.1974 0.2341 0.9484
1311868249.6163 -1.1296 -0.0484 0.1771 -0.0808 0.1987 0.2341 0.9482
1311868249.6484 -1.1244 -0.0520 0.1805 -0.0795 0.1987 0.2354 0.9480
1311868249.6807 -1.1191 -0.0563 0.1842 -0.0799 0.1975 0.2355 0.9482
1311868249.7163 -1.1133 -0.0602 0.1876 -0.0811 0.1957 0.2354 0.9485
1311868249.7483 -1.1063 -0.0663 0.1922 -0.0831 0.1946 0.2369 0.9482
1311868249.7807 -1.0989 -0.0714 0.1966 -0.0831 0.1946 0.2377 0.9480
1311868249.8166 -1.0916 -0.0772 0.2013 -0.0836 0.1953 0.2367 0.9481
1311868249.8483 -1.0846 -0.0839 0.2058 -0.0833 0.1969 0.2358 0.9480
1311868249.8805 -1.0781 -0.0895 0.2095 -0.0820 0.1990 0.2364 0.9475
1311868249.9166 -1.0726 -0.0945 0.2141 -0.0806 0.2010 0.2371 0.9470
1311868249.9483 -1.0662 -0.1007 0.2193 -0.0793 0.2029 0.2377 0.9466
1311868249.9803 -1.0606 -0.1077 0.2230 -0.0774 0.2048 0.2375 0.9464
1311868250.0164 -1.0553 -0.1140 0.2270 -0.0758 0.2068 0.2364 0.9464
1311868250.0486 -1.0501 -0.1202 0.2306 -0.0747 0.2087 0.2358 0.9462
1311868250.0805 -1.0458 -0.1266 0.2358 -0.0737 0.2106 0.2351 0.9460
1311868250.1165 -1.0403 -0.1330 0.2401 -0.0726 0.2121 0.2326 0.9464
1311868250.1486 -1.0366 -0.1379 0.2442 -0.0711 0.2132 0.2310 0.9466
1311868250.1805 -1.0332 -0.1431 0.2504 -0.0699 0.2129 0.2317 0.9466
1311868250.2164 -1.0293 -0.1496 0.2546 -0.0688 0.2109 0.2335 0.9467
1311868250.2486 -1.0244 -0.1559 0.2592 -0.0682 0.2084 0.2342 0.9471
1311868250.2804 -1.0186 -0.1619 0.2625 -0.0666 0.2068 0.2344 0.9475
1311868250.3165 -1.0146 -0.1672 0.2662 -0.0643 0.2061 0.2362 0.9474
1311868250.3490 -1.0107 -0.1722 0.2691 -0.0625 0.2053 0.2374 0.9474
1311868250.3806 -1.0056 -0.1784 0.2720 -0.0617 0.2052 0.2361 0.9478
1311868250.4164 -1.0023 -0.1821 0.2753 -0.0599 0.2061 0.2339 0.9483
1311868250.4483 -0.9997 -0.1861 0.2789 -0.0584 0.2066 0.2335 0.9484
1311868250.4804 -0.9967 -0.1924 0.2820 -0.0577 0.2066 0.2322 0.9487
1311868250.5164 -0.9948 -0.1967 0.2854 -0.0571 0.2061 0.2294 0.9495
1311868250.5487 -0.9935 -0.2007 0.2897 -0.0561 0.2036 0.2301 0.9500
1311868250.5804 -0.9904 -0.2062 0.2925 -0.0554 0.1992 0.2341 0.9500
1311868250.6164 -0.9853 -0.2120 0.2947 -0.0548 0.1958 0.2367 0.9501
1311868250.6488 -0.9794 -0.2184 0.2951 -0.0544 0.1942 0.2361 0.9506
1311868250.6805 -0.9762 -0.2231 0.2966 -0.0531 0.1958 0.2344 0.9507
1311868250.7165 -0.9749 -0.2270 0.2987 -0.0508 0.1982 0.2346 0.9503
1311868250.7484 -0.9739 -0.2304 0.3004 -0.0484 0.1992 0.2341 0.9504
1311868250.7806 -0.9727 -0.2339 0.3015 -0.0468 0.1988 0.2321 0.9510
1311868250.8164 -0.9703 -0.2397 0.3027 -0.0456 0.1982 0.2302 0.9517
1311868250.8484 -0.9688 -0.2426 0.3031 -0.0425 0.1981 0.2294 0.9520
1311868250.8805 -0.9683 -0.2426 0.3030 -0.0402 0.1983 0.2282 0.9523
1311868250.9164 -0.9648 -0.2476 0.3034 -0.0405 0.1990 0.2269 0.9525
1311868250.9487 -0.9629 -0.2536 0.3042 -0.0387 0.2014 0.2237 0.9529
1311868250.9805 -0.9668 -0.2519 0.3039 -0.0338 0.2032 0.2204 0.9534
1311868251.0164 -0.9697 -0.2518 0.3041 -0.0322 0.2019 0.2173 0.9544
1311868251.0486 -0.9712 -0.2510 0.3044 -0.0313 0.1990 0.2150 0.9556
1311868251.0805 -0.9708 -0.2489 0.3031 -0.0315 0.1953 0.2138 0.9566
1311868251.1165 -0.9689 -0.2488 0.3025 -0.0325 0.1930 0.2143 0.9570
1311868251.1484 -0.9673 -0.2463 0.3010 -0.0323 0.1926 0.2155 0.9568
1311868251.1806 -0.9658 -0.2450 0.2997 -0.0334 0.1939 0.2154 0.9565
1311868251.2164 -0.9649 -0.2434 0.2983 -0.0344 0.1960 0.2139 0.9564
1311868251.2484 -0.9653 -0.2398 0.2968 -0.0355 0.1979 0.2118 0.9564
1311868251.2804 -0.9649 -0.2379 0.2962 -0.0375 0.1990 0.2094 0.9566
1311868251.3169 -0.9650 -0.2344 0.2950 -0.0383 0.1993 0.2071 0.9570
1311868251.3485 -0.9639 -0.2292 0.2927 -0.0392 0.1993 0.2066 0.9571
1311868251.3808 -0.9628 -0.2249 0.2910 -0.0399 0.1998 0.2083 0.9566
1311868251.4169 -0.9617 -0.2215 0.2896 -0.0407 0.2000 0.2089 0.9564
1311868251.4488 -0.9606 -0.2174 0.2874 -0.0405 0.1995 0.2081 0.9567
1311868251.4806 -0.9598 -0.2130 0.2838 -0.0413 0.1990 0.2080 0.9568
1311868251.5165 -0.9591 -0.2085 0.2807 -0.0422 0.1983 0.2095 0.9565
1311868251.5487 -0.9570 -0.2051 0.2774 -0.0438 0.1974 0.2107 0.9564
1311868251.5808 -0.9543 -0.2020 0.2731 -0.0440 0.1973 0.2122 0.9561
1311868251.6166 -0.9531 -0.1982 0.2686 -0.0432 0.1974 0.2141 0.9557
1311868251.6490 -0.9509 -0.1944 0.2634 -0.0418 0.1967 0.2145 0.9558
1311868251.6811 -0.9495 -0.1854 0.2566 -0.0396 0.1953 0.2130 0.9565
1311868251.7165 -0.9471 -0.1821 0.2513 -0.0408 0.1944 0.2101 0.9573
1311868251.7487 -0.9442 -0.1777 0.2454 -0.0414 0.1942 0.2062 0.9582
1311868251.7806 -0.9406 -0.1724 0.2389 -0.0419 0.1952 0.2036 0.9585
1311868251.8167 -0.9390 -0.1660 0.2327 -0.0424 0.1963 0.2034 0.9583
1311868251.8487 -0.9363 -0.1623 0.2275 -0.0437 0.1962 0.2041 0.9581
1311868251.8812 -0.9336 -0.1564 0.2217 -0.0443 0.1949 0.2047 0.9582
1311868251.9166 -0.9283 -0.1521 0.2159 -0.0457 0.1933 0.2037 0.9587
1311868251.9488 -0.9240 -0.1468 0.2092 -0.0465 0.1922 0.2024 0.9591
1311868251.9805 -0.9178 -0.1437 0.2027 -0.0475 0.1911 0.2009 0.9596
1311868252.0166 -0.9127 -0.1403 0.1951 -0.0461 0.1916 0.1997 0.9598
1311868252.0487 -0.9083 -0.1314 0.1869 -0.0440 0.1914 0.1978 0.9604
1311868252.0811 -0.9051 -0.1274 0.1799 -0.0445 0.1913 0.1958 0.9608
1311868252.1167 -0.9016 -0.1238 0.1725 -0.0445 0.1903 0.1943 0.9613
1311868252.1487 -0.8969 -0.1184 0.1643 -0.0442 0.1880 0.1921 0.9622
1311868252.1806 -0.8916 -0.1121 0.1563 -0.0446 0.1861 0.1885 0.9633
1311868252.2167 -0.8855 -0.1075 0.1482 -0.0449 0.1854 0.1845 0.9642
1311868252.2491 -0.8812 -0.0999 0.1394 -0.0442 0.1852 0.1800 0.9651
1311868252.2807 -0.8772 -0.0952 0.1319 -0.0451 0.1853 0.1741 0.9661
1311868252.3166 -0.8743 -0.0880 0.1231 -0.0450 0.1857 0.1683 0.9670
1311868252.3486 -0.8697 -0.0798 0.1153 -0.0459 0.1855 0.1640 0.9678
1311868252.3807 -0.8660 -0.0719 0.1075 -0.0467 0.1848 0.1612 0.9684
1311868252.4167 -0.8621 -0.0639 0.1008 -0.0479 0.1829 0.1600 0.9688
1311868252.4488 -0.8583 -0.0553 0.0942 -0.0487 0.1800 0.1601 0.9693
1311868252.4806 -0.8545 -0.0479 0.0873 -0.0503 0.1764 0.1619 0.9696
1311868252.5166 -0.8493 -0.0415 0.0816 -0.0517 0.1732 0.1639 0.9698
1311868252.5500 -0.8450 -0.0336 0.0749 -0.0518 0.1702 0.1652 0.9701
1311868252.5807 -0.8398 -0.0256 0.0678 -0.0532 0.1675 0.1654 0.9704
1311868252.6166 -0.8343 -0.0174 0.0617 -0.0544 0.1662 0.1665 0.9704
1311868252.6491 -0.8301 -0.0104 0.0552 -0.0563 0.1659 0.1675 0.9702
1311868252.6807 -0.8240 -0.0022 0.0492 -0.0580 0.1656 0.1669 0.9702
1311868252.7166 -0.8197 0.0040 0.0436 -0.0600 0.1660 0.1669 0.9701
1311868252.7487 -0.8171 0.0102 0.0383 -0.0613 0.1664 0.1681 0.9697
1311868252.7807 -0.8129 0.0173 0.0331 -0.0629 0.1654 0.1697 0.9695
1311868252.8167 -0.8078 0.0239 0.0288 -0.0645 0.1641 0.1708 0.9694
1311868252.8487 -0.8039 0.0294 0.0248 -0.0662 0.1636 0.1712 0.9693
1311868252.8807 -0.7984 0.0361 0.0208 -0.0668 0.1631 0.1729 0.9690
1311868252.9166 -0.7937 0.0415 0.0168 -0.0675 0.1629 0.1747 0.9687
1311868252.9487 -0.7889 0.0467 0.0137 -0.0684 0.1623 0.1748 0.9687
1311868252.9807 -0.7829 0.0514 0.0104 -0.0686 0.1618 0.1755 0.9687
1311868253.0167 -0.7790 0.0558 0.0070 -0.0686 0.1617 0.1771 0.9684
1311868253.0488 -0.7724 0.0606 0.0049 -0.0691 0.1605 0.1774 0.9685
1311868253.0808 -0.7665 0.0631 0.0024 -0.0690 0.1608 0.1788 0.9682
1311868253.1167 -0.7603 0.0687 -0.0008 -0.0679 0.1609 0.1810 0.9678
1311868253.1488 -0.7543 0.0744 -0.0033 -0.0682 0.1611 0.1830 0.9674
1311868253.1819 -0.7491 0.0785 -0.0052 -0.0697 0.1620 0.1852 0.9667
1311868253.2166 -0.7439 0.0815 -0.0071 -0.0713 0.1630 0.1859 0.9663
1311868253.2487 -0.7383 0.0853 -0.0091 -0.0732 0.1637 0.1841 0.9664
1311868253.2807 -0.7315 0.0902 -0.0103 -0.0750 0.1653 0.1813 0.9665
1311868253.3167 -0.7249 0.0936 -0.0123 -0.0766 0.1675 0.1813 0.9660
1311868253.3488 -0.7170 0.0966 -0.0135 -0.0777 0.1688 0.1824 0.9655
1311868253.3811 -0.7099 0.0995 -0.0153 -0.0782 0.1691 0.1823 0.9654
1311868253.4168 -0.7022 0.1030 -0.0162 -0.0791 0.1693 0.1820 0.9654
1311868253.4487 -0.6935 0.1056 -0.0178 -0.0796 0.1698 0.1833 0.9650
1311868253.4809 -0.6855 0.1081 -0.0194 -0.0811 0.1697 0.1849 0.9646
1311868253.5167 -0.6771 0.1096 -0.0192 -0.0828 0.1696 0.1851 0.9644
1311868253.5485 -0.6685 0.1116 -0.0197 -0.0834 0.1691 0.1848 0.9645
1311868253.5815 -0.6593 0.1131 -0.0186 -0.0833 0.1681 0.1838 0.9649
1311868253.6167 -0.6511 0.1144 -0.0187 -0.0820 0.1672 0.1825 0.9654
1311868253.6487 -0.6421 0.1152 -0.0190 -0.0795 0.1662 0.1827 0.9658
1311868253.6806 -0.6362 0.1181 -0.0202 -0.0751 0.1646 0.1835 0.9662
1311868253.7168 -0.6302 0.1230 -0.0223 -0.0721 0.1613 0.1838 0.9669
1311868253.7488 -0.6230 0.1263 -0.0222 -0.0717 0.1590 0.1843 0.9673
1311868253.7808 -0.6167 0.1296 -0.0240 -0.0711 0.1583 0.1860 0.9671
1311868253.8167 -0.6091 0.1335 -0.0245 -0.0712 0.1579 0.1875 0.9669
1311868253.8487 -0.6013 0.1367 -0.0251 -0.0710 0.1575 0.1881 0.9668
1311868253.8810 -0.5950 0.1406 -0.0274 -0.0708 0.1563 0.1882 0.9670
1311868253.9169 -0.5874 0.1444 -0.0282 -0.0716 0.1543 0.1890 0.9671
1311868253.9488 -0.5809 0.1475 -0.0291 -0.0721 0.1532 0.1900 0.9671
1311868253.9807 -0.5747 0.1500 -0.0306 -0.0726 0.1522 0.1894 0.9673
1311868254.0167 -0.5684 0.1535 -0.0322 -0.0730 0.1513 0.1867 0.9679
1311868254.0492 -0.5612 0.1570 -0.0336 -0.0729 0.1507 0.1834 0.9687
1311868254.0808 -0.5544 0.1614 -0.0354 -0.0721 0.1499 0.1807 0.9694
1311868254.1168 -0.5483 0.1655 -0.0372 -0.0718 0.1489 0.1783 0.9700
1311868254.1486 -0.5425 0.1696 -0.0392 -0.0714 0.1468 0.1761 0.9707
1311868254.1808 -0.5358 0.1749 -0.0412 -0.0714 0.1430 0.1742 0.9716
1311868254.2167 -0.5282 0.1794 -0.0432 -0.0718 0.1388 0.1732 0.9724
1311868254.2489 -0.5208 0.1849 -0.0462 -0.0714 0.1337 0.1731 0.9732
1311868254.2812 -0.5135 0.1898 -0.0492 -0.0722 0.1280 0.1722 0.9740
1311868254.3167 -0.5052 0.1944 -0.0522 -0.0731 0.1229 0.1707 0.9749
1311868254.3488 -0.4975 0.1992 -0.0568 -0.0738 0.1186 0.1696 0.9756
1311868254.3809 -0.4890 0.2037 -0.0604 -0.0755 0.1145 0.1672 0.9763
1311868254.4169 -0.4805 0.2086 -0.0643 -0.0772 0.1108 0.1627 0.9774
1311868254.4489 -0.4727 0.2128 -0.0688 -0.0788 0.1075 0.1578 0.9784
1311868254.4812 -0.4645 0.2186 -0.0734 -0.0796 0.1033 0.1529 0.9796
1311868254.5167 -0.4573 0.2230 -0.0783 -0.0813 0.0984 0.1494 0.9805
1311868254.5489 -0.4516 0.2279 -0.0846 -0.0829 0.0934 0.1474 0.9812
1311868254.5809 -0.4465 0.2318 -0.0894 -0.0858 0.0886 0.1445 0.9818
1311868254.6168 -0.4393 0.2371 -0.0949 -0.0881 0.0844 0.1414 0.9824
1311868254.6487 -0.4309 0.2430 -0.0983 -0.0905 0.0814 0.1385 0.9829
1311868254.6809 -0.4235 0.2483 -0.1029 -0.0919 0.0797 0.1362 0.9832
1311868254.7168 -0.4171 0.2540 -0.1077 -0.0935 0.0775 0.1355 0.9833
1311868254.7488 -0.4099 0.2599 -0.1116 -0.0953 0.0743 0.1353 0.9834
1311868254.7849 -0.4035 0.2656 -0.1162 -0.0968 0.0708 0.1354 0.9835
1311868254.8169 -0.3952 0.2718 -0.1184 -0.0982 0.0670 0.1341 0.9838
1311868254.8489 -0.3888 0.2771 -0.1216 -0.0990 0.0650 0.1328 0.9840
1311868254.8852 -0.3835 0.2817 -0.1259 -0.1003 0.0642 0.1327 0.9840
1311868254.9170 -0.3764 0.2874 -0.1287 -0.1013 0.0628 0.1335 0.9839
1311868254.9490 -0.3707 0.2916 -0.1331 -0.1023 0.0609 0.1343 0.9838
1311868254.9848 -0.3654 0.2965 -0.1367 -0.1031 0.0588 0.1344 0.9838
1311868255.0169 -0.3596 0.3010 -0.1406 -0.1037 0.0568 0.1342 0.9839
1311868255.0493 -0.3549 0.3056 -0.1447 -0.1041 0.0553 0.1338 0.9840
1311868255.0850 -0.3494 0.3102 -0.1466 -0.1039 0.0537 0.1333 0.9841
1311868255.1167 -0.3448 0.3133 -0.1510 -0.1033 0.0524 0.1334 0.9843
1311868255.1488 -0.3414 0.3173 -0.1564 -0.1032 0.0503 0.1332 0.9844
1311868255.1851 -0.3371 0.3218 -0.1587 -0.1033 0.0483 0.1324 0.9846
1311868255.2169 -0.3323 0.3253 -0.1618 -0.1030 0.0470 0.1316 0.9848
1311868255.2487 -0.3287 0.3288 -0.1647 -0.1027 0.0461 0.1307 0.9850
1311868255.2850 -0.3240 0.3311 -0.1672 -0.1030 0.0451 0.1308 0.9850
1311868255.3170 -0.3210 0.3336 -0.1707 -0.1031 0.0443 0.1311 0.9850
1311868255.3490 -0.3163 0.3365 -0.1710 -0.1035 0.0431 0.1305 0.9851
1311868255.3848 -0.3125 0.3387 -0.1728 -0.1032 0.0430 0.1307 0.9851
1311868255.4175 -0.3073 0.3418 -0.1733 -0.1025 0.0430 0.1313 0.9851
1311868255.4490 -0.3030 0.3430 -0.1745 -0.1014 0.0429 0.1316 0.9852
1311868255.4848 -0.2985 0.3454 -0.1750 -0.0999 0.0419 0.1315 0.9854
1311868255.5171 -0.2943 0.3459 -0.1769 -0.0985 0.0408 0.1321 0.9855
1311868255.5489 -0.2911 0.3470 -0.1780 -0.0977 0.0399 0.1332 0.9855
1311868255.5858 -0.2883 0.3485 -0.1798 -0.0981 0.0397 0.1344 0.9853
1311868255.6169 -0.2822 0.3502 -0.1779 -0.0986 0.0399 0.1354 0.9851
1311868255.6493 -0.2774 0.3517 -0.1790 -0.0991 0.0409 0.1356 0.9849
1311868255.6849 -0.2719 0.3538 -0.1789 -0.0999 0.0415 0.1342 0.9850
1311868255.7169 -0.2657 0.3553 -0.1780 -0.1002 0.0416 0.1320 0.9853
1311868255.7488 -0.2606 0.3559 -0.1788 -0.1005 0.0415 0.1305 0.9855
1311868255.7850 -0.2544 0.3568 -0.1786 -0.1013 0.0409 0.1292 0.9856
1311868255.8175 -0.2483 0.3582 -0.1791 -0.1022 0.0407 0.1292 0.9855
1311868255.8488 -0.2395 0.3598 -0.1761 -0.1028 0.0402 0.1291 0.9855
1311868255.8850 -0.2308 0.3596 -0.1749 -0.1030 0.0404 0.1291 0.9854
1311868255.9169 -0.2231 0.3599 -0.1755 -0.1030 0.0405 0.1303 0.9853
1311868255.9489 -0.2137 0.3599 -0.1743 -0.1031 0.0393 0.1317 0.9851
1311868255.9848 -0.2045 0.3597 -0.1738 -0.1035 0.0373 0.1316 0.9852
1311868256.0175 -0.1952 0.3598 -0.1721 -0.1039 0.0356 0.1305 0.9853
1311868256.0489 -0.1861 0.3588 -0.1711 -0.1044 0.0341 0.1290 0.9855
1311868256.0848 -0.1764 0.3585 -0.1694 -0.1049 0.0327 0.1256 0.9860
1311868256.1173 -0.1662 0.3571 -0.1668 -0.1046 0.0323 0.1218 0.9865
1311868256.1497 -0.1569 0.3551 -0.1661 -0.1038 0.0322 0.1191 0.9869
1311868256.1848 -0.1475 0.3526 -0.1664 -0.1032 0.0314 0.1175 0.9872
1311868256.2169 -0.1384 0.3504 -0.1669 -0.1040 0.0299 0.1166 0.9873
1311868256.2489 -0.1283 0.3487 -0.1658 -0.1054 0.0286 0.1150 0.9873
1311868256.2848 -0.1178 0.3482 -0.1626 -0.1056 0.0281 0.1122 0.9877
1311868256.3168 -0.1078 0.3468 -0.1602 -0.1046 0.0285 0.1094 0.9881
1311868256.3489 -0.0983 0.3456 -0.1589 -0.1023 0.0290 0.1071 0.9885
1311868256.3855 -0.0894 0.3443 -0.1583 -0.1000 0.0287 0.1044 0.9891
1311868256.4177 -0.0808 0.3422 -0.1570 -0.0977 0.0285 0.1033 0.9894
1311868256.4489 -0.0723 0.3410 -0.1569 -0.0954 0.0275 0.1050 0.9895
1311868256.4849 -0.0634 0.3399 -0.1562 -0.0936 0.0253 0.1060 0.9896
1311868256.5172 -0.0545 0.3385 -0.1547 -0.0916 0.0233 0.1066 0.9898
1311868256.5488 -0.0462 0.3377 -0.1552 -0.0893 0.0216 0.1076 0.9899
1311868256.5849 -0.0377 0.3357 -0.1528 -0.0876 0.0206 0.1078 0.9901
1311868256.6169 -0.0282 0.3346 -0.1516 -0.0853 0.0204 0.1081 0.9903
1311868256.6491 -0.0198 0.3332 -0.1510 -0.0831 0.0211 0.1089 0.9903
1311868256.6849 -0.0114 0.3313 -0.1511 -0.0822 0.0212 0.1099 0.9903
1311868256.7171 -0.0029 0.3300 -0.1490 -0.0815 0.0201 0.1092 0.9905
1311868256.7491 0.0051 0.3287 -0.1477 -0.0803 0.0188 0.1080 0.9907
1311868256.7852 0.0132 0.3277 -0.1462 -0.0792 0.0166 0.1067 0.9910
1311868256.8168 0.0209 0.3267 -0.1454 -0.0780 0.0132 0.1042 0.9914
1311868256.8489 0.0268 0.3257 -0.1437 -0.0770 0.0095 0.1006 0.9919
1311868256.8850 0.0361 0.3232 -0.1435 -0.0769 0.0052 0.0972 0.9923
1311868256.9169 0.0441 0.3214 -0.1422 -0.0768 0.0027 0.0942 0.9926
1311868256.9492 0.0530 0.3192 -0.1407 -0.0768 0.0009 0.0911 0.9929
1311868256.9849 0.0620 0.3171 -0.1385 -0.0768 -0.0005 0.0885 0.9931
1311868257.0171 0.0697 0.3148 -0.1366 -0.0756 -0.0025 0.0871 0.9933
1311868257.0492 0.0759 0.3135 -0.1368 -0.0743 -0.0060 0.0846 0.9936
1311868257.0852 0.0833 0.3115 -0.1350 -0.0736 -0.0102 0.0796 0.9940
1311868257.1170 0.0913 0.3085 -0.1351 -0.0726 -0.0140 0.0751 0.9944
1311868257.1492 0.0989 0.3061 -0.1362 -0.0720 -0.0169 0.0712 0.9947
1311868257.1850 0.1079 0.3032 -0.1356 -0.0721 -0.0194 0.0683 0.9949
1311868257.2168 0.1159 0.3006 -0.1377 -0.0728 -0.0218 0.0664 0.9949
1311868257.2489 0.1250 0.2985 -0.1390 -0.0752 -0.0245 0.0633 0.9949
1311868257.2849 0.1343 0.2953 -0.1390 -0.0782 -0.0267 0.0587 0.9948
1311868257.3170 0.1437 0.2917 -0.1399 -0.0806 -0.0281 0.0545 0.9949
1311868257.3490 0.1526 0.2898 -0.1408 -0.0834 -0.0301 0.0515 0.9947
1311868257.3849 0.1618 0.2865 -0.1377 -0.0863 -0.0334 0.0483 0.9945
1311868257.4168 0.1700 0.2828 -0.1359 -0.0866 -0.0377 0.0462 0.9945
1311868257.4491 0.1794 0.2786 -0.1370 -0.0866 -0.0425 0.0440 0.9944
1311868257.4850 0.1891 0.2749 -0.1363 -0.0863 -0.0459 0.0412 0.9944
1311868257.5168 0.1972 0.2713 -0.1363 -0.0847 -0.0481 0.0394 0.9945
1311868257.5495 0.2048 0.2683 -0.1378 -0.0833 -0.0507 0.0360 0.9946
1311868257.5853 0.2124 0.2649 -0.1372 -0.0816 -0.0527 0.0300 0.9948
1311868257.6180 0.2202 0.2611 -0.1385 -0.0799 -0.0553 0.0263 0.9949
1311868257.6491 0.2273 0.2582 -0.1384 -0.0785 -0.0590 0.0239 0.9949
1311868257.6849 0.2344 0.2549 -0.1403 -0.0779 -0.0629 0.0225 0.9947
1311868257.7180 0.2418 0.2514 -0.1401 -0.0789 -0.0670 0.0218 0.9944
1311868257.7496 0.2479 0.2474 -0.1369 -0.0784 -0.0694 0.0195 0.9943
1311868257.7855 0.2542 0.2430 -0.1387 -0.0771 -0.0705 0.0159 0.9944
1311868257.8169 0.2595 0.2395 -0.1366 -0.0761 -0.0706 0.0096 0.9946
1311868257.8492 0.2645 0.2334 -0.1359 -0.0745 -0.0693 0.0052 0.9948
1311868257.8853 0.2692 0.2279 -0.1365 -0.0734 -0.0689 0.0029 0.9949
1311868257.9170 0.2729 0.2231 -0.1377 -0.0740 -0.0703 -0.0001 0.9948
1311868257.9490 0.2753 0.2176 -0.1363 -0.0749 -0.0732 -0.0030 0.9945
1311868257.9852 0.2779 0.2152 -0.1376 -0.0773 -0.0781 -0.0035 0.9939
1311868258.0168 0.2802 0.2090 -0.1332 -0.0823 -0.0843 -0.0039 0.9930
1311868258.0489 0.2820 0.2016 -0.1279 -0.0856 -0.0917 -0.0043 0.9921
1311868258.0862 0.2851 0.1945 -0.1251 -0.0867 -0.1002 -0.0057 0.9912
1311868258.1176 0.2902 0.1881 -0.1227 -0.0885 -0.1082 -0.0082 0.9901
1311868258.1493 0.2958 0.1813 -0.1177 -0.0915 -0.1150 -0.0104 0.9891
1311868258.1851 0.3006 0.1748 -0.1125 -0.0938 -0.1185 -0.0124 0.9884
1311868258.2169 0.3063 0.1672 -0.1072 -0.0955 -0.1188 -0.0145 0.9882
1311868258.2518 0.3123 0.1602 -0.1025 -0.0960 -0.1167 -0.0169 0.9884
1311868258.2852 0.3168 0.1533 -0.0986 -0.0970 -0.1128 -0.0196 0.9887
1311868258.3172 0.3201 0.1469 -0.0940 -0.0995 -0.1103 -0.0205 0.9887
1311868258.3491 0.3222 0.1379 -0.0867 -0.1023 -0.1101 -0.0205 0.9884
1311868258.3850 0.3249 0.1294 -0.0814 -0.1033 -0.1113 -0.0209 0.9882
1311868258.4170 0.3282 0.1209 -0.0757 -0.1037 -0.1125 -0.0248 0.9879
1311868258.4491 0.3326 0.1101 -0.0704 -0.1031 -0.1122 -0.0297 0.9879
1311868258.4849 0.3362 0.0987 -0.0657 -0.1019 -0.1098 -0.0329 0.9882
1311868258.5173 0.3409 0.0861 -0.0612 -0.1005 -0.1080 -0.0354 0.9884
1311868258.5493 0.3437 0.0784 -0.0550 -0.0974 -0.1058 -0.0376 0.9889
1311868258.5851 0.3464 0.0682 -0.0507 -0.0947 -0.1042 -0.0364 0.9894
1311868258.6169 0.3483 0.0618 -0.0463 -0.0927 -0.1045 -0.0334 0.9896
1311868258.6489 0.3509 0.0524 -0.0398 -0.0923 -0.1065 -0.0300 0.9896
1311868258.6851 0.3528 0.0437 -0.0345 -0.0897 -0.1095 -0.0258 0.9896
1311868258.7169 0.3566 0.0383 -0.0305 -0.0876 -0.1140 -0.0227 0.9893
1311868258.7490 0.3595 0.0318 -0.0254 -0.0869 -0.1180 -0.0191 0.9890
1311868258.7850 0.3630 0.0264 -0.0211 -0.0867 -0.1222 -0.0159 0.9886
1311868258.8170 0.3676 0.0179 -0.0148 -0.0864 -0.1254 -0.0165 0.9882
1311868258.8489 0.3723 0.0108 -0.0112 -0.0847 -0.1264 -0.0184 0.9882
1311868258.8856 0.3765 0.0037 -0.0073 -0.0829 -0.1254 -0.0217 0.9884
1311868258.9177 0.3801 -0.0021 -0.0022 -0.0813 -0.1243 -0.0240 0.9886
1311868258.9499 0.3813 -0.0082 0.0039 -0.0800 -0.1247 -0.0253 0.9886
1311868258.9851 0.3848 -0.0130 0.0075 -0.0780 -0.1273 -0.0268 0.9884
1311868259.0170 0.3905 -0.0183 0.0133 -0.0769 -0.1306 -0.0304 0.9880
1311868259.0489 0.3971 -0.0241 0.0179 -0.0754 -0.1319 -0.0344 0.9878
1311868259.0852 0.4001 -0.0289 0.0243 -0.0746 -0.1316 -0.0385 0.9877
1311868259.1169 0.4036 -0.0338 0.0304 -0.0732 -0.1324 -0.0412 0.9876
1311868259.1492 0.4059 -0.0388 0.0376 -0.0716 -0.1344 -0.0433 0.9874
1311868259.1857 0.4096 -0.0448 0.0440 -0.0689 -0.1380 -0.0456 0.9870
1311868259.2170 0.4158 -0.0492 0.0491 -0.0655 -0.1420 -0.0483 0.9865
1311868259.2490 0.4218 -0.0537 0.0539 -0.0623 -0.1448 -0.0508 0.9862
1311868259.2850 0.4287 -0.0560 0.0574 -0.0606 -0.1466 -0.0527 0.9859
1311868259.3170 0.4331 -0.0581 0.0623 -0.0596 -0.1479 -0.0556 0.9856
1311868259.3502 0.4378 -0.0607 0.0670 -0.0595 -0.1504 -0.0583 0.9851
1311868259.3851 0.4453 -0.0672 0.0727 -0.0595 -0.1535 -0.0619 0.9844
1311868259.4171 0.4543 -0.0741 0.0780 -0.0582 -0.1550 -0.0663 0.9840
1311868259.4491 0.4641 -0.0797 0.0815 -0.0555 -0.1545 -0.0693 0.9840
1311868259.4852 0.4709 -0.0828 0.0858 -0.0528 -0.1518 -0.0717 0.9844
1311868259.5172 0.4765 -0.0840 0.0890 -0.0491 -0.1497 -0.0748 0.9847
1311868259.5495 0.4835 -0.0822 0.0910 -0.0464 -0.1492 -0.0786 0.9846
1311868259.5851 0.4901 -0.0841 0.0950 -0.0458 -0.1496 -0.0840 0.9841
1311868259.6171 0.4969 -0.0856 0.0980 -0.0452 -0.1497 -0.0884 0.9837
1311868259.6493 0.5030 -0.0860 0.1015 -0.0453 -0.1496 -0.0903 0.9836
1311868259.6850 0.5068 -0.0857 0.1043 -0.0460 -0.1498 -0.0895 0.9836
1311868259.7171 0.5099 -0.0879 0.1080 -0.0475 -0.1513 -0.0878 0.9834
1311868259.7490 0.5163 -0.0896 0.1106 -0.0469 -0.1546 -0.0862 0.9831
1311868259.7850 0.5225 -0.0898 0.1127 -0.0461 -0.1577 -0.0861 0.9826
1311868259.8180 0.5283 -0.0916 0.1155 -0.0446 -0.1603 -0.0881 0.9821
1311868259.8492 0.5358 -0.0945 0.1172 -0.0421 -0.1621 -0.0908 0.9817
1311868259.8852 0.5420 -0.0938 0.1171 -0.0398 -0.1618 -0.0921 0.9817
1311868259.9175 0.5448 -0.0933 0.1181 -0.0392 -0.1603 -0.0913 0.9821
1311868259.9491 0.5449 -0.0927 0.1196 -0.0386 -0.1597 -0.0892 0.9824
1311868259.9850 0.5468 -0.0892 0.1198 -0.0374 -0.1615 -0.0871 0.9823
1311868260.0171 0.5494 -0.0873 0.1203 -0.0385 -0.1642 -0.0857 0.9819
1311868260.0491 0.5511 -0.0885 0.1217 -0.0391 -0.1666 -0.0864 0.9815
1311868260.0853 0.5555 -0.0864 0.1215 -0.0389 -0.1682 -0.0871 0.9811
1311868260.1170 0.5573 -0.0849 0.1221 -0.0397 -0.1678 -0.0872 0.9812
1311868260.1491 0.5570 -0.0840 0.1224 -0.0407 -0.1664 -0.0880 0.9813
1311868260.1849 0.5580 -0.0790 0.1227 -0.0415 -0.1652 -0.0878 0.9815
1311868260.2170 0.5558 -0.0770 0.1235 -0.0444 -0.1641 -0.0864 0.9816
1311868260.2491 0.5536 -0.0756 0.1237 -0.0471 -0.1640 -0.0842 0.9817
1311868260.2850 0.5511 -0.0746 0.1246 -0.0492 -0.1644 -0.0828 0.9817
1311868260.3172 0.5488 -0.0733 0.1246 -0.0504 -0.1651 -0.0820 0.9816
1311868260.3492 0.5447 -0.0714 0.1242 -0.0522 -0.1659 -0.0797 0.9815
1311868260.3859 0.5406 -0.0720 0.1247 -0.0540 -0.1680 -0.0769 0.9813
1311868260.4172 0.5389 -0.0706 0.1245 -0.0533 -0.1704 -0.0759 0.9810
1311868260.4492 0.5371 -0.0701 0.1238 -0.0529 -0.1716 -0.0779 0.9807
1311868260.4851 0.5335 -0.0700 0.1234 -0.0522 -0.1715 -0.0805 0.9805
1311868260.5172 0.5291 -0.0688 0.1225 -0.0511 -0.1708 -0.0817 0.9806
1311868260.5493 0.5248 -0.0664 0.1217 -0.0502 -0.1708 -0.0812 0.9807
1311868260.5885 0.5192 -0.0655 0.1211 -0.0503 -0.1715 -0.0805 0.9806
1311868260.6170 0.5146 -0.0638 0.1207 -0.0502 -0.1737 -0.0794 0.9803
1311868260.6492 0.5109 -0.0630 0.1207 -0.0506 -0.1765 -0.0797 0.9798
1311868260.6852 0.5088 -0.0633 0.1210 -0.0513 -0.1791 -0.0815 0.9791
1311868260.7170 0.5066 -0.0633 0.1213 -0.0520 -0.1803 -0.0829 0.9787
1311868260.7491 0.5032 -0.0633 0.1221 -0.0529 -0.1806 -0.0830 0.9786
1311868260.7850 0.4997 -0.0635 0.1222 -0.0535 -0.1807 -0.0823 0.9786
1311868260.8174 0.4957 -0.0626 0.1222 -0.0538 -0.1815 -0.0818 0.9785
1311868260.8494 0.4926 -0.0612 0.1219 -0.0538 -0.1830 -0.0815 0.9782
1311868260.8851 0.4912 -0.0608 0.1219 -0.0549 -0.1851 -0.0820 0.9778
1311868260.9170 0.4888 -0.0619 0.1229 -0.0558 -0.1861 -0.0833 0.9774
1311868260.9492 0.4878 -0.0624 0.1227 -0.0560 -0.1864 -0.0838 0.9773
1311868260.9857 0.4855 -0.0625 0.1224 -0.0560 -0.1859 -0.0833 0.9774
1311868261.0171 0.4829 -0.0614 0.1215 -0.0557 -0.1859 -0.0826 0.9775
1311868261.0494 0.4810 -0.0613 0.1211 -0.0556 -0.1868 -0.0833 0.9773
1311868261.0851 0.4803 -0.0613 0.1205 -0.0552 -0.1877 -0.0851 0.9770
1311868261.1175 0.4792 -0.0614 0.1200 -0.0548 -0.1880 -0.0865 0.9768
1311868261.1492 0.4795 -0.0610 0.1197 -0.0545 -0.1880 -0.0879 0.9767
1311868261.1851 0.4786 -0.0610 0.1198 -0.0544 -0.1869 -0.0896 0.9768
1311868261.2173 0.4778 -0.0605 0.1193 -0.0545 -0.1857 -0.0899 0.9770
1311868261.2507 0.4756 -0.0618 0.1192 -0.0554 -0.1845 -0.0891 0.9772
1311868261.2852 0.4731 -0.0613 0.1192 -0.0550 -0.1841 -0.0878 0.9774
1311868261.3173 0.4714 -0.0603 0.1185 -0.0544 -0.1854 -0.0880 0.9772
1311868261.3505 0.4716 -0.0590 0.1185 -0.0542 -0.1879 -0.0891 0.9766
1311868261.3852 0.4718 -0.0600 0.1193 -0.0554 -0.1895 -0.0895 0.9762
1311868261.4172 0.4722 -0.0615 0.1198 -0.0562 -0.1902 -0.0884 0.9761
1311868261.4509 0.4727 -0.0627 0.1205 -0.0565 -0.1900 -0.0868 0.9763
1311868261.4853 0.4723 -0.0627 0.1205 -0.0560 -0.1896 -0.0858 0.9765
1311868261.5173 0.4709 -0.0622 0.1201 -0.0555 -0.1896 -0.0860 0.9765
1311868261.5536 0.4705 -0.0621 0.1196 -0.0552 -0.1904 -0.0873 0.9763
1311868261.5863 0.4719 -0.0623 0.1199 -0.0552 -0.1916 -0.0880 0.9760
1311868261.6172 0.4728 -0.0621 0.1200 -0.0554 -0.1917 -0.0880 0.9759
1311868261.6541 0.4726 -0.0618 0.1204 -0.0561 -0.1909 -0.0880 0.9760
1311868261.6852 0.4710 -0.0617 0.1205 -0.0564 -0.1900 -0.0885 0.9762
1311868261.7195 0.4702 -0.0602 0.1203 -0.0567 -0.1899 -0.0892 0.9761
1311868261.7517 0.4686 -0.0604 0.1206 -0.0576 -0.1902 -0.0902 0.9759
1311868261.7871 0.4694 -0.0595 0.1209 -0.0578 -0.1911 -0.0910 0.9756
1311868261.8172 0.4695 -0.0604 0.1216 -0.0586 -0.1912 -0.0919 0.9755
1311868261.8530 0.4699 -0.0587 0.1217 -0.0588 -0.1908 -0.0916 0.9756
1311868261.8851 0.4694 -0.0589 0.1224 -0.0600 -0.1903 -0.0914 0.9756
1311868261.9171 0.4689 -0.0590 0.1226 -0.0608 -0.1899 -0.0914 0.9756
1311868261.9535 0.4676 -0.0597 0.1230 -0.0614 -0.1897 -0.0918 0.9756
1311868261.9853 0.4672 -0.0587 0.1225 -0.0611 -0.1900 -0.0916 0.9756
1311868262.0180 0.4674 -0.0593 0.1230 -0.0616 -0.1911 -0.0918 0.9753
1311868262.0536 0.4673 -0.0599 0.1228 -0.0613 -0.1917 -0.0920 0.9752
1311868262.0854 0.4684 -0.0603 0.1229 -0.0612 -0.1920 -0.0920 0.9752
1311868262.1179 0.4687 -0.0605 0.1224 -0.0606 -0.1916 -0.0914 0.9753
1311868262.1505 0.4690 -0.0597 0.1219 -0.0603 -0.1913 -0.0911 0.9754
1311868262.1855 0.4694 -0.0604 0.1219 -0.0603 -0.1913 -0.0915 0.9754
1311868262.2173 0.4702 -0.0608 0.1219 -0.0605 -0.1911 -0.0917 0.9754
1311868262.2532 0.4701 -0.0615 0.1220 -0.0605 -0.1903 -0.0916 0.9756
1311868262.2874 0.4694 -0.0624 0.1216 -0.0601 -0.1894 -0.0911 0.9758
1311868262.3173 0.4697 -0.0597 0.1209 -0.0597 -0.1891 -0.0902 0.9760
1311868262.3511 0.4678 -0.0609 0.1215 -0.0606 -0.1894 -0.0904 0.9759
1311868262.3861 0.4677 -0.0604 0.1213 -0.0605 -0.1906 -0.0893 0.9757
1311868262.4192 0.4686 -0.0611 0.1215 -0.0610 -0.1917 -0.0887 0.9755
1311868262.4530 0.4698 -0.0616 0.1221 -0.0609 -0.1919 -0.0894 0.9754
1311868262.4852 0.4694 -0.0621 0.1219 -0.0605 -0.1909 -0.0901 0.9756
1311868262.5215 0.4692 -0.0615 0.1214 -0.0604 -0.1900 -0.0897 0.9758
1311868262.5510 0.4685 -0.0619 0.1216 -0.0606 -0.1893 -0.0889 0.9760
1311868262.5851 0.4686 -0.0622 0.1216 -0.0607 -0.1893 -0.0886 0.9760
1311868262.6217 0.4685 -0.0629 0.1214 -0.0605 -0.1891 -0.0887 0.9761
1311868262.6508 0.4686 -0.0633 0.1214 -0.0604 -0.1889 -0.0881 0.9762
1311868262.6853 0.4688 -0.0631 0.1210 -0.0600 -0.1887 -0.0870 0.9763
1311868262.7212 0.4690 -0.0634 0.1214 -0.0599 -0.1886 -0.0869 0.9764
1311868262.7505 0.4690 -0.0626 0.1211 -0.0590 -0.1884 -0.0871 0.9764
1311868262.7852 0.4690 -0.0620 0.1208 -0.0590 -0.1884 -0.0872 0.9764
1311868262.8216 0.4688 -0.0618 0.1206 -0.0593 -0.1884 -0.0867 0.9765
1311868262.8506 0.4687 -0.0623 0.1209 -0.0598 -0.1886 -0.0866 0.9764
1311868262.8853 0.4686 -0.0622 0.1208 -0.0596 -0.1888 -0.0866 0.9764
1311868262.9227 0.4687 -0.0615 0.1207 -0.0595 -0.1892 -0.0864 0.9763
1311868262.9507 0.4691 -0.0612 0.1208 -0.0599 -0.1895 -0.0860 0.9763
1311868262.9856 0.4692 -0.0621 0.1211 -0.0604 -0.1895 -0.0857 0.9763
1311868263.0207 0.4694 -0.0621 0.1209 -0.0603 -0.1894 -0.0857 0.9763
1311868263.0533 0.4695 -0.0622 0.1209 -0.0601 -0.1893 -0.0863 0.9763
1311868263.0852 0.4690 -0.0615 0.1204 -0.0598 -0.1892 -0.0865 0.9763
1311868263.1214 0.4693 -0.0610 0.1206 -0.0601 -0.1895 -0.0867 0.9762
1311868263.1543 0.4700 -0.0610 0.1208 -0.0607 -0.1897 -0.0864 0.9762
1311868263.1855 0.4702 -0.0613 0.1211 -0.0615 -0.1894 -0.0865 0.9761
