1311868164.4309 0.0009 0.0012 -0.0049 -0.0023 -0.0026 -0.0021 1.0000
1311868164.4631 0.0039 0.0029 -0.0086 -0.0044 -0.0034 -0.0051 1.0000
1311868164.4991 0.0067 0.0026 -0.0115 -0.0064 -0.0018 -0.0085 0.9999
1311868164.5310 0.0076 0.0020 -0.0134 -0.0069 0.0017 -0.0100 0.9999
1311868164.5630 0.0090 0.0017 -0.0162 -0.0067 0.0043 -0.0113 0.9999
1311868164.5991 0.0129 0.0007 -0.0201 -0.0058 0.0046 -0.0132 0.9999
1311868164.6311 0.0163 0.0006 -0.0255 -0.0043 0.0052 -0.0145 0.9999
1311868164.6631 0.0190 0.0008 -0.0302 -0.0035 0.0043 -0.0150 0.9999
1311868164.6990 0.0214 0.0008 -0.0338 -0.0037 0.0027 -0.0148 0.9999
1311868164.7310 0.0264 -0.0009 -0.0357 -0.0039 0.0009 -0.0141 0.9999
1311868164.7631 0.0306 -0.0023 -0.0401 -0.0019 -0.0004 -0.0133 0.9999
1311868164.7991 0.0357 -0.0039 -0.0418 0.0003 -0.0010 -0.0135 0.9999
1311868164.8310 0.0417 -0.0051 -0.0445 0.0042 -0.0009 -0.0138 0.9999
1311868164.8631 0.0477 -0.0050 -0.0478 0.0077 0.0005 -0.0148 0.9999
1311868164.8991 0.0519 -0.0062 -0.0500 0.0112 0.0029 -0.0153 0.9998
1311868164.9309 0.0578 -0.0041 -0.0554 0.0144 0.0041 -0.0178 0.9997
1311868164.9631 0.0632 -0.0016 -0.0601 0.0145 0.0044 -0.0199 0.9997
1311868164.9990 0.0670 -0.0038 -0.0604 0.0121 0.0031 -0.0201 0.9997
1311868165.0311 0.0745 -0.0050 -0.0630 0.0118 -0.0004 -0.0197 0.9997
1311868165.0631 0.0825 -0.0052 -0.0675 0.0116 -0.0041 -0.0209 0.9997
1311868165.0992 0.0903 -0.0061 -0.0704 0.0111 -0.0067 -0.0234 0.9996
1311868165.1310 0.0978 -0.0077 -0.0739 0.0127 -0.0087 -0.0258 0.9995
1311868165.1631 0.1061 -0.0048 -0.0791 0.0156 -0.0105 -0.0292 0.9994
1311868165.1991 0.1140 -0.0032 -0.0846 0.0166 -0.0118 -0.0318 0.9993
1311868165.2312 0.1220 -0.0013 -0.0895 0.0163 -0.0125 -0.0334 0.9992
1311868165.2630 0.1291 0.0021 -0.0935 0.0154 -0.0144 -0.0351 0.9992
1311868165.2991 0.1371 0.0052 -0.0981 0.0129 -0.0182 -0.0366 0.9991
1311868165.3312 0.1472 0.0056 -0.1006 0.0089 -0.0229 -0.0377 0.9990
1311868165.3631 0.1536 0.0049 -0.1024 0.0071 -0.0252 -0.0379 0.9989
1311868165.3992 0.1596 0.0069 -0.1059 0.0071 -0.0261 -0.0389 0.9989
1311868165.4310 0.1669 0.0122 -0.1102 0.0059 -0.0266 -0.0396 0.9988
1311868165.4631 0.1721 0.0152 -0.1133 0.0015 -0.0268 -0.0377 0.9989
1311868165.4992 0.1763 0.0164 -0.1159 -0.0034 -0.0280 -0.0354 0.9990
1311868165.5311 0.1811 0.0170 -0.1176 -0.0080 -0.0290 -0.0340 0.9990
1311868165.5631 0.1887 0.0160 -0.1201 -0.0115 -0.0294 -0.0329 0.9990
1311868165.5992 0.1909 0.0146 -0.1219 -0.0124 -0.0282 -0.0335 0.9990
1311868165.6312 0.1972 0.0147 -0.1269 -0.0115 -0.0275 -0.0354 0.9989
1311868165.6633 0.2028 0.0149 -0.1297 -0.0109 -0.0254 -0.0363 0.9990
1311868165.6992 0.2088 0.0154 -0.1343 -0.0096 -0.0234 -0.0371 0.9990
1311868165.7312 0.2116 0.0165 -0.1405 -0.0087 -0.0214 -0.0381 0.9990
1311868165.7631 0.2140 0.0192 -0.1483 -0.0088 -0.0185 -0.0378 0.9991
1311868165.7991 0.2167 0.0213 -0.1540 -0.0105 -0.0153 -0.0360 0.9992
1311868165.8312 0.2187 0.0232 -0.1610 -0.0126 -0.0128 -0.0354 0.9992
1311868165.8632 0.2214 0.0250 -0.1662 -0.0154 -0.0100 -0.0360 0.9992
1311868165.8992 0.2237 0.0256 -0.1705 -0.0173 -0.0067 -0.0362 0.9992
1311868165.9312 0.2233 0.0258 -0.1756 -0.0174 -0.0027 -0.0353 0.9992
1311868165.9632 0.2223 0.0271 -0.1829 -0.0169 0.0010 -0.0347 0.9993
1311868165.9991 0.2220 0.0318 -0.1923 -0.0174 0.0040 -0.0334 0.9993
1311868166.0312 0.2215 0.0348 -0.1997 -0.0192 0.0076 -0.0295 0.9994
1311868166.0631 0.2215 0.0393 -0.2074 -0.0220 0.0105 -0.0258 0.9994
1311868166.0992 0.2189 0.0420 -0.2126 -0.0265 0.0128 -0.0251 0.9993
1311868166.1313 0.2172 0.0452 -0.2175 -0.0292 0.0138 -0.0258 0.9991
1311868166.1632 0.2159 0.0501 -0.2245 -0.0319 0.0146 -0.0264 0.9990
1311868166.1992 0.2152 0.0547 -0.2318 -0.0359 0.0164 -0.0267 0.9989
1311868166.2311 0.2138 0.0583 -0.2380 -0.0396 0.0186 -0.0258 0.9987
1311868166.2632 0.2142 0.0636 -0.2453 -0.0433 0.0211 -0.0241 0.9985
1311868166.2992 0.2146 0.0697 -0.2517 -0.0476 0.0242 -0.0205 0.9984
1311868166.3312 0.2154 0.0764 -0.2548 -0.0525 0.0260 -0.0185 0.9981
1311868166.3631 0.2155 0.0812 -0.2603 -0.0573 0.0262 -0.0187 0.9978
1311868166.3992 0.2155 0.0838 -0.2637 -0.0610 0.0267 -0.0192 0.9976
1311868166.4312 0.2192 0.0891 -0.2705 -0.0626 0.0277 -0.0210 0.9974
1311868166.4630 0.2244 0.0916 -0.2761 -0.0643 0.0300 -0.0220 0.9972
1311868166.4992 0.2229 0.0935 -0.2778 -0.0651 0.0344 -0.0216 0.9971
1311868166.5313 0.2283 0.0968 -0.2803 -0.0652 0.0358 -0.0216 0.9970
1311868166.5631 0.2297 0.0976 -0.2837 -0.0650 0.0367 -0.0223 0.9970
1311868166.5992 0.2344 0.1001 -0.2889 -0.0639 0.0364 -0.0225 0.9970
1311868166.6313 0.2376 0.1009 -0.2921 -0.0636 0.0360 -0.0224 0.9971
1311868166.6633 0.2426 0.1020 -0.2956 -0.0629 0.0354 -0.0217 0.9972
1311868166.6993 0.2478 0.1017 -0.2981 -0.0622 0.0350 -0.0200 0.9972
1311868166.7311 0.2518 0.1017 -0.3001 -0.0612 0.0347 -0.0186 0.9973
1311868166.7633 0.2594 0.1026 -0.3033 -0.0596 0.0330 -0.0187 0.9975
1311868166.7992 0.2666 0.1026 -0.3066 -0.0586 0.0310 -0.0190 0.9976
1311868166.8312 0.2745 0.1023 -0.3108 -0.0569 0.0287 -0.0196 0.9978
1311868166.8632 0.2833 0.1011 -0.3124 -0.0561 0.0258 -0.0209 0.9979
1311868166.8993 0.2924 0.1006 -0.3134 -0.0551 0.0228 -0.0230 0.9980
1311868166.9312 0.3048 0.1020 -0.3151 -0.0532 0.0202 -0.0255 0.9981
1311868166.9633 0.3164 0.1011 -0.3155 -0.0516 0.0176 -0.0286 0.9981
1311868166.9993 0.3289 0.1020 -0.3177 -0.0498 0.0143 -0.0315 0.9982
1311868167.0311 0.3423 0.1033 -0.3181 -0.0493 0.0096 -0.0352 0.9981
1311868167.0632 0.3554 0.1022 -0.3188 -0.0497 0.0046 -0.0382 0.9980
1311868167.0993 0.3666 0.1022 -0.3198 -0.0497 0.0005 -0.0402 0.9980
1311868167.1632 0.3895 0.1000 -0.3203 -0.0499 -0.0080 -0.0449 0.9977
1311868167.1993 0.4011 0.0989 -0.3181 -0.0485 -0.0128 -0.0479 0.9976
1311868167.2313 0.4147 0.0991 -0.3195 -0.0466 -0.0187 -0.0511 0.9974
1311868167.2633 0.4273 0.0979 -0.3205 -0.0458 -0.0241 -0.0543 0.9972
1311868167.2991 0.4379 0.0973 -0.3214 -0.0446 -0.0276 -0.0571 0.9970
1311868167.3311 0.4466 0.0970 -0.3236 -0.0441 -0.0296 -0.0587 0.9969
1311868167.3633 0.4549 0.0960 -0.3259 -0.0445 -0.0312 -0.0606 0.9967
1311868167.3992 0.4639 0.0958 -0.3264 -0.0448 -0.0327 -0.0615 0.9966
1311868167.4312 0.4736 0.0967 -0.3251 -0.0451 -0.0352 -0.0615 0.9965
1311868167.4633 0.4831 0.0972 -0.3248 -0.0453 -0.0383 -0.0609 0.9964
1311868167.4991 0.4899 0.0970 -0.3237 -0.0452 -0.0409 -0.0613 0.9963
1311868167.5313 0.4976 0.0939 -0.3249 -0.0450 -0.0431 -0.0628 0.9961
1311868167.5632 0.5064 0.0930 -0.3256 -0.0447 -0.0443 -0.0632 0.9960
1311868167.5992 0.5123 0.0928 -0.3257 -0.0446 -0.0449 -0.0631 0.9960
1311868167.6315 0.5166 0.0921 -0.3249 -0.0448 -0.0459 -0.0631 0.9959
1311868167.6634 0.5197 0.0921 -0.3252 -0.0449 -0.0468 -0.0633 0.9959
1311868167.6992 0.5230 0.0930 -0.3275 -0.0455 -0.0475 -0.0637 0.9958
1311868167.7312 0.5321 0.0928 -0.3241 -0.0478 -0.0496 -0.0644 0.9955
1311868167.7633 0.5320 0.0913 -0.3233 -0.0494 -0.0493 -0.0645 0.9955
1311868167.7992 0.5361 0.0917 -0.3228 -0.0507 -0.0498 -0.0644 0.9954
1311868167.8631 0.5458 0.0869 -0.3162 -0.0529 -0.0498 -0.0645 0.9953
1311868167.8994 0.5495 0.0845 -0.3102 -0.0516 -0.0493 -0.0618 0.9955
1311868167.9312 0.5481 0.0832 -0.3081 -0.0496 -0.0491 -0.0588 0.9958
1311868167.9993 0.5605 0.0786 -0.3077 -0.0488 -0.0516 -0.0548 0.9960
1311868168.0313 0.5616 0.0763 -0.3039 -0.0492 -0.0517 -0.0529 0.9960
1311868168.0632 0.5640 0.0732 -0.3003 -0.0498 -0.0518 -0.0524 0.9960
1311868168.0993 0.5683 0.0698 -0.2952 -0.0490 -0.0519 -0.0526 0.9961
1311868168.1312 0.5686 0.0670 -0.2905 -0.0480 -0.0517 -0.0534 0.9961
1311868168.1633 0.5709 0.0645 -0.2863 -0.0470 -0.0521 -0.0548 0.9960
1311868168.1992 0.5707 0.0637 -0.2823 -0.0458 -0.0520 -0.0569 0.9960
1311868168.2633 0.5719 0.0609 -0.2723 -0.0469 -0.0522 -0.0599 0.9957
1311868168.2996 0.5711 0.0578 -0.2673 -0.0486 -0.0531 -0.0606 0.9956
1311868168.3312 0.5704 0.0549 -0.2593 -0.0505 -0.0545 -0.0612 0.9954
1311868168.3632 0.5693 0.0487 -0.2505 -0.0522 -0.0558 -0.0618 0.9952
1311868168.3994 0.5695 0.0426 -0.2416 -0.0509 -0.0573 -0.0631 0.9951
1311868168.4312 0.5690 0.0346 -0.2350 -0.0491 -0.0586 -0.0656 0.9949
1311868168.4633 0.5681 0.0282 -0.2279 -0.0457 -0.0589 -0.0670 0.9950
1311868168.4993 0.5676 0.0207 -0.2196 -0.0419 -0.0595 -0.0673 0.9951
1311868168.5633 0.5644 0.0154 -0.2101 -0.0351 -0.0621 -0.0667 0.9952
1311868168.5994 0.5642 0.0127 -0.2029 -0.0351 -0.0640 -0.0657 0.9952
1311868168.6633 0.5634 0.0057 -0.1912 -0.0333 -0.0665 -0.0661 0.9950
1311868168.6996 0.5646 0.0034 -0.1870 -0.0326 -0.0665 -0.0668 0.9950
1311868168.7633 0.5645 0.0009 -0.1757 -0.0325 -0.0674 -0.0656 0.9950
1311868168.7994 0.5634 0.0000 -0.1704 -0.0333 -0.0689 -0.0649 0.9950
1311868168.8312 0.5641 -0.0014 -0.1637 -0.0339 -0.0714 -0.0642 0.9948
1311868168.8993 0.5655 -0.0085 -0.1530 -0.0323 -0.0761 -0.0678 0.9943
1311868168.9312 0.5660 -0.0129 -0.1478 -0.0304 -0.0777 -0.0706 0.9940
1311868168.9633 0.5674 -0.0164 -0.1428 -0.0278 -0.0803 -0.0734 0.9937
1311868168.9994 0.5685 -0.0205 -0.1387 -0.0253 -0.0836 -0.0761 0.9933
1311868169.0312 0.5699 -0.0255 -0.1343 -0.0233 -0.0874 -0.0779 0.9928
1311868169.0634 0.5719 -0.0305 -0.1298 -0.0211 -0.0914 -0.0786 0.9925
1311868169.0993 0.5735 -0.0349 -0.1239 -0.0181 -0.0954 -0.0796 0.9921
1311868169.1312 0.5757 -0.0387 -0.1189 -0.0149 -0.0997 -0.0816 0.9916
1311868169.1995 0.5804 -0.0472 -0.1049 -0.0098 -0.1108 -0.0882 0.9899
1311868169.2314 0.5837 -0.0527 -0.0998 -0.0075 -0.1170 -0.0916 0.9889
1311868169.2633 0.5868 -0.0580 -0.0947 -0.0055 -0.1230 -0.0944 0.9879
1311868169.2995 0.5903 -0.0646 -0.0882 -0.0038 -0.1291 -0.0982 0.9867
1311868169.3313 0.5938 -0.0719 -0.0809 -0.0008 -0.1352 -0.1028 0.9855
1311868169.3635 0.5970 -0.0784 -0.0737 0.0030 -0.1411 -0.1078 0.9841
1311868169.3994 0.5998 -0.0844 -0.0671 0.0070 -0.1473 -0.1127 0.9826
1311868169.4314 0.6033 -0.0910 -0.0609 0.0101 -0.1544 -0.1166 0.9811
1311868169.4632 0.6069 -0.0978 -0.0552 0.0131 -0.1612 -0.1199 0.9795
1311868169.4993 0.6123 -0.1062 -0.0510 0.0155 -0.1673 -0.1247 0.9779
1311868169.5314 0.6178 -0.1154 -0.0463 0.0183 -0.1717 -0.1295 0.9764
1311868169.5635 0.6224 -0.1237 -0.0409 0.0219 -0.1745 -0.1338 0.9753
1311868169.5994 0.6261 -0.1289 -0.0357 0.0268 -0.1766 -0.1376 0.9743
1311868169.6313 0.6285 -0.1322 -0.0316 0.0307 -0.1801 -0.1409 0.9730
1311868169.6632 0.6316 -0.1363 -0.0290 0.0335 -0.1856 -0.1437 0.9715
1311868169.6995 0.6365 -0.1411 -0.0267 0.0348 -0.1919 -0.1460 0.9699
1311868169.7313 0.6444 -0.1483 -0.0261 0.0356 -0.1970 -0.1484 0.9685
1311868169.7634 0.6518 -0.1559 -0.0218 0.0357 -0.1996 -0.1487 0.9679
1311868169.7994 0.6544 -0.1590 -0.0192 0.0381 -0.2005 -0.1477 0.9677
1311868169.8314 0.6590 -0.1621 -0.0173 0.0393 -0.2026 -0.1480 0.9672
1311868169.8634 0.6637 -0.1651 -0.0150 0.0392 -0.2044 -0.1486 0.9668
1311868169.8994 0.6686 -0.1697 -0.0136 0.0389 -0.2060 -0.1478 0.9665
1311868169.9313 0.6750 -0.1730 -0.0128 0.0382 -0.2064 -0.1472 0.9666
1311868169.9634 0.6806 -0.1794 -0.0091 0.0378 -0.2061 -0.1457 0.9669
1311868169.9994 0.6849 -0.1842 -0.0080 0.0398 -0.2051 -0.1415 0.9676
1311868170.0313 0.6895 -0.1832 -0.0103 0.0413 -0.2051 -0.1364 0.9683
1311868170.0635 0.6929 -0.1858 -0.0110 0.0405 -0.2065 -0.1344 0.9683
1311868170.0994 0.6969 -0.1914 -0.0105 0.0413 -0.2092 -0.1314 0.9681
1311868170.1313 0.7052 -0.1934 -0.0149 0.0438 -0.2117 -0.1290 0.9678
1311868170.1634 0.7128 -0.1945 -0.0190 0.0454 -0.2124 -0.1284 0.9677
1311868170.1993 0.7192 -0.1961 -0.0225 0.0454 -0.2126 -0.1267 0.9678
1311868170.2315 0.7254 -0.1970 -0.0273 0.0449 -0.2126 -0.1237 0.9682
1311868170.2635 0.7307 -0.1945 -0.0328 0.0439 -0.2126 -0.1217 0.9685
1311868170.2994 0.7357 -0.1945 -0.0364 0.0431 -0.2129 -0.1234 0.9683
1311868170.3313 0.7426 -0.1925 -0.0429 0.0435 -0.2124 -0.1257 0.9681
1311868170.3634 0.7485 -0.1882 -0.0505 0.0434 -0.2114 -0.1281 0.9680
1311868170.3994 0.7528 -0.1844 -0.0568 0.0425 -0.2107 -0.1316 0.9677
1311868170.4313 0.7560 -0.1807 -0.0636 0.0418 -0.2112 -0.1350 0.9672
1311868170.4634 0.7628 -0.1767 -0.0704 0.0408 -0.2128 -0.1386 0.9663
1311868170.4995 0.7690 -0.1740 -0.0760 0.0398 -0.2134 -0.1409 0.9659
1311868170.5315 0.7740 -0.1697 -0.0816 0.0387 -0.2135 -0.1410 0.9659
1311868170.5633 0.7783 -0.1674 -0.0856 0.0383 -0.2136 -0.1405 0.9660
1311868170.5993 0.7845 -0.1617 -0.0932 0.0384 -0.2138 -0.1413 0.9659
1311868170.6315 0.7919 -0.1607 -0.0978 0.0362 -0.2139 -0.1421 0.9658
1311868170.6634 0.7982 -0.1576 -0.1022 0.0349 -0.2127 -0.1408 0.9663
1311868170.6994 0.8035 -0.1546 -0.1055 0.0325 -0.2119 -0.1396 0.9667
1311868170.7314 0.8081 -0.1526 -0.1081 0.0299 -0.2125 -0.1388 0.9668
1311868170.7635 0.8142 -0.1523 -0.1104 0.0267 -0.2140 -0.1380 0.9667
1311868170.7994 0.8188 -0.1519 -0.1133 0.0255 -0.2146 -0.1373 0.9667
1311868170.8313 0.8236 -0.1511 -0.1168 0.0252 -0.2149 -0.1375 0.9666
1311868170.8634 0.8286 -0.1496 -0.1212 0.0248 -0.2152 -0.1374 0.9665
1311868170.8994 0.8353 -0.1508 -0.1238 0.0241 -0.2151 -0.1367 0.9667
1311868170.9314 0.8429 -0.1527 -0.1255 0.0243 -0.2150 -0.1369 0.9667
1311868170.9634 0.8494 -0.1542 -0.1249 0.0265 -0.2133 -0.1399 0.9666
1311868170.9995 0.8520 -0.1504 -0.1303 0.0304 -0.2120 -0.1410 0.9666
1311868171.0315 0.8567 -0.1467 -0.1359 0.0304 -0.2141 -0.1414 0.9660
1311868171.0634 0.8626 -0.1462 -0.1378 0.0283 -0.2175 -0.1431 0.9651
1311868171.0994 0.8685 -0.1463 -0.1394 0.0272 -0.2200 -0.1436 0.9645
1311868171.1315 0.8742 -0.1454 -0.1414 0.0269 -0.2212 -0.1441 0.9641
1311868171.1634 0.8801 -0.1442 -0.1428 0.0267 -0.2215 -0.1449 0.9640
1311868171.1994 0.8845 -0.1436 -0.1415 0.0269 -0.2218 -0.1453 0.9638
1311868171.2314 0.8893 -0.1420 -0.1420 0.0274 -0.2225 -0.1462 0.9635
1311868171.2634 0.8952 -0.1404 -0.1420 0.0273 -0.2239 -0.1485 0.9629
1311868171.2994 0.8999 -0.1392 -0.1408 0.0274 -0.2256 -0.1502 0.9622
1311868171.3314 0.9064 -0.1375 -0.1413 0.0273 -0.2280 -0.1520 0.9613
1311868171.3635 0.9139 -0.1380 -0.1408 0.0268 -0.2307 -0.1553 0.9602
1311868171.3994 0.9222 -0.1390 -0.1406 0.0266 -0.2332 -0.1589 0.9590
1311868171.4635 0.9375 -0.1381 -0.1415 0.0264 -0.2377 -0.1634 0.9571
1311868171.4995 0.9453 -0.1385 -0.1404 0.0252 -0.2406 -0.1671 0.9558
1311868171.5315 0.9565 -0.1414 -0.1406 0.0245 -0.2435 -0.1705 0.9545
1311868171.5634 0.9658 -0.1426 -0.1399 0.0245 -0.2445 -0.1726 0.9539
1311868171.5995 0.9747 -0.1422 -0.1402 0.0245 -0.2450 -0.1745 0.9534
1311868171.6315 0.9819 -0.1403 -0.1390 0.0245 -0.2458 -0.1761 0.9529
1311868171.6634 0.9903 -0.1382 -0.1404 0.0242 -0.2474 -0.1788 0.9520
1311868171.6994 0.9996 -0.1390 -0.1402 0.0227 -0.2494 -0.1826 0.9507
1311868171.7315 1.0088 -0.1379 -0.1408 0.0218 -0.2506 -0.1854 0.9499
1311868171.7635 1.0167 -0.1361 -0.1396 0.0213 -0.2512 -0.1880 0.9493
1311868171.7995 1.0258 -0.1343 -0.1385 0.0197 -0.2519 -0.1907 0.9486
1311868171.8314 1.0361 -0.1360 -0.1359 0.0168 -0.2522 -0.1927 0.9481
1311868171.8996 1.0517 -0.1332 -0.1284 0.0112 -0.2526 -0.1958 0.9475
1311868171.9315 1.0575 -0.1330 -0.1239 0.0081 -0.2537 -0.1971 0.9469
1311868171.9996 1.0745 -0.1329 -0.1194 0.0044 -0.2547 -0.2001 0.9461
1311868172.0315 1.0805 -0.1315 -0.1166 0.0030 -0.2540 -0.2015 0.9460
1311868172.0634 1.0843 -0.1271 -0.1138 0.0018 -0.2536 -0.2014 0.9461
1311868172.0995 1.0909 -0.1258 -0.1109 -0.0013 -0.2548 -0.2013 0.9458
1311868172.1315 1.0970 -0.1251 -0.1074 -0.0046 -0.2556 -0.2011 0.9456
1311868172.1636 1.1036 -0.1246 -0.1049 -0.0078 -0.2560 -0.2011 0.9455
1311868172.1998 1.1087 -0.1241 -0.1008 -0.0108 -0.2557 -0.2013 0.9455
1311868172.2635 1.1214 -0.1238 -0.0950 -0.0139 -0.2548 -0.2040 0.9451
1311868172.2995 1.1246 -0.1209 -0.0925 -0.0160 -0.2539 -0.2051 0.9451
1311868172.3635 1.1350 -0.1186 -0.0863 -0.0220 -0.2538 -0.2089 0.9442
1311868172.3995 1.1412 -0.1191 -0.0822 -0.0253 -0.2533 -0.2104 0.9439
1311868172.4635 1.1510 -0.1168 -0.0739 -0.0305 -0.2487 -0.2140 0.9442
1311868172.4995 1.1542 -0.1152 -0.0676 -0.0329 -0.2465 -0.2164 0.9441
1311868172.5636 1.1591 -0.1090 -0.0592 -0.0376 -0.2420 -0.2172 0.9449
1311868172.5996 1.1638 -0.1069 -0.0533 -0.0404 -0.2409 -0.2175 0.9450
1311868172.6316 1.1689 -0.1061 -0.0484 -0.0435 -0.2397 -0.2184 0.9450
1311868172.6636 1.1756 -0.1068 -0.0435 -0.0472 -0.2383 -0.2180 0.9452
1311868172.6996 1.1813 -0.1077 -0.0375 -0.0517 -0.2361 -0.2176 0.9456
1311868172.7635 1.1867 -0.1036 -0.0232 -0.0620 -0.2311 -0.2165 0.9465
1311868172.7996 1.1888 -0.1036 -0.0120 -0.0669 -0.2290 -0.2171 0.9466
1311868172.8635 1.1923 -0.1009 0.0080 -0.0738 -0.2261 -0.2192 0.9462
1311868172.8995 1.1930 -0.1014 0.0179 -0.0769 -0.2260 -0.2200 0.9458
1311868172.9316 1.1940 -0.1016 0.0275 -0.0792 -0.2263 -0.2211 0.9453
1311868172.9636 1.1949 -0.1056 0.0394 -0.0814 -0.2265 -0.2223 0.9448
1311868172.9996 1.1965 -0.1097 0.0478 -0.0819 -0.2265 -0.2240 0.9443
1311868173.0675 1.2004 -0.1152 0.0622 -0.0823 -0.2236 -0.2266 0.9444
1311868173.0996 1.2016 -0.1185 0.0700 -0.0829 -0.2223 -0.2270 0.9446
1311868173.1315 1.2034 -0.1212 0.0762 -0.0842 -0.2219 -0.2280 0.9443
1311868173.1675 1.2014 -0.1242 0.0851 -0.0852 -0.2216 -0.2303 0.9437
1311868173.1996 1.1992 -0.1282 0.0938 -0.0845 -0.2218 -0.2327 0.9431
1311868173.2315 1.2040 -0.1368 0.0993 -0.0823 -0.2232 -0.2360 0.9422
1311868173.2677 1.2032 -0.1423 0.1058 -0.0800 -0.2222 -0.2378 0.9422
1311868173.2997 1.2034 -0.1441 0.1100 -0.0777 -0.2208 -0.2350 0.9434
1311868173.3315 1.2050 -0.1466 0.1132 -0.0772 -0.2210 -0.2327 0.9439
1311868173.3677 1.2059 -0.1496 0.1192 -0.0776 -0.2226 -0.2314 0.9438
1311868173.3996 1.2098 -0.1559 0.1250 -0.0781 -0.2255 -0.2308 0.9433
1311868173.4316 1.2119 -0.1613 0.1298 -0.0774 -0.2266 -0.2315 0.9429
1311868173.4676 1.2147 -0.1649 0.1353 -0.0762 -0.2268 -0.2306 0.9432
1311868173.5316 1.2219 -0.1712 0.1462 -0.0752 -0.2288 -0.2271 0.9436
1311868173.5676 1.2232 -0.1724 0.1511 -0.0764 -0.2298 -0.2262 0.9435
1311868173.6316 1.2275 -0.1764 0.1619 -0.0776 -0.2316 -0.2264 0.9429
1311868173.6680 1.2295 -0.1803 0.1681 -0.0776 -0.2329 -0.2272 0.9424
1311868173.6997 1.2310 -0.1824 0.1746 -0.0773 -0.2352 -0.2269 0.9419
1311868173.7316 1.2330 -0.1847 0.1802 -0.0766 -0.2387 -0.2283 0.9408
1311868173.7676 1.2351 -0.1889 0.1854 -0.0760 -0.2427 -0.2303 0.9393
1311868173.7995 1.2361 -0.1935 0.1917 -0.0740 -0.2461 -0.2317 0.9382
1311868173.8316 1.2409 -0.2007 0.2001 -0.0724 -0.2519 -0.2324 0.9367
1311868173.8675 1.2392 -0.1983 0.1992 -0.0689 -0.2559 -0.2362 0.9349
1311868173.9316 1.2505 -0.2138 0.2098 -0.0640 -0.2677 -0.2460 0.9294
1311868173.9676 1.2543 -0.2196 0.2142 -0.0602 -0.2723 -0.2511 0.9269
1311868173.9997 1.2577 -0.2224 0.2169 -0.0555 -0.2768 -0.2570 0.9243
1311868174.0317 1.2645 -0.2296 0.2196 -0.0529 -0.2820 -0.2614 0.9216
1311868174.0677 1.2695 -0.2352 0.2226 -0.0514 -0.2863 -0.2637 0.9197
1311868174.0995 1.2769 -0.2415 0.2276 -0.0507 -0.2911 -0.2647 0.9179
1311868174.1317 1.2840 -0.2477 0.2329 -0.0505 -0.2950 -0.2669 0.9161
1311868174.1679 1.2886 -0.2566 0.2405 -0.0495 -0.2979 -0.2694 0.9144
1311868174.2316 1.2992 -0.2652 0.2502 -0.0451 -0.3016 -0.2719 0.9127
1311868174.2678 1.3045 -0.2678 0.2518 -0.0425 -0.3034 -0.2746 0.9114
1311868174.2997 1.3124 -0.2753 0.2572 -0.0417 -0.3063 -0.2767 0.9099
1311868174.3318 1.3174 -0.2770 0.2604 -0.0407 -0.3084 -0.2781 0.9088
1311868174.3680 1.3218 -0.2795 0.2646 -0.0407 -0.3107 -0.2791 0.9077
1311868174.3997 1.3269 -0.2822 0.2685 -0.0403 -0.3131 -0.2807 0.9064
1311868174.4318 1.3309 -0.2841 0.2716 -0.0399 -0.3149 -0.2817 0.9055
1311868174.4676 1.3324 -0.2843 0.2755 -0.0393 -0.3170 -0.2822 0.9046
1311868174.4997 1.3340 -0.2844 0.2787 -0.0388 -0.3202 -0.2831 0.9032
1311868174.5317 1.3383 -0.2886 0.2823 -0.0390 -0.3241 -0.2844 0.9014
1311868174.5676 1.3384 -0.2876 0.2815 -0.0389 -0.3259 -0.2843 0.9008
1311868174.5997 1.3416 -0.2918 0.2884 -0.0391 -0.3287 -0.2833 0.9001
1311868174.6318 1.3460 -0.3010 0.2956 -0.0399 -0.3312 -0.2816 0.8997
1311868174.6678 1.3423 -0.2970 0.2952 -0.0387 -0.3310 -0.2792 0.9006
1311868174.6996 1.3446 -0.3049 0.3036 -0.0390 -0.3338 -0.2770 0.9002
1311868174.7316 1.3421 -0.3072 0.3083 -0.0372 -0.3352 -0.2756 0.9002
1311868174.7677 1.3416 -0.3129 0.3134 -0.0344 -0.3370 -0.2752 0.8997
1311868174.7998 1.3417 -0.3183 0.3166 -0.0315 -0.3385 -0.2741 0.8996
1311868174.8318 1.3396 -0.3209 0.3184 -0.0284 -0.3394 -0.2726 0.8998
1311868174.8678 1.3377 -0.3245 0.3209 -0.0252 -0.3404 -0.2715 0.8999
1311868174.8997 1.3369 -0.3302 0.3253 -0.0220 -0.3411 -0.2706 0.9000
1311868174.9318 1.3343 -0.3358 0.3303 -0.0185 -0.3403 -0.2696 0.9007
1311868174.9677 1.3300 -0.3365 0.3316 -0.0142 -0.3387 -0.2675 0.9020
1311868174.9998 1.3260 -0.3373 0.3366 -0.0102 -0.3382 -0.2659 0.9027
1311868175.0317 1.3214 -0.3393 0.3392 -0.0064 -0.3383 -0.2655 0.9028
1311868175.0677 1.3178 -0.3465 0.3450 -0.0027 -0.3385 -0.2664 0.9025
1311868175.0996 1.3133 -0.3479 0.3476 0.0011 -0.3381 -0.2658 0.9028
1311868175.1317 1.3047 -0.3523 0.3541 0.0048 -0.3387 -0.2653 0.9027
1311868175.1678 1.2959 -0.3591 0.3601 0.0109 -0.3402 -0.2655 0.9020
1311868175.1996 1.2887 -0.3691 0.3654 0.0206 -0.3417 -0.2660 0.9011
1311868175.2318 1.2850 -0.3760 0.3687 0.0332 -0.3426 -0.2648 0.9008
1311868175.2678 1.2805 -0.3794 0.3714 0.0439 -0.3431 -0.2614 0.9011
1311868175.3000 1.2770 -0.3793 0.3730 0.0511 -0.3452 -0.2562 0.9014
1311868175.3319 1.2737 -0.3775 0.3755 0.0536 -0.3491 -0.2506 0.9014
1311868175.3677 1.2706 -0.3840 0.3802 0.0524 -0.3540 -0.2459 0.9008
1311868175.4000 1.2669 -0.3892 0.3849 0.0532 -0.3576 -0.2423 0.9003
1311868175.4320 1.2634 -0.3944 0.3912 0.0555 -0.3602 -0.2388 0.9001
1311868175.4677 1.2604 -0.4029 0.3992 0.0586 -0.3622 -0.2352 0.9000
1311868175.4998 1.2592 -0.4075 0.4066 0.0640 -0.3636 -0.2315 0.9000
1311868175.5318 1.2572 -0.4093 0.4106 0.0678 -0.3649 -0.2281 0.9001
1311868175.5678 1.2548 -0.4097 0.4139 0.0698 -0.3670 -0.2245 0.9000
1311868175.5999 1.2547 -0.4153 0.4215 0.0699 -0.3715 -0.2218 0.8988
1311868175.6318 1.2552 -0.4226 0.4290 0.0712 -0.3753 -0.2215 0.8972
1311868175.6677 1.2551 -0.4269 0.4347 0.0747 -0.3771 -0.2210 0.8963
1311868175.6998 1.2547 -0.4312 0.4396 0.0786 -0.3781 -0.2201 0.8958
1311868175.7317 1.2545 -0.4325 0.4444 0.0825 -0.3792 -0.2191 0.8952
1311868175.7676 1.2547 -0.4361 0.4498 0.0854 -0.3815 -0.2192 0.8939
1311868175.7998 1.2569 -0.4406 0.4547 0.0880 -0.3848 -0.2190 0.8923
1311868175.8318 1.2598 -0.4454 0.4600 0.0892 -0.3885 -0.2195 0.8905
1311868175.8677 1.2627 -0.4545 0.4653 0.0902 -0.3926 -0.2205 0.8883
1311868175.8997 1.2671 -0.4617 0.4708 0.0919 -0.3966 -0.2217 0.8861
1311868175.9316 1.2723 -0.4679 0.4746 0.0935 -0.4003 -0.2234 0.8838
1311868175.9679 1.2757 -0.4736 0.4766 0.0943 -0.4039 -0.2260 0.8814
1311868175.9999 1.2793 -0.4773 0.4810 0.0946 -0.4085 -0.2281 0.8787
1311868176.0320 1.2836 -0.4821 0.4896 0.0943 -0.4137 -0.2310 0.8756
1311868176.0679 1.2894 -0.4885 0.4974 0.0948 -0.4185 -0.2358 0.8719
1311868176.0998 1.2951 -0.4940 0.5054 0.0955 -0.4228 -0.2407 0.8684
1311868176.1317 1.2998 -0.5009 0.5135 0.0958 -0.4266 -0.2454 0.8652
1311868176.1680 1.3065 -0.5069 0.5217 0.0964 -0.4306 -0.2494 0.8620
1311868176.1999 1.3143 -0.5121 0.5301 0.0961 -0.4340 -0.2526 0.8594
1311868176.2319 1.3228 -0.5139 0.5359 0.0952 -0.4366 -0.2552 0.8574
1311868176.2678 1.3294 -0.5189 0.5432 0.0920 -0.4391 -0.2579 0.8557
1311868176.2998 1.3360 -0.5237 0.5498 0.0900 -0.4409 -0.2616 0.8538
1311868176.3319 1.3423 -0.5269 0.5580 0.0885 -0.4418 -0.2657 0.8523
1311868176.3678 1.3478 -0.5289 0.5651 0.0869 -0.4418 -0.2689 0.8515
1311868176.3999 1.3526 -0.5312 0.5741 0.0837 -0.4421 -0.2709 0.8510
1311868176.4317 1.3581 -0.5319 0.5823 0.0799 -0.4425 -0.2729 0.8505
1311868176.4679 1.3625 -0.5331 0.5912 0.0757 -0.4425 -0.2746 0.8503
1311868176.4998 1.3665 -0.5368 0.5983 0.0717 -0.4423 -0.2761 0.8503
1311868176.5319 1.3702 -0.5377 0.6060 0.0688 -0.4421 -0.2778 0.8501
1311868176.5678 1.3731 -0.5387 0.6115 0.0670 -0.4419 -0.2808 0.8493
1311868176.6021 1.3762 -0.5388 0.6149 0.0662 -0.4418 -0.2834 0.8486
1311868176.6317 1.3799 -0.5364 0.6203 0.0638 -0.4422 -0.2835 0.8485
1311868176.6678 1.3808 -0.5385 0.6256 0.0603 -0.4428 -0.2829 0.8487
1311868176.6998 1.3840 -0.5383 0.6313 0.0577 -0.4436 -0.2816 0.8489
1311868176.7318 1.3851 -0.5423 0.6380 0.0554 -0.4440 -0.2817 0.8488
1311868176.7678 1.3851 -0.5449 0.6410 0.0555 -0.4440 -0.2823 0.8486
1311868176.7997 1.3872 -0.5456 0.6436 0.0568 -0.4443 -0.2830 0.8481
1311868176.8319 1.3892 -0.5479 0.6486 0.0569 -0.4446 -0.2831 0.8479
1311868176.8678 1.3913 -0.5494 0.6542 0.0561 -0.4449 -0.2825 0.8480
1311868176.8998 1.3924 -0.5537 0.6623 0.0547 -0.4447 -0.2822 0.8483
1311868176.9318 1.3934 -0.5565 0.6682 0.0545 -0.4432 -0.2820 0.8492
1311868176.9679 1.3923 -0.5573 0.6730 0.0552 -0.4416 -0.2825 0.8498
1311868176.9999 1.3926 -0.5586 0.6801 0.0558 -0.4414 -0.2836 0.8495
1311868177.0320 1.3917 -0.5602 0.6872 0.0554 -0.4411 -0.2847 0.8493
1311868177.0679 1.3898 -0.5616 0.6925 0.0541 -0.4408 -0.2863 0.8490
1311868177.0997 1.3868 -0.5665 0.7012 0.0529 -0.4408 -0.2886 0.8483
1311868177.1319 1.3846 -0.5706 0.7096 0.0531 -0.4395 -0.2902 0.8484
1311868177.1681 1.3814 -0.5731 0.7152 0.0549 -0.4369 -0.2920 0.8490
1311868177.1999 1.3784 -0.5746 0.7202 0.0574 -0.4343 -0.2940 0.8495
1311868177.2319 1.3757 -0.5757 0.7251 0.0592 -0.4322 -0.2953 0.8500
1311868177.2678 1.3726 -0.5754 0.7305 0.0597 -0.4307 -0.2955 0.8506
1311868177.2999 1.3688 -0.5764 0.7376 0.0584 -0.4308 -0.2957 0.8506
1311868177.3317 1.3648 -0.5786 0.7431 0.0574 -0.4313 -0.2965 0.8502
1311868177.3679 1.3616 -0.5815 0.7486 0.0569 -0.4316 -0.2970 0.8499
1311868177.4000 1.3588 -0.5900 0.7558 0.0586 -0.4312 -0.2989 0.8493
1311868177.4318 1.3573 -0.5941 0.7612 0.0622 -0.4296 -0.3006 0.8493
1311868177.4678 1.3575 -0.5955 0.7649 0.0633 -0.4275 -0.3001 0.8504
1311868177.4998 1.3568 -0.5931 0.7717 0.0621 -0.4260 -0.2975 0.8521
1311868177.5318 1.3571 -0.5912 0.7772 0.0580 -0.4258 -0.2977 0.8525
1311868177.5679 1.3549 -0.5931 0.7848 0.0525 -0.4257 -0.2997 0.8522
1311868177.5997 1.3533 -0.5939 0.7906 0.0490 -0.4251 -0.3019 0.8519
1311868177.6321 1.3520 -0.5973 0.7969 0.0479 -0.4241 -0.3060 0.8510
1311868177.6679 1.3521 -0.5997 0.8029 0.0483 -0.4226 -0.3097 0.8504
1311868177.6999 1.3517 -0.6023 0.8096 0.0484 -0.4214 -0.3113 0.8504
1311868177.7320 1.3527 -0.5990 0.8142 0.0475 -0.4214 -0.3116 0.8503
1311868177.7679 1.3525 -0.5997 0.8193 0.0444 -0.4230 -0.3122 0.8495
1311868177.7999 1.3521 -0.6026 0.8251 0.0421 -0.4262 -0.3127 0.8478
1311868177.8320 1.3556 -0.6038 0.8308 0.0412 -0.4309 -0.3143 0.8449
1311868177.8678 1.3580 -0.6069 0.8377 0.0403 -0.4351 -0.3166 0.8419
1311868177.8999 1.3629 -0.6100 0.8442 0.0397 -0.4385 -0.3185 0.8395
1311868177.9319 1.3678 -0.6115 0.8493 0.0398 -0.4416 -0.3214 0.8367
1311868177.9679 1.3706 -0.6140 0.8560 0.0395 -0.4451 -0.3259 0.8331
1311868178.0001 1.3753 -0.6155 0.8598 0.0395 -0.4486 -0.3294 0.8299
1311868178.0320 1.3796 -0.6152 0.8646 0.0382 -0.4530 -0.3328 0.8262
1311868178.0680 1.3838 -0.6174 0.8696 0.0353 -0.4580 -0.3368 0.8219
1311868178.1000 1.3893 -0.6198 0.8758 0.0332 -0.4632 -0.3408 0.8174
1311868178.1320 1.3943 -0.6245 0.8806 0.0328 -0.4674 -0.3464 0.8127
1311868178.1680 1.3997 -0.6293 0.8867 0.0332 -0.4706 -0.3501 0.8092
1311868178.1999 1.4059 -0.6331 0.8925 0.0342 -0.4723 -0.3532 0.8069
1311868178.2320 1.4124 -0.6386 0.8982 0.0366 -0.4724 -0.3562 0.8054
1311868178.2680 1.4183 -0.6410 0.9023 0.0397 -0.4711 -0.3584 0.8050
1311868178.2998 1.4247 -0.6398 0.9043 0.0427 -0.4703 -0.3608 0.8043
1311868178.3322 1.4303 -0.6377 0.9062 0.0434 -0.4713 -0.3623 0.8029
1311868178.3680 1.4365 -0.6354 0.9087 0.0413 -0.4739 -0.3640 0.8008
1311868178.4001 1.4401 -0.6366 0.9113 0.0365 -0.4768 -0.3658 0.7984
1311868178.4322 1.4438 -0.6378 0.9139 0.0321 -0.4800 -0.3658 0.7967
1311868178.4679 1.4496 -0.6383 0.9158 0.0291 -0.4834 -0.3660 0.7947
1311868178.5001 1.4537 -0.6401 0.9177 0.0248 -0.4860 -0.3667 0.7930
1311868178.5319 1.4587 -0.6428 0.9182 0.0220 -0.4882 -0.3656 0.7922
1311868178.5679 1.4651 -0.6420 0.9192 0.0205 -0.4902 -0.3652 0.7911
1311868178.6001 1.4703 -0.6439 0.9192 0.0194 -0.4916 -0.3657 0.7901
1311868178.6320 1.4753 -0.6442 0.9181 0.0186 -0.4925 -0.3653 0.7897
1311868178.6680 1.4831 -0.6430 0.9157 0.0180 -0.4940 -0.3652 0.7889
1311868178.6999 1.4907 -0.6404 0.9142 0.0165 -0.4955 -0.3653 0.7879
1311868178.7319 1.4983 -0.6395 0.9123 0.0156 -0.4963 -0.3653 0.7874
1311868178.7679 1.5048 -0.6387 0.9098 0.0152 -0.4965 -0.3652 0.7873
1311868178.8000 1.5126 -0.6388 0.9072 0.0152 -0.4972 -0.3651 0.7869
1311868178.8320 1.5220 -0.6363 0.9035 0.0147 -0.4974 -0.3645 0.7871
1311868178.8679 1.5316 -0.6340 0.9010 0.0127 -0.4976 -0.3633 0.7876
1311868178.9000 1.5402 -0.6325 0.8983 0.0112 -0.4975 -0.3625 0.7880
1311868178.9323 1.5493 -0.6305 0.8944 0.0114 -0.4974 -0.3627 0.7880
1311868178.9679 1.5594 -0.6307 0.8907 0.0118 -0.4975 -0.3630 0.7878
1311868179.0000 1.5708 -0.6317 0.8866 0.0122 -0.4963 -0.3629 0.7886
1311868179.0322 1.5832 -0.6303 0.8812 0.0125 -0.4944 -0.3616 0.7904
1311868179.0678 1.5939 -0.6256 0.8763 0.0110 -0.4927 -0.3604 0.7920
1311868179.1001 1.6040 -0.6229 0.8703 0.0077 -0.4924 -0.3598 0.7925
1311868179.1320 1.6133 -0.6226 0.8661 0.0042 -0.4935 -0.3610 0.7913
1311868179.1680 1.6235 -0.6233 0.8628 0.0044 -0.4944 -0.3637 0.7895
1311868179.2002 1.6356 -0.6243 0.8593 0.0071 -0.4941 -0.3662 0.7885
1311868179.2320 1.6502 -0.6230 0.8545 0.0096 -0.4921 -0.3688 0.7885
1311868179.2681 1.6620 -0.6223 0.8491 0.0075 -0.4880 -0.3693 0.7908
1311868179.3005 1.6712 -0.6194 0.8447 0.0024 -0.4843 -0.3668 0.7943
1311868179.3331 1.6792 -0.6145 0.8424 -0.0029 -0.4828 -0.3653 0.7959
1311868179.3681 1.6875 -0.6156 0.8404 -0.0073 -0.4831 -0.3670 0.7949
1311868179.4001 1.6977 -0.6170 0.8384 -0.0106 -0.4834 -0.3690 0.7938
1311868179.4322 1.7067 -0.6188 0.8391 -0.0127 -0.4820 -0.3703 0.7940
1311868179.4680 1.7175 -0.6212 0.8372 -0.0121 -0.4786 -0.3715 0.7955
1311868179.5001 1.7264 -0.6187 0.8346 -0.0111 -0.4743 -0.3713 0.7981
1311868179.5322 1.7342 -0.6207 0.8323 -0.0125 -0.4712 -0.3715 0.7999
1311868179.5680 1.7421 -0.6197 0.8303 -0.0149 -0.4691 -0.3723 0.8007
1311868179.6002 1.7496 -0.6184 0.8298 -0.0175 -0.4675 -0.3729 0.8013
1311868179.6320 1.7577 -0.6171 0.8312 -0.0186 -0.4658 -0.3736 0.8019
1311868179.6682 1.7657 -0.6175 0.8320 -0.0190 -0.4635 -0.3744 0.8029
1311868179.7002 1.7731 -0.6218 0.8313 -0.0197 -0.4613 -0.3749 0.8039
1311868179.7322 1.7820 -0.6180 0.8303 -0.0185 -0.4589 -0.3752 0.8052
1311868179.7683 1.7889 -0.6194 0.8297 -0.0196 -0.4576 -0.3751 0.8060
1311868179.8001 1.7963 -0.6176 0.8281 -0.0197 -0.4570 -0.3749 0.8064
1311868179.8321 1.8023 -0.6214 0.8310 -0.0215 -0.4579 -0.3766 0.8050
1311868179.8678 1.8100 -0.6261 0.8320 -0.0222 -0.4588 -0.3783 0.8037
1311868179.8999 1.8180 -0.6250 0.8322 -0.0213 -0.4595 -0.3800 0.8025
1311868179.9320 1.8243 -0.6272 0.8343 -0.0211 -0.4605 -0.3818 0.8011
1311868179.9680 1.8287 -0.6288 0.8356 -0.0210 -0.4616 -0.3825 0.8001
1311868180.0000 1.8370 -0.6302 0.8356 -0.0207 -0.4641 -0.3844 0.7978
1311868180.0319 1.8459 -0.6328 0.8359 -0.0208 -0.4668 -0.3871 0.7949
1311868180.0681 1.8545 -0.6384 0.8391 -0.0218 -0.4692 -0.3892 0.7924
1311868180.1001 1.8630 -0.6401 0.8399 -0.0230 -0.4696 -0.3895 0.7919
1311868180.1319 1.8688 -0.6458 0.8430 -0.0257 -0.4703 -0.3907 0.7909
1311868180.1681 1.8759 -0.6451 0.8460 -0.0273 -0.4708 -0.3911 0.7903
1311868180.2000 1.8821 -0.6502 0.8475 -0.0295 -0.4720 -0.3915 0.7894
1311868180.2322 1.8909 -0.6520 0.8494 -0.0308 -0.4733 -0.3918 0.7884
1311868180.2680 1.8974 -0.6540 0.8514 -0.0326 -0.4742 -0.3928 0.7872
1311868180.3000 1.9057 -0.6524 0.8505 -0.0337 -0.4748 -0.3928 0.7868
1311868180.3319 1.9100 -0.6599 0.8540 -0.0370 -0.4766 -0.3951 0.7845
1311868180.3681 1.9184 -0.6543 0.8558 -0.0369 -0.4778 -0.3960 0.7833
1311868180.4001 1.9229 -0.6614 0.8584 -0.0400 -0.4793 -0.3977 0.7813
1311868180.4320 1.9307 -0.6593 0.8598 -0.0411 -0.4806 -0.3984 0.7802
1311868180.4681 1.9367 -0.6608 0.8619 -0.0439 -0.4817 -0.3999 0.7785
1311868180.5001 1.9396 -0.6608 0.8635 -0.0464 -0.4823 -0.4007 0.7776
1311868180.5319 1.9441 -0.6623 0.8667 -0.0486 -0.4832 -0.4024 0.7761
1311868180.5680 1.9464 -0.6663 0.8700 -0.0502 -0.4838 -0.4038 0.7748
1311868180.6000 1.9505 -0.6643 0.8699 -0.0497 -0.4832 -0.4043 0.7750
1311868180.6321 1.9568 -0.6627 0.8704 -0.0497 -0.4828 -0.4051 0.7748
1311868180.6682 1.9574 -0.6709 0.8735 -0.0526 -0.4828 -0.4058 0.7743
1311868180.7002 1.9619 -0.6710 0.8728 -0.0529 -0.4823 -0.4053 0.7748
1311868180.7321 1.9664 -0.6704 0.8746 -0.0527 -0.4820 -0.4052 0.7751
1311868180.7682 1.9686 -0.6747 0.8767 -0.0529 -0.4818 -0.4049 0.7753
1311868180.8002 1.9716 -0.6792 0.8787 -0.0526 -0.4816 -0.4048 0.7755
1311868180.8320 1.9739 -0.6843 0.8819 -0.0523 -0.4812 -0.4047 0.7758
1311868180.8680 1.9766 -0.6825 0.8843 -0.0501 -0.4801 -0.4033 0.7774
1311868180.9000 1.9812 -0.6821 0.8856 -0.0483 -0.4788 -0.4022 0.7789
1311868180.9321 1.9812 -0.6869 0.8888 -0.0481 -0.4776 -0.4011 0.7802
1311868180.9680 1.9824 -0.6945 0.8906 -0.0486 -0.4770 -0.4000 0.7811
1311868181.0000 1.9833 -0.6957 0.8930 -0.0477 -0.4763 -0.3987 0.7822
1311868181.0322 1.9840 -0.6965 0.8954 -0.0469 -0.4753 -0.3978 0.7833
1311868181.0682 1.9857 -0.6990 0.8971 -0.0456 -0.4738 -0.3963 0.7851
1311868181.1001 1.9879 -0.7032 0.8985 -0.0452 -0.4723 -0.3956 0.7864
1311868181.1320 1.9875 -0.7042 0.9006 -0.0444 -0.4708 -0.3955 0.7874
1311868181.1680 1.9878 -0.7064 0.9020 -0.0438 -0.4698 -0.3954 0.7881
1311868181.2000 1.9872 -0.7056 0.9030 -0.0437 -0.4686 -0.3952 0.7889
1311868181.2321 1.9865 -0.7065 0.9043 -0.0437 -0.4677 -0.3953 0.7893
1311868181.2680 1.9857 -0.7086 0.9074 -0.0441 -0.4667 -0.3959 0.7896
1311868181.3001 1.9820 -0.7116 0.9118 -0.0450 -0.4660 -0.3976 0.7892
1311868181.3321 1.9807 -0.7112 0.9146 -0.0443 -0.4650 -0.3988 0.7892
1311868181.3680 1.9778 -0.7133 0.9183 -0.0434 -0.4638 -0.4002 0.7892
1311868181.4001 1.9744 -0.7144 0.9209 -0.0427 -0.4622 -0.4009 0.7898
1311868181.4324 1.9713 -0.7151 0.9231 -0.0426 -0.4611 -0.4004 0.7907
1311868181.4680 1.9688 -0.7170 0.9255 -0.0440 -0.4608 -0.3996 0.7912
1311868181.5003 1.9653 -0.7189 0.9291 -0.0455 -0.4607 -0.3996 0.7912
1311868181.5322 1.9601 -0.7211 0.9341 -0.0467 -0.4602 -0.4004 0.7910
1311868181.5682 1.9540 -0.7215 0.9383 -0.0461 -0.4592 -0.4011 0.7913
1311868181.6001 1.9488 -0.7233 0.9418 -0.0449 -0.4585 -0.4023 0.7912
1311868181.6324 1.9424 -0.7255 0.9451 -0.0443 -0.4576 -0.4024 0.7916
1311868181.6680 1.9358 -0.7258 0.9486 -0.0445 -0.4570 -0.4014 0.7925
1311868181.7000 1.9279 -0.7277 0.9536 -0.0458 -0.4569 -0.3999 0.7932
1311868181.7326 1.9191 -0.7301 0.9583 -0.0468 -0.4573 -0.3983 0.7937
1311868181.7681 1.9113 -0.7335 0.9640 -0.0471 -0.4580 -0.3985 0.7932
1311868181.8001 1.9011 -0.7376 0.9700 -0.0466 -0.4580 -0.3981 0.7934
1311868181.8322 1.8919 -0.7412 0.9739 -0.0447 -0.4575 -0.3980 0.7939
1311868181.8681 1.8856 -0.7420 0.9779 -0.0429 -0.4571 -0.3977 0.7943
1311868181.9002 1.8758 -0.7457 0.9811 -0.0423 -0.4559 -0.3989 0.7945
1311868181.9321 1.8649 -0.7494 0.9872 -0.0418 -0.4549 -0.3986 0.7953
1311868181.9682 1.8537 -0.7510 0.9913 -0.0412 -0.4540 -0.3982 0.7960
1311868182.0002 1.8409 -0.7552 0.9959 -0.0401 -0.4540 -0.3985 0.7959
1311868182.0322 1.8309 -0.7555 0.9980 -0.0378 -0.4545 -0.3980 0.7960
1311868182.0682 1.8204 -0.7603 1.0031 -0.0373 -0.4559 -0.3974 0.7955
1311868182.1002 1.8095 -0.7647 1.0075 -0.0374 -0.4566 -0.3962 0.7957
1311868182.1362 1.8018 -0.7644 1.0120 -0.0366 -0.4567 -0.3947 0.7964
1311868182.1681 1.7906 -0.7693 1.0178 -0.0374 -0.4563 -0.3932 0.7974
1311868182.2003 1.7825 -0.7713 1.0234 -0.0376 -0.4561 -0.3920 0.7981
1311868182.2362 1.7715 -0.7720 1.0281 -0.0368 -0.4555 -0.3912 0.7988
1311868182.2681 1.7654 -0.7746 1.0330 -0.0357 -0.4558 -0.3910 0.7988
1311868182.3002 1.7590 -0.7788 1.0381 -0.0362 -0.4554 -0.3908 0.7991
1311868182.3362 1.7509 -0.7799 1.0444 -0.0367 -0.4542 -0.3894 0.8004
1311868182.3682 1.7442 -0.7799 1.0486 -0.0373 -0.4532 -0.3884 0.8015
1311868182.4003 1.7329 -0.7835 1.0569 -0.0384 -0.4529 -0.3880 0.8018
1311868182.4361 1.7224 -0.7861 1.0636 -0.0377 -0.4533 -0.3886 0.8013
1311868182.4681 1.7133 -0.7883 1.0689 -0.0359 -0.4539 -0.3880 0.8014
1311868182.5009 1.7021 -0.7925 1.0739 -0.0341 -0.4544 -0.3864 0.8019
1311868182.5361 1.6939 -0.7948 1.0779 -0.0309 -0.4565 -0.3846 0.8017
1311868182.5680 1.6843 -0.7978 1.0836 -0.0282 -0.4593 -0.3837 0.8007
1311868182.6003 1.6724 -0.8042 1.0890 -0.0257 -0.4623 -0.3821 0.7997
1311868182.6363 1.6633 -0.8086 1.0937 -0.0222 -0.4661 -0.3802 0.7986
1311868182.6680 1.6537 -0.8151 1.0998 -0.0182 -0.4706 -0.3799 0.7962
1311868182.7003 1.6431 -0.8191 1.1058 -0.0140 -0.4747 -0.3788 0.7943
1311868182.7362 1.6340 -0.8241 1.1114 -0.0100 -0.4795 -0.3781 0.7918
1311868182.7683 1.6264 -0.8265 1.1177 -0.0063 -0.4848 -0.3786 0.7884
1311868182.8002 1.6168 -0.8320 1.1253 -0.0043 -0.4900 -0.3801 0.7845
1311868182.8362 1.6066 -0.8383 1.1327 -0.0026 -0.4946 -0.3808 0.7812
1311868182.8682 1.5983 -0.8421 1.1393 -0.0008 -0.4994 -0.3819 0.7776
1311868182.9002 1.5868 -0.8479 1.1481 0.0005 -0.5046 -0.3851 0.7727
1311868182.9363 1.5761 -0.8560 1.1559 0.0025 -0.5100 -0.3882 0.7676
1311868182.9681 1.5660 -0.8643 1.1644 0.0053 -0.5150 -0.3916 0.7625
1311868183.0003 1.5558 -0.8748 1.1728 0.0080 -0.5190 -0.3946 0.7582
1311868183.0363 1.5438 -0.8829 1.1798 0.0103 -0.5219 -0.3966 0.7552
1311868183.0683 1.5326 -0.8902 1.1867 0.0128 -0.5254 -0.3973 0.7523
1311868183.1006 1.5220 -0.8976 1.1928 0.0156 -0.5296 -0.3995 0.7481
1311868183.1362 1.5117 -0.9067 1.1994 0.0190 -0.5341 -0.4040 0.7424
1311868183.1682 1.4993 -0.9164 1.2055 0.0229 -0.5381 -0.4083 0.7370
1311868183.2003 1.4906 -0.9243 1.2115 0.0268 -0.5418 -0.4119 0.7322
1311868183.2363 1.4811 -0.9298 1.2175 0.0296 -0.5446 -0.4163 0.7275
1311868183.2684 1.4707 -0.9357 1.2227 0.0313 -0.5466 -0.4201 0.7237
1311868183.3004 1.4589 -0.9412 1.2259 0.0328 -0.5493 -0.4229 0.7199
1311868183.3363 1.4514 -0.9445 1.2293 0.0353 -0.5534 -0.4260 0.7149
1311868183.3685 1.4412 -0.9493 1.2331 0.0377 -0.5574 -0.4301 0.7091
1311868183.4002 1.4317 -0.9552 1.2367 0.0396 -0.5612 -0.4322 0.7048
1311868183.4362 1.4251 -0.9549 1.2410 0.0392 -0.5645 -0.4313 0.7026
1311868183.4682 1.4175 -0.9569 1.2432 0.0350 -0.5680 -0.4306 0.7005
1311868183.5003 1.4095 -0.9590 1.2439 0.0292 -0.5730 -0.4295 0.6973
1311868183.5363 1.4039 -0.9598 1.2474 0.0219 -0.5792 -0.4283 0.6932
1311868183.5684 1.3920 -0.9657 1.2527 0.0134 -0.5843 -0.4283 0.6892
1311868183.6002 1.3811 -0.9716 1.2572 0.0077 -0.5888 -0.4268 0.6863
1311868183.6362 1.3734 -0.9767 1.2641 0.0032 -0.5922 -0.4253 0.6844
1311868183.6686 1.3610 -0.9826 1.2700 -0.0010 -0.5931 -0.4236 0.6847
1311868183.7002 1.3501 -0.9856 1.2770 -0.0026 -0.5937 -0.4209 0.6858
1311868183.7364 1.3395 -0.9891 1.2833 -0.0026 -0.5930 -0.4210 0.6864
1311868183.7682 1.3297 -0.9932 1.2862 -0.0016 -0.5919 -0.4216 0.6869
1311868183.8004 1.3235 -0.9923 1.2884 -0.0003 -0.5909 -0.4227 0.6871
1311868183.8362 1.3148 -0.9929 1.2892 -0.0009 -0.5904 -0.4240 0.6867
1311868183.8685 1.3072 -0.9935 1.2917 -0.0021 -0.5909 -0.4244 0.6861
1311868183.9002 1.2976 -0.9952 1.2946 -0.0029 -0.5909 -0.4254 0.6855
1311868183.9363 1.2853 -0.9986 1.2990 -0.0032 -0.5907 -0.4263 0.6851
1311868183.9685 1.2700 -1.0081 1.3035 -0.0013 -0.5906 -0.4274 0.6845
1311868184.0004 1.2593 -1.0125 1.3064 0.0052 -0.5900 -0.4271 0.6852
1311868184.0363 1.2470 -1.0189 1.3081 0.0101 -0.5889 -0.4250 0.6873
1311868184.0703 1.2383 -1.0226 1.3084 0.0135 -0.5883 -0.4210 0.6903
1311868184.1007 1.2301 -1.0231 1.3088 0.0154 -0.5886 -0.4174 0.6921
1311868184.1368 1.2213 -1.0258 1.3107 0.0163 -0.5898 -0.4149 0.6926
1311868184.1690 1.2121 -1.0295 1.3138 0.0175 -0.5915 -0.4120 0.6928
1311868184.2005 1.2065 -1.0314 1.3181 0.0197 -0.5929 -0.4093 0.6932
1311868184.2364 1.1980 -1.0373 1.3241 0.0197 -0.5927 -0.4078 0.6943
1311868184.2685 1.1899 -1.0419 1.3278 0.0205 -0.5913 -0.4066 0.6961
1311868184.3006 1.1845 -1.0420 1.3307 0.0220 -0.5899 -0.4070 0.6971
1311868184.3363 1.1769 -1.0418 1.3331 0.0230 -0.5891 -0.4086 0.6967
1311868184.3682 1.1694 -1.0431 1.3348 0.0237 -0.5897 -0.4101 0.6954
1311868184.4003 1.1614 -1.0457 1.3391 0.0230 -0.5912 -0.4106 0.6938
1311868184.4363 1.1509 -1.0520 1.3438 0.0216 -0.5930 -0.4102 0.6925
1311868184.4684 1.1414 -1.0565 1.3479 0.0225 -0.5947 -0.4090 0.6917
1311868184.5004 1.1337 -1.0588 1.3515 0.0250 -0.5969 -0.4070 0.6910
1311868184.5363 1.1289 -1.0595 1.3555 0.0273 -0.5991 -0.4049 0.6902
1311868184.5684 1.1218 -1.0619 1.3600 0.0272 -0.6017 -0.4039 0.6886
1311868184.6004 1.1131 -1.0646 1.3636 0.0257 -0.6048 -0.4040 0.6858
1311868184.6363 1.1049 -1.0687 1.3673 0.0240 -0.6090 -0.4047 0.6817
1311868184.6684 1.0941 -1.0758 1.3722 0.0226 -0.6140 -0.4060 0.6765
1311868184.7007 1.0854 -1.0810 1.3779 0.0240 -0.6194 -0.4071 0.6709
1311868184.7365 1.0763 -1.0885 1.3845 0.0263 -0.6241 -0.4093 0.6650
1311868184.7685 1.0656 -1.0970 1.3894 0.0289 -0.6279 -0.4105 0.6606
1311868184.8004 1.0570 -1.1048 1.3928 0.0327 -0.6316 -0.4109 0.6566
1311868184.8363 1.0497 -1.1125 1.3965 0.0362 -0.6357 -0.4110 0.6524
1311868184.8687 1.0423 -1.1191 1.4014 0.0383 -0.6396 -0.4107 0.6487
1311868184.9004 1.0356 -1.1260 1.4064 0.0401 -0.6432 -0.4113 0.6446
1311868184.9363 1.0273 -1.1357 1.4111 -0.0405 0.6460 0.4130 -0.6406
1311868184.9684 1.0185 -1.1439 1.4155 -0.0421 0.6484 0.4145 -0.6371
1311868185.0004 1.0138 -1.1504 1.4195 -0.0449 0.6505 0.4167 -0.6334
1311868185.0364 1.0063 -1.1559 1.4230 -0.0469 0.6518 0.4191 -0.6303
1311868185.0684 1.0004 -1.1609 1.4258 -0.0504 0.6537 0.4212 -0.6267
1311868185.1009 0.9962 -1.1622 1.4301 -0.0525 0.6555 0.4234 -0.6232
1311868185.1365 0.9887 -1.1646 1.4341 -0.0514 0.6570 0.4243 -0.6210
1311868185.1686 0.9792 -1.1687 1.4373 -0.0493 0.6592 0.4233 -0.6195
1311868185.2008 0.9714 -1.1732 1.4408 -0.0483 0.6618 0.4234 -0.6169
1311868185.2364 0.9610 -1.1808 1.4453 -0.0477 0.6640 0.4238 -0.6142
1311868185.2685 0.9532 -1.1843 1.4481 -0.0493 0.6658 0.4220 -0.6134
1311868185.3005 0.9434 -1.1885 1.4505 -0.0518 0.6678 0.4192 -0.6128
1311868185.3379 0.9394 -1.1898 1.4535 -0.0551 0.6699 0.4167 -0.6120
1311868185.3685 0.9325 -1.1926 1.4589 -0.0566 0.6712 0.4146 -0.6119
1311868185.4012 0.9247 -1.1960 1.4648 -0.0564 0.6717 0.4114 -0.6135
1311868185.4364 0.9169 -1.1987 1.4694 -0.0564 0.6712 0.4083 -0.6161
1311868185.4686 0.9075 -1.2007 1.4744 -0.0583 0.6700 0.4071 -0.6181
1311868185.5004 0.8998 -1.2018 1.4768 -0.0634 0.6687 0.4058 -0.6198
1311868185.5364 0.8952 -1.2020 1.4817 -0.0689 0.6675 0.4039 -0.6217
1311868185.5685 0.8901 -1.2021 1.4813 -0.0730 0.6662 0.4021 -0.6238
1311868185.6004 0.8846 -1.2031 1.4815 -0.0774 0.6670 0.4001 -0.6238
1311868185.6364 0.8790 -1.2051 1.4869 -0.0813 0.6683 0.3989 -0.6226
1311868185.6686 0.8750 -1.2092 1.4893 -0.0841 0.6690 0.3963 -0.6231
1311868185.7020 0.8721 -1.2109 1.4908 -0.0862 0.6691 0.3922 -0.6253
1311868185.7367 0.8685 -1.2123 1.4926 -0.0875 0.6694 0.3881 -0.6273
1311868185.7686 0.8645 -1.2133 1.4934 -0.0887 0.6700 0.3844 -0.6289
1311868185.8004 0.8610 -1.2133 1.4978 -0.0880 0.6715 0.3803 -0.6299
1311868185.8368 0.8588 -1.2123 1.4994 -0.0860 0.6727 0.3781 -0.6302
1311868185.8684 0.8548 -1.2106 1.5032 -0.0833 0.6746 0.3773 -0.6290
1311868185.9004 0.8498 -1.2114 1.5079 -0.0802 0.6764 0.3791 -0.6264
1311868185.9365 0.8423 -1.2145 1.5126 -0.0784 0.6778 0.3813 -0.6237
1311868185.9684 0.8371 -1.2145 1.5172 -0.0780 0.6793 0.3826 -0.6214
1311868186.0004 0.8308 -1.2143 1.5225 -0.0778 0.6810 0.3843 -0.6185
1311868186.0365 0.8258 -1.2148 1.5281 -0.0778 0.6829 0.3860 -0.6153
1311868186.0687 0.8235 -1.2161 1.5327 -0.0781 0.6844 0.3892 -0.6115
1311868186.1032 0.8195 -1.2188 1.5376 -0.0783 0.6863 0.3925 -0.6073
1311868186.1366 0.8181 -1.2212 1.5422 -0.0780 0.6883 0.3951 -0.6034
1311868186.1685 0.8175 -1.2219 1.5469 -0.0763 0.6908 0.3969 -0.5995
1311868186.2004 0.8151 -1.2224 1.5514 -0.0732 0.6936 0.3999 -0.5947
1311868186.2377 0.8105 -1.2243 1.5563 -0.0704 0.6968 0.4047 -0.5880
1311868186.2687 0.8084 -1.2270 1.5606 -0.0689 0.7004 0.4090 -0.5808
1311868186.3004 0.8072 -1.2295 1.5653 -0.0671 0.7040 0.4124 -0.5742
1311868186.3364 0.8074 -1.2295 1.5702 -0.0661 0.7078 0.4158 -0.5673
1311868186.3684 0.8060 -1.2303 1.5760 -0.0641 0.7112 0.4201 -0.5599
1311868186.4005 0.8041 -1.2334 1.5816 -0.0620 0.7142 0.4243 -0.5532
1311868186.4365 0.8028 -1.2353 1.5881 -0.0598 0.7161 0.4276 -0.5484
1311868186.4685 0.8034 -1.2378 1.5934 -0.0571 0.7174 0.4299 -0.5453
1311868186.5005 0.8043 -1.2380 1.5975 -0.0537 0.7185 0.4316 -0.5428
1311868186.5371 0.8062 -1.2379 1.6010 -0.0495 0.7201 0.4331 -0.5399
1311868186.5685 0.8073 -1.2389 1.6044 -0.0444 0.7216 0.4349 -0.5369
1311868186.6006 0.8079 -1.2414 1.6075 -0.0411 0.7230 0.4368 -0.5337
1311868186.6365 0.8116 -1.2447 1.6126 -0.0408 0.7242 0.4384 -0.5307
1311868186.6686 0.8131 -1.2467 1.6160 -0.0410 0.7244 0.4391 -0.5299
1311868186.7025 0.8167 -1.2476 1.6179 -0.0419 0.7244 0.4394 -0.5295
1311868186.7367 0.8244 -1.2475 1.6199 -0.0431 0.7246 0.4406 -0.5283
1311868186.7685 0.8339 -1.2473 1.6215 -0.0433 0.7250 0.4421 -0.5264
1311868186.8005 0.8419 -1.2458 1.6242 -0.0416 0.7260 0.4431 -0.5243
1311868186.8367 0.8475 -1.2464 1.6267 -0.0385 0.7266 0.4450 -0.5220
1311868186.8693 0.8514 -1.2499 1.6286 -0.0345 0.7268 0.4474 -0.5200
1311868186.9005 0.8589 -1.2506 1.6299 -0.0329 0.7269 0.4479 -0.5195
1311868186.9364 0.8664 -1.2507 1.6322 -0.0332 0.7267 0.4486 -0.5192
1311868186.9686 0.8710 -1.2529 1.6348 -0.0336 0.7263 0.4488 -0.5196
1311868187.0005 0.8764 -1.2553 1.6363 -0.0340 0.7255 0.4485 -0.5208
1311868187.0367 0.8831 -1.2575 1.6374 -0.0339 0.7248 0.4479 -0.5224
1311868187.0685 0.8934 -1.2564 1.6393 -0.0328 0.7238 0.4471 -0.5245
1311868187.1017 0.9012 -1.2585 1.6406 -0.0303 0.7225 0.4476 -0.5261
1311868187.1366 0.9089 -1.2592 1.6418 -0.0290 0.7210 0.4479 -0.5280
1311868187.1690 0.9193 -1.2584 1.6432 -0.0294 0.7196 0.4480 -0.5297
1311868187.2013 0.9305 -1.2589 1.6458 -0.0300 0.7178 0.4496 -0.5309
1311868187.2364 0.9404 -1.2595 1.6481 -0.0288 0.7149 0.4524 -0.5323
1311868187.2688 0.9511 -1.2573 1.6494 -0.0273 0.7119 0.4556 -0.5337
1311868187.3005 0.9614 -1.2556 1.6494 -0.0255 0.7093 0.4602 -0.5333
1311868187.3366 0.9690 -1.2581 1.6514 -0.0236 0.7076 0.4650 -0.5316
1311868187.3684 0.9717 -1.2650 1.6557 -0.0212 0.7058 0.4678 -0.5315
1311868187.4005 0.9778 -1.2689 1.6601 -0.0216 0.7030 0.4693 -0.5340
1311868187.4367 0.9840 -1.2726 1.6639 -0.0232 0.6998 0.4699 -0.5375
1311868187.4686 0.9929 -1.2741 1.6673 -0.0251 0.6969 0.4694 -0.5416
1311868187.5005 1.0011 -1.2748 1.6698 -0.0254 0.6943 0.4698 -0.5446
1311868187.5376 1.0097 -1.2761 1.6719 -0.0257 0.6927 0.4703 -0.5462
1311868187.5685 1.0169 -1.2793 1.6757 -0.0260 0.6920 0.4711 -0.5464
1311868187.6005 1.0220 -1.2831 1.6804 -0.0264 0.6911 0.4715 -0.5471
1311868187.6365 1.0258 -1.2841 1.6846 -0.0263 0.6901 0.4709 -0.5489
1311868187.6687 1.0287 -1.2856 1.6888 -0.0256 0.6898 0.4703 -0.5499
1311868187.7006 1.0337 -1.2863 1.6924 -0.0251 0.6898 0.4700 -0.5500
1311868187.7365 1.0402 -1.2878 1.6970 -0.0232 0.6903 0.4701 -0.5495
1311868187.7687 1.0418 -1.2899 1.7021 -0.0214 0.6905 0.4701 -0.5493
1311868187.8005 1.0446 -1.2924 1.7066 -0.0211 0.6910 0.4701 -0.5487
1311868187.8375 1.0458 -1.2957 1.7116 -0.0215 0.6918 0.4711 -0.5468
1311868187.8686 1.0477 -1.2996 1.7180 -0.0231 0.6933 0.4724 -0.5437
1311868187.9005 1.0504 -1.3048 1.7254 -0.0242 0.6949 0.4739 -0.5403
1311868187.9366 1.0521 -1.3092 1.7326 -0.0250 0.6963 0.4750 -0.5375
1311868187.9685 1.0530 -1.3138 1.7396 -0.0252 0.6984 0.4759 -0.5340
1311868188.0007 1.0571 -1.3190 1.7481 -0.0255 0.7010 0.4774 -0.5292
1311868188.0367 1.0603 -1.3240 1.7582 -0.0249 0.7031 0.4790 -0.5249
1311868188.0685 1.0637 -1.3281 1.7675 -0.0235 0.7048 0.4803 -0.5217
1311868188.1004 1.0667 -1.3314 1.7780 -0.0208 0.7068 0.4812 -0.5181
1311868188.1367 1.0668 -1.3357 1.7884 -0.0168 0.7083 0.4831 -0.5144
1311868188.1698 1.0683 -1.3405 1.7986 -0.0128 0.7097 0.4855 -0.5103
1311868188.2006 1.0690 -1.3462 1.8111 -0.0092 0.7107 0.4887 -0.5059
1311868188.2365 1.0680 -1.3514 1.8238 -0.0077 0.7110 0.4925 -0.5019
1311868188.2686 1.0691 -1.3546 1.8377 -0.0084 0.7105 0.4975 -0.4976
1311868188.3009 1.0708 -1.3570 1.8502 -0.0098 0.7091 0.5034 -0.4936
1311868188.3368 1.0731 -1.3579 1.8618 -0.0109 0.7069 0.5095 -0.4905
1311868188.3685 1.0744 -1.3584 1.8714 -0.0108 0.7041 0.5151 -0.4886
1311868188.4005 1.0760 -1.3587 1.8784 -0.0101 0.7017 0.5193 -0.4876
1311868188.4371 1.0794 -1.3580 1.8837 -0.0086 0.6999 0.5222 -0.4871
1311868188.4686 1.0816 -1.3585 1.8865 -0.0046 0.6990 0.5245 -0.4861
1311868188.5025 1.0846 -1.3596 1.8891 0.0005 0.6998 0.5256 -0.4837
1311868188.5375 1.0887 -1.3616 1.8935 0.0054 0.7020 0.5256 -0.4806
1311868188.5687 1.0937 -1.3645 1.8985 0.0101 0.7038 0.5256 -0.4777
1311868188.6014 1.0990 -1.3674 1.9035 0.0139 0.7050 0.5254 -0.4762
1311868188.6375 1.1055 -1.3701 1.9083 0.0162 0.7050 0.5257 -0.4757
1311868188.6687 1.1133 -1.3726 1.9117 0.0180 0.7044 0.5268 -0.4754
1311868188.7035 1.1206 -1.3760 1.9143 0.0202 0.7034 0.5288 -0.4746
1311868188.7366 1.1297 -1.3794 1.9171 0.0226 0.7022 0.5306 -0.4742
1311868188.7687 1.1375 -1.3827 1.9196 0.0254 0.7006 0.5325 -0.4743
1311868188.8007 1.1471 -1.3854 1.9228 0.0267 0.6990 0.5347 -0.4742
1311868188.8365 1.1565 -1.3882 1.9249 0.0281 0.6969 0.5372 -0.4743
1311868188.8685 1.1672 -1.3906 1.9262 0.0303 0.6949 0.5387 -0.4755
1311868188.9007 1.1806 -1.3925 1.9267 0.0335 0.6938 0.5396 -0.4758
1311868188.9365 1.1929 -1.3944 1.9289 0.0392 0.6930 0.5407 -0.4752
1311868188.9687 1.2037 -1.3965 1.9307 0.0475 0.6917 0.5416 -0.4755
1311868189.0006 1.2152 -1.3984 1.9326 0.0556 0.6905 0.5423 -0.4755
1311868189.0369 1.2244 -1.4010 1.9361 0.0620 0.6891 0.5439 -0.4748
1311868189.0686 1.2328 -1.4050 1.9398 0.0653 0.6868 0.5460 -0.4754
1311868189.1006 1.2381 -1.4086 1.9431 0.0646 0.6846 0.5475 -0.4769
1311868189.1366 1.2514 -1.4125 1.9437 0.0591 0.6825 0.5491 -0.4787
1311868189.1686 1.2665 -1.4159 1.9444 0.0548 0.6800 0.5514 -0.4803
1311868189.2012 1.2784 -1.4188 1.9453 0.0542 0.6770 0.5531 -0.4825
1311868189.2383 1.2919 -1.4202 1.9473 0.0549 0.6739 0.5552 -0.4844
1311868189.2687 1.3020 -1.4215 1.9482 0.0570 0.6703 0.5581 -0.4858
1311868189.3023 1.3099 -1.4244 1.9483 0.0581 0.6678 0.5608 -0.4861
1311868189.3379 1.3187 -1.4289 1.9502 0.0576 0.6662 0.5632 -0.4854
1311868189.3684 1.3264 -1.4335 1.9527 0.0579 0.6642 0.5654 -0.4856
1311868189.4005 1.3329 -1.4382 1.9558 0.0584 0.6621 0.5672 -0.4862
1311868189.4367 1.3431 -1.4393 1.9573 0.0576 0.6596 0.5685 -0.4882
1311868189.4688 1.3510 -1.4426 1.9578 0.0589 0.6571 0.5695 -0.4903
1311868189.5006 1.3568 -1.4460 1.9606 0.0606 0.6555 0.5707 -0.4909
1311868189.5366 1.3625 -1.4482 1.9639 0.0607 0.6546 0.5729 -0.4896
1311868189.5687 1.3682 -1.4528 1.9644 0.0601 0.6535 0.5752 -0.4883
1311868189.6019 1.3767 -1.4544 1.9657 0.0597 0.6528 0.5754 -0.4891
1311868189.6367 1.3778 -1.4618 1.9702 0.0627 0.6527 0.5762 -0.4878
1311868189.6687 1.3858 -1.4637 1.9736 0.0649 0.6523 0.5764 -0.4880
1311868189.7044 1.3921 -1.4664 1.9776 0.0662 0.6519 0.5769 -0.4876
1311868189.7366 1.3937 -1.4722 1.9838 0.0686 0.6512 0.5769 -0.4883
1311868189.7689 1.3979 -1.4767 1.9909 0.0684 0.6501 0.5770 -0.4897
1311868189.8029 1.3998 -1.4825 1.9965 0.0681 0.6481 0.5776 -0.4917
1311868189.8366 1.4037 -1.4863 2.0028 0.0665 0.6465 0.5771 -0.4945
1311868189.8687 1.4070 -1.4920 2.0095 0.0661 0.6452 0.5767 -0.4967
1311868189.9020 1.4120 -1.4954 2.0143 0.0656 0.6439 0.5761 -0.4992
1311868189.9367 1.4125 -1.5036 2.0222 0.0670 0.6434 0.5766 -0.4990
1311868189.9686 1.4160 -1.5100 2.0284 0.0671 0.6427 0.5770 -0.4995
1311868190.0020 1.4165 -1.5153 2.0367 0.0667 0.6421 0.5770 -0.5003
1311868190.0367 1.4167 -1.5225 2.0440 0.0657 0.6417 0.5768 -0.5013
1311868190.0686 1.4192 -1.5289 2.0507 0.0644 0.6413 0.5765 -0.5023
1311868190.1041 1.4242 -1.5367 2.0549 0.0643 0.6408 0.5762 -0.5032
1311868190.1367 1.4263 -1.5439 2.0612 0.0656 0.6411 0.5759 -0.5030
1311868190.1688 1.4272 -1.5499 2.0700 0.0669 0.6419 0.5752 -0.5026
1311868190.2024 1.4264 -1.5585 2.0778 0.0673 0.6423 0.5752 -0.5021
1311868190.2368 1.4259 -1.5664 2.0849 0.0665 0.6424 0.5753 -0.5020
1311868190.2686 1.4305 -1.5740 2.0912 0.0649 0.6419 0.5746 -0.5035
1311868190.3025 1.4332 -1.5802 2.0974 0.0640 0.6410 0.5741 -0.5054
1311868190.3367 1.4360 -1.5857 2.1029 0.0628 0.6404 0.5736 -0.5068
1311868190.3692 1.4385 -1.5903 2.1091 0.0620 0.6404 0.5731 -0.5076
1311868190.4020 1.4411 -1.5945 2.1144 0.0622 0.6405 0.5723 -0.5082
1311868190.4366 1.4431 -1.6018 2.1211 0.0632 0.6411 0.5716 -0.5082
1311868190.4689 1.4441 -1.6078 2.1274 0.0636 0.6413 0.5711 -0.5085
1311868190.5031 1.4458 -1.6138 2.1348 0.0629 0.6414 0.5701 -0.5095
1311868190.5366 1.4464 -1.6199 2.1409 0.0620 0.6406 0.5698 -0.5110
1311868190.5686 1.4518 -1.6233 2.1449 0.0608 0.6388 0.5699 -0.5133
1311868190.6044 1.4510 -1.6280 2.1491 0.0599 0.6377 0.5705 -0.5141
1311868190.6366 1.4530 -1.6318 2.1507 0.0584 0.6371 0.5700 -0.5155
1311868190.6687 1.4538 -1.6361 2.1545 0.0579 0.6375 0.5700 -0.5152
1311868190.7089 1.4510 -1.6407 2.1591 0.0579 0.6385 0.5698 -0.5141
1311868190.7367 1.4519 -1.6433 2.1631 0.0576 0.6396 0.5687 -0.5140
1311868190.7714 1.4574 -1.6450 2.1624 0.0573 0.6403 0.5665 -0.5156
1311868190.8024 1.4586 -1.6487 2.1648 0.0583 0.6413 0.5655 -0.5153
1311868190.8366 1.4602 -1.6519 2.1683 0.0594 0.6423 0.5646 -0.5149
1311868190.8704 1.4605 -1.6544 2.1733 0.0604 0.6431 0.5641 -0.5143
1311868190.9023 1.4607 -1.6562 2.1790 0.0609 0.6435 0.5642 -0.5137
1311868190.9366 1.4638 -1.6583 2.1818 0.0608 0.6429 0.5645 -0.5141
1311868190.9703 1.4645 -1.6601 2.1839 0.0615 0.6414 0.5657 -0.5146
1311868191.0043 1.4648 -1.6614 2.1893 0.0631 0.6405 0.5663 -0.5148
1311868191.0366 1.4647 -1.6614 2.1913 0.0648 0.6390 0.5673 -0.5153
1311868191.0750 1.4634 -1.6649 2.1943 0.0657 0.6382 0.5686 -0.5148
1311868191.1029 1.4604 -1.6641 2.1972 0.0658 0.6375 0.5692 -0.5150
1311868191.1367 1.4607 -1.6651 2.1988 0.0658 0.6373 0.5695 -0.5151
1311868191.1704 1.4618 -1.6665 2.2009 0.0657 0.6372 0.5699 -0.5146
1311868191.2047 1.4592 -1.6693 2.2019 0.0653 0.6374 0.5704 -0.5139
1311868191.2369 1.4586 -1.6710 2.2028 0.0649 0.6377 0.5697 -0.5144
1311868191.2705 1.4588 -1.6717 2.2035 0.0647 0.6380 0.5690 -0.5147
1311868191.3051 1.4604 -1.6732 2.2042 0.0640 0.6388 0.5689 -0.5141
1311868191.3368 1.4608 -1.6781 2.2044 0.0620 0.6392 0.5690 -0.5136
1311868191.3702 1.4583 -1.6788 2.2063 0.0615 0.6396 0.5680 -0.5144
1311868191.4080 1.4562 -1.6791 2.2083 0.0617 0.6399 0.5672 -0.5148
1311868191.4367 1.4581 -1.6801 2.2084 0.0605 0.6402 0.5670 -0.5148
1311868191.4700 1.4602 -1.6849 2.2073 0.0584 0.6401 0.5676 -0.5145
1311868191.5056 1.4587 -1.6886 2.2085 0.0580 0.6401 0.5676 -0.5146
1311868191.5368 1.4558 -1.6914 2.2115 0.0580 0.6406 0.5674 -0.5141
1311868191.5702 1.4551 -1.6935 2.2139 0.0571 0.6406 0.5677 -0.5139
1311868191.6047 1.4519 -1.6945 2.2168 0.0558 0.6403 0.5685 -0.5135
1311868191.6369 1.4503 -1.6973 2.2157 0.0541 0.6395 0.5691 -0.5140
1311868191.6708 1.4516 -1.6999 2.2163 0.0523 0.6395 0.5685 -0.5149
1311868191.7051 1.4517 -1.7006 2.2163 0.0530 0.6386 0.5682 -0.5162
1311868191.7368 1.4483 -1.6998 2.2174 0.0548 0.6381 0.5675 -0.5175
1311868191.7716 1.4436 -1.6985 2.2190 0.0560 0.6378 0.5668 -0.5184
1311868191.8048 1.4432 -1.7005 2.2170 0.0555 0.6372 0.5667 -0.5194
1311868191.8367 1.4408 -1.7026 2.2171 0.0555 0.6368 0.5669 -0.5196
1311868191.8722 1.4356 -1.7056 2.2187 0.0551 0.6370 0.5673 -0.5189
1311868191.9047 1.4310 -1.7067 2.2217 0.0553 0.6373 0.5673 -0.5186
1311868191.9367 1.4256 -1.7065 2.2237 0.0564 0.6369 0.5668 -0.5196
1311868191.9703 1.4209 -1.7061 2.2253 0.0571 0.6362 0.5666 -0.5205
1311868192.0052 1.4183 -1.7058 2.2243 0.0563 0.6351 0.5669 -0.5216
1311868192.0383 1.4155 -1.7051 2.2242 0.0554 0.6344 0.5673 -0.5221
1311868192.0706 1.4117 -1.7033 2.2237 0.0548 0.6336 0.5677 -0.5228
1311868192.1056 1.4077 -1.7004 2.2240 0.0543 0.6333 0.5676 -0.5232
1311868192.1394 1.4009 -1.6994 2.2243 0.0542 0.6330 0.5678 -0.5234
1311868192.1737 1.3991 -1.6979 2.2229 0.0536 0.6326 0.5678 -0.5240
1311868192.2047 1.3942 -1.6960 2.2228 0.0539 0.6320 0.5675 -0.5249
1311868192.2405 1.3871 -1.6954 2.2233 0.0544 0.6310 0.5676 -0.5261
1311868192.2717 1.3798 -1.6967 2.2221 0.0546 0.6296 0.5677 -0.5276
1311868192.3047 1.3746 -1.6929 2.2199 0.0535 0.6285 0.5669 -0.5299
1311868192.3425 1.3694 -1.6926 2.2166 0.0518 0.6285 0.5667 -0.5302
1311868192.3702 1.3624 -1.6923 2.2144 0.0494 0.6291 0.5675 -0.5288
1311868192.4047 1.3570 -1.6913 2.2117 0.0474 0.6295 0.5672 -0.5290
1311868192.4385 1.3506 -1.6912 2.2081 0.0469 0.6294 0.5664 -0.5300
1311868192.4714 1.3448 -1.6910 2.2045 0.0470 0.6292 0.5648 -0.5318
1311868192.5047 1.3369 -1.6906 2.2018 0.0463 0.6291 0.5640 -0.5329
1311868192.5409 1.3296 -1.6891 2.1986 0.0452 0.6293 0.5628 -0.5340
1311868192.5712 1.3237 -1.6871 2.1950 0.0441 0.6301 0.5618 -0.5342
1311868192.6048 1.3203 -1.6832 2.1897 0.0434 0.6309 0.5617 -0.5335
1311868192.6411 1.3119 -1.6817 2.1871 0.0441 0.6325 0.5619 -0.5313
1311868192.6703 1.3068 -1.6781 2.1842 0.0436 0.6340 0.5614 -0.5301
1311868192.7048 1.3023 -1.6767 2.1801 0.0431 0.6348 0.5614 -0.5292
1311868192.7394 1.2964 -1.6747 2.1779 0.0435 0.6355 0.5608 -0.5288
1311868192.7700 1.2889 -1.6730 2.1742 0.0442 0.6360 0.5603 -0.5287
1311868192.8048 1.2855 -1.6703 2.1695 0.0431 0.6370 0.5601 -0.5279
1311868192.8380 1.2794 -1.6694 2.1673 0.0431 0.6387 0.5593 -0.5267
1311868192.8706 1.2754 -1.6688 2.1651 0.0419 0.6400 0.5583 -0.5262
1311868192.9047 1.2697 -1.6674 2.1631 0.0413 0.6416 0.5578 -0.5250
1311868192.9405 1.2691 -1.6658 2.1593 0.0394 0.6430 0.5566 -0.5247
1311868192.9703 1.2639 -1.6666 2.1573 0.0399 0.6443 0.5565 -0.5231
1311868193.0048 1.2626 -1.6658 2.1545 0.0400 0.6456 0.5560 -0.5220
1311868193.0381 1.2566 -1.6656 2.1527 0.0403 0.6471 0.5561 -0.5201
1311868193.0703 1.2523 -1.6675 2.1512 0.0395 0.6488 0.5569 -0.5172
1311868193.1053 1.2475 -1.6687 2.1487 0.0378 0.6505 0.5574 -0.5146
1311868193.1407 1.2457 -1.6698 2.1459 0.0363 0.6521 0.5577 -0.5123
1311868193.1726 1.2406 -1.6701 2.1447 0.0364 0.6538 0.5578 -0.5101
1311868193.2051 1.2409 -1.6685 2.1417 0.0385 0.6558 0.5573 -0.5078
1311868193.2385 1.2404 -1.6677 2.1397 0.0426 0.6585 0.5579 -0.5033
1311868193.2705 1.2335 -1.6698 2.1408 0.0484 0.6606 0.5604 -0.4973
1311868193.3090 1.2249 -1.6724 2.1412 0.0519 0.6622 0.5626 -0.4922
1311868193.3408 1.2193 -1.6739 2.1405 0.0530 0.6639 0.5634 -0.4888
1311868193.3709 1.2172 -1.6755 2.1402 0.0526 0.6653 0.5654 -0.4848
1311868193.4093 1.2092 -1.6775 2.1376 0.0525 0.6659 0.5674 -0.4815
1311868193.4390 1.2086 -1.6808 2.1350 0.0500 0.6677 0.5684 -0.4780
1311868193.4732 1.2018 -1.6821 2.1360 0.0490 0.6695 0.5698 -0.4740
1311868193.5078 1.1955 -1.6845 2.1328 0.0460 0.6709 0.5714 -0.4704
1311868193.5412 1.1910 -1.6875 2.1314 0.0416 0.6735 0.5716 -0.4668
1311868193.5738 1.1882 -1.6916 2.1296 0.0366 0.6756 0.5722 -0.4635
1311868193.6060 1.1860 -1.6946 2.1278 0.0328 0.6772 0.5725 -0.4610
1311868193.6403 1.1830 -1.6968 2.1257 0.0300 0.6789 0.5726 -0.4586
1311868193.6702 1.1793 -1.6987 2.1238 0.0279 0.6809 0.5722 -0.4563
1311868193.7101 1.1771 -1.7013 2.1220 0.0262 0.6828 0.5715 -0.4544
1311868193.7383 1.1729 -1.7042 2.1205 0.0252 0.6848 0.5705 -0.4526
1311868193.7716 1.1690 -1.7060 2.1198 0.0232 0.6870 0.5692 -0.4511
1311868193.8094 1.1663 -1.7081 2.1194 0.0206 0.6887 0.5682 -0.4499
1311868193.8381 1.1609 -1.7127 2.1189 0.0185 0.6901 0.5671 -0.4492
1311868193.8732 1.1593 -1.7144 2.1173 0.0155 0.6910 0.5652 -0.4505
1311868193.9094 1.1572 -1.7155 2.1156 0.0132 0.6917 0.5629 -0.4522
1311868193.9381 1.1522 -1.7178 2.1139 0.0132 0.6932 0.5611 -0.4522
1311868193.9728 1.1578 -1.7179 2.1124 0.0121 0.6949 0.5597 -0.4514
1311868194.0092 1.1558 -1.7220 2.1113 0.0128 0.6960 0.5596 -0.4497
1311868194.0382 1.1564 -1.7247 2.1099 0.0135 0.6966 0.5595 -0.4489
1311868194.0714 1.1561 -1.7260 2.1090 0.0140 0.6971 0.5597 -0.4480
1311868194.1087 1.1550 -1.7277 2.1106 0.0141 0.6974 0.5598 -0.4473
1311868194.1406 1.1571 -1.7302 2.1101 0.0137 0.6958 0.5618 -0.4473
1311868194.1727 1.1516 -1.7306 2.1075 0.0154 0.6938 0.5645 -0.4469
1311868194.2095 1.1511 -1.7291 2.1029 0.0157 0.6937 0.5650 -0.4464
1311868194.2430 1.1512 -1.7304 2.1033 0.0161 0.6951 0.5652 -0.4439
1311868194.2700 1.1495 -1.7300 2.1022 0.0163 0.6953 0.5658 -0.4430
1311868194.3094 1.1430 -1.7323 2.0990 0.0166 0.6960 0.5651 -0.4427
1311868194.3392 1.1410 -1.7340 2.0990 0.0160 0.6975 0.5628 -0.4432
1311868194.3702 1.1371 -1.7363 2.0981 0.0151 0.6986 0.5610 -0.4440
1311868194.4082 1.1354 -1.7373 2.0963 0.0137 0.6994 0.5585 -0.4458
1311868194.4399 1.1334 -1.7383 2.0955 0.0132 0.7005 0.5561 -0.4471
1311868194.4689 1.1300 -1.7408 2.0950 0.0118 0.7015 0.5546 -0.4473
1311868194.5089 1.1267 -1.7431 2.0937 0.0094 0.7023 0.5531 -0.4481
1311868194.5384 1.1250 -1.7449 2.0932 0.0067 0.7031 0.5508 -0.4496
1311868194.5689 1.1243 -1.7471 2.0920 0.0044 0.7037 0.5493 -0.4506
1311868194.6095 1.1222 -1.7493 2.0900 0.0028 0.7042 0.5481 -0.4513
1311868194.6450 1.1198 -1.7509 2.0886 0.0016 0.7049 0.5468 -0.4519
1311868194.6690 1.1199 -1.7522 2.0871 0.0004 0.7059 0.5453 -0.4522
1311868194.7101 1.1195 -1.7536 2.0857 0.0010 0.7066 0.5443 -0.4522
1311868194.7410 1.1198 -1.7536 2.0842 0.0024 0.7076 0.5427 -0.4526
1311868194.7690 1.1213 -1.7535 2.0818 0.0045 0.7090 0.5415 -0.4518
1311868194.8069 1.1228 -1.7552 2.0816 0.0070 0.7109 0.5410 -0.4494
1311868194.8423 1.1221 -1.7572 2.0806 0.0095 0.7124 0.5408 -0.4471
1311868194.8690 1.1191 -1.7615 2.0817 0.0106 0.7141 0.5395 -0.4460
1311868194.9092 1.1200 -1.7648 2.0834 0.0102 0.7150 0.5384 -0.4457
1311868194.9427 1.1175 -1.7701 2.0841 0.0096 0.7152 0.5382 -0.4458
1311868194.9689 1.1166 -1.7708 2.0853 0.0082 0.7157 0.5357 -0.4481
1311868195.0092 1.1198 -1.7728 2.0866 0.0077 0.7162 0.5340 -0.4493
1311868195.0387 1.1198 -1.7764 2.0883 0.0079 0.7165 0.5338 -0.4491
1311868195.0690 1.1201 -1.7811 2.0894 0.0081 0.7167 0.5334 -0.4492
1311868195.1095 1.1190 -1.7865 2.0939 0.0078 0.7170 0.5332 -0.4489
1311868195.1397 1.1157 -1.7899 2.0985 0.0070 0.7167 0.5333 -0.4493
1311868195.1689 1.1143 -1.7939 2.1018 0.0051 0.7163 0.5334 -0.4499
1311868195.2087 1.1139 -1.7992 2.1058 0.0035 0.7160 0.5333 -0.4506
1311868195.2384 1.1126 -1.8046 2.1098 0.0026 0.7153 0.5332 -0.4516
1311868195.2691 1.1117 -1.8103 2.1126 0.0021 0.7151 0.5330 -0.4522
1311868195.3140 1.1107 -1.8168 2.1184 0.0018 0.7154 0.5328 -0.4520
1311868195.3407 1.1088 -1.8214 2.1240 0.0019 0.7153 0.5326 -0.4524
1311868195.3690 1.1072 -1.8282 2.1292 0.0020 0.7151 0.5325 -0.4529
1311868195.4094 1.1058 -1.8340 2.1353 0.0018 0.7148 0.5323 -0.4536
1311868195.4418 1.1042 -1.8388 2.1421 0.0006 0.7141 0.5325 -0.4544
1311868195.4692 1.1036 -1.8432 2.1477 -0.0018 0.7128 0.5330 -0.4559
1311868195.5090 1.1050 -1.8477 2.1538 -0.0041 0.7112 0.5333 -0.4581
1311868195.5408 1.1076 -1.8502 2.1587 -0.0060 0.7093 0.5333 -0.4610
1311868195.5692 1.1147 -1.8518 2.1630 -0.0063 0.7076 0.5332 -0.4637
1311868195.6070 1.1154 -1.8543 2.1695 -0.0043 0.7063 0.5347 -0.4640
1311868195.6414 1.1153 -1.8576 2.1758 -0.0026 0.7048 0.5369 -0.4637
1311868195.6690 1.1163 -1.8608 2.1831 -0.0011 0.7029 0.5395 -0.4634
1311868195.7101 1.1147 -1.8636 2.1896 0.0000 0.7009 0.5423 -0.4632
1311868195.7373 1.1134 -1.8660 2.1970 0.0008 0.6992 0.5449 -0.4629
1311868195.7690 1.1136 -1.8687 2.2028 0.0008 0.6970 0.5470 -0.4637
1311868195.8088 1.1163 -1.8702 2.2088 -0.0003 0.6950 0.5473 -0.4663
1311868195.8371 1.1177 -1.8721 2.2153 -0.0020 0.6930 0.5468 -0.4698
1311868195.8691 1.1216 -1.8743 2.2196 -0.0038 0.6908 0.5458 -0.4743
1311868195.9065 1.1261 -1.8769 2.2238 -0.0051 0.6888 0.5446 -0.4785
1311868195.9370 1.1330 -1.8772 2.2276 -0.0049 0.6871 0.5434 -0.4824
1311868195.9690 1.1405 -1.8767 2.2307 -0.0031 0.6860 0.5430 -0.4843
1311868196.0093 1.1471 -1.8790 2.2352 0.0005 0.6851 0.5441 -0.4843
1311868196.0369 1.1509 -1.8816 2.2391 0.0041 0.6835 0.5463 -0.4841
1311868196.0690 1.1550 -1.8835 2.2434 0.0066 0.6819 0.5477 -0.4847
1311868196.1078 1.1592 -1.8865 2.2458 0.0086 0.6795 0.5493 -0.4862
1311868196.1371 1.1651 -1.8866 2.2509 0.0096 0.6774 0.5491 -0.4894
1311868196.1689 1.1697 -1.8890 2.2532 0.0108 0.6745 0.5501 -0.4923
1311868196.2083 1.1740 -1.8898 2.2563 0.0108 0.6720 0.5500 -0.4958
1311868196.2370 1.1808 -1.8908 2.2584 0.0104 0.6699 0.5498 -0.4989
1311868196.2691 1.1866 -1.8916 2.2604 0.0118 0.6678 0.5497 -0.5016
1311868196.3074 1.1928 -1.8944 2.2622 0.0134 0.6661 0.5490 -0.5048
1311868196.3371 1.1989 -1.8950 2.2650 0.0167 0.6644 0.5474 -0.5086
1311868196.3691 1.2049 -1.8960 2.2668 0.0203 0.6626 0.5462 -0.5120
1311868196.4101 1.2107 -1.8975 2.2687 0.0227 0.6609 0.5460 -0.5145
1311868196.4372 1.2192 -1.8996 2.2715 0.0247 0.6592 0.5458 -0.5166
1311868196.4690 1.2256 -1.9002 2.2737 0.0269 0.6568 0.5462 -0.5191
1311868196.5078 1.2317 -1.9017 2.2755 0.0300 0.6545 0.5469 -0.5212
1311868196.5371 1.2369 -1.9014 2.2786 0.0337 0.6523 0.5463 -0.5243
1311868196.5691 1.2436 -1.9030 2.2819 0.0376 0.6502 0.5461 -0.5269
1311868196.6101 1.2473 -1.9033 2.2861 0.0416 0.6479 0.5467 -0.5287
1311868196.6370 1.2515 -1.9047 2.2907 0.0450 0.6458 0.5466 -0.5312
1311868196.6690 1.2558 -1.9054 2.2949 0.0484 0.6436 0.5465 -0.5337
1311868196.7097 1.2583 -1.9077 2.2989 0.0505 0.6414 0.5470 -0.5357
1311868196.7371 1.2614 -1.9116 2.3035 0.0503 0.6396 0.5466 -0.5382
1311868196.7691 1.2650 -1.9155 2.3096 0.0500 0.6377 0.5457 -0.5413
1311868196.8076 1.2689 -1.9181 2.3150 0.0505 0.6353 0.5455 -0.5443
1311868196.8370 1.2701 -1.9209 2.3200 0.0501 0.6335 0.5460 -0.5459
1311868196.8690 1.2718 -1.9264 2.3259 0.0492 0.6325 0.5461 -0.5471
1311868196.9096 1.2736 -1.9303 2.3321 0.0489 0.6316 0.5452 -0.5491
1311868196.9370 1.2751 -1.9331 2.3378 0.0490 0.6312 0.5439 -0.5507
1311868196.9692 1.2793 -1.9387 2.3430 0.0480 0.6315 0.5437 -0.5507
1311868197.0051 1.2781 -1.9423 2.3491 0.0474 0.6321 0.5442 -0.5495
1311868197.0370 1.2807 -1.9482 2.3546 0.0462 0.6333 0.5447 -0.5478
1311868197.0691 1.2856 -1.9529 2.3593 0.0454 0.6338 0.5454 -0.5466
1311868197.1050 1.2872 -1.9582 2.3675 0.0451 0.6345 0.5475 -0.5437
1311868197.1370 1.2873 -1.9634 2.3757 0.0447 0.6346 0.5503 -0.5408
1311868197.1690 1.2875 -1.9685 2.3830 0.0447 0.6341 0.5531 -0.5386
1311868197.2051 1.2867 -1.9710 2.3902 0.0445 0.6341 0.5561 -0.5354
1311868197.2372 1.2865 -1.9755 2.3974 0.0443 0.6346 0.5595 -0.5313
1311868197.2692 1.2857 -1.9787 2.4048 0.0448 0.6354 0.5622 -0.5275
1311868197.3051 1.2858 -1.9837 2.4114 0.0450 0.6364 0.5654 -0.5227
1311868197.3373 1.2860 -1.9891 2.4183 0.0442 0.6374 0.5693 -0.5173
1311868197.3691 1.2850 -1.9943 2.4264 0.0433 0.6381 0.5721 -0.5135
1311868197.4052 1.2862 -1.9996 2.4334 0.0422 0.6381 0.5746 -0.5108
1311868197.4370 1.2856 -2.0037 2.4411 0.0420 0.6382 0.5766 -0.5084
1311868197.4692 1.2847 -2.0075 2.4493 0.0423 0.6385 0.5790 -0.5053
1311868197.5052 1.2844 -2.0123 2.4579 0.0432 0.6391 0.5811 -0.5021
1311868197.5370 1.2838 -2.0164 2.4653 0.0451 0.6388 0.5825 -0.5007
1311868197.5692 1.2814 -2.0214 2.4745 0.0479 0.6386 0.5834 -0.4995
1311868197.6052 1.2796 -2.0230 2.4831 0.0506 0.6382 0.5839 -0.4991
1311868197.6371 1.2805 -2.0275 2.4900 0.0522 0.6379 0.5851 -0.4980
1311868197.6691 1.2790 -2.0308 2.4985 0.0539 0.6378 0.5869 -0.4958
1311868197.7052 1.2793 -2.0327 2.5057 0.0551 0.6373 0.5882 -0.4948
1311868197.7373 1.2794 -2.0347 2.5123 0.0555 0.6366 0.5901 -0.4933
1311868197.7692 1.2758 -2.0380 2.5192 0.0561 0.6364 0.5913 -0.4922
1311868197.8054 1.2766 -2.0398 2.5256 0.0569 0.6358 0.5924 -0.4916
1311868197.8372 1.2743 -2.0414 2.5312 0.0600 0.6352 0.5915 -0.4930
1311868197.8691 1.2762 -2.0430 2.5371 0.0630 0.6349 0.5916 -0.4928
1311868197.9052 1.2749 -2.0452 2.5428 0.0660 0.6343 0.5918 -0.4930
1311868197.9372 1.2756 -2.0470 2.5489 0.0690 0.6333 0.5924 -0.4933
1311868197.9692 1.2702 -2.0473 2.5552 0.0709 0.6319 0.5934 -0.4935
1311868198.0052 1.2695 -2.0497 2.5589 0.0694 0.6305 0.5946 -0.4940
1311868198.0371 1.2677 -2.0515 2.5635 0.0679 0.6292 0.5953 -0.4951
1311868198.0692 1.2642 -2.0520 2.5676 0.0673 0.6282 0.5951 -0.4967
1311868198.1054 1.2627 -2.0522 2.5718 0.0678 0.6279 0.5942 -0.4980
1311868198.1372 1.2606 -2.0538 2.5753 0.0685 0.6277 0.5942 -0.4982
1311868198.1692 1.2569 -2.0552 2.5787 0.0693 0.6276 0.5942 -0.4982
1311868198.2053 1.2549 -2.0577 2.5824 0.0693 0.6276 0.5940 -0.4984
1311868198.2372 1.2518 -2.0590 2.5858 0.0689 0.6270 0.5935 -0.4998
1311868198.2692 1.2492 -2.0603 2.5896 0.0688 0.6261 0.5924 -0.5024
1311868198.3051 1.2475 -2.0602 2.5926 0.0691 0.6248 0.5913 -0.5052
1311868198.3372 1.2458 -2.0599 2.5964 0.0705 0.6242 0.5908 -0.5064
1311868198.3692 1.2406 -2.0581 2.5999 0.0730 0.6238 0.5914 -0.5058
1311868198.4051 1.2356 -2.0593 2.6031 0.0745 0.6235 0.5923 -0.5049
1311868198.4372 1.2285 -2.0587 2.6059 0.0749 0.6233 0.5925 -0.5048
1311868198.4692 1.2248 -2.0602 2.6090 0.0746 0.6231 0.5925 -0.5051
1311868198.5053 1.2191 -2.0600 2.6110 0.0733 0.6228 0.5931 -0.5050
1311868198.5373 1.2128 -2.0599 2.6141 0.0719 0.6229 0.5939 -0.5041
1311868198.5692 1.2087 -2.0614 2.6161 0.0708 0.6227 0.5953 -0.5029
1311868198.6051 1.2012 -2.0595 2.6179 0.0696 0.6228 0.5963 -0.5017
1311868198.6372 1.1973 -2.0609 2.6190 0.0689 0.6230 0.5975 -0.5000
1311868198.6691 1.1939 -2.0604 2.6197 0.0687 0.6230 0.5983 -0.4992
1311868198.7050 1.1892 -2.0597 2.6202 0.0692 0.6228 0.5994 -0.4981
1311868198.7372 1.1840 -2.0598 2.6209 0.0703 0.6229 0.6003 -0.4966
1311868198.7691 1.1770 -2.0620 2.6224 0.0721 0.6232 0.6024 -0.4935
1311868198.8051 1.1715 -2.0601 2.6232 0.0723 0.6237 0.6037 -0.4912
1311868198.8372 1.1676 -2.0603 2.6244 0.0708 0.6245 0.6053 -0.4885
1311868198.8692 1.1602 -2.0592 2.6254 0.0690 0.6253 0.6071 -0.4854
1311868198.9051 1.1549 -2.0608 2.6262 0.0678 0.6265 0.6077 -0.4833
1311868198.9371 1.1506 -2.0603 2.6273 0.0677 0.6279 0.6074 -0.4820
1311868198.9692 1.1444 -2.0627 2.6294 0.0684 0.6293 0.6075 -0.4799
1311868199.0051 1.1385 -2.0632 2.6313 0.0686 0.6300 0.6077 -0.4787
1311868199.0372 1.1334 -2.0646 2.6337 0.0680 0.6306 0.6082 -0.4773
1311868199.0692 1.1284 -2.0647 2.6353 0.0670 0.6305 0.6092 -0.4763
1311868199.1051 1.1212 -2.0638 2.6370 0.0665 0.6305 0.6096 -0.4759
1311868199.1372 1.1176 -2.0634 2.6380 0.0667 0.6309 0.6089 -0.4761
1311868199.1693 1.1135 -2.0631 2.6391 0.0677 0.6320 0.6085 -0.4751
1311868199.2052 1.1099 -2.0644 2.6411 0.0696 0.6328 0.6086 -0.4736
1311868199.2372 1.1047 -2.0639 2.6428 0.0716 0.6334 0.6083 -0.4729
1311868199.2693 1.1009 -2.0646 2.6448 0.0732 0.6336 0.6081 -0.4726
1311868199.3052 1.0955 -2.0644 2.6464 0.0734 0.6338 0.6089 -0.4714
1311868199.3373 1.0900 -2.0646 2.6482 0.0729 0.6344 0.6095 -0.4699
1311868199.3694 1.0865 -2.0632 2.6492 0.0727 0.6348 0.6089 -0.4701
1311868199.4052 1.0842 -2.0630 2.6503 0.0739 0.6354 0.6081 -0.4702
1311868199.4372 1.0811 -2.0619 2.6515 0.0761 0.6360 0.6076 -0.4696
1311868199.4694 1.0758 -2.0619 2.6519 0.0780 0.6369 0.6074 -0.4683
1311868199.5053 1.0702 -2.0634 2.6541 0.0793 0.6385 0.6074 -0.4660
1311868199.5373 1.0661 -2.0628 2.6554 0.0794 0.6398 0.6077 -0.4637
1311868199.5693 1.0638 -2.0620 2.6565 0.0793 0.6414 0.6077 -0.4615
1311868199.6053 1.0611 -2.0608 2.6582 0.0800 0.6431 0.6081 -0.4585
1311868199.6372 1.0584 -2.0598 2.6593 0.0804 0.6449 0.6090 -0.4547
1311868199.6692 1.0556 -2.0608 2.6608 0.0808 0.6470 0.6104 -0.4497
1311868199.7053 1.0507 -2.0617 2.6632 0.0810 0.6489 0.6120 -0.4447
1311868199.7372 1.0468 -2.0637 2.6650 0.0809 0.6504 0.6132 -0.4410
1311868199.7691 1.0424 -2.0650 2.6677 0.0815 0.6514 0.6141 -0.4381
1311868199.8053 1.0382 -2.0661 2.6696 0.0819 0.6523 0.6151 -0.4352
1311868199.8372 1.0334 -2.0683 2.6728 0.0822 0.6537 0.6165 -0.4311
1311868199.8692 1.0263 -2.0696 2.6754 0.0815 0.6555 0.6183 -0.4259
1311868199.9052 1.0219 -2.0727 2.6786 0.0794 0.6578 0.6197 -0.4207
1311868199.9372 1.0170 -2.0756 2.6814 0.0773 0.6596 0.6207 -0.4167
1311868199.9693 1.0102 -2.0790 2.6851 0.0765 0.6619 0.6208 -0.4131
1311868200.0052 1.0074 -2.0847 2.6883 0.0765 0.6638 0.6209 -0.4099
1311868200.0376 1.0038 -2.0899 2.6926 0.0781 0.6654 0.6217 -0.4058
1311868200.0694 0.9972 -2.0929 2.6978 0.0802 0.6667 0.6229 -0.4012
1311868200.1052 0.9922 -2.0969 2.7021 0.0799 0.6679 0.6242 -0.3974
1311868200.1373 0.9866 -2.1028 2.7073 0.0763 0.6691 0.6268 -0.3918
1311868200.1694 0.9819 -2.1081 2.7123 0.0725 0.6698 0.6285 -0.3888
1311868200.2055 0.9772 -2.1136 2.7176 0.0708 0.6702 0.6292 -0.3871
1311868200.2372 0.9725 -2.1189 2.7229 0.0713 0.6708 0.6300 -0.3847
1311868200.2734 0.9659 -2.1237 2.7293 0.0724 0.6717 0.6313 -0.3809
1311868200.3052 0.9602 -2.1283 2.7354 0.0733 0.6724 0.6330 -0.3767
1311868200.3372 0.9551 -2.1336 2.7408 0.0734 0.6728 0.6342 -0.3738
1311868200.3734 0.9512 -2.1392 2.7469 0.0727 0.6731 0.6353 -0.3716
1311868200.4052 0.9473 -2.1445 2.7530 0.0719 0.6732 0.6367 -0.3691
1311868200.4373 0.9433 -2.1483 2.7592 0.0728 0.6732 0.6380 -0.3668
1311868200.4733 0.9405 -2.1527 2.7652 0.0743 0.6731 0.6395 -0.3641
1311868200.5053 0.9343 -2.1561 2.7710 0.0764 0.6732 0.6410 -0.3606
1311868200.5372 0.9311 -2.1600 2.7773 0.0759 0.6736 0.6424 -0.3575
1311868200.5733 0.9265 -2.1651 2.7832 0.0745 0.6737 0.6436 -0.3555
1311868200.6052 0.9222 -2.1695 2.7894 0.0734 0.6737 0.6442 -0.3547
1311868200.6374 0.9192 -2.1724 2.7951 0.0739 0.6737 0.6437 -0.3553
1311868200.6735 0.9160 -2.1766 2.8006 0.0754 0.6743 0.6436 -0.3542
1311868200.7053 0.9141 -2.1802 2.8057 0.0762 0.6747 0.6436 -0.3533
1311868200.7376 0.9114 -2.1827 2.8113 0.0773 0.6753 0.6433 -0.3525
1311868200.7734 0.9103 -2.1872 2.8165 0.0780 0.6755 0.6432 -0.3519
1311868200.8052 0.9062 -2.1900 2.8205 0.0784 0.6756 0.6437 -0.3508
1311868200.8374 0.9011 -2.1925 2.8244 0.0794 0.6756 0.6441 -0.3498
1311868200.8732 0.8981 -2.1948 2.8277 0.0799 0.6759 0.6443 -0.3489
1311868200.9052 0.8959 -2.1969 2.8315 0.0802 0.6767 0.6441 -0.3475
1311868200.9374 0.8947 -2.2001 2.8358 0.0806 0.6779 0.6433 -0.3465
1311868200.9734 0.8937 -2.2028 2.8390 0.0815 0.6789 0.6426 -0.3458
1311868201.0053 0.8916 -2.2056 2.8423 0.0825 0.6797 0.6424 -0.3444
1311868201.0374 0.8890 -2.2072 2.8450 0.0831 0.6803 0.6421 -0.3434
1311868201.0732 0.8874 -2.2097 2.8478 0.0833 0.6806 0.6416 -0.3437
1311868201.1054 0.8838 -2.2101 2.8503 0.0845 0.6804 0.6411 -0.3449
1311868201.1375 0.8818 -2.2107 2.8522 0.0843 0.6807 0.6405 -0.3455
1311868201.1735 0.8808 -2.2108 2.8542 0.0832 0.6816 0.6401 -0.3446
1311868201.2053 0.8768 -2.2122 2.8560 0.0839 0.6827 0.6398 -0.3429
1311868201.2374 0.8743 -2.2145 2.8578 0.0846 0.6831 0.6396 -0.3423
1311868201.2734 0.8711 -2.2153 2.8593 0.0849 0.6829 0.6396 -0.3425
1311868201.3053 0.8683 -2.2172 2.8607 0.0848 0.6826 0.6397 -0.3430
1311868201.3375 0.8666 -2.2169 2.8623 0.0849 0.6820 0.6397 -0.3442
1311868201.3733 0.8642 -2.2178 2.8638 0.0852 0.6816 0.6395 -0.3452
1311868201.4053 0.8609 -2.2166 2.8644 0.0847 0.6814 0.6398 -0.3453
1311868201.4374 0.8569 -2.2162 2.8647 0.0841 0.6812 0.6402 -0.3451
1311868201.4732 0.8521 -2.2157 2.8650 0.0845 0.6812 0.6400 -0.3454
1311868201.5053 0.8498 -2.2161 2.8660 0.0848 0.6811 0.6398 -0.3457
1311868201.5375 0.8476 -2.2157 2.8666 0.0854 0.6811 0.6398 -0.3457
1311868201.5734 0.8450 -2.2154 2.8671 0.0855 0.6813 0.6402 -0.3445
1311868201.6054 0.8406 -2.2146 2.8680 0.0849 0.6816 0.6406 -0.3433
1311868201.6374 0.8399 -2.2132 2.8696 0.0827 0.6825 0.6402 -0.3428
1311868201.6735 0.8400 -2.2144 2.8702 0.0811 0.6832 0.6396 -0.3429
1311868201.7054 0.8350 -2.2150 2.8690 0.0815 0.6832 0.6398 -0.3423
1311868201.7374 0.8312 -2.2157 2.8696 0.0825 0.6834 0.6399 -0.3415
1311868201.7735 0.8294 -2.2168 2.8713 0.0830 0.6835 0.6401 -0.3410
1311868201.8053 0.8264 -2.2159 2.8734 0.0834 0.6834 0.6405 -0.3402
1311868201.8374 0.8223 -2.2144 2.8754 0.0841 0.6832 0.6414 -0.3388
1311868201.8733 0.8173 -2.2141 2.8749 0.0838 0.6824 0.6435 -0.3366
1311868201.9053 0.8153 -2.2180 2.8765 0.0821 0.6818 0.6452 -0.3348
1311868201.9375 0.8123 -2.2149 2.8782 0.0808 0.6813 0.6466 -0.3335
1311868201.9733 0.8076 -2.2136 2.8802 0.0805 0.6807 0.6477 -0.3326
1311868202.0053 0.8048 -2.2151 2.8817 0.0793 0.6802 0.6490 -0.3315
1311868202.0375 0.8015 -2.2148 2.8834 0.0787 0.6795 0.6499 -0.3311
1311868202.0733 0.7976 -2.2163 2.8861 0.0788 0.6793 0.6506 -0.3304
1311868202.1053 0.7933 -2.2161 2.8885 0.0798 0.6788 0.6515 -0.3291
1311868202.1376 0.7917 -2.2175 2.8910 0.0807 0.6783 0.6527 -0.3277
1311868202.1733 0.7863 -2.2190 2.8935 0.0806 0.6777 0.6548 -0.3247
1311868202.2053 0.7822 -2.2178 2.8960 0.0798 0.6775 0.6564 -0.3220
1311868202.2375 0.7785 -2.2235 2.8996 0.0795 0.6771 0.6586 -0.3186
1311868202.2733 0.7731 -2.2217 2.9013 0.0796 0.6761 0.6614 -0.3149
1311868202.3053 0.7696 -2.2223 2.9041 0.0792 0.6754 0.6632 -0.3126
1311868202.3374 0.7638 -2.2219 2.9069 0.0801 0.6749 0.6644 -0.3109
1311868202.3733 0.7577 -2.2214 2.9093 0.0813 0.6743 0.6649 -0.3107
1311868202.4053 0.7528 -2.2233 2.9123 0.0818 0.6744 0.6649 -0.3106
1311868202.4374 0.7476 -2.2241 2.9153 0.0816 0.6747 0.6650 -0.3097
1311868202.4734 0.7423 -2.2262 2.9180 0.0809 0.6750 0.6655 -0.3081
1311868202.5054 0.7359 -2.2316 2.9204 0.0796 0.6747 0.6669 -0.3061
1311868202.5375 0.7287 -2.2344 2.9228 0.0768 0.6742 0.6684 -0.3048
1311868202.5734 0.7229 -2.2362 2.9264 0.0738 0.6739 0.6686 -0.3056
1311868202.6054 0.7178 -2.2371 2.9297 0.0721 0.6737 0.6681 -0.3075
1311868202.6374 0.7126 -2.2408 2.9333 0.0723 0.6740 0.6674 -0.3082
1311868202.6737 0.7064 -2.2436 2.9348 0.0727 0.6744 0.6675 -0.3071
1311868202.7055 0.6984 -2.2463 2.9364 0.0721 0.6752 0.6676 -0.3052
1311868202.7373 0.6944 -2.2480 2.9385 0.0697 0.6761 0.6673 -0.3045
1311868202.7734 0.6856 -2.2502 2.9393 0.0663 0.6772 0.6668 -0.3040
1311868202.8054 0.6804 -2.2513 2.9408 0.0630 0.6785 0.6653 -0.3049
1311868202.8376 0.6752 -2.2540 2.9418 0.0615 0.6802 0.6635 -0.3055
1311868202.8734 0.6701 -2.2562 2.9427 0.0623 0.6814 0.6620 -0.3057
1311868202.9054 0.6641 -2.2575 2.9422 0.0629 0.6831 0.6611 -0.3039
1311868202.9376 0.6609 -2.2575 2.9415 0.0619 0.6857 0.6598 -0.3012
1311868202.9734 0.6565 -2.2597 2.9401 0.0602 0.6882 0.6587 -0.2980
1311868203.0056 0.6536 -2.2600 2.9386 0.0582 0.6905 0.6577 -0.2954
1311868203.0376 0.6506 -2.2584 2.9362 0.0575 0.6924 0.6560 -0.2949
1311868203.0734 0.6490 -2.2613 2.9348 0.0580 0.6943 0.6542 -0.2942
1311868203.1056 0.6461 -2.2603 2.9317 0.0602 0.6955 0.6537 -0.2920
1311868203.1375 0.6469 -2.2566 2.9286 0.0654 0.6980 0.6513 -0.2903
1311868203.1735 0.6451 -2.2577 2.9260 0.0720 0.7009 0.6500 -0.2848
1311868203.2054 0.6392 -2.2581 2.9186 0.0759 0.7033 0.6496 -0.2785
1311868203.2375 0.6345 -2.2609 2.9133 0.0775 0.7060 0.6479 -0.2751
1311868203.2735 0.6307 -2.2629 2.9087 0.0774 0.7085 0.6461 -0.2729
1311868203.3055 0.6248 -2.2649 2.9008 0.0758 0.7109 0.6446 -0.2708
1311868203.3375 0.6227 -2.2682 2.8956 0.0724 0.7139 0.6426 -0.2688
1311868203.3736 0.6180 -2.2698 2.8890 0.0688 0.7168 0.6408 -0.2661
1311868203.4055 0.6152 -2.2736 2.8825 0.0652 0.7197 0.6389 -0.2638
1311868203.4377 0.6141 -2.2786 2.8776 0.0628 0.7221 0.6379 -0.2604
1311868203.5055 0.6096 -2.2810 2.8661 0.0633 0.7244 0.6393 -0.2500
1311868203.5374 0.6032 -2.2825 2.8581 0.0668 0.7257 0.6397 -0.2443
1311868203.5735 0.5998 -2.2868 2.8559 0.0674 0.7279 0.6392 -0.2388
1311868203.6054 0.5935 -2.2912 2.8497 0.0660 0.7287 0.6403 -0.2339
1311868203.6736 0.5824 -2.2906 2.8399 0.0663 0.7309 0.6380 -0.2332
1311868203.7055 0.5781 -2.2963 2.8373 0.0652 0.7321 0.6378 -0.2304
1311868203.7376 0.5725 -2.2982 2.8339 0.0642 0.7323 0.6389 -0.2267
1311868203.7737 0.5666 -2.2989 2.8281 0.0649 0.7322 0.6398 -0.2243
1311868203.8055 0.5629 -2.3071 2.8254 0.0667 0.7323 0.6410 -0.2202
1311868203.8375 0.5576 -2.3170 2.8248 0.0685 0.7304 0.6452 -0.2132
1311868203.9056 0.5368 -2.3101 2.8087 0.0682 0.7246 0.6560 -0.2001
1311868203.9377 0.5291 -2.3136 2.8037 0.0678 0.7258 0.6551 -0.1985
1311868203.9736 0.5166 -2.3171 2.7986 0.0671 0.7265 0.6550 -0.1968
1311868204.0055 0.5085 -2.3167 2.7918 0.0653 0.7281 0.6529 -0.1981
1311868204.0376 0.5041 -2.3240 2.7890 0.0637 0.7309 0.6502 -0.1972
1311868204.0736 0.4949 -2.3303 2.7848 0.0623 0.7319 0.6503 -0.1935
1311868204.1055 0.4868 -2.3321 2.7776 0.0614 0.7330 0.6500 -0.1910
1311868204.1377 0.4804 -2.3390 2.7732 0.0618 0.7345 0.6491 -0.1879
1311868204.1737 0.4701 -2.3413 2.7667 0.0634 0.7354 0.6489 -0.1848
1311868204.2055 0.4603 -2.3449 2.7625 0.0651 0.7366 0.6477 -0.1834
1311868204.2377 0.4538 -2.3502 2.7605 0.0653 0.7379 0.6463 -0.1829
1311868204.2736 0.4454 -2.3561 2.7555 0.0648 0.7379 0.6469 -0.1811
1311868204.3055 0.4393 -2.3608 2.7521 0.0651 0.7376 0.6479 -0.1785
1311868204.3377 0.4325 -2.3639 2.7501 0.0648 0.7371 0.6496 -0.1747
1311868204.3736 0.4262 -2.3665 2.7468 0.0655 0.7361 0.6517 -0.1711
1311868204.4057 0.4196 -2.3668 2.7422 0.0673 0.7351 0.6534 -0.1678
1311868204.4377 0.4141 -2.3733 2.7420 0.0689 0.7348 0.6546 -0.1638
1311868204.4735 0.4058 -2.3740 2.7384 0.0696 0.7328 0.6579 -0.1593
1311868204.5378 0.3891 -2.3792 2.7315 0.0671 0.7325 0.6598 -0.1538
1311868204.5737 0.3800 -2.3803 2.7261 0.0653 0.7323 0.6600 -0.1545
1311868204.6057 0.3751 -2.3844 2.7251 0.0633 0.7335 0.6582 -0.1570
1311868204.6376 0.3717 -2.3883 2.7242 0.0603 0.7345 0.6570 -0.1589
1311868204.6737 0.3662 -2.3941 2.7209 0.0571 0.7348 0.6569 -0.1591
1311868204.7055 0.3624 -2.3990 2.7198 0.0542 0.7350 0.6571 -0.1583
1311868204.7377 0.3585 -2.4013 2.7171 0.0528 0.7349 0.6576 -0.1571
1311868204.7737 0.3537 -2.4046 2.7141 0.0538 0.7347 0.6580 -0.1563
1311868204.8376 0.3514 -2.4123 2.7112 0.0601 0.7345 0.6584 -0.1529
1311868204.8736 0.3462 -2.4141 2.7069 0.0654 0.7339 0.6599 -0.1469
1311868204.9057 0.3395 -2.4186 2.7037 0.0695 0.7345 0.6602 -0.1408
1311868204.9377 0.3281 -2.4237 2.7000 0.0716 0.7348 0.6606 -0.1360
1311868205.0060 0.3114 -2.4311 2.6943 0.0669 0.7372 0.6573 -0.1416
1311868205.0377 0.3072 -2.4367 2.6920 0.0639 0.7379 0.6555 -0.1472
1311868205.0736 0.3038 -2.4377 2.6886 0.0620 0.7383 0.6541 -0.1521
1311868205.1376 0.2999 -2.4475 2.6836 0.0599 0.7410 0.6504 -0.1560
1311868205.1736 0.2966 -2.4498 2.6791 0.0593 0.7420 0.6493 -0.1559
1311868205.2056 0.2907 -2.4532 2.6770 0.0597 0.7433 0.6478 -0.1556
1311868205.2378 0.2900 -2.4569 2.6774 0.0578 0.7449 0.6459 -0.1567
1311868205.2736 0.2854 -2.4607 2.6732 0.0561 0.7457 0.6452 -0.1565
1311868205.3056 0.2805 -2.4608 2.6711 0.0543 0.7470 0.6438 -0.1566
1311868205.3378 0.2803 -2.4644 2.6708 0.0522 0.7491 0.6412 -0.1579
1311868205.3735 0.2812 -2.4654 2.6692 0.0508 0.7509 0.6392 -0.1579
1311868205.4057 0.2811 -2.4681 2.6674 0.0507 0.7534 0.6365 -0.1567
1311868205.4377 0.2798 -2.4691 2.6655 0.0526 0.7557 0.6342 -0.1548
1311868205.4736 0.2760 -2.4703 2.6619 0.0546 0.7585 0.6310 -0.1534
1311868205.5057 0.2744 -2.4711 2.6590 0.0558 0.7626 0.6262 -0.1526
1311868205.5377 0.2724 -2.4734 2.6559 0.0573 0.7670 0.6208 -0.1521
1311868205.5736 0.2695 -2.4773 2.6544 0.0586 0.7717 0.6147 -0.1522
1311868205.6055 0.2696 -2.4819 2.6570 0.0591 0.7758 0.6094 -0.1526
1311868205.6377 0.2685 -2.4851 2.6578 0.0589 0.7783 0.6063 -0.1525
1311868205.7056 0.2629 -2.4882 2.6533 0.0552 0.7811 0.6023 -0.1549
1311868205.7378 0.2648 -2.4912 2.6545 0.0542 0.7821 0.6002 -0.1584
1311868205.7736 0.2625 -2.4913 2.6520 0.0541 0.7821 0.5999 -0.1596
1311868205.8057 0.2605 -2.4943 2.6505 0.0535 0.7824 0.5994 -0.1603
1311868205.8376 0.2579 -2.4938 2.6480 0.0531 0.7822 0.5993 -0.1617
1311868205.9056 0.2558 -2.4950 2.6428 0.0529 0.7840 0.5960 -0.1654
1311868205.9378 0.2539 -2.4945 2.6398 0.0522 0.7853 0.5941 -0.1663
1311868205.9737 0.2536 -2.4957 2.6386 0.0504 0.7865 0.5926 -0.1666
1311868206.0056 0.2517 -2.4957 2.6333 0.0489 0.7874 0.5915 -0.1665
1311868206.0380 0.2493 -2.4966 2.6307 0.0473 0.7889 0.5894 -0.1673
1311868206.1057 0.2456 -2.4974 2.6220 0.0474 0.7912 0.5853 -0.1710
1311868206.1377 0.2445 -2.5007 2.6186 0.0490 0.7930 0.5823 -0.1722
1311868206.1738 0.2409 -2.5037 2.6160 0.0495 0.7950 0.5794 -0.1726
1311868206.2057 0.2350 -2.5074 2.6148 0.0482 0.7968 0.5764 -0.1747
1311868206.2379 0.2349 -2.5094 2.6149 0.0456 0.7980 0.5737 -0.1788
1311868206.3056 0.2346 -2.5107 2.6113 0.0394 0.7984 0.5716 -0.1850
1311868206.3377 0.2364 -2.5106 2.6112 0.0384 0.7989 0.5706 -0.1863
1311868206.4056 0.2365 -2.5059 2.6119 0.0374 0.7984 0.5714 -0.1863
1311868206.4377 0.2366 -2.5022 2.6115 0.0361 0.7979 0.5720 -0.1868
1311868206.4737 0.2395 -2.4993 2.6134 0.0357 0.7974 0.5726 -0.1872
1311868206.5058 0.2440 -2.4952 2.6158 0.0376 0.7963 0.5739 -0.1871
1311868206.5377 0.2434 -2.4913 2.6174 0.0388 0.7953 0.5762 -0.1842
1311868206.5737 0.2414 -2.4865 2.6199 0.0379 0.7939 0.5792 -0.1812
1311868206.6378 0.2392 -2.4786 2.6250 0.0315 0.7914 0.5843 -0.1770
1311868206.6738 0.2380 -2.4745 2.6260 0.0273 0.7896 0.5871 -0.1761
1311868206.7057 0.2396 -2.4732 2.6278 0.0231 0.7887 0.5888 -0.1752
1311868206.7377 0.2439 -2.4703 2.6316 0.0209 0.7881 0.5902 -0.1736
1311868206.8057 0.2439 -2.4643 2.6383 0.0226 0.7868 0.5936 -0.1678
1311868206.8377 0.2407 -2.4624 2.6411 0.0225 0.7862 0.5954 -0.1639
1311868206.8737 0.2387 -2.4627 2.6452 0.0213 0.7861 0.5963 -0.1613
1311868206.9060 0.2375 -2.4608 2.6494 0.0200 0.7855 0.5976 -0.1597
1311868206.9381 0.2373 -2.4590 2.6520 0.0191 0.7855 0.5978 -0.1589
1311868206.9737 0.2381 -2.4579 2.6599 0.0188 0.7853 0.5988 -0.1561
1311868207.0057 0.2341 -2.4562 2.6625 0.0190 0.7844 0.6011 -0.1520
1311868207.0738 0.2237 -2.4541 2.6689 0.0168 0.7833 0.6036 -0.1477
1311868207.1057 0.2246 -2.4546 2.6743 0.0144 0.7835 0.6038 -0.1464
1311868207.1377 0.2236 -2.4556 2.6793 0.0128 0.7833 0.6048 -0.1433
1311868207.2058 0.2181 -2.4546 2.6885 0.0119 0.7829 0.6069 -0.1364
1311868207.2378 0.2167 -2.4562 2.6937 0.0113 0.7828 0.6077 -0.1333
1311868207.2738 0.2135 -2.4570 2.6990 0.0120 0.7825 0.6088 -0.1300
1311868207.3057 0.2108 -2.4573 2.7037 0.0129 0.7823 0.6096 -0.1276
1311868207.3379 0.2076 -2.4578 2.7097 0.0149 0.7820 0.6104 -0.1255
1311868207.4058 0.2008 -2.4557 2.7187 0.0197 0.7811 0.6122 -0.1214
1311868207.4380 0.1939 -2.4558 2.7241 0.0233 0.7800 0.6136 -0.1203
1311868207.4736 0.1877 -2.4545 2.7277 0.0254 0.7792 0.6145 -0.1206
1311868207.5057 0.1831 -2.4555 2.7343 0.0245 0.7791 0.6146 -0.1210
1311868207.5378 0.1792 -2.4548 2.7393 0.0224 0.7784 0.6156 -0.1214
1311868207.5739 0.1775 -2.4550 2.7447 0.0210 0.7780 0.6158 -0.1228
1311868207.6057 0.1756 -2.4530 2.7514 0.0205 0.7774 0.6164 -0.1236
1311868207.6377 0.1745 -2.4520 2.7583 0.0200 0.7769 0.6170 -0.1237
1311868207.6738 0.1705 -2.4507 2.7633 0.0200 0.7757 0.6188 -0.1229
1311868207.7058 0.1665 -2.4490 2.7684 0.0192 0.7748 0.6200 -0.1224
1311868207.7378 0.1619 -2.4489 2.7739 0.0177 0.7736 0.6215 -0.1219
1311868207.7737 0.1572 -2.4482 2.7775 0.0163 0.7722 0.6233 -0.1218
1311868207.8058 0.1546 -2.4465 2.7820 0.0161 0.7710 0.6247 -0.1226
1311868207.8379 0.1496 -2.4459 2.7874 0.0164 0.7700 0.6258 -0.1234
1311868207.8739 0.1453 -2.4464 2.7922 0.0149 0.7687 0.6272 -0.1245
1311868207.9057 0.1424 -2.4469 2.7971 0.0131 0.7676 0.6284 -0.1255
1311868207.9378 0.1392 -2.4482 2.8020 0.0111 0.7665 0.6296 -0.1263
1311868207.9738 0.1384 -2.4470 2.8065 0.0098 0.7655 0.6306 -0.1272
1311868208.0058 0.1374 -2.4475 2.8127 0.0092 0.7650 0.6312 -0.1276
1311868208.0377 0.1357 -2.4473 2.8182 0.0084 0.7642 0.6322 -0.1277
1311868208.0737 0.1341 -2.4479 2.8242 0.0072 0.7633 0.6334 -0.1271
1311868208.1377 0.1298 -2.4496 2.8350 0.0032 0.7609 0.6366 -0.1253
1311868208.1738 0.1267 -2.4491 2.8394 0.0007 0.7591 0.6389 -0.1245
1311868208.2378 0.1248 -2.4509 2.8502 -0.0036 0.7566 0.6418 -0.1252
1311868208.2739 0.1244 -2.4489 2.8554 -0.0047 0.7552 0.6433 -0.1256
1311868208.3378 0.1228 -2.4499 2.8671 -0.0045 0.7533 0.6457 -0.1247
1311868208.3738 0.1210 -2.4504 2.8734 -0.0032 0.7525 0.6469 -0.1237
1311868208.4379 0.1158 -2.4515 2.8837 -0.0006 0.7505 0.6494 -0.1225
1311868208.4739 0.1119 -2.4522 2.8889 0.0008 0.7493 0.6508 -0.1224
1311868208.5379 0.1053 -2.4514 2.8980 0.0019 0.7482 0.6520 -0.1231
1311868208.5739 0.1023 -2.4502 2.9028 0.0018 0.7484 0.6518 -0.1228
1311868208.6378 0.0952 -2.4532 2.9147 0.0046 0.7476 0.6529 -0.1217
1311868208.6739 0.0921 -2.4516 2.9199 0.0067 0.7456 0.6551 -0.1219
1311868208.7378 0.0843 -2.4502 2.9313 0.0108 0.7421 0.6590 -0.1221
1311868208.7740 0.0791 -2.4502 2.9371 0.0112 0.7401 0.6614 -0.1216
1311868208.8378 0.0746 -2.4448 2.9455 0.0122 0.7362 0.6652 -0.1240
1311868208.8738 0.0727 -2.4428 2.9506 0.0129 0.7341 0.6674 -0.1242
1311868208.9377 0.0709 -2.4326 2.9567 0.0147 0.7310 0.6705 -0.1258
1311868208.9738 0.0680 -2.4315 2.9601 0.0163 0.7298 0.6717 -0.1264
1311868209.0378 0.0617 -2.4256 2.9682 0.0150 0.7276 0.6739 -0.1275
1311868209.0738 0.0620 -2.4204 2.9736 0.0134 0.7266 0.6747 -0.1293
1311868209.1378 0.0582 -2.4107 2.9797 0.0143 0.7230 0.6779 -0.1327
1311868209.1738 0.0561 -2.4073 2.9856 0.0146 0.7219 0.6790 -0.1324
1311868209.2378 0.0560 -2.3934 2.9876 0.0139 0.7184 0.6831 -0.1309
1311868209.2738 0.0519 -2.3870 2.9886 0.0142 0.7174 0.6843 -0.1295
1311868209.3058 0.0498 -2.3830 2.9904 0.0144 0.7166 0.6852 -0.1292
1311868209.3419 0.0474 -2.3752 2.9894 0.0153 0.7152 0.6864 -0.1307
1311868209.4058 0.0382 -2.3655 2.9967 0.0204 0.7139 0.6868 -0.1351
1311868209.4420 0.0345 -2.3580 2.9971 0.0228 0.7126 0.6878 -0.1363
1311868209.5058 0.0278 -2.3448 2.9987 0.0253 0.7129 0.6872 -0.1375
1311868209.5418 0.0220 -2.3420 3.0014 0.0261 0.7137 0.6867 -0.1357
1311868209.6060 0.0158 -2.3292 3.0010 0.0270 0.7142 0.6865 -0.1339
1311868209.6421 0.0124 -2.3244 3.0006 0.0297 0.7138 0.6868 -0.1334
1311868209.7059 0.0021 -2.3175 2.9984 0.0335 0.7132 0.6884 -0.1277
1311868209.7420 -0.0013 -2.3118 2.9956 0.0333 0.7129 0.6889 -0.1266
1311868209.8058 -0.0119 -2.3075 2.9927 0.0297 0.7132 0.6892 -0.1246
1311868209.8419 -0.0150 -2.3038 2.9932 0.0263 0.7134 0.6890 -0.1252
1311868209.9058 -0.0167 -2.2927 2.9928 0.0205 0.7139 0.6882 -0.1276
1311868209.9421 -0.0176 -2.2904 2.9964 0.0198 0.7157 0.6863 -0.1277
1311868210.0059 -0.0181 -2.2817 2.9955 0.0211 0.7173 0.6849 -0.1265
1311868210.0420 -0.0210 -2.2808 2.9975 0.0226 0.7187 0.6836 -0.1250
1311868210.0738 -0.0220 -2.2771 2.9984 0.0227 0.7196 0.6829 -0.1237
1311868210.1059 -0.0264 -2.2771 2.9994 0.0226 0.7203 0.6825 -0.1217
1311868210.1419 -0.0294 -2.2753 2.9983 0.0210 0.7201 0.6829 -0.1207
1311868210.1739 -0.0283 -2.2694 2.9989 0.0189 0.7205 0.6826 -0.1211
1311868210.2058 -0.0307 -2.2686 3.0015 0.0184 0.7212 0.6819 -0.1202
1311868210.2419 -0.0310 -2.2655 3.0028 0.0182 0.7211 0.6822 -0.1197
1311868210.3060 -0.0338 -2.2610 3.0074 0.0209 0.7208 0.6827 -0.1178
1311868210.3419 -0.0350 -2.2595 3.0085 0.0219 0.7198 0.6841 -0.1159
1311868210.4059 -0.0394 -2.2560 3.0082 0.0233 0.7174 0.6870 -0.1132
1311868210.4420 -0.0411 -2.2542 3.0100 0.0235 0.7164 0.6882 -0.1124
1311868210.4739 -0.0403 -2.2499 3.0082 0.0228 0.7155 0.6891 -0.1125
1311868210.5059 -0.0392 -2.2460 3.0087 0.0227 0.7157 0.6888 -0.1132
1311868210.5419 -0.0387 -2.2443 3.0099 0.0242 0.7163 0.6882 -0.1131
1311868210.5739 -0.0406 -2.2440 3.0113 0.0267 0.7166 0.6879 -0.1122
1311868210.6060 -0.0421 -2.2431 3.0105 0.0294 0.7164 0.6881 -0.1115
1311868210.6420 -0.0452 -2.2441 3.0111 0.0314 0.7163 0.6884 -0.1100
1311868210.6739 -0.0465 -2.2423 3.0095 0.0313 0.7161 0.6888 -0.1084
1311868210.7059 -0.0493 -2.2421 3.0093 0.0302 0.7166 0.6887 -0.1063
1311868210.7421 -0.0510 -2.2414 3.0098 0.0287 0.7174 0.6881 -0.1048
1311868210.7740 -0.0516 -2.2410 3.0101 0.0272 0.7185 0.6873 -0.1031
1311868210.8059 -0.0536 -2.2414 3.0105 0.0259 0.7196 0.6866 -0.1003
1311868210.8419 -0.0555 -2.2413 3.0099 0.0249 0.7206 0.6860 -0.0978
1311868210.8740 -0.0597 -2.2422 3.0108 0.0249 0.7221 0.6848 -0.0950
1311868210.9058 -0.0646 -2.2451 3.0126 0.0256 0.7230 0.6843 -0.0914
1311868210.9420 -0.0675 -2.2444 3.0120 0.0257 0.7232 0.6845 -0.0882
1311868210.9742 -0.0737 -2.2465 3.0129 0.0267 0.7237 0.6842 -0.0858
1311868211.0058 -0.0808 -2.2484 3.0137 0.0270 0.7234 0.6849 -0.0831
1311868211.0419 -0.0866 -2.2475 3.0138 0.0252 0.7231 0.6855 -0.0812
1311868211.0740 -0.0919 -2.2478 3.0153 0.0235 0.7231 0.6857 -0.0802
1311868211.1060 -0.0969 -2.2469 3.0162 0.0219 0.7231 0.6858 -0.0790
1311868211.1420 -0.1019 -2.2470 3.0175 0.0212 0.7232 0.6859 -0.0778
1311868211.1741 -0.1058 -2.2462 3.0193 0.0215 0.7232 0.6860 -0.0773
1311868211.2058 -0.1118 -2.2473 3.0220 0.0228 0.7236 0.6856 -0.0766
1311868211.2420 -0.1188 -2.2501 3.0276 0.0240 0.7237 0.6857 -0.0744
1311868211.2741 -0.1279 -2.2511 3.0274 0.0242 0.7228 0.6870 -0.0712
1311868211.3061 -0.1375 -2.2542 3.0299 0.0232 0.7224 0.6878 -0.0678
1311868211.3422 -0.1443 -2.2554 3.0318 0.0204 0.7221 0.6883 -0.0659
1311868211.3741 -0.1529 -2.2573 3.0348 0.0191 0.7220 0.6886 -0.0655
1311868211.4061 -0.1626 -2.2599 3.0392 0.0194 0.7220 0.6885 -0.0652
1311868211.4422 -0.1703 -2.2617 3.0422 0.0191 0.7217 0.6890 -0.0638
1311868211.4739 -0.1778 -2.2627 3.0445 0.0185 0.7215 0.6894 -0.0619
1311868211.5059 -0.1879 -2.2649 3.0474 0.0180 0.7217 0.6894 -0.0594
1311868211.5419 -0.1953 -2.2672 3.0498 0.0167 0.7219 0.6894 -0.0577
1311868211.5740 -0.2045 -2.2689 3.0515 0.0160 0.7219 0.6896 -0.0562
1311868211.6060 -0.2148 -2.2715 3.0554 0.0158 0.7223 0.6892 -0.0546
1311868211.6420 -0.2221 -2.2746 3.0601 0.0160 0.7224 0.6893 -0.0532
1311868211.6740 -0.2294 -2.2767 3.0648 0.0164 0.7223 0.6894 -0.0519
1311868211.7060 -0.2376 -2.2796 3.0672 0.0164 0.7215 0.6904 -0.0501
1311868211.7421 -0.2468 -2.2812 3.0695 0.0160 0.7206 0.6914 -0.0484
1311868211.7740 -0.2524 -2.2830 3.0736 0.0146 0.7203 0.6918 -0.0484
1311868211.8062 -0.2564 -2.2838 3.0758 0.0143 0.7193 0.6928 -0.0498
1311868211.8421 -0.2649 -2.2849 3.0779 0.0150 0.7189 0.6931 -0.0501
1311868211.8739 -0.2685 -2.2878 3.0820 0.0153 0.7188 0.6932 -0.0503
1311868211.9060 -0.2736 -2.2887 3.0884 0.0160 0.7186 0.6934 -0.0499
1311868211.9423 -0.2818 -2.2899 3.0889 0.0169 0.7177 0.6944 -0.0499
1311868211.9740 -0.2876 -2.2944 3.0909 0.0164 0.7171 0.6950 -0.0499
1311868212.0059 -0.2979 -2.2961 3.0956 0.0158 0.7167 0.6955 -0.0493
1311868212.0422 -0.3010 -2.2950 3.0995 0.0145 0.7165 0.6956 -0.0512
1311868212.0740 -0.3031 -2.2980 3.1017 0.0142 0.7159 0.6960 -0.0534
1311868212.1059 -0.3124 -2.3015 3.1066 0.0152 0.7155 0.6965 -0.0527
1311868212.1421 -0.3202 -2.3006 3.1073 0.0148 0.7143 0.6977 -0.0514
1311868212.1740 -0.3226 -2.3013 3.1088 0.0139 0.7141 0.6979 -0.0527
1311868212.2061 -0.3258 -2.3038 3.1116 0.0138 0.7142 0.6977 -0.0544
1311868212.2423 -0.3307 -2.3052 3.1149 0.0138 0.7144 0.6975 -0.0544
1311868212.2743 -0.3355 -2.3066 3.1167 0.0138 0.7145 0.6974 -0.0540
1311868212.3060 -0.3425 -2.3078 3.1175 0.0139 0.7147 0.6973 -0.0532
1311868212.3421 -0.3512 -2.3100 3.1179 0.0137 0.7147 0.6974 -0.0521
1311868212.3742 -0.3538 -2.3108 3.1170 0.0127 0.7145 0.6975 -0.0535
1311868212.4061 -0.3585 -2.3102 3.1184 0.0135 0.7146 0.6971 -0.0562
1311868212.4421 -0.3650 -2.3112 3.1223 0.0148 0.7152 0.6964 -0.0582
1311868212.4740 -0.3696 -2.3104 3.1235 0.0153 0.7154 0.6960 -0.0600
1311868212.5060 -0.3720 -2.3098 3.1216 0.0159 0.7157 0.6955 -0.0622
1311868212.5422 -0.3776 -2.3106 3.1215 0.0159 0.7162 0.6949 -0.0624
1311868212.5740 -0.3785 -2.3118 3.1224 0.0143 0.7169 0.6942 -0.0633
1311868212.6061 -0.3819 -2.3110 3.1232 0.0145 0.7176 0.6932 -0.0656
1311868212.6421 -0.3854 -2.3118 3.1219 0.0149 0.7176 0.6929 -0.0681
1311868212.6742 -0.3895 -2.3110 3.1211 0.0146 0.7177 0.6927 -0.0693
1311868212.7069 -0.3928 -2.3099 3.1186 0.0142 0.7179 0.6925 -0.0703
1311868212.7422 -0.3994 -2.3106 3.1170 0.0144 0.7182 0.6921 -0.0706
1311868212.7739 -0.4020 -2.3107 3.1166 0.0136 0.7184 0.6918 -0.0713
1311868212.8060 -0.4029 -2.3102 3.1168 0.0127 0.7191 0.6911 -0.0723
1311868212.8421 -0.4073 -2.3098 3.1153 0.0121 0.7190 0.6911 -0.0725
1311868212.8741 -0.4113 -2.3093 3.1152 0.0110 0.7193 0.6908 -0.0724
1311868212.9062 -0.4163 -2.3091 3.1118 0.0097 0.7189 0.6912 -0.0724
1311868212.9421 -0.4193 -2.3063 3.1062 0.0079 0.7183 0.6918 -0.0729
1311868212.9742 -0.4223 -2.3050 3.1091 0.0075 0.7197 0.6903 -0.0742
1311868213.0062 -0.4240 -2.3042 3.1065 0.0079 0.7194 0.6906 -0.0746
1311868213.0422 -0.4281 -2.3026 3.1056 0.0095 0.7197 0.6903 -0.0740
1311868213.0740 -0.4346 -2.3015 3.1015 0.0111 0.7192 0.6909 -0.0722
1311868213.1061 -0.4391 -2.2997 3.0971 0.0106 0.7192 0.6912 -0.0701
1311868213.1421 -0.4438 -2.2977 3.0967 0.0098 0.7200 0.6905 -0.0679
1311868213.1742 -0.4485 -2.2945 3.0891 0.0085 0.7200 0.6908 -0.0656
1311868213.2063 -0.4499 -2.2921 3.0890 0.0076 0.7219 0.6891 -0.0635
1311868213.2422 -0.4562 -2.2902 3.0852 0.0084 0.7228 0.6883 -0.0608
1311868213.2740 -0.4587 -2.2877 3.0808 0.0082 0.7241 0.6871 -0.0588
1311868213.3062 -0.4652 -2.2866 3.0769 0.0084 0.7253 0.6861 -0.0558
1311868213.3424 -0.4690 -2.2861 3.0761 0.0070 0.7270 0.6846 -0.0535
1311868213.3744 -0.4732 -2.2852 3.0725 0.0072 0.7271 0.6845 -0.0524
1311868213.4060 -0.4774 -2.2825 3.0704 0.0080 0.7270 0.6847 -0.0517
1311868213.4423 -0.4833 -2.2801 3.0688 0.0091 0.7268 0.6849 -0.0500
1311868213.4745 -0.4882 -2.2792 3.0657 0.0088 0.7263 0.6857 -0.0472
1311868213.5063 -0.4919 -2.2771 3.0615 0.0068 0.7256 0.6867 -0.0444
1311868213.5422 -0.4972 -2.2744 3.0579 0.0053 0.7251 0.6874 -0.0420
1311868213.5743 -0.5046 -2.2722 3.0551 0.0043 0.7248 0.6878 -0.0392
1311868213.6084 -0.5077 -2.2704 3.0527 0.0025 0.7246 0.6882 -0.0367
1311868213.6421 -0.5090 -2.2674 3.0501 0.0002 0.7247 0.6882 -0.0350
1311868213.6742 -0.5119 -2.2638 3.0474 -0.0012 0.7252 0.6876 -0.0339
1311868213.7063 -0.5163 -2.2619 3.0450 -0.0016 0.7260 0.6869 -0.0331
1311868213.7422 -0.5151 -2.2585 3.0452 -0.0014 0.7271 0.6857 -0.0341
1311868213.7741 -0.5198 -2.2563 3.0437 0.0015 0.7276 0.6851 -0.0342
1311868213.8062 -0.5232 -2.2544 3.0418 0.0043 0.7280 0.6846 -0.0346
1311868213.8422 -0.5310 -2.2531 3.0379 0.0069 0.7282 0.6845 -0.0334
1311868213.8741 -0.5357 -2.2521 3.0344 0.0074 0.7285 0.6842 -0.0322
1311868213.9063 -0.5410 -2.2511 3.0297 0.0077 0.7287 0.6840 -0.0316
1311868213.9422 -0.5438 -2.2499 3.0274 0.0072 0.7295 0.6833 -0.0310
1311868213.9741 -0.5474 -2.2472 3.0243 0.0063 0.7306 0.6821 -0.0294
1311868214.0063 -0.5454 -2.2453 3.0252 0.0058 0.7330 0.6796 -0.0285
1311868214.0422 -0.5489 -2.2472 3.0248 0.0070 0.7347 0.6779 -0.0255
1311868214.0741 -0.5480 -2.2443 3.0233 0.0089 0.7356 0.6769 -0.0247
1311868214.1062 -0.5490 -2.2457 3.0246 0.0135 0.7362 0.6762 -0.0251
1311868214.1423 -0.5539 -2.2449 3.0205 0.0182 0.7354 0.6770 -0.0242
1311868214.1740 -0.5552 -2.2428 3.0217 0.0227 0.7355 0.6768 -0.0233
1311868214.2063 -0.5584 -2.2428 3.0203 0.0259 0.7353 0.6769 -0.0200
1311868214.2422 -0.5624 -2.2411 3.0162 0.0265 0.7353 0.6771 -0.0159
1311868214.2742 -0.5668 -2.2397 3.0134 0.0264 0.7355 0.6768 -0.0139
1311868214.3064 -0.5659 -2.2389 3.0132 0.0252 0.7364 0.6759 -0.0154
1311868214.3423 -0.5691 -2.2395 3.0120 0.0247 0.7367 0.6756 -0.0156
1311868214.3742 -0.5716 -2.2383 3.0116 0.0250 0.7369 0.6753 -0.0148
1311868214.4062 -0.5726 -2.2360 3.0106 0.0265 0.7370 0.6753 -0.0140
1311868214.4422 -0.5773 -2.2345 3.0085 0.0287 0.7372 0.6750 -0.0116
1311868214.4743 -0.5846 -2.2345 3.0053 0.0291 0.7372 0.6750 -0.0073
1311868214.5066 -0.5859 -2.2345 3.0049 0.0274 0.7376 0.6746 -0.0045
1311868214.5423 -0.5882 -2.2322 3.0036 0.0256 0.7382 0.6741 -0.0026
1311868214.5744 -0.5925 -2.2322 3.0007 0.0250 0.7383 0.6740 -0.0006
1311868214.6064 -0.5923 -2.2297 3.0019 0.0247 0.7392 0.6731 0.0019
1311868214.6423 -0.5977 -2.2282 3.0015 0.0254 0.7398 0.6723 0.0068
1311868214.6744 -0.6024 -2.2284 2.9963 0.0259 0.7396 0.6724 0.0113
1311868214.7062 -0.6063 -2.2271 2.9936 0.0265 0.7399 0.6720 0.0152
1311868214.7423 -0.6087 -2.2272 2.9936 0.0260 0.7411 0.6706 0.0186
1311868214.7745 -0.6149 -2.2255 2.9906 0.0259 0.7417 0.6698 0.0237
1311868214.8065 -0.6179 -2.2244 2.9881 0.0241 0.7427 0.6686 0.0292
1311868214.8423 -0.6201 -2.2221 2.9870 0.0225 0.7442 0.6667 0.0344
1311868214.8743 -0.6234 -2.2226 2.9847 0.0222 0.7451 0.6654 0.0390
1311868214.9063 -0.6297 -2.2223 2.9830 0.0238 0.7450 0.6652 0.0441
1311868214.9422 -0.6370 -2.2212 2.9800 0.0250 0.7443 0.6655 0.0499
1311868214.9744 -0.6404 -2.2210 2.9785 0.0233 0.7440 0.6655 0.0554
1311868215.0064 -0.6454 -2.2198 2.9756 0.0195 0.7441 0.6650 0.0608
1311868215.0422 -0.6504 -2.2195 2.9734 0.0157 0.7445 0.6643 0.0643
1311868215.0742 -0.6528 -2.2187 2.9706 0.0131 0.7448 0.6639 0.0662
1311868215.1062 -0.6554 -2.2171 2.9688 0.0124 0.7455 0.6628 0.0684
1311868215.1423 -0.6619 -2.2171 2.9643 0.0124 0.7458 0.6620 0.0729
1311868215.1743 -0.6636 -2.2175 2.9623 0.0110 0.7464 0.6609 0.0774
1311868215.2064 -0.6689 -2.2177 2.9590 0.0103 0.7467 0.6601 0.0813
1311868215.2423 -0.6707 -2.2176 2.9568 0.0087 0.7473 0.6592 0.0840
1311868215.2744 -0.6757 -2.2186 2.9530 0.0074 0.7472 0.6589 0.0869
1311868215.3064 -0.6756 -2.2173 2.9498 0.0055 0.7473 0.6585 0.0883
1311868215.3425 -0.6815 -2.2191 2.9458 0.0055 0.7473 0.6583 0.0910
1311868215.3742 -0.6838 -2.2186 2.9418 0.0050 0.7464 0.6589 0.0940
1311868215.4064 -0.6824 -2.2175 2.9369 0.0045 0.7462 0.6588 0.0960
1311868215.4423 -0.6845 -2.2182 2.9335 0.0051 0.7464 0.6582 0.0983
1311868215.4745 -0.6877 -2.2181 2.9249 0.0043 0.7461 0.6581 0.1014
1311868215.5063 -0.6892 -2.2180 2.9197 0.0028 0.7470 0.6567 0.1040
1311868215.5423 -0.6879 -2.2207 2.9153 0.0018 0.7477 0.6557 0.1051
1311868215.5741 -0.6921 -2.2215 2.9059 0.0035 0.7471 0.6562 0.1062
1311868215.6062 -0.6888 -2.2190 2.9024 0.0044 0.7482 0.6549 0.1062
1311868215.6424 -0.6888 -2.2208 2.8970 0.0051 0.7499 0.6524 0.1093
1311868215.6745 -0.6905 -2.2216 2.8941 0.0052 0.7511 0.6500 0.1148
1311868215.7065 -0.6896 -2.2233 2.8909 0.0048 0.7519 0.6483 0.1197
1311868215.7422 -0.6892 -2.2241 2.8875 0.0050 0.7524 0.6471 0.1230
1311868215.7747 -0.6905 -2.2230 2.8828 0.0050 0.7527 0.6461 0.1263
1311868215.8066 -0.6893 -2.2240 2.8787 0.0036 0.7534 0.6446 0.1297
1311868215.8423 -0.6891 -2.2248 2.8717 0.0032 0.7536 0.6441 0.1313
1311868215.8742 -0.6880 -2.2260 2.8680 0.0046 0.7543 0.6432 0.1317
1311868215.9064 -0.6892 -2.2261 2.8601 0.0061 0.7538 0.6433 0.1339
1311868215.9424 -0.6892 -2.2273 2.8540 0.0072 0.7541 0.6424 0.1360
1311868215.9743 -0.6909 -2.2290 2.8489 0.0083 0.7542 0.6419 0.1380
1311868216.0065 -0.6895 -2.2292 2.8464 0.0088 0.7549 0.6411 0.1380
1311868216.0425 -0.6907 -2.2284 2.8396 0.0106 0.7545 0.6413 0.1390
1311868216.0742 -0.6903 -2.2312 2.8330 0.0106 0.7549 0.6408 0.1393
1311868216.1063 -0.6910 -2.2310 2.8270 0.0115 0.7552 0.6407 0.1383
1311868216.1424 -0.6911 -2.2322 2.8204 0.0125 0.7565 0.6396 0.1359
1311868216.1742 -0.6928 -2.2353 2.8144 0.0134 0.7575 0.6384 0.1359
1311868216.2063 -0.6943 -2.2367 2.8117 0.0143 0.7579 0.6377 0.1370
1311868216.2429 -0.6946 -2.2372 2.8027 0.0158 0.7579 0.6377 0.1371
1311868216.2759 -0.6955 -2.2397 2.8008 0.0171 0.7597 0.6355 0.1368
1311868216.3067 -0.6989 -2.2407 2.7988 0.0179 0.7599 0.6346 0.1394
1311868216.3426 -0.7009 -2.2428 2.7938 0.0176 0.7598 0.6339 0.1430
1311868216.3743 -0.7022 -2.2434 2.7914 0.0188 0.7598 0.6335 0.1452
1311868216.4067 -0.7027 -2.2425 2.7880 0.0200 0.7596 0.6336 0.1450
1311868216.4423 -0.7042 -2.2427 2.7847 0.0198 0.7600 0.6336 0.1436
1311868216.4744 -0.7091 -2.2428 2.7778 0.0185 0.7607 0.6331 0.1421
1311868216.5064 -0.7079 -2.2434 2.7775 0.0171 0.7620 0.6321 0.1394
1311868216.5424 -0.7107 -2.2439 2.7736 0.0169 0.7626 0.6318 0.1375
1311868216.5743 -0.7100 -2.2457 2.7716 0.0170 0.7638 0.6310 0.1349
1311868216.6065 -0.7123 -2.2443 2.7674 0.0197 0.7642 0.6304 0.1345
1311868216.6425 -0.7135 -2.2457 2.7657 0.0214 0.7651 0.6294 0.1345
1311868216.6743 -0.7152 -2.2473 2.7614 0.0240 0.7659 0.6280 0.1360
1311868216.7066 -0.7181 -2.2494 2.7584 0.0261 0.7668 0.6263 0.1383
1311868216.7425 -0.7219 -2.2487 2.7533 0.0286 0.7681 0.6244 0.1389
1311868216.7743 -0.7251 -2.2512 2.7507 0.0300 0.7704 0.6216 0.1383
1311868216.8064 -0.7278 -2.2539 2.7486 0.0304 0.7726 0.6190 0.1379
1311868216.8425 -0.7294 -2.2558 2.7460 0.0304 0.7745 0.6166 0.1382
1311868216.8744 -0.7310 -2.2576 2.7458 0.0299 0.7755 0.6151 0.1391
1311868216.9064 -0.7343 -2.2575 2.7390 0.0285 0.7761 0.6143 0.1394
1311868216.9424 -0.7373 -2.2613 2.7354 0.0271 0.7773 0.6131 0.1384
1311868216.9746 -0.7390 -2.2616 2.7327 0.0272 0.7778 0.6128 0.1369
1311868217.0064 -0.7402 -2.2661 2.7316 0.0261 0.7787 0.6119 0.1360
1311868217.0424 -0.7428 -2.2687 2.7314 0.0245 0.7780 0.6128 0.1364
1311868217.0746 -0.7400 -2.2665 2.7317 0.0233 0.7773 0.6143 0.1340
1311868217.1067 -0.7394 -2.2655 2.7279 0.0226 0.7771 0.6150 0.1316
1311868217.1437 -0.7423 -2.2678 2.7233 0.0220 0.7784 0.6137 0.1303
1311868217.1746 -0.7440 -2.2689 2.7193 0.0216 0.7799 0.6121 0.1287
1311868217.2066 -0.7429 -2.2706 2.7147 0.0219 0.7825 0.6093 0.1264
1311868217.2424 -0.7441 -2.2740 2.7160 0.0221 0.7856 0.6053 0.1260
1311868217.2747 -0.7453 -2.2768 2.7153 0.0221 0.7878 0.6027 0.1255
1311868217.3073 -0.7460 -2.2792 2.7138 0.0227 0.7895 0.6006 0.1240
1311868217.3425 -0.7461 -2.2821 2.7132 0.0231 0.7916 0.5981 0.1225
1311868217.3743 -0.7466 -2.2853 2.7149 0.0228 0.7933 0.5960 0.1223
1311868217.4067 -0.7489 -2.2874 2.7120 0.0217 0.7940 0.5947 0.1238
1311868217.4425 -0.7517 -2.2900 2.7119 0.0198 0.7950 0.5932 0.1255
1311868217.4751 -0.7509 -2.2897 2.7121 0.0180 0.7955 0.5926 0.1254
1311868217.5066 -0.7507 -2.2901 2.7117 0.0183 0.7957 0.5925 0.1248
1311868217.5423 -0.7507 -2.2900 2.7116 0.0195 0.7953 0.5931 0.1243
1311868217.5743 -0.7499 -2.2894 2.7124 0.0201 0.7947 0.5937 0.1246
1311868217.6063 -0.7499 -2.2873 2.7110 0.0199 0.7939 0.5948 0.1248
1311868217.6424 -0.7480 -2.2853 2.7112 0.0196 0.7935 0.5956 0.1235
1311868217.6744 -0.7461 -2.2827 2.7103 0.0192 0.7929 0.5966 0.1226
1311868217.7064 -0.7442 -2.2807 2.7092 0.0187 0.7927 0.5969 0.1222
1311868217.7424 -0.7433 -2.2796 2.7091 0.0185 0.7927 0.5969 0.1221
1311868217.7755 -0.7418 -2.2777 2.7090 0.0182 0.7924 0.5974 0.1220
1311868217.8068 -0.7405 -2.2757 2.7086 0.0177 0.7923 0.5976 0.1218
1311868217.8425 -0.7383 -2.2729 2.7080 0.0166 0.7925 0.5974 0.1213
1311868217.8743 -0.7379 -2.2714 2.7074 0.0152 0.7931 0.5967 0.1210
1311868217.9065 -0.7385 -2.2709 2.7058 0.0138 0.7939 0.5958 0.1207
1311868217.9425 -0.7381 -2.2708 2.7053 0.0129 0.7948 0.5947 0.1201
1311868217.9751 -0.7367 -2.2695 2.7052 0.0135 0.7957 0.5937 0.1194
1311868218.0064 -0.7330 -2.2684 2.7066 0.0152 0.7967 0.5923 0.1189
1311868218.0424 -0.7318 -2.2684 2.7091 0.0163 0.7973 0.5911 0.1210
1311868218.0747 -0.7308 -2.2663 2.7077 0.0168 0.7975 0.5904 0.1232
1311868218.1065 -0.7301 -2.2655 2.7089 0.0174 0.7985 0.5889 0.1241
1311868218.1425 -0.7296 -2.2646 2.7107 0.0177 0.7993 0.5876 0.1247
1311868218.1746 -0.7295 -2.2636 2.7122 0.0177 0.7995 0.5872 0.1253
1311868218.2065 -0.7278 -2.2614 2.7138 0.0177 0.7994 0.5873 0.1251
1311868218.2425 -0.7237 -2.2590 2.7168 0.0187 0.7990 0.5879 0.1247
1311868218.2746 -0.7201 -2.2548 2.7207 0.0210 0.7983 0.5888 0.1251
1311868218.3065 -0.7184 -2.2515 2.7229 0.0229 0.7974 0.5898 0.1257
1311868218.3426 -0.7184 -2.2480 2.7255 0.0238 0.7966 0.5908 0.1257
1311868218.3748 -0.7182 -2.2451 2.7261 0.0237 0.7965 0.5911 0.1254
1311868218.4105 -0.7198 -2.2428 2.7279 0.0233 0.7965 0.5911 0.1251
1311868218.4425 -0.7201 -2.2408 2.7283 0.0234 0.7964 0.5916 0.1236
1311868218.4745 -0.7230 -2.2407 2.7300 0.0250 0.7962 0.5920 0.1224
1311868218.5104 -0.7230 -2.2380 2.7334 0.0264 0.7956 0.5929 0.1214
1311868218.5424 -0.7236 -2.2352 2.7365 0.0271 0.7951 0.5937 0.1207
1311868218.5744 -0.7258 -2.2328 2.7350 0.0281 0.7948 0.5944 0.1193
1311868218.6104 -0.7263 -2.2314 2.7384 0.0290 0.7963 0.5926 0.1180
1311868218.6425 -0.7286 -2.2309 2.7416 0.0284 0.7972 0.5911 0.1195
1311868218.6745 -0.7280 -2.2292 2.7429 0.0290 0.7973 0.5904 0.1219
1311868218.7104 -0.7290 -2.2292 2.7446 0.0314 0.7971 0.5898 0.1257
1311868218.7425 -0.7309 -2.2284 2.7455 0.0338 0.7968 0.5892 0.1294
1311868218.7745 -0.7342 -2.2265 2.7467 0.0354 0.7969 0.5882 0.1330
1311868218.8103 -0.7382 -2.2245 2.7481 0.0347 0.7973 0.5872 0.1354
1311868218.8424 -0.7404 -2.2235 2.7504 0.0332 0.7978 0.5864 0.1361
1311868218.8747 -0.7441 -2.2242 2.7542 0.0304 0.7978 0.5864 0.1368
1311868218.9103 -0.7479 -2.2249 2.7572 0.0262 0.7971 0.5872 0.1384
1311868218.9424 -0.7494 -2.2214 2.7605 0.0230 0.7954 0.5895 0.1389
1311868218.9745 -0.7518 -2.2177 2.7610 0.0201 0.7939 0.5914 0.1400
1311868219.0107 -0.7553 -2.2168 2.7624 0.0157 0.7933 0.5918 0.1421
1311868219.0428 -0.7579 -2.2146 2.7641 0.0121 0.7932 0.5917 0.1435
1311868219.0747 -0.7591 -2.2114 2.7669 0.0108 0.7934 0.5915 0.1435
1311868219.1107 -0.7604 -2.2086 2.7693 0.0111 0.7934 0.5914 0.1434
1311868219.1424 -0.7611 -2.2047 2.7734 0.0125 0.7933 0.5915 0.1435
1311868219.1745 -0.7634 -2.2002 2.7762 0.0136 0.7932 0.5916 0.1440
1311868219.2104 -0.7659 -2.1958 2.7810 0.0138 0.7932 0.5915 0.1437
1311868219.2426 -0.7663 -2.1891 2.7857 0.0154 0.7931 0.5922 0.1418
1311868219.2745 -0.7661 -2.1839 2.7917 0.0171 0.7929 0.5929 0.1396
1311868219.3106 -0.7668 -2.1797 2.7984 0.0181 0.7921 0.5942 0.1387
1311868219.3429 -0.7683 -2.1757 2.8042 0.0187 0.7909 0.5957 0.1387
1311868219.3746 -0.7715 -2.1718 2.8069 0.0188 0.7888 0.5982 0.1401
1311868219.4104 -0.7756 -2.1676 2.8076 0.0199 0.7861 0.6012 0.1419
1311868219.4425 -0.7778 -2.1644 2.8104 0.0229 0.7836 0.6039 0.1440
1311868219.4744 -0.7807 -2.1617 2.8139 0.0258 0.7809 0.6064 0.1475
1311868219.5105 -0.7817 -2.1576 2.8182 0.0279 0.7776 0.6097 0.1509
1311868219.5433 -0.7854 -2.1517 2.8183 0.0307 0.7743 0.6131 0.1537
1311868219.5748 -0.7874 -2.1478 2.8234 0.0327 0.7723 0.6152 0.1548
1311868219.6107 -0.7896 -2.1425 2.8269 0.0341 0.7700 0.6177 0.1558
1311868219.6429 -0.7911 -2.1398 2.8293 0.0358 0.7680 0.6201 0.1562
1311868219.6744 -0.7901 -2.1355 2.8326 0.0397 0.7662 0.6221 0.1558
1311868219.7108 -0.7939 -2.1299 2.8355 0.0439 0.7644 0.6235 0.1582
1311868219.7426 -0.7952 -2.1273 2.8403 0.0456 0.7632 0.6240 0.1612
1311868219.7745 -0.7939 -2.1233 2.8467 0.0453 0.7629 0.6238 0.1640
1311868219.8104 -0.7949 -2.1192 2.8497 0.0460 0.7627 0.6233 0.1663
1311868219.8428 -0.7989 -2.1146 2.8527 0.0478 0.7628 0.6224 0.1688
1311868219.8745 -0.8010 -2.1131 2.8544 0.0486 0.7627 0.6220 0.1705
1311868219.9106 -0.7980 -2.1111 2.8624 0.0497 0.7626 0.6218 0.1712
1311868219.9426 -0.8027 -2.1082 2.8625 0.0522 0.7613 0.6226 0.1737
1311868219.9749 -0.8020 -2.1056 2.8670 0.0543 0.7606 0.6227 0.1755
1311868220.0106 -0.8024 -2.1030 2.8724 0.0566 0.7596 0.6233 0.1771
1311868220.0428 -0.8009 -2.1013 2.8808 0.0580 0.7586 0.6240 0.1781
1311868220.0747 -0.8030 -2.0997 2.8848 0.0593 0.7557 0.6267 0.1803
1311868220.1106 -0.8023 -2.0954 2.8920 0.0592 0.7535 0.6289 0.1820
1311868220.1426 -0.8053 -2.0930 2.8930 0.0598 0.7508 0.6316 0.1838
1311868220.1747 -0.8052 -2.0904 2.8973 0.0602 0.7488 0.6336 0.1850
1311868220.2105 -0.8064 -2.0888 2.9029 0.0606 0.7467 0.6357 0.1859
1311868220.2425 -0.8072 -2.0831 2.9064 0.0623 0.7444 0.6381 0.1867
1311868220.2749 -0.8059 -2.0816 2.9142 0.0625 0.7435 0.6388 0.1876
1311868220.3107 -0.8082 -2.0783 2.9197 0.0617 0.7416 0.6403 0.1905
1311868220.3428 -0.8087 -2.0736 2.9265 0.0599 0.7412 0.6403 0.1926
1311868220.3750 -0.8094 -2.0735 2.9309 0.0579 0.7406 0.6406 0.1943
1311868220.4105 -0.8114 -2.0717 2.9368 0.0559 0.7394 0.6414 0.1970
1311868220.4426 -0.8125 -2.0699 2.9410 0.0540 0.7374 0.6431 0.1994
1311868220.4748 -0.8165 -2.0670 2.9461 0.0529 0.7358 0.6442 0.2020
1311868220.5109 -0.8191 -2.0664 2.9492 0.0521 0.7334 0.6464 0.2040
1311868220.5426 -0.8211 -2.0665 2.9541 0.0511 0.7308 0.6488 0.2059
1311868220.5745 -0.8197 -2.0648 2.9605 0.0498 0.7279 0.6519 0.2065
1311868220.6113 -0.8233 -2.0629 2.9625 0.0492 0.7252 0.6549 0.2067
1311868220.6426 -0.8264 -2.0629 2.9655 0.0475 0.7227 0.6577 0.2070
1311868220.6746 -0.8287 -2.0597 2.9692 0.0460 0.7210 0.6596 0.2072
1311868220.7106 -0.8317 -2.0577 2.9723 0.0458 0.7196 0.6613 0.2068
1311868220.7427 -0.8325 -2.0590 2.9789 0.0461 0.7184 0.6627 0.2065
1311868220.7745 -0.8352 -2.0581 2.9839 0.0468 0.7165 0.6644 0.2075
1311868220.8108 -0.8344 -2.0570 2.9901 0.0479 0.7154 0.6656 0.2070
1311868220.8427 -0.8352 -2.0579 2.9946 0.0492 0.7143 0.6670 0.2061
1311868220.8748 -0.8391 -2.0572 2.9964 0.0491 0.7125 0.6687 0.2067
1311868220.9107 -0.8449 -2.0562 2.9960 0.0487 0.7109 0.6701 0.2079
1311868220.9430 -0.8539 -2.0542 2.9938 0.0487 0.7103 0.6704 0.2091
1311868220.9749 -0.8515 -2.0552 3.0006 0.0469 0.7113 0.6698 0.2079
1311868221.0105 -0.8478 -2.0567 3.0097 0.0449 0.7121 0.6693 0.2071
1311868221.0426 -0.8597 -2.0547 3.0023 0.0455 0.7098 0.6706 0.2105
1311868221.0748 -0.8601 -2.0566 3.0062 0.0450 0.7102 0.6702 0.2109
1311868221.1106 -0.8577 -2.0578 3.0135 0.0439 0.7105 0.6700 0.2106
1311868221.1427 -0.8635 -2.0554 3.0116 0.0446 0.7091 0.6712 0.2114
1311868221.1746 -0.8654 -2.0552 3.0141 0.0447 0.7095 0.6710 0.2108
1311868221.2106 -0.8656 -2.0578 3.0189 0.0441 0.7099 0.6708 0.2101
1311868221.2427 -0.8634 -2.0571 3.0249 0.0431 0.7109 0.6700 0.2094
1311868221.2750 -0.8675 -2.0566 3.0247 0.0428 0.7113 0.6692 0.2104
1311868221.3114 -0.8698 -2.0575 3.0251 0.0422 0.7116 0.6688 0.2111
1311868221.3428 -0.8699 -2.0589 3.0278 0.0409 0.7116 0.6688 0.2113
1311868221.3749 -0.8720 -2.0580 3.0290 0.0403 0.7118 0.6684 0.2118
1311868221.4107 -0.8718 -2.0582 3.0318 0.0393 0.7132 0.6673 0.2113
1311868221.4428 -0.8760 -2.0598 3.0308 0.0388 0.7135 0.6667 0.2119
1311868221.4747 -0.8789 -2.0623 3.0318 0.0381 0.7131 0.6669 0.2127
1311868221.5110 -0.8803 -2.0612 3.0322 0.0375 0.7128 0.6671 0.2130
1311868221.5430 -0.8813 -2.0632 3.0345 0.0372 0.7132 0.6670 0.2121
1311868221.5747 -0.8822 -2.0639 3.0348 0.0371 0.7127 0.6678 0.2115
1311868221.6107 -0.8837 -2.0645 3.0364 0.0379 0.7128 0.6680 0.2106
1311868221.6426 -0.8853 -2.0647 3.0375 0.0389 0.7128 0.6682 0.2095
1311868221.6746 -0.8857 -2.0650 3.0391 0.0394 0.7136 0.6677 0.2082
1311868221.7115 -0.8864 -2.0675 3.0398 0.0396 0.7136 0.6680 0.2072
1311868221.7428 -0.8868 -2.0661 3.0417 0.0405 0.7143 0.6678 0.2052
1311868221.7759 -0.8907 -2.0679 3.0401 0.0409 0.7146 0.6677 0.2044
1311868221.8108 -0.8904 -2.0692 3.0400 0.0398 0.7146 0.6683 0.2029
1311868221.8427 -0.8905 -2.0701 3.0407 0.0395 0.7147 0.6690 0.2000
1311868221.8746 -0.8957 -2.0705 3.0377 0.0410 0.7136 0.6708 0.1979
1311868221.9108 -0.8987 -2.0698 3.0369 0.0428 0.7126 0.6723 0.1959
1311868221.9427 -0.9033 -2.0670 3.0356 0.0442 0.7125 0.6723 0.1961
1311868221.9753 -0.9050 -2.0674 3.0357 0.0442 0.7132 0.6715 0.1962
1311868222.0107 -0.8987 -2.0684 3.0402 0.0427 0.7151 0.6703 0.1936
1311868222.0428 -0.9009 -2.0708 3.0398 0.0416 0.7159 0.6698 0.1928
1311868222.0771 -0.9028 -2.0714 3.0383 0.0412 0.7151 0.6708 0.1924
1311868222.1107 -0.9051 -2.0681 3.0379 0.0419 0.7151 0.6709 0.1918
1311868222.1429 -0.9057 -2.0692 3.0378 0.0419 0.7155 0.6707 0.1909
1311868222.1750 -0.9074 -2.0683 3.0370 0.0409 0.7155 0.6710 0.1901
1311868222.2108 -0.9085 -2.0668 3.0373 0.0399 0.7164 0.6705 0.1884
1311868222.2427 -0.9107 -2.0676 3.0372 0.0395 0.7167 0.6707 0.1869
1311868222.2757 -0.9163 -2.0649 3.0342 0.0395 0.7162 0.6713 0.1869
1311868222.3109 -0.9175 -2.0636 3.0337 0.0393 0.7159 0.6717 0.1864
1311868222.3430 -0.9167 -2.0637 3.0337 0.0397 0.7150 0.6730 0.1849
1311868222.3753 -0.9187 -2.0619 3.0328 0.0402 0.7142 0.6741 0.1843
1311868222.4108 -0.9230 -2.0596 3.0311 0.0412 0.7139 0.6745 0.1838
1311868222.4427 -0.9245 -2.0583 3.0308 0.0420 0.7142 0.6743 0.1831
1311868222.4747 -0.9292 -2.0559 3.0279 0.0418 0.7137 0.6744 0.1846
1311868222.5108 -0.9360 -2.0523 3.0228 0.0415 0.7130 0.6742 0.1879
1311868222.5428 -0.9413 -2.0511 3.0189 0.0403 0.7123 0.6739 0.1919
1311868222.5747 -0.9464 -2.0494 3.0164 0.0390 0.7123 0.6728 0.1960
1311868222.6107 -0.9503 -2.0471 3.0130 0.0385 0.7120 0.6721 0.1996
1311868222.6430 -0.9495 -2.0457 3.0139 0.0365 0.7117 0.6717 0.2024
1311868222.6749 -0.9489 -2.0467 3.0150 0.0347 0.7113 0.6717 0.2040
1311868222.7108 -0.9576 -2.0445 3.0060 0.0361 0.7081 0.6743 0.2063
1311868222.7428 -0.9537 -2.0419 3.0110 0.0361 0.7075 0.6749 0.2066
1311868222.7749 -0.9629 -2.0368 3.0038 0.0376 0.7054 0.6756 0.2112
1311868222.8109 -0.9680 -2.0337 2.9999 0.0374 0.7044 0.6753 0.2152
1311868222.8429 -0.9710 -2.0330 2.9976 0.0365 0.7038 0.6753 0.2175
1311868222.8756 -0.9761 -2.0330 2.9949 0.0356 0.7027 0.6761 0.2186
1311868222.9107 -0.9764 -2.0315 2.9949 0.0343 0.7021 0.6770 0.2180
1311868222.9432 -0.9789 -2.0283 2.9925 0.0344 0.7015 0.6775 0.2184
1311868222.9748 -0.9880 -2.0234 2.9863 0.0357 0.7008 0.6769 0.2222
1311868223.0124 -0.9942 -2.0227 2.9818 0.0358 0.7000 0.6762 0.2266
1311868223.0438 -0.9974 -2.0204 2.9783 0.0356 0.6995 0.6759 0.2295
1311868223.0765 -0.9941 -2.0203 2.9814 0.0348 0.7014 0.6742 0.2285
1311868223.1109 -0.9987 -2.0216 2.9792 0.0347 0.7015 0.6738 0.2296
1311868223.1437 -1.0007 -2.0184 2.9768 0.0347 0.7013 0.6735 0.2309
1311868223.1748 -1.0077 -2.0160 2.9706 0.0360 0.7008 0.6731 0.2336
1311868223.2109 -1.0111 -2.0159 2.9687 0.0359 0.7000 0.6730 0.2364
1311868223.2427 -1.0124 -2.0142 2.9680 0.0360 0.6991 0.6732 0.2383
1311868223.2753 -1.0162 -2.0124 2.9659 0.0366 0.6985 0.6733 0.2396
1311868223.3107 -1.0190 -2.0106 2.9648 0.0364 0.6981 0.6735 0.2405
1311868223.3434 -1.0218 -2.0067 2.9627 0.0360 0.6979 0.6734 0.2412
1311868223.3755 -1.0259 -2.0029 2.9594 0.0358 0.6980 0.6728 0.2425
1311868223.4108 -1.0282 -2.0011 2.9581 0.0360 0.6984 0.6720 0.2437
1311868223.4441 -1.0281 -2.0004 2.9588 0.0365 0.6990 0.6711 0.2444
1311868223.4791 -1.0289 -2.0005 2.9592 0.0370 0.6994 0.6705 0.2447
1311868223.5112 -1.0333 -2.0008 2.9570 0.0376 0.6992 0.6706 0.2450
1311868223.5428 -1.0342 -2.0002 2.9558 0.0375 0.6990 0.6715 0.2430
1311868223.5763 -1.0371 -1.9959 2.9519 0.0378 0.6998 0.6713 0.2413
1311868223.6108 -1.0404 -1.9962 2.9497 0.0388 0.7010 0.6700 0.2413
1311868223.6427 -1.0389 -1.9982 2.9508 0.0390 0.7015 0.6693 0.2417
1311868223.6748 -1.0443 -1.9971 2.9465 0.0407 0.7012 0.6688 0.2436
1311868223.7109 -1.0487 -1.9969 2.9432 0.0427 0.7007 0.6691 0.2440
1311868223.7429 -1.0511 -1.9971 2.9422 0.0440 0.7003 0.6695 0.2438
1311868223.7749 -1.0540 -1.9966 2.9412 0.0452 0.7000 0.6698 0.2437
1311868223.8110 -1.0572 -1.9948 2.9395 0.0458 0.6995 0.6701 0.2441
1311868223.8428 -1.0574 -1.9955 2.9410 0.0458 0.7000 0.6695 0.2443
1311868223.8748 -1.0590 -1.9961 2.9408 0.0471 0.6997 0.6696 0.2446
1311868223.9109 -1.0648 -1.9940 2.9376 0.0501 0.6981 0.6705 0.2460
1311868223.9430 -1.0671 -1.9925 2.9375 0.0518 0.6974 0.6710 0.2463
1311868223.9751 -1.0695 -1.9916 2.9369 0.0535 0.6975 0.6712 0.2452
1311868224.0108 -1.0693 -1.9936 2.9423 0.0546 0.6992 0.6703 0.2424
1311868224.0437 -1.0728 -1.9929 2.9424 0.0558 0.6997 0.6699 0.2420
1311868224.0756 -1.0796 -1.9900 2.9379 0.0577 0.6992 0.6696 0.2436
1311868224.1108 -1.0871 -1.9891 2.9339 0.0592 0.6987 0.6692 0.2459
1311868224.1453 -1.0924 -1.9887 2.9330 0.0595 0.6984 0.6688 0.2478
1311868224.1748 -1.0970 -1.9885 2.9330 0.0584 0.6987 0.6679 0.2494
1311868224.2114 -1.1014 -1.9887 2.9331 0.0568 0.6991 0.6672 0.2507
1311868224.2429 -1.1054 -1.9863 2.9327 0.0555 0.6995 0.6665 0.2517
1311868224.2774 -1.1091 -1.9850 2.9332 0.0540 0.7007 0.6644 0.2543
1311868224.3115 -1.1200 -1.9805 2.9226 0.0548 0.6996 0.6634 0.2599
1311868224.3429 -1.1188 -1.9826 2.9296 0.0531 0.7023 0.6601 0.2611
1311868224.3749 -1.1299 -1.9816 2.9188 0.0544 0.7018 0.6594 0.2642
1311868224.4109 -1.1362 -1.9828 2.9177 0.0548 0.7018 0.6588 0.2655
1311868224.4429 -1.1445 -1.9814 2.9128 0.0556 0.7002 0.6596 0.2674
1311868224.4750 -1.1515 -1.9797 2.9112 0.0561 0.6997 0.6594 0.2691
1311868224.5118 -1.1545 -1.9801 2.9145 0.0544 0.7002 0.6583 0.2711
1311868224.5453 -1.1626 -1.9784 2.9129 0.0522 0.6998 0.6571 0.2752
1311868224.5747 -1.1651 -1.9774 2.9139 0.0495 0.7007 0.6560 0.2761
1311868224.6112 -1.1703 -1.9803 2.9141 0.0474 0.7015 0.6554 0.2759
1311868224.6431 -1.1766 -1.9805 2.9128 0.0471 0.7016 0.6553 0.2759
1311868224.6749 -1.1832 -1.9801 2.9108 0.0478 0.7014 0.6552 0.2765
1311868224.7108 -1.1911 -1.9810 2.9099 0.0481 0.7010 0.6549 0.2782
1311868224.7428 -1.2014 -1.9786 2.9041 0.0482 0.6994 0.6557 0.2804
1311868224.7756 -1.2119 -1.9746 2.8978 0.0482 0.6982 0.6566 0.2812
1311868224.8123 -1.2175 -1.9745 2.8982 0.0467 0.6986 0.6565 0.2806
1311868224.8427 -1.2218 -1.9752 2.9033 0.0445 0.6991 0.6561 0.2808
1311868224.8749 -1.2280 -1.9710 2.9009 0.0435 0.6989 0.6558 0.2822
1311868224.9121 -1.2352 -1.9697 2.8968 0.0426 0.6989 0.6550 0.2841
1311868224.9431 -1.2411 -1.9687 2.8953 0.0416 0.6992 0.6540 0.2856
1311868224.9783 -1.2471 -1.9670 2.8923 0.0413 0.6995 0.6532 0.2869
1311868225.0120 -1.2549 -1.9642 2.8867 0.0416 0.6993 0.6527 0.2885
1311868225.0454 -1.2579 -1.9650 2.8870 0.0417 0.7006 0.6515 0.2881
1311868225.0761 -1.2634 -1.9650 2.8851 0.0420 0.7010 0.6507 0.2889
1311868225.1112 -1.2683 -1.9649 2.8830 0.0426 0.7012 0.6498 0.2902
1311868225.1439 -1.2737 -1.9651 2.8810 0.0431 0.7014 0.6492 0.2911
1311868225.1760 -1.2769 -1.9658 2.8809 0.0433 0.7015 0.6490 0.2913
1311868225.2116 -1.2816 -1.9659 2.8806 0.0433 0.7015 0.6489 0.2916
1311868225.2429 -1.2880 -1.9663 2.8796 0.0432 0.7011 0.6490 0.2923
1311868225.2750 -1.2932 -1.9677 2.8797 0.0424 0.7007 0.6489 0.2937
1311868225.3108 -1.2972 -1.9694 2.8799 0.0410 0.7001 0.6489 0.2952
1311868225.3429 -1.3003 -1.9694 2.8823 0.0400 0.7003 0.6484 0.2959
1311868225.3794 -1.3040 -1.9695 2.8837 0.0397 0.7002 0.6483 0.2963
1311868225.4109 -1.3107 -1.9662 2.8819 0.0408 0.6992 0.6489 0.2974
1311868225.4434 -1.3167 -1.9648 2.8797 0.0416 0.6984 0.6492 0.2984
1311868225.4793 -1.3211 -1.9655 2.8800 0.0416 0.6980 0.6493 0.2993
1311868225.5109 -1.3257 -1.9652 2.8801 0.0418 0.6979 0.6489 0.3002
1311868225.5429 -1.3295 -1.9647 2.8802 0.0416 0.6979 0.6484 0.3013
1311868225.5764 -1.3342 -1.9640 2.8804 0.0419 0.6982 0.6476 0.3022
1311868225.6121 -1.3384 -1.9639 2.8800 0.0424 0.6981 0.6472 0.3032
1311868225.6442 -1.3431 -1.9639 2.8790 0.0436 0.6975 0.6472 0.3045
1311868225.6789 -1.3461 -1.9656 2.8798 0.0448 0.6968 0.6473 0.3057
1311868225.7113 -1.3477 -1.9682 2.8836 0.0452 0.6962 0.6473 0.3070
1311868225.7463 -1.3518 -1.9636 2.8813 0.0465 0.6943 0.6481 0.3094
1311868225.7769 -1.3567 -1.9604 2.8801 0.0474 0.6938 0.6477 0.3112
1311868225.8109 -1.3617 -1.9604 2.8783 0.0482 0.6929 0.6478 0.3129
1311868225.8429 -1.3670 -1.9574 2.8764 0.0492 0.6921 0.6473 0.3156
1311868225.8802 -1.3690 -1.9569 2.8762 0.0493 0.6918 0.6471 0.3167
1311868225.9108 -1.3724 -1.9576 2.8765 0.0493 0.6916 0.6470 0.3173
1311868225.9431 -1.3760 -1.9587 2.8771 0.0489 0.6914 0.6471 0.3177
1311868225.9770 -1.3785 -1.9578 2.8768 0.0490 0.6915 0.6470 0.3177
1311868226.0109 -1.3820 -1.9584 2.8759 0.0491 0.6912 0.6470 0.3183
1311868226.0438 -1.3856 -1.9564 2.8742 0.0489 0.6905 0.6464 0.3208
1311868226.0798 -1.3891 -1.9555 2.8724 0.0487 0.6900 0.6458 0.3234
1311868226.1151 -1.3907 -1.9572 2.8734 0.0473 0.6900 0.6455 0.3241
1311868226.1445 -1.3923 -1.9582 2.8758 0.0453 0.6905 0.6454 0.3233
1311868226.1789 -1.3942 -1.9576 2.8755 0.0441 0.6911 0.6460 0.3212
1311868226.2109 -1.3973 -1.9560 2.8737 0.0439 0.6915 0.6463 0.3197
1311868226.2473 -1.4021 -1.9509 2.8678 0.0443 0.6912 0.6460 0.3209
1311868226.2776 -1.4060 -1.9498 2.8673 0.0435 0.6929 0.6439 0.3214
1311868226.3110 -1.4080 -1.9531 2.8692 0.0421 0.6948 0.6428 0.3198
1311868226.3452 -1.4109 -1.9528 2.8669 0.0415 0.6954 0.6434 0.3173
1311868226.3816 -1.4153 -1.9500 2.8615 0.0426 0.6954 0.6447 0.3147
1311868226.4110 -1.4205 -1.9476 2.8559 0.0441 0.6944 0.6463 0.3134
1311868226.4441 -1.4275 -1.9442 2.8471 0.0458 0.6931 0.6478 0.3129
1311868226.4811 -1.4321 -1.9425 2.8421 0.0469 0.6930 0.6488 0.3108
1311868226.5110 -1.4347 -1.9379 2.8386 0.0473 0.6932 0.6492 0.3095
1311868226.5435 -1.4336 -1.9366 2.8473 0.0466 0.6961 0.6472 0.3071
1311868226.5766 -1.4365 -1.9357 2.8475 0.0466 0.6967 0.6466 0.3072
1311868226.6109 -1.4397 -1.9338 2.8447 0.0455 0.6971 0.6459 0.3080
1311868226.6443 -1.4490 -1.9302 2.8298 0.0452 0.6957 0.6468 0.3094
1311868226.6763 -1.4562 -1.9215 2.8152 0.0457 0.6942 0.6480 0.3099
1311868226.7111 -1.4609 -1.9164 2.8090 0.0457 0.6939 0.6482 0.3102
1311868226.7458 -1.4629 -1.9141 2.8045 0.0459 0.6930 0.6492 0.3102
1311868226.7785 -1.4660 -1.9099 2.7973 0.0480 0.6912 0.6505 0.3111
1311868226.8108 -1.4707 -1.9073 2.7933 0.0495 0.6903 0.6503 0.3132
1311868226.8443 -1.4756 -1.9002 2.7839 0.0506 0.6890 0.6496 0.3174
1311868226.8792 -1.4770 -1.8940 2.7776 0.0505 0.6901 0.6471 0.3202
1311868226.9109 -1.4819 -1.8911 2.7665 0.0502 0.6905 0.6454 0.3228
1311868226.9442 -1.4845 -1.8917 2.7620 0.0492 0.6918 0.6439 0.3231
1311868226.9763 -1.4865 -1.8861 2.7576 0.0503 0.6929 0.6432 0.3219
1311868227.0109 -1.4957 -1.8792 2.7404 0.0519 0.6911 0.6442 0.3237
1311868227.0471 -1.4973 -1.8783 2.7384 0.0511 0.6925 0.6431 0.3228
1311868227.0771 -1.4974 -1.8740 2.7360 0.0500 0.6943 0.6416 0.3222
1311868227.1109 -1.5058 -1.8673 2.7202 0.0485 0.6936 0.6407 0.3256
1311868227.1445 -1.5105 -1.8623 2.7115 0.0457 0.6950 0.6384 0.3276
1311868227.1791 -1.5106 -1.8629 2.7093 0.0445 0.6973 0.6363 0.3269
1311868227.2109 -1.5143 -1.8568 2.6976 0.0468 0.6957 0.6369 0.3288
1311868227.2474 -1.5131 -1.8537 2.6960 0.0505 0.6959 0.6367 0.3283
1311868227.2766 -1.5207 -1.8500 2.6834 0.0544 0.6938 0.6371 0.3313
1311868227.3117 -1.5218 -1.8461 2.6804 0.0560 0.6935 0.6368 0.3323
1311868227.3479 -1.5214 -1.8440 2.6811 0.0571 0.6952 0.6357 0.3306
1311868227.3778 -1.5258 -1.8397 2.6731 0.0577 0.6957 0.6347 0.3315
1311868227.4114 -1.5278 -1.8359 2.6656 0.0576 0.6954 0.6340 0.3333
1311868227.4467 -1.5281 -1.8339 2.6637 0.0584 0.6962 0.6329 0.3337
1311868227.4790 -1.5294 -1.8341 2.6664 0.0591 0.6970 0.6312 0.3351
1311868227.5109 -1.5319 -1.8302 2.6617 0.0605 0.6959 0.6311 0.3374
1311868227.5474 -1.5377 -1.8203 2.6470 0.0630 0.6931 0.6315 0.3418
1311868227.5791 -1.5410 -1.8196 2.6436 0.0634 0.6927 0.6303 0.3448
1311868227.6109 -1.5434 -1.8194 2.6415 0.0630 0.6925 0.6291 0.3475
1311868227.6443 -1.5451 -1.8149 2.6367 0.0639 0.6915 0.6286 0.3501
1311868227.6790 -1.5471 -1.8099 2.6323 0.0646 0.6905 0.6275 0.3539
1311868227.7110 -1.5499 -1.8084 2.6301 0.0641 0.6897 0.6259 0.3584
1311868227.7443 -1.5527 -1.8068 2.6271 0.0643 0.6886 0.6250 0.3621
1311868227.7792 -1.5561 -1.8045 2.6237 0.0652 0.6875 0.6239 0.3658
1311868227.8137 -1.5596 -1.8038 2.6216 0.0657 0.6860 0.6230 0.3701
1311868227.8443 -1.5627 -1.7997 2.6179 0.0660 0.6839 0.6223 0.3750
1311868227.8792 -1.5655 -1.7954 2.6142 0.0664 0.6826 0.6209 0.3796
1311868227.9125 -1.5697 -1.7921 2.6108 0.0654 0.6815 0.6189 0.3851
1311868227.9462 -1.5725 -1.7909 2.6105 0.0638 0.6814 0.6162 0.3899
1311868227.9793 -1.5780 -1.7901 2.6053 0.0632 0.6799 0.6146 0.3949
1311868228.0147 -1.5822 -1.7903 2.6016 0.0634 0.6780 0.6140 0.3991
1311868228.0449 -1.5880 -1.7890 2.5986 0.0640 0.6753 0.6139 0.4037
1311868228.0790 -1.5924 -1.7851 2.5948 0.0646 0.6731 0.6133 0.4083
1311868228.1127 -1.5980 -1.7835 2.5925 0.0643 0.6717 0.6118 0.4127
1311868228.1462 -1.6030 -1.7800 2.5878 0.0640 0.6705 0.6106 0.4166
1311868228.1790 -1.6092 -1.7788 2.5834 0.0639 0.6698 0.6092 0.4198
1311868228.2147 -1.6153 -1.7757 2.5787 0.0638 0.6691 0.6071 0.4238
1311868228.2461 -1.6226 -1.7758 2.5753 0.0636 0.6682 0.6053 0.4279
1311868228.2800 -1.6266 -1.7737 2.5733 0.0638 0.6674 0.6040 0.4309
1311868228.3124 -1.6337 -1.7752 2.5711 0.0641 0.6667 0.6026 0.4339
1311868228.3444 -1.6411 -1.7752 2.5687 0.0641 0.6660 0.6012 0.4369
1311868228.3790 -1.6487 -1.7767 2.5668 0.0636 0.6655 0.6006 0.4385
1311868228.4124 -1.6546 -1.7754 2.5643 0.0637 0.6652 0.6008 0.4387
1311868228.4445 -1.6608 -1.7733 2.5603 0.0645 0.6645 0.6014 0.4389
1311868228.4796 -1.6675 -1.7707 2.5558 0.0650 0.6633 0.6012 0.4408
1311868228.5152 -1.6740 -1.7687 2.5531 0.0633 0.6627 0.5997 0.4440
1311868228.5458 -1.6803 -1.7662 2.5495 0.0615 0.6627 0.5979 0.4468
1311868228.5796 -1.6891 -1.7688 2.5483 0.0586 0.6634 0.5962 0.4483
1311868228.6124 -1.6937 -1.7668 2.5460 0.0560 0.6640 0.5959 0.4483
1311868228.6453 -1.7006 -1.7657 2.5402 0.0537 0.6634 0.5959 0.4495
1311868228.6790 -1.7055 -1.7655 2.5367 0.0519 0.6628 0.5954 0.4511
1311868228.7149 -1.7116 -1.7645 2.5338 0.0507 0.6617 0.5948 0.4537
1311868228.7465 -1.7176 -1.7625 2.5309 0.0508 0.6608 0.5939 0.4561
1311868228.7791 -1.7248 -1.7636 2.5291 0.0505 0.6604 0.5929 0.4580
1311868228.8150 -1.7313 -1.7642 2.5273 0.0496 0.6599 0.5927 0.4591
1311868228.8447 -1.7375 -1.7614 2.5236 0.0491 0.6595 0.5924 0.4601
1311868228.8793 -1.7442 -1.7602 2.5207 0.0483 0.6594 0.5918 0.4611
1311868228.9127 -1.7506 -1.7582 2.5189 0.0469 0.6598 0.5910 0.4617
1311868228.9447 -1.7551 -1.7554 2.5155 0.0466 0.6601 0.5913 0.4609
1311868228.9791 -1.7595 -1.7556 2.5131 0.0471 0.6603 0.5922 0.4594
1311868229.0127 -1.7636 -1.7538 2.5085 0.0484 0.6596 0.5938 0.4582
1311868229.0445 -1.7651 -1.7500 2.5057 0.0498 0.6600 0.5950 0.4559
1311868229.0806 -1.7691 -1.7475 2.5032 0.0520 0.6616 0.5953 0.4530
1311868229.1155 -1.7697 -1.7437 2.4985 0.0542 0.6628 0.5960 0.4501
1311868229.1483 -1.7712 -1.7397 2.4937 0.0566 0.6639 0.5954 0.4489
1311868229.1841 -1.7733 -1.7392 2.4882 0.0570 0.6644 0.5940 0.4500
1311868229.2165 -1.7735 -1.7368 2.4840 0.0559 0.6656 0.5917 0.4514
1311868229.2490 -1.7750 -1.7382 2.4793 0.0555 0.6678 0.5897 0.4508
1311868229.2812 -1.7767 -1.7406 2.4735 0.0550 0.6681 0.5904 0.4495
1311868229.3152 -1.7795 -1.7501 2.4716 0.0527 0.6668 0.5933 0.4478
1311868229.3503 -1.7751 -1.7414 2.4619 0.0511 0.6623 0.5982 0.4483
1311868229.3810 -1.7716 -1.7396 2.4552 0.0513 0.6591 0.6021 0.4477
1311868229.4131 -1.7693 -1.7401 2.4486 0.0529 0.6533 0.6073 0.4490
1311868229.4448 -1.7629 -1.7291 2.4396 0.0546 0.6474 0.6108 0.4526
1311868229.4824 -1.7589 -1.7256 2.4328 0.0556 0.6455 0.6115 0.4542
1311868229.5126 -1.7563 -1.7211 2.4253 0.0555 0.6454 0.6112 0.4547
1311868229.5478 -1.7535 -1.7198 2.4203 0.0531 0.6478 0.6095 0.4539
1311868229.5806 -1.7508 -1.7183 2.4120 0.0496 0.6500 0.6084 0.4527
1311868229.6134 -1.7457 -1.7171 2.4066 0.0484 0.6514 0.6090 0.4499
1311868229.6475 -1.7403 -1.7147 2.3973 0.0482 0.6508 0.6100 0.4494
1311868229.6815 -1.7351 -1.7122 2.3897 0.0471 0.6502 0.6097 0.4508
1311868229.7125 -1.7294 -1.7102 2.3801 0.0457 0.6492 0.6102 0.4518
1311868229.7487 -1.7231 -1.7074 2.3698 0.0462 0.6481 0.6108 0.4524
1311868229.7825 -1.7185 -1.7070 2.3600 0.0466 0.6479 0.6112 0.4522
1311868229.8127 -1.7107 -1.7033 2.3517 0.0474 0.6480 0.6118 0.4512
1311868229.8445 -1.7050 -1.7029 2.3423 0.0495 0.6475 0.6124 0.4509
1311868229.8834 -1.6996 -1.7006 2.3365 0.0515 0.6486 0.6113 0.4505
1311868229.9145 -1.6951 -1.7019 2.3279 0.0534 0.6487 0.6113 0.4501
1311868229.9444 -1.6903 -1.7002 2.3194 0.0525 0.6483 0.6112 0.4510
1311868229.9824 -1.6829 -1.6968 2.3085 0.0524 0.6487 0.6104 0.4515
1311868230.0125 -1.6801 -1.7009 2.3003 0.0527 0.6483 0.6110 0.4513
1311868230.0470 -1.6746 -1.6980 2.2913 0.0516 0.6469 0.6123 0.4515
1311868230.0832 -1.6668 -1.6950 2.2842 0.0525 0.6471 0.6131 0.4502
1311868230.1136 -1.6654 -1.6972 2.2782 0.0520 0.6465 0.6140 0.4498
1311868230.1474 -1.6577 -1.6912 2.2692 0.0499 0.6468 0.6150 0.4483
1311868230.1806 -1.6507 -1.6856 2.2627 0.0501 0.6507 0.6130 0.4452
1311868230.2149 -1.6490 -1.6895 2.2535 0.0493 0.6547 0.6109 0.4424
1311868230.2454 -1.6449 -1.6886 2.2451 0.0471 0.6565 0.6102 0.4410
1311868230.2830 -1.6380 -1.6860 2.2385 0.0466 0.6585 0.6086 0.4403
1311868230.3125 -1.6394 -1.6914 2.2307 0.0452 0.6584 0.6077 0.4418
1311868230.3433 -1.6325 -1.6869 2.2224 0.0463 0.6563 0.6098 0.4419
1311868230.3821 -1.6304 -1.6896 2.2133 0.0489 0.6536 0.6119 0.4426
1311868230.4142 -1.6302 -1.6917 2.2068 0.0485 0.6501 0.6143 0.4446
1311868230.4432 -1.6251 -1.6898 2.1998 0.0500 0.6449 0.6203 0.4437
1311868230.4843 -1.6189 -1.6848 2.1885 0.0556 0.6393 0.6271 0.4415
1311868230.5127 -1.6139 -1.6794 2.1790 0.0611 0.6368 0.6316 0.4379
1311868230.5433 -1.6084 -1.6717 2.1686 0.0647 0.6374 0.6339 0.4332
1311868230.5820 -1.6097 -1.6734 2.1610 0.0649 0.6410 0.6337 0.4281
1311868230.6136 -1.6045 -1.6670 2.1532 0.0629 0.6433 0.6348 0.4234
1311868230.6434 -1.5966 -1.6582 2.1427 0.0650 0.6463 0.6327 0.4216
1311868230.6828 -1.5953 -1.6580 2.1357 0.0673 0.6494 0.6292 0.4218
1311868230.7131 -1.5901 -1.6538 2.1292 0.0711 0.6524 0.6254 0.4222
1311868230.7432 -1.5907 -1.6547 2.1214 0.0741 0.6548 0.6207 0.4248
1311868230.7832 -1.5912 -1.6541 2.1167 0.0735 0.6571 0.6169 0.4269
1311868230.8125 -1.5905 -1.6527 2.1101 0.0713 0.6589 0.6145 0.4280
1311868230.8432 -1.5900 -1.6537 2.1044 0.0683 0.6600 0.6135 0.4281
1311868230.8845 -1.5912 -1.6549 2.0993 0.0643 0.6593 0.6143 0.4288
1311868230.9128 -1.5860 -1.6489 2.0929 0.0593 0.6578 0.6151 0.4306
1311868230.9434 -1.5823 -1.6445 2.0827 0.0557 0.6574 0.6142 0.4329
1311868230.9839 -1.5803 -1.6411 2.0748 0.0532 0.6583 0.6124 0.4345
1311868231.0127 -1.5777 -1.6388 2.0684 0.0515 0.6603 0.6102 0.4347
1311868231.0434 -1.5752 -1.6364 2.0619 0.0483 0.6629 0.6069 0.4358
1311868231.0840 -1.5722 -1.6331 2.0545 0.0463 0.6661 0.6032 0.4362
1311868231.1155 -1.5727 -1.6351 2.0476 0.0455 0.6693 0.6003 0.4355
1311868231.1432 -1.5757 -1.6388 2.0444 0.0423 0.6701 0.5987 0.4368
1311868231.1806 -1.5750 -1.6391 2.0376 0.0348 0.6675 0.5991 0.4407
1311868231.2154 -1.5724 -1.6371 2.0292 0.0288 0.6648 0.6009 0.4429
1311868231.2431 -1.5704 -1.6362 2.0238 0.0247 0.6630 0.6037 0.4420
1311868231.2844 -1.5673 -1.6343 2.0179 0.0204 0.6608 0.6064 0.4418
1311868231.3133 -1.5644 -1.6325 2.0140 0.0150 0.6585 0.6077 0.4436
1311868231.3432 -1.5606 -1.6309 2.0083 0.0095 0.6556 0.6091 0.4461
1311868231.3807 -1.5572 -1.6291 2.0052 0.0050 0.6529 0.6107 0.4479
1311868231.4129 -1.5515 -1.6244 1.9989 0.0015 0.6506 0.6126 0.4489
1311868231.4432 -1.5441 -1.6201 1.9939 0.0007 0.6506 0.6139 0.4471
1311868231.4816 -1.5420 -1.6212 1.9883 0.0008 0.6513 0.6142 0.4456
1311868231.5142 -1.5373 -1.6210 1.9832 -0.0003 0.6509 0.6146 0.4456
1311868231.5432 -1.5312 -1.6202 1.9786 -0.0004 0.6510 0.6142 0.4460
1311868231.5830 -1.5259 -1.6201 1.9737 -0.0003 0.6511 0.6129 0.4477
1311868231.6112 -1.5195 -1.6199 1.9685 -0.0006 0.6515 0.6110 0.4497
1311868231.6432 -1.5152 -1.6222 1.9632 -0.0015 0.6524 0.6090 0.4511
1311868231.6839 -1.5120 -1.6231 1.9578 -0.0044 0.6529 0.6077 0.4521
1311868231.7113 -1.5049 -1.6225 1.9554 -0.0063 0.6543 0.6077 0.4499
1311868231.7433 -1.4979 -1.6239 1.9496 -0.0075 0.6551 0.6079 0.4486
1311868231.7827 -1.4944 -1.6271 1.9460 -0.0093 0.6554 0.6080 0.4480
1311868231.8112 -1.4877 -1.6290 1.9414 -0.0098 0.6546 0.6102 0.4461
1311868231.8432 -1.4819 -1.6307 1.9398 -0.0082 0.6535 0.6126 0.4445
1311868231.8835 -1.4757 -1.6309 1.9356 -0.0062 0.6511 0.6149 0.4448
1311868231.9112 -1.4691 -1.6320 1.9303 -0.0060 0.6497 0.6150 0.4467
1311868231.9432 -1.4647 -1.6338 1.9247 -0.0066 0.6491 0.6144 0.4485
1311868231.9814 -1.4602 -1.6348 1.9230 -0.0078 0.6495 0.6135 0.4492
1311868232.0113 -1.4533 -1.6370 1.9175 -0.0106 0.6492 0.6128 0.4504
1311868232.0433 -1.4478 -1.6399 1.9144 -0.0126 0.6493 0.6115 0.4521
1311868232.0845 -1.4425 -1.6433 1.9114 -0.0142 0.6488 0.6110 0.4533
1311868232.1112 -1.4366 -1.6438 1.9094 -0.0151 0.6478 0.6105 0.4554
1311868232.1432 -1.4304 -1.6453 1.9043 -0.0162 0.6471 0.6101 0.4570
1311868232.1807 -1.4253 -1.6471 1.9002 -0.0158 0.6469 0.6103 0.4570
1311868232.2114 -1.4193 -1.6477 1.8991 -0.0154 0.6464 0.6111 0.4567
1311868232.2432 -1.4120 -1.6493 1.8929 -0.0151 0.6451 0.6122 0.4569
1311868232.2810 -1.4074 -1.6508 1.8885 -0.0149 0.6449 0.6124 0.4569
1311868232.3113 -1.4020 -1.6522 1.8875 -0.0143 0.6446 0.6132 0.4563
1311868232.3432 -1.3958 -1.6511 1.8845 -0.0139 0.6437 0.6142 0.4563
1311868232.3806 -1.3894 -1.6504 1.8808 -0.0137 0.6445 0.6146 0.4547
1311868232.4114 -1.3849 -1.6522 1.8767 -0.0119 0.6457 0.6158 0.4513
1311868232.4433 -1.3803 -1.6528 1.8733 -0.0103 0.6476 0.6163 0.4480
1311868232.4826 -1.3756 -1.6527 1.8711 -0.0099 0.6496 0.6161 0.4453
1311868232.5113 -1.3706 -1.6542 1.8688 -0.0103 0.6517 0.6157 0.4429
1311868232.5433 -1.3665 -1.6570 1.8672 -0.0105 0.6536 0.6154 0.4404
1311868232.5831 -1.3607 -1.6594 1.8647 -0.0106 0.6544 0.6157 0.4388
1311868232.6115 -1.3558 -1.6611 1.8611 -0.0101 0.6555 0.6147 0.4386
1311868232.6434 -1.3521 -1.6634 1.8619 -0.0088 0.6563 0.6142 0.4381
1311868232.6834 -1.3469 -1.6655 1.8585 -0.0070 0.6564 0.6144 0.4378
1311868232.7113 -1.3432 -1.6672 1.8570 -0.0040 0.6572 0.6138 0.4374
1311868232.7440 -1.3400 -1.6690 1.8541 -0.0016 0.6576 0.6130 0.4380
1311868232.7793 -1.3381 -1.6699 1.8516 -0.0012 0.6586 0.6112 0.4390
1311868232.8116 -1.3343 -1.6710 1.8508 -0.0024 0.6601 0.6088 0.4399
1311868232.8433 -1.3320 -1.6724 1.8515 -0.0030 0.6626 0.6060 0.4402
1311868232.8794 -1.3285 -1.6746 1.8521 -0.0038 0.6644 0.6038 0.4405
1311868232.9115 -1.3253 -1.6769 1.8521 -0.0032 0.6658 0.6017 0.4412
1311868232.9433 -1.3231 -1.6797 1.8520 -0.0014 0.6666 0.6000 0.4423
1311868232.9795 -1.3233 -1.6825 1.8534 0.0004 0.6671 0.5985 0.4437
1311868233.0113 -1.3203 -1.6817 1.8528 0.0019 0.6668 0.5977 0.4451
1311868233.0436 -1.3178 -1.6832 1.8544 0.0035 0.6664 0.5964 0.4475
1311868233.0796 -1.3183 -1.6849 1.8551 0.0043 0.6659 0.5945 0.4507
1311868233.1113 -1.3182 -1.6855 1.8534 0.0044 0.6652 0.5934 0.4532
1311868233.1435 -1.3169 -1.6842 1.8524 0.0049 0.6662 0.5917 0.4538
1311868233.1797 -1.3183 -1.6876 1.8529 0.0062 0.6683 0.5900 0.4531
1311868233.2114 -1.3194 -1.6874 1.8553 0.0076 0.6691 0.5891 0.4530
1311868233.2436 -1.3185 -1.6882 1.8544 0.0086 0.6692 0.5881 0.4541
1311868233.2797 -1.3210 -1.6885 1.8548 0.0106 0.6696 0.5869 0.4550
1311868233.3114 -1.3225 -1.6897 1.8546 0.0137 0.6695 0.5874 0.4545
1311868233.3435 -1.3242 -1.6898 1.8575 0.0173 0.6688 0.5877 0.4550
1311868233.3794 -1.3255 -1.6895 1.8584 0.0198 0.6672 0.5871 0.4580
1311868233.4114 -1.3300 -1.6887 1.8594 0.0216 0.6655 0.5853 0.4626
1311868233.4433 -1.3351 -1.6859 1.8596 0.0217 0.6641 0.5842 0.4660
1311868233.4794 -1.3385 -1.6839 1.8596 0.0216 0.6643 0.5831 0.4672
1311868233.5114 -1.3450 -1.6814 1.8625 0.0213 0.6654 0.5815 0.4676
1311868233.5434 -1.3507 -1.6796 1.8630 0.0204 0.6654 0.5817 0.4674
1311868233.5795 -1.3549 -1.6758 1.8641 0.0202 0.6651 0.5821 0.4672
1311868233.6115 -1.3616 -1.6757 1.8640 0.0198 0.6647 0.5824 0.4675
1311868233.6433 -1.3672 -1.6744 1.8644 0.0190 0.6643 0.5821 0.4684
1311868233.6795 -1.3732 -1.6723 1.8659 0.0186 0.6640 0.5811 0.4701
1311868233.7115 -1.3801 -1.6688 1.8655 0.0184 0.6630 0.5803 0.4725
1311868233.7434 -1.3879 -1.6674 1.8661 0.0188 0.6627 0.5794 0.4741
1311868233.7796 -1.3967 -1.6652 1.8689 0.0183 0.6620 0.5786 0.4761
1311868233.8115 -1.4023 -1.6619 1.8662 0.0184 0.6601 0.5796 0.4774
1311868233.8436 -1.4118 -1.6598 1.8658 0.0201 0.6588 0.5802 0.4786
1311868233.8795 -1.4184 -1.6562 1.8637 0.0205 0.6578 0.5799 0.4802
1311868233.9115 -1.4278 -1.6521 1.8639 0.0202 0.6579 0.5791 0.4810
1311868233.9435 -1.4353 -1.6496 1.8608 0.0199 0.6577 0.5800 0.4802
1311868233.9793 -1.4439 -1.6485 1.8614 0.0197 0.6580 0.5808 0.4789
1311868234.0115 -1.4494 -1.6447 1.8592 0.0194 0.6572 0.5813 0.4793
1311868234.0434 -1.4579 -1.6444 1.8567 0.0190 0.6567 0.5810 0.4804
1311868234.0796 -1.4664 -1.6410 1.8568 0.0186 0.6574 0.5787 0.4822
1311868234.1116 -1.4736 -1.6388 1.8534 0.0174 0.6580 0.5769 0.4836
1311868234.1435 -1.4823 -1.6402 1.8527 0.0158 0.6605 0.5733 0.4846
1311868234.1794 -1.4913 -1.6416 1.8542 0.0144 0.6627 0.5697 0.4859
1311868234.2115 -1.5000 -1.6427 1.8540 0.0139 0.6634 0.5673 0.4878
1311868234.2436 -1.5079 -1.6435 1.8538 0.0142 0.6634 0.5649 0.4905
1311868234.2794 -1.5177 -1.6444 1.8548 0.0136 0.6632 0.5618 0.4943
1311868234.3115 -1.5250 -1.6442 1.8533 0.0125 0.6633 0.5589 0.4975
1311868234.3435 -1.5360 -1.6459 1.8536 0.0114 0.6646 0.5549 0.5003
1311868234.3796 -1.5452 -1.6470 1.8553 0.0101 0.6656 0.5520 0.5023
1311868234.4116 -1.5544 -1.6482 1.8564 0.0095 0.6657 0.5501 0.5041
1311868234.4435 -1.5639 -1.6491 1.8578 0.0082 0.6654 0.5487 0.5061
1311868234.4795 -1.5732 -1.6501 1.8588 0.0074 0.6651 0.5475 0.5078
1311868234.5116 -1.5828 -1.6502 1.8603 0.0065 0.6646 0.5467 0.5094
1311868234.5436 -1.5909 -1.6492 1.8598 0.0058 0.6640 0.5462 0.5107
1311868234.5794 -1.6010 -1.6494 1.8606 0.0047 0.6639 0.5454 0.5116
1311868234.6117 -1.6107 -1.6493 1.8623 0.0032 0.6640 0.5450 0.5119
1311868234.6435 -1.6207 -1.6497 1.8639 0.0024 0.6641 0.5449 0.5119
1311868234.6795 -1.6297 -1.6492 1.8657 0.0014 0.6639 0.5452 0.5119
1311868234.7114 -1.6386 -1.6485 1.8686 0.0009 0.6635 0.5455 0.5120
1311868234.7436 -1.6465 -1.6472 1.8699 0.0002 0.6627 0.5462 0.5124
1311868234.7795 -1.6563 -1.6470 1.8718 -0.0002 0.6627 0.5460 0.5126
1311868234.8117 -1.6643 -1.6459 1.8735 -0.0009 0.6625 0.5462 0.5127
1311868234.8435 -1.6733 -1.6458 1.8747 -0.0009 0.6625 0.5459 0.5129
1311868234.8794 -1.6817 -1.6454 1.8753 -0.0009 0.6624 0.5457 0.5133
1311868234.9115 -1.6919 -1.6449 1.8783 -0.0014 0.6621 0.5455 0.5138
1311868234.9436 -1.6988 -1.6434 1.8800 -0.0022 0.6611 0.5465 0.5142
1311868234.9795 -1.7067 -1.6419 1.8823 -0.0025 0.6603 0.5470 0.5146
1311868235.0116 -1.7144 -1.6413 1.8817 -0.0039 0.6591 0.5475 0.5155
1311868235.0437 -1.7216 -1.6396 1.8833 -0.0051 0.6581 0.5484 0.5159
1311868235.0797 -1.7304 -1.6376 1.8834 -0.0057 0.6570 0.5496 0.5160
1311868235.1116 -1.7370 -1.6355 1.8841 -0.0067 0.6563 0.5509 0.5155
1311868235.1436 -1.7441 -1.6334 1.8858 -0.0070 0.6557 0.5520 0.5151
1311868235.1797 -1.7521 -1.6327 1.8845 -0.0066 0.6544 0.5538 0.5149
1311868235.2115 -1.7586 -1.6287 1.8851 -0.0059 0.6530 0.5556 0.5146
1311868235.2436 -1.7648 -1.6244 1.8850 -0.0061 0.6521 0.5567 0.5146
1311868235.2797 -1.7709 -1.6217 1.8853 -0.0052 0.6522 0.5579 0.5132
1311868235.3117 -1.7761 -1.6186 1.8855 -0.0038 0.6523 0.5590 0.5119
1311868235.3437 -1.7816 -1.6153 1.8849 -0.0029 0.6531 0.5585 0.5114
1311868235.3798 -1.7874 -1.6122 1.8838 -0.0014 0.6543 0.5582 0.5102
1311868235.4115 -1.7946 -1.6107 1.8825 -0.0005 0.6553 0.5581 0.5091
1311868235.4437 -1.8014 -1.6091 1.8829 -0.0006 0.6559 0.5584 0.5079
1311868235.4796 -1.8053 -1.6042 1.8837 -0.0006 0.6565 0.5585 0.5071
1311868235.5117 -1.8103 -1.6020 1.8841 -0.0008 0.6570 0.5582 0.5067
1311868235.5436 -1.8119 -1.5963 1.8839 -0.0015 0.6574 0.5584 0.5060
1311868235.5797 -1.8148 -1.5924 1.8801 -0.0019 0.6587 0.5580 0.5047
1311868235.6118 -1.8195 -1.5887 1.8792 -0.0029 0.6616 0.5567 0.5024
1311868235.6435 -1.8242 -1.5859 1.8779 -0.0047 0.6646 0.5557 0.4995
1311868235.6797 -1.8278 -1.5819 1.8786 -0.0063 0.6676 0.5546 0.4966
1311868235.7116 -1.8313 -1.5796 1.8792 -0.0073 0.6698 0.5535 0.4950
1311868235.7439 -1.8345 -1.5762 1.8796 -0.0086 0.6705 0.5527 0.4949
1311868235.7795 -1.8380 -1.5720 1.8810 -0.0090 0.6704 0.5523 0.4954
1311868235.8119 -1.8411 -1.5676 1.8817 -0.0080 0.6692 0.5523 0.4970
1311868235.8437 -1.8445 -1.5621 1.8819 -0.0077 0.6670 0.5521 0.5002
1311868235.8796 -1.8469 -1.5560 1.8816 -0.0077 0.6654 0.5522 0.5023
1311868235.9116 -1.8486 -1.5520 1.8806 -0.0068 0.6647 0.5526 0.5028
1311868235.9437 -1.8526 -1.5477 1.8810 -0.0061 0.6639 0.5530 0.5033
1311868235.9796 -1.8527 -1.5418 1.8791 -0.0062 0.6629 0.5539 0.5037
1311868236.0117 -1.8529 -1.5361 1.8792 -0.0038 0.6630 0.5539 0.5036
1311868236.0437 -1.8573 -1.5329 1.8785 -0.0013 0.6620 0.5535 0.5053
1311868236.0796 -1.8576 -1.5287 1.8767 -0.0005 0.6597 0.5530 0.5089
1311868236.1118 -1.8588 -1.5234 1.8740 0.0007 0.6578 0.5524 0.5119
1311868236.1437 -1.8623 -1.5203 1.8725 0.0016 0.6566 0.5522 0.5137
1311868236.1796 -1.8632 -1.5147 1.8712 0.0026 0.6545 0.5541 0.5144
1311868236.2117 -1.8635 -1.5103 1.8695 0.0042 0.6531 0.5550 0.5152
1311868236.2436 -1.8698 -1.5074 1.8682 0.0057 0.6507 0.5553 0.5179
1311868236.2795 -1.8729 -1.5027 1.8659 0.0041 0.6469 0.5563 0.5216
1311868236.3116 -1.8712 -1.4966 1.8657 0.0016 0.6449 0.5564 0.5239
1311868236.3438 -1.8715 -1.4917 1.8641 -0.0006 0.6448 0.5552 0.5254
1311868236.3795 -1.8748 -1.4880 1.8621 -0.0037 0.6450 0.5528 0.5275
1311868236.4129 -1.8762 -1.4823 1.8612 -0.0065 0.6454 0.5515 0.5284
1311868236.4435 -1.8784 -1.4768 1.8599 -0.0073 0.6455 0.5514 0.5284
1311868236.4796 -1.8788 -1.4711 1.8599 -0.0076 0.6453 0.5520 0.5281
1311868236.5116 -1.8788 -1.4669 1.8608 -0.0065 0.6446 0.5529 0.5280
1311868236.5437 -1.8783 -1.4619 1.8601 -0.0052 0.6435 0.5528 0.5294
1311868236.5797 -1.8798 -1.4575 1.8595 -0.0023 0.6429 0.5523 0.5307
1311868236.6116 -1.8807 -1.4545 1.8571 0.0005 0.6416 0.5516 0.5330
1311868236.6477 -1.8823 -1.4497 1.8562 0.0028 0.6406 0.5501 0.5358
1311868236.6796 -1.8837 -1.4440 1.8552 0.0059 0.6402 0.5483 0.5380
1311868236.7117 -1.8876 -1.4411 1.8544 0.0075 0.6400 0.5467 0.5398
1311868236.7476 -1.8884 -1.4371 1.8543 0.0093 0.6406 0.5451 0.5408
1311868236.7796 -1.8924 -1.4349 1.8519 0.0110 0.6405 0.5442 0.5417
1311868236.8117 -1.8947 -1.4315 1.8528 0.0117 0.6407 0.5432 0.5426
1311868236.8476 -1.8977 -1.4288 1.8545 0.0122 0.6403 0.5420 0.5442
1311868236.8795 -1.9019 -1.4259 1.8555 0.0127 0.6384 0.5415 0.5469
1311868236.9118 -1.9043 -1.4228 1.8561 0.0129 0.6362 0.5414 0.5494
1311868236.9476 -1.9065 -1.4204 1.8551 0.0132 0.6338 0.5426 0.5511
1311868236.9796 -1.9097 -1.4152 1.8566 0.0149 0.6319 0.5444 0.5514
1311868237.0116 -1.9092 -1.4101 1.8557 0.0173 0.6307 0.5465 0.5507
1311868237.0478 -1.9134 -1.4069 1.8546 0.0199 0.6302 0.5469 0.5507
1311868237.0797 -1.9160 -1.4019 1.8541 0.0209 0.6293 0.5468 0.5518
1311868237.1116 -1.9172 -1.3984 1.8536 0.0221 0.6288 0.5467 0.5525
1311868237.1477 -1.9212 -1.3953 1.8518 0.0244 0.6276 0.5467 0.5537
1311868237.1795 -1.9231 -1.3907 1.8500 0.0263 0.6260 0.5469 0.5552
1311868237.2117 -1.9249 -1.3868 1.8483 0.0286 0.6251 0.5463 0.5568
1311868237.2477 -1.9297 -1.3834 1.8455 0.0304 0.6240 0.5452 0.5590
1311868237.2797 -1.9338 -1.3799 1.8421 0.0312 0.6231 0.5442 0.5609
1311868237.3117 -1.9381 -1.3766 1.8388 0.0315 0.6224 0.5432 0.5626
1311868237.3477 -1.9443 -1.3742 1.8344 0.0311 0.6213 0.5421 0.5649
1311868237.3800 -1.9505 -1.3708 1.8310 0.0291 0.6199 0.5413 0.5673
1311868237.4118 -1.9538 -1.3665 1.8272 0.0279 0.6192 0.5411 0.5684
1311868237.4477 -1.9604 -1.3634 1.8230 0.0269 0.6183 0.5407 0.5698
1311868237.4797 -1.9666 -1.3599 1.8180 0.0258 0.6171 0.5398 0.5720
1311868237.5117 -1.9720 -1.3573 1.8135 0.0243 0.6159 0.5384 0.5746
1311868237.5477 -1.9810 -1.3559 1.8082 0.0221 0.6139 0.5362 0.5789
1311868237.5797 -1.9868 -1.3522 1.8042 0.0184 0.6115 0.5343 0.5833
1311868237.6116 -1.9913 -1.3478 1.7978 0.0150 0.6104 0.5323 0.5865
1311868237.6477 -1.9987 -1.3445 1.7911 0.0111 0.6104 0.5293 0.5892
1311868237.6796 -2.0070 -1.3423 1.7864 0.0063 0.6106 0.5261 0.5919
1311868237.7119 -2.0118 -1.3381 1.7834 0.0027 0.6103 0.5234 0.5946
1311868237.7477 -2.0202 -1.3374 1.7807 0.0023 0.6088 0.5217 0.5976
1311868237.7796 -2.0285 -1.3355 1.7765 0.0034 0.6053 0.5217 0.6011
1311868237.8118 -2.0303 -1.3315 1.7734 0.0043 0.6024 0.5220 0.6038
1311868237.8477 -2.0378 -1.3290 1.7679 0.0060 0.6003 0.5215 0.6064
1311868237.8797 -2.0448 -1.3261 1.7618 0.0063 0.5982 0.5211 0.6087
1311868237.9118 -2.0537 -1.3241 1.7565 0.0065 0.5968 0.5212 0.6101
1311868237.9477 -2.0562 -1.3206 1.7537 0.0058 0.5949 0.5228 0.6105
1311868237.9796 -2.0627 -1.3174 1.7494 0.0059 0.5935 0.5239 0.6110
1311868238.0117 -2.0682 -1.3147 1.7455 0.0055 0.5918 0.5250 0.6116
1311868238.0477 -2.0766 -1.3101 1.7417 0.0055 0.5896 0.5264 0.6126
1311868238.0798 -2.0817 -1.3067 1.7389 0.0048 0.5878 0.5276 0.6133
1311868238.1117 -2.0860 -1.3031 1.7355 0.0044 0.5865 0.5285 0.6138
1311868238.1477 -2.0922 -1.2994 1.7340 0.0043 0.5852 0.5288 0.6148
1311868238.1798 -2.0937 -1.2976 1.7316 0.0033 0.5836 0.5288 0.6163
1311868238.2117 -2.1011 -1.2929 1.7276 0.0038 0.5819 0.5279 0.6186
1311868238.2478 -2.1042 -1.2902 1.7271 0.0035 0.5809 0.5288 0.6188
1311868238.2797 -2.1045 -1.2869 1.7222 0.0035 0.5795 0.5304 0.6187
1311868238.3117 -2.1095 -1.2817 1.7173 0.0040 0.5791 0.5305 0.6190
1311868238.3477 -2.1107 -1.2787 1.7142 0.0032 0.5799 0.5305 0.6183
1311868238.3796 -2.1130 -1.2770 1.7113 0.0024 0.5809 0.5297 0.6180
1311868238.4118 -2.1161 -1.2743 1.7082 0.0017 0.5811 0.5286 0.6187
1311868238.4476 -2.1166 -1.2701 1.7056 0.0022 0.5812 0.5280 0.6193
1311868238.4796 -2.1195 -1.2691 1.7032 0.0035 0.5810 0.5283 0.6191
1311868238.5116 -2.1214 -1.2652 1.7000 0.0054 0.5802 0.5282 0.6200
1311868238.5476 -2.1249 -1.2625 1.6962 0.0073 0.5787 0.5292 0.6205
1311868238.5797 -2.1242 -1.2590 1.6938 0.0085 0.5772 0.5306 0.6207
1311868238.6119 -2.1235 -1.2549 1.6907 0.0083 0.5766 0.5312 0.6207
1311868238.6477 -2.1269 -1.2500 1.6837 0.0066 0.5765 0.5315 0.6205
1311868238.6798 -2.1279 -1.2443 1.6814 0.0032 0.5777 0.5310 0.6199
1311868238.7118 -2.1298 -1.2417 1.6770 -0.0002 0.5783 0.5315 0.6189
1311868238.7477 -2.1307 -1.2355 1.6736 -0.0027 0.5779 0.5330 0.6180
1311868238.7797 -2.1310 -1.2275 1.6731 -0.0031 0.5780 0.5348 0.6164
1311868238.8117 -2.1311 -1.2234 1.6681 -0.0032 0.5773 0.5381 0.6141
1311868238.8477 -2.1282 -1.2193 1.6652 -0.0035 0.5769 0.5409 0.6120
1311868238.8797 -2.1290 -1.2158 1.6618 -0.0033 0.5764 0.5424 0.6112
1311868238.9118 -2.1276 -1.2097 1.6594 -0.0027 0.5750 0.5443 0.6108
1311868238.9477 -2.1265 -1.2053 1.6562 -0.0014 0.5744 0.5459 0.6099
1311868238.9797 -2.1277 -1.2029 1.6508 -0.0006 0.5732 0.5476 0.6096
1311868239.0118 -2.1233 -1.1977 1.6499 -0.0012 0.5721 0.5480 0.6103
1311868239.0479 -2.1204 -1.1941 1.6486 -0.0010 0.5726 0.5453 0.6122
1311868239.0798 -2.1234 -1.1901 1.6412 -0.0015 0.5728 0.5408 0.6160
1311868239.1119 -2.1208 -1.1860 1.6361 -0.0046 0.5731 0.5357 0.6200
1311868239.1477 -2.1183 -1.1828 1.6344 -0.0067 0.5746 0.5310 0.6227
1311868239.1800 -2.1223 -1.1780 1.6297 -0.0049 0.5744 0.5285 0.6251
1311868239.2120 -2.1231 -1.1751 1.6277 -0.0026 0.5719 0.5290 0.6269
1311868239.2477 -2.1228 -1.1719 1.6252 0.0001 0.5685 0.5293 0.6297
1311868239.2796 -2.1222 -1.1680 1.6217 0.0026 0.5645 0.5302 0.6327
1311868239.3117 -2.1229 -1.1620 1.6175 0.0053 0.5610 0.5304 0.6356
1311868239.3477 -2.1205 -1.1592 1.6163 0.0066 0.5581 0.5310 0.6376
1311868239.3797 -2.1191 -1.1527 1.6124 0.0085 0.5551 0.5310 0.6402
1311868239.4117 -2.1187 -1.1504 1.6114 0.0099 0.5532 0.5312 0.6416
1311868239.4478 -2.1194 -1.1482 1.6076 0.0107 0.5502 0.5329 0.6427
1311868239.4798 -2.1193 -1.1444 1.6070 0.0106 0.5479 0.5342 0.6437
1311868239.5118 -2.1158 -1.1393 1.6067 0.0107 0.5462 0.5354 0.6441
1311868239.5478 -2.1154 -1.1343 1.6055 0.0103 0.5454 0.5345 0.6455
1311868239.5798 -2.1147 -1.1317 1.6021 0.0080 0.5445 0.5317 0.6487
1311868239.6119 -2.1160 -1.1282 1.6015 0.0060 0.5437 0.5287 0.6519
1311868239.6478 -2.1169 -1.1261 1.6002 0.0046 0.5420 0.5264 0.6551
1311868239.6798 -2.1184 -1.1229 1.5998 0.0040 0.5399 0.5257 0.6574
1311868239.7118 -2.1189 -1.1183 1.5974 0.0047 0.5372 0.5266 0.6588
1311868239.7479 -2.1204 -1.1150 1.5960 0.0036 0.5346 0.5264 0.6611
1311868239.7798 -2.1217 -1.1103 1.5939 0.0019 0.5324 0.5248 0.6642
1311868239.8119 -2.1210 -1.1044 1.5924 0.0005 0.5310 0.5224 0.6672
1311868239.8477 -2.1241 -1.0994 1.5883 0.0006 0.5291 0.5200 0.6706
1311868239.8798 -2.1254 -1.0989 1.5872 0.0013 0.5268 0.5195 0.6728
1311868239.9120 -2.1277 -1.0963 1.5835 0.0037 0.5229 0.5198 0.6755
1311868239.9479 -2.1305 -1.0939 1.5794 0.0063 0.5192 0.5201 0.6782
1311868239.9799 -2.1349 -1.0898 1.5722 0.0077 0.5156 0.5191 0.6817
1311868240.0122 -2.1413 -1.0862 1.5662 0.0066 0.5129 0.5172 0.6851
1311868240.0480 -2.1462 -1.0839 1.5626 0.0034 0.5119 0.5149 0.6876
1311868240.0799 -2.1493 -1.0771 1.5548 0.0005 0.5109 0.5132 0.6897
1311868240.1118 -2.1546 -1.0744 1.5502 -0.0014 0.5113 0.5128 0.6897
1311868240.1478 -2.1570 -1.0664 1.5408 -0.0016 0.5095 0.5127 0.6911
1311868240.1800 -2.1614 -1.0641 1.5357 -0.0018 0.5087 0.5120 0.6921
1311868240.2119 -2.1676 -1.0619 1.5286 -0.0023 0.5071 0.5109 0.6941
1311868240.2478 -2.1727 -1.0568 1.5213 -0.0022 0.5058 0.5095 0.6961
1311868240.2798 -2.1808 -1.0514 1.5115 -0.0032 0.5036 0.5075 0.6992
1311868240.3119 -2.1884 -1.0502 1.5067 -0.0071 0.5027 0.5049 0.7017
1311868240.3477 -2.1919 -1.0431 1.5035 -0.0102 0.5027 0.5029 0.7030
1311868240.3798 -2.1970 -1.0372 1.4964 -0.0119 0.5028 0.5017 0.7038
1311868240.4121 -2.2047 -1.0357 1.4888 -0.0152 0.5024 0.4998 0.7054
1311868240.4479 -2.2107 -1.0329 1.4843 -0.0191 0.5012 0.4975 0.7077
1311868240.4800 -2.2139 -1.0281 1.4829 -0.0229 0.5011 0.4950 0.7095
1311868240.5122 -2.2198 -1.0276 1.4806 -0.0262 0.5016 0.4929 0.7104
1311868240.5477 -2.2251 -1.0249 1.4765 -0.0286 0.5000 0.4910 0.7128
1311868240.5797 -2.2289 -1.0202 1.4762 -0.0293 0.4990 0.4897 0.7144
1311868240.6118 -2.2339 -1.0177 1.4726 -0.0290 0.4978 0.4902 0.7149
1311868240.6479 -2.2401 -1.0150 1.4703 -0.0273 0.4959 0.4923 0.7149
1311868240.6798 -2.2456 -1.0125 1.4687 -0.0260 0.4940 0.4947 0.7145
1311868240.7119 -2.2480 -1.0053 1.4675 -0.0240 0.4930 0.4957 0.7146
1311868240.7480 -2.2523 -1.0036 1.4633 -0.0229 0.4928 0.4964 0.7143
1311868240.7799 -2.2574 -1.0020 1.4613 -0.0224 0.4926 0.4966 0.7143
1311868240.8119 -2.2625 -1.0023 1.4595 -0.0225 0.4928 0.4968 0.7140
1311868240.8798 -2.2639 -0.9999 1.4539 -0.0236 0.4939 0.5003 0.7108
1311868240.9120 -2.2698 -1.0046 1.4502 -0.0261 0.4948 0.5023 0.7087
1311868240.9479 -2.2717 -1.0082 1.4431 -0.0304 0.4925 0.5059 0.7075
1311868240.9800 -2.2659 -1.0054 1.4423 -0.0343 0.4897 0.5114 0.7054
1311868241.0120 -2.2589 -0.9973 1.4399 -0.0349 0.4890 0.5132 0.7045
1311868241.0479 -2.2548 -0.9974 1.4333 -0.0367 0.4884 0.5131 0.7049
1311868241.0800 -2.2477 -0.9966 1.4332 -0.0374 0.4894 0.5117 0.7052
1311868241.1118 -2.2417 -0.9980 1.4284 -0.0368 0.4916 0.5100 0.7049
1311868241.1480 -2.2373 -0.9994 1.4204 -0.0356 0.4924 0.5087 0.7053
1311868241.1798 -2.2308 -1.0001 1.4139 -0.0352 0.4932 0.5073 0.7058
1311868241.2119 -2.2310 -1.0057 1.4052 -0.0352 0.4941 0.5061 0.7060
1311868241.2478 -2.2253 -1.0113 1.3995 -0.0385 0.4932 0.5071 0.7058
1311868241.2800 -2.2159 -1.0107 1.3952 -0.0388 0.4932 0.5095 0.7040
1311868241.3118 -2.2080 -1.0148 1.3901 -0.0378 0.4935 0.5131 0.7012
1311868241.3482 -2.2006 -1.0149 1.3815 -0.0360 0.4915 0.5154 0.7011
1311868241.3800 -2.1932 -1.0175 1.3778 -0.0347 0.4914 0.5153 0.7012
1311868241.4119 -2.1879 -1.0225 1.3724 -0.0335 0.4917 0.5152 0.7012
1311868241.4478 -2.1810 -1.0239 1.3686 -0.0321 0.4921 0.5149 0.7012
1311868241.4799 -2.1739 -1.0261 1.3626 -0.0299 0.4919 0.5152 0.7012
1311868241.5122 -2.1657 -1.0247 1.3563 -0.0262 0.4908 0.5159 0.7017
1311868241.5799 -2.1548 -1.0329 1.3432 -0.0222 0.4903 0.5198 0.6992
1311868241.6120 -2.1458 -1.0294 1.3366 -0.0216 0.4894 0.5206 0.6993
1311868241.6480 -2.1405 -1.0326 1.3319 -0.0206 0.4903 0.5202 0.6990
1311868241.6800 -2.1347 -1.0338 1.3250 -0.0193 0.4891 0.5205 0.6996
1311868241.7126 -2.1288 -1.0353 1.3170 -0.0182 0.4874 0.5210 0.7005
1311868241.7480 -2.1247 -1.0331 1.3150 -0.0160 0.4863 0.5196 0.7023
1311868241.7799 -2.1189 -1.0370 1.3069 -0.0160 0.4850 0.5182 0.7043
1311868241.8118 -2.1113 -1.0366 1.2995 -0.0172 0.4835 0.5157 0.7071
1311868241.8480 -2.1029 -1.0370 1.2938 -0.0186 0.4839 0.5121 0.7094
1311868241.8799 -2.0991 -1.0384 1.2854 -0.0206 0.4845 0.5064 0.7130
1311868241.9120 -2.0923 -1.0376 1.2819 -0.0214 0.4856 0.5012 0.7159
1311868241.9478 -2.0899 -1.0378 1.2734 -0.0205 0.4857 0.4963 0.7193
1311868241.9799 -2.0886 -1.0381 1.2673 -0.0199 0.4844 0.4926 0.7227
1311868242.0119 -2.0843 -1.0381 1.2584 -0.0187 0.4817 0.4912 0.7254
1311868242.0479 -2.0822 -1.0392 1.2495 -0.0181 0.4783 0.4896 0.7288
1311868242.0800 -2.0809 -1.0395 1.2427 -0.0189 0.4746 0.4874 0.7327
1311868242.1119 -2.0776 -1.0374 1.2363 -0.0192 0.4715 0.4859 0.7356
1311868242.1479 -2.0756 -1.0374 1.2291 -0.0203 0.4692 0.4839 0.7385
1311868242.1800 -2.0729 -1.0368 1.2226 -0.0223 0.4677 0.4800 0.7419
1311868242.2122 -2.0708 -1.0347 1.2167 -0.0235 0.4673 0.4761 0.7446
1311868242.2479 -2.0722 -1.0367 1.2082 -0.0235 0.4669 0.4729 0.7469
1311868242.2800 -2.0729 -1.0353 1.2043 -0.0236 0.4651 0.4705 0.7495
1311868242.3121 -2.0734 -1.0360 1.2001 -0.0231 0.4633 0.4692 0.7515
1311868242.3479 -2.0720 -1.0366 1.1929 -0.0213 0.4599 0.4689 0.7538
1311868242.3799 -2.0729 -1.0361 1.1880 -0.0188 0.4561 0.4694 0.7559
1311868242.4120 -2.0715 -1.0337 1.1866 -0.0161 0.4535 0.4691 0.7577
1311868242.4479 -2.0677 -1.0312 1.1827 -0.0139 0.4513 0.4673 0.7601
1311868242.4800 -2.0670 -1.0282 1.1777 -0.0142 0.4496 0.4626 0.7640
1311868242.5120 -2.0662 -1.0270 1.1748 -0.0147 0.4499 0.4578 0.7667
1311868242.5801 -2.0675 -1.0241 1.1713 -0.0132 0.4478 0.4559 0.7691
1311868242.6123 -2.0679 -1.0226 1.1659 -0.0101 0.4433 0.4570 0.7711
1311868242.6799 -2.0690 -1.0199 1.1647 -0.0074 0.4354 0.4549 0.7768
1311868242.7123 -2.0614 -1.0125 1.1643 -0.0062 0.4339 0.4530 0.7788
1311868242.7479 -2.0617 -1.0117 1.1617 -0.0050 0.4381 0.4503 0.7780
1311868242.7800 -2.0604 -1.0095 1.1604 -0.0039 0.4431 0.4487 0.7761
1311868242.8480 -2.0637 -1.0081 1.1510 -0.0028 0.4497 0.4488 0.7722
1311868242.8799 -2.0621 -1.0058 1.1487 -0.0033 0.4507 0.4492 0.7714
1311868242.9120 -2.0636 -1.0047 1.1493 -0.0030 0.4533 0.4473 0.7710
1311868242.9481 -2.0658 -1.0023 1.1446 -0.0046 0.4546 0.4459 0.7710
1311868243.0122 -2.0585 -0.9960 1.1417 -0.0016 0.4584 0.4494 0.7668
1311868243.0481 -2.0593 -0.9928 1.1382 0.0018 0.4585 0.4510 0.7657
1311868243.0800 -2.0598 -0.9893 1.1372 0.0037 0.4575 0.4539 0.7646
1311868243.1119 -2.0566 -0.9849 1.1339 0.0056 0.4567 0.4570 0.7632
1311868243.1481 -2.0575 -0.9833 1.1310 0.0058 0.4572 0.4577 0.7626
1311868243.1801 -2.0532 -0.9778 1.1306 0.0057 0.4578 0.4560 0.7632
1311868243.2120 -2.0535 -0.9776 1.1256 0.0050 0.4597 0.4534 0.7636
1311868243.2481 -2.0557 -0.9764 1.1215 0.0053 0.4604 0.4522 0.7639
1311868243.2800 -2.0546 -0.9738 1.1193 0.0066 0.4597 0.4524 0.7642
1311868243.3120 -2.0566 -0.9735 1.1150 0.0084 0.4578 0.4521 0.7655
1311868243.3481 -2.0560 -0.9712 1.1118 0.0089 0.4551 0.4505 0.7680
1311868243.4119 -2.0558 -0.9639 1.1027 0.0090 0.4529 0.4439 0.7731
1311868243.4482 -2.0532 -0.9586 1.1012 0.0073 0.4534 0.4405 0.7748
1311868243.4801 -2.0535 -0.9548 1.0979 0.0060 0.4549 0.4377 0.7755
1311868243.5481 -2.0586 -0.9508 1.0875 0.0036 0.4544 0.4321 0.7790
1311868243.5800 -2.0604 -0.9481 1.0834 0.0038 0.4509 0.4298 0.7823
1311868243.6120 -2.0659 -0.9460 1.0755 0.0032 0.4451 0.4265 0.7874
1311868243.6481 -2.0683 -0.9402 1.0696 0.0019 0.4380 0.4245 0.7925
1311868243.6800 -2.0721 -0.9366 1.0605 -0.0004 0.4322 0.4225 0.7967
1311868243.7120 -2.0709 -0.9284 1.0520 -0.0031 0.4268 0.4202 0.8008
1311868243.7479 -2.0744 -0.9239 1.0436 -0.0080 0.4245 0.4165 0.8039
1311868243.7800 -2.0724 -0.9141 1.0369 -0.0113 0.4228 0.4149 0.8056
1311868243.8119 -2.0777 -0.9091 1.0293 -0.0137 0.4227 0.4161 0.8050
1311868243.8482 -2.0787 -0.9030 1.0218 -0.0154 0.4209 0.4181 0.8049
1311868243.8801 -2.0781 -0.8977 1.0171 -0.0161 0.4180 0.4181 0.8064
1311868243.9121 -2.0827 -0.8958 1.0068 -0.0175 0.4137 0.4156 0.8098
1311868243.9482 -2.0853 -0.8911 1.0053 -0.0173 0.4096 0.4136 0.8129
1311868243.9800 -2.0861 -0.8840 0.9995 -0.0163 0.4035 0.4122 0.8167
1311868244.0121 -2.0878 -0.8786 0.9947 -0.0161 0.3986 0.4100 0.8202
1311868244.0481 -2.0907 -0.8755 0.9869 -0.0160 0.3950 0.4085 0.8227
1311868244.0801 -2.0899 -0.8704 0.9836 -0.0140 0.3925 0.4081 0.8241
1311868244.1122 -2.0872 -0.8605 0.9819 -0.0103 0.3899 0.4068 0.8261
1311868244.1481 -2.0957 -0.8582 0.9750 -0.0087 0.3897 0.4036 0.8277
1311868244.2120 -2.1024 -0.8455 0.9654 -0.0060 0.3896 0.3961 0.8314
1311868244.2480 -2.1056 -0.8387 0.9625 -0.0056 0.3876 0.3937 0.8335
1311868244.3122 -2.1182 -0.8280 0.9536 -0.0076 0.3773 0.3885 0.8406
1311868244.3483 -2.1208 -0.8227 0.9542 -0.0106 0.3731 0.3885 0.8425
1311868244.3800 -2.1186 -0.8157 0.9448 -0.0117 0.3697 0.3900 0.8433
1311868244.4121 -2.1270 -0.8093 0.9508 -0.0113 0.3733 0.3900 0.8417
1311868244.4482 -2.1168 -0.7990 0.9438 -0.0131 0.3729 0.3911 0.8413
1311868244.4801 -2.1204 -0.7942 0.9403 -0.0130 0.3765 0.3915 0.8395
1311868244.5123 -2.1281 -0.7903 0.9393 -0.0132 0.3798 0.3910 0.8383
1311868244.5483 -2.1281 -0.7827 0.9339 -0.0133 0.3802 0.3897 0.8387
1311868244.5801 -2.1323 -0.7794 0.9251 -0.0134 0.3801 0.3893 0.8389
1311868244.6123 -2.1350 -0.7714 0.9276 -0.0126 0.3792 0.3898 0.8391
1311868244.6482 -2.1363 -0.7667 0.9224 -0.0117 0.3758 0.3891 0.8410
1311868244.7121 -2.1419 -0.7538 0.9213 -0.0130 0.3712 0.3900 0.8426
1311868244.7483 -2.1360 -0.7479 0.9112 -0.0141 0.3709 0.3929 0.8414
1311868244.7800 -2.1338 -0.7384 0.9136 -0.0126 0.3738 0.3968 0.8383
1311868244.8121 -2.1373 -0.7348 0.9103 -0.0144 0.3770 0.4010 0.8348
1311868244.8481 -2.1317 -0.7265 0.9101 -0.0156 0.3790 0.4045 0.8322
1311868244.8804 -2.1327 -0.7220 0.9056 -0.0167 0.3817 0.4052 0.8306
1311868244.9122 -2.1339 -0.7187 0.9010 -0.0204 0.3834 0.4047 0.8300
1311868244.9481 -2.1343 -0.7126 0.9025 -0.0224 0.3854 0.4038 0.8294
1311868244.9801 -2.1303 -0.7053 0.8990 -0.0249 0.3850 0.4031 0.8298
1311868245.0123 -2.1316 -0.7002 0.8980 -0.0288 0.3849 0.4026 0.8300
1311868245.0483 -2.1279 -0.6936 0.9021 -0.0319 0.3842 0.4022 0.8304
1311868245.0802 -2.1213 -0.6860 0.9035 -0.0329 0.3850 0.4005 0.8308
1311868245.1123 -2.1206 -0.6819 0.9006 -0.0340 0.3871 0.3991 0.8305
1311868245.1482 -2.1131 -0.6737 0.8980 -0.0347 0.3891 0.3995 0.8294
1311868245.1799 -2.1129 -0.6706 0.8956 -0.0344 0.3937 0.3984 0.8277
1311868245.2122 -2.1052 -0.6635 0.8940 -0.0322 0.3944 0.3975 0.8279
1311868245.2483 -2.1090 -0.6609 0.8891 -0.0293 0.3932 0.3965 0.8290
1311868245.2802 -2.1017 -0.6553 0.8871 -0.0268 0.3881 0.3963 0.8317
1311868245.3122 -2.0947 -0.6494 0.8821 -0.0235 0.3831 0.3950 0.8346
1311868245.3482 -2.0898 -0.6442 0.8844 -0.0211 0.3809 0.3940 0.8362
1311868245.3801 -2.0846 -0.6390 0.8762 -0.0186 0.3798 0.3917 0.8378
1311868245.4122 -2.0843 -0.6367 0.8689 -0.0175 0.3792 0.3884 0.8397
1311868245.4482 -2.0798 -0.6307 0.8654 -0.0160 0.3771 0.3876 0.8410
1311868245.4801 -2.0712 -0.6221 0.8661 -0.0118 0.3748 0.3882 0.8419
1311868245.5123 -2.0714 -0.6168 0.8549 -0.0077 0.3710 0.3867 0.8443
1311868245.5482 -2.0702 -0.6115 0.8519 -0.0054 0.3668 0.3855 0.8466
1311868245.5803 -2.0678 -0.6052 0.8506 -0.0029 0.3639 0.3841 0.8486
1311868245.6123 -2.0663 -0.5995 0.8408 -0.0032 0.3624 0.3840 0.8493
1311868245.6482 -2.0701 -0.5948 0.8379 -0.0047 0.3646 0.3875 0.8467
1311868245.6802 -2.0708 -0.5892 0.8375 -0.0064 0.3684 0.3905 0.8436
1311868245.7161 -2.0640 -0.5797 0.8313 -0.0062 0.3695 0.3938 0.8416
1311868245.7482 -2.0597 -0.5707 0.8255 -0.0042 0.3678 0.3990 0.8400
1311868245.7802 -2.0585 -0.5617 0.8213 -0.0017 0.3642 0.4023 0.8399
1311868245.8163 -2.0567 -0.5547 0.8178 -0.0003 0.3594 0.4044 0.8410
1311868245.8482 -2.0572 -0.5484 0.8121 0.0008 0.3549 0.4066 0.8419
1311868245.8802 -2.0563 -0.5402 0.8065 0.0004 0.3504 0.4080 0.8431
1311868245.9162 -2.0571 -0.5331 0.8021 -0.0011 0.3484 0.4080 0.8439
1311868245.9482 -2.0548 -0.5265 0.7980 -0.0029 0.3470 0.4072 0.8448
1311868245.9803 -2.0567 -0.5214 0.7934 -0.0060 0.3452 0.4063 0.8460
1311868246.0161 -2.0573 -0.5146 0.7864 -0.0095 0.3437 0.4030 0.8481
1311868246.0482 -2.0571 -0.5084 0.7816 -0.0130 0.3410 0.3993 0.8510
1311868246.0803 -2.0576 -0.5025 0.7756 -0.0163 0.3376 0.3964 0.8536
1311868246.1162 -2.0582 -0.4969 0.7700 -0.0184 0.3342 0.3952 0.8555
1311868246.1482 -2.0617 -0.4925 0.7652 -0.0197 0.3307 0.3949 0.8569
1311868246.1802 -2.0635 -0.4864 0.7591 -0.0216 0.3269 0.3943 0.8586
1311868246.2161 -2.0646 -0.4817 0.7549 -0.0232 0.3260 0.3937 0.8592
1311868246.2481 -2.0672 -0.4768 0.7480 -0.0240 0.3261 0.3945 0.8588
1311868246.2802 -2.0689 -0.4701 0.7408 -0.0246 0.3264 0.3947 0.8585
1311868246.3162 -2.0681 -0.4640 0.7305 -0.0260 0.3266 0.3936 0.8589
1311868246.3481 -2.0750 -0.4628 0.7285 -0.0269 0.3279 0.3922 0.8590
1311868246.3802 -2.0803 -0.4583 0.7216 -0.0274 0.3264 0.3910 0.8601
1311868246.4161 -2.0812 -0.4535 0.7145 -0.0288 0.3228 0.3909 0.8615
1311868246.4483 -2.0900 -0.4485 0.7098 -0.0297 0.3226 0.3910 0.8615
1311868246.4804 -2.0959 -0.4444 0.7039 -0.0314 0.3229 0.3916 0.8611
1311868246.5162 -2.0932 -0.4386 0.6988 -0.0335 0.3218 0.3930 0.8607
1311868246.5484 -2.1027 -0.4335 0.6916 -0.0342 0.3228 0.3925 0.8606
1311868246.5802 -2.1044 -0.4289 0.6868 -0.0365 0.3217 0.3928 0.8607
1311868246.6161 -2.1108 -0.4252 0.6829 -0.0384 0.3230 0.3930 0.8601
1311868246.6483 -2.1127 -0.4205 0.6763 -0.0396 0.3232 0.3946 0.8593
1311868246.6803 -2.1162 -0.4167 0.6706 -0.0421 0.3222 0.3964 0.8587
1311868246.7163 -2.1203 -0.4108 0.6722 -0.0426 0.3240 0.3982 0.8571
1311868246.7489 -2.1219 -0.4072 0.6620 -0.0434 0.3242 0.3998 0.8563
1311868246.7804 -2.1214 -0.4026 0.6565 -0.0447 0.3242 0.3998 0.8562
1311868246.8162 -2.1272 -0.3996 0.6534 -0.0454 0.3261 0.3983 0.8562
1311868246.8484 -2.1343 -0.3964 0.6510 -0.0458 0.3285 0.3975 0.8556
1311868246.8803 -2.1342 -0.3928 0.6447 -0.0462 0.3295 0.3993 0.8543
1311868246.9162 -2.1301 -0.3895 0.6377 -0.0464 0.3295 0.4013 0.8534
1311868246.9482 -2.1331 -0.3848 0.6329 -0.0457 0.3309 0.4011 0.8530
1311868246.9803 -2.1335 -0.3814 0.6305 -0.0459 0.3325 0.4004 0.8526
1311868247.0162 -2.1370 -0.3806 0.6266 -0.0460 0.3348 0.4016 0.8512
1311868247.0484 -2.1325 -0.3777 0.6222 -0.0465 0.3355 0.4038 0.8498
1311868247.0802 -2.1328 -0.3761 0.6207 -0.0468 0.3378 0.4045 0.8486
1311868247.1163 -2.1311 -0.3753 0.6212 -0.0467 0.3398 0.4059 0.8471
1311868247.1484 -2.1300 -0.3752 0.6185 -0.0462 0.3406 0.4076 0.8460
1311868247.1803 -2.1235 -0.3750 0.6181 -0.0465 0.3395 0.4084 0.8460
1311868247.2164 -2.1193 -0.3750 0.6146 -0.0463 0.3384 0.4074 0.8470
1311868247.2482 -2.1148 -0.3751 0.6145 -0.0459 0.3382 0.4072 0.8471
1311868247.2803 -2.1109 -0.3750 0.6098 -0.0446 0.3380 0.4085 0.8467
1311868247.3163 -2.1079 -0.3746 0.6084 -0.0446 0.3378 0.4088 0.8467
1311868247.3483 -2.1000 -0.3729 0.6042 -0.0453 0.3371 0.4078 0.8474
1311868247.3806 -2.0922 -0.3717 0.6023 -0.0459 0.3375 0.4058 0.8481
1311868247.4163 -2.0867 -0.3729 0.5995 -0.0472 0.3384 0.4045 0.8483
1311868247.4483 -2.0823 -0.3734 0.6006 -0.0478 0.3396 0.4030 0.8485
1311868247.4804 -2.0832 -0.3747 0.6083 -0.0476 0.3410 0.4011 0.8489
1311868247.5161 -2.0630 -0.3730 0.5984 -0.0482 0.3378 0.4004 0.8505
1311868247.5485 -2.0533 -0.3750 0.5993 -0.0475 0.3374 0.4006 0.8505
1311868247.5802 -2.0535 -0.3751 0.6036 -0.0453 0.3388 0.4000 0.8504
1311868247.6164 -2.0368 -0.3746 0.6010 -0.0434 0.3362 0.4005 0.8513
1311868247.6482 -2.0274 -0.3754 0.5990 -0.0409 0.3348 0.4012 0.8517
1311868247.6804 -2.0221 -0.3761 0.5978 -0.0384 0.3346 0.4025 0.8512
1311868247.7162 -2.0076 -0.3764 0.5927 -0.0372 0.3322 0.4039 0.8516
1311868247.7483 -2.0078 -0.3761 0.5958 -0.0360 0.3333 0.4018 0.8521
1311868247.7804 -1.9954 -0.3769 0.5938 -0.0367 0.3331 0.3992 0.8534
1311868247.8162 -1.9784 -0.3777 0.5886 -0.0387 0.3325 0.3969 0.8547
1311868247.8484 -1.9691 -0.3795 0.5875 -0.0398 0.3340 0.3946 0.8551
1311868247.8802 -1.9599 -0.3807 0.5868 -0.0404 0.3357 0.3924 0.8554
1311868247.9162 -1.9486 -0.3830 0.5870 -0.0405 0.3366 0.3907 0.8558
1311868247.9482 -1.9380 -0.3848 0.5870 -0.0402 0.3364 0.3907 0.8559
1311868247.9802 -1.9267 -0.3859 0.5841 -0.0393 0.3357 0.3918 0.8557
1311868248.0162 -1.9195 -0.3876 0.5871 -0.0385 0.3358 0.3922 0.8555
1311868248.0482 -1.9039 -0.3875 0.5868 -0.0374 0.3336 0.3926 0.8562
1311868248.0803 -1.8944 -0.3885 0.5868 -0.0353 0.3313 0.3916 0.8577
1311868248.1162 -1.8966 -0.3889 0.5883 -0.0326 0.3303 0.3900 0.8589
1311868248.1483 -1.8819 -0.3889 0.5807 -0.0333 0.3249 0.3898 0.8610
1311868248.1804 -1.8755 -0.3922 0.5871 -0.0333 0.3247 0.3905 0.8608
1311868248.2164 -1.8645 -0.3919 0.5841 -0.0314 0.3220 0.3930 0.8607
1311868248.2483 -1.8579 -0.3918 0.5804 -0.0319 0.3189 0.3935 0.8617
1311868248.2803 -1.8465 -0.3898 0.5825 -0.0327 0.3168 0.3919 0.8631
1311868248.3162 -1.8331 -0.3905 0.5752 -0.0339 0.3147 0.3900 0.8647
1311868248.3483 -1.8217 -0.3890 0.5690 -0.0365 0.3124 0.3879 0.8664
1311868248.3805 -1.8116 -0.3870 0.5664 -0.0387 0.3106 0.3868 0.8674
1311868248.4163 -1.8071 -0.3873 0.5740 -0.0391 0.3112 0.3861 0.8675
1311868248.4484 -1.8043 -0.3878 0.5740 -0.0393 0.3097 0.3854 0.8683
1311868248.4804 -1.7898 -0.3842 0.5698 -0.0410 0.3044 0.3848 0.8704
1311868248.5163 -1.7805 -0.3844 0.5716 -0.0412 0.3014 0.3832 0.8721
1311868248.5483 -1.7683 -0.3814 0.5658 -0.0413 0.2970 0.3806 0.8747
1311868248.5803 -1.7591 -0.3807 0.5663 -0.0412 0.2947 0.3781 0.8766
1311868248.6164 -1.7509 -0.3798 0.5582 -0.0421 0.2917 0.3739 0.8794
1311868248.6485 -1.7404 -0.3796 0.5568 -0.0459 0.2905 0.3687 0.8818
1311868248.6804 -1.7291 -0.3792 0.5542 -0.0489 0.2925 0.3631 0.8833
1311868248.7165 -1.7199 -0.3775 0.5419 -0.0520 0.2915 0.3575 0.8857
1311868248.7485 -1.7103 -0.3762 0.5405 -0.0569 0.2891 0.3532 0.8880
1311868248.7803 -1.6994 -0.3773 0.5396 -0.0591 0.2856 0.3510 0.8898
1311868248.8165 -1.6912 -0.3764 0.5333 -0.0602 0.2793 0.3505 0.8919
1311868248.8483 -1.6821 -0.3781 0.5312 -0.0620 0.2732 0.3516 0.8933
1311868248.8804 -1.6693 -0.3786 0.5282 -0.0627 0.2677 0.3541 0.8939
1311868248.9165 -1.6589 -0.3788 0.5230 -0.0635 0.2657 0.3558 0.8938
1311868248.9483 -1.6502 -0.3801 0.5208 -0.0645 0.2686 0.3569 0.8924
1311868248.9804 -1.6360 -0.3770 0.5125 -0.0656 0.2708 0.3567 0.8917
1311868249.0165 -1.6273 -0.3781 0.5108 -0.0679 0.2751 0.3553 0.8908
1311868249.0483 -1.6199 -0.3783 0.5091 -0.0683 0.2795 0.3544 0.8897
1311868249.0807 -1.6148 -0.3788 0.5026 -0.0698 0.2816 0.3535 0.8893
1311868249.1163 -1.6048 -0.3764 0.5017 -0.0719 0.2816 0.3540 0.8890
1311868249.1485 -1.5968 -0.3747 0.5008 -0.0730 0.2822 0.3538 0.8888
1311868249.1805 -1.5878 -0.3726 0.4962 -0.0749 0.2808 0.3530 0.8893
1311868249.2164 -1.5788 -0.3701 0.5007 -0.0758 0.2826 0.3521 0.8890
1311868249.2482 -1.5730 -0.3724 0.5005 -0.0752 0.2847 0.3534 0.8879
1311868249.2807 -1.5611 -0.3687 0.4966 -0.0744 0.2833 0.3529 0.8886
1311868249.3166 -1.5607 -0.3714 0.5008 -0.0736 0.2855 0.3522 0.8883
1311868249.3484 -1.5539 -0.3733 0.5023 -0.0719 0.2862 0.3519 0.8883
1311868249.3806 -1.5448 -0.3753 0.4999 -0.0711 0.2857 0.3517 0.8886
1311868249.4165 -1.5353 -0.3769 0.4988 -0.0701 0.2854 0.3514 0.8889
1311868249.4483 -1.5278 -0.3811 0.5017 -0.0692 0.2857 0.3522 0.8886
1311868249.4804 -1.5235 -0.3841 0.5022 -0.0675 0.2871 0.3522 0.8883
1311868249.5163 -1.5177 -0.3872 0.5032 -0.0668 0.2896 0.3508 0.8880
1311868249.5483 -1.5112 -0.3886 0.5057 -0.0652 0.2932 0.3484 0.8879
1311868249.5803 -1.5028 -0.3923 0.5046 -0.0642 0.2954 0.3461 0.8882
1311868249.6163 -1.4934 -0.3960 0.5036 -0.0632 0.2960 0.3458 0.8882
1311868249.6484 -1.4930 -0.3977 0.5057 -0.0610 0.2975 0.3467 0.8875
1311868249.6807 -1.4855 -0.4013 0.5072 -0.0617 0.2957 0.3468 0.8880
1311868249.7163 -1.4771 -0.4035 0.5086 -0.0627 0.2938 0.3466 0.8886
1311868249.7483 -1.4718 -0.4047 0.5141 -0.0630 0.2937 0.3476 0.8882
1311868249.7807 -1.4647 -0.4093 0.5173 -0.0627 0.2941 0.3490 0.8876
1311868249.8166 -1.4549 -0.4147 0.5191 -0.0637 0.2946 0.3486 0.8875
1311868249.8483 -1.4475 -0.4184 0.5232 -0.0630 0.2969 0.3476 0.8871
1311868249.8805 -1.4405 -0.4229 0.5265 -0.0618 0.2997 0.3481 0.8861
1311868249.9166 -1.4327 -0.4266 0.5281 -0.0607 0.3013 0.3487 0.8854
1311868249.9483 -1.4237 -0.4311 0.5321 -0.0595 0.3033 0.3493 0.8846
1311868249.9803 -1.4146 -0.4355 0.5328 -0.0578 0.3047 0.3485 0.8845
1311868250.0164 -1.4101 -0.4408 0.5368 -0.0562 0.3075 0.3476 0.8840
1311868250.0486 -1.4028 -0.4451 0.5400 -0.0552 0.3100 0.3466 0.8836
1311868250.0805 -1.3960 -0.4497 0.5430 -0.0543 0.3118 0.3454 0.8835
1311868250.1165 -1.3888 -0.4552 0.5468 -0.0538 0.3137 0.3433 0.8837
1311868250.1486 -1.3840 -0.4597 0.5501 -0.0527 0.3155 0.3413 0.8839
1311868250.1805 -1.3761 -0.4649 0.5554 -0.0521 0.3148 0.3416 0.8840
1311868250.2164 -1.3726 -0.4695 0.5599 -0.0499 0.3140 0.3429 0.8840
1311868250.2486 -1.3642 -0.4735 0.5641 -0.0486 0.3115 0.3433 0.8847
1311868250.2804 -1.3593 -0.4779 0.5676 -0.0467 0.3109 0.3434 0.8850
1311868250.3165 -1.3552 -0.4819 0.5696 -0.0438 0.3109 0.3447 0.8847
1311868250.3490 -1.3489 -0.4862 0.5707 -0.0420 0.3100 0.3456 0.8847
1311868250.3806 -1.3430 -0.4905 0.5724 -0.0411 0.3102 0.3441 0.8853
1311868250.4164 -1.3386 -0.4939 0.5740 -0.0397 0.3114 0.3419 0.8858
1311868250.4483 -1.3333 -0.4993 0.5751 -0.0391 0.3118 0.3413 0.8859
1311868250.4804 -1.3276 -0.5042 0.5764 -0.0384 0.3116 0.3403 0.8864
1311868250.5164 -1.3227 -0.5082 0.5791 -0.0384 0.3113 0.3370 0.8877
1311868250.5487 -1.3216 -0.5108 0.5837 -0.0364 0.3093 0.3380 0.8881
1311868250.5804 -1.3177 -0.5140 0.5875 -0.0342 0.3055 0.3412 0.8883
1311868250.6164 -1.3091 -0.5215 0.5864 -0.0341 0.3015 0.3439 0.8886
1311868250.6488 -1.3041 -0.5247 0.5853 -0.0327 0.3005 0.3435 0.8892
1311868250.6805 -1.2989 -0.5293 0.5842 -0.0322 0.3017 0.3419 0.8894
1311868250.7165 -1.2962 -0.5326 0.5864 -0.0301 0.3044 0.3417 0.8886
1311868250.7484 -1.2952 -0.5358 0.5884 -0.0278 0.3060 0.3408 0.8885
1311868250.7806 -1.2927 -0.5385 0.5889 -0.0263 0.3061 0.3384 0.8894
1311868250.8164 -1.2892 -0.5430 0.5906 -0.0251 0.3056 0.3364 0.8904
1311868250.8484 -1.2876 -0.5461 0.5904 -0.0223 0.3062 0.3351 0.8908
1311868250.8805 -1.2886 -0.5447 0.5917 -0.0195 0.3071 0.3340 0.8909
1311868250.9164 -1.2835 -0.5489 0.5904 -0.0202 0.3075 0.3325 0.8913
1311868250.9487 -1.2803 -0.5526 0.5905 -0.0185 0.3100 0.3297 0.8916
1311868250.9805 -1.2845 -0.5530 0.5916 -0.0146 0.3126 0.3258 0.8922
1311868251.0164 -1.2872 -0.5538 0.5916 -0.0136 0.3117 0.3218 0.8939
1311868251.0486 -1.2889 -0.5537 0.5915 -0.0128 0.3091 0.3194 0.8957
1311868251.0805 -1.2899 -0.5517 0.5910 -0.0126 0.3057 0.3184 0.8972
1311868251.1165 -1.2887 -0.5504 0.5909 -0.0129 0.3036 0.3190 0.8977
1311868251.1484 -1.2880 -0.5482 0.5887 -0.0126 0.3032 0.3204 0.8974
1311868251.1806 -1.2868 -0.5465 0.5872 -0.0138 0.3042 0.3206 0.8969
1311868251.2164 -1.2865 -0.5448 0.5851 -0.0153 0.3061 0.3191 0.8968
1311868251.2484 -1.2880 -0.5413 0.5838 -0.0169 0.3078 0.3172 0.8969
1311868251.2804 -1.2886 -0.5388 0.5841 -0.0191 0.3089 0.3149 0.8972
1311868251.3169 -1.2896 -0.5359 0.5825 -0.0203 0.3092 0.3128 0.8979
1311868251.3485 -1.2905 -0.5308 0.5802 -0.0213 0.3091 0.3125 0.8980
1311868251.3808 -1.2905 -0.5268 0.5781 -0.0220 0.3093 0.3142 0.8973
1311868251.4169 -1.2898 -0.5227 0.5767 -0.0226 0.3092 0.3149 0.8970
1311868251.4488 -1.2894 -0.5201 0.5737 -0.0229 0.3089 0.3143 0.8974
1311868251.4806 -1.2921 -0.5138 0.5723 -0.0232 0.3085 0.3142 0.8975
1311868251.5165 -1.2919 -0.5122 0.5650 -0.0247 0.3072 0.3158 0.8974
1311868251.5487 -1.2912 -0.5055 0.5640 -0.0252 0.3061 0.3172 0.8972
1311868251.5808 -1.2903 -0.5034 0.5594 -0.0257 0.3062 0.3184 0.8968
1311868251.6166 -1.2923 -0.4982 0.5552 -0.0240 0.3065 0.3207 0.8959
1311868251.6490 -1.2934 -0.4941 0.5506 -0.0223 0.3064 0.3208 0.8959
1311868251.6811 -1.2941 -0.4891 0.5432 -0.0216 0.3051 0.3194 0.8969
1311868251.7165 -1.2954 -0.4845 0.5377 -0.0226 0.3047 0.3167 0.8980
1311868251.7487 -1.2949 -0.4784 0.5312 -0.0233 0.3043 0.3132 0.8993
1311868251.7806 -1.2944 -0.4733 0.5243 -0.0245 0.3054 0.3107 0.8998
1311868251.8167 -1.2977 -0.4681 0.5180 -0.0252 0.3070 0.3107 0.8992
1311868251.8487 -1.2933 -0.4638 0.5145 -0.0269 0.3058 0.3114 0.8993
1311868251.8812 -1.2952 -0.4576 0.5071 -0.0270 0.3050 0.3120 0.8994
1311868251.9166 -1.2921 -0.4519 0.5014 -0.0284 0.3031 0.3115 0.9001
1311868251.9488 -1.2900 -0.4464 0.4928 -0.0295 0.3017 0.3100 0.9011
1311868251.9805 -1.2895 -0.4405 0.4872 -0.0296 0.3017 0.3089 0.9015
1311868252.0166 -1.2886 -0.4369 0.4797 -0.0287 0.3026 0.3079 0.9016
1311868252.0487 -1.2892 -0.4300 0.4720 -0.0275 0.3035 0.3057 0.9020
1311868252.0811 -1.2874 -0.4252 0.4633 -0.0284 0.3029 0.3037 0.9029
1311868252.1167 -1.2861 -0.4198 0.4553 -0.0282 0.3017 0.3020 0.9039
1311868252.1487 -1.2848 -0.4136 0.4468 -0.0280 0.2997 0.2996 0.9053
1311868252.1806 -1.2833 -0.4065 0.4372 -0.0284 0.2980 0.2966 0.9069
1311868252.2167 -1.2807 -0.4015 0.4295 -0.0290 0.2977 0.2938 0.9079
1311868252.2491 -1.2827 -0.3953 0.4209 -0.0294 0.2986 0.2889 0.9091
1311868252.2807 -1.2800 -0.3889 0.4122 -0.0310 0.2982 0.2835 0.9109
1311868252.3166 -1.2814 -0.3826 0.4029 -0.0320 0.2989 0.2777 0.9124
1311868252.3486 -1.2808 -0.3734 0.3950 -0.0334 0.2988 0.2737 0.9136
1311868252.3807 -1.2811 -0.3659 0.3872 -0.0346 0.2983 0.2712 0.9145
1311868252.4167 -1.2820 -0.3591 0.3821 -0.0363 0.2969 0.2705 0.9151
1311868252.4488 -1.2822 -0.3511 0.3750 -0.0370 0.2942 0.2706 0.9159
1311868252.4806 -1.2809 -0.3421 0.3673 -0.0378 0.2902 0.2725 0.9166
1311868252.5166 -1.2785 -0.3355 0.3610 -0.0387 0.2868 0.2745 0.9170
1311868252.5500 -1.2765 -0.3265 0.3541 -0.0383 0.2834 0.2760 0.9176
1311868252.5807 -1.2745 -0.3171 0.3449 -0.0393 0.2803 0.2767 0.9183
1311868252.6166 -1.2754 -0.3073 0.3380 -0.0397 0.2795 0.2781 0.9182
1311868252.6491 -1.2733 -0.2997 0.3306 -0.0417 0.2785 0.2794 0.9180
1311868252.6807 -1.2742 -0.2923 0.3253 -0.0435 0.2791 0.2793 0.9177
1311868252.7166 -1.2726 -0.2860 0.3184 -0.0457 0.2795 0.2791 0.9175
1311868252.7487 -1.2698 -0.2772 0.3117 -0.0467 0.2785 0.2802 0.9175
1311868252.7807 -1.2699 -0.2697 0.3084 -0.0478 0.2780 0.2821 0.9170
1311868252.8167 -1.2675 -0.2612 0.3017 -0.0488 0.2763 0.2834 0.9171
1311868252.8487 -1.2662 -0.2569 0.2976 -0.0507 0.2756 0.2843 0.9169
1311868252.8807 -1.2633 -0.2490 0.2936 -0.0511 0.2752 0.2859 0.9165
1311868252.9166 -1.2612 -0.2412 0.2896 -0.0509 0.2749 0.2878 0.9160
1311868252.9487 -1.2572 -0.2344 0.2853 -0.0518 0.2737 0.2876 0.9163
1311868252.9807 -1.2545 -0.2298 0.2822 -0.0520 0.2738 0.2887 0.9160
1311868253.0167 -1.2525 -0.2256 0.2791 -0.0519 0.2741 0.2899 0.9155
1311868253.0488 -1.2488 -0.2176 0.2757 -0.0518 0.2727 0.2909 0.9156
1311868253.0808 -1.2434 -0.2123 0.2736 -0.0509 0.2728 0.2921 0.9152
1311868253.1167 -1.2406 -0.2077 0.2693 -0.0501 0.2735 0.2940 0.9145
1311868253.1488 -1.2384 -0.2018 0.2653 -0.0504 0.2739 0.2959 0.9137
1311868253.1819 -1.2334 -0.1964 0.2610 -0.0519 0.2739 0.2981 0.9129
1311868253.2166 -1.2291 -0.1907 0.2595 -0.0528 0.2747 0.2991 0.9123
1311868253.2487 -1.2245 -0.1863 0.2550 -0.0552 0.2746 0.2976 0.9127
1311868253.2807 -1.2205 -0.1802 0.2531 -0.0575 0.2766 0.2953 0.9127
1311868253.3167 -1.2156 -0.1770 0.2499 -0.0596 0.2786 0.2955 0.9119
1311868253.3488 -1.2084 -0.1706 0.2484 -0.0602 0.2797 0.2968 0.9111
1311868253.3811 -1.2023 -0.1650 0.2449 -0.0606 0.2798 0.2963 0.9112
1311868253.4168 -1.1950 -0.1603 0.2412 -0.0619 0.2794 0.2960 0.9113
1311868253.4487 -1.1890 -0.1571 0.2378 -0.0626 0.2803 0.2973 0.9106
1311868253.4809 -1.1822 -0.1524 0.2346 -0.0635 0.2798 0.2993 0.9100
1311868253.5167 -1.1741 -0.1478 0.2340 -0.0648 0.2796 0.2995 0.9099
1311868253.5485 -1.1662 -0.1439 0.2325 -0.0654 0.2791 0.2991 0.9101
1311868253.5815 -1.1578 -0.1405 0.2303 -0.0654 0.2779 0.2985 0.9107
1311868253.6167 -1.1511 -0.1367 0.2326 -0.0636 0.2781 0.2973 0.9112
1311868253.6487 -1.1432 -0.1338 0.2296 -0.0611 0.2774 0.2969 0.9117
1311868253.6806 -1.1385 -0.1309 0.2284 -0.0568 0.2769 0.2965 0.9122
1311868253.7168 -1.1361 -0.1260 0.2221 -0.0539 0.2738 0.2967 0.9133
1311868253.7488 -1.1309 -0.1223 0.2198 -0.0535 0.2717 0.2973 0.9137
1311868253.7808 -1.1263 -0.1180 0.2166 -0.0525 0.2712 0.2989 0.9134
1311868253.8167 -1.1206 -0.1130 0.2139 -0.0525 0.2711 0.3005 0.9129
1311868253.8487 -1.1150 -0.1086 0.2124 -0.0520 0.2708 0.3014 0.9128
1311868253.8810 -1.1098 -0.1032 0.2088 -0.0518 0.2698 0.3012 0.9131
1311868253.9169 -1.1050 -0.0992 0.2075 -0.0525 0.2682 0.3021 0.9133
1311868253.9488 -1.0990 -0.0954 0.2032 -0.0530 0.2663 0.3034 0.9134
1311868253.9807 -1.0914 -0.0898 0.1991 -0.0533 0.2643 0.3032 0.9140
1311868254.0167 -1.0866 -0.0853 0.1955 -0.0539 0.2634 0.3006 0.9151
1311868254.0492 -1.0810 -0.0806 0.1935 -0.0542 0.2632 0.2973 0.9162
1311868254.0808 -1.0756 -0.0753 0.1904 -0.0538 0.2625 0.2948 0.9172
1311868254.1168 -1.0701 -0.0686 0.1880 -0.0533 0.2615 0.2922 0.9184
1311868254.1486 -1.0662 -0.0616 0.1859 -0.0526 0.2598 0.2894 0.9198
1311868254.1808 -1.0629 -0.0558 0.1818 -0.0527 0.2565 0.2873 0.9213
1311868254.2167 -1.0562 -0.0500 0.1803 -0.0527 0.2524 0.2867 0.9227
1311868254.2489 -1.0510 -0.0437 0.1740 -0.0521 0.2472 0.2864 0.9242
1311868254.2812 -1.0485 -0.0389 0.1706 -0.0525 0.2426 0.2860 0.9255
1311868254.3167 -1.0396 -0.0317 0.1649 -0.0531 0.2367 0.2846 0.9275
1311868254.3488 -1.0383 -0.0279 0.1589 -0.0539 0.2337 0.2839 0.9284
1311868254.3809 -1.0294 -0.0202 0.1526 -0.0553 0.2287 0.2819 0.9301
1311868254.4169 -1.0246 -0.0150 0.1462 -0.0573 0.2252 0.2779 0.9321
1311868254.4489 -1.0204 -0.0103 0.1409 -0.0594 0.2225 0.2733 0.9340
1311868254.4812 -1.0174 -0.0051 0.1344 -0.0609 0.2193 0.2688 0.9359
1311868254.5167 -1.0127 0.0019 0.1295 -0.0621 0.2146 0.2655 0.9379
1311868254.5489 -1.0098 0.0076 0.1215 -0.0637 0.2095 0.2634 0.9395
1311868254.5809 -1.0053 0.0144 0.1161 -0.0658 0.2038 0.2612 0.9412
1311868254.6168 -1.0013 0.0204 0.1086 -0.0682 0.1994 0.2588 0.9427
1311868254.6487 -0.9960 0.0276 0.1035 -0.0705 0.1964 0.2563 0.9438
1311868254.6809 -0.9915 0.0347 0.0981 -0.0720 0.1947 0.2544 0.9445
1311868254.7168 -0.9904 0.0398 0.0925 -0.0738 0.1933 0.2538 0.9449
1311868254.7488 -0.9840 0.0477 0.0873 -0.0752 0.1895 0.2536 0.9456
1311868254.7849 -0.9782 0.0549 0.0807 -0.0764 0.1851 0.2536 0.9464
1311868254.8169 -0.9724 0.0622 0.0768 -0.0776 0.1812 0.2531 0.9472
1311868254.8489 -0.9688 0.0680 0.0702 -0.0785 0.1794 0.2516 0.9478
1311868254.8852 -0.9680 0.0715 0.0670 -0.0801 0.1791 0.2526 0.9475
1311868254.9170 -0.9604 0.0802 0.0613 -0.0809 0.1766 0.2533 0.9477
1311868254.9490 -0.9584 0.0847 0.0550 -0.0815 0.1751 0.2538 0.9478
1311868254.9848 -0.9581 0.0891 0.0515 -0.0824 0.1737 0.2547 0.9477
1311868255.0169 -0.9480 0.0993 0.0442 -0.0821 0.1696 0.2534 0.9488
1311868255.0493 -0.9528 0.1017 0.0416 -0.0824 0.1702 0.2540 0.9485
1311868255.0850 -0.9465 0.1075 0.0365 -0.0825 0.1677 0.2540 0.9490
1311868255.1167 -0.9413 0.1151 0.0318 -0.0809 0.1660 0.2531 0.9497
1311868255.1488 -0.9446 0.1149 0.0276 -0.0816 0.1653 0.2534 0.9496
1311868255.1851 -0.9437 0.1185 0.0219 -0.0820 0.1632 0.2531 0.9501
1311868255.2169 -0.9362 0.1263 0.0160 -0.0811 0.1606 0.2516 0.9510
1311868255.2487 -0.9343 0.1321 0.0151 -0.0803 0.1603 0.2504 0.9514
1311868255.2850 -0.9342 0.1358 0.0141 -0.0800 0.1604 0.2505 0.9514
1311868255.3170 -0.9335 0.1372 0.0074 -0.0805 0.1595 0.2512 0.9513
1311868255.3490 -0.9296 0.1388 0.0040 -0.0815 0.1579 0.2513 0.9515
1311868255.3848 -0.9265 0.1420 0.0021 -0.0810 0.1578 0.2515 0.9515
1311868255.4175 -0.9226 0.1468 0.0021 -0.0801 0.1582 0.2517 0.9514
1311868255.4490 -0.9163 0.1544 0.0004 -0.0777 0.1575 0.2508 0.9520
1311868255.4848 -0.9154 0.1561 0.0008 -0.0763 0.1577 0.2507 0.9521
1311868255.5171 -0.9132 0.1524 -0.0032 -0.0761 0.1568 0.2520 0.9519
1311868255.5489 -0.9091 0.1552 -0.0057 -0.0749 0.1555 0.2525 0.9521
1311868255.5858 -0.9075 0.1564 -0.0080 -0.0754 0.1553 0.2541 0.9517
1311868255.6169 -0.9028 0.1594 -0.0077 -0.0756 0.1557 0.2554 0.9512
1311868255.6493 -0.8966 0.1627 -0.0108 -0.0761 0.1562 0.2556 0.9511
1311868255.6849 -0.8912 0.1663 -0.0120 -0.0771 0.1565 0.2544 0.9512
1311868255.7169 -0.8833 0.1711 -0.0127 -0.0774 0.1560 0.2518 0.9520
1311868255.7488 -0.8801 0.1723 -0.0150 -0.0779 0.1562 0.2504 0.9523
1311868255.7850 -0.8715 0.1754 -0.0172 -0.0787 0.1546 0.2492 0.9528
1311868255.8175 -0.8671 0.1754 -0.0202 -0.0803 0.1545 0.2495 0.9526
1311868255.8488 -0.8581 0.1790 -0.0192 -0.0809 0.1539 0.2498 0.9526
1311868255.8850 -0.8490 0.1825 -0.0213 -0.0806 0.1538 0.2494 0.9527
1311868255.9169 -0.8380 0.1839 -0.0256 -0.0811 0.1523 0.2507 0.9526
1311868255.9489 -0.8301 0.1844 -0.0267 -0.0813 0.1513 0.2521 0.9523
1311868255.9848 -0.8221 0.1855 -0.0297 -0.0816 0.1494 0.2522 0.9526
1311868256.0175 -0.8150 0.1871 -0.0297 -0.0820 0.1484 0.2514 0.9529
1311868256.0489 -0.8060 0.1884 -0.0311 -0.0825 0.1471 0.2498 0.9535
1311868256.0848 -0.7993 0.1934 -0.0280 -0.0820 0.1475 0.2458 0.9545
1311868256.1173 -0.7871 0.1944 -0.0282 -0.0822 0.1466 0.2428 0.9554
1311868256.1497 -0.7784 0.1943 -0.0331 -0.0818 0.1464 0.2399 0.9562
1311868256.1848 -0.7666 0.1943 -0.0352 -0.0814 0.1450 0.2381 0.9569
1311868256.2169 -0.7596 0.1945 -0.0388 -0.0819 0.1442 0.2371 0.9572
1311868256.2489 -0.7505 0.1963 -0.0393 -0.0828 0.1431 0.2357 0.9577
1311868256.2848 -0.7406 0.1971 -0.0387 -0.0836 0.1428 0.2336 0.9582
1311868256.3168 -0.7301 0.1980 -0.0384 -0.0829 0.1433 0.2309 0.9588
1311868256.3489 -0.7214 0.1989 -0.0379 -0.0809 0.1447 0.2282 0.9594
1311868256.3855 -0.7114 0.2000 -0.0399 -0.0789 0.1445 0.2252 0.9603
1311868256.4177 -0.7038 0.1994 -0.0397 -0.0767 0.1452 0.2239 0.9607
1311868256.4489 -0.6968 0.2005 -0.0415 -0.0737 0.1451 0.2248 0.9607
1311868256.4849 -0.6876 0.2003 -0.0464 -0.0722 0.1423 0.2262 0.9609
1311868256.5172 -0.6805 0.2025 -0.0438 -0.0693 0.1419 0.2257 0.9613
1311868256.5488 -0.6744 0.2027 -0.0443 -0.0667 0.1414 0.2267 0.9613
1311868256.5849 -0.6643 0.2014 -0.0489 -0.0655 0.1393 0.2276 0.9615
1311868256.6169 -0.6557 0.2032 -0.0486 -0.0629 0.1401 0.2268 0.9617
1311868256.6491 -0.6498 0.2031 -0.0496 -0.0607 0.1420 0.2275 0.9615
1311868256.6849 -0.6370 0.2036 -0.0530 -0.0599 0.1407 0.2281 0.9615
1311868256.7171 -0.6326 0.2045 -0.0514 -0.0586 0.1412 0.2277 0.9617
1311868256.7491 -0.6225 0.2059 -0.0533 -0.0573 0.1395 0.2258 0.9624
1311868256.7852 -0.6155 0.2048 -0.0553 -0.0568 0.1377 0.2247 0.9630
1311868256.8168 -0.6092 0.2062 -0.0531 -0.0553 0.1358 0.2210 0.9642
1311868256.8489 -0.6019 0.2065 -0.0527 -0.0545 0.1318 0.2179 0.9655
1311868256.8850 -0.5934 0.2061 -0.0579 -0.0542 0.1276 0.2145 0.9668
1311868256.9169 -0.5862 0.2065 -0.0588 -0.0542 0.1253 0.2122 0.9676
1311868256.9492 -0.5793 0.2062 -0.0598 -0.0542 0.1245 0.2087 0.9685
1311868256.9849 -0.5705 0.2071 -0.0592 -0.0540 0.1236 0.2060 0.9692
1311868257.0171 -0.5628 0.2052 -0.0594 -0.0532 0.1222 0.2044 0.9698
1311868257.0492 -0.5554 0.2054 -0.0625 -0.0520 0.1184 0.2014 0.9709
1311868257.0852 -0.5483 0.2049 -0.0626 -0.0515 0.1147 0.1965 0.9724
1311868257.1170 -0.5410 0.2042 -0.0646 -0.0504 0.1115 0.1919 0.9738
1311868257.1492 -0.5337 0.2033 -0.0673 -0.0502 0.1088 0.1880 0.9748
1311868257.1850 -0.5256 0.2022 -0.0694 -0.0503 0.1068 0.1853 0.9756
1311868257.2168 -0.5179 0.2016 -0.0744 -0.0510 0.1044 0.1830 0.9762
1311868257.2489 -0.5105 0.2011 -0.0796 -0.0536 0.1017 0.1802 0.9769
1311868257.2849 -0.5006 0.2005 -0.0814 -0.0568 0.0991 0.1762 0.9777
1311868257.3170 -0.4910 0.1992 -0.0852 -0.0595 0.0974 0.1723 0.9784
1311868257.3490 -0.4835 0.1989 -0.0885 -0.0626 0.0957 0.1693 0.9789
1311868257.3849 -0.4749 0.1982 -0.0865 -0.0651 0.0927 0.1670 0.9794
1311868257.4168 -0.4656 0.1972 -0.0856 -0.0650 0.0886 0.1647 0.9802
1311868257.4491 -0.4555 0.1945 -0.0894 -0.0650 0.0835 0.1627 0.9810
1311868257.4850 -0.4479 0.1933 -0.0914 -0.0647 0.0810 0.1602 0.9816
1311868257.5168 -0.4399 0.1917 -0.0938 -0.0629 0.0792 0.1585 0.9822
1311868257.5495 -0.4330 0.1895 -0.0990 -0.0620 0.0770 0.1543 0.9831
1311868257.5853 -0.4246 0.1882 -0.1001 -0.0608 0.0752 0.1487 0.9841
1311868257.6180 -0.4183 0.1876 -0.1024 -0.0589 0.0734 0.1442 0.9851
1311868257.6491 -0.4107 0.1857 -0.1050 -0.0577 0.0699 0.1416 0.9858
1311868257.6849 -0.4044 0.1840 -0.1092 -0.0568 0.0662 0.1400 0.9863
1311868257.7180 -0.3975 0.1829 -0.1107 -0.0572 0.0624 0.1391 0.9867
1311868257.7496 -0.3900 0.1804 -0.1101 -0.0567 0.0600 0.1376 0.9870
1311868257.7855 -0.3841 0.1777 -0.1139 -0.0556 0.0592 0.1335 0.9877
1311868257.8169 -0.3790 0.1756 -0.1140 -0.0555 0.0597 0.1276 0.9885
1311868257.8492 -0.3734 0.1714 -0.1138 -0.0544 0.0614 0.1229 0.9890
1311868257.8853 -0.3669 0.1665 -0.1171 -0.0539 0.0617 0.1201 0.9894
1311868257.9170 -0.3642 0.1648 -0.1180 -0.0540 0.0608 0.1172 0.9898
1311868257.9490 -0.3619 0.1600 -0.1170 -0.0549 0.0583 0.1139 0.9903
1311868257.9852 -0.3585 0.1576 -0.1194 -0.0570 0.0533 0.1128 0.9906
1311868258.0168 -0.3561 0.1538 -0.1145 -0.0608 0.0470 0.1131 0.9906
1311868258.0489 -0.3510 0.1477 -0.1080 -0.0631 0.0391 0.1132 0.9908
1311868258.0862 -0.3453 0.1423 -0.1068 -0.0632 0.0305 0.1118 0.9913
1311868258.1176 -0.3374 0.1356 -0.1076 -0.0650 0.0219 0.1091 0.9917
1311868258.1493 -0.3299 0.1294 -0.1059 -0.0677 0.0150 0.1075 0.9918
1311868258.1851 -0.3234 0.1254 -0.1031 -0.0692 0.0115 0.1063 0.9919
1311868258.2169 -0.3170 0.1201 -0.1005 -0.0710 0.0115 0.1052 0.9919
1311868258.2518 -0.3084 0.1136 -0.0983 -0.0723 0.0136 0.1026 0.9920
1311868258.2852 -0.3009 0.1075 -0.0969 -0.0742 0.0171 0.1001 0.9921
1311868258.3172 -0.2954 0.1016 -0.0943 -0.0772 0.0194 0.0991 0.9919
1311868258.3491 -0.2912 0.0958 -0.0863 -0.0791 0.0199 0.0993 0.9917
1311868258.3850 -0.2835 0.0875 -0.0821 -0.0803 0.0178 0.0992 0.9917
1311868258.4170 -0.2789 0.0809 -0.0787 -0.0807 0.0172 0.0955 0.9920
1311868258.4491 -0.2715 0.0723 -0.0749 -0.0805 0.0178 0.0909 0.9924
1311868258.4849 -0.2668 0.0642 -0.0711 -0.0791 0.0211 0.0877 0.9928
1311868258.5173 -0.2588 0.0543 -0.0675 -0.0778 0.0232 0.0851 0.9931
1311868258.5493 -0.2545 0.0478 -0.0619 -0.0753 0.0263 0.0831 0.9933
1311868258.5851 -0.2491 0.0397 -0.0579 -0.0721 0.0286 0.0830 0.9935
1311868258.6169 -0.2450 0.0342 -0.0542 -0.0696 0.0286 0.0858 0.9935
1311868258.6489 -0.2403 0.0275 -0.0483 -0.0678 0.0271 0.0891 0.9933
1311868258.6851 -0.2356 0.0194 -0.0444 -0.0644 0.0243 0.0927 0.9933
1311868258.7169 -0.2291 0.0137 -0.0427 -0.0618 0.0199 0.0951 0.9933
1311868258.7490 -0.2241 0.0084 -0.0387 -0.0600 0.0162 0.0982 0.9932
1311868258.7850 -0.2183 0.0032 -0.0361 -0.0591 0.0119 0.1017 0.9930
1311868258.8170 -0.2130 -0.0036 -0.0325 -0.0584 0.0095 0.1006 0.9932
1311868258.8489 -0.2060 -0.0087 -0.0319 -0.0566 0.0085 0.0988 0.9935
1311868258.8856 -0.1987 -0.0160 -0.0308 -0.0558 0.0095 0.0957 0.9938
1311868258.9177 -0.1943 -0.0193 -0.0258 -0.0541 0.0114 0.0930 0.9941
1311868258.9499 -0.1888 -0.0248 -0.0197 -0.0529 0.0108 0.0915 0.9943
1311868258.9851 -0.1831 -0.0286 -0.0166 -0.0509 0.0082 0.0895 0.9947
1311868259.0170 -0.1757 -0.0331 -0.0133 -0.0501 0.0054 0.0856 0.9951
1311868259.0489 -0.1666 -0.0373 -0.0117 -0.0492 0.0042 0.0816 0.9954
1311868259.0852 -0.1618 -0.0398 -0.0070 -0.0486 0.0048 0.0777 0.9958
1311868259.1169 -0.1564 -0.0430 -0.0015 -0.0471 0.0044 0.0748 0.9961
1311868259.1492 -0.1506 -0.0472 0.0056 -0.0457 0.0024 0.0724 0.9963
1311868259.1857 -0.1447 -0.0513 0.0106 -0.0426 -0.0007 0.0696 0.9967
1311868259.2170 -0.1368 -0.0546 0.0130 -0.0393 -0.0041 0.0665 0.9970
1311868259.2490 -0.1301 -0.0572 0.0154 -0.0360 -0.0061 0.0641 0.9973
1311868259.2850 -0.1228 -0.0585 0.0153 -0.0346 -0.0075 0.0609 0.9975
1311868259.3170 -0.1167 -0.0593 0.0192 -0.0338 -0.0087 0.0582 0.9977
1311868259.3502 -0.1095 -0.0620 0.0214 -0.0342 -0.0115 0.0551 0.9978
1311868259.3851 -0.0996 -0.0664 0.0244 -0.0343 -0.0144 0.0518 0.9980
1311868259.4171 -0.0880 -0.0718 0.0260 -0.0337 -0.0159 0.0472 0.9982
1311868259.4491 -0.0771 -0.0744 0.0259 -0.0312 -0.0148 0.0442 0.9984
1311868259.4852 -0.0683 -0.0766 0.0273 -0.0292 -0.0118 0.0413 0.9987
1311868259.5172 -0.0638 -0.0754 0.0291 -0.0260 -0.0087 0.0379 0.9989
1311868259.5495 -0.0571 -0.0729 0.0290 -0.0242 -0.0078 0.0336 0.9991
1311868259.5851 -0.0503 -0.0727 0.0313 -0.0242 -0.0078 0.0282 0.9993
1311868259.6171 -0.0428 -0.0733 0.0314 -0.0245 -0.0078 0.0237 0.9994
1311868259.6493 -0.0373 -0.0720 0.0326 -0.0247 -0.0072 0.0216 0.9994
1311868259.6850 -0.0330 -0.0713 0.0341 -0.0254 -0.0074 0.0224 0.9994
1311868259.7171 -0.0278 -0.0724 0.0370 -0.0263 -0.0094 0.0244 0.9993
1311868259.7490 -0.0203 -0.0730 0.0380 -0.0253 -0.0128 0.0258 0.9993
1311868259.7850 -0.0136 -0.0727 0.0376 -0.0244 -0.0158 0.0257 0.9992
1311868259.8180 -0.0062 -0.0730 0.0385 -0.0229 -0.0185 0.0237 0.9993
1311868259.8492 0.0006 -0.0738 0.0374 -0.0206 -0.0195 0.0204 0.9994
1311868259.8852 0.0050 -0.0719 0.0341 -0.0187 -0.0188 0.0184 0.9995
1311868259.9175 0.0057 -0.0695 0.0345 -0.0178 -0.0166 0.0193 0.9995
1311868259.9491 0.0078 -0.0688 0.0374 -0.0166 -0.0162 0.0213 0.9995
1311868259.9850 0.0082 -0.0664 0.0366 -0.0153 -0.0175 0.0229 0.9995
1311868260.0171 0.0112 -0.0638 0.0371 -0.0161 -0.0210 0.0247 0.9993
1311868260.0491 0.0128 -0.0641 0.0378 -0.0165 -0.0233 0.0241 0.9993
1311868260.0853 0.0176 -0.0634 0.0353 -0.0168 -0.0250 0.0229 0.9993
1311868260.1170 0.0190 -0.0624 0.0343 -0.0178 -0.0245 0.0225 0.9993
1311868260.1491 0.0187 -0.0596 0.0346 -0.0185 -0.0232 0.0224 0.9993
1311868260.1849 0.0192 -0.0571 0.0347 -0.0202 -0.0223 0.0223 0.9993
1311868260.2170 0.0162 -0.0548 0.0368 -0.0227 -0.0213 0.0243 0.9992
1311868260.2491 0.0138 -0.0525 0.0391 -0.0246 -0.0215 0.0269 0.9991
1311868260.2850 0.0124 -0.0540 0.0397 -0.0270 -0.0224 0.0283 0.9990
1311868260.3172 0.0090 -0.0516 0.0407 -0.0276 -0.0231 0.0295 0.9989
1311868260.3492 0.0048 -0.0505 0.0425 -0.0288 -0.0241 0.0317 0.9988
1311868260.3859 0.0016 -0.0514 0.0449 -0.0297 -0.0266 0.0348 0.9986
1311868260.4172 -0.0006 -0.0510 0.0447 -0.0288 -0.0289 0.0356 0.9985
1311868260.4492 -0.0024 -0.0511 0.0443 -0.0287 -0.0300 0.0336 0.9986
1311868260.4851 -0.0048 -0.0511 0.0450 -0.0283 -0.0303 0.0314 0.9986
1311868260.5172 -0.0101 -0.0503 0.0462 -0.0273 -0.0294 0.0303 0.9987
1311868260.5493 -0.0152 -0.0497 0.0467 -0.0266 -0.0291 0.0302 0.9988
1311868260.5885 -0.0211 -0.0489 0.0487 -0.0262 -0.0298 0.0309 0.9987
1311868260.6170 -0.0264 -0.0483 0.0503 -0.0257 -0.0318 0.0318 0.9987
1311868260.6492 -0.0296 -0.0488 0.0513 -0.0260 -0.0349 0.0315 0.9986
1311868260.6852 -0.0312 -0.0489 0.0524 -0.0263 -0.0376 0.0301 0.9985
1311868260.7170 -0.0334 -0.0506 0.0519 -0.0274 -0.0387 0.0284 0.9985
1311868260.7491 -0.0360 -0.0527 0.0526 -0.0288 -0.0391 0.0276 0.9984
1311868260.7850 -0.0397 -0.0526 0.0551 -0.0291 -0.0395 0.0285 0.9984
1311868260.8174 -0.0422 -0.0531 0.0570 -0.0294 -0.0406 0.0290 0.9983
1311868260.8494 -0.0454 -0.0525 0.0574 -0.0293 -0.0424 0.0293 0.9982
1311868260.8851 -0.0489 -0.0500 0.0585 -0.0294 -0.0439 0.0294 0.9982
1311868260.9170 -0.0498 -0.0507 0.0601 -0.0300 -0.0452 0.0287 0.9981
1311868260.9492 -0.0501 -0.0516 0.0599 -0.0303 -0.0457 0.0281 0.9981
1311868260.9857 -0.0525 -0.0524 0.0601 -0.0304 -0.0452 0.0285 0.9981
1311868261.0171 -0.0565 -0.0513 0.0608 -0.0298 -0.0448 0.0291 0.9981
1311868261.0494 -0.0575 -0.0522 0.0608 -0.0299 -0.0459 0.0283 0.9981
1311868261.0851 -0.0578 -0.0531 0.0598 -0.0299 -0.0470 0.0266 0.9981
1311868261.1175 -0.0586 -0.0535 0.0597 -0.0298 -0.0473 0.0251 0.9981
1311868261.1492 -0.0578 -0.0538 0.0592 -0.0299 -0.0475 0.0237 0.9981
1311868261.1851 -0.0583 -0.0549 0.0591 -0.0304 -0.0465 0.0219 0.9982
1311868261.2173 -0.0598 -0.0547 0.0585 -0.0307 -0.0450 0.0215 0.9983
1311868261.2507 -0.0621 -0.0553 0.0600 -0.0312 -0.0437 0.0225 0.9983
1311868261.2852 -0.0638 -0.0558 0.0605 -0.0308 -0.0436 0.0238 0.9983
1311868261.3173 -0.0662 -0.0543 0.0608 -0.0299 -0.0448 0.0235 0.9983
1311868261.3505 -0.0659 -0.0541 0.0603 -0.0299 -0.0473 0.0221 0.9982
1311868261.3852 -0.0655 -0.0548 0.0607 -0.0309 -0.0490 0.0218 0.9981
1311868261.4172 -0.0652 -0.0559 0.0611 -0.0313 -0.0497 0.0230 0.9980
1311868261.4509 -0.0646 -0.0563 0.0616 -0.0312 -0.0494 0.0249 0.9980
1311868261.4853 -0.0664 -0.0556 0.0619 -0.0304 -0.0486 0.0260 0.9980
1311868261.5173 -0.0668 -0.0559 0.0618 -0.0301 -0.0489 0.0256 0.9980
1311868261.5536 -0.0665 -0.0556 0.0623 -0.0298 -0.0501 0.0245 0.9980
1311868261.5863 -0.0656 -0.0557 0.0620 -0.0299 -0.0510 0.0236 0.9980
1311868261.6172 -0.0649 -0.0556 0.0615 -0.0302 -0.0510 0.0236 0.9980
1311868261.6541 -0.0651 -0.0556 0.0619 -0.0309 -0.0503 0.0236 0.9980
1311868261.6852 -0.0662 -0.0560 0.0627 -0.0315 -0.0495 0.0230 0.9980
1311868261.7195 -0.0677 -0.0543 0.0629 -0.0319 -0.0495 0.0223 0.9980
1311868261.7517 -0.0683 -0.0545 0.0641 -0.0327 -0.0501 0.0218 0.9980
1311868261.7871 -0.0676 -0.0541 0.0641 -0.0333 -0.0511 0.0207 0.9979
1311868261.8172 -0.0672 -0.0550 0.0645 -0.0341 -0.0512 0.0199 0.9979
1311868261.8530 -0.0678 -0.0539 0.0639 -0.0344 -0.0504 0.0201 0.9979
1311868261.8851 -0.0684 -0.0530 0.0649 -0.0353 -0.0500 0.0206 0.9979
1311868261.9171 -0.0688 -0.0528 0.0655 -0.0360 -0.0498 0.0208 0.9979
1311868261.9535 -0.0686 -0.0540 0.0665 -0.0367 -0.0500 0.0207 0.9979
1311868261.9853 -0.0702 -0.0530 0.0661 -0.0363 -0.0501 0.0208 0.9979
1311868262.0180 -0.0694 -0.0541 0.0665 -0.0370 -0.0513 0.0206 0.9978
1311868262.0536 -0.0693 -0.0541 0.0660 -0.0364 -0.0519 0.0204 0.9978
1311868262.0854 -0.0683 -0.0545 0.0654 -0.0363 -0.0522 0.0205 0.9978
1311868262.1179 -0.0679 -0.0550 0.0653 -0.0358 -0.0517 0.0207 0.9978
1311868262.1505 -0.0681 -0.0542 0.0647 -0.0355 -0.0512 0.0210 0.9978
1311868262.1855 -0.0681 -0.0546 0.0647 -0.0356 -0.0510 0.0206 0.9979
1311868262.2173 -0.0677 -0.0544 0.0644 -0.0356 -0.0507 0.0204 0.9979
1311868262.2532 -0.0672 -0.0547 0.0648 -0.0355 -0.0501 0.0207 0.9979
1311868262.2874 -0.0669 -0.0564 0.0644 -0.0354 -0.0494 0.0211 0.9979
1311868262.3173 -0.0675 -0.0540 0.0639 -0.0350 -0.0490 0.0217 0.9979
1311868262.3511 -0.0695 -0.0548 0.0654 -0.0357 -0.0492 0.0217 0.9979
1311868262.3861 -0.0698 -0.0551 0.0648 -0.0355 -0.0504 0.0225 0.9978
1311868262.4192 -0.0682 -0.0558 0.0648 -0.0359 -0.0517 0.0232 0.9977
1311868262.4530 -0.0671 -0.0562 0.0645 -0.0359 -0.0518 0.0226 0.9978
1311868262.4852 -0.0679 -0.0565 0.0641 -0.0356 -0.0507 0.0219 0.9978
1311868262.5215 -0.0682 -0.0558 0.0637 -0.0355 -0.0497 0.0223 0.9979
1311868262.5510 -0.0689 -0.0561 0.0644 -0.0356 -0.0491 0.0231 0.9979
1311868262.5851 -0.0686 -0.0564 0.0645 -0.0357 -0.0491 0.0235 0.9979
1311868262.6217 -0.0686 -0.0568 0.0641 -0.0354 -0.0489 0.0235 0.9979
1311868262.6508 -0.0688 -0.0569 0.0639 -0.0352 -0.0486 0.0241 0.9979
1311868262.6853 -0.0685 -0.0565 0.0635 -0.0345 -0.0485 0.0254 0.9979
1311868262.7212 -0.0679 -0.0569 0.0639 -0.0344 -0.0484 0.0255 0.9979
1311868262.7505 -0.0678 -0.0570 0.0635 -0.0340 -0.0483 0.0250 0.9979
1311868262.7852 -0.0682 -0.0563 0.0632 -0.0340 -0.0482 0.0250 0.9979
1311868262.8216 -0.0689 -0.0560 0.0631 -0.0340 -0.0480 0.0254 0.9979
1311868262.8506 -0.0690 -0.0560 0.0634 -0.0344 -0.0482 0.0258 0.9979
1311868262.8853 -0.0687 -0.0560 0.0636 -0.0341 -0.0486 0.0256 0.9979
1311868262.9227 -0.0687 -0.0556 0.0633 -0.0341 -0.0491 0.0257 0.9979
1311868262.9507 -0.0686 -0.0551 0.0629 -0.0343 -0.0493 0.0262 0.9979
1311868262.9856 -0.0684 -0.0557 0.0631 -0.0347 -0.0493 0.0265 0.9978
1311868263.0207 -0.0684 -0.0559 0.0629 -0.0347 -0.0492 0.0266 0.9978
1311868263.0533 -0.0683 -0.0558 0.0630 -0.0346 -0.0490 0.0261 0.9979
1311868263.0852 -0.0687 -0.0552 0.0628 -0.0343 -0.0490 0.0257 0.9979
1311868263.1214 -0.0686 -0.0547 0.0629 -0.0346 -0.0493 0.0255 0.9979
1311868263.1543 -0.0681 -0.0550 0.0630 -0.0353 -0.0494 0.0257 0.9978
1311868263.1855 -0.0666 -0.0559 0.0638 -0.0364 -0.0497 0.0258 0.9978
