rank,label,channels,role,replicate,coverage,historical_evo_ape_mean_cm,historical_evo_ape_rmse_cm,historical_evo_rpe_rmse_cm,se3_ate_rmse_cm,se3_ate_mean_cm,se3_ate_max_cm,translation_rpe_rmse_cm,translation_rpe_max_cm,rotation_rpe_rmse_deg,rotation_rpe_max_deg,allframe_sim3_mean_cm,allframe_sim3_scale,keyframe_sim3_mean_cm,keyframe_sim3_scale
1,g_s04_k04_from_d20_d26_d34_add_d15,"15,20,26,34",direct full-sequence ATE forward-greedy trial,0,0.9965095986038395,10.3758,11.5553,1.1819,14.917717064408109,14.157881090920462,37.54566163308882,1.713372137719136,33.38946472631419,1.4112130208244396,29.58017410350902,12.418769000535834,1.0819499337365077,10.372886814085467,1.0984170771060189
2,g_s04_k04_from_d20_d26_d34_add_d15,"15,20,26,34","final repeat validation for G4, Lstar_single",1,0.9965095986038395,10.3758,11.5553,1.1819,14.917717064408109,14.157881090920462,37.54566163308882,1.713372137719136,33.38946472631419,1.4112130208244396,29.58017410350902,12.418769000535834,1.0819499337365077,10.372886814085467,1.0984170771060189
3,g_s04_k04_from_d20_d26_d34_add_d15,"15,20,26,34","final repeat validation for G4, Lstar_single",2,0.9965095986038395,10.3758,11.5553,1.1819,14.917717064408109,14.157881090920462,37.54566163308882,1.713372137719136,33.38946472631419,1.4112130208244396,29.58017410350902,12.418769000535834,1.0819499337365077,10.372886814085467,1.0984170771060189
4,g_s02_k05_from_d24_d26_d51_d63_add_d23,"23,24,26,51,63",direct full-sequence ATE forward-greedy trial,0,0.9965095986038395,10.4535,11.7247,1.3227,14.521647531106115,13.413822428799813,23.21408604608137,1.0624198240677887,6.987721142141471,0.796733240606362,9.064054859975,11.221575602924782,1.0952881287190985,10.463247427647513,1.105750489783073
5,g_s02_k05_from_d24_d26_d51_d63_add_d23,"23,24,26,51,63",final repeat validation for G5,1,0.9965095986038395,10.4535,11.7247,1.3227,14.521647531106115,13.413822428799813,23.21408604608137,1.0624198240677887,6.987721142141471,0.796733240606362,9.064054859975,11.221575602924782,1.0952881287190985,10.463247427647513,1.105750489783073
6,g_s02_k05_from_d24_d26_d51_d63_add_d23,"23,24,26,51,63",final repeat validation for G5,2,0.9965095986038395,10.4535,11.7247,1.3227,14.521647531106115,13.413822428799813,23.21408604608137,1.0624198240677887,6.987721142141471,0.796733240606362,9.064054859975,11.221575602924782,1.0952881287190985,10.463247427647513,1.105750489783073
7,g_s02_k05_from_d24_d26_d51_d63_add_d52,"24,26,51,52,63",direct full-sequence ATE forward-greedy trial,0,0.9965095986038395,11.1934,12.6357,1.9456999999999998,14.527891421289171,13.280693746985788,28.23418572932383,1.540051816826574,17.601589627508435,1.0098923852382222,11.034872284099967,12.776100261849423,1.048383462167142,11.186020517785389,1.0586747799259004
8,g_s04_k06_from_d15_d20_d26_d34_d45_add_d53,"15,20,26,34,45,53",direct full-sequence ATE forward-greedy trial,0,0.9965095986038395,11.6218,12.7363,1.2805,15.91297263040303,15.089097926409517,36.859109872596036,1.7475035871863176,34.10684179646963,1.3961830566719167,29.66337367722541,13.426149320465269,1.0864660294059778,11.62004791833418,1.1039569425147207
9,g_s04_k06_from_d15_d20_d26_d34_d45_add_d53,"15,20,26,34,45,53",final repeat validation for G6,1,0.9965095986038395,11.6218,12.7363,1.2805,15.91297263040303,15.089097926409517,36.859109872596036,1.7475035871863176,34.10684179646963,1.3961830566719167,29.66337367722541,13.426149320465269,1.0864660294059778,11.62004791833418,1.1039569425147207
10,g_s04_k06_from_d15_d20_d26_d34_d45_add_d53,"15,20,26,34,45,53",final repeat validation for G6,2,0.9965095986038395,11.6218,12.7363,1.2805,15.91297263040303,15.089097926409517,36.859109872596036,1.7475035871863176,34.10684179646963,1.3961830566719167,29.66337367722541,13.426149320465269,1.0864660294059778,11.62004791833418,1.1039569425147207
11,g_s04_k05_from_d15_d20_d26_d34_add_d45,"15,20,26,34,45",direct full-sequence ATE forward-greedy trial,0,0.9965095986038395,11.9254,13.250899999999998,1.5051999999999999,15.586364150241794,14.476060644780652,42.56727963828922,2.460743878163194,53.46733137904101,1.8158199998754947,39.73113931215231,13.58392325198256,1.056230731681166,11.931344863122554,1.0713302322506055
12,g_s04_k06_from_d15_d20_d26_d34_d45_add_d41,"15,20,26,34,41,45",direct full-sequence ATE forward-greedy trial,0,0.9965095986038395,12.4345,13.317300000000001,1.4332,16.77461864029148,15.96036649545496,35.80894688341373,1.7977150481555613,33.01088120016968,1.3079537736819067,27.535326521641537,14.0091412623953,1.1004632024530385,12.433253325588396,1.1179265627913166
13,swap_k04_0120_d15_d26_d34_d63,"15,26,34,63",one-channel swap audit around provisional greedy endpoint,0,0.9965095986038395,12.462,14.153199999999998,1.8256000000000001,16.78038462329383,15.136358457491783,33.68452409526869,1.364430747928456,20.3044854145259,0.941149968184542,13.433747659139785,13.447893501532631,1.0923923274076588,12.473748880183209,1.1130789226396982
14,g_s04_k04_from_d20_d26_d34_add_d53,"20,26,34,53",direct full-sequence ATE forward-greedy trial,0,0.9965095986038395,12.6297,13.7577,1.6018000000000001,17.361948439318454,16.504529338607448,33.13854307549836,1.6242236936971446,25.753675543987477,1.080627110729811,20.343431337040165,14.348692586958864,1.1068807212152494,12.630451724671405,1.1265041102574538
15,g_s04_k06_from_d15_d20_d26_d34_d45_add_d40,"15,20,26,34,40,45",direct full-sequence ATE forward-greedy trial,0,0.9965095986038395,13.2063,14.8206,1.683,16.69744606643566,15.34753527566167,43.43838263121621,2.6057194013878062,56.99174844807766,1.916687089751402,42.335853024217556,14.779511189079427,1.0441717843279126,13.203306246288973,1.0589135088568127
16,g_s02_k06_from_d23_d24_d26_d51_d63_add_d59,"23,24,26,51,59,63",direct full-sequence ATE forward-greedy trial,0,0.9965095986038395,13.4975,14.103399999999999,1.6206000000000003,15.712085606991058,14.804400526927205,26.74227568375998,1.2068755190373992,11.82510778712692,0.8876484883635896,8.885681333729107,13.647550003791004,1.08111870100456,13.52575230977443,1.0895728845290262
17,g_s02_k05_from_d24_d26_d51_d63_add_d49,"24,26,49,51,63",direct full-sequence ATE forward-greedy trial,0,0.9965095986038395,13.875499999999999,14.835,1.8507,16.85330083529016,15.668001218979988,30.647971715053558,1.4356554157052872,22.069977237017227,1.0534090691854952,15.143145734501658,13.957518297184961,1.0962948052401726,13.908516053907217,1.111379417768018
18,g_pair_seed_sweep_d33_d52,"33,52",exhaustive two-channel full-sequence seed sweep (all_singletons_failed),0,0.9965095986038395,13.980999999999998,14.8363,1.6356,16.94893038344066,16.104522980308012,25.38601595981872,1.1554486882640669,11.234639117875144,0.7251681548235929,9.925292996417353,14.216137952847397,1.100638751309779,13.993877886377138,1.105320862770327
19,g_pair_seed_sweep_d33_d52,"33,52",final repeat validation for G2,1,0.9965095986038395,13.980999999999998,14.8363,1.6356,16.94893038344066,16.104522980308012,25.38601595981872,1.1554486882640669,11.234639117875144,0.7251681548235929,9.925292996417353,14.216137952847397,1.100638751309779,13.993877886377138,1.105320862770327
20,g_pair_seed_sweep_d33_d52,"33,52",final repeat validation for G2,2,0.9965095986038395,13.980999999999998,14.8363,1.6356,16.94893038344066,16.104522980308012,25.38601595981872,1.1554486882640669,11.234639117875144,0.7251681548235929,9.925292996417353,14.216137952847397,1.100638751309779,13.993877886377138,1.105320862770327
21,historical_correlation_search_ch_5_6_24_29,"5,6,24,29","historical correlation-clustering search result, re-evaluated only as an anchor",0,0.9965095986038395,14.0623,15.705,2.0974,18.465723095777967,16.871635560238747,40.46766681926447,1.2829203583038613,14.175021519176575,0.8946268854885595,9.53238143358664,15.098563543697512,1.1098180751703213,14.051014233196232,1.1245796715975585
22,historical_correlation_search_ch_5_6_24_29,"5,6,24,29",final repeat validation for H4_historical_correlation_search,1,0.9965095986038395,14.0623,15.705,2.0974,18.465723095777967,16.871635560238747,40.46766681926447,1.2829203583038613,14.175021519176575,0.8946268854885595,9.53238143358664,15.098563543697512,1.1098180751703213,14.051014233196232,1.1245796715975585
23,historical_correlation_search_ch_5_6_24_29,"5,6,24,29",final repeat validation for H4_historical_correlation_search,2,0.9965095986038395,14.0623,15.705,2.0974,18.465723095777967,16.871635560238747,40.46766681926447,1.2829203583038613,14.175021519176575,0.8946268854885595,9.53238143358664,15.098563543697512,1.1098180751703213,14.051014233196232,1.1245796715975585
24,g_s04_k05_from_d15_d20_d26_d34_add_d16,"15,16,20,26,34",direct full-sequence ATE forward-greedy trial,0,0.9965095986038395,14.440100000000001,16.3261,2.1487,19.026685177512796,17.30238272572678,31.09962550408546,1.2975256765657857,13.665515588503641,0.8408959519208173,10.349914546745646,15.110598862363156,1.115076157718614,14.439924746676624,1.1339685883891493
25,g_s04_k04_from_d20_d26_d34_add_d59,"20,26,34,59",direct full-sequence ATE forward-greedy trial,0,0.9965095986038395,14.482600000000001,15.2538,2.0845,18.623172832738483,17.150228990361235,31.48702248684525,1.1770658491252188,11.270962277125115,0.8699393468381762,11.730142013191085,14.691068269425273,1.13224272362151,14.501348558157812,1.1439084001679687
26,g_s04_k06_from_d15_d20_d26_d34_d45_add_d00,"0,15,20,26,34,45",direct full-sequence ATE forward-greedy trial,0,0.9965095986038395,14.489199999999999,16.3982,1.8126,18.161362809220236,16.86427847979753,45.621505445432234,2.863087476524791,63.22801379629291,1.9714636324801351,44.36129275061372,16.385497583477452,1.0350468032662796,14.484566064705437,1.0532219764583675
27,g_s01_k04_from_d29_d33_d52_add_d31,"29,31,33,52",direct full-sequence ATE forward-greedy trial,0,0.9965095986038395,14.4902,15.396299999999998,2.0527,18.097778141779852,17.186260492039555,28.40696713221641,1.3214053636133487,19.297026715296912,0.9701966913414598,16.982301343902748,14.596225414030279,1.122448917683387,14.511334919021992,1.1314230114791939
28,g_s02_k05_from_d24_d26_d51_d63_add_d08,"8,24,26,51,63",direct full-sequence ATE forward-greedy trial,0,0.9965095986038395,14.550699999999999,15.428600000000001,2.0264,16.788344928369415,15.914789597422049,27.033144765957516,1.4531181791190706,19.889352599757597,1.03569647341,11.85139321936571,14.989575947142145,1.068613501623119,14.570930124414444,1.0843041868446561
29,g_s02_k05_from_d24_d26_d51_d63_add_d14,"14,24,26,51,63",direct full-sequence ATE forward-greedy trial,0,0.9965095986038395,14.623800000000001,16.0106,1.8618,18.35422084652911,17.618251783300195,28.81321483767605,1.431878628815122,16.194401804625542,0.9824436135847567,11.084152635057558,16.227597159276133,1.0820592142745287,14.606491259296572,1.1026915502203851
30,g_s01_k03_from_d33_d52_add_d29,"29,33,52",direct full-sequence ATE forward-greedy trial,0,0.9965095986038395,14.672099999999999,16.3824,2.3480999999999996,19.06092396600409,17.919533598682197,33.478713656441094,1.4916709751593704,17.042420737147015,1.0151836545945598,14.765222502664477,15.53104040478134,1.118812461272618,14.68208761369384,1.134024857042554
31,g_s01_k03_from_d33_d52_add_d29,"29,33,52",final repeat validation for G3,1,0.9965095986038395,14.672099999999999,16.3824,2.3480999999999996,19.06092396600409,17.919533598682197,33.478713656441094,1.4916709751593704,17.042420737147015,1.0151836545945598,14.765222502664477,15.53104040478134,1.118812461272618,14.68208761369384,1.134024857042554
32,g_s01_k03_from_d33_d52_add_d29,"29,33,52",final repeat validation for G3,2,0.9965095986038395,14.672099999999999,16.3824,2.3480999999999996,19.06092396600409,17.919533598682197,33.478713656441094,1.4916709751593704,17.042420737147015,1.0151836545945598,14.765222502664477,15.53104040478134,1.118812461272618,14.68208761369384,1.134024857042554
33,g_s01_k04_from_d29_d33_d52_add_d55,"29,33,52,55",direct full-sequence ATE forward-greedy trial,0,0.9965095986038395,14.9995,16.0462,2.2057,19.592396444779443,18.341405088167527,30.936572730425414,1.416053209152477,16.788075470702502,0.9185381172311038,14.561783503506815,15.056916176068116,1.1480587937563913,15.026885154730898,1.1590790860546778
34,g_s04_k05_from_d15_d20_d26_d34_add_d62,"15,20,26,34,62",direct full-sequence ATE forward-greedy trial,0,0.9965095986038395,15.0204,16.8511,2.266,19.862834389419348,17.88787408130202,32.9002062695056,1.1454281260564123,14.113854907438018,0.7711348895623867,8.839229975477403,15.287240814853003,1.1344821460842986,15.029414537562314,1.1501381439516702
35,g_s03_k05_from_d23_d24_d40_d59_add_d63,"23,24,40,59,63",direct full-sequence ATE forward-greedy trial,0,0.9965095986038395,15.127199999999998,16.9364,2.2451,19.130108343460137,17.893077833894125,29.124916768874826,1.2713607114899323,10.621566631726518,0.8151453708044583,9.269887249326654,15.953468056865274,1.0998467333981752,15.134596362908749,1.1210432154215242
36,g_s01_k04_from_d29_d33_d52_add_d27,"27,29,33,52",direct full-sequence ATE forward-greedy trial,0,0.9965095986038395,15.135599999999998,16.0881,2.0456,18.596586940224967,17.443522978740866,29.115833657111416,1.4249868092473494,18.656298076219997,1.0481664224655192,17.039061265067613,15.413022155396252,1.1165346776963518,15.15466253107477,1.12945569005317
37,g_pair_seed_sweep_d26_d51,"26,51",exhaustive two-channel full-sequence seed sweep (all_singletons_failed),0,0.9965095986038395,15.162700000000001,16.2903,1.7073999999999998,17.563261851378765,16.348802531988323,28.75623292889953,1.2266529806380737,13.160935022951104,0.861189794927545,11.079378200981294,15.27842879898483,1.079761572601339,15.18451856039677,1.09520871057891
38,historical_cnn_baseline_ch_5_29_40_52,"5,29,40,52","historical four-channel CNN baseline, re-evaluated only as an anchor",0,0.9965095986038395,15.1682,16.974700000000002,2.3994999999999997,19.935858730549647,18.383736311879435,39.70584755536034,1.2529525562133654,13.556703736857726,0.8630869985448096,8.467764218164792,15.972341019070468,1.1289015696742666,15.15578805165762,1.1394411207895758
39,historical_cnn_baseline_ch_5_29_40_52,"5,29,40,52",final repeat validation for H4_historical_cnn_baseline,1,0.9965095986038395,15.1682,16.974700000000002,2.3994999999999997,19.935858730549647,18.383736311879435,39.70584755536034,1.2529525562133654,13.556703736857726,0.8630869985448096,8.467764218164792,15.972341019070468,1.1289015696742666,15.15578805165762,1.1394411207895758
40,historical_cnn_baseline_ch_5_29_40_52,"5,29,40,52",final repeat validation for H4_historical_cnn_baseline,2,0.9965095986038395,15.1682,16.974700000000002,2.3994999999999997,19.935858730549647,18.383736311879435,39.70584755536034,1.2529525562133654,13.556703736857726,0.8630869985448096,8.467764218164792,15.972341019070468,1.1289015696742666,15.15578805165762,1.1394411207895758
41,g_s02_k06_from_d23_d24_d26_d51_d63_add_d05,"5,23,24,26,51,63",direct full-sequence ATE forward-greedy trial,0,0.9965095986038395,15.229400000000002,18.8717,5.9674,29.253950092578656,20.071629171721447,116.82101538560666,4.78662930579237,108.84901607557221,4.892295085892726,114.06507662607476,20.582080986198285,0.9793426864564807,15.250417109269124,1.0717611928757316
42,g_s04_k06_from_d15_d20_d26_d34_d45_add_d61,"15,20,26,34,45,61",direct full-sequence ATE forward-greedy trial,0,0.9965095986038395,15.3159,16.965700000000002,1.2287,19.396054735458055,18.520565308830435,41.96066805960901,1.7832352322006788,35.598514762717656,1.448565811183752,31.09072346578082,17.526257679810694,1.0699790532122992,15.300925990004913,1.0907871198365984
43,g_pair_seed_sweep_d23_d59,"23,59",exhaustive two-channel full-sequence seed sweep (all_singletons_failed),0,0.9965095986038395,15.320500000000001,16.8381,2.3431,19.52609413838197,17.84951296763908,34.07532169586366,1.345921638487506,14.405417130268178,0.8450193784087626,10.100988213336642,15.215241234529847,1.1336110862905748,15.324579242070351,1.149109387931425
44,g_s04_k06_from_d15_d20_d26_d34_d45_add_d29,"15,20,26,29,34,45",direct full-sequence ATE forward-greedy trial,0,0.9965095986038395,15.5376,16.3482,1.8333,18.35712715719409,17.597267202568638,30.00125517212881,1.2606225249826215,15.389807665740147,0.8153977341607406,9.663748216585462,16.003569117157106,1.092444344390741,15.562370214683071,1.1066293494887935
45,g_pair_seed_sweep_d20_d26,"20,26",exhaustive two-channel full-sequence seed sweep (all_singletons_failed),0,0.9965095986038395,15.5393,16.0858,1.6483,18.521196444420823,17.735029889636685,27.285601371048333,1.0399452627486574,7.819806414163582,0.7217820081972307,8.398388577896267,15.75956058306428,1.1136578253117664,15.55832035162991,1.1223425003426075
46,g_s02_k06_from_d23_d24_d26_d51_d63_add_d42,"23,24,26,42,51,63",direct full-sequence ATE forward-greedy trial,0,0.9965095986038395,15.6231,16.5106,1.4942,17.56451880687871,16.650922549732545,32.23661653755976,1.1829237304083633,11.979717634084546,0.7569086284876531,8.940748326406581,14.936091311757727,1.0935218548731191,15.660017674464768,1.0951079109988733
47,g_s01_k04_from_d29_d33_d52_add_d39,"29,33,39,52",direct full-sequence ATE forward-greedy trial,0,0.9965095986038395,15.690299999999999,18.019299999999998,2.4554,20.681123529472973,19.245785772579737,36.831276839638655,1.5600622309063645,17.248800697413447,0.9836002033670236,13.902604319761073,17.247954880788967,1.1130279519669082,15.691033587684805,1.132129429149448
48,g_s04_k03_from_d20_d26_add_d34,"20,26,34",direct full-sequence ATE forward-greedy trial,0,0.9965095986038395,15.718499999999999,17.8138,2.3212,19.697743443876803,18.174817069192166,33.39074590872853,1.198565688565053,13.113372865988286,0.8912865541091597,10.510730019131966,16.854697451363393,1.0918609840299216,15.706388152907358,1.1128419981109707
49,g_s01_k04_from_d29_d33_d52_add_d45,"29,33,45,52",direct full-sequence ATE forward-greedy trial,0,0.9965095986038395,15.758700000000001,16.7206,2.0815,19.936496888846555,18.767693619442074,30.570444208430146,1.4526137128742556,19.149678522405974,1.0571527241522076,16.55494617664491,16.166628663833336,1.1350095719750346,15.776967962138713,1.1497761282032593
50,g_s02_k03_from_d26_d51_add_d63,"26,51,63",direct full-sequence ATE forward-greedy trial,0,0.9965095986038395,15.890699999999999,16.8325,1.526,18.403225455476083,17.16978803387457,27.93668086128282,1.0995067503292182,8.722012797394589,0.774380857104279,8.482816993525388,15.81619877514164,1.0917107649427655,15.9039702973897,1.1024013990300665
51,g_s03_k06_from_d23_d24_d40_d59_d63_add_d39,"23,24,39,40,59,63",direct full-sequence ATE forward-greedy trial,0,0.9965095986038395,15.9503,18.0721,2.3407,20.740899875298098,19.296581578902714,32.03106132082504,1.2191430200568258,7.830085699018369,0.8033218377079965,6.257207016147658,17.127987446133933,1.1145854171261456,15.953038610762297,1.1384689609796992
52,swap_k04_0176_d15_d20_d34_d59,"15,20,34,59",one-channel swap audit around provisional greedy endpoint,0,0.9965095986038395,16.034100000000002,17.4709,2.1938,20.39271122942493,19.432432289758914,30.664381086258775,1.1683780049894297,9.75125927892856,0.8148010680580846,9.149566381359008,17.303338514925066,1.1202165430720978,16.01592405078248,1.1349113948292506
53,g_s03_k05_from_d23_d24_d40_d59_add_d22,"22,23,24,40,59",direct full-sequence ATE forward-greedy trial,0,0.9965095986038395,16.0354,17.6518,2.4621,20.457987285282115,18.953966923159914,32.99609318440099,1.2728998888438539,9.622742355013617,0.9174205244687992,11.215048412233863,16.46106261198643,1.13481217687652,16.022561691650804,1.1551645158577983
54,g_s03_k05_from_d23_d24_d40_d59_add_d27,"23,24,27,40,59",direct full-sequence ATE forward-greedy trial,0,0.9965095986038395,16.1824,17.894,2.5696,20.194680014527165,18.349348649003122,33.83916995249711,1.38649635504302,18.09945016506144,0.949100574856504,12.091956196075682,16.20459463600914,1.121699073527555,16.193650365171354,1.1397034220270728
55,g_s02_k05_from_d24_d26_d51_d63_add_d40,"24,26,40,51,63",direct full-sequence ATE forward-greedy trial,0,0.9965095986038395,16.2083,16.9348,1.7469999999999999,18.238454228449523,17.47660667736975,28.269388456783105,1.124840962307751,8.0594143898223,0.8531214482482201,9.23357452814892,16.441781620603713,1.0804515537512047,16.230155378216068,1.0958125248594013
56,g_s04_k04_from_d20_d26_d34_add_d54,"20,26,34,54",direct full-sequence ATE forward-greedy trial,0,0.9965095986038395,16.253999999999998,17.5407,2.3427,21.44279620120318,19.555727712134065,35.52100524589247,1.1372757826145874,8.66330304282973,0.9337754514828951,9.700212675401522,16.48475674606748,1.1626795953317275,16.27331991779928,1.1708858443068182
57,g_pair_seed_sweep_d25_d37,"25,37",exhaustive two-channel full-sequence seed sweep (all_singletons_failed),0,0.9965095986038395,16.2663,17.3809,1.984,18.926988574300957,17.3615491185002,33.28210680609377,1.2299509998153562,13.976889004087656,0.7617360137416065,9.375002115176889,15.542712760063038,1.1144438669673147,16.291534969131703,1.1314141331517729
58,g_s01_k05_from_d29_d31_d33_d52_add_d55,"29,31,33,52,55",direct full-sequence ATE forward-greedy trial,0,0.9965095986038395,16.3032,17.4147,2.2698,19.905856790237575,18.710847485308317,32.562874401317536,1.338880688748347,13.975149748612179,0.8591919533345888,11.707022199111112,16.0896447900168,1.132443194237762,16.33517351437249,1.143451364281733
59,g_s03_k05_from_d23_d24_d40_d59_add_d54,"23,24,40,54,59",direct full-sequence ATE forward-greedy trial,0,0.9965095986038395,16.3602,18.4408,2.2679,23.236173404314933,21.477699622303316,43.75600866389018,1.2283584515071322,8.902617655822459,0.9752499481687255,9.591276116517227,17.708896027947187,1.183322109550964,16.34124142645999,1.207100859312683
60,g_s03_k04_from_d23_d24_d59_add_d40,"23,24,40,59",direct full-sequence ATE forward-greedy trial,0,0.9965095986038395,16.4297,18.6146,2.5978000000000003,21.57108356997666,19.526089567117683,36.957005455982724,1.3587720961022094,13.53713068989526,0.9121447505283349,8.944957058322567,16.85616736731423,1.142529775843628,16.41824864253354,1.163027689748023
61,g_s01_k04_from_d29_d33_d52_add_d40,"29,33,40,52",direct full-sequence ATE forward-greedy trial,0,0.9965095986038395,16.4415,18.6418,2.4164000000000003,20.729596801556077,19.384797484488423,39.55080503672601,1.4328056306791022,15.013912589609138,0.9159123838240206,12.647768295040937,17.83539726746415,1.0989336666340443,16.43123887161184,1.1174303844919762
62,g_s04_k03_from_d20_d26_add_d22,"20,22,26",direct full-sequence ATE forward-greedy trial,0,0.9965095986038395,16.4465,17.339299999999998,2.1111,18.51665633538139,17.91963391154162,30.469443580254335,1.4559722912302124,19.53577001354814,0.9321132035482568,10.791060286446536,17.284192401763214,1.0519263753732158,16.440215555422576,1.0585083307838041
63,g_s01_k04_from_d29_d33_d52_add_d28,"28,29,33,52",direct full-sequence ATE forward-greedy trial,0,0.9965095986038395,16.483700000000002,17.2148,2.0539,19.532809862749804,18.400220391371768,29.689827016066427,1.3934087274553042,18.278675629789497,1.0294306838810583,16.20364923875672,16.235513329024084,1.125810754680671,16.5034110319696,1.1360618115172016
64,g_s04_k05_from_d15_d20_d26_d34_add_d61,"15,20,26,34,61",direct full-sequence ATE forward-greedy trial,0,0.9965095986038395,16.532,18.2956,1.2785,20.432009753719896,19.39558345002999,42.279554460425786,1.798709342909947,35.66600468564854,1.4546586723878436,31.39727140678122,18.690869503367054,1.0627458714533005,16.5126321457085,1.0824057995091658
65,g_s01_k03_from_d33_d52_add_d15,"15,33,52",direct full-sequence ATE forward-greedy trial,0,0.9965095986038395,16.533800000000003,17.2792,1.8073,18.753932604088135,17.442235876131583,31.449874072905885,1.1700159764796558,13.269935312473141,0.66184279730473,4.934254799146149,15.536512379393821,1.1153879216118963,16.56544518373635,1.1226743498849903
66,g_s03_k05_from_d23_d24_d40_d59_add_d36,"23,24,36,40,59",direct full-sequence ATE forward-greedy trial,0,0.9965095986038395,16.555500000000002,18.435399999999998,2.3948,23.35639088426776,21.368150715273732,45.442026771241764,1.4669350650039543,21.0553676594478,1.1798573459633714,17.84310415014578,18.103183669355804,1.1745710273492944,16.545350963065776,1.1995783479918696
67,g_s03_k05_from_d23_d24_d40_d59_add_d38,"23,24,38,40,59",direct full-sequence ATE forward-greedy trial,0,0.9965095986038395,16.555500000000002,18.435399999999998,2.3948,23.35639088426776,21.368150715273732,45.442026771241764,1.4669350650039543,21.0553676594478,1.1798573459633714,17.84310415014578,18.103183669355804,1.1745710273492944,16.545350963065776,1.1995783479918696
68,g_s04_k06_from_d15_d20_d26_d34_d45_add_d39,"15,20,26,34,39,45",direct full-sequence ATE forward-greedy trial,0,0.9965095986038395,16.6209,17.363400000000002,1.727,19.037375014974494,18.517310651913704,32.34611657943187,1.3051152361648415,19.69727744881818,0.9198622057947711,15.312884891221147,17.335698082563454,1.0784648255909144,16.635854322201464,1.09213837774024
69,g_s01_k04_from_d29_d33_d52_add_d26,"26,29,33,52",direct full-sequence ATE forward-greedy trial,0,0.9965095986038395,16.6277,17.7021,2.3477,19.701943414426484,18.831490146934243,29.4962391121402,1.6021889259231248,20.0637724020685,1.0729921296400506,16.08239520956232,16.893279695845017,1.1048674219596226,16.650802972938443,1.122713359313091
70,r_k04_0012_d00_d15_d20_d59,"0,15,20,59",budget-matched cardinality-stratified random full-sequence control,0,0.9965095986038395,16.6402,18.636,1.9834,20.67040121766903,19.742047659300884,29.418720515903928,1.1625864375031632,8.953549968341564,0.9530897686962139,8.96165232568721,18.51831576413325,1.0756447300690568,16.61689024237816,1.1011867540880316
71,r_k04_0012_d00_d15_d20_d59,"0,15,20,59","final repeat validation for R4, Rstar_single",1,0.9965095986038395,16.6402,18.636,1.9834,20.67040121766903,19.742047659300884,29.418720515903928,1.1625864375031632,8.953549968341564,0.9530897686962139,8.96165232568721,18.51831576413325,1.0756447300690568,16.61689024237816,1.1011867540880316
72,r_k04_0012_d00_d15_d20_d59,"0,15,20,59","final repeat validation for R4, Rstar_single",2,0.9965095986038395,16.6402,18.636,1.9834,20.67040121766903,19.742047659300884,29.418720515903928,1.1625864375031632,8.953549968341564,0.9530897686962139,8.96165232568721,18.51831576413325,1.0756447300690568,16.61689024237816,1.1011867540880316
73,g_pair_seed_sweep_d49_d52,"49,52",exhaustive two-channel full-sequence seed sweep (all_singletons_failed),0,0.9965095986038395,16.6652,18.7706,2.0847,20.70308161348621,19.504945895957555,32.45645649694375,1.3017482893865968,13.090553069763342,0.9421431467709802,10.68296503319057,18.592078525838893,1.061153964507534,16.648246249463398,1.087224181304847
74,g_s04_k05_from_d15_d20_d26_d34_add_d54,"15,20,26,34,54",direct full-sequence ATE forward-greedy trial,0,0.9965095986038395,16.6769,17.8291,2.1147,19.80484939510812,18.065104264032755,30.284122050909335,1.0094088912427486,5.194027793695669,0.8216334343602646,9.469562421925167,16.60818048312421,1.111574540519662,16.686802856989942,1.123876459942512
75,g_s04_k03_from_d20_d26_add_d24,"20,24,26",direct full-sequence ATE forward-greedy trial,0,0.9965095986038395,16.734299999999998,17.6905,2.1611,19.44013638030259,18.73260158773579,27.799984062128498,1.1749549171692786,8.698077950825395,0.875970292772686,9.030627584520019,17.32926619670174,1.0872772207825416,16.734335693054327,1.1025880046556735
76,g_s04_k04_from_d20_d26_d34_add_d02,"2,20,26,34",direct full-sequence ATE forward-greedy trial,0,0.9965095986038395,16.7489,18.2699,2.3994,21.81805523425852,20.087208816939977,34.937298415124886,1.12363936135076,8.836870383011302,0.9122512647834434,9.520920563163374,17.387447306850085,1.153042911166118,16.74866852836347,1.164640103268936
77,g_s04_k04_from_d20_d26_d34_add_d04,"4,20,26,34",direct full-sequence ATE forward-greedy trial,0,0.9965095986038395,16.7489,18.2699,2.3994,21.81805523425852,20.087208816939977,34.937298415124886,1.12363936135076,8.836870383011302,0.9122512647834434,9.520920563163374,17.387447306850085,1.153042911166118,16.74866852836347,1.164640103268936
78,g_s04_k04_from_d20_d26_d34_add_d07,"7,20,26,34",direct full-sequence ATE forward-greedy trial,0,0.9965095986038395,16.7489,18.2699,2.3994,21.81805523425852,20.087208816939977,34.937298415124886,1.12363936135076,8.836870383011302,0.9122512647834434,9.520920563163374,17.387447306850085,1.153042911166118,16.74866852836347,1.164640103268936
79,g_s04_k04_from_d20_d26_d34_add_d09,"9,20,26,34",direct full-sequence ATE forward-greedy trial,0,0.9965095986038395,16.7489,18.2699,2.3994,21.81805523425852,20.087208816939977,34.937298415124886,1.12363936135076,8.836870383011302,0.9122512647834434,9.520920563163374,17.387447306850085,1.153042911166118,16.74866852836347,1.164640103268936
80,g_s04_k04_from_d20_d26_d34_add_d13,"13,20,26,34",direct full-sequence ATE forward-greedy trial,0,0.9965095986038395,16.7489,18.2699,2.3994,21.81805523425852,20.087208816939977,34.937298415124886,1.12363936135076,8.836870383011302,0.9122512647834434,9.520920563163374,17.387447306850085,1.153042911166118,16.74866852836347,1.164640103268936
81,g_s02_k04_from_d26_d51_d63_add_d24,"24,26,51,63",direct full-sequence ATE forward-greedy trial,0,0.9965095986038395,16.869,17.8735,1.8026,19.594653043045028,18.039103018632236,33.006245331768206,1.2391865017260324,12.464913738220664,0.8734877579164521,9.342603896071983,16.572967183042206,1.1048688748492113,16.897441250298396,1.1225242997195115
82,g_s04_k06_from_d15_d20_d26_d34_d45_add_d17,"15,17,20,26,34,45",direct full-sequence ATE forward-greedy trial,0,0.9965095986038395,16.8707,19.082,1.8041,19.935637341147057,18.10001901526633,37.5771818860584,2.430374771795511,52.29043370709535,1.7424930194186619,37.88506921510587,18.089692834057626,1.002386161595195,16.845466900925867,1.015391342179253
83,g_s02_k03_from_d26_d51_add_d42,"26,42,51",direct full-sequence ATE forward-greedy trial,0,0.9965095986038395,16.888,17.477,1.5834000000000001,18.223975338313796,17.28474226121856,30.81846240079431,1.1986427057410896,11.86953780716066,0.8078018668308035,10.774882017091274,16.37432113918989,1.0800482699400578,16.915583702489812,1.0867957218493465
84,r_k05_0092_d05_d17_d38_d42_d63,"5,17,38,42,63",budget-matched cardinality-stratified random full-sequence control,0,0.9965095986038395,16.9123,17.7016,2.429,19.67618734282366,18.990050394324783,33.17834308904957,1.3561850892075935,16.559559745025894,0.9790731214864671,8.510446769189775,17.590162953702023,1.0949214371217644,16.91525932800663,1.1039944698730104
85,g_s01_k03_from_d33_d52_add_d25,"25,33,52",direct full-sequence ATE forward-greedy trial,0,0.9965095986038395,16.9316,18.2451,1.7895999999999999,19.411311088519582,17.919735393717442,29.42540921197204,1.0941544805199954,11.538327805895287,0.8143339602732095,12.588409357935033,16.769266669536155,1.08926986304008,16.934358721469128,1.1014280292584493
86,g_s01_k03_from_d33_d52_add_d27,"27,33,52",direct full-sequence ATE forward-greedy trial,0,0.9965095986038395,16.950699999999998,17.6656,1.6555,19.306749201327506,18.62254018370165,27.691141586312877,1.0071591443040098,5.764517150954853,0.60814879714054,4.179830400170952,17.313912656841683,1.0922821573809698,16.957635613319404,1.09994038218237
87,g_s03_k03_from_d23_d59_add_d24,"23,24,59",direct full-sequence ATE forward-greedy trial,0,0.9965095986038395,16.9899,18.229400000000002,2.0736,19.40084739992539,17.76585909014404,34.13401262428305,1.4706138522615184,22.768080756028354,1.1031548032550247,16.467839655775414,17.076280758770224,1.0839291213962499,16.978206880002695,1.101923786893333
88,g_s01_k04_from_d29_d33_d52_add_d24,"24,29,33,52",direct full-sequence ATE forward-greedy trial,0,0.9965095986038395,17.1526,18.0781,2.1005,20.505141761044655,19.573523185822317,31.877259506642087,1.4608640701575948,17.6437860548928,0.9642253945412464,14.362325441827997,16.909376248853636,1.1327948290109557,17.185001528127547,1.1421008775639474
89,g_s03_k06_from_d23_d24_d40_d59_d63_add_d30,"23,24,30,40,59,63",direct full-sequence ATE forward-greedy trial,0,0.9965095986038395,17.1583,19.0167,2.0167,20.833871527598475,19.453008019072648,31.733838685815513,1.2537391679868235,11.665358260072821,0.7836454127917974,6.734638130930699,18.353688674764093,1.0746000633538346,17.16456761623732,1.0925691618477231
90,g_s03_k06_from_d23_d24_d40_d59_d63_add_d00,"0,23,24,40,59,63",direct full-sequence ATE forward-greedy trial,0,0.9965095986038395,17.183999999999997,18.8561,2.152,21.048812060250594,19.862939111401733,29.683734561662682,1.4423748029614667,18.179753169732383,0.9701381001619386,11.069075209717235,18.899359707919754,1.072924158257769,17.169012587795617,1.1041914838458342
91,g_s01_k05_from_d29_d31_d33_d52_add_d20,"20,29,31,33,52",direct full-sequence ATE forward-greedy trial,0,0.9965095986038395,17.2439,18.0928,2.2819,20.20909136515103,18.917655645943036,32.77297617193946,1.3821966254575109,15.857505264896442,0.865119634707463,12.503699955368578,16.467319585339418,1.1332133104935636,17.281561393589865,1.1425298518465055
92,g_pair_seed_sweep_d06_d31,"6,31",exhaustive two-channel full-sequence seed sweep (all_singletons_failed),0,0.9965095986038395,17.2591,18.4054,1.9748,19.062922628204642,17.746134907613918,30.882941551430914,1.4563521771176682,14.045105068834957,0.9606288611272712,11.2902757360692,17.305171862958048,1.0566497327786768,17.2816593613656,1.0712690313018658
93,g_s01_k03_from_d33_d52_add_d17,"17,33,52",direct full-sequence ATE forward-greedy trial,0,0.9965095986038395,17.3398,17.7849,1.6955000000000002,19.22701402254138,18.292648365697204,28.961429477294587,1.0260703633692876,7.413807742762363,0.6584243906303437,6.487313187532038,16.89826559781968,1.10634735468692,17.35867640583859,1.111085870611054
94,g_pair_seed_sweep_d25_d33,"25,33",exhaustive two-channel full-sequence seed sweep (all_singletons_failed),0,0.9965095986038395,17.3612,18.9006,1.9469,19.229154649828327,17.812077311996088,33.838329650025834,1.283382726849295,11.673941740828903,0.9669992003669325,12.396999459986944,17.060281095469797,1.0608512497657085,17.36012011336428,1.0762982852351628
95,g_pair_seed_sweep_d20_d28,"20,28",exhaustive two-channel full-sequence seed sweep (all_singletons_failed),0,0.9965095986038395,17.3764,19.8582,3.9088,25.94224857794251,22.871089390821382,67.15036229219281,2.769775955384818,58.978638076511025,3.1686555238348966,73.17650174161746,19.95511978917371,1.1121483530991005,17.377844097106355,1.1654030471517096
96,g_s02_k05_from_d24_d26_d51_d63_add_d01,"1,24,26,51,63",direct full-sequence ATE forward-greedy trial,0,0.9965095986038395,17.3789,17.974999999999998,1.764,18.804439548455214,18.350007471703513,27.62929503085888,1.3071808162004657,14.40968553818472,0.837915718893368,7.902292943222567,17.695163118616815,1.0623289647578744,17.40161473752549,1.0761255284037101
97,g_s04_k04_from_d20_d26_d34_add_d46,"20,26,34,46",direct full-sequence ATE forward-greedy trial,0,0.9965095986038395,17.4089,19.3811,2.0307,20.927212260175672,19.61750765563209,36.002067563068216,1.3773172849102306,19.433458618758827,0.9234295124783973,14.997512010739475,19.019566962693897,1.060972145647386,17.385040911938656,1.0862019449234557
98,g_s03_k05_from_d23_d24_d40_d59_add_d34,"23,24,34,40,59",direct full-sequence ATE forward-greedy trial,0,0.9965095986038395,17.4588,18.840799999999998,2.0084999999999997,21.646405469354445,20.298252546426408,36.48008288671195,1.1177982784886082,7.632035910843976,0.7224857071265036,5.655164493525429,18.173416329221716,1.131359514533775,17.457645911757346,1.1524204720994315
99,g_s04_k03_from_d20_d26_add_d19,"19,20,26",direct full-sequence ATE forward-greedy trial,0,0.9965095986038395,17.5103,18.773300000000003,1.8953000000000002,20.262828377260906,18.78333159923393,29.765038255822546,1.2950831385832715,12.02080293876363,0.8454849239616504,8.542019811537454,17.9064905873785,1.0867525293571003,17.525764956957033,1.1047142822776448
100,g_s04_k03_from_d20_d26_add_d60,"20,26,60",direct full-sequence ATE forward-greedy trial,0,0.9965095986038395,17.5621,18.1158,1.7831,19.000475017824296,18.282067236476763,29.532464837097066,1.2533644577662824,13.157180686934487,0.864303442845477,8.416902106730168,17.415250309265325,1.0771333027742434,17.591236819010366,1.0847757000377172
101,g_s01_k03_from_d33_d52_add_d40,"33,40,52",direct full-sequence ATE forward-greedy trial,0,0.9965095986038395,17.563100000000002,18.4513,1.8065000000000002,20.128358246961973,19.066650225954916,30.565351446269784,1.1170478215994528,8.931832234618897,0.7085672084012324,7.609664566515511,17.59002135631283,1.106412102355884,17.5670890803959,1.1129943420881154
102,swap_k04_0199_d15_d19_d20_d26,"15,19,20,26",one-channel swap audit around provisional greedy endpoint,0,0.9965095986038395,17.5925,18.254,1.8455,19.597314876602432,19.116833622522915,26.185094627818916,1.082312919114805,7.43735867622841,0.764599788124368,9.140103818870617,18.173398189991577,1.072122835904084,17.60022319573145,1.086465597882342
103,g_s01_k04_from_d29_d33_d52_add_d05,"5,29,33,52",direct full-sequence ATE forward-greedy trial,0,0.9965095986038395,17.596400000000003,18.9222,2.6545,21.212908786986603,19.573881285005747,34.02538788607371,1.2518971575919131,12.828615354102658,0.7547253225058982,6.945491551242904,16.91185131862002,1.145373719199257,17.608595365756745,1.1548520521097991
104,g_s02_k03_from_d26_d51_add_d24,"24,26,51",direct full-sequence ATE forward-greedy trial,0,0.9965095986038395,17.6464,18.232799999999997,1.8772,19.1925710703581,18.41134588628666,34.9325042772556,1.4190613180446556,14.594330447217535,1.0218717986133,11.182131773709157,17.086818494373837,1.0891560269910414,17.68205678502392,1.0975723420821215
105,g_s02_k05_from_d24_d26_d51_d63_add_d20,"20,24,26,51,63",direct full-sequence ATE forward-greedy trial,0,0.9965095986038395,17.6696,18.223200000000002,1.973,19.36234756516008,18.435826807069613,31.51876901551967,1.250072829565814,13.62469668899301,0.8673717154166197,8.937246664143707,17.5127226270037,1.086689317325785,17.697756100226687,1.0955186097884837
106,g_s03_k04_from_d23_d24_d59_add_d39,"23,24,39,59",direct full-sequence ATE forward-greedy trial,0,0.9965095986038395,17.6788,19.1977,2.3008,20.710438783983314,19.490571197515184,32.247928118248396,1.351544292246658,13.414833244711282,0.9062286544564392,8.941198221036952,18.440459493565267,1.0839066988981503,17.666513560703432,1.1112157110720895
107,g_pair_seed_sweep_d19_d55,"19,55",exhaustive two-channel full-sequence seed sweep (all_singletons_failed),0,0.9965095986038395,17.6985,19.3608,1.8595000000000002,21.237414976052754,20.301739123320907,31.161457518757324,1.3345379600005942,15.101699876731308,0.7382580751946248,7.281028896180399,19.827360879829282,1.0485899985085694,17.697403797008317,1.0719096784576545
108,g_s01_k04_from_d29_d33_d52_add_d60,"29,33,52,60",direct full-sequence ATE forward-greedy trial,0,0.9965095986038395,17.7434,18.639,2.156,20.818027520357795,19.645965683172133,32.731705300068136,1.3453072844950478,16.24823710282238,0.9382547925230407,13.709338132688769,17.19968700763974,1.1316140327109234,17.7705006111567,1.1457338848029996
109,g_s01_k03_from_d33_d52_add_d32,"32,33,52",direct full-sequence ATE forward-greedy trial,0,0.9965095986038395,17.7613,19.022100000000002,1.6636000000000002,20.647548822696145,19.316041630045376,32.56254092740948,1.0215479198075477,4.7621259936095965,0.6061860477507836,3.433119127350762,17.725871708453603,1.1077798854365832,17.76274918135324,1.1152151315420915
110,g_pair_seed_sweep_d01_d63,"1,63",exhaustive two-channel full-sequence seed sweep (all_singletons_failed),0,0.9965095986038395,17.7714,18.5421,1.7549,19.66990600855922,19.089336357574325,26.85117008243524,1.1436229573199832,7.136820565487363,0.7785722975207802,6.654640364227502,18.008356413653175,1.0760873931968313,17.78816937602103,1.0898125860341212
111,g_s02_k04_from_d26_d51_d63_add_d05,"5,26,51,63",direct full-sequence ATE forward-greedy trial,0,0.9965095986038395,17.876900000000003,19.752200000000002,1.9029999999999998,21.09722111282121,19.677119991458376,35.5069121611193,1.2842944610798772,15.345221003194979,0.7629067523989228,7.060744086327573,18.918824481898383,1.0727820860237847,17.88175605243057,1.0928697507572838
112,g_pair_seed_sweep_d53_d63,"53,63",exhaustive two-channel full-sequence seed sweep (all_singletons_failed),0,0.9965095986038395,17.9101,19.6665,2.1736,21.77115811581812,20.53664613269287,31.916504265523542,1.2366780077196062,10.100421627396587,0.7600917602971181,8.422813755009003,19.12495247329496,1.0882895815680589,17.918399689409377,1.114219306200688
113,g_s03_k06_from_d23_d24_d40_d59_d63_add_d05,"5,23,24,40,59,63",direct full-sequence ATE forward-greedy trial,0,0.9965095986038395,17.9744,19.1815,2.7507,21.87624526899061,19.847458675863283,37.412103889380546,1.2843586754117398,12.004228805802635,0.9774641454011215,12.43977931208945,17.551265923824403,1.1487326792129646,17.989707722001235,1.1627496609193535
114,g_s03_k05_from_d23_d24_d40_d59_add_d03,"3,23,24,40,59",direct full-sequence ATE forward-greedy trial,0,0.9965095986038395,18.0344,19.6725,2.1618,23.081332161013858,21.173569263412436,50.64248059842279,1.2387767839384698,9.472671410877984,0.9724198171282992,9.529955790804266,19.165641794268108,1.1432997118880321,18.021560715441986,1.1680437812058553
115,swap_k04_0092_d15_d26_d34_d35,"15,26,34,35",one-channel swap audit around provisional greedy endpoint,0,0.9965095986038395,18.0395,18.7055,1.577,20.14982711534558,19.597543380375885,32.000241817751146,1.271973932841491,17.95025438645342,0.8461408767253217,10.238827747920322,18.18790114668651,1.0885821258324173,18.067502677257284,1.096741434096046
116,g_s03_k04_from_d23_d24_d59_add_d27,"23,24,27,59",direct full-sequence ATE forward-greedy trial,0,0.9965095986038395,18.0448,19.798199999999998,2.7307,21.283236382495776,19.50877660539405,39.59741315361963,1.5101014211757204,23.728047553588087,1.0973699516077264,17.70155919855802,17.715818779230055,1.112682039315445,18.039642532546026,1.127088595217301
117,swap_k04_0139_d15_d19_d20_d34,"15,19,20,34",one-channel swap audit around provisional greedy endpoint,0,0.9965095986038395,18.0488,19.4343,2.1984,21.120275733223178,19.81393247628317,33.524155670401775,1.252194988387061,15.926546527178557,0.7481948997280985,8.399837165904026,18.24274440734274,1.1069657697773547,18.059292990504698,1.120813190180488
118,g_s01_k04_from_d29_d33_d52_add_d00,"0,29,33,52",direct full-sequence ATE forward-greedy trial,0,0.9965095986038395,18.05,20.933699999999998,2.3165,23.527737049935833,22.32175642013389,36.40411498343224,1.460363335139153,16.349848265955313,0.9632979192015686,14.28809773952858,21.271700809342153,1.0657159737317514,18.0373363367412,1.1024819817404563
119,g_pair_seed_sweep_d22_d23,"22,23",exhaustive two-channel full-sequence seed sweep (all_singletons_failed),0,0.9965095986038395,18.0511,18.6365,1.92,18.969161401039823,18.43931526193264,26.81972510757823,1.5413226906557675,25.823511192889516,0.8785930270235951,11.477888539823367,18.173523289798727,1.0384639446263586,18.068053123480578,1.0379086032537392
120,g_s01_k06_from_d29_d31_d33_d52_d55_add_d24,"24,29,31,33,52,55",direct full-sequence ATE forward-greedy trial,0,0.9965095986038395,18.0538,19.0136,2.3245999999999998,21.150973545767993,19.79085921098714,35.396487955739865,1.4553316163028207,17.58493315479102,0.9256820076749188,15.19377145460473,16.94919110035534,1.1448134679696167,18.09721273082894,1.1516448521394196
121,g_pair_seed_sweep_d22_d26,"22,26",exhaustive two-channel full-sequence seed sweep (all_singletons_failed),0,0.9965095986038395,18.1327,18.473,1.9217000000000002,19.57420118310725,19.123063017034497,27.09844527441519,1.4248922100659491,18.96767165322214,0.9613914499092288,11.329312660107986,18.061390878405675,1.0850166137759973,18.144643481718457,1.0969843730986775
122,g_pair_seed_sweep_d15_d63,"15,63",exhaustive two-channel full-sequence seed sweep (all_singletons_failed),0,0.9965095986038395,18.135299999999997,19.2499,2.0939,21.17597387771228,20.330606631936966,30.750465238065978,1.262875206708226,12.528148664638891,0.7467153488194593,7.692494214297321,19.231242396534704,1.079983611483104,18.136637733646346,1.098739860201053
123,g_s03_k06_from_d23_d24_d40_d59_d63_add_d34,"23,24,34,40,59,63",direct full-sequence ATE forward-greedy trial,0,0.9965095986038395,18.1599,19.322,2.7616,22.510957162729976,21.15455331541464,37.2176513260283,1.4309705535611197,18.03610802017872,0.8333364779818685,10.251174937519792,18.264221878395784,1.1524456601718653,18.156105155517302,1.173237447505377
124,r_k04_0086_d05_d22_d31_d35,"5,22,31,35",budget-matched cardinality-stratified random full-sequence control,0,0.9965095986038395,18.1608,19.67,2.6248,22.1179116523042,20.38020410290677,41.011489122588465,1.337702729082487,16.51644103945878,0.7992628625129657,9.14209650522318,18.136434672325827,1.1374719943092635,18.16496294314288,1.149949391645223
125,g_s03_k04_from_d23_d24_d59_add_d22,"22,23,24,59",direct full-sequence ATE forward-greedy trial,0,0.9965095986038395,18.174599999999998,19.078300000000002,2.682,20.41753116475027,19.092711802636853,34.541231587141006,1.387114822749206,15.455711360270982,0.9439118631745435,11.044208403805127,17.299046840240003,1.1151113851323686,18.19517758833688,1.1212078014696147
126,g_s01_k03_from_d33_d52_add_d28,"28,33,52",direct full-sequence ATE forward-greedy trial,0,0.9965095986038395,18.1751,18.8056,1.8117,20.506231973541333,19.710681652261126,30.04153223807371,1.244462071498502,14.699235146439113,0.6222353402467958,4.1580903655495725,17.769504852306138,1.1157485213958638,18.19205675700642,1.1134372280086577
127,r_k05_0131_d09_d11_d15_d22_d53,"9,11,15,22,53",budget-matched cardinality-stratified random full-sequence control,0,0.9965095986038395,18.1917,19.9056,2.6359,22.67502268986532,20.825549467758115,37.924798301511316,1.4968112781467928,21.60254839218056,0.875031693125099,10.213006988752564,18.456300396993544,1.145297831586291,18.18186002443387,1.1607811166737245
128,g_s01_k03_from_d33_d52_add_d35,"33,35,52",direct full-sequence ATE forward-greedy trial,0,0.9965095986038395,18.2468,19.5669,2.5702,22.860077416267437,21.191597501238835,34.38920073585672,1.734998680768394,27.787721455027015,1.4664816810512589,26.581377896888316,19.09180906900288,1.1315750233124875,18.271653806803418,1.151076436095857
129,g_s03_k06_from_d23_d24_d40_d59_d63_add_d08,"8,23,24,40,59,63",direct full-sequence ATE forward-greedy trial,0,0.9965095986038395,18.2536,19.8461,2.5596,22.159198838604368,20.65159504724481,35.02537801870267,1.2514999299358844,10.481473969037976,0.8564459141321784,8.353811108335057,18.475703844747997,1.1248137487320544,18.266208107695476,1.1473376448973098
130,r_k05_0094_d05_d20_d35_d46_d49,"5,20,35,46,49",budget-matched cardinality-stratified random full-sequence control,0,0.9965095986038395,18.2548,19.9772,2.3715,22.77858703684925,20.8621914402305,38.41027888626938,1.1905797562537004,12.697932433863258,0.7884628415442199,8.06914453083515,18.342050134369263,1.147308776989362,18.266072333265498,1.1669529170175659
131,r_k04_0043_d02_d20_d26_d30,"2,20,26,30",budget-matched cardinality-stratified random full-sequence control,0,0.9965095986038395,18.2818,19.7594,2.8958999999999997,22.8492484872702,21.358547630366562,36.33786155490647,1.2381160472837132,13.158971333652019,0.866452851346993,10.104102342913965,19.077730910487496,1.142259164253233,18.285429885867707,1.1572789091333953
132,g_s02_k04_from_d26_d51_d63_add_d59,"26,51,59,63",direct full-sequence ATE forward-greedy trial,0,0.9965095986038395,18.2874,18.8327,1.559,19.589868127354837,18.955682661359422,32.68099070010388,1.120391288508868,9.071138761902658,0.7190863764483832,7.288914802124027,17.903400135751284,1.080786551766873,18.32103764762174,1.0890714109951491
133,g_pair_seed_sweep_d24_d52,"24,52",exhaustive two-channel full-sequence seed sweep (all_singletons_failed),0,0.9965095986038395,18.2988,19.9184,2.1413,22.097469491591376,21.103495699164103,36.737161897847834,1.606832346099906,18.934705537178164,0.9619396355462615,10.883403226564361,19.074640760273027,1.1031382015719995,18.286160715150366,1.1210498914079885
134,g_s03_k05_from_d23_d24_d40_d59_add_d00,"0,23,24,40,59",direct full-sequence ATE forward-greedy trial,0,0.9965095986038395,18.330199999999998,20.765,2.1183,22.67658906994862,21.23402527653276,36.72074023677895,1.3322854764443197,13.44070596313997,0.9410687303749593,9.43815005366915,20.59572765858059,1.0485552376139542,18.31568932691397,1.0807104671465557
135,g_s03_k06_from_d23_d24_d40_d59_d63_add_d27,"23,24,27,40,59,63",direct full-sequence ATE forward-greedy trial,0,0.9965095986038395,18.429599999999997,20.8256,2.8424,21.697795230541242,19.689876984092436,42.99534433174125,1.7442772995441973,31.567816932670933,1.1615883253241548,21.177898646046472,18.937417081022797,1.066405998225166,18.405545620999167,1.0872612203025154
136,g_s01_k04_from_d29_d33_d52_add_d42,"29,33,42,52",direct full-sequence ATE forward-greedy trial,0,0.9965095986038395,18.465400000000002,19.0797,2.3627,20.79424191324542,20.0763942929111,30.246354876612084,1.0560082547319052,4.833357127290109,0.7187201848570399,6.272615666930746,18.141340303969145,1.1181268975112693,18.481408871082674,1.1240650094642406
137,g_s04_k04_from_d20_d26_d34_add_d03,"3,20,26,34",direct full-sequence ATE forward-greedy trial,0,0.9965095986038395,18.4663,19.2596,2.3548,22.217676831719444,21.085075414181613,34.507791424471826,1.2043399929471152,14.8390292485492,0.8438250073534171,9.076988425420259,18.774316329529608,1.142471083930458,18.478175376698484,1.1528136905376432
138,g_pair_seed_sweep_d01_d25,"1,25",exhaustive two-channel full-sequence seed sweep (all_singletons_failed),0,0.9965095986038395,18.5433,21.0539,3.1036,21.894402919607657,19.314748352934053,39.568463131273376,1.7601974703629069,18.72212608688858,1.151327035903903,12.629642626276823,17.8867583921172,1.100122834447668,18.537206775052535,1.1271559179398694
139,g_pair_seed_sweep_d06_d25,"6,25",exhaustive two-channel full-sequence seed sweep (all_singletons_failed),0,0.9965095986038395,18.5529,19.9132,2.2398000000000002,20.416171835747484,18.656386911222768,31.62083485591775,1.4479184168935775,19.76738877590989,1.0009438353341238,15.813274134891783,17.80050446532767,1.0822874828103377,18.559578815622995,1.097699682285988
140,r_k06_0204_d17_d19_d24_d31_d45_d63,"17,19,24,31,45,63",budget-matched cardinality-stratified random full-sequence control,0,0.9965095986038395,18.5663,19.4084,1.7080000000000002,20.858254437151487,20.43191053204924,28.40274665961345,1.170352407516873,13.453181554313781,0.7845038134883203,9.369626455848309,19.742942544173157,1.0555656607254957,18.561306759436036,1.0775365955680083
141,g_s03_k05_from_d23_d24_d40_d59_add_d45,"23,24,40,45,59",direct full-sequence ATE forward-greedy trial,0,0.9965095986038395,18.5773,19.2805,2.3968,20.82528467918017,19.518597382352585,33.62042910622311,1.2468034296593544,12.444376344535844,0.8307701775947662,8.763609237114443,17.89847513585094,1.115407837027216,18.601531050534994,1.1253955119330108
142,g_s04_k04_from_d20_d26_d34_add_d58,"20,26,34,58",direct full-sequence ATE forward-greedy trial,0,0.9965095986038395,18.6082,19.2195,2.2553,21.715447428994914,20.588322027825974,32.618474699498066,1.0939707029899473,6.568171122653108,0.8493545560306153,8.591265417414341,18.47477055341318,1.1360139659779778,18.630817952733935,1.1422958966505223
143,g_s03_k05_from_d23_d24_d40_d59_add_d19,"19,23,24,40,59",direct full-sequence ATE forward-greedy trial,0,0.9965095986038395,18.626,20.3988,2.2857,21.33691244390243,19.95529078874142,37.5416149899906,1.4553923385579097,20.761827136803433,0.8814460405063085,11.981518085623998,19.269468830111617,1.0642116967927193,18.62993591234677,1.0848528537023256
144,r_k05_0217_d24_d26_d31_d48_d50,"24,26,31,48,50",budget-matched cardinality-stratified random full-sequence control,0,0.9965095986038395,18.668699999999998,19.606299999999997,1.9961,21.8851847889376,21.10072566148162,33.243452030873115,1.3410182851249106,15.37293949315158,0.8785371411848797,9.828653694712713,19.842561633508634,1.0884751675831232,18.655667278700562,1.1161257302973158
145,g_s04_k03_from_d20_d26_add_d01,"1,20,26",direct full-sequence ATE forward-greedy trial,0,0.9965095986038395,18.6994,19.1828,1.6695000000000002,19.65875636257784,19.21719049861212,30.66544759058194,1.1564988461622328,12.239453203988159,0.7285481102209634,7.653159302502615,18.305986220876264,1.071423201691051,18.728129095193346,1.0748797974528004
146,g_s04_k03_from_d20_d26_add_d08,"8,20,26",direct full-sequence ATE forward-greedy trial,0,0.9965095986038395,18.7001,19.4021,2.2393,21.100402358723656,20.62547611305279,31.087693164805675,1.1738575978640446,9.10398557558107,0.834700297491109,8.495364844048547,19.376978849227875,1.0842110968547767,18.700808596035902,1.1022383199327377
147,g_s01_k05_from_d29_d31_d33_d52_add_d32,"29,31,32,33,52",direct full-sequence ATE forward-greedy trial,0,0.9965095986038395,18.7259,19.994799999999998,2.4998,21.344373899002132,20.140536009626175,35.15304552621383,1.2822622397376193,14.318217811719054,0.7215518618413518,8.350875709368319,18.607383402294953,1.1021593581069122,18.73556465470477,1.1160482242154601
148,r_k05_0182_d15_d19_d27_d45_d57,"15,19,27,45,57",budget-matched cardinality-stratified random full-sequence control,0,0.9965095986038395,18.732499999999998,19.7201,1.9989,20.811302152142446,19.953340250580823,31.421678083727883,1.3269210020068942,17.14006665907126,0.8250307687927249,9.234102447211855,18.993068335110554,1.0747335118492896,18.74752564853339,1.0936069080930972
149,r_k04_0212_d25_d26_d36_d39,"25,26,36,39",budget-matched cardinality-stratified random full-sequence control,0,0.9965095986038395,18.7467,20.1759,2.64,22.78940946043066,21.10273894753128,38.36814674490951,1.4513182961056132,18.727675558634296,0.937141781745103,11.036064412919375,19.71322132964151,1.115451832496624,18.741083701106874,1.14187810345425
150,g_pair_seed_sweep_d15_d24,"15,24",exhaustive two-channel full-sequence seed sweep (all_singletons_failed),0,0.9965095986038395,18.7943,19.5078,3.6135,23.11247604661033,21.215797199812126,41.555213646269436,2.1413966811475764,33.99761792810405,1.0856804703091447,15.510269815289224,18.763882449946458,1.1692727050048177,18.806143515380352,1.172262958377069
151,g_s02_k05_from_d24_d26_d51_d63_add_d36,"24,26,36,51,63",direct full-sequence ATE forward-greedy trial,0,0.9965095986038395,18.8077,19.4267,2.3218,20.314864870759276,19.70042986900198,32.76121975741362,1.3628081520157818,19.16829046093098,0.8413599814787437,8.90276214858801,18.63117783406173,1.0801716441956402,18.835009705716303,1.0926240325834367
152,g_s02_k05_from_d24_d26_d51_d63_add_d38,"24,26,38,51,63",direct full-sequence ATE forward-greedy trial,0,0.9965095986038395,18.8077,19.4267,2.3218,20.314864870759276,19.70042986900198,32.76121975741362,1.3628081520157818,19.16829046093098,0.8413599814787437,8.90276214858801,18.63117783406173,1.0801716441956402,18.835009705716303,1.0926240325834367
153,g_s02_k05_from_d24_d26_d51_d63_add_d48,"24,26,48,51,63",direct full-sequence ATE forward-greedy trial,0,0.9965095986038395,18.8077,19.4267,2.3218,20.314864870759276,19.70042986900198,32.76121975741362,1.3628081520157818,19.16829046093098,0.8413599814787437,8.90276214858801,18.63117783406173,1.0801716441956402,18.835009705716303,1.0926240325834367
154,swap_k04_0127_d06_d15_d20_d34,"6,15,20,34",one-channel swap audit around provisional greedy endpoint,0,0.9965095986038395,18.839,19.686,1.9796999999999998,21.350018218580434,20.672968305974475,30.79177551545232,0.9661930346762324,4.164362524241122,0.5751947764899054,2.167717225135074,19.198866919348827,1.1001468842378894,18.84070184910095,1.1110960714820226
155,g_s03_k06_from_d23_d24_d40_d59_d63_add_d50,"23,24,40,50,59,63",direct full-sequence ATE forward-greedy trial,0,0.9965095986038395,18.8402,20.9861,2.5774,22.953411097755406,21.604506988250325,37.737740267813486,1.3452190478960269,10.647058861092585,0.8999142647057042,8.59294738045389,20.184159998631188,1.0923357599656474,18.817822759147145,1.1224813088441026
156,g_s01_k04_from_d29_d33_d52_add_d22,"22,29,33,52",direct full-sequence ATE forward-greedy trial,0,0.9965095986038395,18.8573,19.8505,2.664,22.002230995616838,20.422225809729035,36.98473326415542,1.493790086570768,21.579070343617705,0.7941498424590147,8.409613048083415,17.8404718279951,1.147965110083892,18.88812028064804,1.1619014795507039
157,r_k03_0186_d18_d40_d52,"18,40,52",budget-matched cardinality-stratified random full-sequence control,0,0.9965095986038395,18.8693,20.5722,2.0472,21.835457984596076,20.425530653569524,42.81650929971973,1.644701716261971,19.579044926544956,1.0858366945846065,15.493538006263535,20.31205868218908,1.0180951613000797,18.838359493219873,1.027391556311095
158,g_pair_seed_sweep_d05_d15,"5,15",exhaustive two-channel full-sequence seed sweep (all_singletons_failed),0,0.9965095986038395,18.9502,19.336100000000002,2.5692,21.66498140635909,20.700217072550963,35.94785062641128,1.3368852911802627,12.799744371170837,0.8607998144031075,9.751592635521545,18.880458853002597,1.1322028212642095,18.95597603029043,1.1390537064158182
159,r_k03_0210_d26_d29_d41,"26,29,41",budget-matched cardinality-stratified random full-sequence control,0,0.9965095986038395,19.028200000000002,20.1886,2.8837,23.678520638496565,22.224375853200577,38.77622678700609,1.3928363429413766,20.289570158208498,0.9430668495775882,11.193345059885704,19.589210637779548,1.1597626858948262,19.038740191435757,1.1712522249518396
160,g_s01_k04_from_d29_d33_d52_add_d08,"8,29,33,52",direct full-sequence ATE forward-greedy trial,0,0.9965095986038395,19.0958,21.5178,2.4222,23.98830969117512,22.690015580443855,41.624654370856824,1.501429904788603,15.176553387052502,0.9471860677677721,11.719415791125988,21.322803680019028,1.0880460244394885,19.078817493564145,1.123349775319578
161,g_pair_seed_sweep_d16_d25,"16,25",exhaustive two-channel full-sequence seed sweep (all_singletons_failed),0,0.9965095986038395,19.0959,20.2425,2.2843999999999998,21.493703520694556,20.166224081939877,33.08316973796088,1.37769738708054,16.122651563603032,0.736676026635679,7.632382389994162,18.951195529160703,1.0926983924878662,19.1070606425798,1.1165807814949307
162,g_s01_k03_from_d33_d52_add_d19,"19,33,52",direct full-sequence ATE forward-greedy trial,0,0.9965095986038395,19.1074,20.9056,1.625,22.45502824436745,21.451128089079877,41.643997744021036,1.5746346885084967,28.00545216426728,1.1710476008282615,23.156847466506523,20.95403101644087,1.0486646135289035,19.087292546694133,1.0775401046644613
163,g_s01_k05_from_d29_d31_d33_d52_add_d50,"29,31,33,50,52",direct full-sequence ATE forward-greedy trial,0,0.9965095986038395,19.1111,20.038600000000002,2.4293,22.456910635767642,21.675826645309375,35.517112476700866,1.2452662248870354,11.822975850882063,0.7637341762185891,8.981001067987767,19.665106641740955,1.1228046415756856,19.112768305585,1.1390534282314229
164,g_pair_seed_sweep_d26_d52,"26,52",exhaustive two-channel full-sequence seed sweep (all_singletons_failed),0,0.9965095986038395,19.1416,20.9197,2.278,22.857350058890248,22.00794215379223,34.90904370911468,1.6672229763487658,26.18353220800598,0.8767259369133138,11.818799071676398,20.77814385900225,1.069634429085733,19.10914299694253,1.0967347947902835
165,g_pair_seed_sweep_d06_d30,"6,30",exhaustive two-channel full-sequence seed sweep (all_singletons_failed),0,0.9965095986038395,19.1834,20.5564,1.9881,21.51061912792992,20.275413289422076,35.516061524383176,1.2078670634060342,8.287787688857758,0.7828562285203645,10.475438483926773,19.671133145005236,1.062565893898514,19.185122050587843,1.0820889982592077
166,g_s03_k05_from_d23_d24_d40_d59_add_d30,"23,24,30,40,59",direct full-sequence ATE forward-greedy trial,0,0.9965095986038395,19.1984,20.371,1.9272,21.90634210655173,20.87405107627072,34.16014254139564,1.3345039925654976,13.041933016157373,0.9616654276968848,9.129451700492773,20.281178999968596,1.063824107677065,19.191721953657062,1.090632411428416
167,r_k04_0101_d06_d36_d55_d60,"6,36,55,60",budget-matched cardinality-stratified random full-sequence control,0,0.9965095986038395,19.2061,20.339399999999998,2.1475999999999997,21.58266082636075,20.453711918376584,39.12423950659643,1.231421088076119,15.801652267995363,0.8426617753901994,11.142159746454436,19.235430457215205,1.0951181150388438,19.211575494614657,1.109501113531342
168,g_pair_seed_sweep_d33_d51,"33,51",exhaustive two-channel full-sequence seed sweep (all_singletons_failed),0,0.9965095986038395,19.2686,19.6764,1.8328,21.683463157203207,20.714535096834716,34.2748363515102,1.0474680695839147,5.477565088758456,0.6589538895921646,4.574886002123769,18.64503502232382,1.13460897794857,19.291046501825797,1.1410145056354932
169,g_s02_k04_from_d26_d51_d63_add_d42,"26,42,51,63",direct full-sequence ATE forward-greedy trial,0,0.9965095986038395,19.2705,19.7493,1.7252,20.91236266386763,20.103936664644582,31.752134675458727,1.2885035247232086,18.65912578497848,0.8384984712846693,12.61284774972693,18.962155620993496,1.0964430839109585,19.294662415348835,1.109007185162742
170,g_s03_k06_from_d23_d24_d40_d59_d63_add_d19,"19,23,24,40,59,63",direct full-sequence ATE forward-greedy trial,0,0.9965095986038395,19.2998,20.6515,1.6319,21.825205128990607,20.908607754721515,36.75183152158554,1.6095912967988297,26.324191593756723,1.2753871182862055,23.90345388912875,20.41852444371687,1.0586835210535896,19.28637724527374,1.0834333514596008
171,g_s04_k03_from_d20_d26_add_d42,"20,26,42",direct full-sequence ATE forward-greedy trial,0,0.9965095986038395,19.323999999999998,19.9968,2.0218,20.73924093897012,19.963957665719747,30.49464118224554,1.4577749642320033,20.873214946710174,0.9678688771605253,13.076206467538897,19.39269826847348,1.0644972211462955,19.34706545372252,1.0680015418641657
172,g_s01_k04_from_d29_d33_d52_add_d56,"29,33,52,56",direct full-sequence ATE forward-greedy trial,0,0.9965095986038395,19.3374,20.0875,2.4539,21.25296912466216,20.24425476973592,33.119799335250775,1.2227558054494765,12.242470771962493,0.7545556709989932,6.356802748541919,18.50079475530929,1.114841306773658,19.36536423074005,1.1235139054931484
173,g_s01_k06_from_d29_d31_d33_d52_d55_add_d25,"25,29,31,33,52,55",direct full-sequence ATE forward-greedy trial,0,0.9965095986038395,19.345399999999998,20.2512,2.4822,21.644281317579953,20.406963866390328,35.04988758723137,1.2118861449029028,15.08520751202905,0.6820400058831484,4.628620373245803,18.56792334740883,1.1215487739265728,19.373009714397263,1.135776949504698
174,g_s01_k05_from_d29_d31_d33_d52_add_d63,"29,31,33,52,63",direct full-sequence ATE forward-greedy trial,0,0.9965095986038395,19.3521,19.877,2.1279,21.224298297510654,20.202144767025736,33.73871552801803,1.2706178351906168,16.71781304539316,0.9153064680739951,14.824091940329932,19.1065234798225,1.100586356069233,19.378908857953533,1.1144954506326845
175,g_s02_k04_from_d26_d51_d63_add_d01,"1,26,51,63",direct full-sequence ATE forward-greedy trial,0,0.9965095986038395,19.3572,19.7077,1.6504,20.246980327876905,19.76881132500478,31.181329296076882,1.132226854317363,9.657564854546205,0.7379237438117997,8.517583454844104,18.975337276911407,1.0735082701544,19.384181813786217,1.0808338021734187
176,g_pair_seed_sweep_d15_d52,"15,52",exhaustive two-channel full-sequence seed sweep (all_singletons_failed),0,0.9965095986038395,19.3656,20.200699999999998,1.9578000000000002,20.65717880170512,19.676523612839716,33.15906430186594,1.2678651416141138,15.326223979813589,0.9182658472262066,11.127531012616561,18.740194604976164,1.07581187519493,19.372911667997528,1.0795252956292134
177,r_k06_0208_d17_d24_d48_d52_d56_d58,"17,24,48,52,56,58",budget-matched cardinality-stratified random full-sequence control,0,0.9965095986038395,19.377,20.640700000000002,2.7588999999999997,22.94960149624015,21.83004979371636,44.90123813505845,1.6978756064498834,20.493300846539825,1.0960580530947186,10.875504787061724,20.75602103306669,1.0993014254901379,19.375896080270184,1.1272016017113713
178,swap_k04_0231_d15_d20_d26_d54,"15,20,26,54",one-channel swap audit around provisional greedy endpoint,0,0.9965095986038395,19.409599999999998,20.2094,2.9059,22.681172547400763,21.29433094944949,36.282111870591976,1.2076436374133295,14.68869790819489,0.8462456389651108,9.572750476124718,19.027746115119047,1.1483010758230532,19.428942713086997,1.1502808772769386
179,g_pair_seed_sweep_d28_d33,"28,33",exhaustive two-channel full-sequence seed sweep (all_singletons_failed),0,0.9965095986038395,19.4113,19.9422,1.7756999999999998,21.648930243851762,20.545827895059013,35.309053541182365,1.153287622092691,12.00863421215763,0.6415848759797759,4.827951297515904,18.317865390637746,1.136062396680546,19.440146811043483,1.141465659865665
180,g_pair_seed_sweep_d05_d57,"5,57",exhaustive two-channel full-sequence seed sweep (all_singletons_failed),0,0.9965095986038395,19.4362,20.1001,1.8499999999999999,20.822286919375742,20.109078432630582,30.891250541612337,1.172401866124562,8.70112811159415,0.7391585592479555,8.278990946059757,19.550585567032496,1.0626781133976388,19.445803866106907,1.0771112661105267
181,g_s02_k05_from_d24_d26_d51_d63_add_d60,"24,26,51,60,63",direct full-sequence ATE forward-greedy trial,0,0.9965095986038395,19.445,20.3814,2.1045000000000003,21.092010253176742,19.942173714377965,33.170608038248794,1.4555900200026683,20.256252694625267,0.9767755419443939,14.296694592492981,18.92621254508184,1.087313521135931,19.474271776156556,1.0936224588026504
182,g_s03_k05_from_d23_d24_d40_d59_add_d08,"8,23,24,40,59",direct full-sequence ATE forward-greedy trial,0,0.9965095986038395,19.4498,21.4639,2.5170000000000003,23.60741882558013,22.3784028306322,36.42920800954557,1.4483907788159798,11.008197803702782,0.9285962419427125,9.537687388789958,20.902320754969082,1.0950205852096984,19.42835836324027,1.128913569353155
183,r_k05_0093_d05_d18_d25_d29_d34,"5,18,25,29,34",budget-matched cardinality-stratified random full-sequence control,0,0.9965095986038395,19.4643,20.5118,2.1749,21.62867144439045,20.7076098042787,31.841982640021353,1.0756302289868773,6.910504520896422,0.7682941164825914,8.026742303137484,19.60072463571818,1.0913605178834151,19.462134964589957,1.1082319866708878
184,g_s04_k04_from_d20_d26_d34_add_d21,"20,21,26,34",direct full-sequence ATE forward-greedy trial,0,0.9965095986038395,19.500600000000002,20.8059,2.4894,22.24415530622835,20.616181652636463,33.08025894091097,1.0374259688805338,7.177000879124641,0.7663923488304718,7.873277952973782,19.292805138549348,1.109565630682079,19.511363258326742,1.123444762160556
185,g_s01_k03_from_d33_d52_add_d05,"5,33,52",direct full-sequence ATE forward-greedy trial,0,0.9965095986038395,19.522000000000002,20.1496,1.7961,21.843873179431448,20.62956542598219,35.83361243932849,1.117092618665684,12.005836656359886,0.6238260501837067,4.008559782866707,18.299450210574726,1.140770038854119,19.546229855866617,1.1426544319337022
186,g_s01_k04_from_d29_d33_d52_add_d06,"6,29,33,52",direct full-sequence ATE forward-greedy trial,0,0.9965095986038395,19.5384,20.3838,2.2464999999999997,21.882539541274628,20.848413914579808,32.4119901524027,1.1470455617640987,11.298355213246671,0.7070248702854975,6.54212824363896,19.02129439633911,1.1196289343573342,19.550985619509035,1.1270358925119788
187,g_pair_seed_sweep_d20_d55,"20,55",exhaustive two-channel full-sequence seed sweep (all_singletons_failed),0,0.9965095986038395,19.5396,21.1156,3.6607000000000003,22.30354248229787,21.019125801117745,40.70673353251062,3.007433013209834,43.93269665788486,1.7296132370436228,24.424032050555926,20.931305277092736,0.9842529915842612,19.519270256433195,1.000041189816935
188,r_k06_0038_d01_d07_d25_d26_d49_d63,"1,7,25,26,49,63",budget-matched cardinality-stratified random full-sequence control,0,0.9965095986038395,19.5522,21.0379,2.2422999999999997,21.933825773584537,20.76780884228754,36.275151294875975,1.3358060042061908,14.802895335455398,0.8893116233005525,11.450864373776193,20.43076850897839,1.0461256920848945,19.525574835768193,1.0738244383128106
189,r_k05_0012_d00_d15_d22_d25_d35,"0,15,22,25,35",budget-matched cardinality-stratified random full-sequence control,0,0.9965095986038395,19.5547,20.668400000000002,2.4202000000000004,22.51280094623207,21.56704699278639,33.55654657681528,1.6217750072693498,23.26546786698789,0.9191383661110762,11.878107498888578,20.335887325556758,1.0897670403787718,19.557474850658327,1.1197825430335138
190,g_s04_k04_from_d20_d26_d34_add_d61,"20,26,34,61",direct full-sequence ATE forward-greedy trial,0,0.9965095986038395,19.5583,21.1511,2.4681,22.516786707746228,21.56807240586446,36.18803771769126,1.272314698943761,14.797188014379525,0.8002670237857094,10.145592197414913,20.691466933951226,1.072905042551848,19.548088291410608,1.0935661349043897
191,g_s02_k04_from_d26_d51_d63_add_d49,"26,49,51,63",direct full-sequence ATE forward-greedy trial,0,0.9965095986038395,19.594900000000003,20.2527,1.8094,21.026600277135604,19.94526410746087,33.637212021500886,1.2455919037542518,10.765070837809972,0.8453743823393786,8.041079975782422,19.198132383737814,1.0822698676064293,19.621626727455567,1.0934711317533687
192,g_s01_k04_from_d29_d33_d52_add_d20,"20,29,33,52",direct full-sequence ATE forward-greedy trial,0,0.9965095986038395,19.6008,20.352700000000002,2.4094,22.479935266578885,21.424859686740348,34.02152587802326,1.1187132489361387,9.41068682142872,0.740610403343581,5.951695828968408,18.98088605841754,1.1422645130422289,19.616349649303057,1.1506717734440406
193,g_s01_k05_from_d29_d31_d33_d52_add_d59,"29,31,33,52,59",direct full-sequence ATE forward-greedy trial,0,0.9965095986038395,19.633,20.2362,2.4318,21.928495053322198,20.858062404938583,34.953206755881396,1.4943614990407428,24.37720437527153,1.0995100237253466,20.37402899734769,18.76911714793443,1.1311381603250144,19.665766982653892,1.1357978218605769
194,g_pair_seed_sweep_d49_d59,"49,59",exhaustive two-channel full-sequence seed sweep (all_singletons_failed),0,0.9965095986038395,19.6371,20.77,2.2538,22.490255613265266,21.322642703580655,43.52903128336902,1.3063075207300607,8.810166200591503,0.9674180675868955,10.747681674939093,20.440494362537237,1.0712008146234528,19.62412245020509,1.0972495225787886
195,r_k04_0149_d13_d15_d33_d34,"13,15,33,34",budget-matched cardinality-stratified random full-sequence control,0,0.9965095986038395,19.706599999999998,20.9063,2.1528,22.852715356601276,21.67822286609357,39.644632687742885,1.284538432135539,15.079752181001945,0.8068485727089192,7.4234215144013955,20.05500349552687,1.1132082657939932,19.71076365427421,1.1294579416288313
196,g_s04_k03_from_d20_d26_add_d63,"20,26,63",direct full-sequence ATE forward-greedy trial,0,0.9965095986038395,19.7418,21.7149,2.2271,22.691534758621867,21.330404593375864,40.16710325259748,1.6077646434070028,22.45716276395203,1.068343370833899,14.057980015106613,20.74995079525186,1.0394497063711108,19.726545466790412,1.0551610914522753
197,r_k05_0107_d06_d26_d42_d46_d62,"6,26,42,46,62",budget-matched cardinality-stratified random full-sequence control,0,0.9965095986038395,19.7419,21.824099999999998,2.4629000000000003,22.572322649718032,20.88222917914444,40.694453492523046,1.3949177467181284,22.086084084708904,0.8763580694415357,14.005974978576784,20.340584166370117,1.0580588454292976,19.73201911663439,1.0812181709238262
198,g_s04_k03_from_d20_d26_add_d28,"20,26,28",direct full-sequence ATE forward-greedy trial,0,0.9965095986038395,19.742,20.1445,1.9445000000000001,21.2349056776993,20.75308735861041,29.62757595065289,1.287819222855397,15.543176429496672,0.8561643062267116,8.842919619752674,19.824801228149923,1.081365856523095,19.76041430905618,1.0947036005172284
199,g_pair_seed_sweep_d22_d52,"22,52",exhaustive two-channel full-sequence seed sweep (all_singletons_failed),0,0.9965095986038395,19.750799999999998,20.3409,2.2828,21.264813256404288,19.999496074814758,32.3448253823284,1.553806230851086,23.185688395518326,1.0844945409358957,15.791327320634757,19.036756151110943,1.0954964123621809,19.772929948548157,1.1000574925656563
200,g_pair_seed_sweep_d06_d34,"6,34",exhaustive two-channel full-sequence seed sweep (all_singletons_failed),0,0.9965095986038395,19.7511,20.4036,1.9494,21.634543144050618,20.892983483675735,31.815455584241636,1.0188998160882095,4.023636675492029,0.615827191593934,2.4581523340021882,19.506037923161905,1.1044469374604893,19.759764648551435,1.1142631735518447
201,g_s02_k06_from_d23_d24_d26_d51_d63_add_d14,"14,23,24,26,51,63",direct full-sequence ATE forward-greedy trial,0,0.9965095986038395,19.753,21.1336,1.7643,22.661010864262945,21.86720232883894,33.83737182177212,1.2452878901948197,10.421861903437927,0.8621546690601304,10.523029181253177,21.26403587829466,1.0503692118576367,19.727143436881565,1.072768444821947
202,g_s01_k05_from_d29_d31_d33_d52_add_d28,"28,29,31,33,52",direct full-sequence ATE forward-greedy trial,0,0.9965095986038395,19.8381,20.525399999999998,2.2925,21.747424897943272,20.68712137613408,32.514149569954476,1.1513864392267072,11.698261097184089,0.7442453855388202,7.659021418051309,18.98377501586282,1.1165284631819292,19.862226662718193,1.123094569981937
203,g_s03_k06_from_d23_d24_d40_d59_d63_add_d29,"23,24,29,40,59,63",direct full-sequence ATE forward-greedy trial,0,0.9965095986038395,19.860500000000002,22.2079,2.1982999999999997,23.329330029871368,21.41199211807479,47.40873369042664,1.5852790554595146,25.097141851170733,1.1130824729622493,18.797137319708703,21.090476844904433,1.0364211712450884,19.848082392301855,1.0633298205808448
204,g_pair_seed_sweep_d15_d33,"15,33",exhaustive two-channel full-sequence seed sweep (all_singletons_failed),0,0.9965095986038395,19.8647,20.4766,1.9414,21.33234914512421,20.292285830235176,34.039773496424424,1.102121991127475,8.775765488716361,0.6638227416520387,5.517452991715519,18.877125819530825,1.1069166729223097,19.893656647969046,1.1154432573115673
205,swap_k04_0069_d08_d15_d26_d34,"8,15,26,34",one-channel swap audit around provisional greedy endpoint,0,0.9965095986038395,19.877200000000002,20.3409,2.089,21.4099004785396,20.927371631186926,29.933541936529558,1.1110484168489234,9.255619596936938,0.7108756371377323,8.392658262556973,20.0165568218373,1.07846556100112,19.89685663749628,1.0938415677223479
206,g_pair_seed_sweep_d52_d56,"52,56",exhaustive two-channel full-sequence seed sweep (all_singletons_failed),0,0.9965095986038395,19.907700000000002,20.566100000000002,2.0564999999999998,21.635523186739547,20.302134607566934,33.57610337488299,1.3782594633360148,15.833252061257133,0.9171783787711412,12.36940444331145,19.04548989176028,1.1101698953718258,19.923645511650943,1.1206454655840068
207,g_s04_k05_from_d15_d20_d26_d34_add_d29,"15,20,26,29,34",direct full-sequence ATE forward-greedy trial,0,0.9965095986038395,19.9129,20.6864,2.176,22.14414810116379,21.368512176772235,33.10878629011628,1.1846883296614612,12.146752195118232,0.6756454385504056,4.207043180753592,19.69582824244809,1.107116620935945,19.93522252327825,1.1179394015040902
208,g_s04_k05_from_d15_d20_d26_d34_add_d02,"2,15,20,26,34",direct full-sequence ATE forward-greedy trial,0,0.9965095986038395,19.9353,20.6804,1.9446,22.034521444331258,21.32871905760547,31.254184919937817,1.0892215497372821,7.907584944672501,0.7104650423372731,6.025777163736571,19.950054276279076,1.0968937334022735,19.96091490629722,1.1086969545972336
209,g_s04_k05_from_d15_d20_d26_d34_add_d04,"4,15,20,26,34",direct full-sequence ATE forward-greedy trial,0,0.9965095986038395,19.9353,20.6804,1.9446,22.034521444331258,21.32871905760547,31.254184919937817,1.0892215497372821,7.907584944672501,0.7104650423372731,6.025777163736571,19.950054276279076,1.0968937334022735,19.96091490629722,1.1086969545972336
210,g_s04_k05_from_d15_d20_d26_d34_add_d07,"7,15,20,26,34",direct full-sequence ATE forward-greedy trial,0,0.9965095986038395,19.9353,20.6804,1.9446,22.034521444331258,21.32871905760547,31.254184919937817,1.0892215497372821,7.907584944672501,0.7104650423372731,6.025777163736571,19.950054276279076,1.0968937334022735,19.96091490629722,1.1086969545972336
211,g_s04_k05_from_d15_d20_d26_d34_add_d09,"9,15,20,26,34",direct full-sequence ATE forward-greedy trial,0,0.9965095986038395,19.9353,20.6804,1.9446,22.034521444331258,21.32871905760547,31.254184919937817,1.0892215497372821,7.907584944672501,0.7104650423372731,6.025777163736571,19.950054276279076,1.0968937334022735,19.96091490629722,1.1086969545972336
212,g_s04_k05_from_d15_d20_d26_d34_add_d13,"13,15,20,26,34",direct full-sequence ATE forward-greedy trial,0,0.9965095986038395,19.9353,20.6804,1.9446,22.034521444331258,21.32871905760547,31.254184919937817,1.0892215497372821,7.907584944672501,0.7104650423372731,6.025777163736571,19.950054276279076,1.0968937334022735,19.96091490629722,1.1086969545972336
213,g_s02_k03_from_d26_d51_add_d23,"23,26,51",direct full-sequence ATE forward-greedy trial,0,0.9965095986038395,19.9431,20.624200000000002,1.5013999999999998,21.005406766180162,20.57961516858369,29.364667974148606,1.167030243451653,10.441694740432963,0.7803864423380752,8.890909721777435,19.917428464738542,1.052672199837998,19.966936491145525,1.0595924434795574
214,g_s03_k04_from_d23_d24_d59_add_d30,"23,24,30,59",direct full-sequence ATE forward-greedy trial,0,0.9965095986038395,19.948,21.3613,2.1939,22.825408484068994,21.407251219695993,38.12948104861687,1.320384701175985,11.321412215762846,0.8668141582023492,9.096685558493702,20.389810258892165,1.0925270060509942,19.95650523008424,1.1152073227603954
215,r_k05_0207_d19_d26_d27_d35_d50,"19,26,27,35,50",budget-matched cardinality-stratified random full-sequence control,0,0.9965095986038395,19.957900000000002,20.729,2.1525,22.218050959572654,21.618740101598323,32.08337106980957,1.2290266966201497,14.599093172125452,0.7760185122512376,9.359728538881594,20.460852282431294,1.0898928095879903,19.961187592983265,1.109589198850661
216,r_k03_0190_d19_d53_d59,"19,53,59",budget-matched cardinality-stratified random full-sequence control,0,0.9965095986038395,19.9733,21.0001,1.7378999999999998,22.270895445692894,21.712634373781466,29.84395675262448,1.154338868488886,11.313333938257228,0.7121792346752917,8.535379969247725,20.83986461164078,1.0687929530538804,19.97080127248077,1.0895932348452348
217,g_s04_k05_from_d15_d20_d26_d34_add_d06,"6,15,20,26,34",direct full-sequence ATE forward-greedy trial,0,0.9965095986038395,19.9773,20.415,2.2382,21.578080981336406,20.79628829162298,32.08035584262981,0.9986941972462151,4.853810983782121,0.6585959344605075,6.317092617208811,19.611326661957804,1.0999264757244405,19.999684631164616,1.1093964175492732
218,g_s04_k03_from_d20_d26_add_d49,"20,26,49",direct full-sequence ATE forward-greedy trial,0,0.9965095986038395,19.982,20.707,1.8277999999999999,21.34442862849241,20.825905007048913,30.531698309189586,1.3968050654556154,21.368288396304898,0.9583779255698985,14.078162515632075,20.502645364526295,1.0352743737764003,19.98157535183776,1.0505043916278276
219,g_pair_seed_sweep_d06_d19,"6,19",exhaustive two-channel full-sequence seed sweep (all_singletons_failed),0,0.9965095986038395,20.0085,21.8354,1.7781000000000002,23.150642484015048,22.178333499777704,38.020861056577175,1.5485316100139777,24.107310057839012,1.141162366410376,21.463100616479373,21.906953276630695,1.025842997438468,19.977670307378766,1.0538534737661631
220,g_s03_k03_from_d23_d59_add_d63,"23,59,63",direct full-sequence ATE forward-greedy trial,0,0.9965095986038395,20.0409,21.1333,2.204,22.643036402733454,21.881769727043736,38.20844444384246,1.279932066097967,13.163050128471918,0.8163478347900193,8.545460612107886,21.029598315657587,1.0671679220605912,20.04151862812595,1.093435711206007
221,g_pair_seed_sweep_d56_d57,"56,57",exhaustive two-channel full-sequence seed sweep (all_singletons_failed),0,0.9965095986038395,20.041700000000002,20.9426,2.4421000000000004,21.736221406998148,20.62039154337427,34.505543673956915,1.3891227120001288,16.503156339977426,0.8430236864897012,10.536569901918998,19.797453339127745,1.0850949701105492,20.060210250516935,1.1000763817604706
222,g_s03_k05_from_d23_d24_d40_d59_add_d02,"2,23,24,40,59",direct full-sequence ATE forward-greedy trial,0,0.9965095986038395,20.0465,21.6158,2.2557,24.681666858012033,22.79664386027001,53.30400332270443,1.4199061080173785,19.0228239670039,1.059400934065157,15.492590863369074,21.062995630214584,1.1332674179419273,20.034086025490367,1.1612677453080857
223,g_s03_k05_from_d23_d24_d40_d59_add_d04,"4,23,24,40,59",direct full-sequence ATE forward-greedy trial,0,0.9965095986038395,20.0465,21.6158,2.2557,24.681666858012033,22.79664386027001,53.30400332270443,1.4199061080173785,19.0228239670039,1.059400934065157,15.492590863369074,21.062995630214584,1.1332674179419273,20.034086025490367,1.1612677453080857
224,g_s03_k05_from_d23_d24_d40_d59_add_d07,"7,23,24,40,59",direct full-sequence ATE forward-greedy trial,0,0.9965095986038395,20.0465,21.6158,2.2557,24.681666858012033,22.79664386027001,53.30400332270443,1.4199061080173785,19.0228239670039,1.059400934065157,15.492590863369074,21.062995630214584,1.1332674179419273,20.034086025490367,1.1612677453080857
225,g_s03_k05_from_d23_d24_d40_d59_add_d09,"9,23,24,40,59",direct full-sequence ATE forward-greedy trial,0,0.9965095986038395,20.0465,21.6158,2.2557,24.681666858012033,22.79664386027001,53.30400332270443,1.4199061080173785,19.0228239670039,1.059400934065157,15.492590863369074,21.062995630214584,1.1332674179419273,20.034086025490367,1.1612677453080857
226,g_s03_k05_from_d23_d24_d40_d59_add_d13,"13,23,24,40,59",direct full-sequence ATE forward-greedy trial,0,0.9965095986038395,20.0465,21.6158,2.2557,24.681666858012033,22.79664386027001,53.30400332270443,1.4199061080173785,19.0228239670039,1.059400934065157,15.492590863369074,21.062995630214584,1.1332674179419273,20.034086025490367,1.1612677453080857
227,g_s01_k04_from_d29_d33_d52_add_d19,"19,29,33,52",direct full-sequence ATE forward-greedy trial,0,0.9965095986038395,20.0605,20.7833,2.0461,22.47827739710293,21.497372174303955,35.78280454916645,1.251288658047522,11.45895800381155,0.736116785733092,7.252446833108727,19.9034588277878,1.1154304424826476,20.074726801826408,1.12881803278895
228,g_s03_k05_from_d23_d24_d40_d59_add_d62,"23,24,40,59,62",direct full-sequence ATE forward-greedy trial,0,0.9965095986038395,20.0815,21.561700000000002,2.5842,25.459964415646336,23.894808591189793,47.732727135291896,1.6382995689343542,22.060020107091134,1.1722320904363566,18.92799771029228,21.614817982520037,1.1450837795693418,20.06010116591965,1.1754281260195611
229,g_s02_k06_from_d23_d24_d26_d51_d63_add_d54,"23,24,26,51,54,63",direct full-sequence ATE forward-greedy trial,0,0.9965095986038395,20.163600000000002,20.686799999999998,2.1745,21.701192312288217,20.860449977739815,33.233095255621926,1.1234427961323667,7.557341215678082,0.847989005722878,9.391766884661001,19.564341789138755,1.1026208764594743,20.189726611124147,1.112374445185038
230,r_k03_0067_d05_d34_d40,"5,34,40",budget-matched cardinality-stratified random full-sequence control,0,0.9965095986038395,20.1726,20.7571,1.9206,22.328446258603527,21.6496323566926,31.483246502245656,1.2954852665327876,11.975489594380594,0.7731858985298052,6.4584315920730955,20.65466746547901,1.0883403506950649,20.16906709774195,1.1039832723064473
231,swap_k04_0172_d15_d20_d34_d55,"15,20,34,55",one-channel swap audit around provisional greedy endpoint,0,0.9965095986038395,20.1769,21.961100000000002,2.1529,22.73673283034381,21.15449245335244,41.409895524391786,1.7921339276477766,30.270888090455845,1.1083671674847524,21.321083534584897,20.841845419166297,1.0621113074351685,20.144026691622344,1.0776741568921726
232,g_pair_seed_sweep_d15_d28,"15,28",exhaustive two-channel full-sequence seed sweep (all_singletons_failed),0,0.9965095986038395,20.1919,21.668000000000003,2.2799,21.42655256180334,19.74952159154966,34.43059302700672,1.7799477947693418,25.615282105381347,1.1615790149727487,20.623497182827364,19.38183866078548,1.0543821979851429,20.223948303388124,1.0541151880345476
233,g_s03_k06_from_d23_d24_d40_d59_d63_add_d51,"23,24,40,51,59,63",direct full-sequence ATE forward-greedy trial,0,0.9965095986038395,20.1932,20.735300000000002,2.6142,21.41184936082114,20.641079702439704,33.054266403671875,1.3544771417097237,16.62938385770337,0.910397703090915,11.212801852130696,19.554846604371537,1.089822456630184,20.219677422007432,1.0966961942671418
234,g_s03_k03_from_d23_d59_add_d26,"23,26,59",direct full-sequence ATE forward-greedy trial,0,0.9965095986038395,20.2121,20.585800000000003,2.0759,21.367302493971795,21.070389975563067,27.945918352181167,1.1654536068369796,10.440513564981888,0.7223525640754196,7.529664729749643,20.351979765960124,1.0629822969857363,20.225045650206233,1.0770515282403033
235,g_s02_k04_from_d26_d51_d63_add_d52,"26,51,52,63",direct full-sequence ATE forward-greedy trial,0,0.9965095986038395,20.225299999999997,20.888,2.2901000000000002,21.50335223693958,20.485108949166186,33.314863929133665,1.4572822209332723,16.05241694710032,1.0228856076953654,11.0320939679389,20.010871504239578,1.0651750222588996,20.243781368765827,1.0754529695950876
236,g_s03_k06_from_d23_d24_d40_d59_d63_add_d57,"23,24,40,57,59,63",direct full-sequence ATE forward-greedy trial,0,0.9965095986038395,20.266000000000002,21.0859,2.0566999999999998,22.141082761894292,21.330895007303916,33.900072233527304,1.1522966856306294,9.131356185047688,0.7501375738479682,7.666551587424665,20.220198713247147,1.0885020484888097,20.28842683195819,1.105255714562424
237,g_s03_k06_from_d23_d24_d40_d59_d63_add_d58,"23,24,40,58,59,63",direct full-sequence ATE forward-greedy trial,0,0.9965095986038395,20.2684,21.1255,2.2372,23.36333915675226,22.531660440245094,34.29830726694364,1.172618713325062,8.4900406310686,0.8311446042582302,8.167735713549401,20.72891053772467,1.1176661829129895,20.287769154544076,1.1350520136902895
238,g_s04_k04_from_d20_d26_d34_add_d47,"20,26,34,47",direct full-sequence ATE forward-greedy trial,0,0.9965095986038395,20.2847,21.1553,2.262,22.555630993062202,21.897850780745348,30.907138558429914,1.0518881038164316,6.781466067445691,0.6821880401184839,5.845762970742296,20.773734794430872,1.0873837034420608,20.292404479738536,1.1048659469626092
239,g_pair_seed_sweep_d01_d23,"1,23",exhaustive two-channel full-sequence seed sweep (all_singletons_failed),0,0.9965095986038395,20.285700000000002,21.2689,2.1357999999999997,21.37503842549627,20.450532843821616,32.96021424433849,1.6338322514688906,23.64504137451209,0.970940316125628,14.176834354671279,20.207154667096315,1.0450563948462248,20.31048755024545,1.0584655737564672
240,g_s01_k05_from_d29_d31_d33_d52_add_d61,"29,31,33,52,61",direct full-sequence ATE forward-greedy trial,0,0.9965095986038395,20.3018,20.8104,2.3432999999999997,22.026884068354743,21.03601488498736,34.87191035510601,1.3011778888035603,20.16290629207036,0.9614656788560871,16.991428908671796,19.69110174558412,1.1115658312098144,20.33122701387244,1.117880187542351
241,g_s04_k05_from_d15_d20_d26_d34_add_d03,"3,15,20,26,34",direct full-sequence ATE forward-greedy trial,0,0.9965095986038395,20.3051,20.8748,1.8724,22.120216403737743,21.700853812457947,29.929237374566835,1.055728869783181,8.848098016400417,0.6917021240272974,6.567995327306403,20.55273883166981,1.0834042095202912,20.323840259368055,1.0957039183610602
242,g_s02_k05_from_d24_d26_d51_d63_add_d55,"24,26,51,55,63",direct full-sequence ATE forward-greedy trial,0,0.9965095986038395,20.311799999999998,20.8659,1.7774999999999999,21.33972941505462,20.445624304616153,37.20650875768285,1.2855426609935892,14.718924406560088,0.8540211009347395,9.003714657350127,19.476740068963274,1.0884728865915283,20.35266541201718,1.0929949702594626
243,swap_k04_0239_d15_d20_d26_d62,"15,20,26,62",one-channel swap audit around provisional greedy endpoint,0,0.9965095986038395,20.3361,21.0399,2.9009,23.18157665098707,21.984828105946814,35.726345459575306,1.20527635405907,13.37005992978142,0.8014597600968094,8.088568909464787,19.92616076716028,1.1418133697335942,20.35450037038095,1.145137482423562
244,g_pair_seed_sweep_d23_d40,"23,40",exhaustive two-channel full-sequence seed sweep (all_singletons_failed),0,0.9965095986038395,20.3689,21.891099999999998,2.2991,23.44596921475892,22.32400831383725,38.05618028342608,1.1576270999240537,8.783054297613676,0.7250397057189731,5.488883246723836,20.970737682542982,1.1007536436862393,20.34945173199768,1.1244366360122058
245,g_s01_k04_from_d29_d33_d52_add_d15,"15,29,33,52",direct full-sequence ATE forward-greedy trial,0,0.9965095986038395,20.3847,21.514,2.9613,22.989172254029818,21.379478032454042,37.82743713514938,1.392098279682164,17.729763854345997,0.7606150691793647,6.532518399069541,19.038950343512692,1.1424065848109475,20.406305828767106,1.1474498941723648
246,g_s01_k05_from_d29_d31_d33_d52_add_d47,"29,31,33,47,52",direct full-sequence ATE forward-greedy trial,0,0.9965095986038395,20.4154,20.9128,2.2356000000000003,22.216384686728848,21.54731555637422,32.23912522227105,1.194687829985306,15.854734203668016,0.8475924796604648,12.732285640948527,20.191904690811196,1.104173917116429,20.434695135405605,1.1151638237844095
247,swap_k04_0124_d03_d15_d20_d34,"3,15,20,34",one-channel swap audit around provisional greedy endpoint,0,0.9965095986038395,20.429,21.767,2.5389,24.768183082997485,23.157342226269453,39.3758520629474,1.2638251944490768,13.187472481848895,0.9111985871837384,9.796082774441276,20.05122450658872,1.1717062719856124,20.43563376424313,1.1793715667345626
248,r_k05_0097_d05_d35_d45_d52_d56,"5,35,45,52,56",budget-matched cardinality-stratified random full-sequence control,0,0.9965095986038395,20.449,21.3413,2.0504000000000002,22.389534117053998,21.578018987333223,31.551818709266055,1.154413279312701,12.211292000522949,0.6845420340362666,4.2953803117332106,20.272764357954028,1.0941472893559658,20.46699300707993,1.1025953734807283
249,swap_k04_0193_d12_d15_d20_d26,"12,15,20,26",one-channel swap audit around provisional greedy endpoint,0,0.9965095986038395,20.468600000000002,20.9842,2.6725,22.457173230180345,21.730054892584754,32.704782520077416,1.1747799749207328,10.622984771268081,0.804011546899435,8.055639141300258,20.137262701741086,1.114333693959821,20.49238669054069,1.1177542959642965
250,g_s04_k04_from_d20_d26_d34_add_d62,"20,26,34,62",direct full-sequence ATE forward-greedy trial,0,0.9965095986038395,20.511599999999998,20.9848,2.2404,22.892413809996444,21.930896395586863,34.51752727905284,1.068908445651516,5.975137434778627,0.8525808661826698,9.095103158610607,19.881072921346874,1.135298610373532,20.541718297069743,1.1374059056857346
251,r_k05_0185_d15_d26_d34_d53_d58,"15,26,34,53,58",budget-matched cardinality-stratified random full-sequence control,0,0.9965095986038395,20.5134,21.4615,1.6285999999999998,22.386059871258983,21.766987919088873,34.45752841912997,1.20806344158091,15.797882163240438,0.723323723902246,8.042470096700557,21.034509079976367,1.0539468940884353,20.530497274200503,1.070600589018685
252,g_pair_seed_sweep_d53_d55,"53,55",exhaustive two-channel full-sequence seed sweep (all_singletons_failed),0,0.9965095986038395,20.5273,21.760099999999998,2.3949000000000003,24.62071097354116,23.09242562748578,39.735615521140865,1.2255134641933698,9.480259313574038,0.7206764537613067,4.104431463167619,20.395008180522133,1.1630205568171645,20.54434710154449,1.1792377466961341
253,r_k04_0129_d09_d49_d50_d51,"9,49,50,51",budget-matched cardinality-stratified random full-sequence control,0,0.9965095986038395,20.5657,21.509600000000002,2.3165,23.846842002231686,22.842076066189293,36.153529893164865,1.1554281721995023,8.307151205480046,0.8058044897577086,9.457857076484714,20.971391060278577,1.1284799611925813,20.571956783089203,1.14541905313382
254,r_k05_0009_d00_d09_d18_d23_d25,"0,9,18,23,25",budget-matched cardinality-stratified random full-sequence control,0,0.9965095986038395,20.5751,23.412399999999998,3.1982999999999997,25.44588868127847,23.011132907425274,40.680733454254636,1.422755204938167,16.719264212983152,0.8781289986574943,9.848006345565274,21.46306611064668,1.1170127176177964,20.57168100862242,1.1471143528310201
255,g_pair_seed_sweep_d34_d37,"34,37",exhaustive two-channel full-sequence seed sweep (all_singletons_failed),0,0.9965095986038395,20.582700000000003,22.5822,1.9206999999999999,23.63997075666102,22.31635166544126,41.49091643212872,1.4006193490615548,17.805260862401692,1.1025814171749249,21.30625936660251,21.944862023629025,1.0571363343065914,20.552631019138907,1.0825439587845362
256,g_pair_seed_sweep_d25_d53,"25,53",exhaustive two-channel full-sequence seed sweep (all_singletons_failed),0,0.9965095986038395,20.5835,21.019399999999997,2.1893,20.99706555011672,20.510009369230055,33.76606573815269,1.2847006857716061,13.36939058853098,0.835636593607922,11.48528313879415,20.08213868553063,1.0491866163555965,20.600933695079554,1.0598082510625344
257,g_pair_seed_sweep_d40_d56,"40,56",exhaustive two-channel full-sequence seed sweep (all_singletons_failed),0,0.9965095986038395,20.5841,20.9521,2.4802999999999997,22.359806072326887,21.54142554243141,34.9368789761283,1.282773301904746,16.102068481538023,0.80277457155062,12.070420796373778,20.277281062817636,1.1086368443743253,20.592858088162924,1.1202049606602371
258,g_s01_k06_from_d29_d31_d33_d52_d55_add_d16,"16,29,31,33,52,55",direct full-sequence ATE forward-greedy trial,0,0.9965095986038395,20.5889,21.1985,2.0913999999999997,22.61124316904918,22.041306221066737,32.4133671077633,1.049517197784168,6.828183668161484,0.680558810017816,6.619349735552558,20.547593425410142,1.1064502221949342,20.59978167150477,1.1201666291912364
259,g_s01_k05_from_d29_d31_d33_d52_add_d14,"14,29,31,33,52",direct full-sequence ATE forward-greedy trial,0,0.9965095986038395,20.6062,22.6854,2.5112,23.882403558621526,22.702522835881016,37.65593485201273,1.2760151163441658,10.272647911289107,0.8291767807626975,8.548769186969805,21.317859782423497,1.088204663687831,20.602637540026134,1.1104995494864822
260,g_pair_seed_sweep_d16_d51,"16,51",exhaustive two-channel full-sequence seed sweep (all_singletons_failed),0,0.9965095986038395,20.6113,21.8763,1.9485999999999999,24.511503950336166,23.24719787421313,38.355936969788054,1.1210633259161318,5.476363752088969,0.6766051604849411,3.9597522891228096,20.91272190205602,1.1463268237983273,20.613569071131508,1.1552244377286813
261,g_pair_seed_sweep_d01_d24,"1,24",exhaustive two-channel full-sequence seed sweep (all_singletons_failed),0,0.9965095986038395,20.6187,21.7473,3.2208,21.879517762647026,20.656930528626834,38.800813949445754,1.700696540603191,20.57678678033352,0.9628809590067408,11.97283862671022,19.91257390450443,1.07177656097152,20.62180129221767,1.0867558366879242
262,g_pair_seed_sweep_d24_d57,"24,57",exhaustive two-channel full-sequence seed sweep (all_singletons_failed),0,0.9965095986038395,20.6261,21.7942,2.0642,22.496275147649214,21.278594598246865,35.13827622429444,1.2225418097902736,9.313736596241194,0.7866058149001388,7.951064815318225,20.55147840854904,1.075199676787755,20.63976885278943,1.0922254142894172
263,r_k05_0084_d05_d11_d21_d29_d41,"5,11,21,29,41",budget-matched cardinality-stratified random full-sequence control,0,0.9965095986038395,20.6446,21.8701,2.4423,23.8927955851278,22.547086466274628,36.7488545500268,1.3264971155851848,18.04091409737264,0.7093456134089008,6.6098764272590484,20.483998182698468,1.1303186709665969,20.64884700315373,1.142553174721062
264,g_s01_k04_from_d29_d33_d52_add_d23,"23,29,33,52",direct full-sequence ATE forward-greedy trial,0,0.9965095986038395,20.6506,21.4132,2.4149,22.5640435151765,21.600149762930915,33.88941780855997,1.1309456321446163,10.677455532025789,0.716505128126548,6.303251308404121,19.832586381893137,1.1188934162565516,20.667808490677093,1.1281638124961173
265,g_s04_k05_from_d15_d20_d26_d34_add_d46,"15,20,26,34,46",direct full-sequence ATE forward-greedy trial,0,0.9965095986038395,20.6521,22.6309,1.3983,23.486851034036345,22.270714553623456,43.003842342825436,1.6750314318918251,31.842198490418788,1.315216191913685,26.56986852348506,22.112742149626314,1.0272209057750326,20.62590726379541,1.0494669294570738
266,g_s04_k05_from_d15_d20_d26_d34_add_d12,"12,15,20,26,34",direct full-sequence ATE forward-greedy trial,0,0.9965095986038395,20.6552,21.2206,2.4644,22.6104990575242,21.439868692623268,35.42313317092921,1.1291352104034629,10.008082137341312,0.7647504050647952,9.023582477129782,19.992701304461814,1.1180994498790475,20.679582868616325,1.1268279984536989
267,g_s01_k05_from_d29_d31_d33_d52_add_d06,"6,29,31,33,52",direct full-sequence ATE forward-greedy trial,0,0.9965095986038395,20.665,21.4479,2.3901,22.396578580609678,21.444574543343997,32.642605856657376,1.0519422801650131,6.378380002815391,0.6320577419171043,4.051599662318742,19.990201949440724,1.107550563355133,20.682067174767436,1.1149197639321422
268,g_s01_k06_from_d29_d31_d33_d52_d55_add_d18,"18,29,31,33,52,55",direct full-sequence ATE forward-greedy trial,0,0.9965095986038395,20.6697,21.461,2.426,22.956097308227314,21.849527937587634,34.699063216596336,1.0278421516364498,5.714596075577898,0.6674931879346013,4.656099572449561,20.32174576847844,1.1197647182564423,20.682774508770322,1.1288275389405635
269,g_s02_k05_from_d24_d26_d51_d63_add_d50,"24,26,50,51,63",direct full-sequence ATE forward-greedy trial,0,0.9965095986038395,20.695800000000002,21.0775,1.9869,21.889249266155904,21.440427879812738,32.950349582484314,1.1091902216274083,10.04050088884615,0.7928521101144337,9.190073018072704,20.475906614642806,1.0813727103461166,20.721538805808486,1.0919025202766266
270,r_k03_0059_d05_d09_d23,"5,9,23",budget-matched cardinality-stratified random full-sequence control,0,0.9965095986038395,20.6964,21.258499999999998,2.5595,23.341931004932466,22.360385680618375,43.11846934381631,1.3100522380649346,15.155400160749796,0.9160666978227826,9.077810817434395,20.589579731853767,1.1298246489362314,20.709895651793346,1.1346364332429286
271,r_k04_0040_d02_d14_d26_d60,"2,14,26,60",budget-matched cardinality-stratified random full-sequence control,0,0.9965095986038395,20.6985,21.5036,2.7603,23.186852090020995,22.55200769326156,37.15446559314591,1.4430120026057447,15.608556156674922,0.9833521642321253,11.729855812270541,21.54635230790091,1.078240394043582,20.695063376423658,1.0959118621496078
272,g_pair_seed_sweep_d56_d63,"56,63",exhaustive two-channel full-sequence seed sweep (all_singletons_failed),0,0.9965095986038395,20.700499999999998,22.0555,2.2744,22.62624461904716,21.424622329171562,40.396473414984655,1.6393841855299562,25.343976116314863,1.0569238912198542,14.266899901450437,20.885419529424485,1.0519763498440073,20.695850068362702,1.066630684450668
273,r_k04_0095_d06_d13_d41_d45,"6,13,41,45",budget-matched cardinality-stratified random full-sequence control,0,0.9965095986038395,20.7483,21.6764,2.5305,24.054499808771943,22.665920870383,44.63394314719687,1.4880840058742848,22.966200439598,0.7843135212987709,6.597074404324512,20.2850145043996,1.1526086455732496,20.76142277064357,1.1625576231955093
274,g_s03_k06_from_d23_d24_d40_d59_d63_add_d35,"23,24,35,40,59,63",direct full-sequence ATE forward-greedy trial,0,0.9965095986038395,20.7912,22.3065,2.0881,24.49180156730826,23.315588082669116,46.55231098814646,1.2931759880840015,11.060441524510702,0.7937292770267632,7.543296266668956,21.76557402294992,1.1002440165523657,20.795386461534346,1.1251210505563263
275,r_k06_0107_d06_d08_d11_d25_d26_d58,"6,8,11,25,26,58",budget-matched cardinality-stratified random full-sequence control,0,0.9965095986038395,20.8008,21.92,2.4476999999999998,22.624735967153768,21.844226410321312,34.77115094611261,1.3338466988383966,13.257788668949042,0.8047113311075627,8.688049791425907,21.396693243427308,1.0483374322330388,20.790962033595243,1.0738105144225483
276,g_s02_k04_from_d26_d51_d63_add_d50,"26,50,51,63",direct full-sequence ATE forward-greedy trial,0,0.9965095986038395,20.8209,21.1661,2.1066000000000003,22.08132383985583,21.535923628801896,32.764106660726924,1.0898769670717847,6.710085759526666,0.7461354124032012,8.165957301334068,20.609909444096296,1.0846603972340036,20.846791877930606,1.0960625102518273
277,g_s03_k04_from_d23_d24_d59_add_d03,"3,23,24,59",direct full-sequence ATE forward-greedy trial,0,0.9965095986038395,20.8265,21.935,2.7417000000000002,25.84501968698086,24.10301863131064,43.200435578502734,1.4607722233713876,20.543375697218234,0.9869076906646908,10.555462535755943,20.344531171220755,1.2018167077902946,20.834299996981827,1.2101104129854074
278,r_k05_0227_d28_d29_d31_d50_d55,"28,29,31,50,55",budget-matched cardinality-stratified random full-sequence control,0,0.9965095986038395,20.8307,22.222900000000003,2.2706,24.092859040230653,23.047052526491793,37.816406814248225,1.0954777067999142,6.26510132128735,0.7050935535809728,6.021076375642528,21.428873220515968,1.1121290948387517,20.820424103627364,1.1301964413606909
279,g_s02_k06_from_d23_d24_d26_d51_d63_add_d40,"23,24,26,40,51,63",direct full-sequence ATE forward-greedy trial,0,0.9965095986038395,20.8482,21.3833,1.9757,21.514130443668105,20.740683147608163,36.23239151972779,1.0908038992930933,6.99338049427147,0.7965792615546325,8.782602530618458,19.88162093415811,1.0798918859287123,20.88577692862545,1.0834629814873769
280,r_k03_0147_d13_d23_d31,"13,23,31",budget-matched cardinality-stratified random full-sequence control,0,0.9965095986038395,20.8601,21.8771,2.0483000000000002,23.23777823867258,21.99224263081276,45.67937824416604,1.2014962961637086,13.883180288733744,0.8615547397053279,10.274067370137763,20.611386524079013,1.1056579579020762,20.877611844202793,1.1168457394935634
281,g_s04_k04_from_d20_d26_d34_add_d29,"20,26,29,34",direct full-sequence ATE forward-greedy trial,0,0.9965095986038395,20.8917,21.329600000000003,2.1853000000000002,22.593252935450863,21.601182492265707,36.398663632025205,1.2581745847161527,15.085110344120146,0.8585560961773152,8.490989182442695,20.148425528026458,1.1143791454040237,20.926496430026063,1.1229657063799992
282,g_s03_k03_from_d23_d59_add_d40,"23,40,59",direct full-sequence ATE forward-greedy trial,0,0.9965095986038395,20.8921,22.003700000000002,2.3781,23.80114599791512,22.674696334148404,36.64529624407442,1.2249217905979006,8.697781795233587,0.7865044752797767,6.386553175881774,21.034713597757264,1.1172251912077493,20.89137509196978,1.1352224075100963
283,g_s02_k03_from_d26_d51_add_d14,"14,26,51",direct full-sequence ATE forward-greedy trial,0,0.9965095986038395,20.9019,22.6911,1.7014,23.838345595402917,22.681491417168854,39.094168008236956,1.3393697265033702,14.84713001040874,0.9051880905320681,12.213313624864798,22.27903496720706,1.034876120090116,20.857660007474006,1.0598882231272195
284,g_s02_k04_from_d26_d51_d63_add_d14,"14,26,51,63",direct full-sequence ATE forward-greedy trial,0,0.9965095986038395,20.9263,22.701,1.6755,23.619586481926145,22.38093502669835,40.489006925366716,1.2414323951976651,11.323101188845888,0.8665233101439784,11.064218364391806,22.059629762172516,1.042530743521276,20.89054977598282,1.0646669265536108
285,r_k06_0167_d11_d12_d26_d47_d52_d55,"11,12,26,47,52,55",budget-matched cardinality-stratified random full-sequence control,0,0.9965095986038395,20.9427,22.5855,2.6527,23.92439083047181,22.33920438999424,36.93000857868521,1.26563762865535,15.403184105248144,0.6901434484323764,6.447735204141418,20.888403301286456,1.1086037400092508,20.944895278581686,1.1301037076301252
286,r_k05_0067_d04_d06_d11_d31_d42,"4,6,11,31,42",budget-matched cardinality-stratified random full-sequence control,0,0.9965095986038395,20.9658,23.4694,2.9263999999999997,23.66941545446019,21.578246358741666,45.66310104007837,1.5555077756872413,25.450250450335112,0.9939231389223376,16.21203313265593,20.87757241703482,1.0660328958998389,20.9432554127364,1.0804423363266564
287,r_k05_0108_d06_d29_d33_d41_d60,"6,29,33,41,60",budget-matched cardinality-stratified random full-sequence control,0,0.9965095986038395,20.9927,21.871399999999998,2.5652999999999997,23.45646415950835,22.356874753545263,35.82274773941694,1.3805844854364058,18.994047590426327,0.7196523310550347,6.523572690837875,20.57924919387109,1.123955631149211,21.006233012988716,1.1384671871916174
288,g_s04_k06_from_d15_d20_d26_d34_d45_add_d35,"15,20,26,34,35,45",direct full-sequence ATE forward-greedy trial,0,0.9965095986038395,21.0169,21.5172,2.2239,22.754110020648504,22.043798203875454,33.901388933184776,1.1986258183799716,11.969036141967495,0.7432886715941972,6.41692014547318,20.559995476477784,1.1077686194544192,21.041910594097097,1.1154535620821993
289,g_pair_seed_sweep_d55_d63,"55,63",exhaustive two-channel full-sequence seed sweep (all_singletons_failed),0,0.9965095986038395,21.0184,21.9922,3.9088,24.206840332029707,22.760158443895776,52.63380787819882,3.2342101491843964,66.8153307455364,2.4437780232925275,53.853832836217904,22.59415828843818,1.0187472371586839,21.047305337276732,1.0376133553005362
290,g_s02_k06_from_d23_d24_d26_d51_d63_add_d08,"8,23,24,26,51,63",direct full-sequence ATE forward-greedy trial,0,0.9965095986038395,21.0195,21.5811,2.0205,21.709785361896774,20.957833679467562,36.90583799366467,1.105210918078768,6.559869987020184,0.8115085006425683,8.634845378398765,20.076360427496844,1.0799350106534518,21.057539840476178,1.0850451450236809
291,swap_k04_0087_d15_d26_d29_d34,"15,26,29,34",one-channel swap audit around provisional greedy endpoint,0,0.9965095986038395,21.0349,22.0729,2.6677,23.77091544981721,22.682145466319614,35.73206139890713,1.339629273306187,20.40513729321041,0.6718107447262656,4.521330025240521,21.067240698571357,1.1187743864564188,21.042606710181737,1.1330558365361088
292,r_k04_0196_d20_d28_d29_d55,"20,28,29,55",budget-matched cardinality-stratified random full-sequence control,0,0.9965095986038395,21.0417,22.3834,2.267,23.49219327185032,22.284041339890138,47.81653943675136,1.38908313742646,18.27750113646568,0.9705064103247432,13.682702720446436,21.106943101933414,1.0841872668423254,21.059779080980988,1.0949815558305167
293,g_s01_k05_from_d29_d31_d33_d52_add_d05,"5,29,31,33,52",direct full-sequence ATE forward-greedy trial,0,0.9965095986038395,21.0518,21.7196,2.4365,23.05484304834856,22.09104535610785,37.17080165324842,1.2244453628763519,13.638854230507258,0.7096593600618757,5.904290916205944,20.03048510437618,1.1328355815987001,21.077626616872166,1.1354573587910743
294,g_s01_k03_from_d33_d52_add_d42,"33,42,52",direct full-sequence ATE forward-greedy trial,0,0.9965095986038395,21.0637,21.3944,1.8507,22.196541107267844,21.378287724186425,33.522627572001184,1.0449509887485295,7.42454933988934,0.6376967170284615,5.2764079708628815,20.02776493638709,1.1080797046625797,21.08743609137573,1.1126708243042358
295,r_k03_0066_d05_d33_d51,"5,33,51",budget-matched cardinality-stratified random full-sequence control,0,0.9965095986038395,21.0692,22.1127,2.4085,23.168577403626358,22.040070383741835,37.58226233355308,1.3815197657951028,21.164259349980213,0.815005879169608,10.82064732703442,20.802717766741832,1.099865579466148,21.078573624550472,1.111927390456324
296,r_k03_0061_d05_d19_d35,"5,19,35",budget-matched cardinality-stratified random full-sequence control,0,0.9965095986038395,21.0848,22.6468,2.7502,23.86500736548152,23.11589175240809,37.10391488840305,1.4712510168806172,17.42347275500885,0.9362900602246718,8.943652354393382,22.180173510484963,1.075651638121522,21.061717943197227,1.0950227864572506
297,g_s04_k05_from_d15_d20_d26_d34_add_d36,"15,20,26,34,36",direct full-sequence ATE forward-greedy trial,0,0.9965095986038395,21.087,21.848,2.1522,23.184166161511683,22.466098332682716,32.81942140132858,1.0747986499704454,9.618497606464292,0.6718953560031412,4.052673507077248,21.04755631794161,1.1020484675329019,21.10909871819943,1.1126648879757453
298,g_s04_k05_from_d15_d20_d26_d34_add_d38,"15,20,26,34,38",direct full-sequence ATE forward-greedy trial,0,0.9965095986038395,21.087,21.848,2.1522,23.184166161511683,22.466098332682716,32.81942140132858,1.0747986499704454,9.618497606464292,0.6718953560031412,4.052673507077248,21.04755631794161,1.1020484675329019,21.10909871819943,1.1126648879757453
299,g_s04_k05_from_d15_d20_d26_d34_add_d48,"15,20,26,34,48",direct full-sequence ATE forward-greedy trial,0,0.9965095986038395,21.087,21.848,2.1522,23.184166161511683,22.466098332682716,32.81942140132858,1.0747986499704454,9.618497606464292,0.6718953560031412,4.052673507077248,21.04755631794161,1.1020484675329019,21.10909871819943,1.1126648879757453
300,g_s02_k05_from_d24_d26_d51_d63_add_d22,"22,24,26,51,63",direct full-sequence ATE forward-greedy trial,0,0.9965095986038395,21.104200000000002,21.743399999999998,2.1635999999999997,22.03828129365151,21.072976844866915,36.98331266336875,1.5207924315575656,22.83666923870847,1.049137641292497,14.999731653653413,20.283410957084826,1.0830393998113537,21.143652637959736,1.0882417699680056
301,g_s03_k04_from_d23_d24_d59_add_d26,"23,24,26,59",direct full-sequence ATE forward-greedy trial,0,0.9965095986038395,21.109,21.6499,2.9471000000000003,23.37999003456714,22.119129083360818,43.41592236565257,1.9143364969107148,36.59136303733041,1.4209940382089576,27.667425177093545,20.88146496205767,1.1020005543709237,21.139189213751486,1.1089853933834586
302,g_s04_k05_from_d15_d20_d26_d34_add_d35,"15,20,26,34,35",direct full-sequence ATE forward-greedy trial,0,0.9965095986038395,21.110400000000002,21.4168,2.1632,22.158990594919754,21.565219988001644,33.21805028983464,1.0350509559961185,5.23305603946727,0.7311973877255743,8.01288435000466,20.631998153603316,1.0890084420820003,21.13266684755806,1.0973359798180984
303,g_s01_k05_from_d29_d31_d33_d52_add_d19,"19,29,31,33,52",direct full-sequence ATE forward-greedy trial,0,0.9965095986038395,21.1345,21.532,2.1569000000000003,22.93694977867446,21.706989176617494,36.52288795567898,1.1671982139885448,9.311170950771515,0.7750714697121787,9.599155878004401,20.377230859331384,1.1187236589978555,21.157262568074454,1.1264379629070929
304,r_k06_0213_d20_d24_d33_d35_d41_d61,"20,24,33,35,41,61",budget-matched cardinality-stratified random full-sequence control,0,0.9965095986038395,21.139499999999998,21.8225,2.3147,24.168655190862054,23.17845764298469,37.833458803650686,1.2638434430064187,15.978066599018412,0.7019552743331677,5.028474430306751,20.79502201746436,1.147863872939742,21.155561222705114,1.1590376442407528
305,g_pair_seed_sweep_d15_d59,"15,59",exhaustive two-channel full-sequence seed sweep (all_singletons_failed),0,0.9965095986038395,21.148500000000002,21.8539,2.3851,23.68068129216992,22.367577326482547,38.98528454980032,1.360076206765185,10.537829267071974,0.8787007447882,10.666818757916962,20.589644905411333,1.1379757618668316,21.154151868428862,1.1461338154230958
306,g_pair_seed_sweep_d11_d25,"11,25",exhaustive two-channel full-sequence seed sweep (all_singletons_failed),0,0.9965095986038395,21.1503,21.4097,2.1276,21.26808084803654,20.86800062680397,29.037822321130278,1.1119591363973942,11.030821404208165,0.848383805401365,11.248336288457859,20.44932976898266,1.0512578989469579,21.165212880431262,1.0596549531296737
307,g_s04_k04_from_d20_d26_d34_add_d36,"20,26,34,36",direct full-sequence ATE forward-greedy trial,0,0.9965095986038395,21.151,21.7272,2.1338,23.56674770483062,23.04360867429283,35.98787478808586,1.11811786775336,9.406767453266301,0.7891031276148422,5.546634602901128,21.269978846690073,1.1146118566524172,21.16916925659054,1.121219667389892
308,g_s04_k04_from_d20_d26_d34_add_d38,"20,26,34,38",direct full-sequence ATE forward-greedy trial,0,0.9965095986038395,21.151,21.7272,2.1338,23.56674770483062,23.04360867429283,35.98787478808586,1.11811786775336,9.406767453266301,0.7891031276148422,5.546634602901128,21.269978846690073,1.1146118566524172,21.16916925659054,1.121219667389892
309,g_s04_k04_from_d20_d26_d34_add_d48,"20,26,34,48",direct full-sequence ATE forward-greedy trial,0,0.9965095986038395,21.151,21.7272,2.1338,23.56674770483062,23.04360867429283,35.98787478808586,1.11811786775336,9.406767453266301,0.7891031276148422,5.546634602901128,21.269978846690073,1.1146118566524172,21.16916925659054,1.121219667389892
310,g_s03_k05_from_d23_d24_d40_d59_add_d10,"10,23,24,40,59",direct full-sequence ATE forward-greedy trial,0,0.9965095986038395,21.1643,23.1096,2.4225,24.509108166350483,22.4869501033894,42.04183885424608,1.2763113472757746,11.919593291995588,0.7933886478731479,9.793663410034318,20.909014930260305,1.1130318892918682,21.17534724868662,1.1307435556419878
311,g_pair_seed_sweep_d19_d57,"19,57",exhaustive two-channel full-sequence seed sweep (all_singletons_failed),0,0.9965095986038395,21.1794,21.9222,1.7772,22.929731849846835,22.39634378155845,30.1835895088245,1.1862859469861606,9.55179601160557,0.7922305226995017,10.03686226873925,22.008907461825967,1.0418761224036572,21.17699993408862,1.0652635374789567
312,g_s01_k03_from_d33_d52_add_d21,"21,33,52",direct full-sequence ATE forward-greedy trial,0,0.9965095986038395,21.1844,21.5354,1.7391,22.864099588459162,21.809484617381507,34.6534837845811,0.9961611720785795,4.03071818301221,0.6008025462622479,2.5742495350083687,20.2623200143261,1.1241864394266652,21.207070251394317,1.1277137802305568
313,r_k06_0170_d11_d20_d38_d46_d58_d60,"11,20,38,46,58,60",budget-matched cardinality-stratified random full-sequence control,0,0.9965095986038395,21.1867,22.1993,2.7427,25.62824919982603,24.08999634439026,47.87387390467275,1.2956781428015005,16.979572238983003,0.7487682321868508,3.420121145531422,21.138798544358114,1.1796306703869244,21.19121312683626,1.1902241950794914
314,g_s01_k04_from_d29_d33_d52_add_d49,"29,33,49,52",direct full-sequence ATE forward-greedy trial,0,0.9965095986038395,21.188499999999998,23.1408,2.5968,24.224203401656865,23.197936024399517,36.65591412382308,1.4407313206707069,17.762967170998483,0.8365922818818069,8.833351982224269,22.914017128477223,1.030746673223372,21.16060742579583,1.0567799753355374
315,g_pair_seed_sweep_d37_d63,"37,63",exhaustive two-channel full-sequence seed sweep (all_singletons_failed),0,0.9965095986038395,21.1965,23.122999999999998,2.3619999999999997,24.84595602634218,23.34333575732861,37.30290614465138,1.3648411424293485,14.653769926651009,0.8299918734939506,11.170195648377739,22.002603831111962,1.092200305419951,21.190721744535743,1.1228833879558136
316,swap_k04_0123_d02_d15_d20_d34,"2,15,20,34",one-channel swap audit around provisional greedy endpoint,0,0.9965095986038395,21.2001,22.0075,2.5278,24.76871842441531,23.279638714780187,40.50068614209154,1.327138010426815,18.706845114219355,0.7862113216717361,6.449193699608195,20.522847212201924,1.1721424690962214,21.21441311857495,1.1751065123804474
317,swap_k04_0125_d04_d15_d20_d34,"4,15,20,34",one-channel swap audit around provisional greedy endpoint,0,0.9965095986038395,21.2001,22.0075,2.5278,24.76871842441531,23.279638714780187,40.50068614209154,1.327138010426815,18.706845114219355,0.7862113216717361,6.449193699608195,20.522847212201924,1.1721424690962214,21.21441311857495,1.1751065123804474
318,swap_k04_0128_d07_d15_d20_d34,"7,15,20,34",one-channel swap audit around provisional greedy endpoint,0,0.9965095986038395,21.2001,22.0075,2.5278,24.76871842441531,23.279638714780187,40.50068614209154,1.327138010426815,18.706845114219355,0.7862113216717361,6.449193699608195,20.522847212201924,1.1721424690962214,21.21441311857495,1.1751065123804474
319,swap_k04_0130_d09_d15_d20_d34,"9,15,20,34",one-channel swap audit around provisional greedy endpoint,0,0.9965095986038395,21.2001,22.0075,2.5278,24.76871842441531,23.279638714780187,40.50068614209154,1.327138010426815,18.706845114219355,0.7862113216717361,6.449193699608195,20.522847212201924,1.1721424690962214,21.21441311857495,1.1751065123804474
320,swap_k04_0134_d13_d15_d20_d34,"13,15,20,34",one-channel swap audit around provisional greedy endpoint,0,0.9965095986038395,21.2001,22.0075,2.5278,24.76871842441531,23.279638714780187,40.50068614209154,1.327138010426815,18.706845114219355,0.7862113216717361,6.449193699608195,20.522847212201924,1.1721424690962214,21.21441311857495,1.1751065123804474
321,r_k04_0145_d11_d34_d41_d54,"11,34,41,54",budget-matched cardinality-stratified random full-sequence control,0,0.9965095986038395,21.2265,22.645699999999998,2.3057000000000003,25.4941754834457,23.803588113706205,46.173744368435656,1.1430404921743234,10.595642544413261,0.7627060032025096,5.292389909445339,21.436107321548498,1.1579103527750856,21.225632184420395,1.1680536648950492
322,swap_k04_0148_d15_d20_d30_d34,"15,20,30,34",one-channel swap audit around provisional greedy endpoint,0,0.9965095986038395,21.229,22.1618,1.982,23.068829151956212,22.32043511465436,32.858518161569265,1.0369806974762417,4.28741914481632,0.7015537548636269,7.927883893063098,21.5835464470748,1.0710599448295237,21.230298288217544,1.084943696605331
323,swap_k04_0213_d15_d20_d26_d36,"15,20,26,36",one-channel swap audit around provisional greedy endpoint,0,0.9965095986038395,21.235799999999998,21.7775,2.8235,23.448516106349697,22.38635157515833,35.10937353998326,1.1218760541252473,7.105010159536156,0.8364824300291857,8.895383880437949,20.387844168497388,1.1382176757594966,21.26353640560389,1.1362927949054273
324,swap_k04_0215_d15_d20_d26_d38,"15,20,26,38",one-channel swap audit around provisional greedy endpoint,0,0.9965095986038395,21.235799999999998,21.7775,2.8235,23.448516106349697,22.38635157515833,35.10937353998326,1.1218760541252473,7.105010159536156,0.8364824300291857,8.895383880437949,20.387844168497388,1.1382176757594966,21.26353640560389,1.1362927949054273
325,swap_k04_0225_d15_d20_d26_d48,"15,20,26,48",one-channel swap audit around provisional greedy endpoint,0,0.9965095986038395,21.235799999999998,21.7775,2.8235,23.448516106349697,22.38635157515833,35.10937353998326,1.1218760541252473,7.105010159536156,0.8364824300291857,8.895383880437949,20.387844168497388,1.1382176757594966,21.26353640560389,1.1362927949054273
326,g_s01_k03_from_d33_d52_add_d22,"22,33,52",direct full-sequence ATE forward-greedy trial,0,0.9965095986038395,21.2531,21.971899999999998,2.4813,23.91098415452565,22.25929864306953,41.196604056024334,1.5149952257174748,23.297798046018368,0.8390121994493388,13.221733094415631,19.889117083997792,1.1558545182726476,21.27684334891347,1.1602861528100603
327,g_s02_k05_from_d24_d26_d51_d63_add_d54,"24,26,51,54,63",direct full-sequence ATE forward-greedy trial,0,0.9965095986038395,21.2758,23.3744,2.6237,23.742439817854404,21.911741434704933,45.07741807640779,1.6559521516991427,29.45385415101119,1.1639986970446226,19.629638020757948,21.451454983989517,1.0498109044289625,21.279358519409882,1.0697477779644404
328,g_s01_k06_from_d29_d31_d33_d52_d55_add_d53,"29,31,33,52,53,55",direct full-sequence ATE forward-greedy trial,0,0.9965095986038395,21.2782,21.6909,2.0114,22.907513188428396,22.511668044268074,32.088368311272916,1.0267133869908216,6.018953543293618,0.6998658702085163,6.766411153651954,21.215191961777194,1.0959420077840436,21.292875219735265,1.1075902598960101
329,r_k06_0212_d20_d21_d22_d26_d45_d55,"20,21,22,26,45,55",budget-matched cardinality-stratified random full-sequence control,0,0.9965095986038395,21.284200000000002,22.1958,2.6974,23.760964334921926,22.527038170989886,37.939125499183376,1.2783143667151484,15.552951627031142,0.7000226429142136,7.060990041090501,20.66970997151166,1.1290018574894518,21.29752556871061,1.1448431752359751
330,g_pair_seed_sweep_d15_d40,"15,40",exhaustive two-channel full-sequence seed sweep (all_singletons_failed),0,0.9965095986038395,21.2869,21.7879,2.5282999999999998,22.19924301900193,21.38715175228998,32.674487855882944,1.2366296126163316,9.559282223732307,0.8187864048175655,9.937746306035123,20.29798934606124,1.0948459701767945,21.314193368220703,1.1000213154923912
331,r_k03_0017_d01_d17_d39,"1,17,39",budget-matched cardinality-stratified random full-sequence control,0,0.9965095986038395,21.296499999999998,22.105900000000002,2.1822999999999997,22.73939878520041,21.651584229218447,37.05331649665523,1.2139428329643909,13.653726786055154,0.6314681026824754,4.0339667298576956,20.457339060492227,1.0954895706336787,21.306095033598933,1.1115244021589996
332,r_k06_0169_d11_d15_d31_d53_d62_d63,"11,15,31,53,62,63",budget-matched cardinality-stratified random full-sequence control,0,0.9965095986038395,21.296499999999998,22.0817,2.2463,23.05770904682139,22.322733851710275,33.00587193564367,1.2317038650083652,12.276911321851287,0.7217377236549022,5.519540327090301,21.09874288866365,1.0914345184564942,21.30788227041106,1.105056697245537
333,g_s02_k06_from_d23_d24_d26_d51_d63_add_d19,"19,23,24,26,51,63",direct full-sequence ATE forward-greedy trial,0,0.9965095986038395,21.3061,22.1044,2.0037,22.94318603111836,21.54505243016788,38.7323001260595,1.334693225157697,18.60891990350119,0.9452451288229492,11.869285444038047,20.600129240307485,1.1001864624246536,21.343918300364013,1.1133423779255356
334,g_pair_seed_sweep_d20_d37,"20,37",exhaustive two-channel full-sequence seed sweep (all_singletons_failed),0,0.9965095986038395,21.310000000000002,21.9604,1.9346999999999999,24.128641496395634,23.23592613581333,36.87142762971051,1.2874811942275048,15.701720727732546,0.7259422752763289,5.216747869291492,21.102950112329864,1.1377670508787034,21.31747854042673,1.143762989354173
335,g_s03_k06_from_d23_d24_d40_d59_d63_add_d28,"23,24,28,40,59,63",direct full-sequence ATE forward-greedy trial,0,0.9965095986038395,21.323700000000002,22.0297,2.4093,22.803943292248697,22.19402821712643,36.160308108834016,1.2450075992077168,10.070097225430231,0.7532146951696698,6.8429986971014065,21.295927095986432,1.0760838547017124,21.344489761198517,1.09030890141888
336,swap_k04_0184_d03_d15_d20_d26,"3,15,20,26",one-channel swap audit around provisional greedy endpoint,0,0.9965095986038395,21.3255,21.8663,2.8309,23.540952758111434,22.441846307654036,35.689822229404086,1.1268041304979244,8.506455809478254,0.8364047439192386,9.325272408178837,20.52631038618424,1.1373317186095167,21.353347639989167,1.1363284860657874
337,g_s04_k05_from_d15_d20_d26_d34_add_d58,"15,20,26,34,58",direct full-sequence ATE forward-greedy trial,0,0.9965095986038395,21.3325,22.2733,2.1585,23.844843417379646,23.09212518771389,33.882132596254415,1.2313646964868707,14.790359430224031,0.7086955002122199,5.3284508459724576,21.89654095894788,1.0921306616054085,21.33846562794449,1.111217880154425
338,r_k06_0173_d11_d37_d38_d39_d51_d52,"11,37,38,39,51,52",budget-matched cardinality-stratified random full-sequence control,0,0.9965095986038395,21.3421,23.0187,2.7990999999999997,24.879052792447414,23.14579334227335,41.913489889141346,1.3867697065238265,19.686442186654308,0.7217215465057125,5.9309767926027686,21.157522332525875,1.1385438497306537,21.33472102884124,1.1537492603759187
339,r_k03_0152_d13_d52_d60,"13,52,60",budget-matched cardinality-stratified random full-sequence control,0,0.9965095986038395,21.3501,22.0936,2.163,23.71144591405025,22.877501748569458,37.619620160521016,1.2443824046354743,16.620267276621817,0.8769867535868555,12.00017597306002,21.078741050004236,1.1209373431276382,21.380568533405572,1.1246560841367685
340,g_s01_k06_from_d29_d31_d33_d52_d55_add_d54,"29,31,33,52,54,55",direct full-sequence ATE forward-greedy trial,0,0.9965095986038395,21.3992,23.2808,2.4979999999999998,24.173322192261338,22.755272118887433,48.768442568281145,1.4626543786859767,22.220942861572148,0.9450375531860374,12.53184380331061,22.153543573090673,1.064744767163996,21.37918898481967,1.0873934765922404
341,g_s01_k05_from_d29_d31_d33_d52_add_d46,"29,31,33,46,52",direct full-sequence ATE forward-greedy trial,0,0.9965095986038395,21.4116,21.9468,2.289,22.94570564064361,22.37712427607473,32.80514475961275,1.1117175878171646,10.699539149925679,0.7191393358459954,7.3353682361083274,21.220079454714007,1.0951828265378163,21.4299074208512,1.1074850521665032
342,g_s01_k05_from_d29_d31_d33_d52_add_d40,"29,31,33,40,52",direct full-sequence ATE forward-greedy trial,0,0.9965095986038395,21.4377,22.2436,2.5163,23.19582463457367,22.02683271727491,38.04622212880852,1.6635659563884404,27.97588600272721,1.1631944187586463,22.681353405360053,20.126619626117655,1.125225855624272,21.479607390311642,1.124707675332537
343,g_s04_k06_from_d15_d20_d26_d34_d45_add_d46,"15,20,26,34,45,46",direct full-sequence ATE forward-greedy trial,0,0.9965095986038395,21.441399999999998,23.985899999999997,1.7587,24.936669525734892,23.025161165286605,42.625040719645725,1.4162049440170648,21.030206982519363,0.9622072266371269,16.112513844196993,22.824047105325953,1.0289041565531407,21.412994125805376,1.0529960296094376
344,r_k06_0113_d06_d11_d13_d15_d33_d41,"6,11,13,15,33,41",budget-matched cardinality-stratified random full-sequence control,0,0.9965095986038395,21.4568,23.0738,2.6239,23.771576275247376,22.15644286189073,40.854819039335624,1.4804824078926448,19.995040654957332,0.7497123791184317,9.386126008830514,21.523809390632355,1.0778252761203033,21.43945401336013,1.096194075895345
345,g_pair_seed_sweep_d15_d19,"15,19",exhaustive two-channel full-sequence seed sweep (all_singletons_failed),0,0.9965095986038395,21.4834,22.2342,2.1198,22.78374588770669,21.491766197681077,35.916429942765106,1.5781612829417542,18.68284760795697,0.9065112217855081,9.594601805330406,20.591784271826665,1.0955481841614807,21.515624928942103,1.106273499861295
346,g_pair_seed_sweep_d19_d41,"19,41",exhaustive two-channel full-sequence seed sweep (all_singletons_failed),0,0.9965095986038395,21.5049,22.5119,2.8927,24.20166788889991,22.822210230747217,39.93585000409865,1.907286975511865,33.85017020230873,0.796397314509987,10.536875885442688,21.405640801475265,1.1200439850070714,21.50531207306834,1.1381215987991269
347,g_s04_k04_from_d20_d26_d34_add_d35,"20,26,34,35",direct full-sequence ATE forward-greedy trial,0,0.9965095986038395,21.5079,22.0408,2.308,23.606925329626844,22.818401841197108,35.097313543695755,1.2045050656454193,9.698806582675012,0.8591289228301086,9.623601600685475,20.901422362324766,1.127934725778817,21.538141863963975,1.1288747891641753
348,g_s01_k06_from_d29_d31_d33_d52_d55_add_d42,"29,31,33,42,52,55",direct full-sequence ATE forward-greedy trial,0,0.9965095986038395,21.5085,22.0671,2.3372,23.269509960974204,22.287435274000874,35.569396047551,1.080014688764069,9.785742137431088,0.9508123849067714,16.324850816517785,20.481338475619086,1.1248784262688016,21.530679699001322,1.1323266055951362
349,g_s03_k06_from_d23_d24_d40_d59_d63_add_d15,"15,23,24,40,59,63",direct full-sequence ATE forward-greedy trial,0,0.9965095986038395,21.5223,21.996299999999998,2.4741,22.901698606415305,21.922440048348356,35.70998297707126,1.1611405488806137,8.886839014704677,0.7857826121361174,8.909324503334812,20.33877855083443,1.1185517927315751,21.549097342559254,1.121425287992374
350,g_s01_k05_from_d29_d31_d33_d52_add_d15,"15,29,31,33,52",direct full-sequence ATE forward-greedy trial,0,0.9965095986038395,21.5284,22.0302,2.407,22.90688666686107,22.00840680272298,35.64282871063317,1.2210663252883975,11.70761996051118,0.786332996901748,9.781625282173877,20.465243397202688,1.1162969589583698,21.558548669406207,1.1181125212678797
351,g_s03_k04_from_d23_d24_d59_add_d62,"23,24,59,62",direct full-sequence ATE forward-greedy trial,0,0.9965095986038395,21.5315,22.7179,2.7428,26.113425705588945,24.301986104557724,50.303064396887144,1.4842235396775005,20.644720635512282,0.9316084486063653,10.709167341877752,21.163293826719475,1.1865329058125118,21.534596859581224,1.1984013980344237
352,r_k06_0010_d00_d03_d06_d12_d52_d60,"0,3,6,12,52,60",budget-matched cardinality-stratified random full-sequence control,0,0.9965095986038395,21.541,22.9994,2.3449,23.541650463871335,22.16195203740704,48.57289516093996,1.8985266855887801,32.816608589237916,1.518540218370911,30.083612194992174,21.936664352723533,1.0462930890922995,21.536876659147953,1.0580229873251825
353,g_s03_k03_from_d23_d59_add_d30,"23,30,59",direct full-sequence ATE forward-greedy trial,0,0.9965095986038395,21.548000000000002,23.0173,2.2507,23.827491899509344,22.460433813277717,37.273077630248494,1.2217343387964954,7.639014170404759,0.7980717725874205,8.445771206080368,21.66579333992281,1.0706665204465668,21.564661459256644,1.0839307588962392
354,g_pair_seed_sweep_d15_d27,"15,27",exhaustive two-channel full-sequence seed sweep (all_singletons_failed),0,0.9965095986038395,21.5698,22.2018,1.8726,22.480643463066606,21.64357819969948,33.987194627228504,1.1576101244693524,6.392782058506813,0.7571029585943974,7.87033583813133,20.717308168261,1.0846217649956769,21.59405874562362,1.0867763424314503
355,r_k04_0215_d25_d35_d53_d63,"25,35,53,63",budget-matched cardinality-stratified random full-sequence control,0,0.9965095986038395,21.5943,22.8459,2.6950000000000003,24.685333458947404,23.318290422140333,37.03592975121252,1.3920347945376947,17.21282124495705,0.9528625789627864,11.974753345813587,22.046290324801223,1.1037448917641104,21.601356842205305,1.127404680998957
356,swap_k04_0183_d02_d15_d20_d26,"2,15,20,26",one-channel swap audit around provisional greedy endpoint,0,0.9965095986038395,21.6074,22.139300000000002,2.854,23.71412907498215,22.64462496792314,35.4404761606542,1.1296199317611495,7.182070138581295,0.8422585740317363,9.128696691056481,20.69853138018445,1.137668759970881,21.635983113455897,1.1351667570815691
357,swap_k04_0185_d04_d15_d20_d26,"4,15,20,26",one-channel swap audit around provisional greedy endpoint,0,0.9965095986038395,21.6074,22.139300000000002,2.854,23.71412907498215,22.64462496792314,35.4404761606542,1.1296199317611495,7.182070138581295,0.8422585740317363,9.128696691056481,20.69853138018445,1.137668759970881,21.635983113455897,1.1351667570815691
358,swap_k04_0188_d07_d15_d20_d26,"7,15,20,26",one-channel swap audit around provisional greedy endpoint,0,0.9965095986038395,21.6074,22.139300000000002,2.854,23.71412907498215,22.64462496792314,35.4404761606542,1.1296199317611495,7.182070138581295,0.8422585740317363,9.128696691056481,20.69853138018445,1.137668759970881,21.635983113455897,1.1351667570815691
359,swap_k04_0190_d09_d15_d20_d26,"9,15,20,26",one-channel swap audit around provisional greedy endpoint,0,0.9965095986038395,21.6074,22.139300000000002,2.854,23.71412907498215,22.64462496792314,35.4404761606542,1.1296199317611495,7.182070138581295,0.8422585740317363,9.128696691056481,20.69853138018445,1.137668759970881,21.635983113455897,1.1351667570815691
360,swap_k04_0194_d13_d15_d20_d26,"13,15,20,26",one-channel swap audit around provisional greedy endpoint,0,0.9965095986038395,21.6074,22.139300000000002,2.854,23.71412907498215,22.64462496792314,35.4404761606542,1.1296199317611495,7.182070138581295,0.8422585740317363,9.128696691056481,20.69853138018445,1.137668759970881,21.635983113455897,1.1351667570815691
361,r_k04_0091_d05_d32_d33_d38,"5,32,33,38",budget-matched cardinality-stratified random full-sequence control,0,0.9965095986038395,21.6166,22.666700000000002,2.4966,24.264424033179306,22.987124025766185,44.39212346507123,1.3220409906345498,13.153006372421089,0.7821408253385457,6.05157065302178,21.047581858462948,1.130597690498378,21.623823469462756,1.132116235460895
362,g_pair_seed_sweep_d22_d55,"22,55",exhaustive two-channel full-sequence seed sweep (all_singletons_failed),0,0.9965095986038395,21.618299999999998,21.9591,2.6087,22.344316658736066,21.922930117577895,29.19394096969508,2.0596179039004627,39.16628599791582,0.9106270806136041,11.084499835833377,21.494991415410247,1.0565017113324062,21.63149156590995,1.0624382764753284
363,r_k05_0024_d01_d05_d13_d23_d36,"1,5,13,23,36",budget-matched cardinality-stratified random full-sequence control,0,0.9965095986038395,21.6241,22.592200000000002,2.3323,24.857762064182406,23.33294441597003,49.886787224584175,1.2538482166277218,13.59884223344382,0.9025764715360246,9.628774284023327,22.09157110465812,1.1238213884897488,21.6254531627933,1.137655302385497
364,g_s01_k06_from_d29_d31_d33_d52_d55_add_d32,"29,31,32,33,52,55",direct full-sequence ATE forward-greedy trial,0,0.9965095986038395,21.6456,22.1702,2.3630999999999998,23.519099984742756,22.57137426880938,36.92965549216511,1.153501060129722,12.994361322258227,0.639534670059542,3.3607357131672604,20.691164629395793,1.131296105891236,21.67124250070959,1.1360477087459215
365,g_s02_k05_from_d24_d26_d51_d63_add_d56,"24,26,51,56,63",direct full-sequence ATE forward-greedy trial,0,0.9965095986038395,21.6471,22.1071,1.9154999999999998,22.407534857452696,21.640177587907765,36.13838488643112,1.3179044978342844,16.142942628465537,0.8630261941444072,9.35248291643728,20.74135340177099,1.0862985698338221,21.679424990220326,1.0903993268863632
366,g_s03_k06_from_d23_d24_d40_d59_d63_add_d54,"23,24,40,54,59,63",direct full-sequence ATE forward-greedy trial,0,0.9965095986038395,21.6509,24.431900000000002,2.4067000000000003,25.243982880626113,22.705576973647613,53.3973888122545,1.7931174075199126,31.13582651564438,1.157910514205036,18.19031324422823,22.619497925924012,1.0367446291635576,21.61136808781067,1.068409449520275
367,r_k06_0065_d03_d08_d11_d15_d33_d60,"3,8,11,15,33,60",budget-matched cardinality-stratified random full-sequence control,0,0.9965095986038395,21.6533,23.2308,2.5258,24.581862082402004,23.156776276488632,37.763920628026234,1.2637352469398038,13.43747651862309,0.6880093139958762,4.53242972013013,21.99355478656157,1.0991658054620845,21.644495495640122,1.119492234851256
368,r_k05_0149_d10_d22_d50_d54_d63,"10,22,50,54,63",budget-matched cardinality-stratified random full-sequence control,0,0.9965095986038395,21.6665,24.134800000000002,3.2226,26.40035422803278,23.90255044096792,43.561478974781195,1.322589898016691,13.41383647061182,0.865989753241378,10.06687693222311,21.634675592527874,1.153281676020597,21.66937003787781,1.1654651200852306
369,g_s01_k06_from_d29_d31_d33_d52_d55_add_d37,"29,31,33,37,52,55",direct full-sequence ATE forward-greedy trial,0,0.9965095986038395,21.6863,22.0579,2.0687,23.14197137355333,22.676703001234614,32.898165916922366,1.0122656723906533,4.058250492376663,0.6702667193553977,4.75829764419389,21.244304201579954,1.1060098293038154,21.706525726773577,1.1126371769171488
370,g_pair_seed_sweep_d49_d56,"49,56",exhaustive two-channel full-sequence seed sweep (all_singletons_failed),0,0.9965095986038395,21.6913,22.3965,2.1179,22.524868458170396,21.3545650608471,35.596390063880825,1.387061618561276,20.41281199122312,0.8812682153936457,12.255827578440053,20.534787003701073,1.0877560663113335,21.720400498855643,1.0982786333732781
371,g_s01_k04_from_d29_d33_d52_add_d16,"16,29,33,52",direct full-sequence ATE forward-greedy trial,0,0.9965095986038395,21.6917,22.4769,2.2849999999999997,23.83115444058371,23.280061680392183,33.215789352315475,1.1057905536433263,7.3766379520826915,0.7097520888607916,5.234503067216141,21.760682787527212,1.1042494057193029,21.694827151765406,1.1175976871096238
372,g_s02_k03_from_d26_d51_add_d60,"26,51,60",direct full-sequence ATE forward-greedy trial,0,0.9965095986038395,21.6938,22.669800000000002,1.8788,22.592209460066602,21.343727932080746,37.063665879631955,1.4387516211359175,19.029885904347108,0.9576757967102112,13.252328855056827,20.614580846631906,1.076725396174618,21.72369505960228,1.0809099997559684
373,g_pair_seed_sweep_d11_d33,"11,33",exhaustive two-channel full-sequence seed sweep (all_singletons_failed),0,0.9965095986038395,21.6993,22.366600000000002,1.8071,22.039866209279683,20.964883604552288,33.688396486390005,1.3068960387648427,15.329327035339743,0.9478316895703592,11.893446643711696,20.413455291790484,1.0653378352062965,21.72411211568178,1.0689265139929498
374,g_s03_k04_from_d23_d24_d59_add_d12,"12,23,24,59",direct full-sequence ATE forward-greedy trial,0,0.9965095986038395,21.706,22.9765,2.8014,25.537483039881813,23.963209512638933,45.42122872614516,1.5171328876176806,21.864703294592708,0.9872548062907177,12.530276394105444,21.5618565286958,1.1546451408729002,21.71142885718973,1.1686712889147617
375,g_pair_seed_sweep_d33_d40,"33,40",exhaustive two-channel full-sequence seed sweep (all_singletons_failed),0,0.9965095986038395,21.7107,22.3017,1.881,23.892157720524878,23.40113625928646,32.72908148668126,1.162418136635749,5.867564526490425,0.729106238903191,4.399300869544269,22.324363267449538,1.0864634858248952,21.71679601304952,1.1027331798927122
376,g_pair_seed_sweep_d24_d45,"24,45",exhaustive two-channel full-sequence seed sweep (all_singletons_failed),0,0.9965095986038395,21.7294,22.7535,2.4752,24.37536065364922,23.513841431302918,36.49488294965776,1.1531397210930858,6.739328313020051,0.666773636916956,3.6057188213436233,22.044629948215185,1.1094135333122346,21.74435163730932,1.1289431652288113
377,g_pair_seed_sweep_d06_d51,"6,51",exhaustive two-channel full-sequence seed sweep (all_singletons_failed),0,0.9965095986038395,21.7413,22.3135,1.9872999999999998,23.32083914145377,22.468030282901,35.101549829726245,1.1414026084405475,12.626057825177488,0.6361243615357787,4.510321286521599,20.684561222109014,1.1212492425127054,21.76854372174344,1.1241381439709173
378,g_s01_k03_from_d33_d52_add_d02,"2,33,52",direct full-sequence ATE forward-greedy trial,0,0.9965095986038395,21.7688,22.453899999999997,2.522,23.874108778259544,22.821245918620583,34.814577140641106,1.323046556581339,13.915400515082407,1.0650905708544403,11.632038342698673,20.92150286824727,1.1340033656795228,21.7993163777783,1.132995972962243
379,g_s01_k03_from_d33_d52_add_d04,"4,33,52",direct full-sequence ATE forward-greedy trial,0,0.9965095986038395,21.7688,22.453899999999997,2.522,23.874108778259544,22.821245918620583,34.814577140641106,1.323046556581339,13.915400515082407,1.0650905708544403,11.632038342698673,20.92150286824727,1.1340033656795228,21.7993163777783,1.132995972962243
380,g_s01_k03_from_d33_d52_add_d07,"7,33,52",direct full-sequence ATE forward-greedy trial,0,0.9965095986038395,21.7688,22.453899999999997,2.522,23.874108778259544,22.821245918620583,34.814577140641106,1.323046556581339,13.915400515082407,1.0650905708544403,11.632038342698673,20.92150286824727,1.1340033656795228,21.7993163777783,1.132995972962243
381,g_s01_k03_from_d33_d52_add_d09,"9,33,52",direct full-sequence ATE forward-greedy trial,0,0.9965095986038395,21.7688,22.453899999999997,2.522,23.874108778259544,22.821245918620583,34.814577140641106,1.323046556581339,13.915400515082407,1.0650905708544403,11.632038342698673,20.92150286824727,1.1340033656795228,21.7993163777783,1.132995972962243
382,g_s01_k03_from_d33_d52_add_d13,"13,33,52",direct full-sequence ATE forward-greedy trial,0,0.9965095986038395,21.7688,22.453899999999997,2.522,23.874108778259544,22.821245918620583,34.814577140641106,1.323046556581339,13.915400515082407,1.0650905708544403,11.632038342698673,20.92150286824727,1.1340033656795228,21.7993163777783,1.132995972962243
383,g_pair_seed_sweep_d24_d37,"24,37",exhaustive two-channel full-sequence seed sweep (all_singletons_failed),0,0.9965095986038395,21.7707,22.9205,2.1676,25.537267617985265,24.255099840680938,41.594563449398514,1.3313027358969467,7.600954252364348,0.7669602805126285,3.881965864068958,21.24498822941386,1.170410022917244,21.77922033193128,1.1820993463428882
384,g_pair_seed_sweep_d06_d55,"6,55",exhaustive two-channel full-sequence seed sweep (all_singletons_failed),0,0.9965095986038395,21.7741,22.359499999999997,1.9869999999999999,23.773886848263164,22.668707287665338,37.802824449735525,1.1714728841278512,13.610051163142826,0.6212208349463583,2.1992144426285267,20.644086810821648,1.1375544675518097,21.803957822858305,1.1415424173394637
385,g_s01_k06_from_d29_d31_d33_d52_d55_add_d47,"29,31,33,47,52,55",direct full-sequence ATE forward-greedy trial,0,0.9965095986038395,21.7783,22.314600000000002,2.3087,23.675611657542433,22.83269054908364,36.67999040201432,1.2134396606196383,12.802225507057386,0.789425671039687,10.548963630847805,21.19576657533032,1.1206331794079432,21.805438993738573,1.1281666252364098
386,g_s01_k05_from_d29_d31_d33_d52_add_d53,"29,31,33,52,53",direct full-sequence ATE forward-greedy trial,0,0.9965095986038395,21.7914,22.3364,2.1617,23.26072162282002,22.787922149654086,32.86246465200906,1.0914867904599397,7.674411185196364,0.692559998024159,7.686977809125244,21.38431789375676,1.099255498689105,21.809460714845777,1.105860695743992
387,g_pair_seed_sweep_d28_d31,"28,31",exhaustive two-channel full-sequence seed sweep (all_singletons_failed),0,0.9965095986038395,21.8423,22.4751,1.9905,22.923727062486368,22.053022811667322,34.00161113983023,1.3970961672188182,20.810450125735475,0.6803192647051726,6.3379061177851845,20.78118093242221,1.0993729609601939,21.869195158482885,1.0991592608555778
388,r_k04_0085_d05_d19_d56_d59,"5,19,56,59",budget-matched cardinality-stratified random full-sequence control,0,0.9965095986038395,21.8558,22.2927,2.3737,22.73070106443941,22.350869401831893,30.087064111880025,1.2680353068526553,13.898534371748491,0.8364908161008874,10.691838498040866,21.859371513132324,1.058280643865044,21.856939601220972,1.0721121305401216
389,r_k06_0178_d12_d20_d22_d27_d29_d52,"12,20,22,27,29,52",budget-matched cardinality-stratified random full-sequence control,0,0.9965095986038395,21.8568,22.625999999999998,2.4621,23.481705935192824,22.628456454559526,34.02569742667466,1.6451005413863284,25.579218346558434,0.9883238981947655,9.83005008929192,21.321954863052422,1.1016896408996524,21.882169216750636,1.1040402574791206
390,g_s03_k04_from_d23_d24_d59_add_d29,"23,24,29,59",direct full-sequence ATE forward-greedy trial,0,0.9965095986038395,21.873,23.2851,2.3087,24.92620934779172,23.22954532088182,52.74764909795305,1.3259912982427957,14.004360161359802,0.8201757949248848,8.299996156386392,21.66808665529845,1.1186602478045111,21.877191343395694,1.1320976120084696
391,r_k04_0241_d36_d39_d40_d45,"36,39,40,45",budget-matched cardinality-stratified random full-sequence control,0,0.9965095986038395,21.877,22.9652,2.3948,25.71801738474665,24.630499987315787,42.23353153126904,1.3434169873299926,19.094405822709497,0.995870968037231,15.784367172904028,22.784450561435328,1.1257642134015489,21.879266386406844,1.1510243315935313
392,g_s04_k06_from_d15_d20_d26_d34_d45_add_d03,"3,15,20,26,34,45",direct full-sequence ATE forward-greedy trial,0,0.9965095986038395,21.8795,22.7114,2.0122999999999998,23.630005735930162,22.933714109577203,32.74071302361115,1.1671633799307146,8.697150951220651,0.7392500755441263,6.033208077641364,21.849786906525498,1.0847458913211496,21.90084541786247,1.0975987046295395
393,g_s04_k06_from_d15_d20_d26_d34_d45_add_d18,"15,18,20,26,34,45",direct full-sequence ATE forward-greedy trial,0,0.9965095986038395,21.916,22.5688,2.4253,23.62757905039489,22.45422728411037,36.30283552585973,1.1694887203962847,11.17192719995845,0.7604796155947482,9.294004640114386,21.278083649155842,1.110720890920205,21.94806806099512,1.1181626190802167
394,g_s02_k06_from_d23_d24_d26_d51_d63_add_d49,"23,24,26,49,51,63",direct full-sequence ATE forward-greedy trial,0,0.9965095986038395,21.917900000000003,22.503500000000003,1.8383,22.53916308828513,21.8584720906549,36.92720582842835,1.3694227850003668,20.781383973446548,0.8481791631000846,11.979151306282342,21.1266164946575,1.073127873996993,21.95566558084462,1.082292932892437
395,g_pair_seed_sweep_d08_d20,"8,20",exhaustive two-channel full-sequence seed sweep (all_singletons_failed),0,0.9965095986038395,21.9261,24.0182,3.1676,25.551415174573343,23.833925746598855,44.983825117672346,1.8714211432619552,25.746633087301024,1.0962532967314376,12.778369592225896,21.656171702649672,1.1298378098318975,21.91854045631782,1.148905018634327
396,g_pair_seed_sweep_d05_d16,"5,16",exhaustive two-channel full-sequence seed sweep (all_singletons_failed),0,0.9965095986038395,21.936600000000002,23.637800000000002,2.1579,25.91347167531797,24.17216879751864,42.04550484126856,1.3024052913154989,13.656709861103995,0.67458778113229,4.714871209290346,21.706243531731506,1.1536871899922572,21.934940772485128,1.1646480611088614
397,r_k05_0237_d32_d36_d51_d52_d53,"32,36,51,52,53",budget-matched cardinality-stratified random full-sequence control,0,0.9965095986038395,21.9373,22.4576,2.2292,24.20072477843719,23.253412936561944,36.50701232680811,1.0827862030528081,4.7687421930410885,0.6705644480599507,4.049841819776745,21.280351684253464,1.1388870619140288,21.957738734194706,1.142967187221148
398,g_pair_seed_sweep_d50_d57,"50,57",exhaustive two-channel full-sequence seed sweep (all_singletons_failed),0,0.9965095986038395,21.9445,22.9042,2.1543,23.96333365009619,23.277781044179445,36.10486797065945,1.1358262984351986,8.757864361739975,0.7869839182782719,9.079671315971575,22.892101967049285,1.039030055825168,21.942509219382877,1.0638000514869979
399,g_pair_seed_sweep_d39_d40,"39,40",exhaustive two-channel full-sequence seed sweep (all_singletons_failed),0,0.9965095986038395,21.9479,24.357400000000002,3.0278,26.20478370950473,24.60152689536651,42.368832158777806,1.7350938053333633,21.171861711040325,1.1471576419652783,13.439438925458854,23.735141132410035,1.0794842893153795,21.954542212163425,1.1292214014509938
400,g_s01_k06_from_d29_d31_d33_d52_d55_add_d06,"6,29,31,33,52,55",direct full-sequence ATE forward-greedy trial,0,0.9965095986038395,21.949199999999998,22.3602,2.2979,23.203314512428395,22.450975717392,34.0800093332278,1.1317040591234282,12.32165950931823,0.7399653325704034,9.570988447145787,21.304604229004237,1.1017430064131606,21.973867689466882,1.1096459253136322
401,r_k04_0104_d07_d11_d31_d50,"7,11,31,50",budget-matched cardinality-stratified random full-sequence control,0,0.9965095986038395,21.953300000000002,24.2856,3.4145000000000003,27.831782442462107,25.73035756457408,46.054876908543214,1.4450219544589922,17.387444422226704,0.9256489998728246,13.239049362602831,22.547520555172245,1.1941559822171666,21.931567992634037,1.2040345535942247
402,g_pair_seed_sweep_d08_d23,"8,23",exhaustive two-channel full-sequence seed sweep (all_singletons_failed),0,0.9965095986038395,21.9562,24.643,2.9214,26.090935133228122,24.023311530758857,42.08163942117181,1.4936308095090833,15.680427662770722,1.017084180116763,10.505101937858413,22.64705144035164,1.101101512169387,21.94327517977273,1.1303153934488437
403,swap_k04_0235_d15_d20_d26_d58,"15,20,26,58",one-channel swap audit around provisional greedy endpoint,0,0.9965095986038395,21.9609,22.9113,2.9582,25.072014204164102,23.93967809694378,40.26616248864286,1.27157906598018,17.51960366463627,0.7290888881066989,3.9831113652440426,21.87642255002908,1.142043023001421,21.97657662802663,1.1475090336400438
404,r_k06_0035_d01_d05_d21_d45_d46_d58,"1,5,21,45,46,58",budget-matched cardinality-stratified random full-sequence control,0,0.9965095986038395,21.9679,22.639799999999997,2.2758000000000003,24.099945019316063,23.080829263264008,38.48577128467245,1.1413744455851096,10.535309261798805,0.6685788768512886,4.349956975158852,21.33667127450743,1.12620315473949,21.98745437195826,1.136666158261696
405,g_s03_k05_from_d23_d24_d40_d59_add_d12,"12,23,24,40,59",direct full-sequence ATE forward-greedy trial,0,0.9965095986038395,21.9713,24.0352,2.2822,25.819427531182154,23.799791804677774,58.4128537413662,1.4013720901968192,18.127162454475965,0.8964796567392972,10.624221932607748,22.89927128306998,1.0913385388999954,21.962356857084263,1.1202038669010177
406,r_k05_0212_d20_d36_d53_d55_d59,"20,36,53,55,59",budget-matched cardinality-stratified random full-sequence control,0,0.9965095986038395,21.9715,22.828699999999998,2.6773000000000002,26.796539316205088,25.201007714084252,43.79069013535502,1.337891680514152,13.777089273303671,0.8726612925990067,7.478716435047606,21.582318649507357,1.2079002715924452,21.98324070187968,1.209409877118849
407,r_k06_0014_d00_d09_d15_d41_d55_d59,"0,9,15,41,55,59",budget-matched cardinality-stratified random full-sequence control,0,0.9965095986038395,21.9817,23.3504,2.5465999999999998,25.71143682584733,24.44230751719369,42.98970832995114,1.3548847770092367,16.695009844714118,0.8108534356575349,6.266920239402983,22.912356755235926,1.1136938094825917,21.982567478020613,1.1417468580839778
408,r_k04_0107_d07_d16_d26_d63,"7,16,26,63",budget-matched cardinality-stratified random full-sequence control,0,0.9965095986038395,21.988,22.5902,2.7731,24.483221342277364,23.7614804001916,35.5319964674556,1.3046197024386723,11.090657224015011,0.8141017329339888,6.850423845928015,22.163788309252322,1.1169367434859587,22.01218685607714,1.1305917369647958
409,g_pair_seed_sweep_d16_d28,"16,28",exhaustive two-channel full-sequence seed sweep (all_singletons_failed),0,0.9965095986038395,21.9911,23.1581,2.0427,25.588286655028234,24.189271569296277,39.71045384188937,1.3246182972449676,17.614194437538462,0.64995289858362,2.9076442001371787,21.689989356467603,1.156033610907528,21.99525414295777,1.1601486522324318
410,g_s03_k04_from_d23_d24_d59_add_d01,"1,23,24,59",direct full-sequence ATE forward-greedy trial,0,0.9965095986038395,22.012999999999998,23.5044,3.1235,23.72608834325621,21.98123363043521,43.52197695727513,1.657576702363365,27.600613498492386,1.0708242608268295,17.419825997062826,20.795033571221623,1.090218874154332,22.00994722310222,1.0996323599629294
411,g_s03_k06_from_d23_d24_d40_d59_d63_add_d60,"23,24,40,59,60,63",direct full-sequence ATE forward-greedy trial,0,0.9965095986038395,22.0135,22.5851,2.5754,22.90474263126592,21.829454013692093,34.629446999734995,1.3124086553558953,13.398727275425006,0.8826511850363128,9.44541892221766,20.83643127690406,1.0948213991792801,22.037656308159253,1.0996787224083142
412,g_s01_k05_from_d29_d31_d33_d52_add_d37,"29,31,33,37,52",direct full-sequence ATE forward-greedy trial,0,0.9965095986038395,22.0578,23.721,2.5778,24.253715151154832,23.017800581113672,40.526584383689126,1.3164482979605225,20.059537992230645,0.7894414622917935,11.024335791471922,22.430737853820006,1.0595697178090515,22.044418519926705,1.0807535815509228
413,g_pair_seed_sweep_d16_d20,"16,20",exhaustive two-channel full-sequence seed sweep (all_singletons_failed),0,0.9965095986038395,22.0655,24.0535,1.8492000000000002,26.324793200565296,24.677879402473387,42.916133799787566,1.111597365808505,6.81326529539449,0.7191738969870104,6.968579145762645,22.399685240525933,1.1408300102085271,22.050017874676307,1.1495499716280853
414,g_s01_k06_from_d29_d31_d33_d52_d55_add_d50,"29,31,33,50,52,55",direct full-sequence ATE forward-greedy trial,0,0.9965095986038395,22.0767,22.8739,2.4353,24.289479402574624,23.51469938444142,37.99149369006267,1.2720256161394716,13.873072766034896,0.7080851309826258,7.565489882768782,21.7803756018036,1.117964096963896,22.091905102409324,1.1272634514481485
415,r_k04_0220_d26_d31_d38_d47,"26,31,38,47",budget-matched cardinality-stratified random full-sequence control,0,0.9965095986038395,22.098599999999998,23.1212,2.3996,24.816018819478728,23.689307157266416,42.465194678617316,1.3000909879919984,18.036404057837977,0.7272068780344317,3.8800826543572158,21.823016285063453,1.1281149969358122,22.120120956805053,1.1387729819246042
416,g_pair_seed_sweep_d20_d42,"20,42",exhaustive two-channel full-sequence seed sweep (all_singletons_failed),0,0.9965095986038395,22.103,22.7902,1.9736,23.314637084115848,22.7724846694257,31.80004199851997,1.2572900068774584,14.580938731276419,0.7831744269832216,10.384550054522379,21.84432659331908,1.0750714397146188,22.126172625535098,1.0775993594853248
417,g_pair_seed_sweep_d08_d26,"8,26",exhaustive two-channel full-sequence seed sweep (all_singletons_failed),0,0.9965095986038395,22.1062,23.024,2.2563,24.37895787904145,23.75286852388592,33.09526774240309,1.443973652724689,17.013214143990172,0.7446287841168854,7.465080572139584,23.21293744261061,1.0461415398243563,22.103116945167724,1.074284101807028
418,g_s02_k03_from_d26_d51_add_d40,"26,40,51",direct full-sequence ATE forward-greedy trial,0,0.9965095986038395,22.111,22.9908,2.0139,22.742684394082723,21.774147627364933,38.722753401827035,1.1111467161676987,6.611407197825494,0.7999970044466919,8.716487645389826,20.903599031887886,1.0743679235726984,22.152642121039815,1.0739350341128595
419,g_pair_seed_sweep_d24_d40,"24,40",exhaustive two-channel full-sequence seed sweep (all_singletons_failed),0,0.9965095986038395,22.114,23.1551,3.2426000000000004,24.922772133335094,23.613915140770672,46.45415567184773,2.0745026227013734,11.242240416249848,1.2215275583653484,9.20310994130876,22.254095240545226,1.1264338384841226,22.10353016763452,1.1547597045289804
420,swap_k04_0171_d15_d20_d34_d54,"15,20,34,54",one-channel swap audit around provisional greedy endpoint,0,0.9965095986038395,22.126,22.79,2.2885,25.00186003504941,23.896402438138203,38.31349968008926,1.068766565793192,5.175990978117856,0.74052635521112,3.3794913977561474,21.593836433596806,1.1545692799879246,22.14040275000182,1.1571757482886924
421,g_pair_seed_sweep_d43_d53,"43,53",exhaustive two-channel full-sequence seed sweep (all_singletons_failed),0,0.9965095986038395,22.126,24.745800000000003,2.3772,26.243902024682836,23.706058666298766,55.44094240295794,2.0029245699459164,26.903742743010145,1.1863598666827617,17.08173620691033,23.08505642536633,0.937052434165492,22.1216422976194,0.9367977792296514
422,g_pair_seed_sweep_d21_d53,"21,53",exhaustive two-channel full-sequence seed sweep (all_singletons_failed),0,0.9965095986038395,22.1365,23.2534,2.3434,24.17551761770243,23.31992898464283,34.98391996902479,1.2122793941987051,13.105643741114484,0.7808772204320299,10.654820255942532,22.147001862964917,1.0875902388124141,22.134723671616726,1.1025681622213341
423,r_k05_0005_d00_d05_d08_d59_d63,"0,5,8,59,63",budget-matched cardinality-stratified random full-sequence control,0,0.9965095986038395,22.1366,23.8783,2.5459,26.132673604370595,25.309234431977224,37.49143956830739,1.3517046872356242,8.023015711586512,0.9735508005317819,8.694365477107214,24.17035220717291,1.0747954079390665,22.119897233255816,1.1076315137734654
424,r_k04_0070_d04_d08_d24_d32,"4,8,24,32",budget-matched cardinality-stratified random full-sequence control,0,0.9965095986038395,22.1576,23.8555,2.7845999999999997,27.890258082642667,26.18349673340233,46.17673240656364,1.6313416923035802,17.36922801055377,1.035715584130606,11.704030867543157,23.907905927611733,1.1534280120169373,22.161765848675838,1.1718344793691498
425,r_k03_0187_d19_d26_d47,"19,26,47",budget-matched cardinality-stratified random full-sequence control,0,0.9965095986038395,22.162000000000003,22.5822,2.0459,23.486307377598926,23.0879607994683,30.55300783004517,1.0995288818297688,9.948121486614843,0.6928058522417365,8.344315061869079,22.435265623719065,1.06609682964047,22.174035967684684,1.0821058345567565
426,g_pair_seed_sweep_d19_d43,"19,43",exhaustive two-channel full-sequence seed sweep (all_singletons_failed),0,0.9965095986038395,22.162599999999998,23.157600000000002,2.3383000000000003,23.916417593443764,23.077327823734215,35.71433032084006,1.4734279726275283,21.61770394510903,0.7048267443743585,5.809079266088913,22.242645781239837,1.069987117039416,22.17157215601013,1.0892122036223804
427,g_s04_k04_from_d20_d26_d34_add_d10,"10,20,26,34",direct full-sequence ATE forward-greedy trial,0,0.9965095986038395,22.1847,22.7498,2.4882,23.738673954696463,22.63988632605023,35.04838492914433,1.120796755327666,9.603151116171512,0.8110086670060345,8.804141350071129,21.784258375900876,1.0992032740954176,22.204541067224394,1.1109952375876815
428,g_s04_k04_from_d20_d26_d34_add_d41,"20,26,34,41",direct full-sequence ATE forward-greedy trial,0,0.9965095986038395,22.1904,23.507,2.2253,24.55683648188743,23.59438862369594,34.83558243255055,1.4651104024274273,17.181500921513624,0.9522909172501165,10.954941328658785,23.235986705601878,1.034863098695032,22.16466948548903,1.0560061938032619
429,r_k04_0173_d16_d28_d37_d48,"16,28,37,48",budget-matched cardinality-stratified random full-sequence control,0,0.9965095986038395,22.1907,22.923299999999998,2.222,25.82192310503401,24.51219603817574,41.76388199328508,1.2679720804867396,13.952854869034127,0.7872907301312068,5.994411465351422,21.720156237962502,1.1744159542092887,22.204688060286955,1.1776638187082058
430,g_s02_k06_from_d23_d24_d26_d51_d63_add_d35,"23,24,26,35,51,63",direct full-sequence ATE forward-greedy trial,0,0.9965095986038395,22.2024,24.7664,2.4196,25.088004355006667,22.650162706033253,46.460872452524214,1.759296456832593,33.687904674761384,1.160855653702627,22.212363739896944,22.650104308900065,1.0000977211069297,22.18460198074812,1.023684280848408
431,g_s03_k06_from_d23_d24_d40_d59_d63_add_d12,"12,23,24,40,59,63",direct full-sequence ATE forward-greedy trial,0,0.9965095986038395,22.2054,25.033,2.3498,25.78514568722159,23.29172604186203,52.58518420329765,1.762821647556049,31.431469306473662,1.144707656137985,18.366990790559527,23.25973121034744,1.0243454085563044,22.166766721892518,1.0548331485729578
432,g_s01_k06_from_d29_d31_d33_d52_d55_add_d44,"29,31,33,44,52,55",direct full-sequence ATE forward-greedy trial,0,0.9965095986038395,22.2149,23.4534,2.4717,24.78705109535339,23.918279422054713,39.932642490816576,1.3458922633333212,14.275982838654198,0.7492002664296533,8.504462909699894,22.51388338378461,1.0955880775644804,22.211642794578722,1.1160104499268497
433,r_k06_0082_d04_d08_d17_d20_d50_d52,"4,8,17,20,50,52",budget-matched cardinality-stratified random full-sequence control,0,0.9965095986038395,22.246299999999998,24.2067,2.2212,25.900464916941463,25.004232409410744,42.297959098151864,1.138887439647777,7.9544833343100905,0.7793171823490472,6.774259748836444,23.718249005341686,1.0893274558112593,22.213992769179438,1.1177626084929395
434,r_k04_0098_d06_d19_d38_d51,"6,19,38,51",budget-matched cardinality-stratified random full-sequence control,0,0.9965095986038395,22.2558,22.9514,2.7239,24.59025169271123,23.31858247826505,39.95942449963801,1.4403593287218475,19.446221115071012,0.8637090234369009,8.335443375768504,21.384384567594594,1.1421487552600507,22.285131632949913,1.1477947954601706
435,g_s01_k06_from_d29_d31_d33_d52_d55_add_d05,"5,29,31,33,52,55",direct full-sequence ATE forward-greedy trial,0,0.9965095986038395,22.2619,22.9621,2.5169,24.102354113084722,23.033415100922824,38.92038710540589,1.306113729647281,14.183841485902498,0.7706859318522873,9.49759888133256,21.151599280977575,1.1324206010394953,22.291506673324957,1.1340705241504974
436,r_k04_0150_d13_d15_d41_d59,"13,15,41,59",budget-matched cardinality-stratified random full-sequence control,0,0.9965095986038395,22.2744,23.5577,2.9274999999999998,26.8507860100402,24.927213546257935,52.29661739559853,1.1584268568316392,7.099297823840196,0.8026065225119844,5.8394224586729235,22.327858208702285,1.1805631762507265,22.275290141779173,1.1909826648827373
437,g_pair_seed_sweep_d51_d53,"51,53",exhaustive two-channel full-sequence seed sweep (all_singletons_failed),0,0.9965095986038395,22.2799,22.7426,2.4204,24.373860306783527,23.58391202230304,36.39715510802402,1.1991112740323848,8.47715423036691,0.7018962078019114,5.176049184824424,21.571701549639656,1.1349919955176277,22.300342953748924,1.142743862816762
438,g_pair_seed_sweep_d05_d39,"5,39",exhaustive two-channel full-sequence seed sweep (all_singletons_failed),0,0.9965095986038395,22.2957,23.454900000000002,2.2362,25.340834421827157,24.33673588450126,36.75470970968405,1.3995608102325903,10.362482140728156,0.9371653154447105,9.81904542298163,22.776456647035154,1.1055846888749103,22.258073733094164,1.1270155038387288
439,g_pair_seed_sweep_d19_d37,"19,37",exhaustive two-channel full-sequence seed sweep (all_singletons_failed),0,0.9965095986038395,22.3166,23.2075,2.2662,24.50656463737973,23.53274829416014,37.21727480221353,1.511546313811404,22.65235070450946,0.7275538733424536,6.151878472605625,22.480188283771156,1.0933428730440142,22.32350452724357,1.117887818215609
440,g_s01_k06_from_d29_d31_d33_d52_d55_add_d35,"29,31,33,35,52,55",direct full-sequence ATE forward-greedy trial,0,0.9965095986038395,22.3166,23.649,2.5128,25.05214760329712,23.95105772185745,45.50090244625439,1.405585420661254,16.192994891945432,0.9762705992316911,13.658853374491875,22.82097002376893,1.0895845286964505,22.319844126688466,1.1078115017843329
441,r_k05_0048_d02_d20_d22_d46_d53,"2,20,22,46,53",budget-matched cardinality-stratified random full-sequence control,0,0.9965095986038395,22.3334,24.0822,2.7735,25.833660600126194,24.378871042014982,44.844831038998976,1.7204533870426764,25.495503254960056,1.161871767847623,18.18006892858834,23.007655119134547,1.1018297417612442,22.32518564160914,1.1177290623764402
442,g_pair_seed_sweep_d25_d39,"25,39",exhaustive two-channel full-sequence seed sweep (all_singletons_failed),0,0.9965095986038395,22.3461,23.7961,2.3795,23.55589929396049,22.28727623215989,35.226677218409854,1.4178398022532874,13.035232452856976,1.0785181371836579,11.659114776841111,21.995380237037626,1.027808877427653,22.313236607131618,1.0478009663659258
443,g_s03_k04_from_d23_d24_d59_add_d10,"10,23,24,59",direct full-sequence ATE forward-greedy trial,0,0.9965095986038395,22.362399999999997,23.901,2.4678,24.960093806715403,23.11449214068399,42.733281921763435,1.336665696562379,14.302205900984784,0.7713978166675487,9.264080489449364,21.729061132678083,1.1108022680922993,22.378339751941272,1.1265463617619422
444,r_k06_0063_d02_d14_d26_d31_d57_d60,"2,14,26,31,57,60",budget-matched cardinality-stratified random full-sequence control,0,0.9965095986038395,22.3649,24.6766,2.7698,25.135035277242224,23.28679360673272,42.40712519264438,1.33530413475848,14.597211837491317,0.8094932268099535,9.710076218377628,22.520607673952632,1.0672164898863594,22.35540687099741,1.0877751088020429
445,r_k03_0070_d05_d46_d63,"5,46,63",budget-matched cardinality-stratified random full-sequence control,0,0.9965095986038395,22.3878,23.3411,2.2103,24.60990720453801,24.017393899308242,33.28525138544589,1.0957210296648972,7.381310481788892,0.6978434215155034,6.421146679322482,23.01839168915353,1.0762942600097976,22.389008529046688,1.0986248631907034
446,g_s02_k06_from_d23_d24_d26_d51_d63_add_d02,"2,23,24,26,51,63",direct full-sequence ATE forward-greedy trial,0,0.9965095986038395,22.4077,22.8304,2.11,23.056089959403906,22.48990058032014,34.727709127644594,1.1213833582597608,7.767667251315463,0.8030852746737177,8.253290078291617,21.61666118746062,1.081261268083941,22.438210350735126,1.088163370998257
447,g_s02_k06_from_d23_d24_d26_d51_d63_add_d04,"4,23,24,26,51,63",direct full-sequence ATE forward-greedy trial,0,0.9965095986038395,22.4077,22.8304,2.11,23.056089959403906,22.48990058032014,34.727709127644594,1.1213833582597608,7.767667251315463,0.8030852746737177,8.253290078291617,21.61666118746062,1.081261268083941,22.438210350735126,1.088163370998257
448,g_s02_k06_from_d23_d24_d26_d51_d63_add_d07,"7,23,24,26,51,63",direct full-sequence ATE forward-greedy trial,0,0.9965095986038395,22.4077,22.8304,2.11,23.056089959403906,22.48990058032014,34.727709127644594,1.1213833582597608,7.767667251315463,0.8030852746737177,8.253290078291617,21.61666118746062,1.081261268083941,22.438210350735126,1.088163370998257
449,g_s02_k06_from_d23_d24_d26_d51_d63_add_d09,"9,23,24,26,51,63",direct full-sequence ATE forward-greedy trial,0,0.9965095986038395,22.4077,22.8304,2.11,23.056089959403906,22.48990058032014,34.727709127644594,1.1213833582597608,7.767667251315463,0.8030852746737177,8.253290078291617,21.61666118746062,1.081261268083941,22.438210350735126,1.088163370998257
450,g_s02_k06_from_d23_d24_d26_d51_d63_add_d13,"13,23,24,26,51,63",direct full-sequence ATE forward-greedy trial,0,0.9965095986038395,22.4077,22.8304,2.11,23.056089959403906,22.48990058032014,34.727709127644594,1.1213833582597608,7.767667251315463,0.8030852746737177,8.253290078291617,21.61666118746062,1.081261268083941,22.438210350735126,1.088163370998257
451,g_pair_seed_sweep_d08_d57,"8,57",exhaustive two-channel full-sequence seed sweep (all_singletons_failed),0,0.9965095986038395,22.4097,23.0533,2.1137,23.534873659600038,22.858357519760922,35.376316420255435,1.212951911234358,9.516050544849401,0.7887288761652581,7.2028900961516955,22.406422809268904,1.0537485883208055,22.43597306221297,1.071101104825303
452,r_k05_0075_d04_d16_d21_d22_d33,"4,16,21,22,33",budget-matched cardinality-stratified random full-sequence control,0,0.9965095986038395,22.434,23.1088,2.3726000000000003,24.948922031895123,24.080242323390923,37.07233209244062,1.0757899473977874,6.144707471645612,0.6993724391445121,5.936549653762746,22.17989533890158,1.1342090555874955,22.44452760238356,1.1458129837716928
453,swap_k04_0131_d10_d15_d20_d34,"10,15,20,34",one-channel swap audit around provisional greedy endpoint,0,0.9965095986038395,22.4368,23.4481,2.2393,24.783494427470572,23.74062253079925,37.60410317026937,1.261235599554269,13.894193308756368,0.6398059648336654,3.8955276419501366,22.266815009365164,1.1077012818862526,22.444621404281218,1.1230470370793255
454,g_s01_k06_from_d29_d31_d33_d52_d55_add_d63,"29,31,33,52,55,63",direct full-sequence ATE forward-greedy trial,0,0.9965095986038395,22.448,23.1751,2.5324,24.40070981136005,22.83424914165482,40.894995625732314,1.3770176024463625,15.559395551081401,0.9948287127084732,17.14524885506586,20.932598229482043,1.1391854743846588,22.4896604141602,1.1475465928635995
455,g_s02_k06_from_d23_d24_d26_d51_d63_add_d50,"23,24,26,50,51,63",direct full-sequence ATE forward-greedy trial,0,0.9965095986038395,22.4541,23.0762,2.9144,23.336103313132174,22.260267921156064,36.82586073484018,1.4057392104045285,19.785654683965554,0.9624890448874507,13.811173823644031,21.378395123600875,1.089300376241338,22.478110364692068,1.09528558560826
456,g_s01_k06_from_d29_d31_d33_d52_d55_add_d08,"8,29,31,33,52,55",direct full-sequence ATE forward-greedy trial,0,0.9965095986038395,22.4715,22.8619,2.3178,24.07806378142057,23.43974848201827,36.02596961982955,1.0625734183139985,4.552776874457811,0.6544925174301235,3.8191390315710683,21.85256528290911,1.119711957495313,22.491268427840787,1.127279469033364
457,r_k06_0110_d06_d09_d10_d22_d24_d52,"6,9,10,22,24,52",budget-matched cardinality-stratified random full-sequence control,0,0.9965095986038395,22.4841,23.9087,3.2453999999999996,25.213554270044792,22.948089510659468,42.77594781256621,1.4649860905386158,19.83206249512478,0.7830645668462752,10.69814167879671,21.194043234330692,1.1435662398185367,22.5046787443327,1.1478227891154433
458,g_pair_seed_sweep_d52_d63,"52,63",exhaustive two-channel full-sequence seed sweep (all_singletons_failed),0,0.9965095986038395,22.491600000000002,23.5514,2.2629,25.030395001602457,24.079977777320906,36.90128701841332,1.4444630271923675,17.541332649921646,0.9961585457713981,11.351248598659488,23.234205468318468,1.0739985536770351,22.490526485751374,1.0975151579227764
459,r_k05_0205_d19_d21_d22_d29_d60,"19,21,22,29,60",budget-matched cardinality-stratified random full-sequence control,0,0.9965095986038395,22.501099999999997,23.1784,2.3675,24.28460781125075,23.359525836753605,38.02912475150505,1.2041348753220789,13.624887839354146,0.6862532606485304,3.5172649179713047,21.69627417473812,1.118601544387751,22.518918112848706,1.1319384358751818
460,g_s01_k05_from_d29_d31_d33_d52_add_d08,"8,29,31,33,52",direct full-sequence ATE forward-greedy trial,0,0.9965095986038395,22.5033,23.0627,2.7026000000000003,24.127051219923764,23.186075011788258,39.18133706706682,1.683097892961078,29.90771911118642,1.2271041602580315,24.14040798929402,21.703197759680656,1.1151140462588434,22.53707963033517,1.1204673218345387
461,r_k06_0235_d34_d43_d46_d54_d59_d63,"34,43,46,54,59,63",budget-matched cardinality-stratified random full-sequence control,0,0.9965095986038395,22.512,23.125,2.4416,24.446855772488174,23.540442808299396,37.48080267017748,1.2602449691083493,14.227190458731629,0.7423583933284998,6.890642164620488,21.949922273194215,1.1216788366842307,22.53373207781197,1.1357230710103865
462,g_s02_k06_from_d23_d24_d26_d51_d63_add_d55,"23,24,26,51,55,63",direct full-sequence ATE forward-greedy trial,0,0.9965095986038395,22.531100000000002,23.1209,2.1105,23.156586108526113,22.33937524579492,39.14621774557035,1.4709679283389723,17.0432742048527,0.9015224830335683,10.52359697059967,21.774615061697038,1.073094304817546,22.574596715905425,1.0791447121683049
463,g_s01_k06_from_d29_d31_d33_d52_d55_add_d00,"0,29,31,33,52,55",direct full-sequence ATE forward-greedy trial,0,0.9965095986038395,22.545299999999997,23.2118,2.6294999999999997,24.720042413966357,23.55264894895254,38.96286346759326,1.264051287564049,17.389406779730304,0.7099035417909724,6.529710949545445,22.062210554171937,1.1257025887271672,22.571803957300425,1.139456626917857
464,g_pair_seed_sweep_d19_d39,"19,39",exhaustive two-channel full-sequence seed sweep (all_singletons_failed),0,0.9965095986038395,22.5623,23.4341,2.2386,24.279404809693258,23.15398326024782,37.13759858077319,1.293908124342323,13.757152046181172,0.7958839520295459,9.403358542288627,22.1599338010266,1.0969759549714775,22.58983735449486,1.107466159539575
465,g_pair_seed_sweep_d05_d10,"5,10",exhaustive two-channel full-sequence seed sweep (all_singletons_failed),0,0.9965095986038395,22.5637,24.002200000000002,2.3512,25.007373311113213,23.378085347827284,40.21395668378076,1.3473887678611876,19.230153958684248,0.659613058026204,4.141092320879909,22.200713728134662,1.1043255229655558,22.566606568761554,1.1203831203244892
466,g_pair_seed_sweep_d19_d20,"19,20",exhaustive two-channel full-sequence seed sweep (all_singletons_failed),0,0.9965095986038395,22.5688,23.8295,2.5149999999999997,25.415678535171203,24.396229121671826,40.82917006698158,1.7838653331046395,26.477180174659342,1.463547838627027,26.68493211055554,24.417687100196297,0.9963375821423771,22.549819376410003,1.018893219229384
467,g_s01_k03_from_d33_d52_add_d58,"33,52,58",direct full-sequence ATE forward-greedy trial,0,0.9965095986038395,22.5886,23.4356,2.5701,24.974438297579724,23.627805157124207,36.62823737908552,1.2619474241193316,12.522643349919067,1.1011319754961628,12.281255576081016,22.020383994643563,1.1288133014303006,22.607677179114635,1.1322598980896008
468,r_k03_0119_d10_d27_d63,"10,27,63",budget-matched cardinality-stratified random full-sequence control,0,0.9965095986038395,22.5915,23.3841,2.7994000000000003,24.6765266528336,23.58941126946785,38.15470949929598,1.1904652723924034,11.747249410664898,0.6920021640149042,7.365312251041377,22.28813532662851,1.1087200543415983,22.614512255297342,1.122197968745287
469,g_s01_k03_from_d33_d52_add_d62,"33,52,62",direct full-sequence ATE forward-greedy trial,0,0.9965095986038395,22.5927,24.4954,2.2239999999999998,25.35238262574508,23.397908400273053,59.270000998569216,1.4920318917541433,21.1099499423746,1.3361224175062605,23.472079125423676,23.35569886479195,1.0549066935318938,22.564147437243484,1.0757201688722233
470,r_k04_0177_d16_d34_d41_d42,"16,34,41,42",budget-matched cardinality-stratified random full-sequence control,0,0.9965095986038395,22.595000000000002,23.3828,2.7279,25.289635800748584,24.189291395411455,38.986246038491096,1.1036594248597704,7.377989756504233,0.6745945453304412,5.095184792170833,22.341511117889407,1.137155622775548,22.605345560565254,1.1458660329756893
471,r_k04_0024_d01_d07_d11_d46,"1,7,11,46",budget-matched cardinality-stratified random full-sequence control,0,0.9965095986038395,22.5988,23.377200000000002,2.3390999999999997,24.780248360897883,23.796291347473712,38.455282903295604,1.0574330098456979,4.148703357338169,0.7105967840482996,3.559080426977687,22.362636269242326,1.116174378456017,22.602605938287805,1.1266885380844902
472,g_s01_k06_from_d29_d31_d33_d52_d55_add_d03,"3,29,31,33,52,55",direct full-sequence ATE forward-greedy trial,0,0.9965095986038395,22.6026,24.6949,2.4868,25.417329482414093,23.763155033931103,51.785852629029414,1.4511980480387445,23.727163162822723,0.9306325716741717,13.584619847446588,23.37127955456836,1.0485767494111706,22.581721611318923,1.0735130933988168
473,g_pair_seed_sweep_d44_d52,"44,52",exhaustive two-channel full-sequence seed sweep (all_singletons_failed),0,0.9965095986038395,22.6049,24.1792,2.2946,25.11297620810971,23.86371378830311,44.89685200101191,1.3356466272343706,9.620703320826943,0.7284201812908984,5.470243277821452,22.795459361165314,1.076310374852426,22.605890578593996,1.0955966618689623
474,g_pair_seed_sweep_d19_d33,"19,33",exhaustive two-channel full-sequence seed sweep (all_singletons_failed),0,0.9965095986038395,22.616500000000002,24.5823,1.6862,25.78057594871204,24.221021022007758,40.06259480849504,1.550889371314716,24.723948344962494,0.9657506321063435,17.412590186839587,24.123893193845277,1.0115629019787133,22.593962181485715,1.0408381844323407
475,g_pair_seed_sweep_d30_d33,"30,33",exhaustive two-channel full-sequence seed sweep (all_singletons_failed),0,0.9965095986038395,22.6247,23.6645,2.2727,24.221587607881094,22.74043948205603,38.8908338320122,1.1705179757891933,8.919798860352195,0.6881904821999935,5.335609750660718,21.95046950127222,1.086923736870014,22.644022642954493,1.1062399965426015
476,r_k06_0159_d10_d19_d24_d40_d41_d53,"10,19,24,40,41,53",budget-matched cardinality-stratified random full-sequence control,0,0.9965095986038395,22.6341,24.1189,2.552,25.568542519218944,23.754763724304148,43.303924895387965,1.448564510771437,19.950516117154475,0.755715060178035,8.089100525052613,22.118068920138846,1.1250538638408267,22.6440210851747,1.1447730357180557
477,r_k05_0164_d12_d49_d50_d53_d63,"12,49,50,53,63",budget-matched cardinality-stratified random full-sequence control,0,0.9965095986038395,22.6352,24.3056,3.3840000000000003,26.620452001175476,25.01535073978011,40.92592569024468,1.3015152202089055,12.714026969176794,0.7798700690232456,5.768251929714652,23.050216604428357,1.1409153652125215,22.634482978818525,1.1597780338605472
478,g_s01_k05_from_d29_d31_d33_d52_add_d17,"17,29,31,33,52",direct full-sequence ATE forward-greedy trial,0,0.9965095986038395,22.641,23.0468,2.4403,23.584031497734813,22.899594797284426,34.67281547001221,1.3354124861256196,15.238490745474358,0.8653843161744892,11.76189361784134,21.804343991220787,1.0979886470779947,22.66622575806594,1.1003770170017928
479,r_k04_0121_d09_d15_d39_d53,"9,15,39,53",budget-matched cardinality-stratified random full-sequence control,0,0.9965095986038395,22.6443,24.099899999999998,2.6716,25.77724196634999,23.899900576589552,46.3387243638934,1.3548086168984201,14.69949421834238,0.9058919532851955,7.625578615695635,22.251034657259094,1.1362830578209844,22.636217352613887,1.1518000772572106
480,r_k04_0163_d15_d20_d56_d62,"15,20,56,62",budget-matched cardinality-stratified random full-sequence control,0,0.9965095986038395,22.6635,23.305799999999998,3.0488,24.66198688427784,23.53705644396695,37.81457370519243,1.3258023051790917,18.760147173150287,0.8158777944052387,8.940994200681638,21.467587768109908,1.1419580013681594,22.686725327991063,1.1356615362619324
481,g_s01_k04_from_d29_d33_d52_add_d51,"29,33,51,52",direct full-sequence ATE forward-greedy trial,0,0.9965095986038395,22.6639,23.4912,2.9716,24.98100096902124,23.618740195256514,40.11824014075986,1.3218450511405486,12.195931330241551,0.7828812859970072,8.41602257403564,21.004494583169116,1.1575324347367004,22.689279638696146,1.158005026209068
482,g_pair_seed_sweep_d37_d42,"37,42",exhaustive two-channel full-sequence seed sweep (all_singletons_failed),0,0.9965095986038395,22.6641,23.396900000000002,1.8934,24.770617953076375,24.04961058506503,35.16793414041849,1.167212870614461,6.635451052323768,0.6868472940376009,4.718506295934968,22.269953736905634,1.1175692875663938,22.678864844708627,1.1247386085270104
483,r_k03_0173_d16_d33_d46,"16,33,46",budget-matched cardinality-stratified random full-sequence control,0,0.9965095986038395,22.671,23.8736,2.3158000000000003,25.430673625598075,23.90548108608935,39.27078950196642,1.2009852215414734,12.014227007529396,0.8292878821060858,12.130666655784442,22.660225658049953,1.115178323277297,22.682411107610864,1.1341148006009747
484,g_s03_k06_from_d23_d24_d40_d59_d63_add_d02,"2,23,24,40,59,63",direct full-sequence ATE forward-greedy trial,0,0.9965095986038395,22.6819,25.7434,2.4145,26.536335062179216,23.938155280023125,53.892794210583496,1.8076044188584144,31.19485950654194,1.2062275950376529,18.188075997790044,23.72349118245516,1.0432274859874437,22.631153265009146,1.075363489120659
485,g_s03_k06_from_d23_d24_d40_d59_d63_add_d04,"4,23,24,40,59,63",direct full-sequence ATE forward-greedy trial,0,0.9965095986038395,22.6819,25.7434,2.4145,26.536335062179216,23.938155280023125,53.892794210583496,1.8076044188584144,31.19485950654194,1.2062275950376529,18.188075997790044,23.72349118245516,1.0432274859874437,22.631153265009146,1.075363489120659
486,g_s03_k06_from_d23_d24_d40_d59_d63_add_d07,"7,23,24,40,59,63",direct full-sequence ATE forward-greedy trial,0,0.9965095986038395,22.6819,25.7434,2.4145,26.536335062179216,23.938155280023125,53.892794210583496,1.8076044188584144,31.19485950654194,1.2062275950376529,18.188075997790044,23.72349118245516,1.0432274859874437,22.631153265009146,1.075363489120659
487,g_s03_k06_from_d23_d24_d40_d59_d63_add_d09,"9,23,24,40,59,63",direct full-sequence ATE forward-greedy trial,0,0.9965095986038395,22.6819,25.7434,2.4145,26.536335062179216,23.938155280023125,53.892794210583496,1.8076044188584144,31.19485950654194,1.2062275950376529,18.188075997790044,23.72349118245516,1.0432274859874437,22.631153265009146,1.075363489120659
488,g_s03_k06_from_d23_d24_d40_d59_d63_add_d13,"13,23,24,40,59,63",direct full-sequence ATE forward-greedy trial,0,0.9965095986038395,22.6819,25.7434,2.4145,26.536335062179216,23.938155280023125,53.892794210583496,1.8076044188584144,31.19485950654194,1.2062275950376529,18.188075997790044,23.72349118245516,1.0432274859874437,22.631153265009146,1.075363489120659
489,g_s04_k05_from_d15_d20_d26_d34_add_d11,"11,15,20,26,34",direct full-sequence ATE forward-greedy trial,0,0.9965095986038395,22.6887,23.3096,2.791,23.848293631035506,22.696158404950936,38.94470647627654,1.5044629397961287,26.33437474940652,1.0005172973097565,18.611998275764773,21.74593961903661,1.102470167066515,22.72275585143585,1.1074880426138105
490,r_k06_0185_d13_d45_d47_d51_d57_d58,"13,45,47,51,57,58",budget-matched cardinality-stratified random full-sequence control,0,0.9965095986038395,22.6931,23.7265,2.8313,26.421047005053826,25.053497225036693,43.65522225978299,1.268070766211851,13.241736195595353,0.8196251732374,6.9164741489392645,22.581791349160753,1.1619456043095757,22.714019923240553,1.1688553991000674
491,r_k06_0040_d01_d09_d29_d30_d40_d42,"1,9,29,30,40,42",budget-matched cardinality-stratified random full-sequence control,0,0.9965095986038395,22.7072,23.5035,2.8861999999999997,25.296997883939348,24.224234438385228,41.87380985262949,1.2527829920519562,13.048503665937153,0.7689035232856746,4.748646593046276,22.344884274774508,1.135574088907943,22.728666207752074,1.1417917711716092
492,swap_k04_0119_d15_d26_d34_d62,"15,26,34,62",one-channel swap audit around provisional greedy endpoint,0,0.9965095986038395,22.7157,23.4218,2.3039,24.612009953993766,23.692779056465067,39.763617240977936,1.1513071175108585,10.774738700463542,0.7502934817112459,4.231807286108483,22.04607831142572,1.1211175258378772,22.741892527502426,1.1258145981534995
493,r_k04_0053_d03_d05_d27_d43,"3,5,27,43",budget-matched cardinality-stratified random full-sequence control,0,0.9965095986038395,22.730900000000002,24.1984,2.4688000000000003,24.74159698382681,23.471312956085903,49.22956772260639,1.3799090976809694,15.042280146750295,0.9369258015163393,13.813356450539082,22.955998332978226,1.0557856668133418,22.722449335958167,1.0722943395524938
494,g_s04_k06_from_d15_d20_d26_d34_d45_add_d58,"15,20,26,34,45,58",direct full-sequence ATE forward-greedy trial,0,0.9965095986038395,22.7388,23.6144,2.2592,24.575374820319443,23.771358051072685,35.71145410551379,1.2027677687334521,13.387435070683706,0.6739634817786704,4.88284531726952,22.415706594855695,1.1004874639071909,22.761314179963215,1.1138081904604182
495,g_s03_k05_from_d23_d24_d40_d59_add_d52,"23,24,40,52,59",direct full-sequence ATE forward-greedy trial,0,0.9965095986038395,22.7717,23.49,2.1885000000000003,24.628830516410815,23.82071881890269,36.90849834229671,1.4245439971847986,13.962780000312389,0.9859889356089159,8.863594603095711,22.705401802994384,1.0994796256439572,22.775111324714203,1.123511577151699
496,r_k04_0228_d28_d35_d39_d52,"28,35,39,52",budget-matched cardinality-stratified random full-sequence control,0,0.9965095986038395,22.7998,24.729100000000003,2.7951,25.9414030307785,23.692920160126246,41.83050468710962,1.4765483104036696,15.66497612996553,0.9101343372791597,11.738978994822402,21.970810337098477,1.1346523473559857,22.817596912731133,1.1510177220298792
497,g_pair_seed_sweep_d08_d22,"8,22",exhaustive two-channel full-sequence seed sweep (all_singletons_failed),0,0.9965095986038395,22.8063,24.1664,3.1085000000000003,25.38499384325511,24.30974074224652,38.52917326852007,1.726812966038433,24.809341395552675,1.0106442131543953,14.131354798809383,23.25821024205349,1.090457247696775,22.800120929170113,1.1138062674045637
498,g_pair_seed_sweep_d01_d41,"1,41",exhaustive two-channel full-sequence seed sweep (all_singletons_failed),0,0.9965095986038395,22.8364,24.4029,2.827,25.54076485472373,23.82613609918431,41.85513256677682,1.4727021526965214,16.988142851157345,0.7802621735795586,10.215843843877252,22.087157967317527,1.1297362406970177,22.82275849623278,1.1448733343908222
499,g_s01_k05_from_d29_d31_d33_d52_add_d45,"29,31,33,45,52",direct full-sequence ATE forward-greedy trial,0,0.9965095986038395,22.8608,23.7166,2.6536,24.73861469432121,23.610266885749436,40.03561370896345,1.6717016296029747,29.553603227277403,1.233722667711559,24.202297173141197,21.653568927329854,1.1294080552981447,22.90648387044118,1.1262145944321462
500,g_pair_seed_sweep_d05_d32,"5,32",exhaustive two-channel full-sequence seed sweep (all_singletons_failed),0,0.9965095986038395,22.8749,24.4644,2.5284,25.651189491974307,23.823744144248323,41.932445818047995,1.652866413951912,30.11258034105129,0.6828492764433458,4.5461136682294265,21.8863382516371,1.136603779576608,22.888458683681524,1.1339166917220636
501,r_k04_0037_d02_d08_d23_d51,"2,8,23,51",budget-matched cardinality-stratified random full-sequence control,0,0.9965095986038395,22.88,23.5962,2.4920999999999998,25.744153908828878,24.603477049843587,40.357144570160244,1.3531252607037736,13.87918036492824,0.853457464689929,10.575017080725289,22.523381278176473,1.1462995592460936,22.89520754948947,1.1581542064875923
502,g_s02_k03_from_d26_d51_add_d56,"26,51,56",direct full-sequence ATE forward-greedy trial,0,0.9965095986038395,22.8935,23.5869,1.633,23.282159149938163,22.467927842511813,37.89054122298906,1.1516065872800487,11.313200312275109,0.7593531174146354,7.356644923571826,21.67166422173177,1.0733056399196172,22.926967204899558,1.0748703726354447
503,g_s02_k06_from_d23_d24_d26_d51_d63_add_d36,"23,24,26,36,51,63",direct full-sequence ATE forward-greedy trial,0,0.9965095986038395,22.8943,23.3224,2.1385,23.51880883274057,22.875265073181566,35.67302051041449,1.091499275235178,7.743385369242985,0.8013451413897336,8.864203660393377,21.943284878463103,1.0870937902648872,22.92497989162923,1.0925743785231674
504,g_s02_k06_from_d23_d24_d26_d51_d63_add_d38,"23,24,26,38,51,63",direct full-sequence ATE forward-greedy trial,0,0.9965095986038395,22.8943,23.3224,2.1385,23.51880883274057,22.875265073181566,35.67302051041449,1.091499275235178,7.743385369242985,0.8013451413897336,8.864203660393377,21.943284878463103,1.0870937902648872,22.92497989162923,1.0925743785231674
505,g_s02_k06_from_d23_d24_d26_d51_d63_add_d48,"23,24,26,48,51,63",direct full-sequence ATE forward-greedy trial,0,0.9965095986038395,22.8943,23.3224,2.1385,23.51880883274057,22.875265073181566,35.67302051041449,1.091499275235178,7.743385369242985,0.8013451413897336,8.864203660393377,21.943284878463103,1.0870937902648872,22.92497989162923,1.0925743785231674
506,g_s02_k04_from_d26_d51_d63_add_d30,"26,30,51,63",direct full-sequence ATE forward-greedy trial,0,0.9965095986038395,22.8963,23.3884,2.1788,23.511355235585523,22.75719491338743,38.36634966899087,1.0988247317061206,6.492745615252711,0.7512941040395883,7.530325202843908,22.040921861115635,1.0774896836516226,22.93310850656034,1.084719087185662
507,g_pair_seed_sweep_d19_d31,"19,31",exhaustive two-channel full-sequence seed sweep (all_singletons_failed),0,0.9965095986038395,22.902900000000002,24.157799999999998,1.9764,24.89132322225123,23.87092023020772,36.75846011892151,1.3440955805306052,19.09793823705626,0.6854521088241133,6.991363902795662,23.13743606832079,1.0605037836550835,22.912169907259607,1.0804705800716232
508,r_k06_0206_d17_d20_d40_d46_d47_d57,"17,20,40,46,47,57",budget-matched cardinality-stratified random full-sequence control,0,0.9965095986038395,22.9076,23.8145,2.1838,24.883330694281064,24.011500152998487,37.2616614140984,1.1818529480779079,13.160224270592154,0.6128180415643795,3.2707581766371723,22.698851592403432,1.0990881898937717,22.917154185673528,1.1140810884883385
509,swap_k04_0061_d00_d15_d26_d34,"0,15,26,34",one-channel swap audit around provisional greedy endpoint,0,0.9965095986038395,22.9141,23.5926,2.2768,24.154683252498064,23.64373244981905,36.072897780662686,1.2144183006779878,11.112718279636518,0.7316810426746365,7.582795143474171,23.161261239671465,1.0541781488297703,22.942453452579258,1.0732560404323388
510,g_pair_seed_sweep_d32_d63,"32,63",exhaustive two-channel full-sequence seed sweep (all_singletons_failed),0,0.9965095986038395,22.9182,23.589299999999998,2.59,24.784825043620557,23.89453122420757,37.95300810188936,1.3713194397903457,20.2564779321067,0.7239381426797227,8.663770286633934,22.523318076280518,1.1105230794451926,22.94993372113479,1.1218953228196886
511,g_s03_k06_from_d23_d24_d40_d59_d63_add_d48,"23,24,40,48,59,63",direct full-sequence ATE forward-greedy trial,0,0.9965095986038395,22.9209,25.772699999999997,2.4171,26.786915762464364,24.122849916298243,58.551050580163924,1.8102662767221809,31.182839194603062,1.1105424050080075,18.222482997154607,23.96131421985149,1.031787419819712,22.892024827984304,1.065458963505731
512,g_s03_k06_from_d23_d24_d40_d59_d63_add_d18,"18,23,24,40,59,63",direct full-sequence ATE forward-greedy trial,0,0.9965095986038395,22.9278,23.4708,2.6513999999999998,25.231060115380906,23.759970207685317,40.54340595885456,1.1936981293965758,7.99597790047734,0.8175853686432688,8.99337311868791,21.625682649492404,1.1546058440758784,22.957805881743017,1.1638297721950335
513,g_s01_k06_from_d29_d31_d33_d52_d55_add_d41,"29,31,33,41,52,55",direct full-sequence ATE forward-greedy trial,0,0.9965095986038395,22.938,23.5542,2.4556,24.931656285367822,23.976459569045517,38.643732549974615,1.1942188850442468,14.330931781010904,0.6733075714006287,4.379239939970026,22.01156690196019,1.136793653685179,22.96507929554778,1.139032401970821
514,r_k05_0240_d47_d48_d49_d51_d59,"47,48,49,51,59",budget-matched cardinality-stratified random full-sequence control,0,0.9965095986038395,22.9397,23.9189,2.5947999999999998,25.943654816544715,24.517056849651052,42.023035243424076,1.2412374242553859,10.796638049935217,0.745618791828955,5.319537405740066,22.334036463861278,1.1528435862206945,22.94990180149094,1.164297847269616
515,swap_k04_0163_d15_d20_d34_d46,"15,20,34,46",one-channel swap audit around provisional greedy endpoint,0,0.9965095986038395,22.942999999999998,24.091099999999997,2.6814999999999998,25.40163545014777,23.94669984828099,38.950387731548204,1.0566323494565764,5.291904366637852,0.629440398134603,3.47677890005518,22.470298806670048,1.1247693537911045,22.95146965860496,1.1357051048689477
516,g_pair_seed_sweep_d57_d63,"57,63",exhaustive two-channel full-sequence seed sweep (all_singletons_failed),0,0.9965095986038395,22.944300000000002,23.6822,2.2194,24.69915326415661,24.1070661427503,36.87788851017491,1.1233629487746473,8.570711359761459,0.6769302152759683,5.515084212426554,23.811408658487746,1.0322336900919749,22.95343872713192,1.0549009851227917
517,g_s04_k06_from_d15_d20_d26_d34_d45_add_d62,"15,20,26,34,45,62",direct full-sequence ATE forward-greedy trial,0,0.9965095986038395,22.9539,23.819599999999998,2.1831,24.74882595574043,23.999543696218666,34.73403832251154,1.2074923746557307,13.284579319880457,0.6785289658247367,4.1680878499325305,22.750651989668537,1.093068772144279,22.9760479794231,1.1050532830211703
518,r_k04_0151_d13_d16_d32_d53,"13,16,32,53",budget-matched cardinality-stratified random full-sequence control,0,0.9965095986038395,22.9633,23.8945,2.4763,26.488566875443215,25.054972595097286,41.69932920133408,1.1100440384209844,4.889589677752502,0.764074283786026,5.15882512397319,22.47057584111038,1.1711579167113426,22.97428594497191,1.1751202818951092
519,r_k05_0163_d12_d33_d50_d57_d61,"12,33,50,57,61",budget-matched cardinality-stratified random full-sequence control,0,0.9965095986038395,22.9635,24.6447,2.419,26.166049086713222,24.841085910774886,40.87354616230436,1.217421546649627,13.222387090083028,0.7037049731449606,5.349624423201413,23.58547059211601,1.0975831867863053,22.959356254214736,1.1230824211639694
520,swap_k04_0147_d15_d20_d29_d34,"15,20,29,34",one-channel swap audit around provisional greedy endpoint,0,0.9965095986038395,22.9688,23.4667,2.5881000000000003,24.785999737764808,23.849224369813545,37.4750047616087,1.3361336418856649,19.152483028108342,0.7217507372306721,4.114641863527654,22.00852274664833,1.1331509875437888,22.99428910343007,1.1345299545717662
521,swap_k04_0212_d15_d20_d26_d35,"15,20,26,35",one-channel swap audit around provisional greedy endpoint,0,0.9965095986038395,22.9731,23.836199999999998,2.2904,25.180672677407674,24.211835334312603,40.8567818181984,1.1755879341543563,13.5421306911748,0.7212520471776555,3.352845153042831,22.527740009511987,1.1223956272925608,22.995314430527404,1.1270056906319235
522,g_s01_k05_from_d29_d31_d33_d52_add_d51,"29,31,33,51,52",direct full-sequence ATE forward-greedy trial,0,0.9965095986038395,22.9787,23.3933,2.5743,24.374804914655808,23.46353419231678,36.52508795883873,1.124384753419335,10.045608884118339,0.7222758794946241,7.743170352786136,21.862236625772532,1.1265722294474574,23.006353889481872,1.1232043750128895
523,g_s01_k03_from_d33_d52_add_d54,"33,52,54",direct full-sequence ATE forward-greedy trial,0,0.9965095986038395,22.9854,23.7223,3.0799,26.719662228219438,25.443239466225766,44.74171185136635,2.0126432841673503,37.296367469297564,1.7892300914616783,36.682301707282804,23.57386210417742,1.1287724413663494,23.013021578535767,1.1409355514079398
524,g_s01_k05_from_d29_d31_d33_d52_add_d11,"11,29,31,33,52",direct full-sequence ATE forward-greedy trial,0,0.9965095986038395,22.9888,23.6823,2.4924,24.191954946800255,23.429305998908294,36.46733389469251,1.3378321868545766,14.849974135793556,0.8062362716200879,11.595190172863377,22.20616981077242,1.097895779279334,23.011046400498795,1.1003923354276328
525,r_k05_0028_d01_d07_d46_d52_d53,"1,7,46,52,53",budget-matched cardinality-stratified random full-sequence control,0,0.9965095986038395,22.9948,25.139899999999997,2.5458000000000003,25.49953011236688,23.903441472091007,47.78803263509049,1.1911494957237485,14.212982654120273,0.7407517988587725,8.58779626843929,23.344379921305528,1.0659365362246314,22.965139456485876,1.0880231215573066
526,r_k06_0059_d02_d11_d22_d42_d44_d53,"2,11,22,42,44,53",budget-matched cardinality-stratified random full-sequence control,0,0.9965095986038395,23.0076,24.8412,2.6107,26.470407837729503,25.126291467004545,49.38055859546954,1.3331371496133764,13.240416416108713,0.7480247457881744,5.150201429063537,23.777438909357617,1.096588273754806,22.98473336348996,1.1212168050683196
527,r_k06_0105_d05_d23_d24_d25_d34_d36,"5,23,24,25,34,36",budget-matched cardinality-stratified random full-sequence control,0,0.9965095986038395,23.0362,24.93,2.5904,25.171031475745686,23.481216102366815,43.31141786914219,1.444450696429481,21.540771700115886,0.8891012588037137,13.514397315491324,23.221244402714216,1.0479541475831151,23.006779579681524,1.0720286475582592
528,g_pair_seed_sweep_d16_d45,"16,45",exhaustive two-channel full-sequence seed sweep (all_singletons_failed),0,0.9965095986038395,23.0492,24.090500000000002,2.2344,26.605263959559473,24.99690669980795,42.716933901989904,1.1771721217373678,6.25409534006218,0.719136156938224,4.302005702764229,22.504710611277922,1.1698545588281541,23.061769456093373,1.1790729401133448
529,r_k03_0164_d15_d17_d28,"15,17,28",budget-matched cardinality-stratified random full-sequence control,0,0.9965095986038395,23.0528,23.633399999999998,2.1954000000000002,23.744445380482503,22.64953175634584,37.566671470102726,1.4451122503646334,19.63887461643129,0.8637247892370649,13.210328266054542,21.540618306186712,1.1050121658802297,23.08421941306037,1.1117559655334883
530,r_k06_0230_d31_d33_d37_d39_d56_d62,"31,33,37,39,56,62",budget-matched cardinality-stratified random full-sequence control,0,0.9965095986038395,23.058500000000002,25.473000000000003,2.4563,25.78647083818374,23.692077233455606,46.87887673252105,1.5126663489208425,25.581908981706675,0.9760377488785201,17.35556302694395,23.471639958265943,1.032114171861806,23.034505615846466,1.0565940223178634
531,r_k06_0017_d00_d10_d20_d21_d23_d38,"0,10,20,21,23,38",budget-matched cardinality-stratified random full-sequence control,0,0.9965095986038395,23.0644,24.190900000000003,2.3576,25.416894223579696,24.37631383400414,37.713741752513066,1.0954486615447425,6.011577323506067,0.6841190199123022,4.569650074591748,23.213488100409037,1.0995545401983526,23.068918447967203,1.1186163241135967
532,g_pair_seed_sweep_d15_d37,"15,37",exhaustive two-channel full-sequence seed sweep (all_singletons_failed),0,0.9965095986038395,23.079900000000002,23.6932,2.4577999999999998,24.47742103402975,23.190124891818613,40.09141345364311,1.3782403825088052,20.314846537381623,0.6585921840164155,4.1785007848113125,21.638205705965312,1.1277172903441885,23.101714249942834,1.1326473074475476
533,g_s03_k05_from_d23_d24_d40_d59_add_d28,"23,24,28,40,59",direct full-sequence ATE forward-greedy trial,0,0.9965095986038395,23.0884,23.632,2.4128,24.191435849992317,23.326778766411273,37.45212517038792,1.2880573443273962,10.810256189708925,0.8673494473134672,9.46854911994972,21.61911432809733,1.1233244602371084,23.119836693880437,1.1239372190171282
534,g_s02_k06_from_d23_d24_d26_d51_d63_add_d22,"22,23,24,26,51,63",direct full-sequence ATE forward-greedy trial,0,0.9965095986038395,23.0991,23.9099,2.3186,24.011161786374974,22.824327106640975,40.61745378285691,1.597469841710561,21.53747186026517,1.002851494895227,10.966735814921291,22.068397883266506,1.0846182540522924,23.14488292301972,1.0935282833280395
535,r_k04_0041_d02_d15_d40_d61,"2,15,40,61",budget-matched cardinality-stratified random full-sequence control,0,0.9965095986038395,23.1112,23.8016,2.3802,25.643733185089545,24.59612482569046,39.178441189784365,1.2493406220543921,15.36896717980081,0.8711970408030802,11.820319190848934,22.64561909902703,1.1410865831851595,23.122455704362572,1.1509212544710514
536,g_s02_k05_from_d24_d26_d51_d63_add_d42,"24,26,42,51,63",direct full-sequence ATE forward-greedy trial,0,0.9965095986038395,23.1113,23.8114,2.3377,24.192782188088024,23.01772270361169,37.57434389585097,1.6122763506664306,19.77883808185386,1.2540556373371434,20.061085138342964,22.30161903540486,1.0874191233039836,23.140500835100415,1.0998554374094611
537,r_k04_0066_d03_d33_d49_d52,"3,33,49,52",budget-matched cardinality-stratified random full-sequence control,0,0.9965095986038395,23.119400000000002,23.8719,2.5668,24.98739351137009,24.192431854574544,37.75683048557844,1.2148678289297623,12.994036827446687,0.7608748137473329,5.463522516153703,22.861480505514503,1.1078420617758336,23.141049270420215,1.1179043110367068
538,r_k04_0213_d25_d30_d37_d55,"25,30,37,55",budget-matched cardinality-stratified random full-sequence control,0,0.9965095986038395,23.1468,24.2205,2.0498,24.806786550361014,23.725481898571285,39.45647201582115,1.2660156278643782,15.741102073144585,0.6618233796718297,5.663993064565076,22.857046995380347,1.0716412228457244,23.157037756792278,1.08987675384434
539,g_s01_k03_from_d33_d52_add_d63,"33,52,63",direct full-sequence ATE forward-greedy trial,0,0.9965095986038395,23.1605,23.636,1.9417,24.56394320483855,23.226190371235266,38.601110879359645,1.0580845641656187,5.016435323788576,0.7215023282877543,8.482416837404514,22.543441072364732,1.1017755431924912,23.187839178747545,1.1178953067278907
540,r_k06_0026_d00_d16_d28_d34_d46_d47,"0,16,28,34,46,47",budget-matched cardinality-stratified random full-sequence control,0,0.9965095986038395,23.170099999999998,24.6453,2.0798,26.16151961635052,25.205362535193387,38.03892528433796,1.1887153832593254,12.328059783047708,0.7216297759075437,8.17699607696228,24.336845483313493,1.0716329915739902,23.166533203606342,1.0998528936998855
541,g_pair_seed_sweep_d23_d34,"23,34",exhaustive two-channel full-sequence seed sweep (all_singletons_failed),0,0.9965095986038395,23.1704,23.8076,1.8727,24.751708806177184,24.355505343396036,32.091728136626664,1.0335315508837457,6.185954367772943,0.6688870739020476,6.279171605309727,23.576425934082003,1.069095552653413,23.172988230887483,1.0859660963155136
542,g_s04_k04_from_d20_d26_d34_add_d12,"12,20,26,34",direct full-sequence ATE forward-greedy trial,0,0.9965095986038395,23.1826,23.6479,2.3259,25.01126016284525,24.46201665876608,34.898062024506714,1.0633917683573348,7.001621678717947,0.7474520016321773,4.244556740501036,22.867700936498693,1.1173069018992623,23.20376404409791,1.1236166253396291
543,g_s01_k05_from_d29_d31_d33_d52_add_d57,"29,31,33,52,57",direct full-sequence ATE forward-greedy trial,0,0.9965095986038395,23.2147,23.7065,2.4216,23.955759688022418,23.259819426792863,35.73716725250611,1.3557830016783918,18.621894771841806,0.8800129184909872,14.305879017896496,22.357760673962485,1.0873078079163057,23.24179763845948,1.091517623510421
544,g_s01_k03_from_d33_d52_add_d23,"23,33,52",direct full-sequence ATE forward-greedy trial,0,0.9965095986038395,23.2151,23.7158,2.1864000000000003,24.40305615215121,23.22523882357411,37.96636996441208,1.0722498180323488,7.494662503430861,0.6098099201735909,4.196251557601603,21.80749344972173,1.1218906345874746,23.238509478549968,1.1237784349464914
545,r_k03_0027_d01_d42_d50,"1,42,50",budget-matched cardinality-stratified random full-sequence control,0,0.9965095986038395,23.235,23.8031,2.7157,23.900979822266113,23.23093772069555,34.26681890745356,1.265867835716212,10.17983048995556,0.765876862028467,8.099922873305793,22.35391598491818,1.0777191538595188,23.25062326859592,1.0851042298570144
546,r_k05_0211_d20_d24_d34_d38_d49,"20,24,34,38,49",budget-matched cardinality-stratified random full-sequence control,0,0.9965095986038395,23.2542,23.8232,3.0725,26.296250818385847,24.923390301780206,43.15873893186153,1.2391776708296416,13.125970683477576,0.7698040708181556,6.005666225801647,22.707281871855635,1.1647142324186808,23.2722745349052,1.1679722744105856
547,r_k05_0083_d05_d09_d18_d21_d39,"5,9,18,21,39",budget-matched cardinality-stratified random full-sequence control,0,0.9965095986038395,23.265900000000002,24.4411,3.1788999999999996,26.808482480961317,25.189721519154045,43.05702280824523,1.3297991920107688,14.616200422701898,0.7794363885601985,6.116436937687548,22.848324716273037,1.1648213881139362,23.282189367304486,1.1718034792472316
548,g_pair_seed_sweep_d19_d53,"19,53",exhaustive two-channel full-sequence seed sweep (all_singletons_failed),0,0.9965095986038395,23.2735,24.5482,2.1191,25.499433888463052,24.43094766534227,36.945083731355936,1.2414813704824508,14.834151005961505,0.6505927314419835,3.102607931925156,23.37134179449784,1.0813518213206856,23.277805573504214,1.1022383697398836
549,swap_k04_0151_d15_d20_d33_d34,"15,20,33,34",one-channel swap audit around provisional greedy endpoint,0,0.9965095986038395,23.3097,24.0448,2.4448999999999996,25.16110217361674,23.56254031124877,41.877144935326754,1.1887355395202386,13.453137333934428,0.6371787023739774,3.5365258504593626,21.897993931724784,1.1393893714630807,23.33314460949474,1.1460111451732644
550,r_k05_0204_d19_d20_d21_d58_d59,"19,20,21,58,59",budget-matched cardinality-stratified random full-sequence control,0,0.9965095986038395,23.359099999999998,24.0399,2.2944,25.579374909720613,24.672382250908246,38.424376608610345,1.0767030270444002,3.962874336917124,0.680305405217137,3.348316081517134,23.20817593356725,1.1215721927035998,23.372304775454495,1.133108591622664
551,g_s01_k04_from_d29_d33_d52_add_d01,"1,29,33,52",direct full-sequence ATE forward-greedy trial,0,0.9965095986038395,23.3612,24.1761,2.9762,24.714385736697714,23.351480719604726,38.8306285382854,1.2752230844866201,12.9395568354402,0.7879057427378603,8.308216049319922,21.76198103815236,1.1242294112534204,23.377391596178565,1.128305074143307
552,r_k06_0036_d01_d06_d12_d35_d40_d42,"1,6,12,35,40,42",budget-matched cardinality-stratified random full-sequence control,0,0.9965095986038395,23.3619,24.1754,2.6571000000000002,26.515416610114116,25.20683759921125,41.95248912537948,1.3927632162058505,16.82402838983176,0.8395079626000613,8.30458274137578,22.775411829232727,1.165335604698636,23.382032226692136,1.165499375270666
553,g_s01_k06_from_d29_d31_d33_d52_d55_add_d56,"29,31,33,52,55,56",direct full-sequence ATE forward-greedy trial,0,0.9965095986038395,23.3778,24.0953,2.7289999999999996,24.73095223366314,23.454614848430374,39.09703522559364,1.3352873990676382,17.69231625166373,0.7153106212169874,6.676767971888359,21.833031676547645,1.1277541851951705,23.410107236314197,1.1280640314289636
554,r_k06_0152_d09_d25_d27_d31_d34_d57,"9,25,27,31,34,57",budget-matched cardinality-stratified random full-sequence control,0,0.9965095986038395,23.3799,24.1972,2.0177,24.195445034802194,23.438023572206777,36.53835254516377,1.078377940296597,6.431529873421206,0.6659877548240688,4.64631381301427,22.861542160598983,1.0544694894572386,23.396330414756765,1.0666757242408242
555,g_pair_seed_sweep_d10_d25,"10,25",exhaustive two-channel full-sequence seed sweep (all_singletons_failed),0,0.9965095986038395,23.3818,24.4534,2.7052,24.168080018895697,22.913680898157338,38.35499658400096,1.2958501344849653,12.214138313564153,0.8749544635151829,10.238130668516316,22.403307643768073,1.065673386201749,23.402267843549122,1.080831185748832
556,r_k06_0074_d03_d15_d22_d24_d46_d54,"3,15,22,24,46,54",budget-matched cardinality-stratified random full-sequence control,0,0.9965095986038395,23.3851,24.8701,3.231,27.999709702142923,25.954919764897856,46.159375976042945,1.3877204052746093,16.62492366835608,0.8121227586566416,6.7646395041972776,22.768967270215352,1.2007178132769354,23.39473023199671,1.2093729499023516
557,g_pair_seed_sweep_d23_d45,"23,45",exhaustive two-channel full-sequence seed sweep (all_singletons_failed),0,0.9965095986038395,23.397000000000002,23.7815,2.2731999999999997,24.703900419404743,24.203424572561453,35.70123790364044,1.0183702711257547,4.608914669858683,0.6002647667358562,2.935621850291794,23.04379422280559,1.1003105156469626,23.41316167082382,1.1094714151595693
558,r_k03_0128_d11_d26_d38,"11,26,38",budget-matched cardinality-stratified random full-sequence control,0,0.9965095986038395,23.4038,25.105,2.6195,27.046660173426258,25.81853009004248,50.3943463277858,1.644047642139136,20.57743059845821,1.147946754495197,13.499220342160669,24.43045320251081,1.087463616103677,23.36084029811312,1.1083109547252898
559,g_pair_seed_sweep_d39_d42,"39,42",exhaustive two-channel full-sequence seed sweep (all_singletons_failed),0,0.9965095986038395,23.410700000000002,24.208099999999998,2.3543000000000003,24.41479914891173,23.50755701618452,36.0298774757732,1.2792408379195994,8.098162888364104,0.7261720619810891,4.559834324734965,22.344391191576527,1.0883064955589745,23.43663022268802,1.0998885307146458
560,r_k04_0170_d16_d21_d28_d58,"16,21,28,58",budget-matched cardinality-stratified random full-sequence control,0,0.9965095986038395,23.4161,23.9958,2.0469,26.100980771468553,25.20669042418139,38.92978808722523,1.1069056784628684,5.954661978692549,0.7706253511502698,7.113218959346727,23.23268215536684,1.1446183428202306,23.426178774249447,1.1533647621964223
561,r_k05_0147_d10_d17_d20_d25_d57,"10,17,20,25,57",budget-matched cardinality-stratified random full-sequence control,0,0.9965095986038395,23.421300000000002,24.627,2.0299,24.948834660755395,23.85567548465386,39.62869593258035,1.1595820905046696,12.45675071959655,0.6318583237129484,3.714805780375331,23.218008508215515,1.0557273485263339,23.43161792619344,1.0709670085675236
562,g_pair_seed_sweep_d31_d46,"31,46",exhaustive two-channel full-sequence seed sweep (all_singletons_failed),0,0.9965095986038395,23.4324,24.4707,1.73,25.11767207305411,24.27523998751844,38.67859529872666,1.3737022938648669,21.460741398289542,0.9404643675265255,17.081804125398534,23.893927659730608,1.0383971849236404,23.441636335912776,1.0603132807419007
563,g_s01_k06_from_d29_d31_d33_d52_d55_add_d59,"29,31,33,52,55,59",direct full-sequence ATE forward-greedy trial,0,0.9965095986038395,23.4527,24.2305,2.5476,25.0433729307337,23.89412142800202,39.484764996318056,1.3845412009018712,18.232066174804025,0.7689036274135866,9.177456036919914,22.023568547831065,1.1329506209860596,23.484182749006024,1.1333541184381284
564,g_s03_k03_from_d23_d59_add_d45,"23,45,59",direct full-sequence ATE forward-greedy trial,0,0.9965095986038395,23.4662,24.3631,2.3583,24.578274285433153,23.68020494658985,37.81062682780659,1.4220818894368596,20.168657924475042,0.7100245167438841,6.983170876975014,23.079189644650082,1.0580865198837321,23.481299081633807,1.071353937215755
565,r_k04_0168_d15_d32_d58_d61,"15,32,58,61",budget-matched cardinality-stratified random full-sequence control,0,0.9965095986038395,23.467299999999998,24.035999999999998,2.4747000000000003,25.884750313817662,24.77783159777775,41.04751997128786,1.3011159709255968,16.158917147631772,0.7601861190332385,6.477889267806072,22.649601393512466,1.1531509758449083,23.484441771249422,1.1561672720536826
566,g_pair_seed_sweep_d40_d57,"40,57",exhaustive two-channel full-sequence seed sweep (all_singletons_failed),0,0.9965095986038395,23.477899999999998,23.9473,2.0747999999999998,23.875326375230745,23.325472862791727,34.77143309188178,1.2384722995951014,11.230195252647851,0.650959018294524,4.191110697023262,23.014095880815137,1.0453505563719234,23.50466757431066,1.0576803012808123
567,r_k06_0020_d00_d14_d19_d23_d32_d34,"0,14,19,23,32,34",budget-matched cardinality-stratified random full-sequence control,0,0.9965095986038395,23.4982,24.968899999999998,1.8113000000000001,26.34997448487852,25.30127138250763,43.95155308121824,1.2530863631937257,12.370097327172749,0.7091142225619356,7.778647463952788,24.928052569932536,1.0334267025961226,23.48538161099517,1.0616595265684088
568,r_k04_0035_d01_d51_d54_d59,"1,51,54,59",budget-matched cardinality-stratified random full-sequence control,0,0.9965095986038395,23.506,24.349999999999998,2.5863,25.937577521402734,24.613171157787956,44.14816815863893,1.3553099414882361,19.00462267290428,0.7485819999747984,6.344702163413259,22.829701041052193,1.1377785435654972,23.515917421777488,1.1485929276586293
569,g_s03_k04_from_d23_d24_d59_add_d28,"23,24,28,59",direct full-sequence ATE forward-greedy trial,0,0.9965095986038395,23.514699999999998,24.3262,2.3432999999999997,24.98524382754595,23.91298025018694,38.99076285996441,1.3665193069560815,10.606365158709341,0.9345545290821161,10.253930761229654,22.095544155459837,1.1275590625174363,23.54870630402522,1.1299944742807029
570,g_s01_k04_from_d29_d33_d52_add_d18,"18,29,33,52",direct full-sequence ATE forward-greedy trial,0,0.9965095986038395,23.5258,25.6952,2.4484,26.339367331444425,25.12595142316308,46.80683233513041,1.2792870489383263,14.760740763929455,0.8812769349708122,11.02812700690902,24.720562178421726,1.0502671314546999,23.490817280389674,1.0770200849244593
571,r_k05_0123_d08_d15_d30_d50_d61,"8,15,30,50,61",budget-matched cardinality-stratified random full-sequence control,0,0.9965095986038395,23.5282,25.809900000000003,2.6669,26.780533670319866,24.916612007030682,42.81849003459845,1.3851738026787364,12.701925795419882,0.7912458289794169,8.196941559991954,23.534491720532415,1.0981033076866922,23.50726974545749,1.1208533510756902
572,r_k06_0216_d21_d28_d29_d42_d50_d55,"21,28,29,42,50,55",budget-matched cardinality-stratified random full-sequence control,0,0.9965095986038395,23.561799999999998,25.994899999999998,2.8767,26.835772687769797,24.834324990880177,50.451628244933964,1.4989170420174438,19.203024730255333,0.8977071637694457,13.934539183444324,23.98819063564565,1.0793004752919106,23.528688559602738,1.098946319301909
573,g_s02_k05_from_d24_d26_d51_d63_add_d58,"24,26,51,58,63",direct full-sequence ATE forward-greedy trial,0,0.9965095986038395,23.5779,24.779999999999998,2.221,25.20204162066544,24.297227138252993,41.33690284407768,1.344733508825632,19.075269750414687,0.8256671937013497,8.833871312888418,23.69195650403313,1.051171861623964,23.605319887198107,1.0646000387189067
574,g_pair_seed_sweep_d16_d19,"16,19",exhaustive two-channel full-sequence seed sweep (all_singletons_failed),0,0.9965095986038395,23.5781,25.2442,2.1475999999999997,26.422364000084826,25.126155258555176,38.58122136803336,1.3801989645101904,19.54465149539982,0.7080552596542729,6.938007634078976,24.31996399855337,1.0688874185742392,23.57139403309498,1.0929075644452484
575,g_pair_seed_sweep_d05_d22,"5,22",exhaustive two-channel full-sequence seed sweep (all_singletons_failed),0,0.9965095986038395,23.589,24.4171,2.3116000000000003,24.042387974972996,22.967480533786492,36.24036672034146,1.651892928756337,22.90885345997142,1.11263286228208,12.713219365301285,22.214632121088744,1.0780479317360931,23.614930085429382,1.0751580149541362
576,g_pair_seed_sweep_d37_d59,"37,59",exhaustive two-channel full-sequence seed sweep (all_singletons_failed),0,0.9965095986038395,23.589199999999998,24.3395,2.5708,26.939007373540502,25.396304909213146,45.66452177097551,1.472941831083454,21.210302586703524,0.725555762417411,3.786502570357286,22.03517734226504,1.1975760478044084,23.602212249502244,1.2033188506272263
577,g_s03_k05_from_d23_d24_d40_d59_add_d29,"23,24,29,40,59",direct full-sequence ATE forward-greedy trial,0,0.9965095986038395,23.5958,25.4919,2.546,26.46152899300015,24.20112271396652,57.43141696110765,1.5425695985998729,20.375021256478856,0.8898484723820728,12.217914418845995,23.49406661888812,1.0861228524751838,23.584555404954834,1.1085876805395465
578,g_pair_seed_sweep_d15_d41,"15,41",exhaustive two-channel full-sequence seed sweep (all_singletons_failed),0,0.9965095986038395,23.6142,24.4077,2.1576,25.014962475725333,24.156877629077332,35.80783552261106,1.2114100311437788,7.7629695143918,0.7641204484472655,6.2623476389979915,23.021921844742558,1.0938638254409296,23.639388789930877,1.1006736760015143
579,g_s01_k04_from_d29_d33_d52_add_d17,"17,29,33,52",direct full-sequence ATE forward-greedy trial,0,0.9965095986038395,23.6339,24.2149,2.1669,25.043598634001384,24.290118136023793,44.45084690538075,1.2349456718404441,13.360540266458946,1.2303529948082228,22.924022079023736,22.939842959415135,1.1027986577101097,23.63954360818835,1.1105909737832336
580,g_pair_seed_sweep_d25_d59,"25,59",exhaustive two-channel full-sequence seed sweep (all_singletons_failed),0,0.9965095986038395,23.6352,25.2329,2.6606,25.100847862109806,23.812129829715317,39.632960190226626,1.5327353168538427,14.939150288908662,1.1429297263112914,12.089466977757798,23.06706551187234,1.0537526396621277,23.59746061558666,1.0738199277373879
581,g_pair_seed_sweep_d47_d63,"47,63",exhaustive two-channel full-sequence seed sweep (all_singletons_failed),0,0.9965095986038395,23.6463,24.7789,2.3697,26.827471084233405,25.59193089127786,39.410257925927866,1.1483684817472515,7.717247472746719,0.7067024007086439,6.502884174192032,24.36059660159523,1.1092010321057184,23.653545344078395,1.1341596131106848
582,g_s02_k04_from_d26_d51_d63_add_d29,"26,29,51,63",direct full-sequence ATE forward-greedy trial,0,0.9965095986038395,23.657600000000002,26.133200000000002,3.4727,25.79950849451605,23.27494291482056,58.064527275636024,2.189421784371768,44.35149948606046,1.343386244822565,25.340190056634125,22.951966888328982,1.0428258095647545,23.658957336975806,1.056954392916526
583,g_s02_k05_from_d24_d26_d51_d63_add_d02,"2,24,26,51,63",direct full-sequence ATE forward-greedy trial,0,0.9965095986038395,23.6591,24.1439,2.1833,24.571428516279862,23.824017533894757,37.78731773660077,1.1225617728832178,7.399409142901522,0.8218314157258508,8.963927523106497,22.74895907096994,1.0981764397096554,23.69087357427877,1.1034643986859567
584,g_s02_k05_from_d24_d26_d51_d63_add_d04,"4,24,26,51,63",direct full-sequence ATE forward-greedy trial,0,0.9965095986038395,23.6591,24.1439,2.1833,24.571428516279862,23.824017533894757,37.78731773660077,1.1225617728832178,7.399409142901522,0.8218314157258508,8.963927523106497,22.74895907096994,1.0981764397096554,23.69087357427877,1.1034643986859567
585,g_s02_k05_from_d24_d26_d51_d63_add_d07,"7,24,26,51,63",direct full-sequence ATE forward-greedy trial,0,0.9965095986038395,23.6591,24.1439,2.1833,24.571428516279862,23.824017533894757,37.78731773660077,1.1225617728832178,7.399409142901522,0.8218314157258508,8.963927523106497,22.74895907096994,1.0981764397096554,23.69087357427877,1.1034643986859567
586,g_s02_k05_from_d24_d26_d51_d63_add_d09,"9,24,26,51,63",direct full-sequence ATE forward-greedy trial,0,0.9965095986038395,23.6591,24.1439,2.1833,24.571428516279862,23.824017533894757,37.78731773660077,1.1225617728832178,7.399409142901522,0.8218314157258508,8.963927523106497,22.74895907096994,1.0981764397096554,23.69087357427877,1.1034643986859567
587,g_s02_k05_from_d24_d26_d51_d63_add_d13,"13,24,26,51,63",direct full-sequence ATE forward-greedy trial,0,0.9965095986038395,23.6591,24.1439,2.1833,24.571428516279862,23.824017533894757,37.78731773660077,1.1225617728832178,7.399409142901522,0.8218314157258508,8.963927523106497,22.74895907096994,1.0981764397096554,23.69087357427877,1.1034643986859567
588,g_s02_k05_from_d24_d26_d51_d63_add_d45,"24,26,45,51,63",direct full-sequence ATE forward-greedy trial,0,0.9965095986038395,23.6658,24.276400000000002,1.942,24.442218879760535,23.39597187381143,37.83608738041121,1.1105282673597916,8.352587392193794,0.761386373686646,8.367664734970523,22.555860402683944,1.091079123790162,23.69613996034295,1.095696290518803
589,g_s04_k06_from_d15_d20_d26_d34_d45_add_d02,"2,15,20,26,34,45",direct full-sequence ATE forward-greedy trial,0,0.9965095986038395,23.6835,24.5552,1.9730999999999999,25.054904688399297,24.343813125182084,34.041814465380085,1.126708337919887,7.700141310952747,0.7112762453190986,6.0478144996438825,23.551447885484038,1.0671431049342721,23.709077287793434,1.0784106124765775
590,g_s04_k06_from_d15_d20_d26_d34_d45_add_d04,"4,15,20,26,34,45",direct full-sequence ATE forward-greedy trial,0,0.9965095986038395,23.6835,24.5552,1.9730999999999999,25.054904688399297,24.343813125182084,34.041814465380085,1.126708337919887,7.700141310952747,0.7112762453190986,6.0478144996438825,23.551447885484038,1.0671431049342721,23.709077287793434,1.0784106124765775
591,g_s04_k06_from_d15_d20_d26_d34_d45_add_d07,"7,15,20,26,34,45",direct full-sequence ATE forward-greedy trial,0,0.9965095986038395,23.6835,24.5552,1.9730999999999999,25.054904688399297,24.343813125182084,34.041814465380085,1.126708337919887,7.700141310952747,0.7112762453190986,6.0478144996438825,23.551447885484038,1.0671431049342721,23.709077287793434,1.0784106124765775
592,g_s04_k06_from_d15_d20_d26_d34_d45_add_d09,"9,15,20,26,34,45",direct full-sequence ATE forward-greedy trial,0,0.9965095986038395,23.6835,24.5552,1.9730999999999999,25.054904688399297,24.343813125182084,34.041814465380085,1.126708337919887,7.700141310952747,0.7112762453190986,6.0478144996438825,23.551447885484038,1.0671431049342721,23.709077287793434,1.0784106124765775
593,g_s04_k06_from_d15_d20_d26_d34_d45_add_d13,"13,15,20,26,34,45",direct full-sequence ATE forward-greedy trial,0,0.9965095986038395,23.6835,24.5552,1.9730999999999999,25.054904688399297,24.343813125182084,34.041814465380085,1.126708337919887,7.700141310952747,0.7112762453190986,6.0478144996438825,23.551447885484038,1.0671431049342721,23.709077287793434,1.0784106124765775
594,r_k05_0071_d04_d10_d22_d45_d60,"4,10,22,45,60",budget-matched cardinality-stratified random full-sequence control,0,0.9965095986038395,23.688000000000002,24.5841,3.0556,25.91378600086317,25.008036808681183,37.57527322780268,1.8332293773922679,29.498979295203608,1.3353472739668448,26.150628111026315,23.689668147035828,1.1039300968543935,23.703893908394114,1.114362815971514
595,g_pair_seed_sweep_d46_d63,"46,63",exhaustive two-channel full-sequence seed sweep (all_singletons_failed),0,0.9965095986038395,23.689799999999998,25.077700000000004,2.026,26.546916194981513,25.69382849102024,38.800386428935745,1.216825033622498,13.091268266395486,0.7963304080538419,10.80706456798625,25.005807489981958,1.052973402732964,23.686594928191035,1.0843840300965517
596,g_pair_seed_sweep_d34_d55,"34,55",exhaustive two-channel full-sequence seed sweep (all_singletons_failed),0,0.9965095986038395,23.691200000000002,25.9302,2.9878,27.080008047027416,25.51144448216419,46.938725961560024,1.68868696742325,29.580073345804553,0.9724866569764812,15.73849574013105,23.86471651082677,1.104387769738021,23.671783477717003,1.1202742270719495
597,g_s04_k03_from_d20_d26_add_d61,"20,26,61",direct full-sequence ATE forward-greedy trial,0,0.9965095986038395,23.694599999999998,24.102,2.1505,24.860273604420886,24.46224169278205,34.8195298630333,1.0387179301063971,7.792527358550033,0.6292404449453116,4.876000058681818,23.415155539541633,1.0882407077418494,23.717300655663557,1.0950879246068395
598,r_k04_0125_d09_d25_d31_d60,"9,25,31,60",budget-matched cardinality-stratified random full-sequence control,0,0.9965095986038395,23.6966,24.3474,2.3163,25.20832291784626,24.114009153137108,42.718159716497084,1.2812784979529555,16.95279708389484,0.7226203122261009,3.3630101310267393,22.722393919486176,1.1149515008389208,23.714538058428033,1.122323676591439
599,g_s02_k04_from_d26_d51_d63_add_d22,"22,26,51,63",direct full-sequence ATE forward-greedy trial,0,0.9965095986038395,23.7,24.4306,2.0348,24.055299263847044,23.24987707935549,38.571875338661336,1.6523368046950395,28.859156633490322,0.9286488707977607,14.157280882790007,22.690728281920627,1.0621100291270593,23.738677351146865,1.0668733460921294
600,g_s02_k06_from_d23_d24_d26_d51_d63_add_d29,"23,24,26,29,51,63",direct full-sequence ATE forward-greedy trial,0,0.9965095986038395,23.704700000000003,24.5152,2.2701,24.890684115568572,24.280500641009986,34.24499287489062,1.0791571028370104,5.541550599763701,0.6907129716430463,6.431175013683517,23.39742110081597,1.0718104260187857,23.732758840972988,1.081581180019519
601,g_s01_k05_from_d29_d31_d33_d52_add_d25,"25,29,31,33,52",direct full-sequence ATE forward-greedy trial,0,0.9965095986038395,23.7087,24.0076,2.4159,24.012053525155395,23.427426015055616,35.89437260400769,1.0396110604020357,6.590910441166191,0.6718971003890073,4.409441126832969,22.49782359654962,1.089625943499563,23.73473415826831,1.097137833205104
602,g_pair_seed_sweep_d25_d27,"25,27",exhaustive two-channel full-sequence seed sweep (all_singletons_failed),0,0.9965095986038395,23.7179,24.694,2.3404000000000003,24.787434592354316,23.664343632948317,41.84904025298152,1.6829088899349702,18.717598175698953,1.1730488636473877,12.399405741526401,22.949000769221744,1.0772307153232608,23.71611245982744,1.0932209757139708
603,g_s01_k04_from_d29_d33_d52_add_d61,"29,33,52,61",direct full-sequence ATE forward-greedy trial,0,0.9965095986038395,23.720299999999998,25.4971,2.4417999999999997,26.05381479383074,24.72331728776692,43.65433692685473,1.3206494698533184,19.57055761670305,0.8448945293959977,11.404415911886417,24.248267002287687,1.0501592651738068,23.702403802558614,1.0728450382810966
604,swap_k04_0174_d15_d20_d34_d57,"15,20,34,57",one-channel swap audit around provisional greedy endpoint,0,0.9965095986038395,23.725099999999998,25.4349,1.8478999999999999,25.981821976049147,24.535619943075133,44.92775977351444,1.2710320284979628,17.78454421536237,0.773602647349055,11.668500745557385,24.402819764010232,1.0166425882053938,23.720211018923774,1.0348093933534668
605,g_s04_k06_from_d15_d20_d26_d34_d45_add_d48,"15,20,26,34,45,48",direct full-sequence ATE forward-greedy trial,0,0.9965095986038395,23.7256,24.5549,2.0416,25.08834781972172,24.388952483799173,34.42769012606781,1.079588737350662,7.705493349525697,0.6901508620570125,4.839703996596027,23.42915114018147,1.0785977113310559,23.752128480320508,1.0873467039652738
606,r_k06_0214_d20_d31_d36_d43_d46_d51,"20,31,36,43,46,51",budget-matched cardinality-stratified random full-sequence control,0,0.9965095986038395,23.7426,24.296499999999998,2.3425000000000002,25.162719213707547,24.366461012113884,37.49386628433173,1.1100463492528132,8.864046543815082,0.6942272684179536,4.617819614202871,22.989700511593384,1.111264365642262,23.759812993408318,1.1194722541132045
607,r_k05_0229_d28_d30_d45_d51_d53,"28,30,45,51,53",budget-matched cardinality-stratified random full-sequence control,0,0.9965095986038395,23.7465,24.4119,2.2525,25.168472407327506,24.165944822675343,39.76541973416907,1.1960000633536911,13.225460555798977,0.6343151619545165,2.6516593122691416,22.91559004133,1.108068400671191,23.76284147968484,1.1197134572920113
608,g_s03_k04_from_d23_d24_d59_add_d58,"23,24,58,59",direct full-sequence ATE forward-greedy trial,0,0.9965095986038395,23.7493,24.3928,2.5905,25.710322652139695,24.845404060283375,39.77071864635432,1.5347666746750788,22.900394443662847,0.9358166141151649,11.13651647985263,22.92475559104974,1.1343699832411995,23.769496700886453,1.1364868432244943
609,g_s01_k05_from_d29_d31_d33_d52_add_d49,"29,31,33,49,52",direct full-sequence ATE forward-greedy trial,0,0.9965095986038395,23.7529,24.0735,2.3560999999999996,24.411578052577237,23.874851582947827,35.956159802646006,1.0753728770969966,8.203279893282835,0.699649781943792,5.387840939135453,22.93887632792786,1.0903234614463204,23.77864008856389,1.0944913371214384
610,g_pair_seed_sweep_d20_d40,"20,40",exhaustive two-channel full-sequence seed sweep (all_singletons_failed),0,0.9965095986038395,23.7572,26.0465,2.5962,27.13007638935043,25.3027742518067,47.60856191106815,1.6329944260043157,21.58785036271977,1.0685843040637646,13.064545566632573,24.48112575078629,1.0871983680421489,23.708798529925822,1.1151559564842088
611,r_k06_0228_d27_d40_d41_d50_d58_d61,"27,40,41,50,58,61",budget-matched cardinality-stratified random full-sequence control,0,0.9965095986038395,23.7592,24.861800000000002,2.3855999999999997,26.78124884483663,25.808104761213063,39.48129196022996,1.1605787219402313,6.388872642900852,0.6945744070894626,5.000681278449666,24.107366880519894,1.1246943288004028,23.76268659554777,1.1436174223259878
612,g_s01_k06_from_d29_d31_d33_d52_d55_add_d11,"11,29,31,33,52,55",direct full-sequence ATE forward-greedy trial,0,0.9965095986038395,23.7609,24.378,2.4407,24.784131744042,23.996611054384758,36.60201697471876,1.231606244785782,13.7293468566139,0.78727614715985,10.84815700642323,22.738154143624183,1.1035337284037972,23.78846512878609,1.103742354752333
613,g_pair_seed_sweep_d33_d42,"33,42",exhaustive two-channel full-sequence seed sweep (all_singletons_failed),0,0.9965095986038395,23.77,24.2479,2.5176,24.767857593955625,23.854687607343386,38.95636978865209,1.3932636722742344,22.010982271669903,1.0193284685001487,19.511912038494973,22.79966727811738,1.1052552013453305,23.808595190352552,1.1035095965040476
614,g_s01_k05_from_d29_d31_d33_d52_add_d60,"29,31,33,52,60",direct full-sequence ATE forward-greedy trial,0,0.9965095986038395,23.7872,24.410899999999998,2.5631,25.081554010827034,24.147979168789238,40.60607367797759,1.6855433068351362,30.370717366857487,1.2614074644835354,24.826014475097406,22.66282116760366,1.1148710650156588,23.830427918544952,1.1162964419827488
615,r_k06_0198_d16_d22_d31_d36_d41_d49,"16,22,31,36,41,49",budget-matched cardinality-stratified random full-sequence control,0,0.9965095986038395,23.7913,24.3756,2.5882,25.796991564360454,24.596113188943004,41.26028897681155,1.3225338038032282,20.094903199990892,0.6556098541706618,3.584215213216258,22.73282123169509,1.1438921388400012,23.807019157498292,1.1531697494425999
616,r_k03_0116_d10_d20_d53,"10,20,53",budget-matched cardinality-stratified random full-sequence control,0,0.9965095986038395,23.796999999999997,25.133100000000002,2.2317,25.84907188714322,24.485373309258257,39.06130664239786,1.1351878593408848,8.851426119157395,0.6529961238229683,3.521271593393672,23.585169824046982,1.0900267708000253,23.80328289540012,1.101389486178382
617,r_k05_0036_d01_d18_d37_d49_d62,"1,18,37,49,62",budget-matched cardinality-stratified random full-sequence control,0,0.9965095986038395,23.7991,24.6295,2.3644,25.755504246429776,24.8436918075996,38.58617528126441,1.087658405737113,4.897192109817709,0.7008826407138705,3.294637684956008,23.526874986738697,1.1092039995873006,23.805175914956365,1.1206900116954381
618,r_k04_0181_d16_d46_d49_d54,"16,46,49,54",budget-matched cardinality-stratified random full-sequence control,0,0.9965095986038395,23.8234,24.4696,2.3175999999999997,26.125444123503243,25.366610358967336,40.17253195757335,1.1127641766952947,7.428090286586005,0.7666339804451321,6.92900787375794,23.806092116024445,1.1204942079359188,23.83583566621424,1.133981235926858
619,g_pair_seed_sweep_d43_d57,"43,57",exhaustive two-channel full-sequence seed sweep (all_singletons_failed),0,0.9965095986038395,23.8391,24.6736,2.228,24.05016095987839,23.241475906113486,36.21825545604917,1.689935448806668,23.226090681610053,1.001668381820792,12.95586134980798,23.25085480222343,1.0067295162308392,23.873283488539705,1.0120325530168315
620,r_k05_0029_d01_d11_d15_d29_d61,"1,11,15,29,61",budget-matched cardinality-stratified random full-sequence control,0,0.9965095986038395,23.843700000000002,26.090400000000002,2.94,25.97051393490752,24.148544241999257,49.09981033914399,1.3529869988846692,20.080256617144858,0.8174065216088426,11.739285473619766,23.507696693847592,1.067842103769798,23.816779801897002,1.0844895351661594
621,g_s02_k04_from_d26_d51_d63_add_d00,"0,26,51,63",direct full-sequence ATE forward-greedy trial,0,0.9965095986038395,23.846500000000002,24.3958,2.8627,24.89559989145448,24.49344020953338,35.23463050655931,1.4690841029151607,16.748873236581524,0.9752894944326786,11.199660564238766,23.861152406983386,1.0639209956542486,23.872297989000977,1.0792969850050635
622,g_s01_k06_from_d29_d31_d33_d52_d55_add_d21,"21,29,31,33,52,55",direct full-sequence ATE forward-greedy trial,0,0.9965095986038395,23.8489,24.21,2.2782,24.44679958504617,23.935942345662152,35.093056663905756,1.3177182779328653,18.14283518722907,0.8345611129861973,12.48192852422999,22.97087902535075,1.0882909974987682,23.873524455555565,1.091505254454352
623,r_k04_0074_d04_d11_d43_d57,"4,11,43,57",budget-matched cardinality-stratified random full-sequence control,0,0.9965095986038395,23.8588,24.9429,3.2348000000000003,26.370279908279294,24.80913027122201,42.702644708118434,1.409855719342288,14.086509290544683,0.8800655680055002,8.746055933266724,23.188746172996904,1.1327465947841022,23.872399054359093,1.1408952374912338
624,g_pair_seed_sweep_d42_d52,"42,52",exhaustive two-channel full-sequence seed sweep (all_singletons_failed),0,0.9965095986038395,23.858999999999998,25.3555,2.062,24.6072871795269,23.22789509027673,38.54849103928469,1.642219465848924,26.084953810896334,1.094021383272026,18.961651541000442,23.106771249755614,1.015481028685876,23.895116690745944,1.009933889400139
625,r_k04_0115_d08_d25_d33_d53,"8,25,33,53",budget-matched cardinality-stratified random full-sequence control,0,0.9965095986038395,23.8648,24.8094,2.1146000000000003,26.05403759278123,25.258240011360282,37.02219977515938,1.13905775509901,9.48999675331268,0.6527223242292517,3.529502999911464,24.172723271836535,1.0850402609513794,23.87969906779321,1.108962600674394
626,g_s01_k04_from_d29_d33_d52_add_d46,"29,33,46,52",direct full-sequence ATE forward-greedy trial,0,0.9965095986038395,23.8663,25.4266,2.2085,25.83466071768084,24.649350746864272,41.916377038272756,1.2939544111274546,18.859116175935036,0.868133388422312,12.55413607609255,24.35487816365746,1.0348092421533492,23.85121313865086,1.056780299865771
627,r_k06_0049_d01_d20_d28_d43_d58_d61,"1,20,28,43,58,61",budget-matched cardinality-stratified random full-sequence control,0,0.9965095986038395,23.9057,24.451800000000002,2.5343,25.705973234288276,24.6593480816953,41.38651723912397,1.2766551884882922,16.884741384075838,0.671036064116211,3.4370832638606403,23.060598182648707,1.1306136322673668,23.916101300866703,1.1411497988606802
628,g_s04_k06_from_d15_d20_d26_d34_d45_add_d36,"15,20,26,34,36,45",direct full-sequence ATE forward-greedy trial,0,0.9965095986038395,23.911099999999998,24.729,2.0765,25.206183257545284,24.508759881864655,34.75702753353837,1.0765995663858825,7.701013351565359,0.6801428351238278,4.836247056137748,23.562084919959915,1.0783489519247786,23.937732580831547,1.0867912252978198
629,g_s04_k06_from_d15_d20_d26_d34_d45_add_d38,"15,20,26,34,38,45",direct full-sequence ATE forward-greedy trial,0,0.9965095986038395,23.911099999999998,24.729,2.0765,25.206183257545284,24.508759881864655,34.75702753353837,1.0765995663858825,7.701013351565359,0.6801428351238278,4.836247056137748,23.562084919959915,1.0783489519247786,23.937732580831547,1.0867912252978198
630,g_pair_seed_sweep_d40_d46,"40,46",exhaustive two-channel full-sequence seed sweep (all_singletons_failed),0,0.9965095986038395,23.9197,24.7498,2.2408,26.2553160503671,25.297350251986828,40.84372257527619,1.2809509389961469,12.05627598005965,0.749070175482295,7.806535549744519,23.612395508348598,1.1218589519770148,23.93773096291264,1.1398028412230208
631,r_k04_0232_d29_d42_d43_d49,"29,42,43,49",budget-matched cardinality-stratified random full-sequence control,0,0.9965095986038395,23.9258,24.9107,2.3851,25.4724574128033,24.51554268157185,42.059018155245795,1.2921261314817216,16.653061392942735,0.7341414713364997,4.140755014984382,23.38749293457547,1.0909942413436982,23.942851051879817,1.0964313110133366
632,g_s03_k03_from_d23_d59_add_d51,"23,51,59",direct full-sequence ATE forward-greedy trial,0,0.9965095986038395,23.950499999999998,24.5917,2.7806,24.602818385929687,23.88379418778501,37.10316878075224,1.480399882674396,16.75516137734792,1.0624928203672175,13.694098831035726,23.192634068122207,1.0718440029708582,23.979203297186142,1.0728137534508078
633,g_s04_k03_from_d20_d26_add_d58,"20,26,58",direct full-sequence ATE forward-greedy trial,0,0.9965095986038395,23.9527,24.3119,2.8144,25.216622236590425,24.503377240530313,37.58338489449473,1.2544816386843856,13.357255182197536,0.8866898674488977,8.506211950745008,23.17679196001122,1.1155716162058167,23.981026172186873,1.1105893923920418
634,r_k05_0195_d17_d27_d31_d36_d56,"17,27,31,36,56",budget-matched cardinality-stratified random full-sequence control,0,0.9965095986038395,23.9539,24.4615,2.1833,24.808857097862397,24.24840070789467,35.76160787102313,1.016488749040596,3.9476236188350744,0.6822310867801775,3.321046879927012,23.111248525689795,1.0918855180356908,23.974754282040823,1.0924752373682454
635,r_k04_0242_d38_d39_d42_d46,"38,39,42,46",budget-matched cardinality-stratified random full-sequence control,0,0.9965095986038395,23.9566,24.7577,2.5798,27.056575091284174,25.825106097790613,41.5259963126528,1.4973405381899756,21.2144060220394,0.8850030114864704,8.234274999311376,23.127008104261165,1.1706261454709848,23.993819408452573,1.171649676401843
636,r_k05_0155_d11_d19_d39_d40_d44,"11,19,39,40,44",budget-matched cardinality-stratified random full-sequence control,0,0.9965095986038395,23.9574,26.2708,2.4215,26.87314071301422,25.40879685151023,47.755103264196265,1.3251807871930876,10.101581668846864,0.7938827536371161,8.47856202235721,24.866222240857883,1.0482735667150036,23.93998861452301,1.0732082274742738
637,g_s01_k04_from_d29_d33_d52_add_d37,"29,33,37,52",direct full-sequence ATE forward-greedy trial,0,0.9965095986038395,23.9624,26.7726,2.8668,27.086801127378724,24.717126376354663,55.22474991532532,1.5584428072923175,26.068052051713575,0.9615895007033265,15.405486564292605,24.38071449047045,1.0509327972758291,23.927191132355233,1.0746706074821517
638,g_s01_k03_from_d33_d52_add_d36,"33,36,52",direct full-sequence ATE forward-greedy trial,0,0.9965095986038395,23.9769,25.369999999999997,2.6366,26.158345990010474,24.42083345796484,40.58001728089059,1.4931330831459382,16.353929106275626,1.0685353559923867,11.709739748463061,22.766890709325427,1.126873722835173,24.014424796623672,1.1204819010810947
639,g_s01_k03_from_d33_d52_add_d38,"33,38,52",direct full-sequence ATE forward-greedy trial,0,0.9965095986038395,23.9769,25.369999999999997,2.6366,26.158345990010474,24.42083345796484,40.58001728089059,1.4931330831459382,16.353929106275626,1.0685353559923867,11.709739748463061,22.766890709325427,1.126873722835173,24.014424796623672,1.1204819010810947
640,g_s01_k03_from_d33_d52_add_d48,"33,48,52",direct full-sequence ATE forward-greedy trial,0,0.9965095986038395,23.9769,25.369999999999997,2.6366,26.158345990010474,24.42083345796484,40.58001728089059,1.4931330831459382,16.353929106275626,1.0685353559923867,11.709739748463061,22.766890709325427,1.126873722835173,24.014424796623672,1.1204819010810947
641,r_k06_0022_d00_d15_d22_d34_d54_d56,"0,15,22,34,54,56",budget-matched cardinality-stratified random full-sequence control,0,0.9965095986038395,23.9912,24.7414,2.6168,25.603902340882108,24.646880611654353,37.78838199653191,1.388090491668877,21.686808817519726,0.6791889527370075,4.713282836128693,23.423796172613827,1.1038869943112537,24.008051846787374,1.1169450481759167
642,swap_k04_0152_d15_d20_d34_d35,"15,20,34,35",one-channel swap audit around provisional greedy endpoint,0,0.9965095986038395,24.0073,24.6166,2.5278,26.04617456205193,25.110821069003485,37.52004165488237,1.2315669770585627,11.190817277073826,0.8910207329588671,7.795496604263362,23.412300619156756,1.1343251683090037,24.021055758022353,1.135196332665876
643,r_k06_0145_d08_d37_d38_d46_d52_d61,"8,37,38,46,52,61",budget-matched cardinality-stratified random full-sequence control,0,0.9965095986038395,24.0102,26.0403,2.9498,27.102551752221434,25.28141969416882,47.6078768474607,1.4616738020237492,18.258581982024175,0.8329223181243358,10.956764886095554,23.737457560367595,1.1193898835717602,23.997480369669795,1.1392986133270104
644,r_k04_0162_d15_d16_d32_d62,"15,16,32,62",budget-matched cardinality-stratified random full-sequence control,0,0.9965095986038395,24.0256,24.7375,2.5802,26.392278380233382,25.127234368507732,45.337259638424094,1.3985826944965278,19.96223362376311,0.7549382341075139,4.926201358723958,23.136661826579484,1.1485842886466018,24.039544886005235,1.1520077412037293
645,g_s01_k05_from_d29_d31_d33_d52_add_d41,"29,31,33,41,52",direct full-sequence ATE forward-greedy trial,0,0.9965095986038395,24.046,24.9136,2.5107999999999997,25.622573828049376,24.54972496580929,38.608889106199214,1.4131301002852057,18.538565679817054,0.8106607566615781,11.646536838205096,22.918118002179135,1.1220052660493829,24.075201104505474,1.1214315907448302
646,g_s01_k05_from_d29_d31_d33_d52_add_d00,"0,29,31,33,52",direct full-sequence ATE forward-greedy trial,0,0.9965095986038395,24.055699999999998,24.6407,2.5269,25.090924153494125,23.87820772264282,40.54578574216075,1.2122945167691166,9.897139006735763,0.8297504053067112,7.954316139222791,23.194293536820112,1.0941606289931776,24.089768141300897,1.1053082680453774
647,g_s02_k06_from_d23_d24_d26_d51_d63_add_d03,"3,23,24,26,51,63",direct full-sequence ATE forward-greedy trial,0,0.9965095986038395,24.066399999999998,24.7075,2.1212999999999997,24.958188422055468,24.371876177646136,35.486383462343994,1.0912898576324523,7.510022423650646,0.7280146008138735,7.125137014365919,23.413644717325276,1.081861460800568,24.095398213766067,1.089609929015035
648,g_s03_k05_from_d23_d24_d40_d59_add_d60,"23,24,40,59,60",direct full-sequence ATE forward-greedy trial,0,0.9965095986038395,24.0925,25.7169,3.1444,25.161389053428422,23.037921191108577,46.33955435325313,2.0493580622255094,40.29695299642121,1.5212791081841466,31.09857066201985,22.979613347970528,1.0346688082056943,24.07370816207215,1.046677942086763
649,r_k04_0236_d31_d37_d50_d62,"31,37,50,62",budget-matched cardinality-stratified random full-sequence control,0,0.9965095986038395,24.0951,25.1805,2.4427,27.35957278670829,26.25623231778164,47.50914246384098,1.0934063610173832,4.4036692376635465,0.7144699826774185,3.3963713446308392,24.3777649167965,1.1409267460796466,24.081649398719836,1.158380960889781
650,g_s01_k04_from_d29_d33_d52_add_d50,"29,33,50,52",direct full-sequence ATE forward-greedy trial,0,0.9965095986038395,24.096799999999998,25.9875,2.4646,27.075957552115128,25.963804646565166,49.10743865241121,1.4643904723340788,17.519496328894913,0.8610638525691949,10.435251339244475,25.713627739738783,1.0215938463948606,24.0582923341287,1.0542653436892628
651,r_k05_0157_d11_d36_d46_d49_d60,"11,36,46,49,60",budget-matched cardinality-stratified random full-sequence control,0,0.9965095986038395,24.1032,25.047000000000004,2.5458000000000003,25.74131412348794,24.84070820158922,39.2809587972964,1.4451291761812437,17.830182269447675,1.01851974429884,16.118096330416193,23.915590535048562,1.0817752896188586,24.1160298452901,1.0937376772619376
652,swap_k04_0207_d15_d20_d26_d29,"15,20,26,29",one-channel swap audit around provisional greedy endpoint,0,0.9965095986038395,24.114,24.921599999999998,2.0334000000000003,25.275260144974798,24.525836301687825,38.76977633233567,1.1530553610495344,8.69291924667711,0.7169324510016457,5.089955231528578,23.63167188805166,1.0767762599296364,24.140309981701648,1.0854146725097147
653,g_s01_k05_from_d29_d31_d33_d52_add_d01,"1,29,31,33,52",direct full-sequence ATE forward-greedy trial,0,0.9965095986038395,24.1336,24.8554,2.9307,25.210703234343633,24.0217766811102,38.55781746467698,1.2643291204684544,13.408085220675705,0.7629928874684111,7.783607979254175,22.91330152223976,1.1076625930786854,24.15301547030887,1.1142815748431523
654,g_s01_k06_from_d29_d31_d33_d52_d55_add_d57,"29,31,33,52,55,57",direct full-sequence ATE forward-greedy trial,0,0.9965095986038395,24.1357,24.7753,2.6311,25.28556222044054,24.23540972041433,38.794259809435,1.2897566405773757,14.878699292059277,0.7392889454311513,8.933736921067032,22.967778813498995,1.1127454955181812,24.166582839366306,1.1146390186283435
655,r_k06_0034_d01_d04_d18_d19_d22_d39,"1,4,18,19,22,39",budget-matched cardinality-stratified random full-sequence control,0,0.9965095986038395,24.142,25.217699999999997,3.2104,25.70369667692627,23.910240929730385,42.39092721818432,1.3281096194355764,15.295487181878231,0.7907089875896964,8.598998527884245,22.64607251887178,1.1208332710847522,24.16304536205448,1.1268886492935983
656,r_k05_0085_d05_d11_d36_d44_d45,"5,11,36,44,45",budget-matched cardinality-stratified random full-sequence control,0,0.9965095986038395,24.1468,25.148300000000003,2.4612,27.01374508332886,26.074318715617263,47.118822227301266,1.258096777012664,9.62887489939632,0.7856769605132298,4.554392143385957,24.70125968061028,1.1123944486391935,24.138389445914086,1.127934438037937
657,r_k06_0210_d19_d27_d34_d40_d54_d57,"19,27,34,40,54,57",budget-matched cardinality-stratified random full-sequence control,0,0.9965095986038395,24.1585,25.5012,2.9076,26.48454831030687,25.06293151618339,42.251958482842745,1.2705284781267463,14.317886664967716,0.6629596417127419,2.847126729839771,23.967194186043738,1.1044737581200978,24.172458672331203,1.121143778513459
658,g_pair_seed_sweep_d31_d42,"31,42",exhaustive two-channel full-sequence seed sweep (all_singletons_failed),0,0.9965095986038395,24.160400000000003,24.614,2.572,24.989289469763104,24.50864389802734,34.411875027361546,1.0689130392748676,4.568746206321684,0.6418400627905825,4.222124599399407,23.412990822762563,1.0911690022896876,24.184373688232668,1.0901811307255964
659,g_pair_seed_sweep_d52_d55,"52,55",exhaustive two-channel full-sequence seed sweep (all_singletons_failed),0,0.9965095986038395,24.1759,24.8182,1.8360999999999998,25.221538168475842,24.484599030027958,37.55589315344493,1.246322907658068,14.787741943874073,0.8705912808708813,14.056135479579117,23.559023302028905,1.087196587665485,24.20153968423831,1.085150389475256
660,swap_k04_0136_d15_d16_d20_d34,"15,16,20,34",one-channel swap audit around provisional greedy endpoint,0,0.9965095986038395,24.1854,24.8643,2.3084000000000002,26.122469670733445,24.861412237532203,40.833258605058894,1.0541857879429155,4.719708520352179,0.6452823788015188,4.350061942281534,23.486065403517845,1.1280240630670912,24.204949422178675,1.1370490106432358
661,swap_k04_0088_d15_d26_d30_d34,"15,26,30,34",one-channel swap audit around provisional greedy endpoint,0,0.9965095986038395,24.218999999999998,24.9332,2.0353,25.142605507925914,24.50051468212349,34.28233496342081,1.1303984275983796,8.266547553556485,0.6376475740640138,3.499772251117281,24.062326191616975,1.0523038963215834,24.240561930163203,1.0675407083354795
662,g_pair_seed_sweep_d27_d57,"27,57",exhaustive two-channel full-sequence seed sweep (all_singletons_failed),0,0.9965095986038395,24.2231,24.6175,2.1762,24.436280026343493,23.882981927775703,36.37835271646288,1.2703719894862138,11.701690797688324,0.8575935569398733,12.024526197613687,23.769574263411606,1.0252686502927515,24.25130618541165,1.0393301949035978
663,r_k05_0042_d02_d06_d15_d43_d63,"2,6,15,43,63",budget-matched cardinality-stratified random full-sequence control,0,0.9965095986038395,24.2513,24.7041,2.2876,24.824936640017626,24.28894550548867,35.291711712371225,1.260276647821228,12.140423491128214,0.7145229541179523,4.003870898091133,23.48710049651441,1.0798554868663917,24.275563075038164,1.0863695112729086
664,r_k06_0193_d15_d19_d21_d33_d38_d57,"15,19,21,33,38,57",budget-matched cardinality-stratified random full-sequence control,0,0.9965095986038395,24.2619,25.013099999999998,2.1468000000000003,25.472845686831334,24.868352658061006,36.94952162812597,1.1934608822683423,11.720319569565053,0.7851053371963419,9.631240658927785,24.47346248841283,1.0434928049544008,24.269496604645163,1.0605483713275818
665,g_s02_k04_from_d26_d51_d63_add_d56,"26,51,56,63",direct full-sequence ATE forward-greedy trial,0,0.9965095986038395,24.2703,24.800900000000002,1.9961,24.3582096714007,23.719239674952277,37.12118650541173,1.573312802012879,28.190191092879136,1.0783798461195342,18.26436396884109,23.404869330224564,1.0480155849672304,24.301045939947336,1.0553170520716848
666,g_pair_seed_sweep_d15_d53,"15,53",exhaustive two-channel full-sequence seed sweep (all_singletons_failed),0,0.9965095986038395,24.2714,24.858,2.5316,25.096851891128395,24.14010867325689,37.6572345004211,1.475168589672789,23.543432130426396,0.6499983719171358,3.7951447974354986,23.085562369592246,1.0995142350179188,24.28661086568692,1.1056372532116305
667,r_k06_0032_d01_d04_d05_d08_d45_d54,"1,4,5,8,45,54",budget-matched cardinality-stratified random full-sequence control,0,0.9965095986038395,24.2849,24.9863,3.3207,27.121932449945913,25.76860021855517,42.590178423086414,1.3687152969409975,17.8730413055778,0.8828279093298159,11.065161778556307,23.231240269380475,1.1750434105696002,24.306345611852585,1.1710541598591497
668,g_pair_seed_sweep_d19_d34,"19,34",exhaustive two-channel full-sequence seed sweep (all_singletons_failed),0,0.9965095986038395,24.2885,25.407400000000003,2.1423,25.814193997942958,24.916802164987498,36.39848352592646,1.3669987429463577,18.891011305256537,0.7124917597181114,6.595004020571424,24.23171408100519,1.064025077009343,24.309596025653164,1.0815696270442794
669,g_s02_k04_from_d26_d51_d63_add_d20,"20,26,51,63",direct full-sequence ATE forward-greedy trial,0,0.9965095986038395,24.2915,24.684,2.0536,24.954955185706705,24.236038222509105,37.476762460222,1.2111412891427997,14.0402767402592,0.8193589927358117,8.252294413953523,23.45547477105151,1.0881688177869075,24.321206553180826,1.093271396408676
670,g_s02_k03_from_d26_d51_add_d50,"26,50,51",direct full-sequence ATE forward-greedy trial,0,0.9965095986038395,24.2924,25.4208,1.7891000000000001,24.944021106183033,23.96850677464844,38.970790579164984,1.1635019275812206,11.023134395002772,0.7478168694901344,8.712058805695357,23.39922550821613,1.0507342862441935,24.329386579989162,1.0514204380763195
671,r_k03_0247_d50_d60_d63,"50,60,63",budget-matched cardinality-stratified random full-sequence control,0,0.9965095986038395,24.2946,25.6674,3.1601,25.955298246001824,24.63132990676604,44.698317560973464,1.5574576437601957,24.812477217773576,1.0034343353449742,15.422873389514297,24.017271370687283,1.067317719200462,24.309291314118592,1.082052433315818
672,g_pair_seed_sweep_d39_d57,"39,57",exhaustive two-channel full-sequence seed sweep (all_singletons_failed),0,0.9965095986038395,24.296599999999998,24.7502,2.2731000000000003,24.337843872115126,23.792997030225713,36.34999478519502,1.193066082820282,12.252381397182697,0.6276168274800507,4.0675493528816915,23.504257497329604,1.0425422648616192,24.324392748198097,1.0497985819265339
673,r_k06_0060_d02_d11_d24_d26_d46_d48,"2,11,24,26,46,48",budget-matched cardinality-stratified random full-sequence control,0,0.9965095986038395,24.305699999999998,24.9104,2.7335000000000003,26.81859140313727,25.739412451286135,41.096016804916886,1.1993028226759217,7.875796707942268,0.9256829449646491,11.675383396351148,23.50036118336547,1.1575423651070489,24.332423228483606,1.1594155740419292
674,g_s02_k06_from_d23_d24_d26_d51_d63_add_d01,"1,23,24,26,51,63",direct full-sequence ATE forward-greedy trial,0,0.9965095986038395,24.3064,24.9256,2.0446,24.63848484228692,23.930387348478522,38.517761948383864,1.5103764212864474,19.73222312262272,0.9159680616636893,11.984323042438684,23.546492616151077,1.055589031858772,24.34317391318214,1.059212435890967
675,g_pair_seed_sweep_d15_d47,"15,47",exhaustive two-channel full-sequence seed sweep (all_singletons_failed),0,0.9965095986038395,24.307000000000002,24.926000000000002,2.2114000000000003,25.1253903463796,24.299460922624107,37.56823898840478,1.1025103900858007,7.290259067307837,0.6552860166692762,4.729372387109048,23.198721306935184,1.0968032259181257,24.333894920882535,1.1018073843370064
676,r_k03_0146_d13_d20_d41,"13,20,41",budget-matched cardinality-stratified random full-sequence control,0,0.9965095986038395,24.3354,26.0355,2.8531,28.46379995053659,26.590105914289197,49.16564396341821,1.9129235946694432,30.993449469075042,1.0734121342100236,9.491396445969277,24.225657281398277,1.1650944599827513,24.34780870297055,1.1618504442060305
677,g_s02_k05_from_d24_d26_d51_d63_add_d12,"12,24,26,51,63",direct full-sequence ATE forward-greedy trial,0,0.9965095986038395,24.336199999999998,25.9191,2.6187,26.19332534089708,24.742258175164487,47.38331124794736,1.6887852548804767,29.79457862612475,1.1120146383906435,19.93249202477732,24.510206878547216,1.0286611898088047,24.351704698748897,1.0505082993568544
678,r_k04_0050_d02_d46_d49_d51,"2,46,49,51",budget-matched cardinality-stratified random full-sequence control,0,0.9965095986038395,24.3461,25.2287,2.1289,26.256506679698788,25.346692504201357,46.13684038156676,1.1955981199624957,9.906080685739846,0.8338157286416991,7.5394245774024276,24.062355883232303,1.101351507865821,24.36110438562302,1.1139274316587706
679,g_pair_seed_sweep_d08_d25,"8,25",exhaustive two-channel full-sequence seed sweep (all_singletons_failed),0,0.9965095986038395,24.3522,25.9743,2.7761,26.834554111477715,25.54927098243929,39.488765638141984,1.503560568347991,14.36003667449377,1.1401065513261612,12.911371176571052,25.398050962180474,1.0160759397155388,24.338410409351933,1.0521749003102439
680,g_pair_seed_sweep_d25_d63,"25,63",exhaustive two-channel full-sequence seed sweep (all_singletons_failed),0,0.9965095986038395,24.3648,25.818600000000004,2.508,26.72288217109669,25.73733414079967,40.041254732122916,1.4836168343228044,14.400546790392232,1.1124608377102838,10.816626028249186,25.332618793591028,1.0358371306359848,24.32157252748764,1.075260723558257
681,r_k05_0017_d00_d32_d35_d56_d59,"0,32,35,56,59",budget-matched cardinality-stratified random full-sequence control,0,0.9965095986038395,24.3696,25.804100000000002,2.3721,26.303471271549682,24.814485118327433,38.649193148050465,1.6120300198206754,21.356056640797856,0.8544372097172063,11.299207007795237,23.684916136536092,1.0968831761981066,24.388665741830273,1.0991355681325505
682,g_pair_seed_sweep_d31_d34,"31,34",exhaustive two-channel full-sequence seed sweep (all_singletons_failed),0,0.9965095986038395,24.3895,24.7832,1.897,24.978265906271275,24.62842333279713,32.13761097086209,1.0949478344899661,6.907147637363127,0.6796557241017953,5.538568795961166,24.02207316313345,1.0634877943526289,24.407501750647942,1.0752410896496978
683,r_k06_0007_d00_d02_d26_d28_d52_d53,"0,2,26,28,52,53",budget-matched cardinality-stratified random full-sequence control,0,0.9965095986038395,24.397,25.177699999999998,2.5057,25.991236900954956,25.29994160712568,35.259956428814746,1.2577826175696238,13.10003118942651,0.718832893495448,6.482422553627871,24.508897860416752,1.0734407169911075,24.419338141100422,1.0961710319798543
684,g_pair_seed_sweep_d10_d55,"10,55",exhaustive two-channel full-sequence seed sweep (all_singletons_failed),0,0.9965095986038395,24.3976,25.392799999999998,2.5053,26.151949543614432,25.005836856235593,41.01682448698358,1.41954029193413,14.548256600760912,0.8668310360696616,12.601610804761298,23.81093494236705,1.1016257177172346,24.419856526643947,1.1137587585016238
685,g_pair_seed_sweep_d25_d31,"25,31",exhaustive two-channel full-sequence seed sweep (all_singletons_failed),0,0.9965095986038395,24.4004,25.0903,2.0577,24.655119229347058,23.92843728318842,36.06250391577238,1.0625234185252814,8.507883713130132,0.6576735231298635,5.491179339195571,23.307429329675973,1.0609984013567704,24.42668209602542,1.0649549961018332
686,g_pair_seed_sweep_d06_d57,"6,57",exhaustive two-channel full-sequence seed sweep (all_singletons_failed),0,0.9965095986038395,24.4227,24.936600000000002,1.9075000000000002,24.657709761418694,24.06322428275429,35.42289543322855,1.0982994297422595,5.366510166205998,0.6381369709515635,4.749269046450689,23.77381854887759,1.0458155554559876,24.445421429369482,1.061434669722124
687,r_k04_0200_d21_d36_d60_d63,"21,36,60,63",budget-matched cardinality-stratified random full-sequence control,0,0.9965095986038395,24.4254,25.1135,2.4421000000000004,27.187706634407537,26.20346691679543,41.763065824239156,1.2265620484011441,13.179079073666578,0.7580561503000566,4.667062720837069,24.011273918712345,1.1530843043186763,24.442066071898886,1.1639662302369997
688,g_s01_k03_from_d33_d52_add_d03,"3,33,52",direct full-sequence ATE forward-greedy trial,0,0.9965095986038395,24.4273,24.9162,2.5178,26.252296904254003,25.545476383928666,36.93357698757055,1.2364340393878852,12.13415224814518,0.968995896395292,11.89617471479495,23.938235256189515,1.1278882596698403,24.45184458509572,1.1334943761234648
689,g_s03_k03_from_d23_d59_add_d08,"8,23,59",direct full-sequence ATE forward-greedy trial,0,0.9965095986038395,24.435599999999997,26.251,2.514,27.757427150427727,26.4028915397927,47.53097255097122,1.3882691771578677,12.249739536904512,0.8780151272790214,7.973535864233754,25.52640300379439,1.0707698992806798,24.42862865816069,1.1049558203677785
690,r_k03_0062_d05_d25_d27,"5,25,27",budget-matched cardinality-stratified random full-sequence control,0,0.9965095986038395,24.4366,26.138099999999998,2.2599,26.13095305032729,24.813984800886505,45.53941606079804,1.5089991723925757,19.508951047694826,1.0970376949717702,14.314211474913243,24.12698832262034,1.0484397507686005,24.39435887158516,1.0670951583474146
691,g_s04_k06_from_d15_d20_d26_d34_d45_add_d54,"15,20,26,34,45,54",direct full-sequence ATE forward-greedy trial,0,0.9965095986038395,24.4395,25.1664,2.1589,25.569950874061547,24.893598246984432,35.996905596375875,1.1448453048399134,9.86140388000991,0.6932561604399906,4.691491207129755,23.970416865592036,1.0805742026203173,24.467166967561653,1.0890236784365694
692,r_k06_0202_d16_d27_d36_d40_d42_d51,"16,27,36,40,42,51",budget-matched cardinality-stratified random full-sequence control,0,0.9965095986038395,24.4556,25.1595,2.4625,26.278561264088975,25.23856740027684,38.99529665832785,1.3834791964641828,16.450870446465387,0.7816641877743361,5.8061656672782584,23.384061656702706,1.134764344054593,24.481415365060506,1.1377434674661104
693,g_s03_k05_from_d23_d24_d40_d59_add_d35,"23,24,35,40,59",direct full-sequence ATE forward-greedy trial,0,0.9965095986038395,24.4585,26.7965,2.4722,27.906582491808468,25.558734659886095,61.92045269355667,1.576463326999878,20.34896596673334,0.9207110314565528,11.871370331100943,25.07007296799056,1.0696477984027524,24.420243667426185,1.100978111772062
694,g_pair_seed_sweep_d27_d46,"27,46",exhaustive two-channel full-sequence seed sweep (all_singletons_failed),0,0.9965095986038395,24.4892,25.0173,1.8822999999999999,25.814232626870037,25.357119097393426,35.10884443714577,1.0773926701961767,6.576199462867294,0.6814694639211327,6.422417611591418,24.46180971953183,1.080367912416965,24.508714611442137,1.0959832934763605
695,r_k05_0186_d16_d18_d19_d21_d53,"16,18,19,21,53",budget-matched cardinality-stratified random full-sequence control,0,0.9965095986038395,24.494699999999998,25.6965,2.101,26.753770146506884,25.85663570793991,37.885528220822906,1.1368765315478737,8.99118443351432,0.7013358957633217,7.832175732463968,24.865531688645348,1.0832738939496054,24.493257998316768,1.1049030479825568
696,g_pair_seed_sweep_d26_d37,"26,37",exhaustive two-channel full-sequence seed sweep (all_singletons_failed),0,0.9965095986038395,24.4987,25.3405,2.114,25.955933062576463,25.16281012726112,37.03781605044126,1.208013347950533,13.793398713966592,0.630173053079694,3.741907467873606,23.92384413783293,1.0997558681828281,24.526928682995685,1.109963812986428
697,r_k05_0103_d06_d15_d19_d29_d53,"6,15,19,29,53",budget-matched cardinality-stratified random full-sequence control,0,0.9965095986038395,24.5064,25.1571,3.0546,25.99400800938973,24.755312211408427,42.28366089290483,1.3602388487773496,17.782290665589862,0.7071480137144817,6.260310969488261,23.261465502093003,1.1302820635762916,24.528060296535443,1.1345482054444451
698,r_k04_0235_d31_d36_d45_d46,"31,36,45,46",budget-matched cardinality-stratified random full-sequence control,0,0.9965095986038395,24.5181,24.959600000000002,2.3865000000000003,26.597107020602884,25.72445124341922,39.45445418104717,1.1837274785596423,9.800460354990253,0.8477156996659251,8.667843137226658,23.936780804295196,1.141388791096481,24.53828408217423,1.1442076371498002
699,g_s01_k05_from_d29_d31_d33_d52_add_d24,"24,29,31,33,52",direct full-sequence ATE forward-greedy trial,0,0.9965095986038395,24.5209,25.5976,2.7555,26.005768397288264,24.638830894305606,42.31376318846097,1.8078866559164144,30.956220923037197,1.2492617793052223,24.82869265532681,22.64170377515518,1.1318319115110886,24.569410999341983,1.126160307102991
700,g_pair_seed_sweep_d28_d45,"28,45",exhaustive two-channel full-sequence seed sweep (all_singletons_failed),0,0.9965095986038395,24.5218,26.6048,2.9985999999999997,25.820753027340043,23.912478146817097,48.72220622796545,2.3079366750679666,30.516426927238644,1.3170899454331522,18.034838503638596,23.874653386464693,1.0244668967298474,24.546150405293574,1.038900192615934
701,g_s03_k06_from_d23_d24_d40_d59_d63_add_d36,"23,24,36,40,59,63",direct full-sequence ATE forward-greedy trial,0,0.9965095986038395,24.526500000000002,27.2026,2.2539,27.74452039064303,25.220811188366987,55.70404029335151,1.5774854216013479,23.69915844769479,1.0697695700900507,14.866830924749054,25.163323799936066,1.045570056299075,24.477799337877542,1.076791971238798
702,g_s03_k06_from_d23_d24_d40_d59_d63_add_d38,"23,24,38,40,59,63",direct full-sequence ATE forward-greedy trial,0,0.9965095986038395,24.526500000000002,27.2026,2.2539,27.74452039064303,25.220811188366987,55.70404029335151,1.5774854216013479,23.69915844769479,1.0697695700900507,14.866830924749054,25.163323799936066,1.045570056299075,24.477799337877542,1.076791971238798
703,r_k05_0218_d24_d32_d47_d53_d54,"24,32,47,53,54",budget-matched cardinality-stratified random full-sequence control,0,0.9965095986038395,24.5379,25.806600000000003,3.0774,28.153149137386148,26.419935497378148,47.3865210211103,1.3793233798639448,17.252622820187288,0.7751143651670092,5.356131862620576,23.56750990769701,1.182849656917353,24.54150831664955,1.1869473959533219
704,g_s02_k04_from_d26_d51_d63_add_d39,"26,39,51,63",direct full-sequence ATE forward-greedy trial,0,0.9965095986038395,24.5382,25.2207,2.4947,25.170248101554506,24.179072077500273,41.028459684674615,1.0973859695465213,6.989769112097896,0.7815540559820974,8.86766216287197,23.221180459825835,1.0933233658921568,24.57674691780879,1.0938178834882646
705,g_pair_seed_sweep_d16_d63,"16,63",exhaustive two-channel full-sequence seed sweep (all_singletons_failed),0,0.9965095986038395,24.5427,25.5654,2.4794,26.80267673534774,25.845503978055785,41.24484541571572,1.3632604235670278,14.108065507143387,0.7528381772589707,7.286924703333338,24.527757228958766,1.1048446264224108,24.561504578137562,1.13249216619604
706,swap_k04_0133_d12_d15_d20_d34,"12,15,20,34",one-channel swap audit around provisional greedy endpoint,0,0.9965095986038395,24.549000000000003,25.3694,2.5019,27.010959836908306,25.928721279335754,44.2819529458329,1.2669849377056848,12.046301676604088,0.8198739643938329,6.771915892232384,24.03323480353185,1.1395291127452232,24.56139514598683,1.1437729279780249
707,g_s01_k06_from_d29_d31_d33_d52_d55_add_d30,"29,30,31,33,52,55",direct full-sequence ATE forward-greedy trial,0,0.9965095986038395,24.5556,25.2234,2.5795,25.868179681754906,24.4695627872934,41.08815002874104,1.4159469640009945,16.955568673603242,0.8962702162607407,14.820495467700683,23.023121200083057,1.1284861772480705,24.590686246023854,1.1283482613768332
708,g_s04_k05_from_d15_d20_d26_d34_add_d10,"10,15,20,26,34",direct full-sequence ATE forward-greedy trial,0,0.9965095986038395,24.5648,25.9116,2.1139,26.21407901872187,25.09888052529479,41.86511324397538,1.2384995022505736,14.622999702024131,0.7774131359240499,11.364632804681934,24.72729896659746,1.0365248668703468,24.581452919685976,1.0488134934270248
709,g_s01_k05_from_d29_d31_d33_d52_add_d18,"18,29,31,33,52",direct full-sequence ATE forward-greedy trial,0,0.9965095986038395,24.5669,24.8907,2.3106,25.300145276578423,24.76138199168208,35.83219339419532,1.0588434494837182,5.909974442786313,0.6634217746581889,4.217086553642569,23.671650565670443,1.0991844443574583,24.591524995942603,1.1029404483153604
710,g_pair_seed_sweep_d00_d63,"0,63",exhaustive two-channel full-sequence seed sweep (all_singletons_failed),0,0.9965095986038395,24.5745,28.0167,2.5932,31.246579937564,28.771218964210533,49.624970400496665,1.4802066092394872,13.514540297840268,0.916850346232377,8.745973952524297,28.537185377221334,1.026056152789255,24.538420234565333,1.081273083931379
711,swap_k04_0179_d15_d20_d34_d62,"15,20,34,62",one-channel swap audit around provisional greedy endpoint,0,0.9965095986038395,24.576999999999998,25.1573,2.2698,26.495098083751145,25.565421047630497,39.214076628337494,1.193561571691448,11.152634352356811,0.7667360305514739,4.383234867403339,23.697688386254715,1.1389076310234951,24.599271995746385,1.1376001353816996
712,r_k04_0126_d09_d25_d42_d56,"9,25,42,56",budget-matched cardinality-stratified random full-sequence control,0,0.9965095986038395,24.577299999999997,25.8399,2.3277,26.384694231216972,25.008561536649015,49.332426621514394,1.394024592836996,19.727005508372336,0.7428654610375185,4.422417210295986,24.16380309315283,1.0793328405205966,24.592007226504535,1.088814067712899
713,g_s04_k06_from_d15_d20_d26_d34_d45_add_d06,"6,15,20,26,34,45",direct full-sequence ATE forward-greedy trial,0,0.9965095986038395,24.5793,24.8943,2.3403,25.19550791361638,24.551337400496294,37.87959000292852,1.0217852736268085,5.477731794930006,0.6068336898112529,3.4738670596192804,23.606070687794155,1.0952843441203408,24.607734154322696,1.1003192508066448
714,g_s01_k06_from_d29_d31_d33_d52_d55_add_d17,"17,29,31,33,52,55",direct full-sequence ATE forward-greedy trial,0,0.9965095986038395,24.583099999999998,24.9125,2.4912,25.379015076541478,24.562233745784994,37.944261083534975,1.113998617449041,8.268788144601293,0.6994017314357892,5.65977660108549,23.43647658249544,1.1103279608915828,24.61074390509021,1.1119134655754797
715,g_pair_seed_sweep_d33_d63,"33,63",exhaustive two-channel full-sequence seed sweep (all_singletons_failed),0,0.9965095986038395,24.602899999999998,25.2573,2.4195,26.64440918504562,25.68186766250875,40.07701713603462,1.2350956935296895,11.029377543120315,0.657336940389376,4.4104574988853935,24.509464218632907,1.1105948379646822,24.632239104815092,1.1286113584072746
716,g_s03_k04_from_d23_d24_d59_add_d18,"18,23,24,59",direct full-sequence ATE forward-greedy trial,0,0.9965095986038395,24.6055,25.169900000000002,2.6698,26.129386917254436,24.948412218443966,42.15974503429897,1.1663198343770493,8.777629396128075,0.7413134115781058,5.930118849503316,23.297727626897068,1.1361372457795245,24.6370157110956,1.13940113950658
717,g_s03_k06_from_d23_d24_d40_d59_d63_add_d52,"23,24,40,52,59,63",direct full-sequence ATE forward-greedy trial,0,0.9965095986038395,24.610699999999998,25.160100000000003,2.0811,25.0931360309047,24.34582705630619,40.28380137801551,1.127097281153684,6.060288345430663,0.7144073377847147,5.945771198343744,23.608368392494448,1.0777130798926253,24.644602066552576,1.0846230362870128
718,r_k05_0200_d18_d22_d25_d35_d45,"18,22,25,35,45",budget-matched cardinality-stratified random full-sequence control,0,0.9965095986038395,24.6259,26.7801,2.8711,27.078153145281377,24.93740591564671,50.629247422946236,1.6474034184609274,21.78178535006603,0.9078901326735987,14.153926278828656,24.406447748974934,1.073173200240215,24.60334940010878,1.0950742788063819
719,swap_k04_0109_d15_d26_d34_d52,"15,26,34,52",one-channel swap audit around provisional greedy endpoint,0,0.9965095986038395,24.631,25.0331,2.2412,24.903978307955217,24.221223806402318,37.74898165462308,1.1886217805774164,9.859885108925642,0.6664296259246866,5.1731171968318925,23.5781856605754,1.076994529672144,24.66259057224964,1.0889290333071242
720,r_k06_0142_d08_d17_d24_d29_d44_d62,"8,17,24,29,44,62",budget-matched cardinality-stratified random full-sequence control,0,0.9965095986038395,24.6433,26.5795,3.3452,30.808752556579165,29.45409549124432,49.37262770405787,1.4279203556068727,16.285051337427518,0.9682678417617738,12.531929490840882,26.886173171578402,1.16623132371939,24.622354280047393,1.1963553024170235
721,swap_k04_0073_d12_d15_d26_d34,"12,15,26,34",one-channel swap audit around provisional greedy endpoint,0,0.9965095986038395,24.653200000000002,25.020500000000002,2.2339,25.39969808551471,24.904836282660803,37.13683703261623,1.0806474084776192,7.6177931156768075,0.7426502443479336,4.804673208103402,23.820348105574734,1.0961410922696084,24.680777890951752,1.0998744412227837
722,g_s01_k06_from_d29_d31_d33_d52_d55_add_d27,"27,29,31,33,52,55",direct full-sequence ATE forward-greedy trial,0,0.9965095986038395,24.6575,25.215700000000002,2.374,25.5845976165013,24.698938341870686,38.39190472974029,1.1406120722004411,10.11245512238826,0.6435751648708463,3.8032653506566505,23.28115590216437,1.1162412245802906,24.688909433070037,1.115650006290751
723,r_k04_0006_d00_d07_d11_d49,"0,7,11,49",budget-matched cardinality-stratified random full-sequence control,0,0.9965095986038395,24.6627,26.4868,3.0295,28.57372012009314,26.926695935002037,51.22920598650729,1.3832141640432787,13.707604157475108,0.900149770855851,10.611377593582286,25.626046890048404,1.1175299918372024,24.65667567849993,1.1473482226608303
724,g_s02_k06_from_d23_d24_d26_d51_d63_add_d45,"23,24,26,45,51,63",direct full-sequence ATE forward-greedy trial,0,0.9965095986038395,24.663899999999998,25.2241,2.2677,25.121675573627122,24.227720319662676,40.00310955038971,1.0770656403688372,7.845706509257012,0.7454704856603444,8.582488990908995,23.381468871067778,1.0885896409799114,24.699025034908097,1.0898273641607734
725,r_k04_0174_d16_d28_d49_d58,"16,28,49,58",budget-matched cardinality-stratified random full-sequence control,0,0.9965095986038395,24.682499999999997,25.252599999999997,2.5266,26.84246336276183,25.86076015352139,42.25029063011315,1.3493628588800852,19.792522910013645,0.7335513979272891,3.3550235241911697,24.07270494180666,1.1426209599640835,24.70052197929336,1.1480653736171758
726,g_pair_seed_sweep_d05_d45,"5,45",exhaustive two-channel full-sequence seed sweep (all_singletons_failed),0,0.9965095986038395,24.6829,25.238699999999998,2.244,25.63569798391382,25.031589352256333,35.75209701641406,1.2847177434591674,16.728264045637392,0.7993220952516442,11.245970466276383,24.175125984018152,1.081966172547075,24.700512710960094,1.0872275451483255
727,g_s02_k04_from_d26_d51_d63_add_d54,"26,51,54,63",direct full-sequence ATE forward-greedy trial,0,0.9965095986038395,24.688499999999998,25.111099999999997,2.7762,25.53376286884012,24.860373828816996,38.9261818219138,1.1660199068753774,9.008475175957868,0.8582048939225013,8.790483540421352,23.785161624952277,1.1000816290135016,24.722854544214616,1.1006536181033428
728,g_s01_k05_from_d29_d31_d33_d52_add_d39,"29,31,33,39,52",direct full-sequence ATE forward-greedy trial,0,0.9965095986038395,24.700400000000002,25.477800000000002,2.6182,25.93080763147405,24.761664412285594,40.13609356029001,1.4281236448366406,17.551816985868797,0.798046435526838,9.736534313748347,23.058032169457995,1.1287994601103402,24.736057492481713,1.1264867375454954
729,r_k03_0012_d00_d50_d52,"0,50,52",budget-matched cardinality-stratified random full-sequence control,0,0.9965095986038395,24.7245,27.0496,2.1218999999999997,30.272236971434857,28.389949276570402,63.18182766418089,1.620187113604917,15.570324708953088,1.049059479337679,10.944608495555457,28.647644523999904,0.9709204390920982,24.703577522011354,1.0243806484333442
730,r_k05_0124_d08_d16_d20_d39_d49,"8,16,20,39,49",budget-matched cardinality-stratified random full-sequence control,0,0.9965095986038395,24.7569,25.597900000000003,2.3748,26.964730082786737,25.900264129213717,42.10248254325487,1.202506387008838,9.329649851449906,0.7299907486165429,5.580449020308829,24.309058485549713,1.1244460172601372,24.777162873595994,1.1393685714151676
731,r_k04_0034_d01_d35_d51_d56,"1,35,51,56",budget-matched cardinality-stratified random full-sequence control,0,0.9965095986038395,24.771099999999997,25.7613,2.284,25.0971591273992,23.955511703238628,37.30649498274492,1.4045477923666874,22.194228879698642,0.7343320812969475,7.370495653798995,23.361845218353228,1.0660185113539524,24.794147350445286,1.0651909400978963
732,g_s01_k05_from_d29_d31_d33_d52_add_d23,"23,29,31,33,52",direct full-sequence ATE forward-greedy trial,0,0.9965095986038395,24.794900000000002,25.764799999999997,2.9529,26.148214646579998,24.844249593516043,42.78436121938881,1.9308046833354595,35.267257590805684,1.3640296579332842,27.982421780428194,23.12080908726192,1.1247528475348625,24.842611554233088,1.1213637153684801
733,swap_k04_0115_d15_d26_d34_d58,"15,26,34,58",one-channel swap audit around provisional greedy endpoint,0,0.9965095986038395,24.802599999999998,25.1957,2.2315,25.563298137743235,25.041427380540725,36.94128524415464,1.0478283145384866,3.79049916748967,0.7242244713833494,3.348084392619011,23.839468811339295,1.101166463378182,24.829770598330512,1.102188012749658
734,r_k03_0026_d01_d38_d53,"1,38,53",budget-matched cardinality-stratified random full-sequence control,0,0.9965095986038395,24.8066,26.1305,2.5048999999999997,28.050897878008215,26.21736392431897,57.399394626808146,1.173124853598988,9.915511102428198,0.7538958462003397,3.3871446492099744,24.710386763931005,1.136234518018204,24.807919643595405,1.1556380510456044
735,g_s01_k06_from_d29_d31_d33_d52_d55_add_d23,"23,29,31,33,52,55",direct full-sequence ATE forward-greedy trial,0,0.9965095986038395,24.8129,25.3999,2.6229,26.080676707832463,25.05336201165436,39.82683993724234,1.2796302966263602,14.889505240186669,0.7401676077790112,7.172944632302172,23.63028769356584,1.1209021693544445,24.843485662858235,1.1229353907147341
736,r_k04_0013_d00_d17_d46_d57,"0,17,46,57",budget-matched cardinality-stratified random full-sequence control,0,0.9965095986038395,24.8181,26.1093,1.7634,26.993810137571657,25.915037652812916,42.09439512365466,1.1933757813248085,12.656186278930356,0.7324333791427358,9.14193253354344,25.872861606798697,1.0051369961123375,24.820199984432463,1.0337988910639706
737,g_s02_k06_from_d23_d24_d26_d51_d63_add_d20,"20,23,24,26,51,63",direct full-sequence ATE forward-greedy trial,0,0.9965095986038395,24.8356,25.5536,1.7666000000000002,25.338779832767315,24.677097892960198,38.92215061984787,1.2551768776866696,15.316275067627377,0.7760482200756438,8.320222840169917,24.06212254723668,1.0620960379308393,24.870708178973587,1.0626331188936065
738,r_k03_0148_d13_d25_d28,"13,25,28",budget-matched cardinality-stratified random full-sequence control,0,0.9965095986038395,24.8362,26.780199999999997,3.2277,27.059575072907187,24.90665391293478,60.18264686819516,2.0396540902326383,33.08563779935147,1.270344672648092,16.815938900645165,24.889646691574534,1.0144758475859181,24.834993835039313,1.0380186331997459
739,g_s01_k05_from_d29_d31_d33_d52_add_d56,"29,31,33,52,56",direct full-sequence ATE forward-greedy trial,0,0.9965095986038395,24.8417,25.172299999999996,2.36,25.081878653488033,24.547325437729118,37.21009189587645,1.1450305227606763,11.648412784840366,0.7378397301515313,6.886205932504915,23.78058014439087,1.079746506822733,24.867565279960218,1.081678761448962
740,r_k05_0027_d01_d07_d10_d25_d40,"1,7,10,25,40",budget-matched cardinality-stratified random full-sequence control,0,0.9965095986038395,24.8437,26.7086,3.3585999999999996,26.84132493971424,24.460762990900196,43.39102275936722,1.307754047217432,9.564457466667871,0.8613397959433001,9.050507276414393,23.032292410137288,1.1212163095566343,24.858702693808972,1.128518680326238
741,r_k06_0181_d13_d17_d20_d41_d42_d45,"13,17,20,41,42,45",budget-matched cardinality-stratified random full-sequence control,0,0.9965095986038395,24.86,25.706400000000002,2.2597,26.52110226194639,25.682495872736382,37.854361985531305,1.1564594553729226,11.507933725565412,0.7070020432433062,5.438443486646358,24.256634848570762,1.1073644427117262,24.88302655123478,1.1117984034909885
742,g_pair_seed_sweep_d26_d55,"26,55",exhaustive two-channel full-sequence seed sweep (all_singletons_failed),0,0.9965095986038395,24.8651,25.5975,2.0576,26.448528581108526,25.554447991328395,39.44554525946985,1.358865354203959,16.774087379156814,0.8177212270293616,11.610618131894748,24.605858059003797,1.096322562907977,24.88563196182179,1.1119686559399515
743,r_k04_0197_d20_d38_d43_d51,"20,38,43,51",budget-matched cardinality-stratified random full-sequence control,0,0.9965095986038395,24.8763,25.465,2.3607,26.746980410409666,25.81862907126372,43.46155702758775,1.2638768644239793,11.681023641638339,0.790554007220789,6.553298787919279,24.20445909486552,1.127501290658683,24.895388566055697,1.1326032720934218
744,g_pair_seed_sweep_d60_d63,"60,63",exhaustive two-channel full-sequence seed sweep (all_singletons_failed),0,0.9965095986038395,24.8833,25.611099999999997,2.434,25.405003547806114,24.33747967661481,40.52025572042249,1.883785444651358,32.240429511981496,1.130257547559607,19.134385186654534,23.941949612993106,1.0704678027891745,24.92333525044813,1.0773125367957765
745,r_k03_0231_d33_d37_d46,"33,37,46",budget-matched cardinality-stratified random full-sequence control,0,0.9965095986038395,24.8839,25.6305,2.3293999999999997,26.38665499033171,25.086437433334556,40.98536674606507,1.0771019654122405,6.3500334197363975,0.640043441634072,4.242284299238987,23.928577309037426,1.1179349412271686,24.899666228879553,1.1279746144564864
746,g_s01_k06_from_d29_d31_d33_d52_d55_add_d19,"19,29,31,33,52,55",direct full-sequence ATE forward-greedy trial,0,0.9965095986038395,24.921499999999998,25.314799999999998,2.1397,26.03780057163806,25.37084057914542,38.158179800316496,1.0693740230284043,5.625355096960051,0.6446391636319456,3.637728488295604,24.48997341559054,1.0949674096287176,24.94140141200858,1.1054622804693692
747,swap_k04_0153_d15_d20_d34_d36,"15,20,34,36",one-channel swap audit around provisional greedy endpoint,0,0.9965095986038395,24.9242,25.5965,2.6042,26.958354417678816,25.83555842445892,42.62726053992486,1.4528365770276532,18.94456577619836,0.8151082926520314,7.955086755847789,23.907421259050345,1.1441261810420358,24.940484445403126,1.1429258782015004
748,swap_k04_0155_d15_d20_d34_d38,"15,20,34,38",one-channel swap audit around provisional greedy endpoint,0,0.9965095986038395,24.9242,25.5965,2.6042,26.958354417678816,25.83555842445892,42.62726053992486,1.4528365770276532,18.94456577619836,0.8151082926520314,7.955086755847789,23.907421259050345,1.1441261810420358,24.940484445403126,1.1429258782015004
749,swap_k04_0165_d15_d20_d34_d48,"15,20,34,48",one-channel swap audit around provisional greedy endpoint,0,0.9965095986038395,24.9242,25.5965,2.6042,26.958354417678816,25.83555842445892,42.62726053992486,1.4528365770276532,18.94456577619836,0.8151082926520314,7.955086755847789,23.907421259050345,1.1441261810420358,24.940484445403126,1.1429258782015004
750,g_s02_k04_from_d26_d51_d63_add_d08,"8,26,51,63",direct full-sequence ATE forward-greedy trial,0,0.9965095986038395,24.9308,25.5094,1.8007,25.301761919462407,24.25251696982924,40.64461663013415,1.1826690036740402,9.60443541539232,0.8645245451667777,8.830488121365308,23.410107992976577,1.0912799641921072,24.964180345325815,1.0967763318489085
751,r_k03_0191_d20_d22_d36,"20,22,36",budget-matched cardinality-stratified random full-sequence control,0,0.9965095986038395,24.9311,25.2202,2.8154,25.64439035270843,25.17067818533492,35.3887528000656,1.8330905144287024,32.31507148247173,1.131952672052866,14.96461103827744,24.38164856465379,1.0865550763179357,24.942472344859155,1.086145509257176
752,r_k04_0148_d12_d34_d45_d57,"12,34,45,57",budget-matched cardinality-stratified random full-sequence control,0,0.9965095986038395,24.931900000000002,25.5672,2.234,26.444852761593886,25.784655659739098,38.10312987602351,1.079495247455403,4.062628219459676,0.735993414737773,3.3983154455746343,24.687013073372345,1.1008827398224088,24.946929051118964,1.11236444038078
753,g_s01_k06_from_d29_d31_d33_d52_d55_add_d61,"29,31,33,52,55,61",direct full-sequence ATE forward-greedy trial,0,0.9965095986038395,24.9346,25.3909,2.6268,25.45594949544262,24.815406793944774,37.945738404808374,1.609140221973478,28.643313858484177,1.0664507484710695,19.97808119803268,23.99054307693542,1.0850832905036316,24.964172483405452,1.087792794470765
754,g_pair_seed_sweep_d39_d46,"39,46",exhaustive two-channel full-sequence seed sweep (all_singletons_failed),0,0.9965095986038395,24.9363,25.8655,2.1073,26.60822693190959,25.773301322352786,37.987190444948844,1.2289891173209906,9.17224069198148,0.727099794985554,6.990940340982528,24.683890440655272,1.0877054868790221,24.951663397733835,1.1072314497461186
755,g_pair_seed_sweep_d25_d57,"25,57",exhaustive two-channel full-sequence seed sweep (all_singletons_failed),0,0.9965095986038395,24.9376,25.5915,2.2421,24.85156783600231,24.14396557209592,41.006225351855974,1.3817503838877232,14.01700466973386,0.8185316647860792,7.978532790504537,24.123046320448267,1.0062182176578538,24.953832709569195,1.017725227255362
756,g_s01_k06_from_d29_d31_d33_d52_d55_add_d43,"29,31,33,43,52,55",direct full-sequence ATE forward-greedy trial,0,0.9965095986038395,24.9515,25.6014,2.4513,25.667198720955703,24.84540773318012,37.241050539582076,1.2631309441234548,15.416263332015015,0.7095292424928069,6.846087350853838,23.812207039849813,1.0937208952726156,24.977121251234273,1.0975003742564453
757,r_k05_0115_d07_d49_d50_d55_d59,"7,49,50,55,59",budget-matched cardinality-stratified random full-sequence control,0,0.9965095986038395,24.9525,25.8857,2.2266999999999997,27.403077764105017,26.486217729507356,48.47550183305992,1.1298736767773225,7.487157971179928,0.7446066302991252,4.427774227529373,25.213639222546735,1.1040799898988507,24.953301513779998,1.1209766119741305
758,g_pair_seed_sweep_d08_d34,"8,34",exhaustive two-channel full-sequence seed sweep (all_singletons_failed),0,0.9965095986038395,24.9549,26.3963,2.641,28.469778733325317,27.15417196946622,47.08605213518636,1.5614509500781437,7.90239656139291,0.9480729099700167,6.556096406678786,25.202769675120006,1.1483457769221035,24.932019473776705,1.1818132016891332
759,g_pair_seed_sweep_d28_d37,"28,37",exhaustive two-channel full-sequence seed sweep (all_singletons_failed),0,0.9965095986038395,24.9712,25.953100000000003,1.7107,26.854020137536306,25.469329531025302,40.881080291280846,1.1480434673301374,8.437445656433953,0.7109276382770442,6.215204256500436,23.434674487668484,1.1372120584433567,24.987534578501272,1.1378067168433295
760,g_s02_k03_from_d26_d51_add_d01,"1,26,51",direct full-sequence ATE forward-greedy trial,0,0.9965095986038395,24.988,25.771699999999996,1.7506000000000002,25.218175558921864,24.205054087012734,40.05050792720507,1.2148024975098075,15.262201069958644,0.76923642052357,8.299626430041135,23.45657573160994,1.0767241982166926,25.020578051686094,1.0789273923302727
761,r_k06_0029_d00_d21_d37_d50_d53_d62,"0,21,37,50,53,62",budget-matched cardinality-stratified random full-sequence control,0,0.9965095986038395,24.990299999999998,27.051,2.5786,28.933658679051916,27.21971875946137,47.84012109657681,1.364892261113285,13.5036642781522,0.7352990960755212,4.716602996629768,25.54974882740566,1.1159775228546718,24.98231749394729,1.1464519942972164
762,r_k04_0069_d03_d47_d52_d55,"3,47,52,55",budget-matched cardinality-stratified random full-sequence control,0,0.9965095986038395,25.002799999999997,25.6077,2.9177,27.842151889492516,26.728101532981057,43.949818489358826,1.3583973765628654,15.304907375294915,0.8740529006650969,11.563839004912923,24.62133856856921,1.158953862251535,25.018678875733425,1.169115353056462
763,g_pair_seed_sweep_d06_d22,"6,22",exhaustive two-channel full-sequence seed sweep (all_singletons_failed),0,0.9965095986038395,25.022499999999997,25.933400000000002,2.2851,26.402100968821358,25.075993166270788,41.53583637193163,1.4501608703141842,24.144862401181875,0.6336420442137637,3.4931592055423386,23.512022558843174,1.125315940601477,25.045451144814812,1.1274385126512465
764,r_k03_0174_d16_d51_d62,"16,51,62",budget-matched cardinality-stratified random full-sequence control,0,0.9965095986038395,25.0463,26.356,2.1741,28.342022339932903,26.990915959486777,50.47795709540017,1.1403337883709845,5.843119226634654,0.8401128407370447,5.988557328525112,24.481752096449643,1.158354022078316,25.076636688821054,1.1627895133896764
765,g_s02_k06_from_d23_d24_d26_d51_d63_add_d28,"23,24,26,28,51,63",direct full-sequence ATE forward-greedy trial,0,0.9965095986038395,25.049300000000002,26.243100000000002,1.6528,25.795048078939754,24.80628417860007,38.8323651269186,1.1092074610812737,7.931162849201255,0.6977236538775675,6.336271083150961,24.175926651871904,1.0530323024487995,25.084971133596866,1.0558873165921632
766,g_s01_k06_from_d29_d31_d33_d52_d55_add_d39,"29,31,33,39,52,55",direct full-sequence ATE forward-greedy trial,0,0.9965095986038395,25.0641,25.4364,2.375,25.769228581153815,24.908667254207316,39.22656599130591,1.0982680619359344,7.0036882631637525,0.6708298086355874,5.177667953410542,23.76594622248396,1.1105297759493116,25.094631129548965,1.1107569313795815
767,g_pair_seed_sweep_d25_d26,"25,26",exhaustive two-channel full-sequence seed sweep (all_singletons_failed),0,0.9965095986038395,25.0656,26.4705,2.5548,26.587308760550137,25.323646729913957,40.12263671348762,1.5025978920766718,18.074258558707648,1.0626580001814274,13.422131823494377,24.95107382618146,1.0309819261868047,25.01880550631982,1.0586474294614516
768,g_s01_k03_from_d33_d52_add_d20,"20,33,52",direct full-sequence ATE forward-greedy trial,0,0.9965095986038395,25.066699999999997,25.704900000000002,1.8780000000000001,26.438386921712492,25.116215884549604,41.21498586783187,1.223144299055165,16.669521298356198,0.6285122874641569,3.363033860119314,23.417127117030446,1.1373858374951522,25.086603445815403,1.1350544200151593
769,g_pair_seed_sweep_d06_d40,"6,40",exhaustive two-channel full-sequence seed sweep (all_singletons_failed),0,0.9965095986038395,25.069999999999997,26.582800000000002,2.0198,25.998365636258665,24.408661463307364,38.620498813664625,1.4967508211290363,21.068118336666476,0.7165391182164872,5.438821727665977,23.669058775207972,1.0690008508224753,25.093261761917006,1.0663929682715252
770,g_pair_seed_sweep_d28_d40,"28,40",exhaustive two-channel full-sequence seed sweep (all_singletons_failed),0,0.9965095986038395,25.0759,25.9683,3.7178000000000004,27.60604423032419,26.37865192249239,52.35380279685028,2.8062536772695044,56.561284637254936,2.898877736450108,66.33740736580339,25.678119229328257,1.0588688488596132,25.104998081727913,1.0820226173772
771,g_pair_seed_sweep_d34_d47,"34,47",exhaustive two-channel full-sequence seed sweep (all_singletons_failed),0,0.9965095986038395,25.1059,26.1704,2.0084999999999997,27.00214752421321,26.211712333876207,39.27980364704096,1.3013943603199174,17.11809689708261,0.6548015595299828,4.348449434296766,25.32694158923952,1.0712858933467764,25.121892569614683,1.0863343554155958
772,g_s04_k05_from_d15_d20_d26_d34_add_d21,"15,20,21,26,34",direct full-sequence ATE forward-greedy trial,0,0.9965095986038395,25.1071,25.7166,2.6298,26.090540834423347,24.957974986191736,40.750930402385805,1.126174658927883,9.546012973119291,0.6685439265682558,4.811376459423131,23.655139769831788,1.1189566960422677,25.14367881395927,1.12128864046831
773,r_k04_0172_d16_d27_d47_d62,"16,27,47,62",budget-matched cardinality-stratified random full-sequence control,0,0.9965095986038395,25.108200000000004,25.7467,2.3293999999999997,27.34213616892672,26.628084614177748,39.64818707269622,1.1087649812722853,5.243208701748876,0.7604036042130504,5.6015257378859875,24.869283603445062,1.1350286573028583,25.11921784833413,1.1423776691791934
774,r_k06_0041_d01_d10_d17_d21_d30_d57,"1,10,17,21,30,57",budget-matched cardinality-stratified random full-sequence control,0,0.9965095986038395,25.1168,26.455099999999998,2.0570999999999997,26.653813583415964,25.351977974496894,39.414522432178586,1.358914079652742,15.105893104977078,0.7091500990563185,5.906924128103379,24.787388564051472,1.0557891752919912,25.12945989595626,1.0782328727162256
775,g_pair_seed_sweep_d19_d47,"19,47",exhaustive two-channel full-sequence seed sweep (all_singletons_failed),0,0.9965095986038395,25.118000000000002,25.9471,2.2504,27.00671376246347,25.924398245927122,43.58018798052427,1.2165601663841998,11.852121935821966,0.6536149114001406,4.23525543384503,24.69917877741592,1.1128225649097643,25.13170340031149,1.1316466559034593
776,g_pair_seed_sweep_d55_d56,"55,56",exhaustive two-channel full-sequence seed sweep (all_singletons_failed),0,0.9965095986038395,25.1509,27.7124,3.0054999999999996,29.578207049252814,27.086731702707883,53.36551088973391,2.5434600409385673,54.64197387425338,1.5460058782648851,33.32771984834759,25.89302638928224,0.9207909511509913,25.110480131758305,0.9256052240141022
777,r_k05_0052_d03_d08_d42_d50_d60,"3,8,42,50,60",budget-matched cardinality-stratified random full-sequence control,0,0.9965095986038395,25.1619,26.456000000000003,2.3127999999999997,27.722832759619227,26.700200182900407,46.79044928352937,1.2647109986273604,10.609498384090674,0.7293240985834748,5.07006670486626,25.51217534054849,1.0919506698708266,25.16824481848843,1.1111326495221974
778,r_k05_0170_d14_d16_d21_d56_d62,"14,16,21,56,62",budget-matched cardinality-stratified random full-sequence control,0,0.9965095986038395,25.190099999999997,27.7652,2.4432,29.1306941842202,27.086857576078327,65.15082539718951,1.3978434181536856,15.563006572791824,0.7856159330645749,8.676619044339297,26.20581605515722,1.067703628363439,25.172070327210488,1.0961989150241
779,g_pair_seed_sweep_d40_d53,"40,53",exhaustive two-channel full-sequence seed sweep (all_singletons_failed),0,0.9965095986038395,25.1915,27.723300000000002,2.6142,28.839408429860285,26.718271949160656,58.908790027803256,1.4070878700826241,13.2438767693142,0.7855861559399415,6.285223050612323,25.889521449871438,1.0710892503717253,25.16888660100247,1.1041726384215607
780,g_s02_k04_from_d26_d51_d63_add_d40,"26,40,51,63",direct full-sequence ATE forward-greedy trial,0,0.9965095986038395,25.1954,25.7147,2.0945,25.539001103535846,24.77750691402874,39.695937932411475,1.1370572193168236,8.102405364018054,0.7384102993143793,6.889917129928146,23.988372150408004,1.084374855817419,25.22794632489943,1.0902072384248103
781,g_s03_k04_from_d23_d24_d59_add_d02,"2,23,24,59",direct full-sequence ATE forward-greedy trial,0,0.9965095986038395,25.1971,26.4182,2.8476999999999997,28.92055938789549,26.597951561396577,53.184640334082104,1.9576720193323622,29.47178167695375,1.38898021346207,21.30224961279837,23.029828225614658,1.2185688341233687,25.230785249812023,1.228786820412203
782,g_s03_k04_from_d23_d24_d59_add_d04,"4,23,24,59",direct full-sequence ATE forward-greedy trial,0,0.9965095986038395,25.1971,26.4182,2.8476999999999997,28.92055938789549,26.597951561396577,53.184640334082104,1.9576720193323622,29.47178167695375,1.38898021346207,21.30224961279837,23.029828225614658,1.2185688341233687,25.230785249812023,1.228786820412203
783,g_s03_k04_from_d23_d24_d59_add_d07,"7,23,24,59",direct full-sequence ATE forward-greedy trial,0,0.9965095986038395,25.1971,26.4182,2.8476999999999997,28.92055938789549,26.597951561396577,53.184640334082104,1.9576720193323622,29.47178167695375,1.38898021346207,21.30224961279837,23.029828225614658,1.2185688341233687,25.230785249812023,1.228786820412203
784,g_s03_k04_from_d23_d24_d59_add_d09,"9,23,24,59",direct full-sequence ATE forward-greedy trial,0,0.9965095986038395,25.1971,26.4182,2.8476999999999997,28.92055938789549,26.597951561396577,53.184640334082104,1.9576720193323622,29.47178167695375,1.38898021346207,21.30224961279837,23.029828225614658,1.2185688341233687,25.230785249812023,1.228786820412203
785,g_s03_k04_from_d23_d24_d59_add_d13,"13,23,24,59",direct full-sequence ATE forward-greedy trial,0,0.9965095986038395,25.1971,26.4182,2.8476999999999997,28.92055938789549,26.597951561396577,53.184640334082104,1.9576720193323622,29.47178167695375,1.38898021346207,21.30224961279837,23.029828225614658,1.2185688341233687,25.230785249812023,1.228786820412203
786,r_k04_0084_d05_d11_d30_d34,"5,11,30,34",budget-matched cardinality-stratified random full-sequence control,0,0.9965095986038395,25.2118,26.673099999999998,1.8984,27.041468746237772,25.63900965450522,45.26890064470703,1.2994268235015842,14.592130542730128,0.6979260047263075,6.541603204127879,25.500726466398437,1.0243097469744729,25.206808176994457,1.0437407774595957
787,r_k05_0128_d08_d35_d39_d47_d51,"8,35,39,47,51",budget-matched cardinality-stratified random full-sequence control,0,0.9965095986038395,25.217499999999998,26.508399999999998,2.6538,28.726333405848344,27.106672547497766,44.804845486055925,1.2950098128848193,9.278774199772624,0.8073487039969955,5.42223365347536,24.937474502667616,1.1608385665081198,25.22932316259932,1.1781117687846663
788,g_pair_seed_sweep_d25_d40,"25,40",exhaustive two-channel full-sequence seed sweep (all_singletons_failed),0,0.9965095986038395,25.220599999999997,26.621899999999997,2.6137,26.233187247163613,24.966000945024234,42.80994295019182,1.5309817668906784,16.614155387837844,1.1170797622402586,12.607727311633086,24.347264311613433,1.047634727789468,25.186754930708737,1.0673557813539747
789,g_pair_seed_sweep_d16_d32,"16,32",exhaustive two-channel full-sequence seed sweep (all_singletons_failed),0,0.9965095986038395,25.225599999999996,26.613599999999998,2.2763,27.682425127447736,25.986883280514316,44.661746865129764,1.565970675092084,26.55681478136812,0.6588424342806527,3.4603645974750483,24.249081330652047,1.132235432823324,25.241511300002024,1.1338002009493555
790,r_k04_0176_d16_d31_d34_d63,"16,31,34,63",budget-matched cardinality-stratified random full-sequence control,0,0.9965095986038395,25.228499999999997,25.7907,2.7407,26.780933233617894,25.481307948581573,42.46910953093521,1.1238485236579092,9.366620768676867,0.6261622758791604,3.6006402524232506,24.171098407300263,1.1302855685868487,25.248915702642066,1.1386468051439265
791,g_pair_seed_sweep_d06_d60,"6,60",exhaustive two-channel full-sequence seed sweep (all_singletons_failed),0,0.9965095986038395,25.229200000000002,26.9105,2.0126,26.78037017879428,25.222643266322653,38.74813059733305,1.4105894788778568,18.76242180514059,0.6664746709767018,5.585471243408966,24.167277256251268,1.0836437125571377,25.252075719363397,1.0834592970688233
792,g_s01_k05_from_d29_d31_d33_d52_add_d26,"26,29,31,33,52",direct full-sequence ATE forward-greedy trial,0,0.9965095986038395,25.2476,25.8596,2.3952999999999998,25.87584678067335,25.13073998075835,39.26455630138667,1.2003467266516543,11.890217824902713,0.7221698729692897,7.133121197081155,24.09820314886372,1.0930741336205347,25.281502445322733,1.0949193310989558
793,r_k03_0095_d08_d15_d31,"8,15,31",budget-matched cardinality-stratified random full-sequence control,0,0.9965095986038395,25.247700000000002,25.6557,2.4983,26.22016042757636,25.503331623374585,38.98132457945693,1.1653375189836637,6.55720209851441,0.6692931844243725,4.33629684164525,24.408579297455944,1.1057836336884255,25.267547435748778,1.113925400775525
794,r_k05_0030_d01_d13_d26_d40_d57,"1,13,26,40,57",budget-matched cardinality-stratified random full-sequence control,0,0.9965095986038395,25.258000000000003,25.7988,2.9212,25.680123608368483,24.662950429018178,39.073858380960125,1.2571695261620044,8.373061952997915,0.7359180966128083,4.911705074067274,23.8640842983141,1.0927732321085064,25.288333009650888,1.0969478299313393
795,g_pair_seed_sweep_d19_d40,"19,40",exhaustive two-channel full-sequence seed sweep (all_singletons_failed),0,0.9965095986038395,25.2695,26.3075,2.2340999999999998,26.23641968958923,25.27140730060582,39.31215516032321,1.696469309877352,29.960963894456345,0.7058477281146455,6.332734223134931,24.99608473608756,1.0373421281832775,25.292466917203537,1.0475155090383963
796,g_s01_k06_from_d29_d31_d33_d52_d55_add_d49,"29,31,33,49,52,55",direct full-sequence ATE forward-greedy trial,0,0.9965095986038395,25.2747,25.7135,2.1177,26.01598363754975,25.088134028284358,39.08328919055243,1.1354146831280771,8.931963458541112,0.6749786155860347,5.989339846729709,23.87829256558731,1.1138455674523473,25.303887388945977,1.1153453714962465
797,g_s01_k05_from_d29_d31_d33_d52_add_d27,"27,29,31,33,52",direct full-sequence ATE forward-greedy trial,0,0.9965095986038395,25.304199999999998,25.9702,2.735,26.27238256849879,25.366360360450717,42.823433143784136,1.8607631588707232,36.4337883550828,1.4185286885216333,29.80761521898548,24.02249708588937,1.108973881412468,25.34793646928139,1.1015817312072191
798,r_k05_0074_d04_d15_d23_d25_d55,"4,15,23,25,55",budget-matched cardinality-stratified random full-sequence control,0,0.9965095986038395,25.3072,26.287,2.5187,27.108214071670535,25.698088764595962,43.09817014536018,1.3536809389742335,18.50973927728568,0.712370704653098,4.1445302992698805,24.445869002170863,1.1135634302628883,25.32052010457836,1.1277223424379974
799,g_s01_k04_from_d29_d33_d52_add_d30,"29,30,33,52",direct full-sequence ATE forward-greedy trial,0,0.9965095986038395,25.324600000000004,25.918400000000002,2.5776,26.03696238079139,25.026113903367797,38.69679127372896,1.435853354426562,19.659998169487196,0.8983899591567607,10.758182823608838,24.37398276896439,1.0890666385913785,25.34992746751853,1.1008282431194756
800,r_k03_0205_d24_d34_d35,"24,34,35",budget-matched cardinality-stratified random full-sequence control,0,0.9965095986038395,25.3276,26.5563,2.292,29.161776296285495,27.83095515964294,45.37772845521805,1.2191536507831315,5.503059206411201,0.8464216944129771,4.387391187268141,25.279350297010776,1.1717702217872008,25.35359023261876,1.183975725677171
801,g_s02_k04_from_d26_d51_d63_add_d55,"26,51,55,63",direct full-sequence ATE forward-greedy trial,0,0.9965095986038395,25.334699999999998,26.062,2.1267,26.07474999034183,25.40839517033206,38.15147208480914,1.7871291812542007,30.50593313565022,1.0018739420846816,14.997879894332579,25.334156810279936,1.0151581482362906,25.35993813941587,1.021072586644153
802,r_k06_0079_d04_d06_d07_d11_d61_d63,"4,6,7,11,61,63",budget-matched cardinality-stratified random full-sequence control,0,0.9965095986038395,25.3405,26.1744,3.2407,28.26808015493492,26.801518930034423,45.32237322674243,1.4033458826045853,15.163526569580485,0.8517860571203038,8.059188397060517,24.307685900158003,1.1790740837881815,25.36024899716694,1.1835095752922442
803,g_pair_seed_sweep_d34_d63,"34,63",exhaustive two-channel full-sequence seed sweep (all_singletons_failed),0,0.9965095986038395,25.3413,25.9255,2.2895,26.723036963440777,26.149527340405854,39.2308402985418,1.1834087714256698,7.563991221228192,0.7769276103362833,7.754031619502613,25.575151188395655,1.0685645266329988,25.36997478247594,1.0869061236804407
804,g_pair_seed_sweep_d40_d47,"40,47",exhaustive two-channel full-sequence seed sweep (all_singletons_failed),0,0.9965095986038395,25.3468,26.3509,2.2962,27.788977238909762,26.56071670721312,43.414701390802826,1.2065357835514015,6.537353757942284,0.7260609434185241,4.327080642481504,25.23059454878347,1.1228124327009685,25.35532418795895,1.140473111929479
805,g_pair_seed_sweep_d16_d22,"16,22",exhaustive two-channel full-sequence seed sweep (all_singletons_failed),0,0.9965095986038395,25.3489,26.142,2.6183,27.842482258567802,26.298308916160135,46.90719471993329,1.4987920691441716,23.85763916236013,0.6946772361211866,4.956249334683897,23.7024124008124,1.1778079276174866,25.36877756187435,1.1804616154170011
806,g_pair_seed_sweep_d23_d52,"23,52",exhaustive two-channel full-sequence seed sweep (all_singletons_failed),0,0.9965095986038395,25.3496,26.0247,1.9525000000000001,25.76142179279935,25.061292276801645,39.53322042585968,1.2606881857656786,14.944062505036875,0.8554034527996439,13.621296130718525,24.49568964440397,1.0633940124249068,25.376281832494058,1.0625101266423878
807,r_k06_0154_d10_d12_d25_d26_d49_d62,"10,12,25,26,49,62",budget-matched cardinality-stratified random full-sequence control,0,0.9965095986038395,25.362000000000002,25.8429,2.7613,26.875209502911357,26.21882048874812,37.76892880287349,1.2168321170113219,12.25040706065241,0.8110687972112575,6.876197665258638,25.05725358224381,1.1018060069755415,25.385341740546856,1.1136576070455275
808,g_s01_k06_from_d29_d31_d33_d52_d55_add_d14,"14,29,31,33,52,55",direct full-sequence ATE forward-greedy trial,0,0.9965095986038395,25.3874,26.605400000000003,2.6814,27.40057334414892,26.467348129397365,44.879693232105005,1.2460673284042842,8.788327846813033,0.728402567271691,5.5517313937334585,25.414489980245236,1.0849243702056264,25.395483988347333,1.099896809802181
809,g_pair_seed_sweep_d06_d16,"6,16",exhaustive two-channel full-sequence seed sweep (all_singletons_failed),0,0.9965095986038395,25.389899999999997,27.435900000000004,2.5361000000000002,26.76101745771874,24.85229654107446,43.24014698907671,2.1317746792822154,38.63435363712073,1.3616584913639476,25.40593418441751,24.850072684467428,1.0005678215554625,25.431330817065028,0.9942686752454633
810,r_k04_0060_d03_d15_d32_d33,"3,15,32,33",budget-matched cardinality-stratified random full-sequence control,0,0.9965095986038395,25.416,27.772799999999997,3.1836,27.883900099664473,25.42764234609714,57.62846059503198,1.9165240532970387,34.45336767413229,1.0505717695491372,18.49302459445383,24.704327677383976,1.0792065355482745,25.395598291534398,1.091408952610806
811,g_pair_seed_sweep_d06_d63,"6,63",exhaustive two-channel full-sequence seed sweep (all_singletons_failed),0,0.9965095986038395,25.424999999999997,25.8495,2.3790999999999998,26.35998254676677,25.146406813567353,41.483401938407496,1.2564571265936848,12.663423845025712,0.7642108009156939,9.556638734708665,24.502488514225583,1.0994532531266306,25.456210047199868,1.1112442631140376
812,r_k05_0166_d13_d15_d22_d42_d53,"13,15,22,42,53",budget-matched cardinality-stratified random full-sequence control,0,0.9965095986038395,25.437199999999997,26.4085,2.8859,27.150013979429254,26.100847719711982,42.52074029647376,1.8005600510810262,23.33551164927255,1.098036380651891,18.494079549780253,24.953392988331228,1.102288104124743,25.451362065999717,1.1094248274435266
813,g_pair_seed_sweep_d27_d34,"27,34",exhaustive two-channel full-sequence seed sweep (all_singletons_failed),0,0.9965095986038395,25.4531,26.482899999999997,3.1895,27.740031376659786,26.607408622549123,40.80964058379989,1.9482625885025053,29.954378317440533,0.9730316636747676,8.751480802031013,24.782459316421164,1.1294565254397242,25.4912563633806,1.1407658286290863
814,r_k05_0007_d00_d07_d10_d41_d44,"0,7,10,41,44",budget-matched cardinality-stratified random full-sequence control,0,0.9965095986038395,25.461699999999997,27.4751,3.3087,29.071065894238156,27.905114623874162,42.18654121369147,1.4138093900913897,11.3073664143895,0.911962112348517,8.701041448127343,26.74512995104083,1.0998827677067606,25.437809019674784,1.127124563810164
815,g_s01_k06_from_d29_d31_d33_d52_d55_add_d40,"29,31,33,40,52,55",direct full-sequence ATE forward-greedy trial,0,0.9965095986038395,25.469,26.151200000000003,2.5172,26.55829376893583,25.64192549770365,39.03958934265466,1.1804265154970925,12.892067248240782,0.6567711775712601,3.9100070988736544,24.25247462351836,1.1157669703583641,25.49932728151742,1.1146912647607243
816,r_k04_0038_d02_d08_d44_d57,"2,8,44,57",budget-matched cardinality-stratified random full-sequence control,0,0.9965095986038395,25.478099999999998,26.620500000000003,2.9366,28.535842911354486,27.76650260630889,46.385448756165474,1.2327540283889193,9.054017707872752,0.9407403053899657,10.457936357645467,26.627535849125216,1.0931681888479348,25.458130088879926,1.1230314567461237
817,r_k06_0078_d04_d05_d10_d42_d55_d56,"4,5,10,42,55,56",budget-matched cardinality-stratified random full-sequence control,0,0.9965095986038395,25.4797,26.291900000000002,3.0418000000000003,26.294249160500136,24.970633327225453,40.21564931700321,1.1871172389193683,8.428381597606203,0.7939594479054263,9.357031218550839,24.135728411265063,1.1017424636126714,25.50042762987473,1.1006439480981025
818,r_k04_0056_d03_d11_d20_d44,"3,11,20,44",budget-matched cardinality-stratified random full-sequence control,0,0.9965095986038395,25.482,26.8149,2.1305,28.393493599324827,27.263719753830202,54.309482736481286,1.1647773493914804,9.050226981432328,0.7951936571068839,5.582889287704539,26.281588783872188,1.0718212078828901,25.45536514080007,1.0909373643512792
819,g_s01_k05_from_d29_d31_d33_d52_add_d30,"29,30,31,33,52",direct full-sequence ATE forward-greedy trial,0,0.9965095986038395,25.4888,25.9588,2.4486999999999997,25.642167972381863,24.782281794948116,40.26688899412654,1.5710924440476781,27.554689964881078,1.0795076899232123,20.27707323131347,24.02382516090946,1.0862791373999434,25.524938277751293,1.0852026849387184
820,r_k05_0072_d04_d12_d22_d28_d63,"4,12,22,28,63",budget-matched cardinality-stratified random full-sequence control,0,0.9965095986038395,25.511400000000002,26.738400000000002,3.4972999999999996,27.85990088934007,26.452068954603202,48.250358216935716,2.0916882589585386,27.247507072575615,1.1511092074586478,15.262450110868091,25.514487835587534,1.1107159258075967,25.526669960594045,1.1286328337417462
821,r_k05_0173_d14_d20_d26_d48_d61,"14,20,26,48,61",budget-matched cardinality-stratified random full-sequence control,0,0.9965095986038395,25.515,27.6955,2.5465,29.186001720546724,27.49058376519474,60.4846128064562,1.425590436547618,18.9716421634672,0.7894993126151145,7.69950691306239,26.70056403017641,1.0671677730699893,25.495064609359403,1.09847536894933
822,g_s01_k04_from_d29_d33_d52_add_d32,"29,32,33,52",direct full-sequence ATE forward-greedy trial,0,0.9965095986038395,25.53,28.3823,3.2691999999999997,27.885296223298784,25.43230405433633,54.41999922679188,1.7537584379926405,33.11624751792742,1.0302600663864268,19.020370512907252,25.299150461456726,1.0283617545536095,25.489407310172435,1.045248490642338
823,g_s02_k06_from_d23_d24_d26_d51_d63_add_d62,"23,24,26,51,62,63",direct full-sequence ATE forward-greedy trial,0,0.9965095986038395,25.5512,26.1455,2.1259,25.801852890517523,25.189487889380512,38.97929727443179,1.1311115519631612,9.42990276076094,0.7376928015572596,7.660335634605112,24.562458533737423,1.065823473061997,25.58504895421652,1.0687704248950587
824,g_s02_k05_from_d24_d26_d51_d63_add_d29,"24,26,29,51,63",direct full-sequence ATE forward-greedy trial,0,0.9965095986038395,25.551800000000004,26.388299999999997,2.0436,26.244920322061958,25.52967560438495,38.051712030521415,1.0777227663439088,6.766574293697411,0.7084641232812553,6.712698853061442,24.747292685393287,1.0686077873078597,25.583900560909512,1.0745105019159895
825,g_pair_seed_sweep_d32_d45,"32,45",exhaustive two-channel full-sequence seed sweep (all_singletons_failed),0,0.9965095986038395,25.5563,26.3525,1.9756,27.32342536608336,25.713083927129304,42.75301733382294,1.077032536838141,4.416174423687611,0.6591012410490259,4.9918003079017685,24.19904307875467,1.1374224899643959,25.581408797760176,1.1384702224631655
826,r_k05_0192_d17_d19_d24_d48_d57,"17,19,24,48,57",budget-matched cardinality-stratified random full-sequence control,0,0.9965095986038395,25.579400000000003,26.6063,3.0719,27.219796637410433,25.446094385314023,43.255574391951185,1.29087125145646,8.842104343629096,0.8569595309505293,8.112873223897758,24.35315310184093,1.1238754033296767,25.606758303554056,1.1296939480394177
827,swap_k04_0129_d08_d15_d20_d34,"8,15,20,34",one-channel swap audit around provisional greedy endpoint,0,0.9965095986038395,25.5848,26.1374,2.3603,26.595263856271885,25.878950287797608,38.459288049697385,1.1624106408966455,10.33818096454079,0.6836954416499239,4.925805228845834,24.784173821948823,1.100556850115013,25.610520482082965,1.106390797394256
828,g_pair_seed_sweep_d28_d63,"28,63",exhaustive two-channel full-sequence seed sweep (all_singletons_failed),0,0.9965095986038395,25.586399999999998,26.0022,2.6656,26.62413793332966,26.171136469772943,39.98567048156495,1.405849583660745,12.409460119914328,1.0056841652230126,13.396002009621991,25.539653068083624,1.072850931323238,25.617130879395383,1.0912158841295503
829,r_k05_0161_d12_d28_d37_d55_d56,"12,28,37,55,56",budget-matched cardinality-stratified random full-sequence control,0,0.9965095986038395,25.5899,26.297500000000003,2.2365,27.04415421728042,25.946136791891067,40.239244584458085,1.3300015455527883,18.696690839166852,0.6946606077780644,3.170647498155011,24.320274111523627,1.1306823824634038,25.60896418098161,1.1284068464041608
830,r_k05_0136_d09_d26_d41_d53_d57,"9,26,41,53,57",budget-matched cardinality-stratified random full-sequence control,0,0.9965095986038395,25.5917,26.219399999999997,2.8374,26.897030622888412,26.03317571794562,40.315967937756746,1.2467452463711084,14.525332344469675,0.6699702577734878,3.7562101198405444,24.933629024165967,1.1034189633677371,25.615722205017438,1.1103410079623843
831,r_k05_0220_d25_d41_d46_d61_d63,"25,41,46,61,63",budget-matched cardinality-stratified random full-sequence control,0,0.9965095986038395,25.6237,28.2885,3.0262000000000002,28.432856576857397,25.900558538670598,53.106358572412006,1.7991798859344919,30.786780376145973,1.1354408497786193,22.684340748518128,25.563165076968637,1.0480867231189375,25.586728121611173,1.073075303346438
832,r_k05_0059_d03_d14_d33_d47_d51,"3,14,33,47,51",budget-matched cardinality-stratified random full-sequence control,0,0.9965095986038395,25.6331,28.1058,2.5341,29.68158896337024,27.897795820268122,52.343591358120634,1.346061898373876,12.931533308557825,0.7453595641214793,5.167987010471338,26.560644797814447,1.1081477777218123,25.601224379245714,1.1357588662379483
833,g_pair_seed_sweep_d06_d59,"6,59",exhaustive two-channel full-sequence seed sweep (all_singletons_failed),0,0.9965095986038395,25.6391,26.945000000000004,2.6554,26.96359311684621,25.540677167602706,39.343465631602434,1.810387024654612,22.995517295298143,0.9888411108208224,13.71244483374201,23.884839371349596,1.115744597909307,25.656799853937695,1.1077601494937652
834,r_k05_0221_d26_d29_d30_d33_d59,"26,29,30,33,59",budget-matched cardinality-stratified random full-sequence control,0,0.9965095986038395,25.659599999999998,26.235599999999998,2.7887,26.609150797865993,25.98411464417104,37.51792771877936,1.1191896985160963,7.086597076562298,0.7078813361120512,6.281115729888,25.068489585010532,1.08811923458739,25.68552424116215,1.0959058241143496
835,g_s02_k04_from_d26_d51_d63_add_d23,"23,26,51,63",direct full-sequence ATE forward-greedy trial,0,0.9965095986038395,25.6657,26.2609,2.3291,26.051179846164086,25.145905665582823,41.03052045686334,1.8510573671410038,30.37048278525426,1.120624381269131,17.8471789073171,24.851111075056487,1.0588006339108356,25.706706472272757,1.0683368726756957
836,g_pair_seed_sweep_d15_d16,"15,16",exhaustive two-channel full-sequence seed sweep (all_singletons_failed),0,0.9965095986038395,25.675199999999997,26.370900000000002,2.4901,27.028495427393956,25.627309598492754,45.35913416532132,1.298979317574388,15.918940916792886,0.6779094545456466,5.805007920169586,24.08034677144501,1.136695190478023,25.699496987494037,1.1426551545823866
837,g_pair_seed_sweep_d08_d46,"8,46",exhaustive two-channel full-sequence seed sweep (all_singletons_failed),0,0.9965095986038395,25.6926,28.5241,2.7305,30.297422898527987,28.191192678744674,51.266303271323224,1.6109573949824287,19.36606978224716,0.8808400236296922,10.859110374878787,27.29945392762942,1.0736262302148423,25.66192773775951,1.1125740678797527
838,r_k06_0175_d12_d17_d23_d29_d47_d55,"12,17,23,29,47,55",budget-matched cardinality-stratified random full-sequence control,0,0.9965095986038395,25.6931,26.3965,3.0097,28.85284207182383,27.74546754785877,44.35388097014609,1.3810152171835994,15.648904190371344,0.9105368150474715,11.635560509964728,25.446087357441115,1.165638083333439,25.70988837211088,1.1782280587684666
839,r_k05_0099_d05_d39_d51_d61_d62,"5,39,51,61,62",budget-matched cardinality-stratified random full-sequence control,0,0.9965095986038395,25.697300000000002,27.451999999999998,2.6053,28.452655043696122,26.604610944230302,48.43773066872994,1.5780343246576019,22.265404580603207,0.8951685108393536,12.520487544414113,25.08437562486318,1.1236931108749264,25.702198627434836,1.1376195211336795
840,r_k05_0138_d09_d40_d41_d47_d56,"9,40,41,47,56",budget-matched cardinality-stratified random full-sequence control,0,0.9965095986038395,25.698700000000002,26.3955,2.7672,27.335259535947966,26.3181915064368,40.75144148034765,1.3456715531092334,15.202967486833732,0.8609431650996074,8.248161064672006,24.73397990173862,1.1299774763717496,25.721854960278463,1.1293890469279089
841,r_k05_0135_d09_d20_d43_d55_d60,"9,20,43,55,60",budget-matched cardinality-stratified random full-sequence control,0,0.9965095986038395,25.7063,26.668300000000002,2.5063,27.193651334633767,26.20748025654892,45.295383348171256,1.4042361188401944,13.330575021952761,0.8687140546017749,8.44581268447861,25.106425653170668,1.0919516954794954,25.724535644308368,1.1003110180247526
842,r_k04_0120_d09_d11_d30_d45,"9,11,30,45",budget-matched cardinality-stratified random full-sequence control,0,0.9965095986038395,25.7078,27.160899999999998,3.5408000000000004,28.556768545259814,26.475157326529093,46.71935634585812,1.6711059610685413,22.110060471770765,1.1413705260685465,15.415241173504223,24.082768574289947,1.172048119388841,25.736094340461396,1.170126548861705
843,r_k03_0076_d06_d39_d49,"6,39,49",budget-matched cardinality-stratified random full-sequence control,0,0.9965095986038395,25.7083,26.5436,2.2821000000000002,26.06046665667194,24.815742453796286,40.88315116057209,1.3482211272662237,20.637525573921874,0.6304470264469408,4.424120210399934,24.180631276231214,1.0846539760512905,25.73741535914959,1.0917648813262313
844,r_k04_0229_d28_d41_d54_d59,"28,41,54,59",budget-matched cardinality-stratified random full-sequence control,0,0.9965095986038395,25.7462,26.887,2.5917,28.281649590804577,27.08196225519348,44.62619578539625,1.1404526252744125,8.243537019638891,0.7999611482087982,5.1211157161536125,24.580661776575397,1.1561852252057105,25.776342936525516,1.1467665308728434
845,r_k03_0229_d32_d42_d54,"32,42,54",budget-matched cardinality-stratified random full-sequence control,0,0.9965095986038395,25.7469,28.3851,2.4169,29.16882010618406,26.744060206923574,45.33980999033352,1.4754004303705506,18.6552667658405,0.927246333670417,10.969151629398132,24.46203370359892,1.1379788638188433,25.771929695213743,1.1176403789792217
846,g_pair_seed_sweep_d22_d30,"22,30",exhaustive two-channel full-sequence seed sweep (all_singletons_failed),0,0.9965095986038395,25.7621,26.729300000000002,2.8937,26.41725026629731,25.372097003142336,37.82507336130353,2.0039513206587563,34.50229417577616,0.9521052640848259,13.63744525045985,24.97124344544415,1.04922025585152,25.784227275093247,1.0531228763532767
847,g_pair_seed_sweep_d28_d52,"28,52",exhaustive two-channel full-sequence seed sweep (all_singletons_failed),0,0.9965095986038395,25.785400000000003,26.8951,2.1627,25.899126146060265,24.64645967392915,40.77035042387265,1.6240177034083265,24.270915804376227,1.111101931712343,14.734193855767092,24.424324864206316,1.0327104512442282,25.819935459829228,1.0287449922544833
848,g_pair_seed_sweep_d25_d52,"25,52",exhaustive two-channel full-sequence seed sweep (all_singletons_failed),0,0.9965095986038395,25.796599999999998,27.3127,2.329,26.747690650539717,25.148906107671415,53.39439560502347,1.8727644223262268,27.49132094689274,1.1346195509840544,14.475629540394143,25.15271584432075,0.9996428647941475,25.774979198468845,1.0129515051933626
849,r_k05_0187_d16_d19_d32_d42_d48,"16,19,32,42,48",budget-matched cardinality-stratified random full-sequence control,0,0.9965095986038395,25.8031,26.4247,2.939,27.201838967392135,26.259483741012307,41.91994725223084,1.1724276100056479,9.660795266737638,0.6975499927047055,4.845355646645396,24.96306610654812,1.119273186706729,25.826308498412846,1.1264422676561654
850,r_k06_0209_d19_d22_d28_d35_d53_d56,"19,22,28,35,53,56",budget-matched cardinality-stratified random full-sequence control,0,0.9965095986038395,25.804199999999998,26.395400000000002,3.0636,27.013689764273945,25.995349524397493,42.218504306350766,1.2609236291022488,15.379190079197633,0.6717494887302283,2.7885206203138773,24.79388139209175,1.1161188811500709,25.824167639891026,1.1200206835748228
851,g_pair_seed_sweep_d40_d49,"40,49",exhaustive two-channel full-sequence seed sweep (all_singletons_failed),0,0.9965095986038395,25.807299999999998,28.530699999999996,4.2795,28.789456585533777,26.204247423107713,54.948462282608915,2.164049975313798,40.437923947137364,1.332161527028277,25.478570335555,25.15170362019184,1.090957553939244,25.79570955267717,1.1104707172044896
852,r_k05_0206_d19_d21_d31_d57_d62,"19,21,31,57,62",budget-matched cardinality-stratified random full-sequence control,0,0.9965095986038395,25.810499999999998,26.548899999999996,2.8911,27.004412459317827,26.118974250592654,40.05422462821858,1.1183047976732052,6.835101286147689,0.7259601402280554,8.035888421066971,25.225391606162894,1.0941857920523668,25.827469429198935,1.1055315874324976
853,r_k05_0110_d07_d10_d14_d22_d40,"7,10,14,22,40",budget-matched cardinality-stratified random full-sequence control,0,0.9965095986038395,25.8175,27.276899999999998,3.0012,28.381611458723217,27.523550205169755,46.8197592353632,1.3741158225468468,12.858530967076753,0.8828250884170866,12.128855766763214,26.587783095449787,1.0813530176569754,25.78907971383049,1.1020790028768788
854,r_k06_0158_d10_d16_d18_d20_d32_d48,"10,16,18,20,32,48",budget-matched cardinality-stratified random full-sequence control,0,0.9965095986038395,25.8389,27.0947,3.2917,28.384737421782997,26.571326487195286,46.28828084189921,1.3922666686496892,17.771293353815725,0.7155876367313699,4.069385552067501,24.70558525063021,1.1534167913671773,25.852348620985943,1.156835599988921
855,r_k04_0192_d19_d27_d46_d54,"19,27,46,54",budget-matched cardinality-stratified random full-sequence control,0,0.9965095986038395,25.8467,26.4818,2.6766,28.029434229831956,26.880418224403197,43.67125248785139,1.3090978805791254,16.623819521597987,0.7530217503162474,3.3805539991810845,25.07507054701419,1.1498613343694526,25.866455859511962,1.1561265553925941
856,r_k06_0199_d16_d24_d31_d47_d48_d57,"16,24,31,47,48,57",budget-matched cardinality-stratified random full-sequence control,0,0.9965095986038395,25.8469,26.520300000000002,2.9511,27.06459015749465,25.907387137129923,44.555632860539504,1.2342252065732193,12.874231744963668,0.6629374502413428,4.0228032587883735,24.499793925571957,1.1247369638588154,25.86769798301866,1.1315688992488637
857,r_k04_0188_d18_d52_d53_d55,"18,52,53,55",budget-matched cardinality-stratified random full-sequence control,0,0.9965095986038395,25.856,26.5855,2.2528,27.58916074794528,25.850641388813845,46.26278677404152,1.2386374208081659,14.972799258457442,0.6378850216541118,3.064033368399953,24.10479280304861,1.1536988866486468,25.882102040021802,1.1572555267481237
858,r_k04_0233_d30_d36_d53_d56,"30,36,53,56",budget-matched cardinality-stratified random full-sequence control,0,0.9965095986038395,25.860300000000002,26.914500000000004,3.2195,27.917035066588163,26.27433241977302,45.82547367662932,1.3936131192814887,15.430047896997317,0.8424667376581139,8.476779632676509,24.568175547578527,1.1460045380702628,25.878683355069093,1.1495223808986268
859,r_k03_0031_d02_d05_d47,"2,5,47",budget-matched cardinality-stratified random full-sequence control,0,0.9965095986038395,25.862299999999998,27.2352,3.0741,29.312993181098506,27.05959024317775,55.28507172113595,1.4919469509370356,22.612872721232673,0.8059321450128732,5.669227573154968,25.61747163695801,1.1563178277674175,25.862094540742603,1.163960640660932
860,r_k06_0023_d00_d15_d50_d52_d54_d57,"0,15,50,52,54,57",budget-matched cardinality-stratified random full-sequence control,0,0.9965095986038395,25.869799999999998,27.4352,3.4166000000000003,27.74868422427098,25.65023777494243,43.524772519666165,1.375816494047893,13.061141782350974,0.7946642106695535,8.295121496391232,24.81245799247106,1.106498885215916,25.89515789305906,1.1179401909769626
861,r_k06_0134_d08_d09_d10_d15_d50_d55,"8,9,10,15,50,55",budget-matched cardinality-stratified random full-sequence control,0,0.9965095986038395,25.877,28.491699999999998,3.7490999999999994,29.919666018072288,27.200466407213113,50.121944126095045,1.5851722552577225,16.600247759782526,0.956143272109571,12.285243576571416,25.530272988336662,1.1501108619927838,25.883879040247244,1.1627209065708435
862,g_pair_seed_sweep_d00_d57,"0,57",exhaustive two-channel full-sequence seed sweep (all_singletons_failed),0,0.9965095986038395,25.8774,27.371499999999997,2.3098,28.51909656181296,27.18062525285615,47.127625884758245,1.175823401207482,10.203832790118778,0.6328723482648597,2.8588169247953847,27.16139316516769,1.0022665935903337,25.88658327243746,1.0304679500487421
863,r_k06_0102_d05_d16_d37_d44_d49_d58,"5,16,37,44,49,58",budget-matched cardinality-stratified random full-sequence control,0,0.9965095986038395,25.889499999999998,28.3824,2.7084,29.79892305714713,27.984965761965903,61.399346572495396,1.4432864394457294,17.073048927349276,0.7111045663826121,3.568910025064531,27.121937573325123,1.0730161776310159,25.85616744364622,1.107329333215464
864,g_pair_seed_sweep_d16_d18,"16,18",exhaustive two-channel full-sequence seed sweep (all_singletons_failed),0,0.9965095986038395,25.8982,28.1457,2.4239,28.46282802737993,26.37953826224481,50.21667574843013,1.2467990254048027,10.399081009383103,0.784285463044999,7.122224104673974,25.611489982226377,1.0926046360068327,25.882061706914943,1.1211627099011534
865,g_s01_k06_from_d29_d31_d33_d52_d55_add_d15,"15,29,31,33,52,55",direct full-sequence ATE forward-greedy trial,0,0.9965095986038395,25.9013,26.306600000000003,2.2785,26.312492314546066,25.49203144498458,40.26961481437104,1.1282186305017203,10.551041251063399,0.6983563642617833,7.4738172704135675,24.47313965546404,1.10381397003588,25.933249544304616,1.1000017497212629
866,r_k04_0083_d05_d10_d16_d39,"5,10,16,39",budget-matched cardinality-stratified random full-sequence control,0,0.9965095986038395,25.909100000000002,26.608700000000002,2.172,26.85926824490296,26.03553551098447,40.007138416387086,1.1121408993309305,5.262108382265844,0.6563059128791255,3.7017763143107705,25.26594808422451,1.0828375002362847,25.924360461294516,1.0929528744477546
867,r_k05_0061_d03_d15_d23_d49_d61,"3,15,23,49,61",budget-matched cardinality-stratified random full-sequence control,0,0.9965095986038395,25.915300000000002,27.0393,2.5288,27.581108883828254,26.23201784957313,48.75222459738812,1.5646909652995644,19.603905847631232,0.8645534570167707,11.779405142010962,25.3491181975877,1.0888803945983678,25.918167331513143,1.1048485488755757
868,g_s03_k03_from_d23_d59_add_d28,"23,28,59",direct full-sequence ATE forward-greedy trial,0,0.9965095986038395,25.920199999999998,26.749200000000002,2.1826000000000003,26.74418861221703,25.701662445886498,39.42035926705826,1.2171910419287044,10.218053767671883,0.7193415061855936,5.800891657445317,24.151954790077642,1.1172168724498246,25.945925510970998,1.1131588739126885
869,r_k06_0187_d14_d19_d21_d40_d54_d57,"14,19,21,40,54,57",budget-matched cardinality-stratified random full-sequence control,0,0.9965095986038395,25.9398,27.9887,3.4878,28.972164715456927,27.072694128758513,46.36885712770243,1.4036630082969304,14.591193903793599,0.74844668376011,7.892061951256192,25.6426181859973,1.1199312925624108,25.94678003624167,1.133283531590809
870,g_s03_k03_from_d23_d59_add_d52,"23,52,59",direct full-sequence ATE forward-greedy trial,0,0.9965095986038395,25.974199999999996,26.4623,1.9425000000000001,26.471823722156824,25.803266992154033,38.524663821472124,1.1870124375932,11.682416196767488,0.791714432741043,11.166812854505126,25.009788846429288,1.0820768690210842,25.996596296655873,1.0875047824714983
871,r_k03_0132_d11_d30_d39,"11,30,39",budget-matched cardinality-stratified random full-sequence control,0,0.9965095986038395,25.983800000000002,27.524700000000003,2.5984,27.381580543182054,25.908295906110464,52.09008663997866,1.3138649657065782,8.915575300270843,0.7882588418978441,7.82665771129149,25.656757958799624,1.0310137404028628,25.996990868097058,1.044203062313645
872,r_k04_0099_d06_d28_d49_d54,"6,28,49,54",budget-matched cardinality-stratified random full-sequence control,0,0.9965095986038395,25.9859,26.7993,2.5090000000000003,27.09346519631093,26.157570554833104,45.070814832156316,1.3045319738972663,14.047647682340694,0.7722213102456892,7.970470576820306,25.06251950032286,1.097232027341321,26.006269048017167,1.0998522452901773
873,g_pair_seed_sweep_d31_d40,"31,40",exhaustive two-channel full-sequence seed sweep (all_singletons_failed),0,0.9965095986038395,25.994400000000002,26.5495,2.1642,26.58410178331085,25.70517098525829,39.9325340861554,1.0957288387355804,6.377436761424272,0.6486476366993749,4.248380045544605,24.546242119065703,1.1074425704545101,26.025834591762482,1.1064622111183342
874,r_k03_0014_d00_d56_d58,"0,56,58",budget-matched cardinality-stratified random full-sequence control,0,0.9965095986038395,26.030199999999997,26.877000000000002,3.1904000000000003,28.553186096277212,27.450910912489018,41.945260396339926,1.4813944456472816,17.0685001094688,1.0792200741489233,14.101531129646787,26.073888741164016,1.1269373891324552,26.054558570738003,1.1390024149700961
875,g_pair_seed_sweep_d19_d50,"19,50",exhaustive two-channel full-sequence seed sweep (all_singletons_failed),0,0.9965095986038395,26.0512,27.392300000000002,1.6962000000000002,27.81747269421833,26.46525263496851,45.81684981109292,1.2715312733968918,12.615246318276977,0.7459007971717959,7.070923024262282,26.50118795756507,0.9954492488595615,26.062051884180338,1.0130813176096196
876,r_k06_0001_d00_d01_d27_d33_d34_d40,"0,1,27,33,34,40",budget-matched cardinality-stratified random full-sequence control,0,0.9965095986038395,26.0836,27.2856,2.7824,27.372340199703128,25.51514347280495,44.557689652262745,1.13336442022277,9.774577190537215,0.6681806891532996,5.6383571559762204,24.865122906765837,1.0989792462750492,26.103107759987846,1.117259458455929
877,g_s03_k06_from_d23_d24_d40_d59_d63_add_d62,"23,24,40,59,62,63",direct full-sequence ATE forward-greedy trial,0,0.9965095986038395,26.085,26.987899999999996,2.1147,27.075013939461673,26.33224114150349,39.836506867360974,1.3533401039086244,13.925416492587656,0.8232721346224602,8.461361978588462,25.624489084191403,1.0645572078854022,26.114171829821952,1.0727854607178
878,g_s01_k05_from_d29_d31_d33_d52_add_d34,"29,31,33,34,52",direct full-sequence ATE forward-greedy trial,0,0.9965095986038395,26.0851,26.377,2.4095,26.403524207915797,25.713149768921088,38.97266646546071,1.1233868451516191,10.963122408878203,0.6851227228496575,6.436008607284541,24.89510096566364,1.0944559408668173,26.1136926018106,1.0984494367225608
879,g_pair_seed_sweep_d56_d60,"56,60",exhaustive two-channel full-sequence seed sweep (all_singletons_failed),0,0.9965095986038395,26.0899,27.241300000000003,2.2838000000000003,26.495599518229536,25.232589334231857,40.609759314150715,1.898381428159669,34.955977759745075,1.0905064093500285,19.23225340677855,25.08435768289578,1.0278122554022984,26.125326630816055,1.0300443159935853
880,r_k05_0055_d03_d11_d23_d44_d46,"3,11,23,44,46",budget-matched cardinality-stratified random full-sequence control,0,0.9965095986038395,26.090799999999998,28.019699999999997,2.6772,29.148969212181203,27.858867993784454,54.64733702825484,1.385606410321985,12.555265546896043,0.7759544381666649,5.162400946238578,26.97810056755981,1.0754363159822973,26.059847553935217,1.1040099682251596
881,g_pair_seed_sweep_d52_d59,"52,59",exhaustive two-channel full-sequence seed sweep (all_singletons_failed),0,0.9965095986038395,26.124000000000002,27.3625,2.6331,27.42257255657626,26.500934097169555,48.86567753011632,2.036730854773123,21.681455453492564,1.2308544895486055,12.846123206423478,25.86472497136347,1.0543721579175256,26.109701627595104,1.0701610250087743
882,g_s01_k06_from_d29_d31_d33_d52_d55_add_d46,"29,31,33,46,52,55",direct full-sequence ATE forward-greedy trial,0,0.9965095986038395,26.1271,26.4558,2.3672,26.61636156939955,25.91096008518959,39.97661422544414,1.0769198230022687,6.368938557044193,0.6750539894826253,4.513261896735819,24.922596289953145,1.1022635393681322,26.15768434326667,1.1046387180279238
883,g_pair_seed_sweep_d46_d61,"46,61",exhaustive two-channel full-sequence seed sweep (all_singletons_failed),0,0.9965095986038395,26.1437,26.6,2.1767000000000003,26.722758620906323,25.86014895944514,40.396031827902455,1.4713645401476447,23.705341164656158,0.6514252441804977,4.163561743539796,24.912931114656786,1.1008666030675733,26.167367117021413,1.1072731256508552
884,r_k06_0093_d05_d08_d23_d38_d50_d56,"5,8,23,38,50,56",budget-matched cardinality-stratified random full-sequence control,0,0.9965095986038395,26.151600000000002,28.6495,2.9103,28.822346802634662,26.489416746140915,56.31603989702788,1.7553520622314256,24.296029730801347,0.992648440067495,16.84549749129475,26.237943315418406,1.0383566645886448,26.10049519586461,1.06388757989153
885,r_k03_0139_d12_d18_d23,"12,18,23",budget-matched cardinality-stratified random full-sequence control,0,0.9965095986038395,26.1641,27.6875,2.8289,30.59552507262809,28.80718557324017,51.939373985986535,1.684022867354488,27.8619803715172,1.3322620522864963,24.596310528714262,26.10010268304148,1.1875270519140155,26.21252816885474,1.1867569993415767
886,r_k05_0109_d06_d33_d40_d44_d58,"6,33,40,44,58",budget-matched cardinality-stratified random full-sequence control,0,0.9965095986038395,26.19,27.490399999999998,2.4637,28.84431432176707,27.94572821994986,50.21409939217497,1.2545967527151498,11.188170246508978,0.6831058247949199,3.1759759804905023,27.14493480885715,1.0700621075318684,26.17594543890937,1.1003113850084205
887,g_s02_k06_from_d23_d24_d26_d51_d63_add_d12,"12,23,24,26,51,63",direct full-sequence ATE forward-greedy trial,0,0.9965095986038395,26.1909,26.9225,2.137,26.804236665569043,26.117475637309774,38.59996551543821,1.0911236977645928,7.760903148018376,0.7062570070911551,7.226966437867023,25.32587390147296,1.0747397861121681,26.22171666511037,1.0804096334146414
888,g_pair_seed_sweep_d47_d57,"47,57",exhaustive two-channel full-sequence seed sweep (all_singletons_failed),0,0.9965095986038395,26.192500000000003,26.612099999999998,2.6834000000000002,25.868984598217885,25.370857699975957,37.35923137640577,1.5847419804233593,18.218570904673197,1.0824142726152535,14.652729410561097,25.256819519406143,1.0288566460069735,26.2205274875111,1.032682057470428
889,g_s03_k04_from_d23_d24_d59_add_d35,"23,24,35,59",direct full-sequence ATE forward-greedy trial,0,0.9965095986038395,26.2094,26.959,2.734,28.566947196855764,27.31867661629529,45.86156128636637,1.443693226380982,18.478322274609937,0.8959976254247585,10.699259832171782,24.86307659439383,1.1700303884699979,26.231008612691863,1.1679848626849
890,r_k06_0091_d05_d07_d11_d27_d53_d59,"5,7,11,27,53,59",budget-matched cardinality-stratified random full-sequence control,0,0.9965095986038395,26.259,28.6848,2.4534000000000002,28.772931449331118,26.35516212815552,60.38794347352252,1.4849768194982171,21.013985532024236,0.8647110443908667,12.557781133720388,25.998307672017333,1.042520901526716,26.25183632799067,1.0592430076003678
891,swap_k04_0175_d15_d20_d34_d58,"15,20,34,58",one-channel swap audit around provisional greedy endpoint,0,0.9965095986038395,26.2668,26.9521,2.5328,27.894670836413937,26.954810689363846,44.00551067395184,1.3537342586811167,15.674107572942955,0.8410970296007215,8.591961646534653,25.414920566355388,1.1263076767224387,26.285969986673525,1.1253185158516643
892,r_k04_0183_d17_d30_d33_d56,"17,30,33,56",budget-matched cardinality-stratified random full-sequence control,0,0.9965095986038395,26.2743,27.159499999999998,1.851,27.283801720780172,26.362585882795,42.50507326329242,1.1502948146583558,9.59092009656923,0.7297468539101164,8.848691812883901,26.305353785061588,1.0090958210133139,26.28347537205788,1.0262367178542782
893,r_k03_0078_d06_d51_d54,"6,51,54",budget-matched cardinality-stratified random full-sequence control,0,0.9965095986038395,26.2743,27.1696,3.0132,28.15069047445079,26.837149061600524,41.69778474711141,1.4204997473538485,20.800169928887442,0.772006607876419,5.896346253171963,24.610609046847667,1.1551245872898224,26.300419566101308,1.149799850894941
894,swap_k04_0206_d15_d20_d26_d28,"15,20,26,28",one-channel swap audit around provisional greedy endpoint,0,0.9965095986038395,26.277,27.138800000000003,2.06,26.765433489562874,25.90959799599845,40.4271343825525,1.127672274849178,9.856487457217545,0.6920824294092359,6.3508450398620235,25.19615728297511,1.0694670483362259,26.30959385679509,1.0692661459903015
895,g_pair_seed_sweep_d08_d61,"8,61",exhaustive two-channel full-sequence seed sweep (all_singletons_failed),0,0.9965095986038395,26.2816,28.8638,2.968,30.3031668158432,28.35812063726329,48.78188375128896,1.5354508111013743,16.229846382135293,0.8449627569549953,9.187902247876742,27.149236697250828,1.09543226012413,26.255780306631276,1.126643291831764
896,r_k06_0137_d08_d12_d19_d30_d45_d49,"8,12,19,30,45,49",budget-matched cardinality-stratified random full-sequence control,0,0.9965095986038395,26.2854,26.7806,2.9257,26.986724139865476,26.29091494315366,39.15477285336079,1.1423021776844169,7.7752179656323195,0.7128311323067442,6.336105463904274,25.570088849226945,1.0858628199511429,26.30891996378094,1.0950219542879218
897,r_k05_0162_d12_d31_d32_d51_d56,"12,31,32,51,56",budget-matched cardinality-stratified random full-sequence control,0,0.9965095986038395,26.288,26.6218,2.0946,26.881672393772327,26.320036344100632,37.95876430264912,1.0559074984985852,5.275461381672565,0.6413434936448822,3.0347569164463577,25.265385280845663,1.100251602857082,26.310628107750418,1.1008164115992236
898,r_k06_0166_d10_d40_d44_d46_d48_d52,"10,40,44,46,48,52",budget-matched cardinality-stratified random full-sequence control,0,0.9965095986038395,26.3044,27.5549,2.9548,27.987501663926988,26.894906114732546,40.785659434757854,1.16758505259904,4.473243721541974,0.6768871534854737,2.933360918569463,26.006509370958714,1.0901047148390226,26.302561012231045,1.1042324947635305
899,g_s02_k06_from_d23_d24_d26_d51_d63_add_d39,"23,24,26,39,51,63",direct full-sequence ATE forward-greedy trial,0,0.9965095986038395,26.3077,27.218500000000002,2.2098,26.727148593237416,25.87529408705724,41.565017449361704,1.071851727447045,5.622479049494178,0.6664739001572073,6.112350995213918,25.192739442125927,1.0654290691607207,26.346265320153606,1.0660517017405686
900,r_k05_0010_d00_d12_d47_d51_d53,"0,12,47,51,53",budget-matched cardinality-stratified random full-sequence control,0,0.9965095986038395,26.310699999999997,27.079700000000003,2.5682,28.69269993319573,27.70589722433065,44.67901708305128,1.3762517474581306,18.44407887944933,0.7321821201952875,3.280322971671019,26.171772667006195,1.131835520492866,26.323009731253897,1.1523211730643492
901,r_k03_0197_d22_d24_d28,"22,24,28",budget-matched cardinality-stratified random full-sequence control,0,0.9965095986038395,26.3231,27.877299999999998,2.2415000000000003,27.4431605034611,25.878674241737855,42.11407554461333,1.4973041267484746,23.199189559463896,0.6997905588734535,6.027468945623176,24.526312558805593,1.0982792797907837,26.353644298799367,1.0935745632542815
902,r_k06_0062_d02_d14_d17_d42_d49_d63,"2,14,17,42,49,63",budget-matched cardinality-stratified random full-sequence control,0,0.9965095986038395,26.3254,27.9563,2.7142,28.499851454633106,27.02118434393565,67.02446972461304,1.5208568867754568,13.968304560921716,1.0010271063562322,11.455839673891692,26.991036705633793,1.0031887079539175,26.318650716500976,1.028363209496153
903,g_pair_seed_sweep_d22_d58,"22,58",exhaustive two-channel full-sequence seed sweep (all_singletons_failed),0,0.9965095986038395,26.328000000000003,27.5644,3.0947999999999998,29.30549330735198,27.771519077225715,49.3697870364086,1.8640480346314912,24.428368525606782,1.1227993218405055,16.371379752596503,25.572862819648595,1.165540276679801,26.361645637782722,1.1664774533840028
904,g_pair_seed_sweep_d53_d61,"53,61",exhaustive two-channel full-sequence seed sweep (all_singletons_failed),0,0.9965095986038395,26.3446,26.9686,2.4029,27.615538185577442,26.12327120515701,43.815444134475115,1.1094013847581103,4.845478344693686,0.66475553348239,4.273692984791361,24.83024634333961,1.1381429164795114,26.374612146091703,1.1416761347797129
905,r_k04_0194_d19_d30_d57_d58,"19,30,57,58",budget-matched cardinality-stratified random full-sequence control,0,0.9965095986038395,26.3648,27.1038,1.9710999999999999,27.590695780475883,26.954346659958134,41.83076521529529,1.1262404121048513,5.712830062666738,0.7566288980460524,4.7211439628328575,26.41265724967497,1.0599848921491224,26.384741615386627,1.0758539368783262
906,g_s02_k06_from_d23_d24_d26_d51_d63_add_d58,"23,24,26,51,58,63",direct full-sequence ATE forward-greedy trial,0,0.9965095986038395,26.38,27.1077,2.1159,26.964314347957014,26.31154167240294,38.356638384217895,1.07872020026405,6.795619427141869,0.7071979128973512,6.855732053211249,25.565830473562944,1.0703287650751574,26.411337790154633,1.0755655792726513
907,g_s01_k06_from_d29_d31_d33_d52_d55_add_d01,"1,29,31,33,52,55",direct full-sequence ATE forward-greedy trial,0,0.9965095986038395,26.4057,27.977200000000003,3.5343,27.851109714910677,26.101627514105562,47.66236975989814,1.657997081549872,28.811105159328804,0.9406797391313487,15.515468403767628,25.22261228286044,1.094278550146235,26.41257191161806,1.10450149056029
908,r_k03_0099_d08_d22_d27,"8,22,27",budget-matched cardinality-stratified random full-sequence control,0,0.9965095986038395,26.4066,26.839000000000002,2.5433,26.851538002136188,26.12105490564143,41.396686650569606,1.374203872521948,16.10549467504258,0.8701887978881706,12.241203830172912,25.46906265534969,1.0821724274560338,26.438108994165088,1.0925458097981855
909,r_k04_0221_d26_d33_d52_d60,"26,33,52,60",budget-matched cardinality-stratified random full-sequence control,0,0.9965095986038395,26.4121,27.0567,2.1885000000000003,27.172675135893343,25.76509851817711,43.363442361188994,1.300550486273608,15.728226473944273,0.7356049162244378,9.520168409161045,24.710567707399957,1.1131475876025152,26.446575823601172,1.1252676237730805
910,g_pair_seed_sweep_d19_d21,"19,21",exhaustive two-channel full-sequence seed sweep (all_singletons_failed),0,0.9965095986038395,26.4254,27.6992,1.7579,28.48671185765072,27.396995804285666,44.60896123092735,1.2171453514886676,12.536795495331921,0.8227120879393531,11.98800004519629,27.32875465045137,1.0086518505795172,26.41187877705215,1.0338043112317907
911,g_s01_k05_from_d29_d31_d33_d52_add_d10,"10,29,31,33,52",direct full-sequence ATE forward-greedy trial,0,0.9965095986038395,26.4357,26.8218,2.8379000000000003,27.04612769802422,26.342057327682213,39.72500958735486,1.0832684370635592,4.3309433518609355,0.6433878714273901,3.2128655173491008,25.494048593660928,1.095089483849556,26.45764747186099,1.0983643361716466
912,g_pair_seed_sweep_d25_d32,"25,32",exhaustive two-channel full-sequence seed sweep (all_singletons_failed),0,0.9965095986038395,26.478600000000004,27.579700000000003,2.3261,26.445931221232772,25.23384295608397,49.71617303116794,1.7422800595197254,28.78466917621057,1.0625328319666012,16.023054407500545,25.183106411513943,1.0137456421856086,26.501363782871127,1.015559030159024
913,g_pair_seed_sweep_d01_d45,"1,45",exhaustive two-channel full-sequence seed sweep (all_singletons_failed),0,0.9965095986038395,26.485999999999997,29.334,2.6889,29.194850012091244,26.3360716153496,56.0328829618626,1.4883912510660207,22.44870628269915,0.9498878752247917,15.421467182659486,26.347951534110912,0.9972656718915406,26.463319864010366,1.021073204659483
914,g_pair_seed_sweep_d32_d59,"32,59",exhaustive two-channel full-sequence seed sweep (all_singletons_failed),0,0.9965095986038395,26.4903,27.5339,2.7505,28.74293793519965,27.187733496164068,44.713359148537876,1.7036548827537523,29.149294048489743,0.7257348005307626,3.9637385018179665,25.063048157108074,1.1614113144755394,26.507707345969834,1.1594518698365217
915,r_k05_0225_d26_d45_d54_d60_d61,"26,45,54,60,61",budget-matched cardinality-stratified random full-sequence control,0,0.9965095986038395,26.5125,26.9362,2.2052,27.336830149247398,26.809939297540435,38.34145928088167,1.079969078479128,3.951146948309534,0.6803763239837884,5.077117331918284,25.731633494349648,1.098495354096247,26.537437128608744,1.1036360353358325
916,r_k06_0077_d03_d24_d25_d40_d44_d61,"3,24,25,40,44,61",budget-matched cardinality-stratified random full-sequence control,0,0.9965095986038395,26.5237,28.771600000000003,2.7397,29.53047774066307,27.913237066158253,56.50952103790746,1.3975668832353798,14.422910595226002,0.7391047903032598,6.146995429542844,27.332689282076917,1.0567462608416134,26.490955118931502,1.0923140857437266
917,g_s02_k03_from_d26_d51_add_d35,"26,35,51",direct full-sequence ATE forward-greedy trial,0,0.9965095986038395,26.526,27.3255,2.7548,27.20824881435836,26.067173905468632,43.08336405000876,1.2683473153153164,15.530493231796763,0.844431165518229,9.187667193318202,24.89364505988003,1.1059715640411674,26.566349964063736,1.0992408733240797
918,r_k05_0003_d00_d02_d22_d55_d59,"0,2,22,55,59",budget-matched cardinality-stratified random full-sequence control,0,0.9965095986038395,26.537300000000002,27.0359,3.4714,28.559357376908988,27.247072216286426,46.13451408932821,1.795353025395706,29.42735939229028,0.9281840637599985,10.872651655336771,25.466956367689857,1.161399583761381,26.556000633838877,1.1591087764220211
919,g_pair_seed_sweep_d31_d32,"31,32",exhaustive two-channel full-sequence seed sweep (all_singletons_failed),0,0.9965095986038395,26.5397,28.2569,1.9769999999999999,27.48623241714213,25.789811521839763,43.55132366825849,1.571669220634488,27.729444481993877,1.0581755311944254,19.802397010266695,25.79645724445999,0.9989757030445197,26.58092084401159,0.9934307053524827
920,g_pair_seed_sweep_d34_d40,"34,40",exhaustive two-channel full-sequence seed sweep (all_singletons_failed),0,0.9965095986038395,26.546999999999997,27.4287,3.2561,27.712835380508732,25.989565265048594,46.38100340027101,1.6331087370648871,12.97566610799771,1.0809695328186717,10.550977674546028,24.895618407610893,1.122680468403821,26.56964304330059,1.1355126432517455
921,g_pair_seed_sweep_d11_d27,"11,27",exhaustive two-channel full-sequence seed sweep (all_singletons_failed),0,0.9965095986038395,26.561200000000003,27.633200000000002,2.5126,26.968164797764743,25.620858445991708,39.19791030978542,1.612827500957681,28.795351592318664,0.6527274286781939,4.240084494634261,24.882091524705842,1.08004215750382,26.57746938947682,1.077840048094046
922,g_s01_k06_from_d29_d31_d33_d52_d55_add_d28,"28,29,31,33,52,55",direct full-sequence ATE forward-greedy trial,0,0.9965095986038395,26.5729,27.3274,2.471,27.35491136242522,26.188892703393428,41.60067402681547,1.2779066785199187,16.23181807695382,0.6661797304749666,5.109403254753022,24.73176046363591,1.1214216991597818,26.607576136346307,1.1186361685949946
923,g_s01_k04_from_d29_d33_d52_add_d63,"29,33,52,63",direct full-sequence ATE forward-greedy trial,0,0.9965095986038395,26.5973,28.678199999999997,3.0967000000000002,29.28954270135754,27.855097209146695,48.35523218273176,1.6594053121800356,25.532313806696294,0.9459563416632534,14.299045903920712,27.679713620392597,1.0256944669826542,26.57267706621584,1.054086406190812
924,g_s01_k04_from_d29_d33_d52_add_d21,"21,29,33,52",direct full-sequence ATE forward-greedy trial,0,0.9965095986038395,26.619999999999997,27.926299999999998,2.5699,28.079472441563162,26.906462979243496,46.66180774483968,1.393168833362892,20.409806175568995,0.9158196167515499,13.67939677026727,26.644774364920032,1.0330552413668714,26.60799720699997,1.0519574532330458
925,r_k03_0140_d12_d19_d47,"12,19,47",budget-matched cardinality-stratified random full-sequence control,0,0.9965095986038395,26.629399999999997,28.1049,3.3451,30.573324930347113,28.996069701663796,48.228908554521944,1.4176804819733513,15.492063805838416,0.8357754511387808,6.475483695835774,27.04633272452262,1.1578329551733666,26.638066266905852,1.1817955690002955
926,g_pair_seed_sweep_d19_d44,"19,44",exhaustive two-channel full-sequence seed sweep (all_singletons_failed),0,0.9965095986038395,26.650000000000002,29.195999999999998,3.0861,29.32202727790973,27.36859522483498,50.76771699755563,1.4402159019959564,14.95007234503716,0.9287092120511565,14.469819377466605,26.763095666087803,1.0543729037052905,26.62469475666959,1.073620927307237
927,g_pair_seed_sweep_d08_d55,"8,55",exhaustive two-channel full-sequence seed sweep (all_singletons_failed),0,0.9965095986038395,26.651000000000003,31.1469,2.8091999999999997,34.21561551494857,31.14473316738374,58.6584387226592,1.8150490316067982,19.06874182143295,1.0653799677602984,13.578807828099043,30.913240478677757,1.0162953682596385,26.62125291961161,1.084271500973112
928,g_pair_seed_sweep_d10_d19,"10,19",exhaustive two-channel full-sequence seed sweep (all_singletons_failed),0,0.9965095986038395,26.6596,27.3618,1.8689,27.508524509706707,26.884504643414225,37.24795340392777,1.2163149754381506,9.430188277598042,0.7065057679157504,6.596829531279492,26.59542476458116,1.0393242465631922,26.676293582186027,1.0597206082527528
929,r_k03_0115_d10_d19_d53,"10,19,53",budget-matched cardinality-stratified random full-sequence control,0,0.9965095986038395,26.676899999999996,27.442299999999996,2.2526,27.54773283157741,26.501116399584124,43.01830197189972,1.2626668527022777,12.089311894867377,0.6856079881041974,4.71514223426419,25.69675122778346,1.0879406687415734,26.697438323296808,1.1024224940002547
930,r_k04_0156_d14_d15_d27_d52,"14,15,27,52",budget-matched cardinality-stratified random full-sequence control,0,0.9965095986038395,26.6965,27.333099999999998,2.3123,27.931587000363784,27.340724769484204,40.17507154110183,1.511300920941246,20.2077798698525,0.9331942094837963,13.977614382430534,26.85839791397187,1.051502077680407,26.677769917400024,1.0758285088111803
931,r_k06_0119_d06_d24_d33_d35_d38_d61,"6,24,33,35,38,61",budget-matched cardinality-stratified random full-sequence control,0,0.9965095986038395,26.6999,27.427699999999998,3.4021000000000003,29.244639683079658,28.01189921410784,44.80783900605253,1.295620973946746,13.988011876784617,0.8716632899107252,9.16822840906663,25.568569719003243,1.1780071594141732,26.71515520292602,1.1736984777143982
932,r_k05_0020_d01_d03_d25_d27_d31,"1,3,25,27,31",budget-matched cardinality-stratified random full-sequence control,0,0.9965095986038395,26.7123,27.4655,2.4286,26.786578015207652,25.751070832175994,44.35732974166396,1.4945307943584472,23.21858346592355,0.8471110373332884,12.741662459079057,25.17431672624051,1.0666546374292745,26.728157502061737,1.0716524466418746
933,r_k04_0219_d26_d28_d58_d61,"26,28,58,61",budget-matched cardinality-stratified random full-sequence control,0,0.9965095986038395,26.7136,27.358700000000002,2.1919999999999997,27.928888307525224,27.251399363393624,41.396622198392095,1.1655144461335203,11.472422205416235,0.7419325828432262,6.508452821070552,26.15147460628251,1.097969484468928,26.73890877825718,1.102651869690141
934,r_k06_0117_d06_d16_d26_d29_d44_d50,"6,16,26,29,44,50",budget-matched cardinality-stratified random full-sequence control,0,0.9965095986038395,26.726699999999997,29.363699999999998,2.707,29.72254051849164,27.60578034242758,62.124565850168324,1.4777910882002947,17.887602615761235,0.8885355817976754,13.562425162901162,27.60276420551555,1.0004024375372047,26.682564160998517,1.0344828344271193
935,g_pair_seed_sweep_d01_d08,"1,8",exhaustive two-channel full-sequence seed sweep (all_singletons_failed),0,0.9965095986038395,26.7268,28.1908,2.9143,28.91724689031769,27.586088370330252,44.886641761858854,1.3372173400984855,10.504874439052795,0.759321969473069,6.289173961990185,26.550761226532238,1.0908314799782701,26.716371411909122,1.1159824378367655
936,swap_k04_0111_d15_d26_d34_d54,"15,26,34,54",one-channel swap audit around provisional greedy endpoint,0,0.9965095986038395,26.7481,27.3279,3.3987999999999996,28.573939011475417,27.319413405434904,44.56806534597349,1.4458145730762515,18.934123112873714,0.9790538925312264,15.84119751897891,25.227974808977848,1.1645170278879726,26.77609510028045,1.1528555538556828
937,g_pair_seed_sweep_d23_d32,"23,32",exhaustive two-channel full-sequence seed sweep (all_singletons_failed),0,0.9965095986038395,26.774199999999997,27.2107,2.1435,27.21404276958007,26.185373542844705,41.39450564011399,1.045239790341113,3.973271415600362,0.6157637435257801,2.8488173923858198,25.083204931461317,1.1143978671656827,26.80306859542115,1.111305510571182
938,r_k05_0076_d04_d17_d27_d56_d63,"4,17,27,56,63",budget-matched cardinality-stratified random full-sequence control,0,0.9965095986038395,26.7748,27.9521,2.1394,28.216825502958145,27.158095028791546,47.69590837353262,1.1339255398140584,9.491390310396731,0.7403188105812486,4.183296673375896,26.222845023843515,1.0800090168780074,26.801508093969538,1.0837671262530444
939,g_pair_seed_sweep_d15_d31,"15,31",exhaustive two-channel full-sequence seed sweep (all_singletons_failed),0,0.9965095986038395,26.774900000000002,27.493000000000002,2.434,26.97714833641515,25.95765523361061,41.467624733792995,1.2275483454402785,13.70347018254946,0.6893753635498816,6.008290524137994,25.036059376335164,1.0927163792112031,26.80461165623649,1.0887676159619535
940,g_s03_k04_from_d23_d24_d59_add_d60,"23,24,59,60",direct full-sequence ATE forward-greedy trial,0,0.9965095986038395,26.798499999999997,28.949,5.2994,33.97047847673378,29.190123216447923,104.93874825005445,4.093672800669653,92.65274544639168,7.137235198861618,169.2451992833886,28.99704304310785,1.0161484985611204,26.842664716484826,1.063326247104636
941,g_pair_seed_sweep_d21_d27,"21,27",exhaustive two-channel full-sequence seed sweep (all_singletons_failed),0,0.9965095986038395,26.805899999999998,27.1511,2.3885,27.64329125962155,26.669142476100898,41.24321482426404,1.063618563461353,3.944695821415639,0.6255809547345073,2.220485316250632,25.55517602979839,1.1184950138288756,26.8311724185564,1.1180569488808816
942,g_pair_seed_sweep_d08_d42,"8,42",exhaustive two-channel full-sequence seed sweep (all_singletons_failed),0,0.9965095986038395,26.812399999999997,28.032600000000002,2.9145,28.474764438420358,27.667939418468734,41.33107925138266,1.8349148013703525,29.688364547098118,0.8791576177839754,9.337760263509368,27.458449005102775,1.0265013524642472,26.83525681890621,1.0412433939229058
943,r_k06_0179_d12_d24_d33_d46_d59_d62,"12,24,33,46,59,62",budget-matched cardinality-stratified random full-sequence control,0,0.9965095986038395,26.8339,27.809,3.6443000000000003,30.927587743515573,29.212858925303625,54.33628921156549,1.8299873236711919,33.655506681151195,1.6068853326594494,32.424731592250225,27.628379786430912,1.13362002706513,26.851379649993678,1.156567750238344
944,g_s01_k06_from_d29_d31_d33_d52_d55_add_d10,"10,29,31,33,52,55",direct full-sequence ATE forward-greedy trial,0,0.9965095986038395,26.8392,27.2768,2.41,27.488651838367307,26.5625515053689,41.87355575285861,1.0861581822113886,4.69558933671484,0.6327435918556941,3.1092732750312093,25.589182538728476,1.1081336849647212,26.860487574206164,1.1095049658824898
945,r_k05_0203_d18_d33_d45_d58_d60,"18,33,45,58,60",budget-matched cardinality-stratified random full-sequence control,0,0.9965095986038395,26.847900000000003,28.654600000000002,2.9448,29.181396583912893,27.380738315749632,53.25763947161699,1.759302003552073,28.203195704579752,0.9516528069383735,14.875409268514117,26.26782151823891,1.1029136613926693,26.835946398350064,1.1206674232314195
946,g_s02_k03_from_d26_d51_add_d49,"26,49,51",direct full-sequence ATE forward-greedy trial,0,0.9965095986038395,26.848499999999998,27.55,1.7703,26.824142255512772,25.9477821931885,40.72999172091192,1.2134221988519118,10.891193350388367,0.8054063291762358,8.796127281614382,25.57873162648051,1.05176988872471,26.881847111266694,1.058395262250061
947,g_pair_seed_sweep_d01_d40,"1,40",exhaustive two-channel full-sequence seed sweep (all_singletons_failed),0,0.9965095986038395,26.8671,27.7505,3.1981,26.90955463239729,25.582270074785313,41.36575932797461,1.5050508334878907,16.699270812931484,0.8342991361995385,10.46658149076236,24.76011732556413,1.086544021922402,26.878635759840403,1.090797691293831
948,r_k06_0225_d26_d37_d42_d44_d48_d55,"26,37,42,44,48,55",budget-matched cardinality-stratified random full-sequence control,0,0.9965095986038395,26.8997,29.2703,3.0591,29.051437729805574,27.14747989567431,54.63541175155244,1.528883857278339,23.261222236119195,0.9918857078222629,15.67495220682918,26.82798603670808,1.0377269467486372,26.868762564419473,1.0604438211935132
949,r_k05_0119_d08_d14_d19_d39_d42,"8,14,19,39,42",budget-matched cardinality-stratified random full-sequence control,0,0.9965095986038395,26.918599999999998,28.558600000000002,2.6106000000000003,29.24626483093984,28.07381971807209,48.12448029501758,1.4528927661845028,14.524564063225895,0.9409180591598207,11.236735620591235,27.929309764077605,1.015430957779999,26.870794522628387,1.0471726417492337
950,r_k04_0025_d01_d08_d14_d23,"1,8,14,23",budget-matched cardinality-stratified random full-sequence control,0,0.9965095986038395,26.9196,28.234399999999997,2.5464,28.71893138887469,27.57253105905159,52.20734280670089,1.4643651594536,17.430269747515688,0.8894658171946571,11.515797537100992,27.435201707054546,1.016994481122981,26.88665918438744,1.0448323231789527
951,r_k06_0123_d07_d09_d25_d30_d34_d55,"7,9,25,30,34,55",budget-matched cardinality-stratified random full-sequence control,0,0.9965095986038395,26.9372,27.755499999999998,3.3952000000000004,29.252931414711806,27.858408563087846,44.63120330077246,1.6190965851092018,23.030879497724573,1.1755691050369996,19.116110612188585,26.248102950868457,1.1397863852934016,26.95985312790305,1.1539392190941766
952,r_k05_0016_d00_d27_d38_d42_d55,"0,27,38,42,55",budget-matched cardinality-stratified random full-sequence control,0,0.9965095986038395,26.9428,27.8092,3.1645,28.512168470152616,26.886853775701503,43.893417884184665,1.2338208301288054,8.91643357998156,0.880908112205999,8.838549716323236,25.82691164981899,1.1282166151611928,26.970116231677444,1.133640288248953
953,r_k03_0052_d04_d21_d27,"4,21,27",budget-matched cardinality-stratified random full-sequence control,0,0.9965095986038395,26.964,28.0575,2.4609,28.900572814426745,27.94558948896179,48.019198764704385,1.2179233969062158,10.43051721117996,0.8989055802420826,9.493782550610023,26.782866676162943,1.0995362920607414,26.976556114141438,1.1110262672595153
954,g_s01_k03_from_d33_d52_add_d30,"30,33,52",direct full-sequence ATE forward-greedy trial,0,0.9965095986038395,26.977400000000003,27.743499999999997,2.1825,27.379030216105306,26.159070939275463,44.662230880104,1.2133268718679726,9.598004294279152,0.6505931743721045,5.787022480389036,25.643745627477465,1.078953113752269,27.00122403469944,1.0889196973744515
955,g_s03_k03_from_d23_d59_add_d29,"23,29,59",direct full-sequence ATE forward-greedy trial,0,0.9965095986038395,27.0075,27.7372,2.4752,28.57759010186946,27.645847901932292,42.72827729449899,1.3382040085202294,12.597982830745785,0.8458868032397577,7.465035674140692,25.917994001637368,1.1330621138247048,27.026902669234087,1.1303195077147121
956,g_pair_seed_sweep_d05_d56,"5,56",exhaustive two-channel full-sequence seed sweep (all_singletons_failed),0,0.9965095986038395,27.008599999999998,28.612900000000003,2.4914,28.32957200010317,26.711098887067493,51.448839341782424,1.6252317839077732,19.784545366197438,1.1403368779607177,15.859928633569355,26.444001730977217,1.0339776414051243,26.96750875215916,1.0471686987251534
957,r_k03_0034_d02_d11_d55,"2,11,55",budget-matched cardinality-stratified random full-sequence control,0,0.9965095986038395,27.014899999999997,28.5501,2.7293000000000003,30.241879092926354,28.121365831884425,59.314937127910184,1.462334132843365,18.007323704007685,1.0050191260469858,15.04862667461182,26.941604259575914,1.1283211281699823,27.017049741343378,1.1397079141986408
958,r_k05_0132_d09_d11_d23_d44_d45,"9,11,23,44,45",budget-matched cardinality-stratified random full-sequence control,0,0.9965095986038395,27.0422,29.483900000000002,3.4250000000000003,30.836767643769598,28.718058782065835,54.56733764037969,1.7053737157317208,22.452916815702952,1.0175130803515713,13.701858242709822,27.420807410970305,1.1174382317964588,27.015917966641045,1.1354531140290778
959,g_pair_seed_sweep_d26_d28,"26,28",exhaustive two-channel full-sequence seed sweep (all_singletons_failed),0,0.9965095986038395,27.047500000000003,27.4427,2.3042,27.40857969770622,26.982697943483068,36.46330547608037,1.6802072177564686,24.073217540043316,0.8817792811009039,10.04103220398335,26.606898294089003,1.0497585124296636,27.066726358940862,1.0639296043457038
960,r_k04_0146_d12_d20_d21_d57,"12,20,21,57",budget-matched cardinality-stratified random full-sequence control,0,0.9965095986038395,27.0589,28.4852,2.682,28.835352013761316,27.34995585535105,55.36858414541962,1.5976676401487027,25.54220846955213,1.005158418468792,16.711329738156582,26.46829552370295,1.0806983373997232,27.062011477247644,1.0922136115063128
961,r_k06_0052_d01_d32_d39_d48_d53_d62,"1,32,39,48,53,62",budget-matched cardinality-stratified random full-sequence control,0,0.9965095986038395,27.0618,28.8991,2.9401,29.681913259459456,27.56029136833596,62.74275474305413,1.3959207856597773,16.032105414637325,0.8552521822264162,9.663602118123727,26.72829536554004,1.101204384609445,27.052178512886684,1.1172398351570305
962,r_k05_0100_d06_d07_d30_d61_d63,"6,7,30,61,63",budget-matched cardinality-stratified random full-sequence control,0,0.9965095986038395,27.0663,27.9347,3.4882999999999997,28.580743001748477,26.6704731025252,45.729685817081425,1.4138823410870396,15.867475553451024,0.85716297850969,9.306017989769725,25.455662064011996,1.1413703317766792,27.091116535048943,1.1424818966540733
963,r_k05_0058_d03_d14_d19_d35_d61,"3,14,19,35,61",budget-matched cardinality-stratified random full-sequence control,0,0.9965095986038395,27.0774,28.726000000000003,3.3632000000000004,32.151666062892645,30.462377938084256,55.96972909275949,1.5576642749873673,19.838362732439258,0.9551894482824881,8.345777482762706,28.525458978982815,1.1692745746709605,27.053681831027188,1.203810926878647
964,r_k05_0197_d17_d37_d41_d48_d52,"17,37,41,48,52",budget-matched cardinality-stratified random full-sequence control,0,0.9965095986038395,27.1094,27.6015,2.2576,28.697724098720094,27.785774197408557,41.44046548986681,1.2605960430933039,16.561510273869693,0.8228940428829468,9.711910795410938,25.964620967870918,1.1444275116521379,27.126188039429856,1.134642746195366
965,r_k06_0192_d15_d16_d27_d28_d36_d45,"15,16,27,28,36,45",budget-matched cardinality-stratified random full-sequence control,0,0.9965095986038395,27.118100000000002,27.886,2.4112,28.58346397797835,27.422992717664073,44.296119742788676,1.3543230513032196,14.796694029142632,0.7588479286219031,7.6517257685187055,25.79108265265624,1.1351131954528937,27.132941525093706,1.1342341833344014
966,g_pair_seed_sweep_d08_d31,"8,31",exhaustive two-channel full-sequence seed sweep (all_singletons_failed),0,0.9965095986038395,27.138,27.7163,2.6454999999999997,28.565147882502412,27.298036344901107,44.398141653899295,1.3983342073071794,12.540846408441375,0.8210754549546387,8.82597124164652,26.08199847770873,1.1268074231128418,27.165375203082544,1.1301862572378878
967,g_s01_k06_from_d29_d31_d33_d52_d55_add_d60,"29,31,33,52,55,60",direct full-sequence ATE forward-greedy trial,0,0.9965095986038395,27.1435,27.5196,2.1679,27.48995019233234,26.62091483728297,40.92067440442036,1.1165981860235021,9.852527072371325,0.6658632524364871,6.4393401582065035,25.623265761115093,1.1069797410119429,27.173761875461437,1.107405111439396
968,r_k03_0204_d23_d45_d60,"23,45,60",budget-matched cardinality-stratified random full-sequence control,0,0.9965095986038395,27.1658,27.4573,2.6154,27.445990565404678,27.031730658408094,37.331113140232816,1.186738223713594,13.71524859665847,0.6856672799215895,7.60362991508454,26.338852844178067,1.0780163199576547,27.19059408178024,1.087908657985323
969,r_k06_0100_d05_d16_d18_d27_d37_d56,"5,16,18,27,37,56",budget-matched cardinality-stratified random full-sequence control,0,0.9965095986038395,27.1937,27.755200000000002,2.25,27.862111514491893,26.833132724032165,43.811912299815305,1.1894697985036191,13.821260023317608,0.6275574329474618,3.6675366261714486,25.62681256037432,1.115771438954322,27.21684455250423,1.1172876933932117
970,g_pair_seed_sweep_d30_d63,"30,63",exhaustive two-channel full-sequence seed sweep (all_singletons_failed),0,0.9965095986038395,27.1975,28.4237,2.2643,30.401509897520523,28.642928393162382,47.58334962697223,1.4817007372547644,16.893084095305056,0.9397574573537998,10.330212589529841,28.8933634442367,0.956576565238856,27.178623186033747,0.9869580300498004
971,r_k05_0098_d05_d36_d41_d48_d63,"5,36,41,48,63",budget-matched cardinality-stratified random full-sequence control,0,0.9965095986038395,27.207900000000002,28.4846,2.9029,31.649731117538764,29.460648980396513,59.887210260432575,1.5638193134686142,14.233541879672945,1.1418517391909369,12.353667797207969,28.14495217001302,1.1690322366601922,27.215040638197863,1.1975761811998176
972,g_pair_seed_sweep_d25_d46,"25,46",exhaustive two-channel full-sequence seed sweep (all_singletons_failed),0,0.9965095986038395,27.2198,29.9493,2.7269,29.701239291157076,26.88388420133463,56.13258334116077,1.6699102684620795,26.569944871551943,1.080391197553074,20.886168023855628,26.839876262263907,1.009684386893794,27.193378624079163,1.0344827327493398
973,g_pair_seed_sweep_d01_d29,"1,29",exhaustive two-channel full-sequence seed sweep (all_singletons_failed),0,0.9965095986038395,27.2308,28.065800000000003,2.8717,27.557212034006124,26.572700442445235,42.1462492896401,1.4909117721112297,17.033320925874555,0.9623578074653555,11.23495447500989,25.897003756009052,1.0799830997345434,27.26146956415586,1.0751185580968774
974,g_pair_seed_sweep_d27_d28,"27,28",exhaustive two-channel full-sequence seed sweep (all_singletons_failed),0,0.9965095986038395,27.2708,28.828799999999998,5.6956,32.590967441777885,29.713562820655003,78.10719919738513,4.507614719366513,82.43247768373674,5.443471219721756,127.25575081912703,29.720264150689896,0.9992643339422995,27.298687396856923,1.0502146941669974
975,g_pair_seed_sweep_d11_d57,"11,57",exhaustive two-channel full-sequence seed sweep (all_singletons_failed),0,0.9965095986038395,27.2762,28.2023,1.9137000000000002,26.901099318074117,25.686323684796943,42.47931783931869,1.5225550557671024,18.399963728837566,0.9688819713877538,11.602200946180282,25.60912467475121,1.0199573307967353,27.313857864992613,1.0240890221142334
976,r_k05_0180_d14_d32_d33_d35_d40,"14,32,33,35,40",budget-matched cardinality-stratified random full-sequence control,0,0.9965095986038395,27.289099999999998,29.7971,2.5696,31.073667585059383,29.30177804546498,61.02495743374775,1.4020091016364018,12.081096455130206,0.7605204249074881,4.727130668353022,28.30729391439905,1.0841528992098344,27.269640090394514,1.1104478868981527
977,g_pair_seed_sweep_d20_d32,"20,32",exhaustive two-channel full-sequence seed sweep (all_singletons_failed),0,0.9965095986038395,27.2938,28.3694,2.7318,28.5098243103637,27.201025542260272,43.39572666144693,1.7384649815054374,32.1266898296671,0.7344342406039456,6.906550468761382,25.804853137859563,1.117956057253081,27.322660553934607,1.108906010741988
978,g_pair_seed_sweep_d19_d46,"19,46",exhaustive two-channel full-sequence seed sweep (all_singletons_failed),0,0.9965095986038395,27.299200000000003,27.9418,2.0903,28.11569031314146,27.45827893393027,40.192527882876085,1.1958066572199189,8.976171442996067,0.6759479537968832,5.467097515423086,26.85916466933912,1.0659459198191548,27.31660563834482,1.087196391136224
979,g_pair_seed_sweep_d01_d34,"1,34",exhaustive two-channel full-sequence seed sweep (all_singletons_failed),0,0.9965095986038395,27.3059,28.349999999999998,3.0141,27.82306360304288,26.22816870043179,44.816042058454094,1.1828471080680036,9.357271309498529,0.6734833686589421,5.578777106874493,25.45538019176042,1.094915892044337,27.321653844929795,1.1007655336417403
980,g_s02_k04_from_d26_d51_d63_add_d62,"26,51,62,63",direct full-sequence ATE forward-greedy trial,0,0.9965095986038395,27.3084,27.827099999999998,2.8431,27.681494825429215,26.893207771172673,42.95072830591482,1.2155525226887378,9.283697099035729,0.8900744856171493,8.83791128695499,26.02029243238539,1.0942908377004525,27.34576991067114,1.0894454491005958
981,g_pair_seed_sweep_d22_d37,"22,37",exhaustive two-channel full-sequence seed sweep (all_singletons_failed),0,0.9965095986038395,27.328200000000002,28.746899999999997,2.8479,29.935864682154907,27.90287858392367,51.257753052788246,1.573333799202312,25.037651086794337,0.724211057830458,5.9398760722562995,25.038971909652137,1.18359576401634,27.353927229453895,1.1842998996336764
982,r_k06_0098_d05_d14_d21_d23_d36_d42,"5,14,21,23,36,42",budget-matched cardinality-stratified random full-sequence control,0,0.9965095986038395,27.3283,29.332399999999996,2.9027000000000003,29.828072124220423,28.26593670010922,57.10902104639701,1.5396838299732751,19.00815881178434,0.8015192219762708,9.160145994759992,27.783583393878448,1.0481963866257111,27.28411714120264,1.0776555367135203
983,r_k05_0154_d10_d32_d40_d47_d51,"10,32,40,47,51",budget-matched cardinality-stratified random full-sequence control,0,0.9965095986038395,27.342,28.198099999999997,2.3159,28.252475176178994,27.011562519053268,44.63530211049764,1.1798696987978345,6.847515367625469,0.6691643999575463,4.583818166315975,26.15467586844349,1.0971232776790574,27.356554930331022,1.107523107793136
984,g_s02_k04_from_d26_d51_d63_add_d36,"26,36,51,63",direct full-sequence ATE forward-greedy trial,0,0.9965095986038395,27.3579,28.0343,2.7272000000000003,28.094724015290005,27.414032026684975,40.99691964370075,1.1135356550862896,6.662109324035886,0.7714860676538584,6.74535516068795,26.48582599169761,1.086977294709759,27.391828287645776,1.0868890598214902
985,g_s02_k04_from_d26_d51_d63_add_d38,"26,38,51,63",direct full-sequence ATE forward-greedy trial,0,0.9965095986038395,27.3579,28.0343,2.7272000000000003,28.094724015290005,27.414032026684975,40.99691964370075,1.1135356550862896,6.662109324035886,0.7714860676538584,6.74535516068795,26.48582599169761,1.086977294709759,27.391828287645776,1.0868890598214902
986,g_s02_k04_from_d26_d51_d63_add_d48,"26,48,51,63",direct full-sequence ATE forward-greedy trial,0,0.9965095986038395,27.3579,28.0343,2.7272000000000003,28.094724015290005,27.414032026684975,40.99691964370075,1.1135356550862896,6.662109324035886,0.7714860676538584,6.74535516068795,26.48582599169761,1.086977294709759,27.391828287645776,1.0868890598214902
987,g_s04_k03_from_d20_d26_add_d55,"20,26,55",direct full-sequence ATE forward-greedy trial,0,0.9965095986038395,27.374599999999997,27.793699999999998,2.7195,27.61469600649541,26.970650972695232,39.46870740409547,2.0726941107455046,40.755067636700694,1.176422876151421,21.78897985932232,26.807735042479518,1.0498644558669696,27.40578888542899,1.0562375542222504
988,r_k05_0080_d05_d06_d13_d34_d44,"5,6,13,34,44",budget-matched cardinality-stratified random full-sequence control,0,0.9965095986038395,27.3826,27.9974,3.2457,29.049604130385774,27.884955435809434,43.80425912880773,1.6552070288774934,25.230032196279563,1.1143501862505862,18.43724140849605,26.9286573437588,1.1217878640021615,27.38963444669847,1.123032723062148
989,g_s01_k04_from_d29_d33_d52_add_d57,"29,33,52,57",direct full-sequence ATE forward-greedy trial,0,0.9965095986038395,27.391,27.750000000000004,3.1336999999999997,27.671053293605834,27.0058375905522,39.98359478071846,1.1727582609150757,11.3763972145428,0.7355099752464013,6.4398253280573785,26.170172244627825,1.0954965927702496,27.41311301294821,1.093238724299342
990,g_s02_k03_from_d26_d51_add_d12,"12,26,51",direct full-sequence ATE forward-greedy trial,0,0.9965095986038395,27.3916,28.101799999999997,2.7928,28.105711225588813,27.23181700794381,43.69993157650461,1.2842418221756926,14.63153102037585,0.8704117193182506,8.46342256461311,26.206726308185317,1.1005287637813086,27.429280137174285,1.0968092443601791
991,r_k05_0144_d10_d14_d20_d46_d55,"10,14,20,46,55",budget-matched cardinality-stratified random full-sequence control,0,0.9965095986038395,27.4131,29.109299999999998,2.4049,30.08426571168879,28.930353369777624,49.243841983563605,1.4814728412490006,14.065046365631614,0.8215313473728049,8.519197449312147,28.478457368671055,1.0433353917883126,27.36513774745546,1.0719744891041325
992,g_s04_k03_from_d20_d26_add_d12,"12,20,26",direct full-sequence ATE forward-greedy trial,0,0.9965095986038395,27.415499999999998,27.9081,2.8404,28.042506387630763,27.26449679070631,42.14350689607727,1.5544527511235275,23.847105075593642,1.0449996641912545,14.338887074326372,26.326488417986603,1.1004111314610179,27.447146840692927,1.0904095968824605
993,g_s01_k06_from_d29_d31_d33_d52_d55_add_d26,"26,29,31,33,52,55",direct full-sequence ATE forward-greedy trial,0,0.9965095986038395,27.4333,28.0084,2.1742,27.59654851542849,26.91701760309281,41.05808749521109,1.088653494222411,8.732709268536338,0.6535985456963304,5.843141793049714,26.306102555475047,1.0692066920143946,27.46536173305555,1.0699731023839436
994,r_k03_0121_d10_d34_d41,"10,34,41",budget-matched cardinality-stratified random full-sequence control,0,0.9965095986038395,27.439700000000002,28.191699999999997,2.1682,27.941377197455903,26.894402618681333,43.44327974172715,1.3220891470416845,15.390288970170948,0.6922073539304576,6.3414806287875765,25.97442642692004,1.0943725953376016,27.46983770201359,1.1013857370647364
995,g_pair_seed_sweep_d01_d26,"1,26",exhaustive two-channel full-sequence seed sweep (all_singletons_failed),0,0.9965095986038395,27.460600000000003,28.6952,4.8762,30.791214252557747,28.386131198371512,74.93639997755908,3.79131210426875,76.70258787615745,4.87927246377385,112.48823088732462,28.179479079502666,1.0309121106151031,27.505305491112004,1.0764394471636507
996,r_k06_0121_d07_d08_d17_d45_d47_d60,"7,8,17,45,47,60",budget-matched cardinality-stratified random full-sequence control,0,0.9965095986038395,27.476499999999998,27.8654,2.3328,28.721645639386217,27.89391366983207,43.8242773196723,1.1786791178056022,6.014815422471605,0.7151365320842212,3.960650537393984,26.380726172044266,1.1350702099148355,27.492521378569545,1.1432104792022348
997,r_k04_0203_d23_d31_d48_d49,"23,31,48,49",budget-matched cardinality-stratified random full-sequence control,0,0.9965095986038395,27.4907,27.9307,2.1997,28.01182143701751,27.27685444291347,39.87715546921835,1.1512180603264348,9.540547754977496,0.7537369032522435,5.500657493203931,26.07057946914772,1.1106439900208929,27.510610067654813,1.105098723341221
998,r_k05_0232_d29_d31_d41_d44_d52,"29,31,41,44,52",budget-matched cardinality-stratified random full-sequence control,0,0.9965095986038395,27.4978,30.4603,3.1052,29.906896737474863,27.39358317744525,59.064672060117594,1.7173277045787458,26.845330617692394,1.0731740728370933,19.90420470556317,27.076144174683265,1.0439273016121626,27.45241165956344,1.063463590927166
999,g_s02_k04_from_d26_d51_d63_add_d02,"2,26,51,63",direct full-sequence ATE forward-greedy trial,0,0.9965095986038395,27.511200000000002,28.193099999999998,2.7396,28.22940488014605,27.539751367111187,41.28628402001831,1.1214182870996616,6.796798419262045,0.7732416545382801,6.747127903971031,26.641900850416096,1.0853584725257217,27.54542682754279,1.0853220964798413
1000,g_s02_k04_from_d26_d51_d63_add_d04,"4,26,51,63",direct full-sequence ATE forward-greedy trial,0,0.9965095986038395,27.511200000000002,28.193099999999998,2.7396,28.22940488014605,27.539751367111187,41.28628402001831,1.1214182870996616,6.796798419262045,0.7732416545382801,6.747127903971031,26.641900850416096,1.0853584725257217,27.54542682754279,1.0853220964798413
1001,g_s02_k04_from_d26_d51_d63_add_d07,"7,26,51,63",direct full-sequence ATE forward-greedy trial,0,0.9965095986038395,27.511200000000002,28.193099999999998,2.7396,28.22940488014605,27.539751367111187,41.28628402001831,1.1214182870996616,6.796798419262045,0.7732416545382801,6.747127903971031,26.641900850416096,1.0853584725257217,27.54542682754279,1.0853220964798413
1002,g_s02_k04_from_d26_d51_d63_add_d09,"9,26,51,63",direct full-sequence ATE forward-greedy trial,0,0.9965095986038395,27.511200000000002,28.193099999999998,2.7396,28.22940488014605,27.539751367111187,41.28628402001831,1.1214182870996616,6.796798419262045,0.7732416545382801,6.747127903971031,26.641900850416096,1.0853584725257217,27.54542682754279,1.0853220964798413
1003,g_s02_k04_from_d26_d51_d63_add_d13,"13,26,51,63",direct full-sequence ATE forward-greedy trial,0,0.9965095986038395,27.511200000000002,28.193099999999998,2.7396,28.22940488014605,27.539751367111187,41.28628402001831,1.1214182870996616,6.796798419262045,0.7732416545382801,6.747127903971031,26.641900850416096,1.0853584725257217,27.54542682754279,1.0853220964798413
1004,g_pair_seed_sweep_d39_d52,"39,52",exhaustive two-channel full-sequence seed sweep (all_singletons_failed),0,0.9965095986038395,27.5136,28.3181,2.2459,27.736114596966033,26.90372739157218,42.74237613421894,1.6488369264328377,18.306792270776825,1.0408980337567724,11.84736845272112,26.725326951387018,1.0310427038767864,27.529443305155908,1.044757601550009
1005,g_s03_k03_from_d23_d59_add_d12,"12,23,59",direct full-sequence ATE forward-greedy trial,0,0.9965095986038395,27.5188,28.985699999999998,2.3457,29.66521227042223,28.360575367668023,48.16895665541959,1.3037614403297928,12.000462755255384,0.8633612101259883,7.2891924432449695,27.170735094460387,1.100135175404809,27.542800741260187,1.1049264561367176
1006,swap_k04_0086_d15_d26_d28_d34,"15,26,28,34",one-channel swap audit around provisional greedy endpoint,0,0.9965095986038395,27.521600000000003,28.216,2.4333,27.5558166226323,26.723338445278138,42.32581661317914,1.1431562072134023,11.237743470737044,0.6941828451707749,7.379509520105593,26.132617744666515,1.0685282920361554,27.55780011710488,1.0711412593634018
1007,r_k05_0117_d08_d13_d42_d44_d61,"8,13,42,44,61",budget-matched cardinality-stratified random full-sequence control,0,0.9965095986038395,27.5217,29.524800000000003,2.5834,30.968310366073105,29.448516809839052,55.45208238722068,1.4781873443540392,10.827496046542063,0.8424586993905735,6.5404863609510215,28.43040068976909,1.0896479437253834,27.51756584362307,1.1181080751344703
1008,g_pair_seed_sweep_d20_d52,"20,52",exhaustive two-channel full-sequence seed sweep (all_singletons_failed),0,0.9965095986038395,27.529500000000002,28.0744,1.8606,27.97947994181138,27.034743107429914,43.68537066234871,1.296484231798452,16.55968176102518,0.8503362058019556,11.045522649628722,26.22363397900979,1.096298393278944,27.554678255499844,1.0928655419128062
1009,r_k05_0150_d10_d22_d54_d56_d63,"10,22,54,56,63",budget-matched cardinality-stratified random full-sequence control,0,0.9965095986038395,27.537899999999997,28.5157,3.5244,29.129836316529918,27.25159392376204,48.4209404169189,1.5675324719619097,18.76241152390193,0.9595678825699754,11.505784445311955,26.00403898291741,1.1369560966470864,27.559553711951207,1.1347391347519593
1010,g_pair_seed_sweep_d06_d08,"6,8",exhaustive two-channel full-sequence seed sweep (all_singletons_failed),0,0.9965095986038395,27.557900000000004,29.012500000000003,2.2942,31.256834419205987,30.010321251040544,50.9361086697369,1.3705806254870967,6.666369027333557,0.8060001229968297,6.880056323879652,29.824471748007237,1.0249779629299614,27.566459817910786,1.064821368233024
1011,g_s02_k05_from_d24_d26_d51_d63_add_d35,"24,26,35,51,63",direct full-sequence ATE forward-greedy trial,0,0.9965095986038395,27.5775,28.458,2.0946,28.06890689768855,27.25415158413329,41.0210018758061,1.1226435279379796,9.927937838138927,0.7091187777703676,6.345880026456543,26.60284179119687,1.0655355797658668,27.610822597084784,1.0688005055232506
1012,r_k06_0015_d00_d09_d17_d34_d40_d50,"0,9,17,34,40,50",budget-matched cardinality-stratified random full-sequence control,0,0.9965095986038395,27.5777,28.754400000000004,3.2045,30.08734651819951,28.470807863262653,47.09676865743261,1.4815171563669032,16.613775824328613,1.0479654141770116,14.928244300693974,26.925585373349914,1.1418088069576866,27.588823373435194,1.1695985141958625
1013,g_pair_seed_sweep_d42_d49,"42,49",exhaustive two-channel full-sequence seed sweep (all_singletons_failed),0,0.9965095986038395,27.581699999999998,30.7051,7.749300000000001,42.38361398175719,32.404909464358425,153.52956214914016,6.3501362930499905,146.15444351238796,3.6329011562623514,81.95601612759926,33.723341502993435,0.9023437377483882,27.60665393917184,1.0439785397809713
1014,g_s04_k04_from_d20_d26_d34_add_d30,"20,26,30,34",direct full-sequence ATE forward-greedy trial,0,0.9965095986038395,27.589399999999998,28.0308,2.8876,28.151074813287195,27.280550058608544,41.64298913897974,1.1616904548272096,9.245167067205658,0.7299103782301716,6.755604462031131,26.39660800777629,1.1017411536731596,27.618670013946485,1.1039853883449995
1015,r_k05_0008_d00_d09_d10_d45_d61,"0,9,10,45,61",budget-matched cardinality-stratified random full-sequence control,0,0.9965095986038395,27.5964,29.7983,3.0591,30.595389926834905,28.67979282072075,58.55398418881783,1.5932973073928527,21.264319502848235,0.8980975100112721,11.255281828247844,28.225575750424674,1.0465719364995751,27.583379149020537,1.0722792434033708
1016,r_k04_0097_d06_d17_d19_d62,"6,17,19,62",budget-matched cardinality-stratified random full-sequence control,0,0.9965095986038395,27.6046,28.2343,3.2131,29.087533175676217,27.896620620484658,44.94434411661271,1.2848181594367036,12.51954125284834,0.7756248171420821,5.699264963070565,26.324245038913624,1.1460217367612793,27.63147429510542,1.143648640063146
1017,g_pair_seed_sweep_d21_d46,"21,46",exhaustive two-channel full-sequence seed sweep (all_singletons_failed),0,0.9965095986038395,27.607799999999997,30.174899999999997,4.2451,32.14060257120182,28.937803714205756,66.61202093572786,3.2719999445267476,59.755220781195085,2.7108332143545293,58.71825912763984,29.0293246322177,0.9735842746642841,27.591438112639878,1.017564386642874
1018,g_s01_k04_from_d29_d33_d52_add_d14,"14,29,33,52",direct full-sequence ATE forward-greedy trial,0,0.9965095986038395,27.610200000000003,29.181600000000003,2.6172,29.910931470091562,28.836423869994142,57.14177820209373,1.4818221970967336,12.919823438362718,0.8239967043291974,7.4770944282462555,28.61510959580823,1.0214138914721074,27.576194776561703,1.057200159013298
1019,r_k05_0077_d04_d18_d19_d34_d51,"4,18,19,34,51",budget-matched cardinality-stratified random full-sequence control,0,0.9965095986038395,27.6423,30.049999999999997,6.4513,37.61953555411835,32.934885884977774,102.55240359070224,4.055210414482951,88.04071386384629,4.128483030610863,94.73116830557066,31.74061006332552,1.0763889803120783,27.649324588860686,1.1932111297532035
1020,r_k03_0042_d03_d16_d22,"3,16,22",budget-matched cardinality-stratified random full-sequence control,0,0.9965095986038395,27.6629,28.6536,2.7649,30.644950370211344,28.978933475949137,52.17563325430793,1.4544293780694157,22.106201003488575,0.8004334868007599,4.622755301907095,26.698550726470703,1.180576875940079,27.67859032270233,1.1797454128525877
1021,r_k03_0022_d01_d31_d32,"1,31,32",budget-matched cardinality-stratified random full-sequence control,0,0.9965095986038395,27.681299999999997,28.102,2.2375,27.518484619446106,26.580913024118203,41.75998530401095,1.151329507714619,8.941606193473433,0.657117447303983,5.690109755320475,25.8487462673799,1.089637155227851,27.707149459035957,1.0911859639129655
1022,r_k04_0088_d05_d25_d52_d60,"5,25,52,60",budget-matched cardinality-stratified random full-sequence control,0,0.9965095986038395,27.690900000000003,31.458799999999997,8.5017,44.41093961997861,32.67470388368485,170.02517943137772,7.116332820863834,164.55721401413473,7.486741657923202,174.98279955429055,34.411561663300525,0.8684891248229992,27.723212083241105,1.0255075321304017
1023,r_k04_0175_d16_d28_d61_d63,"16,28,61,63",budget-matched cardinality-stratified random full-sequence control,0,0.9965095986038395,27.6956,28.2062,2.4307,28.800981136835986,27.5115717912228,46.382469338685844,1.2734202731201085,16.380135375110612,0.6413053504517776,4.011037671508163,26.109238505676057,1.1407342427831473,27.721049573414376,1.1453984681827005
1024,r_k06_0233_d33_d35_d46_d47_d51_d52,"33,35,46,47,51,52",budget-matched cardinality-stratified random full-sequence control,0,0.9965095986038395,27.7104,30.5255,3.4087,30.125600891324467,27.548122052668333,59.084877689096736,1.8858692761309865,32.729125271697086,1.0319687842276832,19.03508791528712,27.099576811952126,1.0632991833248393,27.675413346405787,1.0842991356714076
1025,r_k06_0019_d00_d13_d45_d47_d52_d60,"0,13,45,47,52,60",budget-matched cardinality-stratified random full-sequence control,0,0.9965095986038395,27.764499999999998,28.266000000000002,2.4240999999999997,28.78251302293261,27.590023142856683,44.50346336823712,1.134538601079077,6.384038106753436,0.7046152392524435,4.357143751893392,26.576795947196967,1.1222496425246593,27.78545353399134,1.1285763310024628
1026,g_s02_k03_from_d26_d51_add_d19,"19,26,51",direct full-sequence ATE forward-greedy trial,0,0.9965095986038395,27.764499999999998,28.4333,1.9956,28.88615387100957,28.32155586183761,41.00365827924913,1.6256150451389932,20.375548829253916,0.8872325267456508,10.283603293061624,28.24230891853886,0.9693539725000657,27.77944840261693,0.9817425530372179
1027,g_pair_seed_sweep_d19_d45,"19,45",exhaustive two-channel full-sequence seed sweep (all_singletons_failed),0,0.9965095986038395,27.766000000000002,28.8633,2.4756,28.509409966551413,27.435263724899023,44.474968156151924,1.7450955102432835,33.318024754001165,0.6682431580920438,5.590100629035793,27.20975322614172,1.0300645221314055,27.78756824037942,1.0376764850695859
1028,g_pair_seed_sweep_d16_d60,"16,60",exhaustive two-channel full-sequence seed sweep (all_singletons_failed),0,0.9965095986038395,27.7984,28.3126,2.4039,28.844218153479822,27.578244177169857,45.749975193863385,1.2902636140107013,11.147254292638578,0.7428229430588412,6.029592851967104,26.270892764031185,1.1328929545281683,27.822176832462315,1.140738565246941
1029,r_k05_0214_d23_d24_d28_d48_d63,"23,24,28,48,63",budget-matched cardinality-stratified random full-sequence control,0,0.9965095986038395,27.808,28.1771,2.4053,28.370504302265033,27.833263897995202,39.38803751955518,1.2280456727697633,8.233529673260554,0.7465831405064558,5.337353185411198,26.851319035498772,1.0997320893542424,27.834861060813683,1.1039302475459647
1030,g_pair_seed_sweep_d10_d43,"10,43",exhaustive two-channel full-sequence seed sweep (all_singletons_failed),0,0.9965095986038395,27.8173,28.3985,2.2865,27.572496452163985,26.843561370033918,40.91456681342307,1.343467662153292,11.919081946981496,0.9189461150411479,11.227906625448018,26.506610689165317,1.0504125316317703,27.848520765377984,1.0513143642339768
1031,g_s01_k06_from_d29_d31_d33_d52_d55_add_d51,"29,31,33,51,52,55",direct full-sequence ATE forward-greedy trial,0,0.9965095986038395,27.822000000000003,28.2621,2.3355,28.366310644679466,27.372979282072478,42.078889038977266,1.1669997453907999,8.940816897640106,0.6931775127449454,6.266101080140242,26.193752664306057,1.1211617651995074,27.852326858251608,1.1123188880710349
1032,g_s01_k06_from_d29_d31_d33_d52_d55_add_d20,"20,29,31,33,52,55",direct full-sequence ATE forward-greedy trial,0,0.9965095986038395,27.854400000000002,28.6785,2.6749,28.42317287213911,27.34929041765634,42.12339214456936,1.4037165885917116,22.42758392841706,0.6753513086369325,4.356938869758413,26.23636581824623,1.1036529920464888,27.88469482362985,1.096916036783396
1033,g_pair_seed_sweep_d06_d52,"6,52",exhaustive two-channel full-sequence seed sweep (all_singletons_failed),0,0.9965095986038395,27.860699999999998,28.986600000000003,2.4132000000000002,28.655894942076987,27.371171048033954,41.50585995265546,1.7682355317882321,24.126790004533696,0.9185986780795675,14.515799800651216,26.808621877217515,1.0657580525835495,27.880492873301222,1.06189365637798
1034,g_pair_seed_sweep_d28_d56,"28,56",exhaustive two-channel full-sequence seed sweep (all_singletons_failed),0,0.9965095986038395,27.8765,29.151100000000003,2.0856,28.500526595530534,27.08318122578609,41.550950463040955,1.3233311327571713,19.817045926037046,0.611449585260511,3.0631616434286704,26.45320054479312,1.0679682116055365,27.896599168600538,1.0637959030773478
1035,g_pair_seed_sweep_d45_d51,"45,51",exhaustive two-channel full-sequence seed sweep (all_singletons_failed),0,0.9965095986038395,27.8767,30.3412,3.0345,30.182397834600362,27.793441421130478,55.41314205523228,2.2231778263129605,40.25574991351729,1.5122481517437012,26.774613536488893,27.69733195643345,1.0140012629220594,27.872896237208224,1.027647911360096
1036,g_s01_k05_from_d29_d31_d33_d52_add_d42,"29,31,33,42,52",direct full-sequence ATE forward-greedy trial,0,0.9965095986038395,27.895999999999997,28.5648,2.6897,28.80754673482322,27.697349528360593,45.42315605406295,1.4263249468850874,20.343315144485462,1.2501495075071032,25.5518123767484,26.067497291902043,1.133257703265973,27.936430907140526,1.1217633449904145
1037,g_pair_seed_sweep_d16_d34,"16,34",exhaustive two-channel full-sequence seed sweep (all_singletons_failed),0,0.9965095986038395,27.908300000000004,30.3442,1.7041,31.248838920647596,28.93194298259587,52.768019266258335,1.5987300781490643,28.40536040916636,1.1565510649463189,23.03450836857354,29.031419542512488,0.9744263992103493,27.87163474885133,0.9984923616345581
1038,r_k03_0242_d46_d55_d60,"46,55,60",budget-matched cardinality-stratified random full-sequence control,0,0.9965095986038395,27.910400000000003,28.596,2.2086,29.580387999551,28.051638088760576,48.739235080446406,1.3420239319114766,17.640486876923507,0.6608830845515362,4.142023511510108,26.25242637251401,1.1579788102169126,27.929141739571456,1.1616676058407267
1039,r_k06_0160_d10_d19_d28_d40_d46_d62,"10,19,28,40,46,62",budget-matched cardinality-stratified random full-sequence control,0,0.9965095986038395,27.9175,28.9294,3.1059,29.229591773326625,27.839465038076973,47.2759606300308,1.3390725321416967,14.72902875396521,0.6984652246929135,4.6039319322254135,26.66153691381339,1.1183625904122865,27.93604863396593,1.125521886785566
1040,g_pair_seed_sweep_d41_d55,"41,55",exhaustive two-channel full-sequence seed sweep (all_singletons_failed),0,0.9965095986038395,27.937099999999997,28.8902,3.0326,30.075775212279783,28.412148275200593,48.733171413472526,1.8647273012683152,33.111996787340395,0.836806931391696,9.88783609398846,26.23292811973814,1.1706148872858555,27.969478304907465,1.1653684480158748
1041,r_k03_0023_d01_d32_d58,"1,32,58",budget-matched cardinality-stratified random full-sequence control,0,0.9965095986038395,27.9518,29.169,2.8076,29.904149480726943,28.018163133643153,44.56191959331375,1.4802803976966805,23.59875401117031,1.189073872177013,22.229251892452133,26.23561472050346,1.1530271063718682,27.973573228814303,1.1338562885303087
1042,r_k03_0227_d30_d40_d55,"30,40,55",budget-matched cardinality-stratified random full-sequence control,0,0.9965095986038395,28.0093,28.6833,2.4896000000000003,28.947134543733142,28.23191115575043,44.423933281021014,1.296835613630224,6.682372036370168,0.8265882733990707,8.952903733404804,28.230235496600354,1.0004958322281428,28.026168823097024,1.0161348401098351
1043,r_k03_0015_d01_d03_d47,"1,3,47",budget-matched cardinality-stratified random full-sequence control,0,0.9965095986038395,28.0272,28.8483,3.4267,30.659422789855757,28.879940529184857,50.39208956911389,1.5301609053935954,24.902772625532698,1.1685204538723328,20.49333864380915,26.257908811795115,1.19711093251494,28.056937154738414,1.1887678577639216
1044,r_k06_0165_d10_d33_d47_d48_d57_d60,"10,33,47,48,57,60",budget-matched cardinality-stratified random full-sequence control,0,0.9965095986038395,28.0586,28.6952,2.9093999999999998,28.23616344519795,27.201419101160912,44.18866730481069,1.1671936736527115,8.300279074443386,0.6684527601669984,5.3683219169064404,26.501156167856916,1.0890792274683267,28.080301553835852,1.0970930776680914
1045,r_k05_0037_d01_d31_d35_d51_d54,"1,31,35,51,54",budget-matched cardinality-stratified random full-sequence control,0,0.9965095986038395,28.064600000000002,30.0174,2.3052,30.29858698939188,28.05518141257227,62.20783439957418,1.4431416519383957,20.47783613099009,0.953850383235336,12.463045595128014,27.37298744407457,1.0870220119550016,28.074009312259733,1.0955854846489081
1046,g_pair_seed_sweep_d32_d40,"32,40",exhaustive two-channel full-sequence seed sweep (all_singletons_failed),0,0.9965095986038395,28.104499999999998,29.0395,2.6013,28.604225552012046,27.3298111920712,43.45249959694757,1.6175157228232182,24.840405085646648,0.7393868335772155,4.455850486935321,26.408172571793404,1.097286975421184,28.140161331538167,1.0971280443314444
1047,g_pair_seed_sweep_d12_d51,"12,51",exhaustive two-channel full-sequence seed sweep (all_singletons_failed),0,0.9965095986038395,28.1403,29.6622,2.8243,30.79488743427941,28.960843601366975,51.36105513158722,1.5910017130302587,26.763741647333333,1.0907637689105638,17.65031382877462,26.906992678027503,1.1620492135310778,28.181619294048037,1.1621580229036117
1048,g_s04_k03_from_d20_d26_add_d29,"20,26,29",direct full-sequence ATE forward-greedy trial,0,0.9965095986038395,28.1499,28.890300000000003,2.7723999999999998,28.67845184249323,27.933634803823693,40.749685408123135,1.1913427254919913,12.47278474334414,0.7612736670570927,7.091592797920838,27.145114580657147,1.0786735700076937,28.177618942422523,1.0726533155699425
1049,r_k06_0205_d17_d19_d28_d40_d42_d55,"17,19,28,40,42,55",budget-matched cardinality-stratified random full-sequence control,0,0.9965095986038395,28.174300000000002,29.3357,2.4767,28.61970640213257,27.266793479433304,42.50494459073192,1.6072112009918322,28.517227311899614,0.6447970504705341,4.086733849534347,26.607634344455622,1.0758287560254327,28.201379366718815,1.0751446467546215
1050,r_k05_0178_d14_d29_d32_d33_d63,"14,29,32,33,63",budget-matched cardinality-stratified random full-sequence control,0,0.9965095986038395,28.203699999999998,30.109799999999996,2.7883,31.012279934466264,29.807242925845284,52.768053412209696,1.5118615529265511,18.956125646650538,0.8308675627706373,10.72590288555887,29.127606558323304,1.0637788477130024,28.149861746241868,1.098983700126729
1051,r_k05_0050_d02_d37_d39_d47_d53,"2,37,39,47,53",budget-matched cardinality-stratified random full-sequence control,0,0.9965095986038395,28.217,30.501499999999997,2.8419,30.809891720569727,28.529306793775415,62.09517393378573,1.833170842757962,32.16293739566094,1.1102977925835888,19.009043986114623,27.541536735474704,1.089879389372574,28.203489298875983,1.1042066882031456
1052,g_pair_seed_sweep_d06_d41,"6,41",exhaustive two-channel full-sequence seed sweep (all_singletons_failed),0,0.9965095986038395,28.2385,29.157,2.3272999999999997,29.143119268125833,27.61129156142709,46.98253533216922,1.4632604225159354,15.975049975405572,0.8824771657560656,10.403265347593075,26.35258409894188,1.1264343239560755,28.268051879961494,1.1281798831537397
1053,g_s01_k03_from_d33_d52_add_d12,"12,33,52",direct full-sequence ATE forward-greedy trial,0,0.9965095986038395,28.255599999999998,31.815700000000003,2.6783,31.802966406299593,28.815543387858504,69.19699084193303,1.8282831097755168,31.6009390738482,1.4306631594425536,24.026765274399246,28.686481958054294,0.9716267099355876,28.20751514037079,0.9966746634382021
1054,r_k05_0023_d01_d04_d17_d30_d43,"1,4,17,30,43",budget-matched cardinality-stratified random full-sequence control,0,0.9965095986038395,28.262700000000002,29.5605,3.2066,28.882664463505265,27.153310323991192,42.00622677468569,1.2980910025954546,11.013773535196819,0.83951259496578,7.702146629539987,26.428899979135938,1.093347733865322,28.282812447497534,1.09250826262961
1055,g_pair_seed_sweep_d19_d28,"19,28",exhaustive two-channel full-sequence seed sweep (all_singletons_failed),0,0.9965095986038395,28.277400000000004,29.225099999999998,3.02,28.62968551443557,27.27027374838351,43.20692665991332,2.05622592003386,40.46280876729283,0.7337084309977518,8.048753160622356,26.758316851852914,1.0787020998612469,28.304118827330637,1.0835118400101027
1056,r_k03_0217_d27_d41_d46,"27,41,46",budget-matched cardinality-stratified random full-sequence control,0,0.9965095986038395,28.2939,29.063299999999998,2.7099,29.418799882426388,28.025110184381894,47.09455941986589,1.5162628595224212,26.17649868209286,0.644296107258055,4.026793524697716,26.563979375620644,1.138764909207097,28.318865074193795,1.1387139220571862
1057,g_pair_seed_sweep_d11_d31,"11,31",exhaustive two-channel full-sequence seed sweep (all_singletons_failed),0,0.9965095986038395,28.3518,28.998800000000003,2.2081,28.127882549159626,27.23951767157211,42.35013760831277,1.4471630709094687,21.102763842740362,0.9099361379089715,12.178584758331095,26.82365522574704,1.0620143510436246,28.385055787513963,1.0659295127774187
1058,g_pair_seed_sweep_d28_d42,"28,42",exhaustive two-channel full-sequence seed sweep (all_singletons_failed),0,0.9965095986038395,28.3546,29.343799999999998,2.3351,28.33468613617504,27.107987645506075,43.14883187397175,1.5520968623149496,19.862757729022064,0.8463692314339835,8.698516004875897,26.412027977255548,1.0712965029907766,28.388247142254823,1.0640657745625908
1059,resnet_conv1_all64,"0,1,2,3,4,5,6,7,8,9,10,11,12,13,14,15,16,17,18,19,20,21,22,23,24,25,26,27,28,29,30,31,32,33,34,35,36,37,38,39,40,41,42,43,44,45,46,47,48,49,50,51,52,53,54,55,56,57,58,59,60,61,62,63",unselected ResNet Conv1 all64-channel control,0,0.9965095986038395,28.3611,29.5648,3.2208,29.699154016829937,28.382077467094845,45.924354107323865,1.3212819739180521,9.873358972708324,0.7603493380992679,5.976753709195276,27.266206017152616,1.1021789415499863,28.3834013038615,1.1060269671243055
1060,resnet_conv1_all64,"0,1,2,3,4,5,6,7,8,9,10,11,12,13,14,15,16,17,18,19,20,21,22,23,24,25,26,27,28,29,30,31,32,33,34,35,36,37,38,39,40,41,42,43,44,45,46,47,48,49,50,51,52,53,54,55,56,57,58,59,60,61,62,63",final repeat validation for resnet_conv1_all64,1,0.9965095986038395,28.3611,29.5648,3.2208,29.699154016829937,28.382077467094845,45.924354107323865,1.3212819739180521,9.873358972708324,0.7603493380992679,5.976753709195276,27.266206017152616,1.1021789415499863,28.3834013038615,1.1060269671243055
1061,resnet_conv1_all64,"0,1,2,3,4,5,6,7,8,9,10,11,12,13,14,15,16,17,18,19,20,21,22,23,24,25,26,27,28,29,30,31,32,33,34,35,36,37,38,39,40,41,42,43,44,45,46,47,48,49,50,51,52,53,54,55,56,57,58,59,60,61,62,63",final repeat validation for resnet_conv1_all64,2,0.9965095986038395,28.3611,29.5648,3.2208,29.699154016829937,28.382077467094845,45.924354107323865,1.3212819739180521,9.873358972708324,0.7603493380992679,5.976753709195276,27.266206017152616,1.1021789415499863,28.3834013038615,1.1060269671243055
1062,g_s02_k04_from_d26_d51_d63_add_d03,"3,26,51,63",direct full-sequence ATE forward-greedy trial,0,0.9965095986038395,28.401,29.1085,2.7897000000000003,28.930385960182832,28.214102181471173,42.552755328515076,1.160377657601569,9.338818510315642,0.776606941052866,7.256343519439072,27.46828607228973,1.0778223959355657,28.435943948748598,1.0772179430124695
1063,r_k03_0226_d29_d60_d61,"29,60,61",budget-matched cardinality-stratified random full-sequence control,0,0.9965095986038395,28.435700000000004,29.761300000000002,3.4717,30.05751746955872,28.6343308064591,55.93428433853064,2.2496137490597654,44.64249338369456,1.2845272747345267,23.938925622898527,27.534822452704493,1.0986786211772464,28.436159713403235,1.1050254175799794
1064,g_s03_k03_from_d23_d59_add_d60,"23,59,60",direct full-sequence ATE forward-greedy trial,0,0.9965095986038395,28.4367,29.741600000000002,2.2274,28.921140671926178,27.644601564266715,43.33413855848806,1.2045213672975832,15.35861265103368,0.7368065747272665,9.181330031416438,27.120521314865904,1.0501080702061742,28.46975468560246,1.0466928467652408
1065,r_k05_0175_d14_d24_d35_d51_d61,"14,24,35,51,61",budget-matched cardinality-stratified random full-sequence control,0,0.9965095986038395,28.451900000000002,30.392799999999998,2.7664999999999997,31.56812603858598,30.36074403419165,52.97949237414174,1.493957019291502,16.724819002494552,0.8753407372463201,9.716531080712013,29.3624345031498,1.087110608977821,28.396320137080693,1.1220240699809148
1066,g_pair_seed_sweep_d50_d63,"50,63",exhaustive two-channel full-sequence seed sweep (all_singletons_failed),0,0.9965095986038395,28.475299999999997,30.89,2.5339,32.50709983992946,30.26029701981289,59.077020645595525,1.4475404888614736,12.724824706606794,0.9460742706415359,9.345690425600898,30.331528114094674,0.9924353316956411,28.42778260656819,1.0328143381234836
1067,g_pair_seed_sweep_d37_d49,"37,49",exhaustive two-channel full-sequence seed sweep (all_singletons_failed),0,0.9965095986038395,28.4973,29.3512,2.6442,29.342384350736385,28.48931010485633,43.42928655824121,1.556918797875296,26.407822666246812,0.9140168448245422,15.929095297559009,27.991389871655375,1.0575594441368117,28.5112542375606,1.075948970448802
1068,g_s03_k04_from_d23_d24_d59_add_d54,"23,24,54,59",direct full-sequence ATE forward-greedy trial,0,0.9965095986038395,28.499999999999996,29.138199999999998,2.879,30.888606658362704,29.17359451437966,50.53813287736696,1.9798990108544812,31.810313118064464,1.4479193299974389,22.966864258475802,26.371241868857563,1.202874466375444,28.527938915735984,1.2115655119306685
1069,r_k04_0186_d18_d32_d47_d62,"18,32,47,62",budget-matched cardinality-stratified random full-sequence control,0,0.9965095986038395,28.5119,29.146300000000004,3.0691,30.412129060239263,28.985752029659267,49.37205343696922,1.3753896126204417,16.360929609209762,0.817536499436407,6.632809170126437,26.782281654595018,1.1779317820352126,28.539174349770086,1.1745745028712713
1070,r_k03_0188_d19_d29_d44,"19,29,44",budget-matched cardinality-stratified random full-sequence control,0,0.9965095986038395,28.512700000000002,30.4272,3.9903,31.989621517729628,30.520810413506677,46.68330825886522,1.7761373401326126,24.661845909135835,1.114549045831239,16.808896213111346,28.936594284501748,1.13683563573745,28.49868214234942,1.1529999587726603
1071,r_k04_0230_d28_d45_d50_d60,"28,45,50,60",budget-matched cardinality-stratified random full-sequence control,0,0.9965095986038395,28.524300000000004,29.365999999999996,2.0742,28.74717064556542,27.83898845424075,42.01567778868453,1.2076654544764718,12.76039829419042,0.7114109076692305,8.310399813872925,27.184274640750335,1.070460241628252,28.554497696208163,1.0698770964160957
1072,g_pair_seed_sweep_d37_d55,"37,55",exhaustive two-channel full-sequence seed sweep (all_singletons_failed),0,0.9965095986038395,28.5352,29.117700000000003,2.3072,30.08067993307683,28.312047911490584,49.04891236845509,1.1991152015007025,5.585988996647904,0.760123928908613,4.245551379147198,26.47371128949662,1.1716680436765592,28.56847914254364,1.1717044129282588
1073,r_k06_0180_d12_d25_d29_d34_d46_d51,"12,25,29,34,46,51",budget-matched cardinality-stratified random full-sequence control,0,0.9965095986038395,28.5464,29.1085,3.3874,29.836895908736917,28.667742351929032,44.52120974144203,1.3468848077965958,12.440345569150146,0.8896510709537493,8.531629741238413,26.90367051120173,1.1537827874264002,28.57298108494221,1.147556902552898
1074,g_pair_seed_sweep_d15_d42,"15,42",exhaustive two-channel full-sequence seed sweep (all_singletons_failed),0,0.9965095986038395,28.577,30.0728,3.0825,29.46279925949586,27.715901661939856,52.270969774672295,2.031441656848601,31.18520460310445,1.0664197894666776,18.865919880718973,27.569077755254547,1.023629496919254,28.58519329185328,1.024565512298022
1075,g_pair_seed_sweep_d30_d43,"30,43",exhaustive two-channel full-sequence seed sweep (all_singletons_failed),0,0.9965095986038395,28.5794,29.5521,2.5978000000000003,29.778138652108982,28.6196507172328,53.719769127088625,1.3928261375965145,12.159599477070309,0.8429226826830066,8.639994047450463,28.647464884030992,0.961882559098504,28.60588772172981,0.9687359636275866
1076,g_pair_seed_sweep_d06_d32,"6,32",exhaustive two-channel full-sequence seed sweep (all_singletons_failed),0,0.9965095986038395,28.5868,30.416500000000003,2.1105,29.125763598091602,26.966727976588807,45.81353901763301,1.778113560944707,29.912476777276588,0.973051201769397,13.729715084128427,26.88095403066605,1.0127171255101448,28.62198807175439,1.0037149093641917
1077,r_k03_0178_d17_d28_d56,"17,28,56",budget-matched cardinality-stratified random full-sequence control,0,0.9965095986038395,28.653200000000002,29.809,2.4721,28.91208209845082,27.57409599574806,42.648084370657315,1.4480308011329317,22.069398400597898,0.6604569451604486,6.116975521924464,27.068409340294114,1.0604044207872108,28.677087949639752,1.0575541876578396
1078,swap_k04_0145_d15_d20_d27_d34,"15,20,27,34",one-channel swap audit around provisional greedy endpoint,0,0.9965095986038395,28.6578,29.507699999999996,2.5417,28.835830464709776,27.66997590979509,45.28199731037807,1.4765993899361685,24.375261582352493,0.6620875264413024,5.121080439262216,26.85532117477208,1.0900537907197885,28.693728949584468,1.0841567278720938
1079,r_k03_0220_d28_d30_d38,"28,30,38",budget-matched cardinality-stratified random full-sequence control,0,0.9965095986038395,28.669099999999997,30.5021,2.2806,30.078914456391097,28.082462604010562,50.43482163302494,1.4292560905269525,15.787970857787961,0.9580503929215776,10.689263723769107,27.932501683423723,1.0278069850244562,28.691066706307566,1.0324518712812862
1080,swap_k04_0064_d03_d15_d26_d34,"3,15,26,34",one-channel swap audit around provisional greedy endpoint,0,0.9965095986038395,28.675,29.2877,3.3385,29.617662988986748,28.431035808013828,44.95963180467548,1.3866868556249663,19.229805510926248,1.0615590661987804,16.046174977535667,26.674741829875202,1.1464074330060445,28.708620781683862,1.1290497120239245
1081,g_pair_seed_sweep_d11_d15,"11,15",exhaustive two-channel full-sequence seed sweep (all_singletons_failed),0,0.9965095986038395,28.676099999999998,30.0255,2.434,28.874380984630676,27.39334769650575,44.6282667279765,1.5007074942153271,22.364548691869633,0.6965858392160434,6.646699217681749,27.03981255707632,1.0441652181208299,28.69278069613123,1.039313820643448
1082,r_k05_0226_d27_d28_d32_d48_d63,"27,28,32,48,63",budget-matched cardinality-stratified random full-sequence control,0,0.9965095986038395,28.7029,29.5234,2.5178,29.53127227576066,28.69442421680624,40.39858263567752,1.4283665349599381,21.571708280165744,0.6928631879120511,3.741280376097854,27.634761539632656,1.0985718713462986,28.729140229927463,1.094289014577542
1083,g_pair_seed_sweep_d06_d11,"6,11",exhaustive two-channel full-sequence seed sweep (all_singletons_failed),0,0.9965095986038395,28.768500000000003,29.4382,2.4186,28.399816927404544,27.290020552712015,42.57988760840534,1.6642172396550021,29.556522513188256,1.156314556317944,19.26544557639262,26.760884455785494,1.068225158192723,28.794922936590623,1.0767866491288882
1084,g_pair_seed_sweep_d45_d55,"45,55",exhaustive two-channel full-sequence seed sweep (all_singletons_failed),0,0.9965095986038395,28.7977,29.7624,2.8312,29.376535712233025,28.337836665783257,40.632278783980404,1.8061252101693823,33.60515139234238,0.7068186742289642,5.793117624497698,27.70627306940862,1.0736992781020145,28.819971078485594,1.0714940132410573
1085,r_k03_0097_d08_d20_d50,"8,20,50",budget-matched cardinality-stratified random full-sequence control,0,0.9965095986038395,28.800199999999997,31.049,2.7267,31.789479079287037,30.346805840386278,55.1588725984501,1.4306712296579511,11.382767507229161,0.9938593150127429,8.474764852147569,29.7252669321682,1.0635801004981023,28.748682037189806,1.095654275417546
1086,r_k05_0177_d14_d27_d28_d43_d58,"14,27,28,43,58",budget-matched cardinality-stratified random full-sequence control,0,0.9965095986038395,28.802899999999998,31.5668,2.3054,32.481902292548284,29.79206712172269,82.41618961972566,1.3740501692970295,10.168827219211016,0.7689703299381085,4.291613735691952,29.579814912793772,1.0196830859310293,28.809540736287936,1.0448454711225634
1087,g_pair_seed_sweep_d27_d47,"27,47",exhaustive two-channel full-sequence seed sweep (all_singletons_failed),0,0.9965095986038395,28.812700000000003,29.273500000000002,2.3626,29.50975145141332,28.575438772854483,44.67743740348726,1.3192673616414572,14.165427478463613,0.6715326179780388,4.426620022099307,27.476504453510643,1.117952457173307,28.83648196938796,1.1194024469547117
1088,r_k04_0135_d10_d23_d29_d63,"10,23,29,63",budget-matched cardinality-stratified random full-sequence control,0,0.9965095986038395,28.812900000000003,29.3767,3.4742,29.655116514248704,28.72710277610569,43.73610090172769,1.506884516010815,19.618698494015415,1.0894462723075573,16.645435192234967,27.913415155944516,1.1053353607323309,28.83546511994503,1.1048139741968641
1089,g_pair_seed_sweep_d10_d63,"10,63",exhaustive two-channel full-sequence seed sweep (all_singletons_failed),0,0.9965095986038395,28.8134,29.635499999999997,3.1278,29.288249178571906,27.983864529519593,44.32312534376279,1.2410437588931018,9.891336703099684,0.8060007621002918,8.46492567119328,27.484825499026815,1.0827563289054771,28.84461599560223,1.0921934186907727
1090,r_k05_0087_d05_d14_d33_d55_d58,"5,14,33,55,58",budget-matched cardinality-stratified random full-sequence control,0,0.9965095986038395,28.841499999999996,30.4911,3.1231999999999998,31.17624978314366,30.142827223909762,55.70648399609593,1.51330048683485,13.282857602449056,0.8686978833698217,10.894836070866251,29.641543811980004,1.0507550332400233,28.8094845657762,1.0819102976491346
1091,r_k06_0219_d22_d24_d31_d39_d57_d62,"22,24,31,39,57,62",budget-matched cardinality-stratified random full-sequence control,0,0.9965095986038395,28.8609,29.5963,3.3229,29.47311555986808,28.167897952653792,47.28987994380952,1.3569328015640332,14.204900695036995,0.7196196289994532,7.553646304341901,27.077862188028067,1.1192406887510922,28.8892850200205,1.114859167092617
1092,g_pair_seed_sweep_d22_d28,"22,28",exhaustive two-channel full-sequence seed sweep (all_singletons_failed),0,0.9965095986038395,28.8655,29.8313,2.8369999999999997,29.531620939685492,28.08375416358148,46.44973841076307,1.9406195306196226,31.26064398337723,0.9395521962942448,12.989059805382533,26.797114816468522,1.1200443686473431,28.89660515801793,1.118426256304875
1093,g_pair_seed_sweep_d40_d63,"40,63",exhaustive two-channel full-sequence seed sweep (all_singletons_failed),0,0.9965095986038395,28.876800000000003,31.329800000000002,2.7915,32.70736140610427,30.76942735407206,50.62040868715684,1.874761461796672,20.1425152857425,1.157534162782133,11.996685713508853,30.70383222821208,1.0090325097061663,28.81986256345722,1.0548604037654297
1094,g_pair_seed_sweep_d16_d56,"16,56",exhaustive two-channel full-sequence seed sweep (all_singletons_failed),0,0.9965095986038395,28.902299999999997,29.3897,2.1642,29.130207023063875,28.484968444897923,41.449177644985475,1.0932219034051087,7.765003922128695,0.6542933681638111,5.278622283529756,27.841870449611612,1.0760885595831275,28.926520896485712,1.0790033162562507
1095,r_k05_0102_d06_d12_d32_d49_d63,"6,12,32,49,63",budget-matched cardinality-stratified random full-sequence control,0,0.9965095986038395,28.905900000000003,29.502699999999997,3.2657,29.452324176555305,28.456073059275973,43.54497963805937,1.4101570582939789,19.402748721357852,0.6960785401709263,5.081945986654281,27.592242085155583,1.1087272609817918,28.93049015919783,1.1097225065413021
1096,g_pair_seed_sweep_d10_d27,"10,27",exhaustive two-channel full-sequence seed sweep (all_singletons_failed),0,0.9965095986038395,28.9211,29.688399999999998,1.9595000000000002,29.552731733862164,28.556629572162716,47.27150989985432,1.4013562842452134,19.56607916429987,1.1060886199183972,21.028185392673482,28.627174820040135,0.9826458770819627,28.93535306965448,0.9997526599540942
1097,r_k03_0094_d08_d13_d56,"8,13,56",budget-matched cardinality-stratified random full-sequence control,0,0.9965095986038395,28.950300000000002,30.2303,3.5295,32.09963198008783,30.76227061945016,47.55810527081547,1.6425948664713763,20.951791188797607,1.270305748802971,22.233369797283586,29.459371037872074,1.12733462057503,28.965086600513057,1.1332565937076913
1098,g_s02_k05_from_d24_d26_d51_d63_add_d62,"24,26,51,62,63",direct full-sequence ATE forward-greedy trial,0,0.9965095986038395,28.9684,32.359500000000004,4.1827000000000005,31.514263550450956,27.765236710455483,73.06220814769611,2.9439024914284504,63.530600204596034,1.8821060019214058,40.36886120786009,27.680673909073334,1.0152145538233661,28.936120227572225,1.0308506375082838
1099,r_k06_0143_d08_d18_d20_d22_d29_d62,"8,18,20,22,29,62",budget-matched cardinality-stratified random full-sequence control,0,0.9965095986038395,28.971200000000003,29.633599999999998,3.5821,30.632414860930453,29.458996082683335,45.586405130035914,1.5334882405916317,20.85618214947348,0.8635565227581742,7.557896796805553,27.50753634150952,1.162439076622245,28.98974694150653,1.153288562272464
1100,g_pair_seed_sweep_d11_d30,"11,30",exhaustive two-channel full-sequence seed sweep (all_singletons_failed),0,0.9965095986038395,28.981299999999997,30.835099999999997,2.2966,30.98501612452519,28.677170475158825,71.0860138912078,1.2915502011663198,7.2473155722319245,0.7719848556784391,5.15435829074489,28.826045085948625,0.9743447997333785,28.992075467896505,0.9859689281437644
1101,r_k06_0161_d10_d20_d26_d34_d36_d58,"10,20,26,34,36,58",budget-matched cardinality-stratified random full-sequence control,0,0.9965095986038395,28.994500000000002,29.9155,3.3634999999999997,30.632372793863233,29.092537492754705,44.84970999605654,1.428102825659316,15.312980176852461,1.0527365321313622,12.203375230515835,27.693392918621623,1.1353416675832524,29.017091089312657,1.1313385670300329
1102,r_k03_0223_d28_d56_d58,"28,56,58",budget-matched cardinality-stratified random full-sequence control,0,0.9965095986038395,28.999999999999996,30.3061,3.2102,30.23369661171353,28.806584284142396,56.18698324780318,2.0232554076102183,32.14681472327308,1.2558991660822527,17.021011560295705,27.986822921309994,1.0918080804305306,29.024879212049775,1.089913384946278
1103,r_k05_0054_d03_d10_d24_d34_d56,"3,10,24,34,56",budget-matched cardinality-stratified random full-sequence control,0,0.9965095986038395,29.0028,29.875400000000003,3.3562000000000003,30.309739801961992,28.823332464230045,50.082660104160794,1.3999938273236998,14.528812048703044,0.8284065355736887,8.278737142414386,27.551208412495736,1.134060903535938,29.025198159206727,1.1336767924372573
1104,r_k04_0141_d11_d19_d53_d54,"11,19,53,54",budget-matched cardinality-stratified random full-sequence control,0,0.9965095986038395,29.032799999999998,30.1938,3.3761,30.38800917170798,28.614881730284274,47.58378367326343,1.270419517612097,13.68694597129185,0.8587788076054207,9.882649856669973,27.340110030604208,1.1359040537255656,29.05379756264235,1.133730437805221
1105,g_pair_seed_sweep_d33_d44,"33,44",exhaustive two-channel full-sequence seed sweep (all_singletons_failed),0,0.9965095986038395,29.052899999999998,30.151600000000002,2.4570000000000003,29.965910676349417,28.938848866142564,51.89733951044603,1.4400740541166281,15.734335143290695,0.879598421363782,12.175759982701702,28.62624473935328,1.0380522743188303,29.067018637905694,1.0516581357087207
1106,swap_k04_0093_d15_d26_d34_d36,"15,26,34,36",one-channel swap audit around provisional greedy endpoint,0,0.9965095986038395,29.0541,29.6948,3.3543999999999996,29.97747009718373,28.83420369759935,44.93238426507155,1.3943795405088693,19.16094137653251,0.9822935757014912,15.912942106334233,27.14849788573657,1.1441958473358336,29.085826631267686,1.1276296255398266
1107,swap_k04_0095_d15_d26_d34_d38,"15,26,34,38",one-channel swap audit around provisional greedy endpoint,0,0.9965095986038395,29.0541,29.6948,3.3543999999999996,29.97747009718373,28.83420369759935,44.93238426507155,1.3943795405088693,19.16094137653251,0.9822935757014912,15.912942106334233,27.14849788573657,1.1441958473358336,29.085826631267686,1.1276296255398266
1108,swap_k04_0105_d15_d26_d34_d48,"15,26,34,48",one-channel swap audit around provisional greedy endpoint,0,0.9965095986038395,29.0541,29.6948,3.3543999999999996,29.97747009718373,28.83420369759935,44.93238426507155,1.3943795405088693,19.16094137653251,0.9822935757014912,15.912942106334233,27.14849788573657,1.1441958473358336,29.085826631267686,1.1276296255398266
1109,swap_k04_0063_d02_d15_d26_d34,"2,15,26,34",one-channel swap audit around provisional greedy endpoint,0,0.9965095986038395,29.0652,29.621399999999998,3.5322,30.020152615058667,28.877425685739507,45.128798308009976,1.4235118873965422,20.229222208690405,0.9348180502237521,14.538348255668856,27.192361413409422,1.1488185086154699,29.09440841298292,1.134095545223016
1110,swap_k04_0065_d04_d15_d26_d34,"4,15,26,34",one-channel swap audit around provisional greedy endpoint,0,0.9965095986038395,29.0652,29.621399999999998,3.5322,30.020152615058667,28.877425685739507,45.128798308009976,1.4235118873965422,20.229222208690405,0.9348180502237521,14.538348255668856,27.192361413409422,1.1488185086154699,29.09440841298292,1.134095545223016
1111,swap_k04_0068_d07_d15_d26_d34,"7,15,26,34",one-channel swap audit around provisional greedy endpoint,0,0.9965095986038395,29.0652,29.621399999999998,3.5322,30.020152615058667,28.877425685739507,45.128798308009976,1.4235118873965422,20.229222208690405,0.9348180502237521,14.538348255668856,27.192361413409422,1.1488185086154699,29.09440841298292,1.134095545223016
1112,swap_k04_0070_d09_d15_d26_d34,"9,15,26,34",one-channel swap audit around provisional greedy endpoint,0,0.9965095986038395,29.0652,29.621399999999998,3.5322,30.020152615058667,28.877425685739507,45.128798308009976,1.4235118873965422,20.229222208690405,0.9348180502237521,14.538348255668856,27.192361413409422,1.1488185086154699,29.09440841298292,1.134095545223016
1113,swap_k04_0074_d13_d15_d26_d34,"13,15,26,34",one-channel swap audit around provisional greedy endpoint,0,0.9965095986038395,29.0652,29.621399999999998,3.5322,30.020152615058667,28.877425685739507,45.128798308009976,1.4235118873965422,20.229222208690405,0.9348180502237521,14.538348255668856,27.192361413409422,1.1488185086154699,29.09440841298292,1.134095545223016
1114,g_pair_seed_sweep_d15_d32,"15,32",exhaustive two-channel full-sequence seed sweep (all_singletons_failed),0,0.9965095986038395,29.0767,30.8114,2.1655,29.64050319028719,27.761427366924835,45.017254339833634,1.5895368788291069,25.70139084154302,0.7319461507241356,7.442508923537926,27.415211775740072,1.0428905939076176,29.098747915155933,1.0338682007343365
1115,r_k04_0134_d10_d22_d25_d36,"10,22,25,36",budget-matched cardinality-stratified random full-sequence control,0,0.9965095986038395,29.0893,30.129499999999997,3.5076000000000005,30.352278532573685,28.639326283281136,48.87366747449626,1.428601428929002,16.222593428021035,0.8686509280634207,10.768211504280758,26.933445891560094,1.1501146040812573,29.112382445313234,1.1424536763259436
1116,r_k05_0118_d08_d14_d15_d29_d55,"8,14,15,29,55",budget-matched cardinality-stratified random full-sequence control,0,0.9965095986038395,29.090700000000002,31.1213,3.0239,31.630531163669307,29.979826541257925,62.15072483932501,1.682090699476612,18.324641523777625,1.067365123668481,10.83399934608535,29.72053272727255,1.028943021745593,29.0458110373713,1.0556985142395179
1117,r_k05_0068_d04_d08_d15_d27_d41,"4,8,15,27,41",budget-matched cardinality-stratified random full-sequence control,0,0.9965095986038395,29.107300000000002,31.5978,3.5773,32.264606006688375,29.79367932231232,60.6213205131377,2.02011201306254,33.80513316647756,1.1648346060716783,20.4502231111097,28.83702656305872,1.1062285813704407,29.078337387689658,1.1191422131612214
1118,g_s02_k05_from_d24_d26_d51_d63_add_d03,"3,24,26,51,63",direct full-sequence ATE forward-greedy trial,0,0.9965095986038395,29.1154,32.4927,4.1604,31.704659318279898,27.960822527563074,73.17408127332531,2.953060246919946,63.85831720540322,1.8983585012102746,40.67614299866138,27.909554855128484,1.0093050628528533,29.08981194294369,1.02572403745153
1119,r_k05_0064_d03_d20_d45_d59_d60,"3,20,45,59,60",budget-matched cardinality-stratified random full-sequence control,0,0.9965095986038395,29.1238,29.8244,2.3805,29.441774705657085,28.596015172399174,42.88186235664011,1.3263532914748322,15.97281024652622,0.7971230908662922,7.104755101489419,27.84598138696245,1.082398325838941,29.154230994821557,1.0795900584691915
1120,g_pair_seed_sweep_d32_d34,"32,34",exhaustive two-channel full-sequence seed sweep (all_singletons_failed),0,0.9965095986038395,29.124200000000002,29.984699999999997,2.5151,29.413864840146086,28.455350252507728,43.06681426533257,1.704385473938794,26.240590714815166,1.0231203551559283,15.425040982798485,28.285788680005158,1.0270073745166857,29.15020814687383,1.0331382151318231
1121,g_pair_seed_sweep_d34_d59,"34,59",exhaustive two-channel full-sequence seed sweep (all_singletons_failed),0,0.9965095986038395,29.1808,32.874700000000004,3.3085000000000004,31.76131950733861,28.294080196765712,58.193526682268896,2.1341386190545966,34.958732118239624,1.4397318964414296,24.300772071643493,28.342935789865987,1.0260858155084234,29.128890331704994,1.0468366859992015
1122,r_k05_0201_d18_d27_d29_d34_d39,"18,27,29,34,39",budget-matched cardinality-stratified random full-sequence control,0,0.9965095986038395,29.184500000000003,29.7093,3.3473999999999995,30.38889968445565,29.25053730655936,46.73291574772552,1.429178262172262,18.267272145052658,0.7516449047957762,6.79316993198375,28.002803807860865,1.1379594049671826,29.21176097341033,1.1349714940872644
1123,g_pair_seed_sweep_d24_d28,"24,28",exhaustive two-channel full-sequence seed sweep (all_singletons_failed),0,0.9965095986038395,29.2336,30.298599999999997,2.8977,29.769597390873763,28.673795949282106,50.00157327905255,2.1543368843832646,34.290251863956165,1.8409616259367036,38.455988091816636,27.90083215486532,1.0809512348185495,29.274141281684646,1.0820738469722593
1124,g_pair_seed_sweep_d16_d49,"16,49",exhaustive two-channel full-sequence seed sweep (all_singletons_failed),0,0.9965095986038395,29.2549,30.377900000000004,2.8412,30.500935270543483,29.244038776256033,49.020583625543324,1.7973068763323934,27.750169314813704,0.9899291681249673,17.89205838980174,28.598359557020213,1.0765402392219476,29.26158568691489,1.0952986337877064
1125,r_k03_0063_d05_d25_d39,"5,25,39",budget-matched cardinality-stratified random full-sequence control,0,0.9965095986038395,29.255399999999998,30.4421,2.4847,29.878600642676584,28.484818853594053,53.560610133347616,1.4998107483977174,17.75941487138941,1.1066938892144655,13.556118622302229,28.50982732874848,0.9970290392083891,29.221083336094882,1.0140796453415994
1126,r_k04_0239_d34_d35_d47_d57,"34,35,47,57",budget-matched cardinality-stratified random full-sequence control,0,0.9965095986038395,29.314400000000003,29.8722,3.2849999999999997,29.730396735298743,28.69207053927733,45.27153590010109,1.270091360049371,12.079178931452242,0.8294163239841056,8.496936415008081,27.607848803518742,1.121275240536718,29.343221463311153,1.1186925619335695
1127,r_k03_0053_d04_d22_d46,"4,22,46",budget-matched cardinality-stratified random full-sequence control,0,0.9965095986038395,29.3331,32.9304,4.5795,38.23571138039669,34.953611991654036,69.45443736885146,3.209254972663278,70.00972039912983,2.9490206952611913,66.9327069828099,34.08131876041711,1.0881073184141918,29.352391731988202,1.1372625616413352
1128,r_k06_0086_d04_d19_d32_d37_d59_d61,"4,19,32,37,59,61",budget-matched cardinality-stratified random full-sequence control,0,0.9965095986038395,29.333599999999997,30.0078,2.8136,30.544614770948087,29.400807054151173,46.141252319862026,1.2713255933123204,14.252098079601438,0.757739570600266,7.523258481533462,28.30916080777784,1.1241838688851467,29.34754660681071,1.125551633838589
1129,r_k05_0060_d03_d14_d44_d56_d63,"3,14,44,56,63",budget-matched cardinality-stratified random full-sequence control,0,0.9965095986038395,29.369400000000002,30.886000000000003,2.7706999999999997,31.661663124029076,30.371619334262718,65.57588374764202,1.6247334820752997,19.2297679103262,0.9405952666296501,13.00886654066211,30.154415294889358,1.0242093011061124,29.343231794925146,1.0528821230509022
1130,r_k06_0016_d00_d10_d14_d36_d40_d63,"0,10,14,36,40,63",budget-matched cardinality-stratified random full-sequence control,0,0.9965095986038395,29.3821,30.870199999999997,3.2592999999999996,32.18467198045194,31.456528401605,47.698465461174735,1.503387034871807,18.058790747868475,0.9225450625348074,12.456539972690106,30.869771637967013,1.0565149241329794,29.343380759999306,1.0952440774155663
1131,g_pair_seed_sweep_d51_d55,"51,55",exhaustive two-channel full-sequence seed sweep (all_singletons_failed),0,0.9965095986038395,29.384300000000003,31.077199999999998,2.5892,29.821602991690398,27.904910170285724,47.99500228078024,2.2374390146568954,38.7909491951763,1.0479618452556179,16.49696058929731,27.76017928523389,1.0198039331527968,29.42693926355298,1.0089217179464296
1132,g_s02_k04_from_d26_d51_d63_add_d35,"26,35,51,63",direct full-sequence ATE forward-greedy trial,0,0.9965095986038395,29.393900000000002,30.1983,2.7987,29.666255388197865,28.773690764957944,45.34575298494615,1.2259988009812135,10.94821204811142,0.8244293181468862,7.284945884869562,28.0660746247752,1.0789850967101045,29.43159693493366,1.073662781354092
1133,r_k05_0230_d28_d30_d47_d48_d59,"28,30,47,48,59",budget-matched cardinality-stratified random full-sequence control,0,0.9965095986038395,29.4094,30.313499999999998,3.3968,30.95095934145626,29.364123245596563,50.63728398629519,1.4525932405034225,16.454700858866868,0.8691836672770344,11.124208872946149,27.607403348153014,1.1595214777062093,29.432003941944163,1.1522857961658068
1134,g_pair_seed_sweep_d34_d44,"34,44",exhaustive two-channel full-sequence seed sweep (all_singletons_failed),0,0.9965095986038395,29.417900000000003,31.2308,2.3970000000000002,32.35932088692838,30.221959451206565,62.44488384907025,1.7020287865005739,18.35630775074005,0.9857204947166582,11.671278949294829,30.42605211056355,0.9442549317327124,29.378718365228806,0.9736959679873317
1135,r_k04_0137_d10_d36_d41_d57,"10,36,41,57",budget-matched cardinality-stratified random full-sequence control,0,0.9965095986038395,29.4277,30.6255,3.395,30.880992126689783,29.0474330189502,51.194329518958234,1.4174642847675258,15.638946096421083,0.8938741680149371,11.861077097337786,27.35751902595719,1.1499686585146567,29.451276781393997,1.1409734323414606
1136,r_k04_0139_d11_d14_d34_d52,"11,14,34,52",budget-matched cardinality-stratified random full-sequence control,0,0.9965095986038395,29.4606,30.104799999999997,2.6611,30.426026067557398,29.64284070832319,43.44748036293263,1.6755083942545195,28.04882088103056,0.9484358122885267,16.347068627771588,29.432906034897616,1.0292107560320751,29.43228983058475,1.0530046270720255
1137,g_pair_seed_sweep_d10_d59,"10,59",exhaustive two-channel full-sequence seed sweep (all_singletons_failed),0,0.9965095986038395,29.488999999999997,30.747799999999998,2.3705,30.460747368959655,29.142777967240114,47.99407761143978,1.3799337256316613,13.881490136396767,0.7200838941855142,3.7622081800838814,28.759014040624404,1.0462931932455608,29.51076425512444,1.055518544458344
1138,r_k06_0089_d05_d06_d13_d19_d33_d39,"5,6,13,19,33,39",budget-matched cardinality-stratified random full-sequence control,0,0.9965095986038395,29.5118,29.9951,2.6,29.71368944258058,28.742770886394265,44.37641825368763,1.1833502896835277,9.098580152935545,0.6789368683930503,5.380754623400481,27.923831466319687,1.1059627001929941,29.53915493402592,1.102416530566862
1139,g_pair_seed_sweep_d16_d26,"16,26",exhaustive two-channel full-sequence seed sweep (all_singletons_failed),0,0.9965095986038395,29.5472,30.3653,1.9988,29.769587209511943,28.86104945149971,44.64980703876174,1.104431094597582,6.550116150693748,0.6332282819958108,5.007314728794987,28.36674420702241,1.0622860029157022,29.58039921233639,1.0655377162523998
1140,g_s02_k03_from_d26_d51_add_d29,"26,29,51",direct full-sequence ATE forward-greedy trial,0,0.9965095986038395,29.5583,33.3127,3.8150000000000004,32.82605230194394,28.570971692712217,71.42449806975883,2.909293171676629,63.10158131086785,1.757814205463239,37.4447999849638,28.57903816155783,0.9667460101223887,29.544731553397348,0.9819926385765395
1141,g_pair_seed_sweep_d40_d45,"40,45",exhaustive two-channel full-sequence seed sweep (all_singletons_failed),0,0.9965095986038395,29.569000000000003,30.3348,2.3416,29.727040316794373,28.91130942090001,41.3864347109913,1.430674330868926,21.676623999072905,0.7861094423589202,11.300494632665746,28.68466012158628,1.0325188970249521,29.603622885127567,1.0360363012883074
1142,g_pair_seed_sweep_d00_d16,"0,16",exhaustive two-channel full-sequence seed sweep (all_singletons_failed),0,0.9965095986038395,29.5767,32.459500000000006,2.6074,34.567429752116226,32.60144230785217,49.73705598792335,1.4354669077478677,13.1941668150343,0.8484569436246976,9.149054009684546,32.29216887424359,1.036304417646935,29.575504085966887,1.0916902887734903
1143,r_k05_0235_d30_d44_d51_d60_d62,"30,44,51,60,62",budget-matched cardinality-stratified random full-sequence control,0,0.9965095986038395,29.620400000000004,30.823299999999996,3.4669,31.059129291792075,29.560456160988203,48.065572559132235,1.4364563924008609,13.999786965352335,0.9545827007741337,11.937166799053761,28.69444870720167,1.1096324403909559,29.634640391205508,1.1153358360791663
1144,r_k04_0185_d18_d24_d37_d58,"18,24,37,58",budget-matched cardinality-stratified random full-sequence control,0,0.9965095986038395,29.6207,30.668499999999998,2.9413,32.28218442726097,31.057210419113602,47.978117413284984,1.3799373661764778,16.62879836702144,0.8592472571607477,8.473446041116407,29.188896460088632,1.161496575970732,29.62745112564143,1.1728686463676352
1145,g_pair_seed_sweep_d15_d44,"15,44",exhaustive two-channel full-sequence seed sweep (all_singletons_failed),0,0.9965095986038395,29.638599999999997,30.3512,2.6294,29.656096237819508,28.85598046821739,53.45704499543125,1.420058991163257,11.223169941999602,0.82331653847519,9.23604827929336,28.568013196485243,1.03904867794116,29.65849238658012,1.0478197897421064
1146,r_k06_0136_d08_d10_d19_d37_d54_d58,"8,10,19,37,54,58",budget-matched cardinality-stratified random full-sequence control,0,0.9965095986038395,29.668099999999995,30.4705,3.3815,31.820055243009904,30.393859273767372,49.64369805867525,1.3616148911647261,17.577040652658535,0.9146894395581834,11.874312105776328,28.45705423301892,1.1740092844634107,29.694219935958966,1.1734750425121436
1147,r_k06_0144_d08_d19_d29_d31_d50_d51,"8,19,29,31,50,51",budget-matched cardinality-stratified random full-sequence control,0,0.9965095986038395,29.7315,30.347600000000003,2.9696,30.617519496380964,29.537650480390106,48.253535437642,1.3714414980982732,12.019794780521968,0.7642323537480782,7.439045557690077,28.34426138134294,1.1234166230248803,29.745889917592983,1.1265660355573879
1148,g_s02_k03_from_d26_d51_add_d55,"26,51,55",direct full-sequence ATE forward-greedy trial,0,0.9965095986038395,29.7358,30.9168,2.0361000000000002,29.60698263536305,28.149447196668287,47.342501717397234,1.5667479227937458,25.169334160991674,0.9792737566035392,15.729877766200882,27.789250001070943,1.0498815881659915,29.778608615888906,1.0484847529967485
1149,g_s03_k04_from_d23_d24_d59_add_d51,"23,24,51,59",direct full-sequence ATE forward-greedy trial,0,0.9965095986038395,29.769299999999998,30.958799999999997,2.5676,30.1316425259838,28.958474633342036,45.57911464270491,1.68131398012481,24.699278767764525,1.0555086817385873,12.187229314976198,28.512072389947118,1.05580517644832,29.798671351158347,1.0454652499868986
1150,g_pair_seed_sweep_d33_d46,"33,46",exhaustive two-channel full-sequence seed sweep (all_singletons_failed),0,0.9965095986038395,29.7795,30.4041,2.3522000000000003,30.190715262509293,28.97110964145529,46.82680543546796,1.4722617085401355,19.17845008115127,0.7975731940482593,12.131653418894544,28.190109508571354,1.108850895124062,29.814288819846123,1.1053857421407944
1151,r_k04_0138_d10_d54_d57_d63,"10,54,57,63",budget-matched cardinality-stratified random full-sequence control,0,0.9965095986038395,29.790100000000002,30.3147,3.1088999999999998,29.829121977680916,28.90313382047993,43.568207633070145,1.3426790012742118,9.228007567895592,0.8736909297080667,8.170260810732005,28.271677900321894,1.0883490298886507,29.823180059027404,1.0838545664991155
1152,g_pair_seed_sweep_d11_d16,"11,16",exhaustive two-channel full-sequence seed sweep (all_singletons_failed),0,0.9965095986038395,29.8316,30.6462,2.2734,29.91217692859061,28.89685539456123,42.75882922391074,1.340928176767773,13.075449183016985,0.8120916514895157,9.098567172424874,28.302984260043385,1.0671492893566075,29.853607111608227,1.0733250951652873
1153,g_s02_k04_from_d26_d51_d63_add_d58,"26,51,58,63",direct full-sequence ATE forward-greedy trial,0,0.9965095986038395,29.841800000000003,30.5927,2.7731,30.111385704927173,29.313372527975996,44.87122581769798,1.2350056324418994,11.444291065637232,0.8230460675834032,7.406863027231119,28.700891173974668,1.0717117052251002,29.877576270337304,1.0677364774692018
1154,r_k05_0066_d04_d05_d12_d15_d21,"4,5,12,15,21",budget-matched cardinality-stratified random full-sequence control,0,0.9965095986038395,29.8759,32.0047,2.9138,32.53337306726547,30.14072971703739,53.51391185813702,1.3713438107329115,15.691350036984971,0.8438908630965817,6.460725502659774,28.747055291930558,1.1319441122080214,29.89790623124322,1.123487816535615
1155,r_k05_0174_d14_d24_d35_d44_d61,"14,24,35,44,61",budget-matched cardinality-stratified random full-sequence control,0,0.9965095986038395,29.882599999999996,32.062400000000004,2.7232,32.93306734274427,31.37664623360067,65.42887378170893,1.4735866551615846,13.680416261494175,0.7761199557084345,4.1806867286557745,30.818393133512807,1.0510624871911265,29.83301176415344,1.0859946817111057
1156,r_k03_0011_d00_d30_d59,"0,30,59",budget-matched cardinality-stratified random full-sequence control,0,0.9965095986038395,29.909999999999997,31.4614,2.3422,33.34829615016831,31.982907028325446,55.237289887774686,1.4332048147701684,7.655531876034267,0.9351213855689205,9.99680423439831,32.068451800891594,0.9700409170663677,29.91736288860651,1.0135289998146613
1157,r_k06_0112_d06_d10_d26_d31_d62_d63,"6,10,26,31,62,63",budget-matched cardinality-stratified random full-sequence control,0,0.9965095986038395,29.952499999999997,30.363400000000002,3.0554,29.928697751718243,29.246256810460853,43.63076924117452,1.2060386180960605,10.17756047001169,0.6485103926090973,5.474830844704349,28.604495916173406,1.0857449444158243,29.981332718410407,1.08490995426963
1158,g_pair_seed_sweep_d47_d53,"47,53",exhaustive two-channel full-sequence seed sweep (all_singletons_failed),0,0.9965095986038395,29.9595,30.468,2.8436,30.149599651304438,29.417480370352838,47.71999248289558,1.9261772086054743,23.51697533618934,1.4200708764408843,23.60005917811873,29.013005286377968,1.0711460872807546,30.00005966175595,1.071245330276532
1159,g_pair_seed_sweep_d16_d33,"16,33",exhaustive two-channel full-sequence seed sweep (all_singletons_failed),0,0.9965095986038395,29.9649,31.1522,2.4171,30.139873854537274,28.789213021275252,45.52027242835956,1.8374261627293664,34.81256492153921,0.7997525956605043,10.721759624241349,28.49175598105062,1.048700698536418,29.99819772260955,1.0423000758393135
1160,r_k05_0133_d09_d12_d18_d22_d63,"9,12,18,22,63",budget-matched cardinality-stratified random full-sequence control,0,0.9965095986038395,29.965999999999998,31.4964,3.5029999999999997,33.47111868185996,31.8334017317089,51.597797246661756,1.836376500152416,20.939318912267506,1.0916880057603933,11.956294343024208,29.54551350862054,1.1852245715781078,30.003625340881918,1.1885486960574534
1161,g_pair_seed_sweep_d01_d19,"1,19",exhaustive two-channel full-sequence seed sweep (all_singletons_failed),0,0.9965095986038395,29.9834,30.8898,2.6603000000000003,29.563146096938762,28.318858737806206,45.321399322948395,2.0703944742411036,39.319030128573914,0.7990303633457667,7.835305493350278,28.184260054442305,1.038725040109877,30.014458231134817,1.044184796507026
1162,r_k04_0205_d23_d34_d38_d50,"23,34,38,50",budget-matched cardinality-stratified random full-sequence control,0,0.9965095986038395,29.9843,31.788100000000004,4.0828999999999995,33.580501917931755,30.73889395511329,56.91962119470879,1.649998427219749,25.437034338188475,1.1140274109836068,18.24227897652118,28.525517573790303,1.2083961784274109,29.997211506659337,1.2065224918749036
1163,r_k03_0239_d42_d54_d59,"42,54,59",budget-matched cardinality-stratified random full-sequence control,0,0.9965095986038395,30.002699999999997,31.440099999999997,3.2994999999999997,32.25950234097997,30.423076747126455,49.43032613759395,1.4836732009298403,17.75016809471555,0.8665573250837203,7.938817652677417,28.39518176690011,1.1649337259271095,30.030341334826204,1.1539534775641072
1164,r_k06_0050_d01_d21_d35_d37_d48_d63,"1,21,35,37,48,63",budget-matched cardinality-stratified random full-sequence control,0,0.9965095986038395,30.034899999999997,30.7879,3.9196,31.741048065461154,30.509620743863735,47.61396100179258,1.4669386361431855,20.458236846142498,0.9651701547781699,13.813617423230122,28.529232241384538,1.16637519967739,30.04588684767014,1.1595205768296655
1165,g_s04_k04_from_d20_d26_d34_add_d60,"20,26,34,60",direct full-sequence ATE forward-greedy trial,0,0.9965095986038395,30.045500000000004,30.699700000000004,2.855,30.246720434993353,29.349721294458337,44.37080564513941,1.211853950850399,10.929332027517265,0.7767938685823622,8.229279185895331,28.566640629471873,1.0919548382033692,30.07703056465144,1.087841559071693
1166,g_pair_seed_sweep_d16_d31,"16,31",exhaustive two-channel full-sequence seed sweep (all_singletons_failed),0,0.9965095986038395,30.0475,31.3083,2.0313999999999997,30.395691610861636,28.98852169248277,46.00718351890022,1.524290789680697,25.00297497395978,0.7499991663368004,8.895592603991023,28.598598034648433,1.0561209366193505,30.078544236559964,1.0537492060102478
1167,g_s02_k04_from_d26_d51_d63_add_d12,"12,26,51,63",direct full-sequence ATE forward-greedy trial,0,0.9965095986038395,30.049,30.8052,2.8391,30.328153746003792,29.521506419726645,45.1561784738808,1.2130869348563929,9.604658742430066,0.8096622213006529,7.4757086257227,28.95552755784086,1.070249345038809,30.084476410799166,1.0671990947849292
1168,r_k06_0096_d05_d13_d16_d30_d50_d51,"5,13,16,30,50,51",budget-matched cardinality-stratified random full-sequence control,0,0.9965095986038395,30.0641,31.4935,4.0024999999999995,32.007841038321764,29.614960671326195,53.20674169237871,1.9423420349308747,31.537322861828727,1.1593446087348973,20.964096265158396,28.333910554286796,1.1593706169085078,30.096883966191907,1.1571697419578046
1169,g_pair_seed_sweep_d22_d51,"22,51",exhaustive two-channel full-sequence seed sweep (all_singletons_failed),0,0.9965095986038395,30.1904,31.7795,2.4752,30.453568648167845,28.621988648663706,45.37170939790908,1.9073302510803598,36.270476322250225,0.8136281489633391,9.421883680725724,28.325091814631026,1.0346653204011926,30.216357364421718,1.0283267282697515
1170,r_k05_0140_d10_d12_d14_d28_d52,"10,12,14,28,52",budget-matched cardinality-stratified random full-sequence control,0,0.9965095986038395,30.217899999999997,31.740000000000002,3.4707000000000003,32.449623919023544,31.545091891932582,49.99319698023857,1.6559817365527165,18.612864893065762,0.9837811547665355,11.494367384645997,31.033258708715323,1.0619600227172319,30.19278945701157,1.0865061101335873
1171,r_k04_0178_d16_d35_d40_d50,"16,35,40,50",budget-matched cardinality-stratified random full-sequence control,0,0.9965095986038395,30.2904,31.3427,2.9274,33.87013096466822,33.074408541716274,54.27518256324929,1.5313992241987855,16.62453861401189,0.9807389123321381,13.21859050203936,31.46059115687932,1.1309731537713952,30.262813083807995,1.1697341046188652
1172,g_s02_k03_from_d26_d51_add_d20,"20,26,51",direct full-sequence ATE forward-greedy trial,0,0.9965095986038395,30.317300000000003,31.1463,2.0643000000000002,30.134438195147485,29.132997078299834,45.71955499929874,1.3869881734476053,18.70510601853622,0.8557711498399022,10.210660327793164,28.85358177252258,1.0462708506229639,30.3540126992081,1.0451247473124448
1173,g_pair_seed_sweep_d24_d39,"24,39",exhaustive two-channel full-sequence seed sweep (all_singletons_failed),0,0.9965095986038395,30.3276,31.6758,3.436,31.95009104142797,30.680283148286243,51.385035664473854,2.2896586737209446,26.162697666310468,1.2234688943586334,12.207571590806744,30.491977213516503,1.0647031509570715,30.299684038286443,1.0891048937862708
1174,r_k06_0118_d06_d18_d35_d52_d53_d61,"6,18,35,52,53,61",budget-matched cardinality-stratified random full-sequence control,0,0.9965095986038395,30.3376,33.458,3.0787,32.39951373439712,29.66877180450634,65.59504589675174,1.6953004078816478,31.32337944029915,1.083985902899604,20.957897369640932,29.640241386479925,1.0088569390828666,30.291169332476304,1.0268856384904166
1175,r_k05_0158_d12_d14_d18_d27_d43,"12,14,18,27,43",budget-matched cardinality-stratified random full-sequence control,0,0.9965095986038395,30.346600000000002,31.8998,2.9032999999999998,33.09983392150455,31.864625409031028,65.45314713783195,1.4989789387357304,15.152585340035163,0.8983194679366132,10.664840448398738,31.612851366214063,1.0275229397555783,30.307268880942008,1.0640899926971326
1176,g_pair_seed_sweep_d51_d63,"51,63",exhaustive two-channel full-sequence seed sweep (all_singletons_failed),0,0.9965095986038395,30.3611,31.1856,2.0741,30.14761745003772,29.211534660236094,46.10229563256397,1.5386008247349032,19.984880007788266,0.9179903304395691,10.67221640602424,29.0505554396,1.029317221075208,30.402707479108017,1.0340740148471363
1177,r_k06_0087_d04_d20_d27_d36_d40_d61,"4,20,27,36,40,61",budget-matched cardinality-stratified random full-sequence control,0,0.9965095986038395,30.438,31.4861,3.0637999999999996,32.6073948611129,31.098306030058875,47.02014543038598,1.3203332434485013,13.05365063421691,0.8939314722535608,10.264239673277764,28.74886653148751,1.1779880392440585,30.461219653484,1.1582595093585741
1178,g_pair_seed_sweep_d37_d46,"37,46",exhaustive two-channel full-sequence seed sweep (all_singletons_failed),0,0.9965095986038395,30.458600000000004,31.265500000000003,2.3724,30.349626290159666,29.13723745177656,44.444871508718535,1.6520699424964769,27.895309394656298,0.7507503875800052,6.468191627467186,28.77496944893175,1.0672215772674198,30.482186749643382,1.0671516545640631
1179,g_s03_k04_from_d23_d24_d59_add_d36,"23,24,36,59",direct full-sequence ATE forward-greedy trial,0,0.9965095986038395,30.4887,31.629,2.7390999999999996,31.93271859023044,30.002857336722776,51.304441247921396,1.9544970733759386,29.507481208026192,1.4186109798833708,21.274693881006378,27.773033126614312,1.1708158846645398,30.527200660304736,1.170906798883148
1180,g_s03_k04_from_d23_d24_d59_add_d38,"23,24,38,59",direct full-sequence ATE forward-greedy trial,0,0.9965095986038395,30.4887,31.629,2.7390999999999996,31.93271859023044,30.002857336722776,51.304441247921396,1.9544970733759386,29.507481208026192,1.4186109798833708,21.274693881006378,27.773033126614312,1.1708158846645398,30.527200660304736,1.170906798883148
1181,g_s03_k04_from_d23_d24_d59_add_d48,"23,24,48,59",direct full-sequence ATE forward-greedy trial,0,0.9965095986038395,30.4887,31.629,2.7390999999999996,31.93271859023044,30.002857336722776,51.304441247921396,1.9544970733759386,29.507481208026192,1.4186109798833708,21.274693881006378,27.773033126614312,1.1708158846645398,30.527200660304736,1.170906798883148
1182,r_k06_0195_d16_d17_d22_d27_d29_d52,"16,17,22,27,29,52",budget-matched cardinality-stratified random full-sequence control,0,0.9965095986038395,30.4979,33.597300000000004,3.5326000000000004,32.244432729853564,29.43442779573398,65.15073660812276,2.0095544638417957,35.576142433452794,1.2882740574349658,25.03356146825432,29.429841476475477,1.0085921768956392,30.457227004177817,1.024471029829388
1183,r_k05_0078_d04_d24_d42_d44_d56,"4,24,42,44,56",budget-matched cardinality-stratified random full-sequence control,0,0.9965095986038395,30.538500000000003,31.8752,3.3008,32.257683872865776,30.855138315846105,58.28420903648358,1.6587827264718593,23.448195565311554,0.9369073801338773,14.261314011296845,30.11179476792625,1.0849432964493781,30.542921370249566,1.099832432995016
1184,g_pair_seed_sweep_d46_d47,"46,47",exhaustive two-channel full-sequence seed sweep (all_singletons_failed),0,0.9965095986038395,30.558699999999998,31.796000000000003,3.0808999999999997,31.238712074398634,29.897178474043994,49.29653983673695,2.4459298437191244,45.40885894494469,1.044875583107612,18.744772699065404,29.8537772657769,1.0103660289517595,30.57163956045086,1.0134890119234228
1185,r_k06_0120_d07_d08_d16_d25_d27_d58,"7,8,16,25,27,58",budget-matched cardinality-stratified random full-sequence control,0,0.9965095986038395,30.6099,31.290200000000002,3.7948000000000004,32.03194162905538,30.442013064990746,49.85401239849889,1.7575012702545758,24.239899948472086,1.0287601966454498,14.714211728523658,28.71536916286294,1.1714819935229992,30.644947694826897,1.1615717007572839
1186,g_pair_seed_sweep_d27_d39,"27,39",exhaustive two-channel full-sequence seed sweep (all_singletons_failed),0,0.9965095986038395,30.6774,32.5679,2.48,31.245320561255706,28.689360328607783,51.599152793737154,1.642588744258865,17.073543305836186,1.0268577265599883,11.727329053603501,28.228414902891785,1.08328685522713,30.72520131333268,1.090238530748084
1187,g_pair_seed_sweep_d05_d52,"5,52",exhaustive two-channel full-sequence seed sweep (all_singletons_failed),0,0.9965095986038395,30.6954,32.912,2.8666,32.82852771596014,30.021380250457106,65.99544420466657,2.422372528352423,38.72950019284075,1.2456172558884528,13.53705304285292,30.33941446713285,0.9748710272839554,30.648210089858562,0.9939551222802655
1188,g_pair_seed_sweep_d08_d37,"8,37",exhaustive two-channel full-sequence seed sweep (all_singletons_failed),0,0.9965095986038395,30.713099999999997,33.7667,2.7704,35.7521260156766,33.700069246700245,54.56157467017172,1.476525567888348,7.712477036751126,0.86668660084139,3.982257013462253,32.95573483874462,1.0736611619077958,30.709654829969224,1.126769380396566
1189,r_k05_0190_d16_d28_d41_d54_d60,"16,28,41,54,60",budget-matched cardinality-stratified random full-sequence control,0,0.9965095986038395,30.722500000000004,33.466699999999996,3.5211,32.91689756878565,30.076664763854893,66.16748102648063,2.5068805880821774,47.453106227399715,1.4434906600380264,27.670720707091537,29.691197901882692,1.0574250560272116,30.70400102921427,1.0694092212598962
1190,g_pair_seed_sweep_d23_d56,"23,56",exhaustive two-channel full-sequence seed sweep (all_singletons_failed),0,0.9965095986038395,30.745,33.6064,2.0484999999999998,34.999251073435126,32.24874305096573,59.432292450158144,1.5259697548199487,18.700819799616617,0.8648776540893819,11.16316912892731,30.86091322571335,0.8977269698135883,30.713569908526907,0.9107971597890564
1191,g_pair_seed_sweep_d28_d41,"28,41",exhaustive two-channel full-sequence seed sweep (all_singletons_failed),0,0.9965095986038395,30.7661,31.1452,2.5673000000000004,31.042024197407585,30.362430063479895,42.590503174702285,1.3552426394652417,13.189075377215556,0.9790709502907369,13.361057541350263,29.40229158618908,1.1055716608182042,30.790366648380314,1.1017311268579646
1192,r_k06_0217_d21_d28_d37_d50_d52_d62,"21,28,37,50,52,62",budget-matched cardinality-stratified random full-sequence control,0,0.9965095986038395,30.7725,34.025,3.0475,33.474219522641654,30.63390837859324,64.75351234068626,1.7140051329933328,29.748688466843515,1.0250694291919098,18.99224252826747,30.626023049940176,1.0021244543206762,30.71942076502246,1.024456343591482
1193,r_k06_0012_d00_d04_d07_d30_d46_d50,"0,4,7,30,46,50",budget-matched cardinality-stratified random full-sequence control,0,0.9965095986038395,30.7872,32.4287,3.4469,34.19307718116753,32.712303548922144,51.57443765138533,1.5444088589366227,15.873348917667995,0.9392109589803733,8.962299399377832,31.715721089507,1.1197184672198106,30.787037805427953,1.1507961321851004
1194,g_pair_seed_sweep_d00_d52,"0,52",exhaustive two-channel full-sequence seed sweep (all_singletons_failed),0,0.9965095986038395,30.916,32.2203,2.1593999999999998,33.53192755439244,32.2441930405009,53.71501562472933,1.5548755059522206,15.039737140161296,0.9311259240823793,9.866349497921643,32.23785798735342,0.9787342035242156,30.939025811975757,1.0257524633064719
1195,g_pair_seed_sweep_d22_d60,"22,60",exhaustive two-channel full-sequence seed sweep (all_singletons_failed),0,0.9965095986038395,30.9621,31.8122,2.3404000000000003,30.5819102774975,29.393984239849384,47.37952135805569,1.7257055619487367,24.521778611345706,1.0377819827545256,15.116212875837164,28.99729306768743,1.0626214500931115,31.000213090128614,1.0624616231594766
1196,r_k03_0113_d09_d56_d61,"9,56,61",budget-matched cardinality-stratified random full-sequence control,0,0.9965095986038395,30.9726,31.7877,3.3756,31.903987547003947,30.69493073240724,45.572972090770705,1.3421677964661232,16.594134179113613,0.8794769209608752,11.264660243736905,29.278635036452176,1.1357876254543071,30.99502742097394,1.1241011648592205
1197,g_pair_seed_sweep_d25_d30,"25,30",exhaustive two-channel full-sequence seed sweep (all_singletons_failed),0,0.9965095986038395,30.9859,31.9859,2.2592999999999996,32.06821217691926,30.42273721117178,50.99672962953123,1.5646528829361874,23.36630193514283,0.9679854335792922,10.317728534673185,30.558606743212508,0.9639981322346601,30.939771820999685,0.9843679261962232
1198,r_k06_0018_d00_d11_d20_d34_d48_d51,"0,11,20,34,48,51",budget-matched cardinality-stratified random full-sequence control,0,0.9965095986038395,31.107499999999998,31.7366,3.3601,31.612912064687958,30.02677115860239,50.1087672746376,1.4639758292601646,17.116516080045606,0.8924694052120365,13.371942565566792,29.125691607625516,1.13181355724906,31.13227753894119,1.123831172642587
1199,r_k05_0031_d01_d14_d24_d35_d46,"1,14,24,35,46",budget-matched cardinality-stratified random full-sequence control,0,0.9965095986038395,31.190299999999997,33.414899999999996,2.7197,33.693279303710746,31.84530749342841,65.17198237636295,1.550193904883719,20.00894435998365,0.8460825960815118,7.77875633474529,31.76229932911824,1.0119270678495218,31.13331386055173,1.047069436042836
1200,g_s01_k04_from_d29_d33_d52_add_d34,"29,33,34,52",direct full-sequence ATE forward-greedy trial,0,0.9965095986038395,31.205500000000004,31.9311,2.1277999999999997,31.699712931228742,30.856244039637403,50.0593204028129,1.3813479304116836,18.98900559720419,1.4162153219810052,29.00008268890193,30.339534163506116,1.058892426628917,31.203165496023406,1.063043515810447
1201,g_s02_k06_from_d23_d24_d26_d51_d63_add_d52,"23,24,26,51,52,63",direct full-sequence ATE forward-greedy trial,0,0.9965095986038395,31.2613,31.9677,2.0656,30.87925245649574,29.97358142501067,46.87417113755866,1.605841950142901,26.7861635474205,0.999677002391853,16.037028860670898,29.829708930622857,1.0347461711446448,31.30064217080428,1.0383445719156608
1202,g_pair_seed_sweep_d00_d05,"0,5",exhaustive two-channel full-sequence seed sweep (all_singletons_failed),0,0.9965095986038395,31.278200000000002,34.0041,2.1606,36.19078639682233,32.405377878976715,55.999717655099154,1.7524074344471203,17.440445323271135,1.179576760969956,12.71995056278878,33.037029278903056,0.9232532841540723,31.221195987648297,0.969543092107071
1203,g_s01_k06_from_d29_d31_d33_d52_d55_add_d34,"29,31,33,34,52,55",direct full-sequence ATE forward-greedy trial,0,0.9965095986038395,31.2927,31.8087,2.4415,30.953888335347468,29.96678956807871,47.975867265511475,1.3786544787826576,19.211264903809788,0.8550638885256245,12.499382745302977,29.36182381317927,1.0894390994050631,31.332912087718217,1.0821441040706186
1204,g_pair_seed_sweep_d05_d20,"5,20",exhaustive two-channel full-sequence seed sweep (all_singletons_failed),0,0.9965095986038395,31.3384,32.4783,2.4453,32.815543141796454,31.48993772185153,47.81122821284485,1.6333420649141228,22.304934399598057,1.0756896767833521,12.993758190197026,31.22744085003238,1.0360122413770239,31.291937411588382,1.0537159014450534
1205,g_s01_k06_from_d29_d31_d33_d52_d55_add_d45,"29,31,33,45,52,55",direct full-sequence ATE forward-greedy trial,0,0.9965095986038395,31.340200000000003,32.376599999999996,2.5061,31.912466619160423,30.44142841809505,46.60251557177648,1.4162838259949213,16.706616121375134,0.7676845802000523,9.901361579788023,29.434976933060238,1.1149447130919692,31.3684288172909,1.1015128182816398
1206,g_pair_seed_sweep_d27_d44,"27,44",exhaustive two-channel full-sequence seed sweep (all_singletons_failed),0,0.9965095986038395,31.3533,33.0648,2.4606,33.98409189894224,31.89765221523711,81.66377295474841,1.3785690441675331,8.938961408840344,0.7814018686201328,6.356369583776063,32.11822192588518,0.9724756342265533,31.34686153465468,1.0021915950140852
1207,r_k06_0115_d06_d13_d14_d16_d30_d44,"6,13,14,16,30,44",budget-matched cardinality-stratified random full-sequence control,0,0.9965095986038395,31.392500000000002,33.1218,2.7633,34.13350083399507,32.517151258170756,74.77769478202852,1.3760257538503204,8.777795504989227,0.7642584464535341,5.765432934772637,32.562172519784944,0.9942384695126598,31.36461422543301,1.02806938787289
1208,g_pair_seed_sweep_d00_d46,"0,46",exhaustive two-channel full-sequence seed sweep (all_singletons_failed),0,0.9965095986038395,31.414900000000003,32.4565,2.4552,32.66017125903058,31.590631876237595,47.65271744873033,1.518803960934126,15.645540384087935,0.8164916993667594,9.129278572513465,31.40744369533042,1.0331038911043966,31.443078409707276,1.0721776708635071
1209,g_pair_seed_sweep_d33_d41,"33,41",exhaustive two-channel full-sequence seed sweep (all_singletons_failed),0,0.9965095986038395,31.4995,32.3827,2.0753,31.794198286334506,30.572810033546826,46.07464886673395,1.3985140500692554,16.91683531845924,0.7920455682234042,8.811086168303273,29.82275555257444,1.0974446003169116,31.528256062329866,1.0894434050911188
1210,g_s03_k04_from_d23_d24_d59_add_d14,"14,23,24,59",direct full-sequence ATE forward-greedy trial,0,0.9965095986038395,31.534200000000002,32.9024,2.5338,33.4702170590579,31.855855814444983,62.798303215594544,1.5547485489818795,11.39106295451913,1.0196000054241836,10.967792222547208,31.95047889779992,0.9903812706211852,31.48338281967825,1.0188363013818074
1211,r_k06_0069_d03_d11_d19_d21_d31_d54,"3,11,19,21,31,54",budget-matched cardinality-stratified random full-sequence control,0,0.9965095986038395,31.545299999999997,32.1651,3.2576,32.2746937854595,31.047198175566866,48.935142983432996,1.434141184838464,19.029914254251075,0.9844907642760672,14.771651724650994,29.68032058475884,1.1430327137509335,31.576547564401448,1.1293862015679983
1212,g_pair_seed_sweep_d27_d43,"27,43",exhaustive two-channel full-sequence seed sweep (all_singletons_failed),0,0.9965095986038395,31.6309,32.643,2.2896,31.714904068279125,30.596369823909747,45.316312336767794,1.260146794099141,15.379201341636234,0.6868978867766036,5.454107157336947,30.384628648790663,1.034291594222381,31.658768628564797,1.0355981775172363
1213,r_k03_0016_d01_d13_d34,"1,13,34",budget-matched cardinality-stratified random full-sequence control,0,0.9965095986038395,31.653,33.3835,2.6481999999999997,34.59362322503071,32.43026753178383,63.079744929557194,1.4572840029761023,14.289223526311051,1.1089683615506052,12.03568330283726,31.518961237123992,1.1261464982650964,31.648960305288078,1.1724678012313936
1214,g_pair_seed_sweep_d22_d45,"22,45",exhaustive two-channel full-sequence seed sweep (all_singletons_failed),0,0.9965095986038395,31.696400000000004,32.6596,2.81,31.79914915028064,30.585229311279345,46.635083532925414,1.7036106684011996,31.49333322357669,0.6648926113476695,5.409677357654935,30.044840257097867,1.0741927348148175,31.7219218076637,1.0673076775400576
1215,g_s01_k04_from_d29_d33_d52_add_d10,"10,29,33,52",direct full-sequence ATE forward-greedy trial,0,0.9965095986038395,31.861,32.5668,3.4628,32.11248945629076,30.83322009731001,48.24808175303506,1.375570191057992,17.1706485314052,0.8536392886003273,10.310042407494354,30.148900132092958,1.1053476513000347,31.886588940024076,1.0967804554575804
1216,g_pair_seed_sweep_d06_d20,"6,20",exhaustive two-channel full-sequence seed sweep (all_singletons_failed),0,0.9965095986038395,31.871699999999997,33.373999999999995,2.2861,32.34922193832727,30.69989243151085,46.504913299852575,1.5515315956520688,27.598881968661264,0.683915652521718,7.461068596268274,30.13109844966565,1.0687502732706713,31.895766147540904,1.05592452885486
1217,r_k03_0093_d08_d13_d16,"8,13,16",budget-matched cardinality-stratified random full-sequence control,0,0.9965095986038395,31.9825,34.7433,3.3307,37.50743446529388,35.09997298130023,66.95560891315054,1.9569407849939053,25.754313754369353,1.2475676597982648,20.62771747132166,34.198804491207206,1.1021416342636154,31.95798259814492,1.1649701168386764
1218,g_pair_seed_sweep_d31_d41,"31,41",exhaustive two-channel full-sequence seed sweep (all_singletons_failed),0,0.9965095986038395,32.0331,33.6526,2.9655,32.264402406250454,30.359954318298715,47.16867259300296,2.1183862973872434,42.23357978370186,0.7331126674884583,7.2378500258781795,29.937621952070153,1.0601724923858094,32.05692421748687,1.0506150462503827
1219,g_pair_seed_sweep_d08_d47,"8,47",exhaustive two-channel full-sequence seed sweep (all_singletons_failed),0,0.9965095986038395,32.0651,35.701100000000004,3.0858,37.861325114519,35.151572981014674,59.72485159958515,1.5308956910957483,12.02693761332081,0.9274224590438578,8.51901798546723,35.01784359474957,1.0140431046464602,32.028972908819654,1.0806450612770242
1220,g_pair_seed_sweep_d10_d44,"10,44",exhaustive two-channel full-sequence seed sweep (all_singletons_failed),0,0.9965095986038395,32.1425,33.1372,2.9007,32.24211008492211,31.166912117747973,57.8816981144611,1.4961768085713674,13.379407824323986,0.9003063181678947,9.504492745780471,31.044754737400392,1.0205862519015774,32.172982958068935,1.0271295886181708
1221,g_pair_seed_sweep_d30_d41,"30,41",exhaustive two-channel full-sequence seed sweep (all_singletons_failed),0,0.9965095986038395,32.1812,33.657399999999996,2.6035,33.85588142761892,32.06770776996387,59.72073853688264,1.7078848648049143,20.19644248174519,0.8746990935875695,11.267824378385164,32.061057058647734,0.9704719012712103,32.18494199126924,0.9854922673972772
1222,g_pair_seed_sweep_d45_d63,"45,63",exhaustive two-channel full-sequence seed sweep (all_singletons_failed),0,0.9965095986038395,32.2421,33.099000000000004,2.7248,33.47540394600716,32.24894118576426,50.74878911544943,1.5068980350808645,24.899353766840324,0.798362625313518,10.513457077189695,32.334576384684176,0.9621655593909432,32.24585506835733,0.9867284159477065
1223,r_k05_0151_d10_d23_d25_d45_d58,"10,23,25,45,58",budget-matched cardinality-stratified random full-sequence control,0,0.9965095986038395,32.243500000000004,32.8541,3.7104,32.09104069831101,30.94966202809489,49.21313813850527,1.5704475184518507,21.685726549356215,1.096501292268378,14.616031340721658,30.388248277255634,1.099586499602751,32.28068875077295,1.089832305852181
1224,g_pair_seed_sweep_d28_d44,"28,44",exhaustive two-channel full-sequence seed sweep (all_singletons_failed),0,0.9965095986038395,32.251200000000004,33.320699999999995,2.5881000000000003,33.06518826045768,31.804641170170385,69.78600226054053,1.5358556405710404,18.404259111391884,0.9067391558728309,12.948680587296222,31.74501148171566,1.0090263912671404,32.2677303992571,1.0208571603324792
1225,g_pair_seed_sweep_d15_d30,"15,30",exhaustive two-channel full-sequence seed sweep (all_singletons_failed),0,0.9965095986038395,32.2757,33.418,2.4538,32.565484528085854,31.247098708720383,50.5891366915588,1.402183563328519,11.290504186693497,0.7337520826343693,4.4429428224309175,31.108578861117092,1.028058093370593,32.30340747701938,1.034591838695477
1226,r_k04_0190_d19_d25_d27_d62,"19,25,27,62",budget-matched cardinality-stratified random full-sequence control,0,0.9965095986038395,32.3072,33.0925,3.8575999999999997,32.84736321851643,31.232451515964133,51.81032956609013,1.6583185251238572,22.872368971470713,0.9503141490877698,14.431814504639725,30.0129890274774,1.1456759207443132,32.337208210329685,1.1361555377171793
1227,r_k03_0044_d03_d21_d57,"3,21,57",budget-matched cardinality-stratified random full-sequence control,0,0.9965095986038395,32.3169,32.8675,3.4141,32.629801316998794,31.61554180570357,48.54298680122239,1.3953107946021164,17.74757249708699,0.9717375992865068,12.775108634439485,30.561285791365812,1.123478934004329,32.34568273035648,1.115118867593909
1228,r_k03_0120_d10_d29_d34,"10,29,34",budget-matched cardinality-stratified random full-sequence control,0,0.9965095986038395,32.3565,33.6342,3.324,33.523662121261445,32.16594768667932,56.25110397392267,2.0830960511697003,38.53640765563541,1.2971274225504668,24.39334965442718,31.23337903926068,1.0954404978828407,32.369766030477045,1.0952588629507218
1229,r_k05_0213_d22_d48_d53_d62_d63,"22,48,53,62,63",budget-matched cardinality-stratified random full-sequence control,0,0.9965095986038395,32.4052,34.3446,3.6554999999999995,36.32800801590949,34.38932529308769,57.61592741697677,2.192517968956999,27.89159620590719,1.5329113264004295,24.194482890978172,32.99368345901468,1.1377542341523896,32.430905888187084,1.1591127378362849
1230,r_k04_0100_d06_d36_d52_d61,"6,36,52,61",budget-matched cardinality-stratified random full-sequence control,0,0.9965095986038395,32.4243,36.5286,3.2848,35.62695824680947,31.734892236054936,72.39221290708687,2.0939257332233767,42.31202065258354,1.3232954245082207,26.747054286433144,31.46510200235047,0.9482886121617292,32.36942406825022,0.9629332127145814
1231,g_pair_seed_sweep_d24_d34,"24,34",exhaustive two-channel full-sequence seed sweep (all_singletons_failed),0,0.9965095986038395,32.4662,33.6146,3.8929,35.96642023662655,33.99463133299186,57.09230439678733,2.235082844350301,36.05965425697685,1.6615703675368343,32.21058964409603,33.01236272744217,1.1377091383718743,32.47198911512598,1.1604542544167484
1232,g_pair_seed_sweep_d45_d50,"45,50",exhaustive two-channel full-sequence seed sweep (all_singletons_failed),0,0.9965095986038395,32.5049,33.881699999999995,2.258,35.2236433817445,33.06923033125741,76.29576789028292,1.5987630703704927,22.902399020783257,0.8714330645771335,11.469328443585693,33.33296208124931,0.9368669788514055,32.509870952739334,0.957714268322495
1233,g_s03_k06_from_d23_d24_d40_d59_d63_add_d14,"14,23,24,40,59,63",direct full-sequence ATE forward-greedy trial,0,0.9965095986038395,32.5135,33.823,2.7306,34.507079904390494,32.907558904723,62.91572225320046,1.6965202622843154,20.567814491383913,1.0519245648400162,10.660382073433828,33.028228714418724,0.9866159061870037,32.46392438238389,1.018936570828966
1234,g_pair_seed_sweep_d33_d34,"33,34",exhaustive two-channel full-sequence seed sweep (all_singletons_failed),0,0.9965095986038395,32.523,33.5406,2.7079,34.425654829926955,33.01858268427853,52.41425899179377,1.6259274132557862,17.78267642454668,0.9446655875082132,11.050052779002305,32.88781327562991,1.0658671520018856,32.55970995984525,1.088067304615663
1235,r_k03_0225_d29_d31_d41,"29,31,41",budget-matched cardinality-stratified random full-sequence control,0,0.9965095986038395,32.6303,34.1387,2.8163,33.843247114715886,32.02390026630489,48.38767962635747,1.5997158321758673,24.565575332818746,0.7756470171992945,6.5748790925523855,30.80190483305368,1.1253107059736964,32.63836599738734,1.1035720141407066
1236,r_k05_0112_d07_d25_d48_d61_d63,"7,25,48,61,63",budget-matched cardinality-stratified random full-sequence control,0,0.9965095986038395,32.7017,34.2828,3.36,34.86144929312491,32.92293066016273,57.7128437341925,1.3739126160765343,15.746082224235922,0.8220431890262989,4.932346347460421,31.475383143122105,1.148091861877296,32.7217747621735,1.1486692847412798
1237,g_pair_seed_sweep_d39_d50,"39,50",exhaustive two-channel full-sequence seed sweep (all_singletons_failed),0,0.9965095986038395,32.7307,34.4339,2.503,36.22317109423472,33.90896913127746,81.02659800741148,1.6073425159916783,6.779462941477223,1.0113138891429365,10.040573092148588,34.311627405797765,0.9581824086438361,32.69839619480049,1.0086296086689082
1238,r_k03_0056_d04_d42_d50,"4,42,50",budget-matched cardinality-stratified random full-sequence control,0,0.9965095986038395,32.7308,33.5939,3.7754000000000003,34.43594817553971,33.2217469313421,50.38539403750312,1.527716583101342,22.60720810600069,1.0095059978890548,15.864123855830043,31.638326974924702,1.1571406713343277,32.75199582105931,1.1521400696068749
1239,r_k05_0026_d01_d07_d09_d22_d52,"1,7,9,22,52",budget-matched cardinality-stratified random full-sequence control,0,0.9965095986038395,32.8056,35.4201,4.3499,34.684163198633044,31.756023806262228,70.65056265778372,2.3583953834480886,46.25105715007525,1.4015068110977789,27.579056627850818,31.440347968213644,1.0701346535554823,32.79520458921257,1.0774621467755308
1240,g_pair_seed_sweep_d28_d57,"28,57",exhaustive two-channel full-sequence seed sweep (all_singletons_failed),0,0.9965095986038395,32.811099999999996,34.3383,2.2916,33.19033132009616,31.21520128935968,51.31123766592673,1.721504064494982,26.41187021737219,0.8918116949555491,11.487027439189015,31.196899110984354,0.9549419933185607,32.853586959815686,0.9499332581500776
1241,g_pair_seed_sweep_d00_d42,"0,42",exhaustive two-channel full-sequence seed sweep (all_singletons_failed),0,0.9965095986038395,32.8863,34.2956,3.1943,33.316972370768156,31.898821000634552,48.56481520119832,2.4129714825287527,41.28271685918529,1.2052700365444573,15.673377776604678,31.875722853879978,0.977587676783172,32.91578229835018,0.9877190210657851
1242,r_k05_0179_d14_d31_d36_d41_d50,"14,31,36,41,50",budget-matched cardinality-stratified random full-sequence control,0,0.9965095986038395,32.9095,34.4709,2.752,35.36034940832325,33.77291520704405,71.36034928301281,1.5942538333485423,18.49836408436699,0.9153691042968958,11.777549164112319,33.69394228885223,1.0100569247637496,32.8652353013232,1.0452392422323655
1243,r_k03_0202_d23_d26_d35,"23,26,35",budget-matched cardinality-stratified random full-sequence control,0,0.9965095986038395,32.9503,33.583200000000005,3.6816,32.68604808913139,31.60716159447576,50.13107352055246,2.025261702445239,36.97113760314852,1.2161201974189901,20.607107159816334,30.864822766514965,1.0978986813997775,32.99009527110875,1.0808415258736506
1244,g_pair_seed_sweep_d08_d28,"8,28",exhaustive two-channel full-sequence seed sweep (all_singletons_failed),0,0.9965095986038395,32.9548,33.3594,2.7753,33.07772036197314,32.495590065077465,48.9969983608116,1.7114868996729897,19.790789101596378,0.9999634938399247,8.644078127227765,32.039947086062284,1.074598915065056,32.97923391734861,1.0853450367953275
1245,r_k06_0073_d03_d14_d43_d44_d55_d63,"3,14,43,44,55,63",budget-matched cardinality-stratified random full-sequence control,0,0.9965095986038395,32.9565,35.450199999999995,3.0923,35.121798856275845,32.845334510530236,67.4189589846388,1.7767080554341965,24.700232786053903,1.0946908882791986,15.252437507882826,32.9319010481754,0.9761909928017237,32.90694487505934,1.0074110734362562
1246,g_pair_seed_sweep_d30_d52,"30,52",exhaustive two-channel full-sequence seed sweep (all_singletons_failed),0,0.9965095986038395,33.009100000000004,34.8964,2.7148,34.17641385108462,32.337910306539904,59.104484487115236,2.1146826292629846,28.092445609493122,1.2082939789523501,17.234961108211564,32.31642345015583,0.9839697003611754,33.03957210459087,1.0159791579037294
1247,r_k04_0118_d08_d37_d48_d50,"8,37,48,50",budget-matched cardinality-stratified random full-sequence control,0,0.9965095986038395,33.014900000000004,35.598,3.1355,38.62612635987564,36.99555140256358,65.71771303940069,1.5580367626395424,16.96717197821419,1.0085243124414776,13.284555023963817,36.53460605574847,1.04177670422565,32.96590062692379,1.1111618057121269
1248,g_s02_k03_from_d26_d51_add_d28,"26,28,51",direct full-sequence ATE forward-greedy trial,0,0.9965095986038395,33.1069,34.5136,2.2703,32.94145793405579,31.189001797531766,51.503051633276186,1.6116258688919722,20.640314445916776,1.2211407365629037,18.284176767445796,31.118540286856867,1.0170946382223336,33.148314626820316,1.0137116963673918
1249,g_pair_seed_sweep_d51_d52,"51,52",exhaustive two-channel full-sequence seed sweep (all_singletons_failed),0,0.9965095986038395,33.108399999999996,35.259299999999996,2.2756,33.9316234899373,31.192531931196864,53.446247357871066,2.023466420449878,37.68266029106171,1.301601090055174,24.6895915415104,31.335541851302494,0.9657937035098566,33.15229828983309,0.9522528790502939
1250,r_k03_0195_d21_d38_d56,"21,38,56",budget-matched cardinality-stratified random full-sequence control,0,0.9965095986038395,33.1106,33.8763,3.3272000000000004,33.43652344063561,32.42808558239952,47.09260572448966,1.3240927289650113,17.443074999645653,0.9190828472818785,12.760477831518056,31.468619047772826,1.109624049403071,33.13135718778445,1.08974069842212
1251,g_pair_seed_sweep_d11_d37,"11,37",exhaustive two-channel full-sequence seed sweep (all_singletons_failed),0,0.9965095986038395,33.2333,34.1928,2.5171,32.59083330558831,31.28337299289704,47.60900287413906,1.565772974163219,23.498686638795476,0.8044778964129283,9.08133854642266,30.947012311287104,1.0510669010299767,33.25618540556512,1.0414902108050181
1252,r_k04_0119_d08_d37_d55_d59,"8,37,55,59",budget-matched cardinality-stratified random full-sequence control,0,0.9965095986038395,33.2686,34.027499999999996,3.0444,34.64337478368166,33.27020095655636,54.96929311375266,1.6594834380398664,19.67724992122247,0.8832788270382872,8.576984444287719,31.927715968424447,1.1552382036532043,33.28878276489369,1.1620305666741173
1253,r_k05_0011_d00_d13_d14_d22_d49,"0,13,14,22,49",budget-matched cardinality-stratified random full-sequence control,0,0.9965095986038395,33.291199999999996,36.1315,3.7989,35.847022646367705,33.219233819970086,67.30017355525958,2.2670467165785633,36.68690093363159,1.3079871119857611,19.892627020018164,33.24467647359414,0.9921332296310277,33.24411876018056,1.0211680873013584
1254,g_pair_seed_sweep_d14_d57,"14,57",exhaustive two-channel full-sequence seed sweep (all_singletons_failed),0,0.9965095986038395,33.292899999999996,35.1597,2.3366000000000002,35.733598750514794,33.395252941640905,66.70563192315775,1.619907935750263,23.853447890607384,0.9616851679257161,14.588336731325398,33.43558339184579,0.9478778012524147,33.24309197340923,0.9763936256629014
1255,g_s01_k06_from_d29_d31_d33_d52_d55_add_d22,"22,29,31,33,52,55",direct full-sequence ATE forward-greedy trial,0,0.9965095986038395,33.3252,34.5736,2.6531,33.68029483072806,32.02508868220952,49.805994397486195,1.597844135321977,20.975204480312556,0.8405299670049686,11.305548598746855,31.106648375303546,1.1115960767599855,33.35201759847638,1.0960991497350132
1256,g_pair_seed_sweep_d24_d55,"24,55",exhaustive two-channel full-sequence seed sweep (all_singletons_failed),0,0.9965095986038395,33.3916,34.3384,3.3034,33.91053418672713,32.498908949947456,55.146319561992485,1.7444796154887052,21.786063481128817,1.0397723137325772,14.865195384234317,31.32715698330315,1.1336604353252138,33.419264608856935,1.119802540142421
1257,r_k03_0079_d06_d55_d62,"6,55,62",budget-matched cardinality-stratified random full-sequence control,0,0.9965095986038395,33.420899999999996,34.185900000000004,2.9273000000000002,35.01554886357861,33.74522588177415,49.637040637250486,1.6897379822988863,27.5059532834595,1.360349063559421,26.177845109426062,32.578784794370826,1.1279949526718769,33.45038151876615,1.1259205008876683
1258,g_s04_k03_from_d20_d26_add_d35,"20,26,35",direct full-sequence ATE forward-greedy trial,0,0.9965095986038395,33.4486,34.198499999999996,3.3049000000000004,32.92768106449633,32.02950131158484,51.31351718717483,2.0325669411629086,33.90796176609071,1.076855975914518,13.396544853914493,31.865355227076968,1.0367304899274492,33.47975857560186,1.0199924166704153
1259,r_k04_0169_d15_d45_d50_d58,"15,45,50,58",budget-matched cardinality-stratified random full-sequence control,0,0.9965095986038395,33.487,36.7606,4.029400000000001,36.02578344708192,32.60959697456692,73.37726492354174,2.5064847251931233,50.66080046935014,1.6327529490892059,34.94222186049825,31.939225526751088,1.0750617686083914,33.43649578420327,1.0846796597389134
1260,swap_k04_0075_d14_d15_d26_d34,"14,15,26,34",one-channel swap audit around provisional greedy endpoint,0,0.9965095986038395,33.5067,34.437400000000004,2.5498,34.8294964174943,33.36611199000741,54.35827079919239,1.5597400271959467,21.88327741114779,0.8635130354407184,11.701178307351922,33.457651374411675,0.9646408901149451,33.47777465874376,0.9846297709676692
1261,g_pair_seed_sweep_d22_d63,"22,63",exhaustive two-channel full-sequence seed sweep (all_singletons_failed),0,0.9965095986038395,33.5265,34.0754,3.1306000000000003,34.08424948130095,33.395282914510865,48.529814558242435,2.4904416851377253,46.93270806192467,1.4449969980970132,24.990807178826707,33.26338340938504,0.9563754426678405,33.52862375151396,0.9744257588956425
1262,g_pair_seed_sweep_d30_d45,"30,45",exhaustive two-channel full-sequence seed sweep (all_singletons_failed),0,0.9965095986038395,33.5692,34.4394,2.6817,33.35257469179113,32.21265068878179,48.60170309515689,1.6222022427404015,24.30522503586005,0.8582413188767474,10.002012674866114,32.2167276361628,0.9985752287444372,33.606286559748355,1.0020308954037802
1263,g_pair_seed_sweep_d08_d10,"8,10",exhaustive two-channel full-sequence seed sweep (all_singletons_failed),0,0.9965095986038395,33.5861,35.4152,2.9937,35.06431195011769,33.29387630719212,50.30294259230954,1.6420476445006844,14.661343740913486,0.947581010037294,10.441953030999226,32.99038630814667,1.042923644596761,33.5919823352703,1.0705529331547747
1264,g_pair_seed_sweep_d19_d30,"19,30",exhaustive two-channel full-sequence seed sweep (all_singletons_failed),0,0.9965095986038395,33.6262,34.4397,2.907,32.85191253456265,31.667204405736065,51.23738455402314,1.5927525185888316,14.71239747706472,0.8952309126207225,8.930823892249364,31.633861112805207,1.0260882235965312,33.67378710922691,1.0315154927241397
1265,g_pair_seed_sweep_d30_d44,"30,44",exhaustive two-channel full-sequence seed sweep (all_singletons_failed),0,0.9965095986038395,33.7413,34.8534,2.731,35.79072199013218,34.12674904369724,71.89310656258534,1.464827641749357,9.457277299559614,0.8504917446736854,9.109260902112817,34.26345938563713,0.9492094032129051,33.741630959494046,0.9711873384048452
1266,r_k06_0056_d02_d08_d14_d41_d55_d59,"2,8,14,41,55,59",budget-matched cardinality-stratified random full-sequence control,0,0.9965095986038395,33.7883,35.3996,2.7415,36.337354448905266,34.629264048850985,77.55843857968226,1.6679246682941,17.168296301894138,0.9603457384281837,11.667545404601492,34.50907315939665,1.0135233151992606,33.745542733688985,1.0486201640767912
1267,g_pair_seed_sweep_d23_d28,"23,28",exhaustive two-channel full-sequence seed sweep (all_singletons_failed),0,0.9965095986038395,33.8487,35.1427,2.3323,33.57346313852073,31.903099956738064,49.3948442600563,1.5368017092433512,22.1075233884221,0.8836913886365574,12.888118546176862,31.55362927148495,1.0477927151749014,33.874766094423194,1.035350342931514
1268,r_k04_0051_d02_d53_d56_d60,"2,53,56,60",budget-matched cardinality-stratified random full-sequence control,0,0.9965095986038395,33.996300000000005,35.0409,3.8381,34.55972912994696,32.977913301656116,54.79814304823961,1.6252986687728295,22.289777621049172,1.0132398095117152,15.668353937544094,31.58174539294939,1.1444394941121718,34.015320753694525,1.12499602597673
1269,g_pair_seed_sweep_d20_d51,"20,51",exhaustive two-channel full-sequence seed sweep (all_singletons_failed),0,0.9965095986038395,34.0173,37.5227,4.155600000000001,41.50283020038877,38.793910705784654,70.31089630601441,4.131386738103412,82.15595783155112,2.2642936477249966,47.42363998570499,33.062233945097546,0.8046153501089074,34.00303030455793,0.8118000595515301
1270,r_k05_0032_d01_d15_d41_d54_d58,"1,15,41,54,58",budget-matched cardinality-stratified random full-sequence control,0,0.9965095986038395,34.035199999999996,36.1156,3.1102000000000003,36.253351600232875,33.750643303344624,68.83934026412271,1.7610253288412636,20.996932596107285,1.0442792507194836,11.71718329717662,33.12881498613255,1.107926385121784,34.043052060976855,1.1041154390995997
1271,g_pair_seed_sweep_d42_d51,"42,51",exhaustive two-channel full-sequence seed sweep (all_singletons_failed),0,0.9965095986038395,34.1334,36.8765,2.7893999999999997,35.66293304716403,32.476621267948,56.33009320610759,2.490598701566602,45.60744501518327,1.4688146064299672,24.67908620832042,32.6264554937155,0.9566125932522911,34.1711267162063,0.944435574237823
1272,r_k06_0099_d05_d14_d29_d34_d39_d48,"5,14,29,34,39,48",budget-matched cardinality-stratified random full-sequence control,0,0.9965095986038395,34.2387,35.6045,2.6122,36.47504972535609,34.865189683883195,63.79291164965758,1.6195022864518658,22.529711495943957,0.9363640807990281,12.095262044294309,34.52548688754768,1.0419670900700757,34.193052956600916,1.0665508097460747
1273,g_pair_seed_sweep_d23_d30,"23,30",exhaustive two-channel full-sequence seed sweep (all_singletons_failed),0,0.9965095986038395,34.2486,35.519400000000005,2.3796999999999997,34.44891525398751,32.914522994909966,49.66332755973199,1.3913480527742823,10.395192753382386,0.6978206498585713,5.321525765321801,32.93774007313161,0.9839818537174987,34.28747029530605,0.9844796562517213
1274,g_pair_seed_sweep_d08_d16,"8,16",exhaustive two-channel full-sequence seed sweep (all_singletons_failed),0,0.9965095986038395,34.293600000000005,36.260799999999996,2.7727000000000004,37.753163198706005,36.277970382162685,60.807847058415646,1.5178495044650024,11.475453655550668,1.0213841201816174,14.596820278934414,35.680318350792454,1.0609820542676278,34.29048260778734,1.1103829674129873
1275,g_pair_seed_sweep_d23_d51,"23,51",exhaustive two-channel full-sequence seed sweep (all_singletons_failed),0,0.9965095986038395,34.3379,36.0227,2.3196000000000003,34.7912724158367,32.73322404223269,51.46655865319394,1.8694391644745896,35.341848462217825,0.8876781080915954,14.219123246985802,32.83658378782278,0.9765589285647702,34.37375014473948,0.9632052597326517
1276,r_k05_0238_d32_d42_d45_d48_d62,"32,42,45,48,62",budget-matched cardinality-stratified random full-sequence control,0,0.9965095986038395,34.348800000000004,36.2372,2.606,36.19491900674904,34.36304238505928,55.58736632613637,1.3080055268568047,12.585717684427802,0.8687418935112746,8.12926116766616,32.98060407760456,1.1305386468271452,34.384605607110714,1.123324671406716
1277,g_pair_seed_sweep_d40_d42,"40,42",exhaustive two-channel full-sequence seed sweep (all_singletons_failed),0,0.9965095986038395,34.3518,36.604,3.1713,35.00049918207204,32.386914603355464,54.528461814439154,2.0262599606597327,38.434248294385,0.8531174276844672,11.907876325164258,32.46270660136144,0.9845338550054817,34.37947714463737,0.9660802707399337
1278,g_pair_seed_sweep_d24_d30,"24,30",exhaustive two-channel full-sequence seed sweep (all_singletons_failed),0,0.9965095986038395,34.4105,36.3587,3.9347,35.517421978019456,33.11856740167733,62.29765031771465,2.026879247824946,19.375548887652393,1.091563767508694,11.601128448137535,32.67785952449229,1.0660649791437666,34.42504648357768,1.0872272304801591
1279,g_pair_seed_sweep_d30_d53,"30,53",exhaustive two-channel full-sequence seed sweep (all_singletons_failed),0,0.9965095986038395,34.4823,36.133700000000005,2.7995,35.83764185559291,33.78944361608616,68.67224442018217,1.4646842144498602,11.287689171483633,0.7552025053933328,5.001718468374771,33.86593172235147,0.9760416949530999,34.502566426896756,0.9899163185131993
1280,g_pair_seed_sweep_d08_d60,"8,60",exhaustive two-channel full-sequence seed sweep (all_singletons_failed),0,0.9965095986038395,34.487,36.4934,2.9662,35.26307185958196,33.063373003739386,52.31449975282392,2.239858282765376,44.8415216161644,0.8744852165764775,11.795457775826993,33.12600237572376,0.9807564522844552,34.52694859649934,0.9815999692400915
1281,r_k05_0073_d04_d14_d26_d45_d46,"4,14,26,45,46",budget-matched cardinality-stratified random full-sequence control,0,0.9965095986038395,34.598800000000004,36.564099999999996,2.9248,36.20343027930998,34.298837180427675,59.054738807567986,1.7481810706560594,23.1852356028971,1.0003024352068113,12.78898133761103,34.368272600616656,0.9711814723908704,34.541053103124966,1.0012399427833814
1282,g_pair_seed_sweep_d30_d47,"30,47",exhaustive two-channel full-sequence seed sweep (all_singletons_failed),0,0.9965095986038395,34.6331,36.112300000000005,3.0263999999999998,35.37108393723071,33.76534597121037,56.167448638629594,1.518895795806821,15.271923206836895,0.7229512032017221,4.021113929455249,33.7378248957381,1.0071228011171847,34.66160016997817,1.009682066045236
1283,r_k03_0160_d14_d36_d37,"14,36,37",budget-matched cardinality-stratified random full-sequence control,0,0.9965095986038395,34.6505,36.3034,3.6847,38.24472253020982,36.2102637950849,69.41770743637876,1.879622940219058,31.27767122971152,1.0426332284633213,15.636160099257832,35.178776972191336,1.1146062588036239,34.601871742616005,1.1432690622823343
1284,r_k04_0103_d07_d10_d16_d51,"7,10,16,51",budget-matched cardinality-stratified random full-sequence control,0,0.9965095986038395,34.6794,35.908699999999996,3.6879000000000004,35.49064840649535,33.60770940005264,54.59623156627573,1.5182693223659571,22.00015515527047,1.018762819869616,15.790298137383827,32.20652885488218,1.1455821432994897,34.71179361481965,1.1286780613166008
1285,g_pair_seed_sweep_d01_d42,"1,42",exhaustive two-channel full-sequence seed sweep (all_singletons_failed),0,0.9965095986038395,34.8427,36.918099999999995,2.9491,35.5842977102904,33.034969856933124,57.575386733987,2.386506943583868,47.96955631489034,1.0087150704293713,16.846884377385834,33.087580155302945,0.9537373426281475,34.872333284204224,0.9412707816272711
1286,r_k03_0091_d08_d09_d32,"8,9,32",budget-matched cardinality-stratified random full-sequence control,0,0.9965095986038395,34.8495,37.0777,3.2058000000000004,38.43355222874178,36.54652889272641,70.43141455835837,1.855629003281628,19.838356134487263,1.1708100818670626,14.419278694137349,36.463323781477094,1.0194284697828524,34.84158967680645,1.0575225788327585
1287,g_s02_k03_from_d26_d51_add_d58,"26,51,58",direct full-sequence ATE forward-greedy trial,0,0.9965095986038395,34.9279,35.8867,3.2058000000000004,34.71826402092398,33.49587725892687,53.20410092213904,1.7494597126868512,31.508152722744587,1.1451661753453128,19.329837707930608,33.027392143617426,1.0733338576685119,34.96943351620757,1.0542363984670244
1288,g_pair_seed_sweep_d16_d30,"16,30",exhaustive two-channel full-sequence seed sweep (all_singletons_failed),0,0.9965095986038395,34.9287,35.9675,3.0145,35.05547975856319,33.852093540320844,55.78282208001971,1.4327685386022984,11.18613930798929,0.7751994420487656,5.150960211133603,33.808271929750475,1.0119556254066722,34.96760123002705,1.0152216034429378
1289,r_k03_0224_d29_d30_d42,"29,30,42",budget-matched cardinality-stratified random full-sequence control,0,0.9965095986038395,34.930499999999995,37.3939,2.5725000000000002,36.9340898599411,33.99503055711761,66.38308613761697,1.9705303923412452,25.194256234978447,1.1984559693727783,17.346443223891207,34.15242423869888,0.9673934510130755,34.953759988337325,0.963495790532727
1290,g_pair_seed_sweep_d08_d45,"8,45",exhaustive two-channel full-sequence seed sweep (all_singletons_failed),0,0.9965095986038395,34.9438,36.1978,2.6707,35.66337400830874,34.05188489438514,57.33257948575306,1.8907387505905724,35.358983199894524,0.9069860633930587,14.707604925567747,34.19368096457841,0.9672485022278965,34.97892123019024,0.9695002414018064
1291,r_k04_0077_d04_d19_d20_d57,"4,19,20,57",budget-matched cardinality-stratified random full-sequence control,0,0.9965095986038395,34.9482,35.8379,3.9766000000000004,35.001385284801465,33.33352908268647,53.661654299529346,1.7004914986924753,27.471829805747426,1.1379244835380153,18.82278870757091,32.453207344228964,1.128422576029772,34.982804315822484,1.1059596159821286
1292,g_pair_seed_sweep_d40_d60,"40,60",exhaustive two-channel full-sequence seed sweep (all_singletons_failed),0,0.9965095986038395,34.9818,36.882999999999996,2.2272,35.43984574014981,33.23140131298837,54.04956503485414,1.546172995923324,22.652478116858422,0.8216597889868459,10.115859062908516,33.2405235493549,0.9985263432756307,35.02507415048166,0.9881532476794049
1293,g_s01_k05_from_d29_d31_d33_d52_add_d22,"22,29,31,33,52",direct full-sequence ATE forward-greedy trial,0,0.9965095986038395,35.2329,36.5666,2.547,35.629710450705524,33.931969216563466,50.1738661543228,1.532086270240114,18.81466242639099,0.85347741479954,12.539021878957746,33.421325205468165,1.0917751360429417,35.24844262666872,1.071781651162923
1294,g_pair_seed_sweep_d01_d55,"1,55",exhaustive two-channel full-sequence seed sweep (all_singletons_failed),0,0.9965095986038395,35.2574,37.073499999999996,3.4768,35.578615225889756,32.95999644870962,57.68533205581075,3.0536903102690687,55.407004470435,1.9364578014284899,40.96053721263481,32.9503508250122,0.9648528664395432,35.31202113329125,0.9596740934955187
1295,g_pair_seed_sweep_d10_d57,"10,57",exhaustive two-channel full-sequence seed sweep (all_singletons_failed),0,0.9965095986038395,35.329100000000004,36.3391,3.0423999999999998,33.966428440278406,32.427625864417124,55.16964935394749,1.4862074115658368,14.17951348732699,0.9172883176022212,8.11043646618467,32.35348698302053,1.0231672693959617,35.38247851132431,1.0168971309797539
1296,g_pair_seed_sweep_d30_d37,"30,37",exhaustive two-channel full-sequence seed sweep (all_singletons_failed),0,0.9965095986038395,35.3576,36.6971,2.445,36.00981555830287,34.32110550414687,63.81368660576613,1.3955498148025054,10.462618316443113,0.729976422086408,3.8912614258217384,34.39417534296578,0.9749696029929982,35.39222573432752,0.9775302370911032
1297,g_pair_seed_sweep_d53_d57,"53,57",exhaustive two-channel full-sequence seed sweep (all_singletons_failed),0,0.9965095986038395,35.423700000000004,36.7716,2.0825,35.40930581637336,33.53339673334047,53.913419076559244,1.5752542654754125,19.367841859808255,0.9687237740230934,12.883194679532192,33.59562673144197,0.9690055479950599,35.4566639926136,0.9625048468079237
1298,r_k06_0229_d30_d40_d44_d47_d48_d50,"30,40,44,47,48,50",budget-matched cardinality-stratified random full-sequence control,0,0.9965095986038395,35.4892,36.709199999999996,2.8027,37.47490231712191,35.876969257940544,71.183273534813,1.539064502150047,16.502031387932067,0.7793565454337812,4.218936037905699,36.01698320340994,0.971171143501748,35.453115653771675,1.00725080967423
1299,g_pair_seed_sweep_d06_d39,"6,39",exhaustive two-channel full-sequence seed sweep (all_singletons_failed),0,0.9965095986038395,35.5752,36.6204,2.4781999999999997,34.68890466503636,33.03789598404085,51.60173839929628,1.4762080422207022,17.290433942378126,0.7563333792105545,7.082355337398764,32.72007870671222,1.0649247721151007,35.606535134484915,1.0541504655122558
1300,g_pair_seed_sweep_d41_d53,"41,53",exhaustive two-channel full-sequence seed sweep (all_singletons_failed),0,0.9965095986038395,35.605199999999996,36.5212,2.7631,35.287143807721684,34.01276593341617,50.00952537160514,1.8503031895850743,24.31889557329465,1.0511652932216067,12.850496980373357,33.60392614524525,1.0635079880166973,35.632927835969454,1.056351103868551
1301,r_k05_0040_d02_d04_d22_d25_d34,"2,4,22,25,34",budget-matched cardinality-stratified random full-sequence control,0,0.9965095986038395,35.6761,37.583,3.5888000000000004,39.17708030371978,36.54026387518575,60.080484042320414,1.936413439792982,24.846173499452398,1.2268975054415407,15.197987525875796,33.167541974255286,1.244493123300119,35.71739927936509,1.235239653190086
1302,g_pair_seed_sweep_d34_d52,"34,52",exhaustive two-channel full-sequence seed sweep (all_singletons_failed),0,0.9965095986038395,35.7959,36.9625,2.4653,35.63135930807398,34.2670000687606,52.44837872536245,1.7466188012125432,29.008944069130422,1.0552866634521574,19.427353383940194,34.27455386256737,0.9967012541829393,35.8347593886546,0.9829113355717488
1303,r_k03_0100_d08_d24_d39,"8,24,39",budget-matched cardinality-stratified random full-sequence control,0,0.9965095986038395,35.888999999999996,40.173199999999994,2.8999,43.87890208162175,40.398826319975775,73.81884613022376,1.832857543045714,8.280515885081103,1.0809751687083191,9.334389780201624,40.90812904226912,0.943696337853928,35.83634438053585,1.0406170314605412
1304,g_pair_seed_sweep_d12_d49,"12,49",exhaustive two-channel full-sequence seed sweep (all_singletons_failed),0,0.9965095986038395,35.944900000000004,38.120599999999996,2.8682,37.52473885136361,35.100542166819395,70.3348316849895,1.8832779137837676,26.738339868545857,1.1222538308445233,17.34544257374883,35.040196090859105,1.0207372141256184,35.962791249108385,1.0323342638879787
1305,r_k03_0109_d09_d31_d41,"9,31,41",budget-matched cardinality-stratified random full-sequence control,0,0.9965095986038395,36.056,38.4106,2.7093,37.55443665664521,34.95823109573741,54.53783254140788,1.605475489219037,23.55010629988949,0.7913975463523407,4.476998999548692,34.19372838903016,1.0886676549749235,36.06006402795662,1.0696098465520665
1306,g_pair_seed_sweep_d28_d59,"28,59",exhaustive two-channel full-sequence seed sweep (all_singletons_failed),0,0.9965095986038395,36.112,38.1053,2.7464,35.958023713783746,33.546674354516405,54.02659227282249,1.8858888257611284,18.818747085897318,1.1384113345249751,16.5819517832483,32.8829824850756,1.0653761008048053,36.134209438194176,1.0452071327802441
1307,r_k03_0047_d04_d05_d34,"4,5,34",budget-matched cardinality-stratified random full-sequence control,0,0.9965095986038395,36.1218,37.5224,3.4278000000000004,38.30422142950321,36.18036685063152,62.51456675746251,1.4932345775606357,16.983986784327854,1.0126812394335662,5.18633281957328,34.992266705622654,1.1559735972743375,36.1293155393825,1.1761684763116271
1308,g_pair_seed_sweep_d08_d63,"8,63",exhaustive two-channel full-sequence seed sweep (all_singletons_failed),0,0.9965095986038395,36.1435,39.8737,2.8546,41.51866075872942,38.04337581871137,74.64164955270759,2.0131404767639327,30.31650567854224,1.311051256955851,19.394647777960316,37.86277812314364,0.9163492389261834,36.07887680131335,0.9691883690658015
1309,r_k03_0183_d17_d58_d63,"17,58,63",budget-matched cardinality-stratified random full-sequence control,0,0.9965095986038395,36.2018,37.9096,3.2346,37.8394307922838,36.14570172105879,61.64232411644802,1.4796294012084794,12.08152507496734,0.9637930850426008,8.253728010362384,34.89968862797689,1.1359454452045414,36.24712884793485,1.127308119509193
1310,g_pair_seed_sweep_d14_d46,"14,46",exhaustive two-channel full-sequence seed sweep (all_singletons_failed),0,0.9965095986038395,36.334,37.9357,3.0885,37.90742926591756,36.29515737399426,66.45657827379046,1.8444075352994274,27.02989770125857,0.9493776162393417,14.206562128081394,36.33463760780159,0.9915408367582956,36.27520116128122,1.021267809286368
1311,g_pair_seed_sweep_d06_d53,"6,53",exhaustive two-channel full-sequence seed sweep (all_singletons_failed),0,0.9965095986038395,36.3466,37.735400000000006,2.0971,35.91905278140361,34.00446125802175,55.96770123203536,1.870028553029595,33.9054232492914,1.1771407186754055,21.808147925219323,33.95455097939533,1.0178107376118781,36.386007634422704,1.0099528511908
1312,r_k03_0141_d12_d19_d51,"12,19,51",budget-matched cardinality-stratified random full-sequence control,0,0.9965095986038395,36.3783,37.3018,4.046,36.01412478377513,34.69223638685249,56.314822820064045,2.032880921663738,26.827398333604062,1.5191876314240607,26.012978596706418,34.44362918728617,1.0744181676403222,36.41789464931796,1.0655876620325233
1313,g_pair_seed_sweep_d12_d23,"12,23",exhaustive two-channel full-sequence seed sweep (all_singletons_failed),0,0.9965095986038395,36.4409,38.1122,3.0228,38.23899424030589,36.69614821057362,61.46886651963701,1.4735575846517133,17.699803736773408,0.925940404430825,10.373211085686451,35.61385613612974,1.1331565156804397,36.48698345892608,1.1227222857712478
1314,g_s03_k05_from_d23_d24_d40_d59_add_d14,"14,23,24,40,59",direct full-sequence ATE forward-greedy trial,0,0.9965095986038395,36.4576,37.9004,2.7663,38.03346859005911,35.9747812008979,68.43895385450709,1.7429393551289603,14.347857566384064,1.030227410243666,11.472622576907476,36.1258090854694,0.9624851875407432,36.399043882745644,0.9911521860957659
1315,g_pair_seed_sweep_d05_d25,"5,25",exhaustive two-channel full-sequence seed sweep (all_singletons_failed),0,0.9965095986038395,36.478699999999996,37.9913,2.5807,37.74978963144904,35.45255341211877,62.80243493739599,1.9292225120612054,24.460666322276357,1.2720377248998076,15.396780702081399,35.426615229749636,0.9312209941180687,36.41703383305055,0.9535242879862831
1316,g_pair_seed_sweep_d18_d28,"18,28",exhaustive two-channel full-sequence seed sweep (all_singletons_failed),0,0.9965095986038395,36.479099999999995,39.013799999999996,4.8916,38.75049625846187,35.25035404940294,67.54615461980707,3.4936464159920284,55.32484147393119,3.049245513202398,62.90700301684188,35.12604453773257,1.0191406497238602,36.50619806830465,1.0518325064397844
1317,g_pair_seed_sweep_d49_d60,"49,60",exhaustive two-channel full-sequence seed sweep (all_singletons_failed),0,0.9965095986038395,36.546,39.0656,2.7536,37.52974328933041,34.15753140603721,57.27556282090568,2.4343870588320367,48.876905425297,0.9733985588676962,12.641159931194542,34.28695920377812,0.9542685255264705,36.57768439829057,0.9442185987001899
1318,r_k04_0210_d24_d34_d37_d38,"24,34,37,38",budget-matched cardinality-stratified random full-sequence control,0,0.9965095986038395,36.5615,37.6316,3.6907,37.856318408558046,36.026709611853626,60.46511574348391,1.8383731970096704,22.90884418152984,1.2426764291859955,18.06229088651961,34.493090856053826,1.178989697892602,36.58248397456206,1.160925613861413
1319,r_k06_0146_d08_d41_d43_d45_d57_d58,"8,41,43,45,57,58",budget-matched cardinality-stratified random full-sequence control,0,0.9965095986038395,36.6501,37.545899999999996,4.1178,36.42625757696917,34.71074268961965,57.978995866198076,1.7799256636926497,28.58530195020205,1.0690279124158328,19.438822412630934,34.197332643208284,1.1172667681110005,36.68002916936802,1.1023181460773555
1320,g_pair_seed_sweep_d34_d46,"34,46",exhaustive two-channel full-sequence seed sweep (all_singletons_failed),0,0.9965095986038395,36.6733,37.5625,2.5166999999999997,37.6111800448291,36.32776341422123,58.398928840531774,1.4165709643385875,18.442069372611588,1.0141235086438312,18.25133093019324,36.371332094859525,0.9487701994831412,36.67747899002443,0.9705358646121873
1321,g_pair_seed_sweep_d01_d51,"1,51",exhaustive two-channel full-sequence seed sweep (all_singletons_failed),0,0.9965095986038395,36.699,38.6199,2.778,37.392321428340814,34.86498126252923,56.18576022961291,2.307177042940754,40.29735218004292,1.106444766347458,15.339887274480555,34.97453392174395,0.9515864149992274,36.727997882755965,0.9412783311570502
1322,g_pair_seed_sweep_d49_d51,"49,51",exhaustive two-channel full-sequence seed sweep (all_singletons_failed),0,0.9965095986038395,36.7432,38.6064,2.8866,36.93528623656407,34.731747932792544,56.51550839480329,2.21719384353802,37.47841437713143,1.298759782011908,21.191271109877068,34.746589763437264,0.9675879349171156,36.779136072538186,0.9547345078199753
1323,g_pair_seed_sweep_d18_d25,"18,25",exhaustive two-channel full-sequence seed sweep (all_singletons_failed),0,0.9965095986038395,36.7446,38.527,2.6470000000000002,38.12496414938867,35.52327642848812,71.57450412035335,2.0864077635493126,23.273614423297953,1.2883801080743684,13.974591664249436,35.193826273070464,0.9111513622844093,36.69717218582249,0.9322039077260896
1324,g_pair_seed_sweep_d30_d39,"30,39",exhaustive two-channel full-sequence seed sweep (all_singletons_failed),0,0.9965095986038395,36.8783,39.6083,2.1613,41.13311935527118,36.72845315729436,102.5882914864489,1.6652658655347559,10.122684225483003,0.8221130987471489,4.626105365240748,36.62569908460573,0.8810130886886276,36.90096426160753,0.8961931378316644
1325,g_pair_seed_sweep_d28_d30,"28,30",exhaustive two-channel full-sequence seed sweep (all_singletons_failed),0,0.9965095986038395,37.055,38.4239,5.412999999999999,44.49716121394772,40.084740152994705,114.85873474666025,4.64725500696334,103.55761823085656,5.318335024192304,124.20927368303194,39.52512563439111,0.8432780856829801,37.097931772417695,0.920564697692848
1326,g_pair_seed_sweep_d20_d35,"20,35",exhaustive two-channel full-sequence seed sweep (all_singletons_failed),0,0.9965095986038395,37.1099,38.8865,3.2224999999999997,38.11736146669416,35.9658385932072,62.39895531768996,1.9987658222830056,34.14213313287861,1.1374373537769333,17.62816715784538,36.032469494703804,0.9874823902728773,37.14541969218181,0.9813480622798688
1327,r_k03_0010_d00_d30_d55,"0,30,55",budget-matched cardinality-stratified random full-sequence control,0,0.9965095986038395,37.1284,38.2614,3.4067,37.845501555366305,36.702885740116116,57.25032353134435,1.789820163730214,17.984799574215,1.0181636134046288,11.883057384852428,36.64167735526597,0.9724314762977798,37.1639728546836,0.9838625424230714
1328,g_pair_seed_sweep_d19_d51,"19,51",exhaustive two-channel full-sequence seed sweep (all_singletons_failed),0,0.9965095986038395,37.1293,38.7781,3.0534,37.521874726634245,35.31791223406855,57.24833102975079,2.601579660722861,49.659374295182346,1.274254934309652,20.51128365281148,35.25064773915576,0.9476906303729955,37.16972684856547,0.9408567617382735
1329,g_pair_seed_sweep_d28_d39,"28,39",exhaustive two-channel full-sequence seed sweep (all_singletons_failed),0,0.9965095986038395,37.2105,38.565,4.1188,38.32229378242196,36.73890883733868,59.33394761595885,3.135532563298682,63.18352957656405,3.170698850565268,70.98609483792404,36.743015833115166,0.9951584628327345,37.24605025093774,1.019675610969366
1330,g_pair_seed_sweep_d00_d40,"0,40",exhaustive two-channel full-sequence seed sweep (all_singletons_failed),0,0.9965095986038395,37.3345,39.132600000000004,2.6919,41.09088228291863,39.244090596116585,62.323333923680515,2.2501909201192696,18.10564585778701,1.3091946732121045,11.000820986655308,39.05581866798783,0.9331223702172068,37.35625538588344,0.9908765183680083
1331,g_pair_seed_sweep_d14_d51,"14,51",exhaustive two-channel full-sequence seed sweep (all_singletons_failed),0,0.9965095986038395,37.372699999999995,38.585300000000004,2.9339,40.52878820945081,37.889187273811174,79.25234934662778,2.780149952715254,51.838974823884975,1.5391201876600762,28.933259243656103,37.33724731795652,0.8670190577446973,37.35523946713478,0.8841168593534607
1332,r_k06_0067_d03_d09_d23_d27_d32_d44,"3,9,23,27,32,44",budget-matched cardinality-stratified random full-sequence control,0,0.9965095986038395,37.4358,41.7928,4.0093,40.722964876510275,36.37349710447951,84.10612780023972,2.39149011967543,49.090670746820194,1.6685913754972168,33.28242388916225,36.15578101973726,0.9419044498609852,37.36629042983869,0.9578448327106726
1333,swap_k04_0135_d14_d15_d20_d34,"14,15,20,34",one-channel swap audit around provisional greedy endpoint,0,0.9965095986038395,37.4941,38.6096,3.1195,38.78820313020874,37.225080473971516,59.307541536173304,1.9336933751277965,34.024915839224526,1.054616397105307,17.52434400901144,37.308578211791286,0.9690674652884629,37.43789328416806,0.9909261191188332
1334,g_pair_seed_sweep_d06_d46,"6,46",exhaustive two-channel full-sequence seed sweep (all_singletons_failed),0,0.9965095986038395,37.507000000000005,39.176,2.0528,37.56170232395066,35.60402595769243,57.275870424914075,1.6704526824150456,26.339826566158358,1.0963147289625337,18.99447033512555,35.618454187035724,0.9765482147181592,37.55200201401885,0.9675541564212438
1335,g_pair_seed_sweep_d06_d28,"6,28",exhaustive two-channel full-sequence seed sweep (all_singletons_failed),0,0.9965095986038395,37.7429,39.1419,2.5174,37.47092338409408,35.72202787781601,51.8918542491971,1.7209201492514377,22.99571069128601,0.7747805257866687,8.11844956131278,35.58162881201043,1.0314374452700457,37.764364460192255,1.014138331930508
1336,r_k04_0112_d08_d14_d40_d44,"8,14,40,44",budget-matched cardinality-stratified random full-sequence control,0,0.9965095986038395,37.8078,39.3658,3.1183,40.28863037693822,38.00999507802734,93.06050414205296,1.8176168155931673,23.189222846826908,0.9911024413210805,14.090110961268413,38.323384532514304,0.9338673589392319,37.76872281979471,0.9680536076860982
1337,r_k03_0122_d10_d35_d60,"10,35,60",budget-matched cardinality-stratified random full-sequence control,0,0.9965095986038395,37.8402,40.8508,4.1189,40.74328011543962,37.571634773009166,70.72127229234643,2.4639607191326838,43.53226927603438,1.7337935734324486,28.74110675807926,37.62903652153359,0.9594834814635921,37.8084660585472,0.9847577651734445
1338,g_pair_seed_sweep_d08_d24,"8,24",exhaustive two-channel full-sequence seed sweep (all_singletons_failed),0,0.9965095986038395,37.8764,42.2664,3.2869,46.03459229477227,41.34374701102778,100.61715987739387,2.263246392767633,10.697985967988624,1.236205832811371,10.16405706968373,42.045479399048745,0.9173680679528846,37.818148153859646,1.0075507564510633
1339,g_s01_k03_from_d33_d52_add_d14,"14,33,52",direct full-sequence ATE forward-greedy trial,0,0.9965095986038395,37.9976,40.3345,2.3578,40.09633635675195,37.537217522772835,72.74197184648791,2.2501293517596173,33.76708974363574,1.3713277465428249,24.399632272723533,37.1939764531167,0.9281248501580013,37.944008790900426,0.9434679313595186
1340,g_s04_k03_from_d20_d26_add_d62,"20,26,62",direct full-sequence ATE forward-greedy trial,0,0.9965095986038395,38.129400000000004,39.0893,3.5180999999999996,38.07356923345927,36.91865520527469,55.472222192377984,2.3722888176582435,48.62288037680528,1.4979332807113597,29.189428239477984,36.729154066789484,1.0508942773641479,38.164681558778504,1.0221512635476762
1341,r_k04_0152_d13_d16_d33_d50,"13,16,33,50",budget-matched cardinality-stratified random full-sequence control,0,0.9965095986038395,38.2977,41.728,2.8198999999999996,41.466678684004016,37.74469370313728,82.82440042641066,1.7776652603448888,32.266193595192995,1.2044434635594252,22.743793090718086,37.623209770561196,0.9208147370930309,38.23242850340867,0.9450232090953902
1342,r_k03_0054_d04_d26_d61,"4,26,61",budget-matched cardinality-stratified random full-sequence control,0,0.9965095986038395,38.3531,39.295,3.4687,37.98938594494225,36.80974301073128,55.6435873112475,1.6004949704417313,27.050786501551293,1.0511890711938414,18.67233496408456,36.53833968303757,1.064433791489993,38.38751892890846,1.0421726921976846
1343,g_pair_seed_sweep_d01_d60,"1,60",exhaustive two-channel full-sequence seed sweep (all_singletons_failed),0,0.9965095986038395,38.3818,41.078399999999995,2.8234,39.77009220832636,36.50596609416284,64.98825997355075,2.4508734419622797,50.31533968535504,0.9604301143146079,14.899076507325395,36.54378427483412,0.9430144406258872,38.40649510217464,0.9287406174004026
1344,r_k05_0165_d13_d14_d15_d25_d44,"13,14,15,25,44",budget-matched cardinality-stratified random full-sequence control,0,0.9965095986038395,38.4277,39.5246,3.3371,40.057225865887474,38.09922922871159,78.73870005538005,2.3737838810045258,40.816718962187934,1.1820343662758304,15.234348465206784,37.93159204391187,0.9142985618212394,38.385995314098466,0.9403223281753889
1345,g_s04_k03_from_d20_d26_add_d23,"20,23,26",direct full-sequence ATE forward-greedy trial,0,0.9965095986038395,38.4619,39.2692,3.3257000000000003,37.947803340147715,36.83541503871654,54.37457497182974,2.5496802467966355,54.93117428336828,1.6396860914575062,36.12056468556053,36.838396691492306,1.0039052305794727,38.50387135709004,1.0058484812295883
1346,g_pair_seed_sweep_d05_d59,"5,59",exhaustive two-channel full-sequence seed sweep (all_singletons_failed),0,0.9965095986038395,38.5359,40.3506,2.6218000000000004,40.36363659330322,37.68262569441133,79.87184029514053,2.2747423480671056,20.893518756179418,1.3991526180531035,12.216701014169418,37.9066370188258,0.9357354646860708,38.483012900389156,0.9553351427768103
1347,r_k05_0159_d12_d16_d39_d47_d57,"12,16,39,47,57",budget-matched cardinality-stratified random full-sequence control,0,0.9965095986038395,38.7083,39.6995,4.07,38.26119964865604,36.64346080783646,60.372742255001825,1.827392934873467,28.368615574718092,1.07690443107687,19.538139353914012,36.270631565227376,1.1008985266373474,38.74149793529595,1.0803796229336864
1348,g_pair_seed_sweep_d24_d51,"24,51",exhaustive two-channel full-sequence seed sweep (all_singletons_failed),0,0.9965095986038395,38.8799,41.517199999999995,2.5474,40.68556500055142,37.06901424456731,64.39565234135559,2.4350957162865456,48.3126993573818,1.220209969896288,20.297816730722523,37.275709030831486,0.9259606673655283,38.92069368301698,0.9153949791798498
1349,g_pair_seed_sweep_d59_d63,"59,63",exhaustive two-channel full-sequence seed sweep (all_singletons_failed),0,0.9965095986038395,39.1049,42.3319,2.1045000000000003,43.700648882166405,39.632206847579546,80.17783430878988,1.8441523041233205,20.6480813197641,1.2135432942813362,14.341104860494566,38.770440804972466,0.8756795350839732,39.02723041051156,0.9054778993642094
1350,g_pair_seed_sweep_d10_d16,"10,16",exhaustive two-channel full-sequence seed sweep (all_singletons_failed),0,0.9965095986038395,39.3716,41.1103,2.56,39.79059296492834,37.43153613691976,59.69814868145915,2.1288447868352227,31.809836819911276,1.286028168289296,15.423198787836645,37.4666497598035,0.9441356304370879,39.41677384883883,0.9381674738668796
1351,r_k06_0061_d02_d13_d22_d42_d45_d59,"2,13,22,42,45,59",budget-matched cardinality-stratified random full-sequence control,0,0.9965095986038395,39.4386,40.7567,4.1923,39.668073064851036,37.87997753894424,58.067357278875335,2.1627934885774254,35.290910400090304,1.2404785459363148,23.460117936148144,37.003298595945395,1.1286884808047903,39.464287690074414,1.0950728092476276
1352,r_k06_0072_d03_d13_d16_d21_d34_d42,"3,13,16,21,34,42",budget-matched cardinality-stratified random full-sequence control,0,0.9965095986038395,39.4887,40.3823,3.8065,39.655605915437654,38.14489103704661,58.93753246485445,1.5808200823524527,24.565567595581168,1.1291325224648123,19.661541776567788,37.337379141574665,1.1377588962428837,39.517141329954725,1.1086451448324892
1353,g_pair_seed_sweep_d30_d34,"30,34",exhaustive two-channel full-sequence seed sweep (all_singletons_failed),0,0.9965095986038395,39.5665,40.7536,3.3331,38.327382060143286,36.66656956820348,58.45652324724867,1.4716910811487742,14.319554635630535,0.8964110073828767,12.265252586683197,36.62909862011958,1.0322976685091223,39.60547448939087,1.0204177376703554
1354,g_s04_k06_from_d15_d20_d26_d34_d45_add_d12,"12,15,20,26,34,45",direct full-sequence ATE forward-greedy trial,0,0.9965095986038395,39.614399999999996,40.4035,3.8497000000000003,38.91386137708713,37.84043256083209,56.37580551903368,1.651539486054808,29.043211384316002,1.0337649505354458,19.48230787540371,37.76916272669794,1.0550844607010976,39.648099623371714,1.0339355758343842
1355,g_s04_k03_from_d20_d26_add_d03,"3,20,26",direct full-sequence ATE forward-greedy trial,0,0.9965095986038395,39.7013,40.625,3.7034,39.45335924489734,38.30750733816458,57.4895916859471,2.627510862237364,55.37644395761774,1.658014044454958,33.46307521674604,38.188211397689926,1.0386977358941945,39.736889868934874,1.0084632041846564
1356,g_pair_seed_sweep_d28_d43,"28,43",exhaustive two-channel full-sequence seed sweep (all_singletons_failed),0,0.9965095986038395,39.8145,41.6952,2.6411000000000002,40.367484488289655,37.829058043594785,60.44229265490624,1.9257838487552894,31.01964520112916,0.878872005388114,10.580177052647494,37.82571662357598,0.935806343270702,39.85428534745231,0.9207154629884051
1357,r_k05_0088_d05_d14_d35_d39_d53,"5,14,35,39,53",budget-matched cardinality-stratified random full-sequence control,0,0.9965095986038395,40.0451,41.834500000000006,2.9095,42.563106631678124,40.07817668601055,87.86548306534235,1.8338761656788942,24.35172429412831,0.9629781022561846,12.47337133862588,40.177465823352215,0.9337128927478562,39.98791217730604,0.9656325544561287
1358,g_pair_seed_sweep_d27_d45,"27,45",exhaustive two-channel full-sequence seed sweep (all_singletons_failed),0,0.9965095986038395,40.121,41.7545,2.858,39.822299927662925,37.515972867186505,59.4414383465811,2.4577350822147848,35.44199689533695,1.2500183470644077,19.92687262972672,37.529741482692856,0.9731289971241028,40.16279269965141,0.9630228784437443
1359,g_pair_seed_sweep_d34_d39,"34,39",exhaustive two-channel full-sequence seed sweep (all_singletons_failed),0,0.9965095986038395,40.5522,43.2175,2.8566000000000003,41.613691110097406,38.945128001433424,70.22088067847237,2.2550575049042205,32.93121232000261,1.4455058387163853,26.596880733085207,38.96777893410297,0.9920727639364162,40.54624360890538,0.9843934320641411
1360,g_pair_seed_sweep_d20_d63,"20,63",exhaustive two-channel full-sequence seed sweep (all_singletons_failed),0,0.9965095986038395,40.698,44.6217,2.9819999999999998,45.921556240059864,41.39381765605153,84.42567516975934,2.4756985961708615,39.52492708496504,1.551540235312534,24.941259649616487,39.66390639356473,0.8446139426052054,40.621443143117816,0.8659148863010311
1361,g_pair_seed_sweep_d14_d47,"14,47",exhaustive two-channel full-sequence seed sweep (all_singletons_failed),0,0.9965095986038395,40.7879,42.5439,3.1206,43.1130874944025,40.65017402308657,84.87265769904953,1.9832244192804622,27.983155183547094,0.9698248871929281,14.474631049084985,40.67820203867309,0.9218719455090956,40.72654998690124,0.9508967510963499
1362,g_pair_seed_sweep_d08_d32,"8,32",exhaustive two-channel full-sequence seed sweep (all_singletons_failed),0,0.9965095986038395,40.8679,42.2039,3.0974000000000004,42.16909724457777,40.33625198439822,64.29465109612327,1.916843746870956,29.78398458993886,1.043696363158895,16.669604637924508,40.49554010048812,1.0246635500848014,40.90942263097919,1.031929654769164
1363,g_s01_k05_from_d29_d31_d33_d52_add_d21,"21,29,31,33,52",direct full-sequence ATE forward-greedy trial,0,0.9965095986038395,40.9231,42.1848,4.8058,40.84756340032301,39.323679606391686,71.6735178584343,2.9379244572015413,63.450989301429836,1.8911301295613068,42.357168623804995,39.21689422083938,1.0286205631348144,40.93994628578482,1.0292279193294995
1364,g_pair_seed_sweep_d40_d50,"40,50",exhaustive two-channel full-sequence seed sweep (all_singletons_failed),0,0.9965095986038395,40.9636,42.2302,2.324,45.38886285402102,41.928406345068794,82.68187869392428,2.0404340314265044,19.582259750162713,1.2410693517411706,14.960008343066665,41.832064495633695,0.8414538920846504,40.91907869554871,0.8874536588806053
1365,g_pair_seed_sweep_d29_d33,"29,33",exhaustive two-channel full-sequence seed sweep (all_singletons_failed),0,0.9965095986038395,41.292899999999996,42.1908,4.9088,41.47872555171197,40.188193573756614,60.8787843470184,2.5066681243720614,44.594171598565424,1.7318822026971152,29.040407020982265,39.77055964221352,1.0847031914420189,41.32060135778278,1.0850927451081025
1366,r_k06_0053_d02_d03_d27_d28_d38_d43,"2,3,27,28,38,43",budget-matched cardinality-stratified random full-sequence control,0,0.9965095986038395,41.4015,43.9503,4.55,43.38306461742813,40.990445146940836,70.07465771423264,2.3539433817514106,39.12564382345586,1.2912993353789166,14.25314014222214,40.912906044258754,1.06089715628458,41.44310157764453,1.0792104487088772
1367,g_s04_k06_from_d15_d20_d26_d34_d45_add_d44,"15,20,26,34,44,45",direct full-sequence ATE forward-greedy trial,0,0.9965095986038395,41.6516,42.6154,3.8328,41.0991324829885,39.91479288657098,59.232277430777216,2.6325092301530715,55.47596827931235,1.7390398565815444,38.49190266893758,39.91527010083294,0.9979106693841083,41.69160627693525,0.9807574746449083
1368,r_k06_0150_d09_d18_d23_d44_d46_d51,"9,18,23,44,46,51",budget-matched cardinality-stratified random full-sequence control,0,0.9965095986038395,41.8462,45.5582,4.2213,44.098062541694816,39.920764630197596,91.60345373835273,2.5887857743152307,50.926200814293544,1.5448215178121263,32.23699093132938,39.8130459868466,0.9258011416379819,41.796774509617336,0.9346602327605854
1369,r_k06_0114_d06_d12_d18_d21_d32_d41,"6,12,18,21,32,41",budget-matched cardinality-stratified random full-sequence control,0,0.9965095986038395,41.883199999999995,46.3443,3.8559,45.89968822034549,41.13102009163745,90.35156003334667,2.5699272549645906,54.981174901873295,1.6152238500654765,35.4757937076149,39.59493487581333,0.8552044002982335,41.82913019555561,0.8611143468109248
1370,r_k04_0164_d15_d22_d27_d58,"15,22,27,58",budget-matched cardinality-stratified random full-sequence control,0,0.9965095986038395,42.1027,46.3478,5.7238999999999995,44.85838807008416,39.61464714199939,104.64080134466269,4.306528931868437,93.68884853158073,2.4631141003155874,55.06682585059233,39.773065531956746,0.9587588332152763,42.051636262279715,0.9579808403537974
1371,r_k03_0004_d00_d08_d39,"0,8,39",budget-matched cardinality-stratified random full-sequence control,0,0.9965095986038395,42.1589,45.9326,2.9728,49.11267217362727,45.98601178315653,81.0978399540799,1.9905033725766088,13.856131240473548,1.1114499052633326,7.363478310873387,45.97027086989906,0.9031906750897684,42.16594681130227,1.0000587576946283
1372,r_k05_0062_d03_d17_d19_d37_d38,"3,17,19,37,38",budget-matched cardinality-stratified random full-sequence control,0,0.9965095986038395,42.273500000000006,44.9249,4.1729,44.993697970856,41.81726390538289,67.07602339511321,2.263460214112931,30.250680325304284,1.683550732824736,30.127666839319385,40.76603693178617,1.1500997914113704,42.302104366093616,1.1500774073019842
1373,g_pair_seed_sweep_d16_d37,"16,37",exhaustive two-channel full-sequence seed sweep (all_singletons_failed),0,0.9965095986038395,42.573,45.9499,3.3232,47.008419808302435,41.67399783276641,76.32371577866323,3.452591306903933,73.78736472346823,1.7289477127357584,32.933798703789186,41.18532941608679,0.8362690891665914,42.63684890776552,0.8139541049330926
1374,g_pair_seed_sweep_d00_d30,"0,30",exhaustive two-channel full-sequence seed sweep (all_singletons_failed),0,0.9965095986038395,42.6735,44.724399999999996,3.5222999999999995,46.2020338349213,43.44709669267816,99.3303965255704,2.317641935121694,30.402430930809043,1.1724587420845929,16.425298352149444,43.00259881360363,0.8813853700036226,42.70510807354185,0.9227690711573514
1375,g_pair_seed_sweep_d32_d47,"32,47",exhaustive two-channel full-sequence seed sweep (all_singletons_failed),0,0.9965095986038395,42.7527,44.0681,2.419,42.48238498541802,40.73950259090075,62.201499840736886,2.0394895108047493,31.57046549738347,1.2985628179314497,21.501564743932125,40.631006392927866,0.9413988425569674,42.806164658382926,0.9299580777912235
1376,g_pair_seed_sweep_d31_d53,"31,53",exhaustive two-channel full-sequence seed sweep (all_singletons_failed),0,0.9965095986038395,42.809000000000005,45.0002,3.3145000000000002,44.48500267137267,41.43063289502519,66.96772765456694,3.3655570972611404,66.60094331157701,2.0946933701799204,43.03271462547005,41.297120716736494,0.9059474468968033,42.87196185784203,0.8942048348024083
1377,r_k03_0037_d02_d14_d16,"2,14,16",budget-matched cardinality-stratified random full-sequence control,0,0.9965095986038395,42.8479,43.6312,4.7587,43.59085727014362,42.144731126748795,64.67007125155028,2.3865061892790194,47.57583675361657,1.4730280706652166,28.89220881981417,41.797784489324656,1.1391689869208745,42.878935519179585,1.113900867343567
1378,g_s04_k06_from_d15_d20_d26_d34_d45_add_d57,"15,20,26,34,45,57",direct full-sequence ATE forward-greedy trial,0,0.9965095986038395,43.4218,44.549,3.9486,42.44374136458699,41.07854661126119,63.46737750064777,2.1793401044152336,43.1051233772064,1.345920128946664,28.715335405647355,41.0779282884365,1.0169034090145326,43.46765115996348,0.9944606121210824
1379,g_pair_seed_sweep_d05_d08,"5,8",exhaustive two-channel full-sequence seed sweep (all_singletons_failed),0,0.9965095986038395,43.6344,45.3652,2.4503,47.63285109520334,44.243591010912,92.19016196926125,2.1132508695494456,16.55185913756716,1.2454261444051917,12.192075547611777,43.55300840397519,0.8542017964253915,43.57490130950868,0.8796471383558703
1380,g_pair_seed_sweep_d05_d40,"5,40",exhaustive two-channel full-sequence seed sweep (all_singletons_failed),0,0.9965095986038395,43.9367,46.292899999999996,2.4989,47.460784828652955,43.53057910744963,94.72606670784097,2.2658787252628847,23.251381956176097,1.342089090872682,13.610868865529477,42.73308194194904,0.8461804805862596,43.86360989320067,0.8652504592342943
1381,g_pair_seed_sweep_d52_d60,"52,60",exhaustive two-channel full-sequence seed sweep (all_singletons_failed),0,0.9965095986038395,43.9411,46.9538,2.76,48.01693814807653,43.069010986456604,77.60359864621667,2.8789183996404457,59.20190362098617,1.634645734587468,33.45475610475543,42.45799317148117,0.8326706407136096,43.99966214437793,0.8172559072871121
1382,g_pair_seed_sweep_d10_d53,"10,53",exhaustive two-channel full-sequence seed sweep (all_singletons_failed),0,0.9965095986038395,43.9737,45.7434,2.8957,45.090848796813816,42.513493107974135,70.5663673658686,2.101839920219391,36.41442442703961,1.1389684107765998,17.805861116137034,42.237720033004734,0.8906285364429345,44.02456839087892,0.8742855499167629
1383,g_pair_seed_sweep_d59_d60,"59,60",exhaustive two-channel full-sequence seed sweep (all_singletons_failed),0,0.9965095986038395,44.050200000000004,47.0578,3.0434,47.07848897470986,42.14433122323331,75.5889989772149,2.710532030420414,58.06000163882531,0.984638097647926,16.175566839581947,42.31561021290067,0.8651052453129836,44.09316011784771,0.8458613504538369
1384,g_pair_seed_sweep_d14_d15,"14,15",exhaustive two-channel full-sequence seed sweep (all_singletons_failed),0,0.9965095986038395,44.5153,45.9745,3.1022000000000003,46.85141951507187,44.29556027621044,85.75463416873914,2.0058603800393655,21.071549685094016,1.142351742535108,14.503333543694039,43.76042083261987,0.8766453733014333,44.45392923695736,0.8996380497103922
1385,g_pair_seed_sweep_d40_d59,"40,59",exhaustive two-channel full-sequence seed sweep (all_singletons_failed),0,0.9965095986038395,44.5561,46.8002,2.7283,46.54075374499481,42.815557242295704,97.5390045938832,2.365106630868307,20.86856393753111,1.517411233681039,15.386144717226308,42.487196035597364,0.8714468558322919,44.50562560887707,0.8811784464822398
1386,r_k03_0192_d20_d42_d62,"20,42,62",budget-matched cardinality-stratified random full-sequence control,0,0.9965095986038395,44.6411,46.2947,3.8891,44.37525354027391,42.39776460569561,67.44169546457779,2.337429908397793,34.75627364358772,1.176373124554241,18.83475944858498,42.402515594977906,0.9760851126757822,44.687650648482986,0.9429207588706591
1387,g_pair_seed_sweep_d14_d53,"14,53",exhaustive two-channel full-sequence seed sweep (all_singletons_failed),0,0.9965095986038395,44.6604,46.719699999999996,3.0459,48.36098915903941,45.04854766157646,99.92356398804938,1.9466102030842651,20.984825504349324,1.013277866182225,13.14774941418271,44.52733084112594,0.8610412816078622,44.5963853187811,0.8866996215333582
1388,g_pair_seed_sweep_d00_d08,"0,8",exhaustive two-channel full-sequence seed sweep (all_singletons_failed),0,0.9965095986038395,44.9387,49.4467,3.0802,54.32984633541772,50.51406552037633,92.7854337479013,2.2635149511829336,9.68691930971713,1.25210877886632,7.375987891831809,50.53644068121756,0.8592745472331533,44.920642864761234,0.9811819283302974
1389,g_s03_k03_from_d23_d59_add_d34,"23,34,59",direct full-sequence ATE forward-greedy trial,0,0.9965095986038395,45.308,47.3575,4.2075000000000005,44.99132419950537,42.645596459187374,69.45026791842561,2.39764028488746,43.335542840408856,1.6578465942061935,32.94223874807017,42.633575883469256,1.0242940011433421,45.360908578645265,0.9902941390499024
1390,g_s02_k03_from_d26_d51_add_d02,"2,26,51",direct full-sequence ATE forward-greedy trial,0,0.9965095986038395,45.3862,46.861599999999996,3.9154,45.14972092939447,43.386227408131006,66.8609773239299,2.6547217015301645,56.23339311340306,1.705840642075882,36.15509800038986,43.37727767019919,1.0071754785684404,45.42877091045665,0.9723170951591041
1391,g_s02_k03_from_d26_d51_add_d04,"4,26,51",direct full-sequence ATE forward-greedy trial,0,0.9965095986038395,45.3862,46.861599999999996,3.9154,45.14972092939447,43.386227408131006,66.8609773239299,2.6547217015301645,56.23339311340306,1.705840642075882,36.15509800038986,43.37727767019919,1.0071754785684404,45.42877091045665,0.9723170951591041
1392,g_s02_k03_from_d26_d51_add_d07,"7,26,51",direct full-sequence ATE forward-greedy trial,0,0.9965095986038395,45.3862,46.861599999999996,3.9154,45.14972092939447,43.386227408131006,66.8609773239299,2.6547217015301645,56.23339311340306,1.705840642075882,36.15509800038986,43.37727767019919,1.0071754785684404,45.42877091045665,0.9723170951591041
1393,g_s02_k03_from_d26_d51_add_d09,"9,26,51",direct full-sequence ATE forward-greedy trial,0,0.9965095986038395,45.3862,46.861599999999996,3.9154,45.14972092939447,43.386227408131006,66.8609773239299,2.6547217015301645,56.23339311340306,1.705840642075882,36.15509800038986,43.37727767019919,1.0071754785684404,45.42877091045665,0.9723170951591041
1394,g_s02_k03_from_d26_d51_add_d13,"13,26,51",direct full-sequence ATE forward-greedy trial,0,0.9965095986038395,45.3862,46.861599999999996,3.9154,45.14972092939447,43.386227408131006,66.8609773239299,2.6547217015301645,56.23339311340306,1.705840642075882,36.15509800038986,43.37727767019919,1.0071754785684404,45.42877091045665,0.9723170951591041
1395,g_pair_seed_sweep_d19_d58,"19,58",exhaustive two-channel full-sequence seed sweep (all_singletons_failed),0,0.9965095986038395,45.873599999999996,47.614000000000004,5.104299999999999,46.47485945049861,44.6896895947227,77.43866302459597,2.827831599921635,41.29722123304476,1.9919293823299136,37.949322847492006,44.719951174012955,1.043833640038787,45.924667050994735,1.050687973240505
1396,g_pair_seed_sweep_d08_d39,"8,39",exhaustive two-channel full-sequence seed sweep (all_singletons_failed),0,0.9965095986038395,46.1421,48.3402,3.1638,53.541911724449186,49.70817805484324,95.7039781897679,1.9346340731389269,9.902377540390324,1.0899318811970449,6.227115583723945,49.81845345325413,0.8242580363237461,46.12773788297511,0.9297532884279918
1397,g_pair_seed_sweep_d33_d37,"33,37",exhaustive two-channel full-sequence seed sweep (all_singletons_failed),0,0.9965095986038395,46.2642,49.048199999999994,3.3244000000000002,50.328133836950684,45.96265962116366,79.15893749457483,3.5673010341425733,75.08193987340825,1.6801329396288123,33.23898585213973,44.565217023940235,0.8140545552534739,46.33220032856896,0.7957913030732876
1398,g_pair_seed_sweep_d42_d55,"42,55",exhaustive two-channel full-sequence seed sweep (all_singletons_failed),0,0.9965095986038395,46.5754,48.9154,3.4735,48.27221071606337,44.46285151039773,74.62318474409527,3.4859836164440945,58.77243016687835,1.6517609828440798,24.283387832324603,43.94181630098597,0.8643878097006182,46.641687023727876,0.8482098904585503
1399,g_pair_seed_sweep_d00_d18,"0,18",exhaustive two-channel full-sequence seed sweep (all_singletons_failed),0,0.9965095986038395,46.584399999999995,48.9923,3.6715,46.35295002936541,43.153408547004126,78.71387100721851,2.176072197133581,18.88429142426889,1.2898343701673214,10.122903969323083,43.0536034000545,1.0801652079732555,46.6563872779613,1.1004992434885168
1400,r_k06_0222_d25_d28_d36_d37_d45_d56,"25,28,36,37,45,56",budget-matched cardinality-stratified random full-sequence control,0,0.9965095986038395,46.7773,53.9054,4.2149,57.771739757853915,49.703091519545964,112.57058171598817,4.373117241195706,98.29228382211356,2.4674294997272437,56.67298838944305,44.01650399029557,0.7305919404217831,46.71269948677446,0.7333887196881219
1401,g_s03_k03_from_d23_d59_add_d14,"14,23,59",direct full-sequence ATE forward-greedy trial,0,0.9965095986038395,47.0879,48.4151,2.9545,50.31002445570266,47.36600809491115,98.11514456928977,2.1405055129494595,20.397209551717072,1.1784769741951442,12.915530414113299,46.33200122150903,0.8307496717888085,47.03258051055869,0.855302745191409
1402,g_pair_seed_sweep_d30_d51,"30,51",exhaustive two-channel full-sequence seed sweep (all_singletons_failed),0,0.9965095986038395,47.1307,49.4062,3.1792000000000002,50.75036005000514,46.33866729192545,96.88648967586734,3.0022409973426263,47.97310922589699,1.8287794382127927,32.78790285594092,45.36389961177789,0.8155965731397509,47.18891675509039,0.8138433131863044
1403,g_pair_seed_sweep_d43_d46,"43,46",exhaustive two-channel full-sequence seed sweep (all_singletons_failed),0,0.9965095986038395,47.4727,48.8133,3.7726999999999995,45.6674057147273,43.63226578008848,70.19718724998316,2.748357563067271,56.551826323321805,1.571116799714474,33.99798124288324,43.489641264820165,0.9678996845884599,47.52509949804011,0.9698206823342956
1404,g_pair_seed_sweep_d05_d50,"5,50",exhaustive two-channel full-sequence seed sweep (all_singletons_failed),0,0.9965095986038395,47.580299999999994,49.4897,2.5177,51.80095457161607,48.078270404154985,97.29930429594484,2.146497275077734,17.773797941542522,1.213699161847595,13.026866380545572,46.42463737075019,0.8083977312593371,47.513307194996955,0.8274793388933208
1405,g_pair_seed_sweep_d14_d28,"14,28",exhaustive two-channel full-sequence seed sweep (all_singletons_failed),0,0.9965095986038395,47.794799999999995,48.9187,2.7111,51.83753527558067,48.500624063806086,103.19453517248603,2.449510370583886,35.22782225595209,1.2426757545494391,15.799909914462138,47.16245594052874,0.7996598215722049,47.76980696970524,0.8147673039830424
1406,g_pair_seed_sweep_d27_d30,"27,30",exhaustive two-channel full-sequence seed sweep (all_singletons_failed),0,0.9965095986038395,48.0032,49.6301,2.2207999999999997,47.649020551020286,45.37948558616718,72.69746150433447,1.8561681077628935,18.33377310196516,1.0216055719898245,9.915426710491504,44.95711390191149,0.9071180699018819,48.062509022092435,0.894549430701342
1407,g_pair_seed_sweep_d00_d27,"0,27",exhaustive two-channel full-sequence seed sweep (all_singletons_failed),0,0.9965095986038395,48.2025,50.054500000000004,3.6275000000000004,49.12328322775156,47.55612330887415,75.42741686193871,2.625493964219141,32.0134297916219,1.7053371454325938,22.773412580636823,46.24981856372328,0.8848559162954778,48.281276726193255,0.9137701243759601
1408,g_pair_seed_sweep_d14_d32,"14,32",exhaustive two-channel full-sequence seed sweep (all_singletons_failed),0,0.9965095986038395,48.2577,50.2921,2.8554,53.35042861152465,49.317528654928786,112.88151367062054,2.3742483879736453,43.471401991309676,1.1612736116845297,20.746195877559185,47.68461276013966,0.798435604226808,48.195973643767964,0.8235681632435568
1409,g_pair_seed_sweep_d18_d59,"18,59",exhaustive two-channel full-sequence seed sweep (all_singletons_failed),0,0.9965095986038395,48.848200000000006,51.31869999999999,3.5195,49.02217612323035,45.489738267806004,77.50708125449984,2.3160931846981834,19.553118261293832,1.4924918145865143,14.10810600562781,45.51299835845292,0.9781281050208479,48.84152435187754,0.9599474493082062
1410,g_pair_seed_sweep_d24_d42,"24,42",exhaustive two-channel full-sequence seed sweep (all_singletons_failed),0,0.9965095986038395,49.1543,52.3344,2.9641,53.108868321471206,48.012331502992325,88.09793273783832,3.130117606008716,51.492561091623124,1.5808152178474097,19.42920156377854,47.36747984338867,0.8207793888861284,49.20178978865767,0.7958688019020689
1411,r_k05_0089_d05_d14_d40_d59_d63,"5,14,40,59,63",budget-matched cardinality-stratified random full-sequence control,0,0.9965095986038395,49.5311,51.2053,2.7076,55.047103442086375,51.002489347356,95.67454728236709,2.0342530182726324,16.61287261840005,1.1813543166229343,11.976438167046664,48.845098961632246,0.7700138808276561,49.4656159021231,0.79317824732651
1412,g_pair_seed_sweep_d14_d45,"14,45",exhaustive two-channel full-sequence seed sweep (all_singletons_failed),0,0.9965095986038395,49.690200000000004,52.8037,3.2899,57.32776079013622,52.40395018307309,107.72978745320565,2.4927628987971917,36.03114093314954,1.6272209283314614,30.082184802782717,48.060054276161395,0.7376682268041295,49.62386723812264,0.7469697253735349
1413,g_pair_seed_sweep_d05_d30,"5,30",exhaustive two-channel full-sequence seed sweep (all_singletons_failed),0,0.9965095986038395,50.0495,52.2542,1.9691,59.810506479446026,54.37372105201903,105.09869491825094,1.9913777626798166,13.308642664472206,1.1929450161998905,11.478882381952706,49.228246912434116,0.7037233097506402,49.97426985285504,0.7160687115717166
1414,g_pair_seed_sweep_d42_d60,"42,60",exhaustive two-channel full-sequence seed sweep (all_singletons_failed),0,0.9965095986038395,50.3708,53.7274,3.2476,55.26223127634289,49.554490728999156,90.60086020201112,3.584657548414923,69.07307863164226,1.5472534608571322,24.801442548752338,48.27972973212372,0.7885793499704563,50.42192636584193,0.7750428264586507
1415,g_pair_seed_sweep_d08_d59,"8,59",exhaustive two-channel full-sequence seed sweep (all_singletons_failed),0,0.9965095986038395,50.9673,52.9107,2.4459999999999997,60.312274600407456,54.19479832070102,136.93258903688024,2.399889523491254,17.099589691656643,1.473270421165292,14.461168499997184,52.091399784153225,0.7226986293834039,50.93120556418215,0.7692812050851391
1416,r_k03_0107_d09_d19_d40,"9,19,40",budget-matched cardinality-stratified random full-sequence control,0,0.9965095986038395,51.5377,53.0976,5.0051,50.77918340887282,49.082135599727636,73.34633846726763,2.8765865756874867,59.876096670028545,1.6998837473463437,36.364413184332356,49.1349566319896,1.0162201740837282,51.58895719848007,0.9737525821847287
1417,g_pair_seed_sweep_d50_d59,"50,59",exhaustive two-channel full-sequence seed sweep (all_singletons_failed),0,0.9965095986038395,51.9545,53.214099999999995,2.8886,58.56075877334239,53.66953884001735,115.31260055101733,2.7192248994529886,40.97556953314928,1.4835654771601219,18.18231049550362,51.1159420316143,0.7309389813197109,51.91719400028041,0.7437705856453166
1418,r_k03_0189_d19_d35_d46,"19,35,46",budget-matched cardinality-stratified random full-sequence control,0,0.9965095986038395,53.8196,56.0175,4.9841999999999995,53.39702673701975,51.397173801790586,78.60049074997227,2.827592907310497,54.13922368906158,1.8083602010831892,35.64081531482983,51.34414959967043,0.9894396300682282,53.86905149825143,0.9485914743548572
1419,r_k04_0179_d16_d37_d39_d40,"16,37,39,40",budget-matched cardinality-stratified random full-sequence control,0,0.9965095986038395,54.851499999999994,61.7262,4.0245999999999995,79.3683491698978,71.87739124993932,141.43140550876734,5.190579845826915,117.64293255438388,2.7044726767309055,62.32907834607909,51.40557687949716,0.5472572566142467,54.77251714278877,0.5461303346038929
1420,r_k03_0007_d00_d19_d58,"0,19,58",budget-matched cardinality-stratified random full-sequence control,0,0.9965095986038395,54.9358,57.2273,4.9859,56.770775570151535,54.863344275124504,84.04961927416285,3.4748454672857183,63.023239094415196,2.53825245821513,41.96821440725564,53.777216769421344,0.8845996589182434,54.992235303387794,0.8720218421567835
1421,g_pair_seed_sweep_d06_d43,"6,43",exhaustive two-channel full-sequence seed sweep (all_singletons_failed),0,0.9965095986038395,55.4441,58.0925,2.6658999999999997,63.3538289388063,58.225630256811634,97.65259382938787,3.0217586493012547,52.34678070902567,1.589231016901775,24.270771140789844,53.7384628184704,0.6990581541442548,55.51617940133321,0.6795665602805265
1422,r_k03_0155_d14_d19_d36,"14,19,36",budget-matched cardinality-stratified random full-sequence control,0,0.9965095986038395,55.5364,57.2898,4.7351,58.96178731618588,57.59903877581538,96.74696916234691,3.7326704186213595,60.0999887882138,2.0305423173070394,33.76657079517371,54.928384342818894,0.7932383566070024,55.58141939606388,0.777114496732982
1423,r_k03_0157_d14_d23_d36,"14,23,36",budget-matched cardinality-stratified random full-sequence control,0,0.9965095986038395,56.3379,58.1527,4.8055,62.315821861623796,59.47885284671308,111.23241186147779,4.487082427314866,90.42881604885909,2.4441192127716964,49.06120495559447,55.74036696243159,0.7282397747706428,56.38092535166243,0.7137080571616121
1424,g_pair_seed_sweep_d14_d16,"14,16",exhaustive two-channel full-sequence seed sweep (all_singletons_failed),0,0.9965095986038395,56.5636,59.2166,3.4302,63.526140222841164,59.24945251390979,124.34623629298626,2.8782517689173535,52.60780494082476,1.3519644361543321,26.14078924394222,55.04263897668689,0.7197976144574155,56.49281821586205,0.736296913540437
1425,g_pair_seed_sweep_d00_d14,"0,14",exhaustive two-channel full-sequence seed sweep (all_singletons_failed),0,0.9965095986038395,58.0026,60.5605,3.2944,69.96244373405953,64.41807616428854,132.72708663155223,2.6035299439470894,33.30926406346932,1.6822094679742674,28.10729485866613,56.67344826459232,0.6351535693787369,57.943013850299096,0.6524246697212699
1426,g_pair_seed_sweep_d08_d50,"8,50",exhaustive two-channel full-sequence seed sweep (all_singletons_failed),0,0.9965095986038395,58.2978,60.218199999999996,1.9611,78.85876583478428,68.44218136795025,164.11177860430098,2.0965990529246996,11.007901985227548,1.2194612866438153,10.921742364463665,59.60827334162732,0.5557661232480734,58.26078423606605,0.6075830382436774
1427,g_pair_seed_sweep_d14_d37,"14,37",exhaustive two-channel full-sequence seed sweep (all_singletons_failed),0,0.9965095986038395,59.2515,61.94650000000001,3.5047,67.84116296115396,63.33486056012517,129.05398950703477,3.179881846559101,64.60801894588626,1.5025467477129846,30.375463345214847,57.327489743029524,0.6746181603463816,59.18524524015116,0.6859421900854743
1428,r_k04_0225_d27_d29_d39_d56,"27,29,39,56",budget-matched cardinality-stratified random full-sequence control,0,0.9965095986038395,60.9375,65.65299999999999,5.6164,67.26705608151303,58.76544942604749,142.5602219125436,5.958703643416739,134.97971444685436,4.008139682649466,94.08187405196857,57.73773763250322,0.7270935997505221,60.93760720857148,0.7126983783665333
1429,g_pair_seed_sweep_d00_d24,"0,24",exhaustive two-channel full-sequence seed sweep (all_singletons_failed),0,0.9965095986038395,61.1232,64.3113,3.8676000000000004,72.79270712529782,69.82338746944559,123.71387364949544,4.095288916283685,72.02088293728012,1.6950302746747636,26.709957209487065,61.37812732596013,0.6322626766512044,61.138640596008564,0.6347704686069274
1430,g_pair_seed_sweep_d23_d60,"23,60",exhaustive two-channel full-sequence seed sweep (all_singletons_failed),0,0.9965095986038395,62.5842,65.9054,2.8285,69.82325346263646,64.28735539146406,105.77365166631587,3.418105531152581,68.50017146048013,2.7570138092897993,62.84418952172845,60.63671221663797,0.6814622301479628,62.63173848943173,0.6648237809020476
1431,r_k03_0163_d14_d50_d59,"14,50,59",budget-matched cardinality-stratified random full-sequence control,0,0.9965095986038395,63.4406,66.4321,2.5423,80.72047264814249,74.35539812627842,145.99988989611225,2.5418713409394167,27.465369800849,1.457367584645408,16.097862599695706,61.41595692690633,0.54818060396699,63.37268636499381,0.5491008185317257
1432,r_k03_0156_d14_d23_d35,"14,23,35",budget-matched cardinality-stratified random full-sequence control,0,0.9965095986038395,63.9752,66.3527,4.5545,71.42824862106691,69.68639761919931,107.83732482240251,4.110581725862406,82.56432425928429,2.424522195550089,50.35576029663595,63.250822498508796,0.667817677248335,64.01378910630653,0.6427980644949006
1433,g_pair_seed_sweep_d16_d53,"16,53",exhaustive two-channel full-sequence seed sweep (all_singletons_failed),0,0.9965095986038395,65.6049,70.1676,4.2959,80.2432520203713,69.46881353110336,162.67842769244695,5.898124954958995,132.03519304586652,4.097085725631768,96.11745961853336,61.99397538179383,0.5608472563026056,65.59067055971775,0.5562189599309176
1434,r_k03_0161_d14_d40_d63,"14,40,63",budget-matched cardinality-stratified random full-sequence control,0,0.9965095986038395,66.5398,69.91760000000001,2.852,89.4182609238745,82.25861573720138,159.42920583603333,3.0808866765603153,51.09181501664873,1.4905324568192764,22.38884589979321,63.94909273679128,0.4831671710447119,66.4740079400816,0.4863299605551479
1435,g_pair_seed_sweep_d14_d30,"14,30",exhaustive two-channel full-sequence seed sweep (all_singletons_failed),0,0.9965095986038395,66.7946,69.75139999999999,2.4804,94.23075796721676,85.86738437476883,160.8368704136667,2.887269390680879,34.99788810588614,1.3403407618865335,15.565662711419348,64.46593067060448,0.45367401243981587,66.73333646907088,0.45405659602600834
1436,g_pair_seed_sweep_d25_d28,"25,28",exhaustive two-channel full-sequence seed sweep (all_singletons_failed),0,0.9965095986038395,66.8211,69.9058,4.840599999999999,90.39836395081645,78.89812170745346,172.729246966848,8.661113911646577,195.79634268606853,5.579213261832083,129.91868755752301,65.47245626290315,0.47610689781190463,66.83809089547255,0.46913817825390525
1437,g_pair_seed_sweep_d14_d41,"14,41",exhaustive two-channel full-sequence seed sweep (all_singletons_failed),0,0.9965095986038395,68.1746,71.8583,3.3358,93.13823599525077,86.01886654346245,173.00447594501455,4.143162114248133,61.86302330164155,1.7361956642609424,29.07590435294047,65.92382334840032,0.45566977757489213,68.11323950668283,0.4537459713262752
1438,g_pair_seed_sweep_d14_d59,"14,59",exhaustive two-channel full-sequence seed sweep (all_singletons_failed),0,0.9965095986038395,71.4526,74.955,3.1184,109.69402491029044,100.4898279915024,193.590987287253,4.318775451738855,63.88746569899606,2.051620375053377,26.93656665332884,69.36135256828557,0.36278033521199443,71.41027672471644,0.35552983946500133
1439,g_pair_seed_sweep_d08_d14,"8,14",exhaustive two-channel full-sequence seed sweep (all_singletons_failed),0,0.9965095986038395,71.676,75.5172,2.8664,107.35781416518613,98.7358124847957,199.2236755936591,3.6421608244816093,52.692917448240564,1.8512142289246205,26.167188133497767,69.33738051473217,0.36904580040441637,71.62567337785727,0.3650318281057338
1440,g_pair_seed_sweep_d14_d52,"14,52",exhaustive two-channel full-sequence seed sweep (all_singletons_failed),0,0.9965095986038395,72.392,75.8022,2.7636000000000003,114.75540487587081,105.31681678806792,193.80218824785825,4.654373912977388,61.08426781455767,2.128145938316997,28.560101612524324,69.80258922804401,0.34093348433782605,72.34709590372184,0.3369534512662468
1441,g_pair_seed_sweep_d14_d40,"14,40",exhaustive two-channel full-sequence seed sweep (all_singletons_failed),0,0.9965095986038395,73.8988,78.56070000000001,2.9213,122.25875343367103,111.98629977343346,213.11298203337432,4.719452060291437,54.977026289656706,2.280176647016725,25.71040789983327,71.38771090395011,0.2976553417627626,73.84661625623265,0.2870340379366308
1442,g_s02_k04_from_d26_d51_d63_add_d19,"19,26,51,63",direct full-sequence ATE forward-greedy trial,0,0.9965095986038395,74.3445,79.8755,2.9672,145.15446058906846,128.77689140228048,273.86712913079737,7.594593390426659,163.52742241308027,6.96446630309055,159.19355972854092,71.96020803283582,0.22581731942506966,74.30118233945907,0.23376058217335197
1443,g_pair_seed_sweep_d37_d53,"37,53",exhaustive two-channel full-sequence seed sweep (all_singletons_failed),0,0.9965095986038395,79.4012,84.7024,3.2921,133.31991671301063,113.92061377817049,275.7586406228785,8.17990313003327,183.96868559536114,6.8229157953038575,161.74351218562543,76.86343952835377,0.19133960953961351,79.38667658033704,0.17514510685188228
1444,g_pair_seed_sweep_d23_d42,"23,42",exhaustive two-channel full-sequence seed sweep (all_singletons_failed),0,0.9965095986038395,81.9494,86.6738,2.8083,129.40468074445556,114.41796156082167,230.12762569795396,8.953658573872431,197.9297056659297,5.179456399285698,117.61913985502957,80.41830911422922,0.11395710527861513,82.00490892179934,0.14065654838603653
