1341847980.7869 -0.0035 -0.0031 0.0022 -0.0003 0.0002 -0.0008 1.0000
1341847980.8230 -0.0028 -0.0014 0.0006 0.0010 -0.0001 -0.0014 1.0000
1341847980.8547 -0.0029 -0.0005 -0.0005 0.0012 0.0003 -0.0018 1.0000
1341847980.8907 -0.0054 -0.0011 -0.0005 0.0012 0.0008 -0.0020 1.0000
1341847980.9230 -0.0055 -0.0010 -0.0014 0.0016 0.0005 -0.0025 1.0000
1341847980.9546 -0.0047 0.0002 -0.0026 0.0016 0.0007 -0.0028 1.0000
1341847980.9907 -0.0092 -0.0003 -0.0012 0.0013 0.0018 -0.0029 1.0000
1341847981.0227 -0.0091 0.0001 -0.0032 0.0016 0.0014 -0.0028 1.0000
1341847981.0547 -0.0096 -0.0000 -0.0027 0.0014 0.0014 -0.0029 1.0000
1341847981.0907 -0.0102 -0.0000 -0.0026 0.0017 0.0021 -0.0030 1.0000
1341847981.1230 -0.0122 -0.0006 -0.0042 0.0018 0.0029 -0.0028 1.0000
1341847981.1586 -0.0146 0.0005 -0.0051 0.0016 0.0033 -0.0016 1.0000
1341847981.1906 -0.0178 -0.0003 -0.0041 0.0013 0.0036 -0.0000 1.0000
1341847981.2230 -0.0213 -0.0022 -0.0042 0.0015 0.0038 0.0015 1.0000
1341847981.2587 -0.0214 -0.0005 -0.0072 0.0019 0.0030 0.0032 1.0000
1341847981.2908 -0.0217 -0.0016 -0.0063 0.0017 0.0028 0.0036 1.0000
1341847981.3229 -0.0233 -0.0009 -0.0074 0.0023 0.0040 0.0035 1.0000
1341847981.3587 -0.0285 -0.0003 -0.0089 0.0026 0.0054 0.0039 1.0000
1341847981.3908 -0.0348 -0.0009 -0.0090 0.0025 0.0061 0.0049 1.0000
1341847981.4267 -0.0382 -0.0014 -0.0106 0.0030 0.0057 0.0060 1.0000
1341847981.4588 -0.0396 0.0006 -0.0141 0.0034 0.0053 0.0067 1.0000
1341847981.4907 -0.0448 0.0008 -0.0137 0.0032 0.0060 0.0069 1.0000
1341847981.5270 -0.0495 0.0011 -0.0162 0.0039 0.0068 0.0065 0.9999
1341847981.5587 -0.0532 0.0028 -0.0181 0.0039 0.0074 0.0061 0.9999
1341847981.5949 -0.0606 0.0015 -0.0169 0.0043 0.0093 0.0054 0.9999
1341847981.6267 -0.0665 0.0033 -0.0221 0.0054 0.0104 0.0057 0.9999
1341847981.6587 -0.0683 0.0084 -0.0252 0.0050 0.0102 0.0056 0.9999
1341847981.6947 -0.0779 0.0057 -0.0232 0.0044 0.0120 0.0051 0.9999
1341847981.7266 -0.0812 0.0108 -0.0285 0.0047 0.0123 0.0059 0.9999
1341847981.7588 -0.0892 0.0116 -0.0282 0.0036 0.0130 0.0059 0.9999
1341847981.7947 -0.0913 0.0145 -0.0319 0.0028 0.0127 0.0058 0.9999
1341847981.8267 -0.0964 0.0179 -0.0317 0.0014 0.0132 0.0056 0.9999
1341847981.8627 -0.1088 0.0154 -0.0271 0.0010 0.0146 0.0047 0.9999
1341847981.8946 -0.1073 0.0191 -0.0379 0.0010 0.0124 0.0050 0.9999
1341847981.9266 -0.1131 0.0219 -0.0356 -0.0016 0.0119 0.0050 0.9999
1341847981.9948 -0.1274 0.0196 -0.0314 -0.0028 0.0131 0.0047 0.9999
1341847982.0627 -0.1381 0.0165 -0.0312 -0.0010 0.0130 0.0022 0.9999
1341847982.0948 -0.1402 0.0183 -0.0349 -0.0001 0.0123 0.0012 0.9999
1341847982.1307 -0.1517 0.0093 -0.0287 -0.0001 0.0130 0.0002 0.9999
1341847982.1627 -0.1481 0.0142 -0.0373 0.0038 0.0100 0.0016 0.9999
1341847982.1947 -0.1370 0.0167 -0.0444 0.0029 0.0070 0.0025 1.0000
1341847982.2306 -0.1418 0.0127 -0.0382 0.0009 0.0096 0.0026 1.0000
1341847982.2627 -0.1449 0.0108 -0.0386 0.0018 0.0120 0.0018 0.9999
1341847982.2950 -0.1470 0.0115 -0.0409 0.0024 0.0143 0.0015 0.9999
1341847982.3307 -0.1566 0.0112 -0.0450 0.0046 0.0169 0.0048 0.9998
1341847982.3989 -0.1619 0.0103 -0.0498 0.0094 0.0135 0.0103 0.9998
1341847982.4308 -0.1569 0.0055 -0.0513 0.0094 0.0129 0.0114 0.9998
1341847982.4626 -0.1562 0.0094 -0.0572 0.0111 0.0153 0.0121 0.9997
1341847982.4986 -0.1556 0.0064 -0.0599 0.0099 0.0173 0.0119 0.9997
1341847982.5308 -0.1630 0.0063 -0.0571 0.0085 0.0197 0.0128 0.9997
1341847982.5667 -0.1597 0.0060 -0.0620 0.0068 0.0202 0.0143 0.9997
1341847982.5987 -0.1686 0.0058 -0.0562 0.0042 0.0239 0.0154 0.9996
1341847982.6307 -0.1740 0.0033 -0.0549 0.0031 0.0268 0.0154 0.9995
1341847982.6666 -0.1791 0.0032 -0.0550 0.0018 0.0295 0.0160 0.9994
1341847982.6986 -0.1823 0.0025 -0.0543 0.0003 0.0326 0.0163 0.9993
1341847982.7307 -0.1946 0.0004 -0.0499 -0.0008 0.0376 0.0162 0.9992
1341847982.7667 -0.2041 0.0017 -0.0489 0.0001 0.0404 0.0177 0.9990
1341847982.7987 -0.2116 0.0015 -0.0490 0.0002 0.0423 0.0190 0.9989
1341847982.8347 -0.2251 -0.0022 -0.0440 0.0008 0.0449 0.0193 0.9988
1341847982.8667 -0.2364 0.0001 -0.0426 0.0040 0.0460 0.0208 0.9987
1341847982.8987 -0.2444 0.0013 -0.0493 0.0054 0.0450 0.0224 0.9987
1341847982.9348 -0.2541 0.0028 -0.0534 0.0045 0.0430 0.0243 0.9988
1341847982.9667 -0.2610 -0.0002 -0.0511 0.0028 0.0417 0.0246 0.9988
1341847982.9988 -0.2670 -0.0014 -0.0532 0.0016 0.0429 0.0234 0.9988
1341847983.0347 -0.2809 -0.0011 -0.0513 0.0002 0.0451 0.0233 0.9987
1341847983.0667 -0.2919 -0.0001 -0.0509 -0.0007 0.0451 0.0244 0.9987
1341847983.1028 -0.3082 -0.0013 -0.0425 -0.0018 0.0467 0.0249 0.9986
1341847983.1347 -0.3206 -0.0036 -0.0396 -0.0014 0.0469 0.0259 0.9986
1341847983.1667 -0.3316 -0.0063 -0.0426 -0.0008 0.0461 0.0267 0.9986
1341847983.2027 -0.3377 -0.0087 -0.0463 -0.0014 0.0440 0.0277 0.9986
1341847983.2347 -0.3409 -0.0142 -0.0510 -0.0034 0.0425 0.0282 0.9987
1341847983.2668 -0.3453 -0.0187 -0.0552 -0.0068 0.0426 0.0274 0.9987
1341847983.3027 -0.3582 -0.0215 -0.0509 -0.0097 0.0456 0.0265 0.9986
1341847983.3347 -0.3661 -0.0233 -0.0487 -0.0111 0.0480 0.0256 0.9985
1341847983.3709 -0.3803 -0.0278 -0.0438 -0.0115 0.0517 0.0247 0.9983
1341847983.4027 -0.3925 -0.0274 -0.0476 -0.0103 0.0526 0.0261 0.9982
1341847983.4347 -0.4012 -0.0260 -0.0501 -0.0114 0.0510 0.0289 0.9982
1341847983.4707 -0.4081 -0.0304 -0.0446 -0.0124 0.0505 0.0282 0.9982
1341847983.5028 -0.4134 -0.0321 -0.0470 -0.0110 0.0527 0.0253 0.9982
1341847983.5348 -0.4249 -0.0305 -0.0515 -0.0104 0.0571 0.0240 0.9980
1341847983.5707 -0.4415 -0.0309 -0.0505 -0.0109 0.0604 0.0241 0.9978
1341847983.6027 -0.4558 -0.0341 -0.0491 -0.0104 0.0616 0.0246 0.9977
1341847983.6387 -0.4654 -0.0345 -0.0526 -0.0090 0.0624 0.0250 0.9977
1341847983.7029 -0.4945 -0.0355 -0.0588 -0.0042 0.0657 0.0268 0.9975
1341847983.7387 -0.5081 -0.0329 -0.0620 -0.0028 0.0653 0.0287 0.9974
1341847983.7707 -0.5199 -0.0346 -0.0640 -0.0020 0.0650 0.0302 0.9974
1341847983.8067 -0.5312 -0.0363 -0.0637 -0.0005 0.0661 0.0297 0.9974
1341847983.8387 -0.5499 -0.0353 -0.0660 0.0033 0.0681 0.0298 0.9972
1341847983.8707 -0.5629 -0.0292 -0.0765 0.0053 0.0665 0.0328 0.9972
1341847983.9067 -0.5786 -0.0286 -0.0740 0.0058 0.0647 0.0356 0.9973
1341847983.9388 -0.5854 -0.0247 -0.0822 0.0063 0.0626 0.0367 0.9973
1341847983.9708 -0.5967 -0.0219 -0.0820 0.0052 0.0642 0.0357 0.9973
1341847984.0067 -0.6126 -0.0205 -0.0818 0.0044 0.0670 0.0349 0.9971
1341847984.0387 -0.6233 -0.0186 -0.0848 0.0029 0.0690 0.0347 0.9970
1341847984.0747 -0.6340 -0.0109 -0.0900 0.0015 0.0712 0.0336 0.9969
1341847984.1068 -0.6531 -0.0098 -0.0833 -0.0027 0.0750 0.0325 0.9967
1341847984.1387 -0.6725 -0.0115 -0.0753 -0.0038 0.0779 0.0312 0.9965
1341847984.1748 -0.6763 -0.0035 -0.0878 -0.0051 0.0768 0.0297 0.9966
1341847984.2067 -0.6995 -0.0029 -0.0738 -0.0096 0.0804 0.0281 0.9963
1341847984.2387 -0.7143 -0.0035 -0.0699 -0.0108 0.0797 0.0288 0.9963
1341847984.2748 -0.7226 -0.0002 -0.0690 -0.0126 0.0779 0.0295 0.9964
1341847984.3067 -0.7338 0.0003 -0.0634 -0.0151 0.0781 0.0294 0.9964
1341847984.3431 -0.7473 0.0003 -0.0555 -0.0169 0.0784 0.0297 0.9963
1341847984.4067 -0.7683 0.0021 -0.0448 -0.0206 0.0749 0.0330 0.9964
1341847984.4429 -0.7787 0.0003 -0.0323 -0.0222 0.0749 0.0339 0.9964
1341847984.4746 -0.7875 0.0000 -0.0260 -0.0218 0.0751 0.0336 0.9964
1341847984.5067 -0.7977 -0.0017 -0.0163 -0.0228 0.0760 0.0329 0.9963
1341847984.5427 -0.8043 -0.0030 -0.0105 -0.0230 0.0776 0.0335 0.9962
1341847984.5748 -0.8145 -0.0033 0.0013 -0.0245 0.0809 0.0339 0.9958
1341847984.6108 -0.8281 -0.0122 0.0198 -0.0245 0.0820 0.0329 0.9958
1341847984.6427 -0.8380 -0.0137 0.0268 -0.0215 0.0809 0.0345 0.9959
1341847984.6748 -0.8449 -0.0150 0.0354 -0.0208 0.0805 0.0356 0.9959
1341847984.7107 -0.8551 -0.0230 0.0536 -0.0201 0.0805 0.0353 0.9959
1341847984.7434 -0.8634 -0.0257 0.0632 -0.0171 0.0799 0.0353 0.9960
1341847984.7789 -0.8717 -0.0274 0.0714 -0.0162 0.0805 0.0363 0.9960
1341847984.8106 -0.8805 -0.0339 0.0899 -0.0156 0.0815 0.0381 0.9958
1341847984.8427 -0.8873 -0.0407 0.1043 -0.0130 0.0816 0.0396 0.9958
1341847984.8788 -0.8944 -0.0439 0.1111 -0.0109 0.0820 0.0412 0.9957
1341847984.9106 -0.9022 -0.0466 0.1188 -0.0108 0.0817 0.0440 0.9956
1341847984.9431 -0.9101 -0.0518 0.1314 -0.0121 0.0803 0.0475 0.9956
1341847984.9792 -0.9142 -0.0552 0.1428 -0.0129 0.0782 0.0503 0.9956
1341847985.0106 -0.9151 -0.0580 0.1534 -0.0149 0.0777 0.0514 0.9955
1341847985.0466 -0.9177 -0.0642 0.1664 -0.0179 0.0806 0.0519 0.9952
1341847985.0787 -0.9234 -0.0703 0.1795 -0.0188 0.0844 0.0516 0.9949
1341847985.1108 -0.9292 -0.0755 0.1912 -0.0201 0.0876 0.0529 0.9945
1341847985.1468 -0.9323 -0.0819 0.2027 -0.0209 0.0901 0.0546 0.9942
1341847985.1787 -0.9378 -0.0890 0.2156 -0.0213 0.0937 0.0556 0.9938
1341847985.2108 -0.9428 -0.0975 0.2274 -0.0206 0.0963 0.0559 0.9936
1341847985.2467 -0.9447 -0.1016 0.2324 -0.0199 0.0986 0.0566 0.9933
1341847985.2789 -0.9498 -0.1091 0.2458 -0.0205 0.1023 0.0567 0.9929
1341847985.3146 -0.9560 -0.1172 0.2576 -0.0192 0.1057 0.0566 0.9926
1341847985.3468 -0.9612 -0.1199 0.2625 -0.0179 0.1076 0.0568 0.9924
1341847985.3788 -0.9652 -0.1241 0.2720 -0.0191 0.1089 0.0570 0.9922
1341847985.4146 -0.9684 -0.1303 0.2857 -0.0198 0.1118 0.0574 0.9919
1341847985.4469 -0.9743 -0.1356 0.2967 -0.0188 0.1146 0.0572 0.9916
1341847985.4787 -0.9797 -0.1396 0.3048 -0.0184 0.1162 0.0584 0.9913
1341847985.5147 -0.9829 -0.1440 0.3162 -0.0191 0.1179 0.0592 0.9911
1341847985.5468 -0.9874 -0.1502 0.3292 -0.0199 0.1210 0.0600 0.9906
1341847985.5826 -0.9937 -0.1570 0.3439 -0.0194 0.1246 0.0609 0.9901
1341847985.6148 -0.9997 -0.1621 0.3545 -0.0178 0.1268 0.0623 0.9898
1341847985.6471 -1.0048 -0.1687 0.3686 -0.0161 0.1294 0.0644 0.9894
1341847985.6828 -1.0120 -0.1748 0.3798 -0.0140 0.1323 0.0665 0.9889
1341847985.7147 -1.0191 -0.1801 0.3926 -0.0103 0.1339 0.0699 0.9885
1341847985.7470 -1.0244 -0.1844 0.4019 -0.0066 0.1352 0.0725 0.9881
1341847985.7828 -1.0309 -0.1895 0.4156 -0.0033 0.1380 0.0745 0.9876
1341847985.8147 -1.0384 -0.1967 0.4284 0.0034 0.1407 0.0772 0.9870
1341847985.8507 -1.0457 -0.2013 0.4315 0.0099 0.1419 0.0808 0.9865
1341847985.8828 -1.0501 -0.2006 0.4340 0.0105 0.1419 0.0844 0.9862
1341847985.9150 -1.0543 -0.2096 0.4466 0.0072 0.1447 0.0871 0.9856
1341847985.9508 -1.0587 -0.2197 0.4582 0.0057 0.1497 0.0865 0.9849
1341847985.9827 -1.0653 -0.2251 0.4684 0.0064 0.1548 0.0863 0.9842
1341847986.0188 -1.0720 -0.2295 0.4769 0.0071 0.1577 0.0884 0.9835
1341847986.0520 -1.0770 -0.2350 0.4867 0.0065 0.1592 0.0915 0.9830
1341847986.0826 -1.0808 -0.2422 0.4976 0.0062 0.1607 0.0927 0.9826
1341847986.1187 -1.0834 -0.2468 0.5046 0.0052 0.1633 0.0926 0.9822
1341847986.1506 -1.0866 -0.2522 0.5141 0.0027 0.1677 0.0932 0.9814
1341847986.1826 -1.0913 -0.2628 0.5306 0.0010 0.1724 0.0936 0.9806
1341847986.2187 -1.0955 -0.2697 0.5405 0.0027 0.1754 0.0942 0.9800
1341847986.2506 -1.0985 -0.2763 0.5500 0.0037 0.1781 0.0962 0.9793
1341847986.2867 -1.1011 -0.2838 0.5619 0.0048 0.1813 0.0975 0.9786
1341847986.3262 -1.1036 -0.2920 0.5735 0.0066 0.1848 0.0986 0.9778
1341847986.3592 -1.1065 -0.2970 0.5825 0.0090 0.1880 0.1008 0.9769
1341847986.3945 -1.1080 -0.3007 0.5923 0.0095 0.1907 0.1027 0.9762
1341847986.4259 -1.1102 -0.3070 0.6047 0.0092 0.1938 0.1040 0.9755
1341847986.4577 -1.1118 -0.3117 0.6152 0.0086 0.1972 0.1050 0.9747
1341847986.4937 -1.1156 -0.3198 0.6311 0.0073 0.2007 0.1063 0.9738
1341847986.5258 -1.1182 -0.3261 0.6436 0.0079 0.2029 0.1075 0.9732
1341847986.5617 -1.1196 -0.3292 0.6541 0.0075 0.2050 0.1083 0.9727
1341847986.5937 -1.1220 -0.3377 0.6704 0.0054 0.2088 0.1085 0.9719
1341847986.6257 -1.1252 -0.3477 0.6866 0.0056 0.2130 0.1088 0.9710
1341847986.6619 -1.1274 -0.3490 0.6949 0.0076 0.2147 0.1115 0.9703
1341847986.6937 -1.1301 -0.3534 0.7083 0.0080 0.2159 0.1159 0.9695
1341847986.7259 -1.1318 -0.3579 0.7193 0.0087 0.2161 0.1212 0.9688
1341847986.7626 -1.1327 -0.3611 0.7280 0.0080 0.2161 0.1250 0.9683
1341847986.7938 -1.1330 -0.3662 0.7381 0.0045 0.2179 0.1275 0.9676
1341847986.8298 -1.1364 -0.3751 0.7545 0.0012 0.2219 0.1291 0.9665
1341847986.8867 -1.1415 -0.3803 0.7752 0.0000 0.2234 0.1343 0.9654
1341847986.9227 -1.1430 -0.3866 0.7873 -0.0026 0.2240 0.1377 0.9648
1341847986.9547 -1.1439 -0.3934 0.7995 -0.0050 0.2257 0.1391 0.9642
1341847986.9906 -1.1461 -0.3991 0.8125 -0.0067 0.2286 0.1401 0.9634
1341847987.0229 -1.1483 -0.4029 0.8220 -0.0070 0.2306 0.1423 0.9626
1341847987.0546 -1.1504 -0.4047 0.8306 -0.0081 0.2314 0.1450 0.9620
1341847987.0912 -1.1516 -0.4113 0.8432 -0.0107 0.2327 0.1466 0.9614
1341847987.1232 -1.1522 -0.4195 0.8558 -0.0130 0.2363 0.1458 0.9606
1341847987.1907 -1.1560 -0.4230 0.8754 -0.0159 0.2463 0.1437 0.9583
1341847987.2593 -1.1617 -0.4296 0.8979 -0.0182 0.2531 0.1466 0.9561
1341847987.2907 -1.1632 -0.4369 0.9083 -0.0202 0.2581 0.1459 0.9548
1341847987.3228 -1.1663 -0.4415 0.9195 -0.0206 0.2649 0.1443 0.9532
1341847987.3907 -1.1752 -0.4498 0.9433 -0.0164 0.2776 0.1392 0.9504
1341847987.4228 -1.1792 -0.4504 0.9511 -0.0135 0.2839 0.1376 0.9488
1341847987.4586 -1.1853 -0.4489 0.9646 -0.0094 0.2901 0.1377 0.9470
1341847987.4908 -1.1913 -0.4468 0.9737 -0.0030 0.2935 0.1393 0.9458
1341847987.5268 -1.1954 -0.4391 0.9715 -0.0002 0.2943 0.1425 0.9450
1341847987.5587 -1.1998 -0.4489 0.9929 -0.0028 0.3007 0.1440 0.9428
1341847987.5908 -1.2065 -0.4465 1.0023 0.0023 0.3056 0.1458 0.9409
1341847987.6269 -1.2126 -0.4389 1.0062 0.0063 0.3075 0.1502 0.9396
1341847987.6589 -1.2172 -0.4404 1.0183 0.0054 0.3101 0.1529 0.9383
1341847987.6916 -1.2236 -0.4396 1.0292 0.0059 0.3124 0.1547 0.9373
1341847987.7267 -1.2286 -0.4416 1.0433 0.0061 0.3133 0.1567 0.9366
1341847987.7587 -1.2329 -0.4407 1.0506 0.0076 0.3136 0.1607 0.9358
1341847987.7947 -1.2384 -0.4414 1.0619 0.0078 0.3143 0.1644 0.9349
1341847987.8267 -1.2441 -0.4427 1.0732 0.0087 0.3145 0.1678 0.9343
1341847987.8659 -1.2489 -0.4455 1.0836 0.0081 0.3142 0.1695 0.9341
1341847987.8978 -1.2553 -0.4471 1.0957 0.0095 0.3151 0.1714 0.9334
1341847987.9337 -1.2606 -0.4517 1.1069 0.0101 0.3146 0.1719 0.9335
1341847987.9658 -1.2651 -0.4568 1.1162 0.0109 0.3150 0.1692 0.9338
1341847987.9978 -1.2709 -0.4573 1.1230 0.0128 0.3158 0.1671 0.9339
1341847988.0338 -1.2754 -0.4635 1.1357 0.0127 0.3180 0.1635 0.9338
1341847988.0657 -1.2810 -0.4648 1.1457 0.0162 0.3193 0.1599 0.9339
1341847988.0982 -1.2852 -0.4669 1.1520 0.0184 0.3198 0.1556 0.9344
1341847988.1338 -1.2893 -0.4686 1.1606 0.0197 0.3226 0.1523 0.9340
1341847988.1658 -1.2958 -0.4625 1.1669 0.0247 0.3237 0.1528 0.9334
1341847988.2017 -1.3008 -0.4581 1.1722 0.0258 0.3218 0.1567 0.9334
1341847988.2338 -1.3018 -0.4641 1.1826 0.0219 0.3213 0.1590 0.9333
1341847988.2657 -1.3030 -0.4690 1.1931 0.0204 0.3236 0.1585 0.9326
1341847988.3018 -1.3073 -0.4642 1.1976 0.0225 0.3248 0.1598 0.9319
1341847988.3337 -1.3103 -0.4621 1.2051 0.0214 0.3248 0.1634 0.9313
1341847988.3697 -1.3113 -0.4657 1.2158 0.0193 0.3259 0.1657 0.9306
1341847988.4017 -1.3159 -0.4624 1.2235 0.0215 0.3266 0.1693 0.9296
1341847988.4340 -1.3173 -0.4656 1.2312 0.0203 0.3259 0.1726 0.9293
1341847988.4697 -1.3183 -0.4708 1.2375 0.0194 0.3281 0.1712 0.9288
1341847988.5025 -1.3233 -0.4647 1.2396 0.0225 0.3305 0.1721 0.9277
1341847988.5378 -1.3298 -0.4597 1.2435 0.0238 0.3311 0.1765 0.9266
1341847988.5697 -1.3330 -0.4618 1.2493 0.0211 0.3300 0.1784 0.9267
1341847988.6018 -1.3359 -0.4651 1.2521 0.0173 0.3306 0.1775 0.9268
1341847988.6378 -1.3396 -0.4662 1.2570 0.0140 0.3332 0.1759 0.9262
1341847988.6698 -1.3446 -0.4655 1.2620 0.0128 0.3352 0.1747 0.9257
1341847988.7062 -1.3497 -0.4658 1.2649 0.0113 0.3366 0.1749 0.9252
1341847988.7379 -1.3546 -0.4671 1.2696 0.0108 0.3383 0.1770 0.9242
1341847988.7697 -1.3605 -0.4683 1.2735 0.0116 0.3388 0.1809 0.9232
1341847988.8061 -1.3659 -0.4719 1.2755 0.0118 0.3391 0.1831 0.9227
1341847988.8379 -1.3726 -0.4734 1.2742 0.0109 0.3402 0.1848 0.9220
1341847988.8739 -1.3779 -0.4778 1.2785 0.0079 0.3433 0.1849 0.9208
1341847988.9378 -1.3941 -0.4795 1.2815 0.0079 0.3474 0.1877 0.9187
1341847988.9987 -1.4106 -0.4845 1.2877 0.0059 0.3502 0.1930 0.9166
1341847989.0347 -1.4202 -0.4866 1.2879 0.0044 0.3499 0.1952 0.9162
1341847989.0667 -1.4266 -0.4953 1.2941 0.0001 0.3515 0.1948 0.9157
1341847989.0988 -1.4358 -0.5016 1.3005 0.0009 0.3533 0.1931 0.9154
1341847989.1347 -1.4460 -0.5042 1.3008 0.0048 0.3526 0.1941 0.9154
1341847989.1667 -1.4557 -0.5107 1.3031 0.0068 0.3525 0.1951 0.9152
1341847989.2027 -1.4675 -0.5133 1.3048 0.0106 0.3509 0.1957 0.9157
1341847989.2347 -1.4780 -0.5185 1.3056 0.0125 0.3483 0.1960 0.9166
1341847989.2667 -1.4879 -0.5250 1.3064 0.0124 0.3468 0.1938 0.9176
1341847989.3028 -1.4986 -0.5284 1.3073 0.0119 0.3453 0.1898 0.9190
1341847989.3349 -1.5095 -0.5324 1.3078 0.0103 0.3439 0.1859 0.9203
1341847989.3667 -1.5180 -0.5394 1.3100 0.0059 0.3437 0.1805 0.9216
1341847989.4028 -1.5260 -0.5455 1.3131 0.0027 0.3452 0.1752 0.9220
1341847989.4348 -1.5360 -0.5489 1.3148 0.0041 0.3458 0.1714 0.9225
1341847989.4707 -1.5458 -0.5503 1.3106 0.0040 0.3450 0.1696 0.9231
1341847989.5026 -1.5531 -0.5547 1.3126 0.0016 0.3461 0.1699 0.9227
1341847989.5347 -1.5618 -0.5582 1.3156 0.0026 0.3461 0.1713 0.9224
1341847989.5707 -1.5695 -0.5622 1.3130 0.0019 0.3453 0.1715 0.9227
1341847989.6028 -1.5739 -0.5712 1.3174 -0.0020 0.3480 0.1701 0.9219
1341847989.6347 -1.5821 -0.5748 1.3179 -0.0007 0.3516 0.1670 0.9211
1341847989.6706 -1.5930 -0.5724 1.3144 0.0007 0.3539 0.1667 0.9203
1341847989.7026 -1.6001 -0.5760 1.3178 -0.0011 0.3555 0.1671 0.9196
1341847989.7389 -1.6082 -0.5796 1.3186 -0.0019 0.3578 0.1659 0.9190
1341847989.7707 -1.6186 -0.5794 1.3174 -0.0025 0.3599 0.1658 0.9181
1341847989.8029 -1.6278 -0.5811 1.3194 -0.0037 0.3614 0.1664 0.9174
1341847989.8388 -1.6374 -0.5845 1.3212 -0.0046 0.3629 0.1673 0.9167
1341847989.8710 -1.6463 -0.5897 1.3242 -0.0051 0.3656 0.1654 0.9159
1341847989.9027 -1.6601 -0.5878 1.3220 -0.0018 0.3677 0.1661 0.9150
1341847989.9389 -1.6740 -0.5879 1.3225 0.0003 0.3672 0.1700 0.9145
1341847989.9707 -1.6845 -0.5948 1.3244 0.0002 0.3663 0.1713 0.9146
1341847990.0069 -1.6958 -0.5989 1.3231 -0.0004 0.3676 0.1704 0.9142
1341847990.0390 -1.7086 -0.6003 1.3243 -0.0001 0.3699 0.1700 0.9134
1341847990.0707 -1.7216 -0.6023 1.3257 0.0010 0.3702 0.1693 0.9134
1341847990.1067 -1.7335 -0.6047 1.3244 0.0012 0.3704 0.1694 0.9133
1341847990.1392 -1.7450 -0.6075 1.3262 0.0016 0.3715 0.1703 0.9127
1341847990.1711 -1.7582 -0.6084 1.3271 0.0048 0.3708 0.1714 0.9128
1341847990.2070 -1.7713 -0.6104 1.3254 0.0071 0.3686 0.1727 0.9134
1341847990.2389 -1.7833 -0.6130 1.3244 0.0068 0.3678 0.1742 0.9134
1341847990.2747 -1.7936 -0.6173 1.3286 0.0074 0.3676 0.1747 0.9134
1341847990.3067 -1.8070 -0.6181 1.3260 0.0085 0.3665 0.1740 0.9140
1341847990.3391 -1.8180 -0.6206 1.3280 0.0069 0.3668 0.1741 0.9138
1341847990.3747 -1.8285 -0.6226 1.3310 0.0071 0.3670 0.1739 0.9138
1341847990.4068 -1.8413 -0.6216 1.3291 0.0077 0.3657 0.1741 0.9143
1341847990.4426 -1.8505 -0.6228 1.3313 0.0053 0.3655 0.1766 0.9139
1341847990.4746 -1.8578 -0.6267 1.3369 0.0045 0.3655 0.1764 0.9139
1341847990.5068 -1.8682 -0.6262 1.3358 0.0045 0.3656 0.1764 0.9139
1341847990.5428 -1.8772 -0.6260 1.3374 0.0035 0.3667 0.1796 0.9129
1341847990.5747 -1.8851 -0.6282 1.3416 0.0037 0.3666 0.1826 0.9123
1341847990.6428 -1.9007 -0.6315 1.3441 0.0017 0.3690 0.1838 0.9111
1341847990.6748 -1.9097 -0.6321 1.3466 0.0018 0.3711 0.1863 0.9097
1341847990.7108 -1.9193 -0.6325 1.3484 0.0037 0.3711 0.1899 0.9090
1341847990.7427 -1.9286 -0.6331 1.3478 0.0037 0.3707 0.1942 0.9082
1341847990.7747 -1.9323 -0.6384 1.3550 0.0021 0.3718 0.1968 0.9072
1341847990.8108 -1.9401 -0.6400 1.3565 0.0042 0.3740 0.1973 0.9062
1341847990.8427 -1.9499 -0.6400 1.3565 0.0046 0.3755 0.1991 0.9052
1341847990.8747 -1.9553 -0.6432 1.3612 0.0031 0.3773 0.2001 0.9042
1341847990.9108 -1.9620 -0.6458 1.3642 0.0029 0.3794 0.2004 0.9033
1341847990.9427 -1.9690 -0.6480 1.3661 0.0014 0.3819 0.2002 0.9023
1341847990.9788 -1.9736 -0.6519 1.3715 -0.0002 0.3847 0.2003 0.9011
1341847991.0108 -1.9799 -0.6543 1.3757 0.0011 0.3867 0.2003 0.9002
1341847991.0428 -1.9870 -0.6568 1.3775 0.0015 0.3885 0.2014 0.8992
1341847991.0787 -1.9922 -0.6606 1.3830 0.0018 0.3906 0.2033 0.8978
1341847991.1113 -1.9988 -0.6642 1.3870 0.0034 0.3921 0.2053 0.8967
1341847991.1428 -2.0050 -0.6681 1.3911 0.0033 0.3937 0.2058 0.8959
1341847991.1788 -2.0107 -0.6715 1.3976 0.0032 0.3963 0.2067 0.8946
1341847991.2107 -2.0176 -0.6763 1.4043 0.0044 0.3987 0.2070 0.8934
1341847991.2468 -2.0267 -0.6782 1.4089 0.0052 0.4003 0.2065 0.8928
1341847991.2787 -2.0323 -0.6823 1.4168 0.0052 0.4029 0.2072 0.8914
1341847991.3108 -2.0421 -0.6837 1.4225 0.0087 0.4050 0.2093 0.8900
1341847991.3467 -2.0556 -0.6832 1.4253 0.0128 0.4033 0.2141 0.8896
1341847991.3788 -2.0631 -0.6863 1.4291 0.0126 0.4011 0.2205 0.8890
1341847991.4147 -2.0654 -0.6939 1.4388 0.0090 0.4020 0.2240 0.8878
1341847991.4467 -2.0711 -0.6978 1.4456 0.0067 0.4044 0.2243 0.8866
1341847991.4788 -2.0763 -0.7008 1.4521 0.0048 0.4075 0.2251 0.8850
1341847991.5147 -2.0822 -0.7035 1.4589 0.0041 0.4103 0.2271 0.8832
1341847991.5467 -2.0889 -0.7052 1.4633 0.0052 0.4118 0.2303 0.8817
1341847991.5788 -2.0944 -0.7080 1.4663 0.0057 0.4131 0.2354 0.8797
1341847991.6149 -2.0960 -0.7130 1.4729 0.0057 0.4155 0.2400 0.8773
1341847991.6467 -2.0972 -0.7182 1.4768 0.0066 0.4192 0.2441 0.8744
1341847991.6899 -2.1000 -0.7239 1.4792 0.0065 0.4246 0.2462 0.8712
1341847991.7468 -2.1121 -0.7290 1.4820 0.0086 0.4318 0.2502 0.8665
1341847991.7827 -2.1141 -0.7345 1.4853 0.0072 0.4345 0.2531 0.8644
1341847991.8147 -2.1135 -0.7430 1.4912 0.0049 0.4383 0.2535 0.8623
1341847991.8467 -2.1166 -0.7485 1.4945 0.0049 0.4431 0.2517 0.8604
1341847991.8828 -2.1249 -0.7481 1.4941 0.0062 0.4465 0.2525 0.8584
1341847991.9158 -2.1282 -0.7544 1.4998 0.0062 0.4484 0.2548 0.8567
1341847991.9508 -2.1313 -0.7614 1.5045 0.0055 0.4504 0.2547 0.8557
1341847991.9828 -2.1337 -0.7661 1.5085 0.0041 0.4534 0.2533 0.8545
1341847992.0147 -2.1383 -0.7709 1.5128 0.0033 0.4572 0.2523 0.8528
1341847992.0506 -2.1485 -0.7728 1.5177 0.0037 0.4598 0.2522 0.8514
1341847992.0828 -2.1521 -0.7795 1.5262 0.0020 0.4616 0.2523 0.8505
1341847992.1148 -2.1562 -0.7823 1.5315 0.0017 0.4637 0.2519 0.8495
1341847992.1508 -2.1627 -0.7864 1.5381 0.0020 0.4663 0.2524 0.8479
1341847992.1828 -2.1723 -0.7887 1.5442 0.0028 0.4679 0.2530 0.8468
1341847992.2187 -2.1759 -0.7945 1.5520 0.0026 0.4695 0.2543 0.8455
1341847992.2507 -2.1822 -0.7990 1.5571 0.0022 0.4727 0.2540 0.8439
1341847992.3187 -2.1983 -0.8070 1.5707 0.0035 0.4799 0.2553 0.8394
1341847992.3507 -2.2085 -0.8098 1.5758 0.0043 0.4824 0.2569 0.8374
1341847992.3829 -2.2154 -0.8144 1.5831 0.0050 0.4847 0.2597 0.8352
1341847992.4189 -2.2223 -0.8196 1.5890 0.0064 0.4872 0.2624 0.8329
1341847992.4508 -2.2332 -0.8226 1.5936 0.0075 0.4895 0.2645 0.8309
1341847992.4867 -2.2413 -0.8274 1.6002 0.0082 0.4915 0.2680 0.8286
1341847992.5187 -2.2485 -0.8343 1.6074 0.0084 0.4934 0.2697 0.8269
1341847992.5506 -2.2593 -0.8383 1.6125 0.0091 0.4952 0.2703 0.8256
1341847992.5867 -2.2705 -0.8412 1.6192 0.0084 0.4967 0.2712 0.8244
1341847992.6188 -2.2789 -0.8457 1.6269 0.0076 0.4983 0.2726 0.8230
1341847992.6547 -2.2888 -0.8501 1.6350 0.0070 0.4996 0.2741 0.8217
1341847992.6868 -2.2937 -0.8556 1.6438 0.0058 0.5008 0.2745 0.8209
1341847992.7187 -2.3000 -0.8592 1.6498 0.0063 0.5026 0.2740 0.8199
1341847992.7548 -2.3135 -0.8608 1.6559 0.0081 0.5042 0.2752 0.8185
1341847992.7866 -2.3195 -0.8667 1.6650 0.0074 0.5046 0.2761 0.8179
1341847992.8187 -2.3255 -0.8702 1.6696 0.0065 0.5054 0.2755 0.8177
1341847992.8549 -2.3342 -0.8718 1.6752 0.0049 0.5074 0.2754 0.8165
1341847992.8866 -2.3391 -0.8752 1.6842 0.0029 0.5091 0.2765 0.8151
1341847992.9227 -2.3423 -0.8807 1.6930 0.0017 0.5101 0.2775 0.8141
1341847992.9546 -2.3460 -0.8834 1.6974 0.0010 0.5111 0.2781 0.8133
1341847992.9867 -2.3481 -0.8880 1.7060 0.0010 0.5131 0.2790 0.8117
1341847993.0227 -2.3575 -0.8897 1.7109 0.0024 0.5141 0.2798 0.8108
1341847993.0548 -2.3604 -0.8942 1.7188 0.0011 0.5150 0.2809 0.8099
1341847993.0868 -2.3652 -0.8980 1.7259 -0.0002 0.5164 0.2808 0.8090
1341847993.1227 -2.3699 -0.9009 1.7338 -0.0022 0.5180 0.2806 0.8080
1341847993.1547 -2.3716 -0.9054 1.7426 -0.0045 0.5199 0.2804 0.8069
1341847993.1908 -2.3712 -0.9098 1.7522 -0.0050 0.5227 0.2805 0.8050
1341847993.2227 -2.3763 -0.9138 1.7596 -0.0023 0.5250 0.2820 0.8030
1341847993.2618 -2.3822 -0.9177 1.7672 0.0009 0.5260 0.2842 0.8016
1341847993.3228 -2.3858 -0.9295 1.7829 0.0039 0.5291 0.2863 0.7988
1341847993.3547 -2.3920 -0.9336 1.7911 0.0045 0.5315 0.2870 0.7969
1341847993.3907 -2.3926 -0.9387 1.8009 0.0038 0.5339 0.2875 0.7952
1341847993.4227 -2.3954 -0.9427 1.8109 0.0033 0.5370 0.2879 0.7929
1341847993.4588 -2.3974 -0.9475 1.8206 0.0041 0.5397 0.2891 0.7907
1341847993.4907 -2.4020 -0.9510 1.8300 0.0062 0.5415 0.2912 0.7886
1341847993.5227 -2.4089 -0.9545 1.8384 0.0084 0.5424 0.2944 0.7868
1341847993.5587 -2.4129 -0.9586 1.8488 0.0087 0.5429 0.2985 0.7849
1341847993.5910 -2.4166 -0.9637 1.8591 0.0080 0.5429 0.3013 0.7838
1341847993.6268 -2.4197 -0.9687 1.8695 0.0062 0.5433 0.3032 0.7829
1341847993.6589 -2.4271 -0.9719 1.8786 0.0037 0.5435 0.3053 0.7819
1341847993.6907 -2.4262 -0.9764 1.8902 -0.0007 0.5431 0.3078 0.7812
1341847993.7271 -2.4193 -0.9831 1.9013 -0.0049 0.5444 0.3073 0.7805
1341847993.7909 -2.4246 -0.9915 1.9197 -0.0079 0.5506 0.3060 0.7766
1341847993.8267 -2.4272 -0.9962 1.9296 -0.0078 0.5509 0.3073 0.7759
1341847993.8589 -2.4298 -1.0027 1.9371 -0.0096 0.5513 0.3073 0.7756
1341847993.9017 -2.4281 -1.0069 1.9467 -0.0122 0.5527 0.3073 0.7745
1341847993.9337 -2.4284 -1.0146 1.9553 -0.0122 0.5543 0.3074 0.7734
1341847993.9658 -2.4349 -1.0204 1.9604 -0.0135 0.5553 0.3065 0.7730
1341847994.0020 -2.4285 -1.0252 1.9674 -0.0167 0.5577 0.3061 0.7714
1341847994.0340 -2.4275 -1.0330 1.9740 -0.0154 0.5611 0.3058 0.7691
1341847994.0657 -2.4357 -1.0381 1.9785 -0.0133 0.5629 0.3055 0.7678
1341847994.1018 -2.4341 -1.0432 1.9858 -0.0134 0.5649 0.3063 0.7661
1341847994.1339 -2.4330 -1.0503 1.9938 -0.0121 0.5676 0.3057 0.7643
1341847994.1697 -2.4404 -1.0549 1.9981 -0.0091 0.5699 0.3054 0.7628
1341847994.2017 -2.4437 -1.0587 2.0055 -0.0070 0.5718 0.3077 0.7605
1341847994.2336 -2.4417 -1.0666 2.0139 -0.0032 0.5737 0.3098 0.7583
1341847994.2697 -2.4515 -1.0727 2.0183 -0.0001 0.5760 0.3090 0.7568
1341847994.3018 -2.4567 -1.0773 2.0257 -0.0003 0.5783 0.3093 0.7550
1341847994.3338 -2.4549 -1.0852 2.0352 0.0010 0.5810 0.3097 0.7527
1341847994.3697 -2.4642 -1.0922 2.0425 0.0035 0.5835 0.3089 0.7510
1341847994.4017 -2.4689 -1.0981 2.0513 0.0052 0.5853 0.3097 0.7493
1341847994.4338 -2.4731 -1.1055 2.0618 0.0083 0.5870 0.3114 0.7472
1341847994.4697 -2.4814 -1.1127 2.0713 0.0107 0.5882 0.3121 0.7459
1341847994.5017 -2.4870 -1.1180 2.0809 0.0118 0.5893 0.3134 0.7446
1341847994.5377 -2.4900 -1.1248 2.0916 0.0133 0.5909 0.3149 0.7426
1341847994.5697 -2.5002 -1.1311 2.1011 0.0150 0.5923 0.3165 0.7408
1341847994.6017 -2.5068 -1.1356 2.1108 0.0141 0.5936 0.3188 0.7388
1341847994.6378 -2.5071 -1.1408 2.1218 0.0133 0.5949 0.3211 0.7368
1341847994.6697 -2.5139 -1.1469 2.1325 0.0139 0.5961 0.3222 0.7353
1341847994.7016 -2.5216 -1.1517 2.1419 0.0119 0.5971 0.3237 0.7338
1341847994.7698 -2.5217 -1.1628 2.1631 0.0100 0.6016 0.3249 0.7297
1341847994.8313 -2.5414 -1.1726 2.1801 0.0043 0.6057 0.3306 0.7238
1341847994.8668 -2.5387 -1.1771 2.1914 0.0024 0.6055 0.3343 0.7222
1341847994.8987 -2.5428 -1.1811 2.1998 0.0016 0.6058 0.3360 0.7212
1341847994.9307 -2.5456 -1.1841 2.2077 -0.0015 0.6071 0.3363 0.7199
1341847994.9667 -2.5422 -1.1867 2.2168 -0.0033 0.6094 0.3373 0.7175
1341847994.9987 -2.5459 -1.1921 2.2239 -0.0019 0.6119 0.3388 0.7147
1341847995.0308 -2.5507 -1.1947 2.2313 -0.0018 0.6143 0.3414 0.7113
1341847995.0667 -2.5445 -1.1979 2.2392 -0.0015 0.6166 0.3436 0.7083
1341847995.0987 -2.5473 -1.2027 2.2458 0.0005 0.6203 0.3440 0.7050
1341847995.1349 -2.5534 -1.2069 2.2522 0.0006 0.6237 0.3448 0.7015
1341847995.1666 -2.5491 -1.2111 2.2605 0.0014 0.6263 0.3461 0.6985
1341847995.1988 -2.5534 -1.2159 2.2666 0.0032 0.6290 0.3457 0.6963
1341847995.2347 -2.5587 -1.2211 2.2727 0.0033 0.6312 0.3463 0.6940
1341847995.2668 -2.5554 -1.2246 2.2806 0.0038 0.6327 0.3476 0.6920
1341847995.2988 -2.5559 -1.2308 2.2873 0.0063 0.6351 0.3481 0.6895
1341847995.3347 -2.5657 -1.2358 2.2936 0.0066 0.6369 0.3484 0.6877
1341847995.3667 -2.5606 -1.2386 2.3016 0.0049 0.6384 0.3493 0.6858
1341847995.4028 -2.5628 -1.2442 2.3098 0.0049 0.6403 0.3487 0.6844
1341847995.4347 -2.5658 -1.2483 2.3184 0.0039 0.6414 0.3490 0.6832
1341847995.4668 -2.5614 -1.2516 2.3266 0.0031 0.6428 0.3493 0.6817
1341847995.5027 -2.5616 -1.2567 2.3362 0.0046 0.6443 0.3495 0.6803
1341847995.5348 -2.5656 -1.2625 2.3439 0.0077 0.6435 0.3514 0.6800
1341847995.5667 -2.5686 -1.2658 2.3517 0.0110 0.6423 0.3560 0.6787
1341847995.6027 -2.5685 -1.2688 2.3614 0.0123 0.6409 0.3606 0.6776
1341847995.6348 -2.5665 -1.2712 2.3689 0.0114 0.6402 0.3631 0.6769
1341847995.6708 -2.5647 -1.2738 2.3758 0.0095 0.6406 0.3653 0.6754
1341847995.7028 -2.5626 -1.2763 2.3834 0.0075 0.6415 0.3685 0.6728
1341847995.7348 -2.5552 -1.2790 2.3898 0.0070 0.6414 0.3711 0.6714
1341847995.7707 -2.5561 -1.2822 2.3959 0.0074 0.6418 0.3720 0.6705
1341847995.8028 -2.5541 -1.2839 2.4022 0.0068 0.6428 0.3735 0.6688
1341847995.8388 -2.5511 -1.2869 2.4083 0.0069 0.6436 0.3738 0.6678
1341847995.8706 -2.5535 -1.2902 2.4131 0.0074 0.6445 0.3734 0.6672
1341847995.9028 -2.5562 -1.2920 2.4192 0.0055 0.6461 0.3733 0.6657
1341847995.9387 -2.5488 -1.2941 2.4230 0.0045 0.6474 0.3743 0.6639
1341847995.9707 -2.5513 -1.2982 2.4258 0.0058 0.6496 0.3744 0.6617
1341847996.0027 -2.5543 -1.3005 2.4300 0.0041 0.6518 0.3741 0.6597
1341847996.0388 -2.5477 -1.3024 2.4319 0.0034 0.6534 0.3748 0.6577
1341847996.0707 -2.5479 -1.3068 2.4342 0.0055 0.6555 0.3745 0.6558
1341847996.1067 -2.5532 -1.3095 2.4373 0.0060 0.6573 0.3736 0.6544
1341847996.1388 -2.5487 -1.3105 2.4392 0.0056 0.6595 0.3737 0.6522
1341847996.1707 -2.5474 -1.3139 2.4423 0.0076 0.6628 0.3730 0.6492
1341847996.2066 -2.5559 -1.3170 2.4465 0.0076 0.6656 0.3706 0.6477
1341847996.2390 -2.5567 -1.3186 2.4497 0.0066 0.6674 0.3711 0.6456
1341847996.2708 -2.5564 -1.3210 2.4535 0.0073 0.6688 0.3731 0.6430
1341847996.3389 -2.5597 -1.3254 2.4603 0.0082 0.6712 0.3748 0.6395
1341847996.3747 -2.5588 -1.3267 2.4640 0.0075 0.6731 0.3756 0.6370
1341847996.4067 -2.5586 -1.3300 2.4676 0.0089 0.6751 0.3769 0.6341
1341847996.4386 -2.5645 -1.3330 2.4722 0.0101 0.6770 0.3780 0.6314
1341847996.4748 -2.5624 -1.3352 2.4771 0.0100 0.6784 0.3794 0.6291
1341847996.5067 -2.5611 -1.3389 2.4815 0.0126 0.6799 0.3801 0.6270
1341847996.5388 -2.5698 -1.3429 2.4881 0.0143 0.6818 0.3799 0.6250
1341847996.5748 -2.5737 -1.3452 2.4953 0.0129 0.6825 0.3811 0.6235
1341847996.6071 -2.5709 -1.3479 2.5009 0.0131 0.6832 0.3825 0.6218
1341847996.6428 -2.5819 -1.3511 2.5096 0.0129 0.6842 0.3835 0.6202
1341847996.6748 -2.5799 -1.3511 2.5179 0.0095 0.6841 0.3857 0.6189
1341847996.7069 -2.5767 -1.3511 2.5228 0.0078 0.6860 0.3866 0.6163
1341847996.7427 -2.5841 -1.3540 2.5313 0.0034 0.6896 0.3864 0.6126
1341847996.7747 -2.5808 -1.3550 2.5391 -0.0008 0.6915 0.3878 0.6095
1341847996.8068 -2.5821 -1.3590 2.5454 -0.0003 0.6931 0.3902 0.6061
1341847996.8428 -2.5870 -1.3632 2.5539 -0.0001 0.6944 0.3920 0.6034
1341847996.8748 -2.5867 -1.3671 2.5622 -0.0000 0.6947 0.3941 0.6018
1341847996.9108 -2.5879 -1.3724 2.5701 0.0023 0.6952 0.3950 0.6006
1341847996.9427 -2.5935 -1.3779 2.5798 0.0047 0.6954 0.3963 0.5994
1341847996.9748 -2.5918 -1.3824 2.5881 0.0067 0.6958 0.3967 0.5988
1341847997.0107 -2.5990 -1.3892 2.5992 0.0087 0.6973 0.3956 0.5977
1341847997.0427 -2.6021 -1.3946 2.6094 0.0093 0.6976 0.3956 0.5973
1341847997.0787 -2.6041 -1.4008 2.6194 0.0106 0.6981 0.3954 0.5969
1341847997.1430 -2.6093 -1.4108 2.6410 0.0092 0.6991 0.3932 0.5971
1341847997.1788 -2.6106 -1.4165 2.6511 0.0094 0.6994 0.3916 0.5977
1341847997.2109 -2.6167 -1.4219 2.6620 0.0088 0.6998 0.3902 0.5983
1341847997.2430 -2.6184 -1.4264 2.6719 0.0075 0.6999 0.3902 0.5982
1341847997.2788 -2.6181 -1.4310 2.6805 0.0068 0.6997 0.3913 0.5977
1341847997.3114 -2.6181 -1.4351 2.6890 0.0058 0.7000 0.3914 0.5973
1341847997.3466 -2.6131 -1.4384 2.6945 0.0050 0.7011 0.3914 0.5960
1341847997.3787 -2.6148 -1.4444 2.7025 0.0051 0.7035 0.3907 0.5937
1341847997.4108 -2.6122 -1.4495 2.7099 0.0046 0.7053 0.3907 0.5914
1341847997.4467 -2.6049 -1.4548 2.7154 0.0055 0.7074 0.3898 0.5897
1341847997.4788 -2.6114 -1.4617 2.7224 0.0067 0.7106 0.3880 0.5869
1341847997.5109 -2.6090 -1.4669 2.7308 0.0058 0.7131 0.3883 0.5837
1341847997.5466 -2.6033 -1.4731 2.7384 0.0055 0.7150 0.3881 0.5815
1341847997.5787 -2.6013 -1.4783 2.7456 0.0051 0.7172 0.3865 0.5798
1341847997.6147 -2.5987 -1.4837 2.7537 0.0037 0.7201 0.3850 0.5772
1341847997.6470 -2.5918 -1.4917 2.7622 0.0034 0.7224 0.3845 0.5747
1341847997.6788 -2.5883 -1.4997 2.7721 0.0053 0.7238 0.3835 0.5737
1341847997.7146 -2.5854 -1.5049 2.7811 0.0066 0.7250 0.3821 0.5730
1341847997.7466 -2.5790 -1.5103 2.7899 0.0070 0.7274 0.3805 0.5710
1341847997.7787 -2.5756 -1.5185 2.8010 0.0082 0.7300 0.3788 0.5688
1341847997.8469 -2.5697 -1.5329 2.8218 0.0120 0.7323 0.3792 0.5655
1341847997.8826 -2.5682 -1.5384 2.8327 0.0139 0.7333 0.3813 0.5627
1341847997.9152 -2.5601 -1.5447 2.8421 0.0151 0.7336 0.3839 0.5605
1341847997.9470 -2.5566 -1.5517 2.8526 0.0171 0.7340 0.3862 0.5584
1341847997.9827 -2.5494 -1.5574 2.8618 0.0182 0.7338 0.3883 0.5572
1341847998.0149 -2.5434 -1.5637 2.8703 0.0194 0.7343 0.3891 0.5559
1341847998.0508 -2.5395 -1.5704 2.8809 0.0206 0.7349 0.3898 0.5545
1341847998.0826 -2.5359 -1.5779 2.8932 0.0222 0.7343 0.3911 0.5544
1341847998.1223 -2.5339 -1.5837 2.9028 0.0239 0.7322 0.3934 0.5555
1341847998.1541 -2.5300 -1.5871 2.9118 0.0233 0.7315 0.3943 0.5557
1341847998.1857 -2.5230 -1.5928 2.9209 0.0211 0.7310 0.3940 0.5567
1341847998.2538 -2.5143 -1.6031 2.9375 0.0182 0.7306 0.3934 0.5578
1341847998.3188 -2.5054 -1.6161 2.9546 0.0174 0.7295 0.3917 0.5604
1341847998.3512 -2.5026 -1.6206 2.9656 0.0164 0.7286 0.3921 0.5614
1341847998.3827 -2.4952 -1.6256 2.9742 0.0153 0.7269 0.3922 0.5635
1341847998.4192 -2.4948 -1.6294 2.9848 0.0132 0.7268 0.3902 0.5652
1341847998.4508 -2.4909 -1.6349 2.9966 0.0097 0.7264 0.3893 0.5663
1341847998.4840 -2.4855 -1.6410 3.0068 0.0080 0.7248 0.3897 0.5680
1341847998.5187 -2.4840 -1.6456 3.0184 0.0060 0.7240 0.3892 0.5695
1341847998.5507 -2.4780 -1.6496 3.0281 0.0028 0.7234 0.3884 0.5709
1341847998.5867 -2.4748 -1.6553 3.0395 0.0014 0.7233 0.3880 0.5712
1341847998.6188 -2.4727 -1.6612 3.0519 0.0002 0.7230 0.3877 0.5718
1341847998.6507 -2.4741 -1.6651 3.0640 -0.0022 0.7231 0.3874 0.5719
1341847998.6869 -2.4673 -1.6691 3.0752 -0.0047 0.7235 0.3881 0.5708
1341847998.7187 -2.4625 -1.6750 3.0866 -0.0038 0.7238 0.3887 0.5702
1341847998.7508 -2.4657 -1.6812 3.1014 -0.0033 0.7238 0.3888 0.5701
1341847998.7868 -2.4613 -1.6838 3.1108 -0.0036 0.7232 0.3906 0.5696
1341847998.8188 -2.4598 -1.6871 3.1222 -0.0030 0.7248 0.3904 0.5677
1341847998.8547 -2.4591 -1.6927 3.1363 -0.0052 0.7263 0.3897 0.5662
1341847998.8867 -2.4575 -1.6999 3.1471 -0.0056 0.7261 0.3912 0.5654
1341847998.9187 -2.4576 -1.7049 3.1618 -0.0042 0.7253 0.3942 0.5643
1341847998.9548 -2.4568 -1.7072 3.1738 -0.0044 0.7243 0.3973 0.5635
1341847998.9867 -2.4512 -1.7110 3.1845 -0.0057 0.7231 0.3993 0.5636
1341847999.0188 -2.4503 -1.7132 3.1942 -0.0056 0.7227 0.4004 0.5633
1341847999.0549 -2.4494 -1.7180 3.2079 -0.0061 0.7235 0.4019 0.5613
1341847999.0868 -2.4474 -1.7214 3.2188 -0.0081 0.7221 0.4037 0.5617
1341847999.1227 -2.4434 -1.7235 3.2267 -0.0090 0.7215 0.4052 0.5614
1341847999.1549 -2.4422 -1.7247 3.2350 -0.0097 0.7226 0.4058 0.5595
1341847999.1867 -2.4364 -1.7267 3.2425 -0.0102 0.7246 0.4068 0.5562
1341847999.2227 -2.4313 -1.7292 3.2491 -0.0102 0.7272 0.4055 0.5537
1341847999.2910 -2.4262 -1.7397 3.2647 -0.0056 0.7346 0.4047 0.5446
1341847999.3227 -2.4222 -1.7480 3.2733 -0.0009 0.7358 0.4073 0.5410
1341847999.3549 -2.4200 -1.7513 3.2800 0.0038 0.7365 0.4087 0.5390
1341847999.3908 -2.4194 -1.7541 3.2885 0.0064 0.7389 0.4089 0.5355
1341847999.4239 -2.4141 -1.7559 3.2916 0.0070 0.7413 0.4091 0.5320
1341847999.4549 -2.4091 -1.7601 3.2964 0.0081 0.7445 0.4084 0.5280
1341847999.4909 -2.4084 -1.7632 3.3019 0.0094 0.7482 0.4078 0.5232
1341847999.5227 -2.4032 -1.7688 3.3077 0.0125 0.7520 0.4118 0.5146
1341847999.5589 -2.3961 -1.7745 3.3143 0.0168 0.7541 0.4151 0.5086
1341847999.5907 -2.3927 -1.7752 3.3216 0.0187 0.7563 0.4156 0.5049
1341847999.6229 -2.3878 -1.7758 3.3269 0.0183 0.7591 0.4163 0.5001
1341847999.6588 -2.3751 -1.7791 3.3283 0.0191 0.7614 0.4181 0.4951
1341847999.6911 -2.3717 -1.7825 3.3365 0.0211 0.7640 0.4181 0.4910
1341847999.7227 -2.3636 -1.7837 3.3427 0.0203 0.7658 0.4190 0.4874
1341847999.7588 -2.3504 -1.7844 3.3429 0.0213 0.7676 0.4201 0.4836
1341847999.7910 -2.3435 -1.7874 3.3499 0.0236 0.7706 0.4197 0.4790
1341847999.8267 -2.3377 -1.7897 3.3567 0.0243 0.7725 0.4206 0.4751
1341847999.8588 -2.3297 -1.7899 3.3597 0.0260 0.7742 0.4239 0.4692
1341847999.8977 -2.3219 -1.7922 3.3666 0.0277 0.7759 0.4282 0.4625
1341847999.9588 -2.3049 -1.7902 3.3741 0.0284 0.7774 0.4368 0.4517
1341847999.9908 -2.2944 -1.7907 3.3772 0.0283 0.7779 0.4419 0.4459
1341848000.0267 -2.2842 -1.7900 3.3789 0.0288 0.7783 0.4453 0.4417
1341848000.0587 -2.2785 -1.7894 3.3836 0.0275 0.7791 0.4479 0.4378
1341848000.0948 -2.2694 -1.7878 3.3847 0.0255 0.7795 0.4520 0.4329
1341848000.1267 -2.2606 -1.7861 3.3860 0.0237 0.7807 0.4550 0.4277
1341848000.1586 -2.2538 -1.7863 3.3894 0.0205 0.7819 0.4578 0.4227
1341848000.1948 -2.2436 -1.7863 3.3895 0.0184 0.7822 0.4611 0.4186
1341848000.2271 -2.2371 -1.7867 3.3916 0.0178 0.7826 0.4639 0.4147
1341848000.2670 -2.2280 -1.7839 3.3919 0.0162 0.7827 0.4665 0.4116
1341848000.3271 -2.2142 -1.7854 3.3964 0.0149 0.7839 0.4712 0.4040
1341848000.3627 -2.2050 -1.7831 3.3975 0.0140 0.7831 0.4741 0.4021
1341848000.3947 -2.1960 -1.7792 3.3964 0.0141 0.7834 0.4757 0.3998
1341848000.4268 -2.1904 -1.7807 3.4003 0.0141 0.7842 0.4769 0.3967
1341848000.4627 -2.1820 -1.7776 3.4008 0.0128 0.7843 0.4783 0.3949
1341848000.4947 -2.1720 -1.7738 3.3991 0.0118 0.7853 0.4787 0.3924
1341848000.5308 -2.1638 -1.7756 3.4014 0.0118 0.7867 0.4788 0.3895
1341848000.5628 -2.1549 -1.7746 3.4014 0.0123 0.7873 0.4789 0.3881
1341848000.5948 -2.1462 -1.7720 3.3998 0.0132 0.7889 0.4787 0.3852
1341848000.6306 -2.1376 -1.7736 3.4012 0.0134 0.7909 0.4780 0.3818
1341848000.6627 -2.1287 -1.7729 3.4004 0.0143 0.7929 0.4770 0.3789
1341848000.6954 -2.1208 -1.7754 3.4027 0.0150 0.7954 0.4766 0.3742
1341848000.7308 -2.1108 -1.7762 3.4033 0.0158 0.7970 0.4769 0.3703
1341848000.7627 -2.1006 -1.7769 3.4042 0.0177 0.7988 0.4768 0.3664
1341848000.7987 -2.0915 -1.7803 3.4063 0.0204 0.8004 0.4773 0.3622
1341848000.8307 -2.0805 -1.7800 3.4074 0.0227 0.8017 0.4772 0.3593
1341848000.8628 -2.0714 -1.7819 3.4085 0.0241 0.8039 0.4761 0.3556
1341848000.8987 -2.0626 -1.7859 3.4124 0.0254 0.8056 0.4766 0.3510
1341848000.9307 -2.0528 -1.7890 3.4158 0.0276 0.8060 0.4778 0.3483
1341848000.9632 -2.0419 -1.7885 3.4176 0.0285 0.8067 0.4781 0.3461
1341848000.9988 -2.0309 -1.7897 3.4196 0.0281 0.8079 0.4777 0.3440
1341848001.0307 -2.0208 -1.7921 3.4221 0.0295 0.8087 0.4782 0.3412
1341848001.0670 -2.0108 -1.7934 3.4239 0.0314 0.8088 0.4795 0.3390
1341848001.0988 -1.9997 -1.7938 3.4255 0.0330 0.8091 0.4806 0.3366
1341848001.1307 -1.9884 -1.7919 3.4264 0.0345 0.8100 0.4809 0.3338
1341848001.2060 -1.9677 -1.7917 3.4322 0.0327 0.8127 0.4800 0.3286
1341848001.2668 -1.9472 -1.7878 3.4369 0.0259 0.8164 0.4778 0.3233
1341848001.2991 -1.9371 -1.7854 3.4384 0.0243 0.8183 0.4773 0.3195
1341848001.3348 -1.9271 -1.7825 3.4393 0.0230 0.8203 0.4773 0.3143
1341848001.3667 -1.9176 -1.7810 3.4406 0.0197 0.8225 0.4768 0.3096
1341848001.3993 -1.9084 -1.7780 3.4400 0.0172 0.8242 0.4766 0.3052
1341848001.4347 -1.8986 -1.7747 3.4394 0.0174 0.8263 0.4771 0.2988
1341848001.4667 -1.8906 -1.7743 3.4397 0.0155 0.8282 0.4776 0.2927
1341848001.5027 -1.8816 -1.7698 3.4387 0.0119 0.8299 0.4784 0.2869
1341848001.5349 -1.8713 -1.7640 3.4346 0.0110 0.8320 0.4783 0.2809
1341848001.5670 -1.8632 -1.7622 3.4326 0.0107 0.8354 0.4768 0.2732
1341848001.6029 -1.8565 -1.7622 3.4342 0.0081 0.8379 0.4773 0.2647
1341848001.6347 -1.8460 -1.7566 3.4303 0.0073 0.8395 0.4780 0.2581
1341848001.6666 -1.8371 -1.7550 3.4285 0.0083 0.8420 0.4767 0.2526
1341848001.7349 -1.8208 -1.7512 3.4251 0.0063 0.8447 0.4769 0.2429
1341848001.7707 -1.8098 -1.7483 3.4210 0.0081 0.8470 0.4753 0.2380
1341848001.8028 -1.8058 -1.7530 3.4230 0.0091 0.8487 0.4751 0.2324
1341848001.8348 -1.7990 -1.7506 3.4155 0.0083 0.8481 0.4787 0.2271
1341848001.8707 -1.7855 -1.7477 3.4149 0.0087 0.8499 0.4781 0.2213
1341848001.9027 -1.7817 -1.7518 3.4149 0.0079 0.8510 0.4779 0.2173
1341848001.9347 -1.7726 -1.7472 3.4140 0.0086 0.8510 0.4804 0.2119
1341848001.9707 -1.7596 -1.7433 3.4088 0.0119 0.8515 0.4813 0.2079
1341848002.0027 -1.7536 -1.7459 3.4058 0.0143 0.8519 0.4822 0.2036
1341848002.0389 -1.7442 -1.7433 3.4027 0.0158 0.8520 0.4840 0.1993
1341848002.0708 -1.7337 -1.7393 3.3966 0.0174 0.8528 0.4844 0.1943
1341848002.1027 -1.7266 -1.7396 3.3965 0.0192 0.8536 0.4842 0.1912
1341848002.1387 -1.7164 -1.7405 3.3911 0.0179 0.8535 0.4853 0.1888
1341848002.1718 -1.7090 -1.7358 3.3890 0.0186 0.8542 0.4860 0.1838
1341848002.2027 -1.6989 -1.7329 3.3869 0.0197 0.8548 0.4866 0.1795
1341848002.2387 -1.6897 -1.7319 3.3838 0.0189 0.8551 0.4871 0.1766
1341848002.2708 -1.6828 -1.7302 3.3815 0.0161 0.8554 0.4880 0.1731
1341848002.3067 -1.6748 -1.7270 3.3822 0.0141 0.8557 0.4888 0.1696
1341848002.3389 -1.6646 -1.7229 3.3784 0.0124 0.8553 0.4910 0.1649
1341848002.3708 -1.6591 -1.7204 3.3768 0.0115 0.8550 0.4933 0.1597
1341848002.4068 -1.6466 -1.7111 3.3738 0.0118 0.8550 0.4945 0.1563
1341848002.4388 -1.6399 -1.7108 3.3715 0.0109 0.8556 0.4944 0.1531
1341848002.4747 -1.6364 -1.7086 3.3732 0.0107 0.8551 0.4962 0.1499
1341848002.5068 -1.6253 -1.6991 3.3692 0.0102 0.8548 0.4974 0.1478
1341848002.5388 -1.6199 -1.6992 3.3688 0.0095 0.8548 0.4985 0.1438
1341848002.5747 -1.6143 -1.6965 3.3704 0.0076 0.8539 0.5010 0.1408
1341848002.6068 -1.6045 -1.6879 3.3676 0.0058 0.8534 0.5023 0.1396
1341848002.6394 -1.5972 -1.6848 3.3659 0.0029 0.8533 0.5028 0.1382
1341848002.6747 -1.5919 -1.6831 3.3706 0.0009 0.8526 0.5044 0.1364
1341848002.7138 -1.5805 -1.6734 3.3677 0.0007 0.8513 0.5069 0.1357
1341848002.7748 -1.5664 -1.6682 3.3694 -0.0028 0.8494 0.5106 0.1335
1341848002.8068 -1.5556 -1.6583 3.3661 -0.0012 0.8489 0.5119 0.1317
1341848002.8428 -1.5469 -1.6569 3.3678 0.0005 0.8498 0.5103 0.1322
1341848002.8752 -1.5385 -1.6550 3.3679 0.0013 0.8500 0.5096 0.1334
1341848002.9067 -1.5289 -1.6521 3.3680 0.0023 0.8505 0.5086 0.1337
1341848002.9433 -1.5198 -1.6532 3.3709 0.0027 0.8511 0.5066 0.1381
1341848002.9746 -1.5109 -1.6503 3.3697 0.0023 0.8506 0.5059 0.1431
1341848003.0109 -1.5008 -1.6448 3.3663 0.0017 0.8509 0.5051 0.1445
1341848003.0426 -1.4917 -1.6449 3.3669 0.0024 0.8524 0.5022 0.1455
1341848003.0750 -1.4845 -1.6481 3.3713 0.0012 0.8528 0.5008 0.1482
1341848003.1106 -1.4751 -1.6424 3.3693 0.0003 0.8521 0.5015 0.1498
1341848003.1426 -1.4655 -1.6396 3.3669 -0.0019 0.8528 0.5002 0.1503
1341848003.2429 -1.4418 -1.6368 3.3703 -0.0103 0.8544 0.4976 0.1497
1341848003.2789 -1.4323 -1.6327 3.3693 -0.0121 0.8542 0.4971 0.1520
1341848003.3107 -1.4238 -1.6299 3.3689 -0.0153 0.8544 0.4963 0.1532
1341848003.3427 -1.4145 -1.6263 3.3690 -0.0176 0.8549 0.4947 0.1551
1341848003.3790 -1.4053 -1.6248 3.3694 -0.0209 0.8557 0.4920 0.1586
1341848003.4108 -1.3975 -1.6243 3.3730 -0.0228 0.8559 0.4900 0.1635
1341848003.4427 -1.3873 -1.6199 3.3731 -0.0225 0.8554 0.4894 0.1682
1341848003.4787 -1.3783 -1.6202 3.3752 -0.0226 0.8547 0.4883 0.1747
1341848003.5107 -1.3682 -1.6165 3.3754 -0.0246 0.8532 0.4877 0.1833
1341848003.5469 -1.3590 -1.6112 3.3740 -0.0250 0.8525 0.4874 0.1873
1341848003.5787 -1.3514 -1.6087 3.3732 -0.0230 0.8518 0.4866 0.1924
1341848003.6179 -1.3430 -1.6070 3.3727 -0.0224 0.8510 0.4852 0.1998
1341848003.6500 -1.3349 -1.6037 3.3716 -0.0224 0.8500 0.4842 0.2060
1341848003.6858 -1.3243 -1.6010 3.3685 -0.0237 0.8498 0.4829 0.2102
1341848003.7179 -1.3191 -1.5990 3.3676 -0.0259 0.8496 0.4800 0.2173
1341848003.7538 -1.3109 -1.5971 3.3681 -0.0285 0.8488 0.4790 0.2221
1341848003.7858 -1.3029 -1.5926 3.3637 -0.0272 0.8473 0.4792 0.2273
1341848003.8179 -1.2956 -1.5909 3.3634 -0.0276 0.8464 0.4784 0.2325
1341848003.8540 -1.2897 -1.5831 3.3576 -0.0283 0.8449 0.4784 0.2376
1341848003.8858 -1.2820 -1.5797 3.3540 -0.0300 0.8446 0.4776 0.2399
1341848003.9217 -1.2724 -1.5791 3.3514 -0.0308 0.8434 0.4775 0.2443
1341848003.9538 -1.2680 -1.5708 3.3487 -0.0300 0.8424 0.4766 0.2496
1341848003.9858 -1.2586 -1.5664 3.3415 -0.0301 0.8408 0.4784 0.2514
1341848004.0216 -1.2505 -1.5621 3.3361 -0.0284 0.8401 0.4774 0.2561
1341848004.0538 -1.2453 -1.5561 3.3349 -0.0287 0.8399 0.4761 0.2590
1341848004.0897 -1.2354 -1.5519 3.3269 -0.0283 0.8379 0.4786 0.2610
1341848004.1217 -1.2282 -1.5469 3.3213 -0.0272 0.8369 0.4776 0.2660
1341848004.1537 -1.2196 -1.5432 3.3188 -0.0270 0.8360 0.4772 0.2694
1341848004.1898 -1.2120 -1.5383 3.3144 -0.0250 0.8344 0.4778 0.2735
1341848004.2218 -1.2053 -1.5323 3.3104 -0.0256 0.8327 0.4777 0.2787
1341848004.2578 -1.1973 -1.5256 3.3055 -0.0274 0.8313 0.4770 0.2839
1341848004.2898 -1.1874 -1.5242 3.3043 -0.0287 0.8301 0.4771 0.2872
1341848004.3218 -1.1787 -1.5202 3.3025 -0.0300 0.8276 0.4770 0.2943
1341848004.3579 -1.1715 -1.5133 3.2999 -0.0306 0.8255 0.4762 0.3014
1341848004.3898 -1.1638 -1.5078 3.2982 -0.0334 0.8234 0.4759 0.3073
1341848004.4219 -1.1546 -1.5033 3.2955 -0.0361 0.8209 0.4758 0.3136
1341848004.4578 -1.1473 -1.4985 3.2959 -0.0385 0.8191 0.4747 0.3197
1341848004.4898 -1.1394 -1.4938 3.2947 -0.0408 0.8166 0.4752 0.3251
1341848004.5257 -1.1311 -1.4909 3.2954 -0.0426 0.8142 0.4763 0.3291
1341848004.5578 -1.1244 -1.4865 3.2946 -0.0423 0.8112 0.4780 0.3341
1341848004.5898 -1.1194 -1.4812 3.2948 -0.0440 0.8085 0.4797 0.3380
1341848004.6258 -1.1111 -1.4770 3.2920 -0.0459 0.8057 0.4813 0.3422
1341848004.6579 -1.1078 -1.4729 3.2955 -0.0473 0.8043 0.4807 0.3461
1341848004.6899 -1.1001 -1.4698 3.2950 -0.0496 0.8009 0.4844 0.3484
1341848004.7258 -1.0937 -1.4653 3.2922 -0.0499 0.7979 0.4860 0.3531
1341848004.7577 -1.0916 -1.4613 3.2940 -0.0513 0.7966 0.4847 0.3576
1341848004.7897 -1.0853 -1.4585 3.2948 -0.0542 0.7944 0.4865 0.3598
1341848004.8258 -1.0787 -1.4571 3.2937 -0.0539 0.7921 0.4881 0.3625
1341848004.8577 -1.0776 -1.4541 3.2958 -0.0540 0.7906 0.4876 0.3665
1341848004.8898 -1.0724 -1.4517 3.2947 -0.0551 0.7886 0.4890 0.3688
1341848004.9258 -1.0687 -1.4511 3.2964 -0.0558 0.7872 0.4891 0.3716
1341848004.9578 -1.0645 -1.4503 3.2983 -0.0564 0.7857 0.4892 0.3744
1341848004.9938 -1.0632 -1.4475 3.2981 -0.0556 0.7835 0.4896 0.3786
1341848005.0257 -1.0603 -1.4460 3.2983 -0.0570 0.7821 0.4893 0.3816
1341848005.0577 -1.0566 -1.4452 3.2976 -0.0586 0.7807 0.4882 0.3856
1341848005.0939 -1.0562 -1.4436 3.3021 -0.0587 0.7808 0.4863 0.3880
1341848005.1257 -1.0506 -1.4435 3.3029 -0.0597 0.7785 0.4879 0.3902
1341848005.1577 -1.0470 -1.4444 3.3033 -0.0574 0.7768 0.4880 0.3939
1341848005.1937 -1.0475 -1.4415 3.3034 -0.0560 0.7751 0.4869 0.3987
1341848005.2257 -1.0451 -1.4401 3.3044 -0.0571 0.7743 0.4859 0.4015
1341848005.2577 -1.0389 -1.4413 3.3068 -0.0587 0.7735 0.4848 0.4039
1341848005.2937 -1.0387 -1.4394 3.3090 -0.0577 0.7723 0.4827 0.4090
1341848005.3259 -1.0362 -1.4374 3.3106 -0.0588 0.7707 0.4827 0.4117
1341848005.3577 -1.0284 -1.4407 3.3124 -0.0602 0.7692 0.4829 0.4141
1341848005.3937 -1.0270 -1.4394 3.3147 -0.0578 0.7676 0.4814 0.4191
1341848005.4257 -1.0273 -1.4365 3.3160 -0.0567 0.7657 0.4812 0.4229
1341848005.4618 -1.0200 -1.4388 3.3166 -0.0588 0.7639 0.4820 0.4251
1341848005.4937 -1.0189 -1.4386 3.3211 -0.0577 0.7629 0.4804 0.4287
1341848005.5258 -1.0159 -1.4365 3.3209 -0.0583 0.7604 0.4813 0.4322
1341848005.5618 -1.0106 -1.4380 3.3215 -0.0593 0.7587 0.4810 0.4352
1341848005.5937 -1.0080 -1.4375 3.3236 -0.0594 0.7575 0.4798 0.4387
1341848005.6298 -1.0046 -1.4377 3.3246 -0.0599 0.7559 0.4791 0.4421
1341848005.6618 -1.0005 -1.4385 3.3265 -0.0608 0.7549 0.4779 0.4451
1341848005.6938 -0.9955 -1.4402 3.3278 -0.0606 0.7534 0.4770 0.4485
1341848005.7297 -0.9940 -1.4403 3.3283 -0.0596 0.7522 0.4749 0.4529
1341848005.7617 -0.9898 -1.4415 3.3298 -0.0605 0.7517 0.4730 0.4556
1341848005.7979 -0.9844 -1.4450 3.3338 -0.0596 0.7512 0.4715 0.4581
1341848005.8299 -0.9846 -1.4447 3.3357 -0.0571 0.7495 0.4701 0.4626
1341848005.8617 -0.9808 -1.4450 3.3362 -0.0575 0.7478 0.4696 0.4658
1341848005.8978 -0.9758 -1.4481 3.3383 -0.0570 0.7472 0.4682 0.4683
1341848005.9297 -0.9756 -1.4487 3.3424 -0.0551 0.7463 0.4660 0.4720
1341848005.9657 -0.9727 -1.4486 3.3432 -0.0556 0.7447 0.4651 0.4755
1341848005.9978 -0.9672 -1.4516 3.3451 -0.0556 0.7439 0.4639 0.4778
1341848006.0298 -0.9639 -1.4536 3.3477 -0.0534 0.7431 0.4609 0.4823
1341848006.0658 -0.9642 -1.4525 3.3498 -0.0523 0.7421 0.4578 0.4869
1341848006.0979 -0.9576 -1.4544 3.3478 -0.0520 0.7410 0.4562 0.4900
1341848006.1337 -0.9555 -1.4569 3.3511 -0.0489 0.7422 0.4515 0.4928
1341848006.1658 -0.9540 -1.4585 3.3551 -0.0447 0.7422 0.4493 0.4952
1341848006.1976 -0.9519 -1.4600 3.3559 -0.0412 0.7410 0.4483 0.4982
1341848006.2338 -0.9476 -1.4623 3.3567 -0.0388 0.7399 0.4458 0.5023
1341848006.2658 -0.9470 -1.4618 3.3593 -0.0361 0.7397 0.4423 0.5059
1341848006.3018 -0.9431 -1.4642 3.3632 -0.0344 0.7390 0.4410 0.5081
1341848006.3337 -0.9394 -1.4662 3.3659 -0.0314 0.7372 0.4399 0.5119
1341848006.3660 -0.9402 -1.4630 3.3671 -0.0303 0.7354 0.4370 0.5170
1341848006.4018 -0.9345 -1.4648 3.3692 -0.0323 0.7348 0.4370 0.5178
1341848006.4337 -0.9301 -1.4693 3.3734 -0.0312 0.7342 0.4366 0.5191
1341848006.4697 -0.9293 -1.4680 3.3769 -0.0300 0.7327 0.4359 0.5217
1341848006.5017 -0.9240 -1.4700 3.3786 -0.0306 0.7313 0.4373 0.5225
1341848006.5337 -0.9189 -1.4727 3.3797 -0.0301 0.7301 0.4369 0.5245
1341848006.5697 -0.9184 -1.4738 3.3846 -0.0295 0.7304 0.4354 0.5255
1341848006.6018 -0.9133 -1.4759 3.3874 -0.0299 0.7296 0.4363 0.5258
1341848006.6378 -0.9077 -1.4809 3.3896 -0.0289 0.7293 0.4362 0.5264
1341848006.6701 -0.9082 -1.4810 3.3957 -0.0282 0.7298 0.4340 0.5275
1341848006.7018 -0.9018 -1.4833 3.3971 -0.0293 0.7292 0.4353 0.5273
1341848006.7378 -0.8975 -1.4889 3.4019 -0.0281 0.7300 0.4347 0.5266
1341848006.7697 -0.8941 -1.4913 3.4060 -0.0260 0.7299 0.4352 0.5265
1341848006.8019 -0.8909 -1.4951 3.4093 -0.0240 0.7301 0.4355 0.5260
1341848006.8376 -0.8871 -1.4983 3.4129 -0.0229 0.7305 0.4361 0.5250
1341848006.8707 -0.8830 -1.5036 3.4163 -0.0209 0.7313 0.4362 0.5240
1341848006.9018 -0.8806 -1.5068 3.4205 -0.0194 0.7324 0.4355 0.5230
1341848006.9377 -0.8771 -1.5111 3.4232 -0.0182 0.7339 0.4350 0.5214
1341848006.9697 -0.8755 -1.5157 3.4289 -0.0168 0.7365 0.4343 0.5184
1341848007.0058 -0.8726 -1.5217 3.4340 -0.0146 0.7382 0.4358 0.5148
1341848007.0378 -0.8718 -1.5262 3.4391 -0.0114 0.7397 0.4372 0.5114
1341848007.0697 -0.8708 -1.5289 3.4438 -0.0105 0.7413 0.4389 0.5077
1341848007.1057 -0.8675 -1.5341 3.4481 -0.0110 0.7431 0.4408 0.5034
1341848007.1379 -0.8654 -1.5408 3.4545 -0.0105 0.7453 0.4414 0.4996
1341848007.1697 -0.8656 -1.5445 3.4616 -0.0099 0.7470 0.4423 0.4962
1341848007.2057 -0.8630 -1.5497 3.4667 -0.0100 0.7482 0.4448 0.4922
1341848007.2379 -0.8613 -1.5574 3.4744 -0.0085 0.7497 0.4468 0.4881
1341848007.2989 -0.8571 -1.5667 3.4837 -0.0055 0.7495 0.4522 0.4835
1341848007.3314 -0.8561 -1.5714 3.4892 -0.0045 0.7512 0.4513 0.4816
1341848007.3667 -0.8536 -1.5771 3.4947 -0.0055 0.7529 0.4496 0.4806
1341848007.3987 -0.8518 -1.5839 3.5029 -0.0053 0.7546 0.4483 0.4792
1341848007.4348 -0.8482 -1.5910 3.5077 -0.0042 0.7552 0.4476 0.4789
1341848007.4667 -0.8500 -1.5942 3.5158 -0.0032 0.7567 0.4456 0.4784
1341848007.4988 -0.8478 -1.5986 3.5218 -0.0039 0.7575 0.4473 0.4755
1341848007.5348 -0.8411 -1.6090 3.5274 -0.0034 0.7578 0.4493 0.4732
1341848007.5667 -0.8414 -1.6122 3.5332 -0.0016 0.7580 0.4491 0.4731
1341848007.5987 -0.8394 -1.6128 3.5346 -0.0033 0.7589 0.4494 0.4712
1341848007.6348 -0.8331 -1.6234 3.5412 -0.0047 0.7614 0.4504 0.4662
1341848007.6667 -0.8334 -1.6284 3.5505 -0.0012 0.7627 0.4531 0.4615
1341848007.7028 -0.8293 -1.6305 3.5530 0.0009 0.7619 0.4599 0.4560
1341848007.7346 -0.8177 -1.6377 3.5472 0.0022 0.7618 0.4642 0.4520
1341848007.7669 -0.8186 -1.6423 3.5572 0.0038 0.7663 0.4601 0.4483
1341848007.8029 -0.8167 -1.6458 3.5657 0.0024 0.7684 0.4610 0.4438
1341848007.8350 -0.8093 -1.6527 3.5681 0.0034 0.7689 0.4649 0.4388
1341848007.8667 -0.8069 -1.6530 3.5730 0.0046 0.7709 0.4654 0.4348
1341848007.9028 -0.8052 -1.6523 3.5780 0.0022 0.7734 0.4668 0.4289
1341848007.9349 -0.7942 -1.6659 3.5811 0.0021 0.7749 0.4725 0.4198
1341848007.9707 -0.7893 -1.6741 3.5879 0.0066 0.7756 0.4741 0.4168
1341848008.0027 -0.7883 -1.6716 3.5942 0.0094 0.7769 0.4744 0.4137
1341848008.0348 -0.7831 -1.6752 3.5981 0.0090 0.7782 0.4774 0.4080
1341848008.0708 -0.7766 -1.6825 3.6045 0.0088 0.7794 0.4793 0.4034
1341848008.1032 -0.7722 -1.6827 3.6087 0.0091 0.7801 0.4807 0.4004
1341848008.1388 -0.7655 -1.6853 3.6122 0.0078 0.7818 0.4817 0.3960
1341848008.1711 -0.7590 -1.6907 3.6192 0.0075 0.7837 0.4824 0.3913
1341848008.2027 -0.7534 -1.6952 3.6265 0.0091 0.7848 0.4846 0.3862
1341848008.2387 -0.7483 -1.6961 3.6328 0.0100 0.7852 0.4871 0.3823
1341848008.2707 -0.7421 -1.6985 3.6371 0.0098 0.7854 0.4903 0.3777
1341848008.3027 -0.7353 -1.7025 3.6426 0.0097 0.7860 0.4932 0.3727
1341848008.3388 -0.7282 -1.7068 3.6471 0.0099 0.7861 0.4959 0.3687
1341848008.3707 -0.7226 -1.7082 3.6522 0.0094 0.7868 0.4971 0.3657
1341848008.4389 -0.7089 -1.7194 3.6602 0.0102 0.7885 0.5010 0.3567
1341848008.4708 -0.7044 -1.7222 3.6667 0.0115 0.7895 0.5019 0.3531
1341848008.5069 -0.6991 -1.7242 3.6685 0.0122 0.7899 0.5041 0.3488
1341848008.5388 -0.6920 -1.7335 3.6724 0.0134 0.7911 0.5061 0.3433
1341848008.5707 -0.6873 -1.7384 3.6790 0.0160 0.7917 0.5071 0.3402
1341848008.6067 -0.6831 -1.7412 3.6825 0.0180 0.7918 0.5096 0.3361
1341848008.6387 -0.6763 -1.7471 3.6829 0.0196 0.7921 0.5119 0.3318
1341848008.6746 -0.6715 -1.7512 3.6884 0.0207 0.7933 0.5122 0.3286
1341848008.7068 -0.6663 -1.7523 3.6881 0.0212 0.7941 0.5130 0.3253
1341848008.7387 -0.6607 -1.7595 3.6939 0.0205 0.7963 0.5123 0.3208
1341848008.7751 -0.6557 -1.7626 3.6978 0.0194 0.7971 0.5123 0.3189
1341848008.8069 -0.6504 -1.7659 3.6988 0.0186 0.7983 0.5123 0.3162
1341848008.8388 -0.6461 -1.7703 3.7054 0.0168 0.8000 0.5114 0.3133
1341848008.8746 -0.6406 -1.7745 3.7084 0.0165 0.8004 0.5128 0.3099
1341848008.9067 -0.6353 -1.7759 3.7108 0.0173 0.8010 0.5139 0.3066
1341848008.9431 -0.6315 -1.7765 3.7129 0.0162 0.8024 0.5139 0.3029
1341848008.9747 -0.6245 -1.7838 3.7173 0.0141 0.8038 0.5145 0.2984
1341848009.0068 -0.6181 -1.7888 3.7229 0.0147 0.8043 0.5154 0.2955
1341848009.0427 -0.6152 -1.7881 3.7297 0.0141 0.8048 0.5158 0.2932
1341848009.1108 -0.6022 -1.7902 3.7317 0.0123 0.8061 0.5177 0.2865
1341848009.1427 -0.5994 -1.7880 3.7347 0.0100 0.8084 0.5161 0.2831
1341848009.1747 -0.5936 -1.7888 3.7380 0.0089 0.8110 0.5156 0.2764
1341848009.2107 -0.5893 -1.7914 3.7472 0.0101 0.8128 0.5170 0.2682
1341848009.2429 -0.5840 -1.7917 3.7505 0.0124 0.8121 0.5218 0.2609
1341848009.2747 -0.5810 -1.7875 3.7501 0.0137 0.8121 0.5250 0.2545
1341848009.3109 -0.5759 -1.7874 3.7536 0.0119 0.8138 0.5259 0.2468
1341848009.3429 -0.5671 -1.7930 3.7575 0.0106 0.8141 0.5292 0.2391
1341848009.3787 -0.5623 -1.7918 3.7615 0.0117 0.8146 0.5304 0.2344
1341848009.4429 -0.5494 -1.7923 3.7680 0.0100 0.8150 0.5340 0.2246
1341848009.4790 -0.5450 -1.7920 3.7738 0.0101 0.8157 0.5345 0.2210
1341848009.5106 -0.5374 -1.7919 3.7750 0.0086 0.8149 0.5368 0.2186
1341848009.5428 -0.5298 -1.7908 3.7759 0.0082 0.8156 0.5364 0.2169
1341848009.5788 -0.5247 -1.7907 3.7827 0.0069 0.8167 0.5354 0.2154
1341848009.6110 -0.5151 -1.7900 3.7813 0.0054 0.8160 0.5369 0.2144
1341848009.6469 -0.5067 -1.7899 3.7818 0.0049 0.8170 0.5351 0.2149
1341848009.6787 -0.5000 -1.7876 3.7872 0.0030 0.8187 0.5321 0.2159
1341848009.7108 -0.4914 -1.7865 3.7888 0.0010 0.8192 0.5312 0.2161
1341848009.7468 -0.4795 -1.7886 3.7865 0.0005 0.8193 0.5312 0.2158
1341848009.7788 -0.4729 -1.7856 3.7920 0.0009 0.8211 0.5277 0.2175
1341848009.8107 -0.4647 -1.7836 3.7952 0.0011 0.8214 0.5275 0.2167
1341848009.8468 -0.4540 -1.7862 3.7934 0.0028 0.8200 0.5304 0.2152
1341848009.8787 -0.4480 -1.7797 3.7941 0.0044 0.8203 0.5291 0.2170
1341848009.9148 -0.4423 -1.7755 3.7932 0.0030 0.8199 0.5295 0.2176
1341848009.9470 -0.4312 -1.7765 3.7886 0.0018 0.8193 0.5309 0.2165
1341848009.9789 -0.4206 -1.7749 3.7870 0.0017 0.8198 0.5295 0.2182
1341848010.0148 -0.4166 -1.7687 3.7891 0.0028 0.8206 0.5277 0.2196
1341848010.0468 -0.4090 -1.7641 3.7844 0.0033 0.8199 0.5292 0.2184
1341848010.0826 -0.4004 -1.7601 3.7807 0.0030 0.8199 0.5296 0.2177
1341848010.1147 -0.3951 -1.7532 3.7788 0.0031 0.8202 0.5295 0.2165
1341848010.1468 -0.3852 -1.7500 3.7731 0.0024 0.8187 0.5329 0.2137
1341848010.1827 -0.3769 -1.7461 3.7613 0.0030 0.8173 0.5356 0.2123
1341848010.2147 -0.3711 -1.7399 3.7561 0.0034 0.8182 0.5348 0.2109
1341848010.2468 -0.3631 -1.7361 3.7487 0.0034 0.8181 0.5361 0.2080
1341848010.2827 -0.3559 -1.7316 3.7420 0.0047 0.8182 0.5370 0.2055
1341848010.3148 -0.3504 -1.7259 3.7326 0.0061 0.8174 0.5390 0.2033
1341848010.3511 -0.3440 -1.7220 3.7239 0.0060 0.8174 0.5397 0.2015
1341848010.3828 -0.3368 -1.7194 3.7184 0.0064 0.8177 0.5404 0.1984
1341848010.4147 -0.3327 -1.7139 3.7101 0.0078 0.8167 0.5424 0.1969
1341848010.4509 -0.3287 -1.7097 3.6996 0.0079 0.8161 0.5440 0.1948
1341848010.4831 -0.3239 -1.7063 3.6937 0.0081 0.8168 0.5441 0.1916
1341848010.5148 -0.3190 -1.7030 3.6912 0.0080 0.8170 0.5453 0.1872
1341848010.5506 -0.3128 -1.7009 3.6757 0.0083 0.8146 0.5497 0.1846
1341848010.5829 -0.3114 -1.6958 3.6746 0.0086 0.8170 0.5470 0.1822
1341848010.6187 -0.3076 -1.6939 3.6681 0.0066 0.8160 0.5498 0.1784
1341848010.6510 -0.3001 -1.6948 3.6566 0.0070 0.8151 0.5524 0.1745
1341848010.6826 -0.3011 -1.6904 3.6559 0.0082 0.8166 0.5504 0.1735
1341848010.7188 -0.2993 -1.6885 3.6506 0.0068 0.8164 0.5517 0.1706
1341848010.7509 -0.2968 -1.6863 3.6416 0.0066 0.8158 0.5535 0.1677
1341848010.7827 -0.2958 -1.6853 3.6323 0.0074 0.8161 0.5540 0.1644
1341848010.8188 -0.2928 -1.6850 3.6311 0.0081 0.8185 0.5519 0.1596
1341848010.8508 -0.2917 -1.6834 3.6251 0.0087 0.8185 0.5527 0.1562
1341848010.8867 -0.2886 -1.6817 3.6210 0.0100 0.8196 0.5522 0.1525
1341848010.9188 -0.2911 -1.6768 3.6205 0.0109 0.8213 0.5501 0.1510
1341848010.9508 -0.2887 -1.6742 3.6176 0.0100 0.8222 0.5496 0.1475
1341848010.9868 -0.2838 -1.6727 3.6190 0.0092 0.8240 0.5480 0.1438
1341848011.0187 -0.2816 -1.6705 3.6177 0.0097 0.8243 0.5479 0.1420
1341848011.0510 -0.2816 -1.6668 3.6155 0.0107 0.8248 0.5477 0.1403
1341848011.0867 -0.2774 -1.6609 3.6191 0.0105 0.8272 0.5450 0.1366
1341848011.1187 -0.2783 -1.6601 3.6160 0.0116 0.8271 0.5454 0.1353
1341848011.1546 -0.2766 -1.6606 3.6135 0.0129 0.8270 0.5462 0.1327
1341848011.1867 -0.2759 -1.6518 3.6202 0.0131 0.8292 0.5433 0.1312
1341848011.2191 -0.2713 -1.6550 3.6138 0.0105 0.8275 0.5467 0.1272
1341848011.2547 -0.2674 -1.6530 3.6105 0.0083 0.8285 0.5462 0.1233
1341848011.2866 -0.2658 -1.6520 3.6079 0.0075 0.8289 0.5461 0.1206
1341848011.3227 -0.2644 -1.6589 3.6026 0.0079 0.8278 0.5489 0.1156
1341848011.3547 -0.2602 -1.6556 3.5999 0.0083 0.8293 0.5475 0.1115
1341848011.3867 -0.2575 -1.6438 3.6074 0.0098 0.8331 0.5425 0.1070
1341848011.4227 -0.2523 -1.6418 3.6035 0.0091 0.8327 0.5441 0.1027
1341848011.4547 -0.2546 -1.6347 3.6026 0.0117 0.8346 0.5415 0.0999
1341848011.4868 -0.2532 -1.6312 3.6037 0.0114 0.8357 0.5407 0.0951
1341848011.5229 -0.2479 -1.6331 3.5980 0.0111 0.8341 0.5443 0.0887
1341848011.5547 -0.2462 -1.6295 3.5951 0.0123 0.8344 0.5444 0.0850
1341848011.5909 -0.2482 -1.6243 3.5973 0.0120 0.8359 0.5422 0.0839
1341848011.6227 -0.2421 -1.6285 3.5895 0.0100 0.8335 0.5470 0.0776
1341848011.6549 -0.2421 -1.6253 3.5877 0.0114 0.8337 0.5469 0.0756
1341848011.6908 -0.2425 -1.6229 3.5873 0.0119 0.8335 0.5475 0.0734
1341848011.7226 -0.2441 -1.6175 3.5846 0.0108 0.8331 0.5485 0.0703
1341848011.7548 -0.2422 -1.6114 3.5822 0.0090 0.8331 0.5490 0.0666
1341848011.7908 -0.2420 -1.6095 3.5779 0.0097 0.8322 0.5508 0.0625
1341848011.8227 -0.2430 -1.6032 3.5729 0.0118 0.8313 0.5527 0.0580
1341848011.8588 -0.2419 -1.6013 3.5665 0.0134 0.8304 0.5545 0.0536
1341848011.8907 -0.2432 -1.5973 3.5649 0.0148 0.8306 0.5544 0.0511
1341848011.9229 -0.2422 -1.5945 3.5587 0.0154 0.8292 0.5567 0.0478
1341848011.9588 -0.2441 -1.5910 3.5528 0.0171 0.8291 0.5569 0.0461
1341848011.9908 -0.2454 -1.5860 3.5526 0.0156 0.8300 0.5557 0.0449
1341848012.0227 -0.2441 -1.5819 3.5468 0.0132 0.8289 0.5576 0.0433
1341848012.0589 -0.2451 -1.5775 3.5409 0.0124 0.8280 0.5589 0.0425
1341848012.0908 -0.2462 -1.5721 3.5341 0.0107 0.8273 0.5601 0.0418
1341848012.1269 -0.2445 -1.5671 3.5267 0.0088 0.8268 0.5610 0.0403
1341848012.1910 -0.2409 -1.5550 3.5167 0.0084 0.8261 0.5619 0.0413
1341848012.2267 -0.2414 -1.5489 3.5092 0.0080 0.8246 0.5641 0.0431
1341848012.2587 -0.2402 -1.5428 3.5028 0.0064 0.8238 0.5650 0.0456
1341848012.2952 -0.2411 -1.5361 3.4974 0.0045 0.8230 0.5660 0.0489
1341848012.3269 -0.2414 -1.5302 3.4883 0.0011 0.8214 0.5680 0.0520
1341848012.3588 -0.2395 -1.5238 3.4819 -0.0031 0.8213 0.5680 0.0543
1341848012.3947 -0.2377 -1.5168 3.4783 -0.0062 0.8209 0.5683 0.0566
1341848012.4268 -0.2372 -1.5108 3.4675 -0.0088 0.8183 0.5717 0.0595
1341848012.4588 -0.2363 -1.5051 3.4577 -0.0109 0.8174 0.5727 0.0615
1341848012.4947 -0.2347 -1.4992 3.4529 -0.0136 0.8176 0.5722 0.0631
1341848012.5268 -0.2310 -1.4941 3.4448 -0.0163 0.8159 0.5744 0.0646
1341848012.5627 -0.2292 -1.4893 3.4335 -0.0177 0.8145 0.5759 0.0682
1341848012.5947 -0.2299 -1.4835 3.4311 -0.0205 0.8157 0.5735 0.0728
1341848012.6268 -0.2244 -1.4792 3.4243 -0.0254 0.8148 0.5744 0.0747
1341848012.6628 -0.2189 -1.4748 3.4199 -0.0272 0.8147 0.5740 0.0775
1341848012.6953 -0.2191 -1.4695 3.4161 -0.0281 0.8142 0.5738 0.0836
1341848012.7269 -0.2174 -1.4653 3.4109 -0.0321 0.8133 0.5741 0.0890
1341848012.7627 -0.2104 -1.4617 3.4064 -0.0362 0.8128 0.5741 0.0923
1341848012.7947 -0.2058 -1.4573 3.4054 -0.0375 0.8129 0.5728 0.0984
1341848012.8307 -0.2072 -1.4536 3.3987 -0.0394 0.8108 0.5738 0.1084
1341848012.8628 -0.2047 -1.4508 3.3906 -0.0441 0.8103 0.5727 0.1156
1341848012.8947 -0.2017 -1.4467 3.3931 -0.0488 0.8130 0.5674 0.1214
1341848012.9308 -0.1994 -1.4437 3.3896 -0.0515 0.8121 0.5670 0.1281
1341848012.9628 -0.2001 -1.4408 3.3857 -0.0543 0.8120 0.5652 0.1352
1341848012.9948 -0.1970 -1.4370 3.3876 -0.0590 0.8133 0.5617 0.1398
1341848013.0309 -0.1935 -1.4339 3.3867 -0.0613 0.8124 0.5615 0.1451
1341848013.0627 -0.1912 -1.4316 3.3824 -0.0626 0.8111 0.5615 0.1512
1341848013.0988 -0.1888 -1.4291 3.3827 -0.0643 0.8116 0.5589 0.1576
1341848013.1308 -0.1858 -1.4260 3.3856 -0.0651 0.8118 0.5568 0.1636
1341848013.1628 -0.1810 -1.4245 3.3852 -0.0643 0.8102 0.5574 0.1694
1341848013.1987 -0.1813 -1.4217 3.3853 -0.0608 0.8086 0.5575 0.1777
1341848013.2309 -0.1814 -1.4193 3.3854 -0.0597 0.8075 0.5572 0.1842
1341848013.2627 -0.1756 -1.4172 3.3895 -0.0602 0.8066 0.5569 0.1887
1341848013.2987 -0.1764 -1.4153 3.3876 -0.0578 0.8034 0.5587 0.1977
1341848013.3308 -0.1768 -1.4132 3.3876 -0.0597 0.8020 0.5577 0.2053
1341848013.3667 -0.1724 -1.4111 3.3919 -0.0639 0.8016 0.5557 0.2111
1341848013.3987 -0.1671 -1.4091 3.3991 -0.0659 0.8008 0.5547 0.2163
1341848013.4309 -0.1625 -1.4064 3.4035 -0.0656 0.7976 0.5563 0.2238
1341848013.4670 -0.1622 -1.4064 3.3976 -0.0653 0.7919 0.5602 0.2342
1341848013.4988 -0.1599 -1.4052 3.3978 -0.0687 0.7905 0.5584 0.2421
1341848013.5348 -0.1540 -1.4039 3.4029 -0.0737 0.7904 0.5549 0.2488
1341848013.5667 -0.1471 -1.4031 3.4060 -0.0767 0.7888 0.5532 0.2566
1341848013.5988 -0.1463 -1.4026 3.4096 -0.0761 0.7877 0.5506 0.2657
1341848013.6348 -0.1408 -1.4016 3.4104 -0.0773 0.7853 0.5507 0.2720
1341848013.6667 -0.1350 -1.4017 3.4081 -0.0781 0.7832 0.5492 0.2809
1341848013.6988 -0.1344 -1.4019 3.4099 -0.0780 0.7836 0.5439 0.2900
1341848013.7346 -0.1296 -1.4019 3.4117 -0.0801 0.7838 0.5395 0.2968
1341848013.7668 -0.1258 -1.4019 3.4160 -0.0804 0.7850 0.5345 0.3028
1341848013.8027 -0.1233 -1.4018 3.4202 -0.0794 0.7848 0.5315 0.3088
1341848013.8348 -0.1214 -1.4005 3.4202 -0.0793 0.7824 0.5306 0.3161
1341848013.8668 -0.1169 -1.4002 3.4185 -0.0805 0.7810 0.5290 0.3221
1341848013.9027 -0.1150 -1.3994 3.4234 -0.0816 0.7816 0.5244 0.3278
1341848013.9667 -0.1058 -1.3981 3.4270 -0.0834 0.7778 0.5228 0.3387
1341848014.0027 -0.1006 -1.3977 3.4287 -0.0840 0.7761 0.5217 0.3441
1341848014.0349 -0.0951 -1.3970 3.4312 -0.0846 0.7738 0.5203 0.3512
1341848014.0710 -0.0929 -1.3951 3.4298 -0.0857 0.7701 0.5190 0.3609
1341848014.1027 -0.0889 -1.3927 3.4309 -0.0901 0.7679 0.5164 0.3681
1341848014.1347 -0.0797 -1.3929 3.4351 -0.0946 0.7662 0.5146 0.3730
1341848014.1707 -0.0742 -1.3909 3.4380 -0.0962 0.7629 0.5138 0.3805
1341848014.2027 -0.0658 -1.3897 3.4367 -0.0992 0.7587 0.5139 0.3877
1341848014.2348 -0.0553 -1.3907 3.4398 -0.1014 0.7573 0.5108 0.3940
1341848014.2707 -0.0504 -1.3886 3.4453 -0.1024 0.7551 0.5071 0.4028
1341848014.3027 -0.0406 -1.3891 3.4469 -0.1027 0.7521 0.5070 0.4083
1341848014.3387 -0.0318 -1.3897 3.4507 -0.1027 0.7496 0.5049 0.4155
1341848014.3706 -0.0251 -1.3884 3.4547 -0.1034 0.7459 0.5017 0.4257
1341848014.4388 -0.0082 -1.3884 3.4620 -0.1064 0.7406 0.4941 0.4427
1341848014.4708 -0.0001 -1.3878 3.4644 -0.1076 0.7368 0.4897 0.4536
1341848014.5066 0.0056 -1.3885 3.4711 -0.1088 0.7349 0.4839 0.4625
1341848014.5387 0.0158 -1.3895 3.4712 -0.1106 0.7299 0.4810 0.4729
1341848014.5708 0.0211 -1.3903 3.4742 -0.1098 0.7290 0.4743 0.4812
1341848014.6069 0.0263 -1.3917 3.4837 -0.1093 0.7279 0.4690 0.4882
1341848014.6387 0.0348 -1.3935 3.4843 -0.1075 0.7233 0.4684 0.4958
1341848014.6708 0.0430 -1.3956 3.4869 -0.1059 0.7211 0.4652 0.5024
1341848014.7068 0.0495 -1.3963 3.4880 -0.1044 0.7187 0.4603 0.5105
1341848014.7387 0.0567 -1.3985 3.4911 -0.1034 0.7184 0.4556 0.5154
1341848014.7747 0.0641 -1.4032 3.4989 -0.1003 0.7177 0.4531 0.5192
1341848014.8067 0.0698 -1.4032 3.4999 -0.0947 0.7137 0.4528 0.5259
1341848014.8387 0.0763 -1.4044 3.5021 -0.0919 0.7111 0.4514 0.5312
1341848014.8747 0.0845 -1.4062 3.5059 -0.0904 0.7081 0.4487 0.5377
1341848014.9066 0.0879 -1.4053 3.5072 -0.0873 0.7047 0.4458 0.5451
1341848014.9387 0.0939 -1.4053 3.5109 -0.0857 0.7018 0.4461 0.5487
1341848014.9747 0.0993 -1.4051 3.5136 -0.0831 0.6973 0.4469 0.5542
1341848015.0067 0.0968 -1.4010 3.5107 -0.0813 0.6911 0.4467 0.5623
1341848015.0426 0.0993 -1.3959 3.5122 -0.0859 0.6861 0.4476 0.5671
1341848015.0749 0.1069 -1.3950 3.5135 -0.0944 0.6810 0.4474 0.5720
1341848015.1068 0.1127 -1.3928 3.5161 -0.1015 0.6774 0.4452 0.5767
1341848015.1427 0.1163 -1.3906 3.5185 -0.1056 0.6739 0.4448 0.5803
1341848015.1747 0.1248 -1.3894 3.5219 -0.1090 0.6698 0.4464 0.5832
1341848015.2072 0.1287 -1.3870 3.5211 -0.1095 0.6645 0.4463 0.5894
1341848015.2435 0.1337 -1.3846 3.5213 -0.1123 0.6603 0.4444 0.5949
1341848015.2748 0.1395 -1.3837 3.5254 -0.1138 0.6568 0.4426 0.5998
1341848015.3106 0.1433 -1.3824 3.5257 -0.1122 0.6509 0.4404 0.6081
1341848015.3429 0.1463 -1.3801 3.5253 -0.1112 0.6453 0.4383 0.6157
1341848015.3747 0.1508 -1.3789 3.5274 -0.1100 0.6396 0.4376 0.6223
1341848015.4107 0.1544 -1.3782 3.5267 -0.1079 0.6327 0.4366 0.6304
1341848015.4428 0.1561 -1.3764 3.5253 -0.1064 0.6261 0.4352 0.6382
1341848015.4750 0.1609 -1.3756 3.5256 -0.1073 0.6193 0.4321 0.6467
1341848015.5109 0.1644 -1.3755 3.5263 -0.1079 0.6139 0.4271 0.6550
1341848015.5428 0.1624 -1.3743 3.5254 -0.1044 0.6072 0.4251 0.6631
1341848015.5818 0.1673 -1.3736 3.5264 -0.1055 0.5989 0.4236 0.6713
1341848015.6178 0.1706 -1.3739 3.5268 -0.1070 0.5925 0.4172 0.6807
1341848015.6501 0.1703 -1.3732 3.5268 -0.1073 0.5863 0.4118 0.6893
1341848015.6858 0.1751 -1.3729 3.5293 -0.1092 0.5805 0.4082 0.6961
1341848015.7181 0.1777 -1.3731 3.5319 -0.1082 0.5765 0.4016 0.7033
1341848015.7498 0.1773 -1.3737 3.5315 -0.1050 0.5712 0.3977 0.7103
1341848015.7858 0.1802 -1.3746 3.5332 -0.1031 0.5656 0.3946 0.7167
1341848015.8179 0.1812 -1.3764 3.5323 -0.1017 0.5616 0.3888 0.7233
1341848015.8538 0.1804 -1.3780 3.5333 -0.0998 0.5578 0.3846 0.7287
1341848015.8857 0.1821 -1.3787 3.5319 -0.0989 0.5525 0.3796 0.7354
1341848015.9178 0.1831 -1.3796 3.5317 -0.1003 0.5497 0.3727 0.7409
1341848015.9540 0.1836 -1.3810 3.5347 -0.0994 0.5484 0.3643 0.7461
1341848015.9867 0.1812 -1.3831 3.5342 -0.0965 0.5458 0.3591 0.7509
1341848016.0217 0.1810 -1.3842 3.5349 -0.0938 0.5422 0.3566 0.7551
1341848016.0539 0.1826 -1.3850 3.5360 -0.0920 0.5397 0.3508 0.7597
1341848016.0857 0.1790 -1.3860 3.5343 -0.0893 0.5376 0.3453 0.7641
1341848016.1218 0.1768 -1.3858 3.5334 -0.0888 0.5347 0.3431 0.7671
1341848016.1538 0.1786 -1.3867 3.5339 -0.0915 0.5328 0.3404 0.7693
1341848016.1858 0.1762 -1.3867 3.5328 -0.0920 0.5315 0.3379 0.7713
1341848016.2217 0.1750 -1.3869 3.5335 -0.0935 0.5300 0.3375 0.7723
1341848016.2537 0.1777 -1.3887 3.5351 -0.0948 0.5292 0.3369 0.7729
1341848016.2900 0.1731 -1.3899 3.5320 -0.0951 0.5296 0.3349 0.7735
1341848016.3220 0.1721 -1.3897 3.5329 -0.0965 0.5316 0.3379 0.7706
1341848016.3537 0.1754 -1.3919 3.5364 -0.0949 0.5341 0.3412 0.7677
1341848016.3898 0.1693 -1.3934 3.5352 -0.0909 0.5356 0.3435 0.7661
1341848016.4217 0.1697 -1.3951 3.5379 -0.0889 0.5371 0.3488 0.7629
1341848016.4539 0.1691 -1.3970 3.5401 -0.0856 0.5394 0.3519 0.7602
1341848016.4901 0.1672 -1.3989 3.5421 -0.0818 0.5413 0.3524 0.7590
1341848016.5218 0.1650 -1.4007 3.5431 -0.0802 0.5436 0.3519 0.7578
1341848016.5542 0.1637 -1.4022 3.5468 -0.0762 0.5464 0.3529 0.7557
1341848016.5898 0.1593 -1.4050 3.5485 -0.0723 0.5467 0.3525 0.7561
1341848016.6219 0.1564 -1.4068 3.5508 -0.0698 0.5477 0.3550 0.7544
1341848016.6578 0.1562 -1.4096 3.5559 -0.0648 0.5481 0.3592 0.7526
1341848016.6899 0.1500 -1.4135 3.5575 -0.0618 0.5468 0.3600 0.7534
1341848016.7578 0.1504 -1.4194 3.5668 -0.0627 0.5486 0.3591 0.7524
1341848016.8188 0.1382 -1.4257 3.5751 -0.0605 0.5498 0.3581 0.7522
1341848016.8508 0.1360 -1.4299 3.5802 -0.0604 0.5496 0.3585 0.7522
1341848016.8828 0.1296 -1.4332 3.5841 -0.0605 0.5503 0.3580 0.7519
1341848016.9189 0.1255 -1.4363 3.5898 -0.0600 0.5502 0.3602 0.7510
1341848016.9507 0.1223 -1.4399 3.5948 -0.0604 0.5499 0.3606 0.7509
1341848016.9867 0.1158 -1.4428 3.5983 -0.0616 0.5512 0.3594 0.7505
1341848017.0187 0.1116 -1.4462 3.6045 -0.0621 0.5530 0.3606 0.7485
1341848017.0508 0.1058 -1.4498 3.6078 -0.0615 0.5538 0.3615 0.7476
1341848017.0868 0.1011 -1.4527 3.6111 -0.0622 0.5557 0.3626 0.7455
1341848017.1186 0.0970 -1.4562 3.6141 -0.0623 0.5589 0.3634 0.7428
1341848017.1507 0.0904 -1.4596 3.6163 -0.0607 0.5624 0.3654 0.7392
1341848017.1869 0.0854 -1.4634 3.6190 -0.0598 0.5656 0.3677 0.7358
1341848017.2188 0.0822 -1.4673 3.6216 -0.0584 0.5697 0.3690 0.7321
1341848017.2547 0.0734 -1.4717 3.6230 -0.0557 0.5743 0.3692 0.7286
1341848017.2866 0.0682 -1.4760 3.6272 -0.0528 0.5788 0.3718 0.7238
1341848017.3187 0.0678 -1.4808 3.6298 -0.0478 0.5823 0.3720 0.7213
1341848017.3547 0.0530 -1.4861 3.6285 -0.0413 0.5875 0.3685 0.7192
1341848017.3868 0.0441 -1.4884 3.6294 -0.0381 0.5917 0.3703 0.7150
1341848017.4188 0.0388 -1.4941 3.6326 -0.0331 0.5962 0.3731 0.7101
1341848017.4548 0.0265 -1.4967 3.6331 -0.0299 0.5986 0.3746 0.7074
1341848017.4867 0.0255 -1.5008 3.6357 -0.0300 0.6017 0.3767 0.7037
1341848017.5227 0.0184 -1.5039 3.6369 -0.0286 0.6050 0.3757 0.7015
1341848017.5548 0.0109 -1.5067 3.6378 -0.0274 0.6089 0.3751 0.6985
1341848017.5878 0.0072 -1.5088 3.6404 -0.0262 0.6119 0.3763 0.6952
1341848017.6227 0.0023 -1.5123 3.6403 -0.0237 0.6149 0.3760 0.6928
1341848017.6548 -0.0040 -1.5139 3.6421 -0.0219 0.6182 0.3768 0.6895
1341848017.6868 -0.0017 -1.5182 3.6434 -0.0200 0.6212 0.3768 0.6868
1341848017.7228 -0.0137 -1.5210 3.6433 -0.0149 0.6249 0.3751 0.6845
1341848017.7548 -0.0132 -1.5235 3.6469 -0.0127 0.6271 0.3775 0.6812
1341848017.7907 -0.0164 -1.5278 3.6472 -0.0086 0.6290 0.3767 0.6799
1341848017.8228 -0.0242 -1.5303 3.6479 -0.0057 0.6319 0.3750 0.6783
1341848017.8547 -0.0281 -1.5332 3.6514 -0.0047 0.6339 0.3752 0.6763
1341848017.8907 -0.0326 -1.5362 3.6528 -0.0033 0.6349 0.3753 0.6753
1341848017.9228 -0.0391 -1.5376 3.6541 -0.0032 0.6364 0.3753 0.6739
1341848017.9586 -0.0378 -1.5395 3.6571 -0.0052 0.6381 0.3755 0.6722
1341848017.9907 -0.0462 -1.5422 3.6592 -0.0037 0.6396 0.3751 0.6709
1341848018.0227 -0.0480 -1.5421 3.6617 -0.0047 0.6404 0.3774 0.6689
1341848018.0588 -0.0471 -1.5442 3.6622 -0.0062 0.6423 0.3783 0.6666
1341848018.0909 -0.0528 -1.5458 3.6651 -0.0064 0.6455 0.3778 0.6638
1341848018.1227 -0.0548 -1.5480 3.6695 -0.0066 0.6473 0.3811 0.6601
1341848018.1591 -0.0522 -1.5506 3.6719 -0.0052 0.6485 0.3847 0.6569
1341848018.1908 -0.0568 -1.5522 3.6733 -0.0046 0.6510 0.3849 0.6543
1341848018.2267 -0.0563 -1.5550 3.6779 -0.0065 0.6539 0.3858 0.6508
1341848018.2588 -0.0582 -1.5593 3.6829 -0.0048 0.6561 0.3882 0.6471
1341848018.2907 -0.0607 -1.5624 3.6877 -0.0034 0.6574 0.3913 0.6440
1341848018.3339 -0.0594 -1.5645 3.6907 -0.0048 0.6592 0.3932 0.6410
1341848018.3672 -0.0576 -1.5690 3.6964 -0.0067 0.6634 0.3928 0.6369
1341848018.3977 -0.0624 -1.5736 3.7036 -0.0059 0.6667 0.3927 0.6335
1341848018.4338 -0.0647 -1.5781 3.7115 -0.0030 0.6681 0.3977 0.6289
1341848018.4657 -0.0641 -1.5817 3.7182 0.0003 0.6687 0.4037 0.6244
1341848018.5018 -0.0646 -1.5849 3.7237 0.0014 0.6708 0.4059 0.6207
1341848018.5345 -0.0674 -1.5896 3.7329 0.0019 0.6742 0.4070 0.6162
1341848018.5658 -0.0694 -1.5931 3.7413 0.0025 0.6763 0.4092 0.6125
1341848018.6017 -0.0686 -1.5973 3.7479 0.0022 0.6786 0.4103 0.6093
1341848018.6337 -0.0734 -1.6014 3.7565 0.0020 0.6824 0.4104 0.6049
1341848018.6698 -0.0743 -1.6078 3.7673 0.0016 0.6848 0.4128 0.6006
1341848018.7018 -0.0771 -1.6121 3.7754 0.0016 0.6860 0.4153 0.5975
1341848018.7339 -0.0749 -1.6179 3.7833 -0.0005 0.6881 0.4165 0.5941
1341848018.7697 -0.0778 -1.6250 3.7927 -0.0013 0.6905 0.4161 0.5916
1341848018.8022 -0.0775 -1.6312 3.8022 -0.0016 0.6918 0.4171 0.5894
1341848018.8338 -0.0758 -1.6367 3.8082 -0.0018 0.6931 0.4167 0.5882
1341848018.8698 -0.0777 -1.6443 3.8157 -0.0009 0.6960 0.4145 0.5863
1341848018.9020 -0.0819 -1.6510 3.8250 0.0010 0.6978 0.4146 0.5841
1341848018.9338 -0.0800 -1.6573 3.8331 0.0040 0.6978 0.4177 0.5818
1341848018.9697 -0.0847 -1.6641 3.8376 0.0061 0.6982 0.4180 0.5811
1341848019.0023 -0.0862 -1.6692 3.8442 0.0044 0.6999 0.4183 0.5789
1341848019.0698 -0.0892 -1.6821 3.8555 0.0047 0.7032 0.4170 0.5758
1341848019.1308 -0.0912 -1.6926 3.8667 0.0026 0.7074 0.4177 0.5701
1341848019.1627 -0.0955 -1.6983 3.8738 0.0034 0.7094 0.4191 0.5666
1341848019.1986 -0.0978 -1.7024 3.8795 0.0028 0.7112 0.4214 0.5627
1341848019.2311 -0.0958 -1.7067 3.8856 0.0009 0.7142 0.4227 0.5580
1341848019.2627 -0.0994 -1.7135 3.8942 0.0005 0.7174 0.4223 0.5541
1341848019.2987 -0.1061 -1.7183 3.9034 -0.0001 0.7198 0.4237 0.5498
1341848019.3307 -0.1024 -1.7233 3.9106 -0.0021 0.7221 0.4261 0.5450
1341848019.3627 -0.1083 -1.7303 3.9199 -0.0019 0.7254 0.4256 0.5410
1341848019.3987 -0.1130 -1.7358 3.9307 -0.0035 0.7283 0.4268 0.5361
1341848019.4310 -0.1102 -1.7422 3.9399 -0.0046 0.7307 0.4281 0.5318
1341848019.4670 -0.1163 -1.7480 3.9488 -0.0049 0.7340 0.4264 0.5285
1341848019.4988 -0.1160 -1.7549 3.9606 -0.0055 0.7378 0.4264 0.5233
1341848019.5308 -0.1200 -1.7642 3.9725 -0.0019 0.7403 0.4273 0.5190
1341848019.5671 -0.1242 -1.7704 3.9856 0.0005 0.7420 0.4293 0.5148
1341848019.5987 -0.1220 -1.7758 3.9949 0.0009 0.7432 0.4304 0.5122
1341848019.6307 -0.1273 -1.7825 4.0072 0.0013 0.7459 0.4297 0.5090
1341848019.6669 -0.1284 -1.7899 4.0216 0.0014 0.7473 0.4315 0.5054
1341848019.6987 -0.1280 -1.7940 4.0309 0.0022 0.7471 0.4338 0.5037
1341848019.7348 -0.1293 -1.7977 4.0389 0.0012 0.7488 0.4340 0.5009
1341848019.7667 -0.1285 -1.8040 4.0486 -0.0006 0.7514 0.4339 0.4972
1341848019.7987 -0.1304 -1.8106 4.0591 0.0001 0.7529 0.4348 0.4941
1341848019.8347 -0.1304 -1.8143 4.0652 0.0012 0.7542 0.4362 0.4909
1341848019.8988 -0.1317 -1.8250 4.0790 0.0031 0.7588 0.4376 0.4824
1341848019.9348 -0.1331 -1.8292 4.0872 0.0054 0.7605 0.4403 0.4772
1341848019.9667 -0.1308 -1.8311 4.0914 0.0072 0.7619 0.4433 0.4721
1341848020.0028 -0.1295 -1.8335 4.0955 0.0075 0.7646 0.4443 0.4669
1341848020.0347 -0.1304 -1.8383 4.1028 0.0067 0.7680 0.4443 0.4613
1341848020.0667 -0.1278 -1.8431 4.1106 0.0075 0.7699 0.4467 0.4557
1341848020.1028 -0.1267 -1.8461 4.1160 0.0094 0.7713 0.4484 0.4516
1341848020.1348 -0.1255 -1.8470 4.1204 0.0083 0.7738 0.4486 0.4472
1341848020.1708 -0.1224 -1.8525 4.1267 0.0063 0.7770 0.4482 0.4420
1341848020.2027 -0.1224 -1.8580 4.1346 0.0061 0.7794 0.4484 0.4375
1341848020.2349 -0.1195 -1.8604 4.1397 0.0058 0.7816 0.4497 0.4323
1341848020.2712 -0.1136 -1.8633 4.1432 0.0053 0.7843 0.4500 0.4271
1341848020.3028 -0.1124 -1.8694 4.1511 0.0058 0.7874 0.4496 0.4218
1341848020.3349 -0.1099 -1.8738 4.1574 0.0067 0.7897 0.4506 0.4163
1341848020.3708 -0.1027 -1.8757 4.1615 0.0078 0.7923 0.4514 0.4104
1341848020.4388 -0.0937 -1.8820 4.1730 0.0088 0.7985 0.4502 0.3995
1341848020.4712 -0.0866 -1.8850 4.1766 0.0091 0.8025 0.4486 0.3933
1341848020.5027 -0.0860 -1.8936 4.1865 0.0114 0.8064 0.4471 0.3869
1341848020.5387 -0.0827 -1.8990 4.1952 0.0142 0.8088 0.4488 0.3798
1341848020.5708 -0.0767 -1.9026 4.2010 0.0171 0.8105 0.4506 0.3738
1341848020.6028 -0.0756 -1.9081 4.2103 0.0189 0.8123 0.4520 0.3680
1341848020.6389 -0.0709 -1.9134 4.2189 0.0204 0.8128 0.4563 0.3616
1341848020.6708 -0.0610 -1.9131 4.2219 0.0219 0.8133 0.4587 0.3572
1341848020.7067 -0.0609 -1.9177 4.2295 0.0212 0.8151 0.4583 0.3536
1341848020.7390 -0.0549 -1.9233 4.2370 0.0192 0.8159 0.4611 0.3484
1341848020.7708 -0.0461 -1.9274 4.2415 0.0214 0.8157 0.4640 0.3447
1341848020.8072 -0.0444 -1.9304 4.2472 0.0229 0.8159 0.4655 0.3422
1341848020.8391 -0.0362 -1.9322 4.2505 0.0212 0.8166 0.4670 0.3386
1341848020.8710 -0.0297 -1.9376 4.2538 0.0212 0.8176 0.4670 0.3362
1341848020.9066 -0.0284 -1.9464 4.2628 0.0227 0.8183 0.4679 0.3331
1341848020.9388 -0.0202 -1.9464 4.2651 0.0233 0.8184 0.4699 0.3299
1341848020.9749 -0.0134 -1.9494 4.2667 0.0229 0.8199 0.4691 0.3273
1341848021.0066 -0.0114 -1.9569 4.2746 0.0224 0.8215 0.4684 0.3244
1341848021.0396 -0.0055 -1.9605 4.2799 0.0231 0.8221 0.4703 0.3201
1341848021.0748 0.0028 -1.9627 4.2829 0.0242 0.8227 0.4718 0.3163
1341848021.1067 0.0065 -1.9639 4.2868 0.0237 0.8239 0.4717 0.3134
1341848021.1428 0.0142 -1.9673 4.2923 0.0217 0.8256 0.4720 0.3084
1341848021.1750 0.0221 -1.9713 4.2970 0.0217 0.8267 0.4727 0.3044
1341848021.2067 0.0278 -1.9743 4.3044 0.0225 0.8279 0.4733 0.3000
1341848021.2427 0.0363 -1.9723 4.3036 0.0213 0.8296 0.4730 0.2959
1341848021.2749 0.0439 -1.9784 4.3119 0.0202 0.8327 0.4716 0.2895
1341848021.3073 0.0523 -1.9820 4.3166 0.0216 0.8346 0.4713 0.2843
1341848021.3434 0.0610 -1.9823 4.3181 0.0229 0.8374 0.4699 0.2784
1341848021.3848 0.0692 -1.9871 4.3222 0.0228 0.8415 0.4664 0.2717
1341848021.4143 0.0747 -1.9968 4.3319 0.0250 0.8450 0.4645 0.2637
1341848021.4557 0.0856 -2.0008 4.3354 0.0287 0.8474 0.4644 0.2558
1341848021.4879 0.0923 -2.0071 4.3417 0.0324 0.8504 0.4623 0.2489
1341848021.5147 0.1004 -2.0152 4.3498 0.0349 0.8526 0.4619 0.2420
1341848021.5508 0.1081 -2.0216 4.3580 0.0378 0.8537 0.4625 0.2364
1341848021.6178 0.1257 -2.0266 4.3685 0.0327 0.8567 0.4608 0.2297
1341848021.6788 0.1460 -2.0342 4.3791 0.0250 0.8597 0.4594 0.2219
1341848021.7107 0.1522 -2.0426 4.3882 0.0255 0.8604 0.4596 0.2185
1341848021.7428 0.1605 -2.0433 4.3919 0.0261 0.8604 0.4615 0.2145
1341848021.7787 0.1690 -2.0460 4.3945 0.0267 0.8610 0.4624 0.2101
1341848021.8109 0.1755 -2.0478 4.4000 0.0255 0.8615 0.4634 0.2062
1341848021.8446 0.1849 -2.0460 4.4017 0.0232 0.8623 0.4640 0.2014
1341848021.8789 0.1935 -2.0500 4.4036 0.0223 0.8632 0.4641 0.1975
1341848021.9106 0.2040 -2.0525 4.4053 0.0221 0.8640 0.4642 0.1939
1341848021.9467 0.2155 -2.0518 4.4049 0.0209 0.8652 0.4633 0.1905
1341848021.9787 0.2256 -2.0544 4.4089 0.0206 0.8674 0.4609 0.1865
1341848022.0108 0.2343 -2.0576 4.4122 0.0196 0.8687 0.4596 0.1835
1341848022.0467 0.2439 -2.0589 4.4131 0.0197 0.8699 0.4590 0.1792
1341848022.0787 0.2531 -2.0602 4.4146 0.0194 0.8711 0.4583 0.1753
1341848022.1110 0.2647 -2.0605 4.4134 0.0177 0.8721 0.4583 0.1704
1341848022.1467 0.2774 -2.0586 4.4125 0.0168 0.8737 0.4572 0.1657
1341848022.1790 0.2884 -2.0613 4.4109 0.0160 0.8750 0.4562 0.1614
1341848022.2148 0.3012 -2.0597 4.4086 0.0152 0.8765 0.4550 0.1562
1341848022.2468 0.3076 -2.0615 4.4072 0.0168 0.8788 0.4526 0.1505
1341848022.2788 0.3140 -2.0682 4.4080 0.0210 0.8797 0.4525 0.1446
1341848022.3148 0.3281 -2.0650 4.4039 0.0256 0.8803 0.4533 0.1375
1341848022.3541 0.3405 -2.0677 4.3985 0.0256 0.8819 0.4521 0.1313
1341848022.3872 0.3456 -2.0728 4.3994 0.0275 0.8833 0.4511 0.1250
1341848022.4178 0.3583 -2.0710 4.3939 0.0306 0.8842 0.4506 0.1190
1341848022.4542 0.3672 -2.0737 4.3901 0.0312 0.8860 0.4481 0.1148
1341848022.4856 0.3719 -2.0796 4.3876 0.0315 0.8872 0.4471 0.1100
1341848022.5217 0.3837 -2.0812 4.3842 0.0336 0.8880 0.4467 0.1039
1341848022.5542 0.3944 -2.0848 4.3800 0.0350 0.8889 0.4457 0.1002
1341848022.5861 0.3975 -2.0911 4.3779 0.0337 0.8896 0.4450 0.0970
1341848022.6218 0.4091 -2.0904 4.3729 0.0332 0.8907 0.4443 0.0904
1341848022.6542 0.4180 -2.0940 4.3673 0.0356 0.8918 0.4427 0.0860
1341848022.6903 0.4176 -2.1024 4.3706 0.0380 0.8921 0.4427 0.0818
1341848022.7217 0.4272 -2.1022 4.3660 0.0374 0.8914 0.4456 0.0737
1341848022.7830 0.4425 -2.1038 4.3620 0.0385 0.8915 0.4470 0.0632
1341848022.8148 0.4516 -2.1022 4.3583 0.0353 0.8899 0.4514 0.0547
1341848022.8508 0.4688 -2.0979 4.3509 0.0332 0.8897 0.4528 0.0470
1341848022.8827 0.4691 -2.1036 4.3549 0.0329 0.8889 0.4549 0.0426
1341848022.9188 0.4683 -2.1066 4.3577 0.0300 0.8849 0.4635 0.0340
1341848022.9508 0.4837 -2.1012 4.3299 0.0243 0.8827 0.4686 0.0253
1341848022.9827 0.4880 -2.1028 4.3389 0.0162 0.8871 0.4608 0.0193
1341848023.0188 0.4953 -2.1072 4.3423 0.0128 0.8854 0.4646 0.0077
1341848023.0508 0.5126 -2.1038 4.3326 0.0153 0.8830 0.4690 -0.0044
1341848023.0827 0.5221 -2.1065 4.3273 0.0189 0.8827 0.4694 -0.0107
1341848023.1188 0.5260 -2.1086 4.3283 0.0205 0.8819 0.4706 -0.0183
1341848023.1510 0.5427 -2.1017 4.3188 0.0190 0.8810 0.4718 -0.0292
1341848023.1867 0.5532 -2.1042 4.3224 0.0203 0.8815 0.4703 -0.0370
1341848023.2187 0.5606 -2.1054 4.3258 0.0232 0.8788 0.4745 -0.0448
1341848023.2868 0.5844 -2.0950 4.3191 0.0216 0.8735 0.4827 -0.0588
1341848023.3188 0.5910 -2.0921 4.3166 0.0156 0.8714 0.4862 -0.0630
1341848023.3548 0.6035 -2.0879 4.3144 0.0108 0.8694 0.4888 -0.0706
1341848023.3869 0.6162 -2.0831 4.3108 0.0086 0.8679 0.4908 -0.0758
1341848023.4187 0.6227 -2.0817 4.3107 0.0092 0.8664 0.4928 -0.0799
1341848023.4547 0.6318 -2.0772 4.3070 0.0104 0.8641 0.4959 -0.0861
1341848023.4871 0.6417 -2.0710 4.3013 0.0115 0.8627 0.4972 -0.0912
1341848023.5187 0.6455 -2.0682 4.2968 0.0108 0.8619 0.4982 -0.0944
1341848023.5551 0.6529 -2.0642 4.2918 0.0080 0.8613 0.4980 -0.1001
1341848023.5868 0.6640 -2.0598 4.2851 0.0068 0.8613 0.4971 -0.1051
1341848023.6228 0.6694 -2.0590 4.2809 0.0087 0.8614 0.4960 -0.1089
1341848023.6872 0.6825 -2.0541 4.2694 0.0081 0.8611 0.4941 -0.1197
1341848023.7227 0.6906 -2.0509 4.2633 0.0099 0.8613 0.4924 -0.1252
1341848023.7547 0.6949 -2.0501 4.2600 0.0110 0.8609 0.4921 -0.1286
1341848023.7869 0.6991 -2.0446 4.2489 0.0095 0.8598 0.4928 -0.1332
1341848023.8228 0.7065 -2.0428 4.2442 0.0077 0.8601 0.4909 -0.1386
1341848023.8548 0.7120 -2.0384 4.2363 0.0078 0.8591 0.4913 -0.1430
1341848023.8907 0.7170 -2.0337 4.2269 0.0076 0.8584 0.4912 -0.1478
1341848023.9228 0.7218 -2.0292 4.2155 0.0064 0.8581 0.4903 -0.1524
1341848023.9548 0.7263 -2.0273 4.2067 0.0066 0.8582 0.4884 -0.1579
1341848023.9907 0.7320 -2.0266 4.2016 0.0099 0.8571 0.4878 -0.1650
1341848024.0227 0.7382 -2.0213 4.1915 0.0150 0.8550 0.4891 -0.1717
1341848024.0547 0.7437 -2.0164 4.1796 0.0179 0.8541 0.4891 -0.1759
1341848024.1228 0.7515 -2.0136 4.1668 0.0238 0.8523 0.4885 -0.1853
1341848024.1588 0.7569 -2.0069 4.1554 0.0264 0.8509 0.4891 -0.1900
1341848024.1909 0.7582 -2.0059 4.1485 0.0283 0.8511 0.4877 -0.1922
1341848024.2228 0.7595 -2.0053 4.1467 0.0288 0.8496 0.4885 -0.1965
1341848024.2588 0.7654 -1.9963 4.1335 0.0291 0.8470 0.4904 -0.2033
1341848024.2908 0.7694 -1.9935 4.1298 0.0308 0.8466 0.4896 -0.2065
1341848024.3227 0.7703 -1.9924 4.1236 0.0304 0.8441 0.4927 -0.2094
1341848024.3587 0.7742 -1.9862 4.1129 0.0281 0.8420 0.4945 -0.2141
1341848024.3909 0.7777 -1.9836 4.1064 0.0264 0.8412 0.4942 -0.2179
1341848024.4268 0.7825 -1.9796 4.1021 0.0261 0.8399 0.4944 -0.2224
1341848024.4588 0.7861 -1.9754 4.0941 0.0260 0.8381 0.4959 -0.2260
1341848024.4910 0.7891 -1.9734 4.0908 0.0258 0.8368 0.4962 -0.2297
1341848024.5268 0.7951 -1.9678 4.0853 0.0243 0.8347 0.4978 -0.2343
1341848024.5586 0.8011 -1.9612 4.0773 0.0233 0.8331 0.4989 -0.2377
1341848024.5947 0.8051 -1.9600 4.0748 0.0237 0.8320 0.4992 -0.2407
1341848024.6267 0.8103 -1.9551 4.0697 0.0223 0.8297 0.5011 -0.2450
1341848024.6587 0.8169 -1.9483 4.0622 0.0214 0.8279 0.5018 -0.2498
1341848024.6948 0.8232 -1.9461 4.0605 0.0225 0.8268 0.5015 -0.2537
1341848024.7271 0.8301 -1.9401 4.0554 0.0230 0.8241 0.5037 -0.2581
1341848024.7589 0.8365 -1.9334 4.0460 0.0228 0.8224 0.5043 -0.2623
1341848024.7947 0.8434 -1.9323 4.0446 0.0223 0.8220 0.5030 -0.2661
1341848024.8267 0.8527 -1.9264 4.0390 0.0217 0.8204 0.5031 -0.2709
1341848024.8628 0.8623 -1.9218 4.0328 0.0240 0.8198 0.5015 -0.2753
1341848024.8948 0.8712 -1.9210 4.0309 0.0271 0.8195 0.5000 -0.2787
1341848024.9268 0.8805 -1.9168 4.0255 0.0290 0.8183 0.4992 -0.2834
1341848024.9627 0.8906 -1.9148 4.0225 0.0314 0.8183 0.4973 -0.2866
1341848024.9947 0.9010 -1.9162 4.0232 0.0340 0.8172 0.4971 -0.2896
1341848025.0269 0.9096 -1.9103 4.0170 0.0359 0.8146 0.4988 -0.2938
1341848025.0626 0.9177 -1.9077 4.0135 0.0353 0.8142 0.4981 -0.2963
1341848025.1311 0.9375 -1.9005 4.0068 0.0330 0.8107 0.4990 -0.3045
1341848025.1631 0.9471 -1.8976 4.0034 0.0352 0.8103 0.4974 -0.3079
1341848025.1949 0.9556 -1.8978 4.0031 0.0369 0.8090 0.4976 -0.3106
1341848025.2306 0.9633 -1.8926 3.9965 0.0379 0.8068 0.4982 -0.3153
1341848025.2627 0.9726 -1.8892 3.9926 0.0392 0.8067 0.4964 -0.3183
1341848025.2947 0.9804 -1.8893 3.9912 0.0400 0.8060 0.4963 -0.3201
1341848025.3307 0.9869 -1.8861 3.9853 0.0390 0.8045 0.4972 -0.3226
1341848025.3630 0.9946 -1.8837 3.9815 0.0380 0.8043 0.4962 -0.3248
1341848025.3988 1.0029 -1.8827 3.9794 0.0394 0.8035 0.4958 -0.3271
1341848025.4307 1.0068 -1.8816 3.9744 0.0403 0.8017 0.4974 -0.3290
1341848025.4628 1.0125 -1.8799 3.9696 0.0379 0.8009 0.4971 -0.3317
1341848025.4987 1.0195 -1.8789 3.9672 0.0362 0.8003 0.4967 -0.3339
1341848025.5308 1.0255 -1.8760 3.9626 0.0365 0.7988 0.4972 -0.3366
1341848025.5668 1.0303 -1.8737 3.9584 0.0365 0.7978 0.4972 -0.3391
1341848025.5987 1.0361 -1.8714 3.9551 0.0350 0.7969 0.4972 -0.3414
1341848025.6307 1.0421 -1.8689 3.9515 0.0349 0.7958 0.4973 -0.3439
1341848025.6667 1.0465 -1.8661 3.9478 0.0359 0.7946 0.4974 -0.3462
1341848025.6988 1.0515 -1.8651 3.9461 0.0354 0.7932 0.4978 -0.3491
1341848025.7307 1.0557 -1.8602 3.9401 0.0338 0.7913 0.4990 -0.3517
1341848025.7667 1.0605 -1.8566 3.9350 0.0327 0.7908 0.4982 -0.3541
1341848025.7989 1.0661 -1.8559 3.9329 0.0335 0.7902 0.4971 -0.3569
1341848025.8348 1.0701 -1.8517 3.9273 0.0350 0.7888 0.4972 -0.3597
1341848025.8667 1.0750 -1.8490 3.9229 0.0369 0.7886 0.4955 -0.3622
1341848025.8987 1.0804 -1.8473 3.9204 0.0389 0.7879 0.4946 -0.3648
1341848025.9348 1.0841 -1.8432 3.9150 0.0403 0.7864 0.4948 -0.3677
1341848025.9671 1.0897 -1.8405 3.9117 0.0412 0.7859 0.4935 -0.3704
1341848025.9987 1.0952 -1.8369 3.9089 0.0426 0.7843 0.4936 -0.3733
1341848026.0346 1.0992 -1.8312 3.9015 0.0442 0.7824 0.4939 -0.3768
1341848026.0669 1.1046 -1.8288 3.8976 0.0452 0.7821 0.4919 -0.3799
1341848026.1028 1.1116 -1.8265 3.8957 0.0464 0.7805 0.4914 -0.3836
1341848026.1347 1.1165 -1.8203 3.8877 0.0495 0.7783 0.4915 -0.3876
1341848026.1667 1.1234 -1.8187 3.8849 0.0529 0.7779 0.4897 -0.3902
1341848026.2028 1.1283 -1.8164 3.8830 0.0547 0.7759 0.4903 -0.3931
1341848026.2349 1.1340 -1.8104 3.8758 0.0563 0.7732 0.4908 -0.3976
1341848026.2670 1.1414 -1.8092 3.8740 0.0600 0.7721 0.4899 -0.4004
1341848026.3029 1.1451 -1.8047 3.8696 0.0635 0.7692 0.4916 -0.4033
1341848026.3348 1.1480 -1.8005 3.8640 0.0643 0.7676 0.4916 -0.4063
1341848026.3710 1.1546 -1.7981 3.8609 0.0642 0.7670 0.4903 -0.4090
1341848026.4027 1.1596 -1.7945 3.8568 0.0660 0.7658 0.4895 -0.4118
1341848026.4347 1.1635 -1.7912 3.8517 0.0683 0.7650 0.4879 -0.4148
1341848026.4708 1.1683 -1.7888 3.8488 0.0690 0.7650 0.4859 -0.4170
1341848026.5027 1.1729 -1.7859 3.8447 0.0691 0.7640 0.4847 -0.4202
1341848026.5347 1.1780 -1.7835 3.8397 0.0686 0.7633 0.4834 -0.4231
1341848026.5708 1.1831 -1.7814 3.8348 0.0674 0.7633 0.4823 -0.4246
1341848026.6027 1.1894 -1.7796 3.8319 0.0652 0.7632 0.4817 -0.4257
1341848026.6420 1.1949 -1.7764 3.8268 0.0650 0.7621 0.4813 -0.4281
1341848026.7028 1.2065 -1.7706 3.8174 0.0641 0.7622 0.4795 -0.4300
1341848026.7388 1.2150 -1.7689 3.8136 0.0627 0.7620 0.4791 -0.4312
1341848026.7708 1.2228 -1.7662 3.8094 0.0630 0.7613 0.4796 -0.4318
1341848026.8067 1.2304 -1.7633 3.8055 0.0634 0.7606 0.4804 -0.4320
1341848026.8387 1.2380 -1.7605 3.8013 0.0627 0.7602 0.4817 -0.4314
1341848026.8780 1.2467 -1.7578 3.7981 0.0615 0.7596 0.4824 -0.4318
1341848026.9389 1.2662 -1.7511 3.7885 0.0599 0.7588 0.4840 -0.4316
1341848026.9707 1.2771 -1.7492 3.7862 0.0596 0.7590 0.4844 -0.4310
1341848027.0068 1.2866 -1.7460 3.7826 0.0590 0.7584 0.4854 -0.4309
1341848027.0387 1.2979 -1.7433 3.7780 0.0594 0.7581 0.4845 -0.4325
1341848027.0748 1.3095 -1.7427 3.7781 0.0601 0.7583 0.4842 -0.4324
1341848027.1067 1.3181 -1.7397 3.7737 0.0612 0.7567 0.4847 -0.4345
1341848027.1387 1.3283 -1.7389 3.7695 0.0615 0.7572 0.4822 -0.4364
1341848027.1748 1.3410 -1.7389 3.7685 0.0602 0.7578 0.4806 -0.4372
1341848027.2072 1.3515 -1.7382 3.7665 0.0605 0.7573 0.4795 -0.4393
1341848027.2387 1.3625 -1.7369 3.7633 0.0609 0.7567 0.4779 -0.4420
1341848027.2747 1.3742 -1.7368 3.7617 0.0606 0.7569 0.4768 -0.4429
1341848027.3067 1.3848 -1.7362 3.7597 0.0607 0.7567 0.4755 -0.4446
1341848027.3428 1.3959 -1.7355 3.7563 0.0612 0.7567 0.4739 -0.4460
1341848027.3749 1.4063 -1.7352 3.7533 0.0620 0.7580 0.4716 -0.4463
1341848027.4068 1.4178 -1.7348 3.7516 0.0614 0.7594 0.4695 -0.4461
1341848027.4430 1.4275 -1.7340 3.7474 0.0614 0.7609 0.4676 -0.4456
1341848027.4748 1.4390 -1.7337 3.7453 0.0601 0.7635 0.4650 -0.4441
1341848027.5067 1.4505 -1.7328 3.7420 0.0592 0.7655 0.4633 -0.4426
1341848027.5433 1.4594 -1.7321 3.7388 0.0593 0.7677 0.4618 -0.4402
1341848027.5747 1.4689 -1.7322 3.7367 0.0582 0.7700 0.4604 -0.4379
1341848027.6107 1.4780 -1.7312 3.7344 0.0571 0.7714 0.4597 -0.4364
1341848027.6427 1.4865 -1.7301 3.7303 0.0569 0.7725 0.4591 -0.4351
1341848027.6747 1.4948 -1.7294 3.7289 0.0563 0.7736 0.4590 -0.4332
1341848027.7110 1.5015 -1.7272 3.7248 0.0564 0.7734 0.4595 -0.4329
1341848027.7428 1.5082 -1.7248 3.7191 0.0563 0.7738 0.4600 -0.4319
1341848027.7788 1.5142 -1.7226 3.7148 0.0552 0.7750 0.4600 -0.4297
1341848027.8107 1.5223 -1.7206 3.7114 0.0538 0.7759 0.4601 -0.4283
1341848027.8428 1.5293 -1.7176 3.7064 0.0532 0.7758 0.4616 -0.4268
1341848027.8787 1.5334 -1.7140 3.7006 0.0527 0.7764 0.4630 -0.4244
1341848027.9111 1.5399 -1.7116 3.6961 0.0512 0.7773 0.4636 -0.4222
1341848027.9427 1.5455 -1.7085 3.6918 0.0497 0.7774 0.4653 -0.4203
1341848027.9788 1.5493 -1.7049 3.6827 0.0482 0.7780 0.4663 -0.4182
1341848028.0110 1.5553 -1.7033 3.6797 0.0467 0.7800 0.4653 -0.4159
1341848028.0467 1.5604 -1.7003 3.6733 0.0455 0.7802 0.4656 -0.4153
1341848028.0790 1.5656 -1.6974 3.6646 0.0456 0.7812 0.4645 -0.4145
1341848028.1110 1.5711 -1.6959 3.6605 0.0467 0.7830 0.4628 -0.4129
1341848028.1506 1.5722 -1.6936 3.6547 0.0480 0.7835 0.4621 -0.4128
1341848028.1860 1.5759 -1.6916 3.6451 0.0479 0.7843 0.4603 -0.4131
1341848028.2542 1.5851 -1.6853 3.6352 0.0488 0.7852 0.4578 -0.4142
1341848028.3149 1.5920 -1.6799 3.6218 0.0489 0.7860 0.4550 -0.4158
1341848028.3790 1.6004 -1.6727 3.6051 0.0496 0.7851 0.4530 -0.4195
1341848028.4146 1.6041 -1.6702 3.5977 0.0503 0.7854 0.4514 -0.4205
1341848028.4476 1.6081 -1.6671 3.5897 0.0499 0.7850 0.4503 -0.4225
1341848028.4828 1.6150 -1.6635 3.5817 0.0502 0.7851 0.4484 -0.4243
1341848028.5147 1.6219 -1.6601 3.5766 0.0531 0.7851 0.4471 -0.4253
1341848028.5466 1.6262 -1.6571 3.5642 0.0545 0.7838 0.4486 -0.4259
1341848028.5827 1.6325 -1.6541 3.5580 0.0535 0.7845 0.4476 -0.4259
1341848028.6146 1.6403 -1.6502 3.5524 0.0541 0.7845 0.4476 -0.4258
1341848028.6538 1.6456 -1.6461 3.5412 0.0548 0.7837 0.4489 -0.4257
1341848028.7218 1.6580 -1.6399 3.5270 0.0553 0.7841 0.4483 -0.4256
1341848028.7829 1.6687 -1.6329 3.5087 0.0569 0.7839 0.4477 -0.4263
1341848028.8148 1.6742 -1.6295 3.5013 0.0564 0.7841 0.4476 -0.4262
1341848028.8508 1.6801 -1.6259 3.4932 0.0563 0.7844 0.4471 -0.4262
1341848028.8827 1.6868 -1.6225 3.4888 0.0575 0.7851 0.4464 -0.4254
1341848028.9148 1.6928 -1.6194 3.4821 0.0593 0.7845 0.4475 -0.4252
1341848028.9509 1.6975 -1.6160 3.4742 0.0606 0.7837 0.4488 -0.4251
1341848028.9827 1.7017 -1.6130 3.4651 0.0607 0.7830 0.4504 -0.4247
1341848029.0187 1.7056 -1.6108 3.4579 0.0590 0.7828 0.4514 -0.4242
1341848029.0829 1.7154 -1.6036 3.4458 0.0559 0.7826 0.4509 -0.4256
1341848029.1188 1.7204 -1.6002 3.4407 0.0565 0.7822 0.4509 -0.4262
1341848029.1507 1.7245 -1.5971 3.4346 0.0564 0.7810 0.4523 -0.4269
1341848029.1827 1.7292 -1.5937 3.4291 0.0552 0.7796 0.4539 -0.4281
1341848029.2187 1.7342 -1.5901 3.4229 0.0545 0.7785 0.4550 -0.4289
1341848029.2506 1.7384 -1.5876 3.4180 0.0531 0.7778 0.4562 -0.4290
1341848029.2870 1.7435 -1.5845 3.4128 0.0506 0.7768 0.4569 -0.4304
1341848029.3202 1.7500 -1.5809 3.4084 0.0491 0.7753 0.4573 -0.4329
1341848029.3510 1.7553 -1.5768 3.4002 0.0499 0.7744 0.4569 -0.4349
1341848029.3869 1.7622 -1.5749 3.3972 0.0502 0.7746 0.4555 -0.4360
1341848029.4188 1.7681 -1.5720 3.3924 0.0494 0.7730 0.4558 -0.4384
1341848029.4508 1.7749 -1.5696 3.3867 0.0495 0.7723 0.4545 -0.4410
1341848029.4868 1.7822 -1.5674 3.3824 0.0490 0.7718 0.4537 -0.4428
1341848029.5189 1.7896 -1.5647 3.3778 0.0476 0.7707 0.4527 -0.4459
1341848029.5547 1.7981 -1.5631 3.3716 0.0482 0.7699 0.4507 -0.4493
1341848029.5870 1.8082 -1.5616 3.3687 0.0494 0.7701 0.4481 -0.4513
1341848029.6187 1.8173 -1.5595 3.3648 0.0505 0.7686 0.4469 -0.4549
1341848029.6553 1.8245 -1.5571 3.3578 0.0514 0.7667 0.4460 -0.4588
1341848029.6868 1.8343 -1.5557 3.3547 0.0516 0.7665 0.4440 -0.4612
1341848029.7188 1.8439 -1.5542 3.3522 0.0518 0.7645 0.4437 -0.4647
1341848029.7548 1.8511 -1.5512 3.3454 0.0525 0.7622 0.4436 -0.4685
1341848029.7869 1.8611 -1.5501 3.3425 0.0528 0.7618 0.4418 -0.4709
1341848029.8228 1.8704 -1.5480 3.3395 0.0532 0.7600 0.4416 -0.4739
1341848029.8548 1.8782 -1.5453 3.3348 0.0535 0.7581 0.4412 -0.4773
1341848029.8880 1.8873 -1.5439 3.3316 0.0547 0.7568 0.4400 -0.4803
1341848029.9228 1.8961 -1.5415 3.3295 0.0557 0.7554 0.4395 -0.4828
1341848029.9546 1.9028 -1.5382 3.3254 0.0562 0.7531 0.4397 -0.4861
1341848029.9908 1.9113 -1.5360 3.3220 0.0563 0.7518 0.4388 -0.4889
1341848030.0229 1.9202 -1.5338 3.3196 0.0567 0.7502 0.4388 -0.4913
1341848030.0548 1.9265 -1.5301 3.3154 0.0569 0.7485 0.4390 -0.4937
1341848030.0908 1.9328 -1.5272 3.3112 0.0567 0.7471 0.4386 -0.4963
1341848030.1228 1.9407 -1.5252 3.3086 0.0560 0.7457 0.4383 -0.4986
1341848030.1549 1.9464 -1.5223 3.3043 0.0564 0.7438 0.4384 -0.5014
1341848030.1907 1.9519 -1.5196 3.3010 0.0563 0.7423 0.4382 -0.5038
1341848030.2227 1.9568 -1.5175 3.2972 0.0557 0.7400 0.4385 -0.5070
1341848030.2589 1.9622 -1.5149 3.2932 0.0547 0.7376 0.4386 -0.5104
1341848030.2909 1.9676 -1.5120 3.2891 0.0551 0.7352 0.4388 -0.5137
1341848030.3228 1.9727 -1.5093 3.2852 0.0550 0.7333 0.4390 -0.5162
1341848030.3589 1.9775 -1.5052 3.2813 0.0546 0.7302 0.4399 -0.5199
1341848030.3908 1.9809 -1.5021 3.2758 0.0544 0.7278 0.4400 -0.5232
1341848030.4228 1.9874 -1.4987 3.2732 0.0540 0.7258 0.4400 -0.5260
1341848030.4589 1.9899 -1.4947 3.2668 0.0546 0.7236 0.4399 -0.5291
1341848030.4908 1.9961 -1.4915 3.2639 0.0539 0.7223 0.4400 -0.5308
1341848030.5267 1.9985 -1.4859 3.2582 0.0539 0.7202 0.4403 -0.5335
1341848030.5658 2.0020 -1.4818 3.2530 0.0540 0.7186 0.4392 -0.5365
1341848030.6270 2.0112 -1.4747 3.2433 0.0553 0.7149 0.4370 -0.5430
1341848030.6589 2.0143 -1.4702 3.2363 0.0570 0.7136 0.4349 -0.5463
1341848030.6907 2.0193 -1.4678 3.2303 0.0582 0.7130 0.4327 -0.5487
1341848030.7268 2.0239 -1.4634 3.2243 0.0587 0.7115 0.4310 -0.5519
1341848030.7588 2.0266 -1.4594 3.2170 0.0592 0.7097 0.4287 -0.5559
1341848030.7947 2.0323 -1.4564 3.2108 0.0585 0.7084 0.4262 -0.5596
1341848030.8275 2.0375 -1.4528 3.2037 0.0586 0.7070 0.4236 -0.5632
1341848030.8598 2.0454 -1.4513 3.1975 0.0603 0.7059 0.4201 -0.5671
1341848030.8947 2.0518 -1.4485 3.1908 0.0648 0.7039 0.4168 -0.5715
1341848030.9267 2.0550 -1.4448 3.1812 0.0685 0.7025 0.4138 -0.5750
1341848030.9587 2.0594 -1.4426 3.1733 0.0684 0.7021 0.4106 -0.5778
1341848030.9947 2.0666 -1.4409 3.1665 0.0680 0.7004 0.4074 -0.5821
1341848031.0267 2.0734 -1.4377 3.1574 0.0699 0.6997 0.4043 -0.5849
1341848031.0628 2.0794 -1.4347 3.1499 0.0729 0.7001 0.4003 -0.5868
1341848031.0948 2.0862 -1.4334 3.1428 0.0755 0.6989 0.3979 -0.5895
1341848031.1268 2.0908 -1.4300 3.1331 0.0772 0.6983 0.3963 -0.5910
1341848031.1629 2.0981 -1.4272 3.1259 0.0788 0.6992 0.3941 -0.5913
1341848031.1947 2.1038 -1.4253 3.1192 0.0803 0.6987 0.3932 -0.5922
1341848031.2310 2.1079 -1.4212 3.1115 0.0814 0.6978 0.3930 -0.5933
1341848031.2627 2.1142 -1.4200 3.1043 0.0829 0.6976 0.3923 -0.5938
1341848031.2947 2.1204 -1.4176 3.0982 0.0858 0.6965 0.3925 -0.5945
1341848031.3308 2.1208 -1.4129 3.0900 0.0874 0.6954 0.3928 -0.5955
1341848031.3630 2.1247 -1.4117 3.0833 0.0865 0.6950 0.3921 -0.5965
1341848031.3948 2.1289 -1.4103 3.0782 0.0851 0.6942 0.3918 -0.5978
1341848031.4306 2.1322 -1.4083 3.0721 0.0843 0.6930 0.3913 -0.5997
1341848031.4722 2.1365 -1.4084 3.0670 0.0832 0.6924 0.3904 -0.6011
1341848031.5021 2.1411 -1.4066 3.0630 0.0813 0.6908 0.3911 -0.6028
1341848031.5629 2.1502 -1.4050 3.0541 0.0792 0.6877 0.3893 -0.6077
1341848031.5987 2.1542 -1.4032 3.0505 0.0792 0.6852 0.3890 -0.6107
1341848031.6308 2.1579 -1.4021 3.0456 0.0788 0.6836 0.3881 -0.6130
1341848031.6628 2.1631 -1.4011 3.0421 0.0778 0.6824 0.3870 -0.6152
1341848031.6988 2.1677 -1.3992 3.0381 0.0769 0.6805 0.3861 -0.6180
1341848031.7307 2.1704 -1.3977 3.0328 0.0755 0.6793 0.3844 -0.6206
1341848031.7667 2.1784 -1.3980 3.0298 0.0732 0.6786 0.3821 -0.6230
1341848031.7987 2.1856 -1.3962 3.0266 0.0729 0.6763 0.3807 -0.6264
1341848031.8308 2.1896 -1.3945 3.0225 0.0741 0.6742 0.3777 -0.6304
1341848031.8667 2.1960 -1.3948 3.0187 0.0739 0.6722 0.3754 -0.6339
1341848031.8987 2.2008 -1.3935 3.0144 0.0721 0.6700 0.3742 -0.6371
1341848031.9308 2.2088 -1.3947 3.0094 0.0726 0.6683 0.3711 -0.6406
1341848031.9667 2.2163 -1.3930 3.0058 0.0734 0.6669 0.3695 -0.6429
1341848031.9987 2.2195 -1.3908 3.0011 0.0720 0.6646 0.3690 -0.6457
1341848032.0347 2.2279 -1.3909 2.9959 0.0699 0.6633 0.3677 -0.6480
1341848032.0667 2.2375 -1.3894 2.9921 0.0699 0.6618 0.3664 -0.6503
1341848032.0987 2.2434 -1.3874 2.9857 0.0707 0.6606 0.3655 -0.6519
1341848032.1347 2.2507 -1.3858 2.9817 0.0700 0.6606 0.3652 -0.6522
1341848032.1670 2.2584 -1.3832 2.9776 0.0696 0.6591 0.3650 -0.6538
1341848032.2030 2.2635 -1.3807 2.9715 0.0701 0.6585 0.3643 -0.6548
1341848032.2347 2.2725 -1.3794 2.9674 0.0704 0.6582 0.3636 -0.6554
1341848032.2667 2.2779 -1.3754 2.9635 -0.0703 -0.6563 -0.3644 0.6569
1341848032.3028 2.2804 -1.3714 2.9592 -0.0698 -0.6560 -0.3636 0.6577
1341848032.3346 2.2897 -1.3726 2.9550 -0.0695 -0.6551 -0.3634 0.6588
1341848032.3667 2.2941 -1.3667 2.9524 -0.0688 -0.6534 -0.3633 0.6606
1341848032.4030 2.2971 -1.3652 2.9488 -0.0678 -0.6529 -0.3616 0.6621
1341848032.4347 2.3046 -1.3650 2.9448 -0.0672 -0.6521 -0.3602 0.6637
1341848032.4708 2.3099 -1.3628 2.9407 -0.0665 -0.6516 -0.3594 0.6647
1341848032.5030 2.3148 -1.3605 2.9355 -0.0665 -0.6514 -0.3580 0.6657
1341848032.5347 2.3213 -1.3602 2.9318 -0.0664 -0.6510 -0.3567 0.6667
1341848032.5709 2.3254 -1.3576 2.9275 -0.0659 -0.6507 -0.3557 0.6676
1341848032.6030 2.3289 -1.3555 2.9207 -0.0648 -0.6518 -0.3542 0.6675
1341848032.6347 2.3350 -1.3532 2.9155 -0.0630 -0.6528 -0.3519 0.6678
1341848032.6708 2.3410 -1.3529 2.9102 -0.0608 -0.6531 -0.3508 0.6684
1341848032.7028 2.3454 -1.3526 2.9020 -0.0596 -0.6535 -0.3498 0.6686
1341848032.7387 2.3520 -1.3527 2.8959 -0.0602 -0.6539 -0.3486 0.6687
1341848032.7707 2.3589 -1.3503 2.8911 -0.0604 -0.6538 -0.3488 0.6688
1341848032.8029 2.3591 -1.3466 2.8832 -0.0600 -0.6540 -0.3485 0.6688
1341848032.8388 2.3670 -1.3458 2.8753 -0.0597 -0.6550 -0.3477 0.6682
1341848032.8707 2.3712 -1.3406 2.8680 -0.0606 -0.6544 -0.3474 0.6689
1341848032.9027 2.3732 -1.3363 2.8612 -0.0612 -0.6542 -0.3462 0.6697
1341848032.9388 2.3793 -1.3346 2.8544 -0.0611 -0.6535 -0.3462 0.6704
1341848032.9708 2.3798 -1.3293 2.8485 -0.0605 -0.6521 -0.3475 0.6710
1341848033.0067 2.3791 -1.3256 2.8417 -0.0604 -0.6510 -0.3469 0.6724
1341848033.0392 2.3810 -1.3222 2.8347 -0.0603 -0.6504 -0.3455 0.6738
1341848033.0708 2.3809 -1.3191 2.8292 -0.0590 -0.6496 -0.3450 0.6750
1341848033.1069 2.3811 -1.3151 2.8220 -0.0573 -0.6480 -0.3435 0.6774
1341848033.1391 2.3849 -1.3132 2.8140 -0.0573 -0.6471 -0.3406 0.6797
1341848033.1707 2.3902 -1.3104 2.8081 -0.0597 -0.6458 -0.3383 0.6818
1341848033.2069 2.3891 -1.3056 2.8022 -0.0621 -0.6439 -0.3371 0.6840
1341848033.2387 2.3884 -1.3032 2.7960 -0.0625 -0.6420 -0.3360 0.6863
1341848033.2749 2.3943 -1.3004 2.7903 -0.0617 -0.6406 -0.3356 0.6879
1341848033.3067 2.3938 -1.2962 2.7838 -0.0627 -0.6380 -0.3356 0.6902
1341848033.3388 2.3962 -1.2941 2.7766 -0.0637 -0.6361 -0.3342 0.6926
1341848033.3748 2.3994 -1.2903 2.7713 -0.0638 -0.6342 -0.3348 0.6940
1341848033.4068 2.3959 -1.2870 2.7636 -0.0638 -0.6324 -0.3354 0.6953
1341848033.4431 2.3998 -1.2844 2.7569 -0.0636 -0.6319 -0.3338 0.6966
1341848033.4747 2.4025 -1.2809 2.7514 -0.0640 -0.6305 -0.3333 0.6980
1341848033.5068 2.4018 -1.2775 2.7451 -0.0643 -0.6293 -0.3331 0.6992
1341848033.5429 2.4026 -1.2754 2.7387 -0.0646 -0.6291 -0.3318 0.7000
1341848033.5748 2.4058 -1.2728 2.7344 -0.0651 -0.6282 -0.3303 0.7015
1341848033.6069 2.4060 -1.2703 2.7282 -0.0669 -0.6259 -0.3291 0.7039
1341848033.6429 2.4067 -1.2691 2.7214 -0.0681 -0.6254 -0.3277 0.7049
1341848033.6749 2.4092 -1.2669 2.7168 -0.0682 -0.6247 -0.3269 0.7058
1341848033.7108 2.4102 -1.2648 2.7106 -0.0693 -0.6230 -0.3263 0.7075
1341848033.7428 2.4085 -1.2637 2.7034 -0.0703 -0.6229 -0.3245 0.7083
1341848033.7748 2.4131 -1.2619 2.6989 -0.0690 -0.6232 -0.3234 0.7087
1341848033.8111 2.4148 -1.2596 2.6942 -0.0689 -0.6211 -0.3229 0.7108
1341848033.8428 2.4161 -1.2584 2.6874 -0.0701 -0.6197 -0.3212 0.7127
1341848033.8749 2.4200 -1.2559 2.6831 -0.0708 -0.6191 -0.3199 0.7137
1341848033.9112 2.4188 -1.2534 2.6807 -0.0710 -0.6167 -0.3187 0.7163
1341848033.9428 2.4186 -1.2526 2.6768 -0.0687 -0.6136 -0.3171 0.7199
1341848033.9789 2.4201 -1.2517 2.6727 -0.0652 -0.6112 -0.3149 0.7232
1341848034.0108 2.4235 -1.2512 2.6692 -0.0617 -0.6083 -0.3124 0.7270
1341848034.0427 2.4285 -1.2520 2.6656 -0.0597 -0.6040 -0.3095 0.7320
1341848034.0788 2.4319 -1.2526 2.6603 -0.0605 -0.6011 -0.3059 0.7358
1341848034.1108 2.4322 -1.2516 2.6578 -0.0606 -0.5999 -0.3017 0.7386
1341848034.1427 2.4355 -1.2516 2.6566 -0.0582 -0.5955 -0.2976 0.7439
1341848034.1788 2.4413 -1.2519 2.6515 -0.0556 -0.5917 -0.2954 0.7480
1341848034.2107 2.4478 -1.2523 2.6471 -0.0555 -0.5902 -0.2923 0.7504
1341848034.2467 2.4534 -1.2509 2.6438 -0.0570 -0.5870 -0.2889 0.7542
1341848034.2787 2.4548 -1.2514 2.6391 -0.0574 -0.5841 -0.2866 0.7573
1341848034.3181 2.4610 -1.2510 2.6348 -0.0558 -0.5826 -0.2838 0.7595
1341848034.3538 2.4674 -1.2493 2.6300 -0.0563 -0.5802 -0.2807 0.7625
1341848034.3862 2.4726 -1.2486 2.6237 -0.0576 -0.5788 -0.2780 0.7645
1341848034.4218 2.4786 -1.2468 2.6194 -0.0579 -0.5778 -0.2763 0.7658
1341848034.4538 2.4843 -1.2439 2.6132 -0.0581 -0.5757 -0.2753 0.7677
1341848034.4857 2.4895 -1.2420 2.6056 -0.0578 -0.5747 -0.2746 0.7687
1341848034.5217 2.4953 -1.2383 2.5990 -0.0564 -0.5749 -0.2746 0.7687
1341848034.5537 2.5030 -1.2343 2.5923 -0.0556 -0.5739 -0.2749 0.7694
1341848034.5858 2.5098 -1.2295 2.5844 -0.0562 -0.5736 -0.2751 0.7695
1341848034.6538 2.5214 -1.2193 2.5718 -0.0586 -0.5722 -0.2771 0.7696
1341848034.7152 2.5317 -1.2112 2.5573 -0.0601 -0.5700 -0.2778 0.7709
1341848034.7467 2.5382 -1.2057 2.5516 -0.0613 -0.5701 -0.2781 0.7706
1341848034.7828 2.5414 -1.2000 2.5464 -0.0629 -0.5689 -0.2783 0.7713
1341848034.8147 2.5454 -1.1963 2.5396 -0.0632 -0.5681 -0.2781 0.7720
1341848034.8469 2.5509 -1.1913 2.5348 -0.0627 -0.5683 -0.2797 0.7713
1341848034.8827 2.5534 -1.1875 2.5303 -0.0640 -0.5668 -0.2798 0.7722
1341848034.9148 2.5570 -1.1841 2.5258 -0.0645 -0.5655 -0.2802 0.7730
1341848034.9515 2.5589 -1.1800 2.5219 -0.0642 -0.5638 -0.2811 0.7739
1341848034.9830 2.5614 -1.1765 2.5177 -0.0643 -0.5618 -0.2812 0.7753
1341848035.0149 2.5636 -1.1728 2.5132 -0.0652 -0.5600 -0.2812 0.7766
1341848035.0509 2.5644 -1.1685 2.5090 -0.0663 -0.5587 -0.2810 0.7775
1341848035.0843 2.5654 -1.1658 2.5044 -0.0659 -0.5579 -0.2811 0.7781
1341848035.1189 2.5704 -1.1617 2.4995 -0.0657 -0.5562 -0.2818 0.7791
1341848035.2189 2.5725 -1.1494 2.4846 -0.0671 -0.5532 -0.2825 0.7808
1341848035.2843 2.5711 -1.1433 2.4719 -0.0674 -0.5523 -0.2818 0.7816
1341848035.3199 2.5732 -1.1403 2.4668 -0.0675 -0.5519 -0.2797 0.7827
1341848035.3510 2.5732 -1.1379 2.4593 -0.0678 -0.5516 -0.2783 0.7834
1341848035.4227 2.5762 -1.1325 2.4463 -0.0688 -0.5513 -0.2738 0.7851
1341848035.4868 2.5757 -1.1267 2.4304 -0.0695 -0.5508 -0.2693 0.7869
1341848035.5186 2.5779 -1.1227 2.4231 -0.0712 -0.5503 -0.2673 0.7878
1341848035.5509 2.5737 -1.1187 2.4168 -0.0736 -0.5495 -0.2637 0.7894
1341848035.5867 2.5739 -1.1157 2.4095 -0.0729 -0.5494 -0.2606 0.7906
1341848035.6188 2.5770 -1.1124 2.4019 -0.0724 -0.5477 -0.2589 0.7923
1341848035.6547 2.5757 -1.1084 2.3945 -0.0744 -0.5452 -0.2561 0.7948
1341848035.6867 2.5780 -1.1055 2.3867 -0.0768 -0.5435 -0.2531 0.7966
1341848035.7188 2.5781 -1.1009 2.3813 -0.0791 -0.5399 -0.2518 0.7993
1341848035.7560 2.5737 -1.0984 2.3743 -0.0809 -0.5373 -0.2504 0.8013
1341848035.7867 2.5759 -1.0954 2.3681 -0.0805 -0.5359 -0.2493 0.8026
1341848035.8188 2.5730 -1.0913 2.3628 -0.0812 -0.5324 -0.2488 0.8050
1341848035.8547 2.5703 -1.0896 2.3556 -0.0821 -0.5304 -0.2463 0.8070
1341848035.8867 2.5718 -1.0867 2.3482 -0.0830 -0.5299 -0.2434 0.8081
1341848035.9228 2.5704 -1.0838 2.3414 -0.0845 -0.5288 -0.2411 0.8094
1341848035.9546 2.5692 -1.0815 2.3336 -0.0854 -0.5288 -0.2382 0.8101
1341848035.9867 2.5728 -1.0790 2.3254 -0.0870 -0.5294 -0.2353 0.8104
1341848036.0228 2.5737 -1.0749 2.3185 -0.0902 -0.5288 -0.2334 0.8110
1341848036.0549 2.5688 -1.0713 2.3135 -0.0924 -0.5280 -0.2320 0.8117
1341848036.0870 2.5706 -1.0690 2.3057 -0.0922 -0.5268 -0.2314 0.8127
1341848036.1227 2.5723 -1.0655 2.2992 -0.0922 -0.5248 -0.2328 0.8135
1341848036.1548 2.5664 -1.0617 2.2938 -0.0935 -0.5228 -0.2331 0.8146
1341848036.1908 2.5649 -1.0594 2.2879 -0.0935 -0.5219 -0.2322 0.8155
1341848036.2233 2.5652 -1.0564 2.2802 -0.0928 -0.5202 -0.2328 0.8165
1341848036.2547 2.5617 -1.0525 2.2746 -0.0911 -0.5191 -0.2338 0.8171
1341848036.2908 2.5618 -1.0492 2.2685 -0.0886 -0.5167 -0.2345 0.8186
1341848036.3549 2.5599 -1.0432 2.2539 -0.0881 -0.5129 -0.2353 0.8209
1341848036.3908 2.5590 -1.0401 2.2479 -0.0885 -0.5124 -0.2339 0.8215
1341848036.4588 2.5569 -1.0321 2.2338 -0.0867 -0.5084 -0.2335 0.8243
1341848036.4912 2.5581 -1.0286 2.2242 -0.0853 -0.5083 -0.2335 0.8245
1341848036.5227 2.5554 -1.0243 2.2171 -0.0844 -0.5075 -0.2331 0.8252
1341848036.5589 2.5552 -1.0200 2.2094 -0.0828 -0.5067 -0.2318 0.8262
1341848036.5907 2.5544 -1.0162 2.2009 -0.0816 -0.5052 -0.2302 0.8277
1341848036.6268 2.5534 -1.0123 2.1917 -0.0819 -0.5032 -0.2269 0.8298
1341848036.6587 2.5513 -1.0079 2.1840 -0.0809 -0.5027 -0.2235 0.8311
1341848036.6912 2.5513 -1.0043 2.1739 -0.0782 -0.5019 -0.2211 0.8325
1341848036.7268 2.5537 -1.0013 2.1622 -0.0771 -0.5003 -0.2181 0.8344
1341848036.7589 2.5524 -0.9973 2.1517 -0.0771 -0.4990 -0.2149 0.8360
1341848036.7907 2.5531 -0.9938 2.1419 -0.0750 -0.4981 -0.2120 0.8375
1341848036.8270 2.5569 -0.9895 2.1302 -0.0733 -0.4956 -0.2106 0.8395
1341848036.8586 2.5562 -0.9857 2.1189 -0.0741 -0.4928 -0.2081 0.8416
1341848036.9268 2.5558 -0.9781 2.0978 -0.0746 -0.4894 -0.2024 0.8449
1341848036.9587 2.5566 -0.9738 2.0869 -0.0714 -0.4881 -0.2012 0.8463
1341848036.9948 2.5593 -0.9693 2.0750 -0.0703 -0.4860 -0.1990 0.8481
1341848037.0268 2.5579 -0.9649 2.0636 -0.0684 -0.4851 -0.1981 0.8489
1341848037.0610 2.5561 -0.9607 2.0547 -0.0649 -0.4851 -0.1975 0.8494
1341848037.0947 2.5591 -0.9562 2.0423 -0.0618 -0.4845 -0.1950 0.8506
1341848037.1267 2.5597 -0.9513 2.0307 -0.0606 -0.4846 -0.1930 0.8510
1341848037.1628 2.5557 -0.9503 2.0200 -0.0577 -0.4854 -0.1908 0.8513
1341848037.1947 2.5569 -0.9457 2.0072 -0.0496 -0.4896 -0.1887 0.8499
1341848037.2270 2.5606 -0.9404 1.9976 -0.0467 -0.4919 -0.1852 0.8495
1341848037.2637 2.5577 -0.9372 1.9830 -0.0441 -0.4940 -0.1824 0.8490
1341848037.2952 2.5605 -0.9319 1.9737 -0.0387 -0.4982 -0.1816 0.8469
1341848037.3269 2.5633 -0.9261 1.9657 -0.0376 -0.4984 -0.1816 0.8469
1341848037.3627 2.5581 -0.9235 1.9542 -0.0373 -0.4979 -0.1813 0.8473
1341848037.3951 2.5565 -0.9193 1.9450 -0.0335 -0.4991 -0.1823 0.8465
1341848037.4309 2.5564 -0.9143 1.9363 -0.0308 -0.4989 -0.1831 0.8466
1341848037.4628 2.5549 -0.9107 1.9237 -0.0299 -0.4983 -0.1833 0.8469
1341848037.5307 2.5518 -0.8999 1.9078 -0.0272 -0.4990 -0.1844 0.8463
1341848037.5630 2.5469 -0.8961 1.8979 -0.0270 -0.4971 -0.1863 0.8470
1341848037.5958 2.5439 -0.8920 1.8887 -0.0259 -0.4969 -0.1867 0.8471
1341848037.6308 2.5420 -0.8861 1.8828 -0.0255 -0.4955 -0.1877 0.8477
1341848037.6627 2.5363 -0.8829 1.8757 -0.0251 -0.4927 -0.1893 0.8490
1341848037.6987 2.5315 -0.8787 1.8675 -0.0235 -0.4908 -0.1901 0.8499
1341848037.7310 2.5280 -0.8737 1.8609 -0.0228 -0.4886 -0.1894 0.8514
1341848037.7698 2.5248 -0.8685 1.8520 -0.0233 -0.4860 -0.1886 0.8531
1341848037.8378 2.5146 -0.8597 1.8385 -0.0218 -0.4827 -0.1856 0.8556
1341848037.8989 2.5052 -0.8477 1.8253 -0.0291 -0.4766 -0.1822 0.8596
1341848037.9309 2.5010 -0.8424 1.8187 -0.0311 -0.4723 -0.1814 0.8620
1341848037.9669 2.4972 -0.8367 1.8098 -0.0339 -0.4682 -0.1815 0.8641
1341848037.9986 2.4905 -0.8322 1.8026 -0.0363 -0.4654 -0.1812 0.8656
1341848038.0309 2.4871 -0.8269 1.7967 -0.0374 -0.4627 -0.1812 0.8670
1341848038.0668 2.4838 -0.8210 1.7907 -0.0398 -0.4585 -0.1815 0.8691
1341848038.0987 2.4781 -0.8161 1.7830 -0.0429 -0.4543 -0.1809 0.8712
1341848038.1347 2.4725 -0.8122 1.7763 -0.0442 -0.4517 -0.1809 0.8725
1341848038.1667 2.4687 -0.8070 1.7710 -0.0444 -0.4487 -0.1821 0.8738
1341848038.1987 2.4639 -0.8025 1.7636 -0.0460 -0.4452 -0.1814 0.8757
1341848038.2347 2.4572 -0.7997 1.7575 -0.0473 -0.4439 -0.1798 0.8766
1341848038.2741 2.4550 -0.7957 1.7514 -0.0462 -0.4422 -0.1797 0.8775
1341848038.3065 2.4509 -0.7915 1.7431 -0.0461 -0.4397 -0.1806 0.8786
1341848038.3419 2.4433 -0.7885 1.7383 -0.0465 -0.4379 -0.1799 0.8796
1341848038.3741 2.4415 -0.7856 1.7309 -0.0445 -0.4356 -0.1806 0.8807
1341848038.4098 2.4357 -0.7818 1.7216 -0.0430 -0.4332 -0.1821 0.8817
1341848038.4418 2.4325 -0.7799 1.7139 -0.0428 -0.4329 -0.1802 0.8822
1341848038.4739 2.4305 -0.7765 1.7068 -0.0432 -0.4314 -0.1794 0.8831
1341848038.5102 2.4216 -0.7744 1.7016 -0.0424 -0.4295 -0.1799 0.8840
1341848038.5669 2.4172 -0.7683 1.6836 -0.0356 -0.4278 -0.1774 0.8856
1341848038.6030 2.4122 -0.7641 1.6729 -0.0340 -0.4265 -0.1781 0.8861
1341848038.6347 2.4107 -0.7607 1.6632 -0.0326 -0.4273 -0.1773 0.8860
1341848038.6707 2.4117 -0.7557 1.6534 -0.0321 -0.4267 -0.1775 0.8862
1341848038.7029 2.4036 -0.7518 1.6467 -0.0321 -0.4261 -0.1783 0.8863
1341848038.7348 2.4025 -0.7480 1.6390 -0.0292 -0.4265 -0.1781 0.8863
1341848038.7707 2.4042 -0.7427 1.6260 -0.0279 -0.4246 -0.1779 0.8873
1341848038.8028 2.4009 -0.7370 1.6146 -0.0294 -0.4241 -0.1769 0.8877
1341848038.8388 2.3972 -0.7348 1.6104 -0.0299 -0.4246 -0.1746 0.8879
1341848038.8711 2.4008 -0.7290 1.6011 -0.0278 -0.4222 -0.1738 0.8892
1341848038.9028 2.3995 -0.7223 1.5884 -0.0289 -0.4190 -0.1725 0.8910
1341848038.9388 2.3974 -0.7190 1.5806 -0.0309 -0.4188 -0.1689 0.8917
1341848038.9708 2.4022 -0.7125 1.5720 -0.0312 -0.4162 -0.1671 0.8932
1341848039.0026 2.3997 -0.7063 1.5636 -0.0325 -0.4115 -0.1677 0.8952
1341848039.0389 2.3956 -0.7040 1.5559 -0.0324 -0.4092 -0.1652 0.8968
1341848039.0708 2.4005 -0.6968 1.5430 -0.0317 -0.4068 -0.1630 0.8983
1341848039.1068 2.3967 -0.6924 1.5353 -0.0328 -0.4049 -0.1621 0.8993
1341848039.1387 2.3972 -0.6890 1.5278 -0.0326 -0.4041 -0.1594 0.9001
1341848039.1707 2.4014 -0.6829 1.5167 -0.0330 -0.4015 -0.1582 0.9015
1341848039.2068 2.3970 -0.6796 1.5106 -0.0338 -0.4000 -0.1573 0.9023
1341848039.2389 2.3979 -0.6764 1.5018 -0.0322 -0.3995 -0.1556 0.9028
1341848039.2710 2.4024 -0.6706 1.4910 -0.0316 -0.3975 -0.1554 0.9038
1341848039.3067 2.3990 -0.6666 1.4845 -0.0330 -0.3961 -0.1541 0.9046
1341848039.3389 2.4000 -0.6632 1.4767 -0.0328 -0.3957 -0.1523 0.9051
1341848039.3748 2.4017 -0.6582 1.4691 -0.0323 -0.3944 -0.1530 0.9055
1341848039.4069 2.4002 -0.6545 1.4636 -0.0326 -0.3924 -0.1534 0.9063
1341848039.4389 2.3994 -0.6499 1.4555 -0.0327 -0.3909 -0.1534 0.9070
1341848039.4749 2.3985 -0.6457 1.4506 -0.0333 -0.3893 -0.1542 0.9075
1341848039.5071 2.3933 -0.6425 1.4463 -0.0334 -0.3868 -0.1549 0.9084
1341848039.5387 2.3910 -0.6396 1.4386 -0.0321 -0.3847 -0.1552 0.9093
1341848039.5749 2.3877 -0.6347 1.4283 -0.0316 -0.3835 -0.1556 0.9098
1341848039.6067 2.3847 -0.6317 1.4252 -0.0314 -0.3834 -0.1555 0.9098
1341848039.6427 2.3813 -0.6284 1.4204 -0.0299 -0.3808 -0.1564 0.9108
1341848039.6748 2.3766 -0.6246 1.4100 -0.0278 -0.3791 -0.1574 0.9115
1341848039.7072 2.3752 -0.6194 1.4029 -0.0275 -0.3793 -0.1567 0.9115
1341848039.7429 2.3712 -0.6164 1.4001 -0.0277 -0.3778 -0.1575 0.9120
1341848039.7753 2.3645 -0.6131 1.3951 -0.0260 -0.3752 -0.1587 0.9129
1341848039.8069 2.3602 -0.6081 1.3875 -0.0235 -0.3741 -0.1588 0.9134
1341848039.8433 2.3579 -0.6036 1.3815 -0.0230 -0.3722 -0.1587 0.9142
1341848039.8818 2.3495 -0.6006 1.3777 -0.0228 -0.3700 -0.1580 0.9152
1341848039.9434 2.3430 -0.5907 1.3603 -0.0220 -0.3667 -0.1538 0.9173
1341848039.9748 2.3335 -0.5865 1.3563 -0.0242 -0.3653 -0.1517 0.9181
1341848040.0107 2.3273 -0.5841 1.3507 -0.0239 -0.3649 -0.1492 0.9187
1341848040.0428 2.3258 -0.5775 1.3418 -0.0244 -0.3628 -0.1480 0.9197
1341848040.0787 2.3186 -0.5726 1.3368 -0.0274 -0.3604 -0.1460 0.9209
1341848040.1108 2.3122 -0.5674 1.3323 -0.0300 -0.3576 -0.1442 0.9222
1341848040.1427 2.3060 -0.5644 1.3251 -0.0316 -0.3533 -0.1437 0.9239
1341848040.1788 2.3007 -0.5579 1.3142 -0.0327 -0.3498 -0.1440 0.9251
1341848040.2110 2.2949 -0.5536 1.3091 -0.0363 -0.3474 -0.1422 0.9261
1341848040.2427 2.2891 -0.5509 1.3045 -0.0394 -0.3440 -0.1411 0.9275
1341848040.2789 2.2786 -0.5502 1.3017 -0.0404 -0.3405 -0.1408 0.9288
1341848040.3107 2.2748 -0.5472 1.2936 -0.0395 -0.3387 -0.1377 0.9299
1341848040.3469 2.2725 -0.5432 1.2825 -0.0420 -0.3363 -0.1346 0.9312
1341848040.3788 2.2627 -0.5426 1.2841 -0.0447 -0.3346 -0.1323 0.9320
1341848040.4109 2.2564 -0.5428 1.2797 -0.0434 -0.3332 -0.1288 0.9330
1341848040.4467 2.2534 -0.5396 1.2675 -0.0425 -0.3313 -0.1255 0.9342
1341848040.4787 2.2474 -0.5391 1.2632 -0.0434 -0.3306 -0.1221 0.9348
1341848040.5178 2.2416 -0.5393 1.2585 -0.0421 -0.3299 -0.1206 0.9353
1341848040.5789 2.2341 -0.5343 1.2384 -0.0401 -0.3271 -0.1194 0.9366
1341848040.6149 2.2272 -0.5345 1.2352 -0.0411 -0.3259 -0.1179 0.9371
1341848040.6468 2.2243 -0.5341 1.2309 -0.0395 -0.3241 -0.1179 0.9378
1341848040.6790 2.2175 -0.5347 1.2298 -0.0387 -0.3198 -0.1169 0.9394
1341848040.7147 2.2148 -0.5367 1.2289 -0.0354 -0.3145 -0.1149 0.9416
1341848040.7468 2.2072 -0.5348 1.2221 -0.0307 -0.3066 -0.1138 0.9445
1341848040.7788 2.2059 -0.5326 1.2144 -0.0267 -0.3016 -0.1127 0.9464
1341848040.8147 2.2027 -0.5306 1.2083 -0.0258 -0.2946 -0.1112 0.9488
1341848040.8469 2.1940 -0.5284 1.2032 -0.0244 -0.2895 -0.1099 0.9505
1341848040.8828 2.1908 -0.5269 1.1997 -0.0219 -0.2852 -0.1086 0.9521
1341848040.9147 2.1858 -0.5224 1.1910 -0.0213 -0.2792 -0.1062 0.9541
1341848040.9469 2.1786 -0.5213 1.1901 -0.0217 -0.2760 -0.1030 0.9554
1341848040.9845 2.1787 -0.5176 1.1830 -0.0211 -0.2712 -0.1001 0.9571
1341848041.0226 2.1704 -0.5110 1.1762 -0.0231 -0.2664 -0.0963 0.9588
1341848041.0589 2.1641 -0.5103 1.1774 -0.0251 -0.2652 -0.0909 0.9596
1341848041.0943 2.1684 -0.5057 1.1698 -0.0262 -0.2609 -0.0873 0.9611
1341848041.1222 2.1628 -0.4989 1.1659 -0.0296 -0.2555 -0.0846 0.9626
1341848041.1900 2.1542 -0.4929 1.1588 -0.0365 -0.2490 -0.0741 0.9650
1341848041.2507 2.1435 -0.4851 1.1516 -0.0404 -0.2435 -0.0698 0.9665
1341848041.2831 2.1399 -0.4798 1.1480 -0.0437 -0.2406 -0.0686 0.9672
1341848041.3193 2.1263 -0.4789 1.1513 -0.0460 -0.2380 -0.0670 0.9678
1341848041.3555 2.1245 -0.4769 1.1451 -0.0450 -0.2354 -0.0659 0.9686
1341848041.3849 2.1174 -0.4718 1.1436 -0.0451 -0.2317 -0.0671 0.9694
1341848041.4188 2.1075 -0.4709 1.1457 -0.0457 -0.2274 -0.0644 0.9706
1341848041.4508 2.1082 -0.4659 1.1354 -0.0463 -0.2241 -0.0622 0.9715
1341848041.4828 2.0998 -0.4630 1.1369 -0.0495 -0.2208 -0.0633 0.9720
1341848041.5188 2.0885 -0.4638 1.1425 -0.0518 -0.2162 -0.0618 0.9730
1341848041.5507 2.0840 -0.4626 1.1382 -0.0514 -0.2109 -0.0621 0.9742
1341848041.5868 2.0732 -0.4586 1.1380 -0.0512 -0.2064 -0.0631 0.9751
1341848041.6187 2.0628 -0.4573 1.1383 -0.0509 -0.2028 -0.0621 0.9759
1341848041.6510 2.0545 -0.4540 1.1340 -0.0504 -0.1997 -0.0615 0.9766
1341848041.6868 2.0405 -0.4528 1.1371 -0.0499 -0.1974 -0.0601 0.9772
1341848041.7188 2.0331 -0.4503 1.1324 -0.0488 -0.1948 -0.0576 0.9779
1341848041.7508 2.0194 -0.4482 1.1314 -0.0491 -0.1922 -0.0542 0.9786
1341848041.7867 2.0089 -0.4483 1.1307 -0.0486 -0.1911 -0.0509 0.9791
1341848041.8187 1.9999 -0.4472 1.1293 -0.0481 -0.1914 -0.0469 0.9792
1341848041.8547 1.9899 -0.4454 1.1233 -0.0478 -0.1906 -0.0443 0.9795
1341848041.8867 1.9769 -0.4465 1.1272 -0.0490 -0.1890 -0.0415 0.9799
1341848041.9187 1.9606 -0.4489 1.1279 -0.0473 -0.1868 -0.0381 0.9805
1341848041.9950 1.9450 -0.4456 1.1156 -0.0476 -0.1832 -0.0317 0.9814
1341848042.0189 1.9294 -0.4522 1.1258 -0.0497 -0.1817 -0.0272 0.9817
1341848042.0546 1.9254 -0.4533 1.1205 -0.0473 -0.1805 -0.0259 0.9821
1341848042.0895 1.9169 -0.4500 1.1177 -0.0485 -0.1778 -0.0243 0.9826
1341848042.1229 1.9001 -0.4551 1.1235 -0.0509 -0.1755 -0.0202 0.9830
1341848042.1548 1.8955 -0.4565 1.1197 -0.0495 -0.1738 -0.0195 0.9833
1341848042.1867 1.8866 -0.4564 1.1209 -0.0496 -0.1706 -0.0207 0.9839
1341848042.2229 1.8734 -0.4566 1.1217 -0.0505 -0.1666 -0.0179 0.9846
1341848042.2548 1.8688 -0.4580 1.1201 -0.0505 -0.1646 -0.0179 0.9849
1341848042.2907 1.8594 -0.4581 1.1202 -0.0512 -0.1595 -0.0203 0.9857
1341848042.3228 1.8448 -0.4603 1.1195 -0.0523 -0.1546 -0.0190 0.9864
1341848042.3550 1.8390 -0.4626 1.1139 -0.0549 -0.1525 -0.0157 0.9867
1341848042.3907 1.8268 -0.4633 1.1138 -0.0579 -0.1487 -0.0151 0.9871
1341848042.4297 1.8134 -0.4669 1.1175 -0.0596 -0.1439 -0.0133 0.9877
1341848042.4909 1.7974 -0.4604 1.1066 -0.0620 -0.1352 -0.0078 0.9888
1341848042.5227 1.7785 -0.4664 1.1159 -0.0655 -0.1293 -0.0063 0.9894
1341848042.5587 1.7708 -0.4562 1.1097 -0.0622 -0.1240 -0.0023 0.9903
1341848042.5908 1.7636 -0.4529 1.1095 -0.0636 -0.1200 0.0001 0.9907
1341848042.6227 1.7482 -0.4547 1.1200 -0.0644 -0.1157 0.0039 0.9912
1341848042.6587 1.7454 -0.4504 1.1128 -0.0606 -0.1129 0.0072 0.9917
1341848042.6978 1.7358 -0.4465 1.1090 -0.0604 -0.1073 0.0102 0.9923
1341848042.7298 1.7269 -0.4453 1.1117 -0.0610 -0.1034 0.0170 0.9926
1341848042.7616 1.7247 -0.4439 1.1044 -0.0616 -0.1004 0.0218 0.9928
1341848042.7980 1.7161 -0.4418 1.1031 -0.0628 -0.0947 0.0234 0.9933
1341848042.8297 1.7067 -0.4398 1.1041 -0.0636 -0.0884 0.0255 0.9937
1341848042.8617 1.7037 -0.4377 1.1016 -0.0647 -0.0839 0.0292 0.9939
1341848042.8978 1.6941 -0.4352 1.0983 -0.0658 -0.0785 0.0313 0.9942
1341848042.9299 1.6808 -0.4322 1.1052 -0.0651 -0.0741 0.0324 0.9946
1341848042.9657 1.6737 -0.4308 1.0996 -0.0631 -0.0693 0.0347 0.9950
1341848042.9980 1.6722 -0.4272 1.0958 -0.0629 -0.0676 0.0383 0.9950
1341848043.0303 1.6669 -0.4276 1.0936 -0.0646 -0.0652 0.0419 0.9949
1341848043.0657 1.6598 -0.4263 1.0946 -0.0654 -0.0616 0.0433 0.9950
1341848043.0979 1.6495 -0.4245 1.0961 -0.0662 -0.0575 0.0440 0.9952
1341848043.1340 1.6389 -0.4241 1.0958 -0.0666 -0.0536 0.0455 0.9953
1341848043.1658 1.6341 -0.4215 1.0906 -0.0674 -0.0504 0.0474 0.9953
1341848043.2019 1.6191 -0.4225 1.0986 -0.0678 -0.0471 0.0462 0.9955
1341848043.2339 1.6062 -0.4223 1.1016 -0.0654 -0.0433 0.0472 0.9958
1341848043.2657 1.6063 -0.4204 1.0961 -0.0648 -0.0417 0.0506 0.9957
1341848043.3018 1.5950 -0.4212 1.1020 -0.0650 -0.0389 0.0510 0.9958
1341848043.3340 1.5839 -0.4211 1.1058 -0.0631 -0.0352 0.0518 0.9960
1341848043.3698 1.5776 -0.4218 1.1031 -0.0628 -0.0330 0.0533 0.9961
1341848043.4017 1.5639 -0.4222 1.1094 -0.0624 -0.0316 0.0541 0.9961
1341848043.4339 1.5475 -0.4212 1.1067 -0.0609 -0.0276 0.0551 0.9962
1341848043.4696 1.5342 -0.4219 1.1074 -0.0609 -0.0232 0.0559 0.9963
1341848043.5017 1.5148 -0.4239 1.1114 -0.0614 -0.0180 0.0600 0.9961
1341848043.5378 1.4931 -0.4271 1.1054 -0.0598 -0.0135 0.0612 0.9962
1341848043.5697 1.4873 -0.4267 1.1054 -0.0600 -0.0121 0.0643 0.9961
1341848043.6018 1.4736 -0.4266 1.1089 -0.0608 -0.0101 0.0665 0.9959
1341848043.6378 1.4650 -0.4270 1.1126 -0.0623 -0.0097 0.0682 0.9957
1341848043.6701 1.4546 -0.4304 1.1188 -0.0642 -0.0078 0.0697 0.9955
1341848043.7020 1.4425 -0.4324 1.1237 -0.0646 -0.0054 0.0700 0.9954
1341848043.7378 1.4331 -0.4320 1.1261 -0.0647 -0.0042 0.0715 0.9953
1341848043.7698 1.4243 -0.4330 1.1319 -0.0677 -0.0023 0.0747 0.9949
1341848043.8058 1.4117 -0.4398 1.1408 -0.0705 0.0006 0.0766 0.9946
1341848043.8379 1.4022 -0.4446 1.1484 -0.0692 0.0024 0.0765 0.9947
1341848043.8697 1.3959 -0.4430 1.1469 -0.0669 0.0044 0.0772 0.9948
1341848043.9057 1.3810 -0.4441 1.1532 -0.0685 0.0069 0.0788 0.9945
1341848043.9380 1.3743 -0.4480 1.1603 -0.0685 0.0062 0.0794 0.9945
1341848043.9698 1.3710 -0.4489 1.1595 -0.0685 0.0074 0.0779 0.9946
1341848044.0059 1.3568 -0.4509 1.1669 -0.0700 0.0111 0.0768 0.9945
1341848044.0377 1.3442 -0.4567 1.1752 -0.0695 0.0123 0.0775 0.9945
1341848044.0738 1.3428 -0.4548 1.1691 -0.0677 0.0118 0.0779 0.9946
1341848044.1058 1.3281 -0.4554 1.1756 -0.0702 0.0139 0.0782 0.9944
1341848044.1377 1.3209 -0.4598 1.1832 -0.0706 0.0129 0.0802 0.9942
1341848044.1738 1.3187 -0.4601 1.1818 -0.0707 0.0131 0.0804 0.9942
1341848044.2057 1.3098 -0.4625 1.1890 -0.0719 0.0162 0.0800 0.9941
1341848044.2378 1.2991 -0.4634 1.1932 -0.0713 0.0186 0.0813 0.9940
1341848044.2738 1.2957 -0.4632 1.1939 -0.0714 0.0192 0.0822 0.9939
1341848044.3057 1.2875 -0.4651 1.1992 -0.0730 0.0218 0.0829 0.9936
1341848044.3378 1.2799 -0.4665 1.2045 -0.0729 0.0239 0.0836 0.9935
1341848044.3737 1.2740 -0.4656 1.2062 -0.0726 0.0258 0.0862 0.9933
1341848044.4059 1.2684 -0.4664 1.2109 -0.0741 0.0283 0.0884 0.9929
1341848044.4417 1.2621 -0.4688 1.2164 -0.0752 0.0322 0.0919 0.9924
1341848044.4737 1.2576 -0.4687 1.2206 -0.0752 0.0354 0.0952 0.9920
1341848044.5057 1.2535 -0.4706 1.2241 -0.0764 0.0399 0.0989 0.9914
1341848044.5419 1.2470 -0.4721 1.2295 -0.0771 0.0455 0.1025 0.9907
1341848044.5738 1.2401 -0.4728 1.2349 -0.0769 0.0505 0.1060 0.9901
1341848044.6058 1.2345 -0.4729 1.2389 -0.0763 0.0551 0.1101 0.9895
1341848044.6417 1.2273 -0.4723 1.2419 -0.0768 0.0603 0.1155 0.9885
1341848044.7060 1.2141 -0.4762 1.2526 -0.0765 0.0678 0.1233 0.9871
1341848044.7710 1.1982 -0.4786 1.2611 -0.0738 0.0762 0.1301 0.9858
1341848044.8028 1.1939 -0.4760 1.2590 -0.0716 0.0778 0.1314 0.9857
1341848044.8349 1.1840 -0.4776 1.2666 -0.0725 0.0821 0.1335 0.9850
1341848044.8707 1.1736 -0.4801 1.2717 -0.0704 0.0854 0.1376 0.9843
1341848044.9027 1.1663 -0.4785 1.2705 -0.0676 0.0860 0.1406 0.9840
1341848044.9708 1.1482 -0.4800 1.2760 -0.0669 0.0888 0.1472 0.9828
1341848045.0026 1.1425 -0.4762 1.2748 -0.0660 0.0871 0.1494 0.9827
1341848045.0387 1.1356 -0.4754 1.2778 -0.0688 0.0874 0.1505 0.9823
1341848045.0708 1.1295 -0.4796 1.2858 -0.0719 0.0882 0.1508 0.9820
1341848045.1028 1.1255 -0.4791 1.2870 -0.0720 0.0895 0.1506 0.9819
1341848045.1388 1.1155 -0.4808 1.2922 -0.0747 0.0931 0.1505 0.9814
1341848045.1708 1.1066 -0.4850 1.3028 -0.0760 0.0947 0.1514 0.9810
1341848045.2027 1.1038 -0.4850 1.3033 -0.0748 0.0945 0.1506 0.9812
1341848045.2389 1.0951 -0.4886 1.3105 -0.0763 0.0975 0.1486 0.9811
1341848045.2708 1.0862 -0.4901 1.3175 -0.0750 0.0991 0.1496 0.9809
1341848045.3068 1.0801 -0.4897 1.3185 -0.0747 0.0990 0.1498 0.9809
1341848045.3387 1.0746 -0.4931 1.3269 -0.0770 0.1000 0.1477 0.9809
1341848045.3708 1.0648 -0.4975 1.3361 -0.0769 0.1027 0.1470 0.9808
1341848045.4067 1.0555 -0.4974 1.3376 -0.0761 0.1029 0.1469 0.9808
1341848045.4387 1.0463 -0.4976 1.3456 -0.0781 0.1021 0.1467 0.9808
1341848045.4747 1.0412 -0.5034 1.3562 -0.0805 0.1002 0.1460 0.9809
1341848045.5389 1.0275 -0.5123 1.3719 -0.0813 0.1013 0.1431 0.9812
1341848045.6069 1.0137 -0.5129 1.3831 -0.0789 0.0982 0.1432 0.9817
1341848045.6459 1.0082 -0.5143 1.3906 -0.0799 0.0967 0.1426 0.9818
1341848045.7070 0.9921 -0.5217 1.4092 -0.0809 0.0952 0.1390 0.9824
1341848045.7431 0.9881 -0.5204 1.4124 -0.0802 0.0927 0.1380 0.9828
1341848045.7748 0.9798 -0.5243 1.4224 -0.0830 0.0926 0.1364 0.9828
1341848045.8076 0.9716 -0.5291 1.4350 -0.0833 0.0909 0.1351 0.9831
1341848045.8429 0.9687 -0.5271 1.4380 -0.0806 0.0871 0.1335 0.9839
1341848045.8748 0.9617 -0.5272 1.4421 -0.0825 0.0866 0.1311 0.9841
1341848045.9068 0.9505 -0.5341 1.4576 -0.0864 0.0871 0.1306 0.9838
1341848045.9428 0.9439 -0.5350 1.4646 -0.0833 0.0819 0.1291 0.9847
1341848045.9748 0.9414 -0.5323 1.4664 -0.0817 0.0770 0.1253 0.9857
1341848046.0108 0.9308 -0.5353 1.4759 -0.0833 0.0768 0.1222 0.9860
1341848046.0428 0.9251 -0.5355 1.4823 -0.0819 0.0714 0.1205 0.9867
1341848046.0747 0.9208 -0.5307 1.4844 -0.0798 0.0654 0.1172 0.9877
1341848046.1108 0.9151 -0.5298 1.4911 -0.0822 0.0637 0.1137 0.9881
1341848046.1428 0.9080 -0.5347 1.5001 -0.0838 0.0624 0.1111 0.9883
1341848046.1818 0.9024 -0.5294 1.4997 -0.0798 0.0589 0.1065 0.9893
1341848046.2197 0.8930 -0.5273 1.5006 -0.0820 0.0586 0.1030 0.9896
1341848046.2497 0.8839 -0.5314 1.5075 -0.0857 0.0566 0.1006 0.9896
1341848046.2836 0.8786 -0.5276 1.5090 -0.0842 0.0525 0.0972 0.9903
1341848046.3177 0.8728 -0.5259 1.5117 -0.0852 0.0504 0.0932 0.9907
1341848046.3497 0.8624 -0.5274 1.5151 -0.0870 0.0506 0.0911 0.9907
1341848046.3823 0.8571 -0.5239 1.5169 -0.0858 0.0467 0.0890 0.9912
1341848046.4178 0.8528 -0.5180 1.5157 -0.0857 0.0444 0.0859 0.9916
1341848046.4498 0.8418 -0.5214 1.5196 -0.0902 0.0464 0.0845 0.9912
1341848046.4858 0.8354 -0.5181 1.5198 -0.0894 0.0435 0.0824 0.9916
1341848046.5178 0.8294 -0.5139 1.5195 -0.0904 0.0417 0.0794 0.9919
1341848046.5497 0.8192 -0.5178 1.5201 -0.0938 0.0421 0.0775 0.9917
1341848046.5861 0.8131 -0.5164 1.5188 -0.0922 0.0380 0.0762 0.9921
1341848046.6178 0.8064 -0.5082 1.5151 -0.0890 0.0360 0.0733 0.9927
1341848046.6537 0.7950 -0.5133 1.5133 -0.0924 0.0366 0.0732 0.9924
1341848046.7149 0.7813 -0.5026 1.5059 -0.0865 0.0290 0.0719 0.9932
1341848046.7469 0.7731 -0.5023 1.5031 -0.0870 0.0284 0.0713 0.9932
1341848046.7787 0.7657 -0.5018 1.4992 -0.0860 0.0265 0.0708 0.9934
1341848046.8147 0.7595 -0.4929 1.4938 -0.0823 0.0243 0.0690 0.9939
1341848046.8469 0.7519 -0.4913 1.4903 -0.0838 0.0249 0.0685 0.9938
1341848046.8788 0.7441 -0.4892 1.4861 -0.0834 0.0250 0.0684 0.9939
1341848046.9151 0.7378 -0.4856 1.4812 -0.0833 0.0243 0.0682 0.9939
1341848046.9469 0.7306 -0.4839 1.4769 -0.0839 0.0241 0.0685 0.9938
1341848046.9828 0.7235 -0.4792 1.4717 -0.0828 0.0234 0.0682 0.9940
1341848047.0151 0.7162 -0.4743 1.4668 -0.0833 0.0232 0.0677 0.9939
1341848047.0479 0.7083 -0.4744 1.4639 -0.0854 0.0232 0.0675 0.9938
1341848047.0899 0.7010 -0.4672 1.4580 -0.0833 0.0219 0.0662 0.9941
1341848047.1476 0.6848 -0.4620 1.4501 -0.0873 0.0215 0.0654 0.9938
1341848047.2149 0.6673 -0.4540 1.4396 -0.0861 0.0201 0.0616 0.9942
1341848047.2507 0.6574 -0.4537 1.4347 -0.0886 0.0187 0.0616 0.9940
1341848047.2828 0.6521 -0.4522 1.4304 -0.0895 0.0146 0.0613 0.9940
1341848047.3148 0.6453 -0.4504 1.4256 -0.0894 0.0129 0.0590 0.9942
1341848047.3506 0.6329 -0.4484 1.4197 -0.0889 0.0128 0.0576 0.9943
1341848047.3830 0.6233 -0.4475 1.4142 -0.0888 0.0092 0.0579 0.9943
1341848047.4148 0.6176 -0.4454 1.4093 -0.0881 0.0052 0.0561 0.9945
1341848047.4508 0.6087 -0.4452 1.4039 -0.0867 0.0034 0.0543 0.9947
1341848047.4826 0.5988 -0.4389 1.3974 -0.0838 0.0015 0.0535 0.9950
1341848047.5187 0.5907 -0.4376 1.3931 -0.0848 -0.0011 0.0522 0.9950
1341848047.5508 0.5831 -0.4401 1.3894 -0.0859 -0.0035 0.0513 0.9950
1341848047.5830 0.5782 -0.4372 1.3849 -0.0841 -0.0066 0.0499 0.9952
1341848047.6190 0.5708 -0.4362 1.3814 -0.0843 -0.0065 0.0483 0.9952
1341848047.6508 0.5569 -0.4416 1.3773 -0.0854 -0.0056 0.0481 0.9952
1341848047.6897 0.5532 -0.4346 1.3731 -0.0813 -0.0108 0.0477 0.9955
1341848047.7508 0.5384 -0.4336 1.3677 -0.0831 -0.0111 0.0465 0.9954
1341848047.7867 0.5272 -0.4339 1.3650 -0.0837 -0.0104 0.0460 0.9954
1341848047.8188 0.5228 -0.4313 1.3625 -0.0829 -0.0131 0.0449 0.9955
1341848047.8508 0.5164 -0.4306 1.3608 -0.0839 -0.0120 0.0432 0.9955
1341848047.8869 0.5051 -0.4345 1.3591 -0.0850 -0.0097 0.0425 0.9954
1341848047.9189 0.4959 -0.4315 1.3563 -0.0825 -0.0099 0.0428 0.9956
1341848047.9547 0.4905 -0.4289 1.3536 -0.0821 -0.0110 0.0425 0.9957
1341848047.9868 0.4813 -0.4341 1.3534 -0.0845 -0.0086 0.0422 0.9955
1341848048.0189 0.4689 -0.4336 1.3496 -0.0819 -0.0077 0.0419 0.9957
1341848048.0549 0.4658 -0.4283 1.3472 -0.0797 -0.0104 0.0421 0.9959
1341848048.0868 0.4573 -0.4291 1.3457 -0.0811 -0.0080 0.0417 0.9958
1341848048.1188 0.4451 -0.4319 1.3442 -0.0818 -0.0056 0.0420 0.9957
1341848048.1547 0.4409 -0.4282 1.3420 -0.0796 -0.0069 0.0437 0.9958
1341848048.1867 0.4344 -0.4287 1.3404 -0.0801 -0.0044 0.0436 0.9958
1341848048.2230 0.4202 -0.4351 1.3393 -0.0814 -0.0004 0.0442 0.9957
1341848048.2550 0.4176 -0.4337 1.3373 -0.0774 -0.0018 0.0473 0.9959
1341848048.2866 0.4116 -0.4289 1.3336 -0.0748 0.0004 0.0461 0.9961
1341848048.3228 0.3985 -0.4320 1.3321 -0.0766 0.0049 0.0463 0.9960
1341848048.3547 0.3933 -0.4343 1.3297 -0.0758 0.0055 0.0481 0.9959
1341848048.3867 0.3867 -0.4332 1.3262 -0.0741 0.0073 0.0454 0.9962
1341848048.4226 0.3762 -0.4368 1.3243 -0.0736 0.0105 0.0445 0.9962
1341848048.4549 0.3689 -0.4335 1.3197 -0.0691 0.0116 0.0452 0.9965
1341848048.4907 0.3610 -0.4315 1.3156 -0.0685 0.0127 0.0453 0.9965
1341848048.5228 0.3521 -0.4375 1.3159 -0.0697 0.0141 0.0462 0.9964
1341848048.5550 0.3458 -0.4392 1.3131 -0.0664 0.0148 0.0465 0.9966
1341848048.5906 0.3375 -0.4362 1.3082 -0.0622 0.0153 0.0464 0.9969
1341848048.6227 0.3321 -0.4379 1.3070 -0.0610 0.0147 0.0479 0.9969
1341848048.6587 0.3259 -0.4421 1.3044 -0.0588 0.0158 0.0491 0.9969
1341848048.6908 0.3199 -0.4378 1.2990 -0.0537 0.0154 0.0491 0.9972
1341848048.7227 0.3141 -0.4391 1.2974 -0.0525 0.0155 0.0508 0.9972
1341848048.7588 0.3095 -0.4408 1.2950 -0.0501 0.0157 0.0519 0.9973
1341848048.7912 0.3036 -0.4396 1.2915 -0.0472 0.0162 0.0516 0.9974
1341848048.8227 0.2941 -0.4447 1.2900 -0.0464 0.0177 0.0515 0.9974
1341848048.8587 0.2905 -0.4427 1.2858 -0.0422 0.0159 0.0501 0.9977
1341848048.8910 0.2829 -0.4462 1.2836 -0.0409 0.0167 0.0481 0.9979
1341848048.9268 0.2734 -0.4477 1.2799 -0.0376 0.0166 0.0457 0.9981
1341848048.9590 0.2665 -0.4469 1.2755 -0.0340 0.0148 0.0442 0.9983
1341848048.9908 0.2591 -0.4510 1.2727 -0.0321 0.0138 0.0436 0.9984
1341848049.0267 0.2552 -0.4543 1.2701 -0.0286 0.0119 0.0410 0.9987
1341848049.0588 0.2491 -0.4507 1.2637 -0.0222 0.0117 0.0378 0.9990
1341848049.0907 0.2374 -0.4488 1.2580 -0.0195 0.0123 0.0374 0.9990
1341848049.1268 0.2321 -0.4504 1.2554 -0.0186 0.0094 0.0379 0.9991
1341848049.1589 0.2302 -0.4511 1.2517 -0.0168 0.0078 0.0361 0.9992
1341848049.1947 0.2198 -0.4500 1.2476 -0.0140 0.0094 0.0336 0.9993
1341848049.2267 0.2113 -0.4450 1.2407 -0.0114 0.0084 0.0332 0.9993
1341848049.2588 0.2057 -0.4456 1.2385 -0.0124 0.0067 0.0330 0.9994
1341848049.2947 0.2011 -0.4457 1.2349 -0.0112 0.0067 0.0310 0.9994
1341848049.3268 0.1916 -0.4422 1.2290 -0.0091 0.0085 0.0303 0.9995
1341848049.3588 0.1834 -0.4388 1.2230 -0.0086 0.0083 0.0320 0.9994
1341848049.3948 0.1753 -0.4447 1.2207 -0.0109 0.0086 0.0335 0.9993
1341848049.4268 0.1718 -0.4396 1.2148 -0.0067 0.0084 0.0339 0.9994
1341848049.4627 0.1644 -0.4339 1.2082 -0.0050 0.0104 0.0359 0.9993
1341848049.4947 0.1510 -0.4414 1.2046 -0.0074 0.0130 0.0388 0.9991
1341848049.5268 0.1523 -0.4314 1.1974 -0.0024 0.0102 0.0403 0.9991
1341848049.5628 0.1412 -0.4297 1.1915 -0.0031 0.0139 0.0412 0.9990
1341848049.5948 0.1268 -0.4296 1.1865 -0.0037 0.0152 0.0431 0.9989
1341848049.6268 0.1237 -0.4262 1.1809 -0.0029 0.0123 0.0447 0.9989
1341848049.6627 0.1176 -0.4210 1.1734 -0.0021 0.0128 0.0434 0.9990
1341848049.6951 0.1014 -0.4183 1.1678 -0.0030 0.0148 0.0429 0.9990
1341848049.7308 0.0911 -0.4165 1.1613 -0.0041 0.0116 0.0439 0.9990
1341848049.7627 0.0881 -0.4113 1.1548 -0.0045 0.0069 0.0418 0.9991
1341848049.7947 0.0757 -0.4100 1.1503 -0.0058 0.0083 0.0399 0.9992
1341848049.8308 0.0630 -0.4051 1.1440 -0.0052 0.0064 0.0392 0.9992
1341848049.8698 0.0595 -0.3962 1.1361 -0.0050 0.0014 0.0393 0.9992
1341848049.9308 0.0378 -0.4011 1.1295 -0.0085 0.0010 0.0346 0.9994
1341848049.9630 0.0299 -0.3906 1.1224 -0.0052 -0.0020 0.0337 0.9994
1341848049.9988 0.0230 -0.3869 1.1175 -0.0065 -0.0050 0.0335 0.9994
1341848050.0308 0.0121 -0.3906 1.1158 -0.0092 -0.0069 0.0319 0.9994
1341848050.0627 0.0087 -0.3863 1.1118 -0.0073 -0.0110 0.0297 0.9995
1341848050.0987 0.0018 -0.3803 1.1068 -0.0067 -0.0126 0.0288 0.9995
1341848050.1307 -0.0103 -0.3820 1.1052 -0.0089 -0.0148 0.0265 0.9995
1341848050.1667 -0.0089 -0.3751 1.1011 -0.0073 -0.0202 0.0240 0.9995
1341848050.1987 -0.0210 -0.3744 1.0997 -0.0093 -0.0194 0.0204 0.9996
1341848050.2308 -0.0331 -0.3725 1.0983 -0.0095 -0.0217 0.0177 0.9996
1341848050.2667 -0.0346 -0.3688 1.0947 -0.0093 -0.0267 0.0160 0.9995
1341848050.2988 -0.0428 -0.3684 1.0930 -0.0109 -0.0279 0.0115 0.9995
1341848050.3307 -0.0553 -0.3679 1.0926 -0.0110 -0.0295 0.0081 0.9995
1341848050.3667 -0.0586 -0.3613 1.0882 -0.0095 -0.0343 0.0073 0.9993
1341848050.3987 -0.0645 -0.3609 1.0857 -0.0115 -0.0377 0.0039 0.9992
1341848050.4348 -0.0762 -0.3631 1.0858 -0.0133 -0.0392 0.0012 0.9991
1341848050.4667 -0.0793 -0.3609 1.0829 -0.0126 -0.0441 -0.0012 0.9989
1341848050.4988 -0.0859 -0.3634 1.0818 -0.0134 -0.0472 -0.0060 0.9988
1341848050.5348 -0.0934 -0.3614 1.0798 -0.0119 -0.0491 -0.0089 0.9987
1341848050.5668 -0.1015 -0.3570 1.0770 -0.0102 -0.0522 -0.0105 0.9985
1341848050.5988 -0.1070 -0.3552 1.0742 -0.0108 -0.0575 -0.0123 0.9982
1341848050.6348 -0.1150 -0.3607 1.0751 -0.0130 -0.0606 -0.0160 0.9979
1341848050.6668 -0.1217 -0.3565 1.0720 -0.0098 -0.0636 -0.0186 0.9978
1341848050.7028 -0.1301 -0.3536 1.0697 -0.0088 -0.0671 -0.0204 0.9975
1341848050.7348 -0.1377 -0.3507 1.0669 -0.0080 -0.0710 -0.0203 0.9972
1341848050.7669 -0.1445 -0.3511 1.0654 -0.0093 -0.0760 -0.0215 0.9968
1341848050.8029 -0.1529 -0.3538 1.0654 -0.0099 -0.0801 -0.0243 0.9964
1341848050.8348 -0.1573 -0.3497 1.0612 -0.0077 -0.0844 -0.0262 0.9961
1341848050.8707 -0.1659 -0.3480 1.0595 -0.0084 -0.0874 -0.0287 0.9957
1341848050.9027 -0.1765 -0.3512 1.0611 -0.0095 -0.0913 -0.0318 0.9953
1341848050.9348 -0.1799 -0.3497 1.0577 -0.0075 -0.0954 -0.0347 0.9948
1341848050.9709 -0.1896 -0.3474 1.0564 -0.0065 -0.0973 -0.0379 0.9945
1341848051.0028 -0.1990 -0.3474 1.0558 -0.0057 -0.1004 -0.0395 0.9941
1341848051.0350 -0.2040 -0.3441 1.0518 -0.0039 -0.1042 -0.0399 0.9937
1341848051.0708 -0.2114 -0.3452 1.0511 -0.0041 -0.1073 -0.0424 0.9933
1341848051.1027 -0.2187 -0.3433 1.0498 -0.0020 -0.1100 -0.0438 0.9930
1341848051.1387 -0.2227 -0.3411 1.0452 -0.0004 -0.1132 -0.0451 0.9925
1341848051.1707 -0.2301 -0.3398 1.0426 -0.0003 -0.1144 -0.0452 0.9924
1341848051.2387 -0.2393 -0.3441 1.0420 0.0000 -0.1223 -0.0456 0.9914
1341848051.2708 -0.2431 -0.3463 1.0414 0.0021 -0.1250 -0.0486 0.9910
1341848051.3027 -0.2480 -0.3463 1.0396 0.0058 -0.1263 -0.0504 0.9907
1341848051.3387 -0.2531 -0.3449 1.0378 0.0098 -0.1291 -0.0509 0.9903
1341848051.3709 -0.2538 -0.3439 1.0342 0.0130 -0.1346 -0.0530 0.9894
1341848051.4067 -0.2557 -0.3436 1.0320 0.0147 -0.1365 -0.0547 0.9890
1341848051.4400 -0.2587 -0.3426 1.0311 0.0168 -0.1395 -0.0565 0.9885
1341848051.4709 -0.2594 -0.3413 1.0284 0.0188 -0.1433 -0.0590 0.9877
1341848051.5067 -0.2614 -0.3392 1.0264 0.0197 -0.1472 -0.0630 0.9869
1341848051.5389 -0.2650 -0.3423 1.0310 0.0207 -0.1523 -0.0686 0.9857
1341848051.5707 -0.2639 -0.3394 1.0273 0.0265 -0.1570 -0.0757 0.9843
1341848051.6068 -0.2687 -0.3376 1.0244 0.0286 -0.1602 -0.0820 0.9833
1341848051.6389 -0.2717 -0.3393 1.0280 0.0319 -0.1680 -0.0898 0.9812
1341848051.6747 -0.2701 -0.3334 1.0194 0.0378 -0.1723 -0.0928 0.9799
1341848051.7067 -0.2746 -0.3298 1.0150 0.0377 -0.1768 -0.0966 0.9788
1341848051.7388 -0.2761 -0.3306 1.0167 0.0381 -0.1844 -0.1013 0.9769
1341848051.7748 -0.2730 -0.3259 1.0100 0.0409 -0.1895 -0.1042 0.9755
1341848051.8067 -0.2747 -0.3245 1.0127 0.0423 -0.1929 -0.1128 0.9738
1341848051.8388 -0.2754 -0.3243 1.0131 0.0475 -0.1959 -0.1220 0.9718
1341848051.8750 -0.2693 -0.3177 1.0000 0.0515 -0.1974 -0.1258 0.9709
1341848051.9067 -0.2713 -0.3149 0.9979 0.0487 -0.1988 -0.1319 0.9699
1341848051.9427 -0.2691 -0.3157 0.9991 0.0472 -0.2035 -0.1369 0.9683
1341848051.9748 -0.2602 -0.3080 0.9909 0.0480 -0.2040 -0.1405 0.9677
1341848052.0068 -0.2600 -0.3085 0.9931 0.0438 -0.2027 -0.1443 0.9676
1341848052.0428 -0.2565 -0.3100 0.9959 0.0438 -0.2032 -0.1474 0.9670
1341848052.0749 -0.2475 -0.3035 0.9879 0.0462 -0.2012 -0.1504 0.9668
1341848052.1430 -0.2419 -0.3039 0.9895 0.0454 -0.1964 -0.1580 0.9666
1341848052.1781 -0.2321 -0.2975 0.9790 0.0468 -0.1946 -0.1618 0.9663
1341848052.2114 -0.2287 -0.2979 0.9824 0.0442 -0.1918 -0.1654 0.9664
1341848052.2429 -0.2234 -0.2964 0.9808 0.0459 -0.1904 -0.1691 0.9659
1341848052.3111 -0.2105 -0.2913 0.9722 0.0424 -0.1855 -0.1746 0.9661
1341848052.3429 -0.2042 -0.2912 0.9720 0.0433 -0.1846 -0.1777 0.9656
1341848052.3795 -0.1944 -0.2878 0.9649 0.0443 -0.1815 -0.1792 0.9659
1341848052.4123 -0.1930 -0.2862 0.9617 0.0420 -0.1777 -0.1795 0.9667
1341848052.4447 -0.1881 -0.2882 0.9640 0.0425 -0.1789 -0.1821 0.9659
1341848052.4815 -0.1769 -0.2856 0.9575 0.0450 -0.1765 -0.1827 0.9661
1341848052.5433 -0.1665 -0.2818 0.9473 0.0483 -0.1729 -0.1859 0.9660
1341848052.5792 -0.1552 -0.2769 0.9399 0.0482 -0.1708 -0.1881 0.9660
1341848052.6177 -0.1540 -0.2779 0.9416 0.0470 -0.1670 -0.1944 0.9655
1341848052.6787 -0.1341 -0.2747 0.9289 0.0513 -0.1654 -0.2028 0.9638
1341848052.7108 -0.1284 -0.2748 0.9247 0.0498 -0.1630 -0.2043 0.9640
1341848052.7468 -0.1229 -0.2744 0.9189 0.0479 -0.1632 -0.2020 0.9645
1341848052.7787 -0.1109 -0.2715 0.9129 0.0449 -0.1635 -0.2000 0.9650
1341848052.8109 -0.1066 -0.2732 0.9128 0.0414 -0.1597 -0.2011 0.9656
1341848052.8469 -0.1020 -0.2797 0.9146 0.0423 -0.1568 -0.2041 0.9654
1341848052.8788 -0.0870 -0.2729 0.9003 0.0472 -0.1527 -0.2053 0.9656
1341848052.9147 -0.0814 -0.2722 0.8943 0.0450 -0.1474 -0.2055 0.9665
1341848052.9467 -0.0780 -0.2747 0.8936 0.0441 -0.1443 -0.2044 0.9672
1341848052.9787 -0.0645 -0.2728 0.8860 0.0451 -0.1417 -0.2036 0.9677
1341848053.0148 -0.0599 -0.2740 0.8834 0.0433 -0.1351 -0.2028 0.9689
1341848053.0467 -0.0547 -0.2752 0.8792 0.0440 -0.1313 -0.2003 0.9699
1341848053.0827 -0.0411 -0.2728 0.8715 0.0446 -0.1287 -0.1987 0.9706
1341848053.1148 -0.0361 -0.2740 0.8722 0.0430 -0.1215 -0.1979 0.9717
1341848053.1470 -0.0310 -0.2756 0.8662 0.0430 -0.1158 -0.1955 0.9729
1341848053.1832 -0.0219 -0.2751 0.8573 0.0416 -0.1128 -0.1922 0.9740
1341848053.2148 -0.0178 -0.2797 0.8591 0.0392 -0.1080 -0.1905 0.9749
1341848053.2480 -0.0142 -0.2828 0.8557 0.0408 -0.1029 -0.1901 0.9755
1341848053.2898 -0.0064 -0.2852 0.8453 0.0412 -0.0995 -0.1876 0.9763
1341848053.3217 0.0010 -0.2850 0.8407 0.0411 -0.0958 -0.1835 0.9775
1341848053.3538 0.0069 -0.2857 0.8368 0.0410 -0.0914 -0.1798 0.9786
1341848053.3861 0.0131 -0.2861 0.8325 0.0414 -0.0877 -0.1767 0.9795
1341848053.4218 0.0229 -0.2843 0.8258 0.0417 -0.0836 -0.1726 0.9805
1341848053.4537 0.0284 -0.2799 0.8210 0.0408 -0.0777 -0.1674 0.9820
1341848053.4857 0.0320 -0.2781 0.8177 0.0387 -0.0746 -0.1632 0.9830
1341848053.5217 0.0392 -0.2802 0.8138 0.0366 -0.0720 -0.1602 0.9838
1341848053.5539 0.0482 -0.2773 0.8074 0.0352 -0.0663 -0.1569 0.9848
1341848053.5897 0.0502 -0.2747 0.8052 0.0326 -0.0598 -0.1522 0.9860
1341848053.6219 0.0572 -0.2711 0.8002 0.0296 -0.0563 -0.1451 0.9874
1341848053.6538 0.0660 -0.2719 0.7953 0.0244 -0.0504 -0.1390 0.9887
1341848053.6897 0.0653 -0.2726 0.7965 0.0208 -0.0421 -0.1353 0.9897
1341848053.7217 0.0700 -0.2705 0.7930 0.0197 -0.0367 -0.1296 0.9907
1341848053.7580 0.0782 -0.2695 0.7881 0.0174 -0.0308 -0.1242 0.9916
1341848053.7899 0.0760 -0.2712 0.7885 0.0149 -0.0222 -0.1195 0.9925
1341848053.8216 0.0798 -0.2724 0.7850 0.0148 -0.0157 -0.1135 0.9933
1341848053.8578 0.0843 -0.2708 0.7801 0.0143 -0.0092 -0.1070 0.9941
1341848053.8898 0.0817 -0.2714 0.7776 0.0129 -0.0025 -0.0999 0.9949
1341848053.9511 0.0851 -0.2754 0.7663 0.0157 0.0049 -0.0882 0.9960
1341848053.9868 0.0795 -0.2748 0.7623 0.0166 0.0108 -0.0822 0.9964
1341848054.0510 0.0839 -0.2713 0.7460 0.0172 0.0099 -0.0633 0.9978
1341848054.0868 0.0827 -0.2719 0.7397 0.0144 0.0120 -0.0566 0.9982
1341848054.1189 0.0752 -0.2722 0.7351 0.0128 0.0135 -0.0495 0.9986
1341848054.1550 0.0801 -0.2712 0.7260 0.0112 0.0115 -0.0425 0.9990
1341848054.1867 0.0764 -0.2733 0.7199 0.0080 0.0125 -0.0405 0.9991
1341848054.2190 0.0679 -0.2805 0.7160 0.0065 0.0148 -0.0397 0.9991
1341848054.2548 0.0671 -0.2819 0.7075 0.0093 0.0158 -0.0405 0.9990
1341848054.2868 0.0738 -0.2701 0.6953 0.0130 0.0159 -0.0403 0.9990
1341848054.3229 0.0692 -0.2670 0.6875 0.0084 0.0189 -0.0387 0.9990
1341848054.3548 0.0581 -0.2721 0.6834 0.0045 0.0215 -0.0377 0.9990
1341848054.3871 0.0652 -0.2674 0.6723 0.0041 0.0201 -0.0374 0.9991
1341848054.4229 0.0582 -0.2673 0.6669 0.0004 0.0240 -0.0371 0.9990
1341848054.4547 0.0450 -0.2692 0.6637 -0.0015 0.0263 -0.0355 0.9990
1341848054.4869 0.0462 -0.2675 0.6552 -0.0014 0.0230 -0.0333 0.9992
1341848054.5227 0.0491 -0.2699 0.6484 -0.0033 0.0229 -0.0321 0.9992
1341848054.5549 0.0416 -0.2758 0.6446 -0.0032 0.0268 -0.0304 0.9992
1341848054.5908 0.0456 -0.2712 0.6349 -0.0002 0.0269 -0.0278 0.9993
1341848054.6227 0.0464 -0.2694 0.6268 -0.0009 0.0270 -0.0267 0.9993
1341848054.6564 0.0460 -0.2721 0.6220 -0.0020 0.0279 -0.0246 0.9993
1341848054.6910 0.0524 -0.2730 0.6138 -0.0021 0.0304 -0.0221 0.9993
1341848054.7227 0.0482 -0.2757 0.6091 -0.0014 0.0346 -0.0234 0.9991
1341848054.7547 0.0467 -0.2751 0.6028 0.0011 0.0376 -0.0220 0.9990
1341848054.7909 0.0490 -0.2736 0.5952 0.0040 0.0392 -0.0189 0.9990
1341848054.8229 0.0535 -0.2690 0.5868 0.0058 0.0413 -0.0143 0.9990
1341848054.8589 0.0487 -0.2713 0.5819 0.0054 0.0451 -0.0087 0.9989
1341848054.8909 0.0518 -0.2726 0.5747 0.0075 0.0454 -0.0049 0.9989
1341848054.9228 0.0577 -0.2684 0.5668 0.0105 0.0475 -0.0002 0.9988
1341848054.9587 0.0554 -0.2648 0.5587 0.0116 0.0511 0.0043 0.9986
1341848054.9911 0.0491 -0.2688 0.5540 0.0126 0.0528 0.0058 0.9985
1341848055.0230 0.0573 -0.2654 0.5429 0.0161 0.0530 0.0069 0.9984
1341848055.0587 0.0545 -0.2623 0.5344 0.0181 0.0575 0.0091 0.9981
1341848055.0907 0.0462 -0.2608 0.5267 0.0205 0.0597 0.0122 0.9979
1341848055.1270 0.0514 -0.2536 0.5135 0.0231 0.0584 0.0162 0.9979
1341848055.1592 0.0531 -0.2530 0.5039 0.0228 0.0606 0.0182 0.9977
1341848055.1910 0.0439 -0.2542 0.4957 0.0244 0.0654 0.0197 0.9974
1341848055.2268 0.0403 -0.2455 0.4816 0.0285 0.0658 0.0222 0.9972
1341848055.2589 0.0428 -0.2363 0.4674 0.0292 0.0645 0.0240 0.9972
1341848055.2947 0.0362 -0.2363 0.4586 0.0281 0.0659 0.0259 0.9971
1341848055.3268 0.0319 -0.2325 0.4458 0.0293 0.0660 0.0278 0.9970
1341848055.3589 0.0297 -0.2268 0.4330 0.0301 0.0663 0.0271 0.9970
1341848055.3947 0.0294 -0.2202 0.4202 0.0301 0.0681 0.0261 0.9969
1341848055.4268 0.0210 -0.2178 0.4115 0.0299 0.0718 0.0255 0.9966
1341848055.4588 0.0167 -0.2116 0.3995 0.0310 0.0733 0.0259 0.9965
1341848055.4947 0.0147 -0.2041 0.3876 0.0307 0.0750 0.0274 0.9963
1341848055.5267 0.0076 -0.2025 0.3799 0.0297 0.0782 0.0277 0.9961
1341848055.5626 0.0035 -0.2004 0.3701 0.0308 0.0806 0.0282 0.9959
1341848055.5947 0.0021 -0.1913 0.3573 0.0319 0.0832 0.0288 0.9956
1341848055.6267 -0.0061 -0.1863 0.3503 0.0311 0.0870 0.0297 0.9953
1341848055.6630 -0.0141 -0.1844 0.3431 0.0308 0.0885 0.0311 0.9951
1341848055.6948 -0.0083 -0.1768 0.3302 0.0312 0.0896 0.0317 0.9950
1341848055.7268 -0.0097 -0.1705 0.3223 0.0287 0.0963 0.0334 0.9944
1341848055.7628 -0.0285 -0.1754 0.3233 0.0264 0.1023 0.0362 0.9937
1341848055.7950 -0.0280 -0.1725 0.3144 0.0281 0.1021 0.0395 0.9936
1341848055.8308 -0.0287 -0.1699 0.3087 0.0282 0.1054 0.0427 0.9931
1341848055.8628 -0.0374 -0.1722 0.3061 0.0294 0.1099 0.0464 0.9924
1341848055.8948 -0.0433 -0.1698 0.2999 0.0319 0.1123 0.0491 0.9919
1341848055.9307 -0.0484 -0.1649 0.2941 0.0335 0.1147 0.0498 0.9916
1341848055.9628 -0.0588 -0.1639 0.2914 0.0342 0.1170 0.0516 0.9912
1341848055.9947 -0.0651 -0.1574 0.2852 0.0349 0.1174 0.0546 0.9910
1341848056.0307 -0.0743 -0.1549 0.2827 0.0331 0.1190 0.0565 0.9907
1341848056.0628 -0.0862 -0.1575 0.2824 0.0322 0.1203 0.0581 0.9905
1341848056.0988 -0.0944 -0.1543 0.2785 0.0327 0.1210 0.0592 0.9904
1341848056.1306 -0.1057 -0.1539 0.2777 0.0326 0.1229 0.0598 0.9901
1341848056.1627 -0.1223 -0.1534 0.2773 0.0336 0.1243 0.0599 0.9899
1341848056.1987 -0.1359 -0.1492 0.2741 0.0349 0.1230 0.0611 0.9899
1341848056.2307 -0.1485 -0.1451 0.2712 0.0345 0.1218 0.0627 0.9900
1341848056.2639 -0.1661 -0.1456 0.2736 0.0337 0.1211 0.0624 0.9901
1341848056.2988 -0.1759 -0.1440 0.2702 0.0341 0.1189 0.0623 0.9904
1341848056.3307 -0.1896 -0.1387 0.2677 0.0338 0.1189 0.0634 0.9903
1341848056.3667 -0.2098 -0.1393 0.2714 0.0328 0.1189 0.0650 0.9902
1341848056.3987 -0.2278 -0.1342 0.2672 0.0331 0.1156 0.0671 0.9905
1341848056.4307 -0.2366 -0.1274 0.2614 0.0292 0.1115 0.0718 0.9907
1341848056.4668 -0.2570 -0.1254 0.2625 0.0225 0.1105 0.0783 0.9905
1341848056.4989 -0.2753 -0.1285 0.2656 0.0182 0.1083 0.0793 0.9908
1341848056.5348 -0.2846 -0.1261 0.2623 0.0156 0.1063 0.0785 0.9911
1341848056.5667 -0.3011 -0.1266 0.2654 0.0128 0.1071 0.0784 0.9911
1341848056.5989 -0.3216 -0.1264 0.2660 0.0116 0.1062 0.0812 0.9910
1341848056.6348 -0.3361 -0.1206 0.2626 0.0097 0.1013 0.0829 0.9913
1341848056.6668 -0.3491 -0.1235 0.2664 0.0057 0.0984 0.0851 0.9915
1341848056.6989 -0.3624 -0.1254 0.2666 0.0048 0.0964 0.0855 0.9917
1341848056.7348 -0.3755 -0.1223 0.2663 0.0040 0.0944 0.0830 0.9921
1341848056.7667 -0.3897 -0.1232 0.2674 0.0032 0.0923 0.0819 0.9924
1341848056.8029 -0.3974 -0.1181 0.2632 0.0018 0.0896 0.0801 0.9927
1341848056.8350 -0.4115 -0.1218 0.2671 -0.0011 0.0888 0.0780 0.9930
1341848056.8667 -0.4219 -0.1259 0.2704 -0.0014 0.0870 0.0778 0.9932
1341848056.9027 -0.4242 -0.1231 0.2665 -0.0006 0.0862 0.0774 0.9933
1341848056.9347 -0.4341 -0.1225 0.2675 -0.0024 0.0889 0.0753 0.9932
1341848056.9668 -0.4482 -0.1259 0.2715 -0.0028 0.0908 0.0749 0.9930
1341848057.0027 -0.4525 -0.1217 0.2669 -0.0028 0.0903 0.0755 0.9930
1341848057.0348 -0.4602 -0.1214 0.2670 -0.0057 0.0935 0.0749 0.9928
1341848057.0710 -0.4778 -0.1247 0.2739 -0.0073 0.0969 0.0731 0.9926
1341848057.1028 -0.4856 -0.1219 0.2712 -0.0069 0.0966 0.0720 0.9927
1341848057.1347 -0.4938 -0.1179 0.2671 -0.0093 0.0982 0.0726 0.9925
1341848057.1707 -0.5111 -0.1208 0.2749 -0.0123 0.1005 0.0716 0.9923
1341848057.2026 -0.5199 -0.1194 0.2734 -0.0123 0.1005 0.0687 0.9925
1341848057.2347 -0.5283 -0.1132 0.2687 -0.0137 0.1026 0.0674 0.9923
1341848057.2708 -0.5444 -0.1086 0.2715 -0.0165 0.1051 0.0681 0.9920
1341848057.3029 -0.5573 -0.1084 0.2748 -0.0190 0.1051 0.0678 0.9920
1341848057.3388 -0.5656 -0.1054 0.2715 -0.0211 0.1065 0.0673 0.9918
1341848057.3708 -0.5806 -0.1012 0.2730 -0.0242 0.1100 0.0683 0.9913
1341848057.4027 -0.5967 -0.1014 0.2776 -0.0259 0.1118 0.0691 0.9910
1341848057.4389 -0.6061 -0.0973 0.2741 -0.0264 0.1135 0.0699 0.9907
1341848057.4707 -0.6200 -0.0933 0.2745 -0.0286 0.1185 0.0724 0.9899
1341848057.5067 -0.6387 -0.0935 0.2756 -0.0292 0.1213 0.0755 0.9893
1341848057.5388 -0.6508 -0.0877 0.2708 -0.0294 0.1210 0.0778 0.9892
1341848057.5711 -0.6626 -0.0847 0.2684 -0.0325 0.1233 0.0809 0.9885
1341848057.6067 -0.6754 -0.0839 0.2704 -0.0359 0.1270 0.0847 0.9876
1341848057.6388 -0.6877 -0.0834 0.2701 -0.0373 0.1306 0.0873 0.9869
1341848057.6709 -0.6999 -0.0806 0.2699 -0.0390 0.1356 0.0898 0.9859
1341848057.7068 -0.7149 -0.0811 0.2703 -0.0400 0.1407 0.0941 0.9848
1341848057.7389 -0.7280 -0.0793 0.2658 -0.0396 0.1425 0.0957 0.9844
1341848057.7750 -0.7411 -0.0753 0.2657 -0.0402 0.1451 0.0977 0.9838
1341848057.8068 -0.7562 -0.0754 0.2665 -0.0406 0.1487 0.1034 0.9826
1341848057.8388 -0.7706 -0.0753 0.2651 -0.0388 0.1492 0.1087 0.9820
1341848057.8748 -0.7816 -0.0738 0.2632 -0.0377 0.1498 0.1104 0.9818
1341848057.9068 -0.7956 -0.0720 0.2606 -0.0375 0.1513 0.1107 0.9816
1341848057.9388 -0.8108 -0.0687 0.2584 -0.0375 0.1510 0.1129 0.9814
1341848057.9753 -0.8224 -0.0682 0.2587 -0.0391 0.1497 0.1153 0.9812
1341848058.0068 -0.8346 -0.0712 0.2626 -0.0397 0.1482 0.1152 0.9814
1341848058.0428 -0.8474 -0.0714 0.2653 -0.0369 0.1454 0.1141 0.9821
1341848058.0760 -0.8607 -0.0707 0.2619 -0.0353 0.1432 0.1141 0.9825
1341848058.1068 -0.8732 -0.0724 0.2666 -0.0354 0.1407 0.1132 0.9829
1341848058.1427 -0.8871 -0.0737 0.2704 -0.0326 0.1374 0.1117 0.9836
1341848058.1747 -0.9001 -0.0725 0.2690 -0.0307 0.1342 0.1095 0.9844
1341848058.2071 -0.9134 -0.0734 0.2707 -0.0307 0.1326 0.1073 0.9849
1341848058.2427 -0.9260 -0.0733 0.2753 -0.0295 0.1296 0.1044 0.9856
1341848058.2747 -0.9378 -0.0724 0.2827 -0.0271 0.1284 0.1029 0.9860
1341848058.3107 -0.9481 -0.0750 0.2855 -0.0237 0.1295 0.1008 0.9862
1341848058.3432 -0.9627 -0.0746 0.2841 -0.0208 0.1289 0.0971 0.9867
1341848058.3749 -0.9729 -0.0737 0.2843 -0.0198 0.1286 0.0987 0.9866
1341848058.4107 -0.9848 -0.0752 0.2843 -0.0213 0.1283 0.1010 0.9863
1341848058.4428 -0.9933 -0.0756 0.2920 -0.0216 0.1279 0.1031 0.9862
1341848058.4747 -0.9993 -0.0766 0.2998 -0.0197 0.1280 0.1053 0.9860
1341848058.5430 -1.0202 -0.0804 0.3045 -0.0158 0.1329 0.1109 0.9848
1341848058.5789 -1.0273 -0.0794 0.3085 -0.0144 0.1327 0.1154 0.9843
1341848058.6108 -1.0320 -0.0816 0.3135 -0.0148 0.1352 0.1182 0.9836
1341848058.6431 -1.0445 -0.0853 0.3172 -0.0153 0.1388 0.1185 0.9831
1341848058.6787 -1.0487 -0.0854 0.3283 -0.0129 0.1388 0.1186 0.9831
1341848058.7107 -1.0517 -0.0857 0.3280 -0.0090 0.1428 0.1177 0.9827
1341848058.7468 -1.0675 -0.0870 0.3275 -0.0098 0.1494 0.1151 0.9820
1341848058.7787 -1.0793 -0.0864 0.3314 -0.0107 0.1488 0.1177 0.9818
1341848058.8109 -1.0831 -0.0865 0.3372 -0.0110 0.1467 0.1219 0.9816
1341848058.8468 -1.0834 -0.0866 0.3420 -0.0124 0.1483 0.1230 0.9812
1341848058.8796 -1.0914 -0.0895 0.3473 -0.0119 0.1521 0.1252 0.9803
1341848058.9468 -1.0992 -0.0916 0.3531 -0.0113 0.1545 0.1298 0.9794
1341848058.9789 -1.1020 -0.0949 0.3586 -0.0102 0.1571 0.1310 0.9788
1341848059.0147 -1.1061 -0.0962 0.3596 -0.0069 0.1585 0.1319 0.9785
1341848059.0467 -1.1086 -0.0956 0.3598 -0.0054 0.1606 0.1326 0.9781
1341848059.0788 -1.1092 -0.0968 0.3635 -0.0052 0.1638 0.1326 0.9775
1341848059.1147 -1.1128 -0.0980 0.3644 -0.0046 0.1682 0.1316 0.9769
1341848059.1467 -1.1168 -0.0976 0.3644 -0.0047 0.1712 0.1315 0.9764
1341848059.1787 -1.1165 -0.0981 0.3678 -0.0048 0.1733 0.1311 0.9761
1341848059.2147 -1.1157 -0.0987 0.3702 -0.0042 0.1770 0.1302 0.9756
1341848059.2468 -1.1163 -0.0978 0.3712 -0.0020 0.1818 0.1303 0.9747
1341848059.2827 -1.1187 -0.0989 0.3722 0.0001 0.1851 0.1318 0.9738
1341848059.3147 -1.1180 -0.0974 0.3708 0.0032 0.1877 0.1341 0.9730
1341848059.3468 -1.1196 -0.0968 0.3670 0.0037 0.1904 0.1359 0.9723
1341848059.3827 -1.1194 -0.0972 0.3717 0.0047 0.1919 0.1378 0.9717
1341848059.4147 -1.1178 -0.0976 0.3699 0.0073 0.1944 0.1387 0.9710
1341848059.4468 -1.1174 -0.0972 0.3673 0.0077 0.1985 0.1378 0.9703
1341848059.4827 -1.1193 -0.0949 0.3673 0.0084 0.2023 0.1383 0.9695
1341848059.5147 -1.1212 -0.0958 0.3663 0.0095 0.2037 0.1409 0.9688
1341848059.5508 -1.1195 -0.0946 0.3655 0.0099 0.2052 0.1407 0.9685
1341848059.5827 -1.1207 -0.0958 0.3666 0.0108 0.2088 0.1414 0.9676
1341848059.6147 -1.1248 -0.0956 0.3646 0.0139 0.2095 0.1429 0.9672
1341848059.6507 -1.1265 -0.0958 0.3614 0.0158 0.2084 0.1442 0.9672
1341848059.6827 -1.1250 -0.0943 0.3603 0.0155 0.2094 0.1423 0.9673
1341848059.7187 -1.1283 -0.0956 0.3625 0.0154 0.2125 0.1419 0.9667
1341848059.7509 -1.1320 -0.0963 0.3630 0.0181 0.2126 0.1419 0.9666
1341848059.7828 -1.1329 -0.0929 0.3584 0.0190 0.2125 0.1405 0.9668
1341848059.8188 -1.1333 -0.0932 0.3613 0.0170 0.2153 0.1402 0.9663
1341848059.8507 -1.1371 -0.0969 0.3633 0.0191 0.2170 0.1400 0.9659
1341848059.8827 -1.1404 -0.0953 0.3585 0.0222 0.2167 0.1381 0.9662
1341848059.9188 -1.1430 -0.0937 0.3578 0.0237 0.2160 0.1371 0.9664
1341848059.9508 -1.1439 -0.0927 0.3577 0.0254 0.2158 0.1378 0.9663
1341848059.9868 -1.1462 -0.0956 0.3574 0.0274 0.2153 0.1381 0.9664
1341848060.0187 -1.1448 -0.0936 0.3577 0.0302 0.2152 0.1349 0.9667
1341848060.0507 -1.1451 -0.0957 0.3585 0.0334 0.2180 0.1327 0.9663
1341848060.0868 -1.1528 -0.0943 0.3546 0.0378 0.2182 0.1307 0.9664
1341848060.1188 -1.1508 -0.0911 0.3519 0.0408 0.2152 0.1281 0.9673
1341848060.1508 -1.1469 -0.0873 0.3479 0.0410 0.2168 0.1258 0.9672
1341848060.1869 -1.1515 -0.0899 0.3523 0.0412 0.2192 0.1247 0.9668
1341848060.2189 -1.1494 -0.0894 0.3517 0.0446 0.2180 0.1217 0.9673
1341848060.2548 -1.1447 -0.0809 0.3447 0.0451 0.2198 0.1192 0.9672
1341848060.2875 -1.1468 -0.0832 0.3496 0.0430 0.2228 0.1188 0.9667
1341848060.3189 -1.1466 -0.0850 0.3493 0.0452 0.2220 0.1177 0.9669
1341848060.3546 -1.1409 -0.0774 0.3433 0.0453 0.2218 0.1142 0.9673
1341848060.3873 -1.1393 -0.0794 0.3472 0.0434 0.2251 0.1125 0.9668
1341848060.4186 -1.1410 -0.0799 0.3476 0.0453 0.2248 0.1109 0.9670
1341848060.4548 -1.1346 -0.0754 0.3446 0.0467 0.2235 0.1079 0.9676
1341848060.4867 -1.1309 -0.0751 0.3455 0.0458 0.2264 0.1046 0.9673
1341848060.5229 -1.1318 -0.0776 0.3504 0.0480 0.2278 0.1022 0.9672
1341848060.5547 -1.1257 -0.0734 0.3452 0.0519 0.2269 0.0994 0.9674
1341848060.5867 -1.1208 -0.0684 0.3413 0.0513 0.2296 0.0968 0.9671
1341848060.6227 -1.1222 -0.0728 0.3480 0.0513 0.2320 0.0967 0.9665
1341848060.6561 -1.1190 -0.0701 0.3433 0.0546 0.2302 0.0961 0.9669
1341848060.6873 -1.1116 -0.0652 0.3398 0.0545 0.2302 0.0954 0.9669
1341848060.7232 -1.1133 -0.0703 0.3446 0.0541 0.2321 0.0960 0.9664
1341848060.7579 -1.1134 -0.0700 0.3433 0.0567 0.2296 0.0962 0.9669
1341848060.7909 -1.1094 -0.0682 0.3412 0.0575 0.2266 0.0964 0.9675
1341848060.8240 -1.1077 -0.0714 0.3443 0.0581 0.2247 0.0963 0.9679
1341848060.8624 -1.1048 -0.0724 0.3436 0.0603 0.2215 0.0960 0.9686
1341848060.9231 -1.0958 -0.0739 0.3447 0.0621 0.2164 0.0968 0.9695
1341848060.9608 -1.0904 -0.0749 0.3443 0.0639 0.2136 0.0966 0.9700
1341848060.9969 -1.0850 -0.0756 0.3443 0.0647 0.2116 0.0972 0.9704
1341848061.0306 -1.0799 -0.0797 0.3457 0.0653 0.2094 0.0976 0.9708
1341848061.0622 -1.0720 -0.0819 0.3457 0.0655 0.2078 0.0969 0.9711
1341848061.1006 -1.0661 -0.0887 0.3495 0.0658 0.2082 0.0962 0.9711
1341848061.1298 -1.0614 -0.0957 0.3503 0.0684 0.2084 0.0949 0.9710
1341848061.1979 -1.0481 -0.1098 0.3478 0.0727 0.2082 0.0954 0.9707
1341848061.2594 -1.0367 -0.1112 0.3435 0.0793 0.2072 0.0949 0.9704
1341848061.2909 -1.0299 -0.1170 0.3475 0.0813 0.2067 0.0958 0.9703
1341848061.3266 -1.0263 -0.1179 0.3457 0.0838 0.2071 0.0956 0.9700
1341848061.3589 -1.0203 -0.1196 0.3441 0.0857 0.2077 0.0961 0.9697
1341848061.3908 -1.0167 -0.1209 0.3459 0.0875 0.2083 0.0973 0.9693
1341848061.4269 -1.0118 -0.1217 0.3431 0.0884 0.2078 0.0989 0.9691
1341848061.4588 -1.0055 -0.1231 0.3441 0.0883 0.2087 0.0999 0.9689
1341848061.4947 -1.0031 -0.1253 0.3471 0.0898 0.2099 0.0993 0.9685
1341848061.5267 -1.0003 -0.1234 0.3440 0.0915 0.2099 0.0993 0.9684
1341848061.5588 -0.9963 -0.1218 0.3432 0.0905 0.2104 0.0999 0.9683
1341848061.5947 -0.9927 -0.1263 0.3468 0.0896 0.2118 0.1003 0.9680
1341848061.6267 -0.9894 -0.1261 0.3471 0.0914 0.2120 0.0997 0.9679
1341848061.6588 -0.9851 -0.1228 0.3444 0.0908 0.2135 0.0987 0.9677
1341848061.6949 -0.9807 -0.1247 0.3498 0.0902 0.2152 0.1002 0.9672
1341848061.7267 -0.9790 -0.1250 0.3501 0.0916 0.2148 0.1006 0.9671
1341848061.7628 -0.9738 -0.1221 0.3500 0.0908 0.2157 0.0990 0.9672
1341848061.7948 -0.9733 -0.1261 0.3520 0.0898 0.2176 0.0991 0.9668
1341848061.8267 -0.9732 -0.1260 0.3522 0.0905 0.2175 0.0995 0.9667
1341848061.8629 -0.9708 -0.1230 0.3523 0.0895 0.2175 0.0988 0.9669
1341848061.8948 -0.9706 -0.1273 0.3561 0.0875 0.2185 0.0982 0.9669
1341848061.9307 -0.9694 -0.1287 0.3573 0.0877 0.2183 0.0969 0.9671
1341848061.9628 -0.9683 -0.1258 0.3575 0.0872 0.2179 0.0966 0.9672
1341848061.9972 -0.9681 -0.1274 0.3614 0.0855 0.2171 0.0965 0.9676
1341848062.0307 -0.9636 -0.1290 0.3643 0.0843 0.2154 0.0947 0.9683
1341848062.0633 -0.9628 -0.1272 0.3676 0.0836 0.2155 0.0929 0.9685
1341848062.0949 -0.9619 -0.1271 0.3714 0.0827 0.2137 0.0922 0.9690
1341848062.1308 -0.9582 -0.1291 0.3733 0.0810 0.2115 0.0917 0.9697
1341848062.1634 -0.9568 -0.1316 0.3788 0.0800 0.2105 0.0882 0.9703
1341848062.1987 -0.9539 -0.1320 0.3808 0.0799 0.2094 0.0838 0.9710
1341848062.2308 -0.9523 -0.1288 0.3828 0.0800 0.2075 0.0829 0.9714
1341848062.2628 -0.9504 -0.1287 0.3849 0.0780 0.2041 0.0833 0.9723
1341848062.2993 -0.9470 -0.1325 0.3868 0.0754 0.2014 0.0822 0.9731
1341848062.3308 -0.9444 -0.1322 0.3900 0.0747 0.2005 0.0802 0.9735
1341848062.3628 -0.9453 -0.1331 0.3930 0.0753 0.1996 0.0790 0.9738
1341848062.3988 -0.9415 -0.1314 0.3924 0.0761 0.1961 0.0793 0.9744
1341848062.4308 -0.9379 -0.1315 0.3919 0.0755 0.1940 0.0817 0.9747
1341848062.4669 -0.9371 -0.1319 0.3938 0.0751 0.1917 0.0833 0.9750
1341848062.4987 -0.9324 -0.1335 0.3935 0.0752 0.1883 0.0861 0.9754
1341848062.5307 -0.9277 -0.1324 0.3920 0.0751 0.1865 0.0858 0.9758
1341848062.5669 -0.9240 -0.1310 0.3933 0.0741 0.1863 0.0863 0.9759
1341848062.5988 -0.9216 -0.1325 0.3927 0.0746 0.1833 0.0891 0.9762
1341848062.6308 -0.9171 -0.1294 0.3907 0.0744 0.1798 0.0914 0.9766
1341848062.6667 -0.9125 -0.1303 0.3940 0.0731 0.1795 0.0916 0.9768
1341848062.6987 -0.9047 -0.1347 0.3931 0.0744 0.1779 0.0914 0.9770
1341848062.7349 -0.8980 -0.1322 0.3885 0.0755 0.1758 0.0911 0.9773
1341848062.7668 -0.8918 -0.1312 0.3887 0.0736 0.1750 0.0923 0.9775
1341848062.7987 -0.8870 -0.1355 0.3900 0.0739 0.1734 0.0928 0.9777
1341848062.8348 -0.8826 -0.1311 0.3865 0.0749 0.1706 0.0914 0.9782
1341848062.8668 -0.8747 -0.1311 0.3858 0.0725 0.1695 0.0902 0.9787
1341848062.8991 -0.8723 -0.1338 0.3886 0.0717 0.1684 0.0884 0.9791
1341848062.9350 -0.8650 -0.1347 0.3861 0.0721 0.1651 0.0833 0.9801
1341848062.9669 -0.8552 -0.1293 0.3838 0.0712 0.1645 0.0791 0.9806
1341848063.0029 -0.8534 -0.1346 0.3874 0.0687 0.1647 0.0785 0.9808
1341848063.0350 -0.8472 -0.1364 0.3866 0.0692 0.1600 0.0777 0.9816
1341848063.0667 -0.8353 -0.1350 0.3850 0.0690 0.1572 0.0769 0.9822
1341848063.1028 -0.8289 -0.1408 0.3858 0.0690 0.1563 0.0752 0.9824
1341848063.1350 -0.8219 -0.1357 0.3825 0.0710 0.1531 0.0750 0.9828
1341848063.1707 -0.8124 -0.1350 0.3826 0.0701 0.1494 0.0752 0.9834
1341848063.2027 -0.8038 -0.1389 0.3831 0.0692 0.1476 0.0745 0.9838
1341848063.2350 -0.7953 -0.1393 0.3809 0.0700 0.1461 0.0710 0.9842
1341848063.2708 -0.7846 -0.1373 0.3798 0.0699 0.1456 0.0681 0.9845
1341848063.3028 -0.7801 -0.1375 0.3793 0.0691 0.1458 0.0661 0.9847
1341848063.3349 -0.7737 -0.1377 0.3796 0.0683 0.1432 0.0632 0.9853
1341848063.3707 -0.7607 -0.1349 0.3779 0.0667 0.1419 0.0615 0.9857
1341848063.4027 -0.7555 -0.1365 0.3792 0.0642 0.1436 0.0582 0.9858
1341848063.4393 -0.7508 -0.1386 0.3821 0.0626 0.1436 0.0555 0.9861
1341848063.4707 -0.7393 -0.1337 0.3788 0.0617 0.1427 0.0536 0.9864
1341848063.5028 -0.7330 -0.1344 0.3833 0.0572 0.1448 0.0526 0.9864
1341848063.5418 -0.7301 -0.1439 0.3898 0.0560 0.1448 0.0534 0.9864
1341848063.5778 -0.7191 -0.1348 0.3859 0.0578 0.1429 0.0554 0.9865
1341848063.6097 -0.7142 -0.1353 0.3912 0.0540 0.1436 0.0569 0.9865
1341848063.6430 -0.7113 -0.1413 0.3961 0.0528 0.1424 0.0579 0.9867
1341848063.6780 -0.7023 -0.1334 0.3928 0.0526 0.1400 0.0583 0.9870
1341848063.7099 -0.6978 -0.1322 0.3980 0.0480 0.1388 0.0592 0.9874
1341848063.7458 -0.6954 -0.1391 0.4065 0.0450 0.1368 0.0593 0.9878
1341848063.7778 -0.6846 -0.1377 0.4068 0.0446 0.1342 0.0567 0.9883
1341848063.8098 -0.6793 -0.1401 0.4131 0.0423 0.1346 0.0552 0.9885
1341848063.8457 -0.6752 -0.1458 0.4198 0.0424 0.1326 0.0544 0.9888
1341848063.8779 -0.6629 -0.1439 0.4211 0.0430 0.1300 0.0537 0.9891
1341848063.9138 -0.6545 -0.1528 0.4320 0.0412 0.1318 0.0506 0.9891
1341848063.9458 -0.6508 -0.1588 0.4386 0.0440 0.1330 0.0476 0.9890
1341848063.9779 -0.6434 -0.1581 0.4427 0.0471 0.1299 0.0488 0.9892
1341848064.0140 -0.6325 -0.1599 0.4472 0.0471 0.1272 0.0504 0.9895
1341848064.0458 -0.6286 -0.1732 0.4596 0.0465 0.1264 0.0486 0.9897
1341848064.0817 -0.6156 -0.1716 0.4618 0.0504 0.1233 0.0466 0.9900
1341848064.1137 -0.6022 -0.1704 0.4654 0.0497 0.1234 0.0471 0.9900
1341848064.1458 -0.6008 -0.1809 0.4796 0.0478 0.1243 0.0484 0.9899
1341848064.1818 -0.5883 -0.1839 0.4832 0.0496 0.1201 0.0506 0.9902
1341848064.2139 -0.5705 -0.1841 0.4852 0.0491 0.1185 0.0504 0.9905
1341848064.2498 -0.5613 -0.1939 0.4992 0.0478 0.1217 0.0494 0.9902
1341848064.2830 -0.5532 -0.1991 0.5060 0.0503 0.1215 0.0491 0.9901
1341848064.3138 -0.5343 -0.1955 0.5053 0.0517 0.1193 0.0496 0.9903
1341848064.3498 -0.5225 -0.2041 0.5163 0.0500 0.1210 0.0491 0.9902
1341848064.3826 -0.5091 -0.2080 0.5198 0.0515 0.1214 0.0487 0.9901
1341848064.4181 -0.4950 -0.2057 0.5198 0.0516 0.1215 0.0486 0.9901
1341848064.4498 -0.4849 -0.2136 0.5309 0.0486 0.1224 0.0454 0.9903
1341848064.4818 -0.4722 -0.2236 0.5383 0.0486 0.1232 0.0413 0.9903
1341848064.5180 -0.4584 -0.2242 0.5385 0.0506 0.1238 0.0389 0.9902
1341848064.5497 -0.4488 -0.2281 0.5447 0.0509 0.1245 0.0392 0.9901
1341848064.5817 -0.4403 -0.2351 0.5506 0.0524 0.1239 0.0414 0.9900
1341848064.6177 -0.4272 -0.2350 0.5481 0.0552 0.1220 0.0422 0.9901
1341848064.6497 -0.4174 -0.2341 0.5486 0.0563 0.1215 0.0434 0.9900
1341848064.6858 -0.4123 -0.2354 0.5516 0.0565 0.1195 0.0461 0.9902
1341848064.7499 -0.3905 -0.2368 0.5509 0.0549 0.1185 0.0435 0.9905
1341848064.8107 -0.3779 -0.2369 0.5533 0.0561 0.1153 0.0427 0.9908
1341848064.8427 -0.3688 -0.2373 0.5545 0.0547 0.1134 0.0428 0.9911
1341848064.8788 -0.3645 -0.2415 0.5598 0.0543 0.1128 0.0437 0.9912
1341848064.9108 -0.3545 -0.2381 0.5552 0.0556 0.1093 0.0466 0.9914
1341848064.9469 -0.3447 -0.2365 0.5543 0.0540 0.1072 0.0497 0.9915
1341848064.9788 -0.3396 -0.2439 0.5619 0.0526 0.1067 0.0510 0.9916
1341848065.0108 -0.3280 -0.2420 0.5569 0.0550 0.1047 0.0520 0.9916
1341848065.0468 -0.3186 -0.2373 0.5554 0.0544 0.1042 0.0529 0.9917
1341848065.0787 -0.3174 -0.2422 0.5621 0.0533 0.1035 0.0549 0.9917
1341848065.1107 -0.3026 -0.2396 0.5573 0.0540 0.0993 0.0570 0.9920
1341848065.1467 -0.2953 -0.2405 0.5599 0.0522 0.0995 0.0567 0.9920
1341848065.1788 -0.2900 -0.2513 0.5658 0.0526 0.0991 0.0554 0.9921
1341848065.2148 -0.2782 -0.2420 0.5590 0.0574 0.0972 0.0548 0.9921
1341848065.2468 -0.2690 -0.2362 0.5575 0.0560 0.0957 0.0527 0.9924
1341848065.2787 -0.2632 -0.2469 0.5629 0.0540 0.0958 0.0518 0.9926
1341848065.3148 -0.2543 -0.2417 0.5594 0.0569 0.0939 0.0500 0.9927
1341848065.3468 -0.2444 -0.2417 0.5596 0.0563 0.0925 0.0474 0.9930
1341848065.3828 -0.2343 -0.2449 0.5587 0.0569 0.0917 0.0469 0.9930
1341848065.4149 -0.2276 -0.2428 0.5584 0.0578 0.0909 0.0455 0.9931
1341848065.4467 -0.2174 -0.2481 0.5593 0.0579 0.0894 0.0423 0.9934
1341848065.4828 -0.2048 -0.2470 0.5563 0.0602 0.0889 0.0410 0.9934
1341848065.5147 -0.1981 -0.2462 0.5566 0.0612 0.0887 0.0407 0.9933
1341848065.5469 -0.1900 -0.2483 0.5577 0.0614 0.0871 0.0400 0.9935
1341848065.5827 -0.1786 -0.2505 0.5562 0.0625 0.0863 0.0384 0.9936
1341848065.6148 -0.1739 -0.2486 0.5560 0.0636 0.0861 0.0371 0.9936
1341848065.6829 -0.1618 -0.2519 0.5570 0.0639 0.0816 0.0345 0.9940
1341848065.7148 -0.1517 -0.2467 0.5526 0.0648 0.0792 0.0325 0.9942
1341848065.7507 -0.1528 -0.2468 0.5542 0.0630 0.0782 0.0304 0.9945
1341848065.7827 -0.1478 -0.2473 0.5543 0.0622 0.0734 0.0276 0.9950
1341848065.8147 -0.1363 -0.2444 0.5506 0.0616 0.0702 0.0245 0.9953
1341848065.8507 -0.1375 -0.2448 0.5533 0.0595 0.0698 0.0185 0.9956
1341848065.9187 -0.1326 -0.2368 0.5467 0.0567 0.0572 0.0174 0.9966
1341848065.9508 -0.1267 -0.2371 0.5491 0.0519 0.0518 0.0142 0.9972
1341848065.9828 -0.1273 -0.2415 0.5535 0.0493 0.0484 0.0105 0.9976
1341848066.0188 -0.1179 -0.2347 0.5489 0.0496 0.0426 0.0074 0.9978
1341848066.0507 -0.1111 -0.2323 0.5502 0.0465 0.0393 0.0037 0.9981
1341848066.0828 -0.1096 -0.2365 0.5534 0.0442 0.0368 0.0032 0.9983
1341848066.1187 -0.1056 -0.2343 0.5533 0.0441 0.0324 0.0031 0.9985
1341848066.1510 -0.0944 -0.2323 0.5522 0.0425 0.0274 0.0017 0.9987
1341848066.1868 -0.0897 -0.2348 0.5549 0.0399 0.0268 0.0021 0.9988
1341848066.2187 -0.0904 -0.2384 0.5585 0.0390 0.0241 0.0014 0.9989
1341848066.2508 -0.0767 -0.2373 0.5573 0.0391 0.0197 0.0005 0.9990
1341848066.2867 -0.0710 -0.2396 0.5607 0.0379 0.0192 -0.0014 0.9991
1341848066.3187 -0.0669 -0.2470 0.5651 0.0380 0.0182 -0.0026 0.9991
1341848066.3548 -0.0562 -0.2457 0.5662 0.0403 0.0161 -0.0027 0.9991
1341848066.3868 -0.0489 -0.2498 0.5703 0.0406 0.0157 -0.0037 0.9990
1341848066.4188 -0.0460 -0.2548 0.5755 0.0422 0.0150 -0.0037 0.9990
1341848066.4547 -0.0377 -0.2546 0.5774 0.0446 0.0116 -0.0046 0.9989
1341848066.4869 -0.0278 -0.2549 0.5804 0.0447 0.0092 -0.0063 0.9989
1341848066.5228 -0.0246 -0.2601 0.5859 0.0440 0.0082 -0.0084 0.9990
1341848066.5551 -0.0187 -0.2637 0.5897 0.0450 0.0053 -0.0117 0.9989
1341848066.6235 -0.0019 -0.2709 0.5992 0.0463 0.0041 -0.0204 0.9987
1341848066.6552 0.0057 -0.2731 0.6036 0.0482 0.0022 -0.0233 0.9986
1341848066.6977 0.0169 -0.2740 0.6074 0.0492 0.0012 -0.0259 0.9985
1341848066.7325 0.0204 -0.2826 0.6141 0.0494 0.0014 -0.0291 0.9984
1341848066.7644 0.0309 -0.2864 0.6178 0.0521 0.0002 -0.0316 0.9981
1341848066.7953 0.0402 -0.2851 0.6199 0.0550 0.0004 -0.0357 0.9978
1341848066.8334 0.0425 -0.2886 0.6252 0.0556 0.0003 -0.0395 0.9977
1341848066.8621 0.0561 -0.2866 0.6252 0.0575 -0.0024 -0.0405 0.9975
1341848066.9050 0.0634 -0.2849 0.6279 0.0567 -0.0026 -0.0424 0.9975
1341848066.9302 0.0641 -0.2919 0.6339 0.0552 -0.0033 -0.0443 0.9975
1341848066.9979 0.0884 -0.2889 0.6346 0.0551 -0.0052 -0.0479 0.9973
1341848067.0547 0.0981 -0.2948 0.6405 0.0543 -0.0069 -0.0514 0.9972
1341848067.0909 0.1021 -0.2977 0.6436 0.0535 -0.0054 -0.0537 0.9971
1341848067.1230 0.0998 -0.3058 0.6471 0.0544 -0.0053 -0.0549 0.9970
1341848067.1588 0.1110 -0.3022 0.6448 0.0584 -0.0075 -0.0543 0.9968
1341848067.1911 0.1145 -0.2997 0.6455 0.0591 -0.0074 -0.0541 0.9968
1341848067.2229 0.1177 -0.3049 0.6472 0.0589 -0.0083 -0.0528 0.9968
1341848067.2587 0.1277 -0.3022 0.6457 0.0605 -0.0094 -0.0508 0.9968
1341848067.3228 0.1323 -0.3047 0.6474 0.0597 -0.0087 -0.0459 0.9971
1341848067.3587 0.1417 -0.3028 0.6456 0.0603 -0.0105 -0.0429 0.9972
1341848067.3907 0.1484 -0.3032 0.6461 0.0593 -0.0090 -0.0406 0.9974
1341848067.4269 0.1482 -0.3054 0.6464 0.0591 -0.0072 -0.0380 0.9975
1341848067.4587 0.1572 -0.3009 0.6435 0.0599 -0.0078 -0.0347 0.9976
1341848067.4915 0.1635 -0.2986 0.6428 0.0579 -0.0061 -0.0323 0.9978
1341848067.5267 0.1622 -0.3023 0.6437 0.0563 -0.0036 -0.0314 0.9979
1341848067.5588 0.1711 -0.2993 0.6408 0.0568 -0.0035 -0.0310 0.9979
1341848067.5947 0.1753 -0.3004 0.6408 0.0555 -0.0003 -0.0325 0.9979
1341848067.6267 0.1713 -0.3068 0.6415 0.0558 0.0029 -0.0336 0.9979
1341848067.6590 0.1785 -0.3045 0.6382 0.0591 0.0028 -0.0330 0.9977
1341848067.6949 0.1834 -0.3037 0.6365 0.0601 0.0046 -0.0321 0.9977
1341848067.7267 0.1809 -0.3089 0.6352 0.0615 0.0061 -0.0303 0.9976
1341848067.7587 0.1914 -0.3039 0.6311 0.0651 0.0050 -0.0283 0.9975
1341848067.7948 0.1946 -0.3023 0.6293 0.0657 0.0075 -0.0266 0.9975
1341848067.8268 0.1935 -0.3068 0.6283 0.0664 0.0087 -0.0242 0.9975
1341848067.8628 0.2037 -0.3022 0.6241 0.0686 0.0085 -0.0222 0.9974
