1341847980.7869 -0.0040 -0.0027 0.0024 -0.0002 0.0003 -0.0008 1.0000
1341847980.8230 -0.0028 -0.0012 0.0006 0.0010 -0.0000 -0.0014 1.0000
1341847980.8547 -0.0029 -0.0005 -0.0007 0.0012 0.0003 -0.0018 1.0000
1341847980.8907 -0.0054 -0.0012 -0.0005 0.0012 0.0008 -0.0020 1.0000
1341847980.9230 -0.0056 -0.0007 -0.0013 0.0016 0.0005 -0.0025 1.0000
1341847980.9546 -0.0046 0.0002 -0.0029 0.0016 0.0007 -0.0028 1.0000
1341847980.9907 -0.0093 -0.0007 -0.0014 0.0012 0.0018 -0.0029 1.0000
1341847981.0227 -0.0091 0.0001 -0.0033 0.0016 0.0014 -0.0027 1.0000
1341847981.0547 -0.0097 0.0001 -0.0028 0.0014 0.0015 -0.0029 1.0000
1341847981.0907 -0.0105 -0.0001 -0.0028 0.0017 0.0021 -0.0031 1.0000
1341847981.1230 -0.0123 -0.0002 -0.0042 0.0019 0.0029 -0.0027 1.0000
1341847981.1586 -0.0150 0.0006 -0.0052 0.0017 0.0034 -0.0016 1.0000
1341847981.1906 -0.0181 -0.0002 -0.0041 0.0013 0.0037 0.0000 1.0000
1341847981.2230 -0.0218 -0.0020 -0.0041 0.0016 0.0039 0.0015 1.0000
1341847981.2587 -0.0216 -0.0003 -0.0070 0.0020 0.0030 0.0032 1.0000
1341847981.2908 -0.0221 -0.0015 -0.0064 0.0017 0.0029 0.0036 1.0000
1341847981.3229 -0.0238 -0.0008 -0.0076 0.0023 0.0041 0.0035 1.0000
1341847981.3587 -0.0289 -0.0002 -0.0089 0.0026 0.0055 0.0039 1.0000
1341847981.3908 -0.0354 -0.0007 -0.0088 0.0025 0.0062 0.0049 1.0000
1341847981.4267 -0.0389 -0.0012 -0.0105 0.0031 0.0058 0.0060 1.0000
1341847981.4588 -0.0405 0.0008 -0.0140 0.0034 0.0054 0.0067 1.0000
1341847981.4907 -0.0452 0.0010 -0.0137 0.0033 0.0061 0.0069 1.0000
1341847981.5270 -0.0498 0.0015 -0.0162 0.0039 0.0068 0.0065 0.9999
1341847981.5587 -0.0538 0.0031 -0.0181 0.0040 0.0076 0.0061 0.9999
1341847981.5949 -0.0613 0.0020 -0.0168 0.0044 0.0094 0.0054 0.9999
1341847981.6267 -0.0668 0.0039 -0.0220 0.0056 0.0104 0.0058 0.9999
1341847981.6587 -0.0681 0.0086 -0.0255 0.0051 0.0102 0.0057 0.9999
1341847981.6947 -0.0785 0.0065 -0.0231 0.0046 0.0121 0.0052 0.9999
1341847981.7266 -0.0814 0.0111 -0.0286 0.0048 0.0123 0.0060 0.9999
1341847981.7588 -0.0877 0.0117 -0.0285 0.0036 0.0127 0.0060 0.9999
1341847981.7947 -0.0902 0.0145 -0.0322 0.0028 0.0124 0.0058 0.9999
1341847981.8267 -0.0964 0.0181 -0.0319 0.0015 0.0132 0.0056 0.9999
1341847981.8627 -0.1107 0.0161 -0.0267 0.0011 0.0150 0.0048 0.9999
1341847981.8946 -0.1071 0.0200 -0.0377 0.0011 0.0124 0.0050 0.9999
1341847981.9266 -0.1135 0.0227 -0.0355 -0.0014 0.0120 0.0051 0.9999
1341847981.9948 -0.1274 0.0209 -0.0315 -0.0025 0.0131 0.0047 0.9999
1341847982.0627 -0.1379 0.0181 -0.0315 -0.0007 0.0130 0.0023 0.9999
1341847982.0948 -0.1386 0.0199 -0.0356 0.0003 0.0119 0.0013 0.9999
1341847982.1307 -0.1520 0.0121 -0.0291 0.0005 0.0130 0.0003 0.9999
1341847982.1627 -0.1490 0.0158 -0.0383 0.0042 0.0101 0.0017 0.9999
1341847982.1947 -0.1356 0.0177 -0.0475 0.0030 0.0067 0.0026 1.0000
1341847982.2306 -0.1400 0.0137 -0.0423 0.0010 0.0093 0.0027 1.0000
1341847982.2627 -0.1404 0.0110 -0.0435 0.0018 0.0112 0.0019 0.9999
1341847982.2950 -0.1412 0.0124 -0.0481 0.0026 0.0132 0.0021 0.9999
1341847982.3307 -0.1503 0.0114 -0.0547 0.0046 0.0158 0.0054 0.9999
1341847982.3989 -0.1564 0.0087 -0.0566 0.0089 0.0126 0.0105 0.9998
1341847982.4308 -0.1512 0.0035 -0.0601 0.0088 0.0119 0.0117 0.9998
1341847982.4626 -0.1485 0.0080 -0.0710 0.0108 0.0140 0.0127 0.9998
1341847982.4986 -0.1477 0.0105 -0.0756 0.0108 0.0161 0.0131 0.9997
1341847982.5308 -0.1568 0.0096 -0.0712 0.0092 0.0189 0.0138 0.9997
1341847982.5667 -0.1533 0.0084 -0.0765 0.0073 0.0192 0.0152 0.9997
1341847982.5987 -0.1604 0.0095 -0.0713 0.0051 0.0226 0.0166 0.9996
1341847982.6307 -0.1668 0.0075 -0.0704 0.0040 0.0257 0.0166 0.9995
1341847982.6666 -0.1702 0.0057 -0.0704 0.0023 0.0281 0.0170 0.9995
1341847982.6986 -0.1747 0.0051 -0.0704 0.0009 0.0315 0.0173 0.9994
1341847982.7307 -0.1874 0.0046 -0.0652 0.0001 0.0366 0.0173 0.9992
1341847982.7667 -0.1972 0.0059 -0.0638 0.0010 0.0394 0.0189 0.9990
1341847982.7987 -0.2037 0.0042 -0.0646 0.0008 0.0410 0.0202 0.9990
1341847982.8347 -0.2194 0.0030 -0.0586 0.0020 0.0441 0.0206 0.9988
1341847982.8667 -0.2298 0.0053 -0.0575 0.0052 0.0450 0.0220 0.9987
1341847982.8987 -0.2371 0.0063 -0.0636 0.0066 0.0439 0.0237 0.9987
1341847982.9348 -0.2449 0.0067 -0.0684 0.0054 0.0414 0.0255 0.9988
1341847982.9667 -0.2538 0.0039 -0.0671 0.0038 0.0405 0.0257 0.9988
1341847982.9988 -0.2580 0.0023 -0.0701 0.0024 0.0413 0.0245 0.9988
1341847983.0347 -0.2743 0.0031 -0.0670 0.0012 0.0440 0.0245 0.9987
1341847983.0667 -0.2843 0.0043 -0.0677 0.0004 0.0438 0.0257 0.9987
1341847983.1028 -0.3022 0.0044 -0.0578 -0.0005 0.0456 0.0263 0.9986
1341847983.1347 -0.3162 0.0037 -0.0548 0.0004 0.0462 0.0276 0.9986
1341847983.1667 -0.3270 0.0019 -0.0582 0.0012 0.0453 0.0283 0.9986
1341847983.2027 -0.3337 -0.0015 -0.0628 0.0003 0.0433 0.0294 0.9986
1341847983.2347 -0.3407 -0.0041 -0.0670 -0.0011 0.0426 0.0298 0.9986
1341847983.2668 -0.3456 -0.0070 -0.0721 -0.0041 0.0428 0.0291 0.9987
1341847983.3027 -0.3593 -0.0116 -0.0694 -0.0075 0.0458 0.0282 0.9985
1341847983.3347 -0.3675 -0.0136 -0.0673 -0.0089 0.0483 0.0274 0.9984
1341847983.3709 -0.3830 -0.0175 -0.0611 -0.0092 0.0523 0.0265 0.9982
1341847983.4027 -0.3951 -0.0164 -0.0640 -0.0079 0.0531 0.0279 0.9982
1341847983.4347 -0.4036 -0.0152 -0.0667 -0.0089 0.0515 0.0308 0.9982
1341847983.4707 -0.4108 -0.0194 -0.0620 -0.0099 0.0511 0.0300 0.9982
1341847983.5028 -0.4161 -0.0211 -0.0650 -0.0085 0.0534 0.0270 0.9982
1341847983.5348 -0.4272 -0.0194 -0.0691 -0.0079 0.0576 0.0258 0.9980
1341847983.5707 -0.4438 -0.0198 -0.0674 -0.0084 0.0608 0.0261 0.9978
1341847983.6027 -0.4591 -0.0228 -0.0658 -0.0078 0.0623 0.0265 0.9977
1341847983.6387 -0.4685 -0.0236 -0.0696 -0.0065 0.0631 0.0268 0.9976
1341847983.7029 -0.4974 -0.0245 -0.0750 -0.0016 0.0663 0.0288 0.9974
1341847983.7387 -0.5109 -0.0222 -0.0784 -0.0003 0.0659 0.0307 0.9974
1341847983.7707 -0.5233 -0.0240 -0.0805 0.0005 0.0657 0.0321 0.9973
1341847983.8067 -0.5349 -0.0258 -0.0807 0.0019 0.0669 0.0316 0.9973
1341847983.8387 -0.5539 -0.0242 -0.0821 0.0058 0.0689 0.0317 0.9971
1341847983.8707 -0.5668 -0.0179 -0.0922 0.0080 0.0673 0.0348 0.9971
1341847983.9067 -0.5828 -0.0177 -0.0896 0.0084 0.0656 0.0376 0.9971
1341847983.9388 -0.5893 -0.0138 -0.0985 0.0089 0.0634 0.0388 0.9972
1341847983.9708 -0.6005 -0.0124 -0.0991 0.0075 0.0650 0.0376 0.9971
1341847984.0067 -0.6157 -0.0107 -0.0990 0.0067 0.0676 0.0368 0.9970
1341847984.0387 -0.6262 -0.0078 -0.1020 0.0055 0.0696 0.0367 0.9969
1341847984.0747 -0.6364 -0.0010 -0.1076 0.0039 0.0717 0.0355 0.9968
1341847984.1068 -0.6566 0.0000 -0.1002 -0.0003 0.0757 0.0344 0.9965
1341847984.1387 -0.6758 -0.0009 -0.0913 -0.0013 0.0786 0.0332 0.9963
1341847984.1748 -0.6797 0.0069 -0.1044 -0.0026 0.0774 0.0318 0.9965
1341847984.2067 -0.7035 0.0082 -0.0897 -0.0069 0.0812 0.0302 0.9962
1341847984.2387 -0.7184 0.0078 -0.0852 -0.0080 0.0805 0.0310 0.9962
1341847984.2748 -0.7261 0.0111 -0.0849 -0.0098 0.0786 0.0316 0.9964
1341847984.3067 -0.7373 0.0115 -0.0796 -0.0124 0.0788 0.0315 0.9963
1341847984.3431 -0.7511 0.0114 -0.0711 -0.0142 0.0791 0.0318 0.9963
1341847984.4067 -0.7719 0.0130 -0.0606 -0.0179 0.0756 0.0351 0.9964
1341847984.4429 -0.7828 0.0109 -0.0481 -0.0195 0.0757 0.0360 0.9963
1341847984.4746 -0.7916 0.0107 -0.0419 -0.0191 0.0759 0.0356 0.9963
1341847984.5067 -0.8019 0.0088 -0.0322 -0.0201 0.0769 0.0349 0.9962
1341847984.5427 -0.8079 0.0074 -0.0271 -0.0204 0.0784 0.0354 0.9961
1341847984.5748 -0.8185 0.0070 -0.0149 -0.0218 0.0817 0.0360 0.9958
1341847984.6108 -0.8323 -0.0020 0.0045 -0.0218 0.0829 0.0351 0.9957
1341847984.6427 -0.8425 -0.0039 0.0114 -0.0189 0.0818 0.0366 0.9958
1341847984.6748 -0.8491 -0.0053 0.0196 -0.0181 0.0814 0.0377 0.9958
1341847984.7107 -0.8591 -0.0131 0.0382 -0.0174 0.0814 0.0375 0.9958
1341847984.7434 -0.8680 -0.0165 0.0471 -0.0145 0.0809 0.0374 0.9959
1341847984.7789 -0.8761 -0.0186 0.0552 -0.0137 0.0814 0.0384 0.9958
1341847984.8106 -0.8848 -0.0249 0.0737 -0.0131 0.0824 0.0402 0.9957
1341847984.8427 -0.8914 -0.0318 0.0883 -0.0105 0.0826 0.0416 0.9957
1341847984.8788 -0.8983 -0.0349 0.0948 -0.0083 0.0828 0.0433 0.9956
1341847984.9106 -0.9057 -0.0372 0.1024 -0.0080 0.0824 0.0462 0.9955
1341847984.9431 -0.9136 -0.0428 0.1154 -0.0095 0.0811 0.0497 0.9954
1341847984.9792 -0.9175 -0.0466 0.1262 -0.0104 0.0790 0.0525 0.9954
1341847985.0106 -0.9181 -0.0501 0.1355 -0.0125 0.0784 0.0535 0.9954
1341847985.0466 -0.9211 -0.0563 0.1490 -0.0155 0.0814 0.0540 0.9951
1341847985.0787 -0.9270 -0.0623 0.1616 -0.0164 0.0852 0.0536 0.9948
1341847985.1108 -0.9327 -0.0678 0.1738 -0.0177 0.0883 0.0550 0.9944
1341847985.1468 -0.9358 -0.0745 0.1852 -0.0186 0.0909 0.0567 0.9941
1341847985.1787 -0.9414 -0.0816 0.1985 -0.0190 0.0945 0.0577 0.9937
1341847985.2108 -0.9463 -0.0901 0.2104 -0.0182 0.0971 0.0580 0.9934
1341847985.2467 -0.9481 -0.0946 0.2149 -0.0176 0.0994 0.0587 0.9932
1341847985.2789 -0.9533 -0.1017 0.2286 -0.0182 0.1031 0.0588 0.9928
1341847985.3146 -0.9596 -0.1094 0.2405 -0.0167 0.1066 0.0586 0.9924
1341847985.3468 -0.9643 -0.1127 0.2451 -0.0156 0.1083 0.0590 0.9922
1341847985.3788 -0.9681 -0.1172 0.2542 -0.0168 0.1096 0.0592 0.9921
1341847985.4146 -0.9715 -0.1232 0.2682 -0.0174 0.1125 0.0596 0.9917
1341847985.4469 -0.9773 -0.1285 0.2794 -0.0164 0.1153 0.0594 0.9914
1341847985.4787 -0.9825 -0.1327 0.2874 -0.0161 0.1169 0.0606 0.9912
1341847985.5147 -0.9859 -0.1375 0.2984 -0.0169 0.1186 0.0614 0.9909
1341847985.5468 -0.9903 -0.1438 0.3114 -0.0177 0.1218 0.0621 0.9905
1341847985.5826 -0.9967 -0.1505 0.3264 -0.0172 0.1254 0.0630 0.9900
1341847985.6148 -1.0026 -0.1558 0.3372 -0.0156 0.1276 0.0645 0.9896
1341847985.6471 -1.0080 -0.1635 0.3512 -0.0142 0.1302 0.0664 0.9892
1341847985.6828 -1.0150 -0.1691 0.3627 -0.0120 0.1331 0.0686 0.9886
1341847985.7147 -1.0216 -0.1731 0.3757 -0.0079 0.1347 0.0721 0.9882
1341847985.7470 -1.0268 -0.1777 0.3845 -0.0043 0.1359 0.0747 0.9879
1341847985.7828 -1.0334 -0.1829 0.3982 -0.0010 0.1388 0.0766 0.9874
1341847985.8147 -1.0409 -0.1900 0.4114 0.0057 0.1415 0.0793 0.9867
1341847985.8507 -1.0478 -0.1947 0.4143 0.0122 0.1426 0.0830 0.9862
1341847985.8828 -1.0523 -0.1958 0.4154 0.0125 0.1426 0.0867 0.9859
1341847985.9150 -1.0569 -0.2043 0.4279 0.0092 0.1455 0.0892 0.9853
1341847985.9508 -1.0611 -0.2147 0.4396 0.0077 0.1504 0.0887 0.9846
1341847985.9827 -1.0676 -0.2203 0.4499 0.0084 0.1555 0.0885 0.9838
1341847986.0188 -1.0741 -0.2243 0.4586 0.0092 0.1583 0.0907 0.9832
1341847986.0520 -1.0789 -0.2296 0.4684 0.0087 0.1598 0.0938 0.9826
1341847986.0826 -1.0827 -0.2369 0.4791 0.0083 0.1612 0.0950 0.9823
1341847986.1187 -1.0856 -0.2421 0.4852 0.0072 0.1639 0.0949 0.9819
1341847986.1506 -1.0885 -0.2477 0.4948 0.0047 0.1682 0.0955 0.9811
1341847986.1826 -1.0932 -0.2584 0.5115 0.0029 0.1729 0.0958 0.9803
1341847986.2187 -1.0973 -0.2646 0.5217 0.0047 0.1760 0.0965 0.9796
1341847986.2506 -1.1002 -0.2710 0.5309 0.0058 0.1786 0.0985 0.9790
1341847986.2867 -1.1027 -0.2795 0.5428 0.0066 0.1819 0.0997 0.9782
1341847986.3262 -1.1052 -0.2870 0.5542 0.0086 0.1853 0.1008 0.9775
1341847986.3592 -1.1080 -0.2918 0.5630 0.0111 0.1885 0.1031 0.9766
1341847986.3945 -1.1095 -0.2958 0.5727 0.0116 0.1911 0.1051 0.9759
1341847986.4259 -1.1116 -0.3020 0.5851 0.0114 0.1942 0.1064 0.9751
1341847986.4577 -1.1132 -0.3070 0.5953 0.0107 0.1976 0.1074 0.9743
1341847986.4937 -1.1165 -0.3148 0.6114 0.0094 0.2011 0.1087 0.9735
1341847986.5258 -1.1190 -0.3209 0.6237 0.0101 0.2032 0.1099 0.9729
1341847986.5617 -1.1206 -0.3250 0.6340 0.0094 0.2054 0.1107 0.9724
1341847986.5937 -1.1234 -0.3335 0.6503 0.0074 0.2093 0.1109 0.9715
1341847986.6257 -1.1265 -0.3432 0.6668 0.0076 0.2134 0.1112 0.9706
1341847986.6619 -1.1284 -0.3445 0.6751 0.0097 0.2151 0.1140 0.9699
1341847986.6937 -1.1309 -0.3488 0.6886 0.0101 0.2162 0.1184 0.9691
1341847986.7259 -1.1326 -0.3536 0.6996 0.0107 0.2164 0.1237 0.9684
1341847986.7626 -1.1335 -0.3571 0.7079 0.0100 0.2164 0.1275 0.9679
1341847986.7938 -1.1338 -0.3629 0.7174 0.0063 0.2183 0.1299 0.9672
1341847986.8298 -1.1372 -0.3715 0.7340 0.0032 0.2223 0.1315 0.9661
1341847986.8867 -1.1419 -0.3765 0.7550 0.0020 0.2237 0.1369 0.9650
1341847986.9227 -1.1434 -0.3829 0.7670 -0.0006 0.2243 0.1403 0.9644
1341847986.9547 -1.1446 -0.3907 0.7790 -0.0033 0.2261 0.1416 0.9638
1341847986.9906 -1.1468 -0.3962 0.7921 -0.0049 0.2289 0.1426 0.9629
1341847987.0229 -1.1488 -0.3997 0.8018 -0.0051 0.2309 0.1449 0.9621
1341847987.0546 -1.1506 -0.4011 0.8103 -0.0061 0.2316 0.1476 0.9615
1341847987.0912 -1.1522 -0.4083 0.8226 -0.0089 0.2330 0.1492 0.9609
1341847987.1232 -1.1528 -0.4167 0.8350 -0.0112 0.2367 0.1483 0.9601
1341847987.1907 -1.1565 -0.4208 0.8543 -0.0142 0.2466 0.1463 0.9579
1341847987.2593 -1.1622 -0.4273 0.8771 -0.0165 0.2534 0.1492 0.9557
1341847987.2907 -1.1639 -0.4350 0.8871 -0.0186 0.2584 0.1485 0.9544
1341847987.3228 -1.1668 -0.4393 0.8984 -0.0189 0.2652 0.1469 0.9527
1341847987.3907 -1.1759 -0.4473 0.9228 -0.0146 0.2781 0.1419 0.9499
1341847987.4228 -1.1799 -0.4481 0.9304 -0.0118 0.2843 0.1403 0.9483
1341847987.4586 -1.1854 -0.4455 0.9441 -0.0073 0.2904 0.1405 0.9465
1341847987.4908 -1.1913 -0.4434 0.9538 -0.0009 0.2939 0.1422 0.9452
1341847987.5268 -1.1955 -0.4377 0.9515 0.0012 0.2948 0.1453 0.9444
1341847987.5587 -1.2001 -0.4471 0.9728 -0.0013 0.3012 0.1467 0.9422
1341847987.5908 -1.2064 -0.4434 0.9823 0.0043 0.3060 0.1488 0.9403
1341847987.6269 -1.2123 -0.4364 0.9864 0.0081 0.3078 0.1530 0.9390
1341847987.6589 -1.2171 -0.4381 0.9985 0.0072 0.3104 0.1557 0.9377
1341847987.6916 -1.2229 -0.4362 1.0094 0.0080 0.3126 0.1576 0.9367
1341847987.7267 -1.2278 -0.4374 1.0234 0.0084 0.3134 0.1597 0.9361
1341847987.7587 -1.2323 -0.4373 1.0307 0.0097 0.3138 0.1636 0.9352
1341847987.7947 -1.2374 -0.4373 1.0419 0.0102 0.3143 0.1674 0.9344
1341847987.8267 -1.2432 -0.4393 1.0534 0.0109 0.3146 0.1708 0.9337
1341847987.8659 -1.2482 -0.4424 1.0637 0.0102 0.3143 0.1725 0.9335
1341847987.8978 -1.2545 -0.4434 1.0756 0.0118 0.3152 0.1745 0.9328
1341847987.9337 -1.2597 -0.4478 1.0867 0.0126 0.3145 0.1750 0.9329
1341847987.9658 -1.2643 -0.4532 1.0960 0.0134 0.3151 0.1723 0.9332
1341847987.9978 -1.2701 -0.4538 1.1026 0.0152 0.3158 0.1701 0.9333
1341847988.0338 -1.2746 -0.4600 1.1155 0.0152 0.3181 0.1666 0.9332
1341847988.0657 -1.2799 -0.4606 1.1254 0.0189 0.3193 0.1631 0.9333
1341847988.0982 -1.2844 -0.4632 1.1316 0.0209 0.3199 0.1587 0.9338
1341847988.1338 -1.2888 -0.4657 1.1403 0.0221 0.3228 0.1553 0.9334
1341847988.1658 -1.2949 -0.4596 1.1465 0.0270 0.3238 0.1558 0.9328
1341847988.2017 -1.3000 -0.4556 1.1517 0.0280 0.3219 0.1597 0.9328
1341847988.2338 -1.3014 -0.4618 1.1619 0.0241 0.3215 0.1620 0.9327
1341847988.2657 -1.3026 -0.4667 1.1725 0.0226 0.3238 0.1616 0.9320
1341847988.3018 -1.3069 -0.4621 1.1768 0.0246 0.3249 0.1628 0.9313
1341847988.3337 -1.3099 -0.4601 1.1842 0.0235 0.3249 0.1664 0.9307
1341847988.3697 -1.3110 -0.4637 1.1950 0.0214 0.3261 0.1687 0.9299
1341847988.4017 -1.3151 -0.4602 1.2029 0.0238 0.3267 0.1724 0.9290
1341847988.4340 -1.3168 -0.4633 1.2103 0.0226 0.3260 0.1757 0.9286
1341847988.4697 -1.3182 -0.4687 1.2169 0.0217 0.3283 0.1743 0.9281
1341847988.5025 -1.3234 -0.4627 1.2183 0.0247 0.3305 0.1752 0.9271
1341847988.5378 -1.3292 -0.4574 1.2227 0.0261 0.3312 0.1797 0.9259
1341847988.5697 -1.3325 -0.4593 1.2283 0.0235 0.3300 0.1817 0.9260
1341847988.6018 -1.3356 -0.4632 1.2310 0.0196 0.3306 0.1807 0.9261
1341847988.6378 -1.3394 -0.4642 1.2359 0.0164 0.3332 0.1791 0.9255
1341847988.6698 -1.3443 -0.4635 1.2412 0.0152 0.3353 0.1779 0.9250
1341847988.7062 -1.3494 -0.4640 1.2441 0.0136 0.3367 0.1781 0.9245
1341847988.7379 -1.3543 -0.4650 1.2488 0.0133 0.3384 0.1802 0.9235
1341847988.7697 -1.3600 -0.4659 1.2529 0.0142 0.3388 0.1842 0.9225
1341847988.8061 -1.3655 -0.4696 1.2548 0.0144 0.3391 0.1864 0.9220
1341847988.8379 -1.3723 -0.4718 1.2532 0.0132 0.3402 0.1880 0.9213
1341847988.8739 -1.3777 -0.4763 1.2578 0.0102 0.3434 0.1882 0.9201
1341847988.9378 -1.3938 -0.4779 1.2606 0.0102 0.3474 0.1910 0.9180
1341847988.9987 -1.4099 -0.4825 1.2670 0.0084 0.3501 0.1964 0.9159
1341847989.0347 -1.4196 -0.4848 1.2671 0.0068 0.3498 0.1985 0.9155
1341847989.0667 -1.4259 -0.4931 1.2734 0.0027 0.3514 0.1982 0.9150
1341847989.0988 -1.4348 -0.4983 1.2801 0.0039 0.3531 0.1968 0.9146
1341847989.1347 -1.4451 -0.5018 1.2806 0.0075 0.3525 0.1975 0.9147
1341847989.1667 -1.4546 -0.5078 1.2828 0.0098 0.3524 0.1987 0.9145
1341847989.2027 -1.4662 -0.5109 1.2845 0.0134 0.3509 0.1993 0.9149
1341847989.2347 -1.4767 -0.5161 1.2854 0.0153 0.3483 0.1995 0.9158
1341847989.2667 -1.4865 -0.5223 1.2857 0.0153 0.3467 0.1974 0.9169
1341847989.3028 -1.4973 -0.5262 1.2867 0.0148 0.3453 0.1934 0.9182
1341847989.3349 -1.5083 -0.5306 1.2873 0.0130 0.3439 0.1895 0.9196
1341847989.3667 -1.5168 -0.5372 1.2886 0.0088 0.3435 0.1840 0.9209
1341847989.4028 -1.5248 -0.5431 1.2918 0.0057 0.3450 0.1787 0.9214
1341847989.4348 -1.5346 -0.5462 1.2937 0.0073 0.3456 0.1750 0.9219
1341847989.4707 -1.5447 -0.5489 1.2891 0.0067 0.3449 0.1730 0.9225
1341847989.5026 -1.5520 -0.5532 1.2912 0.0043 0.3460 0.1733 0.9221
1341847989.5347 -1.5604 -0.5560 1.2944 0.0056 0.3459 0.1749 0.9218
1341847989.5707 -1.5684 -0.5610 1.2913 0.0045 0.3451 0.1749 0.9221
1341847989.6028 -1.5729 -0.5698 1.2962 0.0007 0.3479 0.1735 0.9213
1341847989.6347 -1.5810 -0.5734 1.2967 0.0020 0.3515 0.1704 0.9205
1341847989.6706 -1.5918 -0.5715 1.2928 0.0033 0.3538 0.1702 0.9197
1341847989.7026 -1.5990 -0.5749 1.2963 0.0015 0.3553 0.1706 0.9190
1341847989.7389 -1.6071 -0.5786 1.2971 0.0007 0.3577 0.1693 0.9184
1341847989.7707 -1.6175 -0.5788 1.2958 -0.0000 0.3598 0.1693 0.9176
1341847989.8029 -1.6266 -0.5803 1.2979 -0.0012 0.3612 0.1699 0.9169
1341847989.8388 -1.6361 -0.5835 1.2995 -0.0019 0.3627 0.1708 0.9161
1341847989.8710 -1.6451 -0.5884 1.3027 -0.0023 0.3655 0.1690 0.9153
1341847989.9027 -1.6587 -0.5870 1.3004 0.0008 0.3675 0.1696 0.9144
1341847989.9389 -1.6724 -0.5868 1.3006 0.0031 0.3669 0.1737 0.9139
1341847989.9707 -1.6831 -0.5935 1.3027 0.0030 0.3660 0.1750 0.9140
1341847990.0069 -1.6944 -0.5982 1.3012 0.0022 0.3674 0.1739 0.9136
1341847990.0390 -1.7072 -0.5992 1.3025 0.0027 0.3696 0.1737 0.9128
1341847990.0707 -1.7199 -0.6012 1.3038 0.0038 0.3699 0.1729 0.9128
1341847990.1067 -1.7321 -0.6042 1.3025 0.0038 0.3702 0.1730 0.9127
1341847990.1392 -1.7434 -0.6066 1.3041 0.0044 0.3712 0.1739 0.9121
1341847990.1711 -1.7564 -0.6073 1.3049 0.0077 0.3704 0.1751 0.9122
1341847990.2070 -1.7696 -0.6096 1.3032 0.0099 0.3682 0.1764 0.9128
1341847990.2389 -1.7816 -0.6128 1.3023 0.0094 0.3675 0.1778 0.9128
1341847990.2747 -1.7919 -0.6164 1.3063 0.0103 0.3672 0.1784 0.9128
1341847990.3067 -1.8052 -0.6179 1.3038 0.0112 0.3662 0.1777 0.9134
1341847990.3391 -1.8163 -0.6204 1.3057 0.0096 0.3665 0.1777 0.9132
1341847990.3747 -1.8266 -0.6220 1.3087 0.0100 0.3666 0.1776 0.9132
1341847990.4068 -1.8395 -0.6220 1.3070 0.0103 0.3654 0.1777 0.9137
1341847990.4426 -1.8489 -0.6235 1.3092 0.0079 0.3652 0.1803 0.9133
1341847990.4746 -1.8561 -0.6268 1.3146 0.0072 0.3652 0.1801 0.9133
1341847990.5068 -1.8665 -0.6269 1.3135 0.0070 0.3653 0.1800 0.9133
1341847990.5428 -1.8757 -0.6269 1.3152 0.0060 0.3664 0.1832 0.9122
1341847990.5747 -1.8831 -0.6285 1.3192 0.0064 0.3662 0.1863 0.9117
1341847990.6428 -1.8992 -0.6324 1.3218 0.0042 0.3687 0.1874 0.9104
1341847990.6748 -1.9080 -0.6328 1.3243 0.0043 0.3707 0.1900 0.9091
1341847990.7108 -1.9175 -0.6334 1.3262 0.0062 0.3707 0.1935 0.9083
1341847990.7427 -1.9268 -0.6343 1.3256 0.0061 0.3704 0.1979 0.9075
1341847990.7747 -1.9306 -0.6389 1.3326 0.0048 0.3714 0.2005 0.9065
1341847990.8108 -1.9386 -0.6409 1.3342 0.0068 0.3736 0.2010 0.9055
1341847990.8427 -1.9483 -0.6412 1.3342 0.0071 0.3752 0.2028 0.9045
1341847990.8747 -1.9536 -0.6442 1.3388 0.0057 0.3769 0.2038 0.9035
1341847990.9108 -1.9603 -0.6467 1.3419 0.0055 0.3791 0.2041 0.9026
1341847990.9427 -1.9674 -0.6492 1.3437 0.0040 0.3815 0.2039 0.9016
1341847990.9788 -1.9719 -0.6528 1.3490 0.0024 0.3842 0.2041 0.9004
1341847991.0108 -1.9782 -0.6553 1.3532 0.0037 0.3863 0.2041 0.8995
1341847991.0428 -1.9853 -0.6580 1.3550 0.0041 0.3881 0.2051 0.8985
1341847991.0787 -1.9904 -0.6618 1.3605 0.0044 0.3902 0.2071 0.8971
1341847991.1113 -1.9970 -0.6655 1.3644 0.0060 0.3917 0.2091 0.8960
1341847991.1428 -2.0032 -0.6694 1.3685 0.0059 0.3932 0.2096 0.8952
1341847991.1788 -2.0089 -0.6728 1.3749 0.0058 0.3958 0.2105 0.8939
1341847991.2107 -2.0157 -0.6776 1.3816 0.0070 0.3982 0.2109 0.8927
1341847991.2468 -2.0249 -0.6798 1.3862 0.0077 0.3999 0.2104 0.8921
1341847991.2787 -2.0304 -0.6837 1.3941 0.0078 0.4025 0.2110 0.8907
1341847991.3108 -2.0401 -0.6853 1.3997 0.0112 0.4045 0.2132 0.8893
1341847991.3467 -2.0535 -0.6855 1.4026 0.0152 0.4029 0.2179 0.8888
1341847991.3788 -2.0613 -0.6888 1.4063 0.0150 0.4007 0.2243 0.8882
1341847991.4147 -2.0636 -0.6960 1.4158 0.0115 0.4015 0.2278 0.8870
1341847991.4467 -2.0691 -0.7000 1.4228 0.0092 0.4039 0.2282 0.8858
1341847991.4788 -2.0745 -0.7031 1.4292 0.0073 0.4070 0.2290 0.8843
1341847991.5147 -2.0804 -0.7056 1.4357 0.0067 0.4097 0.2310 0.8825
1341847991.5467 -2.0870 -0.7075 1.4400 0.0077 0.4113 0.2342 0.8809
1341847991.5788 -2.0926 -0.7106 1.4431 0.0081 0.4126 0.2392 0.8789
1341847991.6149 -2.0945 -0.7149 1.4490 0.0085 0.4148 0.2440 0.8766
1341847991.6467 -2.0956 -0.7201 1.4529 0.0093 0.4184 0.2480 0.8737
1341847991.6899 -2.0984 -0.7257 1.4551 0.0093 0.4238 0.2503 0.8705
1341847991.7468 -2.1103 -0.7313 1.4585 0.0113 0.4310 0.2544 0.8657
1341847991.7827 -2.1124 -0.7369 1.4616 0.0099 0.4337 0.2572 0.8635
1341847991.8147 -2.1119 -0.7456 1.4672 0.0076 0.4376 0.2577 0.8614
1341847991.8467 -2.1150 -0.7507 1.4703 0.0078 0.4423 0.2559 0.8595
1341847991.8828 -2.1233 -0.7507 1.4703 0.0089 0.4458 0.2567 0.8575
1341847991.9158 -2.1270 -0.7570 1.4753 0.0089 0.4476 0.2590 0.8559
1341847991.9508 -2.1297 -0.7640 1.4798 0.0081 0.4496 0.2589 0.8549
1341847991.9828 -2.1325 -0.7686 1.4832 0.0068 0.4526 0.2574 0.8537
1341847992.0147 -2.1367 -0.7738 1.4885 0.0059 0.4565 0.2567 0.8518
1341847992.0506 -2.1466 -0.7759 1.4934 0.0062 0.4591 0.2565 0.8506
1341847992.0828 -2.1501 -0.7826 1.5018 0.0045 0.4608 0.2566 0.8496
1341847992.1148 -2.1545 -0.7858 1.5069 0.0041 0.4629 0.2562 0.8486
1341847992.1508 -2.1608 -0.7897 1.5136 0.0045 0.4655 0.2566 0.8470
1341847992.1828 -2.1704 -0.7921 1.5198 0.0053 0.4671 0.2573 0.8459
1341847992.2187 -2.1743 -0.7982 1.5271 0.0050 0.4687 0.2586 0.8446
1341847992.2507 -2.1805 -0.8028 1.5321 0.0046 0.4719 0.2583 0.8430
1341847992.3187 -2.1965 -0.8109 1.5457 0.0059 0.4790 0.2597 0.8385
1341847992.3507 -2.2066 -0.8136 1.5508 0.0067 0.4816 0.2613 0.8365
1341847992.3829 -2.2137 -0.8185 1.5581 0.0073 0.4839 0.2640 0.8343
1341847992.4189 -2.2205 -0.8239 1.5638 0.0087 0.4864 0.2667 0.8320
1341847992.4508 -2.2314 -0.8269 1.5683 0.0099 0.4886 0.2689 0.8300
1341847992.4867 -2.2394 -0.8317 1.5750 0.0105 0.4906 0.2724 0.8276
1341847992.5187 -2.2465 -0.8388 1.5823 0.0107 0.4926 0.2741 0.8259
1341847992.5506 -2.2572 -0.8429 1.5871 0.0113 0.4942 0.2747 0.8247
1341847992.5867 -2.2685 -0.8458 1.5938 0.0107 0.4958 0.2756 0.8235
1341847992.6188 -2.2767 -0.8506 1.6020 0.0099 0.4975 0.2770 0.8220
1341847992.6547 -2.2867 -0.8550 1.6097 0.0093 0.4987 0.2785 0.8208
1341847992.6868 -2.2914 -0.8602 1.6182 0.0082 0.4998 0.2788 0.8200
1341847992.7187 -2.2979 -0.8641 1.6239 0.0087 0.5016 0.2784 0.8190
1341847992.7548 -2.3111 -0.8656 1.6305 0.0105 0.5032 0.2796 0.8176
1341847992.7866 -2.3170 -0.8716 1.6395 0.0098 0.5036 0.2805 0.8170
1341847992.8187 -2.3233 -0.8752 1.6433 0.0088 0.5044 0.2799 0.8168
1341847992.8549 -2.3318 -0.8765 1.6485 0.0073 0.5063 0.2797 0.8157
1341847992.8866 -2.3366 -0.8801 1.6579 0.0052 0.5079 0.2809 0.8143
1341847992.9227 -2.3397 -0.8854 1.6665 0.0042 0.5089 0.2818 0.8134
1341847992.9546 -2.3430 -0.8882 1.6711 0.0034 0.5099 0.2824 0.8125
1341847992.9867 -2.3450 -0.8927 1.6797 0.0034 0.5119 0.2834 0.8109
1341847993.0227 -2.3541 -0.8946 1.6847 0.0047 0.5130 0.2842 0.8100
1341847993.0548 -2.3570 -0.8991 1.6926 0.0035 0.5138 0.2852 0.8091
1341847993.0868 -2.3619 -0.9028 1.6997 0.0022 0.5152 0.2852 0.8082
1341847993.1227 -2.3665 -0.9059 1.7074 0.0002 0.5168 0.2850 0.8073
1341847993.1547 -2.3680 -0.9102 1.7160 -0.0021 0.5187 0.2847 0.8062
1341847993.1908 -2.3679 -0.9148 1.7253 -0.0026 0.5214 0.2850 0.8043
1341847993.2227 -2.3729 -0.9186 1.7326 0.0002 0.5237 0.2865 0.8023
1341847993.2618 -2.3787 -0.9227 1.7402 0.0033 0.5247 0.2886 0.8009
1341847993.3228 -2.3823 -0.9347 1.7558 0.0063 0.5278 0.2908 0.7980
1341847993.3547 -2.3884 -0.9390 1.7640 0.0069 0.5302 0.2915 0.7962
1341847993.3907 -2.3891 -0.9442 1.7737 0.0061 0.5326 0.2920 0.7944
1341847993.4227 -2.3919 -0.9484 1.7836 0.0056 0.5357 0.2924 0.7922
1341847993.4588 -2.3936 -0.9531 1.7934 0.0064 0.5383 0.2936 0.7899
1341847993.4907 -2.3984 -0.9569 1.8027 0.0085 0.5402 0.2957 0.7878
1341847993.5227 -2.4051 -0.9607 1.8113 0.0106 0.5411 0.2989 0.7860
1341847993.5587 -2.4091 -0.9649 1.8215 0.0109 0.5416 0.3030 0.7841
1341847993.5910 -2.4129 -0.9699 1.8317 0.0102 0.5416 0.3058 0.7830
1341847993.6268 -2.4159 -0.9752 1.8421 0.0084 0.5419 0.3077 0.7821
1341847993.6589 -2.4231 -0.9786 1.8513 0.0058 0.5422 0.3098 0.7810
1341847993.6907 -2.4225 -0.9832 1.8628 0.0015 0.5418 0.3122 0.7804
1341847993.7271 -2.4157 -0.9899 1.8737 -0.0027 0.5430 0.3118 0.7796
1341847993.7909 -2.4209 -0.9986 1.8921 -0.0057 0.5492 0.3106 0.7758
1341847993.8267 -2.4235 -1.0034 1.9019 -0.0056 0.5495 0.3118 0.7751
1341847993.8589 -2.4261 -1.0098 1.9093 -0.0074 0.5499 0.3118 0.7748
1341847993.9017 -2.4245 -1.0143 1.9187 -0.0100 0.5513 0.3118 0.7738
1341847993.9337 -2.4246 -1.0221 1.9275 -0.0100 0.5529 0.3120 0.7726
1341847993.9658 -2.4310 -1.0277 1.9322 -0.0112 0.5538 0.3111 0.7723
1341847994.0020 -2.4247 -1.0327 1.9394 -0.0146 0.5563 0.3107 0.7706
1341847994.0340 -2.4235 -1.0405 1.9462 -0.0132 0.5597 0.3104 0.7683
1341847994.0657 -2.4316 -1.0458 1.9505 -0.0111 0.5615 0.3102 0.7670
1341847994.1018 -2.4301 -1.0509 1.9577 -0.0113 0.5635 0.3110 0.7653
1341847994.1339 -2.4285 -1.0578 1.9657 -0.0099 0.5662 0.3104 0.7635
1341847994.1697 -2.4363 -1.0626 1.9698 -0.0070 0.5684 0.3100 0.7621
1341847994.2017 -2.4394 -1.0667 1.9771 -0.0050 0.5703 0.3124 0.7597
1341847994.2336 -2.4375 -1.0745 1.9858 -0.0011 0.5723 0.3144 0.7574
1341847994.2697 -2.4472 -1.0808 1.9902 0.0020 0.5746 0.3136 0.7559
1341847994.3018 -2.4523 -1.0855 1.9975 0.0017 0.5769 0.3139 0.7541
1341847994.3338 -2.4506 -1.0933 2.0070 0.0031 0.5797 0.3143 0.7518
1341847994.3697 -2.4599 -1.1004 2.0139 0.0056 0.5821 0.3136 0.7502
1341847994.4017 -2.4644 -1.1067 2.0229 0.0072 0.5840 0.3144 0.7484
1341847994.4338 -2.4685 -1.1141 2.0332 0.0103 0.5856 0.3161 0.7463
1341847994.4697 -2.4768 -1.1212 2.0426 0.0127 0.5868 0.3168 0.7451
1341847994.5017 -2.4822 -1.1266 2.0521 0.0137 0.5879 0.3181 0.7437
1341847994.5377 -2.4853 -1.1336 2.0627 0.0153 0.5895 0.3196 0.7417
1341847994.5697 -2.4953 -1.1400 2.0722 0.0169 0.5909 0.3212 0.7399
1341847994.6017 -2.5020 -1.1446 2.0819 0.0161 0.5921 0.3235 0.7379
1341847994.6378 -2.5026 -1.1502 2.0932 0.0152 0.5935 0.3258 0.7358
1341847994.6697 -2.5090 -1.1562 2.1035 0.0158 0.5946 0.3269 0.7344
1341847994.7016 -2.5167 -1.1611 2.1128 0.0138 0.5956 0.3284 0.7329
1341847994.7698 -2.5167 -1.1723 2.1336 0.0120 0.6000 0.3297 0.7288
1341847994.8313 -2.5360 -1.1825 2.1508 0.0061 0.6041 0.3354 0.7229
1341847994.8668 -2.5336 -1.1870 2.1619 0.0043 0.6039 0.3391 0.7213
1341847994.8987 -2.5377 -1.1911 2.1702 0.0035 0.6042 0.3408 0.7203
1341847994.9307 -2.5405 -1.1942 2.1782 0.0003 0.6055 0.3411 0.7190
1341847994.9667 -2.5373 -1.1971 2.1872 -0.0014 0.6077 0.3422 0.7166
1341847994.9987 -2.5409 -1.2023 2.1944 -0.0000 0.6102 0.3437 0.7138
1341847995.0308 -2.5457 -1.2051 2.2017 -0.0000 0.6127 0.3463 0.7104
1341847995.0667 -2.5395 -1.2083 2.2096 0.0004 0.6150 0.3485 0.7074
1341847995.0987 -2.5422 -1.2132 2.2159 0.0023 0.6186 0.3488 0.7040
1341847995.1349 -2.5481 -1.2175 2.2223 0.0024 0.6220 0.3497 0.7006
1341847995.1666 -2.5439 -1.2217 2.2306 0.0032 0.6246 0.3510 0.6976
1341847995.1988 -2.5481 -1.2265 2.2367 0.0050 0.6273 0.3506 0.6954
1341847995.2347 -2.5534 -1.2318 2.2427 0.0051 0.6295 0.3512 0.6931
1341847995.2668 -2.5501 -1.2357 2.2502 0.0055 0.6309 0.3525 0.6911
1341847995.2988 -2.5506 -1.2417 2.2572 0.0080 0.6334 0.3530 0.6885
1341847995.3347 -2.5600 -1.2468 2.2634 0.0082 0.6352 0.3532 0.6868
1341847995.3667 -2.5551 -1.2498 2.2715 0.0066 0.6367 0.3542 0.6849
1341847995.4028 -2.5572 -1.2552 2.2795 0.0066 0.6385 0.3537 0.6835
1341847995.4347 -2.5602 -1.2594 2.2882 0.0056 0.6397 0.3539 0.6823
1341847995.4668 -2.5559 -1.2629 2.2963 0.0047 0.6411 0.3542 0.6808
1341847995.5027 -2.5560 -1.2679 2.3059 0.0063 0.6426 0.3544 0.6793
1341847995.5348 -2.5598 -1.2739 2.3135 0.0093 0.6418 0.3563 0.6790
1341847995.5667 -2.5627 -1.2772 2.3212 0.0126 0.6405 0.3609 0.6777
1341847995.6027 -2.5625 -1.2803 2.3307 0.0139 0.6391 0.3655 0.6766
1341847995.6348 -2.5608 -1.2829 2.3382 0.0130 0.6384 0.3680 0.6759
1341847995.6708 -2.5591 -1.2856 2.3451 0.0110 0.6388 0.3702 0.6744
1341847995.7028 -2.5570 -1.2883 2.3527 0.0091 0.6396 0.3734 0.6718
1341847995.7348 -2.5498 -1.2909 2.3590 0.0086 0.6395 0.3760 0.6705
1341847995.7707 -2.5505 -1.2941 2.3651 0.0090 0.6399 0.3769 0.6696
1341847995.8028 -2.5486 -1.2960 2.3714 0.0084 0.6409 0.3784 0.6678
1341847995.8388 -2.5456 -1.2990 2.3774 0.0086 0.6417 0.3788 0.6669
1341847995.8706 -2.5479 -1.3024 2.3822 0.0090 0.6426 0.3783 0.6662
1341847995.9028 -2.5506 -1.3042 2.3882 0.0070 0.6442 0.3782 0.6648
1341847995.9387 -2.5432 -1.3062 2.3919 0.0061 0.6455 0.3793 0.6629
1341847995.9707 -2.5455 -1.3104 2.3949 0.0074 0.6477 0.3793 0.6608
1341847996.0027 -2.5489 -1.3127 2.3986 0.0057 0.6498 0.3790 0.6588
1341847996.0388 -2.5421 -1.3149 2.4010 0.0049 0.6515 0.3798 0.6567
1341847996.0707 -2.5423 -1.3193 2.4033 0.0071 0.6536 0.3795 0.6548
1341847996.1067 -2.5476 -1.3220 2.4063 0.0075 0.6554 0.3785 0.6535
1341847996.1388 -2.5427 -1.3230 2.4084 0.0071 0.6576 0.3788 0.6512
1341847996.1707 -2.5416 -1.3265 2.4113 0.0091 0.6609 0.3781 0.6482
1341847996.2066 -2.5500 -1.3294 2.4154 0.0090 0.6638 0.3756 0.6467
1341847996.2390 -2.5508 -1.3313 2.4186 0.0080 0.6656 0.3761 0.6446
1341847996.2708 -2.5505 -1.3336 2.4224 0.0087 0.6668 0.3782 0.6421
1341847996.3389 -2.5538 -1.3381 2.4291 0.0095 0.6693 0.3798 0.6385
1341847996.3747 -2.5531 -1.3395 2.4326 0.0088 0.6712 0.3807 0.6360
1341847996.4067 -2.5529 -1.3429 2.4363 0.0102 0.6732 0.3820 0.6330
1341847996.4386 -2.5586 -1.3458 2.4408 0.0113 0.6751 0.3830 0.6304
1341847996.4748 -2.5565 -1.3481 2.4457 0.0113 0.6764 0.3844 0.6281
1341847996.5067 -2.5555 -1.3519 2.4501 0.0139 0.6780 0.3851 0.6260
1341847996.5388 -2.5638 -1.3558 2.4565 0.0156 0.6799 0.3849 0.6240
1341847996.5748 -2.5677 -1.3582 2.4637 0.0141 0.6806 0.3861 0.6225
1341847996.6071 -2.5649 -1.3610 2.4693 0.0143 0.6813 0.3876 0.6208
1341847996.6428 -2.5756 -1.3642 2.4779 0.0140 0.6823 0.3884 0.6192
1341847996.6748 -2.5738 -1.3643 2.4862 0.0106 0.6822 0.3907 0.6179
1341847996.7069 -2.5707 -1.3644 2.4912 0.0090 0.6841 0.3916 0.6153
1341847996.7427 -2.5783 -1.3675 2.4994 0.0045 0.6876 0.3913 0.6116
1341847996.7747 -2.5749 -1.3686 2.5073 0.0003 0.6895 0.3928 0.6085
1341847996.8068 -2.5762 -1.3727 2.5137 0.0008 0.6911 0.3953 0.6051
1341847996.8428 -2.5810 -1.3768 2.5220 0.0010 0.6924 0.3971 0.6024
1341847996.8748 -2.5805 -1.3810 2.5299 0.0011 0.6926 0.3992 0.6008
1341847996.9108 -2.5820 -1.3865 2.5382 0.0034 0.6932 0.4001 0.5995
1341847996.9427 -2.5876 -1.3921 2.5478 0.0058 0.6934 0.4013 0.5984
1341847996.9748 -2.5863 -1.3969 2.5565 0.0078 0.6939 0.4017 0.5976
1341847997.0107 -2.5932 -1.4035 2.5670 0.0098 0.6952 0.4007 0.5967
1341847997.0427 -2.5963 -1.4092 2.5771 0.0104 0.6956 0.4007 0.5962
1341847997.0787 -2.5983 -1.4155 2.5871 0.0117 0.6960 0.4005 0.5958
1341847997.1430 -2.6035 -1.4258 2.6086 0.0103 0.6971 0.3983 0.5960
1341847997.1788 -2.6049 -1.4316 2.6187 0.0105 0.6975 0.3967 0.5967
1341847997.2109 -2.6107 -1.4371 2.6294 0.0098 0.6978 0.3953 0.5973
1341847997.2430 -2.6125 -1.4418 2.6393 0.0085 0.6979 0.3953 0.5972
1341847997.2788 -2.6123 -1.4466 2.6479 0.0079 0.6977 0.3963 0.5967
1341847997.3114 -2.6124 -1.4508 2.6563 0.0068 0.6980 0.3966 0.5963
1341847997.3466 -2.6076 -1.4543 2.6615 0.0060 0.6991 0.3966 0.5949
1341847997.3787 -2.6091 -1.4604 2.6696 0.0061 0.7015 0.3958 0.5926
1341847997.4108 -2.6067 -1.4657 2.6771 0.0056 0.7034 0.3959 0.5903
1341847997.4467 -2.5993 -1.4710 2.6825 0.0066 0.7054 0.3949 0.5886
1341847997.4788 -2.6058 -1.4780 2.6893 0.0077 0.7086 0.3932 0.5859
1341847997.5109 -2.6033 -1.4834 2.6977 0.0067 0.7111 0.3934 0.5826
1341847997.5466 -2.5975 -1.4895 2.7055 0.0064 0.7131 0.3932 0.5804
1341847997.5787 -2.5953 -1.4948 2.7125 0.0060 0.7153 0.3917 0.5787
1341847997.6147 -2.5929 -1.5003 2.7206 0.0046 0.7182 0.3902 0.5761
1341847997.6470 -2.5863 -1.5085 2.7293 0.0043 0.7205 0.3897 0.5736
1341847997.6788 -2.5826 -1.5166 2.7391 0.0062 0.7218 0.3887 0.5726
1341847997.7146 -2.5795 -1.5218 2.7480 0.0075 0.7231 0.3873 0.5719
1341847997.7466 -2.5730 -1.5273 2.7569 0.0078 0.7255 0.3857 0.5699
1341847997.7787 -2.5696 -1.5357 2.7680 0.0090 0.7282 0.3840 0.5677
1341847997.8469 -2.5635 -1.5500 2.7887 0.0127 0.7305 0.3843 0.5644
1341847997.8826 -2.5618 -1.5556 2.7996 0.0146 0.7315 0.3864 0.5616
1341847997.9152 -2.5540 -1.5621 2.8089 0.0158 0.7318 0.3890 0.5594
1341847997.9470 -2.5503 -1.5691 2.8193 0.0178 0.7321 0.3913 0.5572
1341847997.9827 -2.5433 -1.5749 2.8285 0.0189 0.7319 0.3935 0.5560
1341847998.0149 -2.5372 -1.5814 2.8370 0.0201 0.7325 0.3943 0.5547
1341847998.0508 -2.5333 -1.5880 2.8475 0.0213 0.7331 0.3950 0.5533
1341847998.0826 -2.5295 -1.5956 2.8598 0.0229 0.7324 0.3962 0.5532
1341847998.1223 -2.5275 -1.6015 2.8693 0.0246 0.7304 0.3984 0.5542
1341847998.1541 -2.5236 -1.6051 2.8781 0.0240 0.7297 0.3994 0.5545
1341847998.1857 -2.5167 -1.6109 2.8872 0.0218 0.7292 0.3991 0.5555
1341847998.2538 -2.5080 -1.6215 2.9038 0.0189 0.7287 0.3986 0.5565
1341847998.3188 -2.4990 -1.6345 2.9207 0.0182 0.7276 0.3969 0.5592
1341847998.3512 -2.4962 -1.6391 2.9315 0.0171 0.7267 0.3973 0.5602
1341847998.3827 -2.4893 -1.6441 2.9400 0.0162 0.7250 0.3974 0.5624
1341847998.4192 -2.4884 -1.6480 2.9507 0.0140 0.7249 0.3953 0.5640
1341847998.4508 -2.4845 -1.6536 2.9624 0.0104 0.7245 0.3945 0.5651
1341847998.4840 -2.4791 -1.6598 2.9726 0.0088 0.7230 0.3948 0.5669
1341847998.5187 -2.4776 -1.6648 2.9842 0.0067 0.7221 0.3943 0.5683
1341847998.5507 -2.4717 -1.6689 2.9939 0.0036 0.7215 0.3935 0.5697
1341847998.5867 -2.4686 -1.6747 3.0053 0.0021 0.7214 0.3931 0.5701
1341847998.6188 -2.4664 -1.6806 3.0175 0.0009 0.7211 0.3929 0.5707
1341847998.6507 -2.4676 -1.6848 3.0298 -0.0015 0.7212 0.3925 0.5707
1341847998.6869 -2.4611 -1.6891 3.0411 -0.0041 0.7217 0.3932 0.5697
1341847998.7187 -2.4561 -1.6950 3.0519 -0.0030 0.7218 0.3939 0.5690
1341847998.7508 -2.4590 -1.7010 3.0665 -0.0026 0.7218 0.3940 0.5689
1341847998.7868 -2.4547 -1.7041 3.0762 -0.0029 0.7213 0.3958 0.5684
1341847998.8188 -2.4535 -1.7074 3.0876 -0.0024 0.7229 0.3955 0.5666
1341847998.8547 -2.4527 -1.7133 3.1014 -0.0045 0.7244 0.3949 0.5651
1341847998.8867 -2.4510 -1.7203 3.1121 -0.0050 0.7241 0.3964 0.5643
1341847998.9187 -2.4511 -1.7254 3.1266 -0.0036 0.7233 0.3994 0.5632
1341847998.9548 -2.4502 -1.7282 3.1389 -0.0037 0.7223 0.4025 0.5623
1341847998.9867 -2.4448 -1.7316 3.1490 -0.0050 0.7210 0.4045 0.5626
1341847999.0188 -2.4438 -1.7343 3.1593 -0.0049 0.7208 0.4056 0.5621
1341847999.0549 -2.4429 -1.7387 3.1725 -0.0055 0.7214 0.4070 0.5603
1341847999.0868 -2.4409 -1.7422 3.1832 -0.0075 0.7201 0.4088 0.5606
1341847999.1227 -2.4369 -1.7445 3.1912 -0.0084 0.7194 0.4103 0.5604
1341847999.1549 -2.4356 -1.7457 3.1998 -0.0092 0.7206 0.4109 0.5585
1341847999.1867 -2.4300 -1.7480 3.2068 -0.0096 0.7225 0.4120 0.5552
1341847999.2227 -2.4250 -1.7509 3.2135 -0.0096 0.7251 0.4107 0.5527
1341847999.2910 -2.4197 -1.7613 3.2297 -0.0051 0.7326 0.4098 0.5435
1341847999.3227 -2.4158 -1.7696 3.2373 -0.0004 0.7337 0.4126 0.5399
1341847999.3549 -2.4135 -1.7731 3.2442 0.0043 0.7344 0.4139 0.5379
1341847999.3908 -2.4129 -1.7758 3.2533 0.0068 0.7369 0.4139 0.5344
1341847999.4239 -2.4075 -1.7780 3.2571 0.0072 0.7394 0.4141 0.5308
1341847999.4549 -2.4026 -1.7822 3.2622 0.0082 0.7427 0.4134 0.5267
1341847999.4909 -2.4016 -1.7849 3.2672 0.0095 0.7464 0.4127 0.5220
1341847999.5227 -2.3961 -1.7909 3.2739 0.0125 0.7503 0.4166 0.5132
1341847999.5589 -2.3893 -1.7962 3.2800 0.0168 0.7523 0.4199 0.5073
1341847999.5907 -2.3857 -1.7969 3.2869 0.0186 0.7545 0.4204 0.5036
1341847999.6229 -2.3806 -1.7978 3.2917 0.0182 0.7572 0.4213 0.4988
1341847999.6588 -2.3688 -1.8021 3.2942 0.0190 0.7595 0.4230 0.4937
1341847999.6911 -2.3650 -1.8052 3.3027 0.0209 0.7623 0.4228 0.4896
1341847999.7227 -2.3571 -1.8062 3.3087 0.0201 0.7641 0.4238 0.4860
1341847999.7588 -2.3442 -1.8069 3.3091 0.0212 0.7658 0.4249 0.4822
1341847999.7910 -2.3369 -1.8095 3.3161 0.0234 0.7689 0.4244 0.4776
1341847999.8267 -2.3310 -1.8118 3.3229 0.0240 0.7708 0.4253 0.4737
1341847999.8588 -2.3227 -1.8120 3.3262 0.0256 0.7726 0.4286 0.4677
1341847999.8977 -2.3157 -1.8140 3.3324 0.0274 0.7741 0.4329 0.4611
1341847999.9588 -2.2991 -1.8123 3.3398 0.0280 0.7755 0.4415 0.4504
1341847999.9908 -2.2890 -1.8124 3.3428 0.0280 0.7760 0.4465 0.4447
1341848000.0267 -2.2785 -1.8117 3.3443 0.0284 0.7763 0.4499 0.4406
1341848000.0587 -2.2731 -1.8111 3.3487 0.0271 0.7771 0.4525 0.4366
1341848000.0948 -2.2639 -1.8095 3.3500 0.0251 0.7775 0.4566 0.4317
1341848000.1267 -2.2554 -1.8078 3.3515 0.0232 0.7787 0.4596 0.4265
1341848000.1586 -2.2485 -1.8080 3.3549 0.0200 0.7799 0.4624 0.4214
1341848000.1948 -2.2380 -1.8080 3.3553 0.0179 0.7802 0.4657 0.4173
1341848000.2271 -2.2314 -1.8085 3.3572 0.0173 0.7805 0.4685 0.4134
1341848000.2670 -2.2226 -1.8060 3.3576 0.0157 0.7807 0.4712 0.4103
1341848000.3271 -2.2093 -1.8070 3.3623 0.0144 0.7819 0.4757 0.4028
1341848000.3627 -2.2004 -1.8050 3.3638 0.0135 0.7811 0.4785 0.4009
1341848000.3947 -2.1917 -1.8012 3.3621 0.0136 0.7812 0.4802 0.3986
1341848000.4268 -2.1856 -1.8029 3.3657 0.0136 0.7820 0.4815 0.3954
1341848000.4627 -2.1770 -1.7996 3.3668 0.0122 0.7821 0.4829 0.3936
1341848000.4947 -2.1668 -1.7956 3.3647 0.0112 0.7831 0.4833 0.3912
1341848000.5308 -2.1584 -1.7978 3.3672 0.0112 0.7845 0.4835 0.3881
1341848000.5628 -2.1497 -1.7963 3.3670 0.0118 0.7851 0.4836 0.3868
1341848000.5948 -2.1409 -1.7942 3.3654 0.0125 0.7867 0.4834 0.3838
1341848000.6306 -2.1320 -1.7953 3.3666 0.0129 0.7887 0.4827 0.3805
1341848000.6627 -2.1228 -1.7949 3.3654 0.0137 0.7906 0.4819 0.3775
1341848000.6954 -2.1149 -1.7971 3.3679 0.0144 0.7931 0.4814 0.3728
1341848000.7308 -2.1042 -1.7985 3.3699 0.0150 0.7950 0.4816 0.3686
1341848000.7627 -2.0940 -1.7991 3.3699 0.0169 0.7966 0.4817 0.3648
1341848000.7987 -2.0849 -1.8022 3.3725 0.0197 0.7983 0.4820 0.3606
1341848000.8307 -2.0737 -1.8020 3.3734 0.0219 0.7995 0.4820 0.3576
1341848000.8628 -2.0650 -1.8037 3.3746 0.0234 0.8018 0.4809 0.3540
1341848000.8987 -2.0558 -1.8078 3.3785 0.0246 0.8035 0.4814 0.3493
1341848000.9307 -2.0456 -1.8106 3.3820 0.0267 0.8039 0.4826 0.3465
1341848000.9632 -2.0352 -1.8103 3.3838 0.0276 0.8047 0.4828 0.3444
1341848000.9988 -2.0241 -1.8114 3.3859 0.0273 0.8058 0.4824 0.3423
1341848001.0307 -2.0137 -1.8136 3.3883 0.0286 0.8066 0.4830 0.3395
1341848001.0670 -2.0029 -1.8154 3.3915 0.0302 0.8071 0.4840 0.3369
1341848001.0988 -1.9921 -1.8158 3.3930 0.0319 0.8073 0.4851 0.3345
1341848001.1307 -1.9808 -1.8141 3.3941 0.0333 0.8083 0.4854 0.3316
1341848001.2060 -1.9606 -1.8134 3.3994 0.0315 0.8109 0.4845 0.3267
1341848001.2668 -1.9400 -1.8097 3.4038 0.0247 0.8145 0.4824 0.3214
1341848001.2991 -1.9303 -1.8073 3.4049 0.0231 0.8163 0.4819 0.3177
1341848001.3348 -1.9204 -1.8046 3.4065 0.0216 0.8184 0.4818 0.3124
1341848001.3667 -1.9108 -1.8031 3.4079 0.0182 0.8206 0.4813 0.3077
1341848001.3993 -1.9011 -1.8000 3.4071 0.0158 0.8224 0.4812 0.3031
1341848001.4347 -1.8915 -1.7963 3.4060 0.0159 0.8244 0.4817 0.2969
1341848001.4667 -1.8842 -1.7956 3.4060 0.0141 0.8262 0.4822 0.2910
1341848001.5027 -1.8749 -1.7911 3.4056 0.0104 0.8279 0.4829 0.2851
1341848001.5349 -1.8643 -1.7856 3.4009 0.0096 0.8299 0.4830 0.2790
1341848001.5670 -1.8564 -1.7831 3.3992 0.0092 0.8335 0.4812 0.2714
1341848001.6029 -1.8504 -1.7832 3.4010 0.0064 0.8359 0.4817 0.2631
1341848001.6347 -1.8390 -1.7780 3.3973 0.0057 0.8375 0.4826 0.2562
1341848001.6666 -1.8302 -1.7765 3.3955 0.0066 0.8400 0.4812 0.2506
1341848001.7349 -1.8138 -1.7727 3.3921 0.0046 0.8427 0.4815 0.2409
1341848001.7707 -1.8031 -1.7700 3.3881 0.0065 0.8449 0.4800 0.2359
1341848001.8028 -1.7988 -1.7728 3.3888 0.0073 0.8466 0.4796 0.2307
1341848001.8348 -1.7895 -1.7710 3.3862 0.0063 0.8468 0.4824 0.2239
1341848001.8707 -1.7781 -1.7685 3.3818 0.0071 0.8478 0.4828 0.2191
1341848001.9027 -1.7751 -1.7716 3.3815 0.0059 0.8491 0.4822 0.2157
1341848001.9347 -1.7685 -1.7681 3.3774 0.0067 0.8483 0.4854 0.2112
1341848001.9707 -1.7528 -1.7671 3.3753 0.0095 0.8492 0.4862 0.2058
1341848002.0027 -1.7459 -1.7677 3.3718 0.0117 0.8498 0.4869 0.2017
1341848002.0389 -1.7371 -1.7645 3.3697 0.0136 0.8499 0.4885 0.1972
1341848002.0708 -1.7263 -1.7615 3.3644 0.0150 0.8508 0.4889 0.1921
1341848002.1027 -1.7186 -1.7611 3.3632 0.0167 0.8515 0.4889 0.1891
1341848002.1387 -1.7089 -1.7609 3.3574 0.0156 0.8514 0.4898 0.1869
1341848002.1718 -1.7013 -1.7571 3.3549 0.0159 0.8519 0.4907 0.1820
1341848002.2027 -1.6905 -1.7545 3.3534 0.0170 0.8526 0.4912 0.1773
1341848002.2387 -1.6816 -1.7526 3.3498 0.0163 0.8529 0.4918 0.1747
1341848002.2708 -1.6736 -1.7503 3.3479 0.0131 0.8533 0.4924 0.1709
1341848002.3067 -1.6661 -1.7482 3.3487 0.0113 0.8535 0.4934 0.1672
1341848002.3389 -1.6563 -1.7434 3.3455 0.0097 0.8534 0.4953 0.1625
1341848002.3708 -1.6507 -1.7412 3.3454 0.0089 0.8531 0.4975 0.1569
1341848002.4068 -1.6384 -1.7323 3.3415 0.0091 0.8528 0.4990 0.1537
1341848002.4388 -1.6309 -1.7319 3.3378 0.0077 0.8533 0.4991 0.1508
1341848002.4747 -1.6263 -1.7287 3.3391 0.0070 0.8529 0.5007 0.1476
1341848002.5068 -1.6177 -1.7196 3.3356 0.0074 0.8525 0.5020 0.1458
1341848002.5388 -1.6120 -1.7186 3.3347 0.0061 0.8526 0.5029 0.1421
1341848002.5747 -1.6056 -1.7148 3.3346 0.0038 0.8514 0.5056 0.1395
1341848002.6068 -1.5961 -1.7072 3.3328 0.0025 0.8509 0.5069 0.1378
1341848002.6394 -1.5891 -1.7046 3.3325 -0.0002 0.8510 0.5072 0.1360
1341848002.6747 -1.5873 -1.7042 3.3378 -0.0011 0.8502 0.5090 0.1346
1341848002.7138 -1.5862 -1.6997 3.3419 0.0015 0.8496 0.5101 0.1344
1341848002.7748 -1.6354 -1.7264 3.3910 0.0184 0.8521 0.5063 0.1317
1341848002.8068 -1.6778 -1.7445 3.4242 0.0330 0.8544 0.5018 0.1309
1341848002.8428 -1.7392 -1.7665 3.4615 0.0511 0.8564 0.4959 0.1342
1341848002.8752 -1.7311 -1.7647 3.4604 0.0518 0.8566 0.4951 0.1357
1341848002.9067 -1.7223 -1.7617 3.4604 0.0536 0.8571 0.4939 0.1363
1341848002.9433 -1.7151 -1.7633 3.4633 0.0548 0.8576 0.4916 0.1408
1341848002.9746 -1.7041 -1.7625 3.4614 0.0534 0.8574 0.4909 0.1452
1341848003.0109 -1.6934 -1.7574 3.4573 0.0529 0.8577 0.4899 0.1467
1341848003.0426 -1.6851 -1.7582 3.4576 0.0537 0.8592 0.4869 0.1477
1341848003.0750 -1.6784 -1.7623 3.4615 0.0524 0.8595 0.4856 0.1503
1341848003.1106 -1.6681 -1.7576 3.4591 0.0516 0.8590 0.4862 0.1518
1341848003.1426 -1.6583 -1.7559 3.4561 0.0492 0.8598 0.4849 0.1522
1341848003.2429 -1.6343 -1.7553 3.4584 0.0409 0.8617 0.4825 0.1513
1341848003.2789 -1.6245 -1.7521 3.4573 0.0391 0.8618 0.4819 0.1535
1341848003.3107 -1.6169 -1.7500 3.4561 0.0362 0.8621 0.4811 0.1550
1341848003.3427 -1.6071 -1.7467 3.4557 0.0339 0.8628 0.4793 0.1569
1341848003.3790 -1.5976 -1.7463 3.4555 0.0305 0.8638 0.4767 0.1602
1341848003.4108 -1.5894 -1.7464 3.4586 0.0284 0.8642 0.4745 0.1649
1341848003.4427 -1.5792 -1.7428 3.4581 0.0288 0.8637 0.4736 0.1697
1341848003.4787 -1.5702 -1.7440 3.4597 0.0285 0.8632 0.4723 0.1761
1341848003.5107 -1.5598 -1.7414 3.4596 0.0264 0.8620 0.4713 0.1848
1341848003.5469 -1.5505 -1.7369 3.4575 0.0260 0.8614 0.4708 0.1890
1341848003.5787 -1.5407 -1.7374 3.4572 0.0270 0.8608 0.4700 0.1932
1341848003.6179 -1.5334 -1.7349 3.4555 0.0281 0.8601 0.4681 0.2009
1341848003.6500 -1.5255 -1.7316 3.4539 0.0282 0.8594 0.4666 0.2074
1341848003.6858 -1.5163 -1.7291 3.4500 0.0273 0.8592 0.4648 0.2122
1341848003.7179 -1.5089 -1.7291 3.4494 0.0245 0.8593 0.4620 0.2180
1341848003.7538 -1.5012 -1.7275 3.4491 0.0218 0.8587 0.4608 0.2232
1341848003.7858 -1.4917 -1.7249 3.4448 0.0226 0.8575 0.4609 0.2277
1341848003.8179 -1.4849 -1.7233 3.4440 0.0223 0.8566 0.4598 0.2332
1341848003.8540 -1.4772 -1.7157 3.4382 0.0211 0.8556 0.4594 0.2378
1341848003.8858 -1.4704 -1.7125 3.4341 0.0196 0.8554 0.4582 0.2406
1341848003.9217 -1.4610 -1.7126 3.4306 0.0188 0.8543 0.4580 0.2450
1341848003.9538 -1.4557 -1.7049 3.4281 0.0193 0.8535 0.4566 0.2503
1341848003.9858 -1.4468 -1.7019 3.4201 0.0193 0.8518 0.4587 0.2523
1341848004.0216 -1.4387 -1.6988 3.4140 0.0209 0.8511 0.4574 0.2569
1341848004.0538 -1.4329 -1.6926 3.4129 0.0205 0.8512 0.4555 0.2599
1341848004.0897 -1.4228 -1.6909 3.4036 0.0209 0.8489 0.4588 0.2617
1341848004.1217 -1.4149 -1.6867 3.3981 0.0216 0.8482 0.4573 0.2664
1341848004.1537 -1.4061 -1.6841 3.3950 0.0217 0.8474 0.4569 0.2697
1341848004.1898 -1.3982 -1.6803 3.3900 0.0236 0.8457 0.4575 0.2737
1341848004.2218 -1.3916 -1.6746 3.3856 0.0231 0.8442 0.4571 0.2792
1341848004.2578 -1.3832 -1.6687 3.3800 0.0211 0.8430 0.4562 0.2844
1341848004.2898 -1.3733 -1.6682 3.3781 0.0198 0.8419 0.4561 0.2877
1341848004.3218 -1.3644 -1.6647 3.3756 0.0183 0.8396 0.4559 0.2949
1341848004.3579 -1.3569 -1.6584 3.3727 0.0176 0.8377 0.4546 0.3022
1341848004.3898 -1.3490 -1.6535 3.3704 0.0146 0.8359 0.4540 0.3081
1341848004.4219 -1.3396 -1.6504 3.3681 0.0116 0.8339 0.4535 0.3143
1341848004.4578 -1.3317 -1.6467 3.3683 0.0090 0.8324 0.4522 0.3201
1341848004.4898 -1.3238 -1.6423 3.3661 0.0067 0.8300 0.4526 0.3258
1341848004.5257 -1.3154 -1.6400 3.3660 0.0049 0.8278 0.4535 0.3301
1341848004.5578 -1.3084 -1.6360 3.3648 0.0049 0.8250 0.4550 0.3353
1341848004.5898 -1.3031 -1.6309 3.3646 0.0032 0.8225 0.4564 0.3393
1341848004.6258 -1.2942 -1.6279 3.3610 0.0012 0.8198 0.4582 0.3436
1341848004.6579 -1.2905 -1.6243 3.3641 -0.0005 0.8185 0.4575 0.3475
1341848004.6899 -1.2827 -1.6221 3.3634 -0.0028 0.8154 0.4612 0.3499
1341848004.7258 -1.2760 -1.6181 3.3603 -0.0032 0.8126 0.4625 0.3547
1341848004.7577 -1.2736 -1.6138 3.3620 -0.0046 0.8115 0.4609 0.3592
1341848004.7897 -1.2669 -1.6121 3.3623 -0.0077 0.8094 0.4628 0.3615
1341848004.8258 -1.2605 -1.6111 3.3602 -0.0073 0.8070 0.4645 0.3646
1341848004.8577 -1.2587 -1.6077 3.3628 -0.0077 0.8058 0.4634 0.3686
1341848004.8898 -1.2535 -1.6064 3.3612 -0.0089 0.8038 0.4651 0.3710
1341848004.9258 -1.2496 -1.6056 3.3628 -0.0096 0.8026 0.4649 0.3737
1341848004.9578 -1.2453 -1.6053 3.3643 -0.0102 0.8012 0.4650 0.3766
1341848004.9938 -1.2438 -1.6026 3.3641 -0.0096 0.7990 0.4652 0.3808
1341848005.0257 -1.2407 -1.6015 3.3643 -0.0112 0.7978 0.4647 0.3839
1341848005.0577 -1.2370 -1.6009 3.3634 -0.0128 0.7967 0.4635 0.3878
1341848005.0939 -1.2362 -1.5993 3.3675 -0.0129 0.7966 0.4615 0.3902
1341848005.1257 -1.2305 -1.5997 3.3682 -0.0141 0.7946 0.4631 0.3923
1341848005.1577 -1.2269 -1.6011 3.3689 -0.0120 0.7930 0.4629 0.3960
1341848005.1937 -1.2273 -1.5978 3.3689 -0.0106 0.7914 0.4615 0.4008
1341848005.2257 -1.2245 -1.5967 3.3698 -0.0118 0.7906 0.4604 0.4035
1341848005.2577 -1.2185 -1.5984 3.3715 -0.0134 0.7899 0.4594 0.4060
1341848005.2937 -1.2182 -1.5963 3.3738 -0.0125 0.7888 0.4569 0.4110
1341848005.3259 -1.2154 -1.5946 3.3752 -0.0137 0.7873 0.4568 0.4139
1341848005.3577 -1.2080 -1.5976 3.3765 -0.0148 0.7859 0.4569 0.4165
1341848005.3937 -1.2066 -1.5966 3.3782 -0.0125 0.7841 0.4553 0.4216
1341848005.4257 -1.2065 -1.5938 3.3798 -0.0117 0.7824 0.4548 0.4253
1341848005.4618 -1.1993 -1.5961 3.3800 -0.0137 0.7807 0.4555 0.4276
1341848005.4937 -1.1980 -1.5957 3.3842 -0.0125 0.7797 0.4538 0.4313
1341848005.5258 -1.1948 -1.5946 3.3839 -0.0135 0.7773 0.4546 0.4348
1341848005.5618 -1.1895 -1.5964 3.3846 -0.0147 0.7759 0.4541 0.4377
1341848005.5937 -1.1868 -1.5963 3.3865 -0.0149 0.7747 0.4528 0.4411
1341848005.6298 -1.1836 -1.5969 3.3870 -0.0155 0.7731 0.4520 0.4447
1341848005.6618 -1.1796 -1.5978 3.3887 -0.0163 0.7722 0.4507 0.4476
1341848005.6938 -1.1747 -1.6002 3.3896 -0.0162 0.7708 0.4497 0.4510
1341848005.7297 -1.1735 -1.6001 3.3902 -0.0153 0.7696 0.4473 0.4554
1341848005.7617 -1.1693 -1.6015 3.3913 -0.0162 0.7692 0.4453 0.4580
1341848005.7979 -1.1638 -1.6055 3.3950 -0.0154 0.7687 0.4438 0.4604
1341848005.8299 -1.1639 -1.6052 3.3970 -0.0131 0.7669 0.4421 0.4649
1341848005.8617 -1.1602 -1.6059 3.3975 -0.0137 0.7654 0.4414 0.4682
1341848005.8978 -1.1550 -1.6097 3.3994 -0.0135 0.7648 0.4400 0.4704
1341848005.9297 -1.1549 -1.6103 3.4035 -0.0116 0.7639 0.4375 0.4742
1341848005.9657 -1.1519 -1.6104 3.4041 -0.0122 0.7623 0.4365 0.4776
1341848005.9978 -1.1468 -1.6141 3.4058 -0.0124 0.7617 0.4353 0.4798
1341848006.0298 -1.1439 -1.6164 3.4078 -0.0102 0.7607 0.4321 0.4843
1341848006.0658 -1.1435 -1.6150 3.4106 -0.0095 0.7599 0.4285 0.4887
1341848006.0979 -1.1376 -1.6173 3.4081 -0.0091 0.7588 0.4269 0.4918
1341848006.1337 -1.1351 -1.6198 3.4115 -0.0061 0.7600 0.4219 0.4943
1341848006.1658 -1.1332 -1.6213 3.4154 -0.0020 0.7599 0.4196 0.4966
1341848006.1976 -1.1310 -1.6231 3.4163 0.0011 0.7586 0.4183 0.4996
1341848006.2338 -1.1267 -1.6256 3.4166 0.0034 0.7574 0.4156 0.5036
1341848006.2658 -1.1258 -1.6253 3.4195 0.0059 0.7572 0.4117 0.5070
1341848006.3018 -1.1220 -1.6277 3.4228 0.0076 0.7564 0.4103 0.5094
1341848006.3337 -1.1181 -1.6298 3.4252 0.0106 0.7544 0.4091 0.5133
1341848006.3660 -1.1183 -1.6265 3.4278 0.0109 0.7532 0.4054 0.5180
1341848006.4018 -1.1127 -1.6283 3.4292 0.0092 0.7525 0.4054 0.5189
1341848006.4337 -1.1083 -1.6329 3.4329 0.0102 0.7517 0.4050 0.5203
1341848006.4697 -1.1072 -1.6317 3.4365 0.0112 0.7504 0.4041 0.5230
1341848006.5017 -1.1019 -1.6340 3.4379 0.0106 0.7490 0.4055 0.5239
1341848006.5337 -1.0973 -1.6373 3.4389 0.0110 0.7479 0.4051 0.5258
1341848006.5697 -1.0961 -1.6381 3.4440 0.0114 0.7481 0.4033 0.5268
1341848006.6018 -1.0915 -1.6411 3.4466 0.0110 0.7474 0.4043 0.5270
1341848006.6378 -1.0860 -1.6463 3.4484 0.0121 0.7470 0.4042 0.5277
1341848006.6701 -1.0861 -1.6460 3.4552 0.0124 0.7476 0.4015 0.5289
1341848006.7018 -1.0798 -1.6492 3.4562 0.0115 0.7471 0.4030 0.5285
1341848006.7378 -1.0760 -1.6549 3.4605 0.0128 0.7477 0.4026 0.5279
1341848006.7697 -1.0726 -1.6574 3.4644 0.0149 0.7475 0.4030 0.5278
1341848006.8019 -1.0696 -1.6615 3.4680 0.0169 0.7477 0.4032 0.5274
1341848006.8376 -1.0659 -1.6648 3.4714 0.0181 0.7480 0.4037 0.5264
1341848006.8707 -1.0622 -1.6706 3.4748 0.0201 0.7487 0.4038 0.5254
1341848006.9018 -1.0599 -1.6736 3.4788 0.0217 0.7497 0.4031 0.5244
1341848006.9377 -1.0569 -1.6786 3.4814 0.0229 0.7511 0.4027 0.5226
1341848006.9697 -1.0553 -1.6832 3.4872 0.0245 0.7535 0.4022 0.5195
1341848007.0058 -1.0528 -1.6893 3.4924 0.0269 0.7550 0.4037 0.5160
1341848007.0378 -1.0521 -1.6936 3.4975 0.0301 0.7563 0.4051 0.5128
1341848007.0697 -1.0512 -1.6962 3.5027 0.0311 0.7579 0.4067 0.5091
1341848007.1057 -1.0482 -1.7013 3.5066 0.0309 0.7596 0.4089 0.5049
1341848007.1379 -1.0463 -1.7085 3.5131 0.0315 0.7616 0.4098 0.5010
1341848007.1697 -1.0465 -1.7119 3.5205 0.0320 0.7634 0.4106 0.4976
1341848007.2057 -1.0442 -1.7170 3.5252 0.0324 0.7643 0.4134 0.4938
1341848007.2379 -1.0427 -1.7251 3.5330 0.0340 0.7657 0.4157 0.4897
1341848007.2989 -1.0391 -1.7347 3.5421 0.0371 0.7653 0.4212 0.4853
1341848007.3314 -1.0383 -1.7394 3.5478 0.0383 0.7669 0.4204 0.4835
1341848007.3667 -1.0361 -1.7452 3.5532 0.0373 0.7685 0.4188 0.4823
1341848007.3987 -1.0345 -1.7520 3.5613 0.0375 0.7702 0.4175 0.4807
1341848007.4348 -1.0314 -1.7594 3.5661 0.0387 0.7706 0.4169 0.4804
1341848007.4667 -1.0331 -1.7622 3.5746 0.0397 0.7721 0.4147 0.4799
1341848007.4988 -1.0310 -1.7666 3.5805 0.0391 0.7730 0.4165 0.4770
1341848007.5348 -1.0251 -1.7777 3.5858 0.0397 0.7730 0.4188 0.4748
1341848007.5667 -1.0255 -1.7807 3.5918 0.0414 0.7732 0.4184 0.4747
1341848007.5987 -1.0237 -1.7816 3.5933 0.0398 0.7742 0.4188 0.4728
1341848007.6348 -1.0179 -1.7925 3.5997 0.0386 0.7767 0.4201 0.4677
1341848007.6667 -1.0184 -1.7976 3.6095 0.0422 0.7777 0.4228 0.4632
1341848007.7028 -1.0144 -1.8001 3.6118 0.0444 0.7768 0.4298 0.4581
1341848007.7346 -1.0042 -1.8085 3.6050 0.0461 0.7763 0.4345 0.4543
1341848007.7669 -1.0046 -1.8125 3.6158 0.0477 0.7809 0.4303 0.4504
1341848007.8029 -1.0027 -1.8162 3.6242 0.0465 0.7829 0.4314 0.4459
1341848007.8350 -0.9959 -1.8237 3.6261 0.0478 0.7832 0.4356 0.4410
1341848007.8667 -0.9932 -1.8239 3.6314 0.0489 0.7852 0.4360 0.4370
1341848007.9028 -0.9912 -1.8231 3.6364 0.0466 0.7877 0.4376 0.4311
1341848007.9349 -0.9815 -1.8383 3.6385 0.0472 0.7888 0.4442 0.4222
1341848007.9707 -0.9770 -1.8467 3.6452 0.0518 0.7891 0.4458 0.4194
1341848008.0027 -0.9757 -1.8441 3.6517 0.0547 0.7904 0.4461 0.4163
1341848008.0348 -0.9705 -1.8484 3.6555 0.0543 0.7915 0.4493 0.4107
1341848008.0708 -0.9645 -1.8560 3.6615 0.0543 0.7926 0.4515 0.4062
1341848008.1032 -0.9598 -1.8566 3.6657 0.0546 0.7933 0.4530 0.4032
1341848008.1388 -0.9533 -1.8599 3.6688 0.0536 0.7949 0.4542 0.3988
1341848008.1711 -0.9471 -1.8657 3.6755 0.0535 0.7967 0.4551 0.3941
1341848008.2027 -0.9415 -1.8705 3.6827 0.0552 0.7976 0.4575 0.3891
1341848008.2387 -0.9362 -1.8719 3.6889 0.0561 0.7979 0.4601 0.3853
1341848008.2707 -0.9299 -1.8749 3.6930 0.0561 0.7981 0.4635 0.3809
1341848008.3027 -0.9235 -1.8794 3.6981 0.0562 0.7985 0.4667 0.3761
1341848008.3388 -0.9165 -1.8844 3.7023 0.0564 0.7986 0.4696 0.3722
1341848008.3707 -0.9108 -1.8863 3.7073 0.0560 0.7993 0.4709 0.3692
1341848008.4389 -0.8979 -1.8986 3.7146 0.0572 0.8006 0.4753 0.3603
1341848008.4708 -0.8935 -1.9017 3.7211 0.0586 0.8015 0.4763 0.3568
1341848008.5069 -0.8884 -1.9043 3.7228 0.0594 0.8019 0.4787 0.3526
1341848008.5388 -0.8818 -1.9140 3.7263 0.0608 0.8028 0.4809 0.3472
1341848008.5707 -0.8773 -1.9191 3.7328 0.0634 0.8033 0.4820 0.3442
1341848008.6067 -0.8730 -1.9222 3.7362 0.0655 0.8032 0.4846 0.3402
1341848008.6387 -0.8670 -1.9289 3.7364 0.0673 0.8033 0.4871 0.3360
1341848008.6746 -0.8624 -1.9332 3.7418 0.0684 0.8043 0.4874 0.3328
1341848008.7068 -0.8574 -1.9350 3.7413 0.0691 0.8051 0.4884 0.3295
1341848008.7387 -0.8521 -1.9424 3.7470 0.0684 0.8072 0.4879 0.3250
1341848008.7751 -0.8472 -1.9459 3.7507 0.0673 0.8080 0.4880 0.3231
1341848008.8069 -0.8423 -1.9496 3.7516 0.0666 0.8091 0.4881 0.3204
1341848008.8388 -0.8381 -1.9543 3.7580 0.0650 0.8109 0.4873 0.3174
1341848008.8746 -0.8328 -1.9589 3.7608 0.0648 0.8112 0.4890 0.3140
1341848008.9067 -0.8276 -1.9608 3.7629 0.0656 0.8117 0.4901 0.3107
1341848008.9431 -0.8237 -1.9616 3.7650 0.0646 0.8131 0.4903 0.3070
1341848008.9747 -0.8172 -1.9695 3.7691 0.0627 0.8144 0.4913 0.3025
1341848009.0068 -0.8111 -1.9750 3.7743 0.0634 0.8148 0.4923 0.2996
1341848009.0427 -0.8077 -1.9745 3.7812 0.0627 0.8154 0.4927 0.2973
1341848009.1108 -0.7951 -1.9778 3.7825 0.0612 0.8165 0.4950 0.2907
1341848009.1427 -0.7920 -1.9758 3.7856 0.0590 0.8189 0.4935 0.2871
1341848009.1747 -0.7859 -1.9773 3.7886 0.0580 0.8214 0.4934 0.2803
1341848009.2107 -0.7815 -1.9805 3.7975 0.0594 0.8229 0.4952 0.2721
1341848009.2429 -0.7762 -1.9811 3.8005 0.0618 0.8220 0.5003 0.2651
1341848009.2747 -0.7720 -1.9777 3.8005 0.0630 0.8218 0.5037 0.2587
1341848009.3109 -0.7669 -1.9781 3.8037 0.0613 0.8235 0.5051 0.2509
1341848009.3429 -0.7592 -1.9839 3.8066 0.0605 0.8235 0.5088 0.2437
1341848009.3787 -0.7534 -1.9832 3.8109 0.0616 0.8240 0.5101 0.2389
1341848009.4429 -0.7406 -1.9848 3.8165 0.0602 0.8242 0.5143 0.2293
1341848009.4790 -0.7359 -1.9847 3.8222 0.0603 0.8248 0.5148 0.2257
1341848009.5106 -0.7283 -1.9855 3.8230 0.0588 0.8240 0.5173 0.2234
1341848009.5428 -0.7207 -1.9850 3.8234 0.0585 0.8247 0.5170 0.2217
1341848009.5788 -0.7150 -1.9852 3.8300 0.0572 0.8258 0.5161 0.2201
1341848009.6110 -0.7059 -1.9856 3.8276 0.0559 0.8250 0.5178 0.2192
1341848009.6469 -0.6974 -1.9865 3.8280 0.0554 0.8261 0.5161 0.2195
1341848009.6787 -0.6904 -1.9856 3.8325 0.0534 0.8278 0.5133 0.2203
1341848009.7108 -0.6817 -1.9844 3.8339 0.0514 0.8285 0.5121 0.2205
1341848009.7468 -0.6704 -1.9873 3.8310 0.0510 0.8286 0.5121 0.2203
1341848009.7788 -0.6628 -1.9852 3.8364 0.0513 0.8304 0.5086 0.2217
1341848009.8107 -0.6547 -1.9839 3.8388 0.0516 0.8307 0.5084 0.2210
1341848009.8468 -0.6441 -1.9878 3.8368 0.0532 0.8292 0.5113 0.2195
1341848009.8787 -0.6372 -1.9816 3.8372 0.0548 0.8295 0.5098 0.2213
1341848009.9148 -0.6309 -1.9777 3.8363 0.0533 0.8293 0.5101 0.2219
1341848009.9470 -0.6204 -1.9800 3.8310 0.0521 0.8287 0.5116 0.2209
1341848009.9789 -0.6103 -1.9794 3.8284 0.0522 0.8290 0.5103 0.2226
1341848010.0148 -0.6044 -1.9746 3.8310 0.0531 0.8299 0.5084 0.2234
1341848010.0468 -0.5970 -1.9708 3.8255 0.0536 0.8291 0.5101 0.2224
1341848010.0826 -0.5879 -1.9681 3.8212 0.0531 0.8291 0.5105 0.2215
1341848010.1147 -0.5812 -1.9627 3.8192 0.0530 0.8294 0.5107 0.2200
1341848010.1468 -0.5723 -1.9603 3.8126 0.0526 0.8279 0.5143 0.2176
1341848010.1827 -0.5642 -1.9568 3.8003 0.0532 0.8265 0.5169 0.2165
1341848010.2147 -0.5580 -1.9516 3.7943 0.0536 0.8273 0.5162 0.2150
1341848010.2468 -0.5499 -1.9487 3.7866 0.0536 0.8271 0.5177 0.2121
1341848010.2827 -0.5425 -1.9451 3.7802 0.0550 0.8272 0.5185 0.2096
1341848010.3148 -0.5370 -1.9404 3.7694 0.0563 0.8261 0.5208 0.2075
1341848010.3511 -0.5307 -1.9371 3.7604 0.0562 0.8261 0.5216 0.2058
1341848010.3828 -0.5234 -1.9353 3.7548 0.0567 0.8263 0.5224 0.2027
1341848010.4147 -0.5192 -1.9307 3.7462 0.0579 0.8253 0.5245 0.2013
1341848010.4509 -0.5153 -1.9271 3.7352 0.0582 0.8246 0.5263 0.1993
1341848010.4831 -0.5105 -1.9238 3.7287 0.0584 0.8252 0.5264 0.1961
1341848010.5148 -0.5055 -1.9208 3.7259 0.0584 0.8253 0.5278 0.1918
1341848010.5506 -0.5001 -1.9198 3.7099 0.0588 0.8229 0.5325 0.1895
1341848010.5829 -0.4981 -1.9148 3.7089 0.0591 0.8252 0.5297 0.1869
1341848010.6187 -0.4945 -1.9134 3.7020 0.0572 0.8242 0.5328 0.1832
1341848010.6510 -0.4878 -1.9149 3.6903 0.0577 0.8232 0.5355 0.1795
1341848010.6826 -0.4885 -1.9102 3.6898 0.0588 0.8248 0.5334 0.1784
1341848010.7188 -0.4867 -1.9086 3.6844 0.0575 0.8245 0.5348 0.1755
1341848010.7509 -0.4845 -1.9074 3.6749 0.0574 0.8237 0.5370 0.1726
1341848010.7827 -0.4839 -1.9069 3.6654 0.0582 0.8239 0.5377 0.1694
1341848010.8188 -0.4810 -1.9066 3.6643 0.0591 0.8262 0.5356 0.1645
1341848010.8508 -0.4800 -1.9053 3.6578 0.0598 0.8261 0.5368 0.1611
1341848010.8867 -0.4768 -1.9043 3.6535 0.0611 0.8269 0.5364 0.1572
1341848010.9188 -0.4789 -1.8999 3.6526 0.0620 0.8284 0.5346 0.1554
1341848010.9508 -0.4762 -1.8975 3.6495 0.0610 0.8293 0.5344 0.1517
1341848010.9868 -0.4716 -1.8958 3.6515 0.0605 0.8311 0.5325 0.1480
1341848011.0187 -0.4701 -1.8934 3.6492 0.0612 0.8313 0.5326 0.1466
1341848011.0510 -0.4702 -1.8939 3.6417 0.0623 0.8301 0.5348 0.1448
1341848011.0867 -0.4678 -1.8875 3.6457 0.0627 0.8326 0.5316 0.1420
1341848011.1187 -0.4634 -1.8846 3.6492 0.0626 0.8341 0.5302 0.1386
1341848011.1546 -0.4605 -1.8824 3.6504 0.0640 0.8349 0.5296 0.1356
1341848011.1867 -0.4623 -1.8772 3.6497 0.0647 0.8352 0.5292 0.1352
1341848011.2191 -0.4580 -1.8790 3.6470 0.0619 0.8345 0.5315 0.1312
1341848011.2547 -0.4545 -1.8787 3.6421 0.0600 0.8351 0.5317 0.1275
1341848011.2866 -0.4513 -1.8766 3.6407 0.0587 0.8360 0.5313 0.1242
1341848011.3227 -0.4484 -1.8780 3.6414 0.0590 0.8366 0.5316 0.1187
1341848011.3547 -0.4495 -1.8816 3.6302 0.0605 0.8354 0.5337 0.1165
1341848011.3867 -0.4425 -1.8660 3.6415 0.0617 0.8404 0.5270 0.1105
1341848011.4227 -0.4375 -1.8651 3.6372 0.0610 0.8398 0.5289 0.1063
1341848011.4547 -0.4390 -1.8582 3.6358 0.0637 0.8414 0.5266 0.1033
1341848011.4868 -0.4370 -1.8545 3.6371 0.0634 0.8425 0.5258 0.0984
1341848011.5229 -0.4330 -1.8572 3.6308 0.0634 0.8406 0.5299 0.0925
1341848011.5547 -0.4314 -1.8552 3.6260 0.0648 0.8402 0.5310 0.0892
1341848011.5909 -0.4317 -1.8509 3.6285 0.0643 0.8417 0.5290 0.0872
1341848011.6227 -0.4269 -1.8537 3.6216 0.0625 0.8397 0.5333 0.0816
1341848011.6549 -0.4244 -1.8522 3.6191 0.0632 0.8395 0.5339 0.0785
1341848011.6908 -0.4275 -1.8432 3.6211 0.0651 0.8404 0.5325 0.0779
1341848011.7226 -0.4270 -1.8399 3.6176 0.0632 0.8396 0.5344 0.0740
1341848011.7548 -0.4248 -1.8317 3.6163 0.0621 0.8402 0.5341 0.0700
1341848011.7908 -0.4254 -1.8306 3.6119 0.0626 0.8389 0.5365 0.0667
1341848011.8227 -0.4245 -1.8265 3.6052 0.0642 0.8373 0.5394 0.0615
1341848011.8588 -0.4238 -1.8246 3.5976 0.0660 0.8360 0.5417 0.0574
1341848011.8907 -0.4247 -1.8205 3.5961 0.0674 0.8362 0.5416 0.0548
1341848011.9229 -0.4240 -1.8179 3.5896 0.0681 0.8346 0.5441 0.0517
1341848011.9588 -0.4257 -1.8146 3.5837 0.0697 0.8344 0.5445 0.0500
1341848011.9908 -0.4265 -1.8093 3.5836 0.0682 0.8354 0.5433 0.0486
1341848012.0227 -0.4253 -1.8055 3.5776 0.0659 0.8343 0.5453 0.0473
1341848012.0589 -0.4260 -1.8012 3.5717 0.0650 0.8335 0.5466 0.0464
1341848012.0908 -0.4270 -1.7958 3.5650 0.0633 0.8329 0.5479 0.0458
1341848012.1269 -0.4254 -1.7912 3.5572 0.0615 0.8324 0.5490 0.0444
1341848012.1910 -0.4214 -1.7797 3.5467 0.0611 0.8318 0.5499 0.0455
1341848012.2267 -0.4217 -1.7738 3.5392 0.0608 0.8303 0.5520 0.0474
1341848012.2587 -0.4201 -1.7681 3.5323 0.0590 0.8296 0.5529 0.0499
1341848012.2952 -0.4207 -1.7615 3.5271 0.0571 0.8290 0.5537 0.0533
1341848012.3269 -0.4209 -1.7558 3.5176 0.0535 0.8277 0.5558 0.0565
1341848012.3588 -0.4189 -1.7497 3.5110 0.0493 0.8278 0.5557 0.0588
1341848012.3947 -0.4165 -1.7429 3.5072 0.0461 0.8277 0.5560 0.0610
1341848012.4268 -0.4161 -1.7373 3.4962 0.0436 0.8252 0.5594 0.0641
1341848012.4588 -0.4153 -1.7320 3.4861 0.0415 0.8245 0.5604 0.0662
1341848012.4947 -0.4134 -1.7261 3.4813 0.0388 0.8249 0.5598 0.0678
1341848012.5268 -0.4098 -1.7216 3.4728 0.0360 0.8234 0.5621 0.0694
1341848012.5627 -0.4083 -1.7175 3.4611 0.0347 0.8221 0.5636 0.0731
1341848012.5947 -0.4084 -1.7115 3.4589 0.0317 0.8236 0.5609 0.0775
1341848012.6268 -0.4030 -1.7079 3.4515 0.0268 0.8229 0.5619 0.0794
1341848012.6628 -0.3977 -1.7041 3.4468 0.0251 0.8230 0.5614 0.0822
1341848012.6953 -0.3974 -1.6989 3.4429 0.0240 0.8227 0.5610 0.0883
1341848012.7269 -0.3956 -1.6949 3.4375 0.0199 0.8222 0.5611 0.0936
1341848012.7627 -0.3887 -1.6920 3.4324 0.0159 0.8219 0.5611 0.0969
1341848012.7947 -0.3838 -1.6881 3.4311 0.0145 0.8222 0.5596 0.1030
1341848012.8307 -0.3851 -1.6846 3.4243 0.0124 0.8205 0.5603 0.1130
1341848012.8628 -0.3830 -1.6822 3.4160 0.0077 0.8204 0.5590 0.1202
1341848012.8947 -0.3796 -1.6782 3.4183 0.0029 0.8233 0.5535 0.1257
1341848012.9308 -0.3771 -1.6756 3.4146 0.0001 0.8227 0.5528 0.1322
1341848012.9628 -0.3778 -1.6727 3.4106 -0.0028 0.8230 0.5508 0.1393
1341848012.9948 -0.3742 -1.6691 3.4123 -0.0076 0.8246 0.5471 0.1436
1341848013.0309 -0.3706 -1.6663 3.4113 -0.0099 0.8239 0.5467 0.1488
1341848013.0627 -0.3685 -1.6646 3.4066 -0.0113 0.8228 0.5467 0.1551
1341848013.0988 -0.3657 -1.6621 3.4068 -0.0131 0.8236 0.5437 0.1613
1341848013.1308 -0.3623 -1.6592 3.4095 -0.0141 0.8239 0.5414 0.1670
1341848013.1628 -0.3574 -1.6581 3.4088 -0.0134 0.8225 0.5416 0.1730
1341848013.1987 -0.3574 -1.6554 3.4088 -0.0101 0.8209 0.5413 0.1814
1341848013.2309 -0.3573 -1.6529 3.4090 -0.0091 0.8199 0.5407 0.1879
1341848013.2627 -0.3512 -1.6512 3.4125 -0.0096 0.8192 0.5402 0.1923
1341848013.2987 -0.3518 -1.6496 3.4106 -0.0075 0.8161 0.5416 0.2015
1341848013.3308 -0.3520 -1.6474 3.4105 -0.0095 0.8150 0.5404 0.2091
1341848013.3667 -0.3471 -1.6454 3.4147 -0.0139 0.8150 0.5380 0.2147
1341848013.3987 -0.3411 -1.6440 3.4217 -0.0158 0.8144 0.5369 0.2196
1341848013.4309 -0.3361 -1.6414 3.4254 -0.0157 0.8113 0.5383 0.2274
1341848013.4670 -0.3362 -1.6415 3.4196 -0.0157 0.8060 0.5417 0.2382
1341848013.4988 -0.3337 -1.6404 3.4198 -0.0193 0.8050 0.5395 0.2459
1341848013.5348 -0.3275 -1.6393 3.4246 -0.0244 0.8053 0.5358 0.2525
1341848013.5667 -0.3203 -1.6391 3.4272 -0.0275 0.8040 0.5340 0.2601
1341848013.5988 -0.3195 -1.6386 3.4308 -0.0272 0.8031 0.5309 0.2693
1341848013.6348 -0.3137 -1.6383 3.4313 -0.0287 0.8010 0.5308 0.2755
1341848013.6667 -0.3077 -1.6391 3.4286 -0.0297 0.7991 0.5290 0.2841
1341848013.6988 -0.3071 -1.6393 3.4305 -0.0298 0.7996 0.5233 0.2931
1341848013.7346 -0.3023 -1.6400 3.4318 -0.0322 0.8001 0.5187 0.2997
1341848013.7668 -0.2984 -1.6400 3.4360 -0.0325 0.8014 0.5133 0.3054
1341848013.8027 -0.2958 -1.6397 3.4402 -0.0317 0.8013 0.5099 0.3114
1341848013.8348 -0.2937 -1.6387 3.4401 -0.0318 0.7992 0.5087 0.3187
1341848013.8668 -0.2893 -1.6390 3.4381 -0.0332 0.7978 0.5069 0.3246
1341848013.9027 -0.2872 -1.6379 3.4429 -0.0344 0.7987 0.5019 0.3301
1341848013.9667 -0.2776 -1.6375 3.4459 -0.0365 0.7953 0.4999 0.3410
1341848014.0027 -0.2723 -1.6374 3.4475 -0.0374 0.7938 0.4985 0.3463
1341848014.0349 -0.2663 -1.6371 3.4497 -0.0383 0.7917 0.4969 0.3533
1341848014.0710 -0.2640 -1.6358 3.4481 -0.0397 0.7883 0.4953 0.3629
1341848014.1027 -0.2598 -1.6336 3.4490 -0.0443 0.7865 0.4925 0.3701
1341848014.1347 -0.2505 -1.6343 3.4527 -0.0490 0.7852 0.4905 0.3749
1341848014.1707 -0.2446 -1.6327 3.4553 -0.0508 0.7821 0.4894 0.3824
1341848014.2027 -0.2364 -1.6327 3.4534 -0.0541 0.7782 0.4895 0.3897
1341848014.2348 -0.2257 -1.6347 3.4560 -0.0565 0.7771 0.4861 0.3958
1341848014.2707 -0.2203 -1.6323 3.4614 -0.0579 0.7752 0.4818 0.4044
1341848014.3027 -0.2105 -1.6342 3.4621 -0.0583 0.7722 0.4818 0.4100
1341848014.3387 -0.2016 -1.6354 3.4656 -0.0585 0.7700 0.4793 0.4172
1341848014.3706 -0.1944 -1.6346 3.4693 -0.0596 0.7666 0.4757 0.4272
1341848014.4388 -0.1772 -1.6357 3.4759 -0.0633 0.7619 0.4674 0.4439
1341848014.4708 -0.1692 -1.6360 3.4775 -0.0647 0.7582 0.4627 0.4548
1341848014.5066 -0.1628 -1.6368 3.4843 -0.0664 0.7567 0.4563 0.4634
1341848014.5387 -0.1530 -1.6391 3.4835 -0.0685 0.7519 0.4533 0.4737
1341848014.5708 -0.1475 -1.6401 3.4864 -0.0681 0.7512 0.4460 0.4818
1341848014.6069 -0.1412 -1.6417 3.4959 -0.0680 0.7503 0.4402 0.4885
1341848014.6387 -0.1331 -1.6447 3.4960 -0.0666 0.7458 0.4395 0.4961
1341848014.6708 -0.1250 -1.6470 3.4984 -0.0651 0.7437 0.4358 0.5027
1341848014.7068 -0.1189 -1.6486 3.4988 -0.0638 0.7414 0.4308 0.5106
1341848014.7387 -0.1117 -1.6512 3.5016 -0.0632 0.7410 0.4257 0.5155
1341848014.7747 -0.1035 -1.6560 3.5094 -0.0602 0.7404 0.4228 0.5191
1341848014.8067 -0.0978 -1.6569 3.5103 -0.0551 0.7364 0.4221 0.5258
1341848014.8387 -0.0910 -1.6582 3.5123 -0.0525 0.7338 0.4203 0.5312
1341848014.8747 -0.0829 -1.6611 3.5156 -0.0513 0.7309 0.4175 0.5375
1341848014.9066 -0.0792 -1.6601 3.5168 -0.0487 0.7275 0.4140 0.5451
1341848014.9387 -0.0728 -1.6606 3.5201 -0.0473 0.7247 0.4141 0.5488
1341848014.9747 -0.0670 -1.6610 3.5227 -0.0452 0.7202 0.4146 0.5544
1341848015.0067 -0.0692 -1.6568 3.5197 -0.0438 0.7141 0.4141 0.5628
1341848015.0426 -0.0663 -1.6518 3.5211 -0.0486 0.7095 0.4148 0.5676
1341848015.0749 -0.0583 -1.6519 3.5223 -0.0576 0.7050 0.4147 0.5724
1341848015.1068 -0.0526 -1.6501 3.5240 -0.0648 0.7017 0.4126 0.5772
1341848015.1427 -0.0486 -1.6481 3.5266 -0.0691 0.6987 0.4121 0.5807
1341848015.1747 -0.0399 -1.6475 3.5291 -0.0725 0.6947 0.4138 0.5838
1341848015.2072 -0.0357 -1.6455 3.5283 -0.0735 0.6896 0.4133 0.5901
1341848015.2435 -0.0306 -1.6437 3.5282 -0.0766 0.6857 0.4114 0.5956
1341848015.2748 -0.0243 -1.6430 3.5319 -0.0784 0.6825 0.4094 0.6004
1341848015.3106 -0.0203 -1.6421 3.5321 -0.0772 0.6767 0.4068 0.6088
1341848015.3429 -0.0171 -1.6401 3.5314 -0.0766 0.6712 0.4044 0.6165
1341848015.3747 -0.0123 -1.6392 3.5333 -0.0758 0.6657 0.4035 0.6232
1341848015.4107 -0.0087 -1.6392 3.5324 -0.0743 0.6588 0.4021 0.6315
1341848015.4428 -0.0068 -1.6374 3.5307 -0.0731 0.6523 0.4004 0.6394
1341848015.4750 -0.0021 -1.6370 3.5309 -0.0745 0.6458 0.3971 0.6478
1341848015.5109 0.0015 -1.6372 3.5313 -0.0755 0.6406 0.3918 0.6561
1341848015.5428 -0.0003 -1.6358 3.5303 -0.0726 0.6338 0.3894 0.6644
1341848015.5818 0.0046 -1.6356 3.5311 -0.0741 0.6259 0.3877 0.6726
1341848015.6178 0.0079 -1.6362 3.5313 -0.0763 0.6197 0.3810 0.6819
1341848015.6501 0.0077 -1.6356 3.5313 -0.0772 0.6136 0.3752 0.6904
1341848015.6858 0.0125 -1.6356 3.5336 -0.0796 0.6080 0.3714 0.6972
1341848015.7181 0.0153 -1.6360 3.5358 -0.0789 0.6040 0.3646 0.7043
1341848015.7498 0.0149 -1.6365 3.5354 -0.0762 0.5987 0.3604 0.7112
1341848015.7858 0.0179 -1.6377 3.5370 -0.0747 0.5932 0.3571 0.7177
1341848015.8179 0.0186 -1.6397 3.5360 -0.0739 0.5891 0.3508 0.7242
1341848015.8538 0.0180 -1.6410 3.5371 -0.0723 0.5854 0.3464 0.7295
1341848015.8857 0.0193 -1.6420 3.5356 -0.0718 0.5802 0.3411 0.7361
1341848015.9178 0.0204 -1.6432 3.5355 -0.0737 0.5775 0.3340 0.7413
1341848015.9540 0.0210 -1.6445 3.5384 -0.0732 0.5762 0.3256 0.7461
1341848015.9867 0.0185 -1.6467 3.5385 -0.0708 0.5736 0.3200 0.7507
1341848016.0217 0.0182 -1.6476 3.5390 -0.0683 0.5699 0.3174 0.7548
1341848016.0539 0.0197 -1.6485 3.5400 -0.0668 0.5674 0.3113 0.7594
1341848016.0857 0.0159 -1.6491 3.5385 -0.0643 0.5652 0.3056 0.7636
1341848016.1218 0.0137 -1.6490 3.5380 -0.0642 0.5625 0.3032 0.7665
1341848016.1538 0.0155 -1.6500 3.5383 -0.0672 0.5606 0.3005 0.7687
1341848016.1858 0.0130 -1.6502 3.5376 -0.0681 0.5596 0.2979 0.7704
1341848016.2217 0.0118 -1.6503 3.5384 -0.0696 0.5583 0.2975 0.7713
1341848016.2537 0.0144 -1.6522 3.5400 -0.0710 0.5575 0.2969 0.7720
1341848016.2900 0.0097 -1.6531 3.5373 -0.0713 0.5580 0.2949 0.7724
1341848016.3220 0.0088 -1.6528 3.5383 -0.0726 0.5600 0.2980 0.7696
1341848016.3537 0.0121 -1.6550 3.5415 -0.0705 0.5623 0.3015 0.7668
1341848016.3898 0.0056 -1.6559 3.5409 -0.0664 0.5637 0.3037 0.7653
1341848016.4217 0.0061 -1.6576 3.5436 -0.0641 0.5651 0.3090 0.7623
1341848016.4539 0.0055 -1.6593 3.5458 -0.0605 0.5671 0.3123 0.7597
1341848016.4901 0.0035 -1.6610 3.5479 -0.0566 0.5688 0.3127 0.7586
1341848016.5218 0.0011 -1.6626 3.5492 -0.0549 0.5710 0.3120 0.7573
1341848016.5542 0.0000 -1.6638 3.5528 -0.0507 0.5736 0.3131 0.7552
1341848016.5898 -0.0045 -1.6662 3.5549 -0.0468 0.5737 0.3125 0.7557
1341848016.6219 -0.0074 -1.6677 3.5573 -0.0443 0.5745 0.3151 0.7541
1341848016.6578 -0.0075 -1.6703 3.5625 -0.0391 0.5748 0.3192 0.7525
1341848016.6899 -0.0140 -1.6736 3.5646 -0.0361 0.5734 0.3199 0.7534
1341848016.7578 -0.0136 -1.6793 3.5743 -0.0370 0.5754 0.3189 0.7523
1341848016.8188 -0.0259 -1.6844 3.5831 -0.0347 0.5763 0.3180 0.7520
1341848016.8508 -0.0283 -1.6881 3.5882 -0.0346 0.5761 0.3184 0.7520
1341848016.8828 -0.0347 -1.6908 3.5926 -0.0347 0.5768 0.3179 0.7517
1341848016.9189 -0.0387 -1.6933 3.5987 -0.0341 0.5766 0.3201 0.7509
1341848016.9507 -0.0421 -1.6965 3.6039 -0.0345 0.5764 0.3205 0.7509
1341848016.9867 -0.0487 -1.6987 3.6078 -0.0356 0.5777 0.3193 0.7503
1341848017.0187 -0.0527 -1.7016 3.6143 -0.0361 0.5795 0.3207 0.7484
1341848017.0508 -0.0588 -1.7046 3.6181 -0.0354 0.5803 0.3215 0.7475
1341848017.0868 -0.0634 -1.7069 3.6218 -0.0360 0.5822 0.3227 0.7454
1341848017.1186 -0.0679 -1.7101 3.6251 -0.0358 0.5853 0.3236 0.7426
1341848017.1507 -0.0744 -1.7129 3.6278 -0.0341 0.5887 0.3257 0.7391
1341848017.1869 -0.0797 -1.7163 3.6312 -0.0329 0.5920 0.3281 0.7354
1341848017.2188 -0.0832 -1.7197 3.6340 -0.0312 0.5958 0.3295 0.7317
1341848017.2547 -0.0922 -1.7233 3.6360 -0.0283 0.6003 0.3297 0.7281
1341848017.2866 -0.0975 -1.7270 3.6405 -0.0251 0.6045 0.3325 0.7235
1341848017.3187 -0.0984 -1.7315 3.6428 -0.0196 0.6076 0.3327 0.7210
1341848017.3547 -0.1140 -1.7357 3.6424 -0.0129 0.6123 0.3290 0.7188
1341848017.3868 -0.1230 -1.7362 3.6434 -0.0089 0.6161 0.3309 0.7147
1341848017.4188 -0.1284 -1.7419 3.6472 -0.0041 0.6202 0.3337 0.7099
1341848017.4548 -0.1410 -1.7435 3.6484 -0.0007 0.6225 0.3352 0.7072
1341848017.4867 -0.1422 -1.7474 3.6511 -0.0005 0.6254 0.3375 0.7035
1341848017.5227 -0.1499 -1.7500 3.6527 0.0010 0.6286 0.3365 0.7012
1341848017.5548 -0.1572 -1.7519 3.6542 0.0024 0.6323 0.3359 0.6981
1341848017.5878 -0.1610 -1.7537 3.6570 0.0038 0.6352 0.3372 0.6948
1341848017.6227 -0.1662 -1.7567 3.6573 0.0065 0.6381 0.3369 0.6923
1341848017.6548 -0.1724 -1.7575 3.6593 0.0085 0.6411 0.3379 0.6890
1341848017.6868 -0.1705 -1.7620 3.6606 0.0107 0.6440 0.3379 0.6863
1341848017.7228 -0.1827 -1.7637 3.6614 0.0158 0.6474 0.3361 0.6839
1341848017.7548 -0.1820 -1.7662 3.6649 0.0183 0.6494 0.3386 0.6806
1341848017.7907 -0.1857 -1.7701 3.6655 0.0225 0.6511 0.3377 0.6793
1341848017.8228 -0.1937 -1.7719 3.6667 0.0254 0.6538 0.3359 0.6776
1341848017.8547 -0.1975 -1.7743 3.6703 0.0265 0.6556 0.3362 0.6756
1341848017.8907 -0.2023 -1.7769 3.6721 0.0280 0.6566 0.3363 0.6746
1341848017.9228 -0.2086 -1.7775 3.6737 0.0282 0.6580 0.3363 0.6732
1341848017.9586 -0.2076 -1.7796 3.6767 0.0263 0.6597 0.3367 0.6714
1341848017.9907 -0.2160 -1.7815 3.6794 0.0279 0.6612 0.3363 0.6701
1341848018.0227 -0.2177 -1.7813 3.6819 0.0269 0.6619 0.3387 0.6681
1341848018.0588 -0.2172 -1.7835 3.6824 0.0257 0.6638 0.3397 0.6658
1341848018.0909 -0.2226 -1.7845 3.6858 0.0255 0.6670 0.3393 0.6628
1341848018.1227 -0.2244 -1.7863 3.6903 0.0255 0.6688 0.3427 0.6593
1341848018.1591 -0.2221 -1.7891 3.6925 0.0272 0.6698 0.3464 0.6562
1341848018.1908 -0.2268 -1.7904 3.6943 0.0279 0.6722 0.3468 0.6535
1341848018.2267 -0.2262 -1.7930 3.6989 0.0262 0.6751 0.3478 0.6500
1341848018.2588 -0.2281 -1.7969 3.7041 0.0281 0.6772 0.3503 0.6465
1341848018.2907 -0.2306 -1.7997 3.7091 0.0297 0.6783 0.3535 0.6435
1341848018.3339 -0.2296 -1.8021 3.7120 0.0284 0.6802 0.3556 0.6404
1341848018.3672 -0.2279 -1.8065 3.7178 0.0268 0.6843 0.3553 0.6362
1341848018.3977 -0.2325 -1.8103 3.7254 0.0278 0.6875 0.3553 0.6327
1341848018.4338 -0.2343 -1.8142 3.7336 0.0309 0.6887 0.3604 0.6283
1341848018.4657 -0.2340 -1.8178 3.7403 0.0345 0.6891 0.3665 0.6241
1341848018.5018 -0.2347 -1.8210 3.7459 0.0357 0.6911 0.3688 0.6205
1341848018.5345 -0.2371 -1.8251 3.7554 0.0365 0.6944 0.3701 0.6160
1341848018.5658 -0.2390 -1.8283 3.7640 0.0373 0.6963 0.3724 0.6124
1341848018.6017 -0.2385 -1.8324 3.7706 0.0372 0.6985 0.3737 0.6091
1341848018.6337 -0.2428 -1.8358 3.7798 0.0371 0.7024 0.3738 0.6046
1341848018.6698 -0.2436 -1.8417 3.7907 0.0369 0.7046 0.3764 0.6004
1341848018.7018 -0.2467 -1.8459 3.7988 0.0372 0.7057 0.3792 0.5974
1341848018.7339 -0.2447 -1.8517 3.8066 0.0353 0.7078 0.3806 0.5940
1341848018.7697 -0.2476 -1.8583 3.8165 0.0346 0.7102 0.3803 0.5914
1341848018.8022 -0.2473 -1.8641 3.8260 0.0345 0.7115 0.3814 0.5892
1341848018.8338 -0.2460 -1.8697 3.8320 0.0344 0.7127 0.3811 0.5880
1341848018.8698 -0.2481 -1.8769 3.8398 0.0354 0.7155 0.3789 0.5859
1341848018.9020 -0.2522 -1.8830 3.8497 0.0373 0.7172 0.3790 0.5837
1341848018.9338 -0.2505 -1.8892 3.8577 0.0404 0.7170 0.3821 0.5815
1341848018.9697 -0.2558 -1.8956 3.8624 0.0426 0.7173 0.3825 0.5809
1341848019.0023 -0.2573 -1.9005 3.8697 0.0409 0.7190 0.3828 0.5786
1341848019.0698 -0.2608 -1.9128 3.8812 0.0415 0.7222 0.3816 0.5754
1341848019.1308 -0.2631 -1.9228 3.8927 0.0396 0.7264 0.3826 0.5696
1341848019.1627 -0.2675 -1.9279 3.9003 0.0406 0.7283 0.3841 0.5661
1341848019.1986 -0.2699 -1.9317 3.9063 0.0401 0.7300 0.3865 0.5622
1341848019.2311 -0.2680 -1.9361 3.9123 0.0385 0.7329 0.3881 0.5574
1341848019.2627 -0.2717 -1.9423 3.9213 0.0382 0.7360 0.3879 0.5535
1341848019.2987 -0.2782 -1.9463 3.9310 0.0377 0.7384 0.3894 0.5492
1341848019.3307 -0.2747 -1.9514 3.9381 0.0361 0.7407 0.3921 0.5444
1341848019.3627 -0.2806 -1.9576 3.9477 0.0365 0.7439 0.3917 0.5403
1341848019.3987 -0.2851 -1.9624 3.9591 0.0350 0.7467 0.3931 0.5354
1341848019.4310 -0.2826 -1.9688 3.9682 0.0342 0.7490 0.3946 0.5311
1341848019.4670 -0.2887 -1.9740 3.9776 0.0340 0.7523 0.3931 0.5276
1341848019.4988 -0.2883 -1.9804 3.9895 0.0337 0.7559 0.3933 0.5223
1341848019.5308 -0.2925 -1.9889 4.0019 0.0375 0.7582 0.3942 0.5180
1341848019.5671 -0.2964 -1.9943 4.0153 0.0401 0.7597 0.3963 0.5140
1341848019.5987 -0.2943 -1.9999 4.0246 0.0406 0.7608 0.3975 0.5113
1341848019.6307 -0.2994 -2.0057 4.0374 0.0411 0.7634 0.3969 0.5080
1341848019.6669 -0.3002 -2.0125 4.0520 0.0413 0.7647 0.3988 0.5045
1341848019.6987 -0.2998 -2.0166 4.0614 0.0422 0.7644 0.4012 0.5029
1341848019.7348 -0.3012 -2.0202 4.0696 0.0414 0.7662 0.4016 0.5000
1341848019.7667 -0.3005 -2.0263 4.0795 0.0397 0.7687 0.4016 0.4963
1341848019.7987 -0.3024 -2.0324 4.0902 0.0406 0.7701 0.4026 0.4932
1341848019.8347 -0.3025 -2.0360 4.0965 0.0418 0.7713 0.4041 0.4900
1341848019.8988 -0.3041 -2.0464 4.1106 0.0440 0.7756 0.4058 0.4815
1341848019.9348 -0.3054 -2.0503 4.1191 0.0465 0.7771 0.4087 0.4765
1341848019.9667 -0.3032 -2.0523 4.1231 0.0485 0.7783 0.4118 0.4715
1341848020.0028 -0.3017 -2.0545 4.1273 0.0489 0.7808 0.4130 0.4662
1341848020.0347 -0.3029 -2.0594 4.1346 0.0485 0.7840 0.4133 0.4605
1341848020.0667 -0.3003 -2.0642 4.1423 0.0495 0.7858 0.4160 0.4551
1341848020.1028 -0.2992 -2.0671 4.1478 0.0516 0.7870 0.4177 0.4511
1341848020.1348 -0.2979 -2.0679 4.1521 0.0506 0.7894 0.4181 0.4465
1341848020.1708 -0.2947 -2.0734 4.1585 0.0487 0.7927 0.4179 0.4412
1341848020.2027 -0.2949 -2.0787 4.1664 0.0488 0.7949 0.4183 0.4367
1341848020.2349 -0.2920 -2.0811 4.1714 0.0487 0.7969 0.4199 0.4315
1341848020.2712 -0.2861 -2.0845 4.1745 0.0484 0.7995 0.4204 0.4262
1341848020.3028 -0.2851 -2.0906 4.1826 0.0491 0.8024 0.4202 0.4209
1341848020.3349 -0.2825 -2.0950 4.1889 0.0502 0.8046 0.4213 0.4154
1341848020.3708 -0.2754 -2.0976 4.1926 0.0515 0.8070 0.4224 0.4095
1341848020.4388 -0.2664 -2.1044 4.2038 0.0529 0.8129 0.4216 0.3984
1341848020.4712 -0.2593 -2.1079 4.2070 0.0534 0.8166 0.4202 0.3920
1341848020.5027 -0.2591 -2.1164 4.2172 0.0559 0.8203 0.4189 0.3854
1341848020.5387 -0.2558 -2.1219 4.2258 0.0590 0.8223 0.4208 0.3785
1341848020.5708 -0.2498 -2.1258 4.2313 0.0621 0.8238 0.4228 0.3725
1341848020.6028 -0.2489 -2.1313 4.2408 0.0640 0.8253 0.4244 0.3668
1341848020.6389 -0.2441 -2.1367 4.2493 0.0657 0.8256 0.4289 0.3607
1341848020.6708 -0.2343 -2.1373 4.2514 0.0674 0.8260 0.4315 0.3564
1341848020.7067 -0.2340 -2.1417 4.2595 0.0668 0.8277 0.4313 0.3527
1341848020.7390 -0.2281 -2.1476 4.2666 0.0649 0.8285 0.4343 0.3476
1341848020.7708 -0.2195 -2.1525 4.2708 0.0673 0.8281 0.4374 0.3441
1341848020.8072 -0.2179 -2.1558 4.2767 0.0688 0.8282 0.4389 0.3417
1341848020.8391 -0.2096 -2.1579 4.2794 0.0673 0.8289 0.4406 0.3381
1341848020.8710 -0.2034 -2.1639 4.2825 0.0673 0.8298 0.4408 0.3357
1341848020.9066 -0.2026 -2.1726 4.2917 0.0688 0.8304 0.4417 0.3326
1341848020.9388 -0.1944 -2.1734 4.2934 0.0696 0.8304 0.4439 0.3295
1341848020.9749 -0.1879 -2.1771 4.2947 0.0693 0.8318 0.4432 0.3268
1341848021.0066 -0.1861 -2.1845 4.3029 0.0689 0.8334 0.4426 0.3238
1341848021.0396 -0.1802 -2.1886 4.3079 0.0697 0.8338 0.4447 0.3197
1341848021.0748 -0.1720 -2.1914 4.3106 0.0710 0.8343 0.4463 0.3159
1341848021.1067 -0.1682 -2.1927 4.3143 0.0704 0.8354 0.4463 0.3130
1341848021.1428 -0.1607 -2.1969 4.3194 0.0686 0.8371 0.4469 0.3080
1341848021.1750 -0.1530 -2.2016 4.3238 0.0689 0.8381 0.4478 0.3039
1341848021.2067 -0.1472 -2.2050 4.3310 0.0697 0.8391 0.4486 0.2996
1341848021.2427 -0.1389 -2.2042 4.3298 0.0687 0.8408 0.4485 0.2953
1341848021.2749 -0.1311 -2.2105 4.3377 0.0677 0.8437 0.4474 0.2888
1341848021.3073 -0.1228 -2.2148 4.3420 0.0694 0.8454 0.4473 0.2835
1341848021.3434 -0.1143 -2.2162 4.3433 0.0707 0.8479 0.4461 0.2775
1341848021.3848 -0.1063 -2.2216 4.3471 0.0709 0.8519 0.4429 0.2705
1341848021.4143 -0.1009 -2.2313 4.3566 0.0733 0.8550 0.4412 0.2624
1341848021.4557 -0.0903 -2.2361 4.3596 0.0772 0.8571 0.4413 0.2544
1341848021.4879 -0.0840 -2.2430 4.3658 0.0810 0.8597 0.4395 0.2475
1341848021.5147 -0.0762 -2.2514 4.3735 0.0836 0.8615 0.4393 0.2406
1341848021.5508 -0.0688 -2.2585 4.3815 0.0866 0.8623 0.4401 0.2351
1341848021.6178 -0.0513 -2.2654 4.3914 0.0816 0.8653 0.4388 0.2281
1341848021.6788 -0.0313 -2.2751 4.4011 0.0742 0.8684 0.4380 0.2201
1341848021.7107 -0.0256 -2.2843 4.4102 0.0747 0.8690 0.4384 0.2168
1341848021.7428 -0.0173 -2.2861 4.4135 0.0754 0.8689 0.4405 0.2128
1341848021.7787 -0.0084 -2.2893 4.4156 0.0760 0.8694 0.4416 0.2084
1341848021.8109 -0.0016 -2.2922 4.4211 0.0747 0.8698 0.4428 0.2044
1341848021.8446 0.0078 -2.2913 4.4225 0.0726 0.8707 0.4436 0.1994
1341848021.8789 0.0170 -2.2955 4.4233 0.0715 0.8715 0.4440 0.1955
1341848021.9106 0.0273 -2.2985 4.4249 0.0712 0.8723 0.4441 0.1920
1341848021.9467 0.0385 -2.2992 4.4235 0.0701 0.8734 0.4435 0.1885
1341848021.9787 0.0487 -2.3026 4.4269 0.0699 0.8754 0.4413 0.1844
1341848022.0108 0.0568 -2.3066 4.4298 0.0689 0.8767 0.4402 0.1813
1341848022.0467 0.0667 -2.3087 4.4301 0.0692 0.8778 0.4398 0.1769
1341848022.0787 0.0758 -2.3114 4.4310 0.0688 0.8788 0.4394 0.1730
1341848022.1110 0.0872 -2.3128 4.4297 0.0672 0.8798 0.4395 0.1680
1341848022.1467 0.1001 -2.3120 4.4278 0.0665 0.8812 0.4386 0.1631
1341848022.1790 0.1109 -2.3156 4.4258 0.0659 0.8825 0.4378 0.1587
1341848022.2148 0.1240 -2.3157 4.4229 0.0650 0.8840 0.4369 0.1532
1341848022.2468 0.1311 -2.3185 4.4212 0.0667 0.8860 0.4347 0.1471
1341848022.2788 0.1361 -2.3255 4.4217 0.0711 0.8865 0.4348 0.1415
1341848022.3148 0.1506 -2.3233 4.4170 0.0759 0.8867 0.4358 0.1343
1341848022.3541 0.1628 -2.3276 4.4110 0.0758 0.8881 0.4349 0.1279
1341848022.3872 0.1666 -2.3334 4.4116 0.0779 0.8892 0.4341 0.1218
1341848022.4178 0.1796 -2.3324 4.4054 0.0810 0.8899 0.4338 0.1157
1341848022.4542 0.1878 -2.3363 4.4013 0.0817 0.8915 0.4314 0.1113
1341848022.4856 0.1921 -2.3429 4.3988 0.0819 0.8925 0.4306 0.1064
1341848022.5217 0.2038 -2.3449 4.3947 0.0841 0.8931 0.4303 0.1003
1341848022.5542 0.2134 -2.3496 4.3901 0.0857 0.8938 0.4295 0.0966
1341848022.5861 0.2158 -2.3567 4.3884 0.0845 0.8945 0.4290 0.0932
1341848022.6218 0.2271 -2.3569 4.3823 0.0842 0.8954 0.4286 0.0866
1341848022.6542 0.2354 -2.3610 4.3766 0.0866 0.8963 0.4271 0.0821
1341848022.6903 0.2339 -2.3701 4.3804 0.0889 0.8963 0.4273 0.0781
1341848022.7217 0.2436 -2.3705 4.3753 0.0885 0.8955 0.4305 0.0700
1341848022.7830 0.2581 -2.3735 4.3707 0.0897 0.8953 0.4323 0.0598
1341848022.8148 0.2664 -2.3732 4.3669 0.0867 0.8937 0.4372 0.0516
1341848022.8508 0.2835 -2.3702 4.3585 0.0850 0.8934 0.4389 0.0440
1341848022.8827 0.2834 -2.3743 4.3620 0.0844 0.8926 0.4411 0.0401
1341848022.9188 0.2808 -2.3777 4.3653 0.0816 0.8885 0.4503 0.0324
1341848022.9508 0.2952 -2.3730 4.3372 0.0766 0.8866 0.4556 0.0238
1341848022.9827 0.2990 -2.3768 4.3465 0.0684 0.8910 0.4485 0.0174
1341848023.0188 0.3066 -2.3795 4.3490 0.0650 0.8893 0.4527 0.0060
1341848023.0508 0.3234 -2.3780 4.3386 0.0676 0.8867 0.4574 -0.0055
1341848023.0827 0.3324 -2.3799 4.3335 0.0717 0.8863 0.4574 -0.0120
1341848023.1188 0.3364 -2.3826 4.3344 0.0732 0.8852 0.4591 -0.0195
1341848023.1510 0.3530 -2.3773 4.3238 0.0720 0.8841 0.4607 -0.0303
1341848023.1867 0.3633 -2.3804 4.3268 0.0733 0.8843 0.4596 -0.0381
1341848023.2187 0.3707 -2.3823 4.3298 0.0761 0.8813 0.4641 -0.0455
1341848023.2868 0.3941 -2.3752 4.3218 0.0748 0.8758 0.4732 -0.0587
1341848023.3188 0.4010 -2.3734 4.3190 0.0688 0.8739 0.4771 -0.0629
1341848023.3548 0.4132 -2.3703 4.3162 0.0642 0.8720 0.4803 -0.0702
1341848023.3869 0.4257 -2.3663 4.3119 0.0622 0.8705 0.4824 -0.0751
1341848023.4187 0.4327 -2.3659 4.3113 0.0626 0.8688 0.4847 -0.0792
1341848023.4547 0.4419 -2.3624 4.3070 0.0639 0.8663 0.4881 -0.0852
1341848023.4871 0.4521 -2.3571 4.3006 0.0651 0.8648 0.4896 -0.0901
1341848023.5187 0.4561 -2.3553 4.2959 0.0643 0.8639 0.4908 -0.0934
1341848023.5551 0.4635 -2.3520 4.2905 0.0616 0.8633 0.4910 -0.0991
1341848023.5868 0.4745 -2.3484 4.2832 0.0605 0.8632 0.4903 -0.1040
1341848023.6228 0.4798 -2.3485 4.2786 0.0624 0.8631 0.4894 -0.1079
1341848023.6872 0.4927 -2.3453 4.2663 0.0618 0.8625 0.4880 -0.1188
1341848023.7227 0.5008 -2.3428 4.2596 0.0636 0.8625 0.4865 -0.1243
1341848023.7547 0.5049 -2.3427 4.2561 0.0647 0.8619 0.4864 -0.1277
1341848023.7869 0.5091 -2.3380 4.2449 0.0632 0.8608 0.4873 -0.1324
1341848023.8228 0.5164 -2.3368 4.2395 0.0615 0.8610 0.4857 -0.1379
1341848023.8548 0.5219 -2.3330 4.2313 0.0615 0.8599 0.4864 -0.1421
1341848023.8907 0.5267 -2.3292 4.2215 0.0614 0.8591 0.4865 -0.1469
1341848023.9228 0.5313 -2.3252 4.2100 0.0604 0.8587 0.4857 -0.1516
1341848023.9548 0.5355 -2.3242 4.2009 0.0604 0.8586 0.4842 -0.1572
1341848023.9907 0.5408 -2.3242 4.1953 0.0638 0.8572 0.4839 -0.1641
1341848024.0227 0.5471 -2.3196 4.1844 0.0688 0.8547 0.4855 -0.1707
1341848024.0547 0.5524 -2.3153 4.1725 0.0718 0.8536 0.4855 -0.1749
1341848024.1228 0.5598 -2.3139 4.1591 0.0776 0.8512 0.4853 -0.1841
1341848024.1588 0.5651 -2.3078 4.1473 0.0803 0.8496 0.4859 -0.1887
1341848024.1909 0.5662 -2.3075 4.1402 0.0822 0.8496 0.4847 -0.1910
1341848024.2228 0.5675 -2.3075 4.1383 0.0826 0.8479 0.4858 -0.1953
1341848024.2588 0.5735 -2.2989 4.1246 0.0829 0.8452 0.4880 -0.2018
1341848024.2908 0.5775 -2.2966 4.1205 0.0846 0.8446 0.4873 -0.2050
1341848024.3227 0.5783 -2.2961 4.1143 0.0842 0.8420 0.4907 -0.2077
1341848024.3587 0.5822 -2.2906 4.1033 0.0819 0.8399 0.4927 -0.2123
1341848024.3909 0.5856 -2.2884 4.0964 0.0802 0.8391 0.4926 -0.2162
1341848024.4268 0.5903 -2.2852 4.0919 0.0799 0.8378 0.4931 -0.2205
1341848024.4588 0.5939 -2.2814 4.0836 0.0799 0.8359 0.4947 -0.2240
1341848024.4910 0.5970 -2.2798 4.0799 0.0796 0.8345 0.4954 -0.2278
1341848024.5268 0.6030 -2.2756 4.0743 0.0781 0.8323 0.4972 -0.2321
1341848024.5586 0.6092 -2.2694 4.0658 0.0772 0.8307 0.4985 -0.2355
1341848024.5947 0.6132 -2.2689 4.0630 0.0775 0.8295 0.4990 -0.2384
1341848024.6267 0.6186 -2.2647 4.0575 0.0760 0.8271 0.5013 -0.2426
1341848024.6587 0.6254 -2.2586 4.0495 0.0752 0.8253 0.5021 -0.2473
1341848024.6948 0.6318 -2.2568 4.0474 0.0762 0.8241 0.5020 -0.2512
1341848024.7271 0.6388 -2.2522 4.0418 0.0767 0.8212 0.5045 -0.2553
1341848024.7589 0.6454 -2.2458 4.0320 0.0766 0.8195 0.5052 -0.2596
1341848024.7947 0.6524 -2.2457 4.0301 0.0760 0.8190 0.5041 -0.2634
1341848024.8267 0.6617 -2.2406 4.0240 0.0755 0.8173 0.5045 -0.2681
1341848024.8628 0.6714 -2.2367 4.0172 0.0778 0.8165 0.5030 -0.2726
1341848024.8948 0.6802 -2.2374 4.0149 0.0808 0.8159 0.5017 -0.2759
1341848024.9268 0.6896 -2.2338 4.0089 0.0828 0.8145 0.5010 -0.2806
1341848024.9627 0.6997 -2.2328 4.0054 0.0852 0.8143 0.4991 -0.2839
1341848024.9947 0.7096 -2.2363 4.0057 0.0877 0.8129 0.4993 -0.2866
1341848025.0269 0.7184 -2.2312 3.9990 0.0896 0.8102 0.5011 -0.2907
1341848025.0626 0.7266 -2.2295 3.9950 0.0890 0.8096 0.5005 -0.2933
1341848025.1311 0.7466 -2.2243 3.9871 0.0866 0.8061 0.5019 -0.3013
1341848025.1631 0.7561 -2.2223 3.9833 0.0889 0.8055 0.5004 -0.3047
1341848025.1949 0.7648 -2.2237 3.9823 0.0905 0.8040 0.5008 -0.3074
1341848025.2306 0.7725 -2.2192 3.9754 0.0915 0.8017 0.5016 -0.3120
1341848025.2627 0.7818 -2.2165 3.9710 0.0928 0.8014 0.4999 -0.3151
1341848025.2947 0.7896 -2.2178 3.9691 0.0935 0.8006 0.4999 -0.3168
1341848025.3307 0.7955 -2.2153 3.9631 0.0926 0.7991 0.5009 -0.3192
1341848025.3630 0.8031 -2.2137 3.9589 0.0917 0.7989 0.5000 -0.3214
1341848025.3988 0.8120 -2.2136 3.9561 0.0929 0.7980 0.4998 -0.3238
1341848025.4307 0.8162 -2.2118 3.9503 0.0934 0.7962 0.5013 -0.3257
1341848025.4628 0.8218 -2.2100 3.9451 0.0911 0.7954 0.5011 -0.3285
1341848025.4987 0.8288 -2.2099 3.9422 0.0892 0.7948 0.5009 -0.3308
1341848025.5308 0.8349 -2.2077 3.9372 0.0894 0.7933 0.5016 -0.3334
1341848025.5668 0.8392 -2.2062 3.9329 0.0896 0.7921 0.5018 -0.3358
1341848025.5987 0.8453 -2.2045 3.9293 0.0881 0.7912 0.5019 -0.3381
1341848025.6307 0.8513 -2.2026 3.9252 0.0879 0.7900 0.5021 -0.3405
1341848025.6667 0.8558 -2.2008 3.9212 0.0889 0.7887 0.5024 -0.3429
1341848025.6988 0.8607 -2.2006 3.9192 0.0884 0.7873 0.5030 -0.3456
1341848025.7307 0.8649 -2.1958 3.9130 0.0868 0.7854 0.5043 -0.3482
1341848025.7667 0.8697 -2.1925 3.9077 0.0857 0.7849 0.5036 -0.3507
1341848025.7989 0.8747 -2.1930 3.9055 0.0865 0.7842 0.5027 -0.3532
1341848025.8348 0.8795 -2.1883 3.8992 0.0879 0.7827 0.5028 -0.3563
1341848025.8667 0.8838 -2.1868 3.8948 0.0899 0.7823 0.5013 -0.3586
1341848025.8987 0.8891 -2.1852 3.8922 0.0918 0.7815 0.5004 -0.3612
1341848025.9348 0.8930 -2.1814 3.8864 0.0933 0.7799 0.5006 -0.3640
1341848025.9671 0.8987 -2.1794 3.8828 0.0940 0.7792 0.4994 -0.3668
1341848025.9987 0.9046 -2.1765 3.8795 0.0953 0.7775 0.4998 -0.3697
1341848026.0346 0.9086 -2.1715 3.8717 0.0969 0.7754 0.5002 -0.3730
1341848026.0669 0.9141 -2.1697 3.8674 0.0978 0.7749 0.4984 -0.3762
1341848026.1028 0.9213 -2.1679 3.8650 0.0988 0.7732 0.4981 -0.3799
1341848026.1347 0.9263 -2.1623 3.8565 0.1020 0.7707 0.4983 -0.3839
1341848026.1667 0.9328 -2.1615 3.8536 0.1054 0.7701 0.4965 -0.3865
1341848026.2028 0.9385 -2.1594 3.8511 0.1069 0.7679 0.4972 -0.3894
1341848026.2349 0.9439 -2.1546 3.8435 0.1087 0.7650 0.4979 -0.3937
1341848026.2670 0.9512 -2.1541 3.8416 0.1122 0.7637 0.4971 -0.3964
1341848026.3029 0.9543 -2.1499 3.8369 0.1156 0.7606 0.4990 -0.3989
1341848026.3348 0.9572 -2.1463 3.8310 0.1166 0.7588 0.4991 -0.4020
1341848026.3710 0.9638 -2.1442 3.8275 0.1163 0.7582 0.4979 -0.4047
1341848026.4027 0.9690 -2.1413 3.8230 0.1181 0.7568 0.4973 -0.4075
1341848026.4347 0.9728 -2.1386 3.8177 0.1204 0.7558 0.4958 -0.4105
1341848026.4708 0.9777 -2.1369 3.8144 0.1211 0.7556 0.4939 -0.4128
1341848026.5027 0.9823 -2.1350 3.8099 0.1211 0.7545 0.4930 -0.4160
1341848026.5347 0.9874 -2.1332 3.8045 0.1206 0.7537 0.4918 -0.4191
1341848026.5708 0.9923 -2.1318 3.7995 0.1194 0.7537 0.4908 -0.4205
1341848026.6027 0.9987 -2.1304 3.7964 0.1172 0.7538 0.4902 -0.4217
1341848026.6420 1.0041 -2.1278 3.7908 0.1169 0.7526 0.4900 -0.4241
1341848026.7028 1.0156 -2.1233 3.7806 0.1161 0.7526 0.4884 -0.4262
1341848026.7388 1.0236 -2.1219 3.7768 0.1147 0.7525 0.4879 -0.4273
1341848026.7708 1.0313 -2.1199 3.7724 0.1150 0.7519 0.4884 -0.4278
1341848026.8067 1.0390 -2.1177 3.7677 0.1153 0.7511 0.4893 -0.4281
1341848026.8387 1.0469 -2.1156 3.7631 0.1146 0.7507 0.4904 -0.4275
1341848026.8780 1.0556 -2.1139 3.7592 0.1134 0.7502 0.4913 -0.4278
1341848026.9389 1.0751 -2.1091 3.7484 0.1117 0.7494 0.4929 -0.4277
1341848026.9707 1.0861 -2.1082 3.7455 0.1114 0.7496 0.4933 -0.4270
1341848027.0068 1.0955 -2.1062 3.7416 0.1109 0.7491 0.4942 -0.4269
1341848027.0387 1.1067 -2.1047 3.7364 0.1114 0.7487 0.4934 -0.4285
1341848027.0748 1.1183 -2.1051 3.7358 0.1120 0.7489 0.4931 -0.4284
1341848027.1067 1.1270 -2.1031 3.7308 0.1131 0.7471 0.4937 -0.4305
1341848027.1387 1.1371 -2.1034 3.7261 0.1134 0.7475 0.4912 -0.4325
1341848027.1748 1.1497 -2.1045 3.7245 0.1120 0.7482 0.4898 -0.4334
1341848027.2072 1.1602 -2.1048 3.7218 0.1124 0.7475 0.4888 -0.4355
1341848027.2387 1.1712 -2.1047 3.7181 0.1127 0.7468 0.4873 -0.4383
1341848027.2747 1.1827 -2.1057 3.7158 0.1124 0.7470 0.4863 -0.4392
1341848027.3067 1.1931 -2.1061 3.7132 0.1125 0.7467 0.4851 -0.4410
1341848027.3428 1.2041 -2.1066 3.7093 0.1130 0.7467 0.4835 -0.4425
1341848027.3749 1.2144 -2.1074 3.7058 0.1138 0.7479 0.4812 -0.4429
1341848027.4068 1.2258 -2.1081 3.7034 0.1132 0.7493 0.4791 -0.4429
1341848027.4430 1.2355 -2.1083 3.6986 0.1132 0.7508 0.4772 -0.4426
1341848027.4748 1.2467 -2.1090 3.6958 0.1120 0.7534 0.4745 -0.4413
1341848027.5067 1.2580 -2.1093 3.6920 0.1111 0.7555 0.4727 -0.4399
1341848027.5433 1.2668 -2.1095 3.6883 0.1113 0.7578 0.4710 -0.4377
1341848027.5747 1.2761 -2.1102 3.6859 0.1102 0.7601 0.4695 -0.4355
1341848027.6107 1.2850 -2.1102 3.6831 0.1092 0.7616 0.4687 -0.4340
1341848027.6427 1.2934 -2.1099 3.6786 0.1089 0.7627 0.4681 -0.4328
1341848027.6747 1.3015 -2.1100 3.6768 0.1084 0.7640 0.4679 -0.4309
1341848027.7110 1.3082 -2.1085 3.6722 0.1085 0.7638 0.4684 -0.4306
1341848027.7428 1.3149 -2.1070 3.6661 0.1084 0.7641 0.4688 -0.4297
1341848027.7788 1.3208 -2.1053 3.6614 0.1074 0.7655 0.4687 -0.4275
1341848027.8107 1.3288 -2.1043 3.6575 0.1061 0.7665 0.4687 -0.4261
1341848027.8428 1.3359 -2.1022 3.6521 0.1056 0.7665 0.4701 -0.4246
1341848027.8787 1.3401 -2.0991 3.6460 0.1051 0.7671 0.4714 -0.4222
1341848027.9111 1.3465 -2.0974 3.6411 0.1036 0.7682 0.4719 -0.4200
1341848027.9427 1.3521 -2.0950 3.6365 0.1021 0.7684 0.4737 -0.4180
1341848027.9788 1.3557 -2.0919 3.6274 0.1007 0.7692 0.4745 -0.4159
1341848028.0110 1.3619 -2.0909 3.6235 0.0991 0.7712 0.4735 -0.4138
1341848028.0467 1.3668 -2.0886 3.6170 0.0980 0.7715 0.4738 -0.4131
1341848028.0790 1.3716 -2.0864 3.6083 0.0983 0.7726 0.4726 -0.4125
1341848028.1110 1.3772 -2.0854 3.6033 0.0993 0.7743 0.4709 -0.4110
1341848028.1506 1.3782 -2.0835 3.5975 0.1006 0.7747 0.4701 -0.4109
1341848028.1860 1.3818 -2.0817 3.5867 0.1003 0.7753 0.4684 -0.4115
1341848028.2542 1.3908 -2.0765 3.5762 0.1012 0.7761 0.4660 -0.4126
1341848028.3149 1.3974 -2.0722 3.5625 0.1014 0.7769 0.4632 -0.4144
1341848028.3790 1.4055 -2.0660 3.5453 0.1020 0.7758 0.4613 -0.4182
1341848028.4146 1.4091 -2.0640 3.5376 0.1027 0.7761 0.4598 -0.4193
1341848028.4476 1.4129 -2.0615 3.5295 0.1024 0.7757 0.4588 -0.4212
1341848028.4828 1.4198 -2.0586 3.5209 0.1025 0.7756 0.4570 -0.4232
1341848028.5147 1.4265 -2.0561 3.5155 0.1054 0.7755 0.4557 -0.4241
1341848028.5466 1.4304 -2.0537 3.5025 0.1068 0.7741 0.4572 -0.4247
1341848028.5827 1.4367 -2.0515 3.4958 0.1058 0.7747 0.4563 -0.4248
1341848028.6146 1.4446 -2.0486 3.4897 0.1064 0.7747 0.4563 -0.4247
1341848028.6538 1.4496 -2.0452 3.4780 0.1070 0.7739 0.4576 -0.4245
1341848028.7218 1.4618 -2.0405 3.4631 0.1076 0.7742 0.4570 -0.4245
1341848028.7829 1.4720 -2.0348 3.4442 0.1092 0.7740 0.4563 -0.4252
1341848028.8148 1.4776 -2.0321 3.4362 0.1086 0.7741 0.4563 -0.4252
1341848028.8508 1.4833 -2.0293 3.4277 0.1085 0.7744 0.4558 -0.4252
1341848028.8827 1.4901 -2.0266 3.4229 0.1097 0.7751 0.4550 -0.4244
1341848028.9148 1.4958 -2.0244 3.4161 0.1116 0.7744 0.4560 -0.4241
1341848028.9509 1.5004 -2.0216 3.4078 0.1129 0.7736 0.4573 -0.4239
1341848028.9827 1.5044 -2.0192 3.3985 0.1130 0.7729 0.4588 -0.4234
1341848029.0187 1.5081 -2.0176 3.3909 0.1114 0.7728 0.4599 -0.4229
1341848029.0829 1.5179 -2.0116 3.3782 0.1083 0.7727 0.4595 -0.4244
1341848029.1188 1.5228 -2.0089 3.3729 0.1089 0.7722 0.4596 -0.4249
1341848029.1507 1.5268 -2.0067 3.3667 0.1089 0.7711 0.4611 -0.4254
1341848029.1827 1.5316 -2.0037 3.3610 0.1076 0.7697 0.4626 -0.4265
1341848029.2187 1.5365 -2.0008 3.3546 0.1069 0.7687 0.4639 -0.4272
1341848029.2506 1.5407 -1.9983 3.3486 0.1054 0.7679 0.4652 -0.4275
1341848029.2870 1.5458 -1.9966 3.3439 0.1031 0.7672 0.4660 -0.4286
1341848029.3202 1.5523 -1.9935 3.3392 0.1015 0.7657 0.4665 -0.4311
1341848029.3510 1.5576 -1.9899 3.3302 0.1023 0.7646 0.4662 -0.4332
1341848029.3869 1.5644 -1.9892 3.3273 0.1026 0.7648 0.4648 -0.4342
1341848029.4188 1.5703 -1.9871 3.3220 0.1018 0.7632 0.4653 -0.4366
1341848029.4508 1.5770 -1.9852 3.3158 0.1019 0.7624 0.4641 -0.4393
1341848029.4868 1.5843 -1.9840 3.3112 0.1013 0.7618 0.4634 -0.4411
1341848029.5189 1.5917 -1.9821 3.3062 0.0999 0.7607 0.4626 -0.4442
1341848029.5547 1.5999 -1.9812 3.2995 0.1004 0.7597 0.4608 -0.4476
1341848029.5870 1.6100 -1.9807 3.2960 0.1015 0.7598 0.4583 -0.4498
1341848029.6187 1.6191 -1.9798 3.2917 0.1027 0.7582 0.4572 -0.4533
1341848029.6553 1.6260 -1.9780 3.2842 0.1035 0.7562 0.4565 -0.4572
1341848029.6868 1.6358 -1.9776 3.2807 0.1036 0.7558 0.4546 -0.4597
1341848029.7188 1.6454 -1.9773 3.2777 0.1038 0.7538 0.4545 -0.4631
1341848029.7548 1.6525 -1.9750 3.2703 0.1044 0.7513 0.4546 -0.4669
1341848029.7869 1.6623 -1.9748 3.2669 0.1046 0.7508 0.4528 -0.4694
1341848029.8228 1.6717 -1.9739 3.2635 0.1050 0.7489 0.4528 -0.4723
1341848029.8548 1.6794 -1.9721 3.2584 0.1053 0.7469 0.4526 -0.4756
1341848029.8880 1.6884 -1.9713 3.2545 0.1064 0.7454 0.4515 -0.4787
1341848029.9228 1.6974 -1.9700 3.2520 0.1073 0.7439 0.4511 -0.4812
1341848029.9546 1.7040 -1.9673 3.2474 0.1078 0.7416 0.4515 -0.4844
1341848029.9908 1.7125 -1.9660 3.2436 0.1078 0.7402 0.4507 -0.4872
1341848030.0229 1.7214 -1.9647 3.2406 0.1082 0.7385 0.4508 -0.4896
1341848030.0548 1.7278 -1.9617 3.2359 0.1084 0.7367 0.4512 -0.4919
1341848030.0908 1.7341 -1.9594 3.2316 0.1081 0.7352 0.4508 -0.4945
1341848030.1228 1.7420 -1.9584 3.2286 0.1073 0.7339 0.4507 -0.4968
1341848030.1549 1.7478 -1.9561 3.2239 0.1077 0.7318 0.4510 -0.4995
1341848030.1907 1.7534 -1.9541 3.2202 0.1076 0.7303 0.4509 -0.5019
1341848030.2227 1.7583 -1.9524 3.2159 0.1069 0.7279 0.4514 -0.5050
1341848030.2589 1.7636 -1.9505 3.2118 0.1059 0.7255 0.4517 -0.5084
1341848030.2909 1.7690 -1.9480 3.2072 0.1061 0.7229 0.4521 -0.5116
1341848030.3228 1.7742 -1.9462 3.2031 0.1060 0.7210 0.4524 -0.5140
1341848030.3589 1.7793 -1.9426 3.1989 0.1056 0.7178 0.4535 -0.5176
1341848030.3908 1.7824 -1.9398 3.1930 0.1054 0.7154 0.4538 -0.5208
1341848030.4228 1.7891 -1.9371 3.1901 0.1049 0.7134 0.4539 -0.5235
1341848030.4589 1.7914 -1.9332 3.1835 0.1054 0.7110 0.4540 -0.5266
1341848030.4908 1.7978 -1.9308 3.1801 0.1047 0.7097 0.4542 -0.5283
1341848030.5267 1.8006 -1.9256 3.1742 0.1046 0.7075 0.4546 -0.5309
1341848030.5658 1.8040 -1.9219 3.1688 0.1046 0.7058 0.4536 -0.5339
1341848030.6270 1.8133 -1.9159 3.1584 0.1058 0.7019 0.4518 -0.5404
1341848030.6589 1.8161 -1.9117 3.1511 0.1074 0.7004 0.4498 -0.5437
1341848030.6907 1.8212 -1.9099 3.1448 0.1085 0.6996 0.4477 -0.5462
1341848030.7268 1.8260 -1.9062 3.1386 0.1090 0.6981 0.4461 -0.5494
1341848030.7588 1.8287 -1.9028 3.1310 0.1095 0.6961 0.4440 -0.5535
1341848030.7947 1.8342 -1.9005 3.1244 0.1087 0.6946 0.4418 -0.5572
1341848030.8275 1.8392 -1.8974 3.1167 0.1086 0.6931 0.4394 -0.5610
1341848030.8598 1.8470 -1.8967 3.1103 0.1103 0.6918 0.4359 -0.5650
1341848030.8947 1.8532 -1.8945 3.1033 0.1146 0.6895 0.4328 -0.5694
1341848030.9267 1.8562 -1.8913 3.0936 0.1182 0.6878 0.4299 -0.5729
1341848030.9587 1.8605 -1.8900 3.0854 0.1181 0.6873 0.4268 -0.5758
1341848030.9947 1.8674 -1.8890 3.0781 0.1175 0.6855 0.4238 -0.5803
1341848031.0267 1.8735 -1.8863 3.0688 0.1194 0.6846 0.4208 -0.5831
1341848031.0628 1.8797 -1.8843 3.0608 0.1223 0.6847 0.4168 -0.5852
1341848031.0948 1.8861 -1.8837 3.0533 0.1248 0.6833 0.4146 -0.5879
1341848031.1268 1.8901 -1.8807 3.0434 0.1265 0.6827 0.4130 -0.5894
1341848031.1629 1.8973 -1.8788 3.0358 0.1280 0.6834 0.4107 -0.5898
1341848031.1947 1.9030 -1.8777 3.0287 0.1294 0.6828 0.4099 -0.5907
1341848031.2310 1.9070 -1.8741 3.0207 0.1306 0.6819 0.4096 -0.5918
1341848031.2627 1.9127 -1.8739 3.0131 0.1321 0.6816 0.4090 -0.5922
1341848031.2947 1.9192 -1.8721 3.0067 0.1349 0.6803 0.4092 -0.5929
1341848031.3308 1.9196 -1.8676 2.9983 0.1364 0.6791 0.4094 -0.5939
1341848031.3630 1.9235 -1.8673 2.9913 0.1355 0.6786 0.4088 -0.5950
1341848031.3948 1.9276 -1.8666 2.9858 0.1341 0.6778 0.4087 -0.5962
1341848031.4306 1.9306 -1.8645 2.9797 0.1332 0.6767 0.4082 -0.5981
1341848031.4722 1.9349 -1.8655 2.9742 0.1320 0.6760 0.4075 -0.5996
1341848031.5021 1.9394 -1.8640 2.9699 0.1301 0.6745 0.4083 -0.6012
1341848031.5629 1.9481 -1.8634 2.9606 0.1279 0.6714 0.4068 -0.6062
1341848031.5987 1.9520 -1.8618 2.9566 0.1278 0.6688 0.4066 -0.6091
1341848031.6308 1.9552 -1.8610 2.9516 0.1274 0.6672 0.4058 -0.6115
1341848031.6628 1.9606 -1.8608 2.9478 0.1263 0.6659 0.4049 -0.6137
1341848031.6988 1.9652 -1.8593 2.9435 0.1253 0.6639 0.4042 -0.6165
1341848031.7307 1.9676 -1.8581 2.9381 0.1239 0.6627 0.4025 -0.6192
1341848031.7667 1.9757 -1.8592 2.9348 0.1214 0.6621 0.4005 -0.6217
1341848031.7987 1.9827 -1.8582 2.9311 0.1210 0.6597 0.3993 -0.6251
1341848031.8308 1.9865 -1.8571 2.9267 0.1222 0.6574 0.3964 -0.6291
1341848031.8667 1.9928 -1.8583 2.9226 0.1218 0.6552 0.3944 -0.6327
1341848031.8987 1.9974 -1.8574 2.9181 0.1200 0.6531 0.3934 -0.6359
1341848031.9308 2.0046 -1.8588 2.9129 0.1203 0.6514 0.3904 -0.6394
1341848031.9667 2.0122 -1.8582 2.9086 0.1210 0.6498 0.3890 -0.6418
1341848031.9987 2.0153 -1.8562 2.9039 0.1195 0.6475 0.3886 -0.6446
1341848032.0347 2.0230 -1.8570 2.8985 -0.1173 -0.6462 -0.3875 0.6469
1341848032.0667 2.0325 -1.8564 2.8940 -0.1173 -0.6446 -0.3864 0.6491
1341848032.0987 2.0377 -1.8547 2.8877 -0.1180 -0.6435 -0.3855 0.6507
1341848032.1347 2.0455 -1.8541 2.8831 -0.1173 -0.6434 -0.3852 0.6511
1341848032.1670 2.0530 -1.8524 2.8785 -0.1169 -0.6419 -0.3851 0.6527
1341848032.2030 2.0574 -1.8501 2.8724 -0.1174 -0.6412 -0.3844 0.6537
1341848032.2347 2.0666 -1.8504 2.8677 -0.1177 -0.6409 -0.3839 0.6542
1341848032.2667 2.0728 -1.8468 2.8636 -0.1174 -0.6389 -0.3846 0.6558
1341848032.3028 2.0755 -1.8436 2.8588 -0.1168 -0.6386 -0.3839 0.6566
1341848032.3346 2.0854 -1.8455 2.8545 -0.1165 -0.6378 -0.3835 0.6577
1341848032.3667 2.0891 -1.8400 2.8514 -0.1158 -0.6360 -0.3837 0.6595
1341848032.4030 2.0933 -1.8374 2.8476 -0.1143 -0.6356 -0.3817 0.6612
1341848032.4347 2.0997 -1.8389 2.8436 -0.1140 -0.6348 -0.3806 0.6627
1341848032.4708 2.1047 -1.8374 2.8390 -0.1133 -0.6344 -0.3800 0.6636
1341848032.5030 2.1097 -1.8364 2.8342 -0.1133 -0.6342 -0.3787 0.6645
1341848032.5347 2.1163 -1.8368 2.8300 -0.1131 -0.6338 -0.3774 0.6656
1341848032.5709 2.1198 -1.8345 2.8257 -0.1127 -0.6335 -0.3765 0.6665
1341848032.6030 2.1233 -1.8329 2.8187 -0.1116 -0.6347 -0.3748 0.6665
1341848032.6347 2.1295 -1.8313 2.8129 -0.1098 -0.6357 -0.3726 0.6671
1341848032.6708 2.1351 -1.8316 2.8073 -0.1075 -0.6360 -0.3717 0.6676
1341848032.7028 2.1389 -1.8318 2.7994 -0.1063 -0.6366 -0.3707 0.6679
1341848032.7387 2.1456 -1.8331 2.7928 -0.1070 -0.6370 -0.3694 0.6681
1341848032.7707 2.1520 -1.8309 2.7874 -0.1071 -0.6368 -0.3697 0.6681
1341848032.8029 2.1519 -1.8275 2.7803 -0.1067 -0.6371 -0.3693 0.6681
1341848032.8388 2.1598 -1.8276 2.7716 -0.1064 -0.6382 -0.3686 0.6675
1341848032.8707 2.1639 -1.8235 2.7638 -0.1074 -0.6374 -0.3683 0.6682
1341848032.9027 2.1660 -1.8194 2.7572 -0.1080 -0.6373 -0.3670 0.6690
1341848032.9388 2.1721 -1.8183 2.7495 -0.1077 -0.6365 -0.3671 0.6697
1341848032.9708 2.1728 -1.8134 2.7433 -0.1072 -0.6352 -0.3684 0.6703
1341848033.0067 2.1723 -1.8098 2.7364 -0.1070 -0.6340 -0.3679 0.6717
1341848033.0392 2.1742 -1.8068 2.7295 -0.1069 -0.6334 -0.3665 0.6730
1341848033.0708 2.1745 -1.8033 2.7235 -0.1055 -0.6326 -0.3660 0.6744
1341848033.1069 2.1746 -1.8002 2.7164 -0.1038 -0.6310 -0.3648 0.6768
1341848033.1391 2.1780 -1.7985 2.7085 -0.1037 -0.6301 -0.3619 0.6791
1341848033.1707 2.1830 -1.7964 2.7021 -0.1059 -0.6286 -0.3598 0.6813
1341848033.2069 2.1825 -1.7918 2.6962 -0.1084 -0.6265 -0.3586 0.6835
1341848033.2387 2.1818 -1.7896 2.6899 -0.1087 -0.6245 -0.3576 0.6857
1341848033.2749 2.1876 -1.7874 2.6839 -0.1078 -0.6230 -0.3574 0.6874
1341848033.3067 2.1872 -1.7833 2.6774 -0.1086 -0.6204 -0.3574 0.6896
1341848033.3388 2.1895 -1.7816 2.6701 -0.1095 -0.6184 -0.3561 0.6920
1341848033.3748 2.1927 -1.7783 2.6644 -0.1095 -0.6164 -0.3569 0.6933
1341848033.4068 2.1890 -1.7745 2.6569 -0.1096 -0.6146 -0.3575 0.6946
1341848033.4431 2.1929 -1.7726 2.6500 -0.1093 -0.6141 -0.3560 0.6959
1341848033.4747 2.1955 -1.7697 2.6442 -0.1097 -0.6127 -0.3556 0.6972
1341848033.5068 2.1948 -1.7660 2.6379 -0.1099 -0.6114 -0.3554 0.6985
1341848033.5429 2.1955 -1.7641 2.6315 -0.1102 -0.6111 -0.3541 0.6993
1341848033.5748 2.1991 -1.7622 2.6268 -0.1106 -0.6101 -0.3527 0.7008
1341848033.6069 2.1989 -1.7597 2.6206 -0.1123 -0.6077 -0.3515 0.7033
1341848033.6429 2.1992 -1.7585 2.6139 -0.1134 -0.6071 -0.3502 0.7042
1341848033.6749 2.2020 -1.7570 2.6089 -0.1135 -0.6064 -0.3495 0.7052
1341848033.7108 2.2026 -1.7549 2.6027 -0.1146 -0.6046 -0.3489 0.7068
1341848033.7428 2.2005 -1.7537 2.5958 -0.1155 -0.6044 -0.3471 0.7077
1341848033.7748 2.2055 -1.7528 2.5907 -0.1142 -0.6047 -0.3461 0.7082
1341848033.8111 2.2071 -1.7507 2.5857 -0.1140 -0.6026 -0.3457 0.7102
1341848033.8428 2.2079 -1.7497 2.5791 -0.1151 -0.6010 -0.3441 0.7121
1341848033.8749 2.2121 -1.7479 2.5745 -0.1157 -0.6003 -0.3429 0.7132
1341848033.9112 2.2114 -1.7455 2.5716 -0.1158 -0.5978 -0.3418 0.7158
1341848033.9428 2.2111 -1.7447 2.5677 -0.1133 -0.5946 -0.3404 0.7195
1341848033.9789 2.2125 -1.7440 2.5636 -0.1096 -0.5924 -0.3385 0.7228
1341848034.0108 2.2162 -1.7442 2.5597 -0.1060 -0.5894 -0.3363 0.7268
1341848034.0427 2.2206 -1.7455 2.5560 -0.1038 -0.5851 -0.3337 0.7318
1341848034.0788 2.2228 -1.7461 2.5513 -0.1046 -0.5822 -0.3303 0.7356
1341848034.1108 2.2238 -1.7456 2.5482 -0.1045 -0.5806 -0.3263 0.7386
1341848034.1427 2.2276 -1.7461 2.5465 -0.1018 -0.5762 -0.3226 0.7440
1341848034.1788 2.2320 -1.7465 2.5417 -0.0991 -0.5725 -0.3206 0.7480
1341848034.2107 2.2382 -1.7477 2.5370 -0.0989 -0.5709 -0.3177 0.7506
1341848034.2467 2.2437 -1.7469 2.5333 -0.1001 -0.5675 -0.3145 0.7544
1341848034.2787 2.2445 -1.7475 2.5287 -0.1004 -0.5644 -0.3124 0.7575
1341848034.3181 2.2506 -1.7478 2.5241 -0.0986 -0.5630 -0.3098 0.7598
1341848034.3538 2.2568 -1.7467 2.5191 -0.0991 -0.5605 -0.3068 0.7628
1341848034.3862 2.2614 -1.7463 2.5126 -0.1002 -0.5589 -0.3042 0.7649
1341848034.4218 2.2675 -1.7454 2.5077 -0.1004 -0.5578 -0.3026 0.7663
1341848034.4538 2.2729 -1.7431 2.5013 -0.1005 -0.5557 -0.3017 0.7681
1341848034.4857 2.2775 -1.7417 2.4938 -0.1002 -0.5548 -0.3009 0.7691
1341848034.5217 2.2836 -1.7388 2.4865 -0.0987 -0.5550 -0.3011 0.7692
1341848034.5537 2.2912 -1.7356 2.4793 -0.0979 -0.5540 -0.3014 0.7698
1341848034.5858 2.2979 -1.7314 2.4710 -0.0985 -0.5537 -0.3016 0.7699
1341848034.6538 2.3102 -1.7231 2.4573 -0.1009 -0.5522 -0.3037 0.7699
1341848034.7152 2.3201 -1.7159 2.4425 -0.1023 -0.5500 -0.3043 0.7710
1341848034.7467 2.3270 -1.7112 2.4362 -0.1035 -0.5500 -0.3046 0.7707
1341848034.7828 2.3306 -1.7060 2.4306 -0.1050 -0.5487 -0.3047 0.7714
1341848034.8147 2.3342 -1.7027 2.4237 -0.1053 -0.5479 -0.3046 0.7720
1341848034.8469 2.3403 -1.6985 2.4183 -0.1049 -0.5481 -0.3062 0.7713
1341848034.8827 2.3430 -1.6949 2.4136 -0.1061 -0.5466 -0.3063 0.7721
1341848034.9148 2.3465 -1.6920 2.4087 -0.1065 -0.5452 -0.3068 0.7729
1341848034.9515 2.3488 -1.6882 2.4046 -0.1062 -0.5435 -0.3077 0.7737
1341848034.9830 2.3515 -1.6851 2.4002 -0.1062 -0.5415 -0.3079 0.7751
1341848035.0149 2.3537 -1.6816 2.3955 -0.1071 -0.5396 -0.3079 0.7763
1341848035.0509 2.3545 -1.6775 2.3913 -0.1081 -0.5383 -0.3077 0.7771
1341848035.0843 2.3556 -1.6746 2.3863 -0.1077 -0.5374 -0.3078 0.7778
1341848035.1189 2.3608 -1.6716 2.3811 -0.1074 -0.5357 -0.3087 0.7786
1341848035.2189 2.3631 -1.6598 2.3659 -0.1088 -0.5326 -0.3094 0.7802
1341848035.2843 2.3615 -1.6535 2.3536 -0.1090 -0.5318 -0.3086 0.7811
1341848035.3199 2.3636 -1.6511 2.3480 -0.1091 -0.5313 -0.3067 0.7822
1341848035.3510 2.3633 -1.6487 2.3408 -0.1093 -0.5310 -0.3052 0.7829
1341848035.4227 2.3662 -1.6441 2.3274 -0.1103 -0.5305 -0.3008 0.7848
1341848035.4868 2.3654 -1.6385 2.3117 -0.1108 -0.5300 -0.2964 0.7868
1341848035.5186 2.3676 -1.6351 2.3041 -0.1125 -0.5293 -0.2944 0.7877
1341848035.5509 2.3634 -1.6305 2.2978 -0.1147 -0.5283 -0.2907 0.7894
1341848035.5867 2.3636 -1.6278 2.2903 -0.1139 -0.5281 -0.2878 0.7908
1341848035.6188 2.3667 -1.6254 2.2825 -0.1134 -0.5264 -0.2863 0.7925
1341848035.6547 2.3653 -1.6212 2.2750 -0.1152 -0.5237 -0.2835 0.7951
1341848035.6867 2.3677 -1.6189 2.2670 -0.1175 -0.5218 -0.2807 0.7969
1341848035.7188 2.3678 -1.6145 2.2609 -0.1196 -0.5179 -0.2795 0.7996
1341848035.7560 2.3625 -1.6096 2.2545 -0.1209 -0.5152 -0.2777 0.8018
1341848035.7867 2.3645 -1.6075 2.2480 -0.1206 -0.5137 -0.2770 0.8031
1341848035.8188 2.3624 -1.6028 2.2426 -0.1210 -0.5101 -0.2764 0.8055
1341848035.8547 2.3594 -1.6013 2.2349 -0.1218 -0.5078 -0.2741 0.8076
1341848035.8867 2.3609 -1.5996 2.2274 -0.1228 -0.5073 -0.2713 0.8087
1341848035.9228 2.3589 -1.5962 2.2205 -0.1242 -0.5060 -0.2690 0.8100
1341848035.9546 2.3574 -1.5940 2.2125 -0.1250 -0.5059 -0.2660 0.8110
1341848035.9867 2.3612 -1.5920 2.2040 -0.1265 -0.5063 -0.2632 0.8114
1341848036.0228 2.3620 -1.5884 2.1974 -0.1297 -0.5056 -0.2613 0.8119
1341848036.0549 2.3577 -1.5842 2.1913 -0.1318 -0.5045 -0.2597 0.8128
1341848036.0870 2.3590 -1.5824 2.1848 -0.1316 -0.5036 -0.2593 0.8136
1341848036.1227 2.3604 -1.5790 2.1778 -0.1314 -0.5015 -0.2609 0.8143
1341848036.1548 2.3552 -1.5748 2.1718 -0.1327 -0.4993 -0.2610 0.8155
1341848036.1908 2.3539 -1.5727 2.1655 -0.1326 -0.4982 -0.2602 0.8164
1341848036.2233 2.3540 -1.5700 2.1584 -0.1319 -0.4967 -0.2609 0.8172
1341848036.2547 2.3503 -1.5661 2.1530 -0.1302 -0.4957 -0.2620 0.8177
1341848036.2908 2.3508 -1.5632 2.1469 -0.1276 -0.4935 -0.2630 0.8192
1341848036.3549 2.3481 -1.5563 2.1315 -0.1268 -0.4894 -0.2638 0.8215
1341848036.3908 2.3474 -1.5540 2.1257 -0.1272 -0.4889 -0.2626 0.8221
1341848036.4588 2.3450 -1.5455 2.1115 -0.1252 -0.4849 -0.2623 0.8249
1341848036.4912 2.3462 -1.5424 2.1026 -0.1238 -0.4851 -0.2623 0.8250
1341848036.5227 2.3432 -1.5376 2.0955 -0.1230 -0.4843 -0.2618 0.8257
1341848036.5589 2.3428 -1.5339 2.0872 -0.1213 -0.4834 -0.2607 0.8268
1341848036.5907 2.3420 -1.5304 2.0795 -0.1201 -0.4820 -0.2592 0.8283
1341848036.6268 2.3402 -1.5263 2.0699 -0.1202 -0.4798 -0.2560 0.8306
1341848036.6587 2.3383 -1.5222 2.0607 -0.1191 -0.4790 -0.2529 0.8321
1341848036.6912 2.3382 -1.5192 2.0502 -0.1164 -0.4781 -0.2507 0.8337
1341848036.7268 2.3403 -1.5166 2.0390 -0.1152 -0.4767 -0.2478 0.8355
1341848036.7589 2.3385 -1.5119 2.0282 -0.1148 -0.4751 -0.2446 0.8374
1341848036.7907 2.3392 -1.5092 2.0179 -0.1127 -0.4742 -0.2419 0.8390
1341848036.8270 2.3427 -1.5055 2.0064 -0.1109 -0.4719 -0.2408 0.8409
1341848036.8586 2.3422 -1.5019 1.9951 -0.1115 -0.4690 -0.2383 0.8431
1341848036.9268 2.3409 -1.4946 1.9738 -0.1117 -0.4654 -0.2328 0.8466
1341848036.9587 2.3415 -1.4906 1.9626 -0.1085 -0.4641 -0.2317 0.8480
1341848036.9948 2.3439 -1.4864 1.9508 -0.1072 -0.4622 -0.2295 0.8498
1341848037.0268 2.3423 -1.4822 1.9395 -0.1052 -0.4613 -0.2288 0.8507
1341848037.0610 2.3407 -1.4781 1.9305 -0.1017 -0.4615 -0.2282 0.8512
1341848037.0947 2.3434 -1.4741 1.9179 -0.0986 -0.4609 -0.2259 0.8525
1341848037.1267 2.3438 -1.4693 1.9063 -0.0973 -0.4611 -0.2239 0.8531
1341848037.1628 2.3388 -1.4681 1.8962 -0.0943 -0.4620 -0.2218 0.8535
1341848037.1947 2.3400 -1.4636 1.8831 -0.0863 -0.4666 -0.2198 0.8524
1341848037.2270 2.3441 -1.4583 1.8712 -0.0831 -0.4686 -0.2164 0.8525
1341848037.2637 2.3403 -1.4561 1.8571 -0.0812 -0.4707 -0.2136 0.8522
1341848037.2952 2.3437 -1.4511 1.8478 -0.0755 -0.4754 -0.2130 0.8502
1341848037.3269 2.3463 -1.4459 1.8387 -0.0744 -0.4755 -0.2130 0.8503
1341848037.3627 2.3407 -1.4438 1.8278 -0.0744 -0.4750 -0.2127 0.8506
1341848037.3951 2.3396 -1.4397 1.8183 -0.0706 -0.4764 -0.2138 0.8499
1341848037.4309 2.3392 -1.4352 1.8090 -0.0679 -0.4762 -0.2148 0.8500
1341848037.4628 2.3371 -1.4313 1.7966 -0.0669 -0.4757 -0.2150 0.8503
1341848037.5307 2.3341 -1.4216 1.7802 -0.0646 -0.4765 -0.2162 0.8498
1341848037.5630 2.3296 -1.4177 1.7701 -0.0643 -0.4746 -0.2182 0.8503
1341848037.5958 2.3266 -1.4136 1.7612 -0.0633 -0.4745 -0.2186 0.8503
1341848037.6308 2.3254 -1.4076 1.7545 -0.0629 -0.4731 -0.2195 0.8509
1341848037.6627 2.3196 -1.4038 1.7474 -0.0623 -0.4701 -0.2213 0.8521
1341848037.6987 2.3146 -1.3995 1.7393 -0.0607 -0.4683 -0.2223 0.8530
1341848037.7310 2.3117 -1.3946 1.7323 -0.0599 -0.4661 -0.2216 0.8544
1341848037.7698 2.3083 -1.3895 1.7239 -0.0604 -0.4634 -0.2210 0.8560
1341848037.8378 2.2989 -1.3805 1.7102 -0.0587 -0.4602 -0.2181 0.8586
1341848037.8989 2.2903 -1.3682 1.6969 -0.0656 -0.4535 -0.2149 0.8624
1341848037.9309 2.2867 -1.3634 1.6905 -0.0677 -0.4492 -0.2143 0.8647
1341848037.9669 2.2830 -1.3566 1.6815 -0.0701 -0.4448 -0.2144 0.8668
1341848037.9986 2.2760 -1.3519 1.6745 -0.0725 -0.4419 -0.2141 0.8681
1341848038.0309 2.2735 -1.3469 1.6684 -0.0735 -0.4392 -0.2141 0.8694
1341848038.0668 2.2702 -1.3403 1.6623 -0.0757 -0.4347 -0.2145 0.8714
1341848038.0987 2.2644 -1.3351 1.6553 -0.0786 -0.4305 -0.2139 0.8734
1341848038.1347 2.2587 -1.3308 1.6488 -0.0798 -0.4278 -0.2140 0.8746
1341848038.1667 2.2555 -1.3261 1.6439 -0.0800 -0.4249 -0.2154 0.8756
1341848038.1987 2.2502 -1.3217 1.6371 -0.0817 -0.4213 -0.2145 0.8774
1341848038.2347 2.2432 -1.3173 1.6314 -0.0826 -0.4198 -0.2129 0.8784
1341848038.2741 2.2407 -1.3134 1.6243 -0.0815 -0.4179 -0.2130 0.8794
1341848038.3065 2.2370 -1.3091 1.6166 -0.0814 -0.4155 -0.2138 0.8804
1341848038.3419 2.2293 -1.3055 1.6125 -0.0816 -0.4138 -0.2131 0.8813
1341848038.3741 2.2276 -1.3025 1.6040 -0.0795 -0.4114 -0.2140 0.8824
1341848038.4098 2.2210 -1.2983 1.5955 -0.0780 -0.4090 -0.2157 0.8832
1341848038.4418 2.2177 -1.2959 1.5879 -0.0777 -0.4087 -0.2137 0.8839
1341848038.4739 2.2154 -1.2930 1.5800 -0.0780 -0.4070 -0.2132 0.8848
1341848038.5102 2.2069 -1.2900 1.5754 -0.0771 -0.4051 -0.2136 0.8856
1341848038.5669 2.2022 -1.2841 1.5583 -0.0703 -0.4039 -0.2114 0.8873
1341848038.6030 2.1967 -1.2794 1.5486 -0.0686 -0.4028 -0.2121 0.8877
1341848038.6347 2.1948 -1.2761 1.5387 -0.0673 -0.4035 -0.2113 0.8877
1341848038.6707 2.1959 -1.2716 1.5282 -0.0668 -0.4029 -0.2116 0.8879
1341848038.7029 2.1880 -1.2672 1.5213 -0.0668 -0.4023 -0.2124 0.8880
1341848038.7348 2.1864 -1.2643 1.5141 -0.0641 -0.4028 -0.2125 0.8880
1341848038.7707 2.1881 -1.2587 1.5027 -0.0626 -0.4013 -0.2123 0.8888
1341848038.8028 2.1848 -1.2529 1.4916 -0.0640 -0.4008 -0.2112 0.8892
1341848038.8388 2.1811 -1.2500 1.4873 -0.0644 -0.4012 -0.2089 0.8895
1341848038.8711 2.1853 -1.2452 1.4766 -0.0621 -0.3987 -0.2084 0.8909
1341848038.9028 2.1835 -1.2387 1.4642 -0.0633 -0.3955 -0.2070 0.8926
1341848038.9388 2.1808 -1.2346 1.4561 -0.0649 -0.3949 -0.2033 0.8936
1341848038.9708 2.1862 -1.2292 1.4469 -0.0651 -0.3923 -0.2019 0.8951
1341848039.0026 2.1835 -1.2230 1.4386 -0.0663 -0.3875 -0.2025 0.8969
1341848039.0389 2.1794 -1.2202 1.4312 -0.0660 -0.3851 -0.1999 0.8985
1341848039.0708 2.1843 -1.2143 1.4179 -0.0652 -0.3827 -0.1980 0.9000
1341848039.1068 2.1809 -1.2100 1.4102 -0.0663 -0.3809 -0.1971 0.9009
1341848039.1387 2.1812 -1.2071 1.4031 -0.0661 -0.3801 -0.1945 0.9018
1341848039.1707 2.1848 -1.2015 1.3910 -0.0663 -0.3773 -0.1935 0.9032
1341848039.2068 2.1803 -1.1981 1.3851 -0.0670 -0.3757 -0.1927 0.9040
1341848039.2389 2.1813 -1.1946 1.3763 -0.0652 -0.3753 -0.1909 0.9047
1341848039.2710 2.1860 -1.1892 1.3653 -0.0644 -0.3733 -0.1907 0.9056
1341848039.3067 2.1829 -1.1851 1.3593 -0.0658 -0.3720 -0.1895 0.9063
1341848039.3389 2.1837 -1.1821 1.3515 -0.0656 -0.3715 -0.1877 0.9069
1341848039.3748 2.1859 -1.1781 1.3430 -0.0651 -0.3702 -0.1885 0.9073
1341848039.4069 2.1841 -1.1735 1.3377 -0.0652 -0.3681 -0.1888 0.9081
1341848039.4389 2.1832 -1.1695 1.3298 -0.0654 -0.3666 -0.1889 0.9086
1341848039.4749 2.1824 -1.1653 1.3236 -0.0659 -0.3648 -0.1898 0.9091
1341848039.5071 2.1779 -1.1619 1.3209 -0.0660 -0.3626 -0.1904 0.9099
1341848039.5387 2.1750 -1.1590 1.3134 -0.0646 -0.3605 -0.1909 0.9107
1341848039.5749 2.1720 -1.1537 1.3042 -0.0640 -0.3596 -0.1912 0.9111
1341848039.6067 2.1693 -1.1509 1.2998 -0.0639 -0.3593 -0.1912 0.9112
1341848039.6427 2.1658 -1.1474 1.2951 -0.0623 -0.3568 -0.1923 0.9121
1341848039.6748 2.1605 -1.1428 1.2853 -0.0600 -0.3551 -0.1933 0.9127
1341848039.7072 2.1595 -1.1378 1.2778 -0.0597 -0.3554 -0.1927 0.9127
1341848039.7429 2.1557 -1.1350 1.2750 -0.0599 -0.3538 -0.1936 0.9131
1341848039.7753 2.1491 -1.1310 1.2704 -0.0582 -0.3513 -0.1948 0.9139
1341848039.8069 2.1448 -1.1259 1.2629 -0.0556 -0.3502 -0.1951 0.9144
1341848039.8433 2.1427 -1.1212 1.2566 -0.0550 -0.3483 -0.1950 0.9152
1341848039.8818 2.1343 -1.1172 1.2534 -0.0546 -0.3461 -0.1944 0.9162
1341848039.9434 2.1277 -1.1073 1.2358 -0.0536 -0.3427 -0.1904 0.9184
1341848039.9748 2.1184 -1.1022 1.2325 -0.0557 -0.3413 -0.1882 0.9192
1341848040.0107 2.1121 -1.0994 1.2270 -0.0554 -0.3408 -0.1858 0.9199
1341848040.0428 2.1105 -1.0926 1.2172 -0.0557 -0.3384 -0.1846 0.9210
1341848040.0787 2.1032 -1.0873 1.2119 -0.0587 -0.3357 -0.1826 0.9222
1341848040.1108 2.0979 -1.0824 1.2083 -0.0611 -0.3330 -0.1810 0.9234
1341848040.1427 2.0916 -1.0789 1.2017 -0.0625 -0.3286 -0.1806 0.9249
1341848040.1788 2.0860 -1.0722 1.1910 -0.0635 -0.3250 -0.1809 0.9261
1341848040.2110 2.0804 -1.0675 1.1858 -0.0670 -0.3224 -0.1791 0.9271
1341848040.2427 2.0743 -1.0644 1.1806 -0.0699 -0.3186 -0.1781 0.9284
1341848040.2789 2.0635 -1.0618 1.1788 -0.0706 -0.3150 -0.1776 0.9296
1341848040.3107 2.0599 -1.0590 1.1704 -0.0695 -0.3132 -0.1748 0.9309
1341848040.3469 2.0576 -1.0552 1.1599 -0.0720 -0.3107 -0.1716 0.9321
1341848040.3788 2.0477 -1.0536 1.1615 -0.0745 -0.3087 -0.1693 0.9330
1341848040.4109 2.0412 -1.0532 1.1572 -0.0730 -0.3072 -0.1658 0.9342
1341848040.4467 2.0380 -1.0498 1.1457 -0.0719 -0.3055 -0.1626 0.9354
1341848040.4787 2.0317 -1.0488 1.1413 -0.0727 -0.3047 -0.1592 0.9362
1341848040.5178 2.0256 -1.0487 1.1376 -0.0714 -0.3040 -0.1579 0.9368
1341848040.5789 2.0177 -1.0437 1.1171 -0.0693 -0.3012 -0.1569 0.9380
1341848040.6149 2.0105 -1.0432 1.1141 -0.0701 -0.2999 -0.1554 0.9386
1341848040.6468 2.0074 -1.0435 1.1094 -0.0686 -0.2980 -0.1556 0.9393
1341848040.6790 2.0009 -1.0437 1.1082 -0.0676 -0.2937 -0.1548 0.9408
1341848040.7147 1.9982 -1.0460 1.1066 -0.0641 -0.2883 -0.1532 0.9430
1341848040.7468 1.9898 -1.0429 1.1006 -0.0589 -0.2804 -0.1524 0.9459
1341848040.7788 1.9884 -1.0408 1.0926 -0.0547 -0.2756 -0.1516 0.9477
1341848040.8147 1.9852 -1.0384 1.0870 -0.0535 -0.2686 -0.1502 0.9500
1341848040.8469 1.9759 -1.0352 1.0826 -0.0517 -0.2635 -0.1490 0.9517
1341848040.8828 1.9730 -1.0338 1.0788 -0.0491 -0.2592 -0.1480 0.9532
1341848040.9147 1.9678 -1.0286 1.0712 -0.0482 -0.2534 -0.1456 0.9551
1341848040.9469 1.9604 -1.0268 1.0702 -0.0483 -0.2499 -0.1425 0.9565
1341848040.9845 1.9609 -1.0237 1.0629 -0.0475 -0.2451 -0.1400 0.9582
1341848041.0226 1.9525 -1.0151 1.0577 -0.0490 -0.2404 -0.1359 0.9599
1341848041.0589 1.9464 -1.0145 1.0582 -0.0509 -0.2388 -0.1306 0.9609
1341848041.0943 1.9511 -1.0114 1.0494 -0.0517 -0.2343 -0.1275 0.9624
1341848041.1222 1.9458 -1.0030 1.0464 -0.0548 -0.2288 -0.1246 0.9639
1341848041.1900 1.9374 -0.9965 1.0394 -0.0610 -0.2218 -0.1141 0.9665
1341848041.2507 1.9273 -0.9881 1.0339 -0.0647 -0.2162 -0.1097 0.9680
1341848041.2831 1.9240 -0.9820 1.0282 -0.0677 -0.2129 -0.1085 0.9687
1341848041.3193 1.9111 -0.9797 1.0340 -0.0698 -0.2105 -0.1069 0.9692
1341848041.3555 1.9088 -0.9778 1.0271 -0.0688 -0.2077 -0.1059 0.9700
1341848041.3849 1.9025 -0.9723 1.0265 -0.0687 -0.2041 -0.1072 0.9706
1341848041.4188 1.8929 -0.9702 1.0289 -0.0690 -0.1997 -0.1045 0.9718
1341848041.4508 1.8930 -0.9655 1.0185 -0.0695 -0.1962 -0.1024 0.9727
1341848041.4828 1.8854 -0.9622 1.0201 -0.0726 -0.1929 -0.1035 0.9730
1341848041.5188 1.8741 -0.9620 1.0263 -0.0746 -0.1881 -0.1021 0.9740
1341848041.5507 1.8695 -0.9604 1.0224 -0.0740 -0.1827 -0.1025 0.9750
1341848041.5868 1.8590 -0.9551 1.0231 -0.0737 -0.1783 -0.1036 0.9757
1341848041.6187 1.8488 -0.9527 1.0235 -0.0731 -0.1746 -0.1026 0.9765
1341848041.6510 1.8410 -0.9483 1.0198 -0.0724 -0.1716 -0.1019 0.9772
1341848041.6868 1.8270 -0.9461 1.0238 -0.0719 -0.1693 -0.1007 0.9778
1341848041.7188 1.8195 -0.9429 1.0191 -0.0705 -0.1666 -0.0983 0.9786
1341848041.7508 1.8065 -0.9396 1.0194 -0.0706 -0.1642 -0.0948 0.9793
1341848041.7867 1.7956 -0.9383 1.0190 -0.0699 -0.1629 -0.0915 0.9799
1341848041.8187 1.7842 -0.9356 1.0155 -0.0691 -0.1623 -0.0876 0.9804
1341848041.8547 1.7768 -0.9342 1.0130 -0.0690 -0.1626 -0.0850 0.9806
1341848041.8867 1.7628 -0.9336 1.0167 -0.0700 -0.1604 -0.0823 0.9811
1341848041.9187 1.7481 -0.9353 1.0192 -0.0683 -0.1587 -0.0791 0.9818
1341848041.9950 1.7317 -0.9305 1.0079 -0.0682 -0.1549 -0.0727 0.9829
1341848042.0189 1.7150 -0.9350 1.0175 -0.0699 -0.1528 -0.0682 0.9834
1341848042.0546 1.7114 -0.9355 1.0119 -0.0674 -0.1518 -0.0670 0.9838
1341848042.0895 1.7035 -0.9315 1.0098 -0.0685 -0.1492 -0.0652 0.9843
1341848042.1229 1.6861 -0.9349 1.0161 -0.0707 -0.1465 -0.0611 0.9848
1341848042.1548 1.6818 -0.9363 1.0125 -0.0693 -0.1450 -0.0605 0.9852
1341848042.1867 1.6725 -0.9348 1.0130 -0.0691 -0.1414 -0.0615 0.9856
1341848042.2229 1.6601 -0.9333 1.0144 -0.0697 -0.1376 -0.0586 0.9863
1341848042.2548 1.6555 -0.9346 1.0114 -0.0696 -0.1353 -0.0588 0.9866
1341848042.2907 1.6459 -0.9339 1.0105 -0.0702 -0.1299 -0.0613 0.9871
1341848042.3228 1.6308 -0.9346 1.0102 -0.0711 -0.1248 -0.0598 0.9878
1341848042.3550 1.6238 -0.9391 1.0040 -0.0741 -0.1222 -0.0569 0.9881
1341848042.3907 1.6089 -0.9420 1.0022 -0.0777 -0.1173 -0.0570 0.9884
1341848042.4297 1.5914 -0.9410 1.0070 -0.0782 -0.1113 -0.0550 0.9892
1341848042.4909 1.5722 -0.9328 0.9938 -0.0800 -0.1015 -0.0499 0.9904
1341848042.5227 1.5545 -0.9386 1.0071 -0.0836 -0.0958 -0.0484 0.9907
1341848042.5587 1.5514 -0.9352 1.0040 -0.0819 -0.0919 -0.0454 0.9914
1341848042.5908 1.5424 -0.9305 1.0041 -0.0828 -0.0871 -0.0428 0.9918
1341848042.6227 1.5260 -0.9299 1.0137 -0.0831 -0.0821 -0.0386 0.9924
1341848042.6587 1.5246 -0.9275 1.0065 -0.0796 -0.0798 -0.0359 0.9930
1341848042.6978 1.5126 -0.9218 1.0038 -0.0788 -0.0735 -0.0330 0.9936
1341848042.7298 1.5041 -0.9189 1.0068 -0.0788 -0.0696 -0.0263 0.9941
1341848042.7616 1.5012 -0.9168 0.9993 -0.0790 -0.0664 -0.0216 0.9944
1341848042.7980 1.4952 -0.9158 0.9987 -0.0802 -0.0612 -0.0205 0.9947
1341848042.8297 1.4859 -0.9122 1.0006 -0.0805 -0.0548 -0.0183 0.9951
1341848042.8617 1.4810 -0.9089 0.9980 -0.0810 -0.0497 -0.0145 0.9954
1341848042.8978 1.4735 -0.9055 0.9962 -0.0818 -0.0449 -0.0125 0.9956
1341848042.9299 1.4638 -0.8993 1.0039 -0.0804 -0.0413 -0.0112 0.9958
1341848042.9657 1.4591 -0.8986 0.9982 -0.0785 -0.0372 -0.0086 0.9962
1341848042.9980 1.4546 -0.8953 0.9948 -0.0783 -0.0346 -0.0050 0.9963
1341848043.0303 1.4482 -0.8956 0.9945 -0.0798 -0.0319 -0.0019 0.9963
1341848043.0657 1.4404 -0.8946 0.9934 -0.0806 -0.0277 -0.0004 0.9964
1341848043.0979 1.4325 -0.8903 0.9952 -0.0809 -0.0241 0.0009 0.9964
1341848043.1340 1.4225 -0.8901 0.9962 -0.0814 -0.0204 0.0021 0.9965
1341848043.1658 1.4170 -0.8876 0.9932 -0.0818 -0.0171 0.0033 0.9965
1341848043.2019 1.4018 -0.8852 1.0011 -0.0817 -0.0137 0.0025 0.9966
1341848043.2339 1.3889 -0.8840 1.0058 -0.0790 -0.0099 0.0027 0.9968
1341848043.2657 1.3871 -0.8825 1.0000 -0.0782 -0.0078 0.0056 0.9969
1341848043.3018 1.3774 -0.8813 1.0062 -0.0782 -0.0052 0.0065 0.9969
1341848043.3340 1.3687 -0.8821 1.0100 -0.0767 -0.0022 0.0068 0.9970
1341848043.3698 1.3596 -0.8797 1.0093 -0.0754 0.0006 0.0082 0.9971
1341848043.4017 1.3460 -0.8754 1.0176 -0.0739 0.0020 0.0091 0.9972
1341848043.4339 1.3362 -0.8773 1.0140 -0.0738 0.0042 0.0098 0.9972
1341848043.4696 1.3195 -0.8759 1.0139 -0.0733 0.0097 0.0109 0.9972
1341848043.5017 1.2891 -0.8713 1.0175 -0.0717 0.0183 0.0158 0.9971
1341848043.5378 1.2810 -0.8725 1.0205 -0.0704 0.0176 0.0177 0.9972
1341848043.5697 1.2752 -0.8714 1.0211 -0.0704 0.0190 0.0208 0.9971
1341848043.6018 1.2617 -0.8691 1.0259 -0.0708 0.0210 0.0231 0.9970
1341848043.6378 1.2532 -0.8691 1.0298 -0.0723 0.0216 0.0248 0.9968
1341848043.6701 1.2430 -0.8711 1.0368 -0.0741 0.0236 0.0263 0.9966
1341848043.7020 1.2315 -0.8718 1.0426 -0.0743 0.0258 0.0266 0.9965
1341848043.7378 1.2218 -0.8705 1.0457 -0.0743 0.0271 0.0281 0.9965
1341848043.7698 1.2132 -0.8699 1.0514 -0.0768 0.0292 0.0314 0.9961
1341848043.8058 1.2014 -0.8758 1.0618 -0.0796 0.0320 0.0334 0.9958
1341848043.8379 1.1925 -0.8796 1.0704 -0.0782 0.0335 0.0332 0.9958
1341848043.8697 1.1861 -0.8768 1.0692 -0.0757 0.0354 0.0339 0.9959
1341848043.9057 1.1713 -0.8763 1.0764 -0.0770 0.0381 0.0355 0.9957
1341848043.9380 1.1648 -0.8799 1.0839 -0.0773 0.0374 0.0360 0.9957
1341848043.9698 1.1618 -0.8807 1.0832 -0.0773 0.0385 0.0345 0.9957
1341848044.0059 1.1476 -0.8808 1.0913 -0.0785 0.0423 0.0335 0.9955
1341848044.0377 1.1355 -0.8851 1.1008 -0.0779 0.0432 0.0342 0.9954
1341848044.0738 1.1337 -0.8830 1.0948 -0.0760 0.0427 0.0346 0.9956
1341848044.1058 1.1197 -0.8816 1.1020 -0.0783 0.0449 0.0350 0.9953
1341848044.1377 1.1128 -0.8849 1.1104 -0.0786 0.0439 0.0370 0.9953
1341848044.1738 1.1096 -0.8866 1.1085 -0.0791 0.0444 0.0370 0.9952
1341848044.2057 1.1014 -0.8872 1.1165 -0.0799 0.0473 0.0367 0.9950
1341848044.2378 1.0920 -0.8863 1.1214 -0.0790 0.0492 0.0382 0.9949
1341848044.2738 1.0881 -0.8861 1.1223 -0.0791 0.0500 0.0391 0.9948
1341848044.3057 1.0800 -0.8872 1.1278 -0.0806 0.0528 0.0399 0.9945
1341848044.3378 1.0723 -0.8882 1.1334 -0.0805 0.0550 0.0404 0.9944
1341848044.3737 1.0663 -0.8868 1.1354 -0.0801 0.0570 0.0430 0.9942
1341848044.4059 1.0614 -0.8872 1.1400 -0.0814 0.0595 0.0452 0.9939
1341848044.4417 1.0551 -0.8888 1.1458 -0.0823 0.0634 0.0488 0.9934
1341848044.4737 1.0508 -0.8887 1.1499 -0.0822 0.0668 0.0521 0.9930
1341848044.5057 1.0471 -0.8895 1.1540 -0.0829 0.0712 0.0556 0.9925
1341848044.5419 1.0411 -0.8905 1.1598 -0.0833 0.0768 0.0593 0.9918
1341848044.5738 1.0340 -0.8902 1.1657 -0.0827 0.0819 0.0629 0.9912
1341848044.6058 1.0290 -0.8896 1.1700 -0.0817 0.0863 0.0670 0.9906
1341848044.6417 1.0220 -0.8877 1.1739 -0.0817 0.0915 0.0723 0.9898
1341848044.7060 1.0096 -0.8901 1.1855 -0.0807 0.0989 0.0801 0.9886
1341848044.7710 0.9937 -0.8916 1.1946 -0.0777 0.1074 0.0868 0.9874
1341848044.8028 0.9895 -0.8888 1.1926 -0.0755 0.1090 0.0880 0.9873
1341848044.8349 0.9798 -0.8892 1.2008 -0.0761 0.1133 0.0901 0.9865
1341848044.8707 0.9696 -0.8902 1.2069 -0.0735 0.1164 0.0943 0.9860
1341848044.9027 0.9624 -0.8880 1.2061 -0.0707 0.1169 0.0971 0.9859
1341848044.9708 0.9445 -0.8872 1.2130 -0.0694 0.1197 0.1039 0.9849
1341848045.0026 0.9391 -0.8836 1.2115 -0.0688 0.1181 0.1059 0.9850
1341848045.0387 0.9328 -0.8821 1.2148 -0.0716 0.1184 0.1071 0.9846
1341848045.0708 0.9268 -0.8857 1.2229 -0.0746 0.1193 0.1075 0.9842
1341848045.1028 0.9230 -0.8847 1.2245 -0.0746 0.1206 0.1073 0.9841
1341848045.1388 0.9130 -0.8855 1.2300 -0.0773 0.1243 0.1072 0.9834
1341848045.1708 0.9047 -0.8881 1.2416 -0.0783 0.1257 0.1082 0.9830
1341848045.2027 0.9015 -0.8880 1.2423 -0.0771 0.1258 0.1073 0.9832
1341848045.2389 0.8931 -0.8909 1.2497 -0.0786 0.1288 0.1054 0.9829
1341848045.2708 0.8849 -0.8905 1.2578 -0.0769 0.1300 0.1064 0.9828
1341848045.3068 0.8784 -0.8903 1.2588 -0.0768 0.1302 0.1065 0.9828
1341848045.3387 0.8729 -0.8938 1.2669 -0.0794 0.1314 0.1045 0.9826
1341848045.3708 0.8638 -0.8965 1.2771 -0.0790 0.1338 0.1039 0.9824
1341848045.4067 0.8545 -0.8950 1.2795 -0.0780 0.1341 0.1036 0.9825
1341848045.4387 0.8453 -0.8953 1.2875 -0.0805 0.1335 0.1035 0.9823
1341848045.4747 0.8402 -0.9003 1.2984 -0.0829 0.1318 0.1030 0.9824
1341848045.5389 0.8270 -0.9070 1.3151 -0.0835 0.1328 0.1000 0.9825
1341848045.6069 0.8138 -0.9059 1.3273 -0.0811 0.1296 0.1001 0.9832
1341848045.6459 0.8090 -0.9063 1.3353 -0.0821 0.1280 0.0995 0.9834
1341848045.7070 0.7929 -0.9118 1.3549 -0.0833 0.1266 0.0960 0.9838
1341848045.7431 0.7892 -0.9106 1.3580 -0.0829 0.1241 0.0950 0.9842
1341848045.7748 0.7811 -0.9133 1.3686 -0.0856 0.1241 0.0935 0.9841
1341848045.8076 0.7737 -0.9165 1.3820 -0.0858 0.1222 0.0923 0.9845
1341848045.8429 0.7712 -0.9145 1.3849 -0.0835 0.1182 0.0905 0.9853
1341848045.8748 0.7641 -0.9142 1.3892 -0.0856 0.1180 0.0881 0.9854
1341848045.9068 0.7523 -0.9198 1.4057 -0.0894 0.1190 0.0879 0.9849
1341848045.9428 0.7470 -0.9194 1.4131 -0.0864 0.1132 0.0864 0.9860
1341848045.9748 0.7447 -0.9170 1.4147 -0.0853 0.1084 0.0825 0.9870
1341848046.0108 0.7342 -0.9185 1.4252 -0.0869 0.1083 0.0794 0.9871
1341848046.0428 0.7288 -0.9178 1.4322 -0.0856 0.1029 0.0777 0.9879
1341848046.0747 0.7249 -0.9130 1.4341 -0.0840 0.0969 0.0744 0.9889
1341848046.1108 0.7196 -0.9118 1.4407 -0.0867 0.0953 0.0709 0.9891
1341848046.1428 0.7131 -0.9147 1.4507 -0.0881 0.0937 0.0684 0.9893
1341848046.1818 0.7077 -0.9096 1.4502 -0.0847 0.0903 0.0637 0.9903
1341848046.2197 0.6985 -0.9068 1.4517 -0.0870 0.0900 0.0602 0.9903
1341848046.2497 0.6893 -0.9096 1.4594 -0.0907 0.0883 0.0580 0.9903
1341848046.2836 0.6845 -0.9057 1.4609 -0.0896 0.0841 0.0546 0.9909
1341848046.3177 0.6790 -0.9035 1.4636 -0.0909 0.0820 0.0506 0.9912
1341848046.3497 0.6691 -0.9037 1.4679 -0.0926 0.0820 0.0486 0.9911
1341848046.3823 0.6633 -0.9001 1.4698 -0.0918 0.0785 0.0465 0.9916
1341848046.4178 0.6606 -0.8933 1.4686 -0.0917 0.0757 0.0433 0.9920
1341848046.4498 0.6485 -0.8964 1.4731 -0.0964 0.0784 0.0421 0.9914
1341848046.4858 0.6423 -0.8925 1.4736 -0.0958 0.0755 0.0401 0.9917
1341848046.5178 0.6366 -0.8879 1.4734 -0.0970 0.0738 0.0370 0.9919
1341848046.5497 0.6262 -0.8906 1.4747 -0.1004 0.0743 0.0353 0.9915
1341848046.5861 0.6202 -0.8886 1.4738 -0.0989 0.0701 0.0339 0.9920
1341848046.6178 0.6140 -0.8803 1.4700 -0.0961 0.0679 0.0310 0.9926
1341848046.6537 0.6023 -0.8839 1.4693 -0.0992 0.0685 0.0310 0.9922
1341848046.7149 0.5891 -0.8723 1.4621 -0.0938 0.0608 0.0297 0.9933
1341848046.7469 0.5809 -0.8713 1.4598 -0.0943 0.0602 0.0291 0.9933
1341848046.7787 0.5734 -0.8700 1.4564 -0.0933 0.0582 0.0285 0.9935
1341848046.8147 0.5674 -0.8607 1.4509 -0.0898 0.0559 0.0267 0.9940
1341848046.8469 0.5598 -0.8586 1.4477 -0.0912 0.0566 0.0262 0.9939
1341848046.8788 0.5524 -0.8561 1.4438 -0.0910 0.0565 0.0261 0.9939
1341848046.9151 0.5460 -0.8520 1.4392 -0.0909 0.0558 0.0259 0.9940
1341848046.9469 0.5388 -0.8496 1.4353 -0.0914 0.0557 0.0263 0.9939
1341848046.9828 0.5318 -0.8444 1.4304 -0.0904 0.0549 0.0259 0.9941
1341848047.0151 0.5247 -0.8389 1.4257 -0.0909 0.0548 0.0254 0.9940
1341848047.0479 0.5167 -0.8383 1.4234 -0.0929 0.0549 0.0253 0.9938
1341848047.0899 0.5099 -0.8307 1.4176 -0.0910 0.0534 0.0240 0.9941
1341848047.1476 0.4937 -0.8243 1.4108 -0.0951 0.0532 0.0233 0.9938
1341848047.2149 0.4767 -0.8147 1.4013 -0.0939 0.0517 0.0195 0.9941
1341848047.2507 0.4667 -0.8135 1.3970 -0.0963 0.0503 0.0196 0.9939
1341848047.2828 0.4613 -0.8115 1.3930 -0.0974 0.0463 0.0194 0.9940
1341848047.3148 0.4544 -0.8090 1.3885 -0.0975 0.0445 0.0171 0.9941
1341848047.3506 0.4418 -0.8062 1.3834 -0.0971 0.0445 0.0157 0.9942
1341848047.3830 0.4321 -0.8045 1.3783 -0.0970 0.0408 0.0161 0.9943
1341848047.4148 0.4263 -0.8019 1.3738 -0.0965 0.0369 0.0143 0.9945
1341848047.4508 0.4169 -0.8011 1.3689 -0.0953 0.0350 0.0124 0.9948
1341848047.4826 0.4074 -0.7940 1.3628 -0.0925 0.0329 0.0115 0.9951
1341848047.5187 0.3992 -0.7920 1.3589 -0.0937 0.0304 0.0104 0.9951
1341848047.5508 0.3914 -0.7939 1.3557 -0.0949 0.0280 0.0095 0.9950
1341848047.5830 0.3865 -0.7905 1.3514 -0.0931 0.0248 0.0081 0.9953
1341848047.6190 0.3791 -0.7889 1.3483 -0.0934 0.0248 0.0064 0.9953
1341848047.6508 0.3646 -0.7934 1.3449 -0.0946 0.0257 0.0063 0.9952
1341848047.6897 0.3614 -0.7859 1.3408 -0.0906 0.0203 0.0058 0.9957
1341848047.7508 0.3462 -0.7837 1.3363 -0.0925 0.0202 0.0046 0.9955
1341848047.7867 0.3349 -0.7833 1.3341 -0.0931 0.0209 0.0042 0.9954
1341848047.8188 0.3307 -0.7802 1.3318 -0.0924 0.0181 0.0030 0.9955
1341848047.8508 0.3243 -0.7789 1.3304 -0.0934 0.0193 0.0014 0.9954
1341848047.8869 0.3126 -0.7819 1.3293 -0.0945 0.0216 0.0007 0.9953
1341848047.9189 0.3035 -0.7783 1.3269 -0.0920 0.0213 0.0010 0.9955
1341848047.9547 0.2983 -0.7750 1.3246 -0.0916 0.0201 0.0006 0.9956
1341848047.9868 0.2887 -0.7794 1.3249 -0.0938 0.0226 0.0003 0.9953
1341848048.0189 0.2760 -0.7781 1.3216 -0.0913 0.0235 0.0000 0.9955
1341848048.0549 0.2735 -0.7724 1.3193 -0.0892 0.0206 0.0001 0.9958
1341848048.0868 0.2649 -0.7725 1.3183 -0.0905 0.0231 -0.0002 0.9956
1341848048.1188 0.2525 -0.7744 1.3174 -0.0912 0.0255 0.0001 0.9955
1341848048.1547 0.2486 -0.7702 1.3153 -0.0888 0.0240 0.0017 0.9958
1341848048.1867 0.2419 -0.7702 1.3140 -0.0893 0.0266 0.0016 0.9956
1341848048.2230 0.2272 -0.7754 1.3138 -0.0905 0.0306 0.0022 0.9954
1341848048.2550 0.2251 -0.7737 1.3119 -0.0863 0.0289 0.0052 0.9958
1341848048.2866 0.2189 -0.7684 1.3085 -0.0837 0.0312 0.0038 0.9960
1341848048.3228 0.2055 -0.7706 1.3075 -0.0854 0.0357 0.0042 0.9957
1341848048.3547 0.2000 -0.7722 1.3056 -0.0844 0.0363 0.0059 0.9958
1341848048.3867 0.1933 -0.7706 1.3023 -0.0826 0.0380 0.0031 0.9959
1341848048.4226 0.1825 -0.7734 1.3010 -0.0821 0.0411 0.0022 0.9958
1341848048.4549 0.1753 -0.7694 1.2967 -0.0775 0.0421 0.0028 0.9961
1341848048.4907 0.1676 -0.7666 1.2928 -0.0767 0.0430 0.0029 0.9961
1341848048.5228 0.1580 -0.7719 1.2937 -0.0779 0.0446 0.0038 0.9960
1341848048.5550 0.1516 -0.7729 1.2913 -0.0745 0.0451 0.0041 0.9962
1341848048.5906 0.1434 -0.7695 1.2866 -0.0704 0.0454 0.0038 0.9965
1341848048.6227 0.1377 -0.7705 1.2855 -0.0690 0.0448 0.0053 0.9966
1341848048.6587 0.1310 -0.7740 1.2834 -0.0667 0.0458 0.0065 0.9967
1341848048.6908 0.1253 -0.7694 1.2784 -0.0616 0.0451 0.0063 0.9971
1341848048.7227 0.1191 -0.7703 1.2771 -0.0604 0.0452 0.0079 0.9971
1341848048.7588 0.1142 -0.7715 1.2749 -0.0580 0.0454 0.0090 0.9972
1341848048.7912 0.1083 -0.7700 1.2718 -0.0550 0.0458 0.0086 0.9974
1341848048.8227 0.0986 -0.7743 1.2708 -0.0542 0.0471 0.0085 0.9974
1341848048.8587 0.0947 -0.7720 1.2669 -0.0502 0.0453 0.0069 0.9977
1341848048.8910 0.0867 -0.7748 1.2651 -0.0489 0.0459 0.0050 0.9977
1341848048.9268 0.0770 -0.7755 1.2619 -0.0456 0.0457 0.0024 0.9979
1341848048.9590 0.0700 -0.7743 1.2579 -0.0422 0.0436 0.0008 0.9982
1341848048.9908 0.0620 -0.7776 1.2557 -0.0403 0.0426 0.0002 0.9983
1341848049.0267 0.0576 -0.7806 1.2533 -0.0369 0.0406 -0.0024 0.9985
1341848049.0588 0.0516 -0.7767 1.2471 -0.0307 0.0401 -0.0059 0.9987
1341848049.0907 0.0397 -0.7740 1.2420 -0.0281 0.0405 -0.0064 0.9988
1341848049.1268 0.0340 -0.7752 1.2398 -0.0272 0.0377 -0.0058 0.9989
1341848049.1589 0.0320 -0.7758 1.2360 -0.0256 0.0359 -0.0076 0.9990
1341848049.1947 0.0217 -0.7736 1.2325 -0.0227 0.0373 -0.0102 0.9990
1341848049.2267 0.0132 -0.7682 1.2259 -0.0202 0.0362 -0.0108 0.9991
1341848049.2588 0.0074 -0.7684 1.2240 -0.0213 0.0346 -0.0109 0.9991
1341848049.2947 0.0025 -0.7682 1.2206 -0.0202 0.0345 -0.0129 0.9991
1341848049.3268 -0.0068 -0.7640 1.2151 -0.0181 0.0361 -0.0137 0.9991
1341848049.3588 -0.0150 -0.7600 1.2095 -0.0175 0.0359 -0.0120 0.9991
1341848049.3948 -0.0238 -0.7652 1.2078 -0.0197 0.0365 -0.0104 0.9991
1341848049.4268 -0.0271 -0.7601 1.2018 -0.0156 0.0360 -0.0101 0.9992
1341848049.4627 -0.0343 -0.7539 1.1954 -0.0138 0.0379 -0.0083 0.9992
1341848049.4947 -0.0487 -0.7600 1.1931 -0.0160 0.0408 -0.0052 0.9990
1341848049.5268 -0.0467 -0.7506 1.1851 -0.0111 0.0376 -0.0039 0.9992
1341848049.5628 -0.0578 -0.7479 1.1798 -0.0115 0.0413 -0.0030 0.9991
1341848049.5948 -0.0727 -0.7465 1.1759 -0.0120 0.0428 -0.0011 0.9990
1341848049.6268 -0.0757 -0.7430 1.1702 -0.0113 0.0398 0.0006 0.9991
1341848049.6627 -0.0816 -0.7376 1.1628 -0.0106 0.0402 -0.0008 0.9991
1341848049.6951 -0.0976 -0.7341 1.1581 -0.0115 0.0422 -0.0013 0.9990
1341848049.7308 -0.1082 -0.7315 1.1521 -0.0128 0.0392 -0.0001 0.9992
1341848049.7627 -0.1109 -0.7266 1.1452 -0.0137 0.0344 -0.0022 0.9993
1341848049.7947 -0.1235 -0.7241 1.1415 -0.0149 0.0358 -0.0041 0.9992
1341848049.8308 -0.1363 -0.7180 1.1359 -0.0142 0.0340 -0.0048 0.9993
1341848049.8698 -0.1394 -0.7096 1.1277 -0.0146 0.0290 -0.0047 0.9995
1341848049.9308 -0.1617 -0.7120 1.1227 -0.0179 0.0287 -0.0092 0.9994
1341848049.9630 -0.1690 -0.7013 1.1156 -0.0148 0.0255 -0.0102 0.9995
1341848049.9988 -0.1760 -0.6972 1.1109 -0.0163 0.0226 -0.0104 0.9996
1341848050.0308 -0.1873 -0.6996 1.1101 -0.0191 0.0209 -0.0118 0.9995
1341848050.0627 -0.1904 -0.6954 1.1059 -0.0176 0.0166 -0.0141 0.9996
1341848050.0987 -0.1972 -0.6891 1.1011 -0.0171 0.0150 -0.0150 0.9996
1341848050.1307 -0.2094 -0.6895 1.1004 -0.0193 0.0129 -0.0172 0.9996
1341848050.1667 -0.2075 -0.6833 1.0957 -0.0182 0.0073 -0.0196 0.9996
1341848050.1987 -0.2197 -0.6814 1.0950 -0.0202 0.0083 -0.0231 0.9995
1341848050.2308 -0.2318 -0.6781 1.0945 -0.0204 0.0060 -0.0258 0.9994
1341848050.2667 -0.2332 -0.6746 1.0906 -0.0206 0.0010 -0.0275 0.9994
1341848050.2988 -0.2413 -0.6735 1.0893 -0.0224 -0.0002 -0.0319 0.9992
1341848050.3307 -0.2541 -0.6713 1.0899 -0.0224 -0.0017 -0.0352 0.9991
1341848050.3667 -0.2569 -0.6659 1.0852 -0.0217 -0.0067 -0.0362 0.9991
1341848050.3987 -0.2625 -0.6651 1.0831 -0.0240 -0.0102 -0.0394 0.9989
1341848050.4348 -0.2741 -0.6661 1.0838 -0.0259 -0.0117 -0.0420 0.9987
1341848050.4667 -0.2775 -0.6637 1.0810 -0.0254 -0.0166 -0.0444 0.9986
1341848050.4988 -0.2842 -0.6656 1.0802 -0.0265 -0.0197 -0.0490 0.9983
1341848050.5348 -0.2916 -0.6630 1.0786 -0.0251 -0.0218 -0.0520 0.9981
1341848050.5668 -0.2996 -0.6580 1.0762 -0.0236 -0.0248 -0.0536 0.9980
1341848050.5988 -0.3054 -0.6555 1.0737 -0.0245 -0.0300 -0.0554 0.9977
1341848050.6348 -0.3132 -0.6607 1.0749 -0.0270 -0.0332 -0.0589 0.9973
1341848050.6668 -0.3200 -0.6561 1.0721 -0.0240 -0.0364 -0.0616 0.9972
1341848050.7028 -0.3281 -0.6526 1.0701 -0.0233 -0.0399 -0.0634 0.9969
1341848050.7348 -0.3359 -0.6489 1.0677 -0.0226 -0.0437 -0.0632 0.9968
1341848050.7669 -0.3421 -0.6497 1.0666 -0.0246 -0.0490 -0.0642 0.9964
1341848050.8029 -0.3508 -0.6516 1.0669 -0.0255 -0.0530 -0.0669 0.9960
1341848050.8348 -0.3547 -0.6474 1.0629 -0.0235 -0.0577 -0.0688 0.9957
1341848050.8707 -0.3633 -0.6448 1.0616 -0.0243 -0.0606 -0.0712 0.9953
1341848050.9027 -0.3736 -0.6471 1.0639 -0.0257 -0.0647 -0.0741 0.9948
1341848050.9348 -0.3769 -0.6456 1.0604 -0.0241 -0.0691 -0.0772 0.9943
1341848050.9709 -0.3868 -0.6422 1.0597 -0.0231 -0.0709 -0.0803 0.9940
1341848051.0028 -0.3959 -0.6411 1.0594 -0.0223 -0.0742 -0.0818 0.9936
1341848051.0350 -0.4009 -0.6376 1.0556 -0.0207 -0.0780 -0.0823 0.9933
1341848051.0708 -0.4080 -0.6381 1.0553 -0.0212 -0.0813 -0.0847 0.9929
1341848051.1027 -0.4153 -0.6359 1.0542 -0.0194 -0.0841 -0.0861 0.9925
1341848051.1387 -0.4193 -0.6331 1.0498 -0.0178 -0.0874 -0.0874 0.9922
1341848051.1707 -0.4267 -0.6311 1.0476 -0.0177 -0.0886 -0.0875 0.9921
1341848051.2387 -0.4363 -0.6346 1.0475 -0.0178 -0.0965 -0.0877 0.9913
1341848051.2708 -0.4406 -0.6366 1.0470 -0.0160 -0.0993 -0.0907 0.9908
1341848051.3027 -0.4456 -0.6363 1.0454 -0.0124 -0.1008 -0.0926 0.9905
1341848051.3387 -0.4504 -0.6342 1.0443 -0.0084 -0.1038 -0.0932 0.9902
1341848051.3709 -0.4513 -0.6333 1.0404 -0.0055 -0.1094 -0.0952 0.9894
1341848051.4067 -0.4531 -0.6329 1.0381 -0.0039 -0.1116 -0.0969 0.9890
1341848051.4400 -0.4560 -0.6319 1.0375 -0.0021 -0.1147 -0.0987 0.9885
1341848051.4709 -0.4569 -0.6303 1.0349 -0.0002 -0.1185 -0.1012 0.9878
1341848051.5067 -0.4588 -0.6283 1.0330 0.0004 -0.1225 -0.1051 0.9869
1341848051.5389 -0.4625 -0.6308 1.0379 0.0009 -0.1276 -0.1106 0.9856
1341848051.5707 -0.4611 -0.6283 1.0339 0.0064 -0.1328 -0.1177 0.9841
1341848051.6068 -0.4657 -0.6262 1.0315 0.0081 -0.1363 -0.1239 0.9829
1341848051.6389 -0.4691 -0.6275 1.0353 0.0109 -0.1442 -0.1318 0.9807
1341848051.6747 -0.4673 -0.6220 1.0263 0.0166 -0.1489 -0.1347 0.9795
1341848051.7067 -0.4708 -0.6185 1.0224 0.0160 -0.1539 -0.1381 0.9783
1341848051.7388 -0.4726 -0.6191 1.0241 0.0160 -0.1615 -0.1426 0.9764
1341848051.7748 -0.4693 -0.6148 1.0169 0.0186 -0.1669 -0.1456 0.9750
1341848051.8067 -0.4710 -0.6131 1.0194 0.0196 -0.1704 -0.1539 0.9731
1341848051.8388 -0.4717 -0.6127 1.0202 0.0245 -0.1738 -0.1631 0.9709
1341848051.8750 -0.4653 -0.6070 1.0060 0.0283 -0.1756 -0.1672 0.9697
1341848051.9067 -0.4673 -0.6044 1.0043 0.0253 -0.1769 -0.1731 0.9686
1341848051.9427 -0.4654 -0.6050 1.0051 0.0235 -0.1816 -0.1778 0.9669
1341848051.9748 -0.4563 -0.5981 0.9955 0.0242 -0.1821 -0.1816 0.9661
1341848052.0068 -0.4560 -0.5989 0.9979 0.0199 -0.1808 -0.1852 0.9657
1341848052.0428 -0.4527 -0.6002 1.0003 0.0199 -0.1813 -0.1882 0.9650
1341848052.0749 -0.4437 -0.5948 0.9912 0.0223 -0.1792 -0.1914 0.9648
1341848052.1430 -0.4377 -0.5958 0.9926 0.0215 -0.1746 -0.1989 0.9641
1341848052.1781 -0.4286 -0.5900 0.9813 0.0230 -0.1727 -0.2029 0.9636
1341848052.2114 -0.4245 -0.5909 0.9846 0.0204 -0.1700 -0.2063 0.9634
1341848052.2429 -0.4193 -0.5898 0.9827 0.0220 -0.1688 -0.2101 0.9628
1341848052.3111 -0.4064 -0.5861 0.9734 0.0186 -0.1638 -0.2156 0.9625
1341848052.3429 -0.4004 -0.5864 0.9725 0.0196 -0.1629 -0.2187 0.9619
1341848052.3795 -0.3911 -0.5838 0.9643 0.0207 -0.1596 -0.2205 0.9620
1341848052.4123 -0.3890 -0.5830 0.9617 0.0184 -0.1561 -0.2206 0.9626
1341848052.4447 -0.3844 -0.5853 0.9634 0.0187 -0.1572 -0.2231 0.9618
1341848052.4815 -0.3734 -0.5838 0.9557 0.0213 -0.1550 -0.2238 0.9620
1341848052.5433 -0.3622 -0.5816 0.9451 0.0247 -0.1519 -0.2269 0.9617
1341848052.5792 -0.3511 -0.5776 0.9370 0.0246 -0.1497 -0.2293 0.9614
1341848052.6177 -0.3497 -0.5789 0.9387 0.0234 -0.1462 -0.2353 0.9606
1341848052.6787 -0.3295 -0.5769 0.9253 0.0280 -0.1450 -0.2436 0.9586
1341848052.7108 -0.3246 -0.5780 0.9204 0.0263 -0.1424 -0.2449 0.9587
1341848052.7468 -0.3192 -0.5784 0.9146 0.0244 -0.1427 -0.2426 0.9593
1341848052.7787 -0.3069 -0.5756 0.9077 0.0219 -0.1427 -0.2409 0.9598
1341848052.8109 -0.3035 -0.5785 0.9072 0.0181 -0.1386 -0.2416 0.9603
1341848052.8469 -0.2985 -0.5859 0.9078 0.0191 -0.1361 -0.2447 0.9598
1341848052.8788 -0.2837 -0.5790 0.8942 0.0247 -0.1321 -0.2462 0.9598
1341848052.9147 -0.2787 -0.5795 0.8874 0.0224 -0.1266 -0.2463 0.9606
1341848052.9467 -0.2754 -0.5828 0.8858 0.0216 -0.1236 -0.2451 0.9614
1341848052.9787 -0.2622 -0.5811 0.8788 0.0230 -0.1210 -0.2446 0.9618
1341848053.0148 -0.2584 -0.5832 0.8752 0.0214 -0.1141 -0.2437 0.9629
1341848053.0467 -0.2533 -0.5850 0.8708 0.0222 -0.1104 -0.2414 0.9639
1341848053.0827 -0.2397 -0.5829 0.8631 0.0232 -0.1077 -0.2398 0.9646
1341848053.1148 -0.2352 -0.5847 0.8631 0.0219 -0.1004 -0.2389 0.9656
1341848053.1470 -0.2298 -0.5874 0.8567 0.0220 -0.0947 -0.2366 0.9667
1341848053.1832 -0.2215 -0.5867 0.8483 0.0212 -0.0912 -0.2336 0.9678
1341848053.2148 -0.2190 -0.5930 0.8492 0.0184 -0.0859 -0.2321 0.9687
1341848053.2480 -0.2155 -0.5969 0.8456 0.0201 -0.0810 -0.2318 0.9692
1341848053.2898 -0.2089 -0.6017 0.8350 0.0201 -0.0777 -0.2295 0.9700
1341848053.3217 -0.2020 -0.6021 0.8300 0.0203 -0.0738 -0.2255 0.9712
1341848053.3538 -0.1961 -0.6034 0.8259 0.0205 -0.0694 -0.2219 0.9724
1341848053.3861 -0.1905 -0.6041 0.8214 0.0211 -0.0655 -0.2190 0.9733
1341848053.4218 -0.1815 -0.6033 0.8139 0.0217 -0.0613 -0.2151 0.9744
1341848053.4537 -0.1757 -0.5999 0.8089 0.0211 -0.0553 -0.2099 0.9759
1341848053.4857 -0.1713 -0.5984 0.8057 0.0193 -0.0523 -0.2057 0.9770
1341848053.5217 -0.1650 -0.6009 0.8012 0.0174 -0.0493 -0.2028 0.9778
1341848053.5539 -0.1566 -0.5991 0.7941 0.0163 -0.0434 -0.1995 0.9788
1341848053.5897 -0.1539 -0.5969 0.7920 0.0141 -0.0369 -0.1949 0.9800
1341848053.6219 -0.1473 -0.5940 0.7865 0.0114 -0.0331 -0.1879 0.9816
1341848053.6538 -0.1390 -0.5953 0.7809 0.0066 -0.0267 -0.1815 0.9830
1341848053.6897 -0.1393 -0.5957 0.7825 0.0036 -0.0184 -0.1779 0.9839
1341848053.7217 -0.1348 -0.5945 0.7784 0.0028 -0.0128 -0.1724 0.9849
1341848053.7580 -0.1271 -0.5943 0.7728 0.0008 -0.0066 -0.1670 0.9859
1341848053.7899 -0.1291 -0.5957 0.7738 -0.0011 0.0020 -0.1624 0.9867
1341848053.8216 -0.1258 -0.5971 0.7700 -0.0007 0.0086 -0.1565 0.9876
1341848053.8578 -0.1214 -0.5962 0.7648 -0.0008 0.0153 -0.1501 0.9885
1341848053.8898 -0.1240 -0.5967 0.7627 -0.0018 0.0221 -0.1431 0.9895
1341848053.9511 -0.1218 -0.6012 0.7514 0.0017 0.0295 -0.1317 0.9909
1341848053.9868 -0.1272 -0.6002 0.7478 0.0030 0.0355 -0.1258 0.9914
1341848054.0510 -0.1235 -0.5976 0.7313 0.0039 0.0348 -0.1069 0.9936
1341848054.0868 -0.1251 -0.5984 0.7250 0.0013 0.0371 -0.1003 0.9943
1341848054.1189 -0.1330 -0.5979 0.7212 0.0000 0.0388 -0.0931 0.9949
1341848054.1550 -0.1287 -0.5971 0.7117 -0.0013 0.0370 -0.0860 0.9956
1341848054.1867 -0.1330 -0.5995 0.7059 -0.0046 0.0383 -0.0839 0.9957
1341848054.2190 -0.1419 -0.6058 0.7027 -0.0058 0.0405 -0.0832 0.9957
1341848054.2548 -0.1434 -0.6072 0.6942 -0.0030 0.0415 -0.0841 0.9956
1341848054.2868 -0.1365 -0.5967 0.6811 0.0006 0.0413 -0.0839 0.9956
1341848054.3229 -0.1414 -0.5933 0.6735 -0.0039 0.0446 -0.0823 0.9956
1341848054.3548 -0.1530 -0.5972 0.6705 -0.0075 0.0474 -0.0811 0.9956
1341848054.3871 -0.1462 -0.5935 0.6586 -0.0080 0.0460 -0.0809 0.9956
1341848054.4229 -0.1536 -0.5926 0.6537 -0.0114 0.0501 -0.0805 0.9954
1341848054.4547 -0.1666 -0.5936 0.6515 -0.0132 0.0523 -0.0788 0.9954
1341848054.4869 -0.1658 -0.5921 0.6427 -0.0133 0.0491 -0.0767 0.9958
1341848054.5227 -0.1635 -0.5951 0.6353 -0.0152 0.0491 -0.0755 0.9958
1341848054.5549 -0.1716 -0.6000 0.6324 -0.0148 0.0530 -0.0738 0.9958
1341848054.5908 -0.1679 -0.5963 0.6223 -0.0118 0.0530 -0.0713 0.9960
1341848054.6227 -0.1674 -0.5947 0.6143 -0.0124 0.0532 -0.0701 0.9960
1341848054.6564 -0.1683 -0.5976 0.6093 -0.0135 0.0542 -0.0681 0.9961
1341848054.6910 -0.1623 -0.5992 0.6006 -0.0133 0.0566 -0.0656 0.9961
1341848054.7227 -0.1670 -0.6011 0.5965 -0.0124 0.0609 -0.0669 0.9958
1341848054.7547 -0.1689 -0.6008 0.5903 -0.0098 0.0638 -0.0657 0.9958
1341848054.7909 -0.1666 -0.5996 0.5825 -0.0067 0.0652 -0.0627 0.9959
1341848054.8229 -0.1623 -0.5959 0.5735 -0.0048 0.0673 -0.0581 0.9960
1341848054.8589 -0.1675 -0.5974 0.5694 -0.0047 0.0711 -0.0526 0.9961
1341848054.8909 -0.1647 -0.5989 0.5621 -0.0024 0.0714 -0.0487 0.9963
1341848054.9228 -0.1594 -0.5960 0.5534 0.0005 0.0736 -0.0442 0.9963
1341848054.9587 -0.1623 -0.5922 0.5458 0.0020 0.0773 -0.0398 0.9962
1341848054.9911 -0.1684 -0.5951 0.5421 0.0033 0.0788 -0.0382 0.9962
1341848055.0230 -0.1612 -0.5936 0.5296 0.0065 0.0789 -0.0373 0.9962
1341848055.0587 -0.1644 -0.5901 0.5214 0.0089 0.0835 -0.0352 0.9959
1341848055.0907 -0.1725 -0.5879 0.5147 0.0116 0.0855 -0.0322 0.9958
1341848055.1270 -0.1679 -0.5830 0.5003 0.0138 0.0842 -0.0283 0.9960
1341848055.1592 -0.1671 -0.5818 0.4907 0.0139 0.0866 -0.0263 0.9958
1341848055.1910 -0.1763 -0.5818 0.4835 0.0159 0.0912 -0.0248 0.9954
1341848055.2268 -0.1801 -0.5734 0.4694 0.0200 0.0914 -0.0224 0.9954
1341848055.2589 -0.1789 -0.5646 0.4549 0.0207 0.0905 -0.0206 0.9955
1341848055.2947 -0.1857 -0.5643 0.4466 0.0197 0.0919 -0.0187 0.9954
1341848055.3268 -0.1905 -0.5603 0.4340 0.0210 0.0919 -0.0168 0.9954
1341848055.3589 -0.1929 -0.5547 0.4209 0.0218 0.0923 -0.0175 0.9953
1341848055.3947 -0.1938 -0.5486 0.4078 0.0218 0.0942 -0.0186 0.9951
1341848055.4268 -0.2022 -0.5455 0.3998 0.0217 0.0978 -0.0192 0.9948
1341848055.4588 -0.2066 -0.5391 0.3877 0.0229 0.0992 -0.0188 0.9946
1341848055.4947 -0.2089 -0.5320 0.3757 0.0227 0.1010 -0.0174 0.9945
1341848055.5267 -0.2161 -0.5297 0.3685 0.0219 0.1042 -0.0170 0.9942
1341848055.5626 -0.2205 -0.5274 0.3588 0.0232 0.1065 -0.0166 0.9939
1341848055.5947 -0.2221 -0.5186 0.3455 0.0244 0.1091 -0.0161 0.9936
1341848055.6267 -0.2300 -0.5129 0.3393 0.0238 0.1129 -0.0151 0.9932
1341848055.6630 -0.2379 -0.5105 0.3325 0.0236 0.1144 -0.0137 0.9931
1341848055.6948 -0.2328 -0.5045 0.3179 0.0238 0.1156 -0.0133 0.9929
1341848055.7268 -0.2344 -0.4984 0.3097 0.0216 0.1224 -0.0115 0.9922
1341848055.7628 -0.2525 -0.5003 0.3136 0.0201 0.1283 -0.0085 0.9915
1341848055.7950 -0.2526 -0.4980 0.3038 0.0217 0.1282 -0.0054 0.9915
1341848055.8308 -0.2534 -0.4955 0.2979 0.0221 0.1315 -0.0022 0.9911
1341848055.8628 -0.2623 -0.4969 0.2963 0.0236 0.1360 0.0014 0.9904
1341848055.8948 -0.2683 -0.4943 0.2901 0.0263 0.1383 0.0041 0.9900
1341848055.9307 -0.2735 -0.4889 0.2847 0.0280 0.1406 0.0048 0.9897
1341848055.9628 -0.2836 -0.4868 0.2827 0.0289 0.1428 0.0066 0.9893
1341848055.9947 -0.2898 -0.4801 0.2762 0.0297 0.1433 0.0096 0.9892
1341848056.0307 -0.2988 -0.4766 0.2743 0.0280 0.1449 0.0115 0.9890
1341848056.0628 -0.3107 -0.4783 0.2750 0.0272 0.1463 0.0131 0.9888
1341848056.0988 -0.3189 -0.4743 0.2712 0.0278 0.1469 0.0142 0.9887
1341848056.1306 -0.3302 -0.4732 0.2712 0.0278 0.1489 0.0148 0.9884
1341848056.1627 -0.3467 -0.4711 0.2721 0.0290 0.1503 0.0149 0.9881
1341848056.1987 -0.3599 -0.4657 0.2693 0.0301 0.1489 0.0160 0.9883
1341848056.2307 -0.3724 -0.4606 0.2672 0.0297 0.1478 0.0177 0.9884
1341848056.2639 -0.3896 -0.4596 0.2706 0.0289 0.1470 0.0173 0.9886
1341848056.2988 -0.3997 -0.4572 0.2671 0.0292 0.1449 0.0173 0.9889
1341848056.3307 -0.4133 -0.4508 0.2651 0.0290 0.1449 0.0184 0.9888
1341848056.3667 -0.4329 -0.4492 0.2710 0.0281 0.1449 0.0200 0.9888
1341848056.3987 -0.4507 -0.4427 0.2675 0.0283 0.1417 0.0222 0.9893
1341848056.4307 -0.4602 -0.4359 0.2617 0.0241 0.1380 0.0269 0.9898
1341848056.4668 -0.4791 -0.4319 0.2650 0.0177 0.1372 0.0338 0.9898
1341848056.4989 -0.4971 -0.4331 0.2694 0.0135 0.1351 0.0349 0.9901
1341848056.5348 -0.5070 -0.4302 0.2659 0.0107 0.1334 0.0342 0.9904
1341848056.5667 -0.5230 -0.4291 0.2703 0.0079 0.1342 0.0341 0.9903
1341848056.5989 -0.5431 -0.4263 0.2732 0.0070 0.1334 0.0371 0.9903
1341848056.6348 -0.5578 -0.4199 0.2705 0.0048 0.1288 0.0389 0.9909
1341848056.6668 -0.5701 -0.4218 0.2741 0.0007 0.1258 0.0411 0.9912
1341848056.6989 -0.5837 -0.4225 0.2755 -0.0003 0.1240 0.0416 0.9914
1341848056.7348 -0.5974 -0.4183 0.2761 -0.0012 0.1223 0.0392 0.9917
1341848056.7667 -0.6109 -0.4181 0.2776 -0.0022 0.1200 0.0381 0.9920
1341848056.8029 -0.6195 -0.4130 0.2737 -0.0039 0.1176 0.0364 0.9924
1341848056.8350 -0.6335 -0.4149 0.2788 -0.0068 0.1169 0.0343 0.9925
1341848056.8667 -0.6436 -0.4181 0.2822 -0.0072 0.1150 0.0341 0.9928
1341848056.9027 -0.6467 -0.4158 0.2777 -0.0066 0.1143 0.0337 0.9928
1341848056.9347 -0.6564 -0.4143 0.2793 -0.0083 0.1171 0.0316 0.9926
1341848056.9668 -0.6703 -0.4158 0.2847 -0.0086 0.1190 0.0312 0.9924
1341848057.0027 -0.6749 -0.4120 0.2795 -0.0087 0.1185 0.0318 0.9924
1341848057.0348 -0.6824 -0.4110 0.2802 -0.0114 0.1218 0.0312 0.9920
1341848057.0710 -0.6996 -0.4122 0.2885 -0.0128 0.1253 0.0294 0.9916
1341848057.1028 -0.7075 -0.4090 0.2856 -0.0125 0.1249 0.0283 0.9917
1341848057.1347 -0.7159 -0.4047 0.2820 -0.0149 0.1268 0.0291 0.9914
1341848057.1707 -0.7325 -0.4054 0.2913 -0.0177 0.1291 0.0281 0.9911
1341848057.2026 -0.7412 -0.4037 0.2893 -0.0179 0.1290 0.0251 0.9912
1341848057.2347 -0.7498 -0.3977 0.2847 -0.0194 0.1312 0.0239 0.9909
1341848057.2708 -0.7650 -0.3910 0.2892 -0.0219 0.1339 0.0246 0.9905
1341848057.3029 -0.7774 -0.3898 0.2929 -0.0245 0.1340 0.0243 0.9904
1341848057.3388 -0.7859 -0.3866 0.2891 -0.0266 0.1354 0.0239 0.9901
1341848057.3708 -0.8002 -0.3808 0.2921 -0.0295 0.1391 0.0250 0.9895
1341848057.4027 -0.8158 -0.3791 0.2975 -0.0310 0.1409 0.0258 0.9892
1341848057.4389 -0.8253 -0.3748 0.2934 -0.0316 0.1426 0.0265 0.9889
1341848057.4707 -0.8388 -0.3697 0.2946 -0.0335 0.1478 0.0291 0.9880
1341848057.5067 -0.8570 -0.3672 0.2982 -0.0336 0.1506 0.0322 0.9875
1341848057.5388 -0.8693 -0.3609 0.2932 -0.0339 0.1504 0.0346 0.9874
1341848057.5711 -0.8809 -0.3576 0.2906 -0.0369 0.1528 0.0378 0.9869
1341848057.6067 -0.8935 -0.3556 0.2934 -0.0400 0.1566 0.0416 0.9860
1341848057.6388 -0.9055 -0.3543 0.2934 -0.0413 0.1604 0.0441 0.9852
1341848057.6709 -0.9174 -0.3509 0.2930 -0.0428 0.1654 0.0467 0.9842
1341848057.7068 -0.9324 -0.3496 0.2955 -0.0433 0.1706 0.0509 0.9831
1341848057.7389 -0.9449 -0.3462 0.2919 -0.0427 0.1722 0.0526 0.9827
1341848057.7750 -0.9577 -0.3413 0.2911 -0.0431 0.1748 0.0547 0.9821
1341848057.8068 -0.9726 -0.3395 0.2930 -0.0431 0.1783 0.0604 0.9812
1341848057.8388 -0.9869 -0.3381 0.2931 -0.0410 0.1788 0.0656 0.9808
1341848057.8748 -0.9974 -0.3357 0.2910 -0.0399 0.1793 0.0673 0.9807
1341848057.9068 -1.0115 -0.3326 0.2895 -0.0396 0.1808 0.0677 0.9804
1341848057.9388 -1.0259 -0.3278 0.2885 -0.0394 0.1805 0.0699 0.9803
1341848057.9753 -1.0371 -0.3266 0.2890 -0.0411 0.1792 0.0724 0.9803
1341848058.0068 -1.0489 -0.3277 0.2948 -0.0416 0.1777 0.0723 0.9805
1341848058.0428 -1.0619 -0.3272 0.2978 -0.0391 0.1748 0.0711 0.9813
1341848058.0760 -1.0750 -0.3255 0.2947 -0.0376 0.1726 0.0711 0.9817
1341848058.1068 -1.0867 -0.3254 0.3004 -0.0377 0.1699 0.0703 0.9822
1341848058.1427 -1.1003 -0.3254 0.3052 -0.0351 0.1665 0.0688 0.9830
1341848058.1747 -1.1142 -0.3240 0.3038 -0.0336 0.1634 0.0664 0.9838
1341848058.2071 -1.1272 -0.3237 0.3061 -0.0337 0.1618 0.0643 0.9842
1341848058.2427 -1.1395 -0.3226 0.3116 -0.0328 0.1587 0.0613 0.9849
1341848058.2747 -1.1521 -0.3215 0.3186 -0.0307 0.1576 0.0597 0.9852
1341848058.3107 -1.1628 -0.3232 0.3223 -0.0274 0.1587 0.0574 0.9853
1341848058.3432 -1.1771 -0.3214 0.3217 -0.0246 0.1579 0.0536 0.9857
1341848058.3749 -1.1876 -0.3198 0.3218 -0.0236 0.1576 0.0553 0.9857
1341848058.4107 -1.1991 -0.3202 0.3228 -0.0250 0.1573 0.0576 0.9856
1341848058.4428 -1.2075 -0.3198 0.3310 -0.0253 0.1570 0.0597 0.9855
1341848058.4747 -1.2135 -0.3204 0.3388 -0.0234 0.1571 0.0618 0.9854
1341848058.5430 -1.2341 -0.3221 0.3447 -0.0191 0.1618 0.0673 0.9843
1341848058.5789 -1.2410 -0.3208 0.3487 -0.0177 0.1616 0.0717 0.9841
1341848058.6108 -1.2456 -0.3227 0.3532 -0.0179 0.1641 0.0746 0.9835
1341848058.6431 -1.2577 -0.3246 0.3585 -0.0181 0.1677 0.0750 0.9828
1341848058.6787 -1.2618 -0.3244 0.3703 -0.0158 0.1677 0.0748 0.9829
1341848058.7107 -1.2650 -0.3250 0.3685 -0.0119 0.1714 0.0738 0.9824
1341848058.7468 -1.2804 -0.3246 0.3692 -0.0124 0.1779 0.0713 0.9814
1341848058.7787 -1.2916 -0.3223 0.3754 -0.0130 0.1774 0.0739 0.9813
1341848058.8109 -1.2950 -0.3222 0.3800 -0.0134 0.1753 0.0782 0.9813
1341848058.8468 -1.2956 -0.3228 0.3841 -0.0148 0.1770 0.0793 0.9809
1341848058.8796 -1.3037 -0.3244 0.3922 -0.0140 0.1810 0.0814 0.9800
1341848058.9468 -1.3107 -0.3258 0.3967 -0.0132 0.1831 0.0860 0.9792
1341848058.9789 -1.3136 -0.3287 0.4029 -0.0119 0.1857 0.0872 0.9787
1341848059.0147 -1.3176 -0.3297 0.4042 -0.0086 0.1870 0.0879 0.9784
1341848059.0467 -1.3202 -0.3290 0.4039 -0.0071 0.1890 0.0886 0.9779
1341848059.0788 -1.3207 -0.3303 0.4074 -0.0067 0.1923 0.0886 0.9773
1341848059.1147 -1.3244 -0.3311 0.4086 -0.0059 0.1966 0.0875 0.9766
1341848059.1467 -1.3282 -0.3301 0.4091 -0.0059 0.1995 0.0874 0.9760
1341848059.1787 -1.3279 -0.3307 0.4122 -0.0059 0.2016 0.0870 0.9756
1341848059.2147 -1.3273 -0.3318 0.4143 -0.0053 0.2053 0.0861 0.9749
1341848059.2468 -1.3278 -0.3307 0.4155 -0.0028 0.2101 0.0860 0.9739
1341848059.2827 -1.3300 -0.3311 0.4172 -0.0005 0.2132 0.0876 0.9731
1341848059.3147 -1.3295 -0.3299 0.4154 0.0027 0.2158 0.0896 0.9723
1341848059.3468 -1.3309 -0.3289 0.4118 0.0035 0.2183 0.0915 0.9716
1341848059.3827 -1.3304 -0.3293 0.4168 0.0046 0.2198 0.0933 0.9711
1341848059.4147 -1.3292 -0.3301 0.4142 0.0073 0.2222 0.0942 0.9704
1341848059.4468 -1.3287 -0.3296 0.4115 0.0080 0.2262 0.0933 0.9696
1341848059.4827 -1.3305 -0.3271 0.4121 0.0089 0.2300 0.0938 0.9686
1341848059.5147 -1.3322 -0.3274 0.4117 0.0102 0.2313 0.0963 0.9680
1341848059.5508 -1.3307 -0.3270 0.4097 0.0104 0.2328 0.0961 0.9677
1341848059.5827 -1.3319 -0.3279 0.4117 0.0116 0.2364 0.0968 0.9668
1341848059.6147 -1.3355 -0.3270 0.4107 0.0149 0.2369 0.0981 0.9665
1341848059.6507 -1.3375 -0.3269 0.4074 0.0168 0.2357 0.0994 0.9666
1341848059.6827 -1.3362 -0.3261 0.4048 0.0164 0.2366 0.0976 0.9665
1341848059.7187 -1.3395 -0.3270 0.4082 0.0164 0.2398 0.0971 0.9658
1341848059.7509 -1.3430 -0.3271 0.4093 0.0192 0.2397 0.0971 0.9658
1341848059.7828 -1.3437 -0.3240 0.4033 0.0200 0.2395 0.0957 0.9660
1341848059.8188 -1.3446 -0.3245 0.4066 0.0181 0.2425 0.0954 0.9653
1341848059.8507 -1.3482 -0.3274 0.4096 0.0202 0.2441 0.0951 0.9649
1341848059.8827 -1.3514 -0.3253 0.4049 0.0234 0.2435 0.0931 0.9651
1341848059.9188 -1.3537 -0.3235 0.4042 0.0249 0.2428 0.0921 0.9654
1341848059.9508 -1.3548 -0.3226 0.4041 0.0265 0.2425 0.0927 0.9653
1341848059.9868 -1.3573 -0.3251 0.4042 0.0285 0.2420 0.0929 0.9654
1341848060.0187 -1.3561 -0.3241 0.4037 0.0310 0.2418 0.0897 0.9657
1341848060.0507 -1.3569 -0.3260 0.4049 0.0343 0.2445 0.0873 0.9651
1341848060.0868 -1.3637 -0.3234 0.4023 0.0388 0.2444 0.0853 0.9651
1341848060.1188 -1.3617 -0.3210 0.3983 0.0415 0.2411 0.0826 0.9661
1341848060.1508 -1.3583 -0.3181 0.3930 0.0416 0.2428 0.0804 0.9659
1341848060.1869 -1.3622 -0.3194 0.3992 0.0420 0.2451 0.0792 0.9654
1341848060.2189 -1.3605 -0.3194 0.3979 0.0452 0.2437 0.0761 0.9658
1341848060.2548 -1.3559 -0.3125 0.3888 0.0456 0.2455 0.0737 0.9655
1341848060.2875 -1.3576 -0.3139 0.3955 0.0437 0.2486 0.0732 0.9649
1341848060.3189 -1.3572 -0.3153 0.3956 0.0459 0.2477 0.0720 0.9651
1341848060.3546 -1.3516 -0.3091 0.3872 0.0459 0.2474 0.0687 0.9654
1341848060.3873 -1.3503 -0.3111 0.3923 0.0439 0.2508 0.0669 0.9647
1341848060.4186 -1.3511 -0.3107 0.3937 0.0459 0.2504 0.0653 0.9648
1341848060.4548 -1.3451 -0.3075 0.3888 0.0470 0.2490 0.0623 0.9654
1341848060.4867 -1.3417 -0.3079 0.3895 0.0461 0.2520 0.0588 0.9648
1341848060.5229 -1.3421 -0.3091 0.3959 0.0485 0.2532 0.0564 0.9646
1341848060.5547 -1.3364 -0.3066 0.3890 0.0521 0.2522 0.0534 0.9648
1341848060.5867 -1.3316 -0.3027 0.3839 0.0514 0.2548 0.0509 0.9643
1341848060.6227 -1.3323 -0.3055 0.3928 0.0517 0.2572 0.0508 0.9636
1341848060.6561 -1.3289 -0.3031 0.3875 0.0550 0.2552 0.0502 0.9640
1341848060.6873 -1.3219 -0.2995 0.3822 0.0548 0.2552 0.0494 0.9641
1341848060.7232 -1.3232 -0.3040 0.3887 0.0546 0.2571 0.0500 0.9635
1341848060.7579 -1.3230 -0.3033 0.3881 0.0572 0.2545 0.0503 0.9641
1341848060.7909 -1.3192 -0.3022 0.3850 0.0578 0.2515 0.0504 0.9648
1341848060.8240 -1.3177 -0.3054 0.3885 0.0583 0.2496 0.0503 0.9653
1341848060.8624 -1.3147 -0.3065 0.3881 0.0604 0.2463 0.0499 0.9660
1341848060.9231 -1.3061 -0.3089 0.3885 0.0620 0.2412 0.0507 0.9672
1341848060.9608 -1.3011 -0.3106 0.3874 0.0636 0.2384 0.0504 0.9678
1341848060.9969 -1.2959 -0.3119 0.3868 0.0643 0.2364 0.0511 0.9682
1341848061.0306 -1.2913 -0.3167 0.3880 0.0647 0.2342 0.0515 0.9687
1341848061.0622 -1.2839 -0.3200 0.3871 0.0646 0.2327 0.0508 0.9691
1341848061.1006 -1.2781 -0.3263 0.3910 0.0651 0.2331 0.0499 0.9690
1341848061.1298 -1.2730 -0.3356 0.3901 0.0672 0.2330 0.0485 0.9689
1341848061.1979 -1.2606 -0.3520 0.3856 0.0711 0.2325 0.0488 0.9688
1341848061.2594 -1.2494 -0.3533 0.3810 0.0781 0.2311 0.0485 0.9686
1341848061.2909 -1.2428 -0.3597 0.3843 0.0801 0.2306 0.0492 0.9685
1341848061.3266 -1.2393 -0.3608 0.3825 0.0827 0.2308 0.0491 0.9682
1341848061.3589 -1.2339 -0.3633 0.3808 0.0845 0.2314 0.0494 0.9679
1341848061.3908 -1.2304 -0.3651 0.3825 0.0863 0.2319 0.0506 0.9676
1341848061.4269 -1.2257 -0.3664 0.3794 0.0873 0.2314 0.0522 0.9675
1341848061.4588 -1.2197 -0.3684 0.3801 0.0871 0.2323 0.0533 0.9673
1341848061.4947 -1.2173 -0.3704 0.3835 0.0886 0.2334 0.0525 0.9669
1341848061.5267 -1.2144 -0.3692 0.3799 0.0904 0.2333 0.0526 0.9668
1341848061.5588 -1.2103 -0.3681 0.3786 0.0894 0.2339 0.0532 0.9667
1341848061.5947 -1.2075 -0.3721 0.3827 0.0887 0.2355 0.0535 0.9663
1341848061.6267 -1.2033 -0.3730 0.3820 0.0903 0.2354 0.0530 0.9662
1341848061.6588 -1.1984 -0.3702 0.3788 0.0897 0.2368 0.0523 0.9660
1341848061.6949 -1.1954 -0.3732 0.3841 0.0891 0.2388 0.0535 0.9655
1341848061.7267 -1.1936 -0.3734 0.3839 0.0906 0.2382 0.0538 0.9655
1341848061.7628 -1.1881 -0.3714 0.3825 0.0896 0.2391 0.0522 0.9654
1341848061.7948 -1.1889 -0.3746 0.3855 0.0888 0.2413 0.0522 0.9650
1341848061.8267 -1.1883 -0.3755 0.3852 0.0893 0.2410 0.0526 0.9650
1341848061.8629 -1.1880 -0.3709 0.3856 0.0887 0.2416 0.0517 0.9649
1341848061.8948 -1.1875 -0.3764 0.3895 0.0864 0.2426 0.0513 0.9649
1341848061.9307 -1.1897 -0.3749 0.3914 0.0872 0.2431 0.0498 0.9648
1341848061.9628 -1.1869 -0.3735 0.3911 0.0863 0.2424 0.0497 0.9650
1341848061.9972 -1.1872 -0.3735 0.3960 0.0849 0.2419 0.0494 0.9653
1341848062.0307 -1.1837 -0.3756 0.3984 0.0836 0.2405 0.0476 0.9659
1341848062.0633 -1.1821 -0.3735 0.4023 0.0830 0.2404 0.0459 0.9660
1341848062.0949 -1.1801 -0.3743 0.4060 0.0818 0.2386 0.0455 0.9666
1341848062.1308 -1.1769 -0.3767 0.4075 0.0798 0.2365 0.0449 0.9673
1341848062.1634 -1.1752 -0.3790 0.4125 0.0789 0.2354 0.0416 0.9678
1341848062.1987 -1.1728 -0.3787 0.4149 0.0788 0.2344 0.0373 0.9682
1341848062.2308 -1.1711 -0.3768 0.4165 0.0785 0.2327 0.0362 0.9687
1341848062.2628 -1.1690 -0.3757 0.4194 0.0765 0.2295 0.0366 0.9696
1341848062.2993 -1.1667 -0.3800 0.4216 0.0738 0.2271 0.0355 0.9704
1341848062.3308 -1.1626 -0.3812 0.4238 0.0728 0.2259 0.0338 0.9708
1341848062.3628 -1.1649 -0.3788 0.4291 0.0740 0.2254 0.0326 0.9709
1341848062.3988 -1.1601 -0.3805 0.4268 0.0739 0.2216 0.0330 0.9718
1341848062.4308 -1.1558 -0.3811 0.4254 0.0732 0.2194 0.0354 0.9722
1341848062.4669 -1.1543 -0.3822 0.4269 0.0726 0.2169 0.0371 0.9728
1341848062.4987 -1.1523 -0.3828 0.4275 0.0730 0.2143 0.0397 0.9732
1341848062.5307 -1.1473 -0.3821 0.4254 0.0728 0.2123 0.0395 0.9737
1341848062.5669 -1.1435 -0.3813 0.4266 0.0718 0.2122 0.0402 0.9737
1341848062.5988 -1.1422 -0.3812 0.4274 0.0726 0.2096 0.0428 0.9742
1341848062.6308 -1.1360 -0.3807 0.4229 0.0719 0.2057 0.0452 0.9749
1341848062.6667 -1.1307 -0.3826 0.4253 0.0704 0.2052 0.0456 0.9751
1341848062.6987 -1.1271 -0.3844 0.4267 0.0724 0.2046 0.0452 0.9751
1341848062.7349 -1.1207 -0.3830 0.4209 0.0732 0.2024 0.0448 0.9755
1341848062.7668 -1.1140 -0.3832 0.4201 0.0712 0.2016 0.0463 0.9758
1341848062.7987 -1.1110 -0.3854 0.4236 0.0721 0.2004 0.0467 0.9759
1341848062.8348 -1.1025 -0.3847 0.4172 0.0721 0.1966 0.0452 0.9768
1341848062.8668 -1.0946 -0.3858 0.4154 0.0695 0.1955 0.0441 0.9772
1341848062.8991 -1.0915 -0.3879 0.4187 0.0688 0.1943 0.0424 0.9776
1341848062.9350 -1.0844 -0.3889 0.4156 0.0691 0.1909 0.0373 0.9785
1341848062.9669 -1.0742 -0.3865 0.4113 0.0674 0.1903 0.0331 0.9789
1341848063.0029 -1.0714 -0.3893 0.4160 0.0658 0.1900 0.0327 0.9790
1341848063.0350 -1.0653 -0.3918 0.4153 0.0661 0.1854 0.0320 0.9799
1341848063.0667 -1.0536 -0.3919 0.4122 0.0656 0.1825 0.0311 0.9805
1341848063.1028 -1.0477 -0.3974 0.4139 0.0657 0.1816 0.0295 0.9807
1341848063.1350 -1.0405 -0.3936 0.4091 0.0674 0.1784 0.0292 0.9812
1341848063.1707 -1.0309 -0.3942 0.4080 0.0662 0.1748 0.0294 0.9819
1341848063.2027 -1.0227 -0.3988 0.4082 0.0653 0.1729 0.0288 0.9823
1341848063.2350 -1.0141 -0.3995 0.4058 0.0660 0.1714 0.0253 0.9827
1341848063.2708 -1.0034 -0.3986 0.4036 0.0658 0.1708 0.0225 0.9828
1341848063.3028 -0.9991 -0.3988 0.4035 0.0651 0.1711 0.0205 0.9829
1341848063.3349 -0.9929 -0.3996 0.4030 0.0640 0.1685 0.0177 0.9835
1341848063.3707 -0.9795 -0.3983 0.3999 0.0622 0.1672 0.0161 0.9838
1341848063.4027 -0.9746 -0.4005 0.4014 0.0597 0.1691 0.0127 0.9837
1341848063.4393 -0.9698 -0.4023 0.4045 0.0581 0.1691 0.0101 0.9838
1341848063.4707 -0.9572 -0.3983 0.3999 0.0572 0.1679 0.0085 0.9841
1341848063.5028 -0.9517 -0.4001 0.4050 0.0525 0.1706 0.0072 0.9839
1341848063.5418 -0.9489 -0.4090 0.4126 0.0516 0.1706 0.0082 0.9840
1341848063.5778 -0.9373 -0.4013 0.4060 0.0533 0.1685 0.0102 0.9842
1341848063.6097 -0.9325 -0.4026 0.4112 0.0493 0.1695 0.0116 0.9842
1341848063.6430 -0.9297 -0.4083 0.4167 0.0482 0.1683 0.0127 0.9845
1341848063.6780 -0.9202 -0.4018 0.4123 0.0478 0.1659 0.0132 0.9849
1341848063.7099 -0.9155 -0.4014 0.4168 0.0430 0.1650 0.0141 0.9852
1341848063.7458 -0.9127 -0.4080 0.4252 0.0400 0.1629 0.0144 0.9857
1341848063.7778 -0.9026 -0.4086 0.4238 0.0392 0.1605 0.0118 0.9862
1341848063.8098 -0.8971 -0.4111 0.4304 0.0369 0.1610 0.0102 0.9862
1341848063.8457 -0.8930 -0.4166 0.4377 0.0370 0.1591 0.0095 0.9865
1341848063.8779 -0.8808 -0.4163 0.4372 0.0373 0.1564 0.0087 0.9870
1341848063.9138 -0.8725 -0.4254 0.4476 0.0355 0.1582 0.0057 0.9867
1341848063.9458 -0.8689 -0.4312 0.4552 0.0384 0.1593 0.0026 0.9865
1341848063.9779 -0.8609 -0.4306 0.4593 0.0415 0.1560 0.0038 0.9869
1341848064.0140 -0.8503 -0.4339 0.4625 0.0413 0.1534 0.0053 0.9873
1341848064.0458 -0.8469 -0.4468 0.4756 0.0406 0.1527 0.0035 0.9874
1341848064.0817 -0.8339 -0.4468 0.4760 0.0442 0.1493 0.0015 0.9878
1341848064.1137 -0.8202 -0.4470 0.4784 0.0434 0.1494 0.0019 0.9878
1341848064.1458 -0.8184 -0.4566 0.4938 0.0418 0.1504 0.0033 0.9877
1341848064.1818 -0.8065 -0.4608 0.4966 0.0434 0.1463 0.0055 0.9883
1341848064.2139 -0.7892 -0.4628 0.4968 0.0427 0.1447 0.0053 0.9885
1341848064.2498 -0.7796 -0.4727 0.5108 0.0416 0.1479 0.0044 0.9881
1341848064.2830 -0.7716 -0.4785 0.5178 0.0441 0.1476 0.0040 0.9880
1341848064.3138 -0.7527 -0.4767 0.5154 0.0454 0.1454 0.0044 0.9883
1341848064.3498 -0.7410 -0.4860 0.5259 0.0438 0.1471 0.0039 0.9881
1341848064.3826 -0.7278 -0.4909 0.5289 0.0453 0.1475 0.0035 0.9880
1341848064.4181 -0.7138 -0.4899 0.5282 0.0453 0.1476 0.0034 0.9880
1341848064.4498 -0.7036 -0.4983 0.5389 0.0423 0.1486 0.0003 0.9880
1341848064.4818 -0.6915 -0.5089 0.5459 0.0423 0.1493 -0.0038 0.9879
1341848064.5180 -0.6778 -0.5107 0.5455 0.0443 0.1498 -0.0062 0.9877
1341848064.5497 -0.6680 -0.5152 0.5513 0.0446 0.1505 -0.0059 0.9876
1341848064.5817 -0.6595 -0.5228 0.5571 0.0461 0.1497 -0.0038 0.9876
1341848064.6177 -0.6470 -0.5241 0.5536 0.0488 0.1478 -0.0031 0.9878
1341848064.6497 -0.6369 -0.5239 0.5538 0.0500 0.1473 -0.0019 0.9878
1341848064.6858 -0.6317 -0.5256 0.5567 0.0501 0.1453 0.0008 0.9881
1341848064.7499 -0.6105 -0.5289 0.5546 0.0484 0.1444 -0.0017 0.9883
1341848064.8107 -0.5976 -0.5300 0.5565 0.0495 0.1411 -0.0025 0.9888
1341848064.8427 -0.5888 -0.5312 0.5571 0.0480 0.1393 -0.0025 0.9891
1341848064.8788 -0.5843 -0.5356 0.5622 0.0476 0.1387 -0.0015 0.9892
1341848064.9108 -0.5744 -0.5334 0.5569 0.0488 0.1352 0.0014 0.9896
1341848064.9469 -0.5646 -0.5326 0.5554 0.0471 0.1333 0.0045 0.9900
1341848064.9788 -0.5594 -0.5401 0.5628 0.0458 0.1328 0.0059 0.9901
1341848065.0108 -0.5483 -0.5394 0.5571 0.0481 0.1307 0.0068 0.9902
1341848065.0468 -0.5387 -0.5357 0.5550 0.0475 0.1302 0.0077 0.9903
1341848065.0787 -0.5371 -0.5403 0.5621 0.0465 0.1296 0.0097 0.9904
1341848065.1107 -0.5226 -0.5394 0.5558 0.0469 0.1254 0.0119 0.9909
1341848065.1467 -0.5158 -0.5405 0.5593 0.0452 0.1259 0.0117 0.9909
1341848065.1788 -0.5109 -0.5511 0.5655 0.0457 0.1254 0.0104 0.9910
1341848065.2148 -0.4990 -0.5433 0.5578 0.0503 0.1234 0.0098 0.9910
1341848065.2468 -0.4897 -0.5384 0.5558 0.0488 0.1220 0.0076 0.9913
1341848065.2787 -0.4839 -0.5493 0.5612 0.0468 0.1220 0.0068 0.9914
1341848065.3148 -0.4750 -0.5452 0.5571 0.0495 0.1200 0.0048 0.9915
1341848065.3468 -0.4651 -0.5463 0.5565 0.0487 0.1186 0.0022 0.9917
1341848065.3828 -0.4553 -0.5501 0.5555 0.0494 0.1178 0.0018 0.9918
1341848065.4149 -0.4484 -0.5486 0.5550 0.0502 0.1168 0.0004 0.9919
1341848065.4467 -0.4384 -0.5546 0.5554 0.0501 0.1153 -0.0028 0.9921
1341848065.4828 -0.4261 -0.5549 0.5518 0.0523 0.1147 -0.0042 0.9920
1341848065.5147 -0.4193 -0.5546 0.5517 0.0533 0.1145 -0.0045 0.9920
1341848065.5469 -0.4112 -0.5575 0.5523 0.0533 0.1129 -0.0052 0.9922
1341848065.5827 -0.4005 -0.5611 0.5500 0.0543 0.1120 -0.0069 0.9922
1341848065.6148 -0.3953 -0.5592 0.5500 0.0555 0.1117 -0.0080 0.9922
1341848065.6829 -0.3838 -0.5640 0.5501 0.0554 0.1073 -0.0108 0.9926
1341848065.7148 -0.3736 -0.5595 0.5456 0.0562 0.1048 -0.0127 0.9928
1341848065.7507 -0.3747 -0.5598 0.5472 0.0542 0.1039 -0.0149 0.9930
1341848065.7827 -0.3696 -0.5604 0.5472 0.0532 0.0991 -0.0174 0.9935
1341848065.8147 -0.3583 -0.5587 0.5428 0.0523 0.0959 -0.0205 0.9938
1341848065.8507 -0.3593 -0.5588 0.5459 0.0501 0.0955 -0.0264 0.9938
1341848065.9187 -0.3549 -0.5514 0.5397 0.0467 0.0833 -0.0274 0.9950
1341848065.9508 -0.3490 -0.5521 0.5417 0.0416 0.0780 -0.0305 0.9956
1341848065.9828 -0.3491 -0.5563 0.5457 0.0388 0.0746 -0.0340 0.9959
1341848066.0188 -0.3402 -0.5512 0.5399 0.0384 0.0690 -0.0373 0.9962
1341848066.0507 -0.3335 -0.5505 0.5396 0.0348 0.0659 -0.0409 0.9964
1341848066.0828 -0.3321 -0.5546 0.5429 0.0324 0.0635 -0.0413 0.9966
1341848066.1187 -0.3278 -0.5528 0.5426 0.0321 0.0591 -0.0414 0.9969
1341848066.1510 -0.3166 -0.5519 0.5405 0.0302 0.0541 -0.0427 0.9972
1341848066.1868 -0.3119 -0.5547 0.5431 0.0277 0.0536 -0.0422 0.9973
1341848066.2187 -0.3128 -0.5579 0.5472 0.0267 0.0510 -0.0429 0.9974
1341848066.2508 -0.2991 -0.5582 0.5448 0.0265 0.0465 -0.0438 0.9976
1341848066.2867 -0.2934 -0.5610 0.5479 0.0252 0.0460 -0.0457 0.9976
1341848066.3187 -0.2896 -0.5685 0.5524 0.0253 0.0451 -0.0468 0.9976
1341848066.3548 -0.2789 -0.5682 0.5527 0.0275 0.0429 -0.0469 0.9976
1341848066.3868 -0.2717 -0.5728 0.5565 0.0277 0.0424 -0.0480 0.9976
1341848066.4188 -0.2691 -0.5778 0.5620 0.0292 0.0417 -0.0480 0.9975
1341848066.4547 -0.2607 -0.5783 0.5632 0.0315 0.0382 -0.0489 0.9976
1341848066.4869 -0.2505 -0.5794 0.5655 0.0315 0.0357 -0.0506 0.9976
1341848066.5228 -0.2475 -0.5847 0.5710 0.0306 0.0347 -0.0526 0.9975
1341848066.5551 -0.2416 -0.5885 0.5747 0.0315 0.0317 -0.0558 0.9974
1341848066.6235 -0.2249 -0.5970 0.5831 0.0325 0.0303 -0.0646 0.9969
1341848066.6552 -0.2172 -0.5997 0.5871 0.0343 0.0283 -0.0675 0.9967
1341848066.6977 -0.2062 -0.6014 0.5902 0.0351 0.0273 -0.0701 0.9965
1341848066.7325 -0.2025 -0.6099 0.5970 0.0353 0.0273 -0.0733 0.9963
1341848066.7644 -0.1926 -0.6146 0.6001 0.0379 0.0260 -0.0759 0.9961
1341848066.7953 -0.1831 -0.6140 0.6014 0.0406 0.0261 -0.0801 0.9956
1341848066.8334 -0.1805 -0.6174 0.6068 0.0412 0.0258 -0.0838 0.9953
1341848066.8621 -0.1672 -0.6165 0.6061 0.0429 0.0231 -0.0849 0.9952
1341848066.9050 -0.1591 -0.6155 0.6082 0.0421 0.0228 -0.0867 0.9951
1341848066.9302 -0.1587 -0.6224 0.6145 0.0405 0.0221 -0.0885 0.9950
1341848066.9979 -0.1344 -0.6215 0.6139 0.0402 0.0202 -0.0921 0.9947
1341848067.0547 -0.1250 -0.6281 0.6194 0.0393 0.0185 -0.0956 0.9945
1341848067.0909 -0.1208 -0.6311 0.6225 0.0385 0.0200 -0.0979 0.9943
1341848067.1230 -0.1237 -0.6388 0.6268 0.0394 0.0201 -0.0991 0.9941
1341848067.1588 -0.1122 -0.6363 0.6234 0.0432 0.0177 -0.0986 0.9940
1341848067.1911 -0.1085 -0.6341 0.6238 0.0440 0.0177 -0.0984 0.9940
1341848067.2229 -0.1055 -0.6395 0.6255 0.0438 0.0168 -0.0971 0.9942
1341848067.2587 -0.0955 -0.6378 0.6232 0.0453 0.0157 -0.0951 0.9943
1341848067.3228 -0.0911 -0.6406 0.6251 0.0447 0.0165 -0.0903 0.9948
1341848067.3587 -0.0819 -0.6396 0.6225 0.0453 0.0148 -0.0872 0.9950
1341848067.3907 -0.0753 -0.6406 0.6224 0.0445 0.0163 -0.0850 0.9953
1341848067.4269 -0.0755 -0.6426 0.6231 0.0445 0.0182 -0.0824 0.9954
1341848067.4587 -0.0664 -0.6392 0.6193 0.0453 0.0176 -0.0792 0.9957
1341848067.4915 -0.0602 -0.6375 0.6181 0.0434 0.0195 -0.0767 0.9959
1341848067.5267 -0.0613 -0.6409 0.6194 0.0420 0.0219 -0.0757 0.9960
1341848067.5588 -0.0528 -0.6389 0.6158 0.0424 0.0221 -0.0754 0.9960
1341848067.5947 -0.0486 -0.6402 0.6156 0.0413 0.0254 -0.0769 0.9959
1341848067.6267 -0.0530 -0.6461 0.6170 0.0417 0.0286 -0.0781 0.9957
1341848067.6590 -0.0458 -0.6446 0.6131 0.0450 0.0283 -0.0775 0.9956
1341848067.6949 -0.0408 -0.6443 0.6111 0.0461 0.0300 -0.0767 0.9955
1341848067.7267 -0.0441 -0.6493 0.6104 0.0476 0.0315 -0.0750 0.9956
1341848067.7587 -0.0333 -0.6453 0.6054 0.0512 0.0303 -0.0730 0.9956
1341848067.7948 -0.0304 -0.6441 0.6034 0.0520 0.0328 -0.0714 0.9956
1341848067.8268 -0.0319 -0.6485 0.6027 0.0527 0.0340 -0.0690 0.9956
1341848067.8628 -0.0217 -0.6450 0.5976 0.0550 0.0337 -0.0671 0.9957
