1341847980.7869 -0.0030 -0.0031 0.0009 -0.0005 0.0002 -0.0006 1.0000
1341847980.8230 -0.0035 -0.0009 0.0001 0.0010 0.0001 -0.0012 1.0000
1341847980.8547 -0.0034 0.0007 -0.0007 0.0014 0.0004 -0.0018 1.0000
1341847980.8907 -0.0057 -0.0005 -0.0010 0.0013 0.0009 -0.0019 1.0000
1341847980.9230 -0.0066 -0.0006 -0.0017 0.0016 0.0007 -0.0024 1.0000
1341847980.9546 -0.0050 0.0011 -0.0030 0.0017 0.0007 -0.0027 1.0000
1341847980.9907 -0.0086 -0.0005 -0.0020 0.0012 0.0017 -0.0027 1.0000
1341847981.0227 -0.0092 0.0021 -0.0031 0.0021 0.0015 -0.0027 1.0000
1341847981.0547 -0.0095 0.0010 -0.0032 0.0016 0.0015 -0.0028 1.0000
1341847981.0907 -0.0093 0.0015 -0.0038 0.0020 0.0019 -0.0030 1.0000
1341847981.1230 -0.0125 0.0003 -0.0044 0.0020 0.0030 -0.0027 1.0000
1341847981.1586 -0.0146 0.0026 -0.0053 0.0020 0.0034 -0.0016 1.0000
1341847981.1906 -0.0179 0.0002 -0.0050 0.0013 0.0037 0.0000 1.0000
1341847981.2230 -0.0212 -0.0014 -0.0054 0.0017 0.0039 0.0015 1.0000
1341847981.2587 -0.0220 0.0007 -0.0075 0.0022 0.0031 0.0031 1.0000
1341847981.2908 -0.0217 0.0002 -0.0073 0.0020 0.0028 0.0038 1.0000
1341847981.3229 -0.0228 0.0001 -0.0088 0.0024 0.0039 0.0036 1.0000
1341847981.3587 -0.0279 0.0024 -0.0092 0.0031 0.0053 0.0038 1.0000
1341847981.3908 -0.0341 -0.0008 -0.0103 0.0024 0.0060 0.0048 1.0000
1341847981.4267 -0.0378 -0.0008 -0.0120 0.0030 0.0057 0.0060 1.0000
1341847981.4588 -0.0392 0.0014 -0.0155 0.0035 0.0052 0.0067 1.0000
1341847981.4907 -0.0433 0.0009 -0.0159 0.0032 0.0057 0.0071 1.0000
1341847981.5270 -0.0501 0.0015 -0.0178 0.0038 0.0069 0.0067 0.9999
1341847981.5587 -0.0523 0.0028 -0.0198 0.0038 0.0073 0.0062 0.9999
1341847981.5949 -0.0588 -0.0011 -0.0205 0.0035 0.0089 0.0055 0.9999
1341847981.6267 -0.0661 0.0040 -0.0235 0.0056 0.0103 0.0059 0.9999
1341847981.6587 -0.0668 0.0085 -0.0265 0.0050 0.0099 0.0057 0.9999
1341847981.6947 -0.0755 0.0056 -0.0260 0.0043 0.0116 0.0053 0.9999
1341847981.7266 -0.0797 0.0117 -0.0290 0.0049 0.0120 0.0059 0.9999
1341847981.7588 -0.0880 0.0120 -0.0294 0.0036 0.0128 0.0060 0.9999
1341847981.7947 -0.0914 0.0186 -0.0311 0.0036 0.0126 0.0058 0.9999
1341847981.8267 -0.0969 0.0192 -0.0324 0.0017 0.0133 0.0056 0.9999
1341847981.8627 -0.1109 0.0138 -0.0304 0.0005 0.0150 0.0049 0.9999
1341847981.8946 -0.1080 0.0183 -0.0379 0.0009 0.0126 0.0049 0.9999
1341847981.9266 -0.1142 0.0242 -0.0366 -0.0011 0.0121 0.0051 0.9999
1341847981.9948 -0.1254 0.0189 -0.0346 -0.0031 0.0126 0.0049 0.9999
1341847982.0627 -0.1357 0.0110 -0.0369 -0.0023 0.0125 0.0023 0.9999
1341847982.0948 -0.1362 0.0182 -0.0374 -0.0001 0.0115 0.0014 0.9999
1341847982.1307 -0.1486 0.0048 -0.0352 -0.0013 0.0123 0.0004 0.9999
1341847982.1627 -0.1472 0.0136 -0.0390 0.0036 0.0098 0.0015 0.9999
1341847982.1947 -0.1377 0.0202 -0.0433 0.0036 0.0071 0.0024 1.0000
1341847982.2306 -0.1432 0.0152 -0.0427 0.0010 0.0096 0.0026 1.0000
1341847982.2627 -0.1466 0.0111 -0.0414 0.0015 0.0119 0.0016 0.9999
1341847982.2950 -0.1488 0.0086 -0.0432 0.0014 0.0143 0.0005 0.9999
1341847982.3307 -0.1628 0.0044 -0.0399 0.0025 0.0180 0.0027 0.9998
1341847982.3989 -0.1713 0.0048 -0.0433 0.0076 0.0152 0.0083 0.9998
1341847982.4308 -0.1658 0.0070 -0.0461 0.0091 0.0139 0.0096 0.9998
1341847982.4626 -0.1669 0.0078 -0.0465 0.0100 0.0167 0.0103 0.9998
1341847982.4986 -0.1670 0.0093 -0.0482 0.0100 0.0192 0.0103 0.9997
1341847982.5308 -0.1776 0.0067 -0.0452 0.0082 0.0223 0.0107 0.9997
1341847982.5667 -0.1772 0.0095 -0.0471 0.0073 0.0232 0.0120 0.9996
1341847982.5987 -0.1823 0.0086 -0.0444 0.0044 0.0261 0.0136 0.9996
1341847982.6307 -0.1869 0.0043 -0.0436 0.0028 0.0289 0.0136 0.9995
1341847982.6666 -0.1927 0.0061 -0.0428 0.0021 0.0318 0.0142 0.9994
1341847982.6986 -0.1974 0.0049 -0.0422 0.0004 0.0349 0.0147 0.9993
1341847982.7307 -0.2062 0.0025 -0.0405 -0.0010 0.0394 0.0145 0.9991
1341847982.7667 -0.2178 -0.0000 -0.0375 -0.0009 0.0429 0.0157 0.9990
1341847982.7987 -0.2261 0.0002 -0.0380 -0.0007 0.0450 0.0172 0.9988
1341847982.8347 -0.2380 -0.0055 -0.0353 -0.0006 0.0473 0.0173 0.9987
1341847982.8667 -0.2516 -0.0075 -0.0345 0.0017 0.0489 0.0186 0.9986
1341847982.8987 -0.2628 -0.0024 -0.0389 0.0043 0.0486 0.0200 0.9986
1341847982.9348 -0.2721 0.0040 -0.0394 0.0045 0.0467 0.0219 0.9987
1341847982.9667 -0.2790 0.0020 -0.0377 0.0029 0.0451 0.0226 0.9987
1341847982.9988 -0.2820 0.0011 -0.0400 0.0016 0.0455 0.0216 0.9987
1341847983.0347 -0.2997 0.0010 -0.0379 0.0002 0.0487 0.0211 0.9986
1341847983.0667 -0.3095 0.0009 -0.0384 -0.0010 0.0486 0.0221 0.9986
1341847983.1028 -0.3234 -0.0012 -0.0371 -0.0024 0.0494 0.0233 0.9985
1341847983.1347 -0.3372 -0.0069 -0.0330 -0.0027 0.0501 0.0245 0.9984
1341847983.1667 -0.3499 -0.0072 -0.0351 -0.0014 0.0496 0.0254 0.9984
1341847983.2027 -0.3547 -0.0038 -0.0364 -0.0007 0.0473 0.0266 0.9985
1341847983.2347 -0.3616 -0.0028 -0.0392 -0.0013 0.0465 0.0274 0.9985
1341847983.2668 -0.3630 -0.0003 -0.0414 -0.0031 0.0459 0.0270 0.9986
1341847983.3027 -0.3749 -0.0037 -0.0394 -0.0063 0.0485 0.0262 0.9985
1341847983.3347 -0.3853 -0.0062 -0.0376 -0.0078 0.0514 0.0256 0.9983
1341847983.3709 -0.3983 -0.0125 -0.0351 -0.0088 0.0549 0.0249 0.9981
1341847983.4027 -0.4109 -0.0129 -0.0362 -0.0077 0.0560 0.0259 0.9981
1341847983.4347 -0.4203 -0.0107 -0.0394 -0.0086 0.0545 0.0286 0.9981
1341847983.4707 -0.4275 -0.0145 -0.0362 -0.0095 0.0540 0.0285 0.9981
1341847983.5028 -0.4323 -0.0163 -0.0395 -0.0081 0.0559 0.0256 0.9981
1341847983.5348 -0.4438 -0.0141 -0.0428 -0.0074 0.0604 0.0242 0.9979
1341847983.5707 -0.4591 -0.0135 -0.0419 -0.0078 0.0635 0.0242 0.9977
1341847983.6027 -0.4726 -0.0198 -0.0426 -0.0078 0.0645 0.0248 0.9976
1341847983.6387 -0.4814 -0.0193 -0.0470 -0.0063 0.0652 0.0252 0.9975
1341847983.7029 -0.5111 -0.0237 -0.0529 -0.0022 0.0687 0.0267 0.9973
1341847983.7387 -0.5245 -0.0212 -0.0569 -0.0009 0.0681 0.0287 0.9973
1341847983.7707 -0.5380 -0.0242 -0.0588 -0.0004 0.0681 0.0301 0.9972
1341847983.8067 -0.5458 -0.0273 -0.0627 0.0007 0.0685 0.0299 0.9972
1341847983.8387 -0.5678 -0.0258 -0.0627 0.0045 0.0712 0.0299 0.9970
1341847983.8707 -0.5792 -0.0179 -0.0716 0.0070 0.0693 0.0324 0.9970
1341847983.9067 -0.5957 -0.0200 -0.0707 0.0069 0.0677 0.0355 0.9971
1341847983.9388 -0.6010 -0.0164 -0.0786 0.0074 0.0652 0.0365 0.9972
1341847983.9708 -0.6099 -0.0143 -0.0805 0.0060 0.0663 0.0355 0.9971
1341847984.0067 -0.6267 -0.0125 -0.0792 0.0052 0.0693 0.0345 0.9970
1341847984.0387 -0.6354 -0.0112 -0.0830 0.0037 0.0708 0.0344 0.9969
1341847984.0747 -0.6460 -0.0044 -0.0879 0.0021 0.0731 0.0331 0.9968
1341847984.1068 -0.6648 -0.0023 -0.0821 -0.0018 0.0767 0.0322 0.9965
1341847984.1387 -0.6853 -0.0046 -0.0738 -0.0032 0.0799 0.0310 0.9963
1341847984.1748 -0.6903 0.0018 -0.0844 -0.0047 0.0791 0.0293 0.9964
1341847984.2067 -0.7093 0.0002 -0.0752 -0.0098 0.0819 0.0275 0.9962
1341847984.2387 -0.7328 0.0016 -0.0674 -0.0106 0.0829 0.0282 0.9961
1341847984.2748 -0.7380 0.0013 -0.0678 -0.0131 0.0805 0.0288 0.9963
1341847984.3067 -0.7485 0.0026 -0.0629 -0.0155 0.0806 0.0288 0.9962
1341847984.3431 -0.7631 0.0021 -0.0559 -0.0174 0.0810 0.0292 0.9961
1341847984.4067 -0.7835 0.0048 -0.0445 -0.0208 0.0774 0.0323 0.9963
1341847984.4429 -0.7942 0.0011 -0.0339 -0.0230 0.0775 0.0334 0.9962
1341847984.4746 -0.8045 0.0005 -0.0269 -0.0227 0.0780 0.0330 0.9962
1341847984.5067 -0.8133 -0.0005 -0.0186 -0.0235 0.0786 0.0322 0.9961
1341847984.5427 -0.8198 -0.0019 -0.0124 -0.0237 0.0801 0.0329 0.9960
1341847984.5748 -0.8302 -0.0025 -0.0020 -0.0253 0.0834 0.0333 0.9956
1341847984.6108 -0.8467 -0.0092 0.0166 -0.0249 0.0853 0.0327 0.9955
1341847984.6427 -0.8571 -0.0095 0.0264 -0.0216 0.0843 0.0341 0.9956
1341847984.6748 -0.8621 -0.0125 0.0333 -0.0212 0.0834 0.0351 0.9957
1341847984.7107 -0.8747 -0.0193 0.0512 -0.0202 0.0840 0.0354 0.9956
1341847984.7434 -0.8823 -0.0183 0.0624 -0.0164 0.0833 0.0350 0.9958
1341847984.7789 -0.8883 -0.0206 0.0708 -0.0155 0.0834 0.0359 0.9957
1341847984.8106 -0.8982 -0.0255 0.0884 -0.0147 0.0846 0.0379 0.9956
1341847984.8427 -0.9073 -0.0319 0.1045 -0.0119 0.0853 0.0394 0.9955
1341847984.8788 -0.9136 -0.0341 0.1121 -0.0096 0.0855 0.0409 0.9954
1341847984.9106 -0.9205 -0.0367 0.1199 -0.0093 0.0851 0.0437 0.9954
1341847984.9431 -0.9285 -0.0416 0.1328 -0.0106 0.0837 0.0473 0.9953
1341847984.9792 -0.9325 -0.0454 0.1443 -0.0114 0.0815 0.0502 0.9953
1341847985.0106 -0.9339 -0.0482 0.1542 -0.0133 0.0811 0.0513 0.9953
1341847985.0466 -0.9371 -0.0543 0.1666 -0.0163 0.0840 0.0519 0.9950
1341847985.0787 -0.9433 -0.0590 0.1804 -0.0169 0.0879 0.0515 0.9947
1341847985.1108 -0.9479 -0.0635 0.1915 -0.0180 0.0908 0.0529 0.9943
1341847985.1468 -0.9520 -0.0693 0.2021 -0.0187 0.0935 0.0547 0.9939
1341847985.1787 -0.9570 -0.0754 0.2156 -0.0189 0.0970 0.0558 0.9935
1341847985.2108 -0.9620 -0.0822 0.2277 -0.0178 0.0996 0.0561 0.9933
1341847985.2467 -0.9639 -0.0848 0.2332 -0.0167 0.1019 0.0568 0.9930
1341847985.2789 -0.9695 -0.0941 0.2453 -0.0178 0.1056 0.0569 0.9926
1341847985.3146 -0.9748 -0.0999 0.2585 -0.0159 0.1089 0.0567 0.9923
1341847985.3468 -0.9791 -0.1027 0.2635 -0.0147 0.1107 0.0570 0.9921
1341847985.3788 -0.9831 -0.1073 0.2716 -0.0159 0.1119 0.0572 0.9919
1341847985.4146 -0.9874 -0.1145 0.2855 -0.0168 0.1150 0.0577 0.9916
1341847985.4469 -0.9938 -0.1188 0.2978 -0.0156 0.1180 0.0577 0.9912
1341847985.4787 -0.9981 -0.1221 0.3062 -0.0150 0.1194 0.0588 0.9910
1341847985.5147 -1.0020 -0.1267 0.3169 -0.0156 0.1211 0.0595 0.9907
1341847985.5468 -1.0065 -0.1316 0.3298 -0.0161 0.1242 0.0605 0.9903
1341847985.5826 -1.0121 -0.1368 0.3450 -0.0152 0.1276 0.0615 0.9898
1341847985.6148 -1.0191 -0.1396 0.3563 -0.0129 0.1302 0.0630 0.9894
1341847985.6471 -1.0242 -0.1469 0.3704 -0.0115 0.1327 0.0651 0.9890
1341847985.6828 -1.0297 -0.1518 0.3810 -0.0090 0.1351 0.0674 0.9885
1341847985.7147 -1.0373 -0.1582 0.3950 -0.0056 0.1370 0.0707 0.9880
1341847985.7470 -1.0430 -0.1627 0.4042 -0.0019 0.1383 0.0733 0.9877
1341847985.7828 -1.0502 -0.1667 0.4184 0.0018 0.1413 0.0754 0.9871
1341847985.8147 -1.0592 -0.1726 0.4342 0.0089 0.1445 0.0785 0.9863
1341847985.8507 -1.0650 -0.1769 0.4366 0.0154 0.1453 0.0815 0.9859
1341847985.8828 -1.0674 -0.1819 0.4357 0.0146 0.1448 0.0846 0.9857
1341847985.9150 -1.0723 -0.1890 0.4481 0.0118 0.1476 0.0874 0.9851
1341847985.9508 -1.0778 -0.1956 0.4611 0.0114 0.1527 0.0873 0.9843
1341847985.9827 -1.0840 -0.2009 0.4708 0.0120 0.1578 0.0869 0.9836
1341847986.0188 -1.0895 -0.2052 0.4793 0.0128 0.1605 0.0888 0.9830
1341847986.0520 -1.0941 -0.2102 0.4887 0.0122 0.1618 0.0920 0.9824
1341847986.0826 -1.0991 -0.2182 0.4996 0.0118 0.1635 0.0935 0.9820
1341847986.1187 -1.1007 -0.2224 0.5047 0.0110 0.1656 0.0933 0.9817
1341847986.1506 -1.1041 -0.2269 0.5145 0.0088 0.1700 0.0940 0.9809
1341847986.1826 -1.1098 -0.2342 0.5323 0.0080 0.1750 0.0948 0.9800
1341847986.2187 -1.1137 -0.2411 0.5428 0.0097 0.1781 0.0954 0.9793
1341847986.2506 -1.1163 -0.2459 0.5515 0.0112 0.1805 0.0973 0.9787
1341847986.2867 -1.1191 -0.2555 0.5634 0.0118 0.1838 0.0987 0.9779
1341847986.3262 -1.1228 -0.2625 0.5750 0.0140 0.1876 0.0999 0.9771
1341847986.3592 -1.1246 -0.2668 0.5837 0.0167 0.1904 0.1023 0.9762
1341847986.3945 -1.1264 -0.2699 0.5932 0.0176 0.1930 0.1042 0.9755
1341847986.4259 -1.1288 -0.2765 0.6053 0.0172 0.1961 0.1056 0.9747
1341847986.4577 -1.1299 -0.2805 0.6155 0.0167 0.1993 0.1066 0.9740
1341847986.4937 -1.1333 -0.2867 0.6317 0.0160 0.2028 0.1081 0.9731
1341847986.5258 -1.1355 -0.2935 0.6445 0.0165 0.2049 0.1093 0.9725
1341847986.5617 -1.1364 -0.2977 0.6534 0.0158 0.2067 0.1100 0.9721
1341847986.5937 -1.1393 -0.3061 0.6687 0.0138 0.2106 0.1103 0.9712
1341847986.6257 -1.1422 -0.3154 0.6855 0.0141 0.2148 0.1107 0.9703
1341847986.6619 -1.1434 -0.3159 0.6941 0.0165 0.2163 0.1131 0.9696
1341847986.6937 -1.1467 -0.3210 0.7084 0.0167 0.2177 0.1175 0.9688
1341847986.7259 -1.1486 -0.3258 0.7199 0.0175 0.2179 0.1229 0.9680
1341847986.7626 -1.1491 -0.3289 0.7277 0.0169 0.2176 0.1268 0.9676
1341847986.7938 -1.1495 -0.3343 0.7362 0.0135 0.2192 0.1293 0.9670
1341847986.8298 -1.1524 -0.3428 0.7523 0.0103 0.2231 0.1310 0.9659
1341847986.8867 -1.1572 -0.3473 0.7749 0.0095 0.2247 0.1363 0.9648
1341847986.9227 -1.1586 -0.3541 0.7863 0.0068 0.2251 0.1397 0.9642
1341847986.9547 -1.1599 -0.3619 0.7975 0.0042 0.2269 0.1412 0.9636
1341847986.9906 -1.1624 -0.3673 0.8103 0.0026 0.2297 0.1422 0.9628
1341847987.0229 -1.1641 -0.3703 0.8204 0.0026 0.2317 0.1444 0.9620
1341847987.0546 -1.1665 -0.3719 0.8295 0.0017 0.2326 0.1472 0.9614
1341847987.0912 -1.1672 -0.3783 0.8407 -0.0009 0.2336 0.1488 0.9609
1341847987.1232 -1.1679 -0.3872 0.8526 -0.0033 0.2371 0.1480 0.9601
1341847987.1907 -1.1717 -0.3920 0.8714 -0.0064 0.2471 0.1459 0.9579
1341847987.2593 -1.1773 -0.3974 0.8954 -0.0081 0.2540 0.1491 0.9556
1341847987.2907 -1.1787 -0.4050 0.9039 -0.0103 0.2586 0.1483 0.9545
1341847987.3228 -1.1820 -0.4090 0.9152 -0.0104 0.2655 0.1468 0.9528
1341847987.3907 -1.1899 -0.4185 0.9384 -0.0068 0.2781 0.1418 0.9500
1341847987.4228 -1.1934 -0.4198 0.9459 -0.0040 0.2841 0.1401 0.9485
1341847987.4586 -1.1999 -0.4169 0.9609 0.0008 0.2907 0.1409 0.9464
1341847987.4908 -1.2053 -0.4149 0.9711 0.0072 0.2940 0.1425 0.9451
1341847987.5268 -1.2093 -0.4082 0.9690 0.0098 0.2947 0.1456 0.9444
1341847987.5587 -1.2142 -0.4203 0.9899 0.0063 0.3013 0.1468 0.9421
1341847987.5908 -1.2200 -0.4161 0.9995 0.0121 0.3060 0.1490 0.9402
1341847987.6269 -1.2256 -0.4094 1.0044 0.0159 0.3078 0.1534 0.9389
1341847987.6589 -1.2305 -0.4109 1.0170 0.0152 0.3104 0.1563 0.9375
1341847987.6916 -1.2365 -0.4089 1.0281 0.0161 0.3126 0.1584 0.9365
1341847987.7267 -1.2418 -0.4120 1.0427 0.0160 0.3137 0.1602 0.9358
1341847987.7587 -1.2458 -0.4108 1.0501 0.0177 0.3139 0.1644 0.9350
1341847987.7947 -1.2514 -0.4094 1.0615 0.0188 0.3144 0.1684 0.9341
1341847987.8267 -1.2571 -0.4101 1.0731 0.0201 0.3145 0.1721 0.9333
1341847987.8659 -1.2614 -0.4137 1.0830 0.0193 0.3141 0.1738 0.9332
1341847987.8978 -1.2670 -0.4154 1.0951 0.0207 0.3147 0.1757 0.9326
1341847987.9337 -1.2725 -0.4196 1.1068 0.0216 0.3142 0.1764 0.9326
1341847987.9658 -1.2769 -0.4270 1.1148 0.0215 0.3147 0.1732 0.9330
1341847987.9978 -1.2831 -0.4270 1.1214 0.0237 0.3155 0.1712 0.9331
1341847988.0338 -1.2870 -0.4344 1.1336 0.0231 0.3177 0.1672 0.9331
1341847988.0657 -1.2925 -0.4348 1.1443 0.0271 0.3189 0.1640 0.9331
1341847988.0982 -1.2969 -0.4388 1.1495 0.0284 0.3196 0.1591 0.9337
1341847988.1338 -1.3009 -0.4413 1.1576 0.0294 0.3223 0.1556 0.9333
1341847988.1658 -1.3077 -0.4333 1.1649 0.0354 0.3234 0.1566 0.9325
1341847988.2017 -1.3130 -0.4287 1.1715 0.0368 0.3216 0.1606 0.9324
1341847988.2338 -1.3140 -0.4370 1.1800 0.0318 0.3211 0.1621 0.9325
1341847988.2657 -1.3150 -0.4428 1.1898 0.0299 0.3233 0.1616 0.9319
1341847988.3018 -1.3193 -0.4371 1.1942 0.0325 0.3243 0.1631 0.9312
1341847988.3337 -1.3227 -0.4353 1.2027 0.0315 0.3245 0.1667 0.9305
1341847988.3697 -1.3232 -0.4401 1.2126 0.0287 0.3255 0.1686 0.9300
1341847988.4017 -1.3274 -0.4348 1.2216 0.0322 0.3260 0.1731 0.9288
1341847988.4340 -1.3293 -0.4387 1.2285 0.0305 0.3254 0.1759 0.9286
1341847988.4697 -1.3306 -0.4442 1.2340 0.0293 0.3276 0.1742 0.9282
1341847988.5025 -1.3356 -0.4391 1.2361 0.0321 0.3299 0.1750 0.9271
1341847988.5378 -1.3410 -0.4324 1.2417 0.0343 0.3303 0.1801 0.9259
1341847988.5697 -1.3446 -0.4342 1.2475 0.0319 0.3292 0.1822 0.9259
1341847988.6018 -1.3479 -0.4377 1.2489 0.0279 0.3297 0.1812 0.9261
1341847988.6378 -1.3517 -0.4391 1.2533 0.0245 0.3323 0.1795 0.9256
1341847988.6698 -1.3564 -0.4388 1.2593 0.0232 0.3345 0.1782 0.9251
1341847988.7062 -1.3614 -0.4397 1.2620 0.0214 0.3358 0.1783 0.9247
1341847988.7379 -1.3664 -0.4402 1.2666 0.0213 0.3376 0.1805 0.9236
1341847988.7697 -1.3720 -0.4409 1.2719 0.0225 0.3381 0.1847 0.9225
1341847988.8061 -1.3775 -0.4451 1.2729 0.0223 0.3383 0.1867 0.9221
1341847988.8379 -1.3846 -0.4470 1.2707 0.0211 0.3392 0.1882 0.9214
1341847988.8739 -1.3901 -0.4516 1.2750 0.0181 0.3425 0.1883 0.9203
1341847988.9378 -1.4058 -0.4525 1.2786 0.0186 0.3463 0.1915 0.9182
1341847988.9987 -1.4220 -0.4580 1.2867 0.0166 0.3495 0.1969 0.9159
1341847989.0347 -1.4316 -0.4600 1.2868 0.0152 0.3492 0.1990 0.9156
1341847989.0667 -1.4378 -0.4691 1.2924 0.0105 0.3507 0.1985 0.9151
1341847989.0988 -1.4454 -0.4751 1.2999 0.0114 0.3525 0.1972 0.9147
1341847989.1347 -1.4561 -0.4777 1.3005 0.0152 0.3519 0.1979 0.9148
1341847989.1667 -1.4654 -0.4834 1.3028 0.0177 0.3517 0.1992 0.9145
1341847989.2027 -1.4773 -0.4856 1.3044 0.0217 0.3501 0.2000 0.9148
1341847989.2347 -1.4880 -0.4908 1.3050 0.0236 0.3475 0.2001 0.9158
1341847989.2667 -1.4985 -0.4981 1.3054 0.0232 0.3462 0.1980 0.9167
1341847989.3028 -1.5097 -0.5018 1.3062 0.0228 0.3449 0.1940 0.9181
1341847989.3349 -1.5209 -0.5063 1.3066 0.0210 0.3435 0.1901 0.9195
1341847989.3667 -1.5297 -0.5137 1.3065 0.0163 0.3430 0.1842 0.9210
1341847989.4028 -1.5375 -0.5201 1.3092 0.0128 0.3446 0.1785 0.9215
1341847989.4348 -1.5466 -0.5224 1.3124 0.0146 0.3453 0.1751 0.9219
1341847989.4707 -1.5585 -0.5251 1.3064 0.0141 0.3446 0.1729 0.9226
1341847989.5026 -1.5655 -0.5297 1.3081 0.0114 0.3456 0.1730 0.9222
1341847989.5347 -1.5732 -0.5329 1.3129 0.0127 0.3458 0.1746 0.9218
1341847989.5707 -1.5822 -0.5373 1.3074 0.0116 0.3446 0.1744 0.9223
1341847989.6028 -1.5863 -0.5464 1.3118 0.0074 0.3473 0.1728 0.9217
1341847989.6347 -1.5940 -0.5501 1.3124 0.0086 0.3509 0.1698 0.9209
1341847989.6706 -1.6057 -0.5478 1.3092 0.0104 0.3533 0.1697 0.9199
1341847989.7026 -1.6127 -0.5517 1.3126 0.0084 0.3549 0.1701 0.9193
1341847989.7389 -1.6210 -0.5553 1.3130 0.0074 0.3572 0.1687 0.9186
1341847989.7707 -1.6311 -0.5553 1.3124 0.0070 0.3593 0.1689 0.9178
1341847989.8029 -1.6400 -0.5567 1.3146 0.0057 0.3608 0.1694 0.9171
1341847989.8388 -1.6493 -0.5602 1.3162 0.0048 0.3623 0.1702 0.9164
1341847989.8710 -1.6578 -0.5650 1.3190 0.0044 0.3650 0.1685 0.9156
1341847989.9027 -1.6716 -0.5631 1.3177 0.0078 0.3671 0.1692 0.9146
1341847989.9389 -1.6854 -0.5624 1.3186 0.0106 0.3665 0.1736 0.9140
1341847989.9707 -1.6955 -0.5691 1.3205 0.0100 0.3656 0.1745 0.9142
1341847990.0069 -1.7082 -0.5740 1.3177 0.0091 0.3670 0.1734 0.9139
1341847990.0390 -1.7203 -0.5750 1.3197 0.0097 0.3692 0.1733 0.9130
1341847990.0707 -1.7327 -0.5766 1.3219 0.0109 0.3696 0.1726 0.9129
1341847990.1067 -1.7451 -0.5794 1.3198 0.0109 0.3697 0.1725 0.9129
1341847990.1392 -1.7560 -0.5823 1.3221 0.0113 0.3708 0.1734 0.9123
1341847990.1711 -1.7683 -0.5825 1.3239 0.0148 0.3701 0.1749 0.9123
1341847990.2070 -1.7819 -0.5839 1.3221 0.0173 0.3679 0.1760 0.9129
1341847990.2389 -1.7945 -0.5875 1.3205 0.0165 0.3670 0.1773 0.9130
1341847990.2747 -1.8037 -0.5912 1.3256 0.0174 0.3669 0.1781 0.9129
1341847990.3067 -1.8182 -0.5925 1.3228 0.0184 0.3659 0.1772 0.9134
1341847990.3391 -1.8289 -0.5947 1.3239 0.0168 0.3660 0.1771 0.9134
1341847990.3747 -1.8389 -0.5961 1.3277 0.0173 0.3662 0.1772 0.9133
1341847990.4068 -1.8526 -0.5957 1.3257 0.0177 0.3650 0.1772 0.9138
1341847990.4426 -1.8620 -0.5974 1.3273 0.0151 0.3647 0.1794 0.9135
1341847990.4746 -1.8679 -0.6008 1.3335 0.0143 0.3647 0.1795 0.9136
1341847990.5068 -1.8798 -0.6008 1.3310 0.0141 0.3647 0.1791 0.9136
1341847990.5428 -1.8891 -0.6002 1.3325 0.0133 0.3656 0.1823 0.9126
1341847990.5747 -1.8955 -0.6009 1.3375 0.0140 0.3655 0.1856 0.9120
1341847990.6428 -1.9125 -0.6063 1.3382 0.0109 0.3678 0.1863 0.9110
1341847990.6748 -1.9210 -0.6060 1.3408 0.0114 0.3698 0.1891 0.9096
1341847990.7108 -1.9301 -0.6065 1.3436 0.0134 0.3698 0.1928 0.9088
1341847990.7427 -1.9410 -0.6066 1.3415 0.0136 0.3692 0.1971 0.9081
1341847990.7747 -1.9438 -0.6109 1.3490 0.0122 0.3703 0.1998 0.9071
1341847990.8108 -1.9515 -0.6130 1.3508 0.0140 0.3724 0.2002 0.9061
1341847990.8427 -1.9618 -0.6141 1.3509 0.0143 0.3741 0.2020 0.9050
1341847990.8747 -1.9668 -0.6174 1.3549 0.0128 0.3757 0.2031 0.9041
1341847990.9108 -1.9733 -0.6199 1.3583 0.0127 0.3778 0.2034 0.9032
1341847990.9427 -1.9808 -0.6224 1.3602 0.0112 0.3803 0.2033 0.9022
1341847990.9788 -1.9854 -0.6257 1.3654 0.0096 0.3831 0.2035 0.9009
1341847991.0108 -1.9909 -0.6284 1.3702 0.0108 0.3851 0.2036 0.9001
1341847991.0428 -1.9987 -0.6306 1.3717 0.0114 0.3870 0.2045 0.8991
1341847991.0787 -2.0035 -0.6347 1.3772 0.0115 0.3891 0.2065 0.8977
1341847991.1113 -2.0101 -0.6377 1.3811 0.0135 0.3905 0.2087 0.8966
1341847991.1428 -2.0160 -0.6420 1.3850 0.0132 0.3920 0.2091 0.8958
1341847991.1788 -2.0221 -0.6456 1.3911 0.0131 0.3946 0.2100 0.8944
1341847991.2107 -2.0284 -0.6496 1.3987 0.0146 0.3970 0.2106 0.8932
1341847991.2468 -2.0378 -0.6520 1.4027 0.0154 0.3986 0.2100 0.8926
1341847991.2787 -2.0432 -0.6564 1.4107 0.0151 0.4013 0.2106 0.8913
1341847991.3108 -2.0522 -0.6577 1.4172 0.0187 0.4033 0.2129 0.8898
1341847991.3467 -2.0653 -0.6569 1.4217 0.0233 0.4019 0.2178 0.8891
1341847991.3788 -2.0738 -0.6604 1.4258 0.0231 0.3997 0.2240 0.8886
1341847991.4147 -2.0770 -0.6674 1.4332 0.0196 0.4003 0.2276 0.8874
1341847991.4467 -2.0828 -0.6719 1.4398 0.0171 0.4028 0.2279 0.8863
1341847991.4788 -2.0879 -0.6747 1.4462 0.0152 0.4057 0.2286 0.8848
1341847991.5147 -2.0941 -0.6777 1.4524 0.0145 0.4085 0.2307 0.8830
1341847991.5467 -2.1012 -0.6802 1.4566 0.0151 0.4101 0.2338 0.8814
1341847991.5788 -2.1068 -0.6830 1.4597 0.0156 0.4114 0.2387 0.8795
1341847991.6149 -2.1093 -0.6875 1.4648 0.0159 0.4135 0.2435 0.8772
1341847991.6467 -2.1105 -0.6921 1.4680 0.0169 0.4170 0.2476 0.8744
1341847991.6899 -2.1125 -0.6972 1.4708 0.0170 0.4222 0.2499 0.8712
1341847991.7468 -2.1252 -0.7028 1.4736 0.0192 0.4294 0.2543 0.8664
1341847991.7827 -2.1276 -0.7078 1.4771 0.0180 0.4321 0.2572 0.8642
1341847991.8147 -2.1265 -0.7151 1.4826 0.0160 0.4359 0.2579 0.8621
1341847991.8467 -2.1297 -0.7206 1.4853 0.0161 0.4404 0.2563 0.8603
1341847991.8828 -2.1387 -0.7222 1.4854 0.0167 0.4442 0.2567 0.8582
1341847991.9158 -2.1419 -0.7271 1.4912 0.0172 0.4461 0.2592 0.8564
1341847991.9508 -2.1455 -0.7341 1.4959 0.0166 0.4481 0.2592 0.8554
1341847991.9828 -2.1486 -0.7392 1.5001 0.0152 0.4512 0.2577 0.8543
1341847992.0147 -2.1535 -0.7437 1.5053 0.0144 0.4553 0.2569 0.8524
1341847992.0506 -2.1627 -0.7458 1.5093 0.0148 0.4578 0.2567 0.8511
1341847992.0828 -2.1661 -0.7520 1.5170 0.0132 0.4592 0.2569 0.8503
1341847992.1148 -2.1723 -0.7562 1.5218 0.0127 0.4614 0.2564 0.8492
1341847992.1508 -2.1788 -0.7605 1.5284 0.0128 0.4642 0.2567 0.8476
1341847992.1828 -2.1881 -0.7637 1.5346 0.0135 0.4658 0.2574 0.8465
1341847992.2187 -2.1924 -0.7688 1.5418 0.0134 0.4673 0.2587 0.8453
1341847992.2507 -2.1989 -0.7743 1.5477 0.0129 0.4706 0.2585 0.8435
1341847992.3187 -2.2146 -0.7826 1.5609 0.0140 0.4777 0.2598 0.8391
1341847992.3507 -2.2246 -0.7860 1.5660 0.0147 0.4802 0.2614 0.8372
1341847992.3829 -2.2318 -0.7903 1.5729 0.0153 0.4825 0.2640 0.8350
1341847992.4189 -2.2384 -0.7955 1.5794 0.0169 0.4850 0.2670 0.8326
1341847992.4508 -2.2498 -0.7995 1.5839 0.0179 0.4874 0.2691 0.8305
1341847992.4867 -2.2581 -0.8037 1.5903 0.0186 0.4893 0.2726 0.8282
1341847992.5187 -2.2649 -0.8104 1.5981 0.0190 0.4913 0.2746 0.8264
1341847992.5506 -2.2757 -0.8145 1.6038 0.0197 0.4932 0.2750 0.8251
1341847992.5867 -2.2866 -0.8186 1.6102 0.0188 0.4948 0.2760 0.8238
1341847992.6188 -2.2949 -0.8229 1.6176 0.0180 0.4962 0.2772 0.8226
1341847992.6547 -2.3049 -0.8267 1.6245 0.0178 0.4973 0.2792 0.8213
1341847992.6868 -2.3104 -0.8320 1.6333 0.0167 0.4984 0.2798 0.8204
1341847992.7187 -2.3167 -0.8368 1.6401 0.0170 0.5004 0.2793 0.8194
1341847992.7548 -2.3290 -0.8391 1.6458 0.0185 0.5020 0.2803 0.8180
1341847992.7866 -2.3358 -0.8438 1.6535 0.0184 0.5022 0.2816 0.8174
1341847992.8187 -2.3418 -0.8477 1.6588 0.0172 0.5030 0.2807 0.8172
1341847992.8549 -2.3500 -0.8504 1.6643 0.0155 0.5050 0.2806 0.8161
1341847992.8866 -2.3559 -0.8539 1.6715 0.0134 0.5065 0.2818 0.8148
1341847992.9227 -2.3593 -0.8584 1.6796 0.0127 0.5074 0.2830 0.8138
1341847992.9546 -2.3639 -0.8621 1.6846 0.0116 0.5085 0.2833 0.8130
1341847992.9867 -2.3659 -0.8658 1.6929 0.0119 0.5105 0.2844 0.8114
1341847993.0227 -2.3748 -0.8691 1.6986 0.0127 0.5117 0.2851 0.8104
1341847993.0548 -2.3779 -0.8732 1.7062 0.0116 0.5125 0.2861 0.8095
1341847993.0868 -2.3829 -0.8774 1.7141 0.0102 0.5141 0.2860 0.8086
1341847993.1227 -2.3875 -0.8804 1.7212 0.0083 0.5156 0.2859 0.8077
1341847993.1547 -2.3889 -0.8842 1.7296 0.0063 0.5174 0.2859 0.8066
1341847993.1908 -2.3897 -0.8882 1.7380 0.0060 0.5200 0.2862 0.8048
1341847993.2227 -2.3941 -0.8926 1.7454 0.0086 0.5224 0.2876 0.8027
1341847993.2618 -2.3997 -0.8968 1.7529 0.0116 0.5233 0.2897 0.8013
1341847993.3228 -2.4037 -0.9083 1.7686 0.0150 0.5264 0.2920 0.7984
1341847993.3547 -2.4103 -0.9131 1.7772 0.0155 0.5289 0.2928 0.7964
1341847993.3907 -2.4107 -0.9177 1.7864 0.0149 0.5312 0.2933 0.7947
1341847993.4227 -2.4133 -0.9224 1.7959 0.0142 0.5342 0.2937 0.7926
1341847993.4588 -2.4149 -0.9272 1.8060 0.0151 0.5369 0.2949 0.7902
1341847993.4907 -2.4199 -0.9315 1.8157 0.0170 0.5389 0.2969 0.7881
1341847993.5227 -2.4256 -0.9356 1.8244 0.0189 0.5397 0.3000 0.7864
1341847993.5587 -2.4302 -0.9401 1.8350 0.0193 0.5402 0.3042 0.7844
1341847993.5910 -2.4332 -0.9457 1.8455 0.0184 0.5402 0.3070 0.7833
1341847993.6268 -2.4369 -0.9501 1.8548 0.0169 0.5403 0.3089 0.7826
1341847993.6589 -2.4435 -0.9542 1.8633 0.0142 0.5404 0.3110 0.7817
1341847993.6907 -2.4432 -0.9590 1.8750 0.0098 0.5401 0.3136 0.7810
1341847993.7271 -2.4368 -0.9658 1.8859 0.0059 0.5413 0.3136 0.7801
1341847993.7909 -2.4423 -0.9751 1.9049 0.0025 0.5479 0.3119 0.7762
1341847993.8267 -2.4448 -0.9809 1.9143 0.0023 0.5481 0.3132 0.7756
1341847993.8589 -2.4470 -0.9866 1.9213 0.0009 0.5482 0.3134 0.7754
1341847993.9017 -2.4461 -0.9916 1.9302 -0.0018 0.5497 0.3133 0.7744
1341847993.9337 -2.4464 -0.9987 1.9388 -0.0015 0.5512 0.3136 0.7732
1341847993.9658 -2.4521 -1.0045 1.9435 -0.0028 0.5519 0.3128 0.7730
1341847994.0020 -2.4471 -1.0102 1.9507 -0.0061 0.5547 0.3125 0.7711
1341847994.0340 -2.4445 -1.0181 1.9591 -0.0051 0.5584 0.3120 0.7687
1341847994.0657 -2.4544 -1.0241 1.9626 -0.0030 0.5602 0.3117 0.7675
1341847994.1018 -2.4525 -1.0290 1.9698 -0.0031 0.5620 0.3127 0.7657
1341847994.1339 -2.4507 -1.0355 1.9778 -0.0015 0.5647 0.3122 0.7639
1341847994.1697 -2.4584 -1.0412 1.9824 0.0011 0.5672 0.3116 0.7623
1341847994.2017 -2.4621 -1.0456 1.9881 0.0028 0.5688 0.3138 0.7602
1341847994.2336 -2.4598 -1.0528 1.9966 0.0069 0.5706 0.3163 0.7578
1341847994.2697 -2.4686 -1.0589 2.0014 0.0100 0.5729 0.3154 0.7564
1341847994.3018 -2.4736 -1.0645 2.0076 0.0095 0.5750 0.3158 0.7547
1341847994.3338 -2.4726 -1.0716 2.0169 0.0112 0.5778 0.3164 0.7523
1341847994.3697 -2.4815 -1.0785 2.0246 0.0136 0.5804 0.3154 0.7507
1341847994.4017 -2.4864 -1.0845 2.0332 0.0153 0.5822 0.3160 0.7490
1341847994.4338 -2.4905 -1.0925 2.0427 0.0182 0.5837 0.3179 0.7469
1341847994.4697 -2.4982 -1.0992 2.0528 0.0208 0.5849 0.3185 0.7456
1341847994.5017 -2.5040 -1.1051 2.0631 0.0218 0.5862 0.3198 0.7441
1341847994.5377 -2.5076 -1.1119 2.0732 0.0234 0.5877 0.3214 0.7422
1341847994.5697 -2.5171 -1.1170 2.0823 0.0253 0.5889 0.3227 0.7405
1341847994.6017 -2.5232 -1.1218 2.0920 0.0244 0.5901 0.3252 0.7385
1341847994.6378 -2.5246 -1.1275 2.1031 0.0235 0.5915 0.3274 0.7365
1341847994.6697 -2.5306 -1.1336 2.1133 0.0240 0.5926 0.3285 0.7351
1341847994.7016 -2.5379 -1.1384 2.1219 0.0221 0.5934 0.3300 0.7338
1341847994.7698 -2.5390 -1.1496 2.1414 0.0206 0.5976 0.3316 0.7297
1341847994.8313 -2.5588 -1.1591 2.1578 0.0149 0.6015 0.3370 0.7242
1341847994.8668 -2.5560 -1.1645 2.1694 0.0126 0.6015 0.3407 0.7225
1341847994.8987 -2.5607 -1.1683 2.1767 0.0122 0.6015 0.3426 0.7216
1341847994.9307 -2.5637 -1.1715 2.1834 0.0091 0.6026 0.3430 0.7205
1341847994.9667 -2.5603 -1.1747 2.1923 0.0072 0.6048 0.3442 0.7181
1341847994.9987 -2.5645 -1.1794 2.1994 0.0087 0.6073 0.3455 0.7154
1341847995.0308 -2.5691 -1.1819 2.2062 0.0088 0.6096 0.3481 0.7121
1341847995.0667 -2.5638 -1.1862 2.2147 0.0090 0.6121 0.3503 0.7089
1341847995.0987 -2.5672 -1.1912 2.2206 0.0111 0.6155 0.3508 0.7056
1341847995.1349 -2.5731 -1.1949 2.2268 0.0112 0.6189 0.3516 0.7023
1341847995.1666 -2.5692 -1.2001 2.2349 0.0118 0.6215 0.3531 0.6992
1341847995.1988 -2.5727 -1.2048 2.2409 0.0136 0.6241 0.3527 0.6970
1341847995.2347 -2.5776 -1.2093 2.2475 0.0137 0.6264 0.3532 0.6947
1341847995.2668 -2.5748 -1.2139 2.2556 0.0139 0.6280 0.3544 0.6927
1341847995.2988 -2.5748 -1.2201 2.2614 0.0165 0.6303 0.3553 0.6901
1341847995.3347 -2.5841 -1.2242 2.2676 0.0169 0.6320 0.3552 0.6885
1341847995.3667 -2.5796 -1.2280 2.2752 0.0152 0.6336 0.3563 0.6866
1341847995.4028 -2.5813 -1.2338 2.2833 0.0150 0.6355 0.3557 0.6851
1341847995.4347 -2.5838 -1.2374 2.2918 0.0142 0.6365 0.3561 0.6840
1341847995.4668 -2.5803 -1.2412 2.3002 0.0133 0.6380 0.3564 0.6825
1341847995.5027 -2.5792 -1.2469 2.3097 0.0145 0.6394 0.3565 0.6810
1341847995.5348 -2.5831 -1.2522 2.3180 0.0176 0.6387 0.3582 0.6807
1341847995.5667 -2.5861 -1.2556 2.3253 0.0209 0.6374 0.3628 0.6795
1341847995.6027 -2.5865 -1.2585 2.3353 0.0224 0.6360 0.3672 0.6784
1341847995.6348 -2.5845 -1.2609 2.3418 0.0217 0.6350 0.3700 0.6778
1341847995.6708 -2.5837 -1.2637 2.3488 0.0197 0.6354 0.3720 0.6763
1341847995.7028 -2.5806 -1.2662 2.3558 0.0176 0.6362 0.3753 0.6739
1341847995.7348 -2.5736 -1.2697 2.3628 0.0169 0.6362 0.3779 0.6724
1341847995.7707 -2.5749 -1.2727 2.3679 0.0175 0.6364 0.3788 0.6717
1341847995.8028 -2.5733 -1.2746 2.3739 0.0170 0.6373 0.3803 0.6700
1341847995.8388 -2.5695 -1.2784 2.3805 0.0169 0.6382 0.3809 0.6688
1341847995.8706 -2.5723 -1.2815 2.3853 0.0176 0.6391 0.3804 0.6682
1341847995.9028 -2.5756 -1.2827 2.3908 0.0157 0.6406 0.3801 0.6670
1341847995.9387 -2.5682 -1.2852 2.3943 0.0146 0.6418 0.3814 0.6651
1341847995.9707 -2.5711 -1.2899 2.3967 0.0161 0.6439 0.3816 0.6630
1341847996.0027 -2.5744 -1.2919 2.4007 0.0144 0.6461 0.3812 0.6611
1341847996.0388 -2.5674 -1.2944 2.4021 0.0136 0.6477 0.3822 0.6590
1341847996.0707 -2.5668 -1.2981 2.4056 0.0158 0.6499 0.3819 0.6569
1341847996.1067 -2.5724 -1.3004 2.4092 0.0164 0.6519 0.3807 0.6556
1341847996.1388 -2.5686 -1.3019 2.4095 0.0159 0.6537 0.3811 0.6536
1341847996.1707 -2.5665 -1.3054 2.4127 0.0178 0.6570 0.3807 0.6505
1341847996.2066 -2.5738 -1.3082 2.4176 0.0179 0.6601 0.3781 0.6488
1341847996.2390 -2.5759 -1.3092 2.4199 0.0169 0.6618 0.3784 0.6470
1341847996.2708 -2.5751 -1.3119 2.4243 0.0175 0.6632 0.3804 0.6443
1341847996.3389 -2.5789 -1.3158 2.4313 0.0185 0.6656 0.3820 0.6408
1341847996.3747 -2.5788 -1.3176 2.4342 0.0177 0.6675 0.3828 0.6385
1341847996.4067 -2.5785 -1.3210 2.4375 0.0190 0.6694 0.3843 0.6355
1341847996.4386 -2.5839 -1.3239 2.4423 0.0201 0.6713 0.3852 0.6329
1341847996.4748 -2.5821 -1.3269 2.4473 0.0200 0.6727 0.3868 0.6304
1341847996.5067 -2.5808 -1.3313 2.4511 0.0223 0.6740 0.3877 0.6284
1341847996.5388 -2.5886 -1.3343 2.4583 0.0243 0.6761 0.3873 0.6263
1341847996.5748 -2.5928 -1.3364 2.4659 0.0230 0.6769 0.3884 0.6249
1341847996.6071 -2.5903 -1.3401 2.4709 0.0230 0.6775 0.3900 0.6232
1341847996.6428 -2.6000 -1.3413 2.4797 0.0231 0.6784 0.3909 0.6217
1341847996.6748 -2.5992 -1.3423 2.4869 0.0196 0.6781 0.3932 0.6206
1341847996.7069 -2.5983 -1.3438 2.4900 0.0180 0.6798 0.3943 0.6181
1341847996.7427 -2.6056 -1.3443 2.5000 0.0139 0.6835 0.3937 0.6145
1341847996.7747 -2.6024 -1.3471 2.5071 0.0093 0.6852 0.3954 0.6115
1341847996.8068 -2.6017 -1.3517 2.5142 0.0095 0.6870 0.3980 0.6079
1341847996.8428 -2.6066 -1.3559 2.5224 0.0098 0.6882 0.3999 0.6052
1341847996.8748 -2.6051 -1.3599 2.5310 0.0098 0.6885 0.4020 0.6035
1341847996.9108 -2.6065 -1.3666 2.5382 0.0119 0.6889 0.4031 0.6023
1341847996.9427 -2.6116 -1.3720 2.5484 0.0144 0.6892 0.4044 0.6010
1341847996.9748 -2.6105 -1.3770 2.5558 0.0162 0.6895 0.4048 0.6004
1341847997.0107 -2.6173 -1.3840 2.5667 0.0184 0.6909 0.4039 0.5993
1341847997.0427 -2.6207 -1.3890 2.5773 0.0191 0.6913 0.4038 0.5988
1341847997.0787 -2.6227 -1.3963 2.5866 0.0204 0.6917 0.4039 0.5983
1341847997.1430 -2.6288 -1.4068 2.6090 0.0191 0.6929 0.4016 0.5985
1341847997.1788 -2.6294 -1.4127 2.6178 0.0194 0.6931 0.4002 0.5992
1341847997.2109 -2.6360 -1.4181 2.6294 0.0190 0.6935 0.3988 0.5997
1341847997.2430 -2.6371 -1.4224 2.6385 0.0177 0.6935 0.3989 0.5997
1341847997.2788 -2.6374 -1.4273 2.6473 0.0172 0.6934 0.3999 0.5991
1341847997.3114 -2.6382 -1.4318 2.6555 0.0161 0.6936 0.4000 0.5989
1341847997.3466 -2.6346 -1.4361 2.6600 0.0153 0.6946 0.4002 0.5976
1341847997.3787 -2.6362 -1.4423 2.6682 0.0153 0.6971 0.3994 0.5953
1341847997.4108 -2.6336 -1.4476 2.6757 0.0148 0.6989 0.3995 0.5931
1341847997.4467 -2.6260 -1.4536 2.6808 0.0157 0.7009 0.3987 0.5912
1341847997.4788 -2.6345 -1.4609 2.6878 0.0169 0.7042 0.3967 0.5886
1341847997.5109 -2.6310 -1.4659 2.6958 0.0160 0.7066 0.3972 0.5854
1341847997.5466 -2.6242 -1.4716 2.7029 0.0157 0.7085 0.3971 0.5832
1341847997.5787 -2.6233 -1.4778 2.7107 0.0154 0.7109 0.3955 0.5813
1341847997.6147 -2.6211 -1.4831 2.7183 0.0141 0.7137 0.3942 0.5788
1341847997.6470 -2.6126 -1.4908 2.7258 0.0135 0.7159 0.3938 0.5764
1341847997.6788 -2.6088 -1.4999 2.7358 0.0155 0.7173 0.3929 0.5752
1341847997.7146 -2.6072 -1.5047 2.7447 0.0168 0.7185 0.3914 0.5747
1341847997.7466 -2.6008 -1.5113 2.7526 0.0173 0.7208 0.3902 0.5727
1341847997.7787 -2.5968 -1.5197 2.7642 0.0183 0.7236 0.3883 0.5703
1341847997.8469 -2.5910 -1.5343 2.7843 0.0220 0.7258 0.3887 0.5671
1341847997.8826 -2.5893 -1.5406 2.7959 0.0236 0.7269 0.3907 0.5643
1341847997.9152 -2.5822 -1.5475 2.8047 0.0248 0.7271 0.3933 0.5622
1341847997.9470 -2.5778 -1.5540 2.8149 0.0270 0.7273 0.3957 0.5600
1341847997.9827 -2.5713 -1.5604 2.8239 0.0281 0.7271 0.3979 0.5587
1341847998.0149 -2.5658 -1.5673 2.8322 0.0293 0.7275 0.3988 0.5575
1341847998.0508 -2.5609 -1.5736 2.8423 0.0306 0.7280 0.3997 0.5561
1341847998.0826 -2.5559 -1.5811 2.8541 0.0324 0.7272 0.4013 0.5559
1341847998.1223 -2.5544 -1.5873 2.8635 0.0339 0.7252 0.4032 0.5570
1341847998.1541 -2.5518 -1.5915 2.8728 0.0335 0.7246 0.4042 0.5573
1341847998.1857 -2.5446 -1.5976 2.8812 0.0313 0.7240 0.4040 0.5583
1341847998.2538 -2.5369 -1.6091 2.8977 0.0284 0.7236 0.4034 0.5594
1341847998.3188 -2.5274 -1.6224 2.9142 0.0278 0.7225 0.4018 0.5620
1341847998.3512 -2.5238 -1.6263 2.9251 0.0268 0.7216 0.4021 0.5630
1341847998.3827 -2.5175 -1.6322 2.9339 0.0257 0.7199 0.4022 0.5651
1341847998.4192 -2.5167 -1.6355 2.9444 0.0238 0.7198 0.4000 0.5668
1341847998.4508 -2.5118 -1.6413 2.9563 0.0203 0.7195 0.3993 0.5679
1341847998.4840 -2.5064 -1.6475 2.9651 0.0188 0.7177 0.3999 0.5697
1341847998.5187 -2.5047 -1.6517 2.9770 0.0169 0.7170 0.3991 0.5713
1341847998.5507 -2.4985 -1.6566 2.9864 0.0137 0.7163 0.3985 0.5726
1341847998.5867 -2.4955 -1.6625 2.9976 0.0123 0.7162 0.3981 0.5730
1341847998.6188 -2.4931 -1.6689 3.0097 0.0111 0.7158 0.3980 0.5736
1341847998.6507 -2.4941 -1.6725 3.0214 0.0088 0.7160 0.3975 0.5739
1341847998.6869 -2.4869 -1.6773 3.0317 0.0063 0.7162 0.3986 0.5728
1341847998.7187 -2.4818 -1.6840 3.0420 0.0076 0.7162 0.3997 0.5720
1341847998.7508 -2.4844 -1.6894 3.0560 0.0081 0.7162 0.3997 0.5721
1341847998.7868 -2.4810 -1.6931 3.0655 0.0079 0.7155 0.4015 0.5716
1341847998.8188 -2.4804 -1.6977 3.0761 0.0084 0.7170 0.4016 0.5698
1341847998.8547 -2.4795 -1.7034 3.0901 0.0065 0.7185 0.4010 0.5682
1341847998.8867 -2.4765 -1.7098 3.1008 0.0059 0.7183 0.4025 0.5674
1341847998.9187 -2.4759 -1.7145 3.1150 0.0074 0.7175 0.4055 0.5664
1341847998.9548 -2.4757 -1.7177 3.1276 0.0070 0.7165 0.4083 0.5656
1341847998.9867 -2.4698 -1.7224 3.1375 0.0059 0.7151 0.4107 0.5656
1341847999.0188 -2.4690 -1.7248 3.1462 0.0063 0.7145 0.4121 0.5654
1341847999.0549 -2.4677 -1.7294 3.1602 0.0055 0.7154 0.4132 0.5634
1341847999.0868 -2.4659 -1.7341 3.1720 0.0034 0.7142 0.4150 0.5637
1341847999.1227 -2.4627 -1.7371 3.1791 0.0027 0.7133 0.4167 0.5635
1341847999.1549 -2.4625 -1.7387 3.1882 0.0019 0.7145 0.4172 0.5617
1341847999.1867 -2.4569 -1.7418 3.1954 0.0014 0.7164 0.4184 0.5583
1341847999.2227 -2.4513 -1.7458 3.2009 0.0015 0.7188 0.4177 0.5558
1341847999.2910 -2.4453 -1.7552 3.2156 0.0058 0.7261 0.4169 0.5467
1341847999.3227 -2.4404 -1.7639 3.2238 0.0104 0.7273 0.4197 0.5429
1341847999.3549 -2.4385 -1.7672 3.2297 0.0152 0.7278 0.4212 0.5410
1341847999.3908 -2.4399 -1.7715 3.2386 0.0178 0.7302 0.4213 0.5376
1341847999.4239 -2.4344 -1.7742 3.2418 0.0184 0.7326 0.4218 0.5339
1341847999.4549 -2.4298 -1.7787 3.2473 0.0192 0.7359 0.4210 0.5299
1341847999.4909 -2.4290 -1.7819 3.2516 0.0208 0.7395 0.4206 0.5252
1341847999.5227 -2.4232 -1.7857 3.2564 0.0236 0.7431 0.4244 0.5169
1341847999.5589 -2.4153 -1.7916 3.2633 0.0275 0.7454 0.4278 0.5106
1341847999.5907 -2.4132 -1.7937 3.2710 0.0295 0.7475 0.4284 0.5068
1341847999.6229 -2.4088 -1.7956 3.2764 0.0291 0.7503 0.4293 0.5020
1341847999.6588 -2.3951 -1.7981 3.2775 0.0298 0.7524 0.4313 0.4969
1341847999.6911 -2.3922 -1.8024 3.2868 0.0316 0.7554 0.4310 0.4926
1341847999.7227 -2.3840 -1.8035 3.2926 0.0308 0.7571 0.4320 0.4891
1341847999.7588 -2.3702 -1.8042 3.2924 0.0319 0.7587 0.4334 0.4853
1341847999.7910 -2.3634 -1.8068 3.2995 0.0340 0.7618 0.4330 0.4807
1341847999.8267 -2.3582 -1.8103 3.3063 0.0346 0.7637 0.4339 0.4768
1341847999.8588 -2.3502 -1.8112 3.3088 0.0363 0.7652 0.4375 0.4709
1341847999.8977 -2.3421 -1.8126 3.3152 0.0379 0.7667 0.4418 0.4642
1341847999.9588 -2.3267 -1.8120 3.3233 0.0385 0.7681 0.4503 0.4536
1341847999.9908 -2.3154 -1.8117 3.3264 0.0383 0.7685 0.4554 0.4478
1341848000.0267 -2.3050 -1.8112 3.3280 0.0387 0.7688 0.4589 0.4437
1341848000.0587 -2.3000 -1.8115 3.3337 0.0374 0.7698 0.4613 0.4396
1341848000.0948 -2.2917 -1.8110 3.3349 0.0353 0.7700 0.4655 0.4350
1341848000.1267 -2.2835 -1.8098 3.3367 0.0334 0.7711 0.4686 0.4297
1341848000.1586 -2.2761 -1.8093 3.3404 0.0301 0.7724 0.4712 0.4248
1341848000.1948 -2.2649 -1.8094 3.3396 0.0278 0.7725 0.4749 0.4207
1341848000.2271 -2.2585 -1.8093 3.3413 0.0272 0.7729 0.4776 0.4170
1341848000.2670 -2.2502 -1.8075 3.3416 0.0256 0.7729 0.4804 0.4139
1341848000.3271 -2.2368 -1.8074 3.3454 0.0245 0.7739 0.4850 0.4066
1341848000.3627 -2.2275 -1.8066 3.3474 0.0233 0.7731 0.4879 0.4047
1341848000.3947 -2.2186 -1.8033 3.3468 0.0234 0.7733 0.4896 0.4022
1341848000.4268 -2.2128 -1.8040 3.3496 0.0234 0.7740 0.4908 0.3993
1341848000.4627 -2.2049 -1.8017 3.3515 0.0222 0.7741 0.4922 0.3974
1341848000.4947 -2.1946 -1.7978 3.3489 0.0211 0.7750 0.4928 0.3951
1341848000.5308 -2.1860 -1.7991 3.3501 0.0211 0.7763 0.4931 0.3922
1341848000.5628 -2.1769 -1.7986 3.3504 0.0216 0.7768 0.4933 0.3908
1341848000.5948 -2.1681 -1.7967 3.3495 0.0224 0.7785 0.4930 0.3877
1341848000.6306 -2.1594 -1.7976 3.3504 0.0227 0.7805 0.4925 0.3845
1341848000.6627 -2.1500 -1.7977 3.3490 0.0235 0.7823 0.4918 0.3816
1341848000.6954 -2.1422 -1.7992 3.3531 0.0241 0.7852 0.4909 0.3768
1341848000.7308 -2.1319 -1.8006 3.3556 0.0248 0.7872 0.4908 0.3725
1341848000.7627 -2.1221 -1.8017 3.3560 0.0266 0.7889 0.4909 0.3687
1341848000.7987 -2.1130 -1.8045 3.3575 0.0293 0.7904 0.4914 0.3646
1341848000.8307 -2.1026 -1.8043 3.3585 0.0317 0.7916 0.4914 0.3618
1341848000.8628 -2.0935 -1.8072 3.3607 0.0329 0.7940 0.4903 0.3578
1341848000.8987 -2.0854 -1.8106 3.3635 0.0343 0.7956 0.4908 0.3536
1341848000.9307 -2.0755 -1.8127 3.3660 0.0365 0.7958 0.4921 0.3510
1341848000.9632 -2.0645 -1.8132 3.3681 0.0372 0.7966 0.4925 0.3487
1341848000.9988 -2.0537 -1.8140 3.3702 0.0369 0.7978 0.4919 0.3468
1341848001.0307 -2.0438 -1.8167 3.3728 0.0382 0.7986 0.4925 0.3439
1341848001.0670 -2.0331 -1.8188 3.3761 0.0399 0.7990 0.4935 0.3413
1341848001.0988 -2.0217 -1.8188 3.3775 0.0416 0.7992 0.4947 0.3389
1341848001.1307 -2.0107 -1.8179 3.3786 0.0429 0.8001 0.4951 0.3361
1341848001.2060 -1.9904 -1.8180 3.3848 0.0409 0.8029 0.4940 0.3312
1341848001.2668 -1.9703 -1.8140 3.3889 0.0342 0.8064 0.4920 0.3262
1341848001.2991 -1.9603 -1.8122 3.3914 0.0325 0.8084 0.4915 0.3222
1341848001.3348 -1.9498 -1.8102 3.3934 0.0310 0.8106 0.4915 0.3168
1341848001.3667 -1.9402 -1.8082 3.3953 0.0276 0.8130 0.4907 0.3122
1341848001.3993 -1.9316 -1.8051 3.3936 0.0252 0.8145 0.4909 0.3082
1341848001.4347 -1.9219 -1.8018 3.3926 0.0251 0.8165 0.4914 0.3020
1341848001.4667 -1.9137 -1.8017 3.3929 0.0230 0.8184 0.4920 0.2959
1341848001.5027 -1.9045 -1.7969 3.3936 0.0195 0.8204 0.4926 0.2899
1341848001.5349 -1.8921 -1.7910 3.3908 0.0182 0.8228 0.4923 0.2834
1341848001.5670 -1.8851 -1.7906 3.3892 0.0176 0.8261 0.4909 0.2761
1341848001.6029 -1.8806 -1.7906 3.3897 0.0152 0.8283 0.4916 0.2684
1341848001.6347 -1.8699 -1.7827 3.3863 0.0149 0.8302 0.4921 0.2616
1341848001.6666 -1.8607 -1.7810 3.3835 0.0155 0.8325 0.4910 0.2563
1341848001.7349 -1.8441 -1.7764 3.3800 0.0137 0.8352 0.4912 0.2468
1341848001.7707 -1.8326 -1.7734 3.3765 0.0154 0.8376 0.4898 0.2415
1341848001.8028 -1.8284 -1.7761 3.3765 0.0163 0.8391 0.4895 0.2368
1341848001.8348 -1.8201 -1.7740 3.3748 0.0150 0.8396 0.4917 0.2304
1341848001.8707 -1.8060 -1.7684 3.3701 0.0161 0.8408 0.4922 0.2248
1341848001.9027 -1.8007 -1.7733 3.3702 0.0140 0.8421 0.4917 0.2214
1341848001.9347 -1.7931 -1.7688 3.3689 0.0152 0.8419 0.4943 0.2157
1341848001.9707 -1.7795 -1.7654 3.3639 0.0184 0.8423 0.4955 0.2113
1341848002.0027 -1.7738 -1.7687 3.3617 0.0206 0.8428 0.4962 0.2073
1341848002.0389 -1.7646 -1.7656 3.3594 0.0222 0.8429 0.4979 0.2028
1341848002.0708 -1.7544 -1.7631 3.3538 0.0239 0.8436 0.4986 0.1978
1341848002.1027 -1.7451 -1.7612 3.3541 0.0259 0.8447 0.4982 0.1939
1341848002.1387 -1.7370 -1.7623 3.3488 0.0248 0.8445 0.4991 0.1924
1341848002.1718 -1.7287 -1.7584 3.3463 0.0249 0.8451 0.5001 0.1874
1341848002.2027 -1.7180 -1.7553 3.3453 0.0263 0.8459 0.5006 0.1824
1341848002.2387 -1.7090 -1.7533 3.3422 0.0260 0.8462 0.5010 0.1797
1341848002.2708 -1.6998 -1.7517 3.3408 0.0226 0.8466 0.5018 0.1756
1341848002.3067 -1.6912 -1.7478 3.3405 0.0204 0.8468 0.5028 0.1724
1341848002.3389 -1.6840 -1.7435 3.3386 0.0194 0.8468 0.5042 0.1685
1341848002.3708 -1.6771 -1.7404 3.3374 0.0181 0.8465 0.5065 0.1630
1341848002.4068 -1.6688 -1.7336 3.3368 0.0198 0.8464 0.5077 0.1596
1341848002.4388 -1.6611 -1.7329 3.3334 0.0185 0.8470 0.5076 0.1569
1341848002.4747 -1.6559 -1.7307 3.3353 0.0172 0.8467 0.5091 0.1537
1341848002.5068 -1.6451 -1.7221 3.3320 0.0174 0.8462 0.5108 0.1509
1341848002.5388 -1.6398 -1.7219 3.3302 0.0161 0.8461 0.5119 0.1479
1341848002.5747 -1.6332 -1.7193 3.3322 0.0135 0.8453 0.5141 0.1448
1341848002.6068 -1.6254 -1.7107 3.3298 0.0130 0.8446 0.5156 0.1436
1341848002.6394 -1.6166 -1.7081 3.3287 0.0096 0.8446 0.5161 0.1419
1341848002.6747 -1.6103 -1.7065 3.3315 0.0070 0.8436 0.5182 0.1403
1341848002.7138 -1.6005 -1.6962 3.3306 0.0073 0.8426 0.5200 0.1399
1341848002.7748 -1.5865 -1.6922 3.3309 0.0035 0.8403 0.5243 0.1380
1341848002.8068 -1.5769 -1.6819 3.3291 0.0055 0.8400 0.5251 0.1364
1341848002.8428 -1.5679 -1.6798 3.3304 0.0074 0.8408 0.5237 0.1367
1341848002.8752 -1.5603 -1.6774 3.3308 0.0086 0.8412 0.5227 0.1381
1341848002.9067 -1.5509 -1.6739 3.3304 0.0099 0.8417 0.5218 0.1387
1341848002.9433 -1.5430 -1.6751 3.3338 0.0112 0.8422 0.5196 0.1431
1341848002.9746 -1.5328 -1.6734 3.3334 0.0104 0.8419 0.5189 0.1476
1341848003.0109 -1.5218 -1.6681 3.3293 0.0095 0.8420 0.5184 0.1491
1341848003.0426 -1.5135 -1.6676 3.3305 0.0108 0.8437 0.5153 0.1501
1341848003.0750 -1.5072 -1.6706 3.3342 0.0099 0.8440 0.5139 0.1531
1341848003.1106 -1.4972 -1.6656 3.3331 0.0088 0.8434 0.5144 0.1548
1341848003.1426 -1.4880 -1.6638 3.3312 0.0065 0.8441 0.5131 0.1554
1341848003.2429 -1.4643 -1.6614 3.3340 -0.0016 0.8456 0.5108 0.1549
1341848003.2789 -1.4544 -1.6573 3.3338 -0.0036 0.8457 0.5100 0.1572
1341848003.3107 -1.4462 -1.6545 3.3336 -0.0064 0.8460 0.5092 0.1583
1341848003.3427 -1.4359 -1.6506 3.3334 -0.0091 0.8465 0.5076 0.1602
1341848003.3790 -1.4270 -1.6494 3.3337 -0.0119 0.8474 0.5050 0.1637
1341848003.4108 -1.4190 -1.6499 3.3376 -0.0139 0.8475 0.5031 0.1684
1341848003.4427 -1.4093 -1.6455 3.3376 -0.0135 0.8469 0.5025 0.1733
1341848003.4787 -1.4069 -1.6474 3.3407 -0.0113 0.8462 0.5010 0.1813
1341848003.5107 -1.4010 -1.6433 3.3401 -0.0130 0.8443 0.4998 0.1926
1341848003.5469 -1.3880 -1.6391 3.3399 -0.0143 0.8438 0.4997 0.1951
1341848003.5787 -1.3792 -1.6364 3.3386 -0.0124 0.8432 0.4991 0.1995
1341848003.6179 -1.3709 -1.6354 3.3382 -0.0115 0.8423 0.4977 0.2069
1341848003.6500 -1.3625 -1.6323 3.3380 -0.0114 0.8415 0.4964 0.2129
1341848003.6858 -1.3528 -1.6296 3.3348 -0.0124 0.8411 0.4949 0.2177
1341848003.7179 -1.3458 -1.6284 3.3341 -0.0145 0.8410 0.4923 0.2238
1341848003.7538 -1.3410 -1.6259 3.3346 -0.0160 0.8402 0.4908 0.2299
1341848003.7858 -1.3338 -1.6213 3.3305 -0.0146 0.8388 0.4906 0.2355
1341848003.8179 -1.3267 -1.6194 3.3306 -0.0148 0.8379 0.4895 0.2408
1341848003.8540 -1.3195 -1.6117 3.3259 -0.0157 0.8367 0.4894 0.2453
1341848003.8858 -1.3126 -1.6077 3.3223 -0.0173 0.8365 0.4883 0.2481
1341848003.9217 -1.3044 -1.6059 3.3190 -0.0174 0.8352 0.4879 0.2532
1341848003.9538 -1.2995 -1.5985 3.3174 -0.0167 0.8343 0.4867 0.2585
1341848003.9858 -1.2909 -1.5937 3.3107 -0.0167 0.8327 0.4883 0.2605
1341848004.0216 -1.2825 -1.5890 3.3051 -0.0150 0.8320 0.4872 0.2650
1341848004.0538 -1.2765 -1.5839 3.3060 -0.0158 0.8322 0.4851 0.2679
1341848004.0897 -1.2666 -1.5800 3.2978 -0.0153 0.8300 0.4881 0.2696
1341848004.1217 -1.2613 -1.5731 3.2916 -0.0137 0.8289 0.4865 0.2759
1341848004.1537 -1.2526 -1.5691 3.2894 -0.0136 0.8281 0.4859 0.2793
1341848004.1898 -1.2457 -1.5637 3.2852 -0.0113 0.8265 0.4861 0.2838
1341848004.2218 -1.2389 -1.5576 3.2815 -0.0118 0.8247 0.4857 0.2893
1341848004.2578 -1.2308 -1.5513 3.2775 -0.0138 0.8235 0.4847 0.2945
1341848004.2898 -1.2210 -1.5500 3.2766 -0.0152 0.8223 0.4844 0.2981
1341848004.3218 -1.2126 -1.5460 3.2748 -0.0164 0.8197 0.4843 0.3054
1341848004.3579 -1.2043 -1.5399 3.2736 -0.0176 0.8179 0.4831 0.3121
1341848004.3898 -1.1965 -1.5341 3.2732 -0.0207 0.8161 0.4819 0.3183
1341848004.4219 -1.1868 -1.5299 3.2709 -0.0235 0.8138 0.4818 0.3242
1341848004.4578 -1.1808 -1.5241 3.2715 -0.0255 0.8120 0.4798 0.3314
1341848004.4898 -1.1727 -1.5199 3.2714 -0.0282 0.8097 0.4798 0.3367
1341848004.5257 -1.1649 -1.5166 3.2724 -0.0299 0.8074 0.4803 0.3413
1341848004.5578 -1.1577 -1.5126 3.2723 -0.0299 0.8045 0.4818 0.3462
1341848004.5898 -1.1517 -1.5075 3.2730 -0.0317 0.8019 0.4833 0.3497
1341848004.6258 -1.1445 -1.5024 3.2697 -0.0331 0.7989 0.4848 0.3546
1341848004.6579 -1.1399 -1.4983 3.2738 -0.0352 0.7977 0.4837 0.3584
1341848004.6899 -1.1324 -1.4961 3.2746 -0.0377 0.7946 0.4870 0.3605
1341848004.7258 -1.1266 -1.4910 3.2710 -0.0374 0.7912 0.4889 0.3655
1341848004.7577 -1.1233 -1.4871 3.2730 -0.0393 0.7900 0.4874 0.3700
1341848004.7897 -1.1175 -1.4848 3.2747 -0.0422 0.7880 0.4887 0.3721
1341848004.8258 -1.1113 -1.4828 3.2733 -0.0414 0.7855 0.4904 0.3751
1341848004.8577 -1.1090 -1.4796 3.2763 -0.0420 0.7843 0.4894 0.3789
1341848004.8898 -1.1050 -1.4756 3.2738 -0.0420 0.7817 0.4911 0.3820
1341848004.9258 -1.1006 -1.4757 3.2759 -0.0430 0.7805 0.4912 0.3843
1341848004.9578 -1.0974 -1.4744 3.2765 -0.0429 0.7786 0.4916 0.3875
1341848004.9938 -1.0961 -1.4718 3.2763 -0.0421 0.7764 0.4920 0.3915
1341848005.0257 -1.0932 -1.4699 3.2759 -0.0432 0.7747 0.4920 0.3948
1341848005.0577 -1.0893 -1.4693 3.2758 -0.0450 0.7735 0.4906 0.3987
1341848005.0939 -1.0886 -1.4682 3.2809 -0.0453 0.7738 0.4883 0.4009
1341848005.1257 -1.0832 -1.4690 3.2821 -0.0466 0.7716 0.4899 0.4030
1341848005.1577 -1.0798 -1.4701 3.2821 -0.0442 0.7697 0.4902 0.4067
1341848005.1937 -1.0801 -1.4669 3.2823 -0.0428 0.7680 0.4888 0.4115
1341848005.2257 -1.0779 -1.4647 3.2834 -0.0433 0.7672 0.4877 0.4144
1341848005.2577 -1.0719 -1.4673 3.2855 -0.0451 0.7663 0.4869 0.4166
1341848005.2937 -1.0716 -1.4650 3.2877 -0.0442 0.7651 0.4845 0.4218
1341848005.3259 -1.0685 -1.4626 3.2898 -0.0452 0.7636 0.4843 0.4246
1341848005.3577 -1.0619 -1.4662 3.2910 -0.0462 0.7619 0.4847 0.4272
1341848005.3937 -1.0604 -1.4666 3.2940 -0.0445 0.7605 0.4829 0.4318
1341848005.4257 -1.0606 -1.4623 3.2954 -0.0429 0.7586 0.4825 0.4357
1341848005.4618 -1.0536 -1.4638 3.2959 -0.0448 0.7568 0.4831 0.4380
1341848005.4937 -1.0523 -1.4638 3.3018 -0.0442 0.7562 0.4808 0.4416
1341848005.5258 -1.0498 -1.4618 3.2998 -0.0440 0.7531 0.4823 0.4453
1341848005.5618 -1.0446 -1.4636 3.3006 -0.0450 0.7514 0.4821 0.4482
1341848005.5937 -1.0421 -1.4630 3.3028 -0.0450 0.7502 0.4807 0.4518
1341848005.6298 -1.0389 -1.4635 3.3036 -0.0455 0.7486 0.4799 0.4553
1341848005.6618 -1.0348 -1.4636 3.3059 -0.0462 0.7476 0.4784 0.4583
1341848005.6938 -1.0298 -1.4663 3.3073 -0.0461 0.7462 0.4775 0.4615
1341848005.7297 -1.0285 -1.4667 3.3076 -0.0451 0.7450 0.4754 0.4658
1341848005.7617 -1.0240 -1.4675 3.3095 -0.0458 0.7446 0.4733 0.4685
1341848005.7979 -1.0185 -1.4708 3.3137 -0.0450 0.7441 0.4717 0.4710
1341848005.8299 -1.0185 -1.4702 3.3160 -0.0425 0.7425 0.4699 0.4755
1341848005.8617 -1.0155 -1.4709 3.3162 -0.0427 0.7407 0.4695 0.4787
1341848005.8978 -1.0111 -1.4736 3.3184 -0.0420 0.7401 0.4678 0.4814
1341848005.9297 -1.0099 -1.4740 3.3233 -0.0404 0.7395 0.4652 0.4849
1341848005.9657 -1.0073 -1.4738 3.3237 -0.0405 0.7377 0.4644 0.4884
1341848005.9978 -1.0023 -1.4773 3.3252 -0.0403 0.7368 0.4635 0.4906
1341848006.0298 -0.9992 -1.4802 3.3281 -0.0386 0.7360 0.4602 0.4949
1341848006.0658 -0.9990 -1.4782 3.3331 -0.0379 0.7358 0.4556 0.4995
1341848006.0979 -0.9940 -1.4823 3.3300 -0.0370 0.7344 0.4550 0.5022
1341848006.1337 -0.9938 -1.4858 3.3314 -0.0336 0.7351 0.4508 0.5053
1341848006.1658 -0.9916 -1.4870 3.3356 -0.0296 0.7352 0.4484 0.5075
1341848006.1976 -0.9902 -1.4884 3.3365 -0.0260 0.7339 0.4473 0.5105
1341848006.2338 -0.9854 -1.4895 3.3375 -0.0233 0.7328 0.4447 0.5145
1341848006.2658 -0.9848 -1.4899 3.3393 -0.0207 0.7324 0.4411 0.5183
1341848006.3018 -0.9813 -1.4919 3.3434 -0.0189 0.7317 0.4396 0.5205
1341848006.3337 -0.9778 -1.4940 3.3461 -0.0159 0.7297 0.4384 0.5244
1341848006.3660 -0.9784 -1.4912 3.3472 -0.0150 0.7279 0.4354 0.5295
1341848006.4018 -0.9728 -1.4931 3.3493 -0.0164 0.7273 0.4357 0.5301
1341848006.4337 -0.9688 -1.4976 3.3532 -0.0156 0.7266 0.4350 0.5316
1341848006.4697 -0.9674 -1.4966 3.3561 -0.0145 0.7249 0.4345 0.5343
1341848006.5017 -0.9629 -1.4988 3.3581 -0.0151 0.7236 0.4357 0.5351
1341848006.5337 -0.9577 -1.5019 3.3591 -0.0144 0.7223 0.4356 0.5370
1341848006.5697 -0.9567 -1.5030 3.3644 -0.0141 0.7226 0.4337 0.5380
1341848006.6018 -0.9521 -1.5054 3.3669 -0.0143 0.7218 0.4348 0.5383
1341848006.6378 -0.9476 -1.5114 3.3688 -0.0132 0.7213 0.4348 0.5390
1341848006.6701 -0.9472 -1.5106 3.3752 -0.0127 0.7219 0.4323 0.5402
1341848006.7018 -0.9411 -1.5138 3.3771 -0.0138 0.7215 0.4335 0.5397
1341848006.7378 -0.9372 -1.5201 3.3806 -0.0124 0.7219 0.4335 0.5392
1341848006.7697 -0.9340 -1.5225 3.3850 -0.0104 0.7219 0.4338 0.5391
1341848006.8019 -0.9314 -1.5274 3.3880 -0.0084 0.7219 0.4344 0.5386
1341848006.8376 -0.9276 -1.5307 3.3923 -0.0074 0.7226 0.4346 0.5376
1341848006.8707 -0.9238 -1.5360 3.3951 -0.0054 0.7231 0.4350 0.5366
1341848006.9018 -0.9216 -1.5392 3.3993 -0.0039 0.7243 0.4342 0.5356
1341848006.9377 -0.9185 -1.5449 3.4016 -0.0027 0.7257 0.4342 0.5338
1341848006.9697 -0.9174 -1.5496 3.4075 -0.0014 0.7283 0.4334 0.5308
1341848007.0058 -0.9144 -1.5555 3.4121 0.0008 0.7298 0.4349 0.5274
1341848007.0378 -0.9138 -1.5600 3.4174 0.0040 0.7314 0.4364 0.5240
1341848007.0697 -0.9131 -1.5635 3.4225 0.0047 0.7331 0.4381 0.5203
1341848007.1057 -0.9099 -1.5685 3.4262 0.0044 0.7347 0.4403 0.5160
1341848007.1379 -0.9086 -1.5756 3.4321 0.0049 0.7368 0.4411 0.5123
1341848007.1697 -0.9084 -1.5795 3.4395 0.0053 0.7387 0.4420 0.5089
1341848007.2057 -0.9062 -1.5844 3.4444 0.0053 0.7398 0.4445 0.5050
1341848007.2379 -0.9052 -1.5927 3.4518 0.0068 0.7413 0.4467 0.5009
1341848007.2989 -0.9018 -1.6027 3.4615 0.0096 0.7411 0.4521 0.4962
1341848007.3314 -0.9012 -1.6085 3.4675 0.0107 0.7429 0.4513 0.4942
1341848007.3667 -0.8988 -1.6144 3.4732 0.0098 0.7447 0.4498 0.4930
1341848007.3987 -0.8976 -1.6212 3.4812 0.0098 0.7464 0.4481 0.4918
1341848007.4348 -0.8948 -1.6296 3.4853 0.0114 0.7468 0.4482 0.4913
1341848007.4667 -0.8964 -1.6327 3.4936 0.0119 0.7484 0.4458 0.4909
1341848007.4988 -0.8943 -1.6370 3.4994 0.0113 0.7492 0.4476 0.4881
1341848007.5348 -0.8886 -1.6483 3.5046 0.0120 0.7493 0.4499 0.4857
1341848007.5667 -0.8887 -1.6514 3.5109 0.0135 0.7498 0.4494 0.4855
1341848007.5987 -0.8861 -1.6527 3.5132 0.0118 0.7509 0.4498 0.4834
1341848007.6348 -0.8809 -1.6633 3.5188 0.0103 0.7533 0.4507 0.4788
1341848007.6667 -0.8811 -1.6690 3.5280 0.0135 0.7545 0.4536 0.4742
1341848007.7028 -0.8772 -1.6716 3.5310 0.0154 0.7538 0.4602 0.4688
1341848007.7346 -0.8664 -1.6807 3.5255 0.0170 0.7535 0.4652 0.4643
1341848007.7669 -0.8674 -1.6850 3.5347 0.0187 0.7579 0.4613 0.4609
1341848007.8029 -0.8653 -1.6883 3.5439 0.0169 0.7603 0.4618 0.4564
1341848007.8350 -0.8582 -1.6958 3.5457 0.0179 0.7606 0.4661 0.4515
1341848007.8667 -0.8561 -1.6971 3.5511 0.0192 0.7627 0.4668 0.4473
1341848007.9028 -0.8540 -1.6975 3.5558 0.0166 0.7652 0.4683 0.4414
1341848007.9349 -0.8437 -1.7092 3.5583 0.0166 0.7665 0.4741 0.4329
1341848007.9707 -0.8393 -1.7190 3.5646 0.0211 0.7670 0.4761 0.4296
1341848008.0027 -0.8387 -1.7180 3.5709 0.0239 0.7683 0.4767 0.4265
1341848008.0348 -0.8325 -1.7206 3.5755 0.0234 0.7697 0.4796 0.4207
1341848008.0708 -0.8265 -1.7286 3.5820 0.0231 0.7711 0.4815 0.4160
1341848008.1032 -0.8220 -1.7291 3.5861 0.0234 0.7717 0.4831 0.4130
1341848008.1388 -0.8157 -1.7324 3.5899 0.0223 0.7734 0.4841 0.4086
1341848008.1711 -0.8096 -1.7380 3.5963 0.0218 0.7753 0.4849 0.4042
1341848008.2027 -0.8039 -1.7425 3.6042 0.0231 0.7766 0.4869 0.3991
1341848008.2387 -0.7986 -1.7437 3.6103 0.0240 0.7769 0.4896 0.3952
1341848008.2707 -0.7923 -1.7469 3.6149 0.0238 0.7771 0.4930 0.3905
1341848008.3027 -0.7861 -1.7512 3.6208 0.0236 0.7778 0.4958 0.3857
1341848008.3388 -0.7790 -1.7558 3.6252 0.0237 0.7779 0.4987 0.3817
1341848008.3707 -0.7728 -1.7573 3.6310 0.0230 0.7788 0.4997 0.3786
1341848008.4389 -0.7603 -1.7695 3.6383 0.0240 0.7802 0.5040 0.3698
1341848008.4708 -0.7556 -1.7730 3.6452 0.0250 0.7812 0.5050 0.3662
1341848008.5069 -0.7505 -1.7765 3.6468 0.0258 0.7816 0.5075 0.3618
1341848008.5388 -0.7439 -1.7853 3.6505 0.0269 0.7827 0.5095 0.3565
1341848008.5707 -0.7395 -1.7909 3.6573 0.0293 0.7834 0.5105 0.3533
1341848008.6067 -0.7350 -1.7932 3.6610 0.0313 0.7835 0.5130 0.3492
1341848008.6387 -0.7282 -1.7998 3.6615 0.0329 0.7838 0.5155 0.3448
1341848008.6746 -0.7237 -1.8044 3.6669 0.0341 0.7849 0.5159 0.3416
1341848008.7068 -0.7179 -1.8063 3.6669 0.0345 0.7857 0.5169 0.3381
1341848008.7387 -0.7130 -1.8127 3.6733 0.0337 0.7882 0.5159 0.3338
1341848008.7751 -0.7081 -1.8168 3.6765 0.0325 0.7889 0.5162 0.3319
1341848008.8069 -0.7026 -1.8205 3.6779 0.0318 0.7901 0.5162 0.3291
1341848008.8388 -0.6983 -1.8253 3.6844 0.0299 0.7919 0.5153 0.3262
1341848008.8746 -0.6935 -1.8297 3.6870 0.0296 0.7923 0.5169 0.3229
1341848008.9067 -0.6882 -1.8325 3.6890 0.0303 0.7927 0.5183 0.3195
1341848008.9431 -0.6843 -1.8335 3.6908 0.0294 0.7940 0.5186 0.3158
1341848008.9747 -0.6772 -1.8399 3.6959 0.0271 0.7957 0.5189 0.3114
1341848009.0068 -0.6711 -1.8451 3.7018 0.0277 0.7963 0.5197 0.3084
1341848009.0427 -0.6676 -1.8449 3.7095 0.0266 0.7971 0.5198 0.3062
1341848009.1108 -0.6554 -1.8491 3.7104 0.0253 0.7979 0.5225 0.2995
1341848009.1427 -0.6526 -1.8477 3.7133 0.0229 0.8001 0.5211 0.2961
1341848009.1747 -0.6475 -1.8476 3.7170 0.0220 0.8030 0.5204 0.2897
1341848009.2107 -0.6422 -1.8426 3.7287 0.0225 0.8061 0.5198 0.2819
1341848009.2429 -0.6387 -1.8432 3.7317 0.0253 0.8052 0.5247 0.2751
1341848009.2747 -0.6355 -1.8375 3.7317 0.0262 0.8053 0.5275 0.2693
1341848009.3109 -0.6319 -1.8360 3.7347 0.0252 0.8070 0.5286 0.2621
1341848009.3429 -0.6235 -1.8412 3.7383 0.0242 0.8072 0.5320 0.2546
1341848009.3787 -0.6193 -1.8399 3.7421 0.0253 0.8076 0.5333 0.2503
1341848009.4429 -0.6067 -1.8415 3.7482 0.0237 0.8080 0.5374 0.2404
1341848009.4790 -0.6016 -1.8413 3.7547 0.0234 0.8089 0.5377 0.2367
1341848009.5106 -0.5945 -1.8413 3.7552 0.0221 0.8079 0.5402 0.2345
1341848009.5428 -0.5872 -1.8412 3.7559 0.0218 0.8085 0.5400 0.2329
1341848009.5788 -0.5823 -1.8395 3.7634 0.0205 0.8099 0.5386 0.2317
1341848009.6110 -0.5737 -1.8398 3.7602 0.0195 0.8086 0.5408 0.2309
1341848009.6469 -0.5649 -1.8411 3.7614 0.0184 0.8097 0.5389 0.2315
1341848009.6787 -0.5589 -1.8390 3.7667 0.0168 0.8114 0.5359 0.2326
1341848009.7108 -0.5470 -1.8406 3.7700 0.0141 0.8123 0.5351 0.2316
1341848009.7468 -0.5354 -1.8435 3.7682 0.0137 0.8124 0.5350 0.2313
1341848009.7788 -0.5284 -1.8407 3.7750 0.0139 0.8145 0.5312 0.2329
1341848009.8107 -0.5205 -1.8396 3.7781 0.0142 0.8148 0.5311 0.2320
1341848009.8468 -0.5101 -1.8419 3.7761 0.0158 0.8133 0.5339 0.2307
1341848009.8787 -0.5049 -1.8357 3.7764 0.0178 0.8134 0.5328 0.2328
1341848009.9148 -0.4979 -1.8318 3.7770 0.0160 0.8133 0.5328 0.2333
1341848009.9470 -0.4864 -1.8342 3.7717 0.0144 0.8125 0.5346 0.2321
1341848009.9789 -0.4747 -1.8350 3.7695 0.0143 0.8126 0.5339 0.2332
1341848010.0148 -0.4704 -1.8275 3.7734 0.0157 0.8139 0.5313 0.2345
1341848010.0468 -0.4637 -1.8230 3.7689 0.0163 0.8132 0.5328 0.2336
1341848010.0826 -0.4540 -1.8200 3.7649 0.0158 0.8131 0.5334 0.2326
1341848010.1147 -0.4483 -1.8139 3.7632 0.0158 0.8134 0.5335 0.2314
1341848010.1468 -0.4392 -1.8100 3.7579 0.0155 0.8120 0.5367 0.2288
1341848010.1827 -0.4292 -1.8056 3.7462 0.0158 0.8106 0.5394 0.2274
1341848010.2147 -0.4238 -1.7990 3.7418 0.0162 0.8117 0.5382 0.2261
1341848010.2468 -0.4156 -1.7952 3.7342 0.0162 0.8116 0.5397 0.2233
1341848010.2827 -0.4077 -1.7913 3.7282 0.0174 0.8116 0.5406 0.2206
1341848010.3148 -0.4016 -1.7852 3.7183 0.0187 0.8107 0.5428 0.2185
1341848010.3511 -0.3947 -1.7813 3.7108 0.0185 0.8110 0.5432 0.2166
1341848010.3828 -0.3873 -1.7792 3.7060 0.0185 0.8114 0.5437 0.2136
1341848010.4147 -0.3831 -1.7731 3.6967 0.0201 0.8101 0.5461 0.2123
1341848010.4509 -0.3783 -1.7690 3.6868 0.0204 0.8097 0.5477 0.2099
1341848010.4831 -0.3722 -1.7656 3.6812 0.0200 0.8105 0.5477 0.2066
1341848010.5148 -0.3672 -1.7630 3.6787 0.0197 0.8107 0.5490 0.2023
1341848010.5506 -0.3618 -1.7591 3.6647 0.0205 0.8087 0.5528 0.2000
1341848010.5829 -0.3594 -1.7542 3.6636 0.0205 0.8112 0.5500 0.1975
1341848010.6187 -0.3559 -1.7510 3.6579 0.0187 0.8105 0.5524 0.1939
1341848010.6510 -0.3482 -1.7518 3.6467 0.0192 0.8096 0.5552 0.1898
1341848010.6826 -0.3483 -1.7477 3.6457 0.0201 0.8111 0.5533 0.1886
1341848010.7188 -0.3472 -1.7453 3.6402 0.0191 0.8109 0.5545 0.1860
1341848010.7509 -0.3441 -1.7433 3.6321 0.0187 0.8104 0.5563 0.1830
1341848010.7827 -0.3432 -1.7410 3.6238 0.0194 0.8110 0.5564 0.1799
1341848010.8188 -0.3406 -1.7422 3.6209 0.0203 0.8130 0.5550 0.1751
1341848010.8508 -0.3392 -1.7393 3.6166 0.0210 0.8136 0.5551 0.1717
1341848010.8867 -0.3355 -1.7383 3.6114 0.0223 0.8144 0.5552 0.1677
1341848010.9188 -0.3356 -1.7360 3.6095 0.0224 0.8156 0.5540 0.1654
1341848010.9508 -0.3341 -1.7326 3.6046 0.0221 0.8161 0.5543 0.1621
1341848010.9868 -0.3305 -1.7321 3.6031 0.0221 0.8172 0.5536 0.1588
1341848011.0187 -0.3274 -1.7306 3.6020 0.0223 0.8175 0.5538 0.1566
1341848011.0510 -0.3265 -1.7291 3.5959 0.0231 0.8168 0.5553 0.1547
1341848011.0867 -0.3237 -1.7285 3.5941 0.0233 0.8175 0.5551 0.1516
1341848011.1187 -0.3225 -1.7275 3.5931 0.0240 0.8179 0.5551 0.1492
1341848011.1546 -0.3186 -1.7272 3.5918 0.0247 0.8181 0.5557 0.1460
1341848011.1867 -0.3179 -1.7259 3.5921 0.0250 0.8183 0.5558 0.1443
1341848011.2191 -0.3192 -1.7228 3.5868 0.0234 0.8173 0.5576 0.1432
1341848011.2547 -0.3145 -1.7225 3.5834 0.0208 0.8182 0.5575 0.1391
1341848011.2866 -0.3125 -1.7215 3.5826 0.0202 0.8190 0.5570 0.1360
1341848011.3227 -0.3111 -1.7197 3.5772 0.0207 0.8189 0.5582 0.1318
1341848011.3547 -0.3059 -1.7195 3.5735 0.0211 0.8199 0.5578 0.1271
1341848011.3867 -0.3076 -1.7198 3.5742 0.0233 0.8208 0.5572 0.1240
1341848011.4227 -0.3036 -1.7151 3.5706 0.0233 0.8206 0.5583 0.1196
1341848011.4547 -0.3013 -1.7150 3.5674 0.0242 0.8215 0.5579 0.1149
1341848011.4868 -0.2998 -1.7127 3.5684 0.0237 0.8225 0.5575 0.1100
1341848011.5229 -0.2958 -1.7097 3.5669 0.0238 0.8223 0.5588 0.1045
1341848011.5547 -0.2929 -1.7072 3.5620 0.0246 0.8219 0.5601 0.1009
1341848011.5909 -0.2947 -1.7058 3.5616 0.0248 0.8224 0.5596 0.0994
1341848011.6227 -0.2913 -1.7016 3.5606 0.0234 0.8225 0.5604 0.0944
1341848011.6549 -0.2875 -1.6992 3.5573 0.0239 0.8222 0.5614 0.0907
1341848011.6908 -0.2890 -1.6967 3.5569 0.0250 0.8219 0.5620 0.0892
1341848011.7226 -0.2908 -1.6932 3.5529 0.0236 0.8210 0.5638 0.0864
1341848011.7548 -0.2877 -1.6896 3.5490 0.0214 0.8203 0.5656 0.0820
1341848011.7908 -0.2880 -1.6850 3.5461 0.0224 0.8199 0.5666 0.0785
1341848011.8227 -0.2879 -1.6802 3.5414 0.0235 0.8188 0.5688 0.0739
1341848011.8588 -0.2852 -1.6763 3.5361 0.0246 0.8183 0.5701 0.0689
1341848011.8907 -0.2857 -1.6741 3.5335 0.0256 0.8181 0.5707 0.0662
1341848011.9229 -0.2856 -1.6694 3.5284 0.0264 0.8171 0.5724 0.0634
1341848011.9588 -0.2862 -1.6661 3.5225 0.0277 0.8169 0.5729 0.0613
1341848011.9908 -0.2864 -1.6617 3.5226 0.0260 0.8179 0.5717 0.0596
1341848012.0227 -0.2851 -1.6564 3.5171 0.0235 0.8169 0.5733 0.0582
1341848012.0589 -0.2848 -1.6520 3.5122 0.0220 0.8164 0.5743 0.0572
1341848012.0908 -0.2858 -1.6466 3.5052 0.0204 0.8155 0.5757 0.0566
1341848012.1269 -0.2847 -1.6404 3.4985 0.0188 0.8152 0.5762 0.0554
1341848012.1910 -0.2841 -1.6290 3.4882 0.0203 0.8140 0.5777 0.0572
1341848012.2267 -0.2842 -1.6218 3.4814 0.0197 0.8127 0.5794 0.0592
1341848012.2587 -0.2833 -1.6160 3.4743 0.0185 0.8115 0.5808 0.0617
1341848012.2952 -0.2847 -1.6098 3.4695 0.0168 0.8107 0.5816 0.0654
1341848012.3269 -0.2840 -1.6035 3.4599 0.0131 0.8090 0.5837 0.0685
1341848012.3588 -0.2819 -1.5970 3.4536 0.0092 0.8088 0.5837 0.0708
1341848012.3947 -0.2803 -1.5896 3.4507 0.0064 0.8087 0.5837 0.0732
1341848012.4268 -0.2785 -1.5831 3.4400 0.0032 0.8060 0.5870 0.0762
1341848012.4588 -0.2774 -1.5767 3.4307 0.0013 0.8053 0.5877 0.0783
1341848012.4947 -0.2750 -1.5712 3.4263 -0.0017 0.8055 0.5872 0.0797
1341848012.5268 -0.2696 -1.5661 3.4187 -0.0051 0.8039 0.5892 0.0807
1341848012.5627 -0.2679 -1.5602 3.4083 -0.0061 0.8026 0.5904 0.0847
1341848012.5947 -0.2691 -1.5542 3.4050 -0.0085 0.8036 0.5883 0.0897
1341848012.6268 -0.2617 -1.5510 3.3988 -0.0142 0.8028 0.5891 0.0910
1341848012.6628 -0.2563 -1.5462 3.3952 -0.0156 0.8029 0.5885 0.0936
1341848012.6953 -0.2569 -1.5407 3.3917 -0.0162 0.8024 0.5881 0.1000
1341848012.7269 -0.2538 -1.5372 3.3862 -0.0207 0.8013 0.5886 0.1050
1341848012.7627 -0.2462 -1.5331 3.3827 -0.0247 0.8011 0.5881 0.1081
1341848012.7947 -0.2415 -1.5283 3.3831 -0.0256 0.8016 0.5863 0.1139
1341848012.8307 -0.2426 -1.5241 3.3761 -0.0275 0.7994 0.5871 0.1242
1341848012.8628 -0.2401 -1.5212 3.3686 -0.0322 0.7991 0.5857 0.1316
1341848012.8947 -0.2372 -1.5180 3.3706 -0.0365 0.8016 0.5808 0.1373
1341848012.9308 -0.2347 -1.5146 3.3677 -0.0390 0.8009 0.5799 0.1439
1341848012.9628 -0.2351 -1.5119 3.3635 -0.0420 0.8008 0.5781 0.1511
1341848012.9948 -0.2317 -1.5079 3.3663 -0.0466 0.8024 0.5742 0.1557
1341848013.0309 -0.2282 -1.5050 3.3653 -0.0486 0.8014 0.5740 0.1609
1341848013.0627 -0.2257 -1.5022 3.3614 -0.0498 0.8002 0.5739 0.1670
1341848013.0988 -0.2232 -1.4999 3.3619 -0.0512 0.8008 0.5711 0.1733
1341848013.1308 -0.2192 -1.4961 3.3661 -0.0525 0.8014 0.5683 0.1787
1341848013.1628 -0.2141 -1.4934 3.3669 -0.0517 0.8003 0.5681 0.1845
1341848013.1987 -0.2147 -1.4917 3.3660 -0.0480 0.7982 0.5687 0.1930
1341848013.2309 -0.2141 -1.4905 3.3659 -0.0474 0.7967 0.5686 0.1994
1341848013.2627 -0.2087 -1.4873 3.3708 -0.0472 0.7962 0.5677 0.2037
1341848013.2987 -0.2096 -1.4873 3.3674 -0.0449 0.7922 0.5702 0.2128
1341848013.3308 -0.2098 -1.4852 3.3674 -0.0468 0.7907 0.5692 0.2207
1341848013.3667 -0.2046 -1.4818 3.3745 -0.0511 0.7914 0.5657 0.2257
1341848013.3987 -0.1991 -1.4798 3.3826 -0.0529 0.7909 0.5643 0.2306
1341848013.4309 -0.1955 -1.4779 3.3861 -0.0520 0.7873 0.5662 0.2385
1341848013.4670 -0.1942 -1.4769 3.3801 -0.0523 0.7815 0.5697 0.2488
1341848013.4988 -0.1913 -1.4760 3.3808 -0.0558 0.7803 0.5677 0.2564
1341848013.5348 -0.1851 -1.4740 3.3872 -0.0611 0.7808 0.5635 0.2630
1341848013.5667 -0.1783 -1.4719 3.3908 -0.0639 0.7795 0.5613 0.2708
1341848013.5988 -0.1775 -1.4735 3.3937 -0.0634 0.7779 0.5590 0.2800
1341848013.6348 -0.1710 -1.4706 3.3959 -0.0651 0.7762 0.5582 0.2859
1341848013.6667 -0.1659 -1.4710 3.3933 -0.0656 0.7737 0.5567 0.2951
1341848013.6988 -0.1651 -1.4718 3.3952 -0.0654 0.7742 0.5513 0.3040
1341848013.7346 -0.1600 -1.4720 3.3971 -0.0678 0.7745 0.5467 0.3108
1341848013.7668 -0.1558 -1.4719 3.4023 -0.0684 0.7760 0.5413 0.3164
1341848013.8027 -0.1532 -1.4716 3.4068 -0.0676 0.7758 0.5380 0.3226
1341848013.8348 -0.1507 -1.4709 3.4065 -0.0676 0.7733 0.5374 0.3296
1341848013.8668 -0.1464 -1.4710 3.4054 -0.0688 0.7719 0.5356 0.3355
1341848013.9027 -0.1450 -1.4692 3.4112 -0.0698 0.7730 0.5300 0.3416
1341848013.9667 -0.1355 -1.4676 3.4153 -0.0716 0.7694 0.5279 0.3524
1341848014.0027 -0.1300 -1.4674 3.4173 -0.0722 0.7678 0.5266 0.3576
1341848014.0349 -0.1239 -1.4671 3.4198 -0.0731 0.7655 0.5253 0.3644
1341848014.0710 -0.1214 -1.4658 3.4179 -0.0743 0.7615 0.5242 0.3740
1341848014.1027 -0.1160 -1.4636 3.4198 -0.0794 0.7596 0.5214 0.3806
1341848014.1347 -0.1078 -1.4624 3.4251 -0.0835 0.7584 0.5186 0.3859
1341848014.1707 -0.1016 -1.4611 3.4279 -0.0855 0.7550 0.5177 0.3934
1341848014.2027 -0.0931 -1.4616 3.4258 -0.0883 0.7504 0.5184 0.4005
1341848014.2348 -0.0829 -1.4601 3.4300 -0.0907 0.7495 0.5142 0.4071
1341848014.2707 -0.0777 -1.4578 3.4364 -0.0918 0.7474 0.5098 0.4159
1341848014.3027 -0.0682 -1.4569 3.4390 -0.0920 0.7448 0.5088 0.4218
1341848014.3387 -0.0586 -1.4578 3.4428 -0.0925 0.7421 0.5066 0.4291
1341848014.3706 -0.0554 -1.4607 3.4434 -0.0930 0.7370 0.5038 0.4408
1341848014.4388 -0.0386 -1.4610 3.4508 -0.0957 0.7313 0.4962 0.4581
1341848014.4708 -0.0302 -1.4616 3.4542 -0.0973 0.7277 0.4913 0.4686
1341848014.5066 -0.0246 -1.4623 3.4601 -0.0987 0.7252 0.4853 0.4783
1341848014.5387 -0.0141 -1.4662 3.4608 -0.1008 0.7201 0.4827 0.4881
1341848014.5708 -0.0091 -1.4672 3.4632 -0.0998 0.7190 0.4762 0.4963
1341848014.6069 -0.0037 -1.4692 3.4720 -0.0996 0.7175 0.4708 0.5036
1341848014.6387 0.0031 -1.4691 3.4743 -0.0969 0.7134 0.4691 0.5116
1341848014.6708 0.0115 -1.4729 3.4753 -0.0957 0.7105 0.4665 0.5181
1341848014.7068 0.0169 -1.4716 3.4769 -0.0931 0.7082 0.4609 0.5267
1341848014.7387 0.0239 -1.4770 3.4783 -0.0929 0.7073 0.4570 0.5314
1341848014.7747 0.0296 -1.4797 3.4870 -0.0884 0.7068 0.4540 0.5353
1341848014.8067 0.0335 -1.4794 3.4887 -0.0826 0.7031 0.4524 0.5424
1341848014.8387 0.0394 -1.4816 3.4900 -0.0798 0.6999 0.4514 0.5478
1341848014.8747 0.0469 -1.4844 3.4940 -0.0783 0.6969 0.4487 0.5540
1341848014.9066 0.0494 -1.4816 3.4952 -0.0746 0.6933 0.4449 0.5620
1341848014.9387 0.0557 -1.4822 3.5001 -0.0733 0.6906 0.4450 0.5653
1341848014.9747 0.0599 -1.4819 3.5021 -0.0705 0.6857 0.4456 0.5711
1341848015.0067 0.0573 -1.4777 3.4983 -0.0689 0.6792 0.4451 0.5795
1341848015.0426 0.0606 -1.4737 3.4998 -0.0740 0.6742 0.4460 0.5840
1341848015.0749 0.0667 -1.4723 3.5019 -0.0818 0.6696 0.4450 0.5890
1341848015.1068 0.0725 -1.4697 3.5033 -0.0883 0.6656 0.4428 0.5942
1341848015.1427 0.0774 -1.4687 3.5072 -0.0936 0.6626 0.4420 0.5974
1341848015.1747 0.0855 -1.4672 3.5106 -0.0963 0.6584 0.4435 0.6005
1341848015.2072 0.0882 -1.4646 3.5101 -0.0964 0.6532 0.4426 0.6067
1341848015.2435 0.0934 -1.4622 3.5107 -0.0990 0.6492 0.4407 0.6120
1341848015.2748 0.0996 -1.4621 3.5167 -0.1009 0.6463 0.4386 0.6162
1341848015.3106 0.1025 -1.4598 3.5166 -0.0983 0.6402 0.4362 0.6247
1341848015.3429 0.1058 -1.4582 3.5165 -0.0975 0.6347 0.4341 0.6318
1341848015.3747 0.1107 -1.4575 3.5202 -0.0969 0.6294 0.4331 0.6379
1341848015.4107 0.1136 -1.4556 3.5180 -0.0939 0.6219 0.4320 0.6464
1341848015.4428 0.1155 -1.4543 3.5171 -0.0926 0.6154 0.4303 0.6538
1341848015.4750 0.1193 -1.4534 3.5178 -0.0929 0.6089 0.4271 0.6619
1341848015.5109 0.1219 -1.4525 3.5177 -0.0923 0.6034 0.4221 0.6702
1341848015.5428 0.1213 -1.4517 3.5180 -0.0897 0.5969 0.4201 0.6777
1341848015.5818 0.1258 -1.4510 3.5185 -0.0906 0.5884 0.4179 0.6862
1341848015.6178 0.1272 -1.4503 3.5183 -0.0908 0.5821 0.4111 0.6956
1341848015.6501 0.1277 -1.4505 3.5176 -0.0917 0.5756 0.4059 0.7039
1341848015.6858 0.1323 -1.4507 3.5217 -0.0940 0.5705 0.4016 0.7102
1341848015.7181 0.1348 -1.4510 3.5236 -0.0928 0.5662 0.3955 0.7172
1341848015.7498 0.1346 -1.4513 3.5233 -0.0894 0.5610 0.3914 0.7239
1341848015.7858 0.1371 -1.4525 3.5247 -0.0876 0.5552 0.3882 0.7303
1341848015.8179 0.1392 -1.4562 3.5229 -0.0879 0.5506 0.3823 0.7369
1341848015.8538 0.1388 -1.4575 3.5248 -0.0862 0.5471 0.3779 0.7419
1341848015.8857 0.1408 -1.4597 3.5225 -0.0864 0.5415 0.3728 0.7486
1341848015.9178 0.1421 -1.4613 3.5235 -0.0882 0.5392 0.3656 0.7535
1341848015.9540 0.1418 -1.4614 3.5273 -0.0865 0.5385 0.3568 0.7585
1341848015.9867 0.1405 -1.4650 3.5270 -0.0849 0.5358 0.3517 0.7629
1341848016.0217 0.1397 -1.4649 3.5271 -0.0815 0.5319 0.3488 0.7673
1341848016.0539 0.1413 -1.4664 3.5281 -0.0802 0.5294 0.3432 0.7717
1341848016.0857 0.1376 -1.4665 3.5261 -0.0767 0.5273 0.3375 0.7760
1341848016.1218 0.1353 -1.4659 3.5244 -0.0762 0.5239 0.3348 0.7795
1341848016.1538 0.1366 -1.4677 3.5251 -0.0793 0.5224 0.3319 0.7815
1341848016.1858 0.1343 -1.4673 3.5241 -0.0796 0.5211 0.3293 0.7834
1341848016.2217 0.1330 -1.4671 3.5251 -0.0808 0.5198 0.3290 0.7842
1341848016.2537 0.1360 -1.4694 3.5267 -0.0825 0.5190 0.3284 0.7848
1341848016.2900 0.1323 -1.4694 3.5235 -0.0824 0.5193 0.3263 0.7855
1341848016.3220 0.1309 -1.4686 3.5246 -0.0829 0.5216 0.3301 0.7824
1341848016.3537 0.1336 -1.4727 3.5286 -0.0823 0.5243 0.3334 0.7792
1341848016.3898 0.1275 -1.4718 3.5275 -0.0770 0.5259 0.3355 0.7778
1341848016.4217 0.1273 -1.4739 3.5300 -0.0749 0.5273 0.3409 0.7746
1341848016.4539 0.1264 -1.4766 3.5322 -0.0723 0.5296 0.3442 0.7719
1341848016.4901 0.1252 -1.4789 3.5340 -0.0691 0.5311 0.3448 0.7709
1341848016.5218 0.1224 -1.4807 3.5354 -0.0675 0.5337 0.3439 0.7696
1341848016.5542 0.1210 -1.4821 3.5397 -0.0635 0.5367 0.3452 0.7673
1341848016.5898 0.1168 -1.4844 3.5412 -0.0592 0.5369 0.3449 0.7676
1341848016.6219 0.1135 -1.4850 3.5432 -0.0557 0.5379 0.3476 0.7660
1341848016.6578 0.1125 -1.4887 3.5483 -0.0519 0.5382 0.3513 0.7643
1341848016.6899 0.1065 -1.4919 3.5493 -0.0483 0.5367 0.3521 0.7653
1341848016.7578 0.1064 -1.4998 3.5580 -0.0506 0.5384 0.3515 0.7642
1341848016.8188 0.0939 -1.5036 3.5659 -0.0469 0.5394 0.3502 0.7643
1341848016.8508 0.0913 -1.5088 3.5709 -0.0474 0.5395 0.3504 0.7642
1341848016.8828 0.0846 -1.5108 3.5738 -0.0466 0.5396 0.3501 0.7642
1341848016.9189 0.0802 -1.5136 3.5799 -0.0460 0.5397 0.3521 0.7633
1341848016.9507 0.0766 -1.5183 3.5840 -0.0469 0.5394 0.3527 0.7632
1341848016.9867 0.0701 -1.5211 3.5874 -0.0483 0.5406 0.3512 0.7629
1341848017.0187 0.0660 -1.5242 3.5934 -0.0487 0.5422 0.3527 0.7611
1341848017.0508 0.0596 -1.5279 3.5953 -0.0482 0.5426 0.3533 0.7606
1341848017.0868 0.0550 -1.5312 3.5981 -0.0492 0.5445 0.3547 0.7585
1341848017.1186 0.0506 -1.5351 3.6005 -0.0492 0.5475 0.3559 0.7558
1341848017.1507 0.0440 -1.5381 3.6033 -0.0475 0.5514 0.3582 0.7519
1341848017.1869 0.0384 -1.5421 3.6062 -0.0466 0.5549 0.3605 0.7483
1341848017.2188 0.0350 -1.5467 3.6080 -0.0456 0.5586 0.3620 0.7449
1341848017.2547 0.0262 -1.5505 3.6090 -0.0425 0.5632 0.3626 0.7413
1341848017.2866 0.0210 -1.5545 3.6145 -0.0398 0.5683 0.3652 0.7363
1341848017.3187 0.0210 -1.5608 3.6174 -0.0363 0.5717 0.3656 0.7336
1341848017.3547 0.0058 -1.5651 3.6149 -0.0290 0.5767 0.3624 0.7316
1341848017.3868 -0.0028 -1.5672 3.6175 -0.0259 0.5817 0.3643 0.7268
1341848017.4188 -0.0078 -1.5729 3.6198 -0.0214 0.5855 0.3674 0.7223
1341848017.4548 -0.0203 -1.5745 3.6199 -0.0176 0.5880 0.3690 0.7195
1341848017.4867 -0.0218 -1.5795 3.6220 -0.0180 0.5909 0.3713 0.7160
1341848017.5227 -0.0294 -1.5826 3.6227 -0.0167 0.5942 0.3703 0.7138
1341848017.5548 -0.0371 -1.5847 3.6236 -0.0148 0.5982 0.3700 0.7107
1341848017.5878 -0.0407 -1.5867 3.6264 -0.0139 0.6012 0.3712 0.7075
1341848017.6227 -0.0456 -1.5908 3.6260 -0.0118 0.6042 0.3710 0.7051
1341848017.6548 -0.0520 -1.5912 3.6274 -0.0093 0.6074 0.3720 0.7019
1341848017.6868 -0.0500 -1.5966 3.6288 -0.0079 0.6104 0.3720 0.6992
1341848017.7228 -0.0618 -1.5982 3.6289 -0.0025 0.6142 0.3704 0.6968
1341848017.7548 -0.0609 -1.6004 3.6331 -0.0005 0.6165 0.3725 0.6937
1341848017.7907 -0.0650 -1.6051 3.6321 0.0039 0.6180 0.3723 0.6924
1341848017.8228 -0.0732 -1.6075 3.6328 0.0068 0.6211 0.3705 0.6906
1341848017.8547 -0.0769 -1.6098 3.6367 0.0077 0.6231 0.3705 0.6888
1341848017.8907 -0.0814 -1.6125 3.6379 0.0092 0.6241 0.3708 0.6877
1341848017.9228 -0.0882 -1.6137 3.6387 0.0093 0.6255 0.3707 0.6865
1341848017.9586 -0.0873 -1.6162 3.6414 0.0074 0.6272 0.3710 0.6848
1341848017.9907 -0.0952 -1.6176 3.6435 0.0092 0.6287 0.3707 0.6835
1341848018.0227 -0.0977 -1.6184 3.6457 0.0079 0.6295 0.3730 0.6816
1341848018.0588 -0.0973 -1.6210 3.6457 0.0065 0.6313 0.3740 0.6793
1341848018.0909 -0.1017 -1.6212 3.6493 0.0064 0.6347 0.3735 0.6765
1341848018.1227 -0.1040 -1.6229 3.6535 0.0065 0.6364 0.3769 0.6729
1341848018.1591 -0.1020 -1.6269 3.6556 0.0073 0.6375 0.3806 0.6698
1341848018.1908 -0.1068 -1.6282 3.6571 0.0080 0.6402 0.3808 0.6671
1341848018.2267 -0.1062 -1.6309 3.6620 0.0061 0.6432 0.3817 0.6637
1341848018.2588 -0.1078 -1.6348 3.6670 0.0079 0.6454 0.3843 0.6601
1341848018.2907 -0.1108 -1.6378 3.6713 0.0094 0.6466 0.3875 0.6571
1341848018.3339 -0.1107 -1.6411 3.6734 0.0081 0.6483 0.3897 0.6541
1341848018.3672 -0.1091 -1.6458 3.6790 0.0061 0.6525 0.3893 0.6502
1341848018.3977 -0.1126 -1.6491 3.6873 0.0069 0.6560 0.3891 0.6467
1341848018.4338 -0.1145 -1.6529 3.6956 0.0099 0.6574 0.3942 0.6421
1341848018.4657 -0.1153 -1.6576 3.7013 0.0131 0.6578 0.4004 0.6378
1341848018.5018 -0.1166 -1.6615 3.7062 0.0142 0.6599 0.4029 0.6341
1341848018.5345 -0.1187 -1.6658 3.7159 0.0146 0.6634 0.4039 0.6297
1341848018.5658 -0.1214 -1.6695 3.7237 0.0153 0.6654 0.4063 0.6260
1341848018.6017 -0.1215 -1.6745 3.7298 0.0150 0.6676 0.4076 0.6228
1341848018.6337 -0.1263 -1.6782 3.7381 0.0150 0.6715 0.4079 0.6185
1341848018.6698 -0.1270 -1.6839 3.7487 0.0147 0.6737 0.4104 0.6144
1341848018.7018 -0.1299 -1.6888 3.7573 0.0142 0.6751 0.4127 0.6113
1341848018.7339 -0.1294 -1.6957 3.7639 0.0125 0.6771 0.4144 0.6081
1341848018.7697 -0.1317 -1.7021 3.7737 0.0116 0.6796 0.4139 0.6055
1341848018.8022 -0.1319 -1.7083 3.7828 0.0114 0.6808 0.4150 0.6034
1341848018.8338 -0.1306 -1.7146 3.7888 0.0108 0.6822 0.4146 0.6021
1341848018.8698 -0.1333 -1.7221 3.7957 0.0120 0.6849 0.4127 0.6004
1341848018.9020 -0.1365 -1.7280 3.8052 0.0140 0.6868 0.4127 0.5982
1341848018.9338 -0.1345 -1.7336 3.8138 0.0167 0.6869 0.4158 0.5958
1341848018.9697 -0.1423 -1.7431 3.8166 0.0191 0.6871 0.4166 0.5950
1341848019.0023 -0.1441 -1.7483 3.8235 0.0172 0.6888 0.4167 0.5929
1341848019.0698 -0.1484 -1.7622 3.8341 0.0178 0.6922 0.4157 0.5897
1341848019.1308 -0.1505 -1.7722 3.8452 0.0156 0.6965 0.4163 0.5842
1341848019.1627 -0.1548 -1.7775 3.8525 0.0162 0.6986 0.4177 0.5807
1341848019.1986 -0.1578 -1.7817 3.8575 0.0158 0.7003 0.4202 0.5769
1341848019.2311 -0.1571 -1.7873 3.8626 0.0142 0.7030 0.4219 0.5723
1341848019.2627 -0.1598 -1.7934 3.8716 0.0133 0.7065 0.4213 0.5685
1341848019.2987 -0.1660 -1.7970 3.8806 0.0130 0.7090 0.4228 0.5643
1341848019.3307 -0.1637 -1.8037 3.8875 0.0109 0.7113 0.4254 0.5595
1341848019.3627 -0.1698 -1.8102 3.8960 0.0115 0.7145 0.4251 0.5555
1341848019.3987 -0.1750 -1.8156 3.9067 0.0099 0.7174 0.4264 0.5508
1341848019.4310 -0.1722 -1.8224 3.9156 0.0086 0.7199 0.4279 0.5464
1341848019.4670 -0.1792 -1.8293 3.9243 0.0083 0.7233 0.4263 0.5431
1341848019.4988 -0.1782 -1.8348 3.9352 0.0079 0.7269 0.4265 0.5381
1341848019.5308 -0.1825 -1.8441 3.9469 0.0113 0.7295 0.4275 0.5338
1341848019.5671 -0.1868 -1.8500 3.9596 0.0139 0.7312 0.4297 0.5296
1341848019.5987 -0.1859 -1.8569 3.9687 0.0142 0.7323 0.4310 0.5270
1341848019.6307 -0.1917 -1.8636 3.9805 0.0147 0.7350 0.4304 0.5238
1341848019.6669 -0.1924 -1.8702 3.9957 0.0146 0.7365 0.4320 0.5203
1341848019.6987 -0.1936 -1.8763 4.0041 0.0153 0.7362 0.4345 0.5186
1341848019.7348 -0.1952 -1.8807 4.0115 0.0146 0.7379 0.4351 0.5158
1341848019.7667 -0.1956 -1.8880 4.0207 0.0128 0.7403 0.4352 0.5122
1341848019.7987 -0.1974 -1.8942 4.0313 0.0133 0.7420 0.4360 0.5091
1341848019.8347 -0.1984 -1.8987 4.0370 0.0145 0.7431 0.4376 0.5060
1341848019.8988 -0.2002 -1.9101 4.0500 0.0165 0.7477 0.4395 0.4976
1341848019.9348 -0.2025 -1.9149 4.0591 0.0185 0.7496 0.4420 0.4924
1341848019.9667 -0.2007 -1.9176 4.0626 0.0206 0.7508 0.4454 0.4873
1341848020.0028 -0.2001 -1.9206 4.0661 0.0209 0.7533 0.4467 0.4821
1341848020.0347 -0.2007 -1.9249 4.0738 0.0200 0.7569 0.4467 0.4766
1341848020.0667 -0.1979 -1.9294 4.0818 0.0207 0.7590 0.4491 0.4710
1341848020.1028 -0.1971 -1.9326 4.0862 0.0229 0.7601 0.4513 0.4670
1341848020.1348 -0.1962 -1.9336 4.0900 0.0219 0.7626 0.4516 0.4627
1341848020.1708 -0.1934 -1.9397 4.0965 0.0198 0.7659 0.4514 0.4574
1341848020.2027 -0.1935 -1.9450 4.1042 0.0196 0.7684 0.4516 0.4530
1341848020.2349 -0.1907 -1.9469 4.1093 0.0191 0.7706 0.4529 0.4480
1341848020.2712 -0.1859 -1.9518 4.1124 0.0189 0.7732 0.4537 0.4426
1341848020.3028 -0.1844 -1.9574 4.1204 0.0193 0.7764 0.4533 0.4373
1341848020.3349 -0.1816 -1.9612 4.1268 0.0201 0.7789 0.4543 0.4319
1341848020.3708 -0.1751 -1.9636 4.1300 0.0214 0.7813 0.4556 0.4261
1341848020.4388 -0.1666 -1.9716 4.1411 0.0227 0.7875 0.4550 0.4151
1341848020.4712 -0.1595 -1.9741 4.1448 0.0230 0.7916 0.4535 0.4090
1341848020.5027 -0.1588 -1.9821 4.1549 0.0250 0.7957 0.4519 0.4025
1341848020.5387 -0.1553 -1.9872 4.1641 0.0275 0.7982 0.4535 0.3956
1341848020.5708 -0.1495 -1.9910 4.1699 0.0304 0.7999 0.4555 0.3895
1341848020.6028 -0.1483 -1.9968 4.1792 0.0321 0.8018 0.4571 0.3836
1341848020.6389 -0.1430 -2.0009 4.1879 0.0332 0.8023 0.4612 0.3775
1341848020.6708 -0.1350 -2.0037 4.1901 0.0352 0.8025 0.4643 0.3729
1341848020.7067 -0.1342 -2.0070 4.1975 0.0344 0.8044 0.4639 0.3694
1341848020.7390 -0.1281 -2.0151 4.2057 0.0321 0.8053 0.4669 0.3640
1341848020.7708 -0.1191 -2.0177 4.2092 0.0346 0.8049 0.4701 0.3604
1341848020.8072 -0.1181 -2.0216 4.2161 0.0356 0.8053 0.4713 0.3580
1341848020.8391 -0.1107 -2.0240 4.2183 0.0342 0.8058 0.4731 0.3546
1341848020.8710 -0.1049 -2.0308 4.2216 0.0342 0.8067 0.4734 0.3520
1341848020.9066 -0.1024 -2.0382 4.2303 0.0355 0.8076 0.4741 0.3488
1341848020.9388 -0.0965 -2.0415 4.2324 0.0363 0.8075 0.4765 0.3458
1341848020.9749 -0.0899 -2.0443 4.2334 0.0361 0.8089 0.4759 0.3433
1341848021.0066 -0.0876 -2.0507 4.2411 0.0357 0.8106 0.4752 0.3403
1341848021.0396 -0.0816 -2.0543 4.2468 0.0362 0.8112 0.4771 0.3361
1341848021.0748 -0.0738 -2.0571 4.2502 0.0372 0.8119 0.4786 0.3323
1341848021.1067 -0.0706 -2.0594 4.2539 0.0368 0.8130 0.4787 0.3294
1341848021.1428 -0.0635 -2.0643 4.2591 0.0348 0.8147 0.4793 0.3245
1341848021.1750 -0.0547 -2.0676 4.2644 0.0346 0.8160 0.4799 0.3204
1341848021.2067 -0.0494 -2.0714 4.2714 0.0354 0.8171 0.4808 0.3161
1341848021.2427 -0.0417 -2.0703 4.2712 0.0343 0.8189 0.4805 0.3119
1341848021.2749 -0.0343 -2.0771 4.2796 0.0331 0.8221 0.4793 0.3056
1341848021.3073 -0.0258 -2.0808 4.2841 0.0345 0.8240 0.4792 0.3003
1341848021.3434 -0.0184 -2.0835 4.2855 0.0363 0.8266 0.4784 0.2943
1341848021.3848 -0.0103 -2.0878 4.2890 0.0363 0.8308 0.4751 0.2877
1341848021.4143 -0.0048 -2.0971 4.2989 0.0382 0.8345 0.4732 0.2797
1341848021.4557 0.0061 -2.1016 4.3030 0.0415 0.8371 0.4731 0.2717
1341848021.4879 0.0125 -2.1083 4.3092 0.0450 0.8401 0.4712 0.2650
1341848021.5147 0.0208 -2.1160 4.3177 0.0473 0.8423 0.4708 0.2580
1341848021.5508 0.0288 -2.1221 4.3252 0.0501 0.8434 0.4716 0.2524
1341848021.6178 0.0446 -2.1295 4.3358 0.0455 0.8465 0.4701 0.2458
1341848021.6788 0.0653 -2.1372 4.3451 0.0377 0.8496 0.4692 0.2381
1341848021.7107 0.0725 -2.1435 4.3539 0.0379 0.8506 0.4691 0.2347
1341848021.7428 0.0802 -2.1454 4.3587 0.0385 0.8507 0.4708 0.2306
1341848021.7787 0.0896 -2.1478 4.3609 0.0389 0.8512 0.4720 0.2262
1341848021.8109 0.0956 -2.1503 4.3670 0.0380 0.8518 0.4729 0.2224
1341848021.8446 0.1065 -2.1493 4.3663 0.0353 0.8523 0.4743 0.2175
1341848021.8789 0.1172 -2.1533 4.3691 0.0337 0.8535 0.4744 0.2131
1341848021.9106 0.1270 -2.1553 4.3716 0.0333 0.8544 0.4741 0.2098
1341848021.9467 0.1383 -2.1573 4.3713 0.0320 0.8556 0.4737 0.2063
1341848021.9787 0.1479 -2.1607 4.3735 0.0316 0.8574 0.4719 0.2027
1341848022.0108 0.1585 -2.1643 4.3766 0.0301 0.8589 0.4708 0.1992
1341848022.0467 0.1682 -2.1657 4.3779 0.0300 0.8602 0.4702 0.1950
1341848022.0787 0.1783 -2.1687 4.3795 0.0300 0.8614 0.4698 0.1908
1341848022.1110 0.1886 -2.1684 4.3784 0.0282 0.8625 0.4696 0.1865
1341848022.1467 0.2028 -2.1699 4.3766 0.0271 0.8637 0.4695 0.1812
1341848022.1790 0.2130 -2.1704 4.3762 0.0266 0.8654 0.4680 0.1771
1341848022.2148 0.2251 -2.1703 4.3732 0.0256 0.8668 0.4672 0.1724
1341848022.2468 0.2344 -2.1760 4.3698 0.0261 0.8686 0.4660 0.1665
1341848022.2788 0.2424 -2.1795 4.3728 0.0292 0.8702 0.4650 0.1601
1341848022.3148 0.2563 -2.1778 4.3690 0.0342 0.8706 0.4663 0.1529
1341848022.3541 0.2640 -2.1787 4.3635 0.0365 0.8721 0.4652 0.1476
1341848022.3872 0.2711 -2.1836 4.3647 0.0370 0.8738 0.4639 0.1410
1341848022.4178 0.2874 -2.1828 4.3583 0.0393 0.8747 0.4642 0.1339
1341848022.4542 0.2941 -2.1857 4.3544 0.0411 0.8764 0.4618 0.1302
1341848022.4856 0.2997 -2.1910 4.3537 0.0411 0.8780 0.4602 0.1252
1341848022.5217 0.3130 -2.1943 4.3503 0.0424 0.8788 0.4601 0.1190
1341848022.5542 0.3218 -2.1977 4.3464 0.0449 0.8796 0.4593 0.1152
1341848022.5861 0.3251 -2.1997 4.3445 0.0441 0.8808 0.4579 0.1120
1341848022.6218 0.3391 -2.2006 4.3383 0.0428 0.8817 0.4580 0.1048
1341848022.6542 0.3480 -2.2056 4.3344 0.0446 0.8830 0.4562 0.1006
1341848022.6903 0.3496 -2.2077 4.3370 0.0468 0.8838 0.4555 0.0963
1341848022.7217 0.3579 -2.2080 4.3334 0.0464 0.8831 0.4584 0.0885
1341848022.7830 0.3741 -2.2096 4.3311 0.0473 0.8835 0.4595 0.0778
1341848022.8148 0.3789 -2.2090 4.3276 0.0451 0.8819 0.4640 0.0703
1341848022.8508 0.3993 -2.2077 4.3194 0.0422 0.8815 0.4662 0.0618
1341848022.8827 0.3968 -2.2102 4.3265 0.0423 0.8811 0.4674 0.0582
1341848022.9188 0.3998 -2.2080 4.3266 0.0383 0.8773 0.4759 0.0487
1341848022.9508 0.4263 -2.2029 4.2951 0.0298 0.8746 0.4824 0.0375
1341848022.9827 0.4227 -2.2059 4.3025 0.0240 0.8788 0.4753 0.0336
1341848023.0188 0.4310 -2.2103 4.3091 0.0201 0.8778 0.4781 0.0217
1341848023.0508 0.4519 -2.2033 4.2965 0.0213 0.8753 0.4831 0.0090
1341848023.0827 0.4609 -2.2049 4.2928 0.0255 0.8752 0.4831 0.0023
1341848023.1188 0.4624 -2.2053 4.2943 0.0276 0.8746 0.4840 -0.0047
1341848023.1510 0.4782 -2.2004 4.2853 0.0263 0.8736 0.4857 -0.0154
1341848023.1867 0.4874 -2.2058 4.2896 0.0278 0.8740 0.4847 -0.0229
1341848023.2187 0.4941 -2.2053 4.2953 0.0308 0.8718 0.4880 -0.0307
1341848023.2868 0.5150 -2.1966 4.2887 0.0292 0.8663 0.4968 -0.0434
1341848023.3188 0.5205 -2.1948 4.2859 0.0235 0.8642 0.5004 -0.0472
1341848023.3548 0.5347 -2.1909 4.2839 0.0182 0.8622 0.5032 -0.0550
1341848023.3869 0.5475 -2.1870 4.2807 0.0159 0.8608 0.5052 -0.0601
1341848023.4187 0.5543 -2.1842 4.2814 0.0164 0.8594 0.5070 -0.0642
1341848023.4547 0.5633 -2.1811 4.2774 0.0177 0.8569 0.5103 -0.0705
1341848023.4871 0.5734 -2.1762 4.2717 0.0185 0.8555 0.5120 -0.0754
1341848023.5187 0.5766 -2.1741 4.2676 0.0180 0.8546 0.5131 -0.0786
1341848023.5551 0.5843 -2.1711 4.2625 0.0152 0.8540 0.5131 -0.0843
1341848023.5868 0.5959 -2.1662 4.2563 0.0140 0.8542 0.5121 -0.0893
1341848023.6228 0.6006 -2.1658 4.2523 0.0159 0.8542 0.5113 -0.0929
1341848023.6872 0.6143 -2.1621 4.2412 0.0152 0.8540 0.5096 -0.1037
1341848023.7227 0.6234 -2.1582 4.2357 0.0166 0.8543 0.5078 -0.1094
1341848023.7547 0.6262 -2.1566 4.2332 0.0182 0.8542 0.5073 -0.1124
1341848023.7869 0.6311 -2.1508 4.2221 0.0166 0.8531 0.5081 -0.1173
1341848023.8228 0.6389 -2.1487 4.2174 0.0145 0.8535 0.5062 -0.1225
1341848023.8548 0.6435 -2.1438 4.2107 0.0148 0.8528 0.5065 -0.1265
1341848023.8907 0.6490 -2.1393 4.2015 0.0146 0.8520 0.5065 -0.1315
1341848023.9228 0.6539 -2.1334 4.1906 0.0135 0.8520 0.5053 -0.1361
1341848023.9548 0.6583 -2.1313 4.1827 0.0136 0.8523 0.5034 -0.1415
1341848023.9907 0.6653 -2.1308 4.1784 0.0167 0.8513 0.5028 -0.1487
1341848024.0227 0.6722 -2.1248 4.1678 0.0216 0.8492 0.5042 -0.1556
1341848024.0547 0.6769 -2.1211 4.1562 0.0247 0.8481 0.5046 -0.1597
1341848024.1228 0.6844 -2.1164 4.1455 0.0305 0.8468 0.5036 -0.1688
1341848024.1588 0.6909 -2.1112 4.1326 0.0330 0.8450 0.5047 -0.1738
1341848024.1909 0.6909 -2.1094 4.1272 0.0349 0.8454 0.5032 -0.1756
1341848024.2228 0.6927 -2.1079 4.1259 0.0354 0.8441 0.5038 -0.1799
1341848024.2588 0.6990 -2.0997 4.1130 0.0357 0.8414 0.5058 -0.1867
1341848024.2908 0.7029 -2.0966 4.1101 0.0374 0.8412 0.5049 -0.1898
1341848024.3227 0.7038 -2.0953 4.1040 0.0369 0.8387 0.5081 -0.1926
1341848024.3587 0.7082 -2.0889 4.0930 0.0342 0.8365 0.5100 -0.1974
1341848024.3909 0.7116 -2.0862 4.0870 0.0325 0.8359 0.5096 -0.2011
1341848024.4268 0.7167 -2.0817 4.0839 0.0323 0.8349 0.5096 -0.2056
1341848024.4588 0.7202 -2.0773 4.0760 0.0322 0.8331 0.5111 -0.2091
1341848024.4910 0.7233 -2.0742 4.0728 0.0319 0.8320 0.5114 -0.2129
1341848024.5268 0.7298 -2.0687 4.0679 0.0302 0.8299 0.5129 -0.2174
1341848024.5586 0.7357 -2.0629 4.0607 0.0294 0.8284 0.5140 -0.2206
1341848024.5947 0.7401 -2.0619 4.0583 0.0297 0.8274 0.5143 -0.2235
1341848024.6267 0.7443 -2.0566 4.0539 0.0281 0.8252 0.5163 -0.2274
1341848024.6587 0.7516 -2.0499 4.0467 0.0272 0.8234 0.5170 -0.2323
1341848024.6948 0.7585 -2.0472 4.0464 0.0284 0.8226 0.5163 -0.2365
1341848024.7271 0.7648 -2.0419 4.0412 0.0289 0.8199 0.5188 -0.2405
1341848024.7589 0.7713 -2.0360 4.0314 0.0284 0.8180 0.5198 -0.2446
1341848024.7947 0.7779 -2.0348 4.0311 0.0279 0.8179 0.5183 -0.2482
1341848024.8267 0.7878 -2.0280 4.0257 0.0274 0.8164 0.5183 -0.2533
1341848024.8628 0.7980 -2.0244 4.0194 0.0296 0.8157 0.5170 -0.2578
1341848024.8948 0.8065 -2.0229 4.0183 0.0326 0.8156 0.5154 -0.2610
1341848024.9268 0.8161 -2.0200 4.0128 0.0345 0.8143 0.5149 -0.2658
1341848024.9627 0.8264 -2.0170 4.0110 0.0368 0.8145 0.5127 -0.2691
1341848024.9947 0.8358 -2.0183 4.0127 0.0399 0.8136 0.5124 -0.2718
1341848025.0269 0.8441 -2.0136 4.0062 0.0415 0.8108 0.5146 -0.2758
1341848025.0626 0.8516 -2.0125 4.0028 0.0408 0.8103 0.5143 -0.2780
1341848025.1311 0.8712 -2.0050 3.9973 0.0389 0.8072 0.5148 -0.2861
1341848025.1631 0.8818 -2.0017 3.9944 0.0407 0.8069 0.5132 -0.2897
1341848025.1949 0.8883 -2.0013 3.9950 0.0430 0.8059 0.5132 -0.2921
1341848025.2306 0.8962 -1.9982 3.9884 0.0437 0.8035 0.5143 -0.2966
1341848025.2627 0.9066 -1.9942 3.9849 0.0446 0.8034 0.5125 -0.2999
1341848025.2947 0.9134 -1.9939 3.9841 0.0457 0.8029 0.5122 -0.3014
1341848025.3307 0.9198 -1.9912 3.9783 0.0445 0.8014 0.5132 -0.3038
1341848025.3630 0.9280 -1.9898 3.9753 0.0435 0.8012 0.5123 -0.3061
1341848025.3988 0.9357 -1.9882 3.9734 0.0451 0.8006 0.5119 -0.3081
1341848025.4307 0.9389 -1.9879 3.9683 0.0457 0.7987 0.5138 -0.3098
1341848025.4628 0.9446 -1.9875 3.9636 0.0434 0.7979 0.5137 -0.3124
1341848025.4987 0.9519 -1.9862 3.9619 0.0416 0.7975 0.5131 -0.3146
1341848025.5308 0.9581 -1.9835 3.9576 0.0420 0.7961 0.5136 -0.3173
1341848025.5668 0.9621 -1.9816 3.9537 0.0419 0.7951 0.5138 -0.3195
1341848025.5987 0.9678 -1.9793 3.9512 0.0405 0.7944 0.5137 -0.3217
1341848025.6307 0.9742 -1.9767 3.9479 0.0403 0.7933 0.5137 -0.3242
1341848025.6667 0.9780 -1.9743 3.9446 0.0412 0.7923 0.5140 -0.3263
1341848025.6988 0.9829 -1.9741 3.9427 0.0408 0.7907 0.5146 -0.3290
1341848025.7307 0.9874 -1.9687 3.9369 0.0389 0.7889 0.5158 -0.3317
1341848025.7667 0.9922 -1.9631 3.9330 0.0379 0.7888 0.5145 -0.3342
1341848025.7989 0.9968 -1.9632 3.9315 0.0392 0.7884 0.5134 -0.3367
1341848025.8348 1.0019 -1.9582 3.9261 0.0404 0.7870 0.5134 -0.3397
1341848025.8667 1.0069 -1.9554 3.9220 0.0421 0.7868 0.5119 -0.3422
1341848025.8987 1.0115 -1.9538 3.9203 0.0442 0.7863 0.5109 -0.3446
1341848025.9348 1.0145 -1.9508 3.9151 0.0457 0.7848 0.5114 -0.3472
1341848025.9671 1.0202 -1.9472 3.9126 0.0465 0.7845 0.5099 -0.3499
1341848025.9987 1.0259 -1.9434 3.9104 0.0481 0.7831 0.5099 -0.3528
1341848026.0346 1.0297 -1.9382 3.9033 0.0496 0.7812 0.5104 -0.3561
1341848026.0669 1.0353 -1.9360 3.8996 0.0503 0.7809 0.5087 -0.3590
1341848026.1028 1.0425 -1.9334 3.8984 0.0518 0.7796 0.5079 -0.3628
1341848026.1347 1.0480 -1.9277 3.8901 0.0545 0.7771 0.5084 -0.3670
1341848026.1667 1.0540 -1.9262 3.8883 0.0582 0.7769 0.5066 -0.3693
1341848026.2028 1.0587 -1.9244 3.8872 0.0603 0.7751 0.5071 -0.3721
1341848026.2349 1.0650 -1.9185 3.8802 0.0614 0.7724 0.5078 -0.3765
1341848026.2670 1.0724 -1.9163 3.8793 0.0654 0.7714 0.5066 -0.3795
1341848026.3029 1.0760 -1.9129 3.8744 0.0686 0.7683 0.5089 -0.3822
1341848026.3348 1.0795 -1.9088 3.8689 0.0689 0.7666 0.5090 -0.3853
1341848026.3710 1.0863 -1.9059 3.8662 0.0689 0.7662 0.5076 -0.3881
1341848026.4027 1.0912 -1.9040 3.8623 0.0708 0.7649 0.5073 -0.3906
1341848026.4347 1.0954 -1.9009 3.8574 0.0729 0.7641 0.5058 -0.3937
1341848026.4708 1.1004 -1.8974 3.8549 0.0736 0.7643 0.5036 -0.3960
1341848026.5027 1.1049 -1.8958 3.8509 0.0738 0.7633 0.5027 -0.3991
1341848026.5347 1.1107 -1.8945 3.8457 0.0730 0.7624 0.5017 -0.4022
1341848026.5708 1.1154 -1.8920 3.8413 0.0722 0.7626 0.5004 -0.4036
1341848026.6027 1.1218 -1.8901 3.8391 0.0700 0.7627 0.4995 -0.4047
1341848026.6420 1.1269 -1.8881 3.8346 0.0701 0.7617 0.4993 -0.4068
1341848026.7028 1.1390 -1.8829 3.8250 0.0690 0.7616 0.4978 -0.4091
1341848026.7388 1.1475 -1.8820 3.8216 0.0677 0.7615 0.4974 -0.4100
1341848026.7708 1.1547 -1.8795 3.8185 0.0682 0.7610 0.4979 -0.4104
1341848026.8067 1.1629 -1.8784 3.8143 0.0685 0.7600 0.4990 -0.4107
1341848026.8387 1.1699 -1.8769 3.8106 0.0680 0.7596 0.5004 -0.4099
1341848026.8780 1.1783 -1.8748 3.8077 0.0670 0.7591 0.5012 -0.4100
1341848026.9389 1.1974 -1.8695 3.7994 0.0655 0.7584 0.5028 -0.4096
1341848026.9707 1.2087 -1.8684 3.7975 0.0653 0.7585 0.5033 -0.4088
1341848027.0068 1.2166 -1.8666 3.7949 0.0651 0.7580 0.5044 -0.4083
1341848027.0387 1.2279 -1.8647 3.7907 0.0654 0.7577 0.5037 -0.4098
1341848027.0748 1.2402 -1.8660 3.7912 0.0663 0.7578 0.5034 -0.4097
1341848027.1067 1.2474 -1.8648 3.7870 0.0677 0.7562 0.5043 -0.4115
1341848027.1387 1.2573 -1.8648 3.7830 0.0679 0.7566 0.5022 -0.4133
1341848027.1748 1.2701 -1.8647 3.7832 0.0666 0.7575 0.5002 -0.4141
1341848027.2072 1.2801 -1.8648 3.7815 0.0671 0.7570 0.4994 -0.4160
1341848027.2387 1.2912 -1.8655 3.7783 0.0674 0.7563 0.4982 -0.4187
1341848027.2747 1.3025 -1.8662 3.7776 0.0673 0.7566 0.4971 -0.4194
1341848027.3067 1.3133 -1.8662 3.7759 0.0674 0.7565 0.4959 -0.4211
1341848027.3428 1.3231 -1.8670 3.7732 0.0687 0.7566 0.4944 -0.4224
1341848027.3749 1.3331 -1.8683 3.7702 0.0694 0.7577 0.4925 -0.4225
1341848027.4068 1.3443 -1.8692 3.7692 0.0694 0.7592 0.4904 -0.4222
1341848027.4430 1.3544 -1.8688 3.7652 0.0692 0.7607 0.4886 -0.4218
1341848027.4748 1.3658 -1.8700 3.7638 0.0680 0.7634 0.4861 -0.4199
1341848027.5067 1.3770 -1.8703 3.7613 0.0677 0.7656 0.4842 -0.4182
1341848027.5433 1.3858 -1.8702 3.7584 0.0677 0.7678 0.4828 -0.4157
1341848027.5747 1.3954 -1.8712 3.7571 0.0672 0.7701 0.4812 -0.4135
1341848027.6107 1.4044 -1.8713 3.7551 0.0662 0.7714 0.4805 -0.4119
1341848027.6427 1.4124 -1.8709 3.7519 0.0661 0.7726 0.4799 -0.4104
1341848027.6747 1.4203 -1.8713 3.7510 0.0659 0.7737 0.4798 -0.4083
1341848027.7110 1.4273 -1.8696 3.7477 0.0660 0.7737 0.4803 -0.4079
1341848027.7428 1.4344 -1.8680 3.7419 0.0659 0.7739 0.4808 -0.4070
1341848027.7788 1.4403 -1.8667 3.7380 0.0650 0.7752 0.4809 -0.4046
1341848027.8107 1.4479 -1.8651 3.7354 0.0639 0.7761 0.4808 -0.4030
1341848027.8428 1.4558 -1.8629 3.7306 0.0632 0.7760 0.4823 -0.4015
1341848027.8787 1.4601 -1.8601 3.7255 0.0629 0.7765 0.4836 -0.3989
1341848027.9111 1.4666 -1.8594 3.7213 0.0614 0.7774 0.4844 -0.3965
1341848027.9427 1.4729 -1.8563 3.7166 0.0598 0.7773 0.4862 -0.3948
1341848027.9788 1.4779 -1.8545 3.7072 0.0581 0.7777 0.4875 -0.3927
1341848028.0110 1.4832 -1.8530 3.7048 0.0568 0.7797 0.4865 -0.3900
1341848028.0467 1.4887 -1.8505 3.6994 0.0558 0.7801 0.4866 -0.3892
1341848028.0790 1.4939 -1.8480 3.6919 0.0562 0.7813 0.4854 -0.3883
1341848028.1110 1.4999 -1.8461 3.6879 0.0573 0.7831 0.4836 -0.3867
1341848028.1506 1.5012 -1.8446 3.6826 0.0587 0.7836 0.4829 -0.3864
1341848028.1860 1.5055 -1.8426 3.6724 0.0584 0.7842 0.4815 -0.3869
1341848028.2542 1.5151 -1.8377 3.6638 0.0598 0.7853 0.4789 -0.3877
1341848028.3149 1.5215 -1.8333 3.6523 0.0603 0.7864 0.4761 -0.3889
1341848028.3790 1.5302 -1.8269 3.6375 0.0613 0.7859 0.4740 -0.3923
1341848028.4146 1.5339 -1.8241 3.6303 0.0621 0.7863 0.4725 -0.3932
1341848028.4476 1.5389 -1.8218 3.6220 0.0616 0.7857 0.4717 -0.3953
1341848028.4828 1.5456 -1.8174 3.6156 0.0619 0.7862 0.4695 -0.3970
1341848028.5147 1.5520 -1.8144 3.6108 0.0652 0.7862 0.4682 -0.3979
1341848028.5466 1.5573 -1.8117 3.5993 0.0664 0.7850 0.4697 -0.3984
1341848028.5827 1.5640 -1.8093 3.5930 0.0655 0.7856 0.4688 -0.3985
1341848028.6146 1.5720 -1.8051 3.5872 0.0660 0.7855 0.4690 -0.3984
1341848028.6538 1.5787 -1.8011 3.5774 0.0666 0.7849 0.4699 -0.3983
1341848028.7218 1.5921 -1.7937 3.5639 0.0673 0.7854 0.4688 -0.3985
1341848028.7829 1.6036 -1.7861 3.5474 0.0690 0.7856 0.4679 -0.3990
1341848028.8148 1.6097 -1.7836 3.5397 0.0685 0.7856 0.4680 -0.3989
1341848028.8508 1.6155 -1.7789 3.5322 0.0684 0.7862 0.4672 -0.3988
1341848028.8827 1.6221 -1.7759 3.5282 0.0698 0.7868 0.4665 -0.3980
1341848028.9148 1.6287 -1.7732 3.5211 0.0715 0.7860 0.4678 -0.3979
1341848028.9509 1.6341 -1.7699 3.5141 0.0727 0.7852 0.4690 -0.3977
1341848028.9827 1.6390 -1.7671 3.5056 0.0728 0.7846 0.4704 -0.3973
1341848029.0187 1.6438 -1.7650 3.4987 0.0711 0.7844 0.4713 -0.3969
1341848029.0829 1.6535 -1.7592 3.4887 0.0681 0.7846 0.4708 -0.3976
1341848029.1188 1.6589 -1.7558 3.4825 0.0687 0.7839 0.4712 -0.3985
1341848029.1507 1.6631 -1.7529 3.4755 0.0686 0.7825 0.4726 -0.3996
1341848029.1827 1.6677 -1.7499 3.4710 0.0675 0.7813 0.4741 -0.4004
1341848029.2187 1.6734 -1.7463 3.4658 0.0667 0.7804 0.4751 -0.4011
1341848029.2506 1.6783 -1.7437 3.4608 0.0651 0.7797 0.4762 -0.4014
1341848029.2870 1.6835 -1.7411 3.4562 0.0624 0.7788 0.4770 -0.4025
1341848029.3202 1.6903 -1.7383 3.4522 0.0610 0.7774 0.4775 -0.4048
1341848029.3510 1.6963 -1.7349 3.4451 0.0623 0.7767 0.4768 -0.4068
1341848029.3869 1.7030 -1.7331 3.4422 0.0620 0.7768 0.4758 -0.4078
1341848029.4188 1.7097 -1.7311 3.4370 0.0610 0.7752 0.4764 -0.4103
1341848029.4508 1.7168 -1.7285 3.4318 0.0611 0.7746 0.4751 -0.4130
1341848029.4868 1.7246 -1.7268 3.4270 0.0605 0.7739 0.4746 -0.4150
1341848029.5189 1.7319 -1.7246 3.4228 0.0591 0.7730 0.4737 -0.4179
1341848029.5547 1.7410 -1.7239 3.4178 0.0597 0.7724 0.4716 -0.4212
1341848029.5870 1.7509 -1.7236 3.4157 0.0610 0.7727 0.4692 -0.4232
1341848029.6187 1.7596 -1.7218 3.4118 0.0622 0.7713 0.4682 -0.4267
1341848029.6553 1.7678 -1.7198 3.4055 0.0632 0.7695 0.4673 -0.4308
1341848029.6868 1.7777 -1.7186 3.4023 0.0631 0.7692 0.4654 -0.4333
1341848029.7188 1.7872 -1.7178 3.3992 0.0634 0.7670 0.4654 -0.4371
1341848029.7548 1.7953 -1.7157 3.3939 0.0639 0.7650 0.4653 -0.4406
1341848029.7869 1.8048 -1.7145 3.3909 0.0642 0.7646 0.4635 -0.4431
1341848029.8228 1.8142 -1.7134 3.3878 0.0645 0.7628 0.4636 -0.4462
1341848029.8548 1.8223 -1.7111 3.3840 0.0649 0.7611 0.4631 -0.4495
1341848029.8880 1.8310 -1.7092 3.3814 0.0661 0.7599 0.4618 -0.4527
1341848029.9228 1.8400 -1.7076 3.3799 0.0670 0.7585 0.4615 -0.4551
1341848029.9546 1.8471 -1.7043 3.3763 0.0676 0.7564 0.4617 -0.4584
1341848029.9908 1.8553 -1.7024 3.3732 0.0676 0.7552 0.4608 -0.4613
1341848030.0229 1.8645 -1.7006 3.3707 0.0678 0.7536 0.4610 -0.4637
1341848030.0548 1.8712 -1.6977 3.3677 0.0680 0.7521 0.4612 -0.4659
1341848030.0908 1.8784 -1.6956 3.3632 0.0679 0.7505 0.4608 -0.4688
1341848030.1228 1.8856 -1.6933 3.3615 0.0670 0.7494 0.4606 -0.4709
1341848030.1549 1.8917 -1.6910 3.3571 0.0673 0.7474 0.4609 -0.4738
1341848030.1907 1.8970 -1.6887 3.3539 0.0673 0.7459 0.4608 -0.4762
1341848030.2227 1.9022 -1.6865 3.3504 0.0666 0.7438 0.4611 -0.4793
1341848030.2589 1.9076 -1.6845 3.3474 0.0657 0.7417 0.4611 -0.4826
1341848030.2909 1.9137 -1.6812 3.3436 0.0658 0.7393 0.4613 -0.4861
1341848030.3228 1.9184 -1.6788 3.3395 0.0656 0.7375 0.4617 -0.4885
1341848030.3589 1.9232 -1.6753 3.3355 0.0652 0.7343 0.4630 -0.4921
1341848030.3908 1.9275 -1.6731 3.3303 0.0650 0.7321 0.4630 -0.4954
1341848030.4228 1.9339 -1.6694 3.3282 0.0645 0.7302 0.4631 -0.4982
1341848030.4589 1.9374 -1.6658 3.3222 0.0650 0.7280 0.4631 -0.5013
1341848030.4908 1.9441 -1.6627 3.3194 0.0642 0.7268 0.4630 -0.5032
1341848030.5267 1.9472 -1.6581 3.3141 0.0641 0.7247 0.4636 -0.5057
1341848030.5658 1.9512 -1.6535 3.3087 0.0640 0.7231 0.4625 -0.5090
1341848030.6270 1.9608 -1.6476 3.2997 0.0654 0.7196 0.4607 -0.5154
1341848030.6589 1.9647 -1.6436 3.2926 0.0670 0.7183 0.4588 -0.5187
1341848030.6907 1.9704 -1.6411 3.2874 0.0683 0.7178 0.4564 -0.5213
1341848030.7268 1.9750 -1.6370 3.2822 0.0688 0.7166 0.4549 -0.5243
1341848030.7588 1.9786 -1.6339 3.2750 0.0694 0.7148 0.4530 -0.5283
1341848030.7947 1.9839 -1.6316 3.2695 0.0688 0.7136 0.4507 -0.5319
1341848030.8275 1.9896 -1.6280 3.2624 0.0687 0.7124 0.4482 -0.5357
1341848030.8598 1.9971 -1.6260 3.2574 0.0706 0.7115 0.4444 -0.5396
1341848030.8947 2.0039 -1.6240 3.2513 0.0752 0.7095 0.4415 -0.5441
1341848030.9267 2.0087 -1.6204 3.2406 0.0785 0.7078 0.4389 -0.5480
1341848030.9587 2.0129 -1.6189 3.2330 0.0788 0.7075 0.4358 -0.5508
1341848030.9947 2.0204 -1.6177 3.2270 0.0784 0.7060 0.4326 -0.5552
1341848031.0267 2.0275 -1.6141 3.2175 0.0802 0.7052 0.4298 -0.5583
1341848031.0628 2.0337 -1.6123 3.2109 0.0834 0.7057 0.4260 -0.5600
1341848031.0948 2.0412 -1.6102 3.2042 0.0859 0.7045 0.4234 -0.5630
1341848031.1268 2.0473 -1.6071 3.1940 0.0874 0.7038 0.4220 -0.5648
1341848031.1629 2.0544 -1.6040 3.1873 0.0890 0.7047 0.4197 -0.5652
1341848031.1947 2.0611 -1.6027 3.1823 0.0906 0.7045 0.4186 -0.5659
1341848031.2310 2.0653 -1.5991 3.1750 0.0917 0.7037 0.4185 -0.5668
1341848031.2627 2.0728 -1.5984 3.1678 0.0930 0.7033 0.4179 -0.5675
1341848031.2947 2.0786 -1.5962 3.1623 0.0962 0.7021 0.4182 -0.5682
1341848031.3308 2.0810 -1.5945 3.1543 0.0977 0.7009 0.4191 -0.5689
1341848031.3630 2.0851 -1.5933 3.1482 0.0970 0.7007 0.4183 -0.5699
1341848031.3948 2.0890 -1.5921 3.1436 0.0955 0.7000 0.4182 -0.5710
1341848031.4306 2.0931 -1.5900 3.1377 0.0946 0.6989 0.4175 -0.5729
1341848031.4722 2.0970 -1.5893 3.1327 0.0933 0.6984 0.4166 -0.5744
1341848031.5021 2.1016 -1.5877 3.1294 0.0915 0.6971 0.4171 -0.5760
1341848031.5629 2.1106 -1.5869 3.1215 0.0896 0.6943 0.4154 -0.5808
1341848031.5987 2.1145 -1.5859 3.1183 0.0897 0.6920 0.4153 -0.5837
1341848031.6308 2.1187 -1.5850 3.1132 0.0892 0.6903 0.4145 -0.5862
1341848031.6628 2.1245 -1.5844 3.1108 0.0881 0.6895 0.4133 -0.5883
1341848031.6988 2.1297 -1.5839 3.1067 0.0872 0.6875 0.4128 -0.5911
1341848031.7307 2.1333 -1.5835 3.1018 0.0860 0.6864 0.4112 -0.5936
1341848031.7667 2.1407 -1.5827 3.0994 0.0836 0.6861 0.4086 -0.5961
1341848031.7987 2.1482 -1.5818 3.0968 0.0833 0.6839 0.4072 -0.5996
1341848031.8308 2.1525 -1.5807 3.0929 0.0844 0.6818 0.4046 -0.6035
1341848031.8667 2.1590 -1.5809 3.0899 0.0843 0.6801 0.4021 -0.6072
1341848031.8987 2.1642 -1.5809 3.0862 0.0826 0.6781 0.4011 -0.6103
1341848031.9308 2.1722 -1.5800 3.0824 0.0823 0.6769 0.3978 -0.6139
1341848031.9667 2.1796 -1.5799 3.0794 0.0835 0.6755 0.3963 -0.6161
1341848031.9987 2.1842 -1.5789 3.0741 0.0822 0.6732 0.3960 -0.6191
1341848032.0347 2.1929 -1.5786 3.0695 0.0797 0.6720 0.3946 -0.6216
1341848032.0667 2.2019 -1.5766 3.0672 0.0795 0.6709 0.3933 -0.6237
1341848032.0987 2.2089 -1.5748 3.0610 0.0803 0.6696 0.3923 -0.6255
1341848032.1347 2.2157 -1.5731 3.0573 0.0796 0.6696 0.3919 -0.6258
1341848032.1670 2.2232 -1.5708 3.0542 0.0791 0.6683 0.3917 -0.6274
1341848032.2030 2.2297 -1.5692 3.0479 0.0797 0.6675 0.3912 -0.6285
1341848032.2347 2.2376 -1.5674 3.0452 0.0798 0.6677 0.3903 -0.6289
1341848032.2667 2.2442 -1.5640 3.0421 0.0798 0.6659 0.3907 -0.6305
1341848032.3028 2.2484 -1.5628 3.0356 0.0792 0.6649 0.3910 -0.6314
1341848032.3346 2.2565 -1.5619 3.0350 0.0787 0.6652 0.3896 -0.6321
1341848032.3667 2.2613 -1.5585 3.0318 0.0786 0.6631 0.3903 -0.6339
1341848032.4030 2.2650 -1.5584 3.0262 0.0777 0.6621 0.3891 -0.6357
1341848032.4347 2.2735 -1.5574 3.0241 0.0768 0.6618 0.3870 -0.6374
1341848032.4708 2.2794 -1.5556 3.0197 0.0761 0.6612 0.3864 -0.6385
1341848032.5030 2.2850 -1.5544 3.0148 0.0760 0.6611 0.3853 -0.6394
1341848032.5347 2.2908 -1.5535 3.0119 0.0761 0.6610 0.3836 -0.6405
1341848032.5709 2.2971 -1.5519 3.0067 0.0756 0.6602 0.3829 -0.6417
1341848032.6030 2.3020 -1.5503 2.9977 0.0744 0.6608 0.3816 -0.6420
1341848032.6347 2.3064 -1.5498 2.9943 0.0732 0.6623 0.3796 -0.6418
1341848032.6708 2.3126 -1.5487 2.9886 0.0710 0.6625 0.3782 -0.6426
1341848032.7028 2.3186 -1.5477 2.9817 0.0693 0.6632 0.3771 -0.6428
1341848032.7387 2.3262 -1.5464 2.9769 0.0695 0.6641 0.3750 -0.6431
1341848032.7707 2.3311 -1.5439 2.9715 0.0701 0.6637 0.3754 -0.6432
1341848032.8029 2.3351 -1.5420 2.9612 0.0696 0.6631 0.3755 -0.6437
1341848032.8388 2.3421 -1.5411 2.9565 0.0692 0.6649 0.3745 -0.6425
1341848032.8707 2.3458 -1.5380 2.9519 0.0704 0.6648 0.3745 -0.6426
1341848032.9027 2.3478 -1.5351 2.9442 0.0716 0.6644 0.3736 -0.6434
1341848032.9388 2.3537 -1.5324 2.9402 0.0716 0.6643 0.3729 -0.6438
1341848032.9708 2.3558 -1.5268 2.9338 0.0708 0.6629 0.3740 -0.6447
1341848033.0067 2.3570 -1.5241 2.9263 0.0707 0.6616 0.3738 -0.6462
1341848033.0392 2.3598 -1.5214 2.9194 0.0708 0.6611 0.3724 -0.6475
1341848033.0708 2.3604 -1.5183 2.9136 0.0697 0.6603 0.3718 -0.6488
1341848033.1069 2.3614 -1.5141 2.9062 0.0678 0.6587 0.3702 -0.6514
1341848033.1391 2.3641 -1.5119 2.8998 0.0676 0.6582 0.3677 -0.6534
1341848033.1707 2.3687 -1.5090 2.8955 0.0700 0.6572 0.3653 -0.6555
1341848033.2069 2.3700 -1.5058 2.8888 -0.0727 -0.6551 -0.3643 0.6579
1341848033.2387 2.3709 -1.5026 2.8816 -0.0730 -0.6532 -0.3631 0.6605
1341848033.2749 2.3760 -1.4995 2.8758 -0.0721 -0.6516 -0.3626 0.6623
1341848033.3067 2.3772 -1.4959 2.8695 -0.0728 -0.6492 -0.3629 0.6645
1341848033.3388 2.3798 -1.4935 2.8620 -0.0737 -0.6472 -0.3614 0.6672
1341848033.3748 2.3840 -1.4896 2.8561 -0.0738 -0.6452 -0.3619 0.6688
1341848033.4068 2.3827 -1.4858 2.8484 -0.0735 -0.6434 -0.3627 0.6701
1341848033.4431 2.3853 -1.4832 2.8424 -0.0732 -0.6431 -0.3613 0.6713
1341848033.4747 2.3882 -1.4804 2.8374 -0.0738 -0.6419 -0.3608 0.6726
1341848033.5068 2.3890 -1.4773 2.8312 -0.0742 -0.6406 -0.3606 0.6739
1341848033.5429 2.3899 -1.4745 2.8243 -0.0743 -0.6403 -0.3594 0.6748
1341848033.5748 2.3928 -1.4721 2.8213 -0.0749 -0.6397 -0.3579 0.6761
1341848033.6069 2.3935 -1.4696 2.8156 -0.0766 -0.6375 -0.3567 0.6786
1341848033.6429 2.3950 -1.4674 2.8088 -0.0776 -0.6370 -0.3554 0.6796
1341848033.6749 2.3976 -1.4661 2.8047 -0.0779 -0.6364 -0.3546 0.6806
1341848033.7108 2.3999 -1.4644 2.7980 -0.0790 -0.6346 -0.3540 0.6824
1341848033.7428 2.3990 -1.4627 2.7900 -0.0799 -0.6343 -0.3524 0.6834
1341848033.7748 2.4030 -1.4614 2.7866 -0.0789 -0.6348 -0.3511 0.6837
1341848033.8111 2.4046 -1.4589 2.7822 -0.0787 -0.6329 -0.3507 0.6857
1341848033.8428 2.4063 -1.4577 2.7765 -0.0798 -0.6317 -0.3491 0.6876
1341848033.8749 2.4100 -1.4561 2.7729 -0.0807 -0.6312 -0.3479 0.6885
1341848033.9112 2.4106 -1.4540 2.7682 -0.0808 -0.6285 -0.3470 0.6914
1341848033.9428 2.4103 -1.4532 2.7651 -0.0785 -0.6257 -0.3455 0.6949
1341848033.9789 2.4134 -1.4525 2.7602 -0.0748 -0.6234 -0.3434 0.6984
1341848034.0108 2.4162 -1.4525 2.7569 -0.0712 -0.6207 -0.3410 0.7024
1341848034.0427 2.4208 -1.4530 2.7537 -0.0689 -0.6167 -0.3382 0.7075
1341848034.0788 2.4249 -1.4528 2.7494 -0.0694 -0.6139 -0.3346 0.7116
1341848034.1108 2.4256 -1.4527 2.7469 -0.0697 -0.6129 -0.3308 0.7142
1341848034.1427 2.4294 -1.4536 2.7449 -0.0677 -0.6087 -0.3268 0.7198
1341848034.1788 2.4345 -1.4528 2.7411 -0.0645 -0.6052 -0.3244 0.7241
1341848034.2107 2.4403 -1.4540 2.7375 -0.0642 -0.6038 -0.3217 0.7265
1341848034.2467 2.4466 -1.4528 2.7339 -0.0657 -0.6006 -0.3183 0.7305
1341848034.2787 2.4488 -1.4533 2.7300 -0.0661 -0.5979 -0.3162 0.7336
1341848034.3181 2.4546 -1.4536 2.7263 -0.0646 -0.5967 -0.3134 0.7359
1341848034.3538 2.4614 -1.4519 2.7217 -0.0649 -0.5943 -0.3104 0.7391
1341848034.3862 2.4670 -1.4512 2.7158 -0.0661 -0.5928 -0.3077 0.7413
1341848034.4218 2.4726 -1.4500 2.7122 -0.0667 -0.5920 -0.3059 0.7426
1341848034.4538 2.4797 -1.4472 2.7066 -0.0666 -0.5901 -0.3050 0.7445
1341848034.4857 2.4858 -1.4459 2.6985 -0.0665 -0.5889 -0.3042 0.7458
1341848034.5217 2.4912 -1.4425 2.6926 -0.0653 -0.5892 -0.3041 0.7457
1341848034.5537 2.4987 -1.4381 2.6863 -0.0642 -0.5882 -0.3044 0.7465
1341848034.5858 2.5052 -1.4336 2.6789 -0.0649 -0.5879 -0.3047 0.7466
1341848034.6538 2.5183 -1.4256 2.6677 -0.0674 -0.5866 -0.3069 0.7464
1341848034.7152 2.5306 -1.4172 2.6536 -0.0686 -0.5843 -0.3075 0.7479
1341848034.7467 2.5371 -1.4127 2.6490 -0.0698 -0.5845 -0.3079 0.7474
1341848034.7828 2.5409 -1.4083 2.6439 -0.0714 -0.5833 -0.3085 0.7480
1341848034.8147 2.5467 -1.4037 2.6366 -0.0716 -0.5824 -0.3080 0.7489
1341848034.8469 2.5526 -1.3994 2.6324 -0.0710 -0.5826 -0.3096 0.7481
1341848034.8827 2.5557 -1.3957 2.6277 -0.0723 -0.5811 -0.3098 0.7491
1341848034.9148 2.5601 -1.3930 2.6234 -0.0729 -0.5798 -0.3101 0.7499
1341848034.9515 2.5629 -1.3889 2.6201 -0.0723 -0.5783 -0.3112 0.7506
1341848034.9830 2.5649 -1.3859 2.6161 -0.0725 -0.5763 -0.3115 0.7521
1341848035.0149 2.5683 -1.3827 2.6128 -0.0734 -0.5747 -0.3115 0.7532
1341848035.0509 2.5690 -1.3779 2.6081 -0.0744 -0.5733 -0.3113 0.7542
1341848035.0843 2.5715 -1.3755 2.6039 -0.0741 -0.5726 -0.3113 0.7549
1341848035.1189 2.5754 -1.3708 2.5997 -0.0736 -0.5710 -0.3119 0.7558
1341848035.2189 2.5800 -1.3601 2.5852 -0.0752 -0.5680 -0.3129 0.7575
1341848035.2843 2.5808 -1.3521 2.5714 -0.0750 -0.5669 -0.3121 0.7587
1341848035.3199 2.5830 -1.3496 2.5668 -0.0752 -0.5667 -0.3101 0.7597
1341848035.3510 2.5830 -1.3459 2.5586 -0.0753 -0.5661 -0.3087 0.7607
1341848035.4227 2.5868 -1.3418 2.5472 -0.0767 -0.5661 -0.3043 0.7623
1341848035.4868 2.5879 -1.3348 2.5313 -0.0772 -0.5657 -0.2998 0.7643
1341848035.5186 2.5903 -1.3312 2.5250 -0.0789 -0.5653 -0.2978 0.7652
1341848035.5509 2.5865 -1.3274 2.5174 -0.0816 -0.5643 -0.2946 0.7669
1341848035.5867 2.5883 -1.3253 2.5099 -0.0812 -0.5642 -0.2914 0.7682
1341848035.6188 2.5918 -1.3219 2.5041 -0.0806 -0.5630 -0.2896 0.7699
1341848035.6547 2.5904 -1.3176 2.4961 -0.0825 -0.5603 -0.2871 0.7725
1341848035.6867 2.5925 -1.3151 2.4892 -0.0850 -0.5588 -0.2842 0.7744
1341848035.7188 2.5938 -1.3104 2.4834 -0.0871 -0.5551 -0.2830 0.7773
1341848035.7560 2.5903 -1.3059 2.4759 -0.0886 -0.5523 -0.2814 0.7797
1341848035.7867 2.5924 -1.3035 2.4692 -0.0883 -0.5508 -0.2805 0.7811
1341848035.8188 2.5911 -1.2993 2.4630 -0.0887 -0.5473 -0.2800 0.7837
1341848035.8547 2.5886 -1.2969 2.4556 -0.0896 -0.5452 -0.2777 0.7859
1341848035.8867 2.5902 -1.2947 2.4483 -0.0908 -0.5447 -0.2749 0.7871
1341848035.9228 2.5900 -1.2914 2.4413 -0.0923 -0.5436 -0.2725 0.7885
1341848035.9546 2.5892 -1.2888 2.4326 -0.0931 -0.5434 -0.2698 0.7895
1341848035.9867 2.5918 -1.2859 2.4245 -0.0949 -0.5438 -0.2668 0.7900
1341848036.0228 2.5933 -1.2820 2.4189 -0.0981 -0.5434 -0.2649 0.7905
1341848036.0549 2.5903 -1.2770 2.4117 -0.1002 -0.5422 -0.2634 0.7916
1341848036.0870 2.5915 -1.2749 2.4058 -0.1001 -0.5414 -0.2628 0.7923
1341848036.1227 2.5937 -1.2714 2.3997 -0.0998 -0.5395 -0.2642 0.7932
1341848036.1548 2.5897 -1.2673 2.3928 -0.1009 -0.5373 -0.2646 0.7944
1341848036.1908 2.5888 -1.2648 2.3860 -0.1009 -0.5362 -0.2637 0.7955
1341848036.2233 2.5886 -1.2615 2.3790 -0.1003 -0.5346 -0.2643 0.7964
1341848036.2547 2.5863 -1.2580 2.3726 -0.0987 -0.5336 -0.2653 0.7970
1341848036.2908 2.5864 -1.2542 2.3674 -0.0959 -0.5316 -0.2660 0.7984
1341848036.3549 2.5864 -1.2468 2.3506 -0.0947 -0.5272 -0.2668 0.8012
1341848036.3908 2.5861 -1.2441 2.3455 -0.0951 -0.5269 -0.2656 0.8017
1341848036.4588 2.5849 -1.2359 2.3311 -0.0933 -0.5229 -0.2652 0.8047
1341848036.4912 2.5866 -1.2318 2.3224 -0.0918 -0.5231 -0.2650 0.8048
1341848036.5227 2.5855 -1.2271 2.3145 -0.0910 -0.5222 -0.2646 0.8056
1341848036.5589 2.5855 -1.2236 2.3065 -0.0894 -0.5215 -0.2634 0.8067
1341848036.5907 2.5849 -1.2188 2.3004 -0.0881 -0.5205 -0.2617 0.8080
1341848036.6268 2.5839 -1.2143 2.2920 -0.0882 -0.5187 -0.2586 0.8102
1341848036.6587 2.5835 -1.2114 2.2810 -0.0878 -0.5176 -0.2554 0.8119
1341848036.6912 2.5831 -1.2076 2.2713 -0.0852 -0.5169 -0.2529 0.8134
1341848036.7268 2.5872 -1.2039 2.2614 -0.0837 -0.5159 -0.2499 0.8151
1341848036.7589 2.5855 -1.1992 2.2499 -0.0837 -0.5142 -0.2468 0.8171
1341848036.7907 2.5872 -1.1963 2.2400 -0.0819 -0.5135 -0.2438 0.8187
1341848036.8270 2.5919 -1.1925 2.2288 -0.0800 -0.5112 -0.2426 0.8206
1341848036.8586 2.5926 -1.1880 2.2184 -0.0805 -0.5087 -0.2402 0.8228
1341848036.9268 2.5930 -1.1799 2.1977 -0.0812 -0.5054 -0.2344 0.8264
1341848036.9587 2.5947 -1.1762 2.1862 -0.0781 -0.5041 -0.2333 0.8279
1341848036.9948 2.5985 -1.1704 2.1748 -0.0766 -0.5023 -0.2308 0.8298
1341848037.0268 2.5973 -1.1665 2.1630 -0.0751 -0.5013 -0.2299 0.8308
1341848037.0610 2.5971 -1.1615 2.1541 -0.0716 -0.5015 -0.2290 0.8312
1341848037.0947 2.6003 -1.1573 2.1427 -0.0684 -0.5010 -0.2267 0.8324
1341848037.1267 2.6022 -1.1520 2.1316 -0.0672 -0.5013 -0.2247 0.8329
1341848037.1628 2.5980 -1.1493 2.1206 -0.0647 -0.5021 -0.2218 0.8334
1341848037.1947 2.6002 -1.1476 2.1069 -0.0577 -0.5062 -0.2197 0.8320
1341848037.2270 2.6069 -1.1395 2.0982 -0.0534 -0.5090 -0.2162 0.8315
1341848037.2637 2.6050 -1.1369 2.0837 -0.0521 -0.5110 -0.2128 0.8312
1341848037.2952 2.6093 -1.1320 2.0739 -0.0461 -0.5155 -0.2123 0.8289
1341848037.3269 2.6128 -1.1261 2.0665 -0.0445 -0.5158 -0.2126 0.8287
1341848037.3627 2.6083 -1.1226 2.0546 -0.0446 -0.5153 -0.2120 0.8292
1341848037.3951 2.6085 -1.1193 2.0453 -0.0409 -0.5166 -0.2129 0.8283
1341848037.4309 2.6086 -1.1155 2.0364 -0.0383 -0.5165 -0.2140 0.8282
1341848037.4628 2.6076 -1.1110 2.0236 -0.0373 -0.5158 -0.2141 0.8287
1341848037.5307 2.6057 -1.1001 2.0080 -0.0345 -0.5167 -0.2152 0.8280
1341848037.5630 2.6032 -1.0958 1.9977 -0.0342 -0.5149 -0.2170 0.8287
1341848037.5958 2.6009 -1.0926 1.9884 -0.0334 -0.5147 -0.2175 0.8287
1341848037.6308 2.5997 -1.0856 1.9817 -0.0326 -0.5133 -0.2184 0.8293
1341848037.6627 2.5954 -1.0823 1.9745 -0.0322 -0.5105 -0.2200 0.8306
1341848037.6987 2.5911 -1.0774 1.9663 -0.0304 -0.5088 -0.2208 0.8315
1341848037.7310 2.5883 -1.0724 1.9599 -0.0296 -0.5068 -0.2202 0.8330
1341848037.7698 2.5850 -1.0671 1.9513 -0.0301 -0.5041 -0.2196 0.8347
1341848037.8378 2.5782 -1.0584 1.9372 -0.0287 -0.5012 -0.2165 0.8373
1341848037.8989 2.5707 -1.0465 1.9229 -0.0360 -0.4950 -0.2135 0.8415
1341848037.9309 2.5674 -1.0408 1.9164 -0.0378 -0.4908 -0.2128 0.8441
1341848037.9669 2.5643 -1.0339 1.9075 -0.0402 -0.4865 -0.2129 0.8464
1341848037.9986 2.5593 -1.0288 1.8997 -0.0427 -0.4838 -0.2126 0.8479
1341848038.0309 2.5556 -1.0235 1.8940 -0.0436 -0.4811 -0.2128 0.8493
1341848038.0668 2.5531 -1.0178 1.8878 -0.0460 -0.4769 -0.2132 0.8515
1341848038.0987 2.5486 -1.0131 1.8808 -0.0491 -0.4729 -0.2126 0.8537
1341848038.1347 2.5441 -1.0084 1.8733 -0.0504 -0.4702 -0.2126 0.8551
1341848038.1667 2.5413 -1.0030 1.8673 -0.0503 -0.4672 -0.2139 0.8564
1341848038.1987 2.5376 -0.9975 1.8606 -0.0516 -0.4639 -0.2132 0.8583
1341848038.2347 2.5310 -0.9932 1.8544 -0.0528 -0.4626 -0.2114 0.8594
1341848038.2741 2.5299 -0.9890 1.8469 -0.0516 -0.4608 -0.2114 0.8604
1341848038.3065 2.5260 -0.9848 1.8383 -0.0516 -0.4580 -0.2123 0.8617
1341848038.3419 2.5196 -0.9808 1.8336 -0.0517 -0.4565 -0.2116 0.8626
1341848038.3741 2.5171 -0.9789 1.8257 -0.0501 -0.4542 -0.2123 0.8638
1341848038.4098 2.5129 -0.9741 1.8174 -0.0484 -0.4520 -0.2136 0.8647
1341848038.4418 2.5102 -0.9715 1.8106 -0.0480 -0.4519 -0.2119 0.8652
1341848038.4739 2.5082 -0.9686 1.8022 -0.0484 -0.4502 -0.2113 0.8662
1341848038.5102 2.5007 -0.9648 1.7965 -0.0475 -0.4483 -0.2114 0.8672
1341848038.5669 2.4973 -0.9599 1.7790 -0.0410 -0.4471 -0.2090 0.8687
1341848038.6030 2.4934 -0.9549 1.7698 -0.0394 -0.4461 -0.2093 0.8692
1341848038.6347 2.4920 -0.9504 1.7607 -0.0378 -0.4470 -0.2085 0.8691
1341848038.6707 2.4932 -0.9459 1.7505 -0.0373 -0.4464 -0.2089 0.8693
1341848038.7029 2.4871 -0.9410 1.7435 -0.0373 -0.4459 -0.2092 0.8695
1341848038.7348 2.4865 -0.9380 1.7341 -0.0347 -0.4461 -0.2093 0.8695
1341848038.7707 2.4878 -0.9318 1.7227 -0.0329 -0.4443 -0.2093 0.8705
1341848038.8028 2.4860 -0.9261 1.7116 -0.0345 -0.4438 -0.2082 0.8709
1341848038.8388 2.4818 -0.9235 1.7071 -0.0353 -0.4443 -0.2060 0.8712
1341848038.8711 2.4855 -0.9187 1.6981 -0.0331 -0.4420 -0.2054 0.8725
1341848038.9028 2.4855 -0.9127 1.6860 -0.0343 -0.4388 -0.2042 0.8744
1341848038.9388 2.4844 -0.9079 1.6773 -0.0360 -0.4385 -0.2006 0.8753
1341848038.9708 2.4886 -0.9032 1.6696 -0.0366 -0.4360 -0.1992 0.8769
1341848039.0026 2.4871 -0.8960 1.6614 -0.0377 -0.4314 -0.1997 0.8790
1341848039.0389 2.4840 -0.8921 1.6538 -0.0374 -0.4291 -0.1969 0.8807
1341848039.0708 2.4893 -0.8858 1.6418 -0.0366 -0.4269 -0.1950 0.8823
1341848039.1068 2.4872 -0.8806 1.6337 -0.0377 -0.4251 -0.1939 0.8833
1341848039.1387 2.4882 -0.8767 1.6259 -0.0374 -0.4242 -0.1912 0.8843
1341848039.1707 2.4919 -0.8713 1.6155 -0.0378 -0.4216 -0.1903 0.8858
1341848039.2068 2.4896 -0.8679 1.6097 -0.0388 -0.4203 -0.1892 0.8866
1341848039.2389 2.4911 -0.8640 1.6006 -0.0370 -0.4199 -0.1875 0.8872
1341848039.2710 2.4954 -0.8591 1.5906 -0.0364 -0.4179 -0.1872 0.8882
1341848039.3067 2.4937 -0.8541 1.5841 -0.0376 -0.4166 -0.1861 0.8891
1341848039.3389 2.4945 -0.8509 1.5762 -0.0375 -0.4159 -0.1843 0.8897
1341848039.3748 2.4972 -0.8464 1.5696 -0.0370 -0.4150 -0.1850 0.8900
1341848039.4069 2.4964 -0.8428 1.5636 -0.0373 -0.4129 -0.1854 0.8909
1341848039.4389 2.4964 -0.8375 1.5560 -0.0372 -0.4115 -0.1854 0.8916
1341848039.4749 2.4963 -0.8338 1.5508 -0.0379 -0.4099 -0.1861 0.8921
1341848039.5071 2.4917 -0.8306 1.5458 -0.0381 -0.4074 -0.1869 0.8931
1341848039.5387 2.4902 -0.8275 1.5382 -0.0366 -0.4054 -0.1872 0.8940
1341848039.5749 2.4874 -0.8218 1.5288 -0.0359 -0.4043 -0.1875 0.8945
1341848039.6067 2.4853 -0.8189 1.5246 -0.0359 -0.4043 -0.1875 0.8945
1341848039.6427 2.4820 -0.8151 1.5193 -0.0342 -0.4017 -0.1884 0.8956
1341848039.6748 2.4779 -0.8104 1.5110 -0.0320 -0.4002 -0.1890 0.8961
1341848039.7072 2.4765 -0.8062 1.5036 -0.0319 -0.4004 -0.1887 0.8961
1341848039.7429 2.4734 -0.8013 1.5001 -0.0316 -0.3990 -0.1893 0.8967
1341848039.7753 2.4678 -0.7985 1.4947 -0.0302 -0.3964 -0.1905 0.8976
1341848039.8069 2.4638 -0.7939 1.4872 -0.0278 -0.3953 -0.1907 0.8981
1341848039.8433 2.4615 -0.7883 1.4811 -0.0270 -0.3935 -0.1905 0.8990
1341848039.8818 2.4548 -0.7865 1.4771 -0.0271 -0.3915 -0.1901 0.8999
1341848039.9434 2.4494 -0.7767 1.4618 -0.0262 -0.3886 -0.1861 0.9020
1341848039.9748 2.4422 -0.7724 1.4571 -0.0287 -0.3875 -0.1839 0.9029
1341848040.0107 2.4348 -0.7696 1.4515 -0.0286 -0.3869 -0.1816 0.9036
1341848040.0428 2.4335 -0.7610 1.4433 -0.0284 -0.3848 -0.1803 0.9048
1341848040.0787 2.4268 -0.7566 1.4373 -0.0318 -0.3823 -0.1785 0.9061
1341848040.1108 2.4206 -0.7512 1.4321 -0.0344 -0.3794 -0.1768 0.9075
1341848040.1427 2.4159 -0.7477 1.4270 -0.0358 -0.3756 -0.1764 0.9091
1341848040.1788 2.4119 -0.7420 1.4169 -0.0369 -0.3723 -0.1768 0.9103
1341848040.2110 2.4079 -0.7388 1.4123 -0.0409 -0.3702 -0.1754 0.9113
1341848040.2427 2.4021 -0.7347 1.4064 -0.0437 -0.3666 -0.1743 0.9129
1341848040.2789 2.3933 -0.7333 1.4028 -0.0448 -0.3632 -0.1736 0.9143
1341848040.3107 2.3891 -0.7296 1.3951 -0.0437 -0.3614 -0.1708 0.9156
1341848040.3469 2.3871 -0.7254 1.3848 -0.0461 -0.3590 -0.1679 0.9170
1341848040.3788 2.3785 -0.7247 1.3856 -0.0492 -0.3575 -0.1653 0.9179
1341848040.4109 2.3717 -0.7267 1.3812 -0.0484 -0.3560 -0.1622 0.9190
1341848040.4467 2.3698 -0.7207 1.3700 -0.0469 -0.3545 -0.1586 0.9203
1341848040.4787 2.3652 -0.7201 1.3649 -0.0480 -0.3539 -0.1552 0.9211
1341848040.5178 2.3597 -0.7202 1.3611 -0.0470 -0.3534 -0.1535 0.9216
1341848040.5789 2.3535 -0.7133 1.3406 -0.0444 -0.3507 -0.1522 0.9230
1341848040.6149 2.3460 -0.7139 1.3368 -0.0458 -0.3494 -0.1506 0.9237
1341848040.6468 2.3442 -0.7126 1.3323 -0.0439 -0.3479 -0.1506 0.9243
1341848040.6790 2.3378 -0.7143 1.3323 -0.0434 -0.3441 -0.1496 0.9259
1341848040.7147 2.3346 -0.7150 1.3332 -0.0400 -0.3394 -0.1474 0.9282
1341848040.7468 2.3291 -0.7153 1.3244 -0.0356 -0.3316 -0.1463 0.9313
1341848040.7788 2.3272 -0.7097 1.3153 -0.0307 -0.3263 -0.1450 0.9336
1341848040.8147 2.3237 -0.7071 1.3095 -0.0295 -0.3194 -0.1436 0.9362
1341848040.8469 2.3157 -0.7070 1.3027 -0.0289 -0.3143 -0.1420 0.9382
1341848040.8828 2.3142 -0.7050 1.2993 -0.0261 -0.3103 -0.1409 0.9398
1341848040.9147 2.3103 -0.6999 1.2923 -0.0251 -0.3048 -0.1387 0.9419
1341848040.9469 2.3041 -0.6993 1.2910 -0.0258 -0.3018 -0.1354 0.9434
1341848040.9845 2.3025 -0.6951 1.2823 -0.0249 -0.2963 -0.1330 0.9455
1341848041.0226 2.2956 -0.6894 1.2754 -0.0273 -0.2918 -0.1289 0.9474
1341848041.0589 2.2906 -0.6882 1.2769 -0.0295 -0.2909 -0.1237 0.9483
1341848041.0943 2.2918 -0.6846 1.2704 -0.0303 -0.2860 -0.1209 0.9501
1341848041.1222 2.2876 -0.6748 1.2679 -0.0331 -0.2809 -0.1179 0.9519
1341848041.1900 2.2815 -0.6710 1.2586 -0.0407 -0.2744 -0.1080 0.9547
1341848041.2507 2.2727 -0.6646 1.2507 -0.0451 -0.2690 -0.1039 0.9565
1341848041.2831 2.2676 -0.6574 1.2456 -0.0478 -0.2654 -0.1029 0.9574
1341848041.3193 2.2587 -0.6596 1.2472 -0.0516 -0.2636 -0.1009 0.9580
1341848041.3555 2.2554 -0.6541 1.2412 -0.0496 -0.2607 -0.0997 0.9590
1341848041.3849 2.2504 -0.6500 1.2395 -0.0498 -0.2573 -0.1011 0.9597
1341848041.4188 2.2414 -0.6488 1.2413 -0.0506 -0.2533 -0.0983 0.9610
1341848041.4508 2.2426 -0.6461 1.2310 -0.0514 -0.2499 -0.0968 0.9620
1341848041.4828 2.2334 -0.6405 1.2322 -0.0539 -0.2465 -0.0977 0.9627
1341848041.5188 2.2233 -0.6402 1.2372 -0.0563 -0.2422 -0.0960 0.9638
1341848041.5507 2.2196 -0.6390 1.2326 -0.0556 -0.2369 -0.0967 0.9651
1341848041.5868 2.2099 -0.6353 1.2324 -0.0557 -0.2327 -0.0973 0.9660
1341848041.6187 2.2010 -0.6344 1.2326 -0.0557 -0.2296 -0.0963 0.9669
1341848041.6510 2.1936 -0.6318 1.2284 -0.0554 -0.2266 -0.0957 0.9677
1341848041.6868 2.1805 -0.6335 1.2316 -0.0560 -0.2248 -0.0945 0.9682
1341848041.7188 2.1747 -0.6283 1.2269 -0.0542 -0.2226 -0.0918 0.9691
1341848041.7508 2.1626 -0.6288 1.2251 -0.0555 -0.2203 -0.0884 0.9698
1341848041.7867 2.1509 -0.6260 1.2252 -0.0547 -0.2192 -0.0848 0.9705
1341848041.8187 2.1408 -0.6253 1.2201 -0.0546 -0.2186 -0.0809 0.9709
1341848041.8547 2.1327 -0.6212 1.2151 -0.0538 -0.2185 -0.0782 0.9712
1341848041.8867 2.1183 -0.6208 1.2171 -0.0550 -0.2165 -0.0752 0.9718
1341848041.9187 2.1042 -0.6249 1.2199 -0.0544 -0.2154 -0.0718 0.9724
1341848041.9950 2.0876 -0.6181 1.2051 -0.0539 -0.2111 -0.0652 0.9738
1341848042.0189 2.0726 -0.6224 1.2153 -0.0561 -0.2100 -0.0601 0.9742
1341848042.0546 2.0687 -0.6206 1.2053 -0.0529 -0.2082 -0.0590 0.9749
1341848042.0895 2.0584 -0.6206 1.2008 -0.0550 -0.2049 -0.0576 0.9755
1341848042.1229 2.0441 -0.6230 1.2084 -0.0574 -0.2036 -0.0531 0.9759
1341848042.1548 2.0391 -0.6238 1.2014 -0.0557 -0.2014 -0.0527 0.9765
1341848042.1867 2.0281 -0.6210 1.2022 -0.0549 -0.1976 -0.0540 0.9772
1341848042.2229 2.0156 -0.6234 1.2024 -0.0569 -0.1939 -0.0509 0.9781
1341848042.2548 2.0122 -0.6218 1.2024 -0.0557 -0.1925 -0.0513 0.9784
1341848042.2907 2.0039 -0.6197 1.2036 -0.0557 -0.1880 -0.0536 0.9791
1341848042.3228 1.9883 -0.6207 1.2042 -0.0569 -0.1831 -0.0520 0.9801
1341848042.3550 1.9849 -0.6181 1.1995 -0.0581 -0.1815 -0.0488 0.9805
1341848042.3907 1.9736 -0.6141 1.2013 -0.0603 -0.1784 -0.0472 0.9810
1341848042.4297 1.9592 -0.6149 1.2048 -0.0616 -0.1737 -0.0451 0.9818
1341848042.4909 1.9488 -0.6078 1.1967 -0.0633 -0.1663 -0.0407 0.9832
1341848042.5227 1.9312 -0.6077 1.2032 -0.0662 -0.1608 -0.0376 0.9840
1341848042.5587 1.9265 -0.6038 1.2014 -0.0644 -0.1566 -0.0345 0.9850
1341848042.5908 1.9207 -0.6031 1.1988 -0.0662 -0.1526 -0.0326 0.9855
1341848042.6227 1.8995 -0.6015 1.2033 -0.0673 -0.1464 -0.0273 0.9866
1341848042.6587 1.8983 -0.5961 1.1993 -0.0629 -0.1445 -0.0245 0.9872
1341848042.6978 1.8891 -0.5951 1.1950 -0.0632 -0.1388 -0.0223 0.9881
1341848042.7298 1.8761 -0.5918 1.1936 -0.0635 -0.1334 -0.0153 0.9889
1341848042.7616 1.8749 -0.5858 1.1876 -0.0629 -0.1308 -0.0103 0.9894
1341848042.7980 1.8688 -0.5857 1.1869 -0.0646 -0.1258 -0.0090 0.9899
1341848042.8297 1.8598 -0.5816 1.1885 -0.0649 -0.1196 -0.0068 0.9907
1341848042.8617 1.8543 -0.5797 1.1841 -0.0661 -0.1142 -0.0032 0.9913
1341848042.8978 1.8457 -0.5766 1.1802 -0.0671 -0.1090 -0.0010 0.9918
1341848042.9299 1.8353 -0.5786 1.1841 -0.0684 -0.1052 0.0003 0.9921
1341848042.9657 1.8315 -0.5768 1.1822 -0.0663 -0.1017 0.0025 0.9926
1341848042.9980 1.8236 -0.5721 1.1782 -0.0656 -0.0980 0.0057 0.9930
1341848043.0303 1.8182 -0.5711 1.1757 -0.0669 -0.0955 0.0092 0.9931
1341848043.0657 1.8128 -0.5705 1.1732 -0.0679 -0.0919 0.0107 0.9934
1341848043.0979 1.8024 -0.5677 1.1725 -0.0688 -0.0875 0.0120 0.9937
1341848043.1340 1.7946 -0.5649 1.1738 -0.0686 -0.0847 0.0138 0.9939
1341848043.1658 1.7888 -0.5636 1.1703 -0.0695 -0.0814 0.0147 0.9941
1341848043.2019 1.7723 -0.5638 1.1757 -0.0702 -0.0778 0.0141 0.9944
1341848043.2339 1.7642 -0.5646 1.1781 -0.0682 -0.0753 0.0150 0.9947
1341848043.2657 1.7594 -0.5612 1.1696 -0.0668 -0.0718 0.0177 0.9950
1341848043.3018 1.7488 -0.5639 1.1724 -0.0680 -0.0690 0.0183 0.9951
1341848043.3340 1.7445 -0.5671 1.1762 -0.0676 -0.0676 0.0194 0.9952
1341848043.3698 1.7343 -0.5643 1.1717 -0.0661 -0.0641 0.0209 0.9955
1341848043.4017 1.7225 -0.5652 1.1760 -0.0664 -0.0633 0.0220 0.9955
1341848043.4339 1.7164 -0.5639 1.1751 -0.0653 -0.0627 0.0231 0.9956
1341848043.4696 1.7076 -0.5679 1.1765 -0.0668 -0.0599 0.0242 0.9957
1341848043.5017 1.6885 -0.5679 1.1801 -0.0671 -0.0551 0.0288 0.9958
1341848043.5378 1.6814 -0.5683 1.1834 -0.0654 -0.0563 0.0302 0.9958
1341848043.5697 1.6727 -0.5670 1.1801 -0.0654 -0.0537 0.0332 0.9959
1341848043.6018 1.6599 -0.5669 1.1824 -0.0666 -0.0520 0.0354 0.9958
1341848043.6378 1.6458 -0.5656 1.1840 -0.0675 -0.0497 0.0367 0.9958
1341848043.6701 1.6388 -0.5688 1.1904 -0.0696 -0.0490 0.0380 0.9956
1341848043.7020 1.6228 -0.5666 1.1948 -0.0688 -0.0457 0.0388 0.9958
1341848043.7378 1.6146 -0.5637 1.1963 -0.0686 -0.0450 0.0412 0.9958
1341848043.7698 1.6096 -0.5673 1.2009 -0.0726 -0.0443 0.0439 0.9954
1341848043.8058 1.5954 -0.5741 1.2115 -0.0758 -0.0414 0.0455 0.9952
1341848043.8379 1.5897 -0.5754 1.2201 -0.0736 -0.0414 0.0458 0.9954
1341848043.8697 1.5844 -0.5730 1.2182 -0.0712 -0.0398 0.0464 0.9956
1341848043.9057 1.5722 -0.5774 1.2218 -0.0743 -0.0381 0.0483 0.9953
1341848043.9380 1.5624 -0.5786 1.2284 -0.0735 -0.0381 0.0484 0.9954
1341848043.9698 1.5571 -0.5776 1.2268 -0.0725 -0.0362 0.0465 0.9956
1341848044.0059 1.5443 -0.5824 1.2324 -0.0753 -0.0331 0.0457 0.9956
1341848044.0377 1.5318 -0.5855 1.2406 -0.0745 -0.0324 0.0471 0.9956
1341848044.0738 1.5287 -0.5817 1.2338 -0.0715 -0.0322 0.0465 0.9958
1341848044.1058 1.5144 -0.5838 1.2393 -0.0751 -0.0303 0.0477 0.9956
1341848044.1377 1.5061 -0.5866 1.2462 -0.0752 -0.0312 0.0492 0.9955
1341848044.1738 1.5037 -0.5844 1.2445 -0.0742 -0.0310 0.0488 0.9956
1341848044.2057 1.4922 -0.5879 1.2497 -0.0758 -0.0271 0.0484 0.9956
1341848044.2378 1.4836 -0.5887 1.2531 -0.0756 -0.0256 0.0503 0.9955
1341848044.2738 1.4800 -0.5873 1.2524 -0.0753 -0.0249 0.0510 0.9955
1341848044.3057 1.4696 -0.5897 1.2570 -0.0772 -0.0216 0.0515 0.9954
1341848044.3378 1.4616 -0.5898 1.2617 -0.0768 -0.0196 0.0522 0.9955
1341848044.3737 1.4554 -0.5884 1.2627 -0.0764 -0.0177 0.0547 0.9954
1341848044.4059 1.4519 -0.5895 1.2654 -0.0782 -0.0158 0.0568 0.9952
1341848044.4417 1.4430 -0.5923 1.2706 -0.0796 -0.0112 0.0600 0.9950
1341848044.4737 1.4396 -0.5904 1.2745 -0.0792 -0.0086 0.0634 0.9948
1341848044.5057 1.4343 -0.5914 1.2774 -0.0802 -0.0038 0.0669 0.9945
1341848044.5419 1.4264 -0.5930 1.2830 -0.0810 0.0022 0.0705 0.9942
1341848044.5738 1.4174 -0.5943 1.2876 -0.0811 0.0078 0.0740 0.9939
1341848044.6058 1.4137 -0.5946 1.2909 -0.0809 0.0116 0.0781 0.9936
1341848044.6417 1.4061 -0.5942 1.2936 -0.0817 0.0169 0.0834 0.9930
1341848044.7060 1.3936 -0.5963 1.3042 -0.0814 0.0235 0.0917 0.9922
1341848044.7710 1.3793 -0.5970 1.3116 -0.0787 0.0310 0.0994 0.9914
1341848044.8028 1.3735 -0.5944 1.3085 -0.0765 0.0333 0.1007 0.9914
1341848044.8349 1.3643 -0.5979 1.3143 -0.0784 0.0374 0.1024 0.9909
1341848044.8707 1.3555 -0.6011 1.3195 -0.0770 0.0399 0.1069 0.9905
1341848044.9027 1.3473 -0.5986 1.3170 -0.0740 0.0408 0.1099 0.9903
1341848044.9708 1.3318 -0.6003 1.3216 -0.0743 0.0425 0.1168 0.9895
1341848045.0026 1.3239 -0.5977 1.3182 -0.0738 0.0420 0.1188 0.9893
1341848045.0387 1.3157 -0.5974 1.3195 -0.0769 0.0429 0.1196 0.9889
1341848045.0708 1.3105 -0.5995 1.3279 -0.0795 0.0430 0.1196 0.9887
1341848045.1028 1.3034 -0.5970 1.3283 -0.0786 0.0453 0.1197 0.9887
1341848045.1388 1.2957 -0.6009 1.3327 -0.0825 0.0481 0.1192 0.9883
1341848045.1708 1.2846 -0.6013 1.3435 -0.0827 0.0499 0.1203 0.9880
1341848045.2027 1.2807 -0.6011 1.3434 -0.0813 0.0500 0.1199 0.9882
1341848045.2389 1.2727 -0.6057 1.3491 -0.0832 0.0528 0.1174 0.9882
1341848045.2708 1.2694 -0.6103 1.3565 -0.0840 0.0519 0.1190 0.9880
1341848045.3068 1.2570 -0.6066 1.3552 -0.0819 0.0543 0.1189 0.9880
1341848045.3387 1.2512 -0.6110 1.3625 -0.0847 0.0552 0.1168 0.9880
1341848045.3708 1.2440 -0.6145 1.3720 -0.0847 0.0564 0.1164 0.9880
1341848045.4067 1.2342 -0.6133 1.3724 -0.0835 0.0568 0.1165 0.9880
1341848045.4387 1.2269 -0.6169 1.3786 -0.0873 0.0553 0.1162 0.9878
1341848045.4747 1.2199 -0.6191 1.3892 -0.0885 0.0534 0.1154 0.9879
1341848045.5389 1.2079 -0.6258 1.4045 -0.0888 0.0529 0.1131 0.9882
1341848045.6069 1.1939 -0.6283 1.4139 -0.0875 0.0495 0.1127 0.9885
1341848045.6459 1.1874 -0.6312 1.4195 -0.0893 0.0483 0.1121 0.9885
1341848045.7070 1.1743 -0.6353 1.4389 -0.0897 0.0444 0.1095 0.9889
1341848045.7431 1.1683 -0.6341 1.4400 -0.0888 0.0426 0.1081 0.9892
1341848045.7748 1.1609 -0.6391 1.4492 -0.0925 0.0418 0.1066 0.9891
1341848045.8076 1.1542 -0.6419 1.4623 -0.0926 0.0387 0.1059 0.9893
1341848045.8429 1.1497 -0.6380 1.4640 -0.0888 0.0353 0.1038 0.9900
1341848045.8748 1.1412 -0.6418 1.4662 -0.0923 0.0355 0.1012 0.9899
1341848045.9068 1.1350 -0.6458 1.4820 -0.0956 0.0330 0.1013 0.9897
1341848045.9428 1.1306 -0.6451 1.4890 -0.0924 0.0265 0.1003 0.9903
1341848045.9748 1.1276 -0.6442 1.4903 -0.0913 0.0216 0.0957 0.9910
1341848046.0108 1.1210 -0.6434 1.4986 -0.0917 0.0189 0.0935 0.9912
1341848046.0428 1.1151 -0.6428 1.5050 -0.0901 0.0134 0.0921 0.9916
1341848046.0747 1.1118 -0.6399 1.5049 -0.0886 0.0068 0.0885 0.9921
1341848046.1108 1.1050 -0.6408 1.5103 -0.0917 0.0053 0.0843 0.9922
1341848046.1428 1.0998 -0.6421 1.5198 -0.0922 0.0025 0.0826 0.9923
1341848046.1818 1.0960 -0.6400 1.5180 -0.0894 -0.0017 0.0776 0.9930
1341848046.2197 1.0901 -0.6387 1.5170 -0.0920 -0.0035 0.0740 0.9930
1341848046.2497 1.0823 -0.6395 1.5242 -0.0946 -0.0065 0.0723 0.9929
1341848046.2836 1.0787 -0.6369 1.5249 -0.0936 -0.0115 0.0684 0.9932
1341848046.3177 1.0748 -0.6360 1.5261 -0.0949 -0.0147 0.0640 0.9933
1341848046.3497 1.0663 -0.6374 1.5288 -0.0969 -0.0155 0.0622 0.9932
1341848046.3823 1.0607 -0.6345 1.5297 -0.0960 -0.0192 0.0601 0.9934
1341848046.4178 1.0539 -0.6297 1.5280 -0.0961 -0.0201 0.0563 0.9936
1341848046.4498 1.0461 -0.6310 1.5300 -0.0999 -0.0198 0.0553 0.9933
1341848046.4858 1.0410 -0.6279 1.5295 -0.0993 -0.0232 0.0533 0.9934
1341848046.5178 1.0332 -0.6244 1.5270 -0.1002 -0.0241 0.0495 0.9934
1341848046.5497 1.0250 -0.6269 1.5268 -0.1035 -0.0244 0.0481 0.9932
1341848046.5861 1.0208 -0.6249 1.5250 -0.1018 -0.0293 0.0474 0.9932
1341848046.6178 1.0136 -0.6179 1.5199 -0.0988 -0.0310 0.0437 0.9937
1341848046.6537 1.0049 -0.6214 1.5165 -0.1019 -0.0313 0.0442 0.9933
1341848046.7149 0.9939 -0.6134 1.5071 -0.0975 -0.0396 0.0426 0.9935
1341848046.7469 0.9875 -0.6130 1.5025 -0.0981 -0.0407 0.0422 0.9934
1341848046.7787 0.9832 -0.6127 1.4979 -0.0974 -0.0437 0.0420 0.9934
1341848046.8147 0.9778 -0.6074 1.4917 -0.0953 -0.0458 0.0398 0.9936
1341848046.8469 0.9721 -0.6063 1.4873 -0.0971 -0.0457 0.0392 0.9935
1341848046.8788 0.9667 -0.6037 1.4818 -0.0966 -0.0464 0.0393 0.9935
1341848046.9151 0.9610 -0.6002 1.4755 -0.0965 -0.0469 0.0390 0.9935
1341848046.9469 0.9560 -0.5984 1.4696 -0.0972 -0.0476 0.0393 0.9933
1341848046.9828 0.9501 -0.5935 1.4641 -0.0961 -0.0485 0.0390 0.9934
1341848047.0151 0.9445 -0.5900 1.4573 -0.0973 -0.0488 0.0382 0.9933
1341848047.0479 0.9387 -0.5894 1.4532 -0.0993 -0.0494 0.0384 0.9931
1341848047.0899 0.9329 -0.5835 1.4461 -0.0977 -0.0508 0.0369 0.9932
1341848047.1476 0.9200 -0.5784 1.4354 -0.1020 -0.0517 0.0360 0.9928
1341848047.2149 0.9064 -0.5724 1.4224 -0.1016 -0.0539 0.0320 0.9928
1341848047.2507 0.8968 -0.5701 1.4156 -0.1033 -0.0548 0.0320 0.9926
1341848047.2828 0.8928 -0.5695 1.4106 -0.1049 -0.0592 0.0317 0.9922
1341848047.3148 0.8870 -0.5682 1.4044 -0.1050 -0.0609 0.0294 0.9922
1341848047.3506 0.8774 -0.5664 1.3968 -0.1046 -0.0617 0.0283 0.9922
1341848047.3830 0.8698 -0.5661 1.3892 -0.1049 -0.0654 0.0287 0.9919
1341848047.4148 0.8645 -0.5648 1.3833 -0.1046 -0.0693 0.0269 0.9917
1341848047.4508 0.8582 -0.5657 1.3764 -0.1037 -0.0719 0.0253 0.9917
1341848047.4826 0.8509 -0.5624 1.3674 -0.1022 -0.0743 0.0243 0.9917
1341848047.5187 0.8441 -0.5620 1.3615 -0.1036 -0.0770 0.0228 0.9914
1341848047.5508 0.8379 -0.5634 1.3570 -0.1044 -0.0798 0.0221 0.9911
1341848047.5830 0.8320 -0.5591 1.3515 -0.1018 -0.0822 0.0207 0.9912
1341848047.6190 0.8252 -0.5587 1.3469 -0.1023 -0.0822 0.0188 0.9912
1341848047.6508 0.8146 -0.5629 1.3407 -0.1030 -0.0821 0.0193 0.9911
1341848047.6897 0.8113 -0.5587 1.3351 -0.1001 -0.0872 0.0184 0.9910
1341848047.7508 0.7979 -0.5557 1.3275 -0.1012 -0.0877 0.0172 0.9908
1341848047.7867 0.7881 -0.5570 1.3227 -0.1023 -0.0872 0.0168 0.9908
1341848047.8188 0.7854 -0.5536 1.3203 -0.1012 -0.0905 0.0158 0.9906
1341848047.8508 0.7797 -0.5525 1.3175 -0.1019 -0.0895 0.0142 0.9906
1341848047.8869 0.7684 -0.5561 1.3136 -0.1030 -0.0872 0.0134 0.9908
1341848047.9189 0.7606 -0.5535 1.3089 -0.1008 -0.0878 0.0139 0.9909
1341848047.9547 0.7569 -0.5506 1.3056 -0.1003 -0.0894 0.0136 0.9908
1341848047.9868 0.7485 -0.5549 1.3042 -0.1023 -0.0873 0.0135 0.9908
1341848048.0189 0.7386 -0.5530 1.2978 -0.0991 -0.0870 0.0140 0.9912
1341848048.0549 0.7337 -0.5483 1.2954 -0.0974 -0.0889 0.0134 0.9912
1341848048.0868 0.7270 -0.5492 1.2921 -0.0988 -0.0871 0.0130 0.9912
1341848048.1188 0.7155 -0.5518 1.2882 -0.0996 -0.0847 0.0135 0.9913
1341848048.1547 0.7089 -0.5481 1.2853 -0.0976 -0.0850 0.0150 0.9915
1341848048.1867 0.7053 -0.5475 1.2827 -0.0976 -0.0835 0.0153 0.9916
1341848048.2230 0.6917 -0.5531 1.2794 -0.0988 -0.0796 0.0161 0.9918
1341848048.2550 0.6875 -0.5527 1.2774 -0.0956 -0.0803 0.0187 0.9920
1341848048.2866 0.6835 -0.5476 1.2726 -0.0928 -0.0786 0.0179 0.9924
1341848048.3228 0.6703 -0.5507 1.2685 -0.0946 -0.0739 0.0178 0.9926
1341848048.3547 0.6645 -0.5520 1.2657 -0.0938 -0.0729 0.0196 0.9927
1341848048.3867 0.6603 -0.5498 1.2605 -0.0913 -0.0719 0.0174 0.9931
1341848048.4226 0.6491 -0.5543 1.2577 -0.0912 -0.0683 0.0163 0.9934
1341848048.4549 0.6432 -0.5507 1.2512 -0.0867 -0.0675 0.0172 0.9938
1341848048.4907 0.6359 -0.5495 1.2453 -0.0865 -0.0663 0.0171 0.9939
1341848048.5228 0.6270 -0.5548 1.2447 -0.0875 -0.0648 0.0184 0.9939
1341848048.5550 0.6216 -0.5561 1.2403 -0.0842 -0.0644 0.0190 0.9942
1341848048.5906 0.6144 -0.5531 1.2338 -0.0801 -0.0641 0.0193 0.9945
1341848048.6227 0.6077 -0.5550 1.2320 -0.0791 -0.0641 0.0207 0.9946
1341848048.6587 0.6036 -0.5570 1.2287 -0.0761 -0.0637 0.0228 0.9948
1341848048.6908 0.5994 -0.5542 1.2216 -0.0717 -0.0645 0.0229 0.9951
1341848048.7227 0.5923 -0.5566 1.2191 -0.0711 -0.0639 0.0244 0.9951
1341848048.7588 0.5895 -0.5578 1.2157 -0.0688 -0.0642 0.0258 0.9952
1341848048.7912 0.5843 -0.5582 1.2109 -0.0665 -0.0637 0.0256 0.9954
1341848048.8227 0.5761 -0.5596 1.2087 -0.0643 -0.0627 0.0263 0.9956
1341848048.8587 0.5730 -0.5580 1.2035 -0.0602 -0.0645 0.0252 0.9958
1341848048.8910 0.5663 -0.5609 1.2002 -0.0586 -0.0641 0.0236 0.9959
1341848048.9268 0.5567 -0.5618 1.1953 -0.0550 -0.0639 0.0216 0.9962
1341848048.9590 0.5510 -0.5612 1.1896 -0.0513 -0.0660 0.0203 0.9963
1341848048.9908 0.5433 -0.5653 1.1858 -0.0496 -0.0667 0.0199 0.9963
1341848049.0267 0.5395 -0.5661 1.1829 -0.0450 -0.0687 0.0180 0.9965
1341848049.0588 0.5358 -0.5644 1.1751 -0.0390 -0.0696 0.0149 0.9967
1341848049.0907 0.5259 -0.5645 1.1666 -0.0372 -0.0693 0.0144 0.9968
1341848049.1268 0.5214 -0.5649 1.1634 -0.0359 -0.0723 0.0154 0.9966
1341848049.1589 0.5198 -0.5659 1.1595 -0.0342 -0.0739 0.0134 0.9966
1341848049.1947 0.5101 -0.5649 1.1532 -0.0314 -0.0723 0.0113 0.9968
1341848049.2267 0.5037 -0.5597 1.1455 -0.0287 -0.0735 0.0112 0.9968
1341848049.2588 0.4982 -0.5595 1.1422 -0.0294 -0.0751 0.0107 0.9967
1341848049.2947 0.4928 -0.5595 1.1388 -0.0281 -0.0747 0.0087 0.9968
1341848049.3268 0.4848 -0.5563 1.1312 -0.0261 -0.0731 0.0080 0.9969
1341848049.3588 0.4779 -0.5521 1.1232 -0.0254 -0.0733 0.0098 0.9969
1341848049.3948 0.4700 -0.5577 1.1199 -0.0278 -0.0728 0.0116 0.9969
1341848049.4268 0.4684 -0.5532 1.1138 -0.0239 -0.0733 0.0123 0.9969
1341848049.4627 0.4626 -0.5485 1.1052 -0.0228 -0.0715 0.0139 0.9971
1341848049.4947 0.4494 -0.5542 1.0994 -0.0248 -0.0687 0.0170 0.9972
1341848049.5268 0.4525 -0.5435 1.0934 -0.0196 -0.0716 0.0189 0.9971
1341848049.5628 0.4418 -0.5436 1.0850 -0.0211 -0.0677 0.0193 0.9973
1341848049.5948 0.4281 -0.5428 1.0765 -0.0217 -0.0662 0.0214 0.9973
1341848049.6268 0.4257 -0.5396 1.0710 -0.0211 -0.0691 0.0226 0.9971
1341848049.6627 0.4217 -0.5336 1.0631 -0.0199 -0.0688 0.0213 0.9972
1341848049.6951 0.4069 -0.5309 1.0539 -0.0209 -0.0668 0.0212 0.9973
1341848049.7308 0.3967 -0.5285 1.0452 -0.0220 -0.0694 0.0222 0.9971
1341848049.7627 0.3958 -0.5218 1.0394 -0.0217 -0.0744 0.0202 0.9968
1341848049.7947 0.3830 -0.5217 1.0324 -0.0234 -0.0726 0.0179 0.9969
1341848049.8308 0.3720 -0.5162 1.0230 -0.0226 -0.0745 0.0175 0.9968
1341848049.8698 0.3711 -0.5060 1.0156 -0.0219 -0.0799 0.0176 0.9964
1341848049.9308 0.3503 -0.5103 1.0051 -0.0252 -0.0802 0.0125 0.9964
1341848049.9630 0.3452 -0.5009 0.9964 -0.0222 -0.0836 0.0122 0.9962
1341848049.9988 0.3385 -0.4978 0.9908 -0.0239 -0.0863 0.0116 0.9959
1341848050.0308 0.3277 -0.5017 0.9861 -0.0268 -0.0882 0.0096 0.9957
1341848050.0627 0.3236 -0.4963 0.9820 -0.0243 -0.0918 0.0074 0.9955
1341848050.0987 0.3178 -0.4899 0.9756 -0.0235 -0.0932 0.0066 0.9953
1341848050.1307 0.3054 -0.4905 0.9717 -0.0254 -0.0952 0.0043 0.9951
1341848050.1667 0.3060 -0.4846 0.9696 -0.0240 -0.1000 0.0016 0.9947
1341848050.1987 0.2956 -0.4831 0.9649 -0.0255 -0.0996 -0.0017 0.9947
1341848050.2308 0.2850 -0.4803 0.9615 -0.0253 -0.1024 -0.0043 0.9944
1341848050.2667 0.2838 -0.4774 0.9586 -0.0254 -0.1072 -0.0064 0.9939
1341848050.2988 0.2752 -0.4758 0.9549 -0.0264 -0.1081 -0.0107 0.9937
1341848050.3307 0.2641 -0.4768 0.9519 -0.0271 -0.1101 -0.0140 0.9935
1341848050.3667 0.2628 -0.4729 0.9472 -0.0266 -0.1153 -0.0154 0.9929
1341848050.3987 0.2569 -0.4712 0.9445 -0.0280 -0.1186 -0.0185 0.9924
1341848050.4348 0.2460 -0.4733 0.9421 -0.0297 -0.1201 -0.0213 0.9921
1341848050.4667 0.2429 -0.4699 0.9388 -0.0285 -0.1249 -0.0235 0.9915
1341848050.4988 0.2356 -0.4710 0.9370 -0.0284 -0.1277 -0.0281 0.9910
1341848050.5348 0.2293 -0.4695 0.9340 -0.0270 -0.1299 -0.0309 0.9907
1341848050.5668 0.2228 -0.4661 0.9297 -0.0258 -0.1334 -0.0320 0.9902
1341848050.5988 0.2179 -0.4648 0.9261 -0.0267 -0.1386 -0.0340 0.9894
1341848050.6348 0.2096 -0.4689 0.9258 -0.0281 -0.1416 -0.0378 0.9888
1341848050.6668 0.2042 -0.4647 0.9214 -0.0248 -0.1449 -0.0398 0.9883
1341848050.7028 0.1963 -0.4643 0.9178 -0.0250 -0.1483 -0.0418 0.9877
1341848050.7348 0.1903 -0.4631 0.9137 -0.0250 -0.1525 -0.0420 0.9871
1341848050.7669 0.1836 -0.4618 0.9112 -0.0258 -0.1574 -0.0427 0.9863
1341848050.8029 0.1750 -0.4638 0.9097 -0.0261 -0.1612 -0.0455 0.9855
1341848050.8348 0.1716 -0.4611 0.9047 -0.0243 -0.1657 -0.0477 0.9847
1341848050.8707 0.1645 -0.4594 0.9018 -0.0250 -0.1690 -0.0500 0.9840
1341848050.9027 0.1534 -0.4620 0.9011 -0.0260 -0.1727 -0.0528 0.9832
1341848050.9348 0.1495 -0.4590 0.8979 -0.0230 -0.1764 -0.0562 0.9824
1341848050.9709 0.1413 -0.4576 0.8949 -0.0226 -0.1788 -0.0589 0.9819
1341848051.0028 0.1311 -0.4579 0.8919 -0.0218 -0.1813 -0.0605 0.9813
1341848051.0350 0.1278 -0.4549 0.8873 -0.0201 -0.1855 -0.0612 0.9805
1341848051.0708 0.1205 -0.4556 0.8856 -0.0202 -0.1886 -0.0636 0.9798
1341848051.1027 0.1140 -0.4538 0.8827 -0.0180 -0.1914 -0.0649 0.9792
1341848051.1387 0.1123 -0.4534 0.8785 -0.0172 -0.1953 -0.0665 0.9783
1341848051.1707 0.1057 -0.4517 0.8751 -0.0169 -0.1966 -0.0665 0.9781
1341848051.2387 0.0950 -0.4542 0.8723 -0.0163 -0.2036 -0.0667 0.9766
1341848051.2708 0.0916 -0.4563 0.8709 -0.0140 -0.2065 -0.0698 0.9759
1341848051.3027 0.0874 -0.4574 0.8686 -0.0106 -0.2080 -0.0713 0.9755
1341848051.3387 0.0825 -0.4540 0.8663 -0.0061 -0.2108 -0.0707 0.9749
1341848051.3709 0.0832 -0.4549 0.8623 -0.0035 -0.2166 -0.0729 0.9735
1341848051.4067 0.0818 -0.4550 0.8596 -0.0018 -0.2186 -0.0748 0.9729
1341848051.4400 0.0792 -0.4536 0.8590 0.0004 -0.2219 -0.0758 0.9721
1341848051.4709 0.0799 -0.4540 0.8558 0.0018 -0.2259 -0.0783 0.9710
1341848051.5067 0.0797 -0.4496 0.8550 0.0040 -0.2306 -0.0815 0.9696
1341848051.5389 0.0727 -0.4531 0.8574 0.0050 -0.2344 -0.0871 0.9682
1341848051.5707 0.0769 -0.4517 0.8541 0.0108 -0.2402 -0.0940 0.9661
1341848051.6068 0.0734 -0.4452 0.8532 0.0152 -0.2442 -0.0985 0.9646
1341848051.6389 0.0669 -0.4518 0.8537 0.0168 -0.2503 -0.1070 0.9621
1341848051.6747 0.0716 -0.4460 0.8443 0.0231 -0.2551 -0.1098 0.9604
1341848051.7067 0.0708 -0.4416 0.8434 0.0232 -0.2616 -0.1116 0.9584
1341848051.7388 0.0675 -0.4439 0.8417 0.0234 -0.2679 -0.1169 0.9560
1341848051.7748 0.0720 -0.4395 0.8361 0.0266 -0.2732 -0.1206 0.9540
1341848051.8067 0.0703 -0.4403 0.8379 0.0277 -0.2767 -0.1289 0.9519
1341848051.8388 0.0681 -0.4415 0.8358 0.0329 -0.2787 -0.1377 0.9499
1341848051.8750 0.0772 -0.4319 0.8264 0.0391 -0.2809 -0.1420 0.9484
1341848051.9067 0.0775 -0.4280 0.8267 0.0372 -0.2834 -0.1472 0.9469
1341848051.9427 0.0777 -0.4300 0.8255 0.0356 -0.2869 -0.1531 0.9450
1341848051.9748 0.0877 -0.4245 0.8184 0.0364 -0.2874 -0.1572 0.9441
1341848052.0068 0.0880 -0.4247 0.8202 0.0326 -0.2861 -0.1614 0.9439
1341848052.0428 0.0891 -0.4278 0.8223 0.0321 -0.2859 -0.1650 0.9434
1341848052.0749 0.1011 -0.4235 0.8167 0.0344 -0.2849 -0.1676 0.9431
1341848052.1430 0.1059 -0.4226 0.8196 0.0347 -0.2799 -0.1744 0.9434
1341848052.1781 0.1194 -0.4164 0.8118 0.0372 -0.2790 -0.1786 0.9428
1341848052.2114 0.1217 -0.4170 0.8149 0.0347 -0.2760 -0.1816 0.9432
1341848052.2429 0.1279 -0.4170 0.8142 0.0364 -0.2751 -0.1854 0.9427
1341848052.3111 0.1409 -0.4112 0.8075 0.0340 -0.2693 -0.1915 0.9432
1341848052.3429 0.1465 -0.4116 0.8090 0.0352 -0.2685 -0.1946 0.9427
1341848052.3795 0.1565 -0.4087 0.8024 0.0368 -0.2649 -0.1971 0.9432
1341848052.4123 0.1593 -0.4093 0.8000 0.0335 -0.2616 -0.1963 0.9444
1341848052.4447 0.1638 -0.4106 0.8034 0.0345 -0.2630 -0.1990 0.9434
1341848052.4815 0.1738 -0.4080 0.7980 0.0376 -0.2598 -0.2013 0.9437
1341848052.5433 0.1864 -0.4054 0.7917 0.0410 -0.2567 -0.2033 0.9440
1341848052.5792 0.1987 -0.4001 0.7858 0.0418 -0.2547 -0.2060 0.9439
1341848052.6177 0.2009 -0.4011 0.7891 0.0409 -0.2514 -0.2111 0.9437
1341848052.6787 0.2191 -0.3976 0.7802 0.0467 -0.2490 -0.2209 0.9418
1341848052.7108 0.2259 -0.3953 0.7783 0.0466 -0.2464 -0.2226 0.9421
1341848052.7468 0.2310 -0.3937 0.7740 0.0450 -0.2459 -0.2204 0.9428
1341848052.7787 0.2468 -0.3919 0.7661 0.0423 -0.2469 -0.2191 0.9430
1341848052.8109 0.2523 -0.3948 0.7683 0.0382 -0.2437 -0.2198 0.9438
1341848052.8469 0.2565 -0.3988 0.7700 0.0408 -0.2408 -0.2227 0.9438
1341848052.8788 0.2706 -0.3948 0.7590 0.0451 -0.2361 -0.2248 0.9443
1341848052.9147 0.2791 -0.3913 0.7562 0.0442 -0.2313 -0.2242 0.9457
1341848052.9467 0.2829 -0.3934 0.7557 0.0434 -0.2282 -0.2228 0.9468
1341848052.9787 0.2950 -0.3918 0.7500 0.0445 -0.2250 -0.2225 0.9476
1341848053.0148 0.3015 -0.3918 0.7480 0.0435 -0.2186 -0.2220 0.9492
1341848053.0467 0.3058 -0.3926 0.7461 0.0440 -0.2146 -0.2190 0.9508
1341848053.0827 0.3206 -0.3902 0.7391 0.0450 -0.2120 -0.2177 0.9517
1341848053.1148 0.3268 -0.3918 0.7396 0.0435 -0.2050 -0.2172 0.9534
1341848053.1470 0.3320 -0.3914 0.7367 0.0441 -0.1989 -0.2138 0.9554
1341848053.1832 0.3421 -0.3875 0.7319 0.0441 -0.1956 -0.2107 0.9568
1341848053.2148 0.3470 -0.3906 0.7329 0.0421 -0.1909 -0.2089 0.9582
1341848053.2480 0.3523 -0.3914 0.7316 0.0444 -0.1862 -0.2070 0.9594
1341848053.2898 0.3614 -0.3890 0.7266 0.0467 -0.1826 -0.2046 0.9605
1341848053.3217 0.3679 -0.3882 0.7229 0.0468 -0.1784 -0.2006 0.9622
1341848053.3538 0.3747 -0.3876 0.7200 0.0470 -0.1741 -0.1964 0.9638
1341848053.3861 0.3808 -0.3878 0.7167 0.0473 -0.1702 -0.1934 0.9651
1341848053.4218 0.3897 -0.3892 0.7109 0.0466 -0.1657 -0.1906 0.9665
1341848053.4537 0.3976 -0.3845 0.7074 0.0457 -0.1601 -0.1854 0.9684
1341848053.4857 0.4011 -0.3820 0.7047 0.0433 -0.1567 -0.1808 0.9700
1341848053.5217 0.4081 -0.3847 0.7012 0.0410 -0.1540 -0.1784 0.9710
1341848053.5539 0.4206 -0.3835 0.6972 0.0396 -0.1492 -0.1760 0.9722
1341848053.5897 0.4220 -0.3809 0.6948 0.0366 -0.1424 -0.1714 0.9742
1341848053.6219 0.4298 -0.3778 0.6906 0.0332 -0.1389 -0.1649 0.9759
1341848053.6538 0.4394 -0.3789 0.6875 0.0279 -0.1330 -0.1599 0.9777
1341848053.6897 0.4377 -0.3800 0.6876 0.0237 -0.1245 -0.1558 0.9796
1341848053.7217 0.4435 -0.3791 0.6848 0.0221 -0.1193 -0.1506 0.9811
1341848053.7580 0.4529 -0.3781 0.6814 0.0197 -0.1135 -0.1457 0.9826
1341848053.7899 0.4525 -0.3804 0.6806 0.0167 -0.1056 -0.1411 0.9842
1341848053.8216 0.4572 -0.3814 0.6781 0.0166 -0.0993 -0.1351 0.9857
1341848053.8578 0.4619 -0.3788 0.6748 0.0161 -0.0926 -0.1286 0.9872
1341848053.8898 0.4624 -0.3776 0.6722 0.0148 -0.0867 -0.1211 0.9887
1341848053.9511 0.4675 -0.3838 0.6608 0.0162 -0.0795 -0.1095 0.9907
1341848053.9868 0.4644 -0.3790 0.6575 0.0180 -0.0740 -0.1030 0.9918
1341848054.0510 0.4729 -0.3798 0.6408 0.0158 -0.0752 -0.0843 0.9935
1341848054.0868 0.4728 -0.3792 0.6348 0.0128 -0.0731 -0.0779 0.9942
1341848054.1189 0.4678 -0.3777 0.6288 0.0111 -0.0720 -0.0704 0.9949
1341848054.1550 0.4738 -0.3796 0.6208 0.0082 -0.0738 -0.0643 0.9952
1341848054.1867 0.4718 -0.3818 0.6137 0.0047 -0.0729 -0.0623 0.9954
1341848054.2190 0.4634 -0.3858 0.6079 0.0040 -0.0706 -0.0610 0.9956
1341848054.2548 0.4643 -0.3883 0.5990 0.0065 -0.0696 -0.0617 0.9956
1341848054.2868 0.4736 -0.3803 0.5890 0.0093 -0.0695 -0.0621 0.9956
1341848054.3229 0.4717 -0.3756 0.5810 0.0053 -0.0669 -0.0608 0.9959
1341848054.3548 0.4611 -0.3816 0.5741 0.0009 -0.0641 -0.0600 0.9961
1341848054.3871 0.4690 -0.3792 0.5644 -0.0002 -0.0651 -0.0602 0.9961
1341848054.4229 0.4649 -0.3779 0.5584 -0.0034 -0.0617 -0.0599 0.9963
1341848054.4547 0.4523 -0.3789 0.5516 -0.0054 -0.0594 -0.0581 0.9965
1341848054.4869 0.4539 -0.3773 0.5440 -0.0056 -0.0623 -0.0562 0.9965
1341848054.5227 0.4570 -0.3844 0.5375 -0.0090 -0.0622 -0.0555 0.9965
1341848054.5549 0.4503 -0.3872 0.5328 -0.0081 -0.0584 -0.0536 0.9968
1341848054.5908 0.4561 -0.3835 0.5239 -0.0053 -0.0583 -0.0508 0.9970
1341848054.6227 0.4593 -0.3820 0.5161 -0.0061 -0.0584 -0.0498 0.9970
1341848054.6564 0.4599 -0.3848 0.5107 -0.0074 -0.0576 -0.0478 0.9972
1341848054.6910 0.4669 -0.3862 0.5041 -0.0077 -0.0550 -0.0455 0.9974
1341848054.7227 0.4653 -0.3883 0.4985 -0.0067 -0.0512 -0.0463 0.9976
1341848054.7547 0.4649 -0.3872 0.4921 -0.0041 -0.0483 -0.0448 0.9978
1341848054.7909 0.4676 -0.3868 0.4853 -0.0017 -0.0466 -0.0418 0.9980
1341848054.8229 0.4736 -0.3833 0.4778 -0.0004 -0.0444 -0.0373 0.9983
1341848054.8589 0.4695 -0.3843 0.4722 -0.0008 -0.0406 -0.0317 0.9987
1341848054.8909 0.4741 -0.3847 0.4654 0.0012 -0.0404 -0.0275 0.9988
1341848054.9228 0.4794 -0.3827 0.4589 0.0033 -0.0379 -0.0230 0.9990
1341848054.9587 0.4790 -0.3801 0.4506 0.0038 -0.0342 -0.0186 0.9992
1341848054.9911 0.4746 -0.3826 0.4438 0.0050 -0.0329 -0.0166 0.9993
1341848055.0230 0.4854 -0.3815 0.4346 0.0080 -0.0331 -0.0157 0.9993
1341848055.0587 0.4847 -0.3787 0.4263 0.0098 -0.0286 -0.0132 0.9995
1341848055.0907 0.4767 -0.3773 0.4172 0.0120 -0.0261 -0.0100 0.9995
1341848055.1270 0.4863 -0.3720 0.4049 0.0139 -0.0279 -0.0062 0.9995
1341848055.1592 0.4903 -0.3712 0.3954 0.0135 -0.0258 -0.0040 0.9996
1341848055.1910 0.4822 -0.3729 0.3852 0.0148 -0.0209 -0.0023 0.9997
1341848055.2268 0.4812 -0.3651 0.3711 0.0185 -0.0205 0.0002 0.9996
1341848055.2589 0.4869 -0.3559 0.3581 0.0194 -0.0219 0.0018 0.9996
1341848055.2947 0.4781 -0.3556 0.3478 0.0180 -0.0195 0.0040 0.9996
1341848055.3268 0.4792 -0.3529 0.3338 0.0189 -0.0201 0.0058 0.9996
1341848055.3589 0.4802 -0.3467 0.3221 0.0199 -0.0200 0.0052 0.9996
1341848055.3947 0.4821 -0.3412 0.3098 0.0199 -0.0181 0.0040 0.9996
1341848055.4268 0.4757 -0.3387 0.2984 0.0197 -0.0145 0.0035 0.9997
1341848055.4588 0.4729 -0.3323 0.2864 0.0209 -0.0128 0.0038 0.9997
1341848055.4947 0.4741 -0.3251 0.2747 0.0205 -0.0112 0.0051 0.9997
1341848055.5267 0.4687 -0.3249 0.2645 0.0191 -0.0080 0.0054 0.9998
1341848055.5626 0.4666 -0.3223 0.2541 0.0204 -0.0057 0.0060 0.9998
1341848055.5947 0.4678 -0.3120 0.2423 0.0219 -0.0031 0.0065 0.9997
1341848055.6267 0.4624 -0.3071 0.2326 0.0211 0.0005 0.0076 0.9997
1341848055.6630 0.4562 -0.3053 0.2238 0.0206 0.0019 0.0091 0.9997
1341848055.6948 0.4645 -0.2991 0.2136 0.0207 0.0030 0.0091 0.9997
1341848055.7268 0.4648 -0.2926 0.2050 0.0185 0.0098 0.0105 0.9997
1341848055.7628 0.4426 -0.2961 0.2009 0.0161 0.0167 0.0137 0.9996
1341848055.7950 0.4466 -0.2938 0.1938 0.0175 0.0160 0.0170 0.9996
1341848055.8308 0.4459 -0.2920 0.1870 0.0172 0.0196 0.0201 0.9995
1341848055.8628 0.4368 -0.2934 0.1833 0.0182 0.0243 0.0240 0.9993
1341848055.8948 0.4327 -0.2887 0.1773 0.0211 0.0265 0.0270 0.9991
1341848055.9307 0.4294 -0.2839 0.1709 0.0226 0.0288 0.0277 0.9989
1341848055.9628 0.4189 -0.2832 0.1669 0.0231 0.0314 0.0295 0.9988
1341848055.9947 0.4150 -0.2767 0.1602 0.0236 0.0316 0.0322 0.9987
1341848056.0307 0.4070 -0.2726 0.1550 0.0219 0.0332 0.0341 0.9986
1341848056.0628 0.3946 -0.2757 0.1520 0.0206 0.0347 0.0358 0.9985
1341848056.0988 0.3870 -0.2722 0.1473 0.0210 0.0354 0.0367 0.9985
1341848056.1306 0.3778 -0.2706 0.1438 0.0211 0.0369 0.0377 0.9984
1341848056.1627 0.3599 -0.2711 0.1382 0.0217 0.0388 0.0377 0.9983
1341848056.1987 0.3481 -0.2652 0.1340 0.0231 0.0372 0.0389 0.9983
1341848056.2307 0.3371 -0.2609 0.1284 0.0224 0.0359 0.0406 0.9983
1341848056.2639 0.3192 -0.2615 0.1263 0.0213 0.0352 0.0404 0.9983
1341848056.2988 0.3103 -0.2586 0.1240 0.0219 0.0329 0.0406 0.9984
1341848056.3307 0.2993 -0.2531 0.1184 0.0216 0.0327 0.0412 0.9984
1341848056.3667 0.2774 -0.2534 0.1162 0.0201 0.0331 0.0427 0.9983
1341848056.3987 0.2632 -0.2478 0.1100 0.0202 0.0293 0.0451 0.9983
1341848056.4307 0.2574 -0.2372 0.1038 0.0166 0.0249 0.0491 0.9983
1341848056.4668 0.2386 -0.2362 0.1005 0.0091 0.0240 0.0549 0.9982
1341848056.4989 0.2252 -0.2398 0.0993 0.0041 0.0205 0.0563 0.9982
1341848056.5348 0.2167 -0.2364 0.0954 0.0017 0.0185 0.0552 0.9983
1341848056.5667 0.2002 -0.2378 0.0948 -0.0015 0.0193 0.0547 0.9983
1341848056.5989 0.1772 -0.2369 0.0905 -0.0031 0.0193 0.0577 0.9981
1341848056.6348 0.1686 -0.2316 0.0851 -0.0056 0.0134 0.0591 0.9981
1341848056.6668 0.1550 -0.2338 0.0867 -0.0097 0.0106 0.0608 0.9980
1341848056.6989 0.1439 -0.2350 0.0834 -0.0107 0.0081 0.0612 0.9980
1341848056.7348 0.1301 -0.2313 0.0810 -0.0114 0.0064 0.0586 0.9982
1341848056.7667 0.1181 -0.2323 0.0789 -0.0124 0.0038 0.0573 0.9983
1341848056.8029 0.1138 -0.2269 0.0736 -0.0137 0.0005 0.0552 0.9984
1341848056.8350 0.0959 -0.2307 0.0765 -0.0165 0.0006 0.0529 0.9985
1341848056.8667 0.0852 -0.2337 0.0792 -0.0166 -0.0013 0.0528 0.9985
1341848056.9027 0.0867 -0.2328 0.0732 -0.0163 -0.0027 0.0521 0.9985
1341848056.9347 0.0782 -0.2314 0.0729 -0.0177 -0.0004 0.0498 0.9986
1341848056.9668 0.0606 -0.2328 0.0746 -0.0178 0.0022 0.0496 0.9986
1341848057.0027 0.0617 -0.2307 0.0682 -0.0184 0.0008 0.0496 0.9986
1341848057.0348 0.0546 -0.2294 0.0666 -0.0210 0.0039 0.0489 0.9986
1341848057.0710 0.0343 -0.2293 0.0705 -0.0218 0.0077 0.0474 0.9986
1341848057.1028 0.0296 -0.2272 0.0664 -0.0215 0.0068 0.0459 0.9987
1341848057.1347 0.0241 -0.2246 0.0604 -0.0243 0.0082 0.0459 0.9986
1341848057.1707 0.0022 -0.2242 0.0649 -0.0266 0.0112 0.0453 0.9986
1341848057.2026 -0.0013 -0.2228 0.0613 -0.0264 0.0100 0.0420 0.9987
1341848057.2347 -0.0084 -0.2202 0.0543 -0.0286 0.0123 0.0401 0.9987
1341848057.2708 -0.0268 -0.2144 0.0539 -0.0313 0.0154 0.0406 0.9986
1341848057.3029 -0.0388 -0.2101 0.0557 -0.0329 0.0151 0.0403 0.9985
1341848057.3388 -0.0447 -0.2102 0.0501 -0.0358 0.0163 0.0390 0.9985
1341848057.3708 -0.0594 -0.2044 0.0485 -0.0386 0.0199 0.0400 0.9983
1341848057.4027 -0.0757 -0.2018 0.0503 -0.0400 0.0216 0.0409 0.9981
1341848057.4389 -0.0826 -0.1988 0.0442 -0.0409 0.0231 0.0410 0.9981
1341848057.4707 -0.0959 -0.1932 0.0419 -0.0428 0.0281 0.0435 0.9977
1341848057.5067 -0.1159 -0.1911 0.0413 -0.0434 0.0313 0.0469 0.9975
1341848057.5388 -0.1249 -0.1854 0.0340 -0.0439 0.0307 0.0488 0.9974
1341848057.5711 -0.1348 -0.1835 0.0282 -0.0475 0.0330 0.0513 0.9970
1341848057.6067 -0.1487 -0.1805 0.0280 -0.0509 0.0370 0.0551 0.9965
1341848057.6388 -0.1601 -0.1796 0.0250 -0.0527 0.0406 0.0578 0.9961
1341848057.6709 -0.1716 -0.1768 0.0211 -0.0545 0.0456 0.0599 0.9957
1341848057.7068 -0.1873 -0.1747 0.0205 -0.0552 0.0511 0.0645 0.9951
1341848057.7389 -0.2009 -0.1733 0.0138 -0.0552 0.0533 0.0661 0.9949
1341848057.7750 -0.2097 -0.1679 0.0102 -0.0557 0.0550 0.0679 0.9946
1341848057.8068 -0.2265 -0.1657 0.0090 -0.0562 0.0590 0.0740 0.9939
1341848057.8388 -0.2407 -0.1665 0.0049 -0.0552 0.0597 0.0795 0.9935
1341848057.8748 -0.2520 -0.1649 -0.0006 -0.0543 0.0606 0.0812 0.9934
1341848057.9068 -0.2658 -0.1624 -0.0047 -0.0541 0.0622 0.0816 0.9933
1341848057.9388 -0.2813 -0.1580 -0.0091 -0.0541 0.0622 0.0836 0.9931
1341848057.9753 -0.2934 -0.1575 -0.0111 -0.0561 0.0612 0.0857 0.9929
1341848058.0068 -0.3111 -0.1611 -0.0088 -0.0570 0.0610 0.0861 0.9928
1341848058.0428 -0.3236 -0.1598 -0.0094 -0.0541 0.0579 0.0855 0.9932
1341848058.0760 -0.3341 -0.1588 -0.0155 -0.0525 0.0551 0.0856 0.9934
1341848058.1068 -0.3483 -0.1573 -0.0135 -0.0519 0.0528 0.0851 0.9936
1341848058.1427 -0.3626 -0.1583 -0.0115 -0.0493 0.0494 0.0840 0.9940
1341848058.1747 -0.3742 -0.1561 -0.0159 -0.0470 0.0457 0.0818 0.9945
1341848058.2071 -0.3860 -0.1552 -0.0174 -0.0466 0.0437 0.0797 0.9948
1341848058.2427 -0.4010 -0.1535 -0.0148 -0.0450 0.0410 0.0770 0.9952
1341848058.2747 -0.4131 -0.1518 -0.0100 -0.0425 0.0393 0.0752 0.9955
1341848058.3107 -0.4234 -0.1534 -0.0095 -0.0389 0.0404 0.0736 0.9957
1341848058.3432 -0.4388 -0.1502 -0.0120 -0.0350 0.0399 0.0706 0.9961
1341848058.3749 -0.4471 -0.1482 -0.0154 -0.0340 0.0390 0.0721 0.9961
1341848058.4107 -0.4581 -0.1474 -0.0166 -0.0352 0.0387 0.0743 0.9959
1341848058.4428 -0.4683 -0.1484 -0.0115 -0.0361 0.0384 0.0762 0.9957
1341848058.4747 -0.4742 -0.1501 -0.0051 -0.0347 0.0382 0.0788 0.9956
1341848058.5430 -0.4959 -0.1515 -0.0036 -0.0308 0.0431 0.0848 0.9950
1341848058.5789 -0.5037 -0.1514 -0.0013 -0.0302 0.0429 0.0895 0.9946
1341848058.6108 -0.5100 -0.1550 0.0033 -0.0311 0.0457 0.0922 0.9942
1341848058.6431 -0.5225 -0.1549 0.0055 -0.0308 0.0492 0.0926 0.9940
1341848058.6787 -0.5278 -0.1557 0.0163 -0.0287 0.0490 0.0928 0.9941
1341848058.7107 -0.5328 -0.1579 0.0167 -0.0250 0.0533 0.0920 0.9940
1341848058.7468 -0.5463 -0.1569 0.0104 -0.0251 0.0595 0.0895 0.9939
1341848058.7787 -0.5572 -0.1500 0.0145 -0.0249 0.0587 0.0922 0.9937
1341848058.8109 -0.5618 -0.1540 0.0170 -0.0267 0.0566 0.0962 0.9934
1341848058.8468 -0.5655 -0.1558 0.0231 -0.0283 0.0588 0.0973 0.9931
1341848058.8796 -0.5713 -0.1567 0.0280 -0.0278 0.0620 0.0995 0.9927
1341848058.9468 -0.5791 -0.1579 0.0307 -0.0275 0.0641 0.1041 0.9921
1341848058.9789 -0.5859 -0.1606 0.0373 -0.0263 0.0674 0.1057 0.9918
1341848059.0147 -0.5875 -0.1606 0.0357 -0.0231 0.0682 0.1063 0.9917
1341848059.0467 -0.5907 -0.1615 0.0345 -0.0219 0.0703 0.1072 0.9915
1341848059.0788 -0.5932 -0.1631 0.0379 -0.0217 0.0738 0.1073 0.9912
1341848059.1147 -0.5963 -0.1633 0.0378 -0.0207 0.0781 0.1063 0.9910
1341848059.1467 -0.5995 -0.1622 0.0370 -0.0206 0.0809 0.1061 0.9908
1341848059.1787 -0.6013 -0.1645 0.0407 -0.0210 0.0833 0.1057 0.9907
1341848059.2147 -0.6024 -0.1647 0.0435 -0.0201 0.0873 0.1049 0.9904
1341848059.2468 -0.6028 -0.1641 0.0440 -0.0179 0.0921 0.1049 0.9900
1341848059.2827 -0.6047 -0.1621 0.0458 -0.0152 0.0952 0.1071 0.9896
1341848059.3147 -0.6037 -0.1631 0.0438 -0.0129 0.0979 0.1092 0.9891
1341848059.3468 -0.6043 -0.1606 0.0390 -0.0120 0.1005 0.1111 0.9886
1341848059.3827 -0.6056 -0.1599 0.0450 -0.0109 0.1022 0.1134 0.9882
1341848059.4147 -0.6051 -0.1657 0.0426 -0.0096 0.1050 0.1143 0.9878
1341848059.4468 -0.6041 -0.1648 0.0395 -0.0088 0.1090 0.1135 0.9875
1341848059.4827 -0.6042 -0.1607 0.0395 -0.0076 0.1124 0.1140 0.9871
1341848059.5147 -0.6057 -0.1604 0.0397 -0.0065 0.1140 0.1170 0.9865
1341848059.5508 -0.6052 -0.1621 0.0371 -0.0067 0.1157 0.1167 0.9864
1341848059.5827 -0.6063 -0.1613 0.0392 -0.0054 0.1194 0.1175 0.9859
1341848059.6147 -0.6097 -0.1579 0.0396 -0.0016 0.1202 0.1195 0.9855
1341848059.6507 -0.6108 -0.1589 0.0361 -0.0001 0.1190 0.1209 0.9855
1341848059.6827 -0.6100 -0.1620 0.0310 -0.0012 0.1199 0.1187 0.9857
1341848059.7187 -0.6117 -0.1578 0.0350 -0.0000 0.1227 0.1186 0.9853
1341848059.7509 -0.6169 -0.1578 0.0374 0.0028 0.1232 0.1190 0.9852
1341848059.7828 -0.6149 -0.1582 0.0281 0.0030 0.1224 0.1174 0.9855
1341848059.8188 -0.6177 -0.1572 0.0302 0.0014 0.1256 0.1172 0.9851
1341848059.8507 -0.6234 -0.1569 0.0360 0.0044 0.1280 0.1173 0.9848
1341848059.8827 -0.6249 -0.1569 0.0303 0.0074 0.1273 0.1158 0.9851
1341848059.9188 -0.6265 -0.1546 0.0283 0.0090 0.1264 0.1148 0.9853
1341848059.9508 -0.6261 -0.1533 0.0275 0.0106 0.1258 0.1154 0.9853
1341848059.9868 -0.6302 -0.1545 0.0284 0.0130 0.1257 0.1161 0.9852
1341848060.0187 -0.6300 -0.1569 0.0270 0.0150 0.1257 0.1132 0.9855
1341848060.0507 -0.6312 -0.1553 0.0277 0.0193 0.1285 0.1113 0.9852
1341848060.0868 -0.6367 -0.1502 0.0251 0.0247 0.1284 0.1103 0.9853
1341848060.1188 -0.6351 -0.1515 0.0208 0.0271 0.1254 0.1077 0.9859
1341848060.1508 -0.6295 -0.1510 0.0134 0.0266 0.1265 0.1050 0.9860
1341848060.1869 -0.6340 -0.1464 0.0210 0.0285 0.1289 0.1045 0.9857
1341848060.2189 -0.6317 -0.1498 0.0191 0.0312 0.1276 0.1016 0.9861
1341848060.2548 -0.6253 -0.1435 0.0094 0.0317 0.1289 0.0989 0.9862
1341848060.2875 -0.6283 -0.1416 0.0164 0.0305 0.1323 0.0984 0.9858
1341848060.3189 -0.6288 -0.1440 0.0180 0.0327 0.1318 0.0976 0.9859
1341848060.3546 -0.6210 -0.1402 0.0076 0.0323 0.1309 0.0938 0.9864
1341848060.3873 -0.6201 -0.1409 0.0143 0.0309 0.1344 0.0922 0.9861
1341848060.4186 -0.6220 -0.1385 0.0175 0.0337 0.1344 0.0911 0.9862
1341848060.4548 -0.6150 -0.1378 0.0115 0.0344 0.1326 0.0879 0.9867
1341848060.4867 -0.6118 -0.1376 0.0135 0.0339 0.1356 0.0845 0.9866
1341848060.5229 -0.6132 -0.1371 0.0217 0.0370 0.1371 0.0825 0.9864
1341848060.5547 -0.6064 -0.1377 0.0146 0.0401 0.1360 0.0796 0.9867
1341848060.5867 -0.5993 -0.1327 0.0089 0.0399 0.1382 0.0770 0.9866
1341848060.6227 -0.6026 -0.1328 0.0193 0.0408 0.1412 0.0772 0.9861
1341848060.6561 -0.5977 -0.1319 0.0147 0.0438 0.1390 0.0769 0.9863
1341848060.6873 -0.5921 -0.1310 0.0110 0.0430 0.1394 0.0759 0.9864
1341848060.7232 -0.5929 -0.1304 0.0170 0.0438 0.1411 0.0771 0.9860
1341848060.7579 -0.5922 -0.1287 0.0170 0.0467 0.1384 0.0777 0.9862
1341848060.7909 -0.5869 -0.1302 0.0138 0.0467 0.1352 0.0775 0.9867
1341848060.8240 -0.5865 -0.1305 0.0185 0.0478 0.1334 0.0779 0.9868
1341848060.8624 -0.5847 -0.1321 0.0192 0.0500 0.1304 0.0777 0.9872
1341848060.9231 -0.5760 -0.1342 0.0220 0.0514 0.1251 0.0786 0.9877
1341848060.9608 -0.5695 -0.1358 0.0216 0.0531 0.1220 0.0783 0.9880
1341848060.9969 -0.5644 -0.1365 0.0228 0.0539 0.1200 0.0792 0.9881
1341848061.0306 -0.5602 -0.1399 0.0261 0.0546 0.1179 0.0795 0.9883
1341848061.0622 -0.5527 -0.1422 0.0271 0.0549 0.1162 0.0789 0.9886
1341848061.1006 -0.5475 -0.1482 0.0320 0.0554 0.1166 0.0782 0.9885
1341848061.1298 -0.5425 -0.1530 0.0357 0.0586 0.1166 0.0774 0.9884
1341848061.1979 -0.5299 -0.1588 0.0385 0.0645 0.1163 0.0780 0.9880
1341848061.2594 -0.5168 -0.1613 0.0355 0.0714 0.1148 0.0783 0.9877
1341848061.2909 -0.5118 -0.1683 0.0410 0.0728 0.1146 0.0794 0.9876
1341848061.3266 -0.5050 -0.1700 0.0379 0.0761 0.1142 0.0803 0.9873
1341848061.3589 -0.4989 -0.1714 0.0392 0.0775 0.1147 0.0804 0.9871
1341848061.3908 -0.4944 -0.1730 0.0408 0.0793 0.1151 0.0824 0.9867
1341848061.4269 -0.4886 -0.1728 0.0394 0.0806 0.1144 0.0840 0.9866
1341848061.4588 -0.4836 -0.1744 0.0412 0.0802 0.1154 0.0853 0.9864
1341848061.4947 -0.4821 -0.1789 0.0448 0.0812 0.1168 0.0845 0.9862
1341848061.5267 -0.4764 -0.1753 0.0419 0.0834 0.1162 0.0845 0.9861
1341848061.5588 -0.4714 -0.1732 0.0409 0.0827 0.1164 0.0855 0.9861
1341848061.5947 -0.4700 -0.1788 0.0468 0.0813 0.1184 0.0857 0.9859
1341848061.6267 -0.4674 -0.1794 0.0473 0.0833 0.1186 0.0855 0.9857
1341848061.6588 -0.4599 -0.1747 0.0443 0.0833 0.1192 0.0848 0.9857
1341848061.6949 -0.4605 -0.1798 0.0497 0.0817 0.1221 0.0856 0.9854
1341848061.7267 -0.4592 -0.1794 0.0495 0.0834 0.1216 0.0862 0.9853
1341848061.7628 -0.4530 -0.1767 0.0468 0.0829 0.1220 0.0850 0.9854
1341848061.7948 -0.4537 -0.1802 0.0507 0.0817 0.1243 0.0843 0.9853
1341848061.8267 -0.4527 -0.1798 0.0518 0.0826 0.1241 0.0850 0.9852
1341848061.8629 -0.4488 -0.1778 0.0491 0.0816 0.1236 0.0842 0.9854
1341848061.8948 -0.4498 -0.1808 0.0544 0.0796 0.1248 0.0835 0.9855
1341848061.9307 -0.4490 -0.1821 0.0562 0.0800 0.1246 0.0821 0.9856
1341848061.9628 -0.4467 -0.1787 0.0563 0.0798 0.1240 0.0820 0.9857
1341848061.9972 -0.4480 -0.1793 0.0611 0.0782 0.1233 0.0817 0.9859
1341848062.0307 -0.4451 -0.1825 0.0649 0.0768 0.1217 0.0795 0.9864
1341848062.0633 -0.4433 -0.1815 0.0667 0.0762 0.1215 0.0778 0.9866
1341848062.0949 -0.4437 -0.1829 0.0713 0.0746 0.1199 0.0764 0.9870
1341848062.1308 -0.4412 -0.1844 0.0744 0.0732 0.1178 0.0760 0.9874
1341848062.1634 -0.4399 -0.1885 0.0798 0.0721 0.1166 0.0730 0.9879
1341848062.1987 -0.4370 -0.1893 0.0818 0.0723 0.1153 0.0682 0.9883
1341848062.2308 -0.4375 -0.1865 0.0852 0.0724 0.1140 0.0667 0.9886
1341848062.2628 -0.4361 -0.1847 0.0872 0.0706 0.1105 0.0667 0.9891
1341848062.2993 -0.4342 -0.1881 0.0904 0.0682 0.1081 0.0656 0.9896
1341848062.3308 -0.4308 -0.1912 0.0927 0.0669 0.1068 0.0635 0.9900
1341848062.3628 -0.4338 -0.1914 0.0977 0.0676 0.1064 0.0624 0.9901
1341848062.3988 -0.4289 -0.1907 0.0965 0.0681 0.1025 0.0620 0.9905
1341848062.4308 -0.4261 -0.1898 0.0973 0.0675 0.1006 0.0643 0.9905
1341848062.4669 -0.4248 -0.1898 0.1000 0.0669 0.0981 0.0659 0.9907
1341848062.4987 -0.4225 -0.1920 0.1019 0.0665 0.0954 0.0685 0.9909
1341848062.5307 -0.4160 -0.1921 0.0991 0.0663 0.0928 0.0687 0.9911
1341848062.5669 -0.4122 -0.1912 0.1000 0.0651 0.0928 0.0686 0.9912
1341848062.5988 -0.4151 -0.1909 0.1056 0.0657 0.0914 0.0713 0.9911
1341848062.6308 -0.4052 -0.1882 0.1004 0.0654 0.0863 0.0740 0.9914
1341848062.6667 -0.3998 -0.1931 0.1023 0.0629 0.0856 0.0738 0.9916
1341848062.6987 -0.3977 -0.1970 0.1070 0.0643 0.0857 0.0734 0.9915
1341848062.7349 -0.3876 -0.1918 0.1006 0.0664 0.0825 0.0736 0.9916
1341848062.7668 -0.3811 -0.1905 0.1016 0.0645 0.0817 0.0746 0.9918
1341848062.7987 -0.3804 -0.1955 0.1082 0.0644 0.0812 0.0750 0.9918
1341848062.8348 -0.3705 -0.1919 0.1020 0.0655 0.0770 0.0740 0.9921
1341848062.8668 -0.3616 -0.1919 0.1015 0.0634 0.0755 0.0726 0.9925
1341848062.8991 -0.3618 -0.1953 0.1077 0.0623 0.0752 0.0709 0.9927
1341848062.9350 -0.3532 -0.1970 0.1050 0.0631 0.0714 0.0658 0.9933
1341848062.9669 -0.3405 -0.1940 0.1013 0.0621 0.0699 0.0608 0.9938
1341848063.0029 -0.3414 -0.1957 0.1088 0.0606 0.0708 0.0603 0.9938
1341848063.0350 -0.3349 -0.1982 0.1091 0.0609 0.0660 0.0597 0.9942
1341848063.0667 -0.3235 -0.1991 0.1079 0.0604 0.0632 0.0587 0.9944
1341848063.1028 -0.3172 -0.2029 0.1113 0.0610 0.0622 0.0573 0.9946
1341848063.1350 -0.3092 -0.1993 0.1088 0.0626 0.0589 0.0570 0.9947
1341848063.1707 -0.3008 -0.2003 0.1091 0.0613 0.0554 0.0570 0.9949
1341848063.2027 -0.2926 -0.2043 0.1111 0.0605 0.0535 0.0562 0.9951
1341848063.2350 -0.2833 -0.2048 0.1109 0.0616 0.0519 0.0529 0.9953
1341848063.2708 -0.2731 -0.2043 0.1108 0.0616 0.0514 0.0501 0.9955
1341848063.3028 -0.2669 -0.2035 0.1113 0.0613 0.0513 0.0481 0.9956
1341848063.3349 -0.2606 -0.2045 0.1129 0.0605 0.0486 0.0451 0.9960
1341848063.3707 -0.2491 -0.2036 0.1122 0.0588 0.0476 0.0433 0.9962
1341848063.4027 -0.2436 -0.2049 0.1148 0.0569 0.0492 0.0397 0.9964
1341848063.4393 -0.2396 -0.2055 0.1197 0.0559 0.0493 0.0369 0.9965
1341848063.4707 -0.2275 -0.2030 0.1166 0.0547 0.0481 0.0348 0.9967
1341848063.5028 -0.2218 -0.2025 0.1229 0.0508 0.0504 0.0336 0.9969
1341848063.5418 -0.2227 -0.2103 0.1340 0.0499 0.0511 0.0345 0.9968
1341848063.5778 -0.2083 -0.2047 0.1275 0.0508 0.0485 0.0362 0.9969
1341848063.6097 -0.2059 -0.2046 0.1344 0.0470 0.0496 0.0376 0.9970
1341848063.6430 -0.2037 -0.2098 0.1424 0.0459 0.0484 0.0386 0.9970
1341848063.6780 -0.1915 -0.2035 0.1377 0.0454 0.0452 0.0389 0.9972
1341848063.7099 -0.1884 -0.2021 0.1442 0.0407 0.0442 0.0396 0.9974
1341848063.7458 -0.1889 -0.2091 0.1543 0.0376 0.0426 0.0395 0.9976
1341848063.7778 -0.1777 -0.2094 0.1543 0.0371 0.0399 0.0365 0.9978
1341848063.8098 -0.1750 -0.2108 0.1620 0.0352 0.0407 0.0348 0.9979
1341848063.8457 -0.1737 -0.2168 0.1710 0.0352 0.0390 0.0340 0.9980
1341848063.8779 -0.1603 -0.2159 0.1724 0.0357 0.0358 0.0334 0.9982
1341848063.9138 -0.1559 -0.2251 0.1839 0.0343 0.0379 0.0303 0.9982
1341848063.9458 -0.1545 -0.2310 0.1941 0.0374 0.0394 0.0278 0.9981
1341848063.9779 -0.1476 -0.2290 0.2000 0.0408 0.0361 0.0293 0.9981
1341848064.0140 -0.1372 -0.2323 0.2055 0.0404 0.0332 0.0308 0.9982
1341848064.0458 -0.1392 -0.2438 0.2204 0.0403 0.0331 0.0292 0.9982
1341848064.0817 -0.1244 -0.2450 0.2227 0.0437 0.0292 0.0272 0.9982
1341848064.1137 -0.1122 -0.2445 0.2292 0.0430 0.0293 0.0277 0.9983
1341848064.1458 -0.1159 -0.2529 0.2455 0.0416 0.0310 0.0293 0.9982
1341848064.1818 -0.1044 -0.2572 0.2514 0.0428 0.0267 0.0315 0.9982
1341848064.2139 -0.0876 -0.2605 0.2551 0.0416 0.0248 0.0309 0.9983
1341848064.2498 -0.0836 -0.2692 0.2703 0.0407 0.0286 0.0301 0.9983
1341848064.2830 -0.0770 -0.2728 0.2806 0.0438 0.0285 0.0303 0.9982
1341848064.3138 -0.0572 -0.2720 0.2830 0.0447 0.0258 0.0306 0.9982
1341848064.3498 -0.0506 -0.2804 0.2964 0.0433 0.0282 0.0299 0.9982
1341848064.3826 -0.0384 -0.2847 0.3036 0.0449 0.0287 0.0298 0.9981
1341848064.4181 -0.0214 -0.2827 0.3064 0.0451 0.0280 0.0297 0.9981
1341848064.4498 -0.0152 -0.2901 0.3187 0.0426 0.0292 0.0264 0.9983
1341848064.4818 -0.0065 -0.2992 0.3293 0.0433 0.0304 0.0225 0.9983
1341848064.5180 0.0069 -0.3008 0.3326 0.0456 0.0310 0.0202 0.9983
1341848064.5497 0.0134 -0.3043 0.3414 0.0461 0.0322 0.0207 0.9982
1341848064.5817 0.0184 -0.3101 0.3498 0.0477 0.0320 0.0233 0.9981
1341848064.6177 0.0341 -0.3107 0.3490 0.0504 0.0294 0.0242 0.9980
1341848064.6497 0.0437 -0.3107 0.3520 0.0513 0.0290 0.0254 0.9979
1341848064.6858 0.0479 -0.3116 0.3560 0.0513 0.0270 0.0283 0.9979
1341848064.7499 0.0712 -0.3138 0.3589 0.0500 0.0255 0.0256 0.9981
1341848064.8107 0.0823 -0.3153 0.3644 0.0510 0.0224 0.0247 0.9981
1341848064.8427 0.0910 -0.3161 0.3669 0.0496 0.0206 0.0246 0.9983
1341848064.8788 0.0924 -0.3204 0.3723 0.0491 0.0204 0.0257 0.9983
1341848064.9108 0.1046 -0.3175 0.3702 0.0501 0.0166 0.0287 0.9982
1341848064.9469 0.1145 -0.3162 0.3715 0.0481 0.0145 0.0316 0.9982
1341848064.9788 0.1153 -0.3232 0.3794 0.0467 0.0146 0.0328 0.9983
1341848065.0108 0.1306 -0.3225 0.3758 0.0488 0.0119 0.0339 0.9982
1341848065.0468 0.1411 -0.3179 0.3775 0.0483 0.0110 0.0348 0.9982
1341848065.0787 0.1379 -0.3227 0.3836 0.0470 0.0112 0.0370 0.9981
1341848065.1107 0.1568 -0.3218 0.3804 0.0471 0.0061 0.0388 0.9981
1341848065.1467 0.1626 -0.3217 0.3850 0.0457 0.0066 0.0384 0.9982
1341848065.1788 0.1628 -0.3311 0.3918 0.0465 0.0070 0.0375 0.9982
1341848065.2148 0.1816 -0.3250 0.3859 0.0505 0.0036 0.0367 0.9980
1341848065.2468 0.1907 -0.3185 0.3866 0.0497 0.0021 0.0343 0.9982
1341848065.2787 0.1908 -0.3298 0.3939 0.0477 0.0033 0.0339 0.9983
1341848065.3148 0.2041 -0.3257 0.3918 0.0504 0.0004 0.0320 0.9982
1341848065.3468 0.2119 -0.3275 0.3940 0.0498 -0.0005 0.0292 0.9983
1341848065.3828 0.2205 -0.3305 0.3949 0.0506 -0.0010 0.0289 0.9983
1341848065.4149 0.2285 -0.3291 0.3954 0.0514 -0.0022 0.0274 0.9983
1341848065.4467 0.2381 -0.3339 0.3982 0.0520 -0.0037 0.0245 0.9983
1341848065.4828 0.2505 -0.3340 0.3978 0.0543 -0.0041 0.0233 0.9982
1341848065.5147 0.2563 -0.3336 0.3996 0.0553 -0.0041 0.0231 0.9982
1341848065.5469 0.2634 -0.3358 0.4026 0.0555 -0.0055 0.0224 0.9982
1341848065.5827 0.2749 -0.3381 0.4029 0.0569 -0.0065 0.0210 0.9981
1341848065.6148 0.2795 -0.3366 0.4037 0.0581 -0.0066 0.0200 0.9981
1341848065.6829 0.2911 -0.3401 0.4065 0.0586 -0.0111 0.0171 0.9981
1341848065.7148 0.3030 -0.3356 0.4042 0.0595 -0.0138 0.0150 0.9980
1341848065.7507 0.2998 -0.3353 0.4059 0.0579 -0.0146 0.0130 0.9981
1341848065.7827 0.3060 -0.3369 0.4058 0.0572 -0.0194 0.0102 0.9981
1341848065.8147 0.3193 -0.3345 0.4045 0.0566 -0.0229 0.0064 0.9981
1341848065.8507 0.3159 -0.3347 0.4070 0.0552 -0.0230 0.0008 0.9982
1341848065.9187 0.3226 -0.3273 0.4030 0.0521 -0.0357 -0.0008 0.9980
1341848065.9508 0.3279 -0.3278 0.4054 0.0476 -0.0410 -0.0045 0.9980
1341848065.9828 0.3256 -0.3336 0.4086 0.0448 -0.0441 -0.0080 0.9980
1341848066.0188 0.3379 -0.3289 0.4060 0.0448 -0.0503 -0.0119 0.9977
1341848066.0507 0.3425 -0.3272 0.4089 0.0419 -0.0531 -0.0154 0.9976
1341848066.0828 0.3399 -0.3312 0.4119 0.0396 -0.0547 -0.0159 0.9976
1341848066.1187 0.3443 -0.3304 0.4121 0.0391 -0.0593 -0.0164 0.9973
1341848066.1510 0.3558 -0.3291 0.4146 0.0376 -0.0642 -0.0183 0.9971
1341848066.1868 0.3577 -0.3318 0.4177 0.0349 -0.0642 -0.0179 0.9972
1341848066.2187 0.3570 -0.3350 0.4207 0.0340 -0.0671 -0.0185 0.9970
1341848066.2508 0.3706 -0.3356 0.4227 0.0339 -0.0715 -0.0198 0.9967
1341848066.2867 0.3749 -0.3377 0.4271 0.0330 -0.0719 -0.0217 0.9966
1341848066.3187 0.3764 -0.3441 0.4326 0.0334 -0.0725 -0.0225 0.9966
1341848066.3548 0.3878 -0.3449 0.4346 0.0352 -0.0749 -0.0227 0.9963
1341848066.3868 0.3917 -0.3491 0.4402 0.0356 -0.0748 -0.0236 0.9963
1341848066.4188 0.3920 -0.3522 0.4461 0.0376 -0.0752 -0.0232 0.9962
1341848066.4547 0.4034 -0.3533 0.4487 0.0398 -0.0794 -0.0242 0.9958
1341848066.4869 0.4129 -0.3542 0.4537 0.0401 -0.0818 -0.0260 0.9955
1341848066.5228 0.4131 -0.3587 0.4599 0.0396 -0.0825 -0.0280 0.9954
1341848066.5551 0.4197 -0.3612 0.4649 0.0412 -0.0858 -0.0311 0.9950
1341848066.6235 0.4326 -0.3690 0.4774 0.0432 -0.0867 -0.0396 0.9945
1341848066.6552 0.4395 -0.3716 0.4829 0.0454 -0.0887 -0.0424 0.9941
1341848066.6977 0.4508 -0.3728 0.4880 0.0467 -0.0900 -0.0450 0.9938
1341848066.7325 0.4508 -0.3808 0.4962 0.0472 -0.0893 -0.0480 0.9937
1341848066.7644 0.4602 -0.3843 0.5009 0.0503 -0.0906 -0.0503 0.9933
1341848066.7953 0.4710 -0.3834 0.5045 0.0534 -0.0909 -0.0542 0.9929
1341848066.8334 0.4707 -0.3862 0.5108 0.0546 -0.0906 -0.0576 0.9927
1341848066.8621 0.4841 -0.3866 0.5132 0.0561 -0.0934 -0.0588 0.9923
1341848066.9050 0.4916 -0.3852 0.5172 0.0555 -0.0937 -0.0607 0.9922
1341848066.9302 0.4900 -0.3914 0.5226 0.0543 -0.0941 -0.0623 0.9921
1341848066.9979 0.5138 -0.3902 0.5285 0.0544 -0.0961 -0.0664 0.9917
1341848067.0547 0.5225 -0.3963 0.5360 0.0539 -0.0979 -0.0699 0.9913
1341848067.0909 0.5243 -0.3990 0.5395 0.0534 -0.0960 -0.0722 0.9913
1341848067.1230 0.5196 -0.4052 0.5427 0.0547 -0.0954 -0.0729 0.9913
1341848067.1588 0.5314 -0.4032 0.5432 0.0584 -0.0979 -0.0723 0.9909
1341848067.1911 0.5352 -0.4015 0.5440 0.0589 -0.0979 -0.0722 0.9908
1341848067.2229 0.5367 -0.4061 0.5468 0.0587 -0.0985 -0.0706 0.9909
1341848067.2587 0.5473 -0.4043 0.5464 0.0600 -0.0997 -0.0687 0.9908
1341848067.3228 0.5501 -0.4067 0.5491 0.0588 -0.0986 -0.0638 0.9913
1341848067.3587 0.5620 -0.4058 0.5490 0.0591 -0.1011 -0.0608 0.9913
1341848067.3907 0.5667 -0.4058 0.5503 0.0582 -0.0991 -0.0585 0.9916
1341848067.4269 0.5666 -0.4077 0.5509 0.0578 -0.0974 -0.0559 0.9920
1341848067.4587 0.5773 -0.4047 0.5499 0.0581 -0.0982 -0.0529 0.9921
1341848067.4915 0.5841 -0.4021 0.5499 0.0561 -0.0966 -0.0504 0.9925
1341848067.5267 0.5816 -0.4059 0.5510 0.0543 -0.0940 -0.0498 0.9929
1341848067.5588 0.5924 -0.4034 0.5492 0.0548 -0.0942 -0.0495 0.9928
1341848067.5947 0.5958 -0.4044 0.5497 0.0538 -0.0908 -0.0509 0.9931
1341848067.6267 0.5908 -0.4093 0.5500 0.0544 -0.0873 -0.0517 0.9933
1341848067.6590 0.5994 -0.4086 0.5477 0.0574 -0.0877 -0.0510 0.9932
1341848067.6949 0.6038 -0.4074 0.5468 0.0586 -0.0858 -0.0499 0.9933
1341848067.7267 0.6009 -0.4107 0.5460 0.0603 -0.0842 -0.0476 0.9935
1341848067.7587 0.6117 -0.4082 0.5432 0.0632 -0.0853 -0.0459 0.9933
1341848067.7948 0.6157 -0.4069 0.5423 0.0637 -0.0829 -0.0439 0.9935
1341848067.8268 0.6132 -0.4106 0.5411 0.0643 -0.0814 -0.0414 0.9937
1341848067.8628 0.6252 -0.4067 0.5397 0.0664 -0.0820 -0.0395 0.9936
