dataset_order,dataset_key,dataset_family,dataset_condition,standard_label,source,variant,fine_rank,coarse_rank,c2f_status,c2f_ate_mean_cm,fine_parent,fine_status,fine_ate_mean_cm,coarse_parent,coarse_status,coarse_ate_mean_cm,better_parent,better_parent_ate_mean_cm,comparison_status,delta_vs_fine_cm,percent_delta_vs_fine,beats_fine,delta_vs_better_parent_cm,percent_delta_vs_better_parent,beats_better_parent
1,fr1_desk_clean,fr1_desk,clean,resnet_c2f_a_fine01_coarse01,Step-R:new,A,1,1,PASS,19.1069,resnet_direct_fine01,PASS,10.439,resnet_direct_coarse01,PASS,19.8825,resnet_direct_fine01,10.439,COMPARABLE,8.6679,83.03381549956892,False,8.6679,83.03381549956892,False
1,fr1_desk_clean,fr1_desk,clean,resnet_c2f_a_fine01_coarse02,Step-R:new,A,1,2,PASS,18.575,resnet_direct_fine01,PASS,10.439,resnet_direct_coarse02,PASS,19.6141,resnet_direct_fine01,10.439,COMPARABLE,8.136,77.93849985630807,False,8.136,77.93849985630807,False
1,fr1_desk_clean,fr1_desk,clean,resnet_c2f_a_fine01_coarse03,Step-R:new,A,1,3,PASS,16.2412,resnet_direct_fine01,PASS,10.439,resnet_direct_coarse03,PASS,24.6459,resnet_direct_fine01,10.439,COMPARABLE,5.802199999999999,55.58195229428105,False,5.802199999999999,55.58195229428105,False
1,fr1_desk_clean,fr1_desk,clean,resnet_c2f_a_fine01_coarse04,Step-R:new,A,1,4,PASS,19.5336,resnet_direct_fine01,PASS,10.439,resnet_direct_coarse04,PASS,21.5029,resnet_direct_fine01,10.439,COMPARABLE,9.0946,87.12137177890602,False,9.0946,87.12137177890602,False
1,fr1_desk_clean,fr1_desk,clean,resnet_c2f_a_fine01_coarse05,Step-R:new,A,1,5,PASS,6.546100000000001,resnet_direct_fine01,PASS,10.439,resnet_direct_coarse05,PASS,12.9191,resnet_direct_fine01,10.439,COMPARABLE,-3.892899999999999,-37.29188619599577,True,-3.892899999999999,-37.29188619599577,True
1,fr1_desk_clean,fr1_desk,clean,resnet_c2f_a_fine02_coarse01,Step-R:new,A,2,1,PASS,6.5428,resnet_direct_fine02,PASS,10.9807,resnet_direct_coarse01,PASS,19.8825,resnet_direct_fine02,10.9807,COMPARABLE,-4.437900000000001,-40.41545620953127,True,-4.437900000000001,-40.41545620953127,True
1,fr1_desk_clean,fr1_desk,clean,resnet_c2f_a_fine02_coarse02,Step-R:new,A,2,2,PASS,19.412,resnet_direct_fine02,PASS,10.9807,resnet_direct_coarse02,PASS,19.6141,resnet_direct_fine02,10.9807,COMPARABLE,8.431299999999998,76.78290090795667,False,8.431299999999998,76.78290090795667,False
1,fr1_desk_clean,fr1_desk,clean,resnet_c2f_a_fine02_coarse03,Step-R:new,A,2,3,PASS,14.5833,resnet_direct_fine02,PASS,10.9807,resnet_direct_coarse03,PASS,24.6459,resnet_direct_fine02,10.9807,COMPARABLE,3.602599999999999,32.80847304816631,False,3.602599999999999,32.80847304816631,False
1,fr1_desk_clean,fr1_desk,clean,resnet_c2f_a_fine02_coarse04,Step-Q:resnet_c2f_a_f2_c4_variant_negative,A,2,4,PASS,16.6103,resnet_direct_fine02,PASS,10.9807,resnet_direct_coarse04,PASS,21.5029,resnet_direct_fine02,10.9807,COMPARABLE,5.629599999999998,51.26813408981211,False,5.629599999999998,51.26813408981211,False
1,fr1_desk_clean,fr1_desk,clean,resnet_c2f_a_fine02_coarse05,Step-R:new,A,2,5,PASS,15.479499999999998,resnet_direct_fine02,PASS,10.9807,resnet_direct_coarse05,PASS,12.9191,resnet_direct_fine02,10.9807,COMPARABLE,4.4987999999999975,40.97006566065913,False,4.4987999999999975,40.97006566065913,False
1,fr1_desk_clean,fr1_desk,clean,resnet_c2f_a_fine03_coarse01,Step-R:new,A,3,1,PASS,6.6429,resnet_direct_fine03,PASS,7.750700000000001,resnet_direct_coarse01,PASS,19.8825,resnet_direct_fine03,7.750700000000001,COMPARABLE,-1.107800000000001,-14.292902576541485,True,-1.107800000000001,-14.292902576541485,True
1,fr1_desk_clean,fr1_desk,clean,resnet_c2f_a_fine03_coarse02,Step-R:new,A,3,2,PASS,19.1216,resnet_direct_fine03,PASS,7.750700000000001,resnet_direct_coarse02,PASS,19.6141,resnet_direct_fine03,7.750700000000001,COMPARABLE,11.370899999999999,146.708039273872,False,11.370899999999999,146.708039273872,False
1,fr1_desk_clean,fr1_desk,clean,resnet_c2f_a_fine03_coarse03,Step-R:new,A,3,3,PASS,20.6499,resnet_direct_fine03,PASS,7.750700000000001,resnet_direct_coarse03,PASS,24.6459,resnet_direct_fine03,7.750700000000001,COMPARABLE,12.899199999999997,166.4262582734462,False,12.899199999999997,166.4262582734462,False
1,fr1_desk_clean,fr1_desk,clean,resnet_c2f_a_fine03_coarse04,Step-R:new,A,3,4,PASS,19.1815,resnet_direct_fine03,PASS,7.750700000000001,resnet_direct_coarse04,PASS,21.5029,resnet_direct_fine03,7.750700000000001,COMPARABLE,11.430799999999998,147.48087269536938,False,11.430799999999998,147.48087269536938,False
1,fr1_desk_clean,fr1_desk,clean,resnet_c2f_a_fine03_coarse05,Step-R:new,A,3,5,PASS,7.0701,resnet_direct_fine03,PASS,7.750700000000001,resnet_direct_coarse05,PASS,12.9191,resnet_direct_fine03,7.750700000000001,COMPARABLE,-0.680600000000001,-8.781142348433058,True,-0.680600000000001,-8.781142348433058,True
1,fr1_desk_clean,fr1_desk,clean,resnet_c2f_a_fine04_coarse01,Step-R:new,A,4,1,PASS,22.7383,resnet_direct_fine04,PASS,11.5471,resnet_direct_coarse01,PASS,19.8825,resnet_direct_fine04,11.5471,COMPARABLE,11.191199999999998,96.91784084315542,False,11.191199999999998,96.91784084315542,False
1,fr1_desk_clean,fr1_desk,clean,resnet_c2f_a_fine04_coarse02,Step-R:new,A,4,2,PASS,23.2896,resnet_direct_fine04,PASS,11.5471,resnet_direct_coarse02,PASS,19.6141,resnet_direct_fine04,11.5471,COMPARABLE,11.7425,101.6921997731032,False,11.7425,101.6921997731032,False
1,fr1_desk_clean,fr1_desk,clean,resnet_c2f_a_fine04_coarse03,Step-R:new,A,4,3,PASS,12.332,resnet_direct_fine04,PASS,11.5471,resnet_direct_coarse03,PASS,24.6459,resnet_direct_fine04,11.5471,COMPARABLE,0.7849000000000004,6.797377696564508,False,0.7849000000000004,6.797377696564508,False
1,fr1_desk_clean,fr1_desk,clean,resnet_c2f_a_fine04_coarse04,Step-R:new,A,4,4,PASS,23.282600000000002,resnet_direct_fine04,PASS,11.5471,resnet_direct_coarse04,PASS,21.5029,resnet_direct_fine04,11.5471,COMPARABLE,11.735500000000002,101.63157849156933,False,11.735500000000002,101.63157849156933,False
1,fr1_desk_clean,fr1_desk,clean,resnet_c2f_a_fine04_coarse05,Step-R:new,A,4,5,PASS,9.9591,resnet_direct_fine04,PASS,11.5471,resnet_direct_coarse05,PASS,12.9191,resnet_direct_fine04,11.5471,COMPARABLE,-1.588000000000001,-13.752370725117137,True,-1.588000000000001,-13.752370725117137,True
1,fr1_desk_clean,fr1_desk,clean,resnet_c2f_a_fine05_coarse01,Step-R:new,A,5,1,PASS,19.6922,resnet_direct_fine05,PASS,14.7927,resnet_direct_coarse01,PASS,19.8825,resnet_direct_fine05,14.7927,COMPARABLE,4.8995,33.12106647197604,False,4.8995,33.12106647197604,False
1,fr1_desk_clean,fr1_desk,clean,resnet_c2f_a_fine05_coarse02,Step-R:new,A,5,2,PASS,18.4573,resnet_direct_fine05,PASS,14.7927,resnet_direct_coarse02,PASS,19.6141,resnet_direct_fine05,14.7927,COMPARABLE,3.6646,24.7730299404436,False,3.6646,24.7730299404436,False
1,fr1_desk_clean,fr1_desk,clean,resnet_c2f_a_fine05_coarse03,Step-R:new,A,5,3,PASS,20.0792,resnet_direct_fine05,PASS,14.7927,resnet_direct_coarse03,PASS,24.6459,resnet_direct_fine05,14.7927,COMPARABLE,5.2865,35.737221737749024,False,5.2865,35.737221737749024,False
1,fr1_desk_clean,fr1_desk,clean,resnet_c2f_a_fine05_coarse04,Step-R:new,A,5,4,PASS,19.6181,resnet_direct_fine05,PASS,14.7927,resnet_direct_coarse04,PASS,21.5029,resnet_direct_fine05,14.7927,COMPARABLE,4.825399999999998,32.62014371953733,False,4.825399999999998,32.62014371953733,False
1,fr1_desk_clean,fr1_desk,clean,resnet_c2f_a_fine05_coarse05,Step-R:new,A,5,5,PASS,7.9563,resnet_direct_fine05,PASS,14.7927,resnet_direct_coarse05,PASS,12.9191,resnet_direct_coarse05,12.9191,COMPARABLE,-6.8364,-46.214686973980406,True,-4.9628000000000005,-38.414440634409516,True
1,fr1_desk_clean,fr1_desk,clean,resnet_c2f_a_fine06_coarse01,Step-R:new,A,6,1,PASS,20.0227,resnet_direct_fine06,PASS,9.7889,resnet_direct_coarse01,PASS,19.8825,resnet_direct_fine06,9.7889,COMPARABLE,10.2338,104.54494376283341,False,10.2338,104.54494376283341,False
1,fr1_desk_clean,fr1_desk,clean,resnet_c2f_a_fine06_coarse02,Step-R:new,A,6,2,PASS,19.3824,resnet_direct_fine06,PASS,9.7889,resnet_direct_coarse02,PASS,19.6141,resnet_direct_fine06,9.7889,COMPARABLE,9.5935,98.00386151661576,False,9.5935,98.00386151661576,False
1,fr1_desk_clean,fr1_desk,clean,resnet_c2f_a_fine06_coarse03,Step-R:new,A,6,3,PASS,23.9085,resnet_direct_fine06,PASS,9.7889,resnet_direct_coarse03,PASS,24.6459,resnet_direct_fine06,9.7889,COMPARABLE,14.1196,144.2409259467356,False,14.1196,144.2409259467356,False
1,fr1_desk_clean,fr1_desk,clean,resnet_c2f_a_fine06_coarse04,Step-R:new,A,6,4,PASS,20.2483,resnet_direct_fine06,PASS,9.7889,resnet_direct_coarse04,PASS,21.5029,resnet_direct_fine06,9.7889,COMPARABLE,10.4594,106.84959494938145,False,10.4594,106.84959494938145,False
1,fr1_desk_clean,fr1_desk,clean,resnet_c2f_a_fine06_coarse05,Step-Q:resnet_c2f_a_f6_c5_positive_synergy,A,6,5,PASS,8.0333,resnet_direct_fine06,PASS,9.7889,resnet_direct_coarse05,PASS,12.9191,resnet_direct_fine06,9.7889,COMPARABLE,-1.7555999999999994,-17.93459939319024,True,-1.7555999999999994,-17.93459939319024,True
1,fr1_desk_clean,fr1_desk,clean,resnet_c2f_b_fine01_coarse01,Step-R:new,B,1,1,PASS,18.9691,resnet_direct_fine01,PASS,10.439,resnet_direct_coarse01,PASS,19.8825,resnet_direct_fine01,10.439,COMPARABLE,8.530100000000001,81.71376568636843,False,8.530100000000001,81.71376568636843,False
1,fr1_desk_clean,fr1_desk,clean,resnet_c2f_b_fine01_coarse02,Step-R:new,B,1,2,PASS,11.3968,resnet_direct_fine01,PASS,10.439,resnet_direct_coarse02,PASS,19.6141,resnet_direct_fine01,10.439,COMPARABLE,0.9578000000000007,9.17520835329055,False,0.9578000000000007,9.17520835329055,False
1,fr1_desk_clean,fr1_desk,clean,resnet_c2f_b_fine01_coarse03,Step-R:new,B,1,3,PASS,12.587599999999998,resnet_direct_fine01,PASS,10.439,resnet_direct_coarse03,PASS,24.6459,resnet_direct_fine01,10.439,COMPARABLE,2.1485999999999983,20.582431267362757,False,2.1485999999999983,20.582431267362757,False
1,fr1_desk_clean,fr1_desk,clean,resnet_c2f_b_fine01_coarse04,Step-Q:resnet_c2f_b_f1_c4_negative_high_parent,B,1,4,PASS,19.4376,resnet_direct_fine01,PASS,10.439,resnet_direct_coarse04,PASS,21.5029,resnet_direct_fine01,10.439,COMPARABLE,8.9986,86.20174346201743,False,8.9986,86.20174346201743,False
1,fr1_desk_clean,fr1_desk,clean,resnet_c2f_b_fine01_coarse05,Step-R:new,B,1,5,PASS,6.1240000000000006,resnet_direct_fine01,PASS,10.439,resnet_direct_coarse05,PASS,12.9191,resnet_direct_fine01,10.439,COMPARABLE,-4.3149999999999995,-41.335376951815306,True,-4.3149999999999995,-41.335376951815306,True
1,fr1_desk_clean,fr1_desk,clean,resnet_c2f_b_fine02_coarse01,Step-R:new,B,2,1,PASS,15.146899999999999,resnet_direct_fine02,PASS,10.9807,resnet_direct_coarse01,PASS,19.8825,resnet_direct_fine02,10.9807,COMPARABLE,4.166199999999998,37.941114865172516,False,4.166199999999998,37.941114865172516,False
1,fr1_desk_clean,fr1_desk,clean,resnet_c2f_b_fine02_coarse02,Step-R:new,B,2,2,PASS,10.6145,resnet_direct_fine02,PASS,10.9807,resnet_direct_coarse02,PASS,19.6141,resnet_direct_fine02,10.9807,COMPARABLE,-0.36620000000000097,-3.3349422167985736,True,-0.36620000000000097,-3.3349422167985736,True
1,fr1_desk_clean,fr1_desk,clean,resnet_c2f_b_fine02_coarse03,Step-R:new,B,2,3,PASS,11.3338,resnet_direct_fine02,PASS,10.9807,resnet_direct_coarse03,PASS,24.6459,resnet_direct_fine02,10.9807,COMPARABLE,0.3530999999999995,3.2156419900370605,False,0.3530999999999995,3.2156419900370605,False
1,fr1_desk_clean,fr1_desk,clean,resnet_c2f_b_fine02_coarse04,Step-Q:resnet_c2f_b_f2_c4_global_best,B,2,4,PASS,15.7758,resnet_direct_fine02,PASS,10.9807,resnet_direct_coarse04,PASS,21.5029,resnet_direct_fine02,10.9807,COMPARABLE,4.7951,43.668436438478416,False,4.7951,43.668436438478416,False
1,fr1_desk_clean,fr1_desk,clean,resnet_c2f_b_fine02_coarse05,Step-R:new,B,2,5,PASS,13.669,resnet_direct_fine02,PASS,10.9807,resnet_direct_coarse05,PASS,12.9191,resnet_direct_fine02,10.9807,COMPARABLE,2.6883,24.482045771216768,False,2.6883,24.482045771216768,False
1,fr1_desk_clean,fr1_desk,clean,resnet_c2f_b_fine03_coarse01,Step-R:new,B,3,1,PASS,7.6435,resnet_direct_fine03,PASS,7.750700000000001,resnet_direct_coarse01,PASS,19.8825,resnet_direct_fine03,7.750700000000001,COMPARABLE,-0.10720000000000063,-1.3831008812107373,True,-0.10720000000000063,-1.3831008812107373,True
1,fr1_desk_clean,fr1_desk,clean,resnet_c2f_b_fine03_coarse02,Step-R:new,B,3,2,PASS,8.2465,resnet_direct_fine03,PASS,7.750700000000001,resnet_direct_coarse02,PASS,19.6141,resnet_direct_fine03,7.750700000000001,COMPARABLE,0.49579999999999824,6.3968415755996,False,0.49579999999999824,6.3968415755996,False
1,fr1_desk_clean,fr1_desk,clean,resnet_c2f_b_fine03_coarse03,Step-R:new,B,3,3,PASS,19.3315,resnet_direct_fine03,PASS,7.750700000000001,resnet_direct_coarse03,PASS,24.6459,resnet_direct_fine03,7.750700000000001,COMPARABLE,11.580799999999996,149.4161817642277,False,11.580799999999996,149.4161817642277,False
1,fr1_desk_clean,fr1_desk,clean,resnet_c2f_b_fine03_coarse04,Step-R:new,B,3,4,PASS,6.7293,resnet_direct_fine03,PASS,7.750700000000001,resnet_direct_coarse04,PASS,21.5029,resnet_direct_fine03,7.750700000000001,COMPARABLE,-1.0214000000000008,-13.178164552879103,True,-1.0214000000000008,-13.178164552879103,True
1,fr1_desk_clean,fr1_desk,clean,resnet_c2f_b_fine03_coarse05,Step-R:new,B,3,5,PASS,6.0162,resnet_direct_fine03,PASS,7.750700000000001,resnet_direct_coarse05,PASS,12.9191,resnet_direct_fine03,7.750700000000001,COMPARABLE,-1.7345000000000006,-22.37862386623144,True,-1.7345000000000006,-22.37862386623144,True
1,fr1_desk_clean,fr1_desk,clean,resnet_c2f_b_fine04_coarse01,Step-R:new,B,4,1,PASS,8.998000000000001,resnet_direct_fine04,PASS,11.5471,resnet_direct_coarse01,PASS,19.8825,resnet_direct_fine04,11.5471,COMPARABLE,-2.5490999999999993,-22.07567267972044,True,-2.5490999999999993,-22.07567267972044,True
1,fr1_desk_clean,fr1_desk,clean,resnet_c2f_b_fine04_coarse02,Step-R:new,B,4,2,PASS,12.3988,resnet_direct_fine04,PASS,11.5471,resnet_direct_coarse02,PASS,19.6141,resnet_direct_fine04,11.5471,COMPARABLE,0.8516999999999992,7.375877926059351,False,0.8516999999999992,7.375877926059351,False
1,fr1_desk_clean,fr1_desk,clean,resnet_c2f_b_fine04_coarse03,Step-R:new,B,4,3,PASS,13.025400000000001,resnet_direct_fine04,PASS,11.5471,resnet_direct_coarse03,PASS,24.6459,resnet_direct_fine04,11.5471,COMPARABLE,1.4783000000000008,12.802348641650292,False,1.4783000000000008,12.802348641650292,False
1,fr1_desk_clean,fr1_desk,clean,resnet_c2f_b_fine04_coarse04,Step-R:new,B,4,4,PASS,23.377200000000002,resnet_direct_fine04,PASS,11.5471,resnet_direct_coarse04,PASS,21.5029,resnet_direct_fine04,11.5471,COMPARABLE,11.830100000000002,102.45083181058449,False,11.830100000000002,102.45083181058449,False
1,fr1_desk_clean,fr1_desk,clean,resnet_c2f_b_fine04_coarse05,Step-R:new,B,4,5,PASS,11.1903,resnet_direct_fine04,PASS,11.5471,resnet_direct_coarse05,PASS,12.9191,resnet_direct_fine04,11.5471,COMPARABLE,-0.3567999999999998,-3.089953321613217,True,-0.3567999999999998,-3.089953321613217,True
1,fr1_desk_clean,fr1_desk,clean,resnet_c2f_b_fine05_coarse01,Step-R:new,B,5,1,PASS,21.946199999999997,resnet_direct_fine05,PASS,14.7927,resnet_direct_coarse01,PASS,19.8825,resnet_direct_fine05,14.7927,COMPARABLE,7.1534999999999975,48.35831187004399,False,7.1534999999999975,48.35831187004399,False
1,fr1_desk_clean,fr1_desk,clean,resnet_c2f_b_fine05_coarse02,Step-R:new,B,5,2,PASS,12.9325,resnet_direct_fine05,PASS,14.7927,resnet_direct_coarse02,PASS,19.6141,resnet_direct_fine05,14.7927,COMPARABLE,-1.8602000000000007,-12.575121512637995,True,-1.8602000000000007,-12.575121512637995,True
1,fr1_desk_clean,fr1_desk,clean,resnet_c2f_b_fine05_coarse03,Step-R:new,B,5,3,PASS,14.4352,resnet_direct_fine05,PASS,14.7927,resnet_direct_coarse03,PASS,24.6459,resnet_direct_fine05,14.7927,COMPARABLE,-0.35749999999999993,-2.416732577555145,True,-0.35749999999999993,-2.416732577555145,True
1,fr1_desk_clean,fr1_desk,clean,resnet_c2f_b_fine05_coarse04,Step-R:new,B,5,4,PASS,8.084299999999999,resnet_direct_fine05,PASS,14.7927,resnet_direct_coarse04,PASS,21.5029,resnet_direct_fine05,14.7927,COMPARABLE,-6.708400000000001,-45.34939530984879,True,-6.708400000000001,-45.34939530984879,True
1,fr1_desk_clean,fr1_desk,clean,resnet_c2f_b_fine05_coarse05,Step-R:new,B,5,5,PASS,16.2756,resnet_direct_fine05,PASS,14.7927,resnet_direct_coarse05,PASS,12.9191,resnet_direct_coarse05,12.9191,COMPARABLE,1.4829000000000008,10.024539130787488,False,3.3565000000000005,25.980911983032875,False
1,fr1_desk_clean,fr1_desk,clean,resnet_c2f_b_fine06_coarse01,Step-R:new,B,6,1,PASS,19.514400000000002,resnet_direct_fine06,PASS,9.7889,resnet_direct_coarse01,PASS,19.8825,resnet_direct_fine06,9.7889,COMPARABLE,9.725500000000002,99.35232763640452,False,9.725500000000002,99.35232763640452,False
1,fr1_desk_clean,fr1_desk,clean,resnet_c2f_b_fine06_coarse02,Step-R:new,B,6,2,PASS,9.5387,resnet_direct_fine06,PASS,9.7889,resnet_direct_coarse02,PASS,19.6141,resnet_direct_fine06,9.7889,COMPARABLE,-0.25019999999999953,-2.5559562361450165,True,-0.25019999999999953,-2.5559562361450165,True
1,fr1_desk_clean,fr1_desk,clean,resnet_c2f_b_fine06_coarse03,Step-R:new,B,6,3,PASS,11.6877,resnet_direct_fine06,PASS,9.7889,resnet_direct_coarse03,PASS,24.6459,resnet_direct_fine06,9.7889,COMPARABLE,1.8987999999999996,19.397480820112573,False,1.8987999999999996,19.397480820112573,False
1,fr1_desk_clean,fr1_desk,clean,resnet_c2f_b_fine06_coarse04,Step-R:new,B,6,4,PASS,9.5532,resnet_direct_fine06,PASS,9.7889,resnet_direct_coarse04,PASS,21.5029,resnet_direct_fine06,9.7889,COMPARABLE,-0.23569999999999958,-2.4078292760167086,True,-0.23569999999999958,-2.4078292760167086,True
1,fr1_desk_clean,fr1_desk,clean,resnet_c2f_b_fine06_coarse05,Step-R:new,B,6,5,PASS,11.290600000000001,resnet_direct_fine06,PASS,9.7889,resnet_direct_coarse05,PASS,12.9191,resnet_direct_fine06,9.7889,COMPARABLE,1.5017000000000014,15.340845243081462,False,1.5017000000000014,15.340845243081462,False
2,fr1_desk_lightswitch,fr1_desk,lightswitch,resnet_c2f_a_fine01_coarse01,Step-R:new,A,1,1,PASS,14.2175,resnet_direct_fine01,PASS,10.3758,resnet_direct_coarse01,PASS,12.61,resnet_direct_fine01,10.3758,COMPARABLE,3.8416999999999994,37.02557875055417,False,3.8416999999999994,37.02557875055417,False
2,fr1_desk_lightswitch,fr1_desk,lightswitch,resnet_c2f_a_fine01_coarse02,Step-R:new,A,1,2,PASS,15.5747,resnet_direct_fine01,PASS,10.3758,resnet_direct_coarse02,PASS,12.671399999999998,resnet_direct_fine01,10.3758,COMPARABLE,5.1989,50.10601592166387,False,5.1989,50.10601592166387,False
2,fr1_desk_lightswitch,fr1_desk,lightswitch,resnet_c2f_a_fine01_coarse03,Step-R:new,A,1,3,PASS,20.785899999999998,resnet_direct_fine01,PASS,10.3758,resnet_direct_coarse03,PASS,12.741299999999999,resnet_direct_fine01,10.3758,COMPARABLE,10.410099999999998,100.33057691937005,False,10.410099999999998,100.33057691937005,False
2,fr1_desk_lightswitch,fr1_desk,lightswitch,resnet_c2f_a_fine01_coarse04,Step-R:new,A,1,4,PASS,12.0726,resnet_direct_fine01,PASS,10.3758,resnet_direct_coarse04,PASS,15.9524,resnet_direct_fine01,10.3758,COMPARABLE,1.6967999999999996,16.35343780720522,False,1.6967999999999996,16.35343780720522,False
2,fr1_desk_lightswitch,fr1_desk,lightswitch,resnet_c2f_a_fine01_coarse05,Step-R:new,A,1,5,PASS,13.295399999999999,resnet_direct_fine01,PASS,10.3758,resnet_direct_coarse05,PASS,16.6202,resnet_direct_fine01,10.3758,COMPARABLE,2.919599999999999,28.13855317180361,False,2.919599999999999,28.13855317180361,False
2,fr1_desk_lightswitch,fr1_desk,lightswitch,resnet_c2f_a_fine02_coarse01,Step-R:new,A,2,1,PASS,13.159899999999999,resnet_direct_fine02,PASS,10.4535,resnet_direct_coarse01,PASS,12.61,resnet_direct_fine02,10.4535,COMPARABLE,2.7063999999999986,25.88989333715979,False,2.7063999999999986,25.88989333715979,False
2,fr1_desk_lightswitch,fr1_desk,lightswitch,resnet_c2f_a_fine02_coarse02,Step-R:new,A,2,2,PASS,20.1132,resnet_direct_fine02,PASS,10.4535,resnet_direct_coarse02,PASS,12.671399999999998,resnet_direct_fine02,10.4535,COMPARABLE,9.659699999999999,92.4063710718898,False,9.659699999999999,92.4063710718898,False
2,fr1_desk_lightswitch,fr1_desk,lightswitch,resnet_c2f_a_fine02_coarse03,Step-R:new,A,2,3,PASS,16.3543,resnet_direct_fine02,PASS,10.4535,resnet_direct_coarse03,PASS,12.741299999999999,resnet_direct_fine02,10.4535,COMPARABLE,5.9007999999999985,56.44807959056774,False,5.9007999999999985,56.44807959056774,False
2,fr1_desk_lightswitch,fr1_desk,lightswitch,resnet_c2f_a_fine02_coarse04,Step-Q:resnet_c2f_a_f2_c4_variant_negative,A,2,4,PASS,10.5465,resnet_direct_fine02,PASS,10.4535,resnet_direct_coarse04,PASS,15.9524,resnet_direct_fine02,10.4535,COMPARABLE,0.09299999999999997,0.8896541828095851,False,0.09299999999999997,0.8896541828095851,False
2,fr1_desk_lightswitch,fr1_desk,lightswitch,resnet_c2f_a_fine02_coarse05,Step-R:new,A,2,5,PASS,12.0326,resnet_direct_fine02,PASS,10.4535,resnet_direct_coarse05,PASS,16.6202,resnet_direct_fine02,10.4535,COMPARABLE,1.5791000000000004,15.105945377146412,False,1.5791000000000004,15.105945377146412,False
2,fr1_desk_lightswitch,fr1_desk,lightswitch,resnet_c2f_a_fine03_coarse01,Step-R:new,A,3,1,PASS,14.721699999999998,resnet_direct_fine03,PASS,11.6218,resnet_direct_coarse01,PASS,12.61,resnet_direct_fine03,11.6218,COMPARABLE,3.099899999999998,26.673148737717028,False,3.099899999999998,26.673148737717028,False
2,fr1_desk_lightswitch,fr1_desk,lightswitch,resnet_c2f_a_fine03_coarse02,Step-R:new,A,3,2,PASS,16.156000000000002,resnet_direct_fine03,PASS,11.6218,resnet_direct_coarse02,PASS,12.671399999999998,resnet_direct_fine03,11.6218,COMPARABLE,4.534200000000002,39.01461047342065,False,4.534200000000002,39.01461047342065,False
2,fr1_desk_lightswitch,fr1_desk,lightswitch,resnet_c2f_a_fine03_coarse03,Step-R:new,A,3,3,PASS,12.981000000000002,resnet_direct_fine03,PASS,11.6218,resnet_direct_coarse03,PASS,12.741299999999999,resnet_direct_fine03,11.6218,COMPARABLE,1.3592000000000013,11.69526235178717,False,1.3592000000000013,11.69526235178717,False
2,fr1_desk_lightswitch,fr1_desk,lightswitch,resnet_c2f_a_fine03_coarse04,Step-R:new,A,3,4,PASS,12.1419,resnet_direct_fine03,PASS,11.6218,resnet_direct_coarse04,PASS,15.9524,resnet_direct_fine03,11.6218,COMPARABLE,0.5200999999999993,4.475210380491829,False,0.5200999999999993,4.475210380491829,False
2,fr1_desk_lightswitch,fr1_desk,lightswitch,resnet_c2f_a_fine03_coarse05,Step-R:new,A,3,5,PASS,12.1811,resnet_direct_fine03,PASS,11.6218,resnet_direct_coarse05,PASS,16.6202,resnet_direct_fine03,11.6218,COMPARABLE,0.5593000000000004,4.812507528954209,False,0.5593000000000004,4.812507528954209,False
2,fr1_desk_lightswitch,fr1_desk,lightswitch,resnet_c2f_a_fine04_coarse01,Step-R:new,A,4,1,PASS,15.2782,resnet_direct_fine04,PASS,13.980999999999998,resnet_direct_coarse01,PASS,12.61,resnet_direct_coarse01,12.61,COMPARABLE,1.297200000000002,9.278306272798813,False,2.6682000000000006,21.159397303727207,False
2,fr1_desk_lightswitch,fr1_desk,lightswitch,resnet_c2f_a_fine04_coarse02,Step-R:new,A,4,2,FAIL_TRACKING_NAN,,resnet_direct_fine04,PASS,13.980999999999998,resnet_direct_coarse02,PASS,12.671399999999998,resnet_direct_coarse02,12.671399999999998,C2F_NONPASS,,,False,,,False
2,fr1_desk_lightswitch,fr1_desk,lightswitch,resnet_c2f_a_fine04_coarse03,Step-R:new,A,4,3,PASS,15.5919,resnet_direct_fine04,PASS,13.980999999999998,resnet_direct_coarse03,PASS,12.741299999999999,resnet_direct_coarse03,12.741299999999999,COMPARABLE,1.6109000000000027,11.522065660539324,False,2.850600000000002,22.372913282004205,False
2,fr1_desk_lightswitch,fr1_desk,lightswitch,resnet_c2f_a_fine04_coarse04,Step-R:new,A,4,4,PASS,13.526399999999999,resnet_direct_fine04,PASS,13.980999999999998,resnet_direct_coarse04,PASS,15.9524,resnet_direct_fine04,13.980999999999998,COMPARABLE,-0.4545999999999992,-3.2515556827122474,True,-0.4545999999999992,-3.2515556827122474,True
2,fr1_desk_lightswitch,fr1_desk,lightswitch,resnet_c2f_a_fine04_coarse05,Step-R:new,A,4,5,PASS,14.102,resnet_direct_fine04,PASS,13.980999999999998,resnet_direct_coarse05,PASS,16.6202,resnet_direct_fine04,13.980999999999998,COMPARABLE,0.12100000000000222,0.8654602675059169,False,0.12100000000000222,0.8654602675059169,False
2,fr1_desk_lightswitch,fr1_desk,lightswitch,resnet_c2f_a_fine05_coarse01,Step-R:new,A,5,1,FAIL_TRACKING_NAN,,resnet_direct_fine05,PASS,14.0623,resnet_direct_coarse01,PASS,12.61,resnet_direct_coarse01,12.61,C2F_NONPASS,,,False,,,False
2,fr1_desk_lightswitch,fr1_desk,lightswitch,resnet_c2f_a_fine05_coarse02,Step-R:new,A,5,2,FAIL_TRACKING_NAN,,resnet_direct_fine05,PASS,14.0623,resnet_direct_coarse02,PASS,12.671399999999998,resnet_direct_coarse02,12.671399999999998,C2F_NONPASS,,,False,,,False
2,fr1_desk_lightswitch,fr1_desk,lightswitch,resnet_c2f_a_fine05_coarse03,Step-R:new,A,5,3,PASS,11.442,resnet_direct_fine05,PASS,14.0623,resnet_direct_coarse03,PASS,12.741299999999999,resnet_direct_coarse03,12.741299999999999,COMPARABLE,-2.6203000000000003,-18.633509454356684,True,-1.2992999999999988,-10.197546561182918,True
2,fr1_desk_lightswitch,fr1_desk,lightswitch,resnet_c2f_a_fine05_coarse04,Step-R:new,A,5,4,PASS,10.6933,resnet_direct_fine05,PASS,14.0623,resnet_direct_coarse04,PASS,15.9524,resnet_direct_fine05,14.0623,COMPARABLE,-3.3689999999999998,-23.957674064697805,True,-3.3689999999999998,-23.957674064697805,True
2,fr1_desk_lightswitch,fr1_desk,lightswitch,resnet_c2f_a_fine05_coarse05,Step-R:new,A,5,5,PASS,12.4945,resnet_direct_fine05,PASS,14.0623,resnet_direct_coarse05,PASS,16.6202,resnet_direct_fine05,14.0623,COMPARABLE,-1.5678,-11.148958562966229,True,-1.5678,-11.148958562966229,True
2,fr1_desk_lightswitch,fr1_desk,lightswitch,resnet_c2f_a_fine06_coarse01,Step-R:new,A,6,1,FAIL_TRACKING_NAN,,resnet_direct_fine06,PASS,14.672099999999999,resnet_direct_coarse01,PASS,12.61,resnet_direct_coarse01,12.61,C2F_NONPASS,,,False,,,False
2,fr1_desk_lightswitch,fr1_desk,lightswitch,resnet_c2f_a_fine06_coarse02,Step-R:new,A,6,2,PASS,12.8748,resnet_direct_fine06,PASS,14.672099999999999,resnet_direct_coarse02,PASS,12.671399999999998,resnet_direct_coarse02,12.671399999999998,COMPARABLE,-1.7972999999999981,-12.24978019506409,True,0.20340000000000202,1.605189639660985,False
2,fr1_desk_lightswitch,fr1_desk,lightswitch,resnet_c2f_a_fine06_coarse03,Step-R:new,A,6,3,PASS,12.1517,resnet_direct_fine06,PASS,14.672099999999999,resnet_direct_coarse03,PASS,12.741299999999999,resnet_direct_coarse03,12.741299999999999,COMPARABLE,-2.5203999999999986,-17.178181719044982,True,-0.589599999999999,-4.627471294137954,True
2,fr1_desk_lightswitch,fr1_desk,lightswitch,resnet_c2f_a_fine06_coarse04,Step-R:new,A,6,4,PASS,11.5763,resnet_direct_fine06,PASS,14.672099999999999,resnet_direct_coarse04,PASS,15.9524,resnet_direct_fine06,14.672099999999999,COMPARABLE,-3.0957999999999988,-21.09991071489425,True,-3.0957999999999988,-21.09991071489425,True
2,fr1_desk_lightswitch,fr1_desk,lightswitch,resnet_c2f_a_fine06_coarse05,Step-Q:resnet_c2f_a_f6_c5_positive_synergy,A,6,5,PASS,9.849,resnet_direct_fine06,PASS,14.672099999999999,resnet_direct_coarse05,PASS,16.6202,resnet_direct_fine06,14.672099999999999,COMPARABLE,-4.823099999999998,-32.87259492506185,True,-4.823099999999998,-32.87259492506185,True
2,fr1_desk_lightswitch,fr1_desk,lightswitch,resnet_c2f_b_fine01_coarse01,Step-R:new,B,1,1,PASS,13.417399999999999,resnet_direct_fine01,PASS,10.3758,resnet_direct_coarse01,PASS,12.61,resnet_direct_fine01,10.3758,COMPARABLE,3.041599999999999,29.314366121166554,False,3.041599999999999,29.314366121166554,False
2,fr1_desk_lightswitch,fr1_desk,lightswitch,resnet_c2f_b_fine01_coarse02,Step-R:new,B,1,2,PASS,15.8085,resnet_direct_fine01,PASS,10.3758,resnet_direct_coarse02,PASS,12.671399999999998,resnet_direct_fine01,10.3758,COMPARABLE,5.4327000000000005,52.359336147574176,False,5.4327000000000005,52.359336147574176,False
2,fr1_desk_lightswitch,fr1_desk,lightswitch,resnet_c2f_b_fine01_coarse03,Step-R:new,B,1,3,PASS,17.4822,resnet_direct_fine01,PASS,10.3758,resnet_direct_coarse03,PASS,12.741299999999999,resnet_direct_fine01,10.3758,COMPARABLE,7.106399999999999,68.49014051928525,False,7.106399999999999,68.49014051928525,False
2,fr1_desk_lightswitch,fr1_desk,lightswitch,resnet_c2f_b_fine01_coarse04,Step-Q:resnet_c2f_b_f1_c4_negative_high_parent,B,1,4,PASS,11.0315,resnet_direct_fine01,PASS,10.3758,resnet_direct_coarse04,PASS,15.9524,resnet_direct_fine01,10.3758,COMPARABLE,0.6556999999999995,6.319512712272784,False,0.6556999999999995,6.319512712272784,False
2,fr1_desk_lightswitch,fr1_desk,lightswitch,resnet_c2f_b_fine01_coarse05,Step-R:new,B,1,5,PASS,10.1203,resnet_direct_fine01,PASS,10.3758,resnet_direct_coarse05,PASS,16.6202,resnet_direct_fine01,10.3758,COMPARABLE,-0.2554999999999996,-2.4624607259199256,True,-0.2554999999999996,-2.4624607259199256,True
2,fr1_desk_lightswitch,fr1_desk,lightswitch,resnet_c2f_b_fine02_coarse01,Step-R:new,B,2,1,PASS,10.5499,resnet_direct_fine02,PASS,10.4535,resnet_direct_coarse01,PASS,12.61,resnet_direct_fine02,10.4535,COMPARABLE,0.09639999999999915,0.922179174439175,False,0.09639999999999915,0.922179174439175,False
2,fr1_desk_lightswitch,fr1_desk,lightswitch,resnet_c2f_b_fine02_coarse02,Step-R:new,B,2,2,PASS,14.8506,resnet_direct_fine02,PASS,10.4535,resnet_direct_coarse02,PASS,12.671399999999998,resnet_direct_fine02,10.4535,COMPARABLE,4.3971,42.063423733677716,False,4.3971,42.063423733677716,False
2,fr1_desk_lightswitch,fr1_desk,lightswitch,resnet_c2f_b_fine02_coarse03,Step-R:new,B,2,3,PASS,14.7839,resnet_direct_fine02,PASS,10.4535,resnet_direct_coarse03,PASS,12.741299999999999,resnet_direct_fine02,10.4535,COMPARABLE,4.330399999999999,41.425359927297066,False,4.330399999999999,41.425359927297066,False
2,fr1_desk_lightswitch,fr1_desk,lightswitch,resnet_c2f_b_fine02_coarse04,Step-Q:resnet_c2f_b_f2_c4_global_best,B,2,4,PASS,9.3293,resnet_direct_fine02,PASS,10.4535,resnet_direct_coarse04,PASS,15.9524,resnet_direct_fine02,10.4535,COMPARABLE,-1.1242,-10.754292820586407,True,-1.1242,-10.754292820586407,True
2,fr1_desk_lightswitch,fr1_desk,lightswitch,resnet_c2f_b_fine02_coarse05,Step-R:new,B,2,5,PASS,10.2787,resnet_direct_fine02,PASS,10.4535,resnet_direct_coarse05,PASS,16.6202,resnet_direct_fine02,10.4535,COMPARABLE,-0.1747999999999994,-1.6721672167216663,True,-0.1747999999999994,-1.6721672167216663,True
2,fr1_desk_lightswitch,fr1_desk,lightswitch,resnet_c2f_b_fine03_coarse01,Step-R:new,B,3,1,PASS,14.069799999999999,resnet_direct_fine03,PASS,11.6218,resnet_direct_coarse01,PASS,12.61,resnet_direct_fine03,11.6218,COMPARABLE,2.4479999999999986,21.06386274071141,False,2.4479999999999986,21.06386274071141,False
2,fr1_desk_lightswitch,fr1_desk,lightswitch,resnet_c2f_b_fine03_coarse02,Step-R:new,B,3,2,PASS,12.924199999999999,resnet_direct_fine03,PASS,11.6218,resnet_direct_coarse02,PASS,12.671399999999998,resnet_direct_fine03,11.6218,COMPARABLE,1.3023999999999987,11.206525667280443,False,1.3023999999999987,11.206525667280443,False
2,fr1_desk_lightswitch,fr1_desk,lightswitch,resnet_c2f_b_fine03_coarse03,Step-R:new,B,3,3,PASS,12.386800000000001,resnet_direct_fine03,PASS,11.6218,resnet_direct_coarse03,PASS,12.741299999999999,resnet_direct_fine03,11.6218,COMPARABLE,0.7650000000000006,6.582457106472324,False,0.7650000000000006,6.582457106472324,False
2,fr1_desk_lightswitch,fr1_desk,lightswitch,resnet_c2f_b_fine03_coarse04,Step-R:new,B,3,4,PASS,11.485199999999999,resnet_direct_fine03,PASS,11.6218,resnet_direct_coarse04,PASS,15.9524,resnet_direct_fine03,11.6218,COMPARABLE,-0.1366000000000014,-1.1753773081622587,True,-0.1366000000000014,-1.1753773081622587,True
2,fr1_desk_lightswitch,fr1_desk,lightswitch,resnet_c2f_b_fine03_coarse05,Step-R:new,B,3,5,PASS,9.8569,resnet_direct_fine03,PASS,11.6218,resnet_direct_coarse05,PASS,16.6202,resnet_direct_fine03,11.6218,COMPARABLE,-1.7649000000000008,-15.18611574799085,True,-1.7649000000000008,-15.18611574799085,True
2,fr1_desk_lightswitch,fr1_desk,lightswitch,resnet_c2f_b_fine04_coarse01,Step-R:new,B,4,1,PASS,14.724300000000001,resnet_direct_fine04,PASS,13.980999999999998,resnet_direct_coarse01,PASS,12.61,resnet_direct_coarse01,12.61,COMPARABLE,0.7433000000000032,5.31650096559619,False,2.114300000000002,16.76685170499605,False
2,fr1_desk_lightswitch,fr1_desk,lightswitch,resnet_c2f_b_fine04_coarse02,Step-R:new,B,4,2,PASS,13.4065,resnet_direct_fine04,PASS,13.980999999999998,resnet_direct_coarse02,PASS,12.671399999999998,resnet_direct_coarse02,12.671399999999998,COMPARABLE,-0.5744999999999987,-4.1091481296044545,True,0.735100000000001,5.8012532159035395,False
2,fr1_desk_lightswitch,fr1_desk,lightswitch,resnet_c2f_b_fine04_coarse03,Step-R:new,B,4,3,PASS,16.054299999999998,resnet_direct_fine04,PASS,13.980999999999998,resnet_direct_coarse03,PASS,12.741299999999999,resnet_direct_coarse03,12.741299999999999,COMPARABLE,2.0732999999999997,14.829411343966813,False,3.312999999999999,26.0020563050866,False
2,fr1_desk_lightswitch,fr1_desk,lightswitch,resnet_c2f_b_fine04_coarse04,Step-R:new,B,4,4,PASS,12.1327,resnet_direct_fine04,PASS,13.980999999999998,resnet_direct_coarse04,PASS,15.9524,resnet_direct_fine04,13.980999999999998,COMPARABLE,-1.8482999999999983,-13.22008440025748,True,-1.8482999999999983,-13.22008440025748,True
2,fr1_desk_lightswitch,fr1_desk,lightswitch,resnet_c2f_b_fine04_coarse05,Step-R:new,B,4,5,PASS,14.6281,resnet_direct_fine04,PASS,13.980999999999998,resnet_direct_coarse05,PASS,16.6202,resnet_direct_fine04,13.980999999999998,COMPARABLE,0.6471000000000018,4.6284242901080175,False,0.6471000000000018,4.6284242901080175,False
2,fr1_desk_lightswitch,fr1_desk,lightswitch,resnet_c2f_b_fine05_coarse01,Step-R:new,B,5,1,FAIL_TRACKING_NAN,,resnet_direct_fine05,PASS,14.0623,resnet_direct_coarse01,PASS,12.61,resnet_direct_coarse01,12.61,C2F_NONPASS,,,False,,,False
2,fr1_desk_lightswitch,fr1_desk,lightswitch,resnet_c2f_b_fine05_coarse02,Step-R:new,B,5,2,FAIL_TRACKING_NAN,,resnet_direct_fine05,PASS,14.0623,resnet_direct_coarse02,PASS,12.671399999999998,resnet_direct_coarse02,12.671399999999998,C2F_NONPASS,,,False,,,False
2,fr1_desk_lightswitch,fr1_desk,lightswitch,resnet_c2f_b_fine05_coarse03,Step-R:new,B,5,3,PASS,15.5751,resnet_direct_fine05,PASS,14.0623,resnet_direct_coarse03,PASS,12.741299999999999,resnet_direct_coarse03,12.741299999999999,COMPARABLE,1.5128000000000004,10.757841889306873,False,2.833800000000002,22.241058604694985,False
2,fr1_desk_lightswitch,fr1_desk,lightswitch,resnet_c2f_b_fine05_coarse04,Step-R:new,B,5,4,PASS,10.7274,resnet_direct_fine05,PASS,14.0623,resnet_direct_coarse04,PASS,15.9524,resnet_direct_fine05,14.0623,COMPARABLE,-3.334900000000001,-23.715181727029016,True,-3.334900000000001,-23.715181727029016,True
2,fr1_desk_lightswitch,fr1_desk,lightswitch,resnet_c2f_b_fine05_coarse05,Step-R:new,B,5,5,PASS,11.1759,resnet_direct_fine05,PASS,14.0623,resnet_direct_coarse05,PASS,16.6202,resnet_direct_fine05,14.0623,COMPARABLE,-2.8864,-20.525803033643143,True,-2.8864,-20.525803033643143,True
2,fr1_desk_lightswitch,fr1_desk,lightswitch,resnet_c2f_b_fine06_coarse01,Step-R:new,B,6,1,PASS,12.967899999999998,resnet_direct_fine06,PASS,14.672099999999999,resnet_direct_coarse01,PASS,12.61,resnet_direct_coarse01,12.61,COMPARABLE,-1.7042000000000002,-11.615242535151753,True,0.357899999999999,2.838223632038057,False
2,fr1_desk_lightswitch,fr1_desk,lightswitch,resnet_c2f_b_fine06_coarse02,Step-R:new,B,6,2,PASS,14.9426,resnet_direct_fine06,PASS,14.672099999999999,resnet_direct_coarse02,PASS,12.671399999999998,resnet_direct_coarse02,12.671399999999998,COMPARABLE,0.27050000000000196,1.843635198778648,False,2.271200000000002,17.923828464100275,False
2,fr1_desk_lightswitch,fr1_desk,lightswitch,resnet_c2f_b_fine06_coarse03,Step-R:new,B,6,3,PASS,12.3707,resnet_direct_fine06,PASS,14.672099999999999,resnet_direct_coarse03,PASS,12.741299999999999,resnet_direct_coarse03,12.741299999999999,COMPARABLE,-2.3013999999999992,-15.685552852011638,True,-0.3705999999999996,-2.9086513934998752,True
2,fr1_desk_lightswitch,fr1_desk,lightswitch,resnet_c2f_b_fine06_coarse04,Step-R:new,B,6,4,PASS,11.7041,resnet_direct_fine06,PASS,14.672099999999999,resnet_direct_coarse04,PASS,15.9524,resnet_direct_fine06,14.672099999999999,COMPARABLE,-2.967999999999998,-20.228869759611772,True,-2.967999999999998,-20.228869759611772,True
2,fr1_desk_lightswitch,fr1_desk,lightswitch,resnet_c2f_b_fine06_coarse05,Step-R:new,B,6,5,PASS,14.058300000000001,resnet_direct_fine06,PASS,14.672099999999999,resnet_direct_coarse05,PASS,16.6202,resnet_direct_fine06,14.672099999999999,COMPARABLE,-0.6137999999999977,-4.1834502218496175,True,-0.6137999999999977,-4.1834502218496175,True
3,fr1_desk_flashlight,fr1_desk,flashlight,resnet_c2f_a_fine01_coarse01,Step-R:new,A,1,1,PASS,6.715999999999999,resnet_direct_fine01,PASS,6.364400000000001,resnet_direct_coarse01,PASS,15.193000000000001,resnet_direct_fine01,6.364400000000001,COMPARABLE,0.3515999999999986,5.524479919552487,False,0.3515999999999986,5.524479919552487,False
3,fr1_desk_flashlight,fr1_desk,flashlight,resnet_c2f_a_fine01_coarse02,Step-R:new,A,1,2,PASS,20.7007,resnet_direct_fine01,PASS,6.364400000000001,resnet_direct_coarse02,PASS,16.867099999999997,resnet_direct_fine01,6.364400000000001,COMPARABLE,14.336300000000001,225.25768336371064,False,14.336300000000001,225.25768336371064,False
3,fr1_desk_flashlight,fr1_desk,flashlight,resnet_c2f_a_fine01_coarse03,Step-R:new,A,1,3,PASS,21.9253,resnet_direct_fine01,PASS,6.364400000000001,resnet_direct_coarse03,PASS,28.6973,resnet_direct_fine01,6.364400000000001,COMPARABLE,15.5609,244.49908868078683,False,15.5609,244.49908868078683,False
3,fr1_desk_flashlight,fr1_desk,flashlight,resnet_c2f_a_fine01_coarse04,Step-R:new,A,1,4,PASS,17.8342,resnet_direct_fine01,PASS,6.364400000000001,resnet_direct_coarse04,PASS,16.6285,resnet_direct_fine01,6.364400000000001,COMPARABLE,11.4698,180.21808811514046,False,11.4698,180.21808811514046,False
3,fr1_desk_flashlight,fr1_desk,flashlight,resnet_c2f_a_fine01_coarse05,Step-R:new,A,1,5,PASS,7.1785000000000005,resnet_direct_fine01,PASS,6.364400000000001,resnet_direct_coarse05,PASS,18.3832,resnet_direct_fine01,6.364400000000001,COMPARABLE,0.8140999999999998,12.791465024197093,False,0.8140999999999998,12.791465024197093,False
3,fr1_desk_flashlight,fr1_desk,flashlight,resnet_c2f_a_fine02_coarse01,Step-R:new,A,2,1,PASS,6.7359,resnet_direct_fine02,PASS,12.238100000000001,resnet_direct_coarse01,PASS,15.193000000000001,resnet_direct_fine02,12.238100000000001,COMPARABLE,-5.502200000000001,-44.95959340093643,True,-5.502200000000001,-44.95959340093643,True
3,fr1_desk_flashlight,fr1_desk,flashlight,resnet_c2f_a_fine02_coarse02,Step-R:new,A,2,2,PASS,16.403100000000002,resnet_direct_fine02,PASS,12.238100000000001,resnet_direct_coarse02,PASS,16.867099999999997,resnet_direct_fine02,12.238100000000001,COMPARABLE,4.165000000000001,34.03306068752503,False,4.165000000000001,34.03306068752503,False
3,fr1_desk_flashlight,fr1_desk,flashlight,resnet_c2f_a_fine02_coarse03,Step-R:new,A,2,3,PASS,29.628300000000003,resnet_direct_fine02,PASS,12.238100000000001,resnet_direct_coarse03,PASS,28.6973,resnet_direct_fine02,12.238100000000001,COMPARABLE,17.3902,142.0988552144532,False,17.3902,142.0988552144532,False
3,fr1_desk_flashlight,fr1_desk,flashlight,resnet_c2f_a_fine02_coarse04,Step-Q:resnet_c2f_a_f2_c4_variant_negative,A,2,4,PASS,14.734,resnet_direct_fine02,PASS,12.238100000000001,resnet_direct_coarse04,PASS,16.6285,resnet_direct_fine02,12.238100000000001,COMPARABLE,2.495899999999999,20.394505683071706,False,2.495899999999999,20.394505683071706,False
3,fr1_desk_flashlight,fr1_desk,flashlight,resnet_c2f_a_fine02_coarse05,Step-R:new,A,2,5,PASS,6.9996,resnet_direct_fine02,PASS,12.238100000000001,resnet_direct_coarse05,PASS,18.3832,resnet_direct_fine02,12.238100000000001,COMPARABLE,-5.238500000000001,-42.804847157647025,True,-5.238500000000001,-42.804847157647025,True
3,fr1_desk_flashlight,fr1_desk,flashlight,resnet_c2f_a_fine03_coarse01,Step-R:new,A,3,1,PASS,18.598200000000002,resnet_direct_fine03,PASS,8.835700000000001,resnet_direct_coarse01,PASS,15.193000000000001,resnet_direct_fine03,8.835700000000001,COMPARABLE,9.762500000000001,110.48926514028317,False,9.762500000000001,110.48926514028317,False
3,fr1_desk_flashlight,fr1_desk,flashlight,resnet_c2f_a_fine03_coarse02,Step-R:new,A,3,2,PASS,16.7314,resnet_direct_fine03,PASS,8.835700000000001,resnet_direct_coarse02,PASS,16.867099999999997,resnet_direct_fine03,8.835700000000001,COMPARABLE,7.8957,89.3613409237525,False,7.8957,89.3613409237525,False
3,fr1_desk_flashlight,fr1_desk,flashlight,resnet_c2f_a_fine03_coarse03,Step-R:new,A,3,3,PASS,8.2068,resnet_direct_fine03,PASS,8.835700000000001,resnet_direct_coarse03,PASS,28.6973,resnet_direct_fine03,8.835700000000001,COMPARABLE,-0.6289000000000016,-7.117715630906454,True,-0.6289000000000016,-7.117715630906454,True
3,fr1_desk_flashlight,fr1_desk,flashlight,resnet_c2f_a_fine03_coarse04,Step-R:new,A,3,4,PASS,17.711399999999998,resnet_direct_fine03,PASS,8.835700000000001,resnet_direct_coarse04,PASS,16.6285,resnet_direct_fine03,8.835700000000001,COMPARABLE,8.875699999999997,100.45270889686155,False,8.875699999999997,100.45270889686155,False
3,fr1_desk_flashlight,fr1_desk,flashlight,resnet_c2f_a_fine03_coarse05,Step-R:new,A,3,5,PASS,6.436999999999999,resnet_direct_fine03,PASS,8.835700000000001,resnet_direct_coarse05,PASS,18.3832,resnet_direct_fine03,8.835700000000001,COMPARABLE,-2.3987000000000016,-27.14782077254775,True,-2.3987000000000016,-27.14782077254775,True
3,fr1_desk_flashlight,fr1_desk,flashlight,resnet_c2f_a_fine04_coarse01,Step-R:new,A,4,1,PASS,11.8992,resnet_direct_fine04,PASS,11.975900000000001,resnet_direct_coarse01,PASS,15.193000000000001,resnet_direct_fine04,11.975900000000001,COMPARABLE,-0.07670000000000066,-0.6404529095934389,True,-0.07670000000000066,-0.6404529095934389,True
3,fr1_desk_flashlight,fr1_desk,flashlight,resnet_c2f_a_fine04_coarse02,Step-R:new,A,4,2,PASS,13.166,resnet_direct_fine04,PASS,11.975900000000001,resnet_direct_coarse02,PASS,16.867099999999997,resnet_direct_fine04,11.975900000000001,COMPARABLE,1.1900999999999993,9.93745772760293,False,1.1900999999999993,9.93745772760293,False
3,fr1_desk_flashlight,fr1_desk,flashlight,resnet_c2f_a_fine04_coarse03,Step-R:new,A,4,3,PASS,24.279,resnet_direct_fine04,PASS,11.975900000000001,resnet_direct_coarse03,PASS,28.6973,resnet_direct_fine04,11.975900000000001,COMPARABLE,12.303099999999999,102.7321537420987,False,12.303099999999999,102.7321537420987,False
3,fr1_desk_flashlight,fr1_desk,flashlight,resnet_c2f_a_fine04_coarse04,Step-R:new,A,4,4,PASS,21.3796,resnet_direct_fine04,PASS,11.975900000000001,resnet_direct_coarse04,PASS,16.6285,resnet_direct_fine04,11.975900000000001,COMPARABLE,9.403699999999999,78.52186474502959,False,9.403699999999999,78.52186474502959,False
3,fr1_desk_flashlight,fr1_desk,flashlight,resnet_c2f_a_fine04_coarse05,Step-R:new,A,4,5,PASS,9.3163,resnet_direct_fine04,PASS,11.975900000000001,resnet_direct_coarse05,PASS,18.3832,resnet_direct_fine04,11.975900000000001,COMPARABLE,-2.659600000000001,-22.207934267988215,True,-2.659600000000001,-22.207934267988215,True
3,fr1_desk_flashlight,fr1_desk,flashlight,resnet_c2f_a_fine05_coarse01,Step-R:new,A,5,1,PASS,12.900900000000002,resnet_direct_fine05,PASS,10.951,resnet_direct_coarse01,PASS,15.193000000000001,resnet_direct_fine05,10.951,COMPARABLE,1.9499000000000013,17.805679846589364,False,1.9499000000000013,17.805679846589364,False
3,fr1_desk_flashlight,fr1_desk,flashlight,resnet_c2f_a_fine05_coarse02,Step-R:new,A,5,2,PASS,9.8646,resnet_direct_fine05,PASS,10.951,resnet_direct_coarse02,PASS,16.867099999999997,resnet_direct_fine05,10.951,COMPARABLE,-1.0864000000000011,-9.920555200438326,True,-1.0864000000000011,-9.920555200438326,True
3,fr1_desk_flashlight,fr1_desk,flashlight,resnet_c2f_a_fine05_coarse03,Step-R:new,A,5,3,PASS,33.6898,resnet_direct_fine05,PASS,10.951,resnet_direct_coarse03,PASS,28.6973,resnet_direct_fine05,10.951,COMPARABLE,22.738799999999998,207.64131129577203,False,22.738799999999998,207.64131129577203,False
3,fr1_desk_flashlight,fr1_desk,flashlight,resnet_c2f_a_fine05_coarse04,Step-R:new,A,5,4,PASS,19.1091,resnet_direct_fine05,PASS,10.951,resnet_direct_coarse04,PASS,16.6285,resnet_direct_fine05,10.951,COMPARABLE,8.158100000000001,74.49639302346817,False,8.158100000000001,74.49639302346817,False
3,fr1_desk_flashlight,fr1_desk,flashlight,resnet_c2f_a_fine05_coarse05,Step-R:new,A,5,5,PASS,7.107099999999999,resnet_direct_fine05,PASS,10.951,resnet_direct_coarse05,PASS,18.3832,resnet_direct_fine05,10.951,COMPARABLE,-3.8439000000000014,-35.10090402702951,True,-3.8439000000000014,-35.10090402702951,True
3,fr1_desk_flashlight,fr1_desk,flashlight,resnet_c2f_a_fine06_coarse01,Step-R:new,A,6,1,PASS,14.716399999999998,resnet_direct_fine06,PASS,10.4201,resnet_direct_coarse01,PASS,15.193000000000001,resnet_direct_fine06,10.4201,COMPARABLE,4.296299999999999,41.23089029855758,False,4.296299999999999,41.23089029855758,False
3,fr1_desk_flashlight,fr1_desk,flashlight,resnet_c2f_a_fine06_coarse02,Step-R:new,A,6,2,PASS,12.556899999999999,resnet_direct_fine06,PASS,10.4201,resnet_direct_coarse02,PASS,16.867099999999997,resnet_direct_fine06,10.4201,COMPARABLE,2.136799999999999,20.506521050661696,False,2.136799999999999,20.506521050661696,False
3,fr1_desk_flashlight,fr1_desk,flashlight,resnet_c2f_a_fine06_coarse03,Step-R:new,A,6,3,PASS,22.7723,resnet_direct_fine06,PASS,10.4201,resnet_direct_coarse03,PASS,28.6973,resnet_direct_fine06,10.4201,COMPARABLE,12.352200000000002,118.54204854080098,False,12.352200000000002,118.54204854080098,False
3,fr1_desk_flashlight,fr1_desk,flashlight,resnet_c2f_a_fine06_coarse04,Step-R:new,A,6,4,PASS,18.362000000000002,resnet_direct_fine06,PASS,10.4201,resnet_direct_coarse04,PASS,16.6285,resnet_direct_fine06,10.4201,COMPARABLE,7.941900000000002,76.21711883763113,False,7.941900000000002,76.21711883763113,False
3,fr1_desk_flashlight,fr1_desk,flashlight,resnet_c2f_a_fine06_coarse05,Step-Q:resnet_c2f_a_f6_c5_positive_synergy,A,6,5,PASS,9.9486,resnet_direct_fine06,PASS,10.4201,resnet_direct_coarse05,PASS,18.3832,resnet_direct_fine06,10.4201,COMPARABLE,-0.4714999999999989,-4.524908590128684,True,-0.4714999999999989,-4.524908590128684,True
3,fr1_desk_flashlight,fr1_desk,flashlight,resnet_c2f_b_fine01_coarse01,Step-R:new,B,1,1,PASS,7.2238,resnet_direct_fine01,PASS,6.364400000000001,resnet_direct_coarse01,PASS,15.193000000000001,resnet_direct_fine01,6.364400000000001,COMPARABLE,0.859399999999999,13.503236754446593,False,0.859399999999999,13.503236754446593,False
3,fr1_desk_flashlight,fr1_desk,flashlight,resnet_c2f_b_fine01_coarse02,Step-R:new,B,1,2,PASS,11.116,resnet_direct_fine01,PASS,6.364400000000001,resnet_direct_coarse02,PASS,16.867099999999997,resnet_direct_fine01,6.364400000000001,COMPARABLE,4.751599999999999,74.65904091509017,False,4.751599999999999,74.65904091509017,False
3,fr1_desk_flashlight,fr1_desk,flashlight,resnet_c2f_b_fine01_coarse03,Step-R:new,B,1,3,PASS,21.39,resnet_direct_fine01,PASS,6.364400000000001,resnet_direct_coarse03,PASS,28.6973,resnet_direct_fine01,6.364400000000001,COMPARABLE,15.0256,236.08824083967068,False,15.0256,236.08824083967068,False
3,fr1_desk_flashlight,fr1_desk,flashlight,resnet_c2f_b_fine01_coarse04,Step-Q:resnet_c2f_b_f1_c4_negative_high_parent,B,1,4,PASS,12.9037,resnet_direct_fine01,PASS,6.364400000000001,resnet_direct_coarse04,PASS,16.6285,resnet_direct_fine01,6.364400000000001,COMPARABLE,6.5393,102.7480987995726,False,6.5393,102.7480987995726,False
3,fr1_desk_flashlight,fr1_desk,flashlight,resnet_c2f_b_fine01_coarse05,Step-R:new,B,1,5,PASS,6.783,resnet_direct_fine01,PASS,6.364400000000001,resnet_direct_coarse05,PASS,18.3832,resnet_direct_fine01,6.364400000000001,COMPARABLE,0.41859999999999964,6.577210734711828,False,0.41859999999999964,6.577210734711828,False
3,fr1_desk_flashlight,fr1_desk,flashlight,resnet_c2f_b_fine02_coarse01,Step-R:new,B,2,1,PASS,6.770099999999999,resnet_direct_fine02,PASS,12.238100000000001,resnet_direct_coarse01,PASS,15.193000000000001,resnet_direct_fine02,12.238100000000001,COMPARABLE,-5.468000000000002,-44.680138256755555,True,-5.468000000000002,-44.680138256755555,True
3,fr1_desk_flashlight,fr1_desk,flashlight,resnet_c2f_b_fine02_coarse02,Step-R:new,B,2,2,PASS,7.1244000000000005,resnet_direct_fine02,PASS,12.238100000000001,resnet_direct_coarse02,PASS,16.867099999999997,resnet_direct_fine02,12.238100000000001,COMPARABLE,-5.113700000000001,-41.785081017478205,True,-5.113700000000001,-41.785081017478205,True
3,fr1_desk_flashlight,fr1_desk,flashlight,resnet_c2f_b_fine02_coarse03,Step-R:new,B,2,3,PASS,24.8113,resnet_direct_fine02,PASS,12.238100000000001,resnet_direct_coarse03,PASS,28.6973,resnet_direct_fine02,12.238100000000001,COMPARABLE,12.573199999999998,102.73817014078979,False,12.573199999999998,102.73817014078979,False
3,fr1_desk_flashlight,fr1_desk,flashlight,resnet_c2f_b_fine02_coarse04,Step-Q:resnet_c2f_b_f2_c4_global_best,B,2,4,PASS,16.988,resnet_direct_fine02,PASS,12.238100000000001,resnet_direct_coarse04,PASS,16.6285,resnet_direct_fine02,12.238100000000001,COMPARABLE,4.7498999999999985,38.812397349261715,False,4.7498999999999985,38.812397349261715,False
3,fr1_desk_flashlight,fr1_desk,flashlight,resnet_c2f_b_fine02_coarse05,Step-R:new,B,2,5,PASS,7.150399999999999,resnet_direct_fine02,PASS,12.238100000000001,resnet_direct_coarse05,PASS,18.3832,resnet_direct_fine02,12.238100000000001,COMPARABLE,-5.087700000000002,-41.572629738276376,True,-5.087700000000002,-41.572629738276376,True
3,fr1_desk_flashlight,fr1_desk,flashlight,resnet_c2f_b_fine03_coarse01,Step-R:new,B,3,1,PASS,17.7165,resnet_direct_fine03,PASS,8.835700000000001,resnet_direct_coarse01,PASS,15.193000000000001,resnet_direct_fine03,8.835700000000001,COMPARABLE,8.880799999999999,100.51042928121143,False,8.880799999999999,100.51042928121143,False
3,fr1_desk_flashlight,fr1_desk,flashlight,resnet_c2f_b_fine03_coarse02,Step-R:new,B,3,2,PASS,17.630499999999998,resnet_direct_fine03,PASS,8.835700000000001,resnet_direct_coarse02,PASS,16.867099999999997,resnet_direct_fine03,8.835700000000001,COMPARABLE,8.794799999999997,99.53710515295897,False,8.794799999999997,99.53710515295897,False
3,fr1_desk_flashlight,fr1_desk,flashlight,resnet_c2f_b_fine03_coarse03,Step-R:new,B,3,3,PASS,20.2331,resnet_direct_fine03,PASS,8.835700000000001,resnet_direct_coarse03,PASS,28.6973,resnet_direct_fine03,8.835700000000001,COMPARABLE,11.3974,128.9926095272587,False,11.3974,128.9926095272587,False
3,fr1_desk_flashlight,fr1_desk,flashlight,resnet_c2f_b_fine03_coarse04,Step-R:new,B,3,4,PASS,17.4756,resnet_direct_fine03,PASS,8.835700000000001,resnet_direct_coarse04,PASS,16.6285,resnet_direct_fine03,8.835700000000001,COMPARABLE,8.639899999999999,97.78398994986247,False,8.639899999999999,97.78398994986247,False
3,fr1_desk_flashlight,fr1_desk,flashlight,resnet_c2f_b_fine03_coarse05,Step-R:new,B,3,5,PASS,6.3412999999999995,resnet_direct_fine03,PASS,8.835700000000001,resnet_direct_coarse05,PASS,18.3832,resnet_direct_fine03,8.835700000000001,COMPARABLE,-2.4944000000000015,-28.230926808289112,True,-2.4944000000000015,-28.230926808289112,True
3,fr1_desk_flashlight,fr1_desk,flashlight,resnet_c2f_b_fine04_coarse01,Step-R:new,B,4,1,PASS,11.0238,resnet_direct_fine04,PASS,11.975900000000001,resnet_direct_coarse01,PASS,15.193000000000001,resnet_direct_fine04,11.975900000000001,COMPARABLE,-0.9521000000000015,-7.950133184144836,True,-0.9521000000000015,-7.950133184144836,True
3,fr1_desk_flashlight,fr1_desk,flashlight,resnet_c2f_b_fine04_coarse02,Step-R:new,B,4,2,PASS,9.740400000000001,resnet_direct_fine04,PASS,11.975900000000001,resnet_direct_coarse02,PASS,16.867099999999997,resnet_direct_fine04,11.975900000000001,COMPARABLE,-2.2355,-18.666655533195833,True,-2.2355,-18.666655533195833,True
3,fr1_desk_flashlight,fr1_desk,flashlight,resnet_c2f_b_fine04_coarse03,Step-R:new,B,4,3,PASS,24.9373,resnet_direct_fine04,PASS,11.975900000000001,resnet_direct_coarse03,PASS,28.6973,resnet_direct_fine04,11.975900000000001,COMPARABLE,12.9614,108.22902662847883,False,12.9614,108.22902662847883,False
3,fr1_desk_flashlight,fr1_desk,flashlight,resnet_c2f_b_fine04_coarse04,Step-R:new,B,4,4,PASS,14.249600000000001,resnet_direct_fine04,PASS,11.975900000000001,resnet_direct_coarse04,PASS,16.6285,resnet_direct_fine04,11.975900000000001,COMPARABLE,2.2737,18.985629472523982,False,2.2737,18.985629472523982,False
3,fr1_desk_flashlight,fr1_desk,flashlight,resnet_c2f_b_fine04_coarse05,Step-R:new,B,4,5,PASS,9.521799999999999,resnet_direct_fine04,PASS,11.975900000000001,resnet_direct_coarse05,PASS,18.3832,resnet_direct_fine04,11.975900000000001,COMPARABLE,-2.454100000000002,-20.491988076052756,True,-2.454100000000002,-20.491988076052756,True
3,fr1_desk_flashlight,fr1_desk,flashlight,resnet_c2f_b_fine05_coarse01,Step-R:new,B,5,1,PASS,10.7659,resnet_direct_fine05,PASS,10.951,resnet_direct_coarse01,PASS,15.193000000000001,resnet_direct_fine05,10.951,COMPARABLE,-0.18510000000000026,-1.6902565975710004,True,-0.18510000000000026,-1.6902565975710004,True
3,fr1_desk_flashlight,fr1_desk,flashlight,resnet_c2f_b_fine05_coarse02,Step-R:new,B,5,2,PASS,8.3919,resnet_direct_fine05,PASS,10.951,resnet_direct_coarse02,PASS,16.867099999999997,resnet_direct_fine05,10.951,COMPARABLE,-2.559100000000001,-23.368642133138533,True,-2.559100000000001,-23.368642133138533,True
3,fr1_desk_flashlight,fr1_desk,flashlight,resnet_c2f_b_fine05_coarse03,Step-R:new,B,5,3,PASS,23.174500000000002,resnet_direct_fine05,PASS,10.951,resnet_direct_coarse03,PASS,28.6973,resnet_direct_fine05,10.951,COMPARABLE,12.223500000000001,111.61994338416584,False,12.223500000000001,111.61994338416584,False
3,fr1_desk_flashlight,fr1_desk,flashlight,resnet_c2f_b_fine05_coarse04,Step-R:new,B,5,4,PASS,17.3253,resnet_direct_fine05,PASS,10.951,resnet_direct_coarse04,PASS,16.6285,resnet_direct_fine05,10.951,COMPARABLE,6.374299999999998,58.20746963747601,False,6.374299999999998,58.20746963747601,False
3,fr1_desk_flashlight,fr1_desk,flashlight,resnet_c2f_b_fine05_coarse05,Step-R:new,B,5,5,PASS,7.428999999999999,resnet_direct_fine05,PASS,10.951,resnet_direct_coarse05,PASS,18.3832,resnet_direct_fine05,10.951,COMPARABLE,-3.522000000000001,-32.1614464432472,True,-3.522000000000001,-32.1614464432472,True
3,fr1_desk_flashlight,fr1_desk,flashlight,resnet_c2f_b_fine06_coarse01,Step-R:new,B,6,1,PASS,10.0458,resnet_direct_fine06,PASS,10.4201,resnet_direct_coarse01,PASS,15.193000000000001,resnet_direct_fine06,10.4201,COMPARABLE,-0.37429999999999986,-3.5920960451435193,True,-0.37429999999999986,-3.5920960451435193,True
3,fr1_desk_flashlight,fr1_desk,flashlight,resnet_c2f_b_fine06_coarse02,Step-R:new,B,6,2,PASS,12.822600000000001,resnet_direct_fine06,PASS,10.4201,resnet_direct_coarse02,PASS,16.867099999999997,resnet_direct_fine06,10.4201,COMPARABLE,2.4025000000000016,23.056400610358843,False,2.4025000000000016,23.056400610358843,False
3,fr1_desk_flashlight,fr1_desk,flashlight,resnet_c2f_b_fine06_coarse03,Step-R:new,B,6,3,PASS,22.0207,resnet_direct_fine06,PASS,10.4201,resnet_direct_coarse03,PASS,28.6973,resnet_direct_fine06,10.4201,COMPARABLE,11.600600000000002,111.32906593986624,False,11.600600000000002,111.32906593986624,False
3,fr1_desk_flashlight,fr1_desk,flashlight,resnet_c2f_b_fine06_coarse04,Step-R:new,B,6,4,PASS,18.1728,resnet_direct_fine06,PASS,10.4201,resnet_direct_coarse04,PASS,16.6285,resnet_direct_fine06,10.4201,COMPARABLE,7.752699999999999,74.4013972994501,False,7.752699999999999,74.4013972994501,False
3,fr1_desk_flashlight,fr1_desk,flashlight,resnet_c2f_b_fine06_coarse05,Step-R:new,B,6,5,PASS,10.0847,resnet_direct_fine06,PASS,10.4201,resnet_direct_coarse05,PASS,18.3832,resnet_direct_fine06,10.4201,COMPARABLE,-0.3353999999999999,-3.2187790904117994,True,-0.3353999999999999,-3.2187790904117994,True
4,fr2_desk_clean,fr2_desk,clean,resnet_c2f_a_fine01_coarse01,Step-R:new,A,1,1,PASS,5.183,resnet_direct_fine01,PASS,4.531000000000001,resnet_direct_coarse01,PASS,16.4851,resnet_direct_fine01,4.531000000000001,COMPARABLE,0.6519999999999992,14.389759435003294,False,0.6519999999999992,14.389759435003294,False
4,fr2_desk_clean,fr2_desk,clean,resnet_c2f_a_fine01_coarse02,Step-R:new,A,1,2,PASS,5.1861999999999995,resnet_direct_fine01,PASS,4.531000000000001,resnet_direct_coarse02,PASS,16.5606,resnet_direct_fine01,4.531000000000001,COMPARABLE,0.6551999999999989,14.460384021187352,False,0.6551999999999989,14.460384021187352,False
4,fr2_desk_clean,fr2_desk,clean,resnet_c2f_a_fine01_coarse03,Step-R:new,A,1,3,PASS,5.1406,resnet_direct_fine01,PASS,4.531000000000001,resnet_direct_coarse03,PASS,16.209799999999998,resnet_direct_fine01,4.531000000000001,COMPARABLE,0.6095999999999995,13.453983668064433,False,0.6095999999999995,13.453983668064433,False
4,fr2_desk_clean,fr2_desk,clean,resnet_c2f_a_fine01_coarse04,Step-R:new,A,1,4,PASS,5.1824,resnet_direct_fine01,PASS,4.531000000000001,resnet_direct_coarse04,PASS,16.1158,resnet_direct_fine01,4.531000000000001,COMPARABLE,0.6513999999999998,14.37651732509379,False,0.6513999999999998,14.37651732509379,False
4,fr2_desk_clean,fr2_desk,clean,resnet_c2f_a_fine01_coarse05,Step-R:new,A,1,5,PASS,5.219399999999999,resnet_direct_fine01,PASS,4.531000000000001,resnet_direct_coarse05,PASS,17.2523,resnet_direct_fine01,4.531000000000001,COMPARABLE,0.6883999999999988,15.193114102847025,False,0.6883999999999988,15.193114102847025,False
4,fr2_desk_clean,fr2_desk,clean,resnet_c2f_a_fine02_coarse01,Step-R:new,A,2,1,PASS,6.4973,resnet_direct_fine02,PASS,5.617500000000001,resnet_direct_coarse01,PASS,16.4851,resnet_direct_fine02,5.617500000000001,COMPARABLE,0.8797999999999995,15.661771250556287,False,0.8797999999999995,15.661771250556287,False
4,fr2_desk_clean,fr2_desk,clean,resnet_c2f_a_fine02_coarse02,Step-R:new,A,2,2,PASS,6.3274,resnet_direct_fine02,PASS,5.617500000000001,resnet_direct_coarse02,PASS,16.5606,resnet_direct_fine02,5.617500000000001,COMPARABLE,0.7098999999999993,12.637294170004436,False,0.7098999999999993,12.637294170004436,False
4,fr2_desk_clean,fr2_desk,clean,resnet_c2f_a_fine02_coarse03,Step-R:new,A,2,3,PASS,6.381100000000001,resnet_direct_fine02,PASS,5.617500000000001,resnet_direct_coarse03,PASS,16.209799999999998,resnet_direct_fine02,5.617500000000001,COMPARABLE,0.7636000000000003,13.59323542501113,False,0.7636000000000003,13.59323542501113,False
4,fr2_desk_clean,fr2_desk,clean,resnet_c2f_a_fine02_coarse04,Step-Q:resnet_c2f_a_f2_c4_variant_negative,A,2,4,PASS,6.2434,resnet_direct_fine02,PASS,5.617500000000001,resnet_direct_coarse04,PASS,16.1158,resnet_direct_fine02,5.617500000000001,COMPARABLE,0.6258999999999997,11.141967067200705,False,0.6258999999999997,11.141967067200705,False
4,fr2_desk_clean,fr2_desk,clean,resnet_c2f_a_fine02_coarse05,Step-R:new,A,2,5,PASS,6.3549,resnet_direct_fine02,PASS,5.617500000000001,resnet_direct_coarse05,PASS,17.2523,resnet_direct_fine02,5.617500000000001,COMPARABLE,0.7373999999999992,13.126835781041374,False,0.7373999999999992,13.126835781041374,False
4,fr2_desk_clean,fr2_desk,clean,resnet_c2f_a_fine03_coarse01,Step-R:new,A,3,1,PASS,5.5153,resnet_direct_fine03,PASS,4.6702,resnet_direct_coarse01,PASS,16.4851,resnet_direct_fine03,4.6702,COMPARABLE,0.8450999999999995,18.095584771530113,False,0.8450999999999995,18.095584771530113,False
4,fr2_desk_clean,fr2_desk,clean,resnet_c2f_a_fine03_coarse02,Step-R:new,A,3,2,PASS,5.4214,resnet_direct_fine03,PASS,4.6702,resnet_direct_coarse02,PASS,16.5606,resnet_direct_fine03,4.6702,COMPARABLE,0.7511999999999999,16.084964241360108,False,0.7511999999999999,16.084964241360108,False
4,fr2_desk_clean,fr2_desk,clean,resnet_c2f_a_fine03_coarse03,Step-R:new,A,3,3,PASS,5.4253,resnet_direct_fine03,PASS,4.6702,resnet_direct_coarse03,PASS,16.209799999999998,resnet_direct_fine03,4.6702,COMPARABLE,0.7550999999999997,16.168472442293684,False,0.7550999999999997,16.168472442293684,False
4,fr2_desk_clean,fr2_desk,clean,resnet_c2f_a_fine03_coarse04,Step-R:new,A,3,4,PASS,5.4736,resnet_direct_fine03,PASS,4.6702,resnet_direct_coarse04,PASS,16.1158,resnet_direct_fine03,4.6702,COMPARABLE,0.8033999999999999,17.202689392317243,False,0.8033999999999999,17.202689392317243,False
4,fr2_desk_clean,fr2_desk,clean,resnet_c2f_a_fine03_coarse05,Step-R:new,A,3,5,PASS,5.3826,resnet_direct_fine03,PASS,4.6702,resnet_direct_coarse05,PASS,17.2523,resnet_direct_fine03,4.6702,COMPARABLE,0.7123999999999997,15.254164703867064,False,0.7123999999999997,15.254164703867064,False
4,fr2_desk_clean,fr2_desk,clean,resnet_c2f_a_fine04_coarse01,Step-R:new,A,4,1,PASS,6.6671,resnet_direct_fine04,PASS,6.454400000000001,resnet_direct_coarse01,PASS,16.4851,resnet_direct_fine04,6.454400000000001,COMPARABLE,0.212699999999999,3.2954263758056364,False,0.212699999999999,3.2954263758056364,False
4,fr2_desk_clean,fr2_desk,clean,resnet_c2f_a_fine04_coarse02,Step-R:new,A,4,2,PASS,6.894799999999999,resnet_direct_fine04,PASS,6.454400000000001,resnet_direct_coarse02,PASS,16.5606,resnet_direct_fine04,6.454400000000001,COMPARABLE,0.44039999999999857,6.823252354982625,False,0.44039999999999857,6.823252354982625,False
4,fr2_desk_clean,fr2_desk,clean,resnet_c2f_a_fine04_coarse03,Step-R:new,A,4,3,PASS,6.7193000000000005,resnet_direct_fine04,PASS,6.454400000000001,resnet_direct_coarse03,PASS,16.209799999999998,resnet_direct_fine04,6.454400000000001,COMPARABLE,0.2648999999999999,4.104176995537926,False,0.2648999999999999,4.104176995537926,False
4,fr2_desk_clean,fr2_desk,clean,resnet_c2f_a_fine04_coarse04,Step-R:new,A,4,4,PASS,6.8691,resnet_direct_fine04,PASS,6.454400000000001,resnet_direct_coarse04,PASS,16.1158,resnet_direct_fine04,6.454400000000001,COMPARABLE,0.41469999999999985,6.4250743678730755,False,0.41469999999999985,6.4250743678730755,False
4,fr2_desk_clean,fr2_desk,clean,resnet_c2f_a_fine04_coarse05,Step-R:new,A,4,5,PASS,6.8354,resnet_direct_fine04,PASS,6.454400000000001,resnet_direct_coarse05,PASS,17.2523,resnet_direct_fine04,6.454400000000001,COMPARABLE,0.38099999999999934,5.902949925632116,False,0.38099999999999934,5.902949925632116,False
4,fr2_desk_clean,fr2_desk,clean,resnet_c2f_a_fine05_coarse01,Step-R:new,A,5,1,PASS,7.693999999999999,resnet_direct_fine05,PASS,6.267499999999999,resnet_direct_coarse01,PASS,16.4851,resnet_direct_fine05,6.267499999999999,COMPARABLE,1.4264999999999999,22.760271240526524,False,1.4264999999999999,22.760271240526524,False
4,fr2_desk_clean,fr2_desk,clean,resnet_c2f_a_fine05_coarse02,Step-R:new,A,5,2,PASS,7.9225,resnet_direct_fine05,PASS,6.267499999999999,resnet_direct_coarse02,PASS,16.5606,resnet_direct_fine05,6.267499999999999,COMPARABLE,1.6550000000000011,26.406063023534127,False,1.6550000000000011,26.406063023534127,False
4,fr2_desk_clean,fr2_desk,clean,resnet_c2f_a_fine05_coarse03,Step-R:new,A,5,3,PASS,7.5999,resnet_direct_fine05,PASS,6.267499999999999,resnet_direct_coarse03,PASS,16.209799999999998,resnet_direct_fine05,6.267499999999999,COMPARABLE,1.3324000000000007,21.258875149581186,False,1.3324000000000007,21.258875149581186,False
4,fr2_desk_clean,fr2_desk,clean,resnet_c2f_a_fine05_coarse04,Step-R:new,A,5,4,PASS,7.696,resnet_direct_fine05,PASS,6.267499999999999,resnet_direct_coarse04,PASS,16.1158,resnet_direct_fine05,6.267499999999999,COMPARABLE,1.4285000000000005,22.792181890706033,False,1.4285000000000005,22.792181890706033,False
4,fr2_desk_clean,fr2_desk,clean,resnet_c2f_a_fine05_coarse05,Step-R:new,A,5,5,PASS,7.651800000000001,resnet_direct_fine05,PASS,6.267499999999999,resnet_direct_coarse05,PASS,17.2523,resnet_direct_fine05,6.267499999999999,COMPARABLE,1.3843000000000014,22.086956521739157,False,1.3843000000000014,22.086956521739157,False
4,fr2_desk_clean,fr2_desk,clean,resnet_c2f_a_fine06_coarse01,Step-R:new,A,6,1,PASS,6.3652,resnet_direct_fine06,PASS,5.96,resnet_direct_coarse01,PASS,16.4851,resnet_direct_fine06,5.96,COMPARABLE,0.4051999999999998,6.798657718120802,False,0.4051999999999998,6.798657718120802,False
4,fr2_desk_clean,fr2_desk,clean,resnet_c2f_a_fine06_coarse02,Step-R:new,A,6,2,PASS,6.482499999999999,resnet_direct_fine06,PASS,5.96,resnet_direct_coarse02,PASS,16.5606,resnet_direct_fine06,5.96,COMPARABLE,0.5224999999999991,8.766778523489917,False,0.5224999999999991,8.766778523489917,False
4,fr2_desk_clean,fr2_desk,clean,resnet_c2f_a_fine06_coarse03,Step-R:new,A,6,3,PASS,6.4026,resnet_direct_fine06,PASS,5.96,resnet_direct_coarse03,PASS,16.209799999999998,resnet_direct_fine06,5.96,COMPARABLE,0.44259999999999966,7.426174496644289,False,0.44259999999999966,7.426174496644289,False
4,fr2_desk_clean,fr2_desk,clean,resnet_c2f_a_fine06_coarse04,Step-R:new,A,6,4,PASS,6.6038,resnet_direct_fine06,PASS,5.96,resnet_direct_coarse04,PASS,16.1158,resnet_direct_fine06,5.96,COMPARABLE,0.6437999999999997,10.802013422818787,False,0.6437999999999997,10.802013422818787,False
4,fr2_desk_clean,fr2_desk,clean,resnet_c2f_a_fine06_coarse05,Step-Q:resnet_c2f_a_f6_c5_positive_synergy,A,6,5,PASS,6.444500000000001,resnet_direct_fine06,PASS,5.96,resnet_direct_coarse05,PASS,17.2523,resnet_direct_fine06,5.96,COMPARABLE,0.4845000000000006,8.129194630872494,False,0.4845000000000006,8.129194630872494,False
4,fr2_desk_clean,fr2_desk,clean,resnet_c2f_b_fine01_coarse01,Step-R:new,B,1,1,PASS,4.5598,resnet_direct_fine01,PASS,4.531000000000001,resnet_direct_coarse01,PASS,16.4851,resnet_direct_fine01,4.531000000000001,COMPARABLE,0.028799999999999493,0.6356212756565767,False,0.028799999999999493,0.6356212756565767,False
4,fr2_desk_clean,fr2_desk,clean,resnet_c2f_b_fine01_coarse02,Step-R:new,B,1,2,PASS,4.5825,resnet_direct_fine01,PASS,4.531000000000001,resnet_direct_coarse02,PASS,16.5606,resnet_direct_fine01,4.531000000000001,COMPARABLE,0.05149999999999899,1.136614433899779,False,0.05149999999999899,1.136614433899779,False
4,fr2_desk_clean,fr2_desk,clean,resnet_c2f_b_fine01_coarse03,Step-R:new,B,1,3,PASS,4.4777,resnet_direct_fine01,PASS,4.531000000000001,resnet_direct_coarse03,PASS,16.209799999999998,resnet_direct_fine01,4.531000000000001,COMPARABLE,-0.05330000000000101,-1.1763407636283603,True,-0.05330000000000101,-1.1763407636283603,True
4,fr2_desk_clean,fr2_desk,clean,resnet_c2f_b_fine01_coarse04,Step-Q:resnet_c2f_b_f1_c4_negative_high_parent,B,1,4,PASS,4.5454,resnet_direct_fine01,PASS,4.531000000000001,resnet_direct_coarse04,PASS,16.1158,resnet_direct_fine01,4.531000000000001,COMPARABLE,0.014399999999999302,0.3178106378282785,False,0.014399999999999302,0.3178106378282785,False
4,fr2_desk_clean,fr2_desk,clean,resnet_c2f_b_fine01_coarse05,Step-R:new,B,1,5,PASS,4.5139,resnet_direct_fine01,PASS,4.531000000000001,resnet_direct_coarse05,PASS,17.2523,resnet_direct_fine01,4.531000000000001,COMPARABLE,-0.017100000000001003,-0.3774001324211212,True,-0.017100000000001003,-0.3774001324211212,True
4,fr2_desk_clean,fr2_desk,clean,resnet_c2f_b_fine02_coarse01,Step-R:new,B,2,1,PASS,5.7844,resnet_direct_fine02,PASS,5.617500000000001,resnet_direct_coarse01,PASS,16.4851,resnet_direct_fine02,5.617500000000001,COMPARABLE,0.16689999999999916,2.971072541165984,False,0.16689999999999916,2.971072541165984,False
4,fr2_desk_clean,fr2_desk,clean,resnet_c2f_b_fine02_coarse02,Step-R:new,B,2,2,PASS,5.7667,resnet_direct_fine02,PASS,5.617500000000001,resnet_direct_coarse02,PASS,16.5606,resnet_direct_fine02,5.617500000000001,COMPARABLE,0.14919999999999956,2.655985758789489,False,0.14919999999999956,2.655985758789489,False
4,fr2_desk_clean,fr2_desk,clean,resnet_c2f_b_fine02_coarse03,Step-R:new,B,2,3,PASS,5.7531,resnet_direct_fine02,PASS,5.617500000000001,resnet_direct_coarse03,PASS,16.209799999999998,resnet_direct_fine02,5.617500000000001,COMPARABLE,0.13559999999999928,2.413885180240307,False,0.13559999999999928,2.413885180240307,False
4,fr2_desk_clean,fr2_desk,clean,resnet_c2f_b_fine02_coarse04,Step-Q:resnet_c2f_b_f2_c4_global_best,B,2,4,PASS,5.738300000000001,resnet_direct_fine02,PASS,5.617500000000001,resnet_direct_coarse04,PASS,16.1158,resnet_direct_fine02,5.617500000000001,COMPARABLE,0.12080000000000002,2.150422785936805,False,0.12080000000000002,2.150422785936805,False
4,fr2_desk_clean,fr2_desk,clean,resnet_c2f_b_fine02_coarse05,Step-R:new,B,2,5,PASS,5.7222,resnet_direct_fine02,PASS,5.617500000000001,resnet_direct_coarse05,PASS,17.2523,resnet_direct_fine02,5.617500000000001,COMPARABLE,0.10469999999999935,1.8638184245660763,False,0.10469999999999935,1.8638184245660763,False
4,fr2_desk_clean,fr2_desk,clean,resnet_c2f_b_fine03_coarse01,Step-R:new,B,3,1,PASS,4.7771,resnet_direct_fine03,PASS,4.6702,resnet_direct_coarse01,PASS,16.4851,resnet_direct_fine03,4.6702,COMPARABLE,0.10689999999999955,2.2889811999486005,False,0.10689999999999955,2.2889811999486005,False
4,fr2_desk_clean,fr2_desk,clean,resnet_c2f_b_fine03_coarse02,Step-R:new,B,3,2,PASS,4.718,resnet_direct_fine03,PASS,4.6702,resnet_direct_coarse02,PASS,16.5606,resnet_direct_fine03,4.6702,COMPARABLE,0.04779999999999962,1.0235107704166764,False,0.04779999999999962,1.0235107704166764,False
4,fr2_desk_clean,fr2_desk,clean,resnet_c2f_b_fine03_coarse03,Step-R:new,B,3,3,PASS,4.7985,resnet_direct_fine03,PASS,4.6702,resnet_direct_coarse03,PASS,16.209799999999998,resnet_direct_fine03,4.6702,COMPARABLE,0.12829999999999941,2.7472056871225945,False,0.12829999999999941,2.7472056871225945,False
4,fr2_desk_clean,fr2_desk,clean,resnet_c2f_b_fine03_coarse04,Step-R:new,B,3,4,PASS,4.7038,resnet_direct_fine03,PASS,4.6702,resnet_direct_coarse04,PASS,16.1158,resnet_direct_fine03,4.6702,COMPARABLE,0.03359999999999985,0.7194552695815993,False,0.03359999999999985,0.7194552695815993,False
4,fr2_desk_clean,fr2_desk,clean,resnet_c2f_b_fine03_coarse05,Step-R:new,B,3,5,PASS,4.6686,resnet_direct_fine03,PASS,4.6702,resnet_direct_coarse05,PASS,17.2523,resnet_direct_fine03,4.6702,COMPARABLE,-0.001600000000000712,-0.03425977474199631,True,-0.001600000000000712,-0.03425977474199631,True
4,fr2_desk_clean,fr2_desk,clean,resnet_c2f_b_fine04_coarse01,Step-R:new,B,4,1,PASS,6.4094,resnet_direct_fine04,PASS,6.454400000000001,resnet_direct_coarse01,PASS,16.4851,resnet_direct_fine04,6.454400000000001,COMPARABLE,-0.04500000000000082,-0.6971988101140434,True,-0.04500000000000082,-0.6971988101140434,True
4,fr2_desk_clean,fr2_desk,clean,resnet_c2f_b_fine04_coarse02,Step-R:new,B,4,2,PASS,6.414499999999999,resnet_direct_fine04,PASS,6.454400000000001,resnet_direct_coarse02,PASS,16.5606,resnet_direct_fine04,6.454400000000001,COMPARABLE,-0.03990000000000116,-0.6181829449677918,True,-0.03990000000000116,-0.6181829449677918,True
4,fr2_desk_clean,fr2_desk,clean,resnet_c2f_b_fine04_coarse03,Step-R:new,B,4,3,PASS,6.4335,resnet_direct_fine04,PASS,6.454400000000001,resnet_direct_coarse03,PASS,16.209799999999998,resnet_direct_fine04,6.454400000000001,COMPARABLE,-0.02090000000000014,-0.3238101140307409,True,-0.02090000000000014,-0.3238101140307409,True
4,fr2_desk_clean,fr2_desk,clean,resnet_c2f_b_fine04_coarse04,Step-R:new,B,4,4,PASS,6.428399999999999,resnet_direct_fine04,PASS,6.454400000000001,resnet_direct_coarse04,PASS,16.1158,resnet_direct_fine04,6.454400000000001,COMPARABLE,-0.026000000000001577,-0.40282597917701995,True,-0.026000000000001577,-0.40282597917701995,True
4,fr2_desk_clean,fr2_desk,clean,resnet_c2f_b_fine04_coarse05,Step-R:new,B,4,5,PASS,6.4194,resnet_direct_fine04,PASS,6.454400000000001,resnet_direct_coarse05,PASS,17.2523,resnet_direct_fine04,6.454400000000001,COMPARABLE,-0.03500000000000014,-0.5422657411998039,True,-0.03500000000000014,-0.5422657411998039,True
4,fr2_desk_clean,fr2_desk,clean,resnet_c2f_b_fine05_coarse01,Step-R:new,B,5,1,PASS,6.6132,resnet_direct_fine05,PASS,6.267499999999999,resnet_direct_coarse01,PASS,16.4851,resnet_direct_fine05,6.267499999999999,COMPARABLE,0.3457000000000008,5.51575588352614,False,0.3457000000000008,5.51575588352614,False
4,fr2_desk_clean,fr2_desk,clean,resnet_c2f_b_fine05_coarse02,Step-R:new,B,5,2,PASS,6.558999999999999,resnet_direct_fine05,PASS,6.267499999999999,resnet_direct_coarse02,PASS,16.5606,resnet_direct_fine05,6.267499999999999,COMPARABLE,0.2915000000000001,4.6509772636617495,False,0.2915000000000001,4.6509772636617495,False
4,fr2_desk_clean,fr2_desk,clean,resnet_c2f_b_fine05_coarse03,Step-R:new,B,5,3,PASS,6.3292,resnet_direct_fine05,PASS,6.267499999999999,resnet_direct_coarse03,PASS,16.209799999999998,resnet_direct_fine05,6.267499999999999,COMPARABLE,0.061700000000000976,0.9844435580375107,False,0.061700000000000976,0.9844435580375107,False
4,fr2_desk_clean,fr2_desk,clean,resnet_c2f_b_fine05_coarse04,Step-R:new,B,5,4,PASS,6.271100000000001,resnet_direct_fine05,PASS,6.267499999999999,resnet_direct_coarse04,PASS,16.1158,resnet_direct_fine05,6.267499999999999,COMPARABLE,0.00360000000000138,0.05743917032311736,False,0.00360000000000138,0.05743917032311736,False
4,fr2_desk_clean,fr2_desk,clean,resnet_c2f_b_fine05_coarse05,Step-R:new,B,5,5,PASS,6.358700000000001,resnet_direct_fine05,PASS,6.267499999999999,resnet_direct_coarse05,PASS,17.2523,resnet_direct_fine05,6.267499999999999,COMPARABLE,0.0912000000000015,1.455125648185106,False,0.0912000000000015,1.455125648185106,False
4,fr2_desk_clean,fr2_desk,clean,resnet_c2f_b_fine06_coarse01,Step-R:new,B,6,1,PASS,5.9586,resnet_direct_fine06,PASS,5.96,resnet_direct_coarse01,PASS,16.4851,resnet_direct_fine06,5.96,COMPARABLE,-0.00140000000000029,-0.023489932885910905,True,-0.00140000000000029,-0.023489932885910905,True
4,fr2_desk_clean,fr2_desk,clean,resnet_c2f_b_fine06_coarse02,Step-R:new,B,6,2,PASS,5.949,resnet_direct_fine06,PASS,5.96,resnet_direct_coarse02,PASS,16.5606,resnet_direct_fine06,5.96,COMPARABLE,-0.01100000000000012,-0.18456375838926378,True,-0.01100000000000012,-0.18456375838926378,True
4,fr2_desk_clean,fr2_desk,clean,resnet_c2f_b_fine06_coarse03,Step-R:new,B,6,3,PASS,5.9594000000000005,resnet_direct_fine06,PASS,5.96,resnet_direct_coarse03,PASS,16.209799999999998,resnet_direct_fine06,5.96,COMPARABLE,-0.0005999999999994898,-0.010067114093951172,True,-0.0005999999999994898,-0.010067114093951172,True
4,fr2_desk_clean,fr2_desk,clean,resnet_c2f_b_fine06_coarse04,Step-R:new,B,6,4,PASS,5.9589,resnet_direct_fine06,PASS,5.96,resnet_direct_coarse04,PASS,16.1158,resnet_direct_fine06,5.96,COMPARABLE,-0.001100000000000101,-0.01845637583892787,True,-0.001100000000000101,-0.01845637583892787,True
4,fr2_desk_clean,fr2_desk,clean,resnet_c2f_b_fine06_coarse05,Step-R:new,B,6,5,PASS,5.9663,resnet_direct_fine06,PASS,5.96,resnet_direct_coarse05,PASS,17.2523,resnet_direct_fine06,5.96,COMPARABLE,0.006300000000000416,0.10570469798658416,False,0.006300000000000416,0.10570469798658416,False
5,fr2_desk_lightswitch,fr2_desk,lightswitch,resnet_c2f_a_fine01_coarse01,Step-R:new,A,1,1,FAIL_TRACKING_NAN,,resnet_direct_fine01,FAIL_TRACKING_NAN,,resnet_direct_coarse01,PASS,18.013299999999997,,,C2F_NONPASS,,,False,,,False
5,fr2_desk_lightswitch,fr2_desk,lightswitch,resnet_c2f_a_fine01_coarse02,Step-R:new,A,1,2,FAIL_TRACKING_NAN,,resnet_direct_fine01,FAIL_TRACKING_NAN,,resnet_direct_coarse02,PASS,18.2266,,,C2F_NONPASS,,,False,,,False
5,fr2_desk_lightswitch,fr2_desk,lightswitch,resnet_c2f_a_fine01_coarse03,Step-R:new,A,1,3,FAIL_TRACKING_NAN,,resnet_direct_fine01,FAIL_TRACKING_NAN,,resnet_direct_coarse03,PASS,17.4085,,,C2F_NONPASS,,,False,,,False
5,fr2_desk_lightswitch,fr2_desk,lightswitch,resnet_c2f_a_fine01_coarse04,Step-R:new,A,1,4,FAIL_TRACKING_NAN,,resnet_direct_fine01,FAIL_TRACKING_NAN,,resnet_direct_coarse04,PASS,16.007199999999997,,,C2F_NONPASS,,,False,,,False
5,fr2_desk_lightswitch,fr2_desk,lightswitch,resnet_c2f_a_fine01_coarse05,Step-R:new,A,1,5,FAIL_TRACKING_NAN,,resnet_direct_fine01,FAIL_TRACKING_NAN,,resnet_direct_coarse05,PASS,17.2379,,,C2F_NONPASS,,,False,,,False
5,fr2_desk_lightswitch,fr2_desk,lightswitch,resnet_c2f_a_fine02_coarse01,Step-R:new,A,2,1,PASS,7.972899999999999,resnet_direct_fine02,PASS,7.4655,resnet_direct_coarse01,PASS,18.013299999999997,resnet_direct_fine02,7.4655,COMPARABLE,0.5073999999999996,6.796597682673628,False,0.5073999999999996,6.796597682673628,False
5,fr2_desk_lightswitch,fr2_desk,lightswitch,resnet_c2f_a_fine02_coarse02,Step-R:new,A,2,2,PASS,7.568,resnet_direct_fine02,PASS,7.4655,resnet_direct_coarse02,PASS,18.2266,resnet_direct_fine02,7.4655,COMPARABLE,0.10250000000000004,1.372982385640614,False,0.10250000000000004,1.372982385640614,False
5,fr2_desk_lightswitch,fr2_desk,lightswitch,resnet_c2f_a_fine02_coarse03,Step-R:new,A,2,3,PASS,7.7378,resnet_direct_fine02,PASS,7.4655,resnet_direct_coarse03,PASS,17.4085,resnet_direct_fine02,7.4655,COMPARABLE,0.27230000000000043,3.6474449132677043,False,0.27230000000000043,3.6474449132677043,False
5,fr2_desk_lightswitch,fr2_desk,lightswitch,resnet_c2f_a_fine02_coarse04,Step-Q:resnet_c2f_a_f2_c4_variant_negative,A,2,4,PASS,7.0937,resnet_direct_fine02,PASS,7.4655,resnet_direct_coarse04,PASS,16.007199999999997,resnet_direct_fine02,7.4655,COMPARABLE,-0.37179999999999946,-4.980242448596872,True,-0.37179999999999946,-4.980242448596872,True
5,fr2_desk_lightswitch,fr2_desk,lightswitch,resnet_c2f_a_fine02_coarse05,Step-R:new,A,2,5,PASS,7.6444,resnet_direct_fine02,PASS,7.4655,resnet_direct_coarse05,PASS,17.2379,resnet_direct_fine02,7.4655,COMPARABLE,0.1789000000000005,2.3963565735717705,False,0.1789000000000005,2.3963565735717705,False
5,fr2_desk_lightswitch,fr2_desk,lightswitch,resnet_c2f_a_fine03_coarse01,Step-R:new,A,3,1,PASS,6.316199999999999,resnet_direct_fine03,PASS,5.7481,resnet_direct_coarse01,PASS,18.013299999999997,resnet_direct_fine03,5.7481,COMPARABLE,0.5680999999999994,9.883265774777742,False,0.5680999999999994,9.883265774777742,False
5,fr2_desk_lightswitch,fr2_desk,lightswitch,resnet_c2f_a_fine03_coarse02,Step-R:new,A,3,2,PASS,6.3721,resnet_direct_fine03,PASS,5.7481,resnet_direct_coarse02,PASS,18.2266,resnet_direct_fine03,5.7481,COMPARABLE,0.6239999999999997,10.855761034080821,False,0.6239999999999997,10.855761034080821,False
5,fr2_desk_lightswitch,fr2_desk,lightswitch,resnet_c2f_a_fine03_coarse03,Step-R:new,A,3,3,PASS,6.3774,resnet_direct_fine03,PASS,5.7481,resnet_direct_coarse03,PASS,17.4085,resnet_direct_fine03,5.7481,COMPARABLE,0.6292999999999997,10.947965414658754,False,0.6292999999999997,10.947965414658754,False
5,fr2_desk_lightswitch,fr2_desk,lightswitch,resnet_c2f_a_fine03_coarse04,Step-R:new,A,3,4,PASS,6.1549,resnet_direct_fine03,PASS,5.7481,resnet_direct_coarse04,PASS,16.007199999999997,resnet_direct_fine03,5.7481,COMPARABLE,0.4067999999999996,7.07712113567961,False,0.4067999999999996,7.07712113567961,False
5,fr2_desk_lightswitch,fr2_desk,lightswitch,resnet_c2f_a_fine03_coarse05,Step-R:new,A,3,5,PASS,6.168,resnet_direct_fine03,PASS,5.7481,resnet_direct_coarse05,PASS,17.2379,resnet_direct_fine03,5.7481,COMPARABLE,0.41990000000000016,7.305022529183559,False,0.41990000000000016,7.305022529183559,False
5,fr2_desk_lightswitch,fr2_desk,lightswitch,resnet_c2f_a_fine04_coarse01,Step-R:new,A,4,1,PASS,8.2339,resnet_direct_fine04,PASS,10.5973,resnet_direct_coarse01,PASS,18.013299999999997,resnet_direct_fine04,10.5973,COMPARABLE,-2.3634000000000004,-22.30190708954168,True,-2.3634000000000004,-22.30190708954168,True
5,fr2_desk_lightswitch,fr2_desk,lightswitch,resnet_c2f_a_fine04_coarse02,Step-R:new,A,4,2,PASS,8.2838,resnet_direct_fine04,PASS,10.5973,resnet_direct_coarse02,PASS,18.2266,resnet_direct_fine04,10.5973,COMPARABLE,-2.3135000000000012,-21.831032432789495,True,-2.3135000000000012,-21.831032432789495,True
5,fr2_desk_lightswitch,fr2_desk,lightswitch,resnet_c2f_a_fine04_coarse03,Step-R:new,A,4,3,PASS,8.2388,resnet_direct_fine04,PASS,10.5973,resnet_direct_coarse03,PASS,17.4085,resnet_direct_fine04,10.5973,COMPARABLE,-2.358500000000001,-22.255668896794475,True,-2.358500000000001,-22.255668896794475,True
5,fr2_desk_lightswitch,fr2_desk,lightswitch,resnet_c2f_a_fine04_coarse04,Step-R:new,A,4,4,FAIL_TRACKING_NAN,,resnet_direct_fine04,PASS,10.5973,resnet_direct_coarse04,PASS,16.007199999999997,resnet_direct_fine04,10.5973,C2F_NONPASS,,,False,,,False
5,fr2_desk_lightswitch,fr2_desk,lightswitch,resnet_c2f_a_fine04_coarse05,Step-R:new,A,4,5,PASS,7.992000000000001,resnet_direct_fine04,PASS,10.5973,resnet_direct_coarse05,PASS,17.2379,resnet_direct_fine04,10.5973,COMPARABLE,-2.6052999999999997,-24.584563992715122,True,-2.6052999999999997,-24.584563992715122,True
5,fr2_desk_lightswitch,fr2_desk,lightswitch,resnet_c2f_a_fine05_coarse01,Step-R:new,A,5,1,PASS,8.288,resnet_direct_fine05,PASS,7.9762,resnet_direct_coarse01,PASS,18.013299999999997,resnet_direct_fine05,7.9762,COMPARABLE,0.31179999999999986,3.909129660740702,False,0.31179999999999986,3.909129660740702,False
5,fr2_desk_lightswitch,fr2_desk,lightswitch,resnet_c2f_a_fine05_coarse02,Step-R:new,A,5,2,PASS,8.4551,resnet_direct_fine05,PASS,7.9762,resnet_direct_coarse02,PASS,18.2266,resnet_direct_fine05,7.9762,COMPARABLE,0.47889999999999944,6.004112233895833,False,0.47889999999999944,6.004112233895833,False
5,fr2_desk_lightswitch,fr2_desk,lightswitch,resnet_c2f_a_fine05_coarse03,Step-R:new,A,5,3,PASS,8.449,resnet_direct_fine05,PASS,7.9762,resnet_direct_coarse03,PASS,17.4085,resnet_direct_fine05,7.9762,COMPARABLE,0.47279999999999944,5.927634713271977,False,0.47279999999999944,5.927634713271977,False
5,fr2_desk_lightswitch,fr2_desk,lightswitch,resnet_c2f_a_fine05_coarse04,Step-R:new,A,5,4,PASS,8.017900000000001,resnet_direct_fine05,PASS,7.9762,resnet_direct_coarse04,PASS,16.007199999999997,resnet_direct_fine05,7.9762,COMPARABLE,0.041700000000000514,0.522805345904071,False,0.041700000000000514,0.522805345904071,False
5,fr2_desk_lightswitch,fr2_desk,lightswitch,resnet_c2f_a_fine05_coarse05,Step-R:new,A,5,5,PASS,7.7634,resnet_direct_fine05,PASS,7.9762,resnet_direct_coarse05,PASS,17.2379,resnet_direct_fine05,7.9762,COMPARABLE,-0.21280000000000054,-2.667937112910917,True,-0.21280000000000054,-2.667937112910917,True
5,fr2_desk_lightswitch,fr2_desk,lightswitch,resnet_c2f_a_fine06_coarse01,Step-R:new,A,6,1,FAIL_TRACKING_NAN,,resnet_direct_fine06,PASS,25.865199999999998,resnet_direct_coarse01,PASS,18.013299999999997,resnet_direct_coarse01,18.013299999999997,C2F_NONPASS,,,False,,,False
5,fr2_desk_lightswitch,fr2_desk,lightswitch,resnet_c2f_a_fine06_coarse02,Step-R:new,A,6,2,FAIL_TRACKING_NAN,,resnet_direct_fine06,PASS,25.865199999999998,resnet_direct_coarse02,PASS,18.2266,resnet_direct_coarse02,18.2266,C2F_NONPASS,,,False,,,False
5,fr2_desk_lightswitch,fr2_desk,lightswitch,resnet_c2f_a_fine06_coarse03,Step-R:new,A,6,3,FAIL_TRACKING_NAN,,resnet_direct_fine06,PASS,25.865199999999998,resnet_direct_coarse03,PASS,17.4085,resnet_direct_coarse03,17.4085,C2F_NONPASS,,,False,,,False
5,fr2_desk_lightswitch,fr2_desk,lightswitch,resnet_c2f_a_fine06_coarse04,Step-R:new,A,6,4,FAIL_TRACKING_NAN,,resnet_direct_fine06,PASS,25.865199999999998,resnet_direct_coarse04,PASS,16.007199999999997,resnet_direct_coarse04,16.007199999999997,C2F_NONPASS,,,False,,,False
5,fr2_desk_lightswitch,fr2_desk,lightswitch,resnet_c2f_a_fine06_coarse05,Step-Q:resnet_c2f_a_f6_c5_positive_synergy,A,6,5,FAIL_TRACKING_NAN,,resnet_direct_fine06,PASS,25.865199999999998,resnet_direct_coarse05,PASS,17.2379,resnet_direct_coarse05,17.2379,C2F_NONPASS,,,False,,,False
5,fr2_desk_lightswitch,fr2_desk,lightswitch,resnet_c2f_b_fine01_coarse01,Step-R:new,B,1,1,FAIL_TRACKING_NAN,,resnet_direct_fine01,FAIL_TRACKING_NAN,,resnet_direct_coarse01,PASS,18.013299999999997,,,C2F_NONPASS,,,False,,,False
5,fr2_desk_lightswitch,fr2_desk,lightswitch,resnet_c2f_b_fine01_coarse02,Step-R:new,B,1,2,FAIL_TRACKING_NAN,,resnet_direct_fine01,FAIL_TRACKING_NAN,,resnet_direct_coarse02,PASS,18.2266,,,C2F_NONPASS,,,False,,,False
5,fr2_desk_lightswitch,fr2_desk,lightswitch,resnet_c2f_b_fine01_coarse03,Step-R:new,B,1,3,FAIL_TRACKING_NAN,,resnet_direct_fine01,FAIL_TRACKING_NAN,,resnet_direct_coarse03,PASS,17.4085,,,C2F_NONPASS,,,False,,,False
5,fr2_desk_lightswitch,fr2_desk,lightswitch,resnet_c2f_b_fine01_coarse04,Step-Q:resnet_c2f_b_f1_c4_negative_high_parent,B,1,4,FAIL_TRACKING_NAN,,resnet_direct_fine01,FAIL_TRACKING_NAN,,resnet_direct_coarse04,PASS,16.007199999999997,,,C2F_NONPASS,,,False,,,False
5,fr2_desk_lightswitch,fr2_desk,lightswitch,resnet_c2f_b_fine01_coarse05,Step-R:new,B,1,5,FAIL_TRACKING_NAN,,resnet_direct_fine01,FAIL_TRACKING_NAN,,resnet_direct_coarse05,PASS,17.2379,,,C2F_NONPASS,,,False,,,False
5,fr2_desk_lightswitch,fr2_desk,lightswitch,resnet_c2f_b_fine02_coarse01,Step-R:new,B,2,1,PASS,6.8361,resnet_direct_fine02,PASS,7.4655,resnet_direct_coarse01,PASS,18.013299999999997,resnet_direct_fine02,7.4655,COMPARABLE,-0.6293999999999995,-8.430781595338551,True,-0.6293999999999995,-8.430781595338551,True
5,fr2_desk_lightswitch,fr2_desk,lightswitch,resnet_c2f_b_fine02_coarse02,Step-R:new,B,2,2,PASS,7.0117,resnet_direct_fine02,PASS,7.4655,resnet_direct_coarse02,PASS,18.2266,resnet_direct_fine02,7.4655,COMPARABLE,-0.4537999999999993,-6.078628357109361,True,-0.4537999999999993,-6.078628357109361,True
5,fr2_desk_lightswitch,fr2_desk,lightswitch,resnet_c2f_b_fine02_coarse03,Step-R:new,B,2,3,PASS,6.984999999999999,resnet_direct_fine02,PASS,7.4655,resnet_direct_coarse03,PASS,17.4085,resnet_direct_fine02,7.4655,COMPARABLE,-0.48050000000000015,-6.436273524881122,True,-0.48050000000000015,-6.436273524881122,True
5,fr2_desk_lightswitch,fr2_desk,lightswitch,resnet_c2f_b_fine02_coarse04,Step-Q:resnet_c2f_b_f2_c4_global_best,B,2,4,PASS,6.5996,resnet_direct_fine02,PASS,7.4655,resnet_direct_coarse04,PASS,16.007199999999997,resnet_direct_fine02,7.4655,COMPARABLE,-0.8658999999999999,-11.598687294889826,True,-0.8658999999999999,-11.598687294889826,True
5,fr2_desk_lightswitch,fr2_desk,lightswitch,resnet_c2f_b_fine02_coarse05,Step-R:new,B,2,5,PASS,6.8548,resnet_direct_fine02,PASS,7.4655,resnet_direct_coarse05,PASS,17.2379,resnet_direct_fine02,7.4655,COMPARABLE,-0.6106999999999996,-8.180296028397288,True,-0.6106999999999996,-8.180296028397288,True
5,fr2_desk_lightswitch,fr2_desk,lightswitch,resnet_c2f_b_fine03_coarse01,Step-R:new,B,3,1,PASS,5.4463,resnet_direct_fine03,PASS,5.7481,resnet_direct_coarse01,PASS,18.013299999999997,resnet_direct_fine03,5.7481,COMPARABLE,-0.30180000000000007,-5.250430577060247,True,-0.30180000000000007,-5.250430577060247,True
5,fr2_desk_lightswitch,fr2_desk,lightswitch,resnet_c2f_b_fine03_coarse02,Step-R:new,B,3,2,PASS,5.4583,resnet_direct_fine03,PASS,5.7481,resnet_direct_coarse02,PASS,18.2266,resnet_direct_fine03,5.7481,COMPARABLE,-0.2897999999999996,-5.0416659417894545,True,-0.2897999999999996,-5.0416659417894545,True
5,fr2_desk_lightswitch,fr2_desk,lightswitch,resnet_c2f_b_fine03_coarse03,Step-R:new,B,3,3,PASS,5.4346,resnet_direct_fine03,PASS,5.7481,resnet_direct_coarse03,PASS,17.4085,resnet_direct_fine03,5.7481,COMPARABLE,-0.31350000000000033,-5.453976096449267,True,-0.31350000000000033,-5.453976096449267,True
5,fr2_desk_lightswitch,fr2_desk,lightswitch,resnet_c2f_b_fine03_coarse04,Step-R:new,B,3,4,PASS,5.3847,resnet_direct_fine03,PASS,5.7481,resnet_direct_coarse04,PASS,16.007199999999997,resnet_direct_fine03,5.7481,COMPARABLE,-0.3634000000000004,-6.32208903811695,True,-0.3634000000000004,-6.32208903811695,True
5,fr2_desk_lightswitch,fr2_desk,lightswitch,resnet_c2f_b_fine03_coarse05,Step-R:new,B,3,5,PASS,5.4761,resnet_direct_fine03,PASS,5.7481,resnet_direct_coarse05,PASS,17.2379,resnet_direct_fine03,5.7481,COMPARABLE,-0.27200000000000024,-4.731998399471133,True,-0.27200000000000024,-4.731998399471133,True
5,fr2_desk_lightswitch,fr2_desk,lightswitch,resnet_c2f_b_fine04_coarse01,Step-R:new,B,4,1,PASS,8.2813,resnet_direct_fine04,PASS,10.5973,resnet_direct_coarse01,PASS,18.013299999999997,resnet_direct_fine04,10.5973,COMPARABLE,-2.3160000000000007,-21.854623347456435,True,-2.3160000000000007,-21.854623347456435,True
5,fr2_desk_lightswitch,fr2_desk,lightswitch,resnet_c2f_b_fine04_coarse02,Step-R:new,B,4,2,PASS,8.3345,resnet_direct_fine04,PASS,10.5973,resnet_direct_coarse02,PASS,18.2266,resnet_direct_fine04,10.5973,COMPARABLE,-2.2628000000000004,-21.35260868334387,True,-2.2628000000000004,-21.35260868334387,True
5,fr2_desk_lightswitch,fr2_desk,lightswitch,resnet_c2f_b_fine04_coarse03,Step-R:new,B,4,3,PASS,8.7099,resnet_direct_fine04,PASS,10.5973,resnet_direct_coarse03,PASS,17.4085,resnet_direct_fine04,10.5973,COMPARABLE,-1.8874000000000013,-17.81019693695565,True,-1.8874000000000013,-17.81019693695565,True
5,fr2_desk_lightswitch,fr2_desk,lightswitch,resnet_c2f_b_fine04_coarse04,Step-R:new,B,4,4,PASS,8.326500000000001,resnet_direct_fine04,PASS,10.5973,resnet_direct_coarse04,PASS,16.007199999999997,resnet_direct_fine04,10.5973,COMPARABLE,-2.2707999999999995,-21.428099610278085,True,-2.2707999999999995,-21.428099610278085,True
5,fr2_desk_lightswitch,fr2_desk,lightswitch,resnet_c2f_b_fine04_coarse05,Step-R:new,B,4,5,PASS,8.1554,resnet_direct_fine04,PASS,10.5973,resnet_direct_coarse05,PASS,17.2379,resnet_direct_fine04,10.5973,COMPARABLE,-2.4419000000000004,-23.042661810083704,True,-2.4419000000000004,-23.042661810083704,True
5,fr2_desk_lightswitch,fr2_desk,lightswitch,resnet_c2f_b_fine05_coarse01,Step-R:new,B,5,1,PASS,7.3954,resnet_direct_fine05,PASS,7.9762,resnet_direct_coarse01,PASS,18.013299999999997,resnet_direct_fine05,7.9762,COMPARABLE,-0.5808,-7.2816629472681225,True,-0.5808,-7.2816629472681225,True
5,fr2_desk_lightswitch,fr2_desk,lightswitch,resnet_c2f_b_fine05_coarse02,Step-R:new,B,5,2,PASS,7.328600000000001,resnet_direct_fine05,PASS,7.9762,resnet_direct_coarse02,PASS,18.2266,resnet_direct_fine05,7.9762,COMPARABLE,-0.6475999999999997,-8.119154484591657,True,-0.6475999999999997,-8.119154484591657,True
5,fr2_desk_lightswitch,fr2_desk,lightswitch,resnet_c2f_b_fine05_coarse03,Step-R:new,B,5,3,PASS,7.3159,resnet_direct_fine05,PASS,7.9762,resnet_direct_coarse03,PASS,17.4085,resnet_direct_fine05,7.9762,COMPARABLE,-0.6603000000000003,-8.27837817507084,True,-0.6603000000000003,-8.27837817507084,True
5,fr2_desk_lightswitch,fr2_desk,lightswitch,resnet_c2f_b_fine05_coarse04,Step-R:new,B,5,4,PASS,6.9079,resnet_direct_fine05,PASS,7.9762,resnet_direct_coarse04,PASS,16.007199999999997,resnet_direct_fine05,7.9762,COMPARABLE,-1.0683000000000007,-13.393595947945144,True,-1.0683000000000007,-13.393595947945144,True
5,fr2_desk_lightswitch,fr2_desk,lightswitch,resnet_c2f_b_fine05_coarse05,Step-R:new,B,5,5,PASS,7.0142,resnet_direct_fine05,PASS,7.9762,resnet_direct_coarse05,PASS,17.2379,resnet_direct_fine05,7.9762,COMPARABLE,-0.9620000000000006,-12.060881121335981,True,-0.9620000000000006,-12.060881121335981,True
5,fr2_desk_lightswitch,fr2_desk,lightswitch,resnet_c2f_b_fine06_coarse01,Step-R:new,B,6,1,FAIL_TRACKING_NAN,,resnet_direct_fine06,PASS,25.865199999999998,resnet_direct_coarse01,PASS,18.013299999999997,resnet_direct_coarse01,18.013299999999997,C2F_NONPASS,,,False,,,False
5,fr2_desk_lightswitch,fr2_desk,lightswitch,resnet_c2f_b_fine06_coarse02,Step-R:new,B,6,2,FAIL_TRACKING_NAN,,resnet_direct_fine06,PASS,25.865199999999998,resnet_direct_coarse02,PASS,18.2266,resnet_direct_coarse02,18.2266,C2F_NONPASS,,,False,,,False
5,fr2_desk_lightswitch,fr2_desk,lightswitch,resnet_c2f_b_fine06_coarse03,Step-R:new,B,6,3,FAIL_TRACKING_NAN,,resnet_direct_fine06,PASS,25.865199999999998,resnet_direct_coarse03,PASS,17.4085,resnet_direct_coarse03,17.4085,C2F_NONPASS,,,False,,,False
5,fr2_desk_lightswitch,fr2_desk,lightswitch,resnet_c2f_b_fine06_coarse04,Step-R:new,B,6,4,FAIL_TRACKING_NAN,,resnet_direct_fine06,PASS,25.865199999999998,resnet_direct_coarse04,PASS,16.007199999999997,resnet_direct_coarse04,16.007199999999997,C2F_NONPASS,,,False,,,False
5,fr2_desk_lightswitch,fr2_desk,lightswitch,resnet_c2f_b_fine06_coarse05,Step-R:new,B,6,5,FAIL_TRACKING_NAN,,resnet_direct_fine06,PASS,25.865199999999998,resnet_direct_coarse05,PASS,17.2379,resnet_direct_coarse05,17.2379,C2F_NONPASS,,,False,,,False
6,fr2_desk_flashlight,fr2_desk,flashlight,resnet_c2f_a_fine01_coarse01,Step-R:new,A,1,1,PASS,5.3049,resnet_direct_fine01,PASS,4.6507,resnet_direct_coarse01,PASS,16.7406,resnet_direct_fine01,4.6507,COMPARABLE,0.6542000000000003,14.066699636613851,False,0.6542000000000003,14.066699636613851,False
6,fr2_desk_flashlight,fr2_desk,flashlight,resnet_c2f_a_fine01_coarse02,Step-R:new,A,1,2,PASS,5.4214,resnet_direct_fine01,PASS,4.6507,resnet_direct_coarse02,PASS,17.8252,resnet_direct_fine01,4.6507,COMPARABLE,0.7707000000000006,16.571698884038977,False,0.7707000000000006,16.571698884038977,False
6,fr2_desk_flashlight,fr2_desk,flashlight,resnet_c2f_a_fine01_coarse03,Step-R:new,A,1,3,PASS,5.2646,resnet_direct_fine01,PASS,4.6507,resnet_direct_coarse03,PASS,16.6129,resnet_direct_fine01,4.6507,COMPARABLE,0.6139000000000001,13.200163416259922,False,0.6139000000000001,13.200163416259922,False
6,fr2_desk_flashlight,fr2_desk,flashlight,resnet_c2f_a_fine01_coarse04,Step-R:new,A,1,4,PASS,5.4624,resnet_direct_fine01,PASS,4.6507,resnet_direct_coarse04,PASS,17.0487,resnet_direct_fine01,4.6507,COMPARABLE,0.8117000000000001,17.453286602016906,False,0.8117000000000001,17.453286602016906,False
6,fr2_desk_flashlight,fr2_desk,flashlight,resnet_c2f_a_fine01_coarse05,Step-R:new,A,1,5,PASS,5.210299999999999,resnet_direct_fine01,PASS,4.6507,resnet_direct_coarse05,PASS,16.6514,resnet_direct_fine01,4.6507,COMPARABLE,0.5595999999999997,12.032597243425714,False,0.5595999999999997,12.032597243425714,False
6,fr2_desk_flashlight,fr2_desk,flashlight,resnet_c2f_a_fine02_coarse01,Step-R:new,A,2,1,PASS,6.769699999999999,resnet_direct_fine02,PASS,5.8846,resnet_direct_coarse01,PASS,16.7406,resnet_direct_fine02,5.8846,COMPARABLE,0.8850999999999996,15.040954355436217,False,0.8850999999999996,15.040954355436217,False
6,fr2_desk_flashlight,fr2_desk,flashlight,resnet_c2f_a_fine02_coarse02,Step-R:new,A,2,2,PASS,6.6943,resnet_direct_fine02,PASS,5.8846,resnet_direct_coarse02,PASS,17.8252,resnet_direct_fine02,5.8846,COMPARABLE,0.8097000000000003,13.759643816062269,False,0.8097000000000003,13.759643816062269,False
6,fr2_desk_flashlight,fr2_desk,flashlight,resnet_c2f_a_fine02_coarse03,Step-R:new,A,2,3,PASS,6.4219,resnet_direct_fine02,PASS,5.8846,resnet_direct_coarse03,PASS,16.6129,resnet_direct_fine02,5.8846,COMPARABLE,0.5373000000000001,9.130612106175443,False,0.5373000000000001,9.130612106175443,False
6,fr2_desk_flashlight,fr2_desk,flashlight,resnet_c2f_a_fine02_coarse04,Step-Q:resnet_c2f_a_f2_c4_variant_negative,A,2,4,PASS,6.5081,resnet_direct_fine02,PASS,5.8846,resnet_direct_coarse04,PASS,17.0487,resnet_direct_fine02,5.8846,COMPARABLE,0.6234999999999999,10.595452537130816,False,0.6234999999999999,10.595452537130816,False
6,fr2_desk_flashlight,fr2_desk,flashlight,resnet_c2f_a_fine02_coarse05,Step-R:new,A,2,5,PASS,6.6567,resnet_direct_fine02,PASS,5.8846,resnet_direct_coarse05,PASS,16.6514,resnet_direct_fine02,5.8846,COMPARABLE,0.7721,13.120687897223263,False,0.7721,13.120687897223263,False
6,fr2_desk_flashlight,fr2_desk,flashlight,resnet_c2f_a_fine03_coarse01,Step-R:new,A,3,1,PASS,5.589,resnet_direct_fine03,PASS,4.8911999999999995,resnet_direct_coarse01,PASS,16.7406,resnet_direct_fine03,4.8911999999999995,COMPARABLE,0.6978000000000009,14.266437684003945,False,0.6978000000000009,14.266437684003945,False
6,fr2_desk_flashlight,fr2_desk,flashlight,resnet_c2f_a_fine03_coarse02,Step-R:new,A,3,2,PASS,5.646199999999999,resnet_direct_fine03,PASS,4.8911999999999995,resnet_direct_coarse02,PASS,17.8252,resnet_direct_fine03,4.8911999999999995,COMPARABLE,0.7549999999999999,15.435884854432448,False,0.7549999999999999,15.435884854432448,False
6,fr2_desk_flashlight,fr2_desk,flashlight,resnet_c2f_a_fine03_coarse03,Step-R:new,A,3,3,PASS,5.4995,resnet_direct_fine03,PASS,4.8911999999999995,resnet_direct_coarse03,PASS,16.6129,resnet_direct_fine03,4.8911999999999995,COMPARABLE,0.6083000000000007,12.436620870134133,False,0.6083000000000007,12.436620870134133,False
6,fr2_desk_flashlight,fr2_desk,flashlight,resnet_c2f_a_fine03_coarse04,Step-R:new,A,3,4,PASS,5.5403,resnet_direct_fine03,PASS,4.8911999999999995,resnet_direct_coarse04,PASS,17.0487,resnet_direct_fine03,4.8911999999999995,COMPARABLE,0.6491000000000007,13.270771998691544,False,0.6491000000000007,13.270771998691544,False
6,fr2_desk_flashlight,fr2_desk,flashlight,resnet_c2f_a_fine03_coarse05,Step-R:new,A,3,5,PASS,5.5208,resnet_direct_fine03,PASS,4.8911999999999995,resnet_direct_coarse05,PASS,16.6514,resnet_direct_fine03,4.8911999999999995,COMPARABLE,0.6296000000000008,12.872096826954548,False,0.6296000000000008,12.872096826954548,False
6,fr2_desk_flashlight,fr2_desk,flashlight,resnet_c2f_a_fine04_coarse01,Step-R:new,A,4,1,PASS,6.9529,resnet_direct_fine04,PASS,6.894799999999999,resnet_direct_coarse01,PASS,16.7406,resnet_direct_fine04,6.894799999999999,COMPARABLE,0.058100000000000485,0.8426640366653201,False,0.058100000000000485,0.8426640366653201,False
6,fr2_desk_flashlight,fr2_desk,flashlight,resnet_c2f_a_fine04_coarse02,Step-R:new,A,4,2,PASS,7.0405999999999995,resnet_direct_fine04,PASS,6.894799999999999,resnet_direct_coarse02,PASS,17.8252,resnet_direct_fine04,6.894799999999999,COMPARABLE,0.14580000000000037,2.114637117827934,False,0.14580000000000037,2.114637117827934,False
6,fr2_desk_flashlight,fr2_desk,flashlight,resnet_c2f_a_fine04_coarse03,Step-R:new,A,4,3,PASS,7.167999999999999,resnet_direct_fine04,PASS,6.894799999999999,resnet_direct_coarse03,PASS,16.6129,resnet_direct_fine04,6.894799999999999,COMPARABLE,0.2732000000000001,3.962406451238617,False,0.2732000000000001,3.962406451238617,False
6,fr2_desk_flashlight,fr2_desk,flashlight,resnet_c2f_a_fine04_coarse04,Step-R:new,A,4,4,PASS,7.108200000000001,resnet_direct_fine04,PASS,6.894799999999999,resnet_direct_coarse04,PASS,17.0487,resnet_direct_fine04,6.894799999999999,COMPARABLE,0.2134000000000018,3.095086151882605,False,0.2134000000000018,3.095086151882605,False
6,fr2_desk_flashlight,fr2_desk,flashlight,resnet_c2f_a_fine04_coarse05,Step-R:new,A,4,5,PASS,7.198499999999999,resnet_direct_fine04,PASS,6.894799999999999,resnet_direct_coarse05,PASS,16.6514,resnet_direct_fine04,6.894799999999999,COMPARABLE,0.3037000000000001,4.404768811278067,False,0.3037000000000001,4.404768811278067,False
6,fr2_desk_flashlight,fr2_desk,flashlight,resnet_c2f_a_fine05_coarse01,Step-R:new,A,5,1,PASS,7.9998,resnet_direct_fine05,PASS,6.337,resnet_direct_coarse01,PASS,16.7406,resnet_direct_fine05,6.337,COMPARABLE,1.6627999999999998,26.23954552627426,False,1.6627999999999998,26.23954552627426,False
6,fr2_desk_flashlight,fr2_desk,flashlight,resnet_c2f_a_fine05_coarse02,Step-R:new,A,5,2,PASS,8.1715,resnet_direct_fine05,PASS,6.337,resnet_direct_coarse02,PASS,17.8252,resnet_direct_fine05,6.337,COMPARABLE,1.8345000000000002,28.9490295092315,False,1.8345000000000002,28.9490295092315,False
6,fr2_desk_flashlight,fr2_desk,flashlight,resnet_c2f_a_fine05_coarse03,Step-R:new,A,5,3,PASS,7.8628,resnet_direct_fine05,PASS,6.337,resnet_direct_coarse03,PASS,16.6129,resnet_direct_fine05,6.337,COMPARABLE,1.5258000000000003,24.077639261480204,False,1.5258000000000003,24.077639261480204,False
6,fr2_desk_flashlight,fr2_desk,flashlight,resnet_c2f_a_fine05_coarse04,Step-R:new,A,5,4,PASS,7.8709,resnet_direct_fine05,PASS,6.337,resnet_direct_coarse04,PASS,17.0487,resnet_direct_fine05,6.337,COMPARABLE,1.5339,24.205459996843935,False,1.5339,24.205459996843935,False
6,fr2_desk_flashlight,fr2_desk,flashlight,resnet_c2f_a_fine05_coarse05,Step-R:new,A,5,5,PASS,7.8980999999999995,resnet_direct_fine05,PASS,6.337,resnet_direct_coarse05,PASS,16.6514,resnet_direct_fine05,6.337,COMPARABLE,1.5610999999999997,24.634685182262896,False,1.5610999999999997,24.634685182262896,False
6,fr2_desk_flashlight,fr2_desk,flashlight,resnet_c2f_a_fine06_coarse01,Step-R:new,A,6,1,PASS,6.4622,resnet_direct_fine06,PASS,6.1388,resnet_direct_coarse01,PASS,16.7406,resnet_direct_fine06,6.1388,COMPARABLE,0.32340000000000035,5.268130579266312,False,0.32340000000000035,5.268130579266312,False
6,fr2_desk_flashlight,fr2_desk,flashlight,resnet_c2f_a_fine06_coarse02,Step-R:new,A,6,2,PASS,6.470199999999999,resnet_direct_fine06,PASS,6.1388,resnet_direct_coarse02,PASS,17.8252,resnet_direct_fine06,6.1388,COMPARABLE,0.3313999999999995,5.39844920831432,False,0.3313999999999995,5.39844920831432,False
6,fr2_desk_flashlight,fr2_desk,flashlight,resnet_c2f_a_fine06_coarse03,Step-R:new,A,6,3,PASS,6.4582,resnet_direct_fine06,PASS,6.1388,resnet_direct_coarse03,PASS,16.6129,resnet_direct_fine06,6.1388,COMPARABLE,0.3193999999999999,5.202971264742294,False,0.3193999999999999,5.202971264742294,False
6,fr2_desk_flashlight,fr2_desk,flashlight,resnet_c2f_a_fine06_coarse04,Step-R:new,A,6,4,PASS,6.412800000000001,resnet_direct_fine06,PASS,6.1388,resnet_direct_coarse04,PASS,17.0487,resnet_direct_fine06,6.1388,COMPARABLE,0.2740000000000009,4.463413044894783,False,0.2740000000000009,4.463413044894783,False
6,fr2_desk_flashlight,fr2_desk,flashlight,resnet_c2f_a_fine06_coarse05,Step-Q:resnet_c2f_a_f6_c5_positive_synergy,A,6,5,PASS,6.3833,resnet_direct_fine06,PASS,6.1388,resnet_direct_coarse05,PASS,16.6514,resnet_direct_fine06,6.1388,COMPARABLE,0.24450000000000038,3.9828631002801913,False,0.24450000000000038,3.9828631002801913,False
6,fr2_desk_flashlight,fr2_desk,flashlight,resnet_c2f_b_fine01_coarse01,Step-R:new,B,1,1,PASS,4.673299999999999,resnet_direct_fine01,PASS,4.6507,resnet_direct_coarse01,PASS,16.7406,resnet_direct_fine01,4.6507,COMPARABLE,0.02259999999999973,0.48594835186100444,False,0.02259999999999973,0.48594835186100444,False
6,fr2_desk_flashlight,fr2_desk,flashlight,resnet_c2f_b_fine01_coarse02,Step-R:new,B,1,2,PASS,4.6956999999999995,resnet_direct_fine01,PASS,4.6507,resnet_direct_coarse02,PASS,17.8252,resnet_direct_fine01,4.6507,COMPARABLE,0.04499999999999993,0.9675962758294436,False,0.04499999999999993,0.9675962758294436,False
6,fr2_desk_flashlight,fr2_desk,flashlight,resnet_c2f_b_fine01_coarse03,Step-R:new,B,1,3,PASS,4.7013,resnet_direct_fine01,PASS,4.6507,resnet_direct_coarse03,PASS,16.6129,resnet_direct_fine01,4.6507,COMPARABLE,0.0506000000000002,1.088008256821558,False,0.0506000000000002,1.088008256821558,False
6,fr2_desk_flashlight,fr2_desk,flashlight,resnet_c2f_b_fine01_coarse04,Step-Q:resnet_c2f_b_f1_c4_negative_high_parent,B,1,4,PASS,4.7003,resnet_direct_fine01,PASS,4.6507,resnet_direct_coarse04,PASS,17.0487,resnet_direct_fine01,4.6507,COMPARABLE,0.049600000000000755,1.0665061173586936,False,0.049600000000000755,1.0665061173586936,False
6,fr2_desk_flashlight,fr2_desk,flashlight,resnet_c2f_b_fine01_coarse05,Step-R:new,B,1,5,PASS,4.6414,resnet_direct_fine01,PASS,4.6507,resnet_direct_coarse05,PASS,16.6514,resnet_direct_fine01,4.6507,COMPARABLE,-0.009299999999999642,-0.1999698970047443,True,-0.009299999999999642,-0.1999698970047443,True
6,fr2_desk_flashlight,fr2_desk,flashlight,resnet_c2f_b_fine02_coarse01,Step-R:new,B,2,1,PASS,5.9131,resnet_direct_fine02,PASS,5.8846,resnet_direct_coarse01,PASS,16.7406,resnet_direct_fine02,5.8846,COMPARABLE,0.028500000000000192,0.4843149916731841,False,0.028500000000000192,0.4843149916731841,False
6,fr2_desk_flashlight,fr2_desk,flashlight,resnet_c2f_b_fine02_coarse02,Step-R:new,B,2,2,PASS,5.8608,resnet_direct_fine02,PASS,5.8846,resnet_direct_coarse02,PASS,17.8252,resnet_direct_fine02,5.8846,COMPARABLE,-0.0237999999999996,-0.40444550181829864,True,-0.0237999999999996,-0.40444550181829864,True
6,fr2_desk_flashlight,fr2_desk,flashlight,resnet_c2f_b_fine02_coarse03,Step-R:new,B,2,3,PASS,5.854299999999999,resnet_direct_fine02,PASS,5.8846,resnet_direct_coarse03,PASS,16.6129,resnet_direct_fine02,5.8846,COMPARABLE,-0.030300000000000438,-0.5149033069367576,True,-0.030300000000000438,-0.5149033069367576,True
6,fr2_desk_flashlight,fr2_desk,flashlight,resnet_c2f_b_fine02_coarse04,Step-Q:resnet_c2f_b_f2_c4_global_best,B,2,4,PASS,5.8665,resnet_direct_fine02,PASS,5.8846,resnet_direct_coarse04,PASS,17.0487,resnet_direct_fine02,5.8846,COMPARABLE,-0.01809999999999956,-0.3075825034836618,True,-0.01809999999999956,-0.3075825034836618,True
6,fr2_desk_flashlight,fr2_desk,flashlight,resnet_c2f_b_fine02_coarse05,Step-R:new,B,2,5,PASS,5.7978000000000005,resnet_direct_fine02,PASS,5.8846,resnet_direct_coarse05,PASS,16.6514,resnet_direct_fine02,5.8846,COMPARABLE,-0.08679999999999932,-1.47503653604322,True,-0.08679999999999932,-1.47503653604322,True
6,fr2_desk_flashlight,fr2_desk,flashlight,resnet_c2f_b_fine03_coarse01,Step-R:new,B,3,1,PASS,4.9401,resnet_direct_fine03,PASS,4.8911999999999995,resnet_direct_coarse01,PASS,16.7406,resnet_direct_fine03,4.8911999999999995,COMPARABLE,0.04890000000000061,0.9997546614327898,False,0.04890000000000061,0.9997546614327898,False
6,fr2_desk_flashlight,fr2_desk,flashlight,resnet_c2f_b_fine03_coarse02,Step-R:new,B,3,2,PASS,4.9244,resnet_direct_fine03,PASS,4.8911999999999995,resnet_direct_coarse02,PASS,17.8252,resnet_direct_fine03,4.8911999999999995,COMPARABLE,0.033200000000000784,0.678770035983006,False,0.033200000000000784,0.678770035983006,False
6,fr2_desk_flashlight,fr2_desk,flashlight,resnet_c2f_b_fine03_coarse03,Step-R:new,B,3,3,PASS,4.9098999999999995,resnet_direct_fine03,PASS,4.8911999999999995,resnet_direct_coarse03,PASS,16.6129,resnet_direct_fine03,4.8911999999999995,COMPARABLE,0.01869999999999994,0.382319267255478,False,0.01869999999999994,0.382319267255478,False
6,fr2_desk_flashlight,fr2_desk,flashlight,resnet_c2f_b_fine03_coarse04,Step-R:new,B,3,4,PASS,4.8998,resnet_direct_fine03,PASS,4.8911999999999995,resnet_direct_coarse04,PASS,17.0487,resnet_direct_fine03,4.8911999999999995,COMPARABLE,0.008600000000000385,0.17582597317632453,False,0.008600000000000385,0.17582597317632453,False
6,fr2_desk_flashlight,fr2_desk,flashlight,resnet_c2f_b_fine03_coarse05,Step-R:new,B,3,5,PASS,4.8672,resnet_direct_fine03,PASS,4.8911999999999995,resnet_direct_coarse05,PASS,16.6514,resnet_direct_fine03,4.8911999999999995,COMPARABLE,-0.023999999999999133,-0.49067713444551714,True,-0.023999999999999133,-0.49067713444551714,True
6,fr2_desk_flashlight,fr2_desk,flashlight,resnet_c2f_b_fine04_coarse01,Step-R:new,B,4,1,PASS,6.917,resnet_direct_fine04,PASS,6.894799999999999,resnet_direct_coarse01,PASS,16.7406,resnet_direct_fine04,6.894799999999999,COMPARABLE,0.022200000000000664,0.3219817833729864,False,0.022200000000000664,0.3219817833729864,False
6,fr2_desk_flashlight,fr2_desk,flashlight,resnet_c2f_b_fine04_coarse02,Step-R:new,B,4,2,PASS,6.797899999999999,resnet_direct_fine04,PASS,6.894799999999999,resnet_direct_coarse02,PASS,17.8252,resnet_direct_fine04,6.894799999999999,COMPARABLE,-0.09689999999999976,-1.405406973371233,True,-0.09689999999999976,-1.405406973371233,True
6,fr2_desk_flashlight,fr2_desk,flashlight,resnet_c2f_b_fine04_coarse03,Step-R:new,B,4,3,PASS,6.919300000000001,resnet_direct_fine04,PASS,6.894799999999999,resnet_direct_coarse03,PASS,16.6129,resnet_direct_fine04,6.894799999999999,COMPARABLE,0.02450000000000152,0.3553402564251541,False,0.02450000000000152,0.3553402564251541,False
6,fr2_desk_flashlight,fr2_desk,flashlight,resnet_c2f_b_fine04_coarse04,Step-R:new,B,4,4,PASS,6.8016,resnet_direct_fine04,PASS,6.894799999999999,resnet_direct_coarse04,PASS,17.0487,resnet_direct_fine04,6.894799999999999,COMPARABLE,-0.0931999999999995,-1.3517433428090666,True,-0.0931999999999995,-1.3517433428090666,True
6,fr2_desk_flashlight,fr2_desk,flashlight,resnet_c2f_b_fine04_coarse05,Step-R:new,B,4,5,PASS,6.826899999999999,resnet_direct_fine04,PASS,6.894799999999999,resnet_direct_coarse05,PASS,16.6514,resnet_direct_fine04,6.894799999999999,COMPARABLE,-0.06789999999999985,-0.9848001392353637,True,-0.06789999999999985,-0.9848001392353637,True
6,fr2_desk_flashlight,fr2_desk,flashlight,resnet_c2f_b_fine05_coarse01,Step-R:new,B,5,1,PASS,6.4236,resnet_direct_fine05,PASS,6.337,resnet_direct_coarse01,PASS,16.7406,resnet_direct_fine05,6.337,COMPARABLE,0.08660000000000068,1.3665772447530484,False,0.08660000000000068,1.3665772447530484,False
6,fr2_desk_flashlight,fr2_desk,flashlight,resnet_c2f_b_fine05_coarse02,Step-R:new,B,5,2,PASS,6.6034999999999995,resnet_direct_fine05,PASS,6.337,resnet_direct_coarse02,PASS,17.8252,resnet_direct_fine05,6.337,COMPARABLE,0.26649999999999974,4.205459996843929,False,0.26649999999999974,4.205459996843929,False
6,fr2_desk_flashlight,fr2_desk,flashlight,resnet_c2f_b_fine05_coarse03,Step-R:new,B,5,3,PASS,6.544899999999999,resnet_direct_fine05,PASS,6.337,resnet_direct_coarse03,PASS,16.6129,resnet_direct_fine05,6.337,COMPARABLE,0.20789999999999953,3.280732207669237,False,0.20789999999999953,3.280732207669237,False
6,fr2_desk_flashlight,fr2_desk,flashlight,resnet_c2f_b_fine05_coarse04,Step-R:new,B,5,4,PASS,6.5257,resnet_direct_fine05,PASS,6.337,resnet_direct_coarse04,PASS,17.0487,resnet_direct_fine05,6.337,COMPARABLE,0.18869999999999987,2.9777497238440884,False,0.18869999999999987,2.9777497238440884,False
6,fr2_desk_flashlight,fr2_desk,flashlight,resnet_c2f_b_fine05_coarse05,Step-R:new,B,5,5,PASS,6.6539,resnet_direct_fine05,PASS,6.337,resnet_direct_coarse05,PASS,16.6514,resnet_direct_fine05,6.337,COMPARABLE,0.3169000000000004,5.000789016884968,False,0.3169000000000004,5.000789016884968,False
6,fr2_desk_flashlight,fr2_desk,flashlight,resnet_c2f_b_fine06_coarse01,Step-R:new,B,6,1,PASS,6.1431,resnet_direct_fine06,PASS,6.1388,resnet_direct_coarse01,PASS,16.7406,resnet_direct_fine06,6.1388,COMPARABLE,0.0042999999999997485,0.07004626311330796,False,0.0042999999999997485,0.07004626311330796,False
6,fr2_desk_flashlight,fr2_desk,flashlight,resnet_c2f_b_fine06_coarse02,Step-R:new,B,6,2,PASS,6.1095999999999995,resnet_direct_fine06,PASS,6.1388,resnet_direct_coarse02,PASS,17.8252,resnet_direct_fine06,6.1388,COMPARABLE,-0.029200000000000337,-0.47566299602528733,True,-0.029200000000000337,-0.47566299602528733,True
6,fr2_desk_flashlight,fr2_desk,flashlight,resnet_c2f_b_fine06_coarse03,Step-R:new,B,6,3,PASS,6.1377,resnet_direct_fine06,PASS,6.1388,resnet_direct_coarse03,PASS,16.6129,resnet_direct_fine06,6.1388,COMPARABLE,-0.001100000000000101,-0.017918811494104726,True,-0.001100000000000101,-0.017918811494104726,True
6,fr2_desk_flashlight,fr2_desk,flashlight,resnet_c2f_b_fine06_coarse04,Step-R:new,B,6,4,PASS,6.1351,resnet_direct_fine06,PASS,6.1388,resnet_direct_coarse04,PASS,17.0487,resnet_direct_fine06,6.1388,COMPARABLE,-0.0036999999999993705,-0.06027236593470011,True,-0.0036999999999993705,-0.06027236593470011,True
6,fr2_desk_flashlight,fr2_desk,flashlight,resnet_c2f_b_fine06_coarse05,Step-R:new,B,6,5,PASS,6.1015,resnet_direct_fine06,PASS,6.1388,resnet_direct_coarse05,PASS,16.6514,resnet_direct_fine06,6.1388,COMPARABLE,-0.03730000000000011,-0.6076106079364063,True,-0.03730000000000011,-0.6076106079364063,True
7,fr3_long_office_household_clean,fr3_long_office_household,clean,resnet_c2f_a_fine01_coarse01,Step-R:new,A,1,1,PASS,19.5868,resnet_direct_fine01,PASS,12.1139,resnet_direct_coarse01,PASS,72.8974,resnet_direct_fine01,12.1139,COMPARABLE,7.472900000000001,61.68863867127846,False,7.472900000000001,61.68863867127846,False
7,fr3_long_office_household_clean,fr3_long_office_household,clean,resnet_c2f_a_fine01_coarse02,Step-R:new,A,1,2,PASS,19.368299999999998,resnet_direct_fine01,PASS,12.1139,resnet_direct_coarse02,PASS,73.84570000000001,resnet_direct_fine01,12.1139,COMPARABLE,7.254399999999999,59.884925581356946,False,7.254399999999999,59.884925581356946,False
7,fr3_long_office_household_clean,fr3_long_office_household,clean,resnet_c2f_a_fine01_coarse03,Step-R:new,A,1,3,PASS,20.0744,resnet_direct_fine01,PASS,12.1139,resnet_direct_coarse03,PASS,73.7711,resnet_direct_fine01,12.1139,COMPARABLE,7.9605000000000015,65.71376682984013,False,7.9605000000000015,65.71376682984013,False
7,fr3_long_office_household_clean,fr3_long_office_household,clean,resnet_c2f_a_fine01_coarse04,Step-R:new,A,1,4,PASS,19.5063,resnet_direct_fine01,PASS,12.1139,resnet_direct_coarse04,PASS,68.41000000000001,resnet_direct_fine01,12.1139,COMPARABLE,7.3924,61.02411279604422,False,7.3924,61.02411279604422,False
7,fr3_long_office_household_clean,fr3_long_office_household,clean,resnet_c2f_a_fine01_coarse05,Step-R:new,A,1,5,PASS,18.9996,resnet_direct_fine01,PASS,12.1139,resnet_direct_coarse05,PASS,61.9243,resnet_direct_fine01,12.1139,COMPARABLE,6.885700000000002,56.84131452298601,False,6.885700000000002,56.84131452298601,False
7,fr3_long_office_household_clean,fr3_long_office_household,clean,resnet_c2f_a_fine02_coarse01,Step-R:new,A,2,1,PASS,22.9912,resnet_direct_fine02,PASS,11.9425,resnet_direct_coarse01,PASS,72.8974,resnet_direct_fine02,11.9425,COMPARABLE,11.048699999999998,92.51580489847183,False,11.048699999999998,92.51580489847183,False
7,fr3_long_office_household_clean,fr3_long_office_household,clean,resnet_c2f_a_fine02_coarse02,Step-R:new,A,2,2,PASS,22.9239,resnet_direct_fine02,PASS,11.9425,resnet_direct_coarse02,PASS,73.84570000000001,resnet_direct_fine02,11.9425,COMPARABLE,10.981399999999999,91.95227129997905,False,10.981399999999999,91.95227129997905,False
7,fr3_long_office_household_clean,fr3_long_office_household,clean,resnet_c2f_a_fine02_coarse03,Step-R:new,A,2,3,PASS,25.0649,resnet_direct_fine02,PASS,11.9425,resnet_direct_coarse03,PASS,73.7711,resnet_direct_fine02,11.9425,COMPARABLE,13.1224,109.87984090433326,False,13.1224,109.87984090433326,False
7,fr3_long_office_household_clean,fr3_long_office_household,clean,resnet_c2f_a_fine02_coarse04,Step-Q:resnet_c2f_a_f2_c4_variant_negative,A,2,4,PASS,24.567700000000002,resnet_direct_fine02,PASS,11.9425,resnet_direct_coarse04,PASS,68.41000000000001,resnet_direct_fine02,11.9425,COMPARABLE,12.625200000000001,105.71655850952482,False,12.625200000000001,105.71655850952482,False
7,fr3_long_office_household_clean,fr3_long_office_household,clean,resnet_c2f_a_fine02_coarse05,Step-R:new,A,2,5,PASS,21.019399999999997,resnet_direct_fine02,PASS,11.9425,resnet_direct_coarse05,PASS,61.9243,resnet_direct_fine02,11.9425,COMPARABLE,9.076899999999997,76.00502407368639,False,9.076899999999997,76.00502407368639,False
7,fr3_long_office_household_clean,fr3_long_office_household,clean,resnet_c2f_a_fine03_coarse01,Step-R:new,A,3,1,PASS,21.124599999999997,resnet_direct_fine03,PASS,13.799100000000001,resnet_direct_coarse01,PASS,72.8974,resnet_direct_fine03,13.799100000000001,COMPARABLE,7.325499999999996,53.08679551564954,False,7.325499999999996,53.08679551564954,False
7,fr3_long_office_household_clean,fr3_long_office_household,clean,resnet_c2f_a_fine03_coarse02,Step-R:new,A,3,2,PASS,20.227999999999998,resnet_direct_fine03,PASS,13.799100000000001,resnet_direct_coarse02,PASS,73.84570000000001,resnet_direct_fine03,13.799100000000001,COMPARABLE,6.428899999999997,46.58927031473064,False,6.428899999999997,46.58927031473064,False
7,fr3_long_office_household_clean,fr3_long_office_household,clean,resnet_c2f_a_fine03_coarse03,Step-R:new,A,3,3,PASS,22.2695,resnet_direct_fine03,PASS,13.799100000000001,resnet_direct_coarse03,PASS,73.7711,resnet_direct_fine03,13.799100000000001,COMPARABLE,8.4704,61.38371343058605,False,8.4704,61.38371343058605,False
7,fr3_long_office_household_clean,fr3_long_office_household,clean,resnet_c2f_a_fine03_coarse04,Step-R:new,A,3,4,PASS,20.3777,resnet_direct_fine03,PASS,13.799100000000001,resnet_direct_coarse04,PASS,68.41000000000001,resnet_direct_fine03,13.799100000000001,COMPARABLE,6.5786,47.67412367473241,False,6.5786,47.67412367473241,False
7,fr3_long_office_household_clean,fr3_long_office_household,clean,resnet_c2f_a_fine03_coarse05,Step-R:new,A,3,5,PASS,18.9445,resnet_direct_fine03,PASS,13.799100000000001,resnet_direct_coarse05,PASS,61.9243,resnet_direct_fine03,13.799100000000001,COMPARABLE,5.1454,37.287939068489976,False,5.1454,37.287939068489976,False
7,fr3_long_office_household_clean,fr3_long_office_household,clean,resnet_c2f_a_fine04_coarse01,Step-R:new,A,4,1,PASS,23.275299999999998,resnet_direct_fine04,PASS,20.2349,resnet_direct_coarse01,PASS,72.8974,resnet_direct_fine04,20.2349,COMPARABLE,3.040399999999998,15.025525206450235,False,3.040399999999998,15.025525206450235,False
7,fr3_long_office_household_clean,fr3_long_office_household,clean,resnet_c2f_a_fine04_coarse02,Step-R:new,A,4,2,PASS,21.9525,resnet_direct_fine04,PASS,20.2349,resnet_direct_coarse02,PASS,73.84570000000001,resnet_direct_fine04,20.2349,COMPARABLE,1.717600000000001,8.488304859426046,False,1.717600000000001,8.488304859426046,False
7,fr3_long_office_household_clean,fr3_long_office_household,clean,resnet_c2f_a_fine04_coarse03,Step-R:new,A,4,3,PASS,22.8384,resnet_direct_fine04,PASS,20.2349,resnet_direct_coarse03,PASS,73.7711,resnet_direct_fine04,20.2349,COMPARABLE,2.6035000000000004,12.86638431620616,False,2.6035000000000004,12.86638431620616,False
7,fr3_long_office_household_clean,fr3_long_office_household,clean,resnet_c2f_a_fine04_coarse04,Step-R:new,A,4,4,PASS,22.8183,resnet_direct_fine04,PASS,20.2349,resnet_direct_coarse04,PASS,68.41000000000001,resnet_direct_fine04,20.2349,COMPARABLE,2.583400000000001,12.767050986167467,False,2.583400000000001,12.767050986167467,False
7,fr3_long_office_household_clean,fr3_long_office_household,clean,resnet_c2f_a_fine04_coarse05,Step-R:new,A,4,5,PASS,22.256899999999998,resnet_direct_fine04,PASS,20.2349,resnet_direct_coarse05,PASS,61.9243,resnet_direct_fine04,20.2349,COMPARABLE,2.0219999999999985,9.992636484489662,False,2.0219999999999985,9.992636484489662,False
7,fr3_long_office_household_clean,fr3_long_office_household,clean,resnet_c2f_a_fine05_coarse01,Step-R:new,A,5,1,PASS,27.9317,resnet_direct_fine05,PASS,16.206200000000003,resnet_direct_coarse01,PASS,72.8974,resnet_direct_fine05,16.206200000000003,COMPARABLE,11.725499999999997,72.35193938122444,False,11.725499999999997,72.35193938122444,False
7,fr3_long_office_household_clean,fr3_long_office_household,clean,resnet_c2f_a_fine05_coarse02,Step-R:new,A,5,2,PASS,28.9135,resnet_direct_fine05,PASS,16.206200000000003,resnet_direct_coarse02,PASS,73.84570000000001,resnet_direct_fine05,16.206200000000003,COMPARABLE,12.707299999999996,78.41011464748055,False,12.707299999999996,78.41011464748055,False
7,fr3_long_office_household_clean,fr3_long_office_household,clean,resnet_c2f_a_fine05_coarse03,Step-R:new,A,5,3,PASS,27.9675,resnet_direct_fine05,PASS,16.206200000000003,resnet_direct_coarse03,PASS,73.7711,resnet_direct_fine05,16.206200000000003,COMPARABLE,11.761299999999999,72.57284249237944,False,11.761299999999999,72.57284249237944,False
7,fr3_long_office_household_clean,fr3_long_office_household,clean,resnet_c2f_a_fine05_coarse04,Step-R:new,A,5,4,PASS,27.8229,resnet_direct_fine05,PASS,16.206200000000003,resnet_direct_coarse04,PASS,68.41000000000001,resnet_direct_fine05,16.206200000000003,COMPARABLE,11.616699999999998,71.68059137860817,False,11.616699999999998,71.68059137860817,False
7,fr3_long_office_household_clean,fr3_long_office_household,clean,resnet_c2f_a_fine05_coarse05,Step-R:new,A,5,5,PASS,27.8606,resnet_direct_fine05,PASS,16.206200000000003,resnet_direct_coarse05,PASS,61.9243,resnet_direct_fine05,16.206200000000003,COMPARABLE,11.654399999999999,71.91321839789708,False,11.654399999999999,71.91321839789708,False
7,fr3_long_office_household_clean,fr3_long_office_household,clean,resnet_c2f_a_fine06_coarse01,Step-R:new,A,6,1,PASS,18.439,resnet_direct_fine06,PASS,15.881700000000002,resnet_direct_coarse01,PASS,72.8974,resnet_direct_fine06,15.881700000000002,COMPARABLE,2.557299999999998,16.10218049705005,False,2.557299999999998,16.10218049705005,False
7,fr3_long_office_household_clean,fr3_long_office_household,clean,resnet_c2f_a_fine06_coarse02,Step-R:new,A,6,2,PASS,18.3585,resnet_direct_fine06,PASS,15.881700000000002,resnet_direct_coarse02,PASS,73.84570000000001,resnet_direct_fine06,15.881700000000002,COMPARABLE,2.4767999999999972,15.595307807098717,False,2.4767999999999972,15.595307807098717,False
7,fr3_long_office_household_clean,fr3_long_office_household,clean,resnet_c2f_a_fine06_coarse03,Step-R:new,A,6,3,PASS,19.317400000000003,resnet_direct_fine06,PASS,15.881700000000002,resnet_direct_coarse03,PASS,73.7711,resnet_direct_fine06,15.881700000000002,COMPARABLE,3.4357000000000006,21.633074544916475,False,3.4357000000000006,21.633074544916475,False
7,fr3_long_office_household_clean,fr3_long_office_household,clean,resnet_c2f_a_fine06_coarse04,Step-R:new,A,6,4,PASS,18.892500000000002,resnet_direct_fine06,PASS,15.881700000000002,resnet_direct_coarse04,PASS,68.41000000000001,resnet_direct_fine06,15.881700000000002,COMPARABLE,3.0107999999999997,18.95766825969512,False,3.0107999999999997,18.95766825969512,False
7,fr3_long_office_household_clean,fr3_long_office_household,clean,resnet_c2f_a_fine06_coarse05,Step-Q:resnet_c2f_a_f6_c5_positive_synergy,A,6,5,PASS,18.7077,resnet_direct_fine06,PASS,15.881700000000002,resnet_direct_coarse05,PASS,61.9243,resnet_direct_fine06,15.881700000000002,COMPARABLE,2.825999999999997,17.79406486711118,False,2.825999999999997,17.79406486711118,False
7,fr3_long_office_household_clean,fr3_long_office_household,clean,resnet_c2f_b_fine01_coarse01,Step-R:new,B,1,1,PASS,12.6202,resnet_direct_fine01,PASS,12.1139,resnet_direct_coarse01,PASS,72.8974,resnet_direct_fine01,12.1139,COMPARABLE,0.5063000000000013,4.179496281131604,False,0.5063000000000013,4.179496281131604,False
7,fr3_long_office_household_clean,fr3_long_office_household,clean,resnet_c2f_b_fine01_coarse02,Step-R:new,B,1,2,PASS,12.6639,resnet_direct_fine01,PASS,12.1139,resnet_direct_coarse02,PASS,73.84570000000001,resnet_direct_fine01,12.1139,COMPARABLE,0.5500000000000007,4.540238899115898,False,0.5500000000000007,4.540238899115898,False
7,fr3_long_office_household_clean,fr3_long_office_household,clean,resnet_c2f_b_fine01_coarse03,Step-R:new,B,1,3,PASS,12.7798,resnet_direct_fine01,PASS,12.1139,resnet_direct_coarse03,PASS,73.7711,resnet_direct_fine01,12.1139,COMPARABLE,0.6659000000000006,5.496991059856864,False,0.6659000000000006,5.496991059856864,False
7,fr3_long_office_household_clean,fr3_long_office_household,clean,resnet_c2f_b_fine01_coarse04,Step-Q:resnet_c2f_b_f1_c4_negative_high_parent,B,1,4,PASS,12.690199999999999,resnet_direct_fine01,PASS,12.1139,resnet_direct_coarse04,PASS,68.41000000000001,resnet_direct_fine01,12.1139,COMPARABLE,0.5762999999999998,4.757344868291796,False,0.5762999999999998,4.757344868291796,False
7,fr3_long_office_household_clean,fr3_long_office_household,clean,resnet_c2f_b_fine01_coarse05,Step-R:new,B,1,5,PASS,12.7364,resnet_direct_fine01,PASS,12.1139,resnet_direct_coarse05,PASS,61.9243,resnet_direct_fine01,12.1139,COMPARABLE,0.6225000000000005,5.138724935817536,False,0.6225000000000005,5.138724935817536,False
7,fr3_long_office_household_clean,fr3_long_office_household,clean,resnet_c2f_b_fine02_coarse01,Step-R:new,B,2,1,PASS,12.7367,resnet_direct_fine02,PASS,11.9425,resnet_direct_coarse01,PASS,72.8974,resnet_direct_fine02,11.9425,COMPARABLE,0.7942,6.65019886958342,False,0.7942,6.65019886958342,False
7,fr3_long_office_household_clean,fr3_long_office_household,clean,resnet_c2f_b_fine02_coarse02,Step-R:new,B,2,2,PASS,11.9332,resnet_direct_fine02,PASS,11.9425,resnet_direct_coarse02,PASS,73.84570000000001,resnet_direct_fine02,11.9425,COMPARABLE,-0.009300000000001418,-0.07787314213942992,True,-0.009300000000001418,-0.07787314213942992,True
7,fr3_long_office_household_clean,fr3_long_office_household,clean,resnet_c2f_b_fine02_coarse03,Step-R:new,B,2,3,PASS,12.470699999999999,resnet_direct_fine02,PASS,11.9425,resnet_direct_coarse03,PASS,73.7711,resnet_direct_fine02,11.9425,COMPARABLE,0.5281999999999982,4.422859535273169,False,0.5281999999999982,4.422859535273169,False
7,fr3_long_office_household_clean,fr3_long_office_household,clean,resnet_c2f_b_fine02_coarse04,Step-Q:resnet_c2f_b_f2_c4_global_best,B,2,4,PASS,12.531900000000002,resnet_direct_fine02,PASS,11.9425,resnet_direct_coarse04,PASS,68.41000000000001,resnet_direct_fine02,11.9425,COMPARABLE,0.5894000000000013,4.935315051287429,False,0.5894000000000013,4.935315051287429,False
7,fr3_long_office_household_clean,fr3_long_office_household,clean,resnet_c2f_b_fine02_coarse05,Step-R:new,B,2,5,PASS,12.755700000000001,resnet_direct_fine02,PASS,11.9425,resnet_direct_coarse05,PASS,61.9243,resnet_direct_fine02,11.9425,COMPARABLE,0.8132000000000001,6.809294536319867,False,0.8132000000000001,6.809294536319867,False
7,fr3_long_office_household_clean,fr3_long_office_household,clean,resnet_c2f_b_fine03_coarse01,Step-R:new,B,3,1,PASS,14.0791,resnet_direct_fine03,PASS,13.799100000000001,resnet_direct_coarse01,PASS,72.8974,resnet_direct_fine03,13.799100000000001,COMPARABLE,0.27999999999999936,2.0291178410186124,False,0.27999999999999936,2.0291178410186124,False
7,fr3_long_office_household_clean,fr3_long_office_household,clean,resnet_c2f_b_fine03_coarse02,Step-R:new,B,3,2,PASS,14.2393,resnet_direct_fine03,PASS,13.799100000000001,resnet_direct_coarse02,PASS,73.84570000000001,resnet_direct_fine03,13.799100000000001,COMPARABLE,0.44019999999999904,3.1900631200585474,False,0.44019999999999904,3.1900631200585474,False
7,fr3_long_office_household_clean,fr3_long_office_household,clean,resnet_c2f_b_fine03_coarse03,Step-R:new,B,3,3,PASS,13.9513,resnet_direct_fine03,PASS,13.799100000000001,resnet_direct_coarse03,PASS,73.7711,resnet_direct_fine03,13.799100000000001,COMPARABLE,0.15219999999999878,1.1029704835822538,False,0.15219999999999878,1.1029704835822538,False
7,fr3_long_office_household_clean,fr3_long_office_household,clean,resnet_c2f_b_fine03_coarse04,Step-R:new,B,3,4,PASS,13.964699999999999,resnet_direct_fine03,PASS,13.799100000000001,resnet_direct_coarse04,PASS,68.41000000000001,resnet_direct_fine03,13.799100000000001,COMPARABLE,0.16559999999999775,1.2000782659738514,False,0.16559999999999775,1.2000782659738514,False
7,fr3_long_office_household_clean,fr3_long_office_household,clean,resnet_c2f_b_fine03_coarse05,Step-R:new,B,3,5,PASS,13.8048,resnet_direct_fine03,PASS,13.799100000000001,resnet_direct_coarse05,PASS,61.9243,resnet_direct_fine03,13.799100000000001,COMPARABLE,0.00569999999999915,0.04130704176358711,False,0.00569999999999915,0.04130704176358711,False
7,fr3_long_office_household_clean,fr3_long_office_household,clean,resnet_c2f_b_fine04_coarse01,Step-R:new,B,4,1,PASS,20.298099999999998,resnet_direct_fine04,PASS,20.2349,resnet_direct_coarse01,PASS,72.8974,resnet_direct_fine04,20.2349,COMPARABLE,0.06319999999999837,0.31233166459927336,False,0.06319999999999837,0.31233166459927336,False
7,fr3_long_office_household_clean,fr3_long_office_household,clean,resnet_c2f_b_fine04_coarse02,Step-R:new,B,4,2,PASS,20.2788,resnet_direct_fine04,PASS,20.2349,resnet_direct_coarse02,PASS,73.84570000000001,resnet_direct_fine04,20.2349,COMPARABLE,0.043900000000000716,0.2169518999352639,False,0.043900000000000716,0.2169518999352639,False
7,fr3_long_office_household_clean,fr3_long_office_household,clean,resnet_c2f_b_fine04_coarse03,Step-R:new,B,4,3,PASS,20.619100000000003,resnet_direct_fine04,PASS,20.2349,resnet_direct_coarse03,PASS,73.7711,resnet_direct_fine04,20.2349,COMPARABLE,0.3842000000000034,1.898699771187421,False,0.3842000000000034,1.898699771187421,False
7,fr3_long_office_household_clean,fr3_long_office_household,clean,resnet_c2f_b_fine04_coarse04,Step-R:new,B,4,4,PASS,20.2556,resnet_direct_fine04,PASS,20.2349,resnet_direct_coarse04,PASS,68.41000000000001,resnet_direct_fine04,20.2349,COMPARABLE,0.020700000000001495,0.10229850406970875,False,0.020700000000001495,0.10229850406970875,False
7,fr3_long_office_household_clean,fr3_long_office_household,clean,resnet_c2f_b_fine04_coarse05,Step-R:new,B,4,5,PASS,20.180400000000002,resnet_direct_fine04,PASS,20.2349,resnet_direct_coarse05,PASS,61.9243,resnet_direct_fine04,20.2349,COMPARABLE,-0.05449999999999733,-0.2693366411496836,True,-0.05449999999999733,-0.2693366411496836,True
7,fr3_long_office_household_clean,fr3_long_office_household,clean,resnet_c2f_b_fine05_coarse01,Step-R:new,B,5,1,PASS,17.6014,resnet_direct_fine05,PASS,16.206200000000003,resnet_direct_coarse01,PASS,72.8974,resnet_direct_fine05,16.206200000000003,COMPARABLE,1.395199999999999,8.609050857079383,False,1.395199999999999,8.609050857079383,False
7,fr3_long_office_household_clean,fr3_long_office_household,clean,resnet_c2f_b_fine05_coarse02,Step-R:new,B,5,2,PASS,17.5824,resnet_direct_fine05,PASS,16.206200000000003,resnet_direct_coarse02,PASS,73.84570000000001,resnet_direct_fine05,16.206200000000003,COMPARABLE,1.3761999999999972,8.49181177574013,False,1.3761999999999972,8.49181177574013,False
7,fr3_long_office_household_clean,fr3_long_office_household,clean,resnet_c2f_b_fine05_coarse03,Step-R:new,B,5,3,PASS,18.3274,resnet_direct_fine05,PASS,16.206200000000003,resnet_direct_coarse03,PASS,73.7711,resnet_direct_fine05,16.206200000000003,COMPARABLE,2.121199999999998,13.08881785983141,False,2.121199999999998,13.08881785983141,False
7,fr3_long_office_household_clean,fr3_long_office_household,clean,resnet_c2f_b_fine05_coarse04,Step-R:new,B,5,4,PASS,18.4147,resnet_direct_fine05,PASS,16.206200000000003,resnet_direct_coarse04,PASS,68.41000000000001,resnet_direct_fine05,16.206200000000003,COMPARABLE,2.2084999999999972,13.627500586195389,False,2.2084999999999972,13.627500586195389,False
7,fr3_long_office_household_clean,fr3_long_office_household,clean,resnet_c2f_b_fine05_coarse05,Step-R:new,B,5,5,PASS,18.137800000000002,resnet_direct_fine05,PASS,16.206200000000003,resnet_direct_coarse05,PASS,61.9243,resnet_direct_fine05,16.206200000000003,COMPARABLE,1.9315999999999995,11.918895237625103,False,1.9315999999999995,11.918895237625103,False
7,fr3_long_office_household_clean,fr3_long_office_household,clean,resnet_c2f_b_fine06_coarse01,Step-R:new,B,6,1,PASS,16.043499999999998,resnet_direct_fine06,PASS,15.881700000000002,resnet_direct_coarse01,PASS,72.8974,resnet_direct_fine06,15.881700000000002,COMPARABLE,0.16179999999999595,1.0187826240263695,False,0.16179999999999595,1.0187826240263695,False
7,fr3_long_office_household_clean,fr3_long_office_household,clean,resnet_c2f_b_fine06_coarse02,Step-R:new,B,6,2,PASS,16.2667,resnet_direct_fine06,PASS,15.881700000000002,resnet_direct_coarse02,PASS,73.84570000000001,resnet_direct_fine06,15.881700000000002,COMPARABLE,0.384999999999998,2.424173734549815,False,0.384999999999998,2.424173734549815,False
7,fr3_long_office_household_clean,fr3_long_office_household,clean,resnet_c2f_b_fine06_coarse03,Step-R:new,B,6,3,PASS,16.1641,resnet_direct_fine06,PASS,15.881700000000002,resnet_direct_coarse03,PASS,73.7711,resnet_direct_fine06,15.881700000000002,COMPARABLE,0.2823999999999991,1.7781471756801794,False,0.2823999999999991,1.7781471756801794,False
7,fr3_long_office_household_clean,fr3_long_office_household,clean,resnet_c2f_b_fine06_coarse04,Step-R:new,B,6,4,PASS,16.0451,resnet_direct_fine06,PASS,15.881700000000002,resnet_direct_coarse04,PASS,68.41000000000001,resnet_direct_fine06,15.881700000000002,COMPARABLE,0.16339999999999932,1.0288571122738706,False,0.16339999999999932,1.0288571122738706,False
7,fr3_long_office_household_clean,fr3_long_office_household,clean,resnet_c2f_b_fine06_coarse05,Step-R:new,B,6,5,PASS,16.0022,resnet_direct_fine06,PASS,15.881700000000002,resnet_direct_coarse05,PASS,61.9243,resnet_direct_fine06,15.881700000000002,COMPARABLE,0.12049999999999628,0.7587348961382991,False,0.12049999999999628,0.7587348961382991,False
8,fr3_long_office_household_lightswitch,fr3_long_office_household,lightswitch,resnet_c2f_a_fine01_coarse01,Step-R:new,A,1,1,FAIL_TRACKING_NAN,,resnet_direct_fine01,FAIL_TRACKING_NAN,,resnet_direct_coarse01,PASS,82.1848,,,C2F_NONPASS,,,False,,,False
8,fr3_long_office_household_lightswitch,fr3_long_office_household,lightswitch,resnet_c2f_a_fine01_coarse02,Step-R:new,A,1,2,FAIL_TRACKING_NAN,,resnet_direct_fine01,FAIL_TRACKING_NAN,,resnet_direct_coarse02,PASS,83.76169999999999,,,C2F_NONPASS,,,False,,,False
8,fr3_long_office_household_lightswitch,fr3_long_office_household,lightswitch,resnet_c2f_a_fine01_coarse03,Step-R:new,A,1,3,FAIL_TRACKING_NAN,,resnet_direct_fine01,FAIL_TRACKING_NAN,,resnet_direct_coarse03,PASS,78.5534,,,C2F_NONPASS,,,False,,,False
8,fr3_long_office_household_lightswitch,fr3_long_office_household,lightswitch,resnet_c2f_a_fine01_coarse04,Step-R:new,A,1,4,FAIL_TRACKING_NAN,,resnet_direct_fine01,FAIL_TRACKING_NAN,,resnet_direct_coarse04,PASS,72.42309999999999,,,C2F_NONPASS,,,False,,,False
8,fr3_long_office_household_lightswitch,fr3_long_office_household,lightswitch,resnet_c2f_a_fine01_coarse05,Step-R:new,A,1,5,FAIL_TRACKING_NAN,,resnet_direct_fine01,FAIL_TRACKING_NAN,,resnet_direct_coarse05,PASS,65.5992,,,C2F_NONPASS,,,False,,,False
8,fr3_long_office_household_lightswitch,fr3_long_office_household,lightswitch,resnet_c2f_a_fine02_coarse01,Step-R:new,A,2,1,PASS,26.953,resnet_direct_fine02,PASS,10.2158,resnet_direct_coarse01,PASS,82.1848,resnet_direct_fine02,10.2158,COMPARABLE,16.7372,163.83641026645003,False,16.7372,163.83641026645003,False
8,fr3_long_office_household_lightswitch,fr3_long_office_household,lightswitch,resnet_c2f_a_fine02_coarse02,Step-R:new,A,2,2,PASS,26.090000000000003,resnet_direct_fine02,PASS,10.2158,resnet_direct_coarse02,PASS,83.76169999999999,resnet_direct_fine02,10.2158,COMPARABLE,15.874200000000004,155.38871160359446,False,15.874200000000004,155.38871160359446,False
8,fr3_long_office_household_lightswitch,fr3_long_office_household,lightswitch,resnet_c2f_a_fine02_coarse03,Step-R:new,A,2,3,PASS,36.516999999999996,resnet_direct_fine02,PASS,10.2158,resnet_direct_coarse03,PASS,78.5534,resnet_direct_fine02,10.2158,COMPARABLE,26.301199999999994,257.45609741772546,False,26.301199999999994,257.45609741772546,False
8,fr3_long_office_household_lightswitch,fr3_long_office_household,lightswitch,resnet_c2f_a_fine02_coarse04,Step-Q:resnet_c2f_a_f2_c4_variant_negative,A,2,4,PASS,31.791399999999996,resnet_direct_fine02,PASS,10.2158,resnet_direct_coarse04,PASS,72.42309999999999,resnet_direct_fine02,10.2158,COMPARABLE,21.575599999999994,211.19833982654316,False,21.575599999999994,211.19833982654316,False
8,fr3_long_office_household_lightswitch,fr3_long_office_household,lightswitch,resnet_c2f_a_fine02_coarse05,Step-R:new,A,2,5,PASS,29.002899999999997,resnet_direct_fine02,PASS,10.2158,resnet_direct_coarse05,PASS,65.5992,resnet_direct_fine02,10.2158,COMPARABLE,18.787099999999995,183.90238649934412,False,18.787099999999995,183.90238649934412,False
8,fr3_long_office_household_lightswitch,fr3_long_office_household,lightswitch,resnet_c2f_a_fine03_coarse01,Step-R:new,A,3,1,FAIL_TRACKING_NAN,,resnet_direct_fine03,PASS,31.596200000000003,resnet_direct_coarse01,PASS,82.1848,resnet_direct_fine03,31.596200000000003,C2F_NONPASS,,,False,,,False
8,fr3_long_office_household_lightswitch,fr3_long_office_household,lightswitch,resnet_c2f_a_fine03_coarse02,Step-R:new,A,3,2,FAIL_TRACKING_NAN,,resnet_direct_fine03,PASS,31.596200000000003,resnet_direct_coarse02,PASS,83.76169999999999,resnet_direct_fine03,31.596200000000003,C2F_NONPASS,,,False,,,False
8,fr3_long_office_household_lightswitch,fr3_long_office_household,lightswitch,resnet_c2f_a_fine03_coarse03,Step-R:new,A,3,3,FAIL_TRACKING_NAN,,resnet_direct_fine03,PASS,31.596200000000003,resnet_direct_coarse03,PASS,78.5534,resnet_direct_fine03,31.596200000000003,C2F_NONPASS,,,False,,,False
8,fr3_long_office_household_lightswitch,fr3_long_office_household,lightswitch,resnet_c2f_a_fine03_coarse04,Step-R:new,A,3,4,PASS,26.5501,resnet_direct_fine03,PASS,31.596200000000003,resnet_direct_coarse04,PASS,72.42309999999999,resnet_direct_fine03,31.596200000000003,COMPARABLE,-5.046100000000003,-15.97059140023168,True,-5.046100000000003,-15.97059140023168,True
8,fr3_long_office_household_lightswitch,fr3_long_office_household,lightswitch,resnet_c2f_a_fine03_coarse05,Step-R:new,A,3,5,PASS,24.2391,resnet_direct_fine03,PASS,31.596200000000003,resnet_direct_coarse05,PASS,65.5992,resnet_direct_fine03,31.596200000000003,COMPARABLE,-7.357100000000003,-23.284762091643938,True,-7.357100000000003,-23.284762091643938,True
8,fr3_long_office_household_lightswitch,fr3_long_office_household,lightswitch,resnet_c2f_a_fine04_coarse01,Step-R:new,A,4,1,PASS,24.732000000000003,resnet_direct_fine04,PASS,33.9327,resnet_direct_coarse01,PASS,82.1848,resnet_direct_fine04,33.9327,COMPARABLE,-9.200699999999994,-27.114553218576756,True,-9.200699999999994,-27.114553218576756,True
8,fr3_long_office_household_lightswitch,fr3_long_office_household,lightswitch,resnet_c2f_a_fine04_coarse02,Step-R:new,A,4,2,PASS,25.448900000000002,resnet_direct_fine04,PASS,33.9327,resnet_direct_coarse02,PASS,83.76169999999999,resnet_direct_fine04,33.9327,COMPARABLE,-8.483799999999995,-25.001841881135295,True,-8.483799999999995,-25.001841881135295,True
8,fr3_long_office_household_lightswitch,fr3_long_office_household,lightswitch,resnet_c2f_a_fine04_coarse03,Step-R:new,A,4,3,PASS,25.064199999999996,resnet_direct_fine04,PASS,33.9327,resnet_direct_coarse03,PASS,78.5534,resnet_direct_fine04,33.9327,COMPARABLE,-8.868500000000001,-26.135556557538898,True,-8.868500000000001,-26.135556557538898,True
8,fr3_long_office_household_lightswitch,fr3_long_office_household,lightswitch,resnet_c2f_a_fine04_coarse04,Step-R:new,A,4,4,PASS,23.7876,resnet_direct_fine04,PASS,33.9327,resnet_direct_coarse04,PASS,72.42309999999999,resnet_direct_fine04,33.9327,COMPARABLE,-10.145099999999996,-29.89770928926963,True,-10.145099999999996,-29.89770928926963,True
8,fr3_long_office_household_lightswitch,fr3_long_office_household,lightswitch,resnet_c2f_a_fine04_coarse05,Step-R:new,A,4,5,PASS,21.7467,resnet_direct_fine04,PASS,33.9327,resnet_direct_coarse05,PASS,65.5992,resnet_direct_fine04,33.9327,COMPARABLE,-12.185999999999996,-35.91226162374346,True,-12.185999999999996,-35.91226162374346,True
8,fr3_long_office_household_lightswitch,fr3_long_office_household,lightswitch,resnet_c2f_a_fine05_coarse01,Step-R:new,A,5,1,PASS,32.7662,resnet_direct_fine05,PASS,33.894200000000005,resnet_direct_coarse01,PASS,82.1848,resnet_direct_fine05,33.894200000000005,COMPARABLE,-1.1280000000000072,-3.328003021165884,True,-1.1280000000000072,-3.328003021165884,True
8,fr3_long_office_household_lightswitch,fr3_long_office_household,lightswitch,resnet_c2f_a_fine05_coarse02,Step-R:new,A,5,2,PASS,30.6707,resnet_direct_fine05,PASS,33.894200000000005,resnet_direct_coarse02,PASS,83.76169999999999,resnet_direct_fine05,33.894200000000005,COMPARABLE,-3.223500000000005,-9.51047671873065,True,-3.223500000000005,-9.51047671873065,True
8,fr3_long_office_household_lightswitch,fr3_long_office_household,lightswitch,resnet_c2f_a_fine05_coarse03,Step-R:new,A,5,3,PASS,32.4503,resnet_direct_fine05,PASS,33.894200000000005,resnet_direct_coarse03,PASS,78.5534,resnet_direct_fine05,33.894200000000005,COMPARABLE,-1.4439000000000064,-4.26002088852962,True,-1.4439000000000064,-4.26002088852962,True
8,fr3_long_office_household_lightswitch,fr3_long_office_household,lightswitch,resnet_c2f_a_fine05_coarse04,Step-R:new,A,5,4,PASS,33.5448,resnet_direct_fine05,PASS,33.894200000000005,resnet_direct_coarse04,PASS,72.42309999999999,resnet_direct_fine05,33.894200000000005,COMPARABLE,-0.3494000000000028,-1.0308548365207109,True,-0.3494000000000028,-1.0308548365207109,True
8,fr3_long_office_household_lightswitch,fr3_long_office_household,lightswitch,resnet_c2f_a_fine05_coarse05,Step-R:new,A,5,5,PASS,29.7821,resnet_direct_fine05,PASS,33.894200000000005,resnet_direct_coarse05,PASS,65.5992,resnet_direct_fine05,33.894200000000005,COMPARABLE,-4.112100000000005,-12.132164205085248,True,-4.112100000000005,-12.132164205085248,True
8,fr3_long_office_household_lightswitch,fr3_long_office_household,lightswitch,resnet_c2f_a_fine06_coarse01,Step-R:new,A,6,1,PASS,23.910500000000003,resnet_direct_fine06,PASS,32.3828,resnet_direct_coarse01,PASS,82.1848,resnet_direct_fine06,32.3828,COMPARABLE,-8.4723,-26.16296305446101,True,-8.4723,-26.16296305446101,True
8,fr3_long_office_household_lightswitch,fr3_long_office_household,lightswitch,resnet_c2f_a_fine06_coarse02,Step-R:new,A,6,2,PASS,21.9253,resnet_direct_fine06,PASS,32.3828,resnet_direct_coarse02,PASS,83.76169999999999,resnet_direct_fine06,32.3828,COMPARABLE,-10.457500000000003,-32.29337796608076,True,-10.457500000000003,-32.29337796608076,True
8,fr3_long_office_household_lightswitch,fr3_long_office_household,lightswitch,resnet_c2f_a_fine06_coarse03,Step-R:new,A,6,3,PASS,21.5824,resnet_direct_fine06,PASS,32.3828,resnet_direct_coarse03,PASS,78.5534,resnet_direct_fine06,32.3828,COMPARABLE,-10.800400000000003,-33.35227342910435,True,-10.800400000000003,-33.35227342910435,True
8,fr3_long_office_household_lightswitch,fr3_long_office_household,lightswitch,resnet_c2f_a_fine06_coarse04,Step-R:new,A,6,4,PASS,20.5651,resnet_direct_fine06,PASS,32.3828,resnet_direct_coarse04,PASS,72.42309999999999,resnet_direct_fine06,32.3828,COMPARABLE,-11.817700000000002,-36.49375594451376,True,-11.817700000000002,-36.49375594451376,True
8,fr3_long_office_household_lightswitch,fr3_long_office_household,lightswitch,resnet_c2f_a_fine06_coarse05,Step-Q:resnet_c2f_a_f6_c5_positive_synergy,A,6,5,PASS,19.7013,resnet_direct_fine06,PASS,32.3828,resnet_direct_coarse05,PASS,65.5992,resnet_direct_fine06,32.3828,COMPARABLE,-12.681500000000003,-39.16122138913251,True,-12.681500000000003,-39.16122138913251,True
8,fr3_long_office_household_lightswitch,fr3_long_office_household,lightswitch,resnet_c2f_b_fine01_coarse01,Step-R:new,B,1,1,FAIL_TRACKING_NAN,,resnet_direct_fine01,FAIL_TRACKING_NAN,,resnet_direct_coarse01,PASS,82.1848,,,C2F_NONPASS,,,False,,,False
8,fr3_long_office_household_lightswitch,fr3_long_office_household,lightswitch,resnet_c2f_b_fine01_coarse02,Step-R:new,B,1,2,FAIL_TRACKING_NAN,,resnet_direct_fine01,FAIL_TRACKING_NAN,,resnet_direct_coarse02,PASS,83.76169999999999,,,C2F_NONPASS,,,False,,,False
8,fr3_long_office_household_lightswitch,fr3_long_office_household,lightswitch,resnet_c2f_b_fine01_coarse03,Step-R:new,B,1,3,FAIL_TRACKING_NAN,,resnet_direct_fine01,FAIL_TRACKING_NAN,,resnet_direct_coarse03,PASS,78.5534,,,C2F_NONPASS,,,False,,,False
8,fr3_long_office_household_lightswitch,fr3_long_office_household,lightswitch,resnet_c2f_b_fine01_coarse04,Step-Q:resnet_c2f_b_f1_c4_negative_high_parent,B,1,4,FAIL_TRACKING_NAN,,resnet_direct_fine01,FAIL_TRACKING_NAN,,resnet_direct_coarse04,PASS,72.42309999999999,,,C2F_NONPASS,,,False,,,False
8,fr3_long_office_household_lightswitch,fr3_long_office_household,lightswitch,resnet_c2f_b_fine01_coarse05,Step-R:new,B,1,5,FAIL_TRACKING_NAN,,resnet_direct_fine01,FAIL_TRACKING_NAN,,resnet_direct_coarse05,PASS,65.5992,,,C2F_NONPASS,,,False,,,False
8,fr3_long_office_household_lightswitch,fr3_long_office_household,lightswitch,resnet_c2f_b_fine02_coarse01,Step-R:new,B,2,1,PASS,15.1174,resnet_direct_fine02,PASS,10.2158,resnet_direct_coarse01,PASS,82.1848,resnet_direct_fine02,10.2158,COMPARABLE,4.9016,47.98057910295817,False,4.9016,47.98057910295817,False
8,fr3_long_office_household_lightswitch,fr3_long_office_household,lightswitch,resnet_c2f_b_fine02_coarse02,Step-R:new,B,2,2,PASS,12.8886,resnet_direct_fine02,PASS,10.2158,resnet_direct_coarse02,PASS,83.76169999999999,resnet_direct_fine02,10.2158,COMPARABLE,2.6728000000000005,26.1633939583782,False,2.6728000000000005,26.1633939583782,False
8,fr3_long_office_household_lightswitch,fr3_long_office_household,lightswitch,resnet_c2f_b_fine02_coarse03,Step-R:new,B,2,3,PASS,15.445800000000002,resnet_direct_fine02,PASS,10.2158,resnet_direct_coarse03,PASS,78.5534,resnet_direct_fine02,10.2158,COMPARABLE,5.230000000000002,51.195207423794535,False,5.230000000000002,51.195207423794535,False
8,fr3_long_office_household_lightswitch,fr3_long_office_household,lightswitch,resnet_c2f_b_fine02_coarse04,Step-Q:resnet_c2f_b_f2_c4_global_best,B,2,4,PASS,11.478,resnet_direct_fine02,PASS,10.2158,resnet_direct_coarse04,PASS,72.42309999999999,resnet_direct_fine02,10.2158,COMPARABLE,1.2622,12.355371091838133,False,1.2622,12.355371091838133,False
8,fr3_long_office_household_lightswitch,fr3_long_office_household,lightswitch,resnet_c2f_b_fine02_coarse05,Step-R:new,B,2,5,PASS,15.4635,resnet_direct_fine02,PASS,10.2158,resnet_direct_coarse05,PASS,65.5992,resnet_direct_fine02,10.2158,COMPARABLE,5.2477,51.36846845083107,False,5.2477,51.36846845083107,False
8,fr3_long_office_household_lightswitch,fr3_long_office_household,lightswitch,resnet_c2f_b_fine03_coarse01,Step-R:new,B,3,1,FAIL_TRACKING_NAN,,resnet_direct_fine03,PASS,31.596200000000003,resnet_direct_coarse01,PASS,82.1848,resnet_direct_fine03,31.596200000000003,C2F_NONPASS,,,False,,,False
8,fr3_long_office_household_lightswitch,fr3_long_office_household,lightswitch,resnet_c2f_b_fine03_coarse02,Step-R:new,B,3,2,PASS,20.4287,resnet_direct_fine03,PASS,31.596200000000003,resnet_direct_coarse02,PASS,83.76169999999999,resnet_direct_fine03,31.596200000000003,COMPARABLE,-11.167500000000004,-35.344440154195766,True,-11.167500000000004,-35.344440154195766,True
8,fr3_long_office_household_lightswitch,fr3_long_office_household,lightswitch,resnet_c2f_b_fine03_coarse03,Step-R:new,B,3,3,FAIL_TRACKING_NAN,,resnet_direct_fine03,PASS,31.596200000000003,resnet_direct_coarse03,PASS,78.5534,resnet_direct_fine03,31.596200000000003,C2F_NONPASS,,,False,,,False
8,fr3_long_office_household_lightswitch,fr3_long_office_household,lightswitch,resnet_c2f_b_fine03_coarse04,Step-R:new,B,3,4,FAIL_TRACKING_NAN,,resnet_direct_fine03,PASS,31.596200000000003,resnet_direct_coarse04,PASS,72.42309999999999,resnet_direct_fine03,31.596200000000003,C2F_NONPASS,,,False,,,False
8,fr3_long_office_household_lightswitch,fr3_long_office_household,lightswitch,resnet_c2f_b_fine03_coarse05,Step-R:new,B,3,5,PASS,21.087400000000002,resnet_direct_fine03,PASS,31.596200000000003,resnet_direct_coarse05,PASS,65.5992,resnet_direct_fine03,31.596200000000003,COMPARABLE,-10.5088,-33.25969578620214,True,-10.5088,-33.25969578620214,True
8,fr3_long_office_household_lightswitch,fr3_long_office_household,lightswitch,resnet_c2f_b_fine04_coarse01,Step-R:new,B,4,1,PASS,23.1318,resnet_direct_fine04,PASS,33.9327,resnet_direct_coarse01,PASS,82.1848,resnet_direct_fine04,33.9327,COMPARABLE,-10.800899999999999,-31.830358326923587,True,-10.800899999999999,-31.830358326923587,True
8,fr3_long_office_household_lightswitch,fr3_long_office_household,lightswitch,resnet_c2f_b_fine04_coarse02,Step-R:new,B,4,2,PASS,22.6542,resnet_direct_fine04,PASS,33.9327,resnet_direct_coarse02,PASS,83.76169999999999,resnet_direct_fine04,33.9327,COMPARABLE,-11.278499999999998,-33.23785021527906,True,-11.278499999999998,-33.23785021527906,True
8,fr3_long_office_household_lightswitch,fr3_long_office_household,lightswitch,resnet_c2f_b_fine04_coarse03,Step-R:new,B,4,3,PASS,22.2669,resnet_direct_fine04,PASS,33.9327,resnet_direct_coarse03,PASS,78.5534,resnet_direct_fine04,33.9327,COMPARABLE,-11.665799999999997,-34.379227117205524,True,-11.665799999999997,-34.379227117205524,True
8,fr3_long_office_household_lightswitch,fr3_long_office_household,lightswitch,resnet_c2f_b_fine04_coarse04,Step-R:new,B,4,4,PASS,21.8688,resnet_direct_fine04,PASS,33.9327,resnet_direct_coarse04,PASS,72.42309999999999,resnet_direct_fine04,33.9327,COMPARABLE,-12.063899999999997,-35.55243172515007,True,-12.063899999999997,-35.55243172515007,True
8,fr3_long_office_household_lightswitch,fr3_long_office_household,lightswitch,resnet_c2f_b_fine04_coarse05,Step-R:new,B,4,5,PASS,20.1644,resnet_direct_fine04,PASS,33.9327,resnet_direct_coarse05,PASS,65.5992,resnet_direct_fine04,33.9327,COMPARABLE,-13.768299999999996,-40.57531525637511,True,-13.768299999999996,-40.57531525637511,True
8,fr3_long_office_household_lightswitch,fr3_long_office_household,lightswitch,resnet_c2f_b_fine05_coarse01,Step-R:new,B,5,1,PASS,21.8764,resnet_direct_fine05,PASS,33.894200000000005,resnet_direct_coarse01,PASS,82.1848,resnet_direct_fine05,33.894200000000005,COMPARABLE,-12.017800000000005,-35.45680381894248,True,-12.017800000000005,-35.45680381894248,True
8,fr3_long_office_household_lightswitch,fr3_long_office_household,lightswitch,resnet_c2f_b_fine05_coarse02,Step-R:new,B,5,2,PASS,21.4868,resnet_direct_fine05,PASS,33.894200000000005,resnet_direct_coarse02,PASS,83.76169999999999,resnet_direct_fine05,33.894200000000005,COMPARABLE,-12.407400000000006,-36.60626301845155,True,-12.407400000000006,-36.60626301845155,True
8,fr3_long_office_household_lightswitch,fr3_long_office_household,lightswitch,resnet_c2f_b_fine05_coarse03,Step-R:new,B,5,3,PASS,22.808899999999998,resnet_direct_fine05,PASS,33.894200000000005,resnet_direct_coarse03,PASS,78.5534,resnet_direct_fine05,33.894200000000005,COMPARABLE,-11.085300000000007,-32.70559564763294,True,-11.085300000000007,-32.70559564763294,True
8,fr3_long_office_household_lightswitch,fr3_long_office_household,lightswitch,resnet_c2f_b_fine05_coarse04,Step-R:new,B,5,4,PASS,22.3511,resnet_direct_fine05,PASS,33.894200000000005,resnet_direct_coarse04,PASS,72.42309999999999,resnet_direct_fine05,33.894200000000005,COMPARABLE,-11.543100000000006,-34.056269214201855,True,-11.543100000000006,-34.056269214201855,True
8,fr3_long_office_household_lightswitch,fr3_long_office_household,lightswitch,resnet_c2f_b_fine05_coarse05,Step-R:new,B,5,5,PASS,20.4038,resnet_direct_fine05,PASS,33.894200000000005,resnet_direct_coarse05,PASS,65.5992,resnet_direct_fine05,33.894200000000005,COMPARABLE,-13.490400000000005,-39.80149996164536,True,-13.490400000000005,-39.80149996164536,True
8,fr3_long_office_household_lightswitch,fr3_long_office_household,lightswitch,resnet_c2f_b_fine06_coarse01,Step-R:new,B,6,1,PASS,21.8357,resnet_direct_fine06,PASS,32.3828,resnet_direct_coarse01,PASS,82.1848,resnet_direct_fine06,32.3828,COMPARABLE,-10.547100000000004,-32.57006806082242,True,-10.547100000000004,-32.57006806082242,True
8,fr3_long_office_household_lightswitch,fr3_long_office_household,lightswitch,resnet_c2f_b_fine06_coarse02,Step-R:new,B,6,2,PASS,21.2514,resnet_direct_fine06,PASS,32.3828,resnet_direct_coarse02,PASS,83.76169999999999,resnet_direct_fine06,32.3828,COMPARABLE,-11.131400000000003,-34.37442098892005,True,-11.131400000000003,-34.37442098892005,True
8,fr3_long_office_household_lightswitch,fr3_long_office_household,lightswitch,resnet_c2f_b_fine06_coarse03,Step-R:new,B,6,3,PASS,21.3937,resnet_direct_fine06,PASS,32.3828,resnet_direct_coarse03,PASS,78.5534,resnet_direct_fine06,32.3828,COMPARABLE,-10.989100000000004,-33.93499017997209,True,-10.989100000000004,-33.93499017997209,True
8,fr3_long_office_household_lightswitch,fr3_long_office_household,lightswitch,resnet_c2f_b_fine06_coarse04,Step-R:new,B,6,4,PASS,16.6001,resnet_direct_fine06,PASS,32.3828,resnet_direct_coarse04,PASS,72.42309999999999,resnet_direct_fine06,32.3828,COMPARABLE,-15.782700000000002,-48.73791024865052,True,-15.782700000000002,-48.73791024865052,True
8,fr3_long_office_household_lightswitch,fr3_long_office_household,lightswitch,resnet_c2f_b_fine06_coarse05,Step-R:new,B,6,5,PASS,16.0662,resnet_direct_fine06,PASS,32.3828,resnet_direct_coarse05,PASS,65.5992,resnet_direct_fine06,32.3828,COMPARABLE,-16.316600000000005,-50.38662499845598,True,-16.316600000000005,-50.38662499845598,True
9,fr3_long_office_household_flashlight,fr3_long_office_household,flashlight,resnet_c2f_a_fine01_coarse01,Step-R:new,A,1,1,PASS,21.5154,resnet_direct_fine01,PASS,11.6302,resnet_direct_coarse01,PASS,72.6413,resnet_direct_fine01,11.6302,COMPARABLE,9.8852,84.99595879692524,False,9.8852,84.99595879692524,False
9,fr3_long_office_household_flashlight,fr3_long_office_household,flashlight,resnet_c2f_a_fine01_coarse02,Step-R:new,A,1,2,PASS,19.3387,resnet_direct_fine01,PASS,11.6302,resnet_direct_coarse02,PASS,71.60300000000001,resnet_direct_fine01,11.6302,COMPARABLE,7.708499999999999,66.28002957816717,False,7.708499999999999,66.28002957816717,False
9,fr3_long_office_household_flashlight,fr3_long_office_household,flashlight,resnet_c2f_a_fine01_coarse03,Step-R:new,A,1,3,PASS,20.7624,resnet_direct_fine01,PASS,11.6302,resnet_direct_coarse03,PASS,74.8198,resnet_direct_fine01,11.6302,COMPARABLE,9.1322,78.52143557290502,False,9.1322,78.52143557290502,False
9,fr3_long_office_household_flashlight,fr3_long_office_household,flashlight,resnet_c2f_a_fine01_coarse04,Step-R:new,A,1,4,PASS,20.008200000000002,resnet_direct_fine01,PASS,11.6302,resnet_direct_coarse04,PASS,67.5551,resnet_direct_fine01,11.6302,COMPARABLE,8.378000000000002,72.03659438358757,False,8.378000000000002,72.03659438358757,False
9,fr3_long_office_household_flashlight,fr3_long_office_household,flashlight,resnet_c2f_a_fine01_coarse05,Step-R:new,A,1,5,PASS,18.7797,resnet_direct_fine01,PASS,11.6302,resnet_direct_coarse05,PASS,60.467999999999996,resnet_direct_fine01,11.6302,COMPARABLE,7.149499999999998,61.473577410534624,False,7.149499999999998,61.473577410534624,False
9,fr3_long_office_household_flashlight,fr3_long_office_household,flashlight,resnet_c2f_a_fine02_coarse01,Step-R:new,A,2,1,PASS,23.732300000000002,resnet_direct_fine02,PASS,11.877799999999999,resnet_direct_coarse01,PASS,72.6413,resnet_direct_fine02,11.877799999999999,COMPARABLE,11.854500000000003,99.80383572715489,False,11.854500000000003,99.80383572715489,False
9,fr3_long_office_household_flashlight,fr3_long_office_household,flashlight,resnet_c2f_a_fine02_coarse02,Step-R:new,A,2,2,PASS,25.1816,resnet_direct_fine02,PASS,11.877799999999999,resnet_direct_coarse02,PASS,71.60300000000001,resnet_direct_fine02,11.877799999999999,COMPARABLE,13.3038,112.00559026082273,False,13.3038,112.00559026082273,False
9,fr3_long_office_household_flashlight,fr3_long_office_household,flashlight,resnet_c2f_a_fine02_coarse03,Step-R:new,A,2,3,PASS,22.750500000000002,resnet_direct_fine02,PASS,11.877799999999999,resnet_direct_coarse03,PASS,74.8198,resnet_direct_fine02,11.877799999999999,COMPARABLE,10.872700000000004,91.53799525164597,False,10.872700000000004,91.53799525164597,False
9,fr3_long_office_household_flashlight,fr3_long_office_household,flashlight,resnet_c2f_a_fine02_coarse04,Step-Q:resnet_c2f_a_f2_c4_variant_negative,A,2,4,PASS,22.6986,resnet_direct_fine02,PASS,11.877799999999999,resnet_direct_coarse04,PASS,67.5551,resnet_direct_fine02,11.877799999999999,COMPARABLE,10.8208,91.10104564818401,False,10.8208,91.10104564818401,False
9,fr3_long_office_household_flashlight,fr3_long_office_household,flashlight,resnet_c2f_a_fine02_coarse05,Step-R:new,A,2,5,PASS,20.6017,resnet_direct_fine02,PASS,11.877799999999999,resnet_direct_coarse05,PASS,60.467999999999996,resnet_direct_fine02,11.877799999999999,COMPARABLE,8.723900000000002,73.44710299887187,False,8.723900000000002,73.44710299887187,False
9,fr3_long_office_household_flashlight,fr3_long_office_household,flashlight,resnet_c2f_a_fine03_coarse01,Step-R:new,A,3,1,PASS,20.4595,resnet_direct_fine03,PASS,13.405100000000001,resnet_direct_coarse01,PASS,72.6413,resnet_direct_fine03,13.405100000000001,COMPARABLE,7.054399999999998,52.62474729767027,False,7.054399999999998,52.62474729767027,False
9,fr3_long_office_household_flashlight,fr3_long_office_household,flashlight,resnet_c2f_a_fine03_coarse02,Step-R:new,A,3,2,PASS,19.9998,resnet_direct_fine03,PASS,13.405100000000001,resnet_direct_coarse02,PASS,71.60300000000001,resnet_direct_fine03,13.405100000000001,COMPARABLE,6.5947,49.19545546098126,False,6.5947,49.19545546098126,False
9,fr3_long_office_household_flashlight,fr3_long_office_household,flashlight,resnet_c2f_a_fine03_coarse03,Step-R:new,A,3,3,PASS,22.112399999999997,resnet_direct_fine03,PASS,13.405100000000001,resnet_direct_coarse03,PASS,74.8198,resnet_direct_fine03,13.405100000000001,COMPARABLE,8.707299999999996,64.95512901806026,False,8.707299999999996,64.95512901806026,False
9,fr3_long_office_household_flashlight,fr3_long_office_household,flashlight,resnet_c2f_a_fine03_coarse04,Step-R:new,A,3,4,PASS,20.8045,resnet_direct_fine03,PASS,13.405100000000001,resnet_direct_coarse04,PASS,67.5551,resnet_direct_fine03,13.405100000000001,COMPARABLE,7.3994,55.19839464084565,False,7.3994,55.19839464084565,False
9,fr3_long_office_household_flashlight,fr3_long_office_household,flashlight,resnet_c2f_a_fine03_coarse05,Step-R:new,A,3,5,PASS,19.006500000000003,resnet_direct_fine03,PASS,13.405100000000001,resnet_direct_coarse05,PASS,60.467999999999996,resnet_direct_fine03,13.405100000000001,COMPARABLE,5.601400000000002,41.785589066847706,False,5.601400000000002,41.785589066847706,False
9,fr3_long_office_household_flashlight,fr3_long_office_household,flashlight,resnet_c2f_a_fine04_coarse01,Step-R:new,A,4,1,PASS,23.2325,resnet_direct_fine04,PASS,19.9852,resnet_direct_coarse01,PASS,72.6413,resnet_direct_fine04,19.9852,COMPARABLE,3.2473000000000027,16.248523907691705,False,3.2473000000000027,16.248523907691705,False
9,fr3_long_office_household_flashlight,fr3_long_office_household,flashlight,resnet_c2f_a_fine04_coarse02,Step-R:new,A,4,2,PASS,22.7225,resnet_direct_fine04,PASS,19.9852,resnet_direct_coarse02,PASS,71.60300000000001,resnet_direct_fine04,19.9852,COMPARABLE,2.737300000000001,13.696635510277613,False,2.737300000000001,13.696635510277613,False
9,fr3_long_office_household_flashlight,fr3_long_office_household,flashlight,resnet_c2f_a_fine04_coarse03,Step-R:new,A,4,3,PASS,22.9188,resnet_direct_fine04,PASS,19.9852,resnet_direct_coarse03,PASS,74.8198,resnet_direct_fine04,19.9852,COMPARABLE,2.933600000000002,14.678862358145038,False,2.933600000000002,14.678862358145038,False
9,fr3_long_office_household_flashlight,fr3_long_office_household,flashlight,resnet_c2f_a_fine04_coarse04,Step-R:new,A,4,4,PASS,22.4791,resnet_direct_fine04,PASS,19.9852,resnet_direct_coarse04,PASS,67.5551,resnet_direct_fine04,19.9852,COMPARABLE,2.4939,12.478734263354882,False,2.4939,12.478734263354882,False
9,fr3_long_office_household_flashlight,fr3_long_office_household,flashlight,resnet_c2f_a_fine04_coarse05,Step-R:new,A,4,5,PASS,22.563,resnet_direct_fine04,PASS,19.9852,resnet_direct_coarse05,PASS,60.467999999999996,resnet_direct_fine04,19.9852,COMPARABLE,2.5778,12.898544923243199,False,2.5778,12.898544923243199,False
9,fr3_long_office_household_flashlight,fr3_long_office_household,flashlight,resnet_c2f_a_fine05_coarse01,Step-R:new,A,5,1,PASS,31.2592,resnet_direct_fine05,PASS,16.3337,resnet_direct_coarse01,PASS,72.6413,resnet_direct_fine05,16.3337,COMPARABLE,14.9255,91.37856088944942,False,14.9255,91.37856088944942,False
9,fr3_long_office_household_flashlight,fr3_long_office_household,flashlight,resnet_c2f_a_fine05_coarse02,Step-R:new,A,5,2,PASS,28.8644,resnet_direct_fine05,PASS,16.3337,resnet_direct_coarse02,PASS,71.60300000000001,resnet_direct_fine05,16.3337,COMPARABLE,12.5307,76.71684921358907,False,12.5307,76.71684921358907,False
9,fr3_long_office_household_flashlight,fr3_long_office_household,flashlight,resnet_c2f_a_fine05_coarse03,Step-R:new,A,5,3,PASS,28.487000000000002,resnet_direct_fine05,PASS,16.3337,resnet_direct_coarse03,PASS,74.8198,resnet_direct_fine05,16.3337,COMPARABLE,12.153300000000002,74.40628883841384,False,12.153300000000002,74.40628883841384,False
9,fr3_long_office_household_flashlight,fr3_long_office_household,flashlight,resnet_c2f_a_fine05_coarse04,Step-R:new,A,5,4,PASS,27.9965,resnet_direct_fine05,PASS,16.3337,resnet_direct_coarse04,PASS,67.5551,resnet_direct_fine05,16.3337,COMPARABLE,11.6628,71.4032950280708,False,11.6628,71.4032950280708,False
9,fr3_long_office_household_flashlight,fr3_long_office_household,flashlight,resnet_c2f_a_fine05_coarse05,Step-R:new,A,5,5,PASS,26.942700000000002,resnet_direct_fine05,PASS,16.3337,resnet_direct_coarse05,PASS,60.467999999999996,resnet_direct_fine05,16.3337,COMPARABLE,10.609000000000002,64.95160312727674,False,10.609000000000002,64.95160312727674,False
9,fr3_long_office_household_flashlight,fr3_long_office_household,flashlight,resnet_c2f_a_fine06_coarse01,Step-R:new,A,6,1,PASS,19.5231,resnet_direct_fine06,PASS,16.1544,resnet_direct_coarse01,PASS,72.6413,resnet_direct_fine06,16.1544,COMPARABLE,3.3687000000000005,20.853142177982473,False,3.3687000000000005,20.853142177982473,False
9,fr3_long_office_household_flashlight,fr3_long_office_household,flashlight,resnet_c2f_a_fine06_coarse02,Step-R:new,A,6,2,PASS,18.4537,resnet_direct_fine06,PASS,16.1544,resnet_direct_coarse02,PASS,71.60300000000001,resnet_direct_fine06,16.1544,COMPARABLE,2.2993000000000023,14.2332739067994,False,2.2993000000000023,14.2332739067994,False
9,fr3_long_office_household_flashlight,fr3_long_office_household,flashlight,resnet_c2f_a_fine06_coarse03,Step-R:new,A,6,3,PASS,19.9423,resnet_direct_fine06,PASS,16.1544,resnet_direct_coarse03,PASS,74.8198,resnet_direct_fine06,16.1544,COMPARABLE,3.7879000000000005,23.44810082701927,False,3.7879000000000005,23.44810082701927,False
9,fr3_long_office_household_flashlight,fr3_long_office_household,flashlight,resnet_c2f_a_fine06_coarse04,Step-R:new,A,6,4,PASS,18.7187,resnet_direct_fine06,PASS,16.1544,resnet_direct_coarse04,PASS,67.5551,resnet_direct_fine06,16.1544,COMPARABLE,2.5642999999999994,15.873693854305946,False,2.5642999999999994,15.873693854305946,False
9,fr3_long_office_household_flashlight,fr3_long_office_household,flashlight,resnet_c2f_a_fine06_coarse05,Step-Q:resnet_c2f_a_f6_c5_positive_synergy,A,6,5,PASS,19.1299,resnet_direct_fine06,PASS,16.1544,resnet_direct_coarse05,PASS,60.467999999999996,resnet_direct_fine06,16.1544,COMPARABLE,2.9755000000000003,18.419130391719904,False,2.9755000000000003,18.419130391719904,False
9,fr3_long_office_household_flashlight,fr3_long_office_household,flashlight,resnet_c2f_b_fine01_coarse01,Step-R:new,B,1,1,PASS,12.745000000000001,resnet_direct_fine01,PASS,11.6302,resnet_direct_coarse01,PASS,72.6413,resnet_direct_fine01,11.6302,COMPARABLE,1.1148000000000007,9.58538976113911,False,1.1148000000000007,9.58538976113911,False
9,fr3_long_office_household_flashlight,fr3_long_office_household,flashlight,resnet_c2f_b_fine01_coarse02,Step-R:new,B,1,2,PASS,12.417,resnet_direct_fine01,PASS,11.6302,resnet_direct_coarse02,PASS,71.60300000000001,resnet_direct_fine01,11.6302,COMPARABLE,0.7867999999999995,6.765145913225908,False,0.7867999999999995,6.765145913225908,False
9,fr3_long_office_household_flashlight,fr3_long_office_household,flashlight,resnet_c2f_b_fine01_coarse03,Step-R:new,B,1,3,PASS,12.2045,resnet_direct_fine01,PASS,11.6302,resnet_direct_coarse03,PASS,74.8198,resnet_direct_fine01,11.6302,COMPARABLE,0.5742999999999991,4.938006225172389,False,0.5742999999999991,4.938006225172389,False
9,fr3_long_office_household_flashlight,fr3_long_office_household,flashlight,resnet_c2f_b_fine01_coarse04,Step-Q:resnet_c2f_b_f1_c4_negative_high_parent,B,1,4,PASS,12.418999999999999,resnet_direct_fine01,PASS,11.6302,resnet_direct_coarse04,PASS,67.5551,resnet_direct_fine01,11.6302,COMPARABLE,0.7887999999999984,6.782342522054637,False,0.7887999999999984,6.782342522054637,False
9,fr3_long_office_household_flashlight,fr3_long_office_household,flashlight,resnet_c2f_b_fine01_coarse05,Step-R:new,B,1,5,PASS,12.1362,resnet_direct_fine01,PASS,11.6302,resnet_direct_coarse05,PASS,60.467999999999996,resnet_direct_fine01,11.6302,COMPARABLE,0.5060000000000002,4.350742033670962,False,0.5060000000000002,4.350742033670962,False
9,fr3_long_office_household_flashlight,fr3_long_office_household,flashlight,resnet_c2f_b_fine02_coarse01,Step-R:new,B,2,1,PASS,12.9011,resnet_direct_fine02,PASS,11.877799999999999,resnet_direct_coarse01,PASS,72.6413,resnet_direct_fine02,11.877799999999999,COMPARABLE,1.0233000000000008,8.615231776928393,False,1.0233000000000008,8.615231776928393,False
9,fr3_long_office_household_flashlight,fr3_long_office_household,flashlight,resnet_c2f_b_fine02_coarse02,Step-R:new,B,2,2,PASS,13.4,resnet_direct_fine02,PASS,11.877799999999999,resnet_direct_coarse02,PASS,71.60300000000001,resnet_direct_fine02,11.877799999999999,COMPARABLE,1.5222000000000016,12.815504554715533,False,1.5222000000000016,12.815504554715533,False
9,fr3_long_office_household_flashlight,fr3_long_office_household,flashlight,resnet_c2f_b_fine02_coarse03,Step-R:new,B,2,3,PASS,13.131599999999999,resnet_direct_fine02,PASS,11.877799999999999,resnet_direct_coarse03,PASS,74.8198,resnet_direct_fine02,11.877799999999999,COMPARABLE,1.2538,10.555826836619577,False,1.2538,10.555826836619577,False
9,fr3_long_office_household_flashlight,fr3_long_office_household,flashlight,resnet_c2f_b_fine02_coarse04,Step-Q:resnet_c2f_b_f2_c4_global_best,B,2,4,PASS,12.388499999999999,resnet_direct_fine02,PASS,11.877799999999999,resnet_direct_coarse04,PASS,67.5551,resnet_direct_fine02,11.877799999999999,COMPARABLE,0.5106999999999999,4.299617774335315,False,0.5106999999999999,4.299617774335315,False
9,fr3_long_office_household_flashlight,fr3_long_office_household,flashlight,resnet_c2f_b_fine02_coarse05,Step-R:new,B,2,5,PASS,12.661800000000001,resnet_direct_fine02,PASS,11.877799999999999,resnet_direct_coarse05,PASS,60.467999999999996,resnet_direct_fine02,11.877799999999999,COMPARABLE,0.7840000000000025,6.600548923201288,False,0.7840000000000025,6.600548923201288,False
9,fr3_long_office_household_flashlight,fr3_long_office_household,flashlight,resnet_c2f_b_fine03_coarse01,Step-R:new,B,3,1,PASS,13.928799999999999,resnet_direct_fine03,PASS,13.405100000000001,resnet_direct_coarse01,PASS,72.6413,resnet_direct_fine03,13.405100000000001,COMPARABLE,0.5236999999999981,3.9067220684664643,False,0.5236999999999981,3.9067220684664643,False
9,fr3_long_office_household_flashlight,fr3_long_office_household,flashlight,resnet_c2f_b_fine03_coarse02,Step-R:new,B,3,2,PASS,13.7223,resnet_direct_fine03,PASS,13.405100000000001,resnet_direct_coarse02,PASS,71.60300000000001,resnet_direct_fine03,13.405100000000001,COMPARABLE,0.3171999999999997,2.366263586247023,False,0.3171999999999997,2.366263586247023,False
9,fr3_long_office_household_flashlight,fr3_long_office_household,flashlight,resnet_c2f_b_fine03_coarse03,Step-R:new,B,3,3,PASS,13.9591,resnet_direct_fine03,PASS,13.405100000000001,resnet_direct_coarse03,PASS,74.8198,resnet_direct_fine03,13.405100000000001,COMPARABLE,0.5539999999999985,4.132755443823608,False,0.5539999999999985,4.132755443823608,False
9,fr3_long_office_household_flashlight,fr3_long_office_household,flashlight,resnet_c2f_b_fine03_coarse04,Step-R:new,B,3,4,PASS,13.8669,resnet_direct_fine03,PASS,13.405100000000001,resnet_direct_coarse04,PASS,67.5551,resnet_direct_fine03,13.405100000000001,COMPARABLE,0.46179999999999843,3.4449575161692074,False,0.46179999999999843,3.4449575161692074,False
9,fr3_long_office_household_flashlight,fr3_long_office_household,flashlight,resnet_c2f_b_fine03_coarse05,Step-R:new,B,3,5,PASS,13.9437,resnet_direct_fine03,PASS,13.405100000000001,resnet_direct_coarse05,PASS,60.467999999999996,resnet_direct_fine03,13.405100000000001,COMPARABLE,0.5385999999999989,4.01787379430216,False,0.5385999999999989,4.01787379430216,False
9,fr3_long_office_household_flashlight,fr3_long_office_household,flashlight,resnet_c2f_b_fine04_coarse01,Step-R:new,B,4,1,PASS,20.2267,resnet_direct_fine04,PASS,19.9852,resnet_direct_coarse01,PASS,72.6413,resnet_direct_fine04,19.9852,COMPARABLE,0.24150000000000205,1.2083942117166806,False,0.24150000000000205,1.2083942117166806,False
9,fr3_long_office_household_flashlight,fr3_long_office_household,flashlight,resnet_c2f_b_fine04_coarse02,Step-R:new,B,4,2,PASS,20.4286,resnet_direct_fine04,PASS,19.9852,resnet_direct_coarse02,PASS,71.60300000000001,resnet_direct_fine04,19.9852,COMPARABLE,0.44340000000000046,2.2186417949282493,False,0.44340000000000046,2.2186417949282493,False
9,fr3_long_office_household_flashlight,fr3_long_office_household,flashlight,resnet_c2f_b_fine04_coarse03,Step-R:new,B,4,3,PASS,20.5724,resnet_direct_fine04,PASS,19.9852,resnet_direct_coarse03,PASS,74.8198,resnet_direct_fine04,19.9852,COMPARABLE,0.5871999999999993,2.938174248944215,False,0.5871999999999993,2.938174248944215,False
9,fr3_long_office_household_flashlight,fr3_long_office_household,flashlight,resnet_c2f_b_fine04_coarse04,Step-R:new,B,4,4,PASS,20.8503,resnet_direct_fine04,PASS,19.9852,resnet_direct_coarse04,PASS,67.5551,resnet_direct_fine04,19.9852,COMPARABLE,0.8651000000000018,4.328703240397903,False,0.8651000000000018,4.328703240397903,False
9,fr3_long_office_household_flashlight,fr3_long_office_household,flashlight,resnet_c2f_b_fine04_coarse05,Step-R:new,B,4,5,PASS,21.0661,resnet_direct_fine04,PASS,19.9852,resnet_direct_coarse05,PASS,60.467999999999996,resnet_direct_fine04,19.9852,COMPARABLE,1.0808999999999997,5.408502291695854,False,1.0808999999999997,5.408502291695854,False
9,fr3_long_office_household_flashlight,fr3_long_office_household,flashlight,resnet_c2f_b_fine05_coarse01,Step-R:new,B,5,1,PASS,19.0555,resnet_direct_fine05,PASS,16.3337,resnet_direct_coarse01,PASS,72.6413,resnet_direct_fine05,16.3337,COMPARABLE,2.721799999999998,16.663707549422348,False,2.721799999999998,16.663707549422348,False
9,fr3_long_office_household_flashlight,fr3_long_office_household,flashlight,resnet_c2f_b_fine05_coarse02,Step-R:new,B,5,2,PASS,17.918,resnet_direct_fine05,PASS,16.3337,resnet_direct_coarse02,PASS,71.60300000000001,resnet_direct_fine05,16.3337,COMPARABLE,1.584299999999999,9.69957817273489,False,1.584299999999999,9.69957817273489,False
9,fr3_long_office_household_flashlight,fr3_long_office_household,flashlight,resnet_c2f_b_fine05_coarse03,Step-R:new,B,5,3,PASS,18.412300000000002,resnet_direct_fine05,PASS,16.3337,resnet_direct_coarse03,PASS,74.8198,resnet_direct_fine05,16.3337,COMPARABLE,2.0786000000000016,12.725836766929731,False,2.0786000000000016,12.725836766929731,False
9,fr3_long_office_household_flashlight,fr3_long_office_household,flashlight,resnet_c2f_b_fine05_coarse04,Step-R:new,B,5,4,PASS,18.8593,resnet_direct_fine05,PASS,16.3337,resnet_direct_coarse04,PASS,67.5551,resnet_direct_fine05,16.3337,COMPARABLE,2.5256000000000007,15.46251002528515,False,2.5256000000000007,15.46251002528515,False
9,fr3_long_office_household_flashlight,fr3_long_office_household,flashlight,resnet_c2f_b_fine05_coarse05,Step-R:new,B,5,5,PASS,18.0914,resnet_direct_fine05,PASS,16.3337,resnet_direct_coarse05,PASS,60.467999999999996,resnet_direct_fine05,16.3337,COMPARABLE,1.7576999999999998,10.761186993761363,False,1.7576999999999998,10.761186993761363,False
9,fr3_long_office_household_flashlight,fr3_long_office_household,flashlight,resnet_c2f_b_fine06_coarse01,Step-R:new,B,6,1,PASS,16.279,resnet_direct_fine06,PASS,16.1544,resnet_direct_coarse01,PASS,72.6413,resnet_direct_fine06,16.1544,COMPARABLE,0.12460000000000093,0.7713068885257326,False,0.12460000000000093,0.7713068885257326,False
9,fr3_long_office_household_flashlight,fr3_long_office_household,flashlight,resnet_c2f_b_fine06_coarse02,Step-R:new,B,6,2,PASS,16.2559,resnet_direct_fine06,PASS,16.1544,resnet_direct_coarse02,PASS,71.60300000000001,resnet_direct_fine06,16.1544,COMPARABLE,0.10150000000000148,0.6283117912147866,False,0.10150000000000148,0.6283117912147866,False
9,fr3_long_office_household_flashlight,fr3_long_office_household,flashlight,resnet_c2f_b_fine06_coarse03,Step-R:new,B,6,3,PASS,16.139300000000002,resnet_direct_fine06,PASS,16.1544,resnet_direct_coarse03,PASS,74.8198,resnet_direct_fine06,16.1544,COMPARABLE,-0.015099999999996783,-0.09347298568808983,True,-0.015099999999996783,-0.09347298568808983,True
9,fr3_long_office_household_flashlight,fr3_long_office_household,flashlight,resnet_c2f_b_fine06_coarse04,Step-R:new,B,6,4,PASS,16.4556,resnet_direct_fine06,PASS,16.1544,resnet_direct_coarse04,PASS,67.5551,resnet_direct_fine06,16.1544,COMPARABLE,0.30120000000000147,1.86450750259992,False,0.30120000000000147,1.86450750259992,False
9,fr3_long_office_household_flashlight,fr3_long_office_household,flashlight,resnet_c2f_b_fine06_coarse05,Step-R:new,B,6,5,PASS,16.5942,resnet_direct_fine06,PASS,16.1544,resnet_direct_coarse05,PASS,60.467999999999996,resnet_direct_fine06,16.1544,COMPARABLE,0.43980000000000175,2.722478086465618,False,0.43980000000000175,2.722478086465618,False
