1311868164.4309 0.0018 0.0013 -0.0035 -0.0022 -0.0028 -0.0017 1.0000
1311868164.4631 0.0036 0.0030 -0.0063 -0.0042 -0.0033 -0.0045 1.0000
1311868164.4991 0.0069 0.0034 -0.0081 -0.0060 -0.0018 -0.0075 1.0000
1311868164.5310 0.0085 0.0030 -0.0109 -0.0066 0.0015 -0.0094 0.9999
1311868164.5630 0.0094 0.0028 -0.0140 -0.0063 0.0041 -0.0110 0.9999
1311868164.5991 0.0118 0.0022 -0.0178 -0.0051 0.0050 -0.0129 0.9999
1311868164.6311 0.0147 0.0023 -0.0228 -0.0033 0.0057 -0.0137 0.9999
1311868164.6631 0.0161 0.0032 -0.0271 -0.0023 0.0053 -0.0142 0.9999
1311868164.6990 0.0187 0.0034 -0.0312 -0.0024 0.0037 -0.0140 0.9999
1311868164.7310 0.0224 0.0016 -0.0327 -0.0026 0.0023 -0.0132 0.9999
1311868164.7631 0.0258 0.0003 -0.0361 -0.0006 0.0012 -0.0128 0.9999
1311868164.7991 0.0303 -0.0009 -0.0383 0.0017 0.0007 -0.0132 0.9999
1311868164.8310 0.0366 -0.0022 -0.0415 0.0055 0.0006 -0.0137 0.9999
1311868164.8631 0.0435 -0.0021 -0.0444 0.0088 0.0017 -0.0148 0.9999
1311868164.8991 0.0492 -0.0035 -0.0465 0.0120 0.0035 -0.0154 0.9998
1311868164.9309 0.0553 -0.0015 -0.0509 0.0151 0.0046 -0.0173 0.9997
1311868164.9631 0.0612 0.0015 -0.0558 0.0153 0.0047 -0.0194 0.9997
1311868164.9990 0.0652 -0.0005 -0.0568 0.0129 0.0034 -0.0196 0.9997
1311868165.0311 0.0730 -0.0016 -0.0591 0.0126 -0.0001 -0.0192 0.9997
1311868165.0631 0.0803 -0.0014 -0.0640 0.0124 -0.0036 -0.0208 0.9997
1311868165.0992 0.0888 -0.0025 -0.0665 0.0118 -0.0065 -0.0237 0.9996
1311868165.1310 0.0953 -0.0039 -0.0693 0.0136 -0.0081 -0.0260 0.9995
1311868165.1631 0.1026 -0.0019 -0.0739 0.0161 -0.0097 -0.0291 0.9994
1311868165.1991 0.1104 -0.0002 -0.0796 0.0172 -0.0110 -0.0319 0.9993
1311868165.2312 0.1185 0.0020 -0.0848 0.0169 -0.0118 -0.0335 0.9992
1311868165.2630 0.1252 0.0048 -0.0879 0.0157 -0.0135 -0.0349 0.9992
1311868165.2991 0.1327 0.0079 -0.0929 0.0132 -0.0171 -0.0362 0.9991
1311868165.3312 0.1418 0.0090 -0.0956 0.0095 -0.0215 -0.0374 0.9990
1311868165.3631 0.1493 0.0080 -0.0971 0.0076 -0.0241 -0.0380 0.9990
1311868165.3992 0.1555 0.0104 -0.1007 0.0075 -0.0251 -0.0392 0.9989
1311868165.4310 0.1633 0.0147 -0.1052 0.0061 -0.0257 -0.0396 0.9989
1311868165.4631 0.1687 0.0177 -0.1079 0.0016 -0.0261 -0.0375 0.9990
1311868165.4992 0.1728 0.0190 -0.1097 -0.0033 -0.0273 -0.0350 0.9990
1311868165.5311 0.1775 0.0195 -0.1108 -0.0080 -0.0283 -0.0334 0.9990
1311868165.5631 0.1822 0.0191 -0.1138 -0.0111 -0.0280 -0.0323 0.9990
1311868165.5992 0.1865 0.0175 -0.1159 -0.0122 -0.0274 -0.0332 0.9990
1311868165.6312 0.1914 0.0178 -0.1215 -0.0112 -0.0263 -0.0352 0.9990
1311868165.6633 0.1964 0.0185 -0.1249 -0.0104 -0.0241 -0.0363 0.9990
1311868165.6992 0.2001 0.0199 -0.1287 -0.0087 -0.0215 -0.0369 0.9991
1311868165.7312 0.2025 0.0211 -0.1355 -0.0077 -0.0193 -0.0379 0.9991
1311868165.7631 0.2054 0.0238 -0.1421 -0.0079 -0.0166 -0.0377 0.9991
1311868165.7991 0.2073 0.0258 -0.1474 -0.0097 -0.0132 -0.0360 0.9992
1311868165.8312 0.2085 0.0270 -0.1548 -0.0119 -0.0106 -0.0352 0.9993
1311868165.8632 0.2101 0.0286 -0.1608 -0.0146 -0.0077 -0.0356 0.9992
1311868165.8992 0.2112 0.0287 -0.1652 -0.0167 -0.0040 -0.0358 0.9992
1311868165.9312 0.2110 0.0292 -0.1699 -0.0167 -0.0000 -0.0348 0.9993
1311868165.9632 0.2100 0.0313 -0.1773 -0.0160 0.0037 -0.0339 0.9993
1311868165.9991 0.2100 0.0352 -0.1865 -0.0169 0.0065 -0.0326 0.9993
1311868166.0312 0.2099 0.0372 -0.1943 -0.0189 0.0099 -0.0291 0.9993
1311868166.0631 0.2095 0.0420 -0.2026 -0.0217 0.0129 -0.0251 0.9994
1311868166.0992 0.2066 0.0442 -0.2083 -0.0264 0.0153 -0.0244 0.9992
1311868166.1313 0.2042 0.0478 -0.2137 -0.0288 0.0165 -0.0250 0.9991
1311868166.1632 0.2028 0.0539 -0.2207 -0.0311 0.0173 -0.0256 0.9990
1311868166.1992 0.2022 0.0584 -0.2287 -0.0352 0.0190 -0.0260 0.9989
1311868166.2311 0.2015 0.0633 -0.2350 -0.0386 0.0211 -0.0250 0.9987
1311868166.2632 0.2021 0.0690 -0.2421 -0.0423 0.0234 -0.0233 0.9986
1311868166.2992 0.2033 0.0750 -0.2482 -0.0467 0.0263 -0.0197 0.9984
1311868166.3312 0.2033 0.0819 -0.2517 -0.0515 0.0284 -0.0174 0.9981
1311868166.3631 0.2043 0.0877 -0.2563 -0.0560 0.0285 -0.0176 0.9979
1311868166.3992 0.2046 0.0910 -0.2601 -0.0596 0.0289 -0.0185 0.9976
1311868166.4312 0.2089 0.0955 -0.2664 -0.0612 0.0298 -0.0201 0.9975
1311868166.4630 0.2105 0.0967 -0.2716 -0.0634 0.0327 -0.0212 0.9972
1311868166.4992 0.2123 0.0986 -0.2747 -0.0641 0.0365 -0.0210 0.9971
1311868166.5313 0.2167 0.1029 -0.2777 -0.0641 0.0381 -0.0210 0.9970
1311868166.5631 0.2190 0.1040 -0.2822 -0.0637 0.0388 -0.0219 0.9970
1311868166.5992 0.2228 0.1063 -0.2878 -0.0628 0.0387 -0.0217 0.9970
1311868166.6313 0.2258 0.1068 -0.2913 -0.0626 0.0383 -0.0216 0.9971
1311868166.6633 0.2303 0.1075 -0.2945 -0.0620 0.0377 -0.0208 0.9971
1311868166.6993 0.2373 0.1072 -0.2983 -0.0613 0.0370 -0.0192 0.9972
1311868166.7311 0.2413 0.1073 -0.3000 -0.0602 0.0368 -0.0182 0.9973
1311868166.7633 0.2470 0.1077 -0.3028 -0.0588 0.0356 -0.0178 0.9975
1311868166.7992 0.2535 0.1081 -0.3059 -0.0574 0.0337 -0.0180 0.9976
1311868166.8312 0.2615 0.1073 -0.3094 -0.0562 0.0314 -0.0184 0.9978
1311868166.8632 0.2709 0.1078 -0.3118 -0.0550 0.0284 -0.0201 0.9979
1311868166.8993 0.2812 0.1087 -0.3132 -0.0536 0.0252 -0.0223 0.9980
1311868166.9312 0.2923 0.1074 -0.3157 -0.0522 0.0228 -0.0247 0.9981
1311868166.9633 0.3045 0.1074 -0.3162 -0.0505 0.0201 -0.0274 0.9981
1311868166.9993 0.3161 0.1084 -0.3177 -0.0487 0.0169 -0.0305 0.9982
1311868167.0311 0.3285 0.1093 -0.3188 -0.0483 0.0125 -0.0339 0.9982
1311868167.0632 0.3424 0.1096 -0.3193 -0.0484 0.0073 -0.0370 0.9981
1311868167.0993 0.3547 0.1092 -0.3202 -0.0485 0.0030 -0.0391 0.9981
1311868167.1632 0.3779 0.1077 -0.3206 -0.0485 -0.0056 -0.0441 0.9978
1311868167.1993 0.3898 0.1065 -0.3193 -0.0471 -0.0105 -0.0468 0.9977
1311868167.2313 0.4022 0.1066 -0.3199 -0.0452 -0.0162 -0.0501 0.9976
1311868167.2633 0.4143 0.1057 -0.3215 -0.0444 -0.0214 -0.0534 0.9974
1311868167.2991 0.4258 0.1050 -0.3224 -0.0432 -0.0252 -0.0561 0.9972
1311868167.3311 0.4347 0.1051 -0.3247 -0.0426 -0.0271 -0.0580 0.9970
1311868167.3633 0.4439 0.1045 -0.3257 -0.0428 -0.0290 -0.0599 0.9969
1311868167.3992 0.4525 0.1046 -0.3259 -0.0431 -0.0304 -0.0607 0.9968
1311868167.4312 0.4619 0.1051 -0.3249 -0.0436 -0.0329 -0.0605 0.9967
1311868167.4633 0.4693 0.1053 -0.3254 -0.0438 -0.0355 -0.0598 0.9966
1311868167.4991 0.4772 0.1044 -0.3255 -0.0440 -0.0383 -0.0603 0.9965
1311868167.5313 0.4849 0.1025 -0.3263 -0.0434 -0.0405 -0.0620 0.9963
1311868167.5632 0.4919 0.1023 -0.3275 -0.0428 -0.0412 -0.0625 0.9963
1311868167.5992 0.4983 0.1022 -0.3276 -0.0427 -0.0420 -0.0623 0.9963
1311868167.6315 0.5035 0.1014 -0.3265 -0.0430 -0.0431 -0.0623 0.9962
1311868167.6634 0.5074 0.1013 -0.3268 -0.0431 -0.0442 -0.0625 0.9961
1311868167.6992 0.5111 0.1020 -0.3274 -0.0440 -0.0452 -0.0627 0.9960
1311868167.7312 0.5174 0.1022 -0.3257 -0.0460 -0.0466 -0.0634 0.9958
1311868167.7633 0.5206 0.1000 -0.3243 -0.0478 -0.0471 -0.0640 0.9957
1311868167.7992 0.5248 0.1002 -0.3222 -0.0492 -0.0476 -0.0635 0.9956
1311868167.8631 0.5331 0.0961 -0.3168 -0.0510 -0.0472 -0.0636 0.9956
1311868167.8994 0.5366 0.0936 -0.3121 -0.0499 -0.0467 -0.0611 0.9958
1311868167.9312 0.5386 0.0910 -0.3101 -0.0481 -0.0472 -0.0584 0.9960
1311868167.9993 0.5473 0.0871 -0.3084 -0.0472 -0.0490 -0.0540 0.9962
1311868168.0313 0.5498 0.0847 -0.3044 -0.0477 -0.0494 -0.0521 0.9963
1311868168.0632 0.5529 0.0809 -0.3004 -0.0483 -0.0495 -0.0517 0.9963
1311868168.0993 0.5552 0.0784 -0.2956 -0.0474 -0.0493 -0.0517 0.9963
1311868168.1312 0.5561 0.0757 -0.2912 -0.0463 -0.0492 -0.0527 0.9963
1311868168.1633 0.5575 0.0742 -0.2868 -0.0449 -0.0493 -0.0539 0.9963
1311868168.1992 0.5584 0.0726 -0.2825 -0.0441 -0.0495 -0.0557 0.9962
1311868168.2633 0.5592 0.0708 -0.2727 -0.0450 -0.0497 -0.0590 0.9960
1311868168.2996 0.5600 0.0685 -0.2661 -0.0465 -0.0509 -0.0594 0.9958
1311868168.3312 0.5594 0.0655 -0.2592 -0.0483 -0.0523 -0.0602 0.9956
1311868168.3632 0.5581 0.0591 -0.2510 -0.0500 -0.0535 -0.0611 0.9954
1311868168.3994 0.5578 0.0522 -0.2426 -0.0490 -0.0548 -0.0624 0.9953
1311868168.4312 0.5568 0.0452 -0.2363 -0.0468 -0.0559 -0.0650 0.9952
1311868168.4633 0.5561 0.0374 -0.2297 -0.0437 -0.0563 -0.0668 0.9952
1311868168.4993 0.5545 0.0311 -0.2221 -0.0396 -0.0566 -0.0667 0.9954
1311868168.5633 0.5529 0.0251 -0.2126 -0.0330 -0.0597 -0.0661 0.9955
1311868168.5994 0.5520 0.0223 -0.2051 -0.0329 -0.0614 -0.0650 0.9955
1311868168.6633 0.5518 0.0140 -0.1931 -0.0316 -0.0642 -0.0654 0.9953
1311868168.6996 0.5525 0.0122 -0.1886 -0.0306 -0.0639 -0.0661 0.9953
1311868168.7633 0.5516 0.0098 -0.1786 -0.0303 -0.0645 -0.0648 0.9954
1311868168.7994 0.5507 0.0086 -0.1724 -0.0312 -0.0663 -0.0640 0.9953
1311868168.8312 0.5504 0.0070 -0.1649 -0.0319 -0.0686 -0.0632 0.9951
1311868168.8993 0.5507 0.0020 -0.1545 -0.0299 -0.0730 -0.0665 0.9947
1311868168.9312 0.5514 -0.0017 -0.1483 -0.0278 -0.0746 -0.0690 0.9944
1311868168.9633 0.5522 -0.0041 -0.1424 -0.0250 -0.0771 -0.0715 0.9941
1311868168.9994 0.5536 -0.0082 -0.1380 -0.0225 -0.0806 -0.0742 0.9937
1311868169.0312 0.5548 -0.0131 -0.1332 -0.0206 -0.0845 -0.0760 0.9933
1311868169.0634 0.5570 -0.0183 -0.1285 -0.0185 -0.0885 -0.0768 0.9929
1311868169.0993 0.5595 -0.0243 -0.1228 -0.0159 -0.0928 -0.0781 0.9925
1311868169.1312 0.5619 -0.0287 -0.1177 -0.0129 -0.0971 -0.0803 0.9919
1311868169.1995 0.5667 -0.0370 -0.1039 -0.0078 -0.1083 -0.0869 0.9903
1311868169.2314 0.5695 -0.0421 -0.0984 -0.0054 -0.1144 -0.0903 0.9893
1311868169.2633 0.5732 -0.0478 -0.0925 -0.0035 -0.1206 -0.0931 0.9883
1311868169.2995 0.5759 -0.0532 -0.0867 -0.0016 -0.1264 -0.0968 0.9872
1311868169.3313 0.5789 -0.0608 -0.0797 0.0013 -0.1323 -0.1016 0.9860
1311868169.3635 0.5823 -0.0676 -0.0728 0.0051 -0.1381 -0.1068 0.9846
1311868169.3994 0.5854 -0.0738 -0.0662 0.0091 -0.1445 -0.1119 0.9831
1311868169.4314 0.5890 -0.0808 -0.0596 0.0121 -0.1516 -0.1159 0.9815
1311868169.4632 0.5928 -0.0882 -0.0536 0.0149 -0.1585 -0.1195 0.9800
1311868169.4993 0.5980 -0.0965 -0.0486 0.0174 -0.1646 -0.1243 0.9783
1311868169.5314 0.6035 -0.1053 -0.0436 0.0202 -0.1690 -0.1292 0.9769
1311868169.5635 0.6082 -0.1141 -0.0384 0.0237 -0.1718 -0.1336 0.9757
1311868169.5994 0.6123 -0.1196 -0.0335 0.0286 -0.1740 -0.1375 0.9747
1311868169.6313 0.6144 -0.1227 -0.0298 0.0325 -0.1773 -0.1409 0.9735
1311868169.6632 0.6178 -0.1273 -0.0266 0.0351 -0.1831 -0.1437 0.9719
1311868169.6995 0.6226 -0.1314 -0.0235 0.0367 -0.1893 -0.1460 0.9703
1311868169.7313 0.6308 -0.1371 -0.0209 0.0377 -0.1946 -0.1480 0.9689
1311868169.7634 0.6373 -0.1432 -0.0168 0.0383 -0.1969 -0.1483 0.9684
1311868169.7994 0.6406 -0.1474 -0.0144 0.0404 -0.1981 -0.1473 0.9682
1311868169.8314 0.6440 -0.1499 -0.0122 0.0416 -0.1998 -0.1474 0.9678
1311868169.8634 0.6485 -0.1529 -0.0100 0.0417 -0.2014 -0.1482 0.9673
1311868169.8994 0.6531 -0.1567 -0.0083 0.0418 -0.2029 -0.1473 0.9672
1311868169.9313 0.6599 -0.1602 -0.0066 0.0410 -0.2035 -0.1465 0.9672
1311868169.9634 0.6652 -0.1661 -0.0032 0.0408 -0.2030 -0.1450 0.9675
1311868169.9994 0.6690 -0.1704 -0.0022 0.0428 -0.2019 -0.1407 0.9683
1311868170.0313 0.6744 -0.1702 -0.0042 0.0442 -0.2022 -0.1356 0.9689
1311868170.0635 0.6775 -0.1726 -0.0041 0.0433 -0.2035 -0.1333 0.9690
1311868170.0994 0.6814 -0.1783 -0.0052 0.0441 -0.2061 -0.1306 0.9688
1311868170.1313 0.6893 -0.1803 -0.0089 0.0466 -0.2086 -0.1283 0.9684
1311868170.1634 0.6970 -0.1817 -0.0126 0.0481 -0.2093 -0.1277 0.9683
1311868170.1993 0.7035 -0.1823 -0.0157 0.0484 -0.2094 -0.1256 0.9685
1311868170.2315 0.7100 -0.1825 -0.0195 0.0481 -0.2096 -0.1222 0.9689
1311868170.2635 0.7158 -0.1801 -0.0242 0.0470 -0.2099 -0.1201 0.9692
1311868170.2994 0.7207 -0.1816 -0.0279 0.0457 -0.2102 -0.1220 0.9689
1311868170.3313 0.7276 -0.1799 -0.0347 0.0459 -0.2098 -0.1242 0.9687
1311868170.3634 0.7340 -0.1767 -0.0411 0.0454 -0.2091 -0.1263 0.9686
1311868170.3994 0.7384 -0.1735 -0.0467 0.0443 -0.2084 -0.1295 0.9684
1311868170.4313 0.7416 -0.1704 -0.0522 0.0434 -0.2090 -0.1326 0.9679
1311868170.4634 0.7488 -0.1670 -0.0574 0.0422 -0.2108 -0.1358 0.9671
1311868170.4995 0.7547 -0.1648 -0.0622 0.0409 -0.2114 -0.1381 0.9667
1311868170.5315 0.7599 -0.1619 -0.0670 0.0395 -0.2117 -0.1383 0.9667
1311868170.5633 0.7648 -0.1609 -0.0713 0.0387 -0.2121 -0.1380 0.9667
1311868170.5993 0.7711 -0.1569 -0.0779 0.0383 -0.2125 -0.1388 0.9665
1311868170.6315 0.7784 -0.1562 -0.0825 0.0361 -0.2125 -0.1397 0.9664
1311868170.6634 0.7858 -0.1552 -0.0879 0.0343 -0.2117 -0.1387 0.9668
1311868170.6994 0.7916 -0.1527 -0.0921 0.0319 -0.2110 -0.1375 0.9672
1311868170.7314 0.7958 -0.1508 -0.0950 0.0294 -0.2115 -0.1369 0.9673
1311868170.7635 0.8012 -0.1505 -0.0977 0.0263 -0.2127 -0.1363 0.9672
1311868170.7994 0.8063 -0.1516 -0.1002 0.0246 -0.2136 -0.1357 0.9671
1311868170.8313 0.8113 -0.1516 -0.1033 0.0239 -0.2141 -0.1360 0.9670
1311868170.8634 0.8170 -0.1513 -0.1068 0.0230 -0.2149 -0.1360 0.9669
1311868170.8994 0.8244 -0.1532 -0.1089 0.0220 -0.2152 -0.1353 0.9669
1311868170.9314 0.8316 -0.1543 -0.1113 0.0224 -0.2149 -0.1355 0.9669
1311868170.9634 0.8384 -0.1566 -0.1108 0.0245 -0.2133 -0.1387 0.9668
1311868170.9995 0.8419 -0.1535 -0.1146 0.0281 -0.2123 -0.1392 0.9668
1311868171.0315 0.8467 -0.1498 -0.1197 0.0279 -0.2147 -0.1390 0.9663
1311868171.0634 0.8532 -0.1500 -0.1207 0.0257 -0.2184 -0.1405 0.9654
1311868171.0994 0.8605 -0.1513 -0.1216 0.0240 -0.2214 -0.1410 0.9646
1311868171.1315 0.8674 -0.1522 -0.1227 0.0231 -0.2232 -0.1416 0.9641
1311868171.1634 0.8737 -0.1522 -0.1234 0.0225 -0.2239 -0.1423 0.9639
1311868171.1994 0.8786 -0.1528 -0.1228 0.0224 -0.2243 -0.1430 0.9637
1311868171.2314 0.8839 -0.1508 -0.1237 0.0229 -0.2252 -0.1440 0.9633
1311868171.2634 0.8899 -0.1501 -0.1235 0.0224 -0.2267 -0.1462 0.9627
1311868171.2994 0.8955 -0.1496 -0.1228 0.0224 -0.2288 -0.1483 0.9619
1311868171.3314 0.9030 -0.1491 -0.1233 0.0219 -0.2315 -0.1501 0.9609
1311868171.3635 0.9101 -0.1489 -0.1220 0.0215 -0.2342 -0.1534 0.9598
1311868171.3994 0.9184 -0.1493 -0.1217 0.0215 -0.2368 -0.1573 0.9585
1311868171.4635 0.9338 -0.1484 -0.1214 0.0212 -0.2414 -0.1615 0.9567
1311868171.4995 0.9414 -0.1485 -0.1199 0.0200 -0.2444 -0.1649 0.9553
1311868171.5315 0.9524 -0.1507 -0.1193 0.0195 -0.2473 -0.1684 0.9540
1311868171.5634 0.9619 -0.1519 -0.1185 0.0193 -0.2485 -0.1707 0.9533
1311868171.5995 0.9704 -0.1516 -0.1182 0.0191 -0.2493 -0.1724 0.9528
1311868171.6315 0.9774 -0.1510 -0.1165 0.0186 -0.2503 -0.1739 0.9522
1311868171.6634 0.9863 -0.1496 -0.1160 0.0179 -0.2524 -0.1760 0.9513
1311868171.6994 0.9955 -0.1499 -0.1141 0.0164 -0.2546 -0.1793 0.9501
1311868171.7315 1.0041 -0.1488 -0.1123 0.0153 -0.2560 -0.1816 0.9493
1311868171.7635 1.0122 -0.1479 -0.1101 0.0144 -0.2569 -0.1839 0.9487
1311868171.7995 1.0212 -0.1463 -0.1093 0.0128 -0.2576 -0.1865 0.9480
1311868171.8314 1.0318 -0.1466 -0.1064 0.0105 -0.2578 -0.1886 0.9476
1311868171.8996 1.0478 -0.1429 -0.0990 0.0054 -0.2582 -0.1915 0.9469
1311868171.9315 1.0536 -0.1422 -0.0949 0.0026 -0.2592 -0.1930 0.9464
1311868171.9996 1.0702 -0.1422 -0.0885 -0.0014 -0.2605 -0.1959 0.9454
1311868172.0315 1.0775 -0.1419 -0.0847 -0.0028 -0.2602 -0.1973 0.9452
1311868172.0634 1.0834 -0.1403 -0.0820 -0.0044 -0.2604 -0.1973 0.9451
1311868172.0995 1.0905 -0.1393 -0.0794 -0.0073 -0.2615 -0.1972 0.9448
1311868172.1315 1.0978 -0.1397 -0.0760 -0.0105 -0.2624 -0.1971 0.9446
1311868172.1636 1.1053 -0.1394 -0.0732 -0.0134 -0.2628 -0.1972 0.9444
1311868172.1998 1.1120 -0.1399 -0.0686 -0.0161 -0.2626 -0.1976 0.9443
1311868172.2635 1.1250 -0.1391 -0.0624 -0.0193 -0.2620 -0.2004 0.9438
1311868172.2995 1.1305 -0.1382 -0.0592 -0.0214 -0.2615 -0.2015 0.9437
1311868172.3635 1.1417 -0.1361 -0.0530 -0.0271 -0.2615 -0.2052 0.9427
1311868172.3995 1.1481 -0.1362 -0.0492 -0.0301 -0.2609 -0.2070 0.9424
1311868172.4635 1.1587 -0.1341 -0.0411 -0.0350 -0.2564 -0.2109 0.9426
1311868172.4995 1.1621 -0.1328 -0.0358 -0.0373 -0.2541 -0.2138 0.9425
1311868172.5636 1.1702 -0.1294 -0.0266 -0.0422 -0.2502 -0.2149 0.9431
1311868172.5996 1.1751 -0.1278 -0.0210 -0.0452 -0.2493 -0.2152 0.9431
1311868172.6316 1.1794 -0.1274 -0.0138 -0.0486 -0.2481 -0.2160 0.9431
1311868172.6636 1.1839 -0.1266 -0.0098 -0.0521 -0.2463 -0.2157 0.9434
1311868172.6996 1.1887 -0.1258 -0.0032 -0.0565 -0.2442 -0.2150 0.9439
1311868172.7635 1.1954 -0.1242 0.0138 -0.0674 -0.2397 -0.2139 0.9446
1311868172.7996 1.1973 -0.1230 0.0237 -0.0719 -0.2373 -0.2147 0.9447
1311868172.8635 1.1997 -0.1218 0.0424 -0.0792 -0.2341 -0.2172 0.9443
1311868172.8995 1.2000 -0.1210 0.0520 -0.0820 -0.2339 -0.2181 0.9439
1311868172.9316 1.2015 -0.1221 0.0619 -0.0844 -0.2345 -0.2194 0.9433
1311868172.9636 1.2018 -0.1244 0.0721 -0.0865 -0.2345 -0.2205 0.9428
1311868172.9996 1.2031 -0.1278 0.0810 -0.0868 -0.2345 -0.2221 0.9424
1311868173.0675 1.2086 -0.1352 0.0972 -0.0875 -0.2323 -0.2250 0.9422
1311868173.0996 1.2083 -0.1379 0.1053 -0.0881 -0.2306 -0.2254 0.9425
1311868173.1315 1.2105 -0.1402 0.1118 -0.0893 -0.2305 -0.2262 0.9422
1311868173.1675 1.2093 -0.1440 0.1208 -0.0905 -0.2304 -0.2286 0.9415
1311868173.1996 1.2070 -0.1489 0.1288 -0.0895 -0.2303 -0.2317 0.9409
1311868173.2315 1.2091 -0.1547 0.1344 -0.0870 -0.2312 -0.2350 0.9401
1311868173.2677 1.2081 -0.1595 0.1404 -0.0844 -0.2300 -0.2367 0.9402
1311868173.2997 1.2097 -0.1626 0.1451 -0.0823 -0.2289 -0.2340 0.9413
1311868173.3315 1.2109 -0.1639 0.1485 -0.0817 -0.2291 -0.2310 0.9420
1311868173.3677 1.2119 -0.1668 0.1540 -0.0823 -0.2308 -0.2296 0.9419
1311868173.3996 1.2126 -0.1710 0.1601 -0.0822 -0.2327 -0.2295 0.9415
1311868173.4316 1.2164 -0.1771 0.1652 -0.0816 -0.2342 -0.2300 0.9411
1311868173.4676 1.2195 -0.1825 0.1711 -0.0809 -0.2348 -0.2295 0.9411
1311868173.5316 1.2248 -0.1863 0.1808 -0.0796 -0.2363 -0.2261 0.9417
1311868173.5676 1.2282 -0.1897 0.1869 -0.0810 -0.2379 -0.2253 0.9413
1311868173.6316 1.2346 -0.1961 0.1996 -0.0828 -0.2405 -0.2252 0.9405
1311868173.6680 1.2362 -0.1993 0.2061 -0.0828 -0.2419 -0.2259 0.9400
1311868173.6997 1.2375 -0.2007 0.2122 -0.0824 -0.2440 -0.2255 0.9396
1311868173.7316 1.2388 -0.2030 0.2182 -0.0817 -0.2474 -0.2266 0.9385
1311868173.7676 1.2422 -0.2091 0.2243 -0.0814 -0.2519 -0.2289 0.9368
1311868173.7995 1.2436 -0.2150 0.2302 -0.0799 -0.2557 -0.2305 0.9355
1311868173.8316 1.2460 -0.2181 0.2347 -0.0774 -0.2603 -0.2313 0.9342
1311868173.8675 1.2484 -0.2215 0.2390 -0.0750 -0.2660 -0.2343 0.9321
1311868173.9316 1.2563 -0.2338 0.2476 -0.0693 -0.2766 -0.2445 0.9268
1311868173.9676 1.2597 -0.2390 0.2519 -0.0652 -0.2811 -0.2498 0.9243
1311868173.9997 1.2655 -0.2448 0.2557 -0.0611 -0.2865 -0.2553 0.9214
1311868174.0317 1.2721 -0.2509 0.2599 -0.0584 -0.2920 -0.2596 0.9187
1311868174.0677 1.2779 -0.2570 0.2649 -0.0570 -0.2968 -0.2614 0.9167
1311868174.0995 1.2840 -0.2617 0.2696 -0.0560 -0.3011 -0.2625 0.9150
1311868174.1317 1.2892 -0.2667 0.2748 -0.0555 -0.3045 -0.2648 0.9133
1311868174.1679 1.2934 -0.2744 0.2816 -0.0541 -0.3071 -0.2672 0.9118
1311868174.2316 1.3076 -0.2851 0.2913 -0.0499 -0.3117 -0.2701 0.9096
1311868174.2678 1.3142 -0.2900 0.2966 -0.0480 -0.3144 -0.2720 0.9082
1311868174.2997 1.3210 -0.2946 0.3010 -0.0467 -0.3168 -0.2736 0.9070
1311868174.3318 1.3275 -0.2978 0.3051 -0.0461 -0.3195 -0.2747 0.9057
1311868174.3680 1.3327 -0.3010 0.3105 -0.0461 -0.3222 -0.2760 0.9044
1311868174.3997 1.3387 -0.3056 0.3161 -0.0460 -0.3251 -0.2776 0.9028
1311868174.4318 1.3415 -0.3068 0.3191 -0.0455 -0.3265 -0.2785 0.9021
1311868174.4676 1.3434 -0.3077 0.3239 -0.0452 -0.3288 -0.2790 0.9011
1311868174.4997 1.3440 -0.3075 0.3274 -0.0445 -0.3319 -0.2800 0.8997
1311868174.5317 1.3473 -0.3102 0.3298 -0.0444 -0.3353 -0.2812 0.8981
1311868174.5676 1.3500 -0.3135 0.3343 -0.0447 -0.3382 -0.2808 0.8971
1311868174.5997 1.3527 -0.3173 0.3386 -0.0450 -0.3407 -0.2800 0.8964
1311868174.6318 1.3544 -0.3203 0.3431 -0.0452 -0.3425 -0.2783 0.8962
1311868174.6678 1.3557 -0.3251 0.3483 -0.0455 -0.3442 -0.2756 0.8964
1311868174.6996 1.3551 -0.3262 0.3529 -0.0444 -0.3457 -0.2737 0.8964
1311868174.7316 1.3539 -0.3314 0.3587 -0.0431 -0.3476 -0.2730 0.8960
1311868174.7677 1.3520 -0.3355 0.3622 -0.0400 -0.3489 -0.2725 0.8958
1311868174.7998 1.3515 -0.3393 0.3652 -0.0368 -0.3501 -0.2713 0.8958
1311868174.8318 1.3499 -0.3436 0.3693 -0.0341 -0.3513 -0.2699 0.8959
1311868174.8678 1.3490 -0.3493 0.3736 -0.0312 -0.3529 -0.2689 0.8957
1311868174.8997 1.3476 -0.3548 0.3767 -0.0280 -0.3534 -0.2681 0.8958
1311868174.9318 1.3439 -0.3590 0.3809 -0.0244 -0.3522 -0.2671 0.8967
1311868174.9677 1.3412 -0.3623 0.3850 -0.0204 -0.3512 -0.2648 0.8978
1311868174.9998 1.3370 -0.3645 0.3889 -0.0169 -0.3508 -0.2636 0.8984
1311868175.0317 1.3319 -0.3688 0.3932 -0.0132 -0.3508 -0.2639 0.8984
1311868175.0677 1.3281 -0.3731 0.3962 -0.0090 -0.3508 -0.2644 0.8983
1311868175.0996 1.3234 -0.3769 0.4001 -0.0056 -0.3506 -0.2644 0.8984
1311868175.1317 1.3158 -0.3828 0.4042 -0.0020 -0.3511 -0.2642 0.8983
1311868175.1678 1.3070 -0.3908 0.4090 0.0039 -0.3525 -0.2649 0.8975
1311868175.1996 1.2989 -0.4011 0.4135 0.0138 -0.3538 -0.2661 0.8966
1311868175.2318 1.2946 -0.4073 0.4171 0.0266 -0.3546 -0.2648 0.8963
1311868175.2678 1.2899 -0.4102 0.4207 0.0372 -0.3554 -0.2610 0.8968
1311868175.3000 1.2865 -0.4099 0.4236 0.0442 -0.3577 -0.2552 0.8972
1311868175.3319 1.2834 -0.4100 0.4274 0.0459 -0.3619 -0.2491 0.8972
1311868175.3677 1.2798 -0.4161 0.4324 0.0448 -0.3667 -0.2445 0.8965
1311868175.4000 1.2761 -0.4224 0.4390 0.0453 -0.3705 -0.2406 0.8960
1311868175.4320 1.2724 -0.4281 0.4455 0.0474 -0.3732 -0.2371 0.8957
1311868175.4677 1.2689 -0.4353 0.4522 0.0508 -0.3748 -0.2337 0.8957
1311868175.4998 1.2671 -0.4388 0.4587 0.0563 -0.3762 -0.2302 0.8957
1311868175.5318 1.2653 -0.4405 0.4632 0.0602 -0.3775 -0.2264 0.8959
1311868175.5678 1.2622 -0.4412 0.4681 0.0617 -0.3798 -0.2224 0.8958
1311868175.5999 1.2609 -0.4448 0.4736 0.0621 -0.3839 -0.2201 0.8946
1311868175.6318 1.2604 -0.4515 0.4815 0.0633 -0.3877 -0.2201 0.8929
1311868175.6677 1.2599 -0.4577 0.4867 0.0666 -0.3895 -0.2203 0.8918
1311868175.6998 1.2592 -0.4633 0.4924 0.0705 -0.3905 -0.2196 0.8913
1311868175.7317 1.2587 -0.4659 0.4963 0.0741 -0.3915 -0.2192 0.8906
1311868175.7676 1.2584 -0.4701 0.5008 0.0767 -0.3937 -0.2197 0.8893
1311868175.7998 1.2598 -0.4749 0.5059 0.0789 -0.3971 -0.2196 0.8876
1311868175.8318 1.2618 -0.4789 0.5120 0.0801 -0.4009 -0.2198 0.8858
1311868175.8677 1.2633 -0.4855 0.5180 0.0813 -0.4048 -0.2206 0.8836
1311868175.8997 1.2664 -0.4915 0.5244 0.0829 -0.4089 -0.2214 0.8814
1311868175.9316 1.2700 -0.4961 0.5306 0.0846 -0.4126 -0.2225 0.8792
1311868175.9679 1.2721 -0.5010 0.5358 0.0855 -0.4164 -0.2245 0.8769
1311868175.9999 1.2763 -0.5049 0.5410 0.0860 -0.4211 -0.2264 0.8741
1311868176.0320 1.2806 -0.5094 0.5475 0.0860 -0.4259 -0.2297 0.8709
1311868176.0679 1.2854 -0.5151 0.5543 0.0868 -0.4305 -0.2350 0.8671
1311868176.0998 1.2909 -0.5202 0.5610 0.0877 -0.4346 -0.2403 0.8635
1311868176.1317 1.2950 -0.5261 0.5677 0.0884 -0.4382 -0.2455 0.8602
1311868176.1680 1.3011 -0.5308 0.5746 0.0894 -0.4419 -0.2499 0.8569
1311868176.1999 1.3082 -0.5354 0.5824 0.0892 -0.4452 -0.2534 0.8542
1311868176.2319 1.3154 -0.5384 0.5907 0.0878 -0.4481 -0.2559 0.8521
1311868176.2678 1.3214 -0.5429 0.5993 0.0851 -0.4506 -0.2583 0.8503
1311868176.2998 1.3270 -0.5479 0.6079 0.0830 -0.4525 -0.2617 0.8484
1311868176.3319 1.3336 -0.5515 0.6175 0.0817 -0.4536 -0.2655 0.8468
1311868176.3678 1.3397 -0.5539 0.6256 0.0803 -0.4538 -0.2685 0.8459
1311868176.3999 1.3451 -0.5547 0.6334 0.0775 -0.4539 -0.2706 0.8454
1311868176.4317 1.3501 -0.5541 0.6421 0.0739 -0.4544 -0.2723 0.8449
1311868176.4679 1.3543 -0.5559 0.6507 0.0693 -0.4545 -0.2745 0.8446
1311868176.4998 1.3580 -0.5590 0.6587 0.0655 -0.4544 -0.2758 0.8445
1311868176.5319 1.3626 -0.5596 0.6659 0.0629 -0.4542 -0.2774 0.8443
1311868176.5678 1.3656 -0.5612 0.6721 0.0613 -0.4540 -0.2803 0.8435
1311868176.6021 1.3685 -0.5624 0.6773 0.0601 -0.4541 -0.2825 0.8428
1311868176.6317 1.3722 -0.5621 0.6829 0.0576 -0.4547 -0.2829 0.8426
1311868176.6678 1.3732 -0.5650 0.6879 0.0541 -0.4552 -0.2827 0.8426
1311868176.6998 1.3758 -0.5661 0.6930 0.0514 -0.4559 -0.2821 0.8425
1311868176.7318 1.3766 -0.5694 0.6984 0.0492 -0.4562 -0.2827 0.8424
1311868176.7678 1.3766 -0.5740 0.7021 0.0493 -0.4562 -0.2835 0.8421
1311868176.7997 1.3789 -0.5752 0.7059 0.0508 -0.4566 -0.2840 0.8416
1311868176.8319 1.3807 -0.5769 0.7100 0.0510 -0.4568 -0.2843 0.8414
1311868176.8678 1.3823 -0.5775 0.7149 0.0501 -0.4570 -0.2839 0.8414
1311868176.8998 1.3828 -0.5806 0.7215 0.0487 -0.4568 -0.2839 0.8417
1311868176.9318 1.3833 -0.5836 0.7272 0.0481 -0.4554 -0.2841 0.8424
1311868176.9679 1.3823 -0.5853 0.7317 0.0487 -0.4539 -0.2851 0.8428
1311868176.9999 1.3826 -0.5860 0.7369 0.0495 -0.4535 -0.2866 0.8425
1311868177.0320 1.3816 -0.5865 0.7419 0.0491 -0.4531 -0.2879 0.8423
1311868177.0679 1.3792 -0.5875 0.7463 0.0476 -0.4527 -0.2896 0.8420
1311868177.0997 1.3756 -0.5904 0.7535 0.0466 -0.4526 -0.2920 0.8413
1311868177.1319 1.3730 -0.5961 0.7614 0.0466 -0.4514 -0.2944 0.8411
1311868177.1681 1.3694 -0.5998 0.7677 0.0484 -0.4490 -0.2965 0.8415
1311868177.1999 1.3659 -0.6021 0.7735 0.0510 -0.4465 -0.2985 0.8420
1311868177.2319 1.3630 -0.6044 0.7791 0.0528 -0.4446 -0.3001 0.8423
1311868177.2678 1.3597 -0.6058 0.7850 0.0529 -0.4434 -0.3007 0.8427
1311868177.2999 1.3557 -0.6066 0.7905 0.0513 -0.4433 -0.3011 0.8427
1311868177.3317 1.3508 -0.6099 0.7962 0.0498 -0.4439 -0.3024 0.8421
1311868177.3679 1.3467 -0.6148 0.8032 0.0491 -0.4445 -0.3033 0.8415
1311868177.4000 1.3436 -0.6217 0.8102 0.0510 -0.4441 -0.3048 0.8410
1311868177.4318 1.3422 -0.6246 0.8161 0.0546 -0.4426 -0.3060 0.8412
1311868177.4678 1.3416 -0.6262 0.8215 0.0557 -0.4407 -0.3051 0.8424
1311868177.4998 1.3415 -0.6240 0.8270 0.0543 -0.4392 -0.3029 0.8441
1311868177.5318 1.3421 -0.6212 0.8337 0.0501 -0.4391 -0.3024 0.8445
1311868177.5679 1.3395 -0.6232 0.8407 0.0444 -0.4390 -0.3048 0.8440
1311868177.5997 1.3373 -0.6251 0.8478 0.0409 -0.4386 -0.3073 0.8435
1311868177.6321 1.3353 -0.6275 0.8555 0.0399 -0.4377 -0.3109 0.8427
1311868177.6679 1.3350 -0.6293 0.8624 0.0402 -0.4364 -0.3142 0.8421
1311868177.6999 1.3345 -0.6308 0.8686 0.0402 -0.4354 -0.3158 0.8421
1311868177.7320 1.3350 -0.6282 0.8734 0.0390 -0.4354 -0.3161 0.8420
1311868177.7679 1.3351 -0.6300 0.8790 0.0357 -0.4371 -0.3167 0.8410
1311868177.7999 1.3347 -0.6314 0.8832 0.0335 -0.4402 -0.3174 0.8393
1311868177.8320 1.3376 -0.6322 0.8888 0.0326 -0.4447 -0.3191 0.8363
1311868177.8678 1.3398 -0.6357 0.8948 0.0317 -0.4488 -0.3220 0.8330
1311868177.8999 1.3440 -0.6382 0.9014 0.0312 -0.4522 -0.3241 0.8304
1311868177.9319 1.3479 -0.6397 0.9066 0.0314 -0.4552 -0.3272 0.8275
1311868177.9679 1.3513 -0.6418 0.9129 0.0311 -0.4587 -0.3314 0.8239
1311868178.0001 1.3554 -0.6434 0.9175 0.0311 -0.4623 -0.3348 0.8205
1311868178.0320 1.3604 -0.6436 0.9227 0.0295 -0.4669 -0.3378 0.8167
1311868178.0680 1.3653 -0.6456 0.9281 0.0268 -0.4719 -0.3415 0.8124
1311868178.1000 1.3697 -0.6486 0.9340 0.0247 -0.4770 -0.3460 0.8075
1311868178.1320 1.3740 -0.6535 0.9395 0.0244 -0.4813 -0.3516 0.8026
1311868178.1680 1.3793 -0.6574 0.9457 0.0251 -0.4844 -0.3553 0.7990
1311868178.1999 1.3849 -0.6622 0.9519 0.0260 -0.4862 -0.3585 0.7965
1311868178.2320 1.3906 -0.6670 0.9577 0.0286 -0.4862 -0.3615 0.7950
1311868178.2680 1.3970 -0.6701 0.9620 0.0318 -0.4852 -0.3639 0.7944
1311868178.2998 1.4032 -0.6705 0.9645 0.0342 -0.4846 -0.3660 0.7938
1311868178.3322 1.4084 -0.6692 0.9671 0.0344 -0.4857 -0.3674 0.7924
1311868178.3680 1.4148 -0.6675 0.9703 0.0324 -0.4885 -0.3690 0.7901
1311868178.4001 1.4188 -0.6684 0.9733 0.0278 -0.4914 -0.3707 0.7876
1311868178.4322 1.4222 -0.6702 0.9758 0.0236 -0.4945 -0.3711 0.7856
1311868178.4679 1.4282 -0.6704 0.9782 0.0202 -0.4979 -0.3709 0.7836
1311868178.5001 1.4323 -0.6723 0.9808 0.0161 -0.5005 -0.3716 0.7818
1311868178.5319 1.4370 -0.6745 0.9818 0.0133 -0.5027 -0.3706 0.7808
1311868178.5679 1.4431 -0.6744 0.9827 0.0119 -0.5046 -0.3703 0.7798
1311868178.6001 1.4484 -0.6757 0.9833 0.0108 -0.5061 -0.3705 0.7788
1311868178.6320 1.4538 -0.6762 0.9820 0.0099 -0.5069 -0.3701 0.7784
1311868178.6680 1.4617 -0.6752 0.9797 0.0090 -0.5084 -0.3699 0.7776
1311868178.6999 1.4690 -0.6756 0.9788 0.0068 -0.5101 -0.3705 0.7762
1311868178.7319 1.4758 -0.6769 0.9775 0.0053 -0.5110 -0.3709 0.7754
1311868178.7679 1.4827 -0.6768 0.9751 0.0047 -0.5114 -0.3709 0.7752
1311868178.8000 1.4907 -0.6765 0.9724 0.0047 -0.5120 -0.3708 0.7749
1311868178.8320 1.4999 -0.6755 0.9697 0.0037 -0.5123 -0.3702 0.7749
1311868178.8679 1.5093 -0.6752 0.9669 0.0013 -0.5125 -0.3692 0.7752
1311868178.9000 1.5176 -0.6759 0.9643 -0.0006 -0.5125 -0.3690 0.7754
1311868178.9323 1.5265 -0.6758 0.9606 -0.0008 -0.5124 -0.3694 0.7752
1311868178.9679 1.5364 -0.6765 0.9574 -0.0005 -0.5126 -0.3699 0.7749
1311868179.0000 1.5476 -0.6780 0.9540 -0.0002 -0.5115 -0.3700 0.7755
1311868179.0322 1.5597 -0.6773 0.9487 -0.0002 -0.5096 -0.3687 0.7774
1311868179.0678 1.5713 -0.6744 0.9439 -0.0020 -0.5080 -0.3677 0.7789
1311868179.1001 1.5823 -0.6726 0.9383 -0.0053 -0.5077 -0.3668 0.7796
1311868179.1320 1.5927 -0.6724 0.9342 -0.0085 -0.5087 -0.3679 0.7784
1311868179.1680 1.6017 -0.6750 0.9316 -0.0086 -0.5097 -0.3710 0.7762
1311868179.2002 1.6138 -0.6764 0.9281 -0.0058 -0.5094 -0.3736 0.7752
1311868179.2320 1.6280 -0.6753 0.9245 -0.0034 -0.5075 -0.3759 0.7753
1311868179.2681 1.6405 -0.6740 0.9197 -0.0054 -0.5036 -0.3761 0.7778
1311868179.3005 1.6502 -0.6721 0.9150 -0.0108 -0.4998 -0.3737 0.7813
1311868179.3331 1.6591 -0.6692 0.9124 -0.0162 -0.4982 -0.3725 0.7828
1311868179.3681 1.6679 -0.6701 0.9104 -0.0206 -0.4985 -0.3742 0.7817
1311868179.4001 1.6775 -0.6715 0.9100 -0.0237 -0.4988 -0.3763 0.7805
1311868179.4322 1.6857 -0.6746 0.9115 -0.0256 -0.4974 -0.3778 0.7805
1311868179.4680 1.6955 -0.6758 0.9108 -0.0250 -0.4941 -0.3790 0.7820
1311868179.5001 1.7041 -0.6757 0.9091 -0.0244 -0.4902 -0.3792 0.7845
1311868179.5322 1.7133 -0.6747 0.9053 -0.0252 -0.4867 -0.3789 0.7867
1311868179.5680 1.7215 -0.6731 0.9030 -0.0273 -0.4844 -0.3795 0.7877
1311868179.6002 1.7293 -0.6735 0.9032 -0.0301 -0.4829 -0.3804 0.7881
1311868179.6320 1.7361 -0.6737 0.9054 -0.0315 -0.4814 -0.3815 0.7885
1311868179.6682 1.7432 -0.6763 0.9060 -0.0322 -0.4792 -0.3825 0.7894
1311868179.7002 1.7523 -0.6777 0.9057 -0.0320 -0.4768 -0.3828 0.7907
1311868179.7322 1.7596 -0.6791 0.9051 -0.0323 -0.4747 -0.3834 0.7916
1311868179.7683 1.7672 -0.6800 0.9048 -0.0329 -0.4734 -0.3833 0.7924
1311868179.8001 1.7750 -0.6808 0.9048 -0.0335 -0.4731 -0.3836 0.7924
1311868179.8321 1.7827 -0.6831 0.9058 -0.0344 -0.4738 -0.3851 0.7912
1311868179.8678 1.7887 -0.6861 0.9072 -0.0349 -0.4745 -0.3865 0.7901
1311868179.8999 1.7964 -0.6887 0.9088 -0.0347 -0.4755 -0.3887 0.7885
1311868179.9320 1.8023 -0.6913 0.9112 -0.0348 -0.4765 -0.3902 0.7871
1311868179.9680 1.8080 -0.6932 0.9127 -0.0344 -0.4779 -0.3914 0.7856
1311868180.0000 1.8161 -0.6956 0.9126 -0.0343 -0.4803 -0.3931 0.7833
1311868180.0319 1.8232 -0.6989 0.9145 -0.0346 -0.4832 -0.3957 0.7803
1311868180.0681 1.8317 -0.7032 0.9171 -0.0354 -0.4852 -0.3975 0.7780
1311868180.1001 1.8388 -0.7068 0.9200 -0.0371 -0.4859 -0.3980 0.7772
1311868180.1319 1.8471 -0.7100 0.9219 -0.0391 -0.4864 -0.3985 0.7766
1311868180.1681 1.8522 -0.7128 0.9255 -0.0413 -0.4871 -0.3997 0.7755
1311868180.2000 1.8582 -0.7163 0.9273 -0.0431 -0.4880 -0.3999 0.7747
1311868180.2322 1.8667 -0.7184 0.9294 -0.0446 -0.4892 -0.4003 0.7736
1311868180.2680 1.8735 -0.7220 0.9318 -0.0462 -0.4903 -0.4017 0.7721
1311868180.3000 1.8802 -0.7229 0.9345 -0.0481 -0.4914 -0.4018 0.7712
1311868180.3319 1.8867 -0.7241 0.9370 -0.0499 -0.4927 -0.4031 0.7696
1311868180.3681 1.8921 -0.7258 0.9406 -0.0515 -0.4943 -0.4047 0.7676
1311868180.4001 1.8978 -0.7268 0.9437 -0.0533 -0.4955 -0.4057 0.7662
1311868180.4320 1.9032 -0.7279 0.9439 -0.0553 -0.4967 -0.4069 0.7646
1311868180.4681 1.9082 -0.7277 0.9477 -0.0579 -0.4977 -0.4080 0.7632
1311868180.5001 1.9135 -0.7292 0.9506 -0.0602 -0.4988 -0.4091 0.7617
1311868180.5319 1.9159 -0.7301 0.9527 -0.0624 -0.4993 -0.4105 0.7604
1311868180.5680 1.9191 -0.7309 0.9572 -0.0631 -0.5000 -0.4121 0.7591
1311868180.6000 1.9218 -0.7330 0.9603 -0.0636 -0.5000 -0.4131 0.7585
1311868180.6321 1.9281 -0.7350 0.9608 -0.0641 -0.4997 -0.4138 0.7582
1311868180.6682 1.9318 -0.7370 0.9639 -0.0652 -0.4995 -0.4143 0.7580
1311868180.7002 1.9340 -0.7387 0.9654 -0.0663 -0.4992 -0.4137 0.7584
1311868180.7321 1.9364 -0.7412 0.9674 -0.0669 -0.4991 -0.4141 0.7583
1311868180.7682 1.9387 -0.7446 0.9703 -0.0668 -0.4989 -0.4138 0.7585
1311868180.8002 1.9421 -0.7473 0.9728 -0.0659 -0.4986 -0.4135 0.7589
1311868180.8320 1.9452 -0.7500 0.9756 -0.0648 -0.4980 -0.4132 0.7596
1311868180.8680 1.9478 -0.7527 0.9769 -0.0634 -0.4972 -0.4126 0.7607
1311868180.9000 1.9514 -0.7558 0.9797 -0.0626 -0.4963 -0.4117 0.7618
1311868180.9321 1.9515 -0.7600 0.9816 -0.0625 -0.4948 -0.4104 0.7634
1311868180.9680 1.9525 -0.7609 0.9830 -0.0617 -0.4936 -0.4087 0.7652
1311868181.0000 1.9537 -0.7629 0.9858 -0.0611 -0.4932 -0.4073 0.7662
1311868181.0322 1.9545 -0.7664 0.9892 -0.0605 -0.4926 -0.4069 0.7669
1311868181.0682 1.9552 -0.7716 0.9918 -0.0597 -0.4912 -0.4060 0.7683
1311868181.1001 1.9570 -0.7734 0.9934 -0.0588 -0.4896 -0.4050 0.7699
1311868181.1320 1.9559 -0.7753 0.9964 -0.0583 -0.4883 -0.4050 0.7708
1311868181.1680 1.9562 -0.7768 0.9978 -0.0577 -0.4872 -0.4046 0.7718
1311868181.2000 1.9558 -0.7780 0.9995 -0.0578 -0.4863 -0.4048 0.7722
1311868181.2321 1.9553 -0.7804 1.0024 -0.0581 -0.4858 -0.4052 0.7723
1311868181.2680 1.9542 -0.7816 1.0058 -0.0587 -0.4850 -0.4057 0.7725
1311868181.3001 1.9508 -0.7820 1.0091 -0.0589 -0.4839 -0.4069 0.7726
1311868181.3321 1.9487 -0.7833 1.0130 -0.0584 -0.4831 -0.4083 0.7723
1311868181.3680 1.9457 -0.7862 1.0171 -0.0577 -0.4822 -0.4100 0.7721
1311868181.4001 1.9429 -0.7881 1.0203 -0.0570 -0.4809 -0.4108 0.7725
1311868181.4324 1.9393 -0.7883 1.0220 -0.0571 -0.4797 -0.4101 0.7736
1311868181.4680 1.9367 -0.7885 1.0236 -0.0581 -0.4792 -0.4094 0.7742
1311868181.5003 1.9330 -0.7899 1.0266 -0.0594 -0.4791 -0.4094 0.7742
1311868181.5322 1.9274 -0.7917 1.0317 -0.0606 -0.4785 -0.4103 0.7740
1311868181.5682 1.9212 -0.7936 1.0365 -0.0601 -0.4777 -0.4113 0.7740
1311868181.6001 1.9157 -0.7941 1.0396 -0.0589 -0.4770 -0.4122 0.7740
1311868181.6324 1.9093 -0.7946 1.0436 -0.0582 -0.4762 -0.4122 0.7746
1311868181.6680 1.9023 -0.7957 1.0469 -0.0585 -0.4755 -0.4115 0.7753
1311868181.7000 1.8941 -0.7964 1.0513 -0.0597 -0.4753 -0.4097 0.7763
1311868181.7326 1.8858 -0.7989 1.0544 -0.0606 -0.4756 -0.4085 0.7767
1311868181.7681 1.8770 -0.8007 1.0594 -0.0609 -0.4761 -0.4084 0.7765
1311868181.8001 1.8665 -0.8048 1.0658 -0.0604 -0.4762 -0.4082 0.7765
1311868181.8322 1.8579 -0.8066 1.0699 -0.0583 -0.4758 -0.4080 0.7770
1311868181.8681 1.8506 -0.8102 1.0726 -0.0570 -0.4754 -0.4080 0.7773
1311868181.9002 1.8405 -0.8116 1.0772 -0.0560 -0.4743 -0.4088 0.7777
1311868181.9321 1.8302 -0.8145 1.0804 -0.0554 -0.4730 -0.4085 0.7786
1311868181.9682 1.8190 -0.8155 1.0846 -0.0548 -0.4722 -0.4083 0.7793
1311868182.0002 1.8062 -0.8184 1.0882 -0.0533 -0.4721 -0.4087 0.7793
1311868182.0322 1.7958 -0.8205 1.0912 -0.0516 -0.4730 -0.4081 0.7792
1311868182.0682 1.7857 -0.8224 1.0947 -0.0507 -0.4740 -0.4073 0.7790
1311868182.1002 1.7747 -0.8261 1.0993 -0.0509 -0.4747 -0.4062 0.7791
1311868182.1362 1.7647 -0.8279 1.1040 -0.0510 -0.4749 -0.4046 0.7799
1311868182.1681 1.7547 -0.8290 1.1085 -0.0508 -0.4742 -0.4029 0.7811
1311868182.2003 1.7466 -0.8306 1.1136 -0.0509 -0.4740 -0.4019 0.7818
1311868182.2362 1.7346 -0.8326 1.1186 -0.0506 -0.4736 -0.4015 0.7823
1311868182.2681 1.7286 -0.8332 1.1226 -0.0491 -0.4737 -0.4009 0.7826
1311868182.3002 1.7217 -0.8355 1.1283 -0.0492 -0.4733 -0.4006 0.7830
1311868182.3362 1.7129 -0.8359 1.1337 -0.0498 -0.4720 -0.3993 0.7844
1311868182.3682 1.7052 -0.8381 1.1390 -0.0512 -0.4711 -0.3983 0.7854
1311868182.4003 1.6955 -0.8395 1.1451 -0.0515 -0.4707 -0.3982 0.7856
1311868182.4361 1.6850 -0.8411 1.1505 -0.0508 -0.4709 -0.3987 0.7853
1311868182.4681 1.6747 -0.8432 1.1567 -0.0491 -0.4716 -0.3983 0.7852
1311868182.5009 1.6634 -0.8461 1.1615 -0.0470 -0.4723 -0.3967 0.7857
1311868182.5361 1.6546 -0.8490 1.1647 -0.0441 -0.4743 -0.3950 0.7855
1311868182.5680 1.6446 -0.8525 1.1699 -0.0415 -0.4771 -0.3940 0.7845
1311868182.6003 1.6325 -0.8568 1.1748 -0.0387 -0.4801 -0.3924 0.7836
1311868182.6363 1.6223 -0.8622 1.1801 -0.0356 -0.4840 -0.3906 0.7822
1311868182.6680 1.6126 -0.8664 1.1861 -0.0312 -0.4886 -0.3899 0.7799
1311868182.7003 1.6010 -0.8715 1.1912 -0.0274 -0.4926 -0.3891 0.7780
1311868182.7362 1.5918 -0.8746 1.1965 -0.0231 -0.4974 -0.3880 0.7756
1311868182.7683 1.5831 -0.8773 1.2030 -0.0198 -0.5028 -0.3883 0.7720
1311868182.8002 1.5727 -0.8823 1.2098 -0.0178 -0.5078 -0.3899 0.7680
1311868182.8362 1.5617 -0.8864 1.2172 -0.0159 -0.5124 -0.3901 0.7648
1311868182.8682 1.5528 -0.8893 1.2240 -0.0142 -0.5172 -0.3911 0.7611
1311868182.9002 1.5410 -0.8935 1.2322 -0.0126 -0.5223 -0.3938 0.7563
1311868182.9363 1.5296 -0.8998 1.2399 -0.0103 -0.5276 -0.3966 0.7512
1311868182.9681 1.5182 -0.9070 1.2482 -0.0072 -0.5326 -0.4000 0.7458
1311868183.0003 1.5065 -0.9146 1.2562 -0.0041 -0.5365 -0.4028 0.7416
1311868183.0363 1.4939 -0.9232 1.2627 -0.0020 -0.5394 -0.4047 0.7384
1311868183.0683 1.4823 -0.9304 1.2690 0.0004 -0.5429 -0.4055 0.7354
1311868183.1006 1.4708 -0.9361 1.2743 0.0035 -0.5470 -0.4076 0.7312
1311868183.1362 1.4595 -0.9428 1.2804 0.0074 -0.5514 -0.4118 0.7255
1311868183.1682 1.4472 -0.9521 1.2859 0.0115 -0.5554 -0.4160 0.7199
1311868183.2003 1.4376 -0.9575 1.2915 0.0158 -0.5590 -0.4192 0.7152
1311868183.2363 1.4279 -0.9631 1.2977 0.0186 -0.5619 -0.4234 0.7104
1311868183.2684 1.4168 -0.9684 1.3026 0.0203 -0.5640 -0.4271 0.7064
1311868183.3004 1.4048 -0.9726 1.3052 0.0222 -0.5666 -0.4298 0.7027
1311868183.3363 1.3966 -0.9742 1.3087 0.0249 -0.5706 -0.4324 0.6977
1311868183.3685 1.3858 -0.9785 1.3125 0.0272 -0.5746 -0.4363 0.6919
1311868183.4002 1.3754 -0.9823 1.3156 0.0295 -0.5782 -0.4382 0.6876
1311868183.4362 1.3688 -0.9839 1.3200 0.0288 -0.5817 -0.4374 0.6852
1311868183.4682 1.3610 -0.9850 1.3220 0.0244 -0.5850 -0.4365 0.6831
1311868183.5003 1.3529 -0.9862 1.3222 0.0186 -0.5898 -0.4351 0.6800
1311868183.5363 1.3471 -0.9863 1.3258 0.0112 -0.5958 -0.4338 0.6758
1311868183.5684 1.3344 -0.9915 1.3307 0.0026 -0.6006 -0.4341 0.6714
1311868183.6002 1.3229 -0.9956 1.3350 -0.0028 -0.6049 -0.4325 0.6686
1311868183.6362 1.3140 -0.9989 1.3423 -0.0072 -0.6082 -0.4306 0.6668
1311868183.6686 1.3012 -1.0040 1.3478 -0.0114 -0.6090 -0.4290 0.6671
1311868183.7002 1.2909 -1.0062 1.3536 -0.0127 -0.6094 -0.4265 0.6682
1311868183.7364 1.2808 -1.0092 1.3586 -0.0123 -0.6085 -0.4266 0.6690
1311868183.7682 1.2715 -1.0116 1.3604 -0.0107 -0.6072 -0.4271 0.6699
1311868183.8004 1.2651 -1.0116 1.3629 -0.0096 -0.6064 -0.4283 0.6698
1311868183.8362 1.2557 -1.0133 1.3637 -0.0105 -0.6060 -0.4298 0.6692
1311868183.8685 1.2471 -1.0151 1.3662 -0.0120 -0.6065 -0.4304 0.6684
1311868183.9002 1.2365 -1.0174 1.3693 -0.0131 -0.6066 -0.4316 0.6676
1311868183.9363 1.2240 -1.0209 1.3729 -0.0132 -0.6063 -0.4327 0.6671
1311868183.9685 1.2088 -1.0281 1.3767 -0.0108 -0.6062 -0.4337 0.6666
1311868184.0004 1.1972 -1.0325 1.3797 -0.0044 -0.6058 -0.4334 0.6672
1311868184.0363 1.1851 -1.0380 1.3809 0.0007 -0.6049 -0.4312 0.6695
1311868184.0703 1.1771 -1.0405 1.3809 0.0044 -0.6043 -0.4270 0.6727
1311868184.1007 1.1689 -1.0419 1.3812 0.0060 -0.6047 -0.4235 0.6745
1311868184.1368 1.1592 -1.0451 1.3833 0.0065 -0.6060 -0.4210 0.6749
1311868184.1690 1.1494 -1.0490 1.3860 0.0075 -0.6077 -0.4183 0.6751
1311868184.2005 1.1423 -1.0515 1.3913 0.0092 -0.6093 -0.4156 0.6753
1311868184.2364 1.1338 -1.0555 1.3972 0.0094 -0.6091 -0.4139 0.6765
1311868184.2685 1.1261 -1.0583 1.4001 0.0107 -0.6076 -0.4126 0.6786
1311868184.3006 1.1211 -1.0585 1.4024 0.0123 -0.6060 -0.4129 0.6798
1311868184.3363 1.1131 -1.0593 1.4043 0.0133 -0.6053 -0.4148 0.6793
1311868184.3682 1.1049 -1.0612 1.4061 0.0137 -0.6059 -0.4163 0.6778
1311868184.4003 1.0968 -1.0639 1.4098 0.0130 -0.6073 -0.4166 0.6763
1311868184.4363 1.0868 -1.0687 1.4136 0.0120 -0.6090 -0.4161 0.6752
1311868184.4684 1.0764 -1.0730 1.4171 0.0127 -0.6106 -0.4151 0.6744
1311868184.5004 1.0678 -1.0759 1.4206 0.0149 -0.6127 -0.4130 0.6736
1311868184.5363 1.0620 -1.0775 1.4248 0.0167 -0.6151 -0.4112 0.6726
1311868184.5684 1.0553 -1.0790 1.4289 0.0167 -0.6175 -0.4100 0.6710
1311868184.6004 1.0469 -1.0807 1.4322 0.0155 -0.6206 -0.4098 0.6683
1311868184.6363 1.0388 -1.0837 1.4351 0.0139 -0.6246 -0.4101 0.6645
1311868184.6684 1.0283 -1.0889 1.4395 0.0129 -0.6294 -0.4112 0.6593
1311868184.7007 1.0192 -1.0940 1.4447 0.0144 -0.6347 -0.4122 0.6535
1311868184.7365 1.0097 -1.1003 1.4513 0.0167 -0.6394 -0.4142 0.6476
1311868184.7685 0.9984 -1.1090 1.4556 0.0192 -0.6431 -0.4153 0.6431
1311868184.8004 0.9890 -1.1173 1.4589 -0.0229 0.6468 0.4157 -0.6390
1311868184.8363 0.9809 -1.1251 1.4625 -0.0262 0.6509 0.4157 -0.6347
1311868184.8687 0.9728 -1.1324 1.4670 -0.0280 0.6547 0.4155 -0.6308
1311868184.9004 0.9657 -1.1392 1.4714 -0.0297 0.6582 0.4161 -0.6267
1311868184.9363 0.9567 -1.1472 1.4763 -0.0302 0.6610 0.4175 -0.6228
1311868184.9684 0.9481 -1.1541 1.4806 -0.0322 0.6634 0.4187 -0.6193
1311868185.0004 0.9421 -1.1589 1.4851 -0.0350 0.6655 0.4205 -0.6157
1311868185.0364 0.9334 -1.1643 1.4890 -0.0370 0.6669 0.4229 -0.6124
1311868185.0684 0.9269 -1.1680 1.4918 -0.0406 0.6687 0.4246 -0.6090
1311868185.1009 0.9227 -1.1700 1.4965 -0.0426 0.6707 0.4267 -0.6053
1311868185.1365 0.9140 -1.1744 1.5007 -0.0411 0.6723 0.4279 -0.6027
1311868185.1686 0.9057 -1.1773 1.5033 -0.0393 0.6744 0.4267 -0.6013
1311868185.2008 0.8978 -1.1798 1.5072 -0.0385 0.6769 0.4263 -0.5988
1311868185.2364 0.8883 -1.1854 1.5112 -0.0384 0.6790 0.4265 -0.5963
1311868185.2685 0.8787 -1.1895 1.5135 -0.0397 0.6807 0.4250 -0.5953
1311868185.3005 0.8690 -1.1930 1.5151 -0.0424 0.6827 0.4222 -0.5949
1311868185.3379 0.8640 -1.1942 1.5189 -0.0455 0.6848 0.4195 -0.5941
1311868185.3685 0.8568 -1.1961 1.5238 -0.0469 0.6862 0.4174 -0.5939
1311868185.4012 0.8495 -1.1984 1.5290 -0.0469 0.6868 0.4144 -0.5953
1311868185.4364 0.8425 -1.2003 1.5329 -0.0471 0.6862 0.4115 -0.5980
1311868185.4686 0.8358 -1.2014 1.5359 -0.0495 0.6849 0.4103 -0.6002
1311868185.5004 0.8270 -1.2036 1.5380 -0.0545 0.6837 0.4092 -0.6018
1311868185.5364 0.8238 -1.2042 1.5415 -0.0600 0.6825 0.4076 -0.6037
1311868185.5685 0.8175 -1.2045 1.5404 -0.0637 0.6812 0.4060 -0.6059
1311868185.6004 0.8111 -1.2058 1.5409 -0.0680 0.6820 0.4040 -0.6059
1311868185.6364 0.8068 -1.2080 1.5446 -0.0722 0.6832 0.4030 -0.6046
1311868185.6686 0.8003 -1.2135 1.5481 -0.0745 0.6842 0.4007 -0.6048
1311868185.7020 0.7953 -1.2158 1.5504 -0.0759 0.6845 0.3964 -0.6071
1311868185.7367 0.7895 -1.2171 1.5527 -0.0764 0.6849 0.3924 -0.6092
1311868185.7686 0.7828 -1.2184 1.5545 -0.0770 0.6856 0.3886 -0.6107
1311868185.8004 0.7808 -1.2184 1.5578 -0.0764 0.6870 0.3849 -0.6116
1311868185.8368 0.7772 -1.2176 1.5605 -0.0740 0.6882 0.3825 -0.6120
1311868185.8684 0.7741 -1.2164 1.5635 -0.0708 0.6901 0.3816 -0.6109
1311868185.9004 0.7688 -1.2166 1.5679 -0.0678 0.6918 0.3835 -0.6081
1311868185.9365 0.7623 -1.2195 1.5717 -0.0660 0.6931 0.3859 -0.6052
1311868185.9684 0.7575 -1.2205 1.5758 -0.0656 0.6946 0.3877 -0.6024
1311868186.0004 0.7526 -1.2224 1.5797 -0.0652 0.6962 0.3899 -0.5992
1311868186.0365 0.7484 -1.2240 1.5843 -0.0654 0.6980 0.3920 -0.5957
1311868186.0687 0.7446 -1.2250 1.5890 -0.0653 0.6995 0.3951 -0.5918
1311868186.1032 0.7396 -1.2276 1.5937 -0.0654 0.7013 0.3986 -0.5874
1311868186.1366 0.7364 -1.2295 1.5987 -0.0648 0.7033 0.4012 -0.5833
1311868186.1685 0.7344 -1.2306 1.6032 -0.0626 0.7057 0.4031 -0.5792
1311868186.2004 0.7313 -1.2308 1.6080 -0.0595 0.7084 0.4058 -0.5744
1311868186.2377 0.7269 -1.2319 1.6129 -0.0569 0.7115 0.4102 -0.5677
1311868186.2687 0.7236 -1.2335 1.6178 -0.0554 0.7152 0.4142 -0.5603
1311868186.3004 0.7208 -1.2356 1.6232 -0.0535 0.7188 0.4174 -0.5535
1311868186.3364 0.7196 -1.2360 1.6287 -0.0521 0.7225 0.4206 -0.5463
1311868186.3684 0.7181 -1.2366 1.6349 -0.0501 0.7260 0.4245 -0.5387
1311868186.4005 0.7150 -1.2391 1.6413 -0.0477 0.7290 0.4284 -0.5318
1311868186.4365 0.7128 -1.2408 1.6483 -0.0457 0.7310 0.4315 -0.5266
1311868186.4685 0.7116 -1.2431 1.6547 -0.0431 0.7322 0.4336 -0.5234
1311868186.5005 0.7119 -1.2441 1.6593 -0.0399 0.7333 0.4352 -0.5208
1311868186.5371 0.7130 -1.2442 1.6630 -0.0359 0.7348 0.4366 -0.5178
1311868186.5685 0.7135 -1.2448 1.6669 -0.0309 0.7362 0.4383 -0.5147
1311868186.6006 0.7125 -1.2467 1.6701 -0.0277 0.7375 0.4401 -0.5114
1311868186.6365 0.7137 -1.2493 1.6760 -0.0269 0.7388 0.4417 -0.5083
1311868186.6686 0.7154 -1.2513 1.6787 -0.0272 0.7389 0.4427 -0.5073
1311868186.7025 0.7202 -1.2521 1.6806 -0.0283 0.7389 0.4430 -0.5069
1311868186.7367 0.7262 -1.2521 1.6830 -0.0292 0.7391 0.4442 -0.5055
1311868186.7685 0.7333 -1.2533 1.6851 -0.0288 0.7395 0.4458 -0.5036
1311868186.8005 0.7397 -1.2541 1.6878 -0.0267 0.7403 0.4470 -0.5014
1311868186.8367 0.7454 -1.2546 1.6909 -0.0238 0.7409 0.4488 -0.4991
1311868186.8693 0.7497 -1.2562 1.6935 -0.0203 0.7411 0.4506 -0.4973
1311868186.9005 0.7546 -1.2585 1.6951 -0.0183 0.7411 0.4515 -0.4965
1311868186.9364 0.7600 -1.2596 1.6969 -0.0183 0.7408 0.4526 -0.4960
1311868186.9686 0.7652 -1.2622 1.6996 -0.0186 0.7404 0.4530 -0.4962
1311868187.0005 0.7718 -1.2649 1.7009 -0.0190 0.7398 0.4529 -0.4973
1311868187.0367 0.7797 -1.2671 1.7021 -0.0190 0.7390 0.4523 -0.4989
1311868187.0685 0.7888 -1.2686 1.7042 -0.0174 0.7381 0.4519 -0.5007
1311868187.1017 0.7955 -1.2709 1.7064 -0.0147 0.7368 0.4524 -0.5022
1311868187.1366 0.8025 -1.2735 1.7078 -0.0132 0.7353 0.4529 -0.5040
1311868187.1690 0.8107 -1.2759 1.7097 -0.0130 0.7340 0.4535 -0.5054
1311868187.2013 0.8215 -1.2772 1.7128 -0.0134 0.7322 0.4550 -0.5066
1311868187.2364 0.8314 -1.2783 1.7155 -0.0123 0.7295 0.4579 -0.5080
1311868187.2688 0.8413 -1.2781 1.7170 -0.0105 0.7264 0.4615 -0.5091
1311868187.3005 0.8509 -1.2782 1.7171 -0.0085 0.7238 0.4662 -0.5086
1311868187.3366 0.8560 -1.2810 1.7201 -0.0062 0.7221 0.4711 -0.5066
1311868187.3684 0.8586 -1.2869 1.7248 -0.0042 0.7204 0.4739 -0.5065
1311868187.4005 0.8636 -1.2907 1.7298 -0.0047 0.7177 0.4753 -0.5089
1311868187.4367 0.8684 -1.2957 1.7338 -0.0062 0.7146 0.4763 -0.5124
1311868187.4686 0.8765 -1.2990 1.7377 -0.0077 0.7119 0.4761 -0.5162
1311868187.5005 0.8830 -1.3010 1.7404 -0.0079 0.7093 0.4768 -0.5191
1311868187.5376 0.8890 -1.3048 1.7429 -0.0076 0.7078 0.4777 -0.5204
1311868187.5685 0.8935 -1.3088 1.7476 -0.0075 0.7071 0.4787 -0.5204
1311868187.6005 0.8968 -1.3131 1.7529 -0.0075 0.7064 0.4793 -0.5208
1311868187.6365 0.9015 -1.3167 1.7569 -0.0070 0.7055 0.4791 -0.5222
1311868187.6687 0.9054 -1.3197 1.7608 -0.0061 0.7051 0.4788 -0.5230
1311868187.7006 0.9099 -1.3211 1.7644 -0.0054 0.7052 0.4788 -0.5229
1311868187.7365 0.9136 -1.3239 1.7693 -0.0031 0.7055 0.4792 -0.5221
1311868187.7687 0.9144 -1.3277 1.7737 -0.0010 0.7056 0.4798 -0.5215
1311868187.8005 0.9173 -1.3303 1.7780 -0.0006 0.7060 0.4801 -0.5207
1311868187.8375 0.9188 -1.3336 1.7824 -0.0011 0.7066 0.4812 -0.5187
1311868187.8686 0.9211 -1.3375 1.7886 -0.0031 0.7081 0.4826 -0.5154
1311868187.9005 0.9232 -1.3421 1.7963 -0.0046 0.7098 0.4839 -0.5119
1311868187.9366 0.9244 -1.3464 1.8038 -0.0053 0.7112 0.4850 -0.5088
1311868187.9685 0.9263 -1.3511 1.8106 -0.0060 0.7132 0.4859 -0.5052
1311868188.0007 0.9297 -1.3552 1.8194 -0.0064 0.7157 0.4871 -0.5004
1311868188.0367 0.9303 -1.3601 1.8302 -0.0054 0.7179 0.4886 -0.4959
1311868188.0685 0.9312 -1.3651 1.8401 -0.0036 0.7194 0.4899 -0.4923
1311868188.1004 0.9332 -1.3699 1.8505 -0.0008 0.7213 0.4910 -0.4886
1311868188.1367 0.9341 -1.3745 1.8609 0.0028 0.7227 0.4927 -0.4847
1311868188.1698 0.9354 -1.3788 1.8714 0.0067 0.7239 0.4949 -0.4806
1311868188.2006 0.9345 -1.3827 1.8845 0.0102 0.7249 0.4979 -0.4760
1311868188.2365 0.9333 -1.3864 1.8976 0.0111 0.7251 0.5015 -0.4718
1311868188.2686 0.9338 -1.3883 1.9114 0.0100 0.7246 0.5063 -0.4674
1311868188.3009 0.9348 -1.3901 1.9242 0.0083 0.7233 0.5119 -0.4633
1311868188.3368 0.9361 -1.3907 1.9360 0.0073 0.7212 0.5179 -0.4600
1311868188.3685 0.9365 -1.3910 1.9458 0.0072 0.7185 0.5234 -0.4580
1311868188.4005 0.9373 -1.3917 1.9529 0.0081 0.7161 0.5277 -0.4569
1311868188.4371 0.9400 -1.3914 1.9582 0.0098 0.7143 0.5308 -0.4561
1311868188.4686 0.9428 -1.3919 1.9609 0.0139 0.7132 0.5330 -0.4551
1311868188.5025 0.9460 -1.3933 1.9636 0.0189 0.7138 0.5340 -0.4528
1311868188.5375 0.9503 -1.3961 1.9676 0.0237 0.7155 0.5343 -0.4494
1311868188.5687 0.9549 -1.3996 1.9727 0.0283 0.7173 0.5343 -0.4463
1311868188.6014 0.9591 -1.4034 1.9780 0.0321 0.7183 0.5343 -0.4445
1311868188.6375 0.9652 -1.4065 1.9826 0.0344 0.7181 0.5348 -0.4440
1311868188.6687 0.9727 -1.4090 1.9861 0.0361 0.7173 0.5358 -0.4439
1311868188.7035 0.9804 -1.4117 1.9888 0.0379 0.7162 0.5374 -0.4436
1311868188.7366 0.9895 -1.4145 1.9921 0.0401 0.7150 0.5390 -0.4434
1311868188.7687 0.9971 -1.4173 1.9954 0.0428 0.7134 0.5408 -0.4436
1311868188.8007 1.0067 -1.4199 1.9991 0.0439 0.7118 0.5428 -0.4435
1311868188.8365 1.0160 -1.4222 2.0022 0.0450 0.7099 0.5453 -0.4435
1311868188.8685 1.0269 -1.4243 2.0036 0.0470 0.7078 0.5467 -0.4449
1311868188.9007 1.0403 -1.4263 2.0043 0.0504 0.7065 0.5475 -0.4456
1311868188.9365 1.0525 -1.4283 2.0071 0.0559 0.7057 0.5486 -0.4449
1311868188.9687 1.0639 -1.4306 2.0094 0.0640 0.7041 0.5495 -0.4452
1311868189.0006 1.0737 -1.4333 2.0118 0.0724 0.7027 0.5505 -0.4449
1311868189.0369 1.0821 -1.4359 2.0165 0.0785 0.7013 0.5522 -0.4440
1311868189.0686 1.0884 -1.4387 2.0212 0.0816 0.6990 0.5544 -0.4442
1311868189.1006 1.0936 -1.4422 2.0242 0.0804 0.6968 0.5562 -0.4458
1311868189.1366 1.1054 -1.4468 2.0263 0.0752 0.6951 0.5575 -0.4476
1311868189.1686 1.1189 -1.4508 2.0284 0.0714 0.6929 0.5596 -0.4490
1311868189.2012 1.1307 -1.4544 2.0301 0.0706 0.6901 0.5614 -0.4513
1311868189.2383 1.1440 -1.4578 2.0329 0.0715 0.6871 0.5636 -0.4530
1311868189.2687 1.1529 -1.4611 2.0346 0.0736 0.6835 0.5669 -0.4538
1311868189.3023 1.1608 -1.4652 2.0355 0.0746 0.6811 0.5697 -0.4539
1311868189.3379 1.1693 -1.4691 2.0381 0.0739 0.6797 0.5719 -0.4533
1311868189.3684 1.1772 -1.4735 2.0409 0.0738 0.6776 0.5739 -0.4538
1311868189.4005 1.1848 -1.4781 2.0435 0.0738 0.6754 0.5756 -0.4550
1311868189.4367 1.1925 -1.4806 2.0462 0.0735 0.6731 0.5773 -0.4564
1311868189.4688 1.1998 -1.4847 2.0483 0.0750 0.6709 0.5784 -0.4581
1311868189.5006 1.2069 -1.4879 2.0499 0.0763 0.6689 0.5795 -0.4592
1311868189.5366 1.2127 -1.4916 2.0526 0.0762 0.6678 0.5818 -0.4580
1311868189.5687 1.2171 -1.4948 2.0551 0.0757 0.6672 0.5839 -0.4563
1311868189.6019 1.2220 -1.4982 2.0575 0.0759 0.6665 0.5846 -0.4562
1311868189.6367 1.2286 -1.5027 2.0596 0.0776 0.6660 0.5847 -0.4567
1311868189.6687 1.2347 -1.5064 2.0644 0.0803 0.6657 0.5852 -0.4560
1311868189.7044 1.2376 -1.5093 2.0697 0.0821 0.6654 0.5858 -0.4554
1311868189.7366 1.2397 -1.5141 2.0767 0.0837 0.6648 0.5859 -0.4559
1311868189.7689 1.2423 -1.5182 2.0845 0.0838 0.6638 0.5859 -0.4573
1311868189.8029 1.2434 -1.5222 2.0904 0.0829 0.6619 0.5867 -0.4592
1311868189.8366 1.2464 -1.5273 2.0971 0.0816 0.6605 0.5864 -0.4618
1311868189.8687 1.2494 -1.5333 2.1039 0.0813 0.6592 0.5859 -0.4643
1311868189.9020 1.2529 -1.5388 2.1096 0.0813 0.6580 0.5858 -0.4661
1311868189.9367 1.2554 -1.5446 2.1164 0.0819 0.6573 0.5858 -0.4670
1311868189.9686 1.2561 -1.5505 2.1234 0.0823 0.6566 0.5862 -0.4674
1311868190.0020 1.2560 -1.5564 2.1318 0.0818 0.6561 0.5865 -0.4678
1311868190.0367 1.2563 -1.5631 2.1389 0.0806 0.6556 0.5863 -0.4690
1311868190.0686 1.2586 -1.5704 2.1461 0.0795 0.6554 0.5859 -0.4699
1311868190.1041 1.2619 -1.5783 2.1511 0.0795 0.6550 0.5857 -0.4708
1311868190.1367 1.2643 -1.5851 2.1567 0.0805 0.6551 0.5855 -0.4708
1311868190.1688 1.2649 -1.5924 2.1648 0.0820 0.6555 0.5850 -0.4705
1311868190.2024 1.2650 -1.5994 2.1721 0.0822 0.6559 0.5847 -0.4702
1311868190.2368 1.2653 -1.6055 2.1783 0.0807 0.6557 0.5847 -0.4708
1311868190.2686 1.2682 -1.6129 2.1858 0.0792 0.6555 0.5840 -0.4722
1311868190.3025 1.2692 -1.6194 2.1928 0.0784 0.6548 0.5835 -0.4739
1311868190.3367 1.2714 -1.6258 2.1982 0.0773 0.6541 0.5833 -0.4753
1311868190.3692 1.2735 -1.6321 2.2044 0.0768 0.6541 0.5829 -0.4759
1311868190.4020 1.2753 -1.6381 2.2090 0.0772 0.6540 0.5824 -0.4765
1311868190.4366 1.2768 -1.6438 2.2163 0.0782 0.6547 0.5815 -0.4766
1311868190.4689 1.2761 -1.6491 2.2224 0.0785 0.6547 0.5812 -0.4768
1311868190.5031 1.2757 -1.6548 2.2318 0.0781 0.6553 0.5800 -0.4775
1311868190.5366 1.2775 -1.6603 2.2371 0.0771 0.6544 0.5798 -0.4793
1311868190.5686 1.2784 -1.6651 2.2437 0.0763 0.6530 0.5803 -0.4807
1311868190.6044 1.2768 -1.6696 2.2481 0.0754 0.6520 0.5807 -0.4817
1311868190.6366 1.2790 -1.6741 2.2491 0.0740 0.6513 0.5805 -0.4831
1311868190.6687 1.2800 -1.6784 2.2524 0.0733 0.6516 0.5804 -0.4829
1311868190.7089 1.2802 -1.6819 2.2558 0.0726 0.6525 0.5799 -0.4824
1311868190.7367 1.2813 -1.6851 2.2586 0.0725 0.6533 0.5788 -0.4826
1311868190.7714 1.2836 -1.6891 2.2598 0.0730 0.6542 0.5771 -0.4835
1311868190.8024 1.2854 -1.6920 2.2622 0.0738 0.6551 0.5759 -0.4835
1311868190.8366 1.2864 -1.6948 2.2661 0.0751 0.6561 0.5748 -0.4832
1311868190.8704 1.2876 -1.6971 2.2706 0.0761 0.6568 0.5742 -0.4827
1311868190.9023 1.2874 -1.6984 2.2761 0.0764 0.6572 0.5744 -0.4820
1311868190.9366 1.2885 -1.7002 2.2788 0.0764 0.6565 0.5749 -0.4823
1311868190.9703 1.2904 -1.7017 2.2816 0.0770 0.6551 0.5758 -0.4830
1311868191.0043 1.2899 -1.7033 2.2876 0.0785 0.6543 0.5765 -0.4831
1311868191.0366 1.2894 -1.7038 2.2893 0.0800 0.6528 0.5777 -0.4835
1311868191.0750 1.2882 -1.7048 2.2930 0.0808 0.6520 0.5788 -0.4831
1311868191.1029 1.2871 -1.7062 2.2959 0.0809 0.6514 0.5797 -0.4828
1311868191.1367 1.2871 -1.7078 2.2968 0.0808 0.6509 0.5801 -0.4831
1311868191.1704 1.2871 -1.7093 2.2980 0.0807 0.6507 0.5805 -0.4829
1311868191.2047 1.2855 -1.7107 2.2988 0.0802 0.6508 0.5808 -0.4823
1311868191.2369 1.2854 -1.7126 2.2998 0.0797 0.6513 0.5804 -0.4823
1311868191.2705 1.2847 -1.7146 2.3008 0.0795 0.6517 0.5799 -0.4824
1311868191.3051 1.2841 -1.7168 2.3019 0.0787 0.6523 0.5794 -0.4823
1311868191.3368 1.2841 -1.7183 2.3044 0.0771 0.6533 0.5790 -0.4817
1311868191.3702 1.2833 -1.7204 2.3052 0.0765 0.6536 0.5784 -0.4821
1311868191.4080 1.2832 -1.7226 2.3052 0.0762 0.6535 0.5779 -0.4828
1311868191.4367 1.2829 -1.7249 2.3056 0.0754 0.6538 0.5778 -0.4828
1311868191.4700 1.2817 -1.7272 2.3076 0.0741 0.6543 0.5778 -0.4822
1311868191.5056 1.2802 -1.7293 2.3083 0.0735 0.6543 0.5777 -0.4825
1311868191.5368 1.2790 -1.7316 2.3095 0.0730 0.6544 0.5776 -0.4825
1311868191.5702 1.2785 -1.7344 2.3115 0.0721 0.6544 0.5779 -0.4823
1311868191.6047 1.2749 -1.7359 2.3155 0.0707 0.6544 0.5788 -0.4814
1311868191.6369 1.2724 -1.7377 2.3153 0.0687 0.6538 0.5792 -0.4820
1311868191.6708 1.2724 -1.7407 2.3157 0.0676 0.6538 0.5786 -0.4829
1311868191.7051 1.2716 -1.7417 2.3159 0.0685 0.6529 0.5785 -0.4841
1311868191.7368 1.2700 -1.7422 2.3153 0.0700 0.6521 0.5780 -0.4855
1311868191.7716 1.2646 -1.7430 2.3174 0.0714 0.6519 0.5778 -0.4858
1311868191.8048 1.2618 -1.7441 2.3183 0.0713 0.6519 0.5775 -0.4863
1311868191.8367 1.2591 -1.7446 2.3184 0.0711 0.6516 0.5776 -0.4865
1311868191.8722 1.2550 -1.7449 2.3190 0.0705 0.6517 0.5777 -0.4864
1311868191.9047 1.2529 -1.7452 2.3200 0.0705 0.6516 0.5775 -0.4869
1311868191.9367 1.2481 -1.7455 2.3216 0.0717 0.6511 0.5771 -0.4879
1311868191.9703 1.2445 -1.7448 2.3214 0.0720 0.6501 0.5771 -0.4891
1311868192.0052 1.2394 -1.7442 2.3230 0.0716 0.6496 0.5773 -0.4895
1311868192.0383 1.2362 -1.7433 2.3224 0.0707 0.6487 0.5778 -0.4903
1311868192.0706 1.2312 -1.7419 2.3224 0.0702 0.6481 0.5782 -0.4907
1311868192.1056 1.2271 -1.7411 2.3223 0.0698 0.6478 0.5784 -0.4908
1311868192.1394 1.2221 -1.7400 2.3212 0.0696 0.6473 0.5786 -0.4912
1311868192.1737 1.2184 -1.7384 2.3200 0.0692 0.6469 0.5785 -0.4920
1311868192.2047 1.2143 -1.7367 2.3189 0.0694 0.6462 0.5784 -0.4930
1311868192.2405 1.2082 -1.7356 2.3194 0.0698 0.6453 0.5785 -0.4940
1311868192.2717 1.2024 -1.7344 2.3176 0.0695 0.6439 0.5785 -0.4959
1311868192.3047 1.1960 -1.7329 2.3154 0.0690 0.6429 0.5782 -0.4976
1311868192.3425 1.1906 -1.7326 2.3122 0.0674 0.6430 0.5781 -0.4978
1311868192.3702 1.1846 -1.7322 2.3088 0.0649 0.6435 0.5787 -0.4967
1311868192.4047 1.1795 -1.7308 2.3065 0.0629 0.6441 0.5785 -0.4965
1311868192.4385 1.1728 -1.7296 2.3033 0.0624 0.6442 0.5774 -0.4977
1311868192.4714 1.1667 -1.7292 2.2997 0.0626 0.6440 0.5760 -0.4995
1311868192.5047 1.1593 -1.7274 2.2971 0.0617 0.6441 0.5750 -0.5007
1311868192.5409 1.1528 -1.7262 2.2930 0.0607 0.6443 0.5739 -0.5018
1311868192.5712 1.1480 -1.7241 2.2884 0.0598 0.6449 0.5730 -0.5023
1311868192.6048 1.1440 -1.7206 2.2832 0.0591 0.6457 0.5727 -0.5016
1311868192.6411 1.1378 -1.7183 2.2794 0.0598 0.6471 0.5726 -0.4997
1311868192.6703 1.1309 -1.7151 2.2770 0.0595 0.6488 0.5726 -0.4977
1311868192.7048 1.1266 -1.7128 2.2727 0.0590 0.6496 0.5722 -0.4972
1311868192.7394 1.1213 -1.7107 2.2694 0.0595 0.6501 0.5717 -0.4970
1311868192.7700 1.1146 -1.7083 2.2662 0.0599 0.6508 0.5713 -0.4966
1311868192.8048 1.1110 -1.7056 2.2612 0.0593 0.6517 0.5707 -0.4960
1311868192.8380 1.1054 -1.7041 2.2592 0.0589 0.6535 0.5700 -0.4946
1311868192.8706 1.1020 -1.7028 2.2566 0.0579 0.6548 0.5690 -0.4941
1311868192.9047 1.0967 -1.7009 2.2541 0.0570 0.6562 0.5681 -0.4933
1311868192.9405 1.0942 -1.7009 2.2511 0.0558 0.6579 0.5672 -0.4923
1311868192.9703 1.0916 -1.7001 2.2474 0.0559 0.6589 0.5667 -0.4915
1311868193.0048 1.0879 -1.7002 2.2463 0.0565 0.6605 0.5663 -0.4897
1311868193.0381 1.0835 -1.7000 2.2429 0.0566 0.6616 0.5666 -0.4879
1311868193.0703 1.0787 -1.7009 2.2422 0.0557 0.6635 0.5670 -0.4849
1311868193.1053 1.0743 -1.7017 2.2388 0.0540 0.6651 0.5674 -0.4825
1311868193.1407 1.0715 -1.7027 2.2374 0.0528 0.6670 0.5675 -0.4798
1311868193.1726 1.0679 -1.7033 2.2346 0.0526 0.6683 0.5676 -0.4779
1311868193.2051 1.0683 -1.7027 2.2309 0.0550 0.6701 0.5667 -0.4762
1311868193.2385 1.0670 -1.7025 2.2287 0.0599 0.6725 0.5675 -0.4714
1311868193.2705 1.0616 -1.7029 2.2295 0.0649 0.6743 0.5698 -0.4652
1311868193.3090 1.0534 -1.7036 2.2294 0.0679 0.6758 0.5717 -0.4603
1311868193.3408 1.0488 -1.7053 2.2279 0.0687 0.6773 0.5727 -0.4568
1311868193.3709 1.0451 -1.7064 2.2283 0.0687 0.6787 0.5743 -0.4527
1311868193.4093 1.0361 -1.7081 2.2266 0.0685 0.6796 0.5763 -0.4487
1311868193.4390 1.0339 -1.7103 2.2255 0.0666 0.6816 0.5768 -0.4453
1311868193.4732 1.0287 -1.7119 2.2244 0.0649 0.6830 0.5784 -0.4413
1311868193.5078 1.0222 -1.7142 2.2218 0.0618 0.6846 0.5798 -0.4374
1311868193.5412 1.0177 -1.7173 2.2197 0.0574 0.6872 0.5800 -0.4337
1311868193.5738 1.0143 -1.7212 2.2186 0.0526 0.6896 0.5802 -0.4303
1311868193.6060 1.0124 -1.7239 2.2162 0.0488 0.6912 0.5802 -0.4281
1311868193.6403 1.0093 -1.7259 2.2139 0.0461 0.6928 0.5802 -0.4256
1311868193.6702 1.0058 -1.7283 2.2122 0.0439 0.6949 0.5797 -0.4232
1311868193.7101 1.0027 -1.7304 2.2109 0.0425 0.6969 0.5788 -0.4212
1311868193.7383 0.9983 -1.7327 2.2092 0.0414 0.6989 0.5777 -0.4195
1311868193.7716 0.9947 -1.7351 2.2081 0.0395 0.7010 0.5765 -0.4179
1311868193.8094 0.9915 -1.7364 2.2076 0.0372 0.7028 0.5755 -0.4165
1311868193.8381 0.9857 -1.7393 2.2083 0.0350 0.7045 0.5739 -0.4160
1311868193.8732 0.9836 -1.7411 2.2061 0.0323 0.7054 0.5720 -0.4174
1311868193.9094 0.9815 -1.7426 2.2048 0.0306 0.7063 0.5700 -0.4187
1311868193.9381 0.9799 -1.7444 2.2014 0.0298 0.7075 0.5679 -0.4195
1311868193.9728 0.9798 -1.7461 2.2013 0.0297 0.7094 0.5664 -0.4185
1311868194.0092 0.9777 -1.7480 2.2008 0.0300 0.7105 0.5658 -0.4173
1311868194.0382 0.9770 -1.7499 2.2002 0.0305 0.7112 0.5654 -0.4167
1311868194.0714 0.9753 -1.7514 2.1997 0.0309 0.7116 0.5655 -0.4159
1311868194.1087 0.9743 -1.7533 2.2006 0.0309 0.7118 0.5657 -0.4151
1311868194.1406 0.9745 -1.7547 2.2011 0.0308 0.7105 0.5675 -0.4150
1311868194.1727 0.9718 -1.7549 2.1979 0.0319 0.7084 0.5700 -0.4150
1311868194.2095 0.9697 -1.7551 2.1932 0.0323 0.7083 0.5707 -0.4142
1311868194.2430 0.9690 -1.7574 2.1939 0.0325 0.7096 0.5709 -0.4117
1311868194.2700 0.9659 -1.7583 2.1928 0.0326 0.7097 0.5718 -0.4102
1311868194.3094 0.9619 -1.7600 2.1889 0.0324 0.7104 0.5711 -0.4101
1311868194.3392 0.9609 -1.7620 2.1881 0.0319 0.7118 0.5691 -0.4105
1311868194.3702 0.9581 -1.7640 2.1866 0.0312 0.7128 0.5673 -0.4112
1311868194.4082 0.9569 -1.7657 2.1846 0.0302 0.7137 0.5652 -0.4126
1311868194.4399 0.9560 -1.7677 2.1828 0.0298 0.7147 0.5631 -0.4138
1311868194.4689 0.9539 -1.7698 2.1816 0.0285 0.7157 0.5617 -0.4141
1311868194.5089 0.9517 -1.7716 2.1803 0.0263 0.7166 0.5602 -0.4147
1311868194.5384 0.9509 -1.7736 2.1790 0.0241 0.7175 0.5582 -0.4159
1311868194.5689 0.9510 -1.7755 2.1774 0.0221 0.7181 0.5567 -0.4170
1311868194.6095 0.9501 -1.7774 2.1754 0.0206 0.7188 0.5554 -0.4177
1311868194.6450 0.9491 -1.7788 2.1735 0.0194 0.7196 0.5539 -0.4183
1311868194.6690 0.9495 -1.7806 2.1719 0.0184 0.7206 0.5524 -0.4187
1311868194.7101 0.9489 -1.7820 2.1709 0.0187 0.7213 0.5514 -0.4188
1311868194.7410 0.9490 -1.7834 2.1692 0.0200 0.7221 0.5499 -0.4191
1311868194.7690 0.9495 -1.7841 2.1670 0.0220 0.7234 0.5487 -0.4185
1311868194.8069 0.9498 -1.7854 2.1674 0.0246 0.7253 0.5478 -0.4163
1311868194.8423 0.9462 -1.7870 2.1678 0.0273 0.7268 0.5474 -0.4139
1311868194.8690 0.9433 -1.7900 2.1691 0.0280 0.7285 0.5459 -0.4128
1311868194.9092 0.9422 -1.7924 2.1715 0.0273 0.7296 0.5447 -0.4127
1311868194.9427 0.9389 -1.7955 2.1735 0.0262 0.7300 0.5439 -0.4130
1311868194.9689 0.9383 -1.7987 2.1741 0.0250 0.7304 0.5419 -0.4149
1311868195.0092 0.9398 -1.8018 2.1760 0.0243 0.7310 0.5403 -0.4161
1311868195.0387 0.9396 -1.8045 2.1781 0.0241 0.7314 0.5397 -0.4162
1311868195.0690 0.9383 -1.8079 2.1803 0.0238 0.7318 0.5389 -0.4166
1311868195.1095 0.9382 -1.8118 2.1849 0.0232 0.7321 0.5383 -0.4169
1311868195.1397 0.9360 -1.8153 2.1892 0.0220 0.7318 0.5384 -0.4173
1311868195.1689 0.9347 -1.8187 2.1924 0.0195 0.7314 0.5384 -0.4182
1311868195.2087 0.9349 -1.8225 2.1966 0.0173 0.7311 0.5379 -0.4193
1311868195.2384 0.9345 -1.8263 2.2006 0.0162 0.7305 0.5375 -0.4209
1311868195.2691 0.9338 -1.8305 2.2038 0.0151 0.7303 0.5369 -0.4221
1311868195.3140 0.9350 -1.8356 2.2095 0.0144 0.7306 0.5362 -0.4225
1311868195.3407 0.9343 -1.8395 2.2149 0.0146 0.7305 0.5361 -0.4229
1311868195.3690 0.9338 -1.8440 2.2202 0.0148 0.7303 0.5356 -0.4237
1311868195.4094 0.9337 -1.8486 2.2265 0.0146 0.7301 0.5353 -0.4244
1311868195.4418 0.9325 -1.8528 2.2338 0.0132 0.7296 0.5357 -0.4249
1311868195.4692 0.9324 -1.8564 2.2390 0.0107 0.7284 0.5364 -0.4263
1311868195.5090 0.9332 -1.8599 2.2453 0.0083 0.7269 0.5368 -0.4283
1311868195.5408 0.9351 -1.8634 2.2499 0.0066 0.7250 0.5372 -0.4309
1311868195.5692 0.9390 -1.8662 2.2552 0.0067 0.7235 0.5375 -0.4331
1311868195.6070 0.9405 -1.8689 2.2618 0.0084 0.7222 0.5388 -0.4336
1311868195.6414 0.9414 -1.8717 2.2684 0.0096 0.7208 0.5407 -0.4335
1311868195.6690 0.9427 -1.8736 2.2764 0.0110 0.7191 0.5432 -0.4333
1311868195.7101 0.9428 -1.8762 2.2826 0.0115 0.7171 0.5459 -0.4332
1311868195.7373 0.9434 -1.8780 2.2899 0.0116 0.7153 0.5482 -0.4333
1311868195.7690 0.9427 -1.8791 2.2968 0.0111 0.7133 0.5500 -0.4342
1311868195.8088 0.9433 -1.8817 2.3035 0.0101 0.7116 0.5506 -0.4363
1311868195.8371 0.9438 -1.8841 2.3101 0.0085 0.7098 0.5506 -0.4394
1311868195.8691 0.9465 -1.8857 2.3156 0.0064 0.7079 0.5495 -0.4437
1311868195.9065 0.9508 -1.8884 2.3201 0.0053 0.7060 0.5484 -0.4480
1311868195.9370 0.9572 -1.8899 2.3247 0.0052 0.7045 0.5474 -0.4517
1311868195.9690 0.9650 -1.8915 2.3271 0.0075 0.7032 0.5472 -0.4539
1311868196.0093 0.9721 -1.8940 2.3322 0.0113 0.7023 0.5481 -0.4541
1311868196.0369 0.9754 -1.8960 2.3370 0.0150 0.7007 0.5503 -0.4538
1311868196.0690 0.9791 -1.8977 2.3417 0.0173 0.6992 0.5517 -0.4545
1311868196.1078 0.9827 -1.8997 2.3453 0.0192 0.6970 0.5529 -0.4563
1311868196.1371 0.9873 -1.9011 2.3506 0.0200 0.6949 0.5535 -0.4587
1311868196.1689 0.9917 -1.9031 2.3538 0.0210 0.6921 0.5544 -0.4617
1311868196.2083 0.9962 -1.9044 2.3566 0.0210 0.6896 0.5547 -0.4651
1311868196.2370 1.0028 -1.9062 2.3593 0.0206 0.6877 0.5545 -0.4681
1311868196.2691 1.0085 -1.9078 2.3617 0.0217 0.6857 0.5546 -0.4709
1311868196.3074 1.0144 -1.9096 2.3649 0.0237 0.6842 0.5536 -0.4742
1311868196.3371 1.0207 -1.9109 2.3673 0.0269 0.6824 0.5524 -0.4780
1311868196.3691 1.0268 -1.9131 2.3693 0.0302 0.6806 0.5517 -0.4812
1311868196.4101 1.0324 -1.9144 2.3713 0.0330 0.6787 0.5514 -0.4840
1311868196.4372 1.0391 -1.9160 2.3760 0.0352 0.6774 0.5512 -0.4859
1311868196.4690 1.0459 -1.9169 2.3781 0.0372 0.6749 0.5518 -0.4885
1311868196.5078 1.0515 -1.9180 2.3811 0.0405 0.6727 0.5522 -0.4907
1311868196.5371 1.0564 -1.9191 2.3836 0.0441 0.6704 0.5523 -0.4936
1311868196.5691 1.0627 -1.9207 2.3881 0.0483 0.6684 0.5520 -0.4962
1311868196.6101 1.0661 -1.9206 2.3926 0.0520 0.6660 0.5529 -0.4980
1311868196.6370 1.0705 -1.9216 2.3974 0.0552 0.6638 0.5530 -0.5005
1311868196.6690 1.0744 -1.9229 2.4008 0.0586 0.6614 0.5532 -0.5031
1311868196.7097 1.0760 -1.9248 2.4053 0.0604 0.6593 0.5538 -0.5050
1311868196.7371 1.0770 -1.9265 2.4113 0.0605 0.6578 0.5533 -0.5075
1311868196.7691 1.0817 -1.9303 2.4166 0.0600 0.6558 0.5525 -0.5109
1311868196.8076 1.0855 -1.9347 2.4212 0.0604 0.6532 0.5528 -0.5138
1311868196.8370 1.0868 -1.9383 2.4257 0.0598 0.6514 0.5535 -0.5155
1311868196.8690 1.0880 -1.9433 2.4321 0.0588 0.6504 0.5537 -0.5167
1311868196.9096 1.0897 -1.9482 2.4387 0.0585 0.6496 0.5529 -0.5186
1311868196.9370 1.0908 -1.9528 2.4439 0.0586 0.6491 0.5520 -0.5201
1311868196.9692 1.0944 -1.9585 2.4496 0.0579 0.6493 0.5516 -0.5203
1311868197.0051 1.0950 -1.9627 2.4541 0.0568 0.6498 0.5524 -0.5191
1311868197.0370 1.0966 -1.9684 2.4602 0.0558 0.6509 0.5526 -0.5175
1311868197.0691 1.0983 -1.9730 2.4665 0.0555 0.6517 0.5532 -0.5160
1311868197.1050 1.0998 -1.9788 2.4751 0.0553 0.6523 0.5550 -0.5133
1311868197.1370 1.0986 -1.9830 2.4831 0.0547 0.6524 0.5578 -0.5102
1311868197.1690 1.0984 -1.9878 2.4909 0.0547 0.6519 0.5603 -0.5079
1311868197.2051 1.0975 -1.9915 2.4972 0.0544 0.6517 0.5636 -0.5048
1311868197.2372 1.0966 -1.9957 2.5048 0.0540 0.6522 0.5668 -0.5005
1311868197.2692 1.0956 -2.0001 2.5116 0.0545 0.6528 0.5696 -0.4965
1311868197.3051 1.0952 -2.0049 2.5186 0.0547 0.6538 0.5725 -0.4917
1311868197.3373 1.0938 -2.0100 2.5260 0.0538 0.6548 0.5762 -0.4862
1311868197.3691 1.0925 -2.0145 2.5334 0.0527 0.6553 0.5791 -0.4822
1311868197.4052 1.0914 -2.0193 2.5414 0.0517 0.6554 0.5814 -0.4793
1311868197.4370 1.0903 -2.0231 2.5499 0.0515 0.6557 0.5833 -0.4767
1311868197.4692 1.0894 -2.0272 2.5577 0.0516 0.6559 0.5856 -0.4736
1311868197.5052 1.0889 -2.0313 2.5656 0.0523 0.6562 0.5876 -0.4705
1311868197.5370 1.0857 -2.0349 2.5740 0.0545 0.6561 0.5892 -0.4685
1311868197.5692 1.0838 -2.0386 2.5831 0.0571 0.6558 0.5898 -0.4677
1311868197.6052 1.0814 -2.0419 2.5905 0.0596 0.6551 0.5909 -0.4671
1311868197.6371 1.0805 -2.0451 2.5986 0.0616 0.6549 0.5918 -0.4659
1311868197.6691 1.0797 -2.0473 2.6069 0.0630 0.6547 0.5933 -0.4641
1311868197.7052 1.0784 -2.0501 2.6155 0.0641 0.6544 0.5948 -0.4623
1311868197.7373 1.0766 -2.0523 2.6224 0.0647 0.6538 0.5966 -0.4609
1311868197.7692 1.0755 -2.0552 2.6291 0.0646 0.6535 0.5982 -0.4593
1311868197.8054 1.0739 -2.0562 2.6360 0.0657 0.6529 0.5988 -0.4592
1311868197.8372 1.0743 -2.0586 2.6411 0.0685 0.6522 0.5982 -0.4605
1311868197.8691 1.0738 -2.0608 2.6469 0.0716 0.6518 0.5985 -0.4603
1311868197.9052 1.0724 -2.0620 2.6532 0.0748 0.6513 0.5987 -0.4602
1311868197.9372 1.0709 -2.0635 2.6602 0.0779 0.6502 0.5993 -0.4603
1311868197.9692 1.0665 -2.0642 2.6650 0.0791 0.6486 0.6009 -0.4605
1311868198.0052 1.0638 -2.0653 2.6696 0.0779 0.6474 0.6019 -0.4610
1311868198.0371 1.0614 -2.0668 2.6740 0.0764 0.6462 0.6027 -0.4619
1311868198.0692 1.0584 -2.0672 2.6776 0.0757 0.6452 0.6025 -0.4636
1311868198.1054 1.0578 -2.0685 2.6813 0.0760 0.6448 0.6017 -0.4651
1311868198.1372 1.0560 -2.0709 2.6844 0.0768 0.6445 0.6018 -0.4654
1311868198.1692 1.0528 -2.0720 2.6878 0.0772 0.6444 0.6019 -0.4653
1311868198.2053 1.0503 -2.0733 2.6917 0.0774 0.6445 0.6015 -0.4657
1311868198.2372 1.0460 -2.0736 2.6951 0.0768 0.6440 0.6012 -0.4669
1311868198.2692 1.0428 -2.0752 2.6992 0.0768 0.6431 0.6001 -0.4695
1311868198.3051 1.0405 -2.0745 2.7023 0.0774 0.6419 0.5990 -0.4723
1311868198.3372 1.0386 -2.0751 2.7068 0.0792 0.6414 0.5985 -0.4734
1311868198.3692 1.0354 -2.0741 2.7099 0.0814 0.6409 0.5990 -0.4731
1311868198.4051 1.0288 -2.0745 2.7124 0.0829 0.6405 0.6003 -0.4718
1311868198.4372 1.0209 -2.0731 2.7153 0.0833 0.6405 0.6005 -0.4714
1311868198.4692 1.0169 -2.0745 2.7184 0.0831 0.6403 0.6005 -0.4718
1311868198.5053 1.0100 -2.0735 2.7210 0.0818 0.6401 0.6010 -0.4715
1311868198.5373 1.0050 -2.0741 2.7226 0.0803 0.6400 0.6018 -0.4709
1311868198.5692 1.0000 -2.0746 2.7248 0.0793 0.6400 0.6030 -0.4696
1311868198.6051 0.9937 -2.0736 2.7262 0.0780 0.6400 0.6040 -0.4684
1311868198.6372 0.9893 -2.0739 2.7275 0.0774 0.6403 0.6050 -0.4669
1311868198.6691 0.9849 -2.0738 2.7279 0.0770 0.6403 0.6061 -0.4655
1311868198.7050 0.9800 -2.0731 2.7284 0.0777 0.6401 0.6072 -0.4643
1311868198.7372 0.9751 -2.0725 2.7287 0.0790 0.6401 0.6079 -0.4631
1311868198.7691 0.9707 -2.0724 2.7298 0.0802 0.6403 0.6092 -0.4610
1311868198.8051 0.9632 -2.0715 2.7304 0.0805 0.6407 0.6110 -0.4579
1311868198.8372 0.9590 -2.0718 2.7315 0.0789 0.6415 0.6126 -0.4549
1311868198.8692 0.9517 -2.0704 2.7322 0.0771 0.6424 0.6142 -0.4518
1311868198.9051 0.9468 -2.0713 2.7325 0.0758 0.6436 0.6146 -0.4498
1311868198.9371 0.9413 -2.0709 2.7333 0.0759 0.6449 0.6145 -0.4481
1311868198.9692 0.9361 -2.0720 2.7348 0.0764 0.6461 0.6143 -0.4465
1311868199.0051 0.9299 -2.0719 2.7366 0.0764 0.6469 0.6146 -0.4450
1311868199.0372 0.9247 -2.0729 2.7385 0.0759 0.6474 0.6150 -0.4437
1311868199.0692 0.9189 -2.0728 2.7402 0.0749 0.6474 0.6160 -0.4425
1311868199.1051 0.9126 -2.0718 2.7412 0.0744 0.6473 0.6163 -0.4423
1311868199.1372 0.9083 -2.0710 2.7426 0.0747 0.6479 0.6156 -0.4423
1311868199.1693 0.9034 -2.0707 2.7439 0.0762 0.6490 0.6151 -0.4412
1311868199.2052 0.9001 -2.0711 2.7458 0.0780 0.6497 0.6150 -0.4399
1311868199.2372 0.8952 -2.0710 2.7467 0.0798 0.6501 0.6150 -0.4391
1311868199.2693 0.8912 -2.0714 2.7487 0.0815 0.6503 0.6148 -0.4388
1311868199.3052 0.8862 -2.0707 2.7495 0.0816 0.6503 0.6155 -0.4377
1311868199.3373 0.8815 -2.0699 2.7507 0.0806 0.6509 0.6160 -0.4363
1311868199.3694 0.8769 -2.0692 2.7520 0.0808 0.6514 0.6156 -0.4360
1311868199.4052 0.8743 -2.0690 2.7536 0.0822 0.6521 0.6147 -0.4362
1311868199.4372 0.8706 -2.0682 2.7545 0.0846 0.6526 0.6143 -0.4354
1311868199.4694 0.8649 -2.0677 2.7554 0.0868 0.6535 0.6140 -0.4340
1311868199.5053 0.8618 -2.0683 2.7560 0.0876 0.6547 0.6138 -0.4324
1311868199.5373 0.8577 -2.0678 2.7569 0.0875 0.6560 0.6141 -0.4300
1311868199.5693 0.8550 -2.0682 2.7581 0.0875 0.6575 0.6142 -0.4276
1311868199.6053 0.8527 -2.0679 2.7595 0.0879 0.6591 0.6146 -0.4243
1311868199.6372 0.8495 -2.0668 2.7605 0.0885 0.6609 0.6156 -0.4201
1311868199.6692 0.8463 -2.0665 2.7617 0.0889 0.6628 0.6167 -0.4152
1311868199.7053 0.8413 -2.0661 2.7641 0.0889 0.6647 0.6179 -0.4104
1311868199.7372 0.8374 -2.0679 2.7660 0.0890 0.6661 0.6188 -0.4068
1311868199.7691 0.8329 -2.0688 2.7687 0.0896 0.6670 0.6197 -0.4038
1311868199.8053 0.8279 -2.0698 2.7706 0.0900 0.6680 0.6207 -0.4006
1311868199.8372 0.8231 -2.0710 2.7734 0.0902 0.6693 0.6219 -0.3964
1311868199.8692 0.8172 -2.0714 2.7753 0.0890 0.6710 0.6233 -0.3915
1311868199.9052 0.8118 -2.0745 2.7783 0.0871 0.6731 0.6247 -0.3860
1311868199.9372 0.8049 -2.0777 2.7811 0.0852 0.6750 0.6258 -0.3814
1311868199.9693 0.7996 -2.0802 2.7843 0.0841 0.6772 0.6254 -0.3784
1311868200.0052 0.7956 -2.0846 2.7886 0.0846 0.6793 0.6251 -0.3751
1311868200.0376 0.7914 -2.0892 2.7930 0.0863 0.6807 0.6257 -0.3710
1311868200.0694 0.7852 -2.0928 2.7972 0.0879 0.6817 0.6271 -0.3664
1311868200.1052 0.7795 -2.0968 2.8013 0.0870 0.6829 0.6286 -0.3618
1311868200.1373 0.7728 -2.1013 2.8070 0.0835 0.6842 0.6307 -0.3565
1311868200.1694 0.7668 -2.1064 2.8116 0.0798 0.6849 0.6324 -0.3532
1311868200.2055 0.7614 -2.1111 2.8166 0.0783 0.6853 0.6329 -0.3515
1311868200.2372 0.7565 -2.1162 2.8228 0.0790 0.6860 0.6334 -0.3492
1311868200.2734 0.7511 -2.1211 2.8273 0.0797 0.6865 0.6347 -0.3457
1311868200.3052 0.7458 -2.1254 2.8331 0.0802 0.6870 0.6362 -0.3417
1311868200.3372 0.7391 -2.1299 2.8391 0.0804 0.6875 0.6374 -0.3385
1311868200.3734 0.7341 -2.1346 2.8450 0.0795 0.6878 0.6385 -0.3360
1311868200.4052 0.7297 -2.1390 2.8508 0.0789 0.6879 0.6397 -0.3337
1311868200.4373 0.7255 -2.1437 2.8569 0.0798 0.6877 0.6409 -0.3314
1311868200.4733 0.7213 -2.1477 2.8635 0.0817 0.6876 0.6423 -0.3286
1311868200.5053 0.7157 -2.1509 2.8688 0.0831 0.6876 0.6439 -0.3251
1311868200.5372 0.7111 -2.1541 2.8744 0.0826 0.6879 0.6453 -0.3218
1311868200.5733 0.7060 -2.1585 2.8808 0.0809 0.6882 0.6464 -0.3195
1311868200.6052 0.7009 -2.1623 2.8863 0.0798 0.6881 0.6470 -0.3188
1311868200.6374 0.6975 -2.1659 2.8923 0.0806 0.6882 0.6465 -0.3193
1311868200.6735 0.6941 -2.1692 2.8979 0.0822 0.6886 0.6462 -0.3185
1311868200.7053 0.6914 -2.1723 2.9023 0.0833 0.6888 0.6465 -0.3173
1311868200.7376 0.6873 -2.1745 2.9078 0.0844 0.6893 0.6463 -0.3162
1311868200.7734 0.6850 -2.1782 2.9131 0.0847 0.6897 0.6462 -0.3155
1311868200.8052 0.6819 -2.1813 2.9172 0.0847 0.6898 0.6465 -0.3148
1311868200.8374 0.6791 -2.1837 2.9218 0.0854 0.6899 0.6464 -0.3143
1311868200.8732 0.6769 -2.1860 2.9248 0.0858 0.6902 0.6464 -0.3137
1311868200.9052 0.6743 -2.1875 2.9285 0.0861 0.6910 0.6463 -0.3122
1311868200.9374 0.6721 -2.1899 2.9324 0.0867 0.6920 0.6456 -0.3110
1311868200.9734 0.6693 -2.1925 2.9358 0.0879 0.6929 0.6451 -0.3099
1311868201.0053 0.6673 -2.1949 2.9390 0.0889 0.6937 0.6448 -0.3085
1311868201.0374 0.6639 -2.1961 2.9414 0.0894 0.6942 0.6447 -0.3074
1311868201.0732 0.6616 -2.1981 2.9440 0.0898 0.6945 0.6442 -0.3075
1311868201.1054 0.6583 -2.1983 2.9464 0.0905 0.6943 0.6438 -0.3086
1311868201.1375 0.6560 -2.1996 2.9478 0.0908 0.6944 0.6432 -0.3095
1311868201.1735 0.6535 -2.1996 2.9498 0.0903 0.6953 0.6428 -0.3085
1311868201.2053 0.6513 -2.2018 2.9514 0.0902 0.6964 0.6423 -0.3072
1311868201.2374 0.6485 -2.2036 2.9535 0.0909 0.6968 0.6420 -0.3065
1311868201.2734 0.6451 -2.2041 2.9547 0.0912 0.6967 0.6420 -0.3068
1311868201.3053 0.6421 -2.2054 2.9561 0.0914 0.6963 0.6421 -0.3073
1311868201.3375 0.6385 -2.2043 2.9573 0.0919 0.6957 0.6423 -0.3082
1311868201.3733 0.6357 -2.2043 2.9580 0.0924 0.6952 0.6424 -0.3092
1311868201.4053 0.6324 -2.2034 2.9590 0.0920 0.6951 0.6425 -0.3092
1311868201.4374 0.6296 -2.2033 2.9593 0.0911 0.6950 0.6428 -0.3091
1311868201.4732 0.6271 -2.2037 2.9599 0.0908 0.6951 0.6425 -0.3097
1311868201.5053 0.6248 -2.2038 2.9607 0.0912 0.6949 0.6423 -0.3101
1311868201.5375 0.6226 -2.2030 2.9609 0.0916 0.6949 0.6424 -0.3100
1311868201.5734 0.6197 -2.2027 2.9616 0.0917 0.6951 0.6427 -0.3088
1311868201.6054 0.6165 -2.2018 2.9622 0.0906 0.6955 0.6430 -0.3077
1311868201.6374 0.6127 -2.2009 2.9625 0.0891 0.6961 0.6430 -0.3067
1311868201.6735 0.6107 -2.2011 2.9627 0.0878 0.6967 0.6427 -0.3062
1311868201.7054 0.6076 -2.2007 2.9630 0.0881 0.6972 0.6424 -0.3058
1311868201.7374 0.6050 -2.2006 2.9638 0.0890 0.6974 0.6422 -0.3055
1311868201.7735 0.6018 -2.2013 2.9648 0.0897 0.6973 0.6426 -0.3046
1311868201.8053 0.5987 -2.2008 2.9656 0.0899 0.6970 0.6433 -0.3039
1311868201.8374 0.5952 -2.2010 2.9676 0.0905 0.6967 0.6440 -0.3028
1311868201.8733 0.5919 -2.2003 2.9679 0.0897 0.6962 0.6456 -0.3008
1311868201.9053 0.5883 -2.2010 2.9690 0.0883 0.6956 0.6474 -0.2987
1311868201.9375 0.5845 -2.1999 2.9705 0.0872 0.6950 0.6488 -0.2973
1311868201.9733 0.5808 -2.1986 2.9721 0.0863 0.6945 0.6499 -0.2964
1311868202.0053 0.5777 -2.1993 2.9737 0.0853 0.6939 0.6511 -0.2955
1311868202.0375 0.5733 -2.1986 2.9755 0.0848 0.6934 0.6521 -0.2946
1311868202.0733 0.5696 -2.1996 2.9773 0.0849 0.6930 0.6528 -0.2940
1311868202.1053 0.5667 -2.2000 2.9799 0.0858 0.6926 0.6535 -0.2932
1311868202.1376 0.5630 -2.2009 2.9822 0.0867 0.6919 0.6549 -0.2913
1311868202.1733 0.5593 -2.2013 2.9842 0.0864 0.6913 0.6567 -0.2888
1311868202.2053 0.5548 -2.2011 2.9862 0.0853 0.6910 0.6584 -0.2859
1311868202.2375 0.5509 -2.2048 2.9897 0.0852 0.6905 0.6604 -0.2826
1311868202.2733 0.5454 -2.2039 2.9916 0.0850 0.6896 0.6630 -0.2788
1311868202.3053 0.5404 -2.2034 2.9939 0.0849 0.6889 0.6649 -0.2761
1311868202.3374 0.5342 -2.2036 2.9968 0.0856 0.6883 0.6661 -0.2743
1311868202.3733 0.5282 -2.2025 2.9987 0.0864 0.6877 0.6667 -0.2739
1311868202.4053 0.5225 -2.2032 3.0013 0.0869 0.6878 0.6666 -0.2737
1311868202.4374 0.5176 -2.2048 3.0038 0.0864 0.6881 0.6669 -0.2727
1311868202.4734 0.5122 -2.2076 3.0061 0.0854 0.6884 0.6674 -0.2710
1311868202.5054 0.5062 -2.2107 3.0089 0.0839 0.6883 0.6684 -0.2691
1311868202.5375 0.4992 -2.2120 3.0112 0.0811 0.6878 0.6696 -0.2682
1311868202.5734 0.4930 -2.2139 3.0140 0.0780 0.6876 0.6699 -0.2689
1311868202.6054 0.4862 -2.2155 3.0166 0.0767 0.6873 0.6697 -0.2706
1311868202.6374 0.4797 -2.2189 3.0201 0.0769 0.6877 0.6692 -0.2709
1311868202.6737 0.4739 -2.2211 3.0217 0.0774 0.6881 0.6692 -0.2699
1311868202.7055 0.4672 -2.2233 3.0239 0.0765 0.6890 0.6689 -0.2682
1311868202.7373 0.4612 -2.2245 3.0244 0.0739 0.6898 0.6688 -0.2671
1311868202.7734 0.4546 -2.2262 3.0249 0.0702 0.6910 0.6681 -0.2670
1311868202.8054 0.4490 -2.2274 3.0259 0.0670 0.6924 0.6666 -0.2678
1311868202.8376 0.4435 -2.2301 3.0263 0.0660 0.6939 0.6648 -0.2688
1311868202.8734 0.4379 -2.2324 3.0284 0.0670 0.6954 0.6631 -0.2687
1311868202.9054 0.4325 -2.2330 3.0276 0.0677 0.6970 0.6620 -0.2672
1311868202.9376 0.4276 -2.2334 3.0262 0.0669 0.6993 0.6608 -0.2641
1311868202.9734 0.4234 -2.2348 3.0256 0.0653 0.7019 0.6596 -0.2608
1311868203.0056 0.4204 -2.2341 3.0234 0.0635 0.7042 0.6583 -0.2585
1311868203.0376 0.4171 -2.2332 3.0203 0.0626 0.7060 0.6567 -0.2578
1311868203.0734 0.4157 -2.2368 3.0189 0.0632 0.7079 0.6548 -0.2572
1311868203.1056 0.4146 -2.2345 3.0174 0.0659 0.7092 0.6538 -0.2555
1311868203.1375 0.4153 -2.2329 3.0134 0.0711 0.7113 0.6517 -0.2536
1311868203.1735 0.4138 -2.2335 3.0103 0.0777 0.7137 0.6505 -0.2480
1311868203.2054 0.4087 -2.2328 3.0036 0.0814 0.7161 0.6497 -0.2417
1311868203.2375 0.4039 -2.2350 2.9969 0.0830 0.7185 0.6482 -0.2381
1311868203.2735 0.3987 -2.2374 2.9922 0.0830 0.7209 0.6464 -0.2357
1311868203.3055 0.3952 -2.2381 2.9846 0.0810 0.7235 0.6445 -0.2338
1311868203.3375 0.3920 -2.2411 2.9787 0.0780 0.7262 0.6425 -0.2316
1311868203.3736 0.3880 -2.2437 2.9718 0.0744 0.7292 0.6406 -0.2290
1311868203.4055 0.3850 -2.2469 2.9656 0.0710 0.7321 0.6384 -0.2268
1311868203.4377 0.3830 -2.2517 2.9619 0.0690 0.7347 0.6369 -0.2232
1311868203.5055 0.3787 -2.2556 2.9496 0.0697 0.7365 0.6383 -0.2129
1311868203.5374 0.3751 -2.2567 2.9428 0.0728 0.7378 0.6381 -0.2077
1311868203.5735 0.3690 -2.2595 2.9380 0.0734 0.7395 0.6381 -0.2014
1311868203.6054 0.3639 -2.2624 2.9325 0.0720 0.7404 0.6386 -0.1968
1311868203.6736 0.3532 -2.2622 2.9216 0.0720 0.7425 0.6365 -0.1958
1311868203.7055 0.3485 -2.2668 2.9195 0.0712 0.7438 0.6360 -0.1930
1311868203.7376 0.3426 -2.2692 2.9155 0.0700 0.7439 0.6371 -0.1893
1311868203.7737 0.3378 -2.2703 2.9101 0.0707 0.7437 0.6379 -0.1870
1311868203.8055 0.3331 -2.2772 2.9077 0.0731 0.7437 0.6388 -0.1830
1311868203.8375 0.3271 -2.2849 2.9071 0.0750 0.7418 0.6428 -0.1760
1311868203.9056 0.3083 -2.2767 2.8924 0.0733 0.7363 0.6528 -0.1626
1311868203.9377 0.3001 -2.2798 2.8859 0.0731 0.7372 0.6522 -0.1608
1311868203.9736 0.2895 -2.2818 2.8815 0.0721 0.7382 0.6515 -0.1596
1311868204.0055 0.2816 -2.2831 2.8733 0.0700 0.7396 0.6499 -0.1604
1311868204.0376 0.2767 -2.2919 2.8694 0.0686 0.7422 0.6473 -0.1596
1311868204.0736 0.2678 -2.2966 2.8654 0.0674 0.7432 0.6471 -0.1560
1311868204.1055 0.2604 -2.2989 2.8583 0.0664 0.7443 0.6466 -0.1536
1311868204.1377 0.2539 -2.3047 2.8551 0.0671 0.7459 0.6453 -0.1506
1311868204.1737 0.2447 -2.3060 2.8486 0.0683 0.7467 0.6449 -0.1475
1311868204.2055 0.2357 -2.3096 2.8441 0.0698 0.7480 0.6436 -0.1463
1311868204.2377 0.2274 -2.3138 2.8407 0.0704 0.7490 0.6425 -0.1455
1311868204.2736 0.2210 -2.3185 2.8369 0.0697 0.7493 0.6426 -0.1441
1311868204.3055 0.2147 -2.3226 2.8335 0.0701 0.7490 0.6435 -0.1415
1311868204.3377 0.2075 -2.3252 2.8306 0.0698 0.7482 0.6453 -0.1375
1311868204.3736 0.2012 -2.3278 2.8271 0.0703 0.7472 0.6472 -0.1340
1311868204.4057 0.1950 -2.3285 2.8225 0.0720 0.7461 0.6488 -0.1307
1311868204.4377 0.1884 -2.3333 2.8219 0.0736 0.7457 0.6500 -0.1265
1311868204.4735 0.1808 -2.3343 2.8181 0.0740 0.7436 0.6532 -0.1220
1311868204.5378 0.1650 -2.3384 2.8102 0.0710 0.7433 0.6550 -0.1165
1311868204.5737 0.1583 -2.3389 2.8059 0.0687 0.7435 0.6548 -0.1176
1311868204.6057 0.1533 -2.3427 2.8040 0.0665 0.7447 0.6531 -0.1200
1311868204.6376 0.1480 -2.3461 2.8022 0.0640 0.7455 0.6521 -0.1216
1311868204.6737 0.1438 -2.3516 2.7998 0.0607 0.7462 0.6516 -0.1222
1311868204.7055 0.1391 -2.3558 2.7985 0.0580 0.7464 0.6518 -0.1213
1311868204.7377 0.1354 -2.3592 2.7954 0.0565 0.7463 0.6522 -0.1202
1311868204.7737 0.1304 -2.3630 2.7923 0.0574 0.7460 0.6527 -0.1193
1311868204.8376 0.1276 -2.3721 2.7897 0.0641 0.7455 0.6532 -0.1160
1311868204.8736 0.1226 -2.3729 2.7844 0.0693 0.7445 0.6548 -0.1098
1311868204.9057 0.1158 -2.3771 2.7811 0.0731 0.7449 0.6550 -0.1036
1311868204.9377 0.1044 -2.3805 2.7765 0.0749 0.7450 0.6554 -0.0987
1311868205.0060 0.0885 -2.3834 2.7707 0.0700 0.7479 0.6518 -0.1043
1311868205.0377 0.0845 -2.3887 2.7689 0.0673 0.7489 0.6499 -0.1102
1311868205.0736 0.0815 -2.3922 2.7649 0.0651 0.7495 0.6487 -0.1150
1311868205.1376 0.0764 -2.4040 2.7591 0.0636 0.7519 0.6453 -0.1188
1311868205.1736 0.0740 -2.4060 2.7547 0.0629 0.7529 0.6442 -0.1188
1311868205.2056 0.0696 -2.4092 2.7526 0.0628 0.7544 0.6425 -0.1188
1311868205.2378 0.0657 -2.4127 2.7522 0.0618 0.7558 0.6408 -0.1196
1311868205.2736 0.0641 -2.4152 2.7496 0.0597 0.7569 0.6396 -0.1198
1311868205.3056 0.0595 -2.4174 2.7459 0.0574 0.7581 0.6384 -0.1198
1311868205.3378 0.0584 -2.4202 2.7461 0.0556 0.7603 0.6358 -0.1210
1311868205.3735 0.0574 -2.4220 2.7442 0.0548 0.7620 0.6339 -0.1206
1311868205.4057 0.0570 -2.4259 2.7426 0.0551 0.7643 0.6313 -0.1193
1311868205.4377 0.0563 -2.4266 2.7407 0.0569 0.7664 0.6289 -0.1175
1311868205.4736 0.0530 -2.4273 2.7373 0.0589 0.7692 0.6256 -0.1162
1311868205.5057 0.0527 -2.4293 2.7341 0.0598 0.7731 0.6208 -0.1153
1311868205.5377 0.0506 -2.4314 2.7311 0.0616 0.7774 0.6154 -0.1147
1311868205.5736 0.0475 -2.4344 2.7301 0.0633 0.7821 0.6092 -0.1148
1311868205.6055 0.0465 -2.4388 2.7328 0.0642 0.7861 0.6039 -0.1152
1311868205.6377 0.0446 -2.4418 2.7340 0.0644 0.7885 0.6008 -0.1150
1311868205.7056 0.0405 -2.4438 2.7300 0.0608 0.7915 0.5966 -0.1177
1311868205.7378 0.0421 -2.4474 2.7311 0.0601 0.7925 0.5947 -0.1213
1311868205.7736 0.0415 -2.4481 2.7284 0.0595 0.7926 0.5942 -0.1228
1311868205.8057 0.0408 -2.4493 2.7269 0.0586 0.7931 0.5934 -0.1239
1311868205.8376 0.0390 -2.4488 2.7244 0.0581 0.7932 0.5931 -0.1256
1311868205.9056 0.0373 -2.4501 2.7192 0.0581 0.7950 0.5898 -0.1296
1311868205.9378 0.0357 -2.4503 2.7160 0.0576 0.7963 0.5879 -0.1304
1311868205.9737 0.0354 -2.4512 2.7152 0.0560 0.7975 0.5863 -0.1307
1311868206.0056 0.0341 -2.4514 2.7102 0.0546 0.7985 0.5851 -0.1308
1311868206.0380 0.0317 -2.4511 2.7073 0.0533 0.8000 0.5830 -0.1313
1311868206.1057 0.0286 -2.4545 2.6989 0.0534 0.8023 0.5790 -0.1350
1311868206.1377 0.0267 -2.4568 2.6953 0.0555 0.8040 0.5761 -0.1363
1311868206.1738 0.0223 -2.4585 2.6919 0.0563 0.8059 0.5733 -0.1366
1311868206.2057 0.0157 -2.4599 2.6897 0.0554 0.8077 0.5703 -0.1389
1311868206.2379 0.0151 -2.4617 2.6896 0.0532 0.8089 0.5678 -0.1431
1311868206.3056 0.0146 -2.4626 2.6857 0.0472 0.8095 0.5658 -0.1492
1311868206.3377 0.0168 -2.4624 2.6856 0.0461 0.8101 0.5646 -0.1507
1311868206.4056 0.0163 -2.4576 2.6860 0.0454 0.8096 0.5655 -0.1506
1311868206.4377 0.0164 -2.4547 2.6854 0.0442 0.8090 0.5663 -0.1510
1311868206.4737 0.0184 -2.4519 2.6875 0.0443 0.8084 0.5670 -0.1514
1311868206.5058 0.0223 -2.4483 2.6893 0.0461 0.8073 0.5685 -0.1513
1311868206.5377 0.0221 -2.4436 2.6908 0.0471 0.8063 0.5706 -0.1485
1311868206.5737 0.0211 -2.4392 2.6930 0.0457 0.8050 0.5733 -0.1455
1311868206.6378 0.0193 -2.4302 2.6975 0.0390 0.8026 0.5782 -0.1415
1311868206.6738 0.0181 -2.4253 2.6979 0.0346 0.8010 0.5809 -0.1405
1311868206.7057 0.0193 -2.4224 2.7000 0.0306 0.8002 0.5824 -0.1398
1311868206.7377 0.0224 -2.4196 2.7038 0.0289 0.7995 0.5837 -0.1384
1311868206.8057 0.0222 -2.4124 2.7099 0.0305 0.7980 0.5871 -0.1325
1311868206.8377 0.0184 -2.4087 2.7123 0.0305 0.7974 0.5888 -0.1287
1311868206.8737 0.0161 -2.4068 2.7158 0.0295 0.7972 0.5897 -0.1262
1311868206.9060 0.0141 -2.4034 2.7194 0.0286 0.7965 0.5909 -0.1248
1311868206.9381 0.0138 -2.4017 2.7218 0.0278 0.7965 0.5911 -0.1240
1311868206.9737 0.0132 -2.4000 2.7299 0.0278 0.7963 0.5920 -0.1212
1311868207.0057 0.0097 -2.3973 2.7327 0.0279 0.7953 0.5940 -0.1174
1311868207.0738 -0.0001 -2.3931 2.7384 0.0254 0.7944 0.5962 -0.1131
1311868207.1057 0.0001 -2.3929 2.7439 0.0231 0.7946 0.5964 -0.1119
1311868207.1377 -0.0016 -2.3924 2.7488 0.0218 0.7943 0.5972 -0.1089
1311868207.2058 -0.0079 -2.3909 2.7576 0.0208 0.7939 0.5991 -0.1019
1311868207.2378 -0.0106 -2.3906 2.7624 0.0206 0.7937 0.5999 -0.0988
1311868207.2738 -0.0149 -2.3901 2.7671 0.0216 0.7932 0.6010 -0.0956
1311868207.3057 -0.0190 -2.3892 2.7707 0.0228 0.7927 0.6020 -0.0931
1311868207.3379 -0.0235 -2.3880 2.7760 0.0248 0.7923 0.6028 -0.0907
1311868207.4058 -0.0305 -2.3848 2.7850 0.0298 0.7913 0.6045 -0.0867
1311868207.4380 -0.0365 -2.3831 2.7901 0.0329 0.7902 0.6059 -0.0857
1311868207.4736 -0.0422 -2.3806 2.7929 0.0345 0.7894 0.6069 -0.0857
1311868207.5057 -0.0477 -2.3795 2.7990 0.0339 0.7893 0.6071 -0.0860
1311868207.5378 -0.0523 -2.3775 2.8037 0.0322 0.7885 0.6080 -0.0864
1311868207.5739 -0.0554 -2.3766 2.8086 0.0311 0.7881 0.6085 -0.0877
1311868207.6057 -0.0585 -2.3739 2.8142 0.0309 0.7875 0.6092 -0.0884
1311868207.6377 -0.0602 -2.3714 2.8205 0.0305 0.7870 0.6099 -0.0884
1311868207.6738 -0.0634 -2.3687 2.8252 0.0303 0.7858 0.6114 -0.0878
1311868207.7058 -0.0669 -2.3651 2.8300 0.0295 0.7851 0.6125 -0.0875
1311868207.7378 -0.0713 -2.3628 2.8356 0.0281 0.7842 0.6137 -0.0872
1311868207.7737 -0.0745 -2.3604 2.8389 0.0263 0.7829 0.6154 -0.0876
1311868207.8058 -0.0774 -2.3578 2.8429 0.0261 0.7818 0.6167 -0.0885
1311868207.8379 -0.0827 -2.3561 2.8475 0.0263 0.7808 0.6178 -0.0891
1311868207.8739 -0.0867 -2.3553 2.8517 0.0249 0.7796 0.6192 -0.0905
1311868207.9057 -0.0896 -2.3548 2.8561 0.0231 0.7785 0.6205 -0.0917
1311868207.9378 -0.0925 -2.3541 2.8612 0.0214 0.7775 0.6216 -0.0929
1311868207.9738 -0.0938 -2.3527 2.8651 0.0202 0.7766 0.6226 -0.0938
1311868208.0058 -0.0957 -2.3518 2.8705 0.0198 0.7760 0.6234 -0.0941
1311868208.0377 -0.0973 -2.3505 2.8754 0.0190 0.7753 0.6243 -0.0943
1311868208.0737 -0.0985 -2.3501 2.8815 0.0178 0.7745 0.6253 -0.0939
1311868208.1377 -0.1022 -2.3496 2.8924 0.0136 0.7724 0.6282 -0.0924
1311868208.1738 -0.1044 -2.3487 2.8971 0.0107 0.7709 0.6303 -0.0917
1311868208.2378 -0.1071 -2.3497 2.9077 0.0066 0.7684 0.6332 -0.0925
1311868208.2739 -0.1092 -2.3493 2.9130 0.0052 0.7672 0.6347 -0.0923
1311868208.3378 -0.1120 -2.3496 2.9246 0.0058 0.7653 0.6371 -0.0916
1311868208.3738 -0.1140 -2.3495 2.9305 0.0071 0.7644 0.6383 -0.0905
1311868208.4379 -0.1200 -2.3499 2.9413 0.0098 0.7624 0.6409 -0.0894
1311868208.4739 -0.1231 -2.3493 2.9465 0.0109 0.7612 0.6422 -0.0893
1311868208.5379 -0.1290 -2.3470 2.9554 0.0120 0.7602 0.6433 -0.0902
1311868208.5739 -0.1324 -2.3462 2.9592 0.0119 0.7602 0.6433 -0.0899
1311868208.6378 -0.1387 -2.3477 2.9723 0.0148 0.7596 0.6441 -0.0892
1311868208.6739 -0.1427 -2.3462 2.9777 0.0170 0.7576 0.6463 -0.0892
1311868208.7378 -0.1501 -2.3424 2.9885 0.0207 0.7541 0.6503 -0.0894
1311868208.7740 -0.1551 -2.3411 2.9936 0.0210 0.7520 0.6528 -0.0890
1311868208.8378 -0.1597 -2.3345 3.0019 0.0219 0.7483 0.6567 -0.0914
1311868208.8738 -0.1612 -2.3320 3.0075 0.0226 0.7463 0.6589 -0.0915
1311868208.9377 -0.1635 -2.3233 3.0125 0.0243 0.7430 0.6623 -0.0929
1311868208.9738 -0.1663 -2.3203 3.0163 0.0260 0.7420 0.6634 -0.0937
1311868209.0378 -0.1707 -2.3130 3.0228 0.0239 0.7397 0.6658 -0.0948
1311868209.0738 -0.1721 -2.3087 3.0281 0.0229 0.7387 0.6667 -0.0965
1311868209.1378 -0.1743 -2.2986 3.0347 0.0234 0.7354 0.6698 -0.1000
1311868209.1738 -0.1763 -2.2948 3.0401 0.0237 0.7343 0.6710 -0.0999
1311868209.2378 -0.1771 -2.2811 3.0415 0.0230 0.7307 0.6752 -0.0979
1311868209.2738 -0.1792 -2.2753 3.0411 0.0228 0.7296 0.6766 -0.0969
1311868209.3058 -0.1819 -2.2702 3.0428 0.0232 0.7288 0.6775 -0.0963
1311868209.3419 -0.1835 -2.2629 3.0412 0.0238 0.7274 0.6788 -0.0978
1311868209.4058 -0.1916 -2.2523 3.0473 0.0288 0.7259 0.6795 -0.1023
1311868209.4420 -0.1942 -2.2454 3.0486 0.0310 0.7248 0.6804 -0.1036
1311868209.5058 -0.2000 -2.2311 3.0481 0.0334 0.7249 0.6801 -0.1047
1311868209.5418 -0.2054 -2.2276 3.0504 0.0342 0.7256 0.6795 -0.1030
1311868209.6060 -0.2114 -2.2156 3.0497 0.0353 0.7260 0.6793 -0.1012
1311868209.6421 -0.2144 -2.2100 3.0498 0.0381 0.7257 0.6795 -0.1008
1311868209.7059 -0.2230 -2.2020 3.0465 0.0415 0.7249 0.6810 -0.0953
1311868209.7420 -0.2262 -2.1965 3.0426 0.0411 0.7244 0.6817 -0.0939
1311868209.8058 -0.2358 -2.1914 3.0392 0.0372 0.7248 0.6818 -0.0919
1311868209.8419 -0.2387 -2.1875 3.0394 0.0338 0.7251 0.6816 -0.0926
1311868209.9058 -0.2389 -2.1769 3.0391 0.0278 0.7259 0.6807 -0.0952
1311868209.9421 -0.2406 -2.1741 3.0424 0.0276 0.7277 0.6787 -0.0952
1311868210.0059 -0.2406 -2.1660 3.0425 0.0290 0.7293 0.6770 -0.0941
1311868210.0420 -0.2443 -2.1645 3.0441 0.0308 0.7306 0.6758 -0.0926
1311868210.0738 -0.2459 -2.1611 3.0431 0.0309 0.7311 0.6755 -0.0911
1311868210.1059 -0.2487 -2.1598 3.0443 0.0305 0.7319 0.6748 -0.0894
1311868210.1419 -0.2520 -2.1578 3.0428 0.0289 0.7318 0.6752 -0.0881
1311868210.1739 -0.2512 -2.1521 3.0435 0.0269 0.7322 0.6748 -0.0885
1311868210.2058 -0.2529 -2.1509 3.0463 0.0265 0.7330 0.6740 -0.0879
1311868210.2419 -0.2528 -2.1478 3.0477 0.0264 0.7329 0.6742 -0.0875
1311868210.3060 -0.2553 -2.1435 3.0516 0.0290 0.7324 0.6748 -0.0856
1311868210.3419 -0.2567 -2.1417 3.0528 0.0301 0.7314 0.6761 -0.0837
1311868210.4059 -0.2601 -2.1373 3.0524 0.0312 0.7290 0.6790 -0.0811
1311868210.4420 -0.2627 -2.1360 3.0536 0.0313 0.7279 0.6803 -0.0800
1311868210.4739 -0.2624 -2.1323 3.0517 0.0305 0.7270 0.6813 -0.0799
1311868210.5059 -0.2605 -2.1289 3.0520 0.0304 0.7271 0.6811 -0.0807
1311868210.5419 -0.2612 -2.1269 3.0541 0.0322 0.7279 0.6802 -0.0803
1311868210.5739 -0.2625 -2.1270 3.0553 0.0348 0.7280 0.6800 -0.0797
1311868210.6060 -0.2638 -2.1258 3.0552 0.0374 0.7279 0.6801 -0.0789
1311868210.6420 -0.2675 -2.1261 3.0555 0.0394 0.7277 0.6804 -0.0772
1311868210.6739 -0.2673 -2.1246 3.0530 0.0388 0.7274 0.6809 -0.0758
1311868210.7059 -0.2709 -2.1241 3.0521 0.0378 0.7278 0.6808 -0.0736
1311868210.7421 -0.2726 -2.1236 3.0520 0.0363 0.7285 0.6803 -0.0720
1311868210.7740 -0.2740 -2.1232 3.0524 0.0349 0.7296 0.6794 -0.0701
1311868210.8059 -0.2756 -2.1239 3.0524 0.0335 0.7306 0.6786 -0.0675
1311868210.8419 -0.2773 -2.1232 3.0524 0.0326 0.7317 0.6777 -0.0650
1311868210.8740 -0.2806 -2.1240 3.0536 0.0325 0.7332 0.6764 -0.0625
1311868210.9058 -0.2849 -2.1262 3.0563 0.0333 0.7341 0.6756 -0.0592
1311868210.9420 -0.2873 -2.1252 3.0541 0.0331 0.7341 0.6759 -0.0561
1311868210.9742 -0.2941 -2.1270 3.0555 0.0343 0.7346 0.6755 -0.0535
1311868211.0058 -0.3027 -2.1284 3.0560 0.0348 0.7342 0.6761 -0.0505
1311868211.0419 -0.3075 -2.1271 3.0554 0.0326 0.7339 0.6767 -0.0488
1311868211.0740 -0.3114 -2.1273 3.0564 0.0307 0.7339 0.6769 -0.0480
1311868211.1060 -0.3184 -2.1263 3.0575 0.0294 0.7340 0.6769 -0.0465
1311868211.1420 -0.3221 -2.1266 3.0606 0.0286 0.7344 0.6766 -0.0458
1311868211.1741 -0.3250 -2.1255 3.0611 0.0287 0.7341 0.6769 -0.0453
1311868211.2058 -0.3302 -2.1256 3.0632 0.0301 0.7344 0.6765 -0.0449
1311868211.2420 -0.3374 -2.1270 3.0664 0.0313 0.7342 0.6769 -0.0428
1311868211.2741 -0.3456 -2.1278 3.0680 0.0311 0.7336 0.6777 -0.0397
1311868211.3061 -0.3539 -2.1296 3.0699 0.0296 0.7332 0.6784 -0.0367
1311868211.3422 -0.3604 -2.1300 3.0704 0.0266 0.7328 0.6790 -0.0348
1311868211.3741 -0.3691 -2.1315 3.0730 0.0251 0.7326 0.6793 -0.0343
1311868211.4061 -0.3780 -2.1336 3.0770 0.0253 0.7327 0.6793 -0.0341
1311868211.4422 -0.3869 -2.1352 3.0807 0.0253 0.7324 0.6796 -0.0327
1311868211.4739 -0.3953 -2.1359 3.0822 0.0248 0.7321 0.6800 -0.0307
1311868211.5059 -0.4028 -2.1373 3.0844 0.0236 0.7323 0.6800 -0.0289
1311868211.5419 -0.4107 -2.1394 3.0865 0.0223 0.7324 0.6799 -0.0270
1311868211.5740 -0.4202 -2.1408 3.0886 0.0215 0.7326 0.6799 -0.0254
1311868211.6060 -0.4264 -2.1426 3.0918 0.0207 0.7329 0.6795 -0.0248
1311868211.6420 -0.4357 -2.1446 3.0971 0.0214 0.7331 0.6794 -0.0233
1311868211.6740 -0.4452 -2.1465 3.1003 0.0218 0.7328 0.6798 -0.0212
1311868211.7060 -0.4553 -2.1488 3.1032 0.0222 0.7321 0.6806 -0.0191
1311868211.7421 -0.4632 -2.1495 3.1053 0.0215 0.7312 0.6815 -0.0178
1311868211.7740 -0.4684 -2.1512 3.1080 0.0201 0.7305 0.6823 -0.0182
1311868211.8062 -0.4779 -2.1513 3.1105 0.0202 0.7299 0.6830 -0.0180
1311868211.8421 -0.4828 -2.1523 3.1136 0.0205 0.7298 0.6831 -0.0190
1311868211.8739 -0.4888 -2.1547 3.1184 0.0214 0.7296 0.6833 -0.0191
1311868211.9060 -0.4928 -2.1553 3.1199 0.0217 0.7286 0.6843 -0.0189
1311868211.9423 -0.4982 -2.1563 3.1218 0.0220 0.7281 0.6848 -0.0192
1311868211.9740 -0.5077 -2.1595 3.1254 0.0221 0.7278 0.6852 -0.0187
1311868212.0059 -0.5122 -2.1597 3.1271 0.0205 0.7269 0.6861 -0.0195
1311868212.0422 -0.5149 -2.1609 3.1283 0.0191 0.7263 0.6868 -0.0213
1311868212.0740 -0.5213 -2.1628 3.1324 0.0195 0.7261 0.6869 -0.0226
1311868212.1059 -0.5292 -2.1639 3.1377 0.0202 0.7258 0.6872 -0.0224
1311868212.1421 -0.5311 -2.1648 3.1351 0.0188 0.7242 0.6890 -0.0223
1311868212.1740 -0.5353 -2.1658 3.1357 0.0179 0.7239 0.6893 -0.0232
1311868212.2061 -0.5405 -2.1678 3.1387 0.0181 0.7240 0.6891 -0.0244
1311868212.2423 -0.5473 -2.1687 3.1422 0.0186 0.7241 0.6890 -0.0243
1311868212.2743 -0.5522 -2.1692 3.1432 0.0185 0.7242 0.6889 -0.0238
1311868212.3060 -0.5568 -2.1710 3.1444 0.0181 0.7245 0.6887 -0.0235
1311868212.3421 -0.5622 -2.1729 3.1447 0.0170 0.7246 0.6886 -0.0230
1311868212.3742 -0.5670 -2.1728 3.1463 0.0165 0.7249 0.6882 -0.0240
1311868212.4061 -0.5726 -2.1732 3.1472 0.0178 0.7249 0.6881 -0.0266
1311868212.4421 -0.5806 -2.1739 3.1482 0.0192 0.7250 0.6879 -0.0282
1311868212.4740 -0.5852 -2.1725 3.1480 0.0195 0.7250 0.6878 -0.0297
1311868212.5060 -0.5935 -2.1727 3.1520 0.0211 0.7264 0.6863 -0.0308
1311868212.5422 -0.5978 -2.1738 3.1520 0.0209 0.7269 0.6857 -0.0312
1311868212.5740 -0.6013 -2.1730 3.1502 0.0199 0.7271 0.6855 -0.0317
1311868212.6061 -0.6046 -2.1727 3.1500 0.0202 0.7277 0.6847 -0.0339
1311868212.6421 -0.6094 -2.1737 3.1496 0.0208 0.7279 0.6844 -0.0361
1311868212.6742 -0.6103 -2.1725 3.1480 0.0201 0.7280 0.6842 -0.0381
1311868212.7069 -0.6146 -2.1715 3.1480 0.0198 0.7287 0.6835 -0.0390
1311868212.7422 -0.6190 -2.1713 3.1476 0.0197 0.7293 0.6827 -0.0395
1311868212.7739 -0.6206 -2.1715 3.1465 0.0188 0.7295 0.6826 -0.0404
1311868212.8060 -0.6247 -2.1709 3.1447 0.0184 0.7297 0.6823 -0.0408
1311868212.8421 -0.6293 -2.1707 3.1439 0.0182 0.7298 0.6822 -0.0410
1311868212.8741 -0.6319 -2.1705 3.1414 0.0166 0.7297 0.6823 -0.0413
1311868212.9062 -0.6353 -2.1697 3.1400 0.0151 0.7298 0.6822 -0.0416
1311868212.9421 -0.6373 -2.1669 3.1378 0.0132 0.7300 0.6820 -0.0423
1311868212.9742 -0.6389 -2.1658 3.1362 0.0124 0.7306 0.6813 -0.0436
1311868213.0062 -0.6431 -2.1643 3.1353 0.0135 0.7306 0.6813 -0.0437
1311868213.0422 -0.6446 -2.1626 3.1333 0.0147 0.7307 0.6811 -0.0436
1311868213.0740 -0.6507 -2.1617 3.1280 0.0161 0.7301 0.6819 -0.0417
1311868213.1061 -0.6561 -2.1602 3.1231 0.0157 0.7299 0.6823 -0.0394
1311868213.1421 -0.6601 -2.1581 3.1207 0.0149 0.7303 0.6819 -0.0375
1311868213.1742 -0.6620 -2.1553 3.1170 0.0130 0.7311 0.6812 -0.0354
1311868213.2063 -0.6644 -2.1532 3.1134 0.0123 0.7323 0.6801 -0.0333
1311868213.2422 -0.6688 -2.1507 3.1120 0.0129 0.7337 0.6786 -0.0309
1311868213.2740 -0.6735 -2.1485 3.1047 0.0132 0.7343 0.6781 -0.0283
1311868213.3062 -0.6792 -2.1476 3.1023 0.0131 0.7359 0.6765 -0.0254
1311868213.3424 -0.6844 -2.1457 3.0995 0.0123 0.7371 0.6753 -0.0230
1311868213.3744 -0.6879 -2.1444 3.0978 0.0123 0.7376 0.6748 -0.0220
1311868213.4060 -0.6907 -2.1420 3.0963 0.0130 0.7375 0.6748 -0.0214
1311868213.4423 -0.6959 -2.1395 3.0935 0.0140 0.7372 0.6753 -0.0199
1311868213.4745 -0.7024 -2.1371 3.0910 0.0140 0.7368 0.6757 -0.0170
1311868213.5063 -0.7071 -2.1355 3.0875 0.0123 0.7363 0.6764 -0.0140
1311868213.5422 -0.7094 -2.1331 3.0838 0.0102 0.7359 0.6770 -0.0120
1311868213.5743 -0.7129 -2.1305 3.0815 0.0087 0.7357 0.6772 -0.0100
1311868213.6084 -0.7165 -2.1282 3.0791 0.0071 0.7356 0.6774 -0.0075
1311868213.6421 -0.7199 -2.1253 3.0753 0.0052 0.7354 0.6776 -0.0052
1311868213.6742 -0.7227 -2.1220 3.0723 0.0034 0.7360 0.6769 -0.0041
1311868213.7063 -0.7267 -2.1197 3.0698 0.0032 0.7367 0.6762 -0.0033
1311868213.7422 -0.7284 -2.1174 3.0685 0.0039 0.7375 0.6753 -0.0036
1311868213.7741 -0.7323 -2.1144 3.0670 0.0067 0.7380 0.6747 -0.0038
1311868213.8062 -0.7367 -2.1124 3.0635 0.0096 0.7382 0.6745 -0.0038
1311868213.8422 -0.7414 -2.1106 3.0606 0.0117 0.7385 0.6741 -0.0033
1311868213.8741 -0.7460 -2.1097 3.0574 0.0123 0.7389 0.6737 -0.0023
1311868213.9063 -0.7508 -2.1088 3.0544 0.0123 0.7394 0.6732 -0.0015
1311868213.9422 -0.7534 -2.1076 3.0521 0.0121 0.7401 0.6724 -0.0011
1311868213.9741 -0.7552 -2.1052 3.0501 0.0110 0.7415 0.6708 0.0000
1311868214.0063 -0.7551 -2.1039 3.0475 0.0110 0.7432 0.6690 0.0014
1311868214.0422 -0.7589 -2.1037 3.0473 0.0126 0.7447 0.6673 0.0043
1311868214.0741 -0.7584 -2.1032 3.0471 0.0149 0.7457 0.6661 0.0050
1311868214.1062 -0.7618 -2.1018 3.0478 0.0197 0.7462 0.6654 0.0052
1311868214.1423 -0.7641 -2.1020 3.0458 0.0240 0.7456 0.6659 0.0056
1311868214.1740 -0.7657 -2.0997 3.0442 0.0286 0.7452 0.6662 0.0067
1311868214.2063 -0.7691 -2.0986 3.0428 0.0319 0.7449 0.6663 0.0101
1311868214.2422 -0.7719 -2.0970 3.0395 0.0321 0.7450 0.6662 0.0140
1311868214.2742 -0.7741 -2.0973 3.0362 0.0313 0.7452 0.6659 0.0158
1311868214.3064 -0.7760 -2.0969 3.0345 0.0305 0.7458 0.6653 0.0151
1311868214.3423 -0.7773 -2.0952 3.0337 0.0302 0.7463 0.6648 0.0144
1311868214.3742 -0.7789 -2.0940 3.0341 0.0305 0.7466 0.6644 0.0147
1311868214.4062 -0.7819 -2.0919 3.0337 0.0324 0.7466 0.6643 0.0158
1311868214.4422 -0.7840 -2.0902 3.0313 0.0339 0.7468 0.6640 0.0180
1311868214.4743 -0.7876 -2.0904 3.0295 0.0340 0.7470 0.6636 0.0212
1311868214.5066 -0.7913 -2.0903 3.0283 0.0324 0.7474 0.6631 0.0248
1311868214.5423 -0.7926 -2.0883 3.0257 0.0305 0.7477 0.6629 0.0264
1311868214.5744 -0.7955 -2.0878 3.0258 0.0300 0.7484 0.6620 0.0278
1311868214.6064 -0.7974 -2.0859 3.0243 0.0297 0.7487 0.6615 0.0310
1311868214.6423 -0.8015 -2.0846 3.0230 0.0302 0.7491 0.6608 0.0356
1311868214.6744 -0.8038 -2.0829 3.0216 0.0305 0.7495 0.6601 0.0397
1311868214.7062 -0.8092 -2.0819 3.0190 0.0310 0.7499 0.6594 0.0438
1311868214.7423 -0.8124 -2.0809 3.0159 0.0312 0.7504 0.6586 0.0475
1311868214.7745 -0.8177 -2.0798 3.0134 0.0305 0.7510 0.6574 0.0526
1311868214.8065 -0.8207 -2.0781 3.0118 0.0289 0.7521 0.6558 0.0580
1311868214.8423 -0.8228 -2.0764 3.0093 0.0269 0.7533 0.6541 0.0634
1311868214.8743 -0.8267 -2.0769 3.0081 0.0270 0.7543 0.6524 0.0678
1311868214.9063 -0.8311 -2.0762 3.0067 0.0284 0.7542 0.6520 0.0725
1311868214.9422 -0.8358 -2.0749 3.0049 0.0292 0.7536 0.6520 0.0776
1311868214.9744 -0.8409 -2.0734 3.0026 0.0278 0.7532 0.6519 0.0835
1311868215.0064 -0.8450 -2.0719 2.9997 0.0237 0.7533 0.6512 0.0888
1311868215.0422 -0.8483 -2.0722 2.9976 0.0195 0.7539 0.6503 0.0919
1311868215.0742 -0.8511 -2.0714 2.9952 0.0170 0.7542 0.6497 0.0939
1311868215.1062 -0.8539 -2.0707 2.9923 0.0162 0.7547 0.6488 0.0961
1311868215.1423 -0.8593 -2.0707 2.9889 0.0162 0.7551 0.6477 0.1002
1311868215.1743 -0.8639 -2.0710 2.9850 0.0153 0.7554 0.6467 0.1051
1311868215.2064 -0.8676 -2.0714 2.9829 0.0140 0.7558 0.6455 0.1089
1311868215.2423 -0.8699 -2.0713 2.9784 0.0126 0.7559 0.6449 0.1118
1311868215.2744 -0.8754 -2.0728 2.9751 0.0113 0.7559 0.6444 0.1146
1311868215.3064 -0.8766 -2.0713 2.9701 0.0096 0.7558 0.6443 0.1166
1311868215.3425 -0.8808 -2.0730 2.9650 0.0095 0.7555 0.6442 0.1189
1311868215.3742 -0.8824 -2.0731 2.9622 0.0088 0.7548 0.6446 0.1217
1311868215.4064 -0.8825 -2.0720 2.9573 0.0083 0.7546 0.6443 0.1242
1311868215.4423 -0.8839 -2.0725 2.9533 0.0088 0.7547 0.6438 0.1262
1311868215.4745 -0.8856 -2.0724 2.9493 0.0079 0.7552 0.6427 0.1290
1311868215.5063 -0.8866 -2.0730 2.9439 0.0059 0.7560 0.6412 0.1316
1311868215.5423 -0.8874 -2.0748 2.9379 0.0056 0.7564 0.6404 0.1330
1311868215.5741 -0.8889 -2.0760 2.9310 0.0068 0.7563 0.6404 0.1337
1311868215.6062 -0.8895 -2.0750 2.9251 0.0082 0.7569 0.6395 0.1345
1311868215.6424 -0.8894 -2.0765 2.9194 0.0092 0.7584 0.6371 0.1374
1311868215.6745 -0.8903 -2.0775 2.9145 0.0092 0.7590 0.6351 0.1428
1311868215.7065 -0.8900 -2.0784 2.9109 0.0090 0.7597 0.6332 0.1478
1311868215.7422 -0.8894 -2.0795 2.9079 0.0091 0.7601 0.6319 0.1512
1311868215.7747 -0.8902 -2.0783 2.9046 0.0088 0.7606 0.6305 0.1543
1311868215.8066 -0.8888 -2.0793 2.9010 0.0076 0.7614 0.6288 0.1576
1311868215.8423 -0.8876 -2.0801 2.8954 0.0069 0.7618 0.6280 0.1591
1311868215.8742 -0.8886 -2.0812 2.8915 0.0090 0.7623 0.6271 0.1597
1311868215.9064 -0.8865 -2.0813 2.8856 0.0097 0.7622 0.6268 0.1615
1311868215.9424 -0.8881 -2.0824 2.8803 0.0113 0.7626 0.6257 0.1638
1311868215.9743 -0.8872 -2.0839 2.8744 0.0120 0.7625 0.6253 0.1654
1311868216.0065 -0.8876 -2.0861 2.8678 0.0127 0.7622 0.6256 0.1661
1311868216.0425 -0.8878 -2.0867 2.8627 0.0140 0.7623 0.6253 0.1665
1311868216.0742 -0.8882 -2.0877 2.8575 0.0144 0.7627 0.6246 0.1672
1311868216.1063 -0.8877 -2.0885 2.8510 0.0148 0.7631 0.6244 0.1661
1311868216.1424 -0.8889 -2.0891 2.8453 0.0163 0.7645 0.6232 0.1641
1311868216.1742 -0.8907 -2.0927 2.8418 0.0175 0.7658 0.6216 0.1638
1311868216.2063 -0.8911 -2.0947 2.8377 0.0180 0.7660 0.6211 0.1648
1311868216.2429 -0.8914 -2.0950 2.8309 0.0192 0.7664 0.6205 0.1651
1311868216.2759 -0.8932 -2.0978 2.8264 0.0211 0.7674 0.6192 0.1650
1311868216.3067 -0.8945 -2.1000 2.8250 0.0214 0.7680 0.6180 0.1667
1311868216.3426 -0.8948 -2.1008 2.8211 0.0215 0.7680 0.6172 0.1699
1311868216.3743 -0.8979 -2.1021 2.8176 0.0226 0.7675 0.6170 0.1726
1311868216.4067 -0.9001 -2.1013 2.8127 0.0235 0.7672 0.6172 0.1732
1311868216.4423 -0.8995 -2.1008 2.8086 0.0229 0.7677 0.6170 0.1716
1311868216.4744 -0.9025 -2.1017 2.8042 0.0217 0.7686 0.6164 0.1695
1311868216.5064 -0.9056 -2.1022 2.7993 0.0206 0.7693 0.6161 0.1679
1311868216.5424 -0.9062 -2.1036 2.7951 0.0201 0.7701 0.6158 0.1656
1311868216.5743 -0.9091 -2.1043 2.7898 0.0212 0.7703 0.6158 0.1639
1311868216.6065 -0.9099 -2.1063 2.7872 0.0234 0.7711 0.6150 0.1628
1311868216.6425 -0.9119 -2.1067 2.7845 0.0251 0.7716 0.6142 0.1634
1311868216.6743 -0.9130 -2.1090 2.7813 0.0275 0.7726 0.6125 0.1647
1311868216.7066 -0.9158 -2.1099 2.7777 0.0300 0.7733 0.6110 0.1669
1311868216.7425 -0.9188 -2.1098 2.7726 0.0319 0.7745 0.6091 0.1677
1311868216.7743 -0.9218 -2.1119 2.7702 0.0336 0.7769 0.6062 0.1669
1311868216.8064 -0.9243 -2.1140 2.7679 0.0343 0.7789 0.6036 0.1666
1311868216.8425 -0.9257 -2.1163 2.7657 0.0343 0.7807 0.6012 0.1670
1311868216.8744 -0.9284 -2.1179 2.7644 0.0338 0.7818 0.5996 0.1677
1311868216.9064 -0.9296 -2.1185 2.7597 0.0321 0.7826 0.5987 0.1676
1311868216.9424 -0.9314 -2.1210 2.7574 0.0310 0.7840 0.5973 0.1664
1311868216.9746 -0.9321 -2.1224 2.7549 0.0310 0.7847 0.5969 0.1643
1311868217.0064 -0.9334 -2.1254 2.7552 0.0303 0.7855 0.5961 0.1636
1311868217.0424 -0.9347 -2.1263 2.7542 0.0287 0.7850 0.5969 0.1635
1311868217.0746 -0.9366 -2.1271 2.7519 0.0277 0.7837 0.5989 0.1624
1311868217.1067 -0.9378 -2.1259 2.7462 0.0269 0.7834 0.5997 0.1606
1311868217.1437 -0.9387 -2.1284 2.7429 0.0262 0.7849 0.5984 0.1589
1311868217.1746 -0.9396 -2.1294 2.7396 0.0258 0.7864 0.5968 0.1575
1311868217.2066 -0.9399 -2.1316 2.7342 0.0264 0.7888 0.5941 0.1553
1311868217.2424 -0.9415 -2.1355 2.7358 0.0268 0.7920 0.5900 0.1546
1311868217.2747 -0.9427 -2.1381 2.7351 0.0271 0.7939 0.5875 0.1543
1311868217.3073 -0.9439 -2.1399 2.7335 0.0279 0.7955 0.5856 0.1532
1311868217.3425 -0.9447 -2.1424 2.7324 0.0286 0.7975 0.5832 0.1520
1311868217.3743 -0.9453 -2.1447 2.7334 0.0285 0.7990 0.5812 0.1518
1311868217.4067 -0.9456 -2.1460 2.7319 0.0274 0.8000 0.5797 0.1526
1311868217.4425 -0.9462 -2.1476 2.7327 0.0255 0.8012 0.5778 0.1536
1311868217.4751 -0.9466 -2.1475 2.7319 0.0237 0.8016 0.5772 0.1538
1311868217.5066 -0.9461 -2.1478 2.7317 0.0240 0.8020 0.5770 0.1528
1311868217.5423 -0.9459 -2.1474 2.7322 0.0256 0.8015 0.5777 0.1523
1311868217.5743 -0.9457 -2.1462 2.7324 0.0264 0.8007 0.5786 0.1529
1311868217.6063 -0.9458 -2.1442 2.7303 0.0260 0.7996 0.5800 0.1534
1311868217.6424 -0.9452 -2.1425 2.7296 0.0259 0.7990 0.5810 0.1527
1311868217.6744 -0.9443 -2.1405 2.7280 0.0256 0.7983 0.5822 0.1521
1311868217.7064 -0.9431 -2.1387 2.7262 0.0252 0.7979 0.5827 0.1521
1311868217.7424 -0.9419 -2.1372 2.7261 0.0251 0.7979 0.5827 0.1520
1311868217.7755 -0.9409 -2.1352 2.7256 0.0249 0.7974 0.5835 0.1521
1311868217.8068 -0.9401 -2.1332 2.7246 0.0244 0.7971 0.5838 0.1523
1311868217.8425 -0.9393 -2.1309 2.7226 0.0231 0.7973 0.5837 0.1522
1311868217.8743 -0.9383 -2.1292 2.7219 0.0214 0.7981 0.5827 0.1517
1311868217.9065 -0.9374 -2.1281 2.7213 0.0200 0.7993 0.5814 0.1508
1311868217.9425 -0.9360 -2.1273 2.7210 0.0192 0.8004 0.5801 0.1498
1311868217.9751 -0.9345 -2.1271 2.7210 0.0197 0.8013 0.5791 0.1489
1311868218.0064 -0.9322 -2.1272 2.7219 0.0216 0.8023 0.5778 0.1485
1311868218.0424 -0.9311 -2.1272 2.7244 0.0227 0.8029 0.5764 0.1503
1311868218.0747 -0.9295 -2.1255 2.7230 0.0230 0.8032 0.5755 0.1521
1311868218.1065 -0.9289 -2.1251 2.7239 0.0235 0.8041 0.5740 0.1528
1311868218.1425 -0.9278 -2.1239 2.7256 0.0239 0.8050 0.5727 0.1531
1311868218.1746 -0.9269 -2.1224 2.7280 0.0238 0.8054 0.5721 0.1535
1311868218.2065 -0.9254 -2.1198 2.7294 0.0240 0.8051 0.5724 0.1535
1311868218.2425 -0.9227 -2.1181 2.7316 0.0253 0.8044 0.5734 0.1536
1311868218.2746 -0.9214 -2.1150 2.7330 0.0275 0.8031 0.5747 0.1548
1311868218.3065 -0.9215 -2.1126 2.7340 0.0293 0.8019 0.5760 0.1562
1311868218.3426 -0.9222 -2.1095 2.7349 0.0301 0.8008 0.5773 0.1567
1311868218.3748 -0.9231 -2.1067 2.7346 0.0301 0.8004 0.5779 0.1569
1311868218.4105 -0.9248 -2.1042 2.7358 0.0297 0.8003 0.5780 0.1568
1311868218.4425 -0.9258 -2.1014 2.7354 0.0300 0.8000 0.5786 0.1558
1311868218.4745 -0.9274 -2.0999 2.7384 0.0318 0.8000 0.5790 0.1542
1311868218.5104 -0.9290 -2.0976 2.7405 0.0331 0.7992 0.5801 0.1538
1311868218.5424 -0.9308 -2.0955 2.7419 0.0336 0.7984 0.5812 0.1538
1311868218.5744 -0.9329 -2.0923 2.7401 0.0346 0.7980 0.5820 0.1526
1311868218.6104 -0.9346 -2.0914 2.7425 0.0354 0.7994 0.5803 0.1516
1311868218.6425 -0.9364 -2.0911 2.7459 0.0349 0.8004 0.5786 0.1527
1311868218.6745 -0.9367 -2.0917 2.7482 0.0354 0.8006 0.5777 0.1551
1311868218.7104 -0.9371 -2.0912 2.7510 0.0378 0.8004 0.5769 0.1585
1311868218.7425 -0.9388 -2.0905 2.7523 0.0400 0.8002 0.5760 0.1622
1311868218.7745 -0.9422 -2.0892 2.7536 0.0413 0.8003 0.5747 0.1657
1311868218.8103 -0.9465 -2.0883 2.7552 0.0401 0.8008 0.5735 0.1682
1311868218.8424 -0.9491 -2.0882 2.7574 0.0384 0.8012 0.5727 0.1691
1311868218.8747 -0.9535 -2.0866 2.7603 0.0359 0.8012 0.5726 0.1701
1311868218.9103 -0.9573 -2.0855 2.7636 0.0321 0.8006 0.5733 0.1714
1311868218.9424 -0.9604 -2.0837 2.7663 0.0287 0.7989 0.5755 0.1723
1311868218.9745 -0.9631 -2.0803 2.7666 0.0256 0.7976 0.5771 0.1734
1311868219.0107 -0.9654 -2.0777 2.7680 0.0213 0.7972 0.5773 0.1752
1311868219.0428 -0.9674 -2.0748 2.7699 0.0177 0.7972 0.5771 0.1765
1311868219.0747 -0.9690 -2.0717 2.7726 0.0164 0.7973 0.5769 0.1768
1311868219.1107 -0.9703 -2.0687 2.7755 0.0170 0.7972 0.5770 0.1768
1311868219.1424 -0.9716 -2.0651 2.7798 0.0186 0.7969 0.5773 0.1770
1311868219.1745 -0.9735 -2.0603 2.7826 0.0196 0.7967 0.5774 0.1776
1311868219.2104 -0.9759 -2.0555 2.7865 0.0199 0.7966 0.5776 0.1776
1311868219.2426 -0.9781 -2.0503 2.7896 0.0214 0.7961 0.5785 0.1763
1311868219.2745 -0.9795 -2.0459 2.7941 0.0232 0.7957 0.5795 0.1746
1311868219.3106 -0.9815 -2.0413 2.7994 0.0242 0.7948 0.5809 0.1741
1311868219.3429 -0.9838 -2.0370 2.8039 0.0247 0.7936 0.5824 0.1743
1311868219.3746 -0.9854 -2.0328 2.8085 0.0245 0.7918 0.5845 0.1752
1311868219.4104 -0.9872 -2.0275 2.8106 0.0255 0.7894 0.5873 0.1766
1311868219.4425 -0.9886 -2.0226 2.8132 0.0285 0.7869 0.5900 0.1784
1311868219.4744 -0.9899 -2.0186 2.8179 0.0314 0.7844 0.5923 0.1814
1311868219.5105 -0.9914 -2.0138 2.8218 0.0334 0.7809 0.5957 0.1852
1311868219.5433 -0.9924 -2.0077 2.8236 0.0355 0.7777 0.5988 0.1877
1311868219.5748 -0.9945 -2.0035 2.8278 0.0373 0.7757 0.6010 0.1889
1311868219.6107 -0.9959 -1.9977 2.8314 0.0384 0.7735 0.6035 0.1898
1311868219.6429 -0.9973 -1.9940 2.8337 0.0400 0.7716 0.6057 0.1902
1311868219.6744 -0.9977 -1.9905 2.8368 0.0440 0.7695 0.6080 0.1903
1311868219.7108 -0.9993 -1.9859 2.8399 0.0478 0.7676 0.6096 0.1921
1311868219.7426 -1.0005 -1.9824 2.8454 0.0493 0.7665 0.6098 0.1952
1311868219.7745 -1.0017 -1.9779 2.8490 0.0491 0.7657 0.6098 0.1986
1311868219.8104 -1.0024 -1.9741 2.8527 0.0495 0.7656 0.6091 0.2010
1311868219.8428 -1.0028 -1.9719 2.8555 0.0507 0.7655 0.6086 0.2027
1311868219.8745 -1.0028 -1.9699 2.8589 0.0515 0.7655 0.6081 0.2041
1311868219.9106 -1.0031 -1.9674 2.8639 0.0528 0.7650 0.6082 0.2052
1311868219.9426 -1.0030 -1.9643 2.8676 0.0548 0.7643 0.6084 0.2067
1311868219.9749 -1.0040 -1.9619 2.8720 0.0573 0.7634 0.6086 0.2086
1311868220.0106 -1.0043 -1.9584 2.8772 0.0594 0.7623 0.6091 0.2104
1311868220.0428 -1.0048 -1.9564 2.8831 0.0612 0.7608 0.6104 0.2118
1311868220.0747 -1.0055 -1.9533 2.8898 0.0624 0.7585 0.6126 0.2135
1311868220.1106 -1.0054 -1.9494 2.8932 0.0622 0.7556 0.6155 0.2154
1311868220.1426 -1.0059 -1.9464 2.8964 0.0624 0.7533 0.6178 0.2168
1311868220.1747 -1.0062 -1.9437 2.9012 0.0625 0.7516 0.6195 0.2178
1311868220.2105 -1.0074 -1.9414 2.9065 0.0632 0.7493 0.6219 0.2186
1311868220.2425 -1.0073 -1.9366 2.9105 0.0644 0.7471 0.6242 0.2193
1311868220.2749 -1.0093 -1.9347 2.9171 0.0649 0.7458 0.6250 0.2211
1311868220.3107 -1.0099 -1.9309 2.9231 0.0637 0.7441 0.6263 0.2236
1311868220.3428 -1.0104 -1.9272 2.9287 0.0614 0.7436 0.6264 0.2256
1311868220.3750 -1.0118 -1.9254 2.9334 0.0596 0.7431 0.6265 0.2276
1311868220.4105 -1.0140 -1.9237 2.9386 0.0577 0.7417 0.6274 0.2302
1311868220.4426 -1.0151 -1.9219 2.9421 0.0558 0.7396 0.6292 0.2324
1311868220.4748 -1.0163 -1.9201 2.9458 0.0540 0.7377 0.6307 0.2345
1311868220.5109 -1.0190 -1.9202 2.9499 0.0533 0.7354 0.6328 0.2364
1311868220.5426 -1.0198 -1.9191 2.9541 0.0523 0.7327 0.6355 0.2379
1311868220.5745 -1.0210 -1.9172 2.9584 0.0509 0.7297 0.6386 0.2390
1311868220.6113 -1.0235 -1.9152 2.9627 0.0500 0.7275 0.6412 0.2390
1311868220.6426 -1.0263 -1.9128 2.9675 0.0482 0.7254 0.6435 0.2394
1311868220.6746 -1.0267 -1.9114 2.9701 0.0459 0.7235 0.6459 0.2392
1311868220.7106 -1.0295 -1.9107 2.9742 0.0454 0.7225 0.6473 0.2385
1311868220.7427 -1.0339 -1.9108 2.9786 0.0464 0.7209 0.6490 0.2388
1311868220.7745 -1.0365 -1.9100 2.9813 0.0468 0.7185 0.6512 0.2400
1311868220.8108 -1.0382 -1.9090 2.9843 0.0478 0.7168 0.6528 0.2402
1311868220.8427 -1.0410 -1.9098 2.9864 0.0492 0.7153 0.6545 0.2399
1311868220.8748 -1.0443 -1.9088 2.9884 0.0490 0.7135 0.6563 0.2405
1311868220.9107 -1.0469 -1.9075 2.9920 0.0483 0.7129 0.6569 0.2405
1311868220.9430 -1.0499 -1.9068 2.9938 0.0470 0.7131 0.6568 0.2404
1311868220.9749 -1.0527 -1.9071 2.9955 0.0459 0.7131 0.6569 0.2406
1311868221.0105 -1.0564 -1.9077 2.9971 0.0451 0.7125 0.6573 0.2415
1311868221.0426 -1.0594 -1.9061 2.9997 0.0443 0.7122 0.6572 0.2428
1311868221.0748 -1.0611 -1.9076 3.0015 0.0439 0.7121 0.6571 0.2435
1311868221.1106 -1.0627 -1.9083 3.0048 0.0436 0.7117 0.6574 0.2439
1311868221.1427 -1.0650 -1.9069 3.0080 0.0434 0.7113 0.6578 0.2439
1311868221.1746 -1.0679 -1.9058 3.0096 0.0438 0.7115 0.6577 0.2435
1311868221.2106 -1.0701 -1.9065 3.0113 0.0435 0.7114 0.6579 0.2435
1311868221.2427 -1.0712 -1.9054 3.0146 0.0428 0.7119 0.6573 0.2435
1311868221.2750 -1.0736 -1.9050 3.0155 0.0421 0.7126 0.6563 0.2443
1311868221.3114 -1.0751 -1.9066 3.0172 0.0414 0.7131 0.6557 0.2445
1311868221.3428 -1.0767 -1.9073 3.0188 0.0403 0.7129 0.6558 0.2451
1311868221.3749 -1.0776 -1.9074 3.0209 0.0395 0.7134 0.6553 0.2453
1311868221.4107 -1.0792 -1.9079 3.0219 0.0385 0.7143 0.6543 0.2453
1311868221.4428 -1.0811 -1.9103 3.0231 0.0381 0.7150 0.6536 0.2450
1311868221.4747 -1.0834 -1.9121 3.0246 0.0375 0.7148 0.6537 0.2456
1311868221.5110 -1.0849 -1.9117 3.0273 0.0367 0.7150 0.6535 0.2457
1311868221.5430 -1.0873 -1.9127 3.0273 0.0366 0.7150 0.6536 0.2452
1311868221.5747 -1.0885 -1.9129 3.0279 0.0365 0.7146 0.6544 0.2447
1311868221.6107 -1.0891 -1.9135 3.0298 0.0373 0.7147 0.6546 0.2434
1311868221.6426 -1.0902 -1.9139 3.0316 0.0382 0.7149 0.6548 0.2422
1311868221.6746 -1.0926 -1.9147 3.0316 0.0390 0.7154 0.6546 0.2414
1311868221.7115 -1.0935 -1.9166 3.0315 0.0392 0.7153 0.6550 0.2405
1311868221.7428 -1.0927 -1.9162 3.0327 0.0397 0.7159 0.6551 0.2383
1311868221.7759 -1.0968 -1.9163 3.0320 0.0403 0.7164 0.6548 0.2376
1311868221.8108 -1.0958 -1.9186 3.0326 0.0390 0.7165 0.6553 0.2360
1311868221.8427 -1.0971 -1.9183 3.0332 0.0389 0.7168 0.6559 0.2333
1311868221.8746 -1.0985 -1.9195 3.0320 0.0399 0.7161 0.6578 0.2302
1311868221.9108 -1.1028 -1.9183 3.0310 0.0419 0.7151 0.6593 0.2285
1311868221.9427 -1.1045 -1.9174 3.0308 0.0428 0.7153 0.6593 0.2280
1311868221.9753 -1.1057 -1.9184 3.0306 0.0426 0.7158 0.6586 0.2282
1311868222.0107 -1.1080 -1.9183 3.0307 0.0421 0.7169 0.6577 0.2276
1311868222.0428 -1.1090 -1.9196 3.0304 0.0412 0.7177 0.6572 0.2265
1311868222.0771 -1.1104 -1.9205 3.0287 0.0408 0.7169 0.6582 0.2260
1311868222.1107 -1.1118 -1.9194 3.0279 0.0412 0.7168 0.6586 0.2252
1311868222.1429 -1.1151 -1.9189 3.0279 0.0416 0.7173 0.6582 0.2248
1311868222.1750 -1.1155 -1.9171 3.0270 0.0404 0.7175 0.6583 0.2240
1311868222.2108 -1.1182 -1.9158 3.0261 0.0395 0.7183 0.6580 0.2225
1311868222.2427 -1.1205 -1.9160 3.0244 0.0394 0.7184 0.6585 0.2208
1311868222.2757 -1.1240 -1.9147 3.0219 0.0393 0.7175 0.6594 0.2208
1311868222.3109 -1.1265 -1.9130 3.0207 0.0390 0.7172 0.6599 0.2206
1311868222.3430 -1.1288 -1.9117 3.0202 0.0394 0.7166 0.6607 0.2200
1311868222.3753 -1.1323 -1.9088 3.0177 0.0404 0.7156 0.6620 0.2194
1311868222.4108 -1.1358 -1.9063 3.0155 0.0415 0.7151 0.6626 0.2190
1311868222.4427 -1.1396 -1.9054 3.0125 0.0424 0.7148 0.6628 0.2189
1311868222.4747 -1.1439 -1.9026 3.0099 0.0421 0.7145 0.6627 0.2204
1311868222.5108 -1.1484 -1.9000 3.0073 0.0415 0.7143 0.6621 0.2229
1311868222.5428 -1.1507 -1.8978 3.0050 0.0402 0.7141 0.6614 0.2260
1311868222.5747 -1.1523 -1.8963 3.0027 0.0386 0.7140 0.6604 0.2294
1311868222.6107 -1.1572 -1.8942 2.9992 0.0381 0.7135 0.6595 0.2335
1311868222.6430 -1.1608 -1.8916 2.9961 0.0366 0.7123 0.6594 0.2377
1311868222.6749 -1.1619 -1.8912 2.9942 0.0353 0.7115 0.6597 0.2394
1311868222.7108 -1.1636 -1.8913 2.9920 0.0355 0.7095 0.6616 0.2401
1311868222.7428 -1.1682 -1.8864 2.9893 0.0367 0.7074 0.6629 0.2425
1311868222.7749 -1.1756 -1.8811 2.9846 0.0378 0.7058 0.6630 0.2467
1311868222.8109 -1.1777 -1.8786 2.9819 0.0373 0.7050 0.6626 0.2501
1311868222.8429 -1.1819 -1.8766 2.9796 0.0366 0.7044 0.6623 0.2529
1311868222.8756 -1.1866 -1.8751 2.9762 0.0356 0.7032 0.6631 0.2542
1311868222.9107 -1.1886 -1.8733 2.9744 0.0345 0.7024 0.6640 0.2539
1311868222.9432 -1.1925 -1.8704 2.9711 0.0347 0.7017 0.6646 0.2546
1311868222.9748 -1.1972 -1.8676 2.9678 0.0355 0.7014 0.6638 0.2571
1311868223.0124 -1.2015 -1.8663 2.9651 0.0354 0.7009 0.6628 0.2612
1311868223.0438 -1.2021 -1.8643 2.9636 0.0346 0.7008 0.6620 0.2635
1311868223.0765 -1.2065 -1.8624 2.9600 0.0350 0.7014 0.6609 0.2646
1311868223.1109 -1.2091 -1.8632 2.9578 0.0349 0.7014 0.6607 0.2651
1311868223.1437 -1.2107 -1.8606 2.9555 0.0347 0.7013 0.6603 0.2664
1311868223.1748 -1.2139 -1.8603 2.9515 0.0353 0.7011 0.6597 0.2682
1311868223.2109 -1.2169 -1.8599 2.9493 0.0352 0.7001 0.6597 0.2709
1311868223.2427 -1.2195 -1.8569 2.9472 0.0357 0.6991 0.6599 0.2731
1311868223.2753 -1.2225 -1.8545 2.9452 0.0362 0.6985 0.6599 0.2744
1311868223.3107 -1.2252 -1.8520 2.9430 0.0359 0.6979 0.6601 0.2753
1311868223.3434 -1.2276 -1.8485 2.9408 0.0353 0.6978 0.6600 0.2761
1311868223.3755 -1.2291 -1.8469 2.9395 0.0347 0.6983 0.6593 0.2764
1311868223.4108 -1.2298 -1.8467 2.9390 0.0346 0.6987 0.6586 0.2772
1311868223.4441 -1.2325 -1.8443 2.9366 0.0356 0.6986 0.6579 0.2788
1311868223.4791 -1.2346 -1.8429 2.9347 0.0365 0.6986 0.6575 0.2797
1311868223.5112 -1.2379 -1.8425 2.9326 0.0369 0.6985 0.6575 0.2799
1311868223.5428 -1.2397 -1.8421 2.9314 0.0368 0.6985 0.6584 0.2780
1311868223.5763 -1.2413 -1.8392 2.9288 0.0368 0.6996 0.6580 0.2761
1311868223.6108 -1.2442 -1.8413 2.9269 0.0377 0.7008 0.6569 0.2757
1311868223.6427 -1.2434 -1.8423 2.9270 0.0382 0.7011 0.6563 0.2764
1311868223.6748 -1.2435 -1.8424 2.9259 0.0391 0.7014 0.6557 0.2769
1311868223.7109 -1.2445 -1.8433 2.9254 0.0405 0.7014 0.6556 0.2765
1311868223.7429 -1.2460 -1.8431 2.9246 0.0420 0.7011 0.6562 0.2760
1311868223.7749 -1.2476 -1.8429 2.9238 0.0431 0.7008 0.6566 0.2755
1311868223.8110 -1.2490 -1.8419 2.9231 0.0433 0.7006 0.6568 0.2757
1311868223.8428 -1.2509 -1.8414 2.9228 0.0438 0.7008 0.6563 0.2761
1311868223.8748 -1.2533 -1.8423 2.9219 0.0453 0.7003 0.6566 0.2764
1311868223.9109 -1.2568 -1.8416 2.9218 0.0476 0.6992 0.6571 0.2774
1311868223.9430 -1.2590 -1.8401 2.9221 0.0489 0.6986 0.6575 0.2779
1311868223.9751 -1.2615 -1.8387 2.9221 0.0505 0.6989 0.6575 0.2769
1311868224.0108 -1.2649 -1.8381 2.9220 0.0523 0.6995 0.6574 0.2752
1311868224.0437 -1.2698 -1.8372 2.9197 0.0539 0.6996 0.6573 0.2750
1311868224.0756 -1.2734 -1.8364 2.9189 0.0551 0.6998 0.6566 0.2758
1311868224.1108 -1.2792 -1.8358 2.9178 0.0565 0.6998 0.6558 0.2775
1311868224.1453 -1.2835 -1.8345 2.9166 0.0566 0.6995 0.6554 0.2793
1311868224.1748 -1.2888 -1.8328 2.9148 0.0556 0.6995 0.6545 0.2813
1311868224.2114 -1.2931 -1.8332 2.9157 0.0539 0.7001 0.6535 0.2825
1311868224.2429 -1.2992 -1.8305 2.9121 0.0526 0.6999 0.6531 0.2844
1311868224.2774 -1.3038 -1.8293 2.9097 0.0520 0.7004 0.6516 0.2866
1311868224.3115 -1.3107 -1.8272 2.9066 0.0516 0.7008 0.6492 0.2911
1311868224.3429 -1.3152 -1.8262 2.9046 0.0511 0.7016 0.6469 0.2942
1311868224.3749 -1.3215 -1.8253 2.9011 0.0517 0.7025 0.6451 0.2960
1311868224.4109 -1.3261 -1.8281 2.8995 0.0520 0.7025 0.6448 0.2967
1311868224.4429 -1.3329 -1.8256 2.8958 0.0525 0.7012 0.6454 0.2985
1311868224.4750 -1.3397 -1.8238 2.8928 0.0530 0.7004 0.6454 0.3002
1311868224.5118 -1.3477 -1.8208 2.8894 0.0522 0.6995 0.6447 0.3038
1311868224.5453 -1.3551 -1.8187 2.8867 0.0499 0.6991 0.6435 0.3077
1311868224.5747 -1.3602 -1.8187 2.8856 0.0471 0.6996 0.6424 0.3094
1311868224.6112 -1.3658 -1.8195 2.8837 0.0454 0.7001 0.6420 0.3093
1311868224.6431 -1.3724 -1.8195 2.8816 0.0452 0.7001 0.6420 0.3094
1311868224.6749 -1.3797 -1.8181 2.8785 0.0462 0.6997 0.6420 0.3101
1311868224.7108 -1.3866 -1.8182 2.8767 0.0464 0.6992 0.6417 0.3117
1311868224.7428 -1.3926 -1.8182 2.8762 0.0457 0.6987 0.6418 0.3126
1311868224.7756 -1.4001 -1.8150 2.8748 0.0449 0.6986 0.6420 0.3126
1311868224.8123 -1.4065 -1.8149 2.8739 0.0437 0.6988 0.6421 0.3122
1311868224.8427 -1.4146 -1.8118 2.8711 0.0422 0.6979 0.6425 0.3137
1311868224.8749 -1.4208 -1.8081 2.8694 0.0409 0.6979 0.6418 0.3152
1311868224.9121 -1.4266 -1.8077 2.8677 0.0399 0.6984 0.6408 0.3164
1311868224.9431 -1.4335 -1.8057 2.8648 0.0392 0.6984 0.6398 0.3184
1311868224.9783 -1.4370 -1.8054 2.8634 0.0382 0.6991 0.6387 0.3191
1311868225.0120 -1.4428 -1.8042 2.8602 0.0382 0.6995 0.6379 0.3199
1311868225.0454 -1.4493 -1.8024 2.8567 0.0389 0.7000 0.6370 0.3206
1311868225.0761 -1.4535 -1.8028 2.8547 0.0393 0.7003 0.6363 0.3212
1311868225.1112 -1.4586 -1.8021 2.8514 0.0398 0.7004 0.6355 0.3226
1311868225.1439 -1.4635 -1.8025 2.8499 0.0403 0.7007 0.6348 0.3233
1311868225.1760 -1.4676 -1.8035 2.8493 0.0405 0.7008 0.6346 0.3234
1311868225.2116 -1.4722 -1.8045 2.8489 0.0405 0.7006 0.6346 0.3237
1311868225.2429 -1.4770 -1.8047 2.8482 0.0402 0.7001 0.6348 0.3245
1311868225.2750 -1.4811 -1.8048 2.8481 0.0393 0.6998 0.6346 0.3256
1311868225.3108 -1.4863 -1.8048 2.8485 0.0382 0.6995 0.6342 0.3271
1311868225.3429 -1.4914 -1.8038 2.8490 0.0374 0.6994 0.6337 0.3283
1311868225.3794 -1.4963 -1.8042 2.8490 0.0372 0.6991 0.6338 0.3289
1311868225.4109 -1.5012 -1.8030 2.8494 0.0375 0.6984 0.6341 0.3297
1311868225.4434 -1.5054 -1.8028 2.8495 0.0379 0.6980 0.6343 0.3302
1311868225.4793 -1.5095 -1.8021 2.8488 0.0381 0.6975 0.6344 0.3310
1311868225.5109 -1.5141 -1.8015 2.8479 0.0383 0.6973 0.6341 0.3320
1311868225.5429 -1.5192 -1.7995 2.8480 0.0383 0.6974 0.6333 0.3333
1311868225.5764 -1.5239 -1.7993 2.8476 0.0384 0.6976 0.6326 0.3343
1311868225.6121 -1.5279 -1.8003 2.8480 0.0389 0.6975 0.6322 0.3351
1311868225.6442 -1.5318 -1.8008 2.8470 0.0399 0.6969 0.6322 0.3362
1311868225.6789 -1.5354 -1.8008 2.8468 0.0413 0.6959 0.6324 0.3376
1311868225.7113 -1.5389 -1.8017 2.8482 0.0424 0.6948 0.6327 0.3392
1311868225.7463 -1.5434 -1.7981 2.8478 0.0433 0.6935 0.6329 0.3415
1311868225.7769 -1.5466 -1.7965 2.8475 0.0437 0.6931 0.6326 0.3428
1311868225.8109 -1.5498 -1.7974 2.8473 0.0442 0.6925 0.6326 0.3441
1311868225.8429 -1.5540 -1.7947 2.8463 0.0449 0.6917 0.6320 0.3465
1311868225.8802 -1.5570 -1.7950 2.8468 0.0448 0.6914 0.6316 0.3480
1311868225.9108 -1.5600 -1.7949 2.8468 0.0449 0.6910 0.6316 0.3487
1311868225.9431 -1.5625 -1.7944 2.8469 0.0445 0.6909 0.6316 0.3489
1311868225.9770 -1.5652 -1.7940 2.8465 0.0446 0.6909 0.6316 0.3489
1311868226.0109 -1.5682 -1.7941 2.8452 0.0448 0.6906 0.6316 0.3494
1311868226.0438 -1.5715 -1.7923 2.8443 0.0446 0.6902 0.6309 0.3516
1311868226.0798 -1.5745 -1.7925 2.8449 0.0440 0.6902 0.6297 0.3538
1311868226.1151 -1.5773 -1.7930 2.8458 0.0427 0.6903 0.6291 0.3548
1311868226.1445 -1.5798 -1.7928 2.8450 0.0409 0.6903 0.6294 0.3545
1311868226.1789 -1.5826 -1.7907 2.8439 0.0398 0.6908 0.6299 0.3528
1311868226.2109 -1.5859 -1.7897 2.8414 0.0398 0.6911 0.6304 0.3512
1311868226.2473 -1.5892 -1.7864 2.8381 0.0397 0.6913 0.6298 0.3519
1311868226.2776 -1.5929 -1.7847 2.8356 0.0391 0.6927 0.6279 0.3527
1311868226.3110 -1.5958 -1.7874 2.8365 0.0378 0.6946 0.6268 0.3512
1311868226.3452 -1.5989 -1.7861 2.8341 0.0372 0.6953 0.6273 0.3489
1311868226.3816 -1.6027 -1.7845 2.8299 0.0383 0.6954 0.6285 0.3462
1311868226.4110 -1.6056 -1.7832 2.8261 0.0395 0.6950 0.6301 0.3441
1311868226.4441 -1.6099 -1.7791 2.8217 0.0408 0.6948 0.6309 0.3428
1311868226.4811 -1.6132 -1.7779 2.8191 0.0416 0.6952 0.6316 0.3408
1311868226.5110 -1.6174 -1.7738 2.8134 0.0420 0.6948 0.6322 0.3402
1311868226.5435 -1.6209 -1.7706 2.8097 0.0424 0.6953 0.6321 0.3394
1311868226.5766 -1.6245 -1.7693 2.8046 0.0429 0.6950 0.6323 0.3397
1311868226.6109 -1.6275 -1.7659 2.8009 0.0422 0.6952 0.6317 0.3405
1311868226.6443 -1.6319 -1.7622 2.7942 0.0408 0.6956 0.6311 0.3409
1311868226.6763 -1.6348 -1.7585 2.7875 0.0398 0.6959 0.6313 0.3399
1311868226.7111 -1.6391 -1.7574 2.7826 0.0398 0.6960 0.6315 0.3394
1311868226.7458 -1.6408 -1.7556 2.7768 0.0401 0.6945 0.6330 0.3397
1311868226.7785 -1.6425 -1.7523 2.7711 0.0416 0.6932 0.6340 0.3403
1311868226.8108 -1.6464 -1.7476 2.7644 0.0435 0.6920 0.6341 0.3423
1311868226.8443 -1.6512 -1.7414 2.7559 0.0444 0.6910 0.6330 0.3462
1311868226.8792 -1.6538 -1.7372 2.7486 0.0440 0.6916 0.6306 0.3495
1311868226.9109 -1.6562 -1.7347 2.7411 0.0433 0.6927 0.6282 0.3517
1311868226.9442 -1.6582 -1.7340 2.7338 0.0429 0.6935 0.6272 0.3520
1311868226.9763 -1.6615 -1.7297 2.7262 0.0437 0.6940 0.6268 0.3515
1311868227.0109 -1.6664 -1.7253 2.7172 0.0446 0.6940 0.6267 0.3516
1311868227.0471 -1.6691 -1.7211 2.7090 0.0446 0.6941 0.6265 0.3518
1311868227.0771 -1.6727 -1.7156 2.7011 0.0438 0.6948 0.6252 0.3527
1311868227.1109 -1.6762 -1.7129 2.6932 0.0412 0.6959 0.6233 0.3543
1311868227.1445 -1.6787 -1.7095 2.6868 0.0383 0.6977 0.6207 0.3556
1311868227.1791 -1.6800 -1.7083 2.6784 0.0376 0.6988 0.6194 0.3559
1311868227.2109 -1.6813 -1.7059 2.6703 0.0395 0.6979 0.6199 0.3565
1311868227.2474 -1.6831 -1.7010 2.6634 0.0435 0.6971 0.6201 0.3573
1311868227.2766 -1.6854 -1.6992 2.6567 0.0469 0.6960 0.6202 0.3589
1311868227.3117 -1.6875 -1.6956 2.6530 0.0484 0.6955 0.6198 0.3602
1311868227.3479 -1.6889 -1.6913 2.6477 0.0498 0.6961 0.6193 0.3597
1311868227.3778 -1.6910 -1.6877 2.6416 0.0505 0.6969 0.6183 0.3599
1311868227.4114 -1.6923 -1.6853 2.6353 0.0503 0.6971 0.6174 0.3612
1311868227.4467 -1.6931 -1.6829 2.6306 0.0510 0.6970 0.6166 0.3625
1311868227.4790 -1.6959 -1.6804 2.6272 0.0526 0.6964 0.6159 0.3647
1311868227.5109 -1.6980 -1.6769 2.6217 0.0540 0.6951 0.6158 0.3670
1311868227.5474 -1.6996 -1.6731 2.6182 0.0550 0.6948 0.6149 0.3690
1311868227.5791 -1.7017 -1.6717 2.6145 0.0553 0.6946 0.6135 0.3716
1311868227.6109 -1.7027 -1.6702 2.6112 0.0554 0.6939 0.6127 0.3743
1311868227.6443 -1.7049 -1.6665 2.6071 0.0561 0.6929 0.6121 0.3769
1311868227.6790 -1.7068 -1.6645 2.6036 0.0562 0.6921 0.6108 0.3805
1311868227.7110 -1.7094 -1.6624 2.6001 0.0556 0.6909 0.6092 0.3852
1311868227.7443 -1.7117 -1.6599 2.5966 0.0560 0.6896 0.6083 0.3889
1311868227.7792 -1.7144 -1.6574 2.5929 0.0569 0.6884 0.6073 0.3924
1311868227.8137 -1.7172 -1.6560 2.5900 0.0575 0.6866 0.6065 0.3967
1311868227.8443 -1.7212 -1.6524 2.5862 0.0576 0.6844 0.6057 0.4019
1311868227.8792 -1.7236 -1.6490 2.5828 0.0575 0.6831 0.6041 0.4063
1311868227.9125 -1.7274 -1.6467 2.5800 0.0564 0.6821 0.6019 0.4114
1311868227.9462 -1.7305 -1.6450 2.5764 0.0548 0.6812 0.5995 0.4166
1311868227.9793 -1.7344 -1.6446 2.5732 0.0541 0.6800 0.5978 0.4210
1311868228.0147 -1.7391 -1.6450 2.5693 0.0542 0.6780 0.5971 0.4253
1311868228.0449 -1.7437 -1.6433 2.5659 0.0547 0.6752 0.5971 0.4297
1311868228.0790 -1.7483 -1.6397 2.5617 0.0553 0.6728 0.5963 0.4343
1311868228.1127 -1.7538 -1.6376 2.5582 0.0549 0.6712 0.5949 0.4389
1311868228.1462 -1.7591 -1.6345 2.5546 0.0543 0.6701 0.5932 0.4428
1311868228.1790 -1.7651 -1.6330 2.5505 0.0542 0.6695 0.5916 0.4460
1311868228.2147 -1.7703 -1.6305 2.5453 0.0540 0.6686 0.5897 0.4497
1311868228.2461 -1.7767 -1.6319 2.5428 0.0535 0.6679 0.5878 0.4533
1311868228.2800 -1.7814 -1.6305 2.5398 0.0533 0.6669 0.5864 0.4567
1311868228.3124 -1.7871 -1.6312 2.5363 0.0538 0.6660 0.5853 0.4593
1311868228.3444 -1.7938 -1.6296 2.5333 0.0541 0.6651 0.5840 0.4623
1311868228.3790 -1.8011 -1.6318 2.5320 0.0533 0.6647 0.5833 0.4637
1311868228.4124 -1.8073 -1.6294 2.5282 0.0533 0.6642 0.5835 0.4643
1311868228.4445 -1.8131 -1.6276 2.5240 0.0542 0.6636 0.5840 0.4644
1311868228.4796 -1.8195 -1.6260 2.5200 0.0544 0.6625 0.5839 0.4661
1311868228.5152 -1.8261 -1.6232 2.5166 0.0528 0.6616 0.5823 0.4695
1311868228.5458 -1.8328 -1.6210 2.5140 0.0506 0.6620 0.5798 0.4723
1311868228.5796 -1.8404 -1.6233 2.5130 0.0478 0.6627 0.5782 0.4735
1311868228.6124 -1.8451 -1.6223 2.5098 0.0446 0.6630 0.5778 0.4739
1311868228.6453 -1.8511 -1.6207 2.5050 0.0428 0.6629 0.5776 0.4744
1311868228.6790 -1.8563 -1.6204 2.5008 0.0408 0.6623 0.5770 0.4763
1311868228.7149 -1.8620 -1.6198 2.4970 0.0396 0.6609 0.5766 0.4787
1311868228.7465 -1.8680 -1.6177 2.4938 0.0396 0.6600 0.5756 0.4812
1311868228.7791 -1.8748 -1.6173 2.4906 0.0394 0.6593 0.5747 0.4832
1311868228.8150 -1.8818 -1.6174 2.4883 0.0385 0.6587 0.5744 0.4845
1311868228.8447 -1.8877 -1.6141 2.4847 0.0381 0.6584 0.5739 0.4855
1311868228.8793 -1.8939 -1.6126 2.4822 0.0370 0.6585 0.5731 0.4864
1311868228.9127 -1.8998 -1.6114 2.4800 0.0356 0.6588 0.5724 0.4869
1311868228.9447 -1.9026 -1.6099 2.4774 0.0349 0.6594 0.5728 0.4857
1311868228.9791 -1.9082 -1.6083 2.4735 0.0361 0.6593 0.5738 0.4844
1311868229.0127 -1.9110 -1.6065 2.4704 0.0370 0.6591 0.5752 0.4831
1311868229.0445 -1.9133 -1.6030 2.4670 0.0381 0.6595 0.5761 0.4813
1311868229.0806 -1.9173 -1.5998 2.4635 0.0403 0.6609 0.5766 0.4787
1311868229.1155 -1.9178 -1.5965 2.4581 0.0427 0.6620 0.5775 0.4758
1311868229.1483 -1.9198 -1.5942 2.4527 0.0452 0.6630 0.5771 0.4747
1311868229.1841 -1.9216 -1.5946 2.4481 0.0456 0.6637 0.5757 0.4755
1311868229.2165 -1.9221 -1.5911 2.4447 0.0444 0.6651 0.5728 0.4771
1311868229.2490 -1.9220 -1.5924 2.4392 0.0440 0.6671 0.5710 0.4765
1311868229.2812 -1.9235 -1.5954 2.4333 0.0437 0.6674 0.5719 0.4750
1311868229.3152 -1.9252 -1.6019 2.4291 0.0420 0.6657 0.5752 0.4736
1311868229.3503 -1.9215 -1.5956 2.4232 0.0398 0.6621 0.5795 0.4735
1311868229.3810 -1.9181 -1.5949 2.4164 0.0402 0.6591 0.5836 0.4726
1311868229.4131 -1.9156 -1.5971 2.4100 0.0416 0.6534 0.5892 0.4735
1311868229.4448 -1.9094 -1.5894 2.4037 0.0425 0.6480 0.5924 0.4767
1311868229.4824 -1.9063 -1.5847 2.3990 0.0434 0.6465 0.5923 0.4788
1311868229.5126 -1.9020 -1.5819 2.3925 0.0426 0.6467 0.5919 0.4792
1311868229.5478 -1.9003 -1.5795 2.3870 0.0405 0.6490 0.5898 0.4789
1311868229.5806 -1.8964 -1.5782 2.3793 0.0373 0.6512 0.5888 0.4774
1311868229.6134 -1.8904 -1.5777 2.3697 0.0360 0.6517 0.5901 0.4751
1311868229.6475 -1.8840 -1.5767 2.3611 0.0358 0.6512 0.5915 0.4742
1311868229.6815 -1.8789 -1.5761 2.3523 0.0345 0.6503 0.5914 0.4755
1311868229.7125 -1.8732 -1.5747 2.3448 0.0331 0.6497 0.5915 0.4764
1311868229.7487 -1.8660 -1.5731 2.3364 0.0334 0.6492 0.5919 0.4766
1311868229.7825 -1.8606 -1.5725 2.3254 0.0336 0.6485 0.5923 0.4769
1311868229.8127 -1.8533 -1.5706 2.3162 0.0345 0.6483 0.5933 0.4759
1311868229.8445 -1.8478 -1.5702 2.3089 0.0368 0.6484 0.5934 0.4755
1311868229.8834 -1.8406 -1.5680 2.3012 0.0386 0.6489 0.5929 0.4753
1311868229.9145 -1.8359 -1.5707 2.2925 0.0408 0.6489 0.5932 0.4747
1311868229.9444 -1.8306 -1.5691 2.2859 0.0397 0.6489 0.5926 0.4756
1311868229.9824 -1.8232 -1.5672 2.2773 0.0396 0.6498 0.5915 0.4757
1311868230.0125 -1.8189 -1.5716 2.2678 0.0399 0.6491 0.5925 0.4754
1311868230.0470 -1.8134 -1.5696 2.2620 0.0388 0.6485 0.5932 0.4755
1311868230.0832 -1.8070 -1.5681 2.2540 0.0397 0.6484 0.5941 0.4745
1311868230.1136 -1.8044 -1.5695 2.2476 0.0392 0.6480 0.5950 0.4738
1311868230.1474 -1.7979 -1.5650 2.2420 0.0369 0.6489 0.5952 0.4725
1311868230.1806 -1.7914 -1.5614 2.2324 0.0370 0.6524 0.5935 0.4699
1311868230.2149 -1.7886 -1.5648 2.2247 0.0365 0.6564 0.5913 0.4670
1311868230.2454 -1.7846 -1.5648 2.2176 0.0346 0.6587 0.5904 0.4652
1311868230.2830 -1.7784 -1.5642 2.2095 0.0340 0.6603 0.5889 0.4648
1311868230.3125 -1.7778 -1.5698 2.2023 0.0331 0.6601 0.5886 0.4655
1311868230.3433 -1.7710 -1.5670 2.1944 0.0340 0.6581 0.5908 0.4655
1311868230.3821 -1.7680 -1.5688 2.1857 0.0367 0.6555 0.5930 0.4662
1311868230.4142 -1.7666 -1.5724 2.1787 0.0362 0.6518 0.5960 0.4676
1311868230.4432 -1.7619 -1.5708 2.1704 0.0375 0.6464 0.6023 0.4670
1311868230.4843 -1.7551 -1.5653 2.1616 0.0427 0.6415 0.6085 0.4651
1311868230.5127 -1.7496 -1.5603 2.1524 0.0480 0.6391 0.6131 0.4619
1311868230.5433 -1.7441 -1.5531 2.1432 0.0512 0.6402 0.6149 0.4577
1311868230.5820 -1.7438 -1.5547 2.1350 0.0516 0.6439 0.6150 0.4522
1311868230.6136 -1.7397 -1.5496 2.1282 0.0495 0.6464 0.6157 0.4480
1311868230.6434 -1.7325 -1.5437 2.1188 0.0517 0.6498 0.6133 0.4460
1311868230.6828 -1.7304 -1.5434 2.1117 0.0542 0.6526 0.6098 0.4464
1311868230.7131 -1.7254 -1.5399 2.1051 0.0580 0.6554 0.6061 0.4469
1311868230.7432 -1.7247 -1.5407 2.0984 0.0614 0.6579 0.6013 0.4492
1311868230.7832 -1.7243 -1.5394 2.0927 0.0608 0.6599 0.5975 0.4514
1311868230.8125 -1.7225 -1.5398 2.0867 0.0584 0.6618 0.5953 0.4520
1311868230.8432 -1.7220 -1.5401 2.0807 0.0556 0.6628 0.5941 0.4523
1311868230.8845 -1.7209 -1.5407 2.0761 0.0518 0.6623 0.5951 0.4523
1311868230.9128 -1.7163 -1.5362 2.0690 0.0465 0.6607 0.5958 0.4543
1311868230.9434 -1.7124 -1.5328 2.0609 0.0427 0.6607 0.5944 0.4564
1311868230.9839 -1.7094 -1.5296 2.0544 0.0405 0.6618 0.5924 0.4577
1311868231.0127 -1.7070 -1.5280 2.0471 0.0385 0.6637 0.5901 0.4581
1311868231.0434 -1.7045 -1.5259 2.0405 0.0354 0.6663 0.5864 0.4593
1311868231.0840 -1.7012 -1.5233 2.0328 0.0335 0.6694 0.5826 0.4597
1311868231.1155 -1.7010 -1.5259 2.0264 0.0329 0.6725 0.5799 0.4587
1311868231.1432 -1.7035 -1.5289 2.0223 0.0301 0.6731 0.5785 0.4598
1311868231.1806 -1.7020 -1.5288 2.0158 0.0226 0.6706 0.5788 0.4635
1311868231.2154 -1.6990 -1.5274 2.0077 0.0164 0.6680 0.5804 0.4655
1311868231.2431 -1.6967 -1.5266 2.0023 0.0123 0.6664 0.5831 0.4644
1311868231.2844 -1.6934 -1.5254 1.9970 0.0079 0.6644 0.5858 0.4641
1311868231.3133 -1.6904 -1.5243 1.9924 0.0024 0.6620 0.5871 0.4658
1311868231.3432 -1.6863 -1.5227 1.9876 -0.0032 0.6594 0.5883 0.4681
1311868231.3807 -1.6824 -1.5213 1.9838 -0.0080 0.6566 0.5899 0.4699
1311868231.4129 -1.6768 -1.5174 1.9787 -0.0116 0.6545 0.5915 0.4707
1311868231.4432 -1.6696 -1.5141 1.9735 -0.0126 0.6547 0.5927 0.4690
1311868231.4816 -1.6673 -1.5154 1.9684 -0.0123 0.6553 0.5931 0.4675
1311868231.5142 -1.6627 -1.5156 1.9634 -0.0133 0.6550 0.5935 0.4675
1311868231.5432 -1.6567 -1.5159 1.9583 -0.0135 0.6550 0.5931 0.4680
1311868231.5830 -1.6507 -1.5162 1.9545 -0.0135 0.6551 0.5918 0.4694
1311868231.6112 -1.6446 -1.5164 1.9496 -0.0138 0.6556 0.5896 0.4716
1311868231.6432 -1.6398 -1.5188 1.9443 -0.0148 0.6563 0.5876 0.4730
1311868231.6839 -1.6355 -1.5187 1.9404 -0.0175 0.6571 0.5860 0.4737
1311868231.7113 -1.6287 -1.5198 1.9364 -0.0196 0.6582 0.5864 0.4717
1311868231.7433 -1.6223 -1.5219 1.9317 -0.0206 0.6592 0.5863 0.4705
1311868231.7827 -1.6182 -1.5240 1.9287 -0.0221 0.6596 0.5863 0.4698
1311868231.8112 -1.6120 -1.5270 1.9249 -0.0226 0.6590 0.5886 0.4677
1311868231.8432 -1.6062 -1.5289 1.9226 -0.0208 0.6577 0.5914 0.4660
1311868231.8835 -1.6001 -1.5298 1.9195 -0.0190 0.6556 0.5935 0.4665
1311868231.9112 -1.5930 -1.5312 1.9147 -0.0190 0.6542 0.5936 0.4682
1311868231.9432 -1.5879 -1.5330 1.9112 -0.0196 0.6539 0.5928 0.4697
1311868231.9814 -1.5838 -1.5344 1.9075 -0.0209 0.6538 0.5920 0.4708
1311868232.0113 -1.5769 -1.5367 1.9042 -0.0235 0.6540 0.5909 0.4718
1311868232.0433 -1.5716 -1.5402 1.9007 -0.0255 0.6538 0.5897 0.4733
1311868232.0845 -1.5660 -1.5438 1.8978 -0.0270 0.6533 0.5894 0.4745
1311868232.1112 -1.5602 -1.5446 1.8951 -0.0281 0.6521 0.5889 0.4766
1311868232.1432 -1.5539 -1.5467 1.8909 -0.0290 0.6514 0.5884 0.4782
1311868232.1807 -1.5484 -1.5485 1.8881 -0.0287 0.6513 0.5886 0.4780
1311868232.2114 -1.5425 -1.5496 1.8859 -0.0283 0.6505 0.5896 0.4779
1311868232.2432 -1.5350 -1.5506 1.8819 -0.0279 0.6497 0.5904 0.4781
1311868232.2810 -1.5303 -1.5521 1.8789 -0.0275 0.6498 0.5904 0.4779
1311868232.3113 -1.5245 -1.5541 1.8773 -0.0270 0.6492 0.5916 0.4773
1311868232.3432 -1.5183 -1.5531 1.8739 -0.0267 0.6483 0.5924 0.4776
1311868232.3806 -1.5123 -1.5537 1.8700 -0.0266 0.6490 0.5929 0.4760
1311868232.4114 -1.5075 -1.5546 1.8672 -0.0245 0.6505 0.5939 0.4727
1311868232.4433 -1.5022 -1.5550 1.8644 -0.0229 0.6524 0.5945 0.4695
1311868232.4826 -1.4983 -1.5560 1.8620 -0.0224 0.6545 0.5943 0.4669
1311868232.5113 -1.4927 -1.5576 1.8597 -0.0227 0.6565 0.5940 0.4645
1311868232.5433 -1.4892 -1.5603 1.8583 -0.0227 0.6585 0.5936 0.4621
1311868232.5831 -1.4836 -1.5635 1.8562 -0.0227 0.6593 0.5939 0.4604
1311868232.6115 -1.4785 -1.5658 1.8533 -0.0222 0.6604 0.5930 0.4602
1311868232.6434 -1.4752 -1.5687 1.8534 -0.0208 0.6612 0.5926 0.4596
1311868232.6834 -1.4697 -1.5709 1.8502 -0.0191 0.6611 0.5927 0.4596
1311868232.7113 -1.4668 -1.5731 1.8484 -0.0160 0.6618 0.5922 0.4594
1311868232.7440 -1.4633 -1.5752 1.8470 -0.0137 0.6624 0.5913 0.4598
1311868232.7793 -1.4609 -1.5762 1.8455 -0.0132 0.6633 0.5896 0.4607
1311868232.8116 -1.4573 -1.5779 1.8438 -0.0145 0.6649 0.5871 0.4615
1311868232.8433 -1.4549 -1.5799 1.8442 -0.0154 0.6671 0.5842 0.4620
1311868232.8794 -1.4521 -1.5823 1.8449 -0.0158 0.6688 0.5819 0.4623
1311868232.9115 -1.4493 -1.5849 1.8451 -0.0150 0.6702 0.5799 0.4630
1311868232.9433 -1.4466 -1.5865 1.8460 -0.0131 0.6711 0.5781 0.4640
1311868232.9795 -1.4463 -1.5880 1.8471 -0.0110 0.6714 0.5767 0.4653
1311868233.0113 -1.4438 -1.5891 1.8477 -0.0098 0.6710 0.5761 0.4666
1311868233.0436 -1.4421 -1.5907 1.8480 -0.0082 0.6705 0.5746 0.4693
1311868233.0796 -1.4422 -1.5916 1.8493 -0.0071 0.6699 0.5728 0.4723
1311868233.1113 -1.4411 -1.5917 1.8483 -0.0073 0.6692 0.5716 0.4747
1311868233.1435 -1.4405 -1.5920 1.8467 -0.0072 0.6702 0.5697 0.4756
1311868233.1797 -1.4414 -1.5943 1.8473 -0.0056 0.6721 0.5681 0.4748
1311868233.2114 -1.4435 -1.5947 1.8492 -0.0040 0.6729 0.5672 0.4748
1311868233.2436 -1.4426 -1.5951 1.8489 -0.0029 0.6730 0.5662 0.4759
1311868233.2797 -1.4441 -1.5943 1.8497 -0.0009 0.6734 0.5651 0.4767
1311868233.3114 -1.4463 -1.5950 1.8506 0.0025 0.6735 0.5654 0.4762
1311868233.3435 -1.4477 -1.5950 1.8526 0.0062 0.6724 0.5662 0.4767
1311868233.3794 -1.4493 -1.5950 1.8535 0.0086 0.6708 0.5655 0.4797
1311868233.4114 -1.4532 -1.5936 1.8552 0.0102 0.6692 0.5636 0.4842
1311868233.4433 -1.4575 -1.5892 1.8554 0.0103 0.6677 0.5624 0.4877
1311868233.4794 -1.4607 -1.5872 1.8550 0.0101 0.6678 0.5612 0.4888
1311868233.5114 -1.4670 -1.5841 1.8574 0.0098 0.6688 0.5597 0.4893
1311868233.5434 -1.4726 -1.5816 1.8582 0.0090 0.6690 0.5596 0.4890
1311868233.5795 -1.4771 -1.5792 1.8585 0.0085 0.6687 0.5603 0.4888
1311868233.6115 -1.4826 -1.5770 1.8591 0.0084 0.6684 0.5605 0.4889
1311868233.6433 -1.4875 -1.5750 1.8593 0.0075 0.6680 0.5602 0.4898
1311868233.6795 -1.4938 -1.5735 1.8598 0.0071 0.6675 0.5593 0.4914
1311868233.7115 -1.5013 -1.5695 1.8598 0.0069 0.6666 0.5583 0.4938
1311868233.7434 -1.5080 -1.5672 1.8601 0.0071 0.6662 0.5574 0.4954
1311868233.7796 -1.5163 -1.5641 1.8613 0.0066 0.6652 0.5568 0.4974
1311868233.8115 -1.5225 -1.5609 1.8600 0.0067 0.6637 0.5574 0.4987
1311868233.8436 -1.5312 -1.5576 1.8598 0.0085 0.6624 0.5580 0.4998
1311868233.8795 -1.5371 -1.5538 1.8575 0.0086 0.6613 0.5578 0.5014
1311868233.9115 -1.5463 -1.5497 1.8563 0.0082 0.6614 0.5570 0.5023
1311868233.9435 -1.5536 -1.5463 1.8542 0.0081 0.6615 0.5577 0.5013
1311868233.9793 -1.5619 -1.5442 1.8533 0.0080 0.6616 0.5586 0.5003
1311868234.0115 -1.5677 -1.5421 1.8525 0.0075 0.6612 0.5591 0.5002
1311868234.0434 -1.5755 -1.5403 1.8498 0.0071 0.6607 0.5585 0.5015
1311868234.0796 -1.5841 -1.5376 1.8480 0.0065 0.6611 0.5564 0.5034
1311868234.1116 -1.5915 -1.5363 1.8449 0.0049 0.6618 0.5542 0.5048
1311868234.1435 -1.5996 -1.5362 1.8434 0.0036 0.6641 0.5506 0.5058
1311868234.1794 -1.6088 -1.5373 1.8439 0.0025 0.6660 0.5472 0.5069
1311868234.2115 -1.6169 -1.5383 1.8443 0.0019 0.6668 0.5447 0.5087
1311868234.2436 -1.6252 -1.5394 1.8443 0.0022 0.6668 0.5423 0.5112
1311868234.2794 -1.6346 -1.5395 1.8448 0.0016 0.6664 0.5392 0.5149
1311868234.3115 -1.6420 -1.5398 1.8434 0.0004 0.6665 0.5362 0.5179
1311868234.3435 -1.6520 -1.5399 1.8437 -0.0006 0.6677 0.5321 0.5207
1311868234.3796 -1.6613 -1.5409 1.8453 -0.0019 0.6686 0.5291 0.5225
1311868234.4116 -1.6701 -1.5415 1.8469 -0.0025 0.6688 0.5271 0.5242
1311868234.4435 -1.6789 -1.5413 1.8480 -0.0038 0.6684 0.5258 0.5261
1311868234.4795 -1.6876 -1.5415 1.8487 -0.0047 0.6680 0.5246 0.5278
1311868234.5116 -1.6963 -1.5410 1.8494 -0.0057 0.6674 0.5238 0.5293
1311868234.5436 -1.7050 -1.5402 1.8493 -0.0065 0.6669 0.5232 0.5305
1311868234.5794 -1.7142 -1.5393 1.8498 -0.0075 0.6668 0.5224 0.5314
1311868234.6117 -1.7237 -1.5382 1.8501 -0.0090 0.6667 0.5219 0.5320
1311868234.6435 -1.7331 -1.5375 1.8506 -0.0097 0.6666 0.5219 0.5321
1311868234.6795 -1.7419 -1.5363 1.8513 -0.0105 0.6663 0.5223 0.5321
1311868234.7114 -1.7507 -1.5351 1.8529 -0.0111 0.6658 0.5226 0.5324
1311868234.7436 -1.7582 -1.5332 1.8533 -0.0118 0.6650 0.5232 0.5329
1311868234.7795 -1.7675 -1.5319 1.8543 -0.0122 0.6648 0.5230 0.5333
1311868234.8117 -1.7752 -1.5302 1.8546 -0.0129 0.6644 0.5232 0.5335
1311868234.8435 -1.7835 -1.5291 1.8554 -0.0128 0.6644 0.5229 0.5338
1311868234.8794 -1.7909 -1.5278 1.8560 -0.0130 0.6643 0.5227 0.5342
1311868234.9115 -1.7999 -1.5265 1.8580 -0.0135 0.6638 0.5226 0.5348
1311868234.9436 -1.8067 -1.5247 1.8590 -0.0143 0.6628 0.5235 0.5352
1311868234.9795 -1.8135 -1.5231 1.8604 -0.0149 0.6619 0.5242 0.5356
1311868235.0116 -1.8207 -1.5213 1.8609 -0.0162 0.6610 0.5245 0.5364
1311868235.0437 -1.8280 -1.5194 1.8619 -0.0175 0.6600 0.5253 0.5368
1311868235.0797 -1.8362 -1.5169 1.8613 -0.0182 0.6589 0.5266 0.5369
1311868235.1116 -1.8437 -1.5147 1.8616 -0.0192 0.6582 0.5277 0.5366
1311868235.1436 -1.8503 -1.5126 1.8618 -0.0196 0.6576 0.5290 0.5360
1311868235.1797 -1.8581 -1.5105 1.8623 -0.0190 0.6565 0.5307 0.5357
1311868235.2115 -1.8655 -1.5077 1.8618 -0.0186 0.6551 0.5324 0.5357
1311868235.2436 -1.8716 -1.5038 1.8614 -0.0191 0.6543 0.5334 0.5357
1311868235.2797 -1.8766 -1.5017 1.8611 -0.0187 0.6544 0.5349 0.5341
1311868235.3117 -1.8814 -1.4991 1.8608 -0.0175 0.6546 0.5357 0.5331
1311868235.3437 -1.8881 -1.4947 1.8595 -0.0161 0.6553 0.5353 0.5326
1311868235.3798 -1.8933 -1.4920 1.8589 -0.0147 0.6567 0.5350 0.5312
1311868235.4115 -1.9001 -1.4895 1.8591 -0.0134 0.6581 0.5346 0.5299
1311868235.4437 -1.9075 -1.4867 1.8589 -0.0133 0.6586 0.5351 0.5289
1311868235.4796 -1.9094 -1.4824 1.8583 -0.0137 0.6591 0.5352 0.5282
1311868235.5117 -1.9158 -1.4809 1.8589 -0.0137 0.6598 0.5351 0.5274
1311868235.5436 -1.9185 -1.4748 1.8576 -0.0146 0.6599 0.5350 0.5273
1311868235.5797 -1.9200 -1.4709 1.8561 -0.0152 0.6618 0.5343 0.5256
1311868235.6118 -1.9238 -1.4674 1.8540 -0.0161 0.6647 0.5330 0.5233
1311868235.6435 -1.9281 -1.4639 1.8527 -0.0176 0.6680 0.5318 0.5203
1311868235.6797 -1.9316 -1.4601 1.8531 -0.0190 0.6710 0.5308 0.5174
1311868235.7116 -1.9346 -1.4569 1.8534 -0.0198 0.6731 0.5296 0.5158
1311868235.7439 -1.9388 -1.4540 1.8537 -0.0210 0.6738 0.5288 0.5157
1311868235.7795 -1.9416 -1.4496 1.8547 -0.0214 0.6737 0.5285 0.5161
1311868235.8119 -1.9446 -1.4461 1.8551 -0.0206 0.6724 0.5286 0.5177
1311868235.8437 -1.9477 -1.4411 1.8551 -0.0204 0.6703 0.5286 0.5205
1311868235.8796 -1.9494 -1.4344 1.8542 -0.0205 0.6684 0.5287 0.5228
1311868235.9116 -1.9507 -1.4310 1.8533 -0.0199 0.6677 0.5291 0.5232
1311868235.9437 -1.9535 -1.4267 1.8528 -0.0193 0.6669 0.5297 0.5237
1311868235.9796 -1.9540 -1.4212 1.8517 -0.0193 0.6662 0.5304 0.5239
1311868236.0117 -1.9542 -1.4164 1.8508 -0.0171 0.6661 0.5305 0.5240
1311868236.0437 -1.9580 -1.4132 1.8502 -0.0146 0.6651 0.5303 0.5256
1311868236.0796 -1.9583 -1.4083 1.8487 -0.0137 0.6628 0.5298 0.5291
1311868236.1118 -1.9591 -1.4033 1.8463 -0.0129 0.6608 0.5291 0.5322
1311868236.1437 -1.9615 -1.4005 1.8449 -0.0121 0.6596 0.5292 0.5337
1311868236.1796 -1.9624 -1.3950 1.8429 -0.0111 0.6576 0.5309 0.5344
1311868236.2117 -1.9628 -1.3906 1.8417 -0.0094 0.6562 0.5320 0.5351
1311868236.2436 -1.9684 -1.3872 1.8395 -0.0081 0.6536 0.5323 0.5379
1311868236.2795 -1.9708 -1.3824 1.8377 -0.0100 0.6500 0.5331 0.5415
1311868236.3116 -1.9684 -1.3768 1.8370 -0.0129 0.6481 0.5332 0.5436
1311868236.3438 -1.9675 -1.3720 1.8357 -0.0155 0.6479 0.5318 0.5451
1311868236.3795 -1.9700 -1.3686 1.8330 -0.0187 0.6481 0.5295 0.5470
1311868236.4129 -1.9709 -1.3636 1.8321 -0.0216 0.6486 0.5281 0.5477
1311868236.4435 -1.9727 -1.3589 1.8309 -0.0226 0.6487 0.5280 0.5476
1311868236.4796 -1.9739 -1.3533 1.8303 -0.0228 0.6484 0.5286 0.5474
1311868236.5116 -1.9745 -1.3494 1.8302 -0.0215 0.6477 0.5295 0.5473
1311868236.5437 -1.9737 -1.3452 1.8291 -0.0206 0.6466 0.5295 0.5488
1311868236.5797 -1.9741 -1.3408 1.8286 -0.0180 0.6460 0.5290 0.5500
1311868236.6116 -1.9753 -1.3376 1.8266 -0.0149 0.6446 0.5284 0.5523
1311868236.6477 -1.9770 -1.3326 1.8253 -0.0125 0.6435 0.5270 0.5551
1311868236.6796 -1.9766 -1.3283 1.8242 -0.0101 0.6430 0.5253 0.5572
1311868236.7117 -1.9798 -1.3246 1.8236 -0.0084 0.6429 0.5236 0.5590
1311868236.7476 -1.9804 -1.3204 1.8226 -0.0067 0.6431 0.5221 0.5601
1311868236.7796 -1.9838 -1.3177 1.8215 -0.0049 0.6433 0.5211 0.5609
1311868236.8117 -1.9859 -1.3149 1.8222 -0.0043 0.6435 0.5202 0.5616
1311868236.8476 -1.9898 -1.3127 1.8227 -0.0035 0.6428 0.5192 0.5632
1311868236.8795 -1.9931 -1.3093 1.8227 -0.0032 0.6406 0.5190 0.5659
1311868236.9118 -1.9952 -1.3057 1.8222 -0.0029 0.6381 0.5191 0.5686
1311868236.9476 -1.9979 -1.3036 1.8228 -0.0027 0.6361 0.5200 0.5700
1311868236.9796 -2.0003 -1.2986 1.8229 -0.0013 0.6341 0.5220 0.5705
1311868237.0116 -1.9993 -1.2929 1.8224 0.0011 0.6330 0.5240 0.5699
1311868237.0478 -2.0028 -1.2899 1.8212 0.0035 0.6325 0.5245 0.5699
1311868237.0797 -2.0056 -1.2851 1.8209 0.0044 0.6317 0.5243 0.5709
1311868237.1116 -2.0069 -1.2815 1.8205 0.0057 0.6312 0.5243 0.5715
1311868237.1477 -2.0113 -1.2787 1.8189 0.0082 0.6301 0.5245 0.5726
1311868237.1795 -2.0130 -1.2738 1.8177 0.0102 0.6284 0.5248 0.5741
1311868237.2117 -2.0147 -1.2702 1.8153 0.0124 0.6275 0.5241 0.5757
1311868237.2477 -2.0198 -1.2669 1.8128 0.0142 0.6265 0.5230 0.5777
1311868237.2797 -2.0240 -1.2638 1.8097 0.0150 0.6258 0.5218 0.5795
1311868237.3117 -2.0285 -1.2605 1.8065 0.0152 0.6251 0.5207 0.5813
1311868237.3477 -2.0346 -1.2584 1.8026 0.0146 0.6242 0.5194 0.5834
1311868237.3800 -2.0395 -1.2545 1.7988 0.0127 0.6227 0.5187 0.5857
1311868237.4118 -2.0429 -1.2505 1.7946 0.0115 0.6218 0.5186 0.5868
1311868237.4477 -2.0490 -1.2471 1.7891 0.0107 0.6208 0.5183 0.5881
1311868237.4797 -2.0542 -1.2437 1.7839 0.0094 0.6195 0.5174 0.5903
1311868237.5117 -2.0592 -1.2411 1.7797 0.0078 0.6183 0.5160 0.5928
1311868237.5477 -2.0677 -1.2395 1.7740 0.0056 0.6162 0.5139 0.5969
1311868237.5797 -2.0732 -1.2355 1.7692 0.0019 0.6137 0.5118 0.6012
1311868237.6116 -2.0772 -1.2309 1.7631 -0.0017 0.6126 0.5095 0.6043
1311868237.6477 -2.0836 -1.2279 1.7569 -0.0058 0.6128 0.5063 0.6068
1311868237.6796 -2.0913 -1.2257 1.7517 -0.0106 0.6129 0.5030 0.6093
1311868237.7119 -2.0970 -1.2217 1.7479 -0.0139 0.6123 0.5003 0.6120
1311868237.7477 -2.1051 -1.2212 1.7437 -0.0144 0.6105 0.4988 0.6150
1311868237.7796 -2.1118 -1.2191 1.7390 -0.0136 0.6069 0.4989 0.6185
1311868237.8118 -2.1152 -1.2149 1.7351 -0.0125 0.6039 0.4990 0.6213
1311868237.8477 -2.1224 -1.2119 1.7283 -0.0110 0.6015 0.4984 0.6243
1311868237.8797 -2.1283 -1.2091 1.7231 -0.0108 0.5997 0.4982 0.6262
1311868237.9118 -2.1355 -1.2070 1.7178 -0.0109 0.5981 0.4984 0.6275
1311868237.9477 -2.1406 -1.2033 1.7135 -0.0112 0.5962 0.4999 0.6281
1311868237.9796 -2.1458 -1.2003 1.7092 -0.0114 0.5949 0.5008 0.6286
1311868238.0117 -2.1530 -1.1975 1.7047 -0.0114 0.5933 0.5021 0.6291
1311868238.0477 -2.1597 -1.1926 1.7004 -0.0117 0.5910 0.5034 0.6302
1311868238.0798 -2.1641 -1.1888 1.6973 -0.0124 0.5894 0.5045 0.6308
1311868238.1117 -2.1687 -1.1856 1.6943 -0.0129 0.5881 0.5055 0.6312
1311868238.1477 -2.1743 -1.1808 1.6911 -0.0130 0.5866 0.5057 0.6325
1311868238.1798 -2.1768 -1.1798 1.6889 -0.0140 0.5852 0.5056 0.6339
1311868238.2117 -2.1819 -1.1755 1.6847 -0.0140 0.5834 0.5051 0.6359
1311868238.2478 -2.1861 -1.1716 1.6820 -0.0139 0.5819 0.5058 0.6367
1311868238.2797 -2.1861 -1.1686 1.6789 -0.0140 0.5810 0.5072 0.6363
1311868238.3117 -2.1888 -1.1636 1.6748 -0.0138 0.5808 0.5075 0.6363
1311868238.3477 -2.1897 -1.1601 1.6716 -0.0146 0.5816 0.5073 0.6358
1311868238.3796 -2.1924 -1.1577 1.6675 -0.0152 0.5826 0.5064 0.6356
1311868238.4118 -2.1948 -1.1563 1.6648 -0.0161 0.5828 0.5055 0.6360
1311868238.4476 -2.1947 -1.1533 1.6626 -0.0157 0.5829 0.5050 0.6364
1311868238.4796 -2.1977 -1.1519 1.6592 -0.0142 0.5825 0.5055 0.6364
1311868238.5116 -2.1988 -1.1484 1.6555 -0.0123 0.5816 0.5057 0.6371
1311868238.5476 -2.2019 -1.1450 1.6517 -0.0104 0.5802 0.5065 0.6377
1311868238.5797 -2.2025 -1.1421 1.6486 -0.0092 0.5787 0.5080 0.6380
1311868238.6119 -2.2013 -1.1370 1.6454 -0.0093 0.5779 0.5086 0.6382
1311868238.6477 -2.2034 -1.1326 1.6404 -0.0113 0.5783 0.5086 0.6378
1311868238.6798 -2.2041 -1.1268 1.6371 -0.0145 0.5796 0.5080 0.6370
1311868238.7118 -2.2063 -1.1243 1.6322 -0.0179 0.5800 0.5085 0.6362
1311868238.7477 -2.2073 -1.1189 1.6292 -0.0204 0.5801 0.5099 0.6349
1311868238.7797 -2.2064 -1.1116 1.6261 -0.0210 0.5796 0.5121 0.6336
1311868238.8117 -2.2062 -1.1073 1.6223 -0.0212 0.5794 0.5152 0.6313
1311868238.8477 -2.2041 -1.1019 1.6188 -0.0210 0.5790 0.5178 0.6294
1311868238.8797 -2.2063 -1.0971 1.6134 -0.0205 0.5780 0.5194 0.6291
1311868238.9118 -2.2045 -1.0926 1.6116 -0.0203 0.5771 0.5209 0.6286
1311868238.9477 -2.2026 -1.0886 1.6091 -0.0189 0.5766 0.5228 0.6276
1311868238.9797 -2.2045 -1.0853 1.6028 -0.0178 0.5753 0.5245 0.6274
1311868239.0118 -2.2015 -1.0810 1.6016 -0.0185 0.5743 0.5246 0.6282
1311868239.0479 -2.1974 -1.0780 1.5992 -0.0187 0.5745 0.5220 0.6302
1311868239.0798 -2.1964 -1.0760 1.5942 -0.0199 0.5749 0.5178 0.6333
1311868239.1119 -2.1956 -1.0714 1.5903 -0.0225 0.5756 0.5122 0.6371
1311868239.1477 -2.1947 -1.0678 1.5882 -0.0243 0.5770 0.5070 0.6399
1311868239.1800 -2.1962 -1.0637 1.5816 -0.0227 0.5760 0.5053 0.6422
1311868239.2120 -2.1978 -1.0599 1.5781 -0.0201 0.5732 0.5059 0.6443
1311868239.2477 -2.1972 -1.0569 1.5748 -0.0175 0.5695 0.5065 0.6472
1311868239.2796 -2.1965 -1.0528 1.5725 -0.0152 0.5658 0.5071 0.6500
1311868239.3117 -2.1958 -1.0481 1.5691 -0.0127 0.5623 0.5078 0.6525
1311868239.3477 -2.1952 -1.0437 1.5667 -0.0109 0.5593 0.5082 0.6549
1311868239.3797 -2.1936 -1.0396 1.5649 -0.0096 0.5570 0.5081 0.6569
1311868239.4117 -2.1933 -1.0382 1.5637 -0.0084 0.5549 0.5086 0.6582
1311868239.4478 -2.1934 -1.0342 1.5599 -0.0074 0.5520 0.5102 0.6595
1311868239.4798 -2.1926 -1.0308 1.5587 -0.0074 0.5495 0.5119 0.6603
1311868239.5118 -2.1900 -1.0248 1.5577 -0.0074 0.5477 0.5126 0.6612
1311868239.5478 -2.1886 -1.0202 1.5561 -0.0080 0.5468 0.5118 0.6626
1311868239.5798 -2.1879 -1.0178 1.5538 -0.0102 0.5462 0.5088 0.6653
1311868239.6119 -2.1891 -1.0143 1.5523 -0.0123 0.5450 0.5058 0.6685
1311868239.6478 -2.1897 -1.0123 1.5508 -0.0137 0.5432 0.5036 0.6716
1311868239.6798 -2.1917 -1.0087 1.5504 -0.0141 0.5411 0.5030 0.6738
1311868239.7118 -2.1917 -1.0059 1.5485 -0.0139 0.5386 0.5041 0.6749
1311868239.7479 -2.1919 -1.0029 1.5466 -0.0151 0.5359 0.5042 0.6770
1311868239.7798 -2.1924 -0.9978 1.5449 -0.0171 0.5337 0.5024 0.6800
1311868239.8119 -2.1924 -0.9931 1.5432 -0.0186 0.5324 0.5000 0.6828
1311868239.8477 -2.1951 -0.9900 1.5393 -0.0188 0.5306 0.4979 0.6858
1311868239.8798 -2.1970 -0.9890 1.5361 -0.0181 0.5276 0.4974 0.6884
1311868239.9120 -2.1988 -0.9863 1.5327 -0.0159 0.5238 0.4978 0.6911
1311868239.9479 -2.2015 -0.9840 1.5288 -0.0134 0.5201 0.4981 0.6936
1311868239.9799 -2.2047 -0.9815 1.5236 -0.0123 0.5171 0.4973 0.6966
1311868240.0122 -2.2097 -0.9783 1.5169 -0.0135 0.5142 0.4958 0.6997
1311868240.0480 -2.2123 -0.9738 1.5112 -0.0167 0.5122 0.4934 0.7027
1311868240.0799 -2.2150 -0.9689 1.5056 -0.0199 0.5120 0.4915 0.7042
1311868240.1118 -2.2191 -0.9661 1.4990 -0.0221 0.5119 0.4912 0.7044
1311868240.1478 -2.2225 -0.9596 1.4909 -0.0223 0.5107 0.4909 0.7055
1311868240.1800 -2.2270 -0.9576 1.4845 -0.0227 0.5096 0.4902 0.7068
1311868240.2119 -2.2316 -0.9548 1.4778 -0.0231 0.5080 0.4892 0.7086
1311868240.2478 -2.2365 -0.9505 1.4709 -0.0232 0.5069 0.4877 0.7104
1311868240.2798 -2.2443 -0.9474 1.4623 -0.0243 0.5051 0.4861 0.7128
1311868240.3119 -2.2509 -0.9450 1.4562 -0.0282 0.5037 0.4833 0.7155
1311868240.3477 -2.2542 -0.9366 1.4520 -0.0311 0.5036 0.4810 0.7170
1311868240.3798 -2.2591 -0.9329 1.4451 -0.0332 0.5040 0.4799 0.7173
1311868240.4121 -2.2657 -0.9323 1.4388 -0.0364 0.5038 0.4783 0.7184
1311868240.4479 -2.2710 -0.9289 1.4337 -0.0403 0.5024 0.4759 0.7207
1311868240.4800 -2.2751 -0.9248 1.4309 -0.0443 0.5022 0.4732 0.7225
1311868240.5122 -2.2799 -0.9231 1.4270 -0.0475 0.5022 0.4710 0.7237
1311868240.5477 -2.2855 -0.9211 1.4222 -0.0499 0.5006 0.4692 0.7258
1311868240.5797 -2.2891 -0.9178 1.4220 -0.0511 0.4996 0.4680 0.7272
1311868240.6118 -2.2942 -0.9167 1.4185 -0.0510 0.4986 0.4687 0.7274
1311868240.6479 -2.3016 -0.9126 1.4146 -0.0490 0.4966 0.4706 0.7277
1311868240.6798 -2.3050 -0.9088 1.4124 -0.0479 0.4944 0.4729 0.7278
1311868240.7119 -2.3072 -0.9024 1.4112 -0.0462 0.4936 0.4739 0.7277
1311868240.7480 -2.3134 -0.8996 1.4077 -0.0441 0.4938 0.4746 0.7273
1311868240.7799 -2.3167 -0.8974 1.4048 -0.0439 0.4931 0.4749 0.7276
1311868240.8119 -2.3204 -0.8957 1.4029 -0.0439 0.4931 0.4748 0.7277
1311868240.8798 -2.3237 -0.8941 1.3985 -0.0449 0.4950 0.4779 0.7242
1311868240.9120 -2.3268 -0.8987 1.3931 -0.0474 0.4953 0.4805 0.7222
1311868240.9479 -2.3289 -0.9043 1.3885 -0.0519 0.4937 0.4845 0.7203
1311868240.9800 -2.3239 -0.8991 1.3861 -0.0554 0.4908 0.4895 0.7187
1311868241.0120 -2.3177 -0.8941 1.3827 -0.0567 0.4902 0.4912 0.7178
1311868241.0479 -2.3133 -0.8943 1.3767 -0.0585 0.4897 0.4909 0.7181
1311868241.0800 -2.3063 -0.8931 1.3754 -0.0593 0.4905 0.4893 0.7187
1311868241.1118 -2.2993 -0.8945 1.3707 -0.0587 0.4924 0.4874 0.7187
1311868241.1480 -2.2961 -0.8982 1.3647 -0.0575 0.4937 0.4863 0.7186
1311868241.1798 -2.2891 -0.9009 1.3592 -0.0574 0.4948 0.4850 0.7188
1311868241.2119 -2.2861 -0.9083 1.3511 -0.0578 0.4954 0.4845 0.7187
1311868241.2478 -2.2811 -0.9133 1.3449 -0.0608 0.4943 0.4854 0.7186
1311868241.2800 -2.2710 -0.9149 1.3430 -0.0616 0.4950 0.4877 0.7164
1311868241.3118 -2.2647 -0.9200 1.3366 -0.0605 0.4953 0.4913 0.7139
1311868241.3482 -2.2578 -0.9221 1.3313 -0.0588 0.4941 0.4936 0.7132
1311868241.3800 -2.2508 -0.9237 1.3262 -0.0573 0.4936 0.4933 0.7139
1311868241.4119 -2.2442 -0.9285 1.3214 -0.0561 0.4938 0.4933 0.7139
1311868241.4478 -2.2379 -0.9310 1.3176 -0.0548 0.4941 0.4932 0.7139
1311868241.4799 -2.2305 -0.9334 1.3119 -0.0525 0.4939 0.4935 0.7140
1311868241.5122 -2.2228 -0.9331 1.3064 -0.0488 0.4930 0.4943 0.7143
1311868241.5799 -2.2106 -0.9420 1.2937 -0.0448 0.4926 0.4985 0.7120
1311868241.6120 -2.2020 -0.9408 1.2886 -0.0446 0.4920 0.4993 0.7118
1311868241.6480 -2.1968 -0.9436 1.2842 -0.0433 0.4929 0.4990 0.7115
1311868241.6800 -2.1919 -0.9449 1.2781 -0.0417 0.4920 0.4993 0.7120
1311868241.7126 -2.1875 -0.9478 1.2723 -0.0405 0.4909 0.4997 0.7125
1311868241.7480 -2.1819 -0.9452 1.2664 -0.0383 0.4887 0.4988 0.7147
1311868241.7799 -2.1759 -0.9487 1.2615 -0.0382 0.4877 0.4971 0.7167
1311868241.8118 -2.1686 -0.9494 1.2539 -0.0395 0.4862 0.4946 0.7193
1311868241.8480 -2.1609 -0.9504 1.2490 -0.0410 0.4867 0.4906 0.7216
1311868241.8799 -2.1564 -0.9534 1.2411 -0.0432 0.4872 0.4851 0.7248
1311868241.9120 -2.1500 -0.9519 1.2374 -0.0437 0.4880 0.4795 0.7280
1311868241.9478 -2.1480 -0.9540 1.2301 -0.0430 0.4882 0.4748 0.7310
1311868241.9799 -2.1454 -0.9555 1.2220 -0.0426 0.4864 0.4716 0.7343
1311868242.0119 -2.1415 -0.9558 1.2156 -0.0412 0.4841 0.4701 0.7369
1311868242.0479 -2.1399 -0.9587 1.2067 -0.0408 0.4807 0.4687 0.7399
1311868242.0800 -2.1379 -0.9595 1.2003 -0.0417 0.4768 0.4667 0.7437
1311868242.1119 -2.1339 -0.9571 1.1934 -0.0420 0.4735 0.4652 0.7468
1311868242.1479 -2.1315 -0.9579 1.1866 -0.0433 0.4712 0.4632 0.7494
1311868242.1800 -2.1285 -0.9568 1.1797 -0.0453 0.4694 0.4590 0.7529
1311868242.2122 -2.1257 -0.9548 1.1742 -0.0467 0.4689 0.4550 0.7556
1311868242.2479 -2.1264 -0.9563 1.1671 -0.0463 0.4684 0.4520 0.7577
1311868242.2800 -2.1280 -0.9574 1.1609 -0.0469 0.4664 0.4497 0.7603
1311868242.3121 -2.1263 -0.9571 1.1557 -0.0464 0.4639 0.4486 0.7625
1311868242.3479 -2.1267 -0.9582 1.1504 -0.0443 0.4610 0.4485 0.7644
1311868242.3799 -2.1270 -0.9577 1.1453 -0.0418 0.4570 0.4491 0.7666
1311868242.4120 -2.1242 -0.9546 1.1431 -0.0393 0.4540 0.4488 0.7687
1311868242.4479 -2.1219 -0.9536 1.1385 -0.0375 0.4520 0.4467 0.7712
1311868242.4800 -2.1213 -0.9514 1.1353 -0.0379 0.4508 0.4419 0.7746
1311868242.5120 -2.1193 -0.9487 1.1325 -0.0381 0.4507 0.4370 0.7774
1311868242.5801 -2.1220 -0.9488 1.1270 -0.0370 0.4484 0.4354 0.7797
1311868242.6123 -2.1245 -0.9499 1.1230 -0.0341 0.4446 0.4370 0.7812
1311868242.6799 -2.1225 -0.9430 1.1214 -0.0310 0.4357 0.4350 0.7874
1311868242.7123 -2.1169 -0.9357 1.1220 -0.0303 0.4349 0.4321 0.7895
1311868242.7479 -2.1141 -0.9310 1.1202 -0.0286 0.4385 0.4289 0.7893
1311868242.7800 -2.1143 -0.9302 1.1173 -0.0276 0.4435 0.4272 0.7874
1311868242.8480 -2.1181 -0.9302 1.1097 -0.0258 0.4507 0.4278 0.7831
1311868242.8799 -2.1155 -0.9265 1.1080 -0.0261 0.4515 0.4279 0.7825
1311868242.9120 -2.1150 -0.9256 1.1059 -0.0262 0.4536 0.4260 0.7824
1311868242.9481 -2.1158 -0.9213 1.1024 -0.0273 0.4548 0.4246 0.7824
1311868243.0122 -2.1102 -0.9162 1.0974 -0.0242 0.4585 0.4280 0.7784
1311868243.0481 -2.1125 -0.9153 1.0925 -0.0213 0.4587 0.4297 0.7775
1311868243.0800 -2.1117 -0.9121 1.0899 -0.0197 0.4574 0.4326 0.7767
1311868243.1119 -2.1079 -0.9081 1.0882 -0.0178 0.4571 0.4358 0.7751
1311868243.1481 -2.1070 -0.9054 1.0851 -0.0174 0.4573 0.4365 0.7746
1311868243.1801 -2.1043 -0.9029 1.0846 -0.0182 0.4584 0.4345 0.7751
1311868243.2120 -2.1043 -0.9002 1.0811 -0.0181 0.4602 0.4320 0.7754
1311868243.2481 -2.1064 -0.8992 1.0774 -0.0175 0.4613 0.4308 0.7755
1311868243.2800 -2.1064 -0.8983 1.0744 -0.0162 0.4610 0.4310 0.7756
1311868243.3120 -2.1088 -0.8972 1.0690 -0.0143 0.4588 0.4309 0.7769
1311868243.3481 -2.1077 -0.8960 1.0670 -0.0140 0.4562 0.4295 0.7793
1311868243.4119 -2.1056 -0.8882 1.0570 -0.0143 0.4533 0.4226 0.7847
1311868243.4482 -2.1041 -0.8839 1.0530 -0.0163 0.4536 0.4188 0.7866
1311868243.4801 -2.1040 -0.8799 1.0474 -0.0175 0.4547 0.4157 0.7875
1311868243.5481 -2.1085 -0.8767 1.0358 -0.0197 0.4537 0.4106 0.7907
1311868243.5800 -2.1113 -0.8758 1.0311 -0.0199 0.4502 0.4083 0.7939
1311868243.6120 -2.1153 -0.8739 1.0238 -0.0205 0.4441 0.4055 0.7987
1311868243.6481 -2.1183 -0.8686 1.0166 -0.0221 0.4370 0.4033 0.8037
1311868243.6800 -2.1190 -0.8624 1.0098 -0.0240 0.4308 0.4015 0.8078
1311868243.7120 -2.1189 -0.8557 1.0022 -0.0273 0.4261 0.3987 0.8116
1311868243.7479 -2.1191 -0.8478 0.9943 -0.0315 0.4232 0.3949 0.8149
1311868243.7800 -2.1197 -0.8402 0.9865 -0.0353 0.4221 0.3927 0.8163
1311868243.8119 -2.1226 -0.8352 0.9785 -0.0377 0.4216 0.3942 0.8158
1311868243.8482 -2.1238 -0.8306 0.9715 -0.0394 0.4202 0.3965 0.8153
1311868243.8801 -2.1257 -0.8278 0.9646 -0.0407 0.4174 0.3963 0.8167
1311868243.9121 -2.1291 -0.8253 0.9569 -0.0418 0.4132 0.3943 0.8198
1311868243.9482 -2.1315 -0.8224 0.9510 -0.0420 0.4085 0.3925 0.8230
1311868243.9800 -2.1347 -0.8179 0.9446 -0.0418 0.4030 0.3908 0.8265
1311868244.0121 -2.1354 -0.8123 0.9394 -0.0417 0.3979 0.3888 0.8299
1311868244.0481 -2.1363 -0.8060 0.9342 -0.0413 0.3939 0.3870 0.8327
1311868244.0801 -2.1357 -0.7996 0.9304 -0.0392 0.3913 0.3862 0.8344
1311868244.1122 -2.1369 -0.7947 0.9250 -0.0362 0.3896 0.3847 0.8360
1311868244.1481 -2.1404 -0.7893 0.9199 -0.0345 0.3885 0.3818 0.8379
1311868244.2120 -2.1467 -0.7779 0.9101 -0.0317 0.3882 0.3746 0.8414
1311868244.2480 -2.1509 -0.7720 0.9060 -0.0313 0.3861 0.3725 0.8433
1311868244.3122 -2.1656 -0.7634 0.8951 -0.0338 0.3761 0.3672 0.8500
1311868244.3483 -2.1654 -0.7551 0.8948 -0.0368 0.3709 0.3670 0.8523
1311868244.3800 -2.1616 -0.7453 0.8942 -0.0372 0.3694 0.3678 0.8526
1311868244.4121 -2.1667 -0.7396 0.8910 -0.0376 0.3710 0.3680 0.8518
1311868244.4482 -2.1641 -0.7309 0.8894 -0.0390 0.3731 0.3684 0.8506
1311868244.4801 -2.1667 -0.7271 0.8838 -0.0391 0.3764 0.3687 0.8490
1311868244.5123 -2.1704 -0.7235 0.8799 -0.0396 0.3788 0.3684 0.8481
1311868244.5483 -2.1722 -0.7189 0.8752 -0.0401 0.3798 0.3673 0.8481
1311868244.5801 -2.1768 -0.7154 0.8681 -0.0397 0.3799 0.3672 0.8481
1311868244.6123 -2.1777 -0.7094 0.8652 -0.0397 0.3780 0.3681 0.8485
1311868244.6482 -2.1800 -0.7060 0.8608 -0.0390 0.3750 0.3676 0.8501
1311868244.7121 -2.1808 -0.6895 0.8576 -0.0406 0.3696 0.3674 0.8525
1311868244.7483 -2.1756 -0.6812 0.8577 -0.0403 0.3710 0.3705 0.8506
1311868244.7800 -2.1759 -0.6766 0.8551 -0.0400 0.3746 0.3740 0.8475
1311868244.8121 -2.1769 -0.6717 0.8508 -0.0415 0.3770 0.3782 0.8444
1311868244.8481 -2.1723 -0.6638 0.8500 -0.0429 0.3793 0.3815 0.8418
1311868244.8804 -2.1730 -0.6601 0.8460 -0.0440 0.3823 0.3821 0.8402
1311868244.9122 -2.1738 -0.6553 0.8421 -0.0470 0.3839 0.3819 0.8394
1311868244.9481 -2.1710 -0.6491 0.8396 -0.0494 0.3848 0.3811 0.8392
1311868244.9801 -2.1725 -0.6454 0.8367 -0.0520 0.3859 0.3802 0.8389
1311868245.0123 -2.1720 -0.6396 0.8335 -0.0558 0.3851 0.3799 0.8392
1311868245.0483 -2.1681 -0.6324 0.8351 -0.0591 0.3844 0.3789 0.8398
1311868245.0802 -2.1629 -0.6250 0.8357 -0.0602 0.3852 0.3768 0.8403
1311868245.1123 -2.1610 -0.6206 0.8326 -0.0612 0.3870 0.3754 0.8400
1311868245.1482 -2.1553 -0.6134 0.8320 -0.0618 0.3898 0.3755 0.8386
1311868245.1799 -2.1495 -0.6081 0.8301 -0.0612 0.3933 0.3750 0.8372
1311868245.2122 -2.1463 -0.6041 0.8244 -0.0591 0.3943 0.3739 0.8374
1311868245.2483 -2.1464 -0.6036 0.8182 -0.0567 0.3922 0.3742 0.8384
1311868245.2802 -2.1416 -0.5992 0.8160 -0.0543 0.3874 0.3742 0.8408
1311868245.3122 -2.1367 -0.5956 0.8134 -0.0515 0.3834 0.3726 0.8435
1311868245.3482 -2.1291 -0.5887 0.8121 -0.0492 0.3803 0.3711 0.8457
1311868245.3801 -2.1229 -0.5835 0.8092 -0.0466 0.3795 0.3690 0.8471
1311868245.4122 -2.1208 -0.5810 0.8020 -0.0452 0.3783 0.3664 0.8489
1311868245.4482 -2.1171 -0.5750 0.7981 -0.0435 0.3763 0.3654 0.8503
1311868245.4801 -2.1108 -0.5684 0.7952 -0.0398 0.3741 0.3657 0.8513
1311868245.5123 -2.1112 -0.5641 0.7859 -0.0355 0.3705 0.3652 0.8533
1311868245.5482 -2.1079 -0.5560 0.7825 -0.0329 0.3657 0.3638 0.8561
1311868245.5803 -2.1062 -0.5493 0.7791 -0.0305 0.3632 0.3617 0.8581
1311868245.6123 -2.1081 -0.5450 0.7754 -0.0305 0.3632 0.3618 0.8580
1311868245.6482 -2.1053 -0.5373 0.7730 -0.0321 0.3645 0.3644 0.8563
1311868245.6802 -2.1001 -0.5294 0.7679 -0.0337 0.3666 0.3676 0.8540
1311868245.7161 -2.0977 -0.5247 0.7636 -0.0337 0.3689 0.3717 0.8512
1311868245.7482 -2.0964 -0.5178 0.7564 -0.0320 0.3680 0.3769 0.8494
1311868245.7802 -2.0954 -0.5103 0.7501 -0.0296 0.3642 0.3811 0.8493
1311868245.8163 -2.0930 -0.5023 0.7450 -0.0282 0.3590 0.3831 0.8506
1311868245.8482 -2.0939 -0.4962 0.7396 -0.0270 0.3549 0.3855 0.8513
1311868245.8802 -2.0927 -0.4882 0.7344 -0.0276 0.3506 0.3867 0.8525
1311868245.9162 -2.0912 -0.4813 0.7307 -0.0294 0.3484 0.3867 0.8534
1311868245.9482 -2.0886 -0.4737 0.7256 -0.0310 0.3469 0.3856 0.8544
1311868245.9803 -2.0908 -0.4670 0.7156 -0.0338 0.3443 0.3845 0.8558
1311868246.0161 -2.0889 -0.4620 0.7127 -0.0375 0.3428 0.3820 0.8574
1311868246.0482 -2.0905 -0.4575 0.7053 -0.0412 0.3403 0.3783 0.8599
1311868246.0803 -2.0920 -0.4516 0.7007 -0.0444 0.3372 0.3753 0.8622
1311868246.1162 -2.0931 -0.4469 0.6949 -0.0465 0.3340 0.3742 0.8638
1311868246.1482 -2.0947 -0.4422 0.6882 -0.0479 0.3299 0.3741 0.8654
1311868246.1802 -2.0960 -0.4369 0.6827 -0.0501 0.3264 0.3736 0.8669
1311868246.2161 -2.0977 -0.4324 0.6792 -0.0518 0.3257 0.3724 0.8675
1311868246.2481 -2.0986 -0.4286 0.6719 -0.0529 0.3258 0.3734 0.8670
1311868246.2802 -2.1000 -0.4216 0.6636 -0.0535 0.3258 0.3733 0.8669
1311868246.3162 -2.1027 -0.4164 0.6577 -0.0548 0.3269 0.3717 0.8672
1311868246.3481 -2.1057 -0.4140 0.6517 -0.0554 0.3274 0.3708 0.8673
1311868246.3802 -2.1118 -0.4120 0.6435 -0.0563 0.3259 0.3702 0.8681
1311868246.4161 -2.1154 -0.4070 0.6368 -0.0573 0.3233 0.3697 0.8692
1311868246.4483 -2.1203 -0.4018 0.6311 -0.0586 0.3221 0.3697 0.8696
1311868246.4804 -2.1233 -0.3973 0.6242 -0.0603 0.3219 0.3704 0.8692
1311868246.5162 -2.1262 -0.3930 0.6199 -0.0623 0.3223 0.3712 0.8686
1311868246.5484 -2.1293 -0.3895 0.6119 -0.0637 0.3220 0.3717 0.8684
1311868246.5802 -2.1331 -0.3867 0.6074 -0.0662 0.3217 0.3719 0.8682
1311868246.6161 -2.1354 -0.3809 0.6022 -0.0679 0.3221 0.3719 0.8679
1311868246.6483 -2.1413 -0.3776 0.5968 -0.0690 0.3233 0.3731 0.8669
1311868246.6803 -2.1438 -0.3754 0.5915 -0.0716 0.3229 0.3755 0.8658
1311868246.7163 -2.1444 -0.3698 0.5889 -0.0726 0.3234 0.3774 0.8647
1311868246.7489 -2.1483 -0.3665 0.5832 -0.0731 0.3246 0.3786 0.8637
1311868246.7804 -2.1501 -0.3625 0.5783 -0.0744 0.3252 0.3782 0.8635
1311868246.8162 -2.1530 -0.3592 0.5734 -0.0752 0.3265 0.3767 0.8636
1311868246.8484 -2.1570 -0.3567 0.5678 -0.0759 0.3281 0.3763 0.8631
1311868246.8803 -2.1586 -0.3546 0.5638 -0.0763 0.3298 0.3781 0.8616
1311868246.9162 -2.1591 -0.3502 0.5593 -0.0758 0.3310 0.3794 0.8607
1311868246.9482 -2.1602 -0.3477 0.5552 -0.0757 0.3323 0.3794 0.8602
1311868246.9803 -2.1619 -0.3438 0.5514 -0.0756 0.3338 0.3786 0.8599
1311868247.0162 -2.1629 -0.3432 0.5470 -0.0759 0.3358 0.3798 0.8586
1311868247.0484 -2.1619 -0.3400 0.5450 -0.0761 0.3377 0.3813 0.8572
1311868247.0802 -2.1598 -0.3382 0.5413 -0.0763 0.3392 0.3823 0.8561
1311868247.1163 -2.1588 -0.3380 0.5412 -0.0763 0.3413 0.3837 0.8547
1311868247.1484 -2.1560 -0.3386 0.5356 -0.0759 0.3416 0.3858 0.8536
1311868247.1803 -2.1496 -0.3389 0.5345 -0.0762 0.3405 0.3866 0.8537
1311868247.2164 -2.1458 -0.3387 0.5312 -0.0757 0.3393 0.3861 0.8544
1311868247.2482 -2.1417 -0.3381 0.5318 -0.0751 0.3393 0.3856 0.8547
1311868247.2803 -2.1390 -0.3395 0.5286 -0.0743 0.3395 0.3865 0.8543
1311868247.3163 -2.1315 -0.3378 0.5237 -0.0743 0.3380 0.3870 0.8546
1311868247.3483 -2.1254 -0.3366 0.5224 -0.0748 0.3380 0.3858 0.8552
1311868247.3806 -2.1216 -0.3369 0.5213 -0.0753 0.3394 0.3835 0.8556
1311868247.4163 -2.1145 -0.3380 0.5188 -0.0766 0.3397 0.3822 0.8559
1311868247.4483 -2.1073 -0.3392 0.5190 -0.0774 0.3404 0.3813 0.8560
1311868247.4804 -2.1000 -0.3396 0.5180 -0.0778 0.3394 0.3801 0.8569
1311868247.5161 -2.0903 -0.3402 0.5192 -0.0781 0.3389 0.3783 0.8579
1311868247.5485 -2.0830 -0.3425 0.5183 -0.0770 0.3390 0.3782 0.8580
1311868247.5802 -2.0751 -0.3428 0.5195 -0.0757 0.3380 0.3787 0.8582
1311868247.6164 -2.0643 -0.3427 0.5199 -0.0732 0.3369 0.3788 0.8589
1311868247.6482 -2.0555 -0.3440 0.5183 -0.0709 0.3358 0.3792 0.8593
1311868247.6804 -2.0464 -0.3459 0.5172 -0.0690 0.3349 0.3807 0.8592
1311868247.7162 -2.0362 -0.3466 0.5158 -0.0675 0.3336 0.3817 0.8593
1311868247.7483 -2.0251 -0.3460 0.5127 -0.0673 0.3319 0.3806 0.8605
1311868247.7804 -2.0139 -0.3458 0.5122 -0.0676 0.3319 0.3779 0.8617
1311868247.8162 -2.0039 -0.3478 0.5108 -0.0689 0.3329 0.3749 0.8625
1311868247.8484 -1.9945 -0.3483 0.5095 -0.0698 0.3343 0.3720 0.8631
1311868247.8802 -1.9834 -0.3503 0.5103 -0.0707 0.3356 0.3699 0.8634
1311868247.9162 -1.9721 -0.3525 0.5102 -0.0706 0.3363 0.3686 0.8638
1311868247.9482 -1.9624 -0.3549 0.5095 -0.0701 0.3362 0.3685 0.8639
1311868247.9802 -1.9522 -0.3567 0.5099 -0.0693 0.3360 0.3694 0.8636
1311868248.0162 -1.9430 -0.3581 0.5101 -0.0683 0.3357 0.3704 0.8634
1311868248.0482 -1.9331 -0.3585 0.5122 -0.0669 0.3347 0.3706 0.8638
1311868248.0803 -1.9230 -0.3593 0.5119 -0.0646 0.3323 0.3699 0.8652
1311868248.1162 -1.9157 -0.3606 0.5109 -0.0632 0.3291 0.3691 0.8669
1311868248.1483 -1.9072 -0.3612 0.5090 -0.0633 0.3253 0.3686 0.8685
1311868248.1804 -1.8982 -0.3623 0.5125 -0.0631 0.3241 0.3694 0.8687
1311868248.2164 -1.8893 -0.3634 0.5093 -0.0613 0.3220 0.3716 0.8686
1311868248.2483 -1.8804 -0.3620 0.5054 -0.0615 0.3184 0.3724 0.8696
1311868248.2803 -1.8701 -0.3601 0.5079 -0.0624 0.3165 0.3706 0.8710
1311868248.3162 -1.8614 -0.3599 0.5047 -0.0629 0.3157 0.3679 0.8724
1311868248.3483 -1.8533 -0.3585 0.5001 -0.0647 0.3141 0.3659 0.8737
1311868248.3805 -1.8431 -0.3584 0.4998 -0.0675 0.3125 0.3650 0.8744
1311868248.4163 -1.8329 -0.3579 0.5010 -0.0684 0.3110 0.3648 0.8750
1311868248.4484 -1.8233 -0.3570 0.4942 -0.0686 0.3073 0.3646 0.8763
1311868248.4804 -1.8140 -0.3550 0.4957 -0.0703 0.3036 0.3640 0.8777
1311868248.5163 -1.8049 -0.3542 0.4964 -0.0701 0.3006 0.3623 0.8795
1311868248.5483 -1.7947 -0.3531 0.4942 -0.0705 0.2967 0.3601 0.8817
1311868248.5803 -1.7840 -0.3519 0.4938 -0.0704 0.2938 0.3574 0.8838
1311868248.6164 -1.7744 -0.3504 0.4871 -0.0712 0.2905 0.3532 0.8864
1311868248.6485 -1.7657 -0.3505 0.4878 -0.0749 0.2900 0.3477 0.8885
1311868248.6804 -1.7551 -0.3506 0.4860 -0.0777 0.2918 0.3418 0.8899
1311868248.7165 -1.7445 -0.3494 0.4736 -0.0808 0.2903 0.3363 0.8922
1311868248.7485 -1.7347 -0.3483 0.4701 -0.0857 0.2874 0.3319 0.8944
1311868248.7803 -1.7234 -0.3492 0.4667 -0.0876 0.2833 0.3301 0.8961
1311868248.8165 -1.7159 -0.3483 0.4610 -0.0885 0.2771 0.3299 0.8981
1311868248.8483 -1.7045 -0.3492 0.4579 -0.0904 0.2701 0.3312 0.8996
1311868248.8804 -1.6922 -0.3501 0.4558 -0.0912 0.2650 0.3335 0.9001
1311868248.9165 -1.6844 -0.3516 0.4549 -0.0921 0.2643 0.3347 0.8998
1311868248.9483 -1.6730 -0.3517 0.4529 -0.0932 0.2666 0.3355 0.8987
1311868248.9804 -1.6618 -0.3503 0.4466 -0.0939 0.2698 0.3351 0.8978
1311868249.0165 -1.6542 -0.3507 0.4462 -0.0957 0.2745 0.3335 0.8968
1311868249.0483 -1.6449 -0.3512 0.4435 -0.0962 0.2786 0.3321 0.8960
1311868249.0807 -1.6380 -0.3515 0.4369 -0.0976 0.2798 0.3316 0.8956
1311868249.1163 -1.6291 -0.3502 0.4366 -0.0997 0.2805 0.3319 0.8951
1311868249.1485 -1.6221 -0.3501 0.4361 -0.1011 0.2812 0.3320 0.8947
1311868249.1805 -1.6133 -0.3474 0.4321 -0.1027 0.2802 0.3310 0.8952
1311868249.2164 -1.6061 -0.3473 0.4351 -0.1039 0.2818 0.3306 0.8947
1311868249.2482 -1.5983 -0.3467 0.4338 -0.1027 0.2834 0.3311 0.8941
1311868249.2807 -1.5907 -0.3469 0.4322 -0.1024 0.2833 0.3312 0.8942
1311868249.3166 -1.5838 -0.3469 0.4324 -0.1016 0.2832 0.3303 0.8946
1311868249.3484 -1.5773 -0.3486 0.4333 -0.0999 0.2839 0.3295 0.8949
1311868249.3806 -1.5721 -0.3508 0.4342 -0.0985 0.2846 0.3293 0.8949
1311868249.4165 -1.5655 -0.3537 0.4351 -0.0975 0.2849 0.3292 0.8950
1311868249.4483 -1.5586 -0.3565 0.4372 -0.0961 0.2854 0.3295 0.8949
1311868249.4804 -1.5512 -0.3586 0.4373 -0.0945 0.2860 0.3293 0.8949
1311868249.5163 -1.5456 -0.3616 0.4391 -0.0938 0.2884 0.3278 0.8947
1311868249.5483 -1.5381 -0.3638 0.4403 -0.0924 0.2916 0.3254 0.8948
1311868249.5803 -1.5308 -0.3673 0.4409 -0.0910 0.2940 0.3230 0.8950
1311868249.6163 -1.5233 -0.3711 0.4405 -0.0897 0.2950 0.3229 0.8948
1311868249.6484 -1.5173 -0.3733 0.4415 -0.0883 0.2950 0.3240 0.8946
1311868249.6807 -1.5108 -0.3750 0.4438 -0.0883 0.2937 0.3237 0.8951
1311868249.7163 -1.5036 -0.3772 0.4473 -0.0891 0.2921 0.3237 0.8955
1311868249.7483 -1.4963 -0.3804 0.4510 -0.0904 0.2912 0.3252 0.8952
1311868249.7807 -1.4886 -0.3838 0.4545 -0.0899 0.2915 0.3260 0.8948
1311868249.8166 -1.4805 -0.3863 0.4584 -0.0899 0.2925 0.3252 0.8948
1311868249.8483 -1.4731 -0.3901 0.4619 -0.0893 0.2944 0.3242 0.8946
1311868249.8805 -1.4665 -0.3947 0.4656 -0.0881 0.2971 0.3245 0.8937
1311868249.9166 -1.4599 -0.3971 0.4681 -0.0863 0.2991 0.3249 0.8930
1311868249.9483 -1.4523 -0.4009 0.4721 -0.0847 0.3012 0.3255 0.8923
1311868249.9803 -1.4445 -0.4052 0.4748 -0.0826 0.3031 0.3249 0.8920
1311868250.0164 -1.4383 -0.4101 0.4780 -0.0810 0.3054 0.3238 0.8918
1311868250.0486 -1.4318 -0.4142 0.4813 -0.0799 0.3077 0.3227 0.8915
1311868250.0805 -1.4258 -0.4193 0.4847 -0.0790 0.3096 0.3218 0.8913
1311868250.1165 -1.4192 -0.4242 0.4892 -0.0781 0.3115 0.3193 0.8916
1311868250.1486 -1.4146 -0.4284 0.4933 -0.0770 0.3131 0.3174 0.8918
1311868250.1805 -1.4086 -0.4321 0.4987 -0.0756 0.3128 0.3180 0.8918
1311868250.2164 -1.4032 -0.4359 0.5023 -0.0736 0.3110 0.3191 0.8922
1311868250.2486 -1.3968 -0.4399 0.5072 -0.0723 0.3089 0.3196 0.8929
1311868250.2804 -1.3900 -0.4434 0.5094 -0.0703 0.3077 0.3195 0.8935
1311868250.3165 -1.3851 -0.4468 0.5125 -0.0675 0.3074 0.3207 0.8934
1311868250.3490 -1.3798 -0.4495 0.5151 -0.0652 0.3069 0.3214 0.8935
1311868250.3806 -1.3740 -0.4531 0.5172 -0.0640 0.3070 0.3198 0.8941
1311868250.4164 -1.3703 -0.4563 0.5194 -0.0625 0.3081 0.3175 0.8946
1311868250.4483 -1.3664 -0.4599 0.5218 -0.0612 0.3087 0.3168 0.8948
1311868250.4804 -1.3614 -0.4643 0.5241 -0.0602 0.3086 0.3155 0.8953
1311868250.5164 -1.3575 -0.4672 0.5276 -0.0597 0.3084 0.3127 0.8964
1311868250.5487 -1.3546 -0.4702 0.5314 -0.0582 0.3059 0.3134 0.8971
1311868250.5804 -1.3502 -0.4743 0.5342 -0.0565 0.3018 0.3168 0.8974
1311868250.6164 -1.3444 -0.4795 0.5350 -0.0554 0.2986 0.3195 0.8976
1311868250.6488 -1.3388 -0.4831 0.5350 -0.0542 0.2974 0.3186 0.8984
1311868250.6805 -1.3334 -0.4869 0.5349 -0.0534 0.2985 0.3168 0.8987
1311868250.7165 -1.3310 -0.4897 0.5369 -0.0512 0.3011 0.3166 0.8980
1311868250.7484 -1.3292 -0.4937 0.5377 -0.0493 0.3023 0.3157 0.8981
1311868250.7806 -1.3275 -0.4963 0.5387 -0.0478 0.3022 0.3134 0.8990
1311868250.8164 -1.3243 -0.4997 0.5405 -0.0461 0.3018 0.3113 0.8999
1311868250.8484 -1.3226 -0.5027 0.5408 -0.0432 0.3022 0.3101 0.9004
1311868250.8805 -1.3217 -0.5034 0.5402 -0.0413 0.3025 0.3089 0.9008
1311868250.9164 -1.3185 -0.5062 0.5408 -0.0413 0.3034 0.3072 0.9010
1311868250.9487 -1.3152 -0.5101 0.5403 -0.0397 0.3056 0.3040 0.9014
1311868250.9805 -1.3197 -0.5106 0.5411 -0.0358 0.3081 0.3000 0.9021
1311868251.0164 -1.3222 -0.5108 0.5420 -0.0344 0.3071 0.2967 0.9036
1311868251.0486 -1.3239 -0.5100 0.5418 -0.0335 0.3043 0.2942 0.9054
1311868251.0805 -1.3243 -0.5082 0.5415 -0.0336 0.3008 0.2933 0.9068
1311868251.1165 -1.3224 -0.5075 0.5407 -0.0342 0.2985 0.2939 0.9074
1311868251.1484 -1.3216 -0.5052 0.5385 -0.0340 0.2981 0.2951 0.9071
1311868251.1806 -1.3200 -0.5038 0.5375 -0.0351 0.2992 0.2954 0.9066
1311868251.2164 -1.3200 -0.5023 0.5356 -0.0365 0.3012 0.2939 0.9064
1311868251.2484 -1.3215 -0.4985 0.5344 -0.0379 0.3031 0.2919 0.9064
1311868251.2804 -1.3219 -0.4966 0.5340 -0.0402 0.3040 0.2896 0.9067
1311868251.3169 -1.3224 -0.4932 0.5326 -0.0414 0.3042 0.2875 0.9073
1311868251.3485 -1.3233 -0.4888 0.5299 -0.0424 0.3042 0.2874 0.9072
1311868251.3808 -1.3228 -0.4843 0.5285 -0.0430 0.3045 0.2889 0.9066
1311868251.4169 -1.3228 -0.4809 0.5265 -0.0436 0.3046 0.2896 0.9063
1311868251.4488 -1.3231 -0.4786 0.5242 -0.0440 0.3044 0.2891 0.9066
1311868251.4806 -1.3242 -0.4730 0.5203 -0.0444 0.3038 0.2889 0.9068
1311868251.5165 -1.3246 -0.4688 0.5163 -0.0451 0.3029 0.2906 0.9065
1311868251.5487 -1.3232 -0.4639 0.5135 -0.0463 0.3018 0.2919 0.9064
1311868251.5808 -1.3225 -0.4624 0.5089 -0.0467 0.3018 0.2935 0.9059
1311868251.6166 -1.3231 -0.4576 0.5036 -0.0453 0.3018 0.2953 0.9053
1311868251.6490 -1.3230 -0.4537 0.4987 -0.0438 0.3015 0.2954 0.9055
1311868251.6811 -1.3248 -0.4490 0.4921 -0.0429 0.3007 0.2942 0.9062
1311868251.7165 -1.3242 -0.4452 0.4859 -0.0443 0.2997 0.2915 0.9073
1311868251.7487 -1.3228 -0.4397 0.4789 -0.0451 0.2991 0.2878 0.9087
1311868251.7806 -1.3221 -0.4338 0.4717 -0.0459 0.3001 0.2853 0.9091
1311868251.8167 -1.3233 -0.4286 0.4658 -0.0468 0.3015 0.2853 0.9086
1311868251.8487 -1.3226 -0.4255 0.4608 -0.0482 0.3013 0.2860 0.9084
1311868251.8812 -1.3217 -0.4189 0.4534 -0.0484 0.2997 0.2868 0.9086
1311868251.9166 -1.3185 -0.4134 0.4469 -0.0498 0.2980 0.2861 0.9093
1311868251.9488 -1.3175 -0.4086 0.4395 -0.0506 0.2971 0.2849 0.9099
1311868251.9805 -1.3133 -0.4036 0.4328 -0.0514 0.2961 0.2837 0.9106
1311868252.0166 -1.3107 -0.3996 0.4247 -0.0501 0.2967 0.2822 0.9110
1311868252.0487 -1.3110 -0.3940 0.4156 -0.0493 0.2972 0.2805 0.9114
1311868252.0811 -1.3094 -0.3891 0.4077 -0.0498 0.2968 0.2784 0.9121
1311868252.1167 -1.3083 -0.3847 0.3994 -0.0497 0.2957 0.2770 0.9129
1311868252.1487 -1.3069 -0.3780 0.3909 -0.0492 0.2937 0.2746 0.9143
1311868252.1806 -1.3044 -0.3721 0.3810 -0.0500 0.2917 0.2714 0.9158
1311868252.2167 -1.3014 -0.3676 0.3722 -0.0509 0.2912 0.2678 0.9170
1311868252.2491 -1.3020 -0.3626 0.3631 -0.0513 0.2917 0.2637 0.9180
1311868252.2807 -1.3003 -0.3573 0.3553 -0.0529 0.2918 0.2582 0.9195
1311868252.3166 -1.3009 -0.3515 0.3461 -0.0537 0.2924 0.2528 0.9207
1311868252.3486 -1.3006 -0.3449 0.3377 -0.0557 0.2924 0.2488 0.9217
1311868252.3807 -1.3012 -0.3385 0.3294 -0.0570 0.2921 0.2463 0.9224
1311868252.4167 -1.3002 -0.3304 0.3213 -0.0583 0.2901 0.2454 0.9232
1311868252.4488 -1.3007 -0.3237 0.3154 -0.0594 0.2878 0.2459 0.9237
1311868252.4806 -1.2988 -0.3154 0.3074 -0.0605 0.2838 0.2478 0.9243
1311868252.5166 -1.2972 -0.3095 0.3006 -0.0614 0.2808 0.2502 0.9245
1311868252.5500 -1.2963 -0.3025 0.2935 -0.0614 0.2780 0.2517 0.9250
1311868252.5807 -1.2948 -0.2940 0.2854 -0.0624 0.2753 0.2522 0.9256
1311868252.6166 -1.2936 -0.2861 0.2778 -0.0636 0.2742 0.2537 0.9254
1311868252.6491 -1.2924 -0.2771 0.2701 -0.0648 0.2736 0.2547 0.9253
1311868252.6807 -1.2908 -0.2697 0.2630 -0.0669 0.2736 0.2545 0.9251
1311868252.7166 -1.2892 -0.2640 0.2575 -0.0691 0.2740 0.2544 0.9249
1311868252.7487 -1.2894 -0.2593 0.2532 -0.0706 0.2746 0.2561 0.9241
1311868252.7807 -1.2866 -0.2514 0.2463 -0.0718 0.2731 0.2579 0.9240
1311868252.8167 -1.2854 -0.2453 0.2417 -0.0734 0.2723 0.2592 0.9237
1311868252.8487 -1.2838 -0.2408 0.2370 -0.0751 0.2717 0.2601 0.9235
1311868252.8807 -1.2807 -0.2336 0.2321 -0.0756 0.2713 0.2616 0.9232
1311868252.9166 -1.2789 -0.2283 0.2266 -0.0762 0.2713 0.2637 0.9225
1311868252.9487 -1.2758 -0.2230 0.2223 -0.0772 0.2704 0.2637 0.9227
1311868252.9807 -1.2724 -0.2177 0.2182 -0.0773 0.2703 0.2647 0.9224
1311868253.0167 -1.2693 -0.2110 0.2134 -0.0766 0.2698 0.2659 0.9223
1311868253.0488 -1.2644 -0.2058 0.2093 -0.0772 0.2686 0.2664 0.9225
1311868253.0808 -1.2616 -0.2036 0.2064 -0.0771 0.2695 0.2678 0.9218
1311868253.1167 -1.2579 -0.1985 0.2024 -0.0761 0.2700 0.2698 0.9211
1311868253.1488 -1.2553 -0.1931 0.1989 -0.0764 0.2706 0.2719 0.9203
1311868253.1819 -1.2514 -0.1885 0.1960 -0.0778 0.2713 0.2742 0.9193
1311868253.2166 -1.2467 -0.1840 0.1934 -0.0791 0.2720 0.2752 0.9187
1311868253.2487 -1.2429 -0.1800 0.1896 -0.0814 0.2725 0.2737 0.9188
1311868253.2807 -1.2378 -0.1747 0.1867 -0.0837 0.2740 0.2714 0.9188
1311868253.3167 -1.2331 -0.1697 0.1837 -0.0854 0.2762 0.2713 0.9181
1311868253.3488 -1.2255 -0.1654 0.1809 -0.0865 0.2771 0.2724 0.9174
1311868253.3811 -1.2200 -0.1610 0.1780 -0.0869 0.2776 0.2723 0.9172
1311868253.4168 -1.2148 -0.1583 0.1756 -0.0882 0.2781 0.2724 0.9169
1311868253.4487 -1.2081 -0.1540 0.1717 -0.0885 0.2787 0.2734 0.9164
1311868253.4809 -1.2010 -0.1491 0.1685 -0.0895 0.2783 0.2750 0.9159
1311868253.5167 -1.1927 -0.1460 0.1669 -0.0912 0.2780 0.2753 0.9158
1311868253.5485 -1.1854 -0.1418 0.1655 -0.0914 0.2777 0.2748 0.9160
1311868253.5815 -1.1772 -0.1381 0.1642 -0.0912 0.2768 0.2740 0.9165
1311868253.6167 -1.1717 -0.1358 0.1643 -0.0900 0.2770 0.2724 0.9170
1311868253.6487 -1.1644 -0.1317 0.1648 -0.0867 0.2770 0.2723 0.9174
1311868253.6806 -1.1573 -0.1275 0.1606 -0.0823 0.2751 0.2724 0.9184
1311868253.7168 -1.1522 -0.1234 0.1549 -0.0795 0.2717 0.2727 0.9195
1311868253.7488 -1.1459 -0.1190 0.1525 -0.0789 0.2692 0.2732 0.9201
1311868253.7808 -1.1417 -0.1151 0.1496 -0.0779 0.2689 0.2748 0.9198
1311868253.8167 -1.1360 -0.1103 0.1472 -0.0779 0.2687 0.2763 0.9195
1311868253.8487 -1.1304 -0.1062 0.1453 -0.0776 0.2687 0.2769 0.9193
1311868253.8810 -1.1251 -0.1011 0.1421 -0.0773 0.2676 0.2770 0.9196
1311868253.9169 -1.1208 -0.0977 0.1402 -0.0780 0.2663 0.2777 0.9197
1311868253.9488 -1.1151 -0.0925 0.1375 -0.0780 0.2650 0.2788 0.9197
1311868253.9807 -1.1097 -0.0893 0.1347 -0.0787 0.2640 0.2787 0.9200
1311868254.0167 -1.1051 -0.0851 0.1315 -0.0793 0.2631 0.2761 0.9210
1311868254.0492 -1.0989 -0.0805 0.1295 -0.0796 0.2626 0.2729 0.9221
1311868254.0808 -1.0943 -0.0756 0.1260 -0.0792 0.2622 0.2702 0.9230
1311868254.1168 -1.0895 -0.0704 0.1229 -0.0790 0.2612 0.2678 0.9240
1311868254.1486 -1.0845 -0.0649 0.1197 -0.0787 0.2591 0.2654 0.9253
1311868254.1808 -1.0808 -0.0595 0.1158 -0.0787 0.2559 0.2637 0.9267
1311868254.2167 -1.0749 -0.0537 0.1129 -0.0788 0.2519 0.2626 0.9281
1311868254.2489 -1.0706 -0.0485 0.1081 -0.0783 0.2472 0.2628 0.9294
1311868254.2812 -1.0650 -0.0428 0.1037 -0.0788 0.2417 0.2623 0.9309
1311868254.3167 -1.0576 -0.0373 0.0985 -0.0795 0.2363 0.2612 0.9325
1311868254.3488 -1.0523 -0.0323 0.0919 -0.0802 0.2321 0.2605 0.9337
1311868254.3809 -1.0486 -0.0278 0.0865 -0.0820 0.2288 0.2586 0.9349
1311868254.4169 -1.0422 -0.0221 0.0807 -0.0839 0.2249 0.2547 0.9367
1311868254.4489 -1.0357 -0.0166 0.0746 -0.0858 0.2213 0.2502 0.9387
1311868254.4812 -1.0377 -0.0139 0.0695 -0.0876 0.2199 0.2457 0.9400
1311868254.5167 -1.0299 -0.0058 0.0634 -0.0887 0.2142 0.2420 0.9422
1311868254.5489 -1.0385 -0.0065 0.0593 -0.0912 0.2134 0.2405 0.9425
1311868254.5809 -1.0356 -0.0015 0.0536 -0.0938 0.2084 0.2384 0.9439
1311868254.6168 -1.0334 0.0027 0.0474 -0.0965 0.2049 0.2361 0.9450
1311868254.6487 -1.0285 0.0083 0.0424 -0.0992 0.2020 0.2339 0.9459
1311868254.6809 -1.0243 0.0138 0.0357 -0.1010 0.2004 0.2319 0.9465
1311868254.7168 -1.0212 0.0198 0.0288 -0.1025 0.1983 0.2313 0.9469
1311868254.7488 -1.0168 0.0268 0.0236 -0.1039 0.1952 0.2314 0.9474
1311868254.7849 -1.0136 0.0326 0.0175 -0.1052 0.1918 0.2317 0.9479
1311868254.8169 -1.0064 0.0397 0.0131 -0.1066 0.1877 0.2307 0.9488
1311868254.8489 -1.0009 0.0453 0.0067 -0.1075 0.1853 0.2298 0.9494
1311868254.8852 -0.9990 0.0508 0.0015 -0.1086 0.1847 0.2300 0.9493
1311868254.9170 -0.9947 0.0553 -0.0023 -0.1099 0.1836 0.2313 0.9491
1311868254.9490 -0.9926 0.0596 -0.0095 -0.1107 0.1820 0.2323 0.9490
1311868254.9848 -0.9894 0.0648 -0.0135 -0.1114 0.1800 0.2326 0.9493
1311868255.0169 -0.9872 0.0702 -0.0184 -0.1116 0.1784 0.2326 0.9495
1311868255.0493 -0.9846 0.0754 -0.0237 -0.1120 0.1768 0.2323 0.9499
1311868255.0850 -0.9823 0.0798 -0.0280 -0.1118 0.1757 0.2321 0.9501
1311868255.1167 -0.9788 0.0850 -0.0341 -0.1107 0.1740 0.2318 0.9506
1311868255.1488 -0.9776 0.0893 -0.0408 -0.1105 0.1720 0.2315 0.9511
1311868255.1851 -0.9749 0.0936 -0.0440 -0.1107 0.1700 0.2312 0.9515
1311868255.2169 -0.9709 0.0993 -0.0480 -0.1100 0.1685 0.2302 0.9521
1311868255.2487 -0.9679 0.1036 -0.0528 -0.1097 0.1674 0.2294 0.9525
1311868255.2850 -0.9662 0.1050 -0.0561 -0.1102 0.1668 0.2296 0.9525
1311868255.3170 -0.9650 0.1077 -0.0609 -0.1102 0.1660 0.2299 0.9526
1311868255.3490 -0.9610 0.1140 -0.0631 -0.1098 0.1647 0.2294 0.9530
1311868255.3848 -0.9588 0.1169 -0.0660 -0.1094 0.1648 0.2293 0.9530
1311868255.4175 -0.9544 0.1210 -0.0682 -0.1086 0.1647 0.2298 0.9530
1311868255.4490 -0.9523 0.1220 -0.0696 -0.1076 0.1652 0.2300 0.9530
1311868255.4848 -0.9477 0.1245 -0.0700 -0.1063 0.1644 0.2295 0.9534
1311868255.5171 -0.9457 0.1254 -0.0728 -0.1047 0.1638 0.2301 0.9536
1311868255.5489 -0.9444 0.1256 -0.0750 -0.1039 0.1634 0.2311 0.9535
1311868255.5858 -0.9415 0.1265 -0.0771 -0.1045 0.1629 0.2325 0.9531
1311868255.6169 -0.9357 0.1290 -0.0775 -0.1048 0.1629 0.2338 0.9528
1311868255.6493 -0.9313 0.1305 -0.0809 -0.1057 0.1638 0.2342 0.9525
1311868255.6849 -0.9258 0.1336 -0.0822 -0.1068 0.1641 0.2330 0.9526
1311868255.7169 -0.9196 0.1347 -0.0830 -0.1078 0.1641 0.2311 0.9529
1311868255.7488 -0.9167 0.1357 -0.0855 -0.1082 0.1644 0.2297 0.9531
1311868255.7850 -0.9082 0.1402 -0.0869 -0.1086 0.1630 0.2282 0.9537
1311868255.8175 -0.9008 0.1436 -0.0894 -0.1094 0.1622 0.2279 0.9538
1311868255.8488 -0.8915 0.1468 -0.0895 -0.1100 0.1614 0.2281 0.9538
1311868255.8850 -0.8836 0.1488 -0.0896 -0.1100 0.1619 0.2278 0.9538
1311868255.9169 -0.8773 0.1478 -0.0913 -0.1104 0.1624 0.2291 0.9534
1311868255.9489 -0.8679 0.1498 -0.0918 -0.1101 0.1612 0.2303 0.9533
1311868255.9848 -0.8609 0.1518 -0.0941 -0.1100 0.1599 0.2304 0.9535
1311868256.0175 -0.8525 0.1543 -0.0950 -0.1102 0.1583 0.2294 0.9540
1311868256.0489 -0.8465 0.1550 -0.0964 -0.1105 0.1577 0.2281 0.9544
1311868256.0848 -0.8378 0.1557 -0.0965 -0.1115 0.1566 0.2256 0.9551
1311868256.1173 -0.8281 0.1570 -0.0968 -0.1114 0.1564 0.2219 0.9560
1311868256.1497 -0.8202 0.1577 -0.0985 -0.1105 0.1568 0.2192 0.9566
1311868256.1848 -0.8116 0.1573 -0.1017 -0.1098 0.1562 0.2174 0.9572
1311868256.2169 -0.8031 0.1572 -0.1052 -0.1103 0.1548 0.2166 0.9576
1311868256.2489 -0.7935 0.1577 -0.1066 -0.1116 0.1535 0.2154 0.9579
1311868256.2848 -0.7839 0.1589 -0.1059 -0.1123 0.1534 0.2127 0.9585
1311868256.3168 -0.7741 0.1594 -0.1060 -0.1116 0.1541 0.2099 0.9590
1311868256.3489 -0.7632 0.1597 -0.1066 -0.1099 0.1545 0.2071 0.9598
1311868256.3855 -0.7549 0.1600 -0.1080 -0.1079 0.1547 0.2041 0.9606
1311868256.4177 -0.7451 0.1600 -0.1083 -0.1056 0.1546 0.2026 0.9612
1311868256.4489 -0.7364 0.1594 -0.1105 -0.1034 0.1538 0.2037 0.9613
1311868256.4849 -0.7267 0.1595 -0.1124 -0.1016 0.1516 0.2044 0.9617
1311868256.5172 -0.7190 0.1606 -0.1124 -0.0988 0.1503 0.2049 0.9621
1311868256.5488 -0.7135 0.1605 -0.1153 -0.0963 0.1495 0.2059 0.9623
1311868256.5849 -0.7047 0.1623 -0.1164 -0.0939 0.1486 0.2060 0.9626
1311868256.6169 -0.6965 0.1622 -0.1169 -0.0917 0.1492 0.2058 0.9628
1311868256.6491 -0.6892 0.1625 -0.1182 -0.0893 0.1505 0.2062 0.9627
1311868256.6849 -0.6828 0.1627 -0.1215 -0.0878 0.1512 0.2071 0.9626
1311868256.7171 -0.6749 0.1643 -0.1211 -0.0867 0.1506 0.2062 0.9630
1311868256.7491 -0.6668 0.1634 -0.1220 -0.0859 0.1495 0.2051 0.9634
1311868256.7852 -0.6589 0.1649 -0.1232 -0.0843 0.1476 0.2034 0.9642
1311868256.8168 -0.6522 0.1645 -0.1236 -0.0835 0.1448 0.2010 0.9652
1311868256.8489 -0.6460 0.1653 -0.1249 -0.0826 0.1411 0.1973 0.9666
1311868256.8850 -0.6393 0.1645 -0.1263 -0.0823 0.1378 0.1940 0.9678
1311868256.9169 -0.6306 0.1646 -0.1279 -0.0823 0.1349 0.1914 0.9687
1311868256.9492 -0.6219 0.1642 -0.1290 -0.0824 0.1334 0.1881 0.9696
1311868256.9849 -0.6123 0.1640 -0.1289 -0.0826 0.1319 0.1856 0.9702
1311868257.0171 -0.6040 0.1631 -0.1284 -0.0815 0.1302 0.1842 0.9708
1311868257.0492 -0.5980 0.1628 -0.1305 -0.0803 0.1270 0.1813 0.9719
1311868257.0852 -0.5912 0.1623 -0.1300 -0.0798 0.1231 0.1767 0.9733
1311868257.1170 -0.5837 0.1610 -0.1323 -0.0789 0.1197 0.1721 0.9746
1311868257.1492 -0.5767 0.1598 -0.1352 -0.0787 0.1169 0.1683 0.9756
1311868257.1850 -0.5682 0.1586 -0.1374 -0.0788 0.1146 0.1654 0.9764
1311868257.2168 -0.5618 0.1574 -0.1417 -0.0795 0.1125 0.1635 0.9769
1311868257.2489 -0.5537 0.1566 -0.1458 -0.0821 0.1097 0.1608 0.9774
1311868257.2849 -0.5446 0.1557 -0.1479 -0.0853 0.1072 0.1570 0.9781
1311868257.3170 -0.5348 0.1533 -0.1513 -0.0882 0.1054 0.1531 0.9786
1311868257.3490 -0.5273 0.1529 -0.1543 -0.0912 0.1036 0.1503 0.9790
1311868257.3849 -0.5169 0.1515 -0.1539 -0.0941 0.0999 0.1476 0.9795
1311868257.4168 -0.5081 0.1495 -0.1535 -0.0943 0.0958 0.1457 0.9802
1311868257.4491 -0.4980 0.1468 -0.1573 -0.0943 0.0906 0.1436 0.9809
1311868257.4850 -0.4890 0.1449 -0.1591 -0.0940 0.0875 0.1411 0.9816
1311868257.5168 -0.4807 0.1424 -0.1607 -0.0927 0.0855 0.1389 0.9822
1311868257.5495 -0.4734 0.1409 -0.1645 -0.0914 0.0831 0.1355 0.9830
1311868257.5853 -0.4660 0.1398 -0.1655 -0.0900 0.0813 0.1297 0.9841
1311868257.6180 -0.4594 0.1378 -0.1682 -0.0885 0.0793 0.1254 0.9850
1311868257.6491 -0.4530 0.1360 -0.1700 -0.0872 0.0761 0.1228 0.9857
1311868257.6849 -0.4465 0.1335 -0.1742 -0.0865 0.0722 0.1214 0.9862
1311868257.7180 -0.4391 0.1319 -0.1761 -0.0870 0.0681 0.1210 0.9865
1311868257.7496 -0.4311 0.1291 -0.1747 -0.0867 0.0655 0.1189 0.9869
1311868257.7855 -0.4254 0.1255 -0.1783 -0.0858 0.0646 0.1152 0.9875
1311868257.8169 -0.4194 0.1236 -0.1781 -0.0856 0.0645 0.1090 0.9882
1311868257.8492 -0.4139 0.1190 -0.1782 -0.0845 0.0660 0.1044 0.9887
1311868257.8853 -0.4088 0.1143 -0.1808 -0.0838 0.0666 0.1015 0.9891
1311868257.9170 -0.4052 0.1106 -0.1820 -0.0845 0.0653 0.0984 0.9894
1311868257.9490 -0.4020 0.1050 -0.1811 -0.0858 0.0624 0.0955 0.9898
1311868257.9852 -0.3995 0.1011 -0.1840 -0.0884 0.0575 0.0951 0.9899
1311868258.0168 -0.3951 0.0964 -0.1793 -0.0927 0.0508 0.0954 0.9898
1311868258.0489 -0.3913 0.0923 -0.1723 -0.0944 0.0433 0.0954 0.9900
1311868258.0862 -0.3870 0.0872 -0.1696 -0.0946 0.0351 0.0941 0.9904
1311868258.1176 -0.3813 0.0826 -0.1689 -0.0957 0.0270 0.0920 0.9908
1311868258.1493 -0.3749 0.0777 -0.1657 -0.0981 0.0204 0.0904 0.9909
1311868258.1851 -0.3666 0.0721 -0.1629 -0.1004 0.0162 0.0889 0.9908
1311868258.2169 -0.3586 0.0668 -0.1580 -0.1022 0.0158 0.0873 0.9908
1311868258.2518 -0.3511 0.0604 -0.1561 -0.1034 0.0181 0.0850 0.9908
1311868258.2852 -0.3435 0.0541 -0.1541 -0.1052 0.0213 0.0829 0.9908
1311868258.3172 -0.3377 0.0472 -0.1512 -0.1086 0.0235 0.0822 0.9904
1311868258.3491 -0.3331 0.0401 -0.1429 -0.1112 0.0237 0.0823 0.9901
1311868258.3850 -0.3280 0.0333 -0.1391 -0.1116 0.0226 0.0817 0.9901
1311868258.4170 -0.3217 0.0260 -0.1346 -0.1125 0.0212 0.0782 0.9903
1311868258.4491 -0.3142 0.0177 -0.1295 -0.1123 0.0215 0.0737 0.9907
1311868258.4849 -0.3092 0.0087 -0.1268 -0.1111 0.0245 0.0698 0.9911
1311868258.5173 -0.3013 -0.0017 -0.1226 -0.1099 0.0264 0.0670 0.9913
1311868258.5493 -0.2965 -0.0085 -0.1169 -0.1074 0.0293 0.0646 0.9917
1311868258.5851 -0.2921 -0.0159 -0.1121 -0.1041 0.0316 0.0648 0.9919
1311868258.6169 -0.2885 -0.0214 -0.1083 -0.1016 0.0318 0.0677 0.9920
1311868258.6489 -0.2828 -0.0287 -0.1021 -0.1001 0.0299 0.0709 0.9920
1311868258.6851 -0.2786 -0.0362 -0.0975 -0.0965 0.0273 0.0748 0.9921
1311868258.7169 -0.2732 -0.0412 -0.0947 -0.0938 0.0233 0.0775 0.9923
1311868258.7490 -0.2672 -0.0469 -0.0914 -0.0923 0.0191 0.0810 0.9922
1311868258.7850 -0.2629 -0.0521 -0.0887 -0.0914 0.0152 0.0845 0.9921
1311868258.8170 -0.2564 -0.0587 -0.0839 -0.0907 0.0124 0.0837 0.9923
1311868258.8489 -0.2496 -0.0639 -0.0819 -0.0889 0.0114 0.0817 0.9926
1311868258.8856 -0.2426 -0.0699 -0.0800 -0.0877 0.0123 0.0785 0.9930
1311868258.9177 -0.2380 -0.0740 -0.0758 -0.0863 0.0139 0.0757 0.9933
1311868258.9499 -0.2332 -0.0793 -0.0700 -0.0850 0.0135 0.0743 0.9935
1311868258.9851 -0.2277 -0.0834 -0.0657 -0.0833 0.0109 0.0724 0.9938
1311868259.0170 -0.2211 -0.0872 -0.0613 -0.0824 0.0081 0.0687 0.9942
1311868259.0489 -0.2129 -0.0905 -0.0587 -0.0811 0.0069 0.0646 0.9946
1311868259.0852 -0.2075 -0.0940 -0.0541 -0.0807 0.0072 0.0606 0.9949
1311868259.1169 -0.2023 -0.0975 -0.0489 -0.0795 0.0066 0.0576 0.9951
1311868259.1492 -0.1970 -0.1013 -0.0423 -0.0780 0.0048 0.0553 0.9954
1311868259.1857 -0.1909 -0.1056 -0.0371 -0.0750 0.0015 0.0525 0.9958
1311868259.2170 -0.1823 -0.1094 -0.0345 -0.0720 -0.0025 0.0494 0.9962
1311868259.2490 -0.1758 -0.1126 -0.0316 -0.0689 -0.0046 0.0468 0.9965
1311868259.2850 -0.1675 -0.1126 -0.0297 -0.0671 -0.0064 0.0443 0.9967
1311868259.3170 -0.1616 -0.1141 -0.0267 -0.0666 -0.0076 0.0414 0.9969
1311868259.3502 -0.1549 -0.1158 -0.0240 -0.0667 -0.0104 0.0387 0.9970
1311868259.3851 -0.1450 -0.1206 -0.0207 -0.0669 -0.0136 0.0353 0.9970
1311868259.4171 -0.1341 -0.1254 -0.0183 -0.0660 -0.0150 0.0308 0.9972
1311868259.4491 -0.1231 -0.1285 -0.0177 -0.0637 -0.0141 0.0275 0.9975
1311868259.4852 -0.1150 -0.1298 -0.0152 -0.0614 -0.0112 0.0248 0.9977
1311868259.5172 -0.1092 -0.1298 -0.0138 -0.0584 -0.0086 0.0212 0.9980
1311868259.5495 -0.1030 -0.1272 -0.0141 -0.0565 -0.0078 0.0170 0.9982
1311868259.5851 -0.0960 -0.1276 -0.0121 -0.0566 -0.0079 0.0115 0.9983
1311868259.6171 -0.0884 -0.1281 -0.0114 -0.0568 -0.0081 0.0070 0.9983
1311868259.6493 -0.0822 -0.1272 -0.0103 -0.0571 -0.0078 0.0051 0.9983
1311868259.6850 -0.0774 -0.1264 -0.0088 -0.0578 -0.0082 0.0061 0.9983
1311868259.7171 -0.0727 -0.1273 -0.0060 -0.0587 -0.0099 0.0080 0.9982
1311868259.7490 -0.0663 -0.1279 -0.0054 -0.0576 -0.0129 0.0094 0.9982
1311868259.7850 -0.0592 -0.1275 -0.0055 -0.0567 -0.0162 0.0095 0.9982
1311868259.8180 -0.0521 -0.1287 -0.0047 -0.0555 -0.0188 0.0073 0.9983
1311868259.8492 -0.0449 -0.1295 -0.0053 -0.0531 -0.0202 0.0041 0.9984
1311868259.8852 -0.0385 -0.1276 -0.0076 -0.0509 -0.0199 0.0025 0.9985
1311868259.9175 -0.0372 -0.1266 -0.0073 -0.0504 -0.0179 0.0033 0.9986
1311868259.9491 -0.0361 -0.1259 -0.0062 -0.0494 -0.0175 0.0050 0.9986
1311868259.9850 -0.0361 -0.1225 -0.0064 -0.0479 -0.0186 0.0070 0.9987
1311868260.0171 -0.0328 -0.1206 -0.0068 -0.0488 -0.0218 0.0086 0.9985
1311868260.0491 -0.0314 -0.1212 -0.0060 -0.0492 -0.0240 0.0080 0.9985
1311868260.0853 -0.0278 -0.1186 -0.0072 -0.0491 -0.0256 0.0073 0.9984
1311868260.1170 -0.0257 -0.1165 -0.0075 -0.0498 -0.0254 0.0072 0.9984
1311868260.1491 -0.0248 -0.1154 -0.0076 -0.0509 -0.0244 0.0067 0.9984
1311868260.1849 -0.0257 -0.1114 -0.0076 -0.0522 -0.0230 0.0070 0.9983
1311868260.2170 -0.0282 -0.1097 -0.0057 -0.0549 -0.0220 0.0088 0.9982
1311868260.2491 -0.0300 -0.1084 -0.0044 -0.0572 -0.0222 0.0113 0.9981
1311868260.2850 -0.0323 -0.1086 -0.0033 -0.0592 -0.0229 0.0130 0.9979
1311868260.3172 -0.0343 -0.1068 -0.0029 -0.0600 -0.0237 0.0139 0.9978
1311868260.3492 -0.0392 -0.1056 -0.0016 -0.0613 -0.0244 0.0164 0.9977
1311868260.3859 -0.0429 -0.1065 0.0004 -0.0623 -0.0267 0.0193 0.9975
1311868260.4172 -0.0443 -0.1063 0.0004 -0.0615 -0.0292 0.0202 0.9975
1311868260.4492 -0.0461 -0.1061 0.0003 -0.0614 -0.0305 0.0183 0.9975
1311868260.4851 -0.0488 -0.1067 0.0006 -0.0611 -0.0306 0.0157 0.9975
1311868260.5172 -0.0535 -0.1065 0.0012 -0.0603 -0.0298 0.0144 0.9976
1311868260.5493 -0.0592 -0.1048 0.0019 -0.0593 -0.0294 0.0145 0.9977
1311868260.5885 -0.0646 -0.1042 0.0034 -0.0591 -0.0303 0.0152 0.9977
1311868260.6170 -0.0701 -0.1037 0.0047 -0.0587 -0.0322 0.0161 0.9976
1311868260.6492 -0.0736 -0.1032 0.0059 -0.0588 -0.0351 0.0160 0.9975
1311868260.6852 -0.0756 -0.1037 0.0065 -0.0594 -0.0379 0.0144 0.9974
1311868260.7170 -0.0780 -0.1041 0.0080 -0.0602 -0.0389 0.0130 0.9973
1311868260.7491 -0.0805 -0.1046 0.0096 -0.0612 -0.0395 0.0129 0.9973
1311868260.7850 -0.0838 -0.1056 0.0105 -0.0617 -0.0398 0.0137 0.9972
1311868260.8174 -0.0877 -0.1052 0.0125 -0.0618 -0.0404 0.0142 0.9972
1311868260.8494 -0.0905 -0.1049 0.0125 -0.0618 -0.0422 0.0145 0.9971
1311868260.8851 -0.0929 -0.1040 0.0134 -0.0625 -0.0440 0.0143 0.9970
1311868260.9170 -0.0934 -0.1054 0.0142 -0.0635 -0.0457 0.0132 0.9969
1311868260.9492 -0.0939 -0.1058 0.0143 -0.0636 -0.0462 0.0127 0.9968
1311868260.9857 -0.0962 -0.1065 0.0148 -0.0637 -0.0456 0.0131 0.9968
1311868261.0171 -0.0998 -0.1061 0.0150 -0.0633 -0.0453 0.0138 0.9969
1311868261.0494 -0.1017 -0.1062 0.0155 -0.0633 -0.0462 0.0131 0.9968
1311868261.0851 -0.1025 -0.1065 0.0145 -0.0631 -0.0472 0.0114 0.9968
1311868261.1175 -0.1031 -0.1068 0.0144 -0.0629 -0.0476 0.0099 0.9968
1311868261.1492 -0.1029 -0.1068 0.0140 -0.0629 -0.0477 0.0084 0.9968
1311868261.1851 -0.1039 -0.1076 0.0137 -0.0632 -0.0466 0.0068 0.9969
1311868261.2173 -0.1051 -0.1075 0.0133 -0.0636 -0.0452 0.0063 0.9969
1311868261.2507 -0.1072 -0.1085 0.0148 -0.0643 -0.0440 0.0072 0.9969
1311868261.2852 -0.1095 -0.1086 0.0154 -0.0638 -0.0435 0.0085 0.9970
1311868261.3173 -0.1110 -0.1074 0.0149 -0.0630 -0.0450 0.0082 0.9970
1311868261.3505 -0.1115 -0.1065 0.0149 -0.0629 -0.0474 0.0071 0.9969
1311868261.3852 -0.1105 -0.1072 0.0155 -0.0638 -0.0494 0.0070 0.9967
1311868261.4172 -0.1095 -0.1084 0.0162 -0.0643 -0.0502 0.0082 0.9966
1311868261.4509 -0.1086 -0.1092 0.0168 -0.0644 -0.0500 0.0097 0.9966
1311868261.4853 -0.1097 -0.1093 0.0167 -0.0638 -0.0492 0.0107 0.9967
1311868261.5173 -0.1110 -0.1094 0.0166 -0.0634 -0.0493 0.0104 0.9967
1311868261.5536 -0.1112 -0.1092 0.0169 -0.0631 -0.0503 0.0093 0.9967
1311868261.5863 -0.1105 -0.1094 0.0166 -0.0632 -0.0512 0.0085 0.9966
1311868261.6172 -0.1097 -0.1092 0.0164 -0.0636 -0.0513 0.0085 0.9966
1311868261.6541 -0.1095 -0.1091 0.0165 -0.0643 -0.0507 0.0086 0.9966
1311868261.6852 -0.1103 -0.1092 0.0173 -0.0648 -0.0501 0.0081 0.9966
1311868261.7195 -0.1117 -0.1080 0.0175 -0.0652 -0.0499 0.0074 0.9966
1311868261.7517 -0.1133 -0.1081 0.0186 -0.0661 -0.0502 0.0066 0.9965
1311868261.7871 -0.1133 -0.1071 0.0184 -0.0664 -0.0510 0.0058 0.9965
1311868261.8172 -0.1127 -0.1075 0.0194 -0.0672 -0.0512 0.0050 0.9964
1311868261.8530 -0.1127 -0.1059 0.0191 -0.0674 -0.0507 0.0053 0.9964
1311868261.8851 -0.1125 -0.1064 0.0197 -0.0687 -0.0504 0.0057 0.9963
1311868261.9171 -0.1126 -0.1064 0.0201 -0.0694 -0.0503 0.0058 0.9963
1311868261.9535 -0.1131 -0.1071 0.0210 -0.0700 -0.0503 0.0056 0.9963
1311868261.9853 -0.1146 -0.1064 0.0207 -0.0697 -0.0504 0.0057 0.9963
1311868262.0180 -0.1146 -0.1069 0.0211 -0.0702 -0.0513 0.0056 0.9962
1311868262.0536 -0.1135 -0.1077 0.0204 -0.0698 -0.0523 0.0054 0.9962
1311868262.0854 -0.1124 -0.1081 0.0199 -0.0697 -0.0527 0.0053 0.9962
1311868262.1179 -0.1127 -0.1084 0.0198 -0.0692 -0.0520 0.0057 0.9962
1311868262.1505 -0.1129 -0.1076 0.0194 -0.0689 -0.0515 0.0060 0.9963
1311868262.1855 -0.1130 -0.1077 0.0196 -0.0689 -0.0513 0.0056 0.9963
1311868262.2173 -0.1123 -0.1077 0.0194 -0.0690 -0.0511 0.0053 0.9963
1311868262.2532 -0.1117 -0.1080 0.0196 -0.0689 -0.0505 0.0055 0.9963
1311868262.2874 -0.1113 -0.1086 0.0192 -0.0684 -0.0498 0.0060 0.9964
1311868262.3173 -0.1120 -0.1067 0.0181 -0.0681 -0.0495 0.0067 0.9964
1311868262.3511 -0.1137 -0.1084 0.0195 -0.0691 -0.0496 0.0067 0.9964
1311868262.3861 -0.1149 -0.1078 0.0196 -0.0688 -0.0505 0.0076 0.9963
1311868262.4192 -0.1135 -0.1079 0.0197 -0.0690 -0.0518 0.0083 0.9962
1311868262.4530 -0.1123 -0.1090 0.0193 -0.0692 -0.0519 0.0076 0.9962
1311868262.4852 -0.1124 -0.1096 0.0192 -0.0689 -0.0510 0.0070 0.9963
1311868262.5215 -0.1122 -0.1089 0.0184 -0.0687 -0.0503 0.0074 0.9963
1311868262.5510 -0.1129 -0.1094 0.0188 -0.0689 -0.0496 0.0081 0.9964
1311868262.5851 -0.1126 -0.1096 0.0190 -0.0690 -0.0496 0.0085 0.9963
1311868262.6217 -0.1124 -0.1098 0.0191 -0.0686 -0.0494 0.0084 0.9964
1311868262.6508 -0.1125 -0.1102 0.0189 -0.0685 -0.0491 0.0089 0.9964
1311868262.6853 -0.1127 -0.1100 0.0185 -0.0678 -0.0488 0.0101 0.9965
1311868262.7212 -0.1122 -0.1102 0.0190 -0.0678 -0.0487 0.0102 0.9965
1311868262.7505 -0.1123 -0.1101 0.0185 -0.0672 -0.0485 0.0098 0.9965
1311868262.7852 -0.1125 -0.1093 0.0184 -0.0671 -0.0484 0.0098 0.9965
1311868262.8216 -0.1132 -0.1091 0.0182 -0.0673 -0.0483 0.0102 0.9965
1311868262.8506 -0.1131 -0.1094 0.0185 -0.0677 -0.0486 0.0105 0.9965
1311868262.8853 -0.1132 -0.1096 0.0182 -0.0675 -0.0488 0.0103 0.9965
1311868262.9227 -0.1132 -0.1088 0.0182 -0.0674 -0.0493 0.0106 0.9965
1311868262.9507 -0.1125 -0.1086 0.0180 -0.0677 -0.0497 0.0110 0.9964
1311868262.9856 -0.1123 -0.1091 0.0183 -0.0681 -0.0497 0.0114 0.9964
1311868263.0207 -0.1122 -0.1092 0.0181 -0.0680 -0.0496 0.0114 0.9964
1311868263.0533 -0.1123 -0.1092 0.0182 -0.0679 -0.0494 0.0108 0.9964
1311868263.0852 -0.1128 -0.1086 0.0178 -0.0676 -0.0494 0.0105 0.9964
1311868263.1214 -0.1124 -0.1084 0.0177 -0.0680 -0.0497 0.0104 0.9964
1311868263.1543 -0.1118 -0.1082 0.0178 -0.0686 -0.0499 0.0107 0.9963
1311868263.1855 -0.1114 -0.1087 0.0182 -0.0694 -0.0498 0.0108 0.9963
