1311868164.4309 0.0003 0.0027 -0.0043 -0.0020 -0.0024 -0.0022 1.0000
1311868164.4631 0.0047 0.0051 -0.0069 -0.0042 -0.0035 -0.0059 1.0000
1311868164.4991 0.0070 0.0036 -0.0092 -0.0063 -0.0019 -0.0100 0.9999
1311868164.5310 0.0069 0.0018 -0.0125 -0.0070 0.0017 -0.0111 0.9999
1311868164.5630 0.0102 0.0017 -0.0157 -0.0069 0.0037 -0.0118 0.9999
1311868164.5991 0.0156 0.0010 -0.0191 -0.0065 0.0037 -0.0134 0.9999
1311868164.6311 0.0203 0.0012 -0.0236 -0.0053 0.0041 -0.0145 0.9999
1311868164.6631 0.0247 0.0018 -0.0275 -0.0049 0.0028 -0.0146 0.9999
1311868164.6990 0.0266 -0.0001 -0.0309 -0.0054 0.0013 -0.0147 0.9999
1311868164.7310 0.0316 -0.0006 -0.0325 -0.0055 -0.0005 -0.0147 0.9999
1311868164.7631 0.0360 -0.0017 -0.0370 -0.0036 -0.0019 -0.0138 0.9999
1311868164.7991 0.0399 -0.0027 -0.0385 -0.0011 -0.0022 -0.0142 0.9999
1311868164.8310 0.0455 -0.0045 -0.0414 0.0029 -0.0021 -0.0145 0.9999
1311868164.8631 0.0510 -0.0054 -0.0446 0.0065 -0.0007 -0.0159 0.9999
1311868164.8991 0.0553 -0.0071 -0.0473 0.0103 0.0016 -0.0166 0.9998
1311868164.9309 0.0599 -0.0035 -0.0507 0.0141 0.0031 -0.0193 0.9997
1311868164.9631 0.0652 -0.0057 -0.0539 0.0131 0.0032 -0.0207 0.9997
1311868164.9990 0.0668 -0.0095 -0.0557 0.0103 0.0024 -0.0210 0.9997
1311868165.0311 0.0742 -0.0104 -0.0584 0.0100 -0.0011 -0.0212 0.9997
1311868165.0631 0.0813 -0.0115 -0.0632 0.0097 -0.0046 -0.0220 0.9997
1311868165.0992 0.0885 -0.0133 -0.0676 0.0092 -0.0072 -0.0245 0.9996
1311868165.1310 0.0949 -0.0135 -0.0698 0.0110 -0.0088 -0.0272 0.9995
1311868165.1631 0.1034 -0.0107 -0.0743 0.0137 -0.0106 -0.0312 0.9994
1311868165.1991 0.1107 -0.0107 -0.0790 0.0141 -0.0119 -0.0331 0.9993
1311868165.2312 0.1178 -0.0111 -0.0838 0.0135 -0.0125 -0.0348 0.9992
1311868165.2630 0.1249 -0.0078 -0.0866 0.0127 -0.0144 -0.0369 0.9991
1311868165.2991 0.1325 -0.0041 -0.0904 0.0099 -0.0179 -0.0383 0.9991
1311868165.3312 0.1424 -0.0046 -0.0930 0.0054 -0.0226 -0.0394 0.9990
1311868165.3631 0.1469 -0.0046 -0.0960 0.0043 -0.0246 -0.0403 0.9989
1311868165.3992 0.1519 -0.0044 -0.0988 0.0040 -0.0254 -0.0414 0.9988
1311868165.4310 0.1596 0.0022 -0.1018 0.0030 -0.0259 -0.0424 0.9988
1311868165.4631 0.1644 0.0033 -0.1043 -0.0017 -0.0260 -0.0406 0.9988
1311868165.4992 0.1683 0.0023 -0.1075 -0.0070 -0.0272 -0.0386 0.9989
1311868165.5311 0.1726 0.0028 -0.1092 -0.0114 -0.0279 -0.0382 0.9988
1311868165.5631 0.1808 0.0017 -0.1119 -0.0154 -0.0284 -0.0372 0.9988
1311868165.5992 0.1820 0.0008 -0.1163 -0.0156 -0.0270 -0.0380 0.9988
1311868165.6312 0.1895 0.0014 -0.1205 -0.0150 -0.0266 -0.0397 0.9987
1311868165.6633 0.1964 0.0009 -0.1229 -0.0148 -0.0249 -0.0404 0.9988
1311868165.6992 0.2036 0.0016 -0.1255 -0.0138 -0.0231 -0.0414 0.9988
1311868165.7312 0.2067 0.0019 -0.1303 -0.0134 -0.0214 -0.0420 0.9988
1311868165.7631 0.2089 0.0027 -0.1375 -0.0137 -0.0185 -0.0417 0.9989
1311868165.7991 0.2114 0.0058 -0.1438 -0.0153 -0.0153 -0.0396 0.9990
1311868165.8312 0.2141 0.0069 -0.1503 -0.0179 -0.0130 -0.0389 0.9990
1311868165.8632 0.2189 0.0096 -0.1552 -0.0209 -0.0108 -0.0398 0.9989
1311868165.8992 0.2218 0.0095 -0.1599 -0.0232 -0.0076 -0.0404 0.9989
1311868165.9312 0.2206 0.0086 -0.1656 -0.0234 -0.0034 -0.0397 0.9989
1311868165.9632 0.2194 0.0064 -0.1725 -0.0241 0.0002 -0.0392 0.9989
1311868165.9991 0.2194 0.0114 -0.1823 -0.0244 0.0031 -0.0375 0.9990
1311868166.0312 0.2192 0.0145 -0.1908 -0.0262 0.0064 -0.0334 0.9991
1311868166.0631 0.2207 0.0183 -0.1957 -0.0295 0.0092 -0.0299 0.9991
1311868166.0992 0.2170 0.0180 -0.2027 -0.0342 0.0116 -0.0290 0.9989
1311868166.1313 0.2169 0.0220 -0.2063 -0.0372 0.0124 -0.0296 0.9988
1311868166.1632 0.2155 0.0249 -0.2108 -0.0406 0.0131 -0.0302 0.9986
1311868166.1992 0.2145 0.0260 -0.2201 -0.0450 0.0149 -0.0306 0.9984
1311868166.2311 0.2138 0.0254 -0.2253 -0.0496 0.0168 -0.0301 0.9982
1311868166.2632 0.2141 0.0282 -0.2338 -0.0537 0.0192 -0.0283 0.9980
1311868166.2992 0.2161 0.0346 -0.2416 -0.0578 0.0219 -0.0241 0.9978
1311868166.3312 0.2169 0.0408 -0.2428 -0.0632 0.0239 -0.0223 0.9975
1311868166.3631 0.2163 0.0437 -0.2500 -0.0683 0.0241 -0.0223 0.9971
1311868166.3992 0.2163 0.0436 -0.2549 -0.0726 0.0246 -0.0229 0.9968
1311868166.4312 0.2205 0.0522 -0.2596 -0.0736 0.0256 -0.0252 0.9966
1311868166.4630 0.2255 0.0534 -0.2671 -0.0754 0.0278 -0.0261 0.9964
1311868166.4992 0.2248 0.0543 -0.2699 -0.0765 0.0321 -0.0257 0.9962
1311868166.5313 0.2273 0.0559 -0.2728 -0.0769 0.0341 -0.0257 0.9961
1311868166.5631 0.2321 0.0578 -0.2769 -0.0763 0.0342 -0.0262 0.9962
1311868166.5992 0.2361 0.0615 -0.2821 -0.0749 0.0342 -0.0266 0.9962
1311868166.6313 0.2394 0.0623 -0.2859 -0.0747 0.0338 -0.0261 0.9963
1311868166.6633 0.2446 0.0642 -0.2892 -0.0738 0.0333 -0.0258 0.9964
1311868166.6993 0.2493 0.0645 -0.2923 -0.0730 0.0329 -0.0239 0.9965
1311868166.7311 0.2521 0.0623 -0.2958 -0.0724 0.0328 -0.0224 0.9966
1311868166.7633 0.2597 0.0622 -0.2992 -0.0719 0.0312 -0.0221 0.9967
1311868166.7992 0.2648 0.0630 -0.3022 -0.0692 0.0297 -0.0222 0.9969
1311868166.8312 0.2689 0.0585 -0.3027 -0.0689 0.0282 -0.0231 0.9970
1311868166.8632 0.2798 0.0610 -0.3043 -0.0679 0.0248 -0.0241 0.9971
1311868166.8993 0.2908 0.0672 -0.3056 -0.0648 0.0216 -0.0271 0.9973
1311868166.9312 0.3035 0.0595 -0.3098 -0.0649 0.0186 -0.0284 0.9973
1311868166.9633 0.3144 0.0622 -0.3102 -0.0625 0.0161 -0.0311 0.9974
1311868166.9993 0.3242 0.0609 -0.3119 -0.0612 0.0134 -0.0346 0.9974
1311868167.0311 0.3387 0.0633 -0.3114 -0.0605 0.0084 -0.0375 0.9974
1311868167.0632 0.3534 0.0651 -0.3120 -0.0601 0.0030 -0.0403 0.9974
1311868167.0993 0.3662 0.0640 -0.3129 -0.0602 -0.0015 -0.0425 0.9973
1311868167.1632 0.3877 0.0606 -0.3152 -0.0607 -0.0099 -0.0468 0.9970
1311868167.1993 0.3984 0.0609 -0.3124 -0.0589 -0.0143 -0.0502 0.9969
1311868167.2313 0.4137 0.0622 -0.3119 -0.0567 -0.0206 -0.0533 0.9968
1311868167.2633 0.4259 0.0584 -0.3134 -0.0566 -0.0260 -0.0568 0.9964
1311868167.2991 0.4346 0.0589 -0.3141 -0.0549 -0.0291 -0.0596 0.9963
1311868167.3311 0.4431 0.0577 -0.3157 -0.0549 -0.0311 -0.0609 0.9962
1311868167.3633 0.4513 0.0558 -0.3201 -0.0553 -0.0328 -0.0626 0.9960
1311868167.3992 0.4591 0.0557 -0.3198 -0.0556 -0.0341 -0.0636 0.9958
1311868167.4312 0.4681 0.0577 -0.3178 -0.0555 -0.0364 -0.0639 0.9957
1311868167.4633 0.4784 0.0587 -0.3166 -0.0555 -0.0395 -0.0633 0.9957
1311868167.4991 0.4842 0.0598 -0.3163 -0.0551 -0.0419 -0.0638 0.9956
1311868167.5313 0.4869 0.0547 -0.3194 -0.0554 -0.0429 -0.0651 0.9954
1311868167.5632 0.4965 0.0539 -0.3204 -0.0550 -0.0444 -0.0654 0.9954
1311868167.5992 0.5007 0.0534 -0.3204 -0.0550 -0.0448 -0.0654 0.9953
1311868167.6315 0.5040 0.0534 -0.3197 -0.0549 -0.0455 -0.0653 0.9953
1311868167.6634 0.5067 0.0535 -0.3199 -0.0549 -0.0464 -0.0654 0.9953
1311868167.6992 0.5136 0.0524 -0.3209 -0.0560 -0.0480 -0.0657 0.9951
1311868167.7312 0.5221 0.0538 -0.3135 -0.0586 -0.0500 -0.0665 0.9948
1311868167.7633 0.5195 0.0527 -0.3185 -0.0594 -0.0491 -0.0664 0.9948
1311868167.7992 0.5274 0.0495 -0.3135 -0.0620 -0.0506 -0.0670 0.9945
1311868167.8631 0.5375 0.0486 -0.3082 -0.0634 -0.0505 -0.0669 0.9945
1311868167.8994 0.5378 0.0415 -0.3054 -0.0628 -0.0491 -0.0641 0.9948
1311868167.9312 0.5379 0.0479 -0.3043 -0.0592 -0.0491 -0.0608 0.9952
1311868167.9993 0.5508 0.0382 -0.2970 -0.0596 -0.0519 -0.0571 0.9952
1311868168.0313 0.5515 0.0369 -0.2940 -0.0599 -0.0519 -0.0547 0.9954
1311868168.0632 0.5525 0.0335 -0.2932 -0.0605 -0.0517 -0.0543 0.9953
1311868168.0993 0.5565 0.0300 -0.2856 -0.0606 -0.0520 -0.0546 0.9953
1311868168.1312 0.5548 0.0276 -0.2860 -0.0584 -0.0511 -0.0552 0.9955
1311868168.1633 0.5574 0.0307 -0.2801 -0.0563 -0.0516 -0.0554 0.9955
1311868168.1992 0.5584 0.0273 -0.2731 -0.0563 -0.0519 -0.0575 0.9954
1311868168.2633 0.5594 0.0241 -0.2654 -0.0570 -0.0522 -0.0614 0.9951
1311868168.2996 0.5602 0.0200 -0.2566 -0.0592 -0.0534 -0.0618 0.9949
1311868168.3312 0.5599 0.0168 -0.2478 -0.0610 -0.0548 -0.0629 0.9946
1311868168.3632 0.5588 0.0110 -0.2418 -0.0626 -0.0560 -0.0632 0.9945
1311868168.3994 0.5555 0.0034 -0.2349 -0.0619 -0.0567 -0.0647 0.9944
1311868168.4312 0.5548 -0.0004 -0.2318 -0.0585 -0.0577 -0.0666 0.9944
1311868168.4633 0.5540 -0.0058 -0.2244 -0.0550 -0.0580 -0.0688 0.9944
1311868168.4993 0.5527 -0.0141 -0.2151 -0.0514 -0.0585 -0.0692 0.9946
1311868168.5633 0.5512 -0.0194 -0.2052 -0.0445 -0.0615 -0.0684 0.9948
1311868168.5994 0.5507 -0.0192 -0.1969 -0.0442 -0.0634 -0.0678 0.9947
1311868168.6633 0.5517 -0.0313 -0.1838 -0.0437 -0.0665 -0.0679 0.9945
1311868168.6996 0.5543 -0.0335 -0.1783 -0.0434 -0.0668 -0.0686 0.9945
1311868168.7633 0.5547 -0.0328 -0.1642 -0.0428 -0.0678 -0.0672 0.9945
1311868168.7994 0.5540 -0.0331 -0.1588 -0.0432 -0.0694 -0.0667 0.9944
1311868168.8312 0.5559 -0.0331 -0.1516 -0.0435 -0.0721 -0.0662 0.9942
1311868168.8993 0.5576 -0.0403 -0.1412 -0.0420 -0.0768 -0.0703 0.9937
1311868168.9312 0.5581 -0.0461 -0.1356 -0.0402 -0.0786 -0.0735 0.9934
1311868168.9633 0.5582 -0.0497 -0.1305 -0.0375 -0.0808 -0.0765 0.9931
1311868168.9994 0.5582 -0.0528 -0.1255 -0.0346 -0.0839 -0.0791 0.9927
1311868169.0312 0.5601 -0.0584 -0.1207 -0.0325 -0.0878 -0.0811 0.9923
1311868169.0634 0.5619 -0.0622 -0.1163 -0.0297 -0.0917 -0.0817 0.9920
1311868169.0993 0.5630 -0.0640 -0.1111 -0.0259 -0.0955 -0.0823 0.9917
1311868169.1312 0.5650 -0.0662 -0.1062 -0.0222 -0.0998 -0.0839 0.9912
1311868169.1995 0.5691 -0.0725 -0.0908 -0.0166 -0.1108 -0.0905 0.9896
1311868169.2314 0.5720 -0.0769 -0.0850 -0.0139 -0.1170 -0.0939 0.9886
1311868169.2633 0.5751 -0.0816 -0.0792 -0.0115 -0.1230 -0.0967 0.9876
1311868169.2995 0.5783 -0.0889 -0.0726 -0.0100 -0.1290 -0.1007 0.9865
1311868169.3313 0.5814 -0.0944 -0.0653 -0.0064 -0.1350 -0.1054 0.9852
1311868169.3635 0.5840 -0.0997 -0.0582 -0.0023 -0.1407 -0.1102 0.9839
1311868169.3994 0.5873 -0.1047 -0.0505 0.0019 -0.1472 -0.1149 0.9824
1311868169.4314 0.5905 -0.1104 -0.0441 0.0051 -0.1542 -0.1185 0.9809
1311868169.4632 0.5934 -0.1159 -0.0375 0.0085 -0.1609 -0.1216 0.9794
1311868169.4993 0.5981 -0.1225 -0.0335 0.0114 -0.1668 -0.1266 0.9778
1311868169.5314 0.6036 -0.1315 -0.0289 0.0142 -0.1712 -0.1315 0.9763
1311868169.5635 0.6073 -0.1385 -0.0237 0.0182 -0.1737 -0.1360 0.9752
1311868169.5994 0.6108 -0.1426 -0.0177 0.0233 -0.1759 -0.1394 0.9742
1311868169.6313 0.6138 -0.1463 -0.0117 0.0270 -0.1797 -0.1421 0.9730
1311868169.6632 0.6173 -0.1504 -0.0086 0.0298 -0.1854 -0.1446 0.9715
1311868169.6995 0.6215 -0.1549 -0.0060 0.0313 -0.1915 -0.1472 0.9699
1311868169.7313 0.6287 -0.1609 -0.0047 0.0323 -0.1965 -0.1500 0.9684
1311868169.7634 0.6355 -0.1693 -0.0003 0.0320 -0.1989 -0.1510 0.9678
1311868169.7994 0.6386 -0.1723 0.0035 0.0348 -0.2000 -0.1496 0.9677
1311868169.8314 0.6426 -0.1767 0.0063 0.0353 -0.2021 -0.1500 0.9672
1311868169.8634 0.6470 -0.1793 0.0082 0.0351 -0.2038 -0.1505 0.9667
1311868169.8994 0.6514 -0.1832 0.0103 0.0347 -0.2053 -0.1502 0.9665
1311868169.9313 0.6574 -0.1857 0.0105 0.0344 -0.2056 -0.1498 0.9665
1311868169.9634 0.6619 -0.1912 0.0134 0.0340 -0.2049 -0.1489 0.9668
1311868169.9994 0.6666 -0.1966 0.0150 0.0359 -0.2041 -0.1445 0.9676
1311868170.0313 0.6720 -0.1962 0.0155 0.0371 -0.2045 -0.1388 0.9683
1311868170.0635 0.6748 -0.1985 0.0141 0.0363 -0.2056 -0.1373 0.9683
1311868170.0994 0.6791 -0.2043 0.0149 0.0373 -0.2084 -0.1343 0.9681
1311868170.1313 0.6868 -0.2061 0.0118 0.0401 -0.2108 -0.1318 0.9678
1311868170.1634 0.6941 -0.2064 0.0081 0.0416 -0.2114 -0.1314 0.9676
1311868170.1993 0.6996 -0.2084 0.0048 0.0414 -0.2115 -0.1302 0.9678
1311868170.2315 0.7047 -0.2097 -0.0002 0.0408 -0.2114 -0.1274 0.9682
1311868170.2635 0.7101 -0.2067 -0.0055 0.0401 -0.2114 -0.1254 0.9685
1311868170.2994 0.7146 -0.2054 -0.0092 0.0398 -0.2116 -0.1275 0.9682
1311868170.3313 0.7220 -0.2026 -0.0148 0.0405 -0.2113 -0.1296 0.9679
1311868170.3634 0.7277 -0.1963 -0.0222 0.0410 -0.2102 -0.1320 0.9678
1311868170.3994 0.7323 -0.1917 -0.0289 0.0403 -0.2096 -0.1358 0.9675
1311868170.4313 0.7355 -0.1871 -0.0367 0.0398 -0.2101 -0.1394 0.9669
1311868170.4634 0.7418 -0.1809 -0.0437 0.0394 -0.2116 -0.1433 0.9660
1311868170.4995 0.7478 -0.1761 -0.0504 0.0388 -0.2120 -0.1462 0.9655
1311868170.5315 0.7534 -0.1693 -0.0560 0.0383 -0.2121 -0.1462 0.9655
1311868170.5633 0.7576 -0.1658 -0.0604 0.0384 -0.2122 -0.1455 0.9656
1311868170.5993 0.7641 -0.1582 -0.0671 0.0391 -0.2124 -0.1461 0.9654
1311868170.6315 0.7710 -0.1567 -0.0724 0.0368 -0.2123 -0.1475 0.9653
1311868170.6634 0.7787 -0.1508 -0.0759 0.0363 -0.2114 -0.1457 0.9658
1311868170.6994 0.7835 -0.1464 -0.0781 0.0340 -0.2106 -0.1443 0.9663
1311868170.7314 0.7879 -0.1434 -0.0801 0.0314 -0.2112 -0.1436 0.9663
1311868170.7635 0.7948 -0.1437 -0.0830 0.0279 -0.2128 -0.1427 0.9662
1311868170.7994 0.7994 -0.1424 -0.0852 0.0272 -0.2135 -0.1419 0.9662
1311868170.8313 0.8039 -0.1410 -0.0884 0.0273 -0.2137 -0.1420 0.9661
1311868170.8634 0.8089 -0.1381 -0.0920 0.0274 -0.2141 -0.1417 0.9661
1311868170.8994 0.8159 -0.1380 -0.0950 0.0273 -0.2140 -0.1410 0.9662
1311868170.9314 0.8231 -0.1410 -0.0968 0.0272 -0.2137 -0.1414 0.9662
1311868170.9634 0.8293 -0.1393 -0.0967 0.0302 -0.2119 -0.1449 0.9660
1311868170.9995 0.8321 -0.1352 -0.0999 0.0340 -0.2109 -0.1452 0.9661
1311868171.0315 0.8366 -0.1324 -0.1035 0.0340 -0.2130 -0.1452 0.9656
1311868171.0634 0.8412 -0.1287 -0.1066 0.0326 -0.2160 -0.1475 0.9646
1311868171.0994 0.8467 -0.1267 -0.1087 0.0322 -0.2182 -0.1481 0.9640
1311868171.1315 0.8537 -0.1260 -0.1100 0.0322 -0.2199 -0.1484 0.9636
1311868171.1634 0.8602 -0.1234 -0.1111 0.0325 -0.2203 -0.1490 0.9634
1311868171.1994 0.8645 -0.1230 -0.1098 0.0329 -0.2206 -0.1493 0.9633
1311868171.2314 0.8683 -0.1232 -0.1096 0.0329 -0.2213 -0.1498 0.9631
1311868171.2634 0.8739 -0.1210 -0.1101 0.0331 -0.2225 -0.1520 0.9624
1311868171.2994 0.8795 -0.1213 -0.1084 0.0330 -0.2246 -0.1531 0.9618
1311868171.3314 0.8859 -0.1185 -0.1087 0.0333 -0.2269 -0.1547 0.9610
1311868171.3635 0.8928 -0.1192 -0.1090 0.0328 -0.2294 -0.1577 0.9599
1311868171.3994 0.9016 -0.1207 -0.1089 0.0326 -0.2321 -0.1609 0.9587
1311868171.4635 0.9168 -0.1193 -0.1088 0.0325 -0.2366 -0.1654 0.9569
1311868171.4995 0.9235 -0.1181 -0.1094 0.0316 -0.2392 -0.1696 0.9555
1311868171.5315 0.9345 -0.1210 -0.1099 0.0310 -0.2420 -0.1730 0.9542
1311868171.5634 0.9451 -0.1228 -0.1079 0.0311 -0.2434 -0.1749 0.9535
1311868171.5995 0.9556 -0.1222 -0.1077 0.0314 -0.2444 -0.1764 0.9530
1311868171.6315 0.9641 -0.1206 -0.1056 0.0316 -0.2455 -0.1779 0.9524
1311868171.6634 0.9724 -0.1163 -0.1057 0.0320 -0.2471 -0.1807 0.9515
1311868171.6994 0.9806 -0.1150 -0.1064 0.0310 -0.2488 -0.1852 0.9502
1311868171.7315 0.9900 -0.1115 -0.1062 0.0306 -0.2499 -0.1884 0.9493
1311868171.7635 0.9973 -0.1090 -0.1058 0.0303 -0.2504 -0.1914 0.9486
1311868171.7995 1.0057 -0.1052 -0.1047 0.0291 -0.2508 -0.1946 0.9478
1311868171.8314 1.0149 -0.1073 -0.1018 0.0258 -0.2510 -0.1969 0.9474
1311868171.8996 1.0300 -0.1058 -0.0938 0.0197 -0.2513 -0.2000 0.9468
1311868171.9315 1.0350 -0.1056 -0.0899 0.0164 -0.2522 -0.2017 0.9463
1311868171.9996 1.0526 -0.1047 -0.0855 0.0131 -0.2532 -0.2051 0.9453
1311868172.0315 1.0571 -0.1005 -0.0854 0.0121 -0.2519 -0.2069 0.9453
1311868172.0634 1.0617 -0.0938 -0.0830 0.0114 -0.2517 -0.2066 0.9454
1311868172.0995 1.0672 -0.0935 -0.0803 0.0077 -0.2527 -0.2069 0.9451
1311868172.1315 1.0724 -0.0927 -0.0779 0.0042 -0.2532 -0.2071 0.9450
1311868172.1636 1.0769 -0.0928 -0.0758 0.0005 -0.2531 -0.2077 0.9449
1311868172.1998 1.0807 -0.0920 -0.0739 -0.0027 -0.2523 -0.2086 0.9449
1311868172.2635 1.0943 -0.0925 -0.0672 -0.0058 -0.2517 -0.2109 0.9445
1311868172.2995 1.0961 -0.0893 -0.0667 -0.0082 -0.2504 -0.2125 0.9445
1311868172.3635 1.1054 -0.0881 -0.0595 -0.0146 -0.2501 -0.2163 0.9436
1311868172.3995 1.1106 -0.0893 -0.0556 -0.0183 -0.2494 -0.2180 0.9434
1311868172.4635 1.1208 -0.0880 -0.0466 -0.0237 -0.2451 -0.2215 0.9436
1311868172.4995 1.1255 -0.0868 -0.0394 -0.0263 -0.2432 -0.2233 0.9436
1311868172.5636 1.1299 -0.0793 -0.0324 -0.0309 -0.2384 -0.2244 0.9444
1311868172.5996 1.1352 -0.0773 -0.0250 -0.0336 -0.2376 -0.2245 0.9445
1311868172.6316 1.1395 -0.0749 -0.0208 -0.0363 -0.2361 -0.2255 0.9445
1311868172.6636 1.1441 -0.0756 -0.0159 -0.0400 -0.2343 -0.2256 0.9448
1311868172.6996 1.1506 -0.0765 -0.0081 -0.0445 -0.2327 -0.2241 0.9453
1311868172.7635 1.1555 -0.0705 0.0062 -0.0542 -0.2273 -0.2233 0.9463
1311868172.7996 1.1572 -0.0704 0.0170 -0.0591 -0.2250 -0.2236 0.9465
1311868172.8635 1.1613 -0.0676 0.0357 -0.0658 -0.2220 -0.2258 0.9463
1311868172.8995 1.1582 -0.0624 0.0430 -0.0682 -0.2208 -0.2270 0.9461
1311868172.9316 1.1662 -0.0741 0.0567 -0.0722 -0.2231 -0.2279 0.9450
1311868172.9636 1.1631 -0.0662 0.0654 -0.0718 -0.2218 -0.2285 0.9452
1311868172.9996 1.1650 -0.0734 0.0753 -0.0729 -0.2221 -0.2302 0.9447
1311868173.0675 1.1710 -0.0842 0.0905 -0.0744 -0.2199 -0.2336 0.9442
1311868173.0996 1.1710 -0.0873 0.0968 -0.0749 -0.2182 -0.2342 0.9444
1311868173.1315 1.1703 -0.0848 0.1043 -0.0751 -0.2173 -0.2349 0.9444
1311868173.1675 1.1696 -0.0939 0.1137 -0.0778 -0.2175 -0.2375 0.9435
1311868173.1996 1.1694 -0.0977 0.1200 -0.0763 -0.2176 -0.2399 0.9430
1311868173.2315 1.1739 -0.1096 0.1265 -0.0754 -0.2195 -0.2437 0.9417
1311868173.2677 1.1722 -0.1105 0.1312 -0.0718 -0.2177 -0.2452 0.9420
1311868173.2997 1.1718 -0.1109 0.1325 -0.0688 -0.2156 -0.2424 0.9434
1311868173.3315 1.1761 -0.1158 0.1377 -0.0690 -0.2171 -0.2395 0.9438
1311868173.3677 1.1750 -0.1179 0.1441 -0.0693 -0.2183 -0.2388 0.9437
1311868173.3996 1.1770 -0.1239 0.1503 -0.0702 -0.2209 -0.2379 0.9432
1311868173.4316 1.1800 -0.1267 0.1532 -0.0681 -0.2216 -0.2386 0.9430
1311868173.4676 1.1835 -0.1342 0.1578 -0.0682 -0.2224 -0.2383 0.9429
1311868173.5316 1.1905 -0.1407 0.1716 -0.0674 -0.2249 -0.2339 0.9435
1311868173.5676 1.1904 -0.1417 0.1762 -0.0686 -0.2255 -0.2335 0.9433
1311868173.6316 1.1943 -0.1437 0.1863 -0.0692 -0.2271 -0.2338 0.9429
1311868173.6680 1.1970 -0.1494 0.1914 -0.0695 -0.2285 -0.2348 0.9422
1311868173.6997 1.1986 -0.1521 0.1978 -0.0694 -0.2307 -0.2345 0.9418
1311868173.7316 1.1994 -0.1525 0.2031 -0.0683 -0.2339 -0.2361 0.9407
1311868173.7676 1.2033 -0.1591 0.2067 -0.0680 -0.2382 -0.2383 0.9391
1311868173.7995 1.2034 -0.1620 0.2144 -0.0657 -0.2415 -0.2395 0.9381
1311868173.8316 1.2065 -0.1683 0.2233 -0.0639 -0.2469 -0.2398 0.9367
1311868173.8675 1.2085 -0.1696 0.2234 -0.0613 -0.2521 -0.2445 0.9343
1311868173.9316 1.2158 -0.1810 0.2325 -0.0554 -0.2625 -0.2543 0.9292
1311868173.9676 1.2186 -0.1872 0.2373 -0.0518 -0.2669 -0.2595 0.9267
1311868173.9997 1.2220 -0.1889 0.2403 -0.0467 -0.2714 -0.2656 0.9239
1311868174.0317 1.2290 -0.1965 0.2439 -0.0444 -0.2769 -0.2698 0.9212
1311868174.0677 1.2347 -0.2037 0.2485 -0.0433 -0.2817 -0.2724 0.9190
1311868174.0995 1.2410 -0.2089 0.2531 -0.0425 -0.2862 -0.2733 0.9174
1311868174.1317 1.2483 -0.2147 0.2579 -0.0421 -0.2900 -0.2755 0.9155
1311868174.1679 1.2520 -0.2248 0.2638 -0.0413 -0.2925 -0.2787 0.9138
1311868174.2316 1.2613 -0.2336 0.2748 -0.0372 -0.2962 -0.2809 0.9121
1311868174.2678 1.2651 -0.2333 0.2755 -0.0339 -0.2973 -0.2841 0.9109
1311868174.2997 1.2713 -0.2413 0.2804 -0.0334 -0.2999 -0.2862 0.9094
1311868174.3318 1.2767 -0.2425 0.2838 -0.0323 -0.3021 -0.2875 0.9083
1311868174.3680 1.2818 -0.2463 0.2884 -0.0325 -0.3047 -0.2885 0.9071
1311868174.3997 1.2861 -0.2486 0.2912 -0.0321 -0.3067 -0.2900 0.9060
1311868174.4318 1.2903 -0.2511 0.2947 -0.0318 -0.3087 -0.2909 0.9050
1311868174.4676 1.2911 -0.2487 0.2984 -0.0306 -0.3104 -0.2912 0.9044
1311868174.4997 1.2921 -0.2483 0.3012 -0.0299 -0.3134 -0.2923 0.9030
1311868174.5317 1.2956 -0.2533 0.3059 -0.0305 -0.3172 -0.2939 0.9011
1311868174.5676 1.2942 -0.2526 0.3036 -0.0307 -0.3184 -0.2950 0.9004
1311868174.5997 1.2976 -0.2555 0.3113 -0.0305 -0.3213 -0.2941 0.8996
1311868174.6318 1.3024 -0.2656 0.3193 -0.0314 -0.3244 -0.2909 0.8995
1311868174.6678 1.2993 -0.2599 0.3174 -0.0295 -0.3238 -0.2897 0.9002
1311868174.6996 1.3003 -0.2683 0.3248 -0.0302 -0.3264 -0.2870 0.9001
1311868174.7316 1.2988 -0.2706 0.3301 -0.0280 -0.3280 -0.2858 0.9000
1311868174.7677 1.2978 -0.2749 0.3330 -0.0247 -0.3293 -0.2856 0.8996
1311868174.7998 1.2979 -0.2835 0.3371 -0.0227 -0.3312 -0.2848 0.8993
1311868174.8318 1.2969 -0.2849 0.3378 -0.0192 -0.3321 -0.2833 0.8995
1311868174.8678 1.2952 -0.2879 0.3399 -0.0156 -0.3331 -0.2825 0.8994
1311868174.8997 1.2940 -0.2949 0.3459 -0.0127 -0.3340 -0.2819 0.8994
1311868174.9318 1.2914 -0.2958 0.3464 -0.0083 -0.3324 -0.2808 0.9003
1311868174.9677 1.2879 -0.3009 0.3524 -0.0047 -0.3318 -0.2791 0.9011
1311868174.9998 1.2856 -0.2999 0.3531 -0.0003 -0.3312 -0.2773 0.9019
1311868175.0317 1.2803 -0.3067 0.3595 0.0028 -0.3316 -0.2777 0.9016
1311868175.0677 1.2768 -0.3153 0.3649 0.0060 -0.3320 -0.2788 0.9011
1311868175.0996 1.2742 -0.3167 0.3666 0.0100 -0.3319 -0.2781 0.9013
1311868175.1317 1.2652 -0.3229 0.3718 0.0135 -0.3323 -0.2783 0.9011
1311868175.1678 1.2558 -0.3322 0.3751 0.0193 -0.3334 -0.2797 0.9001
1311868175.1996 1.2484 -0.3436 0.3784 0.0291 -0.3348 -0.2815 0.8988
1311868175.2318 1.2455 -0.3512 0.3814 0.0414 -0.3360 -0.2803 0.8982
1311868175.2678 1.2426 -0.3545 0.3852 0.0519 -0.3374 -0.2760 0.8985
1311868175.3000 1.2398 -0.3527 0.3884 0.0592 -0.3399 -0.2701 0.8989
1311868175.3319 1.2369 -0.3487 0.3918 0.0621 -0.3439 -0.2645 0.8988
1311868175.3677 1.2339 -0.3558 0.3963 0.0607 -0.3488 -0.2599 0.8984
1311868175.4000 1.2298 -0.3593 0.3991 0.0620 -0.3521 -0.2571 0.8978
1311868175.4320 1.2255 -0.3630 0.4048 0.0648 -0.3544 -0.2545 0.8975
1311868175.4677 1.2214 -0.3734 0.4118 0.0674 -0.3563 -0.2514 0.8974
1311868175.4998 1.2203 -0.3789 0.4198 0.0726 -0.3580 -0.2474 0.8974
1311868175.5318 1.2175 -0.3804 0.4237 0.0762 -0.3592 -0.2444 0.8975
1311868175.5678 1.2149 -0.3808 0.4278 0.0782 -0.3614 -0.2408 0.8974
1311868175.5999 1.2142 -0.3877 0.4352 0.0779 -0.3660 -0.2379 0.8963
1311868175.6318 1.2141 -0.3959 0.4413 0.0791 -0.3696 -0.2380 0.8947
1311868175.6677 1.2159 -0.3998 0.4466 0.0828 -0.3717 -0.2372 0.8937
1311868175.6998 1.2163 -0.4044 0.4508 0.0864 -0.3729 -0.2362 0.8932
1311868175.7317 1.2170 -0.4060 0.4559 0.0903 -0.3742 -0.2348 0.8926
1311868175.7676 1.2165 -0.4100 0.4618 0.0931 -0.3766 -0.2347 0.8913
1311868175.7998 1.2189 -0.4142 0.4677 0.0959 -0.3801 -0.2341 0.8897
1311868175.8318 1.2210 -0.4188 0.4710 0.0973 -0.3835 -0.2353 0.8877
1311868175.8677 1.2217 -0.4293 0.4761 0.0983 -0.3872 -0.2370 0.8856
1311868175.8997 1.2251 -0.4376 0.4805 0.1001 -0.3911 -0.2388 0.8832
1311868175.9316 1.2280 -0.4433 0.4828 0.1020 -0.3941 -0.2417 0.8808
1311868175.9679 1.2304 -0.4476 0.4822 0.1032 -0.3971 -0.2450 0.8784
1311868175.9999 1.2330 -0.4527 0.4854 0.1026 -0.4014 -0.2472 0.8759
1311868176.0320 1.2370 -0.4580 0.4947 0.1020 -0.4066 -0.2495 0.8729
1311868176.0679 1.2436 -0.4655 0.5029 0.1022 -0.4117 -0.2538 0.8693
1311868176.0998 1.2488 -0.4712 0.5113 0.1026 -0.4160 -0.2583 0.8659
1311868176.1317 1.2534 -0.4795 0.5197 0.1025 -0.4199 -0.2625 0.8627
1311868176.1680 1.2592 -0.4865 0.5300 0.1025 -0.4241 -0.2658 0.8596
1311868176.1999 1.2675 -0.4931 0.5394 0.1020 -0.4278 -0.2681 0.8571
1311868176.2319 1.2764 -0.4939 0.5434 0.1016 -0.4301 -0.2715 0.8550
1311868176.2678 1.2830 -0.4981 0.5485 0.0985 -0.4321 -0.2748 0.8533
1311868176.2998 1.2885 -0.5020 0.5531 0.0964 -0.4333 -0.2792 0.8515
1311868176.3319 1.2946 -0.5055 0.5595 0.0949 -0.4337 -0.2839 0.8499
1311868176.3678 1.3001 -0.5077 0.5654 0.0933 -0.4334 -0.2878 0.8489
1311868176.3999 1.3033 -0.5123 0.5745 0.0895 -0.4335 -0.2902 0.8484
1311868176.4317 1.3076 -0.5156 0.5817 0.0856 -0.4337 -0.2925 0.8480
1311868176.4679 1.3119 -0.5181 0.5906 0.0815 -0.4337 -0.2945 0.8477
1311868176.4998 1.3147 -0.5216 0.5972 0.0778 -0.4331 -0.2965 0.8476
1311868176.5319 1.3172 -0.5245 0.6043 0.0742 -0.4326 -0.2984 0.8475
1311868176.5678 1.3201 -0.5260 0.6097 0.0720 -0.4322 -0.3018 0.8467
1311868176.6021 1.3234 -0.5255 0.6130 0.0715 -0.4319 -0.3047 0.8459
1311868176.6317 1.3282 -0.5228 0.6191 0.0692 -0.4324 -0.3049 0.8457
1311868176.6678 1.3301 -0.5260 0.6244 0.0653 -0.4330 -0.3043 0.8459
1311868176.6998 1.3347 -0.5256 0.6314 0.0628 -0.4343 -0.3025 0.8461
1311868176.7318 1.3354 -0.5316 0.6380 0.0602 -0.4348 -0.3025 0.8461
1311868176.7678 1.3369 -0.5333 0.6409 0.0604 -0.4348 -0.3028 0.8459
1311868176.7997 1.3392 -0.5342 0.6430 0.0613 -0.4350 -0.3037 0.8454
1311868176.8319 1.3411 -0.5372 0.6482 0.0613 -0.4353 -0.3038 0.8452
1311868176.8678 1.3421 -0.5399 0.6537 0.0607 -0.4357 -0.3031 0.8453
1311868176.8998 1.3422 -0.5442 0.6627 0.0596 -0.4357 -0.3025 0.8457
1311868176.9318 1.3438 -0.5480 0.6681 0.0597 -0.4344 -0.3021 0.8464
1311868176.9679 1.3442 -0.5482 0.6740 0.0605 -0.4332 -0.3019 0.8471
1311868176.9999 1.3447 -0.5505 0.6829 0.0608 -0.4334 -0.3020 0.8469
1311868177.0320 1.3430 -0.5535 0.6900 0.0605 -0.4332 -0.3029 0.8467
1311868177.0679 1.3401 -0.5555 0.6954 0.0592 -0.4329 -0.3044 0.8464
1311868177.0997 1.3356 -0.5613 0.7033 0.0581 -0.4327 -0.3071 0.8456
1311868177.1319 1.3359 -0.5647 0.7126 0.0586 -0.4319 -0.3078 0.8457
1311868177.1681 1.3345 -0.5664 0.7182 0.0605 -0.4296 -0.3093 0.8462
1311868177.1999 1.3333 -0.5686 0.7225 0.0627 -0.4270 -0.3112 0.8467
1311868177.2319 1.3333 -0.5691 0.7289 0.0641 -0.4254 -0.3116 0.8472
1311868177.2678 1.3323 -0.5678 0.7351 0.0650 -0.4244 -0.3112 0.8478
1311868177.2999 1.3281 -0.5702 0.7421 0.0636 -0.4246 -0.3115 0.8478
1311868177.3317 1.3255 -0.5722 0.7481 0.0627 -0.4254 -0.3119 0.8472
1311868177.3679 1.3254 -0.5734 0.7539 0.0628 -0.4261 -0.3121 0.8468
1311868177.4000 1.3209 -0.5824 0.7599 0.0647 -0.4253 -0.3148 0.8461
1311868177.4318 1.3184 -0.5851 0.7638 0.0689 -0.4232 -0.3175 0.8458
1311868177.4678 1.3197 -0.5850 0.7670 0.0702 -0.4210 -0.3174 0.8468
1311868177.4998 1.3187 -0.5845 0.7744 0.0686 -0.4198 -0.3143 0.8487
1311868177.5318 1.3177 -0.5822 0.7800 0.0647 -0.4192 -0.3147 0.8491
1311868177.5679 1.3142 -0.5864 0.7875 0.0590 -0.4191 -0.3169 0.8488
1311868177.5997 1.3135 -0.5862 0.7939 0.0556 -0.4186 -0.3192 0.8484
1311868177.6321 1.3112 -0.5887 0.7984 0.0551 -0.4168 -0.3244 0.8474
1311868177.6679 1.3112 -0.5898 0.8031 0.0561 -0.4149 -0.3286 0.8466
1311868177.6999 1.3086 -0.5947 0.8096 0.0560 -0.4137 -0.3301 0.8466
1311868177.7320 1.3110 -0.5907 0.8150 0.0552 -0.4139 -0.3301 0.8466
1311868177.7679 1.3101 -0.5923 0.8198 0.0519 -0.4152 -0.3310 0.8458
1311868177.7999 1.3077 -0.5962 0.8272 0.0494 -0.4186 -0.3307 0.8444
1311868177.8320 1.3099 -0.5985 0.8336 0.0480 -0.4233 -0.3317 0.8417
1311868177.8678 1.3126 -0.6039 0.8423 0.0466 -0.4280 -0.3333 0.8388
1311868177.8999 1.3170 -0.6080 0.8498 0.0457 -0.4318 -0.3344 0.8365
1311868177.9319 1.3231 -0.6104 0.8552 0.0455 -0.4352 -0.3365 0.8339
1311868177.9679 1.3273 -0.6115 0.8592 0.0456 -0.4382 -0.3413 0.8303
1311868178.0001 1.3295 -0.6158 0.8653 0.0447 -0.4420 -0.3447 0.8270
1311868178.0320 1.3354 -0.6142 0.8709 0.0435 -0.4466 -0.3471 0.8235
1311868178.0680 1.3376 -0.6156 0.8752 0.0409 -0.4510 -0.3515 0.8193
1311868178.1000 1.3448 -0.6187 0.8822 0.0385 -0.4567 -0.3549 0.8149
1311868178.1320 1.3508 -0.6229 0.8860 0.0384 -0.4607 -0.3608 0.8100
1311868178.1680 1.3548 -0.6282 0.8919 0.0387 -0.4637 -0.3647 0.8065
1311868178.1999 1.3615 -0.6316 0.8968 0.0400 -0.4651 -0.3681 0.8041
1311868178.2320 1.3682 -0.6380 0.9012 0.0424 -0.4652 -0.3714 0.8024
1311868178.2680 1.3733 -0.6420 0.9063 0.0449 -0.4641 -0.3733 0.8020
1311868178.2998 1.3805 -0.6392 0.9084 0.0483 -0.4633 -0.3758 0.8011
1311868178.3322 1.3874 -0.6372 0.9107 0.0489 -0.4646 -0.3768 0.7999
1311868178.3680 1.3932 -0.6342 0.9132 0.0469 -0.4670 -0.3784 0.7978
1311868178.4001 1.3960 -0.6365 0.9156 0.0417 -0.4697 -0.3807 0.7955
1311868178.4322 1.4002 -0.6365 0.9186 0.0375 -0.4727 -0.3808 0.7938
1311868178.4679 1.4049 -0.6382 0.9198 0.0343 -0.4761 -0.3810 0.7918
1311868178.5001 1.4089 -0.6401 0.9204 0.0301 -0.4783 -0.3822 0.7901
1311868178.5319 1.4134 -0.6447 0.9213 0.0268 -0.4807 -0.3809 0.7894
1311868178.5679 1.4200 -0.6417 0.9222 0.0259 -0.4824 -0.3811 0.7883
1311868178.6001 1.4247 -0.6444 0.9211 0.0246 -0.4836 -0.3818 0.7873
1311868178.6320 1.4288 -0.6466 0.9191 0.0233 -0.4845 -0.3813 0.7870
1311868178.6680 1.4368 -0.6463 0.9174 0.0224 -0.4862 -0.3808 0.7862
1311868178.6999 1.4456 -0.6425 0.9180 0.0213 -0.4881 -0.3808 0.7850
1311868178.7319 1.4538 -0.6412 0.9179 0.0206 -0.4893 -0.3807 0.7844
1311868178.7679 1.4601 -0.6417 0.9163 0.0199 -0.4899 -0.3802 0.7843
1311868178.8000 1.4667 -0.6429 0.9126 0.0194 -0.4904 -0.3799 0.7841
1311868178.8320 1.4770 -0.6398 0.9100 0.0191 -0.4909 -0.3790 0.7842
1311868178.8679 1.4878 -0.6370 0.9084 0.0173 -0.4914 -0.3776 0.7847
1311868178.9000 1.4978 -0.6354 0.9075 0.0160 -0.4917 -0.3768 0.7849
1311868178.9323 1.5077 -0.6335 0.9047 0.0163 -0.4920 -0.3765 0.7848
1311868178.9679 1.5171 -0.6344 0.9015 0.0166 -0.4921 -0.3768 0.7846
1311868179.0000 1.5292 -0.6360 0.8982 0.0169 -0.4914 -0.3761 0.7854
1311868179.0322 1.5418 -0.6351 0.8935 0.0168 -0.4898 -0.3743 0.7872
1311868179.0678 1.5530 -0.6305 0.8890 0.0152 -0.4882 -0.3730 0.7888
1311868179.1001 1.5624 -0.6282 0.8817 0.0117 -0.4875 -0.3725 0.7896
1311868179.1320 1.5707 -0.6293 0.8759 0.0078 -0.4881 -0.3742 0.7884
1311868179.1680 1.5818 -0.6311 0.8733 0.0083 -0.4893 -0.3770 0.7864
1311868179.2002 1.5939 -0.6327 0.8710 0.0107 -0.4893 -0.3792 0.7853
1311868179.2320 1.6089 -0.6303 0.8665 0.0133 -0.4874 -0.3817 0.7852
1311868179.2681 1.6209 -0.6302 0.8608 0.0107 -0.4834 -0.3818 0.7877
1311868179.3005 1.6299 -0.6286 0.8550 0.0052 -0.4795 -0.3791 0.7914
1311868179.3331 1.6386 -0.6244 0.8531 -0.0001 -0.4781 -0.3774 0.7931
1311868179.3681 1.6463 -0.6265 0.8501 -0.0047 -0.4782 -0.3789 0.7923
1311868179.4001 1.6562 -0.6272 0.8482 -0.0078 -0.4782 -0.3813 0.7911
1311868179.4322 1.6641 -0.6307 0.8500 -0.0100 -0.4769 -0.3834 0.7909
1311868179.4680 1.6763 -0.6319 0.8484 -0.0088 -0.4737 -0.3843 0.7924
1311868179.5001 1.6867 -0.6299 0.8471 -0.0076 -0.4700 -0.3839 0.7948
1311868179.5322 1.6918 -0.6340 0.8413 -0.0102 -0.4660 -0.3839 0.7971
1311868179.5680 1.6986 -0.6343 0.8391 -0.0130 -0.4638 -0.3851 0.7978
1311868179.6002 1.7069 -0.6342 0.8386 -0.0157 -0.4623 -0.3857 0.7983
1311868179.6320 1.7169 -0.6330 0.8428 -0.0165 -0.4613 -0.3862 0.7986
1311868179.6682 1.7259 -0.6327 0.8431 -0.0162 -0.4590 -0.3875 0.7993
1311868179.7002 1.7306 -0.6414 0.8413 -0.0184 -0.4565 -0.3879 0.8005
1311868179.7322 1.7431 -0.6334 0.8418 -0.0157 -0.4545 -0.3879 0.8017
1311868179.7683 1.7489 -0.6379 0.8420 -0.0176 -0.4533 -0.3877 0.8024
1311868179.8001 1.7582 -0.6358 0.8405 -0.0173 -0.4530 -0.3873 0.8028
1311868179.8321 1.7609 -0.6418 0.8421 -0.0202 -0.4533 -0.3897 0.8014
1311868179.8678 1.7691 -0.6467 0.8439 -0.0208 -0.4544 -0.3910 0.8001
1311868179.8999 1.7793 -0.6453 0.8444 -0.0195 -0.4554 -0.3926 0.7988
1311868179.9320 1.7859 -0.6481 0.8471 -0.0192 -0.4566 -0.3946 0.7971
1311868179.9680 1.7901 -0.6519 0.8489 -0.0197 -0.4580 -0.3949 0.7962
1311868180.0000 1.7990 -0.6519 0.8494 -0.0190 -0.4606 -0.3970 0.7937
1311868180.0319 1.8082 -0.6546 0.8487 -0.0190 -0.4631 -0.3997 0.7908
1311868180.0681 1.8161 -0.6595 0.8538 -0.0198 -0.4657 -0.4021 0.7881
1311868180.1001 1.8248 -0.6608 0.8563 -0.0208 -0.4665 -0.4024 0.7874
1311868180.1319 1.8283 -0.6683 0.8574 -0.0242 -0.4664 -0.4041 0.7865
1311868180.1681 1.8384 -0.6665 0.8631 -0.0251 -0.4678 -0.4040 0.7857
1311868180.2000 1.8422 -0.6744 0.8632 -0.0281 -0.4685 -0.4049 0.7847
1311868180.2322 1.8530 -0.6741 0.8675 -0.0288 -0.4705 -0.4046 0.7837
1311868180.2680 1.8618 -0.6738 0.8703 -0.0296 -0.4716 -0.4052 0.7826
1311868180.3000 1.8648 -0.6809 0.8723 -0.0331 -0.4726 -0.4067 0.7812
1311868180.3319 1.8753 -0.6752 0.8753 -0.0329 -0.4740 -0.4073 0.7799
1311868180.3681 1.8782 -0.6845 0.8762 -0.0365 -0.4753 -0.4095 0.7778
1311868180.4001 1.8875 -0.6819 0.8791 -0.0371 -0.4769 -0.4101 0.7765
1311868180.4320 1.8941 -0.6852 0.8837 -0.0396 -0.4789 -0.4112 0.7746
1311868180.4681 1.8990 -0.6848 0.8872 -0.0420 -0.4800 -0.4125 0.7731
1311868180.5001 1.9037 -0.6840 0.8909 -0.0443 -0.4808 -0.4133 0.7721
1311868180.5319 1.9089 -0.6886 0.8922 -0.0464 -0.4818 -0.4145 0.7706
1311868180.5680 1.9114 -0.6835 0.8989 -0.0463 -0.4822 -0.4165 0.7693
1311868180.6000 1.9127 -0.6950 0.8979 -0.0490 -0.4820 -0.4181 0.7684
1311868180.6321 1.9204 -0.6941 0.8969 -0.0485 -0.4815 -0.4183 0.7686
1311868180.6682 1.9245 -0.6912 0.9038 -0.0488 -0.4817 -0.4185 0.7684
1311868180.7002 1.9257 -0.6979 0.9042 -0.0509 -0.4814 -0.4187 0.7683
1311868180.7321 1.9286 -0.7031 0.9035 -0.0520 -0.4810 -0.4190 0.7684
1311868180.7682 1.9303 -0.7081 0.9064 -0.0525 -0.4809 -0.4188 0.7685
1311868180.8002 1.9343 -0.7084 0.9109 -0.0510 -0.4809 -0.4184 0.7688
1311868180.8320 1.9394 -0.7066 0.9146 -0.0487 -0.4805 -0.4170 0.7700
1311868180.8680 1.9433 -0.7114 0.9143 -0.0473 -0.4795 -0.4169 0.7708
1311868180.9000 1.9461 -0.7188 0.9162 -0.0475 -0.4788 -0.4165 0.7714
1311868180.9321 1.9459 -0.7246 0.9186 -0.0477 -0.4775 -0.4158 0.7726
1311868180.9680 1.9468 -0.7198 0.9194 -0.0459 -0.4757 -0.4129 0.7753
1311868181.0000 1.9495 -0.7209 0.9227 -0.0450 -0.4755 -0.4107 0.7766
1311868181.0322 1.9518 -0.7277 0.9275 -0.0446 -0.4756 -0.4111 0.7764
1311868181.0682 1.9505 -0.7333 0.9268 -0.0438 -0.4735 -0.4110 0.7778
1311868181.1001 1.9517 -0.7323 0.9281 -0.0425 -0.4714 -0.4095 0.7799
1311868181.1320 1.9505 -0.7327 0.9304 -0.0417 -0.4698 -0.4091 0.7811
1311868181.1680 1.9512 -0.7354 0.9337 -0.0414 -0.4692 -0.4087 0.7817
1311868181.2000 1.9513 -0.7381 0.9351 -0.0415 -0.4685 -0.4092 0.7819
1311868181.2321 1.9505 -0.7421 0.9378 -0.0421 -0.4680 -0.4099 0.7818
1311868181.2680 1.9501 -0.7409 0.9414 -0.0420 -0.4673 -0.4095 0.7824
1311868181.3001 1.9462 -0.7461 0.9435 -0.0430 -0.4661 -0.4117 0.7819
1311868181.3321 1.9426 -0.7473 0.9460 -0.0426 -0.4646 -0.4140 0.7816
1311868181.3680 1.9411 -0.7460 0.9500 -0.0409 -0.4635 -0.4150 0.7818
1311868181.4001 1.9384 -0.7466 0.9540 -0.0400 -0.4623 -0.4153 0.7824
1311868181.4324 1.9350 -0.7474 0.9545 -0.0401 -0.4609 -0.4149 0.7835
1311868181.4680 1.9319 -0.7500 0.9564 -0.0418 -0.4604 -0.4140 0.7841
1311868181.5003 1.9284 -0.7522 0.9620 -0.0435 -0.4608 -0.4136 0.7840
1311868181.5322 1.9235 -0.7539 0.9672 -0.0444 -0.4603 -0.4146 0.7837
1311868181.5682 1.9167 -0.7549 0.9721 -0.0439 -0.4594 -0.4154 0.7839
1311868181.6001 1.9114 -0.7557 0.9741 -0.0424 -0.4584 -0.4166 0.7840
1311868181.6324 1.9055 -0.7598 0.9766 -0.0423 -0.4576 -0.4167 0.7844
1311868181.6680 1.9001 -0.7597 0.9816 -0.0422 -0.4573 -0.4157 0.7850
1311868181.7000 1.8918 -0.7622 0.9851 -0.0435 -0.4570 -0.4144 0.7858
1311868181.7326 1.8833 -0.7635 0.9898 -0.0444 -0.4574 -0.4126 0.7865
1311868181.7681 1.8747 -0.7650 0.9964 -0.0443 -0.4582 -0.4128 0.7860
1311868181.8001 1.8636 -0.7716 1.0005 -0.0445 -0.4578 -0.4128 0.7861
1311868181.8322 1.8546 -0.7738 1.0043 -0.0422 -0.4574 -0.4125 0.7867
1311868181.8681 1.8472 -0.7740 1.0098 -0.0407 -0.4571 -0.4122 0.7871
1311868181.9002 1.8366 -0.7775 1.0112 -0.0398 -0.4554 -0.4137 0.7873
1311868181.9321 1.8267 -0.7789 1.0173 -0.0387 -0.4545 -0.4131 0.7882
1311868181.9682 1.8153 -0.7827 1.0215 -0.0387 -0.4538 -0.4127 0.7888
1311868182.0002 1.8020 -0.7867 1.0241 -0.0376 -0.4533 -0.4133 0.7888
1311868182.0322 1.7923 -0.7874 1.0273 -0.0352 -0.4542 -0.4128 0.7887
1311868182.0682 1.7829 -0.7889 1.0300 -0.0337 -0.4552 -0.4118 0.7887
1311868182.1002 1.7707 -0.7918 1.0356 -0.0340 -0.4558 -0.4110 0.7888
1311868182.1362 1.7606 -0.7954 1.0406 -0.0342 -0.4560 -0.4096 0.7893
1311868182.1681 1.7530 -0.7919 1.0459 -0.0325 -0.4555 -0.4077 0.7907
1311868182.2003 1.7437 -0.7962 1.0502 -0.0333 -0.4553 -0.4066 0.7914
1311868182.2362 1.7315 -0.8008 1.0558 -0.0336 -0.4549 -0.4067 0.7915
1311868182.2681 1.7253 -0.8013 1.0606 -0.0319 -0.4551 -0.4061 0.7918
1311868182.3002 1.7196 -0.8011 1.0671 -0.0312 -0.4548 -0.4056 0.7923
1311868182.3362 1.7124 -0.8003 1.0715 -0.0311 -0.4533 -0.4047 0.7936
1311868182.3682 1.7036 -0.8046 1.0778 -0.0329 -0.4527 -0.4032 0.7946
1311868182.4003 1.6942 -0.8058 1.0843 -0.0333 -0.4522 -0.4029 0.7950
1311868182.4361 1.6830 -0.8085 1.0899 -0.0327 -0.4523 -0.4036 0.7946
1311868182.4681 1.6738 -0.8113 1.0967 -0.0310 -0.4533 -0.4027 0.7946
1311868182.5009 1.6624 -0.8140 1.1025 -0.0286 -0.4540 -0.4015 0.7949
1311868182.5361 1.6526 -0.8175 1.1070 -0.0261 -0.4560 -0.4000 0.7946
1311868182.5680 1.6417 -0.8216 1.1125 -0.0233 -0.4589 -0.3991 0.7935
1311868182.6003 1.6318 -0.8242 1.1182 -0.0197 -0.4621 -0.3971 0.7927
1311868182.6363 1.6206 -0.8303 1.1232 -0.0166 -0.4658 -0.3957 0.7913
1311868182.6680 1.6123 -0.8330 1.1304 -0.0119 -0.4705 -0.3947 0.7891
1311868182.7003 1.6001 -0.8402 1.1344 -0.0081 -0.4745 -0.3948 0.7867
1311868182.7362 1.5924 -0.8405 1.1420 -0.0033 -0.4795 -0.3927 0.7848
1311868182.7683 1.5836 -0.8437 1.1486 -0.0000 -0.4848 -0.3937 0.7810
1311868182.8002 1.5734 -0.8490 1.1570 0.0021 -0.4901 -0.3952 0.7769
1311868182.8362 1.5643 -0.8513 1.1660 0.0048 -0.4951 -0.3951 0.7738
1311868182.8682 1.5543 -0.8572 1.1722 0.0061 -0.4998 -0.3969 0.7698
1311868182.9002 1.5438 -0.8641 1.1784 0.0074 -0.5046 -0.4003 0.7649
1311868182.9363 1.5327 -0.8710 1.1860 0.0099 -0.5099 -0.4035 0.7597
1311868182.9681 1.5218 -0.8773 1.1947 0.0133 -0.5148 -0.4072 0.7544
1311868183.0003 1.5105 -0.8865 1.2026 0.0163 -0.5185 -0.4100 0.7502
1311868183.0363 1.4983 -0.8929 1.2093 0.0191 -0.5214 -0.4120 0.7470
1311868183.0683 1.4875 -0.8985 1.2159 0.0220 -0.5247 -0.4126 0.7443
1311868183.1006 1.4765 -0.9051 1.2220 0.0250 -0.5289 -0.4146 0.7401
1311868183.1362 1.4653 -0.9131 1.2280 0.0288 -0.5331 -0.4193 0.7343
1311868183.1682 1.4528 -0.9222 1.2337 0.0328 -0.5370 -0.4236 0.7288
1311868183.2003 1.4436 -0.9292 1.2385 0.0368 -0.5404 -0.4271 0.7240
1311868183.2363 1.4340 -0.9341 1.2441 0.0398 -0.5431 -0.4316 0.7192
1311868183.2684 1.4232 -0.9391 1.2492 0.0416 -0.5450 -0.4355 0.7153
1311868183.3004 1.4116 -0.9442 1.2515 0.0433 -0.5475 -0.4385 0.7114
1311868183.3363 1.4041 -0.9460 1.2543 0.0461 -0.5513 -0.4416 0.7064
1311868183.3685 1.3934 -0.9503 1.2573 0.0485 -0.5550 -0.4459 0.7006
1311868183.4002 1.3834 -0.9568 1.2609 0.0503 -0.5587 -0.4481 0.6961
1311868183.4362 1.3773 -0.9567 1.2655 0.0499 -0.5622 -0.4473 0.6938
1311868183.4682 1.3699 -0.9576 1.2674 0.0460 -0.5655 -0.4470 0.6916
1311868183.5003 1.3613 -0.9584 1.2682 0.0406 -0.5704 -0.4461 0.6885
1311868183.5363 1.3554 -0.9589 1.2718 0.0333 -0.5765 -0.4451 0.6845
1311868183.5684 1.3436 -0.9646 1.2769 0.0249 -0.5814 -0.4453 0.6805
1311868183.6002 1.3318 -0.9704 1.2810 0.0194 -0.5857 -0.4443 0.6776
1311868183.6362 1.3241 -0.9745 1.2865 0.0155 -0.5887 -0.4433 0.6758
1311868183.6686 1.3114 -0.9801 1.2921 0.0116 -0.5896 -0.4418 0.6761
1311868183.7002 1.2998 -0.9822 1.2990 0.0103 -0.5901 -0.4393 0.6773
1311868183.7364 1.2897 -0.9854 1.3043 0.0106 -0.5893 -0.4394 0.6779
1311868183.7682 1.2802 -0.9895 1.3059 0.0120 -0.5879 -0.4403 0.6785
1311868183.8004 1.2747 -0.9877 1.3083 0.0133 -0.5870 -0.4411 0.6787
1311868183.8362 1.2671 -0.9884 1.3090 0.0128 -0.5866 -0.4423 0.6783
1311868183.8685 1.2598 -0.9882 1.3118 0.0121 -0.5871 -0.4428 0.6776
1311868183.9002 1.2514 -0.9893 1.3146 0.0116 -0.5871 -0.4437 0.6770
1311868183.9363 1.2400 -0.9924 1.3175 0.0117 -0.5867 -0.4449 0.6765
1311868183.9685 1.2246 -1.0016 1.3204 0.0139 -0.5864 -0.4462 0.6759
1311868184.0004 1.2142 -1.0061 1.3220 0.0205 -0.5858 -0.4461 0.6764
1311868184.0363 1.2018 -1.0123 1.3233 0.0257 -0.5848 -0.4439 0.6785
1311868184.0703 1.1925 -1.0170 1.3224 0.0287 -0.5841 -0.4401 0.6814
1311868184.1007 1.1845 -1.0166 1.3219 0.0310 -0.5843 -0.4367 0.6833
1311868184.1368 1.1761 -1.0192 1.3233 0.0321 -0.5856 -0.4342 0.6838
1311868184.1690 1.1676 -1.0224 1.3260 0.0336 -0.5873 -0.4314 0.6839
1311868184.2005 1.1631 -1.0245 1.3295 0.0360 -0.5888 -0.4288 0.6842
1311868184.2364 1.1544 -1.0309 1.3344 0.0358 -0.5886 -0.4273 0.6853
1311868184.2685 1.1455 -1.0353 1.3370 0.0366 -0.5871 -0.4263 0.6872
1311868184.3006 1.1405 -1.0355 1.3394 0.0381 -0.5855 -0.4267 0.6882
1311868184.3363 1.1332 -1.0352 1.3422 0.0393 -0.5848 -0.4282 0.6878
1311868184.3682 1.1259 -1.0357 1.3435 0.0403 -0.5852 -0.4299 0.6864
1311868184.4003 1.1185 -1.0384 1.3473 0.0397 -0.5866 -0.4307 0.6847
1311868184.4363 1.1072 -1.0447 1.3502 0.0383 -0.5880 -0.4306 0.6836
1311868184.4684 1.0969 -1.0502 1.3533 0.0389 -0.5896 -0.4298 0.6827
1311868184.5004 1.0905 -1.0522 1.3562 0.0418 -0.5918 -0.4280 0.6818
1311868184.5363 1.0859 -1.0532 1.3617 0.0440 -0.5946 -0.4255 0.6808
1311868184.5684 1.0778 -1.0567 1.3657 0.0433 -0.5971 -0.4246 0.6792
1311868184.6004 1.0690 -1.0588 1.3674 0.0421 -0.5998 -0.4252 0.6765
1311868184.6363 1.0608 -1.0625 1.3692 0.0406 -0.6035 -0.4265 0.6725
1311868184.6684 1.0492 -1.0690 1.3720 0.0392 -0.6079 -0.4284 0.6674
1311868184.7007 1.0401 -1.0744 1.3777 0.0406 -0.6133 -0.4294 0.6617
1311868184.7365 1.0313 -1.0821 1.3825 0.0429 -0.6177 -0.4320 0.6557
1311868184.7685 1.0214 -1.0904 1.3863 0.0458 -0.6213 -0.4335 0.6511
1311868184.8004 1.0132 -1.0979 1.3889 0.0497 -0.6250 -0.4340 0.6469
1311868184.8363 1.0061 -1.1051 1.3918 0.0532 -0.6290 -0.4341 0.6427
1311868184.8687 0.9987 -1.1114 1.3973 0.0553 -0.6331 -0.4338 0.6387
1311868184.9004 0.9909 -1.1179 1.4023 -0.0569 0.6368 0.4342 -0.6347
1311868184.9363 0.9825 -1.1280 1.4053 -0.0573 0.6393 0.4362 -0.6306
1311868184.9684 0.9738 -1.1357 1.4084 -0.0592 0.6415 0.4379 -0.6270
1311868185.0004 0.9696 -1.1418 1.4111 -0.0621 0.6434 0.4403 -0.6232
1311868185.0364 0.9636 -1.1471 1.4136 -0.0645 0.6445 0.4428 -0.6200
1311868185.0684 0.9585 -1.1520 1.4147 -0.0680 0.6461 0.4450 -0.6164
1311868185.1009 0.9538 -1.1530 1.4193 -0.0700 0.6478 0.4472 -0.6127
1311868185.1365 0.9483 -1.1549 1.4245 -0.0694 0.6496 0.4480 -0.6104
1311868185.1686 0.9376 -1.1585 1.4271 -0.0673 0.6517 0.4471 -0.6090
1311868185.2008 0.9305 -1.1630 1.4288 -0.0664 0.6538 0.4476 -0.6064
1311868185.2364 0.9196 -1.1704 1.4314 -0.0660 0.6557 0.4486 -0.6037
1311868185.2685 0.9139 -1.1741 1.4338 -0.0680 0.6577 0.4469 -0.6026
1311868185.3005 0.9034 -1.1784 1.4352 -0.0704 0.6597 0.4444 -0.6020
1311868185.3379 0.9000 -1.1808 1.4378 -0.0734 0.6617 0.4421 -0.6011
1311868185.3685 0.8921 -1.1832 1.4444 -0.0749 0.6634 0.4395 -0.6009
1311868185.4012 0.8827 -1.1870 1.4506 -0.0744 0.6642 0.4362 -0.6025
1311868185.4364 0.8740 -1.1902 1.4557 -0.0741 0.6640 0.4329 -0.6052
1311868185.4686 0.8626 -1.1922 1.4603 -0.0761 0.6627 0.4318 -0.6071
1311868185.5004 0.8565 -1.1939 1.4624 -0.0814 0.6616 0.4304 -0.6086
1311868185.5364 0.8504 -1.1951 1.4691 -0.0864 0.6608 0.4280 -0.6104
1311868185.5685 0.8459 -1.1957 1.4695 -0.0904 0.6599 0.4258 -0.6124
1311868185.6004 0.8411 -1.1968 1.4691 -0.0948 0.6606 0.4240 -0.6122
1311868185.6364 0.8342 -1.1990 1.4751 -0.0984 0.6622 0.4224 -0.6111
1311868185.6686 0.8327 -1.2027 1.4780 -0.1017 0.6632 0.4197 -0.6113
1311868185.7020 0.8307 -1.2047 1.4793 -0.1041 0.6635 0.4157 -0.6133
1311868185.7367 0.8282 -1.2060 1.4813 -0.1057 0.6641 0.4115 -0.6152
1311868185.7686 0.8257 -1.2084 1.4823 -0.1068 0.6651 0.4075 -0.6166
1311868185.8004 0.8207 -1.2080 1.4878 -0.1056 0.6669 0.4029 -0.6179
1311868185.8368 0.8196 -1.2071 1.4896 -0.1040 0.6681 0.4011 -0.6180
1311868185.8684 0.8126 -1.2054 1.4944 -0.1008 0.6701 0.4003 -0.6169
1311868185.9004 0.8067 -1.2063 1.4993 -0.0977 0.6717 0.4022 -0.6143
1311868185.9365 0.7954 -1.2090 1.5040 -0.0954 0.6730 0.4046 -0.6118
1311868185.9684 0.7891 -1.2080 1.5111 -0.0949 0.6749 0.4051 -0.6095
1311868186.0004 0.7813 -1.2075 1.5187 -0.0941 0.6769 0.4059 -0.6068
1311868186.0365 0.7755 -1.2074 1.5260 -0.0940 0.6791 0.4069 -0.6037
1311868186.0687 0.7731 -1.2091 1.5314 -0.0941 0.6808 0.4099 -0.5997
1311868186.1032 0.7698 -1.2124 1.5369 -0.0942 0.6828 0.4128 -0.5954
1311868186.1366 0.7680 -1.2143 1.5433 -0.0938 0.6851 0.4148 -0.5914
1311868186.1685 0.7673 -1.2140 1.5494 -0.0923 0.6878 0.4161 -0.5876
1311868186.2004 0.7641 -1.2157 1.5533 -0.0889 0.6903 0.4195 -0.5827
1311868186.2377 0.7581 -1.2185 1.5571 -0.0858 0.6931 0.4250 -0.5759
1311868186.2687 0.7565 -1.2208 1.5618 -0.0845 0.6966 0.4292 -0.5686
1311868186.3004 0.7569 -1.2219 1.5676 -0.0834 0.7004 0.4322 -0.5619
1311868186.3364 0.7577 -1.2218 1.5738 -0.0824 0.7042 0.4352 -0.5549
1311868186.3684 0.7566 -1.2222 1.5798 -0.0807 0.7075 0.4396 -0.5474
1311868186.4005 0.7541 -1.2246 1.5850 -0.0789 0.7101 0.4444 -0.5405
1311868186.4365 0.7527 -1.2268 1.5909 -0.0770 0.7117 0.4482 -0.5354
1311868186.4685 0.7558 -1.2305 1.5953 -0.0745 0.7126 0.4508 -0.5323
1311868186.5005 0.7578 -1.2317 1.5990 -0.0711 0.7135 0.4527 -0.5300
1311868186.5371 0.7608 -1.2325 1.6021 -0.0669 0.7149 0.4546 -0.5271
1311868186.5685 0.7615 -1.2340 1.6049 -0.0617 0.7161 0.4569 -0.5241
1311868186.6006 0.7638 -1.2368 1.6072 -0.0590 0.7173 0.4592 -0.5207
1311868186.6365 0.7703 -1.2394 1.6123 -0.0594 0.7185 0.4607 -0.5176
1311868186.6686 0.7700 -1.2413 1.6172 -0.0594 0.7190 0.4608 -0.5168
1311868186.7025 0.7714 -1.2430 1.6194 -0.0596 0.7191 0.4610 -0.5165
1311868186.7367 0.7798 -1.2437 1.6227 -0.0605 0.7196 0.4617 -0.5152
1311868186.7685 0.7904 -1.2430 1.6254 -0.0609 0.7202 0.4629 -0.5132
1311868186.8005 0.7998 -1.2418 1.6302 -0.0594 0.7214 0.4635 -0.5110
1311868186.8367 0.8042 -1.2428 1.6320 -0.0558 0.7217 0.4658 -0.5090
1311868186.8693 0.8082 -1.2468 1.6323 -0.0519 0.7214 0.4687 -0.5071
1311868186.9005 0.8170 -1.2476 1.6362 -0.0503 0.7220 0.4686 -0.5065
1311868186.9364 0.8259 -1.2476 1.6406 -0.0509 0.7223 0.4688 -0.5059
1311868186.9686 0.8285 -1.2498 1.6448 -0.0507 0.7222 0.4683 -0.5065
1311868187.0005 0.8318 -1.2515 1.6474 -0.0508 0.7217 0.4676 -0.5079
1311868187.0367 0.8368 -1.2534 1.6490 -0.0503 0.7211 0.4667 -0.5096
1311868187.0685 0.8461 -1.2529 1.6526 -0.0487 0.7205 0.4653 -0.5118
1311868187.1017 0.8545 -1.2554 1.6537 -0.0463 0.7191 0.4660 -0.5135
1311868187.1366 0.8627 -1.2557 1.6567 -0.0451 0.7178 0.4659 -0.5155
1311868187.1690 0.8740 -1.2545 1.6609 -0.0456 0.7169 0.4653 -0.5171
1311868187.2013 0.8847 -1.2541 1.6638 -0.0463 0.7151 0.4668 -0.5184
1311868187.2364 0.8927 -1.2557 1.6671 -0.0444 0.7123 0.4692 -0.5200
1311868187.2688 0.9036 -1.2542 1.6710 -0.0425 0.7098 0.4717 -0.5214
1311868187.3005 0.9135 -1.2527 1.6727 -0.0403 0.7074 0.4758 -0.5211
1311868187.3366 0.9215 -1.2547 1.6758 -0.0388 0.7058 0.4804 -0.5193
1311868187.3684 0.9229 -1.2611 1.6794 -0.0366 0.7037 0.4836 -0.5192
1311868187.4005 0.9293 -1.2655 1.6839 -0.0372 0.7009 0.4853 -0.5214
1311868187.4367 0.9356 -1.2695 1.6893 -0.0389 0.6980 0.4855 -0.5250
1311868187.4686 0.9450 -1.2714 1.6944 -0.0404 0.6957 0.4842 -0.5291
1311868187.5005 0.9546 -1.2734 1.6976 -0.0406 0.6932 0.4844 -0.5321
1311868187.5376 0.9646 -1.2755 1.7016 -0.0409 0.6921 0.4844 -0.5336
1311868187.5685 0.9730 -1.2788 1.7066 -0.0413 0.6915 0.4849 -0.5338
1311868187.6005 0.9781 -1.2818 1.7130 -0.0418 0.6911 0.4846 -0.5346
1311868187.6365 0.9785 -1.2822 1.7201 -0.0410 0.6907 0.4833 -0.5364
1311868187.6687 0.9794 -1.2828 1.7259 -0.0401 0.6906 0.4823 -0.5375
1311868187.7006 0.9827 -1.2832 1.7308 -0.0393 0.6909 0.4816 -0.5376
1311868187.7365 0.9896 -1.2863 1.7373 -0.0369 0.6918 0.4813 -0.5370
1311868187.7687 0.9912 -1.2884 1.7443 -0.0353 0.6925 0.4809 -0.5366
1311868187.8005 0.9922 -1.2908 1.7494 -0.0347 0.6931 0.4807 -0.5360
1311868187.8375 0.9921 -1.2936 1.7548 -0.0350 0.6940 0.4814 -0.5343
1311868187.8686 0.9926 -1.2983 1.7620 -0.0359 0.6956 0.4824 -0.5312
1311868187.9005 0.9945 -1.3042 1.7699 -0.0365 0.6973 0.4834 -0.5280
1311868187.9366 0.9953 -1.3094 1.7773 -0.0369 0.6988 0.4843 -0.5252
1311868187.9685 0.9943 -1.3141 1.7847 -0.0365 0.7008 0.4850 -0.5218
1311868188.0007 0.9976 -1.3199 1.7934 -0.0366 0.7035 0.4863 -0.5170
1311868188.0367 1.0010 -1.3247 1.8047 -0.0361 0.7058 0.4877 -0.5126
1311868188.0685 1.0051 -1.3285 1.8151 -0.0350 0.7075 0.4887 -0.5093
1311868188.1004 1.0080 -1.3312 1.8276 -0.0325 0.7098 0.4893 -0.5057
1311868188.1367 1.0068 -1.3354 1.8377 -0.0284 0.7111 0.4915 -0.5020
1311868188.1698 1.0066 -1.3397 1.8473 -0.0243 0.7122 0.4941 -0.4980
1311868188.2006 1.0062 -1.3456 1.8593 -0.0209 0.7130 0.4976 -0.4936
1311868188.2365 1.0043 -1.3515 1.8714 -0.0190 0.7130 0.5014 -0.4897
1311868188.2686 1.0045 -1.3546 1.8851 -0.0197 0.7124 0.5063 -0.4856
1311868188.3009 1.0056 -1.3563 1.8974 -0.0213 0.7108 0.5121 -0.4818
1311868188.3368 1.0074 -1.3570 1.9090 -0.0225 0.7084 0.5182 -0.4788
1311868188.3685 1.0084 -1.3571 1.9193 -0.0227 0.7056 0.5237 -0.4768
1311868188.4005 1.0099 -1.3569 1.9275 -0.0222 0.7034 0.5275 -0.4760
1311868188.4371 1.0128 -1.3568 1.9334 -0.0202 0.7018 0.5299 -0.4756
1311868188.4686 1.0147 -1.3573 1.9358 -0.0161 0.7007 0.5323 -0.4748
1311868188.5025 1.0175 -1.3587 1.9378 -0.0110 0.7013 0.5338 -0.4724
1311868188.5375 1.0222 -1.3600 1.9433 -0.0061 0.7035 0.5337 -0.4693
1311868188.5687 1.0276 -1.3636 1.9474 -0.0020 0.7052 0.5342 -0.4662
1311868188.6014 1.0317 -1.3656 1.9537 0.0018 0.7065 0.5337 -0.4648
1311868188.6375 1.0375 -1.3680 1.9596 0.0043 0.7067 0.5340 -0.4642
1311868188.6687 1.0452 -1.3705 1.9627 0.0060 0.7058 0.5354 -0.4639
1311868188.7035 1.0510 -1.3744 1.9644 0.0085 0.7044 0.5379 -0.4631
1311868188.7366 1.0594 -1.3771 1.9668 0.0108 0.7030 0.5401 -0.4626
1311868188.7687 1.0670 -1.3804 1.9683 0.0133 0.7011 0.5423 -0.4628
1311868188.8007 1.0758 -1.3834 1.9714 0.0148 0.6993 0.5447 -0.4627
1311868188.8365 1.0840 -1.3862 1.9737 0.0164 0.6972 0.5472 -0.4629
1311868188.8685 1.0946 -1.3891 1.9750 0.0188 0.6951 0.5488 -0.4641
1311868188.9007 1.1086 -1.3914 1.9756 0.0221 0.6939 0.5497 -0.4645
1311868188.9365 1.1201 -1.3929 1.9794 0.0280 0.6934 0.5506 -0.4639
1311868188.9687 1.1299 -1.3952 1.9815 0.0366 0.6920 0.5516 -0.4642
1311868189.0006 1.1417 -1.3959 1.9846 0.0443 0.6910 0.5522 -0.4644
1311868189.0369 1.1493 -1.3974 1.9892 0.0505 0.6898 0.5538 -0.4637
1311868189.0686 1.1570 -1.3986 1.9931 0.0529 0.6874 0.5560 -0.4643
1311868189.1006 1.1628 -1.4014 1.9971 0.0516 0.6853 0.5575 -0.4657
1311868189.1366 1.1749 -1.4057 1.9987 0.0463 0.6834 0.5591 -0.4672
1311868189.1686 1.1889 -1.4093 2.0016 0.0425 0.6813 0.5610 -0.4684
1311868189.2012 1.2004 -1.4129 2.0041 0.0422 0.6786 0.5625 -0.4704
1311868189.2383 1.2123 -1.4150 2.0069 0.0435 0.6756 0.5645 -0.4722
1311868189.2687 1.2226 -1.4170 2.0100 0.0456 0.6724 0.5672 -0.4734
1311868189.3023 1.2299 -1.4205 2.0102 0.0468 0.6698 0.5700 -0.4736
1311868189.3379 1.2380 -1.4239 2.0122 0.0461 0.6682 0.5724 -0.4730
1311868189.3684 1.2443 -1.4284 2.0148 0.0463 0.6661 0.5748 -0.4731
1311868189.4005 1.2539 -1.4303 2.0178 0.0454 0.6640 0.5760 -0.4746
1311868189.4367 1.2577 -1.4359 2.0202 0.0466 0.6614 0.5787 -0.4748
1311868189.4688 1.2677 -1.4382 2.0235 0.0476 0.6597 0.5786 -0.4772
1311868189.5006 1.2758 -1.4406 2.0257 0.0487 0.6580 0.5793 -0.4786
1311868189.5366 1.2820 -1.4438 2.0278 0.0486 0.6567 0.5819 -0.4772
1311868189.5687 1.2895 -1.4459 2.0314 0.0473 0.6564 0.5835 -0.4758
1311868189.6019 1.2912 -1.4510 2.0339 0.0488 0.6556 0.5848 -0.4753
1311868189.6367 1.3020 -1.4542 2.0367 0.0494 0.6555 0.5842 -0.4760
1311868189.6687 1.3067 -1.4587 2.0410 0.0524 0.6549 0.5853 -0.4751
1311868189.7044 1.3115 -1.4604 2.0470 0.0541 0.6550 0.5850 -0.4752
1311868189.7366 1.3131 -1.4642 2.0523 0.0552 0.6541 0.5855 -0.4757
1311868189.7689 1.3168 -1.4696 2.0608 0.0551 0.6533 0.5856 -0.4767
1311868189.8029 1.3166 -1.4731 2.0662 0.0549 0.6511 0.5861 -0.4790
1311868189.8366 1.3196 -1.4797 2.0706 0.0533 0.6492 0.5865 -0.4814
1311868189.8687 1.3241 -1.4847 2.0776 0.0527 0.6481 0.5857 -0.4839
1311868189.9020 1.3267 -1.4917 2.0848 0.0533 0.6474 0.5853 -0.4853
1311868189.9367 1.3308 -1.4958 2.0908 0.0536 0.6465 0.5849 -0.4869
1311868189.9686 1.3367 -1.4995 2.0973 0.0530 0.6459 0.5842 -0.4886
1311868190.0020 1.3337 -1.5057 2.1040 0.0530 0.6447 0.5858 -0.4882
1311868190.0367 1.3341 -1.5130 2.1096 0.0518 0.6439 0.5857 -0.4896
1311868190.0686 1.3370 -1.5203 2.1156 0.0505 0.6435 0.5852 -0.4908
1311868190.1041 1.3408 -1.5302 2.1204 0.0506 0.6431 0.5853 -0.4912
1311868190.1367 1.3417 -1.5370 2.1264 0.0522 0.6433 0.5851 -0.4910
1311868190.1688 1.3434 -1.5433 2.1335 0.0532 0.6437 0.5846 -0.4909
1311868190.2024 1.3449 -1.5500 2.1396 0.0530 0.6439 0.5845 -0.4909
1311868190.2368 1.3462 -1.5557 2.1464 0.0515 0.6440 0.5840 -0.4915
1311868190.2686 1.3500 -1.5624 2.1547 0.0497 0.6440 0.5829 -0.4929
1311868190.3025 1.3495 -1.5706 2.1589 0.0491 0.6427 0.5830 -0.4946
1311868190.3367 1.3523 -1.5776 2.1630 0.0483 0.6417 0.5827 -0.4963
1311868190.3692 1.3572 -1.5828 2.1679 0.0474 0.6414 0.5822 -0.4973
1311868190.4020 1.3610 -1.5886 2.1732 0.0476 0.6416 0.5816 -0.4978
1311868190.4366 1.3629 -1.5943 2.1796 0.0483 0.6422 0.5808 -0.4979
1311868190.4689 1.3616 -1.5995 2.1859 0.0486 0.6423 0.5805 -0.4981
1311868190.5031 1.3625 -1.6058 2.1903 0.0478 0.6418 0.5802 -0.4992
1311868190.5366 1.3647 -1.6106 2.1973 0.0465 0.6412 0.5796 -0.5008
1311868190.5686 1.3669 -1.6152 2.2051 0.0461 0.6402 0.5792 -0.5025
1311868190.6044 1.3661 -1.6203 2.2085 0.0454 0.6390 0.5795 -0.5039
1311868190.6366 1.3677 -1.6253 2.2116 0.0442 0.6388 0.5791 -0.5046
1311868190.6687 1.3672 -1.6284 2.2143 0.0439 0.6389 0.5792 -0.5043
1311868190.7089 1.3696 -1.6313 2.2167 0.0429 0.6395 0.5789 -0.5040
1311868190.7367 1.3761 -1.6337 2.2184 0.0419 0.6404 0.5768 -0.5054
1311868190.7714 1.3724 -1.6408 2.2183 0.0430 0.6410 0.5762 -0.5053
1311868190.8024 1.3729 -1.6438 2.2214 0.0441 0.6421 0.5753 -0.5049
1311868190.8366 1.3754 -1.6462 2.2246 0.0452 0.6430 0.5740 -0.5051
1311868190.8704 1.3775 -1.6479 2.2279 0.0460 0.6435 0.5736 -0.5048
1311868190.9023 1.3799 -1.6480 2.2326 0.0455 0.6437 0.5738 -0.5043
1311868190.9366 1.3789 -1.6511 2.2367 0.0460 0.6432 0.5741 -0.5045
1311868190.9703 1.3820 -1.6522 2.2393 0.0466 0.6419 0.5749 -0.5053
1311868191.0043 1.3797 -1.6551 2.2431 0.0484 0.6405 0.5761 -0.5054
1311868191.0366 1.3836 -1.6536 2.2461 0.0491 0.6394 0.5766 -0.5062
1311868191.0750 1.3797 -1.6570 2.2482 0.0503 0.6383 0.5782 -0.5057
1311868191.1029 1.3798 -1.6573 2.2494 0.0507 0.6374 0.5789 -0.5060
1311868191.1367 1.3797 -1.6589 2.2539 0.0507 0.6377 0.5788 -0.5057
1311868191.1704 1.3803 -1.6607 2.2554 0.0506 0.6376 0.5792 -0.5054
1311868191.2047 1.3788 -1.6623 2.2546 0.0500 0.6373 0.5798 -0.5051
1311868191.2369 1.3758 -1.6662 2.2552 0.0500 0.6376 0.5798 -0.5048
1311868191.2705 1.3735 -1.6683 2.2580 0.0500 0.6384 0.5792 -0.5044
1311868191.3051 1.3744 -1.6682 2.2598 0.0486 0.6393 0.5786 -0.5042
1311868191.3368 1.3760 -1.6702 2.2583 0.0472 0.6393 0.5784 -0.5044
1311868191.3702 1.3738 -1.6749 2.2597 0.0472 0.6398 0.5779 -0.5045
1311868191.4080 1.3725 -1.6772 2.2613 0.0469 0.6401 0.5773 -0.5048
1311868191.4367 1.3731 -1.6778 2.2626 0.0454 0.6405 0.5771 -0.5046
1311868191.4700 1.3719 -1.6789 2.2632 0.0441 0.6407 0.5773 -0.5042
1311868191.5056 1.3711 -1.6819 2.2636 0.0436 0.6406 0.5773 -0.5045
1311868191.5368 1.3705 -1.6854 2.2652 0.0431 0.6408 0.5770 -0.5045
1311868191.5702 1.3706 -1.6880 2.2670 0.0419 0.6408 0.5774 -0.5042
1311868191.6047 1.3684 -1.6889 2.2667 0.0402 0.6397 0.5787 -0.5042
1311868191.6369 1.3668 -1.6903 2.2683 0.0383 0.6397 0.5784 -0.5047
1311868191.6708 1.3660 -1.6935 2.2689 0.0376 0.6397 0.5779 -0.5054
1311868191.7051 1.3650 -1.6951 2.2727 0.0385 0.6397 0.5773 -0.5059
1311868191.7368 1.3638 -1.6961 2.2730 0.0399 0.6392 0.5766 -0.5074
1311868191.7716 1.3589 -1.6958 2.2751 0.0410 0.6391 0.5761 -0.5080
1311868191.8048 1.3569 -1.6959 2.2731 0.0405 0.6384 0.5761 -0.5089
1311868191.8367 1.3531 -1.6969 2.2747 0.0406 0.6384 0.5761 -0.5089
1311868191.8722 1.3450 -1.7014 2.2750 0.0413 0.6383 0.5771 -0.5078
1311868191.9047 1.3446 -1.7004 2.2757 0.0407 0.6382 0.5770 -0.5081
1311868191.9367 1.3425 -1.7017 2.2755 0.0412 0.6373 0.5767 -0.5094
1311868191.9703 1.3408 -1.7012 2.2746 0.0410 0.6362 0.5765 -0.5111
1311868192.0052 1.3362 -1.6979 2.2757 0.0404 0.6356 0.5763 -0.5121
1311868192.0383 1.3312 -1.6973 2.2773 0.0399 0.6352 0.5765 -0.5125
1311868192.0706 1.3246 -1.6983 2.2761 0.0400 0.6342 0.5773 -0.5128
1311868192.1056 1.3173 -1.6997 2.2754 0.0405 0.6337 0.5779 -0.5126
1311868192.1394 1.3138 -1.6975 2.2750 0.0400 0.6334 0.5777 -0.5132
1311868192.1737 1.3090 -1.6961 2.2734 0.0394 0.6328 0.5778 -0.5139
1311868192.2047 1.3038 -1.6967 2.2729 0.0402 0.6322 0.5779 -0.5146
1311868192.2405 1.2987 -1.6953 2.2713 0.0404 0.6308 0.5780 -0.5161
1311868192.2717 1.2949 -1.6922 2.2702 0.0394 0.6295 0.5774 -0.5184
1311868192.3047 1.2880 -1.6937 2.2663 0.0396 0.6282 0.5774 -0.5200
1311868192.3425 1.2844 -1.6901 2.2654 0.0371 0.6288 0.5766 -0.5204
1311868192.3702 1.2769 -1.6916 2.2606 0.0352 0.6288 0.5777 -0.5194
1311868192.4047 1.2709 -1.6908 2.2597 0.0334 0.6296 0.5774 -0.5188
1311868192.4385 1.2650 -1.6893 2.2557 0.0326 0.6295 0.5762 -0.5202
1311868192.4714 1.2558 -1.6901 2.2527 0.0333 0.6295 0.5747 -0.5218
1311868192.5047 1.2512 -1.6870 2.2516 0.0316 0.6298 0.5738 -0.5226
1311868192.5409 1.2475 -1.6842 2.2474 0.0300 0.6300 0.5716 -0.5248
1311868192.5712 1.2373 -1.6846 2.2439 0.0305 0.6307 0.5717 -0.5239
1311868192.6048 1.2358 -1.6802 2.2395 0.0297 0.6319 0.5701 -0.5242
1311868192.6411 1.2281 -1.6781 2.2340 0.0303 0.6327 0.5711 -0.5221
1311868192.6703 1.2211 -1.6765 2.2321 0.0302 0.6345 0.5711 -0.5200
1311868192.7048 1.2177 -1.6726 2.2279 0.0291 0.6352 0.5705 -0.5198
1311868192.7394 1.2107 -1.6729 2.2244 0.0301 0.6356 0.5708 -0.5189
1311868192.7700 1.2065 -1.6689 2.2215 0.0299 0.6365 0.5695 -0.5193
1311868192.8048 1.2003 -1.6675 2.2187 0.0298 0.6380 0.5689 -0.5182
1311868192.8380 1.1961 -1.6652 2.2163 0.0290 0.6396 0.5685 -0.5167
1311868192.8706 1.1952 -1.6637 2.2122 0.0274 0.6407 0.5671 -0.5169
1311868192.9047 1.1858 -1.6642 2.2106 0.0273 0.6421 0.5671 -0.5151
1311868192.9405 1.1841 -1.6617 2.2083 0.0261 0.6438 0.5653 -0.5151
1311868192.9703 1.1822 -1.6621 2.2047 0.0260 0.6450 0.5652 -0.5136
1311868193.0048 1.1789 -1.6619 2.2039 0.0267 0.6467 0.5646 -0.5121
1311868193.0381 1.1746 -1.6607 2.2005 0.0266 0.6479 0.5647 -0.5106
1311868193.0703 1.1704 -1.6631 2.1982 0.0252 0.6493 0.5661 -0.5072
1311868193.1053 1.1670 -1.6609 2.1961 0.0238 0.6512 0.5652 -0.5059
1311868193.1407 1.1644 -1.6621 2.1952 0.0223 0.6532 0.5655 -0.5031
1311868193.1726 1.1609 -1.6644 2.1930 0.0221 0.6548 0.5658 -0.5006
1311868193.2051 1.1589 -1.6638 2.1889 0.0252 0.6564 0.5652 -0.4990
1311868193.2385 1.1586 -1.6629 2.1883 0.0296 0.6594 0.5658 -0.4941
1311868193.2705 1.1520 -1.6633 2.1883 0.0354 0.6612 0.5683 -0.4885
1311868193.3090 1.1453 -1.6652 2.1895 0.0383 0.6630 0.5701 -0.4837
1311868193.3408 1.1401 -1.6670 2.1885 0.0394 0.6646 0.5714 -0.4798
1311868193.3709 1.1370 -1.6675 2.1886 0.0392 0.6659 0.5728 -0.4764
1311868193.4093 1.1275 -1.6686 2.1870 0.0391 0.6669 0.5747 -0.4728
1311868193.4390 1.1273 -1.6719 2.1842 0.0370 0.6686 0.5754 -0.4696
1311868193.4732 1.1231 -1.6740 2.1823 0.0348 0.6697 0.5774 -0.4657
1311868193.5078 1.1164 -1.6769 2.1792 0.0321 0.6711 0.5791 -0.4618
1311868193.5412 1.1123 -1.6805 2.1775 0.0277 0.6737 0.5793 -0.4580
1311868193.5738 1.1097 -1.6840 2.1767 0.0227 0.6760 0.5795 -0.4546
1311868193.6060 1.1071 -1.6872 2.1754 0.0194 0.6778 0.5795 -0.4521
1311868193.6403 1.1042 -1.6894 2.1719 0.0168 0.6792 0.5796 -0.4500
1311868193.6702 1.1019 -1.6925 2.1688 0.0144 0.6808 0.5797 -0.4474
1311868193.7101 1.0983 -1.6944 2.1686 0.0132 0.6832 0.5784 -0.4456
1311868193.7383 1.0947 -1.6968 2.1668 0.0116 0.6852 0.5775 -0.4437
1311868193.7716 1.0920 -1.6994 2.1658 0.0094 0.6873 0.5765 -0.4419
1311868193.8094 1.0892 -1.7015 2.1651 0.0067 0.6890 0.5754 -0.4406
1311868193.8381 1.0835 -1.7056 2.1632 0.0043 0.6901 0.5748 -0.4397
1311868193.8732 1.0814 -1.7084 2.1616 0.0017 0.6910 0.5729 -0.4408
1311868193.9094 1.0803 -1.7106 2.1595 -0.0006 0.6920 0.5703 -0.4426
1311868193.9381 1.0731 -1.7147 2.1565 0.0005 0.6931 0.5691 -0.4424
1311868193.9728 1.0818 -1.7137 2.1561 -0.0015 0.6949 0.5675 -0.4418
1311868194.0092 1.0771 -1.7188 2.1536 -0.0001 0.6955 0.5683 -0.4397
1311868194.0382 1.0778 -1.7215 2.1519 0.0008 0.6958 0.5685 -0.4390
1311868194.0714 1.0772 -1.7226 2.1520 0.0014 0.6962 0.5687 -0.4380
1311868194.1087 1.0754 -1.7231 2.1543 0.0015 0.6967 0.5688 -0.4372
1311868194.1406 1.0780 -1.7257 2.1521 0.0008 0.6948 0.5709 -0.4374
1311868194.1727 1.0717 -1.7280 2.1471 0.0027 0.6921 0.5744 -0.4370
1311868194.2095 1.0728 -1.7279 2.1428 0.0032 0.6920 0.5749 -0.4366
1311868194.2430 1.0711 -1.7276 2.1448 0.0042 0.6935 0.5750 -0.4340
1311868194.2700 1.0698 -1.7266 2.1452 0.0047 0.6939 0.5751 -0.4333
1311868194.3094 1.0620 -1.7290 2.1404 0.0050 0.6944 0.5749 -0.4328
1311868194.3392 1.0606 -1.7308 2.1399 0.0044 0.6961 0.5723 -0.4335
1311868194.3702 1.0553 -1.7324 2.1382 0.0036 0.6971 0.5705 -0.4343
1311868194.4082 1.0535 -1.7338 2.1366 0.0024 0.6982 0.5676 -0.4362
1311868194.4399 1.0518 -1.7343 2.1365 0.0020 0.6997 0.5645 -0.4379
1311868194.4689 1.0488 -1.7368 2.1333 0.0001 0.7003 0.5636 -0.4381
1311868194.5089 1.0457 -1.7390 2.1327 -0.0025 0.7014 0.5616 -0.4388
1311868194.5384 1.0448 -1.7398 2.1328 -0.0055 0.7027 0.5586 -0.4406
1311868194.5689 1.0437 -1.7429 2.1302 -0.0080 0.7031 0.5575 -0.4414
1311868194.6095 1.0399 -1.7454 2.1269 -0.0093 0.7034 0.5566 -0.4420
1311868194.6450 1.0368 -1.7471 2.1237 -0.0105 0.7038 0.5555 -0.4426
1311868194.6690 1.0359 -1.7488 2.1220 -0.0111 0.7048 0.5540 -0.4430
1311868194.7101 1.0341 -1.7508 2.1203 -0.0101 0.7052 0.5535 -0.4429
1311868194.7410 1.0329 -1.7510 2.1195 -0.0079 0.7062 0.5520 -0.4433
1311868194.7690 1.0346 -1.7520 2.1166 -0.0055 0.7073 0.5512 -0.4426
1311868194.8069 1.0358 -1.7527 2.1158 -0.0032 0.7089 0.5512 -0.4401
1311868194.8423 1.0358 -1.7550 2.1144 -0.0011 0.7101 0.5515 -0.4377
1311868194.8690 1.0316 -1.7579 2.1154 -0.0002 0.7118 0.5505 -0.4362
1311868194.9092 1.0319 -1.7614 2.1165 -0.0006 0.7123 0.5500 -0.4360
1311868194.9427 1.0279 -1.7675 2.1148 -0.0011 0.7118 0.5508 -0.4357
1311868194.9689 1.0277 -1.7682 2.1172 -0.0023 0.7127 0.5479 -0.4381
1311868195.0092 1.0298 -1.7711 2.1191 -0.0022 0.7131 0.5465 -0.4391
1311868195.0387 1.0287 -1.7746 2.1201 -0.0020 0.7131 0.5468 -0.4387
1311868195.0690 1.0282 -1.7801 2.1197 -0.0015 0.7129 0.5470 -0.4387
1311868195.1095 1.0252 -1.7857 2.1228 -0.0016 0.7129 0.5475 -0.4382
1311868195.1397 1.0217 -1.7886 2.1272 -0.0026 0.7126 0.5475 -0.4387
1311868195.1689 1.0187 -1.7927 2.1310 -0.0038 0.7121 0.5477 -0.4392
1311868195.2087 1.0164 -1.7987 2.1342 -0.0048 0.7116 0.5481 -0.4396
1311868195.2384 1.0143 -1.8044 2.1365 -0.0060 0.7106 0.5486 -0.4405
1311868195.2691 1.0123 -1.8109 2.1378 -0.0063 0.7100 0.5490 -0.4408
1311868195.3140 1.0093 -1.8177 2.1412 -0.0064 0.7099 0.5495 -0.4405
1311868195.3407 1.0072 -1.8216 2.1455 -0.0068 0.7097 0.5494 -0.4409
1311868195.3690 1.0052 -1.8288 2.1488 -0.0072 0.7093 0.5497 -0.4412
1311868195.4094 1.0037 -1.8340 2.1529 -0.0078 0.7088 0.5498 -0.4420
1311868195.4418 1.0017 -1.8380 2.1596 -0.0092 0.7083 0.5496 -0.4429
1311868195.4692 0.9999 -1.8423 2.1648 -0.0114 0.7071 0.5498 -0.4444
1311868195.5090 1.0007 -1.8461 2.1718 -0.0136 0.7059 0.5494 -0.4468
1311868195.5408 1.0032 -1.8485 2.1790 -0.0153 0.7046 0.5486 -0.4498
1311868195.5692 1.0105 -1.8499 2.1861 -0.0152 0.7036 0.5476 -0.4526
1311868195.6070 1.0102 -1.8523 2.1907 -0.0134 0.7017 0.5499 -0.4529
1311868195.6414 1.0086 -1.8548 2.1951 -0.0119 0.6997 0.5527 -0.4525
1311868195.6690 1.0087 -1.8588 2.2009 -0.0104 0.6975 0.5556 -0.4523
1311868195.7101 1.0052 -1.8613 2.2062 -0.0092 0.6953 0.5588 -0.4520
1311868195.7373 1.0019 -1.8636 2.2123 -0.0082 0.6931 0.5618 -0.4516
1311868195.7690 1.0015 -1.8662 2.2170 -0.0086 0.6905 0.5646 -0.4521
1311868195.8088 1.0043 -1.8672 2.2240 -0.0101 0.6888 0.5647 -0.4545
1311868195.8371 1.0060 -1.8677 2.2322 -0.0122 0.6873 0.5636 -0.4580
1311868195.8691 1.0093 -1.8705 2.2369 -0.0135 0.6851 0.5626 -0.4625
1311868195.9065 1.0127 -1.8734 2.2407 -0.0150 0.6832 0.5614 -0.4667
1311868195.9370 1.0188 -1.8754 2.2456 -0.0137 0.6817 0.5599 -0.4708
1311868195.9690 1.0267 -1.8751 2.2487 -0.0117 0.6805 0.5594 -0.4730
1311868196.0093 1.0324 -1.8773 2.2525 -0.0085 0.6795 0.5610 -0.4728
1311868196.0369 1.0363 -1.8801 2.2550 -0.0056 0.6776 0.5636 -0.4724
1311868196.0690 1.0403 -1.8827 2.2585 -0.0033 0.6757 0.5655 -0.4730
1311868196.1078 1.0432 -1.8870 2.2587 -0.0015 0.6727 0.5681 -0.4741
1311868196.1371 1.0500 -1.8850 2.2668 -0.0005 0.6713 0.5666 -0.4778
1311868196.1689 1.0529 -1.8883 2.2686 0.0009 0.6681 0.5684 -0.4802
1311868196.2083 1.0585 -1.8894 2.2724 0.0007 0.6660 0.5675 -0.4842
1311868196.2370 1.0655 -1.8904 2.2744 0.0002 0.6638 0.5674 -0.4873
1311868196.2691 1.0696 -1.8921 2.2773 0.0021 0.6618 0.5675 -0.4899
1311868196.3074 1.0761 -1.8950 2.2789 0.0030 0.6602 0.5669 -0.4928
1311868196.3371 1.0819 -1.8957 2.2821 0.0067 0.6586 0.5650 -0.4969
1311868196.3691 1.0901 -1.8969 2.2846 0.0095 0.6570 0.5638 -0.5004
1311868196.4101 1.0941 -1.8973 2.2865 0.0128 0.6551 0.5635 -0.5031
1311868196.4372 1.1020 -1.9003 2.2903 0.0145 0.6538 0.5632 -0.5052
1311868196.4690 1.1079 -1.9008 2.2931 0.0168 0.6514 0.5637 -0.5076
1311868196.5078 1.1140 -1.9024 2.2955 0.0198 0.6491 0.5642 -0.5099
1311868196.5371 1.1202 -1.9014 2.2990 0.0230 0.6471 0.5636 -0.5129
1311868196.5691 1.1263 -1.9034 2.3022 0.0270 0.6449 0.5637 -0.5154
1311868196.6101 1.1305 -1.9043 2.3053 0.0308 0.6423 0.5645 -0.5176
1311868196.6370 1.1343 -1.9053 2.3108 0.0340 0.6403 0.5643 -0.5201
1311868196.6690 1.1388 -1.9080 2.3134 0.0377 0.6377 0.5643 -0.5229
1311868196.7097 1.1419 -1.9091 2.3180 0.0388 0.6357 0.5648 -0.5248
1311868196.7371 1.1437 -1.9135 2.3227 0.0389 0.6340 0.5645 -0.5271
1311868196.7691 1.1489 -1.9173 2.3274 0.0383 0.6319 0.5637 -0.5305
1311868196.8076 1.1518 -1.9203 2.3331 0.0385 0.6296 0.5636 -0.5333
1311868196.8370 1.1544 -1.9229 2.3385 0.0376 0.6281 0.5635 -0.5353
1311868196.8690 1.1576 -1.9273 2.3415 0.0364 0.6262 0.5644 -0.5367
1311868196.9096 1.1575 -1.9349 2.3454 0.0365 0.6249 0.5643 -0.5382
1311868196.9370 1.1602 -1.9387 2.3504 0.0365 0.6245 0.5628 -0.5403
1311868196.9692 1.1639 -1.9423 2.3575 0.0357 0.6251 0.5620 -0.5405
1311868197.0051 1.1619 -1.9481 2.3626 0.0351 0.6255 0.5632 -0.5387
1311868197.0370 1.1650 -1.9537 2.3687 0.0339 0.6269 0.5632 -0.5373
1311868197.0691 1.1661 -1.9612 2.3732 0.0339 0.6273 0.5647 -0.5352
1311868197.1050 1.1703 -1.9652 2.3817 0.0334 0.6282 0.5656 -0.5333
1311868197.1370 1.1669 -1.9696 2.3917 0.0333 0.6286 0.5685 -0.5297
1311868197.1690 1.1679 -1.9750 2.3988 0.0332 0.6281 0.5710 -0.5276
1311868197.2051 1.1672 -1.9797 2.4057 0.0332 0.6279 0.5742 -0.5244
1311868197.2372 1.1670 -1.9826 2.4123 0.0326 0.6281 0.5778 -0.5202
1311868197.2692 1.1675 -1.9896 2.4149 0.0329 0.6279 0.5810 -0.5168
1311868197.3051 1.1675 -1.9918 2.4234 0.0333 0.6293 0.5835 -0.5123
1311868197.3373 1.1661 -1.9993 2.4303 0.0329 0.6302 0.5875 -0.5065
1311868197.3691 1.1658 -2.0051 2.4386 0.0318 0.6310 0.5903 -0.5024
1311868197.4052 1.1629 -2.0100 2.4465 0.0314 0.6310 0.5930 -0.4991
1311868197.4370 1.1643 -2.0147 2.4548 0.0311 0.6313 0.5946 -0.4970
1311868197.4692 1.1617 -2.0200 2.4628 0.0317 0.6315 0.5973 -0.4935
1311868197.5052 1.1614 -2.0239 2.4702 0.0324 0.6318 0.5992 -0.4906
1311868197.5370 1.1600 -2.0300 2.4789 0.0347 0.6318 0.6007 -0.4887
1311868197.5692 1.1580 -2.0337 2.4862 0.0371 0.6312 0.6018 -0.4879
1311868197.6052 1.1576 -2.0365 2.4917 0.0395 0.6299 0.6033 -0.4876
1311868197.6371 1.1573 -2.0403 2.5003 0.0407 0.6302 0.6033 -0.4870
1311868197.6691 1.1526 -2.0461 2.5057 0.0431 0.6293 0.6063 -0.4843
1311868197.7052 1.1555 -2.0493 2.5103 0.0433 0.6281 0.6085 -0.4830
1311868197.7373 1.1571 -2.0521 2.5204 0.0442 0.6282 0.6088 -0.4824
1311868197.7692 1.1503 -2.0538 2.5260 0.0444 0.6278 0.6114 -0.4797
1311868197.8054 1.1564 -2.0587 2.5312 0.0450 0.6269 0.6114 -0.4808
1311868197.8372 1.1489 -2.0554 2.5402 0.0485 0.6271 0.6108 -0.4811
1311868197.8691 1.1517 -2.0611 2.5457 0.0514 0.6268 0.6107 -0.4813
1311868197.9052 1.1484 -2.0637 2.5502 0.0553 0.6257 0.6113 -0.4815
1311868197.9372 1.1523 -2.0651 2.5546 0.0572 0.6243 0.6120 -0.4820
1311868197.9692 1.1461 -2.0650 2.5618 0.0586 0.6232 0.6129 -0.4822
1311868198.0052 1.1457 -2.0675 2.5657 0.0568 0.6218 0.6143 -0.4824
1311868198.0371 1.1447 -2.0721 2.5685 0.0558 0.6202 0.6152 -0.4836
1311868198.0692 1.1417 -2.0731 2.5723 0.0552 0.6192 0.6148 -0.4853
1311868198.1054 1.1386 -2.0745 2.5772 0.0562 0.6190 0.6140 -0.4865
1311868198.1372 1.1345 -2.0773 2.5814 0.0574 0.6190 0.6139 -0.4865
1311868198.1692 1.1314 -2.0784 2.5843 0.0577 0.6188 0.6140 -0.4865
1311868198.2053 1.1292 -2.0795 2.5888 0.0577 0.6192 0.6135 -0.4867
1311868198.2372 1.1265 -2.0817 2.5921 0.0570 0.6186 0.6133 -0.4878
1311868198.2692 1.1246 -2.0814 2.5937 0.0562 0.6172 0.6124 -0.4908
1311868198.3051 1.1230 -2.0809 2.5980 0.0566 0.6162 0.6110 -0.4937
1311868198.3372 1.1201 -2.0799 2.6012 0.0577 0.6157 0.6101 -0.4954
1311868198.3692 1.1157 -2.0770 2.6050 0.0609 0.6150 0.6110 -0.4948
1311868198.4051 1.1169 -2.0831 2.6049 0.0611 0.6141 0.6124 -0.4941
1311868198.4372 1.1100 -2.0807 2.6096 0.0610 0.6144 0.6122 -0.4939
1311868198.4692 1.1036 -2.0809 2.6136 0.0610 0.6145 0.6122 -0.4939
1311868198.5053 1.0958 -2.0787 2.6161 0.0593 0.6143 0.6127 -0.4936
1311868198.5373 1.0891 -2.0816 2.6178 0.0588 0.6141 0.6138 -0.4926
1311868198.5692 1.0869 -2.0828 2.6188 0.0571 0.6137 0.6149 -0.4919
1311868198.6051 1.0813 -2.0812 2.6200 0.0563 0.6136 0.6157 -0.4911
1311868198.6372 1.0767 -2.0815 2.6213 0.0555 0.6138 0.6169 -0.4894
1311868198.6691 1.0712 -2.0815 2.6221 0.0554 0.6138 0.6181 -0.4879
1311868198.7050 1.0645 -2.0805 2.6226 0.0569 0.6135 0.6190 -0.4870
1311868198.7372 1.0600 -2.0792 2.6236 0.0580 0.6137 0.6196 -0.4858
1311868198.7691 1.0575 -2.0801 2.6232 0.0586 0.6136 0.6213 -0.4839
1311868198.8051 1.0507 -2.0809 2.6245 0.0591 0.6141 0.6231 -0.4807
1311868198.8372 1.0458 -2.0817 2.6245 0.0577 0.6146 0.6250 -0.4778
1311868198.8692 1.0348 -2.0829 2.6263 0.0568 0.6156 0.6273 -0.4736
1311868198.9051 1.0333 -2.0831 2.6259 0.0552 0.6165 0.6274 -0.4724
1311868198.9371 1.0276 -2.0856 2.6259 0.0556 0.6175 0.6276 -0.4708
1311868198.9692 1.0188 -2.0835 2.6297 0.0561 0.6194 0.6276 -0.4683
1311868199.0051 1.0164 -2.0848 2.6300 0.0555 0.6198 0.6277 -0.4676
1311868199.0372 1.0092 -2.0855 2.6322 0.0556 0.6204 0.6283 -0.4661
1311868199.0692 1.0030 -2.0866 2.6348 0.0547 0.6206 0.6294 -0.4645
1311868199.1051 0.9987 -2.0850 2.6348 0.0540 0.6201 0.6294 -0.4652
1311868199.1372 0.9931 -2.0862 2.6365 0.0547 0.6207 0.6292 -0.4646
1311868199.1693 0.9901 -2.0857 2.6370 0.0559 0.6216 0.6284 -0.4643
1311868199.2052 0.9866 -2.0861 2.6394 0.0576 0.6226 0.6284 -0.4628
1311868199.2372 0.9791 -2.0859 2.6417 0.0601 0.6233 0.6283 -0.4616
1311868199.2693 0.9730 -2.0849 2.6450 0.0621 0.6238 0.6281 -0.4610
1311868199.3052 0.9696 -2.0848 2.6458 0.0618 0.6238 0.6287 -0.4602
1311868199.3373 0.9655 -2.0850 2.6464 0.0609 0.6241 0.6294 -0.4589
1311868199.3694 0.9667 -2.0833 2.6459 0.0598 0.6242 0.6285 -0.4602
1311868199.4052 0.9647 -2.0832 2.6461 0.0607 0.6246 0.6279 -0.4603
1311868199.4372 0.9600 -2.0842 2.6472 0.0635 0.6252 0.6279 -0.4592
1311868199.4694 0.9524 -2.0837 2.6480 0.0660 0.6262 0.6276 -0.4579
1311868199.5053 0.9465 -2.0835 2.6514 0.0677 0.6280 0.6273 -0.4555
1311868199.5373 0.9463 -2.0831 2.6496 0.0664 0.6286 0.6278 -0.4541
1311868199.5693 0.9437 -2.0824 2.6507 0.0669 0.6299 0.6282 -0.4517
1311868199.6053 0.9425 -2.0794 2.6510 0.0668 0.6314 0.6286 -0.4492
1311868199.6372 0.9397 -2.0780 2.6537 0.0672 0.6337 0.6291 -0.4451
1311868199.6692 0.9360 -2.0792 2.6552 0.0682 0.6357 0.6303 -0.4403
1311868199.7053 0.9315 -2.0807 2.6566 0.0679 0.6374 0.6322 -0.4352
1311868199.7372 0.9269 -2.0828 2.6588 0.0682 0.6389 0.6332 -0.4315
1311868199.7691 0.9224 -2.0845 2.6610 0.0690 0.6397 0.6344 -0.4285
1311868199.8053 0.9176 -2.0845 2.6629 0.0692 0.6407 0.6354 -0.4254
1311868199.8372 0.9136 -2.0861 2.6652 0.0693 0.6419 0.6368 -0.4215
1311868199.8692 0.9076 -2.0873 2.6680 0.0687 0.6438 0.6382 -0.4166
1311868199.9052 0.9037 -2.0918 2.6701 0.0665 0.6456 0.6399 -0.4115
1311868199.9372 0.8967 -2.0955 2.6734 0.0650 0.6477 0.6410 -0.4066
1311868199.9693 0.8907 -2.1008 2.6760 0.0641 0.6496 0.6414 -0.4031
1311868200.0052 0.8860 -2.1048 2.6803 0.0650 0.6519 0.6411 -0.3998
1311868200.0376 0.8816 -2.1091 2.6843 0.0668 0.6534 0.6418 -0.3958
1311868200.0694 0.8769 -2.1139 2.6884 0.0681 0.6547 0.6426 -0.3922
1311868200.1052 0.8716 -2.1208 2.6907 0.0670 0.6553 0.6453 -0.3868
1311868200.1373 0.8645 -2.1232 2.6957 0.0644 0.6563 0.6475 -0.3818
1311868200.1694 0.8593 -2.1280 2.7009 0.0605 0.6572 0.6493 -0.3780
1311868200.2055 0.8541 -2.1338 2.7068 0.0592 0.6579 0.6497 -0.3763
1311868200.2372 0.8484 -2.1380 2.7122 0.0603 0.6584 0.6502 -0.3743
1311868200.2734 0.8417 -2.1429 2.7178 0.0616 0.6591 0.6517 -0.3704
1311868200.3052 0.8384 -2.1501 2.7234 0.0618 0.6598 0.6531 -0.3665
1311868200.3372 0.8342 -2.1554 2.7286 0.0619 0.6602 0.6540 -0.3641
1311868200.3734 0.8280 -2.1608 2.7347 0.0611 0.6605 0.6555 -0.3610
1311868200.4052 0.8231 -2.1641 2.7399 0.0607 0.6605 0.6570 -0.3584
1311868200.4373 0.8195 -2.1692 2.7468 0.0617 0.6606 0.6579 -0.3563
1311868200.4733 0.8158 -2.1746 2.7513 0.0637 0.6600 0.6598 -0.3536
1311868200.5053 0.8100 -2.1775 2.7596 0.0655 0.6608 0.6606 -0.3501
1311868200.5372 0.8066 -2.1840 2.7624 0.0649 0.6603 0.6628 -0.3470
1311868200.5733 0.8025 -2.1888 2.7681 0.0633 0.6605 0.6639 -0.3448
1311868200.6052 0.7985 -2.1940 2.7746 0.0622 0.6606 0.6643 -0.3441
1311868200.6374 0.7944 -2.1976 2.7799 0.0625 0.6609 0.6637 -0.3446
1311868200.6735 0.7935 -2.2017 2.7853 0.0636 0.6616 0.6631 -0.3443
1311868200.7053 0.7943 -2.2064 2.7928 0.0660 0.6620 0.6627 -0.3440
1311868200.7376 0.7866 -2.2082 2.7958 0.0678 0.6618 0.6634 -0.3424
1311868200.7734 0.7803 -2.2105 2.7978 0.0684 0.6616 0.6642 -0.3411
1311868200.8052 0.7764 -2.2135 2.8009 0.0681 0.6616 0.6650 -0.3399
1311868200.8374 0.7745 -2.2168 2.8063 0.0679 0.6621 0.6650 -0.3388
1311868200.8732 0.7747 -2.2203 2.8120 0.0681 0.6630 0.6643 -0.3384
1311868200.9052 0.7735 -2.2212 2.8162 0.0685 0.6639 0.6638 -0.3374
1311868200.9374 0.7695 -2.2238 2.8186 0.0698 0.6646 0.6637 -0.3361
1311868200.9734 0.7684 -2.2267 2.8228 0.0710 0.6657 0.6628 -0.3354
1311868201.0053 0.7672 -2.2288 2.8264 0.0720 0.6666 0.6623 -0.3343
1311868201.0374 0.7637 -2.2314 2.8286 0.0729 0.6671 0.6622 -0.3333
1311868201.0732 0.7610 -2.2336 2.8316 0.0730 0.6677 0.6617 -0.3332
1311868201.1054 0.7574 -2.2344 2.8337 0.0738 0.6675 0.6612 -0.3344
1311868201.1375 0.7533 -2.2376 2.8337 0.0750 0.6673 0.6608 -0.3354
1311868201.1735 0.7538 -2.2398 2.8340 0.0730 0.6680 0.6608 -0.3345
1311868201.2053 0.7524 -2.2399 2.8372 0.0720 0.6696 0.6602 -0.3327
1311868201.2374 0.7485 -2.2406 2.8400 0.0728 0.6702 0.6600 -0.3316
1311868201.2734 0.7462 -2.2416 2.8408 0.0728 0.6699 0.6600 -0.3321
1311868201.3053 0.7435 -2.2433 2.8431 0.0729 0.6698 0.6598 -0.3325
1311868201.3375 0.7400 -2.2444 2.8445 0.0740 0.6691 0.6599 -0.3336
1311868201.3733 0.7361 -2.2444 2.8453 0.0747 0.6685 0.6600 -0.3345
1311868201.4053 0.7339 -2.2436 2.8464 0.0740 0.6684 0.6601 -0.3346
1311868201.4374 0.7328 -2.2440 2.8481 0.0726 0.6686 0.6601 -0.3345
1311868201.4732 0.7306 -2.2445 2.8485 0.0718 0.6687 0.6600 -0.3349
1311868201.5053 0.7288 -2.2437 2.8501 0.0723 0.6688 0.6594 -0.3357
1311868201.5375 0.7259 -2.2439 2.8509 0.0730 0.6689 0.6594 -0.3355
1311868201.5734 0.7250 -2.2441 2.8511 0.0724 0.6690 0.6598 -0.3345
1311868201.6054 0.7193 -2.2436 2.8489 0.0727 0.6685 0.6608 -0.3335
1311868201.6374 0.7091 -2.2411 2.8470 0.0728 0.6683 0.6619 -0.3316
1311868201.6735 0.7123 -2.2416 2.8522 0.0704 0.6704 0.6598 -0.3319
1311868201.7054 0.7129 -2.2414 2.8553 0.0700 0.6716 0.6586 -0.3322
1311868201.7374 0.7098 -2.2421 2.8548 0.0710 0.6715 0.6587 -0.3319
1311868201.7735 0.7066 -2.2410 2.8571 0.0718 0.6717 0.6589 -0.3310
1311868201.8053 0.6990 -2.2389 2.8555 0.0731 0.6705 0.6606 -0.3297
1311868201.8374 0.6916 -2.2409 2.8519 0.0743 0.6689 0.6630 -0.3279
1311868201.8733 0.6929 -2.2458 2.8526 0.0727 0.6686 0.6640 -0.3269
1311868201.9053 0.6920 -2.2419 2.8603 0.0708 0.6694 0.6645 -0.3246
1311868201.9375 0.6859 -2.2399 2.8572 0.0705 0.6676 0.6669 -0.3233
1311868201.9733 0.6816 -2.2409 2.8582 0.0698 0.6670 0.6681 -0.3224
1311868202.0053 0.6801 -2.2424 2.8619 0.0678 0.6669 0.6690 -0.3211
1311868202.0375 0.6741 -2.2428 2.8638 0.0679 0.6662 0.6701 -0.3202
1311868202.0733 0.6709 -2.2422 2.8652 0.0683 0.6656 0.6707 -0.3200
1311868202.1053 0.6672 -2.2428 2.8664 0.0697 0.6649 0.6718 -0.3191
1311868202.1376 0.6646 -2.2457 2.8712 0.0703 0.6649 0.6725 -0.3175
1311868202.1733 0.6601 -2.2449 2.8720 0.0704 0.6639 0.6747 -0.3148
1311868202.2053 0.6556 -2.2445 2.8753 0.0696 0.6638 0.6761 -0.3121
1311868202.2375 0.6536 -2.2490 2.8789 0.0689 0.6636 0.6780 -0.3087
1311868202.2733 0.6472 -2.2494 2.8804 0.0693 0.6621 0.6811 -0.3048
1311868202.3053 0.6434 -2.2468 2.8822 0.0687 0.6615 0.6828 -0.3024
1311868202.3374 0.6362 -2.2492 2.8852 0.0701 0.6608 0.6842 -0.3004
1311868202.3733 0.6300 -2.2498 2.8877 0.0706 0.6607 0.6844 -0.3000
1311868202.4053 0.6254 -2.2515 2.8902 0.0711 0.6607 0.6844 -0.3001
1311868202.4374 0.6202 -2.2524 2.8933 0.0711 0.6610 0.6844 -0.2993
1311868202.4734 0.6149 -2.2551 2.8954 0.0707 0.6612 0.6850 -0.2977
1311868202.5054 0.6078 -2.2615 2.8962 0.0693 0.6604 0.6870 -0.2951
1311868202.5375 0.6008 -2.2624 2.8982 0.0661 0.6598 0.6886 -0.2935
1311868202.5734 0.5942 -2.2627 2.9014 0.0633 0.6595 0.6887 -0.2945
1311868202.6054 0.5893 -2.2623 2.9043 0.0613 0.6594 0.6883 -0.2962
1311868202.6374 0.5852 -2.2660 2.9086 0.0614 0.6599 0.6874 -0.2972
1311868202.6737 0.5794 -2.2686 2.9108 0.0623 0.6603 0.6872 -0.2965
1311868202.7055 0.5704 -2.2739 2.9098 0.0615 0.6608 0.6877 -0.2943
1311868202.7373 0.5651 -2.2746 2.9118 0.0597 0.6616 0.6874 -0.2935
1311868202.7734 0.5576 -2.2790 2.9111 0.0556 0.6625 0.6873 -0.2928
1311868202.8054 0.5538 -2.2786 2.9139 0.0522 0.6643 0.6852 -0.2941
1311868202.8376 0.5488 -2.2828 2.9151 0.0507 0.6660 0.6834 -0.2947
1311868202.8734 0.5432 -2.2821 2.9142 0.0519 0.6669 0.6821 -0.2954
1311868202.9054 0.5393 -2.2847 2.9151 0.0525 0.6689 0.6807 -0.2940
1311868202.9376 0.5347 -2.2846 2.9140 0.0518 0.6714 0.6796 -0.2909
1311868202.9734 0.5307 -2.2878 2.9127 0.0503 0.6742 0.6784 -0.2877
1311868203.0056 0.5276 -2.2876 2.9112 0.0481 0.6764 0.6776 -0.2847
1311868203.0376 0.5251 -2.2853 2.9088 0.0473 0.6782 0.6759 -0.2844
1311868203.0734 0.5237 -2.2860 2.9075 0.0483 0.6802 0.6740 -0.2842
1311868203.1056 0.5202 -2.2855 2.9041 0.0509 0.6813 0.6736 -0.2820
1311868203.1375 0.5212 -2.2819 2.9037 0.0566 0.6843 0.6707 -0.2806
1311868203.1735 0.5191 -2.2819 2.9012 0.0642 0.6870 0.6692 -0.2758
1311868203.2054 0.5131 -2.2820 2.8934 0.0672 0.6895 0.6691 -0.2688
1311868203.2375 0.5085 -2.2855 2.8868 0.0685 0.6921 0.6679 -0.2650
1311868203.2735 0.5061 -2.2858 2.8829 0.0680 0.6948 0.6659 -0.2631
1311868203.3055 0.5003 -2.2871 2.8731 0.0664 0.6968 0.6648 -0.2609
1311868203.3375 0.4979 -2.2895 2.8694 0.0630 0.7004 0.6623 -0.2586
1311868203.3736 0.4943 -2.2918 2.8621 0.0596 0.7031 0.6606 -0.2561
1311868203.4055 0.4916 -2.2941 2.8556 0.0560 0.7062 0.6586 -0.2537
1311868203.4377 0.4904 -2.2972 2.8520 0.0545 0.7087 0.6572 -0.2507
1311868203.5055 0.4871 -2.2983 2.8422 0.0555 0.7114 0.6579 -0.2408
1311868203.5374 0.4809 -2.2997 2.8325 0.0589 0.7123 0.6587 -0.2352
1311868203.5735 0.4790 -2.3023 2.8335 0.0593 0.7153 0.6573 -0.2298
1311868203.6054 0.4730 -2.3049 2.8244 0.0574 0.7156 0.6589 -0.2246
1311868203.6736 0.4627 -2.3049 2.8164 0.0575 0.7182 0.6564 -0.2238
1311868203.7055 0.4580 -2.3090 2.8135 0.0567 0.7195 0.6559 -0.2211
1311868203.7376 0.4522 -2.3095 2.8106 0.0562 0.7197 0.6570 -0.2176
1311868203.7737 0.4463 -2.3117 2.8036 0.0569 0.7193 0.6581 -0.2151
1311868203.8055 0.4425 -2.3151 2.8020 0.0593 0.7198 0.6586 -0.2114
1311868203.8375 0.4374 -2.3213 2.8026 0.0612 0.7183 0.6622 -0.2045
1311868203.9056 0.4178 -2.3209 2.7848 0.0603 0.7114 0.6736 -0.1911
1311868203.9377 0.4112 -2.3232 2.7805 0.0597 0.7131 0.6723 -0.1895
1311868203.9736 0.4000 -2.3258 2.7734 0.0582 0.7133 0.6727 -0.1878
1311868204.0055 0.3921 -2.3277 2.7667 0.0564 0.7151 0.6706 -0.1889
1311868204.0376 0.3877 -2.3328 2.7644 0.0554 0.7181 0.6677 -0.1882
1311868204.0736 0.3780 -2.3386 2.7599 0.0541 0.7191 0.6678 -0.1844
1311868204.1055 0.3707 -2.3404 2.7521 0.0532 0.7201 0.6675 -0.1820
1311868204.1377 0.3649 -2.3451 2.7480 0.0537 0.7218 0.6664 -0.1792
1311868204.1737 0.3558 -2.3468 2.7410 0.0550 0.7226 0.6662 -0.1763
1311868204.2055 0.3471 -2.3499 2.7359 0.0562 0.7237 0.6652 -0.1749
1311868204.2377 0.3416 -2.3527 2.7359 0.0564 0.7256 0.6632 -0.1747
1311868204.2736 0.3334 -2.3574 2.7297 0.0559 0.7254 0.6638 -0.1730
1311868204.3055 0.3270 -2.3621 2.7260 0.0564 0.7252 0.6648 -0.1703
1311868204.3377 0.3209 -2.3645 2.7248 0.0562 0.7247 0.6663 -0.1666
1311868204.3736 0.3157 -2.3663 2.7220 0.0571 0.7237 0.6680 -0.1635
1311868204.4057 0.3086 -2.3668 2.7175 0.0590 0.7227 0.6698 -0.1600
1311868204.4377 0.3033 -2.3721 2.7182 0.0607 0.7226 0.6706 -0.1561
1311868204.4735 0.2953 -2.3734 2.7127 0.0611 0.7202 0.6742 -0.1515
1311868204.5378 0.2812 -2.3784 2.7048 0.0579 0.7198 0.6762 -0.1461
1311868204.5737 0.2740 -2.3804 2.6992 0.0556 0.7196 0.6763 -0.1471
1311868204.6057 0.2696 -2.3843 2.6974 0.0531 0.7212 0.6743 -0.1496
1311868204.6376 0.2635 -2.3895 2.6930 0.0508 0.7210 0.6744 -0.1508
1311868204.6737 0.2596 -2.3930 2.6943 0.0475 0.7225 0.6729 -0.1515
1311868204.7055 0.2565 -2.3984 2.6938 0.0449 0.7226 0.6731 -0.1508
1311868204.7377 0.2514 -2.4033 2.6889 0.0433 0.7223 0.6739 -0.1493
1311868204.7737 0.2468 -2.4064 2.6851 0.0443 0.7220 0.6743 -0.1486
1311868204.8376 0.2424 -2.4137 2.6825 0.0521 0.7218 0.6747 -0.1454
1311868204.8736 0.2386 -2.4129 2.6792 0.0573 0.7212 0.6761 -0.1397
1311868204.9057 0.2347 -2.4177 2.6767 0.0608 0.7221 0.6759 -0.1342
1311868204.9377 0.2251 -2.4208 2.6713 0.0618 0.7223 0.6766 -0.1295
1311868205.0060 0.2098 -2.4275 2.6633 0.0561 0.7245 0.6737 -0.1346
1311868205.0377 0.2069 -2.4332 2.6624 0.0529 0.7258 0.6713 -0.1406
1311868205.0736 0.2019 -2.4372 2.6585 0.0514 0.7261 0.6701 -0.1453
1311868205.1376 0.1957 -2.4444 2.6524 0.0502 0.7285 0.6668 -0.1488
1311868205.1736 0.1933 -2.4486 2.6508 0.0494 0.7302 0.6650 -0.1488
1311868205.2056 0.1897 -2.4521 2.6486 0.0489 0.7316 0.6635 -0.1487
1311868205.2378 0.1869 -2.4538 2.6473 0.0481 0.7328 0.6620 -0.1496
1311868205.2736 0.1820 -2.4592 2.6418 0.0460 0.7337 0.6613 -0.1492
1311868205.3056 0.1776 -2.4609 2.6384 0.0433 0.7352 0.6598 -0.1490
1311868205.3378 0.1773 -2.4648 2.6363 0.0412 0.7370 0.6577 -0.1501
1311868205.3735 0.1772 -2.4662 2.6372 0.0411 0.7388 0.6556 -0.1503
1311868205.4057 0.1766 -2.4698 2.6368 0.0417 0.7415 0.6529 -0.1491
1311868205.4377 0.1746 -2.4733 2.6346 0.0436 0.7439 0.6505 -0.1471
1311868205.4736 0.1735 -2.4736 2.6322 0.0447 0.7470 0.6471 -0.1459
1311868205.5057 0.1715 -2.4751 2.6285 0.0460 0.7508 0.6427 -0.1451
1311868205.5377 0.1693 -2.4782 2.6256 0.0476 0.7555 0.6373 -0.1444
1311868205.5736 0.1664 -2.4825 2.6239 0.0487 0.7604 0.6313 -0.1442
1311868205.6055 0.1657 -2.4865 2.6256 0.0496 0.7643 0.6264 -0.1447
1311868205.6377 0.1643 -2.4903 2.6248 0.0493 0.7667 0.6235 -0.1445
1311868205.7056 0.1605 -2.4917 2.6184 0.0448 0.7695 0.6199 -0.1467
1311868205.7378 0.1593 -2.4953 2.6192 0.0448 0.7705 0.6179 -0.1500
1311868205.7736 0.1569 -2.4950 2.6157 0.0445 0.7702 0.6180 -0.1512
1311868205.8057 0.1544 -2.4970 2.6128 0.0440 0.7702 0.6178 -0.1520
1311868205.8376 0.1522 -2.4963 2.6095 0.0433 0.7699 0.6180 -0.1533
1311868205.9056 0.1504 -2.4967 2.6048 0.0429 0.7717 0.6148 -0.1569
1311868205.9378 0.1489 -2.4968 2.6025 0.0420 0.7734 0.6126 -0.1577
1311868205.9737 0.1483 -2.4983 2.6008 0.0402 0.7746 0.6112 -0.1579
1311868206.0056 0.1461 -2.4975 2.5944 0.0386 0.7754 0.6102 -0.1577
1311868206.0380 0.1451 -2.4984 2.5932 0.0366 0.7775 0.6076 -0.1582
1311868206.1057 0.1397 -2.5011 2.5834 0.0372 0.7796 0.6038 -0.1618
1311868206.1377 0.1397 -2.5044 2.5810 0.0386 0.7817 0.6007 -0.1631
1311868206.1738 0.1382 -2.5070 2.5796 0.0383 0.7841 0.5975 -0.1633
1311868206.2057 0.1346 -2.5090 2.5789 0.0361 0.7862 0.5944 -0.1653
1311868206.2379 0.1336 -2.5112 2.5803 0.0340 0.7878 0.5912 -0.1694
1311868206.3056 0.1330 -2.5134 2.5798 0.0282 0.7887 0.5885 -0.1755
1311868206.3377 0.1335 -2.5122 2.5782 0.0275 0.7888 0.5880 -0.1769
1311868206.4056 0.1332 -2.5075 2.5805 0.0269 0.7886 0.5883 -0.1770
1311868206.4377 0.1317 -2.5058 2.5827 0.0260 0.7886 0.5882 -0.1773
1311868206.4737 0.1336 -2.5020 2.5873 0.0264 0.7884 0.5882 -0.1779
1311868206.5058 0.1358 -2.4967 2.5928 0.0291 0.7877 0.5891 -0.1780
1311868206.5377 0.1359 -2.4927 2.5926 0.0302 0.7861 0.5920 -0.1752
1311868206.5737 0.1335 -2.4873 2.5938 0.0294 0.7844 0.5952 -0.1722
1311868206.6378 0.1316 -2.4793 2.5994 0.0230 0.7818 0.6001 -0.1679
1311868206.6738 0.1307 -2.4751 2.6006 0.0184 0.7799 0.6030 -0.1666
1311868206.7057 0.1324 -2.4728 2.6037 0.0143 0.7791 0.6044 -0.1658
1311868206.7377 0.1351 -2.4693 2.6100 0.0127 0.7787 0.6054 -0.1642
1311868206.8057 0.1346 -2.4626 2.6187 0.0149 0.7775 0.6083 -0.1586
1311868206.8377 0.1326 -2.4603 2.6213 0.0145 0.7768 0.6103 -0.1548
1311868206.8737 0.1300 -2.4604 2.6273 0.0136 0.7769 0.6108 -0.1520
1311868206.9060 0.1293 -2.4575 2.6334 0.0122 0.7766 0.6117 -0.1504
1311868206.9381 0.1281 -2.4551 2.6373 0.0120 0.7769 0.6115 -0.1498
1311868206.9737 0.1271 -2.4538 2.6463 0.0124 0.7767 0.6123 -0.1470
1311868207.0057 0.1232 -2.4517 2.6474 0.0124 0.7754 0.6150 -0.1428
1311868207.0738 0.1143 -2.4490 2.6537 0.0095 0.7743 0.6175 -0.1383
1311868207.1057 0.1138 -2.4498 2.6606 0.0079 0.7746 0.6173 -0.1372
1311868207.1377 0.1120 -2.4500 2.6675 0.0068 0.7747 0.6179 -0.1342
1311868207.2058 0.1062 -2.4499 2.6763 0.0060 0.7742 0.6200 -0.1272
1311868207.2378 0.1048 -2.4502 2.6840 0.0058 0.7745 0.6203 -0.1242
1311868207.2738 0.1020 -2.4503 2.6916 0.0067 0.7744 0.6209 -0.1213
1311868207.3057 0.0994 -2.4502 2.6988 0.0078 0.7745 0.6212 -0.1189
1311868207.3379 0.0961 -2.4501 2.7078 0.0102 0.7746 0.6214 -0.1171
1311868207.4058 0.0878 -2.4482 2.7159 0.0154 0.7735 0.6234 -0.1129
1311868207.4380 0.0818 -2.4468 2.7227 0.0189 0.7725 0.6247 -0.1121
1311868207.4736 0.0760 -2.4458 2.7272 0.0210 0.7718 0.6255 -0.1125
1311868207.5057 0.0718 -2.4456 2.7353 0.0203 0.7721 0.6250 -0.1130
1311868207.5378 0.0678 -2.4454 2.7425 0.0183 0.7717 0.6255 -0.1133
1311868207.5739 0.0650 -2.4444 2.7500 0.0175 0.7718 0.6252 -0.1147
1311868207.6057 0.0628 -2.4418 2.7595 0.0175 0.7716 0.6253 -0.1158
1311868207.6377 0.0612 -2.4397 2.7695 0.0176 0.7715 0.6253 -0.1160
1311868207.6738 0.0575 -2.4371 2.7745 0.0176 0.7701 0.6272 -0.1153
1311868207.7058 0.0539 -2.4350 2.7807 0.0166 0.7693 0.6282 -0.1149
1311868207.7378 0.0494 -2.4336 2.7870 0.0154 0.7683 0.6296 -0.1145
1311868207.7737 0.0452 -2.4318 2.7925 0.0138 0.7671 0.6311 -0.1144
1311868207.8058 0.0429 -2.4287 2.7991 0.0138 0.7661 0.6321 -0.1155
1311868207.8379 0.0379 -2.4278 2.8056 0.0142 0.7652 0.6331 -0.1162
1311868207.8739 0.0341 -2.4270 2.8127 0.0127 0.7642 0.6340 -0.1174
1311868207.9057 0.0319 -2.4252 2.8191 0.0111 0.7633 0.6349 -0.1187
1311868207.9378 0.0286 -2.4256 2.8261 0.0094 0.7626 0.6357 -0.1194
1311868207.9738 0.0276 -2.4240 2.8328 0.0085 0.7619 0.6363 -0.1206
1311868208.0058 0.0268 -2.4225 2.8421 0.0083 0.7618 0.6363 -0.1212
1311868208.0377 0.0253 -2.4214 2.8508 0.0079 0.7615 0.6366 -0.1216
1311868208.0737 0.0236 -2.4209 2.8576 0.0068 0.7607 0.6377 -0.1211
1311868208.1377 0.0187 -2.4220 2.8687 0.0033 0.7583 0.6408 -0.1194
1311868208.1738 0.0144 -2.4213 2.8716 0.0012 0.7563 0.6434 -0.1186
1311868208.2378 0.0125 -2.4217 2.8847 -0.0026 0.7542 0.6457 -0.1195
1311868208.2739 0.0110 -2.4198 2.8895 -0.0034 0.7527 0.6474 -0.1198
1311868208.3378 0.0088 -2.4202 2.9030 -0.0029 0.7510 0.6494 -0.1190
1311868208.3738 0.0066 -2.4202 2.9099 -0.0012 0.7502 0.6506 -0.1180
1311868208.4379 0.0013 -2.4207 2.9181 0.0012 0.7479 0.6535 -0.1167
1311868208.4739 -0.0027 -2.4213 2.9245 0.0027 0.7469 0.6547 -0.1167
1311868208.5379 -0.0098 -2.4223 2.9330 0.0038 0.7456 0.6560 -0.1173
1311868208.5739 -0.0114 -2.4199 2.9381 0.0033 0.7459 0.6557 -0.1171
1311868208.6378 -0.0182 -2.4207 2.9484 0.0063 0.7448 0.6571 -0.1163
1311868208.6739 -0.0215 -2.4187 2.9546 0.0084 0.7430 0.6590 -0.1165
1311868208.7378 -0.0287 -2.4177 2.9657 0.0123 0.7394 0.6630 -0.1168
1311868208.7740 -0.0332 -2.4164 2.9705 0.0126 0.7372 0.6655 -0.1164
1311868208.8378 -0.0389 -2.4120 2.9805 0.0139 0.7335 0.6691 -0.1188
1311868208.8738 -0.0407 -2.4101 2.9842 0.0147 0.7312 0.6715 -0.1189
1311868208.9377 -0.0428 -2.4005 2.9908 0.0165 0.7281 0.6747 -0.1205
1311868208.9738 -0.0462 -2.4001 2.9941 0.0182 0.7268 0.6759 -0.1211
1311868209.0378 -0.0529 -2.3943 3.0014 0.0169 0.7244 0.6782 -0.1220
1311868209.0738 -0.0509 -2.3873 3.0074 0.0149 0.7237 0.6788 -0.1240
1311868209.1378 -0.0553 -2.3789 3.0133 0.0160 0.7198 0.6822 -0.1273
1311868209.1738 -0.0562 -2.3748 3.0181 0.0160 0.7187 0.6834 -0.1273
1311868209.2378 -0.0581 -2.3625 3.0219 0.0160 0.7153 0.6873 -0.1255
1311868209.2738 -0.0613 -2.3559 3.0230 0.0159 0.7143 0.6885 -0.1242
1311868209.3058 -0.0647 -2.3537 3.0231 0.0162 0.7133 0.6897 -0.1234
1311868209.3419 -0.0673 -2.3452 3.0240 0.0169 0.7121 0.6907 -0.1247
1311868209.4058 -0.0751 -2.3352 3.0294 0.0217 0.7105 0.6914 -0.1294
1311868209.4420 -0.0784 -2.3278 3.0285 0.0239 0.7089 0.6927 -0.1308
1311868209.5058 -0.0849 -2.3164 3.0322 0.0266 0.7094 0.6918 -0.1320
1311868209.5418 -0.0911 -2.3135 3.0342 0.0277 0.7100 0.6915 -0.1303
1311868209.6060 -0.0960 -2.2997 3.0334 0.0281 0.7105 0.6914 -0.1284
1311868209.6421 -0.0986 -2.2957 3.0315 0.0304 0.7098 0.6920 -0.1282
1311868209.7059 -0.1080 -2.2872 3.0317 0.0343 0.7096 0.6929 -0.1227
1311868209.7420 -0.1112 -2.2809 3.0284 0.0342 0.7093 0.6935 -0.1216
1311868209.8058 -0.1218 -2.2780 3.0241 0.0303 0.7093 0.6941 -0.1194
1311868209.8419 -0.1233 -2.2720 3.0246 0.0265 0.7095 0.6938 -0.1201
1311868209.9058 -0.1264 -2.2624 3.0266 0.0210 0.7105 0.6927 -0.1222
1311868209.9421 -0.1279 -2.2603 3.0317 0.0210 0.7126 0.6905 -0.1225
1311868210.0059 -0.1270 -2.2507 3.0295 0.0220 0.7138 0.6894 -0.1215
1311868210.0420 -0.1303 -2.2505 3.0316 0.0235 0.7153 0.6881 -0.1201
1311868210.0738 -0.1311 -2.2475 3.0319 0.0235 0.7161 0.6875 -0.1187
1311868210.1059 -0.1368 -2.2463 3.0332 0.0237 0.7169 0.6870 -0.1165
1311868210.1419 -0.1386 -2.2438 3.0321 0.0219 0.7167 0.6874 -0.1155
1311868210.1739 -0.1383 -2.2394 3.0322 0.0198 0.7169 0.6872 -0.1158
1311868210.2058 -0.1411 -2.2379 3.0360 0.0197 0.7179 0.6863 -0.1149
1311868210.2419 -0.1373 -2.2333 3.0373 0.0189 0.7178 0.6864 -0.1153
1311868210.3060 -0.1420 -2.2293 3.0420 0.0220 0.7176 0.6869 -0.1130
1311868210.3419 -0.1438 -2.2271 3.0434 0.0232 0.7165 0.6883 -0.1111
1311868210.4059 -0.1465 -2.2239 3.0420 0.0242 0.7139 0.6913 -0.1086
1311868210.4420 -0.1504 -2.2228 3.0438 0.0247 0.7129 0.6926 -0.1074
1311868210.4739 -0.1513 -2.2198 3.0424 0.0242 0.7120 0.6936 -0.1070
1311868210.5059 -0.1484 -2.2157 3.0419 0.0235 0.7120 0.6934 -0.1079
1311868210.5419 -0.1479 -2.2139 3.0432 0.0253 0.7126 0.6927 -0.1079
1311868210.5739 -0.1506 -2.2137 3.0464 0.0282 0.7132 0.6921 -0.1070
1311868210.6060 -0.1502 -2.2118 3.0440 0.0304 0.7128 0.6926 -0.1067
1311868210.6420 -0.1545 -2.2114 3.0461 0.0328 0.7130 0.6925 -0.1050
1311868210.6739 -0.1546 -2.2111 3.0434 0.0322 0.7125 0.6932 -0.1035
1311868210.7059 -0.1563 -2.2102 3.0445 0.0311 0.7133 0.6927 -0.1016
1311868210.7421 -0.1586 -2.2094 3.0445 0.0295 0.7141 0.6922 -0.0999
1311868210.7740 -0.1618 -2.2103 3.0453 0.0285 0.7152 0.6914 -0.0978
1311868210.8059 -0.1621 -2.2107 3.0453 0.0270 0.7163 0.6908 -0.0954
1311868210.8419 -0.1615 -2.2092 3.0458 0.0260 0.7175 0.6898 -0.0936
1311868210.8740 -0.1664 -2.2102 3.0455 0.0258 0.7187 0.6889 -0.0906
1311868210.9058 -0.1711 -2.2123 3.0483 0.0270 0.7198 0.6882 -0.0871
1311868210.9420 -0.1733 -2.2115 3.0469 0.0267 0.7200 0.6883 -0.0839
1311868210.9742 -0.1794 -2.2135 3.0478 0.0274 0.7206 0.6881 -0.0813
1311868211.0058 -0.1819 -2.2148 3.0483 0.0271 0.7202 0.6886 -0.0798
1311868211.0419 -0.1873 -2.2134 3.0487 0.0249 0.7200 0.6891 -0.0777
1311868211.0740 -0.1959 -2.2138 3.0491 0.0238 0.7198 0.6896 -0.0760
1311868211.1060 -0.2014 -2.2137 3.0505 0.0223 0.7199 0.6897 -0.0747
1311868211.1420 -0.2083 -2.2154 3.0548 0.0224 0.7204 0.6893 -0.0734
1311868211.1741 -0.2115 -2.2156 3.0562 0.0223 0.7202 0.6895 -0.0727
1311868211.2058 -0.2158 -2.2152 3.0584 0.0233 0.7207 0.6891 -0.0723
1311868211.2420 -0.2216 -2.2166 3.0622 0.0246 0.7208 0.6892 -0.0706
1311868211.2741 -0.2274 -2.2178 3.0637 0.0243 0.7199 0.6903 -0.0681
1311868211.3061 -0.2364 -2.2203 3.0630 0.0231 0.7189 0.6917 -0.0649
1311868211.3422 -0.2418 -2.2209 3.0662 0.0200 0.7191 0.6918 -0.0631
1311868211.3741 -0.2480 -2.2215 3.0681 0.0179 0.7188 0.6922 -0.0628
1311868211.4061 -0.2572 -2.2244 3.0744 0.0184 0.7192 0.6917 -0.0628
1311868211.4422 -0.2672 -2.2279 3.0788 0.0188 0.7191 0.6920 -0.0613
1311868211.4739 -0.2730 -2.2289 3.0802 0.0176 0.7187 0.6925 -0.0596
1311868211.5059 -0.2813 -2.2303 3.0836 0.0169 0.7190 0.6924 -0.0576
1311868211.5419 -0.2897 -2.2332 3.0834 0.0156 0.7187 0.6930 -0.0555
1311868211.5740 -0.2985 -2.2356 3.0858 0.0150 0.7188 0.6929 -0.0541
1311868211.6060 -0.3077 -2.2385 3.0891 0.0145 0.7192 0.6927 -0.0527
1311868211.6420 -0.3106 -2.2386 3.0922 0.0141 0.7191 0.6928 -0.0526
1311868211.6740 -0.3183 -2.2418 3.0986 0.0144 0.7193 0.6927 -0.0508
1311868211.7060 -0.3274 -2.2451 3.1044 0.0147 0.7192 0.6929 -0.0490
1311868211.7421 -0.3314 -2.2451 3.1053 0.0132 0.7181 0.6941 -0.0482
1311868211.7740 -0.3381 -2.2475 3.1096 0.0124 0.7177 0.6946 -0.0485
1311868211.8062 -0.3462 -2.2492 3.1101 0.0122 0.7165 0.6958 -0.0487
1311868211.8421 -0.3498 -2.2490 3.1144 0.0121 0.7169 0.6953 -0.0500
1311868211.8739 -0.3528 -2.2527 3.1243 0.0134 0.7173 0.6947 -0.0509
1311868211.9060 -0.3600 -2.2522 3.1200 0.0137 0.7152 0.6970 -0.0498
1311868211.9423 -0.3630 -2.2537 3.1218 0.0138 0.7149 0.6973 -0.0506
1311868211.9740 -0.3708 -2.2582 3.1314 0.0143 0.7155 0.6966 -0.0507
1311868212.0059 -0.3768 -2.2582 3.1292 0.0124 0.7138 0.6984 -0.0508
1311868212.0422 -0.3793 -2.2604 3.1276 0.0109 0.7126 0.6995 -0.0527
1311868212.0740 -0.3885 -2.2635 3.1334 0.0118 0.7127 0.6993 -0.0533
1311868212.1059 -0.3912 -2.2641 3.1436 0.0119 0.7132 0.6987 -0.0542
1311868212.1421 -0.3944 -2.2661 3.1374 0.0106 0.7109 0.7012 -0.0538
1311868212.1740 -0.3968 -2.2669 3.1410 0.0096 0.7111 0.7009 -0.0551
1311868212.2061 -0.4038 -2.2701 3.1407 0.0098 0.7105 0.7014 -0.0558
1311868212.2423 -0.4104 -2.2706 3.1483 0.0107 0.7114 0.7005 -0.0558
1311868212.2743 -0.4151 -2.2722 3.1495 0.0105 0.7115 0.7004 -0.0554
1311868212.3060 -0.4185 -2.2742 3.1506 0.0099 0.7118 0.7002 -0.0553
1311868212.3421 -0.4183 -2.2756 3.1537 0.0081 0.7123 0.6996 -0.0559
1311868212.3742 -0.4226 -2.2759 3.1513 0.0073 0.7119 0.6999 -0.0569
1311868212.4061 -0.4276 -2.2761 3.1540 0.0087 0.7122 0.6993 -0.0600
1311868212.4421 -0.4356 -2.2773 3.1506 0.0097 0.7114 0.7000 -0.0614
1311868212.4740 -0.4414 -2.2764 3.1522 0.0101 0.7117 0.6996 -0.0626
1311868212.5060 -0.4451 -2.2769 3.1582 0.0116 0.7134 0.6976 -0.0649
1311868212.5422 -0.4452 -2.2771 3.1604 0.0107 0.7145 0.6965 -0.0662
1311868212.5740 -0.4504 -2.2761 3.1539 0.0096 0.7138 0.6972 -0.0661
1311868212.6061 -0.4635 -2.2777 3.1539 0.0110 0.7143 0.6966 -0.0659
1311868212.6421 -0.4669 -2.2789 3.1549 0.0116 0.7145 0.6962 -0.0684
1311868212.6742 -0.4685 -2.2764 3.1528 0.0112 0.7144 0.6961 -0.0705
1311868212.7069 -0.4705 -2.2748 3.1545 0.0114 0.7155 0.6947 -0.0724
1311868212.7422 -0.4750 -2.2773 3.1546 0.0097 0.7163 0.6940 -0.0720
1311868212.7739 -0.4795 -2.2764 3.1568 0.0094 0.7170 0.6933 -0.0723
1311868212.8060 -0.4807 -2.2743 3.1556 0.0090 0.7173 0.6929 -0.0737
1311868212.8421 -0.4840 -2.2749 3.1503 0.0080 0.7164 0.6937 -0.0739
1311868212.8741 -0.4877 -2.2733 3.1454 0.0072 0.7159 0.6942 -0.0742
1311868212.9062 -0.4948 -2.2750 3.1438 0.0060 0.7159 0.6943 -0.0738
1311868212.9421 -0.4903 -2.2727 3.1450 0.0028 0.7167 0.6933 -0.0755
1311868212.9742 -0.4929 -2.2701 3.1525 0.0033 0.7189 0.6907 -0.0774
1311868213.0062 -0.4988 -2.2692 3.1517 0.0042 0.7189 0.6908 -0.0771
1311868213.0422 -0.4996 -2.2652 3.1529 0.0052 0.7195 0.6902 -0.0769
1311868213.0740 -0.5048 -2.2651 3.1497 0.0065 0.7193 0.6906 -0.0753
1311868213.1061 -0.5124 -2.2651 3.1427 0.0066 0.7185 0.6917 -0.0727
1311868213.1421 -0.5176 -2.2640 3.1302 0.0055 0.7172 0.6933 -0.0702
1311868213.1742 -0.5206 -2.2601 3.1361 0.0045 0.7198 0.6907 -0.0685
1311868213.2063 -0.5153 -2.2561 3.1333 0.0028 0.7210 0.6896 -0.0683
1311868213.2422 -0.5232 -2.2544 3.1327 0.0037 0.7227 0.6880 -0.0652
1311868213.2740 -0.5251 -2.2536 3.1241 0.0032 0.7231 0.6879 -0.0630
1311868213.3062 -0.5330 -2.2522 3.1191 0.0035 0.7243 0.6869 -0.0598
1311868213.3424 -0.5359 -2.2512 3.1174 0.0020 0.7256 0.6857 -0.0576
1311868213.3744 -0.5429 -2.2488 3.1148 0.0023 0.7260 0.6854 -0.0555
1311868213.4060 -0.5453 -2.2459 3.1130 0.0030 0.7259 0.6855 -0.0553
1311868213.4423 -0.5534 -2.2441 3.1100 0.0044 0.7255 0.6862 -0.0531
1311868213.4745 -0.5601 -2.2425 3.1053 0.0042 0.7248 0.6872 -0.0498
1311868213.5063 -0.5623 -2.2405 3.1025 0.0029 0.7243 0.6878 -0.0479
1311868213.5422 -0.5642 -2.2381 3.0986 0.0001 0.7237 0.6886 -0.0457
1311868213.5743 -0.5667 -2.2358 3.0986 -0.0014 0.7238 0.6886 -0.0439
1311868213.6084 -0.5719 -2.2336 3.0993 -0.0024 0.7242 0.6883 -0.0414
1311868213.6421 -0.5733 -2.2304 3.0965 -0.0046 0.7243 0.6883 -0.0397
1311868213.6742 -0.5764 -2.2282 3.0913 -0.0063 0.7244 0.6883 -0.0385
1311868213.7063 -0.5788 -2.2247 3.0924 -0.0070 0.7258 0.6869 -0.0380
1311868213.7422 -0.5776 -2.2219 3.0930 -0.0066 0.7270 0.6855 -0.0392
1311868213.7741 -0.5814 -2.2196 3.0928 -0.0041 0.7278 0.6847 -0.0393
1311868213.8062 -0.5869 -2.2187 3.0882 -0.0008 0.7278 0.6847 -0.0394
1311868213.8422 -0.5898 -2.2157 3.0870 0.0007 0.7284 0.6840 -0.0391
1311868213.8741 -0.5940 -2.2151 3.0795 0.0013 0.7280 0.6845 -0.0383
1311868213.9063 -0.5950 -2.2144 3.0784 0.0009 0.7288 0.6836 -0.0386
1311868213.9422 -0.5953 -2.2116 3.0840 0.0004 0.7311 0.6812 -0.0386
1311868213.9741 -0.6009 -2.2115 3.0750 -0.0002 0.7311 0.6813 -0.0369
1311868214.0063 -0.5999 -2.2090 3.0782 -0.0003 0.7338 0.6784 -0.0357
1311868214.0422 -0.6001 -2.2104 3.0802 0.0007 0.7359 0.6762 -0.0337
1311868214.0741 -0.6050 -2.2079 3.0774 0.0032 0.7366 0.6756 -0.0314
1311868214.1062 -0.6074 -2.2085 3.0784 0.0086 0.7373 0.6748 -0.0322
1311868214.1423 -0.6087 -2.2072 3.0752 0.0122 0.7365 0.6756 -0.0313
1311868214.1740 -0.6142 -2.2054 3.0723 0.0168 0.7360 0.6761 -0.0291
1311868214.2063 -0.6102 -2.2042 3.0745 0.0192 0.7366 0.6755 -0.0275
1311868214.2422 -0.6173 -2.2033 3.0665 0.0203 0.7357 0.6766 -0.0228
1311868214.2742 -0.6205 -2.2038 3.0617 0.0199 0.7353 0.6772 -0.0209
1311868214.3064 -0.6240 -2.2016 3.0622 0.0188 0.7367 0.6756 -0.0208
1311868214.3423 -0.6284 -2.1999 3.0656 0.0191 0.7382 0.6740 -0.0214
1311868214.3742 -0.6286 -2.1985 3.0664 0.0196 0.7385 0.6736 -0.0216
1311868214.4062 -0.6254 -2.1980 3.0662 0.0207 0.7386 0.6735 -0.0218
1311868214.4422 -0.6295 -2.1965 3.0643 0.0224 0.7386 0.6735 -0.0194
1311868214.4743 -0.6306 -2.1967 3.0577 0.0218 0.7380 0.6743 -0.0161
1311868214.5066 -0.6320 -2.1954 3.0597 0.0202 0.7390 0.6733 -0.0134
1311868214.5423 -0.6344 -2.1942 3.0582 0.0182 0.7395 0.6728 -0.0115
1311868214.5744 -0.6359 -2.1942 3.0566 0.0178 0.7398 0.6725 -0.0105
1311868214.6064 -0.6392 -2.1913 3.0580 0.0176 0.7408 0.6714 -0.0071
1311868214.6423 -0.6399 -2.1908 3.0576 0.0175 0.7415 0.6707 -0.0032
1311868214.6744 -0.6451 -2.1909 3.0542 0.0183 0.7415 0.6707 0.0014
1311868214.7062 -0.6479 -2.1879 3.0548 0.0187 0.7426 0.6695 0.0048
1311868214.7423 -0.6518 -2.1876 3.0531 0.0186 0.7434 0.6685 0.0087
1311868214.7745 -0.6552 -2.1872 3.0521 0.0180 0.7444 0.6674 0.0131
1311868214.8065 -0.6592 -2.1843 3.0515 0.0166 0.7457 0.6658 0.0188
1311868214.8423 -0.6606 -2.1833 3.0491 0.0145 0.7469 0.6643 0.0239
1311868214.8743 -0.6621 -2.1846 3.0481 0.0143 0.7481 0.6629 0.0279
1311868214.9063 -0.6627 -2.1820 3.0472 0.0156 0.7481 0.6626 0.0317
1311868214.9422 -0.6684 -2.1820 3.0463 0.0168 0.7478 0.6626 0.0368
1311868214.9744 -0.6709 -2.1805 3.0480 0.0148 0.7482 0.6619 0.0420
1311868215.0064 -0.6756 -2.1819 3.0434 0.0103 0.7479 0.6620 0.0478
1311868215.0422 -0.6764 -2.1814 3.0455 0.0062 0.7491 0.6605 0.0501
1311868215.0742 -0.6791 -2.1812 3.0423 0.0035 0.7492 0.6602 0.0522
1311868215.1062 -0.6817 -2.1802 3.0420 0.0028 0.7502 0.6589 0.0542
1311868215.1423 -0.6842 -2.1800 3.0414 0.0023 0.7513 0.6574 0.0575
1311868215.1743 -0.6871 -2.1812 3.0381 0.0010 0.7517 0.6566 0.0621
1311868215.2064 -0.6926 -2.1819 3.0334 0.0001 0.7516 0.6562 0.0665
1311868215.2423 -0.6947 -2.1812 3.0325 -0.0015 0.7525 0.6550 0.0692
1311868215.2744 -0.6969 -2.1826 3.0318 -0.0031 0.7529 0.6542 0.0713
1311868215.3064 -0.6974 -2.1816 3.0293 -0.0049 0.7532 0.6538 0.0727
1311868215.3425 -0.7018 -2.1825 3.0261 -0.0047 0.7533 0.6534 0.0750
1311868215.3742 -0.7013 -2.1830 3.0246 -0.0058 0.7528 0.6536 0.0773
1311868215.4064 -0.7028 -2.1824 3.0178 -0.0061 0.7523 0.6539 0.0799
1311868215.4423 -0.7040 -2.1823 3.0137 -0.0057 0.7525 0.6535 0.0821
1311868215.4745 -0.7065 -2.1837 3.0085 -0.0067 0.7527 0.6528 0.0850
1311868215.5063 -0.7028 -2.1837 3.0071 -0.0092 0.7542 0.6508 0.0864
1311868215.5423 -0.7048 -2.1877 3.0020 -0.0100 0.7549 0.6498 0.0883
1311868215.5741 -0.7024 -2.1840 3.0021 -0.0087 0.7561 0.6485 0.0876
1311868215.6062 -0.7075 -2.1865 2.9913 -0.0071 0.7560 0.6483 0.0894
1311868215.6424 -0.7048 -2.1871 2.9892 -0.0066 0.7583 0.6454 0.0918
1311868215.6745 -0.7032 -2.1883 2.9860 -0.0071 0.7592 0.6436 0.0967
1311868215.7065 -0.7027 -2.1891 2.9853 -0.0070 0.7605 0.6413 0.1015
1311868215.7422 -0.7048 -2.1912 2.9749 -0.0069 0.7597 0.6415 0.1058
1311868215.7747 -0.7015 -2.1885 2.9773 -0.0077 0.7614 0.6393 0.1079
1311868215.8066 -0.7031 -2.1910 2.9697 -0.0084 0.7615 0.6384 0.1116
1311868215.8423 -0.7043 -2.1924 2.9632 -0.0095 0.7617 0.6377 0.1141
1311868215.8742 -0.6989 -2.1900 2.9662 -0.0076 0.7636 0.6357 0.1130
1311868215.9064 -0.7024 -2.1934 2.9533 -0.0066 0.7623 0.6367 0.1160
1311868215.9424 -0.6976 -2.1911 2.9592 -0.0054 0.7648 0.6336 0.1165
1311868215.9743 -0.7031 -2.1951 2.9449 -0.0044 0.7635 0.6346 0.1197
1311868216.0065 -0.7003 -2.1943 2.9471 -0.0036 0.7648 0.6331 0.1193
1311868216.0425 -0.7002 -2.1980 2.9374 -0.0029 0.7640 0.6339 0.1199
1311868216.0742 -0.7027 -2.1984 2.9313 -0.0023 0.7644 0.6333 0.1211
1311868216.1063 -0.7002 -2.2005 2.9244 -0.0023 0.7646 0.6333 0.1194
1311868216.1424 -0.7021 -2.2008 2.9203 -0.0010 0.7663 0.6317 0.1175
1311868216.1742 -0.7016 -2.2025 2.9193 0.0000 0.7685 0.6291 0.1165
1311868216.2063 -0.7042 -2.2036 2.9158 0.0004 0.7682 0.6291 0.1185
1311868216.2429 -0.7041 -2.2045 2.9099 0.0017 0.7694 0.6278 0.1180
1311868216.2759 -0.7075 -2.2082 2.9033 0.0041 0.7699 0.6270 0.1184
1311868216.3067 -0.7034 -2.2083 2.9101 0.0031 0.7721 0.6242 0.1193
1311868216.3426 -0.7070 -2.2109 2.9018 0.0036 0.7710 0.6248 0.1232
1311868216.3743 -0.7115 -2.2132 2.8939 0.0047 0.7701 0.6253 0.1266
1311868216.4067 -0.7118 -2.2125 2.8916 0.0057 0.7704 0.6249 0.1263
1311868216.4423 -0.7142 -2.2118 2.8885 0.0054 0.7705 0.6250 0.1254
1311868216.4744 -0.7135 -2.2132 2.8864 0.0033 0.7724 0.6232 0.1222
1311868216.5064 -0.7141 -2.2119 2.8886 0.0021 0.7738 0.6220 0.1199
1311868216.5424 -0.7197 -2.2153 2.8766 0.0020 0.7733 0.6228 0.1187
1311868216.5743 -0.7170 -2.2160 2.8794 0.0022 0.7751 0.6212 0.1156
1311868216.6065 -0.7222 -2.2164 2.8728 0.0055 0.7751 0.6211 0.1154
1311868216.6425 -0.7248 -2.2174 2.8700 0.0073 0.7756 0.6204 0.1161
1311868216.6743 -0.7258 -2.2191 2.8680 0.0093 0.7768 0.6185 0.1178
1311868216.7066 -0.7263 -2.2209 2.8659 0.0114 0.7784 0.6163 0.1190
1311868216.7425 -0.7300 -2.2209 2.8608 0.0135 0.7797 0.6145 0.1198
1311868216.7743 -0.7318 -2.2239 2.8580 0.0143 0.7819 0.6117 0.1194
1311868216.8064 -0.7338 -2.2271 2.8571 0.0148 0.7843 0.6088 0.1186
1311868216.8425 -0.7343 -2.2287 2.8562 0.0149 0.7865 0.6060 0.1184
1311868216.8744 -0.7362 -2.2309 2.8545 0.0140 0.7870 0.6051 0.1197
1311868216.9064 -0.7389 -2.2312 2.8475 0.0125 0.7877 0.6042 0.1198
1311868216.9424 -0.7414 -2.2354 2.8430 0.0113 0.7886 0.6032 0.1188
1311868216.9746 -0.7450 -2.2359 2.8399 0.0115 0.7889 0.6031 0.1178
1311868217.0064 -0.7457 -2.2404 2.8383 0.0109 0.7898 0.6021 0.1166
1311868217.0424 -0.7475 -2.2424 2.8384 0.0089 0.7890 0.6031 0.1170
1311868217.0746 -0.7420 -2.2394 2.8429 0.0075 0.7891 0.6036 0.1137
1311868217.1067 -0.7442 -2.2409 2.8360 0.0065 0.7883 0.6049 0.1123
1311868217.1437 -0.7479 -2.2432 2.8326 0.0059 0.7898 0.6031 0.1111
1311868217.1746 -0.7503 -2.2442 2.8280 0.0056 0.7914 0.6014 0.1096
1311868217.2066 -0.7483 -2.2469 2.8269 0.0056 0.7944 0.5978 0.1072
1311868217.2424 -0.7498 -2.2493 2.8260 0.0056 0.7970 0.5943 0.1071
1311868217.2747 -0.7496 -2.2524 2.8270 0.0056 0.7995 0.5911 0.1062
1311868217.3073 -0.7502 -2.2549 2.8280 0.0065 0.8018 0.5884 0.1043
1311868217.3425 -0.7496 -2.2579 2.8287 0.0069 0.8042 0.5853 0.1026
1311868217.3743 -0.7500 -2.2606 2.8312 0.0066 0.8059 0.5830 0.1024
1311868217.4067 -0.7526 -2.2631 2.8262 0.0053 0.8063 0.5822 0.1042
1311868217.4425 -0.7552 -2.2660 2.8245 0.0031 0.8068 0.5812 0.1061
1311868217.4751 -0.7546 -2.2651 2.8250 0.0015 0.8072 0.5806 0.1061
1311868217.5066 -0.7557 -2.2657 2.8239 0.0019 0.8071 0.5808 0.1058
1311868217.5423 -0.7559 -2.2651 2.8238 0.0033 0.8068 0.5813 0.1054
1311868217.5743 -0.7539 -2.2628 2.8264 0.0040 0.8069 0.5812 0.1052
1311868217.6063 -0.7539 -2.2599 2.8273 0.0037 0.8065 0.5817 0.1054
1311868217.6424 -0.7518 -2.2569 2.8287 0.0037 0.8065 0.5820 0.1038
1311868217.6744 -0.7493 -2.2532 2.8306 0.0035 0.8067 0.5821 0.1024
1311868217.7064 -0.7470 -2.2517 2.8307 0.0031 0.8067 0.5821 0.1017
1311868217.7424 -0.7462 -2.2497 2.8313 0.0032 0.8069 0.5819 0.1016
1311868217.7755 -0.7445 -2.2475 2.8329 0.0031 0.8070 0.5818 0.1011
1311868217.8068 -0.7424 -2.2450 2.8336 0.0025 0.8072 0.5816 0.1006
1311868217.8425 -0.7399 -2.2428 2.8342 0.0013 0.8076 0.5813 0.0999
1311868217.8743 -0.7408 -2.2413 2.8331 -0.0001 0.8079 0.5808 0.1000
1311868217.9065 -0.7424 -2.2409 2.8298 -0.0014 0.8082 0.5804 0.1000
1311868217.9425 -0.7443 -2.2400 2.8268 -0.0020 0.8085 0.5798 0.1001
1311868217.9751 -0.7438 -2.2390 2.8254 -0.0013 0.8091 0.5792 0.0996
1311868218.0064 -0.7411 -2.2361 2.8284 0.0008 0.8104 0.5775 0.0991
1311868218.0424 -0.7396 -2.2361 2.8295 0.0016 0.8106 0.5768 0.1014
1311868218.0747 -0.7391 -2.2346 2.8274 0.0017 0.8105 0.5765 0.1041
1311868218.1065 -0.7385 -2.2326 2.8281 0.0020 0.8112 0.5752 0.1054
1311868218.1425 -0.7391 -2.2307 2.8284 0.0023 0.8116 0.5745 0.1065
1311868218.1746 -0.7394 -2.2290 2.8281 0.0024 0.8115 0.5744 0.1072
1311868218.2065 -0.7379 -2.2253 2.8304 0.0029 0.8117 0.5742 0.1068
1311868218.2425 -0.7354 -2.2201 2.8346 0.0048 0.8118 0.5742 0.1063
1311868218.2746 -0.7316 -2.2139 2.8412 0.0075 0.8117 0.5744 0.1062
1311868218.3065 -0.7296 -2.2088 2.8464 0.0094 0.8114 0.5746 0.1065
1311868218.3426 -0.7286 -2.2041 2.8531 0.0104 0.8114 0.5747 0.1062
1311868218.3748 -0.7280 -2.2007 2.8549 0.0104 0.8116 0.5745 0.1056
1311868218.4105 -0.7290 -2.1984 2.8574 0.0099 0.8119 0.5742 0.1051
1311868218.4425 -0.7309 -2.1964 2.8582 0.0105 0.8120 0.5743 0.1037
1311868218.4745 -0.7348 -2.1958 2.8580 0.0125 0.8115 0.5750 0.1027
1311868218.5104 -0.7346 -2.1921 2.8635 0.0142 0.8114 0.5754 0.1013
1311868218.5424 -0.7351 -2.1882 2.8685 0.0149 0.8114 0.5756 0.1005
1311868218.5744 -0.7379 -2.1884 2.8680 0.0159 0.8112 0.5761 0.0992
1311868218.6104 -0.7377 -2.1862 2.8739 0.0167 0.8129 0.5739 0.0976
1311868218.6425 -0.7407 -2.1852 2.8749 0.0164 0.8133 0.5730 0.0992
1311868218.6745 -0.7416 -2.1825 2.8744 0.0175 0.8132 0.5728 0.1017
1311868218.7104 -0.7430 -2.1830 2.8740 0.0200 0.8127 0.5728 0.1055
1311868218.7425 -0.7448 -2.1828 2.8737 0.0221 0.8122 0.5726 0.1094
1311868218.7745 -0.7480 -2.1811 2.8731 0.0231 0.8120 0.5721 0.1134
1311868218.8103 -0.7513 -2.1793 2.8743 0.0220 0.8123 0.5712 0.1157
1311868218.8424 -0.7538 -2.1768 2.8757 0.0208 0.8127 0.5706 0.1164
1311868218.8747 -0.7570 -2.1780 2.8812 0.0181 0.8129 0.5702 0.1168
1311868218.9103 -0.7607 -2.1784 2.8838 0.0140 0.8120 0.5714 0.1184
1311868218.9424 -0.7633 -2.1746 2.8861 0.0114 0.8102 0.5739 0.1187
1311868218.9745 -0.7663 -2.1725 2.8867 0.0082 0.8086 0.5760 0.1200
1311868219.0107 -0.7701 -2.1720 2.8872 0.0036 0.8077 0.5768 0.1223
1311868219.0428 -0.7746 -2.1705 2.8888 0.0002 0.8076 0.5766 0.1239
1311868219.0747 -0.7763 -2.1674 2.8926 -0.0006 0.8080 0.5761 0.1235
1311868219.1107 -0.7792 -2.1633 2.8928 0.0005 0.8079 0.5762 0.1236
1311868219.1424 -0.7808 -2.1583 2.8959 0.0026 0.8077 0.5765 0.1236
1311868219.1745 -0.7827 -2.1541 2.8979 0.0037 0.8076 0.5766 0.1240
1311868219.2104 -0.7854 -2.1485 2.9023 0.0043 0.8077 0.5765 0.1237
1311868219.2426 -0.7865 -2.1407 2.9074 0.0062 0.8076 0.5770 0.1218
1311868219.2745 -0.7870 -2.1335 2.9130 0.0084 0.8075 0.5776 0.1195
1311868219.3106 -0.7881 -2.1285 2.9203 0.0097 0.8067 0.5788 0.1185
1311868219.3429 -0.7897 -2.1240 2.9264 0.0104 0.8056 0.5804 0.1185
1311868219.3746 -0.7937 -2.1201 2.9266 0.0109 0.8031 0.5836 0.1200
1311868219.4104 -0.7989 -2.1167 2.9251 0.0124 0.8001 0.5872 0.1220
1311868219.4425 -0.8022 -2.1140 2.9251 0.0157 0.7971 0.5906 0.1244
1311868219.4744 -0.8048 -2.1107 2.9277 0.0187 0.7944 0.5935 0.1278
1311868219.5105 -0.8059 -2.1053 2.9315 0.0211 0.7913 0.5967 0.1313
1311868219.5433 -0.8108 -2.1003 2.9307 0.0239 0.7880 0.6003 0.1343
1311868219.5748 -0.8122 -2.0953 2.9361 0.0258 0.7861 0.6025 0.1355
1311868219.6107 -0.8145 -2.0901 2.9396 0.0271 0.7840 0.6050 0.1366
1311868219.6429 -0.8166 -2.0882 2.9418 0.0289 0.7818 0.6076 0.1371
1311868219.6744 -0.8162 -2.0820 2.9444 0.0335 0.7802 0.6095 0.1366
1311868219.7108 -0.8214 -2.0769 2.9468 0.0377 0.7783 0.6110 0.1394
1311868219.7426 -0.8213 -2.0746 2.9511 0.0393 0.7772 0.6117 0.1421
1311868219.7745 -0.8214 -2.0708 2.9581 0.0390 0.7769 0.6114 0.1451
1311868219.8104 -0.8221 -2.0671 2.9615 0.0395 0.7769 0.6109 0.1475
1311868219.8428 -0.8259 -2.0624 2.9635 0.0411 0.7769 0.6102 0.1500
1311868219.8745 -0.8287 -2.0601 2.9629 0.0422 0.7765 0.6100 0.1518
1311868219.9106 -0.8246 -2.0577 2.9740 0.0432 0.7768 0.6095 0.1523
1311868219.9426 -0.8313 -2.0550 2.9715 0.0460 0.7751 0.6107 0.1554
1311868219.9749 -0.8302 -2.0520 2.9737 0.0485 0.7741 0.6113 0.1570
1311868220.0106 -0.8308 -2.0493 2.9802 0.0509 0.7733 0.6117 0.1586
1311868220.0428 -0.8292 -2.0473 2.9857 0.0525 0.7719 0.6132 0.1597
1311868220.0747 -0.8320 -2.0439 2.9895 0.0544 0.7691 0.6159 0.1620
1311868220.1106 -0.8318 -2.0396 2.9971 0.0542 0.7670 0.6180 0.1638
1311868220.1426 -0.8354 -2.0375 2.9968 0.0549 0.7640 0.6211 0.1659
1311868220.1747 -0.8357 -2.0352 3.0008 0.0551 0.7620 0.6231 0.1673
1311868220.2105 -0.8366 -2.0327 3.0057 0.0560 0.7599 0.6255 0.1680
1311868220.2425 -0.8384 -2.0271 3.0085 0.0576 0.7575 0.6279 0.1692
1311868220.2749 -0.8364 -2.0250 3.0176 0.0580 0.7569 0.6284 0.1698
1311868220.3107 -0.8384 -2.0222 3.0225 0.0568 0.7550 0.6300 0.1728
1311868220.3428 -0.8391 -2.0178 3.0270 0.0546 0.7541 0.6307 0.1750
1311868220.3750 -0.8400 -2.0173 3.0317 0.0532 0.7537 0.6308 0.1766
1311868220.4105 -0.8424 -2.0147 3.0370 0.0514 0.7523 0.6319 0.1794
1311868220.4426 -0.8436 -2.0132 3.0410 0.0496 0.7502 0.6338 0.1818
1311868220.4748 -0.8475 -2.0113 3.0439 0.0482 0.7482 0.6355 0.1846
1311868220.5109 -0.8501 -2.0100 3.0452 0.0479 0.7455 0.6381 0.1865
1311868220.5426 -0.8515 -2.0102 3.0505 0.0472 0.7431 0.6405 0.1881
1311868220.5745 -0.8496 -2.0081 3.0597 0.0450 0.7406 0.6433 0.1888
1311868220.6113 -0.8534 -2.0066 3.0600 0.0446 0.7377 0.6466 0.1892
1311868220.6426 -0.8570 -2.0071 3.0613 0.0434 0.7349 0.6498 0.1894
1311868220.6746 -0.8606 -2.0043 3.0650 0.0418 0.7332 0.6516 0.1899
1311868220.7106 -0.8619 -2.0034 3.0676 0.0410 0.7316 0.6536 0.1893
1311868220.7427 -0.8617 -2.0043 3.0762 0.0414 0.7308 0.6547 0.1887
1311868220.7745 -0.8650 -2.0033 3.0781 0.0423 0.7283 0.6571 0.1900
1311868220.8108 -0.8635 -2.0027 3.0879 0.0430 0.7280 0.6575 0.1892
1311868220.8427 -0.8628 -2.0033 3.0941 0.0442 0.7271 0.6588 0.1879
1311868220.8748 -0.8674 -2.0013 3.0948 0.0446 0.7254 0.6605 0.1885
1311868220.9107 -0.8741 -2.0034 3.0918 0.0434 0.7231 0.6626 0.1904
1311868220.9430 -0.8857 -2.0011 3.0871 0.0440 0.7220 0.6632 0.1921
1311868220.9749 -0.8791 -2.0022 3.0989 0.0418 0.7240 0.6618 0.1897
1311868221.0105 -0.8750 -2.0022 3.1102 0.0395 0.7252 0.6609 0.1890
1311868221.0426 -0.8882 -2.0026 3.0973 0.0408 0.7218 0.6635 0.1925
1311868221.0748 -0.8865 -2.0048 3.1040 0.0400 0.7228 0.6626 0.1922
1311868221.1106 -0.8837 -2.0053 3.1138 0.0384 0.7235 0.6619 0.1922
1311868221.1427 -0.8911 -2.0021 3.1075 0.0396 0.7213 0.6639 0.1934
1311868221.1746 -0.8926 -2.0027 3.1098 0.0397 0.7217 0.6637 0.1926
1311868221.2106 -0.8930 -2.0049 3.1147 0.0392 0.7221 0.6634 0.1920
1311868221.2427 -0.8893 -2.0047 3.1235 0.0374 0.7236 0.6622 0.1911
1311868221.2750 -0.8951 -2.0042 3.1221 0.0375 0.7238 0.6616 0.1924
1311868221.3114 -0.8959 -2.0048 3.1226 0.0369 0.7241 0.6613 0.1926
1311868221.3428 -0.8954 -2.0062 3.1267 0.0355 0.7243 0.6611 0.1927
1311868221.3749 -0.8991 -2.0057 3.1259 0.0348 0.7241 0.6610 0.1938
1311868221.4107 -0.9002 -2.0062 3.1291 0.0340 0.7255 0.6597 0.1934
1311868221.4428 -0.9018 -2.0088 3.1280 0.0331 0.7258 0.6593 0.1934
1311868221.4747 -0.9057 -2.0103 3.1303 0.0326 0.7256 0.6592 0.1946
1311868221.5110 -0.9075 -2.0101 3.1290 0.0317 0.7249 0.6599 0.1950
1311868221.5430 -0.9093 -2.0112 3.1297 0.0317 0.7250 0.6600 0.1944
1311868221.5747 -0.9096 -2.0119 3.1296 0.0316 0.7243 0.6609 0.1937
1311868221.6107 -0.9101 -2.0134 3.1318 0.0320 0.7246 0.6610 0.1926
1311868221.6426 -0.9124 -2.0134 3.1332 0.0330 0.7247 0.6611 0.1916
1311868221.6746 -0.9114 -2.0150 3.1368 0.0334 0.7258 0.6603 0.1898
1311868221.7115 -0.9123 -2.0160 3.1384 0.0336 0.7261 0.6603 0.1890
1311868221.7428 -0.9112 -2.0155 3.1414 0.0343 0.7270 0.6599 0.1864
1311868221.7759 -0.9157 -2.0180 3.1390 0.0349 0.7271 0.6600 0.1858
1311868221.8108 -0.9141 -2.0185 3.1389 0.0336 0.7270 0.6606 0.1841
1311868221.8427 -0.9137 -2.0197 3.1402 0.0332 0.7272 0.6612 0.1811
1311868221.8746 -0.9178 -2.0205 3.1357 0.0348 0.7257 0.6634 0.1787
1311868221.9108 -0.9234 -2.0207 3.1356 0.0368 0.7249 0.6647 0.1772
1311868221.9427 -0.9267 -2.0199 3.1338 0.0378 0.7247 0.6648 0.1771
1311868221.9753 -0.9271 -2.0192 3.1341 0.0377 0.7255 0.6640 0.1769
1311868222.0107 -0.9216 -2.0182 3.1405 0.0362 0.7278 0.6622 0.1745
1311868222.0428 -0.9233 -2.0208 3.1415 0.0353 0.7287 0.6615 0.1735
1311868222.0771 -0.9236 -2.0214 3.1413 0.0350 0.7282 0.6623 0.1726
1311868222.1107 -0.9266 -2.0190 3.1386 0.0355 0.7277 0.6629 0.1723
1311868222.1429 -0.9277 -2.0186 3.1410 0.0356 0.7287 0.6621 0.1715
1311868222.1750 -0.9285 -2.0187 3.1397 0.0345 0.7286 0.6625 0.1704
1311868222.2108 -0.9321 -2.0165 3.1408 0.0336 0.7297 0.6616 0.1693
1311868222.2427 -0.9337 -2.0171 3.1410 0.0331 0.7299 0.6618 0.1678
1311868222.2757 -0.9390 -2.0143 3.1375 0.0338 0.7294 0.6624 0.1674
1311868222.3109 -0.9375 -2.0126 3.1378 0.0333 0.7295 0.6627 0.1660
1311868222.3430 -0.9356 -2.0132 3.1403 0.0337 0.7289 0.6638 0.1641
1311868222.3753 -0.9392 -2.0131 3.1396 0.0338 0.7279 0.6649 0.1641
1311868222.4108 -0.9424 -2.0116 3.1395 0.0346 0.7280 0.6649 0.1633
1311868222.4427 -0.9418 -2.0101 3.1407 0.0351 0.7287 0.6645 0.1620
1311868222.4747 -0.9428 -2.0079 3.1399 0.0346 0.7287 0.6644 0.1623
1311868222.5108 -0.9510 -2.0048 3.1334 0.0342 0.7277 0.6646 0.1661
1311868222.5428 -0.9604 -2.0050 3.1285 0.0329 0.7266 0.6646 0.1714
1311868222.5747 -0.9654 -2.0043 3.1262 0.0317 0.7267 0.6634 0.1754
1311868222.6107 -0.9671 -2.0011 3.1229 0.0314 0.7265 0.6629 0.1781
1311868222.6430 -0.9639 -1.9985 3.1257 0.0293 0.7267 0.6622 0.1802
1311868222.6749 -0.9626 -2.0002 3.1282 0.0271 0.7266 0.6621 0.1816
1311868222.7108 -0.9740 -1.9984 3.1146 0.0291 0.7226 0.6655 0.1846
1311868222.7428 -0.9695 -1.9965 3.1243 0.0285 0.7228 0.6652 0.1848
1311868222.7749 -0.9783 -1.9927 3.1174 0.0299 0.7210 0.6660 0.1889
1311868222.8109 -0.9839 -1.9898 3.1104 0.0298 0.7194 0.6665 0.1932
1311868222.8429 -0.9871 -1.9887 3.1074 0.0288 0.7187 0.6666 0.1956
1311868222.8756 -0.9855 -1.9896 3.1109 0.0272 0.7189 0.6667 0.1947
1311868222.9107 -0.9803 -1.9894 3.1194 0.0247 0.7200 0.6662 0.1926
1311868222.9432 -0.9867 -1.9871 3.1121 0.0254 0.7184 0.6676 0.1938
1311868222.9748 -0.9911 -1.9854 3.1121 0.0256 0.7190 0.6662 0.1964
1311868223.0124 -0.9990 -1.9837 3.1034 0.0262 0.7174 0.6665 0.2011
1311868223.0438 -1.0008 -1.9823 3.1023 0.0255 0.7174 0.6658 0.2035
1311868223.0765 -0.9998 -1.9821 3.1037 0.0249 0.7190 0.6642 0.2030
1311868223.1109 -1.0019 -1.9823 3.1028 0.0245 0.7193 0.6637 0.2038
1311868223.1437 -1.0064 -1.9797 3.1009 0.0245 0.7192 0.6632 0.2056
1311868223.1748 -1.0124 -1.9797 3.0928 0.0258 0.7183 0.6634 0.2079
1311868223.2109 -1.0120 -1.9797 3.0936 0.0251 0.7181 0.6631 0.2098
1311868223.2427 -1.0173 -1.9765 3.0903 0.0258 0.7168 0.6636 0.2127
1311868223.2753 -1.0155 -1.9760 3.0938 0.0256 0.7174 0.6630 0.2123
1311868223.3107 -1.0243 -1.9725 3.0879 0.0260 0.7160 0.6637 0.2151
1311868223.3434 -1.0227 -1.9710 3.0901 0.0249 0.7167 0.6632 0.2143
1311868223.3755 -1.0338 -1.9667 3.0825 0.0256 0.7159 0.6630 0.2175
1311868223.4108 -1.0291 -1.9683 3.0878 0.0247 0.7176 0.6615 0.2165
1311868223.4441 -1.0310 -1.9673 3.0859 0.0254 0.7176 0.6610 0.2178
1311868223.4791 -1.0346 -1.9651 3.0819 0.0266 0.7172 0.6610 0.2192
1311868223.5112 -1.0371 -1.9655 3.0808 0.0267 0.7173 0.6610 0.2190
1311868223.5428 -1.0427 -1.9641 3.0788 0.0271 0.7169 0.6616 0.2182
1311868223.5763 -1.0462 -1.9623 3.0766 0.0272 0.7178 0.6611 0.2166
1311868223.6108 -1.0507 -1.9631 3.0706 0.0287 0.7183 0.6605 0.2167
1311868223.6427 -1.0491 -1.9641 3.0733 0.0288 0.7191 0.6594 0.2173
1311868223.6748 -1.0481 -1.9667 3.0747 0.0294 0.7199 0.6586 0.2170
1311868223.7109 -1.0487 -1.9671 3.0759 0.0311 0.7205 0.6581 0.2163
1311868223.7429 -1.0576 -1.9641 3.0650 0.0341 0.7182 0.6600 0.2178
1311868223.7749 -1.0611 -1.9628 3.0621 0.0355 0.7175 0.6607 0.2179
1311868223.8110 -1.0631 -1.9616 3.0622 0.0361 0.7173 0.6608 0.2180
1311868223.8428 -1.0544 -1.9662 3.0725 0.0346 0.7198 0.6591 0.2152
1311868223.8748 -1.0636 -1.9648 3.0648 0.0372 0.7179 0.6602 0.2176
1311868223.9109 -1.0705 -1.9618 3.0623 0.0403 0.7165 0.6608 0.2198
1311868223.9430 -1.0652 -1.9617 3.0741 0.0400 0.7182 0.6595 0.2185
1311868223.9751 -1.0694 -1.9634 3.0697 0.0417 0.7174 0.6604 0.2178
1311868224.0108 -1.0805 -1.9594 3.0580 0.0453 0.7158 0.6618 0.2180
1311868224.0437 -1.0816 -1.9621 3.0609 0.0454 0.7163 0.6614 0.2175
1311868224.0756 -1.0855 -1.9614 3.0583 0.0475 0.7164 0.6611 0.2176
1311868224.1108 -1.0914 -1.9599 3.0549 0.0496 0.7164 0.6606 0.2188
1311868224.1453 -1.0970 -1.9597 3.0536 0.0498 0.7161 0.6602 0.2208
1311868224.1748 -1.1053 -1.9583 3.0506 0.0489 0.7160 0.6595 0.2236
1311868224.2114 -1.1109 -1.9581 3.0490 0.0472 0.7159 0.6591 0.2254
1311868224.2429 -1.1137 -1.9571 3.0475 0.0456 0.7159 0.6590 0.2262
1311868224.2774 -1.1137 -1.9576 3.0555 0.0436 0.7184 0.6559 0.2275
1311868224.3115 -1.1184 -1.9578 3.0534 0.0427 0.7191 0.6539 0.2312
1311868224.3429 -1.1257 -1.9561 3.0482 0.0425 0.7192 0.6524 0.2351
1311868224.3749 -1.1305 -1.9575 3.0517 0.0422 0.7215 0.6494 0.2363
1311868224.4109 -1.1361 -1.9592 3.0477 0.0428 0.7210 0.6496 0.2374
1311868224.4429 -1.1409 -1.9587 3.0468 0.0431 0.7203 0.6500 0.2385
1311868224.4750 -1.1471 -1.9587 3.0461 0.0433 0.7199 0.6499 0.2399
1311868224.5118 -1.1530 -1.9582 3.0442 0.0421 0.7193 0.6496 0.2427
1311868224.5453 -1.1646 -1.9545 3.0405 0.0405 0.7187 0.6485 0.2476
1311868224.5747 -1.1711 -1.9553 3.0403 0.0374 0.7191 0.6474 0.2497
1311868224.6112 -1.1767 -1.9576 3.0380 0.0356 0.7193 0.6474 0.2496
1311868224.6431 -1.1850 -1.9570 3.0355 0.0359 0.7191 0.6474 0.2500
1311868224.6749 -1.1903 -1.9575 3.0340 0.0366 0.7189 0.6475 0.2502
1311868224.7108 -1.1944 -1.9564 3.0343 0.0366 0.7191 0.6470 0.2511
1311868224.7428 -1.2035 -1.9572 3.0313 0.0370 0.7183 0.6474 0.2520
1311868224.7756 -1.2101 -1.9598 3.0332 0.0345 0.7182 0.6475 0.2524
1311868224.8123 -1.2165 -1.9606 3.0328 0.0329 0.7182 0.6477 0.2522
1311868224.8427 -1.2177 -1.9585 3.0377 0.0313 0.7187 0.6475 0.2513
1311868224.8749 -1.2265 -1.9555 3.0341 0.0304 0.7184 0.6473 0.2529
1311868224.9121 -1.2318 -1.9564 3.0347 0.0287 0.7192 0.6460 0.2543
1311868224.9431 -1.2376 -1.9561 3.0340 0.0275 0.7196 0.6450 0.2559
1311868224.9783 -1.2453 -1.9560 3.0292 0.0269 0.7195 0.6444 0.2577
1311868225.0120 -1.2511 -1.9546 3.0226 0.0273 0.7192 0.6445 0.2582
1311868225.0454 -1.2542 -1.9572 3.0293 0.0270 0.7215 0.6421 0.2576
1311868225.0761 -1.2590 -1.9572 3.0250 0.0274 0.7214 0.6418 0.2587
1311868225.1112 -1.2665 -1.9554 3.0215 0.0283 0.7214 0.6410 0.2606
1311868225.1439 -1.2695 -1.9582 3.0209 0.0285 0.7218 0.6405 0.2606
1311868225.1760 -1.2745 -1.9603 3.0235 0.0285 0.7225 0.6397 0.2608
1311868225.2116 -1.2804 -1.9596 3.0219 0.0289 0.7220 0.6399 0.2616
1311868225.2429 -1.2866 -1.9582 3.0212 0.0289 0.7215 0.6399 0.2629
1311868225.2750 -1.2895 -1.9590 3.0234 0.0277 0.7216 0.6396 0.2637
1311868225.3108 -1.2933 -1.9609 3.0238 0.0266 0.7211 0.6396 0.2648
1311868225.3429 -1.2971 -1.9574 3.0228 0.0268 0.7213 0.6393 0.2651
1311868225.3794 -1.3031 -1.9623 3.0270 0.0261 0.7214 0.6389 0.2658
1311868225.4109 -1.3056 -1.9652 3.0323 0.0244 0.7210 0.6390 0.2670
1311868225.4434 -1.3084 -1.9640 3.0297 0.0249 0.7199 0.6400 0.2675
1311868225.4793 -1.3129 -1.9624 3.0271 0.0257 0.7191 0.6405 0.2683
1311868225.5109 -1.3168 -1.9631 3.0287 0.0258 0.7194 0.6399 0.2689
1311868225.5429 -1.3208 -1.9622 3.0286 0.0257 0.7195 0.6395 0.2698
1311868225.5764 -1.3239 -1.9649 3.0339 0.0249 0.7207 0.6378 0.2703
1311868225.6121 -1.3282 -1.9659 3.0332 0.0254 0.7205 0.6376 0.2713
1311868225.6442 -1.3312 -1.9665 3.0363 0.0264 0.7207 0.6371 0.2721
1311868225.6789 -1.3335 -1.9658 3.0337 0.0281 0.7195 0.6379 0.2733
1311868225.7113 -1.3393 -1.9652 3.0245 0.0304 0.7168 0.6399 0.2755
1311868225.7463 -1.3443 -1.9669 3.0339 0.0308 0.7173 0.6386 0.2769
1311868225.7769 -1.3474 -1.9647 3.0365 0.0309 0.7175 0.6378 0.2784
1311868225.8109 -1.3501 -1.9670 3.0415 0.0307 0.7177 0.6370 0.2797
1311868225.8429 -1.3526 -1.9659 3.0422 0.0311 0.7173 0.6365 0.2816
1311868225.8802 -1.3540 -1.9672 3.0426 0.0308 0.7169 0.6365 0.2829
1311868225.9108 -1.3571 -1.9659 3.0405 0.0310 0.7162 0.6369 0.2837
1311868225.9431 -1.3612 -1.9627 3.0341 0.0315 0.7149 0.6379 0.2845
1311868225.9770 -1.3649 -1.9620 3.0340 0.0318 0.7150 0.6378 0.2846
1311868226.0109 -1.3690 -1.9628 3.0338 0.0321 0.7148 0.6376 0.2854
1311868226.0438 -1.3736 -1.9602 3.0291 0.0322 0.7137 0.6376 0.2881
1311868226.0798 -1.3754 -1.9618 3.0342 0.0309 0.7145 0.6359 0.2901
1311868226.1151 -1.3805 -1.9640 3.0341 0.0299 0.7143 0.6356 0.2915
1311868226.1445 -1.3810 -1.9641 3.0376 0.0278 0.7152 0.6351 0.2904
1311868226.1789 -1.3844 -1.9629 3.0370 0.0265 0.7157 0.6354 0.2887
1311868226.2109 -1.3893 -1.9642 3.0365 0.0262 0.7160 0.6356 0.2875
1311868226.2473 -1.3931 -1.9635 3.0333 0.0259 0.7156 0.6358 0.2883
1311868226.2776 -1.3951 -1.9593 3.0300 0.0259 0.7180 0.6332 0.2880
1311868226.3110 -1.3943 -1.9584 3.0359 0.0244 0.7204 0.6315 0.2857
1311868226.3452 -1.3987 -1.9608 3.0377 0.0230 0.7215 0.6312 0.2837
1311868226.3816 -1.4045 -1.9623 3.0338 0.0228 0.7213 0.6322 0.2820
1311868226.4110 -1.4089 -1.9611 3.0322 0.0241 0.7212 0.6332 0.2799
1311868226.4441 -1.4107 -1.9585 3.0235 0.0258 0.7203 0.6352 0.2776
1311868226.4811 -1.4148 -1.9581 3.0187 0.0276 0.7202 0.6363 0.2752
1311868226.5110 -1.4195 -1.9547 3.0124 0.0280 0.7197 0.6371 0.2745
1311868226.5435 -1.4235 -1.9520 3.0061 0.0283 0.7197 0.6373 0.2738
1311868226.5766 -1.4261 -1.9535 3.0115 0.0279 0.7214 0.6357 0.2732
1311868226.6109 -1.4305 -1.9507 3.0109 0.0272 0.7221 0.6346 0.2740
1311868226.6443 -1.4333 -1.9478 3.0075 0.0253 0.7229 0.6338 0.2738
1311868226.6763 -1.4388 -1.9430 2.9930 0.0253 0.7217 0.6354 0.2735
1311868226.7111 -1.4476 -1.9405 2.9794 0.0264 0.7202 0.6368 0.2740
1311868226.7458 -1.4489 -1.9390 2.9781 0.0268 0.7194 0.6378 0.2737
1311868226.7785 -1.4523 -1.9378 2.9801 0.0283 0.7198 0.6373 0.2739
1311868226.8108 -1.4558 -1.9345 2.9727 0.0300 0.7186 0.6378 0.2756
1311868226.8443 -1.4606 -1.9314 2.9670 0.0297 0.7182 0.6364 0.2797
1311868226.8792 -1.4667 -1.9261 2.9544 0.0301 0.7180 0.6349 0.2838
1311868226.9109 -1.4698 -1.9231 2.9481 0.0295 0.7195 0.6323 0.2857
1311868226.9442 -1.4731 -1.9285 2.9478 0.0283 0.7212 0.6306 0.2854
1311868226.9763 -1.4771 -1.9192 2.9353 0.0297 0.7210 0.6307 0.2854
1311868227.0109 -1.4807 -1.9226 2.9352 0.0296 0.7226 0.6297 0.2838
1311868227.0471 -1.4853 -1.9147 2.9184 0.0302 0.7211 0.6308 0.2849
1311868227.0771 -1.4907 -1.9141 2.9171 0.0283 0.7230 0.6284 0.2857
1311868227.1109 -1.4945 -1.9109 2.9115 0.0261 0.7246 0.6263 0.2864
1311868227.1445 -1.4955 -1.9084 2.9061 0.0224 0.7264 0.6240 0.2873
1311868227.1791 -1.5021 -1.9062 2.8941 0.0224 0.7264 0.6232 0.2888
1311868227.2109 -1.5008 -1.9063 2.8949 0.0241 0.7275 0.6225 0.2875
1311868227.2474 -1.5065 -1.8993 2.8749 0.0292 0.7241 0.6250 0.2903
1311868227.2766 -1.5108 -1.8965 2.8670 0.0329 0.7226 0.6255 0.2924
1311868227.3117 -1.5109 -1.8925 2.8633 0.0347 0.7230 0.6249 0.2926
1311868227.3479 -1.5169 -1.8952 2.8660 0.0337 0.7246 0.6227 0.2933
1311868227.3778 -1.5163 -1.8878 2.8575 0.0359 0.7256 0.6222 0.2919
1311868227.4114 -1.5198 -1.8893 2.8632 0.0343 0.7277 0.6192 0.2931
1311868227.4467 -1.5232 -1.8862 2.8431 0.0363 0.7245 0.6215 0.2956
1311868227.4790 -1.5251 -1.8838 2.8371 0.0380 0.7239 0.6214 0.2975
1311868227.5109 -1.5263 -1.8818 2.8394 0.0384 0.7244 0.6199 0.2992
1311868227.5474 -1.5278 -1.8773 2.8415 0.0390 0.7253 0.6179 0.3010
1311868227.5791 -1.5285 -1.8777 2.8349 0.0398 0.7247 0.6177 0.3027
1311868227.6109 -1.5333 -1.8787 2.8343 0.0397 0.7246 0.6164 0.3057
1311868227.6443 -1.5363 -1.8744 2.8285 0.0408 0.7234 0.6163 0.3087
1311868227.6790 -1.5395 -1.8703 2.8221 0.0413 0.7221 0.6156 0.3129
1311868227.7110 -1.5422 -1.8670 2.8179 0.0405 0.7208 0.6145 0.3181
1311868227.7443 -1.5422 -1.8623 2.8156 0.0413 0.7200 0.6139 0.3211
1311868227.7792 -1.5459 -1.8620 2.8165 0.0414 0.7198 0.6122 0.3247
1311868227.8137 -1.5497 -1.8627 2.8139 0.0420 0.7183 0.6117 0.3289
1311868227.8443 -1.5544 -1.8597 2.8069 0.0421 0.7155 0.6119 0.3345
1311868227.8792 -1.5585 -1.8590 2.8054 0.0416 0.7149 0.6101 0.3390
1311868227.9125 -1.5631 -1.8573 2.8003 0.0408 0.7134 0.6089 0.3444
1311868227.9462 -1.5668 -1.8566 2.8005 0.0387 0.7134 0.6061 0.3495
1311868227.9793 -1.5720 -1.8555 2.7950 0.0382 0.7118 0.6051 0.3546
1311868228.0147 -1.5772 -1.8561 2.7903 0.0385 0.7097 0.6049 0.3592
1311868228.0449 -1.5824 -1.8557 2.7900 0.0392 0.7078 0.6047 0.3631
1311868228.0790 -1.5868 -1.8546 2.7901 0.0403 0.7068 0.6038 0.3663
1311868228.1127 -1.5918 -1.8533 2.7848 0.0392 0.7046 0.6033 0.3715
1311868228.1462 -1.5972 -1.8503 2.7842 0.0378 0.7042 0.6013 0.3757
1311868228.1790 -1.6033 -1.8535 2.7827 0.0374 0.7041 0.5998 0.3782
1311868228.2147 -1.6091 -1.8513 2.7775 0.0371 0.7033 0.5983 0.3821
1311868228.2461 -1.6158 -1.8541 2.7764 0.0363 0.7029 0.5964 0.3859
1311868228.2800 -1.6217 -1.8526 2.7746 0.0363 0.7021 0.5950 0.3895
1311868228.3124 -1.6276 -1.8520 2.7692 0.0369 0.7009 0.5942 0.3928
1311868228.3444 -1.6346 -1.8533 2.7666 0.0368 0.7000 0.5933 0.3957
1311868228.3790 -1.6433 -1.8572 2.7688 0.0359 0.7002 0.5921 0.3972
1311868228.4124 -1.6492 -1.8554 2.7671 0.0360 0.7001 0.5921 0.3975
1311868228.4445 -1.6558 -1.8541 2.7644 0.0367 0.6999 0.5922 0.3976
1311868228.4796 -1.6613 -1.8538 2.7634 0.0373 0.6997 0.5919 0.3984
1311868228.5152 -1.6680 -1.8526 2.7597 0.0358 0.6985 0.5912 0.4016
1311868228.5458 -1.6737 -1.8532 2.7583 0.0328 0.6987 0.5893 0.4043
1311868228.5796 -1.6815 -1.8583 2.7573 0.0293 0.6991 0.5881 0.4056
1311868228.6124 -1.6878 -1.8572 2.7547 0.0266 0.6992 0.5878 0.4061
1311868228.6453 -1.6943 -1.8552 2.7504 0.0248 0.6990 0.5877 0.4067
1311868228.6790 -1.7012 -1.8551 2.7463 0.0230 0.6982 0.5871 0.4091
1311868228.7149 -1.7070 -1.8546 2.7452 0.0220 0.6974 0.5866 0.4112
1311868228.7465 -1.7129 -1.8532 2.7397 0.0221 0.6960 0.5864 0.4139
1311868228.7791 -1.7167 -1.8527 2.7393 0.0219 0.6959 0.5857 0.4150
1311868228.8150 -1.7242 -1.8545 2.7385 0.0210 0.6956 0.5852 0.4162
1311868228.8447 -1.7318 -1.8538 2.7342 0.0203 0.6950 0.5851 0.4174
1311868228.8793 -1.7380 -1.8540 2.7308 0.0188 0.6945 0.5849 0.4185
1311868228.9127 -1.7449 -1.8533 2.7305 0.0170 0.6951 0.5839 0.4190
1311868228.9447 -1.7499 -1.8522 2.7279 0.0166 0.6954 0.5842 0.4182
1311868228.9791 -1.7549 -1.8542 2.7252 0.0174 0.6955 0.5854 0.4163
1311868229.0127 -1.7602 -1.8533 2.7221 0.0184 0.6952 0.5862 0.4156
1311868229.0445 -1.7637 -1.8506 2.7224 0.0205 0.6965 0.5867 0.4126
1311868229.0806 -1.7664 -1.8436 2.7163 0.0215 0.6973 0.5865 0.4114
1311868229.1155 -1.7690 -1.8426 2.7166 0.0251 0.6995 0.5868 0.4071
1311868229.1483 -1.7696 -1.8400 2.7080 0.0270 0.7000 0.5867 0.4061
1311868229.1841 -1.7742 -1.8402 2.7031 0.0275 0.7005 0.5852 0.4076
1311868229.2165 -1.7759 -1.8380 2.7007 0.0259 0.7020 0.5823 0.4092
1311868229.2490 -1.7763 -1.8403 2.6982 0.0257 0.7046 0.5802 0.4078
1311868229.2812 -1.7784 -1.8429 2.6922 0.0251 0.7043 0.5811 0.4070
1311868229.3152 -1.7792 -1.8506 2.6917 0.0245 0.7038 0.5838 0.4040
1311868229.3503 -1.7758 -1.8475 2.6822 0.0224 0.6995 0.5893 0.4036
1311868229.3810 -1.7744 -1.8429 2.6794 0.0229 0.6974 0.5919 0.4034
1311868229.4131 -1.7715 -1.8448 2.6697 0.0259 0.6912 0.5987 0.4039
1311868229.4448 -1.7670 -1.8371 2.6640 0.0268 0.6867 0.6016 0.4071
1311868229.4824 -1.7636 -1.8337 2.6593 0.0272 0.6855 0.6017 0.4090
1311868229.5126 -1.7616 -1.8302 2.6524 0.0265 0.6854 0.6013 0.4098
1311868229.5478 -1.7601 -1.8282 2.6467 0.0240 0.6877 0.5991 0.4093
1311868229.5806 -1.7542 -1.8265 2.6351 0.0201 0.6888 0.5992 0.4077
1311868229.6134 -1.7498 -1.8264 2.6242 0.0193 0.6890 0.6007 0.4050
1311868229.6475 -1.7455 -1.8250 2.6178 0.0196 0.6892 0.6014 0.4037
1311868229.6815 -1.7416 -1.8215 2.6087 0.0186 0.6883 0.6013 0.4055
1311868229.7125 -1.7363 -1.8223 2.5994 0.0169 0.6873 0.6020 0.4061
1311868229.7487 -1.7312 -1.8178 2.5919 0.0178 0.6872 0.6019 0.4064
1311868229.7825 -1.7269 -1.8195 2.5786 0.0176 0.6862 0.6029 0.4067
1311868229.8127 -1.7202 -1.8143 2.5720 0.0188 0.6870 0.6027 0.4056
1311868229.8445 -1.7163 -1.8137 2.5664 0.0214 0.6880 0.6019 0.4049
1311868229.8834 -1.7103 -1.8121 2.5557 0.0231 0.6879 0.6020 0.4049
1311868229.9145 -1.7055 -1.8152 2.5459 0.0249 0.6877 0.6025 0.4042
1311868229.9444 -1.7003 -1.8117 2.5392 0.0237 0.6878 0.6018 0.4052
1311868229.9824 -1.6948 -1.8094 2.5322 0.0237 0.6893 0.6002 0.4052
1311868230.0125 -1.6900 -1.8133 2.5210 0.0235 0.6881 0.6014 0.4052
1311868230.0470 -1.6863 -1.8119 2.5178 0.0227 0.6880 0.6019 0.4049
1311868230.0832 -1.6803 -1.8101 2.5049 0.0236 0.6873 0.6031 0.4041
1311868230.1136 -1.6774 -1.8107 2.5003 0.0229 0.6872 0.6038 0.4034
1311868230.1474 -1.6718 -1.8068 2.4913 0.0206 0.6875 0.6045 0.4020
1311868230.1806 -1.6676 -1.8050 2.4832 0.0205 0.6913 0.6022 0.3988
1311868230.2149 -1.6652 -1.8078 2.4766 0.0198 0.6952 0.5997 0.3958
1311868230.2454 -1.6624 -1.8064 2.4711 0.0180 0.6979 0.5980 0.3938
1311868230.2830 -1.6576 -1.8059 2.4607 0.0173 0.6988 0.5970 0.3936
1311868230.3125 -1.6564 -1.8123 2.4525 0.0164 0.6983 0.5973 0.3941
1311868230.3433 -1.6508 -1.8088 2.4436 0.0177 0.6965 0.5994 0.3941
1311868230.3821 -1.6478 -1.8113 2.4350 0.0207 0.6941 0.6019 0.3944
1311868230.4142 -1.6474 -1.8146 2.4281 0.0202 0.6904 0.6048 0.3964
1311868230.4432 -1.6416 -1.8115 2.4186 0.0229 0.6851 0.6116 0.3950
1311868230.4843 -1.6389 -1.8067 2.4100 0.0287 0.6810 0.6169 0.3936
1311868230.5127 -1.6351 -1.8016 2.4021 0.0336 0.6794 0.6203 0.3906
1311868230.5433 -1.6311 -1.7957 2.3908 0.0366 0.6801 0.6220 0.3863
1311868230.5820 -1.6324 -1.7967 2.3831 0.0364 0.6835 0.6211 0.3817
1311868230.6136 -1.6277 -1.7925 2.3757 0.0347 0.6861 0.6220 0.3758
1311868230.6434 -1.6230 -1.7869 2.3669 0.0370 0.6897 0.6192 0.3736
1311868230.6828 -1.6222 -1.7869 2.3600 0.0395 0.6928 0.6155 0.3738
1311868230.7131 -1.6190 -1.7837 2.3546 0.0433 0.6963 0.6110 0.3742
1311868230.7432 -1.6188 -1.7850 2.3463 0.0454 0.6986 0.6063 0.3771
1311868230.7832 -1.6181 -1.7839 2.3417 0.0441 0.7009 0.6025 0.3792
1311868230.8125 -1.6177 -1.7829 2.3360 0.0421 0.7027 0.6001 0.3798
1311868230.8432 -1.6184 -1.7851 2.3290 0.0389 0.7033 0.5995 0.3802
1311868230.8845 -1.6173 -1.7832 2.3260 0.0358 0.7030 0.6001 0.3798
1311868230.9128 -1.6134 -1.7782 2.3203 0.0304 0.7018 0.6008 0.3816
1311868230.9434 -1.6118 -1.7763 2.3103 0.0265 0.7015 0.5999 0.3838
1311868230.9839 -1.6099 -1.7729 2.3044 0.0242 0.7027 0.5980 0.3848
1311868231.0127 -1.6074 -1.7692 2.2992 0.0223 0.7051 0.5952 0.3848
1311868231.0434 -1.6060 -1.7689 2.2912 0.0183 0.7071 0.5920 0.3862
1311868231.0840 -1.6051 -1.7679 2.2833 0.0160 0.7103 0.5881 0.3865
1311868231.1155 -1.6050 -1.7680 2.2787 0.0157 0.7134 0.5851 0.3853
1311868231.1432 -1.6076 -1.7724 2.2749 0.0122 0.7142 0.5835 0.3865
1311868231.1806 -1.6060 -1.7709 2.2689 0.0051 0.7116 0.5844 0.3899
1311868231.2154 -1.6045 -1.7695 2.2618 -0.0010 0.7093 0.5860 0.3918
1311868231.2431 -1.6020 -1.7673 2.2558 -0.0047 0.7074 0.5890 0.3908
1311868231.2844 -1.5997 -1.7666 2.2485 -0.0089 0.7047 0.5923 0.3905
1311868231.3133 -1.5977 -1.7643 2.2453 -0.0138 0.7026 0.5937 0.3919
1311868231.3432 -1.5947 -1.7635 2.2390 -0.0193 0.6998 0.5954 0.3942
1311868231.3807 -1.5911 -1.7606 2.2347 -0.0240 0.6969 0.5974 0.3961
1311868231.4129 -1.5866 -1.7583 2.2275 -0.0275 0.6944 0.5997 0.3968
1311868231.4432 -1.5804 -1.7540 2.2215 -0.0283 0.6945 0.6007 0.3949
1311868231.4816 -1.5787 -1.7564 2.2154 -0.0279 0.6949 0.6014 0.3933
1311868231.5142 -1.5738 -1.7558 2.2107 -0.0288 0.6945 0.6019 0.3930
1311868231.5432 -1.5696 -1.7543 2.2085 -0.0283 0.6957 0.6005 0.3932
1311868231.5830 -1.5632 -1.7539 2.2024 -0.0287 0.6955 0.5996 0.3949
1311868231.6112 -1.5579 -1.7542 2.1972 -0.0292 0.6962 0.5974 0.3970
1311868231.6432 -1.5546 -1.7538 2.1939 -0.0296 0.6977 0.5946 0.3985
1311868231.6839 -1.5502 -1.7551 2.1875 -0.0328 0.6979 0.5937 0.3992
1311868231.7113 -1.5434 -1.7538 2.1851 -0.0347 0.6992 0.5935 0.3970
1311868231.7433 -1.5374 -1.7563 2.1785 -0.0358 0.6998 0.5937 0.3956
1311868231.7827 -1.5337 -1.7579 2.1745 -0.0371 0.6998 0.5940 0.3950
1311868231.8112 -1.5272 -1.7589 2.1706 -0.0369 0.6994 0.5960 0.3928
1311868231.8432 -1.5226 -1.7601 2.1693 -0.0346 0.6987 0.5980 0.3912
1311868231.8835 -1.5157 -1.7607 2.1652 -0.0329 0.6966 0.6004 0.3914
1311868231.9112 -1.5106 -1.7633 2.1588 -0.0330 0.6953 0.6005 0.3936
1311868231.9432 -1.5063 -1.7657 2.1525 -0.0339 0.6945 0.6000 0.3956
1311868231.9814 -1.5025 -1.7646 2.1533 -0.0348 0.6956 0.5982 0.3962
1311868232.0113 -1.4964 -1.7675 2.1464 -0.0373 0.6951 0.5980 0.3974
1311868232.0433 -1.4907 -1.7694 2.1439 -0.0395 0.6953 0.5965 0.3990
1311868232.0845 -1.4856 -1.7727 2.1405 -0.0410 0.6947 0.5963 0.4003
1311868232.1112 -1.4803 -1.7725 2.1385 -0.0418 0.6938 0.5958 0.4024
1311868232.1432 -1.4739 -1.7745 2.1328 -0.0433 0.6930 0.5954 0.4041
1311868232.1807 -1.4691 -1.7762 2.1286 -0.0425 0.6929 0.5957 0.4040
1311868232.2114 -1.4634 -1.7753 2.1283 -0.0419 0.6928 0.5961 0.4038
1311868232.2432 -1.4567 -1.7788 2.1205 -0.0420 0.6913 0.5976 0.4041
1311868232.2810 -1.4515 -1.7801 2.1155 -0.0419 0.6909 0.5979 0.4042
1311868232.3113 -1.4469 -1.7807 2.1143 -0.0407 0.6908 0.5986 0.4036
1311868232.3432 -1.4411 -1.7792 2.1117 -0.0405 0.6902 0.5991 0.4037
1311868232.3806 -1.4354 -1.7780 2.1075 -0.0401 0.6910 0.5992 0.4022
1311868232.4114 -1.4312 -1.7806 2.1033 -0.0382 0.6924 0.6001 0.3988
1311868232.4433 -1.4276 -1.7814 2.0996 -0.0365 0.6943 0.6000 0.3956
1311868232.4826 -1.4224 -1.7803 2.0972 -0.0360 0.6962 0.5997 0.3929
1311868232.5113 -1.4177 -1.7814 2.0959 -0.0363 0.6985 0.5987 0.3904
1311868232.5433 -1.4131 -1.7846 2.0933 -0.0366 0.7000 0.5986 0.3877
1311868232.5831 -1.4076 -1.7867 2.0905 -0.0365 0.7007 0.5988 0.3861
1311868232.6115 -1.4039 -1.7881 2.0870 -0.0357 0.7020 0.5974 0.3861
1311868232.6434 -1.3987 -1.7901 2.0863 -0.0347 0.7024 0.5974 0.3854
1311868232.6834 -1.3946 -1.7922 2.0837 -0.0325 0.7028 0.5971 0.3853
1311868232.7113 -1.3911 -1.7938 2.0819 -0.0295 0.7037 0.5963 0.3852
1311868232.7440 -1.3874 -1.7961 2.0785 -0.0275 0.7040 0.5956 0.3858
1311868232.7793 -1.3855 -1.7969 2.0767 -0.0275 0.7052 0.5933 0.3872
1311868232.8116 -1.3814 -1.7987 2.0747 -0.0292 0.7064 0.5913 0.3880
1311868232.8433 -1.3793 -1.7989 2.0762 -0.0297 0.7088 0.5882 0.3882
1311868232.8794 -1.3755 -1.8006 2.0762 -0.0305 0.7104 0.5861 0.3885
1311868232.9115 -1.3727 -1.8033 2.0762 -0.0299 0.7118 0.5839 0.3892
1311868232.9433 -1.3705 -1.8064 2.0757 -0.0283 0.7126 0.5823 0.3904
1311868232.9795 -1.3700 -1.8089 2.0766 -0.0267 0.7128 0.5810 0.3920
1311868233.0113 -1.3682 -1.8082 2.0764 -0.0249 0.7130 0.5797 0.3936
1311868233.0436 -1.3641 -1.8087 2.0782 -0.0236 0.7125 0.5790 0.3958
1311868233.0796 -1.3651 -1.8111 2.0789 -0.0231 0.7121 0.5770 0.3994
1311868233.1113 -1.3652 -1.8122 2.0767 -0.0234 0.7113 0.5759 0.4022
1311868233.1435 -1.3643 -1.8107 2.0758 -0.0229 0.7124 0.5742 0.4028
1311868233.1797 -1.3654 -1.8142 2.0770 -0.0216 0.7144 0.5722 0.4021
1311868233.2114 -1.3657 -1.8135 2.0785 -0.0203 0.7150 0.5718 0.4019
1311868233.2436 -1.3641 -1.8149 2.0776 -0.0197 0.7151 0.5707 0.4031
1311868233.2797 -1.3682 -1.8160 2.0783 -0.0175 0.7157 0.5692 0.4042
1311868233.3114 -1.3688 -1.8175 2.0772 -0.0144 0.7154 0.5701 0.4037
1311868233.3435 -1.3704 -1.8175 2.0794 -0.0108 0.7147 0.5705 0.4045
1311868233.3794 -1.3720 -1.8161 2.0820 -0.0086 0.7136 0.5694 0.4079
1311868233.4114 -1.3757 -1.8146 2.0821 -0.0068 0.7118 0.5683 0.4126
1311868233.4433 -1.3814 -1.8132 2.0836 -0.0073 0.7108 0.5669 0.4163
1311868233.4794 -1.3845 -1.8110 2.0837 -0.0076 0.7109 0.5659 0.4174
1311868233.5114 -1.3909 -1.8091 2.0871 -0.0081 0.7119 0.5645 0.4177
1311868233.5434 -1.3958 -1.8057 2.0887 -0.0090 0.7121 0.5643 0.4175
1311868233.5795 -1.4012 -1.8047 2.0893 -0.0093 0.7117 0.5651 0.4172
1311868233.6115 -1.4069 -1.8040 2.0913 -0.0098 0.7117 0.5650 0.4173
1311868233.6433 -1.4113 -1.8000 2.0922 -0.0102 0.7113 0.5650 0.4181
1311868233.6795 -1.4179 -1.8002 2.0930 -0.0108 0.7109 0.5643 0.4197
1311868233.7115 -1.4246 -1.7960 2.0951 -0.0112 0.7102 0.5634 0.4220
1311868233.7434 -1.4309 -1.7932 2.0955 -0.0111 0.7098 0.5626 0.4238
1311868233.7796 -1.4403 -1.7911 2.1005 -0.0116 0.7094 0.5615 0.4257
1311868233.8115 -1.4457 -1.7892 2.0961 -0.0116 0.7073 0.5633 0.4271
1311868233.8436 -1.4555 -1.7887 2.0963 -0.0101 0.7062 0.5637 0.4283
1311868233.8795 -1.4630 -1.7856 2.0962 -0.0100 0.7057 0.5630 0.4300
1311868233.9115 -1.4716 -1.7823 2.0962 -0.0105 0.7056 0.5626 0.4307
1311868233.9435 -1.4791 -1.7821 2.0924 -0.0110 0.7051 0.5640 0.4297
1311868233.9793 -1.4880 -1.7805 2.0952 -0.0108 0.7057 0.5643 0.4282
1311868234.0115 -1.4920 -1.7784 2.0909 -0.0118 0.7043 0.5657 0.4286
1311868234.0434 -1.5013 -1.7800 2.0894 -0.0123 0.7039 0.5655 0.4297
1311868234.0796 -1.5100 -1.7766 2.0912 -0.0130 0.7049 0.5627 0.4316
1311868234.1116 -1.5172 -1.7747 2.0874 -0.0142 0.7052 0.5614 0.4329
1311868234.1435 -1.5263 -1.7773 2.0886 -0.0163 0.7077 0.5573 0.4339
1311868234.1794 -1.5347 -1.7786 2.0903 -0.0177 0.7094 0.5542 0.4350
1311868234.2115 -1.5441 -1.7815 2.0904 -0.0184 0.7100 0.5519 0.4370
1311868234.2436 -1.5524 -1.7835 2.0915 -0.0183 0.7102 0.5494 0.4398
1311868234.2794 -1.5607 -1.7846 2.0914 -0.0192 0.7095 0.5473 0.4435
1311868234.3115 -1.5684 -1.7862 2.0915 -0.0213 0.7098 0.5441 0.4469
1311868234.3435 -1.5770 -1.7878 2.0931 -0.0232 0.7108 0.5404 0.4496
1311868234.3796 -1.5853 -1.7896 2.0944 -0.0250 0.7113 0.5380 0.4517
1311868234.4116 -1.5938 -1.7914 2.0956 -0.0257 0.7112 0.5365 0.4536
1311868234.4435 -1.6033 -1.7929 2.0983 -0.0271 0.7109 0.5352 0.4554
1311868234.4795 -1.6131 -1.7948 2.1002 -0.0279 0.7105 0.5342 0.4572
1311868234.5116 -1.6225 -1.7951 2.1036 -0.0289 0.7102 0.5332 0.4587
1311868234.5436 -1.6323 -1.7959 2.1057 -0.0299 0.7101 0.5322 0.4600
1311868234.5794 -1.6425 -1.7964 2.1084 -0.0309 0.7103 0.5313 0.4608
1311868234.6117 -1.6522 -1.7965 2.1117 -0.0326 0.7104 0.5306 0.4612
1311868234.6435 -1.6624 -1.7968 2.1155 -0.0333 0.7107 0.5303 0.4610
1311868234.6795 -1.6716 -1.7962 2.1193 -0.0343 0.7107 0.5304 0.4609
1311868234.7114 -1.6806 -1.7950 2.1234 -0.0347 0.7104 0.5306 0.4610
1311868234.7436 -1.6882 -1.7934 2.1266 -0.0355 0.7098 0.5312 0.4612
1311868234.7795 -1.6984 -1.7936 2.1300 -0.0359 0.7100 0.5307 0.4615
1311868234.8117 -1.7062 -1.7922 2.1334 -0.0367 0.7099 0.5307 0.4615
1311868234.8435 -1.7161 -1.7923 2.1356 -0.0367 0.7101 0.5301 0.4619
1311868234.8794 -1.7246 -1.7920 2.1378 -0.0369 0.7103 0.5295 0.4624
1311868234.9115 -1.7351 -1.7914 2.1421 -0.0372 0.7101 0.5292 0.4630
1311868234.9436 -1.7401 -1.7905 2.1440 -0.0386 0.7088 0.5307 0.4631
1311868234.9795 -1.7489 -1.7890 2.1479 -0.0388 0.7083 0.5309 0.4636
1311868235.0116 -1.7552 -1.7881 2.1496 -0.0407 0.7072 0.5316 0.4643
1311868235.0437 -1.7647 -1.7870 2.1509 -0.0413 0.7064 0.5323 0.4648
1311868235.0797 -1.7709 -1.7858 2.1518 -0.0426 0.7051 0.5340 0.4647
1311868235.1116 -1.7808 -1.7841 2.1536 -0.0430 0.7048 0.5347 0.4642
1311868235.1436 -1.7856 -1.7835 2.1534 -0.0436 0.7038 0.5364 0.4636
1311868235.1797 -1.7936 -1.7818 2.1561 -0.0428 0.7030 0.5382 0.4630
1311868235.2115 -1.8015 -1.7810 2.1554 -0.0425 0.7016 0.5398 0.4632
1311868235.2436 -1.8080 -1.7775 2.1574 -0.0431 0.7010 0.5407 0.4629
1311868235.2797 -1.8116 -1.7777 2.1540 -0.0431 0.7005 0.5426 0.4616
1311868235.3117 -1.8191 -1.7740 2.1565 -0.0413 0.7013 0.5426 0.4605
1311868235.3437 -1.8256 -1.7697 2.1567 -0.0398 0.7022 0.5421 0.4599
1311868235.3798 -1.8304 -1.7678 2.1553 -0.0388 0.7031 0.5421 0.4586
1311868235.4115 -1.8373 -1.7659 2.1564 -0.0374 0.7046 0.5415 0.4571
1311868235.4437 -1.8442 -1.7641 2.1559 -0.0377 0.7050 0.5417 0.4562
1311868235.4796 -1.8472 -1.7601 2.1570 -0.0382 0.7056 0.5416 0.4553
1311868235.5117 -1.8534 -1.7589 2.1558 -0.0382 0.7059 0.5414 0.4551
1311868235.5436 -1.8568 -1.7526 2.1595 -0.0391 0.7068 0.5409 0.4542
1311868235.5797 -1.8592 -1.7497 2.1546 -0.0400 0.7081 0.5403 0.4530
1311868235.6118 -1.8612 -1.7470 2.1529 -0.0417 0.7106 0.5390 0.4503
1311868235.6435 -1.8667 -1.7425 2.1526 -0.0431 0.7137 0.5373 0.4473
1311868235.6797 -1.8694 -1.7399 2.1510 -0.0450 0.7158 0.5368 0.4444
1311868235.7116 -1.8722 -1.7383 2.1510 -0.0463 0.7175 0.5359 0.4425
1311868235.7439 -1.8772 -1.7335 2.1519 -0.0469 0.7184 0.5348 0.4424
1311868235.7795 -1.8822 -1.7289 2.1553 -0.0470 0.7187 0.5342 0.4426
1311868235.8119 -1.8838 -1.7253 2.1544 -0.0465 0.7173 0.5347 0.4443
1311868235.8437 -1.8891 -1.7209 2.1556 -0.0462 0.7156 0.5344 0.4474
1311868235.8796 -1.8903 -1.7153 2.1533 -0.0464 0.7136 0.5353 0.4495
1311868235.9116 -1.8933 -1.7105 2.1526 -0.0455 0.7130 0.5354 0.4505
1311868235.9437 -1.8990 -1.7064 2.1515 -0.0445 0.7123 0.5356 0.4514
1311868235.9796 -1.8999 -1.7008 2.1519 -0.0441 0.7123 0.5358 0.4513
1311868236.0117 -1.9013 -1.6979 2.1492 -0.0421 0.7119 0.5364 0.4514
1311868236.0437 -1.9045 -1.6943 2.1485 -0.0399 0.7110 0.5362 0.4533
1311868236.0796 -1.9061 -1.6882 2.1491 -0.0383 0.7092 0.5360 0.4564
1311868236.1118 -1.9080 -1.6833 2.1473 -0.0373 0.7079 0.5352 0.4595
1311868236.1437 -1.9114 -1.6800 2.1467 -0.0366 0.7070 0.5349 0.4612
1311868236.1796 -1.9112 -1.6760 2.1435 -0.0360 0.7045 0.5378 0.4617
1311868236.2117 -1.9131 -1.6719 2.1418 -0.0342 0.7035 0.5383 0.4628
1311868236.2436 -1.9194 -1.6693 2.1428 -0.0331 0.7020 0.5381 0.4654
1311868236.2795 -1.9216 -1.6651 2.1400 -0.0349 0.6982 0.5397 0.4690
1311868236.3116 -1.9201 -1.6589 2.1404 -0.0380 0.6966 0.5398 0.4712
1311868236.3438 -1.9208 -1.6548 2.1391 -0.0405 0.6966 0.5385 0.4724
1311868236.3795 -1.9234 -1.6517 2.1374 -0.0441 0.6968 0.5362 0.4743
1311868236.4129 -1.9256 -1.6470 2.1366 -0.0470 0.6971 0.5350 0.4749
1311868236.4435 -1.9283 -1.6418 2.1348 -0.0478 0.6972 0.5351 0.4747
1311868236.4796 -1.9300 -1.6360 2.1356 -0.0476 0.6973 0.5355 0.4741
1311868236.5116 -1.9293 -1.6323 2.1355 -0.0465 0.6964 0.5371 0.4737
1311868236.5437 -1.9292 -1.6283 2.1344 -0.0456 0.6956 0.5370 0.4751
1311868236.5797 -1.9324 -1.6243 2.1344 -0.0423 0.6953 0.5365 0.4764
1311868236.6116 -1.9333 -1.6217 2.1319 -0.0396 0.6942 0.5359 0.4788
1311868236.6477 -1.9342 -1.6176 2.1307 -0.0379 0.6934 0.5346 0.4817
1311868236.6796 -1.9358 -1.6142 2.1294 -0.0353 0.6932 0.5331 0.4838
1311868236.7117 -1.9391 -1.6097 2.1289 -0.0335 0.6931 0.5313 0.4860
1311868236.7476 -1.9388 -1.6066 2.1290 -0.0326 0.6934 0.5304 0.4866
1311868236.7796 -1.9406 -1.6046 2.1284 -0.0316 0.6934 0.5299 0.4872
1311868236.8117 -1.9413 -1.6033 2.1276 -0.0314 0.6932 0.5296 0.4878
1311868236.8476 -1.9434 -1.6018 2.1272 -0.0308 0.6925 0.5293 0.4892
1311868236.8795 -1.9483 -1.5985 2.1301 -0.0301 0.6912 0.5287 0.4917
1311868236.9118 -1.9494 -1.5945 2.1326 -0.0301 0.6896 0.5286 0.4941
1311868236.9476 -1.9509 -1.5941 2.1292 -0.0303 0.6868 0.5305 0.4958
1311868236.9796 -1.9541 -1.5881 2.1321 -0.0284 0.6855 0.5323 0.4960
1311868237.0116 -1.9540 -1.5842 2.1314 -0.0262 0.6848 0.5340 0.4952
1311868237.0478 -1.9586 -1.5815 2.1301 -0.0236 0.6844 0.5344 0.4954
1311868237.0797 -1.9605 -1.5778 2.1294 -0.0229 0.6836 0.5346 0.4963
1311868237.1116 -1.9621 -1.5757 2.1283 -0.0219 0.6832 0.5347 0.4969
1311868237.1477 -1.9653 -1.5732 2.1259 -0.0199 0.6820 0.5349 0.4983
1311868237.1795 -1.9677 -1.5696 2.1237 -0.0181 0.6807 0.5351 0.5000
1311868237.2117 -1.9691 -1.5667 2.1224 -0.0164 0.6800 0.5346 0.5015
1311868237.2477 -1.9715 -1.5641 2.1198 -0.0154 0.6789 0.5342 0.5035
1311868237.2797 -1.9735 -1.5624 2.1163 -0.0153 0.6780 0.5338 0.5052
1311868237.3117 -1.9769 -1.5608 2.1118 -0.0154 0.6770 0.5335 0.5069
1311868237.3477 -1.9817 -1.5598 2.1079 -0.0159 0.6760 0.5328 0.5088
1311868237.3800 -1.9886 -1.5567 2.1067 -0.0181 0.6750 0.5318 0.5111
1311868237.4118 -1.9935 -1.5531 2.1032 -0.0192 0.6744 0.5315 0.5122
1311868237.4477 -1.9989 -1.5516 2.1004 -0.0206 0.6736 0.5316 0.5131
1311868237.4797 -2.0060 -1.5494 2.0965 -0.0217 0.6726 0.5307 0.5153
1311868237.5117 -2.0121 -1.5492 2.0920 -0.0235 0.6713 0.5298 0.5178
1311868237.5477 -2.0203 -1.5496 2.0885 -0.0261 0.6693 0.5282 0.5218
1311868237.5797 -2.0260 -1.5473 2.0861 -0.0301 0.6672 0.5268 0.5258
1311868237.6116 -2.0310 -1.5454 2.0807 -0.0344 0.6662 0.5248 0.5287
1311868237.6477 -2.0371 -1.5437 2.0745 -0.0388 0.6659 0.5224 0.5311
1311868237.6796 -2.0448 -1.5436 2.0715 -0.0440 0.6659 0.5200 0.5331
1311868237.7119 -2.0514 -1.5411 2.0671 -0.0476 0.6650 0.5180 0.5359
1311868237.7477 -2.0604 -1.5415 2.0650 -0.0476 0.6635 0.5169 0.5388
1311868237.7796 -2.0697 -1.5411 2.0623 -0.0464 0.6604 0.5172 0.5424
1311868237.8118 -2.0695 -1.5389 2.0576 -0.0465 0.6573 0.5184 0.5451
1311868237.8477 -2.0761 -1.5386 2.0535 -0.0451 0.6555 0.5182 0.5475
1311868237.8797 -2.0841 -1.5390 2.0490 -0.0452 0.6539 0.5178 0.5498
1311868237.9118 -2.0933 -1.5392 2.0458 -0.0451 0.6530 0.5177 0.5509
1311868237.9477 -2.0938 -1.5372 2.0433 -0.0462 0.6511 0.5201 0.5508
1311868237.9796 -2.1072 -1.5368 2.0384 -0.0455 0.6501 0.5204 0.5518
1311868238.0117 -2.1157 -1.5367 2.0342 -0.0453 0.6485 0.5219 0.5524
1311868238.0477 -2.1209 -1.5355 2.0300 -0.0463 0.6463 0.5235 0.5533
1311868238.0798 -2.1233 -1.5318 2.0302 -0.0474 0.6450 0.5250 0.5532
1311868238.1117 -2.1341 -1.5289 2.0255 -0.0467 0.6436 0.5257 0.5544
1311868238.1477 -2.1409 -1.5266 2.0257 -0.0468 0.6429 0.5256 0.5552
1311868238.1798 -2.1420 -1.5265 2.0209 -0.0483 0.6406 0.5267 0.5567
1311868238.2117 -2.1478 -1.5252 2.0186 -0.0482 0.6394 0.5264 0.5584
1311868238.2478 -2.1538 -1.5227 2.0169 -0.0486 0.6382 0.5267 0.5594
1311868238.2797 -2.1510 -1.5212 2.0148 -0.0490 0.6375 0.5289 0.5582
1311868238.3117 -2.1539 -1.5194 2.0102 -0.0493 0.6372 0.5293 0.5581
1311868238.3477 -2.1562 -1.5172 2.0072 -0.0502 0.6379 0.5290 0.5575
1311868238.3796 -2.1596 -1.5142 2.0047 -0.0506 0.6390 0.5280 0.5571
1311868238.4118 -2.1657 -1.5124 2.0026 -0.0508 0.6393 0.5267 0.5579
1311868238.4476 -2.1699 -1.5057 1.9964 -0.0496 0.6389 0.5255 0.5596
1311868238.4796 -2.1720 -1.5049 1.9948 -0.0485 0.6387 0.5259 0.5595
1311868238.5116 -2.1741 -1.5031 1.9914 -0.0469 0.6381 0.5263 0.5601
1311868238.5476 -2.1769 -1.5015 1.9902 -0.0453 0.6375 0.5268 0.5603
1311868238.5797 -2.1775 -1.5005 1.9866 -0.0441 0.6362 0.5286 0.5603
1311868238.6119 -2.1780 -1.4963 1.9829 -0.0439 0.6354 0.5294 0.5604
1311868238.6477 -2.1778 -1.4939 1.9788 -0.0463 0.6357 0.5301 0.5592
1311868238.6798 -2.1815 -1.4890 1.9772 -0.0502 0.6372 0.5286 0.5586
1311868238.7118 -2.1857 -1.4887 1.9726 -0.0532 0.6376 0.5296 0.5569
1311868238.7477 -2.1844 -1.4836 1.9679 -0.0562 0.6371 0.5311 0.5558
1311868238.7797 -2.1875 -1.4749 1.9626 -0.0558 0.6359 0.5338 0.5545
1311868238.8117 -2.1885 -1.4745 1.9635 -0.0563 0.6370 0.5362 0.5509
1311868238.8477 -2.1871 -1.4693 1.9579 -0.0561 0.6363 0.5388 0.5492
1311868238.8797 -2.1882 -1.4645 1.9514 -0.0556 0.6350 0.5409 0.5487
1311868238.9118 -2.1900 -1.4567 1.9472 -0.0541 0.6339 0.5421 0.5490
1311868238.9477 -2.1903 -1.4502 1.9413 -0.0521 0.6329 0.5436 0.5488
1311868238.9797 -2.1922 -1.4487 1.9391 -0.0511 0.6327 0.5448 0.5480
1311868239.0118 -2.1903 -1.4440 1.9351 -0.0512 0.6313 0.5455 0.5489
1311868239.0479 -2.1910 -1.4408 1.9328 -0.0512 0.6315 0.5430 0.5511
1311868239.0798 -2.1903 -1.4388 1.9275 -0.0529 0.6320 0.5387 0.5546
1311868239.1119 -2.1895 -1.4357 1.9244 -0.0562 0.6328 0.5339 0.5580
1311868239.1477 -2.1887 -1.4327 1.9206 -0.0587 0.6336 0.5294 0.5611
1311868239.1800 -2.1918 -1.4282 1.9152 -0.0571 0.6331 0.5275 0.5637
1311868239.2120 -2.1943 -1.4252 1.9116 -0.0544 0.6306 0.5284 0.5658
1311868239.2477 -2.1938 -1.4241 1.9091 -0.0522 0.6275 0.5293 0.5686
1311868239.2796 -2.1923 -1.4223 1.9086 -0.0503 0.6247 0.5304 0.5709
1311868239.3117 -2.1937 -1.4183 1.9044 -0.0478 0.6217 0.5310 0.5738
1311868239.3477 -2.1939 -1.4126 1.9006 -0.0456 0.6187 0.5313 0.5769
1311868239.3797 -2.1920 -1.4124 1.9021 -0.0449 0.6176 0.5317 0.5778
1311868239.4117 -2.1911 -1.4092 1.8971 -0.0434 0.6147 0.5329 0.5799
1311868239.4478 -2.1903 -1.4084 1.8958 -0.0426 0.6129 0.5345 0.5804
1311868239.4798 -2.1925 -1.4050 1.8939 -0.0426 0.6101 0.5362 0.5818
1311868239.5118 -2.1870 -1.4021 1.8950 -0.0432 0.6092 0.5374 0.5815
1311868239.5478 -2.1870 -1.3966 1.8937 -0.0435 0.6086 0.5367 0.5828
1311868239.5798 -2.1885 -1.3937 1.8905 -0.0461 0.6075 0.5339 0.5863
1311868239.6119 -2.1904 -1.3919 1.8891 -0.0484 0.6064 0.5316 0.5893
1311868239.6478 -2.1909 -1.3895 1.8864 -0.0500 0.6044 0.5299 0.5928
1311868239.6798 -2.1943 -1.3865 1.8857 -0.0505 0.6024 0.5294 0.5953
1311868239.7118 -2.1942 -1.3829 1.8825 -0.0498 0.5998 0.5308 0.5967
1311868239.7479 -2.1963 -1.3810 1.8806 -0.0510 0.5972 0.5312 0.5989
1311868239.7798 -2.1970 -1.3764 1.8792 -0.0531 0.5951 0.5298 0.6020
1311868239.8119 -2.1979 -1.3715 1.8765 -0.0546 0.5935 0.5280 0.6050
1311868239.8477 -2.2021 -1.3690 1.8735 -0.0548 0.5919 0.5261 0.6081
1311868239.8798 -2.2048 -1.3653 1.8675 -0.0534 0.5884 0.5260 0.6118
1311868239.9120 -2.2074 -1.3648 1.8667 -0.0512 0.5859 0.5262 0.6142
1311868239.9479 -2.2107 -1.3631 1.8626 -0.0487 0.5823 0.5267 0.6174
1311868239.9799 -2.2147 -1.3617 1.8570 -0.0474 0.5793 0.5265 0.6205
1311868240.0122 -2.2192 -1.3568 1.8490 -0.0485 0.5758 0.5256 0.6244
1311868240.0480 -2.2242 -1.3621 1.8490 -0.0530 0.5755 0.5238 0.6258
1311868240.0799 -2.2286 -1.3566 1.8420 -0.0562 0.5747 0.5221 0.6277
1311868240.1118 -2.2349 -1.3563 1.8384 -0.0585 0.5750 0.5219 0.6274
1311868240.1478 -2.2407 -1.3509 1.8306 -0.0584 0.5740 0.5218 0.6284
1311868240.1800 -2.2463 -1.3481 1.8223 -0.0583 0.5722 0.5216 0.6301
1311868240.2119 -2.2512 -1.3483 1.8196 -0.0589 0.5717 0.5207 0.6313
1311868240.2478 -2.2568 -1.3460 1.8125 -0.0591 0.5703 0.5199 0.6332
1311868240.2798 -2.2651 -1.3466 1.8058 -0.0611 0.5687 0.5184 0.6357
1311868240.3119 -2.2716 -1.3459 1.8001 -0.0653 0.5668 0.5165 0.6385
1311868240.3477 -2.2758 -1.3420 1.7962 -0.0691 0.5665 0.5150 0.6396
1311868240.3798 -2.2817 -1.3386 1.7905 -0.0713 0.5669 0.5137 0.6400
1311868240.4121 -2.2891 -1.3373 1.7822 -0.0742 0.5658 0.5125 0.6416
1311868240.4479 -2.2947 -1.3363 1.7778 -0.0784 0.5641 0.5111 0.6438
1311868240.4800 -2.2989 -1.3340 1.7761 -0.0828 0.5636 0.5090 0.6453
1311868240.5122 -2.3045 -1.3329 1.7727 -0.0860 0.5634 0.5071 0.6466
1311868240.5477 -2.3110 -1.3335 1.7696 -0.0886 0.5619 0.5060 0.6484
1311868240.5797 -2.3153 -1.3293 1.7685 -0.0896 0.5605 0.5049 0.6503
1311868240.6118 -2.3217 -1.3294 1.7663 -0.0891 0.5599 0.5056 0.6503
1311868240.6479 -2.3275 -1.3288 1.7648 -0.0876 0.5585 0.5078 0.6500
1311868240.6798 -2.3301 -1.3284 1.7615 -0.0869 0.5560 0.5108 0.6499
1311868240.7119 -2.3373 -1.3215 1.7610 -0.0841 0.5559 0.5114 0.6499
1311868240.7480 -2.3413 -1.3216 1.7571 -0.0830 0.5558 0.5121 0.6495
1311868240.7799 -2.3457 -1.3188 1.7553 -0.0822 0.5555 0.5123 0.6498
1311868240.8119 -2.3502 -1.3178 1.7534 -0.0821 0.5553 0.5123 0.6500
1311868240.8798 -2.3537 -1.3141 1.7479 -0.0827 0.5565 0.5145 0.6471
1311868240.9120 -2.3574 -1.3204 1.7444 -0.0842 0.5568 0.5176 0.6442
1311868240.9479 -2.3561 -1.3198 1.7393 -0.0876 0.5542 0.5215 0.6429
1311868240.9800 -2.3555 -1.3166 1.7340 -0.0910 0.5510 0.5263 0.6412
1311868241.0120 -2.3515 -1.3146 1.7338 -0.0923 0.5514 0.5282 0.6391
1311868241.0479 -2.3492 -1.3141 1.7269 -0.0937 0.5509 0.5281 0.6394
1311868241.0800 -2.3457 -1.3124 1.7273 -0.0945 0.5524 0.5257 0.6399
1311868241.1118 -2.3438 -1.3151 1.7243 -0.0937 0.5553 0.5234 0.6395
1311868241.1480 -2.3407 -1.3196 1.7173 -0.0929 0.5565 0.5225 0.6392
1311868241.1798 -2.3336 -1.3222 1.7087 -0.0931 0.5570 0.5213 0.6398
1311868241.2119 -2.3258 -1.3251 1.6984 -0.0935 0.5566 0.5209 0.6404
1311868241.2478 -2.3203 -1.3324 1.6921 -0.0967 0.5552 0.5225 0.6398
1311868241.2800 -2.3126 -1.3324 1.6905 -0.0970 0.5564 0.5243 0.6372
1311868241.3118 -2.3079 -1.3355 1.6830 -0.0949 0.5566 0.5279 0.6345
1311868241.3482 -2.2990 -1.3381 1.6744 -0.0936 0.5549 0.5304 0.6340
1311868241.3800 -2.2935 -1.3397 1.6701 -0.0923 0.5550 0.5298 0.6346
1311868241.4119 -2.2867 -1.3424 1.6627 -0.0910 0.5548 0.5295 0.6352
1311868241.4478 -2.2801 -1.3395 1.6583 -0.0889 0.5549 0.5290 0.6359
1311868241.4799 -2.2760 -1.3420 1.6548 -0.0864 0.5559 0.5284 0.6358
1311868241.5122 -2.2703 -1.3433 1.6503 -0.0827 0.5560 0.5290 0.6357
1311868241.5799 -2.2576 -1.3515 1.6377 -0.0784 0.5562 0.5327 0.6330
1311868241.6120 -2.2502 -1.3510 1.6322 -0.0784 0.5559 0.5335 0.6327
1311868241.6480 -2.2429 -1.3504 1.6242 -0.0771 0.5558 0.5332 0.6331
1311868241.6800 -2.2353 -1.3565 1.6176 -0.0769 0.5550 0.5344 0.6329
1311868241.7126 -2.2308 -1.3563 1.6123 -0.0752 0.5542 0.5344 0.6338
1311868241.7480 -2.2259 -1.3563 1.6036 -0.0736 0.5521 0.5341 0.6361
1311868241.7799 -2.2210 -1.3575 1.6034 -0.0733 0.5520 0.5320 0.6379
1311868241.8118 -2.2159 -1.3620 1.5944 -0.0751 0.5508 0.5301 0.6403
1311868241.8480 -2.2115 -1.3578 1.5913 -0.0758 0.5519 0.5255 0.6431
1311868241.8799 -2.2081 -1.3630 1.5839 -0.0786 0.5524 0.5208 0.6461
1311868241.9120 -2.1999 -1.3618 1.5769 -0.0801 0.5524 0.5164 0.6495
1311868241.9478 -2.1986 -1.3662 1.5698 -0.0802 0.5529 0.5118 0.6526
1311868241.9799 -2.1980 -1.3670 1.5598 -0.0798 0.5509 0.5087 0.6567
1311868242.0119 -2.1933 -1.3668 1.5559 -0.0785 0.5493 0.5077 0.6591
1311868242.0479 -2.1940 -1.3679 1.5482 -0.0774 0.5464 0.5063 0.6627
1311868242.0800 -2.1902 -1.3694 1.5401 -0.0786 0.5420 0.5055 0.6667
1311868242.1119 -2.1870 -1.3693 1.5328 -0.0795 0.5389 0.5045 0.6699
1311868242.1479 -2.1869 -1.3721 1.5268 -0.0811 0.5372 0.5026 0.6725
1311868242.1800 -2.1857 -1.3714 1.5203 -0.0832 0.5356 0.4987 0.6764
1311868242.2122 -2.1860 -1.3691 1.5159 -0.0844 0.5353 0.4949 0.6792
1311868242.2479 -2.1846 -1.3712 1.5065 -0.0849 0.5341 0.4926 0.6819
1311868242.2800 -2.1845 -1.3693 1.5036 -0.0849 0.5323 0.4910 0.6844
1311868242.3121 -2.1877 -1.3740 1.4992 -0.0852 0.5309 0.4892 0.6867
1311868242.3479 -2.1884 -1.3745 1.4906 -0.0824 0.5275 0.4895 0.6895
1311868242.3799 -2.1900 -1.3756 1.4863 -0.0795 0.5244 0.4904 0.6915
1311868242.4120 -2.1897 -1.3723 1.4869 -0.0768 0.5223 0.4901 0.6936
1311868242.4479 -2.1885 -1.3713 1.4785 -0.0751 0.5198 0.4882 0.6970
1311868242.4800 -2.1876 -1.3669 1.4783 -0.0752 0.5189 0.4841 0.7005
1311868242.5120 -2.1858 -1.3651 1.4732 -0.0764 0.5182 0.4794 0.7042
1311868242.5801 -2.1846 -1.3594 1.4696 -0.0746 0.5155 0.4788 0.7068
1311868242.6123 -2.1846 -1.3606 1.4633 -0.0720 0.5112 0.4804 0.7090
1311868242.6799 -2.1893 -1.3623 1.4633 -0.0694 0.5048 0.4784 0.7152
1311868242.7123 -2.1804 -1.3495 1.4605 -0.0686 0.5026 0.4762 0.7183
1311868242.7479 -2.1794 -1.3494 1.4575 -0.0681 0.5065 0.4730 0.7177
1311868242.7800 -2.1779 -1.3431 1.4564 -0.0665 0.5112 0.4708 0.7160
1311868242.8480 -2.1834 -1.3475 1.4484 -0.0654 0.5182 0.4712 0.7108
1311868242.8799 -2.1832 -1.3469 1.4463 -0.0660 0.5193 0.4715 0.7097
1311868242.9120 -2.1811 -1.3436 1.4419 -0.0666 0.5203 0.4692 0.7104
1311868242.9481 -2.1845 -1.3415 1.4418 -0.0683 0.5224 0.4676 0.7098
1311868243.0122 -2.1803 -1.3382 1.4340 -0.0654 0.5261 0.4704 0.7054
1311868243.0481 -2.1792 -1.3333 1.4322 -0.0617 0.5263 0.4724 0.7043
1311868243.0800 -2.1797 -1.3308 1.4304 -0.0595 0.5255 0.4756 0.7029
1311868243.1119 -2.1803 -1.3307 1.4257 -0.0583 0.5254 0.4779 0.7015
1311868243.1481 -2.1820 -1.3301 1.4223 -0.0583 0.5257 0.4782 0.7011
1311868243.1801 -2.1794 -1.3254 1.4220 -0.0587 0.5262 0.4770 0.7015
1311868243.2120 -2.1804 -1.3261 1.4148 -0.0598 0.5279 0.4739 0.7023
1311868243.2481 -2.1808 -1.3229 1.4164 -0.0589 0.5297 0.4726 0.7018
1311868243.2800 -2.1814 -1.3259 1.4109 -0.0586 0.5292 0.4730 0.7020
1311868243.3120 -2.1810 -1.3219 1.4081 -0.0567 0.5269 0.4729 0.7040
1311868243.3481 -2.1800 -1.3180 1.4072 -0.0555 0.5245 0.4719 0.7065
1311868243.4119 -2.1820 -1.3148 1.3991 -0.0570 0.5226 0.4655 0.7120
1311868243.4482 -2.1806 -1.3066 1.3981 -0.0582 0.5230 0.4623 0.7137
1311868243.4801 -2.1813 -1.3020 1.3951 -0.0594 0.5241 0.4600 0.7143
1311868243.5481 -2.1880 -1.3023 1.3850 -0.0621 0.5233 0.4559 0.7173
1311868243.5800 -2.1896 -1.2990 1.3795 -0.0614 0.5194 0.4547 0.7209
1311868243.6120 -2.1959 -1.3002 1.3723 -0.0622 0.5138 0.4523 0.7263
1311868243.6481 -2.1984 -1.2950 1.3683 -0.0635 0.5070 0.4516 0.7315
1311868243.6800 -2.2056 -1.2976 1.3599 -0.0667 0.5018 0.4496 0.7359
1311868243.7120 -2.2040 -1.2894 1.3507 -0.0695 0.4960 0.4485 0.7402
1311868243.7479 -2.2090 -1.2837 1.3436 -0.0741 0.4935 0.4449 0.7437
1311868243.7800 -2.2147 -1.2787 1.3379 -0.0780 0.4928 0.4431 0.7448
1311868243.8119 -2.2196 -1.2775 1.3269 -0.0810 0.4917 0.4447 0.7443
1311868243.8482 -2.2210 -1.2736 1.3195 -0.0818 0.4902 0.4477 0.7434
1311868243.8801 -2.2231 -1.2666 1.3148 -0.0823 0.4873 0.4479 0.7451
1311868243.9121 -2.2274 -1.2650 1.3093 -0.0828 0.4835 0.4468 0.7482
1311868243.9482 -2.2336 -1.2705 1.3006 -0.0843 0.4793 0.4454 0.7516
1311868243.9800 -2.2376 -1.2624 1.2986 -0.0829 0.4740 0.4447 0.7554
1311868244.0121 -2.2363 -1.2542 1.2917 -0.0819 0.4683 0.4438 0.7596
1311868244.0481 -2.2402 -1.2506 1.2865 -0.0818 0.4647 0.4421 0.7628
1311868244.0801 -2.2421 -1.2435 1.2829 -0.0791 0.4626 0.4414 0.7647
1311868244.1122 -2.2466 -1.2462 1.2762 -0.0779 0.4616 0.4397 0.7665
1311868244.1481 -2.2484 -1.2391 1.2734 -0.0763 0.4602 0.4380 0.7685
1311868244.2120 -2.2585 -1.2386 1.2632 -0.0756 0.4607 0.4312 0.7721
1311868244.2480 -2.2641 -1.2323 1.2598 -0.0752 0.4588 0.4290 0.7745
1311868244.3122 -2.2799 -1.2289 1.2534 -0.0778 0.4494 0.4255 0.7816
1311868244.3483 -2.2860 -1.2244 1.2548 -0.0808 0.4458 0.4245 0.7839
1311868244.3800 -2.2847 -1.2182 1.2449 -0.0823 0.4424 0.4263 0.7847
1311868244.4121 -2.2961 -1.2101 1.2519 -0.0811 0.4464 0.4254 0.7831
1311868244.4482 -2.2830 -1.2001 1.2417 -0.0835 0.4450 0.4275 0.7824
1311868244.4801 -2.2880 -1.1975 1.2361 -0.0838 0.4481 0.4277 0.7806
1311868244.5123 -2.3013 -1.1920 1.2369 -0.0830 0.4521 0.4260 0.7792
1311868244.5483 -2.3028 -1.1859 1.2316 -0.0834 0.4527 0.4247 0.7796
1311868244.5801 -2.3067 -1.1879 1.2238 -0.0841 0.4526 0.4251 0.7793
1311868244.6123 -2.3136 -1.1789 1.2239 -0.0825 0.4519 0.4254 0.7798
1311868244.6482 -2.3151 -1.1752 1.2185 -0.0816 0.4484 0.4254 0.7818
1311868244.7121 -2.3237 -1.1571 1.2238 -0.0815 0.4453 0.4257 0.7835
1311868244.7483 -2.3177 -1.1626 1.2075 -0.0854 0.4444 0.4284 0.7821
1311868244.7800 -2.3157 -1.1449 1.2108 -0.0820 0.4474 0.4322 0.7787
1311868244.8121 -2.3186 -1.1463 1.2065 -0.0841 0.4502 0.4368 0.7742
1311868244.8481 -2.3178 -1.1358 1.2039 -0.0848 0.4526 0.4387 0.7717
1311868244.8804 -2.3160 -1.1324 1.2016 -0.0862 0.4552 0.4397 0.7694
1311868244.9122 -2.3215 -1.1360 1.1969 -0.0911 0.4572 0.4392 0.7680
1311868244.9481 -2.3245 -1.1280 1.1938 -0.0928 0.4585 0.4376 0.7679
1311868244.9801 -2.3158 -1.1177 1.1886 -0.0951 0.4567 0.4384 0.7683
1311868245.0123 -2.3197 -1.1152 1.1890 -0.0989 0.4569 0.4384 0.7676
1311868245.0483 -2.3163 -1.1051 1.1905 -0.1014 0.4553 0.4389 0.7680
1311868245.0802 -2.3105 -1.0952 1.1915 -0.1024 0.4562 0.4369 0.7685
1311868245.1123 -2.3086 -1.0903 1.1878 -0.1039 0.4576 0.4352 0.7684
1311868245.1482 -2.3027 -1.0802 1.1839 -0.1045 0.4595 0.4349 0.7673
1311868245.1799 -2.3125 -1.0853 1.1795 -0.1054 0.4653 0.4323 0.7652
1311868245.2122 -2.2992 -1.0745 1.1749 -0.1028 0.4648 0.4334 0.7653
1311868245.2483 -2.3115 -1.0820 1.1667 -0.1010 0.4645 0.4322 0.7663
1311868245.2802 -2.3041 -1.0773 1.1621 -0.0989 0.4594 0.4329 0.7693
1311868245.3122 -2.2947 -1.0639 1.1587 -0.0940 0.4547 0.4319 0.7732
1311868245.3482 -2.2897 -1.0528 1.1602 -0.0907 0.4525 0.4311 0.7754
1311868245.3801 -2.2884 -1.0521 1.1525 -0.0895 0.4523 0.4277 0.7775
1311868245.4122 -2.2937 -1.0533 1.1462 -0.0886 0.4526 0.4243 0.7793
1311868245.4482 -2.2903 -1.0467 1.1422 -0.0869 0.4507 0.4239 0.7807
1311868245.4801 -2.2790 -1.0364 1.1372 -0.0825 0.4477 0.4256 0.7821
1311868245.5123 -2.2856 -1.0387 1.1258 -0.0794 0.4452 0.4243 0.7845
1311868245.5482 -2.2820 -1.0292 1.1215 -0.0765 0.4404 0.4234 0.7880
1311868245.5803 -2.2773 -1.0200 1.1205 -0.0741 0.4371 0.4228 0.7904
1311868245.6123 -2.2754 -1.0155 1.1119 -0.0749 0.4361 0.4216 0.7915
1311868245.6482 -2.2830 -1.0121 1.1118 -0.0757 0.4393 0.4246 0.7881
1311868245.6802 -2.2911 -1.0069 1.1112 -0.0771 0.4440 0.4258 0.7846
1311868245.7161 -2.2844 -1.0021 1.1009 -0.0775 0.4446 0.4301 0.7819
1311868245.7482 -2.2816 -0.9941 1.0947 -0.0747 0.4435 0.4360 0.7795
1311868245.7802 -2.2829 -0.9882 1.0885 -0.0716 0.4404 0.4406 0.7790
1311868245.8163 -2.2815 -0.9812 1.0805 -0.0701 0.4350 0.4428 0.7808
1311868245.8482 -2.2833 -0.9771 1.0768 -0.0686 0.4315 0.4456 0.7813
1311868245.8802 -2.2838 -0.9688 1.0701 -0.0689 0.4271 0.4469 0.7830
1311868245.9162 -2.2860 -0.9613 1.0657 -0.0702 0.4250 0.4467 0.7841
1311868245.9482 -2.2881 -0.9566 1.0624 -0.0717 0.4245 0.4463 0.7845
1311868245.9803 -2.2878 -0.9501 1.0536 -0.0747 0.4210 0.4461 0.7862
1311868246.0161 -2.2911 -0.9453 1.0521 -0.0781 0.4199 0.4442 0.7876
1311868246.0482 -2.2887 -0.9405 1.0427 -0.0819 0.4158 0.4418 0.7907
1311868246.0803 -2.2935 -0.9365 1.0369 -0.0856 0.4127 0.4389 0.7935
1311868246.1162 -2.2965 -0.9334 1.0321 -0.0874 0.4097 0.4387 0.7950
1311868246.1482 -2.2988 -0.9299 1.0253 -0.0887 0.4054 0.4391 0.7968
1311868246.1802 -2.3019 -0.9260 1.0200 -0.0905 0.4017 0.4393 0.7984
1311868246.2161 -2.3055 -0.9212 1.0148 -0.0922 0.4008 0.4377 0.7996
1311868246.2481 -2.3113 -0.9193 1.0085 -0.0933 0.4013 0.4385 0.7987
1311868246.2802 -2.3116 -0.9135 0.9996 -0.0938 0.4008 0.4390 0.7986
1311868246.3162 -2.3183 -0.9098 0.9930 -0.0954 0.4018 0.4371 0.7990
1311868246.3481 -2.3132 -0.9066 0.9846 -0.0962 0.4005 0.4376 0.7993
1311868246.3802 -2.3353 -0.9105 0.9773 -0.0968 0.4011 0.4352 0.8002
1311868246.4161 -2.3249 -0.9052 0.9735 -0.0985 0.3964 0.4376 0.8010
1311868246.4483 -2.3346 -0.9014 0.9692 -0.0997 0.3956 0.4371 0.8015
1311868246.4804 -2.3454 -0.8984 0.9625 -0.1003 0.3963 0.4373 0.8010
1311868246.5162 -2.3440 -0.8937 0.9604 -0.1028 0.3956 0.4390 0.8001
1311868246.5484 -2.3557 -0.8929 0.9492 -0.1034 0.3960 0.4384 0.8002
1311868246.5802 -2.3561 -0.8894 0.9445 -0.1057 0.3943 0.4397 0.8000
1311868246.6161 -2.3650 -0.8866 0.9402 -0.1081 0.3957 0.4386 0.7996
1311868246.6483 -2.3715 -0.8830 0.9357 -0.1083 0.3964 0.4404 0.7982
1311868246.6803 -2.3748 -0.8803 0.9319 -0.1106 0.3959 0.4425 0.7970
1311868246.7163 -2.3831 -0.8723 0.9378 -0.1102 0.3982 0.4435 0.7953
1311868246.7489 -2.3811 -0.8744 0.9210 -0.1124 0.3968 0.4453 0.7947
1311868246.7804 -2.3866 -0.8690 0.9201 -0.1128 0.3980 0.4448 0.7944
1311868246.8162 -2.3977 -0.8659 0.9218 -0.1131 0.4011 0.4424 0.7941
1311868246.8484 -2.4007 -0.8655 0.9158 -0.1140 0.4022 0.4427 0.7932
1311868246.8803 -2.3981 -0.8639 0.9067 -0.1151 0.4025 0.4442 0.7921
1311868246.9162 -2.3967 -0.8638 0.8973 -0.1156 0.4027 0.4461 0.7909
1311868246.9482 -2.3990 -0.8603 0.8923 -0.1151 0.4037 0.4460 0.7905
1311868246.9803 -2.4034 -0.8574 0.8918 -0.1151 0.4059 0.4447 0.7901
1311868247.0162 -2.4041 -0.8571 0.8863 -0.1156 0.4075 0.4456 0.7887
1311868247.0484 -2.3991 -0.8570 0.8793 -0.1166 0.4077 0.4484 0.7868
1311868247.0802 -2.3996 -0.8550 0.8765 -0.1167 0.4096 0.4490 0.7855
1311868247.1163 -2.4038 -0.8545 0.8791 -0.1163 0.4129 0.4493 0.7837
1311868247.1484 -2.4042 -0.8526 0.8757 -0.1150 0.4138 0.4507 0.7826
1311868247.1803 -2.3952 -0.8524 0.8736 -0.1154 0.4123 0.4523 0.7824
1311868247.2164 -2.3881 -0.8514 0.8683 -0.1153 0.4104 0.4521 0.7835
1311868247.2482 -2.3864 -0.8519 0.8662 -0.1152 0.4105 0.4509 0.7842
1311868247.2803 -2.3809 -0.8512 0.8613 -0.1137 0.4100 0.4528 0.7835
1311868247.3163 -2.3792 -0.8490 0.8602 -0.1133 0.4101 0.4528 0.7836
1311868247.3483 -2.3754 -0.8472 0.8558 -0.1138 0.4099 0.4511 0.7845
1311868247.3806 -2.3701 -0.8467 0.8581 -0.1146 0.4116 0.4493 0.7846
1311868247.4163 -2.3598 -0.8465 0.8525 -0.1161 0.4110 0.4492 0.7848
1311868247.4483 -2.3595 -0.8475 0.8505 -0.1168 0.4125 0.4467 0.7853
1311868247.4804 -2.3524 -0.8425 0.8567 -0.1167 0.4122 0.4456 0.7861
1311868247.5161 -2.3405 -0.8469 0.8453 -0.1182 0.4107 0.4439 0.7876
1311868247.5485 -2.3226 -0.8445 0.8451 -0.1175 0.4089 0.4459 0.7875
1311868247.5802 -2.3314 -0.8417 0.8501 -0.1143 0.4117 0.4434 0.7879
1311868247.6164 -2.3147 -0.8404 0.8446 -0.1125 0.4092 0.4444 0.7890
1311868247.6482 -2.3065 -0.8397 0.8445 -0.1098 0.4086 0.4447 0.7894
1311868247.6804 -2.2944 -0.8400 0.8405 -0.1077 0.4074 0.4469 0.7891
1311868247.7162 -2.2919 -0.8395 0.8423 -0.1060 0.4080 0.4463 0.7894
1311868247.7483 -2.2804 -0.8378 0.8346 -0.1057 0.4057 0.4458 0.7909
1311868247.7804 -2.2652 -0.8381 0.8339 -0.1074 0.4052 0.4439 0.7920
1311868247.8162 -2.2564 -0.8398 0.8256 -0.1089 0.4056 0.4413 0.7931
1311868247.8484 -2.2580 -0.8346 0.8292 -0.1083 0.4093 0.4365 0.7939
1311868247.8802 -2.2392 -0.8337 0.8316 -0.1103 0.4095 0.4356 0.7939
1311868247.9162 -2.2236 -0.8354 0.8283 -0.1113 0.4095 0.4344 0.7945
1311868247.9482 -2.2168 -0.8367 0.8217 -0.1100 0.4096 0.4346 0.7945
1311868247.9802 -2.2083 -0.8337 0.8244 -0.1090 0.4099 0.4343 0.7947
1311868248.0162 -2.1891 -0.8342 0.8226 -0.1092 0.4078 0.4372 0.7941
1311868248.0482 -2.1955 -0.8313 0.8241 -0.1056 0.4097 0.4348 0.7949
1311868248.0803 -2.1859 -0.8303 0.8219 -0.1028 0.4079 0.4343 0.7965
1311868248.1162 -2.1714 -0.8301 0.8198 -0.1026 0.4035 0.4343 0.7988
1311868248.1483 -2.1682 -0.8283 0.8223 -0.1016 0.4016 0.4335 0.8003
1311868248.1804 -2.1523 -0.8280 0.8200 -0.1017 0.3986 0.4356 0.8006
1311868248.2164 -2.1462 -0.8284 0.8130 -0.0999 0.3973 0.4363 0.8012
1311868248.2483 -2.1359 -0.8264 0.8082 -0.0999 0.3933 0.4381 0.8021
1311868248.2803 -2.1276 -0.8250 0.8096 -0.1011 0.3918 0.4367 0.8035
1311868248.3162 -2.1204 -0.8207 0.8060 -0.1013 0.3910 0.4339 0.8054
1311868248.3483 -2.1151 -0.8191 0.8031 -0.1031 0.3904 0.4320 0.8064
1311868248.3805 -2.1062 -0.8175 0.8029 -0.1057 0.3889 0.4316 0.8070
1311868248.4163 -2.0892 -0.8181 0.7977 -0.1076 0.3855 0.4332 0.8076
1311868248.4484 -2.0793 -0.8150 0.7821 -0.1077 0.3805 0.4326 0.8102
1311868248.4804 -2.0694 -0.8121 0.7778 -0.1093 0.3765 0.4322 0.8121
1311868248.5163 -2.0661 -0.8097 0.7832 -0.1085 0.3754 0.4305 0.8136
1311868248.5483 -2.0500 -0.8056 0.7779 -0.1096 0.3697 0.4292 0.8168
1311868248.5803 -2.0391 -0.8039 0.7723 -0.1100 0.3664 0.4262 0.8198
1311868248.6164 -2.0340 -0.8010 0.7700 -0.1101 0.3645 0.4233 0.8221
1311868248.6485 -2.0253 -0.8008 0.7661 -0.1145 0.3629 0.4181 0.8249
1311868248.6804 -2.0158 -0.7964 0.7597 -0.1173 0.3637 0.4119 0.8272
1311868248.7165 -2.0061 -0.7967 0.7500 -0.1213 0.3625 0.4076 0.8293
1311868248.7485 -1.9986 -0.7929 0.7447 -0.1259 0.3594 0.4036 0.8319
1311868248.7803 -1.9865 -0.7930 0.7399 -0.1280 0.3551 0.4027 0.8339
1311868248.8165 -1.9796 -0.7915 0.7340 -0.1286 0.3490 0.4030 0.8362
1311868248.8483 -1.9681 -0.7908 0.7304 -0.1299 0.3421 0.4054 0.8377
1311868248.8804 -1.9577 -0.7917 0.7240 -0.1304 0.3370 0.4076 0.8386
1311868248.9165 -1.9490 -0.7912 0.7194 -0.1312 0.3355 0.4086 0.8386
1311868248.9483 -1.9385 -0.7890 0.7169 -0.1322 0.3378 0.4094 0.8371
1311868248.9804 -1.9281 -0.7877 0.7078 -0.1336 0.3403 0.4089 0.8361
1311868249.0165 -1.9168 -0.7900 0.7027 -0.1369 0.3431 0.4086 0.8346
1311868249.0483 -1.9128 -0.7846 0.7013 -0.1360 0.3479 0.4073 0.8334
1311868249.0807 -1.9059 -0.7893 0.6917 -0.1387 0.3493 0.4061 0.8330
1311868249.1163 -1.8980 -0.7855 0.6914 -0.1404 0.3498 0.4069 0.8321
1311868249.1485 -1.8923 -0.7824 0.6897 -0.1412 0.3506 0.4066 0.8317
1311868249.1805 -1.8837 -0.7783 0.6844 -0.1428 0.3490 0.4061 0.8324
1311868249.2164 -1.8744 -0.7720 0.6850 -0.1439 0.3500 0.4036 0.8330
1311868249.2482 -1.8677 -0.7736 0.6833 -0.1430 0.3517 0.4060 0.8313
1311868249.2807 -1.8585 -0.7688 0.6789 -0.1422 0.3510 0.4045 0.8324
1311868249.3166 -1.8588 -0.7692 0.6828 -0.1408 0.3533 0.4041 0.8319
1311868249.3484 -1.8521 -0.7686 0.6821 -0.1385 0.3537 0.4044 0.8320
1311868249.3806 -1.8426 -0.7719 0.6810 -0.1385 0.3539 0.4038 0.8322
1311868249.4165 -1.8333 -0.7729 0.6786 -0.1375 0.3537 0.4026 0.8330
1311868249.4483 -1.8208 -0.7758 0.6807 -0.1375 0.3528 0.4049 0.8322
1311868249.4804 -1.8198 -0.7756 0.6825 -0.1347 0.3555 0.4041 0.8320
1311868249.5163 -1.8170 -0.7774 0.6846 -0.1337 0.3590 0.4019 0.8317
1311868249.5483 -1.8105 -0.7723 0.6866 -0.1315 0.3623 0.3983 0.8323
1311868249.5803 -1.7989 -0.7801 0.6823 -0.1324 0.3637 0.3961 0.8327
1311868249.6163 -1.7892 -0.7805 0.6810 -0.1309 0.3641 0.3962 0.8326
1311868249.6484 -1.7934 -0.7796 0.6853 -0.1272 0.3674 0.3966 0.8316
1311868249.6807 -1.7759 -0.7851 0.6842 -0.1298 0.3637 0.3974 0.8324
1311868249.7163 -1.7733 -0.7839 0.6862 -0.1295 0.3627 0.3979 0.8327
1311868249.7483 -1.7642 -0.7857 0.6910 -0.1305 0.3623 0.3990 0.8322
1311868249.7807 -1.7475 -0.7924 0.6907 -0.1326 0.3607 0.4000 0.8320
1311868249.8166 -1.7444 -0.7862 0.6926 -0.1304 0.3620 0.3985 0.8325
1311868249.8483 -1.7319 -0.7923 0.6963 -0.1317 0.3637 0.3975 0.8321
1311868249.8805 -1.7266 -0.7910 0.6981 -0.1290 0.3665 0.3969 0.8316
1311868249.9166 -1.7163 -0.7949 0.6998 -0.1289 0.3681 0.3973 0.8307
1311868249.9483 -1.7085 -0.7972 0.7040 -0.1276 0.3708 0.3972 0.8298
1311868249.9803 -1.6996 -0.8009 0.7050 -0.1258 0.3726 0.3970 0.8293
1311868250.0164 -1.6951 -0.8015 0.7078 -0.1233 0.3751 0.3962 0.8289
1311868250.0486 -1.6866 -0.8048 0.7123 -0.1227 0.3779 0.3947 0.8285
1311868250.0805 -1.6784 -0.8076 0.7152 -0.1223 0.3797 0.3927 0.8287
1311868250.1165 -1.6710 -0.8111 0.7172 -0.1217 0.3813 0.3906 0.8290
1311868250.1486 -1.6640 -0.8142 0.7206 -0.1209 0.3827 0.3887 0.8293
1311868250.1805 -1.6543 -0.8194 0.7261 -0.1208 0.3824 0.3891 0.8293
1311868250.2164 -1.6518 -0.8177 0.7309 -0.1167 0.3820 0.3898 0.8298
1311868250.2486 -1.6429 -0.8193 0.7345 -0.1150 0.3799 0.3899 0.8309
1311868250.2804 -1.6369 -0.8211 0.7373 -0.1129 0.3791 0.3902 0.8314
1311868250.3165 -1.6329 -0.8239 0.7396 -0.1097 0.3797 0.3912 0.8311
1311868250.3490 -1.6259 -0.8270 0.7417 -0.1076 0.3793 0.3920 0.8312
1311868250.3806 -1.6173 -0.8319 0.7429 -0.1078 0.3791 0.3906 0.8319
1311868250.4164 -1.6128 -0.8332 0.7447 -0.1061 0.3803 0.3884 0.8326
1311868250.4483 -1.6064 -0.8382 0.7460 -0.1059 0.3807 0.3874 0.8329
1311868250.4804 -1.5995 -0.8437 0.7460 -0.1057 0.3803 0.3870 0.8333
1311868250.5164 -1.5933 -0.8482 0.7498 -0.1065 0.3801 0.3837 0.8348
1311868250.5487 -1.5924 -0.8471 0.7511 -0.1029 0.3777 0.3859 0.8353
1311868250.5804 -1.5885 -0.8465 0.7574 -0.0998 0.3750 0.3882 0.8359
1311868250.6164 -1.5768 -0.8563 0.7566 -0.1006 0.3710 0.3912 0.8362
1311868250.6488 -1.5719 -0.8581 0.7551 -0.0988 0.3701 0.3908 0.8370
1311868250.6805 -1.5669 -0.8607 0.7538 -0.0983 0.3713 0.3886 0.8376
1311868250.7165 -1.5642 -0.8625 0.7559 -0.0961 0.3741 0.3882 0.8368
1311868250.7484 -1.5633 -0.8649 0.7577 -0.0937 0.3759 0.3874 0.8366
1311868250.7806 -1.5607 -0.8683 0.7589 -0.0925 0.3763 0.3847 0.8378
1311868250.8164 -1.5561 -0.8714 0.7598 -0.0917 0.3755 0.3828 0.8391
1311868250.8484 -1.5533 -0.8740 0.7597 -0.0889 0.3760 0.3815 0.8397
1311868250.8805 -1.5552 -0.8697 0.7611 -0.0854 0.3771 0.3801 0.8402
1311868250.9164 -1.5493 -0.8752 0.7598 -0.0867 0.3775 0.3785 0.8406
1311868250.9487 -1.5470 -0.8787 0.7585 -0.0853 0.3799 0.3757 0.8410
1311868250.9805 -1.5499 -0.8791 0.7600 -0.0817 0.3823 0.3724 0.8417
1311868251.0164 -1.5532 -0.8802 0.7619 -0.0809 0.3818 0.3683 0.8438
1311868251.0486 -1.5549 -0.8797 0.7621 -0.0798 0.3792 0.3665 0.8459
1311868251.0805 -1.5549 -0.8778 0.7610 -0.0797 0.3755 0.3659 0.8478
1311868251.1165 -1.5542 -0.8756 0.7614 -0.0796 0.3736 0.3660 0.8486
1311868251.1484 -1.5545 -0.8736 0.7596 -0.0792 0.3734 0.3670 0.8483
1311868251.1806 -1.5534 -0.8718 0.7572 -0.0804 0.3742 0.3673 0.8477
1311868251.2164 -1.5538 -0.8706 0.7549 -0.0823 0.3759 0.3657 0.8475
1311868251.2484 -1.5552 -0.8679 0.7543 -0.0842 0.3774 0.3638 0.8474
1311868251.2804 -1.5573 -0.8654 0.7544 -0.0863 0.3785 0.3616 0.8477
1311868251.3169 -1.5583 -0.8632 0.7527 -0.0880 0.3785 0.3597 0.8483
1311868251.3485 -1.5599 -0.8587 0.7506 -0.0890 0.3784 0.3593 0.8484
1311868251.3808 -1.5613 -0.8548 0.7470 -0.0896 0.3785 0.3609 0.8476
1311868251.4169 -1.5612 -0.8520 0.7456 -0.0904 0.3785 0.3618 0.8472
1311868251.4488 -1.5629 -0.8480 0.7439 -0.0901 0.3783 0.3610 0.8476
1311868251.4806 -1.5682 -0.8425 0.7391 -0.0897 0.3781 0.3609 0.8478
1311868251.5165 -1.5629 -0.8438 0.7374 -0.0929 0.3764 0.3625 0.8475
1311868251.5487 -1.5686 -0.8329 0.7345 -0.0911 0.3762 0.3642 0.8471
1311868251.5808 -1.5667 -0.8359 0.7289 -0.0931 0.3759 0.3657 0.8464
1311868251.6166 -1.5703 -0.8313 0.7233 -0.0910 0.3764 0.3669 0.8458
1311868251.6490 -1.5715 -0.8294 0.7180 -0.0899 0.3762 0.3674 0.8458
1311868251.6811 -1.5763 -0.8244 0.7096 -0.0886 0.3752 0.3664 0.8468
1311868251.7165 -1.5767 -0.8233 0.7028 -0.0905 0.3741 0.3637 0.8483
1311868251.7487 -1.5777 -0.8183 0.6962 -0.0918 0.3736 0.3603 0.8498
1311868251.7806 -1.5782 -0.8140 0.6892 -0.0935 0.3743 0.3577 0.8504
1311868251.8167 -1.5815 -0.8076 0.6826 -0.0936 0.3754 0.3578 0.8499
1311868251.8487 -1.5863 -0.8021 0.6759 -0.0935 0.3756 0.3589 0.8493
1311868251.8812 -1.5797 -0.8023 0.6703 -0.0968 0.3731 0.3593 0.8499
1311868251.9166 -1.5846 -0.7942 0.6641 -0.0959 0.3727 0.3589 0.8504
1311868251.9488 -1.5825 -0.7892 0.6549 -0.0973 0.3706 0.3584 0.8513
1311868251.9805 -1.5791 -0.7878 0.6446 -0.0992 0.3688 0.3574 0.8523
1311868252.0166 -1.5798 -0.7815 0.6352 -0.0971 0.3696 0.3556 0.8530
1311868252.0487 -1.5842 -0.7745 0.6269 -0.0952 0.3708 0.3537 0.8534
1311868252.0811 -1.5833 -0.7724 0.6181 -0.0963 0.3703 0.3522 0.8541
1311868252.1167 -1.5858 -0.7689 0.6100 -0.0963 0.3695 0.3507 0.8551
1311868252.1487 -1.5877 -0.7623 0.6028 -0.0957 0.3680 0.3485 0.8567
1311868252.1806 -1.5863 -0.7585 0.5913 -0.0974 0.3655 0.3460 0.8586
1311868252.2167 -1.5852 -0.7540 0.5799 -0.0985 0.3641 0.3426 0.8604
1311868252.2491 -1.5875 -0.7479 0.5708 -0.0987 0.3643 0.3386 0.8619
1311868252.2807 -1.5888 -0.7443 0.5628 -0.1006 0.3643 0.3338 0.8636
1311868252.3166 -1.5907 -0.7400 0.5524 -0.1023 0.3643 0.3283 0.8655
1311868252.3486 -1.5925 -0.7324 0.5434 -0.1042 0.3638 0.3243 0.8670
1311868252.3807 -1.5942 -0.7257 0.5341 -0.1058 0.3628 0.3216 0.8682
1311868252.4167 -1.5965 -0.7170 0.5257 -0.1064 0.3607 0.3213 0.8691
1311868252.4488 -1.5983 -0.7109 0.5190 -0.1072 0.3581 0.3218 0.8699
1311868252.4806 -1.5976 -0.7075 0.5117 -0.1094 0.3544 0.3239 0.8704
1311868252.5166 -1.5994 -0.6986 0.5034 -0.1087 0.3514 0.3268 0.8706
1311868252.5500 -1.6013 -0.6925 0.4968 -0.1084 0.3490 0.3283 0.8710
1311868252.5807 -1.6023 -0.6862 0.4878 -0.1094 0.3464 0.3292 0.8716
1311868252.6166 -1.6028 -0.6781 0.4803 -0.1103 0.3452 0.3303 0.8715
1311868252.6491 -1.6034 -0.6707 0.4708 -0.1117 0.3441 0.3317 0.8713
1311868252.6807 -1.6036 -0.6633 0.4624 -0.1136 0.3436 0.3316 0.8712
1311868252.7166 -1.6039 -0.6546 0.4547 -0.1154 0.3432 0.3326 0.8708
1311868252.7487 -1.6087 -0.6487 0.4494 -0.1154 0.3443 0.3333 0.8701
1311868252.7807 -1.6068 -0.6457 0.4436 -0.1178 0.3430 0.3352 0.8695
1311868252.8167 -1.6077 -0.6401 0.4398 -0.1194 0.3423 0.3364 0.8692
1311868252.8487 -1.6070 -0.6296 0.4308 -0.1194 0.3403 0.3379 0.8694
1311868252.8807 -1.6071 -0.6268 0.4272 -0.1205 0.3409 0.3390 0.8685
1311868252.9166 -1.6042 -0.6214 0.4199 -0.1214 0.3398 0.3414 0.8679
1311868252.9487 -1.6064 -0.6131 0.4168 -0.1208 0.3401 0.3410 0.8680
1311868252.9807 -1.6028 -0.6072 0.4094 -0.1209 0.3390 0.3421 0.8680
1311868253.0167 -1.5998 -0.6046 0.4040 -0.1217 0.3383 0.3439 0.8675
1311868253.0488 -1.5978 -0.5979 0.4005 -0.1215 0.3376 0.3438 0.8678
1311868253.0808 -1.5947 -0.5940 0.3963 -0.1210 0.3380 0.3452 0.8671
1311868253.1167 -1.5917 -0.5866 0.3898 -0.1195 0.3382 0.3467 0.8667
1311868253.1488 -1.5908 -0.5790 0.3860 -0.1190 0.3387 0.3485 0.8658
1311868253.1819 -1.5898 -0.5734 0.3824 -0.1196 0.3395 0.3523 0.8639
1311868253.2166 -1.5849 -0.5687 0.3771 -0.1220 0.3396 0.3507 0.8642
1311868253.2487 -1.5827 -0.5670 0.3758 -0.1241 0.3407 0.3503 0.8636
1311868253.2807 -1.5809 -0.5570 0.3695 -0.1258 0.3412 0.3495 0.8635
1311868253.3167 -1.5733 -0.5590 0.3659 -0.1295 0.3430 0.3489 0.8625
1311868253.3488 -1.5690 -0.5531 0.3632 -0.1308 0.3446 0.3483 0.8619
1311868253.3811 -1.5673 -0.5422 0.3587 -0.1298 0.3450 0.3480 0.8620
1311868253.4168 -1.5670 -0.5290 0.3576 -0.1279 0.3461 0.3484 0.8617
1311868253.4487 -1.5602 -0.5296 0.3516 -0.1297 0.3463 0.3505 0.8605
1311868253.4809 -1.5498 -0.5335 0.3423 -0.1332 0.3447 0.3517 0.8601
1311868253.5167 -1.5413 -0.5277 0.3418 -0.1348 0.3441 0.3527 0.8597
1311868253.5485 -1.5357 -0.5219 0.3410 -0.1350 0.3442 0.3524 0.8597
1311868253.5815 -1.5321 -0.5153 0.3351 -0.1338 0.3434 0.3520 0.8604
1311868253.6167 -1.5256 -0.5109 0.3345 -0.1322 0.3435 0.3492 0.8617
1311868253.6487 -1.5221 -0.5053 0.3328 -0.1286 0.3441 0.3489 0.8622
1311868253.6806 -1.5165 -0.4987 0.3297 -0.1240 0.3429 0.3499 0.8629
1311868253.7168 -1.5152 -0.4989 0.3233 -0.1212 0.3411 0.3493 0.8642
1311868253.7488 -1.5078 -0.4960 0.3214 -0.1213 0.3385 0.3508 0.8647
1311868253.7808 -1.5048 -0.4895 0.3157 -0.1198 0.3379 0.3528 0.8643
1311868253.8167 -1.5002 -0.4870 0.3133 -0.1203 0.3379 0.3545 0.8635
1311868253.8487 -1.4950 -0.4799 0.3089 -0.1194 0.3375 0.3546 0.8638
1311868253.8810 -1.4909 -0.4745 0.3045 -0.1193 0.3363 0.3546 0.8642
1311868253.9169 -1.4864 -0.4641 0.3041 -0.1193 0.3349 0.3543 0.8649
1311868253.9488 -1.4807 -0.4629 0.2976 -0.1200 0.3328 0.3563 0.8648
1311868253.9807 -1.4807 -0.4621 0.2961 -0.1204 0.3334 0.3566 0.8644
1311868254.0167 -1.4740 -0.4529 0.2885 -0.1202 0.3308 0.3542 0.8664
1311868254.0492 -1.4708 -0.4509 0.2851 -0.1206 0.3304 0.3534 0.8668
1311868254.0808 -1.4689 -0.4456 0.2811 -0.1205 0.3304 0.3502 0.8682
1311868254.1168 -1.4642 -0.4417 0.2764 -0.1212 0.3291 0.3475 0.8696
1311868254.1486 -1.4602 -0.4341 0.2732 -0.1211 0.3272 0.3446 0.8715
1311868254.1808 -1.4583 -0.4260 0.2687 -0.1202 0.3240 0.3436 0.8732
1311868254.2167 -1.4546 -0.4213 0.2643 -0.1201 0.3201 0.3432 0.8748
1311868254.2489 -1.4520 -0.4151 0.2584 -0.1193 0.3158 0.3427 0.8767
1311868254.2812 -1.4466 -0.4077 0.2519 -0.1192 0.3095 0.3432 0.8788
1311868254.3167 -1.4425 -0.4035 0.2455 -0.1200 0.3047 0.3422 0.8807
1311868254.3488 -1.4395 -0.3965 0.2381 -0.1202 0.3005 0.3413 0.8825
1311868254.3809 -1.4366 -0.3915 0.2315 -0.1216 0.2968 0.3401 0.8840
1311868254.4169 -1.4359 -0.3883 0.2266 -0.1238 0.2944 0.3366 0.8858
1311868254.4489 -1.4272 -0.3781 0.2171 -0.1251 0.2887 0.3327 0.8890
1311868254.4812 -1.4230 -0.3729 0.2075 -0.1268 0.2841 0.3287 0.8917
1311868254.5167 -1.4235 -0.3666 0.2036 -0.1279 0.2805 0.3256 0.8938
1311868254.5489 -1.4231 -0.3612 0.1948 -0.1290 0.2755 0.3244 0.8957
1311868254.5809 -1.4235 -0.3575 0.1911 -0.1314 0.2710 0.3235 0.8970
1311868254.6168 -1.4244 -0.3537 0.1834 -0.1339 0.2676 0.3206 0.8987
1311868254.6487 -1.4213 -0.3474 0.1765 -0.1366 0.2645 0.3181 0.9001
1311868254.6809 -1.4195 -0.3406 0.1684 -0.1378 0.2625 0.3169 0.9009
1311868254.7168 -1.4170 -0.3364 0.1607 -0.1396 0.2600 0.3164 0.9016
1311868254.7488 -1.4168 -0.3302 0.1577 -0.1408 0.2580 0.3173 0.9016
1311868254.7849 -1.4146 -0.3218 0.1489 -0.1412 0.2539 0.3177 0.9026
1311868254.8169 -1.4105 -0.3139 0.1418 -0.1423 0.2496 0.3166 0.9040
1311868254.8489 -1.4046 -0.3087 0.1334 -0.1435 0.2463 0.3161 0.9049
1311868254.8852 -1.4002 -0.2976 0.1261 -0.1436 0.2438 0.3158 0.9056
1311868254.9170 -1.4004 -0.2954 0.1192 -0.1448 0.2433 0.3168 0.9053
1311868254.9490 -1.3973 -0.2879 0.1162 -0.1450 0.2417 0.3181 0.9052
1311868254.9848 -1.3999 -0.2853 0.1099 -0.1455 0.2407 0.3182 0.9054
1311868255.0169 -1.4007 -0.2778 0.1028 -0.1446 0.2394 0.3171 0.9062
1311868255.0493 -1.3950 -0.2783 0.1007 -0.1476 0.2367 0.3194 0.9056
1311868255.0850 -1.3985 -0.2768 0.0959 -0.1470 0.2370 0.3186 0.9059
1311868255.1167 -1.3928 -0.2695 0.0878 -0.1458 0.2344 0.3177 0.9071
1311868255.1488 -1.3952 -0.2612 0.0795 -0.1439 0.2329 0.3168 0.9081
1311868255.1851 -1.4009 -0.2660 0.0784 -0.1457 0.2327 0.3190 0.9071
1311868255.2169 -1.3927 -0.2582 0.0735 -0.1454 0.2299 0.3175 0.9084
1311868255.2487 -1.3829 -0.2468 0.0664 -0.1442 0.2264 0.3159 0.9100
1311868255.2850 -1.3853 -0.2468 0.0623 -0.1443 0.2265 0.3158 0.9100
1311868255.3170 -1.3954 -0.2551 0.0606 -0.1459 0.2291 0.3169 0.9087
1311868255.3490 -1.3949 -0.2480 0.0552 -0.1450 0.2279 0.3166 0.9093
1311868255.3848 -1.3924 -0.2452 0.0502 -0.1446 0.2275 0.3171 0.9093
1311868255.4175 -1.3865 -0.2399 0.0466 -0.1439 0.2267 0.3175 0.9094
1311868255.4490 -1.3876 -0.2376 0.0505 -0.1425 0.2289 0.3167 0.9094
1311868255.4848 -1.3756 -0.2300 0.0485 -0.1409 0.2260 0.3171 0.9102
1311868255.5171 -1.3694 -0.2294 0.0389 -0.1395 0.2233 0.3188 0.9105
1311868255.5489 -1.3730 -0.2292 0.0365 -0.1381 0.2243 0.3188 0.9105
1311868255.5858 -1.3690 -0.2280 0.0356 -0.1388 0.2233 0.3207 0.9100
1311868255.6169 -1.3660 -0.2221 0.0351 -0.1384 0.2242 0.3206 0.9098
1311868255.6493 -1.3613 -0.2157 0.0308 -0.1384 0.2246 0.3197 0.9101
1311868255.6849 -1.3586 -0.2131 0.0300 -0.1401 0.2256 0.3181 0.9101
1311868255.7169 -1.3565 -0.2131 0.0281 -0.1412 0.2263 0.3167 0.9103
1311868255.7488 -1.3553 -0.2138 0.0264 -0.1421 0.2269 0.3158 0.9103
1311868255.7850 -1.3455 -0.2081 0.0204 -0.1427 0.2244 0.3143 0.9113
1311868255.8175 -1.3377 -0.1990 0.0161 -0.1424 0.2232 0.3137 0.9119
1311868255.8488 -1.3205 -0.1904 0.0152 -0.1431 0.2201 0.3146 0.9122
1311868255.8850 -1.3303 -0.1958 0.0171 -0.1434 0.2259 0.3144 0.9108
1311868255.9169 -1.3295 -0.1958 0.0151 -0.1430 0.2276 0.3150 0.9102
1311868255.9489 -1.3162 -0.1901 0.0140 -0.1426 0.2257 0.3164 0.9103
1311868255.9848 -1.3000 -0.1823 0.0084 -0.1421 0.2210 0.3167 0.9114
1311868256.0175 -1.2897 -0.1779 0.0035 -0.1422 0.2183 0.3159 0.9123
1311868256.0489 -1.2824 -0.1787 0.0015 -0.1433 0.2173 0.3149 0.9127
1311868256.0848 -1.2768 -0.1769 0.0004 -0.1438 0.2162 0.3140 0.9132
1311868256.1173 -1.2681 -0.1731 -0.0007 -0.1441 0.2168 0.3083 0.9150
1311868256.1497 -1.2549 -0.1721 -0.0026 -0.1445 0.2157 0.3065 0.9158
1311868256.1848 -1.2471 -0.1737 -0.0115 -0.1442 0.2143 0.3050 0.9167
1311868256.2169 -1.2392 -0.1724 -0.0125 -0.1449 0.2134 0.3040 0.9171
1311868256.2489 -1.2309 -0.1688 -0.0132 -0.1456 0.2129 0.3022 0.9177
1311868256.2848 -1.2222 -0.1678 -0.0125 -0.1469 0.2132 0.3002 0.9181
1311868256.3168 -1.2108 -0.1645 -0.0183 -0.1463 0.2125 0.2971 0.9193
1311868256.3489 -1.2056 -0.1612 -0.0166 -0.1441 0.2151 0.2944 0.9199
1311868256.3855 -1.1958 -0.1598 -0.0209 -0.1425 0.2145 0.2916 0.9212
1311868256.4177 -1.1881 -0.1581 -0.0222 -0.1403 0.2152 0.2897 0.9220
1311868256.4489 -1.1807 -0.1582 -0.0239 -0.1381 0.2153 0.2909 0.9219
1311868256.4849 -1.1728 -0.1544 -0.0261 -0.1351 0.2139 0.2916 0.9225
1311868256.5172 -1.1657 -0.1534 -0.0265 -0.1328 0.2131 0.2922 0.9228
1311868256.5488 -1.1582 -0.1532 -0.0301 -0.1299 0.2122 0.2929 0.9232
1311868256.5849 -1.1540 -0.1507 -0.0361 -0.1282 0.2111 0.2938 0.9234
1311868256.6169 -1.1436 -0.1466 -0.0341 -0.1257 0.2122 0.2919 0.9241
1311868256.6491 -1.1335 -0.1446 -0.0340 -0.1232 0.2136 0.2920 0.9241
1311868256.6849 -1.1271 -0.1477 -0.0443 -0.1227 0.2130 0.2947 0.9234
1311868256.7171 -1.1212 -0.1402 -0.0362 -0.1201 0.2145 0.2923 0.9242
1311868256.7491 -1.1135 -0.1417 -0.0416 -0.1205 0.2127 0.2916 0.9248
1311868256.7852 -1.1046 -0.1416 -0.0468 -0.1192 0.2103 0.2905 0.9258
1311868256.8168 -1.1014 -0.1362 -0.0441 -0.1168 0.2091 0.2872 0.9275
1311868256.8489 -1.0942 -0.1376 -0.0454 -0.1169 0.2051 0.2850 0.9290
1311868256.8850 -1.0896 -0.1372 -0.0482 -0.1164 0.2024 0.2811 0.9308
1311868256.9169 -1.0782 -0.1365 -0.0509 -0.1170 0.1987 0.2789 0.9322
1311868256.9492 -1.0681 -0.1351 -0.0544 -0.1175 0.1964 0.2757 0.9336
1311868256.9849 -1.0641 -0.1353 -0.0548 -0.1176 0.1969 0.2730 0.9343
1311868257.0171 -1.0559 -0.1334 -0.0547 -0.1159 0.1950 0.2723 0.9351
1311868257.0492 -1.0509 -0.1334 -0.0563 -0.1150 0.1921 0.2697 0.9365
1311868257.0852 -1.0435 -0.1310 -0.0560 -0.1140 0.1884 0.2647 0.9388
1311868257.1170 -1.0360 -0.1333 -0.0608 -0.1137 0.1847 0.2607 0.9407
1311868257.1492 -1.0318 -0.1317 -0.0624 -0.1129 0.1828 0.2565 0.9423
1311868257.1850 -1.0246 -0.1317 -0.0654 -0.1129 0.1806 0.2541 0.9434
1311868257.2168 -1.0155 -0.1327 -0.0713 -0.1139 0.1774 0.2528 0.9442
1311868257.2489 -1.0104 -0.1309 -0.0762 -0.1158 0.1751 0.2502 0.9452
1311868257.2849 -1.0018 -0.1306 -0.0789 -0.1191 0.1725 0.2466 0.9462
1311868257.3170 -0.9945 -0.1304 -0.0833 -0.1217 0.1709 0.2431 0.9471
1311868257.3490 -0.9859 -0.1312 -0.0873 -0.1252 0.1684 0.2405 0.9477
1311868257.3849 -0.9812 -0.1283 -0.0868 -0.1268 0.1663 0.2377 0.9486
1311868257.4168 -0.9686 -0.1286 -0.0874 -0.1269 0.1610 0.2369 0.9497
1311868257.4491 -0.9592 -0.1305 -0.0935 -0.1268 0.1559 0.2351 0.9510
1311868257.4850 -0.9519 -0.1321 -0.0968 -0.1269 0.1534 0.2321 0.9521
1311868257.5168 -0.9449 -0.1328 -0.0998 -0.1251 0.1519 0.2301 0.9531
1311868257.5495 -0.9392 -0.1327 -0.1033 -0.1236 0.1499 0.2267 0.9544
1311868257.5853 -0.9337 -0.1324 -0.1042 -0.1225 0.1488 0.2206 0.9561
1311868257.6180 -0.9269 -0.1335 -0.1094 -0.1209 0.1466 0.2169 0.9575
1311868257.6491 -0.9214 -0.1336 -0.1114 -0.1194 0.1436 0.2144 0.9587
1311868257.6849 -0.9145 -0.1341 -0.1142 -0.1181 0.1400 0.2129 0.9597
1311868257.7180 -0.9076 -0.1353 -0.1168 -0.1186 0.1361 0.2124 0.9604
1311868257.7496 -0.9018 -0.1368 -0.1184 -0.1180 0.1341 0.2107 0.9611
1311868257.7855 -0.8930 -0.1396 -0.1221 -0.1177 0.1323 0.2071 0.9622
1311868257.8169 -0.8894 -0.1405 -0.1222 -0.1177 0.1327 0.2011 0.9634
1311868257.8492 -0.8825 -0.1447 -0.1235 -0.1175 0.1341 0.1960 0.9643
1311868257.8853 -0.8764 -0.1480 -0.1260 -0.1169 0.1344 0.1936 0.9648
1311868257.9170 -0.8719 -0.1517 -0.1270 -0.1178 0.1329 0.1906 0.9655
1311868257.9490 -0.8655 -0.1548 -0.1270 -0.1186 0.1292 0.1880 0.9664
1311868257.9852 -0.8672 -0.1546 -0.1242 -0.1196 0.1257 0.1879 0.9667
1311868258.0168 -0.8570 -0.1614 -0.1233 -0.1243 0.1172 0.1892 0.9670
1311868258.0489 -0.8550 -0.1617 -0.1151 -0.1246 0.1109 0.1892 0.9677
1311868258.0862 -0.8452 -0.1671 -0.1155 -0.1245 0.1009 0.1892 0.9688
1311868258.1176 -0.8407 -0.1688 -0.1147 -0.1244 0.0933 0.1877 0.9698
1311868258.1493 -0.8336 -0.1732 -0.1106 -0.1267 0.0870 0.1857 0.9705
1311868258.1851 -0.8252 -0.1776 -0.1092 -0.1290 0.0827 0.1842 0.9709
1311868258.2169 -0.8160 -0.1827 -0.1094 -0.1310 0.0818 0.1835 0.9708
1311868258.2518 -0.8103 -0.1875 -0.1085 -0.1324 0.0847 0.1806 0.9709
1311868258.2852 -0.8019 -0.1907 -0.1060 -0.1342 0.0879 0.1785 0.9708
1311868258.3172 -0.7943 -0.1971 -0.1051 -0.1381 0.0894 0.1778 0.9702
1311868258.3491 -0.7877 -0.1995 -0.0967 -0.1396 0.0896 0.1778 0.9700
1311868258.3850 -0.7797 -0.2045 -0.0913 -0.1400 0.0881 0.1780 0.9700
1311868258.4170 -0.7735 -0.2098 -0.0883 -0.1408 0.0871 0.1736 0.9708
1311868258.4491 -0.7652 -0.2162 -0.0857 -0.1407 0.0877 0.1688 0.9716
1311868258.4849 -0.7567 -0.2235 -0.0819 -0.1402 0.0902 0.1646 0.9722
1311868258.5173 -0.7474 -0.2311 -0.0794 -0.1390 0.0923 0.1623 0.9725
1311868258.5493 -0.7391 -0.2387 -0.0749 -0.1378 0.0947 0.1595 0.9729
1311868258.5851 -0.7327 -0.2456 -0.0701 -0.1351 0.0971 0.1598 0.9730
1311868258.6169 -0.7281 -0.2487 -0.0654 -0.1319 0.0980 0.1623 0.9730
1311868258.6489 -0.7233 -0.2511 -0.0592 -0.1287 0.0973 0.1654 0.9729
1311868258.6851 -0.7161 -0.2579 -0.0535 -0.1250 0.0951 0.1683 0.9731
1311868258.7169 -0.7095 -0.2606 -0.0514 -0.1215 0.0913 0.1713 0.9734
1311868258.7490 -0.7034 -0.2648 -0.0482 -0.1193 0.0878 0.1751 0.9734
1311868258.7850 -0.6952 -0.2709 -0.0454 -0.1187 0.0835 0.1781 0.9733
1311868258.8170 -0.6868 -0.2756 -0.0405 -0.1177 0.0809 0.1772 0.9738
1311868258.8489 -0.6795 -0.2815 -0.0382 -0.1170 0.0802 0.1744 0.9744
1311868258.8856 -0.6731 -0.2841 -0.0377 -0.1152 0.0815 0.1716 0.9750
1311868258.9177 -0.6680 -0.2864 -0.0340 -0.1140 0.0834 0.1685 0.9755
1311868258.9499 -0.6604 -0.2908 -0.0296 -0.1128 0.0826 0.1675 0.9759
1311868258.9851 -0.6556 -0.2928 -0.0259 -0.1106 0.0806 0.1652 0.9767
1311868259.0170 -0.6475 -0.2950 -0.0230 -0.1097 0.0778 0.1617 0.9776
1311868259.0489 -0.6402 -0.2973 -0.0208 -0.1089 0.0772 0.1567 0.9786
1311868259.0852 -0.6331 -0.2984 -0.0158 -0.1086 0.0774 0.1530 0.9792
1311868259.1169 -0.6278 -0.3001 -0.0118 -0.1073 0.0771 0.1500 0.9798
1311868259.1492 -0.6214 -0.3020 -0.0064 -0.1055 0.0755 0.1478 0.9805
1311868259.1857 -0.6149 -0.3035 -0.0005 -0.1022 0.0728 0.1452 0.9814
1311868259.2170 -0.6050 -0.3059 0.0007 -0.0992 0.0689 0.1419 0.9825
1311868259.2490 -0.5975 -0.3066 0.0029 -0.0957 0.0670 0.1398 0.9833
1311868259.2850 -0.5905 -0.3073 0.0027 -0.0948 0.0656 0.1363 0.9839
1311868259.3170 -0.5844 -0.3056 0.0062 -0.0938 0.0644 0.1336 0.9845
1311868259.3502 -0.5767 -0.3072 0.0081 -0.0942 0.0616 0.1311 0.9850
1311868259.3851 -0.5664 -0.3099 0.0096 -0.0943 0.0585 0.1276 0.9856
1311868259.4171 -0.5554 -0.3137 0.0103 -0.0942 0.0572 0.1226 0.9863
1311868259.4491 -0.5433 -0.3146 0.0088 -0.0919 0.0581 0.1197 0.9868
1311868259.4852 -0.5346 -0.3155 0.0090 -0.0905 0.0610 0.1159 0.9872
1311868259.5172 -0.5301 -0.3131 0.0099 -0.0876 0.0642 0.1124 0.9877
1311868259.5495 -0.5217 -0.3088 0.0088 -0.0860 0.0642 0.1087 0.9883
1311868259.5851 -0.5163 -0.3081 0.0099 -0.0865 0.0644 0.1031 0.9888
1311868259.6171 -0.5087 -0.3071 0.0094 -0.0870 0.0639 0.0987 0.9892
1311868259.6493 -0.5033 -0.3045 0.0093 -0.0873 0.0643 0.0969 0.9894
1311868259.6850 -0.4982 -0.3029 0.0103 -0.0879 0.0638 0.0979 0.9893
1311868259.7171 -0.4923 -0.3024 0.0124 -0.0884 0.0618 0.1000 0.9891
1311868259.7490 -0.4848 -0.3019 0.0126 -0.0870 0.0587 0.1017 0.9893
1311868259.7850 -0.4790 -0.3000 0.0118 -0.0856 0.0558 0.1016 0.9896
1311868259.8180 -0.4718 -0.2997 0.0112 -0.0842 0.0534 0.0994 0.9900
1311868259.8492 -0.4663 -0.2993 0.0091 -0.0819 0.0526 0.0958 0.9906
1311868259.8852 -0.4633 -0.2973 0.0056 -0.0805 0.0534 0.0936 0.9909
1311868259.9175 -0.4621 -0.2946 0.0054 -0.0796 0.0555 0.0943 0.9908
1311868259.9491 -0.4586 -0.2922 0.0074 -0.0778 0.0558 0.0970 0.9907
1311868259.9850 -0.4591 -0.2893 0.0073 -0.0761 0.0548 0.0987 0.9907
1311868260.0171 -0.4567 -0.2875 0.0066 -0.0770 0.0515 0.1007 0.9906
1311868260.0491 -0.4554 -0.2873 0.0073 -0.0772 0.0493 0.1000 0.9908
1311868260.0853 -0.4510 -0.2874 0.0043 -0.0778 0.0474 0.0989 0.9909
1311868260.1170 -0.4514 -0.2846 0.0044 -0.0784 0.0483 0.0984 0.9909
1311868260.1491 -0.4513 -0.2810 0.0035 -0.0789 0.0491 0.0984 0.9908
1311868260.1849 -0.4506 -0.2800 0.0042 -0.0812 0.0498 0.0987 0.9905
1311868260.2170 -0.4532 -0.2782 0.0052 -0.0836 0.0506 0.1008 0.9901
1311868260.2491 -0.4551 -0.2751 0.0083 -0.0850 0.0503 0.1038 0.9897
1311868260.2850 -0.4574 -0.2773 0.0088 -0.0874 0.0496 0.1051 0.9894
1311868260.3172 -0.4613 -0.2752 0.0098 -0.0878 0.0491 0.1063 0.9892
1311868260.3492 -0.4637 -0.2748 0.0114 -0.0888 0.0477 0.1091 0.9889
1311868260.3859 -0.4663 -0.2759 0.0143 -0.0895 0.0453 0.1123 0.9886
1311868260.4172 -0.4694 -0.2755 0.0146 -0.0882 0.0435 0.1130 0.9887
1311868260.4492 -0.4708 -0.2765 0.0143 -0.0883 0.0421 0.1109 0.9890
1311868260.4851 -0.4731 -0.2770 0.0149 -0.0880 0.0417 0.1087 0.9893
1311868260.5172 -0.4775 -0.2764 0.0165 -0.0872 0.0424 0.1075 0.9895
1311868260.5493 -0.4826 -0.2766 0.0177 -0.0866 0.0427 0.1075 0.9895
1311868260.5885 -0.4877 -0.2771 0.0200 -0.0863 0.0419 0.1084 0.9895
1311868260.6170 -0.4922 -0.2764 0.0223 -0.0854 0.0398 0.1095 0.9895
1311868260.6492 -0.4962 -0.2762 0.0243 -0.0851 0.0371 0.1095 0.9896
1311868260.6852 -0.4973 -0.2753 0.0262 -0.0848 0.0342 0.1088 0.9898
1311868260.7170 -0.4994 -0.2784 0.0255 -0.0863 0.0330 0.1068 0.9900
1311868260.7491 -0.5024 -0.2810 0.0271 -0.0881 0.0326 0.1055 0.9900
1311868260.7850 -0.5056 -0.2818 0.0304 -0.0885 0.0323 0.1066 0.9898
1311868260.8174 -0.5076 -0.2828 0.0320 -0.0888 0.0311 0.1072 0.9898
1311868260.8494 -0.5104 -0.2831 0.0327 -0.0888 0.0292 0.1075 0.9898
1311868260.8851 -0.5139 -0.2793 0.0343 -0.0881 0.0277 0.1080 0.9898
1311868260.9170 -0.5153 -0.2790 0.0357 -0.0882 0.0266 0.1077 0.9899
1311868260.9492 -0.5150 -0.2805 0.0354 -0.0886 0.0259 0.1070 0.9900
1311868260.9857 -0.5172 -0.2815 0.0358 -0.0888 0.0264 0.1072 0.9899
1311868261.0171 -0.5210 -0.2813 0.0371 -0.0883 0.0268 0.1079 0.9899
1311868261.0494 -0.5227 -0.2823 0.0374 -0.0883 0.0259 0.1071 0.9900
1311868261.0851 -0.5233 -0.2829 0.0369 -0.0883 0.0248 0.1054 0.9902
1311868261.1175 -0.5231 -0.2846 0.0363 -0.0886 0.0241 0.1039 0.9903
1311868261.1492 -0.5226 -0.2852 0.0364 -0.0889 0.0240 0.1024 0.9905
1311868261.1851 -0.5229 -0.2868 0.0362 -0.0897 0.0249 0.1005 0.9906
1311868261.2173 -0.5245 -0.2866 0.0364 -0.0901 0.0262 0.1002 0.9905
1311868261.2507 -0.5268 -0.2872 0.0382 -0.0907 0.0276 0.1011 0.9904
1311868261.2852 -0.5280 -0.2876 0.0388 -0.0901 0.0278 0.1025 0.9903
1311868261.3173 -0.5311 -0.2865 0.0396 -0.0891 0.0268 0.1021 0.9904
1311868261.3505 -0.5295 -0.2861 0.0396 -0.0890 0.0238 0.1012 0.9906
1311868261.3852 -0.5296 -0.2863 0.0399 -0.0897 0.0222 0.1011 0.9906
1311868261.4172 -0.5286 -0.2872 0.0403 -0.0900 0.0215 0.1022 0.9904
1311868261.4509 -0.5282 -0.2871 0.0402 -0.0896 0.0219 0.1040 0.9903
1311868261.4853 -0.5304 -0.2860 0.0408 -0.0886 0.0230 0.1048 0.9903
1311868261.5173 -0.5308 -0.2871 0.0403 -0.0885 0.0226 0.1046 0.9903
1311868261.5536 -0.5304 -0.2865 0.0409 -0.0882 0.0214 0.1035 0.9905
1311868261.5863 -0.5294 -0.2870 0.0406 -0.0884 0.0204 0.1026 0.9906
1311868261.6172 -0.5285 -0.2872 0.0397 -0.0889 0.0203 0.1026 0.9905
1311868261.6541 -0.5288 -0.2870 0.0406 -0.0896 0.0211 0.1028 0.9904
1311868261.6852 -0.5299 -0.2874 0.0420 -0.0903 0.0218 0.1020 0.9904
1311868261.7195 -0.5314 -0.2859 0.0418 -0.0907 0.0217 0.1015 0.9905
1311868261.7517 -0.5319 -0.2862 0.0427 -0.0915 0.0210 0.1011 0.9904
1311868261.7871 -0.5316 -0.2862 0.0428 -0.0923 0.0200 0.1000 0.9905
1311868261.8172 -0.5312 -0.2866 0.0437 -0.0931 0.0199 0.0992 0.9905
1311868261.8530 -0.5311 -0.2857 0.0427 -0.0934 0.0203 0.0996 0.9904
1311868261.8851 -0.5319 -0.2850 0.0430 -0.0942 0.0208 0.1001 0.9903
1311868261.9171 -0.5321 -0.2839 0.0441 -0.0947 0.0208 0.1003 0.9902
1311868261.9535 -0.5321 -0.2851 0.0448 -0.0955 0.0207 0.1001 0.9902
1311868261.9853 -0.5332 -0.2844 0.0450 -0.0950 0.0205 0.1003 0.9902
1311868262.0180 -0.5331 -0.2853 0.0452 -0.0956 0.0194 0.1001 0.9902
1311868262.0536 -0.5329 -0.2851 0.0445 -0.0949 0.0188 0.0999 0.9903
1311868262.0854 -0.5320 -0.2858 0.0440 -0.0949 0.0186 0.1000 0.9903
1311868262.1179 -0.5313 -0.2870 0.0434 -0.0947 0.0191 0.1001 0.9903
1311868262.1505 -0.5313 -0.2865 0.0430 -0.0944 0.0195 0.1005 0.9903
1311868262.1855 -0.5316 -0.2867 0.0430 -0.0945 0.0198 0.1001 0.9903
1311868262.2173 -0.5311 -0.2869 0.0425 -0.0946 0.0200 0.0999 0.9903
1311868262.2532 -0.5307 -0.2872 0.0429 -0.0947 0.0207 0.1000 0.9903
1311868262.2874 -0.5305 -0.2887 0.0431 -0.0946 0.0216 0.1003 0.9902
1311868262.3173 -0.5305 -0.2864 0.0425 -0.0941 0.0216 0.1011 0.9902
1311868262.3511 -0.5322 -0.2874 0.0443 -0.0948 0.0215 0.1012 0.9901
1311868262.3861 -0.5326 -0.2871 0.0438 -0.0942 0.0203 0.1022 0.9901
1311868262.4192 -0.5318 -0.2878 0.0438 -0.0946 0.0193 0.1028 0.9900
1311868262.4530 -0.5306 -0.2877 0.0435 -0.0946 0.0191 0.1020 0.9901
1311868262.4852 -0.5307 -0.2889 0.0429 -0.0946 0.0201 0.1012 0.9902
1311868262.5215 -0.5313 -0.2877 0.0427 -0.0943 0.0211 0.1017 0.9901
1311868262.5510 -0.5324 -0.2883 0.0436 -0.0945 0.0219 0.1023 0.9900
1311868262.5851 -0.5321 -0.2883 0.0437 -0.0945 0.0219 0.1026 0.9900
1311868262.6217 -0.5320 -0.2887 0.0430 -0.0942 0.0221 0.1026 0.9900
1311868262.6508 -0.5318 -0.2891 0.0427 -0.0941 0.0223 0.1032 0.9900
1311868262.6853 -0.5318 -0.2885 0.0423 -0.0932 0.0227 0.1046 0.9899
1311868262.7212 -0.5314 -0.2887 0.0425 -0.0932 0.0228 0.1046 0.9899
1311868262.7505 -0.5307 -0.2894 0.0418 -0.0929 0.0227 0.1042 0.9899
1311868262.7852 -0.5315 -0.2884 0.0419 -0.0928 0.0229 0.1041 0.9900
1311868262.8216 -0.5320 -0.2879 0.0417 -0.0927 0.0230 0.1046 0.9899
1311868262.8506 -0.5322 -0.2876 0.0419 -0.0929 0.0228 0.1050 0.9899
1311868262.8853 -0.5316 -0.2878 0.0422 -0.0928 0.0224 0.1048 0.9899
1311868262.9227 -0.5319 -0.2868 0.0418 -0.0925 0.0220 0.1051 0.9899
1311868262.9507 -0.5314 -0.2865 0.0415 -0.0927 0.0216 0.1056 0.9898
1311868262.9856 -0.5315 -0.2871 0.0419 -0.0931 0.0218 0.1059 0.9898
1311868263.0207 -0.5314 -0.2868 0.0417 -0.0929 0.0218 0.1059 0.9898
1311868263.0533 -0.5318 -0.2873 0.0416 -0.0930 0.0221 0.1053 0.9898
1311868263.0852 -0.5320 -0.2865 0.0415 -0.0927 0.0220 0.1050 0.9899
1311868263.1214 -0.5321 -0.2862 0.0416 -0.0931 0.0218 0.1049 0.9899
1311868263.1543 -0.5308 -0.2869 0.0418 -0.0939 0.0214 0.1051 0.9898
1311868263.1855 -0.5295 -0.2878 0.0434 -0.0951 0.0213 0.1052 0.9897
