stage,label,replicate,candidate_key,channels_json,source_label,role,metadata_json,created_at
anchors,bqs_historical_top4,0,"4,9,10,15","[4, 9, 10, 15]",bqs_historical_top4,"historical BQS-greedy path Top-4 prefix, re-evaluated here","{""protocol_role"": ""control_or_historical_anchor"", ""reused_existing_evaluation"": true}",2026-08-14T15:57:47.419657+00:00
anchors,bqs_historical_top5,0,"4,9,10,15,30","[4, 9, 10, 15, 30]",bqs_historical_top5,"historical BQS-greedy Top-5, re-evaluated here","{""protocol_role"": ""control_or_historical_anchor"", ""reused_existing_evaluation"": true}",2026-08-14T15:57:47.426013+00:00
anchors,gray_current,0,gray,,gray_current,current photometric gray control,"{""protocol_role"": ""control_or_historical_anchor"", ""reused_existing_evaluation"": true}",2026-08-14T15:57:47.406597+00:00
anchors,unet_all32,0,"0,1,2,3,4,5,6,7,8,9,10,11,12,13,14,15,16,17,18,19,20,21,22,23,24,25,26,27,28,29,30,31","[0, 1, 2, 3, 4, 5, 6, 7, 8, 9, 10, 11, 12, 13, 14, 15, 16, 17, 18, 19, 20, 21, 22, 23, 24, 25, 26, 27, 28, 29, 30, 31]",unet_all32,unselected UNet enc1 all-32-channel control,"{""protocol_role"": ""control_or_historical_anchor"", ""reused_existing_evaluation"": true}",2026-08-14T15:57:47.413283+00:00
direct_greedy,g_pair_seed_sweep_d00_d01,0,"0,1","[0, 1]",g_pair_seed_sweep_d00_d01,fallback exhaustive two-channel full-sequence seed sweep,"{""cardinality"": 2, ""fallback_reason"": ""all_singletons_failed"", ""phase"": ""pair_seed_fallback"", ""reused_existing_evaluation"": true}",2026-08-14T15:57:47.646326+00:00
direct_greedy,g_pair_seed_sweep_d00_d02,0,"0,2","[0, 2]",g_pair_seed_sweep_d00_d02,fallback exhaustive two-channel full-sequence seed sweep,"{""cardinality"": 2, ""fallback_reason"": ""all_singletons_failed"", ""phase"": ""pair_seed_fallback"", ""reused_existing_evaluation"": false}",2026-08-14T15:58:53.763453+00:00
direct_greedy,g_pair_seed_sweep_d00_d03,0,"0,3","[0, 3]",g_pair_seed_sweep_d00_d03,fallback exhaustive two-channel full-sequence seed sweep,"{""cardinality"": 2, ""fallback_reason"": ""all_singletons_failed"", ""phase"": ""pair_seed_fallback"", ""reused_existing_evaluation"": false}",2026-08-14T15:59:40.292342+00:00
direct_greedy,g_pair_seed_sweep_d00_d04,0,"0,4","[0, 4]",g_pair_seed_sweep_d00_d04,fallback exhaustive two-channel full-sequence seed sweep,"{""cardinality"": 2, ""fallback_reason"": ""all_singletons_failed"", ""phase"": ""pair_seed_fallback"", ""reused_existing_evaluation"": false}",2026-08-14T16:00:29.752220+00:00
direct_greedy,g_pair_seed_sweep_d00_d05,0,"0,5","[0, 5]",g_pair_seed_sweep_d00_d05,fallback exhaustive two-channel full-sequence seed sweep,"{""cardinality"": 2, ""fallback_reason"": ""all_singletons_failed"", ""phase"": ""pair_seed_fallback"", ""reused_existing_evaluation"": false}",2026-08-14T16:01:17.777515+00:00
direct_greedy,g_pair_seed_sweep_d00_d06,0,"0,6","[0, 6]",g_pair_seed_sweep_d00_d06,fallback exhaustive two-channel full-sequence seed sweep,"{""cardinality"": 2, ""fallback_reason"": ""all_singletons_failed"", ""phase"": ""pair_seed_fallback"", ""reused_existing_evaluation"": false}",2026-08-14T16:01:51.308108+00:00
direct_greedy,g_pair_seed_sweep_d00_d07,0,"0,7","[0, 7]",g_pair_seed_sweep_d00_d07,fallback exhaustive two-channel full-sequence seed sweep,"{""cardinality"": 2, ""fallback_reason"": ""all_singletons_failed"", ""phase"": ""pair_seed_fallback"", ""reused_existing_evaluation"": false}",2026-08-14T16:02:46.437933+00:00
direct_greedy,g_pair_seed_sweep_d00_d08,0,"0,8","[0, 8]",g_pair_seed_sweep_d00_d08,fallback exhaustive two-channel full-sequence seed sweep,"{""cardinality"": 2, ""fallback_reason"": ""all_singletons_failed"", ""phase"": ""pair_seed_fallback"", ""reused_existing_evaluation"": false}",2026-08-14T16:03:09.174449+00:00
direct_greedy,g_pair_seed_sweep_d00_d09,0,"0,9","[0, 9]",g_pair_seed_sweep_d00_d09,fallback exhaustive two-channel full-sequence seed sweep,"{""cardinality"": 2, ""fallback_reason"": ""all_singletons_failed"", ""phase"": ""pair_seed_fallback"", ""reused_existing_evaluation"": false}",2026-08-14T16:04:16.778955+00:00
direct_greedy,g_pair_seed_sweep_d00_d10,0,"0,10","[0, 10]",g_pair_seed_sweep_d00_d10,fallback exhaustive two-channel full-sequence seed sweep,"{""cardinality"": 2, ""fallback_reason"": ""all_singletons_failed"", ""phase"": ""pair_seed_fallback"", ""reused_existing_evaluation"": false}",2026-08-14T16:05:18.885775+00:00
direct_greedy,g_pair_seed_sweep_d00_d11,0,"0,11","[0, 11]",g_pair_seed_sweep_d00_d11,fallback exhaustive two-channel full-sequence seed sweep,"{""cardinality"": 2, ""fallback_reason"": ""all_singletons_failed"", ""phase"": ""pair_seed_fallback"", ""reused_existing_evaluation"": false}",2026-08-14T16:06:17.153266+00:00
direct_greedy,g_pair_seed_sweep_d00_d12,0,"0,12","[0, 12]",g_pair_seed_sweep_d00_d12,fallback exhaustive two-channel full-sequence seed sweep,"{""cardinality"": 2, ""fallback_reason"": ""all_singletons_failed"", ""phase"": ""pair_seed_fallback"", ""reused_existing_evaluation"": false}",2026-08-14T16:07:08.507326+00:00
direct_greedy,g_pair_seed_sweep_d00_d13,0,"0,13","[0, 13]",g_pair_seed_sweep_d00_d13,fallback exhaustive two-channel full-sequence seed sweep,"{""cardinality"": 2, ""fallback_reason"": ""all_singletons_failed"", ""phase"": ""pair_seed_fallback"", ""reused_existing_evaluation"": false}",2026-08-14T16:07:29.943933+00:00
direct_greedy,g_pair_seed_sweep_d00_d14,0,"0,14","[0, 14]",g_pair_seed_sweep_d00_d14,fallback exhaustive two-channel full-sequence seed sweep,"{""cardinality"": 2, ""fallback_reason"": ""all_singletons_failed"", ""phase"": ""pair_seed_fallback"", ""reused_existing_evaluation"": false}",2026-08-14T16:07:49.679656+00:00
direct_greedy,g_pair_seed_sweep_d00_d15,0,"0,15","[0, 15]",g_pair_seed_sweep_d00_d15,fallback exhaustive two-channel full-sequence seed sweep,"{""cardinality"": 2, ""fallback_reason"": ""all_singletons_failed"", ""phase"": ""pair_seed_fallback"", ""reused_existing_evaluation"": false}",2026-08-14T16:08:51.047957+00:00
direct_greedy,g_pair_seed_sweep_d00_d16,0,"0,16","[0, 16]",g_pair_seed_sweep_d00_d16,fallback exhaustive two-channel full-sequence seed sweep,"{""cardinality"": 2, ""fallback_reason"": ""all_singletons_failed"", ""phase"": ""pair_seed_fallback"", ""reused_existing_evaluation"": false}",2026-08-14T16:09:12.440108+00:00
direct_greedy,g_pair_seed_sweep_d00_d17,0,"0,17","[0, 17]",g_pair_seed_sweep_d00_d17,fallback exhaustive two-channel full-sequence seed sweep,"{""cardinality"": 2, ""fallback_reason"": ""all_singletons_failed"", ""phase"": ""pair_seed_fallback"", ""reused_existing_evaluation"": false}",2026-08-14T16:09:31.302166+00:00
direct_greedy,g_pair_seed_sweep_d00_d18,0,"0,18","[0, 18]",g_pair_seed_sweep_d00_d18,fallback exhaustive two-channel full-sequence seed sweep,"{""cardinality"": 2, ""fallback_reason"": ""all_singletons_failed"", ""phase"": ""pair_seed_fallback"", ""reused_existing_evaluation"": false}",2026-08-14T16:09:50.618846+00:00
direct_greedy,g_pair_seed_sweep_d00_d19,0,"0,19","[0, 19]",g_pair_seed_sweep_d00_d19,fallback exhaustive two-channel full-sequence seed sweep,"{""cardinality"": 2, ""fallback_reason"": ""all_singletons_failed"", ""phase"": ""pair_seed_fallback"", ""reused_existing_evaluation"": false}",2026-08-14T16:10:43.991485+00:00
direct_greedy,g_pair_seed_sweep_d00_d20,0,"0,20","[0, 20]",g_pair_seed_sweep_d00_d20,fallback exhaustive two-channel full-sequence seed sweep,"{""cardinality"": 2, ""fallback_reason"": ""all_singletons_failed"", ""phase"": ""pair_seed_fallback"", ""reused_existing_evaluation"": false}",2026-08-14T16:11:14.763155+00:00
direct_greedy,g_pair_seed_sweep_d00_d21,0,"0,21","[0, 21]",g_pair_seed_sweep_d00_d21,fallback exhaustive two-channel full-sequence seed sweep,"{""cardinality"": 2, ""fallback_reason"": ""all_singletons_failed"", ""phase"": ""pair_seed_fallback"", ""reused_existing_evaluation"": false}",2026-08-14T16:12:06.705587+00:00
direct_greedy,g_pair_seed_sweep_d00_d22,0,"0,22","[0, 22]",g_pair_seed_sweep_d00_d22,fallback exhaustive two-channel full-sequence seed sweep,"{""cardinality"": 2, ""fallback_reason"": ""all_singletons_failed"", ""phase"": ""pair_seed_fallback"", ""reused_existing_evaluation"": false}",2026-08-14T16:12:26.504574+00:00
direct_greedy,g_pair_seed_sweep_d00_d23,0,"0,23","[0, 23]",g_pair_seed_sweep_d00_d23,fallback exhaustive two-channel full-sequence seed sweep,"{""cardinality"": 2, ""fallback_reason"": ""all_singletons_failed"", ""phase"": ""pair_seed_fallback"", ""reused_existing_evaluation"": false}",2026-08-14T16:12:59.661425+00:00
direct_greedy,g_pair_seed_sweep_d00_d24,0,"0,24","[0, 24]",g_pair_seed_sweep_d00_d24,fallback exhaustive two-channel full-sequence seed sweep,"{""cardinality"": 2, ""fallback_reason"": ""all_singletons_failed"", ""phase"": ""pair_seed_fallback"", ""reused_existing_evaluation"": false}",2026-08-14T16:13:51.490032+00:00
direct_greedy,g_pair_seed_sweep_d00_d25,0,"0,25","[0, 25]",g_pair_seed_sweep_d00_d25,fallback exhaustive two-channel full-sequence seed sweep,"{""cardinality"": 2, ""fallback_reason"": ""all_singletons_failed"", ""phase"": ""pair_seed_fallback"", ""reused_existing_evaluation"": false}",2026-08-14T16:14:20.053928+00:00
direct_greedy,g_pair_seed_sweep_d00_d26,0,"0,26","[0, 26]",g_pair_seed_sweep_d00_d26,fallback exhaustive two-channel full-sequence seed sweep,"{""cardinality"": 2, ""fallback_reason"": ""all_singletons_failed"", ""phase"": ""pair_seed_fallback"", ""reused_existing_evaluation"": false}",2026-08-14T16:14:38.830664+00:00
direct_greedy,g_pair_seed_sweep_d00_d27,0,"0,27","[0, 27]",g_pair_seed_sweep_d00_d27,fallback exhaustive two-channel full-sequence seed sweep,"{""cardinality"": 2, ""fallback_reason"": ""all_singletons_failed"", ""phase"": ""pair_seed_fallback"", ""reused_existing_evaluation"": false}",2026-08-14T16:14:57.381419+00:00
direct_greedy,g_pair_seed_sweep_d00_d28,0,"0,28","[0, 28]",g_pair_seed_sweep_d00_d28,fallback exhaustive two-channel full-sequence seed sweep,"{""cardinality"": 2, ""fallback_reason"": ""all_singletons_failed"", ""phase"": ""pair_seed_fallback"", ""reused_existing_evaluation"": false}",2026-08-14T16:16:01.906751+00:00
direct_greedy,g_pair_seed_sweep_d00_d29,0,"0,29","[0, 29]",g_pair_seed_sweep_d00_d29,fallback exhaustive two-channel full-sequence seed sweep,"{""cardinality"": 2, ""fallback_reason"": ""all_singletons_failed"", ""phase"": ""pair_seed_fallback"", ""reused_existing_evaluation"": false}",2026-08-14T16:16:23.427134+00:00
direct_greedy,g_pair_seed_sweep_d00_d30,0,"0,30","[0, 30]",g_pair_seed_sweep_d00_d30,fallback exhaustive two-channel full-sequence seed sweep,"{""cardinality"": 2, ""fallback_reason"": ""all_singletons_failed"", ""phase"": ""pair_seed_fallback"", ""reused_existing_evaluation"": false}",2026-08-14T16:16:42.465634+00:00
direct_greedy,g_pair_seed_sweep_d00_d31,0,"0,31","[0, 31]",g_pair_seed_sweep_d00_d31,fallback exhaustive two-channel full-sequence seed sweep,"{""cardinality"": 2, ""fallback_reason"": ""all_singletons_failed"", ""phase"": ""pair_seed_fallback"", ""reused_existing_evaluation"": false}",2026-08-14T16:17:46.297920+00:00
direct_greedy,g_pair_seed_sweep_d01_d02,0,"1,2","[1, 2]",g_pair_seed_sweep_d01_d02,fallback exhaustive two-channel full-sequence seed sweep,"{""cardinality"": 2, ""fallback_reason"": ""all_singletons_failed"", ""phase"": ""pair_seed_fallback"", ""reused_existing_evaluation"": false}",2026-08-14T16:18:51.738938+00:00
direct_greedy,g_pair_seed_sweep_d01_d03,0,"1,3","[1, 3]",g_pair_seed_sweep_d01_d03,fallback exhaustive two-channel full-sequence seed sweep,"{""cardinality"": 2, ""fallback_reason"": ""all_singletons_failed"", ""phase"": ""pair_seed_fallback"", ""reused_existing_evaluation"": false}",2026-08-14T16:19:38.402222+00:00
direct_greedy,g_pair_seed_sweep_d01_d04,0,"1,4","[1, 4]",g_pair_seed_sweep_d01_d04,fallback exhaustive two-channel full-sequence seed sweep,"{""cardinality"": 2, ""fallback_reason"": ""all_singletons_failed"", ""phase"": ""pair_seed_fallback"", ""reused_existing_evaluation"": false}",2026-08-14T16:20:29.043385+00:00
direct_greedy,g_pair_seed_sweep_d01_d05,0,"1,5","[1, 5]",g_pair_seed_sweep_d01_d05,fallback exhaustive two-channel full-sequence seed sweep,"{""cardinality"": 2, ""fallback_reason"": ""all_singletons_failed"", ""phase"": ""pair_seed_fallback"", ""reused_existing_evaluation"": false}",2026-08-14T16:21:17.689422+00:00
direct_greedy,g_pair_seed_sweep_d01_d06,0,"1,6","[1, 6]",g_pair_seed_sweep_d01_d06,fallback exhaustive two-channel full-sequence seed sweep,"{""cardinality"": 2, ""fallback_reason"": ""all_singletons_failed"", ""phase"": ""pair_seed_fallback"", ""reused_existing_evaluation"": false}",2026-08-14T16:21:47.278822+00:00
direct_greedy,g_pair_seed_sweep_d01_d07,0,"1,7","[1, 7]",g_pair_seed_sweep_d01_d07,fallback exhaustive two-channel full-sequence seed sweep,"{""cardinality"": 2, ""fallback_reason"": ""all_singletons_failed"", ""phase"": ""pair_seed_fallback"", ""reused_existing_evaluation"": false}",2026-08-14T16:22:41.862046+00:00
direct_greedy,g_pair_seed_sweep_d01_d08,0,"1,8","[1, 8]",g_pair_seed_sweep_d01_d08,fallback exhaustive two-channel full-sequence seed sweep,"{""cardinality"": 2, ""fallback_reason"": ""all_singletons_failed"", ""phase"": ""pair_seed_fallback"", ""reused_existing_evaluation"": false}",2026-08-14T16:23:12.917135+00:00
direct_greedy,g_pair_seed_sweep_d01_d09,0,"1,9","[1, 9]",g_pair_seed_sweep_d01_d09,fallback exhaustive two-channel full-sequence seed sweep,"{""cardinality"": 2, ""fallback_reason"": ""all_singletons_failed"", ""phase"": ""pair_seed_fallback"", ""reused_existing_evaluation"": false}",2026-08-14T16:24:20.223025+00:00
direct_greedy,g_pair_seed_sweep_d01_d10,0,"1,10","[1, 10]",g_pair_seed_sweep_d01_d10,fallback exhaustive two-channel full-sequence seed sweep,"{""cardinality"": 2, ""fallback_reason"": ""all_singletons_failed"", ""phase"": ""pair_seed_fallback"", ""reused_existing_evaluation"": false}",2026-08-14T16:25:23.523928+00:00
direct_greedy,g_pair_seed_sweep_d01_d11,0,"1,11","[1, 11]",g_pair_seed_sweep_d01_d11,fallback exhaustive two-channel full-sequence seed sweep,"{""cardinality"": 2, ""fallback_reason"": ""all_singletons_failed"", ""phase"": ""pair_seed_fallback"", ""reused_existing_evaluation"": false}",2026-08-14T16:26:21.916476+00:00
direct_greedy,g_pair_seed_sweep_d01_d12,0,"1,12","[1, 12]",g_pair_seed_sweep_d01_d12,fallback exhaustive two-channel full-sequence seed sweep,"{""cardinality"": 2, ""fallback_reason"": ""all_singletons_failed"", ""phase"": ""pair_seed_fallback"", ""reused_existing_evaluation"": false}",2026-08-14T16:27:12.773593+00:00
direct_greedy,g_pair_seed_sweep_d01_d13,0,"1,13","[1, 13]",g_pair_seed_sweep_d01_d13,fallback exhaustive two-channel full-sequence seed sweep,"{""cardinality"": 2, ""fallback_reason"": ""all_singletons_failed"", ""phase"": ""pair_seed_fallback"", ""reused_existing_evaluation"": false}",2026-08-14T16:27:40.173798+00:00
direct_greedy,g_pair_seed_sweep_d01_d14,0,"1,14","[1, 14]",g_pair_seed_sweep_d01_d14,fallback exhaustive two-channel full-sequence seed sweep,"{""cardinality"": 2, ""fallback_reason"": ""all_singletons_failed"", ""phase"": ""pair_seed_fallback"", ""reused_existing_evaluation"": false}",2026-08-14T16:27:57.338361+00:00
direct_greedy,g_pair_seed_sweep_d01_d15,0,"1,15","[1, 15]",g_pair_seed_sweep_d01_d15,fallback exhaustive two-channel full-sequence seed sweep,"{""cardinality"": 2, ""fallback_reason"": ""all_singletons_failed"", ""phase"": ""pair_seed_fallback"", ""reused_existing_evaluation"": false}",2026-08-14T16:28:28.670825+00:00
direct_greedy,g_pair_seed_sweep_d01_d16,0,"1,16","[1, 16]",g_pair_seed_sweep_d01_d16,fallback exhaustive two-channel full-sequence seed sweep,"{""cardinality"": 2, ""fallback_reason"": ""all_singletons_failed"", ""phase"": ""pair_seed_fallback"", ""reused_existing_evaluation"": false}",2026-08-14T16:29:00.399279+00:00
direct_greedy,g_pair_seed_sweep_d01_d17,0,"1,17","[1, 17]",g_pair_seed_sweep_d01_d17,fallback exhaustive two-channel full-sequence seed sweep,"{""cardinality"": 2, ""fallback_reason"": ""all_singletons_failed"", ""phase"": ""pair_seed_fallback"", ""reused_existing_evaluation"": false}",2026-08-14T16:29:32.726313+00:00
direct_greedy,g_pair_seed_sweep_d01_d18,0,"1,18","[1, 18]",g_pair_seed_sweep_d01_d18,fallback exhaustive two-channel full-sequence seed sweep,"{""cardinality"": 2, ""fallback_reason"": ""all_singletons_failed"", ""phase"": ""pair_seed_fallback"", ""reused_existing_evaluation"": false}",2026-08-14T16:29:51.597222+00:00
direct_greedy,g_pair_seed_sweep_d01_d19,0,"1,19","[1, 19]",g_pair_seed_sweep_d01_d19,fallback exhaustive two-channel full-sequence seed sweep,"{""cardinality"": 2, ""fallback_reason"": ""all_singletons_failed"", ""phase"": ""pair_seed_fallback"", ""reused_existing_evaluation"": false}",2026-08-14T16:30:36.536576+00:00
direct_greedy,g_pair_seed_sweep_d01_d20,0,"1,20","[1, 20]",g_pair_seed_sweep_d01_d20,fallback exhaustive two-channel full-sequence seed sweep,"{""cardinality"": 2, ""fallback_reason"": ""all_singletons_failed"", ""phase"": ""pair_seed_fallback"", ""reused_existing_evaluation"": false}",2026-08-14T16:31:06.777174+00:00
direct_greedy,g_pair_seed_sweep_d01_d21,0,"1,21","[1, 21]",g_pair_seed_sweep_d01_d21,fallback exhaustive two-channel full-sequence seed sweep,"{""cardinality"": 2, ""fallback_reason"": ""all_singletons_failed"", ""phase"": ""pair_seed_fallback"", ""reused_existing_evaluation"": false}",2026-08-14T16:31:56.238534+00:00
direct_greedy,g_pair_seed_sweep_d01_d22,0,"1,22","[1, 22]",g_pair_seed_sweep_d01_d22,fallback exhaustive two-channel full-sequence seed sweep,"{""cardinality"": 2, ""fallback_reason"": ""all_singletons_failed"", ""phase"": ""pair_seed_fallback"", ""reused_existing_evaluation"": false}",2026-08-14T16:32:17.058784+00:00
direct_greedy,g_pair_seed_sweep_d01_d23,0,"1,23","[1, 23]",g_pair_seed_sweep_d01_d23,fallback exhaustive two-channel full-sequence seed sweep,"{""cardinality"": 2, ""fallback_reason"": ""all_singletons_failed"", ""phase"": ""pair_seed_fallback"", ""reused_existing_evaluation"": false}",2026-08-14T16:32:51.125943+00:00
direct_greedy,g_pair_seed_sweep_d01_d24,0,"1,24","[1, 24]",g_pair_seed_sweep_d01_d24,fallback exhaustive two-channel full-sequence seed sweep,"{""cardinality"": 2, ""fallback_reason"": ""all_singletons_failed"", ""phase"": ""pair_seed_fallback"", ""reused_existing_evaluation"": false}",2026-08-14T16:33:42.255448+00:00
direct_greedy,g_pair_seed_sweep_d01_d25,0,"1,25","[1, 25]",g_pair_seed_sweep_d01_d25,fallback exhaustive two-channel full-sequence seed sweep,"{""cardinality"": 2, ""fallback_reason"": ""all_singletons_failed"", ""phase"": ""pair_seed_fallback"", ""reused_existing_evaluation"": false}",2026-08-14T16:34:10.329644+00:00
direct_greedy,g_pair_seed_sweep_d01_d26,0,"1,26","[1, 26]",g_pair_seed_sweep_d01_d26,fallback exhaustive two-channel full-sequence seed sweep,"{""cardinality"": 2, ""fallback_reason"": ""all_singletons_failed"", ""phase"": ""pair_seed_fallback"", ""reused_existing_evaluation"": false}",2026-08-14T16:34:40.780264+00:00
direct_greedy,g_pair_seed_sweep_d01_d27,0,"1,27","[1, 27]",g_pair_seed_sweep_d01_d27,fallback exhaustive two-channel full-sequence seed sweep,"{""cardinality"": 2, ""fallback_reason"": ""all_singletons_failed"", ""phase"": ""pair_seed_fallback"", ""reused_existing_evaluation"": false}",2026-08-14T16:35:39.643758+00:00
direct_greedy,g_pair_seed_sweep_d01_d28,0,"1,28","[1, 28]",g_pair_seed_sweep_d01_d28,fallback exhaustive two-channel full-sequence seed sweep,"{""cardinality"": 2, ""fallback_reason"": ""all_singletons_failed"", ""phase"": ""pair_seed_fallback"", ""reused_existing_evaluation"": false}",2026-08-14T16:36:12.540122+00:00
direct_greedy,g_pair_seed_sweep_d01_d29,0,"1,29","[1, 29]",g_pair_seed_sweep_d01_d29,fallback exhaustive two-channel full-sequence seed sweep,"{""cardinality"": 2, ""fallback_reason"": ""all_singletons_failed"", ""phase"": ""pair_seed_fallback"", ""reused_existing_evaluation"": false}",2026-08-14T16:36:32.741565+00:00
direct_greedy,g_pair_seed_sweep_d01_d30,0,"1,30","[1, 30]",g_pair_seed_sweep_d01_d30,fallback exhaustive two-channel full-sequence seed sweep,"{""cardinality"": 2, ""fallback_reason"": ""all_singletons_failed"", ""phase"": ""pair_seed_fallback"", ""reused_existing_evaluation"": false}",2026-08-14T16:36:50.727015+00:00
direct_greedy,g_pair_seed_sweep_d01_d31,0,"1,31","[1, 31]",g_pair_seed_sweep_d01_d31,fallback exhaustive two-channel full-sequence seed sweep,"{""cardinality"": 2, ""fallback_reason"": ""all_singletons_failed"", ""phase"": ""pair_seed_fallback"", ""reused_existing_evaluation"": false}",2026-08-14T16:37:54.790327+00:00
direct_greedy,g_pair_seed_sweep_d02_d03,0,"2,3","[2, 3]",g_pair_seed_sweep_d02_d03,fallback exhaustive two-channel full-sequence seed sweep,"{""cardinality"": 2, ""fallback_reason"": ""all_singletons_failed"", ""phase"": ""pair_seed_fallback"", ""reused_existing_evaluation"": false}",2026-08-14T16:38:42.960217+00:00
direct_greedy,g_pair_seed_sweep_d02_d04,0,"2,4","[2, 4]",g_pair_seed_sweep_d02_d04,fallback exhaustive two-channel full-sequence seed sweep,"{""cardinality"": 2, ""fallback_reason"": ""all_singletons_failed"", ""phase"": ""pair_seed_fallback"", ""reused_existing_evaluation"": false}",2026-08-14T16:39:34.933101+00:00
direct_greedy,g_pair_seed_sweep_d02_d05,0,"2,5","[2, 5]",g_pair_seed_sweep_d02_d05,fallback exhaustive two-channel full-sequence seed sweep,"{""cardinality"": 2, ""fallback_reason"": ""all_singletons_failed"", ""phase"": ""pair_seed_fallback"", ""reused_existing_evaluation"": false}",2026-08-14T16:40:23.113881+00:00
direct_greedy,g_pair_seed_sweep_d02_d06,0,"2,6","[2, 6]",g_pair_seed_sweep_d02_d06,fallback exhaustive two-channel full-sequence seed sweep,"{""cardinality"": 2, ""fallback_reason"": ""all_singletons_failed"", ""phase"": ""pair_seed_fallback"", ""reused_existing_evaluation"": false}",2026-08-14T16:40:34.348175+00:00
direct_greedy,g_pair_seed_sweep_d02_d07,0,"2,7","[2, 7]",g_pair_seed_sweep_d02_d07,fallback exhaustive two-channel full-sequence seed sweep,"{""cardinality"": 2, ""fallback_reason"": ""all_singletons_failed"", ""phase"": ""pair_seed_fallback"", ""reused_existing_evaluation"": false}",2026-08-14T16:41:32.239291+00:00
direct_greedy,g_pair_seed_sweep_d02_d08,0,"2,8","[2, 8]",g_pair_seed_sweep_d02_d08,fallback exhaustive two-channel full-sequence seed sweep,"{""cardinality"": 2, ""fallback_reason"": ""all_singletons_failed"", ""phase"": ""pair_seed_fallback"", ""reused_existing_evaluation"": false}",2026-08-14T16:41:55.396654+00:00
direct_greedy,g_pair_seed_sweep_d02_d09,0,"2,9","[2, 9]",g_pair_seed_sweep_d02_d09,fallback exhaustive two-channel full-sequence seed sweep,"{""cardinality"": 2, ""fallback_reason"": ""all_singletons_failed"", ""phase"": ""pair_seed_fallback"", ""reused_existing_evaluation"": false}",2026-08-14T16:42:16.989415+00:00
direct_greedy,g_pair_seed_sweep_d02_d10,0,"2,10","[2, 10]",g_pair_seed_sweep_d02_d10,fallback exhaustive two-channel full-sequence seed sweep,"{""cardinality"": 2, ""fallback_reason"": ""all_singletons_failed"", ""phase"": ""pair_seed_fallback"", ""reused_existing_evaluation"": false}",2026-08-14T16:42:38.583887+00:00
direct_greedy,g_pair_seed_sweep_d02_d11,0,"2,11","[2, 11]",g_pair_seed_sweep_d02_d11,fallback exhaustive two-channel full-sequence seed sweep,"{""cardinality"": 2, ""fallback_reason"": ""all_singletons_failed"", ""phase"": ""pair_seed_fallback"", ""reused_existing_evaluation"": false}",2026-08-14T16:43:37.814615+00:00
direct_greedy,g_pair_seed_sweep_d02_d12,0,"2,12","[2, 12]",g_pair_seed_sweep_d02_d12,fallback exhaustive two-channel full-sequence seed sweep,"{""cardinality"": 2, ""fallback_reason"": ""all_singletons_failed"", ""phase"": ""pair_seed_fallback"", ""reused_existing_evaluation"": false}",2026-08-14T16:44:28.249845+00:00
direct_greedy,g_pair_seed_sweep_d02_d13,0,"2,13","[2, 13]",g_pair_seed_sweep_d02_d13,fallback exhaustive two-channel full-sequence seed sweep,"{""cardinality"": 2, ""fallback_reason"": ""all_singletons_failed"", ""phase"": ""pair_seed_fallback"", ""reused_existing_evaluation"": false}",2026-08-14T16:44:50.249546+00:00
direct_greedy,g_pair_seed_sweep_d02_d14,0,"2,14","[2, 14]",g_pair_seed_sweep_d02_d14,fallback exhaustive two-channel full-sequence seed sweep,"{""cardinality"": 2, ""fallback_reason"": ""all_singletons_failed"", ""phase"": ""pair_seed_fallback"", ""reused_existing_evaluation"": false}",2026-08-14T16:45:23.175292+00:00
direct_greedy,g_pair_seed_sweep_d02_d15,0,"2,15","[2, 15]",g_pair_seed_sweep_d02_d15,fallback exhaustive two-channel full-sequence seed sweep,"{""cardinality"": 2, ""fallback_reason"": ""all_singletons_failed"", ""phase"": ""pair_seed_fallback"", ""reused_existing_evaluation"": false}",2026-08-14T16:46:22.385127+00:00
direct_greedy,g_pair_seed_sweep_d02_d16,0,"2,16","[2, 16]",g_pair_seed_sweep_d02_d16,fallback exhaustive two-channel full-sequence seed sweep,"{""cardinality"": 2, ""fallback_reason"": ""all_singletons_failed"", ""phase"": ""pair_seed_fallback"", ""reused_existing_evaluation"": false}",2026-08-14T16:46:45.099627+00:00
direct_greedy,g_pair_seed_sweep_d02_d17,0,"2,17","[2, 17]",g_pair_seed_sweep_d02_d17,fallback exhaustive two-channel full-sequence seed sweep,"{""cardinality"": 2, ""fallback_reason"": ""all_singletons_failed"", ""phase"": ""pair_seed_fallback"", ""reused_existing_evaluation"": false}",2026-08-14T16:47:49.637792+00:00
direct_greedy,g_pair_seed_sweep_d02_d18,0,"2,18","[2, 18]",g_pair_seed_sweep_d02_d18,fallback exhaustive two-channel full-sequence seed sweep,"{""cardinality"": 2, ""fallback_reason"": ""all_singletons_failed"", ""phase"": ""pair_seed_fallback"", ""reused_existing_evaluation"": false}",2026-08-14T16:48:24.788829+00:00
direct_greedy,g_pair_seed_sweep_d02_d19,0,"2,19","[2, 19]",g_pair_seed_sweep_d02_d19,fallback exhaustive two-channel full-sequence seed sweep,"{""cardinality"": 2, ""fallback_reason"": ""all_singletons_failed"", ""phase"": ""pair_seed_fallback"", ""reused_existing_evaluation"": false}",2026-08-14T16:49:18.879486+00:00
direct_greedy,g_pair_seed_sweep_d02_d20,0,"2,20","[2, 20]",g_pair_seed_sweep_d02_d20,fallback exhaustive two-channel full-sequence seed sweep,"{""cardinality"": 2, ""fallback_reason"": ""all_singletons_failed"", ""phase"": ""pair_seed_fallback"", ""reused_existing_evaluation"": false}",2026-08-14T16:49:50.189126+00:00
direct_greedy,g_pair_seed_sweep_d02_d21,0,"2,21","[2, 21]",g_pair_seed_sweep_d02_d21,fallback exhaustive two-channel full-sequence seed sweep,"{""cardinality"": 2, ""fallback_reason"": ""all_singletons_failed"", ""phase"": ""pair_seed_fallback"", ""reused_existing_evaluation"": false}",2026-08-14T16:50:42.350102+00:00
direct_greedy,g_pair_seed_sweep_d02_d22,0,"2,22","[2, 22]",g_pair_seed_sweep_d02_d22,fallback exhaustive two-channel full-sequence seed sweep,"{""cardinality"": 2, ""fallback_reason"": ""all_singletons_failed"", ""phase"": ""pair_seed_fallback"", ""reused_existing_evaluation"": false}",2026-08-14T16:51:05.615830+00:00
direct_greedy,g_pair_seed_sweep_d02_d23,0,"2,23","[2, 23]",g_pair_seed_sweep_d02_d23,fallback exhaustive two-channel full-sequence seed sweep,"{""cardinality"": 2, ""fallback_reason"": ""all_singletons_failed"", ""phase"": ""pair_seed_fallback"", ""reused_existing_evaluation"": false}",2026-08-14T16:52:05.634580+00:00
direct_greedy,g_pair_seed_sweep_d02_d24,0,"2,24","[2, 24]",g_pair_seed_sweep_d02_d24,fallback exhaustive two-channel full-sequence seed sweep,"{""cardinality"": 2, ""fallback_reason"": ""all_singletons_failed"", ""phase"": ""pair_seed_fallback"", ""reused_existing_evaluation"": false}",2026-08-14T16:52:59.222407+00:00
direct_greedy,g_pair_seed_sweep_d02_d25,0,"2,25","[2, 25]",g_pair_seed_sweep_d02_d25,fallback exhaustive two-channel full-sequence seed sweep,"{""cardinality"": 2, ""fallback_reason"": ""all_singletons_failed"", ""phase"": ""pair_seed_fallback"", ""reused_existing_evaluation"": false}",2026-08-14T16:53:58.357142+00:00
direct_greedy,g_pair_seed_sweep_d02_d26,0,"2,26","[2, 26]",g_pair_seed_sweep_d02_d26,fallback exhaustive two-channel full-sequence seed sweep,"{""cardinality"": 2, ""fallback_reason"": ""all_singletons_failed"", ""phase"": ""pair_seed_fallback"", ""reused_existing_evaluation"": false}",2026-08-14T16:54:51.155485+00:00
direct_greedy,g_pair_seed_sweep_d02_d27,0,"2,27","[2, 27]",g_pair_seed_sweep_d02_d27,fallback exhaustive two-channel full-sequence seed sweep,"{""cardinality"": 2, ""fallback_reason"": ""all_singletons_failed"", ""phase"": ""pair_seed_fallback"", ""reused_existing_evaluation"": false}",2026-08-14T16:55:52.068810+00:00
direct_greedy,g_pair_seed_sweep_d02_d28,0,"2,28","[2, 28]",g_pair_seed_sweep_d02_d28,fallback exhaustive two-channel full-sequence seed sweep,"{""cardinality"": 2, ""fallback_reason"": ""all_singletons_failed"", ""phase"": ""pair_seed_fallback"", ""reused_existing_evaluation"": false}",2026-08-14T16:56:24.079203+00:00
direct_greedy,g_pair_seed_sweep_d02_d29,0,"2,29","[2, 29]",g_pair_seed_sweep_d02_d29,fallback exhaustive two-channel full-sequence seed sweep,"{""cardinality"": 2, ""fallback_reason"": ""all_singletons_failed"", ""phase"": ""pair_seed_fallback"", ""reused_existing_evaluation"": false}",2026-08-14T16:57:23.348265+00:00
direct_greedy,g_pair_seed_sweep_d02_d30,0,"2,30","[2, 30]",g_pair_seed_sweep_d02_d30,fallback exhaustive two-channel full-sequence seed sweep,"{""cardinality"": 2, ""fallback_reason"": ""all_singletons_failed"", ""phase"": ""pair_seed_fallback"", ""reused_existing_evaluation"": false}",2026-08-14T16:57:44.983175+00:00
direct_greedy,g_pair_seed_sweep_d02_d31,0,"2,31","[2, 31]",g_pair_seed_sweep_d02_d31,fallback exhaustive two-channel full-sequence seed sweep,"{""cardinality"": 2, ""fallback_reason"": ""all_singletons_failed"", ""phase"": ""pair_seed_fallback"", ""reused_existing_evaluation"": false}",2026-08-14T16:58:38.107312+00:00
direct_greedy,g_pair_seed_sweep_d03_d04,0,"3,4","[3, 4]",g_pair_seed_sweep_d03_d04,fallback exhaustive two-channel full-sequence seed sweep,"{""cardinality"": 2, ""fallback_reason"": ""all_singletons_failed"", ""phase"": ""pair_seed_fallback"", ""reused_existing_evaluation"": false}",2026-08-14T16:59:26.277550+00:00
direct_greedy,g_pair_seed_sweep_d03_d05,0,"3,5","[3, 5]",g_pair_seed_sweep_d03_d05,fallback exhaustive two-channel full-sequence seed sweep,"{""cardinality"": 2, ""fallback_reason"": ""all_singletons_failed"", ""phase"": ""pair_seed_fallback"", ""reused_existing_evaluation"": false}",2026-08-14T17:00:13.257554+00:00
direct_greedy,g_pair_seed_sweep_d03_d06,0,"3,6","[3, 6]",g_pair_seed_sweep_d03_d06,fallback exhaustive two-channel full-sequence seed sweep,"{""cardinality"": 2, ""fallback_reason"": ""all_singletons_failed"", ""phase"": ""pair_seed_fallback"", ""reused_existing_evaluation"": false}",2026-08-14T17:01:00.844547+00:00
direct_greedy,g_pair_seed_sweep_d03_d07,0,"3,7","[3, 7]",g_pair_seed_sweep_d03_d07,fallback exhaustive two-channel full-sequence seed sweep,"{""cardinality"": 2, ""fallback_reason"": ""all_singletons_failed"", ""phase"": ""pair_seed_fallback"", ""reused_existing_evaluation"": false}",2026-08-14T17:01:50.066426+00:00
direct_greedy,g_pair_seed_sweep_d03_d08,0,"3,8","[3, 8]",g_pair_seed_sweep_d03_d08,fallback exhaustive two-channel full-sequence seed sweep,"{""cardinality"": 2, ""fallback_reason"": ""all_singletons_failed"", ""phase"": ""pair_seed_fallback"", ""reused_existing_evaluation"": false}",2026-08-14T17:02:37.173932+00:00
direct_greedy,g_pair_seed_sweep_d03_d09,0,"3,9","[3, 9]",g_pair_seed_sweep_d03_d09,fallback exhaustive two-channel full-sequence seed sweep,"{""cardinality"": 2, ""fallback_reason"": ""all_singletons_failed"", ""phase"": ""pair_seed_fallback"", ""reused_existing_evaluation"": false}",2026-08-14T17:03:26.432433+00:00
direct_greedy,g_pair_seed_sweep_d03_d10,0,"3,10","[3, 10]",g_pair_seed_sweep_d03_d10,fallback exhaustive two-channel full-sequence seed sweep,"{""cardinality"": 2, ""fallback_reason"": ""all_singletons_failed"", ""phase"": ""pair_seed_fallback"", ""reused_existing_evaluation"": false}",2026-08-14T17:04:13.921554+00:00
direct_greedy,g_pair_seed_sweep_d03_d11,0,"3,11","[3, 11]",g_pair_seed_sweep_d03_d11,fallback exhaustive two-channel full-sequence seed sweep,"{""cardinality"": 2, ""fallback_reason"": ""all_singletons_failed"", ""phase"": ""pair_seed_fallback"", ""reused_existing_evaluation"": false}",2026-08-14T17:05:00.685536+00:00
direct_greedy,g_pair_seed_sweep_d03_d12,0,"3,12","[3, 12]",g_pair_seed_sweep_d03_d12,fallback exhaustive two-channel full-sequence seed sweep,"{""cardinality"": 2, ""fallback_reason"": ""all_singletons_failed"", ""phase"": ""pair_seed_fallback"", ""reused_existing_evaluation"": false}",2026-08-14T17:05:48.186814+00:00
direct_greedy,g_pair_seed_sweep_d03_d13,0,"3,13","[3, 13]",g_pair_seed_sweep_d03_d13,fallback exhaustive two-channel full-sequence seed sweep,"{""cardinality"": 2, ""fallback_reason"": ""all_singletons_failed"", ""phase"": ""pair_seed_fallback"", ""reused_existing_evaluation"": false}",2026-08-14T17:06:35.985685+00:00
direct_greedy,g_pair_seed_sweep_d03_d14,0,"3,14","[3, 14]",g_pair_seed_sweep_d03_d14,fallback exhaustive two-channel full-sequence seed sweep,"{""cardinality"": 2, ""fallback_reason"": ""all_singletons_failed"", ""phase"": ""pair_seed_fallback"", ""reused_existing_evaluation"": false}",2026-08-14T17:07:23.611352+00:00
direct_greedy,g_pair_seed_sweep_d03_d15,0,"3,15","[3, 15]",g_pair_seed_sweep_d03_d15,fallback exhaustive two-channel full-sequence seed sweep,"{""cardinality"": 2, ""fallback_reason"": ""all_singletons_failed"", ""phase"": ""pair_seed_fallback"", ""reused_existing_evaluation"": false}",2026-08-14T17:08:10.851622+00:00
direct_greedy,g_pair_seed_sweep_d03_d16,0,"3,16","[3, 16]",g_pair_seed_sweep_d03_d16,fallback exhaustive two-channel full-sequence seed sweep,"{""cardinality"": 2, ""fallback_reason"": ""all_singletons_failed"", ""phase"": ""pair_seed_fallback"", ""reused_existing_evaluation"": false}",2026-08-14T17:08:58.544458+00:00
direct_greedy,g_pair_seed_sweep_d03_d17,0,"3,17","[3, 17]",g_pair_seed_sweep_d03_d17,fallback exhaustive two-channel full-sequence seed sweep,"{""cardinality"": 2, ""fallback_reason"": ""all_singletons_failed"", ""phase"": ""pair_seed_fallback"", ""reused_existing_evaluation"": false}",2026-08-14T17:09:45.333813+00:00
direct_greedy,g_pair_seed_sweep_d03_d18,0,"3,18","[3, 18]",g_pair_seed_sweep_d03_d18,fallback exhaustive two-channel full-sequence seed sweep,"{""cardinality"": 2, ""fallback_reason"": ""all_singletons_failed"", ""phase"": ""pair_seed_fallback"", ""reused_existing_evaluation"": false}",2026-08-14T17:10:32.310816+00:00
direct_greedy,g_pair_seed_sweep_d03_d19,0,"3,19","[3, 19]",g_pair_seed_sweep_d03_d19,fallback exhaustive two-channel full-sequence seed sweep,"{""cardinality"": 2, ""fallback_reason"": ""all_singletons_failed"", ""phase"": ""pair_seed_fallback"", ""reused_existing_evaluation"": false}",2026-08-14T17:11:19.420585+00:00
direct_greedy,g_pair_seed_sweep_d03_d20,0,"3,20","[3, 20]",g_pair_seed_sweep_d03_d20,fallback exhaustive two-channel full-sequence seed sweep,"{""cardinality"": 2, ""fallback_reason"": ""all_singletons_failed"", ""phase"": ""pair_seed_fallback"", ""reused_existing_evaluation"": false}",2026-08-14T17:12:05.746036+00:00
direct_greedy,g_pair_seed_sweep_d03_d21,0,"3,21","[3, 21]",g_pair_seed_sweep_d03_d21,fallback exhaustive two-channel full-sequence seed sweep,"{""cardinality"": 2, ""fallback_reason"": ""all_singletons_failed"", ""phase"": ""pair_seed_fallback"", ""reused_existing_evaluation"": false}",2026-08-14T17:12:53.294363+00:00
direct_greedy,g_pair_seed_sweep_d03_d22,0,"3,22","[3, 22]",g_pair_seed_sweep_d03_d22,fallback exhaustive two-channel full-sequence seed sweep,"{""cardinality"": 2, ""fallback_reason"": ""all_singletons_failed"", ""phase"": ""pair_seed_fallback"", ""reused_existing_evaluation"": false}",2026-08-14T17:13:41.045428+00:00
direct_greedy,g_pair_seed_sweep_d03_d23,0,"3,23","[3, 23]",g_pair_seed_sweep_d03_d23,fallback exhaustive two-channel full-sequence seed sweep,"{""cardinality"": 2, ""fallback_reason"": ""all_singletons_failed"", ""phase"": ""pair_seed_fallback"", ""reused_existing_evaluation"": false}",2026-08-14T17:14:27.454227+00:00
direct_greedy,g_pair_seed_sweep_d03_d24,0,"3,24","[3, 24]",g_pair_seed_sweep_d03_d24,fallback exhaustive two-channel full-sequence seed sweep,"{""cardinality"": 2, ""fallback_reason"": ""all_singletons_failed"", ""phase"": ""pair_seed_fallback"", ""reused_existing_evaluation"": false}",2026-08-14T17:15:16.020975+00:00
direct_greedy,g_pair_seed_sweep_d03_d25,0,"3,25","[3, 25]",g_pair_seed_sweep_d03_d25,fallback exhaustive two-channel full-sequence seed sweep,"{""cardinality"": 2, ""fallback_reason"": ""all_singletons_failed"", ""phase"": ""pair_seed_fallback"", ""reused_existing_evaluation"": false}",2026-08-14T17:16:03.106565+00:00
direct_greedy,g_pair_seed_sweep_d03_d26,0,"3,26","[3, 26]",g_pair_seed_sweep_d03_d26,fallback exhaustive two-channel full-sequence seed sweep,"{""cardinality"": 2, ""fallback_reason"": ""all_singletons_failed"", ""phase"": ""pair_seed_fallback"", ""reused_existing_evaluation"": false}",2026-08-14T17:16:50.398589+00:00
direct_greedy,g_pair_seed_sweep_d03_d27,0,"3,27","[3, 27]",g_pair_seed_sweep_d03_d27,fallback exhaustive two-channel full-sequence seed sweep,"{""cardinality"": 2, ""fallback_reason"": ""all_singletons_failed"", ""phase"": ""pair_seed_fallback"", ""reused_existing_evaluation"": false}",2026-08-14T17:17:37.325393+00:00
direct_greedy,g_pair_seed_sweep_d03_d28,0,"3,28","[3, 28]",g_pair_seed_sweep_d03_d28,fallback exhaustive two-channel full-sequence seed sweep,"{""cardinality"": 2, ""fallback_reason"": ""all_singletons_failed"", ""phase"": ""pair_seed_fallback"", ""reused_existing_evaluation"": false}",2026-08-14T17:18:27.777591+00:00
direct_greedy,g_pair_seed_sweep_d03_d29,0,"3,29","[3, 29]",g_pair_seed_sweep_d03_d29,fallback exhaustive two-channel full-sequence seed sweep,"{""cardinality"": 2, ""fallback_reason"": ""all_singletons_failed"", ""phase"": ""pair_seed_fallback"", ""reused_existing_evaluation"": false}",2026-08-14T17:19:14.545794+00:00
direct_greedy,g_pair_seed_sweep_d03_d30,0,"3,30","[3, 30]",g_pair_seed_sweep_d03_d30,fallback exhaustive two-channel full-sequence seed sweep,"{""cardinality"": 2, ""fallback_reason"": ""all_singletons_failed"", ""phase"": ""pair_seed_fallback"", ""reused_existing_evaluation"": false}",2026-08-14T17:20:00.949785+00:00
direct_greedy,g_pair_seed_sweep_d03_d31,0,"3,31","[3, 31]",g_pair_seed_sweep_d03_d31,fallback exhaustive two-channel full-sequence seed sweep,"{""cardinality"": 2, ""fallback_reason"": ""all_singletons_failed"", ""phase"": ""pair_seed_fallback"", ""reused_existing_evaluation"": false}",2026-08-14T17:20:50.375882+00:00
direct_greedy,g_pair_seed_sweep_d04_d05,0,"4,5","[4, 5]",g_pair_seed_sweep_d04_d05,fallback exhaustive two-channel full-sequence seed sweep,"{""cardinality"": 2, ""fallback_reason"": ""all_singletons_failed"", ""phase"": ""pair_seed_fallback"", ""reused_existing_evaluation"": false}",2026-08-14T17:21:40.187348+00:00
direct_greedy,g_pair_seed_sweep_d04_d06,0,"4,6","[4, 6]",g_pair_seed_sweep_d04_d06,fallback exhaustive two-channel full-sequence seed sweep,"{""cardinality"": 2, ""fallback_reason"": ""all_singletons_failed"", ""phase"": ""pair_seed_fallback"", ""reused_existing_evaluation"": false}",2026-08-14T17:22:30.220762+00:00
direct_greedy,g_pair_seed_sweep_d04_d07,0,"4,7","[4, 7]",g_pair_seed_sweep_d04_d07,fallback exhaustive two-channel full-sequence seed sweep,"{""cardinality"": 2, ""fallback_reason"": ""all_singletons_failed"", ""phase"": ""pair_seed_fallback"", ""reused_existing_evaluation"": false}",2026-08-14T17:23:21.173344+00:00
direct_greedy,g_pair_seed_sweep_d04_d08,0,"4,8","[4, 8]",g_pair_seed_sweep_d04_d08,fallback exhaustive two-channel full-sequence seed sweep,"{""cardinality"": 2, ""fallback_reason"": ""all_singletons_failed"", ""phase"": ""pair_seed_fallback"", ""reused_existing_evaluation"": false}",2026-08-14T17:24:11.088126+00:00
direct_greedy,g_pair_seed_sweep_d04_d09,0,"4,9","[4, 9]",g_pair_seed_sweep_d04_d09,fallback exhaustive two-channel full-sequence seed sweep,"{""cardinality"": 2, ""fallback_reason"": ""all_singletons_failed"", ""phase"": ""pair_seed_fallback"", ""reused_existing_evaluation"": false}",2026-08-14T17:25:03.359417+00:00
direct_greedy,g_pair_seed_sweep_d04_d10,0,"4,10","[4, 10]",g_pair_seed_sweep_d04_d10,fallback exhaustive two-channel full-sequence seed sweep,"{""cardinality"": 2, ""fallback_reason"": ""all_singletons_failed"", ""phase"": ""pair_seed_fallback"", ""reused_existing_evaluation"": false}",2026-08-14T17:25:53.393247+00:00
direct_greedy,g_pair_seed_sweep_d04_d11,0,"4,11","[4, 11]",g_pair_seed_sweep_d04_d11,fallback exhaustive two-channel full-sequence seed sweep,"{""cardinality"": 2, ""fallback_reason"": ""all_singletons_failed"", ""phase"": ""pair_seed_fallback"", ""reused_existing_evaluation"": false}",2026-08-14T17:26:42.792955+00:00
direct_greedy,g_pair_seed_sweep_d04_d12,0,"4,12","[4, 12]",g_pair_seed_sweep_d04_d12,fallback exhaustive two-channel full-sequence seed sweep,"{""cardinality"": 2, ""fallback_reason"": ""all_singletons_failed"", ""phase"": ""pair_seed_fallback"", ""reused_existing_evaluation"": false}",2026-08-14T17:27:32.388822+00:00
direct_greedy,g_pair_seed_sweep_d04_d13,0,"4,13","[4, 13]",g_pair_seed_sweep_d04_d13,fallback exhaustive two-channel full-sequence seed sweep,"{""cardinality"": 2, ""fallback_reason"": ""all_singletons_failed"", ""phase"": ""pair_seed_fallback"", ""reused_existing_evaluation"": false}",2026-08-14T17:28:22.103524+00:00
direct_greedy,g_pair_seed_sweep_d04_d14,0,"4,14","[4, 14]",g_pair_seed_sweep_d04_d14,fallback exhaustive two-channel full-sequence seed sweep,"{""cardinality"": 2, ""fallback_reason"": ""all_singletons_failed"", ""phase"": ""pair_seed_fallback"", ""reused_existing_evaluation"": false}",2026-08-14T17:29:12.699990+00:00
direct_greedy,g_pair_seed_sweep_d04_d15,0,"4,15","[4, 15]",g_pair_seed_sweep_d04_d15,fallback exhaustive two-channel full-sequence seed sweep,"{""cardinality"": 2, ""fallback_reason"": ""all_singletons_failed"", ""phase"": ""pair_seed_fallback"", ""reused_existing_evaluation"": false}",2026-08-14T17:30:02.288089+00:00
direct_greedy,g_pair_seed_sweep_d04_d16,0,"4,16","[4, 16]",g_pair_seed_sweep_d04_d16,fallback exhaustive two-channel full-sequence seed sweep,"{""cardinality"": 2, ""fallback_reason"": ""all_singletons_failed"", ""phase"": ""pair_seed_fallback"", ""reused_existing_evaluation"": false}",2026-08-14T17:30:53.040119+00:00
direct_greedy,g_pair_seed_sweep_d04_d17,0,"4,17","[4, 17]",g_pair_seed_sweep_d04_d17,fallback exhaustive two-channel full-sequence seed sweep,"{""cardinality"": 2, ""fallback_reason"": ""all_singletons_failed"", ""phase"": ""pair_seed_fallback"", ""reused_existing_evaluation"": false}",2026-08-14T17:31:43.132361+00:00
direct_greedy,g_pair_seed_sweep_d04_d18,0,"4,18","[4, 18]",g_pair_seed_sweep_d04_d18,fallback exhaustive two-channel full-sequence seed sweep,"{""cardinality"": 2, ""fallback_reason"": ""all_singletons_failed"", ""phase"": ""pair_seed_fallback"", ""reused_existing_evaluation"": false}",2026-08-14T17:32:33.035651+00:00
direct_greedy,g_pair_seed_sweep_d04_d19,0,"4,19","[4, 19]",g_pair_seed_sweep_d04_d19,fallback exhaustive two-channel full-sequence seed sweep,"{""cardinality"": 2, ""fallback_reason"": ""all_singletons_failed"", ""phase"": ""pair_seed_fallback"", ""reused_existing_evaluation"": false}",2026-08-14T17:32:56.619031+00:00
direct_greedy,g_pair_seed_sweep_d04_d20,0,"4,20","[4, 20]",g_pair_seed_sweep_d04_d20,fallback exhaustive two-channel full-sequence seed sweep,"{""cardinality"": 2, ""fallback_reason"": ""all_singletons_failed"", ""phase"": ""pair_seed_fallback"", ""reused_existing_evaluation"": false}",2026-08-14T17:33:45.628076+00:00
direct_greedy,g_pair_seed_sweep_d04_d21,0,"4,21","[4, 21]",g_pair_seed_sweep_d04_d21,fallback exhaustive two-channel full-sequence seed sweep,"{""cardinality"": 2, ""fallback_reason"": ""all_singletons_failed"", ""phase"": ""pair_seed_fallback"", ""reused_existing_evaluation"": false}",2026-08-14T17:34:11.454170+00:00
direct_greedy,g_pair_seed_sweep_d04_d22,0,"4,22","[4, 22]",g_pair_seed_sweep_d04_d22,fallback exhaustive two-channel full-sequence seed sweep,"{""cardinality"": 2, ""fallback_reason"": ""all_singletons_failed"", ""phase"": ""pair_seed_fallback"", ""reused_existing_evaluation"": false}",2026-08-14T17:35:01.524517+00:00
direct_greedy,g_pair_seed_sweep_d04_d23,0,"4,23","[4, 23]",g_pair_seed_sweep_d04_d23,fallback exhaustive two-channel full-sequence seed sweep,"{""cardinality"": 2, ""fallback_reason"": ""all_singletons_failed"", ""phase"": ""pair_seed_fallback"", ""reused_existing_evaluation"": false}",2026-08-14T17:35:51.364218+00:00
direct_greedy,g_pair_seed_sweep_d04_d24,0,"4,24","[4, 24]",g_pair_seed_sweep_d04_d24,fallback exhaustive two-channel full-sequence seed sweep,"{""cardinality"": 2, ""fallback_reason"": ""all_singletons_failed"", ""phase"": ""pair_seed_fallback"", ""reused_existing_evaluation"": false}",2026-08-14T17:36:36.466819+00:00
direct_greedy,g_pair_seed_sweep_d04_d25,0,"4,25","[4, 25]",g_pair_seed_sweep_d04_d25,fallback exhaustive two-channel full-sequence seed sweep,"{""cardinality"": 2, ""fallback_reason"": ""all_singletons_failed"", ""phase"": ""pair_seed_fallback"", ""reused_existing_evaluation"": false}",2026-08-14T17:37:25.987505+00:00
direct_greedy,g_pair_seed_sweep_d04_d26,0,"4,26","[4, 26]",g_pair_seed_sweep_d04_d26,fallback exhaustive two-channel full-sequence seed sweep,"{""cardinality"": 2, ""fallback_reason"": ""all_singletons_failed"", ""phase"": ""pair_seed_fallback"", ""reused_existing_evaluation"": false}",2026-08-14T17:38:15.929419+00:00
direct_greedy,g_pair_seed_sweep_d04_d27,0,"4,27","[4, 27]",g_pair_seed_sweep_d04_d27,fallback exhaustive two-channel full-sequence seed sweep,"{""cardinality"": 2, ""fallback_reason"": ""all_singletons_failed"", ""phase"": ""pair_seed_fallback"", ""reused_existing_evaluation"": false}",2026-08-14T17:39:05.378463+00:00
direct_greedy,g_pair_seed_sweep_d04_d28,0,"4,28","[4, 28]",g_pair_seed_sweep_d04_d28,fallback exhaustive two-channel full-sequence seed sweep,"{""cardinality"": 2, ""fallback_reason"": ""all_singletons_failed"", ""phase"": ""pair_seed_fallback"", ""reused_existing_evaluation"": false}",2026-08-14T17:39:58.430282+00:00
direct_greedy,g_pair_seed_sweep_d04_d29,0,"4,29","[4, 29]",g_pair_seed_sweep_d04_d29,fallback exhaustive two-channel full-sequence seed sweep,"{""cardinality"": 2, ""fallback_reason"": ""all_singletons_failed"", ""phase"": ""pair_seed_fallback"", ""reused_existing_evaluation"": false}",2026-08-14T17:40:47.979286+00:00
direct_greedy,g_pair_seed_sweep_d04_d30,0,"4,30","[4, 30]",g_pair_seed_sweep_d04_d30,fallback exhaustive two-channel full-sequence seed sweep,"{""cardinality"": 2, ""fallback_reason"": ""all_singletons_failed"", ""phase"": ""pair_seed_fallback"", ""reused_existing_evaluation"": false}",2026-08-14T17:41:37.075829+00:00
direct_greedy,g_pair_seed_sweep_d04_d31,0,"4,31","[4, 31]",g_pair_seed_sweep_d04_d31,fallback exhaustive two-channel full-sequence seed sweep,"{""cardinality"": 2, ""fallback_reason"": ""all_singletons_failed"", ""phase"": ""pair_seed_fallback"", ""reused_existing_evaluation"": false}",2026-08-14T17:42:28.618382+00:00
direct_greedy,g_pair_seed_sweep_d05_d06,0,"5,6","[5, 6]",g_pair_seed_sweep_d05_d06,fallback exhaustive two-channel full-sequence seed sweep,"{""cardinality"": 2, ""fallback_reason"": ""all_singletons_failed"", ""phase"": ""pair_seed_fallback"", ""reused_existing_evaluation"": false}",2026-08-14T17:43:16.736027+00:00
direct_greedy,g_pair_seed_sweep_d05_d07,0,"5,7","[5, 7]",g_pair_seed_sweep_d05_d07,fallback exhaustive two-channel full-sequence seed sweep,"{""cardinality"": 2, ""fallback_reason"": ""all_singletons_failed"", ""phase"": ""pair_seed_fallback"", ""reused_existing_evaluation"": false}",2026-08-14T17:44:08.492759+00:00
direct_greedy,g_pair_seed_sweep_d05_d08,0,"5,8","[5, 8]",g_pair_seed_sweep_d05_d08,fallback exhaustive two-channel full-sequence seed sweep,"{""cardinality"": 2, ""fallback_reason"": ""all_singletons_failed"", ""phase"": ""pair_seed_fallback"", ""reused_existing_evaluation"": false}",2026-08-14T17:44:56.494401+00:00
direct_greedy,g_pair_seed_sweep_d05_d09,0,"5,9","[5, 9]",g_pair_seed_sweep_d05_d09,fallback exhaustive two-channel full-sequence seed sweep,"{""cardinality"": 2, ""fallback_reason"": ""all_singletons_failed"", ""phase"": ""pair_seed_fallback"", ""reused_existing_evaluation"": false}",2026-08-14T17:45:46.388210+00:00
direct_greedy,g_pair_seed_sweep_d05_d10,0,"5,10","[5, 10]",g_pair_seed_sweep_d05_d10,fallback exhaustive two-channel full-sequence seed sweep,"{""cardinality"": 2, ""fallback_reason"": ""all_singletons_failed"", ""phase"": ""pair_seed_fallback"", ""reused_existing_evaluation"": false}",2026-08-14T17:46:33.771910+00:00
direct_greedy,g_pair_seed_sweep_d05_d11,0,"5,11","[5, 11]",g_pair_seed_sweep_d05_d11,fallback exhaustive two-channel full-sequence seed sweep,"{""cardinality"": 2, ""fallback_reason"": ""all_singletons_failed"", ""phase"": ""pair_seed_fallback"", ""reused_existing_evaluation"": false}",2026-08-14T17:47:21.710243+00:00
direct_greedy,g_pair_seed_sweep_d05_d12,0,"5,12","[5, 12]",g_pair_seed_sweep_d05_d12,fallback exhaustive two-channel full-sequence seed sweep,"{""cardinality"": 2, ""fallback_reason"": ""all_singletons_failed"", ""phase"": ""pair_seed_fallback"", ""reused_existing_evaluation"": false}",2026-08-14T17:48:02.458578+00:00
direct_greedy,g_pair_seed_sweep_d05_d13,0,"5,13","[5, 13]",g_pair_seed_sweep_d05_d13,fallback exhaustive two-channel full-sequence seed sweep,"{""cardinality"": 2, ""fallback_reason"": ""all_singletons_failed"", ""phase"": ""pair_seed_fallback"", ""reused_existing_evaluation"": false}",2026-08-14T17:48:51.263078+00:00
direct_greedy,g_pair_seed_sweep_d05_d14,0,"5,14","[5, 14]",g_pair_seed_sweep_d05_d14,fallback exhaustive two-channel full-sequence seed sweep,"{""cardinality"": 2, ""fallback_reason"": ""all_singletons_failed"", ""phase"": ""pair_seed_fallback"", ""reused_existing_evaluation"": false}",2026-08-14T17:49:39.278858+00:00
direct_greedy,g_pair_seed_sweep_d05_d15,0,"5,15","[5, 15]",g_pair_seed_sweep_d05_d15,fallback exhaustive two-channel full-sequence seed sweep,"{""cardinality"": 2, ""fallback_reason"": ""all_singletons_failed"", ""phase"": ""pair_seed_fallback"", ""reused_existing_evaluation"": false}",2026-08-14T17:50:26.891131+00:00
direct_greedy,g_pair_seed_sweep_d05_d16,0,"5,16","[5, 16]",g_pair_seed_sweep_d05_d16,fallback exhaustive two-channel full-sequence seed sweep,"{""cardinality"": 2, ""fallback_reason"": ""all_singletons_failed"", ""phase"": ""pair_seed_fallback"", ""reused_existing_evaluation"": false}",2026-08-14T17:51:15.164115+00:00
direct_greedy,g_pair_seed_sweep_d05_d17,0,"5,17","[5, 17]",g_pair_seed_sweep_d05_d17,fallback exhaustive two-channel full-sequence seed sweep,"{""cardinality"": 2, ""fallback_reason"": ""all_singletons_failed"", ""phase"": ""pair_seed_fallback"", ""reused_existing_evaluation"": false}",2026-08-14T17:52:02.693202+00:00
direct_greedy,g_pair_seed_sweep_d05_d18,0,"5,18","[5, 18]",g_pair_seed_sweep_d05_d18,fallback exhaustive two-channel full-sequence seed sweep,"{""cardinality"": 2, ""fallback_reason"": ""all_singletons_failed"", ""phase"": ""pair_seed_fallback"", ""reused_existing_evaluation"": false}",2026-08-14T17:52:49.928625+00:00
direct_greedy,g_pair_seed_sweep_d05_d19,0,"5,19","[5, 19]",g_pair_seed_sweep_d05_d19,fallback exhaustive two-channel full-sequence seed sweep,"{""cardinality"": 2, ""fallback_reason"": ""all_singletons_failed"", ""phase"": ""pair_seed_fallback"", ""reused_existing_evaluation"": false}",2026-08-14T17:53:14.870218+00:00
direct_greedy,g_pair_seed_sweep_d05_d20,0,"5,20","[5, 20]",g_pair_seed_sweep_d05_d20,fallback exhaustive two-channel full-sequence seed sweep,"{""cardinality"": 2, ""fallback_reason"": ""all_singletons_failed"", ""phase"": ""pair_seed_fallback"", ""reused_existing_evaluation"": false}",2026-08-14T17:54:02.434932+00:00
direct_greedy,g_pair_seed_sweep_d05_d21,0,"5,21","[5, 21]",g_pair_seed_sweep_d05_d21,fallback exhaustive two-channel full-sequence seed sweep,"{""cardinality"": 2, ""fallback_reason"": ""all_singletons_failed"", ""phase"": ""pair_seed_fallback"", ""reused_existing_evaluation"": false}",2026-08-14T17:54:25.881598+00:00
direct_greedy,g_pair_seed_sweep_d05_d22,0,"5,22","[5, 22]",g_pair_seed_sweep_d05_d22,fallback exhaustive two-channel full-sequence seed sweep,"{""cardinality"": 2, ""fallback_reason"": ""all_singletons_failed"", ""phase"": ""pair_seed_fallback"", ""reused_existing_evaluation"": false}",2026-08-14T17:55:13.855230+00:00
direct_greedy,g_pair_seed_sweep_d05_d23,0,"5,23","[5, 23]",g_pair_seed_sweep_d05_d23,fallback exhaustive two-channel full-sequence seed sweep,"{""cardinality"": 2, ""fallback_reason"": ""all_singletons_failed"", ""phase"": ""pair_seed_fallback"", ""reused_existing_evaluation"": false}",2026-08-14T17:56:02.169629+00:00
direct_greedy,g_pair_seed_sweep_d05_d24,0,"5,24","[5, 24]",g_pair_seed_sweep_d05_d24,fallback exhaustive two-channel full-sequence seed sweep,"{""cardinality"": 2, ""fallback_reason"": ""all_singletons_failed"", ""phase"": ""pair_seed_fallback"", ""reused_existing_evaluation"": false}",2026-08-14T17:56:50.575707+00:00
direct_greedy,g_pair_seed_sweep_d05_d25,0,"5,25","[5, 25]",g_pair_seed_sweep_d05_d25,fallback exhaustive two-channel full-sequence seed sweep,"{""cardinality"": 2, ""fallback_reason"": ""all_singletons_failed"", ""phase"": ""pair_seed_fallback"", ""reused_existing_evaluation"": false}",2026-08-14T17:57:39.069967+00:00
direct_greedy,g_pair_seed_sweep_d05_d26,0,"5,26","[5, 26]",g_pair_seed_sweep_d05_d26,fallback exhaustive two-channel full-sequence seed sweep,"{""cardinality"": 2, ""fallback_reason"": ""all_singletons_failed"", ""phase"": ""pair_seed_fallback"", ""reused_existing_evaluation"": false}",2026-08-14T17:58:27.421649+00:00
direct_greedy,g_pair_seed_sweep_d05_d27,0,"5,27","[5, 27]",g_pair_seed_sweep_d05_d27,fallback exhaustive two-channel full-sequence seed sweep,"{""cardinality"": 2, ""fallback_reason"": ""all_singletons_failed"", ""phase"": ""pair_seed_fallback"", ""reused_existing_evaluation"": false}",2026-08-14T17:59:14.805660+00:00
direct_greedy,g_pair_seed_sweep_d05_d28,0,"5,28","[5, 28]",g_pair_seed_sweep_d05_d28,fallback exhaustive two-channel full-sequence seed sweep,"{""cardinality"": 2, ""fallback_reason"": ""all_singletons_failed"", ""phase"": ""pair_seed_fallback"", ""reused_existing_evaluation"": false}",2026-08-14T18:00:04.912099+00:00
direct_greedy,g_pair_seed_sweep_d05_d29,0,"5,29","[5, 29]",g_pair_seed_sweep_d05_d29,fallback exhaustive two-channel full-sequence seed sweep,"{""cardinality"": 2, ""fallback_reason"": ""all_singletons_failed"", ""phase"": ""pair_seed_fallback"", ""reused_existing_evaluation"": false}",2026-08-14T18:00:52.006128+00:00
direct_greedy,g_pair_seed_sweep_d05_d30,0,"5,30","[5, 30]",g_pair_seed_sweep_d05_d30,fallback exhaustive two-channel full-sequence seed sweep,"{""cardinality"": 2, ""fallback_reason"": ""all_singletons_failed"", ""phase"": ""pair_seed_fallback"", ""reused_existing_evaluation"": false}",2026-08-14T18:01:39.388199+00:00
direct_greedy,g_pair_seed_sweep_d05_d31,0,"5,31","[5, 31]",g_pair_seed_sweep_d05_d31,fallback exhaustive two-channel full-sequence seed sweep,"{""cardinality"": 2, ""fallback_reason"": ""all_singletons_failed"", ""phase"": ""pair_seed_fallback"", ""reused_existing_evaluation"": false}",2026-08-14T18:02:28.686139+00:00
direct_greedy,g_pair_seed_sweep_d06_d07,0,"6,7","[6, 7]",g_pair_seed_sweep_d06_d07,fallback exhaustive two-channel full-sequence seed sweep,"{""cardinality"": 2, ""fallback_reason"": ""all_singletons_failed"", ""phase"": ""pair_seed_fallback"", ""reused_existing_evaluation"": false}",2026-08-14T18:03:24.050686+00:00
direct_greedy,g_pair_seed_sweep_d06_d08,0,"6,8","[6, 8]",g_pair_seed_sweep_d06_d08,fallback exhaustive two-channel full-sequence seed sweep,"{""cardinality"": 2, ""fallback_reason"": ""all_singletons_failed"", ""phase"": ""pair_seed_fallback"", ""reused_existing_evaluation"": false}",2026-08-14T18:03:41.150312+00:00
direct_greedy,g_pair_seed_sweep_d06_d09,0,"6,9","[6, 9]",g_pair_seed_sweep_d06_d09,fallback exhaustive two-channel full-sequence seed sweep,"{""cardinality"": 2, ""fallback_reason"": ""all_singletons_failed"", ""phase"": ""pair_seed_fallback"", ""reused_existing_evaluation"": false}",2026-08-14T18:04:04.590413+00:00
direct_greedy,g_pair_seed_sweep_d06_d10,0,"6,10","[6, 10]",g_pair_seed_sweep_d06_d10,fallback exhaustive two-channel full-sequence seed sweep,"{""cardinality"": 2, ""fallback_reason"": ""all_singletons_failed"", ""phase"": ""pair_seed_fallback"", ""reused_existing_evaluation"": false}",2026-08-14T18:05:06.296661+00:00
direct_greedy,g_pair_seed_sweep_d06_d11,0,"6,11","[6, 11]",g_pair_seed_sweep_d06_d11,fallback exhaustive two-channel full-sequence seed sweep,"{""cardinality"": 2, ""fallback_reason"": ""all_singletons_failed"", ""phase"": ""pair_seed_fallback"", ""reused_existing_evaluation"": false}",2026-08-14T18:05:25.268818+00:00
direct_greedy,g_pair_seed_sweep_d06_d12,0,"6,12","[6, 12]",g_pair_seed_sweep_d06_d12,fallback exhaustive two-channel full-sequence seed sweep,"{""cardinality"": 2, ""fallback_reason"": ""all_singletons_failed"", ""phase"": ""pair_seed_fallback"", ""reused_existing_evaluation"": false}",2026-08-14T18:06:15.828608+00:00
direct_greedy,g_pair_seed_sweep_d06_d13,0,"6,13","[6, 13]",g_pair_seed_sweep_d06_d13,fallback exhaustive two-channel full-sequence seed sweep,"{""cardinality"": 2, ""fallback_reason"": ""all_singletons_failed"", ""phase"": ""pair_seed_fallback"", ""reused_existing_evaluation"": false}",2026-08-14T18:06:23.276262+00:00
direct_greedy,g_pair_seed_sweep_d06_d14,0,"6,14","[6, 14]",g_pair_seed_sweep_d06_d14,fallback exhaustive two-channel full-sequence seed sweep,"{""cardinality"": 2, ""fallback_reason"": ""all_singletons_failed"", ""phase"": ""pair_seed_fallback"", ""reused_existing_evaluation"": false}",2026-08-14T18:06:43.680495+00:00
direct_greedy,g_pair_seed_sweep_d06_d15,0,"6,15","[6, 15]",g_pair_seed_sweep_d06_d15,fallback exhaustive two-channel full-sequence seed sweep,"{""cardinality"": 2, ""fallback_reason"": ""all_singletons_failed"", ""phase"": ""pair_seed_fallback"", ""reused_existing_evaluation"": false}",2026-08-14T18:06:54.910769+00:00
direct_greedy,g_pair_seed_sweep_d06_d16,0,"6,16","[6, 16]",g_pair_seed_sweep_d06_d16,fallback exhaustive two-channel full-sequence seed sweep,"{""cardinality"": 2, ""fallback_reason"": ""all_singletons_failed"", ""phase"": ""pair_seed_fallback"", ""reused_existing_evaluation"": false}",2026-08-14T18:07:06.086142+00:00
direct_greedy,g_pair_seed_sweep_d06_d17,0,"6,17","[6, 17]",g_pair_seed_sweep_d06_d17,fallback exhaustive two-channel full-sequence seed sweep,"{""cardinality"": 2, ""fallback_reason"": ""all_singletons_failed"", ""phase"": ""pair_seed_fallback"", ""reused_existing_evaluation"": false}",2026-08-14T18:07:27.156275+00:00
direct_greedy,g_pair_seed_sweep_d06_d18,0,"6,18","[6, 18]",g_pair_seed_sweep_d06_d18,fallback exhaustive two-channel full-sequence seed sweep,"{""cardinality"": 2, ""fallback_reason"": ""all_singletons_failed"", ""phase"": ""pair_seed_fallback"", ""reused_existing_evaluation"": false}",2026-08-14T18:07:36.572160+00:00
direct_greedy,g_pair_seed_sweep_d06_d19,0,"6,19","[6, 19]",g_pair_seed_sweep_d06_d19,fallback exhaustive two-channel full-sequence seed sweep,"{""cardinality"": 2, ""fallback_reason"": ""all_singletons_failed"", ""phase"": ""pair_seed_fallback"", ""reused_existing_evaluation"": false}",2026-08-14T18:08:29.921780+00:00
direct_greedy,g_pair_seed_sweep_d06_d20,0,"6,20","[6, 20]",g_pair_seed_sweep_d06_d20,fallback exhaustive two-channel full-sequence seed sweep,"{""cardinality"": 2, ""fallback_reason"": ""all_singletons_failed"", ""phase"": ""pair_seed_fallback"", ""reused_existing_evaluation"": false}",2026-08-14T18:08:44.526626+00:00
direct_greedy,g_pair_seed_sweep_d06_d21,0,"6,21","[6, 21]",g_pair_seed_sweep_d06_d21,fallback exhaustive two-channel full-sequence seed sweep,"{""cardinality"": 2, ""fallback_reason"": ""all_singletons_failed"", ""phase"": ""pair_seed_fallback"", ""reused_existing_evaluation"": false}",2026-08-14T18:09:35.252883+00:00
direct_greedy,g_pair_seed_sweep_d06_d22,0,"6,22","[6, 22]",g_pair_seed_sweep_d06_d22,fallback exhaustive two-channel full-sequence seed sweep,"{""cardinality"": 2, ""fallback_reason"": ""all_singletons_failed"", ""phase"": ""pair_seed_fallback"", ""reused_existing_evaluation"": false}",2026-08-14T18:09:55.290422+00:00
direct_greedy,g_pair_seed_sweep_d06_d23,0,"6,23","[6, 23]",g_pair_seed_sweep_d06_d23,fallback exhaustive two-channel full-sequence seed sweep,"{""cardinality"": 2, ""fallback_reason"": ""all_singletons_failed"", ""phase"": ""pair_seed_fallback"", ""reused_existing_evaluation"": false}",2026-08-14T18:10:53.409944+00:00
direct_greedy,g_pair_seed_sweep_d06_d24,0,"6,24","[6, 24]",g_pair_seed_sweep_d06_d24,fallback exhaustive two-channel full-sequence seed sweep,"{""cardinality"": 2, ""fallback_reason"": ""all_singletons_failed"", ""phase"": ""pair_seed_fallback"", ""reused_existing_evaluation"": false}",2026-08-14T18:11:13.209794+00:00
direct_greedy,g_pair_seed_sweep_d06_d25,0,"6,25","[6, 25]",g_pair_seed_sweep_d06_d25,fallback exhaustive two-channel full-sequence seed sweep,"{""cardinality"": 2, ""fallback_reason"": ""all_singletons_failed"", ""phase"": ""pair_seed_fallback"", ""reused_existing_evaluation"": false}",2026-08-14T18:12:10.191620+00:00
direct_greedy,g_pair_seed_sweep_d06_d26,0,"6,26","[6, 26]",g_pair_seed_sweep_d06_d26,fallback exhaustive two-channel full-sequence seed sweep,"{""cardinality"": 2, ""fallback_reason"": ""all_singletons_failed"", ""phase"": ""pair_seed_fallback"", ""reused_existing_evaluation"": false}",2026-08-14T18:12:28.621333+00:00
direct_greedy,g_pair_seed_sweep_d06_d27,0,"6,27","[6, 27]",g_pair_seed_sweep_d06_d27,fallback exhaustive two-channel full-sequence seed sweep,"{""cardinality"": 2, ""fallback_reason"": ""all_singletons_failed"", ""phase"": ""pair_seed_fallback"", ""reused_existing_evaluation"": false}",2026-08-14T18:12:43.204664+00:00
direct_greedy,g_pair_seed_sweep_d06_d28,0,"6,28","[6, 28]",g_pair_seed_sweep_d06_d28,fallback exhaustive two-channel full-sequence seed sweep,"{""cardinality"": 2, ""fallback_reason"": ""all_singletons_failed"", ""phase"": ""pair_seed_fallback"", ""reused_existing_evaluation"": false}",2026-08-14T18:12:54.470844+00:00
direct_greedy,g_pair_seed_sweep_d06_d29,0,"6,29","[6, 29]",g_pair_seed_sweep_d06_d29,fallback exhaustive two-channel full-sequence seed sweep,"{""cardinality"": 2, ""fallback_reason"": ""all_singletons_failed"", ""phase"": ""pair_seed_fallback"", ""reused_existing_evaluation"": false}",2026-08-14T18:13:03.521556+00:00
direct_greedy,g_pair_seed_sweep_d06_d30,0,"6,30","[6, 30]",g_pair_seed_sweep_d06_d30,fallback exhaustive two-channel full-sequence seed sweep,"{""cardinality"": 2, ""fallback_reason"": ""all_singletons_failed"", ""phase"": ""pair_seed_fallback"", ""reused_existing_evaluation"": false}",2026-08-14T18:13:23.366417+00:00
direct_greedy,g_pair_seed_sweep_d06_d31,0,"6,31","[6, 31]",g_pair_seed_sweep_d06_d31,fallback exhaustive two-channel full-sequence seed sweep,"{""cardinality"": 2, ""fallback_reason"": ""all_singletons_failed"", ""phase"": ""pair_seed_fallback"", ""reused_existing_evaluation"": false}",2026-08-14T18:13:46.404410+00:00
direct_greedy,g_pair_seed_sweep_d07_d08,0,"7,8","[7, 8]",g_pair_seed_sweep_d07_d08,fallback exhaustive two-channel full-sequence seed sweep,"{""cardinality"": 2, ""fallback_reason"": ""all_singletons_failed"", ""phase"": ""pair_seed_fallback"", ""reused_existing_evaluation"": false}",2026-08-14T18:14:41.680515+00:00
direct_greedy,g_pair_seed_sweep_d07_d09,0,"7,9","[7, 9]",g_pair_seed_sweep_d07_d09,fallback exhaustive two-channel full-sequence seed sweep,"{""cardinality"": 2, ""fallback_reason"": ""all_singletons_failed"", ""phase"": ""pair_seed_fallback"", ""reused_existing_evaluation"": false}",2026-08-14T18:15:41.099968+00:00
direct_greedy,g_pair_seed_sweep_d07_d10,0,"7,10","[7, 10]",g_pair_seed_sweep_d07_d10,fallback exhaustive two-channel full-sequence seed sweep,"{""cardinality"": 2, ""fallback_reason"": ""all_singletons_failed"", ""phase"": ""pair_seed_fallback"", ""reused_existing_evaluation"": false}",2026-08-14T18:16:35.795791+00:00
direct_greedy,g_pair_seed_sweep_d07_d11,0,"7,11","[7, 11]",g_pair_seed_sweep_d07_d11,fallback exhaustive two-channel full-sequence seed sweep,"{""cardinality"": 2, ""fallback_reason"": ""all_singletons_failed"", ""phase"": ""pair_seed_fallback"", ""reused_existing_evaluation"": false}",2026-08-14T18:17:28.971303+00:00
direct_greedy,g_pair_seed_sweep_d07_d12,0,"7,12","[7, 12]",g_pair_seed_sweep_d07_d12,fallback exhaustive two-channel full-sequence seed sweep,"{""cardinality"": 2, ""fallback_reason"": ""all_singletons_failed"", ""phase"": ""pair_seed_fallback"", ""reused_existing_evaluation"": false}",2026-08-14T18:18:21.252395+00:00
direct_greedy,g_pair_seed_sweep_d07_d13,0,"7,13","[7, 13]",g_pair_seed_sweep_d07_d13,fallback exhaustive two-channel full-sequence seed sweep,"{""cardinality"": 2, ""fallback_reason"": ""all_singletons_failed"", ""phase"": ""pair_seed_fallback"", ""reused_existing_evaluation"": false}",2026-08-14T18:18:51.551038+00:00
direct_greedy,g_pair_seed_sweep_d07_d14,0,"7,14","[7, 14]",g_pair_seed_sweep_d07_d14,fallback exhaustive two-channel full-sequence seed sweep,"{""cardinality"": 2, ""fallback_reason"": ""all_singletons_failed"", ""phase"": ""pair_seed_fallback"", ""reused_existing_evaluation"": false}",2026-08-14T18:19:47.814378+00:00
direct_greedy,g_pair_seed_sweep_d07_d15,0,"7,15","[7, 15]",g_pair_seed_sweep_d07_d15,fallback exhaustive two-channel full-sequence seed sweep,"{""cardinality"": 2, ""fallback_reason"": ""all_singletons_failed"", ""phase"": ""pair_seed_fallback"", ""reused_existing_evaluation"": false}",2026-08-14T18:20:41.980167+00:00
direct_greedy,g_pair_seed_sweep_d07_d16,0,"7,16","[7, 16]",g_pair_seed_sweep_d07_d16,fallback exhaustive two-channel full-sequence seed sweep,"{""cardinality"": 2, ""fallback_reason"": ""all_singletons_failed"", ""phase"": ""pair_seed_fallback"", ""reused_existing_evaluation"": false}",2026-08-14T18:21:37.992468+00:00
direct_greedy,g_pair_seed_sweep_d07_d17,0,"7,17","[7, 17]",g_pair_seed_sweep_d07_d17,fallback exhaustive two-channel full-sequence seed sweep,"{""cardinality"": 2, ""fallback_reason"": ""all_singletons_failed"", ""phase"": ""pair_seed_fallback"", ""reused_existing_evaluation"": false}",2026-08-14T18:22:32.849619+00:00
direct_greedy,g_pair_seed_sweep_d07_d18,0,"7,18","[7, 18]",g_pair_seed_sweep_d07_d18,fallback exhaustive two-channel full-sequence seed sweep,"{""cardinality"": 2, ""fallback_reason"": ""all_singletons_failed"", ""phase"": ""pair_seed_fallback"", ""reused_existing_evaluation"": false}",2026-08-14T18:23:28.465792+00:00
direct_greedy,g_pair_seed_sweep_d07_d19,0,"7,19","[7, 19]",g_pair_seed_sweep_d07_d19,fallback exhaustive two-channel full-sequence seed sweep,"{""cardinality"": 2, ""fallback_reason"": ""all_singletons_failed"", ""phase"": ""pair_seed_fallback"", ""reused_existing_evaluation"": false}",2026-08-14T18:24:16.315950+00:00
direct_greedy,g_pair_seed_sweep_d07_d20,0,"7,20","[7, 20]",g_pair_seed_sweep_d07_d20,fallback exhaustive two-channel full-sequence seed sweep,"{""cardinality"": 2, ""fallback_reason"": ""all_singletons_failed"", ""phase"": ""pair_seed_fallback"", ""reused_existing_evaluation"": false}",2026-08-14T18:25:10.850233+00:00
direct_greedy,g_pair_seed_sweep_d07_d21,0,"7,21","[7, 21]",g_pair_seed_sweep_d07_d21,fallback exhaustive two-channel full-sequence seed sweep,"{""cardinality"": 2, ""fallback_reason"": ""all_singletons_failed"", ""phase"": ""pair_seed_fallback"", ""reused_existing_evaluation"": false}",2026-08-14T18:25:29.360921+00:00
direct_greedy,g_pair_seed_sweep_d07_d22,0,"7,22","[7, 22]",g_pair_seed_sweep_d07_d22,fallback exhaustive two-channel full-sequence seed sweep,"{""cardinality"": 2, ""fallback_reason"": ""all_singletons_failed"", ""phase"": ""pair_seed_fallback"", ""reused_existing_evaluation"": false}",2026-08-14T18:25:49.502525+00:00
direct_greedy,g_pair_seed_sweep_d07_d23,0,"7,23","[7, 23]",g_pair_seed_sweep_d07_d23,fallback exhaustive two-channel full-sequence seed sweep,"{""cardinality"": 2, ""fallback_reason"": ""all_singletons_failed"", ""phase"": ""pair_seed_fallback"", ""reused_existing_evaluation"": false}",2026-08-14T18:26:45.614215+00:00
direct_greedy,g_pair_seed_sweep_d07_d24,0,"7,24","[7, 24]",g_pair_seed_sweep_d07_d24,fallback exhaustive two-channel full-sequence seed sweep,"{""cardinality"": 2, ""fallback_reason"": ""all_singletons_failed"", ""phase"": ""pair_seed_fallback"", ""reused_existing_evaluation"": false}",2026-08-14T18:27:02.880066+00:00
direct_greedy,g_pair_seed_sweep_d07_d25,0,"7,25","[7, 25]",g_pair_seed_sweep_d07_d25,fallback exhaustive two-channel full-sequence seed sweep,"{""cardinality"": 2, ""fallback_reason"": ""all_singletons_failed"", ""phase"": ""pair_seed_fallback"", ""reused_existing_evaluation"": false}",2026-08-14T18:27:33.551268+00:00
direct_greedy,g_pair_seed_sweep_d07_d26,0,"7,26","[7, 26]",g_pair_seed_sweep_d07_d26,fallback exhaustive two-channel full-sequence seed sweep,"{""cardinality"": 2, ""fallback_reason"": ""all_singletons_failed"", ""phase"": ""pair_seed_fallback"", ""reused_existing_evaluation"": false}",2026-08-14T18:28:28.831090+00:00
direct_greedy,g_pair_seed_sweep_d07_d27,0,"7,27","[7, 27]",g_pair_seed_sweep_d07_d27,fallback exhaustive two-channel full-sequence seed sweep,"{""cardinality"": 2, ""fallback_reason"": ""all_singletons_failed"", ""phase"": ""pair_seed_fallback"", ""reused_existing_evaluation"": false}",2026-08-14T18:29:23.340580+00:00
direct_greedy,g_pair_seed_sweep_d07_d28,0,"7,28","[7, 28]",g_pair_seed_sweep_d07_d28,fallback exhaustive two-channel full-sequence seed sweep,"{""cardinality"": 2, ""fallback_reason"": ""all_singletons_failed"", ""phase"": ""pair_seed_fallback"", ""reused_existing_evaluation"": false}",2026-08-14T18:30:22.777340+00:00
direct_greedy,g_pair_seed_sweep_d07_d29,0,"7,29","[7, 29]",g_pair_seed_sweep_d07_d29,fallback exhaustive two-channel full-sequence seed sweep,"{""cardinality"": 2, ""fallback_reason"": ""all_singletons_failed"", ""phase"": ""pair_seed_fallback"", ""reused_existing_evaluation"": false}",2026-08-14T18:31:17.031002+00:00
direct_greedy,g_pair_seed_sweep_d07_d30,0,"7,30","[7, 30]",g_pair_seed_sweep_d07_d30,fallback exhaustive two-channel full-sequence seed sweep,"{""cardinality"": 2, ""fallback_reason"": ""all_singletons_failed"", ""phase"": ""pair_seed_fallback"", ""reused_existing_evaluation"": false}",2026-08-14T18:32:09.486558+00:00
direct_greedy,g_pair_seed_sweep_d07_d31,0,"7,31","[7, 31]",g_pair_seed_sweep_d07_d31,fallback exhaustive two-channel full-sequence seed sweep,"{""cardinality"": 2, ""fallback_reason"": ""all_singletons_failed"", ""phase"": ""pair_seed_fallback"", ""reused_existing_evaluation"": false}",2026-08-14T18:33:07.372604+00:00
direct_greedy,g_pair_seed_sweep_d08_d09,0,"8,9","[8, 9]",g_pair_seed_sweep_d08_d09,fallback exhaustive two-channel full-sequence seed sweep,"{""cardinality"": 2, ""fallback_reason"": ""all_singletons_failed"", ""phase"": ""pair_seed_fallback"", ""reused_existing_evaluation"": false}",2026-08-14T18:33:31.127181+00:00
direct_greedy,g_pair_seed_sweep_d08_d10,0,"8,10","[8, 10]",g_pair_seed_sweep_d08_d10,fallback exhaustive two-channel full-sequence seed sweep,"{""cardinality"": 2, ""fallback_reason"": ""all_singletons_failed"", ""phase"": ""pair_seed_fallback"", ""reused_existing_evaluation"": false}",2026-08-14T18:34:33.529029+00:00
direct_greedy,g_pair_seed_sweep_d08_d11,0,"8,11","[8, 11]",g_pair_seed_sweep_d08_d11,fallback exhaustive two-channel full-sequence seed sweep,"{""cardinality"": 2, ""fallback_reason"": ""all_singletons_failed"", ""phase"": ""pair_seed_fallback"", ""reused_existing_evaluation"": false}",2026-08-14T18:34:54.090119+00:00
direct_greedy,g_pair_seed_sweep_d08_d12,0,"8,12","[8, 12]",g_pair_seed_sweep_d08_d12,fallback exhaustive two-channel full-sequence seed sweep,"{""cardinality"": 2, ""fallback_reason"": ""all_singletons_failed"", ""phase"": ""pair_seed_fallback"", ""reused_existing_evaluation"": false}",2026-08-14T18:35:43.440847+00:00
direct_greedy,g_pair_seed_sweep_d08_d13,0,"8,13","[8, 13]",g_pair_seed_sweep_d08_d13,fallback exhaustive two-channel full-sequence seed sweep,"{""cardinality"": 2, ""fallback_reason"": ""all_singletons_failed"", ""phase"": ""pair_seed_fallback"", ""reused_existing_evaluation"": false}",2026-08-14T18:35:53.006209+00:00
direct_greedy,g_pair_seed_sweep_d08_d14,0,"8,14","[8, 14]",g_pair_seed_sweep_d08_d14,fallback exhaustive two-channel full-sequence seed sweep,"{""cardinality"": 2, ""fallback_reason"": ""all_singletons_failed"", ""phase"": ""pair_seed_fallback"", ""reused_existing_evaluation"": false}",2026-08-14T18:36:25.969812+00:00
direct_greedy,g_pair_seed_sweep_d08_d15,0,"8,15","[8, 15]",g_pair_seed_sweep_d08_d15,fallback exhaustive two-channel full-sequence seed sweep,"{""cardinality"": 2, ""fallback_reason"": ""all_singletons_failed"", ""phase"": ""pair_seed_fallback"", ""reused_existing_evaluation"": false}",2026-08-14T18:37:26.550370+00:00
direct_greedy,g_pair_seed_sweep_d08_d16,0,"8,16","[8, 16]",g_pair_seed_sweep_d08_d16,fallback exhaustive two-channel full-sequence seed sweep,"{""cardinality"": 2, ""fallback_reason"": ""all_singletons_failed"", ""phase"": ""pair_seed_fallback"", ""reused_existing_evaluation"": false}",2026-08-14T18:37:37.763938+00:00
direct_greedy,g_pair_seed_sweep_d08_d17,0,"8,17","[8, 17]",g_pair_seed_sweep_d08_d17,fallback exhaustive two-channel full-sequence seed sweep,"{""cardinality"": 2, ""fallback_reason"": ""all_singletons_failed"", ""phase"": ""pair_seed_fallback"", ""reused_existing_evaluation"": false}",2026-08-14T18:37:59.634540+00:00
direct_greedy,g_pair_seed_sweep_d08_d18,0,"8,18","[8, 18]",g_pair_seed_sweep_d08_d18,fallback exhaustive two-channel full-sequence seed sweep,"{""cardinality"": 2, ""fallback_reason"": ""all_singletons_failed"", ""phase"": ""pair_seed_fallback"", ""reused_existing_evaluation"": false}",2026-08-14T18:38:19.309669+00:00
direct_greedy,g_pair_seed_sweep_d08_d19,0,"8,19","[8, 19]",g_pair_seed_sweep_d08_d19,fallback exhaustive two-channel full-sequence seed sweep,"{""cardinality"": 2, ""fallback_reason"": ""all_singletons_failed"", ""phase"": ""pair_seed_fallback"", ""reused_existing_evaluation"": false}",2026-08-14T18:39:11.673088+00:00
direct_greedy,g_pair_seed_sweep_d08_d20,0,"8,20","[8, 20]",g_pair_seed_sweep_d08_d20,fallback exhaustive two-channel full-sequence seed sweep,"{""cardinality"": 2, ""fallback_reason"": ""all_singletons_failed"", ""phase"": ""pair_seed_fallback"", ""reused_existing_evaluation"": false}",2026-08-14T18:39:41.901239+00:00
direct_greedy,g_pair_seed_sweep_d08_d21,0,"8,21","[8, 21]",g_pair_seed_sweep_d08_d21,fallback exhaustive two-channel full-sequence seed sweep,"{""cardinality"": 2, ""fallback_reason"": ""all_singletons_failed"", ""phase"": ""pair_seed_fallback"", ""reused_existing_evaluation"": false}",2026-08-14T18:40:32.295314+00:00
direct_greedy,g_pair_seed_sweep_d08_d22,0,"8,22","[8, 22]",g_pair_seed_sweep_d08_d22,fallback exhaustive two-channel full-sequence seed sweep,"{""cardinality"": 2, ""fallback_reason"": ""all_singletons_failed"", ""phase"": ""pair_seed_fallback"", ""reused_existing_evaluation"": false}",2026-08-14T18:40:52.578791+00:00
direct_greedy,g_pair_seed_sweep_d08_d23,0,"8,23","[8, 23]",g_pair_seed_sweep_d08_d23,fallback exhaustive two-channel full-sequence seed sweep,"{""cardinality"": 2, ""fallback_reason"": ""all_singletons_failed"", ""phase"": ""pair_seed_fallback"", ""reused_existing_evaluation"": false}",2026-08-14T18:41:50.728735+00:00
direct_greedy,g_pair_seed_sweep_d08_d24,0,"8,24","[8, 24]",g_pair_seed_sweep_d08_d24,fallback exhaustive two-channel full-sequence seed sweep,"{""cardinality"": 2, ""fallback_reason"": ""all_singletons_failed"", ""phase"": ""pair_seed_fallback"", ""reused_existing_evaluation"": false}",2026-08-14T18:42:42.306562+00:00
direct_greedy,g_pair_seed_sweep_d08_d25,0,"8,25","[8, 25]",g_pair_seed_sweep_d08_d25,fallback exhaustive two-channel full-sequence seed sweep,"{""cardinality"": 2, ""fallback_reason"": ""all_singletons_failed"", ""phase"": ""pair_seed_fallback"", ""reused_existing_evaluation"": false}",2026-08-14T18:43:08.358241+00:00
direct_greedy,g_pair_seed_sweep_d08_d26,0,"8,26","[8, 26]",g_pair_seed_sweep_d08_d26,fallback exhaustive two-channel full-sequence seed sweep,"{""cardinality"": 2, ""fallback_reason"": ""all_singletons_failed"", ""phase"": ""pair_seed_fallback"", ""reused_existing_evaluation"": false}",2026-08-14T18:43:27.849582+00:00
direct_greedy,g_pair_seed_sweep_d08_d27,0,"8,27","[8, 27]",g_pair_seed_sweep_d08_d27,fallback exhaustive two-channel full-sequence seed sweep,"{""cardinality"": 2, ""fallback_reason"": ""all_singletons_failed"", ""phase"": ""pair_seed_fallback"", ""reused_existing_evaluation"": false}",2026-08-14T18:43:55.899359+00:00
direct_greedy,g_pair_seed_sweep_d08_d28,0,"8,28","[8, 28]",g_pair_seed_sweep_d08_d28,fallback exhaustive two-channel full-sequence seed sweep,"{""cardinality"": 2, ""fallback_reason"": ""all_singletons_failed"", ""phase"": ""pair_seed_fallback"", ""reused_existing_evaluation"": false}",2026-08-14T18:44:18.927671+00:00
direct_greedy,g_pair_seed_sweep_d08_d29,0,"8,29","[8, 29]",g_pair_seed_sweep_d08_d29,fallback exhaustive two-channel full-sequence seed sweep,"{""cardinality"": 2, ""fallback_reason"": ""all_singletons_failed"", ""phase"": ""pair_seed_fallback"", ""reused_existing_evaluation"": false}",2026-08-14T18:44:40.679891+00:00
direct_greedy,g_pair_seed_sweep_d08_d30,0,"8,30","[8, 30]",g_pair_seed_sweep_d08_d30,fallback exhaustive two-channel full-sequence seed sweep,"{""cardinality"": 2, ""fallback_reason"": ""all_singletons_failed"", ""phase"": ""pair_seed_fallback"", ""reused_existing_evaluation"": false}",2026-08-14T18:45:00.460751+00:00
direct_greedy,g_pair_seed_sweep_d08_d31,0,"8,31","[8, 31]",g_pair_seed_sweep_d08_d31,fallback exhaustive two-channel full-sequence seed sweep,"{""cardinality"": 2, ""fallback_reason"": ""all_singletons_failed"", ""phase"": ""pair_seed_fallback"", ""reused_existing_evaluation"": false}",2026-08-14T18:46:05.811457+00:00
direct_greedy,g_pair_seed_sweep_d09_d10,0,"9,10","[9, 10]",g_pair_seed_sweep_d09_d10,fallback exhaustive two-channel full-sequence seed sweep,"{""cardinality"": 2, ""fallback_reason"": ""all_singletons_failed"", ""phase"": ""pair_seed_fallback"", ""reused_existing_evaluation"": false}",2026-08-14T18:46:41.384863+00:00
direct_greedy,g_pair_seed_sweep_d09_d11,0,"9,11","[9, 11]",g_pair_seed_sweep_d09_d11,fallback exhaustive two-channel full-sequence seed sweep,"{""cardinality"": 2, ""fallback_reason"": ""all_singletons_failed"", ""phase"": ""pair_seed_fallback"", ""reused_existing_evaluation"": false}",2026-08-14T18:47:13.532879+00:00
direct_greedy,g_pair_seed_sweep_d09_d12,0,"9,12","[9, 12]",g_pair_seed_sweep_d09_d12,fallback exhaustive two-channel full-sequence seed sweep,"{""cardinality"": 2, ""fallback_reason"": ""all_singletons_failed"", ""phase"": ""pair_seed_fallback"", ""reused_existing_evaluation"": false}",2026-08-14T18:48:05.631356+00:00
direct_greedy,g_pair_seed_sweep_d09_d13,0,"9,13","[9, 13]",g_pair_seed_sweep_d09_d13,fallback exhaustive two-channel full-sequence seed sweep,"{""cardinality"": 2, ""fallback_reason"": ""all_singletons_failed"", ""phase"": ""pair_seed_fallback"", ""reused_existing_evaluation"": false}",2026-08-14T18:48:28.799057+00:00
direct_greedy,g_pair_seed_sweep_d09_d14,0,"9,14","[9, 14]",g_pair_seed_sweep_d09_d14,fallback exhaustive two-channel full-sequence seed sweep,"{""cardinality"": 2, ""fallback_reason"": ""all_singletons_failed"", ""phase"": ""pair_seed_fallback"", ""reused_existing_evaluation"": false}",2026-08-14T18:49:02.185509+00:00
direct_greedy,g_pair_seed_sweep_d09_d15,0,"9,15","[9, 15]",g_pair_seed_sweep_d09_d15,fallback exhaustive two-channel full-sequence seed sweep,"{""cardinality"": 2, ""fallback_reason"": ""all_singletons_failed"", ""phase"": ""pair_seed_fallback"", ""reused_existing_evaluation"": false}",2026-08-14T18:49:23.655215+00:00
direct_greedy,g_pair_seed_sweep_d09_d16,0,"9,16","[9, 16]",g_pair_seed_sweep_d09_d16,fallback exhaustive two-channel full-sequence seed sweep,"{""cardinality"": 2, ""fallback_reason"": ""all_singletons_failed"", ""phase"": ""pair_seed_fallback"", ""reused_existing_evaluation"": false}",2026-08-14T18:49:47.347678+00:00
direct_greedy,g_pair_seed_sweep_d09_d17,0,"9,17","[9, 17]",g_pair_seed_sweep_d09_d17,fallback exhaustive two-channel full-sequence seed sweep,"{""cardinality"": 2, ""fallback_reason"": ""all_singletons_failed"", ""phase"": ""pair_seed_fallback"", ""reused_existing_evaluation"": false}",2026-08-14T18:50:10.294654+00:00
direct_greedy,g_pair_seed_sweep_d09_d18,0,"9,18","[9, 18]",g_pair_seed_sweep_d09_d18,fallback exhaustive two-channel full-sequence seed sweep,"{""cardinality"": 2, ""fallback_reason"": ""all_singletons_failed"", ""phase"": ""pair_seed_fallback"", ""reused_existing_evaluation"": false}",2026-08-14T18:50:31.553340+00:00
direct_greedy,g_pair_seed_sweep_d09_d19,0,"9,19","[9, 19]",g_pair_seed_sweep_d09_d19,fallback exhaustive two-channel full-sequence seed sweep,"{""cardinality"": 2, ""fallback_reason"": ""all_singletons_failed"", ""phase"": ""pair_seed_fallback"", ""reused_existing_evaluation"": false}",2026-08-14T18:51:27.121757+00:00
direct_greedy,g_pair_seed_sweep_d09_d20,0,"9,20","[9, 20]",g_pair_seed_sweep_d09_d20,fallback exhaustive two-channel full-sequence seed sweep,"{""cardinality"": 2, ""fallback_reason"": ""all_singletons_failed"", ""phase"": ""pair_seed_fallback"", ""reused_existing_evaluation"": false}",2026-08-14T18:51:59.208405+00:00
direct_greedy,g_pair_seed_sweep_d09_d21,0,"9,21","[9, 21]",g_pair_seed_sweep_d09_d21,fallback exhaustive two-channel full-sequence seed sweep,"{""cardinality"": 2, ""fallback_reason"": ""all_singletons_failed"", ""phase"": ""pair_seed_fallback"", ""reused_existing_evaluation"": false}",2026-08-14T18:52:52.839322+00:00
direct_greedy,g_pair_seed_sweep_d09_d22,0,"9,22","[9, 22]",g_pair_seed_sweep_d09_d22,fallback exhaustive two-channel full-sequence seed sweep,"{""cardinality"": 2, ""fallback_reason"": ""all_singletons_failed"", ""phase"": ""pair_seed_fallback"", ""reused_existing_evaluation"": false}",2026-08-14T18:53:26.548583+00:00
direct_greedy,g_pair_seed_sweep_d09_d23,0,"9,23","[9, 23]",g_pair_seed_sweep_d09_d23,fallback exhaustive two-channel full-sequence seed sweep,"{""cardinality"": 2, ""fallback_reason"": ""all_singletons_failed"", ""phase"": ""pair_seed_fallback"", ""reused_existing_evaluation"": false}",2026-08-14T18:54:04.096357+00:00
direct_greedy,g_pair_seed_sweep_d09_d24,0,"9,24","[9, 24]",g_pair_seed_sweep_d09_d24,fallback exhaustive two-channel full-sequence seed sweep,"{""cardinality"": 2, ""fallback_reason"": ""all_singletons_failed"", ""phase"": ""pair_seed_fallback"", ""reused_existing_evaluation"": false}",2026-08-14T18:54:59.237874+00:00
direct_greedy,g_pair_seed_sweep_d09_d25,0,"9,25","[9, 25]",g_pair_seed_sweep_d09_d25,fallback exhaustive two-channel full-sequence seed sweep,"{""cardinality"": 2, ""fallback_reason"": ""all_singletons_failed"", ""phase"": ""pair_seed_fallback"", ""reused_existing_evaluation"": false}",2026-08-14T18:55:30.414162+00:00
direct_greedy,g_pair_seed_sweep_d09_d26,0,"9,26","[9, 26]",g_pair_seed_sweep_d09_d26,fallback exhaustive two-channel full-sequence seed sweep,"{""cardinality"": 2, ""fallback_reason"": ""all_singletons_failed"", ""phase"": ""pair_seed_fallback"", ""reused_existing_evaluation"": false}",2026-08-14T18:56:35.978950+00:00
direct_greedy,g_pair_seed_sweep_d09_d27,0,"9,27","[9, 27]",g_pair_seed_sweep_d09_d27,fallback exhaustive two-channel full-sequence seed sweep,"{""cardinality"": 2, ""fallback_reason"": ""all_singletons_failed"", ""phase"": ""pair_seed_fallback"", ""reused_existing_evaluation"": false}",2026-08-14T18:57:40.757089+00:00
direct_greedy,g_pair_seed_sweep_d09_d28,0,"9,28","[9, 28]",g_pair_seed_sweep_d09_d28,fallback exhaustive two-channel full-sequence seed sweep,"{""cardinality"": 2, ""fallback_reason"": ""all_singletons_failed"", ""phase"": ""pair_seed_fallback"", ""reused_existing_evaluation"": false}",2026-08-14T18:58:03.546341+00:00
direct_greedy,g_pair_seed_sweep_d09_d29,0,"9,29","[9, 29]",g_pair_seed_sweep_d09_d29,fallback exhaustive two-channel full-sequence seed sweep,"{""cardinality"": 2, ""fallback_reason"": ""all_singletons_failed"", ""phase"": ""pair_seed_fallback"", ""reused_existing_evaluation"": false}",2026-08-14T18:58:22.643528+00:00
direct_greedy,g_pair_seed_sweep_d09_d30,0,"9,30","[9, 30]",g_pair_seed_sweep_d09_d30,fallback exhaustive two-channel full-sequence seed sweep,"{""cardinality"": 2, ""fallback_reason"": ""all_singletons_failed"", ""phase"": ""pair_seed_fallback"", ""reused_existing_evaluation"": false}",2026-08-14T18:58:45.160450+00:00
direct_greedy,g_pair_seed_sweep_d09_d31,0,"9,31","[9, 31]",g_pair_seed_sweep_d09_d31,fallback exhaustive two-channel full-sequence seed sweep,"{""cardinality"": 2, ""fallback_reason"": ""all_singletons_failed"", ""phase"": ""pair_seed_fallback"", ""reused_existing_evaluation"": false}",2026-08-14T18:59:50.556594+00:00
direct_greedy,g_pair_seed_sweep_d10_d11,0,"10,11","[10, 11]",g_pair_seed_sweep_d10_d11,fallback exhaustive two-channel full-sequence seed sweep,"{""cardinality"": 2, ""fallback_reason"": ""all_singletons_failed"", ""phase"": ""pair_seed_fallback"", ""reused_existing_evaluation"": false}",2026-08-14T19:00:49.796743+00:00
direct_greedy,g_pair_seed_sweep_d10_d12,0,"10,12","[10, 12]",g_pair_seed_sweep_d10_d12,fallback exhaustive two-channel full-sequence seed sweep,"{""cardinality"": 2, ""fallback_reason"": ""all_singletons_failed"", ""phase"": ""pair_seed_fallback"", ""reused_existing_evaluation"": false}",2026-08-14T19:01:39.319834+00:00
direct_greedy,g_pair_seed_sweep_d10_d13,0,"10,13","[10, 13]",g_pair_seed_sweep_d10_d13,fallback exhaustive two-channel full-sequence seed sweep,"{""cardinality"": 2, ""fallback_reason"": ""all_singletons_failed"", ""phase"": ""pair_seed_fallback"", ""reused_existing_evaluation"": false}",2026-08-14T19:02:38.595848+00:00
direct_greedy,g_pair_seed_sweep_d10_d14,0,"10,14","[10, 14]",g_pair_seed_sweep_d10_d14,fallback exhaustive two-channel full-sequence seed sweep,"{""cardinality"": 2, ""fallback_reason"": ""all_singletons_failed"", ""phase"": ""pair_seed_fallback"", ""reused_existing_evaluation"": false}",2026-08-14T19:03:42.678310+00:00
direct_greedy,g_pair_seed_sweep_d10_d15,0,"10,15","[10, 15]",g_pair_seed_sweep_d10_d15,fallback exhaustive two-channel full-sequence seed sweep,"{""cardinality"": 2, ""fallback_reason"": ""all_singletons_failed"", ""phase"": ""pair_seed_fallback"", ""reused_existing_evaluation"": false}",2026-08-14T19:04:40.719922+00:00
direct_greedy,g_pair_seed_sweep_d10_d16,0,"10,16","[10, 16]",g_pair_seed_sweep_d10_d16,fallback exhaustive two-channel full-sequence seed sweep,"{""cardinality"": 2, ""fallback_reason"": ""all_singletons_failed"", ""phase"": ""pair_seed_fallback"", ""reused_existing_evaluation"": false}",2026-08-14T19:05:43.076483+00:00
direct_greedy,g_pair_seed_sweep_d10_d17,0,"10,17","[10, 17]",g_pair_seed_sweep_d10_d17,fallback exhaustive two-channel full-sequence seed sweep,"{""cardinality"": 2, ""fallback_reason"": ""all_singletons_failed"", ""phase"": ""pair_seed_fallback"", ""reused_existing_evaluation"": false}",2026-08-14T19:06:44.608827+00:00
direct_greedy,g_pair_seed_sweep_d10_d18,0,"10,18","[10, 18]",g_pair_seed_sweep_d10_d18,fallback exhaustive two-channel full-sequence seed sweep,"{""cardinality"": 2, ""fallback_reason"": ""all_singletons_failed"", ""phase"": ""pair_seed_fallback"", ""reused_existing_evaluation"": false}",2026-08-14T19:07:44.729124+00:00
direct_greedy,g_pair_seed_sweep_d10_d19,0,"10,19","[10, 19]",g_pair_seed_sweep_d10_d19,fallback exhaustive two-channel full-sequence seed sweep,"{""cardinality"": 2, ""fallback_reason"": ""all_singletons_failed"", ""phase"": ""pair_seed_fallback"", ""reused_existing_evaluation"": false}",2026-08-14T19:08:37.198911+00:00
direct_greedy,g_pair_seed_sweep_d10_d20,0,"10,20","[10, 20]",g_pair_seed_sweep_d10_d20,fallback exhaustive two-channel full-sequence seed sweep,"{""cardinality"": 2, ""fallback_reason"": ""all_singletons_failed"", ""phase"": ""pair_seed_fallback"", ""reused_existing_evaluation"": false}",2026-08-14T19:09:37.000158+00:00
direct_greedy,g_pair_seed_sweep_d10_d21,0,"10,21","[10, 21]",g_pair_seed_sweep_d10_d21,fallback exhaustive two-channel full-sequence seed sweep,"{""cardinality"": 2, ""fallback_reason"": ""all_singletons_failed"", ""phase"": ""pair_seed_fallback"", ""reused_existing_evaluation"": false}",2026-08-14T19:10:27.058384+00:00
direct_greedy,g_pair_seed_sweep_d10_d22,0,"10,22","[10, 22]",g_pair_seed_sweep_d10_d22,fallback exhaustive two-channel full-sequence seed sweep,"{""cardinality"": 2, ""fallback_reason"": ""all_singletons_failed"", ""phase"": ""pair_seed_fallback"", ""reused_existing_evaluation"": false}",2026-08-14T19:10:50.405979+00:00
direct_greedy,g_pair_seed_sweep_d10_d23,0,"10,23","[10, 23]",g_pair_seed_sweep_d10_d23,fallback exhaustive two-channel full-sequence seed sweep,"{""cardinality"": 2, ""fallback_reason"": ""all_singletons_failed"", ""phase"": ""pair_seed_fallback"", ""reused_existing_evaluation"": false}",2026-08-14T19:11:47.624977+00:00
direct_greedy,g_pair_seed_sweep_d10_d24,0,"10,24","[10, 24]",g_pair_seed_sweep_d10_d24,fallback exhaustive two-channel full-sequence seed sweep,"{""cardinality"": 2, ""fallback_reason"": ""all_singletons_failed"", ""phase"": ""pair_seed_fallback"", ""reused_existing_evaluation"": false}",2026-08-14T19:12:39.540457+00:00
direct_greedy,g_pair_seed_sweep_d10_d25,0,"10,25","[10, 25]",g_pair_seed_sweep_d10_d25,fallback exhaustive two-channel full-sequence seed sweep,"{""cardinality"": 2, ""fallback_reason"": ""all_singletons_failed"", ""phase"": ""pair_seed_fallback"", ""reused_existing_evaluation"": false}",2026-08-14T19:13:35.253367+00:00
direct_greedy,g_pair_seed_sweep_d10_d26,0,"10,26","[10, 26]",g_pair_seed_sweep_d10_d26,fallback exhaustive two-channel full-sequence seed sweep,"{""cardinality"": 2, ""fallback_reason"": ""all_singletons_failed"", ""phase"": ""pair_seed_fallback"", ""reused_existing_evaluation"": false}",2026-08-14T19:14:36.406252+00:00
direct_greedy,g_pair_seed_sweep_d10_d27,0,"10,27","[10, 27]",g_pair_seed_sweep_d10_d27,fallback exhaustive two-channel full-sequence seed sweep,"{""cardinality"": 2, ""fallback_reason"": ""all_singletons_failed"", ""phase"": ""pair_seed_fallback"", ""reused_existing_evaluation"": false}",2026-08-14T19:15:35.490187+00:00
direct_greedy,g_pair_seed_sweep_d10_d28,0,"10,28","[10, 28]",g_pair_seed_sweep_d10_d28,fallback exhaustive two-channel full-sequence seed sweep,"{""cardinality"": 2, ""fallback_reason"": ""all_singletons_failed"", ""phase"": ""pair_seed_fallback"", ""reused_existing_evaluation"": false}",2026-08-14T19:15:55.266190+00:00
direct_greedy,g_pair_seed_sweep_d10_d29,0,"10,29","[10, 29]",g_pair_seed_sweep_d10_d29,fallback exhaustive two-channel full-sequence seed sweep,"{""cardinality"": 2, ""fallback_reason"": ""all_singletons_failed"", ""phase"": ""pair_seed_fallback"", ""reused_existing_evaluation"": false}",2026-08-14T19:16:15.926340+00:00
direct_greedy,g_pair_seed_sweep_d10_d30,0,"10,30","[10, 30]",g_pair_seed_sweep_d10_d30,fallback exhaustive two-channel full-sequence seed sweep,"{""cardinality"": 2, ""fallback_reason"": ""all_singletons_failed"", ""phase"": ""pair_seed_fallback"", ""reused_existing_evaluation"": false}",2026-08-14T19:16:37.103206+00:00
direct_greedy,g_pair_seed_sweep_d10_d31,0,"10,31","[10, 31]",g_pair_seed_sweep_d10_d31,fallback exhaustive two-channel full-sequence seed sweep,"{""cardinality"": 2, ""fallback_reason"": ""all_singletons_failed"", ""phase"": ""pair_seed_fallback"", ""reused_existing_evaluation"": false}",2026-08-14T19:17:06.827688+00:00
direct_greedy,g_pair_seed_sweep_d11_d12,0,"11,12","[11, 12]",g_pair_seed_sweep_d11_d12,fallback exhaustive two-channel full-sequence seed sweep,"{""cardinality"": 2, ""fallback_reason"": ""all_singletons_failed"", ""phase"": ""pair_seed_fallback"", ""reused_existing_evaluation"": false}",2026-08-14T19:17:56.054191+00:00
direct_greedy,g_pair_seed_sweep_d11_d13,0,"11,13","[11, 13]",g_pair_seed_sweep_d11_d13,fallback exhaustive two-channel full-sequence seed sweep,"{""cardinality"": 2, ""fallback_reason"": ""all_singletons_failed"", ""phase"": ""pair_seed_fallback"", ""reused_existing_evaluation"": false}",2026-08-14T19:18:27.919485+00:00
direct_greedy,g_pair_seed_sweep_d11_d14,0,"11,14","[11, 14]",g_pair_seed_sweep_d11_d14,fallback exhaustive two-channel full-sequence seed sweep,"{""cardinality"": 2, ""fallback_reason"": ""all_singletons_failed"", ""phase"": ""pair_seed_fallback"", ""reused_existing_evaluation"": false}",2026-08-14T19:19:26.374787+00:00
direct_greedy,g_pair_seed_sweep_d11_d15,0,"11,15","[11, 15]",g_pair_seed_sweep_d11_d15,fallback exhaustive two-channel full-sequence seed sweep,"{""cardinality"": 2, ""fallback_reason"": ""all_singletons_failed"", ""phase"": ""pair_seed_fallback"", ""reused_existing_evaluation"": false}",2026-08-14T19:20:24.128106+00:00
direct_greedy,g_pair_seed_sweep_d11_d16,0,"11,16","[11, 16]",g_pair_seed_sweep_d11_d16,fallback exhaustive two-channel full-sequence seed sweep,"{""cardinality"": 2, ""fallback_reason"": ""all_singletons_failed"", ""phase"": ""pair_seed_fallback"", ""reused_existing_evaluation"": false}",2026-08-14T19:20:54.497570+00:00
direct_greedy,g_pair_seed_sweep_d11_d17,0,"11,17","[11, 17]",g_pair_seed_sweep_d11_d17,fallback exhaustive two-channel full-sequence seed sweep,"{""cardinality"": 2, ""fallback_reason"": ""all_singletons_failed"", ""phase"": ""pair_seed_fallback"", ""reused_existing_evaluation"": false}",2026-08-14T19:21:51.832073+00:00
direct_greedy,g_pair_seed_sweep_d11_d18,0,"11,18","[11, 18]",g_pair_seed_sweep_d11_d18,fallback exhaustive two-channel full-sequence seed sweep,"{""cardinality"": 2, ""fallback_reason"": ""all_singletons_failed"", ""phase"": ""pair_seed_fallback"", ""reused_existing_evaluation"": false}",2026-08-14T19:22:21.460200+00:00
direct_greedy,g_pair_seed_sweep_d11_d19,0,"11,19","[11, 19]",g_pair_seed_sweep_d11_d19,fallback exhaustive two-channel full-sequence seed sweep,"{""cardinality"": 2, ""fallback_reason"": ""all_singletons_failed"", ""phase"": ""pair_seed_fallback"", ""reused_existing_evaluation"": false}",2026-08-14T19:23:12.439495+00:00
direct_greedy,g_pair_seed_sweep_d11_d20,0,"11,20","[11, 20]",g_pair_seed_sweep_d11_d20,fallback exhaustive two-channel full-sequence seed sweep,"{""cardinality"": 2, ""fallback_reason"": ""all_singletons_failed"", ""phase"": ""pair_seed_fallback"", ""reused_existing_evaluation"": false}",2026-08-14T19:23:41.675308+00:00
direct_greedy,g_pair_seed_sweep_d11_d21,0,"11,21","[11, 21]",g_pair_seed_sweep_d11_d21,fallback exhaustive two-channel full-sequence seed sweep,"{""cardinality"": 2, ""fallback_reason"": ""all_singletons_failed"", ""phase"": ""pair_seed_fallback"", ""reused_existing_evaluation"": false}",2026-08-14T19:24:31.912375+00:00
direct_greedy,g_pair_seed_sweep_d11_d22,0,"11,22","[11, 22]",g_pair_seed_sweep_d11_d22,fallback exhaustive two-channel full-sequence seed sweep,"{""cardinality"": 2, ""fallback_reason"": ""all_singletons_failed"", ""phase"": ""pair_seed_fallback"", ""reused_existing_evaluation"": false}",2026-08-14T19:25:30.023573+00:00
direct_greedy,g_pair_seed_sweep_d11_d23,0,"11,23","[11, 23]",g_pair_seed_sweep_d11_d23,fallback exhaustive two-channel full-sequence seed sweep,"{""cardinality"": 2, ""fallback_reason"": ""all_singletons_failed"", ""phase"": ""pair_seed_fallback"", ""reused_existing_evaluation"": false}",2026-08-14T19:26:24.650656+00:00
direct_greedy,g_pair_seed_sweep_d11_d24,0,"11,24","[11, 24]",g_pair_seed_sweep_d11_d24,fallback exhaustive two-channel full-sequence seed sweep,"{""cardinality"": 2, ""fallback_reason"": ""all_singletons_failed"", ""phase"": ""pair_seed_fallback"", ""reused_existing_evaluation"": false}",2026-08-14T19:27:15.195345+00:00
direct_greedy,g_pair_seed_sweep_d11_d25,0,"11,25","[11, 25]",g_pair_seed_sweep_d11_d25,fallback exhaustive two-channel full-sequence seed sweep,"{""cardinality"": 2, ""fallback_reason"": ""all_singletons_failed"", ""phase"": ""pair_seed_fallback"", ""reused_existing_evaluation"": false}",2026-08-14T19:27:47.382710+00:00
direct_greedy,g_pair_seed_sweep_d11_d26,0,"11,26","[11, 26]",g_pair_seed_sweep_d11_d26,fallback exhaustive two-channel full-sequence seed sweep,"{""cardinality"": 2, ""fallback_reason"": ""all_singletons_failed"", ""phase"": ""pair_seed_fallback"", ""reused_existing_evaluation"": false}",2026-08-14T19:28:45.256889+00:00
direct_greedy,g_pair_seed_sweep_d11_d27,0,"11,27","[11, 27]",g_pair_seed_sweep_d11_d27,fallback exhaustive two-channel full-sequence seed sweep,"{""cardinality"": 2, ""fallback_reason"": ""all_singletons_failed"", ""phase"": ""pair_seed_fallback"", ""reused_existing_evaluation"": false}",2026-08-14T19:29:12.599549+00:00
direct_greedy,g_pair_seed_sweep_d11_d28,0,"11,28","[11, 28]",g_pair_seed_sweep_d11_d28,fallback exhaustive two-channel full-sequence seed sweep,"{""cardinality"": 2, ""fallback_reason"": ""all_singletons_failed"", ""phase"": ""pair_seed_fallback"", ""reused_existing_evaluation"": false}",2026-08-14T19:30:13.480315+00:00
direct_greedy,g_pair_seed_sweep_d11_d29,0,"11,29","[11, 29]",g_pair_seed_sweep_d11_d29,fallback exhaustive two-channel full-sequence seed sweep,"{""cardinality"": 2, ""fallback_reason"": ""all_singletons_failed"", ""phase"": ""pair_seed_fallback"", ""reused_existing_evaluation"": false}",2026-08-14T19:30:34.282742+00:00
direct_greedy,g_pair_seed_sweep_d11_d30,0,"11,30","[11, 30]",g_pair_seed_sweep_d11_d30,fallback exhaustive two-channel full-sequence seed sweep,"{""cardinality"": 2, ""fallback_reason"": ""all_singletons_failed"", ""phase"": ""pair_seed_fallback"", ""reused_existing_evaluation"": false}",2026-08-14T19:31:00.822742+00:00
direct_greedy,g_pair_seed_sweep_d11_d31,0,"11,31","[11, 31]",g_pair_seed_sweep_d11_d31,fallback exhaustive two-channel full-sequence seed sweep,"{""cardinality"": 2, ""fallback_reason"": ""all_singletons_failed"", ""phase"": ""pair_seed_fallback"", ""reused_existing_evaluation"": false}",2026-08-14T19:32:01.423845+00:00
direct_greedy,g_pair_seed_sweep_d12_d13,0,"12,13","[12, 13]",g_pair_seed_sweep_d12_d13,fallback exhaustive two-channel full-sequence seed sweep,"{""cardinality"": 2, ""fallback_reason"": ""all_singletons_failed"", ""phase"": ""pair_seed_fallback"", ""reused_existing_evaluation"": false}",2026-08-14T19:32:51.972211+00:00
direct_greedy,g_pair_seed_sweep_d12_d14,0,"12,14","[12, 14]",g_pair_seed_sweep_d12_d14,fallback exhaustive two-channel full-sequence seed sweep,"{""cardinality"": 2, ""fallback_reason"": ""all_singletons_failed"", ""phase"": ""pair_seed_fallback"", ""reused_existing_evaluation"": false}",2026-08-14T19:33:42.823722+00:00
direct_greedy,g_pair_seed_sweep_d12_d15,0,"12,15","[12, 15]",g_pair_seed_sweep_d12_d15,fallback exhaustive two-channel full-sequence seed sweep,"{""cardinality"": 2, ""fallback_reason"": ""all_singletons_failed"", ""phase"": ""pair_seed_fallback"", ""reused_existing_evaluation"": false}",2026-08-14T19:34:32.082028+00:00
direct_greedy,g_pair_seed_sweep_d12_d16,0,"12,16","[12, 16]",g_pair_seed_sweep_d12_d16,fallback exhaustive two-channel full-sequence seed sweep,"{""cardinality"": 2, ""fallback_reason"": ""all_singletons_failed"", ""phase"": ""pair_seed_fallback"", ""reused_existing_evaluation"": false}",2026-08-14T19:35:22.548614+00:00
direct_greedy,g_pair_seed_sweep_d12_d17,0,"12,17","[12, 17]",g_pair_seed_sweep_d12_d17,fallback exhaustive two-channel full-sequence seed sweep,"{""cardinality"": 2, ""fallback_reason"": ""all_singletons_failed"", ""phase"": ""pair_seed_fallback"", ""reused_existing_evaluation"": false}",2026-08-14T19:36:11.959548+00:00
direct_greedy,g_pair_seed_sweep_d12_d18,0,"12,18","[12, 18]",g_pair_seed_sweep_d12_d18,fallback exhaustive two-channel full-sequence seed sweep,"{""cardinality"": 2, ""fallback_reason"": ""all_singletons_failed"", ""phase"": ""pair_seed_fallback"", ""reused_existing_evaluation"": false}",2026-08-14T19:37:01.606324+00:00
direct_greedy,g_pair_seed_sweep_d12_d19,0,"12,19","[12, 19]",g_pair_seed_sweep_d12_d19,fallback exhaustive two-channel full-sequence seed sweep,"{""cardinality"": 2, ""fallback_reason"": ""all_singletons_failed"", ""phase"": ""pair_seed_fallback"", ""reused_existing_evaluation"": false}",2026-08-14T19:37:50.766226+00:00
direct_greedy,g_pair_seed_sweep_d12_d20,0,"12,20","[12, 20]",g_pair_seed_sweep_d12_d20,fallback exhaustive two-channel full-sequence seed sweep,"{""cardinality"": 2, ""fallback_reason"": ""all_singletons_failed"", ""phase"": ""pair_seed_fallback"", ""reused_existing_evaluation"": false}",2026-08-14T19:38:39.067696+00:00
direct_greedy,g_pair_seed_sweep_d12_d21,0,"12,21","[12, 21]",g_pair_seed_sweep_d12_d21,fallback exhaustive two-channel full-sequence seed sweep,"{""cardinality"": 2, ""fallback_reason"": ""all_singletons_failed"", ""phase"": ""pair_seed_fallback"", ""reused_existing_evaluation"": false}",2026-08-14T19:39:27.912281+00:00
direct_greedy,g_pair_seed_sweep_d12_d22,0,"12,22","[12, 22]",g_pair_seed_sweep_d12_d22,fallback exhaustive two-channel full-sequence seed sweep,"{""cardinality"": 2, ""fallback_reason"": ""all_singletons_failed"", ""phase"": ""pair_seed_fallback"", ""reused_existing_evaluation"": false}",2026-08-14T19:40:18.427016+00:00
direct_greedy,g_pair_seed_sweep_d12_d23,0,"12,23","[12, 23]",g_pair_seed_sweep_d12_d23,fallback exhaustive two-channel full-sequence seed sweep,"{""cardinality"": 2, ""fallback_reason"": ""all_singletons_failed"", ""phase"": ""pair_seed_fallback"", ""reused_existing_evaluation"": false}",2026-08-14T19:41:07.880017+00:00
direct_greedy,g_pair_seed_sweep_d12_d24,0,"12,24","[12, 24]",g_pair_seed_sweep_d12_d24,fallback exhaustive two-channel full-sequence seed sweep,"{""cardinality"": 2, ""fallback_reason"": ""all_singletons_failed"", ""phase"": ""pair_seed_fallback"", ""reused_existing_evaluation"": false}",2026-08-14T19:41:23.902245+00:00
direct_greedy,g_pair_seed_sweep_d12_d25,0,"12,25","[12, 25]",g_pair_seed_sweep_d12_d25,fallback exhaustive two-channel full-sequence seed sweep,"{""cardinality"": 2, ""fallback_reason"": ""all_singletons_failed"", ""phase"": ""pair_seed_fallback"", ""reused_existing_evaluation"": false}",2026-08-14T19:42:13.402209+00:00
direct_greedy,g_pair_seed_sweep_d12_d26,0,"12,26","[12, 26]",g_pair_seed_sweep_d12_d26,fallback exhaustive two-channel full-sequence seed sweep,"{""cardinality"": 2, ""fallback_reason"": ""all_singletons_failed"", ""phase"": ""pair_seed_fallback"", ""reused_existing_evaluation"": false}",2026-08-14T19:43:03.324577+00:00
direct_greedy,g_pair_seed_sweep_d12_d27,0,"12,27","[12, 27]",g_pair_seed_sweep_d12_d27,fallback exhaustive two-channel full-sequence seed sweep,"{""cardinality"": 2, ""fallback_reason"": ""all_singletons_failed"", ""phase"": ""pair_seed_fallback"", ""reused_existing_evaluation"": false}",2026-08-14T19:43:52.327737+00:00
direct_greedy,g_pair_seed_sweep_d12_d28,0,"12,28","[12, 28]",g_pair_seed_sweep_d12_d28,fallback exhaustive two-channel full-sequence seed sweep,"{""cardinality"": 2, ""fallback_reason"": ""all_singletons_failed"", ""phase"": ""pair_seed_fallback"", ""reused_existing_evaluation"": false}",2026-08-14T19:44:43.668857+00:00
direct_greedy,g_pair_seed_sweep_d12_d29,0,"12,29","[12, 29]",g_pair_seed_sweep_d12_d29,fallback exhaustive two-channel full-sequence seed sweep,"{""cardinality"": 2, ""fallback_reason"": ""all_singletons_failed"", ""phase"": ""pair_seed_fallback"", ""reused_existing_evaluation"": false}",2026-08-14T19:45:32.113183+00:00
direct_greedy,g_pair_seed_sweep_d12_d30,0,"12,30","[12, 30]",g_pair_seed_sweep_d12_d30,fallback exhaustive two-channel full-sequence seed sweep,"{""cardinality"": 2, ""fallback_reason"": ""all_singletons_failed"", ""phase"": ""pair_seed_fallback"", ""reused_existing_evaluation"": false}",2026-08-14T19:46:20.404708+00:00
direct_greedy,g_pair_seed_sweep_d12_d31,0,"12,31","[12, 31]",g_pair_seed_sweep_d12_d31,fallback exhaustive two-channel full-sequence seed sweep,"{""cardinality"": 2, ""fallback_reason"": ""all_singletons_failed"", ""phase"": ""pair_seed_fallback"", ""reused_existing_evaluation"": false}",2026-08-14T19:47:10.836442+00:00
direct_greedy,g_pair_seed_sweep_d13_d14,0,"13,14","[13, 14]",g_pair_seed_sweep_d13_d14,fallback exhaustive two-channel full-sequence seed sweep,"{""cardinality"": 2, ""fallback_reason"": ""all_singletons_failed"", ""phase"": ""pair_seed_fallback"", ""reused_existing_evaluation"": false}",2026-08-14T19:47:29.665096+00:00
direct_greedy,g_pair_seed_sweep_d13_d15,0,"13,15","[13, 15]",g_pair_seed_sweep_d13_d15,fallback exhaustive two-channel full-sequence seed sweep,"{""cardinality"": 2, ""fallback_reason"": ""all_singletons_failed"", ""phase"": ""pair_seed_fallback"", ""reused_existing_evaluation"": false}",2026-08-14T19:47:41.943781+00:00
direct_greedy,g_pair_seed_sweep_d13_d16,0,"13,16","[13, 16]",g_pair_seed_sweep_d13_d16,fallback exhaustive two-channel full-sequence seed sweep,"{""cardinality"": 2, ""fallback_reason"": ""all_singletons_failed"", ""phase"": ""pair_seed_fallback"", ""reused_existing_evaluation"": false}",2026-08-14T19:47:49.037854+00:00
direct_greedy,g_pair_seed_sweep_d13_d17,0,"13,17","[13, 17]",g_pair_seed_sweep_d13_d17,fallback exhaustive two-channel full-sequence seed sweep,"{""cardinality"": 2, ""fallback_reason"": ""all_singletons_failed"", ""phase"": ""pair_seed_fallback"", ""reused_existing_evaluation"": false}",2026-08-14T19:48:10.920819+00:00
direct_greedy,g_pair_seed_sweep_d13_d18,0,"13,18","[13, 18]",g_pair_seed_sweep_d13_d18,fallback exhaustive two-channel full-sequence seed sweep,"{""cardinality"": 2, ""fallback_reason"": ""all_singletons_failed"", ""phase"": ""pair_seed_fallback"", ""reused_existing_evaluation"": false}",2026-08-14T19:48:17.822022+00:00
direct_greedy,g_pair_seed_sweep_d13_d19,0,"13,19","[13, 19]",g_pair_seed_sweep_d13_d19,fallback exhaustive two-channel full-sequence seed sweep,"{""cardinality"": 2, ""fallback_reason"": ""all_singletons_failed"", ""phase"": ""pair_seed_fallback"", ""reused_existing_evaluation"": false}",2026-08-14T19:48:37.085004+00:00
direct_greedy,g_pair_seed_sweep_d13_d20,0,"13,20","[13, 20]",g_pair_seed_sweep_d13_d20,fallback exhaustive two-channel full-sequence seed sweep,"{""cardinality"": 2, ""fallback_reason"": ""all_singletons_failed"", ""phase"": ""pair_seed_fallback"", ""reused_existing_evaluation"": false}",2026-08-14T19:48:58.353558+00:00
direct_greedy,g_pair_seed_sweep_d13_d21,0,"13,21","[13, 21]",g_pair_seed_sweep_d13_d21,fallback exhaustive two-channel full-sequence seed sweep,"{""cardinality"": 2, ""fallback_reason"": ""all_singletons_failed"", ""phase"": ""pair_seed_fallback"", ""reused_existing_evaluation"": false}",2026-08-14T19:49:26.971841+00:00
direct_greedy,g_pair_seed_sweep_d13_d22,0,"13,22","[13, 22]",g_pair_seed_sweep_d13_d22,fallback exhaustive two-channel full-sequence seed sweep,"{""cardinality"": 2, ""fallback_reason"": ""all_singletons_failed"", ""phase"": ""pair_seed_fallback"", ""reused_existing_evaluation"": false}",2026-08-14T19:49:46.528418+00:00
direct_greedy,g_pair_seed_sweep_d13_d23,0,"13,23","[13, 23]",g_pair_seed_sweep_d13_d23,fallback exhaustive two-channel full-sequence seed sweep,"{""cardinality"": 2, ""fallback_reason"": ""all_singletons_failed"", ""phase"": ""pair_seed_fallback"", ""reused_existing_evaluation"": false}",2026-08-14T19:50:07.528421+00:00
direct_greedy,g_pair_seed_sweep_d13_d24,0,"13,24","[13, 24]",g_pair_seed_sweep_d13_d24,fallback exhaustive two-channel full-sequence seed sweep,"{""cardinality"": 2, ""fallback_reason"": ""all_singletons_failed"", ""phase"": ""pair_seed_fallback"", ""reused_existing_evaluation"": false}",2026-08-14T19:50:59.676246+00:00
direct_greedy,g_pair_seed_sweep_d13_d25,0,"13,25","[13, 25]",g_pair_seed_sweep_d13_d25,fallback exhaustive two-channel full-sequence seed sweep,"{""cardinality"": 2, ""fallback_reason"": ""all_singletons_failed"", ""phase"": ""pair_seed_fallback"", ""reused_existing_evaluation"": false}",2026-08-14T19:51:27.789127+00:00
direct_greedy,g_pair_seed_sweep_d13_d26,0,"13,26","[13, 26]",g_pair_seed_sweep_d13_d26,fallback exhaustive two-channel full-sequence seed sweep,"{""cardinality"": 2, ""fallback_reason"": ""all_singletons_failed"", ""phase"": ""pair_seed_fallback"", ""reused_existing_evaluation"": false}",2026-08-14T19:51:47.722624+00:00
direct_greedy,g_pair_seed_sweep_d13_d27,0,"13,27","[13, 27]",g_pair_seed_sweep_d13_d27,fallback exhaustive two-channel full-sequence seed sweep,"{""cardinality"": 2, ""fallback_reason"": ""all_singletons_failed"", ""phase"": ""pair_seed_fallback"", ""reused_existing_evaluation"": false}",2026-08-14T19:52:08.834560+00:00
direct_greedy,g_pair_seed_sweep_d13_d28,0,"13,28","[13, 28]",g_pair_seed_sweep_d13_d28,fallback exhaustive two-channel full-sequence seed sweep,"{""cardinality"": 2, ""fallback_reason"": ""all_singletons_failed"", ""phase"": ""pair_seed_fallback"", ""reused_existing_evaluation"": false}",2026-08-14T19:52:19.949726+00:00
direct_greedy,g_pair_seed_sweep_d13_d29,0,"13,29","[13, 29]",g_pair_seed_sweep_d13_d29,fallback exhaustive two-channel full-sequence seed sweep,"{""cardinality"": 2, ""fallback_reason"": ""all_singletons_failed"", ""phase"": ""pair_seed_fallback"", ""reused_existing_evaluation"": false}",2026-08-14T19:52:28.666103+00:00
direct_greedy,g_pair_seed_sweep_d13_d30,0,"13,30","[13, 30]",g_pair_seed_sweep_d13_d30,fallback exhaustive two-channel full-sequence seed sweep,"{""cardinality"": 2, ""fallback_reason"": ""all_singletons_failed"", ""phase"": ""pair_seed_fallback"", ""reused_existing_evaluation"": false}",2026-08-14T19:52:39.593166+00:00
direct_greedy,g_pair_seed_sweep_d13_d31,0,"13,31","[13, 31]",g_pair_seed_sweep_d13_d31,fallback exhaustive two-channel full-sequence seed sweep,"{""cardinality"": 2, ""fallback_reason"": ""all_singletons_failed"", ""phase"": ""pair_seed_fallback"", ""reused_existing_evaluation"": false}",2026-08-14T19:53:41.035510+00:00
direct_greedy,g_pair_seed_sweep_d14_d15,0,"14,15","[14, 15]",g_pair_seed_sweep_d14_d15,fallback exhaustive two-channel full-sequence seed sweep,"{""cardinality"": 2, ""fallback_reason"": ""all_singletons_failed"", ""phase"": ""pair_seed_fallback"", ""reused_existing_evaluation"": false}",2026-08-14T19:54:02.685782+00:00
direct_greedy,g_pair_seed_sweep_d14_d16,0,"14,16","[14, 16]",g_pair_seed_sweep_d14_d16,fallback exhaustive two-channel full-sequence seed sweep,"{""cardinality"": 2, ""fallback_reason"": ""all_singletons_failed"", ""phase"": ""pair_seed_fallback"", ""reused_existing_evaluation"": false}",2026-08-14T19:54:25.129279+00:00
direct_greedy,g_pair_seed_sweep_d14_d17,0,"14,17","[14, 17]",g_pair_seed_sweep_d14_d17,fallback exhaustive two-channel full-sequence seed sweep,"{""cardinality"": 2, ""fallback_reason"": ""all_singletons_failed"", ""phase"": ""pair_seed_fallback"", ""reused_existing_evaluation"": false}",2026-08-14T19:54:44.785299+00:00
direct_greedy,g_pair_seed_sweep_d14_d18,0,"14,18","[14, 18]",g_pair_seed_sweep_d14_d18,fallback exhaustive two-channel full-sequence seed sweep,"{""cardinality"": 2, ""fallback_reason"": ""all_singletons_failed"", ""phase"": ""pair_seed_fallback"", ""reused_existing_evaluation"": false}",2026-08-14T19:55:02.314162+00:00
direct_greedy,g_pair_seed_sweep_d14_d19,0,"14,19","[14, 19]",g_pair_seed_sweep_d14_d19,fallback exhaustive two-channel full-sequence seed sweep,"{""cardinality"": 2, ""fallback_reason"": ""all_singletons_failed"", ""phase"": ""pair_seed_fallback"", ""reused_existing_evaluation"": false}",2026-08-14T19:55:56.552277+00:00
direct_greedy,g_pair_seed_sweep_d14_d20,0,"14,20","[14, 20]",g_pair_seed_sweep_d14_d20,fallback exhaustive two-channel full-sequence seed sweep,"{""cardinality"": 2, ""fallback_reason"": ""all_singletons_failed"", ""phase"": ""pair_seed_fallback"", ""reused_existing_evaluation"": false}",2026-08-14T19:56:17.739559+00:00
direct_greedy,g_pair_seed_sweep_d14_d21,0,"14,21","[14, 21]",g_pair_seed_sweep_d14_d21,fallback exhaustive two-channel full-sequence seed sweep,"{""cardinality"": 2, ""fallback_reason"": ""all_singletons_failed"", ""phase"": ""pair_seed_fallback"", ""reused_existing_evaluation"": false}",2026-08-14T19:57:08.963167+00:00
direct_greedy,g_pair_seed_sweep_d14_d22,0,"14,22","[14, 22]",g_pair_seed_sweep_d14_d22,fallback exhaustive two-channel full-sequence seed sweep,"{""cardinality"": 2, ""fallback_reason"": ""all_singletons_failed"", ""phase"": ""pair_seed_fallback"", ""reused_existing_evaluation"": false}",2026-08-14T19:57:28.874154+00:00
direct_greedy,g_pair_seed_sweep_d14_d23,0,"14,23","[14, 23]",g_pair_seed_sweep_d14_d23,fallback exhaustive two-channel full-sequence seed sweep,"{""cardinality"": 2, ""fallback_reason"": ""all_singletons_failed"", ""phase"": ""pair_seed_fallback"", ""reused_existing_evaluation"": false}",2026-08-14T19:58:28.107645+00:00
direct_greedy,g_pair_seed_sweep_d14_d24,0,"14,24","[14, 24]",g_pair_seed_sweep_d14_d24,fallback exhaustive two-channel full-sequence seed sweep,"{""cardinality"": 2, ""fallback_reason"": ""all_singletons_failed"", ""phase"": ""pair_seed_fallback"", ""reused_existing_evaluation"": false}",2026-08-14T19:59:20.834185+00:00
direct_greedy,g_pair_seed_sweep_d14_d25,0,"14,25","[14, 25]",g_pair_seed_sweep_d14_d25,fallback exhaustive two-channel full-sequence seed sweep,"{""cardinality"": 2, ""fallback_reason"": ""all_singletons_failed"", ""phase"": ""pair_seed_fallback"", ""reused_existing_evaluation"": false}",2026-08-14T19:59:50.785979+00:00
direct_greedy,g_pair_seed_sweep_d14_d26,0,"14,26","[14, 26]",g_pair_seed_sweep_d14_d26,fallback exhaustive two-channel full-sequence seed sweep,"{""cardinality"": 2, ""fallback_reason"": ""all_singletons_failed"", ""phase"": ""pair_seed_fallback"", ""reused_existing_evaluation"": false}",2026-08-14T20:00:10.296379+00:00
direct_greedy,g_pair_seed_sweep_d14_d27,0,"14,27","[14, 27]",g_pair_seed_sweep_d14_d27,fallback exhaustive two-channel full-sequence seed sweep,"{""cardinality"": 2, ""fallback_reason"": ""all_singletons_failed"", ""phase"": ""pair_seed_fallback"", ""reused_existing_evaluation"": false}",2026-08-14T20:00:31.032453+00:00
direct_greedy,g_pair_seed_sweep_d14_d28,0,"14,28","[14, 28]",g_pair_seed_sweep_d14_d28,fallback exhaustive two-channel full-sequence seed sweep,"{""cardinality"": 2, ""fallback_reason"": ""all_singletons_failed"", ""phase"": ""pair_seed_fallback"", ""reused_existing_evaluation"": false}",2026-08-14T20:00:51.278080+00:00
direct_greedy,g_pair_seed_sweep_d14_d29,0,"14,29","[14, 29]",g_pair_seed_sweep_d14_d29,fallback exhaustive two-channel full-sequence seed sweep,"{""cardinality"": 2, ""fallback_reason"": ""all_singletons_failed"", ""phase"": ""pair_seed_fallback"", ""reused_existing_evaluation"": false}",2026-08-14T20:01:10.524728+00:00
direct_greedy,g_pair_seed_sweep_d14_d30,0,"14,30","[14, 30]",g_pair_seed_sweep_d14_d30,fallback exhaustive two-channel full-sequence seed sweep,"{""cardinality"": 2, ""fallback_reason"": ""all_singletons_failed"", ""phase"": ""pair_seed_fallback"", ""reused_existing_evaluation"": false}",2026-08-14T20:01:29.241581+00:00
direct_greedy,g_pair_seed_sweep_d14_d31,0,"14,31","[14, 31]",g_pair_seed_sweep_d14_d31,fallback exhaustive two-channel full-sequence seed sweep,"{""cardinality"": 2, ""fallback_reason"": ""all_singletons_failed"", ""phase"": ""pair_seed_fallback"", ""reused_existing_evaluation"": false}",2026-08-14T20:02:33.967321+00:00
direct_greedy,g_pair_seed_sweep_d15_d16,0,"15,16","[15, 16]",g_pair_seed_sweep_d15_d16,fallback exhaustive two-channel full-sequence seed sweep,"{""cardinality"": 2, ""fallback_reason"": ""all_singletons_failed"", ""phase"": ""pair_seed_fallback"", ""reused_existing_evaluation"": false}",2026-08-14T20:02:54.435958+00:00
direct_greedy,g_pair_seed_sweep_d15_d17,0,"15,17","[15, 17]",g_pair_seed_sweep_d15_d17,fallback exhaustive two-channel full-sequence seed sweep,"{""cardinality"": 2, ""fallback_reason"": ""all_singletons_failed"", ""phase"": ""pair_seed_fallback"", ""reused_existing_evaluation"": false}",2026-08-14T20:03:54.360717+00:00
direct_greedy,g_pair_seed_sweep_d15_d18,0,"15,18","[15, 18]",g_pair_seed_sweep_d15_d18,fallback exhaustive two-channel full-sequence seed sweep,"{""cardinality"": 2, ""fallback_reason"": ""all_singletons_failed"", ""phase"": ""pair_seed_fallback"", ""reused_existing_evaluation"": false}",2026-08-14T20:04:24.912175+00:00
direct_greedy,g_pair_seed_sweep_d15_d19,0,"15,19","[15, 19]",g_pair_seed_sweep_d15_d19,fallback exhaustive two-channel full-sequence seed sweep,"{""cardinality"": 2, ""fallback_reason"": ""all_singletons_failed"", ""phase"": ""pair_seed_fallback"", ""reused_existing_evaluation"": false}",2026-08-14T20:05:15.765805+00:00
direct_greedy,g_pair_seed_sweep_d15_d20,0,"15,20","[15, 20]",g_pair_seed_sweep_d15_d20,fallback exhaustive two-channel full-sequence seed sweep,"{""cardinality"": 2, ""fallback_reason"": ""all_singletons_failed"", ""phase"": ""pair_seed_fallback"", ""reused_existing_evaluation"": false}",2026-08-14T20:05:45.177102+00:00
direct_greedy,g_pair_seed_sweep_d15_d21,0,"15,21","[15, 21]",g_pair_seed_sweep_d15_d21,fallback exhaustive two-channel full-sequence seed sweep,"{""cardinality"": 2, ""fallback_reason"": ""all_singletons_failed"", ""phase"": ""pair_seed_fallback"", ""reused_existing_evaluation"": false}",2026-08-14T20:06:34.744356+00:00
direct_greedy,g_pair_seed_sweep_d15_d22,0,"15,22","[15, 22]",g_pair_seed_sweep_d15_d22,fallback exhaustive two-channel full-sequence seed sweep,"{""cardinality"": 2, ""fallback_reason"": ""all_singletons_failed"", ""phase"": ""pair_seed_fallback"", ""reused_existing_evaluation"": false}",2026-08-14T20:06:56.025462+00:00
direct_greedy,g_pair_seed_sweep_d15_d23,0,"15,23","[15, 23]",g_pair_seed_sweep_d15_d23,fallback exhaustive two-channel full-sequence seed sweep,"{""cardinality"": 2, ""fallback_reason"": ""all_singletons_failed"", ""phase"": ""pair_seed_fallback"", ""reused_existing_evaluation"": false}",2026-08-14T20:07:53.105034+00:00
direct_greedy,g_pair_seed_sweep_d15_d24,0,"15,24","[15, 24]",g_pair_seed_sweep_d15_d24,fallback exhaustive two-channel full-sequence seed sweep,"{""cardinality"": 2, ""fallback_reason"": ""all_singletons_failed"", ""phase"": ""pair_seed_fallback"", ""reused_existing_evaluation"": false}",2026-08-14T20:08:43.818629+00:00
direct_greedy,g_pair_seed_sweep_d15_d25,0,"15,25","[15, 25]",g_pair_seed_sweep_d15_d25,fallback exhaustive two-channel full-sequence seed sweep,"{""cardinality"": 2, ""fallback_reason"": ""all_singletons_failed"", ""phase"": ""pair_seed_fallback"", ""reused_existing_evaluation"": false}",2026-08-14T20:09:39.959171+00:00
direct_greedy,g_pair_seed_sweep_d15_d26,0,"15,26","[15, 26]",g_pair_seed_sweep_d15_d26,fallback exhaustive two-channel full-sequence seed sweep,"{""cardinality"": 2, ""fallback_reason"": ""all_singletons_failed"", ""phase"": ""pair_seed_fallback"", ""reused_existing_evaluation"": false}",2026-08-14T20:10:10.715473+00:00
direct_greedy,g_pair_seed_sweep_d15_d27,0,"15,27","[15, 27]",g_pair_seed_sweep_d15_d27,fallback exhaustive two-channel full-sequence seed sweep,"{""cardinality"": 2, ""fallback_reason"": ""all_singletons_failed"", ""phase"": ""pair_seed_fallback"", ""reused_existing_evaluation"": false}",2026-08-14T20:11:09.327162+00:00
direct_greedy,g_pair_seed_sweep_d15_d28,0,"15,28","[15, 28]",g_pair_seed_sweep_d15_d28,fallback exhaustive two-channel full-sequence seed sweep,"{""cardinality"": 2, ""fallback_reason"": ""all_singletons_failed"", ""phase"": ""pair_seed_fallback"", ""reused_existing_evaluation"": false}",2026-08-14T20:11:38.949309+00:00
direct_greedy,g_pair_seed_sweep_d15_d29,0,"15,29","[15, 29]",g_pair_seed_sweep_d15_d29,fallback exhaustive two-channel full-sequence seed sweep,"{""cardinality"": 2, ""fallback_reason"": ""all_singletons_failed"", ""phase"": ""pair_seed_fallback"", ""reused_existing_evaluation"": false}",2026-08-14T20:11:56.709540+00:00
direct_greedy,g_pair_seed_sweep_d15_d30,0,"15,30","[15, 30]",g_pair_seed_sweep_d15_d30,fallback exhaustive two-channel full-sequence seed sweep,"{""cardinality"": 2, ""fallback_reason"": ""all_singletons_failed"", ""phase"": ""pair_seed_fallback"", ""reused_existing_evaluation"": false}",2026-08-14T20:12:16.544517+00:00
direct_greedy,g_pair_seed_sweep_d15_d31,0,"15,31","[15, 31]",g_pair_seed_sweep_d15_d31,fallback exhaustive two-channel full-sequence seed sweep,"{""cardinality"": 2, ""fallback_reason"": ""all_singletons_failed"", ""phase"": ""pair_seed_fallback"", ""reused_existing_evaluation"": false}",2026-08-14T20:13:12.854076+00:00
direct_greedy,g_pair_seed_sweep_d16_d17,0,"16,17","[16, 17]",g_pair_seed_sweep_d16_d17,fallback exhaustive two-channel full-sequence seed sweep,"{""cardinality"": 2, ""fallback_reason"": ""all_singletons_failed"", ""phase"": ""pair_seed_fallback"", ""reused_existing_evaluation"": false}",2026-08-14T20:13:35.294137+00:00
direct_greedy,g_pair_seed_sweep_d16_d18,0,"16,18","[16, 18]",g_pair_seed_sweep_d16_d18,fallback exhaustive two-channel full-sequence seed sweep,"{""cardinality"": 2, ""fallback_reason"": ""all_singletons_failed"", ""phase"": ""pair_seed_fallback"", ""reused_existing_evaluation"": false}",2026-08-14T20:13:46.415455+00:00
direct_greedy,g_pair_seed_sweep_d16_d19,0,"16,19","[16, 19]",g_pair_seed_sweep_d16_d19,fallback exhaustive two-channel full-sequence seed sweep,"{""cardinality"": 2, ""fallback_reason"": ""all_singletons_failed"", ""phase"": ""pair_seed_fallback"", ""reused_existing_evaluation"": false}",2026-08-14T20:14:40.121538+00:00
direct_greedy,g_pair_seed_sweep_d16_d20,0,"16,20","[16, 20]",g_pair_seed_sweep_d16_d20,fallback exhaustive two-channel full-sequence seed sweep,"{""cardinality"": 2, ""fallback_reason"": ""all_singletons_failed"", ""phase"": ""pair_seed_fallback"", ""reused_existing_evaluation"": false}",2026-08-14T20:15:11.930165+00:00
direct_greedy,g_pair_seed_sweep_d16_d21,0,"16,21","[16, 21]",g_pair_seed_sweep_d16_d21,fallback exhaustive two-channel full-sequence seed sweep,"{""cardinality"": 2, ""fallback_reason"": ""all_singletons_failed"", ""phase"": ""pair_seed_fallback"", ""reused_existing_evaluation"": false}",2026-08-14T20:16:03.011009+00:00
direct_greedy,g_pair_seed_sweep_d16_d22,0,"16,22","[16, 22]",g_pair_seed_sweep_d16_d22,fallback exhaustive two-channel full-sequence seed sweep,"{""cardinality"": 2, ""fallback_reason"": ""all_singletons_failed"", ""phase"": ""pair_seed_fallback"", ""reused_existing_evaluation"": false}",2026-08-14T20:16:21.989025+00:00
direct_greedy,g_pair_seed_sweep_d16_d23,0,"16,23","[16, 23]",g_pair_seed_sweep_d16_d23,fallback exhaustive two-channel full-sequence seed sweep,"{""cardinality"": 2, ""fallback_reason"": ""all_singletons_failed"", ""phase"": ""pair_seed_fallback"", ""reused_existing_evaluation"": false}",2026-08-14T20:17:21.134900+00:00
direct_greedy,g_pair_seed_sweep_d16_d24,0,"16,24","[16, 24]",g_pair_seed_sweep_d16_d24,fallback exhaustive two-channel full-sequence seed sweep,"{""cardinality"": 2, ""fallback_reason"": ""all_singletons_failed"", ""phase"": ""pair_seed_fallback"", ""reused_existing_evaluation"": false}",2026-08-14T20:18:14.118939+00:00
direct_greedy,g_pair_seed_sweep_d16_d25,0,"16,25","[16, 25]",g_pair_seed_sweep_d16_d25,fallback exhaustive two-channel full-sequence seed sweep,"{""cardinality"": 2, ""fallback_reason"": ""all_singletons_failed"", ""phase"": ""pair_seed_fallback"", ""reused_existing_evaluation"": false}",2026-08-14T20:18:43.810770+00:00
direct_greedy,g_pair_seed_sweep_d16_d26,0,"16,26","[16, 26]",g_pair_seed_sweep_d16_d26,fallback exhaustive two-channel full-sequence seed sweep,"{""cardinality"": 2, ""fallback_reason"": ""all_singletons_failed"", ""phase"": ""pair_seed_fallback"", ""reused_existing_evaluation"": false}",2026-08-14T20:19:03.732515+00:00
direct_greedy,g_pair_seed_sweep_d16_d27,0,"16,27","[16, 27]",g_pair_seed_sweep_d16_d27,fallback exhaustive two-channel full-sequence seed sweep,"{""cardinality"": 2, ""fallback_reason"": ""all_singletons_failed"", ""phase"": ""pair_seed_fallback"", ""reused_existing_evaluation"": false}",2026-08-14T20:19:27.682007+00:00
direct_greedy,g_pair_seed_sweep_d16_d28,0,"16,28","[16, 28]",g_pair_seed_sweep_d16_d28,fallback exhaustive two-channel full-sequence seed sweep,"{""cardinality"": 2, ""fallback_reason"": ""all_singletons_failed"", ""phase"": ""pair_seed_fallback"", ""reused_existing_evaluation"": false}",2026-08-14T20:19:38.733571+00:00
direct_greedy,g_pair_seed_sweep_d16_d29,0,"16,29","[16, 29]",g_pair_seed_sweep_d16_d29,fallback exhaustive two-channel full-sequence seed sweep,"{""cardinality"": 2, ""fallback_reason"": ""all_singletons_failed"", ""phase"": ""pair_seed_fallback"", ""reused_existing_evaluation"": false}",2026-08-14T20:19:49.384962+00:00
direct_greedy,g_pair_seed_sweep_d16_d30,0,"16,30","[16, 30]",g_pair_seed_sweep_d16_d30,fallback exhaustive two-channel full-sequence seed sweep,"{""cardinality"": 2, ""fallback_reason"": ""all_singletons_failed"", ""phase"": ""pair_seed_fallback"", ""reused_existing_evaluation"": false}",2026-08-14T20:20:09.609353+00:00
direct_greedy,g_pair_seed_sweep_d16_d31,0,"16,31","[16, 31]",g_pair_seed_sweep_d16_d31,fallback exhaustive two-channel full-sequence seed sweep,"{""cardinality"": 2, ""fallback_reason"": ""all_singletons_failed"", ""phase"": ""pair_seed_fallback"", ""reused_existing_evaluation"": false}",2026-08-14T20:21:14.500559+00:00
direct_greedy,g_pair_seed_sweep_d17_d18,0,"17,18","[17, 18]",g_pair_seed_sweep_d17_d18,fallback exhaustive two-channel full-sequence seed sweep,"{""cardinality"": 2, ""fallback_reason"": ""all_singletons_failed"", ""phase"": ""pair_seed_fallback"", ""reused_existing_evaluation"": false}",2026-08-14T20:21:46.334408+00:00
direct_greedy,g_pair_seed_sweep_d17_d19,0,"17,19","[17, 19]",g_pair_seed_sweep_d17_d19,fallback exhaustive two-channel full-sequence seed sweep,"{""cardinality"": 2, ""fallback_reason"": ""all_singletons_failed"", ""phase"": ""pair_seed_fallback"", ""reused_existing_evaluation"": false}",2026-08-14T20:22:38.875884+00:00
direct_greedy,g_pair_seed_sweep_d17_d20,0,"17,20","[17, 20]",g_pair_seed_sweep_d17_d20,fallback exhaustive two-channel full-sequence seed sweep,"{""cardinality"": 2, ""fallback_reason"": ""all_singletons_failed"", ""phase"": ""pair_seed_fallback"", ""reused_existing_evaluation"": false}",2026-08-14T20:23:09.121251+00:00
direct_greedy,g_pair_seed_sweep_d17_d21,0,"17,21","[17, 21]",g_pair_seed_sweep_d17_d21,fallback exhaustive two-channel full-sequence seed sweep,"{""cardinality"": 2, ""fallback_reason"": ""all_singletons_failed"", ""phase"": ""pair_seed_fallback"", ""reused_existing_evaluation"": false}",2026-08-14T20:23:59.067127+00:00
direct_greedy,g_pair_seed_sweep_d17_d22,0,"17,22","[17, 22]",g_pair_seed_sweep_d17_d22,fallback exhaustive two-channel full-sequence seed sweep,"{""cardinality"": 2, ""fallback_reason"": ""all_singletons_failed"", ""phase"": ""pair_seed_fallback"", ""reused_existing_evaluation"": false}",2026-08-14T20:24:19.342648+00:00
direct_greedy,g_pair_seed_sweep_d17_d23,0,"17,23","[17, 23]",g_pair_seed_sweep_d17_d23,fallback exhaustive two-channel full-sequence seed sweep,"{""cardinality"": 2, ""fallback_reason"": ""all_singletons_failed"", ""phase"": ""pair_seed_fallback"", ""reused_existing_evaluation"": false}",2026-08-14T20:25:16.581919+00:00
direct_greedy,g_pair_seed_sweep_d17_d24,0,"17,24","[17, 24]",g_pair_seed_sweep_d17_d24,fallback exhaustive two-channel full-sequence seed sweep,"{""cardinality"": 2, ""fallback_reason"": ""all_singletons_failed"", ""phase"": ""pair_seed_fallback"", ""reused_existing_evaluation"": false}",2026-08-14T20:26:08.522572+00:00
direct_greedy,g_pair_seed_sweep_d17_d25,0,"17,25","[17, 25]",g_pair_seed_sweep_d17_d25,fallback exhaustive two-channel full-sequence seed sweep,"{""cardinality"": 2, ""fallback_reason"": ""all_singletons_failed"", ""phase"": ""pair_seed_fallback"", ""reused_existing_evaluation"": false}",2026-08-14T20:26:37.064559+00:00
direct_greedy,g_pair_seed_sweep_d17_d26,0,"17,26","[17, 26]",g_pair_seed_sweep_d17_d26,fallback exhaustive two-channel full-sequence seed sweep,"{""cardinality"": 2, ""fallback_reason"": ""all_singletons_failed"", ""phase"": ""pair_seed_fallback"", ""reused_existing_evaluation"": false}",2026-08-14T20:27:07.264152+00:00
direct_greedy,g_pair_seed_sweep_d17_d27,0,"17,27","[17, 27]",g_pair_seed_sweep_d17_d27,fallback exhaustive two-channel full-sequence seed sweep,"{""cardinality"": 2, ""fallback_reason"": ""all_singletons_failed"", ""phase"": ""pair_seed_fallback"", ""reused_existing_evaluation"": false}",2026-08-14T20:27:37.978719+00:00
direct_greedy,g_pair_seed_sweep_d17_d28,0,"17,28","[17, 28]",g_pair_seed_sweep_d17_d28,fallback exhaustive two-channel full-sequence seed sweep,"{""cardinality"": 2, ""fallback_reason"": ""all_singletons_failed"", ""phase"": ""pair_seed_fallback"", ""reused_existing_evaluation"": false}",2026-08-14T20:28:42.135777+00:00
direct_greedy,g_pair_seed_sweep_d17_d29,0,"17,29","[17, 29]",g_pair_seed_sweep_d17_d29,fallback exhaustive two-channel full-sequence seed sweep,"{""cardinality"": 2, ""fallback_reason"": ""all_singletons_failed"", ""phase"": ""pair_seed_fallback"", ""reused_existing_evaluation"": false}",2026-08-14T20:29:01.618385+00:00
direct_greedy,g_pair_seed_sweep_d17_d30,0,"17,30","[17, 30]",g_pair_seed_sweep_d17_d30,fallback exhaustive two-channel full-sequence seed sweep,"{""cardinality"": 2, ""fallback_reason"": ""all_singletons_failed"", ""phase"": ""pair_seed_fallback"", ""reused_existing_evaluation"": false}",2026-08-14T20:29:20.540056+00:00
direct_greedy,g_pair_seed_sweep_d17_d31,0,"17,31","[17, 31]",g_pair_seed_sweep_d17_d31,fallback exhaustive two-channel full-sequence seed sweep,"{""cardinality"": 2, ""fallback_reason"": ""all_singletons_failed"", ""phase"": ""pair_seed_fallback"", ""reused_existing_evaluation"": false}",2026-08-14T20:30:24.382442+00:00
direct_greedy,g_pair_seed_sweep_d18_d19,0,"18,19","[18, 19]",g_pair_seed_sweep_d18_d19,fallback exhaustive two-channel full-sequence seed sweep,"{""cardinality"": 2, ""fallback_reason"": ""all_singletons_failed"", ""phase"": ""pair_seed_fallback"", ""reused_existing_evaluation"": false}",2026-08-14T20:31:17.018479+00:00
direct_greedy,g_pair_seed_sweep_d18_d20,0,"18,20","[18, 20]",g_pair_seed_sweep_d18_d20,fallback exhaustive two-channel full-sequence seed sweep,"{""cardinality"": 2, ""fallback_reason"": ""all_singletons_failed"", ""phase"": ""pair_seed_fallback"", ""reused_existing_evaluation"": false}",2026-08-14T20:31:46.292282+00:00
direct_greedy,g_pair_seed_sweep_d18_d21,0,"18,21","[18, 21]",g_pair_seed_sweep_d18_d21,fallback exhaustive two-channel full-sequence seed sweep,"{""cardinality"": 2, ""fallback_reason"": ""all_singletons_failed"", ""phase"": ""pair_seed_fallback"", ""reused_existing_evaluation"": false}",2026-08-14T20:32:35.944762+00:00
direct_greedy,g_pair_seed_sweep_d18_d22,0,"18,22","[18, 22]",g_pair_seed_sweep_d18_d22,fallback exhaustive two-channel full-sequence seed sweep,"{""cardinality"": 2, ""fallback_reason"": ""all_singletons_failed"", ""phase"": ""pair_seed_fallback"", ""reused_existing_evaluation"": false}",2026-08-14T20:32:56.304761+00:00
direct_greedy,g_pair_seed_sweep_d18_d23,0,"18,23","[18, 23]",g_pair_seed_sweep_d18_d23,fallback exhaustive two-channel full-sequence seed sweep,"{""cardinality"": 2, ""fallback_reason"": ""all_singletons_failed"", ""phase"": ""pair_seed_fallback"", ""reused_existing_evaluation"": false}",2026-08-14T20:33:53.441264+00:00
direct_greedy,g_pair_seed_sweep_d18_d24,0,"18,24","[18, 24]",g_pair_seed_sweep_d18_d24,fallback exhaustive two-channel full-sequence seed sweep,"{""cardinality"": 2, ""fallback_reason"": ""all_singletons_failed"", ""phase"": ""pair_seed_fallback"", ""reused_existing_evaluation"": false}",2026-08-14T20:34:45.808171+00:00
direct_greedy,g_pair_seed_sweep_d18_d25,0,"18,25","[18, 25]",g_pair_seed_sweep_d18_d25,fallback exhaustive two-channel full-sequence seed sweep,"{""cardinality"": 2, ""fallback_reason"": ""all_singletons_failed"", ""phase"": ""pair_seed_fallback"", ""reused_existing_evaluation"": false}",2026-08-14T20:35:14.344775+00:00
direct_greedy,g_pair_seed_sweep_d18_d26,0,"18,26","[18, 26]",g_pair_seed_sweep_d18_d26,fallback exhaustive two-channel full-sequence seed sweep,"{""cardinality"": 2, ""fallback_reason"": ""all_singletons_failed"", ""phase"": ""pair_seed_fallback"", ""reused_existing_evaluation"": false}",2026-08-14T20:35:45.351469+00:00
direct_greedy,g_pair_seed_sweep_d18_d27,0,"18,27","[18, 27]",g_pair_seed_sweep_d18_d27,fallback exhaustive two-channel full-sequence seed sweep,"{""cardinality"": 2, ""fallback_reason"": ""all_singletons_failed"", ""phase"": ""pair_seed_fallback"", ""reused_existing_evaluation"": false}",2026-08-14T20:36:44.577594+00:00
direct_greedy,g_pair_seed_sweep_d18_d28,0,"18,28","[18, 28]",g_pair_seed_sweep_d18_d28,fallback exhaustive two-channel full-sequence seed sweep,"{""cardinality"": 2, ""fallback_reason"": ""all_singletons_failed"", ""phase"": ""pair_seed_fallback"", ""reused_existing_evaluation"": false}",2026-08-14T20:37:16.747555+00:00
direct_greedy,g_pair_seed_sweep_d18_d29,0,"18,29","[18, 29]",g_pair_seed_sweep_d18_d29,fallback exhaustive two-channel full-sequence seed sweep,"{""cardinality"": 2, ""fallback_reason"": ""all_singletons_failed"", ""phase"": ""pair_seed_fallback"", ""reused_existing_evaluation"": false}",2026-08-14T20:37:44.387396+00:00
direct_greedy,g_pair_seed_sweep_d18_d30,0,"18,30","[18, 30]",g_pair_seed_sweep_d18_d30,fallback exhaustive two-channel full-sequence seed sweep,"{""cardinality"": 2, ""fallback_reason"": ""all_singletons_failed"", ""phase"": ""pair_seed_fallback"", ""reused_existing_evaluation"": false}",2026-08-14T20:38:03.836214+00:00
direct_greedy,g_pair_seed_sweep_d18_d31,0,"18,31","[18, 31]",g_pair_seed_sweep_d18_d31,fallback exhaustive two-channel full-sequence seed sweep,"{""cardinality"": 2, ""fallback_reason"": ""all_singletons_failed"", ""phase"": ""pair_seed_fallback"", ""reused_existing_evaluation"": false}",2026-08-14T20:39:04.096374+00:00
direct_greedy,g_pair_seed_sweep_d19_d20,0,"19,20","[19, 20]",g_pair_seed_sweep_d19_d20,fallback exhaustive two-channel full-sequence seed sweep,"{""cardinality"": 2, ""fallback_reason"": ""all_singletons_failed"", ""phase"": ""pair_seed_fallback"", ""reused_existing_evaluation"": false}",2026-08-14T20:39:54.450724+00:00
direct_greedy,g_pair_seed_sweep_d19_d21,0,"19,21","[19, 21]",g_pair_seed_sweep_d19_d21,fallback exhaustive two-channel full-sequence seed sweep,"{""cardinality"": 2, ""fallback_reason"": ""all_singletons_failed"", ""phase"": ""pair_seed_fallback"", ""reused_existing_evaluation"": false}",2026-08-14T20:40:44.968377+00:00
direct_greedy,g_pair_seed_sweep_d19_d22,0,"19,22","[19, 22]",g_pair_seed_sweep_d19_d22,fallback exhaustive two-channel full-sequence seed sweep,"{""cardinality"": 2, ""fallback_reason"": ""all_singletons_failed"", ""phase"": ""pair_seed_fallback"", ""reused_existing_evaluation"": false}",2026-08-14T20:41:02.820740+00:00
direct_greedy,g_pair_seed_sweep_d19_d23,0,"19,23","[19, 23]",g_pair_seed_sweep_d19_d23,fallback exhaustive two-channel full-sequence seed sweep,"{""cardinality"": 2, ""fallback_reason"": ""all_singletons_failed"", ""phase"": ""pair_seed_fallback"", ""reused_existing_evaluation"": false}",2026-08-14T20:41:55.708560+00:00
direct_greedy,g_pair_seed_sweep_d19_d24,0,"19,24","[19, 24]",g_pair_seed_sweep_d19_d24,fallback exhaustive two-channel full-sequence seed sweep,"{""cardinality"": 2, ""fallback_reason"": ""all_singletons_failed"", ""phase"": ""pair_seed_fallback"", ""reused_existing_evaluation"": false}",2026-08-14T20:42:47.445969+00:00
direct_greedy,g_pair_seed_sweep_d19_d25,0,"19,25","[19, 25]",g_pair_seed_sweep_d19_d25,fallback exhaustive two-channel full-sequence seed sweep,"{""cardinality"": 2, ""fallback_reason"": ""all_singletons_failed"", ""phase"": ""pair_seed_fallback"", ""reused_existing_evaluation"": false}",2026-08-14T20:43:32.782987+00:00
direct_greedy,g_pair_seed_sweep_d19_d26,0,"19,26","[19, 26]",g_pair_seed_sweep_d19_d26,fallback exhaustive two-channel full-sequence seed sweep,"{""cardinality"": 2, ""fallback_reason"": ""all_singletons_failed"", ""phase"": ""pair_seed_fallback"", ""reused_existing_evaluation"": false}",2026-08-14T20:44:25.591704+00:00
direct_greedy,g_pair_seed_sweep_d19_d27,0,"19,27","[19, 27]",g_pair_seed_sweep_d19_d27,fallback exhaustive two-channel full-sequence seed sweep,"{""cardinality"": 2, ""fallback_reason"": ""all_singletons_failed"", ""phase"": ""pair_seed_fallback"", ""reused_existing_evaluation"": false}",2026-08-14T20:45:17.499696+00:00
direct_greedy,g_pair_seed_sweep_d19_d28,0,"19,28","[19, 28]",g_pair_seed_sweep_d19_d28,fallback exhaustive two-channel full-sequence seed sweep,"{""cardinality"": 2, ""fallback_reason"": ""all_singletons_failed"", ""phase"": ""pair_seed_fallback"", ""reused_existing_evaluation"": false}",2026-08-14T20:46:11.845566+00:00
direct_greedy,g_pair_seed_sweep_d19_d29,0,"19,29","[19, 29]",g_pair_seed_sweep_d19_d29,fallback exhaustive two-channel full-sequence seed sweep,"{""cardinality"": 2, ""fallback_reason"": ""all_singletons_failed"", ""phase"": ""pair_seed_fallback"", ""reused_existing_evaluation"": false}",2026-08-14T20:47:02.958625+00:00
direct_greedy,g_pair_seed_sweep_d19_d30,0,"19,30","[19, 30]",g_pair_seed_sweep_d19_d30,fallback exhaustive two-channel full-sequence seed sweep,"{""cardinality"": 2, ""fallback_reason"": ""all_singletons_failed"", ""phase"": ""pair_seed_fallback"", ""reused_existing_evaluation"": false}",2026-08-14T20:47:52.864581+00:00
direct_greedy,g_pair_seed_sweep_d19_d31,0,"19,31","[19, 31]",g_pair_seed_sweep_d19_d31,fallback exhaustive two-channel full-sequence seed sweep,"{""cardinality"": 2, ""fallback_reason"": ""all_singletons_failed"", ""phase"": ""pair_seed_fallback"", ""reused_existing_evaluation"": false}",2026-08-14T20:48:46.532797+00:00
direct_greedy,g_pair_seed_sweep_d20_d21,0,"20,21","[20, 21]",g_pair_seed_sweep_d20_d21,fallback exhaustive two-channel full-sequence seed sweep,"{""cardinality"": 2, ""fallback_reason"": ""all_singletons_failed"", ""phase"": ""pair_seed_fallback"", ""reused_existing_evaluation"": false}",2026-08-14T20:49:35.765954+00:00
direct_greedy,g_pair_seed_sweep_d20_d22,0,"20,22","[20, 22]",g_pair_seed_sweep_d20_d22,fallback exhaustive two-channel full-sequence seed sweep,"{""cardinality"": 2, ""fallback_reason"": ""all_singletons_failed"", ""phase"": ""pair_seed_fallback"", ""reused_existing_evaluation"": false}",2026-08-14T20:49:56.799182+00:00
direct_greedy,g_pair_seed_sweep_d20_d23,0,"20,23","[20, 23]",g_pair_seed_sweep_d20_d23,fallback exhaustive two-channel full-sequence seed sweep,"{""cardinality"": 2, ""fallback_reason"": ""all_singletons_failed"", ""phase"": ""pair_seed_fallback"", ""reused_existing_evaluation"": false}",2026-08-14T20:50:27.388019+00:00
direct_greedy,g_pair_seed_sweep_d20_d24,0,"20,24","[20, 24]",g_pair_seed_sweep_d20_d24,fallback exhaustive two-channel full-sequence seed sweep,"{""cardinality"": 2, ""fallback_reason"": ""all_singletons_failed"", ""phase"": ""pair_seed_fallback"", ""reused_existing_evaluation"": false}",2026-08-14T20:51:17.530663+00:00
direct_greedy,g_pair_seed_sweep_d20_d25,0,"20,25","[20, 25]",g_pair_seed_sweep_d20_d25,fallback exhaustive two-channel full-sequence seed sweep,"{""cardinality"": 2, ""fallback_reason"": ""all_singletons_failed"", ""phase"": ""pair_seed_fallback"", ""reused_existing_evaluation"": false}",2026-08-14T20:52:12.931440+00:00
direct_greedy,g_pair_seed_sweep_d20_d26,0,"20,26","[20, 26]",g_pair_seed_sweep_d20_d26,fallback exhaustive two-channel full-sequence seed sweep,"{""cardinality"": 2, ""fallback_reason"": ""all_singletons_failed"", ""phase"": ""pair_seed_fallback"", ""reused_existing_evaluation"": false}",2026-08-14T20:52:43.364508+00:00
direct_greedy,g_pair_seed_sweep_d20_d27,0,"20,27","[20, 27]",g_pair_seed_sweep_d20_d27,fallback exhaustive two-channel full-sequence seed sweep,"{""cardinality"": 2, ""fallback_reason"": ""all_singletons_failed"", ""phase"": ""pair_seed_fallback"", ""reused_existing_evaluation"": false}",2026-08-14T20:53:10.887179+00:00
direct_greedy,g_pair_seed_sweep_d20_d28,0,"20,28","[20, 28]",g_pair_seed_sweep_d20_d28,fallback exhaustive two-channel full-sequence seed sweep,"{""cardinality"": 2, ""fallback_reason"": ""all_singletons_failed"", ""phase"": ""pair_seed_fallback"", ""reused_existing_evaluation"": false}",2026-08-14T20:53:41.825096+00:00
direct_greedy,g_pair_seed_sweep_d20_d29,0,"20,29","[20, 29]",g_pair_seed_sweep_d20_d29,fallback exhaustive two-channel full-sequence seed sweep,"{""cardinality"": 2, ""fallback_reason"": ""all_singletons_failed"", ""phase"": ""pair_seed_fallback"", ""reused_existing_evaluation"": false}",2026-08-14T20:54:02.131034+00:00
direct_greedy,g_pair_seed_sweep_d20_d30,0,"20,30","[20, 30]",g_pair_seed_sweep_d20_d30,fallback exhaustive two-channel full-sequence seed sweep,"{""cardinality"": 2, ""fallback_reason"": ""all_singletons_failed"", ""phase"": ""pair_seed_fallback"", ""reused_existing_evaluation"": false}",2026-08-14T20:54:22.665187+00:00
direct_greedy,g_pair_seed_sweep_d20_d31,0,"20,31","[20, 31]",g_pair_seed_sweep_d20_d31,fallback exhaustive two-channel full-sequence seed sweep,"{""cardinality"": 2, ""fallback_reason"": ""all_singletons_failed"", ""phase"": ""pair_seed_fallback"", ""reused_existing_evaluation"": false}",2026-08-14T20:55:23.222533+00:00
direct_greedy,g_pair_seed_sweep_d21_d22,0,"21,22","[21, 22]",g_pair_seed_sweep_d21_d22,fallback exhaustive two-channel full-sequence seed sweep,"{""cardinality"": 2, ""fallback_reason"": ""all_singletons_failed"", ""phase"": ""pair_seed_fallback"", ""reused_existing_evaluation"": false}",2026-08-14T20:56:13.519107+00:00
direct_greedy,g_pair_seed_sweep_d21_d23,0,"21,23","[21, 23]",g_pair_seed_sweep_d21_d23,fallback exhaustive two-channel full-sequence seed sweep,"{""cardinality"": 2, ""fallback_reason"": ""all_singletons_failed"", ""phase"": ""pair_seed_fallback"", ""reused_existing_evaluation"": false}",2026-08-14T20:57:04.852740+00:00
direct_greedy,g_pair_seed_sweep_d21_d24,0,"21,24","[21, 24]",g_pair_seed_sweep_d21_d24,fallback exhaustive two-channel full-sequence seed sweep,"{""cardinality"": 2, ""fallback_reason"": ""all_singletons_failed"", ""phase"": ""pair_seed_fallback"", ""reused_existing_evaluation"": false}",2026-08-14T20:57:55.282540+00:00
direct_greedy,g_pair_seed_sweep_d21_d25,0,"21,25","[21, 25]",g_pair_seed_sweep_d21_d25,fallback exhaustive two-channel full-sequence seed sweep,"{""cardinality"": 2, ""fallback_reason"": ""all_singletons_failed"", ""phase"": ""pair_seed_fallback"", ""reused_existing_evaluation"": false}",2026-08-14T20:58:24.235816+00:00
direct_greedy,g_pair_seed_sweep_d21_d26,0,"21,26","[21, 26]",g_pair_seed_sweep_d21_d26,fallback exhaustive two-channel full-sequence seed sweep,"{""cardinality"": 2, ""fallback_reason"": ""all_singletons_failed"", ""phase"": ""pair_seed_fallback"", ""reused_existing_evaluation"": false}",2026-08-14T20:59:15.123393+00:00
direct_greedy,g_pair_seed_sweep_d21_d27,0,"21,27","[21, 27]",g_pair_seed_sweep_d21_d27,fallback exhaustive two-channel full-sequence seed sweep,"{""cardinality"": 2, ""fallback_reason"": ""all_singletons_failed"", ""phase"": ""pair_seed_fallback"", ""reused_existing_evaluation"": false}",2026-08-14T21:00:05.042571+00:00
direct_greedy,g_pair_seed_sweep_d21_d28,0,"21,28","[21, 28]",g_pair_seed_sweep_d21_d28,fallback exhaustive two-channel full-sequence seed sweep,"{""cardinality"": 2, ""fallback_reason"": ""all_singletons_failed"", ""phase"": ""pair_seed_fallback"", ""reused_existing_evaluation"": false}",2026-08-14T21:00:58.786453+00:00
direct_greedy,g_pair_seed_sweep_d21_d29,0,"21,29","[21, 29]",g_pair_seed_sweep_d21_d29,fallback exhaustive two-channel full-sequence seed sweep,"{""cardinality"": 2, ""fallback_reason"": ""all_singletons_failed"", ""phase"": ""pair_seed_fallback"", ""reused_existing_evaluation"": false}",2026-08-14T21:01:48.355688+00:00
direct_greedy,g_pair_seed_sweep_d21_d30,0,"21,30","[21, 30]",g_pair_seed_sweep_d21_d30,fallback exhaustive two-channel full-sequence seed sweep,"{""cardinality"": 2, ""fallback_reason"": ""all_singletons_failed"", ""phase"": ""pair_seed_fallback"", ""reused_existing_evaluation"": false}",2026-08-14T21:02:37.286395+00:00
direct_greedy,g_pair_seed_sweep_d21_d31,0,"21,31","[21, 31]",g_pair_seed_sweep_d21_d31,fallback exhaustive two-channel full-sequence seed sweep,"{""cardinality"": 2, ""fallback_reason"": ""all_singletons_failed"", ""phase"": ""pair_seed_fallback"", ""reused_existing_evaluation"": false}",2026-08-14T21:03:29.290709+00:00
direct_greedy,g_pair_seed_sweep_d22_d23,0,"22,23","[22, 23]",g_pair_seed_sweep_d22_d23,fallback exhaustive two-channel full-sequence seed sweep,"{""cardinality"": 2, ""fallback_reason"": ""all_singletons_failed"", ""phase"": ""pair_seed_fallback"", ""reused_existing_evaluation"": false}",2026-08-14T21:03:50.190489+00:00
direct_greedy,g_pair_seed_sweep_d22_d24,0,"22,24","[22, 24]",g_pair_seed_sweep_d22_d24,fallback exhaustive two-channel full-sequence seed sweep,"{""cardinality"": 2, ""fallback_reason"": ""all_singletons_failed"", ""phase"": ""pair_seed_fallback"", ""reused_existing_evaluation"": false}",2026-08-14T21:04:09.649032+00:00
direct_greedy,g_pair_seed_sweep_d22_d25,0,"22,25","[22, 25]",g_pair_seed_sweep_d22_d25,fallback exhaustive two-channel full-sequence seed sweep,"{""cardinality"": 2, ""fallback_reason"": ""all_singletons_failed"", ""phase"": ""pair_seed_fallback"", ""reused_existing_evaluation"": false}",2026-08-14T21:05:06.372434+00:00
direct_greedy,g_pair_seed_sweep_d22_d26,0,"22,26","[22, 26]",g_pair_seed_sweep_d22_d26,fallback exhaustive two-channel full-sequence seed sweep,"{""cardinality"": 2, ""fallback_reason"": ""all_singletons_failed"", ""phase"": ""pair_seed_fallback"", ""reused_existing_evaluation"": false}",2026-08-14T21:05:25.758064+00:00
direct_greedy,g_pair_seed_sweep_d22_d27,0,"22,27","[22, 27]",g_pair_seed_sweep_d22_d27,fallback exhaustive two-channel full-sequence seed sweep,"{""cardinality"": 2, ""fallback_reason"": ""all_singletons_failed"", ""phase"": ""pair_seed_fallback"", ""reused_existing_evaluation"": false}",2026-08-14T21:05:47.251558+00:00
direct_greedy,g_pair_seed_sweep_d22_d28,0,"22,28","[22, 28]",g_pair_seed_sweep_d22_d28,fallback exhaustive two-channel full-sequence seed sweep,"{""cardinality"": 2, ""fallback_reason"": ""all_singletons_failed"", ""phase"": ""pair_seed_fallback"", ""reused_existing_evaluation"": false}",2026-08-14T21:06:08.763225+00:00
direct_greedy,g_pair_seed_sweep_d22_d29,0,"22,29","[22, 29]",g_pair_seed_sweep_d22_d29,fallback exhaustive two-channel full-sequence seed sweep,"{""cardinality"": 2, ""fallback_reason"": ""all_singletons_failed"", ""phase"": ""pair_seed_fallback"", ""reused_existing_evaluation"": false}",2026-08-14T21:06:29.591622+00:00
direct_greedy,g_pair_seed_sweep_d22_d30,0,"22,30","[22, 30]",g_pair_seed_sweep_d22_d30,fallback exhaustive two-channel full-sequence seed sweep,"{""cardinality"": 2, ""fallback_reason"": ""all_singletons_failed"", ""phase"": ""pair_seed_fallback"", ""reused_existing_evaluation"": false}",2026-08-14T21:06:49.231700+00:00
direct_greedy,g_pair_seed_sweep_d22_d31,0,"22,31","[22, 31]",g_pair_seed_sweep_d22_d31,fallback exhaustive two-channel full-sequence seed sweep,"{""cardinality"": 2, ""fallback_reason"": ""all_singletons_failed"", ""phase"": ""pair_seed_fallback"", ""reused_existing_evaluation"": false}",2026-08-14T21:07:13.169729+00:00
direct_greedy,g_pair_seed_sweep_d23_d24,0,"23,24","[23, 24]",g_pair_seed_sweep_d23_d24,fallback exhaustive two-channel full-sequence seed sweep,"{""cardinality"": 2, ""fallback_reason"": ""all_singletons_failed"", ""phase"": ""pair_seed_fallback"", ""reused_existing_evaluation"": false}",2026-08-14T21:08:04.909080+00:00
direct_greedy,g_pair_seed_sweep_d23_d25,0,"23,25","[23, 25]",g_pair_seed_sweep_d23_d25,fallback exhaustive two-channel full-sequence seed sweep,"{""cardinality"": 2, ""fallback_reason"": ""all_singletons_failed"", ""phase"": ""pair_seed_fallback"", ""reused_existing_evaluation"": false}",2026-08-14T21:08:52.355609+00:00
direct_greedy,g_pair_seed_sweep_d23_d26,0,"23,26","[23, 26]",g_pair_seed_sweep_d23_d26,fallback exhaustive two-channel full-sequence seed sweep,"{""cardinality"": 2, ""fallback_reason"": ""all_singletons_failed"", ""phase"": ""pair_seed_fallback"", ""reused_existing_evaluation"": false}",2026-08-14T21:09:50.989262+00:00
direct_greedy,g_pair_seed_sweep_d23_d27,0,"23,27","[23, 27]",g_pair_seed_sweep_d23_d27,fallback exhaustive two-channel full-sequence seed sweep,"{""cardinality"": 2, ""fallback_reason"": ""all_singletons_failed"", ""phase"": ""pair_seed_fallback"", ""reused_existing_evaluation"": false}",2026-08-14T21:10:48.402465+00:00
direct_greedy,g_pair_seed_sweep_d23_d28,0,"23,28","[23, 28]",g_pair_seed_sweep_d23_d28,fallback exhaustive two-channel full-sequence seed sweep,"{""cardinality"": 2, ""fallback_reason"": ""all_singletons_failed"", ""phase"": ""pair_seed_fallback"", ""reused_existing_evaluation"": false}",2026-08-14T21:11:48.722842+00:00
direct_greedy,g_pair_seed_sweep_d23_d29,0,"23,29","[23, 29]",g_pair_seed_sweep_d23_d29,fallback exhaustive two-channel full-sequence seed sweep,"{""cardinality"": 2, ""fallback_reason"": ""all_singletons_failed"", ""phase"": ""pair_seed_fallback"", ""reused_existing_evaluation"": false}",2026-08-14T21:12:44.646949+00:00
direct_greedy,g_pair_seed_sweep_d23_d30,0,"23,30","[23, 30]",g_pair_seed_sweep_d23_d30,fallback exhaustive two-channel full-sequence seed sweep,"{""cardinality"": 2, ""fallback_reason"": ""all_singletons_failed"", ""phase"": ""pair_seed_fallback"", ""reused_existing_evaluation"": false}",2026-08-14T21:13:03.533747+00:00
direct_greedy,g_pair_seed_sweep_d23_d31,0,"23,31","[23, 31]",g_pair_seed_sweep_d23_d31,fallback exhaustive two-channel full-sequence seed sweep,"{""cardinality"": 2, ""fallback_reason"": ""all_singletons_failed"", ""phase"": ""pair_seed_fallback"", ""reused_existing_evaluation"": false}",2026-08-14T21:14:02.476149+00:00
direct_greedy,g_pair_seed_sweep_d24_d25,0,"24,25","[24, 25]",g_pair_seed_sweep_d24_d25,fallback exhaustive two-channel full-sequence seed sweep,"{""cardinality"": 2, ""fallback_reason"": ""all_singletons_failed"", ""phase"": ""pair_seed_fallback"", ""reused_existing_evaluation"": false}",2026-08-14T21:14:18.891216+00:00
direct_greedy,g_pair_seed_sweep_d24_d26,0,"24,26","[24, 26]",g_pair_seed_sweep_d24_d26,fallback exhaustive two-channel full-sequence seed sweep,"{""cardinality"": 2, ""fallback_reason"": ""all_singletons_failed"", ""phase"": ""pair_seed_fallback"", ""reused_existing_evaluation"": false}",2026-08-14T21:15:11.203886+00:00
direct_greedy,g_pair_seed_sweep_d24_d27,0,"24,27","[24, 27]",g_pair_seed_sweep_d24_d27,fallback exhaustive two-channel full-sequence seed sweep,"{""cardinality"": 2, ""fallback_reason"": ""all_singletons_failed"", ""phase"": ""pair_seed_fallback"", ""reused_existing_evaluation"": false}",2026-08-14T21:16:02.744187+00:00
direct_greedy,g_pair_seed_sweep_d24_d28,0,"24,28","[24, 28]",g_pair_seed_sweep_d24_d28,fallback exhaustive two-channel full-sequence seed sweep,"{""cardinality"": 2, ""fallback_reason"": ""all_singletons_failed"", ""phase"": ""pair_seed_fallback"", ""reused_existing_evaluation"": false}",2026-08-14T21:16:57.819189+00:00
direct_greedy,g_pair_seed_sweep_d24_d29,0,"24,29","[24, 29]",g_pair_seed_sweep_d24_d29,fallback exhaustive two-channel full-sequence seed sweep,"{""cardinality"": 2, ""fallback_reason"": ""all_singletons_failed"", ""phase"": ""pair_seed_fallback"", ""reused_existing_evaluation"": false}",2026-08-14T21:17:48.450159+00:00
direct_greedy,g_pair_seed_sweep_d24_d30,0,"24,30","[24, 30]",g_pair_seed_sweep_d24_d30,fallback exhaustive two-channel full-sequence seed sweep,"{""cardinality"": 2, ""fallback_reason"": ""all_singletons_failed"", ""phase"": ""pair_seed_fallback"", ""reused_existing_evaluation"": false}",2026-08-14T21:18:37.214364+00:00
direct_greedy,g_pair_seed_sweep_d24_d31,0,"24,31","[24, 31]",g_pair_seed_sweep_d24_d31,fallback exhaustive two-channel full-sequence seed sweep,"{""cardinality"": 2, ""fallback_reason"": ""all_singletons_failed"", ""phase"": ""pair_seed_fallback"", ""reused_existing_evaluation"": false}",2026-08-14T21:19:30.866739+00:00
direct_greedy,g_pair_seed_sweep_d25_d26,0,"25,26","[25, 26]",g_pair_seed_sweep_d25_d26,fallback exhaustive two-channel full-sequence seed sweep,"{""cardinality"": 2, ""fallback_reason"": ""all_singletons_failed"", ""phase"": ""pair_seed_fallback"", ""reused_existing_evaluation"": false}",2026-08-14T21:19:59.287703+00:00
direct_greedy,g_pair_seed_sweep_d25_d27,0,"25,27","[25, 27]",g_pair_seed_sweep_d25_d27,fallback exhaustive two-channel full-sequence seed sweep,"{""cardinality"": 2, ""fallback_reason"": ""all_singletons_failed"", ""phase"": ""pair_seed_fallback"", ""reused_existing_evaluation"": false}",2026-08-14T21:20:27.184026+00:00
direct_greedy,g_pair_seed_sweep_d25_d28,0,"25,28","[25, 28]",g_pair_seed_sweep_d25_d28,fallback exhaustive two-channel full-sequence seed sweep,"{""cardinality"": 2, ""fallback_reason"": ""all_singletons_failed"", ""phase"": ""pair_seed_fallback"", ""reused_existing_evaluation"": false}",2026-08-14T21:21:28.200555+00:00
direct_greedy,g_pair_seed_sweep_d25_d29,0,"25,29","[25, 29]",g_pair_seed_sweep_d25_d29,fallback exhaustive two-channel full-sequence seed sweep,"{""cardinality"": 2, ""fallback_reason"": ""all_singletons_failed"", ""phase"": ""pair_seed_fallback"", ""reused_existing_evaluation"": false}",2026-08-14T21:21:56.974829+00:00
direct_greedy,g_pair_seed_sweep_d25_d30,0,"25,30","[25, 30]",g_pair_seed_sweep_d25_d30,fallback exhaustive two-channel full-sequence seed sweep,"{""cardinality"": 2, ""fallback_reason"": ""all_singletons_failed"", ""phase"": ""pair_seed_fallback"", ""reused_existing_evaluation"": false}",2026-08-14T21:22:25.411778+00:00
direct_greedy,g_pair_seed_sweep_d25_d31,0,"25,31","[25, 31]",g_pair_seed_sweep_d25_d31,fallback exhaustive two-channel full-sequence seed sweep,"{""cardinality"": 2, ""fallback_reason"": ""all_singletons_failed"", ""phase"": ""pair_seed_fallback"", ""reused_existing_evaluation"": false}",2026-08-14T21:23:23.891880+00:00
direct_greedy,g_pair_seed_sweep_d26_d27,0,"26,27","[26, 27]",g_pair_seed_sweep_d26_d27,fallback exhaustive two-channel full-sequence seed sweep,"{""cardinality"": 2, ""fallback_reason"": ""all_singletons_failed"", ""phase"": ""pair_seed_fallback"", ""reused_existing_evaluation"": false}",2026-08-14T21:24:23.551750+00:00
direct_greedy,g_pair_seed_sweep_d26_d28,0,"26,28","[26, 28]",g_pair_seed_sweep_d26_d28,fallback exhaustive two-channel full-sequence seed sweep,"{""cardinality"": 2, ""fallback_reason"": ""all_singletons_failed"", ""phase"": ""pair_seed_fallback"", ""reused_existing_evaluation"": false}",2026-08-14T21:24:55.831020+00:00
direct_greedy,g_pair_seed_sweep_d26_d29,0,"26,29","[26, 29]",g_pair_seed_sweep_d26_d29,fallback exhaustive two-channel full-sequence seed sweep,"{""cardinality"": 2, ""fallback_reason"": ""all_singletons_failed"", ""phase"": ""pair_seed_fallback"", ""reused_existing_evaluation"": false}",2026-08-14T21:25:26.686071+00:00
direct_greedy,g_pair_seed_sweep_d26_d30,0,"26,30","[26, 30]",g_pair_seed_sweep_d26_d30,fallback exhaustive two-channel full-sequence seed sweep,"{""cardinality"": 2, ""fallback_reason"": ""all_singletons_failed"", ""phase"": ""pair_seed_fallback"", ""reused_existing_evaluation"": false}",2026-08-14T21:25:45.360011+00:00
direct_greedy,g_pair_seed_sweep_d26_d31,0,"26,31","[26, 31]",g_pair_seed_sweep_d26_d31,fallback exhaustive two-channel full-sequence seed sweep,"{""cardinality"": 2, ""fallback_reason"": ""all_singletons_failed"", ""phase"": ""pair_seed_fallback"", ""reused_existing_evaluation"": false}",2026-08-14T21:26:48.604869+00:00
direct_greedy,g_pair_seed_sweep_d27_d28,0,"27,28","[27, 28]",g_pair_seed_sweep_d27_d28,fallback exhaustive two-channel full-sequence seed sweep,"{""cardinality"": 2, ""fallback_reason"": ""all_singletons_failed"", ""phase"": ""pair_seed_fallback"", ""reused_existing_evaluation"": false}",2026-08-14T21:27:49.607224+00:00
direct_greedy,g_pair_seed_sweep_d27_d29,0,"27,29","[27, 29]",g_pair_seed_sweep_d27_d29,fallback exhaustive two-channel full-sequence seed sweep,"{""cardinality"": 2, ""fallback_reason"": ""all_singletons_failed"", ""phase"": ""pair_seed_fallback"", ""reused_existing_evaluation"": false}",2026-08-14T21:28:10.136956+00:00
direct_greedy,g_pair_seed_sweep_d27_d30,0,"27,30","[27, 30]",g_pair_seed_sweep_d27_d30,fallback exhaustive two-channel full-sequence seed sweep,"{""cardinality"": 2, ""fallback_reason"": ""all_singletons_failed"", ""phase"": ""pair_seed_fallback"", ""reused_existing_evaluation"": false}",2026-08-14T21:28:28.840613+00:00
direct_greedy,g_pair_seed_sweep_d27_d31,0,"27,31","[27, 31]",g_pair_seed_sweep_d27_d31,fallback exhaustive two-channel full-sequence seed sweep,"{""cardinality"": 2, ""fallback_reason"": ""all_singletons_failed"", ""phase"": ""pair_seed_fallback"", ""reused_existing_evaluation"": false}",2026-08-14T21:29:28.542560+00:00
direct_greedy,g_pair_seed_sweep_d28_d29,0,"28,29","[28, 29]",g_pair_seed_sweep_d28_d29,fallback exhaustive two-channel full-sequence seed sweep,"{""cardinality"": 2, ""fallback_reason"": ""all_singletons_failed"", ""phase"": ""pair_seed_fallback"", ""reused_existing_evaluation"": false}",2026-08-14T21:29:48.994528+00:00
direct_greedy,g_pair_seed_sweep_d28_d30,0,"28,30","[28, 30]",g_pair_seed_sweep_d28_d30,fallback exhaustive two-channel full-sequence seed sweep,"{""cardinality"": 2, ""fallback_reason"": ""all_singletons_failed"", ""phase"": ""pair_seed_fallback"", ""reused_existing_evaluation"": false}",2026-08-14T21:30:09.866454+00:00
direct_greedy,g_pair_seed_sweep_d28_d31,0,"28,31","[28, 31]",g_pair_seed_sweep_d28_d31,fallback exhaustive two-channel full-sequence seed sweep,"{""cardinality"": 2, ""fallback_reason"": ""all_singletons_failed"", ""phase"": ""pair_seed_fallback"", ""reused_existing_evaluation"": false}",2026-08-14T21:30:28.236278+00:00
direct_greedy,g_pair_seed_sweep_d29_d30,0,"29,30","[29, 30]",g_pair_seed_sweep_d29_d30,fallback exhaustive two-channel full-sequence seed sweep,"{""cardinality"": 2, ""fallback_reason"": ""all_singletons_failed"", ""phase"": ""pair_seed_fallback"", ""reused_existing_evaluation"": false}",2026-08-14T21:30:47.443616+00:00
direct_greedy,g_pair_seed_sweep_d29_d31,0,"29,31","[29, 31]",g_pair_seed_sweep_d29_d31,fallback exhaustive two-channel full-sequence seed sweep,"{""cardinality"": 2, ""fallback_reason"": ""all_singletons_failed"", ""phase"": ""pair_seed_fallback"", ""reused_existing_evaluation"": false}",2026-08-14T21:31:43.036857+00:00
direct_greedy,g_pair_seed_sweep_d30_d31,0,"30,31","[30, 31]",g_pair_seed_sweep_d30_d31,fallback exhaustive two-channel full-sequence seed sweep,"{""cardinality"": 2, ""fallback_reason"": ""all_singletons_failed"", ""phase"": ""pair_seed_fallback"", ""reused_existing_evaluation"": false}",2026-08-14T21:32:40.412460+00:00
direct_greedy,g_s01_k03_from_d00_d05_add_d01,0,"0,1,5","[0, 1, 5]",g_s01_k03_from_d00_d05_add_d01,direct full-sequence ATE forward-greedy trial,"{""added_channel"": 1, ""cardinality"": 3, ""parent_channels"": [0, 5], ""phase"": ""forward_extension"", ""reused_existing_evaluation"": false, ""seed_channels"": [0, 5], ""seed_index"": 1}",2026-08-14T21:33:29.122490+00:00
direct_greedy,g_s01_k03_from_d00_d05_add_d02,0,"0,2,5","[0, 2, 5]",g_s01_k03_from_d00_d05_add_d02,direct full-sequence ATE forward-greedy trial,"{""added_channel"": 2, ""cardinality"": 3, ""parent_channels"": [0, 5], ""phase"": ""forward_extension"", ""reused_existing_evaluation"": false, ""seed_channels"": [0, 5], ""seed_index"": 1}",2026-08-14T21:34:18.563781+00:00
direct_greedy,g_s01_k03_from_d00_d05_add_d03,0,"0,3,5","[0, 3, 5]",g_s01_k03_from_d00_d05_add_d03,direct full-sequence ATE forward-greedy trial,"{""added_channel"": 3, ""cardinality"": 3, ""parent_channels"": [0, 5], ""phase"": ""forward_extension"", ""reused_existing_evaluation"": false, ""seed_channels"": [0, 5], ""seed_index"": 1}",2026-08-14T21:35:05.401433+00:00
direct_greedy,g_s01_k03_from_d00_d05_add_d04,0,"0,4,5","[0, 4, 5]",g_s01_k03_from_d00_d05_add_d04,direct full-sequence ATE forward-greedy trial,"{""added_channel"": 4, ""cardinality"": 3, ""parent_channels"": [0, 5], ""phase"": ""forward_extension"", ""reused_existing_evaluation"": false, ""seed_channels"": [0, 5], ""seed_index"": 1}",2026-08-14T21:35:53.567027+00:00
direct_greedy,g_s01_k03_from_d00_d05_add_d06,0,"0,5,6","[0, 5, 6]",g_s01_k03_from_d00_d05_add_d06,direct full-sequence ATE forward-greedy trial,"{""added_channel"": 6, ""cardinality"": 3, ""parent_channels"": [0, 5], ""phase"": ""forward_extension"", ""reused_existing_evaluation"": false, ""seed_channels"": [0, 5], ""seed_index"": 1}",2026-08-14T21:36:43.075414+00:00
direct_greedy,g_s01_k03_from_d00_d05_add_d07,0,"0,5,7","[0, 5, 7]",g_s01_k03_from_d00_d05_add_d07,direct full-sequence ATE forward-greedy trial,"{""added_channel"": 7, ""cardinality"": 3, ""parent_channels"": [0, 5], ""phase"": ""forward_extension"", ""reused_existing_evaluation"": false, ""seed_channels"": [0, 5], ""seed_index"": 1}",2026-08-14T21:37:33.255468+00:00
direct_greedy,g_s01_k03_from_d00_d05_add_d08,0,"0,5,8","[0, 5, 8]",g_s01_k03_from_d00_d05_add_d08,direct full-sequence ATE forward-greedy trial,"{""added_channel"": 8, ""cardinality"": 3, ""parent_channels"": [0, 5], ""phase"": ""forward_extension"", ""reused_existing_evaluation"": false, ""seed_channels"": [0, 5], ""seed_index"": 1}",2026-08-14T21:38:23.196973+00:00
direct_greedy,g_s01_k03_from_d00_d05_add_d09,0,"0,5,9","[0, 5, 9]",g_s01_k03_from_d00_d05_add_d09,direct full-sequence ATE forward-greedy trial,"{""added_channel"": 9, ""cardinality"": 3, ""parent_channels"": [0, 5], ""phase"": ""forward_extension"", ""reused_existing_evaluation"": false, ""seed_channels"": [0, 5], ""seed_index"": 1}",2026-08-14T21:39:14.711498+00:00
direct_greedy,g_s01_k03_from_d00_d05_add_d10,0,"0,5,10","[0, 5, 10]",g_s01_k03_from_d00_d05_add_d10,direct full-sequence ATE forward-greedy trial,"{""added_channel"": 10, ""cardinality"": 3, ""parent_channels"": [0, 5], ""phase"": ""forward_extension"", ""reused_existing_evaluation"": false, ""seed_channels"": [0, 5], ""seed_index"": 1}",2026-08-14T21:40:04.978978+00:00
direct_greedy,g_s01_k03_from_d00_d05_add_d11,0,"0,5,11","[0, 5, 11]",g_s01_k03_from_d00_d05_add_d11,direct full-sequence ATE forward-greedy trial,"{""added_channel"": 11, ""cardinality"": 3, ""parent_channels"": [0, 5], ""phase"": ""forward_extension"", ""reused_existing_evaluation"": false, ""seed_channels"": [0, 5], ""seed_index"": 1}",2026-08-14T21:40:54.980404+00:00
direct_greedy,g_s01_k03_from_d00_d05_add_d12,0,"0,5,12","[0, 5, 12]",g_s01_k03_from_d00_d05_add_d12,direct full-sequence ATE forward-greedy trial,"{""added_channel"": 12, ""cardinality"": 3, ""parent_channels"": [0, 5], ""phase"": ""forward_extension"", ""reused_existing_evaluation"": false, ""seed_channels"": [0, 5], ""seed_index"": 1}",2026-08-14T21:41:44.150080+00:00
direct_greedy,g_s01_k03_from_d00_d05_add_d13,0,"0,5,13","[0, 5, 13]",g_s01_k03_from_d00_d05_add_d13,direct full-sequence ATE forward-greedy trial,"{""added_channel"": 13, ""cardinality"": 3, ""parent_channels"": [0, 5], ""phase"": ""forward_extension"", ""reused_existing_evaluation"": false, ""seed_channels"": [0, 5], ""seed_index"": 1}",2026-08-14T21:42:34.551939+00:00
direct_greedy,g_s01_k03_from_d00_d05_add_d14,0,"0,5,14","[0, 5, 14]",g_s01_k03_from_d00_d05_add_d14,direct full-sequence ATE forward-greedy trial,"{""added_channel"": 14, ""cardinality"": 3, ""parent_channels"": [0, 5], ""phase"": ""forward_extension"", ""reused_existing_evaluation"": false, ""seed_channels"": [0, 5], ""seed_index"": 1}",2026-08-14T21:43:25.277596+00:00
direct_greedy,g_s01_k03_from_d00_d05_add_d15,0,"0,5,15","[0, 5, 15]",g_s01_k03_from_d00_d05_add_d15,direct full-sequence ATE forward-greedy trial,"{""added_channel"": 15, ""cardinality"": 3, ""parent_channels"": [0, 5], ""phase"": ""forward_extension"", ""reused_existing_evaluation"": false, ""seed_channels"": [0, 5], ""seed_index"": 1}",2026-08-14T21:44:14.704095+00:00
direct_greedy,g_s01_k03_from_d00_d05_add_d16,0,"0,5,16","[0, 5, 16]",g_s01_k03_from_d00_d05_add_d16,direct full-sequence ATE forward-greedy trial,"{""added_channel"": 16, ""cardinality"": 3, ""parent_channels"": [0, 5], ""phase"": ""forward_extension"", ""reused_existing_evaluation"": false, ""seed_channels"": [0, 5], ""seed_index"": 1}",2026-08-14T21:45:05.606426+00:00
direct_greedy,g_s01_k03_from_d00_d05_add_d17,0,"0,5,17","[0, 5, 17]",g_s01_k03_from_d00_d05_add_d17,direct full-sequence ATE forward-greedy trial,"{""added_channel"": 17, ""cardinality"": 3, ""parent_channels"": [0, 5], ""phase"": ""forward_extension"", ""reused_existing_evaluation"": false, ""seed_channels"": [0, 5], ""seed_index"": 1}",2026-08-14T21:45:55.868556+00:00
direct_greedy,g_s01_k03_from_d00_d05_add_d18,0,"0,5,18","[0, 5, 18]",g_s01_k03_from_d00_d05_add_d18,direct full-sequence ATE forward-greedy trial,"{""added_channel"": 18, ""cardinality"": 3, ""parent_channels"": [0, 5], ""phase"": ""forward_extension"", ""reused_existing_evaluation"": false, ""seed_channels"": [0, 5], ""seed_index"": 1}",2026-08-14T21:46:45.797448+00:00
direct_greedy,g_s01_k03_from_d00_d05_add_d19,0,"0,5,19","[0, 5, 19]",g_s01_k03_from_d00_d05_add_d19,direct full-sequence ATE forward-greedy trial,"{""added_channel"": 19, ""cardinality"": 3, ""parent_channels"": [0, 5], ""phase"": ""forward_extension"", ""reused_existing_evaluation"": false, ""seed_channels"": [0, 5], ""seed_index"": 1}",2026-08-14T21:47:34.876537+00:00
direct_greedy,g_s01_k03_from_d00_d05_add_d20,0,"0,5,20","[0, 5, 20]",g_s01_k03_from_d00_d05_add_d20,direct full-sequence ATE forward-greedy trial,"{""added_channel"": 20, ""cardinality"": 3, ""parent_channels"": [0, 5], ""phase"": ""forward_extension"", ""reused_existing_evaluation"": false, ""seed_channels"": [0, 5], ""seed_index"": 1}",2026-08-14T21:48:24.851613+00:00
direct_greedy,g_s01_k03_from_d00_d05_add_d21,0,"0,5,21","[0, 5, 21]",g_s01_k03_from_d00_d05_add_d21,direct full-sequence ATE forward-greedy trial,"{""added_channel"": 21, ""cardinality"": 3, ""parent_channels"": [0, 5], ""phase"": ""forward_extension"", ""reused_existing_evaluation"": false, ""seed_channels"": [0, 5], ""seed_index"": 1}",2026-08-14T21:49:13.937697+00:00
direct_greedy,g_s01_k03_from_d00_d05_add_d22,0,"0,5,22","[0, 5, 22]",g_s01_k03_from_d00_d05_add_d22,direct full-sequence ATE forward-greedy trial,"{""added_channel"": 22, ""cardinality"": 3, ""parent_channels"": [0, 5], ""phase"": ""forward_extension"", ""reused_existing_evaluation"": false, ""seed_channels"": [0, 5], ""seed_index"": 1}",2026-08-14T21:50:04.451316+00:00
direct_greedy,g_s01_k03_from_d00_d05_add_d23,0,"0,5,23","[0, 5, 23]",g_s01_k03_from_d00_d05_add_d23,direct full-sequence ATE forward-greedy trial,"{""added_channel"": 23, ""cardinality"": 3, ""parent_channels"": [0, 5], ""phase"": ""forward_extension"", ""reused_existing_evaluation"": false, ""seed_channels"": [0, 5], ""seed_index"": 1}",2026-08-14T21:50:54.872015+00:00
direct_greedy,g_s01_k03_from_d00_d05_add_d24,0,"0,5,24","[0, 5, 24]",g_s01_k03_from_d00_d05_add_d24,direct full-sequence ATE forward-greedy trial,"{""added_channel"": 24, ""cardinality"": 3, ""parent_channels"": [0, 5], ""phase"": ""forward_extension"", ""reused_existing_evaluation"": false, ""seed_channels"": [0, 5], ""seed_index"": 1}",2026-08-14T21:51:44.287820+00:00
direct_greedy,g_s01_k03_from_d00_d05_add_d25,0,"0,5,25","[0, 5, 25]",g_s01_k03_from_d00_d05_add_d25,direct full-sequence ATE forward-greedy trial,"{""added_channel"": 25, ""cardinality"": 3, ""parent_channels"": [0, 5], ""phase"": ""forward_extension"", ""reused_existing_evaluation"": false, ""seed_channels"": [0, 5], ""seed_index"": 1}",2026-08-14T21:52:34.666261+00:00
direct_greedy,g_s01_k03_from_d00_d05_add_d26,0,"0,5,26","[0, 5, 26]",g_s01_k03_from_d00_d05_add_d26,direct full-sequence ATE forward-greedy trial,"{""added_channel"": 26, ""cardinality"": 3, ""parent_channels"": [0, 5], ""phase"": ""forward_extension"", ""reused_existing_evaluation"": false, ""seed_channels"": [0, 5], ""seed_index"": 1}",2026-08-14T21:53:25.385291+00:00
direct_greedy,g_s01_k03_from_d00_d05_add_d27,0,"0,5,27","[0, 5, 27]",g_s01_k03_from_d00_d05_add_d27,direct full-sequence ATE forward-greedy trial,"{""added_channel"": 27, ""cardinality"": 3, ""parent_channels"": [0, 5], ""phase"": ""forward_extension"", ""reused_existing_evaluation"": false, ""seed_channels"": [0, 5], ""seed_index"": 1}",2026-08-14T21:54:15.016185+00:00
direct_greedy,g_s01_k03_from_d00_d05_add_d28,0,"0,5,28","[0, 5, 28]",g_s01_k03_from_d00_d05_add_d28,direct full-sequence ATE forward-greedy trial,"{""added_channel"": 28, ""cardinality"": 3, ""parent_channels"": [0, 5], ""phase"": ""forward_extension"", ""reused_existing_evaluation"": false, ""seed_channels"": [0, 5], ""seed_index"": 1}",2026-08-14T21:55:06.545053+00:00
direct_greedy,g_s01_k03_from_d00_d05_add_d29,0,"0,5,29","[0, 5, 29]",g_s01_k03_from_d00_d05_add_d29,direct full-sequence ATE forward-greedy trial,"{""added_channel"": 29, ""cardinality"": 3, ""parent_channels"": [0, 5], ""phase"": ""forward_extension"", ""reused_existing_evaluation"": false, ""seed_channels"": [0, 5], ""seed_index"": 1}",2026-08-14T21:55:56.313009+00:00
direct_greedy,g_s01_k03_from_d00_d05_add_d30,0,"0,5,30","[0, 5, 30]",g_s01_k03_from_d00_d05_add_d30,direct full-sequence ATE forward-greedy trial,"{""added_channel"": 30, ""cardinality"": 3, ""parent_channels"": [0, 5], ""phase"": ""forward_extension"", ""reused_existing_evaluation"": false, ""seed_channels"": [0, 5], ""seed_index"": 1}",2026-08-14T21:56:45.756407+00:00
direct_greedy,g_s01_k03_from_d00_d05_add_d31,0,"0,5,31","[0, 5, 31]",g_s01_k03_from_d00_d05_add_d31,direct full-sequence ATE forward-greedy trial,"{""added_channel"": 31, ""cardinality"": 3, ""parent_channels"": [0, 5], ""phase"": ""forward_extension"", ""reused_existing_evaluation"": false, ""seed_channels"": [0, 5], ""seed_index"": 1}",2026-08-14T21:57:36.598379+00:00
direct_greedy,g_s01_k04_from_d00_d05_d18_add_d01,0,"0,1,5,18","[0, 1, 5, 18]",g_s01_k04_from_d00_d05_d18_add_d01,direct full-sequence ATE forward-greedy trial,"{""added_channel"": 1, ""cardinality"": 4, ""parent_channels"": [0, 5, 18], ""phase"": ""forward_extension"", ""reused_existing_evaluation"": false, ""seed_channels"": [0, 5], ""seed_index"": 1}",2026-08-14T21:58:27.181040+00:00
direct_greedy,g_s01_k04_from_d00_d05_d18_add_d02,0,"0,2,5,18","[0, 2, 5, 18]",g_s01_k04_from_d00_d05_d18_add_d02,direct full-sequence ATE forward-greedy trial,"{""added_channel"": 2, ""cardinality"": 4, ""parent_channels"": [0, 5, 18], ""phase"": ""forward_extension"", ""reused_existing_evaluation"": false, ""seed_channels"": [0, 5], ""seed_index"": 1}",2026-08-14T21:59:18.570776+00:00
direct_greedy,g_s01_k04_from_d00_d05_d18_add_d03,0,"0,3,5,18","[0, 3, 5, 18]",g_s01_k04_from_d00_d05_d18_add_d03,direct full-sequence ATE forward-greedy trial,"{""added_channel"": 3, ""cardinality"": 4, ""parent_channels"": [0, 5, 18], ""phase"": ""forward_extension"", ""reused_existing_evaluation"": false, ""seed_channels"": [0, 5], ""seed_index"": 1}",2026-08-14T22:00:07.456222+00:00
direct_greedy,g_s01_k04_from_d00_d05_d18_add_d04,0,"0,4,5,18","[0, 4, 5, 18]",g_s01_k04_from_d00_d05_d18_add_d04,direct full-sequence ATE forward-greedy trial,"{""added_channel"": 4, ""cardinality"": 4, ""parent_channels"": [0, 5, 18], ""phase"": ""forward_extension"", ""reused_existing_evaluation"": false, ""seed_channels"": [0, 5], ""seed_index"": 1}",2026-08-14T22:00:57.313600+00:00
direct_greedy,g_s01_k04_from_d00_d05_d18_add_d06,0,"0,5,6,18","[0, 5, 6, 18]",g_s01_k04_from_d00_d05_d18_add_d06,direct full-sequence ATE forward-greedy trial,"{""added_channel"": 6, ""cardinality"": 4, ""parent_channels"": [0, 5, 18], ""phase"": ""forward_extension"", ""reused_existing_evaluation"": false, ""seed_channels"": [0, 5], ""seed_index"": 1}",2026-08-14T22:01:48.347756+00:00
direct_greedy,g_s01_k04_from_d00_d05_d18_add_d07,0,"0,5,7,18","[0, 5, 7, 18]",g_s01_k04_from_d00_d05_d18_add_d07,direct full-sequence ATE forward-greedy trial,"{""added_channel"": 7, ""cardinality"": 4, ""parent_channels"": [0, 5, 18], ""phase"": ""forward_extension"", ""reused_existing_evaluation"": false, ""seed_channels"": [0, 5], ""seed_index"": 1}",2026-08-14T22:02:39.527645+00:00
direct_greedy,g_s01_k04_from_d00_d05_d18_add_d08,0,"0,5,8,18","[0, 5, 8, 18]",g_s01_k04_from_d00_d05_d18_add_d08,direct full-sequence ATE forward-greedy trial,"{""added_channel"": 8, ""cardinality"": 4, ""parent_channels"": [0, 5, 18], ""phase"": ""forward_extension"", ""reused_existing_evaluation"": false, ""seed_channels"": [0, 5], ""seed_index"": 1}",2026-08-14T22:03:30.667914+00:00
direct_greedy,g_s01_k04_from_d00_d05_d18_add_d09,0,"0,5,9,18","[0, 5, 9, 18]",g_s01_k04_from_d00_d05_d18_add_d09,direct full-sequence ATE forward-greedy trial,"{""added_channel"": 9, ""cardinality"": 4, ""parent_channels"": [0, 5, 18], ""phase"": ""forward_extension"", ""reused_existing_evaluation"": false, ""seed_channels"": [0, 5], ""seed_index"": 1}",2026-08-14T22:04:22.540150+00:00
direct_greedy,g_s01_k04_from_d00_d05_d18_add_d10,0,"0,5,10,18","[0, 5, 10, 18]",g_s01_k04_from_d00_d05_d18_add_d10,direct full-sequence ATE forward-greedy trial,"{""added_channel"": 10, ""cardinality"": 4, ""parent_channels"": [0, 5, 18], ""phase"": ""forward_extension"", ""reused_existing_evaluation"": false, ""seed_channels"": [0, 5], ""seed_index"": 1}",2026-08-14T22:05:13.494613+00:00
direct_greedy,g_s01_k04_from_d00_d05_d18_add_d11,0,"0,5,11,18","[0, 5, 11, 18]",g_s01_k04_from_d00_d05_d18_add_d11,direct full-sequence ATE forward-greedy trial,"{""added_channel"": 11, ""cardinality"": 4, ""parent_channels"": [0, 5, 18], ""phase"": ""forward_extension"", ""reused_existing_evaluation"": false, ""seed_channels"": [0, 5], ""seed_index"": 1}",2026-08-14T22:06:04.429332+00:00
direct_greedy,g_s01_k04_from_d00_d05_d18_add_d12,0,"0,5,12,18","[0, 5, 12, 18]",g_s01_k04_from_d00_d05_d18_add_d12,direct full-sequence ATE forward-greedy trial,"{""added_channel"": 12, ""cardinality"": 4, ""parent_channels"": [0, 5, 18], ""phase"": ""forward_extension"", ""reused_existing_evaluation"": false, ""seed_channels"": [0, 5], ""seed_index"": 1}",2026-08-14T22:06:53.839802+00:00
direct_greedy,g_s01_k04_from_d00_d05_d18_add_d13,0,"0,5,13,18","[0, 5, 13, 18]",g_s01_k04_from_d00_d05_d18_add_d13,direct full-sequence ATE forward-greedy trial,"{""added_channel"": 13, ""cardinality"": 4, ""parent_channels"": [0, 5, 18], ""phase"": ""forward_extension"", ""reused_existing_evaluation"": false, ""seed_channels"": [0, 5], ""seed_index"": 1}",2026-08-14T22:07:45.098063+00:00
direct_greedy,g_s01_k04_from_d00_d05_d18_add_d14,0,"0,5,14,18","[0, 5, 14, 18]",g_s01_k04_from_d00_d05_d18_add_d14,direct full-sequence ATE forward-greedy trial,"{""added_channel"": 14, ""cardinality"": 4, ""parent_channels"": [0, 5, 18], ""phase"": ""forward_extension"", ""reused_existing_evaluation"": false, ""seed_channels"": [0, 5], ""seed_index"": 1}",2026-08-14T22:08:36.686741+00:00
direct_greedy,g_s01_k04_from_d00_d05_d18_add_d15,0,"0,5,15,18","[0, 5, 15, 18]",g_s01_k04_from_d00_d05_d18_add_d15,direct full-sequence ATE forward-greedy trial,"{""added_channel"": 15, ""cardinality"": 4, ""parent_channels"": [0, 5, 18], ""phase"": ""forward_extension"", ""reused_existing_evaluation"": false, ""seed_channels"": [0, 5], ""seed_index"": 1}",2026-08-14T22:09:27.119434+00:00
direct_greedy,g_s01_k04_from_d00_d05_d18_add_d16,0,"0,5,16,18","[0, 5, 16, 18]",g_s01_k04_from_d00_d05_d18_add_d16,direct full-sequence ATE forward-greedy trial,"{""added_channel"": 16, ""cardinality"": 4, ""parent_channels"": [0, 5, 18], ""phase"": ""forward_extension"", ""reused_existing_evaluation"": false, ""seed_channels"": [0, 5], ""seed_index"": 1}",2026-08-14T22:10:18.361203+00:00
direct_greedy,g_s01_k04_from_d00_d05_d18_add_d17,0,"0,5,17,18","[0, 5, 17, 18]",g_s01_k04_from_d00_d05_d18_add_d17,direct full-sequence ATE forward-greedy trial,"{""added_channel"": 17, ""cardinality"": 4, ""parent_channels"": [0, 5, 18], ""phase"": ""forward_extension"", ""reused_existing_evaluation"": false, ""seed_channels"": [0, 5], ""seed_index"": 1}",2026-08-14T22:11:09.320727+00:00
direct_greedy,g_s01_k04_from_d00_d05_d18_add_d19,0,"0,5,18,19","[0, 5, 18, 19]",g_s01_k04_from_d00_d05_d18_add_d19,direct full-sequence ATE forward-greedy trial,"{""added_channel"": 19, ""cardinality"": 4, ""parent_channels"": [0, 5, 18], ""phase"": ""forward_extension"", ""reused_existing_evaluation"": false, ""seed_channels"": [0, 5], ""seed_index"": 1}",2026-08-14T22:11:59.438008+00:00
direct_greedy,g_s01_k04_from_d00_d05_d18_add_d20,0,"0,5,18,20","[0, 5, 18, 20]",g_s01_k04_from_d00_d05_d18_add_d20,direct full-sequence ATE forward-greedy trial,"{""added_channel"": 20, ""cardinality"": 4, ""parent_channels"": [0, 5, 18], ""phase"": ""forward_extension"", ""reused_existing_evaluation"": false, ""seed_channels"": [0, 5], ""seed_index"": 1}",2026-08-14T22:12:50.120552+00:00
direct_greedy,g_s01_k04_from_d00_d05_d18_add_d21,0,"0,5,18,21","[0, 5, 18, 21]",g_s01_k04_from_d00_d05_d18_add_d21,direct full-sequence ATE forward-greedy trial,"{""added_channel"": 21, ""cardinality"": 4, ""parent_channels"": [0, 5, 18], ""phase"": ""forward_extension"", ""reused_existing_evaluation"": false, ""seed_channels"": [0, 5], ""seed_index"": 1}",2026-08-14T22:13:39.904529+00:00
direct_greedy,g_s01_k04_from_d00_d05_d18_add_d22,0,"0,5,18,22","[0, 5, 18, 22]",g_s01_k04_from_d00_d05_d18_add_d22,direct full-sequence ATE forward-greedy trial,"{""added_channel"": 22, ""cardinality"": 4, ""parent_channels"": [0, 5, 18], ""phase"": ""forward_extension"", ""reused_existing_evaluation"": false, ""seed_channels"": [0, 5], ""seed_index"": 1}",2026-08-14T22:14:31.191636+00:00
direct_greedy,g_s01_k04_from_d00_d05_d18_add_d23,0,"0,5,18,23","[0, 5, 18, 23]",g_s01_k04_from_d00_d05_d18_add_d23,direct full-sequence ATE forward-greedy trial,"{""added_channel"": 23, ""cardinality"": 4, ""parent_channels"": [0, 5, 18], ""phase"": ""forward_extension"", ""reused_existing_evaluation"": false, ""seed_channels"": [0, 5], ""seed_index"": 1}",2026-08-14T22:15:22.153024+00:00
direct_greedy,g_s01_k04_from_d00_d05_d18_add_d24,0,"0,5,18,24","[0, 5, 18, 24]",g_s01_k04_from_d00_d05_d18_add_d24,direct full-sequence ATE forward-greedy trial,"{""added_channel"": 24, ""cardinality"": 4, ""parent_channels"": [0, 5, 18], ""phase"": ""forward_extension"", ""reused_existing_evaluation"": false, ""seed_channels"": [0, 5], ""seed_index"": 1}",2026-08-14T22:16:12.337945+00:00
direct_greedy,g_s01_k04_from_d00_d05_d18_add_d25,0,"0,5,18,25","[0, 5, 18, 25]",g_s01_k04_from_d00_d05_d18_add_d25,direct full-sequence ATE forward-greedy trial,"{""added_channel"": 25, ""cardinality"": 4, ""parent_channels"": [0, 5, 18], ""phase"": ""forward_extension"", ""reused_existing_evaluation"": false, ""seed_channels"": [0, 5], ""seed_index"": 1}",2026-08-14T22:17:03.102338+00:00
direct_greedy,g_s01_k04_from_d00_d05_d18_add_d26,0,"0,5,18,26","[0, 5, 18, 26]",g_s01_k04_from_d00_d05_d18_add_d26,direct full-sequence ATE forward-greedy trial,"{""added_channel"": 26, ""cardinality"": 4, ""parent_channels"": [0, 5, 18], ""phase"": ""forward_extension"", ""reused_existing_evaluation"": false, ""seed_channels"": [0, 5], ""seed_index"": 1}",2026-08-14T22:17:54.223187+00:00
direct_greedy,g_s01_k04_from_d00_d05_d18_add_d27,0,"0,5,18,27","[0, 5, 18, 27]",g_s01_k04_from_d00_d05_d18_add_d27,direct full-sequence ATE forward-greedy trial,"{""added_channel"": 27, ""cardinality"": 4, ""parent_channels"": [0, 5, 18], ""phase"": ""forward_extension"", ""reused_existing_evaluation"": false, ""seed_channels"": [0, 5], ""seed_index"": 1}",2026-08-14T22:18:44.849814+00:00
direct_greedy,g_s01_k04_from_d00_d05_d18_add_d28,0,"0,5,18,28","[0, 5, 18, 28]",g_s01_k04_from_d00_d05_d18_add_d28,direct full-sequence ATE forward-greedy trial,"{""added_channel"": 28, ""cardinality"": 4, ""parent_channels"": [0, 5, 18], ""phase"": ""forward_extension"", ""reused_existing_evaluation"": false, ""seed_channels"": [0, 5], ""seed_index"": 1}",2026-08-14T22:19:36.552814+00:00
direct_greedy,g_s01_k04_from_d00_d05_d18_add_d29,0,"0,5,18,29","[0, 5, 18, 29]",g_s01_k04_from_d00_d05_d18_add_d29,direct full-sequence ATE forward-greedy trial,"{""added_channel"": 29, ""cardinality"": 4, ""parent_channels"": [0, 5, 18], ""phase"": ""forward_extension"", ""reused_existing_evaluation"": false, ""seed_channels"": [0, 5], ""seed_index"": 1}",2026-08-14T22:20:26.985684+00:00
direct_greedy,g_s01_k04_from_d00_d05_d18_add_d30,0,"0,5,18,30","[0, 5, 18, 30]",g_s01_k04_from_d00_d05_d18_add_d30,direct full-sequence ATE forward-greedy trial,"{""added_channel"": 30, ""cardinality"": 4, ""parent_channels"": [0, 5, 18], ""phase"": ""forward_extension"", ""reused_existing_evaluation"": false, ""seed_channels"": [0, 5], ""seed_index"": 1}",2026-08-14T22:21:17.433468+00:00
direct_greedy,g_s01_k04_from_d00_d05_d18_add_d31,0,"0,5,18,31","[0, 5, 18, 31]",g_s01_k04_from_d00_d05_d18_add_d31,direct full-sequence ATE forward-greedy trial,"{""added_channel"": 31, ""cardinality"": 4, ""parent_channels"": [0, 5, 18], ""phase"": ""forward_extension"", ""reused_existing_evaluation"": false, ""seed_channels"": [0, 5], ""seed_index"": 1}",2026-08-14T22:22:09.295402+00:00
direct_greedy,g_s01_k05_from_d00_d05_d18_d30_add_d01,0,"0,1,5,18,30","[0, 1, 5, 18, 30]",g_s01_k05_from_d00_d05_d18_d30_add_d01,direct full-sequence ATE forward-greedy trial,"{""added_channel"": 1, ""cardinality"": 5, ""parent_channels"": [0, 5, 18, 30], ""phase"": ""forward_extension"", ""reused_existing_evaluation"": false, ""seed_channels"": [0, 5], ""seed_index"": 1}",2026-08-14T22:23:00.527387+00:00
direct_greedy,g_s01_k05_from_d00_d05_d18_d30_add_d02,0,"0,2,5,18,30","[0, 2, 5, 18, 30]",g_s01_k05_from_d00_d05_d18_d30_add_d02,direct full-sequence ATE forward-greedy trial,"{""added_channel"": 2, ""cardinality"": 5, ""parent_channels"": [0, 5, 18, 30], ""phase"": ""forward_extension"", ""reused_existing_evaluation"": false, ""seed_channels"": [0, 5], ""seed_index"": 1}",2026-08-14T22:23:52.015681+00:00
direct_greedy,g_s01_k05_from_d00_d05_d18_d30_add_d03,0,"0,3,5,18,30","[0, 3, 5, 18, 30]",g_s01_k05_from_d00_d05_d18_d30_add_d03,direct full-sequence ATE forward-greedy trial,"{""added_channel"": 3, ""cardinality"": 5, ""parent_channels"": [0, 5, 18, 30], ""phase"": ""forward_extension"", ""reused_existing_evaluation"": false, ""seed_channels"": [0, 5], ""seed_index"": 1}",2026-08-14T22:24:40.868610+00:00
direct_greedy,g_s01_k05_from_d00_d05_d18_d30_add_d04,0,"0,4,5,18,30","[0, 4, 5, 18, 30]",g_s01_k05_from_d00_d05_d18_d30_add_d04,direct full-sequence ATE forward-greedy trial,"{""added_channel"": 4, ""cardinality"": 5, ""parent_channels"": [0, 5, 18, 30], ""phase"": ""forward_extension"", ""reused_existing_evaluation"": false, ""seed_channels"": [0, 5], ""seed_index"": 1}",2026-08-14T22:25:30.998321+00:00
direct_greedy,g_s01_k05_from_d00_d05_d18_d30_add_d06,0,"0,5,6,18,30","[0, 5, 6, 18, 30]",g_s01_k05_from_d00_d05_d18_d30_add_d06,direct full-sequence ATE forward-greedy trial,"{""added_channel"": 6, ""cardinality"": 5, ""parent_channels"": [0, 5, 18, 30], ""phase"": ""forward_extension"", ""reused_existing_evaluation"": false, ""seed_channels"": [0, 5], ""seed_index"": 1}",2026-08-14T22:26:23.065683+00:00
direct_greedy,g_s01_k05_from_d00_d05_d18_d30_add_d07,0,"0,5,7,18,30","[0, 5, 7, 18, 30]",g_s01_k05_from_d00_d05_d18_d30_add_d07,direct full-sequence ATE forward-greedy trial,"{""added_channel"": 7, ""cardinality"": 5, ""parent_channels"": [0, 5, 18, 30], ""phase"": ""forward_extension"", ""reused_existing_evaluation"": false, ""seed_channels"": [0, 5], ""seed_index"": 1}",2026-08-14T22:27:14.193426+00:00
direct_greedy,g_s01_k05_from_d00_d05_d18_d30_add_d08,0,"0,5,8,18,30","[0, 5, 8, 18, 30]",g_s01_k05_from_d00_d05_d18_d30_add_d08,direct full-sequence ATE forward-greedy trial,"{""added_channel"": 8, ""cardinality"": 5, ""parent_channels"": [0, 5, 18, 30], ""phase"": ""forward_extension"", ""reused_existing_evaluation"": false, ""seed_channels"": [0, 5], ""seed_index"": 1}",2026-08-14T22:28:06.132706+00:00
direct_greedy,g_s01_k05_from_d00_d05_d18_d30_add_d09,0,"0,5,9,18,30","[0, 5, 9, 18, 30]",g_s01_k05_from_d00_d05_d18_d30_add_d09,direct full-sequence ATE forward-greedy trial,"{""added_channel"": 9, ""cardinality"": 5, ""parent_channels"": [0, 5, 18, 30], ""phase"": ""forward_extension"", ""reused_existing_evaluation"": false, ""seed_channels"": [0, 5], ""seed_index"": 1}",2026-08-14T22:28:57.598698+00:00
direct_greedy,g_s01_k05_from_d00_d05_d18_d30_add_d10,0,"0,5,10,18,30","[0, 5, 10, 18, 30]",g_s01_k05_from_d00_d05_d18_d30_add_d10,direct full-sequence ATE forward-greedy trial,"{""added_channel"": 10, ""cardinality"": 5, ""parent_channels"": [0, 5, 18, 30], ""phase"": ""forward_extension"", ""reused_existing_evaluation"": false, ""seed_channels"": [0, 5], ""seed_index"": 1}",2026-08-14T22:29:48.731136+00:00
direct_greedy,g_s01_k05_from_d00_d05_d18_d30_add_d11,0,"0,5,11,18,30","[0, 5, 11, 18, 30]",g_s01_k05_from_d00_d05_d18_d30_add_d11,direct full-sequence ATE forward-greedy trial,"{""added_channel"": 11, ""cardinality"": 5, ""parent_channels"": [0, 5, 18, 30], ""phase"": ""forward_extension"", ""reused_existing_evaluation"": false, ""seed_channels"": [0, 5], ""seed_index"": 1}",2026-08-14T22:30:40.515595+00:00
direct_greedy,g_s01_k05_from_d00_d05_d18_d30_add_d12,0,"0,5,12,18,30","[0, 5, 12, 18, 30]",g_s01_k05_from_d00_d05_d18_d30_add_d12,direct full-sequence ATE forward-greedy trial,"{""added_channel"": 12, ""cardinality"": 5, ""parent_channels"": [0, 5, 18, 30], ""phase"": ""forward_extension"", ""reused_existing_evaluation"": false, ""seed_channels"": [0, 5], ""seed_index"": 1}",2026-08-14T22:31:30.126724+00:00
direct_greedy,g_s01_k05_from_d00_d05_d18_d30_add_d13,0,"0,5,13,18,30","[0, 5, 13, 18, 30]",g_s01_k05_from_d00_d05_d18_d30_add_d13,direct full-sequence ATE forward-greedy trial,"{""added_channel"": 13, ""cardinality"": 5, ""parent_channels"": [0, 5, 18, 30], ""phase"": ""forward_extension"", ""reused_existing_evaluation"": false, ""seed_channels"": [0, 5], ""seed_index"": 1}",2026-08-14T22:32:21.664837+00:00
direct_greedy,g_s01_k05_from_d00_d05_d18_d30_add_d14,0,"0,5,14,18,30","[0, 5, 14, 18, 30]",g_s01_k05_from_d00_d05_d18_d30_add_d14,direct full-sequence ATE forward-greedy trial,"{""added_channel"": 14, ""cardinality"": 5, ""parent_channels"": [0, 5, 18, 30], ""phase"": ""forward_extension"", ""reused_existing_evaluation"": false, ""seed_channels"": [0, 5], ""seed_index"": 1}",2026-08-14T22:33:13.122747+00:00
direct_greedy,g_s01_k05_from_d00_d05_d18_d30_add_d15,0,"0,5,15,18,30","[0, 5, 15, 18, 30]",g_s01_k05_from_d00_d05_d18_d30_add_d15,direct full-sequence ATE forward-greedy trial,"{""added_channel"": 15, ""cardinality"": 5, ""parent_channels"": [0, 5, 18, 30], ""phase"": ""forward_extension"", ""reused_existing_evaluation"": false, ""seed_channels"": [0, 5], ""seed_index"": 1}",2026-08-14T22:34:04.076433+00:00
direct_greedy,g_s01_k05_from_d00_d05_d18_d30_add_d16,0,"0,5,16,18,30","[0, 5, 16, 18, 30]",g_s01_k05_from_d00_d05_d18_d30_add_d16,direct full-sequence ATE forward-greedy trial,"{""added_channel"": 16, ""cardinality"": 5, ""parent_channels"": [0, 5, 18, 30], ""phase"": ""forward_extension"", ""reused_existing_evaluation"": false, ""seed_channels"": [0, 5], ""seed_index"": 1}",2026-08-14T22:34:56.111533+00:00
direct_greedy,g_s01_k05_from_d00_d05_d18_d30_add_d17,0,"0,5,17,18,30","[0, 5, 17, 18, 30]",g_s01_k05_from_d00_d05_d18_d30_add_d17,direct full-sequence ATE forward-greedy trial,"{""added_channel"": 17, ""cardinality"": 5, ""parent_channels"": [0, 5, 18, 30], ""phase"": ""forward_extension"", ""reused_existing_evaluation"": false, ""seed_channels"": [0, 5], ""seed_index"": 1}",2026-08-14T22:35:47.112200+00:00
direct_greedy,g_s01_k05_from_d00_d05_d18_d30_add_d19,0,"0,5,18,19,30","[0, 5, 18, 19, 30]",g_s01_k05_from_d00_d05_d18_d30_add_d19,direct full-sequence ATE forward-greedy trial,"{""added_channel"": 19, ""cardinality"": 5, ""parent_channels"": [0, 5, 18, 30], ""phase"": ""forward_extension"", ""reused_existing_evaluation"": false, ""seed_channels"": [0, 5], ""seed_index"": 1}",2026-08-14T22:36:37.535254+00:00
direct_greedy,g_s01_k05_from_d00_d05_d18_d30_add_d20,0,"0,5,18,20,30","[0, 5, 18, 20, 30]",g_s01_k05_from_d00_d05_d18_d30_add_d20,direct full-sequence ATE forward-greedy trial,"{""added_channel"": 20, ""cardinality"": 5, ""parent_channels"": [0, 5, 18, 30], ""phase"": ""forward_extension"", ""reused_existing_evaluation"": false, ""seed_channels"": [0, 5], ""seed_index"": 1}",2026-08-14T22:37:28.435052+00:00
direct_greedy,g_s01_k05_from_d00_d05_d18_d30_add_d21,0,"0,5,18,21,30","[0, 5, 18, 21, 30]",g_s01_k05_from_d00_d05_d18_d30_add_d21,direct full-sequence ATE forward-greedy trial,"{""added_channel"": 21, ""cardinality"": 5, ""parent_channels"": [0, 5, 18, 30], ""phase"": ""forward_extension"", ""reused_existing_evaluation"": false, ""seed_channels"": [0, 5], ""seed_index"": 1}",2026-08-14T22:38:18.640953+00:00
direct_greedy,g_s01_k05_from_d00_d05_d18_d30_add_d22,0,"0,5,18,22,30","[0, 5, 18, 22, 30]",g_s01_k05_from_d00_d05_d18_d30_add_d22,direct full-sequence ATE forward-greedy trial,"{""added_channel"": 22, ""cardinality"": 5, ""parent_channels"": [0, 5, 18, 30], ""phase"": ""forward_extension"", ""reused_existing_evaluation"": false, ""seed_channels"": [0, 5], ""seed_index"": 1}",2026-08-14T22:39:10.852924+00:00
direct_greedy,g_s01_k05_from_d00_d05_d18_d30_add_d23,0,"0,5,18,23,30","[0, 5, 18, 23, 30]",g_s01_k05_from_d00_d05_d18_d30_add_d23,direct full-sequence ATE forward-greedy trial,"{""added_channel"": 23, ""cardinality"": 5, ""parent_channels"": [0, 5, 18, 30], ""phase"": ""forward_extension"", ""reused_existing_evaluation"": false, ""seed_channels"": [0, 5], ""seed_index"": 1}",2026-08-14T22:40:01.812453+00:00
direct_greedy,g_s01_k05_from_d00_d05_d18_d30_add_d24,0,"0,5,18,24,30","[0, 5, 18, 24, 30]",g_s01_k05_from_d00_d05_d18_d30_add_d24,direct full-sequence ATE forward-greedy trial,"{""added_channel"": 24, ""cardinality"": 5, ""parent_channels"": [0, 5, 18, 30], ""phase"": ""forward_extension"", ""reused_existing_evaluation"": false, ""seed_channels"": [0, 5], ""seed_index"": 1}",2026-08-14T22:40:52.135307+00:00
direct_greedy,g_s01_k05_from_d00_d05_d18_d30_add_d25,0,"0,5,18,25,30","[0, 5, 18, 25, 30]",g_s01_k05_from_d00_d05_d18_d30_add_d25,direct full-sequence ATE forward-greedy trial,"{""added_channel"": 25, ""cardinality"": 5, ""parent_channels"": [0, 5, 18, 30], ""phase"": ""forward_extension"", ""reused_existing_evaluation"": false, ""seed_channels"": [0, 5], ""seed_index"": 1}",2026-08-14T22:41:43.161796+00:00
direct_greedy,g_s01_k05_from_d00_d05_d18_d30_add_d26,0,"0,5,18,26,30","[0, 5, 18, 26, 30]",g_s01_k05_from_d00_d05_d18_d30_add_d26,direct full-sequence ATE forward-greedy trial,"{""added_channel"": 26, ""cardinality"": 5, ""parent_channels"": [0, 5, 18, 30], ""phase"": ""forward_extension"", ""reused_existing_evaluation"": false, ""seed_channels"": [0, 5], ""seed_index"": 1}",2026-08-14T22:42:34.648968+00:00
direct_greedy,g_s01_k05_from_d00_d05_d18_d30_add_d27,0,"0,5,18,27,30","[0, 5, 18, 27, 30]",g_s01_k05_from_d00_d05_d18_d30_add_d27,direct full-sequence ATE forward-greedy trial,"{""added_channel"": 27, ""cardinality"": 5, ""parent_channels"": [0, 5, 18, 30], ""phase"": ""forward_extension"", ""reused_existing_evaluation"": false, ""seed_channels"": [0, 5], ""seed_index"": 1}",2026-08-14T22:43:25.644915+00:00
direct_greedy,g_s01_k05_from_d00_d05_d18_d30_add_d28,0,"0,5,18,28,30","[0, 5, 18, 28, 30]",g_s01_k05_from_d00_d05_d18_d30_add_d28,direct full-sequence ATE forward-greedy trial,"{""added_channel"": 28, ""cardinality"": 5, ""parent_channels"": [0, 5, 18, 30], ""phase"": ""forward_extension"", ""reused_existing_evaluation"": false, ""seed_channels"": [0, 5], ""seed_index"": 1}",2026-08-14T22:44:17.188783+00:00
direct_greedy,g_s01_k05_from_d00_d05_d18_d30_add_d29,0,"0,5,18,29,30","[0, 5, 18, 29, 30]",g_s01_k05_from_d00_d05_d18_d30_add_d29,direct full-sequence ATE forward-greedy trial,"{""added_channel"": 29, ""cardinality"": 5, ""parent_channels"": [0, 5, 18, 30], ""phase"": ""forward_extension"", ""reused_existing_evaluation"": false, ""seed_channels"": [0, 5], ""seed_index"": 1}",2026-08-14T22:45:08.027735+00:00
direct_greedy,g_s01_k05_from_d00_d05_d18_d30_add_d31,0,"0,5,18,30,31","[0, 5, 18, 30, 31]",g_s01_k05_from_d00_d05_d18_d30_add_d31,direct full-sequence ATE forward-greedy trial,"{""added_channel"": 31, ""cardinality"": 5, ""parent_channels"": [0, 5, 18, 30], ""phase"": ""forward_extension"", ""reused_existing_evaluation"": false, ""seed_channels"": [0, 5], ""seed_index"": 1}",2026-08-14T22:45:59.112491+00:00
direct_greedy,g_s01_k06_from_d00_d05_d06_d18_d30_add_d01,0,"0,1,5,6,18,30","[0, 1, 5, 6, 18, 30]",g_s01_k06_from_d00_d05_d06_d18_d30_add_d01,direct full-sequence ATE forward-greedy trial,"{""added_channel"": 1, ""cardinality"": 6, ""parent_channels"": [0, 5, 6, 18, 30], ""phase"": ""forward_extension"", ""reused_existing_evaluation"": false, ""seed_channels"": [0, 5], ""seed_index"": 1}",2026-08-14T22:46:51.937899+00:00
direct_greedy,g_s01_k06_from_d00_d05_d06_d18_d30_add_d02,0,"0,2,5,6,18,30","[0, 2, 5, 6, 18, 30]",g_s01_k06_from_d00_d05_d06_d18_d30_add_d02,direct full-sequence ATE forward-greedy trial,"{""added_channel"": 2, ""cardinality"": 6, ""parent_channels"": [0, 5, 6, 18, 30], ""phase"": ""forward_extension"", ""reused_existing_evaluation"": false, ""seed_channels"": [0, 5], ""seed_index"": 1}",2026-08-14T22:47:44.608987+00:00
direct_greedy,g_s01_k06_from_d00_d05_d06_d18_d30_add_d03,0,"0,3,5,6,18,30","[0, 3, 5, 6, 18, 30]",g_s01_k06_from_d00_d05_d06_d18_d30_add_d03,direct full-sequence ATE forward-greedy trial,"{""added_channel"": 3, ""cardinality"": 6, ""parent_channels"": [0, 5, 6, 18, 30], ""phase"": ""forward_extension"", ""reused_existing_evaluation"": false, ""seed_channels"": [0, 5], ""seed_index"": 1}",2026-08-14T22:48:33.981160+00:00
direct_greedy,g_s01_k06_from_d00_d05_d06_d18_d30_add_d04,0,"0,4,5,6,18,30","[0, 4, 5, 6, 18, 30]",g_s01_k06_from_d00_d05_d06_d18_d30_add_d04,direct full-sequence ATE forward-greedy trial,"{""added_channel"": 4, ""cardinality"": 6, ""parent_channels"": [0, 5, 6, 18, 30], ""phase"": ""forward_extension"", ""reused_existing_evaluation"": false, ""seed_channels"": [0, 5], ""seed_index"": 1}",2026-08-14T22:49:24.370047+00:00
direct_greedy,g_s01_k06_from_d00_d05_d06_d18_d30_add_d07,0,"0,5,6,7,18,30","[0, 5, 6, 7, 18, 30]",g_s01_k06_from_d00_d05_d06_d18_d30_add_d07,direct full-sequence ATE forward-greedy trial,"{""added_channel"": 7, ""cardinality"": 6, ""parent_channels"": [0, 5, 6, 18, 30], ""phase"": ""forward_extension"", ""reused_existing_evaluation"": false, ""seed_channels"": [0, 5], ""seed_index"": 1}",2026-08-14T22:50:16.702006+00:00
direct_greedy,g_s01_k06_from_d00_d05_d06_d18_d30_add_d08,0,"0,5,6,8,18,30","[0, 5, 6, 8, 18, 30]",g_s01_k06_from_d00_d05_d06_d18_d30_add_d08,direct full-sequence ATE forward-greedy trial,"{""added_channel"": 8, ""cardinality"": 6, ""parent_channels"": [0, 5, 6, 18, 30], ""phase"": ""forward_extension"", ""reused_existing_evaluation"": false, ""seed_channels"": [0, 5], ""seed_index"": 1}",2026-08-14T22:51:09.540836+00:00
direct_greedy,g_s01_k06_from_d00_d05_d06_d18_d30_add_d09,0,"0,5,6,9,18,30","[0, 5, 6, 9, 18, 30]",g_s01_k06_from_d00_d05_d06_d18_d30_add_d09,direct full-sequence ATE forward-greedy trial,"{""added_channel"": 9, ""cardinality"": 6, ""parent_channels"": [0, 5, 6, 18, 30], ""phase"": ""forward_extension"", ""reused_existing_evaluation"": false, ""seed_channels"": [0, 5], ""seed_index"": 1}",2026-08-14T22:52:02.634210+00:00
direct_greedy,g_s01_k06_from_d00_d05_d06_d18_d30_add_d10,0,"0,5,6,10,18,30","[0, 5, 6, 10, 18, 30]",g_s01_k06_from_d00_d05_d06_d18_d30_add_d10,direct full-sequence ATE forward-greedy trial,"{""added_channel"": 10, ""cardinality"": 6, ""parent_channels"": [0, 5, 6, 18, 30], ""phase"": ""forward_extension"", ""reused_existing_evaluation"": false, ""seed_channels"": [0, 5], ""seed_index"": 1}",2026-08-14T22:52:55.071891+00:00
direct_greedy,g_s01_k06_from_d00_d05_d06_d18_d30_add_d11,0,"0,5,6,11,18,30","[0, 5, 6, 11, 18, 30]",g_s01_k06_from_d00_d05_d06_d18_d30_add_d11,direct full-sequence ATE forward-greedy trial,"{""added_channel"": 11, ""cardinality"": 6, ""parent_channels"": [0, 5, 6, 18, 30], ""phase"": ""forward_extension"", ""reused_existing_evaluation"": false, ""seed_channels"": [0, 5], ""seed_index"": 1}",2026-08-14T22:53:47.642651+00:00
direct_greedy,g_s01_k06_from_d00_d05_d06_d18_d30_add_d12,0,"0,5,6,12,18,30","[0, 5, 6, 12, 18, 30]",g_s01_k06_from_d00_d05_d06_d18_d30_add_d12,direct full-sequence ATE forward-greedy trial,"{""added_channel"": 12, ""cardinality"": 6, ""parent_channels"": [0, 5, 6, 18, 30], ""phase"": ""forward_extension"", ""reused_existing_evaluation"": false, ""seed_channels"": [0, 5], ""seed_index"": 1}",2026-08-14T22:54:38.222541+00:00
direct_greedy,g_s01_k06_from_d00_d05_d06_d18_d30_add_d13,0,"0,5,6,13,18,30","[0, 5, 6, 13, 18, 30]",g_s01_k06_from_d00_d05_d06_d18_d30_add_d13,direct full-sequence ATE forward-greedy trial,"{""added_channel"": 13, ""cardinality"": 6, ""parent_channels"": [0, 5, 6, 18, 30], ""phase"": ""forward_extension"", ""reused_existing_evaluation"": false, ""seed_channels"": [0, 5], ""seed_index"": 1}",2026-08-14T22:55:31.298673+00:00
direct_greedy,g_s01_k06_from_d00_d05_d06_d18_d30_add_d14,0,"0,5,6,14,18,30","[0, 5, 6, 14, 18, 30]",g_s01_k06_from_d00_d05_d06_d18_d30_add_d14,direct full-sequence ATE forward-greedy trial,"{""added_channel"": 14, ""cardinality"": 6, ""parent_channels"": [0, 5, 6, 18, 30], ""phase"": ""forward_extension"", ""reused_existing_evaluation"": false, ""seed_channels"": [0, 5], ""seed_index"": 1}",2026-08-14T22:56:24.697066+00:00
direct_greedy,g_s01_k06_from_d00_d05_d06_d18_d30_add_d15,0,"0,5,6,15,18,30","[0, 5, 6, 15, 18, 30]",g_s01_k06_from_d00_d05_d06_d18_d30_add_d15,direct full-sequence ATE forward-greedy trial,"{""added_channel"": 15, ""cardinality"": 6, ""parent_channels"": [0, 5, 6, 18, 30], ""phase"": ""forward_extension"", ""reused_existing_evaluation"": false, ""seed_channels"": [0, 5], ""seed_index"": 1}",2026-08-14T22:57:17.438243+00:00
direct_greedy,g_s01_k06_from_d00_d05_d06_d18_d30_add_d16,0,"0,5,6,16,18,30","[0, 5, 6, 16, 18, 30]",g_s01_k06_from_d00_d05_d06_d18_d30_add_d16,direct full-sequence ATE forward-greedy trial,"{""added_channel"": 16, ""cardinality"": 6, ""parent_channels"": [0, 5, 6, 18, 30], ""phase"": ""forward_extension"", ""reused_existing_evaluation"": false, ""seed_channels"": [0, 5], ""seed_index"": 1}",2026-08-14T22:58:10.168016+00:00
direct_greedy,g_s01_k06_from_d00_d05_d06_d18_d30_add_d17,0,"0,5,6,17,18,30","[0, 5, 6, 17, 18, 30]",g_s01_k06_from_d00_d05_d06_d18_d30_add_d17,direct full-sequence ATE forward-greedy trial,"{""added_channel"": 17, ""cardinality"": 6, ""parent_channels"": [0, 5, 6, 18, 30], ""phase"": ""forward_extension"", ""reused_existing_evaluation"": false, ""seed_channels"": [0, 5], ""seed_index"": 1}",2026-08-14T22:59:03.372021+00:00
direct_greedy,g_s01_k06_from_d00_d05_d06_d18_d30_add_d19,0,"0,5,6,18,19,30","[0, 5, 6, 18, 19, 30]",g_s01_k06_from_d00_d05_d06_d18_d30_add_d19,direct full-sequence ATE forward-greedy trial,"{""added_channel"": 19, ""cardinality"": 6, ""parent_channels"": [0, 5, 6, 18, 30], ""phase"": ""forward_extension"", ""reused_existing_evaluation"": false, ""seed_channels"": [0, 5], ""seed_index"": 1}",2026-08-14T22:59:54.287746+00:00
direct_greedy,g_s01_k06_from_d00_d05_d06_d18_d30_add_d20,0,"0,5,6,18,20,30","[0, 5, 6, 18, 20, 30]",g_s01_k06_from_d00_d05_d06_d18_d30_add_d20,direct full-sequence ATE forward-greedy trial,"{""added_channel"": 20, ""cardinality"": 6, ""parent_channels"": [0, 5, 6, 18, 30], ""phase"": ""forward_extension"", ""reused_existing_evaluation"": false, ""seed_channels"": [0, 5], ""seed_index"": 1}",2026-08-14T23:00:46.930099+00:00
direct_greedy,g_s01_k06_from_d00_d05_d06_d18_d30_add_d21,0,"0,5,6,18,21,30","[0, 5, 6, 18, 21, 30]",g_s01_k06_from_d00_d05_d06_d18_d30_add_d21,direct full-sequence ATE forward-greedy trial,"{""added_channel"": 21, ""cardinality"": 6, ""parent_channels"": [0, 5, 6, 18, 30], ""phase"": ""forward_extension"", ""reused_existing_evaluation"": false, ""seed_channels"": [0, 5], ""seed_index"": 1}",2026-08-14T23:01:37.904709+00:00
direct_greedy,g_s01_k06_from_d00_d05_d06_d18_d30_add_d22,0,"0,5,6,18,22,30","[0, 5, 6, 18, 22, 30]",g_s01_k06_from_d00_d05_d06_d18_d30_add_d22,direct full-sequence ATE forward-greedy trial,"{""added_channel"": 22, ""cardinality"": 6, ""parent_channels"": [0, 5, 6, 18, 30], ""phase"": ""forward_extension"", ""reused_existing_evaluation"": false, ""seed_channels"": [0, 5], ""seed_index"": 1}",2026-08-14T23:02:30.020335+00:00
direct_greedy,g_s01_k06_from_d00_d05_d06_d18_d30_add_d23,0,"0,5,6,18,23,30","[0, 5, 6, 18, 23, 30]",g_s01_k06_from_d00_d05_d06_d18_d30_add_d23,direct full-sequence ATE forward-greedy trial,"{""added_channel"": 23, ""cardinality"": 6, ""parent_channels"": [0, 5, 6, 18, 30], ""phase"": ""forward_extension"", ""reused_existing_evaluation"": false, ""seed_channels"": [0, 5], ""seed_index"": 1}",2026-08-14T23:03:21.035859+00:00
direct_greedy,g_s01_k06_from_d00_d05_d06_d18_d30_add_d24,0,"0,5,6,18,24,30","[0, 5, 6, 18, 24, 30]",g_s01_k06_from_d00_d05_d06_d18_d30_add_d24,direct full-sequence ATE forward-greedy trial,"{""added_channel"": 24, ""cardinality"": 6, ""parent_channels"": [0, 5, 6, 18, 30], ""phase"": ""forward_extension"", ""reused_existing_evaluation"": false, ""seed_channels"": [0, 5], ""seed_index"": 1}",2026-08-14T23:04:11.091604+00:00
direct_greedy,g_s01_k06_from_d00_d05_d06_d18_d30_add_d25,0,"0,5,6,18,25,30","[0, 5, 6, 18, 25, 30]",g_s01_k06_from_d00_d05_d06_d18_d30_add_d25,direct full-sequence ATE forward-greedy trial,"{""added_channel"": 25, ""cardinality"": 6, ""parent_channels"": [0, 5, 6, 18, 30], ""phase"": ""forward_extension"", ""reused_existing_evaluation"": false, ""seed_channels"": [0, 5], ""seed_index"": 1}",2026-08-14T23:05:01.915214+00:00
direct_greedy,g_s01_k06_from_d00_d05_d06_d18_d30_add_d26,0,"0,5,6,18,26,30","[0, 5, 6, 18, 26, 30]",g_s01_k06_from_d00_d05_d06_d18_d30_add_d26,direct full-sequence ATE forward-greedy trial,"{""added_channel"": 26, ""cardinality"": 6, ""parent_channels"": [0, 5, 6, 18, 30], ""phase"": ""forward_extension"", ""reused_existing_evaluation"": false, ""seed_channels"": [0, 5], ""seed_index"": 1}",2026-08-14T23:05:53.399030+00:00
direct_greedy,g_s01_k06_from_d00_d05_d06_d18_d30_add_d27,0,"0,5,6,18,27,30","[0, 5, 6, 18, 27, 30]",g_s01_k06_from_d00_d05_d06_d18_d30_add_d27,direct full-sequence ATE forward-greedy trial,"{""added_channel"": 27, ""cardinality"": 6, ""parent_channels"": [0, 5, 6, 18, 30], ""phase"": ""forward_extension"", ""reused_existing_evaluation"": false, ""seed_channels"": [0, 5], ""seed_index"": 1}",2026-08-14T23:06:44.561398+00:00
direct_greedy,g_s01_k06_from_d00_d05_d06_d18_d30_add_d28,0,"0,5,6,18,28,30","[0, 5, 6, 18, 28, 30]",g_s01_k06_from_d00_d05_d06_d18_d30_add_d28,direct full-sequence ATE forward-greedy trial,"{""added_channel"": 28, ""cardinality"": 6, ""parent_channels"": [0, 5, 6, 18, 30], ""phase"": ""forward_extension"", ""reused_existing_evaluation"": false, ""seed_channels"": [0, 5], ""seed_index"": 1}",2026-08-14T23:07:36.714054+00:00
direct_greedy,g_s01_k06_from_d00_d05_d06_d18_d30_add_d29,0,"0,5,6,18,29,30","[0, 5, 6, 18, 29, 30]",g_s01_k06_from_d00_d05_d06_d18_d30_add_d29,direct full-sequence ATE forward-greedy trial,"{""added_channel"": 29, ""cardinality"": 6, ""parent_channels"": [0, 5, 6, 18, 30], ""phase"": ""forward_extension"", ""reused_existing_evaluation"": false, ""seed_channels"": [0, 5], ""seed_index"": 1}",2026-08-14T23:08:28.262359+00:00
direct_greedy,g_s01_k06_from_d00_d05_d06_d18_d30_add_d31,0,"0,5,6,18,30,31","[0, 5, 6, 18, 30, 31]",g_s01_k06_from_d00_d05_d06_d18_d30_add_d31,direct full-sequence ATE forward-greedy trial,"{""added_channel"": 31, ""cardinality"": 6, ""parent_channels"": [0, 5, 6, 18, 30], ""phase"": ""forward_extension"", ""reused_existing_evaluation"": false, ""seed_channels"": [0, 5], ""seed_index"": 1}",2026-08-14T23:09:20.039969+00:00
direct_greedy,g_s02_k03_from_d01_d05_add_d00,0,"0,1,5","[0, 1, 5]",g_s01_k03_from_d00_d05_add_d01,direct full-sequence ATE forward-greedy trial,"{""added_channel"": 0, ""cardinality"": 3, ""parent_channels"": [1, 5], ""phase"": ""forward_extension"", ""reused_existing_evaluation"": true, ""seed_channels"": [1, 5], ""seed_index"": 2}",2026-08-14T23:09:20.101661+00:00
direct_greedy,g_s02_k03_from_d01_d05_add_d02,0,"1,2,5","[1, 2, 5]",g_s02_k03_from_d01_d05_add_d02,direct full-sequence ATE forward-greedy trial,"{""added_channel"": 2, ""cardinality"": 3, ""parent_channels"": [1, 5], ""phase"": ""forward_extension"", ""reused_existing_evaluation"": false, ""seed_channels"": [1, 5], ""seed_index"": 2}",2026-08-14T23:10:09.935215+00:00
direct_greedy,g_s02_k03_from_d01_d05_add_d03,0,"1,3,5","[1, 3, 5]",g_s02_k03_from_d01_d05_add_d03,direct full-sequence ATE forward-greedy trial,"{""added_channel"": 3, ""cardinality"": 3, ""parent_channels"": [1, 5], ""phase"": ""forward_extension"", ""reused_existing_evaluation"": false, ""seed_channels"": [1, 5], ""seed_index"": 2}",2026-08-14T23:10:56.757618+00:00
direct_greedy,g_s02_k03_from_d01_d05_add_d04,0,"1,4,5","[1, 4, 5]",g_s02_k03_from_d01_d05_add_d04,direct full-sequence ATE forward-greedy trial,"{""added_channel"": 4, ""cardinality"": 3, ""parent_channels"": [1, 5], ""phase"": ""forward_extension"", ""reused_existing_evaluation"": false, ""seed_channels"": [1, 5], ""seed_index"": 2}",2026-08-14T23:11:45.378994+00:00
direct_greedy,g_s02_k03_from_d01_d05_add_d06,0,"1,5,6","[1, 5, 6]",g_s02_k03_from_d01_d05_add_d06,direct full-sequence ATE forward-greedy trial,"{""added_channel"": 6, ""cardinality"": 3, ""parent_channels"": [1, 5], ""phase"": ""forward_extension"", ""reused_existing_evaluation"": false, ""seed_channels"": [1, 5], ""seed_index"": 2}",2026-08-14T23:12:34.536319+00:00
direct_greedy,g_s02_k03_from_d01_d05_add_d07,0,"1,5,7","[1, 5, 7]",g_s02_k03_from_d01_d05_add_d07,direct full-sequence ATE forward-greedy trial,"{""added_channel"": 7, ""cardinality"": 3, ""parent_channels"": [1, 5], ""phase"": ""forward_extension"", ""reused_existing_evaluation"": false, ""seed_channels"": [1, 5], ""seed_index"": 2}",2026-08-14T23:13:24.462686+00:00
direct_greedy,g_s02_k03_from_d01_d05_add_d08,0,"1,5,8","[1, 5, 8]",g_s02_k03_from_d01_d05_add_d08,direct full-sequence ATE forward-greedy trial,"{""added_channel"": 8, ""cardinality"": 3, ""parent_channels"": [1, 5], ""phase"": ""forward_extension"", ""reused_existing_evaluation"": false, ""seed_channels"": [1, 5], ""seed_index"": 2}",2026-08-14T23:14:13.840233+00:00
direct_greedy,g_s02_k03_from_d01_d05_add_d09,0,"1,5,9","[1, 5, 9]",g_s02_k03_from_d01_d05_add_d09,direct full-sequence ATE forward-greedy trial,"{""added_channel"": 9, ""cardinality"": 3, ""parent_channels"": [1, 5], ""phase"": ""forward_extension"", ""reused_existing_evaluation"": false, ""seed_channels"": [1, 5], ""seed_index"": 2}",2026-08-14T23:15:04.163970+00:00
direct_greedy,g_s02_k03_from_d01_d05_add_d10,0,"1,5,10","[1, 5, 10]",g_s02_k03_from_d01_d05_add_d10,direct full-sequence ATE forward-greedy trial,"{""added_channel"": 10, ""cardinality"": 3, ""parent_channels"": [1, 5], ""phase"": ""forward_extension"", ""reused_existing_evaluation"": false, ""seed_channels"": [1, 5], ""seed_index"": 2}",2026-08-14T23:15:53.193627+00:00
direct_greedy,g_s02_k03_from_d01_d05_add_d11,0,"1,5,11","[1, 5, 11]",g_s02_k03_from_d01_d05_add_d11,direct full-sequence ATE forward-greedy trial,"{""added_channel"": 11, ""cardinality"": 3, ""parent_channels"": [1, 5], ""phase"": ""forward_extension"", ""reused_existing_evaluation"": false, ""seed_channels"": [1, 5], ""seed_index"": 2}",2026-08-14T23:16:42.263571+00:00
direct_greedy,g_s02_k03_from_d01_d05_add_d12,0,"1,5,12","[1, 5, 12]",g_s02_k03_from_d01_d05_add_d12,direct full-sequence ATE forward-greedy trial,"{""added_channel"": 12, ""cardinality"": 3, ""parent_channels"": [1, 5], ""phase"": ""forward_extension"", ""reused_existing_evaluation"": false, ""seed_channels"": [1, 5], ""seed_index"": 2}",2026-08-14T23:17:30.349996+00:00
direct_greedy,g_s02_k03_from_d01_d05_add_d13,0,"1,5,13","[1, 5, 13]",g_s02_k03_from_d01_d05_add_d13,direct full-sequence ATE forward-greedy trial,"{""added_channel"": 13, ""cardinality"": 3, ""parent_channels"": [1, 5], ""phase"": ""forward_extension"", ""reused_existing_evaluation"": false, ""seed_channels"": [1, 5], ""seed_index"": 2}",2026-08-14T23:18:19.322227+00:00
direct_greedy,g_s02_k03_from_d01_d05_add_d14,0,"1,5,14","[1, 5, 14]",g_s02_k03_from_d01_d05_add_d14,direct full-sequence ATE forward-greedy trial,"{""added_channel"": 14, ""cardinality"": 3, ""parent_channels"": [1, 5], ""phase"": ""forward_extension"", ""reused_existing_evaluation"": false, ""seed_channels"": [1, 5], ""seed_index"": 2}",2026-08-14T23:19:08.439670+00:00
direct_greedy,g_s02_k03_from_d01_d05_add_d15,0,"1,5,15","[1, 5, 15]",g_s02_k03_from_d01_d05_add_d15,direct full-sequence ATE forward-greedy trial,"{""added_channel"": 15, ""cardinality"": 3, ""parent_channels"": [1, 5], ""phase"": ""forward_extension"", ""reused_existing_evaluation"": false, ""seed_channels"": [1, 5], ""seed_index"": 2}",2026-08-14T23:19:56.892018+00:00
direct_greedy,g_s02_k03_from_d01_d05_add_d16,0,"1,5,16","[1, 5, 16]",g_s02_k03_from_d01_d05_add_d16,direct full-sequence ATE forward-greedy trial,"{""added_channel"": 16, ""cardinality"": 3, ""parent_channels"": [1, 5], ""phase"": ""forward_extension"", ""reused_existing_evaluation"": false, ""seed_channels"": [1, 5], ""seed_index"": 2}",2026-08-14T23:20:46.347342+00:00
direct_greedy,g_s02_k03_from_d01_d05_add_d17,0,"1,5,17","[1, 5, 17]",g_s02_k03_from_d01_d05_add_d17,direct full-sequence ATE forward-greedy trial,"{""added_channel"": 17, ""cardinality"": 3, ""parent_channels"": [1, 5], ""phase"": ""forward_extension"", ""reused_existing_evaluation"": false, ""seed_channels"": [1, 5], ""seed_index"": 2}",2026-08-14T23:21:35.263981+00:00
direct_greedy,g_s02_k03_from_d01_d05_add_d18,0,"1,5,18","[1, 5, 18]",g_s02_k03_from_d01_d05_add_d18,direct full-sequence ATE forward-greedy trial,"{""added_channel"": 18, ""cardinality"": 3, ""parent_channels"": [1, 5], ""phase"": ""forward_extension"", ""reused_existing_evaluation"": false, ""seed_channels"": [1, 5], ""seed_index"": 2}",2026-08-14T23:22:24.329165+00:00
direct_greedy,g_s02_k03_from_d01_d05_add_d19,0,"1,5,19","[1, 5, 19]",g_s02_k03_from_d01_d05_add_d19,direct full-sequence ATE forward-greedy trial,"{""added_channel"": 19, ""cardinality"": 3, ""parent_channels"": [1, 5], ""phase"": ""forward_extension"", ""reused_existing_evaluation"": false, ""seed_channels"": [1, 5], ""seed_index"": 2}",2026-08-14T23:23:13.019736+00:00
direct_greedy,g_s02_k03_from_d01_d05_add_d20,0,"1,5,20","[1, 5, 20]",g_s02_k03_from_d01_d05_add_d20,direct full-sequence ATE forward-greedy trial,"{""added_channel"": 20, ""cardinality"": 3, ""parent_channels"": [1, 5], ""phase"": ""forward_extension"", ""reused_existing_evaluation"": false, ""seed_channels"": [1, 5], ""seed_index"": 2}",2026-08-14T23:24:02.080102+00:00
direct_greedy,g_s02_k03_from_d01_d05_add_d21,0,"1,5,21","[1, 5, 21]",g_s02_k03_from_d01_d05_add_d21,direct full-sequence ATE forward-greedy trial,"{""added_channel"": 21, ""cardinality"": 3, ""parent_channels"": [1, 5], ""phase"": ""forward_extension"", ""reused_existing_evaluation"": false, ""seed_channels"": [1, 5], ""seed_index"": 2}",2026-08-14T23:24:50.552449+00:00
direct_greedy,g_s02_k03_from_d01_d05_add_d22,0,"1,5,22","[1, 5, 22]",g_s02_k03_from_d01_d05_add_d22,direct full-sequence ATE forward-greedy trial,"{""added_channel"": 22, ""cardinality"": 3, ""parent_channels"": [1, 5], ""phase"": ""forward_extension"", ""reused_existing_evaluation"": false, ""seed_channels"": [1, 5], ""seed_index"": 2}",2026-08-14T23:25:39.661322+00:00
direct_greedy,g_s02_k03_from_d01_d05_add_d23,0,"1,5,23","[1, 5, 23]",g_s02_k03_from_d01_d05_add_d23,direct full-sequence ATE forward-greedy trial,"{""added_channel"": 23, ""cardinality"": 3, ""parent_channels"": [1, 5], ""phase"": ""forward_extension"", ""reused_existing_evaluation"": false, ""seed_channels"": [1, 5], ""seed_index"": 2}",2026-08-14T23:26:28.697628+00:00
direct_greedy,g_s02_k03_from_d01_d05_add_d24,0,"1,5,24","[1, 5, 24]",g_s02_k03_from_d01_d05_add_d24,direct full-sequence ATE forward-greedy trial,"{""added_channel"": 24, ""cardinality"": 3, ""parent_channels"": [1, 5], ""phase"": ""forward_extension"", ""reused_existing_evaluation"": false, ""seed_channels"": [1, 5], ""seed_index"": 2}",2026-08-14T23:27:17.238083+00:00
direct_greedy,g_s02_k03_from_d01_d05_add_d25,0,"1,5,25","[1, 5, 25]",g_s02_k03_from_d01_d05_add_d25,direct full-sequence ATE forward-greedy trial,"{""added_channel"": 25, ""cardinality"": 3, ""parent_channels"": [1, 5], ""phase"": ""forward_extension"", ""reused_existing_evaluation"": false, ""seed_channels"": [1, 5], ""seed_index"": 2}",2026-08-14T23:28:06.375548+00:00
direct_greedy,g_s02_k03_from_d01_d05_add_d26,0,"1,5,26","[1, 5, 26]",g_s02_k03_from_d01_d05_add_d26,direct full-sequence ATE forward-greedy trial,"{""added_channel"": 26, ""cardinality"": 3, ""parent_channels"": [1, 5], ""phase"": ""forward_extension"", ""reused_existing_evaluation"": false, ""seed_channels"": [1, 5], ""seed_index"": 2}",2026-08-14T23:28:56.223921+00:00
direct_greedy,g_s02_k03_from_d01_d05_add_d27,0,"1,5,27","[1, 5, 27]",g_s02_k03_from_d01_d05_add_d27,direct full-sequence ATE forward-greedy trial,"{""added_channel"": 27, ""cardinality"": 3, ""parent_channels"": [1, 5], ""phase"": ""forward_extension"", ""reused_existing_evaluation"": false, ""seed_channels"": [1, 5], ""seed_index"": 2}",2026-08-14T23:29:44.837014+00:00
direct_greedy,g_s02_k03_from_d01_d05_add_d28,0,"1,5,28","[1, 5, 28]",g_s02_k03_from_d01_d05_add_d28,direct full-sequence ATE forward-greedy trial,"{""added_channel"": 28, ""cardinality"": 3, ""parent_channels"": [1, 5], ""phase"": ""forward_extension"", ""reused_existing_evaluation"": false, ""seed_channels"": [1, 5], ""seed_index"": 2}",2026-08-14T23:30:35.063330+00:00
direct_greedy,g_s02_k03_from_d01_d05_add_d29,0,"1,5,29","[1, 5, 29]",g_s02_k03_from_d01_d05_add_d29,direct full-sequence ATE forward-greedy trial,"{""added_channel"": 29, ""cardinality"": 3, ""parent_channels"": [1, 5], ""phase"": ""forward_extension"", ""reused_existing_evaluation"": false, ""seed_channels"": [1, 5], ""seed_index"": 2}",2026-08-14T23:31:23.479483+00:00
direct_greedy,g_s02_k03_from_d01_d05_add_d30,0,"1,5,30","[1, 5, 30]",g_s02_k03_from_d01_d05_add_d30,direct full-sequence ATE forward-greedy trial,"{""added_channel"": 30, ""cardinality"": 3, ""parent_channels"": [1, 5], ""phase"": ""forward_extension"", ""reused_existing_evaluation"": false, ""seed_channels"": [1, 5], ""seed_index"": 2}",2026-08-14T23:32:11.717495+00:00
direct_greedy,g_s02_k03_from_d01_d05_add_d31,0,"1,5,31","[1, 5, 31]",g_s02_k03_from_d01_d05_add_d31,direct full-sequence ATE forward-greedy trial,"{""added_channel"": 31, ""cardinality"": 3, ""parent_channels"": [1, 5], ""phase"": ""forward_extension"", ""reused_existing_evaluation"": false, ""seed_channels"": [1, 5], ""seed_index"": 2}",2026-08-14T23:33:01.706038+00:00
direct_greedy,g_s02_k04_from_d01_d05_d15_add_d00,0,"0,1,5,15","[0, 1, 5, 15]",g_s02_k04_from_d01_d05_d15_add_d00,direct full-sequence ATE forward-greedy trial,"{""added_channel"": 0, ""cardinality"": 4, ""parent_channels"": [1, 5, 15], ""phase"": ""forward_extension"", ""reused_existing_evaluation"": false, ""seed_channels"": [1, 5], ""seed_index"": 2}",2026-08-14T23:33:51.355841+00:00
direct_greedy,g_s02_k04_from_d01_d05_d15_add_d02,0,"1,2,5,15","[1, 2, 5, 15]",g_s02_k04_from_d01_d05_d15_add_d02,direct full-sequence ATE forward-greedy trial,"{""added_channel"": 2, ""cardinality"": 4, ""parent_channels"": [1, 5, 15], ""phase"": ""forward_extension"", ""reused_existing_evaluation"": false, ""seed_channels"": [1, 5], ""seed_index"": 2}",2026-08-14T23:34:42.060068+00:00
direct_greedy,g_s02_k04_from_d01_d05_d15_add_d03,0,"1,3,5,15","[1, 3, 5, 15]",g_s02_k04_from_d01_d05_d15_add_d03,direct full-sequence ATE forward-greedy trial,"{""added_channel"": 3, ""cardinality"": 4, ""parent_channels"": [1, 5, 15], ""phase"": ""forward_extension"", ""reused_existing_evaluation"": false, ""seed_channels"": [1, 5], ""seed_index"": 2}",2026-08-14T23:35:29.515801+00:00
direct_greedy,g_s02_k04_from_d01_d05_d15_add_d04,0,"1,4,5,15","[1, 4, 5, 15]",g_s02_k04_from_d01_d05_d15_add_d04,direct full-sequence ATE forward-greedy trial,"{""added_channel"": 4, ""cardinality"": 4, ""parent_channels"": [1, 5, 15], ""phase"": ""forward_extension"", ""reused_existing_evaluation"": false, ""seed_channels"": [1, 5], ""seed_index"": 2}",2026-08-14T23:36:18.259678+00:00
direct_greedy,g_s02_k04_from_d01_d05_d15_add_d06,0,"1,5,6,15","[1, 5, 6, 15]",g_s02_k04_from_d01_d05_d15_add_d06,direct full-sequence ATE forward-greedy trial,"{""added_channel"": 6, ""cardinality"": 4, ""parent_channels"": [1, 5, 15], ""phase"": ""forward_extension"", ""reused_existing_evaluation"": false, ""seed_channels"": [1, 5], ""seed_index"": 2}",2026-08-14T23:37:08.261996+00:00
direct_greedy,g_s02_k04_from_d01_d05_d15_add_d07,0,"1,5,7,15","[1, 5, 7, 15]",g_s02_k04_from_d01_d05_d15_add_d07,direct full-sequence ATE forward-greedy trial,"{""added_channel"": 7, ""cardinality"": 4, ""parent_channels"": [1, 5, 15], ""phase"": ""forward_extension"", ""reused_existing_evaluation"": false, ""seed_channels"": [1, 5], ""seed_index"": 2}",2026-08-14T23:37:58.180084+00:00
direct_greedy,g_s02_k04_from_d01_d05_d15_add_d08,0,"1,5,8,15","[1, 5, 8, 15]",g_s02_k04_from_d01_d05_d15_add_d08,direct full-sequence ATE forward-greedy trial,"{""added_channel"": 8, ""cardinality"": 4, ""parent_channels"": [1, 5, 15], ""phase"": ""forward_extension"", ""reused_existing_evaluation"": false, ""seed_channels"": [1, 5], ""seed_index"": 2}",2026-08-14T23:38:48.414286+00:00
direct_greedy,g_s02_k04_from_d01_d05_d15_add_d09,0,"1,5,9,15","[1, 5, 9, 15]",g_s02_k04_from_d01_d05_d15_add_d09,direct full-sequence ATE forward-greedy trial,"{""added_channel"": 9, ""cardinality"": 4, ""parent_channels"": [1, 5, 15], ""phase"": ""forward_extension"", ""reused_existing_evaluation"": false, ""seed_channels"": [1, 5], ""seed_index"": 2}",2026-08-14T23:39:38.976009+00:00
direct_greedy,g_s02_k04_from_d01_d05_d15_add_d10,0,"1,5,10,15","[1, 5, 10, 15]",g_s02_k04_from_d01_d05_d15_add_d10,direct full-sequence ATE forward-greedy trial,"{""added_channel"": 10, ""cardinality"": 4, ""parent_channels"": [1, 5, 15], ""phase"": ""forward_extension"", ""reused_existing_evaluation"": false, ""seed_channels"": [1, 5], ""seed_index"": 2}",2026-08-14T23:40:29.248464+00:00
direct_greedy,g_s02_k04_from_d01_d05_d15_add_d11,0,"1,5,11,15","[1, 5, 11, 15]",g_s02_k04_from_d01_d05_d15_add_d11,direct full-sequence ATE forward-greedy trial,"{""added_channel"": 11, ""cardinality"": 4, ""parent_channels"": [1, 5, 15], ""phase"": ""forward_extension"", ""reused_existing_evaluation"": false, ""seed_channels"": [1, 5], ""seed_index"": 2}",2026-08-14T23:41:18.665068+00:00
direct_greedy,g_s02_k04_from_d01_d05_d15_add_d12,0,"1,5,12,15","[1, 5, 12, 15]",g_s02_k04_from_d01_d05_d15_add_d12,direct full-sequence ATE forward-greedy trial,"{""added_channel"": 12, ""cardinality"": 4, ""parent_channels"": [1, 5, 15], ""phase"": ""forward_extension"", ""reused_existing_evaluation"": false, ""seed_channels"": [1, 5], ""seed_index"": 2}",2026-08-14T23:42:07.038142+00:00
direct_greedy,g_s02_k04_from_d01_d05_d15_add_d13,0,"1,5,13,15","[1, 5, 13, 15]",g_s02_k04_from_d01_d05_d15_add_d13,direct full-sequence ATE forward-greedy trial,"{""added_channel"": 13, ""cardinality"": 4, ""parent_channels"": [1, 5, 15], ""phase"": ""forward_extension"", ""reused_existing_evaluation"": false, ""seed_channels"": [1, 5], ""seed_index"": 2}",2026-08-14T23:42:56.888351+00:00
direct_greedy,g_s02_k04_from_d01_d05_d15_add_d14,0,"1,5,14,15","[1, 5, 14, 15]",g_s02_k04_from_d01_d05_d15_add_d14,direct full-sequence ATE forward-greedy trial,"{""added_channel"": 14, ""cardinality"": 4, ""parent_channels"": [1, 5, 15], ""phase"": ""forward_extension"", ""reused_existing_evaluation"": false, ""seed_channels"": [1, 5], ""seed_index"": 2}",2026-08-14T23:43:46.926344+00:00
direct_greedy,g_s02_k04_from_d01_d05_d15_add_d16,0,"1,5,15,16","[1, 5, 15, 16]",g_s02_k04_from_d01_d05_d15_add_d16,direct full-sequence ATE forward-greedy trial,"{""added_channel"": 16, ""cardinality"": 4, ""parent_channels"": [1, 5, 15], ""phase"": ""forward_extension"", ""reused_existing_evaluation"": false, ""seed_channels"": [1, 5], ""seed_index"": 2}",2026-08-14T23:44:36.854128+00:00
direct_greedy,g_s02_k04_from_d01_d05_d15_add_d17,0,"1,5,15,17","[1, 5, 15, 17]",g_s02_k04_from_d01_d05_d15_add_d17,direct full-sequence ATE forward-greedy trial,"{""added_channel"": 17, ""cardinality"": 4, ""parent_channels"": [1, 5, 15], ""phase"": ""forward_extension"", ""reused_existing_evaluation"": false, ""seed_channels"": [1, 5], ""seed_index"": 2}",2026-08-14T23:45:26.483006+00:00
direct_greedy,g_s02_k04_from_d01_d05_d15_add_d18,0,"1,5,15,18","[1, 5, 15, 18]",g_s02_k04_from_d01_d05_d15_add_d18,direct full-sequence ATE forward-greedy trial,"{""added_channel"": 18, ""cardinality"": 4, ""parent_channels"": [1, 5, 15], ""phase"": ""forward_extension"", ""reused_existing_evaluation"": false, ""seed_channels"": [1, 5], ""seed_index"": 2}",2026-08-14T23:46:16.016167+00:00
direct_greedy,g_s02_k04_from_d01_d05_d15_add_d19,0,"1,5,15,19","[1, 5, 15, 19]",g_s02_k04_from_d01_d05_d15_add_d19,direct full-sequence ATE forward-greedy trial,"{""added_channel"": 19, ""cardinality"": 4, ""parent_channels"": [1, 5, 15], ""phase"": ""forward_extension"", ""reused_existing_evaluation"": false, ""seed_channels"": [1, 5], ""seed_index"": 2}",2026-08-14T23:47:05.554077+00:00
direct_greedy,g_s02_k04_from_d01_d05_d15_add_d20,0,"1,5,15,20","[1, 5, 15, 20]",g_s02_k04_from_d01_d05_d15_add_d20,direct full-sequence ATE forward-greedy trial,"{""added_channel"": 20, ""cardinality"": 4, ""parent_channels"": [1, 5, 15], ""phase"": ""forward_extension"", ""reused_existing_evaluation"": false, ""seed_channels"": [1, 5], ""seed_index"": 2}",2026-08-14T23:47:55.200286+00:00
direct_greedy,g_s02_k04_from_d01_d05_d15_add_d21,0,"1,5,15,21","[1, 5, 15, 21]",g_s02_k04_from_d01_d05_d15_add_d21,direct full-sequence ATE forward-greedy trial,"{""added_channel"": 21, ""cardinality"": 4, ""parent_channels"": [1, 5, 15], ""phase"": ""forward_extension"", ""reused_existing_evaluation"": false, ""seed_channels"": [1, 5], ""seed_index"": 2}",2026-08-14T23:48:44.014662+00:00
direct_greedy,g_s02_k04_from_d01_d05_d15_add_d22,0,"1,5,15,22","[1, 5, 15, 22]",g_s02_k04_from_d01_d05_d15_add_d22,direct full-sequence ATE forward-greedy trial,"{""added_channel"": 22, ""cardinality"": 4, ""parent_channels"": [1, 5, 15], ""phase"": ""forward_extension"", ""reused_existing_evaluation"": false, ""seed_channels"": [1, 5], ""seed_index"": 2}",2026-08-14T23:49:33.831788+00:00
direct_greedy,g_s02_k04_from_d01_d05_d15_add_d23,0,"1,5,15,23","[1, 5, 15, 23]",g_s02_k04_from_d01_d05_d15_add_d23,direct full-sequence ATE forward-greedy trial,"{""added_channel"": 23, ""cardinality"": 4, ""parent_channels"": [1, 5, 15], ""phase"": ""forward_extension"", ""reused_existing_evaluation"": false, ""seed_channels"": [1, 5], ""seed_index"": 2}",2026-08-14T23:50:23.405274+00:00
direct_greedy,g_s02_k04_from_d01_d05_d15_add_d24,0,"1,5,15,24","[1, 5, 15, 24]",g_s02_k04_from_d01_d05_d15_add_d24,direct full-sequence ATE forward-greedy trial,"{""added_channel"": 24, ""cardinality"": 4, ""parent_channels"": [1, 5, 15], ""phase"": ""forward_extension"", ""reused_existing_evaluation"": false, ""seed_channels"": [1, 5], ""seed_index"": 2}",2026-08-14T23:51:12.056272+00:00
direct_greedy,g_s02_k04_from_d01_d05_d15_add_d25,0,"1,5,15,25","[1, 5, 15, 25]",g_s02_k04_from_d01_d05_d15_add_d25,direct full-sequence ATE forward-greedy trial,"{""added_channel"": 25, ""cardinality"": 4, ""parent_channels"": [1, 5, 15], ""phase"": ""forward_extension"", ""reused_existing_evaluation"": false, ""seed_channels"": [1, 5], ""seed_index"": 2}",2026-08-14T23:52:01.763954+00:00
direct_greedy,g_s02_k04_from_d01_d05_d15_add_d26,0,"1,5,15,26","[1, 5, 15, 26]",g_s02_k04_from_d01_d05_d15_add_d26,direct full-sequence ATE forward-greedy trial,"{""added_channel"": 26, ""cardinality"": 4, ""parent_channels"": [1, 5, 15], ""phase"": ""forward_extension"", ""reused_existing_evaluation"": false, ""seed_channels"": [1, 5], ""seed_index"": 2}",2026-08-14T23:52:52.004069+00:00
direct_greedy,g_s02_k04_from_d01_d05_d15_add_d27,0,"1,5,15,27","[1, 5, 15, 27]",g_s02_k04_from_d01_d05_d15_add_d27,direct full-sequence ATE forward-greedy trial,"{""added_channel"": 27, ""cardinality"": 4, ""parent_channels"": [1, 5, 15], ""phase"": ""forward_extension"", ""reused_existing_evaluation"": false, ""seed_channels"": [1, 5], ""seed_index"": 2}",2026-08-14T23:53:41.694846+00:00
direct_greedy,g_s02_k04_from_d01_d05_d15_add_d28,0,"1,5,15,28","[1, 5, 15, 28]",g_s02_k04_from_d01_d05_d15_add_d28,direct full-sequence ATE forward-greedy trial,"{""added_channel"": 28, ""cardinality"": 4, ""parent_channels"": [1, 5, 15], ""phase"": ""forward_extension"", ""reused_existing_evaluation"": false, ""seed_channels"": [1, 5], ""seed_index"": 2}",2026-08-14T23:54:32.570447+00:00
direct_greedy,g_s02_k04_from_d01_d05_d15_add_d29,0,"1,5,15,29","[1, 5, 15, 29]",g_s02_k04_from_d01_d05_d15_add_d29,direct full-sequence ATE forward-greedy trial,"{""added_channel"": 29, ""cardinality"": 4, ""parent_channels"": [1, 5, 15], ""phase"": ""forward_extension"", ""reused_existing_evaluation"": false, ""seed_channels"": [1, 5], ""seed_index"": 2}",2026-08-14T23:55:21.817964+00:00
direct_greedy,g_s02_k04_from_d01_d05_d15_add_d30,0,"1,5,15,30","[1, 5, 15, 30]",g_s02_k04_from_d01_d05_d15_add_d30,direct full-sequence ATE forward-greedy trial,"{""added_channel"": 30, ""cardinality"": 4, ""parent_channels"": [1, 5, 15], ""phase"": ""forward_extension"", ""reused_existing_evaluation"": false, ""seed_channels"": [1, 5], ""seed_index"": 2}",2026-08-14T23:56:10.874703+00:00
direct_greedy,g_s02_k04_from_d01_d05_d15_add_d31,0,"1,5,15,31","[1, 5, 15, 31]",g_s02_k04_from_d01_d05_d15_add_d31,direct full-sequence ATE forward-greedy trial,"{""added_channel"": 31, ""cardinality"": 4, ""parent_channels"": [1, 5, 15], ""phase"": ""forward_extension"", ""reused_existing_evaluation"": false, ""seed_channels"": [1, 5], ""seed_index"": 2}",2026-08-14T23:57:01.614028+00:00
direct_greedy,g_s02_k05_from_d01_d05_d13_d15_add_d00,0,"0,1,5,13,15","[0, 1, 5, 13, 15]",g_s02_k05_from_d01_d05_d13_d15_add_d00,direct full-sequence ATE forward-greedy trial,"{""added_channel"": 0, ""cardinality"": 5, ""parent_channels"": [1, 5, 13, 15], ""phase"": ""forward_extension"", ""reused_existing_evaluation"": false, ""seed_channels"": [1, 5], ""seed_index"": 2}",2026-08-14T23:57:52.284153+00:00
direct_greedy,g_s02_k05_from_d01_d05_d13_d15_add_d02,0,"1,2,5,13,15","[1, 2, 5, 13, 15]",g_s02_k05_from_d01_d05_d13_d15_add_d02,direct full-sequence ATE forward-greedy trial,"{""added_channel"": 2, ""cardinality"": 5, ""parent_channels"": [1, 5, 13, 15], ""phase"": ""forward_extension"", ""reused_existing_evaluation"": false, ""seed_channels"": [1, 5], ""seed_index"": 2}",2026-08-14T23:58:43.510021+00:00
direct_greedy,g_s02_k05_from_d01_d05_d13_d15_add_d03,0,"1,3,5,13,15","[1, 3, 5, 13, 15]",g_s02_k05_from_d01_d05_d13_d15_add_d03,direct full-sequence ATE forward-greedy trial,"{""added_channel"": 3, ""cardinality"": 5, ""parent_channels"": [1, 5, 13, 15], ""phase"": ""forward_extension"", ""reused_existing_evaluation"": false, ""seed_channels"": [1, 5], ""seed_index"": 2}",2026-08-14T23:59:31.653629+00:00
direct_greedy,g_s02_k05_from_d01_d05_d13_d15_add_d04,0,"1,4,5,13,15","[1, 4, 5, 13, 15]",g_s02_k05_from_d01_d05_d13_d15_add_d04,direct full-sequence ATE forward-greedy trial,"{""added_channel"": 4, ""cardinality"": 5, ""parent_channels"": [1, 5, 13, 15], ""phase"": ""forward_extension"", ""reused_existing_evaluation"": false, ""seed_channels"": [1, 5], ""seed_index"": 2}",2026-08-15T00:00:20.907320+00:00
direct_greedy,g_s02_k05_from_d01_d05_d13_d15_add_d06,0,"1,5,6,13,15","[1, 5, 6, 13, 15]",g_s02_k05_from_d01_d05_d13_d15_add_d06,direct full-sequence ATE forward-greedy trial,"{""added_channel"": 6, ""cardinality"": 5, ""parent_channels"": [1, 5, 13, 15], ""phase"": ""forward_extension"", ""reused_existing_evaluation"": false, ""seed_channels"": [1, 5], ""seed_index"": 2}",2026-08-15T00:01:11.861279+00:00
direct_greedy,g_s02_k05_from_d01_d05_d13_d15_add_d07,0,"1,5,7,13,15","[1, 5, 7, 13, 15]",g_s02_k05_from_d01_d05_d13_d15_add_d07,direct full-sequence ATE forward-greedy trial,"{""added_channel"": 7, ""cardinality"": 5, ""parent_channels"": [1, 5, 13, 15], ""phase"": ""forward_extension"", ""reused_existing_evaluation"": false, ""seed_channels"": [1, 5], ""seed_index"": 2}",2026-08-15T00:02:02.442005+00:00
direct_greedy,g_s02_k05_from_d01_d05_d13_d15_add_d08,0,"1,5,8,13,15","[1, 5, 8, 13, 15]",g_s02_k05_from_d01_d05_d13_d15_add_d08,direct full-sequence ATE forward-greedy trial,"{""added_channel"": 8, ""cardinality"": 5, ""parent_channels"": [1, 5, 13, 15], ""phase"": ""forward_extension"", ""reused_existing_evaluation"": false, ""seed_channels"": [1, 5], ""seed_index"": 2}",2026-08-15T00:02:52.953057+00:00
direct_greedy,g_s02_k05_from_d01_d05_d13_d15_add_d09,0,"1,5,9,13,15","[1, 5, 9, 13, 15]",g_s02_k05_from_d01_d05_d13_d15_add_d09,direct full-sequence ATE forward-greedy trial,"{""added_channel"": 9, ""cardinality"": 5, ""parent_channels"": [1, 5, 13, 15], ""phase"": ""forward_extension"", ""reused_existing_evaluation"": false, ""seed_channels"": [1, 5], ""seed_index"": 2}",2026-08-15T00:03:44.166633+00:00
direct_greedy,g_s02_k05_from_d01_d05_d13_d15_add_d10,0,"1,5,10,13,15","[1, 5, 10, 13, 15]",g_s02_k05_from_d01_d05_d13_d15_add_d10,direct full-sequence ATE forward-greedy trial,"{""added_channel"": 10, ""cardinality"": 5, ""parent_channels"": [1, 5, 13, 15], ""phase"": ""forward_extension"", ""reused_existing_evaluation"": false, ""seed_channels"": [1, 5], ""seed_index"": 2}",2026-08-15T00:04:34.917426+00:00
direct_greedy,g_s02_k05_from_d01_d05_d13_d15_add_d11,0,"1,5,11,13,15","[1, 5, 11, 13, 15]",g_s02_k05_from_d01_d05_d13_d15_add_d11,direct full-sequence ATE forward-greedy trial,"{""added_channel"": 11, ""cardinality"": 5, ""parent_channels"": [1, 5, 13, 15], ""phase"": ""forward_extension"", ""reused_existing_evaluation"": false, ""seed_channels"": [1, 5], ""seed_index"": 2}",2026-08-15T00:05:25.893280+00:00
direct_greedy,g_s02_k05_from_d01_d05_d13_d15_add_d12,0,"1,5,12,13,15","[1, 5, 12, 13, 15]",g_s02_k05_from_d01_d05_d13_d15_add_d12,direct full-sequence ATE forward-greedy trial,"{""added_channel"": 12, ""cardinality"": 5, ""parent_channels"": [1, 5, 13, 15], ""phase"": ""forward_extension"", ""reused_existing_evaluation"": false, ""seed_channels"": [1, 5], ""seed_index"": 2}",2026-08-15T00:06:15.072509+00:00
direct_greedy,g_s02_k05_from_d01_d05_d13_d15_add_d14,0,"1,5,13,14,15","[1, 5, 13, 14, 15]",g_s02_k05_from_d01_d05_d13_d15_add_d14,direct full-sequence ATE forward-greedy trial,"{""added_channel"": 14, ""cardinality"": 5, ""parent_channels"": [1, 5, 13, 15], ""phase"": ""forward_extension"", ""reused_existing_evaluation"": false, ""seed_channels"": [1, 5], ""seed_index"": 2}",2026-08-15T00:07:06.691308+00:00
direct_greedy,g_s02_k05_from_d01_d05_d13_d15_add_d16,0,"1,5,13,15,16","[1, 5, 13, 15, 16]",g_s02_k05_from_d01_d05_d13_d15_add_d16,direct full-sequence ATE forward-greedy trial,"{""added_channel"": 16, ""cardinality"": 5, ""parent_channels"": [1, 5, 13, 15], ""phase"": ""forward_extension"", ""reused_existing_evaluation"": false, ""seed_channels"": [1, 5], ""seed_index"": 2}",2026-08-15T00:07:57.441424+00:00
direct_greedy,g_s02_k05_from_d01_d05_d13_d15_add_d17,0,"1,5,13,15,17","[1, 5, 13, 15, 17]",g_s02_k05_from_d01_d05_d13_d15_add_d17,direct full-sequence ATE forward-greedy trial,"{""added_channel"": 17, ""cardinality"": 5, ""parent_channels"": [1, 5, 13, 15], ""phase"": ""forward_extension"", ""reused_existing_evaluation"": false, ""seed_channels"": [1, 5], ""seed_index"": 2}",2026-08-15T00:08:48.090815+00:00
direct_greedy,g_s02_k05_from_d01_d05_d13_d15_add_d18,0,"1,5,13,15,18","[1, 5, 13, 15, 18]",g_s02_k05_from_d01_d05_d13_d15_add_d18,direct full-sequence ATE forward-greedy trial,"{""added_channel"": 18, ""cardinality"": 5, ""parent_channels"": [1, 5, 13, 15], ""phase"": ""forward_extension"", ""reused_existing_evaluation"": false, ""seed_channels"": [1, 5], ""seed_index"": 2}",2026-08-15T00:09:38.980665+00:00
direct_greedy,g_s02_k05_from_d01_d05_d13_d15_add_d19,0,"1,5,13,15,19","[1, 5, 13, 15, 19]",g_s02_k05_from_d01_d05_d13_d15_add_d19,direct full-sequence ATE forward-greedy trial,"{""added_channel"": 19, ""cardinality"": 5, ""parent_channels"": [1, 5, 13, 15], ""phase"": ""forward_extension"", ""reused_existing_evaluation"": false, ""seed_channels"": [1, 5], ""seed_index"": 2}",2026-08-15T00:10:29.169047+00:00
direct_greedy,g_s02_k05_from_d01_d05_d13_d15_add_d20,0,"1,5,13,15,20","[1, 5, 13, 15, 20]",g_s02_k05_from_d01_d05_d13_d15_add_d20,direct full-sequence ATE forward-greedy trial,"{""added_channel"": 20, ""cardinality"": 5, ""parent_channels"": [1, 5, 13, 15], ""phase"": ""forward_extension"", ""reused_existing_evaluation"": false, ""seed_channels"": [1, 5], ""seed_index"": 2}",2026-08-15T00:11:19.961580+00:00
direct_greedy,g_s02_k05_from_d01_d05_d13_d15_add_d21,0,"1,5,13,15,21","[1, 5, 13, 15, 21]",g_s02_k05_from_d01_d05_d13_d15_add_d21,direct full-sequence ATE forward-greedy trial,"{""added_channel"": 21, ""cardinality"": 5, ""parent_channels"": [1, 5, 13, 15], ""phase"": ""forward_extension"", ""reused_existing_evaluation"": false, ""seed_channels"": [1, 5], ""seed_index"": 2}",2026-08-15T00:12:10.048891+00:00
direct_greedy,g_s02_k05_from_d01_d05_d13_d15_add_d22,0,"1,5,13,15,22","[1, 5, 13, 15, 22]",g_s02_k05_from_d01_d05_d13_d15_add_d22,direct full-sequence ATE forward-greedy trial,"{""added_channel"": 22, ""cardinality"": 5, ""parent_channels"": [1, 5, 13, 15], ""phase"": ""forward_extension"", ""reused_existing_evaluation"": false, ""seed_channels"": [1, 5], ""seed_index"": 2}",2026-08-15T00:13:00.940409+00:00
direct_greedy,g_s02_k05_from_d01_d05_d13_d15_add_d23,0,"1,5,13,15,23","[1, 5, 13, 15, 23]",g_s02_k05_from_d01_d05_d13_d15_add_d23,direct full-sequence ATE forward-greedy trial,"{""added_channel"": 23, ""cardinality"": 5, ""parent_channels"": [1, 5, 13, 15], ""phase"": ""forward_extension"", ""reused_existing_evaluation"": false, ""seed_channels"": [1, 5], ""seed_index"": 2}",2026-08-15T00:13:51.135592+00:00
direct_greedy,g_s02_k05_from_d01_d05_d13_d15_add_d24,0,"1,5,13,15,24","[1, 5, 13, 15, 24]",g_s02_k05_from_d01_d05_d13_d15_add_d24,direct full-sequence ATE forward-greedy trial,"{""added_channel"": 24, ""cardinality"": 5, ""parent_channels"": [1, 5, 13, 15], ""phase"": ""forward_extension"", ""reused_existing_evaluation"": false, ""seed_channels"": [1, 5], ""seed_index"": 2}",2026-08-15T00:14:40.822704+00:00
direct_greedy,g_s02_k05_from_d01_d05_d13_d15_add_d25,0,"1,5,13,15,25","[1, 5, 13, 15, 25]",g_s02_k05_from_d01_d05_d13_d15_add_d25,direct full-sequence ATE forward-greedy trial,"{""added_channel"": 25, ""cardinality"": 5, ""parent_channels"": [1, 5, 13, 15], ""phase"": ""forward_extension"", ""reused_existing_evaluation"": false, ""seed_channels"": [1, 5], ""seed_index"": 2}",2026-08-15T00:15:31.379886+00:00
direct_greedy,g_s02_k05_from_d01_d05_d13_d15_add_d26,0,"1,5,13,15,26","[1, 5, 13, 15, 26]",g_s02_k05_from_d01_d05_d13_d15_add_d26,direct full-sequence ATE forward-greedy trial,"{""added_channel"": 26, ""cardinality"": 5, ""parent_channels"": [1, 5, 13, 15], ""phase"": ""forward_extension"", ""reused_existing_evaluation"": false, ""seed_channels"": [1, 5], ""seed_index"": 2}",2026-08-15T00:16:22.841212+00:00
direct_greedy,g_s02_k05_from_d01_d05_d13_d15_add_d27,0,"1,5,13,15,27","[1, 5, 13, 15, 27]",g_s02_k05_from_d01_d05_d13_d15_add_d27,direct full-sequence ATE forward-greedy trial,"{""added_channel"": 27, ""cardinality"": 5, ""parent_channels"": [1, 5, 13, 15], ""phase"": ""forward_extension"", ""reused_existing_evaluation"": false, ""seed_channels"": [1, 5], ""seed_index"": 2}",2026-08-15T00:17:13.297670+00:00
direct_greedy,g_s02_k05_from_d01_d05_d13_d15_add_d28,0,"1,5,13,15,28","[1, 5, 13, 15, 28]",g_s02_k05_from_d01_d05_d13_d15_add_d28,direct full-sequence ATE forward-greedy trial,"{""added_channel"": 28, ""cardinality"": 5, ""parent_channels"": [1, 5, 13, 15], ""phase"": ""forward_extension"", ""reused_existing_evaluation"": false, ""seed_channels"": [1, 5], ""seed_index"": 2}",2026-08-15T00:18:04.979925+00:00
direct_greedy,g_s02_k05_from_d01_d05_d13_d15_add_d29,0,"1,5,13,15,29","[1, 5, 13, 15, 29]",g_s02_k05_from_d01_d05_d13_d15_add_d29,direct full-sequence ATE forward-greedy trial,"{""added_channel"": 29, ""cardinality"": 5, ""parent_channels"": [1, 5, 13, 15], ""phase"": ""forward_extension"", ""reused_existing_evaluation"": false, ""seed_channels"": [1, 5], ""seed_index"": 2}",2026-08-15T00:18:55.588046+00:00
direct_greedy,g_s02_k05_from_d01_d05_d13_d15_add_d30,0,"1,5,13,15,30","[1, 5, 13, 15, 30]",g_s02_k05_from_d01_d05_d13_d15_add_d30,direct full-sequence ATE forward-greedy trial,"{""added_channel"": 30, ""cardinality"": 5, ""parent_channels"": [1, 5, 13, 15], ""phase"": ""forward_extension"", ""reused_existing_evaluation"": false, ""seed_channels"": [1, 5], ""seed_index"": 2}",2026-08-15T00:19:45.768365+00:00
direct_greedy,g_s02_k05_from_d01_d05_d13_d15_add_d31,0,"1,5,13,15,31","[1, 5, 13, 15, 31]",g_s02_k05_from_d01_d05_d13_d15_add_d31,direct full-sequence ATE forward-greedy trial,"{""added_channel"": 31, ""cardinality"": 5, ""parent_channels"": [1, 5, 13, 15], ""phase"": ""forward_extension"", ""reused_existing_evaluation"": false, ""seed_channels"": [1, 5], ""seed_index"": 2}",2026-08-15T00:20:37.442234+00:00
direct_greedy,g_s02_k06_from_d01_d05_d13_d15_d31_add_d00,0,"0,1,5,13,15,31","[0, 1, 5, 13, 15, 31]",g_s02_k06_from_d01_d05_d13_d15_d31_add_d00,direct full-sequence ATE forward-greedy trial,"{""added_channel"": 0, ""cardinality"": 6, ""parent_channels"": [1, 5, 13, 15, 31], ""phase"": ""forward_extension"", ""reused_existing_evaluation"": false, ""seed_channels"": [1, 5], ""seed_index"": 2}",2026-08-15T00:21:29.653385+00:00
direct_greedy,g_s02_k06_from_d01_d05_d13_d15_d31_add_d02,0,"1,2,5,13,15,31","[1, 2, 5, 13, 15, 31]",g_s02_k06_from_d01_d05_d13_d15_d31_add_d02,direct full-sequence ATE forward-greedy trial,"{""added_channel"": 2, ""cardinality"": 6, ""parent_channels"": [1, 5, 13, 15, 31], ""phase"": ""forward_extension"", ""reused_existing_evaluation"": false, ""seed_channels"": [1, 5], ""seed_index"": 2}",2026-08-15T00:22:22.255686+00:00
direct_greedy,g_s02_k06_from_d01_d05_d13_d15_d31_add_d03,0,"1,3,5,13,15,31","[1, 3, 5, 13, 15, 31]",g_s02_k06_from_d01_d05_d13_d15_d31_add_d03,direct full-sequence ATE forward-greedy trial,"{""added_channel"": 3, ""cardinality"": 6, ""parent_channels"": [1, 5, 13, 15, 31], ""phase"": ""forward_extension"", ""reused_existing_evaluation"": false, ""seed_channels"": [1, 5], ""seed_index"": 2}",2026-08-15T00:23:11.589254+00:00
direct_greedy,g_s02_k06_from_d01_d05_d13_d15_d31_add_d04,0,"1,4,5,13,15,31","[1, 4, 5, 13, 15, 31]",g_s02_k06_from_d01_d05_d13_d15_d31_add_d04,direct full-sequence ATE forward-greedy trial,"{""added_channel"": 4, ""cardinality"": 6, ""parent_channels"": [1, 5, 13, 15, 31], ""phase"": ""forward_extension"", ""reused_existing_evaluation"": false, ""seed_channels"": [1, 5], ""seed_index"": 2}",2026-08-15T00:24:01.988454+00:00
direct_greedy,g_s02_k06_from_d01_d05_d13_d15_d31_add_d06,0,"1,5,6,13,15,31","[1, 5, 6, 13, 15, 31]",g_s02_k06_from_d01_d05_d13_d15_d31_add_d06,direct full-sequence ATE forward-greedy trial,"{""added_channel"": 6, ""cardinality"": 6, ""parent_channels"": [1, 5, 13, 15, 31], ""phase"": ""forward_extension"", ""reused_existing_evaluation"": false, ""seed_channels"": [1, 5], ""seed_index"": 2}",2026-08-15T00:24:53.993199+00:00
direct_greedy,g_s02_k06_from_d01_d05_d13_d15_d31_add_d07,0,"1,5,7,13,15,31","[1, 5, 7, 13, 15, 31]",g_s02_k06_from_d01_d05_d13_d15_d31_add_d07,direct full-sequence ATE forward-greedy trial,"{""added_channel"": 7, ""cardinality"": 6, ""parent_channels"": [1, 5, 13, 15, 31], ""phase"": ""forward_extension"", ""reused_existing_evaluation"": false, ""seed_channels"": [1, 5], ""seed_index"": 2}",2026-08-15T00:25:45.623164+00:00
direct_greedy,g_s02_k06_from_d01_d05_d13_d15_d31_add_d08,0,"1,5,8,13,15,31","[1, 5, 8, 13, 15, 31]",g_s02_k06_from_d01_d05_d13_d15_d31_add_d08,direct full-sequence ATE forward-greedy trial,"{""added_channel"": 8, ""cardinality"": 6, ""parent_channels"": [1, 5, 13, 15, 31], ""phase"": ""forward_extension"", ""reused_existing_evaluation"": false, ""seed_channels"": [1, 5], ""seed_index"": 2}",2026-08-15T00:26:37.511654+00:00
direct_greedy,g_s02_k06_from_d01_d05_d13_d15_d31_add_d09,0,"1,5,9,13,15,31","[1, 5, 9, 13, 15, 31]",g_s02_k06_from_d01_d05_d13_d15_d31_add_d09,direct full-sequence ATE forward-greedy trial,"{""added_channel"": 9, ""cardinality"": 6, ""parent_channels"": [1, 5, 13, 15, 31], ""phase"": ""forward_extension"", ""reused_existing_evaluation"": false, ""seed_channels"": [1, 5], ""seed_index"": 2}",2026-08-15T00:27:30.368459+00:00
direct_greedy,g_s02_k06_from_d01_d05_d13_d15_d31_add_d10,0,"1,5,10,13,15,31","[1, 5, 10, 13, 15, 31]",g_s02_k06_from_d01_d05_d13_d15_d31_add_d10,direct full-sequence ATE forward-greedy trial,"{""added_channel"": 10, ""cardinality"": 6, ""parent_channels"": [1, 5, 13, 15, 31], ""phase"": ""forward_extension"", ""reused_existing_evaluation"": false, ""seed_channels"": [1, 5], ""seed_index"": 2}",2026-08-15T00:28:22.372264+00:00
direct_greedy,g_s02_k06_from_d01_d05_d13_d15_d31_add_d11,0,"1,5,11,13,15,31","[1, 5, 11, 13, 15, 31]",g_s02_k06_from_d01_d05_d13_d15_d31_add_d11,direct full-sequence ATE forward-greedy trial,"{""added_channel"": 11, ""cardinality"": 6, ""parent_channels"": [1, 5, 13, 15, 31], ""phase"": ""forward_extension"", ""reused_existing_evaluation"": false, ""seed_channels"": [1, 5], ""seed_index"": 2}",2026-08-15T00:29:14.325580+00:00
direct_greedy,g_s02_k06_from_d01_d05_d13_d15_d31_add_d12,0,"1,5,12,13,15,31","[1, 5, 12, 13, 15, 31]",g_s02_k06_from_d01_d05_d13_d15_d31_add_d12,direct full-sequence ATE forward-greedy trial,"{""added_channel"": 12, ""cardinality"": 6, ""parent_channels"": [1, 5, 13, 15, 31], ""phase"": ""forward_extension"", ""reused_existing_evaluation"": false, ""seed_channels"": [1, 5], ""seed_index"": 2}",2026-08-15T00:30:04.985786+00:00
direct_greedy,g_s02_k06_from_d01_d05_d13_d15_d31_add_d14,0,"1,5,13,14,15,31","[1, 5, 13, 14, 15, 31]",g_s02_k06_from_d01_d05_d13_d15_d31_add_d14,direct full-sequence ATE forward-greedy trial,"{""added_channel"": 14, ""cardinality"": 6, ""parent_channels"": [1, 5, 13, 15, 31], ""phase"": ""forward_extension"", ""reused_existing_evaluation"": false, ""seed_channels"": [1, 5], ""seed_index"": 2}",2026-08-15T00:30:57.620506+00:00
direct_greedy,g_s02_k06_from_d01_d05_d13_d15_d31_add_d16,0,"1,5,13,15,16,31","[1, 5, 13, 15, 16, 31]",g_s02_k06_from_d01_d05_d13_d15_d31_add_d16,direct full-sequence ATE forward-greedy trial,"{""added_channel"": 16, ""cardinality"": 6, ""parent_channels"": [1, 5, 13, 15, 31], ""phase"": ""forward_extension"", ""reused_existing_evaluation"": false, ""seed_channels"": [1, 5], ""seed_index"": 2}",2026-08-15T00:31:49.949188+00:00
direct_greedy,g_s02_k06_from_d01_d05_d13_d15_d31_add_d17,0,"1,5,13,15,17,31","[1, 5, 13, 15, 17, 31]",g_s02_k06_from_d01_d05_d13_d15_d31_add_d17,direct full-sequence ATE forward-greedy trial,"{""added_channel"": 17, ""cardinality"": 6, ""parent_channels"": [1, 5, 13, 15, 31], ""phase"": ""forward_extension"", ""reused_existing_evaluation"": false, ""seed_channels"": [1, 5], ""seed_index"": 2}",2026-08-15T00:32:42.084447+00:00
direct_greedy,g_s02_k06_from_d01_d05_d13_d15_d31_add_d18,0,"1,5,13,15,18,31","[1, 5, 13, 15, 18, 31]",g_s02_k06_from_d01_d05_d13_d15_d31_add_d18,direct full-sequence ATE forward-greedy trial,"{""added_channel"": 18, ""cardinality"": 6, ""parent_channels"": [1, 5, 13, 15, 31], ""phase"": ""forward_extension"", ""reused_existing_evaluation"": false, ""seed_channels"": [1, 5], ""seed_index"": 2}",2026-08-15T00:33:33.810379+00:00
direct_greedy,g_s02_k06_from_d01_d05_d13_d15_d31_add_d19,0,"1,5,13,15,19,31","[1, 5, 13, 15, 19, 31]",g_s02_k06_from_d01_d05_d13_d15_d31_add_d19,direct full-sequence ATE forward-greedy trial,"{""added_channel"": 19, ""cardinality"": 6, ""parent_channels"": [1, 5, 13, 15, 31], ""phase"": ""forward_extension"", ""reused_existing_evaluation"": false, ""seed_channels"": [1, 5], ""seed_index"": 2}",2026-08-15T00:34:24.634134+00:00
direct_greedy,g_s02_k06_from_d01_d05_d13_d15_d31_add_d20,0,"1,5,13,15,20,31","[1, 5, 13, 15, 20, 31]",g_s02_k06_from_d01_d05_d13_d15_d31_add_d20,direct full-sequence ATE forward-greedy trial,"{""added_channel"": 20, ""cardinality"": 6, ""parent_channels"": [1, 5, 13, 15, 31], ""phase"": ""forward_extension"", ""reused_existing_evaluation"": false, ""seed_channels"": [1, 5], ""seed_index"": 2}",2026-08-15T00:35:16.317957+00:00
direct_greedy,g_s02_k06_from_d01_d05_d13_d15_d31_add_d21,0,"1,5,13,15,21,31","[1, 5, 13, 15, 21, 31]",g_s02_k06_from_d01_d05_d13_d15_d31_add_d21,direct full-sequence ATE forward-greedy trial,"{""added_channel"": 21, ""cardinality"": 6, ""parent_channels"": [1, 5, 13, 15, 31], ""phase"": ""forward_extension"", ""reused_existing_evaluation"": false, ""seed_channels"": [1, 5], ""seed_index"": 2}",2026-08-15T00:36:07.160681+00:00
direct_greedy,g_s02_k06_from_d01_d05_d13_d15_d31_add_d22,0,"1,5,13,15,22,31","[1, 5, 13, 15, 22, 31]",g_s02_k06_from_d01_d05_d13_d15_d31_add_d22,direct full-sequence ATE forward-greedy trial,"{""added_channel"": 22, ""cardinality"": 6, ""parent_channels"": [1, 5, 13, 15, 31], ""phase"": ""forward_extension"", ""reused_existing_evaluation"": false, ""seed_channels"": [1, 5], ""seed_index"": 2}",2026-08-15T00:36:59.409278+00:00
direct_greedy,g_s02_k06_from_d01_d05_d13_d15_d31_add_d23,0,"1,5,13,15,23,31","[1, 5, 13, 15, 23, 31]",g_s02_k06_from_d01_d05_d13_d15_d31_add_d23,direct full-sequence ATE forward-greedy trial,"{""added_channel"": 23, ""cardinality"": 6, ""parent_channels"": [1, 5, 13, 15, 31], ""phase"": ""forward_extension"", ""reused_existing_evaluation"": false, ""seed_channels"": [1, 5], ""seed_index"": 2}",2026-08-15T00:37:51.219194+00:00
direct_greedy,g_s02_k06_from_d01_d05_d13_d15_d31_add_d24,0,"1,5,13,15,24,31","[1, 5, 13, 15, 24, 31]",g_s02_k06_from_d01_d05_d13_d15_d31_add_d24,direct full-sequence ATE forward-greedy trial,"{""added_channel"": 24, ""cardinality"": 6, ""parent_channels"": [1, 5, 13, 15, 31], ""phase"": ""forward_extension"", ""reused_existing_evaluation"": false, ""seed_channels"": [1, 5], ""seed_index"": 2}",2026-08-15T00:38:41.978195+00:00
direct_greedy,g_s02_k06_from_d01_d05_d13_d15_d31_add_d25,0,"1,5,13,15,25,31","[1, 5, 13, 15, 25, 31]",g_s02_k06_from_d01_d05_d13_d15_d31_add_d25,direct full-sequence ATE forward-greedy trial,"{""added_channel"": 25, ""cardinality"": 6, ""parent_channels"": [1, 5, 13, 15, 31], ""phase"": ""forward_extension"", ""reused_existing_evaluation"": false, ""seed_channels"": [1, 5], ""seed_index"": 2}",2026-08-15T00:39:33.528270+00:00
direct_greedy,g_s02_k06_from_d01_d05_d13_d15_d31_add_d26,0,"1,5,13,15,26,31","[1, 5, 13, 15, 26, 31]",g_s02_k06_from_d01_d05_d13_d15_d31_add_d26,direct full-sequence ATE forward-greedy trial,"{""added_channel"": 26, ""cardinality"": 6, ""parent_channels"": [1, 5, 13, 15, 31], ""phase"": ""forward_extension"", ""reused_existing_evaluation"": false, ""seed_channels"": [1, 5], ""seed_index"": 2}",2026-08-15T00:40:25.841662+00:00
direct_greedy,g_s02_k06_from_d01_d05_d13_d15_d31_add_d27,0,"1,5,13,15,27,31","[1, 5, 13, 15, 27, 31]",g_s02_k06_from_d01_d05_d13_d15_d31_add_d27,direct full-sequence ATE forward-greedy trial,"{""added_channel"": 27, ""cardinality"": 6, ""parent_channels"": [1, 5, 13, 15, 31], ""phase"": ""forward_extension"", ""reused_existing_evaluation"": false, ""seed_channels"": [1, 5], ""seed_index"": 2}",2026-08-15T00:41:17.665075+00:00
direct_greedy,g_s02_k06_from_d01_d05_d13_d15_d31_add_d28,0,"1,5,13,15,28,31","[1, 5, 13, 15, 28, 31]",g_s02_k06_from_d01_d05_d13_d15_d31_add_d28,direct full-sequence ATE forward-greedy trial,"{""added_channel"": 28, ""cardinality"": 6, ""parent_channels"": [1, 5, 13, 15, 31], ""phase"": ""forward_extension"", ""reused_existing_evaluation"": false, ""seed_channels"": [1, 5], ""seed_index"": 2}",2026-08-15T00:42:10.402171+00:00
direct_greedy,g_s02_k06_from_d01_d05_d13_d15_d31_add_d29,0,"1,5,13,15,29,31","[1, 5, 13, 15, 29, 31]",g_s02_k06_from_d01_d05_d13_d15_d31_add_d29,direct full-sequence ATE forward-greedy trial,"{""added_channel"": 29, ""cardinality"": 6, ""parent_channels"": [1, 5, 13, 15, 31], ""phase"": ""forward_extension"", ""reused_existing_evaluation"": false, ""seed_channels"": [1, 5], ""seed_index"": 2}",2026-08-15T00:43:02.735778+00:00
direct_greedy,g_s02_k06_from_d01_d05_d13_d15_d31_add_d30,0,"1,5,13,15,30,31","[1, 5, 13, 15, 30, 31]",g_s02_k06_from_d01_d05_d13_d15_d31_add_d30,direct full-sequence ATE forward-greedy trial,"{""added_channel"": 30, ""cardinality"": 6, ""parent_channels"": [1, 5, 13, 15, 31], ""phase"": ""forward_extension"", ""reused_existing_evaluation"": false, ""seed_channels"": [1, 5], ""seed_index"": 2}",2026-08-15T00:43:54.541673+00:00
direct_greedy,g_s03_k03_from_d04_d22_add_d00,0,"0,4,22","[0, 4, 22]",g_s03_k03_from_d04_d22_add_d00,direct full-sequence ATE forward-greedy trial,"{""added_channel"": 0, ""cardinality"": 3, ""parent_channels"": [4, 22], ""phase"": ""forward_extension"", ""reused_existing_evaluation"": false, ""seed_channels"": [4, 22], ""seed_index"": 3}",2026-08-15T00:44:45.532679+00:00
direct_greedy,g_s03_k03_from_d04_d22_add_d01,0,"1,4,22","[1, 4, 22]",g_s03_k03_from_d04_d22_add_d01,direct full-sequence ATE forward-greedy trial,"{""added_channel"": 1, ""cardinality"": 3, ""parent_channels"": [4, 22], ""phase"": ""forward_extension"", ""reused_existing_evaluation"": false, ""seed_channels"": [4, 22], ""seed_index"": 3}",2026-08-15T00:45:36.348850+00:00
direct_greedy,g_s03_k03_from_d04_d22_add_d02,0,"2,4,22","[2, 4, 22]",g_s03_k03_from_d04_d22_add_d02,direct full-sequence ATE forward-greedy trial,"{""added_channel"": 2, ""cardinality"": 3, ""parent_channels"": [4, 22], ""phase"": ""forward_extension"", ""reused_existing_evaluation"": false, ""seed_channels"": [4, 22], ""seed_index"": 3}",2026-08-15T00:46:28.433057+00:00
direct_greedy,g_s03_k03_from_d04_d22_add_d03,0,"3,4,22","[3, 4, 22]",g_s03_k03_from_d04_d22_add_d03,direct full-sequence ATE forward-greedy trial,"{""added_channel"": 3, ""cardinality"": 3, ""parent_channels"": [4, 22], ""phase"": ""forward_extension"", ""reused_existing_evaluation"": false, ""seed_channels"": [4, 22], ""seed_index"": 3}",2026-08-15T00:47:16.898352+00:00
direct_greedy,g_s03_k03_from_d04_d22_add_d05,0,"4,5,22","[4, 5, 22]",g_s03_k03_from_d04_d22_add_d05,direct full-sequence ATE forward-greedy trial,"{""added_channel"": 5, ""cardinality"": 3, ""parent_channels"": [4, 22], ""phase"": ""forward_extension"", ""reused_existing_evaluation"": false, ""seed_channels"": [4, 22], ""seed_index"": 3}",2026-08-15T00:48:05.455789+00:00
direct_greedy,g_s03_k03_from_d04_d22_add_d06,0,"4,6,22","[4, 6, 22]",g_s03_k03_from_d04_d22_add_d06,direct full-sequence ATE forward-greedy trial,"{""added_channel"": 6, ""cardinality"": 3, ""parent_channels"": [4, 22], ""phase"": ""forward_extension"", ""reused_existing_evaluation"": false, ""seed_channels"": [4, 22], ""seed_index"": 3}",2026-08-15T00:48:56.789110+00:00
direct_greedy,g_s03_k03_from_d04_d22_add_d07,0,"4,7,22","[4, 7, 22]",g_s03_k03_from_d04_d22_add_d07,direct full-sequence ATE forward-greedy trial,"{""added_channel"": 7, ""cardinality"": 3, ""parent_channels"": [4, 22], ""phase"": ""forward_extension"", ""reused_existing_evaluation"": false, ""seed_channels"": [4, 22], ""seed_index"": 3}",2026-08-15T00:49:47.837105+00:00
direct_greedy,g_s03_k03_from_d04_d22_add_d08,0,"4,8,22","[4, 8, 22]",g_s03_k03_from_d04_d22_add_d08,direct full-sequence ATE forward-greedy trial,"{""added_channel"": 8, ""cardinality"": 3, ""parent_channels"": [4, 22], ""phase"": ""forward_extension"", ""reused_existing_evaluation"": false, ""seed_channels"": [4, 22], ""seed_index"": 3}",2026-08-15T00:50:38.762303+00:00
direct_greedy,g_s03_k03_from_d04_d22_add_d09,0,"4,9,22","[4, 9, 22]",g_s03_k03_from_d04_d22_add_d09,direct full-sequence ATE forward-greedy trial,"{""added_channel"": 9, ""cardinality"": 3, ""parent_channels"": [4, 22], ""phase"": ""forward_extension"", ""reused_existing_evaluation"": false, ""seed_channels"": [4, 22], ""seed_index"": 3}",2026-08-15T00:51:31.823883+00:00
direct_greedy,g_s03_k03_from_d04_d22_add_d10,0,"4,10,22","[4, 10, 22]",g_s03_k03_from_d04_d22_add_d10,direct full-sequence ATE forward-greedy trial,"{""added_channel"": 10, ""cardinality"": 3, ""parent_channels"": [4, 22], ""phase"": ""forward_extension"", ""reused_existing_evaluation"": false, ""seed_channels"": [4, 22], ""seed_index"": 3}",2026-08-15T00:52:23.316032+00:00
direct_greedy,g_s03_k03_from_d04_d22_add_d11,0,"4,11,22","[4, 11, 22]",g_s03_k03_from_d04_d22_add_d11,direct full-sequence ATE forward-greedy trial,"{""added_channel"": 11, ""cardinality"": 3, ""parent_channels"": [4, 22], ""phase"": ""forward_extension"", ""reused_existing_evaluation"": false, ""seed_channels"": [4, 22], ""seed_index"": 3}",2026-08-15T00:53:14.029181+00:00
direct_greedy,g_s03_k03_from_d04_d22_add_d12,0,"4,12,22","[4, 12, 22]",g_s03_k03_from_d04_d22_add_d12,direct full-sequence ATE forward-greedy trial,"{""added_channel"": 12, ""cardinality"": 3, ""parent_channels"": [4, 22], ""phase"": ""forward_extension"", ""reused_existing_evaluation"": false, ""seed_channels"": [4, 22], ""seed_index"": 3}",2026-08-15T00:54:03.213723+00:00
direct_greedy,g_s03_k03_from_d04_d22_add_d13,0,"4,13,22","[4, 13, 22]",g_s03_k03_from_d04_d22_add_d13,direct full-sequence ATE forward-greedy trial,"{""added_channel"": 13, ""cardinality"": 3, ""parent_channels"": [4, 22], ""phase"": ""forward_extension"", ""reused_existing_evaluation"": false, ""seed_channels"": [4, 22], ""seed_index"": 3}",2026-08-15T00:54:54.263214+00:00
direct_greedy,g_s03_k03_from_d04_d22_add_d14,0,"4,14,22","[4, 14, 22]",g_s03_k03_from_d04_d22_add_d14,direct full-sequence ATE forward-greedy trial,"{""added_channel"": 14, ""cardinality"": 3, ""parent_channels"": [4, 22], ""phase"": ""forward_extension"", ""reused_existing_evaluation"": false, ""seed_channels"": [4, 22], ""seed_index"": 3}",2026-08-15T00:55:46.036969+00:00
direct_greedy,g_s03_k03_from_d04_d22_add_d15,0,"4,15,22","[4, 15, 22]",g_s03_k03_from_d04_d22_add_d15,direct full-sequence ATE forward-greedy trial,"{""added_channel"": 15, ""cardinality"": 3, ""parent_channels"": [4, 22], ""phase"": ""forward_extension"", ""reused_existing_evaluation"": false, ""seed_channels"": [4, 22], ""seed_index"": 3}",2026-08-15T00:56:37.048307+00:00
direct_greedy,g_s03_k03_from_d04_d22_add_d16,0,"4,16,22","[4, 16, 22]",g_s03_k03_from_d04_d22_add_d16,direct full-sequence ATE forward-greedy trial,"{""added_channel"": 16, ""cardinality"": 3, ""parent_channels"": [4, 22], ""phase"": ""forward_extension"", ""reused_existing_evaluation"": false, ""seed_channels"": [4, 22], ""seed_index"": 3}",2026-08-15T00:57:28.512026+00:00
direct_greedy,g_s03_k03_from_d04_d22_add_d17,0,"4,17,22","[4, 17, 22]",g_s03_k03_from_d04_d22_add_d17,direct full-sequence ATE forward-greedy trial,"{""added_channel"": 17, ""cardinality"": 3, ""parent_channels"": [4, 22], ""phase"": ""forward_extension"", ""reused_existing_evaluation"": false, ""seed_channels"": [4, 22], ""seed_index"": 3}",2026-08-15T00:58:19.316507+00:00
direct_greedy,g_s03_k03_from_d04_d22_add_d18,0,"4,18,22","[4, 18, 22]",g_s03_k03_from_d04_d22_add_d18,direct full-sequence ATE forward-greedy trial,"{""added_channel"": 18, ""cardinality"": 3, ""parent_channels"": [4, 22], ""phase"": ""forward_extension"", ""reused_existing_evaluation"": false, ""seed_channels"": [4, 22], ""seed_index"": 3}",2026-08-15T00:59:10.310964+00:00
direct_greedy,g_s03_k03_from_d04_d22_add_d19,0,"4,19,22","[4, 19, 22]",g_s03_k03_from_d04_d22_add_d19,direct full-sequence ATE forward-greedy trial,"{""added_channel"": 19, ""cardinality"": 3, ""parent_channels"": [4, 22], ""phase"": ""forward_extension"", ""reused_existing_evaluation"": false, ""seed_channels"": [4, 22], ""seed_index"": 3}",2026-08-15T01:00:00.408312+00:00
direct_greedy,g_s03_k03_from_d04_d22_add_d20,0,"4,20,22","[4, 20, 22]",g_s03_k03_from_d04_d22_add_d20,direct full-sequence ATE forward-greedy trial,"{""added_channel"": 20, ""cardinality"": 3, ""parent_channels"": [4, 22], ""phase"": ""forward_extension"", ""reused_existing_evaluation"": false, ""seed_channels"": [4, 22], ""seed_index"": 3}",2026-08-15T01:00:51.025924+00:00
direct_greedy,g_s03_k03_from_d04_d22_add_d21,0,"4,21,22","[4, 21, 22]",g_s03_k03_from_d04_d22_add_d21,direct full-sequence ATE forward-greedy trial,"{""added_channel"": 21, ""cardinality"": 3, ""parent_channels"": [4, 22], ""phase"": ""forward_extension"", ""reused_existing_evaluation"": false, ""seed_channels"": [4, 22], ""seed_index"": 3}",2026-08-15T01:01:40.540016+00:00
direct_greedy,g_s03_k03_from_d04_d22_add_d23,0,"4,22,23","[4, 22, 23]",g_s03_k03_from_d04_d22_add_d23,direct full-sequence ATE forward-greedy trial,"{""added_channel"": 23, ""cardinality"": 3, ""parent_channels"": [4, 22], ""phase"": ""forward_extension"", ""reused_existing_evaluation"": false, ""seed_channels"": [4, 22], ""seed_index"": 3}",2026-08-15T01:02:31.724807+00:00
direct_greedy,g_s03_k03_from_d04_d22_add_d24,0,"4,22,24","[4, 22, 24]",g_s03_k03_from_d04_d22_add_d24,direct full-sequence ATE forward-greedy trial,"{""added_channel"": 24, ""cardinality"": 3, ""parent_channels"": [4, 22], ""phase"": ""forward_extension"", ""reused_existing_evaluation"": false, ""seed_channels"": [4, 22], ""seed_index"": 3}",2026-08-15T01:03:21.499687+00:00
direct_greedy,g_s03_k03_from_d04_d22_add_d25,0,"4,22,25","[4, 22, 25]",g_s03_k03_from_d04_d22_add_d25,direct full-sequence ATE forward-greedy trial,"{""added_channel"": 25, ""cardinality"": 3, ""parent_channels"": [4, 22], ""phase"": ""forward_extension"", ""reused_existing_evaluation"": false, ""seed_channels"": [4, 22], ""seed_index"": 3}",2026-08-15T01:04:12.135873+00:00
direct_greedy,g_s03_k03_from_d04_d22_add_d26,0,"4,22,26","[4, 22, 26]",g_s03_k03_from_d04_d22_add_d26,direct full-sequence ATE forward-greedy trial,"{""added_channel"": 26, ""cardinality"": 3, ""parent_channels"": [4, 22], ""phase"": ""forward_extension"", ""reused_existing_evaluation"": false, ""seed_channels"": [4, 22], ""seed_index"": 3}",2026-08-15T01:05:03.420488+00:00
direct_greedy,g_s03_k03_from_d04_d22_add_d27,0,"4,22,27","[4, 22, 27]",g_s03_k03_from_d04_d22_add_d27,direct full-sequence ATE forward-greedy trial,"{""added_channel"": 27, ""cardinality"": 3, ""parent_channels"": [4, 22], ""phase"": ""forward_extension"", ""reused_existing_evaluation"": false, ""seed_channels"": [4, 22], ""seed_index"": 3}",2026-08-15T01:05:54.880523+00:00
direct_greedy,g_s03_k03_from_d04_d22_add_d28,0,"4,22,28","[4, 22, 28]",g_s03_k03_from_d04_d22_add_d28,direct full-sequence ATE forward-greedy trial,"{""added_channel"": 28, ""cardinality"": 3, ""parent_channels"": [4, 22], ""phase"": ""forward_extension"", ""reused_existing_evaluation"": false, ""seed_channels"": [4, 22], ""seed_index"": 3}",2026-08-15T01:06:48.086498+00:00
direct_greedy,g_s03_k03_from_d04_d22_add_d29,0,"4,22,29","[4, 22, 29]",g_s03_k03_from_d04_d22_add_d29,direct full-sequence ATE forward-greedy trial,"{""added_channel"": 29, ""cardinality"": 3, ""parent_channels"": [4, 22], ""phase"": ""forward_extension"", ""reused_existing_evaluation"": false, ""seed_channels"": [4, 22], ""seed_index"": 3}",2026-08-15T01:07:39.365310+00:00
direct_greedy,g_s03_k03_from_d04_d22_add_d30,0,"4,22,30","[4, 22, 30]",g_s03_k03_from_d04_d22_add_d30,direct full-sequence ATE forward-greedy trial,"{""added_channel"": 30, ""cardinality"": 3, ""parent_channels"": [4, 22], ""phase"": ""forward_extension"", ""reused_existing_evaluation"": false, ""seed_channels"": [4, 22], ""seed_index"": 3}",2026-08-15T01:08:29.777626+00:00
direct_greedy,g_s03_k03_from_d04_d22_add_d31,0,"4,22,31","[4, 22, 31]",g_s03_k03_from_d04_d22_add_d31,direct full-sequence ATE forward-greedy trial,"{""added_channel"": 31, ""cardinality"": 3, ""parent_channels"": [4, 22], ""phase"": ""forward_extension"", ""reused_existing_evaluation"": false, ""seed_channels"": [4, 22], ""seed_index"": 3}",2026-08-15T01:09:21.992859+00:00
direct_greedy,g_s03_k04_from_d04_d15_d22_add_d00,0,"0,4,15,22","[0, 4, 15, 22]",g_s03_k04_from_d04_d15_d22_add_d00,direct full-sequence ATE forward-greedy trial,"{""added_channel"": 0, ""cardinality"": 4, ""parent_channels"": [4, 15, 22], ""phase"": ""forward_extension"", ""reused_existing_evaluation"": false, ""seed_channels"": [4, 22], ""seed_index"": 3}",2026-08-15T01:10:13.626649+00:00
direct_greedy,g_s03_k04_from_d04_d15_d22_add_d01,0,"1,4,15,22","[1, 4, 15, 22]",g_s03_k04_from_d04_d15_d22_add_d01,direct full-sequence ATE forward-greedy trial,"{""added_channel"": 1, ""cardinality"": 4, ""parent_channels"": [4, 15, 22], ""phase"": ""forward_extension"", ""reused_existing_evaluation"": false, ""seed_channels"": [4, 22], ""seed_index"": 3}",2026-08-15T01:11:05.251297+00:00
direct_greedy,g_s03_k04_from_d04_d15_d22_add_d02,0,"2,4,15,22","[2, 4, 15, 22]",g_s03_k04_from_d04_d15_d22_add_d02,direct full-sequence ATE forward-greedy trial,"{""added_channel"": 2, ""cardinality"": 4, ""parent_channels"": [4, 15, 22], ""phase"": ""forward_extension"", ""reused_existing_evaluation"": false, ""seed_channels"": [4, 22], ""seed_index"": 3}",2026-08-15T01:11:57.604979+00:00
direct_greedy,g_s03_k04_from_d04_d15_d22_add_d03,0,"3,4,15,22","[3, 4, 15, 22]",g_s03_k04_from_d04_d15_d22_add_d03,direct full-sequence ATE forward-greedy trial,"{""added_channel"": 3, ""cardinality"": 4, ""parent_channels"": [4, 15, 22], ""phase"": ""forward_extension"", ""reused_existing_evaluation"": false, ""seed_channels"": [4, 22], ""seed_index"": 3}",2026-08-15T01:12:46.055018+00:00
direct_greedy,g_s03_k04_from_d04_d15_d22_add_d05,0,"4,5,15,22","[4, 5, 15, 22]",g_s03_k04_from_d04_d15_d22_add_d05,direct full-sequence ATE forward-greedy trial,"{""added_channel"": 5, ""cardinality"": 4, ""parent_channels"": [4, 15, 22], ""phase"": ""forward_extension"", ""reused_existing_evaluation"": false, ""seed_channels"": [4, 22], ""seed_index"": 3}",2026-08-15T01:13:34.770033+00:00
direct_greedy,g_s03_k04_from_d04_d15_d22_add_d06,0,"4,6,15,22","[4, 6, 15, 22]",g_s03_k04_from_d04_d15_d22_add_d06,direct full-sequence ATE forward-greedy trial,"{""added_channel"": 6, ""cardinality"": 4, ""parent_channels"": [4, 15, 22], ""phase"": ""forward_extension"", ""reused_existing_evaluation"": false, ""seed_channels"": [4, 22], ""seed_index"": 3}",2026-08-15T01:14:26.998826+00:00
direct_greedy,g_s03_k04_from_d04_d15_d22_add_d07,0,"4,7,15,22","[4, 7, 15, 22]",g_s03_k04_from_d04_d15_d22_add_d07,direct full-sequence ATE forward-greedy trial,"{""added_channel"": 7, ""cardinality"": 4, ""parent_channels"": [4, 15, 22], ""phase"": ""forward_extension"", ""reused_existing_evaluation"": false, ""seed_channels"": [4, 22], ""seed_index"": 3}",2026-08-15T01:15:18.212724+00:00
direct_greedy,g_s03_k04_from_d04_d15_d22_add_d08,0,"4,8,15,22","[4, 8, 15, 22]",g_s03_k04_from_d04_d15_d22_add_d08,direct full-sequence ATE forward-greedy trial,"{""added_channel"": 8, ""cardinality"": 4, ""parent_channels"": [4, 15, 22], ""phase"": ""forward_extension"", ""reused_existing_evaluation"": false, ""seed_channels"": [4, 22], ""seed_index"": 3}",2026-08-15T01:16:09.540634+00:00
direct_greedy,g_s03_k04_from_d04_d15_d22_add_d09,0,"4,9,15,22","[4, 9, 15, 22]",g_s03_k04_from_d04_d15_d22_add_d09,direct full-sequence ATE forward-greedy trial,"{""added_channel"": 9, ""cardinality"": 4, ""parent_channels"": [4, 15, 22], ""phase"": ""forward_extension"", ""reused_existing_evaluation"": false, ""seed_channels"": [4, 22], ""seed_index"": 3}",2026-08-15T01:17:02.418039+00:00
direct_greedy,g_s03_k04_from_d04_d15_d22_add_d10,0,"4,10,15,22","[4, 10, 15, 22]",g_s03_k04_from_d04_d15_d22_add_d10,direct full-sequence ATE forward-greedy trial,"{""added_channel"": 10, ""cardinality"": 4, ""parent_channels"": [4, 15, 22], ""phase"": ""forward_extension"", ""reused_existing_evaluation"": false, ""seed_channels"": [4, 22], ""seed_index"": 3}",2026-08-15T01:17:54.803141+00:00
direct_greedy,g_s03_k04_from_d04_d15_d22_add_d11,0,"4,11,15,22","[4, 11, 15, 22]",g_s03_k04_from_d04_d15_d22_add_d11,direct full-sequence ATE forward-greedy trial,"{""added_channel"": 11, ""cardinality"": 4, ""parent_channels"": [4, 15, 22], ""phase"": ""forward_extension"", ""reused_existing_evaluation"": false, ""seed_channels"": [4, 22], ""seed_index"": 3}",2026-08-15T01:18:46.455082+00:00
direct_greedy,g_s03_k04_from_d04_d15_d22_add_d12,0,"4,12,15,22","[4, 12, 15, 22]",g_s03_k04_from_d04_d15_d22_add_d12,direct full-sequence ATE forward-greedy trial,"{""added_channel"": 12, ""cardinality"": 4, ""parent_channels"": [4, 15, 22], ""phase"": ""forward_extension"", ""reused_existing_evaluation"": false, ""seed_channels"": [4, 22], ""seed_index"": 3}",2026-08-15T01:19:36.147565+00:00
direct_greedy,g_s03_k04_from_d04_d15_d22_add_d13,0,"4,13,15,22","[4, 13, 15, 22]",g_s03_k04_from_d04_d15_d22_add_d13,direct full-sequence ATE forward-greedy trial,"{""added_channel"": 13, ""cardinality"": 4, ""parent_channels"": [4, 15, 22], ""phase"": ""forward_extension"", ""reused_existing_evaluation"": false, ""seed_channels"": [4, 22], ""seed_index"": 3}",2026-08-15T01:20:28.464743+00:00
direct_greedy,g_s03_k04_from_d04_d15_d22_add_d14,0,"4,14,15,22","[4, 14, 15, 22]",g_s03_k04_from_d04_d15_d22_add_d14,direct full-sequence ATE forward-greedy trial,"{""added_channel"": 14, ""cardinality"": 4, ""parent_channels"": [4, 15, 22], ""phase"": ""forward_extension"", ""reused_existing_evaluation"": false, ""seed_channels"": [4, 22], ""seed_index"": 3}",2026-08-15T01:21:20.411002+00:00
direct_greedy,g_s03_k04_from_d04_d15_d22_add_d16,0,"4,15,16,22","[4, 15, 16, 22]",g_s03_k04_from_d04_d15_d22_add_d16,direct full-sequence ATE forward-greedy trial,"{""added_channel"": 16, ""cardinality"": 4, ""parent_channels"": [4, 15, 22], ""phase"": ""forward_extension"", ""reused_existing_evaluation"": false, ""seed_channels"": [4, 22], ""seed_index"": 3}",2026-08-15T01:22:12.420802+00:00
direct_greedy,g_s03_k04_from_d04_d15_d22_add_d17,0,"4,15,17,22","[4, 15, 17, 22]",g_s03_k04_from_d04_d15_d22_add_d17,direct full-sequence ATE forward-greedy trial,"{""added_channel"": 17, ""cardinality"": 4, ""parent_channels"": [4, 15, 22], ""phase"": ""forward_extension"", ""reused_existing_evaluation"": false, ""seed_channels"": [4, 22], ""seed_index"": 3}",2026-08-15T01:23:04.692078+00:00
direct_greedy,g_s03_k04_from_d04_d15_d22_add_d18,0,"4,15,18,22","[4, 15, 18, 22]",g_s03_k04_from_d04_d15_d22_add_d18,direct full-sequence ATE forward-greedy trial,"{""added_channel"": 18, ""cardinality"": 4, ""parent_channels"": [4, 15, 22], ""phase"": ""forward_extension"", ""reused_existing_evaluation"": false, ""seed_channels"": [4, 22], ""seed_index"": 3}",2026-08-15T01:23:56.246581+00:00
direct_greedy,g_s03_k04_from_d04_d15_d22_add_d19,0,"4,15,19,22","[4, 15, 19, 22]",g_s03_k04_from_d04_d15_d22_add_d19,direct full-sequence ATE forward-greedy trial,"{""added_channel"": 19, ""cardinality"": 4, ""parent_channels"": [4, 15, 22], ""phase"": ""forward_extension"", ""reused_existing_evaluation"": false, ""seed_channels"": [4, 22], ""seed_index"": 3}",2026-08-15T01:24:46.370824+00:00
direct_greedy,g_s03_k04_from_d04_d15_d22_add_d20,0,"4,15,20,22","[4, 15, 20, 22]",g_s03_k04_from_d04_d15_d22_add_d20,direct full-sequence ATE forward-greedy trial,"{""added_channel"": 20, ""cardinality"": 4, ""parent_channels"": [4, 15, 22], ""phase"": ""forward_extension"", ""reused_existing_evaluation"": false, ""seed_channels"": [4, 22], ""seed_index"": 3}",2026-08-15T01:25:38.044217+00:00
direct_greedy,g_s03_k04_from_d04_d15_d22_add_d21,0,"4,15,21,22","[4, 15, 21, 22]",g_s03_k04_from_d04_d15_d22_add_d21,direct full-sequence ATE forward-greedy trial,"{""added_channel"": 21, ""cardinality"": 4, ""parent_channels"": [4, 15, 22], ""phase"": ""forward_extension"", ""reused_existing_evaluation"": false, ""seed_channels"": [4, 22], ""seed_index"": 3}",2026-08-15T01:26:28.297251+00:00
direct_greedy,g_s03_k04_from_d04_d15_d22_add_d23,0,"4,15,22,23","[4, 15, 22, 23]",g_s03_k04_from_d04_d15_d22_add_d23,direct full-sequence ATE forward-greedy trial,"{""added_channel"": 23, ""cardinality"": 4, ""parent_channels"": [4, 15, 22], ""phase"": ""forward_extension"", ""reused_existing_evaluation"": false, ""seed_channels"": [4, 22], ""seed_index"": 3}",2026-08-15T01:27:19.655282+00:00
direct_greedy,g_s03_k04_from_d04_d15_d22_add_d24,0,"4,15,22,24","[4, 15, 22, 24]",g_s03_k04_from_d04_d15_d22_add_d24,direct full-sequence ATE forward-greedy trial,"{""added_channel"": 24, ""cardinality"": 4, ""parent_channels"": [4, 15, 22], ""phase"": ""forward_extension"", ""reused_existing_evaluation"": false, ""seed_channels"": [4, 22], ""seed_index"": 3}",2026-08-15T01:28:09.930464+00:00
direct_greedy,g_s03_k04_from_d04_d15_d22_add_d25,0,"4,15,22,25","[4, 15, 22, 25]",g_s03_k04_from_d04_d15_d22_add_d25,direct full-sequence ATE forward-greedy trial,"{""added_channel"": 25, ""cardinality"": 4, ""parent_channels"": [4, 15, 22], ""phase"": ""forward_extension"", ""reused_existing_evaluation"": false, ""seed_channels"": [4, 22], ""seed_index"": 3}",2026-08-15T01:29:00.842153+00:00
direct_greedy,g_s03_k04_from_d04_d15_d22_add_d26,0,"4,15,22,26","[4, 15, 22, 26]",g_s03_k04_from_d04_d15_d22_add_d26,direct full-sequence ATE forward-greedy trial,"{""added_channel"": 26, ""cardinality"": 4, ""parent_channels"": [4, 15, 22], ""phase"": ""forward_extension"", ""reused_existing_evaluation"": false, ""seed_channels"": [4, 22], ""seed_index"": 3}",2026-08-15T01:29:53.167257+00:00
direct_greedy,g_s03_k04_from_d04_d15_d22_add_d27,0,"4,15,22,27","[4, 15, 22, 27]",g_s03_k04_from_d04_d15_d22_add_d27,direct full-sequence ATE forward-greedy trial,"{""added_channel"": 27, ""cardinality"": 4, ""parent_channels"": [4, 15, 22], ""phase"": ""forward_extension"", ""reused_existing_evaluation"": false, ""seed_channels"": [4, 22], ""seed_index"": 3}",2026-08-15T01:30:44.619800+00:00
direct_greedy,g_s03_k04_from_d04_d15_d22_add_d28,0,"4,15,22,28","[4, 15, 22, 28]",g_s03_k04_from_d04_d15_d22_add_d28,direct full-sequence ATE forward-greedy trial,"{""added_channel"": 28, ""cardinality"": 4, ""parent_channels"": [4, 15, 22], ""phase"": ""forward_extension"", ""reused_existing_evaluation"": false, ""seed_channels"": [4, 22], ""seed_index"": 3}",2026-08-15T01:31:37.942669+00:00
direct_greedy,g_s03_k04_from_d04_d15_d22_add_d29,0,"4,15,22,29","[4, 15, 22, 29]",g_s03_k04_from_d04_d15_d22_add_d29,direct full-sequence ATE forward-greedy trial,"{""added_channel"": 29, ""cardinality"": 4, ""parent_channels"": [4, 15, 22], ""phase"": ""forward_extension"", ""reused_existing_evaluation"": false, ""seed_channels"": [4, 22], ""seed_index"": 3}",2026-08-15T01:32:29.429351+00:00
direct_greedy,g_s03_k04_from_d04_d15_d22_add_d30,0,"4,15,22,30","[4, 15, 22, 30]",g_s03_k04_from_d04_d15_d22_add_d30,direct full-sequence ATE forward-greedy trial,"{""added_channel"": 30, ""cardinality"": 4, ""parent_channels"": [4, 15, 22], ""phase"": ""forward_extension"", ""reused_existing_evaluation"": false, ""seed_channels"": [4, 22], ""seed_index"": 3}",2026-08-15T01:33:20.300930+00:00
direct_greedy,g_s03_k04_from_d04_d15_d22_add_d31,0,"4,15,22,31","[4, 15, 22, 31]",g_s03_k04_from_d04_d15_d22_add_d31,direct full-sequence ATE forward-greedy trial,"{""added_channel"": 31, ""cardinality"": 4, ""parent_channels"": [4, 15, 22], ""phase"": ""forward_extension"", ""reused_existing_evaluation"": false, ""seed_channels"": [4, 22], ""seed_index"": 3}",2026-08-15T01:34:13.446503+00:00
direct_greedy,g_s03_k05_from_d04_d15_d22_d25_add_d00,0,"0,4,15,22,25","[0, 4, 15, 22, 25]",g_s03_k05_from_d04_d15_d22_d25_add_d00,direct full-sequence ATE forward-greedy trial,"{""added_channel"": 0, ""cardinality"": 5, ""parent_channels"": [4, 15, 22, 25], ""phase"": ""forward_extension"", ""reused_existing_evaluation"": false, ""seed_channels"": [4, 22], ""seed_index"": 3}",2026-08-15T01:35:05.276758+00:00
direct_greedy,g_s03_k05_from_d04_d15_d22_d25_add_d01,0,"1,4,15,22,25","[1, 4, 15, 22, 25]",g_s03_k05_from_d04_d15_d22_d25_add_d01,direct full-sequence ATE forward-greedy trial,"{""added_channel"": 1, ""cardinality"": 5, ""parent_channels"": [4, 15, 22, 25], ""phase"": ""forward_extension"", ""reused_existing_evaluation"": false, ""seed_channels"": [4, 22], ""seed_index"": 3}",2026-08-15T01:35:56.415740+00:00
direct_greedy,g_s03_k05_from_d04_d15_d22_d25_add_d02,0,"2,4,15,22,25","[2, 4, 15, 22, 25]",g_s03_k05_from_d04_d15_d22_d25_add_d02,direct full-sequence ATE forward-greedy trial,"{""added_channel"": 2, ""cardinality"": 5, ""parent_channels"": [4, 15, 22, 25], ""phase"": ""forward_extension"", ""reused_existing_evaluation"": false, ""seed_channels"": [4, 22], ""seed_index"": 3}",2026-08-15T01:36:48.254741+00:00
direct_greedy,g_s03_k05_from_d04_d15_d22_d25_add_d03,0,"3,4,15,22,25","[3, 4, 15, 22, 25]",g_s03_k05_from_d04_d15_d22_d25_add_d03,direct full-sequence ATE forward-greedy trial,"{""added_channel"": 3, ""cardinality"": 5, ""parent_channels"": [4, 15, 22, 25], ""phase"": ""forward_extension"", ""reused_existing_evaluation"": false, ""seed_channels"": [4, 22], ""seed_index"": 3}",2026-08-15T01:37:36.937182+00:00
direct_greedy,g_s03_k05_from_d04_d15_d22_d25_add_d05,0,"4,5,15,22,25","[4, 5, 15, 22, 25]",g_s03_k05_from_d04_d15_d22_d25_add_d05,direct full-sequence ATE forward-greedy trial,"{""added_channel"": 5, ""cardinality"": 5, ""parent_channels"": [4, 15, 22, 25], ""phase"": ""forward_extension"", ""reused_existing_evaluation"": false, ""seed_channels"": [4, 22], ""seed_index"": 3}",2026-08-15T01:38:26.270744+00:00
direct_greedy,g_s03_k05_from_d04_d15_d22_d25_add_d06,0,"4,6,15,22,25","[4, 6, 15, 22, 25]",g_s03_k05_from_d04_d15_d22_d25_add_d06,direct full-sequence ATE forward-greedy trial,"{""added_channel"": 6, ""cardinality"": 5, ""parent_channels"": [4, 15, 22, 25], ""phase"": ""forward_extension"", ""reused_existing_evaluation"": false, ""seed_channels"": [4, 22], ""seed_index"": 3}",2026-08-15T01:39:18.317470+00:00
direct_greedy,g_s03_k05_from_d04_d15_d22_d25_add_d07,0,"4,7,15,22,25","[4, 7, 15, 22, 25]",g_s03_k05_from_d04_d15_d22_d25_add_d07,direct full-sequence ATE forward-greedy trial,"{""added_channel"": 7, ""cardinality"": 5, ""parent_channels"": [4, 15, 22, 25], ""phase"": ""forward_extension"", ""reused_existing_evaluation"": false, ""seed_channels"": [4, 22], ""seed_index"": 3}",2026-08-15T01:40:09.433859+00:00
direct_greedy,g_s03_k05_from_d04_d15_d22_d25_add_d08,0,"4,8,15,22,25","[4, 8, 15, 22, 25]",g_s03_k05_from_d04_d15_d22_d25_add_d08,direct full-sequence ATE forward-greedy trial,"{""added_channel"": 8, ""cardinality"": 5, ""parent_channels"": [4, 15, 22, 25], ""phase"": ""forward_extension"", ""reused_existing_evaluation"": false, ""seed_channels"": [4, 22], ""seed_index"": 3}",2026-08-15T01:41:01.284702+00:00
direct_greedy,g_s03_k05_from_d04_d15_d22_d25_add_d09,0,"4,9,15,22,25","[4, 9, 15, 22, 25]",g_s03_k05_from_d04_d15_d22_d25_add_d09,direct full-sequence ATE forward-greedy trial,"{""added_channel"": 9, ""cardinality"": 5, ""parent_channels"": [4, 15, 22, 25], ""phase"": ""forward_extension"", ""reused_existing_evaluation"": false, ""seed_channels"": [4, 22], ""seed_index"": 3}",2026-08-15T01:41:53.903144+00:00
direct_greedy,g_s03_k05_from_d04_d15_d22_d25_add_d10,0,"4,10,15,22,25","[4, 10, 15, 22, 25]",g_s03_k05_from_d04_d15_d22_d25_add_d10,direct full-sequence ATE forward-greedy trial,"{""added_channel"": 10, ""cardinality"": 5, ""parent_channels"": [4, 15, 22, 25], ""phase"": ""forward_extension"", ""reused_existing_evaluation"": false, ""seed_channels"": [4, 22], ""seed_index"": 3}",2026-08-15T01:42:45.766017+00:00
direct_greedy,g_s03_k05_from_d04_d15_d22_d25_add_d11,0,"4,11,15,22,25","[4, 11, 15, 22, 25]",g_s03_k05_from_d04_d15_d22_d25_add_d11,direct full-sequence ATE forward-greedy trial,"{""added_channel"": 11, ""cardinality"": 5, ""parent_channels"": [4, 15, 22, 25], ""phase"": ""forward_extension"", ""reused_existing_evaluation"": false, ""seed_channels"": [4, 22], ""seed_index"": 3}",2026-08-15T01:43:37.227562+00:00
direct_greedy,g_s03_k05_from_d04_d15_d22_d25_add_d12,0,"4,12,15,22,25","[4, 12, 15, 22, 25]",g_s03_k05_from_d04_d15_d22_d25_add_d12,direct full-sequence ATE forward-greedy trial,"{""added_channel"": 12, ""cardinality"": 5, ""parent_channels"": [4, 15, 22, 25], ""phase"": ""forward_extension"", ""reused_existing_evaluation"": false, ""seed_channels"": [4, 22], ""seed_index"": 3}",2026-08-15T01:44:26.930130+00:00
direct_greedy,g_s03_k05_from_d04_d15_d22_d25_add_d13,0,"4,13,15,22,25","[4, 13, 15, 22, 25]",g_s03_k05_from_d04_d15_d22_d25_add_d13,direct full-sequence ATE forward-greedy trial,"{""added_channel"": 13, ""cardinality"": 5, ""parent_channels"": [4, 15, 22, 25], ""phase"": ""forward_extension"", ""reused_existing_evaluation"": false, ""seed_channels"": [4, 22], ""seed_index"": 3}",2026-08-15T01:45:18.635168+00:00
direct_greedy,g_s03_k05_from_d04_d15_d22_d25_add_d14,0,"4,14,15,22,25","[4, 14, 15, 22, 25]",g_s03_k05_from_d04_d15_d22_d25_add_d14,direct full-sequence ATE forward-greedy trial,"{""added_channel"": 14, ""cardinality"": 5, ""parent_channels"": [4, 15, 22, 25], ""phase"": ""forward_extension"", ""reused_existing_evaluation"": false, ""seed_channels"": [4, 22], ""seed_index"": 3}",2026-08-15T01:46:10.770599+00:00
direct_greedy,g_s03_k05_from_d04_d15_d22_d25_add_d16,0,"4,15,16,22,25","[4, 15, 16, 22, 25]",g_s03_k05_from_d04_d15_d22_d25_add_d16,direct full-sequence ATE forward-greedy trial,"{""added_channel"": 16, ""cardinality"": 5, ""parent_channels"": [4, 15, 22, 25], ""phase"": ""forward_extension"", ""reused_existing_evaluation"": false, ""seed_channels"": [4, 22], ""seed_index"": 3}",2026-08-15T01:47:02.755982+00:00
direct_greedy,g_s03_k05_from_d04_d15_d22_d25_add_d17,0,"4,15,17,22,25","[4, 15, 17, 22, 25]",g_s03_k05_from_d04_d15_d22_d25_add_d17,direct full-sequence ATE forward-greedy trial,"{""added_channel"": 17, ""cardinality"": 5, ""parent_channels"": [4, 15, 22, 25], ""phase"": ""forward_extension"", ""reused_existing_evaluation"": false, ""seed_channels"": [4, 22], ""seed_index"": 3}",2026-08-15T01:47:54.308217+00:00
direct_greedy,g_s03_k05_from_d04_d15_d22_d25_add_d18,0,"4,15,18,22,25","[4, 15, 18, 22, 25]",g_s03_k05_from_d04_d15_d22_d25_add_d18,direct full-sequence ATE forward-greedy trial,"{""added_channel"": 18, ""cardinality"": 5, ""parent_channels"": [4, 15, 22, 25], ""phase"": ""forward_extension"", ""reused_existing_evaluation"": false, ""seed_channels"": [4, 22], ""seed_index"": 3}",2026-08-15T01:48:45.819433+00:00
direct_greedy,g_s03_k05_from_d04_d15_d22_d25_add_d19,0,"4,15,19,22,25","[4, 15, 19, 22, 25]",g_s03_k05_from_d04_d15_d22_d25_add_d19,direct full-sequence ATE forward-greedy trial,"{""added_channel"": 19, ""cardinality"": 5, ""parent_channels"": [4, 15, 22, 25], ""phase"": ""forward_extension"", ""reused_existing_evaluation"": false, ""seed_channels"": [4, 22], ""seed_index"": 3}",2026-08-15T01:49:36.092503+00:00
direct_greedy,g_s03_k05_from_d04_d15_d22_d25_add_d20,0,"4,15,20,22,25","[4, 15, 20, 22, 25]",g_s03_k05_from_d04_d15_d22_d25_add_d20,direct full-sequence ATE forward-greedy trial,"{""added_channel"": 20, ""cardinality"": 5, ""parent_channels"": [4, 15, 22, 25], ""phase"": ""forward_extension"", ""reused_existing_evaluation"": false, ""seed_channels"": [4, 22], ""seed_index"": 3}",2026-08-15T01:50:27.528824+00:00
direct_greedy,g_s03_k05_from_d04_d15_d22_d25_add_d21,0,"4,15,21,22,25","[4, 15, 21, 22, 25]",g_s03_k05_from_d04_d15_d22_d25_add_d21,direct full-sequence ATE forward-greedy trial,"{""added_channel"": 21, ""cardinality"": 5, ""parent_channels"": [4, 15, 22, 25], ""phase"": ""forward_extension"", ""reused_existing_evaluation"": false, ""seed_channels"": [4, 22], ""seed_index"": 3}",2026-08-15T01:51:17.634539+00:00
direct_greedy,g_s03_k05_from_d04_d15_d22_d25_add_d23,0,"4,15,22,23,25","[4, 15, 22, 23, 25]",g_s03_k05_from_d04_d15_d22_d25_add_d23,direct full-sequence ATE forward-greedy trial,"{""added_channel"": 23, ""cardinality"": 5, ""parent_channels"": [4, 15, 22, 25], ""phase"": ""forward_extension"", ""reused_existing_evaluation"": false, ""seed_channels"": [4, 22], ""seed_index"": 3}",2026-08-15T01:52:09.226975+00:00
direct_greedy,g_s03_k05_from_d04_d15_d22_d25_add_d24,0,"4,15,22,24,25","[4, 15, 22, 24, 25]",g_s03_k05_from_d04_d15_d22_d25_add_d24,direct full-sequence ATE forward-greedy trial,"{""added_channel"": 24, ""cardinality"": 5, ""parent_channels"": [4, 15, 22, 25], ""phase"": ""forward_extension"", ""reused_existing_evaluation"": false, ""seed_channels"": [4, 22], ""seed_index"": 3}",2026-08-15T01:52:59.369014+00:00
direct_greedy,g_s03_k05_from_d04_d15_d22_d25_add_d26,0,"4,15,22,25,26","[4, 15, 22, 25, 26]",g_s03_k05_from_d04_d15_d22_d25_add_d26,direct full-sequence ATE forward-greedy trial,"{""added_channel"": 26, ""cardinality"": 5, ""parent_channels"": [4, 15, 22, 25], ""phase"": ""forward_extension"", ""reused_existing_evaluation"": false, ""seed_channels"": [4, 22], ""seed_index"": 3}",2026-08-15T01:53:50.843575+00:00
direct_greedy,g_s03_k05_from_d04_d15_d22_d25_add_d27,0,"4,15,22,25,27","[4, 15, 22, 25, 27]",g_s03_k05_from_d04_d15_d22_d25_add_d27,direct full-sequence ATE forward-greedy trial,"{""added_channel"": 27, ""cardinality"": 5, ""parent_channels"": [4, 15, 22, 25], ""phase"": ""forward_extension"", ""reused_existing_evaluation"": false, ""seed_channels"": [4, 22], ""seed_index"": 3}",2026-08-15T01:54:42.583358+00:00
direct_greedy,g_s03_k05_from_d04_d15_d22_d25_add_d28,0,"4,15,22,25,28","[4, 15, 22, 25, 28]",g_s03_k05_from_d04_d15_d22_d25_add_d28,direct full-sequence ATE forward-greedy trial,"{""added_channel"": 28, ""cardinality"": 5, ""parent_channels"": [4, 15, 22, 25], ""phase"": ""forward_extension"", ""reused_existing_evaluation"": false, ""seed_channels"": [4, 22], ""seed_index"": 3}",2026-08-15T01:55:35.317325+00:00
direct_greedy,g_s03_k05_from_d04_d15_d22_d25_add_d29,0,"4,15,22,25,29","[4, 15, 22, 25, 29]",g_s03_k05_from_d04_d15_d22_d25_add_d29,direct full-sequence ATE forward-greedy trial,"{""added_channel"": 29, ""cardinality"": 5, ""parent_channels"": [4, 15, 22, 25], ""phase"": ""forward_extension"", ""reused_existing_evaluation"": false, ""seed_channels"": [4, 22], ""seed_index"": 3}",2026-08-15T01:56:27.016249+00:00
direct_greedy,g_s03_k05_from_d04_d15_d22_d25_add_d30,0,"4,15,22,25,30","[4, 15, 22, 25, 30]",g_s03_k05_from_d04_d15_d22_d25_add_d30,direct full-sequence ATE forward-greedy trial,"{""added_channel"": 30, ""cardinality"": 5, ""parent_channels"": [4, 15, 22, 25], ""phase"": ""forward_extension"", ""reused_existing_evaluation"": false, ""seed_channels"": [4, 22], ""seed_index"": 3}",2026-08-15T01:57:18.170653+00:00
direct_greedy,g_s03_k05_from_d04_d15_d22_d25_add_d31,0,"4,15,22,25,31","[4, 15, 22, 25, 31]",g_s03_k05_from_d04_d15_d22_d25_add_d31,direct full-sequence ATE forward-greedy trial,"{""added_channel"": 31, ""cardinality"": 5, ""parent_channels"": [4, 15, 22, 25], ""phase"": ""forward_extension"", ""reused_existing_evaluation"": false, ""seed_channels"": [4, 22], ""seed_index"": 3}",2026-08-15T01:58:10.381204+00:00
direct_greedy,g_s03_k06_from_d04_d10_d15_d22_d25_add_d00,0,"0,4,10,15,22,25","[0, 4, 10, 15, 22, 25]",g_s03_k06_from_d04_d10_d15_d22_d25_add_d00,direct full-sequence ATE forward-greedy trial,"{""added_channel"": 0, ""cardinality"": 6, ""parent_channels"": [4, 10, 15, 22, 25], ""phase"": ""forward_extension"", ""reused_existing_evaluation"": false, ""seed_channels"": [4, 22], ""seed_index"": 3}",2026-08-15T01:59:03.078119+00:00
direct_greedy,g_s03_k06_from_d04_d10_d15_d22_d25_add_d01,0,"1,4,10,15,22,25","[1, 4, 10, 15, 22, 25]",g_s03_k06_from_d04_d10_d15_d22_d25_add_d01,direct full-sequence ATE forward-greedy trial,"{""added_channel"": 1, ""cardinality"": 6, ""parent_channels"": [4, 10, 15, 22, 25], ""phase"": ""forward_extension"", ""reused_existing_evaluation"": false, ""seed_channels"": [4, 22], ""seed_index"": 3}",2026-08-15T01:59:55.356977+00:00
direct_greedy,g_s03_k06_from_d04_d10_d15_d22_d25_add_d02,0,"2,4,10,15,22,25","[2, 4, 10, 15, 22, 25]",g_s03_k06_from_d04_d10_d15_d22_d25_add_d02,direct full-sequence ATE forward-greedy trial,"{""added_channel"": 2, ""cardinality"": 6, ""parent_channels"": [4, 10, 15, 22, 25], ""phase"": ""forward_extension"", ""reused_existing_evaluation"": false, ""seed_channels"": [4, 22], ""seed_index"": 3}",2026-08-15T02:00:48.459986+00:00
direct_greedy,g_s03_k06_from_d04_d10_d15_d22_d25_add_d03,0,"3,4,10,15,22,25","[3, 4, 10, 15, 22, 25]",g_s03_k06_from_d04_d10_d15_d22_d25_add_d03,direct full-sequence ATE forward-greedy trial,"{""added_channel"": 3, ""cardinality"": 6, ""parent_channels"": [4, 10, 15, 22, 25], ""phase"": ""forward_extension"", ""reused_existing_evaluation"": false, ""seed_channels"": [4, 22], ""seed_index"": 3}",2026-08-15T02:01:37.708046+00:00
direct_greedy,g_s03_k06_from_d04_d10_d15_d22_d25_add_d05,0,"4,5,10,15,22,25","[4, 5, 10, 15, 22, 25]",g_s03_k06_from_d04_d10_d15_d22_d25_add_d05,direct full-sequence ATE forward-greedy trial,"{""added_channel"": 5, ""cardinality"": 6, ""parent_channels"": [4, 10, 15, 22, 25], ""phase"": ""forward_extension"", ""reused_existing_evaluation"": false, ""seed_channels"": [4, 22], ""seed_index"": 3}",2026-08-15T02:02:28.178175+00:00
direct_greedy,g_s03_k06_from_d04_d10_d15_d22_d25_add_d06,0,"4,6,10,15,22,25","[4, 6, 10, 15, 22, 25]",g_s03_k06_from_d04_d10_d15_d22_d25_add_d06,direct full-sequence ATE forward-greedy trial,"{""added_channel"": 6, ""cardinality"": 6, ""parent_channels"": [4, 10, 15, 22, 25], ""phase"": ""forward_extension"", ""reused_existing_evaluation"": false, ""seed_channels"": [4, 22], ""seed_index"": 3}",2026-08-15T02:03:21.120163+00:00
direct_greedy,g_s03_k06_from_d04_d10_d15_d22_d25_add_d07,0,"4,7,10,15,22,25","[4, 7, 10, 15, 22, 25]",g_s03_k06_from_d04_d10_d15_d22_d25_add_d07,direct full-sequence ATE forward-greedy trial,"{""added_channel"": 7, ""cardinality"": 6, ""parent_channels"": [4, 10, 15, 22, 25], ""phase"": ""forward_extension"", ""reused_existing_evaluation"": false, ""seed_channels"": [4, 22], ""seed_index"": 3}",2026-08-15T02:04:12.500048+00:00
direct_greedy,g_s03_k06_from_d04_d10_d15_d22_d25_add_d08,0,"4,8,10,15,22,25","[4, 8, 10, 15, 22, 25]",g_s03_k06_from_d04_d10_d15_d22_d25_add_d08,direct full-sequence ATE forward-greedy trial,"{""added_channel"": 8, ""cardinality"": 6, ""parent_channels"": [4, 10, 15, 22, 25], ""phase"": ""forward_extension"", ""reused_existing_evaluation"": false, ""seed_channels"": [4, 22], ""seed_index"": 3}",2026-08-15T02:05:04.730775+00:00
direct_greedy,g_s03_k06_from_d04_d10_d15_d22_d25_add_d09,0,"4,9,10,15,22,25","[4, 9, 10, 15, 22, 25]",g_s03_k06_from_d04_d10_d15_d22_d25_add_d09,direct full-sequence ATE forward-greedy trial,"{""added_channel"": 9, ""cardinality"": 6, ""parent_channels"": [4, 10, 15, 22, 25], ""phase"": ""forward_extension"", ""reused_existing_evaluation"": false, ""seed_channels"": [4, 22], ""seed_index"": 3}",2026-08-15T02:05:58.021699+00:00
direct_greedy,g_s03_k06_from_d04_d10_d15_d22_d25_add_d11,0,"4,10,11,15,22,25","[4, 10, 11, 15, 22, 25]",g_s03_k06_from_d04_d10_d15_d22_d25_add_d11,direct full-sequence ATE forward-greedy trial,"{""added_channel"": 11, ""cardinality"": 6, ""parent_channels"": [4, 10, 15, 22, 25], ""phase"": ""forward_extension"", ""reused_existing_evaluation"": false, ""seed_channels"": [4, 22], ""seed_index"": 3}",2026-08-15T02:06:50.198992+00:00
direct_greedy,g_s03_k06_from_d04_d10_d15_d22_d25_add_d12,0,"4,10,12,15,22,25","[4, 10, 12, 15, 22, 25]",g_s03_k06_from_d04_d10_d15_d22_d25_add_d12,direct full-sequence ATE forward-greedy trial,"{""added_channel"": 12, ""cardinality"": 6, ""parent_channels"": [4, 10, 15, 22, 25], ""phase"": ""forward_extension"", ""reused_existing_evaluation"": false, ""seed_channels"": [4, 22], ""seed_index"": 3}",2026-08-15T02:07:40.747339+00:00
direct_greedy,g_s03_k06_from_d04_d10_d15_d22_d25_add_d13,0,"4,10,13,15,22,25","[4, 10, 13, 15, 22, 25]",g_s03_k06_from_d04_d10_d15_d22_d25_add_d13,direct full-sequence ATE forward-greedy trial,"{""added_channel"": 13, ""cardinality"": 6, ""parent_channels"": [4, 10, 15, 22, 25], ""phase"": ""forward_extension"", ""reused_existing_evaluation"": false, ""seed_channels"": [4, 22], ""seed_index"": 3}",2026-08-15T02:08:33.221821+00:00
direct_greedy,g_s03_k06_from_d04_d10_d15_d22_d25_add_d14,0,"4,10,14,15,22,25","[4, 10, 14, 15, 22, 25]",g_s03_k06_from_d04_d10_d15_d22_d25_add_d14,direct full-sequence ATE forward-greedy trial,"{""added_channel"": 14, ""cardinality"": 6, ""parent_channels"": [4, 10, 15, 22, 25], ""phase"": ""forward_extension"", ""reused_existing_evaluation"": false, ""seed_channels"": [4, 22], ""seed_index"": 3}",2026-08-15T02:09:25.807667+00:00
direct_greedy,g_s03_k06_from_d04_d10_d15_d22_d25_add_d16,0,"4,10,15,16,22,25","[4, 10, 15, 16, 22, 25]",g_s03_k06_from_d04_d10_d15_d22_d25_add_d16,direct full-sequence ATE forward-greedy trial,"{""added_channel"": 16, ""cardinality"": 6, ""parent_channels"": [4, 10, 15, 22, 25], ""phase"": ""forward_extension"", ""reused_existing_evaluation"": false, ""seed_channels"": [4, 22], ""seed_index"": 3}",2026-08-15T02:10:18.587030+00:00
direct_greedy,g_s03_k06_from_d04_d10_d15_d22_d25_add_d17,0,"4,10,15,17,22,25","[4, 10, 15, 17, 22, 25]",g_s03_k06_from_d04_d10_d15_d22_d25_add_d17,direct full-sequence ATE forward-greedy trial,"{""added_channel"": 17, ""cardinality"": 6, ""parent_channels"": [4, 10, 15, 22, 25], ""phase"": ""forward_extension"", ""reused_existing_evaluation"": false, ""seed_channels"": [4, 22], ""seed_index"": 3}",2026-08-15T02:11:10.851719+00:00
direct_greedy,g_s03_k06_from_d04_d10_d15_d22_d25_add_d18,0,"4,10,15,18,22,25","[4, 10, 15, 18, 22, 25]",g_s03_k06_from_d04_d10_d15_d22_d25_add_d18,direct full-sequence ATE forward-greedy trial,"{""added_channel"": 18, ""cardinality"": 6, ""parent_channels"": [4, 10, 15, 22, 25], ""phase"": ""forward_extension"", ""reused_existing_evaluation"": false, ""seed_channels"": [4, 22], ""seed_index"": 3}",2026-08-15T02:12:03.623830+00:00
direct_greedy,g_s03_k06_from_d04_d10_d15_d22_d25_add_d19,0,"4,10,15,19,22,25","[4, 10, 15, 19, 22, 25]",g_s03_k06_from_d04_d10_d15_d22_d25_add_d19,direct full-sequence ATE forward-greedy trial,"{""added_channel"": 19, ""cardinality"": 6, ""parent_channels"": [4, 10, 15, 22, 25], ""phase"": ""forward_extension"", ""reused_existing_evaluation"": false, ""seed_channels"": [4, 22], ""seed_index"": 3}",2026-08-15T02:12:54.630616+00:00
direct_greedy,g_s03_k06_from_d04_d10_d15_d22_d25_add_d20,0,"4,10,15,20,22,25","[4, 10, 15, 20, 22, 25]",g_s03_k06_from_d04_d10_d15_d22_d25_add_d20,direct full-sequence ATE forward-greedy trial,"{""added_channel"": 20, ""cardinality"": 6, ""parent_channels"": [4, 10, 15, 22, 25], ""phase"": ""forward_extension"", ""reused_existing_evaluation"": false, ""seed_channels"": [4, 22], ""seed_index"": 3}",2026-08-15T02:13:46.723779+00:00
direct_greedy,g_s03_k06_from_d04_d10_d15_d22_d25_add_d21,0,"4,10,15,21,22,25","[4, 10, 15, 21, 22, 25]",g_s03_k06_from_d04_d10_d15_d22_d25_add_d21,direct full-sequence ATE forward-greedy trial,"{""added_channel"": 21, ""cardinality"": 6, ""parent_channels"": [4, 10, 15, 22, 25], ""phase"": ""forward_extension"", ""reused_existing_evaluation"": false, ""seed_channels"": [4, 22], ""seed_index"": 3}",2026-08-15T02:14:37.531188+00:00
direct_greedy,g_s03_k06_from_d04_d10_d15_d22_d25_add_d23,0,"4,10,15,22,23,25","[4, 10, 15, 22, 23, 25]",g_s03_k06_from_d04_d10_d15_d22_d25_add_d23,direct full-sequence ATE forward-greedy trial,"{""added_channel"": 23, ""cardinality"": 6, ""parent_channels"": [4, 10, 15, 22, 25], ""phase"": ""forward_extension"", ""reused_existing_evaluation"": false, ""seed_channels"": [4, 22], ""seed_index"": 3}",2026-08-15T02:15:29.760633+00:00
direct_greedy,g_s03_k06_from_d04_d10_d15_d22_d25_add_d24,0,"4,10,15,22,24,25","[4, 10, 15, 22, 24, 25]",g_s03_k06_from_d04_d10_d15_d22_d25_add_d24,direct full-sequence ATE forward-greedy trial,"{""added_channel"": 24, ""cardinality"": 6, ""parent_channels"": [4, 10, 15, 22, 25], ""phase"": ""forward_extension"", ""reused_existing_evaluation"": false, ""seed_channels"": [4, 22], ""seed_index"": 3}",2026-08-15T02:16:20.600626+00:00
direct_greedy,g_s03_k06_from_d04_d10_d15_d22_d25_add_d26,0,"4,10,15,22,25,26","[4, 10, 15, 22, 25, 26]",g_s03_k06_from_d04_d10_d15_d22_d25_add_d26,direct full-sequence ATE forward-greedy trial,"{""added_channel"": 26, ""cardinality"": 6, ""parent_channels"": [4, 10, 15, 22, 25], ""phase"": ""forward_extension"", ""reused_existing_evaluation"": false, ""seed_channels"": [4, 22], ""seed_index"": 3}",2026-08-15T02:17:13.451698+00:00
direct_greedy,g_s03_k06_from_d04_d10_d15_d22_d25_add_d27,0,"4,10,15,22,25,27","[4, 10, 15, 22, 25, 27]",g_s03_k06_from_d04_d10_d15_d22_d25_add_d27,direct full-sequence ATE forward-greedy trial,"{""added_channel"": 27, ""cardinality"": 6, ""parent_channels"": [4, 10, 15, 22, 25], ""phase"": ""forward_extension"", ""reused_existing_evaluation"": false, ""seed_channels"": [4, 22], ""seed_index"": 3}",2026-08-15T02:18:05.550001+00:00
direct_greedy,g_s03_k06_from_d04_d10_d15_d22_d25_add_d28,0,"4,10,15,22,25,28","[4, 10, 15, 22, 25, 28]",g_s03_k06_from_d04_d10_d15_d22_d25_add_d28,direct full-sequence ATE forward-greedy trial,"{""added_channel"": 28, ""cardinality"": 6, ""parent_channels"": [4, 10, 15, 22, 25], ""phase"": ""forward_extension"", ""reused_existing_evaluation"": false, ""seed_channels"": [4, 22], ""seed_index"": 3}",2026-08-15T02:18:59.083378+00:00
direct_greedy,g_s03_k06_from_d04_d10_d15_d22_d25_add_d29,0,"4,10,15,22,25,29","[4, 10, 15, 22, 25, 29]",g_s03_k06_from_d04_d10_d15_d22_d25_add_d29,direct full-sequence ATE forward-greedy trial,"{""added_channel"": 29, ""cardinality"": 6, ""parent_channels"": [4, 10, 15, 22, 25], ""phase"": ""forward_extension"", ""reused_existing_evaluation"": false, ""seed_channels"": [4, 22], ""seed_index"": 3}",2026-08-15T02:19:51.174917+00:00
direct_greedy,g_s03_k06_from_d04_d10_d15_d22_d25_add_d30,0,"4,10,15,22,25,30","[4, 10, 15, 22, 25, 30]",g_s03_k06_from_d04_d10_d15_d22_d25_add_d30,direct full-sequence ATE forward-greedy trial,"{""added_channel"": 30, ""cardinality"": 6, ""parent_channels"": [4, 10, 15, 22, 25], ""phase"": ""forward_extension"", ""reused_existing_evaluation"": false, ""seed_channels"": [4, 22], ""seed_index"": 3}",2026-08-15T02:20:43.737703+00:00
direct_greedy,g_s03_k06_from_d04_d10_d15_d22_d25_add_d31,0,"4,10,15,22,25,31","[4, 10, 15, 22, 25, 31]",g_s03_k06_from_d04_d10_d15_d22_d25_add_d31,direct full-sequence ATE forward-greedy trial,"{""added_channel"": 31, ""cardinality"": 6, ""parent_channels"": [4, 10, 15, 22, 25], ""phase"": ""forward_extension"", ""reused_existing_evaluation"": false, ""seed_channels"": [4, 22], ""seed_index"": 3}",2026-08-15T02:21:36.680044+00:00
direct_greedy,g_s04_k03_from_d11_d23_add_d00,0,"0,11,23","[0, 11, 23]",g_s04_k03_from_d11_d23_add_d00,direct full-sequence ATE forward-greedy trial,"{""added_channel"": 0, ""cardinality"": 3, ""parent_channels"": [11, 23], ""phase"": ""forward_extension"", ""reused_existing_evaluation"": false, ""seed_channels"": [11, 23], ""seed_index"": 4}",2026-08-15T02:22:24.836099+00:00
direct_greedy,g_s04_k03_from_d11_d23_add_d01,0,"1,11,23","[1, 11, 23]",g_s04_k03_from_d11_d23_add_d01,direct full-sequence ATE forward-greedy trial,"{""added_channel"": 1, ""cardinality"": 3, ""parent_channels"": [11, 23], ""phase"": ""forward_extension"", ""reused_existing_evaluation"": false, ""seed_channels"": [11, 23], ""seed_index"": 4}",2026-08-15T02:23:19.489760+00:00
direct_greedy,g_s04_k03_from_d11_d23_add_d02,0,"2,11,23","[2, 11, 23]",g_s04_k03_from_d11_d23_add_d02,direct full-sequence ATE forward-greedy trial,"{""added_channel"": 2, ""cardinality"": 3, ""parent_channels"": [11, 23], ""phase"": ""forward_extension"", ""reused_existing_evaluation"": false, ""seed_channels"": [11, 23], ""seed_index"": 4}",2026-08-15T02:24:17.007557+00:00
direct_greedy,g_s04_k03_from_d11_d23_add_d03,0,"3,11,23","[3, 11, 23]",g_s04_k03_from_d11_d23_add_d03,direct full-sequence ATE forward-greedy trial,"{""added_channel"": 3, ""cardinality"": 3, ""parent_channels"": [11, 23], ""phase"": ""forward_extension"", ""reused_existing_evaluation"": false, ""seed_channels"": [11, 23], ""seed_index"": 4}",2026-08-15T02:25:05.273761+00:00
direct_greedy,g_s04_k03_from_d11_d23_add_d04,0,"4,11,23","[4, 11, 23]",g_s04_k03_from_d11_d23_add_d04,direct full-sequence ATE forward-greedy trial,"{""added_channel"": 4, ""cardinality"": 3, ""parent_channels"": [11, 23], ""phase"": ""forward_extension"", ""reused_existing_evaluation"": false, ""seed_channels"": [11, 23], ""seed_index"": 4}",2026-08-15T02:25:55.656603+00:00
direct_greedy,g_s04_k03_from_d11_d23_add_d05,0,"5,11,23","[5, 11, 23]",g_s04_k03_from_d11_d23_add_d05,direct full-sequence ATE forward-greedy trial,"{""added_channel"": 5, ""cardinality"": 3, ""parent_channels"": [11, 23], ""phase"": ""forward_extension"", ""reused_existing_evaluation"": false, ""seed_channels"": [11, 23], ""seed_index"": 4}",2026-08-15T02:26:44.596465+00:00
direct_greedy,g_s04_k03_from_d11_d23_add_d06,0,"6,11,23","[6, 11, 23]",g_s04_k03_from_d11_d23_add_d06,direct full-sequence ATE forward-greedy trial,"{""added_channel"": 6, ""cardinality"": 3, ""parent_channels"": [11, 23], ""phase"": ""forward_extension"", ""reused_existing_evaluation"": false, ""seed_channels"": [11, 23], ""seed_index"": 4}",2026-08-15T02:27:40.762712+00:00
direct_greedy,g_s04_k03_from_d11_d23_add_d07,0,"7,11,23","[7, 11, 23]",g_s04_k03_from_d11_d23_add_d07,direct full-sequence ATE forward-greedy trial,"{""added_channel"": 7, ""cardinality"": 3, ""parent_channels"": [11, 23], ""phase"": ""forward_extension"", ""reused_existing_evaluation"": false, ""seed_channels"": [11, 23], ""seed_index"": 4}",2026-08-15T02:28:34.223552+00:00
direct_greedy,g_s04_k03_from_d11_d23_add_d08,0,"8,11,23","[8, 11, 23]",g_s04_k03_from_d11_d23_add_d08,direct full-sequence ATE forward-greedy trial,"{""added_channel"": 8, ""cardinality"": 3, ""parent_channels"": [11, 23], ""phase"": ""forward_extension"", ""reused_existing_evaluation"": false, ""seed_channels"": [11, 23], ""seed_index"": 4}",2026-08-15T02:29:29.869055+00:00
direct_greedy,g_s04_k03_from_d11_d23_add_d09,0,"9,11,23","[9, 11, 23]",g_s04_k03_from_d11_d23_add_d09,direct full-sequence ATE forward-greedy trial,"{""added_channel"": 9, ""cardinality"": 3, ""parent_channels"": [11, 23], ""phase"": ""forward_extension"", ""reused_existing_evaluation"": false, ""seed_channels"": [11, 23], ""seed_index"": 4}",2026-08-15T02:30:29.016226+00:00
direct_greedy,g_s04_k03_from_d11_d23_add_d10,0,"10,11,23","[10, 11, 23]",g_s04_k03_from_d11_d23_add_d10,direct full-sequence ATE forward-greedy trial,"{""added_channel"": 10, ""cardinality"": 3, ""parent_channels"": [11, 23], ""phase"": ""forward_extension"", ""reused_existing_evaluation"": false, ""seed_channels"": [11, 23], ""seed_index"": 4}",2026-08-15T02:31:24.933304+00:00
direct_greedy,g_s04_k03_from_d11_d23_add_d12,0,"11,12,23","[11, 12, 23]",g_s04_k03_from_d11_d23_add_d12,direct full-sequence ATE forward-greedy trial,"{""added_channel"": 12, ""cardinality"": 3, ""parent_channels"": [11, 23], ""phase"": ""forward_extension"", ""reused_existing_evaluation"": false, ""seed_channels"": [11, 23], ""seed_index"": 4}",2026-08-15T02:32:15.450873+00:00
direct_greedy,g_s04_k03_from_d11_d23_add_d13,0,"11,13,23","[11, 13, 23]",g_s04_k03_from_d11_d23_add_d13,direct full-sequence ATE forward-greedy trial,"{""added_channel"": 13, ""cardinality"": 3, ""parent_channels"": [11, 23], ""phase"": ""forward_extension"", ""reused_existing_evaluation"": false, ""seed_channels"": [11, 23], ""seed_index"": 4}",2026-08-15T02:33:10.828655+00:00
direct_greedy,g_s04_k03_from_d11_d23_add_d14,0,"11,14,23","[11, 14, 23]",g_s04_k03_from_d11_d23_add_d14,direct full-sequence ATE forward-greedy trial,"{""added_channel"": 14, ""cardinality"": 3, ""parent_channels"": [11, 23], ""phase"": ""forward_extension"", ""reused_existing_evaluation"": false, ""seed_channels"": [11, 23], ""seed_index"": 4}",2026-08-15T02:34:07.482375+00:00
direct_greedy,g_s04_k03_from_d11_d23_add_d15,0,"11,15,23","[11, 15, 23]",g_s04_k03_from_d11_d23_add_d15,direct full-sequence ATE forward-greedy trial,"{""added_channel"": 15, ""cardinality"": 3, ""parent_channels"": [11, 23], ""phase"": ""forward_extension"", ""reused_existing_evaluation"": false, ""seed_channels"": [11, 23], ""seed_index"": 4}",2026-08-15T02:35:02.951296+00:00
direct_greedy,g_s04_k03_from_d11_d23_add_d16,0,"11,16,23","[11, 16, 23]",g_s04_k03_from_d11_d23_add_d16,direct full-sequence ATE forward-greedy trial,"{""added_channel"": 16, ""cardinality"": 3, ""parent_channels"": [11, 23], ""phase"": ""forward_extension"", ""reused_existing_evaluation"": false, ""seed_channels"": [11, 23], ""seed_index"": 4}",2026-08-15T02:35:59.299976+00:00
direct_greedy,g_s04_k03_from_d11_d23_add_d17,0,"11,17,23","[11, 17, 23]",g_s04_k03_from_d11_d23_add_d17,direct full-sequence ATE forward-greedy trial,"{""added_channel"": 17, ""cardinality"": 3, ""parent_channels"": [11, 23], ""phase"": ""forward_extension"", ""reused_existing_evaluation"": false, ""seed_channels"": [11, 23], ""seed_index"": 4}",2026-08-15T02:36:54.980564+00:00
direct_greedy,g_s04_k03_from_d11_d23_add_d18,0,"11,18,23","[11, 18, 23]",g_s04_k03_from_d11_d23_add_d18,direct full-sequence ATE forward-greedy trial,"{""added_channel"": 18, ""cardinality"": 3, ""parent_channels"": [11, 23], ""phase"": ""forward_extension"", ""reused_existing_evaluation"": false, ""seed_channels"": [11, 23], ""seed_index"": 4}",2026-08-15T02:37:50.699078+00:00
direct_greedy,g_s04_k03_from_d11_d23_add_d19,0,"11,19,23","[11, 19, 23]",g_s04_k03_from_d11_d23_add_d19,direct full-sequence ATE forward-greedy trial,"{""added_channel"": 19, ""cardinality"": 3, ""parent_channels"": [11, 23], ""phase"": ""forward_extension"", ""reused_existing_evaluation"": false, ""seed_channels"": [11, 23], ""seed_index"": 4}",2026-08-15T02:38:42.848050+00:00
direct_greedy,g_s04_k03_from_d11_d23_add_d20,0,"11,20,23","[11, 20, 23]",g_s04_k03_from_d11_d23_add_d20,direct full-sequence ATE forward-greedy trial,"{""added_channel"": 20, ""cardinality"": 3, ""parent_channels"": [11, 23], ""phase"": ""forward_extension"", ""reused_existing_evaluation"": false, ""seed_channels"": [11, 23], ""seed_index"": 4}",2026-08-15T02:39:38.005229+00:00
direct_greedy,g_s04_k03_from_d11_d23_add_d21,0,"11,21,23","[11, 21, 23]",g_s04_k03_from_d11_d23_add_d21,direct full-sequence ATE forward-greedy trial,"{""added_channel"": 21, ""cardinality"": 3, ""parent_channels"": [11, 23], ""phase"": ""forward_extension"", ""reused_existing_evaluation"": false, ""seed_channels"": [11, 23], ""seed_index"": 4}",2026-08-15T02:40:29.168401+00:00
direct_greedy,g_s04_k03_from_d11_d23_add_d22,0,"11,22,23","[11, 22, 23]",g_s04_k03_from_d11_d23_add_d22,direct full-sequence ATE forward-greedy trial,"{""added_channel"": 22, ""cardinality"": 3, ""parent_channels"": [11, 23], ""phase"": ""forward_extension"", ""reused_existing_evaluation"": false, ""seed_channels"": [11, 23], ""seed_index"": 4}",2026-08-15T02:41:25.418557+00:00
direct_greedy,g_s04_k03_from_d11_d23_add_d24,0,"11,23,24","[11, 23, 24]",g_s04_k03_from_d11_d23_add_d24,direct full-sequence ATE forward-greedy trial,"{""added_channel"": 24, ""cardinality"": 3, ""parent_channels"": [11, 23], ""phase"": ""forward_extension"", ""reused_existing_evaluation"": false, ""seed_channels"": [11, 23], ""seed_index"": 4}",2026-08-15T02:42:16.832120+00:00
direct_greedy,g_s04_k03_from_d11_d23_add_d25,0,"11,23,25","[11, 23, 25]",g_s04_k03_from_d11_d23_add_d25,direct full-sequence ATE forward-greedy trial,"{""added_channel"": 25, ""cardinality"": 3, ""parent_channels"": [11, 23], ""phase"": ""forward_extension"", ""reused_existing_evaluation"": false, ""seed_channels"": [11, 23], ""seed_index"": 4}",2026-08-15T02:43:10.142736+00:00
direct_greedy,g_s04_k03_from_d11_d23_add_d26,0,"11,23,26","[11, 23, 26]",g_s04_k03_from_d11_d23_add_d26,direct full-sequence ATE forward-greedy trial,"{""added_channel"": 26, ""cardinality"": 3, ""parent_channels"": [11, 23], ""phase"": ""forward_extension"", ""reused_existing_evaluation"": false, ""seed_channels"": [11, 23], ""seed_index"": 4}",2026-08-15T02:44:06.245156+00:00
direct_greedy,g_s04_k03_from_d11_d23_add_d27,0,"11,23,27","[11, 23, 27]",g_s04_k03_from_d11_d23_add_d27,direct full-sequence ATE forward-greedy trial,"{""added_channel"": 27, ""cardinality"": 3, ""parent_channels"": [11, 23], ""phase"": ""forward_extension"", ""reused_existing_evaluation"": false, ""seed_channels"": [11, 23], ""seed_index"": 4}",2026-08-15T02:45:01.363940+00:00
direct_greedy,g_s04_k03_from_d11_d23_add_d28,0,"11,23,28","[11, 23, 28]",g_s04_k03_from_d11_d23_add_d28,direct full-sequence ATE forward-greedy trial,"{""added_channel"": 28, ""cardinality"": 3, ""parent_channels"": [11, 23], ""phase"": ""forward_extension"", ""reused_existing_evaluation"": false, ""seed_channels"": [11, 23], ""seed_index"": 4}",2026-08-15T02:45:59.467649+00:00
direct_greedy,g_s04_k03_from_d11_d23_add_d29,0,"11,23,29","[11, 23, 29]",g_s04_k03_from_d11_d23_add_d29,direct full-sequence ATE forward-greedy trial,"{""added_channel"": 29, ""cardinality"": 3, ""parent_channels"": [11, 23], ""phase"": ""forward_extension"", ""reused_existing_evaluation"": false, ""seed_channels"": [11, 23], ""seed_index"": 4}",2026-08-15T02:46:55.245836+00:00
direct_greedy,g_s04_k03_from_d11_d23_add_d30,0,"11,23,30","[11, 23, 30]",g_s04_k03_from_d11_d23_add_d30,direct full-sequence ATE forward-greedy trial,"{""added_channel"": 30, ""cardinality"": 3, ""parent_channels"": [11, 23], ""phase"": ""forward_extension"", ""reused_existing_evaluation"": false, ""seed_channels"": [11, 23], ""seed_index"": 4}",2026-08-15T02:47:49.213339+00:00
direct_greedy,g_s04_k03_from_d11_d23_add_d31,0,"11,23,31","[11, 23, 31]",g_s04_k03_from_d11_d23_add_d31,direct full-sequence ATE forward-greedy trial,"{""added_channel"": 31, ""cardinality"": 3, ""parent_channels"": [11, 23], ""phase"": ""forward_extension"", ""reused_existing_evaluation"": false, ""seed_channels"": [11, 23], ""seed_index"": 4}",2026-08-15T02:48:47.385748+00:00
direct_greedy,g_s04_k04_from_d04_d11_d23_add_d00,0,"0,4,11,23","[0, 4, 11, 23]",g_s04_k04_from_d04_d11_d23_add_d00,direct full-sequence ATE forward-greedy trial,"{""added_channel"": 0, ""cardinality"": 4, ""parent_channels"": [4, 11, 23], ""phase"": ""forward_extension"", ""reused_existing_evaluation"": false, ""seed_channels"": [11, 23], ""seed_index"": 4}",2026-08-15T02:49:38.103024+00:00
direct_greedy,g_s04_k04_from_d04_d11_d23_add_d01,0,"1,4,11,23","[1, 4, 11, 23]",g_s04_k04_from_d04_d11_d23_add_d01,direct full-sequence ATE forward-greedy trial,"{""added_channel"": 1, ""cardinality"": 4, ""parent_channels"": [4, 11, 23], ""phase"": ""forward_extension"", ""reused_existing_evaluation"": false, ""seed_channels"": [11, 23], ""seed_index"": 4}",2026-08-15T02:50:28.822349+00:00
direct_greedy,g_s04_k04_from_d04_d11_d23_add_d02,0,"2,4,11,23","[2, 4, 11, 23]",g_s04_k04_from_d04_d11_d23_add_d02,direct full-sequence ATE forward-greedy trial,"{""added_channel"": 2, ""cardinality"": 4, ""parent_channels"": [4, 11, 23], ""phase"": ""forward_extension"", ""reused_existing_evaluation"": false, ""seed_channels"": [11, 23], ""seed_index"": 4}",2026-08-15T02:51:20.531731+00:00
direct_greedy,g_s04_k04_from_d04_d11_d23_add_d03,0,"3,4,11,23","[3, 4, 11, 23]",g_s04_k04_from_d04_d11_d23_add_d03,direct full-sequence ATE forward-greedy trial,"{""added_channel"": 3, ""cardinality"": 4, ""parent_channels"": [4, 11, 23], ""phase"": ""forward_extension"", ""reused_existing_evaluation"": false, ""seed_channels"": [11, 23], ""seed_index"": 4}",2026-08-15T02:52:08.916650+00:00
direct_greedy,g_s04_k04_from_d04_d11_d23_add_d05,0,"4,5,11,23","[4, 5, 11, 23]",g_s04_k04_from_d04_d11_d23_add_d05,direct full-sequence ATE forward-greedy trial,"{""added_channel"": 5, ""cardinality"": 4, ""parent_channels"": [4, 11, 23], ""phase"": ""forward_extension"", ""reused_existing_evaluation"": false, ""seed_channels"": [11, 23], ""seed_index"": 4}",2026-08-15T02:52:57.721513+00:00
direct_greedy,g_s04_k04_from_d04_d11_d23_add_d06,0,"4,6,11,23","[4, 6, 11, 23]",g_s04_k04_from_d04_d11_d23_add_d06,direct full-sequence ATE forward-greedy trial,"{""added_channel"": 6, ""cardinality"": 4, ""parent_channels"": [4, 11, 23], ""phase"": ""forward_extension"", ""reused_existing_evaluation"": false, ""seed_channels"": [11, 23], ""seed_index"": 4}",2026-08-15T02:53:48.937625+00:00
direct_greedy,g_s04_k04_from_d04_d11_d23_add_d07,0,"4,7,11,23","[4, 7, 11, 23]",g_s04_k04_from_d04_d11_d23_add_d07,direct full-sequence ATE forward-greedy trial,"{""added_channel"": 7, ""cardinality"": 4, ""parent_channels"": [4, 11, 23], ""phase"": ""forward_extension"", ""reused_existing_evaluation"": false, ""seed_channels"": [11, 23], ""seed_index"": 4}",2026-08-15T02:54:39.897710+00:00
direct_greedy,g_s04_k04_from_d04_d11_d23_add_d08,0,"4,8,11,23","[4, 8, 11, 23]",g_s04_k04_from_d04_d11_d23_add_d08,direct full-sequence ATE forward-greedy trial,"{""added_channel"": 8, ""cardinality"": 4, ""parent_channels"": [4, 11, 23], ""phase"": ""forward_extension"", ""reused_existing_evaluation"": false, ""seed_channels"": [11, 23], ""seed_index"": 4}",2026-08-15T02:55:30.649038+00:00
direct_greedy,g_s04_k04_from_d04_d11_d23_add_d09,0,"4,9,11,23","[4, 9, 11, 23]",g_s04_k04_from_d04_d11_d23_add_d09,direct full-sequence ATE forward-greedy trial,"{""added_channel"": 9, ""cardinality"": 4, ""parent_channels"": [4, 11, 23], ""phase"": ""forward_extension"", ""reused_existing_evaluation"": false, ""seed_channels"": [11, 23], ""seed_index"": 4}",2026-08-15T02:56:22.528653+00:00
direct_greedy,g_s04_k04_from_d04_d11_d23_add_d10,0,"4,10,11,23","[4, 10, 11, 23]",g_s04_k04_from_d04_d11_d23_add_d10,direct full-sequence ATE forward-greedy trial,"{""added_channel"": 10, ""cardinality"": 4, ""parent_channels"": [4, 11, 23], ""phase"": ""forward_extension"", ""reused_existing_evaluation"": false, ""seed_channels"": [11, 23], ""seed_index"": 4}",2026-08-15T02:57:13.181768+00:00
direct_greedy,g_s04_k04_from_d04_d11_d23_add_d12,0,"4,11,12,23","[4, 11, 12, 23]",g_s04_k04_from_d04_d11_d23_add_d12,direct full-sequence ATE forward-greedy trial,"{""added_channel"": 12, ""cardinality"": 4, ""parent_channels"": [4, 11, 23], ""phase"": ""forward_extension"", ""reused_existing_evaluation"": false, ""seed_channels"": [11, 23], ""seed_index"": 4}",2026-08-15T02:58:02.680213+00:00
direct_greedy,g_s04_k04_from_d04_d11_d23_add_d13,0,"4,11,13,23","[4, 11, 13, 23]",g_s04_k04_from_d04_d11_d23_add_d13,direct full-sequence ATE forward-greedy trial,"{""added_channel"": 13, ""cardinality"": 4, ""parent_channels"": [4, 11, 23], ""phase"": ""forward_extension"", ""reused_existing_evaluation"": false, ""seed_channels"": [11, 23], ""seed_index"": 4}",2026-08-15T02:58:53.739227+00:00
direct_greedy,g_s04_k04_from_d04_d11_d23_add_d14,0,"4,11,14,23","[4, 11, 14, 23]",g_s04_k04_from_d04_d11_d23_add_d14,direct full-sequence ATE forward-greedy trial,"{""added_channel"": 14, ""cardinality"": 4, ""parent_channels"": [4, 11, 23], ""phase"": ""forward_extension"", ""reused_existing_evaluation"": false, ""seed_channels"": [11, 23], ""seed_index"": 4}",2026-08-15T02:59:44.931368+00:00
direct_greedy,g_s04_k04_from_d04_d11_d23_add_d15,0,"4,11,15,23","[4, 11, 15, 23]",g_s04_k04_from_d04_d11_d23_add_d15,direct full-sequence ATE forward-greedy trial,"{""added_channel"": 15, ""cardinality"": 4, ""parent_channels"": [4, 11, 23], ""phase"": ""forward_extension"", ""reused_existing_evaluation"": false, ""seed_channels"": [11, 23], ""seed_index"": 4}",2026-08-15T03:00:35.947006+00:00
direct_greedy,g_s04_k04_from_d04_d11_d23_add_d16,0,"4,11,16,23","[4, 11, 16, 23]",g_s04_k04_from_d04_d11_d23_add_d16,direct full-sequence ATE forward-greedy trial,"{""added_channel"": 16, ""cardinality"": 4, ""parent_channels"": [4, 11, 23], ""phase"": ""forward_extension"", ""reused_existing_evaluation"": false, ""seed_channels"": [11, 23], ""seed_index"": 4}",2026-08-15T03:01:27.614866+00:00
direct_greedy,g_s04_k04_from_d04_d11_d23_add_d17,0,"4,11,17,23","[4, 11, 17, 23]",g_s04_k04_from_d04_d11_d23_add_d17,direct full-sequence ATE forward-greedy trial,"{""added_channel"": 17, ""cardinality"": 4, ""parent_channels"": [4, 11, 23], ""phase"": ""forward_extension"", ""reused_existing_evaluation"": false, ""seed_channels"": [11, 23], ""seed_index"": 4}",2026-08-15T03:02:18.581594+00:00
direct_greedy,g_s04_k04_from_d04_d11_d23_add_d18,0,"4,11,18,23","[4, 11, 18, 23]",g_s04_k04_from_d04_d11_d23_add_d18,direct full-sequence ATE forward-greedy trial,"{""added_channel"": 18, ""cardinality"": 4, ""parent_channels"": [4, 11, 23], ""phase"": ""forward_extension"", ""reused_existing_evaluation"": false, ""seed_channels"": [11, 23], ""seed_index"": 4}",2026-08-15T03:03:09.787253+00:00
direct_greedy,g_s04_k04_from_d04_d11_d23_add_d19,0,"4,11,19,23","[4, 11, 19, 23]",g_s04_k04_from_d04_d11_d23_add_d19,direct full-sequence ATE forward-greedy trial,"{""added_channel"": 19, ""cardinality"": 4, ""parent_channels"": [4, 11, 23], ""phase"": ""forward_extension"", ""reused_existing_evaluation"": false, ""seed_channels"": [11, 23], ""seed_index"": 4}",2026-08-15T03:03:59.840669+00:00
direct_greedy,g_s04_k04_from_d04_d11_d23_add_d20,0,"4,11,20,23","[4, 11, 20, 23]",g_s04_k04_from_d04_d11_d23_add_d20,direct full-sequence ATE forward-greedy trial,"{""added_channel"": 20, ""cardinality"": 4, ""parent_channels"": [4, 11, 23], ""phase"": ""forward_extension"", ""reused_existing_evaluation"": false, ""seed_channels"": [11, 23], ""seed_index"": 4}",2026-08-15T03:04:50.681825+00:00
direct_greedy,g_s04_k04_from_d04_d11_d23_add_d21,0,"4,11,21,23","[4, 11, 21, 23]",g_s04_k04_from_d04_d11_d23_add_d21,direct full-sequence ATE forward-greedy trial,"{""added_channel"": 21, ""cardinality"": 4, ""parent_channels"": [4, 11, 23], ""phase"": ""forward_extension"", ""reused_existing_evaluation"": false, ""seed_channels"": [11, 23], ""seed_index"": 4}",2026-08-15T03:05:40.648442+00:00
direct_greedy,g_s04_k04_from_d04_d11_d23_add_d22,0,"4,11,22,23","[4, 11, 22, 23]",g_s04_k04_from_d04_d11_d23_add_d22,direct full-sequence ATE forward-greedy trial,"{""added_channel"": 22, ""cardinality"": 4, ""parent_channels"": [4, 11, 23], ""phase"": ""forward_extension"", ""reused_existing_evaluation"": false, ""seed_channels"": [11, 23], ""seed_index"": 4}",2026-08-15T03:06:32.055996+00:00
direct_greedy,g_s04_k04_from_d04_d11_d23_add_d24,0,"4,11,23,24","[4, 11, 23, 24]",g_s04_k04_from_d04_d11_d23_add_d24,direct full-sequence ATE forward-greedy trial,"{""added_channel"": 24, ""cardinality"": 4, ""parent_channels"": [4, 11, 23], ""phase"": ""forward_extension"", ""reused_existing_evaluation"": false, ""seed_channels"": [11, 23], ""seed_index"": 4}",2026-08-15T03:07:21.658882+00:00
direct_greedy,g_s04_k04_from_d04_d11_d23_add_d25,0,"4,11,23,25","[4, 11, 23, 25]",g_s04_k04_from_d04_d11_d23_add_d25,direct full-sequence ATE forward-greedy trial,"{""added_channel"": 25, ""cardinality"": 4, ""parent_channels"": [4, 11, 23], ""phase"": ""forward_extension"", ""reused_existing_evaluation"": false, ""seed_channels"": [11, 23], ""seed_index"": 4}",2026-08-15T03:08:11.822112+00:00
direct_greedy,g_s04_k04_from_d04_d11_d23_add_d26,0,"4,11,23,26","[4, 11, 23, 26]",g_s04_k04_from_d04_d11_d23_add_d26,direct full-sequence ATE forward-greedy trial,"{""added_channel"": 26, ""cardinality"": 4, ""parent_channels"": [4, 11, 23], ""phase"": ""forward_extension"", ""reused_existing_evaluation"": false, ""seed_channels"": [11, 23], ""seed_index"": 4}",2026-08-15T03:09:02.857067+00:00
direct_greedy,g_s04_k04_from_d04_d11_d23_add_d27,0,"4,11,23,27","[4, 11, 23, 27]",g_s04_k04_from_d04_d11_d23_add_d27,direct full-sequence ATE forward-greedy trial,"{""added_channel"": 27, ""cardinality"": 4, ""parent_channels"": [4, 11, 23], ""phase"": ""forward_extension"", ""reused_existing_evaluation"": false, ""seed_channels"": [11, 23], ""seed_index"": 4}",2026-08-15T03:09:53.600261+00:00
direct_greedy,g_s04_k04_from_d04_d11_d23_add_d28,0,"4,11,23,28","[4, 11, 23, 28]",g_s04_k04_from_d04_d11_d23_add_d28,direct full-sequence ATE forward-greedy trial,"{""added_channel"": 28, ""cardinality"": 4, ""parent_channels"": [4, 11, 23], ""phase"": ""forward_extension"", ""reused_existing_evaluation"": false, ""seed_channels"": [11, 23], ""seed_index"": 4}",2026-08-15T03:10:46.049850+00:00
direct_greedy,g_s04_k04_from_d04_d11_d23_add_d29,0,"4,11,23,29","[4, 11, 23, 29]",g_s04_k04_from_d04_d11_d23_add_d29,direct full-sequence ATE forward-greedy trial,"{""added_channel"": 29, ""cardinality"": 4, ""parent_channels"": [4, 11, 23], ""phase"": ""forward_extension"", ""reused_existing_evaluation"": false, ""seed_channels"": [11, 23], ""seed_index"": 4}",2026-08-15T03:11:36.967585+00:00
direct_greedy,g_s04_k04_from_d04_d11_d23_add_d30,0,"4,11,23,30","[4, 11, 23, 30]",g_s04_k04_from_d04_d11_d23_add_d30,direct full-sequence ATE forward-greedy trial,"{""added_channel"": 30, ""cardinality"": 4, ""parent_channels"": [4, 11, 23], ""phase"": ""forward_extension"", ""reused_existing_evaluation"": false, ""seed_channels"": [11, 23], ""seed_index"": 4}",2026-08-15T03:12:27.333181+00:00
direct_greedy,g_s04_k04_from_d04_d11_d23_add_d31,0,"4,11,23,31","[4, 11, 23, 31]",g_s04_k04_from_d04_d11_d23_add_d31,direct full-sequence ATE forward-greedy trial,"{""added_channel"": 31, ""cardinality"": 4, ""parent_channels"": [4, 11, 23], ""phase"": ""forward_extension"", ""reused_existing_evaluation"": false, ""seed_channels"": [11, 23], ""seed_index"": 4}",2026-08-15T03:13:18.898036+00:00
direct_greedy,g_s04_k05_from_d04_d11_d15_d23_add_d00,0,"0,4,11,15,23","[0, 4, 11, 15, 23]",g_s04_k05_from_d04_d11_d15_d23_add_d00,direct full-sequence ATE forward-greedy trial,"{""added_channel"": 0, ""cardinality"": 5, ""parent_channels"": [4, 11, 15, 23], ""phase"": ""forward_extension"", ""reused_existing_evaluation"": false, ""seed_channels"": [11, 23], ""seed_index"": 4}",2026-08-15T03:14:10.055494+00:00
direct_greedy,g_s04_k05_from_d04_d11_d15_d23_add_d01,0,"1,4,11,15,23","[1, 4, 11, 15, 23]",g_s04_k05_from_d04_d11_d15_d23_add_d01,direct full-sequence ATE forward-greedy trial,"{""added_channel"": 1, ""cardinality"": 5, ""parent_channels"": [4, 11, 15, 23], ""phase"": ""forward_extension"", ""reused_existing_evaluation"": false, ""seed_channels"": [11, 23], ""seed_index"": 4}",2026-08-15T03:15:01.055150+00:00
direct_greedy,g_s04_k05_from_d04_d11_d15_d23_add_d02,0,"2,4,11,15,23","[2, 4, 11, 15, 23]",g_s04_k05_from_d04_d11_d15_d23_add_d02,direct full-sequence ATE forward-greedy trial,"{""added_channel"": 2, ""cardinality"": 5, ""parent_channels"": [4, 11, 15, 23], ""phase"": ""forward_extension"", ""reused_existing_evaluation"": false, ""seed_channels"": [11, 23], ""seed_index"": 4}",2026-08-15T03:15:53.193447+00:00
direct_greedy,g_s04_k05_from_d04_d11_d15_d23_add_d03,0,"3,4,11,15,23","[3, 4, 11, 15, 23]",g_s04_k05_from_d04_d11_d15_d23_add_d03,direct full-sequence ATE forward-greedy trial,"{""added_channel"": 3, ""cardinality"": 5, ""parent_channels"": [4, 11, 15, 23], ""phase"": ""forward_extension"", ""reused_existing_evaluation"": false, ""seed_channels"": [11, 23], ""seed_index"": 4}",2026-08-15T03:16:41.745902+00:00
direct_greedy,g_s04_k05_from_d04_d11_d15_d23_add_d05,0,"4,5,11,15,23","[4, 5, 11, 15, 23]",g_s04_k05_from_d04_d11_d15_d23_add_d05,direct full-sequence ATE forward-greedy trial,"{""added_channel"": 5, ""cardinality"": 5, ""parent_channels"": [4, 11, 15, 23], ""phase"": ""forward_extension"", ""reused_existing_evaluation"": false, ""seed_channels"": [11, 23], ""seed_index"": 4}",2026-08-15T03:17:31.769208+00:00
direct_greedy,g_s04_k05_from_d04_d11_d15_d23_add_d06,0,"4,6,11,15,23","[4, 6, 11, 15, 23]",g_s04_k05_from_d04_d11_d15_d23_add_d06,direct full-sequence ATE forward-greedy trial,"{""added_channel"": 6, ""cardinality"": 5, ""parent_channels"": [4, 11, 15, 23], ""phase"": ""forward_extension"", ""reused_existing_evaluation"": false, ""seed_channels"": [11, 23], ""seed_index"": 4}",2026-08-15T03:18:23.803486+00:00
direct_greedy,g_s04_k05_from_d04_d11_d15_d23_add_d07,0,"4,7,11,15,23","[4, 7, 11, 15, 23]",g_s04_k05_from_d04_d11_d15_d23_add_d07,direct full-sequence ATE forward-greedy trial,"{""added_channel"": 7, ""cardinality"": 5, ""parent_channels"": [4, 11, 15, 23], ""phase"": ""forward_extension"", ""reused_existing_evaluation"": false, ""seed_channels"": [11, 23], ""seed_index"": 4}",2026-08-15T03:19:14.683975+00:00
direct_greedy,g_s04_k05_from_d04_d11_d15_d23_add_d08,0,"4,8,11,15,23","[4, 8, 11, 15, 23]",g_s04_k05_from_d04_d11_d15_d23_add_d08,direct full-sequence ATE forward-greedy trial,"{""added_channel"": 8, ""cardinality"": 5, ""parent_channels"": [4, 11, 15, 23], ""phase"": ""forward_extension"", ""reused_existing_evaluation"": false, ""seed_channels"": [11, 23], ""seed_index"": 4}",2026-08-15T03:20:06.085512+00:00
direct_greedy,g_s04_k05_from_d04_d11_d15_d23_add_d09,0,"4,9,11,15,23","[4, 9, 11, 15, 23]",g_s04_k05_from_d04_d11_d15_d23_add_d09,direct full-sequence ATE forward-greedy trial,"{""added_channel"": 9, ""cardinality"": 5, ""parent_channels"": [4, 11, 15, 23], ""phase"": ""forward_extension"", ""reused_existing_evaluation"": false, ""seed_channels"": [11, 23], ""seed_index"": 4}",2026-08-15T03:20:58.629806+00:00
direct_greedy,g_s04_k05_from_d04_d11_d15_d23_add_d10,0,"4,10,11,15,23","[4, 10, 11, 15, 23]",g_s04_k05_from_d04_d11_d15_d23_add_d10,direct full-sequence ATE forward-greedy trial,"{""added_channel"": 10, ""cardinality"": 5, ""parent_channels"": [4, 11, 15, 23], ""phase"": ""forward_extension"", ""reused_existing_evaluation"": false, ""seed_channels"": [11, 23], ""seed_index"": 4}",2026-08-15T03:21:50.078523+00:00
direct_greedy,g_s04_k05_from_d04_d11_d15_d23_add_d12,0,"4,11,12,15,23","[4, 11, 12, 15, 23]",g_s04_k05_from_d04_d11_d15_d23_add_d12,direct full-sequence ATE forward-greedy trial,"{""added_channel"": 12, ""cardinality"": 5, ""parent_channels"": [4, 11, 15, 23], ""phase"": ""forward_extension"", ""reused_existing_evaluation"": false, ""seed_channels"": [11, 23], ""seed_index"": 4}",2026-08-15T03:22:39.942149+00:00
direct_greedy,g_s04_k05_from_d04_d11_d15_d23_add_d13,0,"4,11,13,15,23","[4, 11, 13, 15, 23]",g_s04_k05_from_d04_d11_d15_d23_add_d13,direct full-sequence ATE forward-greedy trial,"{""added_channel"": 13, ""cardinality"": 5, ""parent_channels"": [4, 11, 15, 23], ""phase"": ""forward_extension"", ""reused_existing_evaluation"": false, ""seed_channels"": [11, 23], ""seed_index"": 4}",2026-08-15T03:23:31.476302+00:00
direct_greedy,g_s04_k05_from_d04_d11_d15_d23_add_d14,0,"4,11,14,15,23","[4, 11, 14, 15, 23]",g_s04_k05_from_d04_d11_d15_d23_add_d14,direct full-sequence ATE forward-greedy trial,"{""added_channel"": 14, ""cardinality"": 5, ""parent_channels"": [4, 11, 15, 23], ""phase"": ""forward_extension"", ""reused_existing_evaluation"": false, ""seed_channels"": [11, 23], ""seed_index"": 4}",2026-08-15T03:24:23.707211+00:00
direct_greedy,g_s04_k05_from_d04_d11_d15_d23_add_d16,0,"4,11,15,16,23","[4, 11, 15, 16, 23]",g_s04_k05_from_d04_d11_d15_d23_add_d16,direct full-sequence ATE forward-greedy trial,"{""added_channel"": 16, ""cardinality"": 5, ""parent_channels"": [4, 11, 15, 23], ""phase"": ""forward_extension"", ""reused_existing_evaluation"": false, ""seed_channels"": [11, 23], ""seed_index"": 4}",2026-08-15T03:25:15.527124+00:00
direct_greedy,g_s04_k05_from_d04_d11_d15_d23_add_d17,0,"4,11,15,17,23","[4, 11, 15, 17, 23]",g_s04_k05_from_d04_d11_d15_d23_add_d17,direct full-sequence ATE forward-greedy trial,"{""added_channel"": 17, ""cardinality"": 5, ""parent_channels"": [4, 11, 15, 23], ""phase"": ""forward_extension"", ""reused_existing_evaluation"": false, ""seed_channels"": [11, 23], ""seed_index"": 4}",2026-08-15T03:26:06.920941+00:00
direct_greedy,g_s04_k05_from_d04_d11_d15_d23_add_d18,0,"4,11,15,18,23","[4, 11, 15, 18, 23]",g_s04_k05_from_d04_d11_d15_d23_add_d18,direct full-sequence ATE forward-greedy trial,"{""added_channel"": 18, ""cardinality"": 5, ""parent_channels"": [4, 11, 15, 23], ""phase"": ""forward_extension"", ""reused_existing_evaluation"": false, ""seed_channels"": [11, 23], ""seed_index"": 4}",2026-08-15T03:26:58.673032+00:00
direct_greedy,g_s04_k05_from_d04_d11_d15_d23_add_d19,0,"4,11,15,19,23","[4, 11, 15, 19, 23]",g_s04_k05_from_d04_d11_d15_d23_add_d19,direct full-sequence ATE forward-greedy trial,"{""added_channel"": 19, ""cardinality"": 5, ""parent_channels"": [4, 11, 15, 23], ""phase"": ""forward_extension"", ""reused_existing_evaluation"": false, ""seed_channels"": [11, 23], ""seed_index"": 4}",2026-08-15T03:27:48.974725+00:00
direct_greedy,g_s04_k05_from_d04_d11_d15_d23_add_d20,0,"4,11,15,20,23","[4, 11, 15, 20, 23]",g_s04_k05_from_d04_d11_d15_d23_add_d20,direct full-sequence ATE forward-greedy trial,"{""added_channel"": 20, ""cardinality"": 5, ""parent_channels"": [4, 11, 15, 23], ""phase"": ""forward_extension"", ""reused_existing_evaluation"": false, ""seed_channels"": [11, 23], ""seed_index"": 4}",2026-08-15T03:28:40.102324+00:00
direct_greedy,g_s04_k05_from_d04_d11_d15_d23_add_d21,0,"4,11,15,21,23","[4, 11, 15, 21, 23]",g_s04_k05_from_d04_d11_d15_d23_add_d21,direct full-sequence ATE forward-greedy trial,"{""added_channel"": 21, ""cardinality"": 5, ""parent_channels"": [4, 11, 15, 23], ""phase"": ""forward_extension"", ""reused_existing_evaluation"": false, ""seed_channels"": [11, 23], ""seed_index"": 4}",2026-08-15T03:29:29.838259+00:00
direct_greedy,g_s04_k05_from_d04_d11_d15_d23_add_d22,0,"4,11,15,22,23","[4, 11, 15, 22, 23]",g_s04_k05_from_d04_d11_d15_d23_add_d22,direct full-sequence ATE forward-greedy trial,"{""added_channel"": 22, ""cardinality"": 5, ""parent_channels"": [4, 11, 15, 23], ""phase"": ""forward_extension"", ""reused_existing_evaluation"": false, ""seed_channels"": [11, 23], ""seed_index"": 4}",2026-08-15T03:30:21.274698+00:00
direct_greedy,g_s04_k05_from_d04_d11_d15_d23_add_d24,0,"4,11,15,23,24","[4, 11, 15, 23, 24]",g_s04_k05_from_d04_d11_d15_d23_add_d24,direct full-sequence ATE forward-greedy trial,"{""added_channel"": 24, ""cardinality"": 5, ""parent_channels"": [4, 11, 15, 23], ""phase"": ""forward_extension"", ""reused_existing_evaluation"": false, ""seed_channels"": [11, 23], ""seed_index"": 4}",2026-08-15T03:31:11.222717+00:00
direct_greedy,g_s04_k05_from_d04_d11_d15_d23_add_d25,0,"4,11,15,23,25","[4, 11, 15, 23, 25]",g_s04_k05_from_d04_d11_d15_d23_add_d25,direct full-sequence ATE forward-greedy trial,"{""added_channel"": 25, ""cardinality"": 5, ""parent_channels"": [4, 11, 15, 23], ""phase"": ""forward_extension"", ""reused_existing_evaluation"": false, ""seed_channels"": [11, 23], ""seed_index"": 4}",2026-08-15T03:32:02.306890+00:00
direct_greedy,g_s04_k05_from_d04_d11_d15_d23_add_d26,0,"4,11,15,23,26","[4, 11, 15, 23, 26]",g_s04_k05_from_d04_d11_d15_d23_add_d26,direct full-sequence ATE forward-greedy trial,"{""added_channel"": 26, ""cardinality"": 5, ""parent_channels"": [4, 11, 15, 23], ""phase"": ""forward_extension"", ""reused_existing_evaluation"": false, ""seed_channels"": [11, 23], ""seed_index"": 4}",2026-08-15T03:32:54.282011+00:00
direct_greedy,g_s04_k05_from_d04_d11_d15_d23_add_d27,0,"4,11,15,23,27","[4, 11, 15, 23, 27]",g_s04_k05_from_d04_d11_d15_d23_add_d27,direct full-sequence ATE forward-greedy trial,"{""added_channel"": 27, ""cardinality"": 5, ""parent_channels"": [4, 11, 15, 23], ""phase"": ""forward_extension"", ""reused_existing_evaluation"": false, ""seed_channels"": [11, 23], ""seed_index"": 4}",2026-08-15T03:33:45.496025+00:00
direct_greedy,g_s04_k05_from_d04_d11_d15_d23_add_d28,0,"4,11,15,23,28","[4, 11, 15, 23, 28]",g_s04_k05_from_d04_d11_d15_d23_add_d28,direct full-sequence ATE forward-greedy trial,"{""added_channel"": 28, ""cardinality"": 5, ""parent_channels"": [4, 11, 15, 23], ""phase"": ""forward_extension"", ""reused_existing_evaluation"": false, ""seed_channels"": [11, 23], ""seed_index"": 4}",2026-08-15T03:34:38.192618+00:00
direct_greedy,g_s04_k05_from_d04_d11_d15_d23_add_d29,0,"4,11,15,23,29","[4, 11, 15, 23, 29]",g_s04_k05_from_d04_d11_d15_d23_add_d29,direct full-sequence ATE forward-greedy trial,"{""added_channel"": 29, ""cardinality"": 5, ""parent_channels"": [4, 11, 15, 23], ""phase"": ""forward_extension"", ""reused_existing_evaluation"": false, ""seed_channels"": [11, 23], ""seed_index"": 4}",2026-08-15T03:35:29.203018+00:00
direct_greedy,g_s04_k05_from_d04_d11_d15_d23_add_d30,0,"4,11,15,23,30","[4, 11, 15, 23, 30]",g_s04_k05_from_d04_d11_d15_d23_add_d30,direct full-sequence ATE forward-greedy trial,"{""added_channel"": 30, ""cardinality"": 5, ""parent_channels"": [4, 11, 15, 23], ""phase"": ""forward_extension"", ""reused_existing_evaluation"": false, ""seed_channels"": [11, 23], ""seed_index"": 4}",2026-08-15T03:36:20.436870+00:00
direct_greedy,g_s04_k05_from_d04_d11_d15_d23_add_d31,0,"4,11,15,23,31","[4, 11, 15, 23, 31]",g_s04_k05_from_d04_d11_d15_d23_add_d31,direct full-sequence ATE forward-greedy trial,"{""added_channel"": 31, ""cardinality"": 5, ""parent_channels"": [4, 11, 15, 23], ""phase"": ""forward_extension"", ""reused_existing_evaluation"": false, ""seed_channels"": [11, 23], ""seed_index"": 4}",2026-08-15T03:37:12.794537+00:00
direct_greedy,g_s04_k06_from_d04_d11_d15_d18_d23_add_d00,0,"0,4,11,15,18,23","[0, 4, 11, 15, 18, 23]",g_s04_k06_from_d04_d11_d15_d18_d23_add_d00,direct full-sequence ATE forward-greedy trial,"{""added_channel"": 0, ""cardinality"": 6, ""parent_channels"": [4, 11, 15, 18, 23], ""phase"": ""forward_extension"", ""reused_existing_evaluation"": false, ""seed_channels"": [11, 23], ""seed_index"": 4}",2026-08-15T03:38:04.845798+00:00
direct_greedy,g_s04_k06_from_d04_d11_d15_d18_d23_add_d01,0,"1,4,11,15,18,23","[1, 4, 11, 15, 18, 23]",g_s04_k06_from_d04_d11_d15_d18_d23_add_d01,direct full-sequence ATE forward-greedy trial,"{""added_channel"": 1, ""cardinality"": 6, ""parent_channels"": [4, 11, 15, 18, 23], ""phase"": ""forward_extension"", ""reused_existing_evaluation"": false, ""seed_channels"": [11, 23], ""seed_index"": 4}",2026-08-15T03:38:56.876975+00:00
direct_greedy,g_s04_k06_from_d04_d11_d15_d18_d23_add_d02,0,"2,4,11,15,18,23","[2, 4, 11, 15, 18, 23]",g_s04_k06_from_d04_d11_d15_d18_d23_add_d02,direct full-sequence ATE forward-greedy trial,"{""added_channel"": 2, ""cardinality"": 6, ""parent_channels"": [4, 11, 15, 18, 23], ""phase"": ""forward_extension"", ""reused_existing_evaluation"": false, ""seed_channels"": [11, 23], ""seed_index"": 4}",2026-08-15T03:39:49.323780+00:00
direct_greedy,g_s04_k06_from_d04_d11_d15_d18_d23_add_d03,0,"3,4,11,15,18,23","[3, 4, 11, 15, 18, 23]",g_s04_k06_from_d04_d11_d15_d18_d23_add_d03,direct full-sequence ATE forward-greedy trial,"{""added_channel"": 3, ""cardinality"": 6, ""parent_channels"": [4, 11, 15, 18, 23], ""phase"": ""forward_extension"", ""reused_existing_evaluation"": false, ""seed_channels"": [11, 23], ""seed_index"": 4}",2026-08-15T03:40:38.614704+00:00
direct_greedy,g_s04_k06_from_d04_d11_d15_d18_d23_add_d05,0,"4,5,11,15,18,23","[4, 5, 11, 15, 18, 23]",g_s04_k06_from_d04_d11_d15_d18_d23_add_d05,direct full-sequence ATE forward-greedy trial,"{""added_channel"": 5, ""cardinality"": 6, ""parent_channels"": [4, 11, 15, 18, 23], ""phase"": ""forward_extension"", ""reused_existing_evaluation"": false, ""seed_channels"": [11, 23], ""seed_index"": 4}",2026-08-15T03:41:28.132321+00:00
direct_greedy,g_s04_k06_from_d04_d11_d15_d18_d23_add_d06,0,"4,6,11,15,18,23","[4, 6, 11, 15, 18, 23]",g_s04_k06_from_d04_d11_d15_d18_d23_add_d06,direct full-sequence ATE forward-greedy trial,"{""added_channel"": 6, ""cardinality"": 6, ""parent_channels"": [4, 11, 15, 18, 23], ""phase"": ""forward_extension"", ""reused_existing_evaluation"": false, ""seed_channels"": [11, 23], ""seed_index"": 4}",2026-08-15T03:42:20.323735+00:00
direct_greedy,g_s04_k06_from_d04_d11_d15_d18_d23_add_d07,0,"4,7,11,15,18,23","[4, 7, 11, 15, 18, 23]",g_s04_k06_from_d04_d11_d15_d18_d23_add_d07,direct full-sequence ATE forward-greedy trial,"{""added_channel"": 7, ""cardinality"": 6, ""parent_channels"": [4, 11, 15, 18, 23], ""phase"": ""forward_extension"", ""reused_existing_evaluation"": false, ""seed_channels"": [11, 23], ""seed_index"": 4}",2026-08-15T03:43:11.648705+00:00
direct_greedy,g_s04_k06_from_d04_d11_d15_d18_d23_add_d08,0,"4,8,11,15,18,23","[4, 8, 11, 15, 18, 23]",g_s04_k06_from_d04_d11_d15_d18_d23_add_d08,direct full-sequence ATE forward-greedy trial,"{""added_channel"": 8, ""cardinality"": 6, ""parent_channels"": [4, 11, 15, 18, 23], ""phase"": ""forward_extension"", ""reused_existing_evaluation"": false, ""seed_channels"": [11, 23], ""seed_index"": 4}",2026-08-15T03:44:03.770269+00:00
direct_greedy,g_s04_k06_from_d04_d11_d15_d18_d23_add_d09,0,"4,9,11,15,18,23","[4, 9, 11, 15, 18, 23]",g_s04_k06_from_d04_d11_d15_d18_d23_add_d09,direct full-sequence ATE forward-greedy trial,"{""added_channel"": 9, ""cardinality"": 6, ""parent_channels"": [4, 11, 15, 18, 23], ""phase"": ""forward_extension"", ""reused_existing_evaluation"": false, ""seed_channels"": [11, 23], ""seed_index"": 4}",2026-08-15T03:44:56.425859+00:00
direct_greedy,g_s04_k06_from_d04_d11_d15_d18_d23_add_d10,0,"4,10,11,15,18,23","[4, 10, 11, 15, 18, 23]",g_s04_k06_from_d04_d11_d15_d18_d23_add_d10,direct full-sequence ATE forward-greedy trial,"{""added_channel"": 10, ""cardinality"": 6, ""parent_channels"": [4, 11, 15, 18, 23], ""phase"": ""forward_extension"", ""reused_existing_evaluation"": false, ""seed_channels"": [11, 23], ""seed_index"": 4}",2026-08-15T03:45:48.430685+00:00
direct_greedy,g_s04_k06_from_d04_d11_d15_d18_d23_add_d12,0,"4,11,12,15,18,23","[4, 11, 12, 15, 18, 23]",g_s04_k06_from_d04_d11_d15_d18_d23_add_d12,direct full-sequence ATE forward-greedy trial,"{""added_channel"": 12, ""cardinality"": 6, ""parent_channels"": [4, 11, 15, 18, 23], ""phase"": ""forward_extension"", ""reused_existing_evaluation"": false, ""seed_channels"": [11, 23], ""seed_index"": 4}",2026-08-15T03:46:38.536249+00:00
direct_greedy,g_s04_k06_from_d04_d11_d15_d18_d23_add_d13,0,"4,11,13,15,18,23","[4, 11, 13, 15, 18, 23]",g_s04_k06_from_d04_d11_d15_d18_d23_add_d13,direct full-sequence ATE forward-greedy trial,"{""added_channel"": 13, ""cardinality"": 6, ""parent_channels"": [4, 11, 15, 18, 23], ""phase"": ""forward_extension"", ""reused_existing_evaluation"": false, ""seed_channels"": [11, 23], ""seed_index"": 4}",2026-08-15T03:47:30.787361+00:00
direct_greedy,g_s04_k06_from_d04_d11_d15_d18_d23_add_d14,0,"4,11,14,15,18,23","[4, 11, 14, 15, 18, 23]",g_s04_k06_from_d04_d11_d15_d18_d23_add_d14,direct full-sequence ATE forward-greedy trial,"{""added_channel"": 14, ""cardinality"": 6, ""parent_channels"": [4, 11, 15, 18, 23], ""phase"": ""forward_extension"", ""reused_existing_evaluation"": false, ""seed_channels"": [11, 23], ""seed_index"": 4}",2026-08-15T03:48:22.991122+00:00
direct_greedy,g_s04_k06_from_d04_d11_d15_d18_d23_add_d16,0,"4,11,15,16,18,23","[4, 11, 15, 16, 18, 23]",g_s04_k06_from_d04_d11_d15_d18_d23_add_d16,direct full-sequence ATE forward-greedy trial,"{""added_channel"": 16, ""cardinality"": 6, ""parent_channels"": [4, 11, 15, 18, 23], ""phase"": ""forward_extension"", ""reused_existing_evaluation"": false, ""seed_channels"": [11, 23], ""seed_index"": 4}",2026-08-15T03:49:15.078040+00:00
direct_greedy,g_s04_k06_from_d04_d11_d15_d18_d23_add_d17,0,"4,11,15,17,18,23","[4, 11, 15, 17, 18, 23]",g_s04_k06_from_d04_d11_d15_d18_d23_add_d17,direct full-sequence ATE forward-greedy trial,"{""added_channel"": 17, ""cardinality"": 6, ""parent_channels"": [4, 11, 15, 18, 23], ""phase"": ""forward_extension"", ""reused_existing_evaluation"": false, ""seed_channels"": [11, 23], ""seed_index"": 4}",2026-08-15T03:50:06.997366+00:00
direct_greedy,g_s04_k06_from_d04_d11_d15_d18_d23_add_d19,0,"4,11,15,18,19,23","[4, 11, 15, 18, 19, 23]",g_s04_k06_from_d04_d11_d15_d18_d23_add_d19,direct full-sequence ATE forward-greedy trial,"{""added_channel"": 19, ""cardinality"": 6, ""parent_channels"": [4, 11, 15, 18, 23], ""phase"": ""forward_extension"", ""reused_existing_evaluation"": false, ""seed_channels"": [11, 23], ""seed_index"": 4}",2026-08-15T03:50:57.548868+00:00
direct_greedy,g_s04_k06_from_d04_d11_d15_d18_d23_add_d20,0,"4,11,15,18,20,23","[4, 11, 15, 18, 20, 23]",g_s04_k06_from_d04_d11_d15_d18_d23_add_d20,direct full-sequence ATE forward-greedy trial,"{""added_channel"": 20, ""cardinality"": 6, ""parent_channels"": [4, 11, 15, 18, 23], ""phase"": ""forward_extension"", ""reused_existing_evaluation"": false, ""seed_channels"": [11, 23], ""seed_index"": 4}",2026-08-15T03:51:49.085835+00:00
direct_greedy,g_s04_k06_from_d04_d11_d15_d18_d23_add_d21,0,"4,11,15,18,21,23","[4, 11, 15, 18, 21, 23]",g_s04_k06_from_d04_d11_d15_d18_d23_add_d21,direct full-sequence ATE forward-greedy trial,"{""added_channel"": 21, ""cardinality"": 6, ""parent_channels"": [4, 11, 15, 18, 23], ""phase"": ""forward_extension"", ""reused_existing_evaluation"": false, ""seed_channels"": [11, 23], ""seed_index"": 4}",2026-08-15T03:52:39.443820+00:00
direct_greedy,g_s04_k06_from_d04_d11_d15_d18_d23_add_d22,0,"4,11,15,18,22,23","[4, 11, 15, 18, 22, 23]",g_s04_k06_from_d04_d11_d15_d18_d23_add_d22,direct full-sequence ATE forward-greedy trial,"{""added_channel"": 22, ""cardinality"": 6, ""parent_channels"": [4, 11, 15, 18, 23], ""phase"": ""forward_extension"", ""reused_existing_evaluation"": false, ""seed_channels"": [11, 23], ""seed_index"": 4}",2026-08-15T03:53:31.526337+00:00
direct_greedy,g_s04_k06_from_d04_d11_d15_d18_d23_add_d24,0,"4,11,15,18,23,24","[4, 11, 15, 18, 23, 24]",g_s04_k06_from_d04_d11_d15_d18_d23_add_d24,direct full-sequence ATE forward-greedy trial,"{""added_channel"": 24, ""cardinality"": 6, ""parent_channels"": [4, 11, 15, 18, 23], ""phase"": ""forward_extension"", ""reused_existing_evaluation"": false, ""seed_channels"": [11, 23], ""seed_index"": 4}",2026-08-15T03:54:22.164618+00:00
direct_greedy,g_s04_k06_from_d04_d11_d15_d18_d23_add_d25,0,"4,11,15,18,23,25","[4, 11, 15, 18, 23, 25]",g_s04_k06_from_d04_d11_d15_d18_d23_add_d25,direct full-sequence ATE forward-greedy trial,"{""added_channel"": 25, ""cardinality"": 6, ""parent_channels"": [4, 11, 15, 18, 23], ""phase"": ""forward_extension"", ""reused_existing_evaluation"": false, ""seed_channels"": [11, 23], ""seed_index"": 4}",2026-08-15T03:55:13.629787+00:00
direct_greedy,g_s04_k06_from_d04_d11_d15_d18_d23_add_d26,0,"4,11,15,18,23,26","[4, 11, 15, 18, 23, 26]",g_s04_k06_from_d04_d11_d15_d18_d23_add_d26,direct full-sequence ATE forward-greedy trial,"{""added_channel"": 26, ""cardinality"": 6, ""parent_channels"": [4, 11, 15, 18, 23], ""phase"": ""forward_extension"", ""reused_existing_evaluation"": false, ""seed_channels"": [11, 23], ""seed_index"": 4}",2026-08-15T03:56:05.758279+00:00
direct_greedy,g_s04_k06_from_d04_d11_d15_d18_d23_add_d27,0,"4,11,15,18,23,27","[4, 11, 15, 18, 23, 27]",g_s04_k06_from_d04_d11_d15_d18_d23_add_d27,direct full-sequence ATE forward-greedy trial,"{""added_channel"": 27, ""cardinality"": 6, ""parent_channels"": [4, 11, 15, 18, 23], ""phase"": ""forward_extension"", ""reused_existing_evaluation"": false, ""seed_channels"": [11, 23], ""seed_index"": 4}",2026-08-15T03:56:57.371189+00:00
direct_greedy,g_s04_k06_from_d04_d11_d15_d18_d23_add_d28,0,"4,11,15,18,23,28","[4, 11, 15, 18, 23, 28]",g_s04_k06_from_d04_d11_d15_d18_d23_add_d28,direct full-sequence ATE forward-greedy trial,"{""added_channel"": 28, ""cardinality"": 6, ""parent_channels"": [4, 11, 15, 18, 23], ""phase"": ""forward_extension"", ""reused_existing_evaluation"": false, ""seed_channels"": [11, 23], ""seed_index"": 4}",2026-08-15T03:57:50.468887+00:00
direct_greedy,g_s04_k06_from_d04_d11_d15_d18_d23_add_d29,0,"4,11,15,18,23,29","[4, 11, 15, 18, 23, 29]",g_s04_k06_from_d04_d11_d15_d18_d23_add_d29,direct full-sequence ATE forward-greedy trial,"{""added_channel"": 29, ""cardinality"": 6, ""parent_channels"": [4, 11, 15, 18, 23], ""phase"": ""forward_extension"", ""reused_existing_evaluation"": false, ""seed_channels"": [11, 23], ""seed_index"": 4}",2026-08-15T03:58:42.245738+00:00
direct_greedy,g_s04_k06_from_d04_d11_d15_d18_d23_add_d30,0,"4,11,15,18,23,30","[4, 11, 15, 18, 23, 30]",g_s04_k06_from_d04_d11_d15_d18_d23_add_d30,direct full-sequence ATE forward-greedy trial,"{""added_channel"": 30, ""cardinality"": 6, ""parent_channels"": [4, 11, 15, 18, 23], ""phase"": ""forward_extension"", ""reused_existing_evaluation"": false, ""seed_channels"": [11, 23], ""seed_index"": 4}",2026-08-15T03:59:33.604371+00:00
direct_greedy,g_s04_k06_from_d04_d11_d15_d18_d23_add_d31,0,"4,11,15,18,23,31","[4, 11, 15, 18, 23, 31]",g_s04_k06_from_d04_d11_d15_d18_d23_add_d31,direct full-sequence ATE forward-greedy trial,"{""added_channel"": 31, ""cardinality"": 6, ""parent_channels"": [4, 11, 15, 18, 23], ""phase"": ""forward_extension"", ""reused_existing_evaluation"": false, ""seed_channels"": [11, 23], ""seed_index"": 4}",2026-08-15T04:00:26.175070+00:00
direct_greedy,g_singleton_d00,0,0,[0],g_singleton_d00,direct full-sequence singleton ATE sweep,"{""cardinality"": 1, ""channel"": 0, ""phase"": ""singleton"", ""reused_existing_evaluation"": true}",2026-08-14T15:57:47.439202+00:00
direct_greedy,g_singleton_d01,0,1,[1],g_singleton_d01,direct full-sequence singleton ATE sweep,"{""cardinality"": 1, ""channel"": 1, ""phase"": ""singleton"", ""reused_existing_evaluation"": true}",2026-08-14T15:57:47.445821+00:00
direct_greedy,g_singleton_d02,0,2,[2],g_singleton_d02,direct full-sequence singleton ATE sweep,"{""cardinality"": 1, ""channel"": 2, ""phase"": ""singleton"", ""reused_existing_evaluation"": true}",2026-08-14T15:57:47.452476+00:00
direct_greedy,g_singleton_d03,0,3,[3],g_singleton_d03,direct full-sequence singleton ATE sweep,"{""cardinality"": 1, ""channel"": 3, ""phase"": ""singleton"", ""reused_existing_evaluation"": true}",2026-08-14T15:57:47.458925+00:00
direct_greedy,g_singleton_d04,0,4,[4],g_singleton_d04,direct full-sequence singleton ATE sweep,"{""cardinality"": 1, ""channel"": 4, ""phase"": ""singleton"", ""reused_existing_evaluation"": true}",2026-08-14T15:57:47.465610+00:00
direct_greedy,g_singleton_d05,0,5,[5],g_singleton_d05,direct full-sequence singleton ATE sweep,"{""cardinality"": 1, ""channel"": 5, ""phase"": ""singleton"", ""reused_existing_evaluation"": true}",2026-08-14T15:57:47.472065+00:00
direct_greedy,g_singleton_d06,0,6,[6],g_singleton_d06,direct full-sequence singleton ATE sweep,"{""cardinality"": 1, ""channel"": 6, ""phase"": ""singleton"", ""reused_existing_evaluation"": true}",2026-08-14T15:57:47.478585+00:00
direct_greedy,g_singleton_d07,0,7,[7],g_singleton_d07,direct full-sequence singleton ATE sweep,"{""cardinality"": 1, ""channel"": 7, ""phase"": ""singleton"", ""reused_existing_evaluation"": true}",2026-08-14T15:57:47.485201+00:00
direct_greedy,g_singleton_d08,0,8,[8],g_singleton_d08,direct full-sequence singleton ATE sweep,"{""cardinality"": 1, ""channel"": 8, ""phase"": ""singleton"", ""reused_existing_evaluation"": true}",2026-08-14T15:57:47.491635+00:00
direct_greedy,g_singleton_d09,0,9,[9],g_singleton_d09,direct full-sequence singleton ATE sweep,"{""cardinality"": 1, ""channel"": 9, ""phase"": ""singleton"", ""reused_existing_evaluation"": true}",2026-08-14T15:57:47.498039+00:00
direct_greedy,g_singleton_d10,0,10,[10],g_singleton_d10,direct full-sequence singleton ATE sweep,"{""cardinality"": 1, ""channel"": 10, ""phase"": ""singleton"", ""reused_existing_evaluation"": true}",2026-08-14T15:57:47.504468+00:00
direct_greedy,g_singleton_d11,0,11,[11],g_singleton_d11,direct full-sequence singleton ATE sweep,"{""cardinality"": 1, ""channel"": 11, ""phase"": ""singleton"", ""reused_existing_evaluation"": true}",2026-08-14T15:57:47.510847+00:00
direct_greedy,g_singleton_d12,0,12,[12],g_singleton_d12,direct full-sequence singleton ATE sweep,"{""cardinality"": 1, ""channel"": 12, ""phase"": ""singleton"", ""reused_existing_evaluation"": true}",2026-08-14T15:57:47.517130+00:00
direct_greedy,g_singleton_d13,0,13,[13],g_singleton_d13,direct full-sequence singleton ATE sweep,"{""cardinality"": 1, ""channel"": 13, ""phase"": ""singleton"", ""reused_existing_evaluation"": true}",2026-08-14T15:57:47.523297+00:00
direct_greedy,g_singleton_d14,0,14,[14],g_singleton_d14,direct full-sequence singleton ATE sweep,"{""cardinality"": 1, ""channel"": 14, ""phase"": ""singleton"", ""reused_existing_evaluation"": true}",2026-08-14T15:57:47.529577+00:00
direct_greedy,g_singleton_d15,0,15,[15],g_singleton_d15,direct full-sequence singleton ATE sweep,"{""cardinality"": 1, ""channel"": 15, ""phase"": ""singleton"", ""reused_existing_evaluation"": true}",2026-08-14T15:57:47.535918+00:00
direct_greedy,g_singleton_d16,0,16,[16],g_singleton_d16,direct full-sequence singleton ATE sweep,"{""cardinality"": 1, ""channel"": 16, ""phase"": ""singleton"", ""reused_existing_evaluation"": true}",2026-08-14T15:57:47.542211+00:00
direct_greedy,g_singleton_d17,0,17,[17],g_singleton_d17,direct full-sequence singleton ATE sweep,"{""cardinality"": 1, ""channel"": 17, ""phase"": ""singleton"", ""reused_existing_evaluation"": true}",2026-08-14T15:57:47.548571+00:00
direct_greedy,g_singleton_d18,0,18,[18],g_singleton_d18,direct full-sequence singleton ATE sweep,"{""cardinality"": 1, ""channel"": 18, ""phase"": ""singleton"", ""reused_existing_evaluation"": true}",2026-08-14T15:57:47.554866+00:00
direct_greedy,g_singleton_d19,0,19,[19],g_singleton_d19,direct full-sequence singleton ATE sweep,"{""cardinality"": 1, ""channel"": 19, ""phase"": ""singleton"", ""reused_existing_evaluation"": true}",2026-08-14T15:57:47.561107+00:00
direct_greedy,g_singleton_d20,0,20,[20],g_singleton_d20,direct full-sequence singleton ATE sweep,"{""cardinality"": 1, ""channel"": 20, ""phase"": ""singleton"", ""reused_existing_evaluation"": true}",2026-08-14T15:57:47.567419+00:00
direct_greedy,g_singleton_d21,0,21,[21],g_singleton_d21,direct full-sequence singleton ATE sweep,"{""cardinality"": 1, ""channel"": 21, ""phase"": ""singleton"", ""reused_existing_evaluation"": true}",2026-08-14T15:57:47.573796+00:00
direct_greedy,g_singleton_d22,0,22,[22],g_singleton_d22,direct full-sequence singleton ATE sweep,"{""cardinality"": 1, ""channel"": 22, ""phase"": ""singleton"", ""reused_existing_evaluation"": true}",2026-08-14T15:57:47.580332+00:00
direct_greedy,g_singleton_d23,0,23,[23],g_singleton_d23,direct full-sequence singleton ATE sweep,"{""cardinality"": 1, ""channel"": 23, ""phase"": ""singleton"", ""reused_existing_evaluation"": true}",2026-08-14T15:57:47.587041+00:00
direct_greedy,g_singleton_d24,0,24,[24],g_singleton_d24,direct full-sequence singleton ATE sweep,"{""cardinality"": 1, ""channel"": 24, ""phase"": ""singleton"", ""reused_existing_evaluation"": true}",2026-08-14T15:57:47.593565+00:00
direct_greedy,g_singleton_d25,0,25,[25],g_singleton_d25,direct full-sequence singleton ATE sweep,"{""cardinality"": 1, ""channel"": 25, ""phase"": ""singleton"", ""reused_existing_evaluation"": true}",2026-08-14T15:57:47.600154+00:00
direct_greedy,g_singleton_d26,0,26,[26],g_singleton_d26,direct full-sequence singleton ATE sweep,"{""cardinality"": 1, ""channel"": 26, ""phase"": ""singleton"", ""reused_existing_evaluation"": true}",2026-08-14T15:57:47.606779+00:00
direct_greedy,g_singleton_d27,0,27,[27],g_singleton_d27,direct full-sequence singleton ATE sweep,"{""cardinality"": 1, ""channel"": 27, ""phase"": ""singleton"", ""reused_existing_evaluation"": true}",2026-08-14T15:57:47.613602+00:00
direct_greedy,g_singleton_d28,0,28,[28],g_singleton_d28,direct full-sequence singleton ATE sweep,"{""cardinality"": 1, ""channel"": 28, ""phase"": ""singleton"", ""reused_existing_evaluation"": true}",2026-08-14T15:57:47.620401+00:00
direct_greedy,g_singleton_d29,0,29,[29],g_singleton_d29,direct full-sequence singleton ATE sweep,"{""cardinality"": 1, ""channel"": 29, ""phase"": ""singleton"", ""reused_existing_evaluation"": true}",2026-08-14T15:57:47.626904+00:00
direct_greedy,g_singleton_d30,0,30,[30],g_singleton_d30,direct full-sequence singleton ATE sweep,"{""cardinality"": 1, ""channel"": 30, ""phase"": ""singleton"", ""reused_existing_evaluation"": true}",2026-08-14T15:57:47.633354+00:00
direct_greedy,g_singleton_d31,0,31,[31],g_singleton_d31,direct full-sequence singleton ATE sweep,"{""cardinality"": 1, ""channel"": 31, ""phase"": ""singleton"", ""reused_existing_evaluation"": true}",2026-08-14T15:57:47.639808+00:00
final_repeats,bqs_historical_top4,1,"4,9,10,15","[4, 9, 10, 15]",bqs_historical_top4,final repeat validation for B4_historical_bqs_prefix,"{""phase"": ""final_repeat"", ""reused_existing_evaluation"": false, ""tags"": [""B4_historical_bqs_prefix""], ""target_total_observations"": 3}",2026-08-15T12:22:11.077645+00:00
final_repeats,bqs_historical_top4,2,"4,9,10,15","[4, 9, 10, 15]",bqs_historical_top4,final repeat validation for B4_historical_bqs_prefix,"{""phase"": ""final_repeat"", ""reused_existing_evaluation"": false, ""tags"": [""B4_historical_bqs_prefix""], ""target_total_observations"": 3}",2026-08-15T12:23:05.866021+00:00
final_repeats,bqs_historical_top5,1,"4,9,10,15,30","[4, 9, 10, 15, 30]",bqs_historical_top5,final repeat validation for B5_historical_bqs_top5,"{""phase"": ""final_repeat"", ""reused_existing_evaluation"": false, ""tags"": [""B5_historical_bqs_top5""], ""target_total_observations"": 3}",2026-08-15T12:24:00.055629+00:00
final_repeats,bqs_historical_top5,2,"4,9,10,15,30","[4, 9, 10, 15, 30]",bqs_historical_top5,final repeat validation for B5_historical_bqs_top5,"{""phase"": ""final_repeat"", ""reused_existing_evaluation"": false, ""tags"": [""B5_historical_bqs_top5""], ""target_total_observations"": 3}",2026-08-15T12:24:54.525963+00:00
final_repeats,g_pair_seed_sweep_d00_d05,1,"0,5","[0, 5]",g_pair_seed_sweep_d00_d05,final repeat validation for G2,"{""phase"": ""final_repeat"", ""reused_existing_evaluation"": false, ""tags"": [""G2""], ""target_total_observations"": 3}",2026-08-15T12:25:43.647461+00:00
final_repeats,g_pair_seed_sweep_d00_d05,2,"0,5","[0, 5]",g_pair_seed_sweep_d00_d05,final repeat validation for G2,"{""phase"": ""final_repeat"", ""reused_existing_evaluation"": false, ""tags"": [""G2""], ""target_total_observations"": 3}",2026-08-15T12:26:32.820285+00:00
final_repeats,g_s01_k03_from_d00_d05_add_d18,1,"0,5,18","[0, 5, 18]",g_s01_k03_from_d00_d05_add_d18,final repeat validation for G3,"{""phase"": ""final_repeat"", ""reused_existing_evaluation"": false, ""tags"": [""G3""], ""target_total_observations"": 3}",2026-08-15T12:27:22.311095+00:00
final_repeats,g_s01_k03_from_d00_d05_add_d18,2,"0,5,18","[0, 5, 18]",g_s01_k03_from_d00_d05_add_d18,final repeat validation for G3,"{""phase"": ""final_repeat"", ""reused_existing_evaluation"": false, ""tags"": [""G3""], ""target_total_observations"": 3}",2026-08-15T12:28:12.578381+00:00
final_repeats,g_s01_k04_from_d00_d05_d18_add_d30,1,"0,5,18,30","[0, 5, 18, 30]",g_s01_k04_from_d00_d05_d18_add_d30,final repeat validation for G4,"{""phase"": ""final_repeat"", ""reused_existing_evaluation"": false, ""tags"": [""G4""], ""target_total_observations"": 3}",2026-08-15T12:29:03.155544+00:00
final_repeats,g_s01_k04_from_d00_d05_d18_add_d30,2,"0,5,18,30","[0, 5, 18, 30]",g_s01_k04_from_d00_d05_d18_add_d30,final repeat validation for G4,"{""phase"": ""final_repeat"", ""reused_existing_evaluation"": false, ""tags"": [""G4""], ""target_total_observations"": 3}",2026-08-15T12:29:53.605376+00:00
final_repeats,g_s01_k05_from_d00_d05_d18_d30_add_d06,1,"0,5,6,18,30","[0, 5, 6, 18, 30]",g_s01_k05_from_d00_d05_d18_d30_add_d06,final repeat validation for G5,"{""phase"": ""final_repeat"", ""reused_existing_evaluation"": false, ""tags"": [""G5""], ""target_total_observations"": 3}",2026-08-15T12:30:45.671495+00:00
final_repeats,g_s01_k05_from_d00_d05_d18_d30_add_d06,2,"0,5,6,18,30","[0, 5, 6, 18, 30]",g_s01_k05_from_d00_d05_d18_d30_add_d06,final repeat validation for G5,"{""phase"": ""final_repeat"", ""reused_existing_evaluation"": false, ""tags"": [""G5""], ""target_total_observations"": 3}",2026-08-15T12:31:37.856567+00:00
final_repeats,g_s01_k06_from_d00_d05_d06_d18_d30_add_d17,1,"0,5,6,17,18,30","[0, 5, 6, 17, 18, 30]",g_s01_k06_from_d00_d05_d06_d18_d30_add_d17,final repeat validation for G6,"{""phase"": ""final_repeat"", ""reused_existing_evaluation"": false, ""tags"": [""G6""], ""target_total_observations"": 3}",2026-08-15T12:32:30.576085+00:00
final_repeats,g_s01_k06_from_d00_d05_d06_d18_d30_add_d17,2,"0,5,6,17,18,30","[0, 5, 6, 17, 18, 30]",g_s01_k06_from_d00_d05_d06_d18_d30_add_d17,final repeat validation for G6,"{""phase"": ""final_repeat"", ""reused_existing_evaluation"": false, ""tags"": [""G6""], ""target_total_observations"": 3}",2026-08-15T12:33:23.273886+00:00
final_repeats,gray_current,1,gray,,gray_current,final repeat validation for gray_current,"{""phase"": ""final_repeat"", ""reused_existing_evaluation"": false, ""tags"": [""gray_current""], ""target_total_observations"": 3}",2026-08-15T12:19:05.269478+00:00
final_repeats,gray_current,2,gray,,gray_current,final repeat validation for gray_current,"{""phase"": ""final_repeat"", ""reused_existing_evaluation"": false, ""tags"": [""gray_current""], ""target_total_observations"": 3}",2026-08-15T12:19:25.826762+00:00
final_repeats,r_k04_0006_d00_d04_d13_d26,1,"0,4,13,26","[0, 4, 13, 26]",r_k04_0006_d00_d04_d13_d26,final repeat validation for R4,"{""phase"": ""final_repeat"", ""reused_existing_evaluation"": false, ""tags"": [""R4""], ""target_total_observations"": 3}",2026-08-15T12:34:16.277987+00:00
final_repeats,r_k04_0006_d00_d04_d13_d26,2,"0,4,13,26","[0, 4, 13, 26]",r_k04_0006_d00_d04_d13_d26,final repeat validation for R4,"{""phase"": ""final_repeat"", ""reused_existing_evaluation"": false, ""tags"": [""R4""], ""target_total_observations"": 3}",2026-08-15T12:35:09.121041+00:00
final_repeats,r_k05_0008_d00_d04_d10_d22_d26,1,"0,4,10,22,26","[0, 4, 10, 22, 26]",r_k05_0008_d00_d04_d10_d22_d26,final repeat validation for Rstar_single,"{""phase"": ""final_repeat"", ""reused_existing_evaluation"": false, ""tags"": [""Rstar_single""], ""target_total_observations"": 3}",2026-08-15T12:36:03.008190+00:00
final_repeats,r_k05_0008_d00_d04_d10_d22_d26,2,"0,4,10,22,26","[0, 4, 10, 22, 26]",r_k05_0008_d00_d04_d10_d22_d26,final repeat validation for Rstar_single,"{""phase"": ""final_repeat"", ""reused_existing_evaluation"": false, ""tags"": [""Rstar_single""], ""target_total_observations"": 3}",2026-08-15T12:36:56.946769+00:00
final_repeats,swap_k06_0024_d05_d06_d17_d18_d28_d30,1,"5,6,17,18,28,30","[5, 6, 17, 18, 28, 30]",swap_k06_0024_d05_d06_d17_d18_d28_d30,final repeat validation for Lstar_single,"{""phase"": ""final_repeat"", ""reused_existing_evaluation"": false, ""tags"": [""Lstar_single""], ""target_total_observations"": 3}",2026-08-15T12:37:49.967162+00:00
final_repeats,swap_k06_0024_d05_d06_d17_d18_d28_d30,2,"5,6,17,18,28,30","[5, 6, 17, 18, 28, 30]",swap_k06_0024_d05_d06_d17_d18_d28_d30,final repeat validation for Lstar_single,"{""phase"": ""final_repeat"", ""reused_existing_evaluation"": false, ""tags"": [""Lstar_single""], ""target_total_observations"": 3}",2026-08-15T12:38:42.916415+00:00
final_repeats,unet_all32,1,"0,1,2,3,4,5,6,7,8,9,10,11,12,13,14,15,16,17,18,19,20,21,22,23,24,25,26,27,28,29,30,31","[0, 1, 2, 3, 4, 5, 6, 7, 8, 9, 10, 11, 12, 13, 14, 15, 16, 17, 18, 19, 20, 21, 22, 23, 24, 25, 26, 27, 28, 29, 30, 31]",unet_all32,final repeat validation for unet_all32,"{""phase"": ""final_repeat"", ""reused_existing_evaluation"": false, ""tags"": [""unet_all32""], ""target_total_observations"": 3}",2026-08-15T12:20:21.269826+00:00
final_repeats,unet_all32,2,"0,1,2,3,4,5,6,7,8,9,10,11,12,13,14,15,16,17,18,19,20,21,22,23,24,25,26,27,28,29,30,31","[0, 1, 2, 3, 4, 5, 6, 7, 8, 9, 10, 11, 12, 13, 14, 15, 16, 17, 18, 19, 20, 21, 22, 23, 24, 25, 26, 27, 28, 29, 30, 31]",unet_all32,final repeat validation for unet_all32,"{""phase"": ""final_repeat"", ""reused_existing_evaluation"": false, ""tags"": [""unet_all32""], ""target_total_observations"": 3}",2026-08-15T12:21:16.701639+00:00
random,r_k03_0001_d00_d03_d19,0,"0,3,19","[0, 3, 19]",r_k03_0001_d00_d03_d19,budget-matched cardinality-stratified random full-sequence control,"{""cardinality"": 3, ""phase"": ""random_control"", ""random_rank_within_cardinality"": 1, ""random_seed"": 20260814, ""reused_existing_evaluation"": false}",2026-08-15T04:01:13.990161+00:00
random,r_k03_0002_d00_d09_d18,0,"0,9,18","[0, 9, 18]",r_k03_0002_d00_d09_d18,budget-matched cardinality-stratified random full-sequence control,"{""cardinality"": 3, ""phase"": ""random_control"", ""random_rank_within_cardinality"": 2, ""random_seed"": 20260814, ""reused_existing_evaluation"": false}",2026-08-15T04:01:45.595835+00:00
random,r_k03_0003_d00_d17_d18,0,"0,17,18","[0, 17, 18]",r_k03_0003_d00_d17_d18,budget-matched cardinality-stratified random full-sequence control,"{""cardinality"": 3, ""phase"": ""random_control"", ""random_rank_within_cardinality"": 3, ""random_seed"": 20260814, ""reused_existing_evaluation"": false}",2026-08-15T04:02:03.952987+00:00
random,r_k03_0004_d00_d18_d28,0,"0,18,28","[0, 18, 28]",r_k03_0004_d00_d18_d28,budget-matched cardinality-stratified random full-sequence control,"{""cardinality"": 3, ""phase"": ""random_control"", ""random_rank_within_cardinality"": 4, ""random_seed"": 20260814, ""reused_existing_evaluation"": false}",2026-08-15T04:02:37.689401+00:00
random,r_k03_0005_d00_d19_d23,0,"0,19,23","[0, 19, 23]",r_k03_0005_d00_d19_d23,budget-matched cardinality-stratified random full-sequence control,"{""cardinality"": 3, ""phase"": ""random_control"", ""random_rank_within_cardinality"": 5, ""random_seed"": 20260814, ""reused_existing_evaluation"": false}",2026-08-15T04:03:31.346204+00:00
random,r_k03_0006_d01_d04_d26,0,"1,4,26","[1, 4, 26]",r_k03_0006_d01_d04_d26,budget-matched cardinality-stratified random full-sequence control,"{""cardinality"": 3, ""phase"": ""random_control"", ""random_rank_within_cardinality"": 6, ""random_seed"": 20260814, ""reused_existing_evaluation"": false}",2026-08-15T04:04:22.538626+00:00
random,r_k03_0007_d01_d06_d07,0,"1,6,7","[1, 6, 7]",r_k03_0007_d01_d06_d07,budget-matched cardinality-stratified random full-sequence control,"{""cardinality"": 3, ""phase"": ""random_control"", ""random_rank_within_cardinality"": 7, ""random_seed"": 20260814, ""reused_existing_evaluation"": false}",2026-08-15T04:05:17.035199+00:00
random,r_k03_0008_d01_d09_d24,0,"1,9,24","[1, 9, 24]",r_k03_0008_d01_d09_d24,budget-matched cardinality-stratified random full-sequence control,"{""cardinality"": 3, ""phase"": ""random_control"", ""random_rank_within_cardinality"": 8, ""random_seed"": 20260814, ""reused_existing_evaluation"": false}",2026-08-15T04:06:11.572025+00:00
random,r_k03_0009_d01_d10_d28,0,"1,10,28","[1, 10, 28]",r_k03_0009_d01_d10_d28,budget-matched cardinality-stratified random full-sequence control,"{""cardinality"": 3, ""phase"": ""random_control"", ""random_rank_within_cardinality"": 9, ""random_seed"": 20260814, ""reused_existing_evaluation"": false}",2026-08-15T04:07:16.353365+00:00
random,r_k03_0010_d01_d17_d29,0,"1,17,29","[1, 17, 29]",r_k03_0010_d01_d17_d29,budget-matched cardinality-stratified random full-sequence control,"{""cardinality"": 3, ""phase"": ""random_control"", ""random_rank_within_cardinality"": 10, ""random_seed"": 20260814, ""reused_existing_evaluation"": false}",2026-08-15T04:07:48.129664+00:00
random,r_k03_0011_d01_d18_d28,0,"1,18,28","[1, 18, 28]",r_k03_0011_d01_d18_d28,budget-matched cardinality-stratified random full-sequence control,"{""cardinality"": 3, ""phase"": ""random_control"", ""random_rank_within_cardinality"": 11, ""random_seed"": 20260814, ""reused_existing_evaluation"": false}",2026-08-15T04:08:20.489695+00:00
random,r_k03_0012_d01_d19_d31,0,"1,19,31","[1, 19, 31]",r_k03_0012_d01_d19_d31,budget-matched cardinality-stratified random full-sequence control,"{""cardinality"": 3, ""phase"": ""random_control"", ""random_rank_within_cardinality"": 12, ""random_seed"": 20260814, ""reused_existing_evaluation"": false}",2026-08-15T04:09:15.273668+00:00
random,r_k03_0013_d01_d20_d22,0,"1,20,22","[1, 20, 22]",r_k03_0013_d01_d20_d22,budget-matched cardinality-stratified random full-sequence control,"{""cardinality"": 3, ""phase"": ""random_control"", ""random_rank_within_cardinality"": 13, ""random_seed"": 20260814, ""reused_existing_evaluation"": false}",2026-08-15T04:09:46.233407+00:00
random,r_k03_0014_d01_d21_d26,0,"1,21,26","[1, 21, 26]",r_k03_0014_d01_d21_d26,budget-matched cardinality-stratified random full-sequence control,"{""cardinality"": 3, ""phase"": ""random_control"", ""random_rank_within_cardinality"": 14, ""random_seed"": 20260814, ""reused_existing_evaluation"": false}",2026-08-15T04:10:38.113342+00:00
random,r_k03_0015_d01_d21_d29,0,"1,21,29","[1, 21, 29]",r_k03_0015_d01_d21_d29,budget-matched cardinality-stratified random full-sequence control,"{""cardinality"": 3, ""phase"": ""random_control"", ""random_rank_within_cardinality"": 15, ""random_seed"": 20260814, ""reused_existing_evaluation"": false}",2026-08-15T04:11:28.415466+00:00
random,r_k03_0016_d02_d05_d06,0,"2,5,6","[2, 5, 6]",r_k03_0016_d02_d05_d06,budget-matched cardinality-stratified random full-sequence control,"{""cardinality"": 3, ""phase"": ""random_control"", ""random_rank_within_cardinality"": 16, ""random_seed"": 20260814, ""reused_existing_evaluation"": false}",2026-08-15T04:12:18.770661+00:00
random,r_k03_0017_d02_d05_d25,0,"2,5,25","[2, 5, 25]",r_k03_0017_d02_d05_d25,budget-matched cardinality-stratified random full-sequence control,"{""cardinality"": 3, ""phase"": ""random_control"", ""random_rank_within_cardinality"": 17, ""random_seed"": 20260814, ""reused_existing_evaluation"": false}",2026-08-15T04:13:08.450043+00:00
random,r_k03_0018_d02_d06_d19,0,"2,6,19","[2, 6, 19]",r_k03_0018_d02_d06_d19,budget-matched cardinality-stratified random full-sequence control,"{""cardinality"": 3, ""phase"": ""random_control"", ""random_rank_within_cardinality"": 18, ""random_seed"": 20260814, ""reused_existing_evaluation"": false}",2026-08-15T04:14:04.325705+00:00
random,r_k03_0019_d02_d06_d22,0,"2,6,22","[2, 6, 22]",r_k03_0019_d02_d06_d22,budget-matched cardinality-stratified random full-sequence control,"{""cardinality"": 3, ""phase"": ""random_control"", ""random_rank_within_cardinality"": 19, ""random_seed"": 20260814, ""reused_existing_evaluation"": false}",2026-08-15T04:14:27.814915+00:00
random,r_k03_0020_d02_d06_d28,0,"2,6,28","[2, 6, 28]",r_k03_0020_d02_d06_d28,budget-matched cardinality-stratified random full-sequence control,"{""cardinality"": 3, ""phase"": ""random_control"", ""random_rank_within_cardinality"": 20, ""random_seed"": 20260814, ""reused_existing_evaluation"": false}",2026-08-15T04:14:38.963216+00:00
random,r_k03_0021_d02_d08_d30,0,"2,8,30","[2, 8, 30]",r_k03_0021_d02_d08_d30,budget-matched cardinality-stratified random full-sequence control,"{""cardinality"": 3, ""phase"": ""random_control"", ""random_rank_within_cardinality"": 21, ""random_seed"": 20260814, ""reused_existing_evaluation"": false}",2026-08-15T04:15:00.711984+00:00
random,r_k03_0022_d02_d09_d18,0,"2,9,18","[2, 9, 18]",r_k03_0022_d02_d09_d18,budget-matched cardinality-stratified random full-sequence control,"{""cardinality"": 3, ""phase"": ""random_control"", ""random_rank_within_cardinality"": 22, ""random_seed"": 20260814, ""reused_existing_evaluation"": false}",2026-08-15T04:15:34.487584+00:00
random,r_k03_0023_d02_d10_d20,0,"2,10,20","[2, 10, 20]",r_k03_0023_d02_d10_d20,budget-matched cardinality-stratified random full-sequence control,"{""cardinality"": 3, ""phase"": ""random_control"", ""random_rank_within_cardinality"": 23, ""random_seed"": 20260814, ""reused_existing_evaluation"": false}",2026-08-15T04:16:36.283341+00:00
random,r_k03_0024_d02_d19_d21,0,"2,19,21","[2, 19, 21]",r_k03_0024_d02_d19_d21,budget-matched cardinality-stratified random full-sequence control,"{""cardinality"": 3, ""phase"": ""random_control"", ""random_rank_within_cardinality"": 24, ""random_seed"": 20260814, ""reused_existing_evaluation"": false}",2026-08-15T04:17:27.922947+00:00
random,r_k03_0025_d02_d26_d27,0,"2,26,27","[2, 26, 27]",r_k03_0025_d02_d26_d27,budget-matched cardinality-stratified random full-sequence control,"{""cardinality"": 3, ""phase"": ""random_control"", ""random_rank_within_cardinality"": 25, ""random_seed"": 20260814, ""reused_existing_evaluation"": false}",2026-08-15T04:18:31.649137+00:00
random,r_k03_0026_d03_d04_d05,0,"3,4,5","[3, 4, 5]",r_k03_0026_d03_d04_d05,budget-matched cardinality-stratified random full-sequence control,"{""cardinality"": 3, ""phase"": ""random_control"", ""random_rank_within_cardinality"": 26, ""random_seed"": 20260814, ""reused_existing_evaluation"": false}",2026-08-15T04:19:19.757272+00:00
random,r_k03_0027_d03_d05_d09,0,"3,5,9","[3, 5, 9]",r_k03_0027_d03_d05_d09,budget-matched cardinality-stratified random full-sequence control,"{""cardinality"": 3, ""phase"": ""random_control"", ""random_rank_within_cardinality"": 27, ""random_seed"": 20260814, ""reused_existing_evaluation"": false}",2026-08-15T04:20:07.999706+00:00
random,r_k03_0028_d03_d05_d15,0,"3,5,15","[3, 5, 15]",r_k03_0028_d03_d05_d15,budget-matched cardinality-stratified random full-sequence control,"{""cardinality"": 3, ""phase"": ""random_control"", ""random_rank_within_cardinality"": 28, ""random_seed"": 20260814, ""reused_existing_evaluation"": false}",2026-08-15T04:20:54.811564+00:00
random,r_k03_0029_d03_d08_d15,0,"3,8,15","[3, 8, 15]",r_k03_0029_d03_d08_d15,budget-matched cardinality-stratified random full-sequence control,"{""cardinality"": 3, ""phase"": ""random_control"", ""random_rank_within_cardinality"": 29, ""random_seed"": 20260814, ""reused_existing_evaluation"": false}",2026-08-15T04:21:42.738331+00:00
random,r_k03_0030_d03_d08_d16,0,"3,8,16","[3, 8, 16]",r_k03_0030_d03_d08_d16,budget-matched cardinality-stratified random full-sequence control,"{""cardinality"": 3, ""phase"": ""random_control"", ""random_rank_within_cardinality"": 30, ""random_seed"": 20260814, ""reused_existing_evaluation"": false}",2026-08-15T04:22:31.435308+00:00
random,r_k03_0031_d03_d10_d30,0,"3,10,30","[3, 10, 30]",r_k03_0031_d03_d10_d30,budget-matched cardinality-stratified random full-sequence control,"{""cardinality"": 3, ""phase"": ""random_control"", ""random_rank_within_cardinality"": 31, ""random_seed"": 20260814, ""reused_existing_evaluation"": false}",2026-08-15T04:23:19.786637+00:00
random,r_k03_0032_d03_d12_d29,0,"3,12,29","[3, 12, 29]",r_k03_0032_d03_d12_d29,budget-matched cardinality-stratified random full-sequence control,"{""cardinality"": 3, ""phase"": ""random_control"", ""random_rank_within_cardinality"": 32, ""random_seed"": 20260814, ""reused_existing_evaluation"": false}",2026-08-15T04:24:07.122481+00:00
random,r_k03_0033_d03_d14_d17,0,"3,14,17","[3, 14, 17]",r_k03_0033_d03_d14_d17,budget-matched cardinality-stratified random full-sequence control,"{""cardinality"": 3, ""phase"": ""random_control"", ""random_rank_within_cardinality"": 33, ""random_seed"": 20260814, ""reused_existing_evaluation"": false}",2026-08-15T04:24:55.896204+00:00
random,r_k03_0034_d03_d14_d28,0,"3,14,28","[3, 14, 28]",r_k03_0034_d03_d14_d28,budget-matched cardinality-stratified random full-sequence control,"{""cardinality"": 3, ""phase"": ""random_control"", ""random_rank_within_cardinality"": 34, ""random_seed"": 20260814, ""reused_existing_evaluation"": false}",2026-08-15T04:25:46.640252+00:00
random,r_k03_0035_d03_d18_d26,0,"3,18,26","[3, 18, 26]",r_k03_0035_d03_d18_d26,budget-matched cardinality-stratified random full-sequence control,"{""cardinality"": 3, ""phase"": ""random_control"", ""random_rank_within_cardinality"": 35, ""random_seed"": 20260814, ""reused_existing_evaluation"": false}",2026-08-15T04:26:34.986109+00:00
random,r_k03_0036_d03_d23_d27,0,"3,23,27","[3, 23, 27]",r_k03_0036_d03_d23_d27,budget-matched cardinality-stratified random full-sequence control,"{""cardinality"": 3, ""phase"": ""random_control"", ""random_rank_within_cardinality"": 36, ""random_seed"": 20260814, ""reused_existing_evaluation"": false}",2026-08-15T04:27:22.887050+00:00
random,r_k03_0037_d03_d28_d29,0,"3,28,29","[3, 28, 29]",r_k03_0037_d03_d28_d29,budget-matched cardinality-stratified random full-sequence control,"{""cardinality"": 3, ""phase"": ""random_control"", ""random_rank_within_cardinality"": 37, ""random_seed"": 20260814, ""reused_existing_evaluation"": false}",2026-08-15T04:28:12.548464+00:00
random,r_k03_0038_d04_d06_d07,0,"4,6,7","[4, 6, 7]",r_k03_0038_d04_d06_d07,budget-matched cardinality-stratified random full-sequence control,"{""cardinality"": 3, ""phase"": ""random_control"", ""random_rank_within_cardinality"": 38, ""random_seed"": 20260814, ""reused_existing_evaluation"": false}",2026-08-15T04:29:03.435619+00:00
random,r_k03_0039_d04_d12_d16,0,"4,12,16","[4, 12, 16]",r_k03_0039_d04_d12_d16,budget-matched cardinality-stratified random full-sequence control,"{""cardinality"": 3, ""phase"": ""random_control"", ""random_rank_within_cardinality"": 39, ""random_seed"": 20260814, ""reused_existing_evaluation"": false}",2026-08-15T04:29:52.985020+00:00
random,r_k03_0040_d04_d13_d25,0,"4,13,25","[4, 13, 25]",r_k03_0040_d04_d13_d25,budget-matched cardinality-stratified random full-sequence control,"{""cardinality"": 3, ""phase"": ""random_control"", ""random_rank_within_cardinality"": 40, ""random_seed"": 20260814, ""reused_existing_evaluation"": false}",2026-08-15T04:30:43.193804+00:00
random,r_k03_0041_d04_d15_d24,0,"4,15,24","[4, 15, 24]",r_k03_0041_d04_d15_d24,budget-matched cardinality-stratified random full-sequence control,"{""cardinality"": 3, ""phase"": ""random_control"", ""random_rank_within_cardinality"": 41, ""random_seed"": 20260814, ""reused_existing_evaluation"": false}",2026-08-15T04:31:32.314318+00:00
random,r_k03_0042_d04_d15_d31,0,"4,15,31","[4, 15, 31]",r_k03_0042_d04_d15_d31,budget-matched cardinality-stratified random full-sequence control,"{""cardinality"": 3, ""phase"": ""random_control"", ""random_rank_within_cardinality"": 42, ""random_seed"": 20260814, ""reused_existing_evaluation"": false}",2026-08-15T04:32:24.519836+00:00
random,r_k03_0043_d04_d17_d19,0,"4,17,19","[4, 17, 19]",r_k03_0043_d04_d17_d19,budget-matched cardinality-stratified random full-sequence control,"{""cardinality"": 3, ""phase"": ""random_control"", ""random_rank_within_cardinality"": 43, ""random_seed"": 20260814, ""reused_existing_evaluation"": false}",2026-08-15T04:33:14.267381+00:00
random,r_k03_0044_d04_d18_d20,0,"4,18,20","[4, 18, 20]",r_k03_0044_d04_d18_d20,budget-matched cardinality-stratified random full-sequence control,"{""cardinality"": 3, ""phase"": ""random_control"", ""random_rank_within_cardinality"": 44, ""random_seed"": 20260814, ""reused_existing_evaluation"": false}",2026-08-15T04:34:04.891730+00:00
random,r_k03_0045_d04_d23_d26,0,"4,23,26","[4, 23, 26]",r_k03_0045_d04_d23_d26,budget-matched cardinality-stratified random full-sequence control,"{""cardinality"": 3, ""phase"": ""random_control"", ""random_rank_within_cardinality"": 45, ""random_seed"": 20260814, ""reused_existing_evaluation"": false}",2026-08-15T04:34:55.684082+00:00
random,r_k03_0046_d04_d25_d26,0,"4,25,26","[4, 25, 26]",r_k03_0046_d04_d25_d26,budget-matched cardinality-stratified random full-sequence control,"{""cardinality"": 3, ""phase"": ""random_control"", ""random_rank_within_cardinality"": 46, ""random_seed"": 20260814, ""reused_existing_evaluation"": false}",2026-08-15T04:35:45.824891+00:00
random,r_k03_0047_d05_d06_d23,0,"5,6,23","[5, 6, 23]",r_k03_0047_d05_d06_d23,budget-matched cardinality-stratified random full-sequence control,"{""cardinality"": 3, ""phase"": ""random_control"", ""random_rank_within_cardinality"": 47, ""random_seed"": 20260814, ""reused_existing_evaluation"": false}",2026-08-15T04:36:35.376764+00:00
random,r_k03_0048_d05_d08_d21,0,"5,8,21","[5, 8, 21]",r_k03_0048_d05_d08_d21,budget-matched cardinality-stratified random full-sequence control,"{""cardinality"": 3, ""phase"": ""random_control"", ""random_rank_within_cardinality"": 48, ""random_seed"": 20260814, ""reused_existing_evaluation"": false}",2026-08-15T04:37:23.854104+00:00
random,r_k03_0049_d05_d09_d20,0,"5,9,20","[5, 9, 20]",r_k03_0049_d05_d09_d20,budget-matched cardinality-stratified random full-sequence control,"{""cardinality"": 3, ""phase"": ""random_control"", ""random_rank_within_cardinality"": 49, ""random_seed"": 20260814, ""reused_existing_evaluation"": false}",2026-08-15T04:38:13.902867+00:00
random,r_k03_0050_d05_d09_d27,0,"5,9,27","[5, 9, 27]",r_k03_0050_d05_d09_d27,budget-matched cardinality-stratified random full-sequence control,"{""cardinality"": 3, ""phase"": ""random_control"", ""random_rank_within_cardinality"": 50, ""random_seed"": 20260814, ""reused_existing_evaluation"": false}",2026-08-15T04:39:04.283758+00:00
random,r_k03_0051_d05_d10_d23,0,"5,10,23","[5, 10, 23]",r_k03_0051_d05_d10_d23,budget-matched cardinality-stratified random full-sequence control,"{""cardinality"": 3, ""phase"": ""random_control"", ""random_rank_within_cardinality"": 51, ""random_seed"": 20260814, ""reused_existing_evaluation"": false}",2026-08-15T04:39:53.521526+00:00
random,r_k03_0052_d05_d10_d26,0,"5,10,26","[5, 10, 26]",r_k03_0052_d05_d10_d26,budget-matched cardinality-stratified random full-sequence control,"{""cardinality"": 3, ""phase"": ""random_control"", ""random_rank_within_cardinality"": 52, ""random_seed"": 20260814, ""reused_existing_evaluation"": false}",2026-08-15T04:40:43.137787+00:00
random,r_k03_0053_d05_d13_d28,0,"5,13,28","[5, 13, 28]",r_k03_0053_d05_d13_d28,budget-matched cardinality-stratified random full-sequence control,"{""cardinality"": 3, ""phase"": ""random_control"", ""random_rank_within_cardinality"": 53, ""random_seed"": 20260814, ""reused_existing_evaluation"": false}",2026-08-15T04:41:34.145089+00:00
random,r_k03_0054_d05_d19_d21,0,"5,19,21","[5, 19, 21]",r_k03_0054_d05_d19_d21,budget-matched cardinality-stratified random full-sequence control,"{""cardinality"": 3, ""phase"": ""random_control"", ""random_rank_within_cardinality"": 54, ""random_seed"": 20260814, ""reused_existing_evaluation"": false}",2026-08-15T04:41:57.242041+00:00
random,r_k03_0055_d05_d22_d24,0,"5,22,24","[5, 22, 24]",r_k03_0055_d05_d22_d24,budget-matched cardinality-stratified random full-sequence control,"{""cardinality"": 3, ""phase"": ""random_control"", ""random_rank_within_cardinality"": 55, ""random_seed"": 20260814, ""reused_existing_evaluation"": false}",2026-08-15T04:42:45.977087+00:00
random,r_k03_0056_d06_d08_d11,0,"6,8,11","[6, 8, 11]",r_k03_0056_d06_d08_d11,budget-matched cardinality-stratified random full-sequence control,"{""cardinality"": 3, ""phase"": ""random_control"", ""random_rank_within_cardinality"": 56, ""random_seed"": 20260814, ""reused_existing_evaluation"": false}",2026-08-15T04:43:44.258431+00:00
random,r_k03_0057_d06_d19_d21,0,"6,19,21","[6, 19, 21]",r_k03_0057_d06_d19_d21,budget-matched cardinality-stratified random full-sequence control,"{""cardinality"": 3, ""phase"": ""random_control"", ""random_rank_within_cardinality"": 57, ""random_seed"": 20260814, ""reused_existing_evaluation"": false}",2026-08-15T04:44:35.221997+00:00
random,r_k03_0058_d06_d23_d27,0,"6,23,27","[6, 23, 27]",r_k03_0058_d06_d23_d27,budget-matched cardinality-stratified random full-sequence control,"{""cardinality"": 3, ""phase"": ""random_control"", ""random_rank_within_cardinality"": 58, ""random_seed"": 20260814, ""reused_existing_evaluation"": false}",2026-08-15T04:45:33.122295+00:00
random,r_k03_0059_d07_d08_d10,0,"7,8,10","[7, 8, 10]",r_k03_0059_d07_d08_d10,budget-matched cardinality-stratified random full-sequence control,"{""cardinality"": 3, ""phase"": ""random_control"", ""random_rank_within_cardinality"": 59, ""random_seed"": 20260814, ""reused_existing_evaluation"": false}",2026-08-15T04:46:28.132984+00:00
random,r_k03_0060_d07_d08_d20,0,"7,8,20","[7, 8, 20]",r_k03_0060_d07_d08_d20,budget-matched cardinality-stratified random full-sequence control,"{""cardinality"": 3, ""phase"": ""random_control"", ""random_rank_within_cardinality"": 60, ""random_seed"": 20260814, ""reused_existing_evaluation"": false}",2026-08-15T04:47:22.696845+00:00
random,r_k03_0061_d07_d09_d11,0,"7,9,11","[7, 9, 11]",r_k03_0061_d07_d09_d11,budget-matched cardinality-stratified random full-sequence control,"{""cardinality"": 3, ""phase"": ""random_control"", ""random_rank_within_cardinality"": 61, ""random_seed"": 20260814, ""reused_existing_evaluation"": false}",2026-08-15T04:48:18.175104+00:00
random,r_k03_0062_d07_d12_d30,0,"7,12,30","[7, 12, 30]",r_k03_0062_d07_d12_d30,budget-matched cardinality-stratified random full-sequence control,"{""cardinality"": 3, ""phase"": ""random_control"", ""random_rank_within_cardinality"": 62, ""random_seed"": 20260814, ""reused_existing_evaluation"": false}",2026-08-15T04:49:08.795213+00:00
random,r_k03_0063_d07_d17_d20,0,"7,17,20","[7, 17, 20]",r_k03_0063_d07_d17_d20,budget-matched cardinality-stratified random full-sequence control,"{""cardinality"": 3, ""phase"": ""random_control"", ""random_rank_within_cardinality"": 63, ""random_seed"": 20260814, ""reused_existing_evaluation"": false}",2026-08-15T04:50:03.257532+00:00
random,r_k03_0064_d07_d19_d26,0,"7,19,26","[7, 19, 26]",r_k03_0064_d07_d19_d26,budget-matched cardinality-stratified random full-sequence control,"{""cardinality"": 3, ""phase"": ""random_control"", ""random_rank_within_cardinality"": 64, ""random_seed"": 20260814, ""reused_existing_evaluation"": false}",2026-08-15T04:50:57.440277+00:00
random,r_k03_0065_d07_d25_d26,0,"7,25,26","[7, 25, 26]",r_k03_0065_d07_d25_d26,budget-matched cardinality-stratified random full-sequence control,"{""cardinality"": 3, ""phase"": ""random_control"", ""random_rank_within_cardinality"": 65, ""random_seed"": 20260814, ""reused_existing_evaluation"": false}",2026-08-15T04:51:28.545327+00:00
random,r_k03_0066_d08_d12_d13,0,"8,12,13","[8, 12, 13]",r_k03_0066_d08_d12_d13,budget-matched cardinality-stratified random full-sequence control,"{""cardinality"": 3, ""phase"": ""random_control"", ""random_rank_within_cardinality"": 66, ""random_seed"": 20260814, ""reused_existing_evaluation"": false}",2026-08-15T04:52:20.620424+00:00
random,r_k03_0067_d08_d12_d30,0,"8,12,30","[8, 12, 30]",r_k03_0067_d08_d12_d30,budget-matched cardinality-stratified random full-sequence control,"{""cardinality"": 3, ""phase"": ""random_control"", ""random_rank_within_cardinality"": 67, ""random_seed"": 20260814, ""reused_existing_evaluation"": false}",2026-08-15T04:53:10.151325+00:00
random,r_k03_0068_d08_d16_d28,0,"8,16,28","[8, 16, 28]",r_k03_0068_d08_d16_d28,budget-matched cardinality-stratified random full-sequence control,"{""cardinality"": 3, ""phase"": ""random_control"", ""random_rank_within_cardinality"": 68, ""random_seed"": 20260814, ""reused_existing_evaluation"": false}",2026-08-15T04:53:32.903418+00:00
random,r_k03_0069_d08_d16_d31,0,"8,16,31","[8, 16, 31]",r_k03_0069_d08_d16_d31,budget-matched cardinality-stratified random full-sequence control,"{""cardinality"": 3, ""phase"": ""random_control"", ""random_rank_within_cardinality"": 69, ""random_seed"": 20260814, ""reused_existing_evaluation"": false}",2026-08-15T04:54:39.101036+00:00
random,r_k03_0070_d08_d19_d21,0,"8,19,21","[8, 19, 21]",r_k03_0070_d08_d19_d21,budget-matched cardinality-stratified random full-sequence control,"{""cardinality"": 3, ""phase"": ""random_control"", ""random_rank_within_cardinality"": 70, ""random_seed"": 20260814, ""reused_existing_evaluation"": false}",2026-08-15T04:55:29.687347+00:00
random,r_k03_0071_d09_d10_d27,0,"9,10,27","[9, 10, 27]",r_k03_0071_d09_d10_d27,budget-matched cardinality-stratified random full-sequence control,"{""cardinality"": 3, ""phase"": ""random_control"", ""random_rank_within_cardinality"": 71, ""random_seed"": 20260814, ""reused_existing_evaluation"": false}",2026-08-15T04:56:34.446567+00:00
random,r_k03_0072_d09_d17_d20,0,"9,17,20","[9, 17, 20]",r_k03_0072_d09_d17_d20,budget-matched cardinality-stratified random full-sequence control,"{""cardinality"": 3, ""phase"": ""random_control"", ""random_rank_within_cardinality"": 72, ""random_seed"": 20260814, ""reused_existing_evaluation"": false}",2026-08-15T04:57:37.173154+00:00
random,r_k03_0073_d09_d18_d29,0,"9,18,29","[9, 18, 29]",r_k03_0073_d09_d18_d29,budget-matched cardinality-stratified random full-sequence control,"{""cardinality"": 3, ""phase"": ""random_control"", ""random_rank_within_cardinality"": 73, ""random_seed"": 20260814, ""reused_existing_evaluation"": false}",2026-08-15T04:57:58.293237+00:00
random,r_k03_0074_d09_d21_d26,0,"9,21,26","[9, 21, 26]",r_k03_0074_d09_d21_d26,budget-matched cardinality-stratified random full-sequence control,"{""cardinality"": 3, ""phase"": ""random_control"", ""random_rank_within_cardinality"": 74, ""random_seed"": 20260814, ""reused_existing_evaluation"": false}",2026-08-15T04:58:52.574995+00:00
random,r_k03_0075_d10_d12_d28,0,"10,12,28","[10, 12, 28]",r_k03_0075_d10_d12_d28,budget-matched cardinality-stratified random full-sequence control,"{""cardinality"": 3, ""phase"": ""random_control"", ""random_rank_within_cardinality"": 75, ""random_seed"": 20260814, ""reused_existing_evaluation"": false}",2026-08-15T04:59:44.970558+00:00
random,r_k03_0076_d10_d13_d27,0,"10,13,27","[10, 13, 27]",r_k03_0076_d10_d13_d27,budget-matched cardinality-stratified random full-sequence control,"{""cardinality"": 3, ""phase"": ""random_control"", ""random_rank_within_cardinality"": 76, ""random_seed"": 20260814, ""reused_existing_evaluation"": false}",2026-08-15T05:00:44.556394+00:00
random,r_k03_0077_d10_d14_d22,0,"10,14,22","[10, 14, 22]",r_k03_0077_d10_d14_d22,budget-matched cardinality-stratified random full-sequence control,"{""cardinality"": 3, ""phase"": ""random_control"", ""random_rank_within_cardinality"": 77, ""random_seed"": 20260814, ""reused_existing_evaluation"": false}",2026-08-15T05:01:48.305766+00:00
random,r_k03_0078_d10_d15_d24,0,"10,15,24","[10, 15, 24]",r_k03_0078_d10_d15_d24,budget-matched cardinality-stratified random full-sequence control,"{""cardinality"": 3, ""phase"": ""random_control"", ""random_rank_within_cardinality"": 78, ""random_seed"": 20260814, ""reused_existing_evaluation"": false}",2026-08-15T05:02:41.314954+00:00
random,r_k03_0079_d10_d16_d25,0,"10,16,25","[10, 16, 25]",r_k03_0079_d10_d16_d25,budget-matched cardinality-stratified random full-sequence control,"{""cardinality"": 3, ""phase"": ""random_control"", ""random_rank_within_cardinality"": 79, ""random_seed"": 20260814, ""reused_existing_evaluation"": false}",2026-08-15T05:03:38.310153+00:00
random,r_k03_0080_d10_d17_d26,0,"10,17,26","[10, 17, 26]",r_k03_0080_d10_d17_d26,budget-matched cardinality-stratified random full-sequence control,"{""cardinality"": 3, ""phase"": ""random_control"", ""random_rank_within_cardinality"": 80, ""random_seed"": 20260814, ""reused_existing_evaluation"": false}",2026-08-15T05:04:40.102304+00:00
random,r_k03_0081_d10_d18_d24,0,"10,18,24","[10, 18, 24]",r_k03_0081_d10_d18_d24,budget-matched cardinality-stratified random full-sequence control,"{""cardinality"": 3, ""phase"": ""random_control"", ""random_rank_within_cardinality"": 81, ""random_seed"": 20260814, ""reused_existing_evaluation"": false}",2026-08-15T05:05:32.519927+00:00
random,r_k03_0082_d10_d20_d21,0,"10,20,21","[10, 20, 21]",r_k03_0082_d10_d20_d21,budget-matched cardinality-stratified random full-sequence control,"{""cardinality"": 3, ""phase"": ""random_control"", ""random_rank_within_cardinality"": 82, ""random_seed"": 20260814, ""reused_existing_evaluation"": false}",2026-08-15T05:06:23.871458+00:00
random,r_k03_0083_d11_d13_d29,0,"11,13,29","[11, 13, 29]",r_k03_0083_d11_d13_d29,budget-matched cardinality-stratified random full-sequence control,"{""cardinality"": 3, ""phase"": ""random_control"", ""random_rank_within_cardinality"": 83, ""random_seed"": 20260814, ""reused_existing_evaluation"": false}",2026-08-15T05:07:22.225074+00:00
random,r_k03_0084_d11_d14_d26,0,"11,14,26","[11, 14, 26]",r_k03_0084_d11_d14_d26,budget-matched cardinality-stratified random full-sequence control,"{""cardinality"": 3, ""phase"": ""random_control"", ""random_rank_within_cardinality"": 84, ""random_seed"": 20260814, ""reused_existing_evaluation"": false}",2026-08-15T05:08:21.263679+00:00
random,r_k03_0085_d11_d15_d31,0,"11,15,31","[11, 15, 31]",r_k03_0085_d11_d15_d31,budget-matched cardinality-stratified random full-sequence control,"{""cardinality"": 3, ""phase"": ""random_control"", ""random_rank_within_cardinality"": 85, ""random_seed"": 20260814, ""reused_existing_evaluation"": false}",2026-08-15T05:09:21.837787+00:00
random,r_k03_0086_d11_d18_d26,0,"11,18,26","[11, 18, 26]",r_k03_0086_d11_d18_d26,budget-matched cardinality-stratified random full-sequence control,"{""cardinality"": 3, ""phase"": ""random_control"", ""random_rank_within_cardinality"": 86, ""random_seed"": 20260814, ""reused_existing_evaluation"": false}",2026-08-15T05:10:20.092236+00:00
random,r_k03_0087_d11_d20_d22,0,"11,20,22","[11, 20, 22]",r_k03_0087_d11_d20_d22,budget-matched cardinality-stratified random full-sequence control,"{""cardinality"": 3, ""phase"": ""random_control"", ""random_rank_within_cardinality"": 87, ""random_seed"": 20260814, ""reused_existing_evaluation"": false}",2026-08-15T05:11:17.915441+00:00
random,r_k03_0088_d12_d13_d20,0,"12,13,20","[12, 13, 20]",r_k03_0088_d12_d13_d20,budget-matched cardinality-stratified random full-sequence control,"{""cardinality"": 3, ""phase"": ""random_control"", ""random_rank_within_cardinality"": 88, ""random_seed"": 20260814, ""reused_existing_evaluation"": false}",2026-08-15T05:12:08.970079+00:00
random,r_k03_0089_d12_d13_d26,0,"12,13,26","[12, 13, 26]",r_k03_0089_d12_d13_d26,budget-matched cardinality-stratified random full-sequence control,"{""cardinality"": 3, ""phase"": ""random_control"", ""random_rank_within_cardinality"": 89, ""random_seed"": 20260814, ""reused_existing_evaluation"": false}",2026-08-15T05:13:00.975656+00:00
random,r_k03_0090_d12_d13_d29,0,"12,13,29","[12, 13, 29]",r_k03_0090_d12_d13_d29,budget-matched cardinality-stratified random full-sequence control,"{""cardinality"": 3, ""phase"": ""random_control"", ""random_rank_within_cardinality"": 90, ""random_seed"": 20260814, ""reused_existing_evaluation"": false}",2026-08-15T05:13:52.066024+00:00
random,r_k03_0091_d12_d13_d30,0,"12,13,30","[12, 13, 30]",r_k03_0091_d12_d13_d30,budget-matched cardinality-stratified random full-sequence control,"{""cardinality"": 3, ""phase"": ""random_control"", ""random_rank_within_cardinality"": 91, ""random_seed"": 20260814, ""reused_existing_evaluation"": false}",2026-08-15T05:14:42.578791+00:00
random,r_k03_0092_d12_d17_d26,0,"12,17,26","[12, 17, 26]",r_k03_0092_d12_d17_d26,budget-matched cardinality-stratified random full-sequence control,"{""cardinality"": 3, ""phase"": ""random_control"", ""random_rank_within_cardinality"": 92, ""random_seed"": 20260814, ""reused_existing_evaluation"": false}",2026-08-15T05:15:33.836375+00:00
random,r_k03_0093_d12_d18_d22,0,"12,18,22","[12, 18, 22]",r_k03_0093_d12_d18_d22,budget-matched cardinality-stratified random full-sequence control,"{""cardinality"": 3, ""phase"": ""random_control"", ""random_rank_within_cardinality"": 93, ""random_seed"": 20260814, ""reused_existing_evaluation"": false}",2026-08-15T05:16:25.839047+00:00
random,r_k03_0094_d12_d18_d28,0,"12,18,28","[12, 18, 28]",r_k03_0094_d12_d18_d28,budget-matched cardinality-stratified random full-sequence control,"{""cardinality"": 3, ""phase"": ""random_control"", ""random_rank_within_cardinality"": 94, ""random_seed"": 20260814, ""reused_existing_evaluation"": false}",2026-08-15T05:17:18.661050+00:00
random,r_k03_0095_d12_d19_d22,0,"12,19,22","[12, 19, 22]",r_k03_0095_d12_d19_d22,budget-matched cardinality-stratified random full-sequence control,"{""cardinality"": 3, ""phase"": ""random_control"", ""random_rank_within_cardinality"": 95, ""random_seed"": 20260814, ""reused_existing_evaluation"": false}",2026-08-15T05:18:09.758344+00:00
random,r_k03_0096_d12_d22_d28,0,"12,22,28","[12, 22, 28]",r_k03_0096_d12_d22_d28,budget-matched cardinality-stratified random full-sequence control,"{""cardinality"": 3, ""phase"": ""random_control"", ""random_rank_within_cardinality"": 96, ""random_seed"": 20260814, ""reused_existing_evaluation"": false}",2026-08-15T05:19:03.324831+00:00
random,r_k03_0097_d12_d23_d27,0,"12,23,27","[12, 23, 27]",r_k03_0097_d12_d23_d27,budget-matched cardinality-stratified random full-sequence control,"{""cardinality"": 3, ""phase"": ""random_control"", ""random_rank_within_cardinality"": 97, ""random_seed"": 20260814, ""reused_existing_evaluation"": false}",2026-08-15T05:19:54.543172+00:00
random,r_k03_0098_d13_d21_d28,0,"13,21,28","[13, 21, 28]",r_k03_0098_d13_d21_d28,budget-matched cardinality-stratified random full-sequence control,"{""cardinality"": 3, ""phase"": ""random_control"", ""random_rank_within_cardinality"": 98, ""random_seed"": 20260814, ""reused_existing_evaluation"": false}",2026-08-15T05:20:48.256457+00:00
random,r_k03_0099_d13_d23_d25,0,"13,23,25","[13, 23, 25]",r_k03_0099_d13_d23_d25,budget-matched cardinality-stratified random full-sequence control,"{""cardinality"": 3, ""phase"": ""random_control"", ""random_rank_within_cardinality"": 99, ""random_seed"": 20260814, ""reused_existing_evaluation"": false}",2026-08-15T05:21:17.714203+00:00
random,r_k03_0100_d13_d23_d27,0,"13,23,27","[13, 23, 27]",r_k03_0100_d13_d23_d27,budget-matched cardinality-stratified random full-sequence control,"{""cardinality"": 3, ""phase"": ""random_control"", ""random_rank_within_cardinality"": 100, ""random_seed"": 20260814, ""reused_existing_evaluation"": false}",2026-08-15T05:21:39.518328+00:00
random,r_k03_0101_d14_d15_d22,0,"14,15,22","[14, 15, 22]",r_k03_0101_d14_d15_d22,budget-matched cardinality-stratified random full-sequence control,"{""cardinality"": 3, ""phase"": ""random_control"", ""random_rank_within_cardinality"": 101, ""random_seed"": 20260814, ""reused_existing_evaluation"": false}",2026-08-15T05:22:00.939004+00:00
random,r_k03_0102_d14_d16_d28,0,"14,16,28","[14, 16, 28]",r_k03_0102_d14_d16_d28,budget-matched cardinality-stratified random full-sequence control,"{""cardinality"": 3, ""phase"": ""random_control"", ""random_rank_within_cardinality"": 102, ""random_seed"": 20260814, ""reused_existing_evaluation"": false}",2026-08-15T05:22:25.262748+00:00
random,r_k03_0103_d15_d17_d21,0,"15,17,21","[15, 17, 21]",r_k03_0103_d15_d17_d21,budget-matched cardinality-stratified random full-sequence control,"{""cardinality"": 3, ""phase"": ""random_control"", ""random_rank_within_cardinality"": 103, ""random_seed"": 20260814, ""reused_existing_evaluation"": false}",2026-08-15T05:23:16.358766+00:00
random,r_k03_0104_d16_d17_d31,0,"16,17,31","[16, 17, 31]",r_k03_0104_d16_d17_d31,budget-matched cardinality-stratified random full-sequence control,"{""cardinality"": 3, ""phase"": ""random_control"", ""random_rank_within_cardinality"": 104, ""random_seed"": 20260814, ""reused_existing_evaluation"": false}",2026-08-15T05:24:21.316963+00:00
random,r_k03_0105_d16_d20_d30,0,"16,20,30","[16, 20, 30]",r_k03_0105_d16_d20_d30,budget-matched cardinality-stratified random full-sequence control,"{""cardinality"": 3, ""phase"": ""random_control"", ""random_rank_within_cardinality"": 105, ""random_seed"": 20260814, ""reused_existing_evaluation"": false}",2026-08-15T05:24:40.283624+00:00
random,r_k03_0106_d17_d20_d30,0,"17,20,30","[17, 20, 30]",r_k03_0106_d17_d20_d30,budget-matched cardinality-stratified random full-sequence control,"{""cardinality"": 3, ""phase"": ""random_control"", ""random_rank_within_cardinality"": 106, ""random_seed"": 20260814, ""reused_existing_evaluation"": false}",2026-08-15T05:25:00.657340+00:00
random,r_k03_0107_d17_d21_d22,0,"17,21,22","[17, 21, 22]",r_k03_0107_d17_d21_d22,budget-matched cardinality-stratified random full-sequence control,"{""cardinality"": 3, ""phase"": ""random_control"", ""random_rank_within_cardinality"": 107, ""random_seed"": 20260814, ""reused_existing_evaluation"": false}",2026-08-15T05:25:59.646843+00:00
random,r_k03_0108_d18_d21_d23,0,"18,21,23","[18, 21, 23]",r_k03_0108_d18_d21_d23,budget-matched cardinality-stratified random full-sequence control,"{""cardinality"": 3, ""phase"": ""random_control"", ""random_rank_within_cardinality"": 108, ""random_seed"": 20260814, ""reused_existing_evaluation"": false}",2026-08-15T05:26:51.609545+00:00
random,r_k03_0109_d18_d21_d28,0,"18,21,28","[18, 21, 28]",r_k03_0109_d18_d21_d28,budget-matched cardinality-stratified random full-sequence control,"{""cardinality"": 3, ""phase"": ""random_control"", ""random_rank_within_cardinality"": 109, ""random_seed"": 20260814, ""reused_existing_evaluation"": false}",2026-08-15T05:27:45.360161+00:00
random,r_k03_0110_d19_d24_d31,0,"19,24,31","[19, 24, 31]",r_k03_0110_d19_d24_d31,budget-matched cardinality-stratified random full-sequence control,"{""cardinality"": 3, ""phase"": ""random_control"", ""random_rank_within_cardinality"": 110, ""random_seed"": 20260814, ""reused_existing_evaluation"": false}",2026-08-15T05:28:38.021667+00:00
random,r_k03_0111_d20_d21_d25,0,"20,21,25","[20, 21, 25]",r_k03_0111_d20_d21_d25,budget-matched cardinality-stratified random full-sequence control,"{""cardinality"": 3, ""phase"": ""random_control"", ""random_rank_within_cardinality"": 111, ""random_seed"": 20260814, ""reused_existing_evaluation"": false}",2026-08-15T05:29:28.856742+00:00
random,r_k03_0112_d20_d25_d28,0,"20,25,28","[20, 25, 28]",r_k03_0112_d20_d25_d28,budget-matched cardinality-stratified random full-sequence control,"{""cardinality"": 3, ""phase"": ""random_control"", ""random_rank_within_cardinality"": 112, ""random_seed"": 20260814, ""reused_existing_evaluation"": false}",2026-08-15T05:29:58.909602+00:00
random,r_k03_0113_d21_d22_d27,0,"21,22,27","[21, 22, 27]",r_k03_0113_d21_d22_d27,budget-matched cardinality-stratified random full-sequence control,"{""cardinality"": 3, ""phase"": ""random_control"", ""random_rank_within_cardinality"": 113, ""random_seed"": 20260814, ""reused_existing_evaluation"": false}",2026-08-15T05:30:50.715990+00:00
random,r_k03_0114_d21_d25_d30,0,"21,25,30","[21, 25, 30]",r_k03_0114_d21_d25_d30,budget-matched cardinality-stratified random full-sequence control,"{""cardinality"": 3, ""phase"": ""random_control"", ""random_rank_within_cardinality"": 114, ""random_seed"": 20260814, ""reused_existing_evaluation"": false}",2026-08-15T05:31:40.771197+00:00
random,r_k03_0115_d22_d23_d25,0,"22,23,25","[22, 23, 25]",r_k03_0115_d22_d23_d25,budget-matched cardinality-stratified random full-sequence control,"{""cardinality"": 3, ""phase"": ""random_control"", ""random_rank_within_cardinality"": 115, ""random_seed"": 20260814, ""reused_existing_evaluation"": false}",2026-08-15T05:32:11.317292+00:00
random,r_k03_0116_d23_d27_d29,0,"23,27,29","[23, 27, 29]",r_k03_0116_d23_d27_d29,budget-matched cardinality-stratified random full-sequence control,"{""cardinality"": 3, ""phase"": ""random_control"", ""random_rank_within_cardinality"": 116, ""random_seed"": 20260814, ""reused_existing_evaluation"": false}",2026-08-15T05:33:08.592629+00:00
random,r_k03_0117_d23_d29_d31,0,"23,29,31","[23, 29, 31]",r_k03_0117_d23_d29_d31,budget-matched cardinality-stratified random full-sequence control,"{""cardinality"": 3, ""phase"": ""random_control"", ""random_rank_within_cardinality"": 117, ""random_seed"": 20260814, ""reused_existing_evaluation"": false}",2026-08-15T05:34:07.476812+00:00
random,r_k03_0118_d25_d27_d31,0,"25,27,31","[25, 27, 31]",r_k03_0118_d25_d27_d31,budget-matched cardinality-stratified random full-sequence control,"{""cardinality"": 3, ""phase"": ""random_control"", ""random_rank_within_cardinality"": 118, ""random_seed"": 20260814, ""reused_existing_evaluation"": false}",2026-08-15T05:35:05.386327+00:00
random,r_k03_0119_d25_d29_d31,0,"25,29,31","[25, 29, 31]",r_k03_0119_d25_d29_d31,budget-matched cardinality-stratified random full-sequence control,"{""cardinality"": 3, ""phase"": ""random_control"", ""random_rank_within_cardinality"": 119, ""random_seed"": 20260814, ""reused_existing_evaluation"": false}",2026-08-15T05:36:02.434020+00:00
random,r_k04_0001_d00_d01_d03_d15,0,"0,1,3,15","[0, 1, 3, 15]",r_k04_0001_d00_d01_d03_d15,budget-matched cardinality-stratified random full-sequence control,"{""cardinality"": 4, ""phase"": ""random_control"", ""random_rank_within_cardinality"": 1, ""random_seed"": 20260814, ""reused_existing_evaluation"": false}",2026-08-15T05:36:50.854913+00:00
random,r_k04_0002_d00_d02_d15_d29,0,"0,2,15,29","[0, 2, 15, 29]",r_k04_0002_d00_d02_d15_d29,budget-matched cardinality-stratified random full-sequence control,"{""cardinality"": 4, ""phase"": ""random_control"", ""random_rank_within_cardinality"": 2, ""random_seed"": 20260814, ""reused_existing_evaluation"": false}",2026-08-15T05:37:24.840218+00:00
random,r_k04_0003_d00_d02_d25_d27,0,"0,2,25,27","[0, 2, 25, 27]",r_k04_0003_d00_d02_d25_d27,budget-matched cardinality-stratified random full-sequence control,"{""cardinality"": 4, ""phase"": ""random_control"", ""random_rank_within_cardinality"": 3, ""random_seed"": 20260814, ""reused_existing_evaluation"": false}",2026-08-15T05:38:23.899437+00:00
random,r_k04_0004_d00_d03_d05_d30,0,"0,3,5,30","[0, 3, 5, 30]",r_k04_0004_d00_d03_d05_d30,budget-matched cardinality-stratified random full-sequence control,"{""cardinality"": 4, ""phase"": ""random_control"", ""random_rank_within_cardinality"": 4, ""random_seed"": 20260814, ""reused_existing_evaluation"": false}",2026-08-15T05:39:11.258645+00:00
random,r_k04_0005_d00_d03_d14_d25,0,"0,3,14,25","[0, 3, 14, 25]",r_k04_0005_d00_d03_d14_d25,budget-matched cardinality-stratified random full-sequence control,"{""cardinality"": 4, ""phase"": ""random_control"", ""random_rank_within_cardinality"": 5, ""random_seed"": 20260814, ""reused_existing_evaluation"": false}",2026-08-15T05:40:00.925668+00:00
random,r_k04_0006_d00_d04_d13_d26,0,"0,4,13,26","[0, 4, 13, 26]",r_k04_0006_d00_d04_d13_d26,budget-matched cardinality-stratified random full-sequence control,"{""cardinality"": 4, ""phase"": ""random_control"", ""random_rank_within_cardinality"": 6, ""random_seed"": 20260814, ""reused_existing_evaluation"": false}",2026-08-15T05:40:52.505175+00:00
random,r_k04_0007_d00_d06_d12_d23,0,"0,6,12,23","[0, 6, 12, 23]",r_k04_0007_d00_d06_d12_d23,budget-matched cardinality-stratified random full-sequence control,"{""cardinality"": 4, ""phase"": ""random_control"", ""random_rank_within_cardinality"": 7, ""random_seed"": 20260814, ""reused_existing_evaluation"": false}",2026-08-15T05:41:44.764208+00:00
random,r_k04_0008_d00_d07_d21_d22,0,"0,7,21,22","[0, 7, 21, 22]",r_k04_0008_d00_d07_d21_d22,budget-matched cardinality-stratified random full-sequence control,"{""cardinality"": 4, ""phase"": ""random_control"", ""random_rank_within_cardinality"": 8, ""random_seed"": 20260814, ""reused_existing_evaluation"": false}",2026-08-15T05:42:37.107611+00:00
random,r_k04_0009_d00_d11_d22_d31,0,"0,11,22,31","[0, 11, 22, 31]",r_k04_0009_d00_d11_d22_d31,budget-matched cardinality-stratified random full-sequence control,"{""cardinality"": 4, ""phase"": ""random_control"", ""random_rank_within_cardinality"": 9, ""random_seed"": 20260814, ""reused_existing_evaluation"": false}",2026-08-15T05:43:38.753947+00:00
random,r_k04_0010_d00_d12_d15_d28,0,"0,12,15,28","[0, 12, 15, 28]",r_k04_0010_d00_d12_d15_d28,budget-matched cardinality-stratified random full-sequence control,"{""cardinality"": 4, ""phase"": ""random_control"", ""random_rank_within_cardinality"": 10, ""random_seed"": 20260814, ""reused_existing_evaluation"": false}",2026-08-15T05:44:30.797659+00:00
random,r_k04_0011_d00_d14_d17_d22,0,"0,14,17,22","[0, 14, 17, 22]",r_k04_0011_d00_d14_d17_d22,budget-matched cardinality-stratified random full-sequence control,"{""cardinality"": 4, ""phase"": ""random_control"", ""random_rank_within_cardinality"": 11, ""random_seed"": 20260814, ""reused_existing_evaluation"": false}",2026-08-15T05:44:51.730948+00:00
random,r_k04_0012_d00_d16_d19_d29,0,"0,16,19,29","[0, 16, 19, 29]",r_k04_0012_d00_d16_d19_d29,budget-matched cardinality-stratified random full-sequence control,"{""cardinality"": 4, ""phase"": ""random_control"", ""random_rank_within_cardinality"": 12, ""random_seed"": 20260814, ""reused_existing_evaluation"": false}",2026-08-15T05:45:45.494951+00:00
random,r_k04_0013_d00_d16_d29_d31,0,"0,16,29,31","[0, 16, 29, 31]",r_k04_0013_d00_d16_d29_d31,budget-matched cardinality-stratified random full-sequence control,"{""cardinality"": 4, ""phase"": ""random_control"", ""random_rank_within_cardinality"": 13, ""random_seed"": 20260814, ""reused_existing_evaluation"": false}",2026-08-15T05:46:49.158986+00:00
random,r_k04_0014_d01_d02_d15_d19,0,"1,2,15,19","[1, 2, 15, 19]",r_k04_0014_d01_d02_d15_d19,budget-matched cardinality-stratified random full-sequence control,"{""cardinality"": 4, ""phase"": ""random_control"", ""random_rank_within_cardinality"": 14, ""random_seed"": 20260814, ""reused_existing_evaluation"": false}",2026-08-15T05:47:42.537868+00:00
random,r_k04_0015_d01_d03_d05_d11,0,"1,3,5,11","[1, 3, 5, 11]",r_k04_0015_d01_d03_d05_d11,budget-matched cardinality-stratified random full-sequence control,"{""cardinality"": 4, ""phase"": ""random_control"", ""random_rank_within_cardinality"": 15, ""random_seed"": 20260814, ""reused_existing_evaluation"": false}",2026-08-15T05:48:30.217948+00:00
random,r_k04_0016_d01_d03_d09_d19,0,"1,3,9,19","[1, 3, 9, 19]",r_k04_0016_d01_d03_d09_d19,budget-matched cardinality-stratified random full-sequence control,"{""cardinality"": 4, ""phase"": ""random_control"", ""random_rank_within_cardinality"": 16, ""random_seed"": 20260814, ""reused_existing_evaluation"": false}",2026-08-15T05:49:19.615809+00:00
random,r_k04_0017_d01_d03_d13_d17,0,"1,3,13,17","[1, 3, 13, 17]",r_k04_0017_d01_d03_d13_d17,budget-matched cardinality-stratified random full-sequence control,"{""cardinality"": 4, ""phase"": ""random_control"", ""random_rank_within_cardinality"": 17, ""random_seed"": 20260814, ""reused_existing_evaluation"": false}",2026-08-15T05:50:08.686071+00:00
random,r_k04_0018_d01_d03_d16_d24,0,"1,3,16,24","[1, 3, 16, 24]",r_k04_0018_d01_d03_d16_d24,budget-matched cardinality-stratified random full-sequence control,"{""cardinality"": 4, ""phase"": ""random_control"", ""random_rank_within_cardinality"": 18, ""random_seed"": 20260814, ""reused_existing_evaluation"": false}",2026-08-15T05:50:57.521329+00:00
random,r_k04_0019_d01_d03_d22_d30,0,"1,3,22,30","[1, 3, 22, 30]",r_k04_0019_d01_d03_d22_d30,budget-matched cardinality-stratified random full-sequence control,"{""cardinality"": 4, ""phase"": ""random_control"", ""random_rank_within_cardinality"": 19, ""random_seed"": 20260814, ""reused_existing_evaluation"": false}",2026-08-15T05:51:46.121666+00:00
random,r_k04_0020_d01_d04_d17_d25,0,"1,4,17,25","[1, 4, 17, 25]",r_k04_0020_d01_d04_d17_d25,budget-matched cardinality-stratified random full-sequence control,"{""cardinality"": 4, ""phase"": ""random_control"", ""random_rank_within_cardinality"": 20, ""random_seed"": 20260814, ""reused_existing_evaluation"": false}",2026-08-15T05:52:36.921758+00:00
random,r_k04_0021_d01_d06_d13_d15,0,"1,6,13,15","[1, 6, 13, 15]",r_k04_0021_d01_d06_d13_d15,budget-matched cardinality-stratified random full-sequence control,"{""cardinality"": 4, ""phase"": ""random_control"", ""random_rank_within_cardinality"": 21, ""random_seed"": 20260814, ""reused_existing_evaluation"": false}",2026-08-15T05:53:08.444075+00:00
random,r_k04_0022_d01_d06_d21_d29,0,"1,6,21,29","[1, 6, 21, 29]",r_k04_0022_d01_d06_d21_d29,budget-matched cardinality-stratified random full-sequence control,"{""cardinality"": 4, ""phase"": ""random_control"", ""random_rank_within_cardinality"": 22, ""random_seed"": 20260814, ""reused_existing_evaluation"": false}",2026-08-15T05:54:00.053883+00:00
random,r_k04_0023_d01_d07_d11_d28,0,"1,7,11,28","[1, 7, 11, 28]",r_k04_0023_d01_d07_d11_d28,budget-matched cardinality-stratified random full-sequence control,"{""cardinality"": 4, ""phase"": ""random_control"", ""random_rank_within_cardinality"": 23, ""random_seed"": 20260814, ""reused_existing_evaluation"": false}",2026-08-15T05:54:55.950110+00:00
random,r_k04_0024_d01_d09_d14_d30,0,"1,9,14,30","[1, 9, 14, 30]",r_k04_0024_d01_d09_d14_d30,budget-matched cardinality-stratified random full-sequence control,"{""cardinality"": 4, ""phase"": ""random_control"", ""random_rank_within_cardinality"": 24, ""random_seed"": 20260814, ""reused_existing_evaluation"": false}",2026-08-15T05:55:17.369353+00:00
random,r_k04_0025_d01_d09_d21_d24,0,"1,9,21,24","[1, 9, 21, 24]",r_k04_0025_d01_d09_d21_d24,budget-matched cardinality-stratified random full-sequence control,"{""cardinality"": 4, ""phase"": ""random_control"", ""random_rank_within_cardinality"": 25, ""random_seed"": 20260814, ""reused_existing_evaluation"": false}",2026-08-15T05:56:09.121875+00:00
random,r_k04_0026_d01_d11_d23_d27,0,"1,11,23,27","[1, 11, 23, 27]",r_k04_0026_d01_d11_d23_d27,budget-matched cardinality-stratified random full-sequence control,"{""cardinality"": 4, ""phase"": ""random_control"", ""random_rank_within_cardinality"": 26, ""random_seed"": 20260814, ""reused_existing_evaluation"": false}",2026-08-15T05:57:04.740239+00:00
random,r_k04_0027_d01_d13_d15_d17,0,"1,13,15,17","[1, 13, 15, 17]",r_k04_0027_d01_d13_d15_d17,budget-matched cardinality-stratified random full-sequence control,"{""cardinality"": 4, ""phase"": ""random_control"", ""random_rank_within_cardinality"": 27, ""random_seed"": 20260814, ""reused_existing_evaluation"": false}",2026-08-15T05:58:04.149386+00:00
random,r_k04_0028_d02_d04_d23_d29,0,"2,4,23,29","[2, 4, 23, 29]",r_k04_0028_d02_d04_d23_d29,budget-matched cardinality-stratified random full-sequence control,"{""cardinality"": 4, ""phase"": ""random_control"", ""random_rank_within_cardinality"": 28, ""random_seed"": 20260814, ""reused_existing_evaluation"": false}",2026-08-15T05:58:55.696781+00:00
random,r_k04_0029_d02_d05_d10_d18,0,"2,5,10,18","[2, 5, 10, 18]",r_k04_0029_d02_d05_d10_d18,budget-matched cardinality-stratified random full-sequence control,"{""cardinality"": 4, ""phase"": ""random_control"", ""random_rank_within_cardinality"": 29, ""random_seed"": 20260814, ""reused_existing_evaluation"": false}",2026-08-15T05:59:46.217648+00:00
random,r_k04_0030_d02_d05_d12_d20,0,"2,5,12,20","[2, 5, 12, 20]",r_k04_0030_d02_d05_d12_d20,budget-matched cardinality-stratified random full-sequence control,"{""cardinality"": 4, ""phase"": ""random_control"", ""random_rank_within_cardinality"": 30, ""random_seed"": 20260814, ""reused_existing_evaluation"": false}",2026-08-15T06:00:34.138786+00:00
random,r_k04_0031_d02_d06_d15_d26,0,"2,6,15,26","[2, 6, 15, 26]",r_k04_0031_d02_d06_d15_d26,budget-matched cardinality-stratified random full-sequence control,"{""cardinality"": 4, ""phase"": ""random_control"", ""random_rank_within_cardinality"": 31, ""random_seed"": 20260814, ""reused_existing_evaluation"": false}",2026-08-15T06:01:36.706117+00:00
random,r_k04_0032_d02_d07_d13_d30,0,"2,7,13,30","[2, 7, 13, 30]",r_k04_0032_d02_d07_d13_d30,budget-matched cardinality-stratified random full-sequence control,"{""cardinality"": 4, ""phase"": ""random_control"", ""random_rank_within_cardinality"": 32, ""random_seed"": 20260814, ""reused_existing_evaluation"": false}",2026-08-15T06:02:31.185307+00:00
random,r_k04_0033_d02_d07_d22_d24,0,"2,7,22,24","[2, 7, 22, 24]",r_k04_0033_d02_d07_d22_d24,budget-matched cardinality-stratified random full-sequence control,"{""cardinality"": 4, ""phase"": ""random_control"", ""random_rank_within_cardinality"": 33, ""random_seed"": 20260814, ""reused_existing_evaluation"": false}",2026-08-15T06:03:25.169650+00:00
random,r_k04_0034_d02_d09_d22_d23,0,"2,9,22,23","[2, 9, 22, 23]",r_k04_0034_d02_d09_d22_d23,budget-matched cardinality-stratified random full-sequence control,"{""cardinality"": 4, ""phase"": ""random_control"", ""random_rank_within_cardinality"": 34, ""random_seed"": 20260814, ""reused_existing_evaluation"": false}",2026-08-15T06:04:27.649164+00:00
random,r_k04_0035_d02_d12_d17_d24,0,"2,12,17,24","[2, 12, 17, 24]",r_k04_0035_d02_d12_d17_d24,budget-matched cardinality-stratified random full-sequence control,"{""cardinality"": 4, ""phase"": ""random_control"", ""random_rank_within_cardinality"": 35, ""random_seed"": 20260814, ""reused_existing_evaluation"": false}",2026-08-15T06:05:19.485697+00:00
random,r_k04_0036_d02_d13_d17_d30,0,"2,13,17,30","[2, 13, 17, 30]",r_k04_0036_d02_d13_d17_d30,budget-matched cardinality-stratified random full-sequence control,"{""cardinality"": 4, ""phase"": ""random_control"", ""random_rank_within_cardinality"": 36, ""random_seed"": 20260814, ""reused_existing_evaluation"": false}",2026-08-15T06:06:19.512054+00:00
random,r_k04_0037_d03_d05_d11_d18,0,"3,5,11,18","[3, 5, 11, 18]",r_k04_0037_d03_d05_d11_d18,budget-matched cardinality-stratified random full-sequence control,"{""cardinality"": 4, ""phase"": ""random_control"", ""random_rank_within_cardinality"": 37, ""random_seed"": 20260814, ""reused_existing_evaluation"": false}",2026-08-15T06:07:07.473247+00:00
random,r_k04_0038_d03_d08_d09_d29,0,"3,8,9,29","[3, 8, 9, 29]",r_k04_0038_d03_d08_d09_d29,budget-matched cardinality-stratified random full-sequence control,"{""cardinality"": 4, ""phase"": ""random_control"", ""random_rank_within_cardinality"": 38, ""random_seed"": 20260814, ""reused_existing_evaluation"": false}",2026-08-15T06:07:57.383489+00:00
random,r_k04_0039_d03_d08_d12_d26,0,"3,8,12,26","[3, 8, 12, 26]",r_k04_0039_d03_d08_d12_d26,budget-matched cardinality-stratified random full-sequence control,"{""cardinality"": 4, ""phase"": ""random_control"", ""random_rank_within_cardinality"": 39, ""random_seed"": 20260814, ""reused_existing_evaluation"": false}",2026-08-15T06:08:46.116674+00:00
random,r_k04_0040_d03_d09_d15_d23,0,"3,9,15,23","[3, 9, 15, 23]",r_k04_0040_d03_d09_d15_d23,budget-matched cardinality-stratified random full-sequence control,"{""cardinality"": 4, ""phase"": ""random_control"", ""random_rank_within_cardinality"": 40, ""random_seed"": 20260814, ""reused_existing_evaluation"": false}",2026-08-15T06:09:36.348635+00:00
random,r_k04_0041_d03_d12_d18_d22,0,"3,12,18,22","[3, 12, 18, 22]",r_k04_0041_d03_d12_d18_d22,budget-matched cardinality-stratified random full-sequence control,"{""cardinality"": 4, ""phase"": ""random_control"", ""random_rank_within_cardinality"": 41, ""random_seed"": 20260814, ""reused_existing_evaluation"": false}",2026-08-15T06:10:25.079948+00:00
random,r_k04_0042_d03_d19_d22_d25,0,"3,19,22,25","[3, 19, 22, 25]",r_k04_0042_d03_d19_d22_d25,budget-matched cardinality-stratified random full-sequence control,"{""cardinality"": 4, ""phase"": ""random_control"", ""random_rank_within_cardinality"": 42, ""random_seed"": 20260814, ""reused_existing_evaluation"": false}",2026-08-15T06:11:14.089876+00:00
random,r_k04_0043_d04_d06_d08_d12,0,"4,6,8,12","[4, 6, 8, 12]",r_k04_0043_d04_d06_d08_d12,budget-matched cardinality-stratified random full-sequence control,"{""cardinality"": 4, ""phase"": ""random_control"", ""random_rank_within_cardinality"": 43, ""random_seed"": 20260814, ""reused_existing_evaluation"": false}",2026-08-15T06:12:04.437432+00:00
random,r_k04_0044_d04_d06_d27_d28,0,"4,6,27,28","[4, 6, 27, 28]",r_k04_0044_d04_d06_d27_d28,budget-matched cardinality-stratified random full-sequence control,"{""cardinality"": 4, ""phase"": ""random_control"", ""random_rank_within_cardinality"": 44, ""random_seed"": 20260814, ""reused_existing_evaluation"": false}",2026-08-15T06:12:57.938688+00:00
random,r_k04_0045_d04_d07_d19_d22,0,"4,7,19,22","[4, 7, 19, 22]",r_k04_0045_d04_d07_d19_d22,budget-matched cardinality-stratified random full-sequence control,"{""cardinality"": 4, ""phase"": ""random_control"", ""random_rank_within_cardinality"": 45, ""random_seed"": 20260814, ""reused_existing_evaluation"": false}",2026-08-15T06:13:48.656407+00:00
random,r_k04_0046_d04_d08_d09_d29,0,"4,8,9,29","[4, 8, 9, 29]",r_k04_0046_d04_d08_d09_d29,budget-matched cardinality-stratified random full-sequence control,"{""cardinality"": 4, ""phase"": ""random_control"", ""random_rank_within_cardinality"": 46, ""random_seed"": 20260814, ""reused_existing_evaluation"": false}",2026-08-15T06:14:41.352744+00:00
random,r_k04_0047_d04_d09_d14_d26,0,"4,9,14,26","[4, 9, 14, 26]",r_k04_0047_d04_d09_d14_d26,budget-matched cardinality-stratified random full-sequence control,"{""cardinality"": 4, ""phase"": ""random_control"", ""random_rank_within_cardinality"": 47, ""random_seed"": 20260814, ""reused_existing_evaluation"": false}",2026-08-15T06:15:35.495048+00:00
random,r_k04_0048_d04_d14_d22_d24,0,"4,14,22,24","[4, 14, 22, 24]",r_k04_0048_d04_d14_d22_d24,budget-matched cardinality-stratified random full-sequence control,"{""cardinality"": 4, ""phase"": ""random_control"", ""random_rank_within_cardinality"": 48, ""random_seed"": 20260814, ""reused_existing_evaluation"": false}",2026-08-15T06:16:26.278531+00:00
random,r_k04_0049_d04_d17_d19_d27,0,"4,17,19,27","[4, 17, 19, 27]",r_k04_0049_d04_d17_d19_d27,budget-matched cardinality-stratified random full-sequence control,"{""cardinality"": 4, ""phase"": ""random_control"", ""random_rank_within_cardinality"": 49, ""random_seed"": 20260814, ""reused_existing_evaluation"": false}",2026-08-15T06:17:16.143772+00:00
random,r_k04_0050_d04_d17_d22_d31,0,"4,17,22,31","[4, 17, 22, 31]",r_k04_0050_d04_d17_d22_d31,budget-matched cardinality-stratified random full-sequence control,"{""cardinality"": 4, ""phase"": ""random_control"", ""random_rank_within_cardinality"": 50, ""random_seed"": 20260814, ""reused_existing_evaluation"": false}",2026-08-15T06:18:08.844568+00:00
random,r_k04_0051_d04_d18_d19_d20,0,"4,18,19,20","[4, 18, 19, 20]",r_k04_0051_d04_d18_d19_d20,budget-matched cardinality-stratified random full-sequence control,"{""cardinality"": 4, ""phase"": ""random_control"", ""random_rank_within_cardinality"": 51, ""random_seed"": 20260814, ""reused_existing_evaluation"": false}",2026-08-15T06:18:58.856477+00:00
random,r_k04_0052_d04_d20_d26_d27,0,"4,20,26,27","[4, 20, 26, 27]",r_k04_0052_d04_d20_d26_d27,budget-matched cardinality-stratified random full-sequence control,"{""cardinality"": 4, ""phase"": ""random_control"", ""random_rank_within_cardinality"": 52, ""random_seed"": 20260814, ""reused_existing_evaluation"": false}",2026-08-15T06:19:50.171368+00:00
random,r_k04_0053_d05_d06_d19_d25,0,"5,6,19,25","[5, 6, 19, 25]",r_k04_0053_d05_d06_d19_d25,budget-matched cardinality-stratified random full-sequence control,"{""cardinality"": 4, ""phase"": ""random_control"", ""random_rank_within_cardinality"": 53, ""random_seed"": 20260814, ""reused_existing_evaluation"": false}",2026-08-15T06:20:39.677918+00:00
random,r_k04_0054_d05_d09_d11_d17,0,"5,9,11,17","[5, 9, 11, 17]",r_k04_0054_d05_d09_d11_d17,budget-matched cardinality-stratified random full-sequence control,"{""cardinality"": 4, ""phase"": ""random_control"", ""random_rank_within_cardinality"": 54, ""random_seed"": 20260814, ""reused_existing_evaluation"": false}",2026-08-15T06:21:30.608050+00:00
random,r_k04_0055_d05_d09_d23_d30,0,"5,9,23,30","[5, 9, 23, 30]",r_k04_0055_d05_d09_d23_d30,budget-matched cardinality-stratified random full-sequence control,"{""cardinality"": 4, ""phase"": ""random_control"", ""random_rank_within_cardinality"": 55, ""random_seed"": 20260814, ""reused_existing_evaluation"": false}",2026-08-15T06:22:21.049834+00:00
random,r_k04_0056_d05_d11_d20_d29,0,"5,11,20,29","[5, 11, 20, 29]",r_k04_0056_d05_d11_d20_d29,budget-matched cardinality-stratified random full-sequence control,"{""cardinality"": 4, ""phase"": ""random_control"", ""random_rank_within_cardinality"": 56, ""random_seed"": 20260814, ""reused_existing_evaluation"": false}",2026-08-15T06:23:10.467964+00:00
random,r_k04_0057_d05_d12_d15_d19,0,"5,12,15,19","[5, 12, 15, 19]",r_k04_0057_d05_d12_d15_d19,budget-matched cardinality-stratified random full-sequence control,"{""cardinality"": 4, ""phase"": ""random_control"", ""random_rank_within_cardinality"": 57, ""random_seed"": 20260814, ""reused_existing_evaluation"": false}",2026-08-15T06:23:58.504806+00:00
random,r_k04_0058_d05_d12_d16_d24,0,"5,12,16,24","[5, 12, 16, 24]",r_k04_0058_d05_d12_d16_d24,budget-matched cardinality-stratified random full-sequence control,"{""cardinality"": 4, ""phase"": ""random_control"", ""random_rank_within_cardinality"": 58, ""random_seed"": 20260814, ""reused_existing_evaluation"": false}",2026-08-15T06:24:46.878843+00:00
random,r_k04_0059_d05_d13_d20_d23,0,"5,13,20,23","[5, 13, 20, 23]",r_k04_0059_d05_d13_d20_d23,budget-matched cardinality-stratified random full-sequence control,"{""cardinality"": 4, ""phase"": ""random_control"", ""random_rank_within_cardinality"": 59, ""random_seed"": 20260814, ""reused_existing_evaluation"": false}",2026-08-15T06:25:37.019606+00:00
random,r_k04_0060_d05_d16_d20_d30,0,"5,16,20,30","[5, 16, 20, 30]",r_k04_0060_d05_d16_d20_d30,budget-matched cardinality-stratified random full-sequence control,"{""cardinality"": 4, ""phase"": ""random_control"", ""random_rank_within_cardinality"": 60, ""random_seed"": 20260814, ""reused_existing_evaluation"": false}",2026-08-15T06:26:27.018637+00:00
random,r_k04_0061_d05_d18_d19_d24,0,"5,18,19,24","[5, 18, 19, 24]",r_k04_0061_d05_d18_d19_d24,budget-matched cardinality-stratified random full-sequence control,"{""cardinality"": 4, ""phase"": ""random_control"", ""random_rank_within_cardinality"": 61, ""random_seed"": 20260814, ""reused_existing_evaluation"": false}",2026-08-15T06:27:15.672772+00:00
random,r_k04_0062_d06_d07_d11_d26,0,"6,7,11,26","[6, 7, 11, 26]",r_k04_0062_d06_d07_d11_d26,budget-matched cardinality-stratified random full-sequence control,"{""cardinality"": 4, ""phase"": ""random_control"", ""random_rank_within_cardinality"": 62, ""random_seed"": 20260814, ""reused_existing_evaluation"": false}",2026-08-15T06:28:10.473614+00:00
random,r_k04_0063_d06_d07_d15_d29,0,"6,7,15,29","[6, 7, 15, 29]",r_k04_0063_d06_d07_d15_d29,budget-matched cardinality-stratified random full-sequence control,"{""cardinality"": 4, ""phase"": ""random_control"", ""random_rank_within_cardinality"": 63, ""random_seed"": 20260814, ""reused_existing_evaluation"": false}",2026-08-15T06:29:04.814166+00:00
random,r_k04_0064_d06_d07_d25_d30,0,"6,7,25,30","[6, 7, 25, 30]",r_k04_0064_d06_d07_d25_d30,budget-matched cardinality-stratified random full-sequence control,"{""cardinality"": 4, ""phase"": ""random_control"", ""random_rank_within_cardinality"": 64, ""random_seed"": 20260814, ""reused_existing_evaluation"": false}",2026-08-15T06:29:58.147034+00:00
random,r_k04_0065_d06_d07_d28_d31,0,"6,7,28,31","[6, 7, 28, 31]",r_k04_0065_d06_d07_d28_d31,budget-matched cardinality-stratified random full-sequence control,"{""cardinality"": 4, ""phase"": ""random_control"", ""random_rank_within_cardinality"": 65, ""random_seed"": 20260814, ""reused_existing_evaluation"": false}",2026-08-15T06:30:56.682056+00:00
random,r_k04_0066_d06_d08_d15_d20,0,"6,8,15,20","[6, 8, 15, 20]",r_k04_0066_d06_d08_d15_d20,budget-matched cardinality-stratified random full-sequence control,"{""cardinality"": 4, ""phase"": ""random_control"", ""random_rank_within_cardinality"": 66, ""random_seed"": 20260814, ""reused_existing_evaluation"": false}",2026-08-15T06:31:55.643999+00:00
random,r_k04_0067_d06_d08_d15_d24,0,"6,8,15,24","[6, 8, 15, 24]",r_k04_0067_d06_d08_d15_d24,budget-matched cardinality-stratified random full-sequence control,"{""cardinality"": 4, ""phase"": ""random_control"", ""random_rank_within_cardinality"": 67, ""random_seed"": 20260814, ""reused_existing_evaluation"": false}",2026-08-15T06:32:48.217655+00:00
random,r_k04_0068_d06_d09_d16_d21,0,"6,9,16,21","[6, 9, 16, 21]",r_k04_0068_d06_d09_d16_d21,budget-matched cardinality-stratified random full-sequence control,"{""cardinality"": 4, ""phase"": ""random_control"", ""random_rank_within_cardinality"": 68, ""random_seed"": 20260814, ""reused_existing_evaluation"": false}",2026-08-15T06:33:43.162039+00:00
random,r_k04_0069_d06_d12_d22_d28,0,"6,12,22,28","[6, 12, 22, 28]",r_k04_0069_d06_d12_d22_d28,budget-matched cardinality-stratified random full-sequence control,"{""cardinality"": 4, ""phase"": ""random_control"", ""random_rank_within_cardinality"": 69, ""random_seed"": 20260814, ""reused_existing_evaluation"": false}",2026-08-15T06:34:38.238850+00:00
random,r_k04_0070_d06_d13_d17_d25,0,"6,13,17,25","[6, 13, 17, 25]",r_k04_0070_d06_d13_d17_d25,budget-matched cardinality-stratified random full-sequence control,"{""cardinality"": 4, ""phase"": ""random_control"", ""random_rank_within_cardinality"": 70, ""random_seed"": 20260814, ""reused_existing_evaluation"": false}",2026-08-15T06:35:36.741598+00:00
random,r_k04_0071_d06_d13_d25_d26,0,"6,13,25,26","[6, 13, 25, 26]",r_k04_0071_d06_d13_d25_d26,budget-matched cardinality-stratified random full-sequence control,"{""cardinality"": 4, ""phase"": ""random_control"", ""random_rank_within_cardinality"": 71, ""random_seed"": 20260814, ""reused_existing_evaluation"": false}",2026-08-15T06:36:35.488321+00:00
random,r_k04_0072_d06_d16_d18_d31,0,"6,16,18,31","[6, 16, 18, 31]",r_k04_0072_d06_d16_d18_d31,budget-matched cardinality-stratified random full-sequence control,"{""cardinality"": 4, ""phase"": ""random_control"", ""random_rank_within_cardinality"": 72, ""random_seed"": 20260814, ""reused_existing_evaluation"": false}",2026-08-15T06:37:39.771576+00:00
random,r_k04_0073_d06_d21_d28_d31,0,"6,21,28,31","[6, 21, 28, 31]",r_k04_0073_d06_d21_d28_d31,budget-matched cardinality-stratified random full-sequence control,"{""cardinality"": 4, ""phase"": ""random_control"", ""random_rank_within_cardinality"": 73, ""random_seed"": 20260814, ""reused_existing_evaluation"": false}",2026-08-15T06:38:35.056714+00:00
random,r_k04_0074_d07_d09_d14_d25,0,"7,9,14,25","[7, 9, 14, 25]",r_k04_0074_d07_d09_d14_d25,budget-matched cardinality-stratified random full-sequence control,"{""cardinality"": 4, ""phase"": ""random_control"", ""random_rank_within_cardinality"": 74, ""random_seed"": 20260814, ""reused_existing_evaluation"": false}",2026-08-15T06:39:31.928853+00:00
random,r_k04_0075_d07_d10_d15_d23,0,"7,10,15,23","[7, 10, 15, 23]",r_k04_0075_d07_d10_d15_d23,budget-matched cardinality-stratified random full-sequence control,"{""cardinality"": 4, ""phase"": ""random_control"", ""random_rank_within_cardinality"": 75, ""random_seed"": 20260814, ""reused_existing_evaluation"": false}",2026-08-15T06:40:26.669483+00:00
random,r_k04_0076_d07_d12_d17_d30,0,"7,12,17,30","[7, 12, 17, 30]",r_k04_0076_d07_d12_d17_d30,budget-matched cardinality-stratified random full-sequence control,"{""cardinality"": 4, ""phase"": ""random_control"", ""random_rank_within_cardinality"": 76, ""random_seed"": 20260814, ""reused_existing_evaluation"": false}",2026-08-15T06:41:17.820120+00:00
random,r_k04_0077_d07_d15_d26_d29,0,"7,15,26,29","[7, 15, 26, 29]",r_k04_0077_d07_d15_d26_d29,budget-matched cardinality-stratified random full-sequence control,"{""cardinality"": 4, ""phase"": ""random_control"", ""random_rank_within_cardinality"": 77, ""random_seed"": 20260814, ""reused_existing_evaluation"": false}",2026-08-15T06:42:12.067066+00:00
random,r_k04_0078_d07_d22_d23_d27,0,"7,22,23,27","[7, 22, 23, 27]",r_k04_0078_d07_d22_d23_d27,budget-matched cardinality-stratified random full-sequence control,"{""cardinality"": 4, ""phase"": ""random_control"", ""random_rank_within_cardinality"": 78, ""random_seed"": 20260814, ""reused_existing_evaluation"": false}",2026-08-15T06:43:07.238467+00:00
random,r_k04_0079_d08_d09_d17_d25,0,"8,9,17,25","[8, 9, 17, 25]",r_k04_0079_d08_d09_d17_d25,budget-matched cardinality-stratified random full-sequence control,"{""cardinality"": 4, ""phase"": ""random_control"", ""random_rank_within_cardinality"": 79, ""random_seed"": 20260814, ""reused_existing_evaluation"": false}",2026-08-15T06:43:38.158843+00:00
random,r_k04_0080_d08_d10_d11_d27,0,"8,10,11,27","[8, 10, 11, 27]",r_k04_0080_d08_d10_d11_d27,budget-matched cardinality-stratified random full-sequence control,"{""cardinality"": 4, ""phase"": ""random_control"", ""random_rank_within_cardinality"": 80, ""random_seed"": 20260814, ""reused_existing_evaluation"": false}",2026-08-15T06:44:38.003703+00:00
random,r_k04_0081_d08_d11_d14_d27,0,"8,11,14,27","[8, 11, 14, 27]",r_k04_0081_d08_d11_d14_d27,budget-matched cardinality-stratified random full-sequence control,"{""cardinality"": 4, ""phase"": ""random_control"", ""random_rank_within_cardinality"": 81, ""random_seed"": 20260814, ""reused_existing_evaluation"": false}",2026-08-15T06:45:05.980765+00:00
random,r_k04_0082_d08_d11_d21_d23,0,"8,11,21,23","[8, 11, 21, 23]",r_k04_0082_d08_d11_d21_d23,budget-matched cardinality-stratified random full-sequence control,"{""cardinality"": 4, ""phase"": ""random_control"", ""random_rank_within_cardinality"": 82, ""random_seed"": 20260814, ""reused_existing_evaluation"": false}",2026-08-15T06:45:57.790120+00:00
random,r_k04_0083_d08_d12_d18_d27,0,"8,12,18,27","[8, 12, 18, 27]",r_k04_0083_d08_d12_d18_d27,budget-matched cardinality-stratified random full-sequence control,"{""cardinality"": 4, ""phase"": ""random_control"", ""random_rank_within_cardinality"": 83, ""random_seed"": 20260814, ""reused_existing_evaluation"": false}",2026-08-15T06:46:50.040174+00:00
random,r_k04_0084_d08_d15_d19_d27,0,"8,15,19,27","[8, 15, 19, 27]",r_k04_0084_d08_d15_d19_d27,budget-matched cardinality-stratified random full-sequence control,"{""cardinality"": 4, ""phase"": ""random_control"", ""random_rank_within_cardinality"": 84, ""random_seed"": 20260814, ""reused_existing_evaluation"": false}",2026-08-15T06:47:42.805241+00:00
random,r_k04_0085_d08_d16_d18_d28,0,"8,16,18,28","[8, 16, 18, 28]",r_k04_0085_d08_d16_d18_d28,budget-matched cardinality-stratified random full-sequence control,"{""cardinality"": 4, ""phase"": ""random_control"", ""random_rank_within_cardinality"": 85, ""random_seed"": 20260814, ""reused_existing_evaluation"": false}",2026-08-15T06:48:48.663433+00:00
random,r_k04_0086_d08_d16_d21_d24,0,"8,16,21,24","[8, 16, 21, 24]",r_k04_0086_d08_d16_d21_d24,budget-matched cardinality-stratified random full-sequence control,"{""cardinality"": 4, ""phase"": ""random_control"", ""random_rank_within_cardinality"": 86, ""random_seed"": 20260814, ""reused_existing_evaluation"": false}",2026-08-15T06:49:40.092988+00:00
random,r_k04_0087_d08_d17_d20_d31,0,"8,17,20,31","[8, 17, 20, 31]",r_k04_0087_d08_d17_d20_d31,budget-matched cardinality-stratified random full-sequence control,"{""cardinality"": 4, ""phase"": ""random_control"", ""random_rank_within_cardinality"": 87, ""random_seed"": 20260814, ""reused_existing_evaluation"": false}",2026-08-15T06:50:43.341864+00:00
random,r_k04_0088_d08_d20_d24_d30,0,"8,20,24,30","[8, 20, 24, 30]",r_k04_0088_d08_d20_d24_d30,budget-matched cardinality-stratified random full-sequence control,"{""cardinality"": 4, ""phase"": ""random_control"", ""random_rank_within_cardinality"": 88, ""random_seed"": 20260814, ""reused_existing_evaluation"": false}",2026-08-15T06:51:34.281339+00:00
random,r_k04_0089_d09_d11_d16_d28,0,"9,11,16,28","[9, 11, 16, 28]",r_k04_0089_d09_d11_d16_d28,budget-matched cardinality-stratified random full-sequence control,"{""cardinality"": 4, ""phase"": ""random_control"", ""random_rank_within_cardinality"": 89, ""random_seed"": 20260814, ""reused_existing_evaluation"": false}",2026-08-15T06:52:38.461082+00:00
random,r_k04_0090_d09_d12_d16_d27,0,"9,12,16,27","[9, 12, 16, 27]",r_k04_0090_d09_d12_d16_d27,budget-matched cardinality-stratified random full-sequence control,"{""cardinality"": 4, ""phase"": ""random_control"", ""random_rank_within_cardinality"": 90, ""random_seed"": 20260814, ""reused_existing_evaluation"": false}",2026-08-15T06:53:32.202383+00:00
random,r_k04_0091_d09_d13_d15_d30,0,"9,13,15,30","[9, 13, 15, 30]",r_k04_0091_d09_d13_d15_d30,budget-matched cardinality-stratified random full-sequence control,"{""cardinality"": 4, ""phase"": ""random_control"", ""random_rank_within_cardinality"": 91, ""random_seed"": 20260814, ""reused_existing_evaluation"": false}",2026-08-15T06:54:03.028582+00:00
random,r_k04_0092_d09_d15_d25_d26,0,"9,15,25,26","[9, 15, 25, 26]",r_k04_0092_d09_d15_d25_d26,budget-matched cardinality-stratified random full-sequence control,"{""cardinality"": 4, ""phase"": ""random_control"", ""random_rank_within_cardinality"": 92, ""random_seed"": 20260814, ""reused_existing_evaluation"": false}",2026-08-15T06:55:02.791815+00:00
random,r_k04_0093_d09_d17_d18_d29,0,"9,17,18,29","[9, 17, 18, 29]",r_k04_0093_d09_d17_d18_d29,budget-matched cardinality-stratified random full-sequence control,"{""cardinality"": 4, ""phase"": ""random_control"", ""random_rank_within_cardinality"": 93, ""random_seed"": 20260814, ""reused_existing_evaluation"": false}",2026-08-15T06:56:06.090321+00:00
random,r_k04_0094_d09_d20_d26_d28,0,"9,20,26,28","[9, 20, 26, 28]",r_k04_0094_d09_d20_d26_d28,budget-matched cardinality-stratified random full-sequence control,"{""cardinality"": 4, ""phase"": ""random_control"", ""random_rank_within_cardinality"": 94, ""random_seed"": 20260814, ""reused_existing_evaluation"": false}",2026-08-15T06:57:10.909374+00:00
random,r_k04_0095_d09_d20_d28_d31,0,"9,20,28,31","[9, 20, 28, 31]",r_k04_0095_d09_d20_d28_d31,budget-matched cardinality-stratified random full-sequence control,"{""cardinality"": 4, ""phase"": ""random_control"", ""random_rank_within_cardinality"": 95, ""random_seed"": 20260814, ""reused_existing_evaluation"": false}",2026-08-15T06:58:16.695063+00:00
random,r_k04_0096_d10_d11_d19_d31,0,"10,11,19,31","[10, 11, 19, 31]",r_k04_0096_d10_d11_d19_d31,budget-matched cardinality-stratified random full-sequence control,"{""cardinality"": 4, ""phase"": ""random_control"", ""random_rank_within_cardinality"": 96, ""random_seed"": 20260814, ""reused_existing_evaluation"": false}",2026-08-15T06:59:10.932821+00:00
random,r_k04_0097_d10_d12_d21_d30,0,"10,12,21,30","[10, 12, 21, 30]",r_k04_0097_d10_d12_d21_d30,budget-matched cardinality-stratified random full-sequence control,"{""cardinality"": 4, ""phase"": ""random_control"", ""random_rank_within_cardinality"": 97, ""random_seed"": 20260814, ""reused_existing_evaluation"": false}",2026-08-15T07:00:00.710508+00:00
random,r_k04_0098_d10_d13_d15_d23,0,"10,13,15,23","[10, 13, 15, 23]",r_k04_0098_d10_d13_d15_d23,budget-matched cardinality-stratified random full-sequence control,"{""cardinality"": 4, ""phase"": ""random_control"", ""random_rank_within_cardinality"": 98, ""random_seed"": 20260814, ""reused_existing_evaluation"": false}",2026-08-15T07:00:59.292498+00:00
random,r_k04_0099_d10_d24_d26_d27,0,"10,24,26,27","[10, 24, 26, 27]",r_k04_0099_d10_d24_d26_d27,budget-matched cardinality-stratified random full-sequence control,"{""cardinality"": 4, ""phase"": ""random_control"", ""random_rank_within_cardinality"": 99, ""random_seed"": 20260814, ""reused_existing_evaluation"": false}",2026-08-15T07:01:52.590507+00:00
random,r_k04_0100_d11_d12_d24_d26,0,"11,12,24,26","[11, 12, 24, 26]",r_k04_0100_d11_d12_d24_d26,budget-matched cardinality-stratified random full-sequence control,"{""cardinality"": 4, ""phase"": ""random_control"", ""random_rank_within_cardinality"": 100, ""random_seed"": 20260814, ""reused_existing_evaluation"": false}",2026-08-15T07:02:43.830230+00:00
random,r_k04_0101_d11_d20_d22_d26,0,"11,20,22,26","[11, 20, 22, 26]",r_k04_0101_d11_d20_d22_d26,budget-matched cardinality-stratified random full-sequence control,"{""cardinality"": 4, ""phase"": ""random_control"", ""random_rank_within_cardinality"": 101, ""random_seed"": 20260814, ""reused_existing_evaluation"": false}",2026-08-15T07:03:15.668822+00:00
random,r_k04_0102_d12_d15_d17_d28,0,"12,15,17,28","[12, 15, 17, 28]",r_k04_0102_d12_d15_d17_d28,budget-matched cardinality-stratified random full-sequence control,"{""cardinality"": 4, ""phase"": ""random_control"", ""random_rank_within_cardinality"": 102, ""random_seed"": 20260814, ""reused_existing_evaluation"": false}",2026-08-15T07:04:07.800547+00:00
random,r_k04_0103_d12_d17_d20_d29,0,"12,17,20,29","[12, 17, 20, 29]",r_k04_0103_d12_d17_d20_d29,budget-matched cardinality-stratified random full-sequence control,"{""cardinality"": 4, ""phase"": ""random_control"", ""random_rank_within_cardinality"": 103, ""random_seed"": 20260814, ""reused_existing_evaluation"": false}",2026-08-15T07:04:58.497276+00:00
random,r_k04_0104_d13_d14_d16_d30,0,"13,14,16,30","[13, 14, 16, 30]",r_k04_0104_d13_d14_d16_d30,budget-matched cardinality-stratified random full-sequence control,"{""cardinality"": 4, ""phase"": ""random_control"", ""random_rank_within_cardinality"": 104, ""random_seed"": 20260814, ""reused_existing_evaluation"": false}",2026-08-15T07:05:19.072199+00:00
random,r_k04_0105_d13_d17_d19_d25,0,"13,17,19,25","[13, 17, 19, 25]",r_k04_0105_d13_d17_d19_d25,budget-matched cardinality-stratified random full-sequence control,"{""cardinality"": 4, ""phase"": ""random_control"", ""random_rank_within_cardinality"": 105, ""random_seed"": 20260814, ""reused_existing_evaluation"": false}",2026-08-15T07:06:11.634278+00:00
random,r_k04_0106_d13_d18_d20_d29,0,"13,18,20,29","[13, 18, 20, 29]",r_k04_0106_d13_d18_d20_d29,budget-matched cardinality-stratified random full-sequence control,"{""cardinality"": 4, ""phase"": ""random_control"", ""random_rank_within_cardinality"": 106, ""random_seed"": 20260814, ""reused_existing_evaluation"": false}",2026-08-15T07:06:41.883872+00:00
random,r_k04_0107_d13_d24_d30_d31,0,"13,24,30,31","[13, 24, 30, 31]",r_k04_0107_d13_d24_d30_d31,budget-matched cardinality-stratified random full-sequence control,"{""cardinality"": 4, ""phase"": ""random_control"", ""random_rank_within_cardinality"": 107, ""random_seed"": 20260814, ""reused_existing_evaluation"": false}",2026-08-15T07:07:34.381586+00:00
random,r_k04_0108_d14_d15_d18_d26,0,"14,15,18,26","[14, 15, 18, 26]",r_k04_0108_d14_d15_d18_d26,budget-matched cardinality-stratified random full-sequence control,"{""cardinality"": 4, ""phase"": ""random_control"", ""random_rank_within_cardinality"": 108, ""random_seed"": 20260814, ""reused_existing_evaluation"": false}",2026-08-15T07:08:05.247484+00:00
random,r_k04_0109_d14_d16_d20_d28,0,"14,16,20,28","[14, 16, 20, 28]",r_k04_0109_d14_d16_d20_d28,budget-matched cardinality-stratified random full-sequence control,"{""cardinality"": 4, ""phase"": ""random_control"", ""random_rank_within_cardinality"": 109, ""random_seed"": 20260814, ""reused_existing_evaluation"": false}",2026-08-15T07:09:08.962107+00:00
random,r_k04_0110_d14_d19_d21_d24,0,"14,19,21,24","[14, 19, 21, 24]",r_k04_0110_d14_d19_d21_d24,budget-matched cardinality-stratified random full-sequence control,"{""cardinality"": 4, ""phase"": ""random_control"", ""random_rank_within_cardinality"": 110, ""random_seed"": 20260814, ""reused_existing_evaluation"": false}",2026-08-15T07:09:59.834394+00:00
random,r_k04_0111_d15_d16_d17_d20,0,"15,16,17,20","[15, 16, 17, 20]",r_k04_0111_d15_d16_d17_d20,budget-matched cardinality-stratified random full-sequence control,"{""cardinality"": 4, ""phase"": ""random_control"", ""random_rank_within_cardinality"": 111, ""random_seed"": 20260814, ""reused_existing_evaluation"": false}",2026-08-15T07:10:59.807408+00:00
random,r_k04_0112_d15_d17_d19_d23,0,"15,17,19,23","[15, 17, 19, 23]",r_k04_0112_d15_d17_d19_d23,budget-matched cardinality-stratified random full-sequence control,"{""cardinality"": 4, ""phase"": ""random_control"", ""random_rank_within_cardinality"": 112, ""random_seed"": 20260814, ""reused_existing_evaluation"": false}",2026-08-15T07:11:52.134763+00:00
random,r_k04_0113_d15_d19_d20_d24,0,"15,19,20,24","[15, 19, 20, 24]",r_k04_0113_d15_d19_d20_d24,budget-matched cardinality-stratified random full-sequence control,"{""cardinality"": 4, ""phase"": ""random_control"", ""random_rank_within_cardinality"": 113, ""random_seed"": 20260814, ""reused_existing_evaluation"": false}",2026-08-15T07:12:42.096323+00:00
random,r_k04_0114_d15_d20_d23_d28,0,"15,20,23,28","[15, 20, 23, 28]",r_k04_0114_d15_d20_d23_d28,budget-matched cardinality-stratified random full-sequence control,"{""cardinality"": 4, ""phase"": ""random_control"", ""random_rank_within_cardinality"": 114, ""random_seed"": 20260814, ""reused_existing_evaluation"": false}",2026-08-15T07:13:39.512152+00:00
random,r_k04_0115_d18_d25_d26_d30,0,"18,25,26,30","[18, 25, 26, 30]",r_k04_0115_d18_d25_d26_d30,budget-matched cardinality-stratified random full-sequence control,"{""cardinality"": 4, ""phase"": ""random_control"", ""random_rank_within_cardinality"": 115, ""random_seed"": 20260814, ""reused_existing_evaluation"": false}",2026-08-15T07:14:36.336524+00:00
random,r_k04_0116_d23_d27_d30_d31,0,"23,27,30,31","[23, 27, 30, 31]",r_k04_0116_d23_d27_d30_d31,budget-matched cardinality-stratified random full-sequence control,"{""cardinality"": 4, ""phase"": ""random_control"", ""random_rank_within_cardinality"": 116, ""random_seed"": 20260814, ""reused_existing_evaluation"": false}",2026-08-15T07:15:35.769640+00:00
random,r_k05_0001_d00_d01_d07_d09_d11,0,"0,1,7,9,11","[0, 1, 7, 9, 11]",r_k05_0001_d00_d01_d07_d09_d11,budget-matched cardinality-stratified random full-sequence control,"{""cardinality"": 5, ""phase"": ""random_control"", ""random_rank_within_cardinality"": 1, ""random_seed"": 20260814, ""reused_existing_evaluation"": false}",2026-08-15T07:16:33.053652+00:00
random,r_k05_0002_d00_d01_d08_d11_d25,0,"0,1,8,11,25","[0, 1, 8, 11, 25]",r_k05_0002_d00_d01_d08_d11_d25,budget-matched cardinality-stratified random full-sequence control,"{""cardinality"": 5, ""phase"": ""random_control"", ""random_rank_within_cardinality"": 2, ""random_seed"": 20260814, ""reused_existing_evaluation"": false}",2026-08-15T07:17:04.392950+00:00
random,r_k05_0003_d00_d01_d12_d23_d25,0,"0,1,12,23,25","[0, 1, 12, 23, 25]",r_k05_0003_d00_d01_d12_d23_d25,budget-matched cardinality-stratified random full-sequence control,"{""cardinality"": 5, ""phase"": ""random_control"", ""random_rank_within_cardinality"": 3, ""random_seed"": 20260814, ""reused_existing_evaluation"": false}",2026-08-15T07:17:58.560718+00:00
random,r_k05_0004_d00_d02_d07_d12_d31,0,"0,2,7,12,31","[0, 2, 7, 12, 31]",r_k05_0004_d00_d02_d07_d12_d31,budget-matched cardinality-stratified random full-sequence control,"{""cardinality"": 5, ""phase"": ""random_control"", ""random_rank_within_cardinality"": 4, ""random_seed"": 20260814, ""reused_existing_evaluation"": false}",2026-08-15T07:18:55.661602+00:00
random,r_k05_0005_d00_d02_d22_d23_d27,0,"0,2,22,23,27","[0, 2, 22, 23, 27]",r_k05_0005_d00_d02_d22_d23_d27,budget-matched cardinality-stratified random full-sequence control,"{""cardinality"": 5, ""phase"": ""random_control"", ""random_rank_within_cardinality"": 5, ""random_seed"": 20260814, ""reused_existing_evaluation"": false}",2026-08-15T07:19:58.078969+00:00
random,r_k05_0006_d00_d03_d04_d23_d25,0,"0,3,4,23,25","[0, 3, 4, 23, 25]",r_k05_0006_d00_d03_d04_d23_d25,budget-matched cardinality-stratified random full-sequence control,"{""cardinality"": 5, ""phase"": ""random_control"", ""random_rank_within_cardinality"": 6, ""random_seed"": 20260814, ""reused_existing_evaluation"": false}",2026-08-15T07:20:47.855407+00:00
random,r_k05_0007_d00_d03_d17_d22_d29,0,"0,3,17,22,29","[0, 3, 17, 22, 29]",r_k05_0007_d00_d03_d17_d22_d29,budget-matched cardinality-stratified random full-sequence control,"{""cardinality"": 5, ""phase"": ""random_control"", ""random_rank_within_cardinality"": 7, ""random_seed"": 20260814, ""reused_existing_evaluation"": false}",2026-08-15T07:21:37.450209+00:00
random,r_k05_0008_d00_d04_d10_d22_d26,0,"0,4,10,22,26","[0, 4, 10, 22, 26]",r_k05_0008_d00_d04_d10_d22_d26,budget-matched cardinality-stratified random full-sequence control,"{""cardinality"": 5, ""phase"": ""random_control"", ""random_rank_within_cardinality"": 8, ""random_seed"": 20260814, ""reused_existing_evaluation"": false}",2026-08-15T07:22:31.323498+00:00
random,r_k05_0009_d00_d04_d10_d22_d29,0,"0,4,10,22,29","[0, 4, 10, 22, 29]",r_k05_0009_d00_d04_d10_d22_d29,budget-matched cardinality-stratified random full-sequence control,"{""cardinality"": 5, ""phase"": ""random_control"", ""random_rank_within_cardinality"": 9, ""random_seed"": 20260814, ""reused_existing_evaluation"": false}",2026-08-15T07:23:24.683379+00:00
random,r_k05_0010_d00_d06_d08_d21_d30,0,"0,6,8,21,30","[0, 6, 8, 21, 30]",r_k05_0010_d00_d06_d08_d21_d30,budget-matched cardinality-stratified random full-sequence control,"{""cardinality"": 5, ""phase"": ""random_control"", ""random_rank_within_cardinality"": 10, ""random_seed"": 20260814, ""reused_existing_evaluation"": false}",2026-08-15T07:24:17.771408+00:00
random,r_k05_0011_d00_d06_d09_d16_d21,0,"0,6,9,16,21","[0, 6, 9, 16, 21]",r_k05_0011_d00_d06_d09_d16_d21,budget-matched cardinality-stratified random full-sequence control,"{""cardinality"": 5, ""phase"": ""random_control"", ""random_rank_within_cardinality"": 11, ""random_seed"": 20260814, ""reused_existing_evaluation"": false}",2026-08-15T07:25:13.661336+00:00
random,r_k05_0012_d00_d07_d15_d19_d23,0,"0,7,15,19,23","[0, 7, 15, 19, 23]",r_k05_0012_d00_d07_d15_d19_d23,budget-matched cardinality-stratified random full-sequence control,"{""cardinality"": 5, ""phase"": ""random_control"", ""random_rank_within_cardinality"": 12, ""random_seed"": 20260814, ""reused_existing_evaluation"": false}",2026-08-15T07:26:07.430119+00:00
random,r_k05_0013_d00_d08_d10_d13_d15,0,"0,8,10,13,15","[0, 8, 10, 13, 15]",r_k05_0013_d00_d08_d10_d13_d15,budget-matched cardinality-stratified random full-sequence control,"{""cardinality"": 5, ""phase"": ""random_control"", ""random_rank_within_cardinality"": 13, ""random_seed"": 20260814, ""reused_existing_evaluation"": false}",2026-08-15T07:27:09.612287+00:00
random,r_k05_0014_d00_d08_d12_d13_d15,0,"0,8,12,13,15","[0, 8, 12, 13, 15]",r_k05_0014_d00_d08_d12_d13_d15,budget-matched cardinality-stratified random full-sequence control,"{""cardinality"": 5, ""phase"": ""random_control"", ""random_rank_within_cardinality"": 14, ""random_seed"": 20260814, ""reused_existing_evaluation"": false}",2026-08-15T07:28:03.232511+00:00
random,r_k05_0015_d00_d08_d13_d21_d27,0,"0,8,13,21,27","[0, 8, 13, 21, 27]",r_k05_0015_d00_d08_d13_d21_d27,budget-matched cardinality-stratified random full-sequence control,"{""cardinality"": 5, ""phase"": ""random_control"", ""random_rank_within_cardinality"": 15, ""random_seed"": 20260814, ""reused_existing_evaluation"": false}",2026-08-15T07:28:57.207314+00:00
random,r_k05_0016_d00_d09_d14_d16_d22,0,"0,9,14,16,22","[0, 9, 14, 16, 22]",r_k05_0016_d00_d09_d14_d16_d22,budget-matched cardinality-stratified random full-sequence control,"{""cardinality"": 5, ""phase"": ""random_control"", ""random_rank_within_cardinality"": 16, ""random_seed"": 20260814, ""reused_existing_evaluation"": false}",2026-08-15T07:30:02.542829+00:00
random,r_k05_0017_d00_d10_d11_d17_d31,0,"0,10,11,17,31","[0, 10, 11, 17, 31]",r_k05_0017_d00_d10_d11_d17_d31,budget-matched cardinality-stratified random full-sequence control,"{""cardinality"": 5, ""phase"": ""random_control"", ""random_rank_within_cardinality"": 17, ""random_seed"": 20260814, ""reused_existing_evaluation"": false}",2026-08-15T07:31:04.869487+00:00
random,r_k05_0018_d00_d13_d16_d28_d29,0,"0,13,16,28,29","[0, 13, 16, 28, 29]",r_k05_0018_d00_d13_d16_d28_d29,budget-matched cardinality-stratified random full-sequence control,"{""cardinality"": 5, ""phase"": ""random_control"", ""random_rank_within_cardinality"": 18, ""random_seed"": 20260814, ""reused_existing_evaluation"": false}",2026-08-15T07:32:08.442328+00:00
random,r_k05_0019_d00_d13_d23_d30_d31,0,"0,13,23,30,31","[0, 13, 23, 30, 31]",r_k05_0019_d00_d13_d23_d30_d31,budget-matched cardinality-stratified random full-sequence control,"{""cardinality"": 5, ""phase"": ""random_control"", ""random_rank_within_cardinality"": 19, ""random_seed"": 20260814, ""reused_existing_evaluation"": false}",2026-08-15T07:33:07.822884+00:00
random,r_k05_0020_d00_d16_d19_d29_d30,0,"0,16,19,29,30","[0, 16, 19, 29, 30]",r_k05_0020_d00_d16_d19_d29_d30,budget-matched cardinality-stratified random full-sequence control,"{""cardinality"": 5, ""phase"": ""random_control"", ""random_rank_within_cardinality"": 20, ""random_seed"": 20260814, ""reused_existing_evaluation"": false}",2026-08-15T07:34:01.500881+00:00
random,r_k05_0021_d01_d02_d20_d24_d30,0,"1,2,20,24,30","[1, 2, 20, 24, 30]",r_k05_0021_d01_d02_d20_d24_d30,budget-matched cardinality-stratified random full-sequence control,"{""cardinality"": 5, ""phase"": ""random_control"", ""random_rank_within_cardinality"": 21, ""random_seed"": 20260814, ""reused_existing_evaluation"": false}",2026-08-15T07:34:54.118488+00:00
random,r_k05_0022_d01_d04_d08_d14_d16,0,"1,4,8,14,16","[1, 4, 8, 14, 16]",r_k05_0022_d01_d04_d08_d14_d16,budget-matched cardinality-stratified random full-sequence control,"{""cardinality"": 5, ""phase"": ""random_control"", ""random_rank_within_cardinality"": 22, ""random_seed"": 20260814, ""reused_existing_evaluation"": false}",2026-08-15T07:35:47.482666+00:00
random,r_k05_0023_d01_d04_d17_d19_d20,0,"1,4,17,19,20","[1, 4, 17, 19, 20]",r_k05_0023_d01_d04_d17_d19_d20,budget-matched cardinality-stratified random full-sequence control,"{""cardinality"": 5, ""phase"": ""random_control"", ""random_rank_within_cardinality"": 23, ""random_seed"": 20260814, ""reused_existing_evaluation"": false}",2026-08-15T07:36:39.029971+00:00
random,r_k05_0024_d01_d08_d10_d19_d22,0,"1,8,10,19,22","[1, 8, 10, 19, 22]",r_k05_0024_d01_d08_d10_d19_d22,budget-matched cardinality-stratified random full-sequence control,"{""cardinality"": 5, ""phase"": ""random_control"", ""random_rank_within_cardinality"": 24, ""random_seed"": 20260814, ""reused_existing_evaluation"": false}",2026-08-15T07:37:34.767335+00:00
random,r_k05_0025_d01_d10_d14_d16_d28,0,"1,10,14,16,28","[1, 10, 14, 16, 28]",r_k05_0025_d01_d10_d14_d16_d28,budget-matched cardinality-stratified random full-sequence control,"{""cardinality"": 5, ""phase"": ""random_control"", ""random_rank_within_cardinality"": 25, ""random_seed"": 20260814, ""reused_existing_evaluation"": false}",2026-08-15T07:38:42.913185+00:00
random,r_k05_0026_d01_d12_d17_d22_d28,0,"1,12,17,22,28","[1, 12, 17, 22, 28]",r_k05_0026_d01_d12_d17_d22_d28,budget-matched cardinality-stratified random full-sequence control,"{""cardinality"": 5, ""phase"": ""random_control"", ""random_rank_within_cardinality"": 26, ""random_seed"": 20260814, ""reused_existing_evaluation"": false}",2026-08-15T07:39:39.262922+00:00
random,r_k05_0027_d01_d12_d18_d19_d20,0,"1,12,18,19,20","[1, 12, 18, 19, 20]",r_k05_0027_d01_d12_d18_d19_d20,budget-matched cardinality-stratified random full-sequence control,"{""cardinality"": 5, ""phase"": ""random_control"", ""random_rank_within_cardinality"": 27, ""random_seed"": 20260814, ""reused_existing_evaluation"": false}",2026-08-15T07:40:31.877217+00:00
random,r_k05_0028_d01_d14_d15_d22_d27,0,"1,14,15,22,27","[1, 14, 15, 22, 27]",r_k05_0028_d01_d14_d15_d22_d27,budget-matched cardinality-stratified random full-sequence control,"{""cardinality"": 5, ""phase"": ""random_control"", ""random_rank_within_cardinality"": 28, ""random_seed"": 20260814, ""reused_existing_evaluation"": false}",2026-08-15T07:41:03.613567+00:00
random,r_k05_0029_d02_d03_d06_d12_d14,0,"2,3,6,12,14","[2, 3, 6, 12, 14]",r_k05_0029_d02_d03_d06_d12_d14,budget-matched cardinality-stratified random full-sequence control,"{""cardinality"": 5, ""phase"": ""random_control"", ""random_rank_within_cardinality"": 29, ""random_seed"": 20260814, ""reused_existing_evaluation"": false}",2026-08-15T07:41:55.182708+00:00
random,r_k05_0030_d02_d03_d21_d25_d31,0,"2,3,21,25,31","[2, 3, 21, 25, 31]",r_k05_0030_d02_d03_d21_d25_d31,budget-matched cardinality-stratified random full-sequence control,"{""cardinality"": 5, ""phase"": ""random_control"", ""random_rank_within_cardinality"": 30, ""random_seed"": 20260814, ""reused_existing_evaluation"": false}",2026-08-15T07:42:46.161910+00:00
random,r_k05_0031_d02_d04_d08_d12_d21,0,"2,4,8,12,21","[2, 4, 8, 12, 21]",r_k05_0031_d02_d04_d08_d12_d21,budget-matched cardinality-stratified random full-sequence control,"{""cardinality"": 5, ""phase"": ""random_control"", ""random_rank_within_cardinality"": 31, ""random_seed"": 20260814, ""reused_existing_evaluation"": false}",2026-08-15T07:43:36.485269+00:00
random,r_k05_0032_d02_d04_d09_d22_d27,0,"2,4,9,22,27","[2, 4, 9, 22, 27]",r_k05_0032_d02_d04_d09_d22_d27,budget-matched cardinality-stratified random full-sequence control,"{""cardinality"": 5, ""phase"": ""random_control"", ""random_rank_within_cardinality"": 32, ""random_seed"": 20260814, ""reused_existing_evaluation"": false}",2026-08-15T07:44:31.399993+00:00
random,r_k05_0033_d02_d04_d25_d27_d29,0,"2,4,25,27,29","[2, 4, 25, 27, 29]",r_k05_0033_d02_d04_d25_d27_d29,budget-matched cardinality-stratified random full-sequence control,"{""cardinality"": 5, ""phase"": ""random_control"", ""random_rank_within_cardinality"": 33, ""random_seed"": 20260814, ""reused_existing_evaluation"": false}",2026-08-15T07:45:24.228152+00:00
random,r_k05_0034_d02_d05_d11_d23_d29,0,"2,5,11,23,29","[2, 5, 11, 23, 29]",r_k05_0034_d02_d05_d11_d23_d29,budget-matched cardinality-stratified random full-sequence control,"{""cardinality"": 5, ""phase"": ""random_control"", ""random_rank_within_cardinality"": 34, ""random_seed"": 20260814, ""reused_existing_evaluation"": false}",2026-08-15T07:46:16.132345+00:00
random,r_k05_0035_d02_d06_d07_d10_d12,0,"2,6,7,10,12","[2, 6, 7, 10, 12]",r_k05_0035_d02_d06_d07_d10_d12,budget-matched cardinality-stratified random full-sequence control,"{""cardinality"": 5, ""phase"": ""random_control"", ""random_rank_within_cardinality"": 35, ""random_seed"": 20260814, ""reused_existing_evaluation"": false}",2026-08-15T07:47:10.527426+00:00
random,r_k05_0036_d02_d06_d08_d09_d31,0,"2,6,8,9,31","[2, 6, 8, 9, 31]",r_k05_0036_d02_d06_d08_d09_d31,budget-matched cardinality-stratified random full-sequence control,"{""cardinality"": 5, ""phase"": ""random_control"", ""random_rank_within_cardinality"": 36, ""random_seed"": 20260814, ""reused_existing_evaluation"": false}",2026-08-15T07:48:18.041909+00:00
random,r_k05_0037_d02_d07_d10_d21_d31,0,"2,7,10,21,31","[2, 7, 10, 21, 31]",r_k05_0037_d02_d07_d10_d21_d31,budget-matched cardinality-stratified random full-sequence control,"{""cardinality"": 5, ""phase"": ""random_control"", ""random_rank_within_cardinality"": 37, ""random_seed"": 20260814, ""reused_existing_evaluation"": false}",2026-08-15T07:49:13.926118+00:00
random,r_k05_0038_d02_d08_d14_d23_d24,0,"2,8,14,23,24","[2, 8, 14, 23, 24]",r_k05_0038_d02_d08_d14_d23_d24,budget-matched cardinality-stratified random full-sequence control,"{""cardinality"": 5, ""phase"": ""random_control"", ""random_rank_within_cardinality"": 38, ""random_seed"": 20260814, ""reused_existing_evaluation"": false}",2026-08-15T07:50:09.527538+00:00
random,r_k05_0039_d02_d11_d14_d15_d31,0,"2,11,14,15,31","[2, 11, 14, 15, 31]",r_k05_0039_d02_d11_d14_d15_d31,budget-matched cardinality-stratified random full-sequence control,"{""cardinality"": 5, ""phase"": ""random_control"", ""random_rank_within_cardinality"": 39, ""random_seed"": 20260814, ""reused_existing_evaluation"": false}",2026-08-15T07:51:13.446307+00:00
random,r_k05_0040_d02_d13_d21_d28_d31,0,"2,13,21,28,31","[2, 13, 21, 28, 31]",r_k05_0040_d02_d13_d21_d28_d31,budget-matched cardinality-stratified random full-sequence control,"{""cardinality"": 5, ""phase"": ""random_control"", ""random_rank_within_cardinality"": 40, ""random_seed"": 20260814, ""reused_existing_evaluation"": false}",2026-08-15T07:52:10.323024+00:00
random,r_k05_0041_d02_d15_d26_d29_d30,0,"2,15,26,29,30","[2, 15, 26, 29, 30]",r_k05_0041_d02_d15_d26_d29_d30,budget-matched cardinality-stratified random full-sequence control,"{""cardinality"": 5, ""phase"": ""random_control"", ""random_rank_within_cardinality"": 41, ""random_seed"": 20260814, ""reused_existing_evaluation"": false}",2026-08-15T07:52:32.622268+00:00
random,r_k05_0042_d02_d17_d20_d22_d25,0,"2,17,20,22,25","[2, 17, 20, 22, 25]",r_k05_0042_d02_d17_d20_d22_d25,budget-matched cardinality-stratified random full-sequence control,"{""cardinality"": 5, ""phase"": ""random_control"", ""random_rank_within_cardinality"": 42, ""random_seed"": 20260814, ""reused_existing_evaluation"": false}",2026-08-15T07:53:03.022921+00:00
random,r_k05_0043_d02_d18_d21_d28_d29,0,"2,18,21,28,29","[2, 18, 21, 28, 29]",r_k05_0043_d02_d18_d21_d28_d29,budget-matched cardinality-stratified random full-sequence control,"{""cardinality"": 5, ""phase"": ""random_control"", ""random_rank_within_cardinality"": 43, ""random_seed"": 20260814, ""reused_existing_evaluation"": false}",2026-08-15T07:53:58.102778+00:00
random,r_k05_0044_d03_d07_d11_d13_d28,0,"3,7,11,13,28","[3, 7, 11, 13, 28]",r_k05_0044_d03_d07_d11_d13_d28,budget-matched cardinality-stratified random full-sequence control,"{""cardinality"": 5, ""phase"": ""random_control"", ""random_rank_within_cardinality"": 44, ""random_seed"": 20260814, ""reused_existing_evaluation"": false}",2026-08-15T07:54:50.182294+00:00
random,r_k05_0045_d03_d07_d14_d15_d26,0,"3,7,14,15,26","[3, 7, 14, 15, 26]",r_k05_0045_d03_d07_d14_d15_d26,budget-matched cardinality-stratified random full-sequence control,"{""cardinality"": 5, ""phase"": ""random_control"", ""random_rank_within_cardinality"": 45, ""random_seed"": 20260814, ""reused_existing_evaluation"": false}",2026-08-15T07:55:42.141321+00:00
random,r_k05_0046_d03_d07_d25_d26_d29,0,"3,7,25,26,29","[3, 7, 25, 26, 29]",r_k05_0046_d03_d07_d25_d26_d29,budget-matched cardinality-stratified random full-sequence control,"{""cardinality"": 5, ""phase"": ""random_control"", ""random_rank_within_cardinality"": 46, ""random_seed"": 20260814, ""reused_existing_evaluation"": false}",2026-08-15T07:56:33.632524+00:00
random,r_k05_0047_d03_d08_d10_d24_d31,0,"3,8,10,24,31","[3, 8, 10, 24, 31]",r_k05_0047_d03_d08_d10_d24_d31,budget-matched cardinality-stratified random full-sequence control,"{""cardinality"": 5, ""phase"": ""random_control"", ""random_rank_within_cardinality"": 47, ""random_seed"": 20260814, ""reused_existing_evaluation"": false}",2026-08-15T07:57:24.572716+00:00
random,r_k05_0048_d03_d08_d11_d24_d31,0,"3,8,11,24,31","[3, 8, 11, 24, 31]",r_k05_0048_d03_d08_d11_d24_d31,budget-matched cardinality-stratified random full-sequence control,"{""cardinality"": 5, ""phase"": ""random_control"", ""random_rank_within_cardinality"": 48, ""random_seed"": 20260814, ""reused_existing_evaluation"": false}",2026-08-15T07:58:14.843192+00:00
random,r_k05_0049_d03_d14_d15_d26_d28,0,"3,14,15,26,28","[3, 14, 15, 26, 28]",r_k05_0049_d03_d14_d15_d26_d28,budget-matched cardinality-stratified random full-sequence control,"{""cardinality"": 5, ""phase"": ""random_control"", ""random_rank_within_cardinality"": 49, ""random_seed"": 20260814, ""reused_existing_evaluation"": false}",2026-08-15T07:59:07.627750+00:00
random,r_k05_0050_d03_d20_d21_d24_d29,0,"3,20,21,24,29","[3, 20, 21, 24, 29]",r_k05_0050_d03_d20_d21_d24_d29,budget-matched cardinality-stratified random full-sequence control,"{""cardinality"": 5, ""phase"": ""random_control"", ""random_rank_within_cardinality"": 50, ""random_seed"": 20260814, ""reused_existing_evaluation"": false}",2026-08-15T07:59:56.661073+00:00
random,r_k05_0051_d04_d05_d08_d11_d29,0,"4,5,8,11,29","[4, 5, 8, 11, 29]",r_k05_0051_d04_d05_d08_d11_d29,budget-matched cardinality-stratified random full-sequence control,"{""cardinality"": 5, ""phase"": ""random_control"", ""random_rank_within_cardinality"": 51, ""random_seed"": 20260814, ""reused_existing_evaluation"": false}",2026-08-15T08:00:47.312042+00:00
random,r_k05_0052_d04_d05_d17_d26_d29,0,"4,5,17,26,29","[4, 5, 17, 26, 29]",r_k05_0052_d04_d05_d17_d26_d29,budget-matched cardinality-stratified random full-sequence control,"{""cardinality"": 5, ""phase"": ""random_control"", ""random_rank_within_cardinality"": 52, ""random_seed"": 20260814, ""reused_existing_evaluation"": false}",2026-08-15T08:01:37.858465+00:00
random,r_k05_0053_d04_d06_d22_d27_d28,0,"4,6,22,27,28","[4, 6, 22, 27, 28]",r_k05_0053_d04_d06_d22_d27_d28,budget-matched cardinality-stratified random full-sequence control,"{""cardinality"": 5, ""phase"": ""random_control"", ""random_rank_within_cardinality"": 53, ""random_seed"": 20260814, ""reused_existing_evaluation"": false}",2026-08-15T08:02:32.960770+00:00
random,r_k05_0054_d04_d07_d11_d25_d28,0,"4,7,11,25,28","[4, 7, 11, 25, 28]",r_k05_0054_d04_d07_d11_d25_d28,budget-matched cardinality-stratified random full-sequence control,"{""cardinality"": 5, ""phase"": ""random_control"", ""random_rank_within_cardinality"": 54, ""random_seed"": 20260814, ""reused_existing_evaluation"": false}",2026-08-15T08:03:26.166849+00:00
random,r_k05_0055_d04_d08_d10_d29_d30,0,"4,8,10,29,30","[4, 8, 10, 29, 30]",r_k05_0055_d04_d08_d10_d29_d30,budget-matched cardinality-stratified random full-sequence control,"{""cardinality"": 5, ""phase"": ""random_control"", ""random_rank_within_cardinality"": 55, ""random_seed"": 20260814, ""reused_existing_evaluation"": false}",2026-08-15T08:04:19.363632+00:00
random,r_k05_0056_d04_d09_d14_d20_d25,0,"4,9,14,20,25","[4, 9, 14, 20, 25]",r_k05_0056_d04_d09_d14_d20_d25,budget-matched cardinality-stratified random full-sequence control,"{""cardinality"": 5, ""phase"": ""random_control"", ""random_rank_within_cardinality"": 56, ""random_seed"": 20260814, ""reused_existing_evaluation"": false}",2026-08-15T08:05:12.876465+00:00
random,r_k05_0057_d04_d11_d14_d15_d29,0,"4,11,14,15,29","[4, 11, 14, 15, 29]",r_k05_0057_d04_d11_d14_d15_d29,budget-matched cardinality-stratified random full-sequence control,"{""cardinality"": 5, ""phase"": ""random_control"", ""random_rank_within_cardinality"": 57, ""random_seed"": 20260814, ""reused_existing_evaluation"": false}",2026-08-15T08:06:06.463514+00:00
random,r_k05_0058_d04_d17_d24_d27_d30,0,"4,17,24,27,30","[4, 17, 24, 27, 30]",r_k05_0058_d04_d17_d24_d27_d30,budget-matched cardinality-stratified random full-sequence control,"{""cardinality"": 5, ""phase"": ""random_control"", ""random_rank_within_cardinality"": 58, ""random_seed"": 20260814, ""reused_existing_evaluation"": false}",2026-08-15T08:06:57.394964+00:00
random,r_k05_0059_d05_d06_d20_d22_d25,0,"5,6,20,22,25","[5, 6, 20, 22, 25]",r_k05_0059_d05_d06_d20_d22_d25,budget-matched cardinality-stratified random full-sequence control,"{""cardinality"": 5, ""phase"": ""random_control"", ""random_rank_within_cardinality"": 59, ""random_seed"": 20260814, ""reused_existing_evaluation"": false}",2026-08-15T08:07:49.059814+00:00
random,r_k05_0060_d05_d08_d11_d17_d22,0,"5,8,11,17,22","[5, 8, 11, 17, 22]",r_k05_0060_d05_d08_d11_d17_d22,budget-matched cardinality-stratified random full-sequence control,"{""cardinality"": 5, ""phase"": ""random_control"", ""random_rank_within_cardinality"": 60, ""random_seed"": 20260814, ""reused_existing_evaluation"": false}",2026-08-15T08:08:40.967654+00:00
random,r_k05_0061_d05_d08_d13_d14_d30,0,"5,8,13,14,30","[5, 8, 13, 14, 30]",r_k05_0061_d05_d08_d13_d14_d30,budget-matched cardinality-stratified random full-sequence control,"{""cardinality"": 5, ""phase"": ""random_control"", ""random_rank_within_cardinality"": 61, ""random_seed"": 20260814, ""reused_existing_evaluation"": false}",2026-08-15T08:09:33.072362+00:00
random,r_k05_0062_d05_d08_d21_d24_d27,0,"5,8,21,24,27","[5, 8, 21, 24, 27]",r_k05_0062_d05_d08_d21_d24_d27,budget-matched cardinality-stratified random full-sequence control,"{""cardinality"": 5, ""phase"": ""random_control"", ""random_rank_within_cardinality"": 62, ""random_seed"": 20260814, ""reused_existing_evaluation"": false}",2026-08-15T08:10:22.713637+00:00
random,r_k05_0063_d05_d09_d11_d30_d31,0,"5,9,11,30,31","[5, 9, 11, 30, 31]",r_k05_0063_d05_d09_d11_d30_d31,budget-matched cardinality-stratified random full-sequence control,"{""cardinality"": 5, ""phase"": ""random_control"", ""random_rank_within_cardinality"": 63, ""random_seed"": 20260814, ""reused_existing_evaluation"": false}",2026-08-15T08:11:15.486922+00:00
random,r_k05_0064_d05_d09_d17_d22_d26,0,"5,9,17,22,26","[5, 9, 17, 22, 26]",r_k05_0064_d05_d09_d17_d22_d26,budget-matched cardinality-stratified random full-sequence control,"{""cardinality"": 5, ""phase"": ""random_control"", ""random_rank_within_cardinality"": 64, ""random_seed"": 20260814, ""reused_existing_evaluation"": false}",2026-08-15T08:12:08.797112+00:00
random,r_k05_0065_d05_d11_d16_d26_d27,0,"5,11,16,26,27","[5, 11, 16, 26, 27]",r_k05_0065_d05_d11_d16_d26_d27,budget-matched cardinality-stratified random full-sequence control,"{""cardinality"": 5, ""phase"": ""random_control"", ""random_rank_within_cardinality"": 65, ""random_seed"": 20260814, ""reused_existing_evaluation"": false}",2026-08-15T08:13:00.968942+00:00
random,r_k05_0066_d05_d12_d16_d22_d31,0,"5,12,16,22,31","[5, 12, 16, 22, 31]",r_k05_0066_d05_d12_d16_d22_d31,budget-matched cardinality-stratified random full-sequence control,"{""cardinality"": 5, ""phase"": ""random_control"", ""random_rank_within_cardinality"": 66, ""random_seed"": 20260814, ""reused_existing_evaluation"": false}",2026-08-15T08:13:52.412759+00:00
random,r_k05_0067_d05_d12_d21_d26_d29,0,"5,12,21,26,29","[5, 12, 21, 26, 29]",r_k05_0067_d05_d12_d21_d26_d29,budget-matched cardinality-stratified random full-sequence control,"{""cardinality"": 5, ""phase"": ""random_control"", ""random_rank_within_cardinality"": 67, ""random_seed"": 20260814, ""reused_existing_evaluation"": false}",2026-08-15T08:14:42.076199+00:00
random,r_k05_0068_d05_d14_d21_d27_d28,0,"5,14,21,27,28","[5, 14, 21, 27, 28]",r_k05_0068_d05_d14_d21_d27_d28,budget-matched cardinality-stratified random full-sequence control,"{""cardinality"": 5, ""phase"": ""random_control"", ""random_rank_within_cardinality"": 68, ""random_seed"": 20260814, ""reused_existing_evaluation"": false}",2026-08-15T08:15:34.200496+00:00
random,r_k05_0069_d05_d18_d22_d24_d28,0,"5,18,22,24,28","[5, 18, 22, 24, 28]",r_k05_0069_d05_d18_d22_d24_d28,budget-matched cardinality-stratified random full-sequence control,"{""cardinality"": 5, ""phase"": ""random_control"", ""random_rank_within_cardinality"": 69, ""random_seed"": 20260814, ""reused_existing_evaluation"": false}",2026-08-15T08:16:26.612020+00:00
random,r_k05_0070_d06_d08_d20_d29_d30,0,"6,8,20,29,30","[6, 8, 20, 29, 30]",r_k05_0070_d06_d08_d20_d29_d30,budget-matched cardinality-stratified random full-sequence control,"{""cardinality"": 5, ""phase"": ""random_control"", ""random_rank_within_cardinality"": 70, ""random_seed"": 20260814, ""reused_existing_evaluation"": false}",2026-08-15T08:16:48.390907+00:00
random,r_k05_0071_d06_d09_d12_d16_d18,0,"6,9,12,16,18","[6, 9, 12, 16, 18]",r_k05_0071_d06_d09_d12_d16_d18,budget-matched cardinality-stratified random full-sequence control,"{""cardinality"": 5, ""phase"": ""random_control"", ""random_rank_within_cardinality"": 71, ""random_seed"": 20260814, ""reused_existing_evaluation"": false}",2026-08-15T08:17:44.097103+00:00
random,r_k05_0072_d06_d09_d13_d14_d15,0,"6,9,13,14,15","[6, 9, 13, 14, 15]",r_k05_0072_d06_d09_d13_d14_d15,budget-matched cardinality-stratified random full-sequence control,"{""cardinality"": 5, ""phase"": ""random_control"", ""random_rank_within_cardinality"": 72, ""random_seed"": 20260814, ""reused_existing_evaluation"": false}",2026-08-15T08:18:47.717039+00:00
random,r_k05_0073_d06_d12_d23_d26_d31,0,"6,12,23,26,31","[6, 12, 23, 26, 31]",r_k05_0073_d06_d12_d23_d26_d31,budget-matched cardinality-stratified random full-sequence control,"{""cardinality"": 5, ""phase"": ""random_control"", ""random_rank_within_cardinality"": 73, ""random_seed"": 20260814, ""reused_existing_evaluation"": false}",2026-08-15T08:19:42.233340+00:00
random,r_k05_0074_d06_d13_d17_d29_d31,0,"6,13,17,29,31","[6, 13, 17, 29, 31]",r_k05_0074_d06_d13_d17_d29_d31,budget-matched cardinality-stratified random full-sequence control,"{""cardinality"": 5, ""phase"": ""random_control"", ""random_rank_within_cardinality"": 74, ""random_seed"": 20260814, ""reused_existing_evaluation"": false}",2026-08-15T08:20:45.651369+00:00
random,r_k05_0075_d07_d08_d09_d15_d27,0,"7,8,9,15,27","[7, 8, 9, 15, 27]",r_k05_0075_d07_d08_d09_d15_d27,budget-matched cardinality-stratified random full-sequence control,"{""cardinality"": 5, ""phase"": ""random_control"", ""random_rank_within_cardinality"": 75, ""random_seed"": 20260814, ""reused_existing_evaluation"": false}",2026-08-15T08:21:43.220871+00:00
random,r_k05_0076_d07_d08_d09_d18_d27,0,"7,8,9,18,27","[7, 8, 9, 18, 27]",r_k05_0076_d07_d08_d09_d18_d27,budget-matched cardinality-stratified random full-sequence control,"{""cardinality"": 5, ""phase"": ""random_control"", ""random_rank_within_cardinality"": 76, ""random_seed"": 20260814, ""reused_existing_evaluation"": false}",2026-08-15T08:22:41.057230+00:00
random,r_k05_0077_d07_d11_d12_d13_d19,0,"7,11,12,13,19","[7, 11, 12, 13, 19]",r_k05_0077_d07_d11_d12_d13_d19,budget-matched cardinality-stratified random full-sequence control,"{""cardinality"": 5, ""phase"": ""random_control"", ""random_rank_within_cardinality"": 77, ""random_seed"": 20260814, ""reused_existing_evaluation"": false}",2026-08-15T08:23:33.583270+00:00
random,r_k05_0078_d07_d12_d19_d24_d30,0,"7,12,19,24,30","[7, 12, 19, 24, 30]",r_k05_0078_d07_d12_d19_d24_d30,budget-matched cardinality-stratified random full-sequence control,"{""cardinality"": 5, ""phase"": ""random_control"", ""random_rank_within_cardinality"": 78, ""random_seed"": 20260814, ""reused_existing_evaluation"": false}",2026-08-15T08:24:25.388371+00:00
random,r_k05_0079_d07_d13_d20_d27_d28,0,"7,13,20,27,28","[7, 13, 20, 27, 28]",r_k05_0079_d07_d13_d20_d27_d28,budget-matched cardinality-stratified random full-sequence control,"{""cardinality"": 5, ""phase"": ""random_control"", ""random_rank_within_cardinality"": 79, ""random_seed"": 20260814, ""reused_existing_evaluation"": false}",2026-08-15T08:25:23.134722+00:00
random,r_k05_0080_d07_d14_d21_d23_d31,0,"7,14,21,23,31","[7, 14, 21, 23, 31]",r_k05_0080_d07_d14_d21_d23_d31,budget-matched cardinality-stratified random full-sequence control,"{""cardinality"": 5, ""phase"": ""random_control"", ""random_rank_within_cardinality"": 80, ""random_seed"": 20260814, ""reused_existing_evaluation"": false}",2026-08-15T08:26:17.746216+00:00
random,r_k05_0081_d07_d18_d22_d26_d27,0,"7,18,22,26,27","[7, 18, 22, 26, 27]",r_k05_0081_d07_d18_d22_d26_d27,budget-matched cardinality-stratified random full-sequence control,"{""cardinality"": 5, ""phase"": ""random_control"", ""random_rank_within_cardinality"": 81, ""random_seed"": 20260814, ""reused_existing_evaluation"": false}",2026-08-15T08:27:15.022781+00:00
random,r_k05_0082_d07_d20_d28_d29_d30,0,"7,20,28,29,30","[7, 20, 28, 29, 30]",r_k05_0082_d07_d20_d28_d29_d30,budget-matched cardinality-stratified random full-sequence control,"{""cardinality"": 5, ""phase"": ""random_control"", ""random_rank_within_cardinality"": 82, ""random_seed"": 20260814, ""reused_existing_evaluation"": false}",2026-08-15T08:28:10.376216+00:00
random,r_k05_0083_d08_d11_d13_d28_d31,0,"8,11,13,28,31","[8, 11, 13, 28, 31]",r_k05_0083_d08_d11_d13_d28_d31,budget-matched cardinality-stratified random full-sequence control,"{""cardinality"": 5, ""phase"": ""random_control"", ""random_rank_within_cardinality"": 83, ""random_seed"": 20260814, ""reused_existing_evaluation"": false}",2026-08-15T08:29:14.350292+00:00
random,r_k05_0084_d08_d11_d16_d17_d23,0,"8,11,16,17,23","[8, 11, 16, 17, 23]",r_k05_0084_d08_d11_d16_d17_d23,budget-matched cardinality-stratified random full-sequence control,"{""cardinality"": 5, ""phase"": ""random_control"", ""random_rank_within_cardinality"": 84, ""random_seed"": 20260814, ""reused_existing_evaluation"": false}",2026-08-15T08:30:13.738243+00:00
random,r_k05_0085_d08_d16_d21_d22_d24,0,"8,16,21,22,24","[8, 16, 21, 22, 24]",r_k05_0085_d08_d16_d21_d22_d24,budget-matched cardinality-stratified random full-sequence control,"{""cardinality"": 5, ""phase"": ""random_control"", ""random_rank_within_cardinality"": 85, ""random_seed"": 20260814, ""reused_existing_evaluation"": false}",2026-08-15T08:31:06.776071+00:00
random,r_k05_0086_d08_d19_d24_d26_d30,0,"8,19,24,26,30","[8, 19, 24, 26, 30]",r_k05_0086_d08_d19_d24_d26_d30,budget-matched cardinality-stratified random full-sequence control,"{""cardinality"": 5, ""phase"": ""random_control"", ""random_rank_within_cardinality"": 86, ""random_seed"": 20260814, ""reused_existing_evaluation"": false}",2026-08-15T08:31:58.904915+00:00
random,r_k05_0087_d08_d23_d25_d27_d31,0,"8,23,25,27,31","[8, 23, 25, 27, 31]",r_k05_0087_d08_d23_d25_d27_d31,budget-matched cardinality-stratified random full-sequence control,"{""cardinality"": 5, ""phase"": ""random_control"", ""random_rank_within_cardinality"": 87, ""random_seed"": 20260814, ""reused_existing_evaluation"": false}",2026-08-15T08:32:56.722849+00:00
random,r_k05_0088_d09_d10_d11_d12_d21,0,"9,10,11,12,21","[9, 10, 11, 12, 21]",r_k05_0088_d09_d10_d11_d12_d21,budget-matched cardinality-stratified random full-sequence control,"{""cardinality"": 5, ""phase"": ""random_control"", ""random_rank_within_cardinality"": 88, ""random_seed"": 20260814, ""reused_existing_evaluation"": false}",2026-08-15T08:33:49.312547+00:00
random,r_k05_0089_d09_d10_d11_d25_d30,0,"9,10,11,25,30","[9, 10, 11, 25, 30]",r_k05_0089_d09_d10_d11_d25_d30,budget-matched cardinality-stratified random full-sequence control,"{""cardinality"": 5, ""phase"": ""random_control"", ""random_rank_within_cardinality"": 89, ""random_seed"": 20260814, ""reused_existing_evaluation"": false}",2026-08-15T08:34:48.029890+00:00
random,r_k05_0090_d09_d10_d18_d19_d22,0,"9,10,18,19,22","[9, 10, 18, 19, 22]",r_k05_0090_d09_d10_d18_d19_d22,budget-matched cardinality-stratified random full-sequence control,"{""cardinality"": 5, ""phase"": ""random_control"", ""random_rank_within_cardinality"": 90, ""random_seed"": 20260814, ""reused_existing_evaluation"": false}",2026-08-15T08:35:45.646411+00:00
random,r_k05_0091_d09_d13_d15_d27_d28,0,"9,13,15,27,28","[9, 13, 15, 27, 28]",r_k05_0091_d09_d13_d15_d27_d28,budget-matched cardinality-stratified random full-sequence control,"{""cardinality"": 5, ""phase"": ""random_control"", ""random_rank_within_cardinality"": 91, ""random_seed"": 20260814, ""reused_existing_evaluation"": false}",2026-08-15T08:36:48.549556+00:00
random,r_k05_0092_d09_d13_d20_d23_d25,0,"9,13,20,23,25","[9, 13, 20, 23, 25]",r_k05_0092_d09_d13_d20_d23_d25,budget-matched cardinality-stratified random full-sequence control,"{""cardinality"": 5, ""phase"": ""random_control"", ""random_rank_within_cardinality"": 92, ""random_seed"": 20260814, ""reused_existing_evaluation"": false}",2026-08-15T08:37:18.719974+00:00
random,r_k05_0093_d09_d14_d16_d25_d29,0,"9,14,16,25,29","[9, 14, 16, 25, 29]",r_k05_0093_d09_d14_d16_d25_d29,budget-matched cardinality-stratified random full-sequence control,"{""cardinality"": 5, ""phase"": ""random_control"", ""random_rank_within_cardinality"": 93, ""random_seed"": 20260814, ""reused_existing_evaluation"": false}",2026-08-15T08:38:19.867206+00:00
random,r_k05_0094_d09_d20_d25_d26_d28,0,"9,20,25,26,28","[9, 20, 25, 26, 28]",r_k05_0094_d09_d20_d25_d26_d28,budget-matched cardinality-stratified random full-sequence control,"{""cardinality"": 5, ""phase"": ""random_control"", ""random_rank_within_cardinality"": 94, ""random_seed"": 20260814, ""reused_existing_evaluation"": false}",2026-08-15T08:38:53.792581+00:00
random,r_k05_0095_d10_d12_d13_d16_d22,0,"10,12,13,16,22","[10, 12, 13, 16, 22]",r_k05_0095_d10_d12_d13_d16_d22,budget-matched cardinality-stratified random full-sequence control,"{""cardinality"": 5, ""phase"": ""random_control"", ""random_rank_within_cardinality"": 95, ""random_seed"": 20260814, ""reused_existing_evaluation"": false}",2026-08-15T08:39:47.742887+00:00
random,r_k05_0096_d10_d12_d17_d18_d31,0,"10,12,17,18,31","[10, 12, 17, 18, 31]",r_k05_0096_d10_d12_d17_d18_d31,budget-matched cardinality-stratified random full-sequence control,"{""cardinality"": 5, ""phase"": ""random_control"", ""random_rank_within_cardinality"": 96, ""random_seed"": 20260814, ""reused_existing_evaluation"": false}",2026-08-15T08:40:41.420001+00:00
random,r_k05_0097_d10_d13_d15_d16_d18,0,"10,13,15,16,18","[10, 13, 15, 16, 18]",r_k05_0097_d10_d13_d15_d16_d18,budget-matched cardinality-stratified random full-sequence control,"{""cardinality"": 5, ""phase"": ""random_control"", ""random_rank_within_cardinality"": 97, ""random_seed"": 20260814, ""reused_existing_evaluation"": false}",2026-08-15T08:41:03.938782+00:00
random,r_k05_0098_d10_d13_d25_d27_d29,0,"10,13,25,27,29","[10, 13, 25, 27, 29]",r_k05_0098_d10_d13_d25_d27_d29,budget-matched cardinality-stratified random full-sequence control,"{""cardinality"": 5, ""phase"": ""random_control"", ""random_rank_within_cardinality"": 98, ""random_seed"": 20260814, ""reused_existing_evaluation"": false}",2026-08-15T08:42:03.021858+00:00
random,r_k05_0099_d10_d15_d20_d22_d24,0,"10,15,20,22,24","[10, 15, 20, 22, 24]",r_k05_0099_d10_d15_d20_d22_d24,budget-matched cardinality-stratified random full-sequence control,"{""cardinality"": 5, ""phase"": ""random_control"", ""random_rank_within_cardinality"": 99, ""random_seed"": 20260814, ""reused_existing_evaluation"": false}",2026-08-15T08:42:56.572154+00:00
random,r_k05_0100_d10_d18_d23_d27_d28,0,"10,18,23,27,28","[10, 18, 23, 27, 28]",r_k05_0100_d10_d18_d23_d27_d28,budget-matched cardinality-stratified random full-sequence control,"{""cardinality"": 5, ""phase"": ""random_control"", ""random_rank_within_cardinality"": 100, ""random_seed"": 20260814, ""reused_existing_evaluation"": false}",2026-08-15T08:43:58.675304+00:00
random,r_k05_0101_d10_d20_d25_d30_d31,0,"10,20,25,30,31","[10, 20, 25, 30, 31]",r_k05_0101_d10_d20_d25_d30_d31,budget-matched cardinality-stratified random full-sequence control,"{""cardinality"": 5, ""phase"": ""random_control"", ""random_rank_within_cardinality"": 101, ""random_seed"": 20260814, ""reused_existing_evaluation"": false}",2026-08-15T08:44:56.831570+00:00
random,r_k05_0102_d11_d13_d18_d20_d23,0,"11,13,18,20,23","[11, 13, 18, 20, 23]",r_k05_0102_d11_d13_d18_d20_d23,budget-matched cardinality-stratified random full-sequence control,"{""cardinality"": 5, ""phase"": ""random_control"", ""random_rank_within_cardinality"": 102, ""random_seed"": 20260814, ""reused_existing_evaluation"": false}",2026-08-15T08:45:54.198326+00:00
random,r_k05_0103_d12_d13_d15_d16_d28,0,"12,13,15,16,28","[12, 13, 15, 16, 28]",r_k05_0103_d12_d13_d15_d16_d28,budget-matched cardinality-stratified random full-sequence control,"{""cardinality"": 5, ""phase"": ""random_control"", ""random_rank_within_cardinality"": 103, ""random_seed"": 20260814, ""reused_existing_evaluation"": false}",2026-08-15T08:46:49.156241+00:00
random,r_k05_0104_d12_d17_d18_d19_d26,0,"12,17,18,19,26","[12, 17, 18, 19, 26]",r_k05_0104_d12_d17_d18_d19_d26,budget-matched cardinality-stratified random full-sequence control,"{""cardinality"": 5, ""phase"": ""random_control"", ""random_rank_within_cardinality"": 104, ""random_seed"": 20260814, ""reused_existing_evaluation"": false}",2026-08-15T08:47:42.380681+00:00
random,r_k05_0105_d14_d16_d17_d22_d24,0,"14,16,17,22,24","[14, 16, 17, 22, 24]",r_k05_0105_d14_d16_d17_d22_d24,budget-matched cardinality-stratified random full-sequence control,"{""cardinality"": 5, ""phase"": ""random_control"", ""random_rank_within_cardinality"": 105, ""random_seed"": 20260814, ""reused_existing_evaluation"": false}",2026-08-15T08:48:38.781741+00:00
random,r_k05_0106_d14_d20_d28_d29_d31,0,"14,20,28,29,31","[14, 20, 28, 29, 31]",r_k05_0106_d14_d20_d28_d29_d31,budget-matched cardinality-stratified random full-sequence control,"{""cardinality"": 5, ""phase"": ""random_control"", ""random_rank_within_cardinality"": 106, ""random_seed"": 20260814, ""reused_existing_evaluation"": false}",2026-08-15T08:49:44.647778+00:00
random,r_k05_0107_d15_d17_d21_d22_d31,0,"15,17,21,22,31","[15, 17, 21, 22, 31]",r_k05_0107_d15_d17_d21_d22_d31,budget-matched cardinality-stratified random full-sequence control,"{""cardinality"": 5, ""phase"": ""random_control"", ""random_rank_within_cardinality"": 107, ""random_seed"": 20260814, ""reused_existing_evaluation"": false}",2026-08-15T08:50:39.039624+00:00
random,r_k05_0108_d15_d19_d20_d26_d31,0,"15,19,20,26,31","[15, 19, 20, 26, 31]",r_k05_0108_d15_d19_d20_d26_d31,budget-matched cardinality-stratified random full-sequence control,"{""cardinality"": 5, ""phase"": ""random_control"", ""random_rank_within_cardinality"": 108, ""random_seed"": 20260814, ""reused_existing_evaluation"": false}",2026-08-15T08:51:34.720980+00:00
random,r_k05_0109_d16_d18_d22_d23_d31,0,"16,18,22,23,31","[16, 18, 22, 23, 31]",r_k05_0109_d16_d18_d22_d23_d31,budget-matched cardinality-stratified random full-sequence control,"{""cardinality"": 5, ""phase"": ""random_control"", ""random_rank_within_cardinality"": 109, ""random_seed"": 20260814, ""reused_existing_evaluation"": false}",2026-08-15T08:52:38.040643+00:00
random,r_k05_0110_d16_d22_d23_d26_d31,0,"16,22,23,26,31","[16, 22, 23, 26, 31]",r_k05_0110_d16_d22_d23_d26_d31,budget-matched cardinality-stratified random full-sequence control,"{""cardinality"": 5, ""phase"": ""random_control"", ""random_rank_within_cardinality"": 110, ""random_seed"": 20260814, ""reused_existing_evaluation"": false}",2026-08-15T08:53:41.900701+00:00
random,r_k05_0111_d16_d25_d26_d30_d31,0,"16,25,26,30,31","[16, 25, 26, 30, 31]",r_k05_0111_d16_d25_d26_d30_d31,budget-matched cardinality-stratified random full-sequence control,"{""cardinality"": 5, ""phase"": ""random_control"", ""random_rank_within_cardinality"": 111, ""random_seed"": 20260814, ""reused_existing_evaluation"": false}",2026-08-15T08:54:41.360428+00:00
random,r_k05_0112_d18_d19_d23_d25_d27,0,"18,19,23,25,27","[18, 19, 23, 25, 27]",r_k05_0112_d18_d19_d23_d25_d27,budget-matched cardinality-stratified random full-sequence control,"{""cardinality"": 5, ""phase"": ""random_control"", ""random_rank_within_cardinality"": 112, ""random_seed"": 20260814, ""reused_existing_evaluation"": false}",2026-08-15T08:55:35.135813+00:00
random,r_k06_0001_d00_d01_d06_d08_d13_d22,0,"0,1,6,8,13,22","[0, 1, 6, 8, 13, 22]",r_k06_0001_d00_d01_d06_d08_d13_d22,budget-matched cardinality-stratified random full-sequence control,"{""cardinality"": 6, ""phase"": ""random_control"", ""random_rank_within_cardinality"": 1, ""random_seed"": 20260814, ""reused_existing_evaluation"": false}",2026-08-15T08:56:06.340083+00:00
random,r_k06_0002_d00_d02_d04_d07_d10_d14,0,"0,2,4,7,10,14","[0, 2, 4, 7, 10, 14]",r_k06_0002_d00_d02_d04_d07_d10_d14,budget-matched cardinality-stratified random full-sequence control,"{""cardinality"": 6, ""phase"": ""random_control"", ""random_rank_within_cardinality"": 2, ""random_seed"": 20260814, ""reused_existing_evaluation"": false}",2026-08-15T08:57:00.494535+00:00
random,r_k06_0003_d00_d02_d07_d09_d17_d20,0,"0,2,7,9,17,20","[0, 2, 7, 9, 17, 20]",r_k06_0003_d00_d02_d07_d09_d17_d20,budget-matched cardinality-stratified random full-sequence control,"{""cardinality"": 6, ""phase"": ""random_control"", ""random_rank_within_cardinality"": 3, ""random_seed"": 20260814, ""reused_existing_evaluation"": false}",2026-08-15T08:57:59.297978+00:00
random,r_k06_0004_d00_d02_d08_d17_d19_d23,0,"0,2,8,17,19,23","[0, 2, 8, 17, 19, 23]",r_k06_0004_d00_d02_d08_d17_d19_d23,budget-matched cardinality-stratified random full-sequence control,"{""cardinality"": 6, ""phase"": ""random_control"", ""random_rank_within_cardinality"": 4, ""random_seed"": 20260814, ""reused_existing_evaluation"": false}",2026-08-15T08:58:55.752517+00:00
random,r_k06_0005_d00_d02_d12_d13_d17_d30,0,"0,2,12,13,17,30","[0, 2, 12, 13, 17, 30]",r_k06_0005_d00_d02_d12_d13_d17_d30,budget-matched cardinality-stratified random full-sequence control,"{""cardinality"": 6, ""phase"": ""random_control"", ""random_rank_within_cardinality"": 5, ""random_seed"": 20260814, ""reused_existing_evaluation"": false}",2026-08-15T08:59:49.277381+00:00
random,r_k06_0006_d00_d03_d05_d10_d15_d31,0,"0,3,5,10,15,31","[0, 3, 5, 10, 15, 31]",r_k06_0006_d00_d03_d05_d10_d15_d31,budget-matched cardinality-stratified random full-sequence control,"{""cardinality"": 6, ""phase"": ""random_control"", ""random_rank_within_cardinality"": 6, ""random_seed"": 20260814, ""reused_existing_evaluation"": false}",2026-08-15T09:00:40.166557+00:00
random,r_k06_0007_d00_d05_d10_d17_d18_d24,0,"0,5,10,17,18,24","[0, 5, 10, 17, 18, 24]",r_k06_0007_d00_d05_d10_d17_d18_d24,budget-matched cardinality-stratified random full-sequence control,"{""cardinality"": 6, ""phase"": ""random_control"", ""random_rank_within_cardinality"": 7, ""random_seed"": 20260814, ""reused_existing_evaluation"": false}",2026-08-15T09:01:30.981667+00:00
random,r_k06_0008_d00_d07_d11_d14_d21_d28,0,"0,7,11,14,21,28","[0, 7, 11, 14, 21, 28]",r_k06_0008_d00_d07_d11_d14_d21_d28,budget-matched cardinality-stratified random full-sequence control,"{""cardinality"": 6, ""phase"": ""random_control"", ""random_rank_within_cardinality"": 8, ""random_seed"": 20260814, ""reused_existing_evaluation"": false}",2026-08-15T09:02:25.662072+00:00
random,r_k06_0009_d00_d08_d09_d19_d26_d31,0,"0,8,9,19,26,31","[0, 8, 9, 19, 26, 31]",r_k06_0009_d00_d08_d09_d19_d26_d31,budget-matched cardinality-stratified random full-sequence control,"{""cardinality"": 6, ""phase"": ""random_control"", ""random_rank_within_cardinality"": 9, ""random_seed"": 20260814, ""reused_existing_evaluation"": false}",2026-08-15T09:03:24.609906+00:00
random,r_k06_0010_d00_d10_d12_d15_d18_d31,0,"0,10,12,15,18,31","[0, 10, 12, 15, 18, 31]",r_k06_0010_d00_d10_d12_d15_d18_d31,budget-matched cardinality-stratified random full-sequence control,"{""cardinality"": 6, ""phase"": ""random_control"", ""random_rank_within_cardinality"": 10, ""random_seed"": 20260814, ""reused_existing_evaluation"": false}",2026-08-15T09:04:18.805026+00:00
random,r_k06_0011_d00_d11_d12_d17_d19_d25,0,"0,11,12,17,19,25","[0, 11, 12, 17, 19, 25]",r_k06_0011_d00_d11_d12_d17_d19_d25,budget-matched cardinality-stratified random full-sequence control,"{""cardinality"": 6, ""phase"": ""random_control"", ""random_rank_within_cardinality"": 11, ""random_seed"": 20260814, ""reused_existing_evaluation"": false}",2026-08-15T09:05:11.150696+00:00
random,r_k06_0012_d00_d12_d22_d27_d29_d30,0,"0,12,22,27,29,30","[0, 12, 22, 27, 29, 30]",r_k06_0012_d00_d12_d22_d27_d29_d30,budget-matched cardinality-stratified random full-sequence control,"{""cardinality"": 6, ""phase"": ""random_control"", ""random_rank_within_cardinality"": 12, ""random_seed"": 20260814, ""reused_existing_evaluation"": false}",2026-08-15T09:06:03.942995+00:00
random,r_k06_0013_d00_d15_d22_d26_d27_d30,0,"0,15,22,26,27,30","[0, 15, 22, 26, 27, 30]",r_k06_0013_d00_d15_d22_d26_d27_d30,budget-matched cardinality-stratified random full-sequence control,"{""cardinality"": 6, ""phase"": ""random_control"", ""random_rank_within_cardinality"": 13, ""random_seed"": 20260814, ""reused_existing_evaluation"": false}",2026-08-15T09:06:25.251492+00:00
random,r_k06_0014_d00_d16_d17_d18_d28_d31,0,"0,16,17,18,28,31","[0, 16, 17, 18, 28, 31]",r_k06_0014_d00_d16_d17_d18_d28_d31,budget-matched cardinality-stratified random full-sequence control,"{""cardinality"": 6, ""phase"": ""random_control"", ""random_rank_within_cardinality"": 14, ""random_seed"": 20260814, ""reused_existing_evaluation"": false}",2026-08-15T09:07:32.769889+00:00
random,r_k06_0015_d00_d20_d22_d24_d25_d30,0,"0,20,22,24,25,30","[0, 20, 22, 24, 25, 30]",r_k06_0015_d00_d20_d22_d24_d25_d30,budget-matched cardinality-stratified random full-sequence control,"{""cardinality"": 6, ""phase"": ""random_control"", ""random_rank_within_cardinality"": 15, ""random_seed"": 20260814, ""reused_existing_evaluation"": false}",2026-08-15T09:08:26.114302+00:00
random,r_k06_0016_d00_d20_d23_d24_d25_d28,0,"0,20,23,24,25,28","[0, 20, 23, 24, 25, 28]",r_k06_0016_d00_d20_d23_d24_d25_d28,budget-matched cardinality-stratified random full-sequence control,"{""cardinality"": 6, ""phase"": ""random_control"", ""random_rank_within_cardinality"": 16, ""random_seed"": 20260814, ""reused_existing_evaluation"": false}",2026-08-15T09:09:20.658582+00:00
random,r_k06_0017_d01_d03_d04_d08_d13_d16,0,"1,3,4,8,13,16","[1, 3, 4, 8, 13, 16]",r_k06_0017_d01_d03_d04_d08_d13_d16,budget-matched cardinality-stratified random full-sequence control,"{""cardinality"": 6, ""phase"": ""random_control"", ""random_rank_within_cardinality"": 17, ""random_seed"": 20260814, ""reused_existing_evaluation"": false}",2026-08-15T09:10:11.397779+00:00
random,r_k06_0018_d01_d03_d05_d12_d27_d30,0,"1,3,5,12,27,30","[1, 3, 5, 12, 27, 30]",r_k06_0018_d01_d03_d05_d12_d27_d30,budget-matched cardinality-stratified random full-sequence control,"{""cardinality"": 6, ""phase"": ""random_control"", ""random_rank_within_cardinality"": 18, ""random_seed"": 20260814, ""reused_existing_evaluation"": false}",2026-08-15T09:11:00.125335+00:00
random,r_k06_0019_d01_d03_d07_d08_d12_d16,0,"1,3,7,8,12,16","[1, 3, 7, 8, 12, 16]",r_k06_0019_d01_d03_d07_d08_d12_d16,budget-matched cardinality-stratified random full-sequence control,"{""cardinality"": 6, ""phase"": ""random_control"", ""random_rank_within_cardinality"": 19, ""random_seed"": 20260814, ""reused_existing_evaluation"": false}",2026-08-15T09:11:51.721844+00:00
random,r_k06_0020_d01_d04_d05_d16_d21_d22,0,"1,4,5,16,21,22","[1, 4, 5, 16, 21, 22]",r_k06_0020_d01_d04_d05_d16_d21_d22,budget-matched cardinality-stratified random full-sequence control,"{""cardinality"": 6, ""phase"": ""random_control"", ""random_rank_within_cardinality"": 20, ""random_seed"": 20260814, ""reused_existing_evaluation"": false}",2026-08-15T09:12:42.267065+00:00
random,r_k06_0021_d01_d04_d06_d16_d19_d22,0,"1,4,6,16,19,22","[1, 4, 6, 16, 19, 22]",r_k06_0021_d01_d04_d06_d16_d19_d22,budget-matched cardinality-stratified random full-sequence control,"{""cardinality"": 6, ""phase"": ""random_control"", ""random_rank_within_cardinality"": 21, ""random_seed"": 20260814, ""reused_existing_evaluation"": false}",2026-08-15T09:13:35.300700+00:00
random,r_k06_0022_d01_d04_d13_d16_d18_d21,0,"1,4,13,16,18,21","[1, 4, 13, 16, 18, 21]",r_k06_0022_d01_d04_d13_d16_d18_d21,budget-matched cardinality-stratified random full-sequence control,"{""cardinality"": 6, ""phase"": ""random_control"", ""random_rank_within_cardinality"": 22, ""random_seed"": 20260814, ""reused_existing_evaluation"": false}",2026-08-15T09:14:27.424436+00:00
random,r_k06_0023_d01_d05_d06_d09_d16_d28,0,"1,5,6,9,16,28","[1, 5, 6, 9, 16, 28]",r_k06_0023_d01_d05_d06_d09_d16_d28,budget-matched cardinality-stratified random full-sequence control,"{""cardinality"": 6, ""phase"": ""random_control"", ""random_rank_within_cardinality"": 23, ""random_seed"": 20260814, ""reused_existing_evaluation"": false}",2026-08-15T09:15:21.869489+00:00
random,r_k06_0024_d01_d06_d07_d10_d22_d23,0,"1,6,7,10,22,23","[1, 6, 7, 10, 22, 23]",r_k06_0024_d01_d06_d07_d10_d22_d23,budget-matched cardinality-stratified random full-sequence control,"{""cardinality"": 6, ""phase"": ""random_control"", ""random_rank_within_cardinality"": 24, ""random_seed"": 20260814, ""reused_existing_evaluation"": false}",2026-08-15T09:16:18.668453+00:00
random,r_k06_0025_d01_d06_d15_d17_d25_d31,0,"1,6,15,17,25,31","[1, 6, 15, 17, 25, 31]",r_k06_0025_d01_d06_d15_d17_d25_d31,budget-matched cardinality-stratified random full-sequence control,"{""cardinality"": 6, ""phase"": ""random_control"", ""random_rank_within_cardinality"": 25, ""random_seed"": 20260814, ""reused_existing_evaluation"": false}",2026-08-15T09:17:19.514790+00:00
random,r_k06_0026_d01_d06_d18_d24_d29_d31,0,"1,6,18,24,29,31","[1, 6, 18, 24, 29, 31]",r_k06_0026_d01_d06_d18_d24_d29_d31,budget-matched cardinality-stratified random full-sequence control,"{""cardinality"": 6, ""phase"": ""random_control"", ""random_rank_within_cardinality"": 26, ""random_seed"": 20260814, ""reused_existing_evaluation"": false}",2026-08-15T09:18:14.632069+00:00
random,r_k06_0027_d01_d07_d09_d15_d21_d31,0,"1,7,9,15,21,31","[1, 7, 9, 15, 21, 31]",r_k06_0027_d01_d07_d09_d15_d21_d31,budget-matched cardinality-stratified random full-sequence control,"{""cardinality"": 6, ""phase"": ""random_control"", ""random_rank_within_cardinality"": 27, ""random_seed"": 20260814, ""reused_existing_evaluation"": false}",2026-08-15T09:19:10.454122+00:00
random,r_k06_0028_d01_d07_d10_d14_d20_d24,0,"1,7,10,14,20,24","[1, 7, 10, 14, 20, 24]",r_k06_0028_d01_d07_d10_d14_d20_d24,budget-matched cardinality-stratified random full-sequence control,"{""cardinality"": 6, ""phase"": ""random_control"", ""random_rank_within_cardinality"": 28, ""random_seed"": 20260814, ""reused_existing_evaluation"": false}",2026-08-15T09:20:04.761684+00:00
random,r_k06_0029_d01_d09_d12_d18_d19_d26,0,"1,9,12,18,19,26","[1, 9, 12, 18, 19, 26]",r_k06_0029_d01_d09_d12_d18_d19_d26,budget-matched cardinality-stratified random full-sequence control,"{""cardinality"": 6, ""phase"": ""random_control"", ""random_rank_within_cardinality"": 29, ""random_seed"": 20260814, ""reused_existing_evaluation"": false}",2026-08-15T09:20:58.928190+00:00
random,r_k06_0030_d01_d09_d13_d18_d22_d28,0,"1,9,13,18,22,28","[1, 9, 13, 18, 22, 28]",r_k06_0030_d01_d09_d13_d18_d22_d28,budget-matched cardinality-stratified random full-sequence control,"{""cardinality"": 6, ""phase"": ""random_control"", ""random_rank_within_cardinality"": 30, ""random_seed"": 20260814, ""reused_existing_evaluation"": false}",2026-08-15T09:22:04.178996+00:00
random,r_k06_0031_d01_d11_d12_d28_d29_d30,0,"1,11,12,28,29,30","[1, 11, 12, 28, 29, 30]",r_k06_0031_d01_d11_d12_d28_d29_d30,budget-matched cardinality-stratified random full-sequence control,"{""cardinality"": 6, ""phase"": ""random_control"", ""random_rank_within_cardinality"": 31, ""random_seed"": 20260814, ""reused_existing_evaluation"": false}",2026-08-15T09:22:57.715508+00:00
random,r_k06_0032_d01_d15_d16_d18_d27_d30,0,"1,15,16,18,27,30","[1, 15, 16, 18, 27, 30]",r_k06_0032_d01_d15_d16_d18_d27_d30,budget-matched cardinality-stratified random full-sequence control,"{""cardinality"": 6, ""phase"": ""random_control"", ""random_rank_within_cardinality"": 32, ""random_seed"": 20260814, ""reused_existing_evaluation"": false}",2026-08-15T09:23:56.972440+00:00
random,r_k06_0033_d01_d16_d19_d23_d26_d27,0,"1,16,19,23,26,27","[1, 16, 19, 23, 26, 27]",r_k06_0033_d01_d16_d19_d23_d26_d27,budget-matched cardinality-stratified random full-sequence control,"{""cardinality"": 6, ""phase"": ""random_control"", ""random_rank_within_cardinality"": 33, ""random_seed"": 20260814, ""reused_existing_evaluation"": false}",2026-08-15T09:24:52.784994+00:00
random,r_k06_0034_d01_d17_d20_d22_d27_d31,0,"1,17,20,22,27,31","[1, 17, 20, 22, 27, 31]",r_k06_0034_d01_d17_d20_d22_d27_d31,budget-matched cardinality-stratified random full-sequence control,"{""cardinality"": 6, ""phase"": ""random_control"", ""random_rank_within_cardinality"": 34, ""random_seed"": 20260814, ""reused_existing_evaluation"": false}",2026-08-15T09:25:55.967245+00:00
random,r_k06_0035_d01_d22_d24_d25_d27_d28,0,"1,22,24,25,27,28","[1, 22, 24, 25, 27, 28]",r_k06_0035_d01_d22_d24_d25_d27_d28,budget-matched cardinality-stratified random full-sequence control,"{""cardinality"": 6, ""phase"": ""random_control"", ""random_rank_within_cardinality"": 35, ""random_seed"": 20260814, ""reused_existing_evaluation"": false}",2026-08-15T09:26:51.042739+00:00
random,r_k06_0036_d02_d03_d04_d11_d14_d19,0,"2,3,4,11,14,19","[2, 3, 4, 11, 14, 19]",r_k06_0036_d02_d03_d04_d11_d14_d19,budget-matched cardinality-stratified random full-sequence control,"{""cardinality"": 6, ""phase"": ""random_control"", ""random_rank_within_cardinality"": 36, ""random_seed"": 20260814, ""reused_existing_evaluation"": false}",2026-08-15T09:27:41.520891+00:00
random,r_k06_0037_d02_d03_d04_d13_d21_d22,0,"2,3,4,13,21,22","[2, 3, 4, 13, 21, 22]",r_k06_0037_d02_d03_d04_d13_d21_d22,budget-matched cardinality-stratified random full-sequence control,"{""cardinality"": 6, ""phase"": ""random_control"", ""random_rank_within_cardinality"": 37, ""random_seed"": 20260814, ""reused_existing_evaluation"": false}",2026-08-15T09:28:32.506438+00:00
random,r_k06_0038_d02_d03_d06_d08_d11_d29,0,"2,3,6,8,11,29","[2, 3, 6, 8, 11, 29]",r_k06_0038_d02_d03_d06_d08_d11_d29,budget-matched cardinality-stratified random full-sequence control,"{""cardinality"": 6, ""phase"": ""random_control"", ""random_rank_within_cardinality"": 38, ""random_seed"": 20260814, ""reused_existing_evaluation"": false}",2026-08-15T09:29:24.301433+00:00
random,r_k06_0039_d02_d04_d10_d16_d22_d28,0,"2,4,10,16,22,28","[2, 4, 10, 16, 22, 28]",r_k06_0039_d02_d04_d10_d16_d22_d28,budget-matched cardinality-stratified random full-sequence control,"{""cardinality"": 6, ""phase"": ""random_control"", ""random_rank_within_cardinality"": 39, ""random_seed"": 20260814, ""reused_existing_evaluation"": false}",2026-08-15T09:30:20.394999+00:00
random,r_k06_0040_d02_d05_d17_d18_d19_d25,0,"2,5,17,18,19,25","[2, 5, 17, 18, 19, 25]",r_k06_0040_d02_d05_d17_d18_d19_d25,budget-matched cardinality-stratified random full-sequence control,"{""cardinality"": 6, ""phase"": ""random_control"", ""random_rank_within_cardinality"": 40, ""random_seed"": 20260814, ""reused_existing_evaluation"": false}",2026-08-15T09:31:12.059926+00:00
random,r_k06_0041_d02_d06_d07_d22_d28_d31,0,"2,6,7,22,28,31","[2, 6, 7, 22, 28, 31]",r_k06_0041_d02_d06_d07_d22_d28_d31,budget-matched cardinality-stratified random full-sequence control,"{""cardinality"": 6, ""phase"": ""random_control"", ""random_rank_within_cardinality"": 41, ""random_seed"": 20260814, ""reused_existing_evaluation"": false}",2026-08-15T09:32:13.512653+00:00
random,r_k06_0042_d02_d07_d09_d14_d15_d18,0,"2,7,9,14,15,18","[2, 7, 9, 14, 15, 18]",r_k06_0042_d02_d07_d09_d14_d15_d18,budget-matched cardinality-stratified random full-sequence control,"{""cardinality"": 6, ""phase"": ""random_control"", ""random_rank_within_cardinality"": 42, ""random_seed"": 20260814, ""reused_existing_evaluation"": false}",2026-08-15T09:33:12.487306+00:00
random,r_k06_0043_d02_d07_d09_d18_d23_d27,0,"2,7,9,18,23,27","[2, 7, 9, 18, 23, 27]",r_k06_0043_d02_d07_d09_d18_d23_d27,budget-matched cardinality-stratified random full-sequence control,"{""cardinality"": 6, ""phase"": ""random_control"", ""random_rank_within_cardinality"": 43, ""random_seed"": 20260814, ""reused_existing_evaluation"": false}",2026-08-15T09:34:10.720137+00:00
random,r_k06_0044_d02_d07_d11_d21_d27_d28,0,"2,7,11,21,27,28","[2, 7, 11, 21, 27, 28]",r_k06_0044_d02_d07_d11_d21_d27_d28,budget-matched cardinality-stratified random full-sequence control,"{""cardinality"": 6, ""phase"": ""random_control"", ""random_rank_within_cardinality"": 44, ""random_seed"": 20260814, ""reused_existing_evaluation"": false}",2026-08-15T09:35:06.626431+00:00
random,r_k06_0045_d02_d07_d12_d13_d14_d17,0,"2,7,12,13,14,17","[2, 7, 12, 13, 14, 17]",r_k06_0045_d02_d07_d12_d13_d14_d17,budget-matched cardinality-stratified random full-sequence control,"{""cardinality"": 6, ""phase"": ""random_control"", ""random_rank_within_cardinality"": 45, ""random_seed"": 20260814, ""reused_existing_evaluation"": false}",2026-08-15T09:36:02.510947+00:00
random,r_k06_0046_d02_d08_d12_d16_d22_d24,0,"2,8,12,16,22,24","[2, 8, 12, 16, 22, 24]",r_k06_0046_d02_d08_d12_d16_d22_d24,budget-matched cardinality-stratified random full-sequence control,"{""cardinality"": 6, ""phase"": ""random_control"", ""random_rank_within_cardinality"": 46, ""random_seed"": 20260814, ""reused_existing_evaluation"": false}",2026-08-15T09:36:57.007885+00:00
random,r_k06_0047_d02_d10_d13_d17_d19_d26,0,"2,10,13,17,19,26","[2, 10, 13, 17, 19, 26]",r_k06_0047_d02_d10_d13_d17_d19_d26,budget-matched cardinality-stratified random full-sequence control,"{""cardinality"": 6, ""phase"": ""random_control"", ""random_rank_within_cardinality"": 47, ""random_seed"": 20260814, ""reused_existing_evaluation"": false}",2026-08-15T09:37:55.009344+00:00
random,r_k06_0048_d02_d11_d12_d25_d28_d31,0,"2,11,12,25,28,31","[2, 11, 12, 25, 28, 31]",r_k06_0048_d02_d11_d12_d25_d28_d31,budget-matched cardinality-stratified random full-sequence control,"{""cardinality"": 6, ""phase"": ""random_control"", ""random_rank_within_cardinality"": 48, ""random_seed"": 20260814, ""reused_existing_evaluation"": false}",2026-08-15T09:38:50.965888+00:00
random,r_k06_0049_d02_d11_d22_d23_d24_d28,0,"2,11,22,23,24,28","[2, 11, 22, 23, 24, 28]",r_k06_0049_d02_d11_d22_d23_d24_d28,budget-matched cardinality-stratified random full-sequence control,"{""cardinality"": 6, ""phase"": ""random_control"", ""random_rank_within_cardinality"": 49, ""random_seed"": 20260814, ""reused_existing_evaluation"": false}",2026-08-15T09:39:47.077379+00:00
random,r_k06_0050_d02_d12_d14_d15_d17_d19,0,"2,12,14,15,17,19","[2, 12, 14, 15, 17, 19]",r_k06_0050_d02_d12_d14_d15_d17_d19,budget-matched cardinality-stratified random full-sequence control,"{""cardinality"": 6, ""phase"": ""random_control"", ""random_rank_within_cardinality"": 50, ""random_seed"": 20260814, ""reused_existing_evaluation"": false}",2026-08-15T09:40:40.828770+00:00
random,r_k06_0051_d02_d20_d21_d24_d28_d30,0,"2,20,21,24,28,30","[2, 20, 21, 24, 28, 30]",r_k06_0051_d02_d20_d21_d24_d28_d30,budget-matched cardinality-stratified random full-sequence control,"{""cardinality"": 6, ""phase"": ""random_control"", ""random_rank_within_cardinality"": 51, ""random_seed"": 20260814, ""reused_existing_evaluation"": false}",2026-08-15T09:41:34.250722+00:00
random,r_k06_0052_d03_d04_d06_d10_d15_d27,0,"3,4,6,10,15,27","[3, 4, 6, 10, 15, 27]",r_k06_0052_d03_d04_d06_d10_d15_d27,budget-matched cardinality-stratified random full-sequence control,"{""cardinality"": 6, ""phase"": ""random_control"", ""random_rank_within_cardinality"": 52, ""random_seed"": 20260814, ""reused_existing_evaluation"": false}",2026-08-15T09:42:24.498265+00:00
random,r_k06_0053_d03_d04_d08_d09_d26_d31,0,"3,4,8,9,26,31","[3, 4, 8, 9, 26, 31]",r_k06_0053_d03_d04_d08_d09_d26_d31,budget-matched cardinality-stratified random full-sequence control,"{""cardinality"": 6, ""phase"": ""random_control"", ""random_rank_within_cardinality"": 53, ""random_seed"": 20260814, ""reused_existing_evaluation"": false}",2026-08-15T09:43:16.296723+00:00
random,r_k06_0054_d03_d04_d12_d21_d24_d26,0,"3,4,12,21,24,26","[3, 4, 12, 21, 24, 26]",r_k06_0054_d03_d04_d12_d21_d24_d26,budget-matched cardinality-stratified random full-sequence control,"{""cardinality"": 6, ""phase"": ""random_control"", ""random_rank_within_cardinality"": 54, ""random_seed"": 20260814, ""reused_existing_evaluation"": false}",2026-08-15T09:44:05.752301+00:00
random,r_k06_0055_d03_d04_d14_d15_d24_d28,0,"3,4,14,15,24,28","[3, 4, 14, 15, 24, 28]",r_k06_0055_d03_d04_d14_d15_d24_d28,budget-matched cardinality-stratified random full-sequence control,"{""cardinality"": 6, ""phase"": ""random_control"", ""random_rank_within_cardinality"": 55, ""random_seed"": 20260814, ""reused_existing_evaluation"": false}",2026-08-15T09:44:56.717565+00:00
random,r_k06_0056_d03_d04_d17_d20_d21_d30,0,"3,4,17,20,21,30","[3, 4, 17, 20, 21, 30]",r_k06_0056_d03_d04_d17_d20_d21_d30,budget-matched cardinality-stratified random full-sequence control,"{""cardinality"": 6, ""phase"": ""random_control"", ""random_rank_within_cardinality"": 56, ""random_seed"": 20260814, ""reused_existing_evaluation"": false}",2026-08-15T09:45:46.163102+00:00
random,r_k06_0057_d03_d05_d09_d13_d17_d21,0,"3,5,9,13,17,21","[3, 5, 9, 13, 17, 21]",r_k06_0057_d03_d05_d09_d13_d17_d21,budget-matched cardinality-stratified random full-sequence control,"{""cardinality"": 6, ""phase"": ""random_control"", ""random_rank_within_cardinality"": 57, ""random_seed"": 20260814, ""reused_existing_evaluation"": false}",2026-08-15T09:46:36.180565+00:00
random,r_k06_0058_d03_d05_d10_d17_d18_d28,0,"3,5,10,17,18,28","[3, 5, 10, 17, 18, 28]",r_k06_0058_d03_d05_d10_d17_d18_d28,budget-matched cardinality-stratified random full-sequence control,"{""cardinality"": 6, ""phase"": ""random_control"", ""random_rank_within_cardinality"": 58, ""random_seed"": 20260814, ""reused_existing_evaluation"": false}",2026-08-15T09:47:26.625294+00:00
random,r_k06_0059_d03_d06_d07_d10_d11_d22,0,"3,6,7,10,11,22","[3, 6, 7, 10, 11, 22]",r_k06_0059_d03_d06_d07_d10_d11_d22,budget-matched cardinality-stratified random full-sequence control,"{""cardinality"": 6, ""phase"": ""random_control"", ""random_rank_within_cardinality"": 59, ""random_seed"": 20260814, ""reused_existing_evaluation"": false}",2026-08-15T09:48:18.508246+00:00
random,r_k06_0060_d03_d07_d08_d11_d12_d26,0,"3,7,8,11,12,26","[3, 7, 8, 11, 12, 26]",r_k06_0060_d03_d07_d08_d11_d12_d26,budget-matched cardinality-stratified random full-sequence control,"{""cardinality"": 6, ""phase"": ""random_control"", ""random_rank_within_cardinality"": 60, ""random_seed"": 20260814, ""reused_existing_evaluation"": false}",2026-08-15T09:49:09.475957+00:00
random,r_k06_0061_d03_d07_d12_d15_d18_d24,0,"3,7,12,15,18,24","[3, 7, 12, 15, 18, 24]",r_k06_0061_d03_d07_d12_d15_d18_d24,budget-matched cardinality-stratified random full-sequence control,"{""cardinality"": 6, ""phase"": ""random_control"", ""random_rank_within_cardinality"": 61, ""random_seed"": 20260814, ""reused_existing_evaluation"": false}",2026-08-15T09:50:00.056665+00:00
random,r_k06_0062_d03_d07_d18_d19_d22_d28,0,"3,7,18,19,22,28","[3, 7, 18, 19, 22, 28]",r_k06_0062_d03_d07_d18_d19_d22_d28,budget-matched cardinality-stratified random full-sequence control,"{""cardinality"": 6, ""phase"": ""random_control"", ""random_rank_within_cardinality"": 62, ""random_seed"": 20260814, ""reused_existing_evaluation"": false}",2026-08-15T09:50:52.656937+00:00
random,r_k06_0063_d03_d08_d10_d20_d22_d31,0,"3,8,10,20,22,31","[3, 8, 10, 20, 22, 31]",r_k06_0063_d03_d08_d10_d20_d22_d31,budget-matched cardinality-stratified random full-sequence control,"{""cardinality"": 6, ""phase"": ""random_control"", ""random_rank_within_cardinality"": 63, ""random_seed"": 20260814, ""reused_existing_evaluation"": false}",2026-08-15T09:51:44.530346+00:00
random,r_k06_0064_d03_d10_d16_d17_d25_d27,0,"3,10,16,17,25,27","[3, 10, 16, 17, 25, 27]",r_k06_0064_d03_d10_d16_d17_d25_d27,budget-matched cardinality-stratified random full-sequence control,"{""cardinality"": 6, ""phase"": ""random_control"", ""random_rank_within_cardinality"": 64, ""random_seed"": 20260814, ""reused_existing_evaluation"": false}",2026-08-15T09:52:36.288677+00:00
random,r_k06_0065_d03_d11_d16_d17_d18_d21,0,"3,11,16,17,18,21","[3, 11, 16, 17, 18, 21]",r_k06_0065_d03_d11_d16_d17_d18_d21,budget-matched cardinality-stratified random full-sequence control,"{""cardinality"": 6, ""phase"": ""random_control"", ""random_rank_within_cardinality"": 65, ""random_seed"": 20260814, ""reused_existing_evaluation"": false}",2026-08-15T09:53:26.878711+00:00
random,r_k06_0066_d03_d14_d19_d21_d27_d31,0,"3,14,19,21,27,31","[3, 14, 19, 21, 27, 31]",r_k06_0066_d03_d14_d19_d21_d27_d31,budget-matched cardinality-stratified random full-sequence control,"{""cardinality"": 6, ""phase"": ""random_control"", ""random_rank_within_cardinality"": 66, ""random_seed"": 20260814, ""reused_existing_evaluation"": false}",2026-08-15T09:54:17.567520+00:00
random,r_k06_0067_d03_d15_d19_d26_d28_d29,0,"3,15,19,26,28,29","[3, 15, 19, 26, 28, 29]",r_k06_0067_d03_d15_d19_d26_d28_d29,budget-matched cardinality-stratified random full-sequence control,"{""cardinality"": 6, ""phase"": ""random_control"", ""random_rank_within_cardinality"": 67, ""random_seed"": 20260814, ""reused_existing_evaluation"": false}",2026-08-15T09:55:09.674208+00:00
random,r_k06_0068_d04_d05_d06_d13_d15_d23,0,"4,5,6,13,15,23","[4, 5, 6, 13, 15, 23]",r_k06_0068_d04_d05_d06_d13_d15_d23,budget-matched cardinality-stratified random full-sequence control,"{""cardinality"": 6, ""phase"": ""random_control"", ""random_rank_within_cardinality"": 68, ""random_seed"": 20260814, ""reused_existing_evaluation"": false}",2026-08-15T09:56:00.870455+00:00
random,r_k06_0069_d04_d08_d12_d15_d22_d24,0,"4,8,12,15,22,24","[4, 8, 12, 15, 22, 24]",r_k06_0069_d04_d08_d12_d15_d22_d24,budget-matched cardinality-stratified random full-sequence control,"{""cardinality"": 6, ""phase"": ""random_control"", ""random_rank_within_cardinality"": 69, ""random_seed"": 20260814, ""reused_existing_evaluation"": false}",2026-08-15T09:56:52.043783+00:00
random,r_k06_0070_d04_d11_d13_d15_d17_d25,0,"4,11,13,15,17,25","[4, 11, 13, 15, 17, 25]",r_k06_0070_d04_d11_d13_d15_d17_d25,budget-matched cardinality-stratified random full-sequence control,"{""cardinality"": 6, ""phase"": ""random_control"", ""random_rank_within_cardinality"": 70, ""random_seed"": 20260814, ""reused_existing_evaluation"": false}",2026-08-15T09:57:45.387173+00:00
random,r_k06_0071_d04_d11_d16_d18_d21_d30,0,"4,11,16,18,21,30","[4, 11, 16, 18, 21, 30]",r_k06_0071_d04_d11_d16_d18_d21_d30,budget-matched cardinality-stratified random full-sequence control,"{""cardinality"": 6, ""phase"": ""random_control"", ""random_rank_within_cardinality"": 71, ""random_seed"": 20260814, ""reused_existing_evaluation"": false}",2026-08-15T09:58:37.196614+00:00
random,r_k06_0072_d04_d12_d17_d19_d23_d28,0,"4,12,17,19,23,28","[4, 12, 17, 19, 23, 28]",r_k06_0072_d04_d12_d17_d19_d23_d28,budget-matched cardinality-stratified random full-sequence control,"{""cardinality"": 6, ""phase"": ""random_control"", ""random_rank_within_cardinality"": 72, ""random_seed"": 20260814, ""reused_existing_evaluation"": false}",2026-08-15T09:59:29.173071+00:00
random,r_k06_0073_d04_d13_d14_d15_d24_d27,0,"4,13,14,15,24,27","[4, 13, 14, 15, 24, 27]",r_k06_0073_d04_d13_d14_d15_d24_d27,budget-matched cardinality-stratified random full-sequence control,"{""cardinality"": 6, ""phase"": ""random_control"", ""random_rank_within_cardinality"": 73, ""random_seed"": 20260814, ""reused_existing_evaluation"": false}",2026-08-15T10:00:21.551838+00:00
random,r_k06_0074_d04_d15_d20_d22_d25_d31,0,"4,15,20,22,25,31","[4, 15, 20, 22, 25, 31]",r_k06_0074_d04_d15_d20_d22_d25_d31,budget-matched cardinality-stratified random full-sequence control,"{""cardinality"": 6, ""phase"": ""random_control"", ""random_rank_within_cardinality"": 74, ""random_seed"": 20260814, ""reused_existing_evaluation"": false}",2026-08-15T10:01:14.861217+00:00
random,r_k06_0075_d05_d07_d09_d14_d18_d20,0,"5,7,9,14,18,20","[5, 7, 9, 14, 18, 20]",r_k06_0075_d05_d07_d09_d14_d18_d20,budget-matched cardinality-stratified random full-sequence control,"{""cardinality"": 6, ""phase"": ""random_control"", ""random_rank_within_cardinality"": 75, ""random_seed"": 20260814, ""reused_existing_evaluation"": false}",2026-08-15T10:02:08.469442+00:00
random,r_k06_0076_d05_d07_d13_d16_d21_d27,0,"5,7,13,16,21,27","[5, 7, 13, 16, 21, 27]",r_k06_0076_d05_d07_d13_d16_d21_d27,budget-matched cardinality-stratified random full-sequence control,"{""cardinality"": 6, ""phase"": ""random_control"", ""random_rank_within_cardinality"": 76, ""random_seed"": 20260814, ""reused_existing_evaluation"": false}",2026-08-15T10:03:00.322691+00:00
random,r_k06_0077_d05_d09_d18_d19_d22_d23,0,"5,9,18,19,22,23","[5, 9, 18, 19, 22, 23]",r_k06_0077_d05_d09_d18_d19_d22_d23,budget-matched cardinality-stratified random full-sequence control,"{""cardinality"": 6, ""phase"": ""random_control"", ""random_rank_within_cardinality"": 77, ""random_seed"": 20260814, ""reused_existing_evaluation"": false}",2026-08-15T10:03:52.780509+00:00
random,r_k06_0078_d05_d10_d19_d23_d24_d31,0,"5,10,19,23,24,31","[5, 10, 19, 23, 24, 31]",r_k06_0078_d05_d10_d19_d23_d24_d31,budget-matched cardinality-stratified random full-sequence control,"{""cardinality"": 6, ""phase"": ""random_control"", ""random_rank_within_cardinality"": 78, ""random_seed"": 20260814, ""reused_existing_evaluation"": false}",2026-08-15T10:04:43.867367+00:00
random,r_k06_0079_d05_d14_d19_d25_d26_d28,0,"5,14,19,25,26,28","[5, 14, 19, 25, 26, 28]",r_k06_0079_d05_d14_d19_d25_d26_d28,budget-matched cardinality-stratified random full-sequence control,"{""cardinality"": 6, ""phase"": ""random_control"", ""random_rank_within_cardinality"": 79, ""random_seed"": 20260814, ""reused_existing_evaluation"": false}",2026-08-15T10:05:36.355425+00:00
random,r_k06_0080_d06_d09_d15_d16_d20_d31,0,"6,9,15,16,20,31","[6, 9, 15, 16, 20, 31]",r_k06_0080_d06_d09_d15_d16_d20_d31,budget-matched cardinality-stratified random full-sequence control,"{""cardinality"": 6, ""phase"": ""random_control"", ""random_rank_within_cardinality"": 80, ""random_seed"": 20260814, ""reused_existing_evaluation"": false}",2026-08-15T10:06:41.997783+00:00
random,r_k06_0081_d06_d12_d14_d17_d27_d30,0,"6,12,14,17,27,30","[6, 12, 14, 17, 27, 30]",r_k06_0081_d06_d12_d14_d17_d27_d30,budget-matched cardinality-stratified random full-sequence control,"{""cardinality"": 6, ""phase"": ""random_control"", ""random_rank_within_cardinality"": 81, ""random_seed"": 20260814, ""reused_existing_evaluation"": false}",2026-08-15T10:07:36.415434+00:00
random,r_k06_0082_d06_d20_d22_d26_d28_d30,0,"6,20,22,26,28,30","[6, 20, 22, 26, 28, 30]",r_k06_0082_d06_d20_d22_d26_d28_d30,budget-matched cardinality-stratified random full-sequence control,"{""cardinality"": 6, ""phase"": ""random_control"", ""random_rank_within_cardinality"": 82, ""random_seed"": 20260814, ""reused_existing_evaluation"": false}",2026-08-15T10:07:57.559062+00:00
random,r_k06_0083_d07_d08_d19_d20_d25_d30,0,"7,8,19,20,25,30","[7, 8, 19, 20, 25, 30]",r_k06_0083_d07_d08_d19_d20_d25_d30,budget-matched cardinality-stratified random full-sequence control,"{""cardinality"": 6, ""phase"": ""random_control"", ""random_rank_within_cardinality"": 83, ""random_seed"": 20260814, ""reused_existing_evaluation"": false}",2026-08-15T10:08:49.721538+00:00
random,r_k06_0084_d07_d09_d15_d17_d19_d20,0,"7,9,15,17,19,20","[7, 9, 15, 17, 19, 20]",r_k06_0084_d07_d09_d15_d17_d19_d20,budget-matched cardinality-stratified random full-sequence control,"{""cardinality"": 6, ""phase"": ""random_control"", ""random_rank_within_cardinality"": 84, ""random_seed"": 20260814, ""reused_existing_evaluation"": false}",2026-08-15T10:09:45.209207+00:00
random,r_k06_0085_d07_d10_d17_d18_d28_d30,0,"7,10,17,18,28,30","[7, 10, 17, 18, 28, 30]",r_k06_0085_d07_d10_d17_d18_d28_d30,budget-matched cardinality-stratified random full-sequence control,"{""cardinality"": 6, ""phase"": ""random_control"", ""random_rank_within_cardinality"": 85, ""random_seed"": 20260814, ""reused_existing_evaluation"": false}",2026-08-15T10:10:43.013008+00:00
random,r_k06_0086_d07_d12_d14_d17_d30_d31,0,"7,12,14,17,30,31","[7, 12, 14, 17, 30, 31]",r_k06_0086_d07_d12_d14_d17_d30_d31,budget-matched cardinality-stratified random full-sequence control,"{""cardinality"": 6, ""phase"": ""random_control"", ""random_rank_within_cardinality"": 86, ""random_seed"": 20260814, ""reused_existing_evaluation"": false}",2026-08-15T10:11:36.840330+00:00
random,r_k06_0087_d08_d10_d11_d24_d29_d30,0,"8,10,11,24,29,30","[8, 10, 11, 24, 29, 30]",r_k06_0087_d08_d10_d11_d24_d29_d30,budget-matched cardinality-stratified random full-sequence control,"{""cardinality"": 6, ""phase"": ""random_control"", ""random_rank_within_cardinality"": 87, ""random_seed"": 20260814, ""reused_existing_evaluation"": false}",2026-08-15T10:12:29.806669+00:00
random,r_k06_0088_d08_d11_d12_d13_d17_d28,0,"8,11,12,13,17,28","[8, 11, 12, 13, 17, 28]",r_k06_0088_d08_d11_d12_d13_d17_d28,budget-matched cardinality-stratified random full-sequence control,"{""cardinality"": 6, ""phase"": ""random_control"", ""random_rank_within_cardinality"": 88, ""random_seed"": 20260814, ""reused_existing_evaluation"": false}",2026-08-15T10:13:25.795462+00:00
random,r_k06_0089_d08_d11_d17_d19_d24_d27,0,"8,11,17,19,24,27","[8, 11, 17, 19, 24, 27]",r_k06_0089_d08_d11_d17_d19_d24_d27,budget-matched cardinality-stratified random full-sequence control,"{""cardinality"": 6, ""phase"": ""random_control"", ""random_rank_within_cardinality"": 89, ""random_seed"": 20260814, ""reused_existing_evaluation"": false}",2026-08-15T10:14:19.044495+00:00
random,r_k06_0090_d08_d13_d17_d19_d23_d31,0,"8,13,17,19,23,31","[8, 13, 17, 19, 23, 31]",r_k06_0090_d08_d13_d17_d19_d23_d31,budget-matched cardinality-stratified random full-sequence control,"{""cardinality"": 6, ""phase"": ""random_control"", ""random_rank_within_cardinality"": 90, ""random_seed"": 20260814, ""reused_existing_evaluation"": false}",2026-08-15T10:15:15.460854+00:00
random,r_k06_0091_d08_d14_d16_d17_d18_d19,0,"8,14,16,17,18,19","[8, 14, 16, 17, 18, 19]",r_k06_0091_d08_d14_d16_d17_d18_d19,budget-matched cardinality-stratified random full-sequence control,"{""cardinality"": 6, ""phase"": ""random_control"", ""random_rank_within_cardinality"": 91, ""random_seed"": 20260814, ""reused_existing_evaluation"": false}",2026-08-15T10:16:12.488710+00:00
random,r_k06_0092_d08_d16_d22_d25_d29_d31,0,"8,16,22,25,29,31","[8, 16, 22, 25, 29, 31]",r_k06_0092_d08_d16_d22_d25_d29_d31,budget-matched cardinality-stratified random full-sequence control,"{""cardinality"": 6, ""phase"": ""random_control"", ""random_rank_within_cardinality"": 92, ""random_seed"": 20260814, ""reused_existing_evaluation"": false}",2026-08-15T10:17:14.342511+00:00
random,r_k06_0093_d08_d16_d23_d25_d28_d29,0,"8,16,23,25,28,29","[8, 16, 23, 25, 28, 29]",r_k06_0093_d08_d16_d23_d25_d28_d29,budget-matched cardinality-stratified random full-sequence control,"{""cardinality"": 6, ""phase"": ""random_control"", ""random_rank_within_cardinality"": 93, ""random_seed"": 20260814, ""reused_existing_evaluation"": false}",2026-08-15T10:18:13.960215+00:00
random,r_k06_0094_d09_d13_d15_d19_d24_d26,0,"9,13,15,19,24,26","[9, 13, 15, 19, 24, 26]",r_k06_0094_d09_d13_d15_d19_d24_d26,budget-matched cardinality-stratified random full-sequence control,"{""cardinality"": 6, ""phase"": ""random_control"", ""random_rank_within_cardinality"": 94, ""random_seed"": 20260814, ""reused_existing_evaluation"": false}",2026-08-15T10:19:08.522848+00:00
random,r_k06_0095_d09_d16_d17_d25_d29_d30,0,"9,16,17,25,29,30","[9, 16, 17, 25, 29, 30]",r_k06_0095_d09_d16_d17_d25_d29_d30,budget-matched cardinality-stratified random full-sequence control,"{""cardinality"": 6, ""phase"": ""random_control"", ""random_rank_within_cardinality"": 95, ""random_seed"": 20260814, ""reused_existing_evaluation"": false}",2026-08-15T10:19:38.571470+00:00
random,r_k06_0096_d10_d12_d13_d14_d22_d27,0,"10,12,13,14,22,27","[10, 12, 13, 14, 22, 27]",r_k06_0096_d10_d12_d13_d14_d22_d27,budget-matched cardinality-stratified random full-sequence control,"{""cardinality"": 6, ""phase"": ""random_control"", ""random_rank_within_cardinality"": 96, ""random_seed"": 20260814, ""reused_existing_evaluation"": false}",2026-08-15T10:20:33.551939+00:00
random,r_k06_0097_d10_d12_d15_d27_d28_d30,0,"10,12,15,27,28,30","[10, 12, 15, 27, 28, 30]",r_k06_0097_d10_d12_d15_d27_d28_d30,budget-matched cardinality-stratified random full-sequence control,"{""cardinality"": 6, ""phase"": ""random_control"", ""random_rank_within_cardinality"": 97, ""random_seed"": 20260814, ""reused_existing_evaluation"": false}",2026-08-15T10:21:26.760248+00:00
random,r_k06_0098_d10_d13_d14_d20_d27_d31,0,"10,13,14,20,27,31","[10, 13, 14, 20, 27, 31]",r_k06_0098_d10_d13_d14_d20_d27_d31,budget-matched cardinality-stratified random full-sequence control,"{""cardinality"": 6, ""phase"": ""random_control"", ""random_rank_within_cardinality"": 98, ""random_seed"": 20260814, ""reused_existing_evaluation"": false}",2026-08-15T10:22:29.763631+00:00
random,r_k06_0099_d10_d13_d15_d23_d26_d28,0,"10,13,15,23,26,28","[10, 13, 15, 23, 26, 28]",r_k06_0099_d10_d13_d15_d23_d26_d28,budget-matched cardinality-stratified random full-sequence control,"{""cardinality"": 6, ""phase"": ""random_control"", ""random_rank_within_cardinality"": 99, ""random_seed"": 20260814, ""reused_existing_evaluation"": false}",2026-08-15T10:23:32.366338+00:00
random,r_k06_0100_d10_d14_d20_d22_d28_d31,0,"10,14,20,22,28,31","[10, 14, 20, 22, 28, 31]",r_k06_0100_d10_d14_d20_d22_d28_d31,budget-matched cardinality-stratified random full-sequence control,"{""cardinality"": 6, ""phase"": ""random_control"", ""random_rank_within_cardinality"": 100, ""random_seed"": 20260814, ""reused_existing_evaluation"": false}",2026-08-15T10:24:38.032152+00:00
random,r_k06_0101_d11_d12_d15_d21_d22_d29,0,"11,12,15,21,22,29","[11, 12, 15, 21, 22, 29]",r_k06_0101_d11_d12_d15_d21_d22_d29,budget-matched cardinality-stratified random full-sequence control,"{""cardinality"": 6, ""phase"": ""random_control"", ""random_rank_within_cardinality"": 101, ""random_seed"": 20260814, ""reused_existing_evaluation"": false}",2026-08-15T10:25:29.271188+00:00
random,r_k06_0102_d11_d12_d21_d24_d26_d27,0,"11,12,21,24,26,27","[11, 12, 21, 24, 26, 27]",r_k06_0102_d11_d12_d21_d24_d26_d27,budget-matched cardinality-stratified random full-sequence control,"{""cardinality"": 6, ""phase"": ""random_control"", ""random_rank_within_cardinality"": 102, ""random_seed"": 20260814, ""reused_existing_evaluation"": false}",2026-08-15T10:26:20.768265+00:00
random,r_k06_0103_d11_d14_d17_d20_d21_d23,0,"11,14,17,20,21,23","[11, 14, 17, 20, 21, 23]",r_k06_0103_d11_d14_d17_d20_d21_d23,budget-matched cardinality-stratified random full-sequence control,"{""cardinality"": 6, ""phase"": ""random_control"", ""random_rank_within_cardinality"": 103, ""random_seed"": 20260814, ""reused_existing_evaluation"": false}",2026-08-15T10:27:15.353992+00:00
random,r_k06_0104_d11_d15_d17_d28_d29_d31,0,"11,15,17,28,29,31","[11, 15, 17, 28, 29, 31]",r_k06_0104_d11_d15_d17_d28_d29_d31,budget-matched cardinality-stratified random full-sequence control,"{""cardinality"": 6, ""phase"": ""random_control"", ""random_rank_within_cardinality"": 104, ""random_seed"": 20260814, ""reused_existing_evaluation"": false}",2026-08-15T10:28:18.766284+00:00
random,r_k06_0105_d12_d17_d19_d24_d27_d31,0,"12,17,19,24,27,31","[12, 17, 19, 24, 27, 31]",r_k06_0105_d12_d17_d19_d24_d27_d31,budget-matched cardinality-stratified random full-sequence control,"{""cardinality"": 6, ""phase"": ""random_control"", ""random_rank_within_cardinality"": 105, ""random_seed"": 20260814, ""reused_existing_evaluation"": false}",2026-08-15T10:29:11.568409+00:00
random,r_k06_0106_d14_d18_d21_d22_d24_d30,0,"14,18,21,22,24,30","[14, 18, 21, 22, 24, 30]",r_k06_0106_d14_d18_d21_d22_d24_d30,budget-matched cardinality-stratified random full-sequence control,"{""cardinality"": 6, ""phase"": ""random_control"", ""random_rank_within_cardinality"": 106, ""random_seed"": 20260814, ""reused_existing_evaluation"": false}",2026-08-15T10:30:04.109095+00:00
random,r_k06_0107_d16_d17_d20_d21_d28_d31,0,"16,17,20,21,28,31","[16, 17, 20, 21, 28, 31]",r_k06_0107_d16_d17_d20_d21_d28_d31,budget-matched cardinality-stratified random full-sequence control,"{""cardinality"": 6, ""phase"": ""random_control"", ""random_rank_within_cardinality"": 107, ""random_seed"": 20260814, ""reused_existing_evaluation"": false}",2026-08-15T10:31:00.320654+00:00
random,r_k06_0108_d18_d19_d21_d25_d26_d31,0,"18,19,21,25,26,31","[18, 19, 21, 25, 26, 31]",r_k06_0108_d18_d19_d21_d25_d26_d31,budget-matched cardinality-stratified random full-sequence control,"{""cardinality"": 6, ""phase"": ""random_control"", ""random_rank_within_cardinality"": 108, ""random_seed"": 20260814, ""reused_existing_evaluation"": false}",2026-08-15T10:31:53.601323+00:00
swap,swap_k06_0001_d01_d05_d06_d17_d18_d30,0,"1,5,6,17,18,30","[1, 5, 6, 17, 18, 30]",swap_k06_0001_d01_d05_d06_d17_d18_d30,one-channel swap audit around provisional greedy endpoint,"{""cardinality"": 6, ""centre_candidate_key"": ""0,5,6,17,18,30"", ""phase"": ""one_swap_audit"", ""reused_existing_evaluation"": false}",2026-08-15T10:32:45.882052+00:00
swap,swap_k06_0002_d02_d05_d06_d17_d18_d30,0,"2,5,6,17,18,30","[2, 5, 6, 17, 18, 30]",swap_k06_0002_d02_d05_d06_d17_d18_d30,one-channel swap audit around provisional greedy endpoint,"{""cardinality"": 6, ""centre_candidate_key"": ""0,5,6,17,18,30"", ""phase"": ""one_swap_audit"", ""reused_existing_evaluation"": false}",2026-08-15T10:33:38.470807+00:00
swap,swap_k06_0003_d03_d05_d06_d17_d18_d30,0,"3,5,6,17,18,30","[3, 5, 6, 17, 18, 30]",swap_k06_0003_d03_d05_d06_d17_d18_d30,one-channel swap audit around provisional greedy endpoint,"{""cardinality"": 6, ""centre_candidate_key"": ""0,5,6,17,18,30"", ""phase"": ""one_swap_audit"", ""reused_existing_evaluation"": false}",2026-08-15T10:34:28.061735+00:00
swap,swap_k06_0004_d04_d05_d06_d17_d18_d30,0,"4,5,6,17,18,30","[4, 5, 6, 17, 18, 30]",swap_k06_0004_d04_d05_d06_d17_d18_d30,one-channel swap audit around provisional greedy endpoint,"{""cardinality"": 6, ""centre_candidate_key"": ""0,5,6,17,18,30"", ""phase"": ""one_swap_audit"", ""reused_existing_evaluation"": false}",2026-08-15T10:35:18.734459+00:00
swap,swap_k06_0005_d05_d06_d07_d17_d18_d30,0,"5,6,7,17,18,30","[5, 6, 7, 17, 18, 30]",swap_k06_0005_d05_d06_d07_d17_d18_d30,one-channel swap audit around provisional greedy endpoint,"{""cardinality"": 6, ""centre_candidate_key"": ""0,5,6,17,18,30"", ""phase"": ""one_swap_audit"", ""reused_existing_evaluation"": false}",2026-08-15T10:36:10.653438+00:00
swap,swap_k06_0006_d05_d06_d08_d17_d18_d30,0,"5,6,8,17,18,30","[5, 6, 8, 17, 18, 30]",swap_k06_0006_d05_d06_d08_d17_d18_d30,one-channel swap audit around provisional greedy endpoint,"{""cardinality"": 6, ""centre_candidate_key"": ""0,5,6,17,18,30"", ""phase"": ""one_swap_audit"", ""reused_existing_evaluation"": false}",2026-08-15T10:37:03.346766+00:00
swap,swap_k06_0007_d05_d06_d09_d17_d18_d30,0,"5,6,9,17,18,30","[5, 6, 9, 17, 18, 30]",swap_k06_0007_d05_d06_d09_d17_d18_d30,one-channel swap audit around provisional greedy endpoint,"{""cardinality"": 6, ""centre_candidate_key"": ""0,5,6,17,18,30"", ""phase"": ""one_swap_audit"", ""reused_existing_evaluation"": false}",2026-08-15T10:37:56.947567+00:00
swap,swap_k06_0008_d05_d06_d10_d17_d18_d30,0,"5,6,10,17,18,30","[5, 6, 10, 17, 18, 30]",swap_k06_0008_d05_d06_d10_d17_d18_d30,one-channel swap audit around provisional greedy endpoint,"{""cardinality"": 6, ""centre_candidate_key"": ""0,5,6,17,18,30"", ""phase"": ""one_swap_audit"", ""reused_existing_evaluation"": false}",2026-08-15T10:38:49.464566+00:00
swap,swap_k06_0009_d05_d06_d11_d17_d18_d30,0,"5,6,11,17,18,30","[5, 6, 11, 17, 18, 30]",swap_k06_0009_d05_d06_d11_d17_d18_d30,one-channel swap audit around provisional greedy endpoint,"{""cardinality"": 6, ""centre_candidate_key"": ""0,5,6,17,18,30"", ""phase"": ""one_swap_audit"", ""reused_existing_evaluation"": false}",2026-08-15T10:39:41.827992+00:00
swap,swap_k06_0010_d05_d06_d12_d17_d18_d30,0,"5,6,12,17,18,30","[5, 6, 12, 17, 18, 30]",swap_k06_0010_d05_d06_d12_d17_d18_d30,one-channel swap audit around provisional greedy endpoint,"{""cardinality"": 6, ""centre_candidate_key"": ""0,5,6,17,18,30"", ""phase"": ""one_swap_audit"", ""reused_existing_evaluation"": false}",2026-08-15T10:40:32.161077+00:00
swap,swap_k06_0011_d05_d06_d13_d17_d18_d30,0,"5,6,13,17,18,30","[5, 6, 13, 17, 18, 30]",swap_k06_0011_d05_d06_d13_d17_d18_d30,one-channel swap audit around provisional greedy endpoint,"{""cardinality"": 6, ""centre_candidate_key"": ""0,5,6,17,18,30"", ""phase"": ""one_swap_audit"", ""reused_existing_evaluation"": false}",2026-08-15T10:41:24.740993+00:00
swap,swap_k06_0012_d05_d06_d14_d17_d18_d30,0,"5,6,14,17,18,30","[5, 6, 14, 17, 18, 30]",swap_k06_0012_d05_d06_d14_d17_d18_d30,one-channel swap audit around provisional greedy endpoint,"{""cardinality"": 6, ""centre_candidate_key"": ""0,5,6,17,18,30"", ""phase"": ""one_swap_audit"", ""reused_existing_evaluation"": false}",2026-08-15T10:42:17.694477+00:00
swap,swap_k06_0013_d05_d06_d15_d17_d18_d30,0,"5,6,15,17,18,30","[5, 6, 15, 17, 18, 30]",swap_k06_0013_d05_d06_d15_d17_d18_d30,one-channel swap audit around provisional greedy endpoint,"{""cardinality"": 6, ""centre_candidate_key"": ""0,5,6,17,18,30"", ""phase"": ""one_swap_audit"", ""reused_existing_evaluation"": false}",2026-08-15T10:43:09.945779+00:00
swap,swap_k06_0014_d05_d06_d16_d17_d18_d30,0,"5,6,16,17,18,30","[5, 6, 16, 17, 18, 30]",swap_k06_0014_d05_d06_d16_d17_d18_d30,one-channel swap audit around provisional greedy endpoint,"{""cardinality"": 6, ""centre_candidate_key"": ""0,5,6,17,18,30"", ""phase"": ""one_swap_audit"", ""reused_existing_evaluation"": false}",2026-08-15T10:44:02.540729+00:00
swap,swap_k06_0015_d05_d06_d17_d18_d19_d30,0,"5,6,17,18,19,30","[5, 6, 17, 18, 19, 30]",swap_k06_0015_d05_d06_d17_d18_d19_d30,one-channel swap audit around provisional greedy endpoint,"{""cardinality"": 6, ""centre_candidate_key"": ""0,5,6,17,18,30"", ""phase"": ""one_swap_audit"", ""reused_existing_evaluation"": false}",2026-08-15T10:44:53.829018+00:00
swap,swap_k06_0016_d05_d06_d17_d18_d20_d30,0,"5,6,17,18,20,30","[5, 6, 17, 18, 20, 30]",swap_k06_0016_d05_d06_d17_d18_d20_d30,one-channel swap audit around provisional greedy endpoint,"{""cardinality"": 6, ""centre_candidate_key"": ""0,5,6,17,18,30"", ""phase"": ""one_swap_audit"", ""reused_existing_evaluation"": false}",2026-08-15T10:45:45.865600+00:00
swap,swap_k06_0017_d05_d06_d17_d18_d21_d30,0,"5,6,17,18,21,30","[5, 6, 17, 18, 21, 30]",swap_k06_0017_d05_d06_d17_d18_d21_d30,one-channel swap audit around provisional greedy endpoint,"{""cardinality"": 6, ""centre_candidate_key"": ""0,5,6,17,18,30"", ""phase"": ""one_swap_audit"", ""reused_existing_evaluation"": false}",2026-08-15T10:46:37.212614+00:00
swap,swap_k06_0018_d05_d06_d17_d18_d22_d30,0,"5,6,17,18,22,30","[5, 6, 17, 18, 22, 30]",swap_k06_0018_d05_d06_d17_d18_d22_d30,one-channel swap audit around provisional greedy endpoint,"{""cardinality"": 6, ""centre_candidate_key"": ""0,5,6,17,18,30"", ""phase"": ""one_swap_audit"", ""reused_existing_evaluation"": false}",2026-08-15T10:47:29.919466+00:00
swap,swap_k06_0019_d05_d06_d17_d18_d23_d30,0,"5,6,17,18,23,30","[5, 6, 17, 18, 23, 30]",swap_k06_0019_d05_d06_d17_d18_d23_d30,one-channel swap audit around provisional greedy endpoint,"{""cardinality"": 6, ""centre_candidate_key"": ""0,5,6,17,18,30"", ""phase"": ""one_swap_audit"", ""reused_existing_evaluation"": false}",2026-08-15T10:48:22.142533+00:00
swap,swap_k06_0020_d05_d06_d17_d18_d24_d30,0,"5,6,17,18,24,30","[5, 6, 17, 18, 24, 30]",swap_k06_0020_d05_d06_d17_d18_d24_d30,one-channel swap audit around provisional greedy endpoint,"{""cardinality"": 6, ""centre_candidate_key"": ""0,5,6,17,18,30"", ""phase"": ""one_swap_audit"", ""reused_existing_evaluation"": false}",2026-08-15T10:49:13.097023+00:00
swap,swap_k06_0021_d05_d06_d17_d18_d25_d30,0,"5,6,17,18,25,30","[5, 6, 17, 18, 25, 30]",swap_k06_0021_d05_d06_d17_d18_d25_d30,one-channel swap audit around provisional greedy endpoint,"{""cardinality"": 6, ""centre_candidate_key"": ""0,5,6,17,18,30"", ""phase"": ""one_swap_audit"", ""reused_existing_evaluation"": false}",2026-08-15T10:50:05.651297+00:00
swap,swap_k06_0022_d05_d06_d17_d18_d26_d30,0,"5,6,17,18,26,30","[5, 6, 17, 18, 26, 30]",swap_k06_0022_d05_d06_d17_d18_d26_d30,one-channel swap audit around provisional greedy endpoint,"{""cardinality"": 6, ""centre_candidate_key"": ""0,5,6,17,18,30"", ""phase"": ""one_swap_audit"", ""reused_existing_evaluation"": false}",2026-08-15T10:50:58.538063+00:00
swap,swap_k06_0023_d05_d06_d17_d18_d27_d30,0,"5,6,17,18,27,30","[5, 6, 17, 18, 27, 30]",swap_k06_0023_d05_d06_d17_d18_d27_d30,one-channel swap audit around provisional greedy endpoint,"{""cardinality"": 6, ""centre_candidate_key"": ""0,5,6,17,18,30"", ""phase"": ""one_swap_audit"", ""reused_existing_evaluation"": false}",2026-08-15T10:51:50.649682+00:00
swap,swap_k06_0024_d05_d06_d17_d18_d28_d30,0,"5,6,17,18,28,30","[5, 6, 17, 18, 28, 30]",swap_k06_0024_d05_d06_d17_d18_d28_d30,one-channel swap audit around provisional greedy endpoint,"{""cardinality"": 6, ""centre_candidate_key"": ""0,5,6,17,18,30"", ""phase"": ""one_swap_audit"", ""reused_existing_evaluation"": false}",2026-08-15T10:52:43.960010+00:00
swap,swap_k06_0025_d05_d06_d17_d18_d29_d30,0,"5,6,17,18,29,30","[5, 6, 17, 18, 29, 30]",swap_k06_0025_d05_d06_d17_d18_d29_d30,one-channel swap audit around provisional greedy endpoint,"{""cardinality"": 6, ""centre_candidate_key"": ""0,5,6,17,18,30"", ""phase"": ""one_swap_audit"", ""reused_existing_evaluation"": false}",2026-08-15T10:53:36.119432+00:00
swap,swap_k06_0026_d05_d06_d17_d18_d30_d31,0,"5,6,17,18,30,31","[5, 6, 17, 18, 30, 31]",swap_k06_0026_d05_d06_d17_d18_d30_d31,one-channel swap audit around provisional greedy endpoint,"{""cardinality"": 6, ""centre_candidate_key"": ""0,5,6,17,18,30"", ""phase"": ""one_swap_audit"", ""reused_existing_evaluation"": false}",2026-08-15T10:54:29.270196+00:00
swap,swap_k06_0027_d00_d01_d06_d17_d18_d30,0,"0,1,6,17,18,30","[0, 1, 6, 17, 18, 30]",swap_k06_0027_d00_d01_d06_d17_d18_d30,one-channel swap audit around provisional greedy endpoint,"{""cardinality"": 6, ""centre_candidate_key"": ""0,5,6,17,18,30"", ""phase"": ""one_swap_audit"", ""reused_existing_evaluation"": false}",2026-08-15T10:54:49.538006+00:00
swap,swap_k06_0028_d00_d02_d06_d17_d18_d30,0,"0,2,6,17,18,30","[0, 2, 6, 17, 18, 30]",swap_k06_0028_d00_d02_d06_d17_d18_d30,one-channel swap audit around provisional greedy endpoint,"{""cardinality"": 6, ""centre_candidate_key"": ""0,5,6,17,18,30"", ""phase"": ""one_swap_audit"", ""reused_existing_evaluation"": false}",2026-08-15T10:55:51.511446+00:00
swap,swap_k06_0029_d00_d03_d06_d17_d18_d30,0,"0,3,6,17,18,30","[0, 3, 6, 17, 18, 30]",swap_k06_0029_d00_d03_d06_d17_d18_d30,one-channel swap audit around provisional greedy endpoint,"{""cardinality"": 6, ""centre_candidate_key"": ""0,5,6,17,18,30"", ""phase"": ""one_swap_audit"", ""reused_existing_evaluation"": false}",2026-08-15T10:56:43.437171+00:00
swap,swap_k06_0030_d00_d04_d06_d17_d18_d30,0,"0,4,6,17,18,30","[0, 4, 6, 17, 18, 30]",swap_k06_0030_d00_d04_d06_d17_d18_d30,one-channel swap audit around provisional greedy endpoint,"{""cardinality"": 6, ""centre_candidate_key"": ""0,5,6,17,18,30"", ""phase"": ""one_swap_audit"", ""reused_existing_evaluation"": false}",2026-08-15T10:57:36.907188+00:00
swap,swap_k06_0031_d00_d06_d07_d17_d18_d30,0,"0,6,7,17,18,30","[0, 6, 7, 17, 18, 30]",swap_k06_0031_d00_d06_d07_d17_d18_d30,one-channel swap audit around provisional greedy endpoint,"{""cardinality"": 6, ""centre_candidate_key"": ""0,5,6,17,18,30"", ""phase"": ""one_swap_audit"", ""reused_existing_evaluation"": false}",2026-08-15T10:58:32.936553+00:00
swap,swap_k06_0032_d00_d06_d08_d17_d18_d30,0,"0,6,8,17,18,30","[0, 6, 8, 17, 18, 30]",swap_k06_0032_d00_d06_d08_d17_d18_d30,one-channel swap audit around provisional greedy endpoint,"{""cardinality"": 6, ""centre_candidate_key"": ""0,5,6,17,18,30"", ""phase"": ""one_swap_audit"", ""reused_existing_evaluation"": false}",2026-08-15T10:58:52.200304+00:00
swap,swap_k06_0033_d00_d06_d09_d17_d18_d30,0,"0,6,9,17,18,30","[0, 6, 9, 17, 18, 30]",swap_k06_0033_d00_d06_d09_d17_d18_d30,one-channel swap audit around provisional greedy endpoint,"{""cardinality"": 6, ""centre_candidate_key"": ""0,5,6,17,18,30"", ""phase"": ""one_swap_audit"", ""reused_existing_evaluation"": false}",2026-08-15T10:59:13.830509+00:00
swap,swap_k06_0034_d00_d06_d10_d17_d18_d30,0,"0,6,10,17,18,30","[0, 6, 10, 17, 18, 30]",swap_k06_0034_d00_d06_d10_d17_d18_d30,one-channel swap audit around provisional greedy endpoint,"{""cardinality"": 6, ""centre_candidate_key"": ""0,5,6,17,18,30"", ""phase"": ""one_swap_audit"", ""reused_existing_evaluation"": false}",2026-08-15T10:59:35.644925+00:00
swap,swap_k06_0035_d00_d06_d11_d17_d18_d30,0,"0,6,11,17,18,30","[0, 6, 11, 17, 18, 30]",swap_k06_0035_d00_d06_d11_d17_d18_d30,one-channel swap audit around provisional greedy endpoint,"{""cardinality"": 6, ""centre_candidate_key"": ""0,5,6,17,18,30"", ""phase"": ""one_swap_audit"", ""reused_existing_evaluation"": false}",2026-08-15T11:00:35.018989+00:00
swap,swap_k06_0036_d00_d06_d12_d17_d18_d30,0,"0,6,12,17,18,30","[0, 6, 12, 17, 18, 30]",swap_k06_0036_d00_d06_d12_d17_d18_d30,one-channel swap audit around provisional greedy endpoint,"{""cardinality"": 6, ""centre_candidate_key"": ""0,5,6,17,18,30"", ""phase"": ""one_swap_audit"", ""reused_existing_evaluation"": false}",2026-08-15T11:01:28.978370+00:00
swap,swap_k06_0037_d00_d06_d13_d17_d18_d30,0,"0,6,13,17,18,30","[0, 6, 13, 17, 18, 30]",swap_k06_0037_d00_d06_d13_d17_d18_d30,one-channel swap audit around provisional greedy endpoint,"{""cardinality"": 6, ""centre_candidate_key"": ""0,5,6,17,18,30"", ""phase"": ""one_swap_audit"", ""reused_existing_evaluation"": false}",2026-08-15T11:01:47.980071+00:00
swap,swap_k06_0038_d00_d06_d14_d17_d18_d30,0,"0,6,14,17,18,30","[0, 6, 14, 17, 18, 30]",swap_k06_0038_d00_d06_d14_d17_d18_d30,one-channel swap audit around provisional greedy endpoint,"{""cardinality"": 6, ""centre_candidate_key"": ""0,5,6,17,18,30"", ""phase"": ""one_swap_audit"", ""reused_existing_evaluation"": false}",2026-08-15T11:02:06.502869+00:00
swap,swap_k06_0039_d00_d06_d15_d17_d18_d30,0,"0,6,15,17,18,30","[0, 6, 15, 17, 18, 30]",swap_k06_0039_d00_d06_d15_d17_d18_d30,one-channel swap audit around provisional greedy endpoint,"{""cardinality"": 6, ""centre_candidate_key"": ""0,5,6,17,18,30"", ""phase"": ""one_swap_audit"", ""reused_existing_evaluation"": false}",2026-08-15T11:02:27.505128+00:00
swap,swap_k06_0040_d00_d06_d16_d17_d18_d30,0,"0,6,16,17,18,30","[0, 6, 16, 17, 18, 30]",swap_k06_0040_d00_d06_d16_d17_d18_d30,one-channel swap audit around provisional greedy endpoint,"{""cardinality"": 6, ""centre_candidate_key"": ""0,5,6,17,18,30"", ""phase"": ""one_swap_audit"", ""reused_existing_evaluation"": false}",2026-08-15T11:02:48.619874+00:00
swap,swap_k06_0041_d00_d06_d17_d18_d19_d30,0,"0,6,17,18,19,30","[0, 6, 17, 18, 19, 30]",swap_k06_0041_d00_d06_d17_d18_d19_d30,one-channel swap audit around provisional greedy endpoint,"{""cardinality"": 6, ""centre_candidate_key"": ""0,5,6,17,18,30"", ""phase"": ""one_swap_audit"", ""reused_existing_evaluation"": false}",2026-08-15T11:03:43.576019+00:00
swap,swap_k06_0042_d00_d06_d17_d18_d20_d30,0,"0,6,17,18,20,30","[0, 6, 17, 18, 20, 30]",swap_k06_0042_d00_d06_d17_d18_d20_d30,one-channel swap audit around provisional greedy endpoint,"{""cardinality"": 6, ""centre_candidate_key"": ""0,5,6,17,18,30"", ""phase"": ""one_swap_audit"", ""reused_existing_evaluation"": false}",2026-08-15T11:04:04.685066+00:00
swap,swap_k06_0043_d00_d06_d17_d18_d21_d30,0,"0,6,17,18,21,30","[0, 6, 17, 18, 21, 30]",swap_k06_0043_d00_d06_d17_d18_d21_d30,one-channel swap audit around provisional greedy endpoint,"{""cardinality"": 6, ""centre_candidate_key"": ""0,5,6,17,18,30"", ""phase"": ""one_swap_audit"", ""reused_existing_evaluation"": false}",2026-08-15T11:04:59.215429+00:00
swap,swap_k06_0044_d00_d06_d17_d18_d22_d30,0,"0,6,17,18,22,30","[0, 6, 17, 18, 22, 30]",swap_k06_0044_d00_d06_d17_d18_d22_d30,one-channel swap audit around provisional greedy endpoint,"{""cardinality"": 6, ""centre_candidate_key"": ""0,5,6,17,18,30"", ""phase"": ""one_swap_audit"", ""reused_existing_evaluation"": false}",2026-08-15T11:05:18.793940+00:00
swap,swap_k06_0045_d00_d06_d17_d18_d23_d30,0,"0,6,17,18,23,30","[0, 6, 17, 18, 23, 30]",swap_k06_0045_d00_d06_d17_d18_d23_d30,one-channel swap audit around provisional greedy endpoint,"{""cardinality"": 6, ""centre_candidate_key"": ""0,5,6,17,18,30"", ""phase"": ""one_swap_audit"", ""reused_existing_evaluation"": false}",2026-08-15T11:05:39.547937+00:00
swap,swap_k06_0046_d00_d06_d17_d18_d24_d30,0,"0,6,17,18,24,30","[0, 6, 17, 18, 24, 30]",swap_k06_0046_d00_d06_d17_d18_d24_d30,one-channel swap audit around provisional greedy endpoint,"{""cardinality"": 6, ""centre_candidate_key"": ""0,5,6,17,18,30"", ""phase"": ""one_swap_audit"", ""reused_existing_evaluation"": false}",2026-08-15T11:06:33.738159+00:00
swap,swap_k06_0047_d00_d06_d17_d18_d25_d30,0,"0,6,17,18,25,30","[0, 6, 17, 18, 25, 30]",swap_k06_0047_d00_d06_d17_d18_d25_d30,one-channel swap audit around provisional greedy endpoint,"{""cardinality"": 6, ""centre_candidate_key"": ""0,5,6,17,18,30"", ""phase"": ""one_swap_audit"", ""reused_existing_evaluation"": false}",2026-08-15T11:07:31.924842+00:00
swap,swap_k06_0048_d00_d06_d17_d18_d26_d30,0,"0,6,17,18,26,30","[0, 6, 17, 18, 26, 30]",swap_k06_0048_d00_d06_d17_d18_d26_d30,one-channel swap audit around provisional greedy endpoint,"{""cardinality"": 6, ""centre_candidate_key"": ""0,5,6,17,18,30"", ""phase"": ""one_swap_audit"", ""reused_existing_evaluation"": false}",2026-08-15T11:07:52.730808+00:00
swap,swap_k06_0049_d00_d06_d17_d18_d27_d30,0,"0,6,17,18,27,30","[0, 6, 17, 18, 27, 30]",swap_k06_0049_d00_d06_d17_d18_d27_d30,one-channel swap audit around provisional greedy endpoint,"{""cardinality"": 6, ""centre_candidate_key"": ""0,5,6,17,18,30"", ""phase"": ""one_swap_audit"", ""reused_existing_evaluation"": false}",2026-08-15T11:08:11.740614+00:00
swap,swap_k06_0050_d00_d06_d17_d18_d28_d30,0,"0,6,17,18,28,30","[0, 6, 17, 18, 28, 30]",swap_k06_0050_d00_d06_d17_d18_d28_d30,one-channel swap audit around provisional greedy endpoint,"{""cardinality"": 6, ""centre_candidate_key"": ""0,5,6,17,18,30"", ""phase"": ""one_swap_audit"", ""reused_existing_evaluation"": false}",2026-08-15T11:09:13.129233+00:00
swap,swap_k06_0051_d00_d06_d17_d18_d29_d30,0,"0,6,17,18,29,30","[0, 6, 17, 18, 29, 30]",swap_k06_0051_d00_d06_d17_d18_d29_d30,one-channel swap audit around provisional greedy endpoint,"{""cardinality"": 6, ""centre_candidate_key"": ""0,5,6,17,18,30"", ""phase"": ""one_swap_audit"", ""reused_existing_evaluation"": false}",2026-08-15T11:09:34.126018+00:00
swap,swap_k06_0052_d00_d06_d17_d18_d30_d31,0,"0,6,17,18,30,31","[0, 6, 17, 18, 30, 31]",swap_k06_0052_d00_d06_d17_d18_d30_d31,one-channel swap audit around provisional greedy endpoint,"{""cardinality"": 6, ""centre_candidate_key"": ""0,5,6,17,18,30"", ""phase"": ""one_swap_audit"", ""reused_existing_evaluation"": false}",2026-08-15T11:10:36.826827+00:00
swap,swap_k06_0053_d00_d01_d05_d17_d18_d30,0,"0,1,5,17,18,30","[0, 1, 5, 17, 18, 30]",swap_k06_0053_d00_d01_d05_d17_d18_d30,one-channel swap audit around provisional greedy endpoint,"{""cardinality"": 6, ""centre_candidate_key"": ""0,5,6,17,18,30"", ""phase"": ""one_swap_audit"", ""reused_existing_evaluation"": false}",2026-08-15T11:11:29.363556+00:00
swap,swap_k06_0054_d00_d02_d05_d17_d18_d30,0,"0,2,5,17,18,30","[0, 2, 5, 17, 18, 30]",swap_k06_0054_d00_d02_d05_d17_d18_d30,one-channel swap audit around provisional greedy endpoint,"{""cardinality"": 6, ""centre_candidate_key"": ""0,5,6,17,18,30"", ""phase"": ""one_swap_audit"", ""reused_existing_evaluation"": false}",2026-08-15T11:12:21.989714+00:00
swap,swap_k06_0055_d00_d03_d05_d17_d18_d30,0,"0,3,5,17,18,30","[0, 3, 5, 17, 18, 30]",swap_k06_0055_d00_d03_d05_d17_d18_d30,one-channel swap audit around provisional greedy endpoint,"{""cardinality"": 6, ""centre_candidate_key"": ""0,5,6,17,18,30"", ""phase"": ""one_swap_audit"", ""reused_existing_evaluation"": false}",2026-08-15T11:13:11.512873+00:00
swap,swap_k06_0056_d00_d04_d05_d17_d18_d30,0,"0,4,5,17,18,30","[0, 4, 5, 17, 18, 30]",swap_k06_0056_d00_d04_d05_d17_d18_d30,one-channel swap audit around provisional greedy endpoint,"{""cardinality"": 6, ""centre_candidate_key"": ""0,5,6,17,18,30"", ""phase"": ""one_swap_audit"", ""reused_existing_evaluation"": false}",2026-08-15T11:14:02.069761+00:00
swap,swap_k06_0057_d00_d05_d07_d17_d18_d30,0,"0,5,7,17,18,30","[0, 5, 7, 17, 18, 30]",swap_k06_0057_d00_d05_d07_d17_d18_d30,one-channel swap audit around provisional greedy endpoint,"{""cardinality"": 6, ""centre_candidate_key"": ""0,5,6,17,18,30"", ""phase"": ""one_swap_audit"", ""reused_existing_evaluation"": false}",2026-08-15T11:14:54.201226+00:00
swap,swap_k06_0058_d00_d05_d08_d17_d18_d30,0,"0,5,8,17,18,30","[0, 5, 8, 17, 18, 30]",swap_k06_0058_d00_d05_d08_d17_d18_d30,one-channel swap audit around provisional greedy endpoint,"{""cardinality"": 6, ""centre_candidate_key"": ""0,5,6,17,18,30"", ""phase"": ""one_swap_audit"", ""reused_existing_evaluation"": false}",2026-08-15T11:15:47.186985+00:00
swap,swap_k06_0059_d00_d05_d09_d17_d18_d30,0,"0,5,9,17,18,30","[0, 5, 9, 17, 18, 30]",swap_k06_0059_d00_d05_d09_d17_d18_d30,one-channel swap audit around provisional greedy endpoint,"{""cardinality"": 6, ""centre_candidate_key"": ""0,5,6,17,18,30"", ""phase"": ""one_swap_audit"", ""reused_existing_evaluation"": false}",2026-08-15T11:16:39.890525+00:00
swap,swap_k06_0060_d00_d05_d10_d17_d18_d30,0,"0,5,10,17,18,30","[0, 5, 10, 17, 18, 30]",swap_k06_0060_d00_d05_d10_d17_d18_d30,one-channel swap audit around provisional greedy endpoint,"{""cardinality"": 6, ""centre_candidate_key"": ""0,5,6,17,18,30"", ""phase"": ""one_swap_audit"", ""reused_existing_evaluation"": false}",2026-08-15T11:17:32.553108+00:00
swap,swap_k06_0061_d00_d05_d11_d17_d18_d30,0,"0,5,11,17,18,30","[0, 5, 11, 17, 18, 30]",swap_k06_0061_d00_d05_d11_d17_d18_d30,one-channel swap audit around provisional greedy endpoint,"{""cardinality"": 6, ""centre_candidate_key"": ""0,5,6,17,18,30"", ""phase"": ""one_swap_audit"", ""reused_existing_evaluation"": false}",2026-08-15T11:18:24.952712+00:00
swap,swap_k06_0062_d00_d05_d12_d17_d18_d30,0,"0,5,12,17,18,30","[0, 5, 12, 17, 18, 30]",swap_k06_0062_d00_d05_d12_d17_d18_d30,one-channel swap audit around provisional greedy endpoint,"{""cardinality"": 6, ""centre_candidate_key"": ""0,5,6,17,18,30"", ""phase"": ""one_swap_audit"", ""reused_existing_evaluation"": false}",2026-08-15T11:19:15.637959+00:00
swap,swap_k06_0063_d00_d05_d13_d17_d18_d30,0,"0,5,13,17,18,30","[0, 5, 13, 17, 18, 30]",swap_k06_0063_d00_d05_d13_d17_d18_d30,one-channel swap audit around provisional greedy endpoint,"{""cardinality"": 6, ""centre_candidate_key"": ""0,5,6,17,18,30"", ""phase"": ""one_swap_audit"", ""reused_existing_evaluation"": false}",2026-08-15T11:20:08.285535+00:00
swap,swap_k06_0064_d00_d05_d14_d17_d18_d30,0,"0,5,14,17,18,30","[0, 5, 14, 17, 18, 30]",swap_k06_0064_d00_d05_d14_d17_d18_d30,one-channel swap audit around provisional greedy endpoint,"{""cardinality"": 6, ""centre_candidate_key"": ""0,5,6,17,18,30"", ""phase"": ""one_swap_audit"", ""reused_existing_evaluation"": false}",2026-08-15T11:21:00.693425+00:00
swap,swap_k06_0065_d00_d05_d15_d17_d18_d30,0,"0,5,15,17,18,30","[0, 5, 15, 17, 18, 30]",swap_k06_0065_d00_d05_d15_d17_d18_d30,one-channel swap audit around provisional greedy endpoint,"{""cardinality"": 6, ""centre_candidate_key"": ""0,5,6,17,18,30"", ""phase"": ""one_swap_audit"", ""reused_existing_evaluation"": false}",2026-08-15T11:21:52.584489+00:00
swap,swap_k06_0066_d00_d05_d16_d17_d18_d30,0,"0,5,16,17,18,30","[0, 5, 16, 17, 18, 30]",swap_k06_0066_d00_d05_d16_d17_d18_d30,one-channel swap audit around provisional greedy endpoint,"{""cardinality"": 6, ""centre_candidate_key"": ""0,5,6,17,18,30"", ""phase"": ""one_swap_audit"", ""reused_existing_evaluation"": false}",2026-08-15T11:22:45.682728+00:00
swap,swap_k06_0067_d00_d05_d17_d18_d19_d30,0,"0,5,17,18,19,30","[0, 5, 17, 18, 19, 30]",swap_k06_0067_d00_d05_d17_d18_d19_d30,one-channel swap audit around provisional greedy endpoint,"{""cardinality"": 6, ""centre_candidate_key"": ""0,5,6,17,18,30"", ""phase"": ""one_swap_audit"", ""reused_existing_evaluation"": false}",2026-08-15T11:23:36.845966+00:00
swap,swap_k06_0068_d00_d05_d17_d18_d20_d30,0,"0,5,17,18,20,30","[0, 5, 17, 18, 20, 30]",swap_k06_0068_d00_d05_d17_d18_d20_d30,one-channel swap audit around provisional greedy endpoint,"{""cardinality"": 6, ""centre_candidate_key"": ""0,5,6,17,18,30"", ""phase"": ""one_swap_audit"", ""reused_existing_evaluation"": false}",2026-08-15T11:24:29.086973+00:00
swap,swap_k06_0069_d00_d05_d17_d18_d21_d30,0,"0,5,17,18,21,30","[0, 5, 17, 18, 21, 30]",swap_k06_0069_d00_d05_d17_d18_d21_d30,one-channel swap audit around provisional greedy endpoint,"{""cardinality"": 6, ""centre_candidate_key"": ""0,5,6,17,18,30"", ""phase"": ""one_swap_audit"", ""reused_existing_evaluation"": false}",2026-08-15T11:25:20.316562+00:00
swap,swap_k06_0070_d00_d05_d17_d18_d22_d30,0,"0,5,17,18,22,30","[0, 5, 17, 18, 22, 30]",swap_k06_0070_d00_d05_d17_d18_d22_d30,one-channel swap audit around provisional greedy endpoint,"{""cardinality"": 6, ""centre_candidate_key"": ""0,5,6,17,18,30"", ""phase"": ""one_swap_audit"", ""reused_existing_evaluation"": false}",2026-08-15T11:26:13.328315+00:00
swap,swap_k06_0071_d00_d05_d17_d18_d23_d30,0,"0,5,17,18,23,30","[0, 5, 17, 18, 23, 30]",swap_k06_0071_d00_d05_d17_d18_d23_d30,one-channel swap audit around provisional greedy endpoint,"{""cardinality"": 6, ""centre_candidate_key"": ""0,5,6,17,18,30"", ""phase"": ""one_swap_audit"", ""reused_existing_evaluation"": false}",2026-08-15T11:27:05.149233+00:00
swap,swap_k06_0072_d00_d05_d17_d18_d24_d30,0,"0,5,17,18,24,30","[0, 5, 17, 18, 24, 30]",swap_k06_0072_d00_d05_d17_d18_d24_d30,one-channel swap audit around provisional greedy endpoint,"{""cardinality"": 6, ""centre_candidate_key"": ""0,5,6,17,18,30"", ""phase"": ""one_swap_audit"", ""reused_existing_evaluation"": false}",2026-08-15T11:27:56.038430+00:00
swap,swap_k06_0073_d00_d05_d17_d18_d25_d30,0,"0,5,17,18,25,30","[0, 5, 17, 18, 25, 30]",swap_k06_0073_d00_d05_d17_d18_d25_d30,one-channel swap audit around provisional greedy endpoint,"{""cardinality"": 6, ""centre_candidate_key"": ""0,5,6,17,18,30"", ""phase"": ""one_swap_audit"", ""reused_existing_evaluation"": false}",2026-08-15T11:28:47.858347+00:00
swap,swap_k06_0074_d00_d05_d17_d18_d26_d30,0,"0,5,17,18,26,30","[0, 5, 17, 18, 26, 30]",swap_k06_0074_d00_d05_d17_d18_d26_d30,one-channel swap audit around provisional greedy endpoint,"{""cardinality"": 6, ""centre_candidate_key"": ""0,5,6,17,18,30"", ""phase"": ""one_swap_audit"", ""reused_existing_evaluation"": false}",2026-08-15T11:29:40.384255+00:00
swap,swap_k06_0075_d00_d05_d17_d18_d27_d30,0,"0,5,17,18,27,30","[0, 5, 17, 18, 27, 30]",swap_k06_0075_d00_d05_d17_d18_d27_d30,one-channel swap audit around provisional greedy endpoint,"{""cardinality"": 6, ""centre_candidate_key"": ""0,5,6,17,18,30"", ""phase"": ""one_swap_audit"", ""reused_existing_evaluation"": false}",2026-08-15T11:30:32.142442+00:00
swap,swap_k06_0076_d00_d05_d17_d18_d28_d30,0,"0,5,17,18,28,30","[0, 5, 17, 18, 28, 30]",swap_k06_0076_d00_d05_d17_d18_d28_d30,one-channel swap audit around provisional greedy endpoint,"{""cardinality"": 6, ""centre_candidate_key"": ""0,5,6,17,18,30"", ""phase"": ""one_swap_audit"", ""reused_existing_evaluation"": false}",2026-08-15T11:31:25.386316+00:00
swap,swap_k06_0077_d00_d05_d17_d18_d29_d30,0,"0,5,17,18,29,30","[0, 5, 17, 18, 29, 30]",swap_k06_0077_d00_d05_d17_d18_d29_d30,one-channel swap audit around provisional greedy endpoint,"{""cardinality"": 6, ""centre_candidate_key"": ""0,5,6,17,18,30"", ""phase"": ""one_swap_audit"", ""reused_existing_evaluation"": false}",2026-08-15T11:32:17.754148+00:00
swap,swap_k06_0078_d00_d05_d17_d18_d30_d31,0,"0,5,17,18,30,31","[0, 5, 17, 18, 30, 31]",swap_k06_0078_d00_d05_d17_d18_d30_d31,one-channel swap audit around provisional greedy endpoint,"{""cardinality"": 6, ""centre_candidate_key"": ""0,5,6,17,18,30"", ""phase"": ""one_swap_audit"", ""reused_existing_evaluation"": false}",2026-08-15T11:33:10.344363+00:00
swap,swap_k06_0079_d00_d01_d05_d06_d18_d30,0,"0,1,5,6,18,30","[0, 1, 5, 6, 18, 30]",g_s01_k06_from_d00_d05_d06_d18_d30_add_d01,one-channel swap audit around provisional greedy endpoint,"{""cardinality"": 6, ""centre_candidate_key"": ""0,5,6,17,18,30"", ""phase"": ""one_swap_audit"", ""reused_existing_evaluation"": true}",2026-08-15T11:33:10.450903+00:00
swap,swap_k06_0080_d00_d02_d05_d06_d18_d30,0,"0,2,5,6,18,30","[0, 2, 5, 6, 18, 30]",g_s01_k06_from_d00_d05_d06_d18_d30_add_d02,one-channel swap audit around provisional greedy endpoint,"{""cardinality"": 6, ""centre_candidate_key"": ""0,5,6,17,18,30"", ""phase"": ""one_swap_audit"", ""reused_existing_evaluation"": true}",2026-08-15T11:33:10.457201+00:00
swap,swap_k06_0081_d00_d03_d05_d06_d18_d30,0,"0,3,5,6,18,30","[0, 3, 5, 6, 18, 30]",g_s01_k06_from_d00_d05_d06_d18_d30_add_d03,one-channel swap audit around provisional greedy endpoint,"{""cardinality"": 6, ""centre_candidate_key"": ""0,5,6,17,18,30"", ""phase"": ""one_swap_audit"", ""reused_existing_evaluation"": true}",2026-08-15T11:33:10.463389+00:00
swap,swap_k06_0082_d00_d04_d05_d06_d18_d30,0,"0,4,5,6,18,30","[0, 4, 5, 6, 18, 30]",g_s01_k06_from_d00_d05_d06_d18_d30_add_d04,one-channel swap audit around provisional greedy endpoint,"{""cardinality"": 6, ""centre_candidate_key"": ""0,5,6,17,18,30"", ""phase"": ""one_swap_audit"", ""reused_existing_evaluation"": true}",2026-08-15T11:33:10.469851+00:00
swap,swap_k06_0083_d00_d05_d06_d07_d18_d30,0,"0,5,6,7,18,30","[0, 5, 6, 7, 18, 30]",g_s01_k06_from_d00_d05_d06_d18_d30_add_d07,one-channel swap audit around provisional greedy endpoint,"{""cardinality"": 6, ""centre_candidate_key"": ""0,5,6,17,18,30"", ""phase"": ""one_swap_audit"", ""reused_existing_evaluation"": true}",2026-08-15T11:33:10.476560+00:00
swap,swap_k06_0084_d00_d05_d06_d08_d18_d30,0,"0,5,6,8,18,30","[0, 5, 6, 8, 18, 30]",g_s01_k06_from_d00_d05_d06_d18_d30_add_d08,one-channel swap audit around provisional greedy endpoint,"{""cardinality"": 6, ""centre_candidate_key"": ""0,5,6,17,18,30"", ""phase"": ""one_swap_audit"", ""reused_existing_evaluation"": true}",2026-08-15T11:33:10.483255+00:00
swap,swap_k06_0085_d00_d05_d06_d09_d18_d30,0,"0,5,6,9,18,30","[0, 5, 6, 9, 18, 30]",g_s01_k06_from_d00_d05_d06_d18_d30_add_d09,one-channel swap audit around provisional greedy endpoint,"{""cardinality"": 6, ""centre_candidate_key"": ""0,5,6,17,18,30"", ""phase"": ""one_swap_audit"", ""reused_existing_evaluation"": true}",2026-08-15T11:33:10.490317+00:00
swap,swap_k06_0086_d00_d05_d06_d10_d18_d30,0,"0,5,6,10,18,30","[0, 5, 6, 10, 18, 30]",g_s01_k06_from_d00_d05_d06_d18_d30_add_d10,one-channel swap audit around provisional greedy endpoint,"{""cardinality"": 6, ""centre_candidate_key"": ""0,5,6,17,18,30"", ""phase"": ""one_swap_audit"", ""reused_existing_evaluation"": true}",2026-08-15T11:33:10.496884+00:00
swap,swap_k06_0087_d00_d05_d06_d11_d18_d30,0,"0,5,6,11,18,30","[0, 5, 6, 11, 18, 30]",g_s01_k06_from_d00_d05_d06_d18_d30_add_d11,one-channel swap audit around provisional greedy endpoint,"{""cardinality"": 6, ""centre_candidate_key"": ""0,5,6,17,18,30"", ""phase"": ""one_swap_audit"", ""reused_existing_evaluation"": true}",2026-08-15T11:33:10.503308+00:00
swap,swap_k06_0088_d00_d05_d06_d12_d18_d30,0,"0,5,6,12,18,30","[0, 5, 6, 12, 18, 30]",g_s01_k06_from_d00_d05_d06_d18_d30_add_d12,one-channel swap audit around provisional greedy endpoint,"{""cardinality"": 6, ""centre_candidate_key"": ""0,5,6,17,18,30"", ""phase"": ""one_swap_audit"", ""reused_existing_evaluation"": true}",2026-08-15T11:33:10.509750+00:00
swap,swap_k06_0089_d00_d05_d06_d13_d18_d30,0,"0,5,6,13,18,30","[0, 5, 6, 13, 18, 30]",g_s01_k06_from_d00_d05_d06_d18_d30_add_d13,one-channel swap audit around provisional greedy endpoint,"{""cardinality"": 6, ""centre_candidate_key"": ""0,5,6,17,18,30"", ""phase"": ""one_swap_audit"", ""reused_existing_evaluation"": true}",2026-08-15T11:33:10.516078+00:00
swap,swap_k06_0090_d00_d05_d06_d14_d18_d30,0,"0,5,6,14,18,30","[0, 5, 6, 14, 18, 30]",g_s01_k06_from_d00_d05_d06_d18_d30_add_d14,one-channel swap audit around provisional greedy endpoint,"{""cardinality"": 6, ""centre_candidate_key"": ""0,5,6,17,18,30"", ""phase"": ""one_swap_audit"", ""reused_existing_evaluation"": true}",2026-08-15T11:33:10.522647+00:00
swap,swap_k06_0091_d00_d05_d06_d15_d18_d30,0,"0,5,6,15,18,30","[0, 5, 6, 15, 18, 30]",g_s01_k06_from_d00_d05_d06_d18_d30_add_d15,one-channel swap audit around provisional greedy endpoint,"{""cardinality"": 6, ""centre_candidate_key"": ""0,5,6,17,18,30"", ""phase"": ""one_swap_audit"", ""reused_existing_evaluation"": true}",2026-08-15T11:33:10.529490+00:00
swap,swap_k06_0092_d00_d05_d06_d16_d18_d30,0,"0,5,6,16,18,30","[0, 5, 6, 16, 18, 30]",g_s01_k06_from_d00_d05_d06_d18_d30_add_d16,one-channel swap audit around provisional greedy endpoint,"{""cardinality"": 6, ""centre_candidate_key"": ""0,5,6,17,18,30"", ""phase"": ""one_swap_audit"", ""reused_existing_evaluation"": true}",2026-08-15T11:33:10.536260+00:00
swap,swap_k06_0093_d00_d05_d06_d18_d19_d30,0,"0,5,6,18,19,30","[0, 5, 6, 18, 19, 30]",g_s01_k06_from_d00_d05_d06_d18_d30_add_d19,one-channel swap audit around provisional greedy endpoint,"{""cardinality"": 6, ""centre_candidate_key"": ""0,5,6,17,18,30"", ""phase"": ""one_swap_audit"", ""reused_existing_evaluation"": true}",2026-08-15T11:33:10.543398+00:00
swap,swap_k06_0094_d00_d05_d06_d18_d20_d30,0,"0,5,6,18,20,30","[0, 5, 6, 18, 20, 30]",g_s01_k06_from_d00_d05_d06_d18_d30_add_d20,one-channel swap audit around provisional greedy endpoint,"{""cardinality"": 6, ""centre_candidate_key"": ""0,5,6,17,18,30"", ""phase"": ""one_swap_audit"", ""reused_existing_evaluation"": true}",2026-08-15T11:33:10.550256+00:00
swap,swap_k06_0095_d00_d05_d06_d18_d21_d30,0,"0,5,6,18,21,30","[0, 5, 6, 18, 21, 30]",g_s01_k06_from_d00_d05_d06_d18_d30_add_d21,one-channel swap audit around provisional greedy endpoint,"{""cardinality"": 6, ""centre_candidate_key"": ""0,5,6,17,18,30"", ""phase"": ""one_swap_audit"", ""reused_existing_evaluation"": true}",2026-08-15T11:33:10.557459+00:00
swap,swap_k06_0096_d00_d05_d06_d18_d22_d30,0,"0,5,6,18,22,30","[0, 5, 6, 18, 22, 30]",g_s01_k06_from_d00_d05_d06_d18_d30_add_d22,one-channel swap audit around provisional greedy endpoint,"{""cardinality"": 6, ""centre_candidate_key"": ""0,5,6,17,18,30"", ""phase"": ""one_swap_audit"", ""reused_existing_evaluation"": true}",2026-08-15T11:33:10.564578+00:00
swap,swap_k06_0097_d00_d05_d06_d18_d23_d30,0,"0,5,6,18,23,30","[0, 5, 6, 18, 23, 30]",g_s01_k06_from_d00_d05_d06_d18_d30_add_d23,one-channel swap audit around provisional greedy endpoint,"{""cardinality"": 6, ""centre_candidate_key"": ""0,5,6,17,18,30"", ""phase"": ""one_swap_audit"", ""reused_existing_evaluation"": true}",2026-08-15T11:33:10.571562+00:00
swap,swap_k06_0098_d00_d05_d06_d18_d24_d30,0,"0,5,6,18,24,30","[0, 5, 6, 18, 24, 30]",g_s01_k06_from_d00_d05_d06_d18_d30_add_d24,one-channel swap audit around provisional greedy endpoint,"{""cardinality"": 6, ""centre_candidate_key"": ""0,5,6,17,18,30"", ""phase"": ""one_swap_audit"", ""reused_existing_evaluation"": true}",2026-08-15T11:33:10.578587+00:00
swap,swap_k06_0099_d00_d05_d06_d18_d25_d30,0,"0,5,6,18,25,30","[0, 5, 6, 18, 25, 30]",g_s01_k06_from_d00_d05_d06_d18_d30_add_d25,one-channel swap audit around provisional greedy endpoint,"{""cardinality"": 6, ""centre_candidate_key"": ""0,5,6,17,18,30"", ""phase"": ""one_swap_audit"", ""reused_existing_evaluation"": true}",2026-08-15T11:33:10.585524+00:00
swap,swap_k06_0100_d00_d05_d06_d18_d26_d30,0,"0,5,6,18,26,30","[0, 5, 6, 18, 26, 30]",g_s01_k06_from_d00_d05_d06_d18_d30_add_d26,one-channel swap audit around provisional greedy endpoint,"{""cardinality"": 6, ""centre_candidate_key"": ""0,5,6,17,18,30"", ""phase"": ""one_swap_audit"", ""reused_existing_evaluation"": true}",2026-08-15T11:33:10.592751+00:00
swap,swap_k06_0101_d00_d05_d06_d18_d27_d30,0,"0,5,6,18,27,30","[0, 5, 6, 18, 27, 30]",g_s01_k06_from_d00_d05_d06_d18_d30_add_d27,one-channel swap audit around provisional greedy endpoint,"{""cardinality"": 6, ""centre_candidate_key"": ""0,5,6,17,18,30"", ""phase"": ""one_swap_audit"", ""reused_existing_evaluation"": true}",2026-08-15T11:33:10.599652+00:00
swap,swap_k06_0102_d00_d05_d06_d18_d28_d30,0,"0,5,6,18,28,30","[0, 5, 6, 18, 28, 30]",g_s01_k06_from_d00_d05_d06_d18_d30_add_d28,one-channel swap audit around provisional greedy endpoint,"{""cardinality"": 6, ""centre_candidate_key"": ""0,5,6,17,18,30"", ""phase"": ""one_swap_audit"", ""reused_existing_evaluation"": true}",2026-08-15T11:33:10.606134+00:00
swap,swap_k06_0103_d00_d05_d06_d18_d29_d30,0,"0,5,6,18,29,30","[0, 5, 6, 18, 29, 30]",g_s01_k06_from_d00_d05_d06_d18_d30_add_d29,one-channel swap audit around provisional greedy endpoint,"{""cardinality"": 6, ""centre_candidate_key"": ""0,5,6,17,18,30"", ""phase"": ""one_swap_audit"", ""reused_existing_evaluation"": true}",2026-08-15T11:33:10.612491+00:00
swap,swap_k06_0104_d00_d05_d06_d18_d30_d31,0,"0,5,6,18,30,31","[0, 5, 6, 18, 30, 31]",g_s01_k06_from_d00_d05_d06_d18_d30_add_d31,one-channel swap audit around provisional greedy endpoint,"{""cardinality"": 6, ""centre_candidate_key"": ""0,5,6,17,18,30"", ""phase"": ""one_swap_audit"", ""reused_existing_evaluation"": true}",2026-08-15T11:33:10.618714+00:00
swap,swap_k06_0105_d00_d01_d05_d06_d17_d30,0,"0,1,5,6,17,30","[0, 1, 5, 6, 17, 30]",swap_k06_0105_d00_d01_d05_d06_d17_d30,one-channel swap audit around provisional greedy endpoint,"{""cardinality"": 6, ""centre_candidate_key"": ""0,5,6,17,18,30"", ""phase"": ""one_swap_audit"", ""reused_existing_evaluation"": false}",2026-08-15T11:34:03.318654+00:00
swap,swap_k06_0106_d00_d02_d05_d06_d17_d30,0,"0,2,5,6,17,30","[0, 2, 5, 6, 17, 30]",swap_k06_0106_d00_d02_d05_d06_d17_d30,one-channel swap audit around provisional greedy endpoint,"{""cardinality"": 6, ""centre_candidate_key"": ""0,5,6,17,18,30"", ""phase"": ""one_swap_audit"", ""reused_existing_evaluation"": false}",2026-08-15T11:34:56.710305+00:00
swap,swap_k06_0107_d00_d03_d05_d06_d17_d30,0,"0,3,5,6,17,30","[0, 3, 5, 6, 17, 30]",swap_k06_0107_d00_d03_d05_d06_d17_d30,one-channel swap audit around provisional greedy endpoint,"{""cardinality"": 6, ""centre_candidate_key"": ""0,5,6,17,18,30"", ""phase"": ""one_swap_audit"", ""reused_existing_evaluation"": false}",2026-08-15T11:35:46.140938+00:00
swap,swap_k06_0108_d00_d04_d05_d06_d17_d30,0,"0,4,5,6,17,30","[0, 4, 5, 6, 17, 30]",swap_k06_0108_d00_d04_d05_d06_d17_d30,one-channel swap audit around provisional greedy endpoint,"{""cardinality"": 6, ""centre_candidate_key"": ""0,5,6,17,18,30"", ""phase"": ""one_swap_audit"", ""reused_existing_evaluation"": false}",2026-08-15T11:36:37.081573+00:00
swap,swap_k06_0109_d00_d05_d06_d07_d17_d30,0,"0,5,6,7,17,30","[0, 5, 6, 7, 17, 30]",swap_k06_0109_d00_d05_d06_d07_d17_d30,one-channel swap audit around provisional greedy endpoint,"{""cardinality"": 6, ""centre_candidate_key"": ""0,5,6,17,18,30"", ""phase"": ""one_swap_audit"", ""reused_existing_evaluation"": false}",2026-08-15T11:37:29.223810+00:00
swap,swap_k06_0110_d00_d05_d06_d08_d17_d30,0,"0,5,6,8,17,30","[0, 5, 6, 8, 17, 30]",swap_k06_0110_d00_d05_d06_d08_d17_d30,one-channel swap audit around provisional greedy endpoint,"{""cardinality"": 6, ""centre_candidate_key"": ""0,5,6,17,18,30"", ""phase"": ""one_swap_audit"", ""reused_existing_evaluation"": false}",2026-08-15T11:38:22.370820+00:00
swap,swap_k06_0111_d00_d05_d06_d09_d17_d30,0,"0,5,6,9,17,30","[0, 5, 6, 9, 17, 30]",swap_k06_0111_d00_d05_d06_d09_d17_d30,one-channel swap audit around provisional greedy endpoint,"{""cardinality"": 6, ""centre_candidate_key"": ""0,5,6,17,18,30"", ""phase"": ""one_swap_audit"", ""reused_existing_evaluation"": false}",2026-08-15T11:39:15.743430+00:00
swap,swap_k06_0112_d00_d05_d06_d10_d17_d30,0,"0,5,6,10,17,30","[0, 5, 6, 10, 17, 30]",swap_k06_0112_d00_d05_d06_d10_d17_d30,one-channel swap audit around provisional greedy endpoint,"{""cardinality"": 6, ""centre_candidate_key"": ""0,5,6,17,18,30"", ""phase"": ""one_swap_audit"", ""reused_existing_evaluation"": false}",2026-08-15T11:40:08.459886+00:00
swap,swap_k06_0113_d00_d05_d06_d11_d17_d30,0,"0,5,6,11,17,30","[0, 5, 6, 11, 17, 30]",swap_k06_0113_d00_d05_d06_d11_d17_d30,one-channel swap audit around provisional greedy endpoint,"{""cardinality"": 6, ""centre_candidate_key"": ""0,5,6,17,18,30"", ""phase"": ""one_swap_audit"", ""reused_existing_evaluation"": false}",2026-08-15T11:41:01.439588+00:00
swap,swap_k06_0114_d00_d05_d06_d12_d17_d30,0,"0,5,6,12,17,30","[0, 5, 6, 12, 17, 30]",swap_k06_0114_d00_d05_d06_d12_d17_d30,one-channel swap audit around provisional greedy endpoint,"{""cardinality"": 6, ""centre_candidate_key"": ""0,5,6,17,18,30"", ""phase"": ""one_swap_audit"", ""reused_existing_evaluation"": false}",2026-08-15T11:41:52.173806+00:00
swap,swap_k06_0115_d00_d05_d06_d13_d17_d30,0,"0,5,6,13,17,30","[0, 5, 6, 13, 17, 30]",swap_k06_0115_d00_d05_d06_d13_d17_d30,one-channel swap audit around provisional greedy endpoint,"{""cardinality"": 6, ""centre_candidate_key"": ""0,5,6,17,18,30"", ""phase"": ""one_swap_audit"", ""reused_existing_evaluation"": false}",2026-08-15T11:42:44.767550+00:00
swap,swap_k06_0116_d00_d05_d06_d14_d17_d30,0,"0,5,6,14,17,30","[0, 5, 6, 14, 17, 30]",swap_k06_0116_d00_d05_d06_d14_d17_d30,one-channel swap audit around provisional greedy endpoint,"{""cardinality"": 6, ""centre_candidate_key"": ""0,5,6,17,18,30"", ""phase"": ""one_swap_audit"", ""reused_existing_evaluation"": false}",2026-08-15T11:43:37.750700+00:00
swap,swap_k06_0117_d00_d05_d06_d15_d17_d30,0,"0,5,6,15,17,30","[0, 5, 6, 15, 17, 30]",swap_k06_0117_d00_d05_d06_d15_d17_d30,one-channel swap audit around provisional greedy endpoint,"{""cardinality"": 6, ""centre_candidate_key"": ""0,5,6,17,18,30"", ""phase"": ""one_swap_audit"", ""reused_existing_evaluation"": false}",2026-08-15T11:44:30.732124+00:00
swap,swap_k06_0118_d00_d05_d06_d16_d17_d30,0,"0,5,6,16,17,30","[0, 5, 6, 16, 17, 30]",swap_k06_0118_d00_d05_d06_d16_d17_d30,one-channel swap audit around provisional greedy endpoint,"{""cardinality"": 6, ""centre_candidate_key"": ""0,5,6,17,18,30"", ""phase"": ""one_swap_audit"", ""reused_existing_evaluation"": false}",2026-08-15T11:45:24.074537+00:00
swap,swap_k06_0119_d00_d05_d06_d17_d19_d30,0,"0,5,6,17,19,30","[0, 5, 6, 17, 19, 30]",swap_k06_0119_d00_d05_d06_d17_d19_d30,one-channel swap audit around provisional greedy endpoint,"{""cardinality"": 6, ""centre_candidate_key"": ""0,5,6,17,18,30"", ""phase"": ""one_swap_audit"", ""reused_existing_evaluation"": false}",2026-08-15T11:46:14.950495+00:00
swap,swap_k06_0120_d00_d05_d06_d17_d20_d30,0,"0,5,6,17,20,30","[0, 5, 6, 17, 20, 30]",swap_k06_0120_d00_d05_d06_d17_d20_d30,one-channel swap audit around provisional greedy endpoint,"{""cardinality"": 6, ""centre_candidate_key"": ""0,5,6,17,18,30"", ""phase"": ""one_swap_audit"", ""reused_existing_evaluation"": false}",2026-08-15T11:47:07.690820+00:00
swap,swap_k06_0121_d00_d05_d06_d17_d21_d30,0,"0,5,6,17,21,30","[0, 5, 6, 17, 21, 30]",swap_k06_0121_d00_d05_d06_d17_d21_d30,one-channel swap audit around provisional greedy endpoint,"{""cardinality"": 6, ""centre_candidate_key"": ""0,5,6,17,18,30"", ""phase"": ""one_swap_audit"", ""reused_existing_evaluation"": false}",2026-08-15T11:47:59.158902+00:00
swap,swap_k06_0122_d00_d05_d06_d17_d22_d30,0,"0,5,6,17,22,30","[0, 5, 6, 17, 22, 30]",swap_k06_0122_d00_d05_d06_d17_d22_d30,one-channel swap audit around provisional greedy endpoint,"{""cardinality"": 6, ""centre_candidate_key"": ""0,5,6,17,18,30"", ""phase"": ""one_swap_audit"", ""reused_existing_evaluation"": false}",2026-08-15T11:48:52.845050+00:00
swap,swap_k06_0123_d00_d05_d06_d17_d23_d30,0,"0,5,6,17,23,30","[0, 5, 6, 17, 23, 30]",swap_k06_0123_d00_d05_d06_d17_d23_d30,one-channel swap audit around provisional greedy endpoint,"{""cardinality"": 6, ""centre_candidate_key"": ""0,5,6,17,18,30"", ""phase"": ""one_swap_audit"", ""reused_existing_evaluation"": false}",2026-08-15T11:49:44.785707+00:00
swap,swap_k06_0124_d00_d05_d06_d17_d24_d30,0,"0,5,6,17,24,30","[0, 5, 6, 17, 24, 30]",swap_k06_0124_d00_d05_d06_d17_d24_d30,one-channel swap audit around provisional greedy endpoint,"{""cardinality"": 6, ""centre_candidate_key"": ""0,5,6,17,18,30"", ""phase"": ""one_swap_audit"", ""reused_existing_evaluation"": false}",2026-08-15T11:50:35.682077+00:00
swap,swap_k06_0125_d00_d05_d06_d17_d25_d30,0,"0,5,6,17,25,30","[0, 5, 6, 17, 25, 30]",swap_k06_0125_d00_d05_d06_d17_d25_d30,one-channel swap audit around provisional greedy endpoint,"{""cardinality"": 6, ""centre_candidate_key"": ""0,5,6,17,18,30"", ""phase"": ""one_swap_audit"", ""reused_existing_evaluation"": false}",2026-08-15T11:51:28.023062+00:00
swap,swap_k06_0126_d00_d05_d06_d17_d26_d30,0,"0,5,6,17,26,30","[0, 5, 6, 17, 26, 30]",swap_k06_0126_d00_d05_d06_d17_d26_d30,one-channel swap audit around provisional greedy endpoint,"{""cardinality"": 6, ""centre_candidate_key"": ""0,5,6,17,18,30"", ""phase"": ""one_swap_audit"", ""reused_existing_evaluation"": false}",2026-08-15T11:52:21.384681+00:00
swap,swap_k06_0127_d00_d05_d06_d17_d27_d30,0,"0,5,6,17,27,30","[0, 5, 6, 17, 27, 30]",swap_k06_0127_d00_d05_d06_d17_d27_d30,one-channel swap audit around provisional greedy endpoint,"{""cardinality"": 6, ""centre_candidate_key"": ""0,5,6,17,18,30"", ""phase"": ""one_swap_audit"", ""reused_existing_evaluation"": false}",2026-08-15T11:53:13.838142+00:00
swap,swap_k06_0128_d00_d05_d06_d17_d28_d30,0,"0,5,6,17,28,30","[0, 5, 6, 17, 28, 30]",swap_k06_0128_d00_d05_d06_d17_d28_d30,one-channel swap audit around provisional greedy endpoint,"{""cardinality"": 6, ""centre_candidate_key"": ""0,5,6,17,18,30"", ""phase"": ""one_swap_audit"", ""reused_existing_evaluation"": false}",2026-08-15T11:54:07.549046+00:00
swap,swap_k06_0129_d00_d05_d06_d17_d29_d30,0,"0,5,6,17,29,30","[0, 5, 6, 17, 29, 30]",swap_k06_0129_d00_d05_d06_d17_d29_d30,one-channel swap audit around provisional greedy endpoint,"{""cardinality"": 6, ""centre_candidate_key"": ""0,5,6,17,18,30"", ""phase"": ""one_swap_audit"", ""reused_existing_evaluation"": false}",2026-08-15T11:55:00.521161+00:00
swap,swap_k06_0130_d00_d05_d06_d17_d30_d31,0,"0,5,6,17,30,31","[0, 5, 6, 17, 30, 31]",swap_k06_0130_d00_d05_d06_d17_d30_d31,one-channel swap audit around provisional greedy endpoint,"{""cardinality"": 6, ""centre_candidate_key"": ""0,5,6,17,18,30"", ""phase"": ""one_swap_audit"", ""reused_existing_evaluation"": false}",2026-08-15T11:55:53.654176+00:00
swap,swap_k06_0131_d00_d01_d05_d06_d17_d18,0,"0,1,5,6,17,18","[0, 1, 5, 6, 17, 18]",swap_k06_0131_d00_d01_d05_d06_d17_d18,one-channel swap audit around provisional greedy endpoint,"{""cardinality"": 6, ""centre_candidate_key"": ""0,5,6,17,18,30"", ""phase"": ""one_swap_audit"", ""reused_existing_evaluation"": false}",2026-08-15T11:56:47.219314+00:00
swap,swap_k06_0132_d00_d02_d05_d06_d17_d18,0,"0,2,5,6,17,18","[0, 2, 5, 6, 17, 18]",swap_k06_0132_d00_d02_d05_d06_d17_d18,one-channel swap audit around provisional greedy endpoint,"{""cardinality"": 6, ""centre_candidate_key"": ""0,5,6,17,18,30"", ""phase"": ""one_swap_audit"", ""reused_existing_evaluation"": false}",2026-08-15T11:57:40.406301+00:00
swap,swap_k06_0133_d00_d03_d05_d06_d17_d18,0,"0,3,5,6,17,18","[0, 3, 5, 6, 17, 18]",swap_k06_0133_d00_d03_d05_d06_d17_d18,one-channel swap audit around provisional greedy endpoint,"{""cardinality"": 6, ""centre_candidate_key"": ""0,5,6,17,18,30"", ""phase"": ""one_swap_audit"", ""reused_existing_evaluation"": false}",2026-08-15T11:58:30.441439+00:00
swap,swap_k06_0134_d00_d04_d05_d06_d17_d18,0,"0,4,5,6,17,18","[0, 4, 5, 6, 17, 18]",swap_k06_0134_d00_d04_d05_d06_d17_d18,one-channel swap audit around provisional greedy endpoint,"{""cardinality"": 6, ""centre_candidate_key"": ""0,5,6,17,18,30"", ""phase"": ""one_swap_audit"", ""reused_existing_evaluation"": false}",2026-08-15T11:59:21.760963+00:00
swap,swap_k06_0135_d00_d05_d06_d07_d17_d18,0,"0,5,6,7,17,18","[0, 5, 6, 7, 17, 18]",swap_k06_0135_d00_d05_d06_d07_d17_d18,one-channel swap audit around provisional greedy endpoint,"{""cardinality"": 6, ""centre_candidate_key"": ""0,5,6,17,18,30"", ""phase"": ""one_swap_audit"", ""reused_existing_evaluation"": false}",2026-08-15T12:00:14.489533+00:00
swap,swap_k06_0136_d00_d05_d06_d08_d17_d18,0,"0,5,6,8,17,18","[0, 5, 6, 8, 17, 18]",swap_k06_0136_d00_d05_d06_d08_d17_d18,one-channel swap audit around provisional greedy endpoint,"{""cardinality"": 6, ""centre_candidate_key"": ""0,5,6,17,18,30"", ""phase"": ""one_swap_audit"", ""reused_existing_evaluation"": false}",2026-08-15T12:01:07.693570+00:00
swap,swap_k06_0137_d00_d05_d06_d09_d17_d18,0,"0,5,6,9,17,18","[0, 5, 6, 9, 17, 18]",swap_k06_0137_d00_d05_d06_d09_d17_d18,one-channel swap audit around provisional greedy endpoint,"{""cardinality"": 6, ""centre_candidate_key"": ""0,5,6,17,18,30"", ""phase"": ""one_swap_audit"", ""reused_existing_evaluation"": false}",2026-08-15T12:02:01.364827+00:00
swap,swap_k06_0138_d00_d05_d06_d10_d17_d18,0,"0,5,6,10,17,18","[0, 5, 6, 10, 17, 18]",swap_k06_0138_d00_d05_d06_d10_d17_d18,one-channel swap audit around provisional greedy endpoint,"{""cardinality"": 6, ""centre_candidate_key"": ""0,5,6,17,18,30"", ""phase"": ""one_swap_audit"", ""reused_existing_evaluation"": false}",2026-08-15T12:02:54.438016+00:00
swap,swap_k06_0139_d00_d05_d06_d11_d17_d18,0,"0,5,6,11,17,18","[0, 5, 6, 11, 17, 18]",swap_k06_0139_d00_d05_d06_d11_d17_d18,one-channel swap audit around provisional greedy endpoint,"{""cardinality"": 6, ""centre_candidate_key"": ""0,5,6,17,18,30"", ""phase"": ""one_swap_audit"", ""reused_existing_evaluation"": false}",2026-08-15T12:03:47.623759+00:00
swap,swap_k06_0140_d00_d05_d06_d12_d17_d18,0,"0,5,6,12,17,18","[0, 5, 6, 12, 17, 18]",swap_k06_0140_d00_d05_d06_d12_d17_d18,one-channel swap audit around provisional greedy endpoint,"{""cardinality"": 6, ""centre_candidate_key"": ""0,5,6,17,18,30"", ""phase"": ""one_swap_audit"", ""reused_existing_evaluation"": false}",2026-08-15T12:04:39.251792+00:00
swap,swap_k06_0141_d00_d05_d06_d13_d17_d18,0,"0,5,6,13,17,18","[0, 5, 6, 13, 17, 18]",swap_k06_0141_d00_d05_d06_d13_d17_d18,one-channel swap audit around provisional greedy endpoint,"{""cardinality"": 6, ""centre_candidate_key"": ""0,5,6,17,18,30"", ""phase"": ""one_swap_audit"", ""reused_existing_evaluation"": false}",2026-08-15T12:05:32.045302+00:00
swap,swap_k06_0142_d00_d05_d06_d14_d17_d18,0,"0,5,6,14,17,18","[0, 5, 6, 14, 17, 18]",swap_k06_0142_d00_d05_d06_d14_d17_d18,one-channel swap audit around provisional greedy endpoint,"{""cardinality"": 6, ""centre_candidate_key"": ""0,5,6,17,18,30"", ""phase"": ""one_swap_audit"", ""reused_existing_evaluation"": false}",2026-08-15T12:06:25.399470+00:00
swap,swap_k06_0143_d00_d05_d06_d15_d17_d18,0,"0,5,6,15,17,18","[0, 5, 6, 15, 17, 18]",swap_k06_0143_d00_d05_d06_d15_d17_d18,one-channel swap audit around provisional greedy endpoint,"{""cardinality"": 6, ""centre_candidate_key"": ""0,5,6,17,18,30"", ""phase"": ""one_swap_audit"", ""reused_existing_evaluation"": false}",2026-08-15T12:07:18.185765+00:00
swap,swap_k06_0144_d00_d05_d06_d16_d17_d18,0,"0,5,6,16,17,18","[0, 5, 6, 16, 17, 18]",swap_k06_0144_d00_d05_d06_d16_d17_d18,one-channel swap audit around provisional greedy endpoint,"{""cardinality"": 6, ""centre_candidate_key"": ""0,5,6,17,18,30"", ""phase"": ""one_swap_audit"", ""reused_existing_evaluation"": false}",2026-08-15T12:08:11.281444+00:00
swap,swap_k06_0145_d00_d05_d06_d17_d18_d19,0,"0,5,6,17,18,19","[0, 5, 6, 17, 18, 19]",swap_k06_0145_d00_d05_d06_d17_d18_d19,one-channel swap audit around provisional greedy endpoint,"{""cardinality"": 6, ""centre_candidate_key"": ""0,5,6,17,18,30"", ""phase"": ""one_swap_audit"", ""reused_existing_evaluation"": false}",2026-08-15T12:09:02.758483+00:00
swap,swap_k06_0146_d00_d05_d06_d17_d18_d20,0,"0,5,6,17,18,20","[0, 5, 6, 17, 18, 20]",swap_k06_0146_d00_d05_d06_d17_d18_d20,one-channel swap audit around provisional greedy endpoint,"{""cardinality"": 6, ""centre_candidate_key"": ""0,5,6,17,18,30"", ""phase"": ""one_swap_audit"", ""reused_existing_evaluation"": false}",2026-08-15T12:09:55.630530+00:00
swap,swap_k06_0147_d00_d05_d06_d17_d18_d21,0,"0,5,6,17,18,21","[0, 5, 6, 17, 18, 21]",swap_k06_0147_d00_d05_d06_d17_d18_d21,one-channel swap audit around provisional greedy endpoint,"{""cardinality"": 6, ""centre_candidate_key"": ""0,5,6,17,18,30"", ""phase"": ""one_swap_audit"", ""reused_existing_evaluation"": false}",2026-08-15T12:10:47.342953+00:00
swap,swap_k06_0148_d00_d05_d06_d17_d18_d22,0,"0,5,6,17,18,22","[0, 5, 6, 17, 18, 22]",swap_k06_0148_d00_d05_d06_d17_d18_d22,one-channel swap audit around provisional greedy endpoint,"{""cardinality"": 6, ""centre_candidate_key"": ""0,5,6,17,18,30"", ""phase"": ""one_swap_audit"", ""reused_existing_evaluation"": false}",2026-08-15T12:11:40.802833+00:00
swap,swap_k06_0149_d00_d05_d06_d17_d18_d23,0,"0,5,6,17,18,23","[0, 5, 6, 17, 18, 23]",swap_k06_0149_d00_d05_d06_d17_d18_d23,one-channel swap audit around provisional greedy endpoint,"{""cardinality"": 6, ""centre_candidate_key"": ""0,5,6,17,18,30"", ""phase"": ""one_swap_audit"", ""reused_existing_evaluation"": false}",2026-08-15T12:12:34.029381+00:00
swap,swap_k06_0150_d00_d05_d06_d17_d18_d24,0,"0,5,6,17,18,24","[0, 5, 6, 17, 18, 24]",swap_k06_0150_d00_d05_d06_d17_d18_d24,one-channel swap audit around provisional greedy endpoint,"{""cardinality"": 6, ""centre_candidate_key"": ""0,5,6,17,18,30"", ""phase"": ""one_swap_audit"", ""reused_existing_evaluation"": false}",2026-08-15T12:13:25.518578+00:00
swap,swap_k06_0151_d00_d05_d06_d17_d18_d25,0,"0,5,6,17,18,25","[0, 5, 6, 17, 18, 25]",swap_k06_0151_d00_d05_d06_d17_d18_d25,one-channel swap audit around provisional greedy endpoint,"{""cardinality"": 6, ""centre_candidate_key"": ""0,5,6,17,18,30"", ""phase"": ""one_swap_audit"", ""reused_existing_evaluation"": false}",2026-08-15T12:14:18.268219+00:00
swap,swap_k06_0152_d00_d05_d06_d17_d18_d26,0,"0,5,6,17,18,26","[0, 5, 6, 17, 18, 26]",swap_k06_0152_d00_d05_d06_d17_d18_d26,one-channel swap audit around provisional greedy endpoint,"{""cardinality"": 6, ""centre_candidate_key"": ""0,5,6,17,18,30"", ""phase"": ""one_swap_audit"", ""reused_existing_evaluation"": false}",2026-08-15T12:15:12.097913+00:00
swap,swap_k06_0153_d00_d05_d06_d17_d18_d27,0,"0,5,6,17,18,27","[0, 5, 6, 17, 18, 27]",swap_k06_0153_d00_d05_d06_d17_d18_d27,one-channel swap audit around provisional greedy endpoint,"{""cardinality"": 6, ""centre_candidate_key"": ""0,5,6,17,18,30"", ""phase"": ""one_swap_audit"", ""reused_existing_evaluation"": false}",2026-08-15T12:16:04.586259+00:00
swap,swap_k06_0154_d00_d05_d06_d17_d18_d28,0,"0,5,6,17,18,28","[0, 5, 6, 17, 18, 28]",swap_k06_0154_d00_d05_d06_d17_d18_d28,one-channel swap audit around provisional greedy endpoint,"{""cardinality"": 6, ""centre_candidate_key"": ""0,5,6,17,18,30"", ""phase"": ""one_swap_audit"", ""reused_existing_evaluation"": false}",2026-08-15T12:16:58.070666+00:00
swap,swap_k06_0155_d00_d05_d06_d17_d18_d29,0,"0,5,6,17,18,29","[0, 5, 6, 17, 18, 29]",swap_k06_0155_d00_d05_d06_d17_d18_d29,one-channel swap audit around provisional greedy endpoint,"{""cardinality"": 6, ""centre_candidate_key"": ""0,5,6,17,18,30"", ""phase"": ""one_swap_audit"", ""reused_existing_evaluation"": false}",2026-08-15T12:17:51.249122+00:00
swap,swap_k06_0156_d00_d05_d06_d17_d18_d31,0,"0,5,6,17,18,31","[0, 5, 6, 17, 18, 31]",swap_k06_0156_d00_d05_d06_d17_d18_d31,one-channel swap audit around provisional greedy endpoint,"{""cardinality"": 6, ""centre_candidate_key"": ""0,5,6,17,18,30"", ""phase"": ""one_swap_audit"", ""reused_existing_evaluation"": false}",2026-08-15T12:18:44.754363+00:00
