rank,label,channels,role,replicate,coverage,historical_evo_ape_mean_cm,historical_evo_ape_rmse_cm,historical_evo_rpe_rmse_cm,se3_ate_rmse_cm,se3_ate_mean_cm,se3_ate_max_cm,translation_rpe_rmse_cm,translation_rpe_max_cm,rotation_rpe_rmse_deg,rotation_rpe_max_deg,allframe_sim3_mean_cm,allframe_sim3_scale,keyframe_sim3_mean_cm,keyframe_sim3_scale
1,swap_k06_0024_d05_d06_d17_d18_d28_d30,"5,6,17,18,28,30",one-channel swap audit around provisional greedy endpoint,0,0.9965095986038395,6.7335,7.8211,1.3403,11.764025181269325,11.004043962499521,19.569018018349208,1.0365173074343876,12.192615563292291,0.7737093718828812,9.633790891631545,7.7654842151080805,1.0962896222779401,6.743084671241803,1.0998278898851972
2,swap_k06_0024_d05_d06_d17_d18_d28_d30,"5,6,17,18,28,30",final repeat validation for Lstar_single,1,0.9965095986038395,6.7335,7.8211,1.3403,11.764025181269325,11.004043962499521,19.569018018349208,1.0365173074343876,12.192615563292291,0.7737093718828812,9.633790891631545,7.7654842151080805,1.0962896222779401,6.743084671241803,1.0998278898851972
3,swap_k06_0024_d05_d06_d17_d18_d28_d30,"5,6,17,18,28,30",final repeat validation for Lstar_single,2,0.9965095986038395,6.7335,7.8211,1.3403,11.764025181269325,11.004043962499521,19.569018018349208,1.0365173074343876,12.192615563292291,0.7737093718828812,9.633790891631545,7.7654842151080805,1.0962896222779401,6.743084671241803,1.0998278898851972
4,g_s01_k06_from_d00_d05_d06_d18_d30_add_d17,"0,5,6,17,18,30",direct full-sequence ATE forward-greedy trial,0,0.9965095986038395,6.9553,7.7536,1.3857,11.824288465216659,11.107792042130887,18.852725251571975,1.016813892844974,10.315589294841752,0.7991341777150397,9.606846972454047,7.534445857967163,1.1022728748901671,6.96973770758195,1.1067954915416445
5,g_s01_k06_from_d00_d05_d06_d18_d30_add_d17,"0,5,6,17,18,30",final repeat validation for G6,1,0.9965095986038395,6.9553,7.7536,1.3857,11.824288465216659,11.107792042130887,18.852725251571975,1.016813892844974,10.315589294841752,0.7991341777150397,9.606846972454047,7.534445857967163,1.1022728748901671,6.96973770758195,1.1067954915416445
6,g_s01_k06_from_d00_d05_d06_d18_d30_add_d17,"0,5,6,17,18,30",final repeat validation for G6,2,0.9965095986038395,6.9553,7.7536,1.3857,11.824288465216659,11.107792042130887,18.852725251571975,1.016813892844974,10.315589294841752,0.7991341777150397,9.606846972454047,7.534445857967163,1.1022728748901671,6.96973770758195,1.1067954915416445
7,g_s01_k06_from_d00_d05_d06_d18_d30_add_d15,"0,5,6,15,18,30",direct full-sequence ATE forward-greedy trial,0,0.9965095986038395,6.990499999999999,7.8601,1.4043999999999999,11.520230740337546,10.883003572828422,19.753605245903803,1.0065926415868094,9.925548771668536,0.774056929113793,8.878681702087814,7.444929484238724,1.0970897783778717,7.006575158348959,1.0983765121838436
8,g_s01_k04_from_d00_d05_d18_add_d30,"0,5,18,30",direct full-sequence ATE forward-greedy trial,0,0.9965095986038395,7.1673,7.9868999999999994,1.8872,11.500784837805183,10.476307154324838,26.033816090942974,1.3693213801692474,21.92709507416018,1.043973572725086,13.914066308271957,8.28976841584259,1.0804751725001092,7.178479538991294,1.0836124193076069
9,g_s01_k04_from_d00_d05_d18_add_d30,"0,5,18,30",final repeat validation for G4,1,0.9965095986038395,7.1673,7.9868999999999994,1.8872,11.500784837805183,10.476307154324838,26.033816090942974,1.3693213801692474,21.92709507416018,1.043973572725086,13.914066308271957,8.28976841584259,1.0804751725001092,7.178479538991294,1.0836124193076069
10,g_s01_k04_from_d00_d05_d18_add_d30,"0,5,18,30",final repeat validation for G4,2,0.9965095986038395,7.1673,7.9868999999999994,1.8872,11.500784837805183,10.476307154324838,26.033816090942974,1.3693213801692474,21.92709507416018,1.043973572725086,13.914066308271957,8.28976841584259,1.0804751725001092,7.178479538991294,1.0836124193076069
11,g_s01_k06_from_d00_d05_d06_d18_d30_add_d01,"0,1,5,6,18,30",direct full-sequence ATE forward-greedy trial,0,0.9965095986038395,7.2303999999999995,7.9821,1.2683,11.706920810365704,11.019491787105789,19.308681128844484,0.9491912996585319,6.392273343260318,0.7676359951183649,9.750890316663007,7.569556659577511,1.1030711281089718,7.248310662316825,1.1060113103467948
12,swap_k06_0013_d05_d06_d15_d17_d18_d30,"5,6,15,17,18,30",one-channel swap audit around provisional greedy endpoint,0,0.9965095986038395,7.3467,8.326799999999999,1.2092,12.420331671791454,11.64562010925398,19.659082668949203,0.9173012765876077,6.524598000497901,0.7403605644704172,9.648492457592571,8.040088003396,1.103854523391459,7.364849408277957,1.1086539953630759
13,swap_k06_0058_d00_d05_d08_d17_d18_d30,"0,5,8,17,18,30",one-channel swap audit around provisional greedy endpoint,0,0.9965095986038395,7.351100000000001,7.991099999999999,1.4477,11.26579465696271,10.554487859502954,19.24432511640858,1.0337701160841077,9.365080203166466,0.8876054755025545,11.586419583328295,8.038681586450156,1.0849426270975016,7.367805095153603,1.0928710362075458
14,swap_k06_0056_d00_d04_d05_d17_d18_d30,"0,4,5,17,18,30",one-channel swap audit around provisional greedy endpoint,0,0.9965095986038395,7.523499999999999,8.2359,1.3036,10.964132659538476,10.300020088958014,18.090491999456624,0.9620727396355611,6.602511401656234,0.7212575394005198,9.5249754188296,8.114126373811523,1.0792500611064346,7.5357530526880465,1.0843021773309234
15,swap_k06_0068_d00_d05_d17_d18_d20_d30,"0,5,17,18,20,30",one-channel swap audit around provisional greedy endpoint,0,0.9965095986038395,7.5626,8.2994,1.4102,11.6521261471079,10.895372567610506,18.73857204170821,1.0426729273617297,8.460836271580503,0.8120945905520829,9.390445361727721,8.416939264904537,1.0876350668179813,7.575709480880957,1.0933907540754617
16,g_s01_k06_from_d00_d05_d06_d18_d30_add_d02,"0,2,5,6,18,30",direct full-sequence ATE forward-greedy trial,0,0.9965095986038395,7.613,8.2997,1.3969,12.197350216046681,11.526102808650943,21.332023361121593,1.005521485903679,7.970212658288806,0.8027434080562521,9.444153332350643,8.572208584382123,1.099524688955957,7.619318269705752,1.1037141717245733
17,g_s01_k05_from_d00_d05_d18_d30_add_d06,"0,5,6,18,30",direct full-sequence ATE forward-greedy trial,0,0.9965095986038395,7.6408000000000005,8.341700000000001,1.3711,12.670755025658794,11.962821774829239,20.766498219014917,1.0072186022796001,8.023855167264173,0.8163480125847722,9.3511864565293,8.730313551392534,1.1069721197970053,7.643216595085174,1.113187040430258
18,g_s01_k05_from_d00_d05_d18_d30_add_d06,"0,5,6,18,30",final repeat validation for G5,1,0.9965095986038395,7.6408000000000005,8.341700000000001,1.3711,12.670755025658794,11.962821774829239,20.766498219014917,1.0072186022796001,8.023855167264173,0.8163480125847722,9.3511864565293,8.730313551392534,1.1069721197970053,7.643216595085174,1.113187040430258
19,g_s01_k05_from_d00_d05_d18_d30_add_d06,"0,5,6,18,30",final repeat validation for G5,2,0.9965095986038395,7.6408000000000005,8.341700000000001,1.3711,12.670755025658794,11.962821774829239,20.766498219014917,1.0072186022796001,8.023855167264173,0.8163480125847722,9.3511864565293,8.730313551392534,1.1069721197970053,7.643216595085174,1.113187040430258
20,g_s01_k05_from_d00_d05_d18_d30_add_d26,"0,5,18,26,30",direct full-sequence ATE forward-greedy trial,0,0.9965095986038395,7.7,8.2498,1.6490999999999998,11.532690228796188,10.798980627868309,24.93476598301466,1.1723847592292398,16.149931985918812,0.8644075075524025,10.048597971930848,8.400473228824806,1.0870679732845747,7.716571920209519,1.0911717854910112
21,swap_k06_0022_d05_d06_d17_d18_d26_d30,"5,6,17,18,26,30",one-channel swap audit around provisional greedy endpoint,0,0.9965095986038395,7.7502,8.4456,1.3085,12.87132960956862,12.003061267035703,19.979256306782023,0.9599683939800232,7.191444369023016,0.7440691129748777,9.566981470385194,8.435333521833654,1.1115682433542038,7.764756384066383,1.1183455176251214
22,g_s01_k06_from_d00_d05_d06_d18_d30_add_d10,"0,5,6,10,18,30",direct full-sequence ATE forward-greedy trial,0,0.9965095986038395,7.9127,8.810500000000001,1.3651,12.311251314244668,11.556154891560913,20.369922185163983,1.009755614024189,7.080456757158304,0.8131673054423428,9.127050846282632,8.728963127174062,1.0954213875019707,7.925061358171032,1.096565857513454
23,g_s01_k06_from_d00_d05_d06_d18_d30_add_d31,"0,5,6,18,30,31",direct full-sequence ATE forward-greedy trial,0,0.9965095986038395,7.933800000000001,8.7962,1.2939,12.613460864775405,11.748616753811083,23.386589484623393,0.9578731371064717,5.622810777703823,0.7604986488083798,9.639917847400072,8.998930098347717,1.1004995768557606,7.934948295572067,1.1032225721141617
24,swap_k06_0012_d05_d06_d14_d17_d18_d30,"5,6,14,17,18,30",one-channel swap audit around provisional greedy endpoint,0,0.9965095986038395,7.964799999999999,9.0077,1.2956,12.944027664458085,12.184502514535867,22.50673142148528,0.9697651389604477,9.322548867860068,0.7235612320376017,9.4899884486953,9.38724815744411,1.095569794249215,7.966268096104975,1.105346806226887
25,g_pair_seed_sweep_d00_d05,"0,5",fallback exhaustive two-channel full-sequence seed sweep,0,0.9965095986038395,8.0837,8.919599999999999,1.3788,11.997500599371913,11.229060205595067,21.632801545656097,1.0659976685302432,7.770533343540976,0.7701438743608986,8.549508662202625,8.745129810879092,1.0942220684737864,8.091030819275142,1.097790930471081
26,g_pair_seed_sweep_d00_d05,"0,5",final repeat validation for G2,1,0.9965095986038395,8.0837,8.919599999999999,1.3788,11.997500599371913,11.229060205595067,21.632801545656097,1.0659976685302432,7.770533343540976,0.7701438743608986,8.549508662202625,8.745129810879092,1.0942220684737864,8.091030819275142,1.097790930471081
27,g_pair_seed_sweep_d00_d05,"0,5",final repeat validation for G2,2,0.9965095986038395,8.0837,8.919599999999999,1.3788,11.997500599371913,11.229060205595067,21.632801545656097,1.0659976685302432,7.770533343540976,0.7701438743608986,8.549508662202625,8.745129810879092,1.0942220684737864,8.091030819275142,1.097790930471081
28,swap_k06_0008_d05_d06_d10_d17_d18_d30,"5,6,10,17,18,30",one-channel swap audit around provisional greedy endpoint,0,0.9965095986038395,8.0972,9.0985,1.2589,12.889452009838354,11.98731528713209,20.031780834383493,0.9581625440631203,6.982454796066747,0.7375123342917151,9.418617065004842,9.078745173458099,1.0994372044774783,8.107911063333983,1.1037362606971566
29,swap_k06_0143_d00_d05_d06_d15_d17_d18,"0,5,6,15,17,18",one-channel swap audit around provisional greedy endpoint,0,0.9965095986038395,8.2598,8.8686,1.1975,12.031840014706027,11.44728033446948,16.66301782902924,0.9200658950902609,5.447786304078464,0.7948359721562698,9.994935845425632,8.740735204006636,1.0945560760884012,8.263801038997217,1.0978875868248108
30,swap_k06_0078_d00_d05_d17_d18_d30_d31,"0,5,17,18,30,31",one-channel swap audit around provisional greedy endpoint,0,0.9965095986038395,8.2934,8.8554,1.3462999999999998,11.921508544641211,11.410518321511324,19.33752751629556,0.9819158605158406,6.639031016444262,0.7720001477614995,9.73017076358746,8.858943932200292,1.0899897348098797,8.306805148247188,1.092870077962533
31,g_s01_k06_from_d00_d05_d06_d18_d30_add_d11,"0,5,6,11,18,30",direct full-sequence ATE forward-greedy trial,0,0.9965095986038395,8.3221,9.2678,1.2973000000000001,13.359285306844553,12.411745219574984,20.28631945368615,0.9970689660234988,6.511674496399225,0.7787423642267884,9.582696956094452,9.338136913946936,1.1124224420825817,8.323958034029465,1.1192024888854388
32,swap_k06_0070_d00_d05_d17_d18_d22_d30,"0,5,17,18,22,30",one-channel swap audit around provisional greedy endpoint,0,0.9965095986038395,8.341099999999999,9.2068,1.4233,13.447416073596866,12.900429558333611,22.333284240274832,1.0598291780464113,9.11698605037319,0.8139499389357677,9.86475205062198,9.389793029054067,1.1121701758471305,8.336886493698199,1.1192225912293083
33,r_k05_0008_d00_d04_d10_d22_d26,"0,4,10,22,26",budget-matched cardinality-stratified random full-sequence control,0,0.9965095986038395,8.3566,9.2169,1.3780000000000001,12.971755954881353,12.056929563397599,19.937534969164613,0.9896669827446527,7.848635652007212,0.7738523462593125,10.764609558854442,9.171877669133448,1.1063767615490507,8.359021479630341,1.1097622009022283
34,r_k05_0008_d00_d04_d10_d22_d26,"0,4,10,22,26",final repeat validation for Rstar_single,1,0.9965095986038395,8.3566,9.2169,1.3780000000000001,12.971755954881353,12.056929563397599,19.937534969164613,0.9896669827446527,7.848635652007212,0.7738523462593125,10.764609558854442,9.171877669133448,1.1063767615490507,8.359021479630341,1.1097622009022283
35,r_k05_0008_d00_d04_d10_d22_d26,"0,4,10,22,26",final repeat validation for Rstar_single,2,0.9965095986038395,8.3566,9.2169,1.3780000000000001,12.971755954881353,12.056929563397599,19.937534969164613,0.9896669827446527,7.848635652007212,0.7738523462593125,10.764609558854442,9.171877669133448,1.1063767615490507,8.359021479630341,1.1097622009022283
36,swap_k06_0125_d00_d05_d06_d17_d25_d30,"0,5,6,17,25,30",one-channel swap audit around provisional greedy endpoint,0,0.9965095986038395,8.4314,9.2035,1.2237,12.384207611972943,11.722289511643238,22.52671384667427,0.9393179529803033,7.314245590332213,0.7472077528763311,9.921813792653836,9.269756977800336,1.09093713010661,8.431822888171085,1.0964386319559984
37,swap_k06_0130_d00_d05_d06_d17_d30_d31,"0,5,6,17,30,31",one-channel swap audit around provisional greedy endpoint,0,0.9965095986038395,8.4449,9.1631,1.2684000000000002,12.519843488790935,11.705368788514,23.54196626536004,0.9386650405136195,6.336485420223529,0.7523352266661052,9.951253268971362,9.251243661340974,1.0950424754758439,8.45159107954308,1.0987057764334465
38,g_s01_k03_from_d00_d05_add_d18,"0,5,18",direct full-sequence ATE forward-greedy trial,0,0.9965095986038395,8.4908,9.4223,1.7895,13.223135452965632,12.114210090508362,23.896459202552194,1.2550172018807022,18.074525312695865,1.004895542275867,16.68971210524325,9.865402751314493,1.094276577615149,8.48861756558903,1.1024160684226314
39,g_s01_k03_from_d00_d05_add_d18,"0,5,18",final repeat validation for G3,1,0.9965095986038395,8.4908,9.4223,1.7895,13.223135452965632,12.114210090508362,23.896459202552194,1.2550172018807022,18.074525312695865,1.004895542275867,16.68971210524325,9.865402751314493,1.094276577615149,8.48861756558903,1.1024160684226314
40,g_s01_k03_from_d00_d05_add_d18,"0,5,18",final repeat validation for G3,2,0.9965095986038395,8.4908,9.4223,1.7895,13.223135452965632,12.114210090508362,23.896459202552194,1.2550172018807022,18.074525312695865,1.004895542275867,16.68971210524325,9.865402751314493,1.094276577615149,8.48861756558903,1.1024160684226314
41,swap_k06_0001_d01_d05_d06_d17_d18_d30,"1,5,6,17,18,30",one-channel swap audit around provisional greedy endpoint,0,0.9965095986038395,8.493,9.1181,1.2503,12.764978930088436,12.082102987569893,20.974071464872658,0.9499530985722257,5.850624894624514,0.7488034026624629,9.952063482401561,9.04145151434517,1.1041357308010087,8.509103514786489,1.1105866601208059
42,g_s01_k06_from_d00_d05_d06_d18_d30_add_d25,"0,5,6,18,25,30",direct full-sequence ATE forward-greedy trial,0,0.9965095986038395,8.5186,9.2983,1.2474,12.994862085718683,12.297357551277562,23.51606642788465,0.939005068911197,6.003700752704056,0.7404639952532625,9.74505925726063,9.30779030305548,1.1035051538349074,8.52342958681833,1.1082476321786858
43,g_s03_k06_from_d04_d10_d15_d22_d25_add_d03,"3,4,10,15,22,25",direct full-sequence ATE forward-greedy trial,0,0.9965095986038395,8.6384,9.5701,1.0715000000000001,14.254012448311935,13.528263092920293,20.932104158199223,0.8753566726872931,6.653966884993477,0.5424053452615003,5.4234583636123785,9.529056245754315,1.1253206357955785,8.645481670507236,1.1331936099855342
44,g_s01_k05_from_d00_d05_d18_d30_add_d28,"0,5,18,28,30",direct full-sequence ATE forward-greedy trial,0,0.9965095986038395,8.6389,9.3733,1.5959999999999999,12.646652936733787,12.039101275303498,19.887340407990955,1.0970380830890456,12.39057750070083,0.9496925831845842,14.942693221359102,9.271857870853948,1.092942510900326,8.657997566818757,1.0975921000164097
45,swap_k06_0074_d00_d05_d17_d18_d26_d30,"0,5,17,18,26,30",one-channel swap audit around provisional greedy endpoint,0,0.9965095986038395,8.6657,9.412099999999999,1.2711999999999999,12.40716150003914,11.896925001940401,21.110717862909773,0.9617031430054518,6.311532226484967,0.7519086682325197,9.312312937667862,8.907269266777826,1.0976425899696116,8.687132246706755,1.1013683319012946
46,swap_k06_0131_d00_d01_d05_d06_d17_d18,"0,1,5,6,17,18",one-channel swap audit around provisional greedy endpoint,0,0.9965095986038395,8.667900000000001,9.225999999999999,1.2489999999999999,12.319990738949096,11.800628961486508,20.883311537407305,0.9787718865723148,7.729610082686103,0.7906924340513155,10.446306449790441,9.222055960998809,1.0939847559177986,8.667215013103242,1.099719878773417
47,r_k05_0006_d00_d03_d04_d23_d25,"0,3,4,23,25",budget-matched cardinality-stratified random full-sequence control,0,0.9965095986038395,8.6785,9.5078,1.0434,12.725205609609525,12.00839198486489,23.355465911618847,0.8824503515447226,6.92723939282238,0.529558872491922,5.039468723134559,9.564992238834877,1.0950173002601777,8.673815967807775,1.104107828937951
48,g_s03_k05_from_d04_d15_d22_d25_add_d10,"4,10,15,22,25",direct full-sequence ATE forward-greedy trial,0,0.9965095986038395,8.6842,9.4997,1.2318,12.91178849718215,12.237948215298344,20.64715034666443,0.9748353029555842,9.560236162361328,0.745841512982689,10.282199886972066,9.070374898058041,1.1034091231262362,8.697307318544539,1.1048590084950742
49,swap_k06_0111_d00_d05_d06_d09_d17_d30,"0,5,6,9,17,30",one-channel swap audit around provisional greedy endpoint,0,0.9965095986038395,8.6953,9.484,1.4059,12.615880460584608,11.68799330859196,22.463234976814057,1.0091534666653028,7.087741064661592,0.7962018484659147,10.068815930872953,9.85503147469508,1.0871100092024837,8.689401218291732,1.0923812751618733
50,g_s01_k05_from_d00_d05_d18_d30_add_d08,"0,5,8,18,30",direct full-sequence ATE forward-greedy trial,0,0.9965095986038395,8.6967,9.2284,1.3863999999999999,12.358406430480935,11.834615648582293,21.066179416410623,1.0315495803494208,8.782310687929463,0.8488217213168632,10.667304022221828,9.078050806433366,1.0958673342435477,8.713668594788123,1.1027184660510019
51,g_s03_k06_from_d04_d10_d15_d22_d25_add_d28,"4,10,15,22,25,28",direct full-sequence ATE forward-greedy trial,0,0.9965095986038395,8.7157,9.6977,1.26,13.089937803021067,12.355955221323105,22.30139920737345,0.9579928656674508,8.06605812630685,0.751607656029603,10.554022937591766,9.539641497030136,1.1003282256936324,8.717432568134988,1.1024998236935732
52,g_s01_k05_from_d00_d05_d18_d30_add_d25,"0,5,18,25,30",direct full-sequence ATE forward-greedy trial,0,0.9965095986038395,8.744399999999999,9.7549,1.6191,12.652107530820334,11.918552434617425,22.885245677761446,1.1762805974940975,14.0161462380977,0.8060719163641129,8.89031174447529,9.759748291938388,1.0807154648313466,8.737850685380877,1.0874113955488154
53,swap_k06_0106_d00_d02_d05_d06_d17_d30,"0,2,5,6,17,30",one-channel swap audit around provisional greedy endpoint,0,0.9965095986038395,8.744499999999999,9.5653,1.3476,12.841161057965605,12.03208650910652,21.201366039650143,1.000196167524131,7.244334701431833,0.8125874286082597,10.178809964954047,10.037775859589534,1.0893469147235024,8.737178317783162,1.09568588384569
54,g_s01_k05_from_d00_d05_d18_d30_add_d19,"0,5,18,19,30",direct full-sequence ATE forward-greedy trial,0,0.9965095986038395,8.7461,9.4595,1.3668,12.671112894079517,11.976265120703955,22.74117221885142,1.0431668267234346,6.325082752599083,0.8114634780171224,9.519960018951094,9.544783021370748,1.0911131679759316,8.751769800223595,1.0973507255728645
55,g_s01_k03_from_d00_d05_add_d30,"0,5,30",direct full-sequence ATE forward-greedy trial,0,0.9965095986038395,8.7491,9.296100000000001,1.3565,12.618189881994429,12.117044799662635,21.063438940364406,1.060987085526938,8.51355661218758,0.7759646076799135,8.389484793745972,9.275196529502196,1.0992507146481438,8.763189045790423,1.1010410358217737
56,swap_k06_0117_d00_d05_d06_d15_d17_d30,"0,5,6,15,17,30",one-channel swap audit around provisional greedy endpoint,0,0.9965095986038395,8.7664,9.6436,1.3441,12.52238146318657,11.875297337144852,21.333612101036927,0.959357416578855,6.222970685402173,0.7847994929055977,9.853991090083785,10.08065843507106,1.0805140531276665,8.760391353135578,1.085486801525938
57,g_s01_k05_from_d00_d05_d18_d30_add_d31,"0,5,18,30,31",direct full-sequence ATE forward-greedy trial,0,0.9965095986038395,8.7719,9.4877,1.5484,12.15980074664675,11.579587832345602,21.790821405504847,1.090385905433534,10.409710177593082,0.7298096348893429,7.86428840527643,9.36984133695668,1.0851703765472036,8.793138025686096,1.0857141241525234
58,g_s01_k04_from_d00_d05_d18_add_d08,"0,5,8,18",direct full-sequence ATE forward-greedy trial,0,0.9965095986038395,8.7799,9.0952,1.1954,12.079506178168439,11.46248946212964,17.986053378398424,0.9681929854938045,6.791640453976297,0.7381242348232288,9.890997627553526,9.121986273417656,1.095989428240168,8.782010292294244,1.1028988144074752
59,g_s02_k04_from_d01_d05_d15_add_d13,"1,5,13,15",direct full-sequence ATE forward-greedy trial,0,0.9965095986038395,8.8108,9.217500000000001,1.418,12.25914354527449,11.807256344179322,19.501860184211395,1.095815150332624,10.856032342197802,0.8366980151762012,13.73096366191463,9.175135260368759,1.0956560286632329,8.81948986018106,1.1010411564920168
60,g_s01_k04_from_d00_d05_d18_add_d10,"0,5,10,18",direct full-sequence ATE forward-greedy trial,0,0.9965095986038395,8.8872,9.533,1.3493,11.95247655822974,11.180422861836613,20.211685163826836,1.0069722708572286,6.860447602714396,0.7219420001783279,8.667955402539578,9.533215265386728,1.080664805058323,8.893424222208663,1.0802254385493337
61,g_s01_k04_from_d00_d05_d18_add_d17,"0,5,17,18",direct full-sequence ATE forward-greedy trial,0,0.9965095986038395,8.9139,9.7695,1.279,12.483774817672863,12.010957948742549,20.662188568268036,0.9765475047673928,8.22048809048311,0.7416212103807042,9.554917076566875,9.087069941342603,1.094068078825891,8.935570849922671,1.0973261272678447
62,g_s04_k04_from_d04_d11_d23_add_d15,"4,11,15,23",direct full-sequence ATE forward-greedy trial,0,0.9965095986038395,8.916300000000001,9.5704,1.2244,12.777511950380745,12.062706755349236,24.71179793003269,0.9700063654037113,8.639154327702707,0.6368520696823088,6.349583506281546,9.415801666172026,1.0990446471822233,8.920985144769324,1.1074937599853314
63,swap_k06_0067_d00_d05_d17_d18_d19_d30,"0,5,17,18,19,30",one-channel swap audit around provisional greedy endpoint,0,0.9965095986038395,8.9246,9.5213,1.4064999999999999,12.123793295947511,11.322594025397049,19.44248908681091,0.9519181661473766,6.499575106577733,0.7531013489865298,9.911604667873638,9.65327934275915,1.080808632356463,8.924985297571089,1.0879862763846477
64,g_s01_k06_from_d00_d05_d06_d18_d30_add_d04,"0,4,5,6,18,30",direct full-sequence ATE forward-greedy trial,0,0.9965095986038395,8.9595,9.5901,1.325,12.900107860668772,11.997570774448878,22.75631754637006,0.9701301079186684,6.969513033728717,0.7309510608663914,9.77685521573567,9.845271363760185,1.0962582601882869,8.959989791053536,1.1026333515863957
65,g_s03_k06_from_d04_d10_d15_d22_d25_add_d18,"4,10,15,18,22,25",direct full-sequence ATE forward-greedy trial,0,0.9965095986038395,8.981300000000001,9.8086,1.2787,13.091314020813599,12.397809505547135,20.605552530445205,1.0284672455942712,11.614498322866403,0.757620175395983,10.097616286828362,9.392052341206696,1.101484321728204,8.99064590835588,1.1035534798930051
66,g_s04_k04_from_d04_d11_d23_add_d16,"4,11,16,23",direct full-sequence ATE forward-greedy trial,0,0.9965095986038395,9.0306,9.547500000000001,1.2588,12.802728357291308,12.058465431871305,22.276730279466843,1.029902280122192,11.387265465762242,0.635376815970687,7.539577635507477,9.406519775640508,1.1035993755278093,9.042932259480468,1.112317115596835
67,g_s02_k05_from_d01_d05_d13_d15_add_d31,"1,5,13,15,31",direct full-sequence ATE forward-greedy trial,0,0.9965095986038395,9.0418,9.479700000000001,1.2202,12.276618269689086,11.644962071884002,19.13314339654008,0.9986327835395074,8.89883810411947,0.7727597384727048,12.360412369902575,9.604646614855548,1.0902820965419862,9.040048867740703,1.094146123559036
68,swap_k06_0141_d00_d05_d06_d13_d17_d18,"0,5,6,13,17,18",one-channel swap audit around provisional greedy endpoint,0,0.9965095986038395,9.0958,9.4712,1.2675,12.063650548915495,11.587555935223888,18.926749909807004,0.9733721554509996,6.633618471677755,0.8465033427241029,10.521192807656396,9.434946532458705,1.0873268342752516,9.09572877986608,1.0906492770280365
69,g_s04_k05_from_d04_d11_d15_d23_add_d18,"4,11,15,18,23",direct full-sequence ATE forward-greedy trial,0,0.9965095986038395,9.1785,9.8078,1.2155,13.654663209723921,12.828749754763772,27.189663522810758,0.9636192765644538,8.951065377340141,0.5760721666891878,5.8318494661515174,9.54083822557875,1.1159042083930446,9.1871161313886,1.1236936964884439
70,g_s03_k03_from_d04_d22_add_d15,"4,15,22",direct full-sequence ATE forward-greedy trial,0,0.9965095986038395,9.2075,10.2858,1.4361000000000002,14.586061872340453,13.829932292061903,21.534427146170657,1.0571727724495033,9.936367599948747,0.7970683562582815,11.741746072151987,10.180126684306597,1.1247628769185216,9.2041523213659,1.1311913626801826
71,swap_k06_0108_d00_d04_d05_d06_d17_d30,"0,4,5,6,17,30",one-channel swap audit around provisional greedy endpoint,0,0.9965095986038395,9.2176,9.982199999999999,1.2542,12.584746608854367,11.759550911623345,23.49708424519806,0.9172223362367202,5.7030897175157715,0.7247186362441335,9.948363228382007,10.142730496937075,1.0799112350393631,9.213008609472489,1.0861105140919398
72,swap_k06_0076_d00_d05_d17_d18_d28_d30,"0,5,17,18,28,30",one-channel swap audit around provisional greedy endpoint,0,0.9965095986038395,9.242,9.9247,1.4739,12.290983030808484,11.772328653134705,21.02816318499892,1.068095654960117,10.898715825660577,0.794309602981862,9.49296076332779,9.45632660109177,1.0856128797074314,9.266797820747552,1.0871311504163443
73,g_s02_k05_from_d01_d05_d13_d15_add_d08,"1,5,8,13,15",direct full-sequence ATE forward-greedy trial,0,0.9965095986038395,9.2608,9.5429,1.2691,12.217507181506397,11.490381618598121,17.74702253584543,0.958797521189715,8.074554030751466,0.7567695420501379,11.63945664654903,9.5804657174431,1.09190709073384,9.261528566204671,1.099905218019771
74,g_s01_k05_from_d00_d05_d18_d30_add_d16,"0,5,16,18,30",direct full-sequence ATE forward-greedy trial,0,0.9965095986038395,9.278699999999999,10.036100000000001,1.2328000000000001,12.977983674733467,12.560038538520063,21.65163726481993,0.9530740298499827,7.026551235073901,0.7371523422533589,9.783622879171151,9.52525372786874,1.101203923749993,9.298562090688085,1.1034781562054736
75,g_s03_k05_from_d04_d15_d22_d25_add_d31,"4,15,22,25,31",direct full-sequence ATE forward-greedy trial,0,0.9965095986038395,9.29,10.217,1.2626,13.798905879733613,13.161538486849466,23.478517101859513,0.9799497043337017,10.573135978795937,0.7307881930589222,10.453904436249468,10.279273404169906,1.1048713735912714,9.284886173237298,1.11037710516939
76,g_s01_k03_from_d00_d05_add_d03,"0,3,5",direct full-sequence ATE forward-greedy trial,0,0.9965095986038395,9.3376,10.606,1.0448000000000002,13.75836470490222,12.96998243560604,24.30375655802677,0.8768923586331652,5.182286523426971,0.5468351680972947,5.3143465640750795,10.603258699178287,1.0919091537864019,9.329475249204975,1.1019371917900505
77,g_pair_seed_sweep_d01_d05,"1,5",fallback exhaustive two-channel full-sequence seed sweep,0,0.9965095986038395,9.3928,9.952900000000001,1.5377999999999998,13.072491628810411,12.478267947348225,22.246349312348023,1.131098817513859,10.839135526447121,0.7567773223334178,8.978424775450694,9.9541221735451,1.094830024369103,9.41195938937371,1.1028122300427738
78,g_s01_k05_from_d00_d05_d18_d30_add_d20,"0,5,18,20,30",direct full-sequence ATE forward-greedy trial,0,0.9965095986038395,9.420399999999999,10.6029,1.601,13.849127745170936,12.823692764641173,22.914896071976816,1.0588277311781829,11.705660436883447,0.8927651631503897,13.435873396136277,10.753496133585127,1.0905291050687709,9.416648569550091,1.1000438696018409
79,swap_k06_0120_d00_d05_d06_d17_d20_d30,"0,5,6,17,20,30",one-channel swap audit around provisional greedy endpoint,0,0.9965095986038395,9.4457,10.4347,1.2864,13.433509443280789,12.639327866051953,21.27973853889923,0.95251680109996,5.763628435142087,0.7678484610133897,9.916108952958789,10.828444691397893,1.0864916775394602,9.434180627801869,1.0938559263894776
80,swap_k06_0113_d00_d05_d06_d11_d17_d30,"0,5,6,11,17,30",one-channel swap audit around provisional greedy endpoint,0,0.9965095986038395,9.463199999999999,10.096,1.2844,13.48376771804821,12.7582970918099,22.497393045800436,0.9406974183258436,4.390645074250296,0.7597667192226109,9.738042149967098,10.313429277382621,1.100714164887591,9.463755833675556,1.1073516160101726
81,g_s02_k03_from_d01_d05_add_d15,"1,5,15",direct full-sequence ATE forward-greedy trial,0,0.9965095986038395,9.4676,10.1494,1.4238,13.385269591767207,12.743503568500799,22.50073916687936,1.0231943010917846,8.65964652642486,0.7729886144694674,9.342658942264322,9.707518504049933,1.1048428185716668,9.492252137070063,1.110656223286754
82,g_s01_k06_from_d00_d05_d06_d18_d30_add_d09,"0,5,6,9,18,30",direct full-sequence ATE forward-greedy trial,0,0.9965095986038395,9.4777,10.3943,1.4605,13.619337680208007,12.612993484904834,26.284516591277285,1.0123098362480694,7.901436389894341,0.7967149407632286,9.515866187900947,10.850029307439693,1.0872145475575812,9.467744370654371,1.093692275383485
83,g_s01_k04_from_d00_d05_d18_add_d31,"0,5,18,31",direct full-sequence ATE forward-greedy trial,0,0.9965095986038395,9.4783,10.1842,1.3432,13.70744579427948,12.62587347150912,26.139551596507815,0.9738144101207453,6.777904762749451,0.7113901629055494,8.894384156117772,10.276791821887542,1.1068116902115193,9.476474803667925,1.1098172437299647
84,g_s02_k05_from_d01_d05_d13_d15_add_d29,"1,5,13,15,29",direct full-sequence ATE forward-greedy trial,0,0.9965095986038395,9.515,9.894400000000001,1.2309,12.224410578108863,11.743762754691144,18.833909028203756,0.97714207970003,7.693037958125351,0.7998129052621935,11.452561706417299,9.72415937847943,1.0853755123113107,9.526184289910132,1.0912778216777237
85,g_s01_k05_from_d00_d05_d18_d30_add_d27,"0,5,18,27,30",direct full-sequence ATE forward-greedy trial,0,0.9965095986038395,9.5666,10.2129,1.4994,13.381000792002187,12.565412622210365,20.703923394831087,1.0537868645541,9.528595719220528,0.8414698271830072,10.770694398611099,10.605960817844256,1.0885038990034523,9.565991112858239,1.0972683625087223
86,g_s02_k03_from_d01_d05_add_d30,"1,5,30",direct full-sequence ATE forward-greedy trial,0,0.9965095986038395,9.6243,10.360999999999999,1.7902999999999998,12.766514635555207,12.05836777055858,24.06019543078433,1.3627591047161913,18.7505822963074,0.9134235207263255,12.02309840553118,9.781487597204599,1.0862853137038087,9.659190241841896,1.0900234026077376
87,swap_k06_0073_d00_d05_d17_d18_d25_d30,"0,5,17,18,25,30",one-channel swap audit around provisional greedy endpoint,0,0.9965095986038395,9.6311,10.4936,1.7243000000000002,12.68114366997764,11.665537307980744,22.573739105561632,1.34709736330859,19.797936421336892,0.9694863931793636,12.952562391463632,10.416211249765208,1.067065610483011,9.625802274467803,1.0718385383794788
88,g_s02_k04_from_d01_d05_d15_add_d04,"1,4,5,15",direct full-sequence ATE forward-greedy trial,0,0.9965095986038395,9.6903,10.3468,1.3924,13.554420330111668,12.868194285916823,27.558111559526775,1.0577594715499277,11.163267173051947,0.7102367406022594,9.237454266529992,10.256310875542447,1.099611076512851,9.703412899408175,1.1088846983308431
89,g_s02_k04_from_d01_d05_d15_add_d14,"1,5,14,15",direct full-sequence ATE forward-greedy trial,0,0.9965095986038395,9.7012,10.6059,1.3779,13.041625405024154,12.192358182517555,20.123974099084244,1.0530384183449373,8.610766254607071,0.7456030146616507,8.758407849947853,10.086811274373453,1.085669315255004,9.717020579751214,1.093720361700305
90,g_s03_k06_from_d04_d10_d15_d22_d25_add_d27,"4,10,15,22,25,27",direct full-sequence ATE forward-greedy trial,0,0.9965095986038395,9.7555,10.6218,1.2074,14.069114031315703,13.368322608573166,22.551704559615317,0.9496344042589696,9.078726350489784,0.7375387986887352,10.465165171219802,10.17831559489731,1.1098672538444787,9.76729328841837,1.1141385347118178
91,g_s01_k05_from_d00_d05_d18_d30_add_d15,"0,5,15,18,30",direct full-sequence ATE forward-greedy trial,0,0.9965095986038395,9.7587,10.5456,1.2759,13.10695889518325,12.616222640353177,22.92176615699747,0.9513129436112518,5.683999014031705,0.7185613957019718,8.742733565161764,9.895910196974816,1.096429334578295,9.782482657594358,1.0953731962963444
92,g_s02_k05_from_d01_d05_d13_d15_add_d09,"1,5,9,13,15",direct full-sequence ATE forward-greedy trial,0,0.9965095986038395,9.7887,10.38,1.4255,12.994738929536013,12.306040590942304,21.053737510244165,1.003001525299483,6.930457098351512,0.815854180020378,12.289307544265467,10.0559428808464,1.0936684563433352,9.803482996596273,1.0996764535057704
93,g_s01_k05_from_d00_d05_d18_d30_add_d22,"0,5,18,22,30",direct full-sequence ATE forward-greedy trial,0,0.9965095986038395,9.7903,10.248899999999999,1.4678,14.176729691918407,13.494232988120716,21.152386024494813,1.0619107235610672,6.623769596208157,0.7928565459856962,9.666842116519465,10.248040192850844,1.12052366880442,9.797100462328526,1.1245182682838972
94,swap_k06_0071_d00_d05_d17_d18_d23_d30,"0,5,17,18,23,30",one-channel swap audit around provisional greedy endpoint,0,0.9965095986038395,9.7996,10.541300000000001,1.3131,12.639318920474377,11.629061999981182,24.16512749028889,0.9524848236475585,6.891625411437759,0.7317766353223788,9.201144121026154,10.572259312324423,1.0701091103582736,9.794137689703971,1.0759741977221375
95,r_k05_0051_d04_d05_d08_d11_d29,"4,5,8,11,29",budget-matched cardinality-stratified random full-sequence control,0,0.9965095986038395,9.8017,10.3922,1.4449,14.667169992400462,13.755127208415338,23.413828551878044,1.1017028605198649,15.061214219196914,0.5742640838680273,4.429221826203728,10.789461709983469,1.1212620256487955,9.79784758275036,1.13837580821334
96,g_s02_k04_from_d01_d05_d15_add_d31,"1,5,15,31",direct full-sequence ATE forward-greedy trial,0,0.9965095986038395,9.819700000000001,10.7259,1.3695000000000002,14.18128364304199,13.40085929091044,24.035629032295418,1.0371144483763328,9.985935665077166,0.7206237744249588,9.752853063697582,10.942794005076346,1.1013489335367375,9.823751549031263,1.1053551971469262
97,swap_k06_0030_d00_d04_d06_d17_d18_d30,"0,4,6,17,18,30",one-channel swap audit around provisional greedy endpoint,0,0.9965095986038395,9.8222,10.620000000000001,1.2614999999999998,13.122978919045671,12.61839850001841,22.860126862767487,0.955339546505049,5.884230461853775,0.7687392268833997,10.24636834424604,9.808031299698449,1.0971164135118883,9.844029817767142,1.0994194220272389
98,g_s02_k06_from_d01_d05_d13_d15_d31_add_d30,"1,5,13,15,30,31",direct full-sequence ATE forward-greedy trial,0,0.9965095986038395,9.8604,10.6978,1.7773,13.378123578049895,12.881162627675197,21.869741357398684,1.334336200447607,19.933639047111154,0.9738339169720918,14.792491290169718,10.11261667108174,1.0956918582901094,9.882326839397408,1.0990918769842426
99,g_s01_k04_from_d00_d05_d18_add_d09,"0,5,9,18",direct full-sequence ATE forward-greedy trial,0,0.9965095986038395,9.887500000000001,10.632900000000001,1.3775000000000002,13.268412284220046,12.749465755917406,21.353136703768715,1.0268358573774583,7.219547899239542,0.7759986373836961,8.911071268804589,10.146660583787295,1.0961591769879275,9.908233517879426,1.0993020782610297
100,g_s03_k06_from_d04_d10_d15_d22_d25_add_d17,"4,10,15,17,22,25",direct full-sequence ATE forward-greedy trial,0,0.9965095986038395,9.903,10.7171,1.2946,13.515159627239992,12.820788812055048,23.108337981008656,0.9808041469292128,10.36423333586926,0.7734345183766553,10.989342260463253,10.290864052935172,1.0959047160182835,9.911997960459052,1.0982427564921888
101,g_s04_k05_from_d04_d11_d15_d23_add_d10,"4,10,11,15,23",direct full-sequence ATE forward-greedy trial,0,0.9965095986038395,9.9149,10.5948,1.1856,14.066114993269382,13.370200771680295,23.304838289783135,0.9558406114608,9.624835166074428,0.5799568693192613,6.3021049159894815,9.794059088749073,1.1197483888645912,9.937522545154682,1.1248077842592936
102,g_s01_k06_from_d00_d05_d06_d18_d30_add_d14,"0,5,6,14,18,30",direct full-sequence ATE forward-greedy trial,0,0.9965095986038395,9.9336,10.836500000000001,1.3826,13.694763249333949,12.926467959863883,21.0197883790814,0.9816696702712608,6.746696078027756,0.7950666815398939,9.560401650504867,11.367049841731918,1.080154793890394,9.922576691397364,1.0892251515304068
103,r_k06_0074_d04_d15_d20_d22_d25_d31,"4,15,20,22,25,31",budget-matched cardinality-stratified random full-sequence control,0,0.9965095986038395,9.948799999999999,10.592699999999999,1.3261,14.541602042791455,13.787425866832976,22.007903574727237,0.9923074946225228,10.254664049009497,0.7656848115641202,11.367950633670484,10.242370864987423,1.1234955050661724,9.957700037443825,1.1298471056589598
104,g_s03_k04_from_d04_d15_d22_add_d25,"4,15,22,25",direct full-sequence ATE forward-greedy trial,0,0.9965095986038395,9.9548,10.674100000000001,1.2291,14.03130128622222,13.343752307540447,25.181059897217917,0.9674239273140178,8.16647199203819,0.7577703846233257,10.819148446282863,10.588017344585783,1.1072938304356903,9.954411129922603,1.1133171503984098
105,g_s03_k06_from_d04_d10_d15_d22_d25_add_d14,"4,10,14,15,22,25",direct full-sequence ATE forward-greedy trial,0,0.9965095986038395,9.9696,11.0327,1.2901,13.736096330967074,12.888478786699805,22.733512121660794,0.9738372932384567,9.77392835572106,0.7411014256474917,10.281745167117245,10.992203807114349,1.0873481078822418,9.962668985576055,1.092660210717881
106,g_s03_k04_from_d04_d15_d22_add_d10,"4,10,15,22",direct full-sequence ATE forward-greedy trial,0,0.9965095986038395,9.9883,10.8216,1.4846,14.270637158958454,13.450304560157807,22.29334682770662,1.1044227761135683,12.999576126457221,0.8249592026119402,11.02902514530903,10.316766959219088,1.1118121093498425,10.002570162181392,1.111648221281326
107,swap_k06_0134_d00_d04_d05_d06_d17_d18,"0,4,5,6,17,18",one-channel swap audit around provisional greedy endpoint,0,0.9965095986038395,10.004399999999999,10.835799999999999,1.2721,13.493948880859689,12.658252397926942,28.25882240367824,0.9426976012857926,6.214989615286419,0.7412061807769035,10.297948723435727,10.757614097407659,1.085270838251724,10.001212670790666,1.0931748581441891
108,g_s03_k04_from_d04_d15_d22_add_d02,"2,4,15,22",direct full-sequence ATE forward-greedy trial,0,0.9965095986038395,10.012799999999999,11.3317,1.3956,15.777002045952152,14.386131059092511,34.38102626884702,1.0128917247979021,7.366494988729827,0.7694913833360125,10.893912899117012,10.960985813408314,1.1294191441967363,10.016222141880851,1.134161596292642
109,g_s03_k04_from_d04_d15_d22_add_d18,"4,15,18,22",direct full-sequence ATE forward-greedy trial,0,0.9965095986038395,10.022300000000001,10.8785,1.4123999999999999,14.583471604720053,13.576834053071718,26.49092946416083,1.0246086944419068,10.055095088970472,0.7734971823519862,10.597163173555234,10.873093069939936,1.1140055258879336,10.016621459029427,1.1199150104233035
110,g_s03_k06_from_d04_d10_d15_d22_d25_add_d29,"4,10,15,22,25,29",direct full-sequence ATE forward-greedy trial,0,0.9965095986038395,10.0308,10.7873,1.3542999999999998,13.803055347455262,13.077731325905193,22.547692575514873,1.035920929190242,13.031980359033302,0.7875457727266635,10.698564340180484,10.497912079608733,1.1000314122615626,10.035550405587427,1.102198049446845
111,g_s02_k06_from_d01_d05_d13_d15_d31_add_d10,"1,5,10,13,15,31",direct full-sequence ATE forward-greedy trial,0,0.9965095986038395,10.0329,10.7026,1.5668000000000002,13.2509718325161,12.69848492708428,20.302295252662276,1.2047563547780562,19.071843531336036,0.7362101027194168,10.912172436493712,10.114505707312748,1.0989389280621649,10.052051133723863,1.098666285393572
112,r_k06_0002_d00_d02_d04_d07_d10_d14,"0,2,4,7,10,14",budget-matched cardinality-stratified random full-sequence control,0,0.9965095986038395,10.0337,10.738399999999999,1.3415,13.984766275245525,13.198549941086332,22.709865094647366,0.9448931739924579,6.190667906771412,0.7294597936262732,10.09255170035069,10.545940901697032,1.1053870687818652,10.042882971981108,1.112367984868211
113,g_s02_k04_from_d01_d05_d15_add_d25,"1,5,15,25",direct full-sequence ATE forward-greedy trial,0,0.9965095986038395,10.0435,10.6275,1.4183,14.130647058966186,13.20127459097011,24.81627398755675,1.109523911574399,14.319612390975964,0.7210456001547484,9.434987796402156,10.926332860152865,1.106025987474839,10.0387218488124,1.1142618898874055
114,g_s01_k04_from_d00_d05_d18_add_d02,"0,2,5,18",direct full-sequence ATE forward-greedy trial,0,0.9965095986038395,10.0607,10.9944,1.4087,13.93738638560506,12.828292601594743,23.642780093156283,1.0626430158505882,7.502512233498633,0.7603573476673753,8.714160639102824,11.13833395661143,1.0943393284337242,10.053969327137162,1.0997946147853785
115,g_s02_k04_from_d01_d05_d15_add_d22,"1,5,15,22",direct full-sequence ATE forward-greedy trial,0,0.9965095986038395,10.0784,10.9508,1.3762,14.855000169381153,13.724000361026775,23.20997015273632,0.9983978121430863,8.096348213488156,0.7451149643014403,10.661637878420578,10.94740684520005,1.1195838755018177,10.075993591118403,1.1265922145431175
116,g_s03_k06_from_d04_d10_d15_d22_d25_add_d06,"4,6,10,15,22,25",direct full-sequence ATE forward-greedy trial,0,0.9965095986038395,10.0864,10.9697,1.3655,14.072499521756091,13.390072700195374,25.216517322620003,1.1072992094085805,13.613594484942285,0.8105080142728108,11.056813289630151,10.745793018573522,1.1000483334721414,10.085162696489185,1.103873825390894
117,g_pair_seed_sweep_d04_d22,"4,22",fallback exhaustive two-channel full-sequence seed sweep,0,0.9965095986038395,10.0948,11.1333,1.5688,15.29019483437351,14.587082848728198,26.547468192484885,1.1453691941988375,14.208283759919013,0.808819451804832,10.833041242088736,10.845627757153327,1.1272348792682347,10.089304725926327,1.133639022613106
118,g_s03_k06_from_d04_d10_d15_d22_d25_add_d00,"0,4,10,15,22,25",direct full-sequence ATE forward-greedy trial,0,0.9965095986038395,10.1453,10.915999999999999,1.264,14.055353728332545,13.133006159589097,25.08140483741201,0.9446997040609042,7.042148341886911,0.7444175199444247,10.109842175949236,10.750215281259635,1.1031982611312219,10.146216789392598,1.1067603600936884
119,g_s02_k05_from_d01_d05_d13_d15_add_d30,"1,5,13,15,30",direct full-sequence ATE forward-greedy trial,0,0.9965095986038395,10.1508,11.1156,1.4364,13.396291012915945,12.7328975773858,23.988421185771163,1.0621266054060854,10.19836175501673,0.9245969893921828,12.211683887715173,10.208587996632172,1.09038254325985,10.17944432848781,1.094901461773326
120,g_s01_k06_from_d00_d05_d06_d18_d30_add_d28,"0,5,6,18,28,30",direct full-sequence ATE forward-greedy trial,0,0.9965095986038395,10.1654,11.1486,1.3174,14.132539579451302,13.163838349098642,27.671034898168216,0.9664877301696996,6.156601318064555,0.7662952005041436,9.610387935326486,11.284643504767084,1.0907452380618905,10.155538268911178,1.0966511328426949
121,swap_k06_0129_d00_d05_d06_d17_d29_d30,"0,5,6,17,29,30",one-channel swap audit around provisional greedy endpoint,0,0.9965095986038395,10.1704,11.193999999999999,1.5372000000000001,13.533465863076477,12.964968615582473,20.815972914708578,1.0807176031052383,8.981034773678278,0.8613976249233053,10.071343523547084,11.427563368971914,1.069138847348794,10.155194630693973,1.075851043719998
122,g_s01_k03_from_d00_d05_add_d02,"0,2,5",direct full-sequence ATE forward-greedy trial,0,0.9965095986038395,10.1808,11.040600000000001,1.4481000000000002,14.141904208131734,13.069487818884587,24.496778771229938,1.0603916665778388,8.551531785611175,0.7830334574978456,9.48679788561107,10.991279723210047,1.1024471433156184,10.177282444977442,1.1060315255995719
123,g_s01_k04_from_d00_d05_d18_add_d15,"0,5,15,18",direct full-sequence ATE forward-greedy trial,0,0.9965095986038395,10.2005,10.849300000000001,1.291,13.597619576434795,13.014836150586332,22.92812135978548,0.9345877480678497,6.337372361721251,0.684106555048751,8.41670410241231,10.129151846392578,1.1047297363488016,10.223424048772243,1.1059096246904943
124,g_s02_k06_from_d01_d05_d13_d15_d31_add_d26,"1,5,13,15,26,31",direct full-sequence ATE forward-greedy trial,0,0.9965095986038395,10.2209,10.8662,1.8016,13.724240144693924,13.019559895010921,20.51863121883055,1.395357784750493,21.217682217719272,0.8332424124525554,15.283263677209277,10.285449588558095,1.1068662787713264,10.228228241208921,1.1121718203086124
125,swap_k06_0004_d04_d05_d06_d17_d18_d30,"4,5,6,17,18,30",one-channel swap audit around provisional greedy endpoint,0,0.9965095986038395,10.2351,11.0273,1.2506,13.759169793497284,12.975333572485962,25.462522264711197,0.9772123747397884,7.246718356956158,0.7284510012037934,9.736870238064482,11.183502656298863,1.0869871035695975,10.232049693881844,1.0956044508843257
126,g_s01_k03_from_d00_d05_add_d15,"0,5,15",direct full-sequence ATE forward-greedy trial,0,0.9965095986038395,10.2355,10.874,1.5126,12.896313238338674,12.348177448618879,20.307228375852983,1.1074849630655872,9.10785700599045,0.7687776087190916,8.987880114072066,10.490676079077707,1.0822634829966642,10.25467805406354,1.0810215117718198
127,g_s03_k06_from_d04_d10_d15_d22_d25_add_d30,"4,10,15,22,25,30",direct full-sequence ATE forward-greedy trial,0,0.9965095986038395,10.251100000000001,11.1119,1.4189,14.494480567206889,13.657385911103253,25.49933639835486,1.0509169840079169,11.14203295998865,0.7858892226464387,9.919292460570645,11.012408114944392,1.1057777658666963,10.253680823336088,1.1099380871383269
128,g_s03_k04_from_d04_d15_d22_add_d29,"4,15,22,29",direct full-sequence ATE forward-greedy trial,0,0.9965095986038395,10.264800000000001,11.6251,1.5639,15.237567609235617,14.171224211464661,32.36238060342677,1.1552907580344964,11.41123852666184,0.8270545462412129,12.06833081395542,11.313088215544306,1.11225707436731,10.253202201719596,1.1170831842298452
129,g_s01_k04_from_d00_d05_d18_add_d13,"0,5,13,18",direct full-sequence ATE forward-greedy trial,0,0.9965095986038395,10.293800000000001,10.8688,1.3964,13.097695031603626,12.318740913444866,19.59510519568345,1.0408441066832563,9.441588645178923,0.7811634470051381,11.924199764165401,10.85484278003472,1.080839287672764,10.281740609386627,1.0886944602523048
130,g_s01_k05_from_d00_d05_d18_d30_add_d14,"0,5,14,18,30",direct full-sequence ATE forward-greedy trial,0,0.9965095986038395,10.3073,10.818800000000001,1.3726,13.271563969273004,12.861236277193862,20.809082966179027,1.0154358860194572,6.918605576012708,0.7848340820226891,9.12850038504972,10.710480027215178,1.0883959735857596,10.321351401722723,1.0923316351315004
131,g_s03_k06_from_d04_d10_d15_d22_d25_add_d02,"2,4,10,15,22,25",direct full-sequence ATE forward-greedy trial,0,0.9965095986038395,10.3184,11.2034,1.2449999999999999,14.643995791938117,13.861728607601467,26.290024429732206,0.9743120078663421,9.185470927522298,0.7528180377168098,10.453565752504572,10.849007651684614,1.1116943154486498,10.328731896311513,1.1139870263578222
132,g_s03_k04_from_d04_d15_d22_add_d17,"4,15,17,22",direct full-sequence ATE forward-greedy trial,0,0.9965095986038395,10.334,11.0266,1.2323,14.654754165971609,14.02739105869999,23.14656784538998,0.9644614189414022,8.371453243173312,0.774461636754067,11.067790165828843,10.625136321077195,1.1192611823013152,10.346256430265646,1.1246844196142962
133,g_s02_k04_from_d01_d05_d15_add_d18,"1,5,15,18",direct full-sequence ATE forward-greedy trial,0,0.9965095986038395,10.338700000000001,10.896,1.4657,13.968402007596422,13.279964363398472,22.869799514150106,1.0622197194959149,11.765519878549338,0.7290808338173306,9.025489751071396,10.610012354994536,1.1042865909033714,10.357115144914198,1.1112699079636743
134,g_s02_k05_from_d01_d05_d13_d15_add_d00,"0,1,5,13,15",direct full-sequence ATE forward-greedy trial,0,0.9965095986038395,10.3496,10.6671,1.7516,13.159080471783133,12.377886841851673,19.11728659038438,1.2152859651300216,13.297025392827694,0.8489279500412934,10.758142426511883,10.662612817314555,1.0923014192943354,10.355660030226137,1.0989320415907253
135,swap_k06_0116_d00_d05_d06_d14_d17_d30,"0,5,6,14,17,30",one-channel swap audit around provisional greedy endpoint,0,0.9965095986038395,10.350299999999999,11.167100000000001,1.428,13.813644277887432,12.889730096602655,22.587606400939396,0.978596024050195,5.541450514475421,0.7777050493951944,9.861112558010454,11.359715151207396,1.086007278777763,10.341304154190782,1.0932190109077
136,g_s01_k06_from_d00_d05_d06_d18_d30_add_d19,"0,5,6,18,19,30",direct full-sequence ATE forward-greedy trial,0,0.9965095986038395,10.3566,11.1803,1.2556,13.86297268955924,12.973289377070813,26.041195834287617,0.9344360224442736,6.466282844493149,0.7381202680726661,10.036701372602918,11.201333548687813,1.0891120706267952,10.349765835208462,1.0956266915756154
137,swap_k06_0152_d00_d05_d06_d17_d18_d26,"0,5,6,17,18,26",one-channel swap audit around provisional greedy endpoint,0,0.9965095986038395,10.386,10.9355,1.2592,13.53906021444522,12.646294500467642,26.420219365467307,0.9610176227074244,6.836168276712147,0.8048382140515985,9.88668943153137,10.95662980786763,1.090258267308644,10.380216991786927,1.093879694459193
138,g_s01_k06_from_d00_d05_d06_d18_d30_add_d16,"0,5,6,16,18,30",direct full-sequence ATE forward-greedy trial,0,0.9965095986038395,10.391300000000001,11.2446,1.3433000000000002,13.838304459681988,12.921442935633355,23.036144393428213,0.9809983170363684,8.798429856546058,0.7577903501173665,10.193492503096891,11.405526491814507,1.0843314054843745,10.377830951913635,1.0902637510912734
139,g_s01_k03_from_d00_d05_add_d31,"0,5,31",direct full-sequence ATE forward-greedy trial,0,0.9965095986038395,10.4312,11.228,1.49,14.713712355483496,13.926240904336959,23.070814825603797,1.0919846349623292,9.165494888666213,0.6740973558745511,5.37740687377584,11.105293180989499,1.1140256113222278,10.43971902555577,1.1165504649019387
140,r_k04_0006_d00_d04_d13_d26,"0,4,13,26",budget-matched cardinality-stratified random full-sequence control,0,0.9965095986038395,10.4465,11.0378,1.3228,13.357727537848637,12.536024649125812,27.85441345557917,1.0166153118988441,7.534356626397922,0.8555738760611493,11.758827828129986,10.726323070284222,1.0849070050549758,10.44250918559636,1.0916011050897443
141,r_k04_0006_d00_d04_d13_d26,"0,4,13,26",final repeat validation for R4,1,0.9965095986038395,10.4465,11.0378,1.3228,13.357727537848637,12.536024649125812,27.85441345557917,1.0166153118988441,7.534356626397922,0.8555738760611493,11.758827828129986,10.726323070284222,1.0849070050549758,10.44250918559636,1.0916011050897443
142,r_k04_0006_d00_d04_d13_d26,"0,4,13,26",final repeat validation for R4,2,0.9965095986038395,10.4465,11.0378,1.3228,13.357727537848637,12.536024649125812,27.85441345557917,1.0166153118988441,7.534356626397922,0.8555738760611493,11.758827828129986,10.726323070284222,1.0849070050549758,10.44250918559636,1.0916011050897443
143,swap_k06_0002_d02_d05_d06_d17_d18_d30,"2,5,6,17,18,30",one-channel swap audit around provisional greedy endpoint,0,0.9965095986038395,10.448599999999999,11.348700000000001,1.2935,14.455891049374891,13.910347849882559,25.115624824420525,1.0051511180948463,8.287041050586733,0.782853241272488,9.714383297952727,11.359460389473934,1.0950897887320168,10.447504422302352,1.1030000644770812
144,g_s01_k03_from_d00_d05_add_d28,"0,5,28",direct full-sequence ATE forward-greedy trial,0,0.9965095986038395,10.450099999999999,11.1712,1.4135,13.679201813672828,12.76543691959933,24.18113368997126,1.0650696900979164,8.053112089149547,0.7541873498252074,9.432644093556375,11.224821805848455,1.0880633119180756,10.444339638018556,1.0921271518072446
145,g_s01_k04_from_d00_d05_d18_add_d25,"0,5,18,25",direct full-sequence ATE forward-greedy trial,0,0.9965095986038395,10.4564,11.2121,1.3161,13.592270103789437,12.651272225557983,27.14168679724297,1.0215536128127045,9.214931471692617,0.7175238939811451,9.013236668281282,10.891993500738435,1.0879389191385986,10.451331794644663,1.0929617027071374
146,g_s01_k05_from_d00_d05_d18_d30_add_d29,"0,5,18,29,30",direct full-sequence ATE forward-greedy trial,0,0.9965095986038395,10.4964,11.522300000000001,1.6580000000000001,13.782257706203952,13.231620123649288,24.407566081195977,1.1782960087370107,14.042024527266959,1.0071968376078497,16.830465770043098,10.870600211772045,1.0875153282340868,10.520237029255384,1.0888480876961948
147,g_s04_k05_from_d04_d11_d15_d23_add_d06,"4,6,11,15,23",direct full-sequence ATE forward-greedy trial,0,0.9965095986038395,10.513300000000001,11.2773,1.2479,14.300000817382156,13.484102789807736,28.255041854265272,1.0087016954545243,11.150059090543454,0.6719474131304389,8.885933109718028,11.137358042430993,1.1022433351833507,10.508702556948943,1.1111328178362703
148,r_k05_0003_d00_d01_d12_d23_d25,"0,1,12,23,25",budget-matched cardinality-stratified random full-sequence control,0,0.9965095986038395,10.5237,11.2972,1.306,13.127266139049699,12.066961747847854,24.147694679839756,0.9790660311055551,7.210265545867769,0.7229399984708585,9.463900259378567,11.087837746463487,1.0754457099255088,10.510933274787327,1.0809357087313112
149,g_s03_k05_from_d04_d15_d22_d25_add_d09,"4,9,15,22,25",direct full-sequence ATE forward-greedy trial,0,0.9965095986038395,10.537199999999999,11.1297,1.3632,14.694398382289158,13.940184912847267,22.379507078526892,1.0337004797490776,9.482292361132192,0.7983052840290329,10.391665806276688,10.87649599451058,1.116084908800186,10.546572931655017,1.121360664814046
150,g_s01_k04_from_d00_d05_d18_add_d04,"0,4,5,18",direct full-sequence ATE forward-greedy trial,0,0.9965095986038395,10.538,11.3006,1.3708,13.77568518498574,12.762207681748675,28.50609701833336,1.0185084756664284,7.847957088533388,0.7387587301282379,8.87965874995736,11.226148880431259,1.082711657798418,10.53500115098939,1.0926923561773596
151,g_s02_k03_from_d01_d05_add_d04,"1,4,5",direct full-sequence ATE forward-greedy trial,0,0.9965095986038395,10.6015,11.0431,1.3175,14.456953514574069,13.876570019097345,23.23046110112134,0.9873309043887224,6.455664474317875,0.6346064517250491,5.568073366112862,11.091742596259884,1.108625654772295,10.612512098454443,1.1225870811971925
152,g_pair_seed_sweep_d11_d23,"11,23",fallback exhaustive two-channel full-sequence seed sweep,0,0.9965095986038395,10.615,11.2465,1.2109999999999999,13.172593409506787,12.422759836715842,27.797740479687654,1.0342004064629517,7.484750022496138,0.746640897489161,9.137866432993606,10.880332904936173,1.079492838514994,10.621159201925943,1.0855867868090865
153,g_pair_seed_sweep_d03_d06,"3,6",fallback exhaustive two-channel full-sequence seed sweep,0,0.9965095986038395,10.624400000000001,11.801499999999999,1.3253,15.799548382545915,15.168470235674162,23.992458228124207,1.0126018559316756,8.678996334035924,0.7812921474369933,9.600827867561422,11.842661040275406,1.120183546945235,10.613857760639606,1.1319709463086862
154,g_s02_k04_from_d01_d05_d15_add_d19,"1,5,15,19",direct full-sequence ATE forward-greedy trial,0,0.9965095986038395,10.6489,11.9475,1.2673999999999999,14.553170513813148,13.847513191529103,27.317853763859446,1.0408980799892893,9.86979131408807,0.7439736501818054,11.764646313216565,10.853869725329357,1.0994075014407403,10.662797634438391,1.105779320737324
155,swap_k06_0122_d00_d05_d06_d17_d22_d30,"0,5,6,17,22,30",one-channel swap audit around provisional greedy endpoint,0,0.9965095986038395,10.6533,11.5163,1.4868,14.54685312111888,13.730381996088854,24.742420940200898,1.0629540513500595,9.718649583340605,0.7944038996914693,10.082591964879773,11.786880973773497,1.0948884514373147,10.642072845669437,1.1013020717984527
156,g_s04_k05_from_d04_d11_d15_d23_add_d16,"4,11,15,16,23",direct full-sequence ATE forward-greedy trial,0,0.9965095986038395,10.6834,11.2931,1.2494999999999998,14.54807414108811,13.617778798560884,30.792881370213284,1.0019810560364235,10.405426030931842,0.6515476525178567,7.150973376774076,11.14429034815663,1.1089360531069152,10.684697391843176,1.1187218317407828
157,swap_k06_0155_d00_d05_d06_d17_d18_d29,"0,5,6,17,18,29",one-channel swap audit around provisional greedy endpoint,0,0.9965095986038395,10.6951,11.5101,1.3592,13.914208276804473,12.999986537990166,22.45397222806205,0.9516637648932205,6.354267510948124,0.748344115471705,10.179998993976994,11.698388829405266,1.082153777700286,10.681940068663147,1.0881799208427814
158,g_s04_k04_from_d04_d11_d23_add_d06,"4,6,11,23",direct full-sequence ATE forward-greedy trial,0,0.9965095986038395,10.695300000000001,11.3644,1.0709,14.034982354058616,13.266576195588264,26.894846102543312,0.8807170291928451,6.060137878301649,0.5936669724580849,6.721463682816886,11.074018562684138,1.0988667380158954,10.695137094235783,1.10641862659999
159,r_k04_0055_d05_d09_d23_d30,"5,9,23,30",budget-matched cardinality-stratified random full-sequence control,0,0.9965095986038395,10.7343,11.5577,1.5069000000000001,14.411096250056655,13.672727738931467,28.032009609057983,1.0905804023094374,11.549042088734373,0.8747695949170659,12.578245105926106,11.497464901701724,1.0880730950616921,10.748293929543074,1.0966925367276237
160,swap_k06_0060_d00_d05_d10_d17_d18_d30,"0,5,10,17,18,30",one-channel swap audit around provisional greedy endpoint,0,0.9965095986038395,10.735,11.3108,1.4114,13.347893594167873,12.80907254208787,23.455872646144925,1.016272842185124,8.22756286144528,0.8039842872175365,9.131844951539398,10.853631249907444,1.0844241142014936,10.755467418551262,1.0859644476324595
161,swap_k06_0054_d00_d02_d05_d17_d18_d30,"0,2,5,17,18,30",one-channel swap audit around provisional greedy endpoint,0,0.9965095986038395,10.7446,12.0366,1.3620999999999999,14.11358577684302,13.508558868318197,25.048428894619978,1.067256865073065,8.796006545726504,0.8456486338003952,9.468170476853865,10.923584851409426,1.0886884752052914,10.774117555852616,1.090496037879283
162,g_s01_k05_from_d00_d05_d18_d30_add_d17,"0,5,17,18,30",direct full-sequence ATE forward-greedy trial,0,0.9965095986038395,10.7449,11.318100000000001,1.5716,13.440496923954187,12.896861173967675,21.246367306278486,1.087679379492511,9.558334417280077,0.8648708439993543,10.714040416434058,10.96121880635609,1.0848400585509457,10.758211652929138,1.088433085420252
163,swap_k06_0065_d00_d05_d15_d17_d18_d30,"0,5,15,17,18,30",one-channel swap audit around provisional greedy endpoint,0,0.9965095986038395,10.7456,12.0393,1.367,13.877937373588356,13.238427761428836,24.62585999916498,0.9924201016417601,7.772990655547882,0.8153495294662363,9.350874656118089,10.904063971756793,1.083995736112502,10.77502026337352,1.0847406532960226
164,g_pair_seed_sweep_d07_d30,"7,30",fallback exhaustive two-channel full-sequence seed sweep,0,0.9965095986038395,10.7543,11.804499999999999,1.7446,16.2625953135562,15.807086478751609,24.13266323302607,1.2436983505137509,13.547488836445973,0.7528698743587944,8.130545944003128,12.62036511179925,1.115482184003896,10.749830024299808,1.1307349677283425
165,swap_k06_0059_d00_d05_d09_d17_d18_d30,"0,5,9,17,18,30",one-channel swap audit around provisional greedy endpoint,0,0.9965095986038395,10.7712,11.370099999999999,1.5896000000000001,13.397263795942651,12.72670493176694,20.76799465141412,1.146775553348052,9.31201231459022,0.8260119077403236,9.659067615614378,11.02640520640268,1.0801432480527096,10.783766499036098,1.0848871510532991
166,g_s04_k04_from_d04_d11_d23_add_d02,"2,4,11,23",direct full-sequence ATE forward-greedy trial,0,0.9965095986038395,10.777299999999999,11.429499999999999,1.1612,14.388150250367493,13.511597727723695,29.59896752855911,0.9355752650464547,6.9163668846150035,0.5858864467990151,5.7689924768007845,11.339628473280209,1.1016496798375874,10.779082518586232,1.1134899839307402
167,swap_k06_0025_d05_d06_d17_d18_d29_d30,"5,6,17,18,29,30",one-channel swap audit around provisional greedy endpoint,0,0.9965095986038395,10.7918,12.0478,1.387,14.875193908138284,14.356636018038921,23.831176050746944,1.0225757655711347,8.857729879492197,0.7284990263240562,9.636155185556856,12.103213385855605,1.084782261689112,10.77795990046885,1.095024495724991
168,g_s01_k05_from_d00_d05_d18_d30_add_d04,"0,4,5,18,30",direct full-sequence ATE forward-greedy trial,0,0.9965095986038395,10.815800000000001,11.437999999999999,1.6483,13.378903991163302,12.345492353921582,27.93929522184435,1.4062614330204029,22.53163793258959,0.9413619067734443,14.824409890516378,11.409580641988905,1.0679798611068234,10.820727030671264,1.075763359407796
169,g_s01_k06_from_d00_d05_d06_d18_d30_add_d08,"0,5,6,8,18,30",direct full-sequence ATE forward-greedy trial,0,0.9965095986038395,10.8374,11.5743,1.328,14.282415079142414,13.47469052834733,23.815288215483648,1.0016859443601585,8.188774111940909,0.7726666928999348,9.92070937981941,11.676344156826804,1.0900223123448978,10.824541601570681,1.0999547432634957
170,r_k04_0116_d23_d27_d30_d31,"23,27,30,31",budget-matched cardinality-stratified random full-sequence control,0,0.9965095986038395,10.8381,12.2905,1.6964,14.652091088896741,13.686392335359585,24.859179655037035,1.236596947195699,10.807062565561411,0.8526686786513293,9.539035496383132,12.058392135995103,1.0714544076073274,10.847708637437355,1.0811332478003002
171,g_s03_k04_from_d04_d15_d22_add_d13,"4,13,15,22",direct full-sequence ATE forward-greedy trial,0,0.9965095986038395,10.8402,11.6115,1.4275,14.434155431721571,13.666835887032924,25.851458455155395,1.0736940132057793,9.750944360399744,0.8307471372294727,12.522222507180608,11.58858300151202,1.0967899627379312,10.830086346635122,1.1026397391490816
172,g_s03_k06_from_d04_d10_d15_d22_d25_add_d20,"4,10,15,20,22,25",direct full-sequence ATE forward-greedy trial,0,0.9965095986038395,10.8963,11.709200000000001,1.3758,14.827481112847188,13.939871367398982,24.49999904047367,1.0358278623282475,10.004518679635936,0.7937962662275951,10.350873609370494,11.454747909732662,1.1067180940621908,10.900746167623911,1.1123137609598888
173,g_s01_k04_from_d00_d05_d18_add_d29,"0,5,18,29",direct full-sequence ATE forward-greedy trial,0,0.9965095986038395,10.8979,11.6974,1.7279,14.676105756060586,13.677826817121275,22.912450819627622,1.1483316491905224,9.162510545262704,0.8338264713748136,9.362179352868907,11.728292151703622,1.0990944635513609,10.898608244234273,1.1070862199270066
174,g_s04_k05_from_d04_d11_d15_d23_add_d05,"4,5,11,15,23",direct full-sequence ATE forward-greedy trial,0,0.9965095986038395,10.9044,11.826699999999999,1.154,14.921066070474003,14.04063102077856,31.480840059121395,0.9214443747893982,8.829261484814193,0.5484646579521252,4.928948223701822,11.743045117586332,1.101075166021624,10.90523211451699,1.1130342735095649
175,g_s03_k06_from_d04_d10_d15_d22_d25_add_d12,"4,10,12,15,22,25",direct full-sequence ATE forward-greedy trial,0,0.9965095986038395,10.9348,11.9241,1.2944,14.648035508811402,14.089918092759913,23.694504665497675,0.9903646149254809,8.36642203769485,0.7452721476973476,10.031951979804495,11.950204505821246,1.0917715858432808,10.924438042864907,1.0993012362649226
176,g_s01_k06_from_d00_d05_d06_d18_d30_add_d13,"0,5,6,13,18,30",direct full-sequence ATE forward-greedy trial,0,0.9965095986038395,10.9352,11.8894,1.6669,14.817097197449266,14.062360584792803,26.103473549657057,1.1974829427140978,13.695266937090775,1.0549686332939185,15.12676066715129,11.717205923299497,1.087418183118148,10.92536602331492,1.0969783267724404
177,g_s02_k04_from_d01_d05_d15_add_d17,"1,5,15,17",direct full-sequence ATE forward-greedy trial,0,0.9965095986038395,10.9366,11.4091,1.3969,13.528428009172949,12.891517402930205,22.292037146818057,1.0233451595423433,9.568739856923132,0.766442688847984,9.911689188212163,10.884186089794083,1.0902928540915966,10.954766670849857,1.096528131083967
178,r_k04_0009_d00_d11_d22_d31,"0,11,22,31",budget-matched cardinality-stratified random full-sequence control,0,0.9965095986038395,10.978200000000001,11.6667,1.3195999999999999,14.964915637527518,14.300959043398894,26.561311895317186,1.0322028293226235,11.880085466362011,0.7771031970626227,10.555425287095558,11.234773440384753,1.1153009595546446,10.986455810182362,1.1171659061574741
179,r_k04_0080_d08_d10_d11_d27,"8,10,11,27",budget-matched cardinality-stratified random full-sequence control,0,0.9965095986038395,10.978499999999999,12.0524,1.4812,13.965882550581465,13.302934924595514,25.184271022060006,1.1847349878459066,19.808530868970873,0.7838530565189485,10.040183101781409,11.015569407034066,1.0829457084960987,10.998181954044815,1.087741915954423
180,g_s02_k06_from_d01_d05_d13_d15_d31_add_d04,"1,4,5,13,15,31",direct full-sequence ATE forward-greedy trial,0,0.9965095986038395,11.0037,11.533,1.8031,13.746171136053203,13.099515276517756,20.140695346680683,1.4052313595446446,21.556045102686518,0.8138485493137553,13.541686264283033,11.489254429766376,1.0868013974827018,11.000668245821817,1.0959482472549964
181,g_s03_k06_from_d04_d10_d15_d22_d25_add_d01,"1,4,10,15,22,25",direct full-sequence ATE forward-greedy trial,0,0.9965095986038395,11.0045,11.8447,1.3023,14.50845947943874,13.72546934411667,26.343548242035897,0.9969075266192075,9.373085012967431,0.774966694132841,10.408624494064156,11.387466689921068,1.098971156870834,11.013127885704876,1.1016835788759127
182,g_s04_k04_from_d04_d11_d23_add_d27,"4,11,23,27",direct full-sequence ATE forward-greedy trial,0,0.9965095986038395,11.033,11.6121,1.2331999999999999,13.986396585112647,13.159450525993929,27.8534939039563,0.9603637712456772,9.349228005793925,0.5676005326037561,5.3672323340573795,11.64854449312009,1.0852228869824796,11.031911656497421,1.0986151351308946
183,g_s01_k03_from_d00_d05_add_d01,"0,1,5",direct full-sequence ATE forward-greedy trial,0,0.9965095986038395,11.0531,11.5968,1.5082,13.990030801453804,13.349735887252645,20.47603950919873,1.1374725718600593,8.391135502970787,0.8175790198580637,9.034495503117121,11.201149344856821,1.0957854133977514,11.062243222543328,1.1008496559460321
184,swap_k06_0055_d00_d03_d05_d17_d18_d30,"0,3,5,17,18,30",one-channel swap audit around provisional greedy endpoint,0,0.9965095986038395,11.0551,11.874,1.1273,14.157793264773828,13.397925919085038,26.223900411129993,0.9288819316028852,6.815571085288813,0.6808175413266948,8.63264985852432,11.602560164518138,1.0865304216289204,11.056639176823209,1.0930097574332205
185,swap_k06_0007_d05_d06_d09_d17_d18_d30,"5,6,9,17,18,30",one-channel swap audit around provisional greedy endpoint,0,0.9965095986038395,11.0655,12.1997,1.5432,15.07043726779886,14.21750574868006,27.73412661909058,1.0664256751252221,11.118193863343926,0.7885184643712554,9.429043717850995,12.463853118341161,1.0781818893665969,11.05356085329306,1.0902958212383416
186,g_s02_k03_from_d01_d05_add_d03,"1,3,5",direct full-sequence ATE forward-greedy trial,0,0.9965095986038395,11.1063,11.876100000000001,1.2026000000000001,15.519122603044888,14.754771250423055,23.91007025124247,0.9374934538430728,6.112465210980701,0.5630350476018992,4.755916382290531,12.093269806183335,1.1144546277456278,11.103198367460463,1.1288170047858426
187,swap_k06_0017_d05_d06_d17_d18_d21_d30,"5,6,17,18,21,30",one-channel swap audit around provisional greedy endpoint,0,0.9965095986038395,11.1152,12.3839,1.3134,14.922069573162366,14.222167152297619,26.843924633576897,1.0202288927886785,10.970594122554376,0.7225716055672845,9.551256284143813,12.45194301854398,1.0763434008680166,11.101720249298937,1.0868022284181658
188,swap_k06_0075_d00_d05_d17_d18_d27_d30,"0,5,17,18,27,30",one-channel swap audit around provisional greedy endpoint,0,0.9965095986038395,11.1484,11.9869,1.4816,14.515028514823031,13.520302210684958,27.07638320244929,1.0513426589292467,8.962686941677335,0.8412313456769329,9.663064912560595,12.29676575449958,1.070793469650396,11.136450177879052,1.0818467547182185
189,g_s03_k04_from_d04_d15_d22_add_d01,"1,4,15,22",direct full-sequence ATE forward-greedy trial,0,0.9965095986038395,11.1633,11.8149,1.3874,15.665599014976635,14.657685557890321,27.579534290893914,1.03851580500656,6.496950257135585,0.8061785554903412,11.182459695743757,11.398815112691983,1.1297676393941634,11.172969523252625,1.1377688176070242
190,r_k04_0026_d01_d11_d23_d27,"1,11,23,27",budget-matched cardinality-stratified random full-sequence control,0,0.9965095986038395,11.1637,11.7487,1.2862,13.94124323069532,13.258525752274972,26.601391912799183,1.0222555956754076,9.927958934787124,0.7028585667988204,9.839767018981886,11.270843741277789,1.0897691583645195,11.170713582147012,1.0983747466864857
191,g_s02_k05_from_d01_d05_d13_d15_add_d18,"1,5,13,15,18",direct full-sequence ATE forward-greedy trial,0,0.9965095986038395,11.1915,11.6726,1.5316,14.544399049705964,13.792160301297812,21.389716381453404,1.1033092390634094,10.605321927151312,0.9909429518915596,12.119421655067137,11.77506827946516,1.0960486055729677,11.191381688529551,1.107072496743838
192,g_s02_k03_from_d01_d05_add_d14,"1,5,14",direct full-sequence ATE forward-greedy trial,0,0.9965095986038395,11.1968,11.8285,1.3325,14.184267537542109,13.38576488323502,23.06056332223933,1.00912820661421,7.3121006498862124,0.6605927505317093,5.06546660447323,11.198169773272465,1.094326814347667,11.216140068815921,1.1067115878657152
193,g_s04_k05_from_d04_d11_d15_d23_add_d01,"1,4,11,15,23",direct full-sequence ATE forward-greedy trial,0,0.9965095986038395,11.2058,11.669599999999999,1.2496,14.687841990667858,13.869573284121909,27.768755236470298,0.9828861037626505,8.558895521189859,0.5689244865550235,5.314297817889893,11.199572626515977,1.113901656062044,11.215430317649613,1.120093668365698
194,g_s03_k04_from_d04_d15_d22_add_d14,"4,14,15,22",direct full-sequence ATE forward-greedy trial,0,0.9965095986038395,11.207,12.1364,1.4635,15.660350759163435,14.79124618523177,25.909215388060925,1.0874281468620408,12.840311200979896,0.7894238755593186,11.928395898592248,12.038657232691657,1.1148200206869032,11.203479644495964,1.1266651563552206
195,g_s02_k04_from_d01_d05_d15_add_d27,"1,5,15,27",direct full-sequence ATE forward-greedy trial,0,0.9965095986038395,11.2151,11.8208,1.4881,15.009301612119627,14.351883095340051,27.49692760168091,1.127343197519313,14.816591787999823,0.7369138915764517,9.997699254160828,11.629903944831026,1.1074667288669022,11.225095626038332,1.1192196485953123
196,swap_k06_0066_d00_d05_d16_d17_d18_d30,"0,5,16,17,18,30",one-channel swap audit around provisional greedy endpoint,0,0.9965095986038395,11.2171,12.426,1.4073,15.00757904841565,14.122741345694372,29.32002529377245,1.0545909182045794,8.10470063552547,0.8562782686948845,9.965697767013292,11.830356648242708,1.0891842653756842,11.22470570428383,1.0967954554985386
197,g_s03_k05_from_d04_d15_d22_d25_add_d06,"4,6,15,22,25",direct full-sequence ATE forward-greedy trial,0,0.9965095986038395,11.2401,12.025,1.2781,15.384496975987853,14.7099604346127,28.060059986982548,1.0391384644658683,9.830282927427152,0.7816884333128874,11.056069470822148,11.952373503249643,1.1127057323196776,11.234758919635109,1.1197421841126267
198,r_k05_0054_d04_d07_d11_d25_d28,"4,7,11,25,28",budget-matched cardinality-stratified random full-sequence control,0,0.9965095986038395,11.2564,12.15,1.1867,15.579359444303808,14.687126360210815,30.95649036778237,0.9356697638488584,9.409204717825748,0.5734741773974108,5.432927164003263,11.952009205268594,1.1125109740469383,11.258676819743373,1.1233313793604696
199,swap_k06_0057_d00_d05_d07_d17_d18_d30,"0,5,7,17,18,30",one-channel swap audit around provisional greedy endpoint,0,0.9965095986038395,11.2594,12.0867,1.3408,14.783026693165443,13.70033632829733,28.102745643734618,0.9724121619045685,6.543769289679409,0.74159452022588,10.033560158647555,12.196100824632152,1.0876752790991129,11.252616235202337,1.0966658674778311
200,g_s01_k04_from_d00_d05_d18_add_d27,"0,5,18,27",direct full-sequence ATE forward-greedy trial,0,0.9965095986038395,11.2744,11.9901,1.3732,14.363184198571687,13.345481570605426,28.12423493989232,0.9958806243805198,9.445363837550412,0.7000326779587337,9.410217405870055,12.05087208505389,1.0834618847219635,11.266015956853586,1.0925660340253562
201,g_s03_k05_from_d04_d15_d22_d25_add_d23,"4,15,22,23,25",direct full-sequence ATE forward-greedy trial,0,0.9965095986038395,11.291500000000001,12.0174,1.1704,15.01509284584234,14.216978234950254,27.653990912434402,0.9355780803590799,6.91506365854149,0.7207481896672869,10.49114950672968,11.781814870996342,1.1071968242443917,11.291958733798284,1.1152479699505315
202,g_s02_k04_from_d01_d05_d15_add_d06,"1,5,6,15",direct full-sequence ATE forward-greedy trial,0,0.9965095986038395,11.3556,12.049700000000001,1.3427,15.535505698008523,14.840979694846022,29.159233165083254,1.0149356182762388,7.664736868788369,0.8061651027609682,10.225404538174839,12.109769741216688,1.1136991027928627,11.356145483940995,1.1238894302504534
203,g_s01_k06_from_d00_d05_d06_d18_d30_add_d29,"0,5,6,18,29,30",direct full-sequence ATE forward-greedy trial,0,0.9965095986038395,11.363199999999999,12.5377,1.7153,15.661571847006526,14.60514816310515,28.80571078323351,1.1811894208472677,14.076449328198146,1.0567117315548529,16.76965562057015,12.75846110577867,1.083779468395503,11.349039658093279,1.0948900111029696
204,g_s02_k03_from_d01_d05_add_d21,"1,5,21",direct full-sequence ATE forward-greedy trial,0,0.9965095986038395,11.4494,12.620899999999999,1.2177,15.308119525781134,14.403890762214836,30.5632213399808,0.9799987954577429,7.137243368605921,0.6862493846597543,9.012948517777929,12.203489284100149,1.0933301953953916,11.456293189921704,1.1062071576814347
205,g_s03_k05_from_d04_d15_d22_d25_add_d27,"4,15,22,25,27",direct full-sequence ATE forward-greedy trial,0,0.9965095986038395,11.4687,12.321200000000001,1.2531,15.39534003292718,14.7326317318833,28.37813214265401,0.9948511672105925,8.67065344153225,0.7446371791009123,11.491674900932127,12.168535441999701,1.10565158551822,11.464576288373427,1.1145947527680844
206,g_s02_k05_from_d01_d05_d13_d15_add_d14,"1,5,13,14,15",direct full-sequence ATE forward-greedy trial,0,0.9965095986038395,11.4845,12.3399,1.6937,14.342568628438027,13.235558666754999,23.972756397904448,1.1947725528074267,12.215873849222966,0.8905410420290288,13.743122453827214,11.915565381926191,1.0821483168076793,11.487161904540125,1.0914823356330627
207,g_s01_k05_from_d00_d05_d18_d30_add_d02,"0,2,5,18,30",direct full-sequence ATE forward-greedy trial,0,0.9965095986038395,11.522,12.770100000000001,1.4321000000000002,14.868662972846918,14.242504531083735,26.40700981114715,1.0645624975887484,8.508305582502542,0.8308301958785395,10.11027746268141,11.546107986292231,1.097123483473108,11.550593614485406,1.0964602132979016
208,g_s03_k06_from_d04_d10_d15_d22_d25_add_d31,"4,10,15,22,25,31",direct full-sequence ATE forward-greedy trial,0,0.9965095986038395,11.5284,12.1047,1.3566,15.371785706123303,14.630646736064195,23.620210028608124,1.0080771745920831,9.570771950366469,0.7731199615739155,10.52139837426661,11.786239638838437,1.116298081380381,11.539881228148074,1.1187716854139753
209,swap_k06_0021_d05_d06_d17_d18_d25_d30,"5,6,17,18,25,30",one-channel swap audit around provisional greedy endpoint,0,0.9965095986038395,11.532,12.814400000000001,1.2491,15.333635409844984,14.638867400407618,28.3581600672309,0.9733613697775275,8.392382612031996,0.7439853050566889,10.002807846656449,12.713349487830325,1.0796639784451278,11.519008861545057,1.0905362440963642
210,r_k04_0020_d01_d04_d17_d25,"1,4,17,25",budget-matched cardinality-stratified random full-sequence control,0,0.9965095986038395,11.5374,12.0945,1.4477,13.701534933146592,12.787064432057122,26.96241111377348,1.1228420673442885,11.588643169978637,0.8078244181897726,10.487935896523465,11.629063407234115,1.0747513212268929,11.545143387641842,1.082643481574391
211,g_s04_k05_from_d04_d11_d15_d23_add_d28,"4,11,15,23,28",direct full-sequence ATE forward-greedy trial,0,0.9965095986038395,11.5405,12.066699999999999,1.2371,14.488860208751007,13.957647097070385,26.494171690120293,0.9669483606870332,7.61337319584426,0.7032145453629425,9.705483443166608,11.646982094031026,1.0991524623785283,11.548313719492281,1.1054236018082293
212,g_s01_k05_from_d00_d05_d18_d30_add_d11,"0,5,11,18,30",direct full-sequence ATE forward-greedy trial,0,0.9965095986038395,11.5661,12.1679,1.4685,15.341794584157853,14.573633919037126,22.77672118731286,1.0287197399904864,5.683718505224978,0.7737745572560581,9.155728846525468,12.038703321026203,1.1113333404390782,11.568144060416905,1.1174249194301134
213,r_k06_0012_d00_d12_d22_d27_d29_d30,"0,12,22,27,29,30",budget-matched cardinality-stratified random full-sequence control,0,0.9965095986038395,11.5912,12.7333,1.8259,16.092515340003143,15.421004590363834,27.820417471187582,1.263500723000229,16.79039129426655,1.0404660360182716,17.39701358926615,13.009831035799344,1.0943879864737474,11.574709359336502,1.106886577152465
214,g_s02_k06_from_d01_d05_d13_d15_d31_add_d25,"1,5,13,15,25,31",direct full-sequence ATE forward-greedy trial,0,0.9965095986038395,11.6029,12.4822,1.1964000000000001,14.505346765022434,13.605297722005986,27.466214798121648,0.9460258999260504,9.523908447695918,0.7212915182284996,11.226100101531399,12.054071067605333,1.0847457444893378,11.59511555341853,1.0904993801871061
215,g_s04_k04_from_d04_d11_d23_add_d31,"4,11,23,31",direct full-sequence ATE forward-greedy trial,0,0.9965095986038395,11.6107,12.1881,1.2899,15.06848077914093,14.17901276348695,28.585231651981413,1.0048669427116645,11.619961731848258,0.5487618922571013,3.912498739418078,12.144204121516287,1.104623944386674,11.607322920203526,1.1174772868400102
216,g_s03_k05_from_d04_d15_d22_d25_add_d01,"1,4,15,22,25",direct full-sequence ATE forward-greedy trial,0,0.9965095986038395,11.6231,12.443999999999999,1.2371999999999999,15.054593552409079,14.046799920604162,28.81090996619486,0.9562750504279103,7.151897919885817,0.7567560811692003,10.716452396376752,12.239851665229892,1.0976223653619364,11.61749698972874,1.1044942304657632
217,g_s01_k05_from_d00_d05_d18_d30_add_d23,"0,5,18,23,30",direct full-sequence ATE forward-greedy trial,0,0.9965095986038395,11.623899999999999,12.6269,1.3852,14.533263351217144,13.52269957453892,27.056314543163147,0.9996026903021012,6.790014605693353,0.6424899510253266,5.854288059185266,12.504990795698015,1.0721100921769355,11.612833659754521,1.0800822745225076
218,g_s02_k06_from_d01_d05_d13_d15_d31_add_d18,"1,5,13,15,18,31",direct full-sequence ATE forward-greedy trial,0,0.9965095986038395,11.6524,12.5288,1.3245,14.537348816187242,13.43265887511484,26.57156134911473,0.9927187356746087,9.350577793494825,0.7588112634347016,11.001838793937216,12.324113776623397,1.079036695488298,11.640039247269067,1.0848440052597188
219,g_s01_k04_from_d00_d05_d18_add_d16,"0,5,16,18",direct full-sequence ATE forward-greedy trial,0,0.9965095986038395,11.661000000000001,12.3863,1.337,15.443103535778292,14.723687475962672,27.777006456392805,1.0291575131092665,10.912672711839571,0.7395144415970367,10.003411791217541,11.737207208582177,1.1166334779684313,11.6710376650022,1.123261610959077
220,swap_k06_0029_d00_d03_d06_d17_d18_d30,"0,3,6,17,18,30",one-channel swap audit around provisional greedy endpoint,0,0.9965095986038395,11.6627,12.3907,1.3505,14.397660137616658,13.775046248713844,24.839964653200695,1.0273393689198618,10.728306084354918,0.7657963009031868,9.474275631621508,12.339956951185957,1.078608933240239,11.649076424975222,1.0853164063982157
221,g_s03_k05_from_d04_d15_d22_d25_add_d02,"2,4,15,22,25",direct full-sequence ATE forward-greedy trial,0,0.9965095986038395,11.6883,12.523500000000002,1.2692,15.543060020890156,14.839006058871146,28.308082453319766,0.9794245989549215,8.93365781193118,0.7744913204369965,10.932630432552049,12.402209898563502,1.1057061234985697,11.679397886319403,1.1124362374692276
222,g_s02_k06_from_d01_d05_d13_d15_d31_add_d12,"1,5,12,13,15,31",direct full-sequence ATE forward-greedy trial,0,0.9965095986038395,11.6958,12.3247,1.383,14.360837306994306,13.420821784667014,24.55504237485469,1.0046612097457717,10.77408451102288,0.7337348267421225,11.306611988610774,12.286643861809141,1.0844732774505388,11.68426333250733,1.0919951858808823
223,g_s01_k04_from_d00_d05_d18_add_d26,"0,5,18,26",direct full-sequence ATE forward-greedy trial,0,0.9965095986038395,11.7126,12.3126,1.2949,15.244362903222584,14.275756218404057,31.611306480994745,1.037609867969033,9.409580377951192,0.7146715940329985,9.577678733925552,12.130486840868606,1.1063402368241655,11.711536288465558,1.1153626130389789
224,g_s04_k05_from_d04_d11_d15_d23_add_d26,"4,11,15,23,26",direct full-sequence ATE forward-greedy trial,0,0.9965095986038395,11.7174,12.8724,1.1663,15.487094689239333,14.541733805046814,32.0032399472463,1.0532920222135567,9.309137714797949,0.7604589651269357,9.679072368872665,11.956396693762748,1.1032467524318808,11.727059214257144,1.1126580480123294
225,g_s04_k04_from_d04_d11_d23_add_d05,"4,5,11,23",direct full-sequence ATE forward-greedy trial,0,0.9965095986038395,11.745,12.623500000000002,1.1480000000000001,15.213603511899404,14.348732940941456,31.74846333541039,0.9225228688516652,7.538572129512362,0.5645384877573996,5.349373660376781,12.486528672748523,1.0917751166283356,11.74468996941234,1.105644776498755
226,g_pair_seed_sweep_d04_d27,"4,27",fallback exhaustive two-channel full-sequence seed sweep,0,0.9965095986038395,11.745700000000001,13.017599999999998,1.6732,15.381638738083137,14.257712593891425,23.084962625359314,1.157483527973014,11.631736800435174,0.7196030210326185,6.4810838626636045,12.796063774492145,1.078124877791803,11.75439522323046,1.1000931998199852
227,g_s01_k03_from_d00_d05_add_d12,"0,5,12",direct full-sequence ATE forward-greedy trial,0,0.9965095986038395,11.7468,12.4051,1.2523,15.08907564962381,14.544822441967241,26.34288645292402,0.9914865853277645,7.731415947895812,0.7141081407838449,9.218055957718578,11.873078618877624,1.1058797440920605,11.754687192704017,1.1133813715224132
228,g_s01_k03_from_d00_d05_add_d21,"0,5,21",direct full-sequence ATE forward-greedy trial,0,0.9965095986038395,11.759400000000001,12.8893,1.1598000000000002,15.079798825377505,14.226689893876006,30.09377830481442,0.9143981988507764,5.945032452710174,0.6584817655942391,8.233041161679951,12.275420784121383,1.0861471715686735,11.762239581052148,1.0948530399409422
229,g_pair_seed_sweep_d03_d08,"3,8",fallback exhaustive two-channel full-sequence seed sweep,0,0.9965095986038395,11.7805,12.4788,1.3504,15.484738146373434,14.692564965343163,23.598498711602005,1.0532313554156165,11.378696337190092,0.6079134817113832,5.05273476328275,12.622018806937668,1.1028762761620456,11.772809037322277,1.1155794093993665
230,g_s01_k03_from_d00_d05_add_d29,"0,5,29",direct full-sequence ATE forward-greedy trial,0,0.9965095986038395,11.7898,12.763,1.7575,14.513264769710188,13.418386477860619,25.130067127483102,1.287740794409222,14.89241503170963,0.9299486056070083,9.568600122572345,12.755871300465415,1.0650231508019494,11.775388186857342,1.0701696805625405
231,swap_k06_0105_d00_d01_d05_d06_d17_d30,"0,1,5,6,17,30",one-channel swap audit around provisional greedy endpoint,0,0.9965095986038395,11.8057,12.5706,1.4163999999999999,15.086793317074656,14.087781964950343,24.517771664727935,1.0430251062905123,7.0780492957751795,0.8461901063407011,9.999264701141811,12.71323259955763,1.0893865184773428,11.790716482018219,1.0986546109239281
232,g_s01_k03_from_d00_d05_add_d09,"0,5,9",direct full-sequence ATE forward-greedy trial,0,0.9965095986038395,11.818,12.5967,1.5623,14.393621481476446,13.981564778879827,21.966553193955853,1.1574628155057385,14.912552137490856,0.8667179438129736,14.362958216512123,12.061019722540278,1.0834690609907385,11.841006089389325,1.0872739065122106
233,g_s03_k05_from_d04_d15_d22_d25_add_d29,"4,15,22,25,29",direct full-sequence ATE forward-greedy trial,0,0.9965095986038395,11.8331,12.6201,1.2184,16.079503658267374,15.279077216119976,28.796557306066866,0.9778575848228444,9.71504889435619,0.7265926404730161,10.474383278667768,12.156362163332894,1.122874367969203,11.839930524923405,1.1299740686248396
234,g_s01_k06_from_d00_d05_d06_d18_d30_add_d20,"0,5,6,18,20,30",direct full-sequence ATE forward-greedy trial,0,0.9965095986038395,11.8396,12.966700000000001,1.3845,15.471210669709013,14.456554529758636,28.155211446375695,0.9879633711586788,6.2624008004191944,0.8069963444333719,9.611852076741357,13.034897179974662,1.0813796889984515,11.822569813961941,1.0900532500567017
235,g_s03_k05_from_d04_d15_d22_d25_add_d18,"4,15,18,22,25",direct full-sequence ATE forward-greedy trial,0,0.9965095986038395,11.8514,12.8085,1.2392,15.64383808674098,14.751772823369816,30.59116005237279,0.9611924735904593,7.973260687704717,0.7535758143485582,10.589026254273897,12.603059328952678,1.1015915022958818,11.843733847439282,1.108907952222288
236,r_k04_0057_d05_d12_d15_d19,"5,12,15,19",budget-matched cardinality-stratified random full-sequence control,0,0.9965095986038395,11.860999999999999,12.6082,1.4329,15.723193300934554,15.146473165054127,27.675635696815213,1.1407843568138896,17.8486933033337,0.5196874487022964,2.442725911837533,12.274010690095615,1.116304722123286,11.860618575559807,1.124696439262565
237,g_s01_k04_from_d00_d05_d18_add_d14,"0,5,14,18",direct full-sequence ATE forward-greedy trial,0,0.9965095986038395,11.8977,12.915,1.3518000000000001,14.509569664460493,13.502880645237388,26.67328563107058,1.0062715991535305,6.411793421220457,0.7146245292086327,8.692789260138886,12.909103699527174,1.0559651780856623,11.879994025348859,1.0645077895544097
238,g_s03_k03_from_d04_d22_add_d10,"4,10,22",direct full-sequence ATE forward-greedy trial,0,0.9965095986038395,11.9176,12.687100000000001,1.4279,16.06717599975605,15.437270557805077,26.483135493182434,1.0817889314178752,10.88006579146367,0.8853912158615176,10.668823028993026,12.10261576802587,1.1217650648363249,11.940225883136206,1.125222222223502
239,r_k06_0007_d00_d05_d10_d17_d18_d24,"0,5,10,17,18,24",budget-matched cardinality-stratified random full-sequence control,0,0.9965095986038395,11.9309,12.8338,1.3224,15.112766821924184,14.46570992926515,27.03022539836689,1.042676060540867,9.87930348370491,0.7199455242519777,10.677909736975352,12.521783447599569,1.088946898343048,11.924438224832537,1.0951064279700577
240,r_k03_0114_d21_d25_d30,"21,25,30",budget-matched cardinality-stratified random full-sequence control,0,0.9965095986038395,11.9366,12.8163,1.357,14.889869325845833,14.438279383368751,24.83979214738691,1.0334974369197554,10.02458549753662,0.6975715504205353,9.747110256695352,12.46971967188039,1.081340239674739,11.939768478656278,1.0898713958456525
241,g_s01_k03_from_d00_d05_add_d19,"0,5,19",direct full-sequence ATE forward-greedy trial,0,0.9965095986038395,11.9391,13.033,1.2375,15.315526512692065,14.466171580616813,30.212307143530413,1.0062018843945175,9.34656344892549,0.7405799846373274,10.966263709302137,12.06799881435717,1.0970355412193749,11.94616192835177,1.1033798838372035
242,g_s03_k04_from_d04_d15_d22_add_d31,"4,15,22,31",direct full-sequence ATE forward-greedy trial,0,0.9965095986038395,11.9442,13.1565,1.7975,16.28258398229915,15.419680083465412,27.491304036217667,1.3862248167821076,17.821715153553242,0.905413686992464,14.231235097921296,12.403290953195514,1.1154872109521061,11.939894149049204,1.119487826434561
243,swap_k06_0010_d05_d06_d12_d17_d18_d30,"5,6,12,17,18,30",one-channel swap audit around provisional greedy endpoint,0,0.9965095986038395,11.947099999999999,13.0514,1.3692,15.526626536704718,14.852208655384938,25.911544395402466,1.0135263737117923,10.57491572216233,0.71226988675289,9.425605612919673,13.206764918760936,1.081935201398122,11.930017757532902,1.0930720901707724
244,g_s01_k03_from_d00_d05_add_d08,"0,5,8",direct full-sequence ATE forward-greedy trial,0,0.9965095986038395,11.9554,12.5526,1.2734,15.077301072722838,14.441821304608391,24.638386905131558,1.0001400758343282,7.433898581754734,0.7686882508619518,10.763106124389397,12.303070545035585,1.0987818489042895,11.94919294825966,1.1092853379565943
245,g_s04_k05_from_d04_d11_d15_d23_add_d31,"4,11,15,23,31",direct full-sequence ATE forward-greedy trial,0,0.9965095986038395,11.9657,12.6655,1.1978,15.151412988473737,14.655585157950604,25.31368900662132,0.9645500736171193,8.072003269012617,0.7181622954524074,10.344279216614355,11.912365402125085,1.1057670082259694,11.980785585132539,1.1107412197392663
246,g_s01_k06_from_d00_d05_d06_d18_d30_add_d21,"0,5,6,18,21,30",direct full-sequence ATE forward-greedy trial,0,0.9965095986038395,11.9692,13.2301,1.1729,15.280575295188125,14.238022860232336,31.476546640526887,0.9201037453083866,6.836134082866089,0.6983059612847886,9.573001216395571,12.972761331616505,1.0731300154446024,11.953521865573476,1.0806084753557823
247,g_s01_k05_from_d00_d05_d18_d30_add_d13,"0,5,13,18,30",direct full-sequence ATE forward-greedy trial,0,0.9965095986038395,11.9969,12.5839,1.5089,14.768596788813552,13.819055717543025,24.33321664680113,1.0953108124055422,8.427910802742128,0.8713230831873008,10.896435852891445,12.695672644718284,1.0806053810979646,11.98131373327363,1.0891212513376105
248,g_s03_k05_from_d04_d15_d22_d25_add_d17,"4,15,17,22,25",direct full-sequence ATE forward-greedy trial,0,0.9965095986038395,12.0632,13.2298,1.1081,16.086101573829342,15.453262512500007,26.040807795266318,0.9485516769331168,6.885324988865478,0.7539299351105544,10.736916601165124,12.123708429202,1.1162277312773934,12.081243358561302,1.1209088041031252
249,g_s02_k05_from_d01_d05_d13_d15_add_d12,"1,5,12,13,15",direct full-sequence ATE forward-greedy trial,0,0.9965095986038395,12.067400000000001,12.8797,1.3462,14.480937078410339,13.539847608120525,23.724985884378054,0.9920520259706682,8.429525209938586,0.7411395057745459,11.436625478196117,12.674736268719657,1.0717285579695957,12.051170323310673,1.0796030622521857
250,g_s01_k03_from_d00_d05_add_d16,"0,5,16",direct full-sequence ATE forward-greedy trial,0,0.9965095986038395,12.0685,13.2188,1.5565,14.999834719358107,14.288561683535594,22.10967886109868,1.1836631740332515,16.761341527274737,0.8089940441436978,12.032574615781478,12.712618606765336,1.075730386450471,12.048186181257305,1.0841386717555928
251,g_s04_k05_from_d04_d11_d15_d23_add_d24,"4,11,15,23,24",direct full-sequence ATE forward-greedy trial,0,0.9965095986038395,12.0752,12.9557,1.4163000000000001,16.093495742729587,15.187202877019299,32.57235675930802,1.0994621481047138,16.728931720204024,0.5414110028445533,5.01967680596764,13.08519369892206,1.104440371403478,12.06652808229756,1.1180308379274444
252,swap_k06_0061_d00_d05_d11_d17_d18_d30,"0,5,11,17,18,30",one-channel swap audit around provisional greedy endpoint,0,0.9965095986038395,12.0812,12.403,1.4008,14.9355592409344,14.515649916640038,21.648598463017933,1.0378706252547176,8.002030276846996,0.7913024975271605,9.423105843226875,12.36162995348419,1.098726510800338,12.086200571292382,1.1047863713188808
253,g_s03_k04_from_d04_d15_d22_add_d16,"4,15,16,22",direct full-sequence ATE forward-greedy trial,0,0.9965095986038395,12.0898,13.0437,1.4104,16.683036036557326,15.825242374467358,33.692088057699216,1.0768453505889892,7.787683793425322,0.8482647345933515,11.899064229631263,12.817776775285717,1.1234586012269139,12.080503480961761,1.1324344998169218
254,g_s04_k05_from_d04_d11_d15_d23_add_d08,"4,8,11,15,23",direct full-sequence ATE forward-greedy trial,0,0.9965095986038395,12.0921,13.0573,1.2627,15.424398405886025,14.498287134114147,32.52610419734533,1.0155786377622595,12.19429246979819,0.7301050707242722,10.46470230175828,12.358351737946588,1.0974361483646193,12.089590122105953,1.1085665565430267
255,g_s01_k04_from_d00_d05_d18_add_d23,"0,5,18,23",direct full-sequence ATE forward-greedy trial,0,0.9965095986038395,12.0967,13.0531,1.2798,14.595220782885846,13.38458023043268,29.047716359065845,0.9306020179869222,5.645836267406226,0.695642167230752,8.902890635838395,12.625941498804044,1.0707074185573957,12.082853326149804,1.077361737736888
256,g_s04_k04_from_d04_d11_d23_add_d14,"4,11,14,23",direct full-sequence ATE forward-greedy trial,0,0.9965095986038395,12.105599999999999,12.726899999999999,1.1957,14.760931198353195,14.00076855827377,29.545109811943394,0.9476175642861718,6.567172763938505,0.6514868152427842,7.472480437411619,12.438325423118854,1.08506724702075,12.109016069750473,1.0970657244896849
257,g_s04_k03_from_d11_d23_add_d04,"4,11,23",direct full-sequence ATE forward-greedy trial,0,0.9965095986038395,12.117600000000001,12.765799999999999,1.2308,14.765494987199146,13.82194635217503,29.469434168490473,0.9592895207578606,8.3757650113271,0.5963149334838984,6.437522935981098,12.5046251214675,1.0846334950905825,12.11271010897253,1.0971341371620806
258,g_s02_k05_from_d01_d05_d13_d15_add_d06,"1,5,6,13,15",direct full-sequence ATE forward-greedy trial,0,0.9965095986038395,12.117799999999999,12.601200000000002,1.3627,15.601775727367853,14.797276235380297,24.226256892610877,1.0515011837683956,8.407603561901153,0.8651896680572314,11.254696605574855,12.410321095233638,1.1128700330448738,12.114270047787636,1.1218021642060085
259,g_s04_k06_from_d04_d11_d15_d18_d23_add_d08,"4,8,11,15,18,23",direct full-sequence ATE forward-greedy trial,0,0.9965095986038395,12.1197,12.734300000000001,1.2103,15.163827204718377,14.48402400490715,28.198184253186366,0.972666264075919,11.579693262158603,0.7106256712816995,9.974885768522212,12.158137005378908,1.1020091404279668,12.12053950213547,1.1111383720980688
260,g_pair_seed_sweep_d04_d31,"4,31",fallback exhaustive two-channel full-sequence seed sweep,0,0.9965095986038395,12.1203,13.5123,1.8765,17.17598397122822,16.042099084655277,29.227532079269864,1.2922838543516437,13.606638677456957,0.8039399903324901,9.582846835044712,12.929735025908748,1.11834957621442,12.136771107641055,1.1391997581618678
261,g_s04_k03_from_d11_d23_add_d30,"11,23,30",direct full-sequence ATE forward-greedy trial,0,0.9965095986038395,12.1326,12.776399999999999,1.7916999999999998,14.250701531629625,13.756271557246919,25.180798719525672,1.4434829178988942,19.747292111201087,0.8420014085734844,9.471091862248645,12.004395419253648,1.0789072878930248,12.151956680750285,1.0813252222510272
262,g_s02_k06_from_d01_d05_d13_d15_d31_add_d16,"1,5,13,15,16,31",direct full-sequence ATE forward-greedy trial,0,0.9965095986038395,12.151399999999999,12.878899999999998,1.5945,15.045942614171256,14.356950517971875,30.59222622925334,1.2606353442916745,17.96687703125751,1.0179421576930123,18.31156581216706,12.295541997074986,1.091882441068381,12.144021642772195,1.0960600941164276
263,g_pair_seed_sweep_d04_d15,"4,15",fallback exhaustive two-channel full-sequence seed sweep,0,0.9965095986038395,12.1544,13.040299999999998,1.9331,15.524594248210827,14.93442771880493,24.784986179261423,1.4132233445469269,20.601695923452088,0.8144629548144827,11.878743807896075,13.555513437543954,1.0752024184566196,12.157990699583616,1.0885569488326985
264,swap_k06_0019_d05_d06_d17_d18_d23_d30,"5,6,17,18,23,30",one-channel swap audit around provisional greedy endpoint,0,0.9965095986038395,12.1609,13.355900000000002,1.1959,15.576694934110613,14.71404231520213,31.17783162175587,0.9279505951237244,7.017147603205818,0.7269362270530767,9.519672740256182,12.953834061070074,1.084076314528314,12.158431563886422,1.0931714529347132
265,g_s03_k06_from_d04_d10_d15_d22_d25_add_d26,"4,10,15,22,25,26",direct full-sequence ATE forward-greedy trial,0,0.9965095986038395,12.1876,13.054499999999999,1.2337,15.470786305710908,14.530990314482398,29.415149406838857,0.9501800003833293,7.479519988570813,0.7539364181658543,10.415543529733725,12.728586128376996,1.095639615356104,12.186555380201147,1.1010689728582108
266,g_s02_k05_from_d01_d05_d13_d15_add_d26,"1,5,13,15,26",direct full-sequence ATE forward-greedy trial,0,0.9965095986038395,12.1955,12.562599999999998,1.2938,14.840470357255686,14.22896526230023,21.11773369634381,0.9740301521858548,7.9326310395205155,0.7679828521315276,10.859840623716472,12.120923573259068,1.101424215977939,12.20259322451176,1.1071079269880075
267,r_k03_0039_d04_d12_d16,"4,12,16",budget-matched cardinality-stratified random full-sequence control,0,0.9965095986038395,12.2081,12.854299999999999,1.8633,14.872482865890868,14.230569813140592,22.143428987835627,1.4401361317218961,26.809678667371095,0.5857953577949361,4.382039605849091,11.943277411358789,1.1016076710362916,12.225043342653665,1.1072729899719738
268,g_s03_k04_from_d04_d15_d22_add_d26,"4,15,22,26",direct full-sequence ATE forward-greedy trial,0,0.9965095986038395,12.2136,12.9694,1.3356,16.0781047523549,15.151102048271461,29.015964437551293,1.0178868828137133,10.30313846346744,0.7842445177785573,11.269314935415908,12.940391515444622,1.1116716611095097,12.203385458579326,1.1203432055068263
269,r_k04_0004_d00_d03_d05_d30,"0,3,5,30",budget-matched cardinality-stratified random full-sequence control,0,0.9965095986038395,12.2267,13.439300000000001,1.2949,15.412022454496707,14.424873119538606,29.302244138299987,1.0197984868544425,11.94815173203728,0.7313121664085913,8.216689646631423,12.98123663248895,1.0776849324017426,12.221626204169073,1.0846510275677939
270,g_pair_seed_sweep_d00_d11,"0,11",fallback exhaustive two-channel full-sequence seed sweep,0,0.9965095986038395,12.2293,13.101799999999999,1.6716000000000002,15.182527369921168,13.864077868078931,26.91354628011502,1.2316513175774666,10.277669577731324,0.845011029653491,9.120063962921058,12.70945273752476,1.0891519112553878,12.219106649129653,1.0965817433937475
271,r_k06_0075_d05_d07_d09_d14_d18_d20,"5,7,9,14,18,20",budget-matched cardinality-stratified random full-sequence control,0,0.9965095986038395,12.234,13.0276,1.4102999999999999,16.254461654379696,15.336629018891685,27.2707570999208,1.0230325414359431,8.424648074445887,0.771138914047234,10.170154024398746,13.326678573858983,1.1053146607739603,12.225947751319476,1.1198006154309026
272,swap_k06_0137_d00_d05_d06_d09_d17_d18,"0,5,6,9,17,18",one-channel swap audit around provisional greedy endpoint,0,0.9965095986038395,12.2558,13.2108,1.4525,14.961683580432917,13.753876145654031,27.74982932081237,1.023010495918112,7.62470807266446,0.7978171521844326,10.324492912606814,13.199149606290494,1.0668861236457454,12.236823558889679,1.0720293895185138
273,g_s03_k04_from_d04_d15_d22_add_d28,"4,15,22,28",direct full-sequence ATE forward-greedy trial,0,0.9965095986038395,12.2599,13.87,1.6782,17.161171278728535,16.226815391035974,37.28502610570586,1.2715677944372155,16.405398716559212,0.8498167792393837,13.249130992454182,13.476687625071909,1.109353194516578,12.241371932330718,1.1165222531224612
274,g_s02_k03_from_d01_d05_add_d20,"1,5,20",direct full-sequence ATE forward-greedy trial,0,0.9965095986038395,12.2663,12.956400000000002,1.4316,15.87859514039007,15.02940065777733,27.565407855693426,1.122626562415797,13.98592998893839,0.5827831853821862,3.560605143836836,13.22712432882238,1.103648709787584,12.257128132869795,1.1158872112552531
275,swap_k06_0077_d00_d05_d17_d18_d29_d30,"0,5,17,18,29,30",one-channel swap audit around provisional greedy endpoint,0,0.9965095986038395,12.3059,13.208,1.3265,15.126893752920187,14.679890980236483,24.820658784958532,1.0214021415391363,8.478908555055956,0.8300849445611368,9.560365900854224,12.450687620268088,1.0910770619791292,12.322538795340385,1.0947375654450344
276,g_s03_k04_from_d04_d15_d22_add_d05,"4,5,15,22",direct full-sequence ATE forward-greedy trial,0,0.9965095986038395,12.3069,13.4184,1.2645,17.268787005109346,16.282695782475713,34.20579931680495,0.967350148059966,7.57852532517937,0.7129787733510099,10.040219204606665,12.920043945522941,1.1317270565404742,12.312207091273958,1.1412333921407258
277,g_s03_k06_from_d04_d10_d15_d22_d25_add_d07,"4,7,10,15,22,25",direct full-sequence ATE forward-greedy trial,0,0.9965095986038395,12.3379,13.4748,1.2094,16.575653767349188,15.949299199971884,28.642292778808333,1.0042759225662006,8.46290907088294,0.7672313492001314,11.162673015669531,12.752946408232313,1.1153271428123541,12.348414314330041,1.1203782838637593
278,g_s02_k03_from_d01_d05_add_d09,"1,5,9",direct full-sequence ATE forward-greedy trial,0,0.9965095986038395,12.36,13.167200000000001,1.6046,15.563710651944055,14.63144947462252,24.917414925542616,1.1449706236736008,9.026018457492722,0.8205391321531562,9.535969684045336,12.820046654292906,1.0948076171545975,12.3662466394816,1.1010454885155707
279,swap_k06_0121_d00_d05_d06_d17_d21_d30,"0,5,6,17,21,30",one-channel swap audit around provisional greedy endpoint,0,0.9965095986038395,12.4048,12.8222,1.1938,15.550235529975955,15.094728291717754,24.32966102613968,0.8976384684439839,5.707305384354644,0.7066552262558233,9.849640934521622,12.73907910579202,1.1063636614924586,12.408116202130145,1.1141881172804162
280,r_k04_0075_d07_d10_d15_d23,"7,10,15,23",budget-matched cardinality-stratified random full-sequence control,0,0.9965095986038395,12.4056,13.247,1.2041,16.480614281042737,16.003289407042924,30.04546561869141,0.9521998378198633,5.49440227603867,0.7640214711774274,11.118374185894647,12.75455434032115,1.118071971565498,12.417621114984879,1.121229842270195
281,g_s03_k06_from_d04_d10_d15_d22_d25_add_d13,"4,10,13,15,22,25",direct full-sequence ATE forward-greedy trial,0,0.9965095986038395,12.4235,13.3713,1.3829,15.437884830525805,14.475750283669129,32.41515720600225,1.0256636563884658,10.509811102650621,0.855226642967596,11.620909321449323,12.886835743000645,1.0837655108815227,12.415944596577816,1.0870116931094012
282,r_k03_0001_d00_d03_d19,"0,3,19",budget-matched cardinality-stratified random full-sequence control,0,0.9965095986038395,12.4365,13.4,1.0394999999999999,15.319471745124616,14.392803381889365,30.498743659897514,0.8766455284604915,4.476205375759759,0.6723176959039473,9.471788993656558,12.642247065550102,1.0878894222980917,12.434407782765858,1.0961832385729997
283,swap_k06_0138_d00_d05_d06_d10_d17_d18,"0,5,6,10,17,18",one-channel swap audit around provisional greedy endpoint,0,0.9965095986038395,12.438699999999999,13.1668,1.153,15.786704576572236,15.397700230330635,25.127199472275315,0.924310082153694,5.630461124201956,0.7465850735711576,9.674330661740562,12.676842905613336,1.1059855501712543,12.45097721259012,1.1088970181518827
284,g_s02_k03_from_d01_d05_add_d28,"1,5,28",direct full-sequence ATE forward-greedy trial,0,0.9965095986038395,12.4574,13.092899999999998,1.5859999999999999,16.137325778448936,15.120958717843584,29.874338288020773,1.1556154051425782,11.605020215841757,0.7451899449558947,9.201063649563652,12.955567861991588,1.1130777742844231,12.463371228400351,1.1233723806195632
285,g_s04_k04_from_d04_d11_d23_add_d18,"4,11,18,23",direct full-sequence ATE forward-greedy trial,0,0.9965095986038395,12.4906,13.4311,1.2638,15.505657969616124,14.394145468679378,35.72846830111657,1.011790374358747,10.216178453973258,0.6950531186217163,8.738112757076829,12.751962284259424,1.0890817721231636,12.492343665386679,1.0999641437190704
286,g_s03_k05_from_d04_d15_d22_d25_add_d26,"4,15,22,25,26",direct full-sequence ATE forward-greedy trial,0,0.9965095986038395,12.5017,13.2492,1.3119,15.680547710892306,14.595740704736244,29.5570239677464,0.9805649514259626,7.72121650341145,0.7608697864633722,10.609073811586565,13.164027568802878,1.0961881111105374,12.49145675762416,1.1036202822156849
287,g_s01_k05_from_d00_d05_d18_d30_add_d12,"0,5,12,18,30",direct full-sequence ATE forward-greedy trial,0,0.9965095986038395,12.506,13.522,1.6495,15.410091895147298,14.424452418907627,26.225665588895495,1.1263979932950494,10.240313032170533,0.816773563915319,8.770441241152062,12.941343318572681,1.0864912855792566,12.501525760362222,1.093720091195951
288,swap_k06_0142_d00_d05_d06_d14_d17_d18,"0,5,6,14,17,18",one-channel swap audit around provisional greedy endpoint,0,0.9965095986038395,12.5234,13.411500000000002,1.3166,15.113440760597541,14.092151930774138,25.217460242262447,0.979280361900174,6.38874790531455,0.7484716670858967,10.127517956338139,13.38271008066156,1.069534371104665,12.503938794282051,1.078624227111896
289,g_pair_seed_sweep_d02_d04,"2,4",fallback exhaustive two-channel full-sequence seed sweep,0,0.9965095986038395,12.529699999999998,14.102799999999998,1.9254,17.569069795994025,16.507466709083975,27.74353550815948,1.3076151205429967,14.630069151006458,0.7943409706623332,7.949911799909443,14.49409973922342,1.0934892710371875,12.531739738669195,1.1211614986868867
290,swap_k06_0128_d00_d05_d06_d17_d28_d30,"0,5,6,17,28,30",one-channel swap audit around provisional greedy endpoint,0,0.9965095986038395,12.5605,13.6016,1.4243999999999999,15.661496202026063,14.884876395084593,30.182450979758112,1.0376175810220594,7.729686052465712,0.8286890560921699,10.170657969558315,13.433932133671926,1.073591424637679,12.542552395450462,1.081936117657459
291,r_k03_0061_d07_d09_d11,"7,9,11",budget-matched cardinality-stratified random full-sequence control,0,0.9965095986038395,12.562400000000002,13.525200000000002,1.5095,17.342118897891627,16.36938357953936,32.454244097845105,1.1181044376171503,10.673462106720146,0.8459110305801273,9.20833278603859,13.433986658285999,1.1195501495449385,12.556171800192603,1.1295536248950173
292,g_s03_k05_from_d04_d15_d22_d25_add_d08,"4,8,15,22,25",direct full-sequence ATE forward-greedy trial,0,0.9965095986038395,12.562899999999999,13.9507,1.1235,16.710945459031066,15.792550836028,31.9350121106415,1.0281045543012755,8.85596793202423,0.7933675202709233,10.710355510502866,12.803548865862652,1.1133245753498135,12.568769900849015,1.1208607185091972
293,g_pair_seed_sweep_d04_d18,"4,18",fallback exhaustive two-channel full-sequence seed sweep,0,0.9965095986038395,12.5633,13.5738,2.4784,16.591603277224152,15.131657909802287,33.481837102017465,1.7178792751265288,21.343013076631802,1.1167660878697199,16.26368376902336,14.202725459663512,1.0680251691485236,12.56548776379574,1.0886855697009596
294,g_s04_k06_from_d04_d11_d15_d18_d23_add_d26,"4,11,15,18,23,26",direct full-sequence ATE forward-greedy trial,0,0.9965095986038395,12.5634,13.324900000000001,1.3313,16.07891362798242,14.87503863773225,37.456011875678485,1.0549238770240597,11.22059622881516,0.7230558469449007,9.833807300854174,12.955136341817452,1.1040042531020875,12.563722971294903,1.114465438832659
295,g_s03_k04_from_d04_d15_d22_add_d27,"4,15,22,27",direct full-sequence ATE forward-greedy trial,0,0.9965095986038395,12.5645,13.750100000000002,1.3718,17.742135024106723,16.551318285797446,38.432039892375485,1.0669622423056944,9.320645460280193,0.7802174254792268,11.349557080730944,13.086027600246124,1.138118942575909,12.571377173316497,1.147558048622954
296,r_k03_0051_d05_d10_d23,"5,10,23",budget-matched cardinality-stratified random full-sequence control,0,0.9965095986038395,12.5682,13.228200000000001,1.5351,15.152871701125454,14.378028183516031,28.512182027582295,1.210575364982985,17.176624371895706,0.6539779166276731,7.011260823834559,12.673637056087006,1.0898405897848764,12.589032466071382,1.092452869605113
297,g_s02_k03_from_d01_d05_add_d19,"1,5,19",direct full-sequence ATE forward-greedy trial,0,0.9965095986038395,12.568399999999999,14.0376,1.1743999999999999,16.13801537292825,15.040210483617757,33.57883801140629,0.9601929261731053,7.805195630401399,0.7395958394193807,11.08555550531448,12.779630358545038,1.094424945167019,12.575919795316933,1.1048454197638995
298,g_s02_k03_from_d01_d05_add_d25,"1,5,25",direct full-sequence ATE forward-greedy trial,0,0.9965095986038395,12.5741,13.341700000000001,1.4134,15.632525804539362,14.759131721415821,29.504650123718363,1.0624170716171843,8.765630242654348,0.7686461972462008,9.802064111426892,13.378413619727425,1.0864215389754528,12.563767392207984,1.0971170152062264
299,swap_k06_0005_d05_d06_d07_d17_d18_d30,"5,6,7,17,18,30",one-channel swap audit around provisional greedy endpoint,0,0.9965095986038395,12.575600000000001,13.713600000000001,1.38,16.163714334489747,14.988819466751549,29.25122003430336,0.9839124426154863,6.870582625199784,0.7618059564353594,10.250450421130964,13.600942685823034,1.082881048084407,12.564460932564586,1.094186638033376
300,r_k04_0038_d03_d08_d09_d29,"3,8,9,29",budget-matched cardinality-stratified random full-sequence control,0,0.9965095986038395,12.5814,13.1393,1.5075,15.622102216680386,14.600855897311197,22.450773916537308,1.1294776689006019,10.782800007106239,0.7179024817036241,9.685394443000716,12.99965360494454,1.1026650527188069,12.568663158893298,1.1155465432292129
301,g_s04_k04_from_d04_d11_d23_add_d09,"4,9,11,23",direct full-sequence ATE forward-greedy trial,0,0.9965095986038395,12.587699999999998,13.231399999999999,1.428,15.510556444131602,14.584229494678297,26.642885530251696,1.0202695162807567,7.950131989992938,0.673871961438031,6.765904465469851,12.951042008945063,1.0943076200907202,12.587553857233502,1.1042719799218674
302,g_s02_k05_from_d01_d05_d13_d15_add_d19,"1,5,13,15,19",direct full-sequence ATE forward-greedy trial,0,0.9965095986038395,12.597900000000001,13.8407,1.2111,15.683721063398465,14.74921012566896,30.92367612007455,0.9921034933134802,10.97476034216812,0.7414230160522333,12.463559798380443,12.678361295737558,1.0902003822868263,12.60037459009024,1.098508103615467
303,g_s01_k04_from_d00_d05_d18_add_d28,"0,5,18,28",direct full-sequence ATE forward-greedy trial,0,0.9965095986038395,12.6197,13.466700000000001,1.4487999999999999,15.270516006989368,14.152407824527833,26.265978408739343,1.072660535533477,8.133061971323528,0.7428082115995094,8.921554500685385,13.359456999560473,1.0766138011788091,12.607086670594475,1.083023374448931
304,r_k04_0051_d04_d18_d19_d20,"4,18,19,20",budget-matched cardinality-stratified random full-sequence control,0,0.9965095986038395,12.629999999999999,12.9327,1.2271,15.6212663808128,15.042192799605955,23.630599502055443,0.9376432147719903,7.431973592140976,0.5720573984130449,5.137285090740443,12.441779389386005,1.1154770639809388,12.637748877631532,1.1252989891962908
305,g_s03_k03_from_d04_d22_add_d00,"0,4,22",direct full-sequence ATE forward-greedy trial,0,0.9965095986038395,12.689900000000002,13.4676,1.4425999999999999,16.376622206068884,15.304372059688026,30.36908204400493,1.0478349469981088,9.2153478336441,0.7884180266868699,11.550789029377327,13.417643817360497,1.1065203221970366,12.677839372030903,1.114482558050157
306,g_s04_k04_from_d04_d11_d23_add_d00,"0,4,11,23",direct full-sequence ATE forward-greedy trial,0,0.9965095986038395,12.693299999999999,13.638900000000001,1.166,15.428202687515451,14.525954280775341,32.24679323973061,0.924471843249121,8.208239038325479,0.69579532953867,9.504530439847203,12.72232949270079,1.0861970562963281,12.697836801632684,1.093602633490598
307,g_s01_k05_from_d00_d05_d18_d30_add_d01,"0,1,5,18,30",direct full-sequence ATE forward-greedy trial,0,0.9965095986038395,12.694600000000001,13.716999999999999,1.6218,15.492668886507632,14.849767650429424,26.192483845228736,1.1305482787247394,10.000610509398586,0.9349896908738107,12.101238418967094,12.880553935335124,1.088073674932753,12.715316945316232,1.0911265413043216
308,r_k03_0042_d04_d15_d31,"4,15,31",budget-matched cardinality-stratified random full-sequence control,0,0.9965095986038395,12.6985,14.1797,1.5722,17.1231735249469,15.978284828031693,36.66517787832132,1.1356404423073418,11.91049473885075,0.600364410108869,3.486534695716893,14.120293462785064,1.0944704172273554,12.69275757866944,1.1072292630080098
309,g_s04_k05_from_d04_d11_d15_d23_add_d13,"4,11,13,15,23",direct full-sequence ATE forward-greedy trial,0,0.9965095986038395,12.731300000000001,13.7426,1.1408,15.59034215513457,14.57421574807596,33.437692645958776,0.9362848888167445,8.710988205952699,0.7325833613937577,11.153771049590183,12.865138526086719,1.0876286861641151,12.729511735926463,1.0950902944661625
310,g_s04_k05_from_d04_d11_d15_d23_add_d14,"4,11,14,15,23",direct full-sequence ATE forward-greedy trial,0,0.9965095986038395,12.737200000000001,13.324900000000001,1.2564,15.500575902181243,14.69197478672723,24.94890543115414,0.9435871836384246,6.8363568399113745,0.5742038809624804,5.3257595006832466,12.9180895395193,1.0978778941354557,12.737432036363161,1.1079393327134264
311,swap_k06_0006_d05_d06_d08_d17_d18_d30,"5,6,8,17,18,30",one-channel swap audit around provisional greedy endpoint,0,0.9965095986038395,12.741,13.794799999999999,1.3526,15.925205425548668,15.265654687151613,27.194299038806253,1.0274252667685155,8.653941994593483,0.7962468126302653,9.936340764284068,13.614588767102715,1.076426613236842,12.724124423534736,1.089152937236142
312,g_s01_k03_from_d00_d05_add_d25,"0,5,25",direct full-sequence ATE forward-greedy trial,0,0.9965095986038395,12.7704,14.174800000000001,1.2407,15.895521308605195,14.649693880405778,33.79027410156954,0.9762181860468705,8.532346698894656,0.6818290028686942,8.438719758426185,13.045102921453235,1.0826980532139063,12.769311012472409,1.0885536010759136
313,g_s02_k06_from_d01_d05_d13_d15_d31_add_d23,"1,5,13,15,23,31",direct full-sequence ATE forward-greedy trial,0,0.9965095986038395,12.7713,13.881499999999999,1.2973999999999999,15.601883322149982,14.676416967118033,31.03467852494578,1.0212146588424538,10.345329760438165,0.7625446918336263,12.079628319600436,12.959122510029072,1.084988806053918,12.770743286219224,1.0914572713561406
314,g_s02_k05_from_d01_d05_d13_d15_add_d02,"1,2,5,13,15",direct full-sequence ATE forward-greedy trial,0,0.9965095986038395,12.7887,13.6738,1.2887,15.976981754590414,15.221269846368088,27.839017015414992,1.0108621826200002,8.591386519216357,0.8477388903715505,12.154015238443838,12.75921456507308,1.1040132102041078,12.796777535029094,1.1106626549391232
315,g_s02_k05_from_d01_d05_d13_d15_add_d11,"1,5,11,13,15",direct full-sequence ATE forward-greedy trial,0,0.9965095986038395,12.793099999999999,13.1854,1.2603,15.887372710064106,15.438623804305141,23.920622113844892,0.9747327069040579,8.74189714896969,0.739261129788305,10.803983334124672,12.870508133384828,1.11297688106154,12.795813568927377,1.1194319670525457
316,g_pair_seed_sweep_d00_d07,"0,7",fallback exhaustive two-channel full-sequence seed sweep,0,0.9965095986038395,12.801199999999998,13.7928,1.3858000000000001,17.510085524438313,16.588683915868625,32.647175967371986,1.0376583848630807,8.01411603546892,0.8119319444880323,11.582120073322988,13.412819103330973,1.1260227179197901,12.797735713141565,1.137962249272012
317,g_s02_k03_from_d01_d05_add_d02,"1,2,5",direct full-sequence ATE forward-greedy trial,0,0.9965095986038395,12.8084,13.2884,1.4987,16.124660937597284,15.43008344947226,25.214627482795848,1.1119047485951545,10.19428401872343,0.785737873409707,9.38126954810175,12.99802030931487,1.1127635728637153,12.823057886498257,1.1208965373805804
318,swap_k06_0026_d05_d06_d17_d18_d30_d31,"5,6,17,18,30,31",one-channel swap audit around provisional greedy endpoint,0,0.9965095986038395,12.8409,14.139299999999999,1.4091,16.619177945248907,15.951721253709128,31.172626960610668,1.092578278185976,11.388214066844883,0.7204947410912202,8.86006933032256,14.016371191499049,1.084411511979616,12.827140041023855,1.094535894787893
319,g_pair_seed_sweep_d05_d18,"5,18",fallback exhaustive two-channel full-sequence seed sweep,0,0.9965095986038395,12.841,14.2268,1.6105,18.397455629912468,17.09819776344111,42.82899590848969,1.1741033015694557,11.058862096070408,0.712269674656954,7.002148162378227,14.700589425663733,1.1170187932758497,12.827860654579096,1.137392917004882
320,g_s03_k03_from_d04_d22_add_d02,"2,4,22",direct full-sequence ATE forward-greedy trial,0,0.9965095986038395,12.864900000000002,13.7467,1.8665999999999998,17.446161258313523,16.703841787791582,28.23406324705927,1.4024016952934901,22.424980113888026,0.9224123577874772,11.617023194847471,13.521527810588571,1.1284258317108375,12.852730710655683,1.138952125420254
321,g_s02_k05_from_d01_d05_d13_d15_add_d28,"1,5,13,15,28",direct full-sequence ATE forward-greedy trial,0,0.9965095986038395,12.879,13.470199999999998,1.7506000000000002,15.803954245916369,15.117631238976706,23.240608633697573,1.3636994152407702,21.646385983601736,0.8175862963994144,14.307018438143844,12.7299849094441,1.1106418812513006,12.882575859553894,1.1174138569622531
322,g_s02_k03_from_d01_d05_add_d11,"1,5,11",direct full-sequence ATE forward-greedy trial,0,0.9965095986038395,12.8884,13.830400000000001,1.3243,16.846337839587772,15.98394642202987,35.4487388128317,1.0506604291805828,8.072001582175373,0.7445435662028064,9.80505410073486,13.390426713661174,1.1128179140574441,12.895293870555685,1.1228685779029302
323,g_s04_k06_from_d04_d11_d15_d18_d23_add_d22,"4,11,15,18,22,23",direct full-sequence ATE forward-greedy trial,0,0.9965095986038395,12.897300000000001,13.725100000000001,1.2772999999999999,16.934025036760193,16.07121321855956,34.348747186068366,1.0127463227980191,8.505547532433143,0.7281943354748233,9.616537865222606,13.225577736635458,1.1221634000832796,12.898763334775795,1.1287902781213186
324,r_k05_0056_d04_d09_d14_d20_d25,"4,9,14,20,25",budget-matched cardinality-stratified random full-sequence control,0,0.9965095986038395,12.8975,13.623099999999999,1.4774,15.629556003191029,14.669627191000453,27.656491267575333,1.0610199106789069,9.322755057117515,0.7805385255924272,9.834262831497472,13.480774156461292,1.081302792051044,12.893779057226476,1.0929872675139807
325,g_s02_k04_from_d01_d05_d15_add_d21,"1,5,15,21",direct full-sequence ATE forward-greedy trial,0,0.9965095986038395,12.9051,14.0406,1.0866,16.25936897051141,15.457427956348502,32.355960340662186,0.9163188800723019,8.157092152465308,0.6680857955122042,9.375513411957694,13.132209255706861,1.0978403016479434,12.9161485320912,1.1051457738863875
326,g_pair_seed_sweep_d05_d14,"5,14",fallback exhaustive two-channel full-sequence seed sweep,0,0.9965095986038395,12.9297,13.9668,1.5102,16.356100641904792,15.514552219336139,23.944042066525604,1.0365893334717873,7.254087562743276,0.6350300060589594,4.450938499946526,14.049979467837662,1.0832379618201082,12.929088419029657,1.1016149537232305
327,g_s02_k03_from_d01_d05_add_d12,"1,5,12",direct full-sequence ATE forward-greedy trial,0,0.9965095986038395,12.9311,13.624500000000001,1.4695,15.909474083416054,14.879999568162134,28.892167072362103,1.0393882997298225,9.038696867293524,0.7347320655845989,9.89964210222691,13.68963158763085,1.0892125630681377,12.920071071225292,1.1006827023569277
328,swap_k06_0123_d00_d05_d06_d17_d23_d30,"0,5,6,17,23,30",one-channel swap audit around provisional greedy endpoint,0,0.9965095986038395,12.9336,14.074100000000001,1.3242,15.911088417306821,15.049426990258672,31.69387476402454,1.0106213491522287,8.92786941802799,0.7742524862417409,9.62184818369677,13.662769964682825,1.0735225645505024,12.92261442111725,1.0833721413462367
329,g_s03_k06_from_d04_d10_d15_d22_d25_add_d09,"4,9,10,15,22,25",direct full-sequence ATE forward-greedy trial,0,0.9965095986038395,12.9388,13.3632,1.396,16.0545602040289,15.505722830910972,25.57496108893656,1.0250364164088024,9.410898400701942,0.7933644933049309,10.746626148457889,12.973010050917425,1.1109997411278676,12.954422332482373,1.1128595167632418
330,swap_k06_0156_d00_d05_d06_d17_d18_d31,"0,5,6,17,18,31",one-channel swap audit around provisional greedy endpoint,0,0.9965095986038395,12.9491,14.287600000000001,1.2859,16.073392919505245,15.094738349267336,32.29699704146229,0.9897757404203034,8.499878729349499,0.7199754980674462,10.423391134022102,13.689434204306721,1.0744499887760786,12.933604304778799,1.0806752855919595
331,g_s03_k03_from_d04_d22_add_d31,"4,22,31",direct full-sequence ATE forward-greedy trial,0,0.9965095986038395,12.9938,14.2724,1.9464,19.092498923801447,17.980460130360065,32.8226385522451,1.4345254778580068,22.20052855499041,0.8410803932819106,12.89164709634816,14.194304276721839,1.1542095922628448,12.977690470903447,1.171304991666307
332,g_pair_seed_sweep_d04_d29,"4,29",fallback exhaustive two-channel full-sequence seed sweep,0,0.9965095986038395,13.0215,14.06,2.0862,16.06456332563946,14.95694582736338,33.567453116053805,1.4652849492828404,16.561764697444872,0.9726495976481025,10.894792636958753,14.009553386223105,1.0698833571689375,13.01932626517019,1.0851264789816848
333,g_s03_k06_from_d04_d10_d15_d22_d25_add_d05,"4,5,10,15,22,25",direct full-sequence ATE forward-greedy trial,0,0.9965095986038395,13.0305,14.180000000000001,1.1758,17.208699128194425,16.59173829498314,27.93371083450416,0.9819579786157159,9.713585346624729,0.7180761034300842,9.680790831705036,13.13589298630732,1.1230380255315178,13.051733608842753,1.1270578924447343
334,g_s01_k03_from_d00_d05_add_d27,"0,5,27",direct full-sequence ATE forward-greedy trial,0,0.9965095986038395,13.0359,13.4242,1.3425,15.886345295954147,15.44144989608933,25.957839223550966,0.9761304680305424,7.590084485003333,0.7283627192667421,9.428625722596099,13.246392922909564,1.102231224608585,13.039676089991422,1.1104377774402985
335,g_s03_k05_from_d04_d15_d22_d25_add_d00,"0,4,15,22,25",direct full-sequence ATE forward-greedy trial,0,0.9965095986038395,13.0468,14.0517,1.2630000000000001,16.119183328713017,14.927570158655115,31.471886782919384,0.972867333638277,7.658575886816927,0.757554512621678,10.47859776273023,13.666049968515685,1.0892179929857004,13.033730054463334,1.0949943459009466
336,r_k04_0115_d18_d25_d26_d30,"18,25,26,30",budget-matched cardinality-stratified random full-sequence control,0,0.9965095986038395,13.0639,14.0642,1.5294999999999999,16.039066048943162,15.612346120241938,23.045959639259966,1.170154074529589,13.310183642915366,0.7831522916388606,9.424171909331056,14.048975360681624,1.0725624849339563,13.046772052880812,1.0885926587182333
337,g_s01_k05_from_d00_d05_d18_d30_add_d03,"0,3,5,18,30",direct full-sequence ATE forward-greedy trial,0,0.9965095986038395,13.0661,13.761300000000002,1.2427000000000001,16.432232915097494,15.720688197228519,23.41686160150199,0.9573625359043141,7.335746050546729,0.5779562255417441,4.994279263299115,13.156538477137971,1.1142813234093565,13.068131719234188,1.1211021094083746
338,g_pair_seed_sweep_d00_d21,"0,21",fallback exhaustive two-channel full-sequence seed sweep,0,0.9965095986038395,13.0824,14.225999999999999,1.6652,16.043142037437484,14.862583364590916,25.695335113543145,1.1369471828457485,8.125073217932218,0.8282007386488143,9.877528997111982,13.175037125517722,1.0919268772698254,13.077602697826219,1.1003691132125257
339,g_s01_k04_from_d00_d05_d18_add_d11,"0,5,11,18",direct full-sequence ATE forward-greedy trial,0,0.9965095986038395,13.086800000000002,13.4185,1.3041,16.182545787127804,15.7595148936524,23.15425428115607,0.9778870562934765,8.19706447880894,0.6887971026588582,8.63346871615446,13.104524004981366,1.1169374916287835,13.090756196890545,1.1210901044806099
340,swap_k06_0147_d00_d05_d06_d17_d18_d21,"0,5,6,17,18,21",one-channel swap audit around provisional greedy endpoint,0,0.9965095986038395,13.092899999999998,14.3123,1.1538,15.84736860267796,14.733719737060886,34.03592428622751,0.9249860173722315,6.731459293548749,0.7768103875531953,10.13639925746585,13.594930254029173,1.0714700559772163,13.083016507238723,1.0794001200352257
341,g_s02_k04_from_d01_d05_d15_add_d28,"1,5,15,28",direct full-sequence ATE forward-greedy trial,0,0.9965095986038395,13.109399999999999,14.224999999999998,1.2836,16.096275710195975,15.436091476214072,27.4981023560679,0.9792743458073054,7.978794421178245,0.6191584702720004,5.260815974184268,12.95614560048708,1.0997233774410156,13.146325902765405,1.1040361219162995
342,g_s02_k06_from_d01_d05_d13_d15_d31_add_d27,"1,5,13,15,27,31",direct full-sequence ATE forward-greedy trial,0,0.9965095986038395,13.110800000000001,13.957,1.2303,15.447079255065624,14.46353277420464,27.190721581610916,0.9546577836360608,7.34976714259062,0.7635759737331108,12.143187000964005,13.600590656058046,1.0714192567176208,13.097382034308442,1.0810659530050075
343,g_s02_k05_from_d01_d05_d13_d15_add_d04,"1,4,5,13,15",direct full-sequence ATE forward-greedy trial,0,0.9965095986038395,13.112499999999999,14.343,1.3216,15.398704459859971,14.109916115691698,29.209255067098773,1.0541205165101741,9.383071551493922,0.8036087538338638,11.791288933527332,13.320894189435665,1.0614887099390582,13.099778303524886,1.0699551434131394
344,g_s03_k03_from_d04_d22_add_d30,"4,22,30",direct full-sequence ATE forward-greedy trial,0,0.9965095986038395,13.1345,14.0182,1.8256000000000001,16.989375953211212,16.48780535517432,26.10599806836201,1.3148866093261102,17.909454869255736,0.9127801853046648,10.102022732202396,14.059631446401754,1.1042088554272307,13.121212766403104,1.1147010096257135
345,g_pair_seed_sweep_d05_d11,"5,11",fallback exhaustive two-channel full-sequence seed sweep,0,0.9965095986038395,13.143699999999999,13.997399999999999,1.4172,18.19434292296951,17.236637340677376,34.47728838093746,1.0964543070082575,14.464603961140144,0.6452536271201366,7.340045296987327,14.390709963593853,1.1308364783641627,13.143871233572115,1.1482640764093457
346,g_pair_seed_sweep_d04_d16,"4,16",fallback exhaustive two-channel full-sequence seed sweep,0,0.9965095986038395,13.1572,13.766200000000001,1.4995,16.963170508645497,15.848713347751389,30.25181704409804,1.1166593204207025,10.018449971552887,0.7246029704690555,7.44686034323156,12.37711644837304,1.1399423964108653,13.177261535094953,1.1515789600666209
347,g_s01_k04_from_d00_d05_d18_add_d21,"0,5,18,21",direct full-sequence ATE forward-greedy trial,0,0.9965095986038395,13.158,14.2407,1.1996,16.360477487100795,15.43499059283437,33.46848537351102,0.9558316787539052,8.989677894561991,0.665980690728051,8.946978276526586,13.499076189420812,1.0925606725988504,13.159687872334159,1.1015420816271069
348,g_s01_k03_from_d00_d05_add_d26,"0,5,26",direct full-sequence ATE forward-greedy trial,0,0.9965095986038395,13.161200000000001,14.288300000000001,1.2227,16.203810957370145,15.180621924427776,32.69265555518897,0.9890036822395494,7.342033118656442,0.7216221352557225,9.315101713812643,13.652165447082284,1.0852577793110292,13.154059175876837,1.0938332365109003
349,r_k05_0063_d05_d09_d11_d30_d31,"5,9,11,30,31",budget-matched cardinality-stratified random full-sequence control,0,0.9965095986038395,13.161700000000002,13.828399999999998,1.7066999999999999,16.161727547476655,15.472321299283188,27.474913627966913,1.2797105107511364,15.24696318717197,0.8379091429052431,9.718852354084113,12.871582288458242,1.1095108077607412,13.188544674471887,1.110128441788491
350,g_pair_seed_sweep_d04_d11,"4,11",fallback exhaustive two-channel full-sequence seed sweep,0,0.9965095986038395,13.165,13.8981,1.4644000000000001,15.784151697426774,15.124341505108706,25.82464880959424,1.1618275028829421,16.90052352702215,0.7433189765597259,9.093786022858652,12.909123045187767,1.1001714481625897,13.180859676109606,1.1078464015300586
351,g_s01_k03_from_d00_d05_add_d04,"0,4,5",direct full-sequence ATE forward-greedy trial,0,0.9965095986038395,13.1728,14.111899999999999,1.2408000000000001,16.193624177003272,15.512123916467555,30.452536069812865,0.9535291338390329,6.727218204465944,0.7167515311262815,8.955446523676518,13.323788010793319,1.09363966755874,13.183578170185598,1.1022874810698327
352,r_k04_0066_d06_d08_d15_d20,"6,8,15,20",budget-matched cardinality-stratified random full-sequence control,0,0.9965095986038395,13.1881,13.9297,1.6059,14.85832347533319,14.060565781627465,24.706122712701287,1.2625924133984012,12.12853058520513,0.9798556678369511,11.125363751224743,13.333209755469383,1.0591386446122009,13.167475466283744,1.0617149933945433
353,r_k05_0049_d03_d14_d15_d26_d28,"3,14,15,26,28",budget-matched cardinality-stratified random full-sequence control,0,0.9965095986038395,13.189,14.187800000000001,1.4677,16.206143132392835,15.708306115414558,24.033086740206482,1.0953583618518583,10.680118406228333,0.7439148533806174,7.843536846044333,14.427475611716345,1.0760573354584175,13.169988963403345,1.0890802938366657
354,r_k04_0077_d07_d15_d26_d29,"7,15,26,29",budget-matched cardinality-stratified random full-sequence control,0,0.9965095986038395,13.194700000000001,13.837399999999999,1.3884,16.58579790454287,15.695926116231593,27.604070033915672,1.0510753117761258,9.32895960414546,0.7918166894837938,10.807261758892222,13.654462118468603,1.1086297143616124,13.184049908892714,1.116316196621982
355,g_s02_k04_from_d01_d05_d15_add_d23,"1,5,15,23",direct full-sequence ATE forward-greedy trial,0,0.9965095986038395,13.1989,14.019799999999998,1.5372999999999999,15.826103957387069,14.864554540425218,31.587861561786667,1.2445206538402376,19.862142013237687,0.6693840656166081,9.04313010542131,13.418405351070342,1.088656319239654,13.195457427777205,1.0963125183383244
356,g_s03_k04_from_d04_d15_d22_add_d20,"4,15,20,22",direct full-sequence ATE forward-greedy trial,0,0.9965095986038395,13.2003,14.091000000000001,1.6164999999999998,17.193456654002876,16.379883247273064,28.625682965659692,1.1927410040712907,17.931740510408606,0.8262001000405048,10.852173489753982,13.849859917289612,1.1165657182923083,13.187866386695177,1.1274518670090259
357,r_k04_0050_d04_d17_d22_d31,"4,17,22,31",budget-matched cardinality-stratified random full-sequence control,0,0.9965095986038395,13.2025,13.913800000000002,1.4121,17.53257563389359,16.699588863726802,29.8120178267402,1.069292698258826,11.05497334143766,0.8185011544056129,11.13284638204935,13.628278774629198,1.1309371755550803,13.203771920366925,1.1418364607404743
358,swap_k06_0132_d00_d02_d05_d06_d17_d18,"0,2,5,6,17,18",one-channel swap audit around provisional greedy endpoint,0,0.9965095986038395,13.2079,14.3126,1.336,16.22342467081208,15.080269231382601,34.473306398163956,0.9983638371208409,8.73930138763048,0.8097771407025984,10.55191533900373,13.936081422878654,1.0762495768919114,13.189693759102116,1.0837823858525717
359,g_s04_k03_from_d11_d23_add_d15,"11,15,23",direct full-sequence ATE forward-greedy trial,0,0.9965095986038395,13.2237,14.0403,1.2578,16.258936737285868,15.437415082235473,35.47798726445714,0.9871113357833425,9.253085491086116,0.7563140357802067,9.606147567235356,13.510395757362655,1.0964672854986661,13.225061104756989,1.1016148994320172
360,g_s04_k04_from_d04_d11_d23_add_d26,"4,11,23,26",direct full-sequence ATE forward-greedy trial,0,0.9965095986038395,13.232,14.266100000000002,1.2151,16.444415710253185,15.40670645625844,35.09508789837827,0.9622657764027842,7.3606891616907895,0.6615290094270525,8.20477933051388,13.643115292581687,1.093262452742706,13.229952967993826,1.1070752619000792
361,g_s02_k06_from_d01_d05_d13_d15_d31_add_d00,"0,1,5,13,15,31",direct full-sequence ATE forward-greedy trial,0,0.9965095986038395,13.2351,13.578000000000001,1.771,15.22285156439522,14.544838120058998,23.18409346737724,1.0271775361427269,8.047914949039994,0.7775039456176197,10.961174733840709,13.066028684448483,1.0907179247136825,13.252060619384629,1.0951532974718288
362,g_s02_k03_from_d01_d05_add_d27,"1,5,27",direct full-sequence ATE forward-greedy trial,0,0.9965095986038395,13.237599999999999,13.8531,1.3789,15.556886577775733,14.759652769908312,31.704084599743947,1.066079079106258,10.183456162726964,0.7754873846266316,9.815840138960983,13.204700466175881,1.084145422745277,13.248845560063696,1.0925243890119896
363,g_s04_k03_from_d11_d23_add_d05,"5,11,23",direct full-sequence ATE forward-greedy trial,0,0.9965095986038395,13.2546,14.340900000000001,1.5171999999999999,17.221245309865008,16.282368022082128,36.83032942532838,1.1092793600039002,11.978297853632709,0.561991218180956,3.1564032773146247,14.341955168028516,1.0998687171005719,13.248554809553351,1.1163769505708818
364,g_s02_k03_from_d01_d05_add_d10,"1,5,10",direct full-sequence ATE forward-greedy trial,0,0.9965095986038395,13.2548,14.3233,1.5786000000000002,15.837140723437686,15.067726178354793,30.107721802645337,1.1929283593903173,14.53929908241031,0.806722715123421,9.039122864316623,12.891530458567837,1.0925382412332474,13.295038903420132,1.0931497092866322
365,g_s04_k03_from_d11_d23_add_d26,"11,23,26",direct full-sequence ATE forward-greedy trial,0,0.9965095986038395,13.273399999999999,14.3045,1.2787,16.772635700019585,15.954893638162499,32.93742219025035,1.016648416988585,9.648400301372442,0.7719968078954411,9.333312333392925,14.133845397525821,1.090586242879998,13.260139419853326,1.1038208381427363
366,g_s02_k03_from_d01_d05_add_d23,"1,5,23",direct full-sequence ATE forward-greedy trial,0,0.9965095986038395,13.2744,14.376800000000001,1.4102999999999999,15.978336744035794,14.812580344942614,31.878390577847384,1.0843785035126405,11.829039275044975,0.644991763291827,7.732912957690262,13.882099199700132,1.0715561595110663,13.259770952060556,1.0826313019647167
367,g_s04_k06_from_d04_d11_d15_d18_d23_add_d25,"4,11,15,18,23,25",direct full-sequence ATE forward-greedy trial,0,0.9965095986038395,13.2792,14.4367,1.1682,16.33963848786483,15.296820561040732,34.76632066333703,0.9423788472616409,8.090582242133102,0.6966178593475557,9.471465343990216,13.546462596315909,1.089061759334808,13.280866708930267,1.0974455109421009
368,g_pair_seed_sweep_d15_d19,"15,19",fallback exhaustive two-channel full-sequence seed sweep,0,0.9965095986038395,13.3076,13.617299999999998,1.383,16.173069147824354,15.506222797459795,24.844892611401423,0.9566015378645361,8.674489116821189,0.7157081488902339,9.940636753631535,12.99897699365515,1.1158221776946344,13.319252642109692,1.1242480592323782
369,r_k04_0102_d12_d15_d17_d28,"12,15,17,28",budget-matched cardinality-stratified random full-sequence control,0,0.9965095986038395,13.309099999999999,13.850399999999999,1.7904,15.79040672611603,14.900394732784813,24.727591873352445,1.2895011381946324,20.874826876187285,0.812744630288267,9.71915473699631,12.97970632628708,1.1016936986559736,13.319100041546525,1.1112150378132477
370,r_k05_0010_d00_d06_d08_d21_d30,"0,6,8,21,30",budget-matched cardinality-stratified random full-sequence control,0,0.9965095986038395,13.3161,13.976700000000001,1.4741,16.024168485139736,15.566537947400203,22.152182560793708,1.130204616093582,10.834755845220041,0.7907204856602039,10.23320651466887,13.749569142373307,1.0929828106389257,13.302093163531136,1.101338125144675
371,swap_k06_0151_d00_d05_d06_d17_d18_d25,"0,5,6,17,18,25",one-channel swap audit around provisional greedy endpoint,0,0.9965095986038395,13.3436,14.5206,1.2577,16.11961450734804,14.965297201859476,34.344493276779936,0.9645109802773855,6.473375994801328,0.8034018335946619,10.171356998057135,13.82968095383044,1.073427063402614,13.328006536527262,1.0794600454905234
372,g_s01_k05_from_d00_d05_d18_d30_add_d09,"0,5,9,18,30",direct full-sequence ATE forward-greedy trial,0,0.9965095986038395,13.363700000000001,14.224800000000002,1.7549,16.34380494472091,15.55922788712846,25.025549712280565,1.1878846611803404,12.124918890156627,0.9633565369394376,13.52219728826292,13.715530949847668,1.0891296057800377,13.372003047516701,1.0950411337919899
373,g_s01_k03_from_d00_d05_add_d23,"0,5,23",direct full-sequence ATE forward-greedy trial,0,0.9965095986038395,13.3663,14.788599999999999,1.2126,16.019631264585747,14.727054185155126,34.5947949528152,0.9764511893818759,7.372114980642927,0.6954738128371373,9.066080026982798,13.600212217875965,1.0703100003560735,13.359923297082535,1.077487449880352
374,g_s04_k06_from_d04_d11_d15_d18_d23_add_d27,"4,11,15,18,23,27",direct full-sequence ATE forward-greedy trial,0,0.9965095986038395,13.367399999999998,14.1911,1.3332,16.38045868489058,15.56719107095745,33.01199942172473,1.0650428907154705,14.583601148732964,0.6596818284015427,9.568472501959683,13.408700550718386,1.0996822745114014,13.37281663393105,1.1097578252822184
375,g_s04_k04_from_d04_d11_d23_add_d17,"4,11,17,23",direct full-sequence ATE forward-greedy trial,0,0.9965095986038395,13.3966,14.2539,1.1927,15.932446086998505,15.026065003635624,32.06716626117348,0.9362980561928028,7.623539479483636,0.7199712630471007,9.896129769349917,13.322638373619691,1.0879294252871363,13.405360827660836,1.0980888734078154
376,g_pair_seed_sweep_d23_d29,"23,29",fallback exhaustive two-channel full-sequence seed sweep,0,0.9965095986038395,13.403300000000002,13.9068,1.9248,15.425190859977123,15.005104053098403,27.819190383957082,1.518263455430669,19.356149663210157,0.9058947622340559,9.88497919525601,13.439020013114577,1.0814827624761991,13.39599019363449,1.082834523590985
377,g_s03_k05_from_d04_d15_d22_d25_add_d11,"4,11,15,22,25",direct full-sequence ATE forward-greedy trial,0,0.9965095986038395,13.4515,14.876900000000001,1.2024,17.61109033562102,16.531977984625506,38.32877101830846,0.9696775468722817,9.818946034731905,0.7312192819068077,10.192376899817624,13.768594086726008,1.1126428914989488,13.45932331226668,1.1185678314692105
378,g_pair_seed_sweep_d07_d15,"7,15",fallback exhaustive two-channel full-sequence seed sweep,0,0.9965095986038395,13.453899999999999,14.344000000000001,1.6684,18.574977714125936,17.858421151016188,30.804627825172066,1.2630531377691816,15.4132547255781,0.9487806240606013,16.894176893508245,14.362317798672134,1.137697251485383,13.443850313033675,1.148680398290746
379,swap_k06_0119_d00_d05_d06_d17_d19_d30,"0,5,6,17,19,30",one-channel swap audit around provisional greedy endpoint,0,0.9965095986038395,13.4609,14.642199999999999,1.3472,16.166781159644668,15.151477924072193,31.671579739408628,0.9987757188380507,8.757969707677479,0.803139380710778,10.387573833454734,14.109442742325006,1.0673064912646628,13.44615865249951,1.076682841027428
380,g_s01_k04_from_d00_d05_d18_add_d19,"0,5,18,19",direct full-sequence ATE forward-greedy trial,0,0.9965095986038395,13.478000000000002,14.5403,1.2297,16.505929117382834,15.6791119516005,32.10549279758452,0.9368205709530274,6.516152897695601,0.7296659387550204,10.000683948915569,13.58800338011319,1.092624392672295,13.481302873831243,1.1003622827124195
381,r_k05_0052_d04_d05_d17_d26_d29,"4,5,17,26,29",budget-matched cardinality-stratified random full-sequence control,0,0.9965095986038395,13.484599999999999,14.01,1.2716999999999998,16.154718115672402,15.533070646378844,28.28187073423655,0.9651916521047296,7.631733880643971,0.724937043172047,10.270609080241336,13.471033131232044,1.1017202890862394,13.491069251722967,1.1125154574717186
382,g_pair_seed_sweep_d02_d23,"2,23",fallback exhaustive two-channel full-sequence seed sweep,0,0.9965095986038395,13.4933,15.061,2.1117,16.142213054496583,14.807639359445341,34.132361504403555,1.6836910777737628,25.31015441166739,0.9839162005945447,9.753430211365828,13.767971593739519,1.063205633563822,13.46671532130011,1.065333574678592
383,g_pair_seed_sweep_d08_d21,"8,21",fallback exhaustive two-channel full-sequence seed sweep,0,0.9965095986038395,13.4979,13.9991,1.5249000000000001,16.161527135053596,15.355224427139172,28.455657088465824,1.2062838130227742,11.647426573796865,0.873619208809955,12.548572141871746,13.848046973389943,1.095753116269407,13.482380147244633,1.1099239698700036
384,g_s02_k06_from_d01_d05_d13_d15_d31_add_d28,"1,5,13,15,28,31",direct full-sequence ATE forward-greedy trial,0,0.9965095986038395,13.4997,14.6041,1.1822,16.91259591771338,16.240794956183283,27.059136708034774,1.0049299121673607,7.369295086802458,0.7843144502083549,12.269681093919013,13.340876795940435,1.1124812283732144,13.514903572672146,1.1171757058063214
385,r_k05_0035_d02_d06_d07_d10_d12,"2,6,7,10,12",budget-matched cardinality-stratified random full-sequence control,0,0.9965095986038395,13.5129,14.437800000000001,1.383,17.345690747746662,16.404548084804063,27.779121614122097,0.972903134740586,7.768736382864781,0.7499046821661216,10.271744162570998,14.29252935135931,1.113579528575046,13.504566686779315,1.1209439696269976
386,g_s03_k03_from_d04_d22_add_d24,"4,22,24",direct full-sequence ATE forward-greedy trial,0,0.9965095986038395,13.525300000000001,14.4172,1.3689,18.023601454325338,17.210597864353744,31.80356933647628,1.0413708474582295,11.798561132340469,0.7363133686420223,11.835574959322706,14.013117018804163,1.1339431147499608,13.521884937510317,1.1452286911669278
387,g_s04_k04_from_d04_d11_d23_add_d22,"4,11,22,23",direct full-sequence ATE forward-greedy trial,0,0.9965095986038395,13.533700000000001,14.1592,1.2003,16.657310161604702,15.764474975081901,31.093333240187537,0.9445737118296228,7.116573010125707,0.7273266014312088,10.479675846030908,13.609464408516356,1.110844696441759,13.535072150249109,1.1188128057132185
388,g_s01_k06_from_d00_d05_d06_d18_d30_add_d23,"0,5,6,18,23,30",direct full-sequence ATE forward-greedy trial,0,0.9965095986038395,13.539599999999998,14.684,1.2771,16.63998616361668,15.664733976694126,33.598591244014806,0.9725920115861211,5.942320649268903,0.7493643998828677,9.361904913766079,14.292613968406531,1.0817108409212173,13.528792040674908,1.0911147198835458
389,g_s04_k05_from_d04_d11_d15_d23_add_d21,"4,11,15,21,23",direct full-sequence ATE forward-greedy trial,0,0.9965095986038395,13.547799999999999,14.172100000000002,1.1965,16.141427175638178,15.289607817384343,29.004096909715884,0.92540394707999,6.526746226293002,0.5790283564975769,5.110827916561398,13.710116944100736,1.0958727057410853,13.54600952944349,1.1056323056711148
390,g_s02_k03_from_d01_d05_add_d31,"1,5,31",direct full-sequence ATE forward-greedy trial,0,0.9965095986038395,13.548499999999999,14.231,1.7808000000000002,17.38048431116851,16.574880602564495,26.815376919679913,1.3256992798954315,19.218203835781146,0.7934245100139127,9.640152381786406,13.87191717891464,1.1256098725038068,13.55428830187778,1.1345345140622924
391,r_k05_0058_d04_d17_d24_d27_d30,"4,17,24,27,30",budget-matched cardinality-stratified random full-sequence control,0,0.9965095986038395,13.5486,14.6257,1.2397,17.111513364873694,16.44977380641865,31.295948362323777,0.9996345636124242,11.681627087309366,0.6903034825047794,10.708243879002401,14.063655297880869,1.1011937670808218,13.551060129179968,1.112989843369365
392,r_k04_0010_d00_d12_d15_d28,"0,12,15,28",budget-matched cardinality-stratified random full-sequence control,0,0.9965095986038395,13.550699999999999,13.972100000000001,1.6743999999999999,16.11968094776329,15.139442629675305,25.419881487843476,1.1360429310747113,14.951200352012881,0.6999799490993182,9.083539918092447,12.994396147701238,1.113121370560312,13.566565149445431,1.1157353506432393
393,swap_k06_0009_d05_d06_d11_d17_d18_d30,"5,6,11,17,18,30",one-channel swap audit around provisional greedy endpoint,0,0.9965095986038395,13.605400000000001,14.305200000000001,1.3278,17.105067033953738,16.483124330022843,30.461038156369963,1.0205643771860184,7.632386206829491,0.8108935458810058,9.754325667035605,14.394955962253398,1.102602267086344,13.600521813936437,1.1136392868514047
394,g_pair_seed_sweep_d07_d09,"7,9",fallback exhaustive two-channel full-sequence seed sweep,0,0.9965095986038395,13.6092,14.8214,1.6773,18.908661088585347,17.7221919344648,37.39122431394249,1.2610002974655747,12.633702127859681,0.8735963868952913,12.413072467847933,14.289679402780509,1.1351876147065962,13.609391873461526,1.1498496468396042
395,g_s02_k05_from_d01_d05_d13_d15_add_d22,"1,5,13,15,22",direct full-sequence ATE forward-greedy trial,0,0.9965095986038395,13.617199999999999,14.1817,1.4341,16.734495783285436,15.76134782045627,26.977100830858802,1.0849353440355396,10.168118338028965,0.7934940030091748,11.9611064642977,14.076173449906845,1.1066050437220545,13.601360745510297,1.1153495657072994
396,g_s01_k06_from_d00_d05_d06_d18_d30_add_d07,"0,5,6,7,18,30",direct full-sequence ATE forward-greedy trial,0,0.9965095986038395,13.617799999999999,15.0822,1.3014,17.348421212581357,16.270144338065062,34.48230527611144,0.9860987294002859,7.7482367661294695,0.7726829071621022,10.033168739469925,14.59597908421259,1.0837439355874454,13.602590061367273,1.093478138327217
397,g_s03_k06_from_d04_d10_d15_d22_d25_add_d08,"4,8,10,15,22,25",direct full-sequence ATE forward-greedy trial,0,0.9965095986038395,13.6267,14.879999999999999,1.185,17.166642512775535,16.572903592386957,27.751233315714906,0.9743566048820141,11.816649531205842,0.7453535534822103,10.823838404740556,13.705829842303496,1.1070322065688523,13.638859274806656,1.1113710220393904
398,r_k06_0040_d02_d05_d17_d18_d19_d25,"2,5,17,18,19,25",budget-matched cardinality-stratified random full-sequence control,0,0.9965095986038395,13.6386,14.7429,1.121,16.87751475130397,16.218571547895348,27.635004667823914,0.9418564461992718,7.300796288916994,0.7251360240689088,10.268881222860923,13.523336935671773,1.1054806244203628,13.654197879350672,1.1127126534395375
399,g_s02_k06_from_d01_d05_d13_d15_d31_add_d08,"1,5,8,13,15,31",direct full-sequence ATE forward-greedy trial,0,0.9965095986038395,13.6631,14.2955,1.439,15.947161491826092,15.10653561764062,26.715161893002126,1.1068612449538924,11.710362139262731,0.8843791181719273,13.694010564639134,13.777744723039277,1.0849536849902344,13.646015877550566,1.0939980159706513
400,g_s02_k06_from_d01_d05_d13_d15_d31_add_d02,"1,2,5,13,15,31",direct full-sequence ATE forward-greedy trial,0,0.9965095986038395,13.6719,14.675699999999999,1.2241,16.280975821063613,15.333220587240412,30.20857294934945,0.970238419694883,7.601820841687343,0.8397132730874525,12.550243940504485,13.828549010491558,1.084910696958288,13.66865831962032,1.0896651818301057
401,r_k06_0009_d00_d08_d09_d19_d26_d31,"0,8,9,19,26,31",budget-matched cardinality-stratified random full-sequence control,0,0.9965095986038395,13.672500000000001,14.507200000000001,1.5343,15.985763331661119,14.757755208213796,28.804998564623833,1.1399037814275002,11.579051346414195,0.9027503924303732,11.890409599666041,13.99642900583662,1.068773948271832,13.654714652141674,1.0779090975397536
402,r_k05_0001_d00_d01_d07_d09_d11,"0,1,7,9,11",budget-matched cardinality-stratified random full-sequence control,0,0.9965095986038395,13.6764,15.054200000000002,1.2635,17.720249285694816,16.629192071362347,35.78973402275038,1.00367862502186,6.867986376194624,0.8299527891116487,10.495621220137831,14.073789277599346,1.104955642048214,13.67790885896186,1.1129384067510577
403,g_pair_seed_sweep_d01_d21,"1,21",fallback exhaustive two-channel full-sequence seed sweep,0,0.9965095986038395,13.6898,14.7406,2.2839,16.408520689248515,14.94227470422535,29.385814758061212,1.4123121742156957,22.87130878366984,0.7828369436463835,10.544768880982897,13.208381994178492,1.0999187444668672,13.69708977443348,1.1125016798169318
404,r_k04_0028_d02_d04_d23_d29,"2,4,23,29",budget-matched cardinality-stratified random full-sequence control,0,0.9965095986038395,13.7223,14.627299999999998,1.384,16.728307311000528,15.37641040193081,41.6572106858701,1.0584380833669702,6.678474594956874,0.765374075284355,10.621216852372761,13.943920921671618,1.0948067861398612,13.730196570765543,1.1038342090822229
405,r_k05_0022_d01_d04_d08_d14_d16,"1,4,8,14,16",budget-matched cardinality-stratified random full-sequence control,0,0.9965095986038395,13.733899999999998,14.304400000000001,1.2521,16.036568421375293,15.307742298579555,25.255619042458388,0.9661375489445638,7.335618117070185,0.7845594549285175,11.320603304544681,13.293367185338889,1.0989743624383341,13.74655576653129,1.1092344440622772
406,g_s02_k04_from_d01_d05_d15_add_d00,"0,1,5,15",direct full-sequence ATE forward-greedy trial,0,0.9965095986038395,13.7517,15.0678,1.5632,16.47622013976124,15.157443615384203,31.160689122345865,1.1181099488797372,9.196966543223708,0.762259711156338,8.990730173795829,14.225443883590597,1.0738201187285834,13.74675162881242,1.0774543395926028
407,g_s01_k04_from_d00_d05_d18_add_d22,"0,5,18,22",direct full-sequence ATE forward-greedy trial,0,0.9965095986038395,13.751900000000001,14.6592,1.4904000000000002,17.558936256615123,16.474966676907222,32.52692522360597,1.102951308575576,9.544495029859501,0.8370394245316398,10.652312365401034,14.378314026769406,1.1133963640003208,13.73483614528283,1.1206233187412245
408,swap_k06_0064_d00_d05_d14_d17_d18_d30,"0,5,14,17,18,30",one-channel swap audit around provisional greedy endpoint,0,0.9965095986038395,13.7568,14.250399999999999,1.5980999999999999,16.033238884306478,15.59800145650655,25.342400087429333,1.0923477691268964,8.148210910558621,0.8737876437208203,9.412271609564819,13.973194865713962,1.0848404061284869,13.769880813940667,1.0920312964528918
409,r_k03_0030_d03_d08_d16,"3,8,16",budget-matched cardinality-stratified random full-sequence control,0,0.9965095986038395,13.763,14.513599999999999,1.4853,17.234977902702973,16.36081269242936,26.887717457843298,1.1173306797145388,12.214297761642733,0.7526224239826574,10.911940257573946,14.33140062441995,1.111597577239782,13.741694262952311,1.1273438419268358
410,r_k03_0046_d04_d25_d26,"4,25,26",budget-matched cardinality-stratified random full-sequence control,0,0.9965095986038395,13.791800000000002,14.3668,1.3580999999999999,16.108181078864416,15.157090262242567,30.001788049583062,1.0119421486472453,7.455243338709577,0.7645025726958855,9.622722968697012,14.158143944544177,1.0839902202681024,13.78386979751379,1.0952690901375057
411,r_k03_0049_d05_d09_d20,"5,9,20",budget-matched cardinality-stratified random full-sequence control,0,0.9965095986038395,13.802900000000001,15.1587,1.7196,17.90328759522291,16.50228316043998,39.125472376912995,1.169708928044675,12.887160658971016,0.8787135647455604,11.426031483227321,15.394609026551084,1.0782355161705912,13.786238986974073,1.0953676414613795
412,r_k05_0055_d04_d08_d10_d29_d30,"4,8,10,29,30",budget-matched cardinality-stratified random full-sequence control,0,0.9965095986038395,13.803199999999999,14.3345,1.3958,15.81321938198644,15.224865284042435,28.35025211096459,1.0403205757247933,8.421640916253729,0.7685960736955757,10.521685012847062,13.178534042594062,1.0969023192766543,13.827601942881188,1.0999133527260458
413,swap_k06_0011_d05_d06_d13_d17_d18_d30,"5,6,13,17,18,30",one-channel swap audit around provisional greedy endpoint,0,0.9965095986038395,13.8287,15.139,1.4253,17.20759659934857,16.270185726702167,34.189463981527624,1.101103407879598,9.041808307619021,0.9377166306832941,10.325663635882787,14.328593015024707,1.0821965294439053,13.821262518354677,1.0937129075371288
414,g_s04_k04_from_d04_d11_d23_add_d28,"4,11,23,28",direct full-sequence ATE forward-greedy trial,0,0.9965095986038395,13.831399999999999,14.438899999999999,1.2596,16.330337934556578,15.253853454093047,35.50695719461993,0.9883092400074277,9.193880479529819,0.6872629137800276,8.73087621475472,13.867834009870394,1.0924427936598926,13.828690659177676,1.1030179540178593
415,r_k03_0067_d08_d12_d30,"8,12,30",budget-matched cardinality-stratified random full-sequence control,0,0.9965095986038395,13.8479,14.4759,1.4542,16.160343354482336,15.568505087527814,25.589098122615933,1.0483602362756375,9.884314202384548,0.7234238695154995,7.0912159489736375,14.106776261000476,1.0871885366569234,13.840659097499886,1.0976063855701184
416,g_pair_seed_sweep_d12_d28,"12,28",fallback exhaustive two-channel full-sequence seed sweep,0,0.9965095986038395,13.875100000000002,14.974599999999999,1.9289,17.542925085836526,16.224319505931952,29.04904806295983,1.3674897256542535,20.90906669315494,0.7739372628622366,10.783549179711788,14.109916123399154,1.1201930872033388,13.870327494297403,1.13208715855419
417,g_s02_k06_from_d01_d05_d13_d15_d31_add_d20,"1,5,13,15,20,31",direct full-sequence ATE forward-greedy trial,0,0.9965095986038395,13.8767,14.6679,1.3521999999999998,16.326173658263823,15.311008099403386,32.40894119145451,1.0808079187823596,11.558930941626807,0.8454530672334069,13.409709694322737,14.15055556619377,1.0839093909836144,13.863503624229256,1.09121549065893
418,g_s01_k05_from_d00_d05_d18_d30_add_d07,"0,5,7,18,30",direct full-sequence ATE forward-greedy trial,0,0.9965095986038395,13.880899999999999,15.1736,1.4344000000000001,17.43926430939856,16.22528654902493,31.574467833421327,1.0491129622642263,9.301352703689473,0.7530467721524682,9.735956981253556,14.847155171151877,1.0830288199499996,13.864883419404695,1.0962474789333991
419,g_s03_k04_from_d04_d15_d22_add_d12,"4,12,15,22",direct full-sequence ATE forward-greedy trial,0,0.9965095986038395,13.886899999999999,15.0362,1.2957,17.201244191686914,16.198755362898872,32.381790546027574,0.9618620779078494,5.9167635994593,0.7448295395284258,10.41910453250067,14.581040705909928,1.0932605480689817,13.873888012826058,1.1019265158150668
420,g_s03_k04_from_d04_d15_d22_add_d08,"4,8,15,22",direct full-sequence ATE forward-greedy trial,0,0.9965095986038395,13.889000000000001,14.5876,1.4661,18.191983566095928,17.373978039841226,27.977582831110276,1.1090211148173523,10.906034403575926,0.8439705066999038,11.33619927396895,14.09719039391502,1.139251046529421,13.886187486642054,1.149754152502903
421,r_k04_0056_d05_d11_d20_d29,"5,11,20,29",budget-matched cardinality-stratified random full-sequence control,0,0.9965095986038395,13.900199999999998,14.582600000000001,1.536,17.51001018578739,16.61311553906583,35.78668883675038,1.107870996422447,8.931101267016182,0.7284224016368421,9.766808989492226,14.495282101872,1.1113962664121932,13.89984930603316,1.1228135613564418
422,r_k06_0078_d05_d10_d19_d23_d24_d31,"5,10,19,23,24,31",budget-matched cardinality-stratified random full-sequence control,0,0.9965095986038395,13.9073,15.0821,1.1233,17.579688731566037,16.726708221528142,33.68159978175662,0.926736975109346,9.365550154149654,0.6801214282180815,10.85962907029853,14.417515855496893,1.1053478834434873,13.907808952439488,1.1152191852588074
423,g_pair_seed_sweep_d12_d21,"12,21",fallback exhaustive two-channel full-sequence seed sweep,0,0.9965095986038395,13.9152,14.455599999999999,2.0116,15.600837871566654,14.770168843670877,23.73146703996081,1.5682810564501368,28.794567487990992,0.7810021416546455,10.508742243897853,13.727987809198606,1.0760795650785155,13.92509916531956,1.0819858945448624
424,r_k03_0029_d03_d08_d15,"3,8,15",budget-matched cardinality-stratified random full-sequence control,0,0.9965095986038395,13.930100000000001,15.0349,1.4342000000000001,17.05017626852127,16.235704376436473,27.9749603003694,1.1091774079380379,13.008711822157295,0.6761653141213794,8.035658851920898,14.662513435183147,1.090356633355027,13.905264302370668,1.1049809716248737
425,g_s03_k05_from_d04_d15_d22_d25_add_d05,"4,5,15,22,25",direct full-sequence ATE forward-greedy trial,0,0.9965095986038395,13.9632,15.5107,1.1528,18.15162859297778,17.02882215719886,37.56002787407248,0.9251419507022397,7.8475473656514705,0.6892328942884859,10.171787121903543,14.393909658474493,1.1120440758437717,13.968106473253828,1.1205883175382318
426,g_s02_k04_from_d01_d05_d15_add_d26,"1,5,15,26",direct full-sequence ATE forward-greedy trial,0,0.9965095986038395,13.980400000000001,14.8395,1.6815,17.687033317655782,16.6287201996126,28.163149732607035,1.2629089883238285,20.356692943556148,0.7083865085473785,9.659823518485974,13.363633011587995,1.1354184894937922,14.00299231604089,1.142851645869612
427,g_pair_seed_sweep_d00_d03,"0,3",fallback exhaustive two-channel full-sequence seed sweep,0,0.9965095986038395,13.9824,14.459900000000001,1.5206000000000002,15.700276626450844,15.349934935534618,22.85248394892067,1.1106899716195637,11.63844003749545,0.7585636425894009,7.276569751796014,14.136137757266434,1.0723079290398951,14.002755677196019,1.0740005897156801
428,g_s02_k06_from_d01_d05_d13_d15_d31_add_d17,"1,5,13,15,17,31",direct full-sequence ATE forward-greedy trial,0,0.9965095986038395,13.9949,15.161900000000001,1.5030999999999999,16.73550723061837,15.774058909843092,35.54551499297833,1.2583251555435788,13.853044778051688,0.9884146482804507,16.57608264096276,14.009075861027782,1.0816783831897145,13.989728769852327,1.088774489429294
429,g_s03_k04_from_d04_d15_d22_add_d09,"4,9,15,22",direct full-sequence ATE forward-greedy trial,0,0.9965095986038395,13.9985,14.6816,1.5541,17.160630951178373,16.53521535345858,27.852261693631302,1.1282049361442223,12.754720756151961,0.857348730074238,11.292002920216275,13.739798965266298,1.1171893175221916,14.021149632345796,1.1194151178031788
430,g_s03_k06_from_d04_d10_d15_d22_d25_add_d24,"4,10,15,22,24,25",direct full-sequence ATE forward-greedy trial,0,0.9965095986038395,14.014899999999999,15.336,1.2497,18.012647167530737,17.160151872054993,34.90646643722648,1.0065653855499288,12.528120878742868,0.7163682023738304,11.358609207355245,14.542778999276951,1.1102371821320631,14.01446264607821,1.1187556256232163
431,r_k06_0037_d02_d03_d04_d13_d21_d22,"2,3,4,13,21,22",budget-matched cardinality-stratified random full-sequence control,0,0.9965095986038395,14.0373,15.2255,1.1278,17.386976198705888,16.54471006095343,32.83718645677067,0.9732113452680133,8.429354676894944,0.7263643576459804,11.063913235060763,14.51458998567438,1.0979380349544727,14.034496778531308,1.1096355085770866
432,g_s04_k06_from_d04_d11_d15_d18_d23_add_d16,"4,11,15,16,18,23",direct full-sequence ATE forward-greedy trial,0,0.9965095986038395,14.038300000000001,14.8448,1.1689,16.884717691656757,16.244823202321687,30.39581303353513,0.942823782580659,9.207242010088672,0.73009990142181,10.088116188009554,13.90465168163515,1.1032943914078897,14.045207002240955,1.1109542725627048
433,r_k06_0006_d00_d03_d05_d10_d15_d31,"0,3,5,10,15,31",budget-matched cardinality-stratified random full-sequence control,0,0.9965095986038395,14.041999999999998,14.8224,1.4167,17.935429054058925,17.092381031822814,32.92881268274834,1.1261871429709223,16.48659451553219,0.628656075275697,8.307119547084245,14.575487077336874,1.1213598369157138,14.0392418232123,1.1319400564619566
434,r_k03_0098_d13_d21_d28,"13,21,28",budget-matched cardinality-stratified random full-sequence control,0,0.9965095986038395,14.0426,14.7145,1.4059,16.49884385908336,15.686165291729875,30.08531646315054,1.0975235848356766,11.647628278213281,0.8546708315704334,11.418627282111675,14.237558319028922,1.0884840543208762,14.028619047472002,1.0986463528863915
435,r_k06_0043_d02_d07_d09_d18_d23_d27,"2,7,9,18,23,27",budget-matched cardinality-stratified random full-sequence control,0,0.9965095986038395,14.046,14.7477,1.5633000000000001,17.248673354001202,16.12262444286413,29.53724818652443,1.0929738951851875,8.06739568706298,0.9019533174501444,10.143041631488474,14.667381796933299,1.0969266010946699,14.035300088676053,1.1103799917026476
436,g_s04_k06_from_d04_d11_d15_d18_d23_add_d13,"4,11,13,15,18,23",direct full-sequence ATE forward-greedy trial,0,0.9965095986038395,14.050299999999998,15.040700000000001,1.2553999999999998,17.12554726102145,16.003458684974177,40.02013228822904,0.9957539423287436,8.235773508736239,0.7341598176532701,10.751789924479938,14.228085317419708,1.095545408179869,14.04806666902185,1.1023824467490406
437,swap_k06_0069_d00_d05_d17_d18_d21_d30,"0,5,17,18,21,30",one-channel swap audit around provisional greedy endpoint,0,0.9965095986038395,14.0618,14.672699999999999,1.2279,16.46522405703962,16.060435691026083,26.076268905619905,0.9371872444527097,5.593099231715374,0.7133882274778653,9.180485778739563,14.020661121955047,1.0936125748081367,14.0737900359434,1.1003009183573056
438,g_s03_k04_from_d04_d15_d22_add_d11,"4,11,15,22",direct full-sequence ATE forward-greedy trial,0,0.9965095986038395,14.0686,14.680000000000001,1.5004,18.066166660600867,17.40937085030764,30.015790133665583,1.1372489472339133,15.740100103211418,0.7867905020006292,10.369398317367134,14.171112944222317,1.1352348070440366,14.074851432164365,1.1387935215616134
439,g_s03_k05_from_d04_d15_d22_d25_add_d28,"4,15,22,25,28",direct full-sequence ATE forward-greedy trial,0,0.9965095986038395,14.0906,15.2207,1.1682,17.964751555631196,17.328461112356756,31.095433763043072,1.0644136188536761,9.690199089390799,0.8073961030844322,10.849483603274058,14.44169175907653,1.1161569273719352,14.097473871100346,1.1230111254966781
440,g_s03_k06_from_d04_d10_d15_d22_d25_add_d19,"4,10,15,19,22,25",direct full-sequence ATE forward-greedy trial,0,0.9965095986038395,14.107,15.5867,1.1043,17.909202340129614,17.128865368197907,33.383125050133565,0.9012883362048214,7.009818901968065,0.7223360343416866,10.592512074740252,14.250341508031456,1.107575129209067,14.12252616693404,1.1129414344708275
441,g_s04_k05_from_d04_d11_d15_d23_add_d22,"4,11,15,22,23",direct full-sequence ATE forward-greedy trial,0,0.9965095986038395,14.1072,14.971200000000001,1.1797,17.576496551303126,16.8421288722383,31.423747711103623,0.9315289567122066,7.788582074499032,0.7239364738374416,10.31532408302643,14.135710617896649,1.1181512921738574,14.11584888740714,1.1241778056289011
442,r_k05_0064_d05_d09_d17_d22_d26,"5,9,17,22,26",budget-matched cardinality-stratified random full-sequence control,0,0.9965095986038395,14.116100000000001,14.933399999999999,1.4848999999999999,17.50308260354063,16.421470944160664,34.12211030505725,1.0757551035050696,10.488197269609424,0.8487256056647862,10.883494996085812,14.692343272861741,1.1025562949002565,14.102610518055103,1.1121411456730501
443,swap_k06_0053_d00_d01_d05_d17_d18_d30,"0,1,5,17,18,30",one-channel swap audit around provisional greedy endpoint,0,0.9965095986038395,14.1173,15.170300000000001,1.4949999999999999,16.51567696405311,15.810415758358737,28.012786386676186,1.0721200214273328,8.925836511784881,0.8845467594149851,10.587225998071055,14.042967552374447,1.0855384104350587,14.138448830968867,1.0885430721987612
444,g_s01_k06_from_d00_d05_d06_d18_d30_add_d27,"0,5,6,18,27,30",direct full-sequence ATE forward-greedy trial,0,0.9965095986038395,14.141100000000002,15.6405,1.3112000000000001,17.62644888432923,16.454733776542135,37.38050678361765,0.9983060528353811,6.676134559025941,0.8294736210449493,9.621354595340357,14.975597952299255,1.0789029941434527,14.132029636975258,1.0883112924749778
445,g_pair_seed_sweep_d03_d17,"3,17",fallback exhaustive two-channel full-sequence seed sweep,0,0.9965095986038395,14.1485,14.794199999999998,1.4276,17.22944924328257,16.470746690892092,27.627280428737812,1.010602281352517,9.320963288233838,0.6087397206148478,3.8208235182230297,14.448423017865004,1.1059516935231608,14.160532250270306,1.122300279998353
446,g_s01_k03_from_d00_d05_add_d11,"0,5,11",direct full-sequence ATE forward-greedy trial,0,0.9965095986038395,14.183599999999998,14.9231,1.1956,17.13405283835901,16.49968459316706,32.91566386815401,0.9458941176402782,6.826791422605593,0.7089447507818077,8.118724951201033,14.296902313627122,1.1032909991481101,14.187444811286335,1.1088228972458443
447,g_s02_k06_from_d01_d05_d13_d15_d31_add_d14,"1,5,13,14,15,31",direct full-sequence ATE forward-greedy trial,0,0.9965095986038395,14.193,14.9255,1.6482,16.213142481583766,15.147968311011489,25.289538055079237,1.2972986788258671,22.71905587527386,0.7170510856015785,11.20033771375279,14.4704594574587,1.0746734688653932,14.179420119601872,1.0835465881970656
448,g_s04_k06_from_d04_d11_d15_d18_d23_add_d19,"4,11,15,18,19,23",direct full-sequence ATE forward-greedy trial,0,0.9965095986038395,14.199,15.346099999999998,1.064,16.9184271938422,15.962332733133467,35.137846261401066,0.8807085265893544,6.810475668006798,0.6855228372466855,10.099171847147062,14.111081371497031,1.0891984070402951,14.204712382337744,1.0971291619058454
449,g_s04_k04_from_d04_d11_d23_add_d12,"4,11,12,23",direct full-sequence ATE forward-greedy trial,0,0.9965095986038395,14.211699999999999,14.906600000000001,1.415,16.332683821829317,15.530793840726314,32.20356965823786,1.1330892642447195,16.325098369771705,0.65118837502453,8.655659232695465,14.143194569006297,1.085236028292028,14.207982753939092,1.095132606085396
450,g_s03_k03_from_d04_d22_add_d11,"4,11,22",direct full-sequence ATE forward-greedy trial,0,0.9965095986038395,14.215300000000001,15.045900000000001,1.2679,17.991165264295667,17.199979724005534,31.79412062401863,0.9601935445451382,8.008728239147374,0.7307514485599318,10.308891217560264,14.305049395804698,1.1267001498893365,14.223742876552393,1.135637207735479
451,g_s01_k04_from_d00_d05_d18_add_d20,"0,5,18,20",direct full-sequence ATE forward-greedy trial,0,0.9965095986038395,14.2202,15.3588,1.3104,17.19514974189962,15.920871976615574,36.94503129088205,1.0175898647876271,7.112480393537379,0.7518745369288388,9.280312425282515,14.757658682732345,1.0831626130457093,14.206760221991582,1.0928090898312652
452,swap_k06_0118_d00_d05_d06_d16_d17_d30,"0,5,6,16,17,30",one-channel swap audit around provisional greedy endpoint,0,0.9965095986038395,14.2366,15.354400000000002,1.3697000000000001,16.939768270713742,15.992336872093269,29.835969247310977,1.004625285187367,7.109546419835187,0.7741789089373653,10.427895022491404,14.98159034416254,1.0649774848568752,14.212831540501899,1.075882657053388
453,g_s02_k04_from_d01_d05_d15_add_d08,"1,5,8,15",direct full-sequence ATE forward-greedy trial,0,0.9965095986038395,14.261099999999999,14.728,1.6092,16.62910818949958,15.672272411985883,25.210172368738693,1.234272411833133,19.066431728293786,0.7741462903236891,11.62679534346385,14.381722302794783,1.0968841840572023,14.245790756326127,1.1084950893257757
454,r_k06_0010_d00_d10_d12_d15_d18_d31,"0,10,12,15,18,31",budget-matched cardinality-stratified random full-sequence control,0,0.9965095986038395,14.261199999999999,14.918600000000001,1.6756,16.41100864041897,15.726024438388212,25.979624603127586,1.1454173609737606,11.747856569366492,0.7541333288950814,7.822372491745001,14.303143009094049,1.0885594960571985,14.276917221020872,1.0864863143312045
455,g_s03_k03_from_d04_d22_add_d17,"4,17,22",direct full-sequence ATE forward-greedy trial,0,0.9965095986038395,14.2629,14.7766,1.4523,17.887936030720493,17.27061681048519,27.53258394713584,1.107899534548344,10.10628660784058,0.8084414717691102,11.714080063905158,14.23826154002305,1.130690400715074,14.274081579561454,1.1390624925725348
456,g_s03_k03_from_d04_d22_add_d01,"1,4,22",direct full-sequence ATE forward-greedy trial,0,0.9965095986038395,14.289399999999999,14.8648,1.444,18.242711764379592,17.348666035106305,29.90471538851987,1.1251075486297093,13.604413747071032,0.8259489824132312,12.40462183081408,14.521422439628578,1.1338359856955311,14.288500579110256,1.1448539955726882
457,r_k05_0023_d01_d04_d17_d19_d20,"1,4,17,19,20",budget-matched cardinality-stratified random full-sequence control,0,0.9965095986038395,14.291400000000001,15.0864,1.3973,16.538665572673366,15.85697493889088,29.63395972479354,1.1082418374798686,16.514582930631676,0.7281192357949625,11.707037240870699,13.996592238730166,1.0898378259275416,14.29899193416399,1.0972360407889785
458,g_pair_seed_sweep_d04_d23,"4,23",fallback exhaustive two-channel full-sequence seed sweep,0,0.9965095986038395,14.291400000000001,15.2609,1.9935999999999998,16.634148739594192,15.204802959645692,27.95218356056604,1.4792590038675326,23.94266843399131,0.8645850278950669,12.613730048071593,13.83838199158337,1.091143780623437,14.315442351040009,1.1052774212514243
459,g_pair_seed_sweep_d15_d27,"15,27",fallback exhaustive two-channel full-sequence seed sweep,0,0.9965095986038395,14.3106,15.925600000000001,1.3154000000000001,16.945198944448435,15.650235130084237,35.32441110801593,1.1164892549817984,8.34104184539676,0.7813285850869582,9.383878926720657,14.297930376703421,1.0605748641940431,14.334991624077906,1.0633090106158944
460,g_s04_k05_from_d04_d11_d15_d23_add_d07,"4,7,11,15,23",direct full-sequence ATE forward-greedy trial,0,0.9965095986038395,14.325099999999999,15.732299999999999,1.1547,17.68982666230879,16.48215221890082,37.25749946187171,0.9176652545153828,7.1861493310345494,0.7200197701612884,10.351206071472875,14.628040131221146,1.0935399719359782,14.324517909315512,1.1042199499316308
461,g_s04_k05_from_d04_d11_d15_d23_add_d09,"4,9,11,15,23",direct full-sequence ATE forward-greedy trial,0,0.9965095986038395,14.3586,14.8983,1.4437,16.98896143357477,16.23299207634193,26.152097702726497,1.0110111816277358,8.70527359184755,0.6448700049458599,7.030684133952047,14.228757680185012,1.1063964955484649,14.362931561068597,1.1137888582293978
462,swap_k06_0144_d00_d05_d06_d16_d17_d18,"0,5,6,16,17,18",one-channel swap audit around provisional greedy endpoint,0,0.9965095986038395,14.371900000000002,15.443200000000001,1.3597,17.275818749865042,16.316870868526063,34.48342276588794,1.0612854650080072,9.929661262276184,0.8832095808447551,10.75306969720395,14.728742803697026,1.0861159123531303,14.354383711750984,1.0957618193187852
463,g_s03_k05_from_d04_d15_d22_d25_add_d20,"4,15,20,22,25",direct full-sequence ATE forward-greedy trial,0,0.9965095986038395,14.374600000000001,15.5335,1.1426,17.88168105057814,16.93415843781588,35.13125289319124,0.9025494085882078,6.328527938862127,0.7216290103485861,10.552404589365796,14.733860895183378,1.1049945362130553,14.3754255807733,1.1136088338841854
464,g_s04_k03_from_d11_d23_add_d14,"11,14,23",direct full-sequence ATE forward-greedy trial,0,0.9965095986038395,14.3844,15.8635,1.3203,16.87037818086811,15.381163509063539,38.32213313485811,1.0737856212740102,8.828016910196808,0.6889884175705878,7.577006848853953,14.62168016179158,1.0623551936960733,14.38390675941394,1.075641561381432
465,g_s04_k03_from_d11_d23_add_d02,"2,11,23",direct full-sequence ATE forward-greedy trial,0,0.9965095986038395,14.392199999999999,15.3141,1.4518,17.38003457421001,16.377215694827076,37.17298887674764,1.1352730108764686,12.225363270752561,0.8718805599802423,9.88862590138969,14.782803793900579,1.0950684953308756,14.382764360421408,1.1030680314381527
466,g_s03_k03_from_d04_d22_add_d14,"4,14,22",direct full-sequence ATE forward-greedy trial,0,0.9965095986038395,14.396700000000001,15.5383,1.4116,17.621366458922548,16.81875918356655,31.09954619391769,1.075517333882589,11.262530212919279,0.7970620711086868,11.732277151694563,15.396679413359488,1.0842463150277435,14.372841188945634,1.0975822183089843
467,g_pair_seed_sweep_d04_d25,"4,25",fallback exhaustive two-channel full-sequence seed sweep,0,0.9965095986038395,14.4135,14.8979,1.7309999999999999,16.417256990406198,15.633135534628902,26.060079932137885,1.276864691927107,14.560433486550592,0.8655103359185581,11.454022308221228,14.067392980230444,1.092442648456182,14.426004057308232,1.101974097805374
468,g_s02_k03_from_d01_d05_add_d06,"1,5,6",direct full-sequence ATE forward-greedy trial,0,0.9965095986038395,14.429900000000002,15.1978,1.2281,17.45883068852443,16.419386654907846,35.07602401267035,0.9563714345107874,7.139979121799407,0.7306720987037091,10.201260422798665,14.872941181830043,1.1019379312401627,14.422295938506968,1.1098657369454985
469,r_k06_0068_d04_d05_d06_d13_d15_d23,"4,5,6,13,15,23",budget-matched cardinality-stratified random full-sequence control,0,0.9965095986038395,14.4835,16.011,1.0619,17.523678565557823,16.347090980934897,36.329281391804145,0.8955003051807492,6.975142770647326,0.7076130874138151,10.874044028890227,14.642811777667985,1.0869328100105922,14.483868216460626,1.0948154691030667
470,r_k05_0075_d07_d08_d09_d15_d27,"7,8,9,15,27",budget-matched cardinality-stratified random full-sequence control,0,0.9965095986038395,14.4902,16.425600000000003,1.3056999999999999,18.528185210053604,17.198669216953082,37.84221365105866,1.0215274291948477,11.179294118911342,0.870534459515304,10.770764182855402,14.829716951168631,1.094999857965853,14.490366399314627,1.1044176035551485
471,g_s02_k03_from_d01_d05_add_d08,"1,5,8",direct full-sequence ATE forward-greedy trial,0,0.9965095986038395,14.5094,15.3217,1.4096,17.344945010678046,16.62672787460167,28.37604899208036,1.0841796147565943,11.272868570504862,0.7818984564177935,11.086808838343341,14.5288503027001,1.1024931775314486,14.50860108675372,1.116435632426465
472,g_s02_k06_from_d01_d05_d13_d15_d31_add_d03,"1,3,5,13,15,31",direct full-sequence ATE forward-greedy trial,0,0.9965095986038395,14.5362,15.476,1.2096,17.568498366164363,16.634206065684143,32.78840953145139,0.9993655260825147,12.618554003573523,0.6709858010678302,10.5771897194402,14.790370015532094,1.101629404228374,14.530587486554142,1.112079562843514
473,r_k04_0022_d01_d06_d21_d29,"1,6,21,29",budget-matched cardinality-stratified random full-sequence control,0,0.9965095986038395,14.537700000000001,15.2051,1.5310000000000001,16.941458975306052,16.304381762420874,28.915303271614786,1.1505473918051308,9.866418591618,0.8585924301631669,10.693408601460803,15.083386030222032,1.0800017651873302,14.526210345090886,1.091755891463251
474,g_s04_k05_from_d04_d11_d15_d23_add_d25,"4,11,15,23,25",direct full-sequence ATE forward-greedy trial,0,0.9965095986038395,14.538699999999999,15.970699999999999,1.1711,17.667591373832963,16.498175295595043,37.9044804847048,0.9546795195262892,10.303578854614212,0.6861722056130969,9.490767175649239,14.648446870485854,1.089458571978113,14.543182084208375,1.0979935623006738
475,g_pair_seed_sweep_d05_d08,"5,8",fallback exhaustive two-channel full-sequence seed sweep,0,0.9965095986038395,14.5458,14.952399999999999,1.5299,18.072670718650812,17.28248219284138,27.4637795445391,1.1524802384335575,10.843267928961334,0.835823053112119,10.764151883456156,14.68955847355377,1.1308741851394724,14.544712058528745,1.1460694260768913
476,g_s03_k06_from_d04_d10_d15_d22_d25_add_d16,"4,10,15,16,22,25",direct full-sequence ATE forward-greedy trial,0,0.9965095986038395,14.578199999999999,15.232999999999999,1.3259999999999998,17.49416180682944,17.043670462251768,27.870540525538694,1.0591903328813215,12.09626051334447,0.8043189583494258,11.479687424242105,14.51194207206299,1.1112013665557159,14.592186749021494,1.1132239809640088
477,r_k03_0027_d03_d05_d09,"3,5,9",budget-matched cardinality-stratified random full-sequence control,0,0.9965095986038395,14.618400000000001,15.6106,1.1908999999999998,18.338062978641524,17.529542103003497,33.98922588578379,0.9570760736357943,7.002984480145323,0.6047599724579592,4.905624662302718,15.503251669428453,1.1022430045536082,14.620991454486546,1.1188584089704032
478,g_s01_k03_from_d00_d05_add_d20,"0,5,20",direct full-sequence ATE forward-greedy trial,0,0.9965095986038395,14.632600000000002,15.9186,1.3251000000000002,17.716903507501513,16.53394872228787,37.40225906283309,1.0444188582755314,9.3417789161304,0.6966285534330858,8.937197742619816,14.947152960855256,1.090248304632142,14.62795137229665,1.0993278630671148
479,g_s03_k03_from_d04_d22_add_d18,"4,18,22",direct full-sequence ATE forward-greedy trial,0,0.9965095986038395,14.633799999999999,15.557099999999998,1.6226999999999998,18.511200784512543,17.41284948886227,38.25269363738034,1.2138343375864662,12.942083718661307,0.8501847615066122,11.134339664589888,15.22247393478694,1.1178177711991575,14.618393708977493,1.1288606275943955
480,g_pair_seed_sweep_d03_d21,"3,21",fallback exhaustive two-channel full-sequence seed sweep,0,0.9965095986038395,14.654300000000001,15.404100000000001,1.3917000000000002,17.872895445559852,16.875321166578505,27.353127826495193,0.9987328350417176,5.666422880898697,0.7443182881150989,8.365144685477947,14.98765451647085,1.1075996520681242,14.664405983213166,1.1208175518124497
481,r_k05_0068_d05_d14_d21_d27_d28,"5,14,21,27,28",budget-matched cardinality-stratified random full-sequence control,0,0.9965095986038395,14.657300000000001,15.599499999999999,1.3580999999999999,17.488748246560867,16.48942137574586,35.588418971423906,1.098657700768705,13.561735308637704,0.6472854346247133,9.126653973892815,15.375100312052634,1.0801698369265058,14.65137568579503,1.0971401126373816
482,g_s04_k05_from_d04_d11_d15_d23_add_d27,"4,11,15,23,27",direct full-sequence ATE forward-greedy trial,0,0.9965095986038395,14.663699999999999,15.1454,1.3227,16.988725759248265,16.2760378619606,31.227148188872555,1.038251793310835,13.125751017493123,0.6825382500403396,9.933200135445261,14.507726398603621,1.098779492457541,14.666826186658371,1.1079060603496347
483,g_s02_k04_from_d01_d05_d15_add_d03,"1,3,5,15",direct full-sequence ATE forward-greedy trial,0,0.9965095986038395,14.663799999999998,16.0384,1.3576,18.78541427609735,17.882297811474267,33.69264654813474,1.093156543202542,16.290595029603892,0.5069431984828856,2.029839172478546,15.843903805981963,1.1032224639142183,14.647397031343734,1.1213020993651939
484,r_k06_0052_d03_d04_d06_d10_d15_d27,"3,4,6,10,15,27",budget-matched cardinality-stratified random full-sequence control,0,0.9965095986038395,14.6968,16.4577,1.1026,18.648325879595887,17.385422899537524,39.835557906593884,0.9190467887373682,5.505785711981441,0.6887485961930544,9.534995830291464,15.15246972735854,1.103653429739696,14.703945032218687,1.1157019553655245
485,g_s04_k05_from_d04_d11_d15_d23_add_d19,"4,11,15,19,23",direct full-sequence ATE forward-greedy trial,0,0.9965095986038395,14.7,15.7947,1.3858000000000001,17.18950755075918,16.211003576714095,37.00840850742384,1.1281101052728473,17.65415180933615,0.6694202860747124,10.490461730108379,14.509033814032335,1.0877293473009304,14.703158603312938,1.0953342399818258
486,g_s03_k06_from_d04_d10_d15_d22_d25_add_d11,"4,10,11,15,22,25",direct full-sequence ATE forward-greedy trial,0,0.9965095986038395,14.7007,15.741900000000001,1.2489999999999999,18.06858293371378,17.51669801247823,30.55832833492082,0.9888926139389336,10.709580427722425,0.7679971534619925,10.073125083527794,14.892291510187562,1.1076063799479559,14.713653248824087,1.1106399424357027
487,r_k04_0046_d04_d08_d09_d29,"4,8,9,29",budget-matched cardinality-stratified random full-sequence control,0,0.9965095986038395,14.7155,15.687899999999999,1.4223,17.198470609858457,16.369435079792012,28.096291366603936,1.060558960846588,9.446254298042698,0.821074436047097,11.7445592278365,14.226337532328989,1.099488217213212,14.735851789222624,1.1040280629226498
488,g_s04_k04_from_d04_d11_d23_add_d13,"4,11,13,23",direct full-sequence ATE forward-greedy trial,0,0.9965095986038395,14.7279,15.9878,1.2701,17.189922817256505,15.989799661025025,36.96912965867303,1.0255820205642276,9.350797077305014,0.7750611719566425,11.989564439675126,14.817608705035418,1.0746723543885617,14.720721355122745,1.0847938411771498
489,r_k03_0006_d01_d04_d26,"1,4,26",budget-matched cardinality-stratified random full-sequence control,0,0.9965095986038395,14.733199999999998,15.187700000000001,1.4419,16.757259990188818,15.830121574552466,30.721325475534062,1.0811095954596244,9.311531764310859,0.7915934346831681,10.162043732219722,14.81618420057382,1.0856085728037639,14.727389001204848,1.097610060168402
490,r_k05_0039_d02_d11_d14_d15_d31,"2,11,14,15,31",budget-matched cardinality-stratified random full-sequence control,0,0.9965095986038395,14.7369,15.9473,1.1723000000000001,17.368479715270336,16.17754956522358,37.194517898783914,0.9292593467490032,4.8639221278353935,0.7473597487695699,9.738664579945153,15.070680480892259,1.0693673261194154,14.744378206552527,1.0771455599847908
491,r_k06_0072_d04_d12_d17_d19_d23_d28,"4,12,17,19,23,28",budget-matched cardinality-stratified random full-sequence control,0,0.9965095986038395,14.754700000000001,15.879399999999999,1.4832,16.806213987757218,15.696190206266689,33.924908981193674,1.0990673249040697,12.128617421382055,0.7472121421966826,11.140755101601437,15.170553193892978,1.0584234414698872,14.739698955439156,1.0697845730944353
492,g_s03_k03_from_d04_d22_add_d25,"4,22,25",direct full-sequence ATE forward-greedy trial,0,0.9965095986038395,14.7859,16.193099999999998,1.4238,17.982934306894453,17.09881154386404,32.501115943579194,1.1760234640321858,13.755542357877705,0.8076308898569269,11.418361025945067,15.453810721113067,1.082578410564419,14.763198811984585,1.0941307565787077
493,g_s03_k05_from_d04_d15_d22_d25_add_d21,"4,15,21,22,25",direct full-sequence ATE forward-greedy trial,0,0.9965095986038395,14.835899999999999,16.3299,1.1785,18.43689782233662,17.326938847271784,37.813237366565104,0.9550904919131523,9.335060822407858,0.7068890781188331,10.704452186444941,15.169015031335537,1.1005130200953472,14.836841155374387,1.1103211638986379
494,g_pair_seed_sweep_d04_d08,"4,8",fallback exhaustive two-channel full-sequence seed sweep,0,0.9965095986038395,14.8523,15.6447,1.367,17.93613700828028,16.978749607778184,36.73666615187402,1.0425733342836292,8.677058502498669,0.7964981394757447,10.449833054405548,14.839846093237345,1.1070236479219777,14.85350527891395,1.1194543040361282
495,r_k04_0017_d01_d03_d13_d17,"1,3,13,17",budget-matched cardinality-stratified random full-sequence control,0,0.9965095986038395,14.8554,15.542300000000001,1.3512,17.073914083468654,16.12854231980104,31.484458466856108,1.025473104144288,7.680354119490386,0.854189829622444,10.667330659868957,14.900325484535012,1.0849555917295808,14.846991498415948,1.0979898892825188
496,r_k04_0076_d07_d12_d17_d30,"7,12,17,30",budget-matched cardinality-stratified random full-sequence control,0,0.9965095986038395,14.865900000000002,15.601899999999999,1.6281,17.42515836227686,17.047013914768577,26.560877480096572,1.2012207871053782,15.733467312091173,0.8747004928583978,11.682563542155508,14.767395729295933,1.0986232184980715,14.87794971898701,1.105883114854733
497,g_s03_k03_from_d04_d22_add_d27,"4,22,27",direct full-sequence ATE forward-greedy trial,0,0.9965095986038395,14.8829,15.7364,1.4989000000000001,18.55890617534326,17.828623525427854,33.678086484138525,1.1174926959373304,12.051744985312975,0.7854298199324621,11.868966156188904,15.559223368134154,1.1132642573192213,14.8733796011146,1.1276031532210808
498,r_k04_0005_d00_d03_d14_d25,"0,3,14,25",budget-matched cardinality-stratified random full-sequence control,0,0.9965095986038395,14.896400000000002,15.738,1.2585000000000002,17.076899392617438,16.18230364909272,31.349548154182166,1.0042576549741045,9.678491510799706,0.7007723510777923,8.274946324379572,15.33683044295845,1.0746982754401266,14.882507812178844,1.0842781504325776
499,g_s02_k06_from_d01_d05_d13_d15_d31_add_d06,"1,5,6,13,15,31",direct full-sequence ATE forward-greedy trial,0,0.9965095986038395,14.9064,16.264799999999997,1.2582,17.591131708546445,16.508407579448708,35.0015541926169,1.0172220319852427,9.099088159274107,0.8378902487950185,12.080593773225424,15.239083444399594,1.073978513916866,14.889412151478746,1.0809601478737147
500,g_s04_k03_from_d11_d23_add_d07,"7,11,23",direct full-sequence ATE forward-greedy trial,0,0.9965095986038395,14.9074,16.4733,1.3344,18.62574700045534,17.366479952408067,40.68948724773362,1.0613935515959798,10.287746855601076,0.7596372273139386,10.69249381744825,15.63270025703543,1.0890071059108317,14.903873745262361,1.1045173332598257
501,g_s02_k06_from_d01_d05_d13_d15_d31_add_d11,"1,5,11,13,15,31",direct full-sequence ATE forward-greedy trial,0,0.9965095986038395,14.911299999999999,15.867700000000001,1.2914999999999999,18.015134353928797,17.155982205959365,33.61427231276141,1.010269672865508,9.34825304777772,0.8190970132241809,12.430255202551221,15.11882217566726,1.1039222591032753,14.90770634081182,1.11205104542381
502,r_k03_0044_d04_d18_d20,"4,18,20",budget-matched cardinality-stratified random full-sequence control,0,0.9965095986038395,14.9267,16.0505,1.3871,17.896190597099014,16.672885661610533,37.734870855553524,1.0816049177233005,6.961487622691117,0.779517359455529,9.131672777020672,15.391961011050249,1.0872050497078356,14.928731460337923,1.1029915563687818
503,g_s04_k03_from_d11_d23_add_d28,"11,23,28",direct full-sequence ATE forward-greedy trial,0,0.9965095986038395,14.9318,15.8629,1.3416000000000001,17.40161975618278,16.248247196540348,39.18884282230773,1.1494544189730787,11.78487667318043,0.8185355805425463,9.464718303180607,15.145755604676864,1.0818349097523952,14.924271131743064,1.0909195534272846
504,g_pair_seed_sweep_d27_d31,"27,31",fallback exhaustive two-channel full-sequence seed sweep,0,0.9965095986038395,14.934600000000001,16.6694,2.0136000000000003,19.079805074796578,18.075476881278984,34.523717825553376,1.5100022394234878,17.27824684883673,0.9756400017461795,10.728013679443592,16.244686630885468,1.075175809576155,14.928664231045977,1.0922590352983685
505,g_s01_k03_from_d00_d05_add_d14,"0,5,14",direct full-sequence ATE forward-greedy trial,0,0.9965095986038395,14.935699999999999,15.939800000000002,1.5867,16.915299727879823,15.709169486156856,31.819726740424514,1.2141795752304805,10.163563779162988,0.8059082604149348,9.05973836805752,15.657554418116765,1.046048598516545,14.91773869020754,1.0547305624101166
506,g_pair_seed_sweep_d04_d10,"4,10",fallback exhaustive two-channel full-sequence seed sweep,0,0.9965095986038395,14.9367,16.4923,3.8811,21.151930713884745,18.684930588550486,60.65254412290329,2.9667603124138635,57.30548644159023,2.165884710313638,47.6687526955225,17.74665149776979,1.0484916809053655,14.961363043038837,1.0843005796596477
507,g_s02_k05_from_d01_d05_d13_d15_add_d10,"1,5,10,13,15",direct full-sequence ATE forward-greedy trial,0,0.9965095986038395,14.941099999999999,16.4135,1.2547000000000001,17.38066271645969,16.336167711171974,30.779352531704763,1.0543731132945966,8.3785370187846,0.850283058606107,12.351542741869427,14.182151728681152,1.0885570346433426,14.976746313044442,1.0891430491923482
508,g_pair_seed_sweep_d04_d26,"4,26",fallback exhaustive two-channel full-sequence seed sweep,0,0.9965095986038395,14.941099999999999,15.435599999999999,1.6517,17.63305846531669,16.452342440963285,33.981585127597576,1.1911013479045722,12.221674608808403,0.7854121156464519,9.713849123762568,15.08863584896693,1.104190295942591,14.944184441638104,1.1221478930073494
509,g_s03_k06_from_d04_d10_d15_d22_d25_add_d23,"4,10,15,22,23,25",direct full-sequence ATE forward-greedy trial,0,0.9965095986038395,14.943999999999999,15.5855,1.4187,16.976301579397063,16.41206711258782,27.281207084883086,1.1284808136467726,11.81327599717998,0.8103249853822324,10.365796319883303,14.762360211789588,1.0855246128759404,14.958905672120038,1.0857845575167857
510,g_s02_k06_from_d01_d05_d13_d15_d31_add_d21,"1,5,13,15,21,31",direct full-sequence ATE forward-greedy trial,0,0.9965095986038395,14.9911,15.790399999999998,1.5865,17.744474537130962,16.94106374791162,33.948096833142934,1.2788462205173785,21.82779415135539,0.6987782983481073,11.379115646193343,14.889286157598141,1.1058252824012333,14.990924023162458,1.1127903887419672
511,g_pair_seed_sweep_d03_d25,"3,25",fallback exhaustive two-channel full-sequence seed sweep,0,0.9965095986038395,15.0005,16.0097,1.577,18.089284190026717,16.972847387577012,28.652208752772033,1.0411493786681965,8.073152795078228,0.7252399279324846,8.37064751547201,15.183033123001033,1.1040442896112121,14.996756883677936,1.1167841480233576
512,g_s03_k05_from_d04_d15_d22_d25_add_d07,"4,7,15,22,25",direct full-sequence ATE forward-greedy trial,0,0.9965095986038395,15.003,16.614,1.1513,19.051741354565042,17.83873775962725,38.3761082241406,0.9462900133391938,9.297540574701559,0.7226663276949914,10.875484667756874,15.353069013540352,1.1115300834007378,15.006484951655844,1.1210242033189661
513,g_s03_k03_from_d04_d22_add_d05,"4,5,22",direct full-sequence ATE forward-greedy trial,0,0.9965095986038395,15.0084,16.3649,1.2352,19.223146806252526,18.18322155686846,37.42140295144224,0.9445705855925434,6.357357153359786,0.7162302775488083,10.074051386607255,15.216040895372467,1.127114504820858,15.019460267700538,1.1371924063942367
514,r_k06_0057_d03_d05_d09_d13_d17_d21,"3,5,9,13,17,21",budget-matched cardinality-stratified random full-sequence control,0,0.9965095986038395,15.016099999999998,16.3005,1.0996000000000001,17.69915480846476,16.691518723094575,35.381606288629676,0.9246959901003589,6.969768432322426,0.7044297503620374,10.855995515087683,15.211986703732222,1.0812660256657831,15.017162060991573,1.091947517683033
515,swap_k06_0036_d00_d06_d12_d17_d18_d30,"0,6,12,17,18,30",one-channel swap audit around provisional greedy endpoint,0,0.9965095986038395,15.0198,16.4937,1.7314,17.77353497181193,16.91476631224706,28.28826908285868,1.284657010213303,15.296308114322354,0.8705465440183441,10.081906542382157,15.888578627070284,1.046586437342649,14.994141751201715,1.0570142206046298
516,g_pair_seed_sweep_d03_d16,"3,16",fallback exhaustive two-channel full-sequence seed sweep,0,0.9965095986038395,15.0252,16.0671,1.6533,18.65852885401462,18.003243425871794,27.25097037988106,1.1923454203125066,14.460026837478157,0.7691576490650259,10.619720707519129,15.93961237084619,1.102760104153896,15.004691747960294,1.1208994577854914
517,g_s03_k05_from_d04_d15_d22_d25_add_d03,"3,4,15,22,25",direct full-sequence ATE forward-greedy trial,0,0.9965095986038395,15.0264,16.625899999999998,1.0996000000000001,18.74893039959997,17.658995429765913,38.55743933866277,0.9097619753448237,7.445374233741994,0.6657985080117995,9.721048605430461,15.500355839387817,1.101448918685906,15.025354784638925,1.1116745587941297
518,g_s02_k03_from_d01_d05_add_d18,"1,5,18",direct full-sequence ATE forward-greedy trial,0,0.9965095986038395,15.029300000000001,15.623899999999999,1.6222,17.55843619230747,16.539050443069335,29.96305640583317,1.1069399941661375,9.994581757733622,0.8338911476783983,9.556363591356108,15.567861793758217,1.0858558613799936,15.019967900051704,1.0986777464364355
519,swap_k06_0041_d00_d06_d17_d18_d19_d30,"0,6,17,18,19,30",one-channel swap audit around provisional greedy endpoint,0,0.9965095986038395,15.0353,16.2008,1.6637,17.649042182264118,16.971254297010578,28.57503683561336,1.2559770463929028,15.595151672832019,0.8780902961473883,10.0975265125328,15.77596188406385,1.059179379698288,15.014776261022295,1.0714313518259142
520,r_k03_0078_d10_d15_d24,"10,15,24",budget-matched cardinality-stratified random full-sequence control,0,0.9965095986038395,15.037600000000001,16.249,2.0096,18.678481147669544,18.03667933339557,29.910179936041047,1.5482910116263773,23.156385601894772,0.866334825411384,15.374130621607447,15.870472912168527,1.098312758217902,15.029826393278004,1.1069580877031762
521,g_pair_seed_sweep_d11_d19,"11,19",fallback exhaustive two-channel full-sequence seed sweep,0,0.9965095986038395,15.039,15.5891,1.4227999999999998,17.631212681315294,16.898081235491556,32.6833416683963,1.128239995004161,14.671696452474661,0.7446211689382441,10.844839125371537,14.877870523388449,1.1079134707058973,15.035066627844929,1.1177513816798237
522,r_k03_0048_d05_d08_d21,"5,8,21",budget-matched cardinality-stratified random full-sequence control,0,0.9965095986038395,15.058,16.3981,1.202,18.232843219411116,17.117279114994936,39.2701876278629,0.9695284409286931,7.0391329507444995,0.6993568434250466,10.006793226762381,15.577131159442157,1.087110847163382,15.052165093808298,1.1029557413596525
523,g_pair_seed_sweep_d21_d30,"21,30",fallback exhaustive two-channel full-sequence seed sweep,0,0.9965095986038395,15.065500000000002,15.617700000000001,1.4366,16.63479494788462,15.980265759872337,29.7054898412509,1.054843610866656,7.366824683421455,0.8246251278455209,9.511346133877192,14.63096249445893,1.081060872498555,15.089647305621625,1.083523743028069
524,r_k05_0034_d02_d05_d11_d23_d29,"2,5,11,23,29",budget-matched cardinality-stratified random full-sequence control,0,0.9965095986038395,15.0857,16.051299999999998,1.447,18.795199653978845,17.72257148020852,41.883817543498914,1.1760808626795405,12.891756304132434,0.7372839513160246,10.21434405664356,15.723223547149193,1.1117249248984646,15.07813942257425,1.1253533984288093
525,r_k05_0033_d02_d04_d25_d27_d29,"2,4,25,27,29",budget-matched cardinality-stratified random full-sequence control,0,0.9965095986038395,15.098700000000001,15.824,1.4759,17.708236465363864,16.866589930102432,34.3146139038892,1.1526128753397833,12.687836512437109,0.7963827908594667,10.86200559918976,15.580147910737752,1.0866314978570824,15.091308680211213,1.0988186643796551
526,g_s04_k06_from_d04_d11_d15_d18_d23_add_d05,"4,5,11,15,18,23",direct full-sequence ATE forward-greedy trial,0,0.9965095986038395,15.104500000000002,16.3968,1.1525,18.17598196241107,16.99541078217975,39.98389637590383,0.9414220362297452,9.385388416921662,0.6634475196881863,9.006600843574233,15.310904814848838,1.0922283352056472,15.104563725637178,1.1025058004385373
527,swap_k06_0072_d00_d05_d17_d18_d24_d30,"0,5,17,18,24,30",one-channel swap audit around provisional greedy endpoint,0,0.9965095986038395,15.1244,15.492700000000001,1.3128000000000002,17.795644788487618,17.459607145467363,25.146392823682174,1.0154175774318372,10.369121232661433,0.6967269586308827,10.400618473913799,15.254541742835778,1.1095854329172543,15.12432292895831,1.118847792658163
528,g_s02_k03_from_d01_d05_add_d17,"1,5,17",direct full-sequence ATE forward-greedy trial,0,0.9965095986038395,15.1336,15.480599999999999,1.4147,16.834588995285866,16.2795132867585,23.528225521076195,1.0290360719887774,7.859290350175249,0.7740844266249177,10.260775505806022,14.983420637540338,1.0865464541885201,15.134934614989692,1.0941140607084892
529,g_s01_k06_from_d00_d05_d06_d18_d30_add_d22,"0,5,6,18,22,30",direct full-sequence ATE forward-greedy trial,0,0.9965095986038395,15.1423,16.5136,1.5127,18.3351544108636,17.324507153228428,33.67544548931682,1.1136602084718958,9.070781327463848,0.8382558354153522,9.833387724099257,15.97702097371256,1.0755375847453403,15.117272297465313,1.08322102319944
530,r_k05_0032_d02_d04_d09_d22_d27,"2,4,9,22,27",budget-matched cardinality-stratified random full-sequence control,0,0.9965095986038395,15.155299999999999,15.760399999999999,1.9411,19.47430124937287,18.365949676665377,33.31013010444989,1.3631056789995974,21.050145919354758,0.9279724621081797,15.036983655875718,15.758943957337376,1.137213801881639,15.146533417636254,1.1539233809040108
531,g_pair_seed_sweep_d05_d09,"5,9",fallback exhaustive two-channel full-sequence seed sweep,0,0.9965095986038395,15.159600000000001,15.8889,2.1164,19.153193759732726,18.11416681680704,33.08702684071724,1.5477978331901474,18.59828248953818,1.1262945702222085,18.67111913221723,15.324162910758513,1.1291259895216472,15.182032801018957,1.1382119104818662
532,r_k04_0060_d05_d16_d20_d30,"5,16,20,30",budget-matched cardinality-stratified random full-sequence control,0,0.9965095986038395,15.1597,15.687999999999999,1.8506000000000002,17.251244367536138,16.440539982702955,29.639888139314518,1.427568443057078,24.558012642981573,0.7826912610470068,11.372377416023607,14.451449754485523,1.1051874504181467,15.18137588470081,1.109065634248274
533,r_k06_0071_d04_d11_d16_d18_d21_d30,"4,11,16,18,21,30",budget-matched cardinality-stratified random full-sequence control,0,0.9965095986038395,15.1668,15.645500000000002,1.1959,17.443113287278646,16.947877167814767,27.00292322948113,0.9637268991138273,7.768273255445686,0.7252640976972364,9.837745048821928,14.863904117955274,1.1041954068022866,15.177619679396132,1.1120324419702703
534,g_s04_k04_from_d04_d11_d23_add_d25,"4,11,23,25",direct full-sequence ATE forward-greedy trial,0,0.9965095986038395,15.1737,16.8082,1.1735,18.283335286089017,16.78815573831137,43.489285910746645,0.9428047068329022,6.9910077106967075,0.6959398889418599,9.415065104791301,15.32547852399468,1.0812376812397138,15.175652012002061,1.0919869811691862
535,g_pair_seed_sweep_d19_d30,"19,30",fallback exhaustive two-channel full-sequence seed sweep,0,0.9965095986038395,15.174999999999999,16.044800000000002,2.0426,16.874918328398035,16.271913459226823,30.113771374176867,1.6586079614640785,20.923266772829038,1.3756012839690492,23.363989850131752,14.781355294013924,1.074620609066686,15.203532245194934,1.0784691462524687
536,g_s03_k04_from_d04_d15_d22_add_d06,"4,6,15,22",direct full-sequence ATE forward-greedy trial,0,0.9965095986038395,15.2031,16.9666,1.66,18.973043197957974,18.161608433079014,34.20449039021199,1.2997664405561031,18.854302495194233,0.7817750425365728,11.438293535695303,16.143424429569937,1.0802094673073412,15.172205547628781,1.0900105731785632
537,g_s04_k06_from_d04_d11_d15_d18_d23_add_d12,"4,11,12,15,18,23",direct full-sequence ATE forward-greedy trial,0,0.9965095986038395,15.2141,16.0123,1.194,17.73965056344274,16.880590250405618,35.48859101765372,0.9493613411048621,9.112271585105342,0.6697181912051675,9.132762086247405,15.158315411637727,1.0960540936301286,15.214105599745109,1.105399696630222
538,g_s04_k03_from_d11_d23_add_d01,"1,11,23",direct full-sequence ATE forward-greedy trial,0,0.9965095986038395,15.216,16.2461,1.3006,17.539748963617928,16.516333137500514,36.39419477647929,1.0410018142574817,11.067570672554979,0.7443186004226527,9.814824940032805,14.996693918179323,1.0851315816066038,15.214807671763214,1.0940397416948067
539,swap_k06_0135_d00_d05_d06_d07_d17_d18,"0,5,6,7,17,18",one-channel swap audit around provisional greedy endpoint,0,0.9965095986038395,15.217600000000001,16.6246,1.2928,18.320926559481553,16.99390829218345,37.81232155000018,0.9630399862578054,6.747150303103079,0.7386382404277314,10.4543502129499,15.903731087650105,1.0783924232157374,15.200628309514993,1.0889448401360113
540,g_s04_k03_from_d11_d23_add_d18,"11,18,23",direct full-sequence ATE forward-greedy trial,0,0.9965095986038395,15.2244,16.5832,1.5937,18.105167780225834,16.78982783047411,43.8652647620011,1.1829077885072963,13.57751629163862,0.8541194284054286,10.997662525989325,15.59881592998133,1.0741222830266652,15.217847142487784,1.0867646766901855
541,r_k03_0103_d15_d17_d21,"15,17,21",budget-matched cardinality-stratified random full-sequence control,0,0.9965095986038395,15.229300000000002,15.7256,1.5006,17.04635324458225,16.588454213062008,29.68422009473755,1.1823532851760998,15.126245146517938,0.7219223529401898,9.966863990811486,15.194622934448217,1.0814920914606518,15.236285264688926,1.0900680157290694
542,r_k05_0012_d00_d07_d15_d19_d23,"0,7,15,19,23",budget-matched cardinality-stratified random full-sequence control,0,0.9965095986038395,15.2806,17.1973,1.27,18.879428920484408,17.430578414152684,40.823973931572326,0.9988123394616447,8.337858067208623,0.8238809382140979,11.295555716143783,15.825905035238947,1.0807498399652893,15.274272333645007,1.0907364913383866
543,g_s04_k05_from_d04_d11_d15_d23_add_d00,"0,4,11,15,23",direct full-sequence ATE forward-greedy trial,0,0.9965095986038395,15.282599999999999,15.8353,1.2632,17.32644133277212,16.789073036832647,30.074206408233657,0.9711628362645721,8.430550821387023,0.7283020446046826,9.505744086426624,15.173061239769261,1.0888843402298065,15.28383815907539,1.0948807826085112
544,r_k03_0050_d05_d09_d27,"5,9,27",budget-matched cardinality-stratified random full-sequence control,0,0.9965095986038395,15.288599999999999,15.8588,1.8061,18.2640500188863,17.433909228491355,32.934056515992374,1.2841948784094221,14.142054465539067,0.8552321153391681,12.67151618346998,15.68384565178845,1.1034707835087252,15.291770964482115,1.1188668145741383
545,r_k06_0070_d04_d11_d13_d15_d17_d25,"4,11,13,15,17,25",budget-matched cardinality-stratified random full-sequence control,0,0.9965095986038395,15.2942,17.0172,1.2252,18.43482116684589,17.293442699427505,36.15123971124461,1.070967036012065,8.285042449917619,0.8900403860071479,10.940986647837928,15.459576647565662,1.0815791112752569,15.30208634367356,1.0880307180869895
546,g_s03_k05_from_d04_d15_d22_d25_add_d19,"4,15,19,22,25",direct full-sequence ATE forward-greedy trial,0,0.9965095986038395,15.296499999999998,17.0466,1.1445,18.944756078519184,17.727328543354616,39.66387391485176,0.9338572589436085,7.220610126106158,0.7281647525476185,11.60676793802117,15.630469753248585,1.096654868744264,15.296037521395839,1.1054837664511303
547,r_k04_0029_d02_d05_d10_d18,"2,5,10,18",budget-matched cardinality-stratified random full-sequence control,0,0.9965095986038395,15.3015,16.2827,2.2183,18.48843841186478,17.602091203801894,35.08221861693578,1.7025590751686894,31.52707595341794,0.6342028750111518,4.979826503457709,15.67219839657166,1.1067832112765286,15.328452874174442,1.1083086137521156
548,g_pair_seed_sweep_d00_d19,"0,19",fallback exhaustive two-channel full-sequence seed sweep,0,0.9965095986038395,15.301799999999998,16.2596,1.7646,17.615848638023508,16.673529712614403,32.55171421158767,1.3528957774426837,21.93282546529272,0.9118491900701519,12.410416296698044,15.37669600899453,1.0796421703637487,15.283684142561338,1.0931324956651782
549,g_s04_k05_from_d04_d11_d15_d23_add_d12,"4,11,12,15,23",direct full-sequence ATE forward-greedy trial,0,0.9965095986038395,15.307200000000002,16.3246,1.1807,17.772208042569567,16.755037738105383,36.87822406382526,0.9519757342014648,9.513814381070333,0.6585409734954141,8.929846652561562,15.292974662938509,1.0871249212565175,15.307807091275203,1.0958630762559545
550,g_s04_k03_from_d11_d23_add_d20,"11,20,23",direct full-sequence ATE forward-greedy trial,0,0.9965095986038395,15.3256,16.561300000000003,1.1724999999999999,18.022525047410582,16.820304228258827,39.85405721535408,0.9762321592110554,7.241372157539228,0.7248884264204354,7.067144457165588,15.539039894531715,1.0823331531137022,15.321309632391742,1.0932135417563276
551,g_pair_seed_sweep_d00_d15,"0,15",fallback exhaustive two-channel full-sequence seed sweep,0,0.9965095986038395,15.3285,15.954699999999999,1.5286,17.002613002534556,16.265716140382654,25.896548715865684,1.085840563868457,8.940628057031361,0.7300961382153947,9.105293512004227,14.879162406188188,1.0864903064031304,15.345491738586825,1.0853797816644497
552,g_s01_k06_from_d00_d05_d06_d18_d30_add_d12,"0,5,6,12,18,30",direct full-sequence ATE forward-greedy trial,0,0.9965095986038395,15.329699999999999,15.9545,1.3421,18.024281525409894,17.555658319757057,30.352210855872464,1.000773418229418,8.303743396255639,0.7601052028195359,9.375669685337577,15.454504230519628,1.103169113596626,15.329905203834779,1.111305756783228
553,r_k03_0017_d02_d05_d25,"2,5,25",budget-matched cardinality-stratified random full-sequence control,0,0.9965095986038395,15.3368,16.3885,1.3048,18.70099716806134,17.701768114136886,37.49363469526576,1.05100519305907,12.452449385676207,0.6735494029253188,9.049799541393467,15.630045035143167,1.1073694349060734,15.33770391408413,1.1195721406490895
554,r_k04_0008_d00_d07_d21_d22,"0,7,21,22",budget-matched cardinality-stratified random full-sequence control,0,0.9965095986038395,15.3386,16.6304,1.3384,19.239539689920427,18.156639768457765,38.29244701700845,1.0633268754280498,12.758477197733553,0.767628245193964,12.489794240601368,15.957121564382817,1.1114799494369882,15.330047407055023,1.1231492742692497
555,g_pair_seed_sweep_d10_d25,"10,25",fallback exhaustive two-channel full-sequence seed sweep,0,0.9965095986038395,15.3399,17.0194,2.0601000000000003,17.68126954271638,16.177638648482144,30.324605536822457,1.6114936168165437,25.14180383857872,1.1566975747935748,19.169531983166113,16.132478456521927,1.0180973356807754,15.326513695706467,1.0165216213955386
556,r_k06_0097_d10_d12_d15_d27_d28_d30,"10,12,15,27,28,30",budget-matched cardinality-stratified random full-sequence control,0,0.9965095986038395,15.345400000000001,16.5063,1.9098,17.2049496806158,16.28896991666036,30.32207221138045,1.475175579661566,25.24971874146073,0.8643307357217568,10.011514243668628,14.763325742407869,1.0799550977247772,15.375634190136434,1.0783421271610194
557,r_k03_0014_d01_d21_d26,"1,21,26",budget-matched cardinality-stratified random full-sequence control,0,0.9965095986038395,15.3494,15.9558,1.5315,17.385391376271226,16.43657177680902,32.80001624393961,1.231584509661614,18.102061210705006,0.727995353950763,10.30756936922522,15.282793678082127,1.087411077930142,15.343871707124787,1.1017856574443392
558,r_k04_0019_d01_d03_d22_d30,"1,3,22,30",budget-matched cardinality-stratified random full-sequence control,0,0.9965095986038395,15.3583,15.642,1.3762999999999999,18.803167684110253,18.219313359924396,28.735628567481452,1.0659023395225673,11.36160085013606,0.7241976140496714,8.865458016188947,15.301748283033142,1.1376901032593916,15.364798483505455,1.147355023246245
559,swap_k06_0112_d00_d05_d06_d10_d17_d30,"0,5,6,10,17,30",one-channel swap audit around provisional greedy endpoint,0,0.9965095986038395,15.381300000000001,16.5811,1.4711,17.687453906364276,16.572542468950715,36.402115038987766,1.116144403515364,8.022192097957998,0.8775172572414693,9.681064612103146,15.848118886152696,1.053980421148346,15.373082499442948,1.0584011483951463
560,g_pair_seed_sweep_d03_d04,"3,4",fallback exhaustive two-channel full-sequence seed sweep,0,0.9965095986038395,15.382399999999999,16.612,1.4139000000000002,18.85046718048054,17.744327884701143,32.588055371034216,1.040235750679657,8.131090436610517,0.6692554661635712,6.297162593727725,16.441095090795162,1.0915997809741644,15.368444271323131,1.1117666143703095
561,g_s01_k03_from_d00_d05_add_d17,"0,5,17",direct full-sequence ATE forward-greedy trial,0,0.9965095986038395,15.3869,16.1771,1.2517,17.52004103519664,16.969963341804934,29.8777888535875,0.9977067158221596,6.951194246193115,0.7929728011926269,9.667251021244956,15.354543043978577,1.0822998538750788,15.391584605730465,1.0865167576311705
562,g_s03_k04_from_d04_d15_d22_add_d30,"4,15,22,30",direct full-sequence ATE forward-greedy trial,0,0.9965095986038395,15.3888,15.8163,1.4557,18.522458298008434,18.113204530070444,27.891196922949828,1.0508194062932126,8.209594670745615,0.7727220751328825,10.59235321948321,15.435001351737695,1.1252280379464425,15.397357033572181,1.1290148204216588
563,swap_k06_0127_d00_d05_d06_d17_d27_d30,"0,5,6,17,27,30",one-channel swap audit around provisional greedy endpoint,0,0.9965095986038395,15.396099999999999,16.8965,1.4075,18.417153629792637,17.425833398217794,33.930232295315726,1.0722202038496975,9.636043606463112,0.839583805804898,9.992389973137069,16.18971751715366,1.0644867270758276,15.378553014651766,1.077126716524183
564,g_s03_k05_from_d04_d15_d22_d25_add_d16,"4,15,16,22,25",direct full-sequence ATE forward-greedy trial,0,0.9965095986038395,15.3965,17.230999999999998,1.2115,19.489145484176465,18.143725497713103,40.52707580290946,0.9942054300015262,8.530942815427116,0.7572121346529265,10.4974777276535,15.597641289639935,1.111147724963503,15.401108799058777,1.119858114114001
565,g_pair_seed_sweep_d04_d28,"4,28",fallback exhaustive two-channel full-sequence seed sweep,0,0.9965095986038395,15.4006,16.6936,2.7203999999999997,19.408697755173424,18.394500424765926,36.55948351393989,1.9797141924415222,26.7374347911801,1.1258708798373527,16.653377084477757,17.429518829476027,1.0664902881457494,15.399301533691121,1.0962697809521003
566,g_pair_seed_sweep_d12_d25,"12,25",fallback exhaustive two-channel full-sequence seed sweep,0,0.9965095986038395,15.434899999999999,17.1697,1.5581,18.264216288462748,16.963332573468783,32.728503036842795,1.021035910207546,6.948780566395158,0.8014490677114952,9.669966055552303,16.315819937048495,1.0643822649515475,15.4039393052502,1.07333881178507
567,g_s03_k03_from_d04_d22_add_d12,"4,12,22",direct full-sequence ATE forward-greedy trial,0,0.9965095986038395,15.4442,16.7456,1.3633,18.73830931135816,17.67223658606194,36.41898515121615,1.0146753890396734,10.296666952515409,0.7554198281230741,11.29539601360812,16.074019634757615,1.09363871362948,15.426571737581762,1.1039768552353117
568,g_s04_k04_from_d04_d11_d23_add_d30,"4,11,23,30",direct full-sequence ATE forward-greedy trial,0,0.9965095986038395,15.462000000000002,15.8414,1.3124,17.397233438669307,16.923756836952634,27.9997985522309,1.0087026214964088,6.773858115953447,0.7470153569338869,9.62494781151317,15.054014023157167,1.0999704908269714,15.476670557332264,1.1076304952100542
569,r_k03_0043_d04_d17_d19,"4,17,19",budget-matched cardinality-stratified random full-sequence control,0,0.9965095986038395,15.4659,16.8405,1.2629,17.852218431620603,16.743322591969022,35.71022544303203,1.0223523994414274,12.540301138632895,0.7561748637609075,10.917004700787281,15.153351263152256,1.0787089781008474,15.475811635736763,1.086214230270347
570,swap_k06_0153_d00_d05_d06_d17_d18_d27,"0,5,6,17,18,27",one-channel swap audit around provisional greedy endpoint,0,0.9965095986038395,15.47,16.744400000000002,1.2711999999999999,18.587431641926898,17.57146963607403,38.83067736401605,1.0283230059350728,8.867951482015368,0.7803059699818163,10.35629928331433,16.055681497503908,1.0865131894853688,15.45956264957117,1.0970723307822738
571,g_s04_k03_from_d11_d23_add_d27,"11,23,27",direct full-sequence ATE forward-greedy trial,0,0.9965095986038395,15.4886,16.716900000000003,1.2417,17.94875541086019,16.709709480688538,38.738867663819434,0.975783628379495,8.083409570631058,0.7616948270836429,9.13912330704569,15.663981816833422,1.0738096804882273,15.483330967772217,1.0837275708076404
572,swap_k06_0031_d00_d06_d07_d17_d18_d30,"0,6,7,17,18,30",one-channel swap audit around provisional greedy endpoint,0,0.9965095986038395,15.4918,16.4171,1.9549,17.872979959746605,17.275194504175985,32.12407734563642,1.491446416942896,24.295534979804607,0.9718760751331421,12.449829994064762,16.003921502582212,1.0688557396987983,15.478059740024882,1.0767435077402985
573,g_s03_k04_from_d04_d15_d22_add_d07,"4,7,15,22",direct full-sequence ATE forward-greedy trial,0,0.9965095986038395,15.502699999999999,16.8938,1.2386,19.66701228438926,18.524383828099644,38.038115754672454,0.9951687145723183,9.99336152634727,0.7545941641773207,11.7543957549098,15.835432046557152,1.1240753184585346,15.502473759554894,1.13352624789951
574,g_pair_seed_sweep_d12_d31,"12,31",fallback exhaustive two-channel full-sequence seed sweep,0,0.9965095986038395,15.514,16.7602,2.0334000000000003,19.077563308070925,17.816957749690562,33.85393341881254,1.400919916153861,21.849932807396918,0.8044391781735465,10.688003518102807,15.87352145268676,1.1166752103363733,15.507862369421698,1.1221729310802013
575,g_s04_k04_from_d04_d11_d23_add_d10,"4,10,11,23",direct full-sequence ATE forward-greedy trial,0,0.9965095986038395,15.537799999999999,16.5835,1.1820000000000002,18.043874925685923,17.150560185928658,37.07810157105854,0.9589232927630855,8.047206739012843,0.7075622000964357,9.611310138384031,15.216960496200855,1.0934599598409034,15.555584521282654,1.098853870489741
576,r_k06_0108_d18_d19_d21_d25_d26_d31,"18,19,21,25,26,31",budget-matched cardinality-stratified random full-sequence control,0,0.9965095986038395,15.543499999999998,15.9717,1.4305,17.982396953228786,17.210666218015255,29.499533687204245,1.1363362248981606,16.356840419368517,0.7010648339475449,10.082558548828404,15.506947046348799,1.1073735840434824,15.533488994672338,1.1191832162806903
577,g_s02_k05_from_d01_d05_d13_d15_add_d16,"1,5,13,15,16",direct full-sequence ATE forward-greedy trial,0,0.9965095986038395,15.551300000000001,16.5988,1.5072999999999999,18.348127466831684,17.348376937058177,32.95891082816092,1.141368990624737,8.985496393135154,0.90232263269592,11.967599773164725,14.992021564015612,1.1075792142793524,15.564871911401381,1.1144066403936836
578,r_k05_0014_d00_d08_d12_d13_d15,"0,8,12,13,15",budget-matched cardinality-stratified random full-sequence control,0,0.9965095986038395,15.5634,16.1989,1.5032,17.573319845014534,16.67727358885856,29.478439068912905,1.0892277490953566,10.567826420494084,0.8776153711251293,10.793112381562123,15.586750495079526,1.0830182889801803,15.545744008853054,1.0955949449425975
579,g_pair_seed_sweep_d05_d28,"5,28",fallback exhaustive two-channel full-sequence seed sweep,0,0.9965095986038395,15.576699999999999,18.378,1.6897,22.95852965770389,20.803597288037015,59.223252761968794,1.2416529680994268,8.303669119654392,0.709709748530871,5.5382720798960134,18.454394840061127,1.1157939454454053,15.556693733968094,1.144603635739528
580,g_s04_k06_from_d04_d11_d15_d18_d23_add_d07,"4,7,11,15,18,23",direct full-sequence ATE forward-greedy trial,0,0.9965095986038395,15.5773,17.0037,1.1943000000000001,18.8133202711505,17.51317699029979,39.859688388182306,0.9716612488084208,9.571775654288828,0.7292110485636424,10.107146267486133,15.757077782817982,1.0954478860047323,15.574126185560921,1.107651477988112
581,g_pair_seed_sweep_d24_d31,"24,31",fallback exhaustive two-channel full-sequence seed sweep,0,0.9965095986038395,15.5809,17.1883,2.6072,21.409150067841793,20.22318328643263,35.532576030976934,1.89029427286708,37.68110296117016,0.8421148958780195,11.244541081851885,16.493072349736817,1.1607264518821907,15.56010642583562,1.1803708564044106
582,r_k06_0101_d11_d12_d15_d21_d22_d29,"11,12,15,21,22,29",budget-matched cardinality-stratified random full-sequence control,0,0.9965095986038395,15.583,16.5565,1.1915,19.00573260649639,18.185260283633223,36.97051218054759,0.9460817537192643,8.044593089656896,0.6831447981358891,9.885681471729804,15.972710370636056,1.1133757449770962,15.579881300845392,1.123241380092312
583,r_k05_0020_d00_d16_d19_d29_d30,"0,16,19,29,30",budget-matched cardinality-stratified random full-sequence control,0,0.9965095986038395,15.618199999999998,16.4467,1.7809,17.75306090913063,17.25616843754733,29.720239036641306,1.3353390612625884,16.165828521995902,0.8833299619998294,10.952619389351007,15.856576165943284,1.0721436598595862,15.60534263706565,1.0843984039654653
584,swap_k06_0015_d05_d06_d17_d18_d19_d30,"5,6,17,18,19,30",one-channel swap audit around provisional greedy endpoint,0,0.9965095986038395,15.634400000000001,17.0239,1.3211,19.07137164354905,18.18958606025596,36.375800325348905,1.022117846116059,9.583965046771256,0.8199261355185026,10.103721787241888,16.060919305032968,1.099337272954037,15.638949543862438,1.1127469987127612
585,g_pair_seed_sweep_d00_d04,"0,4",fallback exhaustive two-channel full-sequence seed sweep,0,0.9965095986038395,15.636,16.6109,1.8138,16.921238449893313,16.051368566140756,29.162482285498953,1.3615264311966988,20.106383861344007,0.9049403559787541,14.147570216301462,15.032626773661908,1.0686739045283467,15.667813906796995,1.0711084660709993
586,g_s03_k04_from_d04_d15_d22_add_d19,"4,15,19,22",direct full-sequence ATE forward-greedy trial,0,0.9965095986038395,15.640899999999998,17.0459,1.2119,19.35676515906778,18.087381178635557,39.22816269138505,0.9451013514925858,6.965959856801327,0.7421818566468703,10.699270615269361,15.911665129158498,1.1109666057573562,15.640143047240576,1.1213548513933262
587,r_k05_0087_d08_d23_d25_d27_d31,"8,23,25,27,31",budget-matched cardinality-stratified random full-sequence control,0,0.9965095986038395,15.653,17.5933,1.2011,18.52456081875637,17.07254044977999,38.39003436557979,1.0155872150567515,11.383553896044754,0.8059825858186634,10.234932878194769,15.552067854873558,1.073852939507966,15.649079139540667,1.0848461945050407
588,g_s04_k06_from_d04_d11_d15_d18_d23_add_d02,"2,4,11,15,18,23",direct full-sequence ATE forward-greedy trial,0,0.9965095986038395,15.6538,16.231499999999997,1.2691,18.32364291996799,17.665494096339796,33.99456327060582,1.0118593512357423,11.962704569168032,0.6907115631235176,9.829505192881571,15.411661698365606,1.1118155286868747,15.658611403465642,1.1191522848515931
589,g_s04_k03_from_d11_d23_add_d31,"11,23,31",direct full-sequence ATE forward-greedy trial,0,0.9965095986038395,15.6551,16.8569,1.3111,18.56206840183832,17.477600716212116,40.552385616120084,1.038996694681075,7.959032348679525,0.7926829873134822,9.78576009163055,16.069292981972026,1.0863033542936014,15.649389000449101,1.0964815099640144
590,g_pair_seed_sweep_d21_d29,"21,29",fallback exhaustive two-channel full-sequence seed sweep,0,0.9965095986038395,15.665499999999998,16.9587,1.8895,18.80725800318264,17.475652535885764,31.103968586633822,1.2235436097071304,11.235054714295572,0.7540968562116186,9.153554410636787,15.972390985368353,1.0970846956476905,15.661410817204583,1.1063349231260489
591,g_s01_k03_from_d00_d05_add_d07,"0,5,7",direct full-sequence ATE forward-greedy trial,0,0.9965095986038395,15.6676,17.255100000000002,1.5292999999999999,19.827634288964624,18.471257483966372,39.41397605031709,1.130231965561748,10.88091174579497,0.896756214743915,11.803711828427662,16.353039878652677,1.1045410239769078,15.659686745229646,1.1182116833197082
592,r_k03_0028_d03_d05_d15,"3,5,15",budget-matched cardinality-stratified random full-sequence control,0,0.9965095986038395,15.6855,17.571,1.1951,20.033763780054215,18.966751002066378,36.394986823212804,0.9737671453612934,10.849630206189529,0.5292028589982569,3.0039809162877527,17.196111855770937,1.0889183503640973,15.667469839882875,1.1068426182290605
593,g_s03_k05_from_d04_d15_d22_d25_add_d14,"4,14,15,22,25",direct full-sequence ATE forward-greedy trial,0,0.9965095986038395,15.6922,16.8848,1.3505,18.5218719233929,17.6613805657116,35.11758585639748,1.0837951992807622,8.535466653194387,0.832048193151778,10.598706411096641,16.462665039423488,1.0752401895295394,15.669491124430076,1.088673168315836
594,g_pair_seed_sweep_d05_d15,"5,15",fallback exhaustive two-channel full-sequence seed sweep,0,0.9965095986038395,15.694700000000001,17.3016,1.8055999999999999,20.944365511982475,19.567830481339556,44.25996549320122,1.3294320306503091,20.572202096847032,0.6593778604205581,7.48690462135688,17.270686068800135,1.1200771884698673,15.67858932790151,1.1371964329642363
595,r_k04_0049_d04_d17_d19_d27,"4,17,19,27",budget-matched cardinality-stratified random full-sequence control,0,0.9965095986038395,15.695400000000001,17.396900000000002,1.3163,18.378103449457207,17.065283952251235,39.82319080905665,1.0734400394674748,12.107598214894054,0.7449411207825191,11.448304048193624,15.897529038885763,1.0636947909935244,15.698303985862369,1.0749081236816285
596,g_s02_k05_from_d01_d05_d13_d15_add_d07,"1,5,7,13,15",direct full-sequence ATE forward-greedy trial,0,0.9965095986038395,15.6962,17.235300000000002,1.2978999999999998,18.597973077311227,17.146036047841413,37.83261180884913,1.0077858161036044,8.45874700721778,0.8601565710840011,11.50668365627581,15.9941103367149,1.075088972408608,15.681755064734917,1.0841524890169
597,g_s03_k04_from_d04_d15_d22_add_d00,"0,4,15,22",direct full-sequence ATE forward-greedy trial,0,0.9965095986038395,15.718399999999999,16.7155,1.5133,18.918159546809317,17.9012886940212,35.13916479373912,1.097305813954516,8.983265994714683,0.8568504015071012,11.009356080946244,16.39747441745449,1.0965541797448557,15.695670804452114,1.1073484951719768
598,g_s04_k05_from_d04_d11_d15_d23_add_d17,"4,11,15,17,23",direct full-sequence ATE forward-greedy trial,0,0.9965095986038395,15.731,17.183300000000003,1.1776,18.400809046991647,17.289335126977804,39.388741352918686,0.9578497870296484,8.364384242938405,0.7540404851783158,10.078160224065163,15.573231243591422,1.0815642530381093,15.741250814220248,1.0879999608198896
599,r_k04_0043_d04_d06_d08_d12,"4,6,8,12",budget-matched cardinality-stratified random full-sequence control,0,0.9965095986038395,15.739,17.132,1.2106999999999999,18.118247153673806,16.85204973910471,35.12853151650637,0.9356930394232219,7.572953997815095,0.7253313023438225,10.588674632829736,16.011291740573142,1.067833303963682,15.723258466400193,1.0789401423555016
600,g_s02_k06_from_d01_d05_d13_d15_d31_add_d09,"1,5,9,13,15,31",direct full-sequence ATE forward-greedy trial,0,0.9965095986038395,15.754499999999998,17.4229,1.4024999999999999,19.027932587688966,17.922196003065004,32.095081033056836,1.0706192859969739,9.679112932176578,0.8675188184088372,11.051541554524203,15.39684977313463,1.0979953174922807,15.779036513065545,1.1021447135149995
601,r_k04_0096_d10_d11_d19_d31,"10,11,19,31",budget-matched cardinality-stratified random full-sequence control,0,0.9965095986038395,15.7799,16.9272,1.7593999999999999,18.98521744587238,18.145190511909487,38.73472361145668,1.3705829204462385,22.62116370579855,0.755162753138831,9.954136656354653,15.580138316436507,1.1131146689510008,15.79413226407521,1.1136809162169516
602,g_pair_seed_sweep_d12_d14,"12,14",fallback exhaustive two-channel full-sequence seed sweep,0,0.9965095986038395,15.7827,17.1386,1.863,18.060464202510552,16.783517462385085,30.285018879295112,1.2085238734478811,12.981653306602126,0.7718604291281499,9.535327273702281,15.79253196122638,1.077579709175498,15.776027675204155,1.0870701373186131
603,g_pair_seed_sweep_d05_d16,"5,16",fallback exhaustive two-channel full-sequence seed sweep,0,0.9965095986038395,15.787300000000002,16.8063,2.0987999999999998,19.577469266197586,18.317445396308408,30.97254372467006,1.4971231050997382,17.683640655016447,0.8417317103755575,11.185652247600965,15.871701331251204,1.133979865431681,15.796602306637354,1.141898776862963
604,swap_k06_0050_d00_d06_d17_d18_d28_d30,"0,6,17,18,28,30",one-channel swap audit around provisional greedy endpoint,0,0.9965095986038395,15.7884,17.5123,1.6990999999999998,18.561089510137233,17.311148635346353,29.020064972089738,1.316228166639088,13.379984424490349,0.8990020671286987,10.009968454200992,16.672777900486967,1.0348462969190129,15.758437458670102,1.0503699335568866
605,r_k04_0064_d06_d07_d25_d30,"6,7,25,30",budget-matched cardinality-stratified random full-sequence control,0,0.9965095986038395,15.801599999999999,16.9428,1.567,19.11590337561612,18.28881672129062,33.645388306956455,1.1728959250902644,11.388956788116797,0.8331993734391799,11.18456554733713,16.85520438502836,1.0838323812828738,15.777814795193851,1.1009642038930567
606,r_k05_0100_d10_d18_d23_d27_d28,"10,18,23,27,28",budget-matched cardinality-stratified random full-sequence control,0,0.9965095986038395,15.82,17.103299999999997,1.7294,17.087652880380187,15.987777282438195,31.309109249528245,1.344115185698474,15.182493797366703,0.9274032332013598,10.777581396148314,15.209406609824436,1.0470428150078657,15.858030924138896,1.040396778662182
607,g_s02_k04_from_d01_d05_d15_add_d07,"1,5,7,15",direct full-sequence ATE forward-greedy trial,0,0.9965095986038395,15.8255,17.1897,1.4390999999999998,19.294245316634207,18.077770217223218,37.58863671563565,1.0788253322387753,10.530116183661729,0.760648015654349,11.25448748135376,16.604797757609873,1.091161913833175,15.809077450611056,1.104439454046331
608,r_k06_0029_d01_d09_d12_d18_d19_d26,"1,9,12,18,19,26",budget-matched cardinality-stratified random full-sequence control,0,0.9965095986038395,15.827399999999999,16.7299,1.7362,17.849996306914647,16.624384615366722,30.554836262852437,1.1637880959036533,11.166263153648291,0.815758930755146,10.111333654315963,16.230571342489036,1.0674563098070444,15.807604262633209,1.0781428213014448
609,r_k05_0078_d07_d12_d19_d24_d30,"7,12,19,24,30",budget-matched cardinality-stratified random full-sequence control,0,0.9965095986038395,15.841800000000001,17.2096,1.3172,19.656804640900866,18.942146354403775,37.016605852465176,1.0407837104728181,12.567220621423655,0.708393481541831,11.094599788289964,16.61462726833904,1.1053525609942272,15.833187103491566,1.1205742957005884
610,g_s01_k03_from_d00_d05_add_d24,"0,5,24",direct full-sequence ATE forward-greedy trial,0,0.9965095986038395,15.8445,17.271800000000002,1.5027000000000001,19.44782724567259,18.610291951164744,37.82916818028508,1.1909243635617706,16.329260630350117,0.7093111398691804,11.708347175438062,16.582806927954046,1.0991704360580037,15.8261310729166,1.1130073923668578
611,g_s02_k05_from_d01_d05_d13_d15_add_d17,"1,5,13,15,17",direct full-sequence ATE forward-greedy trial,0,0.9965095986038395,15.867700000000001,16.7804,1.4919,18.377802406445483,17.33784603640244,33.37785788932931,1.1259202116134486,8.334102412592536,0.9636264374773805,11.688147152023179,15.629052669829532,1.0948527083391477,15.871613496242198,1.1070550937061814
612,g_pair_seed_sweep_d05_d25,"5,25",fallback exhaustive two-channel full-sequence seed sweep,0,0.9965095986038395,15.8834,16.4481,1.4264999999999999,18.640385545370084,18.055145579436786,31.932797220934834,1.0895307293736902,10.070903474867727,0.7612511804816134,9.41948674548281,16.169772542372854,1.105054599243294,15.88272943746275,1.1184215418937071
613,r_k06_0063_d03_d08_d10_d20_d22_d31,"3,8,10,20,22,31",budget-matched cardinality-stratified random full-sequence control,0,0.9965095986038395,15.8888,16.7884,1.3413,19.15619311461417,18.46902104870831,31.693970183154676,1.0103729500041614,10.448656526266953,0.7243033625895542,9.484109790510086,16.516405474995004,1.108874087215708,15.875554116993746,1.121821105661313
614,g_pair_seed_sweep_d20_d21,"20,21",fallback exhaustive two-channel full-sequence seed sweep,0,0.9965095986038395,15.8949,17.2232,1.5347,18.919686381456017,17.63075495279091,38.48419977318193,1.0738513114526085,7.688785525742214,0.7299264222703697,10.218660941555765,17.07053814894799,1.0723509675858682,15.869271808166014,1.0848289526272408
615,r_k06_0056_d03_d04_d17_d20_d21_d30,"3,4,17,20,21,30",budget-matched cardinality-stratified random full-sequence control,0,0.9965095986038395,15.906999999999998,16.8653,1.4392,18.368220617483882,17.571541604647887,35.222833238137255,1.1837886195810943,19.291711807503066,0.6511817418846639,9.331352509357618,15.667505892787112,1.0958564106938473,15.918378372317695,1.1048770792216567
616,g_s03_k03_from_d04_d22_add_d19,"4,19,22",direct full-sequence ATE forward-greedy trial,0,0.9965095986038395,15.909699999999999,17.4185,1.4095,19.63270038103443,18.593120672911134,40.27564302590933,1.0821624124500389,13.53756047358938,0.7922489785595239,12.845127202404635,16.44913435494553,1.1037123293634492,15.899780220295431,1.1157389222798806
617,g_s04_k06_from_d04_d11_d15_d18_d23_add_d06,"4,6,11,15,18,23",direct full-sequence ATE forward-greedy trial,0,0.9965095986038395,15.9108,16.9191,1.1997,18.83849120785783,17.918698941022374,39.930761979783206,0.9464754751339627,6.074374636307632,0.7278030522962212,9.98271280499583,15.875797643593362,1.1040282130329633,15.915545329738903,1.1097631736714304
618,g_pair_seed_sweep_d24_d30,"24,30",fallback exhaustive two-channel full-sequence seed sweep,0,0.9965095986038395,15.9139,17.857400000000002,2.2686,20.337796276731698,19.78234041652281,33.449839028709114,1.6916200781005986,31.14638305578787,0.7652676593296446,10.262703543768014,16.906391403598818,1.108018922405334,15.88872940419717,1.122026565317643
619,g_s04_k04_from_d04_d11_d23_add_d07,"4,7,11,23",direct full-sequence ATE forward-greedy trial,0,0.9965095986038395,15.914100000000001,17.5328,1.2598,19.20093528695275,17.786931407764733,41.22409290404988,0.9901260029838787,8.581875321293591,0.7297064675766594,10.216854593357253,16.24345940029358,1.0863239923536352,15.913977488502109,1.0999560914894884
620,swap_k06_0139_d00_d05_d06_d11_d17_d18,"0,5,6,11,17,18",one-channel swap audit around provisional greedy endpoint,0,0.9965095986038395,15.917700000000002,16.7255,1.2574,18.764910841072002,18.07061322953838,35.21578664602051,0.9469398719589298,5.419579936035014,0.8037916444013261,9.921997994868066,16.167282539305763,1.100427893791384,15.914308148488674,1.1074330686765894
621,r_k03_0033_d03_d14_d17,"3,14,17",budget-matched cardinality-stratified random full-sequence control,0,0.9965095986038395,15.926699999999999,17.1537,1.5291000000000001,18.88847824684169,18.08672559856547,27.78970659493274,1.1415458369306908,13.564078231935051,0.7044631853835777,9.117859720406802,17.2174624711284,1.0739802637501437,15.900582865668975,1.095251820247479
622,g_s02_k05_from_d01_d05_d13_d15_add_d23,"1,5,13,15,23",direct full-sequence ATE forward-greedy trial,0,0.9965095986038395,15.934999999999999,17.4147,1.3162,18.33218979372229,16.812262472375092,40.40808543777636,1.0488788984121094,10.763917880932093,0.8081768988081564,11.973194138140371,15.971616325144474,1.0680681663914766,15.919171007307753,1.0756229028735667
623,g_s02_k03_from_d01_d05_add_d29,"1,5,29",direct full-sequence ATE forward-greedy trial,0,0.9965095986038395,15.939200000000001,16.5727,1.4486,18.342207855889566,17.509434711475805,30.482554269149816,1.1267946855339919,10.979616450957316,0.763972522265682,10.14940278922461,15.244084480712933,1.1150824140129496,15.961878176805294,1.123788576132685
624,r_k03_0081_d10_d18_d24,"10,18,24",budget-matched cardinality-stratified random full-sequence control,0,0.9965095986038395,15.948,16.9183,1.6195000000000002,19.229254541705657,18.820496904966824,30.619212744130188,1.2532293271884174,18.86459382582501,0.7897297988383742,10.256097651230348,16.424084014772774,1.1067404660113602,15.942735793528296,1.1172954402953108
625,g_s02_k03_from_d01_d05_add_d24,"1,5,24",direct full-sequence ATE forward-greedy trial,0,0.9965095986038395,15.9575,17.3069,1.5744999999999998,19.530660385899058,18.77788959684067,36.187303682594184,1.2459723456967478,15.933762934939812,0.7068447537566424,11.56288127052863,16.656591434185682,1.1017818163427584,15.936426493538661,1.1165311252870844
626,g_pair_seed_sweep_d03_d14,"3,14",fallback exhaustive two-channel full-sequence seed sweep,0,0.9965095986038395,15.9667,16.9984,1.4478,18.57782023739782,17.82022880497341,25.94272420088522,1.007966237395479,5.8012407098786065,0.6235155396791834,4.580831877088202,16.670258493509024,1.0773659962984985,15.970521656314208,1.0923691695964197
627,g_pair_seed_sweep_d01_d11,"1,11",fallback exhaustive two-channel full-sequence seed sweep,0,0.9965095986038395,15.9766,16.7752,1.2849,18.025029404232107,17.14613129355253,35.516784836316404,0.9854304674052489,7.37147213325232,0.7553311875267236,10.218395555992549,15.79451091899797,1.084366606928424,15.97711335998198,1.0936883705834004
628,swap_k06_0052_d00_d06_d17_d18_d30_d31,"0,6,17,18,30,31",one-channel swap audit around provisional greedy endpoint,0,0.9965095986038395,15.979099999999999,17.536099999999998,1.4763,18.752317466793293,17.58534627721662,33.47953442088464,1.1605904908383138,13.60940266848555,0.8206438101543729,9.98378669664588,16.75639945413913,1.0452291018001347,15.958045970705415,1.057363188972027
629,r_k04_0048_d04_d14_d22_d24,"4,14,22,24",budget-matched cardinality-stratified random full-sequence control,0,0.9965095986038395,15.9981,17.147499999999997,1.3641,19.359383425599226,18.41080572706101,37.46257121856612,1.0877399462745716,14.517552325662852,0.7094604187738897,11.241642706053094,16.525403922792016,1.104429209244389,15.984332201532473,1.1174795172789715
630,r_k06_0020_d01_d04_d05_d16_d21_d22,"1,4,5,16,21,22",budget-matched cardinality-stratified random full-sequence control,0,0.9965095986038395,16.0168,17.391000000000002,1.2514,19.57862791261301,18.327961495179316,39.461514010989916,0.9954022204574156,7.919725128636372,0.7562736615362682,10.629250567484648,16.10524626793735,1.1127977631060055,16.01991404587041,1.1249785100621976
631,r_k03_0053_d05_d13_d28,"5,13,28",budget-matched cardinality-stratified random full-sequence control,0,0.9965095986038395,16.0264,17.2591,1.4435,18.164027149847637,16.726871168122575,29.44812151011748,1.211551851910062,12.70830118644262,0.8923612414952208,12.933352914290584,15.889228789285928,1.0722040580479735,16.004935732482192,1.080496373457346
632,g_pair_seed_sweep_d11_d31,"11,31",fallback exhaustive two-channel full-sequence seed sweep,0,0.9965095986038395,16.041900000000002,17.204800000000002,1.7258,18.806369337686167,17.8994927891843,39.34361536955787,1.3419231193748744,19.274478644114534,1.015647522107324,14.951243105240264,16.05676497669802,1.091224065132522,16.05499796397108,1.0933677968224147
633,r_k05_0017_d00_d10_d11_d17_d31,"0,10,11,17,31",budget-matched cardinality-stratified random full-sequence control,0,0.9965095986038395,16.049,17.1482,1.3748,18.09090113201662,17.19138385159606,32.53465597593431,1.0289563413289193,8.194046858952406,0.8550092786689578,9.766140446038994,15.907884867486374,1.067340579111184,16.06824538911701,1.0697279445587067
634,g_s02_k03_from_d01_d05_add_d26,"1,5,26",direct full-sequence ATE forward-greedy trial,0,0.9965095986038395,16.0505,16.797,1.4077,19.08655056241681,18.09493603327289,33.73369329522766,1.0682108673101118,11.671678719641337,0.7147359236124814,9.6218800971684,15.808662869763737,1.1189339391803794,16.058356246361424,1.1334027900789931
635,g_s01_k04_from_d00_d05_d18_add_d06,"0,5,6,18",direct full-sequence ATE forward-greedy trial,0,0.9965095986038395,16.050700000000003,17.8539,1.5528,18.99608850916979,17.552911027212417,31.059099749216877,1.266425000604582,14.398450941646965,0.8507007952862182,10.411297798589217,16.319687129633266,1.0665120864035258,16.026489159263168,1.0744999866289415
636,g_s04_k03_from_d11_d23_add_d10,"10,11,23",direct full-sequence ATE forward-greedy trial,0,0.9965095986038395,16.053,17.4296,1.3762,17.653208919743143,16.615224353722397,31.75786066716623,1.1598327580028556,12.642976651875543,0.7765236321019724,10.441916686529598,15.253761916690861,1.0685844657131145,16.082259414726302,1.0647915746601964
637,r_k06_0073_d04_d13_d14_d15_d24_d27,"4,13,14,15,24,27",budget-matched cardinality-stratified random full-sequence control,0,0.9965095986038395,16.0548,17.328599999999998,1.2186000000000001,18.493440264292285,17.454583024286134,35.613948453823134,1.0101279465351471,10.697711431928504,0.747176908129831,12.522585480039261,16.293878136605507,1.0754146056024296,16.046250610325878,1.0871951271151372
638,r_k04_0114_d15_d20_d23_d28,"15,20,23,28",budget-matched cardinality-stratified random full-sequence control,0,0.9965095986038395,16.0669,16.941899999999997,1.2707,17.728955738777564,16.94190943955933,33.78724711321664,0.9871043164024743,7.077385944568504,0.7666086995081249,8.97372619511975,15.718101130747003,1.07325851467701,16.073834300462636,1.0763383554346289
639,r_k03_0016_d02_d05_d06,"2,5,6",budget-matched cardinality-stratified random full-sequence control,0,0.9965095986038395,16.0708,17.7888,1.4102999999999999,20.397070033361775,19.012934090787073,45.25303688368889,1.070408459570056,10.739948380227816,0.7397589353150288,10.358408140766144,17.44627246947359,1.0934223388054782,16.05100484086916,1.1060405514396523
640,g_s02_k05_from_d01_d05_d13_d15_add_d20,"1,5,13,15,20",direct full-sequence ATE forward-greedy trial,0,0.9965095986038395,16.1128,17.099800000000002,1.3442,18.148312069157548,16.98640932645136,33.07168988725828,1.0206423790736217,8.991756592527906,0.7903029534364568,12.518507971100187,16.450866523833984,1.069300058908084,16.090691805761274,1.079058440472923
641,r_k06_0027_d01_d07_d09_d15_d21_d31,"1,7,9,15,21,31",budget-matched cardinality-stratified random full-sequence control,0,0.9965095986038395,16.1242,16.8906,1.1952,19.088059062740754,18.547564173973466,32.286661927090975,0.9244350390858943,5.784416317874596,0.762580055314121,10.487127707805156,16.166977219154578,1.1099750180369,16.12930030481456,1.1167973735659218
642,swap_k06_0154_d00_d05_d06_d17_d18_d28,"0,5,6,17,18,28",one-channel swap audit around provisional greedy endpoint,0,0.9965095986038395,16.13,17.3899,1.4102999999999999,18.520258488707455,17.32549679448917,33.34616267625709,1.1532933886901484,11.564875751135338,0.8531449286971499,10.744492388850786,16.42181139770662,1.0618698123528334,16.104451016343486,1.0727445174445345
643,g_pair_seed_sweep_d04_d09,"4,9",fallback exhaustive two-channel full-sequence seed sweep,0,0.9965095986038395,16.1377,17.028,2.2532,18.079638636328937,16.887163948022334,31.043234255071866,1.661018570194161,19.607667280591656,0.9806614068717185,11.19602049442325,15.537312059542247,1.0912354861520135,16.16920797951738,1.1041680207906654
644,g_s04_k05_from_d04_d11_d15_d23_add_d30,"4,11,15,23,30",direct full-sequence ATE forward-greedy trial,0,0.9965095986038395,16.142699999999998,16.538700000000002,1.3157,18.00051768775961,17.58752574948163,27.974121929960877,1.0130497539704126,6.630370095697029,0.7529105294225107,9.912923865628958,15.806323754653013,1.0984402894069516,16.152979408162967,1.1042955795417047
645,g_s03_k03_from_d04_d22_add_d21,"4,21,22",direct full-sequence ATE forward-greedy trial,0,0.9965095986038395,16.1998,17.4425,1.3457000000000001,19.581095468688574,18.446902391447097,39.026761913026284,1.0193759207930067,9.596772034689383,0.7530382702858078,11.041809405880075,16.526560035070418,1.1047359868254398,16.19647403893095,1.1170432543397688
646,r_k03_0008_d01_d09_d24,"1,9,24",budget-matched cardinality-stratified random full-sequence control,0,0.9965095986038395,16.2106,16.8608,2.0195000000000003,20.31148644960523,19.163049240152084,34.24545288779104,1.4157915887463275,15.703141692552263,1.119786437769181,15.255806700846364,16.754695751552358,1.1238518276833378,16.205292140330098,1.141242074463989
647,r_k05_0030_d02_d03_d21_d25_d31,"2,3,21,25,31",budget-matched cardinality-stratified random full-sequence control,0,0.9965095986038395,16.2147,16.762,1.2914999999999999,19.018322217230413,18.4337195445378,31.425737209078054,1.0038518628985065,9.851638281524936,0.6774907162592787,8.683747268108393,16.52274731117001,1.108353534427004,16.21286130152459,1.1213054571658811
648,g_s04_k05_from_d04_d11_d15_d23_add_d02,"2,4,11,15,23",direct full-sequence ATE forward-greedy trial,0,0.9965095986038395,16.2286,16.7442,1.3147,18.234511834723673,17.732957981675256,29.902231523835017,1.0037679042237415,7.980478751046471,0.7282904607146821,10.280022660267772,15.92973040376565,1.0985028644128312,16.237655872159447,1.1039462508209446
649,r_k05_0009_d00_d04_d10_d22_d29,"0,4,10,22,29",budget-matched cardinality-stratified random full-sequence control,0,0.9965095986038395,16.2556,16.7717,1.915,17.566162356312336,16.966422919912745,26.242255580379965,1.1271827441816988,9.534152415441254,0.8271318541961031,11.572660955925604,16.06353870737643,1.0729642891722129,16.269110763846022,1.0740727686977345
650,r_k06_0018_d01_d03_d05_d12_d27_d30,"1,3,5,12,27,30",budget-matched cardinality-stratified random full-sequence control,0,0.9965095986038395,16.284399999999998,16.8669,1.2084,18.516575322622128,17.966948658345615,31.58356208574597,0.964100535914135,7.2371432614464934,0.663691188569197,8.583062863794392,16.22445096076102,1.0975740689181042,16.290053438535132,1.1079060853622948
651,r_k06_0085_d07_d10_d17_d18_d28_d30,"7,10,17,18,28,30",budget-matched cardinality-stratified random full-sequence control,0,0.9965095986038395,16.289,17.6972,1.6578,18.709893435365622,17.686083206160433,30.95788311999058,1.3440494555147822,21.692767407953095,0.8105686013444249,10.173232856529308,16.015048185996967,1.085303386762249,16.31080646212724,1.0857399073554501
652,r_k03_0109_d18_d21_d28,"18,21,28",budget-matched cardinality-stratified random full-sequence control,0,0.9965095986038395,16.3165,18.0005,1.9018,20.276152625165302,18.5574814431082,34.39066206516883,1.2233406383779974,13.09954218089437,0.7656275051549626,8.979937082820248,16.496611938746224,1.1208080462859946,16.316956101134945,1.1387942551027987
653,r_k03_0118_d25_d27_d31,"25,27,31",budget-matched cardinality-stratified random full-sequence control,0,0.9965095986038395,16.3228,17.488200000000003,1.4755,18.98027322993458,17.649985300089167,39.18701372109729,1.1550908425689985,13.525480258317623,0.7237676650422382,10.355476514087792,16.746975375280876,1.0748436746270003,16.3174145349838,1.0912836575041898
654,r_k05_0021_d01_d02_d20_d24_d30,"1,2,20,24,30",budget-matched cardinality-stratified random full-sequence control,0,0.9965095986038395,16.3293,16.7035,1.5288,19.368478841218682,18.80747919286821,28.606120679537828,1.1531302949988413,14.454283883691613,0.762694829149809,11.910695047526604,16.466880462041427,1.1239705396017006,16.328665831642944,1.137090042385686
655,r_k05_0089_d09_d10_d11_d25_d30,"9,10,11,25,30",budget-matched cardinality-stratified random full-sequence control,0,0.9965095986038395,16.3329,16.8718,1.6931000000000003,17.51477713874421,16.878521853568774,30.150546342309823,1.2154951630496937,12.092882333497815,0.9044921785578542,10.361929411103224,16.029440122085212,1.064305944772603,16.358608642753115,1.071212152548823
656,g_pair_seed_sweep_d03_d10,"3,10",fallback exhaustive two-channel full-sequence seed sweep,0,0.9965095986038395,16.3406,17.466,1.4224999999999999,20.085726455887862,19.161675689759925,30.708310428135636,0.9665618319797626,3.7983802910886078,0.6074825330443802,3.516029155853234,17.144553503265143,1.1125109237473076,16.346546323050934,1.1323313800924184
657,g_s04_k04_from_d04_d11_d23_add_d19,"4,11,19,23",direct full-sequence ATE forward-greedy trial,0,0.9965095986038395,16.3441,17.779400000000003,1.2711999999999999,18.44882852345018,17.097518329830653,41.15467713578075,1.0684356188861048,14.79352321976995,0.6766445734720274,10.443826569569383,16.082344787956742,1.0674866156196303,16.33816711195133,1.0761774196354905
658,r_k03_0040_d04_d13_d25,"4,13,25",budget-matched cardinality-stratified random full-sequence control,0,0.9965095986038395,16.3502,17.9925,1.3194000000000001,18.639559742710663,17.07901903884842,40.300593034270946,1.0512883272301186,9.543162275868793,0.8900053827788483,11.8488958569053,16.58600454888467,1.0476119657457608,16.332933043848623,1.0559259095498885
659,r_k05_0108_d15_d19_d20_d26_d31,"15,19,20,26,31",budget-matched cardinality-stratified random full-sequence control,0,0.9965095986038395,16.3711,17.3764,1.162,19.101671461514844,18.38497545142271,32.35143124679594,0.9501928862177732,8.820909461074596,0.7147396058018268,10.64115726161337,16.130550035521864,1.1080667001862288,16.372980032634135,1.1150113819843357
660,g_s03_k04_from_d04_d15_d22_add_d21,"4,15,21,22",direct full-sequence ATE forward-greedy trial,0,0.9965095986038395,16.3796,17.3035,1.209,19.473910166972804,18.723509347505036,35.36607196929295,0.941540982175272,6.736434885502443,0.7323967184897555,10.519037165602223,16.51607851339926,1.1097006250290213,16.382557446584695,1.1186913027243761
661,r_k06_0065_d03_d11_d16_d17_d18_d21,"3,11,16,17,18,21",budget-matched cardinality-stratified random full-sequence control,0,0.9965095986038395,16.3812,17.9575,1.1344,19.422053042825038,18.192146858958047,41.018062851676376,0.948482548652816,7.8015693852232975,0.7350225215445092,9.309835958814674,16.6298380735193,1.0860819437304277,16.38036519139742,1.0980063627281305
662,swap_k06_0150_d00_d05_d06_d17_d18_d24,"0,5,6,17,18,24",one-channel swap audit around provisional greedy endpoint,0,0.9965095986038395,16.3813,17.430899999999998,1.5533,19.50510433635628,18.81554219790378,35.119598151610184,1.2147295020263675,15.57386372235992,0.7212465480842167,11.570382522499155,16.925841381633898,1.0997512700336705,16.364042621691503,1.1157264100787772
663,g_s04_k04_from_d04_d11_d23_add_d01,"1,4,11,23",direct full-sequence ATE forward-greedy trial,0,0.9965095986038395,16.387,16.9446,1.3571,18.08175996507693,17.246263791987605,33.681758797522676,1.0351342244101878,11.236772710124919,0.6904849394622605,9.305234571501748,16.051752904876846,1.0851329344346052,16.382386779972013,1.0963573887314102
664,g_s01_k06_from_d00_d05_d06_d18_d30_add_d03,"0,3,5,6,18,30",direct full-sequence ATE forward-greedy trial,0,0.9965095986038395,16.3942,16.9621,1.2023000000000001,18.906817071338665,18.38318250159643,31.95885928568381,0.941651783735473,6.523191526312323,0.6886055206524797,8.835699778458428,16.540966827732642,1.1043738369723626,16.389337624768185,1.1120441945020647
665,r_k04_0040_d03_d09_d15_d23,"3,9,15,23",budget-matched cardinality-stratified random full-sequence control,0,0.9965095986038395,16.4048,17.5732,1.566,19.177700162280342,18.18295410926228,34.598255418238224,1.1895036813978215,13.04074596863137,0.6184251891818476,4.188725175051387,17.278773285748795,1.0816392808659612,16.38426107440519,1.095301591808992
666,g_pair_seed_sweep_d23_d31,"23,31",fallback exhaustive two-channel full-sequence seed sweep,0,0.9965095986038395,16.405,17.977899999999998,2.3559,18.066609378288724,16.768288292495754,45.13492375928619,1.9374239297958797,30.922005324871925,0.9976944015634023,12.035012530725716,16.299781138147743,1.0358454198478733,16.391689870252065,1.0357398609444681
667,g_s02_k06_from_d01_d05_d13_d15_d31_add_d22,"1,5,13,15,22,31",direct full-sequence ATE forward-greedy trial,0,0.9965095986038395,16.4104,17.5815,1.315,19.075649835759368,17.847053098831065,37.57874609926988,1.016958617333274,8.569047975616938,0.85108159393567,11.120627314028585,16.595389179805892,1.089337391491687,16.396289793953706,1.0964024456640036
668,g_pair_seed_sweep_d07_d10,"7,10",fallback exhaustive two-channel full-sequence seed sweep,0,0.9965095986038395,16.4142,17.0957,1.5407,19.778987105629817,19.254947595921177,30.014805592722528,1.258986616448457,12.67820087780223,0.9546492894806642,11.657166713709879,16.560464178740617,1.126415267514717,16.426450917906713,1.1282089180930246
669,g_s02_k04_from_d01_d05_d15_add_d24,"1,5,15,24",direct full-sequence ATE forward-greedy trial,0,0.9965095986038395,16.4278,17.5488,1.5152999999999999,19.73582648571954,18.90488105462918,36.75545835284811,1.2028082474612891,19.99550661710135,0.688825658794836,10.520499042968982,16.909436237212994,1.10616672736714,16.41461955368059,1.119120064223259
670,swap_k06_0023_d05_d06_d17_d18_d27_d30,"5,6,17,18,27,30",one-channel swap audit around provisional greedy endpoint,0,0.9965095986038395,16.4397,17.9279,1.4289,19.887933310727753,18.877104577201212,38.61456007275572,1.0831374180250506,10.136417325650168,0.8793043847209443,11.374914140814576,17.546433866467094,1.0723415506914202,16.425476900396184,1.0902288329084107
671,g_pair_seed_sweep_d17_d21,"17,21",fallback exhaustive two-channel full-sequence seed sweep,0,0.9965095986038395,16.4428,16.8405,1.6919,17.587915370320502,17.143671115265118,31.756448178099955,1.302991170111522,20.623427012857782,0.8291971671602573,10.613478610465192,16.27945318057147,1.0664667566982895,16.44756893631427,1.0731859625229532
672,g_pair_seed_sweep_d01_d03,"1,3",fallback exhaustive two-channel full-sequence seed sweep,0,0.9965095986038395,16.4488,18.249299999999998,1.7702,20.257223148553337,18.52744857079458,35.00076426111665,1.1819426333204552,11.257277261831208,0.7414104943696298,9.003200489845758,17.096542476191733,1.1058148656251108,16.427910237844912,1.1210137356648178
673,g_s01_k06_from_d00_d05_d06_d18_d30_add_d26,"0,5,6,18,26,30",direct full-sequence ATE forward-greedy trial,0,0.9965095986038395,16.4578,17.7571,1.6188,20.187261303267935,19.064889282199616,39.663722292109085,1.1360126865856217,8.967362301972255,0.911200441379948,9.57382946074803,16.88618992486243,1.1066528963777205,16.459035049855306,1.1223671373186312
674,r_k06_0038_d02_d03_d06_d08_d11_d29,"2,3,6,8,11,29",budget-matched cardinality-stratified random full-sequence control,0,0.9965095986038395,16.466900000000003,17.2571,1.2515,19.307338421295373,18.40069076573891,31.613981571788514,0.980996425821628,8.53717028509461,0.7158485860391408,9.919806363696223,16.63439630323513,1.1112204860644141,16.44907747132542,1.1218829900738452
675,g_s01_k05_from_d00_d05_d18_d30_add_d21,"0,5,18,21,30",direct full-sequence ATE forward-greedy trial,0,0.9965095986038395,16.5137,17.2972,1.7805000000000002,18.16681589158633,17.457749813441055,29.613023441836244,1.3970230005605375,24.230434395071338,0.6966113292870779,8.055268125517962,15.940689362186367,1.0868564869037105,16.528947816012636,1.0883170730183835
676,g_s04_k06_from_d04_d11_d15_d18_d23_add_d21,"4,11,15,18,21,23",direct full-sequence ATE forward-greedy trial,0,0.9965095986038395,16.5231,17.643800000000002,1.1523999999999999,18.945120760270896,17.855922358021463,41.55717729240476,0.9413771564623202,7.471636104461783,0.6819553999061555,9.368383008648781,16.386712332049544,1.0856423785722542,16.52536134242634,1.0935758255912664
677,r_k06_0023_d01_d05_d06_d09_d16_d28,"1,5,6,9,16,28",budget-matched cardinality-stratified random full-sequence control,0,0.9965095986038395,16.5275,17.4833,1.8111,19.4298219679742,18.22717752463917,31.455570064074923,1.2821132428755129,13.148796577609605,0.884954792947169,11.27178935744366,15.411848483014298,1.1318239997594857,16.55025902784494,1.1348717557468515
678,r_k05_0060_d05_d08_d11_d17_d22,"5,8,11,17,22",budget-matched cardinality-stratified random full-sequence control,0,0.9965095986038395,16.534,18.3182,1.3623,20.678280587299145,19.432281132934087,37.62772278869191,1.0914582419950876,8.606019821323688,0.8465579519981631,10.432918901301392,16.54942117403206,1.1279720010512395,16.537780633092698,1.1397992555235126
679,g_pair_seed_sweep_d04_d07,"4,7",fallback exhaustive two-channel full-sequence seed sweep,0,0.9965095986038395,16.541,17.2661,1.469,19.84596376300523,18.694877828686206,36.263733636509166,1.0953226804595755,11.133253124935322,0.7850499839117331,10.659985679265588,16.858311447765395,1.117145196416451,16.535354789958383,1.1331336088694124
680,g_s01_k03_from_d00_d05_add_d13,"0,5,13",direct full-sequence ATE forward-greedy trial,0,0.9965095986038395,16.5577,17.8904,1.3694,18.44897682573991,17.009336414228983,33.66834485112526,1.133109281699945,8.965894144361256,0.8944126130610881,10.729398180923319,16.597535814089746,1.0538584654899281,16.53519065832045,1.0615080786125288
681,g_pair_seed_sweep_d14_d23,"14,23",fallback exhaustive two-channel full-sequence seed sweep,0,0.9965095986038395,16.558600000000002,17.8035,1.9632,18.530045486048326,17.52062535965123,35.828895088899685,1.5867556254253612,22.826652378496366,0.8434851242229252,9.148169579576699,17.26544094090719,1.0232808412243917,16.53864219266085,1.0387243435950024
682,r_k06_0022_d01_d04_d13_d16_d18_d21,"1,4,13,16,18,21",budget-matched cardinality-stratified random full-sequence control,0,0.9965095986038395,16.5815,17.7363,1.2101000000000002,19.031184929142235,18.049100984150808,35.32770470667959,0.9536077462638782,7.847515563136246,0.8185280415548413,11.213643996194463,16.46252307831583,1.0857119206591654,16.58523301444016,1.0953443646597238
683,swap_k06_0028_d00_d02_d06_d17_d18_d30,"0,2,6,17,18,30",one-channel swap audit around provisional greedy endpoint,0,0.9965095986038395,16.587699999999998,18.2247,1.6927999999999999,19.450755306277475,18.249065605603764,35.1432448016052,1.3280454706845386,15.496995431388532,0.9446821879964872,10.050235350001518,17.559631631203928,1.0369289622728417,16.56128160976741,1.0539722676866066
684,g_s03_k06_from_d04_d10_d15_d22_d25_add_d21,"4,10,15,21,22,25",direct full-sequence ATE forward-greedy trial,0,0.9965095986038395,16.5905,17.9166,1.1372,19.633388842908666,18.90000732004585,34.69583509781706,0.9373200761700456,6.8505668569376885,0.7105327368792216,10.127252173504875,16.697993348223243,1.0980523888341371,16.604373431826875,1.1043771052864588
685,g_s04_k06_from_d04_d11_d15_d18_d23_add_d31,"4,11,15,18,23,31",direct full-sequence ATE forward-greedy trial,0,0.9965095986038395,16.6046,17.2398,1.2303,18.928515129741875,18.286827078181698,34.69385160095486,0.9521436303020486,8.047241249775263,0.7109178936285266,9.513613530385744,16.370867441192974,1.102961591331664,16.60912678208638,1.1102353050585967
686,g_pair_seed_sweep_d03_d19,"3,19",fallback exhaustive two-channel full-sequence seed sweep,0,0.9965095986038395,16.606,17.7582,1.4253,19.237904625461706,18.370521738679695,35.60712830778012,1.0970512376338317,11.075416276739428,0.8121266194612017,10.295211305892279,17.392543095984887,1.075020673098741,16.58521107666672,1.089683956799826
687,g_s02_k05_from_d01_d05_d13_d15_add_d24,"1,5,13,15,24",direct full-sequence ATE forward-greedy trial,0,0.9965095986038395,16.611600000000003,17.8222,1.4344000000000001,19.326768089170695,18.40025047229757,36.29332525708134,1.1589111411558861,15.674739505520957,0.754542251368999,13.07956803808457,16.877387474901266,1.0893822345624706,16.596081128782473,1.100773128416688
688,r_k05_0107_d15_d17_d21_d22_d31,"15,17,21,22,31",budget-matched cardinality-stratified random full-sequence control,0,0.9965095986038395,16.615,17.6038,1.298,19.612717189017566,19.0816050760105,34.09365968362611,1.0541161268757129,11.255529871169754,0.8310315494354129,10.714640477485187,16.92503751323309,1.101885381060781,16.622638345608483,1.1070561452528103
689,g_s04_k03_from_d11_d23_add_d25,"11,23,25",direct full-sequence ATE forward-greedy trial,0,0.9965095986038395,16.617,18.1873,1.2451,19.413388193572388,18.182355640608133,41.8737655686389,1.0049125477233496,9.057882493425272,0.7573837972866041,9.694895462646638,16.776520230623447,1.0797994590463826,16.606766023509913,1.0906921573720756
690,r_k06_0079_d05_d14_d19_d25_d26_d28,"5,14,19,25,26,28",budget-matched cardinality-stratified random full-sequence control,0,0.9965095986038395,16.6186,17.5748,1.2522,18.785301090157304,17.722985095908612,37.159693980296986,0.9832864967381968,8.865285554571772,0.6980682858319001,10.152982141483717,16.87934356505732,1.0758835104484807,16.60625868880025,1.089556600581534
691,g_s04_k05_from_d04_d11_d15_d23_add_d03,"3,4,11,15,23",direct full-sequence ATE forward-greedy trial,0,0.9965095986038395,16.6498,18.2445,1.0621,19.37987011386582,18.128290053084005,41.96271280060618,0.8960407856769591,4.037051301627733,0.6224688053627597,8.27064750736617,17.18979313089705,1.066535951831733,16.636303951019084,1.0770235229842304
692,swap_k06_0146_d00_d05_d06_d17_d18_d20,"0,5,6,17,18,20",one-channel swap audit around provisional greedy endpoint,0,0.9965095986038395,16.650000000000002,18.1786,1.2654999999999998,19.13147137198487,17.804740757979527,37.91361975610892,0.9802619684601539,8.093744749530243,0.8021973956348701,10.32142848480761,17.045521944088648,1.0619575990916028,16.63039276568662,1.0717935968045806
693,g_s04_k04_from_d04_d11_d23_add_d20,"4,11,20,23",direct full-sequence ATE forward-greedy trial,0,0.9965095986038395,16.6542,17.7201,1.1638000000000002,18.832164411346277,17.633963733199725,39.74556871231727,0.9441311137612566,8.46700198378334,0.688183458391105,9.415232905386535,16.693821712882663,1.0769979265951115,16.647288203071028,1.0891817889453912
694,r_k06_0099_d10_d13_d15_d23_d26_d28,"10,13,15,23,26,28",budget-matched cardinality-stratified random full-sequence control,0,0.9965095986038395,16.692,18.9566,1.4135,20.473149589143944,18.677670105253107,43.28140371161437,1.0701060546650345,8.724605471496103,0.8824033116643635,11.476014875648609,16.746293866598197,1.088282893713304,16.697673892273233,1.0962369003825325
695,g_s04_k04_from_d04_d11_d23_add_d21,"4,11,21,23",direct full-sequence ATE forward-greedy trial,0,0.9965095986038395,16.7192,17.7822,1.2123,18.887765002891797,17.695821813664175,41.823476980073934,0.9606188324947837,7.674995624181134,0.6940974061136912,9.502533573608897,16.564615373717643,1.0777145204909617,16.721465536786013,1.0896851811815056
696,r_k06_0017_d01_d03_d04_d08_d13_d16,"1,3,4,8,13,16",budget-matched cardinality-stratified random full-sequence control,0,0.9965095986038395,16.7238,18.269099999999998,1.0866,19.318887778469882,17.96863954070979,40.98525883416502,0.9238316122448098,7.047888668229844,0.720332772045954,11.207180649235944,16.733151883416987,1.0783330383635383,16.71656188792852,1.089553784174886
697,swap_k06_0109_d00_d05_d06_d07_d17_d30,"0,5,6,7,17,30",one-channel swap audit around provisional greedy endpoint,0,0.9965095986038395,16.7317,18.5693,1.3856,19.957915199936345,18.560219245219862,43.164945317542816,1.03841985685954,8.431946041019158,0.8266172871711682,10.272130790349307,17.528749854196725,1.061939724087377,16.716132072206698,1.0746659378160577
698,swap_k06_0140_d00_d05_d06_d12_d17_d18,"0,5,6,12,17,18",one-channel swap audit around provisional greedy endpoint,0,0.9965095986038395,16.736,17.3611,1.29,18.949105025162247,18.26139543628714,33.28189094893724,0.9681240278128851,7.756691788329246,0.7215709026263354,9.961770071423334,16.764261874268946,1.0949665582945203,16.730526097551977,1.104187929796842
699,swap_k06_0126_d00_d05_d06_d17_d26_d30,"0,5,6,17,26,30",one-channel swap audit around provisional greedy endpoint,0,0.9965095986038395,16.765900000000002,17.3744,1.3631,19.19157678050665,18.58899635488291,28.80817805584785,1.010618190281404,7.581218204263792,0.8133943704247972,9.690558258950926,16.418756024221324,1.1110626990181292,16.77828734985235,1.117746314595671
700,g_s03_k03_from_d04_d22_add_d07,"4,7,22",direct full-sequence ATE forward-greedy trial,0,0.9965095986038395,16.7794,18.3961,1.1181999999999999,20.532764871160005,19.158414512269278,42.19464332009491,0.9280770883769284,7.460900376294714,0.720841129777015,10.9533202025534,16.964475598264563,1.1126470006275366,16.77901369360836,1.1221686833694584
701,g_pair_seed_sweep_d11_d15,"11,15",fallback exhaustive two-channel full-sequence seed sweep,0,0.9965095986038395,16.7799,17.7003,1.5912,18.461671745041837,17.74432740836733,30.212255682835604,1.2430323733533708,9.973000664193252,0.8854234468469006,11.258533874012643,16.464755080915815,1.077292014835414,16.798048128902636,1.0752936579991068
702,g_s02_k04_from_d01_d05_d15_add_d02,"1,2,5,15",direct full-sequence ATE forward-greedy trial,0,0.9965095986038395,16.7928,18.2699,1.7670000000000001,19.861722324769023,18.74720821531136,32.76275231946594,1.3570289592309839,23.000245729877694,0.7105007657578889,9.544940128839954,15.866541334812704,1.123531403595194,16.826433469726197,1.1263627309684165
703,r_k05_0047_d03_d08_d10_d24_d31,"3,8,10,24,31",budget-matched cardinality-stratified random full-sequence control,0,0.9965095986038395,16.8002,17.8293,1.5085,19.74889052234484,18.939256595911342,34.22049887709942,1.2100526334472903,19.410963008979753,0.685122462912349,9.649739454249197,17.332757895970417,1.0986764543227643,16.780650196206082,1.1137531996085772
704,swap_k06_0114_d00_d05_d06_d12_d17_d30,"0,5,6,12,17,30",one-channel swap audit around provisional greedy endpoint,0,0.9965095986038395,16.8397,17.4895,1.2510000000000001,19.051957556214244,18.587169864588397,32.24485992938314,0.9706596494972834,7.876015073581685,0.7158876318511651,9.640948689374147,16.88840175423976,1.0943910430945294,16.83811310638608,1.102708941973911
705,g_pair_seed_sweep_d05_d13,"5,13",fallback exhaustive two-channel full-sequence seed sweep,0,0.9965095986038395,16.8804,17.7172,1.5309,18.928280714527133,17.68939512600104,33.93148007140036,1.2188487822834537,16.90064487975071,0.9449293621794765,13.114748904415748,16.789709919208065,1.0837643853722838,16.859012404805046,1.0965316279511752
706,g_s04_k06_from_d04_d11_d15_d18_d23_add_d01,"1,4,11,15,18,23",direct full-sequence ATE forward-greedy trial,0,0.9965095986038395,16.9078,17.6817,1.1546,18.8956914915757,18.27807286247197,32.58995821550427,0.9381686708364555,7.19559525755775,0.7032552326680738,9.73023017045467,16.540918134787187,1.0923448068865762,16.912957078163497,1.0979714994407643
707,g_s02_k04_from_d01_d05_d15_add_d11,"1,5,11,15",direct full-sequence ATE forward-greedy trial,0,0.9965095986038395,16.9358,17.3491,1.2886,19.215817199150724,18.81172457215735,27.36894590513505,0.9558175212113655,6.441516132330174,0.7129569023113342,9.319282428711348,16.782975893861266,1.1114813839579216,16.93766575217615,1.1163915086087064
708,r_k03_0094_d12_d18_d28,"12,18,28",budget-matched cardinality-stratified random full-sequence control,0,0.9965095986038395,16.9373,18.4538,2.561,20.40812952121617,18.733029293181122,34.24453293269221,1.4664917837791904,19.358591191673867,0.8025883652100347,10.375185476664388,16.683728886543854,1.125512205168145,16.931193744972646,1.1364803287711926
709,g_pair_seed_sweep_d15_d23,"15,23",fallback exhaustive two-channel full-sequence seed sweep,0,0.9965095986038395,16.9401,17.5814,1.5913,17.94498332901481,17.41891761888633,27.67682062943251,1.3207965771740482,14.554509489167735,0.8145633776108034,11.044337194825053,16.570368770303613,1.0608418777228068,16.95078978625514,1.0544106487548062
710,r_k04_0015_d01_d03_d05_d11,"1,3,5,11",budget-matched cardinality-stratified random full-sequence control,0,0.9965095986038395,16.947000000000003,18.4193,1.3042,20.419488870580203,19.277655395853106,42.359859609599695,1.1141050377170456,15.114082220732392,0.6528341133546786,8.983682069220603,17.62085892795928,1.0972943296100535,16.935223947355645,1.1149104967410508
711,g_pair_seed_sweep_d07_d11,"7,11",fallback exhaustive two-channel full-sequence seed sweep,0,0.9965095986038395,16.9755,18.2205,1.8215999999999999,21.005689020888056,20.041508200782143,39.07409003594542,1.3957658215005715,23.698110296684156,0.8490608376517377,11.416923045764847,17.719823625367194,1.1107223528912928,16.959769535666794,1.1276033959839804
712,g_pair_seed_sweep_d01_d12,"1,12",fallback exhaustive two-channel full-sequence seed sweep,0,0.9965095986038395,16.99,18.407200000000003,1.8899,19.69636348670797,17.817470915393713,32.309829672138235,1.0774825720700665,7.245592745153687,0.7493203558160644,10.75804025787951,16.569364328039306,1.0989206557452944,16.99231324059733,1.107599235366718
713,g_s04_k06_from_d04_d11_d15_d18_d23_add_d17,"4,11,15,17,18,23",direct full-sequence ATE forward-greedy trial,0,0.9965095986038395,17.0046,18.1328,1.1956,19.40804534483741,18.479140532510456,39.74073801259205,0.9576084947841805,5.610103782050818,0.7391717903490721,9.894645373578042,16.90065808718202,1.0869321516399155,17.008993166729937,1.0943352139476172
714,g_s02_k05_from_d01_d05_d13_d15_add_d27,"1,5,13,15,27",direct full-sequence ATE forward-greedy trial,0,0.9965095986038395,17.0103,18.4494,1.4297,19.06986258077393,17.583418569177255,37.28644128352766,1.072111331090165,11.500111034960105,0.8466193600016836,11.246416845456952,17.255521823524003,1.0458710431192009,16.989193144263854,1.0572503533687057
715,r_k06_0077_d05_d09_d18_d19_d22_d23,"5,9,18,19,22,23",budget-matched cardinality-stratified random full-sequence control,0,0.9965095986038395,17.0229,18.0183,1.3699,20.208552265070125,19.215093613146745,40.82350029514161,1.01464773717926,11.316128395129816,0.7357227811973742,10.671269819156954,17.263907622785197,1.1087718103642779,17.018321524650233,1.1201040738961867
716,g_s02_k05_from_d01_d05_d13_d15_add_d25,"1,5,13,15,25",direct full-sequence ATE forward-greedy trial,0,0.9965095986038395,17.041700000000002,19.0015,1.5726,19.438113010987223,17.378920249661377,35.4550259450841,1.1832957126961776,14.709580932867386,0.8897053756336439,11.811959943460469,17.291126449240004,1.0317771349155815,17.01568482124077,1.039029502263075
717,r_k03_0062_d07_d12_d30,"7,12,30",budget-matched cardinality-stratified random full-sequence control,0,0.9965095986038395,17.055500000000002,17.9669,1.3879000000000001,20.030574318688036,19.245723773715373,35.247307564179565,1.0050395171210287,7.127240935427312,0.764286253805958,9.344780463904154,17.623823602884105,1.0990369287467232,17.047843668826108,1.1135965897278435
718,r_k06_0008_d00_d07_d11_d14_d21_d28,"0,7,11,14,21,28",budget-matched cardinality-stratified random full-sequence control,0,0.9965095986038395,17.066799999999997,18.6522,1.1411,19.90060621812921,18.477850741964062,42.15120453716361,0.9446960312998205,6.616204377914364,0.7805209619392316,10.364598942188127,17.258472218294,1.0774542522148483,17.061390012470344,1.0880893070914233
719,g_pair_seed_sweep_d02_d05,"2,5",fallback exhaustive two-channel full-sequence seed sweep,0,0.9965095986038395,17.110400000000002,20.119899999999998,2.1395999999999997,25.19156935361356,22.9916549408874,66.36827891658292,1.566685949237336,25.13453678166091,0.6642317674555357,5.166714516084338,20.093663092655174,1.1354685229643902,17.09490718245107,1.1688672052720541
720,g_s01_k04_from_d00_d05_d18_add_d07,"0,5,7,18",direct full-sequence ATE forward-greedy trial,0,0.9965095986038395,17.119400000000002,18.4744,1.5064,20.281461198912716,18.954121330314592,38.0224708692907,1.0920853017381664,11.865128241683065,0.7590760332987454,10.384838867890737,17.821883077226282,1.0844745309058892,17.09898228844233,1.099824969679271
721,g_s02_k03_from_d01_d05_add_d22,"1,5,22",direct full-sequence ATE forward-greedy trial,0,0.9965095986038395,17.1306,17.8498,1.3995,20.216164784191733,19.291777865778126,36.431851072460425,1.0381126661157167,8.649886538697597,0.7453118857239912,10.993458563579061,17.434436367003084,1.1175957026252292,17.120663961559867,1.1273706469150437
722,g_pair_seed_sweep_d05_d27,"5,27",fallback exhaustive two-channel full-sequence seed sweep,0,0.9965095986038395,17.1382,18.8032,1.6138,20.405780239816583,18.893390114625593,36.66831932443133,1.232944058588121,17.780137890481885,0.6014438765099186,4.423707955471051,18.344112836202264,1.053436397278378,17.121263887450137,1.0728406249809967
723,g_s02_k04_from_d01_d05_d15_add_d30,"1,5,15,30",direct full-sequence ATE forward-greedy trial,0,0.9965095986038395,17.1424,18.1194,1.4966,19.477604453438232,18.785529326507394,32.357685513344904,1.0583263385826296,7.1813599310719605,0.817816983306942,9.364491128368956,16.72220839890632,1.103167176202789,17.163815026007562,1.1046725370102637
724,g_s01_k04_from_d00_d05_d18_add_d03,"0,3,5,18",direct full-sequence ATE forward-greedy trial,0,0.9965095986038395,17.1587,18.493499999999997,1.1452,19.986819405299787,18.86546812577402,39.92418967394285,0.9557574872441206,6.83323481164967,0.6735143281399085,8.520843854804554,17.42440387328153,1.0903766709777407,17.148182349476706,1.1029936148111066
725,g_s01_k04_from_d00_d05_d18_add_d01,"0,1,5,18",direct full-sequence ATE forward-greedy trial,0,0.9965095986038395,17.1615,18.196,1.4161,19.052050662056118,18.184202219795615,29.457762545423392,1.058760073523382,7.678239831636781,0.7789755400767601,9.241958358594207,16.565053330186274,1.0905646608430075,17.176918656605505,1.0937350833786927
726,g_pair_seed_sweep_d14_d21,"14,21",fallback exhaustive two-channel full-sequence seed sweep,0,0.9965095986038395,17.1648,18.7569,1.6718,19.771594011156704,18.173742787617176,31.993126829694578,1.1403119003999456,11.26667711244364,0.8059538184101814,10.314936409464087,17.43024090052962,1.0725638051469248,17.155590959352303,1.0905010054597302
727,r_k03_0025_d02_d26_d27,"2,26,27",budget-matched cardinality-stratified random full-sequence control,0,0.9965095986038395,17.1683,18.7921,1.4774,20.046199930072504,18.802841525753312,39.09702152201397,1.1492076295245723,10.164775534742299,0.8645010902252266,10.657203406859061,17.49539856969406,1.070831738857151,17.166345269554085,1.0878744021306188
728,g_s04_k05_from_d04_d11_d15_d23_add_d20,"4,11,15,20,23",direct full-sequence ATE forward-greedy trial,0,0.9965095986038395,17.183200000000003,17.962,1.1797,19.036629185521267,18.13240855974755,37.3397770222669,0.9231459310395528,5.7964367140334865,0.6950631184966736,9.384673000696962,17.08888009918659,1.081059400343441,17.178033480449457,1.0897740054728555
729,r_k06_0015_d00_d20_d22_d24_d25_d30,"0,20,22,24,25,30",budget-matched cardinality-stratified random full-sequence control,0,0.9965095986038395,17.1848,18.5181,1.616,20.66117835575875,20.051132057070774,36.53999541077086,1.2524285900200047,18.67168027186495,0.7124460604994093,11.350574046441317,18.05495535825054,1.09665355889344,17.16404774605809,1.1122472830908392
730,g_pair_seed_sweep_d24_d28,"24,28",fallback exhaustive two-channel full-sequence seed sweep,0,0.9965095986038395,17.2184,18.2594,2.2578,21.74134865440246,20.94669684419953,33.852014226068064,1.6029480893991181,28.031746886328484,0.8140077193896856,12.306473927503593,17.60753072119059,1.153517752744499,17.19878263155968,1.1713839391044352
731,g_s03_k03_from_d04_d22_add_d03,"3,4,22",direct full-sequence ATE forward-greedy trial,0,0.9965095986038395,17.224999999999998,18.718,1.2435999999999998,20.4843665602949,19.454385581488477,38.49719007236829,1.013517513883378,10.473345522962987,0.6833328423581925,9.36609389192227,18.031832338099456,1.087190268616868,17.204792647737357,1.103007342250649
732,g_s02_k04_from_d01_d05_d15_add_d09,"1,5,9,15",direct full-sequence ATE forward-greedy trial,0,0.9965095986038395,17.2289,18.279799999999998,1.4077,19.211067881223816,18.311963414860756,32.35406771422459,1.0333833266337578,7.841307211373917,0.7821814013992213,9.692187431792343,16.606714067137307,1.0937326894970845,17.25675833395828,1.0964406184798872
733,g_pair_seed_sweep_d12_d15,"12,15",fallback exhaustive two-channel full-sequence seed sweep,0,0.9965095986038395,17.262,17.921,1.3889,19.371493627415063,19.026845062872745,24.68158026861439,0.9760414598597398,4.978815662360846,0.6087719893115388,3.5662688491017214,17.631055026265592,1.0822952746097982,17.26805000859602,1.0905908269874007
734,r_k06_0019_d01_d03_d07_d08_d12_d16,"1,3,7,8,12,16",budget-matched cardinality-stratified random full-sequence control,0,0.9965095986038395,17.2654,18.582,1.0605,20.043176145514746,18.935789030920844,38.7130686230774,0.8962206921102028,5.960072078986137,0.6946738651362903,10.175063526033323,17.1472620749526,1.0987262928142443,17.261723086105192,1.1088395027905327
735,g_pair_seed_sweep_d07_d27,"7,27",fallback exhaustive two-channel full-sequence seed sweep,0,0.9965095986038395,17.266599999999997,18.9725,1.4734,21.268193482084143,19.923978718999273,46.60535130633136,1.1604378112952671,10.220768396459604,0.9184714162582722,11.861456723710319,17.808234949556777,1.1031649752897048,17.25896818399209,1.1211113284058964
736,r_k04_0052_d04_d20_d26_d27,"4,20,26,27",budget-matched cardinality-stratified random full-sequence control,0,0.9965095986038395,17.277,18.7758,1.2378,20.22786288180444,18.859226059678946,40.45414908307899,1.0085928973018319,8.734960906763687,0.7482711989571822,10.71786859266265,17.039270976999816,1.0962482836712357,17.28859299104615,1.1095741337903955
737,r_k04_0053_d05_d06_d19_d25,"5,6,19,25",budget-matched cardinality-stratified random full-sequence control,0,0.9965095986038395,17.281299999999998,19.17,1.2755,20.418096281215995,19.22767328039096,42.28747842588153,1.063548176215967,14.389457343476645,0.712932577911118,11.465696112576733,17.781833420097296,1.0770546298780233,17.267794998039168,1.0892801752035093
738,r_k04_0007_d00_d06_d12_d23,"0,6,12,23",budget-matched cardinality-stratified random full-sequence control,0,0.9965095986038395,17.3004,18.448800000000002,1.4045999999999998,19.299740419360333,18.272509844401508,36.0991934030174,1.0303939862740077,9.863359877143008,0.780984964008458,9.257204348483965,17.635446586342162,1.0647608226004015,17.27738240002534,1.0755141249406117
739,g_s02_k05_from_d01_d05_d13_d15_add_d21,"1,5,13,15,21",direct full-sequence ATE forward-greedy trial,0,0.9965095986038395,17.3201,18.8463,1.5761,19.82164308336534,18.56339194270008,40.790326873799174,1.3041090701220135,23.071825261919646,0.7667336395592149,11.194619693094072,17.054262546402327,1.084326972880716,17.315919201381078,1.0926125171786154
740,g_s04_k05_from_d04_d11_d15_d23_add_d29,"4,11,15,23,29",direct full-sequence ATE forward-greedy trial,0,0.9965095986038395,17.3379,18.0953,1.3358999999999999,19.473033096843213,18.70606749236456,37.32120933032903,1.0171972999887158,10.89690381661766,0.7394737078636783,10.20666613290513,17.12883240665117,1.0948608239825472,17.340095141984435,1.1028195913891246
741,g_pair_seed_sweep_d07_d14,"7,14",fallback exhaustive two-channel full-sequence seed sweep,0,0.9965095986038395,17.3417,18.6966,1.5800999999999998,20.784553857566042,19.587042405804727,42.201069342466546,1.2151160797248584,15.691668774318766,0.8805939273243283,14.18967334783822,17.94657687022604,1.0931765938897973,17.326403974463574,1.110745634923692
742,g_pair_seed_sweep_d01_d02,"1,2",fallback exhaustive two-channel full-sequence seed sweep,0,0.9965095986038395,17.3778,18.2846,1.7343000000000002,18.244206805741328,16.987666260704955,26.805705431595435,1.3093302510818445,13.78741179158415,0.9641747864770382,11.983882737565345,16.811329623042155,1.047278722875458,17.39787256020732,1.0484557647838768
743,r_k03_0038_d04_d06_d07,"4,6,7",budget-matched cardinality-stratified random full-sequence control,0,0.9965095986038395,17.3913,19.2914,1.2782,20.812591664116866,19.291431276124808,44.72229486890682,1.0607856349703952,10.318362346192105,0.7821407556331488,11.572527891272697,17.72981975283214,1.090154405665649,17.383313049965295,1.1029756552472376
744,g_s01_k04_from_d00_d05_d18_add_d12,"0,5,12,18",direct full-sequence ATE forward-greedy trial,0,0.9965095986038395,17.393900000000002,18.0456,1.2821,19.348523021299403,18.672077165871126,33.61003310901241,0.9911828875433156,7.93344670189569,0.7150979246337316,9.437836174479171,17.222586238379918,1.0909487868440864,17.389066545210568,1.0997792526289192
745,r_k04_0054_d05_d09_d11_d17,"5,9,11,17",budget-matched cardinality-stratified random full-sequence control,0,0.9965095986038395,17.4089,17.972099999999998,1.3840999999999999,19.584383336724315,18.952878850763845,33.55503458008441,0.9766424989015137,5.819602057390373,0.7702113131164545,9.885221640289467,17.364269755313718,1.095999664688129,17.412537093934798,1.1044666598044155
746,swap_k06_0043_d00_d06_d17_d18_d21_d30,"0,6,17,18,21,30",one-channel swap audit around provisional greedy endpoint,0,0.9965095986038395,17.4543,18.0564,1.5063,19.315849143183996,18.968494460004077,28.2979138870414,1.1078974738377134,10.35208987170219,0.7760005608978762,9.907755395316734,17.745276825481486,1.0766940489953543,17.44426101814785,1.087586142422565
747,g_s04_k04_from_d04_d11_d23_add_d03,"3,4,11,23",direct full-sequence ATE forward-greedy trial,0,0.9965095986038395,17.4545,18.9528,1.0756,19.850902278532676,18.497614348195444,41.518850924323594,0.9145527397716725,6.714841101143924,0.6562272776569447,8.491488697401898,17.74818327114255,1.0672223468636781,17.440063742601396,1.0790933724880867
748,g_pair_seed_sweep_d03_d11,"3,11",fallback exhaustive two-channel full-sequence seed sweep,0,0.9965095986038395,17.4634,18.266299999999998,1.3847999999999998,20.82432185915058,19.82988982982389,32.77106788085583,0.9926263295830761,6.708702087868695,0.6853395113737694,8.555016632311393,17.359644415248045,1.134481391188031,17.457942073336923,1.1515867703218745
749,r_k03_0117_d23_d29_d31,"23,29,31",budget-matched cardinality-stratified random full-sequence control,0,0.9965095986038395,17.4671,18.6135,2.2651,19.043032737013917,18.169991934951224,44.50701987589928,1.7829240850616177,27.233641016239662,1.0464553550579987,11.090671672147922,17.441676182633763,1.0469281411600455,17.452038817112083,1.0446623580945642
750,r_k03_0031_d03_d10_d30,"3,10,30",budget-matched cardinality-stratified random full-sequence control,0,0.9965095986038395,17.4791,18.0545,1.7642000000000002,19.26765898031081,18.520887086098316,32.459016725233106,1.388316236025216,23.505227779631245,0.6527962496002085,7.016405976589792,16.49778034793303,1.1076040430848735,17.505220248598818,1.1112026885670914
751,g_pair_seed_sweep_d00_d24,"0,24",fallback exhaustive two-channel full-sequence seed sweep,0,0.9965095986038395,17.491300000000003,18.8741,2.0604999999999998,20.46192436577436,19.58308632833016,29.734989068906696,1.565416032453336,22.72987466070992,0.8401520238143663,14.554984824910832,17.80114534665128,1.0887940554929907,17.46690844043701,1.1034777620628338
752,r_k05_0111_d16_d25_d26_d30_d31,"16,25,26,30,31",budget-matched cardinality-stratified random full-sequence control,0,0.9965095986038395,17.511,18.6895,1.4631,19.65348673229907,18.650952903491856,36.57218509733946,1.113493606372834,9.998724034771488,0.8271504564283498,11.26490649710157,17.971285229971723,1.0548731698639224,17.4883578472893,1.070662724513412
753,g_s02_k04_from_d01_d05_d15_add_d12,"1,5,12,15",direct full-sequence ATE forward-greedy trial,0,0.9965095986038395,17.535800000000002,18.169,1.2768,19.704324473223338,19.1342367093251,33.14562347961337,1.0033589377828878,9.966474889851229,0.7030260264679429,9.56162271394506,17.24805596422368,1.1032450140093886,17.53798004288261,1.1115755396547609
754,g_pair_seed_sweep_d21_d27,"21,27",fallback exhaustive two-channel full-sequence seed sweep,0,0.9965095986038395,17.5424,18.610699999999998,1.5301,19.72427950737147,18.418317354454018,37.83727172186641,1.1708464160494494,13.707046571821374,0.7236832404690392,10.210613825680094,18.039470265540743,1.0658480023694645,17.524437814779773,1.083682157291503
755,g_s03_k03_from_d04_d22_add_d26,"4,22,26",direct full-sequence ATE forward-greedy trial,0,0.9965095986038395,17.5466,18.8523,1.4002999999999999,20.545393910618802,19.185333982607634,44.01303250680002,1.0829911674796546,10.99889272570195,0.7967379353801333,11.249949411583604,18.049863323156863,1.092276454407979,17.52811046713357,1.1036959266281297
756,g_s02_k03_from_d01_d05_add_d07,"1,5,7",direct full-sequence ATE forward-greedy trial,0,0.9965095986038395,17.5712,19.172,1.4085,21.100214415964558,19.626960929957146,42.42596974299831,1.0653764480551768,8.627282797032848,0.8053543828038754,11.070045108700862,18.152231621038066,1.0937124094725414,17.5608087792681,1.109294076076674
757,g_s04_k06_from_d04_d11_d15_d18_d23_add_d09,"4,9,11,15,18,23",direct full-sequence ATE forward-greedy trial,0,0.9965095986038395,17.572,18.1587,1.4195,19.429279243174886,18.918881931215896,31.947932190552645,1.0270585074119705,9.718132611642188,0.7561343850094037,9.438058883861508,17.566880583214015,1.0838515889850875,17.57290118098398,1.0899872435337148
758,r_k05_0057_d04_d11_d14_d15_d29,"4,11,14,15,29",budget-matched cardinality-stratified random full-sequence control,0,0.9965095986038395,17.576800000000002,17.962,1.3328,19.415747828362385,18.867591226588317,31.983632951781093,0.9785491426234022,7.405575812536372,0.7301425821487403,10.101745541738424,17.273044333765274,1.0994634417865536,17.583492260752834,1.1086988504525168
759,r_k06_0086_d07_d12_d14_d17_d30_d31,"7,12,14,17,30,31",budget-matched cardinality-stratified random full-sequence control,0,0.9965095986038395,17.579700000000003,18.3437,1.3033,19.780992442121654,19.165313216017445,29.789166051612913,0.970359020494203,6.643509748637013,0.7646263135246044,10.39615719373481,17.116706137554374,1.103161279585846,17.59446572323804,1.111292780141237
760,r_k05_0037_d02_d07_d10_d21_d31,"2,7,10,21,31",budget-matched cardinality-stratified random full-sequence control,0,0.9965095986038395,17.5859,18.3504,1.2622,20.944923679419357,20.317566823779153,37.89280013405583,1.0364177369035952,10.749221377540879,0.7183180949463734,10.041937289171852,17.507090842479137,1.1321039247061884,17.596693942521412,1.138558372633812
761,g_s02_k06_from_d01_d05_d13_d15_d31_add_d19,"1,5,13,15,19,31",direct full-sequence ATE forward-greedy trial,0,0.9965095986038395,17.5909,19.0014,1.6445,20.17680283226681,18.941389001892272,43.05732450269647,1.3397898393726642,23.773766060349683,0.7902984964427938,12.124349852739323,17.194435811612063,1.0938950494076338,17.588522199132512,1.100679502164423
762,g_pair_seed_sweep_d02_d12,"2,12",fallback exhaustive two-channel full-sequence seed sweep,0,0.9965095986038395,17.6253,19.1136,2.1572999999999998,21.31660607026471,19.782602055205793,35.66678236956224,1.4515602108598404,21.520693560319632,0.7894107193309772,11.331563432014308,17.595989894089385,1.130406072386286,17.61863544267139,1.140654476019969
763,g_pair_seed_sweep_d18_d23,"18,23",fallback exhaustive two-channel full-sequence seed sweep,0,0.9965095986038395,17.644000000000002,19.0764,1.6979000000000002,19.66745741675451,18.090546821728292,41.47999062533714,1.3330534916258194,13.820544945180337,0.8440837359183831,6.894333238207128,17.73450180258027,1.0557450744035686,17.61738780287276,1.0658974548829507
764,g_s03_k05_from_d04_d15_d22_d25_add_d24,"4,15,22,24,25",direct full-sequence ATE forward-greedy trial,0,0.9965095986038395,17.648,19.3177,1.4797,21.14637403831862,20.059943309076772,44.43391608581707,1.19863183538293,19.4616819951389,0.7045071612553825,11.203979758559363,18.207482873327272,1.0963158729816442,17.632403743618795,1.1095038438321996
765,g_s04_k06_from_d04_d11_d15_d18_d23_add_d03,"3,4,11,15,18,23",direct full-sequence ATE forward-greedy trial,0,0.9965095986038395,17.6543,19.0182,1.2736,20.25496272190794,18.970642488399722,41.424895194077784,1.0655712201150274,15.03624475963165,0.6263639312288826,8.562831749160337,17.893868027093337,1.0827466977381732,17.63925473984255,1.0959161354201947
766,r_k03_0059_d07_d08_d10,"7,8,10",budget-matched cardinality-stratified random full-sequence control,0,0.9965095986038395,17.6659,19.7841,1.4633,21.442802291178854,20.00006025544227,46.06987872961435,1.1012394324330474,9.980001014525115,0.9655308154660733,12.73587246514223,17.879473208248232,1.089159528800919,17.669570144050255,1.098499970857316
767,g_s04_k04_from_d04_d11_d23_add_d08,"4,8,11,23",direct full-sequence ATE forward-greedy trial,0,0.9965095986038395,17.674500000000002,19.508300000000002,1.1922,20.577220784720144,18.783957296815444,49.37988855878123,0.9808464370471442,7.8131343564299485,0.7309114210983473,10.030133731412327,17.72953511017826,1.075061262851086,17.665546073012884,1.0893456108523831
768,r_k06_0064_d03_d10_d16_d17_d25_d27,"3,10,16,17,25,27",budget-matched cardinality-stratified random full-sequence control,0,0.9965095986038395,17.6855,19.8653,1.0579,20.708979678287925,19.16813944016831,43.24032491044766,0.9126060466282695,7.51499645473949,0.740067481811213,9.597422729631992,17.617887304847095,1.0721071745274848,17.699350124010177,1.080934069334195
769,g_s01_k03_from_d00_d05_add_d22,"0,5,22",direct full-sequence ATE forward-greedy trial,0,0.9965095986038395,17.6872,19.1375,1.4708,21.074842550180065,19.92275123592608,40.66685838286017,1.1057811254625771,9.794246073930198,0.8108452424593076,10.966874346420955,18.31562207778062,1.0989384629401453,17.666830171297292,1.1100857753354767
770,r_k06_0048_d02_d11_d12_d25_d28_d31,"2,11,12,25,28,31",budget-matched cardinality-stratified random full-sequence control,0,0.9965095986038395,17.705299999999998,18.4802,1.4211,20.682075022744737,19.742983776214125,37.00613268843334,1.0903538891275,15.36520714379092,0.6619100113673828,9.314945349591897,17.73843592869163,1.121330238502712,17.69452449241172,1.1327868817613738
771,r_k03_0119_d25_d29_d31,"25,29,31",budget-matched cardinality-stratified random full-sequence control,0,0.9965095986038395,17.7064,19.2241,1.455,19.929280609087087,18.58080081169661,37.62833295431438,1.2127778422178985,13.304342204936498,0.7954291782615575,10.532123337476849,18.312880244080137,1.047170304950153,17.681439011568976,1.0592600844253355
772,g_s01_k03_from_d00_d05_add_d06,"0,5,6",direct full-sequence ATE forward-greedy trial,0,0.9965095986038395,17.7678,19.514799999999997,1.4073,20.388607443607754,18.69599011366204,37.04629557562101,1.046425496188646,9.113471567415905,0.7738596949960859,10.141688426989655,18.4025775885371,1.0444096253513608,17.737544129924192,1.0526666970186902
773,g_pair_seed_sweep_d11_d21,"11,21",fallback exhaustive two-channel full-sequence seed sweep,0,0.9965095986038395,17.7714,18.479300000000002,1.4437,19.88177120367538,19.015845193829982,39.30332293846862,1.16305171646981,15.808962468994014,0.7081807393568686,9.708449289558413,17.757122382047914,1.0919650840708295,17.7654222933011,1.105026129889254
774,r_k04_0073_d06_d21_d28_d31,"6,21,28,31",budget-matched cardinality-stratified random full-sequence control,0,0.9965095986038395,17.7744,19.4251,1.8447000000000002,20.49314317384118,19.418241224984303,42.52686632438262,1.351721794895876,16.04719341423256,0.9317469978058972,11.220672083237721,18.319746917905633,1.0704070387950324,17.760809018432454,1.0827915339889453
775,g_pair_seed_sweep_d20_d31,"20,31",fallback exhaustive two-channel full-sequence seed sweep,0,0.9965095986038395,17.7948,19.5126,2.2426999999999997,21.168090033690785,19.96679987765864,36.80075266306017,1.727763948220821,18.121555000433194,1.006325429991611,10.181975257338054,19.484474471750783,1.0561084940108922,17.780616662705498,1.065135178970468
776,r_k04_0018_d01_d03_d16_d24,"1,3,16,24",budget-matched cardinality-stratified random full-sequence control,0,0.9965095986038395,17.7979,18.7486,1.6882000000000001,20.700271262880158,20.033044788603355,36.042432664366075,1.290167404804545,16.772326890681736,0.7552993894161858,11.939957694065601,18.189198488591668,1.103406056638634,17.777763067714762,1.1227926723675286
777,r_k06_0041_d02_d06_d07_d22_d28_d31,"2,6,7,22,28,31",budget-matched cardinality-stratified random full-sequence control,0,0.9965095986038395,17.8245,19.2299,1.7659,22.19894580192868,20.858736805775898,45.41966781092158,1.3305769044453697,13.403152768993232,0.8632781070780348,11.467583854623376,18.31903294206649,1.1347176297983579,17.80948510097865,1.148088571339302
778,r_k04_0047_d04_d09_d14_d26,"4,9,14,26",budget-matched cardinality-stratified random full-sequence control,0,0.9965095986038395,17.8287,18.7045,1.3722,19.813438586274994,18.86330257793942,34.05226246717189,1.036346598502808,6.752099186938905,0.8131820833774833,10.685562143114291,17.506366974670858,1.0845101585131556,17.842339829697025,1.0951150362363713
779,g_pair_seed_sweep_d03_d15,"3,15",fallback exhaustive two-channel full-sequence seed sweep,0,0.9965095986038395,17.8295,19.297900000000002,1.5558,21.68195513780755,21.14813899619338,33.10011453992647,1.1719357258931495,17.58611788428569,0.5911142437245867,3.6073021543450983,19.290264315719625,1.0944789587454746,17.798329914820794,1.1177552407330513
780,bqs_historical_top4,"4,9,10,15","historical BQS-greedy path Top-4 prefix, re-evaluated here",0,0.9965095986038395,17.8502,19.453,1.8733,19.57017336715164,18.24380967531331,35.36653592647348,1.4734130856063794,23.019665150743936,0.8095988290695438,10.025371824642146,17.114766985554304,1.0663098517456628,17.890113113456973,1.0593562810043216
781,bqs_historical_top4,"4,9,10,15",final repeat validation for B4_historical_bqs_prefix,1,0.9965095986038395,17.8502,19.453,1.8733,19.57017336715164,18.24380967531331,35.36653592647348,1.4734130856063794,23.019665150743936,0.8095988290695438,10.025371824642146,17.114766985554304,1.0663098517456628,17.890113113456973,1.0593562810043216
782,bqs_historical_top4,"4,9,10,15",final repeat validation for B4_historical_bqs_prefix,2,0.9965095986038395,17.8502,19.453,1.8733,19.57017336715164,18.24380967531331,35.36653592647348,1.4734130856063794,23.019665150743936,0.8095988290695438,10.025371824642146,17.114766985554304,1.0663098517456628,17.890113113456973,1.0593562810043216
783,g_s02_k05_from_d01_d05_d13_d15_add_d03,"1,3,5,13,15",direct full-sequence ATE forward-greedy trial,0,0.9965095986038395,17.8522,19.7625,1.2604,20.378165090765954,18.96854303118759,39.01521082742169,1.0319843090414222,9.76342077413749,0.6968944856278944,10.892799888760832,18.15960766395555,1.0547892533034198,17.833545200431104,1.0650991427591654
784,g_s01_k05_from_d00_d05_d18_d30_add_d10,"0,5,10,18,30",direct full-sequence ATE forward-greedy trial,0,0.9965095986038395,17.8524,19.065199999999997,1.4434,19.66353603908921,18.633847106800292,31.961166485587313,1.1470426788520938,12.487115135102636,0.8169896225029903,9.255007802985038,17.29792591328156,1.0831604299813888,17.872949754846758,1.0803672384849912
785,g_pair_seed_sweep_d11_d28,"11,28",fallback exhaustive two-channel full-sequence seed sweep,0,0.9965095986038395,17.863200000000003,18.6266,1.629,20.96019676696298,20.108978505942527,40.9365703585871,1.2332024802357415,9.188213731196406,0.9788092595106012,9.90039619757599,17.803999720891344,1.1232213901162906,17.867021767506017,1.128698499584204
786,g_s02_k04_from_d01_d05_d15_add_d16,"1,5,15,16",direct full-sequence ATE forward-greedy trial,0,0.9965095986038395,17.8756,19.2289,1.5577,20.215730895531628,18.91427138261678,32.528749656774515,1.2041482502532004,17.847803824674262,0.7407766909976718,10.244928923863574,16.84809214905266,1.108519313247551,17.90157971113926,1.1140986143480185
787,g_pair_seed_sweep_d18_d21,"18,21",fallback exhaustive two-channel full-sequence seed sweep,0,0.9965095986038395,17.8844,18.823,1.6559000000000001,20.877275348254727,19.523196678773587,36.25626266334756,1.1068995071504701,8.439731377728728,0.7455541040177434,10.251315793757653,18.35915355130305,1.107104758715466,17.869700568373897,1.1218102842620117
788,r_k04_0098_d10_d13_d15_d23,"10,13,15,23",budget-matched cardinality-stratified random full-sequence control,0,0.9965095986038395,17.888299999999997,19.768900000000002,1.3155000000000001,20.550541085649503,19.17737169806827,39.0940306559137,1.0818733450067861,10.245641022143378,0.9389802436690696,12.666432430751033,17.83172879778175,1.0631789800159663,17.898823701886563,1.0634439831077918
789,g_pair_seed_sweep_d00_d09,"0,9",fallback exhaustive two-channel full-sequence seed sweep,0,0.9965095986038395,17.9048,18.801000000000002,1.9636,19.87735519065748,18.277644984236872,41.28304089146894,1.4450120603319347,14.15726323615418,1.1479982847494958,13.039651422448276,17.88574045864638,1.0599679192113265,17.896623402028787,1.0764800370174221
790,g_s04_k06_from_d04_d11_d15_d18_d23_add_d29,"4,11,15,18,23,29",direct full-sequence ATE forward-greedy trial,0,0.9965095986038395,17.928,18.653,1.2225,19.838429499524686,19.23376684442876,34.615822407427245,0.9470445441077866,7.329482166958622,0.7236803950338965,9.963569282417403,17.618592049354163,1.0928331928350035,17.93187059522563,1.0995544717208838
791,g_s04_k03_from_d11_d23_add_d21,"11,21,23",direct full-sequence ATE forward-greedy trial,0,0.9965095986038395,17.942,19.5915,1.1755,20.46822601574216,19.183936154927782,42.50541424999519,0.9803804813577504,7.238864492216876,0.6569520597457597,7.465416528492064,18.34092673033928,1.062365969442513,17.92448482878934,1.0746131653035047
792,swap_k06_0136_d00_d05_d06_d08_d17_d18,"0,5,6,8,17,18",one-channel swap audit around provisional greedy endpoint,0,0.9965095986038395,17.9515,19.1565,1.3715,19.90301451463102,18.656905875482742,37.64452934388961,1.0215753048630252,7.0678321220348685,0.839145681639286,10.340105838746663,18.133281521932954,1.0593093702206082,17.924904932231932,1.071981078973427
793,r_k05_0065_d05_d11_d16_d26_d27,"5,11,16,26,27",budget-matched cardinality-stratified random full-sequence control,0,0.9965095986038395,17.956,19.459699999999998,1.3203,21.212596093102565,19.898298208824933,46.58649353590163,1.0645662896255956,11.008380171007268,0.7526494478692516,10.902026801350937,18.285148147938074,1.0956734560075425,17.948026366321155,1.1129482746997044
794,g_s03_k03_from_d04_d22_add_d20,"4,20,22",direct full-sequence ATE forward-greedy trial,0,0.9965095986038395,17.9652,19.2916,1.3893,21.521659981429607,20.546040016543436,42.56136485563907,1.0726902897784896,9.45536796387965,0.8201965350004616,11.538520553304503,18.535660519018705,1.110622949575059,17.951185438959126,1.1284445927905535
795,r_k05_0088_d09_d10_d11_d12_d21,"9,10,11,12,21",budget-matched cardinality-stratified random full-sequence control,0,0.9965095986038395,17.9676,18.7452,1.308,19.782459258895294,19.099208973077964,33.66725148569537,1.0360962810965995,10.24039323863401,0.7043506583313182,7.661021025181604,17.77011354295397,1.0807370566669283,17.97797471673181,1.0854846626095718
796,g_s02_k04_from_d01_d05_d15_add_d10,"1,5,10,15",direct full-sequence ATE forward-greedy trial,0,0.9965095986038395,17.9838,20.0054,2.1768,20.240476274130128,18.76339895388218,33.802320055432595,1.721730081225098,33.9202190815277,0.756389345500225,9.055664192072307,17.116138457458955,1.0825704850985183,18.015483733134595,1.0778224792687272
797,g_pair_seed_sweep_d04_d17,"4,17",fallback exhaustive two-channel full-sequence seed sweep,0,0.9965095986038395,17.9943,18.8371,1.7377,19.210974326125235,17.745022656025267,33.18222350130217,1.3329958445885197,18.38765544225261,0.8323178524064064,11.194947524582675,16.721414447930652,1.0900964426155002,18.020276351215355,1.097436818952654
798,g_pair_seed_sweep_d03_d09,"3,9",fallback exhaustive two-channel full-sequence seed sweep,0,0.9965095986038395,17.9954,19.0694,1.5362,21.01490297619203,19.976967143859472,31.32139612684886,1.139612880512906,10.472973868981171,0.6808499980963362,6.318750377311647,18.518620827683836,1.0978901034859918,17.999650064702372,1.1131449098317867
799,g_pair_seed_sweep_d06_d21,"6,21",fallback exhaustive two-channel full-sequence seed sweep,0,0.9965095986038395,17.999200000000002,19.1304,1.5980999999999999,20.611730361582772,19.819856423229208,39.16168415943044,1.2033410278315158,12.617205960328985,0.8898603769631626,11.382447712357141,18.695778206236838,1.0765826308618995,17.979581225267395,1.0916187124105587
800,g_pair_seed_sweep_d12_d18,"12,18",fallback exhaustive two-channel full-sequence seed sweep,0,0.9965095986038395,18.0047,19.9433,2.1788,21.63640456953525,19.899139776971964,38.17786470178234,1.3176549386869527,16.2192418207299,0.7852267311659665,10.364833201999454,18.210550549675585,1.1171445602885408,17.98362148279027,1.1309394706550875
801,r_k06_0058_d03_d05_d10_d17_d18_d28,"3,5,10,17,18,28",budget-matched cardinality-stratified random full-sequence control,0,0.9965095986038395,18.012800000000002,18.4643,1.6012,20.336390687837845,19.54882000158004,35.148698599253116,1.229187881759639,19.81427947048878,0.648860597471872,8.591221128646978,17.823021266234555,1.1127519681783256,18.015571181394336,1.1253848277814809
802,r_k05_0031_d02_d04_d08_d12_d21,"2,4,8,12,21",budget-matched cardinality-stratified random full-sequence control,0,0.9965095986038395,18.0203,18.9943,1.6597,19.913391508461288,18.885289739545648,35.217439431980885,1.3239021015017165,23.070243641596537,0.7078714001300778,10.500644378212302,17.60644806880712,1.0857427681286413,18.016150108349123,1.0971701816935149
803,r_k03_0086_d11_d18_d26,"11,18,26",budget-matched cardinality-stratified random full-sequence control,0,0.9965095986038395,18.029400000000003,19.540499999999998,1.4917,20.81191242385742,19.236742543606727,47.64531014022898,1.1490516244814741,11.082177097748149,0.9095672346800197,9.607953771939782,18.322386270305806,1.0668444288874621,18.018534564971365,1.082775991650068
804,r_k06_0032_d01_d15_d16_d18_d27_d30,"1,15,16,18,27,30",budget-matched cardinality-stratified random full-sequence control,0,0.9965095986038395,18.029700000000002,18.8789,1.5105,20.022573948862895,19.30144454444812,35.70919320162849,1.1493134465288763,9.568498878436543,0.886486503475253,10.72938947649492,18.344463901313656,1.0697575952037157,18.031910383254303,1.0851535190379569
805,swap_k06_0133_d00_d03_d05_d06_d17_d18,"0,3,5,6,17,18",one-channel swap audit around provisional greedy endpoint,0,0.9965095986038395,18.0363,19.2361,1.2039,20.38395074843585,19.366379682686606,40.1157014555343,0.9602532854248964,6.538314699763808,0.7541372042309353,9.507624421554874,18.182253591519267,1.08179841253255,18.028048420292784,1.0922939387769137
806,g_s04_k06_from_d04_d11_d15_d18_d23_add_d28,"4,11,15,18,23,28",direct full-sequence ATE forward-greedy trial,0,0.9965095986038395,18.043300000000002,18.7967,1.2673999999999999,20.172544633429638,19.450057580309167,38.233703408665434,0.9714589273156514,7.411823998426181,0.7028796079640185,9.284045666143294,17.668813119222225,1.1001069653713005,18.04931545395826,1.1054922146664552
807,g_s02_k04_from_d01_d05_d15_add_d20,"1,5,15,20",direct full-sequence ATE forward-greedy trial,0,0.9965095986038395,18.0505,18.7746,1.3539,20.032686149111637,19.03877489220112,37.23229802520541,1.0084564688330002,8.033231326361184,0.702259508477315,9.480902088155869,18.069694036769583,1.0884927373905768,18.03859244032445,1.0948652237563052
808,g_pair_seed_sweep_d02_d11,"2,11",fallback exhaustive two-channel full-sequence seed sweep,0,0.9965095986038395,18.0698,19.7682,1.8466,21.996885174871682,20.652444767084756,38.750497051051944,1.1987059778424665,12.313966898140924,0.8777044620635102,10.317416935655002,19.20620493637796,1.0989855056355256,18.044265427461838,1.116568653742551
809,r_k04_0031_d02_d06_d15_d26,"2,6,15,26",budget-matched cardinality-stratified random full-sequence control,0,0.9965095986038395,18.0729,19.431,1.8938,20.195401209101814,18.988532215410462,39.02322074968041,1.5954495493463061,17.682847029424366,1.0886696995137397,13.031135272275332,18.027551278316214,1.0566797538397594,18.060363453950767,1.0577892202921872
810,r_k04_0014_d01_d02_d15_d19,"1,2,15,19",budget-matched cardinality-stratified random full-sequence control,0,0.9965095986038395,18.0853,18.942500000000003,1.5005,19.40237093563772,18.606929769573927,32.03889369049431,1.1190896153002523,11.159663760039283,0.7880961924943407,11.26975394328318,17.361160647914996,1.0800779486722185,18.108445322455314,1.0825005010140463
811,g_pair_seed_sweep_d00_d28,"0,28",fallback exhaustive two-channel full-sequence seed sweep,0,0.9965095986038395,18.1223,19.8313,1.5810000000000002,20.112291915172,18.04555653842134,38.564936052100286,1.2375110759486352,9.324775041115094,0.938873829919812,10.378599284531633,18.003036122868878,1.048851797732726,18.092209256536233,1.054195072400581
812,g_pair_seed_sweep_d11_d24,"11,24",fallback exhaustive two-channel full-sequence seed sweep,0,0.9965095986038395,18.1301,19.3446,1.8824,21.731080100608242,21.105557847573174,35.574508944538714,1.457015383996191,20.37952320584579,0.8097227973247565,11.551488473568362,18.838606844845547,1.1117878408984514,18.103220661703126,1.1295456396103676
813,g_pair_seed_sweep_d05_d29,"5,29",fallback exhaustive two-channel full-sequence seed sweep,0,0.9965095986038395,18.148,20.2707,2.0233,23.55289919194517,20.44515315318983,73.09936405181499,1.5207127596372219,18.75168228259174,0.9213953076361634,11.654305746042004,18.782580530131924,1.1313158367726752,18.139487319489806,1.149289866815828
814,r_k06_0039_d02_d04_d10_d16_d22_d28,"2,4,10,16,22,28",budget-matched cardinality-stratified random full-sequence control,0,0.9965095986038395,18.1482,19.1681,1.8094999999999999,20.88139342477016,20.085372950658137,32.388391985984036,1.3606557830532833,21.069428552848777,0.9832719535564932,11.833679892113972,17.62016934497016,1.1162867294443763,18.16612773792904,1.1190071179202854
815,g_pair_seed_sweep_d04_d05,"4,5",fallback exhaustive two-channel full-sequence seed sweep,0,0.9965095986038395,18.1589,20.1473,2.8522,21.48791916718003,19.717893446252674,36.5149976757964,2.228810780826915,41.22579421742213,1.2669698334494834,23.73695100506825,18.66498287907682,1.0736403077394265,18.19484957120551,1.10954801876403
816,g_s02_k06_from_d01_d05_d13_d15_d31_add_d07,"1,5,7,13,15,31",direct full-sequence ATE forward-greedy trial,0,0.9965095986038395,18.1594,19.426199999999998,1.3304,21.051378231162904,19.85189046785795,41.47355936384613,1.039123811433248,11.794795200969793,0.8114878771378848,10.426553801793697,18.17588780669415,1.098711408119284,18.15393851876387,1.1077599976719055
817,r_k06_0069_d04_d08_d12_d15_d22_d24,"4,8,12,15,22,24",budget-matched cardinality-stratified random full-sequence control,0,0.9965095986038395,18.1635,19.653499999999998,1.4421,21.542809293906213,20.43832612745635,44.36703037183848,1.1452219740428335,16.143527397593875,0.7094385211961787,11.281952050093926,18.59203431583359,1.1034254486122101,18.148411643072162,1.1172694156425038
818,g_pair_seed_sweep_d00_d10,"0,10",fallback exhaustive two-channel full-sequence seed sweep,0,0.9965095986038395,18.1731,20.6405,1.9869999999999999,20.525438846702674,18.28091603390802,34.56020229446526,1.6068183366226638,19.98562095438234,1.0232891035052938,11.974576638959253,18.066681012554923,1.0200881432925026,18.213729151201637,1.0076042845380142
819,swap_k06_0035_d00_d06_d11_d17_d18_d30,"0,6,11,17,18,30",one-channel swap audit around provisional greedy endpoint,0,0.9965095986038395,18.1873,19.8008,1.5257,21.12844179658977,19.723778922187194,45.324333877480015,1.1607888726588187,10.920277893998847,0.9413177228738501,9.74948980029601,18.42134637284986,1.0726398970663773,18.18826521559968,1.086184439248763
820,g_s04_k06_from_d04_d11_d15_d18_d23_add_d00,"0,4,11,15,18,23",direct full-sequence ATE forward-greedy trial,0,0.9965095986038395,18.1903,18.742,1.3385,19.82101027803046,19.317778058038044,32.41780121734468,0.9892038031878495,7.613042020433075,0.7375039592659466,9.42525975901717,18.013429133450643,1.0843944067408946,18.187856206641857,1.0903958356679675
821,r_k06_0053_d03_d04_d08_d09_d26_d31,"3,4,8,9,26,31",budget-matched cardinality-stratified random full-sequence control,0,0.9965095986038395,18.195700000000002,18.846,1.5699,20.423557820405534,19.32307482645601,37.31172425319686,1.1061510851257443,9.028144946027071,0.7393880505616837,9.885496996172632,18.334023773638638,1.0971902002061729,18.178339723118516,1.109835776851001
822,g_pair_seed_sweep_d12_d23,"12,23",fallback exhaustive two-channel full-sequence seed sweep,0,0.9965095986038395,18.2034,20.0844,1.5447,20.675624227915655,19.20991750517721,36.792360809088756,1.0812866438696702,7.7386801687109985,0.6909753203353621,7.779389075526459,18.93219728746419,1.04174403739154,18.164782859317402,1.0532685607920391
823,r_k05_0080_d07_d14_d21_d23_d31,"7,14,21,23,31",budget-matched cardinality-stratified random full-sequence control,0,0.9965095986038395,18.2088,19.5699,1.2307000000000001,20.70362779094094,19.417512165693772,41.417285094076504,1.0206586032258664,9.664321581242428,0.7230508171108493,10.706690948633089,18.45471506062227,1.0786080727668652,18.196405879793495,1.0924099090298147
824,r_k05_0015_d00_d08_d13_d21_d27,"0,8,13,21,27",budget-matched cardinality-stratified random full-sequence control,0,0.9965095986038395,18.2583,19.5987,1.2527,20.42882918862152,19.163064225672905,41.26710823158036,1.0774999788781974,9.170010745399464,0.8629958511011867,11.248946734336773,18.40427376275865,1.0663747623643187,18.23917731237598,1.0809929486891794
825,g_pair_seed_sweep_d11_d12,"11,12",fallback exhaustive two-channel full-sequence seed sweep,0,0.9965095986038395,18.2729,20.081699999999998,1.8907,21.281794389937012,19.86338675183298,38.299907464796725,1.127693740071129,7.0925428698805595,0.7231722576151056,8.297885905034086,18.997933485527856,1.0783027522531488,18.239179009022426,1.0864643336777369
826,g_pair_seed_sweep_d07_d18,"7,18",fallback exhaustive two-channel full-sequence seed sweep,0,0.9965095986038395,18.2863,19.3752,1.7404,21.89880635338637,20.647168893728015,43.44688085700101,1.3414049789451945,17.725535526763604,0.8596480400656789,12.002501416801362,18.93268449151825,1.1104450460829114,18.26743910269073,1.1286705576985052
827,g_s04_k03_from_d11_d23_add_d09,"9,11,23",direct full-sequence ATE forward-greedy trial,0,0.9965095986038395,18.2922,19.4851,1.4123,20.542448082932047,19.273984533916042,43.10584471415231,1.0602001018197786,6.795028374670001,0.8563850441681293,9.128379542616141,18.368588650360056,1.069296918340117,18.28544481958767,1.0785867063436245
828,g_pair_seed_sweep_d11_d14,"11,14",fallback exhaustive two-channel full-sequence seed sweep,0,0.9965095986038395,18.3102,19.426199999999998,1.5152,20.030965796905555,18.81811328474495,40.5816972472137,1.1271415578942912,10.846507493992567,0.7823458554130436,9.712195292727866,18.684314082209998,1.040343787186784,18.29642063543883,1.0565231911835506
829,r_k03_0085_d11_d15_d31,"11,15,31",budget-matched cardinality-stratified random full-sequence control,0,0.9965095986038395,18.3111,19.3362,1.6750999999999998,20.08518776614631,19.2330948046474,33.65702642920909,1.298453077695153,14.15450742753607,0.9502668301810534,12.80566251944495,17.734318858027994,1.0865012944410517,18.335390683987985,1.08423053574618
830,g_pair_seed_sweep_d04_d12,"4,12",fallback exhaustive two-channel full-sequence seed sweep,0,0.9965095986038395,18.3171,19.3057,1.6657000000000002,20.525573775534493,19.394648197536696,33.34983230371901,1.1609576895973301,8.679870540822728,0.7489973071764955,6.510457510268254,18.251177952687247,1.088284071969381,18.315594717800167,1.1065698127369337
831,g_s03_k05_from_d04_d15_d22_d25_add_d30,"4,15,22,25,30",direct full-sequence ATE forward-greedy trial,0,0.9965095986038395,18.3281,19.1006,1.3365,20.979369850455846,20.409969043583175,34.015726170622926,1.0123960561205825,7.772786870991013,0.7457663198609946,10.485668787817458,18.403391900733297,1.1092240302013672,18.331174849298396,1.1192406449510546
832,r_k04_0074_d07_d09_d14_d25,"7,9,14,25",budget-matched cardinality-stratified random full-sequence control,0,0.9965095986038395,18.3288,20.689,1.3468,22.000195604737076,19.917479141803053,49.49165763305932,1.0954741519087776,9.539679233798559,0.8859790142511341,11.310903957798985,18.858202068236466,1.064826695131095,18.319750160890784,1.080132954392988
833,g_s02_k06_from_d01_d05_d13_d15_d31_add_d29,"1,5,13,15,29,31",direct full-sequence ATE forward-greedy trial,0,0.9965095986038395,18.339,19.791,1.5691,20.756005701380904,19.549783345408528,34.17355658045759,1.278847334748586,12.695340772367409,1.0255263863754165,15.821694869869958,17.65193763409786,1.095859128873159,18.360338913942307,1.0971379824913239
834,swap_k06_0145_d00_d05_d06_d17_d18_d19,"0,5,6,17,18,19",one-channel swap audit around provisional greedy endpoint,0,0.9965095986038395,18.3479,19.5736,1.2841,20.759312068970065,19.66316320196401,41.728652780405255,0.9951279753743802,7.574124637387358,0.8109295635275418,10.213051603925111,18.40217589199387,1.0808758805649863,18.344499432588965,1.0903134315237402
835,r_k03_0023_d02_d10_d20,"2,10,20",budget-matched cardinality-stratified random full-sequence control,0,0.9965095986038395,18.3552,19.4053,2.5595,19.166072847809257,17.934511344177064,33.668410954751835,2.0849618327469908,33.67214717583933,1.269759531803885,16.95485247519015,17.890586082175698,1.018179532521512,18.381837421389402,1.0100803834893533
836,r_k06_0084_d07_d09_d15_d17_d19_d20,"7,9,15,17,19,20",budget-matched cardinality-stratified random full-sequence control,0,0.9965095986038395,18.373,20.027,1.2221,21.308878759271426,19.914826275375276,44.205086134642464,0.9552650015516815,6.2998945607349786,0.8429726326593231,10.90558196664716,18.523107754660032,1.0788730664278074,18.371873616159377,1.0883554076369009
837,r_k05_0110_d16_d22_d23_d26_d31,"16,22,23,26,31",budget-matched cardinality-stratified random full-sequence control,0,0.9965095986038395,18.39,19.808500000000002,1.653,21.10170971275419,19.80304204149951,44.76747747256135,1.3079962269509875,10.722015901785253,0.9249451922386999,10.6821496579046,18.36250697325274,1.0861779748353262,18.36692953622364,1.0947321311950329
838,r_k03_0012_d01_d19_d31,"1,19,31",budget-matched cardinality-stratified random full-sequence control,0,0.9965095986038395,18.3906,19.437099999999997,1.2411,20.121274361307627,19.42839319299591,31.60636632977688,1.0182415100715345,10.278486099388108,0.8014091093369876,10.617871451057749,17.910092402769482,1.0794341940312622,18.396617655955723,1.0856078728971112
839,r_k04_0025_d01_d09_d21_d24,"1,9,21,24",budget-matched cardinality-stratified random full-sequence control,0,0.9965095986038395,18.3974,20.0379,1.6621000000000001,21.777101106999115,20.526853676965036,44.74013642821097,1.2626811987546231,19.38389757729744,0.8230846638740853,11.612088478234577,19.00759747579155,1.0796445394873573,18.38340161288152,1.0964264642205586
840,swap_k06_0020_d05_d06_d17_d18_d24_d30,"5,6,17,18,24,30",one-channel swap audit around provisional greedy endpoint,0,0.9965095986038395,18.4166,20.1039,1.5064,21.49506340272352,20.59366520605629,38.88255569011958,1.2055112934727978,14.466100134443286,0.7180727127265641,10.340225932566936,19.263436719964837,1.0672667221573142,18.39364035198187,1.0813455223461994
841,r_k03_0047_d05_d06_d23,"5,6,23",budget-matched cardinality-stratified random full-sequence control,0,0.9965095986038395,18.4372,20.4856,1.138,21.299900878427472,19.699833965833378,44.82671913560551,0.9365192239014148,7.55460408932132,0.6939535346473958,9.794823019807017,18.815507032927087,1.0647621543821963,18.424060346996896,1.0737391281469506
842,g_pair_seed_sweep_d21_d28,"21,28",fallback exhaustive two-channel full-sequence seed sweep,0,0.9965095986038395,18.4479,20.1261,1.9704,21.756831929955165,20.06334362929383,33.52041384648551,1.2661941951209048,11.135407173052865,0.7029901475682112,4.416810329037151,18.528328620138048,1.1041489616878386,18.45067287864709,1.1181704786521607
843,swap_k06_0107_d00_d03_d05_d06_d17_d30,"0,3,5,6,17,30",one-channel swap audit around provisional greedy endpoint,0,0.9965095986038395,18.4559,19.3458,1.2276,20.543288759046995,19.901428355156497,36.92995651052083,0.9714712993993596,6.600442472937183,0.74244476312149,9.13472874313714,18.5242069234757,1.0848816603271814,18.452764538826727,1.0940431962433026
844,r_k04_0016_d01_d03_d09_d19,"1,3,9,19",budget-matched cardinality-stratified random full-sequence control,0,0.9965095986038395,18.4673,19.0295,1.3678,20.08419023465294,19.33192914148353,35.32011594364068,1.0344284623423872,8.369889668648202,0.7378109414566993,10.026122934960814,18.275480620027857,1.084773069411913,18.458683365450625,1.0952493685916882
845,r_k03_0057_d06_d19_d21,"6,19,21",budget-matched cardinality-stratified random full-sequence control,0,0.9965095986038395,18.468899999999998,20.197699999999998,1.5391,21.075191133708987,19.958613911039407,41.48936562807729,1.245601494894175,16.502974985017616,0.7986448223673431,11.040065187906066,19.166421688311956,1.0502947991362581,18.45218937358569,1.0656416249930407
846,g_s04_k06_from_d04_d11_d15_d18_d23_add_d10,"4,10,11,15,18,23",direct full-sequence ATE forward-greedy trial,0,0.9965095986038395,18.47,19.2778,1.2713999999999999,20.255321692313316,19.622146852449625,35.2449777116969,0.9888839872039739,6.685417098581807,0.7235943965094329,9.708938343111596,18.077496328401395,1.0877211497307653,18.48103594168866,1.090484409081229
847,g_pair_seed_sweep_d01_d24,"1,24",fallback exhaustive two-channel full-sequence seed sweep,0,0.9965095986038395,18.4801,19.4158,2.1016,21.88963851633576,21.23107852288686,34.32596056539199,1.5506033019894192,27.22410537052787,0.889121296681463,12.410153221770614,18.757504917224587,1.1246428240309834,18.4531039078515,1.1443687021463076
848,g_s03_k05_from_d04_d15_d22_d25_add_d13,"4,13,15,22,25",direct full-sequence ATE forward-greedy trial,0,0.9965095986038395,18.4811,20.1987,1.3739,20.931971398640037,19.40141441242073,43.34238754303937,1.0604841290022922,9.836470109920487,0.8529421256659209,11.803911374393687,18.80566150886316,1.0559734412236474,18.45871251331278,1.0648589339135768
849,bqs_historical_top5,"4,9,10,15,30","historical BQS-greedy Top-5, re-evaluated here",0,0.9965095986038395,18.494,19.9903,1.7333999999999998,19.85563391296819,18.55735729708543,36.164368327722954,1.297740875080543,14.887916762808423,0.83103976042307,10.016451208072267,17.650280115352075,1.0601855874253914,18.535341489749936,1.0549237002980238
850,bqs_historical_top5,"4,9,10,15,30",final repeat validation for B5_historical_bqs_top5,1,0.9965095986038395,18.494,19.9903,1.7333999999999998,19.85563391296819,18.55735729708543,36.164368327722954,1.297740875080543,14.887916762808423,0.83103976042307,10.016451208072267,17.650280115352075,1.0601855874253914,18.535341489749936,1.0549237002980238
851,bqs_historical_top5,"4,9,10,15,30",final repeat validation for B5_historical_bqs_top5,2,0.9965095986038395,18.494,19.9903,1.7333999999999998,19.85563391296819,18.55735729708543,36.164368327722954,1.297740875080543,14.887916762808423,0.83103976042307,10.016451208072267,17.650280115352075,1.0601855874253914,18.535341489749936,1.0549237002980238
852,r_k04_0032_d02_d07_d13_d30,"2,7,13,30",budget-matched cardinality-stratified random full-sequence control,0,0.9965095986038395,18.5077,19.5235,1.8019,21.40216448589279,20.20474332303089,43.58175636773821,1.3287379986152499,12.963503833130167,1.0150923799507345,12.313142502417685,18.957073014683985,1.087643277182147,18.486897702058542,1.1063018490221104
853,g_s04_k03_from_d11_d23_add_d29,"11,23,29",direct full-sequence ATE forward-greedy trial,0,0.9965095986038395,18.5172,19.791800000000002,1.9959,20.8054111808047,19.520084902617402,49.39827089513944,1.4477833110399705,18.286612500581583,1.0081100281268014,13.58718667885999,18.63819565691378,1.0593020928709234,18.505321095905977,1.0738645149279635
854,r_k06_0076_d05_d07_d13_d16_d21_d27,"5,7,13,16,21,27",budget-matched cardinality-stratified random full-sequence control,0,0.9965095986038395,18.5382,20.5927,1.1935,21.58792027121042,19.87367640359521,48.15136720870258,1.013725464199605,9.81020389111654,0.8166494202308785,11.676699959120473,18.61949055226355,1.0769631819981282,18.529257837510762,1.089277979400265
855,r_k06_0028_d01_d07_d10_d14_d20_d24,"1,7,10,14,20,24",budget-matched cardinality-stratified random full-sequence control,0,0.9965095986038395,18.5399,19.4659,1.654,21.3390300135989,20.44746051496778,39.58926108527283,1.2851407197584401,22.09745804837312,0.7368002228344389,11.371163954309594,19.07334291250009,1.0953278836818858,18.519993700443624,1.1120297483014845
856,r_k06_0024_d01_d06_d07_d10_d22_d23,"1,6,7,10,22,23",budget-matched cardinality-stratified random full-sequence control,0,0.9965095986038395,18.5483,20.5569,1.3382,22.14280398206097,20.755074965609126,46.76271274332846,1.093890321613787,11.39772371725711,0.9025035728136523,11.360435680157474,18.915826475446323,1.0895630542594208,18.532638140264396,1.0999124671245792
857,r_k06_0087_d08_d10_d11_d24_d29_d30,"8,10,11,24,29,30",budget-matched cardinality-stratified random full-sequence control,0,0.9965095986038395,18.571299999999997,19.5271,2.0181,20.30321825041222,19.470926724901425,37.63745515746111,1.6057834742213857,29.915649239278576,0.9192388585555213,12.937820052864415,18.361641637558616,1.075627656486532,18.575060589108602,1.0799351741954255
858,g_s04_k06_from_d04_d11_d15_d18_d23_add_d14,"4,11,14,15,18,23",direct full-sequence ATE forward-greedy trial,0,0.9965095986038395,18.5723,19.2561,1.2279,20.20043460510001,19.41438239779776,39.256016580465705,0.94451197039408,5.293835718737692,0.7060019452140227,9.637452036498528,18.233645504205256,1.0829771882331085,18.572232618637837,1.0911701085573975
859,r_k05_0083_d08_d11_d13_d28_d31,"8,11,13,28,31",budget-matched cardinality-stratified random full-sequence control,0,0.9965095986038395,18.5767,20.9426,2.3966000000000003,21.448747333295216,19.306758387432907,47.28732184841174,1.9210985984784854,35.319879617232864,1.225214985611581,15.658450275830194,17.914553137581063,1.067646585651233,18.555201773264997,1.0729267897769363
860,g_pair_seed_sweep_d01_d07,"1,7",fallback exhaustive two-channel full-sequence seed sweep,0,0.9965095986038395,18.576999999999998,20.4759,1.3337999999999999,22.437209520584663,20.79013045495221,47.002629380571584,1.0316231624075451,7.316780117959701,0.862530921105578,11.583225526733532,18.867343839033992,1.1043921530755798,18.571401316220935,1.1183621463024365
861,r_k03_0024_d02_d19_d21,"2,19,21",budget-matched cardinality-stratified random full-sequence control,0,0.9965095986038395,18.589,19.992099999999997,1.5592,21.05634494224919,19.897264036759022,42.483661229793164,1.2775227272105936,20.12497811408882,0.7209943449686265,12.030062539583147,18.710298552300973,1.0817635999363997,18.580893155918474,1.0951782329722206
862,g_pair_seed_sweep_d03_d24,"3,24",fallback exhaustive two-channel full-sequence seed sweep,0,0.9965095986038395,18.6115,20.3559,1.9049,21.621244694821545,20.710080174021297,32.221176542144434,1.4602512609915674,24.278002633934634,0.7851279506923928,10.125023212889003,19.623114149834592,1.0550084964286592,18.576552895920152,1.0712297878747634
863,r_k06_0062_d03_d07_d18_d19_d22_d28,"3,7,18,19,22,28",budget-matched cardinality-stratified random full-sequence control,0,0.9965095986038395,18.6236,20.06,1.1156,21.729877550008116,20.552522302995648,42.15691162392451,0.9268573343729655,8.151794521139506,0.7018732421801963,10.568206330026907,18.76327190255,1.1056635212190824,18.616702721325936,1.1160506467933577
864,g_pair_seed_sweep_d21_d31,"21,31",fallback exhaustive two-channel full-sequence seed sweep,0,0.9965095986038395,18.6386,19.8122,1.7812999999999999,21.83504347737587,20.405969399848843,34.206616819987524,1.1705686487619475,12.920062760866077,0.7351917064912946,8.823631015276058,18.42688923765427,1.1233620972735279,18.647856784385443,1.134351016000703
865,r_k06_0106_d14_d18_d21_d22_d24_d30,"14,18,21,22,24,30",budget-matched cardinality-stratified random full-sequence control,0,0.9965095986038395,18.6462,20.3368,1.4938,21.50636992806831,20.395970123929757,37.03700195884833,1.2162230074078872,15.811117809706396,0.7868202186623459,10.84720054889401,19.329822319293516,1.0575853975522715,18.61727416146396,1.0724376404860336
866,g_pair_seed_sweep_d04_d30,"4,30",fallback exhaustive two-channel full-sequence seed sweep,0,0.9965095986038395,18.6482,19.4861,2.274,20.0747102867017,18.970427663343166,35.71910672752771,1.661655631266358,22.547720704952333,0.9249428301976528,13.006935064772955,17.66499328826549,1.0899607528161348,18.68076310200759,1.0981063443417072
867,r_k05_0103_d12_d13_d15_d16_d28,"12,13,15,16,28",budget-matched cardinality-stratified random full-sequence control,0,0.9965095986038395,18.651400000000002,19.657,1.5654000000000001,20.800311365295716,19.56782733035653,41.00018928173084,1.142119682163876,8.224591050149849,0.9327819067679288,11.657634715261077,18.51724372146387,1.0880160992887111,18.63706322190916,1.0995578174547822
868,r_k05_0082_d07_d20_d28_d29_d30,"7,20,28,29,30",budget-matched cardinality-stratified random full-sequence control,0,0.9965095986038395,18.6763,19.4804,1.4583000000000002,21.44755070004939,20.68935317344862,40.79061248029212,1.066676647735209,10.506401380795246,0.8120319973543791,10.338759144515846,18.943113507511235,1.1035284680570685,18.670259499508095,1.1152570233603838
869,g_pair_seed_sweep_d07_d28,"7,28",fallback exhaustive two-channel full-sequence seed sweep,0,0.9965095986038395,18.6946,19.7739,1.8436000000000001,23.34339614387066,22.12226212997156,45.57418083603897,1.4476616261854718,12.717650993482854,0.9060787767139293,11.524565600401338,19.58919632279646,1.1435151596739768,18.679462252067335,1.165418337645586
870,g_pair_seed_sweep_d09_d21,"9,21",fallback exhaustive two-channel full-sequence seed sweep,0,0.9965095986038395,18.7013,19.0974,1.6056000000000001,20.374152673376535,19.781270177639172,30.998596696376886,1.1879920813150395,11.425255038723602,0.9479508338639333,11.263859670528115,18.557173190796554,1.0897870849529405,18.713048613803064,1.0979832156111722
871,r_k03_0058_d06_d23_d27,"6,23,27",budget-matched cardinality-stratified random full-sequence control,0,0.9965095986038395,18.7241,20.4146,1.6211,21.3049313969681,20.07368441804648,43.58429355003777,1.359130154594556,14.000058961529446,0.9121838183959715,9.867430309913587,19.161646870761565,1.0511768533706938,18.701734875246125,1.0666041728033355
872,g_s03_k03_from_d04_d22_add_d16,"4,16,22",direct full-sequence ATE forward-greedy trial,0,0.9965095986038395,18.7409,20.015900000000002,1.7621000000000002,22.603645456433014,21.51733928081455,47.49304824400101,1.3544620211053224,18.295174740674312,0.9076419232276556,13.2909407083099,19.159753259149777,1.1250485527737202,18.71863450238954,1.1425778279719292
873,g_s04_k06_from_d04_d11_d15_d18_d23_add_d20,"4,11,15,18,20,23",direct full-sequence ATE forward-greedy trial,0,0.9965095986038395,18.7995,19.588,1.242,20.4612251712851,19.519364676657673,40.21733111517492,0.9670880921359123,7.403409079529169,0.7218983509034848,9.630678006063489,18.574672765729055,1.0785352192179944,18.79248574916238,1.0870783936762773
874,r_k05_0061_d05_d08_d13_d14_d30,"5,8,13,14,30",budget-matched cardinality-stratified random full-sequence control,0,0.9965095986038395,18.8027,20.074,1.4334,21.041960043102716,19.853507698548732,40.493296162447905,1.1020455929646036,9.223629367736951,0.952767113262349,11.29627222158068,19.052861973908282,1.0634367043982542,18.79125760112798,1.0783259267289327
875,g_pair_seed_sweep_d03_d12,"3,12",fallback exhaustive two-channel full-sequence seed sweep,0,0.9965095986038395,18.807299999999998,19.6127,1.521,20.935599858383362,20.15823436295679,32.77109363102302,1.135493502888404,10.751165911859413,0.7927520300068381,8.450378036749827,19.183570838878136,1.0884273976187688,18.798978003660054,1.1047577243613176
876,r_k06_0031_d01_d11_d12_d28_d29_d30,"1,11,12,28,29,30",budget-matched cardinality-stratified random full-sequence control,0,0.9965095986038395,18.815,19.3853,1.3615,20.29680158144897,19.773376206516442,31.212932348547984,1.0268523512221355,8.471692099294055,0.745638083096367,9.616718129470794,18.038568937814244,1.0988193837655689,18.82668023181431,1.1033620886606805
877,r_k06_0025_d01_d06_d15_d17_d25_d31,"1,6,15,17,25,31",budget-matched cardinality-stratified random full-sequence control,0,0.9965095986038395,18.833,20.7759,1.32,21.13408412371789,19.380870514547578,44.94635647357684,1.1217424960179991,12.685633336601802,0.7910811613143093,11.899717313258838,18.979325049201357,1.0309940968928215,18.815589999020926,1.0386643852443551
878,g_pair_seed_sweep_d16_d21,"16,21",fallback exhaustive two-channel full-sequence seed sweep,0,0.9965095986038395,18.8522,19.6325,2.0169,21.068001104041308,19.917560605510197,36.09130064044614,1.4864578872488794,19.132362801610665,0.976463749008473,14.959795273865279,18.90267600085199,1.0938177262627105,18.825633793569434,1.1159599648263512
879,swap_k06_0063_d00_d05_d13_d17_d18_d30,"0,5,13,17,18,30",one-channel swap audit around provisional greedy endpoint,0,0.9965095986038395,18.895400000000002,21.3281,1.7039,22.4316335294802,20.230810991245384,49.168233328229846,1.3039494999728973,14.26683047449799,1.0592425067047049,13.13204588057723,19.417077312983153,1.0426360189926542,18.881801342598724,1.0581190090867216
880,r_k04_0001_d00_d01_d03_d15,"0,1,3,15",budget-matched cardinality-stratified random full-sequence control,0,0.9965095986038395,18.9173,20.031,1.7843999999999998,21.174513408768235,19.65486191063535,34.964377648920454,1.1767540360240782,7.989748581081531,0.7867595736588917,8.324510318285371,18.515777279925206,1.0943703522351842,18.925987080230435,1.1015320645370534
881,r_k06_0054_d03_d04_d12_d21_d24_d26,"3,4,12,21,24,26",budget-matched cardinality-stratified random full-sequence control,0,0.9965095986038395,18.9268,20.5969,1.1558000000000002,21.72922735234869,20.404015449867693,46.364464850219186,0.9677454228030976,9.047497051621654,0.6766434317335617,9.951051597716937,19.147580307507496,1.0812792580967876,18.918410151934975,1.0949944354247119
882,unet_all32,"0,1,2,3,4,5,6,7,8,9,10,11,12,13,14,15,16,17,18,19,20,21,22,23,24,25,26,27,28,29,30,31",unselected UNet enc1 all-32-channel control,0,0.9965095986038395,18.932199999999998,20.4569,1.1759,21.55958729906376,20.302634782168504,43.66273513547668,0.9806895729647288,8.392603153180524,0.7572479504326022,10.428124389018627,19.019495347667654,1.080806839804361,18.92679582126823,1.092167194096664
883,unet_all32,"0,1,2,3,4,5,6,7,8,9,10,11,12,13,14,15,16,17,18,19,20,21,22,23,24,25,26,27,28,29,30,31",final repeat validation for unet_all32,1,0.9965095986038395,18.932199999999998,20.4569,1.1759,21.55958729906376,20.302634782168504,43.66273513547668,0.9806895729647288,8.392603153180524,0.7572479504326022,10.428124389018627,19.019495347667654,1.080806839804361,18.92679582126823,1.092167194096664
884,unet_all32,"0,1,2,3,4,5,6,7,8,9,10,11,12,13,14,15,16,17,18,19,20,21,22,23,24,25,26,27,28,29,30,31",final repeat validation for unet_all32,2,0.9965095986038395,18.932199999999998,20.4569,1.1759,21.55958729906376,20.302634782168504,43.66273513547668,0.9806895729647288,8.392603153180524,0.7572479504326022,10.428124389018627,19.019495347667654,1.080806839804361,18.92679582126823,1.092167194096664
885,r_k05_0079_d07_d13_d20_d27_d28,"7,13,20,27,28",budget-matched cardinality-stratified random full-sequence control,0,0.9965095986038395,18.9378,20.7624,1.3265,21.89073392279738,20.242989818243,45.80643308880073,1.0586880819492495,10.807067676474995,0.8612152241141309,11.698081411363349,19.157206341012998,1.0731060828555758,18.922873300993327,1.0890666967647495
886,g_s04_k06_from_d04_d11_d15_d18_d23_add_d30,"4,11,15,18,23,30",direct full-sequence ATE forward-greedy trial,0,0.9965095986038395,18.9604,19.714599999999997,1.2133,20.633499707456824,20.076532276927008,33.779143162216265,0.9264289319442429,4.982736144989987,0.7133031466844236,9.663767173871006,18.616537015508243,1.086408580428315,18.965080180779093,1.0923648977475913
887,r_k04_0012_d00_d16_d19_d29,"0,16,19,29",budget-matched cardinality-stratified random full-sequence control,0,0.9965095986038395,18.9644,19.9102,1.7080000000000002,20.610949491597577,19.8844345380621,35.080721091632874,1.301541459712619,13.747408215584034,0.9306147898604047,11.266416924289807,18.878599685646023,1.0662623240334328,18.937711279083995,1.081537499182691
888,swap_k06_0062_d00_d05_d12_d17_d18_d30,"0,5,12,17,18,30",one-channel swap audit around provisional greedy endpoint,0,0.9965095986038395,19.0231,19.5612,1.3508,20.387699161316736,19.95371876485764,27.95558947278924,0.9841556149012269,6.602472168112983,0.7307153667208343,9.419386738874197,18.638462826337104,1.084420039463301,19.02366815687562,1.0908232487054423
889,r_k03_0075_d10_d12_d28,"10,12,28",budget-matched cardinality-stratified random full-sequence control,0,0.9965095986038395,19.028100000000002,19.6414,2.0741,21.14492823621465,20.370574247877204,30.660389299418156,1.4101776884865536,22.282249315678975,0.6557483447359951,6.525734940194626,18.51068660820646,1.1176343965498448,19.050756150365938,1.1197661597988688
890,swap_k06_0016_d05_d06_d17_d18_d20_d30,"5,6,17,18,20,30",one-channel swap audit around provisional greedy endpoint,0,0.9965095986038395,19.0402,20.0633,1.2687,21.40725894762411,20.816558933018086,38.89546256526785,1.0040329817517446,8.137712814699034,0.7178213035647708,9.603307751496702,19.427729607986997,1.0838743659977947,19.03430086541611,1.095705528373218
891,r_k04_0023_d01_d07_d11_d28,"1,7,11,28",budget-matched cardinality-stratified random full-sequence control,0,0.9965095986038395,19.0577,20.8598,1.3280999999999998,22.426789541730315,21.005494579000146,46.54416838683337,1.020796854371238,7.2820366213310175,0.8467815710863199,10.892899185621424,19.133457664297314,1.0956439568660095,19.058729612567745,1.1082628958240461
892,r_k05_0109_d16_d18_d22_d23_d31,"16,18,22,23,31",budget-matched cardinality-stratified random full-sequence control,0,0.9965095986038395,19.0974,20.677400000000002,1.6622999999999999,21.596164664644732,20.159809298488177,45.9643486973414,1.3138573412701293,12.9993351847922,0.9372108290991582,10.983215344270315,19.076805919001348,1.0755333253782104,19.074661535490957,1.0820955568342348
893,g_s04_k04_from_d04_d11_d23_add_d29,"4,11,23,29",direct full-sequence ATE forward-greedy trial,0,0.9965095986038395,19.112499999999997,19.9791,1.2293,20.61037501386302,19.608806546110046,40.10777719901553,0.9427015026027231,6.0764840647004466,0.7202343370282227,9.920357479129141,18.706549063073766,1.0740452177922395,19.108804611106546,1.0844828679694418
894,g_pair_seed_sweep_d23_d27,"23,27",fallback exhaustive two-channel full-sequence seed sweep,0,0.9965095986038395,19.1239,20.0474,2.2258,20.907626671939198,20.145083624523867,38.04331778201248,1.7967141080545337,30.75984514798752,1.0562836391702202,16.9755604123439,19.798834652944198,1.0418965679976881,19.111656898056467,1.0589625843007746
895,r_k06_0061_d03_d07_d12_d15_d18_d24,"3,7,12,15,18,24",budget-matched cardinality-stratified random full-sequence control,0,0.9965095986038395,19.1387,20.6738,1.3514,22.338503721004777,21.289602309390485,42.79752583505475,1.1003157094785827,16.135524393878107,0.6637035586473137,9.965662546792892,19.538191515209387,1.100195178335561,19.12540567089555,1.1149832846934487
896,r_k04_0094_d09_d20_d26_d28,"9,20,26,28",budget-matched cardinality-stratified random full-sequence control,0,0.9965095986038395,19.1815,19.994999999999997,1.4986,20.726095932395147,19.844671709099252,32.080018453435976,1.127195435454138,9.478838194970225,0.8504099196748851,10.26083695664136,18.876000103279186,1.0749632060045236,19.193679707032313,1.0806729542071307
897,r_k06_0042_d02_d07_d09_d14_d15_d18,"2,7,9,14,15,18",budget-matched cardinality-stratified random full-sequence control,0,0.9965095986038395,19.227,20.0635,1.4000000000000001,21.735303803763866,20.94765146121532,37.42991951309267,1.0140490011132997,5.30882746077279,0.8121958664726704,10.692461512440019,19.045837623844875,1.1062608618598198,19.234865658890143,1.1159179058679158
898,g_pair_seed_sweep_d05_d10,"5,10",fallback exhaustive two-channel full-sequence seed sweep,0,0.9965095986038395,19.2395,20.9889,2.2435,22.807342705447684,21.71982980408304,35.47435476177267,1.7365334114100894,30.688872453032438,0.7935616445238237,12.216340405656101,19.475196690312295,1.109628489154645,19.283009698098876,1.1161454594526108
899,r_k06_0055_d03_d04_d14_d15_d24_d28,"3,4,14,15,24,28",budget-matched cardinality-stratified random full-sequence control,0,0.9965095986038395,19.2727,20.423099999999998,1.5947,21.747963029954782,20.747823865437763,37.95247748443704,1.2273841519215707,18.540636834361433,0.5889385189456868,3.5067034840589857,19.95038724569839,1.079214683606045,19.244683101896694,1.098163816500167
900,g_pair_seed_sweep_d18_d31,"18,31",fallback exhaustive two-channel full-sequence seed sweep,0,0.9965095986038395,19.3161,20.2171,1.8595000000000002,23.488580801495555,22.73929802334312,40.45747576599714,1.3432568821604765,8.978903248894829,0.9025998724392784,8.280905047872553,19.937360318114745,1.1414192891488821,19.327155064471466,1.1413494285607035
901,r_k03_0015_d01_d21_d29,"1,21,29",budget-matched cardinality-stratified random full-sequence control,0,0.9965095986038395,19.3473,19.9589,1.6759,20.600426103988383,19.823223098885496,31.70547663670993,1.0637810115392836,6.962911233964965,0.7805787479604462,10.379685399471253,18.472514773546035,1.09315387652855,19.362284793295963,1.098342682134513
902,g_s02_k04_from_d01_d05_d15_add_d29,"1,5,15,29",direct full-sequence ATE forward-greedy trial,0,0.9965095986038395,19.3584,20.4512,1.3039,20.97756366179783,19.942769635253573,34.838351586644606,1.035355948986455,6.318391739445392,0.7594743626463542,10.346089287487768,18.282559557920678,1.0963972032343965,19.38623353243274,1.0965526303135025
903,r_k05_0099_d10_d15_d20_d22_d24,"10,15,20,22,24",budget-matched cardinality-stratified random full-sequence control,0,0.9965095986038395,19.364700000000003,20.8056,1.5129,22.7441610873402,21.966748574907566,44.39547723786208,1.180744412502374,16.78544188009875,0.8135858297806278,11.389176012115916,20.10877072754145,1.0990413942039945,19.350235561381183,1.1116730914253135
904,r_k06_0036_d02_d03_d04_d11_d14_d19,"2,3,4,11,14,19",budget-matched cardinality-stratified random full-sequence control,0,0.9965095986038395,19.3873,20.6702,1.2482,21.447959546392322,20.121933037804098,44.803040736996955,1.039839803174007,13.093944709236723,0.6661538286502511,9.802597415381754,19.32777570116698,1.0732985090369123,19.375956808886386,1.0867148728076657
905,g_s04_k04_from_d04_d11_d23_add_d24,"4,11,23,24",direct full-sequence ATE forward-greedy trial,0,0.9965095986038395,19.3999,21.2402,1.2924,21.946051819915574,20.402656193292803,46.994410651294196,1.0494781220370102,14.29926242911163,0.6921713913986972,10.266642740526114,19.605672687665056,1.0628838756562853,19.385114658629323,1.0775624037909852
906,g_pair_seed_sweep_d03_d30,"3,30",fallback exhaustive two-channel full-sequence seed sweep,0,0.9965095986038395,19.4028,20.0412,1.6910999999999998,20.836008026682183,20.023835770078456,32.55848878044694,1.3377028927399857,21.75594216127735,0.6964517940214537,8.053353499291449,18.447693213031837,1.1015372152983018,19.420869301014363,1.101583465116208
907,r_k04_0063_d06_d07_d15_d29,"6,7,15,29",budget-matched cardinality-stratified random full-sequence control,0,0.9965095986038395,19.4163,20.9565,1.7097999999999998,21.989481067071736,20.80930255321298,36.07909440128963,1.298607309403239,15.64514072322314,0.9571858177134314,12.141532820723846,19.830794739970145,1.0537263506388206,19.38616741423403,1.0653617047197508
908,r_k06_0003_d00_d02_d07_d09_d17_d20,"0,2,7,9,17,20",budget-matched cardinality-stratified random full-sequence control,0,0.9965095986038395,19.4244,20.9758,1.5229,22.463439249979633,20.811695927517455,48.74557458602767,1.1114793317802285,9.04086058047915,0.9511276202515374,11.258866431630633,19.501832021432342,1.0831212997053716,19.414446558762222,1.0984450350021862
909,r_k03_0111_d20_d21_d25,"20,21,25",budget-matched cardinality-stratified random full-sequence control,0,0.9965095986038395,19.4607,21.1266,1.2286,21.95055973066782,20.549184214866273,46.422541230604594,1.0305038017106682,12.189802990903345,0.7087667617617562,10.754535617527186,19.513728365793398,1.0718715168232977,19.45437480088684,1.0864478521356618
910,swap_k06_0018_d05_d06_d17_d18_d22_d30,"5,6,17,18,22,30",one-channel swap audit around provisional greedy endpoint,0,0.9965095986038395,19.462699999999998,21.127399999999998,1.5837,22.670868152720647,21.66041234435429,44.28795134113143,1.2581082800011947,12.425609080001427,0.8645120977933184,9.799450909769382,20.34577124860847,1.069419913852929,19.43879411397819,1.0845801326598956
911,g_pair_seed_sweep_d01_d04,"1,4",fallback exhaustive two-channel full-sequence seed sweep,0,0.9965095986038395,19.520699999999998,20.769399999999997,2.0303999999999998,20.523630086794835,19.207992415303927,33.456980538044974,1.598006805788408,25.784128339022793,0.8131004706451054,8.849753028376178,18.26985676069304,1.06832520036192,19.54093861824523,1.073182988567502
912,g_pair_seed_sweep_d08_d12,"8,12",fallback exhaustive two-channel full-sequence seed sweep,0,0.9965095986038395,19.522000000000002,20.7416,2.1664,21.923428920523648,20.575033912562766,37.65894266881431,1.275823723317873,15.35346729199464,0.8733406635371412,11.937628415150014,19.17856497650067,1.1126514815144604,19.498171572376172,1.129239772348588
913,g_pair_seed_sweep_d05_d23,"5,23",fallback exhaustive two-channel full-sequence seed sweep,0,0.9965095986038395,19.5705,21.2806,1.6436,21.79054788216325,19.956804741814977,42.68830931373436,1.2000647040818115,10.490904083809847,0.7493039132860345,7.783092378877525,19.82913623211132,1.0512976444651867,19.542516325182895,1.0642409719338666
914,r_k04_0099_d10_d24_d26_d27,"10,24,26,27",budget-matched cardinality-stratified random full-sequence control,0,0.9965095986038395,19.6528,21.3422,1.4248,22.69686427034446,21.47702080974939,46.95457173642922,1.1346559900923825,14.111097628195274,0.7684660929826763,11.269640049712047,19.888739208352977,1.087383772266295,19.650683296456222,1.1012317675571777
915,g_s03_k04_from_d04_d15_d22_add_d23,"4,15,22,23",direct full-sequence ATE forward-greedy trial,0,0.9965095986038395,19.653000000000002,21.6725,1.2397,22.875195010694842,21.366972261735725,48.35302809663904,1.012003804710546,9.065370736878789,0.8213691992361314,10.417829480826763,19.901487123331226,1.0851039876063657,19.64437910177627,1.0975220411512399
916,r_k06_0096_d10_d12_d13_d14_d22_d27,"10,12,13,14,22,27",budget-matched cardinality-stratified random full-sequence control,0,0.9965095986038395,19.669700000000002,20.6314,1.6497000000000002,21.77578328137873,20.871693339506173,35.73139071159354,1.2084196846303008,13.289958933245732,0.9255612217074608,11.383111035502923,20.149949434567016,1.0703824613902388,19.644882104487376,1.0874044856430756
917,g_s03_k03_from_d04_d22_add_d13,"4,13,22",direct full-sequence ATE forward-greedy trial,0,0.9965095986038395,19.7116,21.2689,1.6478,22.288830807776485,20.963370544051315,46.07575490587886,1.2679822391783344,15.93563772254215,0.8574052066072476,11.698224629414147,20.082878613089996,1.065514926929015,19.685400006705162,1.0774100251295249
918,r_k05_0027_d01_d12_d18_d19_d20,"1,12,18,19,20",budget-matched cardinality-stratified random full-sequence control,0,0.9965095986038395,19.7512,21.171100000000003,1.7231,21.48354065596187,20.069962789895264,43.8688674294394,1.3515803873490158,20.656339595983315,0.7131581579777136,10.58110584583713,19.515010632954922,1.0591656428044873,19.732777546727494,1.0709231451730203
919,r_k05_0098_d10_d13_d25_d27_d29,"10,13,25,27,29",budget-matched cardinality-stratified random full-sequence control,0,0.9965095986038395,19.7516,21.662300000000002,1.4322,22.148573802163703,20.2366971149496,48.48761603368952,1.1113105937486938,9.079508876827555,0.924307897908927,11.724310245946777,19.902452648495842,1.03475756205503,19.736341653866287,1.050085361285052
920,r_k04_0082_d08_d11_d21_d23,"8,11,21,23",budget-matched cardinality-stratified random full-sequence control,0,0.9965095986038395,19.7566,21.293200000000002,1.363,21.903488018327227,20.49303611902077,43.588262451235195,1.1391303852066719,15.410207387386487,0.6672689699006354,9.35853603887445,19.782828943628814,1.0645517318720858,19.737257903023743,1.0808762274997346
921,g_s04_k03_from_d11_d23_add_d08,"8,11,23",direct full-sequence ATE forward-greedy trial,0,0.9965095986038395,19.785800000000002,22.2385,1.1560000000000001,22.51292924894348,20.349892859662493,50.94588721663925,0.9983768853220647,6.845441287152325,0.8285084479588859,9.278816648949052,19.57644766664694,1.0542983789343459,19.772965055382798,1.0661348999708984
922,r_k05_0076_d07_d08_d09_d18_d27,"7,8,9,18,27",budget-matched cardinality-stratified random full-sequence control,0,0.9965095986038395,19.8022,22.4195,1.4783,23.988209861844034,21.598502544008802,57.66171242962604,1.1162214769561343,7.030436231013028,0.9420790685409225,11.026419942953597,20.22945969598818,1.0764454470550364,19.793708853850877,1.0940350871636126
923,r_k05_0044_d03_d07_d11_d13_d28,"3,7,11,13,28",budget-matched cardinality-stratified random full-sequence control,0,0.9965095986038395,19.802500000000002,21.3794,1.2481,22.32503541321217,20.762373552743597,46.783448097546184,1.0480151218149805,8.433400380813769,0.8161500977425562,10.849500073751264,19.71736868670871,1.0840562284673922,19.786334968624026,1.0934283467776287
924,r_k04_0059_d05_d13_d20_d23,"5,13,20,23",budget-matched cardinality-stratified random full-sequence control,0,0.9965095986038395,19.8049,21.5281,1.1726,21.946323713035387,20.29929777265335,45.999262675483884,0.9964149849280254,9.290246402566703,0.7727826079608578,10.998092059872672,19.4422940658609,1.0684340554448002,19.792417451453908,1.0801399942843937
925,r_k06_0044_d02_d07_d11_d21_d27_d28,"2,7,11,21,27,28",budget-matched cardinality-stratified random full-sequence control,0,0.9965095986038395,19.8094,21.6293,1.3869,23.140744048557714,21.608788777118974,49.87917827235601,1.1307204432938551,12.766879454278415,0.7844078319442581,10.389213409869589,20.116428801226437,1.0930511952299045,19.799419231001288,1.1107151029107782
926,g_s03_k04_from_d04_d15_d22_add_d03,"3,4,15,22",direct full-sequence ATE forward-greedy trial,0,0.9965095986038395,19.8502,21.628600000000002,1.4002999999999999,23.076477979927784,21.873584560848663,46.163837338072234,1.1506340815289184,17.50816412723291,0.6758283761495708,9.826652035088278,20.47492712752361,1.0855202885211748,19.83157087655511,1.1037945345763613
927,g_s03_k04_from_d04_d15_d22_add_d24,"4,15,22,24",direct full-sequence ATE forward-greedy trial,0,0.9965095986038395,19.854,21.617900000000002,1.9196000000000002,23.19432285547264,22.208452309115483,43.63151696293641,1.5136377855249523,26.86982842331696,0.7968635047208779,12.721035020029616,20.43756780512485,1.0876917995443227,19.829783488118043,1.1036115353453573
928,r_k06_0083_d07_d08_d19_d20_d25_d30,"7,8,19,20,25,30",budget-matched cardinality-stratified random full-sequence control,0,0.9965095986038395,19.8795,22.223599999999998,1.3483,23.28422046084683,21.487111179192635,50.02902512394246,1.0699414305640915,11.250376737414273,0.8287491807676187,11.100360915915655,20.30130165640841,1.0676017931683435,19.866187434959556,1.084962826002594
929,r_k06_0011_d00_d11_d12_d17_d19_d25,"0,11,12,17,19,25",budget-matched cardinality-stratified random full-sequence control,0,0.9965095986038395,19.9279,21.404400000000003,1.4473,21.909068404705657,20.51648613843148,45.058931397927914,1.1080965815857964,12.408603430086638,0.8178325973521476,9.92857035785265,19.753696875530288,1.0637629213022073,19.917826651303884,1.074470620313161
930,swap_k06_0003_d03_d05_d06_d17_d18_d30,"3,5,6,17,18,30",one-channel swap audit around provisional greedy endpoint,0,0.9965095986038395,19.9294,21.961,1.3053000000000001,22.946719117964225,21.51780571745673,49.02336096066683,1.065152550518074,10.098322595647355,0.6990953652780808,8.418425778421188,20.622073957544227,1.0554324352579423,19.913886961692334,1.0686219057091069
931,swap_k06_0014_d05_d06_d16_d17_d18_d30,"5,6,16,17,18,30",one-channel swap audit around provisional greedy endpoint,0,0.9965095986038395,19.9332,21.7547,1.4604000000000001,22.663535432680572,21.245314990716306,44.39385748119467,1.1660176445832358,12.880318675919538,0.8059906495847416,10.091112070802682,20.49991444013074,1.0472407368991652,19.91015460789222,1.0634276611806135
932,g_pair_seed_sweep_d00_d12,"0,12",fallback exhaustive two-channel full-sequence seed sweep,0,0.9965095986038395,19.938200000000002,21.5011,2.4816000000000003,21.328571947226507,19.838484437343475,37.849082954242114,1.885718498309282,36.56727289720123,0.9526502717238811,14.634273609003415,18.784329641474727,1.0759363764906866,19.95035223030919,1.0743277779889666
933,r_k05_0026_d01_d12_d17_d22_d28,"1,12,17,22,28",budget-matched cardinality-stratified random full-sequence control,0,0.9965095986038395,19.944300000000002,20.7895,1.8408,22.210531988996536,21.688084857186993,33.37898302183809,1.3444549121676423,19.111975767788866,0.8970144816122329,11.0710008161421,20.247568512723948,1.0933896174121347,19.917704252879947,1.1133166608156149
934,r_k03_0064_d07_d19_d26,"7,19,26",budget-matched cardinality-stratified random full-sequence control,0,0.9965095986038395,19.9551,22.1426,1.5391,23.718630854539345,22.103115657058243,54.147284659246,1.2660910251284374,13.847784300679944,0.8831038643037679,11.19887417087406,20.429719560282404,1.0905528039374106,19.946859272889057,1.1083969019177693
935,g_pair_seed_sweep_d04_d13,"4,13",fallback exhaustive two-channel full-sequence seed sweep,0,0.9965095986038395,19.9653,22.1559,1.7558,22.510935272784156,20.25464685193604,52.196046732491006,1.4275106679509804,22.076229065110518,1.0119262111109135,12.518487826965842,19.980312309079416,1.0333400113007138,19.952496931916883,1.0436583229871363
936,swap_k06_0115_d00_d05_d06_d13_d17_d30,"0,5,6,13,17,30",one-channel swap audit around provisional greedy endpoint,0,0.9965095986038395,19.9679,21.5033,1.5185,22.785477098676015,21.466390097050123,44.66405293923816,1.1898301789980847,10.283563072633243,0.9713009718962774,10.935668107549702,20.092474669628167,1.0815743479587925,19.959624029668934,1.096648931200241
937,r_k05_0072_d06_d09_d13_d14_d15,"6,9,13,14,15",budget-matched cardinality-stratified random full-sequence control,0,0.9965095986038395,19.9804,21.4848,1.6014,22.220580522600002,20.6651177920794,48.6817131562319,1.2667516071230671,12.285709506571356,0.9893368472662425,13.123398889117786,20.105280613378167,1.0498256215516546,19.959735331971036,1.063213332354228
938,g_pair_seed_sweep_d03_d05,"3,5",fallback exhaustive two-channel full-sequence seed sweep,0,0.9965095986038395,19.9851,21.3944,1.4850999999999999,23.02815349117146,21.864479241410386,41.15733525285704,1.0817606002206737,8.174242290204745,0.7015460047852164,5.953327373709259,21.26771793966327,1.068996471684391,19.96609862414719,1.093301387290967
939,r_k03_0041_d04_d15_d24,"4,15,24",budget-matched cardinality-stratified random full-sequence control,0,0.9965095986038395,19.9876,21.6303,2.0753,23.117935869150124,22.028516390613934,44.822343659237134,1.6002279843097496,31.89849321773813,0.7599194237590973,10.812491791676495,20.58345375622524,1.0793693417651171,19.962891401605674,1.1013823131172227
940,r_k05_0069_d05_d18_d22_d24_d28,"5,18,22,24,28",budget-matched cardinality-stratified random full-sequence control,0,0.9965095986038395,20.0096,21.6449,1.7085,23.682856405192496,22.49566667250066,44.40797028770608,1.346097217734793,16.805074811389634,0.7343043281611967,11.407897889513416,20.380914855647386,1.1207720593243873,19.990312573617004,1.137178485322889
941,g_pair_seed_sweep_d02_d21,"2,21",fallback exhaustive two-channel full-sequence seed sweep,0,0.9965095986038395,20.0833,21.1052,2.0892999999999997,22.55996909435755,21.303603541418305,34.214271922599565,1.4381039256193902,23.266664479687385,0.7557617612232338,9.427879873378306,19.746713620152192,1.11262295345313,20.087026178980132,1.124306471931034
942,r_k05_0013_d00_d08_d10_d13_d15,"0,8,10,13,15",budget-matched cardinality-stratified random full-sequence control,0,0.9965095986038395,20.0872,23.0548,1.659,23.300953142781058,19.947230323635836,60.004743388621684,1.3528190211254076,13.772724117862282,1.0341838088308717,10.931835055737753,19.98504255838342,1.017677934737636,20.0657254477396,1.0195416647096385
943,r_k03_0032_d03_d12_d29,"3,12,29",budget-matched cardinality-stratified random full-sequence control,0,0.9965095986038395,20.1317,21.7547,1.2081,22.526751623503838,21.351697274994848,43.042023535526404,0.9394669761208727,6.384235878242965,0.5317129060809799,3.1144881632196286,20.835946451191052,1.0529412042194757,20.105117050482868,1.0681547568058827
944,g_s03_k05_from_d04_d15_d22_d25_add_d12,"4,12,15,22,25",direct full-sequence ATE forward-greedy trial,0,0.9965095986038395,20.159,22.1032,1.5906,22.9757605382354,21.4407424203756,42.907196722533534,1.2766810386180791,21.705758557408185,0.7127848909533662,10.313125636991613,20.636128562096058,1.0585072481158604,20.12812847114099,1.073633463901468
945,r_k05_0102_d11_d13_d18_d20_d23,"11,13,18,20,23",budget-matched cardinality-stratified random full-sequence control,0,0.9965095986038395,20.180999999999997,22.267,1.4413,22.631911947021333,20.396504032498797,51.643644464549475,1.213070954596966,9.38909199298935,0.894140790099772,10.231176486581276,19.817498738656344,1.0572343456202853,20.165852237456185,1.0718553426116426
946,g_s02_k03_from_d01_d05_add_d16,"1,5,16",direct full-sequence ATE forward-greedy trial,0,0.9965095986038395,20.214,20.7772,1.4881,21.439340470440765,20.657667836780853,35.02945701869419,1.12796390782433,10.354502949249854,0.8073614071858151,10.54767740868167,19.609402743261597,1.0838065171188291,20.206328247181137,1.092029637804155
947,r_k06_0016_d00_d20_d23_d24_d25_d28,"0,20,23,24,25,28",budget-matched cardinality-stratified random full-sequence control,0,0.9965095986038395,20.2256,21.912100000000002,1.4022,22.635971690636314,21.330862847751494,44.530286468976094,1.17286550665832,15.214990255373687,0.7426202505828416,11.983836560945779,20.417067646423067,1.0646445320954265,20.200046291547626,1.079339426232896
948,r_k05_0067_d05_d12_d21_d26_d29,"5,12,21,26,29",budget-matched cardinality-stratified random full-sequence control,0,0.9965095986038395,20.2344,21.8061,1.3836,22.620885661387078,21.24080300522634,46.924487131806394,1.1512691876263221,16.015511125268443,0.652217693369008,9.302963206774491,20.236682296925697,1.0763640023487822,20.223882236538962,1.0912334326215174
949,r_k03_0045_d04_d23_d26,"4,23,26",budget-matched cardinality-stratified random full-sequence control,0,0.9965095986038395,20.2409,22.0168,1.2343,22.7489561907322,20.86596774859694,52.243343152491875,1.010156288072299,6.493701544655865,0.7400981769430478,9.906364058605424,19.84126405953328,1.0779178160204985,20.237701335900134,1.0904859416400514
950,swap_k06_0110_d00_d05_d06_d08_d17_d30,"0,5,6,8,17,30",one-channel swap audit around provisional greedy endpoint,0,0.9965095986038395,20.2496,21.8891,1.4032,22.544455211730185,21.11047571754863,42.74664697093658,1.1043575539534611,9.311403436764634,0.858247487698643,10.26162052618492,20.627461207867245,1.0397907442819647,20.223734160792958,1.0542117399190416
951,r_k05_0045_d03_d07_d14_d15_d26,"3,7,14,15,26",budget-matched cardinality-stratified random full-sequence control,0,0.9965095986038395,20.2502,21.2341,1.3752,22.327275830724663,21.211847977364048,40.61314740138658,1.0381339502451814,8.810593534257034,0.7296338072910381,9.122192445358866,20.30089662744392,1.088329150295665,20.23158104128745,1.1025836171187797
952,r_k05_0043_d02_d18_d21_d28_d29,"2,18,21,28,29",budget-matched cardinality-stratified random full-sequence control,0,0.9965095986038395,20.253,21.0211,1.9,22.657047009234,21.52522064660755,38.20041380935625,1.1944338123766507,9.243795549068407,0.7760442240863377,9.259679143317605,20.288137842702234,1.1094444765028428,20.24829931734084,1.1252344791630864
953,swap_k06_0148_d00_d05_d06_d17_d18_d22,"0,5,6,17,18,22",one-channel swap audit around provisional greedy endpoint,0,0.9965095986038395,20.2684,21.8919,1.4727999999999999,22.97433282487272,21.588692112306795,40.5227539852287,1.1709306510643513,10.279508651302947,0.884382356479511,10.318884976806885,20.468626215149364,1.0733792521641152,20.239219114456613,1.0885121823539154
954,r_k03_0074_d09_d21_d26,"9,21,26",budget-matched cardinality-stratified random full-sequence control,0,0.9965095986038395,20.2802,20.8508,1.3752,21.903230914617602,21.16690834410642,36.26490915150029,1.0075121087582957,6.775808412665743,0.7629037510964294,10.053631965090831,20.00505841041487,1.0870883378912017,20.27752666024149,1.097559375177134
955,r_k03_0026_d03_d04_d05,"3,4,5",budget-matched cardinality-stratified random full-sequence control,0,0.9965095986038395,20.2872,22.2009,1.5197,23.50647625152473,21.90436969457569,42.8926068275702,1.1669459473542225,11.277637910829887,0.6869082620939188,6.14970555450204,21.754028716328477,1.039314873983212,20.256750119279932,1.0644212495572585
956,r_k06_0059_d03_d06_d07_d10_d11_d22,"3,6,7,10,11,22",budget-matched cardinality-stratified random full-sequence control,0,0.9965095986038395,20.294400000000003,22.2419,1.1068,23.602597700999674,22.23697007049232,48.04696396540461,0.9171765577048602,5.799378260248734,0.7666371857804943,9.762427140820229,20.489610615703576,1.0968468395109832,20.29299068162053,1.1057995652311357
957,g_pair_seed_sweep_d07_d20,"7,20",fallback exhaustive two-channel full-sequence seed sweep,0,0.9965095986038395,20.322200000000002,21.8831,2.4319,23.784020538333486,22.39794674211438,49.01292649312231,1.7626394228992772,26.887483591180626,1.066134337359699,18.857627310034434,21.051920471795327,1.0784811198364057,20.29354097501753,1.1066828270886186
958,g_pair_seed_sweep_d12_d29,"12,29",fallback exhaustive two-channel full-sequence seed sweep,0,0.9965095986038395,20.3397,20.9502,1.7709,21.506432872237035,20.249894868123246,32.713008793204686,1.060568146699062,5.420533579242949,0.6256690283906858,3.3182691066400896,18.996430776990064,1.106039553343267,20.358420948864683,1.1100613499932135
959,r_k05_0040_d02_d13_d21_d28_d31,"2,13,21,28,31",budget-matched cardinality-stratified random full-sequence control,0,0.9965095986038395,20.3726,22.2651,1.3627,23.039708681534613,21.226119522888727,51.078017519323815,1.1396615083839714,9.302542323361433,0.9274014409954322,11.938319119405472,20.2243866666348,1.0695133953302007,20.36723123583664,1.0761625738844536
960,r_k04_0092_d09_d15_d25_d26,"9,15,25,26",budget-matched cardinality-stratified random full-sequence control,0,0.9965095986038395,20.3733,23.0047,1.2133,23.400350001472056,20.788799190880717,53.33333811884805,0.9946175586468436,6.248601522485302,0.8408653618184664,10.957677122592264,20.47507179329448,1.0281380995528042,20.363405721414995,1.0389990438940693
961,r_k05_0029_d02_d03_d06_d12_d14,"2,3,6,12,14",budget-matched cardinality-stratified random full-sequence control,0,0.9965095986038395,20.3931,21.968799999999998,1.3756000000000002,22.60014073675695,21.304344276332262,40.43456344768569,1.1170577444224825,15.182892635684583,0.6985029828252715,8.722043003555322,20.851373438429206,1.0444173274358242,20.367686418758325,1.0596548185657437
962,r_k05_0053_d04_d06_d22_d27_d28,"4,6,22,27,28",budget-matched cardinality-stratified random full-sequence control,0,0.9965095986038395,20.397299999999998,22.206400000000002,1.4216,23.54763147752384,22.4506197348609,48.7135566660351,1.1291740385613809,10.070467376777591,0.7812349771169492,11.071835383767331,20.99533162661573,1.0799972817808028,20.38480676302666,1.0958125096911062
963,g_pair_seed_sweep_d05_d24,"5,24",fallback exhaustive two-channel full-sequence seed sweep,0,0.9965095986038395,20.4532,21.6379,1.7096,23.080185002106095,22.313732255924766,40.10739889580901,1.3042626787192342,18.19265481077178,0.7916187178703508,10.564196415014873,21.029657321163857,1.0890971195795003,20.428435911100117,1.1077216420833167
964,r_k03_0005_d00_d19_d23,"0,19,23",budget-matched cardinality-stratified random full-sequence control,0,0.9965095986038395,20.470299999999998,23.0836,1.2318,23.21555295144101,20.99558281627592,50.708593174771956,1.040510318861959,8.823369496704785,0.7661698636293022,9.503605406531952,20.503443694883583,1.0330973017133176,20.460633692124457,1.0440464238664928
965,r_k06_0102_d11_d12_d21_d24_d26_d27,"11,12,21,24,26,27",budget-matched cardinality-stratified random full-sequence control,0,0.9965095986038395,20.472199999999997,22.2323,1.256,23.02785051760091,21.63095519091066,48.863864175477865,1.0622452196595582,12.37418225743534,0.6724115160536281,10.327931787703857,20.667720882307737,1.068900637157355,20.460364136622,1.0844998179522767
966,r_k03_0079_d10_d16_d25,"10,16,25",budget-matched cardinality-stratified random full-sequence control,0,0.9965095986038395,20.505100000000002,23.2804,1.4359,23.291954481678815,20.555122380730317,55.28860817037852,1.1734526157959235,10.272945892656454,0.9364031356935094,10.799176580993663,20.567211265405575,1.0056119541872277,20.486097164452875,1.0101298131506247
967,r_k06_0021_d01_d04_d06_d16_d19_d22,"1,4,6,16,19,22",budget-matched cardinality-stratified random full-sequence control,0,0.9965095986038395,20.5419,22.1438,1.5630000000000002,23.31459898550343,22.1195979861139,48.96777876800011,1.2267688607402163,10.675416047476798,0.8218550132073543,11.450127018118812,20.805688785102422,1.080307874055922,20.520462131593955,1.0967627353948093
968,r_k06_0089_d08_d11_d17_d19_d24_d27,"8,11,17,19,24,27",budget-matched cardinality-stratified random full-sequence control,0,0.9965095986038395,20.555,22.965,1.1509,23.43944062749923,21.54693207864472,49.674582641726424,0.9914080148069776,8.882845864313621,0.8098458851947273,11.453194368757984,20.59352247696492,1.0620944862411432,20.546030069990824,1.0768285430925508
969,r_k06_0067_d03_d15_d19_d26_d28_d29,"3,15,19,26,28,29",budget-matched cardinality-stratified random full-sequence control,0,0.9965095986038395,20.5777,22.3104,1.3573,23.21840626024289,21.81906144867712,45.50264365499859,1.1073084912895654,15.291041687821844,0.6710052553049825,9.831852835836225,20.561534083542217,1.0867883853438418,20.565608035508834,1.1022409731654796
970,g_pair_seed_sweep_d26_d27,"26,27",fallback exhaustive two-channel full-sequence seed sweep,0,0.9965095986038395,20.6034,22.006899999999998,1.6025999999999998,23.22559505709963,21.967748472709577,43.11188849435996,1.2735019562901104,15.467420745649257,0.845056794243043,9.776693393834142,20.967279244806594,1.0707966766308017,20.58824540050509,1.0912408283235682
971,g_pair_seed_sweep_d05_d20,"5,20",fallback exhaustive two-channel full-sequence seed sweep,0,0.9965095986038395,20.633399999999998,22.6465,1.5579,23.972328713784,22.27107425596527,50.09495812064508,1.225144506302242,10.95016548556071,0.7558122620264379,8.51454715034846,21.571257766895982,1.066086948265473,20.60874043221519,1.0847285014021026
972,r_k06_0047_d02_d10_d13_d17_d19_d26,"2,10,13,17,19,26",budget-matched cardinality-stratified random full-sequence control,0,0.9965095986038395,20.643800000000002,22.7894,1.4966,23.232816819796422,21.047695282450714,47.30089598410832,1.0961401950849077,9.302848672200046,0.9466607687914155,11.831494454038317,20.691240631072315,1.042838931413574,20.630281328089854,1.0521344127919399
973,swap_k06_0047_d00_d06_d17_d18_d25_d30,"0,6,17,18,25,30",one-channel swap audit around provisional greedy endpoint,0,0.9965095986038395,20.6505,22.9798,1.9044999999999999,23.600208556934447,21.73114302932999,45.185055144809034,1.4997126411160355,16.93088850356359,1.0081087442659828,12.136891518062836,21.359141146817795,1.0196756775702245,20.624093608094558,1.0349862000075063
974,g_pair_seed_sweep_d15_d25,"15,25",fallback exhaustive two-channel full-sequence seed sweep,0,0.9965095986038395,20.6907,23.2076,1.5559,23.19604336323526,21.034926872088995,43.50065023621662,1.2857934490875575,13.017847466213144,0.8641751010320775,9.840909291668044,20.947721085185332,0.9930890180025667,20.652685327954316,0.9982057389333809
975,g_pair_seed_sweep_d15_d21,"15,21",fallback exhaustive two-channel full-sequence seed sweep,0,0.9965095986038395,20.6952,21.1999,1.3032,22.326293931430797,21.85578471907412,32.78412940299145,0.997291121848475,7.811492867872319,0.7269391403469793,9.323456140888975,20.35100127405692,1.1013307596786743,20.701128626264918,1.1061305355957143
976,r_k05_0073_d06_d12_d23_d26_d31,"6,12,23,26,31",budget-matched cardinality-stratified random full-sequence control,0,0.9965095986038395,20.7038,21.9864,1.4526000000000001,22.693822983436792,21.513031703642184,40.93948121505356,1.1616191505501372,17.713818224618656,0.6791753557786214,7.974747249460308,20.732130218475117,1.0753541134922693,20.679437372518343,1.087678904157093
977,g_pair_seed_sweep_d05_d17,"5,17",fallback exhaustive two-channel full-sequence seed sweep,0,0.9965095986038395,20.7295,21.5895,1.3825,21.891920021174368,20.99357065143421,34.13151610749724,1.0666476140841654,8.070473977872524,0.7854270965279,9.719723241093593,19.743582244249186,1.083819028656213,20.74302746859828,1.0894984270366819
978,r_k05_0096_d10_d12_d17_d18_d31,"10,12,17,18,31",budget-matched cardinality-stratified random full-sequence control,0,0.9965095986038395,20.7719,22.6989,2.0736,22.275234742734966,20.534527448266534,37.45832325761727,1.6932710536699178,31.74753048070868,0.7770449657987674,7.856507182075693,19.54953745331137,1.059731211483026,20.80728437919202,1.0551444423012672
979,r_k05_0062_d05_d08_d21_d24_d27,"5,8,21,24,27",budget-matched cardinality-stratified random full-sequence control,0,0.9965095986038395,20.7758,22.5222,1.5971,23.308487713999494,22.04868835927257,43.63393516450279,1.3204376845226027,23.17718067532978,0.6993772558785016,11.05067637402252,21.16114280561611,1.0598058557046455,20.751876928118566,1.0806492123114417
980,g_pair_seed_sweep_d05_d31,"5,31",fallback exhaustive two-channel full-sequence seed sweep,0,0.9965095986038395,20.7772,22.898,1.9539,26.583699648401133,23.95416493527814,73.60692912516149,1.3458813661285534,12.990796397773668,0.8369066551702257,9.741573736333002,22.323708382993697,1.1321831503855375,20.7591429580402,1.1569939945469636
981,g_pair_seed_sweep_d12_d20,"12,20",fallback exhaustive two-channel full-sequence seed sweep,0,0.9965095986038395,20.785899999999998,22.9486,1.7995,23.715798847712456,22.038441198114526,42.810377706534595,1.1870144387450272,12.222954089787581,0.7912083961474105,10.13630514319064,21.542409768270705,1.0485314940625317,20.741307275038572,1.0588045205049266
982,r_k05_0048_d03_d08_d11_d24_d31,"3,8,11,24,31",budget-matched cardinality-stratified random full-sequence control,0,0.9965095986038395,20.7895,22.4308,1.3312,23.206515201519917,21.92542051026226,41.23984218927793,1.1189572037729287,14.965628836219361,0.7323117499637217,10.269109348970815,20.86098641451817,1.0774489884510274,20.767310319039154,1.0940265084260545
983,r_k03_0082_d10_d20_d21,"10,20,21",budget-matched cardinality-stratified random full-sequence control,0,0.9965095986038395,20.8188,21.668699999999998,1.5779,22.07269764498904,21.298596938533397,36.556886946115284,1.1956748929129473,12.999600178227535,0.7218894344092699,8.169347666489411,20.854056217117517,1.0524315707554568,20.82005810087191,1.0586642996949216
984,r_k05_0004_d00_d02_d07_d12_d31,"0,2,7,12,31",budget-matched cardinality-stratified random full-sequence control,0,0.9965095986038395,20.8519,21.4617,1.2763,22.968788509272667,22.352959552462657,35.11669416839444,0.9839697649880528,7.3900745095746805,0.7285732459394849,10.50780841856569,20.489232545232948,1.1157952295104454,20.842268371587885,1.122584341159648
985,g_pair_seed_sweep_d07_d31,"7,31",fallback exhaustive two-channel full-sequence seed sweep,0,0.9965095986038395,20.876,21.8162,1.8398999999999999,23.899525389005774,22.858767458808625,39.37972342535911,1.2664137415910361,11.680319990789222,0.8976565199636625,11.916937147222368,21.222431666890458,1.1195066776707334,20.85516377281739,1.1359546112240029
986,g_s01_k05_from_d00_d05_d18_d30_add_d24,"0,5,18,24,30",direct full-sequence ATE forward-greedy trial,0,0.9965095986038395,20.8991,21.855,2.1676,23.275244268392488,22.759871185616813,37.25593316423769,1.6604555334976963,32.14279572012312,0.7296589772777189,9.884988326735538,21.432217426222564,1.085743441441249,20.871135843620557,1.1062115624481288
987,r_k05_0025_d01_d10_d14_d16_d28,"1,10,14,16,28",budget-matched cardinality-stratified random full-sequence control,0,0.9965095986038395,20.901500000000002,22.2823,1.6198000000000001,22.46951161485248,21.275905280517787,35.81659133097395,1.282578381444799,16.082229762753702,0.8646573236032064,10.804713045902016,20.38988629674333,1.0597478668782285,20.920096380328594,1.0623845555929408
988,swap_k06_0149_d00_d05_d06_d17_d18_d23,"0,5,6,17,18,23",one-channel swap audit around provisional greedy endpoint,0,0.9965095986038395,20.9335,23.572499999999998,1.1657000000000002,23.902068352571366,21.668461284013038,53.75445512620583,0.9922284130771604,6.873879013633117,0.8196930666386999,9.83835853917865,21.098479733779342,1.0428085602348758,20.91755261370774,1.0523009932373733
989,r_k06_0034_d01_d17_d20_d22_d27_d31,"1,17,20,22,27,31",budget-matched cardinality-stratified random full-sequence control,0,0.9965095986038395,20.9375,22.4281,1.6364,23.501124655133893,22.385892957790304,47.28675924781168,1.2755494972995882,16.44803925888547,0.9108880665345961,12.351056600700035,21.323959873265526,1.0700637779413504,20.916801115687655,1.0901906053451846
990,r_k03_0084_d11_d14_d26,"11,14,26",budget-matched cardinality-stratified random full-sequence control,0,0.9965095986038395,20.951700000000002,22.1284,1.4135,22.449307371983156,21.01033931814479,45.712609369608494,1.1280679154983213,11.967673567411143,0.868428068392112,9.179337796543916,20.749161512341402,1.044698704557095,20.94107946053404,1.0591149148990435
991,r_k03_0052_d05_d10_d26,"5,10,26",budget-matched cardinality-stratified random full-sequence control,0,0.9965095986038395,21.0539,21.7815,1.5735,23.123217569453494,22.302772278489133,42.332749410211534,1.2030467230373385,13.191107849110665,0.7580670381964849,9.656190916511088,20.78630137529003,1.105003069420364,21.0562118614123,1.1126012408940744
992,g_s03_k03_from_d04_d22_add_d09,"4,9,22",direct full-sequence ATE forward-greedy trial,0,0.9965095986038395,21.0839,22.512,1.9687,23.735200677651786,22.14118874586748,40.55183374308073,1.4770221510199826,21.14229388782183,0.9399048003799341,12.348274356246383,21.47871861396318,1.068582033610571,21.04591598473246,1.0861608870560744
993,r_k06_0080_d06_d09_d15_d16_d20_d31,"6,9,15,16,20,31",budget-matched cardinality-stratified random full-sequence control,0,0.9965095986038395,21.1193,23.249,1.7670000000000001,23.348225353144255,20.884589389990797,55.086672812240145,1.4131092873204025,16.021453265172607,1.145689956589004,12.65562791082275,20.8612943488792,1.0129975692154867,21.09048166540323,1.0178723573382642
994,g_pair_seed_sweep_d07_d12,"7,12",fallback exhaustive two-channel full-sequence seed sweep,0,0.9965095986038395,21.1283,22.486900000000002,1.6389999999999998,24.005427974093976,22.51966761620385,46.40772675203386,1.2085670443954075,14.375481292466544,0.8613727707992304,12.987131483367978,21.439712042518842,1.1015127062054964,21.108883199983133,1.1165850765227772
995,r_k06_0005_d00_d02_d12_d13_d17_d30,"0,2,12,13,17,30",budget-matched cardinality-stratified random full-sequence control,0,0.9965095986038395,21.144,22.595599999999997,1.7860999999999998,23.415947947715186,22.224294279772803,45.95119393651372,1.416231585012035,20.721029890061985,0.984715802922415,11.999437108388344,21.251572008177373,1.0611303042601223,21.129089918157952,1.0782136152220838
996,g_s03_k03_from_d04_d22_add_d29,"4,22,29",direct full-sequence ATE forward-greedy trial,0,0.9965095986038395,21.1573,22.5903,2.1104000000000003,23.52967279732634,22.52325567293928,43.43299282715485,1.612284445386763,26.259205263789138,0.9758520899241089,12.592779299550328,21.49120312467924,1.0622732772185295,21.123952581134407,1.0772135007442345
997,g_s04_k03_from_d11_d23_add_d06,"6,11,23",direct full-sequence ATE forward-greedy trial,0,0.9965095986038395,21.168300000000002,23.7394,1.4514,24.220026473318764,22.181509964940748,55.09475215362632,1.226218464963153,10.822110074032063,0.8687656928388942,9.427209614451632,21.22634530476635,1.0585736171489317,21.1545819442817,1.0721373094314506
998,r_k04_0039_d03_d08_d12_d26,"3,8,12,26",budget-matched cardinality-stratified random full-sequence control,0,0.9965095986038395,21.1726,22.7499,1.3234,23.19255272970768,21.710890852852028,44.77339909813569,1.1155423089101584,15.020746424106212,0.6482859381750075,9.500298765181793,20.755611828112134,1.0766287277070243,21.15720238890088,1.090650602080321
999,r_k04_0095_d09_d20_d28_d31,"9,20,28,31",budget-matched cardinality-stratified random full-sequence control,0,0.9965095986038395,21.1787,23.7721,1.8221999999999998,24.51604557493635,22.60787029319417,48.532779010512954,1.4326932688089762,12.52159629499929,1.0602858316147903,10.055121554012732,22.239593849665148,0.9762555076330821,21.138678567263387,0.9832783554606984
1000,r_k06_0035_d01_d22_d24_d25_d27_d28,"1,22,24,25,27,28",budget-matched cardinality-stratified random full-sequence control,0,0.9965095986038395,21.185000000000002,23.0549,1.4011,24.385641074419446,22.930034333606116,50.87611037706233,1.1339738676235995,9.82420618788906,0.8726284846970748,12.015240318753852,21.343569740967656,1.0953870583683594,21.170336590178437,1.1116343083535587
1001,swap_k06_0124_d00_d05_d06_d17_d24_d30,"0,5,6,17,24,30",one-channel swap audit around provisional greedy endpoint,0,0.9965095986038395,21.208199999999998,22.6578,1.7752000000000001,23.639438844217935,22.873843728670778,40.24552122128054,1.4434480675680446,25.488679640189133,0.7841509084590033,10.64112786327941,21.746986510078333,1.0623581354501948,21.185771984028932,1.0791376035927307
1002,r_k04_0037_d03_d05_d11_d18,"3,5,11,18",budget-matched cardinality-stratified random full-sequence control,0,0.9965095986038395,21.2406,22.8007,1.3225,23.968928300699556,22.597421668236883,48.77994387211123,1.1042854200807128,15.70602386052489,0.6380798901409602,8.713683648585304,21.54277948848661,1.085613314143735,21.223648291735067,1.1033446790036723
1003,g_s02_k06_from_d01_d05_d13_d15_d31_add_d24,"1,5,13,15,24,31",direct full-sequence ATE forward-greedy trial,0,0.9965095986038395,21.2574,23.0516,1.4079,23.890468645960496,22.412077301112962,47.62412082998353,1.141065655436539,12.333197583521997,0.8805192902041914,13.993819601426729,21.207491150937308,1.0769174088989466,21.24568359889057,1.0901711445674271
1004,g_s01_k03_from_d00_d05_add_d10,"0,5,10",direct full-sequence ATE forward-greedy trial,0,0.9965095986038395,21.2707,22.7528,1.461,22.860031146875475,21.679874676338425,36.20730823759316,1.1875631633176615,10.102952072906216,0.77383690653965,7.529255364333461,20.55724893928098,1.0741333940312674,21.292317564095566,1.0709843960090089
1005,g_pair_seed_sweep_d05_d26,"5,26",fallback exhaustive two-channel full-sequence seed sweep,0,0.9965095986038395,21.2849,22.2764,1.6046,23.759809906752693,22.093436104431944,48.38998280366341,1.1926643100590406,10.793831456687574,0.6985129967848964,7.3982005456721245,21.269086832834144,1.1056097132879512,21.262567122250623,1.1221747946238516
1006,r_k05_0077_d07_d11_d12_d13_d19,"7,11,12,13,19",budget-matched cardinality-stratified random full-sequence control,0,0.9965095986038395,21.3012,23.6893,1.1462999999999999,24.039739551552884,21.96872348677412,52.14305648318947,0.994426264289562,8.283493913750775,0.8558711159376249,11.720557875386861,21.15765568241269,1.06003314021123,21.29178437084538,1.0721314407577573
1007,g_s02_k03_from_d01_d05_add_d13,"1,5,13",direct full-sequence ATE forward-greedy trial,0,0.9965095986038395,21.3251,23.8143,1.8203,23.76752161880451,20.97820653344288,40.77485877973625,1.4505066242965754,18.644326550822406,1.0055940533632335,14.281039533375765,20.96044514667695,0.9938542708580591,21.291831873444654,1.0013683829285418
1008,g_s03_k03_from_d04_d22_add_d28,"4,22,28",direct full-sequence ATE forward-greedy trial,0,0.9965095986038395,21.374499999999998,22.883300000000002,1.934,24.349950403001014,23.131954063769236,44.720441942821374,1.4962136502593446,23.352171744496538,0.8850111892673228,13.858209028332318,21.80829089707682,1.082911217099737,21.33489680659762,1.101693286206115
1009,g_pair_seed_sweep_d03_d18,"3,18",fallback exhaustive two-channel full-sequence seed sweep,0,0.9965095986038395,21.3803,22.947899999999997,1.9044999999999999,24.08474457670901,22.82880542076961,38.69902162889178,1.3105021575600013,16.927302874955522,0.7607580247287171,8.555138723709204,22.169258481886185,1.0666976642216883,21.335025650982935,1.0833879106480477
1010,g_s04_k03_from_d11_d23_add_d17,"11,17,23",direct full-sequence ATE forward-greedy trial,0,0.9965095986038395,21.3833,24.532999999999998,1.2409999999999999,24.613307158907737,21.78067892213506,56.86355806462018,1.0599975382064353,8.20333467678372,0.9141189917182128,10.919110797931122,21.2731636079119,1.0297390674437317,21.37891889319858,1.0407136992619679
1011,r_k04_0112_d15_d17_d19_d23,"15,17,19,23",budget-matched cardinality-stratified random full-sequence control,0,0.9965095986038395,21.4369,24.4029,1.3115999999999999,24.41343570058563,21.840049514143782,55.496132614244885,1.1382232674207906,14.094494428271673,0.7978534804922475,9.845960319794685,21.26194606253233,1.035576663720609,21.43699690636529,1.0462947330775905
1012,r_k05_0046_d03_d07_d25_d26_d29,"3,7,25,26,29",budget-matched cardinality-stratified random full-sequence control,0,0.9965095986038395,21.4839,23.0198,1.3978000000000002,23.71044328676806,22.390159640345093,46.14567585953577,1.1791337771648551,11.368628235508913,0.7497765721936044,9.271801515897087,21.804786751014362,1.0610411903556805,21.45935447946254,1.0774963685990304
1013,r_k06_0060_d03_d07_d08_d11_d12_d26,"3,7,8,11,12,26",budget-matched cardinality-stratified random full-sequence control,0,0.9965095986038395,21.4906,23.5112,1.0884,24.08927732416078,22.350371173047296,49.746003748346396,0.9410815860017019,6.677445273076699,0.7311184841660834,9.450825612086229,21.272329756527753,1.0770861769759967,21.481583125141825,1.0889472862716987
1014,r_k03_0063_d07_d17_d20,"7,17,20",budget-matched cardinality-stratified random full-sequence control,0,0.9965095986038395,21.496499999999997,23.9198,1.4896,24.784991329134062,22.517193663654993,59.668999960850066,1.151698323811349,9.379351408572854,0.9640193946258878,11.873044225615109,21.663744462364292,1.060336080539351,21.483866862078692,1.0791919481032184
1015,g_pair_seed_sweep_d05_d06,"5,6",fallback exhaustive two-channel full-sequence seed sweep,0,0.9965095986038395,21.6343,23.167299999999997,1.568,24.39108808043818,23.031419558560664,47.593460297278085,1.2124262660497451,19.391224936372865,0.7468153443085109,10.965864572847108,22.268958316360948,1.07460965586434,21.608012441675555,1.0905409169085594
1016,g_pair_seed_sweep_d24_d29,"24,29",fallback exhaustive two-channel full-sequence seed sweep,0,0.9965095986038395,21.647199999999998,22.7889,2.3158000000000003,24.12935203839336,23.69120850452216,34.7329094800905,1.7275003685741628,24.99668242845314,0.8478910720498016,13.544720580635317,21.95400019872971,1.0947511396854501,21.617233956685165,1.1177644398613957
1017,r_k03_0070_d08_d19_d21,"8,19,21",budget-matched cardinality-stratified random full-sequence control,0,0.9965095986038395,21.756700000000002,23.9764,1.7664,23.88949963809804,21.84453877900767,50.24061428471492,1.5265674836167762,24.31762818355009,0.8021484644411612,11.27137813920291,21.30364190525163,1.0448742188291034,21.74289194421556,1.0584871516077798
1018,r_k03_0076_d10_d13_d27,"10,13,27",budget-matched cardinality-stratified random full-sequence control,0,0.9965095986038395,21.7786,23.9806,2.1252,24.086762296251223,21.69527562064707,56.34406623151115,1.7287891265984685,29.191850514343304,1.0320433845044346,12.41187037418399,20.983965607928504,1.0453607802935296,21.784987418753772,1.0523611968487936
1019,g_pair_seed_sweep_d01_d27,"1,27",fallback exhaustive two-channel full-sequence seed sweep,0,0.9965095986038395,21.782799999999998,23.336000000000002,1.9665,23.54997580935977,21.74389225417208,51.584261541383306,1.5736942538812095,19.94777936866103,1.0154953814690422,12.12630316390578,21.05646680762147,1.0632829006362003,21.795224851107907,1.0789145397812532
1020,r_k04_0045_d04_d07_d19_d22,"4,7,19,22",budget-matched cardinality-stratified random full-sequence control,0,0.9965095986038395,21.7858,23.8622,1.3280999999999998,24.799006003309742,23.030077154957894,51.69950288040458,1.1085928244100312,12.402966698311385,0.8388422681828686,13.352071908197749,21.87545835522444,1.084557004471198,21.76866529534229,1.0984607522177514
1021,g_pair_seed_sweep_d21_d26,"21,26",fallback exhaustive two-channel full-sequence seed sweep,0,0.9965095986038395,21.8526,22.3752,1.5228,23.45655247819228,22.416507879517194,41.20932959650776,1.2129120289032382,16.03918046220231,0.7505888925147068,10.219947087555811,21.123537813631575,1.1091668966433317,21.84466664600136,1.1228037337538193
1022,r_k04_0085_d08_d16_d18_d28,"8,16,18,28",budget-matched cardinality-stratified random full-sequence control,0,0.9965095986038395,21.939700000000002,24.9543,1.7428,25.84013075704784,22.45026215446409,72.87020700775716,1.4443219861806607,11.711187739530866,1.1226158512448992,10.942629811060348,21.95975736659804,1.0465732443965712,21.918380447547538,1.053459779179058
1023,r_k03_0090_d12_d13_d29,"12,13,29",budget-matched cardinality-stratified random full-sequence control,0,0.9965095986038395,21.9496,23.0165,2.1157,23.273507031008233,22.384717674166,35.96716755090124,1.4852448656018766,23.93522448090715,0.9558129753617896,13.289644922911862,21.647539288684232,1.0579228567399823,21.91840982384649,1.0746385291955254
1024,g_pair_seed_sweep_d23_d28,"23,28",fallback exhaustive two-channel full-sequence seed sweep,0,0.9965095986038395,21.9847,24.1154,2.2565999999999997,24.428353718554614,22.229370984570558,56.567870987463984,1.8179829256162527,26.667972653590528,1.0291686160066877,9.14216282800859,22.127587686105084,1.0134367093578907,21.95347396662289,1.0240147569824607
1025,g_s01_k04_from_d00_d05_d18_add_d24,"0,5,18,24",direct full-sequence ATE forward-greedy trial,0,0.9965095986038395,21.990000000000002,23.6376,2.0608999999999997,24.50480107684589,23.35604488151392,44.11553606705287,1.6746706774618445,34.01416438222553,0.6866728905811442,10.429257256052825,22.35912413810356,1.064773263309667,21.96278290557728,1.0844131585209098
1026,g_pair_seed_sweep_d12_d26,"12,26",fallback exhaustive two-channel full-sequence seed sweep,0,0.9965095986038395,22.0177,23.5877,1.6507999999999998,24.042636203241738,22.36781069673676,42.947943134707764,1.2553331470829483,12.885311846869769,0.7594327951177297,8.449779851900326,22.092918676330093,1.0541869506831554,21.978081165318248,1.0678289602919442
1027,r_k04_0068_d06_d09_d16_d21,"6,9,16,21",budget-matched cardinality-stratified random full-sequence control,0,0.9965095986038395,22.0614,24.2283,1.7441000000000002,25.26681673391594,23.307002849866585,54.74347097466842,1.3612401266968213,14.284881125801274,0.97445082137131,11.673327439815742,22.315042335718307,1.066466300731172,22.05159010885224,1.0801108409240114
1028,r_k03_0116_d23_d27_d29,"23,27,29",budget-matched cardinality-stratified random full-sequence control,0,0.9965095986038395,22.0694,24.0883,1.7214,24.30406358268808,22.294094202275716,44.756580834428014,1.3961556603751175,12.765542359684881,0.8739221120634486,9.661966623925935,22.271544883621065,1.0019338209006685,22.03804675987151,1.017827038989694
1029,g_pair_seed_sweep_d02_d07,"2,7",fallback exhaustive two-channel full-sequence seed sweep,0,0.9965095986038395,22.2132,23.4195,2.3059,25.442282193399844,24.256134894534963,43.10886480671222,1.657949229975288,22.632786355895067,1.0128024363914738,16.13064312157532,22.79077110873139,1.1091501101674048,22.18071340080543,1.1324872834939301
1030,g_pair_seed_sweep_d07_d26,"7,26",fallback exhaustive two-channel full-sequence seed sweep,0,0.9965095986038395,22.2251,24.3148,1.6019999999999999,25.287975395149413,23.55218742806263,54.25367211679295,1.313289851931917,17.888019622176586,0.971560427415703,12.075187114588445,22.276694724898547,1.0725796005825665,22.204454387612234,1.0891320822662671
1031,g_pair_seed_sweep_d05_d30,"5,30",fallback exhaustive two-channel full-sequence seed sweep,0,0.9965095986038395,22.234,24.3952,1.9358,23.785595902722097,21.723304842112828,39.6381846083909,1.596575935903136,27.328719327086976,0.9335590002372123,14.745085903498003,20.980659354401894,1.0557691191822969,22.268012634592253,1.0500265769770456
1032,g_pair_seed_sweep_d04_d20,"4,20",fallback exhaustive two-channel full-sequence seed sweep,0,0.9965095986038395,22.238,22.8542,2.3289,23.34425653029297,21.9657576282035,39.567736755859656,1.6970409300741067,27.97965001272857,1.0696791273780537,18.853709215914872,20.531511556679067,1.1139577705657588,22.272142953092175,1.1279073440932201
1033,r_k04_0105_d13_d17_d19_d25,"13,17,19,25",budget-matched cardinality-stratified random full-sequence control,0,0.9965095986038395,22.2522,25.4609,1.1592,25.527621295012903,22.62819406336159,58.28151779457708,1.004778877312853,8.657151624071297,0.914583797233287,11.280860495294789,22.101592808402135,1.0347998345505987,22.246999256264647,1.0471488419033887
1034,r_k06_0103_d11_d14_d17_d20_d21_d23,"11,14,17,20,21,23",budget-matched cardinality-stratified random full-sequence control,0,0.9965095986038395,22.3004,24.6089,1.2555,24.592366298509965,22.408431113893577,55.28702300853612,1.0684209460878482,13.768808226865978,0.733369937150103,9.668331374170105,21.980002378391696,1.0398854136345232,22.291898683365368,1.0536702792477932
1035,g_pair_seed_sweep_d04_d06,"4,6",fallback exhaustive two-channel full-sequence seed sweep,0,0.9965095986038395,22.3413,24.071,1.6136000000000001,24.872589548752018,23.25324281675182,39.1376464847594,1.3471344465726895,20.14735325763029,0.8069394278047478,10.798299951271431,22.78070056941965,1.0321610052161732,22.29960609736914,1.0520289113354286
1036,r_k05_0093_d09_d14_d16_d25_d29,"9,14,16,25,29",budget-matched cardinality-stratified random full-sequence control,0,0.9965095986038395,22.3717,24.1011,1.6468,24.43538258330747,22.70782912221052,45.74885070231205,1.2905747344671983,12.907540207078416,0.9194452757074111,11.13093383786587,22.67415554604938,1.0085018388472735,22.34156533649631,1.027563414158457
1037,g_s04_k03_from_d11_d23_add_d12,"11,12,23",direct full-sequence ATE forward-greedy trial,0,0.9965095986038395,22.3993,24.063699999999997,1.4259000000000002,23.90139816033617,22.18310215673626,48.65171543348123,1.195597439253345,16.349312988235145,0.6297276525827216,7.147066888858564,21.725929893591754,1.0535441101759357,22.38402636190111,1.063341803953311
1038,r_k04_0027_d01_d13_d15_d17,"1,13,15,17",budget-matched cardinality-stratified random full-sequence control,0,0.9965095986038395,22.4079,25.3754,1.4897,25.34999578169941,22.13216905224506,60.119655577457706,1.2312440168051166,11.31197004692828,1.021952605097228,13.46078970770015,21.709097540354044,1.0285532969460205,22.399739831323938,1.0389991466351791
1039,g_pair_seed_sweep_d01_d31,"1,31",fallback exhaustive two-channel full-sequence seed sweep,0,0.9965095986038395,22.4106,24.7199,1.567,24.573933598561307,22.7888157853173,39.57139045735834,1.308100657635101,17.174743749884456,0.869016982051378,10.569715137146188,21.937377726396104,1.04991257532981,22.423747347138768,1.050381298992135
1040,g_pair_seed_sweep_d26_d31,"26,31",fallback exhaustive two-channel full-sequence seed sweep,0,0.9965095986038395,22.484,23.4631,1.7502,24.616989818199343,23.77401981190701,41.57902917307202,1.351458497835857,10.446459569033802,0.9066140085873031,12.3203676597681,21.85078643724236,1.1096566584450482,22.50057327469408,1.117269688742726
1041,swap_k06_0046_d00_d06_d17_d18_d24_d30,"0,6,17,18,24,30",one-channel swap audit around provisional greedy endpoint,0,0.9965095986038395,22.5182,24.3253,2.1073,24.79357588609967,23.073523068157936,41.38258890623836,1.7246238634572364,32.13675889305516,0.8402450992150196,10.633841691806426,22.817299923603812,1.0152454188786133,22.488333543507974,1.0294787903499716
1042,g_s03_k03_from_d04_d22_add_d23,"4,22,23",direct full-sequence ATE forward-greedy trial,0,0.9965095986038395,22.5184,24.212600000000002,1.481,24.86920536053847,23.415555133332475,49.508457733276806,1.175279386255069,11.21813017882238,0.8186532487398436,11.107145343329117,22.72568214552821,1.0617506490051816,22.491479261187955,1.0788254121994658
1043,r_k03_0108_d18_d21_d23,"18,21,23",budget-matched cardinality-stratified random full-sequence control,0,0.9965095986038395,22.656299999999998,23.69,1.3569,23.9571349480683,22.662432178070745,45.37888283271913,1.0659402713727986,8.245151977631416,0.7044878352005339,9.25146957138104,21.921921002070306,1.0761389429653894,22.643667310991063,1.0890841712654689
1044,g_s04_k03_from_d11_d23_add_d16,"11,16,23",direct full-sequence ATE forward-greedy trial,0,0.9965095986038395,22.7212,26.1969,1.5002,26.612573089579524,23.352838040979133,64.76786942849321,1.2439375052363926,8.937420284233399,1.0184172017425155,10.0718437933403,22.109563796206473,1.065702555512043,22.715683538234778,1.0784434498638042
1045,r_k04_0062_d06_d07_d11_d26,"6,7,11,26",budget-matched cardinality-stratified random full-sequence control,0,0.9965095986038395,22.7562,25.2691,1.3073,25.996015483814656,23.853742738903648,57.6804117821496,1.080827346295772,11.09404582574098,0.8742302630719536,11.042437552940408,22.83500623993916,1.066536119882409,22.74143253317453,1.0791581466831761
1046,g_pair_seed_sweep_d03_d13,"3,13",fallback exhaustive two-channel full-sequence seed sweep,0,0.9965095986038395,22.7801,23.7501,1.9889000000000001,24.21008887207052,23.131637943840605,40.754773350635844,1.4704496229960715,16.76347477520007,1.0102297939802394,14.223396437100039,22.66928873640886,1.0531352554423212,22.74348191209583,1.0700558931697244
1047,r_k03_0055_d05_d22_d24,"5,22,24",budget-matched cardinality-stratified random full-sequence control,0,0.9965095986038395,22.795199999999998,24.4978,1.4681,25.815176498693994,24.746394928402815,47.47635022593701,1.1924184093811694,14.777344861597506,0.7352501768472983,10.813558267215782,23.24578150516877,1.095944068677247,22.77611115711191,1.114188444518798
1048,g_pair_seed_sweep_d09_d12,"9,12",fallback exhaustive two-channel full-sequence seed sweep,0,0.9965095986038395,22.8032,24.0651,2.9371,24.097713699077566,22.35335672959459,37.60532086981346,1.606489929460406,24.504510449963465,0.8941863092296143,10.276131719303566,21.30702823643375,1.0938438118812521,22.825420027302172,1.096680857045905
1049,r_k04_0034_d02_d09_d22_d23,"2,9,22,23",budget-matched cardinality-stratified random full-sequence control,0,0.9965095986038395,22.8608,24.9742,1.8389,26.49116785790161,24.35120666656994,59.18035718174518,1.391735916901147,9.90409181181389,1.0740191589980894,10.800266174359683,22.6551287788893,1.103430122055536,22.842326715334483,1.1176519380675904
1050,g_pair_seed_sweep_d14_d31,"14,31",fallback exhaustive two-channel full-sequence seed sweep,0,0.9965095986038395,22.8613,24.052599999999998,1.6420000000000001,24.69563431869596,23.761387559705003,41.00154791967838,1.3643668491557488,10.777440440814994,0.8790360797476815,10.746890076517259,23.723332570789417,1.012706312479142,22.854450126848917,1.0350252917865614
1051,r_k06_0030_d01_d09_d13_d18_d22_d28,"1,9,13,18,22,28",budget-matched cardinality-stratified random full-sequence control,0,0.9965095986038395,22.875899999999998,25.0593,1.7927,25.882691154381348,23.447890494858743,62.3704109913605,1.3862922695227953,13.355446613162037,1.082089720305554,12.35946581918769,22.391699897425845,1.075572522337588,22.851342238069073,1.088030076788756
1052,r_k06_0045_d02_d07_d12_d13_d14_d17,"2,7,12,13,14,17",budget-matched cardinality-stratified random full-sequence control,0,0.9965095986038395,22.8872,24.1398,1.4963,24.32967063345715,22.812616036958143,47.97317004273265,1.0575305883669106,7.67087684821618,0.8818631882079836,11.370119315250466,22.517303459584763,1.0544932675459313,22.86906806714275,1.0659209070833005
1053,r_k06_0098_d10_d13_d14_d20_d27_d31,"10,13,14,20,27,31",budget-matched cardinality-stratified random full-sequence control,0,0.9965095986038395,22.8967,25.0802,1.4500000000000002,25.10985157739567,22.643392226178456,55.25887003133748,1.165359619356506,8.263938511326156,0.9440232244594514,11.357856836046242,22.649635771405137,1.010976295417299,22.88413994395096,1.0230027211353863
1054,g_pair_seed_sweep_d11_d26,"11,26",fallback exhaustive two-channel full-sequence seed sweep,0,0.9965095986038395,22.924,23.8677,2.0522,24.747978578221545,23.535484899370708,45.230077927359915,1.6051118115000935,27.81284672711995,0.9876263140761538,14.396385707729657,22.14862681025297,1.1030188506825316,22.906947195422376,1.1081569893206047
1055,g_pair_seed_sweep_d02_d29,"2,29",fallback exhaustive two-channel full-sequence seed sweep,0,0.9965095986038395,22.9342,25.855600000000003,2.3066,26.995572877453206,24.11508376266745,60.654350287076234,1.9182293278901419,16.336537257766867,1.1966093899278736,16.6108673863794,24.213166584139167,0.9784382173167641,22.90420193539896,0.9924864413220353
1056,g_pair_seed_sweep_d03_d22,"3,22",fallback exhaustive two-channel full-sequence seed sweep,0,0.9965095986038395,22.9392,24.212400000000002,2.0987,25.57553146568377,24.841548737960945,38.50141014665059,1.5900709110573716,28.125773390010313,0.8132669230138072,10.415051826114311,23.58903325179735,1.0802435428927846,22.898627747425625,1.0994365247076994
1057,r_k04_0113_d15_d19_d20_d24,"15,19,20,24",budget-matched cardinality-stratified random full-sequence control,0,0.9965095986038395,22.9542,24.799,1.4487,25.325417048938668,24.073586397162007,48.63249354302986,1.2031090324718976,15.572808868956498,0.721732383716503,12.307357689572896,23.327058123883905,1.052749707184774,22.93425111733401,1.069442206714146
1058,g_pair_seed_sweep_d07_d17,"7,17",fallback exhaustive two-channel full-sequence seed sweep,0,0.9965095986038395,22.9751,25.7787,1.439,26.67757717439119,24.32754059548509,61.150299806587206,1.1579078749584601,10.748784085420612,1.0293277815469115,13.644970248288683,23.161166948706104,1.0656021513113612,22.96330184486503,1.0821400333649462
1059,g_pair_seed_sweep_d29_d31,"29,31",fallback exhaustive two-channel full-sequence seed sweep,0,0.9965095986038395,22.9838,25.5872,2.3737,25.029512718323044,22.75999178950911,42.97413190454869,1.9469906416180318,27.446393272304036,1.3432387899370786,19.905138349760122,21.98769419304497,1.0481463640421895,23.022245105844156,1.0325111765366763
1060,g_s04_k03_from_d11_d23_add_d03,"3,11,23",direct full-sequence ATE forward-greedy trial,0,0.9965095986038395,22.994300000000003,25.1637,1.2170999999999998,25.379557361918724,23.471914734230175,51.803610354990695,1.0747972043529237,11.884184316163708,0.6471344291068509,8.607620045508336,23.189264237291543,1.0342492504889629,22.967899094566636,1.0481775424342292
1061,r_k06_0081_d06_d12_d14_d17_d27_d30,"6,12,14,17,27,30",budget-matched cardinality-stratified random full-sequence control,0,0.9965095986038395,23.000799999999998,24.6467,1.5294999999999999,25.176060994465416,23.65756009932339,45.232382682082104,1.1872886254304886,12.713497921683684,0.8223524473388876,9.858690450063797,23.576809060243097,1.0105953513012493,22.970067964992488,1.0291196072867206
1062,r_k06_0050_d02_d12_d14_d15_d17_d19,"2,12,14,15,17,19",budget-matched cardinality-stratified random full-sequence control,0,0.9965095986038395,23.024900000000002,24.415300000000002,1.505,24.443342877052512,23.086241673497632,47.35158779209527,1.2262405013690194,15.701387008148746,0.7933195930007814,10.252327051844341,22.433190902900467,1.0553861520158874,23.02493212681149,1.0671515780996024
1063,g_pair_seed_sweep_d19_d31,"19,31",fallback exhaustive two-channel full-sequence seed sweep,0,0.9965095986038395,23.1281,23.840500000000002,1.7172,24.338325365254125,23.737058628439904,41.090059204642934,1.2155018986827884,11.013613665924527,0.8019850374760134,11.048988150595418,22.788949590272402,1.0783159877415176,23.12620683319703,1.0912557897915467
1064,g_pair_seed_sweep_d09_d24,"9,24",fallback exhaustive two-channel full-sequence seed sweep,0,0.9965095986038395,23.1375,24.6977,2.9021000000000003,26.28105131271398,25.271602124647124,40.10013764328149,2.1569137140155026,34.05076701541234,1.0553459732894175,16.397229695445475,23.223860926062613,1.105241848831983,23.10204916683697,1.1291101466291003
1065,r_k05_0024_d01_d08_d10_d19_d22,"1,8,10,19,22",budget-matched cardinality-stratified random full-sequence control,0,0.9965095986038395,23.151,25.214799999999997,1.4576,26.07573838102777,24.355025499226915,51.30816503263207,1.1646470092317875,13.146626127594596,0.9455220076406142,10.745648373072303,23.20779782032095,1.072634999166668,23.14557181799471,1.0860174132561808
1066,g_pair_seed_sweep_d11_d17,"11,17",fallback exhaustive two-channel full-sequence seed sweep,0,0.9965095986038395,23.1928,25.166300000000003,1.5547,25.37780873097662,23.287044821623464,48.767297138041634,1.2643490982365329,13.208388104287176,1.0235319261924023,10.321419871811443,22.59213984057834,1.0464171292728743,23.208043119903518,1.0540561681360208
1067,r_k05_0090_d09_d10_d18_d19_d22,"9,10,18,19,22",budget-matched cardinality-stratified random full-sequence control,0,0.9965095986038395,23.195,24.9069,1.5321,26.313991909556105,24.843251058539092,53.06096458260712,1.1789196086852127,10.201577621058059,0.9212811771613856,10.269575370088107,23.42857382576187,1.0894414093125702,23.19439589945766,1.1026285559707796
1068,r_k06_0026_d01_d06_d18_d24_d29_d31,"1,6,18,24,29,31",budget-matched cardinality-stratified random full-sequence control,0,0.9965095986038395,23.2014,24.6604,2.545,25.20439078932131,24.21809041237096,37.17491419776079,2.048337709317423,42.011599486307205,0.8795776367528019,11.30855095476645,23.32646260079472,1.050532429285422,23.170129668727196,1.0704677918868508
1069,g_pair_seed_sweep_d20_d25,"20,25",fallback exhaustive two-channel full-sequence seed sweep,0,0.9965095986038395,23.2773,26.1065,1.4482,26.103218429928,23.506712323867152,49.261928631151896,1.291104673625337,11.365210312967223,0.8626429677612966,10.50989151108702,23.237650229829356,0.9739952149754519,23.241278127446137,0.980157690980334
1070,r_k04_0061_d05_d18_d19_d24,"5,18,19,24",budget-matched cardinality-stratified random full-sequence control,0,0.9965095986038395,23.2859,25.2771,1.4808,25.95467879018904,24.526167646456443,51.112743184822094,1.2360297259961102,19.365919280924746,0.7096184800340005,11.10371904356086,23.58094332289718,1.064644085738973,23.26300903172758,1.0829646318396997
1071,r_k05_0050_d03_d20_d21_d24_d29,"3,20,21,24,29",budget-matched cardinality-stratified random full-sequence control,0,0.9965095986038395,23.3244,24.9074,1.3903,25.4469540680966,24.133749597523263,48.91803855449229,1.1475252194410261,16.91351335366972,0.6648279348487351,10.025474139426349,23.578950357769575,1.058674307494037,23.299630313436374,1.0776035102440331
1072,g_pair_seed_sweep_d03_d26,"3,26",fallback exhaustive two-channel full-sequence seed sweep,0,0.9965095986038395,23.3422,25.2738,1.6958999999999997,25.92720593237217,24.00177635591993,45.252226878226416,1.2396277272297713,15.685330001367797,0.6216498819307321,4.835166729499641,23.71724329620022,1.0593372793886224,23.29508742677152,1.0729481677076127
1073,r_k03_0113_d21_d22_d27,"21,22,27",budget-matched cardinality-stratified random full-sequence control,0,0.9965095986038395,23.349700000000002,25.1323,1.4924,26.04741597110169,24.448462544947123,53.426030481213104,1.195355074192001,11.470088208044288,0.8544073976736783,11.173200345534998,23.411483710692156,1.0872496548463173,23.333062230231956,1.1061057471776226
1074,r_k06_0066_d03_d14_d19_d21_d27_d31,"3,14,19,21,27,31",budget-matched cardinality-stratified random full-sequence control,0,0.9965095986038395,23.396900000000002,24.7487,1.5088000000000001,24.91768933588326,23.459887713649042,49.801668616016684,1.1829833986745535,16.205043418584953,0.6877019955572944,9.626981369848622,23.128022042007878,1.055949622662514,23.378283502709408,1.073503258900492
1075,r_k03_0077_d10_d14_d22,"10,14,22",budget-matched cardinality-stratified random full-sequence control,0,0.9965095986038395,23.4678,25.283299999999997,1.6614,25.96303765963805,24.397964939253452,46.87096278660709,1.2768190143299303,10.11783917170355,0.9506854069582052,10.798898471076978,24.269541730736364,1.017534847755028,23.429403677938605,1.032284364616733
1076,g_pair_seed_sweep_d03_d27,"3,27",fallback exhaustive two-channel full-sequence seed sweep,0,0.9965095986038395,23.48,25.315700000000003,1.8491,26.03601642477357,24.735973786113064,42.417067897661454,1.3396126339652579,18.461199247617085,0.7217884287732521,7.488403796104292,24.55438430319771,1.0316391408642092,23.432292424968878,1.0571322120069961
1077,g_pair_seed_sweep_d21_d23,"21,23",fallback exhaustive two-channel full-sequence seed sweep,0,0.9965095986038395,23.494999999999997,24.9642,1.6382,25.17316145127601,23.863955997152623,47.85547521150069,1.277052290487089,18.377511743559275,0.7453198505463208,9.871422917170536,23.65722695212312,1.032425801882824,23.464055234004967,1.0516120003617255
1078,r_k05_0011_d00_d06_d09_d16_d21,"0,6,9,16,21",budget-matched cardinality-stratified random full-sequence control,0,0.9965095986038395,23.5341,25.2772,1.5566,25.701244751589158,23.98018844040262,53.29399201518097,1.199396216571291,15.447157403879002,0.9315058207585565,12.22305732847925,23.59181731833417,1.0454114913972554,23.512940699810123,1.0584930617240245
1079,r_k06_0104_d11_d15_d17_d28_d29_d31,"11,15,17,28,29,31",budget-matched cardinality-stratified random full-sequence control,0,0.9965095986038395,23.5417,24.7946,1.6490999999999998,24.906385161345153,23.64369342055183,42.33905705628928,1.3100623308597674,11.985788566984104,0.9535258221852203,11.487117703963595,22.957789993957608,1.0544394428330692,23.5624033507478,1.0584121126896997
1080,g_pair_seed_sweep_d24_d26,"24,26",fallback exhaustive two-channel full-sequence seed sweep,0,0.9965095986038395,23.5724,24.7895,2.0288,26.06814543423182,24.896232348740202,38.30900960527049,1.541219156162984,22.007239375144216,0.7952023667091739,11.735642846390983,23.471168752495036,1.099553410656541,23.532797276402356,1.1208241363273792
1081,r_k04_0097_d10_d12_d21_d30,"10,12,21,30",budget-matched cardinality-stratified random full-sequence control,0,0.9965095986038395,23.6207,25.443500000000004,2.036,24.774880362267574,23.07034186152257,43.23504268901417,1.7431912766130382,33.28554473835344,0.7617893118690686,10.690121471789901,22.50590668470808,1.04621993697154,23.641623921902593,1.0421730856352935
1082,g_pair_seed_sweep_d12_d27,"12,27",fallback exhaustive two-channel full-sequence seed sweep,0,0.9965095986038395,23.6315,25.0361,1.951,25.3424547652636,23.85122898449327,44.94736112425947,1.497020981521092,21.682691262492927,0.8853475419460531,13.125285217009669,23.702177394223384,1.0526575359620136,23.5961419819895,1.070132640046396
1083,g_s03_k03_from_d04_d22_add_d06,"4,6,22",direct full-sequence ATE forward-greedy trial,0,0.9965095986038395,23.7031,25.395,1.7606,25.937502546176898,24.541678228710172,45.31801090512767,1.4182854603908632,18.248147120550595,0.902556941823934,10.886166022717742,23.95315181426005,1.0399477246062014,23.669750221511947,1.0550067246635824
1084,r_k03_0056_d06_d08_d11,"6,8,11",budget-matched cardinality-stratified random full-sequence control,0,0.9965095986038395,23.7295,26.154300000000003,1.7812999999999999,26.316166909324934,24.178179921132532,56.93981235721465,1.5063314532252954,16.574205343332586,1.0374849656619387,11.329135064067835,23.52766453399583,1.0421871650054364,23.702963567915305,1.0552655191839322
1085,r_k03_0060_d07_d08_d20,"7,8,20",budget-matched cardinality-stratified random full-sequence control,0,0.9965095986038395,23.7457,26.198300000000003,1.5942,26.921427116060357,24.502948384176708,63.78961412035499,1.2397348680975977,11.579951601172603,0.9648273843461078,12.533956609614796,23.715937413415254,1.0598679986322606,23.721482399999463,1.080749461521549
1086,g_s04_k03_from_d11_d23_add_d19,"11,19,23",direct full-sequence ATE forward-greedy trial,0,0.9965095986038395,23.8386,26.275599999999997,1.1704,26.189698354232572,23.96481897719385,56.83540475716467,1.040746045800297,9.648452009890208,0.7087254563271747,9.051602738535554,23.65779429855769,1.0302379918379483,23.822641514001692,1.0444816684525038
1087,r_k05_0059_d05_d06_d20_d22_d25,"5,6,20,22,25",budget-matched cardinality-stratified random full-sequence control,0,0.9965095986038395,23.9061,26.1775,1.262,26.823144853412206,24.99932891421797,56.90045843503023,1.0811915756291726,9.353893507979178,0.8122862562873937,10.495711849093519,24.1211918504074,1.0678615585848372,23.886392774223463,1.0835020093981944
1088,g_pair_seed_sweep_d03_d07,"3,7",fallback exhaustive two-channel full-sequence seed sweep,0,0.9965095986038395,24.0507,25.3305,1.659,26.23247914197026,24.82871274825749,44.88231943970642,1.2220298349432142,12.637772033270117,0.7806738506231793,8.999931638868178,24.29346015681409,1.0858730076428267,24.018563855653266,1.1003237317335806
1089,g_s01_k06_from_d00_d05_d06_d18_d30_add_d24,"0,5,6,18,24,30",direct full-sequence ATE forward-greedy trial,0,0.9965095986038395,24.066100000000002,26.0259,1.8955,26.578718120384824,24.82672276940228,43.670591332037205,1.5729229028179335,29.606194514671376,0.7363755435361522,10.259130038402915,24.50075578126318,1.0229763943828911,24.03226903891183,1.0392880705753291
1090,g_s04_k03_from_d11_d23_add_d13,"11,13,23",direct full-sequence ATE forward-greedy trial,0,0.9965095986038395,24.0986,27.1592,1.3106,27.098314812208695,24.068300940965955,64.46797109776908,1.1375753824862511,11.265504109455932,0.949328665197797,10.891825442710633,23.694127137258885,1.027890713760388,24.081592390267208,1.0401949581753693
1091,r_k04_0111_d15_d16_d17_d20,"15,16,17,20",budget-matched cardinality-stratified random full-sequence control,0,0.9965095986038395,24.1019,27.1978,1.4522,26.92351257489458,23.575375446777777,58.72222675774853,1.209591928813106,10.030124825617298,1.0192086983752038,10.743464669726025,23.59588113532899,0.9893331753440917,24.100841654536296,0.9914110448703047
1092,g_pair_seed_sweep_d10_d11,"10,11",fallback exhaustive two-channel full-sequence seed sweep,0,0.9965095986038395,24.174200000000003,26.3151,2.2475,25.383986344011433,23.193161078387185,42.780754051516475,1.8881455206931193,30.827136246388115,1.0319432195310312,12.836549774343506,22.93356633810097,1.0255503719665762,24.209305403234044,1.0174839862012033
1093,r_k06_0088_d08_d11_d12_d13_d17_d28,"8,11,12,13,17,28",budget-matched cardinality-stratified random full-sequence control,0,0.9965095986038395,24.1955,25.509500000000003,1.7286,25.856767433083466,24.23343449595254,51.8096853427098,1.3045509680391567,15.171884231371463,0.9317830012171453,13.494655131795364,23.783202071366926,1.0649890950375718,24.17105130263631,1.0826022481277335
1094,r_k06_0051_d02_d20_d21_d24_d28_d30,"2,20,21,24,28,30",budget-matched cardinality-stratified random full-sequence control,0,0.9965095986038395,24.197499999999998,24.9111,1.3641,25.660764945136204,24.840872605538905,43.668292055435586,1.0547917400096372,9.447498178660444,0.7336964668655592,10.314614373561957,23.85863583940675,1.0903104345264387,24.185597883137554,1.104855722742167
1095,r_k05_0091_d09_d13_d15_d27_d28,"9,13,15,27,28",budget-matched cardinality-stratified random full-sequence control,0,0.9965095986038395,24.198,26.7304,1.6402,26.898609973582094,23.92542681877094,65.1223243173772,1.2924089365065614,9.753656946764128,1.0250141063574003,12.752970931431808,23.632481099652487,1.0287305518967242,24.19405602931099,1.0421105584710835
1096,r_k05_0036_d02_d06_d08_d09_d31,"2,6,8,9,31",budget-matched cardinality-stratified random full-sequence control,0,0.9965095986038395,24.2515,27.4333,1.8994,27.92993552656778,24.78040870557577,65.23231028798668,1.4326558884235874,11.008756896140172,1.1413474019135184,11.315256805859342,23.853973613459758,1.049618114517902,24.23756566387849,1.0633592461071988
1097,r_k04_0013_d00_d16_d29_d31,"0,16,29,31",budget-matched cardinality-stratified random full-sequence control,0,0.9965095986038395,24.3368,26.1418,2.0031,26.365614526274168,24.676666535126756,50.14140465953446,1.6248699202551204,22.302215506733187,1.0378789662322307,13.219237164156405,24.116952004560005,1.03814918636485,24.3161211856702,1.0507277474183558
1098,g_pair_seed_sweep_d03_d23,"3,23",fallback exhaustive two-channel full-sequence seed sweep,0,0.9965095986038395,24.3692,26.6555,1.7857,26.971011327541174,24.786762595346918,48.98841327634145,1.2455767104467457,16.185686058228974,0.6252850075248779,3.7374842746839327,24.705825120301277,1.0304494874688184,24.320429426114238,1.0497504551278785
1099,g_pair_seed_sweep_d03_d31,"3,31",fallback exhaustive two-channel full-sequence seed sweep,0,0.9965095986038395,24.4811,26.729999999999997,1.7595,27.873428923658565,26.176986712711685,47.265489055846125,1.2163031234331485,13.56976052903163,0.6523394056657212,4.775382989322185,25.798821556169592,1.0610219362071143,24.428594399116008,1.087603821437433
1100,r_k05_0106_d14_d20_d28_d29_d31,"14,20,28,29,31",budget-matched cardinality-stratified random full-sequence control,0,0.9965095986038395,24.505,26.216800000000003,1.6926,26.617725552708666,25.391246454513233,44.995820744988585,1.2565767813663724,10.066385924575581,0.8387662818752298,10.297855896866901,25.39384774337261,1.0018832872064303,24.476578943470308,1.0234797466819654
1101,g_s03_k03_from_d04_d22_add_d08,"4,8,22",direct full-sequence ATE forward-greedy trial,0,0.9965095986038395,24.5419,26.762999999999998,1.4692,27.542650171330408,25.68819935941441,56.42610826757834,1.1844453960306207,10.417075095334354,0.8964039472822275,11.353052506079631,24.490187187269555,1.0846834115905897,24.525113701993412,1.1031268647460732
1102,g_pair_seed_sweep_d07_d29,"7,29",fallback exhaustive two-channel full-sequence seed sweep,0,0.9965095986038395,24.6423,26.749000000000002,2.0573,28.065654923035723,26.162099383346288,67.2016741856873,1.5582080237505262,13.681589743018542,1.0753337263008305,14.245589155838537,25.15004001074064,1.069362035105779,24.620511942656968,1.094445519665245
1103,g_pair_seed_sweep_d21_d24,"21,24",fallback exhaustive two-channel full-sequence seed sweep,0,0.9965095986038395,24.6493,26.8199,1.729,27.339786013169242,25.317385552076736,51.48089418717339,1.4257026361351794,24.579943160395285,0.8062576356684444,12.242422611857709,25.227211275774625,1.0124724059559653,24.615183345351337,1.0281717709791107
1104,r_k04_0087_d08_d17_d20_d31,"8,17,20,31",budget-matched cardinality-stratified random full-sequence control,0,0.9965095986038395,24.7118,28.1826,1.5072999999999999,27.90936906520154,24.636986133335785,57.226028337095535,1.3207976384763211,18.691588118765498,1.0125566599004758,11.542565588703171,24.51910134571376,0.9751957081412677,24.681934516761668,0.9839951275523158
1105,r_k03_0036_d03_d23_d27,"3,23,27",budget-matched cardinality-stratified random full-sequence control,0,0.9965095986038395,24.7197,26.7258,1.6453,26.662263071845242,24.785798460138963,49.150874124859875,1.215480873291101,13.582472059270314,0.6540013614747765,7.0522818246847905,24.824336315743427,1.0137978468653557,24.676456875022676,1.0317158729011944
1106,r_k06_0094_d09_d13_d15_d19_d24_d26,"9,13,15,19,24,26",budget-matched cardinality-stratified random full-sequence control,0,0.9965095986038395,24.723100000000002,26.923799999999996,1.4567,26.759321139462756,24.614194187109195,52.782425588304896,1.2126805661383495,13.058263606773835,0.9064515345394236,12.461945687192806,24.407467070869547,1.0236542805400912,24.696384612303607,1.0351204376346799
1107,g_pair_seed_sweep_d10_d12,"10,12",fallback exhaustive two-channel full-sequence seed sweep,0,0.9965095986038395,24.7424,26.2334,2.4236,25.818626770435817,24.31259328621286,41.23427608780821,1.7908705357584203,33.65629035761112,0.7585223921839657,8.22363508739707,23.594894512613877,1.0688515732400412,24.770760798356676,1.062366299726921
1108,r_k04_0110_d14_d19_d21_d24,"14,19,21,24",budget-matched cardinality-stratified random full-sequence control,0,0.9965095986038395,24.8458,27.014,1.4361000000000002,27.156390886457473,25.303201259120616,55.18195925054893,1.2303200604895008,18.926519090802596,0.7762943021846099,11.766429172391932,25.045566323682717,1.0227925044351205,24.82554141631991,1.0405044118888844
1109,r_k04_0065_d06_d07_d28_d31,"6,7,28,31",budget-matched cardinality-stratified random full-sequence control,0,0.9965095986038395,24.8999,26.977600000000002,2.0035000000000003,27.13609964244219,25.322387815368945,49.6829167697608,1.525323419776297,14.421238089116562,1.0137877409443425,12.802874568333822,24.67112708476146,1.054642769301626,24.872074491825842,1.0716643982875609
1110,g_pair_seed_sweep_d19_d21,"19,21",fallback exhaustive two-channel full-sequence seed sweep,0,0.9965095986038395,24.9352,27.885900000000003,1.3868,28.086715875914837,25.152780250349753,59.17204882246694,1.1552746686217217,11.751696468180386,0.8536603278894326,11.418811398557555,25.2439373858385,0.9740077824513016,24.910363454206003,0.9856992195988017
1111,r_k03_0037_d03_d28_d29,"3,28,29",budget-matched cardinality-stratified random full-sequence control,0,0.9965095986038395,24.9526,26.8082,1.6616,26.9522708640968,25.3498505364044,47.51622308193243,1.24376733602257,12.799523361939105,0.7731696861105058,9.28592495343377,25.27332265759027,1.0259821398202795,24.9109944642866,1.0432145991830757
1112,g_pair_seed_sweep_d15_d24,"15,24",fallback exhaustive two-channel full-sequence seed sweep,0,0.9965095986038395,25.000299999999996,26.6212,2.7597,27.213401857115432,26.124410265914555,47.12450896810325,2.1848274918794455,43.124180240728535,0.8872792194330524,13.898871127602435,25.301501425251026,1.0455761545147835,24.968481293756632,1.0639673830605958
1113,g_pair_seed_sweep_d00_d02,"0,2",fallback exhaustive two-channel full-sequence seed sweep,0,0.9965095986038395,25.0093,27.826,1.5807000000000002,27.73716092106412,24.92490437812308,59.38567334221738,1.3167297269538085,10.03250937135561,1.0018021114876878,11.460812982158917,24.681710234297437,1.0296784494280429,24.978040716844365,1.0406820295981407
1114,g_pair_seed_sweep_d12_d16,"12,16",fallback exhaustive two-channel full-sequence seed sweep,0,0.9965095986038395,25.0587,25.896200000000004,1.9709,26.406106199621455,25.180049782274917,43.77969283364615,1.3285283271908093,14.016480895526055,0.9425182645310234,11.143161106979257,24.41257212341099,1.0985389536700019,25.03804215539015,1.1166843895641196
1115,r_k04_0030_d02_d05_d12_d20,"2,5,12,20",budget-matched cardinality-stratified random full-sequence control,0,0.9965095986038395,25.1981,26.663500000000003,1.5573,27.173908869213616,25.531997402295403,57.93767852220672,1.2045566628262303,15.795149578112188,0.6903790011218631,9.40529902663994,24.832077487475374,1.0811783371414523,25.181216111013615,1.096197094924824
1116,r_k03_0097_d12_d23_d27,"12,23,27",budget-matched cardinality-stratified random full-sequence control,0,0.9965095986038395,25.325799999999997,27.3168,1.7046,26.68335930122715,24.62873526213361,52.79388904432012,1.448380109031565,20.72704537563073,0.7398555301450875,8.121350703402541,24.501384974753094,1.0222462269340455,25.30856054597522,1.033437103557751
1117,r_k05_0084_d08_d11_d16_d17_d23,"8,11,16,17,23",budget-matched cardinality-stratified random full-sequence control,0,0.9965095986038395,25.6088,29.0541,1.6374,29.384498072016513,25.45978412474842,68.78298652005743,1.4339565449120628,12.93828714772789,1.150278836779503,15.059011294208998,25.071211812245952,1.0213929151228827,25.610893045886897,1.0318560033716957
1118,g_s04_k03_from_d11_d23_add_d22,"11,22,23",direct full-sequence ATE forward-greedy trial,0,0.9965095986038395,25.6316,27.3891,1.6329,27.963600842434598,26.425920190151864,54.67929998908926,1.3446613851004712,12.871600726135188,0.9378893914080834,10.363435659205402,25.520411819436312,1.0714918506777635,25.602076422122266,1.0879892534959337
1119,g_s04_k06_from_d04_d11_d15_d18_d23_add_d24,"4,11,15,18,23,24",direct full-sequence ATE forward-greedy trial,0,0.9965095986038395,25.6331,27.6082,2.0222,27.809040898971592,26.00312675595396,55.9709695126276,1.6936754275699633,34.64279993675847,0.7497188644137477,10.274204699830202,25.6047909672779,1.0373895269111215,25.604757904199708,1.056369030478428
1120,r_k06_0090_d08_d13_d17_d19_d23_d31,"8,13,17,19,23,31",budget-matched cardinality-stratified random full-sequence control,0,0.9965095986038395,25.659100000000002,28.436899999999998,1.3815,28.15508132765191,25.51957518160959,60.273206353015155,1.2136466054393025,15.253223021609234,0.8638270779514008,11.471977759875907,25.37192565889762,1.0128204270472394,25.644182977000373,1.0280054466729902
1121,r_k03_0007_d01_d06_d07,"1,6,7",budget-matched cardinality-stratified random full-sequence control,0,0.9965095986038395,25.6871,28.055799999999998,1.7530000000000001,28.564789240360376,26.2688952320913,61.35856347171976,1.4256764523999546,19.43023619140766,0.9876618655456277,11.300437250177673,25.731561868223135,1.0378076191229453,25.65989505254209,1.055572900485582
1122,g_pair_seed_sweep_d08_d23,"8,23",fallback exhaustive two-channel full-sequence seed sweep,0,0.9965095986038395,25.7202,28.719499999999996,2.166,28.441797007791536,25.08016404774502,67.72054016970459,1.8873472540608554,27.786820374261474,1.0027977869521576,9.083267736220717,25.203145829753776,0.9810982222529231,25.693015306090683,0.9948041170808807
1123,g_pair_seed_sweep_d03_d29,"3,29",fallback exhaustive two-channel full-sequence seed sweep,0,0.9965095986038395,25.8245,27.7084,1.7279,27.88479190020477,26.317108095001053,49.81070926985244,1.2987660406355301,18.37648343625526,0.6322122981725227,5.126269924065101,26.138335065639918,1.034793815281206,25.777680936251553,1.05301603930647
1124,r_k03_0035_d03_d18_d26,"3,18,26",budget-matched cardinality-stratified random full-sequence control,0,0.9965095986038395,25.8514,27.4835,1.6543999999999999,27.397160110775214,25.57876305066669,49.20956272762103,1.2547113663051501,17.88386687476683,0.683456007507167,8.604885385907359,25.459486357129435,1.0514277633658904,25.81257690998057,1.0642087622798304
1125,r_k03_0034_d03_d14_d28,"3,14,28",budget-matched cardinality-stratified random full-sequence control,0,0.9965095986038395,25.883899999999997,28.0422,1.6324,28.819969873078584,26.49332021021822,49.49526809136828,1.230302245647247,14.851386472067052,0.6554292681754275,6.645615532423301,26.479135915239087,0.9789459424084401,25.844982357390222,1.0015166267539308
1126,g_pair_seed_sweep_d02_d03,"2,3",fallback exhaustive two-channel full-sequence seed sweep,0,0.9965095986038395,25.907200000000003,28.0054,1.9395,29.00553871595563,27.475408564947983,49.12554539897593,1.3956865290805152,21.409563101724196,0.677431676055292,4.647993425667108,27.11019471912957,1.0487850347585363,25.84989077831869,1.0781554896534058
1127,r_k04_0078_d07_d22_d23_d27,"7,22,23,27",budget-matched cardinality-stratified random full-sequence control,0,0.9965095986038395,25.9475,28.0237,1.5689000000000002,28.49888882957538,26.451696314309693,59.63888245149377,1.308258334597572,14.20846814608398,0.911497138749574,10.889734387746554,25.89164698128054,1.0555651059533069,25.91854271875913,1.0772129138202609
1128,g_pair_seed_sweep_d12_d30,"12,30",fallback exhaustive two-channel full-sequence seed sweep,0,0.9965095986038395,26.0067,28.060299999999998,2.3597,27.02324421776573,24.9237029403462,50.958408371544785,1.9328629354638294,37.4723095715254,0.9470441129259707,15.738927905488985,24.825322262426944,1.0155256115755966,26.03042196291227,1.0028952165731142
1129,r_k04_0044_d04_d06_d27_d28,"4,6,27,28",budget-matched cardinality-stratified random full-sequence control,0,0.9965095986038395,26.0096,27.5991,1.7156999999999998,28.04611706877279,26.424512784918193,52.745077590639866,1.4138551512764117,21.541153306902004,0.8082034941280382,11.226435189774348,26.228724009448424,1.0220022976292482,25.971211313421634,1.0443147058434732
1130,r_k05_0007_d00_d03_d17_d22_d29,"0,3,17,22,29",budget-matched cardinality-stratified random full-sequence control,0,0.9965095986038395,26.118000000000002,27.376299999999997,2.458,27.64288500867766,26.503419440134163,43.51308981579458,1.3984560783355933,14.237379455017424,0.8644120721001514,10.881315489904543,26.26357755503697,1.0201913886810403,26.07941874084104,1.035118514560958
1131,r_k03_0089_d12_d13_d26,"12,13,26",budget-matched cardinality-stratified random full-sequence control,0,0.9965095986038395,26.1888,27.8084,1.5873000000000002,27.310664742045258,25.488725663666152,48.10029392646102,1.2062322958199567,12.855692177508738,0.8997654171075163,11.713796177355409,25.464537916565078,1.0270578849646477,26.152228407312002,1.0400404898293025
1132,g_pair_seed_sweep_d10_d21,"10,21",fallback exhaustive two-channel full-sequence seed sweep,0,0.9965095986038395,26.211499999999997,27.6156,2.3135,26.80443805877486,25.038495836177294,44.32447997822575,1.72993231106466,32.6890383342822,0.7549829735997607,8.88004114409526,24.35091828687048,1.0698101920486638,26.239574874933353,1.073246662665276
1133,r_k06_0093_d08_d16_d23_d25_d28_d29,"8,16,23,25,28,29",budget-matched cardinality-stratified random full-sequence control,0,0.9965095986038395,26.2428,29.1454,1.411,28.998613627452606,26.034773633628827,67.96014364036408,1.2351017622223837,11.704969226639129,0.9566240752078642,11.641541449782448,25.83069059083026,1.016287239108873,26.216942334045502,1.0309380251334423
1134,g_pair_seed_sweep_d23_d26,"23,26",fallback exhaustive two-channel full-sequence seed sweep,0,0.9965095986038395,26.349099999999996,29.3854,3.5235000000000003,30.057582086701355,27.098357237020377,66.20510367712134,2.988874695642458,54.490493176018916,1.1180607231866406,17.87712379263119,27.182372175875614,0.9946840996906643,26.301868483710813,1.0176587134629445
1135,r_k05_0095_d10_d12_d13_d16_d22,"10,12,13,16,22",budget-matched cardinality-stratified random full-sequence control,0,0.9965095986038395,26.4395,28.6323,1.4574,28.852981667309457,26.7988733453717,59.18056545573119,1.1630160229286866,10.323192337899538,0.9596988220148747,11.336525996200338,26.090637197659834,1.063774541174637,26.4246884347893,1.0794073318745383
1136,r_k05_0066_d05_d12_d16_d22_d31,"5,12,16,22,31",budget-matched cardinality-stratified random full-sequence control,0,0.9965095986038395,26.458599999999997,28.5194,1.3718,28.663821932795635,26.816854966632974,53.98351828647693,1.0950392062690866,9.759051089899701,0.8256284541876361,11.104495638349334,26.49084642373473,1.0385366804657554,26.425895943533018,1.0552328310490924
1137,r_k05_0038_d02_d08_d14_d23_d24,"2,8,14,23,24",budget-matched cardinality-stratified random full-sequence control,0,0.9965095986038395,26.460499999999996,28.2578,1.6007,28.158277378732937,26.112825367737212,49.79525150072157,1.3667661573589782,17.23179005518441,0.8820802554992307,13.311756403407857,26.074600170506752,1.0048271406442464,26.424426515260986,1.0241249253118034
1138,g_pair_seed_sweep_d10_d13,"10,13",fallback exhaustive two-channel full-sequence seed sweep,0,0.9965095986038395,26.4691,30.4476,2.4307,31.37815527032663,26.69874830437014,92.51728213058598,2.0674154455612097,23.831252169509884,1.167117500215863,13.577774882513259,26.466696098121282,1.01395626669061,26.48554191125162,1.0170805837108154
1139,g_pair_seed_sweep_d05_d22,"5,22",fallback exhaustive two-channel full-sequence seed sweep,0,0.9965095986038395,26.476899999999997,27.9345,1.8964,29.182280296033074,27.67658603629209,55.99998374138336,1.4595277373195596,22.37099846719569,0.8129368142312284,12.132613213831396,26.905597502016278,1.0895717091708457,26.437237444390128,1.1121825126226221
1140,g_pair_seed_sweep_d07_d16,"7,16",fallback exhaustive two-channel full-sequence seed sweep,0,0.9965095986038395,26.571499999999997,29.318499999999997,1.5601,29.88785986149194,27.183024312935927,73.2494640632678,1.3426984234102122,13.076947071218378,1.093652850113947,12.845726402676553,26.16296257357372,1.0660824331143561,26.54613454071567,1.085084244640213
1141,r_k04_0109_d14_d16_d20_d28,"14,16,20,28",budget-matched cardinality-stratified random full-sequence control,0,0.9965095986038395,26.5719,29.7257,1.5559999999999998,29.83191107706168,26.77882739947564,66.26231782081648,1.28967935474917,13.361420562048492,1.011624618373281,11.036900626242879,26.67892870995533,0.97142924017636,26.5428382823285,0.9840134043012068
1142,r_k06_0033_d01_d16_d19_d23_d26_d27,"1,16,19,23,26,27",budget-matched cardinality-stratified random full-sequence control,0,0.9965095986038395,26.6004,29.2338,1.546,28.971400434833832,26.133226077121556,65.2369104530904,1.290780879561693,19.32185916693433,0.8684354154580207,10.908636312312247,25.919438577765092,1.024785047843116,26.582755397797463,1.039319509939944
1143,g_pair_seed_sweep_d12_d13,"12,13",fallback exhaustive two-channel full-sequence seed sweep,0,0.9965095986038395,26.707900000000002,27.7621,2.1835,27.621962845419425,26.236220732835115,48.92544822870903,1.3646280817769667,13.979742979122639,1.0101454891806898,12.13860206061386,25.92290560422681,1.0626859405408409,26.68152032553425,1.0785255243626501
1144,r_k04_0086_d08_d16_d21_d24,"8,16,21,24",budget-matched cardinality-stratified random full-sequence control,0,0.9965095986038395,26.7297,29.226200000000002,1.439,29.17663462696757,26.982377860408324,60.32764419712231,1.2376439230036804,15.095585301658637,0.8808293486339893,12.141668254683088,26.556229785537898,1.0346026542863767,26.707513465656884,1.0532424461037044
1145,g_pair_seed_sweep_d04_d14,"4,14",fallback exhaustive two-channel full-sequence seed sweep,0,0.9965095986038395,26.7343,27.671699999999998,2.3444,26.584805836411718,25.213062067343316,44.77930035480924,1.835269894173189,29.83308058330331,0.9928013944470002,13.819245845576607,24.89910350162514,1.0497606212410127,26.778567037800205,1.0585614446935232
1146,r_k05_0019_d00_d13_d23_d30_d31,"0,13,23,30,31",budget-matched cardinality-stratified random full-sequence control,0,0.9965095986038395,26.7799,28.7847,2.4669,29.394503761948503,26.974961640431477,60.21590106970979,2.0294234167192,33.07010465062524,1.4740279700327328,24.737148636708614,26.901769416702432,1.0057205545829626,26.756769066841223,1.0270894865631395
1147,r_k04_0100_d11_d12_d24_d26,"11,12,24,26",budget-matched cardinality-stratified random full-sequence control,0,0.9965095986038395,26.7972,28.585500000000003,1.6289000000000002,28.528728328808985,26.84435284512951,53.79066507928362,1.3846745412844772,22.683117592373744,0.6691038692533323,10.260616675458456,26.509669449514895,1.0352222605897738,26.77019974397331,1.0534889108940124
1148,r_k04_0093_d09_d17_d18_d29,"9,17,18,29",budget-matched cardinality-stratified random full-sequence control,0,0.9965095986038395,26.8202,28.57,1.9882,28.6394110815092,26.683598689896034,58.19738083123883,1.5920361704003845,21.702021681627453,1.0662533105099858,12.789656306214374,26.32869019218002,1.0363768937635758,26.82486770402152,1.0574049470645064
1149,r_k05_0074_d06_d13_d17_d29_d31,"6,13,17,29,31",budget-matched cardinality-stratified random full-sequence control,0,0.9965095986038395,26.834200000000003,29.3923,1.7881999999999998,29.189054877441883,26.30217548188538,58.72336417227775,1.503134824045603,14.733386258566942,1.1102525608315987,11.628356574414262,26.29908343801971,1.0002521172320376,26.806516746777792,1.0119171106689864
1150,g_pair_seed_sweep_d14_d24,"14,24",fallback exhaustive two-channel full-sequence seed sweep,0,0.9965095986038395,26.9223,28.3347,2.4564,28.694187958776308,27.247632455440367,42.862807073714315,1.961349505296484,36.596187003134496,0.8680426860817124,14.622212116077877,27.001670392986306,1.0191407879667254,26.87913110259742,1.0444151416213607
1151,r_k04_0036_d02_d13_d17_d30,"2,13,17,30",budget-matched cardinality-stratified random full-sequence control,0,0.9965095986038395,26.927400000000002,28.9624,1.9579,29.272534590212114,26.806830855130208,51.35785273071508,1.6066134298486079,21.647995018323186,1.1595500357284139,14.77034568759288,26.92609186625477,0.9904167207183459,26.892998429238897,1.012432125756577
1152,g_pair_seed_sweep_d10_d24,"10,24",fallback exhaustive two-channel full-sequence seed sweep,0,0.9965095986038395,26.9349,28.359099999999998,2.8682,28.130143390291334,26.62521412226183,55.23270753234478,2.255657567389214,44.177499911110715,0.9689474105328849,15.229789729234524,26.224719305739953,1.0563584707354328,26.947629973783453,1.063572196487699
1153,g_pair_seed_sweep_d16_d23,"16,23",fallback exhaustive two-channel full-sequence seed sweep,0,0.9965095986038395,27.005499999999998,30.598799999999997,1.9415000000000002,30.15700815886196,26.11204401376482,69.70504911518417,1.6208758439849515,12.179880883648844,1.1127930302693267,10.685083517102314,25.709047829793114,1.0277940778798484,26.998964924349604,1.0310734970505588
1154,r_k04_0088_d08_d20_d24_d30,"8,20,24,30",budget-matched cardinality-stratified random full-sequence control,0,0.9965095986038395,27.025700000000004,28.3342,2.3734,28.58060102050467,27.395372680108785,45.9185925160489,1.9759594051746936,42.05759832502368,0.8397727910218653,11.506680893851115,27.084577952350553,1.0270528142145074,26.99062841752291,1.0475162510078473
1155,r_k06_0105_d12_d17_d19_d24_d27_d31,"12,17,19,24,27,31",budget-matched cardinality-stratified random full-sequence control,0,0.9965095986038395,27.1632,29.3171,1.4706000000000001,29.170111931268732,27.282610891544223,57.72543465285591,1.2647387771600311,16.85152089842101,0.7821377403958352,11.386813420659063,26.97412327460027,1.029983728500031,27.146090584582595,1.0487804793038353
1156,g_pair_seed_sweep_d12_d17,"12,17",fallback exhaustive two-channel full-sequence seed sweep,0,0.9965095986038395,27.1723,28.687600000000003,1.9626000000000001,28.25385426373968,26.73975896128723,51.43549079410027,1.5042674558240772,19.00991775003703,0.9621119778503279,11.314313764618923,26.651482894101562,1.020982183807879,27.14224028669331,1.0385233989774854
1157,r_k04_0084_d08_d15_d19_d27,"8,15,19,27",budget-matched cardinality-stratified random full-sequence control,0,0.9965095986038395,27.2646,29.9031,1.5103,29.348623938074414,26.714250747109645,60.81749887466433,1.316582301881256,20.484327793784903,0.815913694541982,10.168660349625211,26.46103815009626,1.0286967079084528,27.2422547159044,1.046839682224192
1158,r_k05_0112_d18_d19_d23_d25_d27,"18,19,23,25,27",budget-matched cardinality-stratified random full-sequence control,0,0.9965095986038395,27.2911,30.3184,1.3058,30.070163457430244,27.0067619989652,67.88121764051857,1.114165034793683,7.692647899963183,0.8860629497855135,10.353014301383906,26.917436374093544,1.0096064955695336,27.27552115478385,1.0241729049300943
1159,r_k06_0100_d10_d14_d20_d22_d28_d31,"10,14,20,22,28,31",budget-matched cardinality-stratified random full-sequence control,0,0.9965095986038395,27.3027,30.3672,1.7763999999999998,30.981061531082133,28.463898556422514,55.69980051551822,1.3869155869688259,18.97178225460271,0.9949448985601124,13.335463721543537,27.90463750020029,0.9479599954931642,27.25820147943318,0.9586015601087997
1160,r_k03_0071_d09_d10_d27,"9,10,27",budget-matched cardinality-stratified random full-sequence control,0,0.9965095986038395,27.589399999999998,29.4735,1.974,28.608936252634294,26.113672869031568,50.237775665068185,1.6457340774477751,23.19263598380407,0.9968748706110284,12.243213064849249,26.163160099091833,0.9919003090284021,27.64483894831034,0.9937599755878899
1161,g_pair_seed_sweep_d15_d17,"15,17",fallback exhaustive two-channel full-sequence seed sweep,0,0.9965095986038395,27.6119,30.5706,1.5152999999999999,30.2089042736624,26.718995055786856,47.310020578437026,1.408327734354575,17.02987102206276,0.9980164421240139,11.744502182757282,26.939972686219754,0.9652013823798347,27.651711805659335,0.958820981239504
1162,g_pair_seed_sweep_d09_d19,"9,19",fallback exhaustive two-channel full-sequence seed sweep,0,0.9965095986038395,27.632,28.517599999999998,1.7239999999999998,28.63564316109839,27.436988204228403,52.293800933481634,1.2965212004684072,11.490974987555502,0.991240721105022,10.848889707738246,27.10937776906607,1.043915030015857,27.618940089239928,1.0626882176949508
1163,r_k06_0004_d00_d02_d08_d17_d19_d23,"0,2,8,17,19,23",budget-matched cardinality-stratified random full-sequence control,0,0.9965095986038395,27.6864,30.4013,1.4778,30.027759028241807,27.258757514099663,64.11977273950613,1.290684195789121,16.33234534903583,0.9432930636829084,13.952233583824533,27.232571541153373,1.0027460385576137,27.66655136791003,1.0203922329362691
1164,g_pair_seed_sweep_d10_d27,"10,27",fallback exhaustive two-channel full-sequence seed sweep,0,0.9965095986038395,27.703400000000002,31.091,3.0686999999999998,30.78585546557056,26.914497877558354,51.190353100876465,2.756385436147542,57.91898439832261,1.4104729038791481,21.973462233749995,27.17082491544313,0.956994956090085,27.75326864252228,0.9470237805387053
1165,r_k03_0092_d12_d17_d26,"12,17,26",budget-matched cardinality-stratified random full-sequence control,0,0.9965095986038395,27.727200000000003,29.5074,1.7781000000000002,28.794109752351112,26.81825401026862,54.80577138633017,1.3098115220914204,14.942772114286186,0.8622513579402437,9.329486369167707,26.671544218137395,1.036300491388976,27.70052914094657,1.0492252296985012
1166,g_pair_seed_sweep_d05_d07,"5,7",fallback exhaustive two-channel full-sequence seed sweep,0,0.9965095986038395,27.7457,30.572899999999997,1.5856999999999999,30.917507481024476,28.08628551178946,58.297578276227405,1.3358674311860927,17.998466213224972,0.9583304794865419,14.2897854062,28.08642678959506,0.9987355353043834,27.702213686801258,1.0148117492264184
1167,r_k06_0107_d16_d17_d20_d21_d28_d31,"16,17,20,21,28,31",budget-matched cardinality-stratified random full-sequence control,0,0.9965095986038395,27.845799999999997,30.5172,1.1868,30.248283612603146,27.3779325226435,65.46991382481843,1.0059651171973945,8.186950987579978,0.8756629695615251,10.719637618492344,27.231178309005255,1.0131525307208817,27.84892054842346,1.0244625486624857
1168,g_pair_seed_sweep_d00_d31,"0,31",fallback exhaustive two-channel full-sequence seed sweep,0,0.9965095986038395,27.897100000000002,31.3154,2.2822,31.76393069973772,28.41397807655091,52.95000791111475,1.8963393793542955,35.04616180677625,1.3086011523967105,25.421676148911196,27.58720298734027,0.9440741499799701,27.85139909634869,0.9436770694999119
1169,g_pair_seed_sweep_d01_d09,"1,9",fallback exhaustive two-channel full-sequence seed sweep,0,0.9965095986038395,27.903299999999998,30.487,1.5938999999999999,30.33845681849382,27.209386170647864,55.15247702291516,1.351676045304075,14.881638692419397,1.0132374025292878,11.039122663743058,27.24384596361032,0.9970851634196005,27.9314416067103,1.0052520676397487
1170,r_k04_0033_d02_d07_d22_d24,"2,7,22,24",budget-matched cardinality-stratified random full-sequence control,0,0.9965095986038395,27.9818,29.7533,1.7457,30.172005091938047,28.603016335021902,52.981653803845376,1.42279336154814,18.114096503215123,0.9340740938719918,12.819242387536704,27.7802252691076,1.0676457287818082,27.94986881567518,1.089412302110063
1171,r_k04_0041_d03_d12_d18_d22,"3,12,18,22",budget-matched cardinality-stratified random full-sequence control,0,0.9965095986038395,28.0206,29.7657,1.4739,29.872317818975404,28.285469085887954,57.24613887462853,1.2006287198625474,13.186952360850308,0.7650133053919941,10.198892306770341,27.924215063093477,1.0489899076695413,27.991884389835704,1.0654147839233623
1172,g_pair_seed_sweep_d02_d17,"2,17",fallback exhaustive two-channel full-sequence seed sweep,0,0.9965095986038395,28.240199999999998,30.8633,1.7208,30.65850775247876,27.695433664712372,67.55519790796967,1.3794534518928052,11.14221430270904,1.1852900054840234,13.505541643271178,27.370341843652767,1.0277924212393663,28.26022699510224,1.0421022724127749
1173,r_k04_0089_d09_d11_d16_d28,"9,11,16,28",budget-matched cardinality-stratified random full-sequence control,0,0.9965095986038395,28.2456,31.6067,1.9047999999999998,32.409984271961655,28.713137766003747,82.7915198777069,1.473710653527056,12.551517244615622,1.1603380606679699,11.841391550945529,28.189080650096628,1.0306393749137532,28.25232178672708,1.0412219034094006
1174,g_pair_seed_sweep_d17_d23,"17,23",fallback exhaustive two-channel full-sequence seed sweep,0,0.9965095986038395,28.3232,31.8548,1.7427000000000001,31.85301474635049,27.547602437889957,79.87624888139406,1.5409800114728676,20.024274103722924,1.0375349102167946,9.575561604628541,27.943096655038907,0.9657935489814232,28.310849190402738,0.9809441867818518
1175,g_pair_seed_sweep_d07_d08,"7,8",fallback exhaustive two-channel full-sequence seed sweep,0,0.9965095986038395,28.3563,30.912200000000002,1.7503000000000002,31.103396594641747,28.49255425624227,67.16170918153834,1.4527720203400436,17.3754985088249,1.0277507427230825,12.350355666456567,27.976214602325562,1.0434556393208378,28.323562153846325,1.069539014172226
1176,g_pair_seed_sweep_d02_d27,"2,27",fallback exhaustive two-channel full-sequence seed sweep,0,0.9965095986038395,28.3918,30.4896,1.833,30.654907846886353,28.51354895920354,59.16190056755142,1.5560408481262362,21.047718946111118,0.9850240542586862,11.79619384424923,28.409831405957508,1.0174197123352624,28.368310599556303,1.0452403210503938
1177,r_k04_0042_d03_d19_d22_d25,"3,19,22,25",budget-matched cardinality-stratified random full-sequence control,0,0.9965095986038395,28.545900000000003,31.192700000000002,1.2661,31.095605460241526,28.707380876984494,65.2015476167912,1.1266597388842519,9.72510560861449,0.8048237996113744,10.46467999307056,28.491823460109504,1.0205856490486689,28.525664297853048,1.0374906184809152
1178,r_k03_0110_d19_d24_d31,"19,24,31",budget-matched cardinality-stratified random full-sequence control,0,0.9965095986038395,28.588599999999996,30.5576,1.9202000000000001,30.558045970981823,28.87534029099463,55.24835903669444,1.5804139592204285,21.59775029540915,0.8420099099309932,14.661311076847777,28.508678950203127,1.0292468855975936,28.561422521845763,1.0512150685825308
1179,r_k04_0058_d05_d12_d16_d24,"5,12,16,24",budget-matched cardinality-stratified random full-sequence control,0,0.9965095986038395,28.609299999999998,30.785200000000003,1.4702,30.68141407689272,28.716921304998326,59.27494811093526,1.2653695249234949,18.06370094304782,0.7447834957730426,11.110495491706917,28.31836466545457,1.0422857075691179,28.582531036318347,1.063347397390578
1180,g_pair_seed_sweep_d17_d28,"17,28",fallback exhaustive two-channel full-sequence seed sweep,0,0.9965095986038395,28.650100000000002,31.3946,1.7806,31.422696651275512,28.665284520193442,60.559700298279964,1.4438520307863125,9.339700211590813,1.1752347891051638,12.248430553116709,27.970327046967814,1.0423764159925282,28.660578820764098,1.0578357341898081
1181,r_k05_0081_d07_d18_d22_d26_d27,"7,18,22,26,27",budget-matched cardinality-stratified random full-sequence control,0,0.9965095986038395,28.6601,31.1479,1.5594000000000001,31.486605300880505,28.9840823302274,67.07122952768671,1.2554588056917317,10.441935046429073,0.9559895487683439,11.438292258777011,28.44883991058806,1.0523984192518911,28.633410675400782,1.074771088499851
1182,g_pair_seed_sweep_d06_d10,"6,10",fallback exhaustive two-channel full-sequence seed sweep,0,0.9965095986038395,28.6808,32.3613,2.5831,32.754831358693465,28.502277078381884,74.99395319924224,2.5437612032500794,32.83415297473912,1.4743940751437554,19.832427512890575,28.529515860273463,0.9252770683872478,28.71774298245319,0.91272418409447
1183,r_k04_0090_d09_d12_d16_d27,"9,12,16,27",budget-matched cardinality-stratified random full-sequence control,0,0.9965095986038395,28.7446,30.643700000000003,1.7264000000000002,30.206809694141658,28.053835328565324,60.79463998938899,1.37355298476684,15.20018799355682,0.9045878333782619,11.847269899506506,27.787458137241494,1.041840315111261,28.73395573944325,1.062149625851366
1184,r_k04_0067_d06_d08_d15_d24,"6,8,15,24",budget-matched cardinality-stratified random full-sequence control,0,0.9965095986038395,28.7455,30.598999999999997,2.248,30.550440398603527,28.611648668246136,53.097216741987275,1.9292254412526664,37.36779942094663,0.987142796853511,11.122562320189438,28.560828836925257,1.003763794351497,28.718370747559028,1.0215479278501305
1185,r_k03_0083_d11_d13_d29,"11,13,29",budget-matched cardinality-stratified random full-sequence control,0,0.9965095986038395,28.8325,31.3158,2.5705,31.143829471099238,28.010228553196782,68.24713812127055,2.1556340493241604,34.19073148379823,1.2933814810408504,16.768334222695994,28.036519203402328,0.9971879598662439,28.797625324644333,1.0131870784270574
1186,g_pair_seed_sweep_d25_d31,"25,31",fallback exhaustive two-channel full-sequence seed sweep,0,0.9965095986038395,28.8489,32.5204,1.5886,33.1282779101961,29.916198317888625,56.59570597799431,1.3886556273389459,14.754495413302454,0.8566080093718162,9.971118762484135,28.534721850012584,0.9191328465839737,28.801489689076625,0.924968935100283
1187,g_pair_seed_sweep_d08_d15,"8,15",fallback exhaustive two-channel full-sequence seed sweep,0,0.9965095986038395,29.078799999999998,31.6755,2.092,31.415353628078385,28.41747987670688,56.553984900739685,1.9051181543241753,22.44083228994009,1.281356874065126,18.017981178753274,28.50859299344077,0.9871317310317665,29.09535747322592,0.9771726908822227
1188,r_k03_0072_d09_d17_d20,"9,17,20",budget-matched cardinality-stratified random full-sequence control,0,0.9965095986038395,29.0796,32.7216,1.8339999999999999,32.666157627503964,28.64470384943133,72.86526245736805,1.591394107305579,16.176318938757934,1.2021245578200896,13.875790239003921,28.51191213655644,0.9575196643305652,29.08359197008122,0.9718879452558797
1189,g_pair_seed_sweep_d19_d26,"19,26",fallback exhaustive two-channel full-sequence seed sweep,0,0.9965095986038395,29.2634,30.651899999999998,2.6710000000000003,30.726795648488547,29.5028150528963,47.98220220263234,1.9023709259526969,33.693999443530245,1.3047185154483514,24.444201296416054,28.842215262022457,1.0747323049495134,29.22512639179749,1.0886783655590309
1190,r_k03_0009_d01_d10_d28,"1,10,28",budget-matched cardinality-stratified random full-sequence control,0,0.9965095986038395,29.3178,32.3421,1.9828999999999999,31.53226656345438,28.371782849692295,54.920623338516315,1.7554227489210084,28.143546996650326,0.9994835866541019,13.166169795159675,28.44749306655331,0.9895131197734137,29.34334191644089,0.9827505927216936
1191,g_pair_seed_sweep_d12_d19,"12,19",fallback exhaustive two-channel full-sequence seed sweep,0,0.9965095986038395,29.4343,31.825799999999997,1.6841,31.62184964134711,29.02743047389847,60.930759096390815,1.4238866920958282,15.147246565430342,0.8370763216432603,11.003472870841808,29.057790206090534,0.9726188323012452,29.397389854557744,0.9886581792141227
1192,r_k03_0091_d12_d13_d30,"12,13,30",budget-matched cardinality-stratified random full-sequence control,0,0.9965095986038395,29.5208,31.45,1.8194,31.181116569883926,28.792592629473805,54.03086970542261,1.5079916679754861,23.702831777558604,0.9380108388231634,11.266847853635467,28.981012521814435,0.9657040920213542,29.49275332155265,0.9796497007392613
1193,g_pair_seed_sweep_d13_d31,"13,31",fallback exhaustive two-channel full-sequence seed sweep,0,0.9965095986038395,29.859599999999997,34.3099,2.761,35.548750567920365,29.795097675286314,100.30579565614912,2.412036564534738,19.772066043328014,1.4414812612573156,14.655597495151394,29.958743738249733,0.9883727739207617,29.8493609161799,0.9923952790431579
1194,g_pair_seed_sweep_d18_d27,"18,27",fallback exhaustive two-channel full-sequence seed sweep,0,0.9965095986038395,29.9025,31.2978,2.0673,31.07701392526755,29.539447671504167,56.13301218809917,1.674055937467766,18.277060447349818,1.0669928572445513,12.256446319994161,29.407437287481898,1.0280369290183566,29.886500811928396,1.0606685255214483
1195,r_k03_0096_d12_d22_d28,"12,22,28",budget-matched cardinality-stratified random full-sequence control,0,0.9965095986038395,29.936200000000003,31.778699999999997,1.7472999999999999,31.772019441810667,29.854231722050077,53.1063161656276,1.3689264591340904,17.693949159372035,0.8572980353418547,11.525790690828616,29.757636876772242,1.0175937834436943,29.888836965663433,1.0361197856038544
1196,r_k05_0018_d00_d13_d16_d28_d29,"0,13,16,28,29",budget-matched cardinality-stratified random full-sequence control,0,0.9965095986038395,29.963,33.9061,2.1347,33.37571020250818,28.85840029212722,73.47676827427226,1.79298119034992,14.635983746138914,1.2046745984452314,12.844961328776137,28.885172068420246,0.9976490151828186,29.915314936130667,1.0069015242266994
1197,r_k06_0014_d00_d16_d17_d18_d28_d31,"0,16,17,18,28,31",budget-matched cardinality-stratified random full-sequence control,0,0.9965095986038395,30.0424,33.3251,1.5602,33.160879318187106,29.46464334413679,71.6148138901743,1.3290529879693236,12.668880547847555,1.0402499383624944,13.379003797766257,29.679102183039042,0.9661731575117252,30.013758043234123,0.9794499018537582
1198,r_k05_0005_d00_d02_d22_d23_d27,"0,2,22,23,27",budget-matched cardinality-stratified random full-sequence control,0,0.9965095986038395,30.0619,32.0069,1.6022,31.76736154350318,29.63052087281422,58.04353769128716,1.3425968367247387,13.106119343386268,0.942419035983932,11.438233476541992,29.562855801559873,1.0083835626556477,30.02477564554571,1.0250514705988107
1199,g_pair_seed_sweep_d21_d22,"21,22",fallback exhaustive two-channel full-sequence seed sweep,0,0.9965095986038395,30.1777,31.3811,1.9113000000000002,31.57365188511671,30.34514872094422,56.046297222422616,1.4718536091894343,21.31939039055569,0.9742585272916177,13.834363542320467,29.993121506842673,1.0531363681694001,30.14178202220924,1.0757175458722017
1200,r_k04_0107_d13_d24_d30_d31,"13,24,30,31",budget-matched cardinality-stratified random full-sequence control,0,0.9965095986038395,30.4062,32.4426,3.012,32.206725593833255,29.526840439896283,60.744577271440406,2.6378970826978043,43.70471439343667,1.1337901975001297,17.854570049888864,29.87219469072841,0.9731790145566633,30.374783648217974,0.9866313896089032
1201,g_pair_seed_sweep_d25_d28,"25,28",fallback exhaustive two-channel full-sequence seed sweep,0,0.9965095986038395,30.7906,34.6374,1.6617,35.36672833944066,32.101290561006124,63.00785407349605,1.5863096496726399,16.532138769904314,0.9212477166220965,10.862279354258034,30.358799200537174,0.9004422547222743,30.739263469384433,0.9107661664910469
1202,g_pair_seed_sweep_d10_d19,"10,19",fallback exhaustive two-channel full-sequence seed sweep,0,0.9965095986038395,30.9378,32.3816,2.6169000000000002,32.42725192803164,30.633354764725134,48.56651603570717,2.1197884924444494,40.163992921298345,1.7432202420678027,37.34510605342677,30.44010271635955,1.0320056554079926,30.95506879680716,1.0372465198134533
1203,g_pair_seed_sweep_d14_d19,"14,19",fallback exhaustive two-channel full-sequence seed sweep,0,0.9965095986038395,30.9457,32.7624,2.294,32.635391095232706,30.760185435635634,57.291175634341194,1.7727272168779526,31.194757508914332,0.9642935649241995,11.730595472742245,30.60639400188261,0.9563646357777965,30.897098730070187,0.978380635527148
1204,g_pair_seed_sweep_d02_d19,"2,19",fallback exhaustive two-channel full-sequence seed sweep,0,0.9965095986038395,31.2296,32.4454,2.0784000000000002,31.90367314040843,30.61950131159185,54.51810674936315,1.5608313579224133,22.227906239802003,0.9722828613490693,12.469556191310884,30.383244735286524,1.0336010628315615,31.206328939526628,1.059992738271303
1205,r_k06_0049_d02_d11_d22_d23_d24_d28,"2,11,22,23,24,28",budget-matched cardinality-stratified random full-sequence control,0,0.9965095986038395,31.3173,33.575,1.5282,33.43690570742068,31.187583791295204,70.04049602553422,1.3024934481587056,12.837592571266073,0.9131274082042372,11.208705612547918,30.974390740520768,1.026213673355058,31.287326500311185,1.0449436728263832
1206,g_pair_seed_sweep_d19_d27,"19,27",fallback exhaustive two-channel full-sequence seed sweep,0,0.9965095986038395,31.3326,33.7509,1.5476,33.278206791529826,30.6073855076654,65.38121710873983,1.2507707305742588,11.99528610887997,0.9095280571554122,11.437033123395086,30.618300835118834,0.9697247563285121,31.295132268977373,0.9895570697824024
1207,r_k03_0107_d17_d21_d22,"17,21,22",budget-matched cardinality-stratified random full-sequence control,0,0.9965095986038395,31.4541,32.5696,2.6036,32.52512640804134,31.25702679736908,51.301914753022395,2.133608133797702,43.582570658079526,1.0503017358254045,17.46474036925053,31.16474031096667,1.0094087574306063,31.42322771801555,1.0347275102119748
1208,g_pair_seed_sweep_d09_d27,"9,27",fallback exhaustive two-channel full-sequence seed sweep,0,0.9965095986038395,31.5145,35.164,1.6773,35.08023246748747,30.655749013232438,86.08468470527914,1.4744487476587842,10.528317518115518,1.0838633425910904,11.421868216740664,30.70678713230309,0.9453834014136682,31.505047443189948,0.9691279486983504
1209,r_k04_0003_d00_d02_d25_d27,"0,2,25,27",budget-matched cardinality-stratified random full-sequence control,0,0.9965095986038395,31.655299999999997,35.2577,1.6395,35.89774345322647,31.787342734303465,69.70746027701345,1.4450923996593248,16.35852081055644,0.9117426353886495,10.551845037858811,31.021780777674262,0.89714367175613,31.615482446550242,0.9138298686936512
1210,g_pair_seed_sweep_d08_d10,"8,10",fallback exhaustive two-channel full-sequence seed sweep,0,0.9965095986038395,31.713200000000004,35.453,2.0879000000000003,35.791505802018456,30.98436380976527,73.31465644313653,1.9470968516175258,28.508267995375064,1.0867684832250157,14.61929687195715,31.445190045788113,0.9621286037994359,31.745197223004396,0.9529941447600099
1211,g_pair_seed_sweep_d19_d23,"19,23",fallback exhaustive two-channel full-sequence seed sweep,0,0.9965095986038395,31.877499999999998,34.6485,1.5431,34.34891075731743,30.93865080174087,70.47141081288434,1.3643935205315312,13.926195257476676,0.8370769019151006,9.71568361031561,31.068081499217325,0.937743758789866,31.85157787858638,0.9527759702607999
1212,r_k06_0091_d08_d14_d16_d17_d18_d19,"8,14,16,17,18,19",budget-matched cardinality-stratified random full-sequence control,0,0.9965095986038395,31.921699999999998,34.733599999999996,1.3216999999999999,34.008769841766785,30.89658828731528,71.19801420656096,1.1432112400904966,9.37302784859974,0.9145495786360024,11.427920422462597,30.954455062346614,0.9869748860081772,31.901210444075552,1.0061850324707102
1213,g_pair_seed_sweep_d03_d20,"3,20",fallback exhaustive two-channel full-sequence seed sweep,0,0.9965095986038395,31.9925,34.3831,2.035,34.374889928024,32.23071232570557,61.074339093751796,1.4811972164361997,23.768526976869868,0.6797585221736105,5.236886051697621,32.23756799867854,0.9884759593737666,31.936469570835612,1.0088284412797515
1214,g_pair_seed_sweep_d19_d29,"19,29",fallback exhaustive two-channel full-sequence seed sweep,0,0.9965095986038395,32.0112,33.199400000000004,2.4069,32.66715127001819,31.094230950130786,54.23789509770797,1.9371192862594322,27.633105845401367,0.8981130962955257,10.919996132692116,31.227555368875176,0.9785351221623119,31.97916400286605,1.0013811328478806
1215,g_pair_seed_sweep_d03_d28,"3,28",fallback exhaustive two-channel full-sequence seed sweep,0,0.9965095986038395,32.1064,34.206399999999995,1.9887,34.1586428268641,32.1765414627683,59.87314774211628,1.50027039730669,22.872152543772273,0.7262345297351533,5.473999609916244,32.16467718187958,1.0077323975808148,32.0473142778171,1.036357172707187
1216,r_k03_0080_d10_d17_d26,"10,17,26",budget-matched cardinality-stratified random full-sequence control,0,0.9965095986038395,32.438,35.9022,2.0632,36.4172689469729,31.5183856093375,61.65707477869121,2.0366817836287834,40.17641080630723,1.022259772593208,14.738215738771222,32.05660130335646,0.9148944375446583,32.48312465677732,0.9056619247462735
1217,r_k04_0103_d12_d17_d20_d29,"12,17,20,29",budget-matched cardinality-stratified random full-sequence control,0,0.9965095986038395,32.5978,34.6101,1.7932,34.27500368345996,32.10143152536934,61.55339209463379,1.3903020228231646,18.750310704208427,0.8223476561109069,10.230622165534543,32.085803184881755,0.9600401071033584,32.560234550702845,0.9750244061329254
1218,g_s04_k03_from_d11_d23_add_d24,"11,23,24",direct full-sequence ATE forward-greedy trial,0,0.9965095986038395,32.838,34.7711,2.3911000000000002,34.75670531143727,32.28355480523406,61.20127030616411,2.115430663568963,43.8475711083287,0.7375068125435728,11.00695210172858,32.50933456108556,0.9646396636763235,32.79913438600829,0.986669019029836
1219,r_k05_0104_d12_d17_d18_d19_d26,"12,17,18,19,26",budget-matched cardinality-stratified random full-sequence control,0,0.9965095986038395,32.8525,35.5077,1.4503,34.503424133261916,31.467614595238235,71.50125847731672,1.2406219493415496,10.793532003113713,0.8380726372784614,9.929124856320707,31.488528597275057,0.9955359370083837,32.83333133310088,1.0104186298169593
1220,r_k05_0071_d06_d09_d12_d16_d18,"6,9,12,16,18",budget-matched cardinality-stratified random full-sequence control,0,0.9965095986038395,32.9288,34.6978,1.6244999999999998,34.197408528881255,32.11818961563085,62.756843183921916,1.3076226018537802,12.857070120005634,0.950603807405967,10.510018710837048,32.150990362057435,0.9916781359207137,32.89338466076357,1.0117101985484813
1221,r_k06_0092_d08_d16_d22_d25_d29_d31,"8,16,22,25,29,31",budget-matched cardinality-stratified random full-sequence control,0,0.9965095986038395,33.102900000000005,36.0526,1.5516,35.84720868218071,32.0868270882022,72.18530989907318,1.3991795412456174,13.331325575396733,0.9915130004639287,11.67756513698128,32.3374792764484,0.9452253613766577,33.063974090198414,0.957219046726778
1222,g_pair_seed_sweep_d06_d23,"6,23",fallback exhaustive two-channel full-sequence seed sweep,0,0.9965095986038395,33.4899,35.7707,2.7368,35.502512568307715,32.05181525391148,73.19271643655351,2.519061114337969,29.35875263740673,1.2150797528618837,11.716194490475806,32.44150161544135,0.9368166838924328,33.438236022401085,0.9523876954718558
1223,r_k04_0083_d08_d12_d18_d27,"8,12,18,27",budget-matched cardinality-stratified random full-sequence control,0,0.9965095986038395,33.6683,35.8016,1.513,34.85078161375069,32.34259916588322,64.45375158806517,1.287423329661995,12.832069865043227,0.8272624976736425,10.930435492189433,32.33217142783559,0.9740431270980388,33.631469990069675,0.9919735043409398
1224,g_pair_seed_sweep_d06_d25,"6,25",fallback exhaustive two-channel full-sequence seed sweep,0,0.9965095986038395,33.7119,36.6603,1.4286999999999999,37.29121189693833,33.65207620691082,69.88877817896827,1.315629903534799,10.85440977852085,0.936928971175083,11.01678663589733,33.09679863232922,0.9000930466628033,33.67002652473095,0.9101812377193407
1225,g_pair_seed_sweep_d02_d25,"2,25",fallback exhaustive two-channel full-sequence seed sweep,0,0.9965095986038395,34.0613,37.6455,1.7253999999999998,39.103453687643295,35.36604899356375,67.18288201292063,1.5156982731369597,19.02050754522752,0.9386070059823436,10.928384225902441,33.61074251787948,0.8738393888431313,34.00620424197185,0.8827609442368038
1226,g_pair_seed_sweep_d19_d20,"19,20",fallback exhaustive two-channel full-sequence seed sweep,0,0.9965095986038395,34.133599999999994,36.0716,1.7025,35.293747699660585,33.087721793930086,67.79828479454079,1.3250149019112596,12.474691401179685,0.8925892876836087,11.20685574813272,33.089337203342936,0.9991401713402681,34.0967961856759,1.0185531272783503
1227,r_k04_0071_d06_d13_d25_d26,"6,13,25,26",budget-matched cardinality-stratified random full-sequence control,0,0.9965095986038395,34.1617,36.7312,1.8131000000000002,36.54273015161537,33.193789366149424,71.20066297207366,1.5820806342620213,16.988587782819653,1.067500840215944,13.150875862274193,33.12040249590917,0.9357706969592968,34.11679442557204,0.9473461044711741
1228,g_pair_seed_sweep_d08_d31,"8,31",fallback exhaustive two-channel full-sequence seed sweep,0,0.9965095986038395,34.2169,38.1633,3.1008,38.51400608905149,33.343910117169216,89.3214432219149,2.8394657211163716,47.958889125878386,1.6857163804771236,28.64073659423226,33.72801672461203,0.9698629303119372,34.21401002913391,0.9738655803115489
1229,r_k03_0104_d16_d17_d31,"16,17,31",budget-matched cardinality-stratified random full-sequence control,0,0.9965095986038395,34.3593,37.6201,1.6934,37.90020183158514,33.09268228901111,67.14106151412768,1.6369091787449899,17.340202918290803,1.23112003734422,13.324501288018833,33.789424628116095,0.9347595069868774,34.39136497093977,0.9323108060949046
1230,g_pair_seed_sweep_d10_d23,"10,23",fallback exhaustive two-channel full-sequence seed sweep,0,0.9965095986038395,34.605799999999995,36.2978,2.5649,35.266873389008,33.19812967633552,59.694073895805566,2.2943703440891805,34.2558431635338,1.1296106894613838,14.391487954607287,33.19530545526547,0.9530228662852547,34.646312025264194,0.9388693122246062
1231,g_pair_seed_sweep_d19_d28,"19,28",fallback exhaustive two-channel full-sequence seed sweep,0,0.9965095986038395,34.7609,36.536699999999996,2.0525,35.50158898132425,33.449972692833704,64.73259911180577,1.5887696352788392,16.74543981429445,0.9455270913928377,11.900612988828883,33.51705701831217,0.9806748876714136,34.72991442090942,1.0049095642426333
1232,r_k03_0087_d11_d20_d22,"11,20,22",budget-matched cardinality-stratified random full-sequence control,0,0.9965095986038395,34.7834,36.698,1.9819,36.37744391207059,33.888184980569484,63.92076896027766,1.7410247845457096,17.30844627175223,1.0195903267869726,10.816645396220723,33.92042880451286,0.9661354084456472,34.73201976084664,0.9847914310627055
1233,g_pair_seed_sweep_d17_d19,"17,19",fallback exhaustive two-channel full-sequence seed sweep,0,0.9965095986038395,34.8491,37.3359,1.7057,36.28925681298279,33.43749190179286,71.43471979542888,1.4895227275667238,19.23941185515174,1.0347548617431421,13.45605769543944,33.510871284000984,0.9820080364794971,34.82819943889966,0.998400690760698
1234,g_pair_seed_sweep_d10_d26,"10,26",fallback exhaustive two-channel full-sequence seed sweep,0,0.9965095986038395,34.8972,37.1075,1.8487,36.12660303227488,33.48264886234491,60.2652590416059,1.6647341650432783,20.96737524180872,1.025372320672317,12.411542584851754,33.643130648945906,0.9700677048389356,34.92405114697823,0.9661016596444164
1235,r_k05_0086_d08_d19_d24_d26_d30,"8,19,24,26,30",budget-matched cardinality-stratified random full-sequence control,0,0.9965095986038395,35.1001,36.8918,2.0386,36.66535868205263,34.06813258040604,63.07600882691952,1.8450779937882678,34.997116276864965,0.837189467390027,10.924776162399754,34.42830588325528,0.9518033701948837,35.07450233511308,0.9719682062864304
1236,r_k03_0066_d08_d12_d13,"8,12,13",budget-matched cardinality-stratified random full-sequence control,0,0.9965095986038395,35.556,37.9496,2.1997,37.002492876490386,34.246281837552836,65.65588673783861,1.8214419107251456,26.75013586107337,1.1101928298931019,12.670665506680125,34.08937630701273,0.9625127327403574,35.50358229735209,0.97468068492241
1237,g_pair_seed_sweep_d08_d19,"8,19",fallback exhaustive two-channel full-sequence seed sweep,0,0.9965095986038395,35.7994,38.3434,1.7215999999999998,36.9592988696061,33.879949730671655,74.71126670107144,1.4885426784904359,13.032546299522,0.9837246241913377,12.780978082570218,33.89385945934214,0.9865751382721966,35.76307325732353,1.0051188995638878
1238,g_pair_seed_sweep_d10_d17,"10,17",fallback exhaustive two-channel full-sequence seed sweep,0,0.9965095986038395,36.3487,39.635999999999996,1.5078,40.18194859096219,35.25279073420121,65.82531986422286,1.5000643001723473,15.152349052517936,0.9916924792210418,12.168078526538878,35.79147501387866,0.9002940850612678,36.404002828661774,0.8952265257327076
1239,g_pair_seed_sweep_d07_d23,"7,23",fallback exhaustive two-channel full-sequence seed sweep,0,0.9965095986038395,36.548700000000004,38.6865,2.3009000000000004,39.33834284775056,36.47403330121618,66.7042421182494,1.989119072574306,20.614282524183075,1.013736086708937,12.254660531563667,36.3593388151796,0.9281804700683214,36.48690244024423,0.9592868518368709
1240,g_pair_seed_sweep_d24_d27,"24,27",fallback exhaustive two-channel full-sequence seed sweep,0,0.9965095986038395,36.5688,38.2342,2.4095999999999997,37.619735711286424,35.55580776629006,66.0841459932151,1.9943042538474454,30.211209226101214,1.02225399368338,16.475721047951975,35.555860270131475,0.999984173534696,36.52282220188221,1.0281723849422024
1241,r_k03_0069_d08_d16_d31,"8,16,31",budget-matched cardinality-stratified random full-sequence control,0,0.9965095986038395,37.0222,41.07,2.1008,41.45200022323535,35.45926633237963,89.58830613040405,2.0270218393045023,18.896714301089084,1.4248932397968512,16.2138936655177,36.2044439239583,0.947058828465922,37.03033519092621,0.9463920728312647
1242,g_pair_seed_sweep_d17_d31,"17,31",fallback exhaustive two-channel full-sequence seed sweep,0,0.9965095986038395,37.058099999999996,39.690999999999995,2.0332,39.7305819542835,36.35549215911995,75.63216358558536,1.933175653912848,22.343539952743523,1.2519113140338791,15.488103934035731,36.53913337322038,0.9223219011395308,37.09582867274199,0.9221059959900485
1243,g_pair_seed_sweep_d09_d26,"9,26",fallback exhaustive two-channel full-sequence seed sweep,0,0.9965095986038395,37.0621,39.5084,2.1508,40.48038132738248,36.976834037459675,81.35526207344253,1.7982149106088776,20.819179092175506,1.1865646022731686,11.080160949174852,37.3280698402597,0.9336253268653124,37.06137453715194,0.9491507041207745
1244,r_k05_0085_d08_d16_d21_d22_d24,"8,16,21,22,24",budget-matched cardinality-stratified random full-sequence control,0,0.9965095986038395,37.087199999999996,39.3857,1.8298999999999999,38.78790849196115,35.955753443300864,70.78484931550445,1.6374138317545517,23.63807063785645,0.9604805489953557,12.327664723212662,36.08457609754332,0.9709250873929226,37.04553085834811,0.9938750323194034
1245,g_pair_seed_sweep_d11_d22,"11,22",fallback exhaustive two-channel full-sequence seed sweep,0,0.9965095986038395,37.8992,40.1661,2.7109,39.59273390965773,36.59235105127762,68.09905453742856,2.3848546106344948,35.63083110207359,1.2777169867549316,18.82555082681062,36.70242621390178,0.9651332287413468,37.83216922518092,0.9841493977788258
1246,g_pair_seed_sweep_d30_d31,"30,31",fallback exhaustive two-channel full-sequence seed sweep,0,0.9965095986038395,38.3361,41.5051,2.9173999999999998,43.31341773567647,37.893728629816806,75.90558037992194,3.0803678526574862,63.58410348615556,1.9475724650504749,38.006461004391625,37.10730420690463,0.8373826105336235,38.39780053146885,0.8200673052229245
1247,g_pair_seed_sweep_d01_d10,"1,10",fallback exhaustive two-channel full-sequence seed sweep,0,0.9965095986038395,38.7802,42.2638,2.1608,42.5157955229242,37.552800216846514,74.54063805612047,2.181770604324217,39.6059846583463,1.032987366965008,13.410616952051475,37.684836678054765,0.8830661267345741,38.824938191747975,0.8737102285836738
1248,g_pair_seed_sweep_d18_d24,"18,24",fallback exhaustive two-channel full-sequence seed sweep,0,0.9965095986038395,38.9484,40.265,2.9541,39.73113399405382,37.83881900468192,59.415169909860786,2.4964310440223967,48.9375315564488,1.0120094617527455,13.78439714314412,37.99421154298088,0.9746004079201875,38.90824829123123,1.0016128198460408
1249,r_k04_0035_d02_d12_d17_d24,"2,12,17,24",budget-matched cardinality-stratified random full-sequence control,0,0.9965095986038395,39.1085,40.5687,2.2875,40.20585399810314,37.99261993177155,65.3941379508786,2.0200507821110953,29.2834432854776,0.9455410410560589,14.588510292678164,38.17022392293308,0.9476375374925375,39.07215829046551,0.9767149613188747
1250,g_pair_seed_sweep_d10_d14,"10,14",fallback exhaustive two-channel full-sequence seed sweep,0,0.9965095986038395,40.4215,43.4293,2.6703,45.0715228734019,39.87204447632421,75.78689278167796,2.8229443024134375,53.06536011910694,1.2205646947272826,20.18029073844231,38.79761302841474,0.8276573410688783,40.4882419792531,0.8122340293567635
1251,g_pair_seed_sweep_d18_d19,"18,19",fallback exhaustive two-channel full-sequence seed sweep,0,0.9965095986038395,40.4345,41.8654,2.2437,40.758448856054095,38.629594826339925,72.01123386254609,1.8289338462802305,31.507125877826823,1.0032180498360885,14.187183238790613,38.52980652055679,0.9380094154785025,40.40024132329291,0.9593296594446894
1252,g_pair_seed_sweep_d02_d24,"2,24",fallback exhaustive two-channel full-sequence seed sweep,0,0.9965095986038395,40.5796,41.7981,4.2908,41.89180106647162,39.705570281899945,69.79949950100755,3.8042658441281665,86.59454247079397,1.192471670703957,19.869724427508217,40.14316060910922,0.9305852393865172,40.549232796400645,0.9595280280658788
1253,g_pair_seed_sweep_d27_d28,"27,28",fallback exhaustive two-channel full-sequence seed sweep,0,0.9965095986038395,41.042,43.608000000000004,1.984,44.22754944992585,40.67105907842238,78.40201925006942,1.8645099158617549,19.252838118931372,1.1709425233646282,12.550994351956088,40.29579556616962,0.8908522317533546,40.984350935845285,0.9259376862095803
1254,g_pair_seed_sweep_d06_d12,"6,12",fallback exhaustive two-channel full-sequence seed sweep,0,0.9965095986038395,41.7111,43.3068,1.8935,43.07562149472894,40.591676078899155,71.93761381215967,1.550486038301669,16.13642187702127,0.9516919061932889,9.983185019785433,40.36436054717168,0.9170665729055996,41.656121596786676,0.934476737123731
1255,g_pair_seed_sweep_d10_d20,"10,20",fallback exhaustive two-channel full-sequence seed sweep,0,0.9965095986038395,41.7301,45.8975,3.412,49.15031954483507,43.29248870890986,86.6512400507523,3.7151574633686595,64.45578418247409,1.7215560138624626,26.641190311500274,40.82906965069971,0.7875629198312561,41.80454077120254,0.763444485411645
1256,g_pair_seed_sweep_d02_d31,"2,31",fallback exhaustive two-channel full-sequence seed sweep,0,0.9965095986038395,43.4054,46.6884,2.1378999999999997,46.11563853394406,41.45901420912195,73.00477737624485,1.901067655156853,20.28189994036767,1.1433216682082454,12.996864898160906,41.90603030831516,0.9161759273152775,43.47543786375861,0.8970212715490227
1257,g_pair_seed_sweep_d06_d07,"6,7",fallback exhaustive two-channel full-sequence seed sweep,0,0.9965095986038395,44.3417,46.3897,2.1964,46.6591823274527,42.92466541672911,85.09318357407271,2.1030076955961463,25.778475132594508,1.258589095973666,15.759769080836039,42.67722263407208,0.8753104295800429,44.29018642499148,0.8899178872627752
1258,g_pair_seed_sweep_d22_d25,"22,25",fallback exhaustive two-channel full-sequence seed sweep,0,0.9965095986038395,44.9274,47.8657,1.5472,50.051666093568855,45.14630170554012,87.05092982132992,1.5432087631228273,14.411250602379317,0.9836574200356335,12.154991326893969,43.45788508863275,0.8117042566479584,44.8655189895253,0.8249362431926858
1259,g_pair_seed_sweep_d16_d24,"16,24",fallback exhaustive two-channel full-sequence seed sweep,0,0.9965095986038395,44.9353,46.591300000000004,2.5897,46.2753268438072,43.32462791722968,79.61572290276361,2.344686005225064,37.023147917333475,1.1507428313704726,15.391463480997523,43.34479955973556,0.905089450490566,44.883361533526255,0.9281489194698821
1260,r_k03_0088_d12_d13_d20,"12,13,20",budget-matched cardinality-stratified random full-sequence control,0,0.9965095986038395,45.094899999999996,48.7527,2.1093,48.87490107124656,44.409646824301454,88.71645234141856,1.9515022253850207,28.93654734746337,1.236796324731554,21.345313768481358,42.623132929342916,0.848463179894666,45.02863189422083,0.8549529158353042
1261,r_k04_0070_d06_d13_d17_d25,"6,13,17,25",budget-matched cardinality-stratified random full-sequence control,0,0.9965095986038395,45.1156,48.6696,1.5963,52.13104023653129,46.40628762036044,97.1655339453209,1.5679903388804164,13.443903393688075,1.1415872007569725,12.349277150887762,43.134884283967324,0.772584065346549,45.06246151003191,0.7820588964445626
1262,g_pair_seed_sweep_d10_d18,"10,18",fallback exhaustive two-channel full-sequence seed sweep,0,0.9965095986038395,45.452,49.4435,3.3501999999999996,53.488406417526946,46.20515977679446,93.2539655575664,3.8816133658349536,82.96808871139157,1.620370896940014,30.13224355883718,44.613582051464675,0.764140944189062,45.51907845653674,0.7481431777439088
1263,g_pair_seed_sweep_d15_d31,"15,31",fallback exhaustive two-channel full-sequence seed sweep,0,0.9965095986038395,45.7924,49.3469,2.1238,51.82915397029827,45.54688030421231,86.10549486459385,2.2888369582577135,30.281788827101913,1.1527211341676793,16.23678191014768,44.82758580686391,0.7952157429091713,45.86906636173334,0.775134377028968
1264,r_k05_0016_d00_d09_d14_d16_d22,"0,9,14,16,22",budget-matched cardinality-stratified random full-sequence control,0,0.9965095986038395,45.94,48.1944,2.1555,49.052356774884906,44.99894069687308,85.19932066621857,2.095097023010789,39.13143060390209,1.2775380775653802,18.684241003099704,44.23643186721025,0.846061028888205,45.8771744447802,0.8656523446411543
1265,g_pair_seed_sweep_d20_d24,"20,24",fallback exhaustive two-channel full-sequence seed sweep,0,0.9965095986038395,47.3393,49.4274,2.4905,51.46505570322017,47.46072733114359,85.24530642398301,2.3251914278675376,45.016270110925674,0.9482411498552282,14.017862258504964,46.0883857595884,0.815367334357296,47.27182105586893,0.8341050951360288
1266,g_pair_seed_sweep_d19_d24,"19,24",fallback exhaustive two-channel full-sequence seed sweep,0,0.9965095986038395,47.5978,49.6085,1.9653,50.34880667997774,46.62030268348502,87.26542950593897,1.9457672987674042,24.645402932406128,1.0331187883242179,15.070823041587312,45.62868199761427,0.8380838400668794,47.54965981910116,0.8595483913002391
1267,g_pair_seed_sweep_d06_d19,"6,19",fallback exhaustive two-channel full-sequence seed sweep,0,0.9965095986038395,47.6456,49.262,2.053,49.711317737720826,46.64447758807535,81.77957910911498,1.945466738922956,20.211202910033684,1.065988936721829,10.904445220480708,45.628211870549116,0.8483497536063677,47.59242768990963,0.8661450535774334
1268,r_k05_0105_d14_d16_d17_d22_d24,"14,16,17,22,24",budget-matched cardinality-stratified random full-sequence control,0,0.9965095986038395,47.7511,49.59,1.8723,50.39360153194975,46.80571745635109,87.60367240180348,1.7849062916726763,19.858037169564426,1.0863562073528819,13.876828334595913,45.82822908766101,0.8394831097606049,47.69662201684073,0.8624621617242151
1269,r_k03_0018_d02_d06_d19,"2,6,19",budget-matched cardinality-stratified random full-sequence control,0,0.9965095986038395,48.9487,51.0971,1.8474000000000002,53.569862885832855,49.460983662751715,90.7133465227266,1.7532803792564258,16.630739224049616,1.030828168962464,11.459354372147915,47.02282796540058,0.7862739747320567,48.890402244193176,0.7987354222055792
1270,g_pair_seed_sweep_d16_d19,"16,19",fallback exhaustive two-channel full-sequence seed sweep,0,0.9965095986038395,49.2363,51.858599999999996,1.9952,52.37535687674506,48.2219979405385,95.5935999520629,1.8781049107770116,25.16821424428367,1.1236075653081252,14.993376530344706,46.56392984108056,0.8187665069764537,49.19657141065875,0.829991405672223
1271,g_pair_seed_sweep_d08_d24,"8,24",fallback exhaustive two-channel full-sequence seed sweep,0,0.9965095986038395,49.9425,51.59740000000001,2.7595,51.70710510601927,48.027807121163704,85.10180191023936,2.700298201298471,50.82724740453089,1.163469537342742,12.953269984235712,47.385546620509025,0.8387334519679885,49.88970794620833,0.8573432661244514
1272,g_pair_seed_sweep_d09_d31,"9,31",fallback exhaustive two-channel full-sequence seed sweep,0,0.9965095986038395,50.145399999999995,53.5843,2.3265000000000002,60.12772171766462,53.11304582953661,103.67230103339236,2.7118220260426242,29.65525498140982,1.594334991291156,16.20378360858483,50.64523025290517,0.7177502568497738,50.196497004524964,0.7196783109626934
1273,r_k06_0046_d02_d08_d12_d16_d22_d24,"2,8,12,16,22,24",budget-matched cardinality-stratified random full-sequence control,0,0.9965095986038395,50.6875,53.1054,1.8523,53.836820092205286,49.928777468178154,93.76759642572539,1.878986614120202,28.85680112041306,1.0524014354042048,15.297742015571593,48.21289692747032,0.8188094669607907,50.62776475737118,0.836268663603436
1274,g_pair_seed_sweep_d13_d24,"13,24",fallback exhaustive two-channel full-sequence seed sweep,0,0.9965095986038395,51.048,52.507000000000005,3.5273,53.53626740976161,48.65437379061221,95.71646766182738,3.738744304793932,72.18487130399723,4.116977477008615,94.28889032721872,48.46017569140347,0.8025577639580378,51.05379753298036,0.7876524531620163
1275,g_pair_seed_sweep_d17_d24,"17,24",fallback exhaustive two-channel full-sequence seed sweep,0,0.9965095986038395,52.6096,53.895199999999996,2.7177,57.93993543093998,53.17771589251692,97.01629638605172,2.9524360352507255,45.80512758503822,1.227003903959479,16.89717715579416,50.44703657703759,0.738021276337357,52.56785902497909,0.7548645603207971
1276,r_k03_0093_d12_d18_d22,"12,18,22",budget-matched cardinality-stratified random full-sequence control,0,0.9965095986038395,55.71810000000001,59.0523,2.4547,62.265193563690005,57.756960293683605,105.44600536290561,2.3322697534581063,35.025419211689304,1.1834395700621516,16.6489641025824,52.89732909872631,0.7307322493702517,55.6375171867178,0.741844158499925
1277,g_pair_seed_sweep_d12_d22,"12,22",fallback exhaustive two-channel full-sequence seed sweep,0,0.9965095986038395,55.752500000000005,57.3551,2.3976,59.92884234605217,56.46727610124971,95.92850979176629,2.031502402674302,23.21242977301013,1.0655673091723326,12.273756626297155,53.43720853312463,0.7566847621410583,55.69194271690247,0.7723265155242711
1278,g_pair_seed_sweep_d23_d24,"23,24",fallback exhaustive two-channel full-sequence seed sweep,0,0.9965095986038395,56.6505,58.408,2.929,65.37249563540696,59.82037515344298,109.2485167097754,3.461287499708328,70.75217492919418,1.1241856692767802,16.489140602987845,54.5065126462253,0.6747504682112987,56.59467983422296,0.6874849153841627
1279,g_pair_seed_sweep_d10_d16,"10,16",fallback exhaustive two-channel full-sequence seed sweep,0,0.9965095986038395,57.410000000000004,60.7612,2.4402,69.36485035390653,60.951097248387,118.9454463371873,3.1816261196773117,47.670199987327,1.5547621253575645,21.103571307998283,57.17921113102168,0.6475631679998988,57.481068560210815,0.6385494506579357
1280,g_pair_seed_sweep_d10_d15,"10,15",fallback exhaustive two-channel full-sequence seed sweep,0,0.9965095986038395,57.9298,61.3082,2.5918,69.61475793509521,62.24760013841877,114.62880375682396,3.345438855864221,53.54162214951006,1.5984873490105214,26.33524644896397,56.791203869551865,0.6420238283126208,58.013913124717796,0.6260897817509832
1281,r_k03_0095_d12_d19_d22,"12,19,22",budget-matched cardinality-stratified random full-sequence control,0,0.9965095986038395,58.9537,61.8934,1.8453000000000002,67.41272637260116,62.155582680408884,115.79145735491383,2.042444339822959,26.120707355834305,1.0490871045059995,12.99278276008977,55.71989498818214,0.6729277484897332,58.887786467631365,0.6862490353418186
1282,r_k05_0101_d10_d20_d25_d30_d31,"10,20,25,30,31",budget-matched cardinality-stratified random full-sequence control,0,0.9965095986038395,61.449,64.5274,2.8314,99.42651757994254,92.03674107597097,173.67113547916014,4.705435384363884,106.51251434763915,4.65945603851577,109.23296289977893,59.50445925505158,0.4366873799027566,61.39312093845999,0.44124889993170235
1283,r_k04_0069_d06_d12_d22_d28,"6,12,22,28",budget-matched cardinality-stratified random full-sequence control,0,0.9965095986038395,62.5378,65.5867,2.032,77.41240821055007,71.10985671243391,131.58119265344857,2.282568318765848,28.013023342815035,1.1039039921186407,13.468301698372581,59.57095654567345,0.575651172939848,62.4690985814675,0.5845973513325804
1284,r_k04_0072_d06_d16_d18_d31,"6,16,18,31",budget-matched cardinality-stratified random full-sequence control,0,0.9965095986038395,64.1643,69.3605,4.9885,73.0504069553252,71.4826085543865,107.37556166473826,6.360663215462835,141.60074345894077,3.729812857542953,84.8391334380077,65.18926372060521,0.6849908304549852,64.23972832308067,0.6733572340239709
1285,g_pair_seed_sweep_d16_d31,"16,31",fallback exhaustive two-channel full-sequence seed sweep,0,0.9965095986038395,65.0602,68.67450000000001,2.5859,84.90119776962068,74.70957682710188,144.93834853014062,3.9479479182988073,49.737063864762945,1.975097788822984,21.599812252486576,64.27280611417163,0.5166501789386573,65.12050954709181,0.5098265161230787
1286,g_pair_seed_sweep_d02_d15,"2,15",fallback exhaustive two-channel full-sequence seed sweep,0,0.9965095986038395,82.8036,87.5691,3.0263,8647.553079343972,7973.396304267266,13192.065591370343,790.540556808577,18873.732157659735,5.9199259269349005,137.61912644264225,80.85199702281602,0.0014128205716964892,82.87600378993073,0.00152591574718306
