channel,activation_variance_clean,activation_variance_clean_iqr,activation_variance_light,activation_variance_light_iqr,active_ratio_clean,active_ratio_clean_iqr,active_ratio_light,active_ratio_light_iqr,gradient_energy_clean,gradient_energy_clean_iqr,gradient_energy_light,gradient_energy_light_iqr,orientation_coherence_clean,orientation_coherence_clean_iqr,orientation_coherence_light,orientation_coherence_light_iqr,dominant_angle_clean,dominant_angle_clean_iqr,dominant_angle_light,dominant_angle_light_iqr,spectral_centroid_clean,spectral_centroid_clean_iqr,spectral_centroid_light,spectral_centroid_light_iqr,cross_light_ncc,cross_light_ncc_iqr,relative_mad,relative_mad_iqr,mean_shift_absolute,mean_shift_absolute_iqr,mean_shift_relative,mean_shift_relative_iqr,gradient_retention,gradient_retention_iqr,spatial_entropy_clean,spatial_entropy_clean_iqr,component_count_clean,component_count_clean_iqr,component_scale_clean,component_scale_clean_iqr,spatial_entropy_light,spatial_entropy_light_iqr,component_count_light,component_count_light_iqr,component_scale_light,component_scale_light_iqr,gradient_energy,orientation_coherence,spectral_centroid,density_label,structure_label,illumination_label,colour_label,frequency_label,soft_label,dead_variance_max_condition,dead_gradient_max_condition,dead_base_rule,dead_bootstrap_stability,confirmed_dead_candidate,manual_review_status
0,0.0387557317633796,0.012846867430874015,0.03868204956746518,0.014237174801087348,0.405,0.06630208333333332,0.371875,0.1921875,0.04326449669921237,0.012765136720871144,0.040675937848142746,0.015513553805952075,0.07030725991674944,0.06566695118864571,0.06375540578470676,0.05895738294373368,131.84778595007543,92.69986796357905,101.75929891876471,82.57954073664422,0.40833545878862465,0.01858988635127895,0.39947574306838346,0.024287168627346922,0.8114561674777482,0.4160658383636058,0.6504822636286486,0.6288248664593401,0.0,0.03305729752594441,0.0,0.30836240669435755,0.9756040267008053,0.173762047465845,0.8497678929353255,0.022818617093512072,56.5,13.5,0.0007149926194310252,6.999336570376953e-05,0.8381908240836689,0.06122661353933645,47.5,23.25,0.0006967171717171717,0.000234375,0.04197021727367756,0.0670313328507281,0.403905600928504,Moderate-region,Texture/high-frequency,Sensitive,N/A,High-frequency,Moderate-region + Texture/high-frequency + High-frequency + Sensitive,0.039605484171908484,0.043444266314443335,False,0.0,False,not_required
1,0.05082919261778955,0.02029848120803955,0.04448925994267801,0.023870158681688562,0.6670833333333334,0.04807291666666669,0.686875,0.06630208333333332,0.04993193856985928,0.019536215638125874,0.044914918627840424,0.02431415709020421,0.07134429240403463,0.06029135974851281,0.058392033535582075,0.045920815738770326,137.88901175185134,41.42525582827287,140.71606884368128,37.587723659286496,0.3569246625694087,0.012840021709625116,0.35532464027805966,0.014495512966165247,0.8964926540085144,0.2894666314986387,0.35513969644057397,0.5118116413902954,-0.0002708311562332616,0.030640018949085114,-0.001790124216956602,0.18785750949704738,0.9791426989185974,0.22294035037913762,0.9148008928977234,0.009627017537048976,82.0,7.0,0.0009334305766954169,0.0001028351623816562,0.9173317536079222,0.014548347345889168,82.0,11.25,0.0009695936779270112,0.00017424527679945647,0.04742342859884985,0.06486816296980835,0.3561246514237342,Dense-global,Mixed/isotropic,Intermediate,N/A,Mid-frequency,Dense-global + Mixed/isotropic + Mid-frequency + Intermediate,0.05082919261778955,0.049940540535389905,False,0.0,False,not_required
2,0.09136327080784393,0.032522017238678605,0.08963135068589154,0.049237691261665446,0.400625,0.02953125000000001,0.40760416666666666,0.07187499999999997,0.0925248810575469,0.03417745838474931,0.08901069189777236,0.05061618018506983,0.1833494679897953,0.05085420351691011,0.1862201343937832,0.040384295276979315,24.338013307264834,6.3479343696356985,27.17614909042802,9.188987218215892,0.3741618857863863,0.01487284190710958,0.3741618857863863,0.017283921561003557,0.9446060199448076,0.23715357478273225,0.34605916986765345,0.5429050548439842,-0.000980972626389312,0.03402791307128003,-0.006878640591653969,0.26010309892753486,0.9810892268156477,0.21762746849231474,0.838407332397598,0.007192137764749917,58.0,8.75,0.0007637737621573829,0.00011307658896308993,0.8323297242791419,0.02475489522462382,60.0,8.75,0.0007582885304659498,0.0001486132914704344,0.09076778647765962,0.18478480119178925,0.3741618857863863,Moderate-region,Texture/high-frequency,Intermediate,N/A,High-frequency,Moderate-region + Texture/high-frequency + High-frequency + Intermediate,0.09325831714351751,0.09527243963762067,False,0.0,False,not_required
3,0.0637617327051814,0.02144076071138743,0.06189348954475299,0.02172317950804134,0.23364583333333333,0.02901041666666665,0.24177083333333332,0.05791666666666667,0.0661793164460915,0.02528347023523552,0.06259366746827247,0.024599033388921533,0.0711356761574758,0.06635171426341487,0.06475703615402106,0.07400150206129152,131.03051669236262,50.23724634724957,126.4190370419422,56.30305578793197,0.42365343046313886,0.016682453049711332,0.42311177837395886,0.020927022349102153,0.8888542856672286,0.21988572785829685,0.5100885455405774,0.6178413048077547,0.0,0.01874290809343923,0.0,0.21156824117832895,0.999999999984772,0.23227972444027012,0.7742703339825837,0.0182983853714499,34.0,5.0,0.0005919228830645162,4.900705253527832e-05,0.7710864081152424,0.030907455924452987,34.5,10.5,0.0005913628472222223,7.502480158730156e-05,0.06438649195718199,0.06794635615574843,0.42338260441854886,Moderate-region,Texture/high-frequency,Sensitive,N/A,High-frequency,Moderate-region + Texture/high-frequency + High-frequency + Sensitive,0.07006154770016373,0.06973709531635235,False,0.0,False,not_required
4,0.06280097894408125,0.0154824701050566,0.052469251880336215,0.01339463117615395,0.615625,0.10593750000000002,0.6245833333333333,0.15875000000000017,0.06738491166779298,0.01770839237039875,0.054295984666249755,0.01499314585489326,0.24385553602364246,0.09482677067727574,0.2080302378126633,0.08332323319425511,131.3191197609493,3.821605026706237,129.9766221105125,5.6581885568897405,0.40699576921629355,0.016011908166599698,0.3966932770056517,0.02268347205364407,0.899269832565404,0.30950234534038557,0.355931459881642,0.5100706843074139,-0.009687991606063706,0.027845113540057767,-0.06163307026995299,0.12178280258722038,0.9113716613541657,0.2777449264588464,0.9034060227139885,0.020977999239336298,84.0,11.75,0.0007881870409855484,8.580678507498138e-05,0.9043798966632244,0.03426212155189656,79.0,19.25,0.0008722089314194577,0.00018058405887230505,0.06084044816702137,0.2259428869181529,0.40184452311097263,Dense-global,Texture/high-frequency,Intermediate,N/A,High-frequency,Dense-global + Texture/high-frequency + High-frequency + Intermediate,0.06280097894408125,0.06738491166779298,False,0.0,False,not_required
5,0.07467989054656837,0.024187169602010783,0.06633518494388596,0.028592100455863412,0.21968749999999998,0.032083333333333325,0.2021875,0.036562500000000026,0.07668360263937107,0.02177426118306322,0.06399009085987499,0.029730317380313197,0.3926213002349312,0.06422019401662377,0.38659167066993666,0.06347810102303736,35.06826844405969,10.06452024527798,33.696804953530815,11.312981850251816,0.3657623033659989,0.029100200047933344,0.3663073971378561,0.03672787425646973,0.9342781555775195,0.25171911413051695,0.3705134328276196,0.5439135290545528,-0.0008050330216692186,0.013342643954805458,-0.009929814140128383,0.13682024047711938,0.9885761678903187,0.2230094848597104,0.7710943465945213,0.021236769636144293,30.0,7.25,0.0008068249701314217,0.00016138477186864277,0.7628375794390643,0.025489473317979017,30.0,7.75,0.0008116319444444445,0.00014387335526315796,0.07033684674962304,0.3896064854524339,0.3660348502519275,Moderate-region,Texture/high-frequency,Intermediate,N/A,High-frequency,Moderate-region + Texture/high-frequency + High-frequency + Intermediate,0.07467989054656837,0.07668360263937107,False,0.0,False,not_required
6,0.05597165764475867,0.013001315081361306,0.04399138274114984,0.02185557860417439,0.285,0.040364583333333315,0.24812499999999998,0.06718750000000001,0.05751255156546861,0.012320120122909534,0.04656397454393932,0.021395646171151493,0.0866303626120465,0.0419656533877282,0.09395066915080952,0.07060707472296662,77.75075677164295,20.625483409761117,80.71568215879489,25.457226809507517,0.4185430249037452,0.008148118689024986,0.4179812638413106,0.014622176239066698,0.8780394669984466,0.36695341207749343,0.48439331945786046,0.6298990754472689,-0.009366662435436407,0.03096427373219284,-0.08529910121714267,0.3124551039635821,0.8854012672726925,0.35746292372899957,0.8034296704842547,0.013760690736908554,45.5,8.5,0.0006038074712643678,5.440076671694321e-05,0.7867951382895024,0.03430628883707976,39.5,16.0,0.0005913628472222223,6.960907036511867e-05,0.052038263054703965,0.090290515881428,0.4182621443725279,Moderate-region,Texture/high-frequency,Sensitive,N/A,High-frequency,Moderate-region + Texture/high-frequency + High-frequency + Sensitive,0.05597165764475867,0.05751255156546861,False,0.0,False,not_required
7,0.0780379915680435,0.008745303859959072,0.06782392768705789,0.019916170319243094,0.7153125,0.06005208333333345,0.740625,0.07624999999999993,0.05639067678045456,0.00860792946690328,0.049262070491223026,0.012659718256170002,0.15910164476356825,0.044368717373338334,0.14148821104528014,0.055452372258402355,112.10107216632841,16.386906814806522,110.74165252165534,19.34826189336853,0.25245636708059416,0.03719934968255745,0.26936837054739327,0.027098452016177443,0.9223022190462795,0.2920684508776854,0.2564851490398413,0.42256404061333785,0.0,0.03176566159068251,0.0,0.11035858182681584,0.9051140464179003,0.23039525941498373,0.9328314646374642,0.012475516828291733,60.5,11.75,0.0018460648148148147,0.0004123465801404236,0.937999000078998,0.019183807863284663,59.5,17.75,0.001704985119047619,0.0004840508400378474,0.052826373635838794,0.1502949279044242,0.2609123688139937,Dense-global,Region-blob,Intermediate,N/A,Low-frequency,Dense-global + Region-blob + Low-frequency + Intermediate,0.0780379915680435,0.05639067678045456,False,0.0,False,not_required
8,0.08358666319557177,0.016942417966979678,0.0774646289040713,0.028658594406481525,0.32677083333333334,0.03781249999999997,0.3403125,0.06515624999999997,0.08379052093623764,0.020002457166348478,0.07856909417994712,0.029757985955121552,0.1343304115950889,0.0476241711844748,0.1334232618336739,0.06393467828432907,90.5499570678608,25.773684866971394,80.99554564299308,23.323076435907296,0.38055143537503155,0.025832664820370055,0.3796134148178845,0.03410381775040844,0.9372674129884646,0.21273118447316341,0.3459258869644136,0.5396703803099456,-0.004706332595912965,0.0120654629564972,-0.034099006542001126,0.09095543397722305,0.9542549613297351,0.15617241377606517,0.8168496983424622,0.007820414161780698,51.0,9.0,0.0007322038350407145,0.00017013893842766318,0.8167130168397638,0.012318066337389855,52.0,10.5,0.000742063492063492,0.0002541890807633379,0.08117980755809237,0.1338768367143814,0.38008242509645807,Moderate-region,Texture/high-frequency,Intermediate,N/A,High-frequency,Moderate-region + Texture/high-frequency + High-frequency + Intermediate,0.0860898049876122,0.0858519095563297,False,0.0,False,not_required
9,0.0391386313636899,0.01712041545232116,0.05253047083202872,0.02132625334858041,0.7390625,0.06791666666666663,0.7876041666666667,0.07802083333333332,0.02951006426968102,0.01605654797110826,0.031915097177606266,0.01613458744895975,0.1047468692263292,0.07976870669050765,0.12053170827721324,0.07284107125274143,83.67511205380492,39.826819513589925,82.21100049310081,44.20136427719903,0.26713535300099434,0.023699747020616863,0.26155028932686497,0.03800440644855543,0.8846964880667271,0.33734926148566624,0.341517679753095,0.647113461081067,0.0,0.036856143207038394,0.0,0.27500843601543595,0.9999999999791335,0.2501122065702198,0.9345004778550192,0.012101571007242184,68.0,13.75,0.001518288474810214,0.00047576336949747074,0.9407016157043047,0.012719711796597144,65.5,20.75,0.0017713466995221028,0.0008956298598163891,0.03071258072364364,0.11263928875177122,0.26434282116392965,Dense-global,Region-blob,Sensitive,N/A,Low-frequency,Dense-global + Region-blob + Low-frequency + Sensitive,0.05256363058381233,0.03538017946431731,False,0.0,False,not_required
10,0.06360096600689835,0.013970626912246584,0.053124322847966546,0.023263941911820046,0.325625,0.051718749999999925,0.3070833333333334,0.11234375000000002,0.06098447977051533,0.019334179580480892,0.05524232586610864,0.02199858554881349,0.06171973313210262,0.035760007363676224,0.06117684774986615,0.03977474615881096,110.56040305111807,35.759540772936845,109.3607252104176,36.45922512672004,0.39793907827317654,0.0236483960088405,0.4034890342088713,0.017705055642624867,0.9060306893335508,0.21685073104066,0.413488375845616,0.5211741689974272,-0.012188223881427498,0.04124989542974769,-0.11013423348596182,0.387363701205239,0.8915536991429693,0.3051872685408137,0.8253295082386463,0.025715838897708343,48.5,11.0,0.0006458981795887568,8.879708300487104e-05,0.8131366167897112,0.042750657283279425,45.5,19.5,0.0006334516565246788,9.163479820240255e-05,0.05811340281831198,0.061448290440984384,0.4007140562410239,Moderate-region,Texture/high-frequency,Sensitive,N/A,High-frequency,Moderate-region + Texture/high-frequency + High-frequency + Sensitive,0.06360096600689835,0.06098447977051533,False,0.0,False,not_required
11,0.03490672353101597,0.014576887199585054,0.03168764653025105,0.013154743282397977,0.37885416666666666,0.050937500000000024,0.354375,0.10755208333333333,0.02927148959006168,0.010740630515587227,0.028183539992722426,0.0106232087084837,0.1316000689831588,0.054719769802462834,0.12119835292751331,0.0767132905811673,159.8203470281535,15.49068474961004,160.53285942535626,24.94263790795435,0.32351444795378526,0.03930743254828367,0.3179623166669295,0.03406218128873889,0.9071271694776366,0.354167940301892,0.41248430566102673,0.5980525349415469,-0.0036489266520888936,0.03204507274246282,-0.04271282471172073,0.3302388762829323,0.9405629927309775,0.2535513524445381,0.838037265959329,0.01891703563324998,42.0,13.75,0.0010286458333333332,0.0003458333333333334,0.828740310890141,0.03917294907700908,38.5,14.25,0.0010416666666666667,0.00026285727896341446,0.02872751479139205,0.12639921095533604,0.32073838231035734,Moderate-region,Mixed/isotropic,Sensitive,N/A,Mid-frequency,Moderate-region + Mixed/isotropic + Mid-frequency + Sensitive,0.03651074183446742,0.029749762031195344,False,0.0,False,not_required
12,0.02924861885246639,0.009697798726096406,0.023618937378241972,0.011366556021655965,0.27729166666666666,0.03651041666666671,0.2601041666666667,0.09119791666666668,0.0292000115118496,0.009116899576614393,0.025032978920056882,0.010739798099338598,0.09724423389252622,0.048972320069585754,0.09187833672288682,0.06852470306893856,97.43573822843268,21.198727683687807,95.97593224354101,14.221538673132969,0.4109962218887211,0.019926637732324837,0.4129855962446116,0.01707213000873331,0.8179211907544357,0.37650479538741555,0.6591663688589378,0.6291669944753384,-0.002593124914568156,0.018851225427411383,-0.0455492743437237,0.28332410648472717,0.9315302913640687,0.280152117365596,0.7931733296728827,0.01680659473321311,35.0,7.0,0.0006728270609318997,7.796252970885317e-05,0.7860296405321867,0.04718572722852821,31.5,12.25,0.0006397332506203474,0.00013958565589000378,0.02711649521595324,0.09456128530770652,0.41199090906666636,Moderate-region,Texture/high-frequency,Sensitive,N/A,High-frequency,Moderate-region + Texture/high-frequency + High-frequency + Sensitive,0.029908154315307557,0.03014249921450954,False,0.0,False,not_required
13,0.06423754067395564,0.02001979663422295,0.059192501285825344,0.024411114385686647,0.605625,0.08963541666666675,0.6153125,0.09723958333333338,0.05648559981407207,0.018745069022134568,0.05171019136399301,0.022191452732707208,0.07512338816960555,0.03707043018086344,0.09081962877217492,0.028267945950577855,130.89130605628924,147.08702718626267,149.32475733632276,153.8930033543879,0.3595358606497997,0.018809139653028162,0.36074774426992207,0.017647892143046406,0.9123294044162131,0.28462553677425684,0.3234640927487095,0.47406008648356246,-0.00400898961928306,0.0182225865334298,-0.02243347839368775,0.09245947024780596,0.9413022726840433,0.23107093673655443,0.9016537695193094,0.023530379004973456,79.0,11.5,0.0008013296726959518,0.00013061521103873938,0.9047618304845471,0.02089394618487439,73.5,13.75,0.000830799774056353,9.719576512714307e-05,0.05409789558903254,0.08297150847089024,0.3601418024598609,Dense-global,Mixed/isotropic,Intermediate,N/A,Mid-frequency,Dense-global + Mixed/isotropic + Mid-frequency + Intermediate,0.06435369348085626,0.05717846462562724,False,0.0,False,not_required
14,0.07965216984116177,0.015034028054524973,0.07669670600669096,0.022087488055170842,0.6191666666666666,0.059374999999999956,0.6123958333333334,0.14369791666666676,0.07261047654562876,0.014564075187889491,0.07187110421701562,0.02002563562381067,0.06019438003099416,0.06138346760659369,0.052864125817571384,0.04360262202303976,82.96253906040127,65.25906210169043,85.49791182794473,79.69970726591451,0.3412755183692527,0.02121589590553502,0.3443014233648143,0.027624292465549094,0.9253182958922561,0.24046388484293024,0.27764868976425555,0.3390617662779164,0.0,0.022380218139802927,0.0,0.09720688386266453,0.9816276853246498,0.15167780006594322,0.9146104048473296,0.015573019169281554,76.5,12.0,0.0010458333333333333,0.00013845901065482756,0.9113721054684633,0.03683977571881325,76.0,9.25,0.0010057256932256933,0.00020228180311249937,0.0722407903813222,0.05652925292428277,0.34278847086703346,Dense-global,Mixed/isotropic,Intermediate,N/A,Mid-frequency,Dense-global + Mixed/isotropic + Mid-frequency + Intermediate,0.08155922612362215,0.07432847383078123,False,0.0,False,not_required
15,0.10769064024848579,0.02328295321174967,0.10584697892073032,0.038612299159798025,0.5376041666666667,0.04385416666666675,0.5263541666666667,0.11697916666666675,0.09841829165403523,0.025603297341792064,0.09582069050766642,0.03734883515096443,0.10927149256941135,0.06475481809382246,0.11188827060706538,0.08409177133923018,110.4227821416502,47.312984583287005,100.75293722879537,41.15500253527017,0.3486308000741851,0.05863412592467482,0.3452230026396603,0.05947033821355002,0.9425368922739993,0.22445246645119,0.2954918300086623,0.4337304207533688,-0.003776531931049862,0.07557921055990088,-0.016611470885871275,0.32711492403547,0.9975039365464227,0.2944497180574459,0.8844878777734335,0.013291337678814186,62.5,15.0,0.0011748633879781422,0.00034600007772746786,0.8785095874470665,0.02659485080693047,61.0,22.75,0.0011228928240024744,0.0003476134183114034,0.09711949108085083,0.11057988158823837,0.3469269013569227,Dense-global,Mixed/isotropic,Stable,N/A,Mid-frequency,Dense-global + Mixed/isotropic + Mid-frequency + Stable,0.11029560577946229,0.09909413884705884,False,0.0,False,not_required
16,0.07247206502874508,0.019053357207313742,0.06480194731541539,0.02275287116220582,0.4003125,0.03250000000000003,0.3720833333333333,0.08161458333333332,0.057810468603811685,0.015069183863385183,0.054824759216972344,0.019838093553385526,0.12181907482034432,0.07860816810340526,0.1458618995109065,0.09679481988455796,145.86033186149703,19.122338965487046,145.86033186149703,26.445468385743737,0.2989543152424037,0.02526216941936621,0.2908034840647424,0.02144622450119482,0.9541861928105932,0.192361945831389,0.29166154380899695,0.4932685750915866,-0.007852434602658234,0.03182443518895602,-0.06972767345652614,0.21582525914809694,0.9687847216140052,0.2876238376471272,0.8424828453301648,0.012340516492947873,39.5,9.75,0.0012294842479674798,0.00024294909661701745,0.8351291474272422,0.030534440226612114,38.5,11.75,0.0011678259683578832,0.00016236084623066894,0.056317613910392014,0.1338404871656254,0.29487889965357306,Moderate-region,Region-blob,Stable,N/A,Low-frequency,Moderate-region + Region-blob + Low-frequency + Stable,0.07247206502874508,0.057810468603811685,False,0.0,False,not_required
17,0.047492006713109575,0.01407860482111832,0.04261010742438684,0.018052106074746617,0.47791666666666666,0.046145833333333275,0.4630208333333333,0.10755208333333327,0.03722403346341683,0.010519279624821368,0.03331967120766091,0.014547638457812505,0.16100819500314797,0.09375527723133957,0.16219284902911774,0.07846501098702874,27.937959802703958,18.379449309540302,27.291535922228462,11.768218551845472,0.2808407262778013,0.04159558780293854,0.27807348740343296,0.036175758227314114,0.9049106691317916,0.30405319346677595,0.401373446505805,0.601780734633327,-0.006008334007683892,0.018109846576158474,-0.04672659325368701,0.17821597848839527,0.937763757150069,0.18558855428439214,0.8622153859188728,0.017887293535484683,42.0,13.5,0.0013750229821658392,0.0003765167124542123,0.8597389419997541,0.034078181947555075,44.5,13.0,0.0012684413890004017,0.00031639634356322977,0.03527185233553887,0.16160052201613284,0.27945710684061714,Moderate-region,Region-blob,Sensitive,N/A,Low-frequency,Moderate-region + Region-blob + Low-frequency + Sensitive,0.047492006713109575,0.03722403346341683,False,0.0,False,not_required
18,0.0840448389692862,0.0410519767970864,0.07812813339100193,0.06000592891744085,0.4604166666666667,0.08151041666666664,0.4280208333333333,0.11895833333333333,0.06375638976672073,0.034114154210024394,0.06111777093066398,0.04682373571064184,0.0618447709520102,0.06579484627654406,0.05465145315550515,0.043762308857536084,69.15199395997368,63.36801247519948,67.65238259841684,68.1313827197477,0.28007044980904966,0.0230072334455928,0.283586593307136,0.02305005016999173,0.959223172767455,0.17433490125927253,0.24565981215175112,0.4107206320009219,-0.004312505926295285,0.03244845474307254,-0.021366327688567714,0.24035265639839026,0.950148331542241,0.34018426567214877,0.8639552962967603,0.028635860390793022,57.5,13.75,0.0011495535714285713,0.00011485123857374324,0.8601540535094014,0.040549594310212767,56.5,16.25,0.0011118871665465034,0.00019885334199850344,0.06243708034869235,0.05824811205375768,0.2818285215580928,Moderate-region,Mixed/isotropic,Stable,N/A,Low-frequency,Moderate-region + Mixed/isotropic + Low-frequency + Stable,0.08510257039619631,0.06495916546910302,False,0.0,False,not_required
19,0.06016965665523086,0.009004385219364155,0.05743562045225685,0.00922755003360469,0.5739583333333333,0.08718749999999997,0.599375,0.10583333333333333,0.04948860472582314,0.00791802652999709,0.0473648013151885,0.012198721325218528,0.13645302379105886,0.06863526410947604,0.14087576008096792,0.07784366803047126,102.85194967933074,24.286984891576978,97.27844440582466,16.59707044868776,0.3111426348456027,0.03286485196032829,0.3005900163373082,0.0494489594692607,0.9117900693088404,0.2745880454470184,0.31091486453364586,0.5201563292835133,0.0007868373872058076,0.028850258233316627,0.004759738041153938,0.18201879682978275,0.9948349496012485,0.11034652318642924,0.8996720405762364,0.02615850751745552,62.0,8.5,0.001065978975641382,0.00016231042335455794,0.9062214215385336,0.03044332957906626,59.0,8.75,0.0010322876756066412,0.00021464171985874185,0.04842670302050582,0.13866439193601338,0.30586632559145543,Dense-global,Mixed/isotropic,Intermediate,N/A,Mid-frequency,Dense-global + Mixed/isotropic + Mid-frequency + Intermediate,0.060251395072868474,0.04948860472582314,False,0.0,False,not_required
20,0.013294444445041511,0.006512882613586573,0.012743132703524854,0.007363836925337172,0.13510416666666666,0.02604166666666667,0.11916666666666667,0.036718749999999994,0.014481022965653748,0.007856603545422709,0.01379061614248697,0.009258251603162525,0.047716587664526106,0.031744554945695065,0.05590806681913346,0.035283120021049275,39.95192757920779,51.863891998862826,45.12320614340076,52.13248288193891,0.48311271339668765,0.025447647078769786,0.48780985608232474,0.033294411512170385,0.8113137177752834,0.36351823935829075,0.7361833685456554,0.6966625550241992,0.0,0.008706417927040203,0.0,0.3442159772752168,0.9999999999139186,0.4405817778990424,0.6920424096474238,0.026653912615575925,9.0,3.75,0.0004811507936507937,7.237554112554114e-05,0.6773704512829224,0.033042933121114615,7.5,4.5,0.000486492673992674,9.571345899470898e-05,0.01413581955407036,0.051812327241829784,0.4854612847395062,Moderate-region,Texture/high-frequency,Sensitive,N/A,High-frequency,Moderate-region + Texture/high-frequency + High-frequency + Sensitive,0.014333789530948545,0.015758769735717208,False,0.0,False,not_required
21,0.11129957182989988,0.031273945063538006,0.10558615378488284,0.03615705343750082,0.3857291666666667,0.016927083333333315,0.3744791666666667,0.061145833333333344,0.10726351645383041,0.03220571637689307,0.10177967787168227,0.03781817628449459,0.048594852275597795,0.03052886247085334,0.04920647494953024,0.025443314597914095,76.98859537117063,78.1121278736118,91.56494178614406,77.99465063370621,0.3490900588800585,0.018550293302170118,0.34781082055054074,0.027983248583796638,0.9427441317715126,0.17025995574721353,0.3297162935762541,0.4477922854192321,-0.001649586631003036,0.02466773993100237,-0.01087572331781416,0.16810469525476227,0.9913041930662092,0.15511727563367217,0.8368207896794189,0.010025396426373678,55.0,10.5,0.0007870640950711085,8.049300740520552e-05,0.8299002358929519,0.018520830690952783,51.5,15.5,0.0007789003759398497,6.184535961277168e-05,0.10452159716275633,0.04890066361256402,0.34845043971529965,Moderate-region,Mixed/isotropic,Intermediate,N/A,Mid-frequency,Moderate-region + Mixed/isotropic + Mid-frequency + Intermediate,0.11255853277929133,0.10726351645383041,False,0.0,False,not_required
22,0.025064903115892725,0.017970317210050747,0.02214258163168137,0.021250349339033726,0.19437500000000002,0.08796874999999998,0.17197916666666668,0.09541666666666668,0.021919199870834245,0.014680864568157214,0.020130182936476098,0.017158091282224768,0.04499868367089224,0.06822142576309273,0.057388360809292494,0.06182783291599942,68.63721542373152,110.20647846252429,34.27802878969841,135.48983901175438,0.3410511417778242,0.02253440062751938,0.3423238128597913,0.029417247969675264,0.9181168464156264,0.325936178663945,0.4215268107137436,0.6790599947830338,-0.0010470410612170716,0.006817642092112994,-0.011595446356779423,0.19655158066115344,0.9746362321254218,0.178511389221787,0.7635537309848566,0.05606306463321675,30.0,11.5,0.0007460768398268398,0.00011454604752458169,0.7499334503155521,0.06936796879972207,29.5,16.25,0.0007068713450292397,0.000164131829994929,0.02102469140365517,0.05119352224009237,0.3416874773188078,Moderate-region,Mixed/isotropic,Sensitive,N/A,Mid-frequency,Moderate-region + Mixed/isotropic + Mid-frequency + Sensitive,0.025064903115892725,0.021919199870834245,False,0.0,False,not_required
23,0.1266929248936068,0.03504447676842981,0.1233364495031876,0.04521944826313547,0.36416666666666664,0.04999999999999999,0.353125,0.04677083333333332,0.11417125121561635,0.040191545373232884,0.11063839116363776,0.04638140280726781,0.0885240214068541,0.04669578360603813,0.0863169368651459,0.056167693999910506,59.161956349420166,15.085890331967391,59.08681134293152,15.041058563216197,0.3318919427123531,0.03828696032732415,0.33136453224691187,0.0379418156978889,0.9489624871363495,0.19766038172485267,0.32479880022446955,0.504197854750822,-0.0032255022075014517,0.016059044784379167,-0.020043571307453642,0.12101596693570152,0.9999999999894085,0.12489506617036594,0.824900339389485,0.0157630071029764,49.5,11.0,0.0008094618055555556,0.00010404288821972384,0.8159780281559827,0.02351520677421992,47.0,12.25,0.000794739851343625,0.00010657535643179014,0.11240482118962705,0.087420479136,0.3316282374796325,Moderate-region,Mixed/isotropic,Intermediate,N/A,Mid-frequency,Moderate-region + Mixed/isotropic + Mid-frequency + Intermediate,0.12700633518450966,0.11491090298141296,False,0.0,False,not_required
24,0.06168231460548988,0.01580941915157902,0.05882501840777901,0.018000163548668374,0.3721875,0.08645833333333336,0.3411458333333333,0.08697916666666666,0.05832197101724964,0.013524659975889072,0.05517189981113806,0.013734006237404325,0.08117866095679856,0.05601475439858107,0.07688381710454853,0.056389872616570524,59.37525023556449,72.38125510588395,60.2013466137427,57.78052456022682,0.32519117443071816,0.02968637172874128,0.3190474653526827,0.02604213825550389,0.9017886434326289,0.3486798192942886,0.38495803598070166,0.6108690623060333,-0.005507435442802189,0.023998655969456505,-0.03454576271878278,0.20311754347555952,0.9818053580063638,0.16216854038991502,0.8431646994333274,0.028353916679565327,63.5,16.0,0.0007781084656084656,8.419651762773173e-05,0.832264355051477,0.03363862113150451,56.0,18.25,0.0008049708911777877,0.00010840709389816532,0.05674693541419385,0.07903123903067355,0.3221193198917004,Moderate-region,Mixed/isotropic,Intermediate,N/A,Mid-frequency,Moderate-region + Mixed/isotropic + Mid-frequency + Intermediate,0.06642703266223937,0.05900422789095722,False,0.0,False,not_required
25,0.10860778899255012,0.0201550034171791,0.10260885974518677,0.028725539623101815,0.6384375,0.10567708333333337,0.6513541666666667,0.12046875000000012,0.11048671343480866,0.027017757357447436,0.10164024183677693,0.03467645017918357,0.0723564305146226,0.04699933983737238,0.07227954143056631,0.06872013352409678,79.97607619103576,59.11409940525949,76.74148588646102,53.125668951854365,0.34816307200261887,0.014575639003782948,0.3440880148858616,0.018115270605625455,0.9341828323811815,0.25082524764372105,0.2665001735921235,0.42732656482697995,-0.005314433643605579,0.0299373663221806,-0.02093909116938593,0.10717262479414735,0.9592867806865417,0.24723062709980081,0.9122925149608889,0.021351384328419543,75.5,12.0,0.0011143046265328874,0.0001981362136859123,0.9149438793044556,0.025185722830466495,70.5,11.75,0.0011710412012906428,0.0003247975303743496,0.1060634776357928,0.07231798597259445,0.34612554344424024,Dense-global,Mixed/isotropic,Stable,N/A,Mid-frequency,Dense-global + Mixed/isotropic + Mid-frequency + Stable,0.10883335519422299,0.11048671343480866,False,0.0,False,not_required
26,0.07067631904306407,0.017876915150679504,0.06367627894649742,0.024807845771140598,0.434375,0.04838541666666668,0.38875000000000004,0.07135416666666666,0.0711289553115557,0.01653262565255372,0.06203530865493053,0.027278840103963323,0.1500290732756983,0.06950731745779537,0.14838918173827675,0.05880703618977445,85.21110895110678,14.201656113901166,84.57545523206778,19.180267314281593,0.37790479301440594,0.0162083820517952,0.367851037216007,0.024250676553758788,0.9254384137285769,0.3022240989632964,0.3417582456240036,0.5521937018076213,-0.013339961754461137,0.03953190370077248,-0.09751398682920896,0.3187085355656896,0.9138791058703057,0.3105986537009259,0.8563253803287698,0.013425422922452634,64.0,11.5,0.000757825456053068,5.754712815077723e-05,0.8407934190044295,0.021489187440661528,52.5,12.75,0.000766426282051282,9.173330527497195e-05,0.06658213198324311,0.14920912750698753,0.37287791511520646,Moderate-region,Texture/high-frequency,Intermediate,N/A,High-frequency,Moderate-region + Texture/high-frequency + High-frequency + Intermediate,0.07067631904306407,0.0711289553115557,False,0.0,False,not_required
27,0.045527881026353786,0.015846708815099857,0.04226958498246548,0.0164300032584588,0.6123958333333333,0.029531249999999898,0.6233333333333333,0.06479166666666669,0.041394878367548835,0.015013766469894094,0.03699488837399322,0.015101770364726319,0.25306275130525346,0.07795723673937416,0.24476468579644253,0.07787544075858815,117.2821899426319,5.216330850864097,116.01889924856374,7.225602804064266,0.3132175912167704,0.01677577967901306,0.3160266084228548,0.020103277097654193,0.8878917236972506,0.25400323293658,0.39190880270402745,0.46519536248414217,-0.0002389113461223752,0.012492549417875885,-0.0015336443232994367,0.10461908828198503,0.9573733894643446,0.20948168333800243,0.8884522781424928,0.005623089189993213,60.0,11.5,0.001339045698924731,0.0003303285312025088,0.8909404445070648,0.01344258272497656,60.5,10.0,0.0013289299637983848,0.0003437215626155719,0.039194883370771025,0.24891371855084798,0.3146220998198126,Dense-global,Region-blob,Sensitive,N/A,Mid-frequency,Dense-global + Region-blob + Mid-frequency + Sensitive,0.04574621466298461,0.041394878367548835,False,0.0,False,not_required
28,0.06966777196102289,0.014832786116972224,0.05980008874878329,0.024888345963969244,0.5657291666666666,0.09552083333333339,0.5113541666666667,0.10869791666666662,0.06957623531139367,0.019685493767681764,0.05895958813153443,0.024148014379676334,0.05858469950499659,0.03056860524507439,0.06827586557828469,0.03983978902118856,66.64667626038387,72.05813011754412,55.21525134966058,36.238093698941924,0.3611579053982108,0.033948291165278865,0.3505407933036908,0.03634419510149167,0.8648442033664155,0.48209752295822517,0.4044625173698709,0.6822818669189318,-0.025924150875681562,0.04944731848191773,-0.12376241504926726,0.2754284244310488,0.8719287220925418,0.26623960964228033,0.8941705665458717,0.023851015311224466,82.5,12.75,0.0009207317073170733,0.0001436471287655091,0.8786560647067301,0.03034880011340535,70.5,21.5,0.0008981782106782107,0.0001771159874608152,0.06426791172146405,0.06343028254164064,0.3558493493509508,Dense-global,Mixed/isotropic,Sensitive,N/A,Mid-frequency,Dense-global + Mixed/isotropic + Mid-frequency + Sensitive,0.06966777196102289,0.06957623531139367,False,0.0,False,not_required
29,0.0679086166673004,0.01759349138391434,0.05817841939522368,0.027811531173061788,0.5843750000000001,0.036666666666666625,0.5892708333333333,0.23833333333333329,0.05862733002479326,0.02051860625141924,0.051185190536216216,0.02339630310386283,0.12669004518176155,0.06778056214762335,0.11363929765441219,0.0853695756390028,65.9411923821443,24.515271588657036,67.08975989136329,21.311860415497584,0.32693320329488373,0.03210121941699884,0.32914645389832287,0.035958335798310814,0.9402914931468049,0.5413155950479432,0.28086192349959793,0.6364294058040834,0.0,0.05270820586690059,0.0,0.22445588901774,0.9010597140418699,0.17519466337511713,0.906595109877478,0.00971166033228632,76.0,7.0,0.0009717881944444444,8.03416676898053e-05,0.9085168713481574,0.04610842612036625,74.0,21.75,0.0009976322476322476,0.00017857479731392596,0.05490626028050474,0.12016467141808687,0.3280398285966033,Dense-global,Mixed/isotropic,Stable,N/A,Mid-frequency,Dense-global + Mixed/isotropic + Mid-frequency + Stable,0.0679086166673004,0.05862733002479326,False,0.0,False,not_required
30,0.07694437108071683,0.024364490109117343,0.0685732397130312,0.028228084664662464,0.4546875,0.1066145833333334,0.4676041666666667,0.11317708333333332,0.05558148038280063,0.013933402491146198,0.04876634685238947,0.02018303158786157,0.21546000469269155,0.06716187759384351,0.2197843416903816,0.06684107559201646,109.6976282057797,5.566086502982586,109.4803653982576,8.148528521260843,0.2643643740950039,0.029510972091423116,0.2591166542080078,0.04069279154055433,0.9387918801817087,0.2539911667379817,0.2877963269298168,0.5029613759642888,-0.01135129941279956,0.026079180075826512,-0.0752904897056775,0.17473371648314506,0.9698907399502011,0.2306704188458003,0.8586843572562913,0.03970038261627229,39.0,8.5,0.0016303459119496855,0.0006140867340452584,0.8501805809338259,0.021614446689315447,39.0,5.5,0.0016088165306915305,0.0008684678474430315,0.05217391361759505,0.2176221731915366,0.26174051415150584,Moderate-region,Region-blob,Stable,N/A,Low-frequency,Moderate-region + Region-blob + Low-frequency + Stable,0.07694437108071683,0.05558148038280063,False,0.0,False,not_required
31,0.1056735777373567,0.03071382682180128,0.09348939130428896,0.0349918086879209,0.6148958333333334,0.08015625000000004,0.6377083333333333,0.09848958333333324,0.09604787689296657,0.029752705493158726,0.08530601655046582,0.028154228837149797,0.11685936826242113,0.04092722304188923,0.12018407096331098,0.04025783566264002,76.55013329555317,24.639260696095533,74.39610667019562,22.743285326117075,0.3140071928426347,0.017616411683329725,0.3181762411337663,0.02041143722186478,0.9337323846254432,0.2161682924137618,0.28067327739728676,0.4228269135408041,0.0,0.005951272728830191,0.0,0.026272727144576624,0.9670803859586388,0.21633269591327997,0.9008380896525192,0.018879968360894894,63.5,9.75,0.001117372495446266,0.0002084457211893177,0.9074538749109046,0.0273938331909771,63.5,10.0,0.0011403139637002342,0.00017613260582010574,0.0906769467217162,0.11852171961286606,0.3160917169882005,Dense-global,Mixed/isotropic,Stable,N/A,Mid-frequency,Dense-global + Mixed/isotropic + Mid-frequency + Stable,0.1056735777373567,0.09604787689296657,False,0.0,False,not_required
32,0.05881375026736711,0.013433819696323047,0.055911527627857394,0.027884481299914103,0.4397916666666667,0.04588541666666662,0.438125,0.23932291666666666,0.058574738265672735,0.01657148312257265,0.054855191942999204,0.033822823991926904,0.09646814863004086,0.07573596668986697,0.08328004050958018,0.08927388694749014,96.83752746212397,35.58791523909039,93.43994871086129,31.413609417928114,0.3694015513024765,0.02971255611314716,0.36596540270267064,0.028974161416343125,0.8180093511922788,0.39482518444249526,0.5824367404655939,0.6495889110841011,0.0,0.07022849733424497,0.0,0.5784707079267011,0.9989998445718711,0.40724502311464117,0.8631686302557049,0.013120364093417325,64.0,10.5,0.0007561634629547798,0.00011472642194888393,0.8612676926014873,0.08512477963555432,63.5,32.5,0.0007490447927993234,9.99684424399604e-05,0.05671496510433597,0.08987409456981052,0.36768347700257353,Moderate-region,Texture/high-frequency,Sensitive,N/A,High-frequency,Moderate-region + Texture/high-frequency + High-frequency + Sensitive,0.05956329031477284,0.05988073818199929,False,0.0,False,not_required
33,0.058776233436570596,0.03486642772605838,0.04964134750177712,0.03720641566075028,0.37520833333333337,0.07880208333333338,0.33645833333333336,0.12119791666666668,0.05373827925081251,0.027810528995286445,0.04297258713214999,0.029106517377944473,0.084854805997594,0.055492820970043294,0.09530664897372379,0.06449473594786685,88.79738511280593,31.906309973710677,85.2379554161954,26.179690004927252,0.3218516928077304,0.04262267857542201,0.32800735441193496,0.03709043470896978,0.9416148987954038,0.29713535464574314,0.31364720219044934,0.6103897424946203,-0.0023474378217304137,0.029361060590952528,-0.024513403809153338,0.27589501127150134,0.9932278162936157,0.24951009479091202,0.8370850932146099,0.030047574830790014,51.5,14.25,0.0009256213450292397,0.00020410206407293278,0.8230952824983588,0.042479567787376826,43.5,15.5,0.0008534221970126678,0.00021392986542443065,0.04835543319148125,0.0900807274856589,0.3249295236098327,Moderate-region,Mixed/isotropic,Stable,N/A,Mid-frequency,Moderate-region + Mixed/isotropic + Mid-frequency + Stable,0.058776233436570596,0.05373827925081251,False,0.0,False,not_required
34,0.01762098592722257,0.009403162543874398,0.017313753712268398,0.009514163398724936,0.1440625,0.02635416666666665,0.14427083333333335,0.03578125,0.01689113854596159,0.008979029768153853,0.01691866395115533,0.00877605919020749,0.06679110909317217,0.07265179569891106,0.059409105999312734,0.07389528750965721,150.3659759767495,139.60485236778212,153.1424635852985,87.51977956132313,0.39237261907297327,0.01958578338903655,0.3966887801763318,0.025129046608721617,0.8898317946279823,0.40535431749327655,0.5254222299352669,0.8829220490389242,0.0,0.0021194590762965565,0.0,0.060709888856615005,0.9999999999596336,0.04440659795617763,0.714735751124142,0.022400260082452328,21.0,8.75,0.000602114898989899,9.205522486772477e-05,0.7153407493822357,0.027196053195639114,21.5,8.75,0.0005848765432098765,0.00010345156369183839,0.01690490124855846,0.06310010754624246,0.39453069962465254,Moderate-region,Texture/high-frequency,Sensitive,N/A,High-frequency,Moderate-region + Texture/high-frequency + High-frequency + Sensitive,0.017882047371929853,0.01696038436866004,False,0.0,False,not_required
35,0.04387870703106163,0.018407847491245723,0.040753024685491385,0.020134363827942932,0.19979166666666667,0.028020833333333328,0.19770833333333332,0.03140625,0.044652495314533525,0.018417804719060946,0.04010291939902133,0.02084500870914037,0.09441960947234877,0.07075861433986574,0.09780655823397225,0.04778309227335248,53.61113445645913,98.57883893171855,62.82445380621737,80.7076487323124,0.43650014025393025,0.02500710848627824,0.43558154495374685,0.026241993931685192,0.8739611090213147,0.3187934143286306,0.5316516710108926,0.7165829196407126,0.0,0.010968359185458599,0.0,0.15855223746235103,0.9999999999766902,0.15609353695442274,0.7619426821982817,0.01842206082951736,27.0,7.5,0.0006005015432098766,8.498030974085538e-05,0.7573450830479274,0.02777494518751511,27.0,9.25,0.0005995163690476191,0.00012626262626262632,0.04237770735677743,0.0961130838531605,0.4360408426038386,Moderate-region,Texture/high-frequency,Sensitive,N/A,High-frequency,Moderate-region + Texture/high-frequency + High-frequency + Sensitive,0.04480465663897486,0.045062641249972016,False,0.0,False,not_required
36,0.10930328670595205,0.025450828365889522,0.09947930132579716,0.031847141408630514,0.7371875,0.10302083333333334,0.7514583333333333,0.11333333333333329,0.08070456483644078,0.026001924777799695,0.07370853430345832,0.031085447514656542,0.16750927634059737,0.05158997408826818,0.15261825876373594,0.050721980119257465,157.98488366909078,142.51063623092958,160.97375021827378,149.62060459442026,0.2644972098896806,0.01867018874962345,0.2677590897784582,0.015250982868810825,0.9387192690417355,0.18039927053352678,0.2031682751016215,0.28973858499809046,0.0,0.008790614139569108,0.0,0.02517768259308798,0.9888419449915582,0.10917270595163531,0.941035950236824,0.01850221324727419,72.5,15.5,0.0015180347307221541,0.00047166633578188074,0.9457483920098619,0.021239697247319667,68.0,15.5,0.0016459208683473388,0.000397946129335735,0.07720654956994955,0.16006376755216667,0.2661281498340694,Dense-global,Region-blob,Stable,N/A,Low-frequency,Dense-global + Region-blob + Low-frequency + Stable,0.10969035553605155,0.08070456483644078,False,0.0,False,not_required
37,0.043500727827283654,0.016619062938056324,0.04080745343685903,0.009598284598581704,0.40739583333333335,0.0829166666666667,0.4402083333333333,0.08979166666666671,0.038398529230718445,0.015668734917379114,0.035980793366422736,0.009698002875170773,0.09165247806159385,0.04516830175943731,0.09148164941553857,0.04543028154007939,95.88228407574027,42.30251489376025,90.5348567766276,39.60237479897822,0.33199717083791214,0.017078412373824625,0.33055432329707257,0.017659811715833196,0.8882621371338768,0.4130053790812287,0.449865590081725,0.6099382527858827,0.0,0.022088009795826855,0.0,0.1886593390265587,0.9758687057137615,0.2316398463070648,0.8529773776935119,0.021607531899310972,55.5,6.75,0.0008977485670194005,0.00012015716374269016,0.8673435130679177,0.0324053758966214,53.0,7.5,0.0009069914951400801,0.0001447035754100971,0.03718966129857059,0.09156706373856621,0.33127574706749235,Moderate-region,Mixed/isotropic,Sensitive,N/A,Mid-frequency,Moderate-region + Mixed/isotropic + Mid-frequency + Sensitive,0.04381142710400985,0.039649187936011535,False,0.0,False,not_required
38,0.04769630931591875,0.01631744036671292,0.04523267018137239,0.019498500675847144,0.7645833333333334,0.08343749999999994,0.7894791666666667,0.08703125,0.03881862154888355,0.009228263587301673,0.03791992883494215,0.015835202134938203,0.0556628660278574,0.04328893661527135,0.04893765265409741,0.05660629488203577,149.57936590113786,142.6483216928642,105.46608198202205,137.90324156448168,0.358168660311359,0.025106790236384624,0.3490668569932006,0.03486563529476849,0.9205220451089576,0.2530253800413649,0.28468569490883866,0.41615406875670047,-0.013375263999414813,0.027419461764948486,-0.07377724615618779,0.15975055174795727,0.8861215749565929,0.22795531238139677,0.9298690495356556,0.019651217121033016,91.0,12.0,0.0008596664846664847,0.00014560549397063798,0.9293474320761829,0.018499820019895585,87.5,16.75,0.0009226128472222222,0.000285911887079927,0.03836927519191285,0.05230025934097741,0.35361775865227985,Dense-global,Mixed/isotropic,Intermediate,N/A,Mid-frequency,Dense-global + Mixed/isotropic + Mid-frequency + Intermediate,0.04769630931591875,0.03881862154888355,False,0.0,False,not_required
39,0.07268843974303058,0.02144604442165822,0.06834795443843975,0.028025394788402748,0.8152083333333333,0.10843750000000008,0.8494791666666666,0.11848958333333337,0.03782713044169716,0.014523371253724163,0.035199884154997904,0.009817366725956893,0.1248960926672624,0.09631019110848249,0.11275572909558781,0.08581507154400213,110.67467858756734,23.477775972175365,102.56557712561751,27.06358999871462,0.19401663573438777,0.02508707770006821,0.20423909244426802,0.030717024360004563,0.9517688957982042,0.1735325272448759,0.15980638452265078,0.22996634309081618,-0.0008416033010562873,0.007155256992084594,-0.002296733761808309,0.025040391777768442,0.97594301176925,0.19388779694830627,0.9509015750235306,0.02394443173438232,40.5,8.5,0.003010149572649573,0.0008118278461968029,0.9571908437126775,0.026808730837635353,40.0,8.25,0.0031110347985347985,0.0006892842294900221,0.03651350729834753,0.1188259108814251,0.1991278640893279,Dense-global,Region-blob,Stable,N/A,Low-frequency,Dense-global + Region-blob + Low-frequency + Stable,0.07285036761401054,0.03782713044169716,False,0.0,False,not_required
40,0.08244344889412666,0.020892282528418835,0.0742972132908406,0.02670161548460115,0.6621874999999999,0.042760416666666634,0.6946874999999999,0.09171875000000007,0.057756167141712014,0.02114475729792046,0.05512603098659682,0.023400871341171456,0.09449973011781942,0.0717241970488812,0.09181333228736185,0.06104333800673148,97.96027248600593,44.358595274816366,92.22739177348865,38.42862830752313,0.24909587011661916,0.030010735971754132,0.2643155168980684,0.024791569678771053,0.9280559541905717,0.26980828830932324,0.23435513974175762,0.4387832488835406,0.004322779788539205,0.02910193640027957,0.016027000576494796,0.10886169200272022,0.9841620191322675,0.0835162650343877,0.9231364446639083,0.010021950735241814,60.0,15.75,0.0016448466909532483,0.00028988834008780804,0.932583025865606,0.02573802580580342,61.5,14.25,0.0015797921836228287,0.00033639363905025514,0.05644109906415441,0.09315653120259064,0.2567056935073438,Dense-global,Region-blob,Intermediate,N/A,Low-frequency,Dense-global + Region-blob + Low-frequency + Intermediate,0.08244344889412666,0.05820081059825066,False,0.0,False,not_required
41,0.0748299824634931,0.012104540186753193,0.06851933417518294,0.015840273740701093,0.5862499999999999,0.11791666666666667,0.6051041666666667,0.15416666666666667,0.05646822160692117,0.012370888902953903,0.054376185273617,0.016778655758995495,0.0987214765850346,0.10505924085709097,0.11185877166077848,0.11359117925557652,105.45749113335171,49.29591548894551,109.53853253439635,44.126714283250934,0.2597501451978576,0.026230079926987476,0.26073400855351964,0.03204455789433819,0.9249776174045405,0.3554203257922819,0.23843252563331557,0.5085096225943779,-0.007378667591498619,0.01643216371233091,-0.029456936182808147,0.06936186023646046,0.9647649476415665,0.15676417226023198,0.912882834818364,0.028833220242796664,72.5,13.5,0.0011763109057885178,0.0001431527660686509,0.9169739488891362,0.028390547819042267,63.0,15.75,0.0012698412698412698,0.0005187917239410462,0.05542220344026909,0.10529012412290654,0.2602420768756886,Dense-global,Mixed/isotropic,Intermediate,N/A,Low-frequency,Dense-global + Mixed/isotropic + Low-frequency + Intermediate,0.0748299824634931,0.056511096785931046,False,0.0,False,not_required
42,0.08024541246404054,0.020477809375218453,0.07548646775807774,0.0252841767489225,0.5965625,0.04661458333333335,0.5707291666666667,0.1339583333333333,0.07415645056632125,0.01836858614889625,0.07061435765944839,0.02671281703190765,0.09442708335365001,0.08253177067771467,0.10189574326881888,0.06954142566923671,124.63482826090676,14.0908941257114,120.6143855365732,23.904998828592866,0.3740718805298029,0.028878400239583824,0.3711778740841877,0.03366997461765531,0.8923685721617057,0.2571601532993152,0.3956093129805214,0.5064023608169976,-0.005704146120278905,0.02442181101041476,-0.0298618512200172,0.12278701281347254,0.9999999999865288,0.119639626370174,0.8935023815221041,0.010726077074072915,75.5,10.5,0.0008688225538971807,8.694584892699278e-05,0.8861619623533485,0.0323290817310653,73.5,10.75,0.0008398396216444725,0.00010842694440957345,0.07238540411288483,0.09816141331123444,0.3726248773069953,Dense-global,Texture/high-frequency,Sensitive,N/A,High-frequency,Dense-global + Texture/high-frequency + High-frequency + Sensitive,0.08024541246404054,0.07563414434052743,False,0.0,False,not_required
43,0.04213500697754001,0.005248999783320052,0.03829971018979671,0.008783134467778883,0.8836458333333332,0.04484374999999996,0.8729166666666667,0.038697916666666665,0.03281745416712741,0.007512527240009392,0.02925947284745682,0.009938815377085665,0.07377713080497438,0.04006838957797801,0.07893065680684572,0.03866213408226389,108.28854301175559,23.303777951335377,103.86959843060531,34.52870256885265,0.28957450876957314,0.028372010561622252,0.2911358963997812,0.028962403524748492,0.8533364526615006,0.35498303752641625,0.34109059642814843,0.3668892395493245,-0.01975213148924619,0.02585199926165553,-0.08742587435604576,0.11660430442119817,0.9216262587648366,0.17801683240530763,0.9502104388190373,0.004875187205651832,74.0,8.5,0.0017599737591175947,0.0002799626193236821,0.9500906722362258,0.005300833642333247,69.5,16.25,0.0018088218447237497,0.00044225160759161727,0.031038463507292117,0.07635389380591004,0.2903552025846772,Dense-global,Region-blob,Sensitive,N/A,Low-frequency,Dense-global + Region-blob + Low-frequency + Sensitive,0.04258948894125367,0.032965179987825055,False,0.0,False,not_required
44,0.01570864076542773,0.0063207293589038465,0.01952059811323742,0.007718621575677771,0.2845833333333333,0.04692708333333334,0.27989583333333334,0.057083333333333375,0.016363928781450994,0.005321911684391877,0.019178089215186458,0.0063086542101235404,0.06555149993867304,0.08311335005349246,0.0789654618639572,0.07302500802891473,148.55526433512938,43.96526852070154,140.26164877868834,82.5469921075834,0.40905765595842847,0.02515010565783149,0.4024035361535856,0.030538512105590887,0.8334167749082395,0.49712286411626677,0.6433445679845131,0.9206444632367587,0.0001622110371052518,0.004650388911689639,0.0037809820273787165,0.07961032780151779,1.007946859362292,0.3375927724650233,0.807792546267077,0.01912396277066386,40.5,10.75,0.000660135582010582,8.762294230914443e-05,0.8069040292235745,0.027832452339483837,38.0,8.75,0.0006650103767560664,8.325286698614794e-05,0.017771008998318724,0.07225848090131512,0.40573059605600703,Moderate-region,Texture/high-frequency,Sensitive,N/A,High-frequency,Moderate-region + Texture/high-frequency + High-frequency + Sensitive,0.01984464092583053,0.019538426278394968,False,0.0,False,not_required
45,0.06006552901945893,0.025779675366966,0.05284098663287787,0.018724170908999672,0.5109375,0.027083333333333348,0.49645833333333333,0.10354166666666664,0.039942608643292216,0.010422224387613435,0.037234276612740466,0.009855133924824871,0.20870069378626938,0.12576306162194736,0.20506809109676474,0.11797765873431165,91.48518163926212,16.62307978881219,93.02701420055062,15.345538557638193,0.22621110404071365,0.03290665064585907,0.22878618368693482,0.03410498461441053,0.946346998352849,0.21983513863830106,0.26027129968915874,0.4570330212268749,0.0,0.0572648883489141,0.0,0.33191216513999855,0.9756982083424677,0.302612457729762,0.8807968272963149,0.00920979105650599,45.0,15.25,0.001635490394337715,0.0006944444444444441,0.8789396401015617,0.03212521439444571,40.5,17.5,0.0016933001893939393,0.0006019093068846363,0.03858844262801634,0.20688439244151707,0.22749864386382423,Dense-global,Region-blob,Stable,N/A,Low-frequency,Dense-global + Region-blob + Low-frequency + Stable,0.06006552901945893,0.04032983763510942,False,0.0,False,not_required
46,0.054256816714108244,0.011320322473643382,0.04861382228821187,0.028413180182739355,0.5869791666666666,0.04109375000000004,0.5851041666666666,0.06104166666666666,0.0474965127340737,0.01432949157843736,0.04167133515046556,0.02242722456995389,0.19184818543684634,0.0659420663660995,0.15610265736487028,0.07847586767503612,102.12428512103666,18.212312919776295,100.75472289391196,17.86357569774718,0.32547812649908614,0.01962734637774388,0.3260758756233294,0.028566446980890725,0.8968577108555096,0.32392036942623537,0.38516887283093193,0.5097303418002624,-0.005218492477632702,0.04247486709799682,-0.0408047531340476,0.30915151434241356,0.9646722051461964,0.3700540135470435,0.8856627014233652,0.00740866855194422,58.5,9.25,0.001215846994535519,0.00016657604548229554,0.8838275350596076,0.01054420141528667,56.0,10.75,0.0012505059704513255,0.000380362878750283,0.044583923942269635,0.1739754214008583,0.32577700106120777,Dense-global,Region-blob,Intermediate,N/A,Mid-frequency,Dense-global + Region-blob + Mid-frequency + Intermediate,0.054256816714108244,0.04797366259524831,False,0.0,False,not_required
47,0.06906036999482514,0.012789460875370778,0.059478741427593115,0.028336173951097714,0.5253125000000001,0.017291666666666594,0.5039583333333333,0.19322916666666667,0.04383863166031736,0.009407220054791304,0.03940577612068279,0.01730937317847182,0.2239204910233472,0.08060245659685522,0.22073810022400187,0.1168380736385845,154.22622797318311,19.925754674674664,153.83262745126055,17.42130022315959,0.22634291832220677,0.028997572663274407,0.23618666335098376,0.025265342459165563,0.9358654375469876,0.18148201807573905,0.30674325616093334,0.46017078095113834,-4.9904893440963494e-05,0.06852652783366306,-0.0003308177837817571,0.4483179832741663,0.909768849984855,0.43273959564097886,0.8755474900808008,0.009350533700248853,36.5,11.0,0.002051560489060489,0.0006617177522349933,0.8685777876380938,0.04925622151589204,35.0,17.5,0.0020402167277167277,0.0004577770489273033,0.04162220389050007,0.22232929562367454,0.23126479083659526,Dense-global,Region-blob,Stable,N/A,Low-frequency,Dense-global + Region-blob + Low-frequency + Stable,0.06906036999482514,0.044407278947454956,False,0.0,False,not_required
48,0.09618917121731516,0.02336209265150327,0.09095871330793158,0.025080818179173126,0.5865625,0.11510416666666656,0.5995833333333334,0.13203124999999993,0.05782605479567353,0.010587073436228604,0.052252650049605096,0.01742683584800534,0.13399810716832738,0.07184103310964637,0.1487744515587244,0.0834058905738004,56.1678124025518,18.6232813750536,54.31160528964392,16.58380842259453,0.22564243781071935,0.02425029520337743,0.2217094386898049,0.026409250181646887,0.9374238625306227,0.216994979612386,0.2552086228367907,0.38003794999048357,0.0,0.007886754361763122,0.0,0.02866618201159357,0.9233670966654454,0.16024936138958745,0.9110074248896576,0.02383195597688159,46.5,12.75,0.001613356881214024,0.00045678432191590085,0.9158098411252364,0.026863857266110736,41.0,10.5,0.001840544871794872,0.0005063066893424035,0.05503935242263931,0.14138627936352588,0.2236759382502621,Dense-global,Region-blob,Stable,N/A,Low-frequency,Dense-global + Region-blob + Low-frequency + Stable,0.09618917121731516,0.05782605479567353,False,0.0,False,not_required
49,0.05923811174850009,0.030335577390220032,0.050882054847056456,0.03378287674681055,0.3207291666666666,0.0538541666666667,0.3047916666666667,0.09697916666666667,0.04416166428278859,0.02496672471838171,0.04100468439411985,0.027481743244643277,0.3236701344531392,0.04603974828918772,0.30234323799058227,0.09259438210766663,173.26422992413626,8.916036727598026,172.84220084821976,12.47428209960799,0.28558827696875166,0.026798394205600373,0.2942769939399337,0.023157216406589076,0.9519927245793621,0.15437231747684954,0.3069629981825934,0.4571954950284851,-0.005379296113451344,0.01458517933550979,-0.044291545139139146,0.16023182977614367,0.9694869032552718,0.15945965983286592,0.8113357864948014,0.03179267689673826,28.5,14.5,0.0013237953862953863,0.00028374339830428185,0.8036179033551958,0.040632661943524995,27.0,16.5,0.0013222160630697215,0.0003072803195352217,0.04258317433845422,0.31300668622186073,0.28993263545434267,Moderate-region,Region-blob,Stable,N/A,Low-frequency,Moderate-region + Region-blob + Low-frequency + Stable,0.05923811174850009,0.044990892606366184,False,0.0,False,not_required
50,0.03759778541437888,0.016385028799955088,0.03099609324416756,0.021273312889051394,0.32729166666666665,0.03885416666666669,0.29218750000000004,0.09375,0.037987168508033436,0.014471575971803097,0.03152726513887971,0.020038493864808982,0.06800413676982259,0.037286261997469664,0.07383229516077963,0.04269193366652348,78.07906593099781,47.40524276264933,74.68163070588766,58.0086739135584,0.3991186203916829,0.01388290621981142,0.3982855138825301,0.023789571122526443,0.8862540749763187,0.19765425737094322,0.47873135040460185,0.49054611974951506,-0.010369077087677096,0.021546048141303044,-0.1323298144454812,0.258670337629481,0.9999999999683271,0.21792497068150618,0.808341713873109,0.018856472979626226,41.0,8.0,0.0007830050624901123,0.0001849413751987282,0.7887409641196051,0.04431100239763508,37.0,12.75,0.0007948546133853152,0.00016459850582468548,0.034757216823456574,0.07091821596530111,0.3987020671371065,Moderate-region,Texture/high-frequency,Sensitive,N/A,High-frequency,Moderate-region + Texture/high-frequency + High-frequency + Sensitive,0.03941337796563277,0.03966764082826657,False,0.0,False,not_required
51,0.1063717490698155,0.03932556288324768,0.10038517456334248,0.05649264204575023,0.23260416666666667,0.026197916666666654,0.21375,0.056510416666666674,0.10151945269598597,0.04220363484388852,0.09527464779670408,0.05527025754259257,0.10627727718411448,0.04669006154613842,0.10379070677091415,0.05050003404823178,52.734065620456136,17.31129808866954,53.27704071181135,17.855092720820466,0.34366791808768327,0.029383849456224187,0.34704612216839426,0.022525970301601028,0.9528571899296554,0.18707216037678598,0.3459319231653003,0.46707135450187,-0.003691224739892883,0.021555551592029282,-0.028881741991343482,0.2073840057126927,0.9869981058371051,0.21425515884086688,0.7666727405766803,0.017269228352666866,29.0,5.75,0.0007358070916538658,0.00011406885551155336,0.756883219505067,0.03189414745712138,28.5,10.5,0.0007234299516908212,0.0001208560681216932,0.09839705024634503,0.10503399197751431,0.34535702012803876,Moderate-region,Mixed/isotropic,Intermediate,N/A,Mid-frequency,Moderate-region + Mixed/isotropic + Mid-frequency + Intermediate,0.10661888212580319,0.10169159867156205,False,0.0,False,not_required
52,0.09588605819123427,0.03513401379364495,0.08979252714109134,0.04624354279795043,0.4353125,0.0365625,0.4146875,0.06052083333333336,0.0971470777150221,0.04219876018127053,0.08804134676511208,0.04873065816993516,0.2546556029311721,0.07589793207414969,0.2403056462599682,0.042294985036833654,126.23852174666222,5.748864774287341,124.4988909117946,4.511121809894902,0.3423298790331939,0.018517522521624086,0.33546793192683116,0.024901225939946203,0.9290846585243024,0.2598094059232905,0.32391841237568364,0.5323697790288474,-0.009382406821969183,0.02400377359297637,-0.05191121345898772,0.15587372702799196,0.9616850552569418,0.1683724263274251,0.8551482651326443,0.010394905108222718,63.0,7.0,0.0008297508818342152,6.977068267196283e-05,0.8505986125966827,0.01883501173227442,60.0,10.75,0.0007752403846153846,6.508985805860805e-05,0.09259421224006709,0.24748062459557016,0.33889890548001256,Moderate-region,Mixed/isotropic,Intermediate,N/A,Mid-frequency,Moderate-region + Mixed/isotropic + Mid-frequency + Intermediate,0.09588605819123427,0.0971470777150221,False,0.0,False,not_required
53,0.02029082395537367,0.004944410755388526,0.01649702037976544,0.010368522385890302,0.28520833333333334,0.03942708333333339,0.31708333333333333,0.1692708333333334,0.020852499141478496,0.005503839931167362,0.01733285206456727,0.010598264174592135,0.07652771969301904,0.029652933802807327,0.08750506148067186,0.07031030844016281,51.22790541403374,31.987871398397388,41.956255652017084,26.014379512444425,0.3792067381457279,0.033342016469197655,0.38272604810397315,0.03185598222304453,0.8251694705643775,0.45909045125211834,0.6018942347626235,0.8109110182080714,0.0,0.03127071620538874,0.0,0.4744258391058471,0.8109257648019415,0.3649526821447965,0.8095649831644665,0.020474864378044688,46.0,7.75,0.0006744734931009441,9.387697543347185e-05,0.8215798462053938,0.06988833078290502,43.0,17.5,0.0006558779761904761,0.00014366987179487188,0.019092675603022885,0.08201639058684546,0.38096639312485053,Moderate-region,Texture/high-frequency,Sensitive,N/A,High-frequency,Moderate-region + Texture/high-frequency + High-frequency + Sensitive,0.020869280153292598,0.021389318863036494,False,0.0,False,not_required
54,0.0766953624922008,0.023507143066038738,0.06905007313624287,0.0221841824536763,0.8120833333333333,0.09499999999999986,0.8161458333333333,0.10083333333333322,0.0497131250272967,0.019715808746517446,0.04363301227683776,0.021846269012032224,0.10437076301360107,0.08416686213372399,0.10588148432913905,0.06119681770646944,131.97570972929594,60.89392338907817,129.14142774015698,71.03148858489723,0.23121132303327124,0.03172536809563925,0.23034785371551,0.026523022970065757,0.9390513348161378,0.21007285335849313,0.20809204929867334,0.3355830587827996,-0.019929889912178478,0.03769008328175006,-0.08101828094282094,0.11882747987267511,0.9458864362445487,0.2194681746043292,0.9497690646082433,0.014516295403902313,43.5,8.25,0.002420343137254902,0.0005046185007122508,0.9497665858140101,0.016786032991941813,44.0,13.0,0.0025241545893719807,0.0005123861260454008,0.04667306865206723,0.10512612367137006,0.2307795883743906,Dense-global,Region-blob,Stable,N/A,Low-frequency,Dense-global + Region-blob + Low-frequency + Stable,0.0766953624922008,0.0497131250272967,False,0.0,False,not_required
55,0.037786939025926516,0.008676479358581617,0.03409732576907262,0.020447605922173793,0.38354166666666667,0.06479166666666664,0.37,0.19281249999999994,0.039512202541740586,0.011265228659848442,0.0350394154183747,0.021205666227599923,0.09029853361674017,0.062219826612678775,0.08751966225549565,0.07081633222468066,105.22045482376312,35.878306874964395,106.0791532894526,32.5397203846113,0.40446504826875906,0.022848250393208314,0.4041024565162314,0.026179990933993924,0.8700144571337631,0.35965542640535464,0.47528598006188183,0.48200457815762315,-0.0032384555382517083,0.05481887197913853,-0.029154961950235845,0.5175195182679742,0.9269641298863043,0.5293549038898538,0.8456595902935783,0.0222048733844441,60.5,10.75,0.000738766339869281,0.00013220570821206412,0.8432491601660121,0.07830284077377903,57.0,36.75,0.0006765046296296297,0.00012100681773950274,0.03727580898005764,0.08890909793611791,0.40428375239249525,Moderate-region,Texture/high-frequency,Sensitive,N/A,High-frequency,Moderate-region + Texture/high-frequency + High-frequency + Sensitive,0.038274878653423536,0.0399417927555603,False,0.0,False,not_required
56,0.04081024341446279,0.012810061975070508,0.035682554706101696,0.014646079095621652,0.36041666666666666,0.052291666666666625,0.32354166666666667,0.08364583333333331,0.04006840183143248,0.013966782218808066,0.035038287582879885,0.01515347313567143,0.1651344704639256,0.04166197618070741,0.17713289778113964,0.04637380065530275,53.895112161549136,9.387233993010732,55.90396810718964,11.427976457161712,0.37394369577830916,0.025709781386489772,0.3621855285683974,0.030620511908933112,0.8992302293543977,0.35755734710724274,0.39303929400401394,0.643535113043942,-0.012558619740459562,0.02354781557224972,-0.11405954360833316,0.24072780997611187,0.8650608115689911,0.24036418742513543,0.8349318187036417,0.013695999478539722,55.5,9.5,0.0006782852564102564,9.513780041797281e-05,0.8195583464099273,0.032126216432386334,47.0,18.25,0.000666260342789598,8.275162337662337e-05,0.03755334470715618,0.1711336841225326,0.3680646121733533,Moderate-region,Texture/high-frequency,Intermediate,N/A,High-frequency,Moderate-region + Texture/high-frequency + High-frequency + Intermediate,0.04081024341446279,0.04006840183143248,False,0.0,False,not_required
57,0.023888106553535605,0.015621703306218477,0.023906231924182376,0.013460924511090325,0.34375,0.06765625000000003,0.4352083333333333,0.3309895833333334,0.01984248494005912,0.012847257531810163,0.02248909526782261,0.010790654235304092,0.123967595215939,0.05405228784816553,0.11992354398742532,0.05366726504797416,71.04921839169664,21.271930877207637,73.70565072626775,17.662089099015787,0.33619228676538077,0.019200043051154025,0.34117463217321736,0.040581291197440805,0.8593370207100823,0.3647476224203874,0.5525374997929198,1.5248976813197803,0.0,0.06744066777695329,0.0,1.351439892760731,0.999999999969089,0.6977170396842052,0.7985928763174429,0.03968072317835125,23.0,9.75,0.0013055555555555555,0.00028819444444444444,0.8306895994843696,0.11808426667557914,31.5,19.25,0.0013211206896551722,0.0004803466889863946,0.021165790103940867,0.12194556960168215,0.33868345946929906,Moderate-region,Region-blob,Sensitive,N/A,Mid-frequency,Moderate-region + Region-blob + Mid-frequency + Sensitive,0.025115963805319858,0.023512913908619513,False,0.0,False,not_required
58,0.10492839310049146,0.027602484233836697,0.09406440930479223,0.0365163766531256,0.8680208333333332,0.03729166666666661,0.8748958333333333,0.06203124999999998,0.07635222076093759,0.026695942745948345,0.0714833254144144,0.026968853807422755,0.06907030039644965,0.05516274991949909,0.0658938770573847,0.050930230547535586,133.69583968922097,24.21495527391322,135.7189701911342,68.83536061210353,0.2537986471193746,0.018940121564908458,0.25885486118932516,0.016483715749273042,0.9390417239182774,0.22111720158429837,0.17003847272820274,0.28455461835137397,0.0,0.004428261113530063,0.0,0.010110891749492833,0.9620898937514962,0.18454782152143934,0.9619172406818419,0.004591770718941901,62.0,11.5,0.0017896148989898992,0.000322539478128005,0.9640593727449914,0.011922485049341125,60.0,16.5,0.0018055555555555555,0.00037813081190078354,0.073917773087676,0.06748208872691717,0.2563267541543499,Dense-global,Region-blob,Stable,N/A,Low-frequency,Dense-global + Region-blob + Low-frequency + Stable,0.10544171648180939,0.07635222076093759,False,0.0,False,not_required
59,0.05437350046885095,0.0242443469122354,0.04715562300166039,0.030217259331231636,0.5062500000000001,0.083125,0.46489583333333334,0.08208333333333334,0.04720084592973105,0.022547126518962637,0.03998188717497865,0.024316775086063905,0.13859216832327587,0.050548313876331144,0.14663228483061053,0.04846036032013555,126.78213793902917,10.364217510518529,126.1684451417407,13.077863610937698,0.31345677190006516,0.02658544763773063,0.31144720611728327,0.03014285407489553,0.9302907300174323,0.26106056613325845,0.33666008788454804,0.4824465971890044,-0.004395979866825432,0.03880157280162507,-0.03882159598165981,0.26147968250569953,0.9824951961135084,0.22384468348689956,0.8676187221134355,0.0168191047299614,60.0,11.25,0.0010300925925925926,0.00021526278020776398,0.8552120518858959,0.02633744944362182,59.5,15.75,0.0009190301120448179,0.00019930220681802955,0.04359136655235485,0.1426122265769432,0.3124519890086742,Dense-global,Mixed/isotropic,Intermediate,N/A,Mid-frequency,Dense-global + Mixed/isotropic + Mid-frequency + Intermediate,0.05437350046885095,0.04720084592973105,False,0.0,False,not_required
60,0.0687423156442799,0.013282479127810283,0.07409480228301282,0.017759297146338462,0.4354166666666667,0.0591666666666667,0.46572916666666664,0.12124999999999997,0.044756374548051515,0.012179590204823648,0.046706227118393465,0.012074103038419812,0.13582389380009896,0.07054657264474058,0.13471927126297942,0.09528621385459228,81.65501647186892,24.326787704391194,83.42089230097979,20.883892576793386,0.22820668657440984,0.03845378644499381,0.2258018199694587,0.04492310856227463,0.8927804618569359,0.31609196948916507,0.34660481387845266,0.6508440207081156,0.011048231183831358,0.0904306100497498,0.06397398659939474,0.47571057913185677,1.0278246246942033,0.0693145168220749,0.8732811490565029,0.020974652403074168,44.0,9.5,0.0014604752886002886,0.0004911806728273448,0.8835798281743343,0.038232534918148264,42.5,7.75,0.0016017316017316017,0.0004050939747887424,0.045731300833222494,0.1352715825315392,0.22700425327193427,Moderate-region,Region-blob,Sensitive,N/A,Low-frequency,Moderate-region + Region-blob + Low-frequency + Sensitive,0.07409480228301282,0.046706227118393465,False,0.0,False,not_required
61,0.028634398416671605,0.016120905428119114,0.02801275663341181,0.012923631970651241,0.28260416666666666,0.05645833333333328,0.2625,0.09807291666666668,0.027114523867459033,0.01353914147591554,0.025824010487907743,0.011361347211056215,0.07603001455950831,0.04160438965564663,0.0928370204003697,0.0642416086148854,88.35305565834042,25.42129086648461,91.19742900384196,26.99101217272016,0.37914901540246715,0.026910336431177906,0.3730535348175771,0.029320048431348333,0.8788624035848587,0.41031450852711515,0.46839207273057504,0.6717464724419497,-0.0029371899815472113,0.013356732572293977,-0.032786549598221026,0.24380563902176922,0.9753984194223413,0.12293602866294462,0.803996590737233,0.0219239198766088,41.5,8.75,0.000693311403508772,7.855359974168023e-05,0.7970766567471763,0.04424334243189687,36.5,15.5,0.0006930555555555555,6.530700793133584e-05,0.026469267177683387,0.084433517479939,0.3761012751100221,Moderate-region,Texture/high-frequency,Sensitive,N/A,High-frequency,Moderate-region + Texture/high-frequency + High-frequency + Sensitive,0.028970266448271727,0.02730703864957132,False,0.0,False,not_required
62,0.06845177379264074,0.022937094410115676,0.06617087011636921,0.03345433443450727,0.2935416666666667,0.029166666666666674,0.27625,0.0567708333333333,0.06860762229435391,0.023868145950808023,0.06794010353185477,0.03513943311382405,0.13257171541774765,0.03444180848536607,0.13851395535313643,0.042865445342478076,27.288289826848395,11.745465765012145,26.44849068460097,9.082393899259614,0.37996652414559684,0.024117926780340027,0.382719745667243,0.019835657369499715,0.9248261934348974,0.2930422009962431,0.3992968125827767,0.6254735155400912,-0.0027289225356166014,0.02504496726724843,-0.030802308043572754,0.2863583223725164,0.9999999999829003,0.2699622964309618,0.7967482426667876,0.009468650888192265,41.0,5.25,0.0006495708748615725,9.731735913138357e-05,0.7885823900024818,0.02508856539214377,37.5,10.5,0.0006151564992025519,8.197266512649602e-05,0.06827386291310433,0.13554283538544204,0.3813431349064199,Moderate-region,Texture/high-frequency,Sensitive,N/A,High-frequency,Moderate-region + Texture/high-frequency + High-frequency + Sensitive,0.07031268975670688,0.06953418993178594,False,0.0,False,not_required
63,0.04938777868962552,0.015160998012315664,0.04902268356026006,0.02052188299502332,0.6851041666666666,0.04223958333333333,0.6784375,0.0624479166666666,0.04820857012793757,0.017960424143255,0.04774930482453828,0.021649711344474944,0.1560396601207054,0.09265694685161019,0.15614789416110764,0.08638281071928289,108.61302913901282,20.239324896173358,102.61660413219096,13.364279784200349,0.368638009591557,0.021481584048614222,0.35350009375410274,0.04153454921370353,0.900593764420187,0.33117211462705876,0.3402487776342647,0.5495645135209491,0.0,0.044620259816891696,0.0,0.2631747139323176,0.9999999999791631,0.323178520518814,0.9138741236115808,0.009090654889384098,77.5,19.5,0.0011065775416104363,0.0002056695610295554,0.9081401192047116,0.023829107160134977,75.5,23.75,0.0011393911995177817,0.0002856039150141974,0.04797893747623792,0.1560937771409065,0.3610690516728299,Dense-global,Texture/high-frequency,Intermediate,N/A,High-frequency,Dense-global + Texture/high-frequency + High-frequency + Intermediate,0.05164069801120704,0.049779816319622874,False,0.0,False,not_required
64,0.08192647581203255,0.020338236909475477,0.0663830769808026,0.02818094846760369,0.5742708333333333,0.08807291666666661,0.6054166666666667,0.13817708333333334,0.06451328554886178,0.015149072333142291,0.055032390870310324,0.020981714505183553,0.21862130307548222,0.0512423204416276,0.23466015146451452,0.05374714905857764,124.16832276352204,13.253259766499468,120.99831540055305,14.649909560885106,0.28566696384375934,0.029863914118116563,0.2907581383281023,0.02352218503875364,0.9189609015162492,0.26789178324706486,0.3253306761065722,0.5079780598762954,0.0,0.04230893638749724,0.0,0.21800251310887342,0.9839448031213422,0.19232797658938627,0.8851459888847181,0.02438865012410185,51.5,11.0,0.0015189847125290795,0.00035620659551968497,0.892649512939765,0.032036975101303766,48.0,13.0,0.0016684636764423997,0.0005754227004378411,0.05977283820958605,0.22664072726999837,0.2882125510859308,Dense-global,Region-blob,Intermediate,N/A,Low-frequency,Dense-global + Region-blob + Low-frequency + Intermediate,0.08192647581203255,0.06451328554886178,False,0.0,False,not_required
65,0.041539289684081424,0.011699740374779465,0.03681104443069205,0.011751385390671637,0.4526041666666667,0.08453125,0.5026041666666667,0.16609375000000004,0.04040728167559461,0.011877352605413082,0.03468840530356512,0.010528000422045138,0.18815406016891872,0.06902323134140595,0.1829050767815892,0.07349206983611345,170.31390612895805,159.47007303427108,94.45607560885873,163.4623281640957,0.3647573499628255,0.016129632018095863,0.3549413357332568,0.027313215199898877,0.8985934793620187,0.3213332500259555,0.397774460973649,0.5943724346789336,0.0011201372455373754,0.007654768913159082,0.010232825106552632,0.06623449788816232,0.9282359678486095,0.25946547017098975,0.8702964629319666,0.02292991440572245,66.5,9.5,0.0007903368794326242,7.219235672756112e-05,0.886242290429423,0.045321935923419154,63.0,16.25,0.0008200688669438669,0.00021505982443482442,0.03754784348957987,0.18552956847525398,0.35984934284804115,Moderate-region,Mixed/isotropic,Intermediate,N/A,Mid-frequency,Moderate-region + Mixed/isotropic + Mid-frequency + Intermediate,0.041539289684081424,0.04068474916624229,False,0.0,False,not_required
66,0.09297596358121377,0.04183860580669485,0.08128363961125913,0.039864150234380114,0.9501041666666666,0.014479166666666599,0.9496875,0.0167708333333334,0.06419062681090829,0.02215430488371018,0.05955626400376988,0.028251495011523638,0.15225725634170156,0.08932468557221823,0.14372482414430277,0.09101905735554061,52.16572244520535,8.601071545534246,52.12805512697278,6.208155285628962,0.24576004389669664,0.020775067282494897,0.25973893572793183,0.031217807018799393,0.9370097507031365,0.21004876913379134,0.16892877922350125,0.29655788910860137,0.001152787271842759,0.0135826535339746,0.0021560041717831216,0.03217326286378909,0.9567846417731949,0.19656840590392166,0.9706792083039733,0.00468778662962932,54.0,18.75,0.0023882349690539347,0.0008468215811965811,0.9726167232889869,0.005072706510592884,54.0,22.0,0.002371238425925926,0.0005984834106576038,0.06187344540733908,0.14799104024300216,0.25274948981231427,Dense-global,Region-blob,Stable,N/A,Low-frequency,Dense-global + Region-blob + Low-frequency + Stable,0.09297596358121377,0.06419062681090829,False,0.0,False,not_required
67,0.09243193676195183,0.016818992539411645,0.09072232792076768,0.024521521498984636,0.6698958333333334,0.08744791666666674,0.67625,0.09026041666666673,0.07092577074161989,0.014051334488891634,0.0661587101497982,0.020938574289330186,0.10536375409821093,0.0859615814819321,0.11349280156378916,0.05721186779766055,37.01877959165911,21.097475167764777,35.39799411540577,23.747733681986894,0.2881885051526074,0.02114871222307313,0.28370176582932594,0.030699416712065386,0.90374804368784,0.25685978193563797,0.29659085054859613,0.3664063021877758,-0.00690153841302546,0.01883167287756879,-0.023575607627454444,0.06356109719070248,0.9783799617128568,0.17315409589545105,0.926802830219609,0.018569417120517073,75.0,9.25,0.0012795852359208525,0.0002702569975686414,0.9291298394677134,0.018020279403633044,70.0,18.25,0.0013731004901960783,0.0006305121274108709,0.06854224044570904,0.10942827783100004,0.2859451354909667,Dense-global,Region-blob,Intermediate,N/A,Low-frequency,Dense-global + Region-blob + Low-frequency + Intermediate,0.09419520557547847,0.07160011440750366,False,0.0,False,not_required
68,0.06279638408876449,0.01951056545053312,0.05564354356337066,0.0163854557057167,0.3807291666666667,0.049687499999999996,0.3745833333333333,0.06541666666666668,0.06113934733060064,0.016543259172498867,0.053234930794483715,0.017101514241887147,0.05971832711867833,0.054308123232421526,0.06803216278448694,0.0834566462216525,142.0567020879316,146.13814072464893,143.68319000566194,147.91087074212737,0.38343477470129694,0.028693065929722927,0.384452033838834,0.029805244687194088,0.9407929463702134,0.200076956373604,0.32109576756641034,0.48781978850616625,-0.000862322150921857,0.02859926324401559,-0.00852424026917355,0.27603068393334024,0.9737393789469893,0.28361598004965793,0.8384745833147553,0.016367155175572967,55.5,7.0,0.0006821138211382113,9.445558681423524e-05,0.8343860875304278,0.02092835621579614,52.0,10.75,0.0006670493197278912,8.963913690476191e-05,0.05718713906254218,0.06387524495158264,0.38394340427006546,Moderate-region,Texture/high-frequency,Intermediate,N/A,High-frequency,Moderate-region + Texture/high-frequency + High-frequency + Intermediate,0.06279638408876449,0.06113934733060064,False,0.0,False,not_required
69,0.07424595811878296,0.028261444519191735,0.07148319276604775,0.028788512516263798,0.2134375,0.03375,0.2071875,0.049218750000000006,0.07599732417021889,0.03115045022995136,0.07156646695879171,0.030736505871377884,0.24141351191121174,0.11617018169531426,0.26502058322459143,0.13556936241411366,120.92647735973634,12.016666665331343,122.9332274564658,12.863982299964292,0.3904102982513192,0.018459393500556365,0.3850548239337013,0.029024475769258318,0.9068540048929807,0.27753160195323556,0.4420259221836741,0.6321417675648913,0.0,0.010286504013594416,0.0,0.09593763915978623,0.999999999988766,0.09560435651191312,0.7758207874560432,0.01886185845222388,32.0,6.5,0.0007429558745348218,0.0001318721064814815,0.7693737222032997,0.03227220495945726,29.5,10.5,0.0008035471132897603,0.00023702575788379866,0.07378189556450529,0.2532170475679016,0.3877325610925102,Moderate-region,Texture/high-frequency,Sensitive,N/A,High-frequency,Moderate-region + Texture/high-frequency + High-frequency + Sensitive,0.07424595811878296,0.07621097576782693,False,0.0,False,not_required
70,0.028213428495452615,0.006699504253880495,0.02733671719258751,0.01139629351676032,0.33614583333333337,0.03125,0.32218749999999996,0.04838541666666668,0.023613289602026202,0.007134180040009722,0.02270377318331509,0.007566708752393261,0.17916904533994626,0.09095811935063244,0.16898586068387278,0.07587149831640856,151.95071756961258,10.83561268923782,151.52038011956415,11.911567353497873,0.29278340922311263,0.02386947250466276,0.2852715913502696,0.01837890251317198,0.8894451756693662,0.20464746914691134,0.4834482134669216,0.4741316640539489,0.0,0.011329942779108438,0.0,0.14314497254766156,0.9999999999551583,0.18662226323429087,0.8184322306186778,0.016796660305467004,36.5,7.0,0.0011351294903926483,0.00022668904896617245,0.811428160289279,0.020425532410881297,37.5,9.0,0.001112546992481203,0.00031783055401576736,0.023158531392670646,0.17407745301190952,0.2890275002866911,Moderate-region,Mixed/isotropic,Sensitive,N/A,Low-frequency,Moderate-region + Mixed/isotropic + Low-frequency + Sensitive,0.03164178850959942,0.02433766951452726,False,0.0,False,not_required
71,0.06555786242664904,0.04421619971339185,0.0684042068671539,0.038368058307732475,0.20052083333333334,0.030885416666666665,0.18791666666666668,0.05416666666666667,0.07206030077507991,0.047893707435583986,0.07348508109796037,0.04253795160733262,0.04517351601151892,0.025808406711111787,0.040700939122517724,0.0319483610355219,100.1830737159338,31.9963784236612,96.46580776162051,50.70226852743828,0.4449793307189548,0.010282278286764313,0.44339855368028935,0.013964080241142873,0.9102572110007263,0.2720771498079747,0.46351337202539805,0.7470537553492491,0.0,0.005778119765371528,0.0,0.07713541519937742,0.9999999999887403,0.06490828921045422,0.7482140688410057,0.019656485911790034,25.5,6.75,0.0005033508158508158,4.420638184001672e-05,0.7412674245855305,0.031171199897493507,24.5,9.75,0.0005,2.9017857142857122e-05,0.07277269093652014,0.04293722756701832,0.44418894219962207,Moderate-region,Texture/high-frequency,Sensitive,N/A,High-frequency,Moderate-region + Texture/high-frequency + High-frequency + Sensitive,0.0684042068671539,0.07414875738854204,False,0.0,False,not_required
72,0.080023010535555,0.03878379016216507,0.07764080368730797,0.03466486898773834,0.306875,0.0398958333333333,0.276875,0.06343750000000001,0.07364592883794024,0.03667914054255145,0.07139359722221024,0.033308349105732396,0.5236682015420873,0.0752305075913064,0.5199676025749744,0.08908865113599373,130.44897030642318,3.0352269090221,130.77144429933867,3.3828747795734557,0.3526667222943884,0.021572674829077543,0.343997248848952,0.01947200232562596,0.931939086197553,0.19816885171132348,0.3300703049133093,0.4944218614220057,-0.002254970489430748,0.014429828430433528,-0.013309267653446229,0.11853341291744925,0.9988355365925008,0.1336749209192808,0.8122759687759555,0.019219551109296962,39.5,7.5,0.0010285622593068037,0.00027386318108974363,0.8006957858380237,0.03130021736635602,39.5,12.0,0.0010137648809523808,0.00021790119179600892,0.07251976303007523,0.5218179020585308,0.3483319855716702,Moderate-region,Mixed/isotropic,Intermediate,N/A,Mid-frequency,Moderate-region + Mixed/isotropic + Mid-frequency + Intermediate,0.08133077493808152,0.07582951687116254,False,0.0,False,not_required
73,0.0335634122657551,0.014739882413318379,0.03020149309579091,0.021185500906076175,0.16229166666666667,0.02348958333333334,0.15145833333333333,0.04625,0.03651156288257637,0.015452755474635652,0.032850280059906,0.020336243891274336,0.055467324535772265,0.04012255308240071,0.06197935228476535,0.04018404296432502,63.736966692243726,20.61302624824998,60.80513108894603,25.724105136762972,0.44435732464664296,0.013532482080426789,0.44629291864545034,0.016466010154299993,0.8950791479157476,0.3008807941746018,0.5040221587010325,0.6140337330360782,-0.0010451845471470753,0.017332857660906788,-0.018245607397309,0.3338198536154813,0.9714207965353723,0.30809612351673366,0.7325702602722723,0.020048909707176987,21.0,4.0,0.0005208333333333333,5.009920634920634e-05,0.7229511428117026,0.03718331132304009,19.5,7.5,0.0005087962962962963,6.270072684246112e-05,0.03468092147124119,0.058723338410268805,0.44532512164604665,Moderate-region,Texture/high-frequency,Sensitive,N/A,High-frequency,Moderate-region + Texture/high-frequency + High-frequency + Sensitive,0.0335634122657551,0.0367395793795999,False,0.0,False,not_required
74,0.04275123910942825,0.00906888552848318,0.055057800393616504,0.009320278455301534,0.8987499999999999,0.0457291666666666,0.8970833333333332,0.04213541666666676,0.03318681469629961,0.010276713881884475,0.03395996390749262,0.009409478301035036,0.10235133696077425,0.045092499436777025,0.10312818836811827,0.07770652661251064,78.61814054490316,22.967389460365723,79.65102019794043,15.733280163075705,0.2825187499808034,0.016106864960460154,0.2357823792795489,0.07515852501728809,0.844717641871352,0.459164576997507,0.2886387037658459,0.45240039922805386,0.022088045976079967,0.07428399095946928,0.07645455637899029,0.25122957830815806,0.9999999999692744,0.03481097473348682,0.966258051846669,0.010450397838932535,84.0,18.25,0.0015626060625344702,0.00026302744503497446,0.9659558537789092,0.010376112619410738,69.0,43.5,0.0019227430555555556,0.0014746440624170548,0.033573389301896114,0.10273976266444626,0.25915056463017616,Dense-global,Region-blob,Sensitive,N/A,Low-frequency,Dense-global + Region-blob + Low-frequency + Sensitive,0.055057800393616504,0.03401503934089989,False,0.0,False,not_required
75,0.09182306740243243,0.01375232507179465,0.08544696565270056,0.021584084005791232,0.55875,0.055208333333333304,0.5718749999999999,0.06437499999999996,0.07315853490082355,0.015856428592039784,0.06882253008014047,0.018842256700615755,0.14283237893357126,0.039172077840612024,0.148828541313244,0.03727345059914555,18.70176196065475,164.58636611726294,17.89359228108797,160.80754521185918,0.2790004421822785,0.012382526089577628,0.2790007855694758,0.013749328526457272,0.9405160678135526,0.2288194355160682,0.26926645363685364,0.46144210283379994,-0.0033578250244409025,0.010107697091984835,-0.015713266713299198,0.04488268341573521,0.950133371291789,0.19707189770575262,0.8963784441592465,0.011154752114984512,58.5,8.0,0.0014011485826001956,0.000244156119476304,0.8963529696463982,0.015539132194447136,58.0,9.5,0.0014238768908328777,0.00035767428249497955,0.07099053249048201,0.1458304601234076,0.27900061387587716,Dense-global,Region-blob,Stable,N/A,Low-frequency,Dense-global + Region-blob + Low-frequency + Stable,0.09182306740243243,0.07315853490082355,False,0.0,False,not_required
76,0.0774522898489955,0.030296782168595014,0.07598121882742921,0.03775565059892621,0.1771875,0.051614583333333325,0.16427083333333334,0.060624999999999984,0.07200827872123804,0.026991916664639237,0.06903484229034662,0.03703173320269673,0.2051138075402547,0.08811033424272213,0.19482591621144618,0.09553127564653988,160.7274801215903,117.0131065262438,159.8718460953371,138.4559850366557,0.3894141699181285,0.02040574069980222,0.38765970960833473,0.019552863852856983,0.9328182553848681,0.238015414835117,0.38031479311930166,0.5756882526078344,-0.0015668600722619913,0.019177690801694403,-0.015435007878097814,0.25954563919986906,0.9918130335891353,0.2766757477376005,0.7516477178935537,0.03847828109135054,27.5,12.0,0.0007273706896551725,0.00020599382657572314,0.7406533391510415,0.04877842657947873,24.5,16.0,0.0007455261752136752,0.00024298642533936653,0.07052156050579234,0.19996986187585045,0.3885369397632316,Moderate-region,Texture/high-frequency,Intermediate,N/A,High-frequency,Moderate-region + Texture/high-frequency + High-frequency + Intermediate,0.0774522898489955,0.07200827872123804,False,0.0,False,not_required
77,0.08088341088471085,0.033859610906869494,0.07532702557507757,0.03312627211269788,0.6655208333333333,0.056041666666666656,0.6346875000000001,0.13807291666666666,0.07745593687633645,0.036636924359670794,0.07241829683783935,0.038604441648257784,0.13208137196354913,0.05417098530173711,0.11857622814110598,0.07137677711780505,140.7823230703413,9.32558037759324,140.56719387276104,15.424910581953725,0.33138832092923687,0.012597919748268016,0.3232752720011675,0.03579806743777425,0.9320681755791613,0.21539703390657217,0.2620504527189821,0.4735573047774181,-0.0158957808976235,0.049595471526292095,-0.06818992029839706,0.20924043134538947,0.9475981113677967,0.2724271042778812,0.9123331803601067,0.01438172867969445,75.0,14.0,0.0012103533072367761,0.00016059305289144654,0.9045777807931754,0.03264960801083239,70.0,26.0,0.0011955184351017684,0.0002590776821862347,0.0749371168570879,0.12532880005232755,0.32733179646520216,Dense-global,Region-blob,Stable,N/A,Mid-frequency,Dense-global + Region-blob + Mid-frequency + Stable,0.08088341088471085,0.07745593687633645,False,0.0,False,not_required
78,0.02784470572498578,0.010704803748200108,0.0226265094222205,0.0147792947175382,0.39625,0.04812500000000003,0.3770833333333333,0.06697916666666665,0.028270359016278078,0.009354109935587444,0.023446711216911293,0.015605175207882141,0.11711906985867696,0.06343585585900872,0.12166725961760298,0.05755474654005109,106.9468802339994,15.365535452049357,101.19953500439675,11.497038462729748,0.3840256498896305,0.0172161736109383,0.38210144043389377,0.01828045092826558,0.8580281486115948,0.37301094812634683,0.5537543267350109,0.6082114456934637,-0.014626635523158599,0.02322081217648702,-0.18861857874426075,0.3077618848206149,0.8368057687287785,0.26040501691659734,0.836778582810819,0.022010005579295888,57.5,14.5,0.0007197278911564625,9.51628885315195e-05,0.81852773451767,0.04485590105696158,47.5,19.0,0.0007483208655083655,0.0001236738079808536,0.025858535116594687,0.11939316473813996,0.3830635451617621,Moderate-region,Texture/high-frequency,Sensitive,N/A,High-frequency,Moderate-region + Texture/high-frequency + High-frequency + Sensitive,0.028391779168499956,0.028567121818525394,False,0.0,False,not_required
79,0.07857262633634762,0.03748188673236786,0.07041385557038689,0.052765916528776956,0.29708333333333337,0.04145833333333332,0.27437500000000004,0.0708854166666667,0.07096342979712741,0.03423217064930402,0.06409121489151301,0.04820445390919445,0.49977012582084884,0.061578819108784766,0.4960526346187737,0.06760764474699521,140.92112320698735,2.772215943830986,141.73781881299885,2.688903138107122,0.34611275682931764,0.01644298012773371,0.3387334041243451,0.02101840896041446,0.9563469234195086,0.20745856099190796,0.2975744864036737,0.5245465767027747,-0.004172681975996961,0.015501605967775021,-0.038449012148100654,0.18200485648126305,0.9643523933585456,0.17024372837478163,0.7995914987838586,0.02268153705654019,34.5,11.75,0.0010229700854700854,0.00023852566099114058,0.7903812690715258,0.03550773978528099,31.0,16.75,0.0010420070806100219,0.00022772687769291036,0.06752732234432021,0.4979113802198113,0.34242308047683134,Moderate-region,Mixed/isotropic,Stable,N/A,Mid-frequency,Moderate-region + Mixed/isotropic + Mid-frequency + Stable,0.07921528422788182,0.07096342979712741,False,0.0,False,not_required
80,0.05146697232915667,0.025576537130532533,0.04760568977612195,0.03974444067624231,0.3226041666666667,0.08218749999999997,0.31447916666666664,0.10692708333333334,0.04753370090967492,0.02305580836790269,0.0429226159747413,0.02966386024521327,0.08333514714366481,0.07997190643567423,0.09583990310915924,0.08037404598024159,75.0082580414144,65.05871463052281,73.88024673339376,36.7471792168276,0.36212797129863056,0.042896900291015505,0.3638145269770183,0.03617415592744844,0.8933968500933577,0.3721331155214841,0.5010709923397365,0.7346054970892573,0.0,0.011944545484885032,0.0,0.14790541776163335,0.9999999999834748,0.15923427798473522,0.816872448798106,0.030213125669747987,38.5,14.75,0.0008628958086979372,0.0002924435385208528,0.8116561892267797,0.03380137239801073,37.5,16.25,0.000830965909090909,0.0003273584030187923,0.04522815844220811,0.08958752512641202,0.3629712491378244,Moderate-region,Texture/high-frequency,Sensitive,N/A,High-frequency,Moderate-region + Texture/high-frequency + High-frequency + Sensitive,0.05281237009407208,0.048421673186506475,False,0.0,False,not_required
81,0.08664531383659557,0.021725440101770743,0.07727683355444118,0.02865173166066043,0.6290625,0.0675,0.64875,0.08864583333333331,0.04877698936717603,0.01528895269840641,0.04538666235037662,0.020274600615790644,0.16157833374614078,0.06084728715238222,0.16586811180727248,0.05483835759854952,138.23601479821968,9.65929728569526,142.31969365241457,10.090134709513904,0.20842420311470503,0.02975353003171241,0.21744468014119805,0.02800436992232211,0.9434754042205751,0.1672504106699878,0.24214755211233174,0.3720953817489411,-0.004519186541164122,0.008574098803662035,-0.019102508717129617,0.03334878370409821,0.9721101922264674,0.1923182524741972,0.9116063888114199,0.012924224914956817,37.5,12.5,0.0023739035087719297,0.0007384975789096128,0.9152648111764601,0.018095845839877,38.0,7.0,0.002225877192982456,0.0006155254790429208,0.04708182585877632,0.16372322277670665,0.21293444162795155,Dense-global,Region-blob,Stable,N/A,Low-frequency,Dense-global + Region-blob + Low-frequency + Stable,0.08799892168833459,0.04877698936717603,False,0.0,False,not_required
82,0.05885168046025281,0.013574274853227562,0.054013631914040586,0.028311301839514198,0.6794791666666666,0.05770833333333325,0.7104166666666667,0.05697916666666658,0.04850598030953114,0.007805190290054616,0.044962094411895984,0.01918067515859496,0.08539776435757013,0.0502600314945625,0.09957496136883642,0.03575020620473329,118.55713406166275,13.847851999054882,119.06576895597487,26.995714726876813,0.29263488626735285,0.021963833256002763,0.2962733454820601,0.03027185951609329,0.9012790146576029,0.3232535750402522,0.32193161235682954,0.47230097734885934,-0.009443627171468724,0.019529487426307238,-0.039447338317912355,0.09605358598769603,0.903471979334656,0.31238284235378366,0.918065953699984,0.011942595998917116,65.0,15.75,0.0014171570616883116,0.0003862382192460318,0.9226588708799242,0.015633957480793104,66.0,17.5,0.0014948471926083866,0.0003826766392590862,0.04673403736071356,0.09248636286320328,0.2944541158747065,Dense-global,Region-blob,Intermediate,N/A,Low-frequency,Dense-global + Region-blob + Low-frequency + Intermediate,0.05885168046025281,0.04850598030953114,False,0.0,False,not_required
83,0.06208933914453604,0.033917635577459235,0.06730434705488902,0.03176891649791379,0.41333333333333333,0.08656249999999999,0.39145833333333335,0.10979166666666668,0.057782564586226166,0.03286801071279848,0.06320660773926054,0.028365086064015006,0.053478692573620035,0.062066079060302905,0.06807886610892158,0.06833631583873248,130.4368922912118,98.49437294938103,118.24611156686366,91.75699344775508,0.3258713313262271,0.020218042092333688,0.32555051274773633,0.02610287914486842,0.9162896355917634,0.23893676331638602,0.3456801072587749,0.6137654806239421,0.0,0.00826006108597313,0.0,0.05668968807135455,0.9999999999879712,0.2259585476657282,0.8557716042601311,0.030407091657900676,65.5,13.5,0.0008439378963841529,9.04313785173161e-05,0.8514101230906659,0.03784372994680962,63.0,14.5,0.0008296783625730995,0.00011504108232623857,0.06049458616274335,0.06077877934127081,0.3257109220369817,Moderate-region,Mixed/isotropic,Intermediate,N/A,Mid-frequency,Moderate-region + Mixed/isotropic + Mid-frequency + Intermediate,0.06984952986549023,0.06352841515183584,False,0.0,False,not_required
84,0.06152030301785694,0.02468457589713323,0.06218607799674214,0.0222664481744587,0.8007291666666667,0.0457291666666666,0.8125,0.05156250000000007,0.05440821855030714,0.02238280195314013,0.054518856238477284,0.024123117901608607,0.09684462005840588,0.07153809410730382,0.0869033084559803,0.09610227897434807,89.40454355432566,30.027635944873964,86.46748493373121,28.901361005102814,0.33248542486138966,0.018074624901330272,0.3321194827529266,0.030132188041580743,0.8677690009097097,0.38333710974801527,0.3056303586737039,0.4660485958306467,-0.00647646508585116,0.016812896891784335,-0.027001964373864824,0.06116388092638226,0.9995679672328105,0.06057848338712479,0.9442823362459896,0.007912078556545188,99.0,12.75,0.0010832938762626262,0.00012970719220932111,0.943630575798529,0.006228360118882725,92.5,17.5,0.001165943287037037,0.000290474363572098,0.05446353739439221,0.09187396425719309,0.3323024538071581,Dense-global,Mixed/isotropic,Sensitive,N/A,Mid-frequency,Dense-global + Mixed/isotropic + Mid-frequency + Sensitive,0.06218607799674214,0.055609645928957105,False,0.0,False,not_required
85,0.10212155040361427,0.02534661129225496,0.09930615380981982,0.10947453372027158,0.5171875,0.05552083333333335,0.5232291666666666,0.21473958333333326,0.07617995111174146,0.027015819826177373,0.0719889973874835,0.07283102805303676,0.13853859920812148,0.07909012227294249,0.16288484313641172,0.13619418368731737,72.38490948858964,26.386300555386228,79.90493336101332,24.5467828229295,0.27350632090405913,0.04108071464265689,0.2907801154626286,0.08489776896598666,0.9217789127976561,0.3078811775708392,0.49511334832648396,0.6841862461362614,0.0,0.1433442869603896,0.0,1.0142771503130097,0.9999999999860865,0.9418158763944552,0.8785507818877883,0.018605978365076492,57.5,12.75,0.001304398148148148,0.00020002408814850828,0.876477814489951,0.07752585415298363,58.0,19.75,0.0011927867077063383,0.0002927241818647371,0.07408447424961248,0.1507117211722666,0.28214321818334387,Dense-global,Region-blob,Sensitive,N/A,Low-frequency,Dense-global + Region-blob + Low-frequency + Sensitive,0.1100170953867799,0.08364709708697006,False,0.0,False,not_required
86,0.05762033054637223,0.0131159964753065,0.05510263367858993,0.02187367051832597,0.6183333333333333,0.03473958333333338,0.6628125,0.0826562500000001,0.05936266673116811,0.014552991148263555,0.05489152785796014,0.022569392510784603,0.1276541080709489,0.05206967909720722,0.11573352323687278,0.10067594658857339,81.44460532008851,20.632374418219115,82.83395389343666,16.35672701775117,0.34523727338001764,0.014874583930746699,0.34743285772289484,0.021036954636470706,0.8507602673843249,0.356630246766779,0.4284425573339485,0.5202485920583015,0.009447805139981655,0.018252708696700974,0.05224113700821212,0.1016980032176575,0.9545391550978248,0.15737226388167735,0.9087441130316727,0.008039582352460828,93.0,13.5,0.0008527945453821021,7.1008211192183e-05,0.9212218483046661,0.018055525778493453,94.0,18.0,0.0009074682924753149,0.00014837470449172575,0.057127097294564125,0.12169381565391084,0.3463350655514562,Dense-global,Mixed/isotropic,Sensitive,N/A,Mid-frequency,Dense-global + Mixed/isotropic + Mid-frequency + Sensitive,0.057912719181170955,0.05956964716899177,False,0.0,False,not_required
87,0.10044232415353156,0.041906952626198465,0.08923963874991686,0.036552626783207365,0.4029166666666667,0.10541666666666671,0.36520833333333336,0.09010416666666665,0.07405691767864825,0.02658993648016854,0.06615676560980552,0.024834327504296858,0.3387187195373658,0.09568728963389606,0.34067927015551025,0.11035001626385393,66.36166871180168,6.998767972324053,66.63250351666039,7.2148864023520645,0.27995584724385236,0.022723903831026238,0.27722766085778416,0.02608777221202163,0.9592723580165332,0.1576658196719246,0.2700534898530497,0.4332479292946064,-0.00837468890493595,0.022789524032652185,-0.04774368286506392,0.15374868233528044,0.971386842790916,0.18596831894853683,0.8381375221183609,0.040530472372748205,39.5,9.75,0.0016056773088023088,0.0005517566999886079,0.8234613678233158,0.037876717400861404,36.0,11.75,0.001451569264069264,0.0005190242494929995,0.07010684164422688,0.33969899484643806,0.27859175405081826,Moderate-region,Region-blob,Stable,N/A,Low-frequency,Moderate-region + Region-blob + Low-frequency + Stable,0.10044232415353156,0.07405691767864825,False,0.0,False,not_required
88,0.06041210076230319,0.019484915841903573,0.05909064571338203,0.016888038426134046,0.5041666666666667,0.051145833333333335,0.5341666666666667,0.08161458333333327,0.048895831457106104,0.017775382347479954,0.04971900931748301,0.013693483140138636,0.09826524055695127,0.07175676207852563,0.1078208735518141,0.0591515201301899,77.91814816067853,41.91673199395729,75.96384851562217,35.771469529270945,0.32200684805670876,0.03488371737074136,0.3278808773693117,0.024572597811499675,0.91258370700108,0.3686254363611152,0.34855176001275656,0.5501910113809304,0.0,0.017031605509883634,0.0,0.11454490573352594,0.9999999999859863,0.08883377008710824,0.8830624744276228,0.014792909101669749,61.0,11.5,0.0009771825396825396,0.0002730193452400142,0.8922152121694753,0.01913256424417975,57.0,14.25,0.0010742521367521367,0.0003477643762183235,0.049307420387294555,0.10304305705438269,0.32494386271301023,Dense-global,Mixed/isotropic,Intermediate,N/A,Mid-frequency,Dense-global + Mixed/isotropic + Mid-frequency + Intermediate,0.06257936407108253,0.051412016273600536,False,0.0,False,not_required
89,0.036006636402678274,0.007687990921709017,0.02863405595360911,0.012572192865636732,0.45625000000000004,0.049427083333333344,0.3884375,0.09078124999999998,0.03248491386319948,0.00689083377253169,0.026741970266412465,0.011885874733538446,0.09713466377282498,0.0809707736162024,0.11366248433685922,0.09557434039334378,64.48330603733461,20.31747324695082,80.84904624766692,26.833216904127532,0.31155984807464,0.022248095971103943,0.30656988980142097,0.03876957425608146,0.8171689478218749,0.4497286004228791,0.5072832725082934,0.6005963597943685,-0.01989609591671373,0.04215264857913459,-0.18491380313114367,0.37146064664901957,0.8212618127264173,0.34477779308791556,0.8678257033356072,0.015767061937556504,62.0,8.25,0.0008846527178602244,0.000145099144769991,0.8455548981821588,0.034191454961234546,52.0,16.75,0.0008951610712733594,0.00016954438025210074,0.029613442064805973,0.1053985740548421,0.3090648689380305,Moderate-region,Mixed/isotropic,Sensitive,N/A,Mid-frequency,Moderate-region + Mixed/isotropic + Mid-frequency + Sensitive,0.036651959039362345,0.03334859096977013,False,0.0,False,not_required
90,0.015327179501944253,0.008926682286828146,0.01630324348226256,0.008075435096229712,0.22583333333333333,0.036250000000000004,0.211875,0.06468750000000001,0.01614303738840614,0.008939638477321248,0.017437461758828175,0.009132784753864632,0.11029744509234922,0.053731839861745775,0.12119813233626629,0.07738597052615158,86.51640893137562,32.69893319202008,79.53266778307449,33.1744151258216,0.41424013570253027,0.02359313476820951,0.41146283441363274,0.021128146632152123,0.8529233694228397,0.49185367470822017,0.530441634431664,0.8690103128904578,-8.082094713851573e-05,0.0050827137470893565,-0.0015845014418312774,0.12588252572450662,0.999999999965252,0.086166858036547,0.7786987834300181,0.017428166434161896,31.0,8.75,0.000663793103448276,0.0001377532768157767,0.7735431425465276,0.03570627881832611,29.5,13.75,0.000625,0.00012001452150908667,0.016790249573617157,0.11574778871430776,0.4128514850580815,Moderate-region,Texture/high-frequency,Sensitive,N/A,High-frequency,Moderate-region + Texture/high-frequency + High-frequency + Sensitive,0.01630324348226256,0.01756315523838514,False,0.0,False,not_required
91,0.03291286944713735,0.02150433409368451,0.031552546677371646,0.02257631069709073,0.14083333333333334,0.028489583333333318,0.138125,0.03734375000000002,0.0330000506614555,0.02104420178561142,0.033918325256238696,0.023760784573730744,0.06416011401611438,0.04855982286979881,0.060076583827133524,0.04487805265586989,52.26494841760913,28.084333721806573,47.53146435690235,29.72362131265602,0.41726837423981356,0.015522895774470302,0.4206759363301872,0.026573604464946277,0.8975536610285603,0.388819212847213,0.5088085746138135,0.8106133576287339,0.0,0.0052224845509871,0.0,0.13989429587606914,0.9999999999737696,0.18343075297697842,0.7079995758806639,0.022248731170658953,21.5,4.75,0.000540895061728395,5.445075757575749e-05,0.7049432191122413,0.023600965832127008,19.5,9.0,0.000516826923076923,6.738714802651577e-05,0.0334591879588471,0.06211834892162395,0.41897215528500037,Moderate-region,Texture/high-frequency,Sensitive,N/A,High-frequency,Moderate-region + Texture/high-frequency + High-frequency + Sensitive,0.03291286944713735,0.03416617604338318,False,0.0,False,not_required
92,0.0545017401781281,0.015852282677157804,0.05813945114917064,0.012624403647007745,0.33375,0.03125,0.3235416666666666,0.04307291666666668,0.056704419523294344,0.015455636365860045,0.0589076323143395,0.015776274223511785,0.09721703891398745,0.056376802760896544,0.08963521297075319,0.04918873631249326,122.19917026151246,32.586884640967554,116.09961327473097,36.99866788491303,0.4271170141874818,0.011384208776276827,0.4195888803307147,0.014735722857286748,0.8761223737209287,0.361914336529244,0.5295440144197914,0.6958187298626557,0.0,0.009652280944156919,0.0,0.09592405718429353,1.066479101122036,0.13741074905182804,0.8258022658174884,0.014798406198476721,48.0,7.5,0.0006532356532356532,4.5327388558285544e-05,0.8204966925491932,0.015871588768957112,46.0,12.5,0.0006579118389780155,4.521070531722103e-05,0.05780602591881692,0.09342612594237032,0.4233529472590982,Moderate-region,Texture/high-frequency,Sensitive,N/A,High-frequency,Moderate-region + Texture/high-frequency + High-frequency + Sensitive,0.05949462586730245,0.06105614140502058,False,0.0,False,not_required
93,0.060559910191640066,0.013069925118069543,0.05916403028688458,0.019939162201925514,0.5904166666666667,0.043489583333333304,0.5825,0.1825520833333334,0.048160794469646384,0.01366151926075334,0.04639421745509749,0.01644140107895685,0.17576442654373164,0.07578970997834755,0.18218590559270276,0.07044115354756053,36.794605119378645,11.287203908610707,36.923433972907176,14.50053096898801,0.27537187118882167,0.027119790698671875,0.2685719472731902,0.026287978008848245,0.9400543322308001,0.19225173099670056,0.32382206292459786,0.428601388204042,0.0,0.04998069609241933,0.0,0.33826975947408966,0.9917470399601038,0.27919775744153197,0.8878357243083954,0.00722909059706478,50.0,12.5,0.0015350723622782447,0.0003586066433419752,0.8838600340990641,0.03789584866847884,46.5,15.0,0.0015516542715484365,0.00042870446243988133,0.04727750596237194,0.1789751660682172,0.27197190923100595,Dense-global,Region-blob,Intermediate,N/A,Low-frequency,Dense-global + Region-blob + Low-frequency + Intermediate,0.061164490826586385,0.048160794469646384,False,0.0,False,not_required
94,0.05691897264211636,0.012236266819882727,0.05467804384977257,0.022077294264116476,0.5037499999999999,0.06880208333333326,0.4684375,0.08718749999999997,0.05388970036988762,0.013411551200685837,0.05217396679294849,0.022156458081276136,0.10930920445419626,0.03725159013788716,0.09685712643378075,0.06249522565242496,100.89291129814211,19.268675102456925,95.2128099051524,17.85765811646995,0.38276864320410525,0.018224459312780383,0.37548057885204816,0.05209871672769051,0.8298072777589491,0.38550677766405084,0.5402413129877668,0.6139043354245517,-0.004841218188266792,0.02995617433721255,-0.04099991388736775,0.20981709874040852,0.999999999979879,0.19757302519949183,0.8773846055798953,0.019213593517966254,68.5,10.25,0.000750569775596073,8.878487310657332e-05,0.866932221413697,0.029523955577857364,59.5,15.25,0.0007526419082125604,9.633283223397908e-05,0.05303183358141805,0.1030831654439885,0.3791246110280767,Dense-global,Texture/high-frequency,Sensitive,N/A,High-frequency,Dense-global + Texture/high-frequency + High-frequency + Sensitive,0.059078058006594714,0.05640381879177214,False,0.0,False,not_required
95,0.08027467027803822,0.034079499703251595,0.07632885166344466,0.04364984889182935,0.4978125,0.07223958333333325,0.491875,0.11208333333333342,0.061622157565728225,0.027714559500452284,0.05872560596804068,0.02680397912401279,0.2280751996583915,0.07198110721474071,0.25781042555558686,0.06946193253095959,42.498168250013435,13.500726169053827,40.680198166012936,10.82580436073912,0.26111393846186726,0.04608911494099732,0.27035309971069055,0.04369145171896707,0.9396436840279774,0.14950242887402632,0.30956394878922266,0.40283016283992323,-0.010425474392089504,0.017932902915639218,-0.05335146602034709,0.1377796354646466,0.9548799304521419,0.15718386117544714,0.8613083763477365,0.0214552173989202,35.5,13.5,0.001818865740740741,0.0007561137692716638,0.8590680837494342,0.019050625369825824,35.0,13.0,0.0017855902777777779,0.0007559793037280702,0.06017388176688446,0.2429428126069892,0.2657335190862789,Moderate-region,Region-blob,Stable,N/A,Low-frequency,Moderate-region + Region-blob + Low-frequency + Stable,0.08027467027803822,0.061622157565728225,False,0.0,False,not_required
96,0.08536252622484716,0.0182717115925745,0.08388211739741894,0.02004181022473933,0.8062499999999999,0.03380208333333323,0.8064583333333333,0.03328124999999993,0.0685322812790312,0.016529084953958093,0.06615650327407693,0.019142231519771978,0.09157666145757652,0.06941066995199899,0.10852052150926536,0.07449511017762106,65.15427745174999,12.743030285190457,66.29678010249488,11.111700969984525,0.28527438613316014,0.02414842904581066,0.2825030413139495,0.035736054261071515,0.9210456115399832,0.2496820446164688,0.23802711514749048,0.3444158555106062,-0.002430940424739375,0.010818053833570498,-0.007623709421281702,0.03538391171507088,0.9682438832644181,0.12169882326607429,0.9479558252392307,0.005988153394825502,80.0,14.75,0.0014286741739273382,0.0002753642371765971,0.9479558252392307,0.008503901918567758,79.5,15.0,0.001509956071903358,0.000285029326367473,0.06734439227655406,0.10004859148342093,0.28388871372355484,Dense-global,Region-blob,Intermediate,N/A,Low-frequency,Dense-global + Region-blob + Low-frequency + Intermediate,0.08611730361910643,0.0685322812790312,False,0.0,False,not_required
97,0.05148088113825594,0.006065633366680395,0.04952881548306505,0.012483553441426112,0.9353125,0.02750000000000008,0.9279166666666666,0.02036458333333324,0.04088862611718243,0.010208193068437149,0.037337086738300496,0.012167661664398942,0.09859019950549056,0.04936368612769382,0.10916405099759832,0.044838871737271205,63.221725080475366,16.448794441496112,62.96837680907505,13.232820734371636,0.2749475760263279,0.03789696143905169,0.27180618041030236,0.032923084148917786,0.8972788414648323,0.2700625058544085,0.2369143232223796,0.28974357886930596,-0.008658903988775807,0.05258424570748804,-0.02622715011264917,0.16988544659584634,0.9232160935910882,0.172203044605457,0.9668916011223283,0.003801160247094426,74.5,18.5,0.0018735923423423423,0.0003939590962935551,0.9655853401075334,0.009331393521237241,71.5,19.5,0.0019966475581709954,0.0005793918321441137,0.03911285642774146,0.10387712525154444,0.27337687821831513,Dense-global,Region-blob,Intermediate,N/A,Low-frequency,Dense-global + Region-blob + Low-frequency + Intermediate,0.05286156032468216,0.04112314561271195,False,0.0,False,not_required
98,0.06090814443218844,0.014641114414874201,0.06668329137814251,0.009434325251962902,0.4386458333333333,0.09718749999999998,0.46989583333333335,0.11421874999999998,0.043762399446586435,0.010395467637533122,0.04255279165867999,0.008762920193500431,0.07456475725572934,0.07084854802883309,0.07875871457134506,0.05611603632405478,104.01258633086206,45.81129141345002,99.18010653692451,30.797329539347217,0.264088715225005,0.04007447985673518,0.24060178163807855,0.043469905067757414,0.877833690723916,0.35147713034850603,0.37045612038910114,0.8059194045180189,0.007388274843021153,0.07645324368736521,0.05417899884918945,0.5683714460953743,0.9999999999769587,0.08178463429298288,0.8766167221979875,0.027839755833245383,46.0,10.5,0.0012819444444444445,0.0002971401660574755,0.8868942021341161,0.04093946586737718,42.5,7.5,0.0014610042735042736,0.0004902651850213768,0.04315759555263321,0.0766617359135372,0.25234524843154177,Moderate-region,Region-blob,Sensitive,N/A,Low-frequency,Moderate-region + Region-blob + Low-frequency + Sensitive,0.06668329137814251,0.04473544426354306,False,0.0,False,not_required
99,0.09942096882908924,0.01442324707886121,0.08579775569642248,0.024538065020737562,0.7796875,0.1338020833333332,0.8066666666666666,0.16505208333333343,0.07152172529448633,0.024782035387602985,0.0647230304706998,0.019127268539385497,0.0892193586966404,0.06678869748417077,0.07417938148392982,0.045486301268223346,106.98015392744684,66.35988953543138,88.62570089384784,67.22741983896279,0.2626481962513118,0.05018362217119607,0.26214725918634196,0.04386756748393891,0.9515003782085654,0.1689889818506476,0.1524732742724939,0.24917822750550161,-0.003273954987413008,0.011372496879239441,-0.009616238533070573,0.023186283095425204,0.9491286641433672,0.21384061517087105,0.9500131287652691,0.0238091168898662,68.0,18.0,0.001873180912990196,0.0009014939418585249,0.9580211190563357,0.029356482485538127,60.0,25.5,0.0019253472222222222,0.0011109067300473546,0.06812237788259307,0.0816993700902851,0.26239772771882686,Dense-global,Region-blob,Stable,N/A,Low-frequency,Dense-global + Region-blob + Low-frequency + Stable,0.09942096882908924,0.07152172529448633,False,0.0,False,not_required
100,0.034723225125126586,0.007181199330985016,0.03215851765784406,0.011893329578701532,0.3325,0.05072916666666666,0.31708333333333333,0.06375000000000003,0.032863502346160096,0.007285342577977281,0.03094902912845781,0.011643408777982603,0.1553044072665689,0.061295781658083484,0.14581869924885332,0.06954909417556665,72.92681461618879,19.544888246423852,72.2086199601367,26.03754292657581,0.38181526331471627,0.015428163177405807,0.37771859534745433,0.03322689725353639,0.8891085659571631,0.3706977301629679,0.46576754280777954,0.7049875105905452,-0.003510558476218263,0.011777977925708375,-0.04210996349501654,0.18075047346185877,0.9298161804103366,0.20557408238231656,0.8152703563771218,0.021478985893484404,42.5,12.0,0.000802517361111111,0.0001489883835969132,0.8123568351257702,0.02543632875074897,39.5,17.5,0.0008399822695035462,0.00016250870776732848,0.03190626573730895,0.15056155325771112,0.3797669293310853,Moderate-region,Texture/high-frequency,Sensitive,N/A,High-frequency,Moderate-region + Texture/high-frequency + High-frequency + Sensitive,0.03491605319687748,0.03382458494294599,False,0.0,False,not_required
101,0.03933953161447107,0.029373238074522114,0.0379162434322847,0.03354014321327316,0.3434375,0.07348958333333333,0.32114583333333335,0.1478645833333333,0.03537013167614107,0.023461532814048447,0.034192952489853726,0.0280398432246151,0.13515387360378456,0.05986347367295247,0.12491330337679428,0.06027281762781633,161.78671480671352,14.7178792890968,161.19533164769615,13.92579714701074,0.3334311701856786,0.030369588457147212,0.33248132139253483,0.030231839983336395,0.92098793459836,0.28895238831579717,0.34600410747758714,0.6344948763583682,-0.001332595297232425,0.008050194297957208,-0.01224159445218525,0.08791880018782222,0.992270926479466,0.1075180141805464,0.8260434560902642,0.039296414143911274,43.0,13.5,0.0008993055555555555,0.00024398634380817439,0.8233567054769851,0.050930892645570935,42.0,14.75,0.0008409552845528456,0.00023629361335729252,0.0347815420829974,0.13003358849028943,0.3329562457891067,Moderate-region,Mixed/isotropic,Intermediate,N/A,Mid-frequency,Moderate-region + Mixed/isotropic + Mid-frequency + Intermediate,0.0395736594306676,0.03537013167614107,False,0.0,False,not_required
102,0.0652056323844742,0.02121075734299692,0.05871003426449692,0.02245745488021568,0.8277083333333333,0.044791666666666674,0.8434375000000001,0.0669791666666667,0.05896537294228182,0.02115314649068975,0.0537145721321239,0.018981050134561875,0.15652349643861446,0.06275082326319392,0.1497412828112282,0.07136693859938226,95.27230259720614,26.360705183871204,95.70656635631654,29.317416585890115,0.33264450545247587,0.017790384155645822,0.3330408920518376,0.017179730932986637,0.9336490693661077,0.21801249215575236,0.2483892304715554,0.37034621756303127,0.0,0.00544563620306851,0.0,0.024111858082362277,0.966462571732388,0.1848149104309622,0.9381678121945429,0.010326547459365454,61.0,9.75,0.0014250932835820896,0.0002021054222861242,0.9443426666394152,0.017389507507867163,59.0,11.5,0.001463006132392473,0.00022075105563391798,0.056339972537202854,0.15313238962492132,0.3328426987521568,Dense-global,Region-blob,Stable,N/A,Mid-frequency,Dense-global + Region-blob + Mid-frequency + Stable,0.06524733187879458,0.059688275245839556,False,0.0,False,not_required
103,0.0601861970083936,0.018023051283229084,0.055492204365189285,0.022686174592064838,0.6579166666666667,0.06796875000000002,0.6675,0.09359375000000003,0.054161447150283565,0.018517608199016468,0.047312488585139825,0.021491794836764236,0.23042890115351694,0.07110749366266256,0.21748242123396294,0.07886741135579906,133.79809397823897,7.924707542234273,130.31462440816645,9.789177127544889,0.3327941697885085,0.02421101679896226,0.3325739964273652,0.021988529005974533,0.8935524232488303,0.32940630405894855,0.31993682905616005,0.4798189966875509,-0.01226150400660761,0.024535646271633973,-0.05998839471008399,0.12119088596549143,0.9327473648024123,0.19965037281817644,0.9176272282586768,0.01262892499641488,64.0,8.5,0.0011956463675213676,0.00024785949937159595,0.9160906188120594,0.01777452242888744,62.0,13.5,0.0012611959438131313,0.0004296678162005543,0.050736967867711695,0.22395566119373994,0.33268408310793685,Dense-global,Mixed/isotropic,Sensitive,N/A,Mid-frequency,Dense-global + Mixed/isotropic + Mid-frequency + Sensitive,0.0601861970083936,0.054161447150283565,False,0.0,False,not_required
104,0.06801359289724371,0.011216472607623554,0.072055825940986,0.03037455692997816,0.43864583333333335,0.05666666666666664,0.4107291666666667,0.09380208333333334,0.07058216123469122,0.013468431099920963,0.07575318633499122,0.030956276394515682,0.06008956839260794,0.041999303270139184,0.05117952723379432,0.05219073105100558,143.88266942021716,18.519901039928385,129.94746700853668,30.36722052988378,0.43333678980572854,0.015655564967321345,0.4273942695998716,0.03779473858265514,0.8155959829286521,0.46495873984322156,0.611087945758852,0.7333867799300393,-0.00102472789956512,0.01202210384414873,-0.007127230421517052,0.08209052062757943,0.9999999999880921,0.4125928676280014,0.8535810549530266,0.020909944427839444,54.0,9.5,0.0006519206043072966,8.539922195142642e-05,0.8411277684674097,0.031502915656560826,48.0,14.5,0.0006380672368733666,0.00017782181629634225,0.07316767378484121,0.05563454781320113,0.43036552970280006,Moderate-region,Texture/high-frequency,Sensitive,N/A,High-frequency,Moderate-region + Texture/high-frequency + High-frequency + Sensitive,0.07681395174746597,0.07813919467510866,False,0.0,False,not_required
105,0.06011410850881522,0.017665399643802968,0.055718715808453674,0.02784823259419484,0.43916666666666665,0.04489583333333336,0.4125,0.049375,0.05762550219486475,0.01704024272748314,0.05338091886958675,0.027468178959098713,0.11288036045188105,0.06535074003531333,0.1088978417746169,0.05614158057784066,138.4254518502893,13.062697095090613,142.57193734747642,13.434062497965982,0.35782428559160084,0.011690179782552823,0.3515197816447501,0.022441665445197156,0.8919890210970252,0.299955639611295,0.3763214393792461,0.5626032842570441,-0.009866515174080645,0.04564887965181052,-0.06725085337373865,0.291318371100371,0.9286963229520648,0.31658473236348805,0.8707116260348076,0.010522727798890852,63.5,10.75,0.0008767942280381415,0.00013623995569596228,0.861964906343778,0.019294319144268268,55.0,14.0,0.0008753776667899864,0.00013014273204330518,0.05550321053222575,0.11088910111324897,0.35467203361817545,Moderate-region,Mixed/isotropic,Sensitive,N/A,Mid-frequency,Moderate-region + Mixed/isotropic + Mid-frequency + Sensitive,0.060922612792391154,0.058684617947711515,False,0.0,False,not_required
106,0.10359201534609813,0.02908705112584674,0.09718884290077726,0.033111192893407485,0.7657291666666667,0.08239583333333333,0.7813541666666667,0.07713541666666668,0.0797947061444989,0.02869382439816727,0.07234764282237148,0.031749602490910855,0.20123816413932288,0.04301731609044482,0.20671758495079595,0.048586695668481755,14.67904498777369,14.15632058927112,14.67904498777369,14.786253124218755,0.2571700110673624,0.014486289736528934,0.2561923227815023,0.017066186439978842,0.9403644300622231,0.14359997332491115,0.19596385644116981,0.2517750117074825,-0.0031582391492160355,0.015660371311438853,-0.008752005362578145,0.04220650274037801,0.9736045310995438,0.12484964115920438,0.9444674728531959,0.014613559305453938,73.0,16.5,0.0015953196347031962,0.0005118330704135792,0.9483292422253526,0.014322781909395732,69.5,16.25,0.0016886446886446886,0.00048260540396047433,0.0760711744834352,0.20397787454505942,0.2566811669244323,Dense-global,Region-blob,Stable,N/A,Low-frequency,Dense-global + Region-blob + Low-frequency + Stable,0.10403791477572086,0.0797947061444989,False,0.0,False,not_required
107,0.031408942467755344,0.010881301447595478,0.038966259094883285,0.013997042797131654,0.7773958333333333,0.04359374999999999,0.744375,0.06239583333333332,0.02826697131849811,0.010977192944057586,0.03187975527930753,0.010845883754537683,0.04885179494546734,0.03887760093036632,0.05577147035575124,0.05435873464789173,87.28608571998058,29.520393219123704,86.39791866001046,34.63142719578015,0.37003734891850826,0.014203158088427204,0.35230965247332924,0.052873201655623925,0.8451055231262659,0.5263166648903307,0.3714816792511595,0.6960202470996808,0.0,0.011508761941937548,0.0,0.06294904459958027,1.0139706251198572,0.046092105132779726,0.9391380515667983,0.008842679773019113,89.0,12.0,0.0011501771303911346,0.00011258001262520506,0.9320529179379808,0.017285426691307393,83.5,21.25,0.0012014158053402237,0.0002828883297633297,0.03007336329890282,0.052311632650609285,0.36117350069591875,Dense-global,Texture/high-frequency,Sensitive,N/A,High-frequency,Dense-global + Texture/high-frequency + High-frequency + Sensitive,0.038966259094883285,0.03232680686035137,False,0.0,False,not_required
108,0.09377085549423998,0.02415329424783784,0.08789603130165857,0.025343524056674255,0.4535416666666666,0.0331770833333333,0.46552083333333333,0.05104166666666665,0.08538365248846089,0.020462200991752277,0.08048313947104115,0.031173635762020667,0.28957240616681035,0.05246420029304827,0.28758402673842237,0.04027025109908966,86.44985418692903,11.045240124186236,86.67533668997504,12.24382380932029,0.3301080687565741,0.01958661776787718,0.32742079953141334,0.02716418926234848,0.950126808778476,0.17254031341563458,0.29902664228507736,0.4535143518680471,-0.003164855718534143,0.016621524007394452,-0.018736762152327977,0.09517252533926142,0.9708779272089041,0.16807565334290775,0.8595943428544752,0.007882066657412534,54.0,12.75,0.0010399590163934426,0.00016691826490260035,0.8605031662217679,0.011327571133484149,54.5,9.5,0.001089208410636982,0.00029919086319108953,0.08293339597975102,0.2885782164526164,0.3287644341439937,Moderate-region,Mixed/isotropic,Stable,N/A,Mid-frequency,Moderate-region + Mixed/isotropic + Mid-frequency + Stable,0.09377085549423998,0.08538365248846089,False,0.0,False,not_required
109,0.08397293236956345,0.024821353119605177,0.08571457239956015,0.032070029234013725,0.5355208333333333,0.06291666666666662,0.5966666666666667,0.09437499999999999,0.05779948641969346,0.025134044158494455,0.05835462440075981,0.022755120089506566,0.09489719866075239,0.10165050782210938,0.08725997523536969,0.09514783126883809,72.34176155310772,43.799175880018936,64.79187729644224,46.0112109044847,0.24770312713053194,0.028852929713986952,0.24569252081605597,0.031724235669925605,0.9118829662258325,0.35282904563887674,0.38458120722126454,0.5948410413097565,0.020337490297041155,0.043244731663209364,0.10121442682613616,0.21897258177604909,0.9999999999849787,0.1602180936156673,0.8902083868628323,0.017833226327520046,49.0,19.75,0.0015668314739688978,0.0002707479363871987,0.9054498070376833,0.0204889615702748,48.0,17.75,0.0017558269476372925,0.0005760616799482955,0.05807705541022663,0.09107858694806104,0.24669782397329396,Dense-global,Region-blob,Intermediate,N/A,Low-frequency,Dense-global + Region-blob + Low-frequency + Intermediate,0.08913292200604608,0.06300802805627445,False,0.0,False,not_required
110,0.0758714819161895,0.027278806893366786,0.07187386488231176,0.022419047671227106,0.313125,0.039635416666666645,0.303125,0.06244791666666666,0.07040285852399158,0.026258406102877302,0.06555053373325989,0.021833632085953236,0.4244305041481352,0.07728944632288925,0.42861851283448726,0.06851874934683966,60.012323419424305,5.213617470220058,60.00756145145547,5.627899526254311,0.3611088162923617,0.019354198530617484,0.3528645286330836,0.029918652853037797,0.9301742381355418,0.2479918444813708,0.3562351549462117,0.5823051536115278,-0.0009244875710434503,0.011363757725693605,-0.006821954512116073,0.09188190124784933,0.9988670766029331,0.07378032104736754,0.8156552515573396,0.019372105986619204,44.0,11.75,0.0008836966604823747,0.0001402323082010581,0.8081909647268598,0.030080068488450573,42.0,13.75,0.0009181156015037595,0.0002724679834054833,0.06797669612862574,0.42652450849131124,0.35698667246272264,Moderate-region,Mixed/isotropic,Intermediate,N/A,Mid-frequency,Moderate-region + Mixed/isotropic + Mid-frequency + Intermediate,0.07837644513855413,0.07204598226564725,False,0.0,False,not_required
111,0.07122588002494715,0.014957364699747996,0.06982175615055627,0.013179291076494438,0.4584375,0.027864583333333304,0.45218749999999996,0.017031249999999998,0.07181234379457498,0.012160405280084052,0.07064038222426454,0.011793674170325896,0.07910483956842096,0.05666436307471921,0.09736022130306934,0.08957467797084347,110.85190276315296,34.195033666744905,106.5094295573414,28.31355719935712,0.34989591590949,0.028910000155934368,0.34792292474220265,0.03542538865903627,0.9200800604917578,0.26050148137366913,0.33851805164765475,0.5277765855501749,-0.004747294652759901,0.015680370099108144,-0.02930882334461813,0.09450133727306784,0.97036619754408,0.09096363835783938,0.8698194742762282,0.00941953991062272,71.0,8.75,0.0008872251157407407,0.0001503692292644758,0.8673670756996597,0.008018528058999719,71.0,9.5,0.0008551569835680751,0.00015589979691143282,0.07122636300941976,0.08823253043574515,0.3489094203258463,Moderate-region,Mixed/isotropic,Intermediate,N/A,Mid-frequency,Moderate-region + Mixed/isotropic + Mid-frequency + Intermediate,0.07165981095026505,0.0722992438963428,False,0.0,False,not_required
112,0.07083609762809431,0.048859799210977065,0.06600980165053785,0.05920234440311696,0.37124999999999997,0.12421874999999999,0.3230208333333333,0.15177083333333335,0.0574870667097752,0.048344978259856265,0.05530977860840271,0.05172949672571513,0.23308840446095103,0.0892824685501028,0.27645616685123436,0.10684033080870689,60.76134178583272,8.129361394482864,61.271548384227124,14.383270816421394,0.3002812621252243,0.035475581915237364,0.30660459306181403,0.02650100310607878,0.9490209544767828,0.20903265398644355,0.3056907484067924,0.5424368415448276,-0.002853334889650422,0.0232583636806036,-0.014554405936410286,0.17672818987954478,0.9892450029475521,0.1538082824309711,0.8355852670719597,0.049268428810214426,44.0,19.75,0.001048880644342973,0.00020255407156450841,0.8157875776451631,0.06234999467349922,41.5,21.25,0.0010212962962962964,0.00015161520337301582,0.056398422659088954,0.25477228565609267,0.3034429275935192,Moderate-region,Mixed/isotropic,Stable,N/A,Mid-frequency,Moderate-region + Mixed/isotropic + Mid-frequency + Stable,0.07186417522233435,0.0584170022075527,False,0.0,False,not_required
113,0.09458268179548952,0.0352564171619872,0.08841403707892294,0.05275132357681356,0.26156250000000003,0.024270833333333297,0.2440625,0.05364583333333334,0.09230738220099176,0.035864517063959406,0.0856754049473332,0.05169754405540634,0.11341584520994538,0.06208596297390202,0.11351055452864345,0.059097786679377054,56.59313219597378,10.985719630299421,54.38756814411265,6.686893743993515,0.3595576577803392,0.01633123004894993,0.3579733599503362,0.01291322988478949,0.9364551932434162,0.24358063341714642,0.3799672132043247,0.5812795187222415,-0.0015211669097281375,0.023864354264943967,-0.013061411925470362,0.2169649244943319,0.9755827340832148,0.18768564420602407,0.785929922339132,0.012671667533437736,39.0,8.5,0.0006979363084014248,0.00011313677185387705,0.7785586772571647,0.029017798371877235,36.5,11.5,0.0006625405844155844,7.95236572890026e-05,0.08899139357416247,0.11346319986929441,0.3587655088653377,Moderate-region,Mixed/isotropic,Intermediate,N/A,Mid-frequency,Moderate-region + Mixed/isotropic + Mid-frequency + Intermediate,0.09458268179548952,0.09230738220099176,False,0.0,False,not_required
114,0.0570149385408459,0.02290160753211054,0.0506179816907701,0.025836284854722287,0.3103125,0.07973958333333331,0.29322916666666665,0.09734374999999995,0.06043034389134412,0.0264232741452953,0.055841286066516026,0.02757314464894664,0.09119456994806734,0.055198273347479815,0.08138387753986065,0.05311965338866141,122.82080180073953,20.617892165873727,120.05858630820381,15.977676236097736,0.45468372610625907,0.013686078070833607,0.4526436032891511,0.019185193103944342,0.8779765199896579,0.29141676243283854,0.52808916834676,0.6143508006573108,-0.008633505910277867,0.02444397804372025,-0.0888912015362203,0.2148120592879517,0.8906803335366745,0.2531607104285083,0.8128236781911421,0.031654430408719625,43.5,13.5,0.0006015888047138046,6.053245996223255e-05,0.8077825467599755,0.04674465964358565,37.5,16.5,0.0005967188779688779,7.757675438596482e-05,0.05813581497893007,0.086289223743964,0.4536636646977051,Moderate-region,Texture/high-frequency,Sensitive,N/A,High-frequency,Moderate-region + Texture/high-frequency + High-frequency + Sensitive,0.05864543685652475,0.06177625088007828,False,0.0,False,not_required
115,0.07971433171554283,0.00867266027826187,0.09297553538910425,0.04391113385035386,0.1184375,0.01588541666666668,0.13114583333333332,0.038437499999999986,0.08955971760316672,0.009439899180429465,0.09937675363624585,0.025311561604218893,0.14294751900070296,0.12027315676180267,0.2063250543472913,0.21466291493242987,81.32397976012946,12.334907320123918,83.64000367314216,16.062224757660445,0.2985149747301108,0.017575554496799206,0.2846279513981641,0.028348870113851232,0.9606164607883856,0.12263542773038338,0.3072003438535561,0.47148843537712953,0.008796025862053893,0.018317503812920022,0.1195396124752347,0.28152440509837495,1.0702214433266515,0.2736807049868091,0.6927796525632901,0.010964498354161356,18.5,4.0,0.0008528079710144927,0.0002648809523809524,0.6975000789508095,0.014041564957746,16.0,6.75,0.0010896381578947368,0.0009272693452380952,0.09446823561970628,0.1746362866739971,0.29157146306413745,Moderate-region,Mixed/isotropic,Stable,N/A,Low-frequency,Moderate-region + Mixed/isotropic + Low-frequency + Stable,0.09297553538910425,0.09937675363624585,False,0.0,False,not_required
116,0.07267636381877347,0.021517216714970824,0.06742071857205179,0.03007121351930981,0.41822916666666665,0.03375,0.38739583333333333,0.07994791666666667,0.05449521442131092,0.01703007422637104,0.04903669133800537,0.019659779120271385,0.3320734139121663,0.09224036710036354,0.3439525126579608,0.08926942839176483,90.70167893020667,4.903983495610618,91.18321778607256,5.292931167398464,0.28891667113985187,0.03530582520698977,0.2872764631648979,0.03587589888641468,0.9521777502620986,0.16587965812141647,0.2682895640050538,0.42301301924717927,-0.010249162138575983,0.030500899863558098,-0.06328852109036018,0.21034030497916661,0.9437855977824771,0.2560742371591167,0.8499508932967855,0.01444382873998773,46.5,8.0,0.0011985367063492064,0.0003220883050189774,0.8404515587030181,0.028920569290262987,46.0,8.5,0.001183962109272393,0.0002680367018602313,0.05176595287965814,0.3380129632850636,0.28809656715237486,Moderate-region,Mixed/isotropic,Stable,N/A,Low-frequency,Moderate-region + Mixed/isotropic + Low-frequency + Stable,0.07319913419139173,0.05499339827280714,False,0.0,False,not_required
117,0.018667325929335687,0.008924392674678908,0.013101591173067348,0.008615641237398622,0.21447916666666667,0.04677083333333332,0.19302083333333334,0.06562499999999999,0.017180431446184224,0.008636597191609913,0.012792174414462435,0.008696904567149319,0.065353001045165,0.06298853264603016,0.07449695823129004,0.041626669234617684,75.32091590433595,88.54898119913487,53.429991864167334,108.36689309251626,0.36620274729562846,0.02880263364954261,0.3770086472166398,0.021325790615405626,0.8218322859244145,0.4325122632231093,0.5800601607343123,0.7051588685930221,-0.004558467481577587,0.01403353649401197,-0.09179572274246688,0.3542745637164699,0.9124730891218659,0.37827011461583393,0.7700900611813271,0.027444729649071187,27.5,10.5,0.0007520632045088568,0.00019444444444444435,0.7579501700948297,0.04681229343807125,24.0,7.75,0.0006763915243516762,0.00021473524305555547,0.014986302930323329,0.06992497963822752,0.3716056972561341,Moderate-region,Texture/high-frequency,Sensitive,N/A,High-frequency,Moderate-region + Texture/high-frequency + High-frequency + Sensitive,0.018667325929335687,0.017180431446184224,False,0.0,False,not_required
118,0.04579549956810948,0.008746629771187078,0.04111904680551329,0.011138095816667998,0.37614583333333335,0.05406250000000001,0.4116666666666666,0.10479166666666662,0.04845274491569654,0.008442650457747135,0.0434492529367444,0.010532451065174996,0.07412135965307429,0.04364186974445437,0.08293674903688092,0.0376264792029147,91.49001833669558,37.73660952370689,93.29848802109885,31.253640921169293,0.4653931801337985,0.016595275728125747,0.4569812675481179,0.029660577334688742,0.8650319068606038,0.4100190636845863,0.49984173909142293,0.8119908133914575,0.00495461649036618,0.013832674327613852,0.0473780873673589,0.12030280533562955,0.9808417360488291,0.15571418866239528,0.843060263877327,0.017623744796808172,48.0,8.0,0.0005794892188052315,6.336906727531723e-05,0.8543701593954349,0.04042295631072701,51.0,7.75,0.0005928191489361702,7.774595687331533e-05,0.04595099892622047,0.0785290543449776,0.4611872238409582,Moderate-region,Texture/high-frequency,Sensitive,N/A,High-frequency,Moderate-region + Texture/high-frequency + High-frequency + Sensitive,0.04601161946847424,0.04845274491569654,False,0.0,False,not_required
119,0.07090265815747844,0.012461466956461428,0.06960175762155607,0.03702677236164176,0.6745833333333333,0.04526041666666669,0.7010416666666667,0.10536458333333332,0.05204826693772317,0.013826091009009757,0.052338502740494584,0.018308686482308968,0.0847428526736273,0.06484800364567693,0.07714678131488764,0.051315559747136044,98.77223653067789,34.0627513810399,95.4094063437891,29.309045667548332,0.2498009911646107,0.01496726294129741,0.26595313323029335,0.07438764956348382,0.9174897027135043,0.2826081091106356,0.30233825628573746,0.4688554653942724,0.0,0.04915212105539921,0.0,0.23772836366648492,0.9999999999812201,0.2879773900770669,0.920182770859957,0.00699366087193376,57.0,10.0,0.001793718686707174,0.0004121116651180281,0.9295675887035773,0.022455139273745095,55.0,24.25,0.0016647012578616352,0.0008521153451233362,0.052193384839108875,0.08094481699425747,0.257877062197452,Dense-global,Region-blob,Intermediate,N/A,Low-frequency,Dense-global + Region-blob + Low-frequency + Intermediate,0.07408600287842715,0.05452792356449926,False,0.0,False,not_required
120,0.03806959542470527,0.012020116036360093,0.03839354748715415,0.00982622582237154,0.6139583333333334,0.11177083333333337,0.6839583333333333,0.1535416666666667,0.029575958519739314,0.008898718435804382,0.028171358221356,0.008745876940475832,0.05387665329652866,0.06403101396529406,0.06699690512170234,0.07528755771785409,81.34346735752672,30.917993580148902,86.63575413669068,33.005185609468455,0.2547753113930762,0.017826593957202763,0.24616825650321827,0.040239762188485406,0.8939295038157368,0.36903859792655125,0.3716788885930786,0.6579557967219389,0.018013717638271864,0.060157254697138104,0.10885315417800524,0.42317449630747866,0.9999999999564384,0.06653267644403849,0.9002593025597379,0.028870169571049487,61.0,11.75,0.0014324596774193546,0.0002849702380952378,0.9237383065918714,0.035283955233617936,55.5,17.75,0.0015045955882352943,0.0003959335355793322,0.02887365837054766,0.0604367792091155,0.25047178394814723,Dense-global,Region-blob,Intermediate,N/A,Low-frequency,Dense-global + Region-blob + Low-frequency + Intermediate,0.0387898644455996,0.029911069818244818,False,0.0,False,not_required
121,0.058648216784103396,0.021194780018153427,0.05512212781111117,0.027047444619853242,0.6655208333333333,0.08020833333333333,0.649375,0.09859374999999992,0.040762462312422115,0.017415365226692202,0.03871785087674412,0.022624421928100602,0.20496323154887097,0.0610126509668463,0.1957349270788753,0.11006244917078609,89.46382033516748,21.807259442753704,88.89925121236118,22.400728090890027,0.2434366095409147,0.024230357077475034,0.25176273261534304,0.0395191623726526,0.9360519680548756,0.2267776949748891,0.29151025940599284,0.45330561078885323,-0.015257426419645309,0.034995264794161866,-0.08665487102875269,0.19723574016552098,0.999999999973717,0.17999684963305185,0.9015065080958129,0.02095077837557091,53.0,13.75,0.0020794025157232707,0.0004194082383397798,0.8922643321156348,0.023629391922425524,53.0,14.25,0.001886284157449577,0.0003474540895639269,0.03974015659458312,0.20034907931387314,0.24759967107812886,Dense-global,Region-blob,Stable,N/A,Low-frequency,Dense-global + Region-blob + Low-frequency + Stable,0.05949436240243679,0.04519743301081021,False,0.0,False,not_required
122,0.049889070313903175,0.01682719906283814,0.05260185923546183,0.019118293628386115,0.4102083333333333,0.056927083333333295,0.42322916666666666,0.15317708333333335,0.05026332771481995,0.018447869758456546,0.052313925953663035,0.021673566079553598,0.15557870669252852,0.09658882564836052,0.15312159730394637,0.07159379974890641,136.488422330091,3.6104680696371076,136.627327425315,5.3437654220124955,0.37800719919417425,0.011893052255338432,0.3728065650940055,0.015974093490334018,0.9135225389656465,0.25720299267418845,0.39074025284656655,0.6768090063388571,0.0,0.02586175456300376,0.0,0.23740960724962132,0.9999999999812105,0.03035838173023042,0.8453818126088227,0.017054036160890296,56.0,6.0,0.0007333766840069362,6.967902264162665e-05,0.8452970978400306,0.04423107496296508,57.0,9.5,0.0007424868295019157,0.00012832366961459637,0.05128862683424149,0.15435015199823743,0.3754068821440899,Moderate-region,Texture/high-frequency,Intermediate,N/A,High-frequency,Moderate-region + Texture/high-frequency + High-frequency + Intermediate,0.0526422786916568,0.05235743497688148,False,0.0,False,not_required
123,0.028144766875987725,0.007879860161810897,0.03056785414260213,0.007630763858509686,0.7671874999999999,0.03953125000000002,0.8026041666666667,0.09432291666666659,0.021348794326999043,0.006388708490410705,0.02250846999395701,0.007183564451474646,0.052277131031231355,0.04013962621829365,0.06169412041836479,0.03468579349803444,73.17941453838668,44.112690493144015,58.70148614487006,33.52205143962212,0.26976021781481585,0.01952849842457488,0.2577611293990058,0.023025715607962405,0.8030497360785326,0.3750735196042029,0.46540077740233216,0.6288006969100408,0.03717306274360112,0.06453075021536209,0.26041262524480036,0.43151127363690434,0.9999999999663902,0.1844963342208643,0.9299126626349856,0.011119946781718126,60.5,9.75,0.0014507850241545894,0.00021258121399581032,0.9414310408959536,0.027338395293318163,60.5,17.75,0.0015915190552871711,0.0002343818421980386,0.021928632160478027,0.056985625724798074,0.2637606736069108,Dense-global,Region-blob,Sensitive,N/A,Low-frequency,Dense-global + Region-blob + Low-frequency + Sensitive,0.03123429010506866,0.022807326014689665,False,0.0,False,not_required
124,0.07931054496173401,0.01825472598044514,0.07766147468206908,0.02061763113724205,0.24833333333333335,0.01932291666666669,0.22999999999999998,0.04609375000000002,0.08236257562178065,0.021995147392358624,0.08052745220239803,0.026116609126029547,0.10434180002155011,0.1069443569149313,0.09745991051242622,0.09920856232155931,102.22504474234594,60.7668520671918,100.95966539146924,63.580455717698555,0.4536038507290823,0.02824334175354315,0.4519716035767448,0.033000132185777686,0.9279765979755282,0.2522472335762531,0.4032342671826946,0.603559934800916,-0.00470687513375348,0.011167143332819852,-0.048995904902499776,0.10953764747891605,0.9741108080910705,0.10035291731826868,0.7809910789413423,0.008531552760524308,34.0,6.75,0.0006502525252525252,8.006723241098246e-05,0.776873764827777,0.018853000033855816,32.0,11.75,0.0006212797619047619,9.051096263267304e-05,0.08144501391208933,0.10090085526698817,0.4527877271529136,Moderate-region,Texture/high-frequency,Sensitive,N/A,High-frequency,Moderate-region + Texture/high-frequency + High-frequency + Sensitive,0.07980798401452335,0.08280733317009044,False,0.0,False,not_required
125,0.0431953472161737,0.008601161741982818,0.03685689260478438,0.020446564006711795,0.2225,0.018645833333333306,0.21010416666666665,0.09255208333333334,0.04493629641883528,0.010005287092150275,0.0395125413206383,0.020243940847439638,0.03235324585163765,0.026774276362542922,0.04162486050625522,0.03244289784520424,106.14013629534072,50.14334074972126,105.93192348168392,44.20636104674226,0.4446464562919529,0.013110895535021927,0.4396570345842048,0.013468741366551629,0.8680373436557522,0.3480304636931264,0.5551844396171568,0.676854663431623,-0.0021712903670466736,0.02430928633453211,-0.03474143584135002,0.3893026917680513,0.941053535593663,0.34447613834189417,0.7611985936154673,0.011357342987871277,27.0,5.75,0.0005324712643678161,5.7567158718474574e-05,0.7543039276662775,0.05906232983275961,23.5,11.25,0.0005172242134607727,7.318722943722947e-05,0.04222441886973679,0.036989053178946435,0.44215174543807884,Moderate-region,Texture/high-frequency,Sensitive,N/A,High-frequency,Moderate-region + Texture/high-frequency + High-frequency + Sensitive,0.0431953472161737,0.04524026737228986,False,0.0,False,not_required
126,0.05795994183309629,0.028076621736906927,0.05309230924682859,0.059899960005841094,0.9595833333333332,0.011822916666666794,0.9564583333333333,0.044322916666666656,0.03781864449124041,0.013592610332110133,0.039651268469702954,0.02894821305857178,0.07026874529083915,0.06923622526668263,0.056570535641638706,0.0522407615204509,122.26683622310959,56.1149060638122,100.927372760049,75.51141263223472,0.2300812640690057,0.07346923474601869,0.26467775276257266,0.08289468657289764,0.8472337986926362,0.46539875529947394,0.40649832732233815,0.6870913364080475,0.0,0.36277755002046896,0.0,0.9574284548916527,0.999999999978552,0.9396637003657436,0.9703949632604041,0.004768920752571515,53.0,23.0,0.002286409808488613,0.002198299314265428,0.9731919097772574,0.010805824586771706,52.5,32.5,0.0022895833333333336,0.0015365334145732604,0.03873495648047168,0.06341964046623894,0.24737950841578918,Dense-global,Region-blob,Sensitive,N/A,Low-frequency,Dense-global + Region-blob + Low-frequency + Sensitive,0.07160791774308314,0.04615814348806511,False,0.0,False,not_required
127,0.08132233144729385,0.03292245399910386,0.07556352597151816,0.04626375043501668,0.37625,0.02442708333333332,0.35520833333333335,0.04625000000000001,0.0789957850161971,0.03698800409051165,0.07286036181573471,0.04760812130640433,0.13007562767495226,0.04578057930490999,0.1368048966129863,0.04199989048651627,117.36182204294592,12.945051429359822,113.66291194349219,14.853222568074884,0.347808336567001,0.017474147077762014,0.34429053508396296,0.018394654925024234,0.9463328142869457,0.20021730750389066,0.34511669883328244,0.47594304508897145,-0.0024932768508546116,0.028578099901821086,-0.017733096055510135,0.24693805832483556,0.9961815068317346,0.2421385203646883,0.8245347703769652,0.011500457213752147,48.5,11.5,0.0007379712301587302,8.022302769070003e-05,0.8166842278509291,0.017247146162677862,44.5,14.75,0.0007348424145299145,0.00011742903443456463,0.07592807341596591,0.13344026214396928,0.346049435825482,Moderate-region,Mixed/isotropic,Intermediate,N/A,Mid-frequency,Moderate-region + Mixed/isotropic + Mid-frequency + Intermediate,0.08187959470706122,0.0789957850161971,False,0.0,False,not_required
