1341847980.7869 -0.0035 -0.0025 0.0013 -0.0003 0.0003 -0.0005 1.0000
1341847980.8230 -0.0034 -0.0028 -0.0001 0.0005 0.0001 -0.0014 1.0000
1341847980.8547 -0.0036 -0.0016 -0.0010 0.0008 0.0005 -0.0019 1.0000
1341847980.8907 -0.0056 -0.0020 -0.0009 0.0009 0.0009 -0.0020 1.0000
1341847980.9230 -0.0062 -0.0018 -0.0019 0.0013 0.0007 -0.0026 1.0000
1341847980.9546 -0.0054 -0.0010 -0.0032 0.0012 0.0009 -0.0029 1.0000
1341847980.9907 -0.0086 -0.0020 -0.0019 0.0008 0.0017 -0.0027 1.0000
1341847981.0227 -0.0088 -0.0003 -0.0036 0.0015 0.0014 -0.0028 1.0000
1341847981.0547 -0.0095 -0.0009 -0.0033 0.0012 0.0015 -0.0029 1.0000
1341847981.0907 -0.0102 -0.0001 -0.0035 0.0016 0.0021 -0.0031 1.0000
1341847981.1230 -0.0121 -0.0013 -0.0046 0.0016 0.0029 -0.0029 1.0000
1341847981.1586 -0.0145 0.0002 -0.0056 0.0015 0.0033 -0.0017 1.0000
1341847981.1906 -0.0171 -0.0016 -0.0051 0.0008 0.0035 0.0000 1.0000
1341847981.2230 -0.0207 -0.0018 -0.0051 0.0016 0.0037 0.0017 1.0000
1341847981.2587 -0.0218 0.0001 -0.0075 0.0020 0.0031 0.0033 1.0000
1341847981.2908 -0.0221 -0.0005 -0.0071 0.0019 0.0029 0.0039 1.0000
1341847981.3229 -0.0229 0.0006 -0.0084 0.0026 0.0039 0.0037 1.0000
1341847981.3587 -0.0281 0.0025 -0.0091 0.0032 0.0053 0.0040 1.0000
1341847981.3908 -0.0340 0.0004 -0.0094 0.0027 0.0059 0.0050 1.0000
1341847981.4267 -0.0382 -0.0007 -0.0114 0.0031 0.0058 0.0060 1.0000
1341847981.4588 -0.0389 0.0012 -0.0152 0.0035 0.0052 0.0068 1.0000
1341847981.4907 -0.0432 0.0015 -0.0152 0.0034 0.0057 0.0071 1.0000
1341847981.5270 -0.0487 0.0014 -0.0176 0.0038 0.0067 0.0066 0.9999
1341847981.5587 -0.0515 0.0027 -0.0195 0.0038 0.0072 0.0061 0.9999
1341847981.5949 -0.0584 -0.0006 -0.0197 0.0037 0.0089 0.0054 0.9999
1341847981.6267 -0.0633 0.0026 -0.0241 0.0052 0.0098 0.0057 0.9999
1341847981.6587 -0.0656 0.0086 -0.0263 0.0050 0.0097 0.0056 0.9999
1341847981.6947 -0.0754 0.0061 -0.0250 0.0044 0.0115 0.0052 0.9999
1341847981.7266 -0.0780 0.0099 -0.0296 0.0045 0.0117 0.0058 0.9999
1341847981.7588 -0.0831 0.0090 -0.0313 0.0030 0.0119 0.0058 0.9999
1341847981.7947 -0.0871 0.0149 -0.0331 0.0029 0.0119 0.0055 0.9999
1341847981.8267 -0.0934 0.0156 -0.0339 0.0009 0.0127 0.0053 0.9999
1341847981.8627 -0.1065 0.0147 -0.0301 0.0008 0.0141 0.0049 0.9999
1341847981.8946 -0.1037 0.0146 -0.0391 0.0000 0.0118 0.0046 0.9999
1341847981.9266 -0.1112 0.0189 -0.0372 -0.0022 0.0116 0.0047 0.9999
1341847981.9948 -0.1222 0.0136 -0.0344 -0.0041 0.0121 0.0046 0.9999
1341847982.0627 -0.1370 0.0076 -0.0340 -0.0030 0.0128 0.0020 0.9999
1341847982.0948 -0.1372 0.0124 -0.0371 -0.0013 0.0116 0.0011 0.9999
1341847982.1307 -0.1488 0.0077 -0.0316 -0.0004 0.0122 0.0008 0.9999
1341847982.1627 -0.1482 0.0108 -0.0385 0.0031 0.0099 0.0015 0.9999
1341847982.1947 -0.1350 0.0147 -0.0462 0.0024 0.0066 0.0022 1.0000
1341847982.2306 -0.1444 0.0142 -0.0417 0.0009 0.0099 0.0024 0.9999
1341847982.2627 -0.1454 0.0071 -0.0419 0.0008 0.0118 0.0015 0.9999
1341847982.2950 -0.1499 0.0057 -0.0428 0.0009 0.0145 0.0006 0.9999
1341847982.3307 -0.1624 0.0062 -0.0386 0.0031 0.0178 0.0032 0.9998
1341847982.3989 -0.1725 0.0035 -0.0420 0.0075 0.0154 0.0084 0.9998
1341847982.4308 -0.1654 0.0043 -0.0461 0.0087 0.0139 0.0095 0.9998
1341847982.4626 -0.1659 0.0056 -0.0472 0.0097 0.0166 0.0101 0.9998
1341847982.4986 -0.1653 0.0064 -0.0495 0.0095 0.0189 0.0100 0.9997
1341847982.5308 -0.1765 0.0055 -0.0455 0.0080 0.0222 0.0105 0.9997
1341847982.5667 -0.1746 0.0080 -0.0487 0.0070 0.0228 0.0119 0.9996
1341847982.5987 -0.1816 0.0074 -0.0453 0.0042 0.0262 0.0132 0.9996
1341847982.6307 -0.1847 0.0035 -0.0447 0.0027 0.0286 0.0133 0.9995
1341847982.6666 -0.1907 0.0046 -0.0445 0.0018 0.0316 0.0139 0.9994
1341847982.6986 -0.1956 0.0025 -0.0433 -0.0001 0.0348 0.0143 0.9993
1341847982.7307 -0.2050 0.0006 -0.0413 -0.0013 0.0393 0.0142 0.9991
1341847982.7667 -0.2166 -0.0018 -0.0381 -0.0012 0.0428 0.0153 0.9990
1341847982.7987 -0.2243 -0.0010 -0.0384 -0.0009 0.0447 0.0168 0.9989
1341847982.8347 -0.2374 -0.0060 -0.0347 -0.0006 0.0473 0.0171 0.9987
1341847982.8667 -0.2506 -0.0072 -0.0337 0.0019 0.0488 0.0184 0.9986
1341847982.8987 -0.2606 -0.0029 -0.0377 0.0042 0.0483 0.0199 0.9986
1341847982.9348 -0.2722 0.0041 -0.0379 0.0046 0.0467 0.0219 0.9987
1341847982.9667 -0.2779 0.0013 -0.0376 0.0028 0.0450 0.0224 0.9987
1341847982.9988 -0.2804 -0.0004 -0.0400 0.0014 0.0453 0.0213 0.9987
1341847983.0347 -0.2971 0.0009 -0.0364 0.0002 0.0483 0.0209 0.9986
1341847983.0667 -0.3075 0.0007 -0.0367 -0.0009 0.0482 0.0219 0.9986
1341847983.1028 -0.3193 -0.0018 -0.0351 -0.0024 0.0486 0.0231 0.9985
1341847983.1347 -0.3329 -0.0074 -0.0320 -0.0027 0.0493 0.0242 0.9985
1341847983.1667 -0.3477 -0.0064 -0.0324 -0.0012 0.0492 0.0251 0.9985
1341847983.2027 -0.3537 -0.0046 -0.0364 -0.0009 0.0472 0.0263 0.9985
1341847983.2347 -0.3597 -0.0031 -0.0379 -0.0014 0.0462 0.0270 0.9986
1341847983.2668 -0.3622 -0.0017 -0.0431 -0.0035 0.0459 0.0265 0.9986
1341847983.3027 -0.3726 -0.0052 -0.0405 -0.0066 0.0482 0.0257 0.9985
1341847983.3347 -0.3813 -0.0073 -0.0387 -0.0081 0.0508 0.0250 0.9984
1341847983.3709 -0.3940 -0.0116 -0.0355 -0.0087 0.0542 0.0244 0.9982
1341847983.4027 -0.4062 -0.0134 -0.0371 -0.0079 0.0552 0.0256 0.9981
1341847983.4347 -0.4166 -0.0102 -0.0396 -0.0085 0.0539 0.0282 0.9981
1341847983.4707 -0.4229 -0.0134 -0.0364 -0.0093 0.0533 0.0278 0.9982
1341847983.5028 -0.4275 -0.0178 -0.0408 -0.0086 0.0553 0.0248 0.9981
1341847983.5348 -0.4400 -0.0156 -0.0443 -0.0079 0.0598 0.0233 0.9979
1341847983.5707 -0.4553 -0.0137 -0.0422 -0.0079 0.0628 0.0236 0.9977
1341847983.6027 -0.4689 -0.0191 -0.0426 -0.0077 0.0639 0.0243 0.9976
1341847983.6387 -0.4780 -0.0173 -0.0463 -0.0058 0.0647 0.0249 0.9976
1341847983.7029 -0.5073 -0.0209 -0.0522 -0.0016 0.0680 0.0264 0.9973
1341847983.7387 -0.5211 -0.0186 -0.0559 -0.0004 0.0676 0.0282 0.9973
1341847983.7707 -0.5322 -0.0218 -0.0594 0.0001 0.0671 0.0297 0.9973
1341847983.8067 -0.5439 -0.0229 -0.0594 0.0017 0.0684 0.0293 0.9972
1341847983.8387 -0.5624 -0.0217 -0.0622 0.0054 0.0702 0.0295 0.9971
1341847983.8707 -0.5746 -0.0148 -0.0708 0.0076 0.0685 0.0322 0.9971
1341847983.9067 -0.5906 -0.0150 -0.0695 0.0080 0.0668 0.0351 0.9971
1341847983.9388 -0.5961 -0.0121 -0.0786 0.0082 0.0644 0.0360 0.9972
1341847983.9708 -0.6053 -0.0119 -0.0810 0.0064 0.0656 0.0351 0.9972
1341847984.0067 -0.6214 -0.0099 -0.0793 0.0058 0.0685 0.0341 0.9971
1341847984.0387 -0.6308 -0.0081 -0.0830 0.0043 0.0702 0.0337 0.9970
1341847984.0747 -0.6412 -0.0018 -0.0886 0.0025 0.0723 0.0325 0.9968
1341847984.1068 -0.6598 0.0004 -0.0818 -0.0014 0.0759 0.0315 0.9966
1341847984.1387 -0.6788 -0.0021 -0.0738 -0.0028 0.0788 0.0303 0.9964
1341847984.1748 -0.6843 0.0061 -0.0857 -0.0040 0.0781 0.0287 0.9965
1341847984.2067 -0.7031 0.0057 -0.0739 -0.0087 0.0808 0.0270 0.9963
1341847984.2387 -0.7265 0.0072 -0.0666 -0.0094 0.0818 0.0279 0.9962
1341847984.2748 -0.7313 0.0074 -0.0673 -0.0119 0.0793 0.0284 0.9964
1341847984.3067 -0.7432 0.0098 -0.0610 -0.0139 0.0798 0.0283 0.9963
1341847984.3431 -0.7576 0.0078 -0.0536 -0.0163 0.0801 0.0288 0.9962
1341847984.4067 -0.7779 0.0125 -0.0423 -0.0193 0.0765 0.0320 0.9964
1341847984.4429 -0.7891 0.0077 -0.0307 -0.0216 0.0768 0.0328 0.9963
1341847984.4746 -0.7987 0.0076 -0.0245 -0.0212 0.0771 0.0324 0.9963
1341847984.5067 -0.8084 0.0058 -0.0148 -0.0222 0.0779 0.0317 0.9962
1341847984.5427 -0.8146 0.0040 -0.0092 -0.0226 0.0794 0.0321 0.9961
1341847984.5748 -0.8248 0.0070 0.0021 -0.0233 0.0827 0.0328 0.9958
1341847984.6108 -0.8414 -0.0006 0.0206 -0.0230 0.0844 0.0323 0.9956
1341847984.6427 -0.8507 -0.0004 0.0299 -0.0197 0.0832 0.0336 0.9958
1341847984.6748 -0.8572 -0.0030 0.0372 -0.0192 0.0827 0.0347 0.9958
1341847984.7107 -0.8683 -0.0106 0.0542 -0.0183 0.0830 0.0348 0.9958
1341847984.7434 -0.8759 -0.0099 0.0647 -0.0146 0.0823 0.0345 0.9959
1341847984.7789 -0.8827 -0.0145 0.0724 -0.0143 0.0825 0.0353 0.9959
1341847984.8106 -0.8929 -0.0202 0.0907 -0.0136 0.0838 0.0374 0.9957
1341847984.8427 -0.9011 -0.0247 0.1061 -0.0104 0.0843 0.0390 0.9956
1341847984.8788 -0.9084 -0.0270 0.1142 -0.0081 0.0848 0.0404 0.9955
1341847984.9106 -0.9158 -0.0293 0.1220 -0.0078 0.0844 0.0432 0.9955
1341847984.9431 -0.9229 -0.0336 0.1342 -0.0089 0.0828 0.0469 0.9954
1341847984.9792 -0.9268 -0.0390 0.1452 -0.0102 0.0807 0.0497 0.9955
1341847985.0106 -0.9285 -0.0425 0.1550 -0.0124 0.0803 0.0505 0.9954
1341847985.0466 -0.9322 -0.0487 0.1683 -0.0153 0.0834 0.0512 0.9951
1341847985.0787 -0.9389 -0.0540 0.1816 -0.0160 0.0873 0.0508 0.9948
1341847985.1108 -0.9443 -0.0584 0.1930 -0.0171 0.0904 0.0522 0.9944
1341847985.1468 -0.9478 -0.0638 0.2039 -0.0177 0.0930 0.0540 0.9940
1341847985.1787 -0.9527 -0.0690 0.2179 -0.0177 0.0965 0.0551 0.9937
1341847985.2108 -0.9577 -0.0767 0.2298 -0.0168 0.0991 0.0553 0.9934
1341847985.2467 -0.9595 -0.0802 0.2338 -0.0160 0.1014 0.0559 0.9931
1341847985.2789 -0.9650 -0.0891 0.2468 -0.0169 0.1051 0.0561 0.9927
1341847985.3146 -0.9703 -0.0950 0.2596 -0.0151 0.1084 0.0558 0.9924
1341847985.3468 -0.9747 -0.0988 0.2634 -0.0141 0.1101 0.0561 0.9922
1341847985.3788 -0.9781 -0.1029 0.2716 -0.0152 0.1112 0.0563 0.9921
1341847985.4146 -0.9824 -0.1084 0.2864 -0.0157 0.1143 0.0569 0.9917
1341847985.4469 -0.9880 -0.1127 0.2984 -0.0144 0.1171 0.0569 0.9914
1341847985.4787 -0.9923 -0.1156 0.3064 -0.0137 0.1185 0.0581 0.9912
1341847985.5147 -0.9961 -0.1201 0.3171 -0.0144 0.1202 0.0587 0.9909
1341847985.5468 -1.0009 -0.1255 0.3297 -0.0150 0.1234 0.0596 0.9905
1341847985.5826 -1.0074 -0.1295 0.3451 -0.0137 0.1270 0.0606 0.9900
1341847985.6148 -1.0145 -0.1327 0.3570 -0.0116 0.1294 0.0622 0.9896
1341847985.6471 -1.0201 -0.1381 0.3709 -0.0097 0.1320 0.0642 0.9891
1341847985.6828 -1.0270 -0.1416 0.3824 -0.0069 0.1348 0.0666 0.9886
1341847985.7147 -1.0340 -0.1469 0.3963 -0.0031 0.1365 0.0700 0.9882
1341847985.7470 -1.0401 -0.1519 0.4048 0.0004 0.1378 0.0724 0.9878
1341847985.7828 -1.0466 -0.1545 0.4185 0.0045 0.1406 0.0744 0.9873
1341847985.8147 -1.0543 -0.1568 0.4334 0.0123 0.1434 0.0776 0.9865
1341847985.8507 -1.0590 -0.1612 0.4344 0.0186 0.1439 0.0806 0.9861
1341847985.8828 -1.0618 -0.1674 0.4336 0.0175 0.1436 0.0836 0.9859
1341847985.9150 -1.0672 -0.1749 0.4465 0.0147 0.1466 0.0865 0.9853
1341847985.9508 -1.0721 -0.1808 0.4591 0.0144 0.1516 0.0862 0.9846
1341847985.9827 -1.0781 -0.1849 0.4687 0.0155 0.1565 0.0859 0.9838
1341847986.0188 -1.0827 -0.1881 0.4764 0.0164 0.1589 0.0879 0.9832
1341847986.0520 -1.0868 -0.1938 0.4856 0.0158 0.1601 0.0911 0.9828
1341847986.0826 -1.0923 -0.2020 0.4969 0.0153 0.1619 0.0925 0.9823
1341847986.1187 -1.0943 -0.2069 0.5018 0.0143 0.1642 0.0925 0.9820
1341847986.1506 -1.0982 -0.2104 0.5115 0.0125 0.1686 0.0930 0.9812
1341847986.1826 -1.1030 -0.2155 0.5294 0.0123 0.1734 0.0938 0.9803
1341847986.2187 -1.1059 -0.2223 0.5391 0.0139 0.1762 0.0946 0.9797
1341847986.2506 -1.1091 -0.2275 0.5478 0.0153 0.1787 0.0963 0.9791
1341847986.2867 -1.1123 -0.2350 0.5596 0.0165 0.1820 0.0979 0.9783
1341847986.3262 -1.1155 -0.2430 0.5715 0.0184 0.1857 0.0990 0.9774
1341847986.3592 -1.1171 -0.2470 0.5791 0.0211 0.1884 0.1014 0.9766
1341847986.3945 -1.1197 -0.2490 0.5896 0.0222 0.1912 0.1035 0.9758
1341847986.4259 -1.1217 -0.2572 0.6009 0.0215 0.1942 0.1047 0.9751
1341847986.4577 -1.1230 -0.2616 0.6110 0.0210 0.1974 0.1058 0.9744
1341847986.4937 -1.1261 -0.2671 0.6267 0.0205 0.2008 0.1073 0.9735
1341847986.5258 -1.1281 -0.2735 0.6390 0.0211 0.2028 0.1085 0.9730
1341847986.5617 -1.1296 -0.2782 0.6487 0.0203 0.2048 0.1091 0.9725
1341847986.5937 -1.1326 -0.2876 0.6646 0.0180 0.2088 0.1093 0.9717
1341847986.6257 -1.1350 -0.2956 0.6803 0.0188 0.2127 0.1099 0.9707
1341847986.6619 -1.1360 -0.2967 0.6884 0.0210 0.2141 0.1125 0.9701
1341847986.6937 -1.1392 -0.3002 0.7022 0.0217 0.2153 0.1169 0.9693
1341847986.7259 -1.1410 -0.3060 0.7139 0.0221 0.2155 0.1224 0.9685
1341847986.7626 -1.1421 -0.3100 0.7218 0.0213 0.2154 0.1261 0.9681
1341847986.7938 -1.1429 -0.3151 0.7310 0.0180 0.2173 0.1286 0.9674
1341847986.8298 -1.1455 -0.3233 0.7468 0.0149 0.2210 0.1303 0.9664
1341847986.8867 -1.1505 -0.3295 0.7685 0.0135 0.2226 0.1356 0.9653
1341847986.9227 -1.1520 -0.3364 0.7799 0.0108 0.2230 0.1390 0.9648
1341847986.9547 -1.1534 -0.3436 0.7915 0.0084 0.2248 0.1404 0.9642
1341847986.9906 -1.1559 -0.3489 0.8041 0.0069 0.2277 0.1415 0.9634
1341847987.0229 -1.1576 -0.3528 0.8139 0.0066 0.2296 0.1437 0.9626
1341847987.0546 -1.1600 -0.3545 0.8228 0.0056 0.2304 0.1464 0.9620
1341847987.0912 -1.1611 -0.3616 0.8343 0.0029 0.2316 0.1480 0.9615
1341847987.1232 -1.1619 -0.3692 0.8465 0.0010 0.2352 0.1473 0.9607
1341847987.1907 -1.1659 -0.3741 0.8653 -0.0022 0.2452 0.1453 0.9585
1341847987.2593 -1.1716 -0.3798 0.8885 -0.0040 0.2520 0.1483 0.9563
1341847987.2907 -1.1735 -0.3869 0.8976 -0.0059 0.2569 0.1475 0.9551
1341847987.3228 -1.1762 -0.3911 0.9088 -0.0061 0.2636 0.1461 0.9535
1341847987.3907 -1.1841 -0.3998 0.9315 -0.0020 0.2760 0.1413 0.9507
1341847987.4228 -1.1879 -0.4007 0.9387 0.0009 0.2821 0.1397 0.9492
1341847987.4586 -1.1941 -0.3970 0.9533 0.0060 0.2884 0.1405 0.9471
1341847987.4908 -1.1995 -0.3955 0.9627 0.0122 0.2917 0.1422 0.9458
1341847987.5268 -1.2038 -0.3915 0.9615 0.0138 0.2927 0.1451 0.9450
1341847987.5587 -1.2086 -0.4012 0.9819 0.0113 0.2991 0.1465 0.9428
1341847987.5908 -1.2145 -0.3968 0.9914 0.0172 0.3037 0.1488 0.9409
1341847987.6269 -1.2203 -0.3911 0.9965 0.0206 0.3057 0.1532 0.9395
1341847987.6589 -1.2254 -0.3927 1.0088 0.0199 0.3083 0.1560 0.9382
1341847987.6916 -1.2311 -0.3910 1.0197 0.0207 0.3103 0.1581 0.9372
1341847987.7267 -1.2367 -0.3932 1.0341 0.0209 0.3114 0.1601 0.9365
1341847987.7587 -1.2407 -0.3925 1.0411 0.0224 0.3115 0.1642 0.9357
1341847987.7947 -1.2464 -0.3920 1.0525 0.0232 0.3121 0.1680 0.9348
1341847987.8267 -1.2522 -0.3928 1.0638 0.0244 0.3122 0.1717 0.9341
1341847987.8659 -1.2569 -0.3962 1.0737 0.0237 0.3118 0.1733 0.9339
1341847987.8978 -1.2631 -0.3973 1.0850 0.0253 0.3124 0.1752 0.9333
1341847987.9337 -1.2686 -0.4010 1.0964 0.0263 0.3119 0.1759 0.9333
1341847987.9658 -1.2731 -0.4074 1.1044 0.0268 0.3124 0.1728 0.9337
1341847987.9978 -1.2788 -0.4074 1.1107 0.0290 0.3130 0.1711 0.9338
1341847988.0338 -1.2832 -0.4143 1.1230 0.0287 0.3152 0.1671 0.9338
1341847988.0657 -1.2889 -0.4147 1.1332 0.0327 0.3165 0.1638 0.9338
1341847988.0982 -1.2931 -0.4181 1.1382 0.0343 0.3171 0.1591 0.9343
1341847988.1338 -1.2972 -0.4205 1.1464 0.0354 0.3198 0.1556 0.9340
1341847988.1658 -1.3038 -0.4139 1.1538 0.0408 0.3210 0.1567 0.9332
1341847988.2017 -1.3089 -0.4099 1.1598 0.0419 0.3190 0.1606 0.9331
1341847988.2338 -1.3099 -0.4178 1.1682 0.0371 0.3184 0.1621 0.9332
1341847988.2657 -1.3111 -0.4229 1.1776 0.0355 0.3206 0.1616 0.9327
1341847988.3018 -1.3153 -0.4175 1.1824 0.0379 0.3217 0.1632 0.9319
1341847988.3337 -1.3185 -0.4159 1.1909 0.0369 0.3218 0.1669 0.9313
1341847988.3697 -1.3193 -0.4194 1.2000 0.0347 0.3227 0.1689 0.9307
1341847988.4017 -1.3238 -0.4155 1.2092 0.0375 0.3234 0.1731 0.9296
1341847988.4340 -1.3255 -0.4196 1.2158 0.0358 0.3227 0.1759 0.9293
1341847988.4697 -1.3267 -0.4249 1.2214 0.0348 0.3249 0.1744 0.9289
1341847988.5025 -1.3318 -0.4196 1.2236 0.0376 0.3273 0.1754 0.9277
1341847988.5378 -1.3378 -0.4135 1.2293 0.0396 0.3278 0.1803 0.9265
1341847988.5697 -1.3413 -0.4158 1.2350 0.0369 0.3267 0.1822 0.9267
1341847988.6018 -1.3443 -0.4186 1.2369 0.0333 0.3272 0.1812 0.9268
1341847988.6378 -1.3479 -0.4198 1.2411 0.0300 0.3297 0.1797 0.9264
1341847988.6698 -1.3527 -0.4198 1.2467 0.0286 0.3318 0.1784 0.9259
1341847988.7062 -1.3576 -0.4206 1.2495 0.0269 0.3332 0.1784 0.9255
1341847988.7379 -1.3626 -0.4211 1.2540 0.0267 0.3348 0.1807 0.9244
1341847988.7697 -1.3683 -0.4223 1.2590 0.0276 0.3353 0.1848 0.9234
1341847988.8061 -1.3739 -0.4263 1.2601 0.0275 0.3356 0.1867 0.9229
1341847988.8379 -1.3810 -0.4282 1.2580 0.0263 0.3366 0.1882 0.9223
1341847988.8739 -1.3863 -0.4328 1.2621 0.0232 0.3397 0.1883 0.9212
1341847988.9378 -1.4023 -0.4343 1.2653 0.0235 0.3437 0.1915 0.9191
1341847988.9987 -1.4186 -0.4392 1.2728 0.0216 0.3466 0.1968 0.9169
1341847989.0347 -1.4283 -0.4411 1.2726 0.0203 0.3462 0.1991 0.9166
1341847989.0667 -1.4350 -0.4499 1.2779 0.0157 0.3479 0.1984 0.9162
1341847989.0988 -1.4434 -0.4551 1.2844 0.0171 0.3494 0.1974 0.9158
1341847989.1347 -1.4536 -0.4578 1.2847 0.0208 0.3487 0.1980 0.9158
1341847989.1667 -1.4633 -0.4631 1.2865 0.0233 0.3485 0.1994 0.9156
1341847989.2027 -1.4750 -0.4657 1.2875 0.0272 0.3468 0.1999 0.9160
1341847989.2347 -1.4855 -0.4709 1.2879 0.0290 0.3441 0.2000 0.9169
1341847989.2667 -1.4956 -0.4778 1.2883 0.0287 0.3427 0.1979 0.9179
1341847989.3028 -1.5068 -0.4817 1.2888 0.0282 0.3414 0.1938 0.9193
1341847989.3349 -1.5178 -0.4862 1.2893 0.0265 0.3401 0.1900 0.9206
1341847989.3667 -1.5266 -0.4932 1.2898 0.0220 0.3397 0.1842 0.9220
1341847989.4028 -1.5346 -0.4988 1.2923 0.0189 0.3413 0.1789 0.9226
1341847989.4348 -1.5438 -0.5006 1.2947 0.0211 0.3418 0.1756 0.9230
1341847989.4707 -1.5553 -0.5041 1.2898 0.0202 0.3412 0.1733 0.9236
1341847989.5026 -1.5625 -0.5084 1.2912 0.0178 0.3422 0.1735 0.9233
1341847989.5347 -1.5706 -0.5111 1.2951 0.0191 0.3423 0.1752 0.9229
1341847989.5707 -1.5787 -0.5161 1.2908 0.0179 0.3412 0.1749 0.9234
1341847989.6028 -1.5835 -0.5246 1.2950 0.0142 0.3440 0.1736 0.9227
1341847989.6347 -1.5913 -0.5282 1.2960 0.0154 0.3477 0.1707 0.9218
1341847989.6706 -1.6028 -0.5264 1.2923 0.0167 0.3501 0.1703 0.9210
1341847989.7026 -1.6094 -0.5297 1.2952 0.0150 0.3515 0.1707 0.9204
1341847989.7389 -1.6178 -0.5335 1.2960 0.0141 0.3539 0.1695 0.9197
1341847989.7707 -1.6283 -0.5335 1.2952 0.0135 0.3561 0.1695 0.9188
1341847989.8029 -1.6369 -0.5347 1.2972 0.0123 0.3575 0.1701 0.9182
1341847989.8388 -1.6466 -0.5380 1.2984 0.0116 0.3589 0.1710 0.9175
1341847989.8710 -1.6552 -0.5431 1.3009 0.0110 0.3616 0.1692 0.9168
1341847989.9027 -1.6691 -0.5412 1.2999 0.0144 0.3638 0.1700 0.9157
1341847989.9389 -1.6827 -0.5408 1.3008 0.0168 0.3632 0.1742 0.9151
1341847989.9707 -1.6929 -0.5469 1.3017 0.0167 0.3621 0.1753 0.9154
1341847990.0069 -1.7053 -0.5519 1.2995 0.0157 0.3636 0.1742 0.9150
1341847990.0390 -1.7174 -0.5525 1.3009 0.0164 0.3657 0.1741 0.9142
1341847990.0707 -1.7301 -0.5543 1.3025 0.0175 0.3661 0.1733 0.9141
1341847990.1067 -1.7427 -0.5573 1.3005 0.0175 0.3663 0.1733 0.9141
1341847990.1392 -1.7539 -0.5597 1.3023 0.0180 0.3673 0.1743 0.9135
1341847990.1711 -1.7663 -0.5602 1.3037 0.0213 0.3665 0.1756 0.9134
1341847990.2070 -1.7798 -0.5618 1.3015 0.0238 0.3643 0.1768 0.9141
1341847990.2389 -1.7919 -0.5651 1.3004 0.0231 0.3634 0.1780 0.9142
1341847990.2747 -1.8015 -0.5685 1.3047 0.0240 0.3632 0.1788 0.9141
1341847990.3067 -1.8157 -0.5702 1.3021 0.0249 0.3622 0.1779 0.9146
1341847990.3391 -1.8263 -0.5720 1.3032 0.0234 0.3623 0.1779 0.9146
1341847990.3747 -1.8369 -0.5733 1.3066 0.0240 0.3625 0.1780 0.9145
1341847990.4068 -1.8501 -0.5729 1.3048 0.0244 0.3613 0.1781 0.9150
1341847990.4426 -1.8595 -0.5746 1.3066 0.0217 0.3611 0.1803 0.9147
1341847990.4746 -1.8664 -0.5779 1.3119 0.0212 0.3611 0.1805 0.9147
1341847990.5068 -1.8775 -0.5776 1.3097 0.0210 0.3611 0.1800 0.9148
1341847990.5428 -1.8865 -0.5776 1.3120 0.0199 0.3621 0.1834 0.9137
1341847990.5747 -1.8932 -0.5782 1.3160 0.0206 0.3619 0.1865 0.9131
1341847990.6428 -1.9100 -0.5832 1.3177 0.0178 0.3643 0.1874 0.9121
1341847990.6748 -1.9184 -0.5830 1.3201 0.0182 0.3662 0.1901 0.9107
1341847990.7108 -1.9280 -0.5833 1.3221 0.0202 0.3661 0.1938 0.9099
1341847990.7427 -1.9383 -0.5837 1.3210 0.0202 0.3658 0.1980 0.9092
1341847990.7747 -1.9414 -0.5883 1.3276 0.0188 0.3667 0.2007 0.9082
1341847990.8108 -1.9493 -0.5906 1.3293 0.0205 0.3689 0.2011 0.9072
1341847990.8427 -1.9593 -0.5912 1.3295 0.0208 0.3705 0.2029 0.9062
1341847990.8747 -1.9647 -0.5946 1.3338 0.0193 0.3722 0.2040 0.9052
1341847990.9108 -1.9715 -0.5972 1.3370 0.0191 0.3744 0.2043 0.9043
1341847990.9427 -1.9789 -0.5997 1.3385 0.0177 0.3768 0.2041 0.9033
1341847990.9788 -1.9838 -0.6031 1.3436 0.0161 0.3797 0.2044 0.9021
1341847991.0108 -1.9892 -0.6058 1.3480 0.0174 0.3816 0.2045 0.9013
1341847991.0428 -1.9966 -0.6082 1.3498 0.0177 0.3835 0.2053 0.9003
1341847991.0787 -2.0019 -0.6123 1.3552 0.0178 0.3856 0.2073 0.8989
1341847991.1113 -2.0088 -0.6159 1.3587 0.0196 0.3870 0.2095 0.8978
1341847991.1428 -2.0151 -0.6200 1.3627 0.0195 0.3885 0.2101 0.8970
1341847991.1788 -2.0210 -0.6236 1.3687 0.0193 0.3911 0.2109 0.8956
1341847991.2107 -2.0277 -0.6279 1.3763 0.0207 0.3936 0.2115 0.8944
1341847991.2468 -2.0371 -0.6304 1.3804 0.0214 0.3953 0.2108 0.8938
1341847991.2787 -2.0429 -0.6346 1.3876 0.0213 0.3978 0.2116 0.8925
1341847991.3108 -2.0521 -0.6362 1.3942 0.0248 0.3999 0.2137 0.8909
1341847991.3467 -2.0659 -0.6364 1.3984 0.0290 0.3984 0.2187 0.8903
1341847991.3788 -2.0747 -0.6399 1.4020 0.0287 0.3962 0.2249 0.8897
1341847991.4147 -2.0768 -0.6465 1.4098 0.0253 0.3968 0.2284 0.8887
1341847991.4467 -2.0822 -0.6504 1.4168 0.0231 0.3991 0.2289 0.8875
1341847991.4788 -2.0873 -0.6536 1.4229 0.0212 0.4020 0.2297 0.8861
1341847991.5147 -2.0928 -0.6569 1.4301 0.0203 0.4049 0.2316 0.8843
1341847991.5467 -2.0997 -0.6586 1.4345 0.0214 0.4064 0.2350 0.8827
1341847991.5788 -2.1052 -0.6620 1.4375 0.0217 0.4077 0.2399 0.8808
1341847991.6149 -2.1071 -0.6663 1.4422 0.0220 0.4097 0.2448 0.8785
1341847991.6467 -2.1083 -0.6712 1.4456 0.0228 0.4132 0.2488 0.8757
1341847991.6899 -2.1099 -0.6766 1.4487 0.0229 0.4184 0.2511 0.8725
1341847991.7468 -2.1225 -0.6833 1.4515 0.0245 0.4259 0.2552 0.8677
1341847991.7827 -2.1244 -0.6884 1.4545 0.0232 0.4284 0.2581 0.8656
1341847991.8147 -2.1235 -0.6958 1.4599 0.0211 0.4322 0.2588 0.8636
1341847991.8467 -2.1262 -0.7020 1.4630 0.0212 0.4369 0.2573 0.8617
1341847991.8828 -2.1351 -0.7028 1.4639 0.0220 0.4406 0.2578 0.8596
1341847991.9158 -2.1390 -0.7083 1.4704 0.0222 0.4428 0.2602 0.8578
1341847991.9508 -2.1423 -0.7150 1.4753 0.0218 0.4448 0.2603 0.8567
1341847991.9828 -2.1451 -0.7205 1.4794 0.0203 0.4478 0.2588 0.8556
1341847992.0147 -2.1498 -0.7253 1.4845 0.0195 0.4519 0.2581 0.8537
1341847992.0506 -2.1603 -0.7278 1.4880 0.0197 0.4544 0.2579 0.8524
1341847992.0828 -2.1636 -0.7338 1.4959 0.0182 0.4559 0.2580 0.8516
1341847992.1148 -2.1689 -0.7378 1.5005 0.0178 0.4580 0.2577 0.8506
1341847992.1508 -2.1752 -0.7415 1.5069 0.0181 0.4606 0.2581 0.8491
1341847992.1828 -2.1850 -0.7449 1.5125 0.0187 0.4622 0.2588 0.8479
1341847992.2187 -2.1891 -0.7501 1.5202 0.0187 0.4638 0.2601 0.8467
1341847992.2507 -2.1959 -0.7555 1.5254 0.0183 0.4670 0.2601 0.8449
1341847992.3187 -2.2119 -0.7638 1.5385 0.0194 0.4742 0.2615 0.8404
1341847992.3507 -2.2225 -0.7668 1.5428 0.0203 0.4766 0.2631 0.8386
1341847992.3829 -2.2300 -0.7709 1.5492 0.0210 0.4788 0.2658 0.8364
1341847992.4189 -2.2369 -0.7763 1.5550 0.0226 0.4813 0.2689 0.8340
1341847992.4508 -2.2479 -0.7797 1.5590 0.0237 0.4836 0.2710 0.8319
1341847992.4867 -2.2571 -0.7845 1.5646 0.0243 0.4854 0.2745 0.8297
1341847992.5187 -2.2638 -0.7922 1.5734 0.0245 0.4876 0.2764 0.8278
1341847992.5506 -2.2752 -0.7959 1.5786 0.0253 0.4894 0.2770 0.8265
1341847992.5867 -2.2864 -0.8003 1.5847 0.0242 0.4910 0.2779 0.8253
1341847992.6188 -2.2949 -0.8045 1.5917 0.0236 0.4924 0.2793 0.8240
1341847992.6547 -2.3042 -0.8088 1.5996 0.0231 0.4937 0.2810 0.8226
1341847992.6868 -2.3096 -0.8146 1.6075 0.0221 0.4947 0.2818 0.8218
1341847992.7187 -2.3160 -0.8193 1.6150 0.0224 0.4967 0.2813 0.8208
1341847992.7548 -2.3283 -0.8217 1.6209 0.0237 0.4985 0.2822 0.8194
1341847992.7866 -2.3359 -0.8267 1.6281 0.0237 0.4987 0.2836 0.8188
1341847992.8187 -2.3423 -0.8307 1.6331 0.0224 0.4994 0.2827 0.8186
1341847992.8549 -2.3505 -0.8333 1.6385 0.0205 0.5014 0.2823 0.8176
1341847992.8866 -2.3563 -0.8366 1.6456 0.0188 0.5028 0.2838 0.8162
1341847992.9227 -2.3597 -0.8409 1.6530 0.0183 0.5036 0.2851 0.8153
1341847992.9546 -2.3644 -0.8451 1.6585 0.0172 0.5048 0.2855 0.8145
1341847992.9867 -2.3663 -0.8487 1.6668 0.0176 0.5067 0.2866 0.8129
1341847993.0227 -2.3755 -0.8517 1.6720 0.0184 0.5079 0.2873 0.8119
1341847993.0548 -2.3788 -0.8561 1.6796 0.0173 0.5087 0.2884 0.8110
1341847993.0868 -2.3838 -0.8605 1.6875 0.0157 0.5103 0.2882 0.8101
1341847993.1227 -2.3884 -0.8640 1.6941 0.0138 0.5117 0.2881 0.8093
1341847993.1547 -2.3901 -0.8676 1.7021 0.0118 0.5135 0.2880 0.8082
1341847993.1908 -2.3913 -0.8716 1.7106 0.0115 0.5162 0.2883 0.8064
1341847993.2227 -2.3954 -0.8756 1.7174 0.0143 0.5184 0.2899 0.8044
1341847993.2618 -2.4014 -0.8800 1.7254 0.0173 0.5193 0.2919 0.8030
1341847993.3228 -2.4055 -0.8921 1.7409 0.0204 0.5225 0.2942 0.8000
1341847993.3547 -2.4118 -0.8972 1.7489 0.0209 0.5250 0.2950 0.7981
1341847993.3907 -2.4123 -0.9021 1.7579 0.0202 0.5272 0.2955 0.7964
1341847993.4227 -2.4149 -0.9066 1.7675 0.0196 0.5302 0.2960 0.7943
1341847993.4588 -2.4166 -0.9116 1.7775 0.0203 0.5329 0.2972 0.7920
1341847993.4907 -2.4218 -0.9158 1.7868 0.0226 0.5348 0.2994 0.7898
1341847993.5227 -2.4278 -0.9197 1.7955 0.0244 0.5356 0.3024 0.7881
1341847993.5587 -2.4320 -0.9244 1.8054 0.0248 0.5360 0.3067 0.7862
1341847993.5910 -2.4354 -0.9300 1.8169 0.0238 0.5362 0.3093 0.7850
1341847993.6268 -2.4392 -0.9349 1.8259 0.0222 0.5362 0.3113 0.7843
1341847993.6589 -2.4458 -0.9385 1.8344 0.0195 0.5363 0.3134 0.7834
1341847993.6907 -2.4455 -0.9437 1.8462 0.0151 0.5361 0.3159 0.7827
1341847993.7271 -2.4395 -0.9508 1.8573 0.0110 0.5374 0.3156 0.7819
1341847993.7909 -2.4451 -0.9605 1.8757 0.0078 0.5439 0.3143 0.7780
1341847993.8267 -2.4474 -0.9666 1.8850 0.0076 0.5440 0.3156 0.7774
1341847993.8589 -2.4501 -0.9728 1.8916 0.0061 0.5443 0.3158 0.7772
1341847993.9017 -2.4489 -0.9777 1.9010 0.0033 0.5457 0.3156 0.7762
1341847993.9337 -2.4493 -0.9852 1.9094 0.0037 0.5473 0.3160 0.7750
1341847993.9658 -2.4552 -0.9911 1.9137 0.0024 0.5480 0.3152 0.7748
1341847994.0020 -2.4504 -0.9970 1.9209 -0.0011 0.5508 0.3147 0.7730
1341847994.0340 -2.4478 -1.0049 1.9296 -0.0001 0.5545 0.3143 0.7706
1341847994.0657 -2.4573 -1.0103 1.9327 0.0022 0.5563 0.3141 0.7694
1341847994.1018 -2.4560 -1.0152 1.9405 0.0020 0.5582 0.3149 0.7676
1341847994.1339 -2.4539 -1.0219 1.9478 0.0034 0.5608 0.3144 0.7659
1341847994.1697 -2.4618 -1.0287 1.9517 0.0061 0.5633 0.3142 0.7642
1341847994.2017 -2.4655 -1.0328 1.9575 0.0079 0.5649 0.3164 0.7621
1341847994.2336 -2.4632 -1.0404 1.9657 0.0118 0.5666 0.3189 0.7597
1341847994.2697 -2.4723 -1.0470 1.9705 0.0147 0.5690 0.3179 0.7582
1341847994.3018 -2.4773 -1.0523 1.9767 0.0143 0.5711 0.3184 0.7565
1341847994.3338 -2.4762 -1.0595 1.9861 0.0160 0.5739 0.3189 0.7541
1341847994.3697 -2.4850 -1.0665 1.9934 0.0185 0.5765 0.3180 0.7525
1341847994.4017 -2.4897 -1.0726 2.0019 0.0201 0.5782 0.3188 0.7508
1341847994.4338 -2.4940 -1.0809 2.0116 0.0230 0.5798 0.3207 0.7487
1341847994.4697 -2.5020 -1.0876 2.0213 0.0256 0.5810 0.3213 0.7473
1341847994.5017 -2.5076 -1.0936 2.0314 0.0266 0.5822 0.3227 0.7458
1341847994.5377 -2.5112 -1.1003 2.0419 0.0281 0.5838 0.3241 0.7439
1341847994.5697 -2.5206 -1.1058 2.0505 0.0299 0.5850 0.3256 0.7422
1341847994.6017 -2.5271 -1.1113 2.0601 0.0289 0.5863 0.3280 0.7402
1341847994.6378 -2.5271 -1.1174 2.0704 0.0282 0.5875 0.3306 0.7381
1341847994.6697 -2.5336 -1.1237 2.0806 0.0286 0.5886 0.3317 0.7367
1341847994.7016 -2.5414 -1.1283 2.0896 0.0265 0.5895 0.3329 0.7355
1341847994.7698 -2.5428 -1.1403 2.1092 0.0248 0.5939 0.3344 0.7314
1341847994.8313 -2.5625 -1.1492 2.1263 0.0193 0.5978 0.3400 0.7257
1341847994.8668 -2.5602 -1.1545 2.1369 0.0171 0.5975 0.3436 0.7243
1341847994.8987 -2.5642 -1.1586 2.1441 0.0166 0.5976 0.3456 0.7233
1341847994.9307 -2.5682 -1.1615 2.1526 0.0134 0.5991 0.3455 0.7221
1341847994.9667 -2.5653 -1.1655 2.1607 0.0116 0.6012 0.3470 0.7197
1341847994.9987 -2.5683 -1.1696 2.1680 0.0130 0.6037 0.3483 0.7170
1341847995.0308 -2.5726 -1.1737 2.1741 0.0129 0.6059 0.3513 0.7137
1341847995.0667 -2.5676 -1.1775 2.1819 0.0131 0.6082 0.3533 0.7107
1341847995.0987 -2.5701 -1.1811 2.1878 0.0153 0.6117 0.3538 0.7075
1341847995.1349 -2.5757 -1.1858 2.1942 0.0152 0.6152 0.3546 0.7040
1341847995.1666 -2.5716 -1.1905 2.2022 0.0157 0.6177 0.3558 0.7011
1341847995.1988 -2.5754 -1.1954 2.2083 0.0176 0.6205 0.3554 0.6988
1341847995.2347 -2.5804 -1.2000 2.2147 0.0176 0.6227 0.3558 0.6966
1341847995.2668 -2.5773 -1.2039 2.2214 0.0179 0.6240 0.3572 0.6948
1341847995.2988 -2.5776 -1.2107 2.2271 0.0205 0.6263 0.3581 0.6922
1341847995.3347 -2.5856 -1.2151 2.2320 0.0207 0.6278 0.3583 0.6907
1341847995.3667 -2.5819 -1.2188 2.2399 0.0191 0.6294 0.3594 0.6887
1341847995.4028 -2.5830 -1.2245 2.2473 0.0189 0.6312 0.3589 0.6874
1341847995.4347 -2.5866 -1.2289 2.2560 0.0181 0.6324 0.3593 0.6861
1341847995.4668 -2.5823 -1.2325 2.2636 0.0173 0.6337 0.3596 0.6847
1341847995.5027 -2.5815 -1.2381 2.2738 0.0184 0.6352 0.3597 0.6833
1341847995.5348 -2.5853 -1.2435 2.2828 0.0217 0.6345 0.3617 0.6827
1341847995.5667 -2.5886 -1.2471 2.2893 0.0251 0.6330 0.3665 0.6815
1341847995.6027 -2.5895 -1.2504 2.2991 0.0265 0.6315 0.3709 0.6803
1341847995.6348 -2.5875 -1.2532 2.3060 0.0257 0.6307 0.3737 0.6797
1341847995.6708 -2.5867 -1.2558 2.3133 0.0237 0.6311 0.3756 0.6782
1341847995.7028 -2.5846 -1.2587 2.3202 0.0217 0.6319 0.3789 0.6758
1341847995.7348 -2.5762 -1.2614 2.3288 0.0210 0.6321 0.3814 0.6742
1341847995.7707 -2.5778 -1.2648 2.3343 0.0215 0.6324 0.3825 0.6733
1341847995.8028 -2.5756 -1.2668 2.3406 0.0209 0.6334 0.3838 0.6716
1341847995.8388 -2.5730 -1.2701 2.3469 0.0207 0.6343 0.3840 0.6707
1341847995.8706 -2.5756 -1.2736 2.3519 0.0215 0.6351 0.3838 0.6699
1341847995.9028 -2.5778 -1.2745 2.3555 0.0198 0.6365 0.3837 0.6688
1341847995.9387 -2.5712 -1.2776 2.3595 0.0185 0.6378 0.3847 0.6670
1341847995.9707 -2.5737 -1.2817 2.3634 0.0199 0.6400 0.3849 0.6647
1341847996.0027 -2.5785 -1.2843 2.3679 0.0182 0.6423 0.3844 0.6628
1341847996.0388 -2.5696 -1.2861 2.3686 0.0173 0.6438 0.3854 0.6608
1341847996.0707 -2.5703 -1.2905 2.3724 0.0194 0.6462 0.3850 0.6587
1341847996.1067 -2.5768 -1.2931 2.3758 0.0201 0.6481 0.3841 0.6574
1341847996.1388 -2.5720 -1.2943 2.3760 0.0196 0.6500 0.3844 0.6553
1341847996.1707 -2.5700 -1.2974 2.3796 0.0214 0.6534 0.3836 0.6523
1341847996.2066 -2.5780 -1.3011 2.3836 0.0216 0.6563 0.3815 0.6506
1341847996.2390 -2.5800 -1.3021 2.3853 0.0207 0.6579 0.3820 0.6487
1341847996.2708 -2.5790 -1.3044 2.3903 0.0212 0.6594 0.3838 0.6461
1341847996.3389 -2.5832 -1.3092 2.3973 0.0220 0.6619 0.3853 0.6426
1341847996.3747 -2.5829 -1.3112 2.4001 0.0212 0.6638 0.3862 0.6402
1341847996.4067 -2.5829 -1.3140 2.4036 0.0225 0.6657 0.3875 0.6374
1341847996.4386 -2.5882 -1.3170 2.4088 0.0236 0.6676 0.3885 0.6346
1341847996.4748 -2.5858 -1.3203 2.4138 0.0234 0.6690 0.3901 0.6322
1341847996.5067 -2.5842 -1.3245 2.4167 0.0257 0.6702 0.3910 0.6303
1341847996.5388 -2.5928 -1.3279 2.4237 0.0276 0.6724 0.3906 0.6282
1341847996.5748 -2.5968 -1.3301 2.4317 0.0262 0.6731 0.3918 0.6267
1341847996.6071 -2.5943 -1.3337 2.4362 0.0263 0.6737 0.3934 0.6251
1341847996.6428 -2.6048 -1.3349 2.4457 0.0264 0.6747 0.3943 0.6234
1341847996.6748 -2.6039 -1.3363 2.4529 0.0229 0.6744 0.3967 0.6224
1341847996.7069 -2.6027 -1.3383 2.4559 0.0211 0.6761 0.3977 0.6199
1341847996.7427 -2.6114 -1.3387 2.4662 0.0172 0.6799 0.3972 0.6162
1341847996.7747 -2.6065 -1.3415 2.4734 0.0125 0.6816 0.3989 0.6133
1341847996.8068 -2.6062 -1.3459 2.4811 0.0127 0.6834 0.4013 0.6097
1341847996.8428 -2.6106 -1.3501 2.4886 0.0130 0.6846 0.4032 0.6071
1341847996.8748 -2.6095 -1.3535 2.4977 0.0131 0.6849 0.4054 0.6053
1341847996.9108 -2.6107 -1.3609 2.5046 0.0150 0.6853 0.4063 0.6042
1341847996.9427 -2.6165 -1.3660 2.5141 0.0175 0.6855 0.4076 0.6030
1341847996.9748 -2.6148 -1.3708 2.5220 0.0194 0.6859 0.4079 0.6022
1341847997.0107 -2.6218 -1.3778 2.5333 0.0215 0.6874 0.4069 0.6012
1341847997.0427 -2.6260 -1.3836 2.5432 0.0222 0.6878 0.4069 0.6007
1341847997.0787 -2.6275 -1.3905 2.5532 0.0234 0.6883 0.4068 0.6002
1341847997.1430 -2.6338 -1.4020 2.5751 0.0220 0.6895 0.4046 0.6004
1341847997.1788 -2.6350 -1.4081 2.5847 0.0223 0.6897 0.4032 0.6010
1341847997.2109 -2.6408 -1.4135 2.5946 0.0219 0.6900 0.4019 0.6016
1341847997.2430 -2.6433 -1.4181 2.6044 0.0207 0.6901 0.4019 0.6016
1341847997.2788 -2.6429 -1.4227 2.6135 0.0200 0.6901 0.4027 0.6010
1341847997.3114 -2.6436 -1.4277 2.6205 0.0190 0.6901 0.4031 0.6008
1341847997.3466 -2.6397 -1.4321 2.6257 0.0181 0.6913 0.4031 0.5994
1341847997.3787 -2.6419 -1.4381 2.6345 0.0181 0.6938 0.4022 0.5971
1341847997.4108 -2.6398 -1.4439 2.6418 0.0176 0.6957 0.4023 0.5949
1341847997.4467 -2.6329 -1.4501 2.6474 0.0184 0.6977 0.4015 0.5930
1341847997.4788 -2.6399 -1.4570 2.6527 0.0198 0.7008 0.3999 0.5904
1341847997.5109 -2.6369 -1.4626 2.6608 0.0187 0.7033 0.4003 0.5872
1341847997.5466 -2.6311 -1.4687 2.6692 0.0183 0.7053 0.3999 0.5850
1341847997.5787 -2.6306 -1.4745 2.6765 0.0180 0.7076 0.3984 0.5834
1341847997.6147 -2.6278 -1.4804 2.6833 0.0165 0.7105 0.3970 0.5808
1341847997.6470 -2.6200 -1.4877 2.6929 0.0162 0.7128 0.3965 0.5782
1341847997.6788 -2.6162 -1.4969 2.7010 0.0181 0.7141 0.3957 0.5772
1341847997.7146 -2.6140 -1.5023 2.7110 0.0193 0.7154 0.3943 0.5765
1341847997.7466 -2.6086 -1.5089 2.7196 0.0197 0.7179 0.3927 0.5745
1341847997.7787 -2.6042 -1.5177 2.7296 0.0207 0.7205 0.3912 0.5723
1341847997.8469 -2.5985 -1.5323 2.7500 0.0244 0.7227 0.3915 0.5690
1341847997.8826 -2.5967 -1.5381 2.7605 0.0261 0.7237 0.3935 0.5663
1341847997.9152 -2.5889 -1.5449 2.7704 0.0273 0.7241 0.3962 0.5640
1341847997.9470 -2.5848 -1.5516 2.7804 0.0295 0.7243 0.3986 0.5619
1341847997.9827 -2.5781 -1.5574 2.7889 0.0306 0.7240 0.4008 0.5606
1341847998.0149 -2.5719 -1.5640 2.7981 0.0318 0.7246 0.4015 0.5593
1341847998.0508 -2.5679 -1.5709 2.8088 0.0329 0.7252 0.4022 0.5579
1341847998.0826 -2.5632 -1.5782 2.8202 0.0346 0.7244 0.4036 0.5578
1341847998.1223 -2.5614 -1.5845 2.8293 0.0362 0.7223 0.4057 0.5589
1341847998.1541 -2.5589 -1.5888 2.8390 0.0357 0.7217 0.4065 0.5591
1341847998.1857 -2.5515 -1.5946 2.8474 0.0335 0.7211 0.4063 0.5602
1341847998.2538 -2.5429 -1.6058 2.8648 0.0305 0.7209 0.4054 0.5612
1341847998.3188 -2.5336 -1.6191 2.8810 0.0300 0.7198 0.4040 0.5638
1341847998.3512 -2.5306 -1.6232 2.8919 0.0290 0.7189 0.4041 0.5648
1341847998.3827 -2.5241 -1.6293 2.9014 0.0278 0.7173 0.4041 0.5669
1341847998.4192 -2.5230 -1.6326 2.9111 0.0259 0.7171 0.4022 0.5687
1341847998.4508 -2.5190 -1.6386 2.9228 0.0223 0.7168 0.4012 0.5698
1341847998.4840 -2.5136 -1.6444 2.9318 0.0209 0.7151 0.4018 0.5717
1341847998.5187 -2.5122 -1.6495 2.9445 0.0189 0.7144 0.4010 0.5731
1341847998.5507 -2.5060 -1.6544 2.9530 0.0158 0.7137 0.4004 0.5746
1341847998.5867 -2.5031 -1.6605 2.9648 0.0143 0.7137 0.3999 0.5749
1341847998.6188 -2.5010 -1.6668 2.9767 0.0131 0.7133 0.3997 0.5756
1341847998.6507 -2.5020 -1.6714 2.9891 0.0109 0.7134 0.3994 0.5757
1341847998.6869 -2.4950 -1.6761 2.9993 0.0083 0.7137 0.4004 0.5746
1341847998.7187 -2.4903 -1.6827 3.0104 0.0093 0.7139 0.4011 0.5739
1341847998.7508 -2.4930 -1.6891 3.0246 0.0097 0.7140 0.4011 0.5739
1341847998.7868 -2.4898 -1.6921 3.0351 0.0095 0.7134 0.4029 0.5733
1341847998.8188 -2.4892 -1.6968 3.0455 0.0100 0.7148 0.4028 0.5716
1341847998.8547 -2.4881 -1.7023 3.0582 0.0080 0.7163 0.4022 0.5702
1341847998.8867 -2.4856 -1.7092 3.0700 0.0073 0.7162 0.4036 0.5693
1341847998.9187 -2.4860 -1.7142 3.0838 0.0089 0.7153 0.4067 0.5683
1341847998.9548 -2.4852 -1.7171 3.0961 0.0085 0.7142 0.4096 0.5675
1341847998.9867 -2.4788 -1.7212 3.1041 0.0074 0.7126 0.4121 0.5677
1341847999.0188 -2.4786 -1.7242 3.1161 0.0076 0.7124 0.4131 0.5672
1341847999.0549 -2.4773 -1.7295 3.1275 0.0069 0.7130 0.4145 0.5654
1341847999.0868 -2.4747 -1.7333 3.1382 0.0050 0.7116 0.4166 0.5657
1341847999.1227 -2.4710 -1.7364 3.1443 0.0042 0.7108 0.4182 0.5656
1341847999.1549 -2.4715 -1.7381 3.1549 0.0035 0.7121 0.4187 0.5636
1341847999.1867 -2.4658 -1.7419 3.1617 0.0029 0.7139 0.4200 0.5603
1341847999.2227 -2.4618 -1.7481 3.1682 0.0025 0.7166 0.4189 0.5577
1341847999.2910 -2.4560 -1.7582 3.1830 0.0069 0.7239 0.4182 0.5486
1341847999.3227 -2.4506 -1.7652 3.1913 0.0115 0.7251 0.4208 0.5449
1341847999.3549 -2.4494 -1.7694 3.1975 0.0162 0.7257 0.4224 0.5429
1341847999.3908 -2.4510 -1.7737 3.2072 0.0187 0.7283 0.4222 0.5394
1341847999.4239 -2.4456 -1.7765 3.2113 0.0192 0.7307 0.4227 0.5358
1341847999.4549 -2.4415 -1.7815 3.2168 0.0198 0.7342 0.4217 0.5318
1341847999.4909 -2.4408 -1.7840 3.2217 0.0213 0.7378 0.4211 0.5271
1341847999.5227 -2.4361 -1.7892 3.2272 0.0241 0.7415 0.4250 0.5187
1341847999.5589 -2.4279 -1.7943 3.2335 0.0280 0.7437 0.4283 0.5125
1341847999.5907 -2.4260 -1.7960 3.2407 0.0300 0.7458 0.4289 0.5088
1341847999.6229 -2.4219 -1.7978 3.2461 0.0293 0.7486 0.4297 0.5041
1341847999.6588 -2.4077 -1.7997 3.2483 0.0302 0.7509 0.4316 0.4989
1341847999.6911 -2.4053 -1.8048 3.2572 0.0319 0.7538 0.4314 0.4947
1341847999.7227 -2.3965 -1.8047 3.2630 0.0312 0.7555 0.4324 0.4911
1341847999.7588 -2.3833 -1.8069 3.2627 0.0322 0.7572 0.4338 0.4873
1341847999.7910 -2.3766 -1.8095 3.2697 0.0344 0.7602 0.4335 0.4827
1341847999.8267 -2.3717 -1.8130 3.2762 0.0350 0.7621 0.4345 0.4788
1341847999.8588 -2.3640 -1.8146 3.2799 0.0365 0.7638 0.4379 0.4727
1341847999.8977 -2.3565 -1.8164 3.2865 0.0382 0.7653 0.4423 0.4661
1341847999.9588 -2.3413 -1.8154 3.2946 0.0387 0.7667 0.4508 0.4555
1341847999.9908 -2.3300 -1.8157 3.2980 0.0385 0.7671 0.4559 0.4497
1341848000.0267 -2.3190 -1.8146 3.2990 0.0389 0.7674 0.4594 0.4456
1341848000.0587 -2.3149 -1.8155 3.3053 0.0374 0.7684 0.4617 0.4416
1341848000.0948 -2.3063 -1.8144 3.3061 0.0353 0.7686 0.4659 0.4370
1341848000.1267 -2.2984 -1.8131 3.3073 0.0335 0.7697 0.4691 0.4317
1341848000.1586 -2.2913 -1.8130 3.3113 0.0300 0.7710 0.4716 0.4269
1341848000.1948 -2.2797 -1.8128 3.3115 0.0278 0.7712 0.4752 0.4227
1341848000.2271 -2.2734 -1.8134 3.3125 0.0272 0.7714 0.4781 0.4190
1341848000.2670 -2.2645 -1.8109 3.3136 0.0255 0.7716 0.4807 0.4158
1341848000.3271 -2.2512 -1.8118 3.3179 0.0241 0.7727 0.4852 0.4085
1341848000.3627 -2.2420 -1.8098 3.3195 0.0230 0.7719 0.4881 0.4066
1341848000.3947 -2.2330 -1.8072 3.3189 0.0230 0.7722 0.4898 0.4042
1341848000.4268 -2.2271 -1.8080 3.3220 0.0230 0.7728 0.4911 0.4012
1341848000.4627 -2.2182 -1.8050 3.3237 0.0218 0.7730 0.4926 0.3992
1341848000.4947 -2.2079 -1.8019 3.3213 0.0207 0.7739 0.4932 0.3968
1341848000.5308 -2.1994 -1.8040 3.3234 0.0206 0.7752 0.4935 0.3938
1341848000.5628 -2.1905 -1.8029 3.3234 0.0211 0.7758 0.4936 0.3924
1341848000.5948 -2.1819 -1.8012 3.3228 0.0219 0.7775 0.4934 0.3893
1341848000.6306 -2.1727 -1.8021 3.3245 0.0220 0.7796 0.4926 0.3860
1341848000.6627 -2.1629 -1.8023 3.3222 0.0228 0.7813 0.4922 0.3831
1341848000.6954 -2.1566 -1.8040 3.3264 0.0235 0.7842 0.4912 0.3784
1341848000.7308 -2.1452 -1.8061 3.3282 0.0240 0.7861 0.4916 0.3740
1341848000.7627 -2.1350 -1.8071 3.3298 0.0259 0.7879 0.4915 0.3700
1341848000.7987 -2.1268 -1.8100 3.3322 0.0287 0.7896 0.4917 0.3660
1341848000.8307 -2.1156 -1.8101 3.3331 0.0308 0.7908 0.4918 0.3631
1341848000.8628 -2.1067 -1.8128 3.3338 0.0321 0.7929 0.4911 0.3593
1341848000.8987 -2.0991 -1.8168 3.3373 0.0335 0.7946 0.4915 0.3548
1341848000.9307 -2.0889 -1.8194 3.3400 0.0355 0.7949 0.4928 0.3523
1341848000.9632 -2.0783 -1.8197 3.3420 0.0364 0.7956 0.4932 0.3500
1341848000.9988 -2.0671 -1.8209 3.3441 0.0360 0.7968 0.4928 0.3479
1341848001.0307 -2.0572 -1.8237 3.3472 0.0372 0.7977 0.4932 0.3451
1341848001.0670 -2.0459 -1.8257 3.3503 0.0388 0.7980 0.4944 0.3424
1341848001.0988 -2.0355 -1.8256 3.3515 0.0405 0.7982 0.4955 0.3402
1341848001.1307 -2.0239 -1.8250 3.3532 0.0418 0.7992 0.4959 0.3371
1341848001.2060 -2.0038 -1.8251 3.3582 0.0397 0.8017 0.4952 0.3324
1341848001.2668 -1.9832 -1.8223 3.3633 0.0328 0.8055 0.4931 0.3272
1341848001.2991 -1.9726 -1.8204 3.3658 0.0310 0.8075 0.4925 0.3230
1341848001.3348 -1.9630 -1.8180 3.3679 0.0294 0.8097 0.4924 0.3179
1341848001.3667 -1.9534 -1.8162 3.3696 0.0260 0.8120 0.4917 0.3133
1341848001.3993 -1.9443 -1.8133 3.3686 0.0236 0.8137 0.4918 0.3090
1341848001.4347 -1.9348 -1.8095 3.3673 0.0237 0.8156 0.4924 0.3029
1341848001.4667 -1.9275 -1.8088 3.3670 0.0214 0.8174 0.4929 0.2972
1341848001.5027 -1.9181 -1.8043 3.3678 0.0179 0.8194 0.4935 0.2912
1341848001.5349 -1.9052 -1.7981 3.3643 0.0169 0.8216 0.4936 0.2845
1341848001.5670 -1.8993 -1.7972 3.3635 0.0162 0.8252 0.4917 0.2774
1341848001.6029 -1.8941 -1.7965 3.3643 0.0137 0.8276 0.4922 0.2696
1341848001.6347 -1.8823 -1.7905 3.3615 0.0132 0.8294 0.4931 0.2624
1341848001.6666 -1.8733 -1.7888 3.3583 0.0139 0.8316 0.4922 0.2570
1341848001.7349 -1.8555 -1.7836 3.3541 0.0117 0.8343 0.4925 0.2475
1341848001.7707 -1.8446 -1.7807 3.3507 0.0135 0.8366 0.4911 0.2424
1341848001.8028 -1.8395 -1.7826 3.3512 0.0140 0.8384 0.4904 0.2376
1341848001.8348 -1.8308 -1.7807 3.3487 0.0127 0.8387 0.4930 0.2310
1341848001.8707 -1.8174 -1.7759 3.3444 0.0139 0.8399 0.4935 0.2255
1341848001.9027 -1.8114 -1.7798 3.3438 0.0114 0.8411 0.4930 0.2221
1341848001.9347 -1.8035 -1.7759 3.3435 0.0125 0.8412 0.4955 0.2164
1341848001.9707 -1.7904 -1.7727 3.3376 0.0159 0.8413 0.4970 0.2120
1341848002.0027 -1.7838 -1.7756 3.3352 0.0176 0.8419 0.4976 0.2080
1341848002.0389 -1.7743 -1.7724 3.3329 0.0192 0.8420 0.4993 0.2033
1341848002.0708 -1.7643 -1.7695 3.3275 0.0210 0.8428 0.5000 0.1983
1341848002.1027 -1.7547 -1.7685 3.3273 0.0226 0.8437 0.4998 0.1945
1341848002.1387 -1.7465 -1.7685 3.3225 0.0216 0.8438 0.5004 0.1929
1341848002.1718 -1.7378 -1.7644 3.3201 0.0218 0.8443 0.5014 0.1876
1341848002.2027 -1.7279 -1.7623 3.3191 0.0231 0.8450 0.5020 0.1829
1341848002.2387 -1.7191 -1.7602 3.3160 0.0226 0.8453 0.5024 0.1803
1341848002.2708 -1.7094 -1.7584 3.3144 0.0190 0.8458 0.5032 0.1762
1341848002.3067 -1.7004 -1.7543 3.3140 0.0168 0.8459 0.5043 0.1726
1341848002.3389 -1.6931 -1.7498 3.3126 0.0159 0.8460 0.5055 0.1687
1341848002.3708 -1.6869 -1.7473 3.3118 0.0146 0.8458 0.5077 0.1633
1341848002.4068 -1.6770 -1.7406 3.3107 0.0161 0.8455 0.5093 0.1594
1341848002.4388 -1.6693 -1.7386 3.3061 0.0146 0.8460 0.5093 0.1570
1341848002.4747 -1.6634 -1.7372 3.3099 0.0130 0.8460 0.5104 0.1536
1341848002.5068 -1.6534 -1.7294 3.3048 0.0129 0.8451 0.5125 0.1513
1341848002.5388 -1.6476 -1.7290 3.3035 0.0111 0.8452 0.5134 0.1481
1341848002.5747 -1.6403 -1.7257 3.3055 0.0086 0.8444 0.5157 0.1448
1341848002.6068 -1.6326 -1.7180 3.3034 0.0077 0.8437 0.5171 0.1438
1341848002.6394 -1.6245 -1.7149 3.3029 0.0045 0.8439 0.5173 0.1423
1341848002.6747 -1.6172 -1.7143 3.3057 0.0017 0.8427 0.5198 0.1403
1341848002.7138 -1.6082 -1.7043 3.3034 0.0026 0.8413 0.5221 0.1400
1341848002.7748 -1.5952 -1.6996 3.3060 -0.0005 0.8395 0.5256 0.1379
1341848002.8068 -1.5856 -1.6913 3.3046 0.0017 0.8391 0.5268 0.1359
1341848002.8428 -1.5762 -1.6901 3.3058 0.0033 0.8398 0.5257 0.1359
1341848002.8752 -1.5678 -1.6860 3.3062 0.0046 0.8402 0.5245 0.1373
1341848002.9067 -1.5589 -1.6848 3.3060 0.0060 0.8405 0.5240 0.1376
1341848002.9433 -1.5503 -1.6854 3.3096 0.0068 0.8412 0.5217 0.1419
1341848002.9746 -1.5415 -1.6833 3.3090 0.0061 0.8409 0.5208 0.1471
1341848003.0109 -1.5312 -1.6784 3.3059 0.0058 0.8410 0.5202 0.1485
1341848003.0426 -1.5226 -1.6789 3.3070 0.0063 0.8426 0.5172 0.1497
1341848003.0750 -1.5150 -1.6800 3.3105 0.0049 0.8431 0.5155 0.1528
1341848003.1106 -1.5060 -1.6757 3.3097 0.0042 0.8424 0.5162 0.1544
1341848003.1426 -1.4967 -1.6738 3.3083 0.0017 0.8433 0.5146 0.1551
1341848003.2429 -1.4719 -1.6709 3.3118 -0.0069 0.8449 0.5121 0.1545
1341848003.2789 -1.4625 -1.6670 3.3119 -0.0085 0.8449 0.5114 0.1567
1341848003.3107 -1.4544 -1.6637 3.3122 -0.0114 0.8453 0.5103 0.1579
1341848003.3427 -1.4443 -1.6604 3.3121 -0.0138 0.8458 0.5089 0.1597
1341848003.3790 -1.4349 -1.6591 3.3125 -0.0170 0.8466 0.5063 0.1632
1341848003.4108 -1.4269 -1.6602 3.3161 -0.0192 0.8466 0.5047 0.1679
1341848003.4427 -1.4169 -1.6560 3.3162 -0.0189 0.8460 0.5041 0.1728
1341848003.4787 -1.4119 -1.6590 3.3214 -0.0172 0.8455 0.5026 0.1796
1341848003.5107 -1.4025 -1.6540 3.3221 -0.0189 0.8443 0.5012 0.1889
1341848003.5469 -1.3953 -1.6461 3.3198 -0.0185 0.8435 0.5004 0.1944
1341848003.5787 -1.3870 -1.6435 3.3180 -0.0168 0.8426 0.5000 0.1993
1341848003.6179 -1.3791 -1.6418 3.3173 -0.0158 0.8417 0.4986 0.2067
1341848003.6500 -1.3715 -1.6387 3.3169 -0.0154 0.8408 0.4973 0.2131
1341848003.6858 -1.3619 -1.6368 3.3140 -0.0163 0.8404 0.4961 0.2176
1341848003.7179 -1.3557 -1.6352 3.3133 -0.0184 0.8403 0.4932 0.2242
1341848003.7538 -1.3504 -1.6321 3.3137 -0.0201 0.8395 0.4917 0.2304
1341848003.7858 -1.3436 -1.6264 3.3100 -0.0184 0.8383 0.4911 0.2363
1341848003.8179 -1.3381 -1.6249 3.3101 -0.0184 0.8373 0.4899 0.2421
1341848003.8540 -1.3317 -1.6178 3.3054 -0.0190 0.8359 0.4899 0.2468
1341848003.8858 -1.3239 -1.6141 3.3019 -0.0210 0.8356 0.4890 0.2493
1341848003.9217 -1.3154 -1.6117 3.2982 -0.0210 0.8343 0.4888 0.2543
1341848003.9538 -1.3104 -1.6043 3.2970 -0.0205 0.8334 0.4874 0.2596
1341848003.9858 -1.3020 -1.6001 3.2900 -0.0202 0.8317 0.4893 0.2616
1341848004.0216 -1.2935 -1.5953 3.2843 -0.0186 0.8309 0.4883 0.2662
1341848004.0538 -1.2875 -1.5897 3.2859 -0.0195 0.8314 0.4858 0.2690
1341848004.0897 -1.2780 -1.5854 3.2764 -0.0185 0.8287 0.4893 0.2710
1341848004.1217 -1.2712 -1.5796 3.2708 -0.0173 0.8278 0.4879 0.2765
1341848004.1537 -1.2628 -1.5752 3.2688 -0.0172 0.8270 0.4872 0.2801
1341848004.1898 -1.2552 -1.5705 3.2648 -0.0151 0.8254 0.4876 0.2842
1341848004.2218 -1.2481 -1.5646 3.2617 -0.0157 0.8238 0.4872 0.2894
1341848004.2578 -1.2400 -1.5582 3.2570 -0.0175 0.8223 0.4866 0.2946
1341848004.2898 -1.2310 -1.5566 3.2569 -0.0189 0.8213 0.4857 0.2986
1341848004.3218 -1.2215 -1.5527 3.2543 -0.0200 0.8185 0.4863 0.3053
1341848004.3579 -1.2136 -1.5460 3.2521 -0.0208 0.8164 0.4854 0.3122
1341848004.3898 -1.2053 -1.5413 3.2515 -0.0238 0.8145 0.4847 0.3180
1341848004.4219 -1.1961 -1.5365 3.2489 -0.0264 0.8119 0.4846 0.3244
1341848004.4578 -1.1894 -1.5315 3.2500 -0.0286 0.8103 0.4828 0.3310
1341848004.4898 -1.1815 -1.5270 3.2494 -0.0310 0.8078 0.4830 0.3364
1341848004.5257 -1.1735 -1.5243 3.2500 -0.0327 0.8053 0.4840 0.3409
1341848004.5578 -1.1668 -1.5198 3.2496 -0.0325 0.8023 0.4854 0.3460
1341848004.5898 -1.1611 -1.5147 3.2508 -0.0345 0.7998 0.4867 0.3496
1341848004.6258 -1.1538 -1.5095 3.2472 -0.0357 0.7966 0.4884 0.3545
1341848004.6579 -1.1492 -1.5063 3.2515 -0.0379 0.7953 0.4875 0.3583
1341848004.6899 -1.1421 -1.5032 3.2511 -0.0400 0.7919 0.4910 0.3607
1341848004.7258 -1.1364 -1.4976 3.2479 -0.0396 0.7887 0.4926 0.3656
1341848004.7577 -1.1332 -1.4939 3.2498 -0.0414 0.7874 0.4913 0.3701
1341848004.7897 -1.1278 -1.4911 3.2509 -0.0440 0.7852 0.4927 0.3725
1341848004.8258 -1.1218 -1.4888 3.2495 -0.0431 0.7827 0.4944 0.3755
1341848004.8577 -1.1197 -1.4863 3.2525 -0.0438 0.7814 0.4935 0.3793
1341848004.8898 -1.1154 -1.4828 3.2509 -0.0442 0.7791 0.4950 0.3821
1341848004.9258 -1.1112 -1.4822 3.2525 -0.0448 0.7777 0.4952 0.3846
1341848004.9578 -1.1076 -1.4809 3.2533 -0.0448 0.7759 0.4957 0.3877
1341848004.9938 -1.1060 -1.4785 3.2536 -0.0442 0.7738 0.4959 0.3915
1341848005.0257 -1.1035 -1.4764 3.2523 -0.0452 0.7718 0.4961 0.3952
1341848005.0577 -1.0999 -1.4755 3.2522 -0.0466 0.7706 0.4947 0.3991
1341848005.0939 -1.0993 -1.4744 3.2573 -0.0469 0.7708 0.4925 0.4014
1341848005.1257 -1.0940 -1.4746 3.2582 -0.0480 0.7686 0.4940 0.4036
1341848005.1577 -1.0905 -1.4759 3.2587 -0.0457 0.7668 0.4942 0.4070
1341848005.1937 -1.0908 -1.4732 3.2590 -0.0443 0.7652 0.4929 0.4118
1341848005.2257 -1.0885 -1.4714 3.2600 -0.0451 0.7643 0.4919 0.4147
1341848005.2577 -1.0826 -1.4731 3.2618 -0.0466 0.7633 0.4911 0.4171
1341848005.2937 -1.0820 -1.4710 3.2645 -0.0456 0.7622 0.4886 0.4222
1341848005.3259 -1.0792 -1.4689 3.2662 -0.0467 0.7606 0.4886 0.4249
1341848005.3577 -1.0726 -1.4720 3.2672 -0.0476 0.7588 0.4889 0.4277
1341848005.3937 -1.0711 -1.4716 3.2705 -0.0455 0.7575 0.4870 0.4324
1341848005.4257 -1.0707 -1.4683 3.2720 -0.0445 0.7556 0.4867 0.4361
1341848005.4618 -1.0646 -1.4689 3.2718 -0.0457 0.7536 0.4873 0.4387
1341848005.4937 -1.0627 -1.4694 3.2772 -0.0449 0.7529 0.4855 0.4421
1341848005.5258 -1.0598 -1.4676 3.2758 -0.0453 0.7498 0.4868 0.4458
1341848005.5618 -1.0547 -1.4694 3.2766 -0.0461 0.7481 0.4866 0.4487
1341848005.5937 -1.0521 -1.4691 3.2787 -0.0462 0.7469 0.4853 0.4522
1341848005.6298 -1.0487 -1.4696 3.2796 -0.0466 0.7452 0.4846 0.4556
1341848005.6618 -1.0448 -1.4701 3.2817 -0.0474 0.7442 0.4832 0.4587
1341848005.6938 -1.0402 -1.4721 3.2830 -0.0470 0.7428 0.4823 0.4621
1341848005.7297 -1.0388 -1.4722 3.2835 -0.0458 0.7416 0.4801 0.4663
1341848005.7617 -1.0348 -1.4733 3.2847 -0.0465 0.7410 0.4783 0.4691
1341848005.7979 -1.0296 -1.4769 3.2884 -0.0455 0.7404 0.4768 0.4716
1341848005.8299 -1.0296 -1.4760 3.2905 -0.0427 0.7387 0.4752 0.4762
1341848005.8617 -1.0266 -1.4762 3.2911 -0.0428 0.7370 0.4746 0.4793
1341848005.8978 -1.0220 -1.4787 3.2923 -0.0421 0.7361 0.4732 0.4821
1341848005.9297 -1.0215 -1.4800 3.2975 -0.0405 0.7356 0.4707 0.4856
1341848005.9657 -1.0185 -1.4794 3.2987 -0.0408 0.7340 0.4695 0.4890
1341848005.9978 -1.0139 -1.4825 3.2995 -0.0403 0.7329 0.4687 0.4914
1341848006.0298 -1.0106 -1.4853 3.3022 -0.0385 0.7322 0.4656 0.4957
1341848006.0658 -1.0106 -1.4853 3.3073 -0.0382 0.7320 0.4612 0.4999
1341848006.0979 -1.0053 -1.4883 3.3039 -0.0371 0.7305 0.4605 0.5029
1341848006.1337 -1.0036 -1.4911 3.3063 -0.0340 0.7315 0.4560 0.5057
1341848006.1658 -1.0020 -1.4925 3.3102 -0.0297 0.7316 0.4538 0.5079
1341848006.1976 -0.9998 -1.4936 3.3115 -0.0262 0.7305 0.4524 0.5108
1341848006.2338 -0.9955 -1.4948 3.3119 -0.0233 0.7292 0.4501 0.5149
1341848006.2658 -0.9945 -1.4947 3.3147 -0.0209 0.7291 0.4462 0.5186
1341848006.3018 -0.9911 -1.4973 3.3186 -0.0192 0.7284 0.4447 0.5209
1341848006.3337 -0.9873 -1.4990 3.3209 -0.0158 0.7263 0.4439 0.5246
1341848006.3660 -0.9875 -1.4961 3.3236 -0.0154 0.7249 0.4402 0.5296
1341848006.4018 -0.9818 -1.4975 3.3254 -0.0169 0.7242 0.4404 0.5304
1341848006.4337 -0.9777 -1.5019 3.3292 -0.0158 0.7235 0.4398 0.5319
1341848006.4697 -0.9766 -1.5013 3.3327 -0.0149 0.7220 0.4392 0.5344
1341848006.5017 -0.9721 -1.5035 3.3342 -0.0153 0.7205 0.4406 0.5353
1341848006.5337 -0.9669 -1.5064 3.3353 -0.0146 0.7193 0.4404 0.5370
1341848006.5697 -0.9660 -1.5076 3.3408 -0.0145 0.7197 0.4384 0.5382
1341848006.6018 -0.9615 -1.5100 3.3431 -0.0145 0.7188 0.4396 0.5383
1341848006.6378 -0.9568 -1.5156 3.3448 -0.0134 0.7183 0.4396 0.5390
1341848006.6701 -0.9568 -1.5154 3.3521 -0.0132 0.7191 0.4368 0.5403
1341848006.7018 -0.9510 -1.5182 3.3530 -0.0141 0.7185 0.4383 0.5398
1341848006.7378 -0.9467 -1.5243 3.3568 -0.0126 0.7190 0.4383 0.5392
1341848006.7697 -0.9436 -1.5268 3.3611 -0.0107 0.7189 0.4386 0.5391
1341848006.8019 -0.9407 -1.5315 3.3647 -0.0088 0.7192 0.4389 0.5385
1341848006.8376 -0.9371 -1.5347 3.3686 -0.0078 0.7197 0.4393 0.5376
1341848006.8707 -0.9335 -1.5405 3.3713 -0.0057 0.7202 0.4398 0.5365
1341848006.9018 -0.9316 -1.5443 3.3759 -0.0044 0.7216 0.4389 0.5354
1341848006.9377 -0.9284 -1.5492 3.3784 -0.0032 0.7230 0.4387 0.5337
1341848006.9697 -0.9272 -1.5540 3.3842 -0.0018 0.7256 0.4380 0.5307
1341848007.0058 -0.9243 -1.5604 3.3887 0.0004 0.7272 0.4397 0.5271
1341848007.0378 -0.9235 -1.5648 3.3943 0.0033 0.7288 0.4410 0.5237
1341848007.0697 -0.9228 -1.5679 3.3997 0.0038 0.7306 0.4424 0.5201
1341848007.1057 -0.9197 -1.5734 3.4033 0.0035 0.7323 0.4446 0.5158
1341848007.1379 -0.9181 -1.5802 3.4092 0.0040 0.7344 0.4455 0.5120
1341848007.1697 -0.9182 -1.5840 3.4167 0.0043 0.7363 0.4462 0.5087
1341848007.2057 -0.9160 -1.5893 3.4213 0.0044 0.7374 0.4489 0.5047
1341848007.2379 -0.9146 -1.5974 3.4288 0.0059 0.7388 0.4511 0.5006
1341848007.2989 -0.9111 -1.6067 3.4379 0.0087 0.7386 0.4565 0.4960
1341848007.3314 -0.9103 -1.6123 3.4438 0.0096 0.7405 0.4555 0.4941
1341848007.3667 -0.9082 -1.6181 3.4493 0.0088 0.7422 0.4539 0.4930
1341848007.3987 -0.9069 -1.6255 3.4572 0.0088 0.7439 0.4526 0.4917
1341848007.4348 -0.9040 -1.6334 3.4614 0.0103 0.7443 0.4524 0.4911
1341848007.4667 -0.9058 -1.6369 3.4702 0.0106 0.7461 0.4498 0.4908
1341848007.4988 -0.9036 -1.6410 3.4760 0.0101 0.7469 0.4515 0.4879
1341848007.5348 -0.8980 -1.6523 3.4804 0.0109 0.7469 0.4541 0.4856
1341848007.5667 -0.8982 -1.6553 3.4872 0.0123 0.7474 0.4534 0.4854
1341848007.5987 -0.8957 -1.6559 3.4900 0.0103 0.7487 0.4534 0.4834
1341848007.6348 -0.8904 -1.6670 3.4946 0.0092 0.7509 0.4549 0.4787
1341848007.6667 -0.8907 -1.6729 3.5046 0.0122 0.7522 0.4576 0.4740
1341848007.7028 -0.8868 -1.6754 3.5072 0.0140 0.7515 0.4642 0.4686
1341848007.7346 -0.8754 -1.6835 3.5006 0.0159 0.7510 0.4694 0.4641
1341848007.7669 -0.8768 -1.6882 3.5106 0.0172 0.7557 0.4651 0.4607
1341848007.8029 -0.8747 -1.6918 3.5200 0.0154 0.7581 0.4657 0.4563
1341848007.8350 -0.8675 -1.6991 3.5214 0.0164 0.7584 0.4700 0.4513
1341848007.8667 -0.8655 -1.7000 3.5274 0.0174 0.7606 0.4703 0.4472
1341848007.9028 -0.8631 -1.6998 3.5330 0.0146 0.7633 0.4716 0.4413
1341848007.9349 -0.8532 -1.7131 3.5337 0.0152 0.7642 0.4781 0.4326
1341848007.9707 -0.8483 -1.7220 3.5402 0.0196 0.7648 0.4800 0.4293
1341848008.0027 -0.8478 -1.7210 3.5472 0.0220 0.7663 0.4802 0.4262
1341848008.0348 -0.8419 -1.7238 3.5518 0.0214 0.7677 0.4831 0.4204
1341848008.0708 -0.8357 -1.7314 3.5577 0.0212 0.7689 0.4852 0.4159
1341848008.1032 -0.8313 -1.7320 3.5624 0.0213 0.7697 0.4865 0.4128
1341848008.1388 -0.8251 -1.7353 3.5662 0.0201 0.7714 0.4875 0.4085
1341848008.1711 -0.8188 -1.7408 3.5725 0.0198 0.7733 0.4884 0.4040
1341848008.2027 -0.8132 -1.7455 3.5804 0.0211 0.7745 0.4905 0.3989
1341848008.2387 -0.8081 -1.7467 3.5865 0.0218 0.7749 0.4930 0.3950
1341848008.2707 -0.8018 -1.7498 3.5910 0.0215 0.7751 0.4964 0.3904
1341848008.3027 -0.7956 -1.7540 3.5969 0.0213 0.7757 0.4992 0.3854
1341848008.3388 -0.7884 -1.7585 3.6010 0.0214 0.7758 0.5021 0.3815
1341848008.3707 -0.7826 -1.7603 3.6068 0.0207 0.7767 0.5031 0.3784
1341848008.4389 -0.7700 -1.7722 3.6138 0.0217 0.7781 0.5074 0.3695
1341848008.4708 -0.7651 -1.7754 3.6209 0.0226 0.7792 0.5083 0.3659
1341848008.5069 -0.7599 -1.7784 3.6226 0.0233 0.7796 0.5108 0.3616
1341848008.5388 -0.7534 -1.7871 3.6256 0.0247 0.7806 0.5129 0.3563
1341848008.5707 -0.7492 -1.7928 3.6324 0.0270 0.7813 0.5140 0.3531
1341848008.6067 -0.7445 -1.7953 3.6365 0.0288 0.7816 0.5163 0.3489
1341848008.6387 -0.7379 -1.8018 3.6369 0.0304 0.7818 0.5187 0.3446
1341848008.6746 -0.7336 -1.8064 3.6425 0.0315 0.7830 0.5190 0.3413
1341848008.7068 -0.7276 -1.8080 3.6427 0.0317 0.7840 0.5199 0.3378
1341848008.7387 -0.7229 -1.8147 3.6486 0.0310 0.7863 0.5191 0.3336
1341848008.7751 -0.7179 -1.8186 3.6521 0.0299 0.7870 0.5193 0.3317
1341848008.8069 -0.7127 -1.8224 3.6536 0.0290 0.7883 0.5193 0.3289
1341848008.8388 -0.7085 -1.8274 3.6601 0.0271 0.7901 0.5184 0.3260
1341848008.8746 -0.7030 -1.8314 3.6629 0.0268 0.7905 0.5198 0.3228
1341848008.9067 -0.6981 -1.8346 3.6651 0.0274 0.7910 0.5212 0.3193
1341848008.9431 -0.6941 -1.8355 3.6675 0.0262 0.7925 0.5212 0.3156
1341848008.9747 -0.6872 -1.8422 3.6717 0.0242 0.7938 0.5219 0.3112
1341848009.0068 -0.6811 -1.8469 3.6772 0.0248 0.7944 0.5227 0.3083
1341848009.0427 -0.6779 -1.8472 3.6846 0.0237 0.7951 0.5231 0.3060
1341848009.1108 -0.6654 -1.8498 3.6864 0.0222 0.7963 0.5252 0.2994
1341848009.1427 -0.6623 -1.8479 3.6905 0.0197 0.7988 0.5234 0.2959
1341848009.1747 -0.6567 -1.8492 3.6939 0.0185 0.8015 0.5230 0.2893
1341848009.2107 -0.6521 -1.8486 3.7037 0.0193 0.8038 0.5239 0.2813
1341848009.2429 -0.6473 -1.8483 3.7068 0.0216 0.8030 0.5286 0.2743
1341848009.2747 -0.6428 -1.8444 3.7085 0.0218 0.8035 0.5313 0.2677
1341848009.3109 -0.6371 -1.8441 3.7129 0.0198 0.8056 0.5320 0.2600
1341848009.3429 -0.6296 -1.8493 3.7139 0.0191 0.8051 0.5362 0.2528
1341848009.3787 -0.6240 -1.8490 3.7194 0.0196 0.8059 0.5373 0.2478
1341848009.4429 -0.6118 -1.8491 3.7252 0.0182 0.8063 0.5411 0.2382
1341848009.4790 -0.6075 -1.8489 3.7313 0.0180 0.8071 0.5415 0.2348
1341848009.5106 -0.5993 -1.8497 3.7332 0.0165 0.8063 0.5438 0.2320
1341848009.5428 -0.5918 -1.8488 3.7338 0.0160 0.8070 0.5436 0.2304
1341848009.5788 -0.5864 -1.8489 3.7412 0.0146 0.8082 0.5424 0.2288
1341848009.6110 -0.5783 -1.8478 3.7384 0.0138 0.8072 0.5442 0.2283
1341848009.6469 -0.5695 -1.8487 3.7397 0.0130 0.8083 0.5424 0.2286
1341848009.6787 -0.5625 -1.8469 3.7448 0.0109 0.8100 0.5396 0.2295
1341848009.7108 -0.5533 -1.8460 3.7477 0.0088 0.8108 0.5382 0.2297
1341848009.7468 -0.5410 -1.8473 3.7442 0.0088 0.8106 0.5387 0.2294
1341848009.7788 -0.5344 -1.8459 3.7521 0.0088 0.8129 0.5347 0.2308
1341848009.8107 -0.5273 -1.8435 3.7549 0.0091 0.8131 0.5344 0.2305
1341848009.8468 -0.5146 -1.8472 3.7528 0.0104 0.8115 0.5379 0.2282
1341848009.8787 -0.5092 -1.8416 3.7547 0.0120 0.8120 0.5363 0.2301
1341848009.9148 -0.5025 -1.8374 3.7546 0.0103 0.8117 0.5365 0.2308
1341848009.9470 -0.4918 -1.8400 3.7503 0.0090 0.8110 0.5381 0.2295
1341848009.9789 -0.4810 -1.8386 3.7474 0.0093 0.8112 0.5372 0.2309
1341848010.0148 -0.4758 -1.8338 3.7502 0.0099 0.8119 0.5356 0.2319
1341848010.0468 -0.4688 -1.8288 3.7463 0.0105 0.8114 0.5368 0.2310
1341848010.0826 -0.4595 -1.8244 3.7424 0.0101 0.8114 0.5371 0.2303
1341848010.1147 -0.4544 -1.8176 3.7413 0.0103 0.8118 0.5369 0.2293
1341848010.1468 -0.4453 -1.8144 3.7356 0.0099 0.8103 0.5404 0.2265
1341848010.1827 -0.4348 -1.8085 3.7245 0.0101 0.8092 0.5426 0.2250
1341848010.2147 -0.4284 -1.8022 3.7208 0.0102 0.8105 0.5413 0.2235
1341848010.2468 -0.4212 -1.7977 3.7125 0.0105 0.8101 0.5430 0.2210
1341848010.2827 -0.4140 -1.7943 3.7064 0.0117 0.8101 0.5440 0.2184
1341848010.3148 -0.4074 -1.7881 3.6967 0.0128 0.8093 0.5461 0.2161
1341848010.3511 -0.4006 -1.7843 3.6894 0.0128 0.8095 0.5466 0.2140
1341848010.3828 -0.3931 -1.7808 3.6852 0.0127 0.8101 0.5468 0.2112
1341848010.4147 -0.3890 -1.7749 3.6769 0.0142 0.8090 0.5489 0.2097
1341848010.4509 -0.3838 -1.7710 3.6674 0.0142 0.8086 0.5505 0.2072
1341848010.4831 -0.3778 -1.7659 3.6626 0.0142 0.8097 0.5500 0.2039
1341848010.5148 -0.3717 -1.7631 3.6615 0.0133 0.8103 0.5509 0.1993
1341848010.5506 -0.3661 -1.7595 3.6471 0.0141 0.8082 0.5549 0.1969
1341848010.5829 -0.3646 -1.7531 3.6471 0.0144 0.8110 0.5516 0.1946
1341848010.6187 -0.3604 -1.7510 3.6404 0.0122 0.8100 0.5544 0.1909
1341848010.6510 -0.3531 -1.7520 3.6283 0.0129 0.8087 0.5575 0.1869
1341848010.6826 -0.3534 -1.7458 3.6294 0.0137 0.8110 0.5546 0.1859
1341848010.7188 -0.3517 -1.7441 3.6241 0.0124 0.8107 0.5560 0.1830
1341848010.7509 -0.3484 -1.7420 3.6152 0.0120 0.8101 0.5579 0.1800
1341848010.7827 -0.3468 -1.7412 3.6065 0.0124 0.8105 0.5584 0.1766
1341848010.8188 -0.3440 -1.7402 3.6061 0.0130 0.8132 0.5558 0.1719
1341848010.8508 -0.3420 -1.7380 3.6010 0.0136 0.8136 0.5564 0.1682
1341848010.8867 -0.3388 -1.7369 3.5962 0.0154 0.8145 0.5562 0.1641
1341848010.9188 -0.3390 -1.7340 3.5946 0.0148 0.8159 0.5548 0.1622
1341848010.9508 -0.3372 -1.7308 3.5902 0.0149 0.8165 0.5550 0.1585
1341848010.9868 -0.3331 -1.7301 3.5883 0.0144 0.8175 0.5544 0.1552
1341848011.0187 -0.3304 -1.7285 3.5870 0.0146 0.8177 0.5546 0.1533
1341848011.0510 -0.3296 -1.7255 3.5821 0.0156 0.8175 0.5554 0.1513
1341848011.0867 -0.3276 -1.7245 3.5808 0.0161 0.8184 0.5550 0.1483
1341848011.1187 -0.3247 -1.7241 3.5795 0.0160 0.8187 0.5552 0.1456
1341848011.1546 -0.3218 -1.7228 3.5785 0.0171 0.8190 0.5555 0.1427
1341848011.1867 -0.3221 -1.7202 3.5789 0.0177 0.8193 0.5553 0.1413
1341848011.2191 -0.3230 -1.7166 3.5744 0.0160 0.8186 0.5568 0.1400
1341848011.2547 -0.3172 -1.7179 3.5700 0.0130 0.8191 0.5573 0.1356
1341848011.2866 -0.3161 -1.7162 3.5700 0.0129 0.8201 0.5565 0.1325
1341848011.3227 -0.3134 -1.7145 3.5648 0.0126 0.8201 0.5575 0.1281
1341848011.3547 -0.3086 -1.7143 3.5609 0.0129 0.8211 0.5571 0.1236
1341848011.3867 -0.3095 -1.7143 3.5619 0.0146 0.8221 0.5563 0.1204
1341848011.4227 -0.3055 -1.7087 3.5587 0.0148 0.8221 0.5572 0.1159
1341848011.4547 -0.3029 -1.7086 3.5557 0.0155 0.8231 0.5567 0.1113
1341848011.4868 -0.3016 -1.7062 3.5566 0.0150 0.8241 0.5562 0.1064
1341848011.5229 -0.2982 -1.7030 3.5548 0.0155 0.8238 0.5576 0.1010
1341848011.5547 -0.2950 -1.7001 3.5508 0.0162 0.8237 0.5584 0.0972
1341848011.5909 -0.2961 -1.6981 3.5509 0.0159 0.8244 0.5577 0.0956
1341848011.6227 -0.2933 -1.6947 3.5491 0.0147 0.8242 0.5589 0.0907
1341848011.6549 -0.2893 -1.6928 3.5457 0.0152 0.8239 0.5599 0.0869
1341848011.6908 -0.2907 -1.6892 3.5461 0.0162 0.8239 0.5600 0.0853
1341848011.7226 -0.2923 -1.6850 3.5427 0.0148 0.8232 0.5615 0.0825
1341848011.7548 -0.2894 -1.6819 3.5379 0.0125 0.8222 0.5637 0.0781
1341848011.7908 -0.2894 -1.6775 3.5349 0.0135 0.8218 0.5648 0.0745
1341848011.8227 -0.2891 -1.6732 3.5305 0.0143 0.8208 0.5668 0.0698
1341848011.8588 -0.2864 -1.6694 3.5249 0.0156 0.8202 0.5682 0.0646
1341848011.8907 -0.2864 -1.6676 3.5221 0.0159 0.8199 0.5689 0.0619
1341848011.9229 -0.2865 -1.6635 3.5170 0.0169 0.8189 0.5707 0.0590
1341848011.9588 -0.2870 -1.6593 3.5115 0.0187 0.8188 0.5709 0.0567
1341848011.9908 -0.2882 -1.6545 3.5110 0.0172 0.8197 0.5699 0.0554
1341848012.0227 -0.2873 -1.6497 3.5052 0.0146 0.8186 0.5716 0.0541
1341848012.0589 -0.2870 -1.6456 3.4998 0.0133 0.8178 0.5729 0.0530
1341848012.0908 -0.2887 -1.6400 3.4931 0.0120 0.8170 0.5741 0.0524
1341848012.1269 -0.2888 -1.6339 3.4864 0.0108 0.8166 0.5748 0.0517
1341848012.1910 -0.2862 -1.6223 3.4764 0.0108 0.8157 0.5759 0.0531
1341848012.2267 -0.2854 -1.6156 3.4695 0.0100 0.8143 0.5778 0.0546
1341848012.2587 -0.2842 -1.6097 3.4623 0.0086 0.8131 0.5792 0.0571
1341848012.2952 -0.2855 -1.6027 3.4573 0.0069 0.8124 0.5799 0.0607
1341848012.3269 -0.2844 -1.5963 3.4486 0.0033 0.8108 0.5819 0.0636
1341848012.3588 -0.2827 -1.5895 3.4425 -0.0006 0.8107 0.5817 0.0660
1341848012.3947 -0.2815 -1.5823 3.4386 -0.0033 0.8102 0.5822 0.0687
1341848012.4268 -0.2797 -1.5761 3.4281 -0.0064 0.8075 0.5855 0.0713
1341848012.4588 -0.2794 -1.5698 3.4186 -0.0079 0.8066 0.5864 0.0735
1341848012.4947 -0.2765 -1.5641 3.4143 -0.0113 0.8070 0.5857 0.0750
1341848012.5268 -0.2724 -1.5587 3.4066 -0.0139 0.8052 0.5879 0.0762
1341848012.5627 -0.2709 -1.5535 3.3957 -0.0149 0.8037 0.5894 0.0800
1341848012.5947 -0.2715 -1.5471 3.3933 -0.0177 0.8051 0.5868 0.0849
1341848012.6268 -0.2652 -1.5439 3.3863 -0.0228 0.8039 0.5881 0.0866
1341848012.6628 -0.2597 -1.5394 3.3820 -0.0244 0.8038 0.5877 0.0892
1341848012.6953 -0.2609 -1.5338 3.3783 -0.0247 0.8032 0.5875 0.0957
1341848012.7269 -0.2593 -1.5293 3.3727 -0.0286 0.8021 0.5878 0.1015
1341848012.7627 -0.2511 -1.5263 3.3681 -0.0327 0.8014 0.5880 0.1043
1341848012.7947 -0.2468 -1.5214 3.3674 -0.0336 0.8016 0.5867 0.1103
1341848012.8307 -0.2489 -1.5173 3.3612 -0.0350 0.7996 0.5872 0.1208
1341848012.8628 -0.2467 -1.5139 3.3536 -0.0396 0.7991 0.5859 0.1286
1341848012.8947 -0.2434 -1.5100 3.3564 -0.0443 0.8019 0.5805 0.1342
1341848012.9308 -0.2410 -1.5064 3.3532 -0.0466 0.8012 0.5797 0.1410
1341848012.9628 -0.2426 -1.5032 3.3496 -0.0491 0.8012 0.5776 0.1487
1341848012.9948 -0.2387 -1.4998 3.3521 -0.0540 0.8026 0.5741 0.1529
1341848013.0309 -0.2350 -1.4966 3.3512 -0.0561 0.8016 0.5739 0.1581
1341848013.0627 -0.2334 -1.4939 3.3470 -0.0570 0.8003 0.5738 0.1645
1341848013.0988 -0.2308 -1.4912 3.3472 -0.0584 0.8007 0.5712 0.1708
1341848013.1308 -0.2272 -1.4878 3.3507 -0.0593 0.8012 0.5688 0.1763
1341848013.1628 -0.2213 -1.4862 3.3510 -0.0587 0.7997 0.5692 0.1816
1341848013.1987 -0.2222 -1.4835 3.3506 -0.0551 0.7979 0.5694 0.1903
1341848013.2309 -0.2226 -1.4817 3.3509 -0.0538 0.7965 0.5690 0.1971
1341848013.2627 -0.2166 -1.4790 3.3550 -0.0539 0.7957 0.5688 0.2013
1341848013.2987 -0.2187 -1.4774 3.3526 -0.0509 0.7922 0.5705 0.2107
1341848013.3308 -0.2187 -1.4757 3.3525 -0.0530 0.7906 0.5696 0.2185
1341848013.3667 -0.2150 -1.4736 3.3585 -0.0565 0.7908 0.5668 0.2240
1341848013.3987 -0.2094 -1.4714 3.3659 -0.0581 0.7900 0.5658 0.2289
1341848013.4309 -0.2053 -1.4691 3.3695 -0.0577 0.7864 0.5677 0.2367
1341848013.4670 -0.2048 -1.4687 3.3629 -0.0572 0.7803 0.5716 0.2471
1341848013.4988 -0.2024 -1.4676 3.3637 -0.0604 0.7791 0.5695 0.2548
1341848013.5348 -0.1960 -1.4661 3.3697 -0.0657 0.7794 0.5656 0.2614
1341848013.5667 -0.1893 -1.4648 3.3728 -0.0683 0.7778 0.5638 0.2692
1341848013.5988 -0.1890 -1.4653 3.3762 -0.0675 0.7765 0.5611 0.2785
1341848013.6348 -0.1828 -1.4636 3.3776 -0.0687 0.7744 0.5609 0.2845
1341848013.6667 -0.1776 -1.4636 3.3752 -0.0692 0.7721 0.5594 0.2936
1341848013.6988 -0.1770 -1.4644 3.3768 -0.0688 0.7724 0.5541 0.3027
1341848013.7346 -0.1722 -1.4649 3.3785 -0.0708 0.7726 0.5497 0.3096
1341848013.7668 -0.1685 -1.4651 3.3832 -0.0710 0.7739 0.5446 0.3154
1341848013.8027 -0.1658 -1.4644 3.3881 -0.0703 0.7740 0.5410 0.3215
1341848013.8348 -0.1637 -1.4638 3.3878 -0.0702 0.7714 0.5403 0.3288
1341848013.8668 -0.1591 -1.4645 3.3862 -0.0713 0.7697 0.5389 0.3346
1341848013.9027 -0.1578 -1.4627 3.3919 -0.0722 0.7708 0.5334 0.3407
1341848013.9667 -0.1484 -1.4611 3.3960 -0.0740 0.7672 0.5314 0.3516
1341848014.0027 -0.1431 -1.4606 3.3978 -0.0744 0.7655 0.5302 0.3569
1341848014.0349 -0.1375 -1.4600 3.4004 -0.0750 0.7631 0.5288 0.3638
1341848014.0710 -0.1354 -1.4588 3.3986 -0.0760 0.7592 0.5276 0.3736
1341848014.1027 -0.1306 -1.4568 3.4003 -0.0808 0.7571 0.5248 0.3806
1341848014.1347 -0.1222 -1.4558 3.4051 -0.0847 0.7557 0.5224 0.3858
1341848014.1707 -0.1163 -1.4541 3.4077 -0.0864 0.7523 0.5215 0.3933
1341848014.2027 -0.1080 -1.4545 3.4057 -0.0893 0.7476 0.5222 0.4005
1341848014.2348 -0.0982 -1.4538 3.4091 -0.0911 0.7464 0.5185 0.4071
1341848014.2707 -0.0933 -1.4507 3.4156 -0.0921 0.7445 0.5140 0.4161
1341848014.3027 -0.0838 -1.4512 3.4169 -0.0919 0.7414 0.5138 0.4218
1341848014.3387 -0.0754 -1.4517 3.4205 -0.0917 0.7387 0.5116 0.4292
1341848014.3706 -0.0695 -1.4538 3.4236 -0.0928 0.7344 0.5086 0.4397
1341848014.4388 -0.0537 -1.4538 3.4303 -0.0949 0.7287 0.5010 0.4572
1341848014.4708 -0.0451 -1.4550 3.4332 -0.0962 0.7249 0.4967 0.4675
1341848014.5066 -0.0397 -1.4549 3.4392 -0.0971 0.7226 0.4905 0.4772
1341848014.5387 -0.0296 -1.4602 3.4394 -0.0994 0.7173 0.4884 0.4869
1341848014.5708 -0.0241 -1.4607 3.4425 -0.0985 0.7165 0.4814 0.4952
1341848014.6069 -0.0189 -1.4622 3.4515 -0.0979 0.7151 0.4759 0.5025
1341848014.6387 -0.0115 -1.4632 3.4534 -0.0957 0.7109 0.4745 0.5103
1341848014.6708 -0.0033 -1.4662 3.4553 -0.0940 0.7083 0.4716 0.5167
1341848014.7068 0.0022 -1.4662 3.4569 -0.0920 0.7061 0.4662 0.5251
1341848014.7387 0.0092 -1.4702 3.4589 -0.0911 0.7054 0.4623 0.5296
1341848014.7747 0.0160 -1.4731 3.4671 -0.0871 0.7048 0.4592 0.5337
1341848014.8067 0.0197 -1.4726 3.4685 -0.0809 0.7010 0.4579 0.5407
1341848014.8387 0.0267 -1.4747 3.4700 -0.0783 0.6979 0.4569 0.5459
1341848014.8747 0.0340 -1.4772 3.4737 -0.0766 0.6948 0.4544 0.5522
1341848014.9066 0.0358 -1.4746 3.4753 -0.0726 0.6914 0.4504 0.5602
1341848014.9387 0.0420 -1.4747 3.4800 -0.0709 0.6887 0.4505 0.5636
1341848014.9747 0.0465 -1.4745 3.4825 -0.0681 0.6841 0.4512 0.5691
1341848015.0067 0.0440 -1.4702 3.4785 -0.0662 0.6773 0.4508 0.5777
1341848015.0426 0.0471 -1.4665 3.4801 -0.0714 0.6723 0.4518 0.5820
1341848015.0749 0.0536 -1.4659 3.4824 -0.0797 0.6677 0.4510 0.5869
1341848015.1068 0.0595 -1.4639 3.4841 -0.0865 0.6638 0.4488 0.5920
1341848015.1427 0.0636 -1.4618 3.4878 -0.0908 0.6607 0.4479 0.5955
1341848015.1747 0.0719 -1.4609 3.4916 -0.0940 0.6566 0.4494 0.5983
1341848015.2072 0.0750 -1.4588 3.4914 -0.0943 0.6515 0.4489 0.6043
1341848015.2435 0.0797 -1.4564 3.4918 -0.0968 0.6475 0.4468 0.6098
1341848015.2748 0.0851 -1.4551 3.4967 -0.0976 0.6443 0.4448 0.6144
1341848015.3106 0.0891 -1.4538 3.4971 -0.0960 0.6382 0.4425 0.6227
1341848015.3429 0.0922 -1.4519 3.4965 -0.0949 0.6324 0.4403 0.6302
1341848015.3747 0.0965 -1.4505 3.4997 -0.0937 0.6270 0.4391 0.6366
1341848015.4107 0.0997 -1.4493 3.4981 -0.0910 0.6197 0.4382 0.6448
1341848015.4428 0.1015 -1.4477 3.4970 -0.0894 0.6131 0.4365 0.6523
1341848015.4750 0.1060 -1.4471 3.4976 -0.0900 0.6065 0.4336 0.6604
1341848015.5109 0.1090 -1.4467 3.4981 -0.0899 0.6012 0.4286 0.6684
1341848015.5428 0.1076 -1.4457 3.4985 -0.0866 0.5950 0.4268 0.6755
1341848015.5818 0.1125 -1.4453 3.4991 -0.0878 0.5865 0.4247 0.6841
1341848015.6178 0.1144 -1.4451 3.4999 -0.0886 0.5806 0.4178 0.6932
1341848015.6501 0.1143 -1.4456 3.4997 -0.0895 0.5745 0.4120 0.7016
1341848015.6858 0.1197 -1.4464 3.5043 -0.0925 0.5695 0.4078 0.7077
1341848015.7181 0.1223 -1.4464 3.5059 -0.0911 0.5651 0.4016 0.7149
1341848015.7498 0.1225 -1.4473 3.5059 -0.0884 0.5599 0.3973 0.7217
1341848015.7858 0.1253 -1.4487 3.5069 -0.0866 0.5540 0.3942 0.7281
1341848015.8179 0.1270 -1.4518 3.5053 -0.0864 0.5495 0.3881 0.7349
1341848015.8538 0.1268 -1.4531 3.5066 -0.0843 0.5459 0.3840 0.7399
1341848015.8857 0.1284 -1.4554 3.5044 -0.0841 0.5405 0.3792 0.7463
1341848015.9178 0.1298 -1.4566 3.5053 -0.0857 0.5383 0.3721 0.7513
1341848015.9540 0.1300 -1.4570 3.5086 -0.0841 0.5372 0.3637 0.7563
1341848015.9867 0.1282 -1.4602 3.5087 -0.0818 0.5351 0.3587 0.7605
1341848016.0217 0.1274 -1.4601 3.5088 -0.0783 0.5312 0.3557 0.7650
1341848016.0539 0.1292 -1.4613 3.5090 -0.0767 0.5283 0.3502 0.7696
1341848016.0857 0.1259 -1.4620 3.5079 -0.0735 0.5266 0.3447 0.7736
1341848016.1218 0.1236 -1.4620 3.5060 -0.0732 0.5232 0.3420 0.7771
1341848016.1538 0.1249 -1.4636 3.5069 -0.0762 0.5220 0.3392 0.7789
1341848016.1858 0.1227 -1.4637 3.5064 -0.0769 0.5209 0.3366 0.7807
1341848016.2217 0.1213 -1.4636 3.5073 -0.0780 0.5196 0.3364 0.7815
1341848016.2537 0.1241 -1.4654 3.5092 -0.0793 0.5191 0.3360 0.7819
1341848016.2900 0.1199 -1.4662 3.5059 -0.0795 0.5194 0.3339 0.7826
1341848016.3220 0.1185 -1.4661 3.5078 -0.0802 0.5221 0.3377 0.7790
1341848016.3537 0.1212 -1.4687 3.5111 -0.0787 0.5245 0.3413 0.7760
1341848016.3898 0.1149 -1.4692 3.5104 -0.0742 0.5263 0.3433 0.7744
1341848016.4217 0.1149 -1.4714 3.5132 -0.0723 0.5279 0.3487 0.7710
1341848016.4539 0.1139 -1.4735 3.5148 -0.0692 0.5299 0.3520 0.7684
1341848016.4901 0.1122 -1.4752 3.5157 -0.0657 0.5310 0.3525 0.7678
1341848016.5218 0.1090 -1.4771 3.5172 -0.0640 0.5336 0.3517 0.7665
1341848016.5542 0.1071 -1.4784 3.5204 -0.0596 0.5364 0.3533 0.7642
1341848016.5898 0.1028 -1.4810 3.5216 -0.0554 0.5363 0.3528 0.7647
1341848016.6219 0.0997 -1.4819 3.5238 -0.0519 0.5373 0.3554 0.7631
1341848016.6578 0.0980 -1.4849 3.5283 -0.0475 0.5374 0.3593 0.7615
1341848016.6899 0.0926 -1.4890 3.5306 -0.0447 0.5364 0.3601 0.7620
1341848016.7578 0.0922 -1.4955 3.5395 -0.0464 0.5379 0.3593 0.7612
1341848016.8188 0.0799 -1.5007 3.5468 -0.0430 0.5389 0.3581 0.7612
1341848016.8508 0.0775 -1.5055 3.5520 -0.0432 0.5390 0.3584 0.7610
1341848016.8828 0.0713 -1.5083 3.5555 -0.0430 0.5395 0.3580 0.7609
1341848016.9189 0.0671 -1.5108 3.5608 -0.0419 0.5393 0.3602 0.7600
1341848016.9507 0.0636 -1.5154 3.5650 -0.0426 0.5390 0.3609 0.7599
1341848016.9867 0.0568 -1.5183 3.5681 -0.0437 0.5403 0.3596 0.7595
1341848017.0187 0.0527 -1.5220 3.5742 -0.0441 0.5421 0.3613 0.7574
1341848017.0508 0.0466 -1.5258 3.5765 -0.0436 0.5427 0.3621 0.7566
1341848017.0868 0.0422 -1.5291 3.5797 -0.0447 0.5447 0.3634 0.7545
1341848017.1186 0.0380 -1.5331 3.5823 -0.0450 0.5477 0.3643 0.7519
1341848017.1507 0.0311 -1.5365 3.5848 -0.0433 0.5515 0.3666 0.7480
1341848017.1869 0.0256 -1.5406 3.5876 -0.0424 0.5550 0.3690 0.7443
1341848017.2188 0.0223 -1.5453 3.5898 -0.0416 0.5588 0.3705 0.7408
1341848017.2547 0.0135 -1.5495 3.5911 -0.0389 0.5636 0.3709 0.7371
1341848017.2866 0.0083 -1.5536 3.5960 -0.0361 0.5684 0.3736 0.7321
1341848017.3187 0.0087 -1.5592 3.5988 -0.0324 0.5719 0.3740 0.7294
1341848017.3547 -0.0061 -1.5646 3.5971 -0.0260 0.5771 0.3705 0.7274
1341848017.3868 -0.0147 -1.5673 3.5998 -0.0232 0.5821 0.3723 0.7225
1341848017.4188 -0.0199 -1.5727 3.6016 -0.0184 0.5858 0.3755 0.7180
1341848017.4548 -0.0322 -1.5749 3.6022 -0.0152 0.5884 0.3768 0.7152
1341848017.4867 -0.0336 -1.5798 3.6042 -0.0155 0.5913 0.3791 0.7116
1341848017.5227 -0.0413 -1.5832 3.6048 -0.0142 0.5945 0.3781 0.7095
1341848017.5548 -0.0490 -1.5855 3.6056 -0.0125 0.5985 0.3778 0.7063
1341848017.5878 -0.0525 -1.5874 3.6083 -0.0114 0.6015 0.3791 0.7031
1341848017.6227 -0.0575 -1.5918 3.6079 -0.0094 0.6045 0.3788 0.7007
1341848017.6548 -0.0639 -1.5922 3.6091 -0.0068 0.6076 0.3799 0.6975
1341848017.6868 -0.0618 -1.5974 3.6105 -0.0056 0.6107 0.3799 0.6948
1341848017.7228 -0.0736 -1.5994 3.6105 -0.0002 0.6145 0.3783 0.6923
1341848017.7548 -0.0729 -1.6016 3.6144 0.0020 0.6167 0.3806 0.6891
1341848017.7907 -0.0769 -1.6065 3.6136 0.0061 0.6183 0.3802 0.6879
1341848017.8228 -0.0850 -1.6090 3.6144 0.0090 0.6214 0.3783 0.6861
1341848017.8547 -0.0886 -1.6114 3.6181 0.0100 0.6233 0.3784 0.6842
1341848017.8907 -0.0930 -1.6139 3.6191 0.0115 0.6243 0.3787 0.6831
1341848017.9228 -0.0998 -1.6154 3.6200 0.0116 0.6257 0.3786 0.6819
1341848017.9586 -0.0989 -1.6180 3.6227 0.0095 0.6273 0.3789 0.6803
1341848017.9907 -0.1069 -1.6194 3.6249 0.0114 0.6290 0.3786 0.6789
1341848018.0227 -0.1093 -1.6204 3.6273 0.0100 0.6297 0.3809 0.6770
1341848018.0588 -0.1086 -1.6231 3.6275 0.0084 0.6316 0.3818 0.6747
1341848018.0909 -0.1133 -1.6234 3.6308 0.0083 0.6349 0.3814 0.6719
1341848018.1227 -0.1155 -1.6251 3.6350 0.0085 0.6366 0.3848 0.6683
1341848018.1591 -0.1135 -1.6289 3.6369 0.0094 0.6377 0.3885 0.6651
1341848018.1908 -0.1180 -1.6304 3.6386 0.0099 0.6403 0.3887 0.6624
1341848018.2267 -0.1176 -1.6332 3.6431 0.0081 0.6433 0.3897 0.6590
1341848018.2588 -0.1190 -1.6370 3.6481 0.0098 0.6455 0.3921 0.6554
1341848018.2907 -0.1221 -1.6403 3.6523 0.0115 0.6466 0.3954 0.6523
1341848018.3339 -0.1220 -1.6437 3.6546 0.0099 0.6483 0.3975 0.6493
1341848018.3672 -0.1201 -1.6483 3.6603 0.0079 0.6525 0.3971 0.6453
1341848018.3977 -0.1238 -1.6519 3.6683 0.0087 0.6561 0.3970 0.6418
1341848018.4338 -0.1258 -1.6558 3.6762 0.0117 0.6574 0.4021 0.6372
1341848018.4657 -0.1265 -1.6608 3.6820 0.0149 0.6578 0.4082 0.6328
1341848018.5018 -0.1275 -1.6645 3.6872 0.0159 0.6599 0.4107 0.6290
1341848018.5345 -0.1296 -1.6687 3.6965 0.0164 0.6633 0.4118 0.6246
1341848018.5658 -0.1321 -1.6725 3.7045 0.0169 0.6653 0.4140 0.6210
1341848018.6017 -0.1321 -1.6777 3.7107 0.0166 0.6676 0.4153 0.6177
1341848018.6337 -0.1366 -1.6816 3.7190 0.0164 0.6714 0.4156 0.6134
1341848018.6698 -0.1374 -1.6875 3.7293 0.0162 0.6736 0.4181 0.6092
1341848018.7018 -0.1405 -1.6927 3.7376 0.0158 0.6749 0.4206 0.6061
1341848018.7339 -0.1394 -1.6993 3.7446 0.0139 0.6769 0.4221 0.6029
1341848018.7697 -0.1420 -1.7062 3.7540 0.0132 0.6794 0.4217 0.6003
1341848018.8022 -0.1420 -1.7126 3.7631 0.0129 0.6806 0.4228 0.5982
1341848018.8338 -0.1407 -1.7187 3.7686 0.0125 0.6819 0.4224 0.5970
1341848018.8698 -0.1431 -1.7265 3.7758 0.0134 0.6847 0.4204 0.5951
1341848018.9020 -0.1468 -1.7332 3.7847 0.0154 0.6865 0.4206 0.5930
1341848018.9338 -0.1446 -1.7389 3.7931 0.0181 0.6867 0.4237 0.5905
1341848018.9697 -0.1517 -1.7480 3.7965 0.0204 0.6869 0.4242 0.5898
1341848019.0023 -0.1536 -1.7535 3.8028 0.0188 0.6885 0.4246 0.5877
1341848019.0698 -0.1578 -1.7677 3.8135 0.0190 0.6919 0.4234 0.5845
1341848019.1308 -0.1595 -1.7777 3.8241 0.0167 0.6961 0.4241 0.5790
1341848019.1627 -0.1633 -1.7831 3.8313 0.0173 0.6982 0.4254 0.5755
1341848019.1986 -0.1662 -1.7875 3.8371 0.0167 0.7000 0.4278 0.5716
1341848019.2311 -0.1654 -1.7929 3.8420 0.0152 0.7027 0.4295 0.5670
1341848019.2627 -0.1679 -1.7993 3.8507 0.0144 0.7061 0.4291 0.5632
1341848019.2987 -0.1747 -1.8040 3.8600 0.0138 0.7086 0.4305 0.5589
1341848019.3307 -0.1728 -1.8107 3.8672 0.0119 0.7109 0.4332 0.5540
1341848019.3627 -0.1791 -1.8175 3.8760 0.0121 0.7142 0.4327 0.5501
1341848019.3987 -0.1842 -1.8236 3.8865 0.0105 0.7171 0.4340 0.5453
1341848019.4310 -0.1820 -1.8306 3.8951 0.0093 0.7194 0.4355 0.5409
1341848019.4670 -0.1884 -1.8374 3.9039 0.0089 0.7229 0.4340 0.5377
1341848019.4988 -0.1883 -1.8439 3.9148 0.0084 0.7265 0.4342 0.5326
1341848019.5308 -0.1924 -1.8533 3.9261 0.0120 0.7290 0.4353 0.5282
1341848019.5671 -0.1967 -1.8594 3.9390 0.0143 0.7307 0.4373 0.5240
1341848019.5987 -0.1957 -1.8665 3.9479 0.0146 0.7318 0.4386 0.5214
1341848019.6307 -0.2015 -1.8735 3.9598 0.0150 0.7345 0.4379 0.5182
1341848019.6669 -0.2023 -1.8806 3.9746 0.0149 0.7360 0.4396 0.5147
1341848019.6987 -0.2031 -1.8863 3.9828 0.0157 0.7356 0.4422 0.5130
1341848019.7348 -0.2052 -1.8915 3.9902 0.0149 0.7373 0.4426 0.5101
1341848019.7667 -0.2052 -1.8991 3.9993 0.0131 0.7397 0.4428 0.5065
1341848019.7987 -0.2074 -1.9063 4.0096 0.0136 0.7413 0.4437 0.5034
1341848019.8347 -0.2081 -1.9107 4.0154 0.0146 0.7425 0.4452 0.5003
1341848019.8988 -0.2098 -1.9222 4.0286 0.0164 0.7471 0.4469 0.4918
1341848019.9348 -0.2118 -1.9270 4.0370 0.0186 0.7488 0.4496 0.4866
1341848019.9667 -0.2103 -1.9308 4.0408 0.0204 0.7501 0.4529 0.4815
1341848020.0028 -0.2090 -1.9326 4.0442 0.0206 0.7527 0.4540 0.4764
1341848020.0347 -0.2099 -1.9373 4.0514 0.0197 0.7562 0.4540 0.4708
1341848020.0667 -0.2073 -1.9441 4.0594 0.0204 0.7580 0.4568 0.4651
1341848020.1028 -0.2066 -1.9482 4.0647 0.0225 0.7593 0.4589 0.4610
1341848020.1348 -0.2053 -1.9490 4.0704 0.0212 0.7620 0.4589 0.4565
1341848020.1708 -0.2021 -1.9542 4.0752 0.0193 0.7651 0.4588 0.4514
1341848020.2027 -0.2027 -1.9606 4.0832 0.0191 0.7675 0.4591 0.4469
1341848020.2349 -0.2003 -1.9625 4.0877 0.0186 0.7696 0.4605 0.4419
1341848020.2712 -0.1953 -1.9661 4.0912 0.0183 0.7724 0.4610 0.4366
1341848020.3028 -0.1939 -1.9721 4.0992 0.0185 0.7756 0.4605 0.4313
1341848020.3349 -0.1911 -1.9761 4.1053 0.0192 0.7780 0.4615 0.4260
1341848020.3708 -0.1848 -1.9786 4.1082 0.0205 0.7803 0.4628 0.4201
1341848020.4388 -0.1760 -1.9860 4.1191 0.0215 0.7866 0.4620 0.4091
1341848020.4712 -0.1689 -1.9886 4.1225 0.0218 0.7906 0.4604 0.4030
1341848020.5027 -0.1686 -1.9980 4.1329 0.0236 0.7948 0.4588 0.3965
1341848020.5387 -0.1650 -2.0035 4.1419 0.0260 0.7973 0.4604 0.3895
1341848020.5708 -0.1592 -2.0082 4.1481 0.0287 0.7990 0.4623 0.3834
1341848020.6028 -0.1583 -2.0152 4.1580 0.0305 0.8008 0.4641 0.3774
1341848020.6389 -0.1530 -2.0199 4.1667 0.0317 0.8013 0.4683 0.3711
1341848020.6708 -0.1446 -2.0211 4.1684 0.0336 0.8015 0.4712 0.3667
1341848020.7067 -0.1447 -2.0259 4.1762 0.0327 0.8034 0.4707 0.3631
1341848020.7390 -0.1377 -2.0331 4.1836 0.0305 0.8041 0.4737 0.3578
1341848020.7708 -0.1288 -2.0360 4.1875 0.0328 0.8039 0.4768 0.3541
1341848020.8072 -0.1277 -2.0399 4.1942 0.0338 0.8042 0.4780 0.3517
1341848020.8391 -0.1199 -2.0414 4.1953 0.0326 0.8045 0.4799 0.3483
1341848020.8710 -0.1138 -2.0484 4.1996 0.0324 0.8056 0.4800 0.3457
1341848020.9066 -0.1115 -2.0563 4.2084 0.0336 0.8065 0.4807 0.3425
1341848020.9388 -0.1047 -2.0578 4.2101 0.0345 0.8064 0.4830 0.3395
1341848020.9749 -0.0984 -2.0611 4.2116 0.0340 0.8079 0.4822 0.3370
1341848021.0066 -0.0962 -2.0682 4.2185 0.0338 0.8094 0.4819 0.3339
1341848021.0396 -0.0900 -2.0717 4.2244 0.0341 0.8101 0.4835 0.3298
1341848021.0748 -0.0822 -2.0749 4.2280 0.0351 0.8108 0.4850 0.3258
1341848021.1067 -0.0790 -2.0767 4.2322 0.0345 0.8120 0.4849 0.3230
1341848021.1428 -0.0715 -2.0814 4.2376 0.0324 0.8137 0.4854 0.3181
1341848021.1750 -0.0630 -2.0852 4.2423 0.0323 0.8149 0.4862 0.3139
1341848021.2067 -0.0577 -2.0889 4.2496 0.0330 0.8161 0.4869 0.3095
1341848021.2427 -0.0495 -2.0868 4.2490 0.0319 0.8178 0.4867 0.3054
1341848021.2749 -0.0424 -2.0943 4.2570 0.0307 0.8209 0.4855 0.2991
1341848021.3073 -0.0342 -2.0984 4.2610 0.0322 0.8227 0.4856 0.2938
1341848021.3434 -0.0259 -2.0996 4.2635 0.0334 0.8256 0.4841 0.2879
1341848021.3848 -0.0178 -2.1044 4.2669 0.0334 0.8298 0.4810 0.2812
1341848021.4143 -0.0124 -2.1144 4.2763 0.0353 0.8334 0.4791 0.2732
1341848021.4557 -0.0014 -2.1185 4.2798 0.0387 0.8359 0.4790 0.2652
1341848021.4879 0.0049 -2.1256 4.2860 0.0422 0.8389 0.4772 0.2583
1341848021.5147 0.0129 -2.1340 4.2941 0.0446 0.8410 0.4769 0.2514
1341848021.5508 0.0208 -2.1405 4.3020 0.0472 0.8422 0.4776 0.2457
1341848021.6178 0.0373 -2.1473 4.3123 0.0424 0.8452 0.4760 0.2391
1341848021.6788 0.0577 -2.1555 4.3213 0.0346 0.8482 0.4751 0.2316
1341848021.7107 0.0649 -2.1626 4.3305 0.0346 0.8492 0.4750 0.2282
1341848021.7428 0.0728 -2.1637 4.3349 0.0354 0.8493 0.4767 0.2240
1341848021.7787 0.0822 -2.1660 4.3377 0.0356 0.8499 0.4776 0.2197
1341848021.8109 0.0882 -2.1694 4.3440 0.0347 0.8505 0.4785 0.2157
1341848021.8446 0.0991 -2.1682 4.3424 0.0319 0.8508 0.4803 0.2108
1341848021.8789 0.1097 -2.1719 4.3454 0.0303 0.8520 0.4801 0.2065
1341848021.9106 0.1194 -2.1741 4.3480 0.0298 0.8530 0.4798 0.2032
1341848021.9467 0.1311 -2.1745 4.3474 0.0286 0.8542 0.4792 0.1997
1341848021.9787 0.1400 -2.1795 4.3491 0.0284 0.8559 0.4777 0.1962
1341848022.0108 0.1516 -2.1814 4.3521 0.0267 0.8575 0.4764 0.1927
1341848022.0467 0.1618 -2.1824 4.3527 0.0266 0.8586 0.4761 0.1883
1341848022.0787 0.1718 -2.1861 4.3553 0.0268 0.8599 0.4754 0.1840
1341848022.1110 0.1825 -2.1857 4.3553 0.0247 0.8611 0.4749 0.1797
1341848022.1467 0.1968 -2.1860 4.3527 0.0236 0.8623 0.4748 0.1745
1341848022.1790 0.2070 -2.1881 4.3528 0.0230 0.8639 0.4734 0.1702
1341848022.2148 0.2193 -2.1868 4.3498 0.0218 0.8654 0.4725 0.1656
1341848022.2468 0.2270 -2.1923 4.3478 0.0230 0.8674 0.4708 0.1599
1341848022.2788 0.2365 -2.1929 4.3486 0.0255 0.8690 0.4699 0.1532
1341848022.3148 0.2501 -2.1917 4.3447 0.0303 0.8693 0.4712 0.1460
1341848022.3541 0.2580 -2.1933 4.3393 0.0320 0.8708 0.4700 0.1407
1341848022.3872 0.2654 -2.1978 4.3408 0.0326 0.8726 0.4687 0.1340
1341848022.4178 0.2797 -2.1983 4.3338 0.0353 0.8732 0.4692 0.1272
1341848022.4542 0.2877 -2.2004 4.3297 0.0365 0.8750 0.4667 0.1233
1341848022.4856 0.2942 -2.2052 4.3289 0.0361 0.8767 0.4649 0.1182
1341848022.5217 0.3063 -2.2075 4.3259 0.0381 0.8776 0.4646 0.1119
1341848022.5542 0.3163 -2.2113 4.3214 0.0400 0.8783 0.4640 0.1081
1341848022.5861 0.3197 -2.2158 4.3192 0.0392 0.8793 0.4629 0.1048
1341848022.6218 0.3332 -2.2144 4.3141 0.0379 0.8804 0.4624 0.0978
1341848022.6542 0.3425 -2.2193 4.3097 0.0397 0.8818 0.4607 0.0933
1341848022.6903 0.3438 -2.2237 4.3120 0.0414 0.8823 0.4603 0.0893
1341848022.7217 0.3514 -2.2237 4.3085 0.0412 0.8816 0.4631 0.0815
1341848022.7830 0.3674 -2.2256 4.3061 0.0419 0.8819 0.4642 0.0710
1341848022.8148 0.3747 -2.2243 4.3024 0.0393 0.8802 0.4688 0.0628
1341848022.8508 0.3930 -2.2225 4.2945 0.0366 0.8798 0.4707 0.0549
1341848022.8827 0.3902 -2.2250 4.3013 0.0364 0.8793 0.4721 0.0513
1341848022.9188 0.3938 -2.2244 4.3006 0.0324 0.8753 0.4808 0.0416
1341848022.9508 0.4112 -2.2234 4.2728 0.0268 0.8725 0.4869 0.0322
1341848022.9827 0.4130 -2.2237 4.2824 0.0194 0.8772 0.4789 0.0272
1341848023.0188 0.4215 -2.2266 4.2854 0.0150 0.8756 0.4825 0.0156
1341848023.0508 0.4431 -2.2219 4.2725 0.0169 0.8730 0.4874 0.0022
1341848023.0827 0.4514 -2.2231 4.2680 0.0213 0.8729 0.4874 -0.0044
1341848023.1188 0.4536 -2.2248 4.2693 0.0230 0.8722 0.4885 -0.0115
1341848023.1510 0.4700 -2.2191 4.2598 0.0215 0.8711 0.4900 -0.0224
1341848023.1867 0.4793 -2.2247 4.2629 0.0226 0.8713 0.4893 -0.0297
1341848023.2187 0.4859 -2.2259 4.2674 0.0254 0.8687 0.4932 -0.0374
1341848023.2868 0.5097 -2.2156 4.2604 0.0230 0.8632 0.5018 -0.0509
1341848023.3188 0.5152 -2.2137 4.2581 0.0172 0.8610 0.5053 -0.0548
1341848023.3548 0.5290 -2.2087 4.2562 0.0118 0.8591 0.5078 -0.0624
1341848023.3869 0.5410 -2.2038 4.2537 0.0100 0.8578 0.5095 -0.0675
1341848023.4187 0.5495 -2.2019 4.2533 0.0096 0.8561 0.5117 -0.0718
1341848023.4547 0.5580 -2.1975 4.2499 0.0111 0.8537 0.5147 -0.0780
1341848023.4871 0.5683 -2.1931 4.2444 0.0117 0.8523 0.5163 -0.0830
1341848023.5187 0.5714 -2.1907 4.2408 0.0113 0.8515 0.5171 -0.0863
1341848023.5551 0.5782 -2.1872 4.2361 0.0088 0.8509 0.5171 -0.0919
1341848023.5868 0.5899 -2.1819 4.2293 0.0074 0.8510 0.5162 -0.0967
1341848023.6228 0.5945 -2.1815 4.2261 0.0097 0.8512 0.5150 -0.1006
1341848023.6872 0.6089 -2.1767 4.2142 0.0082 0.8509 0.5134 -0.1114
1341848023.7227 0.6174 -2.1730 4.2085 0.0099 0.8512 0.5116 -0.1170
1341848023.7547 0.6211 -2.1718 4.2058 0.0109 0.8509 0.5113 -0.1202
1341848023.7869 0.6258 -2.1657 4.1949 0.0093 0.8498 0.5119 -0.1251
1341848023.8228 0.6332 -2.1630 4.1904 0.0074 0.8503 0.5099 -0.1303
1341848023.8548 0.6385 -2.1579 4.1837 0.0073 0.8495 0.5101 -0.1344
1341848023.8907 0.6438 -2.1533 4.1741 0.0069 0.8487 0.5102 -0.1393
1341848023.9228 0.6482 -2.1468 4.1638 0.0063 0.8487 0.5088 -0.1441
1341848023.9548 0.6531 -2.1445 4.1556 0.0060 0.8489 0.5069 -0.1495
1341848023.9907 0.6593 -2.1439 4.1507 0.0091 0.8479 0.5064 -0.1566
1341848024.0227 0.6660 -2.1375 4.1405 0.0139 0.8458 0.5077 -0.1635
1341848024.0547 0.6709 -2.1329 4.1291 0.0169 0.8448 0.5078 -0.1677
1341848024.1228 0.6788 -2.1291 4.1169 0.0226 0.8432 0.5072 -0.1771
1341848024.1588 0.6845 -2.1221 4.1054 0.0251 0.8417 0.5078 -0.1819
1341848024.1909 0.6851 -2.1209 4.0992 0.0272 0.8420 0.5064 -0.1840
1341848024.2228 0.6876 -2.1184 4.0971 0.0271 0.8406 0.5071 -0.1885
1341848024.2588 0.6934 -2.1102 4.0848 0.0275 0.8379 0.5089 -0.1952
1341848024.2908 0.6973 -2.1067 4.0814 0.0291 0.8377 0.5081 -0.1983
1341848024.3227 0.6988 -2.1038 4.0747 0.0285 0.8351 0.5111 -0.2015
1341848024.3587 0.7026 -2.0995 4.0646 0.0260 0.8329 0.5130 -0.2060
1341848024.3909 0.7060 -2.0956 4.0587 0.0244 0.8323 0.5125 -0.2098
1341848024.4268 0.7112 -2.0921 4.0545 0.0238 0.8310 0.5128 -0.2142
1341848024.4588 0.7149 -2.0879 4.0467 0.0236 0.8291 0.5144 -0.2178
1341848024.4910 0.7179 -2.0843 4.0434 0.0234 0.8280 0.5146 -0.2216
1341848024.5268 0.7239 -2.0793 4.0385 0.0217 0.8258 0.5162 -0.2260
1341848024.5586 0.7299 -2.0730 4.0314 0.0208 0.8243 0.5172 -0.2293
1341848024.5947 0.7341 -2.0715 4.0292 0.0209 0.8234 0.5174 -0.2322
1341848024.6267 0.7381 -2.0679 4.0235 0.0195 0.8207 0.5200 -0.2361
1341848024.6587 0.7459 -2.0600 4.0169 0.0183 0.8191 0.5202 -0.2411
1341848024.6948 0.7522 -2.0575 4.0163 0.0195 0.8182 0.5197 -0.2452
1341848024.7271 0.7591 -2.0511 4.0111 0.0198 0.8155 0.5219 -0.2494
1341848024.7589 0.7647 -2.0454 4.0021 0.0199 0.8136 0.5229 -0.2534
1341848024.7947 0.7717 -2.0448 4.0012 0.0191 0.8134 0.5215 -0.2571
1341848024.8267 0.7813 -2.0380 3.9955 0.0186 0.8117 0.5216 -0.2621
1341848024.8628 0.7912 -2.0328 3.9899 0.0205 0.8113 0.5199 -0.2665
1341848024.8948 0.7999 -2.0321 3.9884 0.0237 0.8110 0.5185 -0.2699
1341848024.9268 0.8092 -2.0284 3.9832 0.0256 0.8098 0.5178 -0.2746
1341848024.9627 0.8196 -2.0262 3.9806 0.0278 0.8099 0.5158 -0.2780
1341848024.9947 0.8292 -2.0276 3.9819 0.0307 0.8089 0.5156 -0.2808
1341848025.0269 0.8374 -2.0223 3.9757 0.0323 0.8062 0.5176 -0.2848
1341848025.0626 0.8454 -2.0203 3.9725 0.0316 0.8057 0.5170 -0.2873
1341848025.1311 0.8649 -2.0122 3.9667 0.0295 0.8025 0.5175 -0.2954
1341848025.1631 0.8751 -2.0096 3.9638 0.0315 0.8021 0.5160 -0.2989
1341848025.1949 0.8826 -2.0095 3.9635 0.0333 0.8009 0.5163 -0.3015
1341848025.2306 0.8900 -2.0054 3.9570 0.0342 0.7986 0.5171 -0.3060
1341848025.2627 0.8999 -2.0021 3.9535 0.0351 0.7985 0.5154 -0.3092
1341848025.2947 0.9073 -2.0019 3.9523 0.0360 0.7979 0.5152 -0.3108
1341848025.3307 0.9135 -1.9992 3.9466 0.0349 0.7964 0.5162 -0.3133
1341848025.3630 0.9213 -1.9978 3.9432 0.0340 0.7961 0.5154 -0.3154
1341848025.3988 0.9286 -1.9969 3.9414 0.0355 0.7954 0.5151 -0.3173
1341848025.4307 0.9317 -1.9965 3.9364 0.0363 0.7936 0.5169 -0.3190
1341848025.4628 0.9374 -1.9953 3.9318 0.0340 0.7927 0.5168 -0.3215
1341848025.4987 0.9450 -1.9940 3.9296 0.0320 0.7922 0.5162 -0.3238
1341848025.5308 0.9506 -1.9911 3.9249 0.0325 0.7907 0.5168 -0.3265
1341848025.5668 0.9553 -1.9892 3.9209 0.0321 0.7897 0.5169 -0.3289
1341848025.5987 0.9612 -1.9869 3.9180 0.0306 0.7889 0.5168 -0.3312
1341848025.6307 0.9676 -1.9832 3.9151 0.0304 0.7879 0.5166 -0.3338
1341848025.6667 0.9716 -1.9805 3.9118 0.0314 0.7868 0.5168 -0.3359
1341848025.6988 0.9763 -1.9811 3.9097 0.0309 0.7852 0.5176 -0.3385
1341848025.7307 0.9810 -1.9757 3.9037 0.0288 0.7832 0.5189 -0.3413
1341848025.7667 0.9858 -1.9693 3.8997 0.0280 0.7831 0.5175 -0.3438
1341848025.7989 0.9907 -1.9693 3.8985 0.0291 0.7827 0.5163 -0.3464
1341848025.8348 0.9961 -1.9645 3.8926 0.0302 0.7812 0.5163 -0.3496
1341848025.8667 1.0006 -1.9617 3.8885 0.0321 0.7811 0.5147 -0.3521
1341848025.8987 1.0059 -1.9598 3.8865 0.0340 0.7805 0.5138 -0.3546
1341848025.9348 1.0091 -1.9564 3.8810 0.0356 0.7789 0.5141 -0.3574
1341848025.9671 1.0150 -1.9542 3.8778 0.0362 0.7784 0.5131 -0.3600
1341848025.9987 1.0207 -1.9493 3.8761 0.0379 0.7771 0.5126 -0.3632
1341848026.0346 1.0244 -1.9440 3.8687 0.0394 0.7751 0.5131 -0.3666
1341848026.0669 1.0300 -1.9417 3.8649 0.0402 0.7748 0.5114 -0.3696
1341848026.1028 1.0370 -1.9389 3.8633 0.0415 0.7733 0.5107 -0.3734
1341848026.1347 1.0424 -1.9335 3.8549 0.0443 0.7708 0.5112 -0.3775
1341848026.1667 1.0488 -1.9319 3.8530 0.0477 0.7706 0.5094 -0.3800
1341848026.2028 1.0536 -1.9293 3.8518 0.0495 0.7688 0.5098 -0.3829
1341848026.2349 1.0596 -1.9236 3.8444 0.0510 0.7660 0.5105 -0.3874
1341848026.2670 1.0673 -1.9215 3.8436 0.0546 0.7650 0.5093 -0.3903
1341848026.3029 1.0707 -1.9178 3.8388 0.0579 0.7619 0.5115 -0.3931
1341848026.3348 1.0737 -1.9139 3.8333 0.0584 0.7602 0.5116 -0.3961
1341848026.3710 1.0798 -1.9115 3.8305 0.0585 0.7597 0.5104 -0.3987
1341848026.4027 1.0854 -1.9077 3.8268 0.0600 0.7586 0.5096 -0.4016
1341848026.4347 1.0895 -1.9047 3.8218 0.0622 0.7577 0.5081 -0.4047
1341848026.4708 1.0942 -1.9019 3.8194 0.0631 0.7579 0.5059 -0.4070
1341848026.5027 1.0986 -1.8998 3.8155 0.0631 0.7569 0.5050 -0.4100
1341848026.5347 1.1045 -1.8987 3.8096 0.0622 0.7559 0.5041 -0.4131
1341848026.5708 1.1086 -1.8957 3.8059 0.0615 0.7562 0.5027 -0.4144
1341848026.6027 1.1151 -1.8938 3.8035 0.0593 0.7563 0.5019 -0.4155
1341848026.6420 1.1200 -1.8910 3.7990 0.0592 0.7553 0.5016 -0.4177
1341848026.7028 1.1310 -1.8848 3.7901 0.0583 0.7554 0.4999 -0.4197
1341848026.7388 1.1396 -1.8834 3.7865 0.0571 0.7552 0.4994 -0.4208
1341848026.7708 1.1471 -1.8810 3.7830 0.0574 0.7545 0.5000 -0.4212
1341848026.8067 1.1560 -1.8781 3.7787 0.0573 0.7536 0.5009 -0.4218
1341848026.8387 1.1636 -1.8758 3.7752 0.0567 0.7533 0.5020 -0.4211
1341848026.8780 1.1714 -1.8739 3.7720 0.0557 0.7526 0.5032 -0.4211
1341848026.9389 1.1907 -1.8676 3.7639 0.0541 0.7519 0.5047 -0.4207
1341848026.9707 1.2015 -1.8663 3.7619 0.0541 0.7521 0.5050 -0.4199
1341848027.0068 1.2096 -1.8639 3.7593 0.0538 0.7517 0.5062 -0.4194
1341848027.0387 1.2210 -1.8610 3.7553 0.0541 0.7514 0.5053 -0.4209
1341848027.0748 1.2331 -1.8616 3.7557 0.0551 0.7516 0.5049 -0.4209
1341848027.1067 1.2403 -1.8591 3.7522 0.0565 0.7502 0.5053 -0.4228
1341848027.1387 1.2503 -1.8585 3.7478 0.0565 0.7505 0.5032 -0.4246
1341848027.1748 1.2631 -1.8587 3.7476 0.0553 0.7514 0.5015 -0.4254
1341848027.2072 1.2729 -1.8580 3.7460 0.0558 0.7509 0.5004 -0.4273
1341848027.2387 1.2837 -1.8578 3.7429 0.0562 0.7503 0.4990 -0.4300
1341848027.2747 1.2953 -1.8581 3.7416 0.0560 0.7506 0.4979 -0.4309
1341848027.3067 1.3060 -1.8574 3.7397 0.0561 0.7504 0.4965 -0.4327
1341848027.3428 1.3161 -1.8571 3.7370 0.0568 0.7506 0.4951 -0.4339
1341848027.3749 1.3257 -1.8578 3.7340 0.0576 0.7518 0.4932 -0.4339
1341848027.4068 1.3374 -1.8581 3.7330 0.0574 0.7534 0.4909 -0.4338
1341848027.4430 1.3471 -1.8570 3.7287 0.0572 0.7548 0.4892 -0.4333
1341848027.4748 1.3583 -1.8570 3.7274 0.0560 0.7576 0.4865 -0.4315
1341848027.5067 1.3694 -1.8567 3.7246 0.0555 0.7597 0.4847 -0.4298
1341848027.5433 1.3789 -1.8562 3.7215 0.0554 0.7619 0.4833 -0.4275
1341848027.5747 1.3885 -1.8569 3.7197 0.0548 0.7642 0.4819 -0.4252
1341848027.6107 1.3978 -1.8569 3.7176 0.0538 0.7656 0.4812 -0.4236
1341848027.6427 1.4053 -1.8562 3.7143 0.0538 0.7667 0.4807 -0.4220
1341848027.6747 1.4137 -1.8568 3.7130 0.0534 0.7678 0.4808 -0.4200
1341848027.7110 1.4207 -1.8540 3.7098 0.0537 0.7679 0.4809 -0.4198
1341848027.7428 1.4277 -1.8515 3.7044 0.0536 0.7681 0.4812 -0.4189
1341848027.7788 1.4335 -1.8501 3.6999 0.0527 0.7693 0.4815 -0.4165
1341848027.8107 1.4414 -1.8484 3.6972 0.0514 0.7702 0.4816 -0.4149
1341848027.8428 1.4488 -1.8454 3.6925 0.0509 0.7702 0.4829 -0.4135
1341848027.8787 1.4530 -1.8416 3.6878 0.0505 0.7709 0.4842 -0.4109
1341848027.9111 1.4599 -1.8406 3.6831 0.0490 0.7716 0.4850 -0.4086
1341848027.9427 1.4658 -1.8372 3.6785 0.0475 0.7715 0.4868 -0.4068
1341848027.9788 1.4700 -1.8340 3.6700 0.0461 0.7721 0.4878 -0.4047
1341848028.0110 1.4757 -1.8324 3.6672 0.0446 0.7741 0.4869 -0.4022
1341848028.0467 1.4810 -1.8297 3.6618 0.0435 0.7745 0.4870 -0.4013
1341848028.0790 1.4857 -1.8264 3.6544 0.0443 0.7758 0.4855 -0.4006
1341848028.1110 1.4913 -1.8249 3.6504 0.0454 0.7776 0.4840 -0.3988
1341848028.1506 1.4926 -1.8230 3.6449 0.0467 0.7781 0.4833 -0.3986
1341848028.1860 1.4968 -1.8199 3.6353 0.0463 0.7789 0.4816 -0.3990
1341848028.2542 1.5064 -1.8149 3.6253 0.0475 0.7797 0.4793 -0.4001
1341848028.3149 1.5128 -1.8094 3.6139 0.0479 0.7810 0.4762 -0.4013
1341848028.3790 1.5210 -1.8025 3.5991 0.0492 0.7804 0.4740 -0.4048
1341848028.4146 1.5249 -1.7993 3.5919 0.0495 0.7808 0.4726 -0.4057
1341848028.4476 1.5298 -1.7966 3.5840 0.0492 0.7804 0.4715 -0.4078
1341848028.4828 1.5359 -1.7923 3.5775 0.0495 0.7808 0.4695 -0.4093
1341848028.5147 1.5420 -1.7897 3.5723 0.0527 0.7807 0.4685 -0.4101
1341848028.5466 1.5471 -1.7864 3.5611 0.0540 0.7795 0.4698 -0.4108
1341848028.5827 1.5539 -1.7838 3.5544 0.0530 0.7800 0.4691 -0.4108
1341848028.6146 1.5620 -1.7802 3.5481 0.0536 0.7798 0.4694 -0.4108
1341848028.6538 1.5683 -1.7756 3.5384 0.0543 0.7793 0.4701 -0.4108
1341848028.7218 1.5814 -1.7683 3.5249 0.0550 0.7797 0.4692 -0.4109
1341848028.7829 1.5927 -1.7601 3.5087 0.0566 0.7800 0.4682 -0.4114
1341848028.8148 1.5987 -1.7571 3.5005 0.0561 0.7798 0.4685 -0.4114
1341848028.8508 1.6040 -1.7531 3.4924 0.0562 0.7802 0.4679 -0.4112
1341848028.8827 1.6108 -1.7501 3.4895 0.0575 0.7811 0.4671 -0.4103
1341848028.9148 1.6170 -1.7472 3.4823 0.0592 0.7803 0.4684 -0.4102
1341848028.9509 1.6223 -1.7435 3.4746 0.0606 0.7794 0.4696 -0.4103
1341848028.9827 1.6277 -1.7400 3.4656 0.0603 0.7787 0.4711 -0.4101
1341848029.0187 1.6324 -1.7373 3.4578 0.0585 0.7783 0.4721 -0.4098
1341848029.0829 1.6421 -1.7315 3.4491 0.0556 0.7787 0.4713 -0.4103
1341848029.1188 1.6474 -1.7283 3.4417 0.0563 0.7777 0.4720 -0.4114
1341848029.1507 1.6515 -1.7253 3.4353 0.0561 0.7764 0.4733 -0.4123
1341848029.1827 1.6564 -1.7221 3.4309 0.0547 0.7750 0.4751 -0.4130
1341848029.2187 1.6610 -1.7187 3.4267 0.0546 0.7743 0.4757 -0.4137
1341848029.2506 1.6661 -1.7150 3.4199 0.0526 0.7733 0.4771 -0.4142
1341848029.2870 1.6716 -1.7119 3.4156 0.0499 0.7725 0.4777 -0.4153
1341848029.3202 1.6782 -1.7091 3.4106 0.0483 0.7708 0.4786 -0.4176
1341848029.3510 1.6837 -1.7053 3.4041 0.0496 0.7703 0.4777 -0.4196
1341848029.3869 1.6910 -1.7037 3.4016 0.0492 0.7704 0.4767 -0.4205
1341848029.4188 1.6972 -1.7009 3.3970 0.0484 0.7690 0.4770 -0.4229
1341848029.4508 1.7039 -1.6979 3.3914 0.0485 0.7683 0.4757 -0.4255
1341848029.4868 1.7118 -1.6963 3.3866 0.0479 0.7676 0.4752 -0.4274
1341848029.5189 1.7189 -1.6941 3.3834 0.0467 0.7668 0.4740 -0.4303
1341848029.5547 1.7281 -1.6929 3.3775 0.0472 0.7660 0.4720 -0.4338
1341848029.5870 1.7381 -1.6922 3.3755 0.0485 0.7664 0.4695 -0.4357
1341848029.6187 1.7473 -1.6905 3.3713 0.0496 0.7649 0.4685 -0.4393
1341848029.6553 1.7551 -1.6882 3.3648 0.0504 0.7631 0.4675 -0.4434
1341848029.6868 1.7646 -1.6869 3.3610 0.0503 0.7626 0.4659 -0.4458
1341848029.7188 1.7745 -1.6862 3.3594 0.0505 0.7608 0.4656 -0.4493
1341848029.7548 1.7824 -1.6832 3.3529 0.0512 0.7586 0.4653 -0.4532
1341848029.7869 1.7923 -1.6822 3.3511 0.0514 0.7584 0.4633 -0.4556
1341848029.8228 1.8020 -1.6805 3.3480 0.0516 0.7565 0.4633 -0.4586
1341848029.8548 1.8102 -1.6779 3.3436 0.0519 0.7547 0.4629 -0.4621
1341848029.8880 1.8194 -1.6768 3.3408 0.0531 0.7534 0.4616 -0.4652
1341848029.9228 1.8281 -1.6748 3.3401 0.0539 0.7522 0.4611 -0.4676
1341848029.9546 1.8346 -1.6711 3.3355 0.0544 0.7499 0.4614 -0.4709
1341848029.9908 1.8433 -1.6697 3.3326 0.0544 0.7487 0.4606 -0.4737
1341848030.0229 1.8527 -1.6675 3.3298 0.0547 0.7470 0.4607 -0.4763
1341848030.0548 1.8591 -1.6637 3.3264 0.0548 0.7454 0.4608 -0.4786
1341848030.0908 1.8656 -1.6613 3.3227 0.0546 0.7440 0.4603 -0.4812
1341848030.1228 1.8732 -1.6592 3.3211 0.0538 0.7429 0.4600 -0.4833
1341848030.1549 1.8790 -1.6566 3.3174 0.0543 0.7411 0.4601 -0.4860
1341848030.1907 1.8846 -1.6539 3.3145 0.0540 0.7396 0.4600 -0.4883
1341848030.2227 1.8899 -1.6522 3.3095 0.0533 0.7371 0.4606 -0.4917
1341848030.2589 1.8956 -1.6504 3.3064 0.0523 0.7349 0.4607 -0.4950
1341848030.2909 1.9012 -1.6459 3.3030 0.0524 0.7327 0.4605 -0.4984
1341848030.3228 1.9059 -1.6441 3.2990 0.0523 0.7307 0.4610 -0.5008
1341848030.3589 1.9106 -1.6395 3.2955 0.0517 0.7277 0.4620 -0.5044
1341848030.3908 1.9143 -1.6368 3.2896 0.0515 0.7254 0.4620 -0.5077
1341848030.4228 1.9208 -1.6334 3.2881 0.0511 0.7235 0.4620 -0.5104
1341848030.4589 1.9235 -1.6291 3.2819 0.0517 0.7213 0.4619 -0.5136
1341848030.4908 1.9305 -1.6266 3.2790 0.0508 0.7200 0.4620 -0.5153
1341848030.5267 1.9332 -1.6207 3.2745 0.0507 0.7182 0.4621 -0.5178
1341848030.5658 1.9372 -1.6165 3.2692 0.0507 0.7165 0.4611 -0.5210
1341848030.6270 1.9464 -1.6100 3.2597 0.0520 0.7129 0.4592 -0.5275
1341848030.6589 1.9494 -1.6056 3.2536 0.0535 0.7118 0.4572 -0.5305
1341848030.6907 1.9553 -1.6029 3.2476 0.0548 0.7111 0.4548 -0.5333
1341848030.7268 1.9602 -1.5991 3.2421 0.0552 0.7098 0.4533 -0.5363
1341848030.7588 1.9632 -1.5951 3.2346 0.0557 0.7080 0.4512 -0.5405
1341848030.7947 1.9689 -1.5928 3.2295 0.0551 0.7069 0.4488 -0.5439
1341848030.8275 1.9743 -1.5884 3.2226 0.0550 0.7057 0.4461 -0.5477
1341848030.8598 1.9821 -1.5871 3.2168 0.0568 0.7046 0.4427 -0.5517
1341848030.8947 1.9881 -1.5848 3.2103 0.0615 0.7026 0.4397 -0.5561
1341848030.9267 1.9921 -1.5806 3.2014 0.0648 0.7013 0.4368 -0.5596
1341848030.9587 1.9963 -1.5789 3.1927 0.0648 0.7007 0.4340 -0.5625
1341848030.9947 2.0045 -1.5771 3.1870 0.0642 0.6994 0.4305 -0.5669
1341848031.0267 2.0112 -1.5737 3.1787 0.0665 0.6989 0.4273 -0.5697
1341848031.0628 2.0169 -1.5716 3.1708 0.0695 0.6991 0.4239 -0.5716
1341848031.0948 2.0250 -1.5692 3.1648 0.0718 0.6982 0.4210 -0.5745
1341848031.1268 2.0302 -1.5657 3.1556 0.0735 0.6978 0.4194 -0.5760
1341848031.1629 2.0366 -1.5631 3.1484 0.0750 0.6986 0.4176 -0.5762
1341848031.1947 2.0425 -1.5616 3.1415 0.0765 0.6980 0.4169 -0.5772
1341848031.2310 2.0474 -1.5568 3.1357 0.0778 0.6974 0.4162 -0.5782
1341848031.2627 2.0529 -1.5563 3.1280 0.0794 0.6970 0.4160 -0.5786
1341848031.2947 2.0589 -1.5540 3.1220 0.0824 0.6958 0.4163 -0.5794
1341848031.3308 2.0606 -1.5494 3.1142 0.0837 0.6947 0.4165 -0.5804
1341848031.3630 2.0645 -1.5475 3.1081 0.0828 0.6944 0.4157 -0.5815
1341848031.3948 2.0691 -1.5461 3.1032 0.0812 0.6937 0.4156 -0.5827
1341848031.4306 2.0728 -1.5439 3.0974 0.0804 0.6926 0.4149 -0.5846
1341848031.4722 2.0767 -1.5441 3.0926 0.0793 0.6920 0.4142 -0.5859
1341848031.5021 2.0815 -1.5426 3.0889 0.0773 0.6904 0.4149 -0.5875
1341848031.5629 2.0905 -1.5416 3.0802 0.0753 0.6875 0.4133 -0.5924
1341848031.5987 2.0945 -1.5394 3.0757 0.0750 0.6849 0.4130 -0.5956
1341848031.6308 2.0986 -1.5385 3.0716 0.0747 0.6835 0.4121 -0.5979
1341848031.6628 2.1040 -1.5382 3.0688 0.0737 0.6824 0.4111 -0.5999
1341848031.6988 2.1093 -1.5363 3.0653 0.0728 0.6805 0.4102 -0.6028
1341848031.7307 2.1122 -1.5341 3.0605 0.0710 0.6796 0.4084 -0.6053
1341848031.7667 2.1199 -1.5352 3.0572 0.0689 0.6789 0.4063 -0.6077
1341848031.7987 2.1277 -1.5333 3.0544 0.0685 0.6767 0.4045 -0.6113
1341848031.8308 2.1323 -1.5322 3.0506 0.0697 0.6747 0.4017 -0.6153
1341848031.8667 2.1384 -1.5327 3.0472 0.0694 0.6728 0.3995 -0.6188
1341848031.8987 2.1435 -1.5317 3.0433 0.0677 0.6707 0.3984 -0.6219
1341848031.9308 2.1510 -1.5311 3.0396 0.0677 0.6696 0.3950 -0.6254
1341848031.9667 2.1584 -1.5311 3.0357 0.0686 0.6680 0.3938 -0.6277
1341848031.9987 2.1629 -1.5288 3.0310 0.0671 0.6657 0.3931 -0.6306
1341848032.0347 2.1710 -1.5288 3.0265 0.0647 0.6647 0.3919 -0.6328
1341848032.0667 2.1806 -1.5265 3.0236 0.0646 0.6634 0.3905 -0.6350
1341848032.0987 2.1868 -1.5239 3.0176 0.0653 0.6623 0.3894 -0.6368
1341848032.1347 2.1935 -1.5229 3.0132 0.0646 0.6621 0.3892 -0.6371
1341848032.1670 2.2020 -1.5197 3.0103 0.0640 0.6609 0.3888 -0.6387
1341848032.2030 2.2077 -1.5164 3.0042 0.0645 0.6602 0.3879 -0.6399
1341848032.2347 2.2160 -1.5160 3.0010 0.0645 0.6601 0.3876 -0.6402
1341848032.2667 2.2225 -1.5111 2.9985 0.0645 0.6584 0.3878 -0.6418
1341848032.3028 2.2257 -1.5086 2.9918 0.0639 0.6575 0.3877 -0.6429
1341848032.3346 2.2335 -1.5100 2.9903 0.0637 0.6574 0.3870 -0.6435
1341848032.3667 2.2389 -1.5044 2.9880 0.0633 0.6555 0.3869 -0.6454
1341848032.4030 2.2409 -1.5039 2.9823 0.0623 0.6546 0.3858 -0.6471
1341848032.4347 2.2497 -1.5034 2.9801 0.0616 0.6541 0.3839 -0.6488
1341848032.4708 2.2563 -1.5010 2.9754 0.0608 0.6536 0.3831 -0.6499
1341848032.5030 2.2616 -1.5000 2.9714 0.0607 0.6536 0.3821 -0.6505
1341848032.5347 2.2677 -1.4994 2.9676 0.0607 0.6533 0.3807 -0.6516
1341848032.5709 2.2726 -1.4966 2.9626 -0.0603 -0.6527 -0.3797 0.6529
1341848032.6030 2.2772 -1.4934 2.9551 0.0593 0.6536 0.3778 -0.6531
1341848032.6347 2.2819 -1.4934 2.9503 0.0578 0.6548 0.3761 -0.6530
1341848032.6708 2.2891 -1.4922 2.9450 0.0554 0.6551 0.3747 -0.6537
1341848032.7028 2.2950 -1.4910 2.9375 0.0539 0.6556 0.3738 -0.6539
1341848032.7387 2.3035 -1.4897 2.9333 0.0541 0.6567 0.3716 -0.6541
1341848032.7707 2.3084 -1.4870 2.9275 0.0544 0.6562 0.3721 -0.6542
1341848032.8029 2.3107 -1.4826 2.9179 0.0539 0.6559 0.3718 -0.6547
1341848032.8388 2.3188 -1.4818 2.9118 0.0534 0.6574 0.3710 -0.6537
1341848032.8707 2.3220 -1.4789 2.9061 0.0545 0.6570 0.3713 -0.6539
1341848032.9027 2.3230 -1.4759 2.8984 0.0555 0.6566 0.3706 -0.6546
1341848032.9388 2.3282 -1.4738 2.8942 0.0555 0.6565 0.3701 -0.6550
1341848032.9708 2.3317 -1.4677 2.8883 -0.0551 -0.6551 -0.3708 0.6560
1341848033.0067 2.3325 -1.4643 2.8807 -0.0549 -0.6539 -0.3703 0.6575
1341848033.0392 2.3343 -1.4613 2.8743 -0.0549 -0.6534 -0.3691 0.6586
1341848033.0708 2.3349 -1.4590 2.8681 -0.0536 -0.6526 -0.3688 0.6598
1341848033.1069 2.3353 -1.4540 2.8611 -0.0518 -0.6510 -0.3670 0.6624
1341848033.1391 2.3388 -1.4527 2.8541 -0.0517 -0.6504 -0.3645 0.6644
1341848033.1707 2.3436 -1.4501 2.8490 -0.0542 -0.6492 -0.3622 0.6666
1341848033.2069 2.3434 -1.4459 2.8425 -0.0568 -0.6472 -0.3612 0.6690
1341848033.2387 2.3438 -1.4433 2.8363 -0.0569 -0.6454 -0.3602 0.6712
1341848033.2749 2.3489 -1.4412 2.8307 -0.0562 -0.6438 -0.3600 0.6728
1341848033.3067 2.3501 -1.4349 2.8246 -0.0568 -0.6414 -0.3594 0.6754
1341848033.3388 2.3524 -1.4333 2.8177 -0.0578 -0.6395 -0.3582 0.6777
1341848033.3748 2.3550 -1.4301 2.8124 -0.0581 -0.6376 -0.3590 0.6791
1341848033.4068 2.3525 -1.4249 2.8050 -0.0577 -0.6359 -0.3594 0.6806
1341848033.4431 2.3565 -1.4226 2.7982 -0.0575 -0.6354 -0.3579 0.6818
1341848033.4747 2.3593 -1.4191 2.7928 -0.0580 -0.6340 -0.3574 0.6833
1341848033.5068 2.3597 -1.4151 2.7871 -0.0582 -0.6329 -0.3570 0.6845
1341848033.5429 2.3612 -1.4130 2.7808 -0.0585 -0.6327 -0.3559 0.6853
1341848033.5748 2.3647 -1.4117 2.7765 -0.0589 -0.6318 -0.3547 0.6867
1341848033.6069 2.3652 -1.4079 2.7714 -0.0605 -0.6298 -0.3532 0.6892
1341848033.6429 2.3663 -1.4054 2.7647 -0.0616 -0.6294 -0.3516 0.6903
1341848033.6749 2.3697 -1.4041 2.7602 -0.0618 -0.6287 -0.3510 0.6912
1341848033.7108 2.3704 -1.4015 2.7543 -0.0629 -0.6270 -0.3503 0.6930
1341848033.7428 2.3691 -1.4000 2.7469 -0.0638 -0.6269 -0.3486 0.6938
1341848033.7748 2.3742 -1.3997 2.7427 -0.0627 -0.6272 -0.3478 0.6941
1341848033.8111 2.3761 -1.3968 2.7379 -0.0624 -0.6252 -0.3472 0.6962
1341848033.8428 2.3771 -1.3947 2.7323 -0.0636 -0.6240 -0.3454 0.6981
1341848033.8749 2.3819 -1.3931 2.7278 -0.0643 -0.6233 -0.3442 0.6992
1341848033.9112 2.3823 -1.3902 2.7234 -0.0641 -0.6206 -0.3432 0.7021
1341848033.9428 2.3822 -1.3888 2.7197 -0.0616 -0.6177 -0.3415 0.7058
1341848033.9789 2.3846 -1.3875 2.7154 -0.0579 -0.6155 -0.3393 0.7090
1341848034.0108 2.3883 -1.3881 2.7110 -0.0542 -0.6125 -0.3370 0.7130
1341848034.0427 2.3939 -1.3886 2.7071 -0.0521 -0.6083 -0.3339 0.7181
1341848034.0788 2.3967 -1.3874 2.7038 -0.0528 -0.6059 -0.3299 0.7220
1341848034.1108 2.3986 -1.3871 2.7001 -0.0526 -0.6046 -0.3261 0.7248
1341848034.1427 2.4021 -1.3881 2.6978 -0.0503 -0.6002 -0.3223 0.7303
1341848034.1788 2.4070 -1.3877 2.6945 -0.0476 -0.5969 -0.3197 0.7343
1341848034.2107 2.4130 -1.3890 2.6908 -0.0475 -0.5955 -0.3169 0.7366
1341848034.2467 2.4195 -1.3878 2.6869 -0.0489 -0.5922 -0.3135 0.7407
1341848034.2787 2.4210 -1.3876 2.6831 -0.0491 -0.5896 -0.3112 0.7437
1341848034.3181 2.4275 -1.3878 2.6793 -0.0476 -0.5883 -0.3084 0.7460
1341848034.3538 2.4339 -1.3857 2.6747 -0.0480 -0.5860 -0.3053 0.7490
1341848034.3862 2.4392 -1.3848 2.6692 -0.0493 -0.5847 -0.3025 0.7511
1341848034.4218 2.4451 -1.3840 2.6647 -0.0496 -0.5837 -0.3010 0.7525
1341848034.4538 2.4515 -1.3806 2.6595 -0.0497 -0.5818 -0.3000 0.7543
1341848034.4857 2.4569 -1.3785 2.6520 -0.0496 -0.5809 -0.2990 0.7554
1341848034.5217 2.4622 -1.3749 2.6456 -0.0482 -0.5810 -0.2992 0.7554
1341848034.5537 2.4697 -1.3708 2.6396 -0.0473 -0.5801 -0.2995 0.7560
1341848034.5858 2.4765 -1.3654 2.6320 -0.0478 -0.5797 -0.2997 0.7562
1341848034.6538 2.4898 -1.3573 2.6200 -0.0504 -0.5783 -0.3020 0.7562
1341848034.7152 2.5008 -1.3482 2.6066 -0.0517 -0.5761 -0.3026 0.7575
1341848034.7467 2.5081 -1.3430 2.6017 -0.0529 -0.5763 -0.3027 0.7572
1341848034.7828 2.5115 -1.3382 2.5960 -0.0545 -0.5750 -0.3033 0.7579
1341848034.8147 2.5157 -1.3325 2.5900 -0.0547 -0.5742 -0.3027 0.7587
1341848034.8469 2.5224 -1.3279 2.5852 -0.0539 -0.5744 -0.3044 0.7580
1341848034.8827 2.5241 -1.3237 2.5806 -0.0554 -0.5728 -0.3045 0.7591
1341848034.9148 2.5293 -1.3205 2.5760 -0.0556 -0.5715 -0.3048 0.7599
1341848034.9515 2.5309 -1.3158 2.5733 -0.0552 -0.5700 -0.3058 0.7606
1341848034.9830 2.5334 -1.3133 2.5690 -0.0555 -0.5679 -0.3060 0.7621
1341848035.0149 2.5364 -1.3086 2.5654 -0.0563 -0.5662 -0.3057 0.7634
1341848035.0509 2.5368 -1.3052 2.5613 -0.0574 -0.5650 -0.3058 0.7642
1341848035.0843 2.5390 -1.3026 2.5568 -0.0570 -0.5641 -0.3059 0.7648
1341848035.1189 2.5437 -1.2979 2.5522 -0.0567 -0.5625 -0.3064 0.7658
1341848035.2189 2.5467 -1.2853 2.5378 -0.0582 -0.5595 -0.3072 0.7676
1341848035.2843 2.5463 -1.2774 2.5251 -0.0581 -0.5586 -0.3062 0.7686
1341848035.3199 2.5488 -1.2749 2.5204 -0.0583 -0.5583 -0.3044 0.7695
1341848035.3510 2.5489 -1.2701 2.5132 -0.0582 -0.5580 -0.3027 0.7705
1341848035.4227 2.5528 -1.2662 2.4998 -0.0596 -0.5577 -0.2985 0.7722
1341848035.4868 2.5533 -1.2590 2.4848 -0.0602 -0.5575 -0.2938 0.7741
1341848035.5186 2.5558 -1.2550 2.4777 -0.0620 -0.5570 -0.2918 0.7751
1341848035.5509 2.5518 -1.2509 2.4713 -0.0646 -0.5563 -0.2881 0.7768
1341848035.5867 2.5533 -1.2485 2.4643 -0.0639 -0.5563 -0.2852 0.7779
1341848035.6188 2.5574 -1.2451 2.4571 -0.0633 -0.5547 -0.2836 0.7797
1341848035.6547 2.5565 -1.2408 2.4504 -0.0652 -0.5524 -0.2807 0.7822
1341848035.6867 2.5594 -1.2390 2.4429 -0.0678 -0.5508 -0.2781 0.7841
1341848035.7188 2.5599 -1.2342 2.4365 -0.0699 -0.5470 -0.2769 0.7870
1341848035.7560 2.5559 -1.2296 2.4310 -0.0714 -0.5448 -0.2751 0.7890
1341848035.7867 2.5588 -1.2281 2.4241 -0.0710 -0.5432 -0.2746 0.7903
1341848035.8188 2.5564 -1.2225 2.4179 -0.0716 -0.5396 -0.2736 0.7930
1341848035.8547 2.5542 -1.2195 2.4116 -0.0724 -0.5378 -0.2708 0.7951
1341848035.8867 2.5557 -1.2168 2.4043 -0.0734 -0.5373 -0.2682 0.7962
1341848035.9228 2.5549 -1.2129 2.3980 -0.0747 -0.5364 -0.2657 0.7975
1341848035.9546 2.5534 -1.2095 2.3901 -0.0755 -0.5363 -0.2628 0.7985
1341848035.9867 2.5575 -1.2082 2.3813 -0.0775 -0.5368 -0.2600 0.7989
1341848036.0228 2.5590 -1.2044 2.3757 -0.0806 -0.5364 -0.2583 0.7994
1341848036.0549 2.5548 -1.1986 2.3684 -0.0827 -0.5352 -0.2566 0.8005
1341848036.0870 2.5570 -1.1972 2.3608 -0.0826 -0.5341 -0.2562 0.8014
1341848036.1227 2.5588 -1.1936 2.3546 -0.0823 -0.5321 -0.2579 0.8022
1341848036.1548 2.5535 -1.1883 2.3485 -0.0835 -0.5300 -0.2577 0.8036
1341848036.1908 2.5530 -1.1859 2.3424 -0.0834 -0.5290 -0.2569 0.8045
1341848036.2233 2.5528 -1.1830 2.3360 -0.0828 -0.5275 -0.2576 0.8053
1341848036.2547 2.5495 -1.1788 2.3300 -0.0810 -0.5264 -0.2586 0.8059
1341848036.2908 2.5495 -1.1762 2.3250 -0.0786 -0.5244 -0.2595 0.8072
1341848036.3549 2.5476 -1.1682 2.3116 -0.0777 -0.5207 -0.2598 0.8095
1341848036.3908 2.5477 -1.1649 2.3057 -0.0779 -0.5202 -0.2586 0.8102
1341848036.4588 2.5463 -1.1559 2.2913 -0.0760 -0.5162 -0.2580 0.8131
1341848036.4912 2.5481 -1.1524 2.2822 -0.0747 -0.5162 -0.2580 0.8132
1341848036.5227 2.5462 -1.1461 2.2749 -0.0736 -0.5155 -0.2573 0.8141
1341848036.5589 2.5462 -1.1419 2.2667 -0.0720 -0.5146 -0.2561 0.8151
1341848036.5907 2.5465 -1.1369 2.2596 -0.0706 -0.5134 -0.2543 0.8165
1341848036.6268 2.5452 -1.1325 2.2519 -0.0709 -0.5118 -0.2509 0.8186
1341848036.6587 2.5442 -1.1274 2.2423 -0.0697 -0.5110 -0.2476 0.8202
1341848036.6912 2.5438 -1.1247 2.2317 -0.0676 -0.5100 -0.2453 0.8217
1341848036.7268 2.5476 -1.1209 2.2212 -0.0660 -0.5089 -0.2424 0.8234
1341848036.7589 2.5465 -1.1163 2.2112 -0.0661 -0.5076 -0.2391 0.8251
1341848036.7907 2.5479 -1.1136 2.2003 -0.0641 -0.5066 -0.2366 0.8266
1341848036.8270 2.5532 -1.1105 2.1885 -0.0624 -0.5043 -0.2354 0.8285
1341848036.8586 2.5533 -1.1048 2.1789 -0.0630 -0.5019 -0.2325 0.8307
1341848036.9268 2.5526 -1.0962 2.1579 -0.0633 -0.4985 -0.2269 0.8343
1341848036.9587 2.5540 -1.0918 2.1467 -0.0603 -0.4971 -0.2258 0.8356
1341848036.9948 2.5578 -1.0867 2.1354 -0.0590 -0.4954 -0.2234 0.8374
1341848037.0268 2.5551 -1.0826 2.1239 -0.0574 -0.4943 -0.2226 0.8383
1341848037.0610 2.5548 -1.0761 2.1152 -0.0535 -0.4944 -0.2215 0.8388
1341848037.0947 2.5585 -1.0730 2.1031 -0.0508 -0.4940 -0.2192 0.8399
1341848037.1267 2.5597 -1.0659 2.0930 -0.0493 -0.4944 -0.2168 0.8403
1341848037.1628 2.5535 -1.0616 2.0837 -0.0462 -0.4954 -0.2140 0.8406
1341848037.1947 2.5554 -1.0583 2.0709 -0.0389 -0.4995 -0.2119 0.8391
1341848037.2270 2.5624 -1.0520 2.0602 -0.0352 -0.5020 -0.2086 0.8386
1341848037.2637 2.5589 -1.0471 2.0471 -0.0331 -0.5042 -0.2052 0.8382
1341848037.2952 2.5644 -1.0443 2.0366 -0.0277 -0.5085 -0.2052 0.8358
1341848037.3269 2.5683 -1.0404 2.0283 -0.0269 -0.5087 -0.2056 0.8356
1341848037.3627 2.5623 -1.0345 2.0181 -0.0262 -0.5084 -0.2048 0.8360
1341848037.3951 2.5627 -1.0306 2.0081 -0.0225 -0.5095 -0.2059 0.8352
1341848037.4309 2.5632 -1.0276 1.9985 -0.0203 -0.5092 -0.2069 0.8352
1341848037.4628 2.5609 -1.0219 1.9868 -0.0190 -0.5086 -0.2070 0.8355
1341848037.5307 2.5601 -1.0124 1.9703 -0.0166 -0.5093 -0.2083 0.8348
1341848037.5630 2.5563 -1.0073 1.9607 -0.0162 -0.5075 -0.2100 0.8355
1341848037.5958 2.5540 -1.0037 1.9516 -0.0153 -0.5073 -0.2106 0.8355
1341848037.6308 2.5531 -0.9993 1.9429 -0.0154 -0.5056 -0.2116 0.8363
1341848037.6627 2.5483 -0.9944 1.9371 -0.0145 -0.5029 -0.2130 0.8375
1341848037.6987 2.5430 -0.9889 1.9289 -0.0127 -0.5011 -0.2138 0.8385
1341848037.7310 2.5405 -0.9850 1.9220 -0.0122 -0.4990 -0.2132 0.8399
1341848037.7698 2.5367 -0.9788 1.9138 -0.0125 -0.4964 -0.2125 0.8416
1341848037.8378 2.5298 -0.9704 1.8997 -0.0112 -0.4934 -0.2094 0.8442
1341848037.8989 2.5218 -0.9581 1.8859 -0.0185 -0.4872 -0.2062 0.8484
1341848037.9309 2.5187 -0.9528 1.8788 -0.0204 -0.4830 -0.2056 0.8509
1341848037.9669 2.5151 -0.9456 1.8705 -0.0229 -0.4788 -0.2057 0.8532
1341848037.9986 2.5099 -0.9402 1.8634 -0.0254 -0.4762 -0.2049 0.8547
1341848038.0309 2.5067 -0.9359 1.8569 -0.0263 -0.4734 -0.2055 0.8561
1341848038.0668 2.5042 -0.9306 1.8506 -0.0289 -0.4691 -0.2058 0.8583
1341848038.0987 2.4987 -0.9246 1.8443 -0.0319 -0.4652 -0.2049 0.8606
1341848038.1347 2.4943 -0.9195 1.8374 -0.0329 -0.4626 -0.2049 0.8619
1341848038.1667 2.4914 -0.9150 1.8313 -0.0332 -0.4596 -0.2062 0.8632
1341848038.1987 2.4862 -0.9089 1.8247 -0.0345 -0.4561 -0.2051 0.8653
1341848038.2347 2.4802 -0.9043 1.8189 -0.0355 -0.4549 -0.2034 0.8663
1341848038.2741 2.4782 -0.9004 1.8116 -0.0344 -0.4530 -0.2036 0.8673
1341848038.3065 2.4740 -0.8959 1.8034 -0.0344 -0.4504 -0.2043 0.8685
1341848038.3419 2.4679 -0.8915 1.7990 -0.0343 -0.4490 -0.2035 0.8694
1341848038.3741 2.4650 -0.8908 1.7907 -0.0331 -0.4465 -0.2045 0.8705
1341848038.4098 2.4596 -0.8846 1.7842 -0.0313 -0.4445 -0.2052 0.8714
1341848038.4418 2.4570 -0.8834 1.7765 -0.0313 -0.4443 -0.2036 0.8719
1341848038.4739 2.4549 -0.8802 1.7677 -0.0315 -0.4424 -0.2034 0.8729
1341848038.5102 2.4457 -0.8754 1.7640 -0.0306 -0.4408 -0.2029 0.8739
1341848038.5669 2.4424 -0.8702 1.7463 -0.0236 -0.4394 -0.2011 0.8752
1341848038.6030 2.4371 -0.8642 1.7383 -0.0220 -0.4385 -0.2010 0.8757
1341848038.6347 2.4364 -0.8599 1.7274 -0.0206 -0.4391 -0.2003 0.8756
1341848038.6707 2.4378 -0.8558 1.7171 -0.0201 -0.4384 -0.2009 0.8758
1341848038.7029 2.4308 -0.8503 1.7109 -0.0200 -0.4380 -0.2009 0.8760
1341848038.7348 2.4304 -0.8477 1.7009 -0.0175 -0.4380 -0.2013 0.8760
1341848038.7707 2.4316 -0.8425 1.6889 -0.0162 -0.4362 -0.2013 0.8769
1341848038.8028 2.4285 -0.8345 1.6789 -0.0174 -0.4358 -0.1997 0.8774
1341848038.8388 2.4266 -0.8325 1.6732 -0.0180 -0.4362 -0.1976 0.8777
1341848038.8711 2.4281 -0.8286 1.6624 -0.0164 -0.4335 -0.1975 0.8791
1341848038.9028 2.4280 -0.8207 1.6518 -0.0173 -0.4307 -0.1957 0.8809
1341848038.9388 2.4269 -0.8160 1.6435 -0.0190 -0.4304 -0.1920 0.8818
1341848038.9708 2.4302 -0.8136 1.6339 -0.0200 -0.4274 -0.1915 0.8833
1341848039.0026 2.4291 -0.8052 1.6273 -0.0208 -0.4231 -0.1914 0.8854
1341848039.0389 2.4259 -0.8011 1.6200 -0.0206 -0.4209 -0.1884 0.8871
1341848039.0708 2.4313 -0.7964 1.6075 -0.0202 -0.4187 -0.1868 0.8885
1341848039.1068 2.4295 -0.7890 1.6009 -0.0208 -0.4172 -0.1852 0.8895
1341848039.1387 2.4314 -0.7872 1.5927 -0.0208 -0.4164 -0.1828 0.8904
1341848039.1707 2.4353 -0.7817 1.5816 -0.0214 -0.4137 -0.1817 0.8918
1341848039.2068 2.4320 -0.7776 1.5761 -0.0223 -0.4124 -0.1802 0.8927
1341848039.2389 2.4335 -0.7751 1.5665 -0.0208 -0.4118 -0.1790 0.8933
1341848039.2710 2.4399 -0.7692 1.5556 -0.0201 -0.4100 -0.1788 0.8942
1341848039.3067 2.4357 -0.7645 1.5500 -0.0215 -0.4087 -0.1772 0.8951
1341848039.3389 2.4366 -0.7610 1.5421 -0.0213 -0.4081 -0.1757 0.8956
1341848039.3748 2.4391 -0.7574 1.5341 -0.0209 -0.4068 -0.1767 0.8960
1341848039.4069 2.4384 -0.7524 1.5280 -0.0210 -0.4047 -0.1768 0.8969
1341848039.4389 2.4384 -0.7475 1.5207 -0.0212 -0.4034 -0.1768 0.8975
1341848039.4749 2.4377 -0.7445 1.5147 -0.0219 -0.4016 -0.1779 0.8981
1341848039.5071 2.4332 -0.7401 1.5113 -0.0218 -0.3993 -0.1783 0.8990
1341848039.5387 2.4317 -0.7370 1.5045 -0.0203 -0.3975 -0.1786 0.8998
1341848039.5749 2.4282 -0.7311 1.4958 -0.0197 -0.3965 -0.1789 0.9002
1341848039.6067 2.4256 -0.7277 1.4908 -0.0196 -0.3961 -0.1790 0.9004
1341848039.6427 2.4220 -0.7244 1.4858 -0.0180 -0.3935 -0.1799 0.9014
1341848039.6748 2.4177 -0.7188 1.4775 -0.0157 -0.3921 -0.1803 0.9020
1341848039.7072 2.4163 -0.7148 1.4698 -0.0157 -0.3922 -0.1800 0.9020
1341848039.7429 2.4135 -0.7093 1.4659 -0.0152 -0.3906 -0.1806 0.9025
1341848039.7753 2.4079 -0.7058 1.4610 -0.0137 -0.3882 -0.1814 0.9035
1341848039.8069 2.4039 -0.7002 1.4525 -0.0112 -0.3869 -0.1815 0.9040
1341848039.8433 2.4021 -0.6953 1.4460 -0.0105 -0.3850 -0.1815 0.9048
1341848039.8818 2.3950 -0.6917 1.4420 -0.0103 -0.3830 -0.1805 0.9059
1341848039.9434 2.3897 -0.6828 1.4254 -0.0097 -0.3800 -0.1769 0.9079
1341848039.9748 2.3811 -0.6780 1.4216 -0.0120 -0.3788 -0.1745 0.9088
1341848040.0107 2.3742 -0.6754 1.4169 -0.0118 -0.3784 -0.1722 0.9094
1341848040.0428 2.3729 -0.6678 1.4068 -0.0120 -0.3761 -0.1712 0.9105
1341848040.0787 2.3656 -0.6635 1.4015 -0.0153 -0.3736 -0.1692 0.9119
1341848040.1108 2.3599 -0.6573 1.3967 -0.0176 -0.3708 -0.1675 0.9133
1341848040.1427 2.3539 -0.6536 1.3915 -0.0190 -0.3668 -0.1672 0.9150
1341848040.1788 2.3494 -0.6481 1.3810 -0.0204 -0.3635 -0.1675 0.9162
1341848040.2110 2.3446 -0.6436 1.3760 -0.0240 -0.3612 -0.1658 0.9173
1341848040.2427 2.3388 -0.6405 1.3707 -0.0269 -0.3576 -0.1650 0.9188
1341848040.2789 2.3291 -0.6369 1.3692 -0.0276 -0.3545 -0.1637 0.9202
1341848040.3107 2.3243 -0.6341 1.3601 -0.0268 -0.3524 -0.1610 0.9215
1341848040.3469 2.3232 -0.6313 1.3497 -0.0295 -0.3502 -0.1581 0.9228
1341848040.3788 2.3130 -0.6286 1.3508 -0.0321 -0.3485 -0.1553 0.9238
1341848040.4109 2.3068 -0.6304 1.3469 -0.0312 -0.3472 -0.1520 0.9249
1341848040.4467 2.3044 -0.6254 1.3355 -0.0300 -0.3456 -0.1485 0.9261
1341848040.4787 2.2993 -0.6242 1.3300 -0.0309 -0.3449 -0.1451 0.9268
1341848040.5178 2.2938 -0.6242 1.3260 -0.0297 -0.3443 -0.1435 0.9273
1341848040.5789 2.2880 -0.6185 1.3059 -0.0275 -0.3418 -0.1426 0.9285
1341848040.6149 2.2805 -0.6176 1.3026 -0.0285 -0.3405 -0.1407 0.9292
1341848040.6468 2.2778 -0.6177 1.2957 -0.0268 -0.3383 -0.1412 0.9300
1341848040.6790 2.2717 -0.6197 1.2945 -0.0263 -0.3342 -0.1403 0.9316
1341848040.7147 2.2685 -0.6215 1.2947 -0.0228 -0.3292 -0.1385 0.9338
1341848040.7468 2.2617 -0.6196 1.2865 -0.0182 -0.3213 -0.1371 0.9368
1341848040.7788 2.2609 -0.6186 1.2776 -0.0144 -0.3162 -0.1360 0.9388
1341848040.8147 2.2573 -0.6156 1.2717 -0.0132 -0.3093 -0.1345 0.9413
1341848040.8469 2.2499 -0.6148 1.2669 -0.0123 -0.3046 -0.1329 0.9431
1341848040.8828 2.2479 -0.6141 1.2626 -0.0098 -0.3003 -0.1320 0.9446
1341848040.9147 2.2436 -0.6083 1.2553 -0.0089 -0.2948 -0.1293 0.9467
1341848040.9469 2.2385 -0.6094 1.2542 -0.0099 -0.2921 -0.1260 0.9480
1341848040.9845 2.2370 -0.6059 1.2447 -0.0092 -0.2865 -0.1238 0.9500
1341848041.0226 2.2296 -0.5974 1.2400 -0.0111 -0.2824 -0.1191 0.9518
1341848041.0589 2.2242 -0.5986 1.2405 -0.0136 -0.2812 -0.1142 0.9527
1341848041.0943 2.2258 -0.5951 1.2304 -0.0146 -0.2759 -0.1117 0.9546
1341848041.1222 2.2217 -0.5854 1.2287 -0.0176 -0.2711 -0.1081 0.9563
1341848041.1900 2.2131 -0.5802 1.2199 -0.0248 -0.2643 -0.0980 0.9591
1341848041.2507 2.2035 -0.5733 1.2128 -0.0290 -0.2590 -0.0937 0.9609
1341848041.2831 2.1989 -0.5672 1.2087 -0.0320 -0.2557 -0.0928 0.9617
1341848041.3193 2.1882 -0.5650 1.2112 -0.0346 -0.2537 -0.0903 0.9624
1341848041.3555 2.1852 -0.5621 1.2052 -0.0332 -0.2508 -0.0895 0.9633
1341848041.3849 2.1789 -0.5567 1.2036 -0.0332 -0.2471 -0.0907 0.9642
1341848041.4188 2.1697 -0.5554 1.2045 -0.0338 -0.2429 -0.0878 0.9655
1341848041.4508 2.1704 -0.5511 1.1936 -0.0345 -0.2394 -0.0859 0.9665
1341848041.4828 2.1634 -0.5488 1.1953 -0.0377 -0.2365 -0.0871 0.9670
1341848041.5188 2.1525 -0.5504 1.2001 -0.0403 -0.2319 -0.0855 0.9681
1341848041.5507 2.1481 -0.5492 1.1957 -0.0398 -0.2266 -0.0861 0.9694
1341848041.5868 2.1380 -0.5447 1.1954 -0.0397 -0.2223 -0.0867 0.9703
1341848041.6187 2.1273 -0.5416 1.1952 -0.0390 -0.2186 -0.0855 0.9713
1341848041.6510 2.1184 -0.5365 1.1898 -0.0382 -0.2152 -0.0847 0.9721
1341848041.6868 2.1053 -0.5362 1.1925 -0.0381 -0.2132 -0.0834 0.9727
1341848041.7188 2.0983 -0.5343 1.1887 -0.0370 -0.2109 -0.0811 0.9734
1341848041.7508 2.0846 -0.5305 1.1869 -0.0372 -0.2083 -0.0773 0.9743
1341848041.7867 2.0742 -0.5336 1.1877 -0.0376 -0.2076 -0.0743 0.9747
1341848041.8187 2.0632 -0.5318 1.1848 -0.0371 -0.2072 -0.0703 0.9751
1341848041.8547 2.0568 -0.5294 1.1808 -0.0367 -0.2076 -0.0677 0.9752
1341848041.8867 2.0416 -0.5308 1.1822 -0.0382 -0.2052 -0.0649 0.9758
1341848041.9187 2.0248 -0.5309 1.1828 -0.0362 -0.2031 -0.0614 0.9766
1341848041.9950 2.0112 -0.5262 1.1695 -0.0364 -0.1997 -0.0547 0.9777
1341848042.0189 1.9969 -0.5331 1.1783 -0.0389 -0.1984 -0.0499 0.9781
1341848042.0546 1.9929 -0.5327 1.1690 -0.0360 -0.1967 -0.0493 0.9786
1341848042.0895 1.9839 -0.5307 1.1682 -0.0375 -0.1943 -0.0476 0.9791
1341848042.1229 1.9701 -0.5364 1.1739 -0.0403 -0.1927 -0.0437 0.9795
1341848042.1548 1.9633 -0.5356 1.1683 -0.0383 -0.1903 -0.0432 0.9800
1341848042.1867 1.9534 -0.5350 1.1691 -0.0381 -0.1868 -0.0444 0.9807
1341848042.2229 1.9415 -0.5346 1.1698 -0.0392 -0.1832 -0.0411 0.9814
1341848042.2548 1.9361 -0.5355 1.1675 -0.0387 -0.1809 -0.0421 0.9818
1341848042.2907 1.9258 -0.5344 1.1672 -0.0389 -0.1756 -0.0444 0.9827
1341848042.3228 1.9116 -0.5333 1.1698 -0.0394 -0.1714 -0.0426 0.9835
1341848042.3550 1.9080 -0.5297 1.1649 -0.0404 -0.1699 -0.0391 0.9839
1341848042.3907 1.8931 -0.5282 1.1656 -0.0432 -0.1657 -0.0379 0.9845
1341848042.4297 1.8806 -0.5289 1.1708 -0.0442 -0.1615 -0.0359 0.9852
1341848042.4909 1.8699 -0.5200 1.1634 -0.0455 -0.1543 -0.0309 0.9865
1341848042.5227 1.8531 -0.5225 1.1697 -0.0488 -0.1488 -0.0282 0.9873
1341848042.5587 1.8460 -0.5200 1.1675 -0.0473 -0.1441 -0.0252 0.9881
1341848042.5908 1.8427 -0.5174 1.1680 -0.0485 -0.1412 -0.0229 0.9885
1341848042.6227 1.8253 -0.5198 1.1745 -0.0504 -0.1361 -0.0181 0.9892
1341848042.6587 1.8220 -0.5167 1.1683 -0.0468 -0.1333 -0.0154 0.9898
1341848042.6978 1.8119 -0.5132 1.1656 -0.0464 -0.1278 -0.0131 0.9906
1341848042.7298 1.7970 -0.5078 1.1635 -0.0460 -0.1218 -0.0059 0.9915
1341848042.7616 1.7957 -0.5048 1.1570 -0.0463 -0.1192 -0.0011 0.9918
1341848042.7980 1.7895 -0.5054 1.1562 -0.0481 -0.1142 -0.0000 0.9923
1341848042.8297 1.7828 -0.5041 1.1578 -0.0493 -0.1086 0.0023 0.9929
1341848042.8617 1.7776 -0.5013 1.1528 -0.0501 -0.1032 0.0061 0.9934
1341848042.8978 1.7681 -0.4966 1.1497 -0.0507 -0.0979 0.0084 0.9939
1341848042.9299 1.7600 -0.4949 1.1538 -0.0510 -0.0948 0.0102 0.9941
1341848042.9657 1.7560 -0.4959 1.1508 -0.0498 -0.0912 0.0123 0.9945
1341848042.9980 1.7514 -0.4921 1.1464 -0.0494 -0.0884 0.0157 0.9947
1341848043.0303 1.7452 -0.4907 1.1451 -0.0505 -0.0859 0.0190 0.9948
1341848043.0657 1.7402 -0.4905 1.1425 -0.0517 -0.0824 0.0208 0.9950
1341848043.0979 1.7309 -0.4893 1.1424 -0.0529 -0.0784 0.0218 0.9953
1341848043.1340 1.7216 -0.4883 1.1435 -0.0531 -0.0750 0.0233 0.9955
1341848043.1658 1.7157 -0.4855 1.1403 -0.0536 -0.0718 0.0244 0.9957
1341848043.2019 1.6988 -0.4852 1.1463 -0.0540 -0.0680 0.0238 0.9959
1341848043.2339 1.6871 -0.4858 1.1483 -0.0517 -0.0644 0.0245 0.9963
1341848043.2657 1.6839 -0.4831 1.1414 -0.0506 -0.0617 0.0272 0.9964
1341848043.3018 1.6728 -0.4842 1.1450 -0.0511 -0.0589 0.0278 0.9966
1341848043.3340 1.6706 -0.4870 1.1498 -0.0507 -0.0582 0.0292 0.9966
1341848043.3698 1.6615 -0.4843 1.1461 -0.0493 -0.0552 0.0310 0.9968
1341848043.4017 1.6504 -0.4859 1.1514 -0.0496 -0.0546 0.0320 0.9968
1341848043.4339 1.6422 -0.4842 1.1506 -0.0482 -0.0535 0.0330 0.9969
1341848043.4696 1.6349 -0.4874 1.1514 -0.0495 -0.0510 0.0343 0.9969
1341848043.5017 1.6154 -0.4869 1.1568 -0.0495 -0.0464 0.0387 0.9969
1341848043.5378 1.6109 -0.4891 1.1601 -0.0483 -0.0484 0.0401 0.9969
1341848043.5697 1.6037 -0.4882 1.1580 -0.0484 -0.0463 0.0431 0.9968
1341848043.6018 1.5889 -0.4883 1.1592 -0.0496 -0.0439 0.0455 0.9968
1341848043.6378 1.5730 -0.4869 1.1606 -0.0502 -0.0409 0.0467 0.9968
1341848043.6701 1.5680 -0.4898 1.1681 -0.0522 -0.0410 0.0481 0.9966
1341848043.7020 1.5517 -0.4896 1.1726 -0.0519 -0.0375 0.0485 0.9968
1341848043.7378 1.5425 -0.4867 1.1747 -0.0513 -0.0366 0.0504 0.9967
1341848043.7698 1.5343 -0.4878 1.1795 -0.0544 -0.0349 0.0534 0.9965
1341848043.8058 1.5206 -0.4930 1.1897 -0.0568 -0.0322 0.0553 0.9963
1341848043.8379 1.5117 -0.4968 1.1962 -0.0552 -0.0308 0.0552 0.9965
1341848043.8697 1.5053 -0.4940 1.1944 -0.0527 -0.0288 0.0561 0.9966
1341848043.9057 1.4899 -0.4967 1.1990 -0.0550 -0.0262 0.0580 0.9965
1341848043.9380 1.4830 -0.4988 1.2056 -0.0544 -0.0270 0.0581 0.9965
1341848043.9698 1.4786 -0.4983 1.2041 -0.0537 -0.0254 0.0563 0.9966
1341848044.0059 1.4646 -0.5012 1.2111 -0.0556 -0.0220 0.0555 0.9967
1341848044.0377 1.4529 -0.5045 1.2197 -0.0547 -0.0215 0.0569 0.9967
1341848044.0738 1.4509 -0.5015 1.2129 -0.0522 -0.0216 0.0568 0.9968
1341848044.1058 1.4361 -0.5037 1.2179 -0.0556 -0.0195 0.0576 0.9966
1341848044.1377 1.4263 -0.5062 1.2254 -0.0554 -0.0199 0.0591 0.9965
1341848044.1738 1.4239 -0.5057 1.2226 -0.0550 -0.0196 0.0587 0.9966
1341848044.2057 1.4133 -0.5098 1.2286 -0.0567 -0.0159 0.0583 0.9966
1341848044.2378 1.4033 -0.5087 1.2330 -0.0557 -0.0140 0.0602 0.9965
1341848044.2738 1.3992 -0.5084 1.2315 -0.0558 -0.0131 0.0610 0.9965
1341848044.3057 1.3904 -0.5119 1.2362 -0.0579 -0.0103 0.0614 0.9964
1341848044.3378 1.3817 -0.5125 1.2413 -0.0576 -0.0080 0.0623 0.9964
1341848044.3737 1.3762 -0.5106 1.2429 -0.0570 -0.0064 0.0648 0.9962
1341848044.4059 1.3711 -0.5118 1.2455 -0.0587 -0.0040 0.0668 0.9960
1341848044.4417 1.3640 -0.5139 1.2509 -0.0598 -0.0000 0.0703 0.9957
1341848044.4737 1.3602 -0.5139 1.2544 -0.0599 0.0028 0.0736 0.9955
1341848044.5057 1.3557 -0.5141 1.2586 -0.0606 0.0072 0.0773 0.9951
1341848044.5419 1.3488 -0.5149 1.2646 -0.0610 0.0127 0.0811 0.9948
1341848044.5738 1.3411 -0.5142 1.2709 -0.0603 0.0177 0.0847 0.9944
1341848044.6058 1.3373 -0.5156 1.2741 -0.0603 0.0215 0.0887 0.9940
1341848044.6417 1.3295 -0.5157 1.2760 -0.0613 0.0269 0.0943 0.9933
1341848044.7060 1.3162 -0.5173 1.2869 -0.0604 0.0338 0.1024 0.9923
1341848044.7710 1.3017 -0.5195 1.2945 -0.0580 0.0414 0.1097 0.9914
1341848044.8028 1.2963 -0.5156 1.2915 -0.0553 0.0435 0.1110 0.9913
1341848044.8349 1.2865 -0.5200 1.2973 -0.0574 0.0478 0.1129 0.9908
1341848044.8707 1.2783 -0.5218 1.3035 -0.0553 0.0500 0.1174 0.9903
1341848044.9027 1.2702 -0.5201 1.3007 -0.0526 0.0508 0.1204 0.9900
1341848044.9708 1.2533 -0.5213 1.3056 -0.0524 0.0530 0.1274 0.9890
1341848045.0026 1.2476 -0.5192 1.3026 -0.0522 0.0515 0.1294 0.9889
1341848045.0387 1.2389 -0.5192 1.3040 -0.0554 0.0526 0.1304 0.9885
1341848045.0708 1.2330 -0.5212 1.3120 -0.0576 0.0531 0.1300 0.9884
1341848045.1028 1.2279 -0.5199 1.3129 -0.0573 0.0547 0.1301 0.9883
1341848045.1388 1.2179 -0.5220 1.3175 -0.0603 0.0583 0.1300 0.9880
1341848045.1708 1.2091 -0.5241 1.3283 -0.0609 0.0594 0.1309 0.9877
1341848045.2027 1.2054 -0.5247 1.3282 -0.0598 0.0595 0.1303 0.9879
1341848045.2389 1.1976 -0.5289 1.3343 -0.0615 0.0621 0.1282 0.9879
1341848045.2708 1.1913 -0.5321 1.3411 -0.0613 0.0624 0.1296 0.9877
1341848045.3068 1.1813 -0.5301 1.3420 -0.0600 0.0638 0.1295 0.9877
1341848045.3387 1.1747 -0.5343 1.3503 -0.0624 0.0651 0.1271 0.9878
1341848045.3708 1.1655 -0.5372 1.3594 -0.0619 0.0671 0.1269 0.9877
1341848045.4067 1.1577 -0.5348 1.3612 -0.0604 0.0665 0.1272 0.9878
1341848045.4387 1.1491 -0.5386 1.3668 -0.0640 0.0656 0.1268 0.9877
1341848045.4747 1.1432 -0.5413 1.3771 -0.0650 0.0636 0.1256 0.9879
1341848045.5389 1.1293 -0.5478 1.3918 -0.0648 0.0642 0.1227 0.9882
1341848045.6069 1.1132 -0.5499 1.3999 -0.0631 0.0619 0.1232 0.9884
1341848045.6459 1.1068 -0.5530 1.4056 -0.0648 0.0607 0.1223 0.9885
1341848045.7070 1.0922 -0.5590 1.4233 -0.0654 0.0580 0.1191 0.9890
1341848045.7431 1.0868 -0.5581 1.4255 -0.0647 0.0559 0.1181 0.9893
1341848045.7748 1.0789 -0.5619 1.4353 -0.0675 0.0554 0.1167 0.9893
1341848045.8076 1.0712 -0.5646 1.4484 -0.0671 0.0528 0.1160 0.9896
1341848045.8429 1.0676 -0.5623 1.4511 -0.0641 0.0491 0.1141 0.9902
1341848045.8748 1.0619 -0.5635 1.4549 -0.0665 0.0481 0.1115 0.9904
1341848045.9068 1.0516 -0.5696 1.4693 -0.0701 0.0476 0.1114 0.9902
1341848045.9428 1.0469 -0.5664 1.4769 -0.0658 0.0411 0.1110 0.9908
1341848045.9748 1.0428 -0.5654 1.4770 -0.0644 0.0370 0.1063 0.9916
1341848046.0108 1.0342 -0.5668 1.4852 -0.0655 0.0356 0.1033 0.9919
1341848046.0428 1.0262 -0.5661 1.4924 -0.0636 0.0312 0.1013 0.9923
1341848046.0747 1.0203 -0.5634 1.4915 -0.0620 0.0259 0.0977 0.9929
1341848046.1108 1.0138 -0.5638 1.4961 -0.0647 0.0244 0.0933 0.9932
1341848046.1428 1.0089 -0.5621 1.5081 -0.0638 0.0218 0.0909 0.9936
1341848046.1818 1.0037 -0.5608 1.5067 -0.0614 0.0182 0.0866 0.9942
1341848046.2197 0.9950 -0.5593 1.5076 -0.0638 0.0177 0.0830 0.9943
1341848046.2497 0.9879 -0.5643 1.5127 -0.0681 0.0147 0.0810 0.9943
1341848046.2836 0.9825 -0.5593 1.5140 -0.0660 0.0106 0.0777 0.9947
1341848046.3177 0.9752 -0.5581 1.5154 -0.0671 0.0092 0.0731 0.9950
1341848046.3497 0.9669 -0.5609 1.5174 -0.0697 0.0085 0.0714 0.9950
1341848046.3823 0.9612 -0.5568 1.5192 -0.0682 0.0047 0.0692 0.9953
1341848046.4178 0.9553 -0.5521 1.5191 -0.0684 0.0035 0.0652 0.9955
1341848046.4498 0.9458 -0.5537 1.5206 -0.0723 0.0047 0.0645 0.9953
1341848046.4858 0.9401 -0.5493 1.5211 -0.0711 0.0015 0.0626 0.9955
1341848046.5178 0.9328 -0.5454 1.5196 -0.0718 0.0004 0.0586 0.9957
1341848046.5497 0.9245 -0.5490 1.5192 -0.0756 0.0002 0.0574 0.9955
1341848046.5861 0.9196 -0.5470 1.5179 -0.0740 -0.0043 0.0565 0.9956
1341848046.6178 0.9118 -0.5388 1.5137 -0.0705 -0.0058 0.0527 0.9961
1341848046.6537 0.9023 -0.5420 1.5102 -0.0734 -0.0059 0.0530 0.9959
1341848046.7149 0.8906 -0.5330 1.5022 -0.0688 -0.0140 0.0515 0.9962
1341848046.7469 0.8830 -0.5329 1.4982 -0.0695 -0.0147 0.0509 0.9962
1341848046.7787 0.8765 -0.5311 1.4935 -0.0682 -0.0168 0.0506 0.9962
1341848046.8147 0.8697 -0.5223 1.4885 -0.0646 -0.0186 0.0486 0.9966
1341848046.8469 0.8623 -0.5210 1.4843 -0.0663 -0.0178 0.0478 0.9965
1341848046.8788 0.8566 -0.5190 1.4795 -0.0662 -0.0185 0.0480 0.9965
1341848046.9151 0.8494 -0.5142 1.4739 -0.0656 -0.0185 0.0475 0.9965
1341848046.9469 0.8435 -0.5126 1.4683 -0.0665 -0.0189 0.0479 0.9965
1341848046.9828 0.8370 -0.5073 1.4633 -0.0654 -0.0198 0.0476 0.9965
1341848047.0151 0.8295 -0.5018 1.4577 -0.0657 -0.0195 0.0468 0.9966
1341848047.0479 0.8230 -0.5009 1.4541 -0.0676 -0.0199 0.0469 0.9964
1341848047.0899 0.8167 -0.4950 1.4476 -0.0663 -0.0213 0.0454 0.9965
1341848047.1476 0.8027 -0.4898 1.4386 -0.0707 -0.0221 0.0447 0.9963
1341848047.2149 0.7886 -0.4831 1.4267 -0.0703 -0.0243 0.0407 0.9964
1341848047.2507 0.7784 -0.4819 1.4199 -0.0726 -0.0252 0.0406 0.9962
1341848047.2828 0.7724 -0.4789 1.4160 -0.0732 -0.0289 0.0401 0.9961
1341848047.3148 0.7660 -0.4766 1.4106 -0.0730 -0.0305 0.0379 0.9961
1341848047.3506 0.7552 -0.4749 1.4035 -0.0729 -0.0308 0.0366 0.9962
1341848047.3830 0.7474 -0.4737 1.3968 -0.0729 -0.0348 0.0368 0.9961
1341848047.4148 0.7426 -0.4726 1.3913 -0.0728 -0.0389 0.0350 0.9960
1341848047.4508 0.7356 -0.4725 1.3851 -0.0717 -0.0414 0.0332 0.9960
1341848047.4826 0.7275 -0.4678 1.3772 -0.0697 -0.0437 0.0322 0.9961
1341848047.5187 0.7204 -0.4676 1.3716 -0.0714 -0.0464 0.0305 0.9959
1341848047.5508 0.7139 -0.4686 1.3678 -0.0720 -0.0491 0.0299 0.9957
1341848047.5830 0.7074 -0.4649 1.3624 -0.0699 -0.0514 0.0284 0.9958
1341848047.6190 0.7008 -0.4642 1.3583 -0.0703 -0.0515 0.0264 0.9958
1341848047.6508 0.6885 -0.4682 1.3532 -0.0711 -0.0509 0.0269 0.9958
1341848047.6897 0.6867 -0.4642 1.3473 -0.0684 -0.0567 0.0259 0.9957
1341848047.7508 0.6728 -0.4629 1.3405 -0.0704 -0.0572 0.0244 0.9956
1341848047.7867 0.6639 -0.4633 1.3364 -0.0711 -0.0572 0.0240 0.9955
1341848047.8188 0.6608 -0.4613 1.3331 -0.0707 -0.0603 0.0227 0.9954
1341848047.8508 0.6532 -0.4591 1.3315 -0.0711 -0.0588 0.0210 0.9955
1341848047.8869 0.6431 -0.4619 1.3281 -0.0719 -0.0569 0.0205 0.9956
1341848047.9189 0.6352 -0.4602 1.3239 -0.0701 -0.0575 0.0208 0.9957
1341848047.9547 0.6302 -0.4573 1.3210 -0.0697 -0.0587 0.0202 0.9956
1341848047.9868 0.6227 -0.4598 1.3200 -0.0708 -0.0570 0.0205 0.9956
1341848048.0189 0.6114 -0.4599 1.3140 -0.0687 -0.0562 0.0206 0.9958
1341848048.0549 0.6073 -0.4562 1.3115 -0.0674 -0.0584 0.0198 0.9958
1341848048.0868 0.5994 -0.4561 1.3097 -0.0685 -0.0562 0.0197 0.9959
1341848048.1188 0.5890 -0.4577 1.3066 -0.0688 -0.0544 0.0203 0.9959
1341848048.1547 0.5831 -0.4545 1.3040 -0.0671 -0.0551 0.0216 0.9960
1341848048.1867 0.5781 -0.4540 1.3018 -0.0672 -0.0531 0.0218 0.9961
1341848048.2230 0.5659 -0.4577 1.2996 -0.0674 -0.0499 0.0230 0.9962
1341848048.2550 0.5612 -0.4572 1.2974 -0.0642 -0.0505 0.0255 0.9963
1341848048.2866 0.5595 -0.4536 1.2922 -0.0621 -0.0497 0.0246 0.9965
1341848048.3228 0.5464 -0.4555 1.2891 -0.0634 -0.0453 0.0250 0.9966
1341848048.3547 0.5404 -0.4564 1.2864 -0.0624 -0.0444 0.0268 0.9967
1341848048.3867 0.5355 -0.4561 1.2816 -0.0609 -0.0430 0.0241 0.9969
1341848048.4226 0.5249 -0.4572 1.2796 -0.0593 -0.0398 0.0236 0.9972
1341848048.4549 0.5188 -0.4559 1.2733 -0.0560 -0.0389 0.0241 0.9974
1341848048.4907 0.5109 -0.4542 1.2685 -0.0556 -0.0375 0.0240 0.9975
1341848048.5228 0.5020 -0.4554 1.2689 -0.0548 -0.0363 0.0259 0.9975
1341848048.5550 0.4965 -0.4572 1.2648 -0.0517 -0.0359 0.0263 0.9977
1341848048.5906 0.4881 -0.4557 1.2589 -0.0485 -0.0351 0.0261 0.9979
1341848048.6227 0.4824 -0.4541 1.2575 -0.0459 -0.0358 0.0280 0.9979
1341848048.6587 0.4777 -0.4576 1.2540 -0.0435 -0.0352 0.0297 0.9980
1341848048.6908 0.4718 -0.4567 1.2472 -0.0401 -0.0354 0.0292 0.9981
1341848048.7227 0.4647 -0.4575 1.2449 -0.0389 -0.0349 0.0308 0.9982
1341848048.7588 0.4615 -0.4574 1.2424 -0.0359 -0.0352 0.0322 0.9982
1341848048.7912 0.4563 -0.4568 1.2382 -0.0334 -0.0349 0.0322 0.9983
1341848048.8227 0.4477 -0.4589 1.2361 -0.0314 -0.0337 0.0326 0.9984
1341848048.8587 0.4438 -0.4555 1.2317 -0.0268 -0.0353 0.0315 0.9985
1341848048.8910 0.4375 -0.4595 1.2288 -0.0256 -0.0349 0.0299 0.9986
1341848048.9268 0.4283 -0.4599 1.2242 -0.0220 -0.0349 0.0275 0.9988
1341848048.9590 0.4217 -0.4578 1.2194 -0.0178 -0.0369 0.0264 0.9988
1341848048.9908 0.4141 -0.4615 1.2156 -0.0160 -0.0376 0.0258 0.9988
1341848049.0267 0.4095 -0.4635 1.2126 -0.0120 -0.0392 0.0236 0.9989
1341848049.0588 0.4049 -0.4625 1.2050 -0.0067 -0.0397 0.0202 0.9990
1341848049.0907 0.3944 -0.4612 1.1980 -0.0044 -0.0393 0.0198 0.9990
1341848049.1268 0.3893 -0.4626 1.1946 -0.0036 -0.0422 0.0203 0.9989
1341848049.1589 0.3891 -0.4629 1.1905 -0.0015 -0.0445 0.0186 0.9988
1341848049.1947 0.3776 -0.4608 1.1858 0.0015 -0.0422 0.0161 0.9990
1341848049.2267 0.3709 -0.4558 1.1787 0.0039 -0.0434 0.0159 0.9989
1341848049.2588 0.3650 -0.4564 1.1750 0.0029 -0.0450 0.0156 0.9989
1341848049.2947 0.3606 -0.4567 1.1709 0.0039 -0.0451 0.0136 0.9989
1341848049.3268 0.3521 -0.4518 1.1651 0.0065 -0.0434 0.0131 0.9990
1341848049.3588 0.3446 -0.4477 1.1579 0.0072 -0.0435 0.0146 0.9989
1341848049.3948 0.3354 -0.4525 1.1556 0.0049 -0.0426 0.0166 0.9989
1341848049.4268 0.3342 -0.4492 1.1486 0.0083 -0.0434 0.0171 0.9989
1341848049.4627 0.3278 -0.4441 1.1404 0.0095 -0.0417 0.0185 0.9989
1341848049.4947 0.3140 -0.4479 1.1371 0.0082 -0.0386 0.0221 0.9990
1341848049.5268 0.3178 -0.4397 1.1290 0.0123 -0.0422 0.0234 0.9988
1341848049.5628 0.3064 -0.4383 1.1223 0.0113 -0.0381 0.0242 0.9989
1341848049.5948 0.2938 -0.4377 1.1153 0.0105 -0.0372 0.0265 0.9989
1341848049.6268 0.2910 -0.4349 1.1096 0.0109 -0.0400 0.0276 0.9988
1341848049.6627 0.2863 -0.4276 1.1023 0.0125 -0.0398 0.0266 0.9988
1341848049.6951 0.2706 -0.4262 1.0944 0.0107 -0.0377 0.0260 0.9989
1341848049.7308 0.2594 -0.4242 1.0862 0.0093 -0.0400 0.0268 0.9988
1341848049.7627 0.2581 -0.4183 1.0803 0.0092 -0.0449 0.0248 0.9986
1341848049.7947 0.2459 -0.4160 1.0744 0.0082 -0.0436 0.0228 0.9988
1341848049.8308 0.2338 -0.4117 1.0658 0.0084 -0.0452 0.0222 0.9987
1341848049.8698 0.2313 -0.4021 1.0586 0.0086 -0.0502 0.0220 0.9985
1341848049.9308 0.2114 -0.4053 1.0498 0.0056 -0.0510 0.0172 0.9985
1341848049.9630 0.2065 -0.3966 1.0415 0.0081 -0.0546 0.0165 0.9983
1341848049.9988 0.1987 -0.3930 1.0368 0.0065 -0.0571 0.0159 0.9982
1341848050.0308 0.1881 -0.3977 1.0326 0.0032 -0.0590 0.0139 0.9982
1341848050.0627 0.1844 -0.3915 1.0288 0.0058 -0.0627 0.0118 0.9979
1341848050.0987 0.1776 -0.3842 1.0233 0.0069 -0.0641 0.0109 0.9979
1341848050.1307 0.1647 -0.3862 1.0200 0.0044 -0.0658 0.0084 0.9978
1341848050.1667 0.1663 -0.3791 1.0176 0.0062 -0.0710 0.0059 0.9974
1341848050.1987 0.1545 -0.3787 1.0139 0.0041 -0.0701 0.0023 0.9975
1341848050.2308 0.1434 -0.3757 1.0114 0.0042 -0.0726 -0.0003 0.9974
1341848050.2667 0.1427 -0.3725 1.0083 0.0042 -0.0776 -0.0024 0.9970
1341848050.2988 0.1334 -0.3711 1.0053 0.0029 -0.0782 -0.0069 0.9969
1341848050.3307 0.1225 -0.3719 1.0029 0.0023 -0.0804 -0.0101 0.9967
1341848050.3667 0.1205 -0.3675 0.9987 0.0028 -0.0854 -0.0117 0.9963
1341848050.3987 0.1139 -0.3660 0.9963 0.0013 -0.0884 -0.0150 0.9960
1341848050.4348 0.1028 -0.3681 0.9944 -0.0005 -0.0898 -0.0177 0.9958
1341848050.4667 0.0997 -0.3650 0.9915 0.0005 -0.0946 -0.0201 0.9953
1341848050.4988 0.0921 -0.3660 0.9900 0.0004 -0.0972 -0.0248 0.9950
1341848050.5348 0.0854 -0.3643 0.9873 0.0018 -0.0992 -0.0277 0.9947
1341848050.5668 0.0783 -0.3609 0.9835 0.0030 -0.1025 -0.0291 0.9943
1341848050.5988 0.0731 -0.3589 0.9803 0.0022 -0.1076 -0.0310 0.9937
1341848050.6348 0.0652 -0.3635 0.9801 0.0006 -0.1107 -0.0348 0.9932
1341848050.6668 0.0593 -0.3601 0.9763 0.0033 -0.1139 -0.0372 0.9928
1341848050.7028 0.0517 -0.3592 0.9732 0.0033 -0.1175 -0.0392 0.9923
1341848050.7348 0.0451 -0.3580 0.9696 0.0032 -0.1216 -0.0395 0.9918
1341848050.7669 0.0385 -0.3566 0.9673 0.0026 -0.1265 -0.0404 0.9911
1341848050.8029 0.0304 -0.3579 0.9661 0.0024 -0.1305 -0.0431 0.9905
1341848050.8348 0.0261 -0.3557 0.9619 0.0038 -0.1347 -0.0456 0.9898
1341848050.8707 0.0184 -0.3533 0.9592 0.0033 -0.1378 -0.0480 0.9893
1341848050.9027 0.0080 -0.3548 0.9593 0.0028 -0.1417 -0.0508 0.9886
1341848050.9348 0.0041 -0.3535 0.9562 0.0048 -0.1454 -0.0544 0.9879
1341848050.9709 -0.0047 -0.3514 0.9537 0.0055 -0.1476 -0.0572 0.9874
1341848051.0028 -0.0143 -0.3511 0.9517 0.0065 -0.1504 -0.0588 0.9869
1341848051.0350 -0.0184 -0.3483 0.9471 0.0079 -0.1543 -0.0595 0.9862
1341848051.0708 -0.0253 -0.3492 0.9458 0.0076 -0.1575 -0.0618 0.9855
1341848051.1027 -0.0325 -0.3475 0.9435 0.0097 -0.1602 -0.0636 0.9850
1341848051.1387 -0.0343 -0.3456 0.9390 0.0111 -0.1640 -0.0649 0.9843
1341848051.1707 -0.0409 -0.3440 0.9361 0.0113 -0.1653 -0.0650 0.9840
1341848051.2387 -0.0515 -0.3476 0.9342 0.0114 -0.1726 -0.0656 0.9827
1341848051.2708 -0.0542 -0.3494 0.9327 0.0136 -0.1757 -0.0686 0.9820
1341848051.3027 -0.0586 -0.3502 0.9304 0.0171 -0.1771 -0.0702 0.9815
1341848051.3387 -0.0645 -0.3460 0.9288 0.0220 -0.1796 -0.0701 0.9810
1341848051.3709 -0.0635 -0.3468 0.9245 0.0245 -0.1855 -0.0723 0.9797
1341848051.4067 -0.0653 -0.3465 0.9220 0.0262 -0.1874 -0.0743 0.9791
1341848051.4400 -0.0676 -0.3454 0.9214 0.0283 -0.1908 -0.0753 0.9783
1341848051.4709 -0.0678 -0.3441 0.9186 0.0303 -0.1945 -0.0780 0.9773
1341848051.5067 -0.0683 -0.3406 0.9174 0.0320 -0.1989 -0.0816 0.9761
1341848051.5389 -0.0742 -0.3452 0.9203 0.0323 -0.2030 -0.0873 0.9747
1341848051.5707 -0.0702 -0.3428 0.9171 0.0383 -0.2087 -0.0944 0.9727
1341848051.6068 -0.0745 -0.3364 0.9166 0.0426 -0.2123 -0.0995 0.9712
1341848051.6389 -0.0797 -0.3440 0.9170 0.0433 -0.2187 -0.1080 0.9688
1341848051.6747 -0.0761 -0.3371 0.9078 0.0498 -0.2233 -0.1111 0.9671
1341848051.7067 -0.0775 -0.3326 0.9066 0.0499 -0.2294 -0.1135 0.9654
1341848051.7388 -0.0801 -0.3354 0.9054 0.0496 -0.2361 -0.1187 0.9632
1341848051.7748 -0.0763 -0.3304 0.8995 0.0529 -0.2410 -0.1226 0.9613
1341848051.8067 -0.0778 -0.3318 0.9013 0.0534 -0.2444 -0.1309 0.9593
1341848051.8388 -0.0793 -0.3331 0.8993 0.0581 -0.2466 -0.1399 0.9572
1341848051.8750 -0.0740 -0.3225 0.8889 0.0643 -0.2474 -0.1447 0.9559
1341848051.9067 -0.0745 -0.3194 0.8899 0.0620 -0.2496 -0.1498 0.9547
1341848051.9427 -0.0723 -0.3213 0.8880 0.0601 -0.2537 -0.1556 0.9528
1341848051.9748 -0.0632 -0.3125 0.8820 0.0616 -0.2541 -0.1593 0.9520
1341848052.0068 -0.0626 -0.3123 0.8836 0.0579 -0.2527 -0.1637 0.9518
1341848052.0428 -0.0601 -0.3125 0.8870 0.0586 -0.2529 -0.1667 0.9512
1341848052.0749 -0.0499 -0.3054 0.8817 0.0614 -0.2511 -0.1695 0.9510
1341848052.1430 -0.0431 -0.3087 0.8821 0.0599 -0.2467 -0.1758 0.9511
1341848052.1781 -0.0312 -0.3001 0.8741 0.0626 -0.2452 -0.1803 0.9505
1341848052.2114 -0.0284 -0.3011 0.8770 0.0599 -0.2422 -0.1830 0.9509
1341848052.2429 -0.0227 -0.3010 0.8759 0.0614 -0.2409 -0.1870 0.9504
1341848052.3111 -0.0097 -0.2943 0.8688 0.0589 -0.2353 -0.1929 0.9508
1341848052.3429 -0.0039 -0.2954 0.8699 0.0598 -0.2344 -0.1961 0.9503
1341848052.3795 0.0058 -0.2930 0.8625 0.0609 -0.2308 -0.1984 0.9506
1341848052.4123 0.0087 -0.2940 0.8597 0.0575 -0.2276 -0.1976 0.9518
1341848052.4447 0.0132 -0.2951 0.8629 0.0585 -0.2288 -0.2004 0.9508
1341848052.4815 0.0235 -0.2915 0.8575 0.0617 -0.2258 -0.2024 0.9509
1341848052.5433 0.0352 -0.2892 0.8499 0.0648 -0.2225 -0.2047 0.9510
1341848052.5792 0.0471 -0.2833 0.8437 0.0655 -0.2203 -0.2069 0.9510
1341848052.6177 0.0494 -0.2859 0.8462 0.0639 -0.2170 -0.2117 0.9508
1341848052.6787 0.0673 -0.2827 0.8355 0.0690 -0.2145 -0.2214 0.9488
1341848052.7108 0.0742 -0.2818 0.8323 0.0681 -0.2119 -0.2230 0.9491
1341848052.7468 0.0792 -0.2812 0.8277 0.0662 -0.2117 -0.2208 0.9498
1341848052.7787 0.0915 -0.2792 0.8192 0.0632 -0.2118 -0.2192 0.9503
1341848052.8109 0.0971 -0.2816 0.8205 0.0592 -0.2085 -0.2197 0.9512
1341848052.8469 0.1025 -0.2844 0.8213 0.0619 -0.2056 -0.2224 0.9510
1341848052.8788 0.1172 -0.2792 0.8094 0.0664 -0.2013 -0.2243 0.9512
1341848052.9147 0.1253 -0.2753 0.8061 0.0654 -0.1964 -0.2238 0.9524
1341848052.9467 0.1290 -0.2772 0.8055 0.0647 -0.1934 -0.2223 0.9534
1341848052.9787 0.1410 -0.2741 0.7995 0.0661 -0.1902 -0.2219 0.9540
1341848053.0148 0.1472 -0.2760 0.7969 0.0644 -0.1838 -0.2212 0.9556
1341848053.0467 0.1516 -0.2776 0.7944 0.0647 -0.1799 -0.2183 0.9570
1341848053.0827 0.1666 -0.2749 0.7860 0.0657 -0.1774 -0.2169 0.9577
1341848053.1148 0.1730 -0.2788 0.7847 0.0633 -0.1704 -0.2162 0.9593
1341848053.1470 0.1785 -0.2802 0.7800 0.0633 -0.1645 -0.2128 0.9610
1341848053.1832 0.1877 -0.2776 0.7739 0.0629 -0.1611 -0.2096 0.9624
1341848053.2148 0.1925 -0.2808 0.7755 0.0610 -0.1566 -0.2077 0.9636
1341848053.2480 0.1981 -0.2827 0.7737 0.0631 -0.1520 -0.2059 0.9646
1341848053.2898 0.2070 -0.2805 0.7676 0.0652 -0.1485 -0.2034 0.9656
1341848053.3217 0.2146 -0.2803 0.7639 0.0651 -0.1448 -0.1995 0.9669
1341848053.3538 0.2207 -0.2792 0.7599 0.0655 -0.1404 -0.1955 0.9684
1341848053.3861 0.2261 -0.2787 0.7561 0.0659 -0.1364 -0.1924 0.9696
1341848053.4218 0.2365 -0.2793 0.7508 0.0656 -0.1326 -0.1891 0.9708
1341848053.4537 0.2426 -0.2750 0.7457 0.0644 -0.1266 -0.1837 0.9727
1341848053.4857 0.2469 -0.2737 0.7429 0.0620 -0.1236 -0.1793 0.9740
1341848053.5217 0.2540 -0.2761 0.7391 0.0597 -0.1210 -0.1766 0.9750
1341848053.5539 0.2667 -0.2731 0.7337 0.0588 -0.1162 -0.1738 0.9761
1341848053.5897 0.2692 -0.2702 0.7321 0.0561 -0.1099 -0.1690 0.9779
1341848053.6219 0.2768 -0.2665 0.7273 0.0529 -0.1065 -0.1624 0.9795
1341848053.6538 0.2851 -0.2673 0.7231 0.0476 -0.1003 -0.1570 0.9813
1341848053.6897 0.2838 -0.2689 0.7240 0.0435 -0.0920 -0.1529 0.9830
1341848053.7217 0.2891 -0.2682 0.7202 0.0419 -0.0868 -0.1475 0.9844
1341848053.7580 0.2981 -0.2673 0.7161 0.0395 -0.0810 -0.1423 0.9857
1341848053.7899 0.2974 -0.2695 0.7156 0.0366 -0.0731 -0.1374 0.9871
1341848053.8216 0.3016 -0.2699 0.7124 0.0368 -0.0668 -0.1313 0.9884
1341848053.8578 0.3065 -0.2682 0.7088 0.0361 -0.0603 -0.1248 0.9897
1341848053.8898 0.3061 -0.2668 0.7063 0.0351 -0.0544 -0.1173 0.9910
1341848053.9511 0.3091 -0.2721 0.6944 0.0368 -0.0469 -0.1055 0.9926
1341848053.9868 0.3061 -0.2688 0.6916 0.0385 -0.0417 -0.0993 0.9934
1341848054.0510 0.3151 -0.2714 0.6732 0.0359 -0.0436 -0.0808 0.9951
1341848054.0868 0.3140 -0.2704 0.6672 0.0332 -0.0415 -0.0743 0.9958
1341848054.1189 0.3081 -0.2697 0.6617 0.0314 -0.0404 -0.0669 0.9964
1341848054.1550 0.3136 -0.2714 0.6529 0.0286 -0.0423 -0.0607 0.9969
1341848054.1867 0.3114 -0.2724 0.6462 0.0255 -0.0415 -0.0585 0.9971
1341848054.2190 0.3026 -0.2762 0.6410 0.0249 -0.0392 -0.0573 0.9973
1341848054.2548 0.3025 -0.2769 0.6325 0.0278 -0.0381 -0.0578 0.9972
1341848054.2868 0.3108 -0.2710 0.6213 0.0297 -0.0379 -0.0584 0.9971
1341848054.3229 0.3084 -0.2665 0.6135 0.0255 -0.0353 -0.0571 0.9974
1341848054.3548 0.2976 -0.2710 0.6076 0.0216 -0.0326 -0.0560 0.9977
1341848054.3871 0.3052 -0.2691 0.5971 0.0203 -0.0337 -0.0563 0.9976
1341848054.4229 0.3001 -0.2673 0.5917 0.0171 -0.0301 -0.0558 0.9978
1341848054.4547 0.2873 -0.2690 0.5857 0.0150 -0.0279 -0.0540 0.9980
1341848054.4869 0.2891 -0.2664 0.5782 0.0151 -0.0311 -0.0520 0.9981
1341848054.5227 0.2918 -0.2711 0.5711 0.0123 -0.0309 -0.0511 0.9981
1341848054.5549 0.2848 -0.2739 0.5670 0.0132 -0.0272 -0.0492 0.9983
1341848054.5908 0.2907 -0.2719 0.5573 0.0154 -0.0273 -0.0466 0.9984
1341848054.6227 0.2930 -0.2698 0.5497 0.0148 -0.0273 -0.0454 0.9985
1341848054.6564 0.2918 -0.2718 0.5443 0.0136 -0.0262 -0.0434 0.9986
1341848054.6910 0.2985 -0.2732 0.5371 0.0133 -0.0236 -0.0412 0.9988
1341848054.7227 0.2968 -0.2752 0.5315 0.0143 -0.0198 -0.0420 0.9988
1341848054.7547 0.2959 -0.2734 0.5254 0.0170 -0.0169 -0.0405 0.9989
1341848054.7909 0.2980 -0.2733 0.5182 0.0193 -0.0152 -0.0375 0.9990
1341848054.8229 0.3041 -0.2705 0.5099 0.0204 -0.0132 -0.0331 0.9992
1341848054.8589 0.3000 -0.2704 0.5050 0.0204 -0.0096 -0.0272 0.9994
1341848054.8909 0.3037 -0.2712 0.4979 0.0223 -0.0093 -0.0232 0.9994
1341848054.9228 0.3092 -0.2698 0.4903 0.0243 -0.0070 -0.0188 0.9995
1341848054.9587 0.3079 -0.2670 0.4825 0.0250 -0.0034 -0.0144 0.9996
1341848054.9911 0.3030 -0.2687 0.4762 0.0263 -0.0021 -0.0125 0.9996
1341848055.0230 0.3139 -0.2676 0.4659 0.0292 -0.0024 -0.0116 0.9995
1341848055.0587 0.3129 -0.2641 0.4579 0.0311 0.0019 -0.0091 0.9995
1341848055.0907 0.3044 -0.2625 0.4498 0.0334 0.0043 -0.0060 0.9994
1341848055.1270 0.3130 -0.2579 0.4359 0.0351 0.0026 -0.0023 0.9994
1341848055.1592 0.3160 -0.2564 0.4265 0.0348 0.0048 -0.0001 0.9994
1341848055.1910 0.3070 -0.2579 0.4172 0.0361 0.0097 0.0016 0.9993
1341848055.2268 0.3050 -0.2491 0.4035 0.0400 0.0100 0.0041 0.9991
1341848055.2589 0.3097 -0.2413 0.3899 0.0403 0.0087 0.0056 0.9991
1341848055.2947 0.3008 -0.2395 0.3807 0.0394 0.0109 0.0079 0.9991
1341848055.3268 0.3004 -0.2362 0.3667 0.0403 0.0104 0.0097 0.9991
1341848055.3589 0.3011 -0.2316 0.3546 0.0408 0.0105 0.0088 0.9991
1341848055.3947 0.3022 -0.2248 0.3418 0.0409 0.0125 0.0077 0.9991
1341848055.4268 0.2934 -0.2210 0.3321 0.0410 0.0164 0.0072 0.9990
1341848055.4588 0.2912 -0.2146 0.3200 0.0420 0.0178 0.0076 0.9989
1341848055.4947 0.2900 -0.2074 0.3087 0.0416 0.0198 0.0089 0.9989
1341848055.5267 0.2846 -0.2062 0.2991 0.0403 0.0228 0.0093 0.9989
1341848055.5626 0.2808 -0.2039 0.2891 0.0415 0.0253 0.0098 0.9988
1341848055.5947 0.2816 -0.1931 0.2774 0.0429 0.0278 0.0103 0.9986
1341848055.6267 0.2755 -0.1862 0.2684 0.0425 0.0313 0.0117 0.9985
1341848055.6630 0.2686 -0.1840 0.2606 0.0421 0.0327 0.0131 0.9985
1341848055.6948 0.2761 -0.1798 0.2485 0.0416 0.0340 0.0130 0.9985
1341848055.7268 0.2767 -0.1735 0.2401 0.0393 0.0405 0.0148 0.9983
1341848055.7628 0.2559 -0.1757 0.2383 0.0373 0.0469 0.0181 0.9980
1341848055.7950 0.2575 -0.1731 0.2310 0.0388 0.0466 0.0213 0.9979
1341848055.8308 0.2575 -0.1714 0.2245 0.0385 0.0499 0.0246 0.9977
1341848055.8628 0.2490 -0.1725 0.2211 0.0397 0.0544 0.0284 0.9973
1341848055.8948 0.2436 -0.1680 0.2153 0.0425 0.0568 0.0313 0.9970
1341848055.9307 0.2390 -0.1635 0.2095 0.0439 0.0592 0.0320 0.9968
1341848055.9628 0.2295 -0.1624 0.2062 0.0444 0.0614 0.0338 0.9965
1341848055.9947 0.2239 -0.1561 0.1994 0.0449 0.0620 0.0365 0.9964
1341848056.0307 0.2173 -0.1523 0.1948 0.0432 0.0630 0.0386 0.9963
1341848056.0628 0.2041 -0.1545 0.1932 0.0422 0.0647 0.0404 0.9962
1341848056.0988 0.1958 -0.1519 0.1889 0.0424 0.0655 0.0412 0.9961
1341848056.1306 0.1864 -0.1504 0.1861 0.0425 0.0670 0.0420 0.9960
1341848056.1627 0.1692 -0.1499 0.1828 0.0433 0.0686 0.0422 0.9958
1341848056.1987 0.1561 -0.1438 0.1793 0.0447 0.0672 0.0434 0.9958
1341848056.2307 0.1443 -0.1390 0.1749 0.0443 0.0660 0.0452 0.9958
1341848056.2639 0.1267 -0.1392 0.1748 0.0434 0.0652 0.0447 0.9959
1341848056.2988 0.1171 -0.1362 0.1725 0.0440 0.0631 0.0449 0.9960
1341848056.3307 0.1048 -0.1299 0.1681 0.0438 0.0630 0.0457 0.9960
1341848056.3667 0.0831 -0.1296 0.1687 0.0426 0.0631 0.0474 0.9960
1341848056.3987 0.0677 -0.1239 0.1633 0.0428 0.0596 0.0497 0.9961
1341848056.4307 0.0616 -0.1141 0.1567 0.0391 0.0551 0.0538 0.9963
1341848056.4668 0.0420 -0.1122 0.1562 0.0320 0.0540 0.0600 0.9962
1341848056.4989 0.0268 -0.1150 0.1569 0.0274 0.0510 0.0613 0.9964
1341848056.5348 0.0182 -0.1129 0.1522 0.0246 0.0490 0.0600 0.9967
1341848056.5667 0.0013 -0.1140 0.1538 0.0214 0.0499 0.0598 0.9967
1341848056.5989 -0.0199 -0.1119 0.1508 0.0204 0.0493 0.0628 0.9966
1341848056.6348 -0.0306 -0.1068 0.1468 0.0178 0.0438 0.0642 0.9968
1341848056.6668 -0.0434 -0.1094 0.1483 0.0137 0.0408 0.0658 0.9969
1341848056.6989 -0.0561 -0.1097 0.1472 0.0130 0.0387 0.0662 0.9970
1341848056.7348 -0.0692 -0.1067 0.1453 0.0120 0.0368 0.0636 0.9972
1341848056.7667 -0.0819 -0.1072 0.1440 0.0111 0.0344 0.0621 0.9974
1341848056.8029 -0.0868 -0.1015 0.1397 0.0098 0.0312 0.0603 0.9976
1341848056.8350 -0.1037 -0.1057 0.1427 0.0069 0.0311 0.0580 0.9978
1341848056.8667 -0.1142 -0.1085 0.1453 0.0068 0.0293 0.0578 0.9979
1341848056.9027 -0.1143 -0.1085 0.1389 0.0068 0.0282 0.0570 0.9980
1341848056.9347 -0.1231 -0.1072 0.1389 0.0054 0.0307 0.0546 0.9980
1341848056.9668 -0.1398 -0.1078 0.1421 0.0056 0.0331 0.0546 0.9979
1341848057.0027 -0.1414 -0.1061 0.1365 0.0048 0.0322 0.0547 0.9980
1341848057.0348 -0.1471 -0.1049 0.1348 0.0021 0.0350 0.0541 0.9979
1341848057.0710 -0.1667 -0.1049 0.1404 0.0014 0.0386 0.0526 0.9979
1341848057.1028 -0.1720 -0.1029 0.1365 0.0016 0.0379 0.0513 0.9980
1341848057.1347 -0.1791 -0.0994 0.1320 -0.0011 0.0395 0.0516 0.9979
1341848057.1707 -0.1987 -0.0993 0.1367 -0.0033 0.0421 0.0506 0.9978
1341848057.2026 -0.2035 -0.0986 0.1335 -0.0035 0.0413 0.0475 0.9980
1341848057.2347 -0.2121 -0.0942 0.1284 -0.0054 0.0437 0.0460 0.9980
1341848057.2708 -0.2295 -0.0893 0.1291 -0.0083 0.0466 0.0465 0.9978
1341848057.3029 -0.2419 -0.0863 0.1312 -0.0101 0.0465 0.0462 0.9978
1341848057.3388 -0.2496 -0.0854 0.1270 -0.0129 0.0480 0.0450 0.9977
1341848057.3708 -0.2635 -0.0804 0.1259 -0.0159 0.0513 0.0462 0.9975
1341848057.4027 -0.2787 -0.0785 0.1285 -0.0172 0.0528 0.0471 0.9973
1341848057.4389 -0.2878 -0.0754 0.1235 -0.0182 0.0548 0.0472 0.9972
1341848057.4707 -0.3013 -0.0711 0.1217 -0.0204 0.0597 0.0498 0.9968
1341848057.5067 -0.3195 -0.0673 0.1224 -0.0204 0.0623 0.0534 0.9964
1341848057.5388 -0.3307 -0.0636 0.1158 -0.0215 0.0621 0.0553 0.9963
1341848057.5711 -0.3416 -0.0608 0.1114 -0.0249 0.0645 0.0580 0.9959
1341848057.6067 -0.3558 -0.0585 0.1116 -0.0282 0.0686 0.0618 0.9953
1341848057.6388 -0.3665 -0.0588 0.1079 -0.0302 0.0719 0.0644 0.9949
1341848057.6709 -0.3785 -0.0566 0.1052 -0.0322 0.0770 0.0663 0.9943
1341848057.7068 -0.3928 -0.0526 0.1075 -0.0323 0.0819 0.0712 0.9936
1341848057.7389 -0.4062 -0.0506 0.1014 -0.0321 0.0839 0.0728 0.9933
1341848057.7750 -0.4177 -0.0474 0.0974 -0.0332 0.0863 0.0746 0.9929
1341848057.8068 -0.4333 -0.0464 0.0971 -0.0337 0.0898 0.0808 0.9921
1341848057.8388 -0.4474 -0.0473 0.0937 -0.0327 0.0904 0.0861 0.9916
1341848057.8748 -0.4587 -0.0425 0.0912 -0.0309 0.0911 0.0878 0.9915
1341848057.9068 -0.4721 -0.0418 0.0866 -0.0312 0.0925 0.0882 0.9913
1341848057.9388 -0.4868 -0.0366 0.0835 -0.0309 0.0921 0.0904 0.9912
1341848057.9753 -0.4982 -0.0366 0.0823 -0.0330 0.0909 0.0925 0.9910
1341848058.0068 -0.5138 -0.0401 0.0856 -0.0337 0.0902 0.0927 0.9910
1341848058.0428 -0.5270 -0.0387 0.0870 -0.0308 0.0873 0.0917 0.9915
1341848058.0760 -0.5377 -0.0379 0.0807 -0.0292 0.0846 0.0916 0.9918
1341848058.1068 -0.5516 -0.0369 0.0844 -0.0288 0.0821 0.0909 0.9920
1341848058.1427 -0.5664 -0.0379 0.0870 -0.0261 0.0790 0.0899 0.9925
1341848058.1747 -0.5787 -0.0363 0.0835 -0.0241 0.0755 0.0874 0.9930
1341848058.2071 -0.5911 -0.0357 0.0832 -0.0237 0.0736 0.0852 0.9934
1341848058.2427 -0.6062 -0.0340 0.0867 -0.0221 0.0711 0.0826 0.9938
1341848058.2747 -0.6178 -0.0325 0.0931 -0.0197 0.0694 0.0808 0.9941
1341848058.3107 -0.6276 -0.0328 0.0945 -0.0157 0.0705 0.0791 0.9943
1341848058.3432 -0.6413 -0.0285 0.0924 -0.0118 0.0696 0.0759 0.9946
1341848058.3749 -0.6508 -0.0277 0.0886 -0.0111 0.0689 0.0773 0.9946
1341848058.4107 -0.6619 -0.0283 0.0895 -0.0125 0.0686 0.0798 0.9944
1341848058.4428 -0.6726 -0.0280 0.0956 -0.0128 0.0684 0.0817 0.9942
1341848058.4747 -0.6796 -0.0292 0.1031 -0.0112 0.0685 0.0843 0.9940
1341848058.5430 -0.6998 -0.0297 0.1052 -0.0069 0.0729 0.0901 0.9932
1341848058.5789 -0.7071 -0.0304 0.1070 -0.0064 0.0726 0.0946 0.9928
1341848058.6108 -0.7123 -0.0336 0.1110 -0.0071 0.0751 0.0974 0.9924
1341848058.6431 -0.7245 -0.0333 0.1150 -0.0067 0.0786 0.0978 0.9921
1341848058.6787 -0.7299 -0.0338 0.1262 -0.0043 0.0786 0.0983 0.9920
1341848058.7107 -0.7342 -0.0373 0.1238 -0.0012 0.0827 0.0972 0.9918
1341848058.7468 -0.7472 -0.0358 0.1202 -0.0011 0.0887 0.0949 0.9915
1341848058.7787 -0.7597 -0.0306 0.1252 -0.0012 0.0882 0.0976 0.9913
1341848058.8109 -0.7649 -0.0345 0.1285 -0.0028 0.0862 0.1016 0.9911
1341848058.8468 -0.7678 -0.0375 0.1341 -0.0048 0.0884 0.1026 0.9908
1341848058.8796 -0.7747 -0.0374 0.1407 -0.0038 0.0919 0.1048 0.9902
1341848058.9468 -0.7836 -0.0403 0.1434 -0.0037 0.0941 0.1097 0.9895
1341848058.9789 -0.7897 -0.0430 0.1509 -0.0023 0.0974 0.1112 0.9890
1341848059.0147 -0.7911 -0.0445 0.1500 0.0006 0.0981 0.1120 0.9888
1341848059.0467 -0.7958 -0.0452 0.1491 0.0019 0.1006 0.1128 0.9885
1341848059.0788 -0.7966 -0.0474 0.1531 0.0019 0.1038 0.1130 0.9882
1341848059.1147 -0.8001 -0.0483 0.1532 0.0028 0.1082 0.1120 0.9878
1341848059.1467 -0.8041 -0.0474 0.1522 0.0028 0.1111 0.1118 0.9875
1341848059.1787 -0.8026 -0.0477 0.1549 0.0028 0.1129 0.1113 0.9874
1341848059.2147 -0.8013 -0.0476 0.1570 0.0036 0.1164 0.1107 0.9870
1341848059.2468 -0.8032 -0.0465 0.1578 0.0060 0.1214 0.1108 0.9864
1341848059.2827 -0.8051 -0.0448 0.1604 0.0087 0.1245 0.1130 0.9857
1341848059.3147 -0.8043 -0.0448 0.1577 0.0112 0.1272 0.1151 0.9851
1341848059.3468 -0.8052 -0.0436 0.1529 0.0119 0.1297 0.1170 0.9845
1341848059.3827 -0.8062 -0.0434 0.1597 0.0130 0.1314 0.1192 0.9840
1341848059.4147 -0.8042 -0.0470 0.1557 0.0148 0.1338 0.1201 0.9836
1341848059.4468 -0.8042 -0.0471 0.1530 0.0152 0.1380 0.1194 0.9831
1341848059.4827 -0.8049 -0.0430 0.1535 0.0164 0.1416 0.1200 0.9825
1341848059.5147 -0.8050 -0.0413 0.1530 0.0179 0.1427 0.1230 0.9819
1341848059.5508 -0.8049 -0.0433 0.1502 0.0176 0.1445 0.1225 0.9817
1341848059.5827 -0.8057 -0.0421 0.1527 0.0190 0.1481 0.1234 0.9811
1341848059.6147 -0.8085 -0.0383 0.1526 0.0229 0.1486 0.1254 0.9807
1341848059.6507 -0.8096 -0.0392 0.1493 0.0245 0.1474 0.1266 0.9806
1341848059.6827 -0.8098 -0.0425 0.1444 0.0232 0.1486 0.1244 0.9808
1341848059.7187 -0.8114 -0.0388 0.1485 0.0243 0.1514 0.1242 0.9803
1341848059.7509 -0.8157 -0.0376 0.1507 0.0275 0.1516 0.1247 0.9801
1341848059.7828 -0.8151 -0.0392 0.1419 0.0272 0.1512 0.1230 0.9804
1341848059.8188 -0.8176 -0.0381 0.1444 0.0256 0.1543 0.1229 0.9800
1341848059.8507 -0.8220 -0.0359 0.1498 0.0291 0.1563 0.1230 0.9796
1341848059.8827 -0.8238 -0.0367 0.1440 0.0318 0.1557 0.1213 0.9798
1341848059.9188 -0.8260 -0.0358 0.1428 0.0331 0.1550 0.1203 0.9800
1341848059.9508 -0.8262 -0.0343 0.1422 0.0347 0.1545 0.1209 0.9800
1341848059.9868 -0.8297 -0.0337 0.1428 0.0375 0.1542 0.1215 0.9798
1341848060.0187 -0.8296 -0.0362 0.1412 0.0394 0.1543 0.1184 0.9801
1341848060.0507 -0.8310 -0.0341 0.1420 0.0438 0.1572 0.1166 0.9797
1341848060.0868 -0.8364 -0.0298 0.1398 0.0490 0.1571 0.1153 0.9796
1341848060.1188 -0.8347 -0.0292 0.1353 0.0515 0.1540 0.1125 0.9803
1341848060.1508 -0.8324 -0.0305 0.1292 0.0506 0.1561 0.1098 0.9803
1341848060.1869 -0.8349 -0.0267 0.1352 0.0523 0.1578 0.1094 0.9800
1341848060.2189 -0.8330 -0.0297 0.1337 0.0551 0.1567 0.1065 0.9803
1341848060.2548 -0.8294 -0.0253 0.1254 0.0549 0.1589 0.1034 0.9803
1341848060.2875 -0.8300 -0.0228 0.1314 0.0539 0.1615 0.1034 0.9800
1341848060.3189 -0.8297 -0.0251 0.1326 0.0561 0.1609 0.1025 0.9800
1341848060.3546 -0.8245 -0.0219 0.1246 0.0554 0.1609 0.0984 0.9805
1341848060.3873 -0.8225 -0.0213 0.1302 0.0543 0.1641 0.0971 0.9802
1341848060.4186 -0.8233 -0.0200 0.1320 0.0567 0.1637 0.0959 0.9802
1341848060.4548 -0.8178 -0.0196 0.1273 0.0573 0.1626 0.0923 0.9807
1341848060.4867 -0.8147 -0.0188 0.1296 0.0569 0.1656 0.0891 0.9805
1341848060.5229 -0.8140 -0.0177 0.1362 0.0601 0.1666 0.0873 0.9803
1341848060.5547 -0.8088 -0.0180 0.1301 0.0632 0.1660 0.0843 0.9805
1341848060.5867 -0.8037 -0.0146 0.1256 0.0624 0.1687 0.0815 0.9803
1341848060.6227 -0.8039 -0.0124 0.1344 0.0640 0.1708 0.0821 0.9798
1341848060.6561 -0.7995 -0.0130 0.1294 0.0665 0.1688 0.0815 0.9800
1341848060.6873 -0.7952 -0.0120 0.1270 0.0657 0.1696 0.0805 0.9800
1341848060.7232 -0.7940 -0.0118 0.1318 0.0665 0.1708 0.0818 0.9797
1341848060.7579 -0.7942 -0.0105 0.1316 0.0693 0.1683 0.0821 0.9799
1341848060.7909 -0.7886 -0.0114 0.1286 0.0694 0.1649 0.0820 0.9804
1341848060.8240 -0.7882 -0.0122 0.1327 0.0705 0.1632 0.0822 0.9806
1341848060.8624 -0.7861 -0.0137 0.1330 0.0727 0.1601 0.0818 0.9810
1341848060.9231 -0.7776 -0.0159 0.1355 0.0742 0.1550 0.0825 0.9817
1341848060.9608 -0.7716 -0.0180 0.1350 0.0757 0.1521 0.0823 0.9820
1341848060.9969 -0.7662 -0.0179 0.1353 0.0768 0.1500 0.0831 0.9822
1341848061.0306 -0.7633 -0.0218 0.1386 0.0774 0.1482 0.0833 0.9824
1341848061.0622 -0.7550 -0.0239 0.1385 0.0777 0.1464 0.0826 0.9827
1341848061.1006 -0.7488 -0.0290 0.1438 0.0785 0.1467 0.0822 0.9826
1341848061.1298 -0.7441 -0.0348 0.1470 0.0815 0.1468 0.0812 0.9825
1341848061.1979 -0.7314 -0.0408 0.1485 0.0873 0.1465 0.0816 0.9820
1341848061.2594 -0.7179 -0.0441 0.1443 0.0939 0.1450 0.0816 0.9816
1341848061.2909 -0.7121 -0.0519 0.1482 0.0952 0.1446 0.0825 0.9814
1341848061.3266 -0.7058 -0.0537 0.1461 0.0984 0.1443 0.0835 0.9811
1341848061.3589 -0.7002 -0.0542 0.1463 0.1000 0.1450 0.0832 0.9808
1341848061.3908 -0.6963 -0.0564 0.1477 0.1018 0.1455 0.0852 0.9804
1341848061.4269 -0.6907 -0.0571 0.1459 0.1028 0.1448 0.0866 0.9803
1341848061.4588 -0.6849 -0.0589 0.1472 0.1024 0.1456 0.0879 0.9801
1341848061.4947 -0.6830 -0.0635 0.1502 0.1034 0.1470 0.0872 0.9798
1341848061.5267 -0.6786 -0.0603 0.1477 0.1054 0.1467 0.0868 0.9797
1341848061.5588 -0.6735 -0.0588 0.1461 0.1045 0.1469 0.0878 0.9797
1341848061.5947 -0.6715 -0.0639 0.1518 0.1033 0.1487 0.0883 0.9795
1341848061.6267 -0.6693 -0.0647 0.1512 0.1052 0.1491 0.0879 0.9793
1341848061.6588 -0.6621 -0.0596 0.1480 0.1052 0.1497 0.0871 0.9793
1341848061.6949 -0.6622 -0.0647 0.1533 0.1038 0.1524 0.0882 0.9789
1341848061.7267 -0.6609 -0.0650 0.1529 0.1053 0.1520 0.0888 0.9787
1341848061.7628 -0.6558 -0.0622 0.1505 0.1047 0.1527 0.0874 0.9788
1341848061.7948 -0.6548 -0.0651 0.1540 0.1037 0.1546 0.0870 0.9787
1341848061.8267 -0.6543 -0.0654 0.1548 0.1044 0.1545 0.0876 0.9786
1341848061.8629 -0.6506 -0.0630 0.1528 0.1034 0.1541 0.0867 0.9788
1341848061.8948 -0.6508 -0.0670 0.1575 0.1012 0.1551 0.0859 0.9789
1341848061.9307 -0.6501 -0.0680 0.1593 0.1017 0.1550 0.0847 0.9790
1341848061.9628 -0.6482 -0.0648 0.1592 0.1014 0.1545 0.0844 0.9791
1341848061.9972 -0.6496 -0.0652 0.1646 0.1000 0.1539 0.0843 0.9794
1341848062.0307 -0.6458 -0.0691 0.1679 0.0984 0.1523 0.0820 0.9800
1341848062.0633 -0.6438 -0.0681 0.1699 0.0977 0.1520 0.0804 0.9803
1341848062.0949 -0.6446 -0.0692 0.1742 0.0963 0.1506 0.0793 0.9807
1341848062.1308 -0.6410 -0.0711 0.1771 0.0948 0.1483 0.0788 0.9812
1341848062.1634 -0.6404 -0.0756 0.1824 0.0936 0.1474 0.0755 0.9817
1341848062.1987 -0.6372 -0.0766 0.1842 0.0936 0.1462 0.0708 0.9823
1341848062.2308 -0.6370 -0.0728 0.1867 0.0938 0.1446 0.0694 0.9826
1341848062.2628 -0.6353 -0.0707 0.1891 0.0921 0.1411 0.0695 0.9832
1341848062.2993 -0.6331 -0.0742 0.1915 0.0897 0.1387 0.0683 0.9839
1341848062.3308 -0.6287 -0.0762 0.1935 0.0887 0.1373 0.0665 0.9843
1341848062.3628 -0.6308 -0.0763 0.1989 0.0894 0.1367 0.0653 0.9844
1341848062.3988 -0.6262 -0.0759 0.1972 0.0898 0.1329 0.0649 0.9849
1341848062.4308 -0.6239 -0.0749 0.1978 0.0893 0.1311 0.0672 0.9850
1341848062.4669 -0.6218 -0.0753 0.2001 0.0887 0.1284 0.0689 0.9853
1341848062.4987 -0.6189 -0.0770 0.2015 0.0886 0.1255 0.0714 0.9855
1341848062.5307 -0.6145 -0.0772 0.1987 0.0883 0.1235 0.0713 0.9858
1341848062.5669 -0.6100 -0.0763 0.1998 0.0871 0.1232 0.0716 0.9859
1341848062.5988 -0.6118 -0.0761 0.2050 0.0878 0.1216 0.0742 0.9859
1341848062.6308 -0.6030 -0.0748 0.1992 0.0871 0.1168 0.0765 0.9864
1341848062.6667 -0.5974 -0.0785 0.2015 0.0851 0.1160 0.0766 0.9866
1341848062.6987 -0.5945 -0.0815 0.2055 0.0867 0.1159 0.0763 0.9865
1341848062.7349 -0.5857 -0.0770 0.1988 0.0886 0.1131 0.0762 0.9867
1341848062.7668 -0.5786 -0.0757 0.1992 0.0866 0.1121 0.0772 0.9869
1341848062.7987 -0.5767 -0.0805 0.2055 0.0867 0.1113 0.0777 0.9869
1341848062.8348 -0.5687 -0.0774 0.1992 0.0876 0.1076 0.0765 0.9874
1341848062.8668 -0.5600 -0.0772 0.1982 0.0854 0.1061 0.0750 0.9878
1341848062.8991 -0.5589 -0.0799 0.2039 0.0846 0.1056 0.0735 0.9881
1341848062.9350 -0.5513 -0.0825 0.2007 0.0851 0.1022 0.0682 0.9888
1341848062.9669 -0.5392 -0.0790 0.1965 0.0839 0.1009 0.0634 0.9893
1341848063.0029 -0.5387 -0.0806 0.2038 0.0825 0.1015 0.0629 0.9894
1341848063.0350 -0.5322 -0.0831 0.2037 0.0828 0.0967 0.0621 0.9899
1341848063.0667 -0.5214 -0.0841 0.2019 0.0822 0.0941 0.0611 0.9903
1341848063.1028 -0.5144 -0.0873 0.2048 0.0830 0.0929 0.0598 0.9904
1341848063.1350 -0.5067 -0.0841 0.2015 0.0844 0.0897 0.0593 0.9906
1341848063.1707 -0.4982 -0.0852 0.2010 0.0830 0.0863 0.0594 0.9910
1341848063.2027 -0.4900 -0.0889 0.2028 0.0823 0.0844 0.0585 0.9913
1341848063.2350 -0.4805 -0.0898 0.2021 0.0833 0.0828 0.0552 0.9915
1341848063.2708 -0.4710 -0.0890 0.2014 0.0832 0.0826 0.0522 0.9917
1341848063.3028 -0.4646 -0.0878 0.2018 0.0829 0.0824 0.0503 0.9919
1341848063.3349 -0.4581 -0.0891 0.2025 0.0820 0.0798 0.0473 0.9923
1341848063.3707 -0.4469 -0.0888 0.2014 0.0800 0.0789 0.0454 0.9926
1341848063.4027 -0.4410 -0.0896 0.2038 0.0781 0.0805 0.0420 0.9928
1341848063.4393 -0.4362 -0.0902 0.2081 0.0771 0.0805 0.0393 0.9930
1341848063.4707 -0.4254 -0.0880 0.2051 0.0757 0.0798 0.0372 0.9932
1341848063.5028 -0.4191 -0.0880 0.2108 0.0716 0.0819 0.0362 0.9934
1341848063.5418 -0.4181 -0.0947 0.2209 0.0712 0.0822 0.0373 0.9934
1341848063.5778 -0.4056 -0.0898 0.2144 0.0718 0.0800 0.0388 0.9934
1341848063.6097 -0.4018 -0.0899 0.2208 0.0682 0.0808 0.0404 0.9936
1341848063.6430 -0.3986 -0.0949 0.2279 0.0672 0.0794 0.0414 0.9937
1341848063.6780 -0.3878 -0.0885 0.2236 0.0666 0.0766 0.0416 0.9940
1341848063.7099 -0.3842 -0.0879 0.2298 0.0619 0.0756 0.0424 0.9943
1341848063.7458 -0.3832 -0.0939 0.2401 0.0592 0.0737 0.0423 0.9946
1341848063.7778 -0.3734 -0.0949 0.2395 0.0584 0.0714 0.0392 0.9950
1341848063.8098 -0.3691 -0.0957 0.2468 0.0567 0.0719 0.0378 0.9951
1341848063.8457 -0.3665 -0.1010 0.2558 0.0570 0.0700 0.0371 0.9952
1341848063.8779 -0.3543 -0.1010 0.2561 0.0572 0.0672 0.0362 0.9954
1341848063.9138 -0.3483 -0.1101 0.2674 0.0559 0.0692 0.0331 0.9955
1341848063.9458 -0.3453 -0.1154 0.2776 0.0592 0.0704 0.0309 0.9953
1341848063.9779 -0.3385 -0.1143 0.2825 0.0624 0.0672 0.0323 0.9953
1341848064.0140 -0.3278 -0.1181 0.2871 0.0619 0.0643 0.0336 0.9954
1341848064.0458 -0.3281 -0.1307 0.3020 0.0617 0.0641 0.0318 0.9955
1341848064.0817 -0.3143 -0.1320 0.3025 0.0649 0.0605 0.0298 0.9956
1341848064.1137 -0.3019 -0.1325 0.3079 0.0640 0.0607 0.0303 0.9956
1341848064.1458 -0.3038 -0.1406 0.3249 0.0630 0.0621 0.0321 0.9956
1341848064.1818 -0.2922 -0.1462 0.3294 0.0640 0.0578 0.0340 0.9957
1341848064.2139 -0.2759 -0.1504 0.3316 0.0625 0.0562 0.0334 0.9959
1341848064.2498 -0.2694 -0.1581 0.3465 0.0620 0.0596 0.0329 0.9958
1341848064.2830 -0.2620 -0.1615 0.3559 0.0652 0.0593 0.0331 0.9956
1341848064.3138 -0.2429 -0.1618 0.3566 0.0658 0.0570 0.0330 0.9957
1341848064.3498 -0.2346 -0.1702 0.3694 0.0644 0.0591 0.0324 0.9956
1341848064.3826 -0.2207 -0.1746 0.3748 0.0660 0.0594 0.0323 0.9955
1341848064.4181 -0.2048 -0.1729 0.3768 0.0661 0.0590 0.0322 0.9955
1341848064.4498 -0.1980 -0.1798 0.3897 0.0637 0.0604 0.0290 0.9957
1341848064.4818 -0.1873 -0.1894 0.3994 0.0643 0.0613 0.0251 0.9957
1341848064.5180 -0.1736 -0.1915 0.4006 0.0663 0.0619 0.0226 0.9956
1341848064.5497 -0.1651 -0.1951 0.4087 0.0668 0.0627 0.0232 0.9955
1341848064.5817 -0.1587 -0.2010 0.4160 0.0686 0.0622 0.0256 0.9954
1341848064.6177 -0.1444 -0.2027 0.4135 0.0709 0.0600 0.0263 0.9953
1341848064.6497 -0.1352 -0.2029 0.4163 0.0718 0.0597 0.0277 0.9952
1341848064.6858 -0.1309 -0.2035 0.4197 0.0721 0.0576 0.0305 0.9953
1341848064.7499 -0.1087 -0.2068 0.4212 0.0704 0.0566 0.0277 0.9955
1341848064.8107 -0.0985 -0.2081 0.4262 0.0716 0.0539 0.0271 0.9956
1341848064.8427 -0.0882 -0.2094 0.4272 0.0699 0.0517 0.0269 0.9958
1341848064.8788 -0.0862 -0.2132 0.4329 0.0697 0.0513 0.0279 0.9959
1341848064.9108 -0.0748 -0.2101 0.4296 0.0707 0.0476 0.0309 0.9959
1341848064.9469 -0.0648 -0.2081 0.4302 0.0690 0.0455 0.0338 0.9960
1341848064.9788 -0.0623 -0.2148 0.4385 0.0679 0.0452 0.0350 0.9961
1341848065.0108 -0.0484 -0.2139 0.4339 0.0699 0.0428 0.0361 0.9960
1341848065.0468 -0.0375 -0.2099 0.4347 0.0692 0.0421 0.0369 0.9960
1341848065.0787 -0.0390 -0.2149 0.4413 0.0681 0.0417 0.0389 0.9960
1341848065.1107 -0.0224 -0.2138 0.4370 0.0682 0.0372 0.0409 0.9961
1341848065.1467 -0.0162 -0.2137 0.4414 0.0669 0.0376 0.0408 0.9962
1341848065.1788 -0.0144 -0.2232 0.4483 0.0678 0.0377 0.0396 0.9962
1341848065.2148 0.0014 -0.2175 0.4413 0.0716 0.0351 0.0386 0.9961
1341848065.2468 0.0096 -0.2112 0.4424 0.0706 0.0338 0.0363 0.9963
1341848065.2787 0.0126 -0.2228 0.4493 0.0686 0.0342 0.0358 0.9964
1341848065.3148 0.0248 -0.2186 0.4467 0.0713 0.0317 0.0337 0.9964
1341848065.3468 0.0333 -0.2208 0.4477 0.0704 0.0307 0.0311 0.9966
1341848065.3828 0.0431 -0.2234 0.4471 0.0713 0.0299 0.0307 0.9965
1341848065.4149 0.0504 -0.2226 0.4469 0.0720 0.0290 0.0292 0.9966
1341848065.4467 0.0611 -0.2270 0.4484 0.0725 0.0272 0.0261 0.9967
1341848065.4828 0.0736 -0.2273 0.4470 0.0746 0.0269 0.0248 0.9965
1341848065.5147 0.0805 -0.2270 0.4487 0.0756 0.0267 0.0246 0.9965
1341848065.5469 0.0871 -0.2297 0.4511 0.0757 0.0254 0.0238 0.9965
1341848065.5827 0.0990 -0.2325 0.4504 0.0769 0.0245 0.0224 0.9965
1341848065.6148 0.1044 -0.2308 0.4512 0.0781 0.0242 0.0213 0.9964
1341848065.6829 0.1157 -0.2343 0.4534 0.0786 0.0199 0.0184 0.9965
1341848065.7148 0.1268 -0.2301 0.4507 0.0793 0.0175 0.0163 0.9966
1341848065.7507 0.1258 -0.2294 0.4530 0.0778 0.0162 0.0143 0.9967
1341848065.7827 0.1309 -0.2315 0.4529 0.0769 0.0117 0.0114 0.9969
1341848065.8147 0.1426 -0.2289 0.4511 0.0762 0.0085 0.0077 0.9970
1341848065.8507 0.1416 -0.2289 0.4535 0.0747 0.0081 0.0021 0.9972
1341848065.9187 0.1474 -0.2205 0.4503 0.0718 -0.0045 0.0005 0.9974
1341848065.9508 0.1539 -0.2210 0.4522 0.0672 -0.0101 -0.0031 0.9977
1341848065.9828 0.1519 -0.2268 0.4555 0.0645 -0.0132 -0.0068 0.9978
1341848066.0188 0.1625 -0.2211 0.4526 0.0645 -0.0190 -0.0105 0.9977
1341848066.0507 0.1692 -0.2197 0.4544 0.0615 -0.0222 -0.0142 0.9978
1341848066.0828 0.1677 -0.2231 0.4578 0.0593 -0.0241 -0.0148 0.9978
1341848066.1187 0.1715 -0.2224 0.4574 0.0588 -0.0285 -0.0152 0.9977
1341848066.1510 0.1831 -0.2215 0.4587 0.0572 -0.0333 -0.0172 0.9977
1341848066.1868 0.1855 -0.2236 0.4620 0.0546 -0.0335 -0.0165 0.9978
1341848066.2187 0.1851 -0.2265 0.4651 0.0538 -0.0364 -0.0172 0.9977
1341848066.2508 0.1993 -0.2276 0.4658 0.0536 -0.0409 -0.0185 0.9976
1341848066.2867 0.2043 -0.2298 0.4698 0.0526 -0.0414 -0.0204 0.9976
1341848066.3187 0.2050 -0.2359 0.4755 0.0532 -0.0416 -0.0214 0.9975
1341848066.3548 0.2165 -0.2371 0.4769 0.0548 -0.0440 -0.0216 0.9973
1341848066.3868 0.2209 -0.2416 0.4823 0.0552 -0.0440 -0.0225 0.9972
1341848066.4188 0.2213 -0.2445 0.4880 0.0573 -0.0443 -0.0223 0.9971
1341848066.4547 0.2335 -0.2460 0.4896 0.0594 -0.0487 -0.0233 0.9968
1341848066.4869 0.2429 -0.2470 0.4940 0.0596 -0.0510 -0.0251 0.9966
1341848066.5228 0.2437 -0.2516 0.5000 0.0591 -0.0517 -0.0272 0.9965
1341848066.5551 0.2503 -0.2544 0.5047 0.0606 -0.0548 -0.0304 0.9962
1341848066.6235 0.2637 -0.2624 0.5163 0.0624 -0.0555 -0.0390 0.9957
1341848066.6552 0.2712 -0.2648 0.5212 0.0645 -0.0575 -0.0418 0.9954
1341848066.6977 0.2823 -0.2665 0.5258 0.0656 -0.0587 -0.0445 0.9951
1341848066.7325 0.2831 -0.2747 0.5335 0.0661 -0.0580 -0.0475 0.9950
1341848066.7644 0.2933 -0.2781 0.5377 0.0692 -0.0594 -0.0498 0.9946
1341848066.7953 0.3038 -0.2774 0.5408 0.0722 -0.0595 -0.0538 0.9942
1341848066.8334 0.3043 -0.2805 0.5467 0.0732 -0.0593 -0.0573 0.9939
1341848066.8621 0.3181 -0.2807 0.5485 0.0746 -0.0621 -0.0586 0.9935
1341848066.9050 0.3252 -0.2792 0.5520 0.0741 -0.0623 -0.0605 0.9935
1341848066.9302 0.3236 -0.2851 0.5579 0.0730 -0.0625 -0.0620 0.9934
1341848066.9979 0.3486 -0.2848 0.5619 0.0727 -0.0647 -0.0661 0.9931
1341848067.0547 0.3570 -0.2910 0.5687 0.0721 -0.0663 -0.0697 0.9927
1341848067.0909 0.3596 -0.2933 0.5722 0.0717 -0.0645 -0.0718 0.9927
1341848067.1230 0.3548 -0.2998 0.5758 0.0729 -0.0638 -0.0727 0.9926
1341848067.1588 0.3664 -0.2980 0.5752 0.0765 -0.0662 -0.0722 0.9922
1341848067.1911 0.3702 -0.2963 0.5760 0.0771 -0.0662 -0.0722 0.9922
1341848067.2229 0.3730 -0.3007 0.5783 0.0770 -0.0672 -0.0706 0.9923
1341848067.2587 0.3831 -0.2990 0.5774 0.0784 -0.0682 -0.0687 0.9922
1341848067.3228 0.3864 -0.3013 0.5799 0.0774 -0.0674 -0.0638 0.9927
1341848067.3587 0.3990 -0.3009 0.5788 0.0775 -0.0700 -0.0608 0.9927
1341848067.3907 0.4050 -0.3013 0.5793 0.0765 -0.0684 -0.0584 0.9930
1341848067.4269 0.4025 -0.3024 0.5807 0.0765 -0.0662 -0.0558 0.9933
1341848067.4587 0.4133 -0.2995 0.5789 0.0768 -0.0671 -0.0528 0.9934
1341848067.4915 0.4199 -0.2973 0.5784 0.0747 -0.0654 -0.0503 0.9938
1341848067.5267 0.4182 -0.3010 0.5797 0.0731 -0.0630 -0.0495 0.9941
1341848067.5588 0.4286 -0.2989 0.5770 0.0734 -0.0631 -0.0493 0.9941
1341848067.5947 0.4313 -0.2992 0.5777 0.0725 -0.0595 -0.0507 0.9943
1341848067.6267 0.4254 -0.3036 0.5786 0.0733 -0.0559 -0.0514 0.9944
1341848067.6590 0.4347 -0.3033 0.5754 0.0762 -0.0564 -0.0509 0.9942
1341848067.6949 0.4390 -0.3022 0.5746 0.0773 -0.0545 -0.0498 0.9943
1341848067.7267 0.4363 -0.3051 0.5737 0.0792 -0.0531 -0.0474 0.9943
1341848067.7587 0.4477 -0.3036 0.5699 0.0818 -0.0543 -0.0458 0.9941
1341848067.7948 0.4508 -0.3019 0.5687 0.0824 -0.0518 -0.0439 0.9943
1341848067.8268 0.4484 -0.3054 0.5678 0.0831 -0.0503 -0.0413 0.9944
1341848067.8628 0.4596 -0.3014 0.5654 0.0852 -0.0507 -0.0396 0.9943
