1341847980.7869 -0.0034 -0.0010 0.0027 0.0000 0.0002 -0.0004 1.0000
1341847980.8230 -0.0027 -0.0019 0.0011 0.0006 -0.0001 -0.0012 1.0000
1341847980.8547 -0.0036 -0.0006 -0.0002 0.0010 0.0004 -0.0017 1.0000
1341847980.8907 -0.0061 -0.0008 0.0003 0.0011 0.0009 -0.0018 1.0000
1341847980.9230 -0.0070 -0.0010 -0.0013 0.0015 0.0008 -0.0026 1.0000
1341847980.9546 -0.0058 0.0004 -0.0033 0.0015 0.0009 -0.0028 1.0000
1341847980.9907 -0.0094 0.0004 -0.0006 0.0013 0.0017 -0.0026 1.0000
1341847981.0227 -0.0100 0.0003 -0.0033 0.0016 0.0016 -0.0028 1.0000
1341847981.0547 -0.0106 0.0008 -0.0024 0.0015 0.0016 -0.0028 1.0000
1341847981.0907 -0.0114 0.0007 -0.0028 0.0017 0.0023 -0.0030 1.0000
1341847981.1230 -0.0135 -0.0002 -0.0046 0.0019 0.0032 -0.0029 1.0000
1341847981.1586 -0.0160 0.0014 -0.0048 0.0017 0.0035 -0.0015 1.0000
1341847981.1906 -0.0175 0.0001 -0.0028 0.0011 0.0034 0.0002 1.0000
1341847981.2230 -0.0197 -0.0005 -0.0028 0.0019 0.0035 0.0022 1.0000
1341847981.2587 -0.0191 0.0013 -0.0057 0.0023 0.0025 0.0039 1.0000
1341847981.2908 -0.0193 -0.0002 -0.0053 0.0020 0.0024 0.0044 1.0000
1341847981.3229 -0.0208 0.0009 -0.0069 0.0027 0.0035 0.0042 1.0000
1341847981.3587 -0.0262 0.0017 -0.0084 0.0030 0.0049 0.0044 1.0000
1341847981.3908 -0.0327 0.0008 -0.0078 0.0028 0.0056 0.0053 1.0000
1341847981.4267 -0.0391 0.0001 -0.0090 0.0033 0.0059 0.0061 1.0000
1341847981.4588 -0.0395 0.0008 -0.0136 0.0034 0.0052 0.0069 1.0000
1341847981.4907 -0.0436 0.0013 -0.0129 0.0033 0.0057 0.0071 1.0000
1341847981.5270 -0.0500 0.0021 -0.0162 0.0040 0.0068 0.0066 0.9999
1341847981.5587 -0.0539 0.0034 -0.0180 0.0040 0.0075 0.0061 0.9999
1341847981.5949 -0.0621 0.0031 -0.0163 0.0046 0.0096 0.0056 0.9999
1341847981.6267 -0.0641 0.0043 -0.0219 0.0056 0.0098 0.0059 0.9999
1341847981.6587 -0.0688 0.0083 -0.0250 0.0050 0.0102 0.0056 0.9999
1341847981.6947 -0.0783 0.0053 -0.0224 0.0043 0.0120 0.0053 0.9999
1341847981.7266 -0.0793 0.0090 -0.0269 0.0043 0.0118 0.0059 0.9999
1341847981.7588 -0.0849 0.0111 -0.0280 0.0035 0.0121 0.0062 0.9999
1341847981.7947 -0.0879 0.0155 -0.0326 0.0030 0.0119 0.0058 0.9999
1341847981.8267 -0.0941 0.0159 -0.0310 0.0011 0.0128 0.0056 0.9999
1341847981.8627 -0.1053 0.0160 -0.0254 0.0012 0.0139 0.0053 0.9999
1341847981.8946 -0.1010 0.0167 -0.0379 0.0004 0.0111 0.0049 0.9999
1341847981.9266 -0.1137 0.0230 -0.0342 -0.0013 0.0120 0.0049 0.9999
1341847981.9948 -0.1187 0.0188 -0.0314 -0.0028 0.0114 0.0051 0.9999
1341847982.0627 -0.1357 0.0171 -0.0273 -0.0010 0.0124 0.0024 0.9999
1341847982.0948 -0.1366 0.0235 -0.0322 0.0010 0.0114 0.0014 0.9999
1341847982.1307 -0.1477 0.0165 -0.0239 0.0016 0.0122 0.0013 0.9999
1341847982.1627 -0.1436 0.0156 -0.0339 0.0041 0.0089 0.0019 1.0000
1341847982.1947 -0.1341 0.0161 -0.0443 0.0026 0.0063 0.0025 1.0000
1341847982.2306 -0.1433 0.0137 -0.0375 0.0010 0.0097 0.0028 0.9999
1341847982.2627 -0.1464 0.0083 -0.0354 0.0011 0.0120 0.0017 0.9999
1341847982.2950 -0.1497 0.0102 -0.0361 0.0019 0.0144 0.0012 0.9999
1341847982.3307 -0.1628 0.0105 -0.0310 0.0042 0.0178 0.0040 0.9998
1341847982.3989 -0.1724 0.0055 -0.0339 0.0080 0.0153 0.0086 0.9998
1341847982.4308 -0.1667 0.0089 -0.0405 0.0099 0.0142 0.0100 0.9998
1341847982.4626 -0.1649 0.0052 -0.0428 0.0098 0.0166 0.0106 0.9998
1341847982.4986 -0.1692 0.0075 -0.0464 0.0099 0.0197 0.0105 0.9997
1341847982.5308 -0.1798 0.0091 -0.0411 0.0088 0.0227 0.0110 0.9996
1341847982.5667 -0.1814 0.0136 -0.0460 0.0083 0.0240 0.0123 0.9996
1341847982.5987 -0.1869 0.0108 -0.0418 0.0049 0.0272 0.0134 0.9995
1341847982.6307 -0.1923 0.0093 -0.0402 0.0041 0.0300 0.0137 0.9994
1341847982.6666 -0.1962 0.0074 -0.0397 0.0024 0.0326 0.0146 0.9994
1341847982.6986 -0.1988 0.0071 -0.0368 0.0009 0.0353 0.0150 0.9993
1341847982.7307 -0.2088 0.0063 -0.0334 0.0001 0.0400 0.0151 0.9991
1341847982.7667 -0.2195 0.0043 -0.0297 0.0002 0.0431 0.0161 0.9989
1341847982.7987 -0.2280 0.0039 -0.0297 0.0003 0.0453 0.0176 0.9988
1341847982.8347 -0.2396 0.0001 -0.0243 0.0008 0.0475 0.0183 0.9987
1341847982.8667 -0.2566 -0.0013 -0.0232 0.0034 0.0501 0.0188 0.9986
1341847982.8987 -0.2646 0.0005 -0.0271 0.0051 0.0489 0.0204 0.9986
1341847982.9348 -0.2784 0.0072 -0.0295 0.0053 0.0478 0.0221 0.9986
1341847982.9667 -0.2776 0.0047 -0.0299 0.0036 0.0448 0.0231 0.9987
1341847982.9988 -0.2827 0.0016 -0.0322 0.0018 0.0456 0.0220 0.9987
1341847983.0347 -0.3025 0.0027 -0.0296 0.0007 0.0492 0.0214 0.9986
1341847983.0667 -0.3137 0.0053 -0.0289 0.0002 0.0493 0.0227 0.9985
1341847983.1028 -0.3203 0.0000 -0.0249 -0.0019 0.0487 0.0240 0.9985
1341847983.1347 -0.3333 -0.0040 -0.0210 -0.0017 0.0493 0.0252 0.9985
1341847983.1667 -0.3473 -0.0009 -0.0225 0.0001 0.0490 0.0260 0.9985
1341847983.2027 -0.3560 0.0010 -0.0252 0.0005 0.0474 0.0270 0.9985
1341847983.2347 -0.3606 -0.0003 -0.0297 -0.0006 0.0462 0.0277 0.9985
1341847983.2668 -0.3695 0.0041 -0.0332 -0.0021 0.0471 0.0271 0.9985
1341847983.3027 -0.3749 -0.0002 -0.0307 -0.0053 0.0485 0.0265 0.9985
1341847983.3347 -0.3875 -0.0020 -0.0269 -0.0067 0.0520 0.0256 0.9983
1341847983.3709 -0.3993 -0.0024 -0.0206 -0.0065 0.0550 0.0255 0.9981
1341847983.4027 -0.4123 -0.0035 -0.0217 -0.0057 0.0561 0.0264 0.9981
1341847983.4347 -0.4251 -0.0029 -0.0261 -0.0067 0.0555 0.0285 0.9980
1341847983.4707 -0.4297 -0.0054 -0.0214 -0.0072 0.0546 0.0282 0.9981
1341847983.5028 -0.4304 -0.0097 -0.0259 -0.0066 0.0557 0.0259 0.9981
1341847983.5348 -0.4469 -0.0047 -0.0309 -0.0052 0.0611 0.0242 0.9978
1341847983.5707 -0.4640 -0.0034 -0.0257 -0.0055 0.0644 0.0245 0.9976
1341847983.6027 -0.4764 -0.0076 -0.0252 -0.0048 0.0655 0.0253 0.9975
1341847983.6387 -0.4803 -0.0120 -0.0296 -0.0041 0.0652 0.0258 0.9975
1341847983.7029 -0.5138 -0.0124 -0.0321 0.0006 0.0693 0.0272 0.9972
1341847983.7387 -0.5247 -0.0099 -0.0381 0.0019 0.0683 0.0290 0.9972
1341847983.7707 -0.5348 -0.0111 -0.0406 0.0028 0.0675 0.0308 0.9972
1341847983.8067 -0.5520 -0.0100 -0.0382 0.0049 0.0700 0.0306 0.9971
1341847983.8387 -0.5669 -0.0093 -0.0405 0.0085 0.0711 0.0307 0.9970
1341847983.8707 -0.5805 -0.0030 -0.0489 0.0106 0.0697 0.0332 0.9970
1341847983.9067 -0.5962 -0.0026 -0.0476 0.0111 0.0679 0.0363 0.9970
1341847983.9388 -0.6022 0.0009 -0.0583 0.0115 0.0655 0.0374 0.9971
1341847983.9708 -0.6126 0.0018 -0.0594 0.0099 0.0669 0.0364 0.9970
1341847984.0067 -0.6257 0.0046 -0.0586 0.0094 0.0691 0.0356 0.9969
1341847984.0387 -0.6362 0.0058 -0.0636 0.0078 0.0710 0.0352 0.9968
1341847984.0747 -0.6468 0.0127 -0.0687 0.0060 0.0732 0.0340 0.9967
1341847984.1068 -0.6677 0.0170 -0.0610 0.0026 0.0773 0.0331 0.9965
1341847984.1387 -0.6846 0.0138 -0.0506 0.0011 0.0799 0.0318 0.9963
1341847984.1748 -0.6884 0.0200 -0.0656 -0.0007 0.0787 0.0300 0.9964
1341847984.2067 -0.7107 0.0222 -0.0501 -0.0046 0.0821 0.0287 0.9962
1341847984.2387 -0.7289 0.0244 -0.0433 -0.0052 0.0822 0.0295 0.9962
1341847984.2748 -0.7351 0.0280 -0.0443 -0.0071 0.0798 0.0303 0.9963
1341847984.3067 -0.7454 0.0270 -0.0399 -0.0095 0.0802 0.0301 0.9963
1341847984.3431 -0.7610 0.0301 -0.0291 -0.0111 0.0805 0.0306 0.9962
1341847984.4067 -0.7835 0.0334 -0.0183 -0.0143 0.0773 0.0337 0.9963
1341847984.4429 -0.7917 0.0293 -0.0071 -0.0162 0.0770 0.0348 0.9963
1341847984.4746 -0.8010 0.0292 -0.0010 -0.0158 0.0773 0.0344 0.9963
1341847984.5067 -0.8123 0.0254 0.0086 -0.0172 0.0784 0.0337 0.9962
1341847984.5427 -0.8181 0.0238 0.0128 -0.0175 0.0799 0.0342 0.9961
1341847984.5748 -0.8269 0.0255 0.0246 -0.0185 0.0828 0.0349 0.9958
1341847984.6108 -0.8445 0.0190 0.0479 -0.0179 0.0849 0.0342 0.9956
1341847984.6427 -0.8519 0.0171 0.0548 -0.0150 0.0833 0.0356 0.9958
1341847984.6748 -0.8585 0.0147 0.0610 -0.0145 0.0827 0.0367 0.9958
1341847984.7107 -0.8703 0.0065 0.0805 -0.0138 0.0833 0.0365 0.9958
1341847984.7434 -0.8782 0.0048 0.0889 -0.0105 0.0825 0.0367 0.9959
1341847984.7789 -0.8860 -0.0001 0.0946 -0.0104 0.0829 0.0372 0.9958
1341847984.8106 -0.8970 -0.0047 0.1148 -0.0093 0.0843 0.0393 0.9956
1341847984.8427 -0.9035 -0.0121 0.1296 -0.0068 0.0845 0.0410 0.9956
1341847984.8788 -0.9112 -0.0140 0.1350 -0.0043 0.0849 0.0425 0.9955
1341847984.9106 -0.9225 -0.0162 0.1421 -0.0041 0.0854 0.0448 0.9953
1341847984.9431 -0.9259 -0.0231 0.1549 -0.0058 0.0830 0.0487 0.9953
1341847984.9792 -0.9298 -0.0285 0.1645 -0.0070 0.0808 0.0515 0.9954
1341847985.0106 -0.9318 -0.0302 0.1722 -0.0088 0.0805 0.0525 0.9953
1341847985.0466 -0.9341 -0.0380 0.1869 -0.0120 0.0834 0.0534 0.9950
1341847985.0787 -0.9389 -0.0436 0.1997 -0.0128 0.0870 0.0531 0.9947
1341847985.1108 -0.9457 -0.0489 0.2104 -0.0141 0.0903 0.0544 0.9943
1341847985.1468 -0.9490 -0.0558 0.2215 -0.0149 0.0929 0.0562 0.9940
1341847985.1787 -0.9529 -0.0620 0.2363 -0.0151 0.0963 0.0574 0.9936
1341847985.2108 -0.9565 -0.0701 0.2486 -0.0142 0.0986 0.0576 0.9934
1341847985.2467 -0.9614 -0.0745 0.2521 -0.0136 0.1016 0.0581 0.9930
1341847985.2789 -0.9659 -0.0811 0.2668 -0.0141 0.1051 0.0583 0.9927
1341847985.3146 -0.9711 -0.0898 0.2798 -0.0129 0.1084 0.0582 0.9923
1341847985.3468 -0.9759 -0.0944 0.2829 -0.0120 0.1102 0.0582 0.9921
1341847985.3788 -0.9808 -0.0985 0.2915 -0.0131 0.1116 0.0584 0.9919
1341847985.4146 -0.9849 -0.1050 0.3070 -0.0138 0.1148 0.0591 0.9915
1341847985.4469 -0.9892 -0.1121 0.3185 -0.0133 0.1173 0.0590 0.9913
1341847985.4787 -0.9947 -0.1152 0.3259 -0.0125 0.1190 0.0600 0.9910
1341847985.5147 -0.9975 -0.1214 0.3363 -0.0137 0.1205 0.0609 0.9908
1341847985.5468 -1.0018 -0.1268 0.3495 -0.0143 0.1235 0.0618 0.9903
1341847985.5826 -1.0090 -0.1316 0.3654 -0.0131 0.1274 0.0628 0.9898
1341847985.6148 -1.0155 -0.1342 0.3782 -0.0109 0.1298 0.0645 0.9894
1341847985.6471 -1.0188 -0.1442 0.3911 -0.0100 0.1319 0.0666 0.9890
1341847985.6828 -1.0272 -0.1465 0.4047 -0.0068 0.1351 0.0688 0.9884
1341847985.7147 -1.0329 -0.1546 0.4190 -0.0038 0.1367 0.0719 0.9880
1341847985.7470 -1.0393 -0.1606 0.4264 -0.0005 0.1381 0.0745 0.9876
1341847985.7828 -1.0459 -0.1643 0.4390 0.0033 0.1410 0.0765 0.9870
1341847985.8147 -1.0543 -0.1699 0.4554 0.0104 0.1440 0.0800 0.9863
1341847985.8507 -1.0588 -0.1761 0.4557 0.0164 0.1444 0.0828 0.9859
1341847985.8828 -1.0650 -0.1800 0.4543 0.0158 0.1447 0.0859 0.9856
1341847985.9150 -1.0701 -0.1872 0.4678 0.0131 0.1477 0.0889 0.9849
1341847985.9508 -1.0725 -0.1964 0.4793 0.0119 0.1522 0.0886 0.9843
1341847985.9827 -1.0803 -0.2004 0.4903 0.0130 0.1576 0.0882 0.9835
1341847986.0188 -1.0866 -0.2048 0.4997 0.0137 0.1605 0.0903 0.9828
1341847986.0520 -1.0894 -0.2121 0.5094 0.0126 0.1615 0.0935 0.9824
1341847986.0826 -1.0944 -0.2172 0.5200 0.0127 0.1631 0.0949 0.9820
1341847986.1187 -1.0964 -0.2228 0.5262 0.0115 0.1655 0.0948 0.9816
1341847986.1506 -1.1003 -0.2276 0.5340 0.0094 0.1701 0.0953 0.9808
1341847986.1826 -1.1038 -0.2362 0.5529 0.0084 0.1747 0.0962 0.9799
1341847986.2187 -1.1066 -0.2433 0.5630 0.0099 0.1774 0.0967 0.9793
1341847986.2506 -1.1109 -0.2483 0.5718 0.0113 0.1803 0.0985 0.9786
1341847986.2867 -1.1124 -0.2572 0.5839 0.0121 0.1833 0.1002 0.9779
1341847986.3262 -1.1145 -0.2644 0.5956 0.0143 0.1867 0.1015 0.9771
1341847986.3592 -1.1175 -0.2708 0.6033 0.0163 0.1899 0.1031 0.9762
1341847986.3945 -1.1211 -0.2747 0.6148 0.0166 0.1928 0.1050 0.9755
1341847986.4259 -1.1213 -0.2813 0.6254 0.0164 0.1956 0.1064 0.9748
1341847986.4577 -1.1225 -0.2855 0.6351 0.0159 0.1988 0.1074 0.9740
1341847986.4937 -1.1269 -0.2909 0.6522 0.0155 0.2026 0.1089 0.9731
1341847986.5258 -1.1280 -0.2983 0.6634 0.0159 0.2044 0.1101 0.9725
1341847986.5617 -1.1300 -0.3015 0.6729 0.0155 0.2066 0.1108 0.9720
1341847986.5937 -1.1329 -0.3125 0.6900 0.0127 0.2107 0.1110 0.9711
1341847986.6257 -1.1351 -0.3203 0.7071 0.0136 0.2146 0.1116 0.9702
1341847986.6619 -1.1358 -0.3216 0.7145 0.0156 0.2159 0.1142 0.9696
1341847986.6937 -1.1398 -0.3232 0.7283 0.0168 0.2173 0.1184 0.9687
1341847986.7259 -1.1396 -0.3294 0.7394 0.0172 0.2170 0.1241 0.9681
1341847986.7626 -1.1407 -0.3339 0.7465 0.0161 0.2170 0.1277 0.9677
1341847986.7938 -1.1418 -0.3386 0.7561 0.0127 0.2189 0.1301 0.9669
1341847986.8298 -1.1438 -0.3478 0.7724 0.0095 0.2226 0.1319 0.9659
1341847986.8867 -1.1490 -0.3535 0.7944 0.0082 0.2242 0.1371 0.9648
1341847986.9227 -1.1501 -0.3595 0.8058 0.0057 0.2245 0.1405 0.9643
1341847986.9547 -1.1516 -0.3667 0.8175 0.0032 0.2264 0.1420 0.9636
1341847986.9906 -1.1535 -0.3717 0.8303 0.0019 0.2291 0.1431 0.9628
1341847987.0229 -1.1554 -0.3757 0.8398 0.0016 0.2311 0.1453 0.9620
1341847987.0546 -1.1577 -0.3782 0.8491 0.0002 0.2320 0.1479 0.9614
1341847987.0912 -1.1588 -0.3847 0.8606 -0.0023 0.2333 0.1496 0.9608
1341847987.1232 -1.1595 -0.3901 0.8724 -0.0036 0.2366 0.1494 0.9600
1341847987.1907 -1.1630 -0.3951 0.8914 -0.0069 0.2466 0.1473 0.9578
1341847987.2593 -1.1695 -0.4010 0.9152 -0.0087 0.2537 0.1498 0.9556
1341847987.2907 -1.1710 -0.4070 0.9247 -0.0103 0.2586 0.1494 0.9543
1341847987.3228 -1.1712 -0.4130 0.9346 -0.0112 0.2645 0.1482 0.9529
1341847987.3907 -1.1801 -0.4201 0.9592 -0.0065 0.2775 0.1436 0.9499
1341847987.4228 -1.1834 -0.4207 0.9652 -0.0034 0.2835 0.1420 0.9484
1341847987.4586 -1.1910 -0.4190 0.9829 0.0008 0.2904 0.1421 0.9463
1341847987.4908 -1.1956 -0.4162 0.9920 0.0074 0.2934 0.1441 0.9450
1341847987.5268 -1.2013 -0.4123 0.9903 0.0090 0.2948 0.1468 0.9442
1341847987.5587 -1.2051 -0.4227 1.0117 0.0062 0.3010 0.1483 0.9420
1341847987.5908 -1.2111 -0.4177 1.0211 0.0124 0.3056 0.1507 0.9401
1341847987.6269 -1.2172 -0.4124 1.0260 0.0156 0.3077 0.1548 0.9387
1341847987.6589 -1.2217 -0.4125 1.0375 0.0153 0.3101 0.1578 0.9374
1341847987.6916 -1.2272 -0.4120 1.0492 0.0157 0.3122 0.1596 0.9364
1341847987.7267 -1.2322 -0.4132 1.0629 0.0162 0.3131 0.1617 0.9357
1341847987.7587 -1.2367 -0.4128 1.0702 0.0177 0.3134 0.1658 0.9349
1341847987.7947 -1.2419 -0.4140 1.0823 0.0177 0.3141 0.1693 0.9340
1341847987.8267 -1.2479 -0.4146 1.0933 0.0190 0.3142 0.1728 0.9333
1341847987.8659 -1.2525 -0.4176 1.1036 0.0183 0.3138 0.1745 0.9331
1341847987.8978 -1.2586 -0.4188 1.1156 0.0200 0.3146 0.1766 0.9324
1341847987.9337 -1.2637 -0.4226 1.1271 0.0209 0.3139 0.1771 0.9325
1341847987.9658 -1.2677 -0.4270 1.1355 0.0224 0.3143 0.1746 0.9328
1341847987.9978 -1.2726 -0.4275 1.1412 0.0243 0.3146 0.1730 0.9330
1341847988.0338 -1.2778 -0.4345 1.1554 0.0240 0.3174 0.1690 0.9328
1341847988.0657 -1.2836 -0.4359 1.1649 0.0275 0.3187 0.1654 0.9329
1341847988.0982 -1.2877 -0.4377 1.1712 0.0299 0.3193 0.1613 0.9333
1341847988.1338 -1.2920 -0.4409 1.1797 0.0307 0.3221 0.1577 0.9330
1341847988.1658 -1.2984 -0.4351 1.1861 0.0356 0.3231 0.1583 0.9324
1341847988.2017 -1.3034 -0.4315 1.1913 0.0364 0.3211 0.1623 0.9323
1341847988.2338 -1.3046 -0.4383 1.2007 0.0323 0.3207 0.1642 0.9323
1341847988.2657 -1.3054 -0.4438 1.2107 0.0307 0.3228 0.1638 0.9317
1341847988.3018 -1.3098 -0.4386 1.2152 0.0328 0.3239 0.1652 0.9310
1341847988.3337 -1.3127 -0.4369 1.2230 0.0318 0.3240 0.1688 0.9303
1341847988.3697 -1.3147 -0.4382 1.2335 0.0308 0.3252 0.1713 0.9295
1341847988.4017 -1.3186 -0.4358 1.2411 0.0327 0.3257 0.1749 0.9286
1341847988.4340 -1.3200 -0.4398 1.2489 0.0310 0.3251 0.1778 0.9283
1341847988.4697 -1.3213 -0.4446 1.2552 0.0305 0.3272 0.1769 0.9277
1341847988.5025 -1.3262 -0.4398 1.2565 0.0330 0.3294 0.1778 0.9267
1341847988.5378 -1.3318 -0.4336 1.2611 0.0348 0.3301 0.1821 0.9256
1341847988.5697 -1.3353 -0.4355 1.2674 0.0321 0.3288 0.1842 0.9257
1341847988.6018 -1.3379 -0.4383 1.2679 0.0290 0.3294 0.1834 0.9258
1341847988.6378 -1.3417 -0.4398 1.2735 0.0255 0.3318 0.1820 0.9253
1341847988.6698 -1.3462 -0.4388 1.2787 0.0245 0.3338 0.1808 0.9248
1341847988.7062 -1.3515 -0.4399 1.2814 0.0226 0.3352 0.1808 0.9243
1341847988.7379 -1.3565 -0.4398 1.2860 0.0228 0.3368 0.1832 0.9233
1341847988.7697 -1.3609 -0.4415 1.2895 0.0234 0.3369 0.1873 0.9224
1341847988.8061 -1.3670 -0.4461 1.2922 0.0232 0.3375 0.1892 0.9218
1341847988.8379 -1.3746 -0.4459 1.2895 0.0231 0.3386 0.1910 0.9210
1341847988.8739 -1.3798 -0.4523 1.2951 0.0191 0.3417 0.1909 0.9200
1341847988.9378 -1.3961 -0.4550 1.2984 0.0186 0.3460 0.1935 0.9179
1341847988.9987 -1.4116 -0.4591 1.3050 0.0172 0.3486 0.1992 0.9157
1341847989.0347 -1.4223 -0.4606 1.3051 0.0158 0.3485 0.2011 0.9153
1341847989.0667 -1.4281 -0.4676 1.3103 0.0126 0.3499 0.2011 0.9149
1341847989.0988 -1.4371 -0.4716 1.3183 0.0142 0.3515 0.2003 0.9144
1341847989.1347 -1.4478 -0.4738 1.3183 0.0185 0.3510 0.2008 0.9144
1341847989.1667 -1.4572 -0.4820 1.3206 0.0197 0.3509 0.2016 0.9142
1341847989.2027 -1.4684 -0.4848 1.3223 0.0233 0.3492 0.2024 0.9146
1341847989.2347 -1.4790 -0.4898 1.3226 0.0254 0.3467 0.2023 0.9156
1341847989.2667 -1.4886 -0.4975 1.3236 0.0247 0.3454 0.2000 0.9166
1341847989.3028 -1.4997 -0.5029 1.3251 0.0234 0.3442 0.1958 0.9180
1341847989.3349 -1.5111 -0.5065 1.3250 0.0220 0.3429 0.1916 0.9194
1341847989.3667 -1.5192 -0.5137 1.3255 0.0178 0.3423 0.1866 0.9207
1341847989.4028 -1.5269 -0.5189 1.3285 0.0151 0.3438 0.1817 0.9212
1341847989.4348 -1.5361 -0.5213 1.3307 0.0170 0.3444 0.1781 0.9216
1341847989.4707 -1.5470 -0.5254 1.3250 0.0157 0.3436 0.1757 0.9224
1341847989.5026 -1.5543 -0.5289 1.3274 0.0138 0.3447 0.1763 0.9219
1341847989.5347 -1.5627 -0.5317 1.3307 0.0150 0.3447 0.1777 0.9216
1341847989.5707 -1.5700 -0.5373 1.3262 0.0136 0.3435 0.1778 0.9221
1341847989.6028 -1.5747 -0.5447 1.3308 0.0108 0.3464 0.1771 0.9212
1341847989.6347 -1.5830 -0.5484 1.3312 0.0119 0.3500 0.1738 0.9204
1341847989.6706 -1.5943 -0.5469 1.3283 0.0128 0.3525 0.1732 0.9196
1341847989.7026 -1.6012 -0.5509 1.3322 0.0109 0.3541 0.1735 0.9189
1341847989.7389 -1.6095 -0.5542 1.3321 0.0102 0.3564 0.1724 0.9182
1341847989.7707 -1.6199 -0.5552 1.3315 0.0090 0.3586 0.1722 0.9174
1341847989.8029 -1.6284 -0.5561 1.3330 0.0083 0.3600 0.1728 0.9168
1341847989.8388 -1.6384 -0.5585 1.3346 0.0078 0.3614 0.1740 0.9160
1341847989.8710 -1.6467 -0.5639 1.3384 0.0074 0.3643 0.1723 0.9152
1341847989.9027 -1.6610 -0.5629 1.3374 0.0102 0.3666 0.1726 0.9142
1341847989.9389 -1.6739 -0.5638 1.3389 0.0117 0.3660 0.1764 0.9137
1341847989.9707 -1.6843 -0.5692 1.3397 0.0123 0.3648 0.1779 0.9138
1341847990.0069 -1.6965 -0.5742 1.3366 0.0116 0.3661 0.1770 0.9135
1341847990.0390 -1.7089 -0.5751 1.3385 0.0119 0.3684 0.1766 0.9127
1341847990.0707 -1.7217 -0.5766 1.3395 0.0132 0.3687 0.1759 0.9127
1341847990.1067 -1.7339 -0.5801 1.3381 0.0131 0.3689 0.1760 0.9126
1341847990.1392 -1.7450 -0.5827 1.3402 0.0135 0.3700 0.1767 0.9120
1341847990.1711 -1.7574 -0.5848 1.3421 0.0161 0.3693 0.1779 0.9120
1341847990.2070 -1.7705 -0.5868 1.3388 0.0185 0.3668 0.1791 0.9127
1341847990.2389 -1.7830 -0.5888 1.3385 0.0185 0.3661 0.1805 0.9127
1341847990.2747 -1.7929 -0.5924 1.3430 0.0194 0.3660 0.1812 0.9126
1341847990.3067 -1.8063 -0.5946 1.3392 0.0201 0.3647 0.1804 0.9133
1341847990.3391 -1.8176 -0.5961 1.3418 0.0189 0.3651 0.1805 0.9131
1341847990.3747 -1.8275 -0.5981 1.3456 0.0191 0.3653 0.1804 0.9131
1341847990.4068 -1.8411 -0.5987 1.3431 0.0191 0.3641 0.1805 0.9135
1341847990.4426 -1.8503 -0.5999 1.3457 0.0167 0.3640 0.1829 0.9131
1341847990.4746 -1.8574 -0.6025 1.3513 0.0167 0.3640 0.1830 0.9131
1341847990.5068 -1.8685 -0.6025 1.3476 0.0164 0.3638 0.1827 0.9132
1341847990.5428 -1.8767 -0.6033 1.3518 0.0150 0.3649 0.1860 0.9121
1341847990.5747 -1.8833 -0.6034 1.3550 0.0159 0.3646 0.1891 0.9116
1341847990.6428 -1.9003 -0.6086 1.3565 0.0133 0.3669 0.1904 0.9105
1341847990.6748 -1.9086 -0.6085 1.3598 0.0136 0.3689 0.1929 0.9091
1341847990.7108 -1.9183 -0.6084 1.3616 0.0157 0.3689 0.1964 0.9083
1341847990.7427 -1.9281 -0.6103 1.3608 0.0152 0.3685 0.2006 0.9076
1341847990.7747 -1.9308 -0.6141 1.3672 0.0143 0.3693 0.2036 0.9066
1341847990.8108 -1.9392 -0.6168 1.3695 0.0159 0.3717 0.2039 0.9055
1341847990.8427 -1.9492 -0.6175 1.3687 0.0160 0.3731 0.2055 0.9046
1341847990.8747 -1.9542 -0.6210 1.3734 0.0146 0.3748 0.2067 0.9036
1341847990.9108 -1.9609 -0.6238 1.3761 0.0143 0.3769 0.2070 0.9027
1341847990.9427 -1.9683 -0.6263 1.3771 0.0129 0.3793 0.2069 0.9018
1341847990.9788 -1.9730 -0.6293 1.3828 0.0116 0.3822 0.2070 0.9005
1341847991.0108 -1.9777 -0.6318 1.3874 0.0127 0.3839 0.2073 0.8997
1341847991.0428 -1.9846 -0.6350 1.3890 0.0128 0.3857 0.2081 0.8987
1341847991.0787 -1.9904 -0.6385 1.3953 0.0132 0.3881 0.2100 0.8973
1341847991.1113 -1.9966 -0.6427 1.3984 0.0147 0.3893 0.2121 0.8962
1341847991.1428 -2.0031 -0.6467 1.4016 0.0146 0.3908 0.2127 0.8954
1341847991.1788 -2.0087 -0.6500 1.4082 0.0146 0.3934 0.2136 0.8941
1341847991.2107 -2.0150 -0.6542 1.4158 0.0159 0.3958 0.2140 0.8929
1341847991.2468 -2.0244 -0.6574 1.4199 0.0163 0.3975 0.2134 0.8923
1341847991.2787 -2.0300 -0.6609 1.4275 0.0167 0.4000 0.2144 0.8909
1341847991.3108 -2.0387 -0.6630 1.4346 0.0197 0.4022 0.2161 0.8895
1341847991.3467 -2.0514 -0.6636 1.4379 0.0234 0.4005 0.2208 0.8890
1341847991.3788 -2.0602 -0.6668 1.4405 0.0233 0.3982 0.2272 0.8884
1341847991.4147 -2.0618 -0.6739 1.4499 0.0199 0.3990 0.2306 0.8872
1341847991.4467 -2.0680 -0.6776 1.4547 0.0179 0.4010 0.2313 0.8862
1341847991.4788 -2.0734 -0.6801 1.4605 0.0162 0.4039 0.2323 0.8847
1341847991.5147 -2.0784 -0.6837 1.4699 0.0151 0.4072 0.2337 0.8828
1341847991.5467 -2.0855 -0.6852 1.4742 0.0163 0.4087 0.2373 0.8812
1341847991.5788 -2.0913 -0.6890 1.4758 0.0165 0.4098 0.2422 0.8793
1341847991.6149 -2.0929 -0.6934 1.4810 0.0168 0.4119 0.2471 0.8770
1341847991.6467 -2.0951 -0.6980 1.4850 0.0179 0.4156 0.2512 0.8740
1341847991.6899 -2.0976 -0.7035 1.4880 0.0179 0.4210 0.2534 0.8708
1341847991.7468 -2.1092 -0.7099 1.4905 0.0194 0.4282 0.2573 0.8661
1341847991.7827 -2.1119 -0.7148 1.4938 0.0183 0.4309 0.2602 0.8639
1341847991.8147 -2.1112 -0.7209 1.4995 0.0167 0.4346 0.2608 0.8619
1341847991.8467 -2.1120 -0.7275 1.5023 0.0165 0.4390 0.2596 0.8600
1341847991.8828 -2.1216 -0.7282 1.5038 0.0173 0.4431 0.2597 0.8579
1341847991.9158 -2.1247 -0.7335 1.5105 0.0175 0.4450 0.2621 0.8561
1341847991.9508 -2.1289 -0.7395 1.5148 0.0173 0.4470 0.2621 0.8551
1341847991.9828 -2.1316 -0.7459 1.5179 0.0156 0.4501 0.2607 0.8540
1341847992.0147 -2.1348 -0.7509 1.5232 0.0146 0.4539 0.2600 0.8521
1341847992.0506 -2.1449 -0.7536 1.5270 0.0147 0.4565 0.2597 0.8509
1341847992.0828 -2.1479 -0.7594 1.5350 0.0133 0.4579 0.2600 0.8500
1341847992.1148 -2.1533 -0.7640 1.5408 0.0127 0.4603 0.2595 0.8489
1341847992.1508 -2.1579 -0.7683 1.5473 0.0126 0.4627 0.2598 0.8475
1341847992.1828 -2.1674 -0.7722 1.5536 0.0130 0.4644 0.2605 0.8464
1341847992.2187 -2.1715 -0.7769 1.5614 0.0132 0.4660 0.2619 0.8451
1341847992.2507 -2.1795 -0.7819 1.5646 0.0132 0.4690 0.2620 0.8433
1341847992.3187 -2.1945 -0.7902 1.5804 0.0142 0.4767 0.2630 0.8387
1341847992.3507 -2.2044 -0.7946 1.5858 0.0144 0.4792 0.2644 0.8368
1341847992.3829 -2.2116 -0.7987 1.5932 0.0151 0.4816 0.2669 0.8346
1341847992.4189 -2.2191 -0.8034 1.5986 0.0170 0.4840 0.2702 0.8321
1341847992.4508 -2.2288 -0.8079 1.6042 0.0174 0.4866 0.2718 0.8301
1341847992.4867 -2.2380 -0.8112 1.6102 0.0186 0.4884 0.2754 0.8278
1341847992.5187 -2.2443 -0.8177 1.6182 0.0191 0.4903 0.2775 0.8260
1341847992.5506 -2.2561 -0.8217 1.6228 0.0199 0.4921 0.2780 0.8247
1341847992.5867 -2.2676 -0.8264 1.6288 0.0187 0.4936 0.2790 0.8235
1341847992.6188 -2.2750 -0.8315 1.6362 0.0178 0.4950 0.2803 0.8222
1341847992.6547 -2.2853 -0.8352 1.6438 0.0175 0.4964 0.2820 0.8208
1341847992.6868 -2.2911 -0.8397 1.6512 0.0170 0.4974 0.2827 0.8200
1341847992.7187 -2.2960 -0.8454 1.6596 0.0168 0.4993 0.2823 0.8190
1341847992.7548 -2.3079 -0.8482 1.6642 0.0180 0.5009 0.2832 0.8177
1341847992.7866 -2.3166 -0.8527 1.6712 0.0182 0.5012 0.2845 0.8170
1341847992.8187 -2.3233 -0.8567 1.6752 0.0172 0.5018 0.2839 0.8169
1341847992.8549 -2.3323 -0.8596 1.6810 0.0151 0.5040 0.2833 0.8158
1341847992.8866 -2.3374 -0.8625 1.6890 0.0134 0.5054 0.2848 0.8144
1341847992.9227 -2.3410 -0.8663 1.6954 0.0131 0.5061 0.2860 0.8136
1341847992.9546 -2.3464 -0.8707 1.7014 0.0121 0.5074 0.2865 0.8126
1341847992.9867 -2.3477 -0.8743 1.7108 0.0123 0.5094 0.2876 0.8110
1341847993.0227 -2.3572 -0.8775 1.7148 0.0130 0.5105 0.2881 0.8101
1341847993.0548 -2.3591 -0.8817 1.7239 0.0119 0.5111 0.2895 0.8092
1341847993.0868 -2.3635 -0.8860 1.7314 0.0102 0.5126 0.2892 0.8084
1341847993.1227 -2.3688 -0.8900 1.7370 0.0082 0.5141 0.2891 0.8075
1341847993.1547 -2.3712 -0.8929 1.7461 0.0066 0.5160 0.2889 0.8064
1341847993.1908 -2.3713 -0.8969 1.7549 0.0062 0.5185 0.2893 0.8046
1341847993.2227 -2.3751 -0.9003 1.7617 0.0091 0.5206 0.2909 0.8027
1341847993.2618 -2.3806 -0.9045 1.7707 0.0120 0.5217 0.2927 0.8012
1341847993.3228 -2.3858 -0.9170 1.7854 0.0153 0.5250 0.2950 0.7982
1341847993.3547 -2.3921 -0.9222 1.7931 0.0157 0.5274 0.2958 0.7963
1341847993.3907 -2.3922 -0.9271 1.8023 0.0150 0.5296 0.2964 0.7946
1341847993.4227 -2.3943 -0.9309 1.8118 0.0145 0.5325 0.2969 0.7925
1341847993.4588 -2.3944 -0.9357 1.8218 0.0150 0.5350 0.2980 0.7904
1341847993.4907 -2.3996 -0.9399 1.8313 0.0171 0.5368 0.3001 0.7883
1341847993.5227 -2.4070 -0.9442 1.8400 0.0191 0.5380 0.3031 0.7863
1341847993.5587 -2.4112 -0.9489 1.8486 0.0193 0.5381 0.3074 0.7846
1341847993.5910 -2.4153 -0.9541 1.8619 0.0186 0.5387 0.3099 0.7832
1341847993.6268 -2.4193 -0.9589 1.8708 0.0171 0.5387 0.3120 0.7824
1341847993.6589 -2.4274 -0.9622 1.8788 0.0146 0.5389 0.3140 0.7815
1341847993.6907 -2.4258 -0.9678 1.8916 0.0099 0.5386 0.3165 0.7808
1341847993.7271 -2.4200 -0.9740 1.9023 0.0062 0.5398 0.3164 0.7800
1341847993.7909 -2.4242 -0.9838 1.9207 0.0027 0.5462 0.3150 0.7761
1341847993.8267 -2.4258 -0.9894 1.9303 0.0025 0.5464 0.3162 0.7755
1341847993.8589 -2.4301 -0.9956 1.9360 0.0013 0.5467 0.3163 0.7752
1341847993.9017 -2.4280 -1.0004 1.9457 -0.0017 0.5481 0.3161 0.7744
1341847993.9337 -2.4277 -1.0074 1.9548 -0.0012 0.5498 0.3165 0.7730
1341847993.9658 -2.4341 -1.0139 1.9593 -0.0026 0.5506 0.3157 0.7727
1341847994.0020 -2.4288 -1.0188 1.9659 -0.0058 0.5532 0.3153 0.7711
1341847994.0340 -2.4242 -1.0268 1.9758 -0.0052 0.5569 0.3148 0.7686
1341847994.0657 -2.4354 -1.0331 1.9780 -0.0030 0.5587 0.3145 0.7674
1341847994.1018 -2.4345 -1.0378 1.9867 -0.0030 0.5608 0.3154 0.7655
1341847994.1339 -2.4305 -1.0441 1.9947 -0.0018 0.5633 0.3148 0.7639
1341847994.1697 -2.4392 -1.0510 1.9969 0.0010 0.5656 0.3148 0.7622
1341847994.2017 -2.4416 -1.0547 2.0035 0.0028 0.5672 0.3169 0.7602
1341847994.2336 -2.4387 -1.0618 2.0121 0.0065 0.5689 0.3192 0.7579
1341847994.2697 -2.4490 -1.0698 2.0156 0.0094 0.5713 0.3183 0.7564
1341847994.3018 -2.4539 -1.0744 2.0226 0.0092 0.5735 0.3188 0.7546
1341847994.3338 -2.4516 -1.0804 2.0333 0.0112 0.5764 0.3194 0.7521
1341847994.3697 -2.4621 -1.0878 2.0398 0.0139 0.5790 0.3185 0.7504
1341847994.4017 -2.4650 -1.0942 2.0483 0.0151 0.5806 0.3193 0.7488
1341847994.4338 -2.4688 -1.1019 2.0590 0.0182 0.5822 0.3211 0.7467
1341847994.4697 -2.4781 -1.1092 2.0680 0.0207 0.5834 0.3217 0.7454
1341847994.5017 -2.4841 -1.1153 2.0780 0.0217 0.5847 0.3231 0.7438
1341847994.5377 -2.4871 -1.1218 2.0891 0.0232 0.5862 0.3244 0.7420
1341847994.5697 -2.4979 -1.1279 2.0974 0.0250 0.5876 0.3259 0.7402
1341847994.6017 -2.5047 -1.1338 2.1059 0.0241 0.5886 0.3286 0.7383
1341847994.6378 -2.5031 -1.1381 2.1163 0.0236 0.5898 0.3310 0.7362
1341847994.6697 -2.5107 -1.1452 2.1267 0.0240 0.5909 0.3322 0.7347
1341847994.7016 -2.5194 -1.1507 2.1352 0.0217 0.5918 0.3333 0.7336
1341847994.7698 -2.5198 -1.1617 2.1559 0.0203 0.5963 0.3349 0.7293
1341847994.8313 -2.5403 -1.1720 2.1724 0.0140 0.6001 0.3400 0.7239
1341847994.8668 -2.5370 -1.1753 2.1857 0.0125 0.6003 0.3435 0.7221
1341847994.8987 -2.5438 -1.1795 2.1922 0.0123 0.6004 0.3455 0.7211
1341847994.9307 -2.5439 -1.1826 2.1993 0.0086 0.6015 0.3457 0.7202
1341847994.9667 -2.5410 -1.1848 2.2089 0.0074 0.6040 0.3469 0.7175
1341847994.9987 -2.5458 -1.1914 2.2151 0.0083 0.6062 0.3483 0.7149
1341847995.0308 -2.5502 -1.1942 2.2210 0.0084 0.6084 0.3513 0.7116
1341847995.0667 -2.5428 -1.1962 2.2312 0.0088 0.6110 0.3532 0.7085
1341847995.0987 -2.5473 -1.2017 2.2378 0.0110 0.6148 0.3536 0.7049
1341847995.1349 -2.5531 -1.2067 2.2436 0.0106 0.6180 0.3544 0.7017
1341847995.1666 -2.5472 -1.2086 2.2538 0.0119 0.6209 0.3555 0.6985
1341847995.1988 -2.5526 -1.2157 2.2571 0.0133 0.6233 0.3555 0.6964
1341847995.2347 -2.5575 -1.2210 2.2632 0.0131 0.6254 0.3558 0.6943
1341847995.2668 -2.5542 -1.2242 2.2728 0.0137 0.6271 0.3570 0.6921
1341847995.2988 -2.5534 -1.2295 2.2794 0.0165 0.6296 0.3577 0.6895
1341847995.3347 -2.5610 -1.2351 2.2823 0.0161 0.6307 0.3580 0.6883
1341847995.3667 -2.5576 -1.2376 2.2920 0.0152 0.6328 0.3589 0.6859
1341847995.4028 -2.5580 -1.2431 2.2990 0.0146 0.6343 0.3583 0.6849
1341847995.4347 -2.5637 -1.2491 2.3081 0.0140 0.6357 0.3588 0.6834
1341847995.4668 -2.5586 -1.2513 2.3160 0.0133 0.6370 0.3592 0.6819
1341847995.5027 -2.5564 -1.2561 2.3264 0.0141 0.6383 0.3589 0.6809
1341847995.5348 -2.5611 -1.2620 2.3376 0.0174 0.6380 0.3607 0.6801
1341847995.5667 -2.5644 -1.2660 2.3424 0.0207 0.6363 0.3656 0.6790
1341847995.6027 -2.5663 -1.2697 2.3528 0.0220 0.6349 0.3699 0.6779
1341847995.6348 -2.5644 -1.2727 2.3589 0.0211 0.6340 0.3726 0.6773
1341847995.6708 -2.5633 -1.2755 2.3667 0.0192 0.6345 0.3747 0.6758
1341847995.7028 -2.5617 -1.2786 2.3737 0.0173 0.6353 0.3780 0.6732
1341847995.7348 -2.5520 -1.2799 2.3828 0.0168 0.6355 0.3805 0.6716
1341847995.7707 -2.5545 -1.2848 2.3882 0.0170 0.6359 0.3815 0.6707
1341847995.8028 -2.5520 -1.2857 2.3930 0.0167 0.6368 0.3828 0.6691
1341847995.8388 -2.5496 -1.2887 2.3992 0.0167 0.6376 0.3831 0.6682
1341847995.8706 -2.5541 -1.2950 2.4054 0.0167 0.6387 0.3826 0.6674
1341847995.9028 -2.5547 -1.2949 2.4083 0.0153 0.6399 0.3829 0.6661
1341847995.9387 -2.5465 -1.2962 2.4131 0.0146 0.6413 0.3841 0.6640
1341847995.9707 -2.5520 -1.3020 2.4184 0.0154 0.6437 0.3837 0.6620
1341847996.0027 -2.5563 -1.3060 2.4203 0.0137 0.6456 0.3837 0.6601
1341847996.0388 -2.5471 -1.3052 2.4250 0.0132 0.6477 0.3842 0.6578
1341847996.0707 -2.5464 -1.3091 2.4266 0.0155 0.6496 0.3842 0.6558
1341847996.1067 -2.5545 -1.3139 2.4309 0.0156 0.6517 0.3831 0.6544
1341847996.1388 -2.5507 -1.3155 2.4353 0.0151 0.6540 0.3833 0.6520
1341847996.1707 -2.5505 -1.3172 2.4377 0.0174 0.6576 0.3822 0.6490
1341847996.2066 -2.5582 -1.3219 2.4413 0.0171 0.6601 0.3802 0.6476
1341847996.2390 -2.5596 -1.3245 2.4453 0.0157 0.6621 0.3804 0.6455
1341847996.2708 -2.5575 -1.3253 2.4476 0.0165 0.6632 0.3824 0.6432
1341847996.3389 -2.5625 -1.3303 2.4553 0.0178 0.6658 0.3842 0.6393
1341847996.3747 -2.5625 -1.3320 2.4588 0.0171 0.6679 0.3850 0.6368
1341847996.4067 -2.5615 -1.3341 2.4637 0.0183 0.6699 0.3861 0.6340
1341847996.4386 -2.5686 -1.3380 2.4691 0.0196 0.6719 0.3871 0.6311
1341847996.4748 -2.5652 -1.3399 2.4745 0.0195 0.6733 0.3886 0.6287
1341847996.5067 -2.5611 -1.3422 2.4770 0.0219 0.6745 0.3895 0.6268
1341847996.5388 -2.5722 -1.3479 2.4833 0.0236 0.6765 0.3891 0.6248
1341847996.5748 -2.5757 -1.3512 2.4907 0.0218 0.6770 0.3904 0.6236
1341847996.6071 -2.5741 -1.3538 2.4951 0.0220 0.6776 0.3916 0.6221
1341847996.6428 -2.5855 -1.3571 2.5055 0.0218 0.6786 0.3927 0.6203
1341847996.6748 -2.5849 -1.3582 2.5145 0.0186 0.6785 0.3951 0.6190
1341847996.7069 -2.5816 -1.3595 2.5157 0.0166 0.6801 0.3963 0.6166
1341847996.7427 -2.5923 -1.3617 2.5243 0.0124 0.6835 0.3957 0.6132
1341847996.7747 -2.5853 -1.3629 2.5335 0.0082 0.6858 0.3975 0.6097
1341847996.8068 -2.5862 -1.3666 2.5437 0.0087 0.6878 0.3996 0.6060
1341847996.8428 -2.5899 -1.3706 2.5509 0.0088 0.6891 0.4013 0.6033
1341847996.8748 -2.5889 -1.3730 2.5632 0.0094 0.6896 0.4034 0.6014
1341847996.9108 -2.5887 -1.3796 2.5669 0.0110 0.6895 0.4046 0.6006
1341847996.9427 -2.5959 -1.3857 2.5773 0.0134 0.6899 0.4055 0.5995
1341847996.9748 -2.5923 -1.3884 2.5860 0.0156 0.6905 0.4058 0.5986
1341847997.0107 -2.5995 -1.3954 2.5959 0.0176 0.6917 0.4048 0.5978
1341847997.0427 -2.6035 -1.4018 2.6070 0.0183 0.6923 0.4048 0.5971
1341847997.0787 -2.6046 -1.4083 2.6173 0.0194 0.6928 0.4047 0.5966
1341847997.1430 -2.6117 -1.4204 2.6401 0.0180 0.6941 0.4023 0.5967
1341847997.1788 -2.6124 -1.4267 2.6507 0.0182 0.6942 0.4011 0.5974
1341847997.2109 -2.6174 -1.4317 2.6568 0.0175 0.6941 0.3998 0.5983
1341847997.2430 -2.6241 -1.4386 2.6708 0.0163 0.6947 0.3994 0.5980
1341847997.2788 -2.6209 -1.4415 2.6780 0.0156 0.6945 0.4003 0.5976
1341847997.3114 -2.6210 -1.4468 2.6834 0.0146 0.6943 0.4011 0.5973
1341847997.3466 -2.6150 -1.4493 2.6896 0.0139 0.6957 0.4011 0.5958
1341847997.3787 -2.6204 -1.4571 2.7012 0.0140 0.6986 0.3998 0.5932
1341847997.4108 -2.6186 -1.4628 2.7106 0.0137 0.7007 0.3999 0.5907
1341847997.4467 -2.6091 -1.4663 2.7122 0.0146 0.7021 0.3993 0.5894
1341847997.4788 -2.6171 -1.4760 2.7168 0.0157 0.7052 0.3979 0.5866
1341847997.5109 -2.6132 -1.4809 2.7245 0.0145 0.7076 0.3982 0.5835
1341847997.5466 -2.6069 -1.4858 2.7346 0.0141 0.7098 0.3976 0.5814
1341847997.5787 -2.6067 -1.4922 2.7454 0.0144 0.7128 0.3961 0.5787
1341847997.6147 -2.6058 -1.4992 2.7550 0.0128 0.7156 0.3948 0.5761
1341847997.6470 -2.5973 -1.5044 2.7597 0.0125 0.7178 0.3938 0.5740
1341847997.6788 -2.5913 -1.5123 2.7714 0.0143 0.7192 0.3930 0.5729
1341847997.7146 -2.5907 -1.5181 2.7804 0.0159 0.7206 0.3914 0.5721
1341847997.7466 -2.5823 -1.5242 2.7862 0.0161 0.7225 0.3906 0.5702
1341847997.7787 -2.5798 -1.5317 2.8027 0.0173 0.7260 0.3880 0.5676
1341847997.8469 -2.5741 -1.5477 2.8221 0.0210 0.7281 0.3886 0.5642
1341847997.8826 -2.5720 -1.5549 2.8314 0.0222 0.7290 0.3907 0.5616
1341847997.9152 -2.5658 -1.5622 2.8408 0.0232 0.7292 0.3930 0.5597
1341847997.9470 -2.5612 -1.5685 2.8494 0.0253 0.7293 0.3956 0.5577
1341847997.9827 -2.5531 -1.5732 2.8582 0.0265 0.7290 0.3977 0.5565
1341847998.0149 -2.5478 -1.5802 2.8685 0.0278 0.7298 0.3984 0.5549
1341847998.0508 -2.5434 -1.5867 2.8794 0.0291 0.7304 0.3991 0.5535
1341847998.0826 -2.5393 -1.5943 2.8914 0.0304 0.7298 0.4001 0.5535
1341847998.1223 -2.5371 -1.6000 2.8979 0.0322 0.7274 0.4026 0.5548
1341847998.1541 -2.5350 -1.6055 2.9091 0.0315 0.7268 0.4035 0.5550
1341847998.1857 -2.5263 -1.6098 2.9185 0.0294 0.7265 0.4030 0.5558
1341847998.2538 -2.5174 -1.6203 2.9321 0.0265 0.7258 0.4026 0.5572
1341847998.3188 -2.5091 -1.6345 2.9505 0.0259 0.7248 0.4010 0.5597
1341847998.3512 -2.5073 -1.6400 2.9607 0.0246 0.7239 0.4011 0.5608
1341847998.3827 -2.4993 -1.6447 2.9715 0.0234 0.7222 0.4012 0.5630
1341847998.4192 -2.4984 -1.6481 2.9818 0.0217 0.7222 0.3993 0.5644
1341847998.4508 -2.4948 -1.6546 2.9899 0.0178 0.7215 0.3984 0.5660
1341847998.4840 -2.4888 -1.6595 3.0016 0.0165 0.7202 0.3987 0.5676
1341847998.5187 -2.4879 -1.6661 3.0136 0.0144 0.7192 0.3983 0.5690
1341847998.5507 -2.4816 -1.6691 3.0221 0.0114 0.7186 0.3975 0.5705
1341847998.5867 -2.4784 -1.6752 3.0351 0.0099 0.7188 0.3969 0.5707
1341847998.6188 -2.4777 -1.6831 3.0477 0.0086 0.7183 0.3968 0.5714
1341847998.6507 -2.4785 -1.6871 3.0587 0.0063 0.7184 0.3966 0.5714
1341847998.6869 -2.4719 -1.6917 3.0711 0.0037 0.7190 0.3972 0.5703
1341847998.7187 -2.4679 -1.6987 3.0818 0.0045 0.7190 0.3978 0.5699
1341847998.7508 -2.4713 -1.7059 3.0934 0.0049 0.7187 0.3982 0.5700
1341847998.7868 -2.4672 -1.7079 3.1097 0.0052 0.7190 0.3996 0.5686
1341847998.8188 -2.4667 -1.7124 3.1183 0.0054 0.7202 0.3995 0.5671
1341847998.8547 -2.4671 -1.7187 3.1302 0.0031 0.7216 0.3986 0.5661
1341847998.8867 -2.4642 -1.7261 3.1429 0.0026 0.7214 0.4003 0.5651
1341847998.9187 -2.4658 -1.7335 3.1566 0.0037 0.7204 0.4034 0.5641
1341847998.9548 -2.4658 -1.7356 3.1702 0.0039 0.7196 0.4064 0.5631
1341847998.9867 -2.4569 -1.7365 3.1764 0.0026 0.7181 0.4085 0.5635
1341847999.0188 -2.4591 -1.7429 3.1937 0.0029 0.7184 0.4095 0.5623
1341847999.0549 -2.4597 -1.7473 3.2071 0.0026 0.7190 0.4108 0.5606
1341847999.0868 -2.4565 -1.7510 3.2153 0.0003 0.7175 0.4127 0.5612
1341847999.1227 -2.4526 -1.7542 3.2250 -0.0005 0.7166 0.4145 0.5610
1341847999.1549 -2.4529 -1.7584 3.2289 -0.0017 0.7174 0.4154 0.5593
1341847999.1867 -2.4464 -1.7598 3.2384 -0.0020 0.7196 0.4163 0.5558
1341847999.2227 -2.4404 -1.7609 3.2478 -0.0015 0.7227 0.4149 0.5528
1341847999.2910 -2.4346 -1.7712 3.2622 0.0025 0.7298 0.4140 0.5440
1341847999.3227 -2.4296 -1.7795 3.2751 0.0069 0.7317 0.4161 0.5398
1341847999.3549 -2.4276 -1.7841 3.2803 0.0119 0.7321 0.4179 0.5377
1341847999.3908 -2.4286 -1.7884 3.2887 0.0145 0.7345 0.4182 0.5342
1341847999.4239 -2.4224 -1.7897 3.2910 0.0150 0.7369 0.4185 0.5308
1341847999.4549 -2.4173 -1.7934 3.2953 0.0163 0.7402 0.4179 0.5265
1341847999.4909 -2.4191 -1.7994 3.3022 0.0169 0.7438 0.4170 0.5221
1341847999.5227 -2.4119 -1.8023 3.3067 0.0202 0.7476 0.4209 0.5134
1341847999.5589 -2.4051 -1.8083 3.3153 0.0241 0.7499 0.4238 0.5073
1341847999.5907 -2.4022 -1.8098 3.3206 0.0263 0.7518 0.4248 0.5036
1341847999.6229 -2.3970 -1.8113 3.3260 0.0257 0.7545 0.4258 0.4987
1341847999.6588 -2.3835 -1.8137 3.3276 0.0267 0.7568 0.4276 0.4936
1341847999.6911 -2.3793 -1.8170 3.3386 0.0289 0.7598 0.4275 0.4890
1341847999.7227 -2.3707 -1.8181 3.3446 0.0278 0.7616 0.4283 0.4856
1341847999.7588 -2.3584 -1.8191 3.3433 0.0290 0.7631 0.4296 0.4819
1341847999.7910 -2.3516 -1.8220 3.3497 0.0312 0.7662 0.4292 0.4773
1341847999.8267 -2.3472 -1.8255 3.3552 0.0317 0.7678 0.4302 0.4737
1341847999.8588 -2.3395 -1.8265 3.3585 0.0332 0.7695 0.4336 0.4677
1341847999.8977 -2.3315 -1.8285 3.3677 0.0347 0.7714 0.4375 0.4608
1341847999.9588 -2.3154 -1.8275 3.3755 0.0352 0.7729 0.4460 0.4501
1341847999.9908 -2.3039 -1.8269 3.3788 0.0352 0.7733 0.4510 0.4443
1341848000.0267 -2.2950 -1.8281 3.3785 0.0355 0.7733 0.4547 0.4404
1341848000.0587 -2.2901 -1.8268 3.3851 0.0342 0.7744 0.4568 0.4364
1341848000.0948 -2.2806 -1.8244 3.3864 0.0323 0.7748 0.4609 0.4316
1341848000.1267 -2.2731 -1.8237 3.3862 0.0304 0.7757 0.4641 0.4266
1341848000.1586 -2.2657 -1.8233 3.3907 0.0272 0.7769 0.4669 0.4215
1341848000.1948 -2.2549 -1.8227 3.3904 0.0251 0.7772 0.4701 0.4175
1341848000.2271 -2.2483 -1.8233 3.3927 0.0246 0.7777 0.4728 0.4136
1341848000.2670 -2.2399 -1.8212 3.3929 0.0225 0.7777 0.4753 0.4107
1341848000.3271 -2.2244 -1.8213 3.3996 0.0211 0.7792 0.4797 0.4029
1341848000.3627 -2.2157 -1.8191 3.3984 0.0203 0.7780 0.4829 0.4014
1341848000.3947 -2.2060 -1.8157 3.3978 0.0205 0.7783 0.4846 0.3987
1341848000.4268 -2.2008 -1.8175 3.4022 0.0203 0.7792 0.4857 0.3957
1341848000.4627 -2.1931 -1.8144 3.4018 0.0192 0.7790 0.4873 0.3940
1341848000.4947 -2.1825 -1.8105 3.3999 0.0182 0.7800 0.4878 0.3915
1341848000.5308 -2.1730 -1.8116 3.4028 0.0181 0.7816 0.4877 0.3885
1341848000.5628 -2.1647 -1.8104 3.4022 0.0188 0.7821 0.4880 0.3872
1341848000.5948 -2.1561 -1.8089 3.4014 0.0194 0.7838 0.4877 0.3839
1341848000.6306 -2.1471 -1.8105 3.4024 0.0196 0.7857 0.4871 0.3807
1341848000.6627 -2.1378 -1.8106 3.4019 0.0204 0.7878 0.4863 0.3775
1341848000.6954 -2.1302 -1.8127 3.4030 0.0215 0.7901 0.4862 0.3727
1341848000.7308 -2.1209 -1.8138 3.4038 0.0218 0.7917 0.4862 0.3693
1341848000.7627 -2.1089 -1.8132 3.4064 0.0238 0.7938 0.4859 0.3650
1341848000.7987 -2.1007 -1.8157 3.4071 0.0266 0.7952 0.4863 0.3612
1341848000.8307 -2.0883 -1.8157 3.4079 0.0288 0.7964 0.4866 0.3580
1341848000.8628 -2.0806 -1.8193 3.4103 0.0301 0.7988 0.4854 0.3542
1341848000.8987 -2.0717 -1.8222 3.4141 0.0313 0.8006 0.4856 0.3497
1341848000.9307 -2.0617 -1.8247 3.4172 0.0334 0.8009 0.4867 0.3471
1341848000.9632 -2.0518 -1.8241 3.4175 0.0344 0.8013 0.4873 0.3454
1341848000.9988 -2.0398 -1.8250 3.4190 0.0345 0.8025 0.4871 0.3429
1341848001.0307 -2.0312 -1.8287 3.4212 0.0353 0.8032 0.4874 0.3407
1341848001.0670 -2.0207 -1.8287 3.4236 0.0373 0.8035 0.4884 0.3384
1341848001.0988 -2.0095 -1.8297 3.4265 0.0389 0.8039 0.4893 0.3358
1341848001.1307 -1.9978 -1.8276 3.4268 0.0405 0.8047 0.4899 0.3329
1341848001.2060 -1.9772 -1.8285 3.4328 0.0386 0.8074 0.4892 0.3276
1341848001.2668 -1.9567 -1.8248 3.4376 0.0316 0.8112 0.4869 0.3224
1341848001.2991 -1.9474 -1.8236 3.4386 0.0299 0.8129 0.4866 0.3186
1341848001.3348 -1.9367 -1.8215 3.4401 0.0284 0.8150 0.4868 0.3129
1341848001.3667 -1.9274 -1.8192 3.4415 0.0253 0.8172 0.4863 0.3084
1341848001.3993 -1.9171 -1.8158 3.4413 0.0228 0.8190 0.4862 0.3038
1341848001.4347 -1.9067 -1.8131 3.4411 0.0228 0.8212 0.4867 0.2970
1341848001.4667 -1.9004 -1.8136 3.4413 0.0207 0.8231 0.4871 0.2912
1341848001.5027 -1.8903 -1.8086 3.4401 0.0170 0.8246 0.4882 0.2853
1341848001.5349 -1.8802 -1.8024 3.4357 0.0165 0.8268 0.4881 0.2792
1341848001.5670 -1.8733 -1.8012 3.4332 0.0159 0.8300 0.4867 0.2720
1341848001.6029 -1.8678 -1.8019 3.4358 0.0129 0.8325 0.4869 0.2640
1341848001.6347 -1.8551 -1.7936 3.4329 0.0130 0.8345 0.4876 0.2564
1341848001.6666 -1.8470 -1.7925 3.4303 0.0135 0.8368 0.4862 0.2513
1341848001.7349 -1.8306 -1.7885 3.4263 0.0117 0.8394 0.4867 0.2417
1341848001.7707 -1.8198 -1.7841 3.4218 0.0140 0.8416 0.4853 0.2366
1341848001.8028 -1.8149 -1.7893 3.4228 0.0138 0.8433 0.4848 0.2316
1341848001.8348 -1.8066 -1.7867 3.4200 0.0128 0.8436 0.4873 0.2252
1341848001.8707 -1.7946 -1.7825 3.4156 0.0142 0.8446 0.4878 0.2201
1341848001.9027 -1.7888 -1.7863 3.4147 0.0118 0.8459 0.4872 0.2166
1341848001.9347 -1.7795 -1.7833 3.4144 0.0123 0.8460 0.4897 0.2107
1341848001.9707 -1.7679 -1.7796 3.4099 0.0166 0.8463 0.4909 0.2064
1341848002.0027 -1.7610 -1.7824 3.4067 0.0180 0.8469 0.4915 0.2023
1341848002.0389 -1.7515 -1.7800 3.4032 0.0197 0.8467 0.4936 0.1978
1341848002.0708 -1.7415 -1.7776 3.3975 0.0215 0.8474 0.4943 0.1927
1341848002.1027 -1.7332 -1.7772 3.3964 0.0229 0.8481 0.4942 0.1895
1341848002.1387 -1.7235 -1.7768 3.3929 0.0220 0.8484 0.4947 0.1872
1341848002.1718 -1.7145 -1.7734 3.3898 0.0219 0.8489 0.4959 0.1818
1341848002.2027 -1.7043 -1.7712 3.3881 0.0231 0.8495 0.4964 0.1773
1341848002.2387 -1.6959 -1.7700 3.3862 0.0225 0.8499 0.4967 0.1747
1341848002.2708 -1.6870 -1.7677 3.3850 0.0193 0.8504 0.4973 0.1708
1341848002.3067 -1.6801 -1.7645 3.3846 0.0171 0.8507 0.4980 0.1674
1341848002.3389 -1.6713 -1.7597 3.3796 0.0159 0.8501 0.5004 0.1634
1341848002.3708 -1.6638 -1.7574 3.3819 0.0144 0.8503 0.5020 0.1576
1341848002.4068 -1.6527 -1.7494 3.3773 0.0156 0.8497 0.5042 0.1538
1341848002.4388 -1.6461 -1.7476 3.3730 0.0143 0.8502 0.5040 0.1516
1341848002.4747 -1.6404 -1.7461 3.3766 0.0125 0.8501 0.5051 0.1482
1341848002.5068 -1.6308 -1.7379 3.3717 0.0129 0.8493 0.5071 0.1459
1341848002.5388 -1.6246 -1.7374 3.3707 0.0113 0.8494 0.5081 0.1425
1341848002.5747 -1.6168 -1.7338 3.3737 0.0086 0.8489 0.5098 0.1389
1341848002.6068 -1.6085 -1.7260 3.3691 0.0078 0.8477 0.5121 0.1379
1341848002.6394 -1.6035 -1.7240 3.3683 0.0054 0.8477 0.5124 0.1368
1341848002.6747 -1.5977 -1.7215 3.3719 0.0029 0.8469 0.5143 0.1354
1341848002.7138 -1.5843 -1.7109 3.3702 0.0027 0.8457 0.5164 0.1343
1341848002.7748 -1.5727 -1.7067 3.3722 -0.0006 0.8438 0.5200 0.1325
1341848002.8068 -1.5605 -1.6968 3.3673 0.0013 0.8429 0.5221 0.1302
1341848002.8428 -1.5526 -1.6944 3.3684 0.0032 0.8438 0.5205 0.1310
1341848002.8752 -1.5438 -1.6930 3.3706 0.0040 0.8444 0.5193 0.1318
1341848002.9067 -1.5311 -1.6882 3.3699 0.0046 0.8449 0.5185 0.1316
1341848002.9433 -1.5243 -1.6911 3.3713 0.0052 0.8450 0.5170 0.1365
1341848002.9746 -1.5156 -1.6884 3.3711 0.0047 0.8448 0.5160 0.1416
1341848003.0109 -1.5058 -1.6818 3.3690 0.0051 0.8454 0.5148 0.1427
1341848003.0426 -1.4977 -1.6814 3.3684 0.0060 0.8466 0.5122 0.1441
1341848003.0750 -1.4901 -1.6857 3.3733 0.0041 0.8472 0.5106 0.1468
1341848003.1106 -1.4801 -1.6802 3.3720 0.0033 0.8466 0.5112 0.1482
1341848003.1426 -1.4720 -1.6777 3.3699 0.0017 0.8472 0.5099 0.1488
1341848003.2429 -1.4463 -1.6743 3.3734 -0.0075 0.8490 0.5072 0.1480
1341848003.2789 -1.4383 -1.6709 3.3731 -0.0083 0.8488 0.5068 0.1502
1341848003.3107 -1.4288 -1.6670 3.3728 -0.0119 0.8492 0.5057 0.1514
1341848003.3427 -1.4193 -1.6636 3.3731 -0.0141 0.8497 0.5043 0.1532
1341848003.3790 -1.4098 -1.6622 3.3733 -0.0176 0.8505 0.5017 0.1568
1341848003.4108 -1.4015 -1.6630 3.3766 -0.0203 0.8506 0.4999 0.1616
1341848003.4427 -1.3920 -1.6590 3.3770 -0.0195 0.8501 0.4993 0.1663
1341848003.4787 -1.3847 -1.6597 3.3786 -0.0192 0.8492 0.4984 0.1731
1341848003.5107 -1.3755 -1.6540 3.3774 -0.0206 0.8477 0.4977 0.1826
1341848003.5469 -1.3650 -1.6492 3.3771 -0.0212 0.8471 0.4972 0.1863
1341848003.5787 -1.3568 -1.6467 3.3767 -0.0196 0.8465 0.4966 0.1909
1341848003.6179 -1.3477 -1.6459 3.3755 -0.0191 0.8456 0.4954 0.1980
1341848003.6500 -1.3392 -1.6424 3.3749 -0.0190 0.8448 0.4943 0.2040
1341848003.6858 -1.3303 -1.6396 3.3717 -0.0194 0.8444 0.4929 0.2087
1341848003.7179 -1.3233 -1.6387 3.3715 -0.0222 0.8444 0.4902 0.2149
1341848003.7538 -1.3164 -1.6359 3.3719 -0.0246 0.8437 0.4888 0.2207
1341848003.7858 -1.3093 -1.6304 3.3668 -0.0228 0.8422 0.4890 0.2262
1341848003.8179 -1.3108 -1.6243 3.3649 -0.0208 0.8409 0.4867 0.2356
1341848003.8540 -1.3050 -1.6166 3.3602 -0.0212 0.8397 0.4864 0.2404
1341848003.8858 -1.2967 -1.6134 3.3562 -0.0232 0.8393 0.4859 0.2428
1341848003.9217 -1.2876 -1.6119 3.3536 -0.0239 0.8382 0.4854 0.2474
1341848003.9538 -1.2832 -1.6042 3.3516 -0.0232 0.8373 0.4842 0.2529
1341848003.9858 -1.2742 -1.6001 3.3441 -0.0229 0.8355 0.4864 0.2546
1341848004.0216 -1.2658 -1.5952 3.3387 -0.0213 0.8348 0.4852 0.2593
1341848004.0538 -1.2603 -1.5887 3.3384 -0.0219 0.8349 0.4834 0.2624
1341848004.0897 -1.2502 -1.5854 3.3297 -0.0212 0.8325 0.4866 0.2641
1341848004.1217 -1.2435 -1.5799 3.3243 -0.0200 0.8316 0.4853 0.2694
1341848004.1537 -1.2349 -1.5752 3.3224 -0.0200 0.8309 0.4844 0.2730
1341848004.1898 -1.2275 -1.5714 3.3179 -0.0179 0.8292 0.4852 0.2771
1341848004.2218 -1.2203 -1.5648 3.3152 -0.0186 0.8278 0.4845 0.2821
1341848004.2578 -1.2124 -1.5583 3.3094 -0.0203 0.8261 0.4844 0.2874
1341848004.2898 -1.2036 -1.5565 3.3083 -0.0213 0.8249 0.4840 0.2914
1341848004.3218 -1.1943 -1.5522 3.3067 -0.0228 0.8225 0.4838 0.2983
1341848004.3579 -1.1875 -1.5454 3.3044 -0.0232 0.8203 0.4828 0.3056
1341848004.3898 -1.1795 -1.5403 3.3030 -0.0260 0.8184 0.4824 0.3113
1341848004.4219 -1.1708 -1.5350 3.3004 -0.0286 0.8159 0.4820 0.3181
1341848004.4578 -1.1628 -1.5309 3.3016 -0.0311 0.8143 0.4808 0.3236
1341848004.4898 -1.1554 -1.5258 3.3000 -0.0332 0.8116 0.4813 0.3294
1341848004.5257 -1.1474 -1.5231 3.3003 -0.0348 0.8091 0.4824 0.3338
1341848004.5578 -1.1406 -1.5190 3.3003 -0.0348 0.8063 0.4839 0.3385
1341848004.5898 -1.1355 -1.5137 3.3004 -0.0364 0.8035 0.4855 0.3424
1341848004.6258 -1.1273 -1.5091 3.2976 -0.0380 0.8007 0.4871 0.3467
1341848004.6579 -1.1242 -1.5055 3.3005 -0.0395 0.7989 0.4867 0.3510
1341848004.6899 -1.1168 -1.5017 3.3000 -0.0415 0.7956 0.4903 0.3534
1341848004.7258 -1.1102 -1.4968 3.2979 -0.0418 0.7929 0.4915 0.3578
1341848004.7577 -1.1076 -1.4933 3.2997 -0.0434 0.7915 0.4903 0.3623
1341848004.7897 -1.1017 -1.4907 3.2999 -0.0460 0.7891 0.4923 0.3645
1341848004.8258 -1.0951 -1.4892 3.2996 -0.0458 0.7871 0.4935 0.3672
1341848004.8577 -1.0938 -1.4869 3.3018 -0.0460 0.7854 0.4931 0.3712
1341848004.8898 -1.0888 -1.4845 3.3005 -0.0470 0.7833 0.4946 0.3736
1341848004.9258 -1.0851 -1.4842 3.3029 -0.0480 0.7822 0.4943 0.3763
1341848004.9578 -1.0806 -1.4838 3.3045 -0.0485 0.7806 0.4946 0.3790
1341848004.9938 -1.0796 -1.4804 3.3038 -0.0476 0.7782 0.4950 0.3834
1341848005.0257 -1.0762 -1.4783 3.3054 -0.0489 0.7774 0.4942 0.3860
1341848005.0577 -1.0732 -1.4780 3.3038 -0.0507 0.7757 0.4932 0.3906
1341848005.0939 -1.0726 -1.4771 3.3084 -0.0508 0.7756 0.4913 0.3930
1341848005.1257 -1.0668 -1.4760 3.3089 -0.0514 0.7734 0.4931 0.3950
1341848005.1577 -1.0635 -1.4772 3.3092 -0.0493 0.7716 0.4932 0.3988
1341848005.1937 -1.0642 -1.4742 3.3088 -0.0475 0.7698 0.4922 0.4036
1341848005.2257 -1.0614 -1.4733 3.3103 -0.0488 0.7690 0.4911 0.4063
1341848005.2577 -1.0556 -1.4745 3.3128 -0.0504 0.7683 0.4898 0.4089
1341848005.2937 -1.0552 -1.4732 3.3150 -0.0494 0.7670 0.4878 0.4139
1341848005.3259 -1.0526 -1.4709 3.3166 -0.0505 0.7655 0.4878 0.4166
1341848005.3577 -1.0454 -1.4732 3.3190 -0.0517 0.7642 0.4874 0.4192
1341848005.3937 -1.0436 -1.4732 3.3208 -0.0495 0.7624 0.4863 0.4240
1341848005.4257 -1.0437 -1.4704 3.3224 -0.0485 0.7606 0.4860 0.4278
1341848005.4618 -1.0369 -1.4712 3.3229 -0.0501 0.7588 0.4865 0.4302
1341848005.4937 -1.0351 -1.4714 3.3260 -0.0488 0.7574 0.4857 0.4337
1341848005.5258 -1.0324 -1.4700 3.3272 -0.0497 0.7552 0.4859 0.4371
1341848005.5618 -1.0273 -1.4714 3.3280 -0.0510 0.7536 0.4854 0.4403
1341848005.5937 -1.0246 -1.4712 3.3299 -0.0510 0.7523 0.4843 0.4437
1341848005.6298 -1.0211 -1.4714 3.3306 -0.0514 0.7507 0.4837 0.4471
1341848005.6618 -1.0174 -1.4719 3.3322 -0.0520 0.7495 0.4825 0.4502
1341848005.6938 -1.0125 -1.4733 3.3335 -0.0517 0.7481 0.4815 0.4536
1341848005.7297 -1.0110 -1.4738 3.3333 -0.0504 0.7467 0.4798 0.4580
1341848005.7617 -1.0070 -1.4747 3.3348 -0.0512 0.7462 0.4777 0.4608
1341848005.7979 -1.0014 -1.4778 3.3391 -0.0504 0.7458 0.4761 0.4632
1341848005.8299 -1.0011 -1.4784 3.3410 -0.0479 0.7441 0.4749 0.4675
1341848005.8617 -0.9980 -1.4785 3.3415 -0.0480 0.7424 0.4743 0.4708
1341848005.8978 -0.9927 -1.4824 3.3433 -0.0480 0.7416 0.4730 0.4732
1341848005.9297 -0.9924 -1.4827 3.3481 -0.0459 0.7411 0.4705 0.4767
1341848005.9657 -0.9896 -1.4825 3.3490 -0.0463 0.7394 0.4695 0.4802
1341848005.9978 -0.9849 -1.4849 3.3504 -0.0462 0.7385 0.4683 0.4830
1341848006.0298 -0.9808 -1.4875 3.3531 -0.0442 0.7377 0.4653 0.4872
1341848006.0658 -0.9808 -1.4879 3.3555 -0.0431 0.7367 0.4624 0.4915
1341848006.0979 -0.9756 -1.4902 3.3529 -0.0429 0.7355 0.4609 0.4948
1341848006.1337 -0.9723 -1.4918 3.3566 -0.0398 0.7368 0.4561 0.4974
1341848006.1658 -0.9702 -1.4933 3.3612 -0.0356 0.7371 0.4536 0.4996
1341848006.1976 -0.9681 -1.4934 3.3616 -0.0320 0.7358 0.4525 0.5029
1341848006.2338 -0.9634 -1.4949 3.3623 -0.0295 0.7346 0.4500 0.5070
1341848006.2658 -0.9627 -1.4951 3.3657 -0.0270 0.7347 0.4460 0.5104
1341848006.3018 -0.9586 -1.4967 3.3695 -0.0253 0.7340 0.4445 0.5128
1341848006.3337 -0.9546 -1.4989 3.3719 -0.0221 0.7321 0.4436 0.5165
1341848006.3660 -0.9555 -1.4965 3.3739 -0.0214 0.7305 0.4406 0.5214
1341848006.4018 -0.9503 -1.4981 3.3760 -0.0232 0.7299 0.4403 0.5223
1341848006.4337 -0.9450 -1.5011 3.3802 -0.0221 0.7293 0.4398 0.5237
1341848006.4697 -0.9443 -1.5009 3.3835 -0.0211 0.7278 0.4392 0.5263
1341848006.5017 -0.9390 -1.5026 3.3856 -0.0214 0.7266 0.4404 0.5269
1341848006.5337 -0.9341 -1.5040 3.3874 -0.0208 0.7255 0.4397 0.5290
1341848006.5697 -0.9330 -1.5056 3.3917 -0.0206 0.7254 0.4384 0.5302
1341848006.6018 -0.9283 -1.5071 3.3949 -0.0207 0.7249 0.4390 0.5304
1341848006.6378 -0.9232 -1.5134 3.3955 -0.0196 0.7241 0.4396 0.5311
1341848006.6701 -0.9237 -1.5143 3.4036 -0.0196 0.7251 0.4366 0.5321
1341848006.7018 -0.9174 -1.5168 3.4041 -0.0206 0.7243 0.4383 0.5318
1341848006.7378 -0.9127 -1.5208 3.4090 -0.0187 0.7253 0.4377 0.5311
1341848006.7697 -0.9097 -1.5238 3.4120 -0.0167 0.7248 0.4385 0.5312
1341848006.8019 -0.9063 -1.5287 3.4170 -0.0150 0.7255 0.4385 0.5302
1341848006.8376 -0.9030 -1.5313 3.4211 -0.0140 0.7260 0.4385 0.5295
1341848006.8707 -0.8988 -1.5368 3.4227 -0.0117 0.7263 0.4395 0.5285
1341848006.9018 -0.8969 -1.5405 3.4279 -0.0105 0.7278 0.4383 0.5273
1341848006.9377 -0.8932 -1.5442 3.4302 -0.0091 0.7293 0.4379 0.5256
1341848006.9697 -0.8919 -1.5500 3.4365 -0.0083 0.7318 0.4371 0.5229
1341848007.0058 -0.8888 -1.5551 3.4420 -0.0056 0.7337 0.4386 0.5190
1341848007.0378 -0.8885 -1.5600 3.4469 -0.0026 0.7351 0.4400 0.5157
1341848007.0697 -0.8881 -1.5635 3.4519 -0.0021 0.7368 0.4414 0.5121
1341848007.1057 -0.8845 -1.5681 3.4557 -0.0024 0.7385 0.4434 0.5079
1341848007.1379 -0.8822 -1.5752 3.4618 -0.0019 0.7406 0.4444 0.5039
1341848007.1697 -0.8828 -1.5795 3.4695 -0.0016 0.7425 0.4451 0.5005
1341848007.2057 -0.8801 -1.5845 3.4745 -0.0014 0.7437 0.4477 0.4965
1341848007.2379 -0.8790 -1.5925 3.4805 0.0001 0.7448 0.4500 0.4928
1341848007.2989 -0.8743 -1.6013 3.4909 0.0032 0.7449 0.4553 0.4878
1341848007.3314 -0.8736 -1.6064 3.4957 0.0040 0.7464 0.4544 0.4862
1341848007.3667 -0.8718 -1.6114 3.5006 0.0033 0.7480 0.4527 0.4853
1341848007.3987 -0.8692 -1.6188 3.5091 0.0034 0.7498 0.4516 0.4836
1341848007.4348 -0.8663 -1.6261 3.5132 0.0047 0.7503 0.4511 0.4833
1341848007.4667 -0.8681 -1.6306 3.5224 0.0052 0.7520 0.4489 0.4827
1341848007.4988 -0.8655 -1.6346 3.5294 0.0044 0.7531 0.4502 0.4797
1341848007.5348 -0.8588 -1.6447 3.5340 0.0053 0.7531 0.4526 0.4774
1341848007.5667 -0.8594 -1.6491 3.5407 0.0065 0.7535 0.4521 0.4773
1341848007.5987 -0.8566 -1.6493 3.5431 0.0048 0.7549 0.4521 0.4751
1341848007.6348 -0.8504 -1.6593 3.5492 0.0037 0.7571 0.4534 0.4703
1341848007.6667 -0.8518 -1.6648 3.5562 0.0073 0.7579 0.4566 0.4659
1341848007.7028 -0.8473 -1.6677 3.5602 0.0091 0.7574 0.4631 0.4602
1341848007.7346 -0.8368 -1.6747 3.5527 0.0109 0.7568 0.4681 0.4562
1341848007.7669 -0.8372 -1.6800 3.5640 0.0121 0.7617 0.4635 0.4525
1341848007.8029 -0.8352 -1.6835 3.5724 0.0106 0.7638 0.4644 0.4480
1341848007.8350 -0.8278 -1.6903 3.5744 0.0117 0.7643 0.4685 0.4430
1341848007.8667 -0.8260 -1.6912 3.5798 0.0126 0.7664 0.4688 0.4390
1341848007.9028 -0.8237 -1.6911 3.5850 0.0100 0.7689 0.4703 0.4329
1341848007.9349 -0.8134 -1.7033 3.5874 0.0103 0.7703 0.4760 0.4243
1341848007.9707 -0.8072 -1.7117 3.5943 0.0148 0.7709 0.4778 0.4210
1341848008.0027 -0.8082 -1.7109 3.5998 0.0178 0.7720 0.4786 0.4180
1341848008.0348 -0.8019 -1.7141 3.6042 0.0171 0.7733 0.4814 0.4123
1341848008.0708 -0.7953 -1.7213 3.6108 0.0167 0.7746 0.4832 0.4077
1341848008.1032 -0.7913 -1.7221 3.6150 0.0170 0.7753 0.4846 0.4047
1341848008.1388 -0.7842 -1.7245 3.6184 0.0158 0.7770 0.4856 0.4003
1341848008.1711 -0.7787 -1.7291 3.6236 0.0156 0.7785 0.4864 0.3963
1341848008.2027 -0.7731 -1.7337 3.6317 0.0172 0.7798 0.4886 0.3910
1341848008.2387 -0.7682 -1.7358 3.6381 0.0179 0.7802 0.4912 0.3870
1341848008.2707 -0.7614 -1.7378 3.6433 0.0176 0.7806 0.4942 0.3824
1341848008.3027 -0.7550 -1.7416 3.6482 0.0176 0.7810 0.4971 0.3776
1341848008.3388 -0.7474 -1.7466 3.6532 0.0176 0.7813 0.4999 0.3734
1341848008.3707 -0.7423 -1.7486 3.6580 0.0171 0.7819 0.5012 0.3704
1341848008.4389 -0.7285 -1.7593 3.6657 0.0179 0.7835 0.5051 0.3615
1341848008.4708 -0.7243 -1.7633 3.6729 0.0190 0.7846 0.5060 0.3577
1341848008.5069 -0.7189 -1.7647 3.6743 0.0199 0.7850 0.5083 0.3535
1341848008.5388 -0.7119 -1.7739 3.6778 0.0211 0.7861 0.5103 0.3481
1341848008.5707 -0.7073 -1.7793 3.6848 0.0235 0.7868 0.5113 0.3449
1341848008.6067 -0.7037 -1.7832 3.6883 0.0253 0.7868 0.5138 0.3409
1341848008.6387 -0.6969 -1.7887 3.6880 0.0270 0.7870 0.5163 0.3366
1341848008.6746 -0.6920 -1.7928 3.6942 0.0281 0.7883 0.5164 0.3333
1341848008.7068 -0.6869 -1.7947 3.6936 0.0286 0.7890 0.5174 0.3299
1341848008.7387 -0.6816 -1.8014 3.6986 0.0279 0.7911 0.5169 0.3258
1341848008.7751 -0.6765 -1.8048 3.7025 0.0268 0.7919 0.5169 0.3238
1341848008.8069 -0.6709 -1.8078 3.7035 0.0260 0.7931 0.5169 0.3211
1341848008.8388 -0.6670 -1.8127 3.7102 0.0241 0.7949 0.5159 0.3183
1341848008.8746 -0.6615 -1.8170 3.7129 0.0238 0.7953 0.5176 0.3148
1341848008.9067 -0.6567 -1.8191 3.7149 0.0247 0.7958 0.5188 0.3115
1341848008.9431 -0.6529 -1.8195 3.7174 0.0235 0.7973 0.5187 0.3078
1341848008.9747 -0.6457 -1.8263 3.7219 0.0213 0.7987 0.5192 0.3035
1341848009.0068 -0.6394 -1.8313 3.7272 0.0219 0.7992 0.5201 0.3006
1341848009.0427 -0.6367 -1.8311 3.7346 0.0212 0.7999 0.5204 0.2982
1341848009.1108 -0.6242 -1.8333 3.7369 0.0196 0.8012 0.5222 0.2916
1341848009.1427 -0.6219 -1.8315 3.7392 0.0175 0.8033 0.5209 0.2883
1341848009.1747 -0.6162 -1.8322 3.7414 0.0163 0.8056 0.5209 0.2819
1341848009.2107 -0.6117 -1.8368 3.7505 0.0173 0.8073 0.5228 0.2732
1341848009.2429 -0.6065 -1.8383 3.7539 0.0195 0.8065 0.5277 0.2658
1341848009.2747 -0.6014 -1.8349 3.7546 0.0201 0.8067 0.5308 0.2590
1341848009.3109 -0.5969 -1.8349 3.7584 0.0182 0.8086 0.5317 0.2513
1341848009.3429 -0.5882 -1.8402 3.7616 0.0170 0.8087 0.5351 0.2438
1341848009.3787 -0.5833 -1.8398 3.7662 0.0180 0.8093 0.5363 0.2390
1341848009.4429 -0.5704 -1.8404 3.7722 0.0163 0.8096 0.5401 0.2291
1341848009.4790 -0.5654 -1.8417 3.7787 0.0161 0.8104 0.5406 0.2251
1341848009.5106 -0.5582 -1.8380 3.7785 0.0147 0.8095 0.5428 0.2235
1341848009.5428 -0.5525 -1.8395 3.7786 0.0147 0.8098 0.5429 0.2219
1341848009.5788 -0.5446 -1.8375 3.7861 0.0130 0.8112 0.5416 0.2201
1341848009.6110 -0.5346 -1.8370 3.7861 0.0115 0.8109 0.5426 0.2188
1341848009.6469 -0.5284 -1.8414 3.7850 0.0112 0.8111 0.5422 0.2190
1341848009.6787 -0.5179 -1.8369 3.7915 0.0087 0.8135 0.5384 0.2198
1341848009.7108 -0.5122 -1.8400 3.7930 0.0069 0.8137 0.5381 0.2199
1341848009.7468 -0.5026 -1.8375 3.7890 0.0071 0.8136 0.5378 0.2210
1341848009.7788 -0.4937 -1.8388 3.7968 0.0069 0.8157 0.5345 0.2211
1341848009.8107 -0.4858 -1.8358 3.7991 0.0073 0.8158 0.5344 0.2208
1341848009.8468 -0.4761 -1.8355 3.7962 0.0093 0.8143 0.5371 0.2200
1341848009.8787 -0.4687 -1.8308 3.7977 0.0107 0.8147 0.5359 0.2213
1341848009.9148 -0.4631 -1.8255 3.7977 0.0093 0.8145 0.5359 0.2222
1341848009.9470 -0.4531 -1.8272 3.7933 0.0081 0.8139 0.5372 0.2213
1341848009.9789 -0.4418 -1.8268 3.7910 0.0079 0.8142 0.5363 0.2223
1341848010.0148 -0.4357 -1.8203 3.7935 0.0090 0.8151 0.5345 0.2235
1341848010.0468 -0.4281 -1.8160 3.7888 0.0094 0.8144 0.5361 0.2221
1341848010.0826 -0.4194 -1.8116 3.7852 0.0091 0.8144 0.5363 0.2214
1341848010.1147 -0.4132 -1.8061 3.7834 0.0089 0.8146 0.5367 0.2199
1341848010.1468 -0.4045 -1.8030 3.7775 0.0084 0.8130 0.5401 0.2174
1341848010.1827 -0.3954 -1.7996 3.7659 0.0088 0.8117 0.5428 0.2158
1341848010.2147 -0.3890 -1.7929 3.7608 0.0092 0.8126 0.5420 0.2142
1341848010.2468 -0.3809 -1.7882 3.7541 0.0093 0.8127 0.5430 0.2113
1341848010.2827 -0.3751 -1.7830 3.7471 0.0108 0.8126 0.5438 0.2093
1341848010.3148 -0.3674 -1.7790 3.7368 0.0117 0.8116 0.5465 0.2065
1341848010.3511 -0.3606 -1.7742 3.7291 0.0114 0.8118 0.5468 0.2047
1341848010.3828 -0.3528 -1.7715 3.7254 0.0116 0.8125 0.5470 0.2013
1341848010.4147 -0.3499 -1.7656 3.7154 0.0132 0.8111 0.5494 0.2002
1341848010.4509 -0.3450 -1.7614 3.7049 0.0134 0.8105 0.5511 0.1979
1341848010.4831 -0.3373 -1.7569 3.7000 0.0130 0.8116 0.5509 0.1939
1341848010.5148 -0.3338 -1.7529 3.6977 0.0130 0.8119 0.5520 0.1899
1341848010.5506 -0.3289 -1.7509 3.6816 0.0134 0.8092 0.5565 0.1879
1341848010.5829 -0.3272 -1.7468 3.6801 0.0138 0.8116 0.5540 0.1851
1341848010.6187 -0.3239 -1.7435 3.6739 0.0118 0.8105 0.5567 0.1818
1341848010.6510 -0.3154 -1.7428 3.6651 0.0118 0.8103 0.5582 0.1777
1341848010.6826 -0.3173 -1.7382 3.6630 0.0134 0.8116 0.5565 0.1771
1341848010.7188 -0.3146 -1.7364 3.6586 0.0118 0.8116 0.5577 0.1737
1341848010.7509 -0.3121 -1.7358 3.6489 0.0115 0.8107 0.5599 0.1707
1341848010.7827 -0.3102 -1.7344 3.6400 0.0122 0.8111 0.5604 0.1671
1341848010.8188 -0.3077 -1.7341 3.6385 0.0129 0.8135 0.5583 0.1625
1341848010.8508 -0.3065 -1.7324 3.6336 0.0136 0.8138 0.5588 0.1588
1341848010.8867 -0.3030 -1.7319 3.6281 0.0147 0.8144 0.5589 0.1551
1341848010.9188 -0.3048 -1.7288 3.6254 0.0158 0.8154 0.5581 0.1529
1341848010.9508 -0.3010 -1.7265 3.6226 0.0142 0.8166 0.5575 0.1490
1341848010.9868 -0.2974 -1.7246 3.6208 0.0137 0.8175 0.5569 0.1462
1341848011.0187 -0.2948 -1.7231 3.6191 0.0142 0.8176 0.5573 0.1442
1341848011.0510 -0.2943 -1.7204 3.6139 0.0154 0.8173 0.5582 0.1421
1341848011.0867 -0.2925 -1.7194 3.6123 0.0157 0.8180 0.5579 0.1393
1341848011.1187 -0.2900 -1.7189 3.6110 0.0158 0.8183 0.5581 0.1366
1341848011.1546 -0.2877 -1.7178 3.6100 0.0171 0.8186 0.5583 0.1338
1341848011.1867 -0.2884 -1.7157 3.6103 0.0178 0.8188 0.5583 0.1326
1341848011.2191 -0.2881 -1.7154 3.6032 0.0155 0.8172 0.5611 0.1307
1341848011.2547 -0.2839 -1.7140 3.6002 0.0134 0.8182 0.5606 0.1267
1341848011.2866 -0.2807 -1.7134 3.5997 0.0124 0.8191 0.5602 0.1230
1341848011.3227 -0.2782 -1.7123 3.5949 0.0123 0.8191 0.5612 0.1184
1341848011.3547 -0.2729 -1.7120 3.5908 0.0125 0.8199 0.5609 0.1138
1341848011.3867 -0.2726 -1.7118 3.5930 0.0141 0.8213 0.5596 0.1097
1341848011.4227 -0.2697 -1.7087 3.5868 0.0145 0.8203 0.5619 0.1057
1341848011.4547 -0.2676 -1.7072 3.5847 0.0155 0.8216 0.5608 0.1009
1341848011.4868 -0.2659 -1.7057 3.5864 0.0146 0.8227 0.5602 0.0960
1341848011.5229 -0.2631 -1.7030 3.5827 0.0148 0.8218 0.5623 0.0912
1341848011.5547 -0.2610 -1.7002 3.5780 0.0160 0.8215 0.5632 0.0878
1341848011.5909 -0.2624 -1.6977 3.5790 0.0158 0.8224 0.5621 0.0860
1341848011.6227 -0.2585 -1.6950 3.5772 0.0142 0.8221 0.5635 0.0808
1341848011.6549 -0.2544 -1.6927 3.5743 0.0144 0.8219 0.5641 0.0770
1341848011.6908 -0.2561 -1.6887 3.5748 0.0153 0.8220 0.5642 0.0756
1341848011.7226 -0.2586 -1.6847 3.5709 0.0144 0.8211 0.5659 0.0728
1341848011.7548 -0.2549 -1.6816 3.5673 0.0119 0.8204 0.5677 0.0680
1341848011.7908 -0.2539 -1.6780 3.5639 0.0123 0.8198 0.5690 0.0640
1341848011.8227 -0.2541 -1.6740 3.5585 0.0135 0.8184 0.5714 0.0593
1341848011.8588 -0.2534 -1.6704 3.5525 0.0153 0.8177 0.5728 0.0550
1341848011.8907 -0.2538 -1.6662 3.5518 0.0164 0.8182 0.5724 0.0519
1341848011.9229 -0.2528 -1.6648 3.5462 0.0164 0.8167 0.5747 0.0488
1341848011.9588 -0.2536 -1.6575 3.5412 0.0185 0.8171 0.5743 0.0466
1341848011.9908 -0.2571 -1.6538 3.5400 0.0173 0.8176 0.5737 0.0461
1341848012.0227 -0.2558 -1.6502 3.5343 0.0147 0.8163 0.5757 0.0447
1341848012.0589 -0.2551 -1.6452 3.5290 0.0134 0.8157 0.5768 0.0433
1341848012.0908 -0.2572 -1.6394 3.5231 0.0121 0.8150 0.5777 0.0430
1341848012.1269 -0.2548 -1.6327 3.5163 0.0101 0.8147 0.5783 0.0413
1341848012.1910 -0.2508 -1.6217 3.5060 0.0092 0.8136 0.5798 0.0425
1341848012.2267 -0.2536 -1.6144 3.4992 0.0098 0.8122 0.5816 0.0449
1341848012.2587 -0.2507 -1.6082 3.4927 0.0076 0.8113 0.5826 0.0470
1341848012.2952 -0.2529 -1.6021 3.4871 0.0062 0.8102 0.5839 0.0508
1341848012.3269 -0.2526 -1.5946 3.4790 0.0028 0.8089 0.5855 0.0538
1341848012.3588 -0.2508 -1.5879 3.4728 -0.0012 0.8088 0.5854 0.0562
1341848012.3947 -0.2496 -1.5812 3.4685 -0.0045 0.8080 0.5862 0.0592
1341848012.4268 -0.2475 -1.5745 3.4589 -0.0071 0.8056 0.5892 0.0611
1341848012.4588 -0.2472 -1.5683 3.4493 -0.0089 0.8047 0.5902 0.0633
1341848012.4947 -0.2456 -1.5619 3.4453 -0.0118 0.8051 0.5894 0.0652
1341848012.5268 -0.2424 -1.5569 3.4369 -0.0143 0.8032 0.5918 0.0668
1341848012.5627 -0.2404 -1.5514 3.4267 -0.0156 0.8020 0.5930 0.0703
1341848012.5947 -0.2410 -1.5456 3.4244 -0.0185 0.8033 0.5906 0.0751
1341848012.6268 -0.2360 -1.5414 3.4173 -0.0233 0.8021 0.5917 0.0774
1341848012.6628 -0.2305 -1.5367 3.4135 -0.0252 0.8022 0.5911 0.0803
1341848012.6953 -0.2302 -1.5311 3.4099 -0.0260 0.8017 0.5909 0.0861
1341848012.7269 -0.2285 -1.5266 3.4048 -0.0298 0.8008 0.5911 0.0916
1341848012.7627 -0.2205 -1.5229 3.4007 -0.0341 0.8004 0.5910 0.0946
1341848012.7947 -0.2172 -1.5182 3.3994 -0.0350 0.8003 0.5899 0.1012
1341848012.8307 -0.2181 -1.5142 3.3930 -0.0368 0.7983 0.5908 0.1111
1341848012.8628 -0.2159 -1.5112 3.3851 -0.0412 0.7978 0.5897 0.1185
1341848012.8947 -0.2138 -1.5065 3.3879 -0.0455 0.8006 0.5842 0.1249
1341848012.9308 -0.2115 -1.5035 3.3843 -0.0480 0.7997 0.5839 0.1315
1341848012.9628 -0.2124 -1.5002 3.3808 -0.0505 0.7998 0.5819 0.1387
1341848012.9948 -0.2095 -1.4962 3.3832 -0.0552 0.8013 0.5782 0.1436
1341848013.0309 -0.2057 -1.4930 3.3826 -0.0576 0.8003 0.5779 0.1488
1341848013.0627 -0.2039 -1.4904 3.3782 -0.0584 0.7990 0.5780 0.1551
1341848013.0988 -0.2013 -1.4878 3.3785 -0.0600 0.7995 0.5754 0.1615
1341848013.1308 -0.1985 -1.4851 3.3811 -0.0606 0.7996 0.5735 0.1673
1341848013.1628 -0.1925 -1.4834 3.3815 -0.0601 0.7983 0.5738 0.1727
1341848013.1987 -0.1926 -1.4808 3.3813 -0.0567 0.7965 0.5741 0.1811
1341848013.2309 -0.1929 -1.4780 3.3820 -0.0552 0.7956 0.5735 0.1875
1341848013.2627 -0.1881 -1.4760 3.3850 -0.0552 0.7942 0.5736 0.1926
1341848013.2987 -0.1882 -1.4745 3.3839 -0.0530 0.7913 0.5750 0.2011
1341848013.3308 -0.1890 -1.4721 3.3837 -0.0545 0.7898 0.5741 0.2090
1341848013.3667 -0.1844 -1.4703 3.3882 -0.0587 0.7895 0.5720 0.2147
1341848013.3987 -0.1793 -1.4682 3.3950 -0.0603 0.7884 0.5712 0.2202
1341848013.4309 -0.1748 -1.4665 3.3987 -0.0601 0.7848 0.5732 0.2278
1341848013.4670 -0.1738 -1.4661 3.3933 -0.0597 0.7793 0.5767 0.2378
1341848013.4988 -0.1715 -1.4641 3.3946 -0.0629 0.7785 0.5742 0.2454
1341848013.5348 -0.1657 -1.4631 3.3996 -0.0678 0.7783 0.5709 0.2523
1341848013.5667 -0.1587 -1.4629 3.4023 -0.0706 0.7765 0.5695 0.2602
1341848013.5988 -0.1583 -1.4620 3.4054 -0.0695 0.7754 0.5669 0.2693
1341848013.6348 -0.1524 -1.4615 3.4069 -0.0709 0.7732 0.5668 0.2755
1341848013.6667 -0.1464 -1.4615 3.4047 -0.0716 0.7711 0.5653 0.2843
1341848013.6988 -0.1460 -1.4616 3.4062 -0.0710 0.7715 0.5601 0.2933
1341848013.7346 -0.1414 -1.4617 3.4078 -0.0728 0.7718 0.5557 0.3003
1341848013.7668 -0.1378 -1.4616 3.4122 -0.0729 0.7731 0.5506 0.3064
1341848013.8027 -0.1353 -1.4604 3.4169 -0.0720 0.7732 0.5471 0.3124
1341848013.8348 -0.1334 -1.4595 3.4170 -0.0717 0.7709 0.5463 0.3197
1341848013.8668 -0.1292 -1.4596 3.4150 -0.0728 0.7693 0.5448 0.3257
1341848013.9027 -0.1276 -1.4576 3.4208 -0.0738 0.7704 0.5394 0.3319
1341848013.9667 -0.1183 -1.4568 3.4242 -0.0754 0.7665 0.5378 0.3427
1341848014.0027 -0.1133 -1.4561 3.4260 -0.0758 0.7649 0.5366 0.3482
1341848014.0349 -0.1079 -1.4554 3.4284 -0.0764 0.7625 0.5352 0.3554
1341848014.0710 -0.1055 -1.4539 3.4274 -0.0773 0.7589 0.5338 0.3648
1341848014.1027 -0.1016 -1.4511 3.4287 -0.0815 0.7569 0.5310 0.3722
1341848014.1347 -0.0926 -1.4509 3.4332 -0.0860 0.7554 0.5288 0.3773
1341848014.1707 -0.0870 -1.4485 3.4367 -0.0875 0.7523 0.5276 0.3847
1341848014.2027 -0.0787 -1.4485 3.4349 -0.0903 0.7478 0.5282 0.3919
1341848014.2348 -0.0678 -1.4495 3.4378 -0.0925 0.7464 0.5252 0.3980
1341848014.2707 -0.0635 -1.4458 3.4443 -0.0933 0.7447 0.5205 0.4072
1341848014.3027 -0.0534 -1.4474 3.4451 -0.0934 0.7413 0.5209 0.4127
1341848014.3387 -0.0448 -1.4472 3.4500 -0.0933 0.7393 0.5181 0.4198
1341848014.3706 -0.0381 -1.4458 3.4548 -0.0939 0.7359 0.5146 0.4300
1341848014.4388 -0.0212 -1.4459 3.4623 -0.0965 0.7308 0.5068 0.4470
1341848014.4708 -0.0130 -1.4465 3.4645 -0.0976 0.7269 0.5026 0.4577
1341848014.5066 -0.0073 -1.4462 3.4711 -0.0985 0.7251 0.4965 0.4670
1341848014.5387 0.0037 -1.4489 3.4722 -0.1006 0.7204 0.4936 0.4766
1341848014.5708 0.0096 -1.4492 3.4756 -0.0998 0.7198 0.4866 0.4849
1341848014.6069 0.0150 -1.4504 3.4866 -0.0992 0.7194 0.4806 0.4916
1341848014.6387 0.0233 -1.4527 3.4862 -0.0973 0.7145 0.4804 0.4993
1341848014.6708 0.0318 -1.4547 3.4886 -0.0954 0.7122 0.4772 0.5060
1341848014.7068 0.0380 -1.4563 3.4892 -0.0938 0.7097 0.4725 0.5140
1341848014.7387 0.0451 -1.4578 3.4924 -0.0926 0.7095 0.4675 0.5191
1341848014.7747 0.0535 -1.4617 3.5012 -0.0896 0.7093 0.4645 0.5226
1341848014.8067 0.0585 -1.4619 3.5017 -0.0836 0.7052 0.4641 0.5295
1341848014.8387 0.0656 -1.4634 3.5036 -0.0810 0.7023 0.4628 0.5348
1341848014.8747 0.0742 -1.4648 3.5081 -0.0792 0.6998 0.4600 0.5408
1341848014.9066 0.0769 -1.4637 3.5086 -0.0757 0.6960 0.4568 0.5488
1341848014.9387 0.0828 -1.4633 3.5127 -0.0739 0.6933 0.4569 0.5524
1341848014.9747 0.0886 -1.4632 3.5168 -0.0713 0.6893 0.4574 0.5573
1341848015.0067 0.0855 -1.4597 3.5114 -0.0694 0.6819 0.4576 0.5665
1341848015.0426 0.0895 -1.4563 3.5143 -0.0752 0.6771 0.4585 0.5706
1341848015.0749 0.0961 -1.4551 3.5155 -0.0830 0.6722 0.4581 0.5756
1341848015.1068 0.1015 -1.4528 3.5182 -0.0897 0.6687 0.4557 0.5806
1341848015.1427 0.1057 -1.4501 3.5212 -0.0938 0.6654 0.4551 0.5842
1341848015.1747 0.1139 -1.4489 3.5242 -0.0970 0.6612 0.4566 0.5873
1341848015.2072 0.1181 -1.4469 3.5241 -0.0976 0.6561 0.4564 0.5930
1341848015.2435 0.1231 -1.4448 3.5246 -0.1006 0.6519 0.4545 0.5986
1341848015.2748 0.1298 -1.4430 3.5283 -0.1019 0.6484 0.4526 0.6036
1341848015.3106 0.1337 -1.4418 3.5295 -0.1002 0.6428 0.4504 0.6115
1341848015.3429 0.1365 -1.4396 3.5289 -0.0989 0.6372 0.4481 0.6192
1341848015.3747 0.1411 -1.4377 3.5307 -0.0974 0.6314 0.4473 0.6259
1341848015.4107 0.1448 -1.4372 3.5301 -0.0952 0.6244 0.4463 0.6339
1341848015.4428 0.1464 -1.4356 3.5284 -0.0936 0.6176 0.4448 0.6419
1341848015.4750 0.1507 -1.4342 3.5288 -0.0934 0.6111 0.4420 0.6500
1341848015.5109 0.1545 -1.4342 3.5290 -0.0942 0.6054 0.4369 0.6586
1341848015.5428 0.1528 -1.4331 3.5288 -0.0910 0.5988 0.4343 0.6667
1341848015.5818 0.1572 -1.4323 3.5293 -0.0913 0.5906 0.4330 0.6748
1341848015.6178 0.1606 -1.4320 3.5296 -0.0926 0.5841 0.4265 0.6844
1341848015.6501 0.1603 -1.4320 3.5298 -0.0932 0.5781 0.4205 0.6931
1341848015.6858 0.1646 -1.4312 3.5320 -0.0943 0.5723 0.4171 0.6998
1341848015.7181 0.1681 -1.4316 3.5353 -0.0936 0.5685 0.4109 0.7066
1341848015.7498 0.1672 -1.4322 3.5343 -0.0901 0.5631 0.4065 0.7138
1341848015.7858 0.1701 -1.4329 3.5365 -0.0878 0.5579 0.4035 0.7199
1341848015.8179 0.1709 -1.4352 3.5347 -0.0865 0.5534 0.3976 0.7267
1341848015.8538 0.1703 -1.4364 3.5360 -0.0844 0.5499 0.3930 0.7321
1341848015.8857 0.1710 -1.4376 3.5342 -0.0831 0.5448 0.3882 0.7387
1341848015.9178 0.1721 -1.4388 3.5340 -0.0845 0.5421 0.3813 0.7440
1341848015.9540 0.1729 -1.4390 3.5363 -0.0827 0.5405 0.3734 0.7494
1341848015.9867 0.1699 -1.4415 3.5361 -0.0798 0.5383 0.3674 0.7542
1341848016.0217 0.1693 -1.4418 3.5361 -0.0767 0.5344 0.3644 0.7588
1341848016.0539 0.1713 -1.4429 3.5367 -0.0748 0.5317 0.3595 0.7632
1341848016.0857 0.1675 -1.4441 3.5346 -0.0719 0.5295 0.3537 0.7677
1341848016.1218 0.1646 -1.4446 3.5337 -0.0719 0.5267 0.3508 0.7709
1341848016.1538 0.1657 -1.4456 3.5339 -0.0741 0.5251 0.3485 0.7729
1341848016.1858 0.1634 -1.4461 3.5329 -0.0750 0.5237 0.3456 0.7750
1341848016.2217 0.1622 -1.4466 3.5337 -0.0766 0.5224 0.3455 0.7758
1341848016.2537 0.1652 -1.4471 3.5353 -0.0769 0.5217 0.3451 0.7764
1341848016.2900 0.1593 -1.4490 3.5326 -0.0773 0.5227 0.3430 0.7766
1341848016.3220 0.1591 -1.4495 3.5354 -0.0793 0.5255 0.3467 0.7729
1341848016.3537 0.1624 -1.4499 3.5383 -0.0766 0.5275 0.3499 0.7704
1341848016.3898 0.1561 -1.4525 3.5369 -0.0733 0.5290 0.3520 0.7687
1341848016.4217 0.1573 -1.4542 3.5395 -0.0715 0.5304 0.3575 0.7653
1341848016.4539 0.1561 -1.4554 3.5416 -0.0675 0.5325 0.3608 0.7627
1341848016.4901 0.1546 -1.4567 3.5433 -0.0635 0.5342 0.3613 0.7616
1341848016.5218 0.1511 -1.4587 3.5443 -0.0613 0.5367 0.3610 0.7602
1341848016.5542 0.1508 -1.4594 3.5475 -0.0576 0.5391 0.3618 0.7584
1341848016.5898 0.1462 -1.4630 3.5501 -0.0538 0.5399 0.3616 0.7582
1341848016.6219 0.1433 -1.4654 3.5526 -0.0516 0.5410 0.3640 0.7564
1341848016.6578 0.1431 -1.4674 3.5578 -0.0463 0.5413 0.3683 0.7545
1341848016.6899 0.1366 -1.4714 3.5580 -0.0433 0.5392 0.3687 0.7560
1341848016.7578 0.1370 -1.4762 3.5671 -0.0436 0.5410 0.3680 0.7550
1341848016.8188 0.1249 -1.4839 3.5755 -0.0422 0.5423 0.3666 0.7548
1341848016.8508 0.1217 -1.4877 3.5793 -0.0412 0.5416 0.3670 0.7551
1341848016.8828 0.1152 -1.4919 3.5826 -0.0414 0.5421 0.3669 0.7548
1341848016.9189 0.1115 -1.4943 3.5890 -0.0413 0.5422 0.3682 0.7542
1341848016.9507 0.1074 -1.4984 3.5920 -0.0409 0.5412 0.3694 0.7543
1341848016.9867 0.1002 -1.5017 3.5956 -0.0422 0.5426 0.3678 0.7540
1341848017.0187 0.0973 -1.5057 3.6021 -0.0433 0.5444 0.3696 0.7518
1341848017.0508 0.0907 -1.5103 3.6050 -0.0428 0.5453 0.3706 0.7507
1341848017.0868 0.0861 -1.5131 3.6080 -0.0435 0.5471 0.3717 0.7487
1341848017.1186 0.0818 -1.5174 3.6119 -0.0438 0.5508 0.3728 0.7455
1341848017.1507 0.0749 -1.5197 3.6114 -0.0417 0.5529 0.3746 0.7431
1341848017.1869 0.0702 -1.5249 3.6160 -0.0411 0.5572 0.3778 0.7383
1341848017.2188 0.0672 -1.5287 3.6177 -0.0395 0.5607 0.3797 0.7348
1341848017.2547 0.0582 -1.5337 3.6196 -0.0372 0.5659 0.3798 0.7309
1341848017.2866 0.0541 -1.5375 3.6235 -0.0347 0.5702 0.3824 0.7263
1341848017.3187 0.0549 -1.5409 3.6257 -0.0295 0.5733 0.3832 0.7236
1341848017.3547 0.0392 -1.5478 3.6233 -0.0234 0.5781 0.3799 0.7217
1341848017.3868 0.0311 -1.5518 3.6253 -0.0216 0.5827 0.3818 0.7171
1341848017.4188 0.0257 -1.5563 3.6277 -0.0164 0.5868 0.3843 0.7126
1341848017.4548 0.0126 -1.5596 3.6272 -0.0133 0.5889 0.3859 0.7100
1341848017.4867 0.0118 -1.5634 3.6299 -0.0132 0.5920 0.3881 0.7063
1341848017.5227 0.0041 -1.5671 3.6312 -0.0119 0.5955 0.3871 0.7038
1341848017.5548 -0.0034 -1.5695 3.6307 -0.0106 0.5987 0.3867 0.7013
1341848017.5878 -0.0065 -1.5717 3.6345 -0.0098 0.6023 0.3879 0.6976
1341848017.6227 -0.0120 -1.5757 3.6339 -0.0072 0.6053 0.3878 0.6951
1341848017.6548 -0.0177 -1.5767 3.6348 -0.0053 0.6082 0.3888 0.6921
1341848017.6868 -0.0149 -1.5804 3.6368 -0.0034 0.6117 0.3888 0.6889
1341848017.7228 -0.0278 -1.5841 3.6363 0.0016 0.6152 0.3872 0.6868
1341848017.7548 -0.0263 -1.5857 3.6401 0.0037 0.6174 0.3895 0.6834
1341848017.7907 -0.0298 -1.5904 3.6402 0.0078 0.6194 0.3889 0.6820
1341848017.8228 -0.0381 -1.5936 3.6409 0.0104 0.6223 0.3871 0.6803
1341848017.8547 -0.0415 -1.5959 3.6443 0.0114 0.6242 0.3872 0.6785
1341848017.8907 -0.0454 -1.5989 3.6446 0.0123 0.6247 0.3874 0.6779
1341848017.9228 -0.0529 -1.6007 3.6454 0.0128 0.6260 0.3876 0.6765
1341848017.9586 -0.0515 -1.6031 3.6475 0.0106 0.6274 0.3880 0.6750
1341848017.9907 -0.0603 -1.6051 3.6518 0.0124 0.6300 0.3871 0.6731
1341848018.0227 -0.0621 -1.6065 3.6540 0.0105 0.6305 0.3895 0.6713
1341848018.0588 -0.0616 -1.6088 3.6545 0.0093 0.6325 0.3905 0.6689
1341848018.0909 -0.0670 -1.6100 3.6556 0.0090 0.6350 0.3902 0.6667
1341848018.1227 -0.0689 -1.6121 3.6619 0.0088 0.6375 0.3933 0.6625
1341848018.1591 -0.0662 -1.6144 3.6633 0.0105 0.6383 0.3973 0.6593
1341848018.1908 -0.0715 -1.6168 3.6646 0.0111 0.6409 0.3976 0.6566
1341848018.2267 -0.0702 -1.6190 3.6694 0.0091 0.6438 0.3985 0.6531
1341848018.2588 -0.0708 -1.6231 3.6747 0.0100 0.6462 0.4004 0.6496
1341848018.2907 -0.0747 -1.6269 3.6787 0.0121 0.6472 0.4041 0.6463
1341848018.3339 -0.0738 -1.6294 3.6808 0.0105 0.6486 0.4061 0.6436
1341848018.3672 -0.0721 -1.6338 3.6857 0.0089 0.6526 0.4060 0.6397
1341848018.3977 -0.0758 -1.6386 3.6948 0.0089 0.6567 0.4054 0.6359
1341848018.4338 -0.0773 -1.6426 3.7029 0.0117 0.6580 0.4104 0.6313
1341848018.4657 -0.0770 -1.6466 3.7095 0.0149 0.6586 0.4164 0.6266
1341848018.5018 -0.0784 -1.6506 3.7145 0.0162 0.6605 0.4189 0.6229
1341848018.5345 -0.0806 -1.6553 3.7238 0.0164 0.6640 0.4199 0.6185
1341848018.5658 -0.0826 -1.6592 3.7330 0.0166 0.6663 0.4218 0.6147
1341848018.6017 -0.0822 -1.6638 3.7389 0.0164 0.6684 0.4231 0.6115
1341848018.6337 -0.0868 -1.6684 3.7466 0.0160 0.6719 0.4235 0.6074
1341848018.6698 -0.0869 -1.6744 3.7583 0.0153 0.6747 0.4255 0.6029
1341848018.7018 -0.0907 -1.6795 3.7649 0.0156 0.6753 0.4285 0.6001
1341848018.7339 -0.0877 -1.6846 3.7728 0.0139 0.6778 0.4298 0.5964
1341848018.7697 -0.0914 -1.6930 3.7815 0.0131 0.6799 0.4297 0.5940
1341848018.8022 -0.0906 -1.6991 3.7918 0.0126 0.6816 0.4305 0.5916
1341848018.8338 -0.0895 -1.7049 3.7952 0.0126 0.6821 0.4306 0.5909
1341848018.8698 -0.0910 -1.7126 3.8038 0.0134 0.6855 0.4283 0.5886
1341848018.9020 -0.0957 -1.7208 3.8117 0.0145 0.6867 0.4283 0.5872
1341848018.9338 -0.0931 -1.7263 3.8205 0.0178 0.6872 0.4314 0.5842
1341848018.9697 -0.0993 -1.7343 3.8240 0.0200 0.6873 0.4318 0.5838
1341848019.0023 -0.1003 -1.7391 3.8307 0.0184 0.6891 0.4321 0.5815
1341848019.0698 -0.1034 -1.7532 3.8418 0.0186 0.6926 0.4310 0.5781
1341848019.1308 -0.1058 -1.7640 3.8510 0.0166 0.6964 0.4320 0.5728
1341848019.1627 -0.1100 -1.7703 3.8578 0.0167 0.6983 0.4332 0.5696
1341848019.1986 -0.1129 -1.7750 3.8659 0.0161 0.7008 0.4352 0.5650
1341848019.2311 -0.1106 -1.7794 3.8716 0.0145 0.7037 0.4368 0.5602
1341848019.2627 -0.1145 -1.7873 3.8793 0.0136 0.7067 0.4366 0.5566
1341848019.2987 -0.1214 -1.7924 3.8891 0.0128 0.7092 0.4378 0.5524
1341848019.3307 -0.1173 -1.7969 3.8961 0.0114 0.7116 0.4405 0.5472
1341848019.3627 -0.1242 -1.8058 3.9047 0.0109 0.7147 0.4399 0.5436
1341848019.3987 -0.1283 -1.8106 3.9161 0.0095 0.7178 0.4410 0.5386
1341848019.4310 -0.1251 -1.8163 3.9245 0.0085 0.7202 0.4425 0.5342
1341848019.4670 -0.1314 -1.8241 3.9318 0.0077 0.7231 0.4414 0.5313
1341848019.4988 -0.1303 -1.8296 3.9444 0.0073 0.7273 0.4411 0.5258
1341848019.5308 -0.1335 -1.8388 3.9561 0.0109 0.7299 0.4421 0.5212
1341848019.5671 -0.1388 -1.8462 3.9682 0.0130 0.7313 0.4442 0.5174
1341848019.5987 -0.1365 -1.8521 3.9775 0.0135 0.7326 0.4454 0.5146
1341848019.6307 -0.1424 -1.8594 3.9897 0.0138 0.7353 0.4446 0.5114
1341848019.6669 -0.1427 -1.8668 4.0040 0.0137 0.7367 0.4464 0.5078
1341848019.6987 -0.1428 -1.8720 4.0134 0.0145 0.7365 0.4487 0.5059
1341848019.7348 -0.1448 -1.8766 4.0195 0.0137 0.7379 0.4494 0.5033
1341848019.7667 -0.1437 -1.8835 4.0302 0.0116 0.7407 0.4492 0.4995
1341848019.7987 -0.1469 -1.8916 4.0391 0.0121 0.7418 0.4502 0.4969
1341848019.8347 -0.1474 -1.8966 4.0460 0.0130 0.7432 0.4516 0.4935
1341848019.8988 -0.1471 -1.9062 4.0599 0.0148 0.7481 0.4530 0.4847
1341848019.9348 -0.1490 -1.9103 4.0684 0.0169 0.7498 0.4554 0.4797
1341848019.9667 -0.1470 -1.9127 4.0720 0.0187 0.7511 0.4586 0.4745
1341848020.0028 -0.1454 -1.9148 4.0765 0.0188 0.7539 0.4596 0.4691
1341848020.0347 -0.1455 -1.9193 4.0837 0.0178 0.7573 0.4597 0.4635
1341848020.0667 -0.1430 -1.9252 4.0916 0.0183 0.7593 0.4620 0.4580
1341848020.1028 -0.1421 -1.9283 4.0963 0.0204 0.7605 0.4640 0.4538
1341848020.1348 -0.1410 -1.9290 4.1004 0.0191 0.7629 0.4642 0.4495
1341848020.1708 -0.1377 -1.9353 4.1060 0.0170 0.7661 0.4641 0.4443
1341848020.2027 -0.1375 -1.9403 4.1140 0.0171 0.7687 0.4643 0.4397
1341848020.2349 -0.1350 -1.9434 4.1192 0.0165 0.7708 0.4656 0.4345
1341848020.2712 -0.1281 -1.9453 4.1224 0.0161 0.7735 0.4659 0.4293
1341848020.3028 -0.1273 -1.9522 4.1309 0.0160 0.7767 0.4654 0.4242
1341848020.3349 -0.1245 -1.9566 4.1355 0.0165 0.7787 0.4665 0.4193
1341848020.3708 -0.1168 -1.9576 4.1402 0.0179 0.7815 0.4674 0.4128
1341848020.4388 -0.1090 -1.9660 4.1515 0.0188 0.7877 0.4666 0.4019
1341848020.4712 -0.1018 -1.9691 4.1550 0.0189 0.7917 0.4651 0.3957
1341848020.5027 -0.1010 -1.9778 4.1646 0.0208 0.7958 0.4634 0.3893
1341848020.5387 -0.0977 -1.9838 4.1733 0.0233 0.7981 0.4651 0.3822
1341848020.5708 -0.0911 -1.9867 4.1786 0.0258 0.7998 0.4668 0.3765
1341848020.6028 -0.0918 -1.9954 4.1888 0.0278 0.8016 0.4685 0.3703
1341848020.6389 -0.0860 -1.9999 4.1970 0.0289 0.8020 0.4727 0.3640
1341848020.6708 -0.0759 -1.9994 4.1993 0.0304 0.8025 0.4752 0.3595
1341848020.7067 -0.0773 -2.0058 4.2075 0.0296 0.8042 0.4749 0.3561
1341848020.7390 -0.0698 -2.0094 4.2145 0.0276 0.8051 0.4775 0.3508
1341848020.7708 -0.0607 -2.0141 4.2196 0.0295 0.8050 0.4804 0.3469
1341848020.8072 -0.0597 -2.0179 4.2246 0.0311 0.8050 0.4820 0.3445
1341848020.8391 -0.0514 -2.0191 4.2270 0.0294 0.8056 0.4836 0.3411
1341848020.8710 -0.0443 -2.0245 4.2300 0.0292 0.8066 0.4837 0.3386
1341848020.9066 -0.0434 -2.0338 4.2399 0.0305 0.8075 0.4844 0.3354
1341848020.9388 -0.0345 -2.0331 4.2411 0.0313 0.8076 0.4864 0.3320
1341848020.9749 -0.0294 -2.0367 4.2427 0.0306 0.8089 0.4857 0.3299
1341848021.0066 -0.0272 -2.0454 4.2503 0.0303 0.8105 0.4853 0.3267
1341848021.0396 -0.0201 -2.0476 4.2553 0.0305 0.8111 0.4869 0.3227
1341848021.0748 -0.0123 -2.0507 4.2588 0.0318 0.8117 0.4884 0.3186
1341848021.1067 -0.0092 -2.0526 4.2626 0.0312 0.8129 0.4884 0.3159
1341848021.1428 -0.0012 -2.0565 4.2682 0.0290 0.8146 0.4888 0.3109
1341848021.1750 0.0069 -2.0600 4.2726 0.0290 0.8158 0.4894 0.3069
1341848021.2067 0.0122 -2.0635 4.2801 0.0299 0.8170 0.4901 0.3024
1341848021.2427 0.0204 -2.0614 4.2782 0.0288 0.8185 0.4901 0.2984
1341848021.2749 0.0280 -2.0689 4.2871 0.0274 0.8217 0.4887 0.2920
1341848021.3073 0.0361 -2.0728 4.2923 0.0289 0.8237 0.4884 0.2865
1341848021.3434 0.0447 -2.0734 4.2930 0.0298 0.8263 0.4872 0.2810
1341848021.3848 0.0531 -2.0777 4.2964 0.0300 0.8305 0.4840 0.2740
1341848021.4143 0.0598 -2.0880 4.3064 0.0315 0.8343 0.4819 0.2660
1341848021.4557 0.0696 -2.0921 4.3094 0.0351 0.8366 0.4819 0.2581
1341848021.4879 0.0762 -2.0987 4.3149 0.0388 0.8396 0.4800 0.2512
1341848021.5147 0.0846 -2.1070 4.3241 0.0411 0.8419 0.4794 0.2442
1341848021.5508 0.0909 -2.1144 4.3311 0.0436 0.8429 0.4801 0.2390
1341848021.6178 0.1086 -2.1201 4.3408 0.0387 0.8458 0.4786 0.2324
1341848021.6788 0.1289 -2.1281 4.3502 0.0309 0.8488 0.4775 0.2249
1341848021.7107 0.1360 -2.1349 4.3606 0.0309 0.8499 0.4771 0.2215
1341848021.7428 0.1442 -2.1352 4.3636 0.0315 0.8498 0.4790 0.2175
1341848021.7787 0.1533 -2.1375 4.3660 0.0315 0.8505 0.4798 0.2133
1341848021.8109 0.1596 -2.1413 4.3727 0.0311 0.8510 0.4808 0.2090
1341848021.8446 0.1699 -2.1382 4.3707 0.0282 0.8513 0.4824 0.2044
1341848021.8789 0.1818 -2.1424 4.3735 0.0266 0.8525 0.4822 0.1998
1341848021.9106 0.1920 -2.1438 4.3763 0.0256 0.8536 0.4817 0.1966
1341848021.9467 0.2034 -2.1421 4.3756 0.0246 0.8549 0.4810 0.1931
1341848021.9787 0.2133 -2.1472 4.3771 0.0238 0.8565 0.4795 0.1896
1341848022.0108 0.2242 -2.1483 4.3811 0.0222 0.8583 0.4777 0.1861
1341848022.0467 0.2340 -2.1493 4.3805 0.0219 0.8592 0.4777 0.1822
1341848022.0787 0.2449 -2.1520 4.3824 0.0221 0.8605 0.4770 0.1774
1341848022.1110 0.2556 -2.1511 4.3835 0.0199 0.8620 0.4761 0.1730
1341848022.1467 0.2694 -2.1507 4.3805 0.0188 0.8630 0.4760 0.1681
1341848022.1790 0.2791 -2.1532 4.3795 0.0182 0.8644 0.4749 0.1641
1341848022.2148 0.2913 -2.1514 4.3773 0.0175 0.8660 0.4737 0.1591
1341848022.2468 0.3027 -2.1514 4.3740 0.0176 0.8683 0.4716 0.1529
1341848022.2788 0.3115 -2.1563 4.3751 0.0207 0.8696 0.4712 0.1463
1341848022.3148 0.3240 -2.1550 4.3713 0.0258 0.8699 0.4724 0.1393
1341848022.3541 0.3327 -2.1545 4.3656 0.0274 0.8715 0.4710 0.1338
1341848022.3872 0.3410 -2.1602 4.3677 0.0277 0.8733 0.4695 0.1269
1341848022.4178 0.3544 -2.1596 4.3594 0.0299 0.8736 0.4704 0.1208
1341848022.4542 0.3635 -2.1607 4.3562 0.0311 0.8757 0.4675 0.1165
1341848022.4856 0.3702 -2.1654 4.3555 0.0306 0.8775 0.4655 0.1115
1341848022.5217 0.3825 -2.1678 4.3513 0.0321 0.8782 0.4655 0.1052
1341848022.5542 0.3918 -2.1708 4.3469 0.0343 0.8789 0.4647 0.1016
1341848022.5861 0.3956 -2.1765 4.3452 0.0342 0.8801 0.4634 0.0977
1341848022.6218 0.4074 -2.1745 4.3402 0.0324 0.8810 0.4630 0.0915
1341848022.6542 0.4181 -2.1790 4.3341 0.0341 0.8822 0.4615 0.0867
1341848022.6903 0.4204 -2.1833 4.3375 0.0359 0.8829 0.4609 0.0824
1341848022.7217 0.4276 -2.1851 4.3342 0.0358 0.8821 0.4638 0.0746
1341848022.7830 0.4443 -2.1874 4.3308 0.0362 0.8822 0.4650 0.0639
1341848022.8148 0.4506 -2.1851 4.3268 0.0337 0.8806 0.4694 0.0558
1341848022.8508 0.4693 -2.1802 4.3193 0.0308 0.8804 0.4709 0.0479
1341848022.8827 0.4666 -2.1852 4.3245 0.0311 0.8796 0.4727 0.0440
1341848022.9188 0.4668 -2.1840 4.3255 0.0274 0.8754 0.4814 0.0350
1341848022.9508 0.4840 -2.1711 4.2985 0.0205 0.8735 0.4857 0.0264
1341848022.9827 0.4854 -2.1769 4.3070 0.0141 0.8777 0.4785 0.0209
1341848023.0188 0.4941 -2.1823 4.3092 0.0094 0.8757 0.4827 0.0092
1341848023.0508 0.5148 -2.1767 4.2970 0.0105 0.8731 0.4874 -0.0031
1341848023.0827 0.5240 -2.1780 4.2920 0.0145 0.8730 0.4874 -0.0098
1341848023.1188 0.5277 -2.1818 4.2928 0.0160 0.8721 0.4888 -0.0175
1341848023.1510 0.5437 -2.1722 4.2839 0.0147 0.8714 0.4896 -0.0282
1341848023.1867 0.5517 -2.1777 4.2870 0.0156 0.8716 0.4888 -0.0351
1341848023.2187 0.5583 -2.1781 4.2905 0.0184 0.8688 0.4929 -0.0429
1341848023.2868 0.5819 -2.1686 4.2846 0.0163 0.8634 0.5010 -0.0565
1341848023.3188 0.5881 -2.1659 4.2832 0.0105 0.8613 0.5043 -0.0608
1341848023.3548 0.6009 -2.1614 4.2805 0.0052 0.8593 0.5070 -0.0682
1341848023.3869 0.6129 -2.1550 4.2773 0.0035 0.8579 0.5086 -0.0732
1341848023.4187 0.6208 -2.1544 4.2773 0.0032 0.8562 0.5108 -0.0774
1341848023.4547 0.6291 -2.1485 4.2730 0.0047 0.8538 0.5138 -0.0835
1341848023.4871 0.6396 -2.1453 4.2685 0.0050 0.8524 0.5152 -0.0887
1341848023.5187 0.6466 -2.1445 4.2664 0.0036 0.8518 0.5155 -0.0932
1341848023.5551 0.6532 -2.1385 4.2618 0.0011 0.8514 0.5152 -0.0987
1341848023.5868 0.6609 -2.1307 4.2534 0.0011 0.8513 0.5147 -0.1022
1341848023.6228 0.6666 -2.1290 4.2491 0.0026 0.8515 0.5135 -0.1064
1341848023.6872 0.6803 -2.1244 4.2381 0.0013 0.8512 0.5115 -0.1171
1341848023.7227 0.6886 -2.1221 4.2321 0.0029 0.8514 0.5099 -0.1226
1341848023.7547 0.6922 -2.1216 4.2291 0.0040 0.8510 0.5099 -0.1258
1341848023.7869 0.6962 -2.1147 4.2188 0.0027 0.8501 0.5102 -0.1305
1341848023.8228 0.7026 -2.1130 4.2135 0.0010 0.8504 0.5084 -0.1357
1341848023.8548 0.7077 -2.1064 4.2062 0.0014 0.8495 0.5087 -0.1397
1341848023.8907 0.7129 -2.1016 4.1973 0.0011 0.8489 0.5084 -0.1448
1341848023.9228 0.7194 -2.0969 4.1857 -0.0009 0.8485 0.5076 -0.1496
1341848023.9548 0.7215 -2.0940 4.1774 0.0000 0.8488 0.5056 -0.1546
1341848023.9907 0.7285 -2.0937 4.1725 0.0027 0.8478 0.5050 -0.1619
1341848024.0227 0.7354 -2.0879 4.1622 0.0072 0.8456 0.5063 -0.1688
1341848024.0547 0.7402 -2.0820 4.1504 0.0102 0.8448 0.5063 -0.1728
1341848024.1228 0.7483 -2.0794 4.1379 0.0159 0.8430 0.5059 -0.1823
1341848024.1588 0.7540 -2.0721 4.1270 0.0180 0.8417 0.5063 -0.1868
1341848024.1909 0.7553 -2.0710 4.1206 0.0202 0.8420 0.5048 -0.1893
1341848024.2228 0.7567 -2.0712 4.1179 0.0206 0.8402 0.5061 -0.1937
1341848024.2588 0.7631 -2.0598 4.1057 0.0207 0.8378 0.5074 -0.2005
1341848024.2908 0.7667 -2.0587 4.1019 0.0222 0.8373 0.5070 -0.2035
1341848024.3227 0.7680 -2.0567 4.0956 0.0216 0.8347 0.5100 -0.2067
1341848024.3587 0.7714 -2.0491 4.0864 0.0195 0.8329 0.5112 -0.2114
1341848024.3909 0.7749 -2.0466 4.0796 0.0176 0.8320 0.5111 -0.2150
1341848024.4268 0.7799 -2.0440 4.0751 0.0170 0.8306 0.5116 -0.2194
1341848024.4588 0.7826 -2.0378 4.0680 0.0172 0.8290 0.5127 -0.2228
1341848024.4910 0.7862 -2.0368 4.0642 0.0167 0.8275 0.5134 -0.2267
1341848024.5268 0.7920 -2.0312 4.0591 0.0150 0.8254 0.5149 -0.2312
1341848024.5586 0.7991 -2.0239 4.0536 0.0139 0.8242 0.5150 -0.2350
1341848024.5947 0.8028 -2.0224 4.0503 0.0145 0.8230 0.5157 -0.2379
1341848024.6267 0.8069 -2.0202 4.0447 0.0127 0.8202 0.5185 -0.2413
1341848024.6587 0.8144 -2.0108 4.0379 0.0115 0.8187 0.5185 -0.2465
1341848024.6948 0.8195 -2.0085 4.0363 0.0132 0.8176 0.5183 -0.2503
1341848024.7271 0.8264 -2.0026 4.0313 0.0134 0.8149 0.5206 -0.2545
1341848024.7589 0.8325 -1.9947 4.0234 0.0136 0.8135 0.5207 -0.2588
1341848024.7947 0.8394 -1.9946 4.0213 0.0129 0.8129 0.5197 -0.2624
1341848024.8267 0.8492 -1.9875 4.0165 0.0119 0.8114 0.5195 -0.2675
1341848024.8628 0.8591 -1.9817 4.0105 0.0140 0.8110 0.5178 -0.2719
1341848024.8948 0.8676 -1.9826 4.0089 0.0172 0.8106 0.5166 -0.2752
1341848024.9268 0.8766 -1.9774 4.0040 0.0191 0.8096 0.5156 -0.2798
1341848024.9627 0.8868 -1.9758 4.0009 0.0210 0.8096 0.5140 -0.2828
1341848024.9947 0.8952 -1.9774 4.0027 0.0241 0.8086 0.5138 -0.2855
1341848025.0269 0.9046 -1.9698 3.9966 0.0261 0.8061 0.5151 -0.2903
1341848025.0626 0.9128 -1.9676 3.9935 0.0256 0.8057 0.5143 -0.2928
1341848025.1311 0.9327 -1.9598 3.9875 0.0229 0.8023 0.5149 -0.3010
1341848025.1631 0.9424 -1.9568 3.9840 0.0247 0.8019 0.5135 -0.3043
1341848025.1949 0.9511 -1.9565 3.9836 0.0266 0.8006 0.5137 -0.3072
1341848025.2306 0.9596 -1.9508 3.9771 0.0273 0.7984 0.5141 -0.3122
1341848025.2627 0.9686 -1.9484 3.9734 0.0285 0.7983 0.5127 -0.3147
1341848025.2947 0.9762 -1.9484 3.9725 0.0295 0.7977 0.5125 -0.3165
1341848025.3307 0.9823 -1.9442 3.9675 0.0285 0.7965 0.5127 -0.3193
1341848025.3630 0.9902 -1.9430 3.9635 0.0277 0.7961 0.5122 -0.3211
1341848025.3988 0.9986 -1.9400 3.9622 0.0290 0.7955 0.5113 -0.3238
1341848025.4307 1.0023 -1.9356 3.9567 0.0301 0.7939 0.5127 -0.3256
1341848025.4628 1.0072 -1.9354 3.9523 0.0279 0.7931 0.5125 -0.3281
1341848025.4987 1.0158 -1.9338 3.9499 0.0252 0.7925 0.5118 -0.3308
1341848025.5308 1.0207 -1.9304 3.9450 0.0260 0.7909 0.5128 -0.3329
1341848025.5668 1.0253 -1.9283 3.9410 0.0260 0.7898 0.5128 -0.3355
1341848025.5987 1.0307 -1.9261 3.9377 0.0245 0.7889 0.5129 -0.3376
1341848025.6307 1.0371 -1.9259 3.9342 0.0239 0.7876 0.5134 -0.3399
1341848025.6667 1.0418 -1.9233 3.9311 0.0248 0.7866 0.5133 -0.3423
1341848025.6988 1.0451 -1.9231 3.9300 0.0247 0.7853 0.5139 -0.3445
1341848025.7307 1.0510 -1.9160 3.9233 0.0230 0.7832 0.5148 -0.3479
1341848025.7667 1.0551 -1.9101 3.9192 0.0223 0.7830 0.5134 -0.3504
1341848025.7989 1.0610 -1.9097 3.9170 0.0226 0.7824 0.5124 -0.3532
1341848025.8348 1.0650 -1.9052 3.9118 0.0241 0.7811 0.5123 -0.3562
1341848025.8667 1.0701 -1.9021 3.9076 0.0259 0.7810 0.5107 -0.3585
1341848025.8987 1.0749 -1.9005 3.9054 0.0281 0.7803 0.5099 -0.3610
1341848025.9348 1.0789 -1.8954 3.9003 0.0295 0.7789 0.5098 -0.3641
1341848025.9671 1.0846 -1.8926 3.8971 0.0302 0.7784 0.5085 -0.3669
1341848025.9987 1.0900 -1.8895 3.8944 0.0315 0.7768 0.5088 -0.3697
1341848026.0346 1.0938 -1.8836 3.8873 0.0333 0.7749 0.5090 -0.3732
1341848026.0669 1.0994 -1.8808 3.8835 0.0342 0.7747 0.5070 -0.3764
1341848026.1028 1.1068 -1.8785 3.8815 0.0351 0.7730 0.5066 -0.3802
1341848026.1347 1.1115 -1.8726 3.8736 0.0381 0.7708 0.5068 -0.3842
1341848026.1667 1.1185 -1.8701 3.8714 0.0415 0.7706 0.5047 -0.3869
1341848026.2028 1.1244 -1.8680 3.8691 0.0431 0.7684 0.5055 -0.3901
1341848026.2349 1.1294 -1.8618 3.8623 0.0447 0.7658 0.5059 -0.3944
1341848026.2670 1.1371 -1.8587 3.8615 0.0484 0.7649 0.5044 -0.3976
1341848026.3029 1.1401 -1.8552 3.8568 0.0517 0.7619 0.5068 -0.4001
1341848026.3348 1.1430 -1.8510 3.8514 0.0525 0.7603 0.5065 -0.4033
1341848026.3710 1.1490 -1.8478 3.8488 0.0526 0.7598 0.5051 -0.4059
1341848026.4027 1.1546 -1.8440 3.8448 0.0542 0.7586 0.5044 -0.4088
1341848026.4347 1.1581 -1.8413 3.8399 0.0565 0.7579 0.5030 -0.4117
1341848026.4708 1.1620 -1.8395 3.8376 0.0575 0.7580 0.5010 -0.4137
1341848026.5027 1.1671 -1.8374 3.8333 0.0575 0.7569 0.5001 -0.4168
1341848026.5347 1.1724 -1.8346 3.8283 0.0568 0.7562 0.4986 -0.4199
1341848026.5708 1.1782 -1.8304 3.8235 0.0553 0.7563 0.4971 -0.4217
1341848026.6027 1.1836 -1.8300 3.8212 0.0535 0.7563 0.4967 -0.4224
1341848026.6420 1.1897 -1.8257 3.8160 0.0529 0.7552 0.4962 -0.4249
1341848026.7028 1.2000 -1.8207 3.8074 0.0525 0.7554 0.4948 -0.4265
1341848026.7388 1.2086 -1.8179 3.8040 0.0510 0.7553 0.4941 -0.4276
1341848026.7708 1.2175 -1.8121 3.8005 0.0510 0.7548 0.4937 -0.4289
1341848026.8067 1.2224 -1.8135 3.7963 0.0520 0.7538 0.4961 -0.4278
1341848026.8387 1.2315 -1.8089 3.7926 0.0513 0.7535 0.4964 -0.4280
1341848026.8780 1.2420 -1.8053 3.7890 0.0495 0.7528 0.4972 -0.4285
1341848026.9389 1.2594 -1.8001 3.7803 0.0485 0.7519 0.4993 -0.4278
1341848026.9707 1.2707 -1.7977 3.7783 0.0481 0.7521 0.4995 -0.4272
1341848027.0068 1.2799 -1.7957 3.7751 0.0475 0.7515 0.5007 -0.4269
1341848027.0387 1.2908 -1.7923 3.7710 0.0480 0.7512 0.4998 -0.4285
1341848027.0748 1.3032 -1.7917 3.7713 0.0484 0.7514 0.4992 -0.4287
1341848027.1067 1.3109 -1.7895 3.7669 0.0501 0.7497 0.5002 -0.4304
1341848027.1387 1.3211 -1.7881 3.7630 0.0503 0.7503 0.4974 -0.4325
1341848027.1748 1.3334 -1.7890 3.7627 0.0491 0.7511 0.4959 -0.4329
1341848027.2072 1.3448 -1.7873 3.7605 0.0493 0.7506 0.4947 -0.4353
1341848027.2387 1.3550 -1.7861 3.7578 0.0497 0.7501 0.4932 -0.4377
1341848027.2747 1.3663 -1.7873 3.7564 0.0495 0.7503 0.4924 -0.4383
1341848027.3067 1.3767 -1.7862 3.7547 0.0497 0.7502 0.4910 -0.4401
1341848027.3428 1.3875 -1.7861 3.7514 0.0502 0.7503 0.4897 -0.4413
1341848027.3749 1.3979 -1.7854 3.7486 0.0509 0.7516 0.4873 -0.4417
1341848027.4068 1.4089 -1.7847 3.7476 0.0506 0.7532 0.4851 -0.4413
1341848027.4430 1.4188 -1.7839 3.7433 0.0504 0.7546 0.4834 -0.4408
1341848027.4748 1.4302 -1.7833 3.7414 0.0494 0.7573 0.4807 -0.4393
1341848027.5067 1.4420 -1.7830 3.7383 0.0484 0.7593 0.4792 -0.4376
1341848027.5433 1.4511 -1.7820 3.7353 0.0488 0.7616 0.4777 -0.4353
1341848027.5747 1.4616 -1.7808 3.7335 0.0476 0.7640 0.4758 -0.4332
1341848027.6107 1.4698 -1.7812 3.7315 0.0469 0.7653 0.4755 -0.4313
1341848027.6427 1.4776 -1.7806 3.7279 0.0466 0.7664 0.4751 -0.4297
1341848027.6747 1.4865 -1.7821 3.7262 0.0460 0.7674 0.4755 -0.4278
1341848027.7110 1.4939 -1.7785 3.7221 0.0463 0.7673 0.4756 -0.4277
1341848027.7428 1.5004 -1.7748 3.7172 0.0462 0.7677 0.4758 -0.4268
1341848027.7788 1.5064 -1.7736 3.7127 0.0450 0.7688 0.4762 -0.4244
1341848027.8107 1.5155 -1.7717 3.7088 0.0437 0.7695 0.4762 -0.4232
1341848027.8428 1.5215 -1.7684 3.7049 0.0432 0.7697 0.4775 -0.4216
1341848027.8787 1.5255 -1.7643 3.6999 0.0431 0.7703 0.4784 -0.4194
1341848027.9111 1.5326 -1.7611 3.6955 0.0416 0.7713 0.4790 -0.4171
1341848027.9427 1.5373 -1.7592 3.6917 0.0402 0.7713 0.4811 -0.4149
1341848027.9788 1.5417 -1.7540 3.6826 0.0389 0.7718 0.4818 -0.4132
1341848028.0110 1.5478 -1.7537 3.6794 0.0371 0.7737 0.4812 -0.4105
1341848028.0467 1.5532 -1.7495 3.6735 0.0360 0.7740 0.4812 -0.4100
1341848028.0790 1.5586 -1.7458 3.6647 0.0361 0.7749 0.4802 -0.4094
1341848028.1110 1.5635 -1.7459 3.6610 0.0374 0.7768 0.4787 -0.4074
1341848028.1506 1.5656 -1.7425 3.6553 0.0385 0.7773 0.4779 -0.4074
1341848028.1860 1.5692 -1.7397 3.6450 0.0384 0.7780 0.4762 -0.4081
1341848028.2542 1.5782 -1.7334 3.6362 0.0398 0.7791 0.4735 -0.4090
1341848028.3149 1.5854 -1.7284 3.6229 0.0397 0.7799 0.4708 -0.4105
1341848028.3790 1.5939 -1.7194 3.6072 0.0404 0.7792 0.4686 -0.4143
1341848028.4146 1.5975 -1.7172 3.5988 0.0412 0.7794 0.4672 -0.4155
1341848028.4476 1.6019 -1.7139 3.5923 0.0407 0.7792 0.4660 -0.4171
1341848028.4828 1.6090 -1.7096 3.5835 0.0407 0.7792 0.4642 -0.4192
1341848028.5147 1.6158 -1.7069 3.5785 0.0435 0.7792 0.4633 -0.4200
1341848028.5466 1.6197 -1.7032 3.5672 0.0451 0.7781 0.4645 -0.4205
1341848028.5827 1.6261 -1.7000 3.5611 0.0442 0.7787 0.4638 -0.4203
1341848028.6146 1.6338 -1.6970 3.5544 0.0446 0.7784 0.4643 -0.4202
1341848028.6538 1.6398 -1.6924 3.5444 0.0453 0.7778 0.4649 -0.4205
1341848028.7218 1.6525 -1.6859 3.5310 0.0458 0.7782 0.4644 -0.4202
1341848028.7829 1.6634 -1.6774 3.5149 0.0472 0.7785 0.4636 -0.4206
1341848028.8148 1.6694 -1.6733 3.5075 0.0469 0.7786 0.4632 -0.4207
1341848028.8508 1.6751 -1.6690 3.4977 0.0470 0.7786 0.4629 -0.4211
1341848028.8827 1.6830 -1.6667 3.4948 0.0478 0.7795 0.4624 -0.4199
1341848028.9148 1.6868 -1.6644 3.4885 0.0502 0.7789 0.4636 -0.4194
1341848028.9509 1.6917 -1.6609 3.4807 0.0518 0.7781 0.4648 -0.4195
1341848028.9827 1.6955 -1.6571 3.4711 0.0520 0.7772 0.4666 -0.4190
1341848029.0187 1.6997 -1.6555 3.4650 0.0503 0.7772 0.4674 -0.4184
1341848029.0829 1.7098 -1.6480 3.4556 0.0475 0.7774 0.4662 -0.4197
1341848029.1188 1.7160 -1.6443 3.4486 0.0473 0.7765 0.4669 -0.4205
1341848029.1507 1.7192 -1.6418 3.4428 0.0479 0.7753 0.4684 -0.4210
1341848029.1827 1.7230 -1.6383 3.4398 0.0472 0.7743 0.4694 -0.4217
1341848029.2187 1.7296 -1.6340 3.4327 0.0457 0.7730 0.4707 -0.4228
1341848029.2506 1.7331 -1.6316 3.4283 0.0448 0.7724 0.4716 -0.4230
1341848029.2870 1.7380 -1.6288 3.4242 0.0425 0.7716 0.4721 -0.4242
1341848029.3202 1.7456 -1.6240 3.4184 0.0401 0.7698 0.4729 -0.4269
1341848029.3510 1.7512 -1.6187 3.4104 0.0408 0.7689 0.4722 -0.4290
1341848029.3869 1.7573 -1.6190 3.4104 0.0415 0.7696 0.4706 -0.4294
1341848029.4188 1.7643 -1.6149 3.4038 0.0402 0.7678 0.4712 -0.4323
1341848029.4508 1.7707 -1.6114 3.3980 0.0400 0.7670 0.4701 -0.4348
1341848029.4868 1.7787 -1.6096 3.3930 0.0396 0.7663 0.4695 -0.4368
1341848029.5189 1.7859 -1.6069 3.3898 0.0385 0.7655 0.4681 -0.4398
1341848029.5547 1.7946 -1.6050 3.3841 0.0388 0.7648 0.4660 -0.4432
1341848029.5870 1.8046 -1.6039 3.3821 0.0401 0.7652 0.4633 -0.4452
1341848029.6187 1.8140 -1.6028 3.3785 0.0414 0.7639 0.4621 -0.4486
1341848029.6553 1.8210 -1.5996 3.3718 0.0423 0.7620 0.4611 -0.4527
1341848029.6868 1.8308 -1.5982 3.3678 0.0423 0.7616 0.4595 -0.4550
1341848029.7188 1.8417 -1.5978 3.3667 0.0425 0.7598 0.4589 -0.4586
1341848029.7548 1.8481 -1.5939 3.3597 0.0434 0.7575 0.4586 -0.4625
1341848029.7869 1.8580 -1.5932 3.3578 0.0437 0.7573 0.4567 -0.4648
1341848029.8228 1.8679 -1.5906 3.3546 0.0437 0.7554 0.4567 -0.4678
1341848029.8548 1.8762 -1.5873 3.3495 0.0440 0.7535 0.4561 -0.4715
1341848029.8880 1.8846 -1.5862 3.3471 0.0451 0.7524 0.4549 -0.4743
1341848029.9228 1.8941 -1.5839 3.3442 0.0463 0.7507 0.4545 -0.4772
1341848029.9546 1.9011 -1.5796 3.3409 0.0465 0.7487 0.4543 -0.4804
1341848029.9908 1.9097 -1.5784 3.3376 0.0468 0.7473 0.4535 -0.4833
1341848030.0229 1.9181 -1.5752 3.3351 0.0469 0.7457 0.4538 -0.4855
1341848030.0548 1.9243 -1.5716 3.3319 0.0472 0.7442 0.4536 -0.4880
1341848030.0908 1.9306 -1.5691 3.3285 0.0471 0.7429 0.4531 -0.4905
1341848030.1228 1.9393 -1.5669 3.3258 0.0461 0.7415 0.4529 -0.4928
1341848030.1549 1.9452 -1.5638 3.3223 0.0465 0.7397 0.4528 -0.4956
1341848030.1907 1.9501 -1.5609 3.3190 0.0466 0.7382 0.4526 -0.4980
1341848030.2227 1.9554 -1.5593 3.3142 0.0459 0.7357 0.4533 -0.5012
1341848030.2589 1.9607 -1.5576 3.3118 0.0449 0.7336 0.4532 -0.5044
1341848030.2909 1.9668 -1.5520 3.3072 0.0445 0.7311 0.4531 -0.5081
1341848030.3228 1.9716 -1.5503 3.3034 0.0448 0.7292 0.4535 -0.5105
1341848030.3589 1.9772 -1.5464 3.3004 0.0442 0.7262 0.4543 -0.5141
1341848030.3908 1.9803 -1.5430 3.2937 0.0438 0.7238 0.4544 -0.5175
1341848030.4228 1.9875 -1.5395 3.2925 0.0433 0.7219 0.4543 -0.5202
1341848030.4589 1.9887 -1.5351 3.2856 0.0441 0.7195 0.4544 -0.5234
1341848030.4908 1.9961 -1.5328 3.2830 0.0432 0.7183 0.4545 -0.5250
1341848030.5267 1.9985 -1.5256 3.2785 0.0431 0.7164 0.4543 -0.5277
1341848030.5658 2.0020 -1.5218 3.2735 0.0431 0.7148 0.4532 -0.5308
1341848030.6270 2.0109 -1.5147 3.2637 0.0444 0.7111 0.4512 -0.5373
1341848030.6589 2.0129 -1.5094 3.2577 0.0458 0.7100 0.4493 -0.5403
1341848030.6907 2.0189 -1.5066 3.2513 0.0471 0.7094 0.4468 -0.5431
1341848030.7268 2.0241 -1.5027 3.2457 0.0477 0.7080 0.4451 -0.5462
1341848030.7588 2.0266 -1.4986 3.2389 0.0484 0.7063 0.4427 -0.5503
1341848030.7947 2.0320 -1.4960 3.2330 0.0478 0.7050 0.4403 -0.5538
1341848030.8275 2.0372 -1.4917 3.2261 0.0476 0.7038 0.4377 -0.5576
1341848030.8598 2.0455 -1.4902 3.2199 0.0492 0.7027 0.4343 -0.5615
1341848030.8947 2.0519 -1.4871 3.2135 0.0535 0.7008 0.4311 -0.5658
1341848030.9267 2.0546 -1.4823 3.2050 0.0571 0.6996 0.4279 -0.5693
1341848030.9587 2.0586 -1.4809 3.1970 0.0576 0.6992 0.4249 -0.5720
1341848030.9947 2.0671 -1.4793 3.1907 0.0567 0.6978 0.4215 -0.5764
1341848031.0267 2.0734 -1.4746 3.1821 0.0583 0.6972 0.4185 -0.5792
1341848031.0628 2.0801 -1.4716 3.1748 0.0616 0.6976 0.4144 -0.5812
1341848031.0948 2.0865 -1.4709 3.1667 0.0640 0.6963 0.4124 -0.5839
1341848031.1268 2.0906 -1.4672 3.1586 0.0658 0.6961 0.4107 -0.5852
1341848031.1629 2.0985 -1.4642 3.1518 0.0674 0.6969 0.4084 -0.5857
1341848031.1947 2.1051 -1.4629 3.1449 0.0687 0.6964 0.4076 -0.5867
1341848031.2310 2.1087 -1.4576 3.1385 0.0703 0.6957 0.4068 -0.5878
1341848031.2627 2.1146 -1.4568 3.1311 0.0718 0.6955 0.4066 -0.5881
1341848031.2947 2.1226 -1.4544 3.1254 0.0742 0.6944 0.4069 -0.5889
1341848031.3308 2.1216 -1.4497 3.1181 0.0764 0.6934 0.4069 -0.5897
1341848031.3630 2.1259 -1.4483 3.1119 0.0757 0.6931 0.4060 -0.5908
1341848031.3948 2.1318 -1.4462 3.1065 0.0738 0.6922 0.4055 -0.5924
1341848031.4306 2.1347 -1.4434 3.1006 0.0728 0.6911 0.4048 -0.5943
1341848031.4722 2.1377 -1.4453 3.0961 0.0722 0.6906 0.4046 -0.5952
1341848031.5021 2.1420 -1.4430 3.0922 0.0703 0.6890 0.4050 -0.5969
1341848031.5629 2.1526 -1.4411 3.0834 0.0679 0.6860 0.4032 -0.6019
1341848031.5987 2.1560 -1.4391 3.0792 0.0678 0.6833 0.4028 -0.6051
1341848031.6308 2.1599 -1.4385 3.0755 0.0674 0.6821 0.4021 -0.6071
1341848031.6628 2.1649 -1.4378 3.0725 0.0666 0.6809 0.4011 -0.6091
1341848031.6988 2.1698 -1.4349 3.0693 0.0657 0.6791 0.3999 -0.6120
1341848031.7307 2.1710 -1.4309 3.0647 0.0640 0.6782 0.3976 -0.6147
1341848031.7667 2.1801 -1.4328 3.0610 0.0618 0.6774 0.3958 -0.6170
1341848031.7987 2.1877 -1.4304 3.0575 0.0613 0.6751 0.3941 -0.6206
1341848031.8308 2.1913 -1.4287 3.0540 0.0627 0.6731 0.3910 -0.6246
1341848031.8667 2.1983 -1.4298 3.0509 0.0623 0.6712 0.3888 -0.6280
1341848031.8987 2.2032 -1.4276 3.0465 0.0605 0.6691 0.3877 -0.6311
1341848031.9308 2.2106 -1.4272 3.0420 0.0605 0.6676 0.3842 -0.6348
1341848031.9667 2.2179 -1.4269 3.0385 0.0614 0.6662 0.3829 -0.6369
1341848031.9987 2.2209 -1.4245 3.0351 0.0602 0.6642 0.3821 -0.6397
1341848032.0347 2.2286 -1.4245 3.0301 0.0577 0.6629 0.3814 -0.6417
1341848032.0667 2.2388 -1.4223 3.0261 0.0575 0.6614 0.3800 -0.6440
1341848032.0987 2.2447 -1.4191 3.0197 0.0580 0.6602 0.3789 -0.6459
1341848032.1347 2.2506 -1.4193 3.0168 0.0577 0.6603 0.3788 -0.6459
1341848032.1670 2.2612 -1.4146 3.0122 0.0568 0.6588 0.3780 -0.6480
1341848032.2030 2.2667 -1.4097 3.0058 0.0569 0.6581 0.3771 -0.6492
1341848032.2347 2.2752 -1.4113 3.0030 0.0572 0.6581 0.3771 -0.6492
1341848032.2667 2.2810 -1.4061 3.0002 0.0570 0.6564 0.3773 -0.6507
1341848032.3028 2.2834 -1.4015 2.9953 0.0564 0.6558 0.3766 -0.6518
1341848032.3346 2.2915 -1.4029 2.9944 0.0559 0.6559 0.3762 -0.6521
1341848032.3667 2.2987 -1.3946 2.9901 -0.0553 -0.6537 -0.3755 0.6547
1341848032.4030 2.2977 -1.3968 2.9861 -0.0552 -0.6530 -0.3747 0.6559
1341848032.4347 2.3077 -1.3945 2.9828 -0.0538 -0.6524 -0.3728 0.6576
1341848032.4708 2.3135 -1.3917 2.9782 -0.0531 -0.6518 -0.3719 0.6588
1341848032.5030 2.3185 -1.3915 2.9743 -0.0531 -0.6518 -0.3712 0.6592
1341848032.5347 2.3256 -1.3902 2.9702 -0.0529 -0.6516 -0.3695 0.6604
1341848032.5709 2.3291 -1.3868 2.9652 -0.0526 -0.6509 -0.3685 0.6616
1341848032.6030 2.3327 -1.3826 2.9583 -0.0516 -0.6519 -0.3664 0.6619
1341848032.6347 2.3376 -1.3837 2.9541 -0.0506 -0.6532 -0.3646 0.6617
1341848032.6708 2.3445 -1.3814 2.9486 -0.0480 -0.6535 -0.3633 0.6624
1341848032.7028 2.3516 -1.3793 2.9406 -0.0461 -0.6540 -0.3622 0.6625
1341848032.7387 2.3609 -1.3786 2.9357 -0.0464 -0.6548 -0.3599 0.6630
1341848032.7707 2.3654 -1.3753 2.9306 -0.0464 -0.6545 -0.3606 0.6629
1341848032.8029 2.3664 -1.3702 2.9220 -0.0461 -0.6544 -0.3602 0.6632
1341848032.8388 2.3754 -1.3696 2.9149 -0.0455 -0.6558 -0.3596 0.6623
1341848032.8707 2.3774 -1.3688 2.9107 -0.0468 -0.6556 -0.3599 0.6622
1341848032.9027 2.3801 -1.3672 2.9032 -0.0477 -0.6553 -0.3594 0.6627
1341848032.9388 2.3843 -1.3647 2.8992 -0.0476 -0.6552 -0.3590 0.6630
1341848032.9708 2.3863 -1.3547 2.8933 -0.0472 -0.6538 -0.3589 0.6645
1341848033.0067 2.3851 -1.3508 2.8860 -0.0472 -0.6526 -0.3582 0.6660
1341848033.0392 2.3870 -1.3505 2.8800 -0.0474 -0.6522 -0.3575 0.6668
1341848033.0708 2.3874 -1.3507 2.8750 -0.0465 -0.6516 -0.3576 0.6674
1341848033.1069 2.3874 -1.3428 2.8668 -0.0444 -0.6497 -0.3554 0.6705
1341848033.1391 2.3928 -1.3419 2.8591 -0.0440 -0.6490 -0.3529 0.6726
1341848033.1707 2.3979 -1.3378 2.8535 -0.0462 -0.6478 -0.3506 0.6747
1341848033.2069 2.3963 -1.3335 2.8484 -0.0492 -0.6460 -0.3491 0.6770
1341848033.2387 2.3971 -1.3319 2.8419 -0.0497 -0.6443 -0.3482 0.6791
1341848033.2749 2.4027 -1.3288 2.8368 -0.0487 -0.6428 -0.3479 0.6808
1341848033.3067 2.4009 -1.3236 2.8306 -0.0496 -0.6402 -0.3477 0.6832
1341848033.3388 2.4045 -1.3213 2.8237 -0.0504 -0.6384 -0.3462 0.6856
1341848033.3748 2.4084 -1.3178 2.8179 -0.0502 -0.6363 -0.3471 0.6871
1341848033.4068 2.4036 -1.3147 2.8116 -0.0507 -0.6348 -0.3476 0.6882
1341848033.4431 2.4091 -1.3107 2.8033 -0.0499 -0.6341 -0.3458 0.6899
1341848033.4747 2.4111 -1.3081 2.7995 -0.0502 -0.6330 -0.3454 0.6911
1341848033.5068 2.4103 -1.3034 2.7930 -0.0506 -0.6316 -0.3448 0.6925
1341848033.5429 2.4129 -1.3026 2.7856 -0.0509 -0.6315 -0.3441 0.6930
1341848033.5748 2.4174 -1.2996 2.7813 -0.0516 -0.6305 -0.3424 0.6947
1341848033.6069 2.4169 -1.2971 2.7757 -0.0532 -0.6284 -0.3413 0.6970
1341848033.6429 2.4166 -1.2945 2.7702 -0.0543 -0.6281 -0.3397 0.6980
1341848033.6749 2.4204 -1.2920 2.7643 -0.0546 -0.6272 -0.3387 0.6993
1341848033.7108 2.4201 -1.2899 2.7587 -0.0559 -0.6256 -0.3381 0.7008
1341848033.7428 2.4180 -1.2874 2.7525 -0.0568 -0.6257 -0.3361 0.7016
1341848033.7748 2.4255 -1.2860 2.7467 -0.0551 -0.6258 -0.3351 0.7022
1341848033.8111 2.4266 -1.2831 2.7425 -0.0551 -0.6238 -0.3344 0.7043
1341848033.8428 2.4277 -1.2820 2.7364 -0.0562 -0.6225 -0.3330 0.7060
1341848033.8749 2.4316 -1.2819 2.7341 -0.0569 -0.6223 -0.3321 0.7066
1341848033.9112 2.4322 -1.2800 2.7290 -0.0573 -0.6197 -0.3310 0.7094
1341848033.9428 2.4301 -1.2752 2.7252 -0.0548 -0.6162 -0.3284 0.7137
1341848033.9789 2.4318 -1.2768 2.7223 -0.0517 -0.6143 -0.3267 0.7164
1341848034.0108 2.4369 -1.2767 2.7190 -0.0483 -0.6115 -0.3239 0.7203
1341848034.0427 2.4411 -1.2744 2.7134 -0.0457 -0.6068 -0.3205 0.7260
1341848034.0788 2.4430 -1.2726 2.7083 -0.0462 -0.6040 -0.3168 0.7298
1341848034.1108 2.4446 -1.2733 2.7060 -0.0466 -0.6029 -0.3125 0.7326
1341848034.1427 2.4479 -1.2756 2.7060 -0.0447 -0.5989 -0.3087 0.7376
1341848034.1788 2.4538 -1.2728 2.6996 -0.0412 -0.5949 -0.3061 0.7421
1341848034.2107 2.4593 -1.2747 2.6968 -0.0414 -0.5937 -0.3033 0.7441
1341848034.2467 2.4652 -1.2722 2.6929 -0.0427 -0.5904 -0.2997 0.7482
1341848034.2787 2.4662 -1.2717 2.6878 -0.0431 -0.5875 -0.2974 0.7513
1341848034.3181 2.4725 -1.2723 2.6854 -0.0416 -0.5864 -0.2945 0.7534
1341848034.3538 2.4788 -1.2694 2.6798 -0.0418 -0.5839 -0.2915 0.7565
1341848034.3862 2.4835 -1.2679 2.6734 -0.0430 -0.5824 -0.2886 0.7587
1341848034.4218 2.4904 -1.2686 2.6702 -0.0436 -0.5817 -0.2873 0.7597
1341848034.4538 2.4950 -1.2649 2.6646 -0.0438 -0.5797 -0.2862 0.7616
1341848034.4857 2.4995 -1.2625 2.6578 -0.0435 -0.5789 -0.2855 0.7625
1341848034.5217 2.5064 -1.2580 2.6505 -0.0420 -0.5789 -0.2854 0.7627
1341848034.5537 2.5141 -1.2556 2.6458 -0.0413 -0.5782 -0.2858 0.7631
1341848034.5858 2.5203 -1.2467 2.6363 -0.0414 -0.5776 -0.2858 0.7635
1341848034.6538 2.5353 -1.2400 2.6248 -0.0442 -0.5764 -0.2881 0.7634
1341848034.7152 2.5443 -1.2333 2.6139 -0.0460 -0.5748 -0.2891 0.7641
1341848034.7467 2.5528 -1.2248 2.6057 -0.0468 -0.5744 -0.2889 0.7644
1341848034.7828 2.5566 -1.2213 2.6009 -0.0484 -0.5732 -0.2894 0.7650
1341848034.8147 2.5584 -1.2141 2.5944 -0.0486 -0.5725 -0.2889 0.7658
1341848034.8469 2.5685 -1.2081 2.5867 -0.0476 -0.5722 -0.2903 0.7655
1341848034.8827 2.5649 -1.2082 2.5882 -0.0502 -0.5715 -0.2909 0.7656
1341848034.9148 2.5721 -1.2029 2.5802 -0.0499 -0.5697 -0.2910 0.7670
1341848034.9515 2.5718 -1.1962 2.5784 -0.0496 -0.5683 -0.2917 0.7678
1341848034.9830 2.5760 -1.1979 2.5766 -0.0503 -0.5668 -0.2922 0.7686
1341848035.0149 2.5784 -1.1871 2.5672 -0.0501 -0.5640 -0.2915 0.7710
1341848035.0509 2.5771 -1.1884 2.5687 -0.0521 -0.5637 -0.2919 0.7709
1341848035.0843 2.5798 -1.1868 2.5638 -0.0518 -0.5628 -0.2921 0.7715
1341848035.1189 2.5857 -1.1780 2.5558 -0.0509 -0.5607 -0.2923 0.7730
1341848035.2189 2.5869 -1.1652 2.5418 -0.0527 -0.5577 -0.2929 0.7748
1341848035.2843 2.5861 -1.1596 2.5289 -0.0528 -0.5568 -0.2923 0.7757
1341848035.3199 2.5899 -1.1573 2.5248 -0.0530 -0.5569 -0.2906 0.7763
1341848035.3510 2.5880 -1.1513 2.5177 -0.0529 -0.5563 -0.2885 0.7775
1341848035.4227 2.5924 -1.1486 2.5069 -0.0543 -0.5567 -0.2844 0.7786
1341848035.4868 2.5907 -1.1400 2.4898 -0.0548 -0.5559 -0.2796 0.7809
1341848035.5186 2.5937 -1.1362 2.4836 -0.0567 -0.5557 -0.2775 0.7816
1341848035.5509 2.5875 -1.1322 2.4770 -0.0594 -0.5548 -0.2739 0.7833
1341848035.5867 2.5887 -1.1289 2.4695 -0.0587 -0.5547 -0.2708 0.7845
1341848035.6188 2.5933 -1.1255 2.4614 -0.0581 -0.5530 -0.2691 0.7864
1341848035.6547 2.5916 -1.1216 2.4548 -0.0602 -0.5508 -0.2663 0.7887
1341848035.6867 2.5961 -1.1192 2.4462 -0.0625 -0.5491 -0.2636 0.7907
1341848035.7188 2.5950 -1.1146 2.4417 -0.0650 -0.5456 -0.2623 0.7933
1341848035.7560 2.5890 -1.1092 2.4352 -0.0664 -0.5429 -0.2603 0.7957
1341848035.7867 2.5920 -1.1086 2.4305 -0.0662 -0.5419 -0.2598 0.7965
1341848035.8188 2.5899 -1.1046 2.4261 -0.0668 -0.5384 -0.2588 0.7992
1341848035.8547 2.5873 -1.1025 2.4178 -0.0677 -0.5365 -0.2567 0.8011
1341848035.8867 2.5885 -1.0971 2.4082 -0.0686 -0.5355 -0.2533 0.8027
1341848035.9228 2.5861 -1.0943 2.4025 -0.0703 -0.5347 -0.2510 0.8039
1341848035.9546 2.5852 -1.0938 2.3978 -0.0714 -0.5354 -0.2485 0.8040
1341848035.9867 2.5903 -1.0903 2.3863 -0.0727 -0.5353 -0.2455 0.8049
1341848036.0228 2.5920 -1.0867 2.3817 -0.0760 -0.5352 -0.2437 0.8052
1341848036.0549 2.5871 -1.0820 2.3752 -0.0782 -0.5341 -0.2421 0.8062
1341848036.0870 2.5901 -1.0807 2.3691 -0.0781 -0.5334 -0.2416 0.8069
1341848036.1227 2.5923 -1.0777 2.3625 -0.0781 -0.5314 -0.2433 0.8077
1341848036.1548 2.5851 -1.0717 2.3552 -0.0791 -0.5289 -0.2433 0.8092
1341848036.1908 2.5846 -1.0691 2.3476 -0.0790 -0.5276 -0.2423 0.8103
1341848036.2233 2.5851 -1.0665 2.3418 -0.0784 -0.5264 -0.2430 0.8110
1341848036.2547 2.5811 -1.0622 2.3357 -0.0769 -0.5251 -0.2437 0.8117
1341848036.2908 2.5820 -1.0600 2.3302 -0.0746 -0.5230 -0.2445 0.8131
1341848036.3549 2.5793 -1.0529 2.3171 -0.0738 -0.5194 -0.2453 0.8153
1341848036.3908 2.5807 -1.0515 2.3117 -0.0743 -0.5191 -0.2442 0.8157
1341848036.4588 2.5780 -1.0454 2.3013 -0.0728 -0.5158 -0.2440 0.8180
1341848036.4912 2.5780 -1.0407 2.2921 -0.0716 -0.5158 -0.2439 0.8181
1341848036.5227 2.5757 -1.0348 2.2845 -0.0708 -0.5149 -0.2431 0.8190
1341848036.5589 2.5748 -1.0249 2.2726 -0.0682 -0.5132 -0.2409 0.8210
1341848036.5907 2.5747 -1.0270 2.2690 -0.0679 -0.5126 -0.2400 0.8216
1341848036.6268 2.5734 -1.0217 2.2587 -0.0679 -0.5104 -0.2367 0.8239
1341848036.6587 2.5715 -1.0172 2.2498 -0.0670 -0.5098 -0.2334 0.8253
1341848036.6912 2.5706 -1.0127 2.2408 -0.0645 -0.5090 -0.2307 0.8267
1341848036.7268 2.5755 -1.0118 2.2297 -0.0635 -0.5078 -0.2281 0.8283
1341848036.7589 2.5728 -1.0052 2.2182 -0.0632 -0.5062 -0.2245 0.8303
1341848036.7907 2.5743 -1.0021 2.2095 -0.0614 -0.5056 -0.2215 0.8316
1341848036.8270 2.5792 -0.9995 2.2004 -0.0601 -0.5039 -0.2208 0.8329
1341848036.8586 2.5788 -0.9939 2.1880 -0.0605 -0.5009 -0.2179 0.8355
1341848036.9268 2.5785 -0.9866 2.1687 -0.0611 -0.4978 -0.2122 0.8387
1341848036.9587 2.5785 -0.9812 2.1568 -0.0579 -0.4961 -0.2108 0.8403
1341848036.9948 2.5823 -0.9772 2.1450 -0.0567 -0.4943 -0.2088 0.8420
1341848037.0268 2.5805 -0.9730 2.1358 -0.0550 -0.4939 -0.2080 0.8425
1341848037.0610 2.5778 -0.9658 2.1243 -0.0511 -0.4930 -0.2067 0.8435
1341848037.0947 2.5819 -0.9623 2.1124 -0.0483 -0.4927 -0.2044 0.8445
1341848037.1267 2.5820 -0.9555 2.1007 -0.0472 -0.4930 -0.2022 0.8449
1341848037.1628 2.5754 -0.9547 2.0913 -0.0442 -0.4937 -0.2000 0.8452
1341848037.1947 2.5757 -0.9498 2.0793 -0.0364 -0.4979 -0.1978 0.8436
1341848037.2270 2.5846 -0.9438 2.0670 -0.0329 -0.5000 -0.1944 0.8433
1341848037.2637 2.5776 -0.9414 2.0550 -0.0310 -0.5023 -0.1920 0.8426
1341848037.2952 2.5852 -0.9368 2.0438 -0.0253 -0.5066 -0.1915 0.8403
1341848037.3269 2.5882 -0.9338 2.0380 -0.0247 -0.5067 -0.1917 0.8402
1341848037.3627 2.5820 -0.9295 2.0271 -0.0244 -0.5066 -0.1913 0.8404
1341848037.3951 2.5846 -0.9256 2.0161 -0.0203 -0.5078 -0.1926 0.8394
1341848037.4309 2.5849 -0.9211 2.0070 -0.0179 -0.5075 -0.1933 0.8395
1341848037.4628 2.5824 -0.9161 1.9957 -0.0167 -0.5070 -0.1936 0.8397
1341848037.5307 2.5806 -0.9066 1.9788 -0.0145 -0.5074 -0.1947 0.8393
1341848037.5630 2.5741 -0.9002 1.9698 -0.0139 -0.5055 -0.1963 0.8401
1341848037.5958 2.5722 -0.8962 1.9604 -0.0129 -0.5053 -0.1967 0.8401
1341848037.6308 2.5728 -0.8919 1.9533 -0.0128 -0.5039 -0.1977 0.8407
1341848037.6627 2.5661 -0.8878 1.9464 -0.0122 -0.5009 -0.1991 0.8422
1341848037.6987 2.5605 -0.8839 1.9387 -0.0107 -0.4991 -0.1999 0.8431
1341848037.7310 2.5583 -0.8796 1.9313 -0.0103 -0.4969 -0.1991 0.8446
1341848037.7698 2.5545 -0.8741 1.9235 -0.0108 -0.4943 -0.1984 0.8463
1341848037.8378 2.5464 -0.8647 1.9072 -0.0091 -0.4908 -0.1953 0.8490
1341848037.8989 2.5385 -0.8537 1.8950 -0.0167 -0.4850 -0.1921 0.8530
1341848037.9309 2.5353 -0.8492 1.8882 -0.0188 -0.4808 -0.1914 0.8555
1341848037.9669 2.5318 -0.8414 1.8798 -0.0210 -0.4767 -0.1915 0.8577
1341848037.9986 2.5231 -0.8348 1.8719 -0.0233 -0.4736 -0.1908 0.8595
1341848038.0309 2.5225 -0.8318 1.8653 -0.0247 -0.4711 -0.1911 0.8608
1341848038.0668 2.5184 -0.8251 1.8588 -0.0271 -0.4667 -0.1912 0.8631
1341848038.0987 2.5100 -0.8188 1.8526 -0.0302 -0.4627 -0.1905 0.8653
1341848038.1347 2.5074 -0.8162 1.8464 -0.0313 -0.4605 -0.1910 0.8663
1341848038.1667 2.5020 -0.8093 1.8414 -0.0317 -0.4572 -0.1915 0.8679
1341848038.1987 2.4984 -0.8058 1.8344 -0.0332 -0.4540 -0.1910 0.8696
1341848038.2347 2.4904 -0.8004 1.8282 -0.0340 -0.4526 -0.1891 0.8708
1341848038.2741 2.4889 -0.7978 1.8221 -0.0332 -0.4509 -0.1893 0.8716
1341848038.3065 2.4849 -0.7911 1.8144 -0.0329 -0.4485 -0.1896 0.8728
1341848038.3419 2.4777 -0.7883 1.8103 -0.0333 -0.4470 -0.1887 0.8738
1341848038.3741 2.4766 -0.7869 1.8018 -0.0315 -0.4445 -0.1898 0.8749
1341848038.4098 2.4698 -0.7817 1.7937 -0.0297 -0.4421 -0.1911 0.8758
1341848038.4418 2.4675 -0.7798 1.7854 -0.0296 -0.4418 -0.1892 0.8764
1341848038.4739 2.4658 -0.7773 1.7780 -0.0302 -0.4403 -0.1887 0.8773
1341848038.5102 2.4561 -0.7738 1.7720 -0.0292 -0.4382 -0.1887 0.8784
1341848038.5669 2.4533 -0.7676 1.7559 -0.0226 -0.4371 -0.1860 0.8797
1341848038.6030 2.4467 -0.7624 1.7458 -0.0212 -0.4358 -0.1865 0.8803
1341848038.6347 2.4483 -0.7576 1.7350 -0.0193 -0.4367 -0.1858 0.8800
1341848038.6707 2.4479 -0.7536 1.7264 -0.0191 -0.4361 -0.1863 0.8802
1341848038.7029 2.4390 -0.7488 1.7210 -0.0192 -0.4356 -0.1864 0.8804
1341848038.7348 2.4423 -0.7479 1.7110 -0.0165 -0.4361 -0.1867 0.8802
1341848038.7707 2.4436 -0.7411 1.6995 -0.0150 -0.4344 -0.1865 0.8811
1341848038.8028 2.4364 -0.7331 1.6899 -0.0164 -0.4337 -0.1853 0.8816
1341848038.8388 2.4351 -0.7297 1.6831 -0.0167 -0.4340 -0.1827 0.8820
1341848038.8711 2.4408 -0.7252 1.6707 -0.0146 -0.4312 -0.1822 0.8835
1341848038.9028 2.4373 -0.7184 1.6615 -0.0160 -0.4285 -0.1809 0.8851
1341848038.9388 2.4348 -0.7144 1.6526 -0.0178 -0.4279 -0.1772 0.8861
1341848038.9708 2.4429 -0.7091 1.6400 -0.0183 -0.4250 -0.1760 0.8877
1341848039.0026 2.4382 -0.7011 1.6364 -0.0194 -0.4208 -0.1760 0.8897
1341848039.0389 2.4337 -0.6967 1.6300 -0.0191 -0.4188 -0.1732 0.8912
1341848039.0708 2.4410 -0.6923 1.6169 -0.0187 -0.4166 -0.1716 0.8926
1341848039.1068 2.4363 -0.6865 1.6090 -0.0196 -0.4147 -0.1705 0.8936
1341848039.1387 2.4388 -0.6833 1.6014 -0.0195 -0.4140 -0.1675 0.8945
1341848039.1707 2.4423 -0.6763 1.5906 -0.0197 -0.4114 -0.1666 0.8959
1341848039.2068 2.4372 -0.6715 1.5855 -0.0204 -0.4099 -0.1652 0.8968
1341848039.2389 2.4394 -0.6696 1.5763 -0.0190 -0.4095 -0.1637 0.8973
1341848039.2710 2.4458 -0.6650 1.5656 -0.0185 -0.4077 -0.1637 0.8981
1341848039.3067 2.4425 -0.6599 1.5609 -0.0197 -0.4067 -0.1622 0.8988
1341848039.3389 2.4434 -0.6565 1.5530 -0.0196 -0.4062 -0.1606 0.8994
1341848039.3748 2.4469 -0.6523 1.5437 -0.0191 -0.4048 -0.1614 0.8999
1341848039.4069 2.4440 -0.6466 1.5400 -0.0191 -0.4028 -0.1615 0.9007
1341848039.4389 2.4445 -0.6432 1.5320 -0.0195 -0.4015 -0.1616 0.9013
1341848039.4749 2.4440 -0.6406 1.5257 -0.0205 -0.3997 -0.1627 0.9019
1341848039.5071 2.4388 -0.6373 1.5236 -0.0206 -0.3976 -0.1629 0.9028
1341848039.5387 2.4368 -0.6347 1.5171 -0.0195 -0.3959 -0.1633 0.9035
1341848039.5749 2.4327 -0.6296 1.5101 -0.0189 -0.3949 -0.1634 0.9039
1341848039.6067 2.4304 -0.6279 1.5043 -0.0190 -0.3944 -0.1635 0.9041
1341848039.6427 2.4283 -0.6233 1.5002 -0.0172 -0.3921 -0.1642 0.9050
1341848039.6748 2.4217 -0.6167 1.4895 -0.0148 -0.3902 -0.1649 0.9057
1341848039.7072 2.4220 -0.6122 1.4826 -0.0146 -0.3906 -0.1644 0.9056
1341848039.7429 2.4211 -0.6097 1.4781 -0.0145 -0.3891 -0.1652 0.9061
1341848039.7753 2.4121 -0.6041 1.4748 -0.0124 -0.3865 -0.1663 0.9071
1341848039.8069 2.4081 -0.5999 1.4658 -0.0103 -0.3852 -0.1663 0.9077
1341848039.8433 2.4069 -0.5961 1.4604 -0.0099 -0.3835 -0.1663 0.9084
1341848039.8818 2.3974 -0.5931 1.4576 -0.0098 -0.3815 -0.1654 0.9094
1341848039.9434 2.3921 -0.5811 1.4358 -0.0087 -0.3776 -0.1615 0.9117
1341848039.9748 2.3827 -0.5801 1.4359 -0.0115 -0.3770 -0.1594 0.9123
1341848040.0107 2.3773 -0.5757 1.4288 -0.0109 -0.3765 -0.1570 0.9129
1341848040.0428 2.3768 -0.5701 1.4165 -0.0116 -0.3740 -0.1560 0.9141
1341848040.0787 2.3685 -0.5631 1.4111 -0.0145 -0.3713 -0.1534 0.9156
1341848040.1108 2.3639 -0.5590 1.4062 -0.0172 -0.3687 -0.1518 0.9169
1341848040.1427 2.3581 -0.5540 1.3988 -0.0181 -0.3643 -0.1514 0.9187
1341848040.1788 2.3541 -0.5514 1.3925 -0.0203 -0.3620 -0.1519 0.9195
1341848040.2110 2.3487 -0.5461 1.3874 -0.0239 -0.3597 -0.1500 0.9206
1341848040.2427 2.3441 -0.5460 1.3835 -0.0273 -0.3566 -0.1492 0.9219
1341848040.2789 2.3304 -0.5396 1.3799 -0.0275 -0.3525 -0.1478 0.9237
1341848040.3107 2.3283 -0.5409 1.3728 -0.0275 -0.3512 -0.1452 0.9246
1341848040.3469 2.3267 -0.5329 1.3603 -0.0290 -0.3486 -0.1422 0.9260
1341848040.3788 2.3155 -0.5327 1.3608 -0.0321 -0.3466 -0.1394 0.9271
1341848040.4109 2.3082 -0.5335 1.3577 -0.0309 -0.3453 -0.1361 0.9281
1341848040.4467 2.3067 -0.5305 1.3466 -0.0301 -0.3439 -0.1328 0.9291
1341848040.4787 2.3004 -0.5294 1.3417 -0.0310 -0.3431 -0.1294 0.9298
1341848040.5178 2.2942 -0.5290 1.3362 -0.0298 -0.3423 -0.1279 0.9304
1341848040.5789 2.2892 -0.5244 1.3155 -0.0277 -0.3397 -0.1269 0.9315
1341848040.6149 2.2808 -0.5240 1.3123 -0.0287 -0.3383 -0.1252 0.9322
1341848040.6468 2.2810 -0.5256 1.3052 -0.0274 -0.3365 -0.1254 0.9329
1341848040.6790 2.2749 -0.5267 1.3031 -0.0269 -0.3324 -0.1242 0.9346
1341848040.7147 2.2726 -0.5298 1.3002 -0.0238 -0.3267 -0.1222 0.9369
1341848040.7468 2.2644 -0.5259 1.2940 -0.0187 -0.3188 -0.1208 0.9399
1341848040.7788 2.2646 -0.5260 1.2860 -0.0149 -0.3139 -0.1199 0.9417
1341848040.8147 2.2607 -0.5228 1.2805 -0.0138 -0.3070 -0.1184 0.9442
1341848040.8469 2.2513 -0.5180 1.2751 -0.0120 -0.3020 -0.1170 0.9460
1341848040.8828 2.2500 -0.5205 1.2718 -0.0103 -0.2978 -0.1156 0.9476
1341848040.9147 2.2433 -0.5128 1.2644 -0.0091 -0.2919 -0.1130 0.9497
1341848040.9469 2.2376 -0.5136 1.2623 -0.0099 -0.2889 -0.1100 0.9510
1341848040.9845 2.2379 -0.5106 1.2546 -0.0094 -0.2840 -0.1075 0.9527
1341848041.0226 2.2254 -0.4982 1.2501 -0.0105 -0.2790 -0.1029 0.9547
1341848041.0589 2.2215 -0.5010 1.2505 -0.0132 -0.2782 -0.0978 0.9555
1341848041.0943 2.2275 -0.4981 1.2416 -0.0145 -0.2738 -0.0950 0.9570
1341848041.1222 2.2174 -0.4889 1.2401 -0.0176 -0.2680 -0.0920 0.9589
1341848041.1900 2.2103 -0.4838 1.2328 -0.0246 -0.2618 -0.0818 0.9613
1341848041.2507 2.1990 -0.4756 1.2269 -0.0286 -0.2564 -0.0773 0.9630
1341848041.2831 2.1952 -0.4696 1.2223 -0.0318 -0.2534 -0.0763 0.9638
1341848041.3193 2.1830 -0.4686 1.2258 -0.0341 -0.2512 -0.0743 0.9645
1341848041.3555 2.1833 -0.4684 1.2195 -0.0334 -0.2490 -0.0736 0.9651
1341848041.3849 2.1750 -0.4619 1.2175 -0.0333 -0.2449 -0.0745 0.9661
1341848041.4188 2.1662 -0.4609 1.2189 -0.0339 -0.2408 -0.0717 0.9673
1341848041.4508 2.1658 -0.4570 1.2091 -0.0346 -0.2374 -0.0702 0.9683
1341848041.4828 2.1563 -0.4521 1.2086 -0.0374 -0.2336 -0.0708 0.9690
1341848041.5188 2.1488 -0.4538 1.2145 -0.0398 -0.2297 -0.0691 0.9700
1341848041.5507 2.1425 -0.4526 1.2106 -0.0393 -0.2241 -0.0697 0.9713
1341848041.5868 2.1304 -0.4487 1.2121 -0.0394 -0.2199 -0.0706 0.9722
1341848041.6187 2.1183 -0.4455 1.2123 -0.0386 -0.2159 -0.0694 0.9732
1341848041.6510 2.1098 -0.4408 1.2083 -0.0379 -0.2129 -0.0685 0.9739
1341848041.6868 2.0971 -0.4375 1.2109 -0.0370 -0.2109 -0.0667 0.9745
1341848041.7188 2.0914 -0.4389 1.2066 -0.0368 -0.2087 -0.0645 0.9752
1341848041.7508 2.0768 -0.4354 1.2065 -0.0369 -0.2062 -0.0610 0.9759
1341848041.7867 2.0667 -0.4355 1.2058 -0.0367 -0.2054 -0.0574 0.9763
1341848041.8187 2.0554 -0.4348 1.2035 -0.0362 -0.2051 -0.0537 0.9766
1341848041.8547 2.0473 -0.4309 1.1969 -0.0356 -0.2047 -0.0506 0.9769
1341848041.8867 2.0326 -0.4316 1.1982 -0.0369 -0.2025 -0.0476 0.9774
1341848041.9187 2.0193 -0.4339 1.2006 -0.0352 -0.2013 -0.0444 0.9779
1341848041.9950 2.0031 -0.4295 1.1867 -0.0352 -0.1974 -0.0383 0.9789
1341848042.0189 1.9882 -0.4376 1.1959 -0.0379 -0.1961 -0.0334 0.9793
1341848042.0546 1.9843 -0.4387 1.1878 -0.0354 -0.1944 -0.0326 0.9797
1341848042.0895 1.9710 -0.4342 1.1838 -0.0363 -0.1907 -0.0310 0.9805
1341848042.1229 1.9566 -0.4390 1.1919 -0.0389 -0.1894 -0.0264 0.9808
1341848042.1548 1.9551 -0.4402 1.1858 -0.0373 -0.1880 -0.0258 0.9811
1341848042.1867 1.9429 -0.4387 1.1871 -0.0370 -0.1841 -0.0268 0.9818
1341848042.2229 1.9313 -0.4383 1.1895 -0.0379 -0.1809 -0.0238 0.9825
1341848042.2548 1.9274 -0.4393 1.1861 -0.0376 -0.1788 -0.0240 0.9829
1341848042.2907 1.9172 -0.4390 1.1871 -0.0378 -0.1737 -0.0271 0.9837
1341848042.3228 1.9037 -0.4379 1.1920 -0.0382 -0.1699 -0.0251 0.9844
1341848042.3550 1.9006 -0.4376 1.1865 -0.0400 -0.1684 -0.0222 0.9847
1341848042.3907 1.8862 -0.4322 1.1851 -0.0417 -0.1640 -0.0202 0.9854
1341848042.4297 1.8762 -0.4362 1.1941 -0.0438 -0.1612 -0.0181 0.9858
1341848042.4909 1.8628 -0.4287 1.1850 -0.0453 -0.1531 -0.0136 0.9871
1341848042.5227 1.8499 -0.4309 1.1964 -0.0485 -0.1494 -0.0104 0.9875
1341848042.5587 1.8383 -0.4257 1.1884 -0.0466 -0.1427 -0.0068 0.9886
1341848042.5908 1.8302 -0.4216 1.1864 -0.0472 -0.1383 -0.0051 0.9892
1341848042.6227 1.8090 -0.4187 1.1937 -0.0474 -0.1325 0.0005 0.9900
1341848042.6587 1.8090 -0.4199 1.1868 -0.0451 -0.1304 0.0030 0.9904
1341848042.6978 1.7987 -0.4143 1.1831 -0.0442 -0.1246 0.0059 0.9912
1341848042.7298 1.7868 -0.4128 1.1849 -0.0447 -0.1201 0.0125 0.9917
1341848042.7616 1.7867 -0.4113 1.1787 -0.0455 -0.1179 0.0173 0.9918
1341848042.7980 1.7787 -0.4075 1.1755 -0.0464 -0.1121 0.0195 0.9924
1341848042.8297 1.7706 -0.4066 1.1770 -0.0476 -0.1062 0.0217 0.9930
1341848042.8617 1.7638 -0.4038 1.1739 -0.0483 -0.1007 0.0251 0.9934
1341848042.8978 1.7587 -0.4028 1.1725 -0.0501 -0.0968 0.0271 0.9937
1341848042.9299 1.7466 -0.4016 1.1763 -0.0503 -0.0925 0.0289 0.9940
1341848042.9657 1.7355 -0.3969 1.1717 -0.0474 -0.0868 0.0315 0.9946
1341848042.9980 1.7309 -0.3956 1.1675 -0.0475 -0.0843 0.0337 0.9947
1341848043.0303 1.7256 -0.3939 1.1655 -0.0485 -0.0817 0.0374 0.9948
1341848043.0657 1.7179 -0.3906 1.1615 -0.0490 -0.0774 0.0404 0.9950
1341848043.0979 1.7058 -0.3884 1.1633 -0.0498 -0.0729 0.0412 0.9952
1341848043.1340 1.6965 -0.3878 1.1641 -0.0501 -0.0695 0.0427 0.9954
1341848043.1658 1.6926 -0.3885 1.1615 -0.0515 -0.0670 0.0432 0.9955
1341848043.2019 1.6801 -0.3888 1.1673 -0.0520 -0.0643 0.0429 0.9957
1341848043.2339 1.6646 -0.3866 1.1706 -0.0490 -0.0599 0.0443 0.9960
1341848043.2657 1.6648 -0.3864 1.1633 -0.0486 -0.0580 0.0463 0.9961
1341848043.3018 1.6510 -0.3867 1.1676 -0.0487 -0.0545 0.0471 0.9962
1341848043.3340 1.6434 -0.3890 1.1710 -0.0477 -0.0520 0.0482 0.9963
1341848043.3698 1.6300 -0.3839 1.1662 -0.0455 -0.0476 0.0498 0.9966
1341848043.4017 1.6154 -0.3844 1.1721 -0.0451 -0.0460 0.0508 0.9966
1341848043.4339 1.6094 -0.3872 1.1708 -0.0452 -0.0453 0.0516 0.9966
1341848043.4696 1.6001 -0.3874 1.1726 -0.0455 -0.0424 0.0535 0.9966
1341848043.5017 1.5836 -0.3887 1.1799 -0.0455 -0.0389 0.0567 0.9966
1341848043.5378 1.5767 -0.3920 1.1821 -0.0446 -0.0398 0.0586 0.9965
1341848043.5697 1.5682 -0.3914 1.1793 -0.0447 -0.0372 0.0617 0.9964
1341848043.6018 1.5561 -0.3932 1.1839 -0.0460 -0.0360 0.0631 0.9963
1341848043.6378 1.5452 -0.3924 1.1856 -0.0473 -0.0348 0.0653 0.9961
1341848043.6701 1.5354 -0.3946 1.1921 -0.0488 -0.0331 0.0670 0.9960
1341848043.7020 1.5231 -0.3949 1.1958 -0.0488 -0.0309 0.0680 0.9960
1341848043.7378 1.5144 -0.3951 1.1967 -0.0492 -0.0299 0.0695 0.9959
1341848043.7698 1.5073 -0.3964 1.2036 -0.0522 -0.0287 0.0724 0.9956
1341848043.8058 1.4934 -0.4014 1.2133 -0.0544 -0.0259 0.0748 0.9954
1341848043.8379 1.4834 -0.4065 1.2203 -0.0532 -0.0242 0.0748 0.9955
1341848043.8697 1.4782 -0.4037 1.2182 -0.0506 -0.0225 0.0756 0.9956
1341848043.9057 1.4616 -0.4057 1.2242 -0.0523 -0.0197 0.0769 0.9955
1341848043.9380 1.4543 -0.4098 1.2297 -0.0524 -0.0202 0.0775 0.9954
1341848043.9698 1.4513 -0.4106 1.2284 -0.0522 -0.0189 0.0757 0.9956
1341848044.0059 1.4359 -0.4128 1.2349 -0.0537 -0.0149 0.0750 0.9956
1341848044.0377 1.4223 -0.4201 1.2416 -0.0538 -0.0135 0.0758 0.9956
1341848044.0738 1.4216 -0.4165 1.2357 -0.0514 -0.0142 0.0762 0.9957
1341848044.1058 1.4039 -0.4183 1.2405 -0.0542 -0.0112 0.0766 0.9955
1341848044.1377 1.3960 -0.4225 1.2473 -0.0546 -0.0120 0.0787 0.9953
1341848044.1738 1.3945 -0.4222 1.2461 -0.0544 -0.0120 0.0786 0.9954
1341848044.2057 1.3855 -0.4263 1.2519 -0.0561 -0.0089 0.0781 0.9953
1341848044.2378 1.3737 -0.4276 1.2545 -0.0556 -0.0063 0.0797 0.9952
1341848044.2738 1.3704 -0.4266 1.2555 -0.0556 -0.0057 0.0809 0.9952
1341848044.3057 1.3627 -0.4292 1.2604 -0.0573 -0.0034 0.0812 0.9950
1341848044.3378 1.3540 -0.4322 1.2636 -0.0577 -0.0008 0.0819 0.9950
1341848044.3737 1.3467 -0.4330 1.2623 -0.0579 0.0015 0.0843 0.9948
1341848044.4059 1.3432 -0.4352 1.2652 -0.0598 0.0036 0.0866 0.9944
1341848044.4417 1.3367 -0.4361 1.2716 -0.0606 0.0070 0.0902 0.9941
1341848044.4737 1.3318 -0.4357 1.2760 -0.0606 0.0102 0.0938 0.9937
1341848044.5057 1.3268 -0.4369 1.2796 -0.0616 0.0148 0.0976 0.9932
1341848044.5419 1.3214 -0.4382 1.2852 -0.0623 0.0199 0.1013 0.9927
1341848044.5738 1.3148 -0.4391 1.2909 -0.0621 0.0246 0.1048 0.9922
1341848044.6058 1.3084 -0.4381 1.2950 -0.0613 0.0292 0.1093 0.9917
1341848044.6417 1.3006 -0.4384 1.2976 -0.0621 0.0345 0.1142 0.9909
1341848044.7060 1.2884 -0.4407 1.3088 -0.0615 0.0412 0.1228 0.9897
1341848044.7710 1.2721 -0.4435 1.3172 -0.0589 0.0495 0.1296 0.9886
1341848044.8028 1.2666 -0.4413 1.3138 -0.0569 0.0517 0.1309 0.9884
1341848044.8349 1.2556 -0.4457 1.3199 -0.0588 0.0565 0.1328 0.9878
1341848044.8707 1.2457 -0.4478 1.3253 -0.0566 0.0593 0.1373 0.9871
1341848044.9027 1.2387 -0.4466 1.3244 -0.0540 0.0596 0.1397 0.9869
1341848044.9708 1.2210 -0.4457 1.3308 -0.0526 0.0619 0.1469 0.9858
1341848045.0026 1.2154 -0.4435 1.3277 -0.0523 0.0603 0.1488 0.9856
1341848045.0387 1.2091 -0.4435 1.3298 -0.0555 0.0603 0.1499 0.9853
1341848045.0708 1.2028 -0.4456 1.3383 -0.0578 0.0609 0.1504 0.9851
1341848045.1028 1.1989 -0.4451 1.3390 -0.0578 0.0622 0.1502 0.9850
1341848045.1388 1.1885 -0.4470 1.3435 -0.0606 0.0658 0.1500 0.9846
1341848045.1708 1.1787 -0.4511 1.3549 -0.0618 0.0674 0.1509 0.9843
1341848045.2027 1.1761 -0.4515 1.3543 -0.0606 0.0673 0.1503 0.9845
1341848045.2389 1.1671 -0.4548 1.3619 -0.0618 0.0703 0.1482 0.9845
1341848045.2708 1.1573 -0.4568 1.3692 -0.0607 0.0720 0.1492 0.9843
1341848045.3068 1.1516 -0.4564 1.3692 -0.0604 0.0717 0.1493 0.9843
1341848045.3387 1.1459 -0.4606 1.3767 -0.0628 0.0729 0.1475 0.9844
1341848045.3708 1.1359 -0.4647 1.3857 -0.0625 0.0753 0.1469 0.9843
1341848045.4067 1.1270 -0.4630 1.3880 -0.0611 0.0752 0.1468 0.9844
1341848045.4387 1.1172 -0.4656 1.3945 -0.0640 0.0746 0.1466 0.9843
1341848045.4747 1.1115 -0.4693 1.4056 -0.0654 0.0726 0.1460 0.9844
1341848045.5389 1.0968 -0.4789 1.4200 -0.0661 0.0740 0.1432 0.9847
1341848045.6069 1.0826 -0.4800 1.4306 -0.0639 0.0706 0.1432 0.9851
1341848045.6459 1.0777 -0.4795 1.4385 -0.0638 0.0687 0.1430 0.9853
1341848045.7070 1.0597 -0.4857 1.4580 -0.0640 0.0674 0.1395 0.9858
1341848045.7431 1.0565 -0.4842 1.4601 -0.0632 0.0643 0.1385 0.9862
1341848045.7748 1.0497 -0.4876 1.4709 -0.0657 0.0634 0.1365 0.9864
1341848045.8076 1.0411 -0.4905 1.4840 -0.0650 0.0614 0.1353 0.9868
1341848045.8429 1.0368 -0.4913 1.4852 -0.0632 0.0584 0.1334 0.9873
1341848045.8748 1.0300 -0.4904 1.4893 -0.0646 0.0577 0.1311 0.9876
1341848045.9068 1.0180 -0.4979 1.5044 -0.0684 0.0583 0.1305 0.9874
1341848045.9428 1.0124 -0.4968 1.5129 -0.0645 0.0523 0.1291 0.9882
1341848045.9748 1.0084 -0.4968 1.5117 -0.0637 0.0483 0.1249 0.9889
1341848046.0108 0.9962 -0.5001 1.5211 -0.0651 0.0488 0.1219 0.9892
1341848046.0428 0.9873 -0.5005 1.5277 -0.0636 0.0446 0.1204 0.9897
1341848046.0747 0.9853 -0.4956 1.5292 -0.0612 0.0377 0.1171 0.9905
1341848046.1108 0.9795 -0.4957 1.5348 -0.0637 0.0359 0.1131 0.9909
1341848046.1428 0.9722 -0.5002 1.5447 -0.0652 0.0344 0.1107 0.9911
1341848046.1818 0.9674 -0.4946 1.5444 -0.0609 0.0306 0.1059 0.9920
1341848046.2197 0.9586 -0.4933 1.5444 -0.0633 0.0300 0.1021 0.9923
1341848046.2497 0.9498 -0.4967 1.5520 -0.0666 0.0277 0.0999 0.9924
1341848046.2836 0.9446 -0.4921 1.5534 -0.0645 0.0236 0.0966 0.9930
1341848046.3177 0.9375 -0.4898 1.5552 -0.0651 0.0220 0.0925 0.9933
1341848046.3497 0.9266 -0.4914 1.5586 -0.0668 0.0224 0.0905 0.9934
1341848046.3823 0.9211 -0.4892 1.5600 -0.0661 0.0186 0.0880 0.9937
1341848046.4178 0.9158 -0.4833 1.5583 -0.0659 0.0170 0.0848 0.9941
1341848046.4498 0.9051 -0.4864 1.5619 -0.0701 0.0187 0.0836 0.9939
1341848046.4858 0.8987 -0.4828 1.5621 -0.0692 0.0158 0.0813 0.9942
1341848046.5178 0.8925 -0.4780 1.5622 -0.0699 0.0140 0.0784 0.9944
1341848046.5497 0.8839 -0.4829 1.5616 -0.0738 0.0139 0.0764 0.9942
1341848046.5861 0.8769 -0.4810 1.5604 -0.0719 0.0101 0.0751 0.9945
1341848046.6178 0.8706 -0.4736 1.5560 -0.0689 0.0081 0.0721 0.9950
1341848046.6537 0.8592 -0.4773 1.5544 -0.0718 0.0086 0.0719 0.9948
1341848046.7149 0.8469 -0.4679 1.5460 -0.0667 0.0006 0.0707 0.9953
1341848046.7469 0.8385 -0.4665 1.5427 -0.0666 0.0002 0.0704 0.9953
1341848046.7787 0.8313 -0.4655 1.5389 -0.0655 -0.0017 0.0697 0.9954
1341848046.8147 0.8251 -0.4567 1.5332 -0.0619 -0.0039 0.0679 0.9958
1341848046.8469 0.8168 -0.4555 1.5288 -0.0634 -0.0026 0.0672 0.9957
1341848046.8788 0.8099 -0.4525 1.5247 -0.0629 -0.0032 0.0673 0.9957
1341848046.9151 0.8030 -0.4478 1.5192 -0.0623 -0.0035 0.0672 0.9958
1341848046.9469 0.7968 -0.4472 1.5152 -0.0636 -0.0040 0.0674 0.9957
1341848046.9828 0.7899 -0.4419 1.5098 -0.0623 -0.0047 0.0670 0.9958
1341848047.0151 0.7836 -0.4375 1.5048 -0.0632 -0.0053 0.0665 0.9958
1341848047.0479 0.7752 -0.4366 1.5010 -0.0647 -0.0048 0.0664 0.9957
1341848047.0899 0.7694 -0.4302 1.4948 -0.0632 -0.0067 0.0650 0.9959
1341848047.1476 0.7542 -0.4254 1.4868 -0.0675 -0.0073 0.0642 0.9956
1341848047.2149 0.7367 -0.4166 1.4757 -0.0660 -0.0084 0.0601 0.9960
1341848047.2507 0.7282 -0.4160 1.4711 -0.0686 -0.0105 0.0601 0.9958
1341848047.2828 0.7206 -0.4131 1.4656 -0.0687 -0.0132 0.0596 0.9958
1341848047.3148 0.7146 -0.4115 1.4606 -0.0688 -0.0152 0.0572 0.9959
1341848047.3506 0.7031 -0.4098 1.4544 -0.0686 -0.0156 0.0560 0.9960
1341848047.3830 0.6957 -0.4097 1.4485 -0.0691 -0.0201 0.0562 0.9958
1341848047.4148 0.6908 -0.4070 1.4436 -0.0681 -0.0243 0.0545 0.9959
1341848047.4508 0.6804 -0.4063 1.4371 -0.0665 -0.0252 0.0526 0.9961
1341848047.4826 0.6716 -0.4006 1.4304 -0.0639 -0.0274 0.0517 0.9962
1341848047.5187 0.6643 -0.3987 1.4262 -0.0648 -0.0304 0.0505 0.9962
1341848047.5508 0.6596 -0.4007 1.4227 -0.0656 -0.0336 0.0498 0.9960
1341848047.5830 0.6527 -0.3987 1.4167 -0.0644 -0.0360 0.0482 0.9961
1341848047.6190 0.6445 -0.3959 1.4140 -0.0637 -0.0356 0.0465 0.9962
1341848047.6508 0.6317 -0.4015 1.4090 -0.0651 -0.0351 0.0464 0.9962
1341848047.6897 0.6289 -0.3949 1.4042 -0.0612 -0.0405 0.0460 0.9962
1341848047.7508 0.6126 -0.3924 1.3985 -0.0624 -0.0400 0.0446 0.9963
1341848047.7867 0.6024 -0.3938 1.3942 -0.0634 -0.0397 0.0441 0.9962
1341848047.8188 0.5984 -0.3914 1.3913 -0.0628 -0.0424 0.0429 0.9962
1341848047.8508 0.5923 -0.3902 1.3897 -0.0636 -0.0414 0.0412 0.9963
1341848047.8869 0.5806 -0.3933 1.3875 -0.0644 -0.0390 0.0407 0.9963
1341848047.9189 0.5719 -0.3911 1.3839 -0.0623 -0.0393 0.0409 0.9964
1341848047.9547 0.5671 -0.3887 1.3808 -0.0620 -0.0406 0.0406 0.9964
1341848047.9868 0.5567 -0.3925 1.3795 -0.0636 -0.0376 0.0404 0.9964
1341848048.0189 0.5431 -0.3920 1.3754 -0.0613 -0.0364 0.0400 0.9967
1341848048.0549 0.5445 -0.3886 1.3736 -0.0601 -0.0408 0.0403 0.9965
1341848048.0868 0.5363 -0.3883 1.3720 -0.0608 -0.0384 0.0403 0.9966
1341848048.1188 0.5251 -0.3905 1.3700 -0.0614 -0.0365 0.0406 0.9966
1341848048.1547 0.5174 -0.3863 1.3675 -0.0590 -0.0364 0.0422 0.9967
1341848048.1867 0.5115 -0.3863 1.3653 -0.0593 -0.0341 0.0422 0.9968
1341848048.2230 0.4978 -0.3928 1.3631 -0.0608 -0.0303 0.0425 0.9968
1341848048.2550 0.4955 -0.3912 1.3605 -0.0567 -0.0319 0.0458 0.9968
1341848048.2866 0.4908 -0.3863 1.3571 -0.0541 -0.0300 0.0450 0.9971
1341848048.3228 0.4771 -0.3890 1.3545 -0.0557 -0.0252 0.0453 0.9971
1341848048.3547 0.4731 -0.3910 1.3515 -0.0549 -0.0253 0.0471 0.9971
1341848048.3867 0.4676 -0.3909 1.3469 -0.0535 -0.0237 0.0443 0.9973
1341848048.4226 0.4566 -0.3938 1.3445 -0.0528 -0.0202 0.0436 0.9974
1341848048.4549 0.4488 -0.3903 1.3395 -0.0483 -0.0187 0.0444 0.9977
1341848048.4907 0.4417 -0.3886 1.3358 -0.0477 -0.0177 0.0445 0.9977
1341848048.5228 0.4330 -0.3943 1.3349 -0.0491 -0.0166 0.0453 0.9976
1341848048.5550 0.4272 -0.3949 1.3320 -0.0452 -0.0160 0.0460 0.9978
1341848048.5906 0.4186 -0.3929 1.3252 -0.0416 -0.0153 0.0459 0.9980
1341848048.6227 0.4134 -0.3912 1.3252 -0.0388 -0.0160 0.0481 0.9980
1341848048.6587 0.4076 -0.3944 1.3226 -0.0363 -0.0151 0.0496 0.9980
1341848048.6908 0.4027 -0.3934 1.3154 -0.0328 -0.0158 0.0492 0.9981
1341848048.7227 0.3961 -0.3932 1.3140 -0.0310 -0.0154 0.0509 0.9981
1341848048.7588 0.3927 -0.3966 1.3101 -0.0295 -0.0157 0.0519 0.9981
1341848048.7912 0.3859 -0.3937 1.3071 -0.0257 -0.0146 0.0519 0.9982
1341848048.8227 0.3774 -0.3996 1.3050 -0.0254 -0.0135 0.0518 0.9982
1341848048.8587 0.3736 -0.3966 1.3013 -0.0208 -0.0151 0.0508 0.9984
1341848048.8910 0.3659 -0.3991 1.2984 -0.0191 -0.0141 0.0489 0.9985
1341848048.9268 0.3578 -0.4004 1.2951 -0.0156 -0.0146 0.0467 0.9987
1341848048.9590 0.3493 -0.3981 1.2902 -0.0114 -0.0157 0.0450 0.9988
1341848048.9908 0.3423 -0.4020 1.2868 -0.0095 -0.0167 0.0446 0.9988
1341848049.0267 0.3384 -0.4055 1.2839 -0.0060 -0.0184 0.0422 0.9989
1341848049.0588 0.3335 -0.4024 1.2769 0.0002 -0.0189 0.0392 0.9991
1341848049.0907 0.3217 -0.4009 1.2700 0.0026 -0.0182 0.0384 0.9991
1341848049.1268 0.3171 -0.4031 1.2668 0.0033 -0.0213 0.0390 0.9990
1341848049.1589 0.3154 -0.4029 1.2627 0.0054 -0.0229 0.0373 0.9990
1341848049.1947 0.3057 -0.4015 1.2581 0.0083 -0.0214 0.0350 0.9991
1341848049.2267 0.2970 -0.3964 1.2513 0.0109 -0.0222 0.0345 0.9991
1341848049.2588 0.2916 -0.3975 1.2483 0.0097 -0.0239 0.0342 0.9991
1341848049.2947 0.2876 -0.3969 1.2442 0.0111 -0.0240 0.0324 0.9991
1341848049.3268 0.2785 -0.3934 1.2379 0.0131 -0.0223 0.0316 0.9992
1341848049.3588 0.2686 -0.3879 1.2322 0.0146 -0.0215 0.0335 0.9991
1341848049.3948 0.2612 -0.3913 1.2307 0.0130 -0.0216 0.0350 0.9991
1341848049.4268 0.2622 -0.3907 1.2229 0.0152 -0.0234 0.0359 0.9990
1341848049.4627 0.2543 -0.3834 1.2160 0.0173 -0.0212 0.0378 0.9989
1341848049.4947 0.2386 -0.3903 1.2123 0.0150 -0.0176 0.0402 0.9989
1341848049.5268 0.2423 -0.3823 1.2034 0.0190 -0.0214 0.0418 0.9987
1341848049.5628 0.2315 -0.3797 1.1975 0.0187 -0.0176 0.0428 0.9988
1341848049.5948 0.2160 -0.3779 1.1932 0.0186 -0.0157 0.0449 0.9987
1341848049.6268 0.2143 -0.3763 1.1861 0.0185 -0.0192 0.0462 0.9986
1341848049.6627 0.2094 -0.3700 1.1790 0.0197 -0.0189 0.0453 0.9986
1341848049.6951 0.1929 -0.3683 1.1720 0.0184 -0.0166 0.0444 0.9987
1341848049.7308 0.1841 -0.3636 1.1668 0.0183 -0.0200 0.0464 0.9986
1341848049.7627 0.1810 -0.3630 1.1582 0.0158 -0.0247 0.0429 0.9986
1341848049.7947 0.1685 -0.3579 1.1531 0.0163 -0.0231 0.0414 0.9987
1341848049.8308 0.1539 -0.3549 1.1458 0.0160 -0.0241 0.0401 0.9988
1341848049.8698 0.1538 -0.3470 1.1377 0.0155 -0.0303 0.0402 0.9986
1341848049.9308 0.1323 -0.3499 1.1309 0.0129 -0.0304 0.0358 0.9988
1341848049.9630 0.1269 -0.3409 1.1229 0.0155 -0.0343 0.0347 0.9987
1341848049.9988 0.1198 -0.3374 1.1172 0.0141 -0.0372 0.0343 0.9986
1341848050.0308 0.1099 -0.3405 1.1160 0.0116 -0.0393 0.0329 0.9986
1341848050.0627 0.1085 -0.3381 1.1118 0.0126 -0.0440 0.0309 0.9985
1341848050.0987 0.1002 -0.3307 1.1054 0.0139 -0.0449 0.0298 0.9984
1341848050.1307 0.0871 -0.3329 1.1036 0.0115 -0.0467 0.0270 0.9985
1341848050.1667 0.0887 -0.3261 1.0990 0.0131 -0.0520 0.0248 0.9983
1341848050.1987 0.0774 -0.3249 1.0972 0.0115 -0.0513 0.0211 0.9984
1341848050.2308 0.0637 -0.3220 1.0960 0.0117 -0.0530 0.0183 0.9984
1341848050.2667 0.0636 -0.3194 1.0916 0.0114 -0.0584 0.0164 0.9981
1341848050.2988 0.0558 -0.3188 1.0894 0.0100 -0.0596 0.0118 0.9981
1341848050.3307 0.0433 -0.3169 1.0887 0.0106 -0.0611 0.0088 0.9980
1341848050.3667 0.0410 -0.3126 1.0833 0.0112 -0.0661 0.0075 0.9977
1341848050.3987 0.0331 -0.3111 1.0812 0.0097 -0.0686 0.0040 0.9976
1341848050.4348 0.0229 -0.3114 1.0808 0.0089 -0.0704 0.0019 0.9975
1341848050.4667 0.0191 -0.3102 1.0772 0.0091 -0.0751 -0.0010 0.9971
1341848050.4988 0.0112 -0.3130 1.0758 0.0083 -0.0776 -0.0060 0.9969
1341848050.5348 0.0038 -0.3109 1.0728 0.0100 -0.0794 -0.0088 0.9968
1341848050.5668 -0.0046 -0.3071 1.0696 0.0114 -0.0823 -0.0106 0.9965
1341848050.5988 -0.0104 -0.3043 1.0666 0.0112 -0.0872 -0.0125 0.9960
1341848050.6348 -0.0171 -0.3104 1.0664 0.0089 -0.0907 -0.0161 0.9957
1341848050.6668 -0.0245 -0.3070 1.0628 0.0118 -0.0935 -0.0191 0.9954
1341848050.7028 -0.0338 -0.3046 1.0597 0.0126 -0.0964 -0.0210 0.9950
1341848050.7348 -0.0405 -0.3028 1.0563 0.0129 -0.1006 -0.0210 0.9946
1341848050.7669 -0.0476 -0.3026 1.0546 0.0118 -0.1054 -0.0222 0.9941
1341848050.8029 -0.0555 -0.3047 1.0543 0.0114 -0.1097 -0.0245 0.9936
1341848050.8348 -0.0609 -0.3013 1.0496 0.0136 -0.1135 -0.0272 0.9931
1341848050.8707 -0.0677 -0.3001 1.0471 0.0127 -0.1169 -0.0296 0.9926
1341848050.9027 -0.0785 -0.3012 1.0486 0.0125 -0.1208 -0.0322 0.9921
1341848050.9348 -0.0817 -0.3017 1.0435 0.0137 -0.1247 -0.0359 0.9915
1341848050.9709 -0.0927 -0.2974 1.0426 0.0156 -0.1261 -0.0388 0.9911
1341848051.0028 -0.1013 -0.2976 1.0415 0.0163 -0.1295 -0.0401 0.9906
1341848051.0350 -0.1054 -0.2951 1.0366 0.0179 -0.1334 -0.0408 0.9901
1341848051.0708 -0.1126 -0.2958 1.0355 0.0178 -0.1365 -0.0433 0.9895
1341848051.1027 -0.1200 -0.2931 1.0345 0.0202 -0.1392 -0.0444 0.9891
1341848051.1387 -0.1237 -0.2902 1.0291 0.0222 -0.1421 -0.0458 0.9885
1341848051.1707 -0.1310 -0.2888 1.0265 0.0223 -0.1434 -0.0459 0.9883
1341848051.2387 -0.1387 -0.2928 1.0252 0.0228 -0.1519 -0.0461 0.9871
1341848051.2708 -0.1433 -0.2948 1.0246 0.0248 -0.1543 -0.0491 0.9865
1341848051.3027 -0.1476 -0.2945 1.0221 0.0288 -0.1557 -0.0506 0.9861
1341848051.3387 -0.1522 -0.2936 1.0197 0.0325 -0.1584 -0.0511 0.9855
1341848051.3709 -0.1533 -0.2918 1.0157 0.0362 -0.1636 -0.0533 0.9844
1341848051.4067 -0.1551 -0.2923 1.0134 0.0375 -0.1656 -0.0551 0.9839
1341848051.4400 -0.1580 -0.2905 1.0125 0.0400 -0.1684 -0.0567 0.9833
1341848051.4709 -0.1592 -0.2889 1.0099 0.0421 -0.1720 -0.0595 0.9824
1341848051.5067 -0.1608 -0.2863 1.0084 0.0432 -0.1758 -0.0633 0.9814
1341848051.5389 -0.1648 -0.2896 1.0128 0.0443 -0.1807 -0.0688 0.9801
1341848051.5707 -0.1628 -0.2873 1.0085 0.0500 -0.1854 -0.0758 0.9785
1341848051.6068 -0.1680 -0.2847 1.0064 0.0527 -0.1882 -0.0827 0.9772
1341848051.6389 -0.1708 -0.2875 1.0099 0.0555 -0.1959 -0.0899 0.9749
1341848051.6747 -0.1687 -0.2810 1.0003 0.0618 -0.2001 -0.0932 0.9734
1341848051.7067 -0.1738 -0.2756 0.9972 0.0623 -0.2041 -0.0971 0.9721
1341848051.7388 -0.1753 -0.2769 0.9989 0.0626 -0.2118 -0.1013 0.9700
1341848051.7748 -0.1719 -0.2718 0.9908 0.0657 -0.2166 -0.1047 0.9684
1341848051.8067 -0.1740 -0.2704 0.9937 0.0672 -0.2197 -0.1129 0.9667
1341848051.8388 -0.1735 -0.2719 0.9952 0.0720 -0.2231 -0.1213 0.9645
1341848051.8750 -0.1680 -0.2623 0.9810 0.0770 -0.2237 -0.1265 0.9633
1341848051.9067 -0.1698 -0.2591 0.9800 0.0746 -0.2249 -0.1327 0.9624
1341848051.9427 -0.1673 -0.2615 0.9802 0.0727 -0.2297 -0.1375 0.9608
1341848051.9748 -0.1589 -0.2515 0.9710 0.0740 -0.2295 -0.1412 0.9602
1341848052.0068 -0.1586 -0.2522 0.9745 0.0701 -0.2284 -0.1453 0.9601
1341848052.0428 -0.1547 -0.2557 0.9773 0.0695 -0.2293 -0.1475 0.9596
1341848052.0749 -0.1448 -0.2476 0.9685 0.0723 -0.2270 -0.1506 0.9595
1341848052.1430 -0.1395 -0.2485 0.9719 0.0715 -0.2222 -0.1575 0.9595
1341848052.1781 -0.1292 -0.2403 0.9611 0.0734 -0.2199 -0.1618 0.9592
1341848052.2114 -0.1263 -0.2417 0.9650 0.0707 -0.2172 -0.1649 0.9595
1341848052.2429 -0.1202 -0.2407 0.9635 0.0721 -0.2160 -0.1684 0.9591
1341848052.3111 -0.1077 -0.2347 0.9566 0.0690 -0.2107 -0.1740 0.9595
1341848052.3429 -0.1009 -0.2355 0.9552 0.0696 -0.2098 -0.1766 0.9592
1341848052.3795 -0.0916 -0.2306 0.9482 0.0709 -0.2063 -0.1785 0.9595
1341848052.4123 -0.0905 -0.2298 0.9467 0.0683 -0.2025 -0.1783 0.9605
1341848052.4447 -0.0849 -0.2321 0.9492 0.0686 -0.2042 -0.1806 0.9597
1341848052.4815 -0.0739 -0.2283 0.9425 0.0717 -0.2012 -0.1821 0.9598
1341848052.5433 -0.0624 -0.2249 0.9341 0.0747 -0.1979 -0.1843 0.9598
1341848052.5792 -0.0501 -0.2194 0.9263 0.0747 -0.1960 -0.1868 0.9597
1341848052.6177 -0.0491 -0.2210 0.9301 0.0733 -0.1923 -0.1917 0.9596
1341848052.6787 -0.0300 -0.2144 0.9192 0.0790 -0.1900 -0.2015 0.9576
1341848052.7108 -0.0251 -0.2133 0.9151 0.0778 -0.1870 -0.2032 0.9580
1341848052.7468 -0.0197 -0.2138 0.9103 0.0754 -0.1871 -0.2006 0.9587
1341848052.7787 -0.0055 -0.2069 0.9008 0.0742 -0.1874 -0.1996 0.9589
1341848052.8109 -0.0008 -0.2100 0.9047 0.0700 -0.1843 -0.2000 0.9598
1341848052.8469 0.0060 -0.2154 0.9052 0.0719 -0.1819 -0.2026 0.9595
1341848052.8788 0.0182 -0.2073 0.8919 0.0764 -0.1767 -0.2041 0.9598
1341848052.9147 0.0230 -0.2058 0.8872 0.0742 -0.1710 -0.2039 0.9611
1341848052.9467 0.0272 -0.2087 0.8873 0.0732 -0.1684 -0.2026 0.9619
1341848052.9787 0.0399 -0.2045 0.8787 0.0747 -0.1652 -0.2021 0.9625
1341848053.0148 0.0437 -0.2056 0.8772 0.0729 -0.1582 -0.2010 0.9640
1341848053.0467 0.0477 -0.2056 0.8762 0.0738 -0.1543 -0.1983 0.9651
1341848053.0827 0.0648 -0.2015 0.8666 0.0749 -0.1525 -0.1966 0.9657
1341848053.1148 0.0711 -0.2042 0.8659 0.0727 -0.1454 -0.1952 0.9672
1341848053.1470 0.0755 -0.2027 0.8647 0.0736 -0.1396 -0.1918 0.9687
1341848053.1832 0.0843 -0.1986 0.8562 0.0733 -0.1361 -0.1889 0.9698
1341848053.2148 0.0919 -0.2027 0.8584 0.0711 -0.1324 -0.1866 0.9709
1341848053.2480 0.0974 -0.2040 0.8571 0.0732 -0.1278 -0.1851 0.9716
1341848053.2898 0.1057 -0.2012 0.8500 0.0753 -0.1241 -0.1827 0.9724
1341848053.3217 0.1128 -0.2009 0.8453 0.0750 -0.1204 -0.1787 0.9736
1341848053.3538 0.1192 -0.2009 0.8423 0.0750 -0.1161 -0.1748 0.9749
1341848053.3861 0.1254 -0.2004 0.8390 0.0755 -0.1125 -0.1714 0.9758
1341848053.4218 0.1363 -0.1986 0.8318 0.0756 -0.1087 -0.1677 0.9769
1341848053.4537 0.1417 -0.1931 0.8289 0.0747 -0.1030 -0.1622 0.9785
1341848053.4857 0.1452 -0.1918 0.8270 0.0724 -0.1000 -0.1578 0.9797
1341848053.5217 0.1528 -0.1931 0.8218 0.0702 -0.0974 -0.1549 0.9806
1341848053.5539 0.1635 -0.1892 0.8160 0.0689 -0.0922 -0.1514 0.9817
1341848053.5897 0.1640 -0.1865 0.8147 0.0662 -0.0857 -0.1466 0.9833
1341848053.6219 0.1716 -0.1812 0.8106 0.0634 -0.0825 -0.1395 0.9847
1341848053.6538 0.1807 -0.1815 0.8052 0.0579 -0.0766 -0.1335 0.9864
1341848053.6897 0.1788 -0.1843 0.8070 0.0536 -0.0683 -0.1297 0.9877
1341848053.7217 0.1842 -0.1827 0.8034 0.0521 -0.0633 -0.1239 0.9889
1341848053.7580 0.1936 -0.1819 0.7985 0.0494 -0.0578 -0.1185 0.9900
1341848053.7899 0.1893 -0.1830 0.7992 0.0469 -0.0489 -0.1136 0.9912
1341848053.8216 0.1943 -0.1840 0.7957 0.0467 -0.0429 -0.1076 0.9922
1341848053.8578 0.1983 -0.1820 0.7912 0.0460 -0.0363 -0.1009 0.9932
1341848053.8898 0.1942 -0.1832 0.7891 0.0441 -0.0294 -0.0938 0.9942
1341848053.9511 0.1977 -0.1859 0.7783 0.0467 -0.0222 -0.0818 0.9953
1341848053.9868 0.1924 -0.1851 0.7745 0.0475 -0.0164 -0.0757 0.9959
1341848054.0510 0.1974 -0.1817 0.7584 0.0472 -0.0178 -0.0569 0.9971
1341848054.0868 0.1958 -0.1831 0.7519 0.0438 -0.0158 -0.0504 0.9976
1341848054.1189 0.1884 -0.1832 0.7472 0.0420 -0.0145 -0.0433 0.9981
1341848054.1550 0.1948 -0.1823 0.7378 0.0400 -0.0170 -0.0366 0.9984
1341848054.1867 0.1900 -0.1830 0.7324 0.0371 -0.0156 -0.0344 0.9986
1341848054.2190 0.1834 -0.1890 0.7287 0.0359 -0.0137 -0.0334 0.9987
1341848054.2548 0.1827 -0.1902 0.7201 0.0386 -0.0126 -0.0340 0.9986
1341848054.2868 0.1903 -0.1793 0.7065 0.0417 -0.0126 -0.0344 0.9985
1341848054.3229 0.1861 -0.1762 0.6988 0.0370 -0.0098 -0.0329 0.9987
1341848054.3548 0.1748 -0.1812 0.6949 0.0331 -0.0070 -0.0316 0.9989
1341848054.3871 0.1833 -0.1759 0.6837 0.0326 -0.0086 -0.0316 0.9989
1341848054.4229 0.1757 -0.1757 0.6779 0.0289 -0.0046 -0.0311 0.9991
1341848054.4547 0.1632 -0.1777 0.6753 0.0270 -0.0024 -0.0294 0.9992
1341848054.4869 0.1660 -0.1753 0.6665 0.0270 -0.0061 -0.0273 0.9992
1341848054.5227 0.1681 -0.1768 0.6595 0.0255 -0.0058 -0.0260 0.9993
1341848054.5549 0.1609 -0.1818 0.6548 0.0255 -0.0019 -0.0244 0.9994
1341848054.5908 0.1662 -0.1781 0.6461 0.0279 -0.0023 -0.0216 0.9994
1341848054.6227 0.1682 -0.1776 0.6368 0.0268 -0.0024 -0.0208 0.9994
1341848054.6564 0.1676 -0.1776 0.6321 0.0263 -0.0013 -0.0183 0.9995
1341848054.6910 0.1754 -0.1785 0.6232 0.0261 0.0009 -0.0160 0.9995
1341848054.7227 0.1711 -0.1804 0.6193 0.0268 0.0052 -0.0168 0.9995
1341848054.7547 0.1696 -0.1784 0.6136 0.0296 0.0083 -0.0153 0.9994
1341848054.7909 0.1742 -0.1794 0.6055 0.0316 0.0093 -0.0124 0.9994
1341848054.8229 0.1788 -0.1750 0.5961 0.0329 0.0114 -0.0078 0.9994
1341848054.8589 0.1724 -0.1750 0.5924 0.0330 0.0154 -0.0019 0.9993
1341848054.8909 0.1768 -0.1761 0.5858 0.0349 0.0156 0.0021 0.9993
1341848054.9228 0.1829 -0.1722 0.5765 0.0375 0.0176 0.0068 0.9991
1341848054.9587 0.1797 -0.1706 0.5674 0.0378 0.0215 0.0104 0.9990
1341848054.9911 0.1752 -0.1721 0.5664 0.0394 0.0226 0.0130 0.9989
1341848055.0230 0.1840 -0.1690 0.5523 0.0426 0.0229 0.0140 0.9987
1341848055.0587 0.1811 -0.1661 0.5456 0.0443 0.0275 0.0162 0.9985
1341848055.0907 0.1730 -0.1631 0.5388 0.0470 0.0297 0.0196 0.9983
1341848055.1270 0.1778 -0.1564 0.5236 0.0492 0.0286 0.0234 0.9981
1341848055.1592 0.1815 -0.1553 0.5138 0.0487 0.0305 0.0255 0.9980
1341848055.1910 0.1730 -0.1559 0.5068 0.0503 0.0351 0.0273 0.9977
1341848055.2268 0.1682 -0.1469 0.4926 0.0543 0.0359 0.0297 0.9974
1341848055.2589 0.1709 -0.1385 0.4779 0.0545 0.0347 0.0311 0.9974
1341848055.2947 0.1670 -0.1374 0.4712 0.0538 0.0358 0.0333 0.9974
1341848055.3268 0.1605 -0.1335 0.4579 0.0547 0.0363 0.0350 0.9972
1341848055.3589 0.1580 -0.1259 0.4436 0.0556 0.0368 0.0343 0.9972
1341848055.3947 0.1613 -0.1214 0.4289 0.0549 0.0380 0.0333 0.9972
1341848055.4268 0.1526 -0.1180 0.4210 0.0549 0.0418 0.0330 0.9971
1341848055.4588 0.1474 -0.1088 0.4102 0.0566 0.0437 0.0336 0.9969
1341848055.4947 0.1475 -0.1029 0.3967 0.0556 0.0450 0.0348 0.9968
1341848055.5267 0.1395 -0.1008 0.3913 0.0546 0.0485 0.0353 0.9967
1341848055.5626 0.1364 -0.0959 0.3809 0.0564 0.0507 0.0363 0.9965
1341848055.5947 0.1366 -0.0891 0.3665 0.0568 0.0533 0.0367 0.9963
1341848055.6267 0.1277 -0.0804 0.3601 0.0566 0.0570 0.0381 0.9960
1341848055.6630 0.1217 -0.0790 0.3526 0.0562 0.0583 0.0395 0.9959
1341848055.6948 0.1265 -0.0709 0.3374 0.0562 0.0597 0.0400 0.9958
1341848055.7268 0.1249 -0.0638 0.3303 0.0538 0.0664 0.0418 0.9955
1341848055.7628 0.1065 -0.0667 0.3353 0.0520 0.0721 0.0452 0.9950
1341848055.7950 0.1072 -0.0657 0.3244 0.0530 0.0720 0.0480 0.9948
1341848055.8308 0.1077 -0.0634 0.3182 0.0529 0.0751 0.0514 0.9944
1341848055.8628 0.0990 -0.0641 0.3158 0.0543 0.0795 0.0555 0.9938
1341848055.8948 0.0931 -0.0598 0.3097 0.0571 0.0817 0.0590 0.9933
1341848055.9307 0.0866 -0.0558 0.3032 0.0584 0.0846 0.0593 0.9929
1341848055.9628 0.0768 -0.0553 0.3019 0.0589 0.0868 0.0609 0.9926
1341848055.9947 0.0701 -0.0489 0.2929 0.0593 0.0872 0.0635 0.9924
1341848056.0307 0.0636 -0.0466 0.2899 0.0574 0.0883 0.0656 0.9923
1341848056.0628 0.0507 -0.0485 0.2897 0.0567 0.0898 0.0674 0.9921
1341848056.0988 0.0424 -0.0450 0.2855 0.0572 0.0904 0.0685 0.9919
1341848056.1306 0.0315 -0.0447 0.2850 0.0571 0.0923 0.0693 0.9917
1341848056.1627 0.0140 -0.0444 0.2848 0.0581 0.0939 0.0696 0.9914
1341848056.1987 0.0015 -0.0401 0.2794 0.0593 0.0923 0.0705 0.9915
1341848056.2307 -0.0113 -0.0353 0.2774 0.0590 0.0912 0.0722 0.9915
1341848056.2639 -0.0290 -0.0361 0.2791 0.0583 0.0904 0.0718 0.9916
1341848056.2988 -0.0359 -0.0360 0.2752 0.0584 0.0878 0.0714 0.9919
1341848056.3307 -0.0538 -0.0275 0.2685 0.0586 0.0882 0.0730 0.9917
1341848056.3667 -0.0715 -0.0295 0.2755 0.0574 0.0877 0.0745 0.9917
1341848056.3987 -0.0924 -0.0238 0.2684 0.0578 0.0850 0.0762 0.9918
1341848056.4307 -0.1025 -0.0128 0.2615 0.0545 0.0808 0.0810 0.9919
1341848056.4668 -0.1217 -0.0126 0.2623 0.0475 0.0794 0.0870 0.9919
1341848056.4989 -0.1374 -0.0168 0.2641 0.0430 0.0765 0.0883 0.9922
1341848056.5348 -0.1465 -0.0143 0.2615 0.0402 0.0741 0.0875 0.9926
1341848056.5667 -0.1671 -0.0145 0.2602 0.0377 0.0759 0.0869 0.9926
1341848056.5989 -0.1792 -0.0173 0.2611 0.0357 0.0734 0.0896 0.9926
1341848056.6348 -0.1959 -0.0104 0.2576 0.0340 0.0689 0.0914 0.9928
1341848056.6668 -0.2080 -0.0134 0.2603 0.0302 0.0658 0.0936 0.9930
1341848056.6989 -0.2200 -0.0141 0.2585 0.0295 0.0634 0.0936 0.9931
1341848056.7348 -0.2355 -0.0091 0.2612 0.0294 0.0617 0.0921 0.9934
1341848056.7667 -0.2461 -0.0121 0.2582 0.0280 0.0588 0.0904 0.9938
1341848056.8029 -0.2585 -0.0066 0.2527 0.0269 0.0576 0.0882 0.9941
1341848056.8350 -0.2741 -0.0092 0.2566 0.0245 0.0570 0.0858 0.9944
1341848056.8667 -0.2817 -0.0136 0.2587 0.0243 0.0547 0.0857 0.9945
1341848056.9027 -0.2865 -0.0109 0.2498 0.0250 0.0545 0.0850 0.9946
1341848056.9347 -0.2942 -0.0092 0.2559 0.0237 0.0566 0.0840 0.9946
1341848056.9668 -0.3091 -0.0105 0.2606 0.0239 0.0585 0.0840 0.9945
1341848057.0027 -0.3112 -0.0098 0.2508 0.0227 0.0577 0.0839 0.9945
1341848057.0348 -0.3221 -0.0091 0.2515 0.0201 0.0617 0.0831 0.9944
1341848057.0710 -0.3377 -0.0111 0.2576 0.0190 0.0646 0.0815 0.9944
1341848057.1028 -0.3451 -0.0096 0.2513 0.0190 0.0642 0.0803 0.9945
1341848057.1347 -0.3554 -0.0056 0.2484 0.0164 0.0663 0.0807 0.9944
1341848057.1707 -0.3687 -0.0068 0.2577 0.0142 0.0676 0.0800 0.9944
1341848057.2026 -0.3792 -0.0055 0.2517 0.0141 0.0680 0.0769 0.9946
1341848057.2347 -0.3873 -0.0017 0.2464 0.0120 0.0702 0.0754 0.9946
1341848057.2708 -0.4043 0.0025 0.2504 0.0092 0.0729 0.0760 0.9944
1341848057.3029 -0.4170 0.0045 0.2525 0.0071 0.0726 0.0758 0.9945
1341848057.3388 -0.4233 0.0049 0.2442 0.0045 0.0741 0.0751 0.9944
1341848057.3708 -0.4394 0.0092 0.2479 0.0015 0.0777 0.0762 0.9941
1341848057.4027 -0.4561 0.0138 0.2549 0.0009 0.0790 0.0776 0.9939
1341848057.4389 -0.4593 0.0118 0.2441 -0.0013 0.0799 0.0777 0.9938
1341848057.4707 -0.4760 0.0158 0.2466 -0.0035 0.0854 0.0804 0.9931
1341848057.5067 -0.4942 0.0201 0.2503 -0.0027 0.0880 0.0840 0.9926
1341848057.5388 -0.5085 0.0239 0.2407 -0.0040 0.0880 0.0857 0.9924
1341848057.5711 -0.5199 0.0263 0.2358 -0.0074 0.0901 0.0888 0.9919
1341848057.6067 -0.5341 0.0280 0.2381 -0.0106 0.0939 0.0927 0.9912
1341848057.6388 -0.5432 0.0272 0.2358 -0.0125 0.0969 0.0954 0.9906
1341848057.6709 -0.5569 0.0304 0.2332 -0.0142 0.1021 0.0980 0.9898
1341848057.7068 -0.5713 0.0315 0.2382 -0.0148 0.1070 0.1027 0.9888
1341848057.7389 -0.5837 0.0327 0.2329 -0.0147 0.1086 0.1040 0.9885
1341848057.7750 -0.5968 0.0364 0.2297 -0.0155 0.1111 0.1063 0.9880
1341848057.8068 -0.6128 0.0377 0.2342 -0.0155 0.1147 0.1124 0.9869
1341848057.8388 -0.6271 0.0383 0.2342 -0.0138 0.1152 0.1175 0.9863
1341848057.8748 -0.6366 0.0390 0.2275 -0.0130 0.1154 0.1192 0.9861
1341848057.9068 -0.6518 0.0403 0.2260 -0.0129 0.1172 0.1195 0.9858
1341848057.9388 -0.6662 0.0438 0.2254 -0.0129 0.1168 0.1216 0.9856
1341848057.9753 -0.6769 0.0433 0.2237 -0.0148 0.1152 0.1239 0.9855
1341848058.0068 -0.6895 0.0414 0.2281 -0.0148 0.1140 0.1240 0.9856
1341848058.0428 -0.7048 0.0421 0.2333 -0.0119 0.1113 0.1231 0.9861
1341848058.0760 -0.7172 0.0420 0.2255 -0.0104 0.1090 0.1228 0.9864
1341848058.1068 -0.7304 0.0405 0.2325 -0.0103 0.1066 0.1220 0.9867
1341848058.1427 -0.7435 0.0373 0.2325 -0.0078 0.1034 0.1205 0.9873
1341848058.1747 -0.7547 0.0380 0.2306 -0.0060 0.0995 0.1181 0.9880
1341848058.2071 -0.7698 0.0378 0.2318 -0.0055 0.0985 0.1160 0.9883
1341848058.2427 -0.7853 0.0382 0.2357 -0.0039 0.0962 0.1131 0.9889
1341848058.2747 -0.7930 0.0368 0.2378 -0.0019 0.0939 0.1122 0.9892
1341848058.3107 -0.8063 0.0339 0.2417 0.0015 0.0959 0.1102 0.9893
1341848058.3432 -0.8193 0.0338 0.2384 0.0044 0.0951 0.1061 0.9898
1341848058.3749 -0.8310 0.0347 0.2344 0.0054 0.0947 0.1079 0.9896
1341848058.4107 -0.8418 0.0324 0.2373 0.0036 0.0944 0.1098 0.9895
1341848058.4428 -0.8506 0.0309 0.2434 0.0032 0.0938 0.1120 0.9893
1341848058.4747 -0.8582 0.0301 0.2510 0.0053 0.0942 0.1150 0.9889
1341848058.5430 -0.8790 0.0266 0.2542 0.0091 0.0988 0.1203 0.9878
1341848058.5789 -0.8857 0.0249 0.2549 0.0096 0.0983 0.1250 0.9872
1341848058.6108 -0.8896 0.0234 0.2580 0.0095 0.1004 0.1281 0.9866
1341848058.6431 -0.9026 0.0208 0.2637 0.0093 0.1041 0.1284 0.9862
1341848058.6787 -0.9091 0.0219 0.2762 0.0123 0.1045 0.1291 0.9860
1341848058.7107 -0.9114 0.0198 0.2717 0.0156 0.1084 0.1280 0.9857
1341848058.7468 -0.9265 0.0183 0.2702 0.0148 0.1149 0.1252 0.9853
1341848058.7787 -0.9389 0.0210 0.2796 0.0145 0.1145 0.1276 0.9851
1341848058.8109 -0.9429 0.0200 0.2808 0.0139 0.1120 0.1321 0.9848
1341848058.8468 -0.9428 0.0177 0.2833 0.0119 0.1135 0.1333 0.9845
1341848058.8796 -0.9518 0.0158 0.2914 0.0127 0.1174 0.1357 0.9837
1341848058.9468 -0.9589 0.0133 0.2947 0.0131 0.1195 0.1404 0.9828
1341848058.9789 -0.9616 0.0112 0.3036 0.0145 0.1218 0.1420 0.9822
1341848059.0147 -0.9690 0.0092 0.3024 0.0176 0.1242 0.1425 0.9818
1341848059.0467 -0.9688 0.0099 0.3026 0.0190 0.1255 0.1438 0.9814
1341848059.0788 -0.9676 0.0069 0.3031 0.0189 0.1284 0.1441 0.9810
1341848059.1147 -0.9730 0.0045 0.3017 0.0193 0.1332 0.1427 0.9806
1341848059.1467 -0.9752 0.0043 0.3030 0.0189 0.1360 0.1425 0.9802
1341848059.1787 -0.9750 0.0046 0.3057 0.0190 0.1379 0.1425 0.9800
1341848059.2147 -0.9779 0.0065 0.3112 0.0203 0.1422 0.1419 0.9794
1341848059.2468 -0.9746 0.0051 0.3085 0.0219 0.1465 0.1422 0.9787
1341848059.2827 -0.9795 0.0079 0.3144 0.0249 0.1501 0.1440 0.9778
1341848059.3147 -0.9788 0.0062 0.3093 0.0270 0.1529 0.1460 0.9770
1341848059.3468 -0.9800 0.0056 0.3062 0.0269 0.1555 0.1474 0.9764
1341848059.3827 -0.9810 0.0067 0.3134 0.0284 0.1572 0.1499 0.9757
1341848059.4147 -0.9796 0.0059 0.3077 0.0308 0.1598 0.1508 0.9751
1341848059.4468 -0.9783 0.0055 0.3053 0.0309 0.1638 0.1500 0.9745
1341848059.4827 -0.9802 0.0080 0.3072 0.0316 0.1675 0.1508 0.9738
1341848059.5147 -0.9791 0.0082 0.3071 0.0329 0.1684 0.1535 0.9731
1341848059.5508 -0.9791 0.0086 0.3028 0.0330 0.1701 0.1534 0.9728
1341848059.5827 -0.9818 0.0090 0.3073 0.0343 0.1741 0.1540 0.9720
1341848059.6147 -0.9831 0.0095 0.3067 0.0374 0.1744 0.1557 0.9716
1341848059.6507 -0.9854 0.0089 0.3032 0.0391 0.1734 0.1569 0.9715
1341848059.6827 -0.9839 0.0086 0.2972 0.0383 0.1743 0.1549 0.9717
1341848059.7187 -0.9887 0.0087 0.3034 0.0387 0.1779 0.1546 0.9711
1341848059.7509 -0.9900 0.0093 0.3049 0.0417 0.1774 0.1550 0.9710
1341848059.7828 -0.9915 0.0098 0.2956 0.0416 0.1774 0.1530 0.9713
1341848059.8188 -0.9929 0.0107 0.2991 0.0403 0.1805 0.1534 0.9707
1341848059.8507 -0.9966 0.0087 0.3059 0.0427 0.1824 0.1533 0.9703
1341848059.8827 -0.9981 0.0100 0.3001 0.0458 0.1817 0.1513 0.9706
1341848059.9188 -1.0014 0.0114 0.2986 0.0472 0.1813 0.1501 0.9708
1341848059.9508 -1.0010 0.0114 0.2971 0.0486 0.1807 0.1510 0.9707
1341848059.9868 -1.0049 0.0103 0.2997 0.0511 0.1806 0.1515 0.9705
1341848060.0187 -1.0026 0.0104 0.2956 0.0535 0.1803 0.1486 0.9708
1341848060.0507 -1.0026 0.0087 0.2972 0.0569 0.1832 0.1468 0.9704
1341848060.0868 -1.0081 0.0096 0.2965 0.0613 0.1834 0.1448 0.9704
1341848060.1188 -1.0090 0.0133 0.2898 0.0644 0.1808 0.1419 0.9711
1341848060.1508 -1.0047 0.0160 0.2839 0.0643 0.1823 0.1398 0.9711
1341848060.1869 -1.0081 0.0142 0.2928 0.0648 0.1846 0.1388 0.9708
1341848060.2189 -1.0062 0.0145 0.2895 0.0682 0.1834 0.1360 0.9712
1341848060.2548 -1.0031 0.0195 0.2777 0.0677 0.1857 0.1330 0.9712
1341848060.2875 -1.0047 0.0200 0.2886 0.0664 0.1886 0.1329 0.9708
1341848060.3189 -1.0027 0.0189 0.2891 0.0688 0.1876 0.1320 0.9709
1341848060.3546 -0.9982 0.0241 0.2775 0.0683 0.1876 0.1282 0.9714
1341848060.3873 -0.9972 0.0236 0.2856 0.0669 0.1911 0.1268 0.9710
1341848060.4186 -0.9977 0.0235 0.2892 0.0690 0.1908 0.1252 0.9712
1341848060.4548 -0.9915 0.0265 0.2811 0.0699 0.1895 0.1220 0.9718
1341848060.4867 -0.9895 0.0267 0.2833 0.0692 0.1929 0.1187 0.9716
1341848060.5229 -0.9898 0.0257 0.2928 0.0720 0.1943 0.1167 0.9713
1341848060.5547 -0.9834 0.0285 0.2833 0.0755 0.1934 0.1138 0.9716
1341848060.5867 -0.9790 0.0319 0.2782 0.0744 0.1962 0.1111 0.9714
1341848060.6227 -0.9802 0.0306 0.2907 0.0754 0.1987 0.1115 0.9708
1341848060.6561 -0.9760 0.0324 0.2839 0.0783 0.1967 0.1107 0.9710
1341848060.6873 -0.9674 0.0357 0.2769 0.0779 0.1965 0.1099 0.9712
1341848060.7232 -0.9704 0.0328 0.2858 0.0780 0.1987 0.1108 0.9706
1341848060.7579 -0.9702 0.0319 0.2865 0.0803 0.1961 0.1110 0.9710
1341848060.7909 -0.9648 0.0345 0.2832 0.0814 0.1929 0.1111 0.9715
1341848060.8240 -0.9651 0.0311 0.2870 0.0821 0.1914 0.1109 0.9718
1341848060.8624 -0.9626 0.0311 0.2884 0.0844 0.1882 0.1105 0.9723
1341848060.9231 -0.9529 0.0289 0.2904 0.0862 0.1830 0.1114 0.9730
1341848060.9608 -0.9497 0.0278 0.2877 0.0879 0.1806 0.1108 0.9733
1341848060.9969 -0.9443 0.0271 0.2890 0.0887 0.1786 0.1115 0.9736
1341848061.0306 -0.9385 0.0239 0.2912 0.0896 0.1763 0.1120 0.9738
1341848061.0622 -0.9310 0.0224 0.2895 0.0899 0.1746 0.1114 0.9742
1341848061.1006 -0.9236 0.0163 0.2946 0.0904 0.1748 0.1108 0.9742
1341848061.1298 -0.9176 0.0103 0.2966 0.0932 0.1748 0.1099 0.9740
1341848061.1979 -0.9051 0.0027 0.2976 0.0983 0.1749 0.1098 0.9735
1341848061.2594 -0.8938 0.0006 0.2924 0.1051 0.1740 0.1093 0.9730
1341848061.2909 -0.8860 -0.0088 0.2946 0.1060 0.1733 0.1102 0.9729
1341848061.3266 -0.8791 -0.0079 0.2926 0.1098 0.1730 0.1113 0.9724
1341848061.3589 -0.8754 -0.0090 0.2914 0.1111 0.1742 0.1105 0.9722
1341848061.3908 -0.8720 -0.0121 0.2931 0.1126 0.1748 0.1123 0.9717
1341848061.4269 -0.8669 -0.0109 0.2915 0.1142 0.1742 0.1139 0.9714
1341848061.4588 -0.8600 -0.0127 0.2913 0.1136 0.1748 0.1152 0.9712
1341848061.4947 -0.8571 -0.0178 0.2947 0.1144 0.1761 0.1145 0.9710
1341848061.5267 -0.8554 -0.0144 0.2921 0.1164 0.1764 0.1138 0.9708
1341848061.5588 -0.8492 -0.0121 0.2897 0.1155 0.1762 0.1148 0.9708
1341848061.5947 -0.8462 -0.0179 0.2954 0.1142 0.1779 0.1154 0.9706
1341848061.6267 -0.8442 -0.0188 0.2944 0.1160 0.1784 0.1149 0.9703
1341848061.6588 -0.8379 -0.0123 0.2902 0.1161 0.1791 0.1142 0.9703
1341848061.6949 -0.8374 -0.0191 0.2959 0.1142 0.1818 0.1151 0.9699
1341848061.7267 -0.8359 -0.0196 0.2955 0.1158 0.1813 0.1157 0.9697
1341848061.7628 -0.8311 -0.0159 0.2924 0.1152 0.1821 0.1143 0.9698
1341848061.7948 -0.8302 -0.0196 0.2970 0.1140 0.1840 0.1140 0.9696
1341848061.8267 -0.8299 -0.0192 0.2983 0.1149 0.1839 0.1144 0.9695
1341848061.8629 -0.8270 -0.0162 0.2956 0.1139 0.1837 0.1137 0.9697
1341848061.8948 -0.8261 -0.0209 0.3001 0.1116 0.1846 0.1128 0.9699
1341848061.9307 -0.8246 -0.0223 0.3017 0.1119 0.1843 0.1116 0.9701
1341848061.9628 -0.8237 -0.0181 0.3013 0.1118 0.1840 0.1112 0.9702
1341848061.9972 -0.8246 -0.0201 0.3075 0.1100 0.1834 0.1110 0.9705
1341848062.0307 -0.8203 -0.0226 0.3085 0.1087 0.1817 0.1090 0.9712
1341848062.0633 -0.8192 -0.0209 0.3110 0.1080 0.1816 0.1072 0.9715
1341848062.0949 -0.8180 -0.0233 0.3160 0.1064 0.1799 0.1061 0.9722
1341848062.1308 -0.8144 -0.0236 0.3183 0.1053 0.1775 0.1056 0.9727
1341848062.1634 -0.8131 -0.0284 0.3230 0.1039 0.1767 0.1022 0.9734
1341848062.1987 -0.8102 -0.0292 0.3249 0.1038 0.1756 0.0976 0.9741
1341848062.2308 -0.8099 -0.0264 0.3269 0.1039 0.1741 0.0961 0.9745
1341848062.2628 -0.8085 -0.0240 0.3310 0.1024 0.1707 0.0962 0.9753
1341848062.2993 -0.8070 -0.0275 0.3328 0.1001 0.1684 0.0952 0.9760
1341848062.3308 -0.8020 -0.0287 0.3347 0.0993 0.1669 0.0936 0.9765
1341848062.3628 -0.8028 -0.0307 0.3402 0.0995 0.1662 0.0923 0.9767
1341848062.3988 -0.7988 -0.0289 0.3382 0.1003 0.1625 0.0920 0.9773
1341848062.4308 -0.7968 -0.0281 0.3393 0.0999 0.1608 0.0942 0.9774
1341848062.4669 -0.7941 -0.0293 0.3407 0.0992 0.1578 0.0957 0.9778
1341848062.4987 -0.7904 -0.0318 0.3406 0.0990 0.1549 0.0982 0.9780
1341848062.5307 -0.7864 -0.0297 0.3376 0.0993 0.1529 0.0984 0.9783
1341848062.5669 -0.7815 -0.0282 0.3387 0.0981 0.1525 0.0985 0.9785
1341848062.5988 -0.7834 -0.0297 0.3441 0.0985 0.1508 0.1008 0.9785
1341848062.6308 -0.7756 -0.0258 0.3383 0.0986 0.1461 0.1033 0.9789
1341848062.6667 -0.7685 -0.0288 0.3399 0.0968 0.1451 0.1038 0.9792
1341848062.6987 -0.7653 -0.0335 0.3438 0.0979 0.1450 0.1034 0.9791
1341848062.7349 -0.7585 -0.0266 0.3368 0.1002 0.1426 0.1030 0.9793
1341848062.7668 -0.7513 -0.0243 0.3376 0.0986 0.1413 0.1043 0.9795
1341848062.7987 -0.7477 -0.0314 0.3422 0.0980 0.1404 0.1046 0.9797
1341848062.8348 -0.7422 -0.0253 0.3362 0.0996 0.1371 0.1034 0.9801
1341848062.8668 -0.7331 -0.0243 0.3351 0.0975 0.1355 0.1019 0.9807
1341848062.8991 -0.7317 -0.0289 0.3404 0.0962 0.1350 0.1003 0.9810
1341848062.9350 -0.7241 -0.0290 0.3366 0.0971 0.1317 0.0953 0.9819
1341848062.9669 -0.7115 -0.0230 0.3313 0.0964 0.1303 0.0910 0.9826
1341848063.0029 -0.7126 -0.0271 0.3390 0.0943 0.1312 0.0899 0.9828
1341848063.0350 -0.7054 -0.0291 0.3387 0.0948 0.1264 0.0891 0.9834
1341848063.0667 -0.6940 -0.0282 0.3359 0.0945 0.1236 0.0883 0.9839
1341848063.1028 -0.6875 -0.0327 0.3387 0.0949 0.1226 0.0869 0.9841
1341848063.1350 -0.6794 -0.0282 0.3347 0.0966 0.1193 0.0863 0.9844
1341848063.1707 -0.6711 -0.0280 0.3343 0.0956 0.1158 0.0865 0.9849
1341848063.2027 -0.6614 -0.0323 0.3346 0.0946 0.1137 0.0857 0.9853
1341848063.2350 -0.6528 -0.0317 0.3341 0.0958 0.1124 0.0824 0.9856
1341848063.2708 -0.6427 -0.0300 0.3327 0.0957 0.1121 0.0795 0.9859
1341848063.3028 -0.6392 -0.0291 0.3337 0.0952 0.1125 0.0771 0.9861
1341848063.3349 -0.6324 -0.0299 0.3340 0.0943 0.1099 0.0742 0.9867
1341848063.3707 -0.6184 -0.0278 0.3308 0.0925 0.1084 0.0725 0.9871
1341848063.4027 -0.6144 -0.0285 0.3333 0.0905 0.1104 0.0691 0.9873
1341848063.4393 -0.6095 -0.0304 0.3376 0.0890 0.1104 0.0665 0.9877
1341848063.4707 -0.5972 -0.0255 0.3329 0.0880 0.1094 0.0645 0.9880
1341848063.5028 -0.5924 -0.0266 0.3396 0.0835 0.1118 0.0635 0.9882
1341848063.5418 -0.5900 -0.0359 0.3489 0.0825 0.1119 0.0644 0.9882
1341848063.5778 -0.5783 -0.0272 0.3415 0.0839 0.1098 0.0661 0.9882
1341848063.6097 -0.5743 -0.0284 0.3486 0.0800 0.1105 0.0676 0.9883
1341848063.6430 -0.5697 -0.0342 0.3548 0.0790 0.1089 0.0686 0.9885
1341848063.6780 -0.5625 -0.0262 0.3502 0.0786 0.1068 0.0686 0.9888
1341848063.7099 -0.5589 -0.0257 0.3570 0.0739 0.1057 0.0695 0.9892
1341848063.7458 -0.5532 -0.0325 0.3664 0.0713 0.1031 0.0694 0.9897
1341848063.7778 -0.5448 -0.0321 0.3641 0.0706 0.1011 0.0664 0.9901
1341848063.8098 -0.5404 -0.0331 0.3725 0.0688 0.1013 0.0652 0.9903
1341848063.8457 -0.5379 -0.0380 0.3830 0.0693 0.0997 0.0645 0.9905
1341848063.8779 -0.5258 -0.0365 0.3810 0.0697 0.0969 0.0637 0.9908
1341848063.9138 -0.5156 -0.0464 0.3911 0.0679 0.0983 0.0611 0.9910
1341848063.9458 -0.5128 -0.0536 0.4015 0.0707 0.0999 0.0582 0.9908
1341848063.9779 -0.5048 -0.0527 0.4058 0.0740 0.0966 0.0593 0.9908
1341848064.0140 -0.4943 -0.0550 0.4088 0.0738 0.0938 0.0607 0.9910
1341848064.0458 -0.4929 -0.0693 0.4245 0.0731 0.0935 0.0591 0.9912
1341848064.0817 -0.4792 -0.0683 0.4244 0.0770 0.0901 0.0572 0.9913
1341848064.1137 -0.4661 -0.0677 0.4280 0.0761 0.0903 0.0575 0.9913
1341848064.1458 -0.4653 -0.0792 0.4442 0.0741 0.0911 0.0589 0.9913
1341848064.1818 -0.4538 -0.0831 0.4477 0.0758 0.0871 0.0608 0.9915
1341848064.2139 -0.4381 -0.0821 0.4480 0.0756 0.0859 0.0606 0.9916
1341848064.2498 -0.4288 -0.0924 0.4644 0.0743 0.0888 0.0602 0.9914
1341848064.2830 -0.4196 -0.0994 0.4720 0.0764 0.0885 0.0597 0.9913
1341848064.3138 -0.4019 -0.0949 0.4720 0.0781 0.0865 0.0598 0.9914
1341848064.3498 -0.3916 -0.1049 0.4829 0.0761 0.0883 0.0593 0.9914
1341848064.3826 -0.3769 -0.1070 0.4885 0.0783 0.0885 0.0595 0.9912
1341848064.4181 -0.3638 -0.1049 0.4890 0.0781 0.0888 0.0589 0.9912
1341848064.4498 -0.3548 -0.1131 0.5013 0.0752 0.0897 0.0559 0.9915
1341848064.4818 -0.3409 -0.1234 0.5094 0.0753 0.0902 0.0523 0.9917
1341848064.5180 -0.3278 -0.1251 0.5093 0.0773 0.0915 0.0492 0.9916
1341848064.5497 -0.3191 -0.1265 0.5179 0.0783 0.0920 0.0507 0.9914
1341848064.5817 -0.3111 -0.1355 0.5255 0.0791 0.0914 0.0525 0.9913
1341848064.6177 -0.2995 -0.1335 0.5239 0.0824 0.0898 0.0533 0.9911
1341848064.6497 -0.2894 -0.1348 0.5244 0.0828 0.0893 0.0545 0.9911
1341848064.6858 -0.2836 -0.1358 0.5271 0.0830 0.0870 0.0571 0.9911
1341848064.7499 -0.2612 -0.1371 0.5273 0.0815 0.0860 0.0541 0.9915
1341848064.8107 -0.2501 -0.1383 0.5297 0.0824 0.0831 0.0531 0.9917
1341848064.8427 -0.2412 -0.1375 0.5316 0.0814 0.0813 0.0531 0.9919
1341848064.8788 -0.2372 -0.1422 0.5376 0.0810 0.0806 0.0541 0.9920
1341848064.9108 -0.2273 -0.1387 0.5336 0.0820 0.0771 0.0569 0.9920
1341848064.9469 -0.2178 -0.1364 0.5339 0.0805 0.0750 0.0599 0.9921
1341848064.9788 -0.2118 -0.1444 0.5410 0.0790 0.0742 0.0612 0.9922
1341848065.0108 -0.2007 -0.1431 0.5364 0.0811 0.0724 0.0620 0.9921
1341848065.0468 -0.1901 -0.1378 0.5348 0.0807 0.0715 0.0629 0.9922
1341848065.0787 -0.1897 -0.1428 0.5430 0.0796 0.0710 0.0650 0.9922
1341848065.1107 -0.1752 -0.1405 0.5373 0.0800 0.0667 0.0669 0.9923
1341848065.1467 -0.1683 -0.1401 0.5417 0.0786 0.0670 0.0667 0.9924
1341848065.1788 -0.1628 -0.1498 0.5492 0.0794 0.0666 0.0657 0.9924
1341848065.2148 -0.1525 -0.1421 0.5394 0.0836 0.0650 0.0645 0.9923
1341848065.2468 -0.1425 -0.1343 0.5411 0.0828 0.0633 0.0627 0.9926
1341848065.2787 -0.1362 -0.1466 0.5481 0.0805 0.0633 0.0620 0.9928
1341848065.3148 -0.1271 -0.1413 0.5439 0.0835 0.0615 0.0600 0.9928
1341848065.3468 -0.1166 -0.1415 0.5457 0.0829 0.0600 0.0575 0.9931
1341848065.3828 -0.1081 -0.1444 0.5435 0.0835 0.0596 0.0569 0.9931
1341848065.4149 -0.1017 -0.1421 0.5437 0.0845 0.0590 0.0551 0.9932
1341848065.4467 -0.0906 -0.1477 0.5465 0.0846 0.0574 0.0523 0.9934
1341848065.4828 -0.0790 -0.1470 0.5427 0.0867 0.0572 0.0507 0.9933
1341848065.5147 -0.0731 -0.1459 0.5448 0.0878 0.0571 0.0506 0.9932
1341848065.5469 -0.0637 -0.1485 0.5468 0.0879 0.0553 0.0498 0.9933
1341848065.5827 -0.0528 -0.1500 0.5449 0.0892 0.0547 0.0482 0.9933
1341848065.6148 -0.0487 -0.1488 0.5455 0.0901 0.0547 0.0469 0.9933
1341848065.6829 -0.0366 -0.1527 0.5469 0.0904 0.0503 0.0440 0.9937
1341848065.7148 -0.0264 -0.1470 0.5432 0.0913 0.0480 0.0418 0.9938
1341848065.7507 -0.0279 -0.1469 0.5463 0.0898 0.0471 0.0397 0.9941
1341848065.7827 -0.0224 -0.1480 0.5455 0.0890 0.0423 0.0368 0.9945
1341848065.8147 -0.0110 -0.1439 0.5424 0.0885 0.0392 0.0331 0.9947
1341848065.8507 -0.0120 -0.1439 0.5465 0.0870 0.0389 0.0276 0.9951
1341848065.9187 -0.0079 -0.1345 0.5425 0.0845 0.0265 0.0259 0.9957
1341848065.9508 -0.0010 -0.1346 0.5442 0.0800 0.0208 0.0224 0.9963
1341848065.9828 -0.0004 -0.1397 0.5483 0.0775 0.0171 0.0189 0.9967
1341848066.0188 0.0091 -0.1330 0.5443 0.0776 0.0115 0.0150 0.9968
1341848066.0507 0.0149 -0.1307 0.5454 0.0747 0.0084 0.0115 0.9971
1341848066.0828 0.0200 -0.1366 0.5492 0.0725 0.0056 0.0110 0.9973
1341848066.1187 0.0229 -0.1345 0.5486 0.0722 0.0012 0.0104 0.9973
1341848066.1510 0.0297 -0.1301 0.5496 0.0710 -0.0031 0.0092 0.9974
1341848066.1868 0.0381 -0.1337 0.5511 0.0684 -0.0044 0.0096 0.9976
1341848066.2187 0.0355 -0.1367 0.5563 0.0677 -0.0067 0.0088 0.9976
1341848066.2508 0.0493 -0.1355 0.5545 0.0678 -0.0111 0.0076 0.9976
1341848066.2867 0.0519 -0.1376 0.5589 0.0667 -0.0110 0.0054 0.9977
1341848066.3187 0.0577 -0.1459 0.5639 0.0667 -0.0122 0.0046 0.9977
1341848066.3548 0.0684 -0.1438 0.5653 0.0692 -0.0144 0.0045 0.9975
1341848066.3868 0.0739 -0.1482 0.5697 0.0695 -0.0145 0.0033 0.9975
1341848066.4188 0.0764 -0.1540 0.5746 0.0709 -0.0151 0.0034 0.9974
1341848066.4547 0.0863 -0.1533 0.5768 0.0734 -0.0189 0.0023 0.9971
1341848066.4869 0.0948 -0.1533 0.5800 0.0737 -0.0209 0.0005 0.9971
1341848066.5228 0.0982 -0.1588 0.5861 0.0731 -0.0219 -0.0015 0.9971
1341848066.5551 0.1044 -0.1618 0.5899 0.0744 -0.0249 -0.0048 0.9969
1341848066.6235 0.1214 -0.1694 0.6005 0.0760 -0.0259 -0.0133 0.9967
1341848066.6552 0.1292 -0.1724 0.6042 0.0778 -0.0279 -0.0162 0.9965
1341848066.6977 0.1395 -0.1734 0.6083 0.0789 -0.0286 -0.0189 0.9963
1341848066.7325 0.1429 -0.1808 0.6160 0.0795 -0.0282 -0.0219 0.9962
1341848066.7644 0.1537 -0.1856 0.6195 0.0821 -0.0295 -0.0244 0.9959
1341848066.7953 0.1632 -0.1837 0.6221 0.0852 -0.0293 -0.0285 0.9955
1341848066.8334 0.1644 -0.1876 0.6278 0.0859 -0.0290 -0.0323 0.9954
1341848066.8621 0.1775 -0.1868 0.6281 0.0874 -0.0317 -0.0335 0.9951
1341848066.9050 0.1849 -0.1853 0.6308 0.0867 -0.0319 -0.0354 0.9951
1341848066.9302 0.1857 -0.1919 0.6378 0.0855 -0.0325 -0.0371 0.9951
1341848066.9979 0.2088 -0.1890 0.6397 0.0853 -0.0341 -0.0412 0.9949
1341848067.0547 0.2200 -0.1949 0.6460 0.0847 -0.0362 -0.0444 0.9948
1341848067.0909 0.2223 -0.1985 0.6499 0.0838 -0.0343 -0.0468 0.9948
1341848067.1230 0.2185 -0.2055 0.6548 0.0850 -0.0336 -0.0479 0.9947
1341848067.1588 0.2312 -0.2027 0.6504 0.0888 -0.0361 -0.0475 0.9943
1341848067.1911 0.2343 -0.2002 0.6513 0.0896 -0.0360 -0.0474 0.9942
1341848067.2229 0.2370 -0.2050 0.6545 0.0894 -0.0368 -0.0460 0.9943
1341848067.2587 0.2463 -0.2029 0.6513 0.0907 -0.0377 -0.0440 0.9942
1341848067.3228 0.2531 -0.2056 0.6568 0.0897 -0.0379 -0.0391 0.9945
1341848067.3587 0.2622 -0.2035 0.6542 0.0902 -0.0396 -0.0362 0.9945
1341848067.3907 0.2678 -0.2041 0.6544 0.0892 -0.0379 -0.0338 0.9947
1341848067.4269 0.2673 -0.2058 0.6549 0.0890 -0.0362 -0.0311 0.9949
1341848067.4587 0.2772 -0.2011 0.6517 0.0897 -0.0370 -0.0279 0.9949
1341848067.4915 0.2827 -0.1990 0.6520 0.0876 -0.0352 -0.0254 0.9952
1341848067.5267 0.2819 -0.2028 0.6533 0.0859 -0.0330 -0.0246 0.9955
1341848067.5588 0.2914 -0.1999 0.6506 0.0863 -0.0329 -0.0243 0.9954
1341848067.5947 0.2941 -0.2006 0.6503 0.0851 -0.0292 -0.0258 0.9956
1341848067.6267 0.2909 -0.2069 0.6528 0.0854 -0.0262 -0.0265 0.9956
1341848067.6590 0.2978 -0.2042 0.6488 0.0888 -0.0261 -0.0260 0.9954
1341848067.6949 0.3039 -0.2041 0.6470 0.0896 -0.0247 -0.0249 0.9954
1341848067.7267 0.2995 -0.2071 0.6479 0.0914 -0.0228 -0.0230 0.9953
1341848067.7587 0.3114 -0.2034 0.6424 0.0946 -0.0241 -0.0211 0.9950
1341848067.7948 0.3140 -0.2019 0.6410 0.0951 -0.0216 -0.0193 0.9950
1341848067.8268 0.3134 -0.2060 0.6408 0.0957 -0.0205 -0.0169 0.9951
1341848067.8628 0.3241 -0.2025 0.6354 0.0973 -0.0211 -0.0153 0.9949
