1341847980.7869 -0.0037 -0.0019 0.0026 -0.0001 0.0003 -0.0006 1.0000
1341847980.8230 -0.0026 -0.0010 0.0010 0.0010 0.0000 -0.0013 1.0000
1341847980.8547 -0.0028 -0.0001 -0.0005 0.0012 0.0004 -0.0017 1.0000
1341847980.8907 -0.0054 -0.0003 -0.0000 0.0013 0.0008 -0.0018 1.0000
1341847980.9230 -0.0056 -0.0006 -0.0010 0.0016 0.0006 -0.0024 1.0000
1341847980.9546 -0.0047 0.0005 -0.0028 0.0016 0.0008 -0.0026 1.0000
1341847980.9907 -0.0088 -0.0001 -0.0010 0.0013 0.0017 -0.0027 1.0000
1341847981.0227 -0.0085 0.0004 -0.0030 0.0017 0.0014 -0.0026 1.0000
1341847981.0547 -0.0096 0.0004 -0.0024 0.0015 0.0015 -0.0028 1.0000
1341847981.0907 -0.0104 -0.0005 -0.0025 0.0016 0.0022 -0.0030 1.0000
1341847981.1230 -0.0118 -0.0002 -0.0039 0.0019 0.0028 -0.0026 1.0000
1341847981.1586 -0.0141 0.0006 -0.0048 0.0016 0.0032 -0.0014 1.0000
1341847981.1906 -0.0170 -0.0003 -0.0041 0.0012 0.0034 0.0001 1.0000
1341847981.2230 -0.0201 -0.0011 -0.0046 0.0018 0.0036 0.0017 1.0000
1341847981.2587 -0.0210 -0.0004 -0.0073 0.0019 0.0029 0.0034 1.0000
1341847981.2908 -0.0220 -0.0014 -0.0067 0.0017 0.0030 0.0037 1.0000
1341847981.3229 -0.0227 -0.0009 -0.0080 0.0022 0.0039 0.0035 1.0000
1341847981.3587 -0.0274 -0.0002 -0.0093 0.0025 0.0052 0.0040 1.0000
1341847981.3908 -0.0332 -0.0011 -0.0090 0.0024 0.0057 0.0050 1.0000
1341847981.4267 -0.0380 -0.0021 -0.0103 0.0028 0.0057 0.0060 1.0000
1341847981.4588 -0.0394 0.0000 -0.0145 0.0032 0.0052 0.0069 1.0000
1341847981.4907 -0.0444 0.0004 -0.0143 0.0031 0.0059 0.0070 1.0000
1341847981.5270 -0.0483 0.0007 -0.0173 0.0038 0.0065 0.0066 0.9999
1341847981.5587 -0.0520 0.0022 -0.0192 0.0038 0.0072 0.0061 0.9999
1341847981.5949 -0.0600 0.0006 -0.0178 0.0041 0.0091 0.0054 0.9999
1341847981.6267 -0.0653 0.0038 -0.0229 0.0056 0.0101 0.0058 0.9999
1341847981.6587 -0.0652 0.0078 -0.0266 0.0049 0.0096 0.0058 0.9999
1341847981.6947 -0.0770 0.0056 -0.0238 0.0044 0.0118 0.0052 0.9999
1341847981.7266 -0.0784 0.0094 -0.0291 0.0044 0.0117 0.0060 0.9999
1341847981.7588 -0.0842 0.0100 -0.0295 0.0033 0.0120 0.0061 0.9999
1341847981.7947 -0.0865 0.0135 -0.0337 0.0026 0.0117 0.0058 0.9999
1341847981.8267 -0.0927 0.0166 -0.0326 0.0011 0.0125 0.0056 0.9999
1341847981.8627 -0.1072 0.0141 -0.0277 0.0007 0.0142 0.0048 0.9999
1341847981.8946 -0.0997 0.0172 -0.0393 0.0005 0.0108 0.0051 0.9999
1341847981.9266 -0.1110 0.0221 -0.0365 -0.0015 0.0115 0.0051 0.9999
1341847981.9948 -0.1218 0.0185 -0.0321 -0.0030 0.0119 0.0047 0.9999
1341847982.0627 -0.1348 0.0165 -0.0311 -0.0010 0.0123 0.0021 0.9999
1341847982.0948 -0.1351 0.0192 -0.0349 0.0001 0.0112 0.0012 0.9999
1341847982.1307 -0.1488 0.0136 -0.0268 0.0008 0.0123 0.0003 0.9999
1341847982.1627 -0.1467 0.0151 -0.0360 0.0040 0.0095 0.0016 0.9999
1341847982.1947 -0.1352 0.0176 -0.0446 0.0030 0.0066 0.0024 1.0000
1341847982.2306 -0.1432 0.0154 -0.0378 0.0013 0.0098 0.0022 0.9999
1341847982.2627 -0.1445 0.0099 -0.0376 0.0014 0.0117 0.0012 0.9999
1341847982.2950 -0.1474 0.0108 -0.0389 0.0020 0.0141 0.0004 0.9999
1341847982.3307 -0.1618 0.0080 -0.0336 0.0035 0.0176 0.0027 0.9998
1341847982.3989 -0.1585 0.0054 -0.0398 0.0079 0.0125 0.0082 0.9999
1341847982.4308 -0.1602 0.0058 -0.0427 0.0091 0.0130 0.0093 0.9998
1341847982.4626 -0.1557 0.0045 -0.0443 0.0095 0.0147 0.0100 0.9998
1341847982.4986 -0.1635 0.0060 -0.0481 0.0094 0.0186 0.0102 0.9997
1341847982.5308 -0.1773 0.0063 -0.0430 0.0082 0.0223 0.0106 0.9997
1341847982.5667 -0.1775 0.0077 -0.0466 0.0069 0.0233 0.0118 0.9996
1341847982.5987 -0.1823 0.0068 -0.0431 0.0041 0.0264 0.0133 0.9996
1341847982.6307 -0.1880 0.0037 -0.0411 0.0028 0.0293 0.0133 0.9995
1341847982.6666 -0.1927 0.0034 -0.0417 0.0015 0.0320 0.0140 0.9994
1341847982.6986 -0.1968 0.0030 -0.0408 0.0001 0.0352 0.0143 0.9993
1341847982.7307 -0.2061 0.0019 -0.0369 -0.0009 0.0397 0.0143 0.9991
1341847982.7667 -0.2175 0.0003 -0.0344 -0.0007 0.0430 0.0153 0.9990
1341847982.7987 -0.2253 0.0005 -0.0345 -0.0004 0.0449 0.0169 0.9988
1341847982.8347 -0.2372 -0.0051 -0.0301 -0.0003 0.0472 0.0170 0.9987
1341847982.8667 -0.2505 -0.0060 -0.0280 0.0023 0.0488 0.0180 0.9986
1341847982.8987 -0.2601 -0.0033 -0.0341 0.0043 0.0481 0.0198 0.9986
1341847982.9348 -0.2715 0.0028 -0.0353 0.0043 0.0465 0.0219 0.9987
1341847982.9667 -0.2765 -0.0009 -0.0350 0.0023 0.0447 0.0224 0.9987
1341847982.9988 -0.2811 -0.0016 -0.0374 0.0011 0.0455 0.0212 0.9987
1341847983.0347 -0.2969 -0.0009 -0.0351 -0.0001 0.0482 0.0210 0.9986
1341847983.0667 -0.3083 0.0005 -0.0345 -0.0009 0.0482 0.0220 0.9986
1341847983.1028 -0.3202 -0.0018 -0.0303 -0.0024 0.0488 0.0230 0.9985
1341847983.1347 -0.3313 -0.0060 -0.0277 -0.0023 0.0489 0.0240 0.9985
1341847983.1667 -0.3446 -0.0056 -0.0283 -0.0009 0.0486 0.0251 0.9985
1341847983.2027 -0.3526 -0.0033 -0.0306 -0.0005 0.0469 0.0264 0.9986
1341847983.2347 -0.3579 -0.0029 -0.0349 -0.0012 0.0458 0.0271 0.9986
1341847983.2668 -0.3616 -0.0010 -0.0386 -0.0032 0.0457 0.0266 0.9986
1341847983.3027 -0.3722 -0.0037 -0.0354 -0.0062 0.0481 0.0258 0.9985
1341847983.3347 -0.3816 -0.0060 -0.0323 -0.0077 0.0509 0.0248 0.9984
1341847983.3709 -0.3935 -0.0081 -0.0276 -0.0077 0.0541 0.0241 0.9982
1341847983.4027 -0.4040 -0.0078 -0.0308 -0.0065 0.0547 0.0256 0.9982
1341847983.4347 -0.4134 -0.0067 -0.0337 -0.0076 0.0531 0.0284 0.9982
1341847983.4707 -0.4215 -0.0110 -0.0279 -0.0086 0.0531 0.0274 0.9982
1341847983.5028 -0.4250 -0.0131 -0.0319 -0.0073 0.0549 0.0246 0.9982
1341847983.5348 -0.4378 -0.0115 -0.0371 -0.0067 0.0595 0.0234 0.9979
1341847983.5707 -0.4543 -0.0102 -0.0343 -0.0069 0.0627 0.0236 0.9977
1341847983.6027 -0.4658 -0.0137 -0.0346 -0.0064 0.0633 0.0243 0.9977
1341847983.6387 -0.4771 -0.0151 -0.0375 -0.0051 0.0645 0.0245 0.9976
1341847983.7029 -0.5066 -0.0142 -0.0427 0.0000 0.0678 0.0263 0.9974
1341847983.7387 -0.5175 -0.0129 -0.0481 0.0011 0.0668 0.0284 0.9974
1341847983.7707 -0.5302 -0.0130 -0.0498 0.0022 0.0667 0.0296 0.9973
1341847983.8067 -0.5428 -0.0148 -0.0488 0.0037 0.0682 0.0292 0.9972
1341847983.8387 -0.5596 -0.0131 -0.0503 0.0075 0.0697 0.0292 0.9971
1341847983.8707 -0.5722 -0.0044 -0.0599 0.0101 0.0681 0.0326 0.9971
1341847983.9067 -0.5868 -0.0050 -0.0579 0.0103 0.0660 0.0353 0.9971
1341847983.9388 -0.5929 -0.0021 -0.0676 0.0106 0.0637 0.0364 0.9972
1341847983.9708 -0.6039 0.0001 -0.0683 0.0093 0.0654 0.0351 0.9972
1341847984.0067 -0.6190 0.0025 -0.0678 0.0086 0.0680 0.0342 0.9971
1341847984.0387 -0.6286 0.0044 -0.0709 0.0072 0.0697 0.0340 0.9970
1341847984.0747 -0.6395 0.0120 -0.0761 0.0057 0.0720 0.0330 0.9968
1341847984.1068 -0.6583 0.0136 -0.0693 0.0017 0.0757 0.0319 0.9966
1341847984.1387 -0.6765 0.0118 -0.0607 0.0005 0.0785 0.0306 0.9964
1341847984.1748 -0.6827 0.0194 -0.0724 -0.0010 0.0778 0.0291 0.9965
1341847984.2067 -0.7023 0.0211 -0.0605 -0.0051 0.0807 0.0277 0.9963
1341847984.2387 -0.7194 0.0220 -0.0534 -0.0060 0.0805 0.0284 0.9963
1341847984.2748 -0.7253 0.0250 -0.0544 -0.0078 0.0782 0.0290 0.9965
1341847984.3067 -0.7373 0.0257 -0.0477 -0.0103 0.0787 0.0289 0.9964
1341847984.3431 -0.7509 0.0255 -0.0398 -0.0122 0.0789 0.0292 0.9964
1341847984.4067 -0.7706 0.0286 -0.0293 -0.0156 0.0751 0.0324 0.9965
1341847984.4429 -0.7826 0.0249 -0.0165 -0.0175 0.0755 0.0332 0.9964
1341847984.4746 -0.7911 0.0248 -0.0099 -0.0171 0.0756 0.0328 0.9964
1341847984.5067 -0.8015 0.0237 -0.0008 -0.0179 0.0766 0.0323 0.9964
1341847984.5427 -0.8082 0.0214 0.0055 -0.0184 0.0783 0.0327 0.9962
1341847984.5748 -0.8174 0.0217 0.0163 -0.0197 0.0813 0.0332 0.9959
1341847984.6108 -0.8334 0.0149 0.0357 -0.0193 0.0829 0.0323 0.9958
1341847984.6427 -0.8425 0.0130 0.0434 -0.0163 0.0816 0.0338 0.9960
1341847984.6748 -0.8494 0.0107 0.0517 -0.0158 0.0812 0.0349 0.9960
1341847984.7107 -0.8598 0.0048 0.0689 -0.0147 0.0813 0.0347 0.9960
1341847984.7434 -0.8680 0.0017 0.0787 -0.0117 0.0807 0.0347 0.9961
1341847984.7789 -0.8760 -0.0016 0.0865 -0.0111 0.0812 0.0355 0.9960
1341847984.8106 -0.8854 -0.0074 0.1043 -0.0104 0.0822 0.0374 0.9959
1341847984.8427 -0.8926 -0.0139 0.1196 -0.0078 0.0826 0.0388 0.9958
1341847984.8788 -0.9004 -0.0171 0.1266 -0.0055 0.0831 0.0407 0.9957
1341847984.9106 -0.9077 -0.0193 0.1339 -0.0052 0.0827 0.0437 0.9956
1341847984.9431 -0.9148 -0.0231 0.1463 -0.0063 0.0810 0.0471 0.9956
1341847984.9792 -0.9188 -0.0277 0.1568 -0.0074 0.0789 0.0498 0.9956
1341847985.0106 -0.9198 -0.0322 0.1662 -0.0098 0.0785 0.0508 0.9956
1341847985.0466 -0.9225 -0.0383 0.1799 -0.0127 0.0814 0.0513 0.9953
1341847985.0787 -0.9281 -0.0446 0.1928 -0.0137 0.0852 0.0509 0.9950
1341847985.1108 -0.9331 -0.0496 0.2035 -0.0149 0.0881 0.0524 0.9946
1341847985.1468 -0.9366 -0.0565 0.2153 -0.0158 0.0908 0.0540 0.9943
1341847985.1787 -0.9414 -0.0632 0.2288 -0.0161 0.0942 0.0550 0.9939
1341847985.2108 -0.9456 -0.0710 0.2406 -0.0152 0.0966 0.0552 0.9937
1341847985.2467 -0.9487 -0.0760 0.2452 -0.0147 0.0993 0.0559 0.9934
1341847985.2789 -0.9531 -0.0833 0.2587 -0.0153 0.1028 0.0559 0.9930
1341847985.3146 -0.9588 -0.0907 0.2710 -0.0139 0.1061 0.0557 0.9927
1341847985.3468 -0.9639 -0.0942 0.2744 -0.0127 0.1079 0.0562 0.9925
1341847985.3788 -0.9671 -0.0986 0.2831 -0.0139 0.1090 0.0564 0.9923
1341847985.4146 -0.9720 -0.1059 0.2982 -0.0148 0.1123 0.0567 0.9919
1341847985.4469 -0.9772 -0.1109 0.3085 -0.0137 0.1148 0.0567 0.9917
1341847985.4787 -0.9822 -0.1145 0.3167 -0.0133 0.1164 0.0579 0.9914
1341847985.5147 -0.9858 -0.1197 0.3280 -0.0141 0.1182 0.0586 0.9912
1341847985.5468 -0.9897 -0.1256 0.3402 -0.0148 0.1211 0.0594 0.9907
1341847985.5826 -0.9953 -0.1310 0.3557 -0.0139 0.1246 0.0603 0.9903
1341847985.6148 -1.0014 -0.1347 0.3661 -0.0119 0.1268 0.0619 0.9899
1341847985.6471 -1.0064 -0.1416 0.3803 -0.0103 0.1293 0.0638 0.9895
1341847985.6828 -1.0124 -0.1477 0.3923 -0.0081 0.1319 0.0661 0.9890
1341847985.7147 -1.0196 -0.1538 0.4055 -0.0046 0.1337 0.0693 0.9886
1341847985.7470 -1.0257 -0.1602 0.4144 -0.0015 0.1351 0.0719 0.9882
1341847985.7828 -1.0315 -0.1653 0.4273 0.0019 0.1377 0.0737 0.9877
1341847985.8147 -1.0373 -0.1714 0.4405 0.0088 0.1401 0.0766 0.9871
1341847985.8507 -1.0439 -0.1736 0.4423 0.0158 0.1409 0.0801 0.9866
1341847985.8828 -1.0487 -0.1749 0.4425 0.0160 0.1409 0.0841 0.9863
1341847985.9150 -1.0532 -0.1844 0.4563 0.0126 0.1440 0.0865 0.9857
1341847985.9508 -1.0573 -0.1934 0.4689 0.0115 0.1489 0.0858 0.9850
1341847985.9827 -1.0643 -0.1986 0.4786 0.0123 0.1540 0.0857 0.9843
1341847986.0188 -1.0704 -0.2018 0.4867 0.0132 0.1566 0.0880 0.9836
1341847986.0520 -1.0746 -0.2072 0.4960 0.0126 0.1579 0.0910 0.9832
1341847986.0826 -1.0783 -0.2152 0.5066 0.0121 0.1594 0.0922 0.9828
1341847986.1187 -1.0811 -0.2195 0.5129 0.0112 0.1620 0.0922 0.9824
1341847986.1506 -1.0835 -0.2240 0.5224 0.0089 0.1662 0.0927 0.9817
1341847986.1826 -1.0883 -0.2330 0.5399 0.0078 0.1709 0.0931 0.9808
1341847986.2187 -1.0928 -0.2395 0.5498 0.0095 0.1741 0.0937 0.9802
1341847986.2506 -1.0952 -0.2445 0.5585 0.0109 0.1765 0.0958 0.9796
1341847986.2867 -1.0973 -0.2524 0.5707 0.0119 0.1796 0.0971 0.9789
1341847986.3262 -1.0995 -0.2602 0.5820 0.0138 0.1830 0.0981 0.9781
1341847986.3592 -1.1015 -0.2642 0.5902 0.0164 0.1859 0.1003 0.9773
1341847986.3945 -1.1032 -0.2680 0.5994 0.0170 0.1884 0.1024 0.9766
1341847986.4259 -1.1050 -0.2742 0.6114 0.0168 0.1915 0.1037 0.9759
1341847986.4577 -1.1067 -0.2790 0.6219 0.0162 0.1948 0.1048 0.9751
1341847986.4937 -1.1101 -0.2861 0.6377 0.0152 0.1982 0.1061 0.9743
1341847986.5258 -1.1131 -0.2924 0.6502 0.0158 0.2005 0.1074 0.9737
1341847986.5617 -1.1137 -0.2960 0.6600 0.0153 0.2023 0.1083 0.9732
1341847986.5937 -1.1163 -0.3043 0.6760 0.0133 0.2062 0.1083 0.9724
1341847986.6257 -1.1196 -0.3138 0.6924 0.0137 0.2103 0.1086 0.9715
1341847986.6619 -1.1216 -0.3150 0.7008 0.0158 0.2119 0.1115 0.9708
1341847986.6937 -1.1240 -0.3193 0.7137 0.0161 0.2129 0.1157 0.9701
1341847986.7259 -1.1262 -0.3241 0.7249 0.0169 0.2131 0.1212 0.9693
1341847986.7626 -1.1269 -0.3273 0.7329 0.0162 0.2130 0.1251 0.9689
1341847986.7938 -1.1268 -0.3321 0.7429 0.0129 0.2147 0.1277 0.9682
1341847986.8298 -1.1302 -0.3410 0.7592 0.0096 0.2187 0.1291 0.9672
1341847986.8867 -1.1353 -0.3474 0.7798 0.0081 0.2202 0.1345 0.9661
1341847986.9227 -1.1366 -0.3532 0.7918 0.0056 0.2206 0.1379 0.9656
1341847986.9547 -1.1378 -0.3601 0.8038 0.0033 0.2224 0.1392 0.9650
1341847986.9906 -1.1402 -0.3653 0.8167 0.0018 0.2252 0.1402 0.9642
1341847987.0229 -1.1426 -0.3691 0.8263 0.0015 0.2273 0.1425 0.9633
1341847987.0546 -1.1444 -0.3707 0.8347 0.0005 0.2279 0.1454 0.9628
1341847987.0912 -1.1457 -0.3775 0.8472 -0.0021 0.2293 0.1468 0.9622
1341847987.1232 -1.1465 -0.3860 0.8600 -0.0044 0.2330 0.1460 0.9615
1341847987.1907 -1.1504 -0.3895 0.8786 -0.0073 0.2429 0.1441 0.9593
1341847987.2593 -1.1564 -0.3960 0.9015 -0.0093 0.2497 0.1470 0.9571
1341847987.2907 -1.1577 -0.4029 0.9117 -0.0112 0.2546 0.1462 0.9559
1341847987.3228 -1.1604 -0.4073 0.9223 -0.0115 0.2613 0.1447 0.9543
1341847987.3907 -1.1690 -0.4166 0.9453 -0.0077 0.2738 0.1396 0.9516
1341847987.4228 -1.1728 -0.4172 0.9522 -0.0048 0.2799 0.1380 0.9500
1341847987.4586 -1.1790 -0.4151 0.9664 -0.0002 0.2861 0.1385 0.9481
1341847987.4908 -1.1847 -0.4128 0.9755 0.0061 0.2894 0.1403 0.9468
1341847987.5268 -1.1892 -0.4088 0.9744 0.0078 0.2907 0.1435 0.9460
1341847987.5587 -1.1939 -0.4173 0.9944 0.0056 0.2968 0.1447 0.9439
1341847987.5908 -1.2002 -0.4140 1.0043 0.0111 0.3016 0.1469 0.9420
1341847987.6269 -1.2065 -0.4074 1.0091 0.0149 0.3037 0.1515 0.9405
1341847987.6589 -1.2111 -0.4094 1.0205 0.0139 0.3061 0.1541 0.9393
1341847987.6916 -1.2170 -0.4075 1.0312 0.0148 0.3082 0.1563 0.9383
1341847987.7267 -1.2222 -0.4089 1.0448 0.0152 0.3090 0.1583 0.9377
1341847987.7587 -1.2269 -0.4085 1.0525 0.0166 0.3094 0.1624 0.9368
1341847987.7947 -1.2321 -0.4093 1.0633 0.0169 0.3099 0.1661 0.9360
1341847987.8267 -1.2382 -0.4097 1.0737 0.0181 0.3098 0.1696 0.9354
1341847987.8659 -1.2426 -0.4126 1.0843 0.0174 0.3095 0.1712 0.9352
1341847987.8978 -1.2492 -0.4136 1.0949 0.0192 0.3101 0.1733 0.9346
1341847987.9337 -1.2538 -0.4172 1.1050 0.0201 0.3092 0.1738 0.9348
1341847987.9658 -1.2587 -0.4230 1.1149 0.0209 0.3098 0.1710 0.9350
1341847987.9978 -1.2643 -0.4232 1.1214 0.0228 0.3106 0.1689 0.9351
1341847988.0338 -1.2687 -0.4296 1.1341 0.0228 0.3127 0.1654 0.9351
1341847988.0657 -1.2746 -0.4310 1.1437 0.0263 0.3140 0.1618 0.9352
1341847988.0982 -1.2787 -0.4334 1.1503 0.0285 0.3147 0.1576 0.9356
1341847988.1338 -1.2828 -0.4352 1.1590 0.0299 0.3175 0.1542 0.9352
1341847988.1658 -1.2897 -0.4287 1.1653 0.0352 0.3186 0.1550 0.9345
1341847988.2017 -1.2947 -0.4249 1.1706 0.0361 0.3167 0.1591 0.9344
1341847988.2338 -1.2955 -0.4316 1.1810 0.0319 0.3162 0.1609 0.9344
1341847988.2657 -1.2969 -0.4361 1.1909 0.0306 0.3184 0.1605 0.9338
1341847988.3018 -1.3012 -0.4312 1.1953 0.0327 0.3195 0.1620 0.9331
1341847988.3337 -1.3043 -0.4293 1.2034 0.0317 0.3196 0.1656 0.9324
1341847988.3697 -1.3053 -0.4326 1.2133 0.0296 0.3206 0.1678 0.9318
1341847988.4017 -1.3101 -0.4288 1.2208 0.0323 0.3211 0.1718 0.9308
1341847988.4340 -1.3115 -0.4329 1.2283 0.0306 0.3206 0.1747 0.9305
1341847988.4697 -1.3128 -0.4382 1.2348 0.0297 0.3229 0.1734 0.9299
1341847988.5025 -1.3178 -0.4321 1.2367 0.0328 0.3251 0.1744 0.9289
1341847988.5378 -1.3237 -0.4265 1.2404 0.0342 0.3255 0.1789 0.9278
1341847988.5697 -1.3267 -0.4285 1.2457 0.0317 0.3243 0.1809 0.9280
1341847988.6018 -1.3296 -0.4317 1.2490 0.0279 0.3249 0.1798 0.9281
1341847988.6378 -1.3337 -0.4335 1.2534 0.0244 0.3276 0.1781 0.9276
1341847988.6698 -1.3387 -0.4330 1.2586 0.0232 0.3296 0.1769 0.9271
1341847988.7062 -1.3436 -0.4335 1.2618 0.0216 0.3311 0.1771 0.9266
1341847988.7379 -1.3488 -0.4340 1.2662 0.0214 0.3327 0.1792 0.9256
1341847988.7697 -1.3545 -0.4353 1.2697 0.0221 0.3331 0.1832 0.9247
1341847988.8061 -1.3601 -0.4396 1.2721 0.0221 0.3334 0.1854 0.9241
1341847988.8379 -1.3666 -0.4409 1.2705 0.0211 0.3345 0.1870 0.9234
1341847988.8739 -1.3723 -0.4456 1.2748 0.0181 0.3377 0.1871 0.9223
1341847988.9378 -1.3886 -0.4476 1.2775 0.0180 0.3418 0.1902 0.9201
1341847988.9987 -1.4051 -0.4518 1.2834 0.0164 0.3445 0.1955 0.9181
1341847989.0347 -1.4146 -0.4537 1.2831 0.0149 0.3441 0.1977 0.9178
1341847989.0667 -1.4208 -0.4620 1.2890 0.0109 0.3456 0.1973 0.9173
1341847989.0988 -1.4296 -0.4672 1.2955 0.0119 0.3473 0.1958 0.9170
1341847989.1347 -1.4400 -0.4698 1.2958 0.0158 0.3466 0.1967 0.9170
1341847989.1667 -1.4497 -0.4766 1.2977 0.0178 0.3465 0.1978 0.9168
1341847989.2027 -1.4613 -0.4783 1.2977 0.0218 0.3446 0.1984 0.9173
1341847989.2347 -1.4719 -0.4837 1.2990 0.0237 0.3421 0.1986 0.9181
1341847989.2667 -1.4817 -0.4910 1.2997 0.0233 0.3407 0.1965 0.9191
1341847989.3028 -1.4928 -0.4949 1.3001 0.0228 0.3393 0.1924 0.9205
1341847989.3349 -1.5035 -0.4987 1.3005 0.0213 0.3379 0.1885 0.9219
1341847989.3667 -1.5120 -0.5062 1.3031 0.0167 0.3379 0.1831 0.9231
1341847989.4028 -1.5203 -0.5125 1.3061 0.0135 0.3396 0.1777 0.9235
1341847989.4348 -1.5296 -0.5149 1.3078 0.0153 0.3400 0.1741 0.9240
1341847989.4707 -1.5400 -0.5173 1.3036 0.0148 0.3394 0.1722 0.9246
1341847989.5026 -1.5473 -0.5222 1.3058 0.0122 0.3406 0.1724 0.9242
1341847989.5347 -1.5559 -0.5251 1.3084 0.0134 0.3406 0.1738 0.9239
1341847989.5707 -1.5636 -0.5295 1.3054 0.0125 0.3396 0.1740 0.9243
1341847989.6028 -1.5684 -0.5388 1.3101 0.0086 0.3425 0.1726 0.9235
1341847989.6347 -1.5763 -0.5425 1.3105 0.0097 0.3461 0.1695 0.9227
1341847989.6706 -1.5872 -0.5393 1.3065 0.0115 0.3484 0.1693 0.9219
1341847989.7026 -1.5944 -0.5432 1.3098 0.0096 0.3499 0.1696 0.9212
1341847989.7389 -1.6028 -0.5472 1.3109 0.0086 0.3524 0.1684 0.9205
1341847989.7707 -1.6129 -0.5463 1.3093 0.0083 0.3544 0.1685 0.9198
1341847989.8029 -1.6218 -0.5480 1.3114 0.0070 0.3558 0.1691 0.9191
1341847989.8388 -1.6313 -0.5508 1.3126 0.0065 0.3573 0.1700 0.9184
1341847989.8710 -1.6398 -0.5562 1.3160 0.0058 0.3600 0.1682 0.9176
1341847989.9027 -1.6542 -0.5543 1.3136 0.0092 0.3622 0.1690 0.9166
1341847989.9389 -1.6679 -0.5534 1.3128 0.0115 0.3614 0.1730 0.9162
1341847989.9707 -1.6780 -0.5597 1.3146 0.0115 0.3603 0.1741 0.9164
1341847990.0069 -1.6899 -0.5652 1.3138 0.0106 0.3620 0.1733 0.9159
1341847990.0390 -1.7023 -0.5660 1.3141 0.0110 0.3640 0.1729 0.9151
1341847990.0707 -1.7151 -0.5678 1.3153 0.0121 0.3643 0.1721 0.9152
1341847990.1067 -1.7272 -0.5705 1.3141 0.0123 0.3646 0.1723 0.9150
1341847990.1392 -1.7387 -0.5729 1.3155 0.0127 0.3656 0.1731 0.9144
1341847990.1711 -1.7515 -0.5736 1.3158 0.0159 0.3647 0.1743 0.9145
1341847990.2070 -1.7646 -0.5756 1.3140 0.0182 0.3625 0.1756 0.9151
1341847990.2389 -1.7764 -0.5785 1.3131 0.0178 0.3617 0.1770 0.9152
1341847990.2747 -1.7867 -0.5823 1.3167 0.0185 0.3615 0.1775 0.9152
1341847990.3067 -1.8002 -0.5832 1.3143 0.0197 0.3604 0.1769 0.9156
1341847990.3391 -1.8111 -0.5858 1.3161 0.0181 0.3607 0.1770 0.9155
1341847990.3747 -1.8216 -0.5874 1.3187 0.0184 0.3608 0.1768 0.9155
1341847990.4068 -1.8347 -0.5868 1.3172 0.0188 0.3597 0.1771 0.9159
1341847990.4426 -1.8438 -0.5885 1.3194 0.0163 0.3595 0.1795 0.9156
1341847990.4746 -1.8507 -0.5921 1.3252 0.0157 0.3595 0.1794 0.9156
1341847990.5068 -1.8615 -0.5920 1.3233 0.0154 0.3596 0.1791 0.9156
1341847990.5428 -1.8707 -0.5919 1.3252 0.0145 0.3606 0.1826 0.9145
1341847990.5747 -1.8774 -0.5932 1.3290 0.0149 0.3604 0.1855 0.9141
1341847990.6428 -1.8939 -0.5978 1.3318 0.0125 0.3630 0.1867 0.9128
1341847990.6748 -1.9026 -0.5976 1.3337 0.0128 0.3648 0.1892 0.9116
1341847990.7108 -1.9122 -0.5979 1.3351 0.0146 0.3647 0.1928 0.9108
1341847990.7427 -1.9221 -0.5988 1.3342 0.0145 0.3643 0.1972 0.9100
1341847990.7747 -1.9254 -0.6045 1.3412 0.0127 0.3654 0.1995 0.9091
1341847990.8108 -1.9335 -0.6069 1.3439 0.0145 0.3678 0.2000 0.9080
1341847990.8427 -1.9431 -0.6059 1.3429 0.0152 0.3691 0.2019 0.9071
1341847990.8747 -1.9488 -0.6100 1.3478 0.0136 0.3709 0.2030 0.9061
1341847990.9108 -1.9556 -0.6126 1.3506 0.0134 0.3731 0.2032 0.9052
1341847990.9427 -1.9627 -0.6148 1.3521 0.0121 0.3754 0.2032 0.9042
1341847990.9788 -1.9677 -0.6186 1.3571 0.0105 0.3783 0.2034 0.9030
1341847991.0108 -1.9735 -0.6205 1.3613 0.0118 0.3802 0.2034 0.9022
1341847991.0428 -1.9804 -0.6232 1.3627 0.0122 0.3820 0.2044 0.9012
1341847991.0787 -1.9858 -0.6270 1.3683 0.0124 0.3842 0.2064 0.8998
1341847991.1113 -1.9927 -0.6311 1.3718 0.0139 0.3856 0.2084 0.8987
1341847991.1428 -1.9989 -0.6348 1.3759 0.0139 0.3871 0.2090 0.8979
1341847991.1788 -2.0047 -0.6385 1.3821 0.0137 0.3897 0.2098 0.8966
1341847991.2107 -2.0113 -0.6426 1.3883 0.0151 0.3919 0.2103 0.8955
1341847991.2468 -2.0208 -0.6450 1.3930 0.0159 0.3937 0.2098 0.8948
1341847991.2787 -2.0263 -0.6491 1.4006 0.0159 0.3963 0.2106 0.8935
1341847991.3108 -2.0363 -0.6509 1.4060 0.0191 0.3983 0.2126 0.8921
1341847991.3467 -2.0501 -0.6496 1.4077 0.0237 0.3964 0.2178 0.8915
1341847991.3788 -2.0581 -0.6531 1.4112 0.0233 0.3943 0.2240 0.8910
1341847991.4147 -2.0594 -0.6607 1.4207 0.0196 0.3950 0.2273 0.8899
1341847991.4467 -2.0651 -0.6643 1.4278 0.0174 0.3975 0.2277 0.8887
1341847991.4788 -2.0705 -0.6676 1.4336 0.0155 0.4004 0.2285 0.8873
1341847991.5147 -2.0764 -0.6705 1.4403 0.0147 0.4031 0.2303 0.8856
1341847991.5467 -2.0832 -0.6725 1.4448 0.0157 0.4047 0.2338 0.8839
1341847991.5788 -2.0889 -0.6757 1.4480 0.0161 0.4061 0.2388 0.8819
1341847991.6149 -2.0906 -0.6803 1.4534 0.0162 0.4082 0.2435 0.8797
1341847991.6467 -2.0915 -0.6850 1.4576 0.0171 0.4119 0.2474 0.8768
1341847991.6899 -2.0939 -0.6906 1.4600 0.0170 0.4172 0.2496 0.8737
1341847991.7468 -2.1069 -0.6965 1.4621 0.0189 0.4245 0.2539 0.8689
1341847991.7827 -2.1092 -0.7020 1.4655 0.0176 0.4271 0.2568 0.8668
1341847991.8147 -2.1084 -0.7089 1.4709 0.0156 0.4309 0.2571 0.8649
1341847991.8467 -2.1113 -0.7156 1.4747 0.0154 0.4357 0.2555 0.8629
1341847991.8828 -2.1198 -0.7153 1.4743 0.0166 0.4392 0.2562 0.8609
1341847991.9158 -2.1239 -0.7201 1.4797 0.0171 0.4412 0.2586 0.8592
1341847991.9508 -2.1268 -0.7277 1.4842 0.0163 0.4431 0.2585 0.8583
1341847991.9828 -2.1297 -0.7335 1.4886 0.0147 0.4463 0.2570 0.8571
1341847992.0147 -2.1350 -0.7379 1.4943 0.0140 0.4505 0.2562 0.8551
1341847992.0506 -2.1445 -0.7399 1.4973 0.0144 0.4528 0.2562 0.8539
1341847992.0828 -2.1483 -0.7460 1.5048 0.0130 0.4543 0.2563 0.8531
1341847992.1148 -2.1533 -0.7507 1.5108 0.0122 0.4566 0.2558 0.8520
1341847992.1508 -2.1593 -0.7541 1.5169 0.0126 0.4591 0.2562 0.8505
1341847992.1828 -2.1693 -0.7578 1.5223 0.0132 0.4608 0.2571 0.8494
1341847992.2187 -2.1728 -0.7626 1.5301 0.0132 0.4623 0.2583 0.8482
1341847992.2507 -2.1791 -0.7680 1.5352 0.0126 0.4655 0.2581 0.8465
1341847992.3187 -2.1954 -0.7762 1.5492 0.0138 0.4729 0.2595 0.8419
1341847992.3507 -2.2055 -0.7797 1.5538 0.0145 0.4754 0.2611 0.8400
1341847992.3829 -2.2129 -0.7843 1.5610 0.0149 0.4777 0.2636 0.8379
1341847992.4189 -2.2200 -0.7899 1.5674 0.0165 0.4803 0.2666 0.8354
1341847992.4508 -2.2309 -0.7934 1.5714 0.0175 0.4826 0.2687 0.8334
1341847992.4867 -2.2398 -0.7975 1.5772 0.0184 0.4845 0.2723 0.8311
1341847992.5187 -2.2470 -0.8040 1.5849 0.0187 0.4865 0.2741 0.8294
1341847992.5506 -2.2580 -0.8083 1.5900 0.0193 0.4883 0.2747 0.8281
1341847992.5867 -2.2691 -0.8114 1.5956 0.0187 0.4898 0.2759 0.8268
1341847992.6188 -2.2775 -0.8168 1.6037 0.0176 0.4914 0.2769 0.8255
1341847992.6547 -2.2871 -0.8200 1.6105 0.0174 0.4925 0.2788 0.8242
1341847992.6868 -2.2925 -0.8257 1.6187 0.0163 0.4935 0.2793 0.8235
1341847992.7187 -2.2983 -0.8305 1.6270 0.0165 0.4956 0.2789 0.8224
1341847992.7548 -2.3117 -0.8325 1.6309 0.0182 0.4972 0.2800 0.8210
1341847992.7866 -2.3190 -0.8372 1.6379 0.0180 0.4973 0.2811 0.8205
1341847992.8187 -2.3246 -0.8417 1.6434 0.0167 0.4982 0.2803 0.8203
1341847992.8549 -2.3335 -0.8447 1.6481 0.0147 0.5002 0.2801 0.8192
1341847992.8866 -2.3389 -0.8475 1.6558 0.0129 0.5017 0.2814 0.8179
1341847992.9227 -2.3424 -0.8518 1.6629 0.0122 0.5023 0.2825 0.8171
1341847992.9546 -2.3470 -0.8567 1.6693 0.0109 0.5038 0.2828 0.8162
1341847992.9867 -2.3492 -0.8600 1.6776 0.0114 0.5057 0.2839 0.8146
1341847993.0227 -2.3577 -0.8622 1.6819 0.0123 0.5066 0.2846 0.8137
1341847993.0548 -2.3611 -0.8672 1.6903 0.0111 0.5076 0.2857 0.8128
1341847993.0868 -2.3661 -0.8703 1.6971 0.0100 0.5089 0.2857 0.8119
1341847993.1227 -2.3709 -0.8744 1.7049 0.0077 0.5106 0.2854 0.8110
1341847993.1547 -2.3720 -0.8781 1.7136 0.0056 0.5125 0.2851 0.8099
1341847993.1908 -2.3725 -0.8821 1.7225 0.0053 0.5152 0.2854 0.8082
1341847993.2227 -2.3775 -0.8851 1.7285 0.0082 0.5172 0.2870 0.8063
1341847993.2618 -2.3832 -0.8899 1.7361 0.0112 0.5181 0.2892 0.8049
1341847993.3228 -2.3873 -0.9022 1.7520 0.0142 0.5214 0.2913 0.8019
1341847993.3547 -2.3937 -0.9069 1.7597 0.0147 0.5238 0.2921 0.8000
1341847993.3907 -2.3940 -0.9121 1.7692 0.0138 0.5261 0.2926 0.7984
1341847993.4227 -2.3966 -0.9159 1.7785 0.0134 0.5290 0.2931 0.7963
1341847993.4588 -2.3980 -0.9204 1.7880 0.0142 0.5316 0.2943 0.7941
1341847993.4907 -2.4040 -0.9245 1.7974 0.0165 0.5335 0.2965 0.7919
1341847993.5227 -2.4103 -0.9284 1.8047 0.0184 0.5342 0.2997 0.7902
1341847993.5587 -2.4152 -0.9327 1.8146 0.0189 0.5347 0.3040 0.7883
1341847993.5910 -2.4186 -0.9379 1.8254 0.0181 0.5348 0.3067 0.7871
1341847993.6268 -2.4224 -0.9430 1.8346 0.0165 0.5349 0.3086 0.7864
1341847993.6589 -2.4289 -0.9460 1.8431 0.0137 0.5351 0.3107 0.7855
1341847993.6907 -2.4289 -0.9515 1.8552 0.0093 0.5348 0.3131 0.7848
1341847993.7271 -2.4213 -0.9589 1.8674 0.0047 0.5362 0.3126 0.7840
1341847993.7909 -2.4276 -0.9680 1.8853 0.0017 0.5426 0.3113 0.7802
1341847993.8267 -2.4309 -0.9733 1.8946 0.0019 0.5428 0.3127 0.7795
1341847993.8589 -2.4337 -0.9799 1.9017 0.0001 0.5432 0.3126 0.7792
1341847993.9017 -2.4326 -0.9847 1.9112 -0.0026 0.5447 0.3124 0.7783
1341847993.9337 -2.4325 -0.9916 1.9197 -0.0022 0.5461 0.3128 0.7771
1341847993.9658 -2.4379 -0.9978 1.9244 -0.0038 0.5470 0.3119 0.7768
1341847994.0020 -2.4326 -1.0036 1.9326 -0.0074 0.5498 0.3112 0.7751
1341847994.0340 -2.4310 -1.0113 1.9412 -0.0063 0.5536 0.3106 0.7727
1341847994.0657 -2.4405 -1.0173 1.9434 -0.0039 0.5553 0.3108 0.7714
1341847994.1018 -2.4388 -1.0222 1.9514 -0.0042 0.5572 0.3115 0.7697
1341847994.1339 -2.4373 -1.0281 1.9594 -0.0027 0.5599 0.3108 0.7680
1341847994.1697 -2.4447 -1.0347 1.9633 0.0000 0.5623 0.3107 0.7663
1341847994.2017 -2.4488 -1.0386 1.9689 0.0020 0.5639 0.3130 0.7642
1341847994.2336 -2.4466 -1.0458 1.9782 0.0058 0.5657 0.3152 0.7619
1341847994.2697 -2.4553 -1.0532 1.9825 0.0085 0.5682 0.3144 0.7605
1341847994.3018 -2.4610 -1.0579 1.9892 0.0084 0.5704 0.3148 0.7586
1341847994.3338 -2.4591 -1.0649 1.9988 0.0100 0.5731 0.3153 0.7563
1341847994.3697 -2.4687 -1.0717 2.0055 0.0127 0.5756 0.3146 0.7547
1341847994.4017 -2.4735 -1.0782 2.0137 0.0142 0.5773 0.3154 0.7530
1341847994.4338 -2.4776 -1.0859 2.0239 0.0172 0.5789 0.3172 0.7510
1341847994.4697 -2.4860 -1.0931 2.0331 0.0198 0.5801 0.3180 0.7496
1341847994.5017 -2.4919 -1.0991 2.0435 0.0206 0.5815 0.3192 0.7480
1341847994.5377 -2.4951 -1.1057 2.0538 0.0222 0.5830 0.3207 0.7462
1341847994.5697 -2.5053 -1.1120 2.0627 0.0238 0.5843 0.3223 0.7444
1341847994.6017 -2.5116 -1.1172 2.0722 0.0229 0.5855 0.3248 0.7424
1341847994.6378 -2.5119 -1.1226 2.0830 0.0221 0.5868 0.3271 0.7404
1341847994.6697 -2.5188 -1.1290 2.0925 0.0226 0.5878 0.3284 0.7390
1341847994.7016 -2.5265 -1.1338 2.1024 0.0206 0.5889 0.3297 0.7376
1341847994.7698 -2.5266 -1.1450 2.1231 0.0188 0.5933 0.3310 0.7335
1341847994.8313 -2.5483 -1.1538 2.1394 0.0134 0.5973 0.3364 0.7279
1341847994.8668 -2.5447 -1.1594 2.1493 0.0113 0.5968 0.3403 0.7266
1341847994.8987 -2.5490 -1.1630 2.1575 0.0105 0.5971 0.3419 0.7255
1341847994.9307 -2.5516 -1.1658 2.1664 0.0073 0.5987 0.3421 0.7243
1341847994.9667 -2.5487 -1.1691 2.1750 0.0056 0.6008 0.3433 0.7219
1341847994.9987 -2.5518 -1.1737 2.1823 0.0069 0.6033 0.3447 0.7192
1341847995.0308 -2.5571 -1.1778 2.1901 0.0067 0.6059 0.3474 0.7156
1341847995.0667 -2.5514 -1.1811 2.1988 0.0070 0.6083 0.3493 0.7127
1341847995.0987 -2.5546 -1.1857 2.2045 0.0091 0.6118 0.3498 0.7094
1341847995.1349 -2.5604 -1.1896 2.2102 0.0092 0.6151 0.3508 0.7060
1341847995.1666 -2.5568 -1.1928 2.2185 0.0101 0.6177 0.3518 0.7032
1341847995.1988 -2.5606 -1.1985 2.2238 0.0117 0.6203 0.3516 0.7011
1341847995.2347 -2.5665 -1.2041 2.2301 0.0117 0.6226 0.3521 0.6987
1341847995.2668 -2.5638 -1.2075 2.2360 0.0119 0.6237 0.3532 0.6972
1341847995.2988 -2.5634 -1.2137 2.2423 0.0146 0.6261 0.3541 0.6946
1341847995.3347 -2.5732 -1.2197 2.2485 0.0148 0.6279 0.3547 0.6926
1341847995.3667 -2.5681 -1.2224 2.2565 0.0132 0.6294 0.3555 0.6909
1341847995.4028 -2.5707 -1.2288 2.2651 0.0130 0.6314 0.3549 0.6893
1341847995.4347 -2.5731 -1.2323 2.2721 0.0121 0.6323 0.3552 0.6884
1341847995.4668 -2.5696 -1.2350 2.2792 0.0113 0.6335 0.3554 0.6872
1341847995.5027 -2.5689 -1.2415 2.2882 0.0127 0.6348 0.3561 0.6856
1341847995.5348 -2.5727 -1.2464 2.2954 0.0161 0.6339 0.3579 0.6854
1341847995.5667 -2.5767 -1.2506 2.3031 0.0193 0.6327 0.3627 0.6840
1341847995.6027 -2.5764 -1.2538 2.3125 0.0205 0.6312 0.3672 0.6829
1341847995.6348 -2.5741 -1.2565 2.3204 0.0195 0.6305 0.3698 0.6821
1341847995.6708 -2.5729 -1.2591 2.3280 0.0175 0.6311 0.3718 0.6806
1341847995.7028 -2.5709 -1.2620 2.3346 0.0157 0.6317 0.3751 0.6782
1341847995.7348 -2.5642 -1.2635 2.3411 0.0152 0.6317 0.3775 0.6770
1341847995.7707 -2.5649 -1.2679 2.3479 0.0154 0.6321 0.3785 0.6760
1341847995.8028 -2.5629 -1.2699 2.3542 0.0149 0.6331 0.3800 0.6742
1341847995.8388 -2.5603 -1.2729 2.3603 0.0150 0.6339 0.3803 0.6732
1341847995.8706 -2.5623 -1.2759 2.3646 0.0155 0.6348 0.3799 0.6727
1341847995.9028 -2.5651 -1.2776 2.3699 0.0136 0.6363 0.3798 0.6713
1341847995.9387 -2.5579 -1.2803 2.3744 0.0125 0.6377 0.3809 0.6694
1341847995.9707 -2.5596 -1.2847 2.3781 0.0136 0.6400 0.3810 0.6672
1341847996.0027 -2.5640 -1.2865 2.3810 0.0121 0.6421 0.3805 0.6654
1341847996.0388 -2.5572 -1.2888 2.3840 0.0112 0.6439 0.3812 0.6633
1341847996.0707 -2.5579 -1.2919 2.3858 0.0137 0.6459 0.3810 0.6615
1341847996.1067 -2.5634 -1.2956 2.3880 0.0140 0.6477 0.3801 0.6602
1341847996.1388 -2.5588 -1.2971 2.3906 0.0133 0.6499 0.3802 0.6579
1341847996.1707 -2.5573 -1.2996 2.3935 0.0157 0.6532 0.3797 0.6549
1341847996.2066 -2.5662 -1.3030 2.3965 0.0155 0.6561 0.3772 0.6535
1341847996.2390 -2.5664 -1.3065 2.4002 0.0143 0.6579 0.3780 0.6511
1341847996.2708 -2.5664 -1.3089 2.4042 0.0150 0.6592 0.3800 0.6487
1341847996.3389 -2.5703 -1.3131 2.4102 0.0160 0.6616 0.3818 0.6452
1341847996.3747 -2.5697 -1.3141 2.4138 0.0152 0.6635 0.3824 0.6428
1341847996.4067 -2.5694 -1.3173 2.4176 0.0166 0.6656 0.3838 0.6399
1341847996.4386 -2.5757 -1.3207 2.4215 0.0176 0.6674 0.3849 0.6373
1341847996.4748 -2.5735 -1.3226 2.4262 0.0176 0.6687 0.3863 0.6350
1341847996.5067 -2.5720 -1.3260 2.4308 0.0202 0.6703 0.3870 0.6329
1341847996.5388 -2.5800 -1.3300 2.4360 0.0217 0.6720 0.3869 0.6311
1341847996.5748 -2.5843 -1.3324 2.4432 0.0204 0.6727 0.3881 0.6296
1341847996.6071 -2.5824 -1.3353 2.4491 0.0207 0.6735 0.3895 0.6279
1341847996.6428 -2.5924 -1.3387 2.4570 0.0204 0.6743 0.3908 0.6262
1341847996.6748 -2.5914 -1.3389 2.4648 0.0172 0.6742 0.3930 0.6251
1341847996.7069 -2.5899 -1.3405 2.4704 0.0150 0.6763 0.3937 0.6224
1341847996.7427 -2.5974 -1.3421 2.4779 0.0109 0.6796 0.3936 0.6189
1341847996.7747 -2.5936 -1.3451 2.4842 0.0064 0.6813 0.3954 0.6160
1341847996.8068 -2.5950 -1.3483 2.4904 0.0071 0.6829 0.3978 0.6127
1341847996.8428 -2.6006 -1.3531 2.4978 0.0075 0.6840 0.3999 0.6100
1341847996.8748 -2.6010 -1.3565 2.5074 0.0076 0.6845 0.4015 0.6085
1341847996.9108 -2.6027 -1.3616 2.5145 0.0101 0.6849 0.4025 0.6073
1341847996.9427 -2.6082 -1.3677 2.5243 0.0123 0.6852 0.4037 0.6061
1341847996.9748 -2.6067 -1.3720 2.5326 0.0140 0.6856 0.4040 0.6054
1341847997.0107 -2.6129 -1.3793 2.5427 0.0162 0.6869 0.4033 0.6044
1341847997.0427 -2.6165 -1.3853 2.5527 0.0167 0.6873 0.4033 0.6039
1341847997.0787 -2.6179 -1.3912 2.5627 0.0180 0.6878 0.4032 0.6034
1341847997.1430 -2.6234 -1.4015 2.5830 0.0168 0.6887 0.4011 0.6038
1341847997.1788 -2.6249 -1.4073 2.5932 0.0170 0.6891 0.3994 0.6044
1341847997.2109 -2.6311 -1.4140 2.6041 0.0162 0.6895 0.3981 0.6048
1341847997.2430 -2.6327 -1.4188 2.6132 0.0150 0.6895 0.3983 0.6048
1341847997.2788 -2.6331 -1.4235 2.6223 0.0143 0.6894 0.3992 0.6043
1341847997.3114 -2.6333 -1.4283 2.6308 0.0131 0.6897 0.3994 0.6039
1341847997.3466 -2.6287 -1.4312 2.6372 0.0124 0.6910 0.3991 0.6025
1341847997.3787 -2.6302 -1.4381 2.6445 0.0124 0.6933 0.3986 0.6002
1341847997.4108 -2.6284 -1.4426 2.6513 0.0121 0.6951 0.3986 0.5981
1341847997.4467 -2.6219 -1.4476 2.6572 0.0131 0.6972 0.3976 0.5964
1341847997.4788 -2.6279 -1.4555 2.6641 0.0140 0.7006 0.3959 0.5935
1341847997.5109 -2.6264 -1.4618 2.6722 0.0131 0.7030 0.3963 0.5904
1341847997.5466 -2.6222 -1.4676 2.6779 0.0132 0.7047 0.3963 0.5884
1341847997.5787 -2.6202 -1.4731 2.6858 0.0127 0.7071 0.3946 0.5866
1341847997.6147 -2.6180 -1.4792 2.6942 0.0111 0.7101 0.3931 0.5840
1341847997.6470 -2.6120 -1.4873 2.7016 0.0109 0.7123 0.3928 0.5816
1341847997.6788 -2.6091 -1.4950 2.7113 0.0131 0.7136 0.3917 0.5807
1341847997.7146 -2.6054 -1.5016 2.7209 0.0140 0.7149 0.3905 0.5798
1341847997.7466 -2.6000 -1.5069 2.7298 0.0145 0.7174 0.3888 0.5779
1341847997.7787 -2.5966 -1.5150 2.7410 0.0157 0.7201 0.3870 0.5756
1341847997.8469 -2.5913 -1.5298 2.7607 0.0195 0.7223 0.3875 0.5725
1341847997.8826 -2.5897 -1.5364 2.7719 0.0211 0.7233 0.3897 0.5697
1341847997.9152 -2.5824 -1.5427 2.7808 0.0224 0.7236 0.3922 0.5676
1341847997.9470 -2.5794 -1.5503 2.7912 0.0244 0.7239 0.3946 0.5654
1341847997.9827 -2.5729 -1.5564 2.8002 0.0255 0.7237 0.3967 0.5642
1341847998.0149 -2.5666 -1.5628 2.8098 0.0265 0.7244 0.3973 0.5628
1341847998.0508 -2.5635 -1.5702 2.8196 0.0278 0.7248 0.3982 0.5615
1341847998.0826 -2.5611 -1.5784 2.8306 0.0296 0.7239 0.3997 0.5615
1341847998.1223 -2.5583 -1.5845 2.8404 0.0312 0.7220 0.4019 0.5624
1341847998.1541 -2.5543 -1.5877 2.8505 0.0304 0.7214 0.4026 0.5627
1341847998.1857 -2.5483 -1.5940 2.8591 0.0283 0.7209 0.4022 0.5637
1341847998.2538 -2.5389 -1.6049 2.8767 0.0253 0.7206 0.4016 0.5646
1341847998.3188 -2.5308 -1.6185 2.8932 0.0248 0.7193 0.4001 0.5673
1341847998.3512 -2.5291 -1.6237 2.9036 0.0238 0.7184 0.4003 0.5684
1341847998.3827 -2.5218 -1.6295 2.9117 0.0228 0.7166 0.4007 0.5704
1341847998.4192 -2.5214 -1.6330 2.9233 0.0205 0.7167 0.3983 0.5721
1341847998.4508 -2.5179 -1.6395 2.9347 0.0169 0.7163 0.3975 0.5733
1341847998.4840 -2.5136 -1.6458 2.9444 0.0154 0.7147 0.3978 0.5751
1341847998.5187 -2.5120 -1.6508 2.9567 0.0133 0.7139 0.3971 0.5766
1341847998.5507 -2.5065 -1.6550 2.9663 0.0102 0.7133 0.3962 0.5780
1341847998.5867 -2.5038 -1.6615 2.9781 0.0087 0.7133 0.3958 0.5783
1341847998.6188 -2.5021 -1.6676 2.9901 0.0075 0.7129 0.3956 0.5790
1341847998.6507 -2.5021 -1.6711 3.0024 0.0048 0.7131 0.3950 0.5791
1341847998.6869 -2.4964 -1.6761 3.0115 0.0029 0.7131 0.3963 0.5782
1341847998.7187 -2.4924 -1.6831 3.0224 0.0039 0.7132 0.3971 0.5776
1341847998.7508 -2.4957 -1.6901 3.0382 0.0042 0.7135 0.3970 0.5773
1341847998.7868 -2.4917 -1.6925 3.0480 0.0039 0.7129 0.3987 0.5769
1341847998.8188 -2.4904 -1.6956 3.0591 0.0044 0.7145 0.3985 0.5751
1341847998.8547 -2.4901 -1.7019 3.0732 0.0022 0.7161 0.3977 0.5736
1341847998.8867 -2.4888 -1.7097 3.0846 0.0016 0.7160 0.3991 0.5727
1341847998.9187 -2.4892 -1.7156 3.0982 0.0030 0.7151 0.4024 0.5716
1341847998.9548 -2.4887 -1.7184 3.1101 0.0028 0.7140 0.4055 0.5708
1341847998.9867 -2.4835 -1.7218 3.1209 0.0016 0.7128 0.4073 0.5710
1341847999.0188 -2.4817 -1.7241 3.1309 0.0016 0.7125 0.4084 0.5706
1341847999.0549 -2.4823 -1.7292 3.1432 0.0010 0.7129 0.4099 0.5690
1341847999.0868 -2.4808 -1.7336 3.1545 -0.0011 0.7117 0.4117 0.5693
1341847999.1227 -2.4763 -1.7358 3.1622 -0.0019 0.7110 0.4132 0.5690
1341847999.1549 -2.4749 -1.7363 3.1705 -0.0025 0.7121 0.4139 0.5671
1341847999.1867 -2.4694 -1.7388 3.1781 -0.0029 0.7141 0.4150 0.5638
1341847999.2227 -2.4637 -1.7426 3.1848 -0.0032 0.7167 0.4138 0.5613
1341847999.2910 -2.4587 -1.7532 3.1999 0.0012 0.7241 0.4131 0.5522
1341847999.3227 -2.4552 -1.7618 3.2088 0.0058 0.7254 0.4157 0.5485
1341847999.3549 -2.4528 -1.7649 3.2157 0.0104 0.7261 0.4171 0.5465
1341847999.3908 -2.4515 -1.7665 3.2231 0.0132 0.7285 0.4173 0.5431
1341847999.4239 -2.4469 -1.7685 3.2274 0.0136 0.7310 0.4174 0.5396
1341847999.4549 -2.4423 -1.7736 3.2327 0.0147 0.7343 0.4168 0.5355
1341847999.4909 -2.4415 -1.7765 3.2372 0.0158 0.7380 0.4163 0.5309
1341847999.5227 -2.4365 -1.7821 3.2433 0.0189 0.7417 0.4203 0.5223
1341847999.5589 -2.4304 -1.7887 3.2501 0.0231 0.7439 0.4237 0.5163
1341847999.5907 -2.4266 -1.7891 3.2569 0.0250 0.7460 0.4243 0.5126
1341847999.6229 -2.4219 -1.7899 3.2622 0.0245 0.7489 0.4251 0.5078
1341847999.6588 -2.4095 -1.7937 3.2638 0.0254 0.7511 0.4271 0.5028
1341847999.6911 -2.4060 -1.7975 3.2723 0.0273 0.7538 0.4271 0.4987
1341847999.7227 -2.3986 -1.7993 3.2783 0.0264 0.7556 0.4281 0.4952
1341847999.7588 -2.3853 -1.8000 3.2789 0.0274 0.7574 0.4292 0.4914
1341847999.7910 -2.3786 -1.8030 3.2862 0.0297 0.7605 0.4288 0.4868
1341847999.8267 -2.3733 -1.8049 3.2922 0.0304 0.7623 0.4298 0.4830
1341847999.8588 -2.3654 -1.8053 3.2956 0.0319 0.7640 0.4332 0.4771
1341847999.8977 -2.3577 -1.8072 3.3024 0.0336 0.7656 0.4375 0.4704
1341847999.9588 -2.3409 -1.8052 3.3105 0.0339 0.7672 0.4460 0.4597
1341847999.9908 -2.3306 -1.8064 3.3138 0.0338 0.7676 0.4512 0.4539
1341848000.0267 -2.3207 -1.8066 3.3155 0.0342 0.7680 0.4546 0.4499
1341848000.0587 -2.3156 -1.8055 3.3203 0.0328 0.7688 0.4571 0.4460
1341848000.0948 -2.3060 -1.8034 3.3218 0.0308 0.7692 0.4612 0.4412
1341848000.1267 -2.2980 -1.8023 3.3228 0.0288 0.7704 0.4643 0.4361
1341848000.1586 -2.2907 -1.8025 3.3268 0.0254 0.7716 0.4670 0.4312
1341848000.1948 -2.2811 -1.8028 3.3270 0.0235 0.7719 0.4704 0.4270
1341848000.2271 -2.2737 -1.8027 3.3291 0.0227 0.7723 0.4731 0.4233
1341848000.2670 -2.2641 -1.8008 3.3295 0.0210 0.7724 0.4759 0.4201
1341848000.3271 -2.2511 -1.8021 3.3342 0.0196 0.7735 0.4805 0.4127
1341848000.3627 -2.2419 -1.7995 3.3359 0.0188 0.7728 0.4834 0.4109
1341848000.3947 -2.2324 -1.7961 3.3351 0.0188 0.7730 0.4851 0.4084
1341848000.4268 -2.2272 -1.7977 3.3389 0.0188 0.7738 0.4863 0.4054
1341848000.4627 -2.2188 -1.7947 3.3398 0.0174 0.7739 0.4877 0.4036
1341848000.4947 -2.2087 -1.7914 3.3380 0.0163 0.7749 0.4882 0.4011
1341848000.5308 -2.2015 -1.7927 3.3408 0.0166 0.7764 0.4881 0.3984
1341848000.5628 -2.1924 -1.7916 3.3413 0.0170 0.7770 0.4882 0.3969
1341848000.5948 -2.1826 -1.7900 3.3398 0.0175 0.7786 0.4882 0.3938
1341848000.6306 -2.1744 -1.7910 3.3410 0.0179 0.7806 0.4875 0.3907
1341848000.6627 -2.1650 -1.7907 3.3410 0.0187 0.7827 0.4866 0.3875
1341848000.6954 -2.1573 -1.7937 3.3434 0.0193 0.7852 0.4864 0.3828
1341848000.7308 -2.1469 -1.7943 3.3445 0.0205 0.7869 0.4868 0.3787
1341848000.7627 -2.1368 -1.7950 3.3449 0.0222 0.7886 0.4868 0.3749
1341848000.7987 -2.1285 -1.7979 3.3476 0.0251 0.7903 0.4871 0.3708
1341848000.8307 -2.1171 -1.7980 3.3490 0.0271 0.7916 0.4871 0.3678
1341848000.8628 -2.1081 -1.8005 3.3505 0.0284 0.7940 0.4861 0.3640
1341848000.8987 -2.1003 -1.8046 3.3545 0.0298 0.7957 0.4865 0.3595
1341848000.9307 -2.0905 -1.8072 3.3581 0.0321 0.7961 0.4878 0.3568
1341848000.9632 -2.0796 -1.8073 3.3598 0.0327 0.7968 0.4881 0.3547
1341848000.9988 -2.0685 -1.8083 3.3621 0.0324 0.7980 0.4877 0.3527
1341848001.0307 -2.0585 -1.8111 3.3645 0.0337 0.7988 0.4883 0.3498
1341848001.0670 -2.0488 -1.8125 3.3673 0.0355 0.7991 0.4893 0.3476
1341848001.0988 -2.0382 -1.8130 3.3692 0.0373 0.7993 0.4904 0.3453
1341848001.1307 -2.0261 -1.8117 3.3704 0.0385 0.8003 0.4909 0.3423
1341848001.2060 -2.0064 -1.8115 3.3757 0.0368 0.8028 0.4901 0.3375
1341848001.2668 -1.9852 -1.8080 3.3811 0.0299 0.8067 0.4879 0.3322
1341848001.2991 -1.9756 -1.8054 3.3822 0.0282 0.8085 0.4874 0.3287
1341848001.3348 -1.9652 -1.8032 3.3840 0.0265 0.8107 0.4875 0.3233
1341848001.3667 -1.9549 -1.8014 3.3860 0.0231 0.8131 0.4868 0.3184
1341848001.3993 -1.9450 -1.7985 3.3861 0.0207 0.8150 0.4868 0.3137
1341848001.4347 -1.9354 -1.7953 3.3858 0.0208 0.8171 0.4873 0.3074
1341848001.4667 -1.9283 -1.7944 3.3856 0.0188 0.8190 0.4877 0.3017
1341848001.5027 -1.9192 -1.7903 3.3852 0.0151 0.8207 0.4886 0.2959
1341848001.5349 -1.9089 -1.7849 3.3814 0.0143 0.8228 0.4886 0.2899
1341848001.5670 -1.9010 -1.7829 3.3797 0.0138 0.8264 0.4870 0.2824
1341848001.6029 -1.8949 -1.7833 3.3812 0.0110 0.8288 0.4876 0.2743
1341848001.6347 -1.8838 -1.7779 3.3793 0.0109 0.8307 0.4885 0.2669
1341848001.6666 -1.8750 -1.7763 3.3776 0.0119 0.8332 0.4872 0.2615
1341848001.7349 -1.8588 -1.7727 3.3743 0.0099 0.8359 0.4875 0.2519
1341848001.7707 -1.8482 -1.7694 3.3703 0.0118 0.8381 0.4862 0.2470
1341848001.8028 -1.8422 -1.7718 3.3703 0.0120 0.8398 0.4858 0.2420
1341848001.8348 -1.8339 -1.7691 3.3685 0.0113 0.8404 0.4881 0.2354
1341848001.8707 -1.8217 -1.7657 3.3645 0.0124 0.8414 0.4887 0.2302
1341848001.9027 -1.8154 -1.7690 3.3630 0.0100 0.8426 0.4882 0.2270
1341848001.9347 -1.8067 -1.7659 3.3632 0.0108 0.8427 0.4907 0.2211
1341848001.9707 -1.7949 -1.7629 3.3582 0.0146 0.8430 0.4922 0.2168
1341848002.0027 -1.7876 -1.7645 3.3559 0.0164 0.8437 0.4926 0.2127
1341848002.0389 -1.7780 -1.7622 3.3533 0.0181 0.8437 0.4946 0.2080
1341848002.0708 -1.7678 -1.7596 3.3471 0.0197 0.8444 0.4954 0.2030
1341848002.1027 -1.7593 -1.7608 3.3483 0.0214 0.8454 0.4952 0.1992
1341848002.1387 -1.7495 -1.7585 3.3428 0.0202 0.8455 0.4957 0.1975
1341848002.1718 -1.7410 -1.7555 3.3397 0.0201 0.8459 0.4970 0.1924
1341848002.2027 -1.7313 -1.7541 3.3391 0.0216 0.8466 0.4977 0.1876
1341848002.2387 -1.7215 -1.7518 3.3361 0.0207 0.8470 0.4980 0.1850
1341848002.2708 -1.7135 -1.7498 3.3348 0.0176 0.8474 0.4987 0.1813
1341848002.3067 -1.7058 -1.7463 3.3348 0.0156 0.8477 0.4995 0.1780
1341848002.3389 -1.6976 -1.7418 3.3313 0.0142 0.8474 0.5014 0.1741
1341848002.3708 -1.6904 -1.7393 3.3321 0.0130 0.8474 0.5035 0.1682
1341848002.4068 -1.6802 -1.7320 3.3295 0.0140 0.8471 0.5051 0.1646
1341848002.4388 -1.6723 -1.7308 3.3257 0.0124 0.8477 0.5050 0.1620
1341848002.4747 -1.6663 -1.7289 3.3290 0.0112 0.8476 0.5064 0.1583
1341848002.5068 -1.6562 -1.7215 3.3245 0.0108 0.8468 0.5083 0.1562
1341848002.5388 -1.6503 -1.7203 3.3236 0.0096 0.8469 0.5092 0.1527
1341848002.5747 -1.6437 -1.7167 3.3258 0.0077 0.8462 0.5114 0.1494
1341848002.6068 -1.6337 -1.7097 3.3223 0.0058 0.8454 0.5133 0.1479
1341848002.6394 -1.6271 -1.7064 3.3211 0.0030 0.8453 0.5136 0.1468
1341848002.6747 -1.6215 -1.7039 3.3253 0.0011 0.8446 0.5154 0.1450
1341848002.7138 -1.6110 -1.6957 3.3232 0.0008 0.8432 0.5177 0.1446
1341848002.7748 -1.5964 -1.6896 3.3255 -0.0029 0.8415 0.5212 0.1424
1341848002.8068 -1.5851 -1.6811 3.3219 -0.0014 0.8407 0.5230 0.1403
1341848002.8428 -1.5777 -1.6799 3.3237 0.0004 0.8415 0.5215 0.1409
1341848002.8752 -1.5685 -1.6776 3.3246 0.0012 0.8419 0.5206 0.1419
1341848002.9067 -1.5580 -1.6753 3.3247 0.0021 0.8424 0.5199 0.1418
1341848002.9433 -1.5491 -1.6774 3.3280 0.0026 0.8429 0.5179 0.1460
1341848002.9746 -1.5399 -1.6738 3.3270 0.0022 0.8425 0.5171 0.1511
1341848003.0109 -1.5316 -1.6675 3.3244 0.0025 0.8428 0.5160 0.1530
1341848003.0426 -1.5238 -1.6674 3.3245 0.0038 0.8442 0.5133 0.1542
1341848003.0750 -1.5156 -1.6696 3.3283 0.0023 0.8447 0.5118 0.1568
1341848003.1106 -1.5063 -1.6648 3.3270 0.0013 0.8439 0.5124 0.1586
1341848003.1426 -1.4975 -1.6621 3.3252 -0.0006 0.8447 0.5111 0.1592
1341848003.2429 -1.4728 -1.6591 3.3281 -0.0094 0.8462 0.5085 0.1587
1341848003.2789 -1.4637 -1.6555 3.3279 -0.0109 0.8461 0.5080 0.1610
1341848003.3107 -1.4550 -1.6527 3.3276 -0.0143 0.8463 0.5071 0.1623
1341848003.3427 -1.4456 -1.6494 3.3278 -0.0165 0.8468 0.5057 0.1642
1341848003.3790 -1.4363 -1.6481 3.3286 -0.0197 0.8477 0.5030 0.1677
1341848003.4108 -1.4277 -1.6484 3.3319 -0.0220 0.8477 0.5012 0.1724
1341848003.4427 -1.4180 -1.6440 3.3326 -0.0214 0.8472 0.5004 0.1771
1341848003.4787 -1.4090 -1.6444 3.3347 -0.0213 0.8464 0.4995 0.1835
1341848003.5107 -1.4023 -1.6387 3.3341 -0.0219 0.8448 0.4984 0.1937
1341848003.5469 -1.3922 -1.6339 3.3333 -0.0226 0.8440 0.4981 0.1975
1341848003.5787 -1.3859 -1.6313 3.3330 -0.0202 0.8433 0.4972 0.2030
1341848003.6179 -1.3752 -1.6305 3.3328 -0.0201 0.8425 0.4959 0.2093
1341848003.6500 -1.3672 -1.6270 3.3324 -0.0199 0.8417 0.4947 0.2156
1341848003.6858 -1.3583 -1.6237 3.3293 -0.0205 0.8413 0.4931 0.2206
1341848003.7179 -1.3511 -1.6222 3.3290 -0.0232 0.8412 0.4903 0.2268
1341848003.7538 -1.3438 -1.6198 3.3294 -0.0256 0.8403 0.4891 0.2323
1341848003.7858 -1.3384 -1.6146 3.3241 -0.0232 0.8386 0.4892 0.2385
1341848003.8179 -1.3315 -1.6121 3.3243 -0.0237 0.8377 0.4880 0.2441
1341848003.8540 -1.3262 -1.6044 3.3192 -0.0240 0.8363 0.4877 0.2494
1341848003.8858 -1.3177 -1.6013 3.3160 -0.0260 0.8360 0.4870 0.2515
1341848003.9217 -1.3084 -1.5996 3.3136 -0.0266 0.8349 0.4865 0.2561
1341848003.9538 -1.3035 -1.5917 3.3118 -0.0260 0.8339 0.4853 0.2614
1341848003.9858 -1.2944 -1.5879 3.3045 -0.0257 0.8321 0.4876 0.2632
1341848004.0216 -1.2862 -1.5833 3.2991 -0.0240 0.8313 0.4865 0.2679
1341848004.0538 -1.2805 -1.5769 3.2985 -0.0245 0.8312 0.4849 0.2710
1341848004.0897 -1.2706 -1.5734 3.2903 -0.0238 0.8289 0.4879 0.2727
1341848004.1217 -1.2632 -1.5679 3.2854 -0.0227 0.8280 0.4865 0.2778
1341848004.1537 -1.2544 -1.5638 3.2833 -0.0227 0.8272 0.4859 0.2812
1341848004.1898 -1.2465 -1.5592 3.2793 -0.0206 0.8256 0.4865 0.2852
1341848004.2218 -1.2395 -1.5529 3.2758 -0.0212 0.8239 0.4863 0.2904
1341848004.2578 -1.2316 -1.5462 3.2710 -0.0229 0.8223 0.4856 0.2957
1341848004.2898 -1.2217 -1.5455 3.2700 -0.0242 0.8211 0.4857 0.2989
1341848004.3218 -1.2124 -1.5412 3.2687 -0.0255 0.8185 0.4855 0.3060
1341848004.3579 -1.2056 -1.5338 3.2664 -0.0259 0.8164 0.4844 0.3133
1341848004.3898 -1.1976 -1.5286 3.2650 -0.0286 0.8142 0.4840 0.3192
1341848004.4219 -1.1885 -1.5240 3.2628 -0.0313 0.8118 0.4837 0.3255
1341848004.4578 -1.1811 -1.5191 3.2632 -0.0335 0.8099 0.4826 0.3318
1341848004.4898 -1.1734 -1.5142 3.2622 -0.0356 0.8073 0.4830 0.3373
1341848004.5257 -1.1651 -1.5116 3.2628 -0.0373 0.8048 0.4841 0.3413
1341848004.5578 -1.1585 -1.5072 3.2627 -0.0371 0.8018 0.4856 0.3463
1341848004.5898 -1.1532 -1.5018 3.2629 -0.0388 0.7991 0.4872 0.3502
1341848004.6258 -1.1453 -1.4971 3.2602 -0.0404 0.7961 0.4887 0.3547
1341848004.6579 -1.1417 -1.4930 3.2632 -0.0418 0.7944 0.4883 0.3587
1341848004.6899 -1.1344 -1.4898 3.2633 -0.0440 0.7912 0.4916 0.3611
1341848004.7258 -1.1282 -1.4851 3.2607 -0.0442 0.7881 0.4930 0.3659
1341848004.7577 -1.1256 -1.4812 3.2628 -0.0457 0.7867 0.4917 0.3703
1341848004.7897 -1.1195 -1.4791 3.2636 -0.0485 0.7844 0.4936 0.3724
1341848004.8258 -1.1131 -1.4773 3.2630 -0.0481 0.7823 0.4949 0.3753
1341848004.8577 -1.1115 -1.4747 3.2651 -0.0483 0.7806 0.4945 0.3792
1341848004.8898 -1.1068 -1.4722 3.2641 -0.0493 0.7785 0.4958 0.3816
1341848004.9258 -1.1029 -1.4713 3.2664 -0.0501 0.7773 0.4955 0.3844
1341848004.9578 -1.0988 -1.4709 3.2682 -0.0506 0.7758 0.4957 0.3872
1341848004.9938 -1.0974 -1.4680 3.2682 -0.0499 0.7735 0.4960 0.3913
1341848005.0257 -1.0943 -1.4666 3.2690 -0.0514 0.7723 0.4954 0.3944
1341848005.0577 -1.0908 -1.4657 3.2684 -0.0529 0.7709 0.4941 0.3984
1341848005.0939 -1.0902 -1.4645 3.2727 -0.0529 0.7708 0.4924 0.4007
1341848005.1257 -1.0847 -1.4646 3.2733 -0.0540 0.7685 0.4941 0.4029
1341848005.1577 -1.0814 -1.4654 3.2738 -0.0516 0.7667 0.4941 0.4066
1341848005.1937 -1.0820 -1.4624 3.2738 -0.0500 0.7650 0.4930 0.4114
1341848005.2257 -1.0791 -1.4612 3.2751 -0.0512 0.7641 0.4920 0.4141
1341848005.2577 -1.0734 -1.4630 3.2774 -0.0528 0.7633 0.4910 0.4165
1341848005.2937 -1.0730 -1.4610 3.2797 -0.0516 0.7620 0.4888 0.4216
1341848005.3259 -1.0707 -1.4589 3.2813 -0.0527 0.7604 0.4887 0.4245
1341848005.3577 -1.0631 -1.4619 3.2836 -0.0540 0.7590 0.4886 0.4269
1341848005.3937 -1.0617 -1.4611 3.2856 -0.0516 0.7573 0.4873 0.4318
1341848005.4257 -1.0616 -1.4582 3.2870 -0.0504 0.7553 0.4871 0.4355
1341848005.4618 -1.0545 -1.4600 3.2877 -0.0524 0.7535 0.4877 0.4377
1341848005.4937 -1.0530 -1.4600 3.2917 -0.0512 0.7523 0.4865 0.4413
1341848005.5258 -1.0501 -1.4580 3.2919 -0.0518 0.7498 0.4871 0.4448
1341848005.5618 -1.0450 -1.4597 3.2929 -0.0530 0.7483 0.4866 0.4478
1341848005.5937 -1.0423 -1.4593 3.2950 -0.0530 0.7470 0.4854 0.4512
1341848005.6298 -1.0389 -1.4598 3.2960 -0.0536 0.7454 0.4846 0.4546
1341848005.6618 -1.0349 -1.4605 3.2978 -0.0542 0.7442 0.4835 0.4576
1341848005.6938 -1.0300 -1.4622 3.2992 -0.0540 0.7428 0.4825 0.4610
1341848005.7297 -1.0287 -1.4622 3.2996 -0.0528 0.7415 0.4804 0.4654
1341848005.7617 -1.0244 -1.4638 3.3012 -0.0537 0.7410 0.4785 0.4681
1341848005.7979 -1.0192 -1.4675 3.3051 -0.0529 0.7405 0.4770 0.4705
1341848005.8299 -1.0190 -1.4671 3.3071 -0.0502 0.7387 0.4756 0.4749
1341848005.8617 -1.0156 -1.4674 3.3077 -0.0505 0.7370 0.4750 0.4782
1341848005.8978 -1.0106 -1.4707 3.3096 -0.0502 0.7363 0.4736 0.4807
1341848005.9297 -1.0105 -1.4712 3.3140 -0.0482 0.7355 0.4712 0.4844
1341848005.9657 -1.0076 -1.4710 3.3150 -0.0486 0.7339 0.4702 0.4878
1341848005.9978 -1.0023 -1.4742 3.3166 -0.0485 0.7330 0.4692 0.4902
1341848006.0298 -0.9988 -1.4768 3.3190 -0.0464 0.7321 0.4663 0.4945
1341848006.0658 -0.9988 -1.4765 3.3213 -0.0452 0.7311 0.4633 0.4989
1341848006.0979 -0.9926 -1.4788 3.3191 -0.0449 0.7299 0.4619 0.5020
1341848006.1337 -0.9900 -1.4810 3.3225 -0.0418 0.7311 0.4572 0.5046
1341848006.1658 -0.9883 -1.4823 3.3269 -0.0376 0.7313 0.4548 0.5070
1341848006.1976 -0.9860 -1.4830 3.3275 -0.0340 0.7300 0.4537 0.5100
1341848006.2338 -0.9816 -1.4851 3.3283 -0.0316 0.7288 0.4512 0.5141
1341848006.2658 -0.9808 -1.4841 3.3318 -0.0289 0.7289 0.4471 0.5176
1341848006.3018 -0.9768 -1.4863 3.3353 -0.0270 0.7281 0.4460 0.5199
1341848006.3337 -0.9731 -1.4886 3.3379 -0.0239 0.7261 0.4450 0.5237
1341848006.3660 -0.9735 -1.4851 3.3398 -0.0231 0.7245 0.4418 0.5286
1341848006.4018 -0.9686 -1.4871 3.3423 -0.0250 0.7240 0.4415 0.5295
1341848006.4337 -0.9639 -1.4916 3.3462 -0.0239 0.7232 0.4413 0.5307
1341848006.4697 -0.9631 -1.4901 3.3501 -0.0229 0.7219 0.4403 0.5334
1341848006.5017 -0.9578 -1.4925 3.3520 -0.0235 0.7204 0.4417 0.5342
1341848006.5337 -0.9530 -1.4948 3.3532 -0.0228 0.7193 0.4412 0.5361
1341848006.5697 -0.9522 -1.4957 3.3583 -0.0224 0.7195 0.4396 0.5372
1341848006.6018 -0.9473 -1.4980 3.3610 -0.0227 0.7188 0.4405 0.5374
1341848006.6378 -0.9421 -1.5032 3.3627 -0.0216 0.7182 0.4406 0.5381
1341848006.6701 -0.9424 -1.5030 3.3699 -0.0213 0.7190 0.4378 0.5393
1341848006.7018 -0.9361 -1.5061 3.3712 -0.0223 0.7185 0.4394 0.5388
1341848006.7378 -0.9321 -1.5115 3.3754 -0.0207 0.7191 0.4391 0.5382
1341848006.7697 -0.9289 -1.5140 3.3795 -0.0187 0.7190 0.4396 0.5381
1341848006.8019 -0.9257 -1.5180 3.3832 -0.0168 0.7193 0.4398 0.5375
1341848006.8376 -0.9222 -1.5209 3.3870 -0.0157 0.7198 0.4401 0.5366
1341848006.8707 -0.9182 -1.5269 3.3898 -0.0138 0.7203 0.4406 0.5355
1341848006.9018 -0.9161 -1.5298 3.3943 -0.0123 0.7217 0.4396 0.5346
1341848006.9377 -0.9128 -1.5331 3.3972 -0.0111 0.7233 0.4389 0.5331
1341848006.9697 -0.9111 -1.5387 3.4029 -0.0098 0.7258 0.4385 0.5300
1341848007.0058 -0.9082 -1.5450 3.4077 -0.0074 0.7275 0.4402 0.5263
1341848007.0378 -0.9079 -1.5490 3.4130 -0.0045 0.7291 0.4414 0.5230
1341848007.0697 -0.9072 -1.5523 3.4181 -0.0039 0.7308 0.4430 0.5194
1341848007.1057 -0.9041 -1.5577 3.4220 -0.0044 0.7325 0.4450 0.5151
1341848007.1379 -0.9023 -1.5644 3.4282 -0.0038 0.7347 0.4458 0.5113
1341848007.1697 -0.9026 -1.5687 3.4355 -0.0035 0.7366 0.4467 0.5079
1341848007.2057 -0.9002 -1.5739 3.4402 -0.0034 0.7377 0.4493 0.5039
1341848007.2379 -0.8986 -1.5818 3.4476 -0.0018 0.7391 0.4516 0.4998
1341848007.2989 -0.8952 -1.5913 3.4566 0.0010 0.7389 0.4569 0.4953
1341848007.3314 -0.8946 -1.5956 3.4617 0.0020 0.7405 0.4559 0.4937
1341848007.3667 -0.8927 -1.6012 3.4671 0.0012 0.7422 0.4543 0.4927
1341848007.3987 -0.8908 -1.6088 3.4750 0.0013 0.7439 0.4531 0.4912
1341848007.4348 -0.8879 -1.6158 3.4793 0.0027 0.7444 0.4527 0.4909
1341848007.4667 -0.8898 -1.6195 3.4883 0.0032 0.7461 0.4502 0.4905
1341848007.4988 -0.8871 -1.6248 3.4945 0.0024 0.7471 0.4521 0.4873
1341848007.5348 -0.8815 -1.6348 3.4988 0.0034 0.7470 0.4545 0.4852
1341848007.5667 -0.8817 -1.6379 3.5054 0.0047 0.7475 0.4538 0.4851
1341848007.5987 -0.8797 -1.6390 3.5074 0.0028 0.7486 0.4540 0.4832
1341848007.6348 -0.8736 -1.6497 3.5132 0.0016 0.7510 0.4554 0.4781
1341848007.6667 -0.8743 -1.6553 3.5227 0.0051 0.7523 0.4583 0.4733
1341848007.7028 -0.8702 -1.6576 3.5251 0.0067 0.7515 0.4649 0.4680
1341848007.7346 -0.8596 -1.6640 3.5193 0.0084 0.7513 0.4692 0.4641
1341848007.7669 -0.8599 -1.6696 3.5297 0.0095 0.7561 0.4652 0.4603
1341848007.8029 -0.8582 -1.6732 3.5379 0.0081 0.7582 0.4661 0.4559
1341848007.8350 -0.8512 -1.6796 3.5399 0.0093 0.7586 0.4701 0.4510
1341848007.8667 -0.8488 -1.6802 3.5458 0.0100 0.7609 0.4704 0.4469
1341848007.9028 -0.8466 -1.6801 3.5510 0.0073 0.7635 0.4718 0.4409
1341848007.9349 -0.8370 -1.6941 3.5524 0.0079 0.7645 0.4783 0.4321
1341848007.9707 -0.8321 -1.7017 3.5590 0.0125 0.7651 0.4799 0.4291
1341848008.0027 -0.8316 -1.6999 3.5658 0.0150 0.7666 0.4801 0.4260
1341848008.0348 -0.8264 -1.7037 3.5699 0.0143 0.7679 0.4831 0.4204
1341848008.0708 -0.8204 -1.7110 3.5759 0.0143 0.7691 0.4851 0.4159
1341848008.1032 -0.8160 -1.7113 3.5806 0.0144 0.7699 0.4864 0.4129
1341848008.1388 -0.8095 -1.7143 3.5842 0.0131 0.7716 0.4874 0.4085
1341848008.1711 -0.8035 -1.7201 3.5910 0.0128 0.7735 0.4882 0.4039
1341848008.2027 -0.7981 -1.7246 3.5983 0.0144 0.7747 0.4906 0.3988
1341848008.2387 -0.7934 -1.7259 3.6045 0.0151 0.7750 0.4931 0.3950
1341848008.2707 -0.7870 -1.7284 3.6094 0.0147 0.7754 0.4962 0.3904
1341848008.3027 -0.7808 -1.7325 3.6146 0.0147 0.7759 0.4992 0.3855
1341848008.3388 -0.7739 -1.7372 3.6192 0.0147 0.7760 0.5019 0.3816
1341848008.3707 -0.7685 -1.7388 3.6248 0.0141 0.7769 0.5029 0.3785
1341848008.4389 -0.7553 -1.7501 3.6324 0.0149 0.7785 0.5071 0.3696
1341848008.4708 -0.7509 -1.7535 3.6391 0.0161 0.7795 0.5081 0.3660
1341848008.5069 -0.7456 -1.7558 3.6412 0.0166 0.7801 0.5103 0.3617
1341848008.5388 -0.7387 -1.7651 3.6447 0.0179 0.7812 0.5124 0.3562
1341848008.5707 -0.7347 -1.7701 3.6513 0.0204 0.7818 0.5134 0.3532
1341848008.6067 -0.7304 -1.7729 3.6549 0.0223 0.7819 0.5160 0.3491
1341848008.6387 -0.7238 -1.7793 3.6554 0.0238 0.7822 0.5184 0.3448
1341848008.6746 -0.7193 -1.7834 3.6610 0.0249 0.7834 0.5186 0.3415
1341848008.7068 -0.7140 -1.7846 3.6610 0.0253 0.7843 0.5194 0.3383
1341848008.7387 -0.7088 -1.7925 3.6669 0.0245 0.7866 0.5188 0.3338
1341848008.7751 -0.7039 -1.7955 3.6708 0.0234 0.7875 0.5188 0.3320
1341848008.8069 -0.6985 -1.7984 3.6719 0.0225 0.7887 0.5187 0.3294
1341848008.8388 -0.6948 -1.8030 3.6784 0.0209 0.7905 0.5177 0.3266
1341848008.8746 -0.6896 -1.8074 3.6815 0.0205 0.7909 0.5193 0.3231
1341848008.9067 -0.6844 -1.8091 3.6841 0.0211 0.7916 0.5202 0.3199
1341848008.9431 -0.6802 -1.8096 3.6866 0.0200 0.7931 0.5202 0.3161
1341848008.9747 -0.6737 -1.8171 3.6906 0.0179 0.7944 0.5210 0.3118
1341848009.0068 -0.6680 -1.8225 3.6960 0.0186 0.7948 0.5220 0.3089
1341848009.0427 -0.6654 -1.8215 3.7031 0.0180 0.7955 0.5222 0.3067
1341848009.1108 -0.6529 -1.8240 3.7058 0.0161 0.7969 0.5240 0.3001
1341848009.1427 -0.6498 -1.8217 3.7091 0.0138 0.7993 0.5224 0.2966
1341848009.1747 -0.6437 -1.8228 3.7123 0.0124 0.8019 0.5221 0.2901
1341848009.2107 -0.6400 -1.8257 3.7202 0.0138 0.8036 0.5241 0.2818
1341848009.2429 -0.6344 -1.8262 3.7234 0.0156 0.8029 0.5290 0.2745
1341848009.2747 -0.6301 -1.8229 3.7242 0.0165 0.8031 0.5320 0.2678
1341848009.3109 -0.6250 -1.8234 3.7283 0.0144 0.8051 0.5330 0.2600
1341848009.3429 -0.6167 -1.8296 3.7307 0.0133 0.8049 0.5368 0.2525
1341848009.3787 -0.6120 -1.8283 3.7357 0.0143 0.8057 0.5378 0.2478
1341848009.4429 -0.5994 -1.8291 3.7417 0.0126 0.8061 0.5417 0.2381
1341848009.4790 -0.5947 -1.8295 3.7476 0.0124 0.8067 0.5423 0.2343
1341848009.5106 -0.5870 -1.8293 3.7490 0.0109 0.8059 0.5446 0.2319
1341848009.5428 -0.5798 -1.8287 3.7500 0.0106 0.8067 0.5442 0.2303
1341848009.5788 -0.5739 -1.8293 3.7573 0.0091 0.8078 0.5433 0.2285
1341848009.6110 -0.5650 -1.8286 3.7557 0.0077 0.8070 0.5448 0.2277
1341848009.6469 -0.5568 -1.8293 3.7567 0.0073 0.8081 0.5431 0.2281
1341848009.6787 -0.5494 -1.8275 3.7621 0.0053 0.8098 0.5402 0.2290
1341848009.7108 -0.5406 -1.8262 3.7637 0.0032 0.8103 0.5392 0.2293
1341848009.7468 -0.5302 -1.8279 3.7616 0.0029 0.8104 0.5391 0.2294
1341848009.7788 -0.5218 -1.8260 3.7675 0.0032 0.8122 0.5359 0.2305
1341848009.8107 -0.5141 -1.8235 3.7708 0.0035 0.8125 0.5356 0.2300
1341848009.8468 -0.5035 -1.8264 3.7689 0.0051 0.8110 0.5386 0.2283
1341848009.8787 -0.4967 -1.8206 3.7705 0.0067 0.8114 0.5373 0.2299
1341848009.9148 -0.4908 -1.8154 3.7706 0.0051 0.8112 0.5372 0.2307
1341848009.9470 -0.4797 -1.8168 3.7662 0.0038 0.8106 0.5386 0.2296
1341848009.9789 -0.4690 -1.8169 3.7638 0.0040 0.8107 0.5379 0.2310
1341848010.0148 -0.4646 -1.8106 3.7660 0.0051 0.8115 0.5361 0.2324
1341848010.0468 -0.4564 -1.8059 3.7620 0.0053 0.8109 0.5375 0.2311
1341848010.0826 -0.4474 -1.8022 3.7586 0.0049 0.8109 0.5379 0.2303
1341848010.1147 -0.4419 -1.7960 3.7569 0.0050 0.8112 0.5380 0.2291
1341848010.1468 -0.4321 -1.7929 3.7516 0.0042 0.8097 0.5414 0.2263
1341848010.1827 -0.4232 -1.7872 3.7412 0.0047 0.8087 0.5434 0.2250
1341848010.2147 -0.4166 -1.7807 3.7366 0.0049 0.8097 0.5425 0.2235
1341848010.2468 -0.4088 -1.7775 3.7288 0.0050 0.8094 0.5442 0.2206
1341848010.2827 -0.4014 -1.7727 3.7228 0.0063 0.8096 0.5449 0.2181
1341848010.3148 -0.3948 -1.7676 3.7134 0.0073 0.8087 0.5472 0.2157
1341848010.3511 -0.3884 -1.7626 3.7054 0.0072 0.8089 0.5476 0.2141
1341848010.3828 -0.3813 -1.7597 3.7004 0.0076 0.8093 0.5482 0.2111
1341848010.4147 -0.3766 -1.7542 3.6919 0.0090 0.8082 0.5504 0.2095
1341848010.4509 -0.3721 -1.7497 3.6819 0.0091 0.8077 0.5519 0.2072
1341848010.4831 -0.3667 -1.7452 3.6769 0.0091 0.8087 0.5516 0.2040
1341848010.5148 -0.3617 -1.7416 3.6745 0.0089 0.8090 0.5528 0.1997
1341848010.5506 -0.3551 -1.7385 3.6604 0.0091 0.8069 0.5567 0.1971
1341848010.5829 -0.3535 -1.7337 3.6590 0.0094 0.8093 0.5542 0.1946
1341848010.6187 -0.3499 -1.7313 3.6528 0.0075 0.8083 0.5569 0.1910
1341848010.6510 -0.3423 -1.7328 3.6410 0.0077 0.8071 0.5598 0.1872
1341848010.6826 -0.3426 -1.7274 3.6413 0.0089 0.8091 0.5574 0.1859
1341848010.7188 -0.3409 -1.7258 3.6352 0.0076 0.8087 0.5590 0.1830
1341848010.7509 -0.3378 -1.7236 3.6276 0.0071 0.8084 0.5604 0.1800
1341848010.7827 -0.3363 -1.7221 3.6189 0.0078 0.8089 0.5608 0.1765
1341848010.8188 -0.3345 -1.7210 3.6176 0.0088 0.8114 0.5585 0.1722
1341848010.8508 -0.3326 -1.7191 3.6119 0.0093 0.8116 0.5593 0.1686
1341848010.8867 -0.3284 -1.7179 3.6076 0.0104 0.8126 0.5590 0.1646
1341848010.9188 -0.3305 -1.7141 3.6055 0.0113 0.8139 0.5577 0.1627
1341848010.9508 -0.3268 -1.7128 3.6006 0.0102 0.8143 0.5583 0.1587
1341848010.9868 -0.3238 -1.7116 3.5990 0.0101 0.8153 0.5576 0.1557
1341848011.0187 -0.3213 -1.7099 3.5980 0.0104 0.8156 0.5576 0.1538
1341848011.0510 -0.3198 -1.7080 3.5923 0.0111 0.8151 0.5590 0.1516
1341848011.0867 -0.3179 -1.7070 3.5911 0.0114 0.8160 0.5585 0.1489
1341848011.1187 -0.3160 -1.7054 3.5905 0.0119 0.8166 0.5583 0.1463
1341848011.1546 -0.3133 -1.7047 3.5889 0.0129 0.8166 0.5589 0.1435
1341848011.1867 -0.3144 -1.7021 3.5892 0.0138 0.8169 0.5588 0.1423
1341848011.2191 -0.3152 -1.7002 3.5835 0.0120 0.8158 0.5608 0.1408
1341848011.2547 -0.3088 -1.7011 3.5796 0.0090 0.8165 0.5610 0.1362
1341848011.2866 -0.3076 -1.6995 3.5791 0.0085 0.8173 0.5604 0.1333
1341848011.3227 -0.3047 -1.6983 3.5741 0.0086 0.8174 0.5615 0.1285
1341848011.3547 -0.2992 -1.6983 3.5700 0.0086 0.8183 0.5613 0.1239
1341848011.3867 -0.3004 -1.6973 3.5725 0.0105 0.8197 0.5598 0.1205
1341848011.4227 -0.2966 -1.6933 3.5678 0.0107 0.8192 0.5615 0.1161
1341848011.4547 -0.2953 -1.6917 3.5653 0.0118 0.8205 0.5605 0.1120
1341848011.4868 -0.2944 -1.6899 3.5666 0.0113 0.8215 0.5599 0.1072
1341848011.5229 -0.2899 -1.6870 3.5647 0.0113 0.8211 0.5615 0.1016
1341848011.5547 -0.2873 -1.6853 3.5596 0.0122 0.8207 0.5628 0.0979
1341848011.5909 -0.2898 -1.6823 3.5605 0.0122 0.8216 0.5617 0.0967
1341848011.6227 -0.2853 -1.6795 3.5586 0.0104 0.8213 0.5630 0.0914
1341848011.6549 -0.2814 -1.6777 3.5554 0.0108 0.8211 0.5640 0.0877
1341848011.6908 -0.2840 -1.6738 3.5556 0.0120 0.8210 0.5642 0.0864
1341848011.7226 -0.2868 -1.6696 3.5519 0.0111 0.8202 0.5658 0.0838
1341848011.7548 -0.2824 -1.6661 3.5482 0.0084 0.8196 0.5674 0.0790
1341848011.7908 -0.2813 -1.6625 3.5450 0.0088 0.8190 0.5687 0.0750
1341848011.8227 -0.2814 -1.6586 3.5394 0.0101 0.8177 0.5713 0.0703
1341848011.8588 -0.2793 -1.6555 3.5337 0.0114 0.8171 0.5727 0.0655
1341848011.8907 -0.2805 -1.6510 3.5327 0.0127 0.8175 0.5724 0.0629
1341848011.9229 -0.2795 -1.6483 3.5266 0.0132 0.8160 0.5748 0.0597
1341848011.9588 -0.2806 -1.6450 3.5208 0.0146 0.8159 0.5751 0.0577
1341848011.9908 -0.2830 -1.6394 3.5207 0.0134 0.8168 0.5740 0.0569
1341848012.0227 -0.2812 -1.6355 3.5150 0.0109 0.8156 0.5758 0.0552
1341848012.0589 -0.2816 -1.6305 3.5092 0.0100 0.8148 0.5771 0.0543
1341848012.0908 -0.2829 -1.6251 3.5027 0.0084 0.8140 0.5783 0.0537
1341848012.1269 -0.2809 -1.6201 3.4953 0.0064 0.8134 0.5793 0.0522
1341848012.1910 -0.2776 -1.6075 3.4855 0.0061 0.8125 0.5805 0.0535
1341848012.2267 -0.2776 -1.6010 3.4788 0.0057 0.8111 0.5823 0.0552
1341848012.2587 -0.2754 -1.5940 3.4728 0.0040 0.8103 0.5831 0.0575
1341848012.2952 -0.2771 -1.5873 3.4675 0.0025 0.8093 0.5841 0.0612
1341848012.3269 -0.2771 -1.5812 3.4585 -0.0009 0.8076 0.5862 0.0644
1341848012.3588 -0.2749 -1.5755 3.4519 -0.0051 0.8073 0.5864 0.0667
1341848012.3947 -0.2729 -1.5679 3.4487 -0.0083 0.8069 0.5866 0.0692
1341848012.4268 -0.2716 -1.5615 3.4383 -0.0109 0.8042 0.5899 0.0718
1341848012.4588 -0.2707 -1.5556 3.4289 -0.0128 0.8034 0.5908 0.0739
1341848012.4947 -0.2692 -1.5489 3.4246 -0.0154 0.8036 0.5901 0.0758
1341848012.5268 -0.2652 -1.5439 3.4164 -0.0182 0.8017 0.5925 0.0772
1341848012.5627 -0.2633 -1.5387 3.4057 -0.0193 0.8003 0.5938 0.0810
1341848012.5947 -0.2638 -1.5323 3.4036 -0.0221 0.8016 0.5913 0.0856
1341848012.6268 -0.2584 -1.5282 3.3963 -0.0268 0.8003 0.5925 0.0877
1341848012.6628 -0.2528 -1.5235 3.3925 -0.0286 0.8004 0.5920 0.0905
1341848012.6953 -0.2524 -1.5182 3.3887 -0.0294 0.7997 0.5919 0.0964
1341848012.7269 -0.2504 -1.5132 3.3841 -0.0333 0.7989 0.5918 0.1019
1341848012.7627 -0.2433 -1.5095 3.3798 -0.0373 0.7984 0.5917 0.1053
1341848012.7947 -0.2390 -1.5047 3.3792 -0.0383 0.7985 0.5904 0.1114
1341848012.8307 -0.2396 -1.5007 3.3724 -0.0403 0.7962 0.5913 0.1215
1341848012.8628 -0.2373 -1.4974 3.3650 -0.0447 0.7958 0.5899 0.1290
1341848012.8947 -0.2344 -1.4936 3.3674 -0.0490 0.7984 0.5848 0.1349
1341848012.9308 -0.2313 -1.4908 3.3642 -0.0517 0.7975 0.5843 0.1411
1341848012.9628 -0.2323 -1.4875 3.3606 -0.0542 0.7975 0.5823 0.1486
1341848012.9948 -0.2290 -1.4841 3.3626 -0.0589 0.7987 0.5789 0.1532
1341848013.0309 -0.2256 -1.4809 3.3618 -0.0610 0.7977 0.5787 0.1585
1341848013.0627 -0.2232 -1.4785 3.3577 -0.0621 0.7963 0.5787 0.1647
1341848013.0988 -0.2206 -1.4760 3.3581 -0.0636 0.7968 0.5761 0.1710
1341848013.1308 -0.2182 -1.4730 3.3608 -0.0641 0.7968 0.5741 0.1771
1341848013.1628 -0.2131 -1.4711 3.3611 -0.0632 0.7954 0.5744 0.1827
1341848013.1987 -0.2129 -1.4686 3.3609 -0.0598 0.7936 0.5747 0.1908
1341848013.2309 -0.2128 -1.4663 3.3615 -0.0585 0.7924 0.5742 0.1973
1341848013.2627 -0.2074 -1.4643 3.3652 -0.0588 0.7913 0.5741 0.2019
1341848013.2987 -0.2078 -1.4623 3.3638 -0.0564 0.7881 0.5756 0.2106
1341848013.3308 -0.2076 -1.4601 3.3643 -0.0584 0.7868 0.5744 0.2181
1341848013.3667 -0.2034 -1.4588 3.3687 -0.0625 0.7863 0.5724 0.2239
1341848013.3987 -0.1985 -1.4566 3.3756 -0.0640 0.7853 0.5716 0.2293
1341848013.4309 -0.1942 -1.4549 3.3795 -0.0637 0.7816 0.5734 0.2370
1341848013.4670 -0.1930 -1.4542 3.3744 -0.0635 0.7761 0.5768 0.2470
1341848013.4988 -0.1907 -1.4529 3.3752 -0.0668 0.7749 0.5746 0.2548
1341848013.5348 -0.1853 -1.4516 3.3805 -0.0715 0.7748 0.5710 0.2619
1341848013.5667 -0.1786 -1.4511 3.3835 -0.0741 0.7730 0.5694 0.2699
1341848013.5988 -0.1777 -1.4506 3.3870 -0.0732 0.7718 0.5668 0.2787
1341848013.6348 -0.1723 -1.4500 3.3880 -0.0745 0.7693 0.5668 0.2851
1341848013.6667 -0.1664 -1.4503 3.3859 -0.0751 0.7671 0.5652 0.2940
1341848013.6988 -0.1657 -1.4502 3.3877 -0.0746 0.7676 0.5599 0.3030
1341848013.7346 -0.1614 -1.4504 3.3894 -0.0763 0.7678 0.5554 0.3101
1341848013.7668 -0.1580 -1.4505 3.3938 -0.0763 0.7690 0.5503 0.3162
1341848013.8027 -0.1554 -1.4498 3.3986 -0.0754 0.7690 0.5470 0.3222
1341848013.8348 -0.1534 -1.4485 3.3988 -0.0752 0.7666 0.5460 0.3294
1341848013.8668 -0.1495 -1.4486 3.3970 -0.0760 0.7650 0.5444 0.3356
1341848013.9027 -0.1477 -1.4477 3.4023 -0.0770 0.7658 0.5394 0.3415
1341848013.9667 -0.1385 -1.4464 3.4065 -0.0786 0.7621 0.5375 0.3523
1341848014.0027 -0.1334 -1.4464 3.4081 -0.0790 0.7602 0.5365 0.3577
1341848014.0349 -0.1280 -1.4460 3.4107 -0.0795 0.7578 0.5352 0.3647
1341848014.0710 -0.1255 -1.4434 3.4101 -0.0806 0.7543 0.5333 0.3742
1341848014.1027 -0.1216 -1.4406 3.4117 -0.0848 0.7522 0.5304 0.3817
1341848014.1347 -0.1128 -1.4408 3.4161 -0.0891 0.7506 0.5283 0.3867
1341848014.1707 -0.1070 -1.4387 3.4196 -0.0907 0.7473 0.5273 0.3940
1341848014.2027 -0.0989 -1.4376 3.4180 -0.0934 0.7429 0.5274 0.4015
1341848014.2348 -0.0883 -1.4389 3.4215 -0.0957 0.7416 0.5242 0.4076
1341848014.2707 -0.0837 -1.4363 3.4275 -0.0964 0.7394 0.5201 0.4165
1341848014.3027 -0.0742 -1.4369 3.4288 -0.0964 0.7362 0.5200 0.4222
1341848014.3387 -0.0653 -1.4374 3.4337 -0.0965 0.7340 0.5174 0.4292
1341848014.3706 -0.0591 -1.4363 3.4380 -0.0969 0.7302 0.5140 0.4395
1341848014.4388 -0.0424 -1.4368 3.4459 -0.0994 0.7250 0.5062 0.4564
1341848014.4708 -0.0341 -1.4370 3.4483 -0.1003 0.7210 0.5019 0.4670
1341848014.5066 -0.0282 -1.4373 3.4557 -0.1014 0.7194 0.4957 0.4760
1341848014.5387 -0.0181 -1.4395 3.4552 -0.1030 0.7140 0.4931 0.4863
1341848014.5708 -0.0120 -1.4402 3.4591 -0.1023 0.7134 0.4860 0.4943
1341848014.6069 -0.0070 -1.4417 3.4693 -0.1016 0.7126 0.4803 0.5011
1341848014.6387 0.0011 -1.4440 3.4695 -0.0996 0.7078 0.4799 0.5088
1341848014.6708 0.0098 -1.4462 3.4719 -0.0979 0.7053 0.4768 0.5153
1341848014.7068 0.0162 -1.4476 3.4727 -0.0962 0.7028 0.4721 0.5234
1341848014.7387 0.0229 -1.4497 3.4760 -0.0950 0.7025 0.4672 0.5284
1341848014.7747 0.0299 -1.4537 3.4844 -0.0914 0.7021 0.4642 0.5322
1341848014.8067 0.0355 -1.4539 3.4855 -0.0858 0.6980 0.4638 0.5388
1341848014.8387 0.0423 -1.4556 3.4878 -0.0830 0.6953 0.4625 0.5439
1341848014.8747 0.0504 -1.4582 3.4914 -0.0815 0.6921 0.4601 0.5501
1341848014.9066 0.0538 -1.4563 3.4936 -0.0779 0.6889 0.4565 0.5576
1341848014.9387 0.0601 -1.4558 3.4977 -0.0761 0.6861 0.4567 0.5611
1341848014.9747 0.0657 -1.4558 3.5011 -0.0734 0.6818 0.4574 0.5662
1341848015.0067 0.0637 -1.4518 3.4989 -0.0716 0.6755 0.4571 0.5741
1341848015.0426 0.0673 -1.4485 3.5013 -0.0772 0.6707 0.4581 0.5782
1341848015.0749 0.0744 -1.4474 3.5028 -0.0854 0.6656 0.4575 0.5834
1341848015.1068 0.0796 -1.4451 3.5050 -0.0921 0.6619 0.4551 0.5885
1341848015.1427 0.0835 -1.4424 3.5083 -0.0959 0.6586 0.4544 0.5920
1341848015.1747 0.0913 -1.4415 3.5110 -0.0992 0.6542 0.4559 0.5953
1341848015.2072 0.0956 -1.4392 3.5108 -0.0998 0.6489 0.4557 0.6011
1341848015.2435 0.1008 -1.4372 3.5110 -0.1027 0.6446 0.4537 0.6067
1341848015.2748 0.1055 -1.4357 3.5146 -0.1034 0.6410 0.4518 0.6119
1341848015.3106 0.1088 -1.4346 3.5153 -0.1015 0.6351 0.4494 0.6200
1341848015.3429 0.1120 -1.4323 3.5152 -0.1003 0.6295 0.4471 0.6275
1341848015.3747 0.1156 -1.4307 3.5170 -0.0984 0.6236 0.4463 0.6342
1341848015.4107 0.1199 -1.4298 3.5165 -0.0963 0.6166 0.4452 0.6421
1341848015.4428 0.1218 -1.4282 3.5155 -0.0947 0.6100 0.4436 0.6497
1341848015.4750 0.1266 -1.4275 3.5159 -0.0954 0.6032 0.4405 0.6580
1341848015.5109 0.1299 -1.4272 3.5164 -0.0956 0.5977 0.4354 0.6663
1341848015.5428 0.1277 -1.4255 3.5161 -0.0915 0.5912 0.4332 0.6742
1341848015.5818 0.1328 -1.4252 3.5168 -0.0926 0.5827 0.4315 0.6824
1341848015.6178 0.1358 -1.4249 3.5172 -0.0936 0.5763 0.4249 0.6918
1341848015.6501 0.1359 -1.4247 3.5180 -0.0942 0.5704 0.4190 0.7002
1341848015.6858 0.1401 -1.4243 3.5203 -0.0957 0.5645 0.4151 0.7070
1341848015.7181 0.1431 -1.4247 3.5218 -0.0945 0.5599 0.4091 0.7143
1341848015.7498 0.1422 -1.4248 3.5219 -0.0906 0.5550 0.4047 0.7211
1341848015.7858 0.1452 -1.4258 3.5227 -0.0885 0.5489 0.4018 0.7276
1341848015.8179 0.1467 -1.4279 3.5225 -0.0875 0.5451 0.3955 0.7340
1341848015.8538 0.1458 -1.4286 3.5231 -0.0848 0.5411 0.3912 0.7396
1341848015.8857 0.1473 -1.4302 3.5223 -0.0843 0.5363 0.3861 0.7458
1341848015.9178 0.1485 -1.4315 3.5224 -0.0859 0.5336 0.3789 0.7512
1341848015.9540 0.1486 -1.4319 3.5241 -0.0839 0.5318 0.3709 0.7567
1341848015.9867 0.1455 -1.4340 3.5239 -0.0806 0.5295 0.3652 0.7614
1341848016.0217 0.1452 -1.4344 3.5240 -0.0775 0.5256 0.3622 0.7658
1341848016.0539 0.1475 -1.4355 3.5247 -0.0760 0.5228 0.3568 0.7704
1341848016.0857 0.1439 -1.4362 3.5232 -0.0729 0.5208 0.3511 0.7747
1341848016.1218 0.1412 -1.4363 3.5219 -0.0726 0.5177 0.3482 0.7781
1341848016.1538 0.1425 -1.4373 3.5223 -0.0751 0.5160 0.3454 0.7803
1341848016.1858 0.1402 -1.4376 3.5215 -0.0758 0.5147 0.3427 0.7822
1341848016.2217 0.1392 -1.4379 3.5227 -0.0773 0.5135 0.3425 0.7829
1341848016.2537 0.1419 -1.4390 3.5238 -0.0781 0.5126 0.3420 0.7837
1341848016.2900 0.1380 -1.4405 3.5221 -0.0792 0.5135 0.3397 0.7840
1341848016.3220 0.1374 -1.4407 3.5240 -0.0808 0.5160 0.3432 0.7807
1341848016.3537 0.1402 -1.4428 3.5263 -0.0792 0.5179 0.3464 0.7781
1341848016.3898 0.1338 -1.4435 3.5253 -0.0746 0.5195 0.3488 0.7765
1341848016.4217 0.1341 -1.4452 3.5280 -0.0727 0.5211 0.3540 0.7732
1341848016.4539 0.1332 -1.4471 3.5296 -0.0694 0.5231 0.3573 0.7706
1341848016.4901 0.1315 -1.4489 3.5311 -0.0655 0.5247 0.3580 0.7695
1341848016.5218 0.1293 -1.4507 3.5327 -0.0640 0.5272 0.3574 0.7683
1341848016.5542 0.1273 -1.4522 3.5354 -0.0596 0.5300 0.3589 0.7660
1341848016.5898 0.1229 -1.4552 3.5375 -0.0557 0.5304 0.3584 0.7663
1341848016.6219 0.1200 -1.4574 3.5403 -0.0530 0.5317 0.3615 0.7640
1341848016.6578 0.1189 -1.4599 3.5441 -0.0479 0.5317 0.3655 0.7625
1341848016.6899 0.1130 -1.4635 3.5456 -0.0449 0.5301 0.3661 0.7635
1341848016.7578 0.1133 -1.4698 3.5538 -0.0461 0.5317 0.3654 0.7627
1341848016.8188 0.1005 -1.4763 3.5620 -0.0435 0.5330 0.3644 0.7624
1341848016.8508 0.0981 -1.4805 3.5663 -0.0433 0.5325 0.3647 0.7626
1341848016.8828 0.0916 -1.4840 3.5700 -0.0434 0.5332 0.3643 0.7623
1341848016.9189 0.0872 -1.4871 3.5752 -0.0427 0.5329 0.3665 0.7615
1341848016.9507 0.0839 -1.4909 3.5797 -0.0433 0.5325 0.3668 0.7616
1341848016.9867 0.0775 -1.4942 3.5833 -0.0447 0.5339 0.3656 0.7611
1341848017.0187 0.0731 -1.4979 3.5889 -0.0451 0.5356 0.3672 0.7591
1341848017.0508 0.0672 -1.5020 3.5919 -0.0447 0.5364 0.3681 0.7582
1341848017.0868 0.0627 -1.5050 3.5949 -0.0458 0.5383 0.3691 0.7562
1341848017.1186 0.0587 -1.5089 3.5980 -0.0462 0.5415 0.3701 0.7534
1341848017.1507 0.0517 -1.5124 3.6000 -0.0446 0.5452 0.3722 0.7498
1341848017.1869 0.0466 -1.5164 3.6030 -0.0437 0.5488 0.3747 0.7460
1341848017.2188 0.0432 -1.5207 3.6052 -0.0425 0.5528 0.3763 0.7423
1341848017.2547 0.0344 -1.5252 3.6062 -0.0399 0.5575 0.3768 0.7387
1341848017.2866 0.0290 -1.5292 3.6099 -0.0371 0.5619 0.3794 0.7342
1341848017.3187 0.0293 -1.5341 3.6126 -0.0330 0.5655 0.3797 0.7314
1341848017.3547 0.0145 -1.5397 3.6107 -0.0263 0.5707 0.3765 0.7293
1341848017.3868 0.0059 -1.5432 3.6130 -0.0242 0.5756 0.3783 0.7246
1341848017.4188 0.0003 -1.5481 3.6145 -0.0192 0.5794 0.3812 0.7202
1341848017.4548 -0.0117 -1.5500 3.6151 -0.0159 0.5820 0.3826 0.7174
1341848017.4867 -0.0130 -1.5547 3.6170 -0.0161 0.5848 0.3849 0.7139
1341848017.5227 -0.0206 -1.5578 3.6176 -0.0145 0.5882 0.3840 0.7116
1341848017.5548 -0.0281 -1.5603 3.6185 -0.0135 0.5921 0.3833 0.7087
1341848017.5878 -0.0320 -1.5624 3.6208 -0.0123 0.5952 0.3846 0.7054
1341848017.6227 -0.0367 -1.5663 3.6202 -0.0099 0.5981 0.3846 0.7030
1341848017.6548 -0.0430 -1.5675 3.6218 -0.0078 0.6014 0.3856 0.6996
1341848017.6868 -0.0409 -1.5720 3.6225 -0.0063 0.6043 0.3858 0.6971
1341848017.7228 -0.0528 -1.5745 3.6224 -0.0008 0.6081 0.3843 0.6946
1341848017.7548 -0.0527 -1.5772 3.6258 0.0014 0.6104 0.3867 0.6913
1341848017.7907 -0.0560 -1.5814 3.6254 0.0052 0.6121 0.3859 0.6902
1341848017.8228 -0.0637 -1.5840 3.6264 0.0080 0.6152 0.3842 0.6883
1341848017.8547 -0.0678 -1.5863 3.6293 0.0094 0.6171 0.3845 0.6865
1341848017.8907 -0.0722 -1.5892 3.6305 0.0106 0.6181 0.3846 0.6855
1341848017.9228 -0.0783 -1.5907 3.6319 0.0105 0.6196 0.3846 0.6841
1341848017.9586 -0.0779 -1.5932 3.6342 0.0088 0.6212 0.3850 0.6825
1341848017.9907 -0.0860 -1.5951 3.6362 0.0103 0.6228 0.3846 0.6813
1341848018.0227 -0.0879 -1.5957 3.6388 0.0090 0.6236 0.3870 0.6792
1341848018.0588 -0.0873 -1.5983 3.6390 0.0075 0.6255 0.3879 0.6769
1341848018.0909 -0.0926 -1.5994 3.6422 0.0071 0.6289 0.3873 0.6741
1341848018.1227 -0.0949 -1.6014 3.6462 0.0071 0.6305 0.3909 0.6705
1341848018.1591 -0.0926 -1.6042 3.6481 0.0084 0.6316 0.3944 0.6675
1341848018.1908 -0.0970 -1.6063 3.6498 0.0087 0.6343 0.3947 0.6647
1341848018.2267 -0.0966 -1.6090 3.6541 0.0070 0.6372 0.3958 0.6613
1341848018.2588 -0.0983 -1.6131 3.6588 0.0086 0.6393 0.3983 0.6577
1341848018.2907 -0.1014 -1.6167 3.6631 0.0101 0.6405 0.4015 0.6546
1341848018.3339 -0.1006 -1.6196 3.6660 0.0084 0.6423 0.4035 0.6516
1341848018.3672 -0.0991 -1.6241 3.6716 0.0063 0.6466 0.4030 0.6477
1341848018.3977 -0.1035 -1.6286 3.6788 0.0072 0.6500 0.4030 0.6442
1341848018.4338 -0.1059 -1.6332 3.6862 0.0100 0.6513 0.4083 0.6396
1341848018.4657 -0.1058 -1.6370 3.6932 0.0131 0.6519 0.4142 0.6350
1341848018.5018 -0.1069 -1.6409 3.6984 0.0140 0.6540 0.4165 0.6313
1341848018.5345 -0.1096 -1.6456 3.7074 0.0145 0.6575 0.4177 0.6269
1341848018.5658 -0.1117 -1.6495 3.7156 0.0149 0.6595 0.4199 0.6232
1341848018.6017 -0.1118 -1.6545 3.7217 0.0147 0.6618 0.4212 0.6200
1341848018.6337 -0.1163 -1.6588 3.7303 0.0143 0.6657 0.4214 0.6156
1341848018.6698 -0.1175 -1.6650 3.7410 0.0137 0.6682 0.4237 0.6114
1341848018.7018 -0.1208 -1.6699 3.7485 0.0137 0.6692 0.4264 0.6085
1341848018.7339 -0.1191 -1.6757 3.7558 0.0117 0.6713 0.4276 0.6053
1341848018.7697 -0.1227 -1.6836 3.7646 0.0110 0.6737 0.4274 0.6028
1341848018.8022 -0.1224 -1.6903 3.7740 0.0105 0.6751 0.4285 0.6005
1341848018.8338 -0.1210 -1.6959 3.7793 0.0104 0.6763 0.4282 0.5993
1341848018.8698 -0.1237 -1.7040 3.7866 0.0111 0.6791 0.4260 0.5976
1341848018.9020 -0.1283 -1.7116 3.7960 0.0131 0.6811 0.4262 0.5952
1341848018.9338 -0.1264 -1.7178 3.8036 0.0159 0.6811 0.4294 0.5928
1341848018.9697 -0.1317 -1.7248 3.8080 0.0180 0.6815 0.4296 0.5922
1341848019.0023 -0.1334 -1.7301 3.8143 0.0164 0.6832 0.4299 0.5901
1341848019.0698 -0.1365 -1.7436 3.8250 0.0166 0.6866 0.4288 0.5869
1341848019.1308 -0.1390 -1.7543 3.8354 0.0145 0.6909 0.4296 0.5813
1341848019.1627 -0.1436 -1.7602 3.8423 0.0151 0.6929 0.4310 0.5779
1341848019.1986 -0.1463 -1.7648 3.8478 0.0144 0.6946 0.4334 0.5740
1341848019.2311 -0.1448 -1.7700 3.8534 0.0125 0.6975 0.4349 0.5693
1341848019.2627 -0.1485 -1.7771 3.8617 0.0119 0.7008 0.4346 0.5655
1341848019.2987 -0.1549 -1.7822 3.8706 0.0112 0.7033 0.4362 0.5612
1341848019.3307 -0.1522 -1.7878 3.8773 0.0094 0.7055 0.4387 0.5564
1341848019.3627 -0.1584 -1.7954 3.8862 0.0094 0.7089 0.4382 0.5526
1341848019.3987 -0.1633 -1.8013 3.8965 0.0078 0.7118 0.4396 0.5477
1341848019.4310 -0.1614 -1.8077 3.9055 0.0066 0.7143 0.4408 0.5436
1341848019.4670 -0.1672 -1.8150 3.9140 0.0060 0.7177 0.4395 0.5401
1341848019.4988 -0.1677 -1.8219 3.9254 0.0055 0.7215 0.4395 0.5350
1341848019.5308 -0.1723 -1.8322 3.9365 0.0090 0.7240 0.4406 0.5307
1341848019.5671 -0.1770 -1.8383 3.9490 0.0115 0.7256 0.4427 0.5266
1341848019.5987 -0.1752 -1.8448 3.9585 0.0117 0.7269 0.4439 0.5239
1341848019.6307 -0.1811 -1.8518 3.9702 0.0120 0.7296 0.4431 0.5208
1341848019.6669 -0.1829 -1.8605 3.9843 0.0122 0.7309 0.4452 0.5171
1341848019.6987 -0.1825 -1.8644 3.9935 0.0129 0.7308 0.4474 0.5155
1341848019.7348 -0.1839 -1.8685 4.0014 0.0116 0.7327 0.4476 0.5126
1341848019.7667 -0.1838 -1.8759 4.0108 0.0097 0.7352 0.4476 0.5090
1341848019.7987 -0.1861 -1.8829 4.0206 0.0104 0.7367 0.4486 0.5060
1341848019.8347 -0.1870 -1.8874 4.0264 0.0114 0.7379 0.4501 0.5028
1341848019.8988 -0.1884 -1.8984 4.0400 0.0129 0.7426 0.4516 0.4944
1341848019.9348 -0.1898 -1.9022 4.0477 0.0152 0.7443 0.4543 0.4892
1341848019.9667 -0.1882 -1.9051 4.0520 0.0168 0.7458 0.4574 0.4841
1341848020.0028 -0.1872 -1.9078 4.0566 0.0168 0.7485 0.4584 0.4788
1341848020.0347 -0.1880 -1.9129 4.0635 0.0159 0.7520 0.4586 0.4733
1341848020.0667 -0.1860 -1.9193 4.0707 0.0168 0.7537 0.4613 0.4677
1341848020.1028 -0.1853 -1.9222 4.0761 0.0186 0.7552 0.4631 0.4637
1341848020.1348 -0.1843 -1.9225 4.0807 0.0171 0.7578 0.4631 0.4593
1341848020.1708 -0.1813 -1.9291 4.0867 0.0151 0.7611 0.4629 0.4541
1341848020.2027 -0.1821 -1.9346 4.0940 0.0151 0.7635 0.4632 0.4498
1341848020.2349 -0.1792 -1.9372 4.0993 0.0145 0.7657 0.4646 0.4446
1341848020.2712 -0.1736 -1.9408 4.1029 0.0139 0.7685 0.4650 0.4394
1341848020.3028 -0.1730 -1.9475 4.1106 0.0143 0.7716 0.4647 0.4342
1341848020.3349 -0.1705 -1.9526 4.1166 0.0150 0.7739 0.4658 0.4288
1341848020.3708 -0.1637 -1.9539 4.1204 0.0159 0.7765 0.4667 0.4229
1341848020.4388 -0.1554 -1.9611 4.1322 0.0167 0.7830 0.4657 0.4120
1341848020.4712 -0.1486 -1.9645 4.1359 0.0169 0.7870 0.4642 0.4059
1341848020.5027 -0.1483 -1.9740 4.1454 0.0191 0.7911 0.4629 0.3995
1341848020.5387 -0.1452 -1.9800 4.1542 0.0217 0.7935 0.4647 0.3924
1341848020.5708 -0.1398 -1.9837 4.1598 0.0244 0.7952 0.4665 0.3865
1341848020.6028 -0.1394 -1.9905 4.1687 0.0261 0.7969 0.4683 0.3807
1341848020.6389 -0.1348 -1.9962 4.1771 0.0275 0.7974 0.4726 0.3743
1341848020.6708 -0.1249 -1.9960 4.1806 0.0288 0.7980 0.4750 0.3698
1341848020.7067 -0.1255 -2.0009 4.1884 0.0278 0.7999 0.4746 0.3663
1341848020.7390 -0.1190 -2.0062 4.1942 0.0262 0.8005 0.4776 0.3610
1341848020.7708 -0.1111 -2.0115 4.1999 0.0282 0.8004 0.4805 0.3573
1341848020.8072 -0.1090 -2.0140 4.2056 0.0294 0.8006 0.4819 0.3549
1341848020.8391 -0.1011 -2.0164 4.2084 0.0278 0.8012 0.4836 0.3513
1341848020.8710 -0.0949 -2.0223 4.2116 0.0277 0.8022 0.4837 0.3489
1341848020.9066 -0.0938 -2.0309 4.2206 0.0290 0.8031 0.4845 0.3457
1341848020.9388 -0.0856 -2.0311 4.2228 0.0294 0.8032 0.4865 0.3426
1341848020.9749 -0.0798 -2.0336 4.2242 0.0291 0.8047 0.4857 0.3402
1341848021.0066 -0.0777 -2.0427 4.2320 0.0285 0.8063 0.4853 0.3370
1341848021.0396 -0.0717 -2.0463 4.2371 0.0291 0.8068 0.4872 0.3329
1341848021.0748 -0.0637 -2.0487 4.2404 0.0302 0.8075 0.4887 0.3290
1341848021.1067 -0.0604 -2.0493 4.2444 0.0294 0.8088 0.4884 0.3264
1341848021.1428 -0.0530 -2.0542 4.2498 0.0274 0.8105 0.4890 0.3214
1341848021.1750 -0.0453 -2.0586 4.2547 0.0275 0.8116 0.4897 0.3173
1341848021.2067 -0.0402 -2.0618 4.2620 0.0282 0.8129 0.4904 0.3130
1341848021.2427 -0.0316 -2.0595 4.2612 0.0268 0.8146 0.4902 0.3089
1341848021.2749 -0.0247 -2.0675 4.2696 0.0257 0.8177 0.4890 0.3026
1341848021.3073 -0.0169 -2.0717 4.2747 0.0271 0.8197 0.4888 0.2973
1341848021.3434 -0.0079 -2.0714 4.2766 0.0280 0.8226 0.4874 0.2915
1341848021.3848 -0.0004 -2.0773 4.2799 0.0281 0.8267 0.4844 0.2848
1341848021.4143 0.0054 -2.0882 4.2892 0.0300 0.8304 0.4826 0.2768
1341848021.4557 0.0158 -2.0925 4.2927 0.0337 0.8329 0.4827 0.2688
1341848021.4879 0.0219 -2.0989 4.2989 0.0371 0.8360 0.4807 0.2619
1341848021.5147 0.0292 -2.1077 4.3068 0.0397 0.8382 0.4805 0.2551
1341848021.5508 0.0370 -2.1145 4.3149 0.0423 0.8393 0.4811 0.2495
1341848021.6178 0.0542 -2.1203 4.3257 0.0370 0.8426 0.4793 0.2429
1341848021.6788 0.0738 -2.1284 4.3352 0.0297 0.8456 0.4782 0.2353
1341848021.7107 0.0802 -2.1357 4.3446 0.0300 0.8466 0.4781 0.2319
1341848021.7428 0.0886 -2.1361 4.3485 0.0304 0.8467 0.4799 0.2279
1341848021.7787 0.0976 -2.1385 4.3511 0.0307 0.8473 0.4808 0.2236
1341848021.8109 0.1046 -2.1411 4.3570 0.0295 0.8478 0.4818 0.2195
1341848021.8446 0.1145 -2.1404 4.3566 0.0266 0.8483 0.4832 0.2148
1341848021.8789 0.1256 -2.1444 4.3597 0.0251 0.8495 0.4831 0.2104
1341848021.9106 0.1358 -2.1459 4.3619 0.0243 0.8505 0.4829 0.2072
1341848021.9467 0.1466 -2.1459 4.3618 0.0233 0.8517 0.4822 0.2037
1341848021.9787 0.1573 -2.1501 4.3642 0.0225 0.8536 0.4805 0.2000
1341848022.0108 0.1668 -2.1529 4.3677 0.0212 0.8552 0.4790 0.1967
1341848022.0467 0.1769 -2.1547 4.3680 0.0210 0.8563 0.4788 0.1926
1341848022.0787 0.1876 -2.1567 4.3696 0.0207 0.8575 0.4783 0.1882
1341848022.1110 0.1978 -2.1561 4.3695 0.0189 0.8588 0.4778 0.1839
1341848022.1467 0.2106 -2.1574 4.3682 0.0181 0.8601 0.4775 0.1789
1341848022.1790 0.2214 -2.1583 4.3671 0.0172 0.8616 0.4762 0.1748
1341848022.2148 0.2326 -2.1576 4.3651 0.0165 0.8632 0.4752 0.1700
1341848022.2468 0.2435 -2.1584 4.3608 0.0165 0.8652 0.4735 0.1640
1341848022.2788 0.2510 -2.1641 4.3639 0.0205 0.8668 0.4728 0.1573
1341848022.3148 0.2639 -2.1636 4.3596 0.0253 0.8671 0.4743 0.1502
1341848022.3541 0.2737 -2.1637 4.3540 0.0264 0.8686 0.4731 0.1447
1341848022.3872 0.2815 -2.1683 4.3563 0.0271 0.8706 0.4715 0.1378
1341848022.4178 0.2955 -2.1682 4.3491 0.0295 0.8712 0.4721 0.1313
1341848022.4542 0.3038 -2.1709 4.3451 0.0305 0.8731 0.4697 0.1274
1341848022.4856 0.3102 -2.1756 4.3448 0.0304 0.8749 0.4677 0.1222
1341848022.5217 0.3222 -2.1788 4.3409 0.0317 0.8755 0.4679 0.1164
1341848022.5542 0.3315 -2.1807 4.3366 0.0342 0.8764 0.4670 0.1124
1341848022.5861 0.3357 -2.1844 4.3349 0.0334 0.8776 0.4657 0.1089
1341848022.6218 0.3482 -2.1853 4.3293 0.0320 0.8785 0.4656 0.1022
1341848022.6542 0.3581 -2.1887 4.3243 0.0337 0.8798 0.4639 0.0978
1341848022.6903 0.3613 -2.1933 4.3271 0.0356 0.8805 0.4634 0.0929
1341848022.7217 0.3687 -2.1927 4.3234 0.0351 0.8799 0.4662 0.0854
1341848022.7830 0.3859 -2.1952 4.3205 0.0358 0.8802 0.4674 0.0744
1341848022.8148 0.3921 -2.1940 4.3167 0.0330 0.8784 0.4721 0.0665
1341848022.8508 0.4102 -2.1901 4.3091 0.0305 0.8782 0.4737 0.0587
1341848022.8827 0.4105 -2.1915 4.3151 0.0297 0.8779 0.4749 0.0542
1341848022.9188 0.4168 -2.1886 4.3129 0.0239 0.8736 0.4841 0.0439
1341848022.9508 0.4357 -2.1810 4.2884 0.0167 0.8716 0.4886 0.0348
1341848022.9827 0.4371 -2.1835 4.2935 0.0108 0.8758 0.4817 0.0293
1341848023.0188 0.4441 -2.1876 4.2980 0.0065 0.8743 0.4850 0.0179
1341848023.0508 0.4605 -2.1855 4.2868 0.0085 0.8715 0.4902 0.0066
1341848023.0827 0.4689 -2.1850 4.2830 0.0130 0.8717 0.4898 -0.0000
1341848023.1188 0.4754 -2.1839 4.2834 0.0135 0.8711 0.4909 -0.0084
1341848023.1510 0.4888 -2.1803 4.2751 0.0126 0.8701 0.4924 -0.0184
1341848023.1867 0.4981 -2.1826 4.2798 0.0136 0.8708 0.4908 -0.0257
1341848023.2187 0.5072 -2.1828 4.2823 0.0154 0.8681 0.4951 -0.0340
1341848023.2868 0.5278 -2.1740 4.2767 0.0137 0.8626 0.5035 -0.0468
1341848023.3188 0.5339 -2.1713 4.2751 0.0077 0.8606 0.5067 -0.0509
1341848023.3548 0.5459 -2.1674 4.2730 0.0028 0.8586 0.5094 -0.0582
1341848023.3869 0.5583 -2.1630 4.2703 0.0008 0.8571 0.5113 -0.0632
1341848023.4187 0.5656 -2.1613 4.2700 0.0008 0.8555 0.5134 -0.0675
1341848023.4547 0.5738 -2.1564 4.2670 0.0022 0.8532 0.5163 -0.0736
1341848023.4871 0.5832 -2.1508 4.2624 0.0031 0.8520 0.5176 -0.0783
1341848023.5187 0.5876 -2.1478 4.2583 0.0021 0.8512 0.5185 -0.0818
1341848023.5551 0.5946 -2.1438 4.2542 -0.0007 0.8508 0.5182 -0.0874
1341848023.5868 0.6053 -2.1396 4.2478 -0.0017 0.8508 0.5175 -0.0919
1341848023.6228 0.6108 -2.1381 4.2443 0.0002 0.8511 0.5162 -0.0960
1341848023.6872 0.6244 -2.1328 4.2336 -0.0008 0.8510 0.5142 -0.1067
1341848023.7227 0.6324 -2.1293 4.2278 0.0009 0.8513 0.5126 -0.1121
1341848023.7547 0.6367 -2.1283 4.2248 0.0019 0.8510 0.5124 -0.1156
1341848023.7869 0.6415 -2.1218 4.2144 0.0003 0.8500 0.5128 -0.1203
1341848023.8228 0.6492 -2.1198 4.2096 -0.0016 0.8504 0.5109 -0.1257
1341848023.8548 0.6549 -2.1149 4.2024 -0.0016 0.8495 0.5113 -0.1300
1341848023.8907 0.6600 -2.1099 4.1933 -0.0018 0.8488 0.5112 -0.1348
1341848023.9228 0.6653 -2.1042 4.1827 -0.0030 0.8487 0.5101 -0.1396
1341848023.9548 0.6697 -2.1023 4.1742 -0.0029 0.8489 0.5083 -0.1451
1341848023.9907 0.6754 -2.1016 4.1693 0.0005 0.8479 0.5078 -0.1522
1341848024.0227 0.6818 -2.0956 4.1595 0.0052 0.8459 0.5091 -0.1588
1341848024.0547 0.6872 -2.0902 4.1487 0.0080 0.8452 0.5090 -0.1630
1341848024.1228 0.6957 -2.0868 4.1361 0.0138 0.8434 0.5085 -0.1727
1341848024.1588 0.7017 -2.0792 4.1252 0.0163 0.8422 0.5089 -0.1775
1341848024.1909 0.7028 -2.0784 4.1186 0.0182 0.8424 0.5077 -0.1797
1341848024.2228 0.7053 -2.0768 4.1156 0.0184 0.8408 0.5086 -0.1846
1341848024.2588 0.7109 -2.0682 4.1041 0.0186 0.8383 0.5103 -0.1909
1341848024.2908 0.7150 -2.0650 4.1005 0.0202 0.8380 0.5095 -0.1942
1341848024.3227 0.7162 -2.0621 4.0945 0.0197 0.8355 0.5124 -0.1973
1341848024.3587 0.7204 -2.0561 4.0849 0.0173 0.8335 0.5139 -0.2019
1341848024.3909 0.7241 -2.0530 4.0784 0.0156 0.8329 0.5136 -0.2057
1341848024.4268 0.7292 -2.0491 4.0744 0.0151 0.8316 0.5139 -0.2102
1341848024.4588 0.7326 -2.0450 4.0669 0.0151 0.8298 0.5153 -0.2137
1341848024.4910 0.7358 -2.0426 4.0636 0.0148 0.8285 0.5157 -0.2176
1341848024.5268 0.7418 -2.0375 4.0588 0.0130 0.8264 0.5173 -0.2219
1341848024.5586 0.7480 -2.0314 4.0516 0.0121 0.8249 0.5184 -0.2253
1341848024.5947 0.7518 -2.0300 4.0493 0.0124 0.8238 0.5187 -0.2282
1341848024.6267 0.7569 -2.0262 4.0443 0.0109 0.8213 0.5209 -0.2324
1341848024.6587 0.7640 -2.0183 4.0376 0.0098 0.8197 0.5212 -0.2372
1341848024.6948 0.7702 -2.0158 4.0365 0.0109 0.8187 0.5209 -0.2413
1341848024.7271 0.7772 -2.0100 4.0313 0.0113 0.8159 0.5233 -0.2456
1341848024.7589 0.7835 -2.0036 4.0230 0.0111 0.8144 0.5238 -0.2496
1341848024.7947 0.7904 -2.0030 4.0217 0.0106 0.8140 0.5225 -0.2534
1341848024.8267 0.8001 -1.9961 4.0167 0.0098 0.8125 0.5225 -0.2583
1341848024.8628 0.8096 -1.9907 4.0112 0.0119 0.8121 0.5209 -0.2627
1341848024.8948 0.8187 -1.9904 4.0095 0.0151 0.8118 0.5195 -0.2662
1341848024.9268 0.8277 -1.9861 4.0047 0.0169 0.8107 0.5188 -0.2708
1341848024.9627 0.8384 -1.9835 4.0020 0.0191 0.8108 0.5167 -0.2743
1341848024.9947 0.8480 -1.9848 4.0031 0.0219 0.8098 0.5166 -0.2773
1341848025.0269 0.8567 -1.9801 3.9974 0.0236 0.8071 0.5186 -0.2814
1341848025.0626 0.8651 -1.9780 3.9943 0.0229 0.8067 0.5178 -0.2839
1341848025.1311 0.8852 -1.9702 3.9884 0.0204 0.8033 0.5186 -0.2921
1341848025.1631 0.8949 -1.9669 3.9855 0.0226 0.8030 0.5170 -0.2956
1341848025.1949 0.9028 -1.9677 3.9851 0.0244 0.8016 0.5175 -0.2984
1341848025.2306 0.9109 -1.9629 3.9791 0.0251 0.7995 0.5181 -0.3029
1341848025.2627 0.9205 -1.9591 3.9756 0.0262 0.7995 0.5162 -0.3060
1341848025.2947 0.9281 -1.9592 3.9745 0.0272 0.7988 0.5162 -0.3078
1341848025.3307 0.9355 -1.9561 3.9687 0.0259 0.7972 0.5171 -0.3105
1341848025.3630 0.9440 -1.9533 3.9650 0.0248 0.7971 0.5160 -0.3128
1341848025.3988 0.9510 -1.9533 3.9635 0.0264 0.7963 0.5159 -0.3147
1341848025.4307 0.9565 -1.9525 3.9576 0.0267 0.7943 0.5177 -0.3169
1341848025.4628 0.9622 -1.9512 3.9533 0.0245 0.7936 0.5173 -0.3194
1341848025.4987 0.9695 -1.9496 3.9511 0.0225 0.7930 0.5169 -0.3217
1341848025.5308 0.9756 -1.9462 3.9465 0.0228 0.7915 0.5174 -0.3245
1341848025.5668 0.9804 -1.9442 3.9426 0.0227 0.7905 0.5175 -0.3269
1341848025.5987 0.9863 -1.9417 3.9396 0.0211 0.7896 0.5174 -0.3292
1341848025.6307 0.9922 -1.9388 3.9367 0.0212 0.7886 0.5173 -0.3317
1341848025.6667 0.9968 -1.9364 3.9332 0.0220 0.7875 0.5175 -0.3340
1341848025.6988 1.0015 -1.9357 3.9316 0.0215 0.7860 0.5180 -0.3368
1341848025.7307 1.0062 -1.9306 3.9258 0.0197 0.7841 0.5192 -0.3394
1341848025.7667 1.0112 -1.9266 3.9214 0.0186 0.7837 0.5183 -0.3418
1341848025.7989 1.0166 -1.9252 3.9197 0.0195 0.7833 0.5170 -0.3446
1341848025.8348 1.0213 -1.9210 3.9143 0.0208 0.7819 0.5171 -0.3476
1341848025.8667 1.0260 -1.9180 3.9103 0.0226 0.7818 0.5155 -0.3501
1341848025.8987 1.0314 -1.9159 3.9081 0.0246 0.7811 0.5146 -0.3528
1341848025.9348 1.0353 -1.9123 3.9029 0.0259 0.7797 0.5148 -0.3556
1341848025.9671 1.0410 -1.9093 3.9000 0.0267 0.7792 0.5135 -0.3584
1341848025.9987 1.0465 -1.9054 3.8974 0.0281 0.7776 0.5137 -0.3615
1341848026.0346 1.0509 -1.9002 3.8904 0.0295 0.7757 0.5140 -0.3649
1341848026.0669 1.0564 -1.8976 3.8868 0.0304 0.7755 0.5121 -0.3680
1341848026.1028 1.0633 -1.8947 3.8850 0.0316 0.7740 0.5116 -0.3719
1341848026.1347 1.0687 -1.8885 3.8774 0.0344 0.7717 0.5118 -0.3760
1341848026.1667 1.0752 -1.8866 3.8753 0.0380 0.7716 0.5098 -0.3786
1341848026.2028 1.0806 -1.8839 3.8732 0.0395 0.7694 0.5105 -0.3818
1341848026.2349 1.0865 -1.8786 3.8666 0.0411 0.7668 0.5111 -0.3861
1341848026.2670 1.0937 -1.8758 3.8657 0.0449 0.7659 0.5098 -0.3892
1341848026.3029 1.0976 -1.8713 3.8611 0.0480 0.7629 0.5118 -0.3922
1341848026.3348 1.1009 -1.8676 3.8558 0.0487 0.7614 0.5117 -0.3951
1341848026.3710 1.1073 -1.8648 3.8531 0.0487 0.7608 0.5104 -0.3979
1341848026.4027 1.1127 -1.8611 3.8491 0.0503 0.7596 0.5097 -0.4008
1341848026.4347 1.1170 -1.8578 3.8442 0.0523 0.7589 0.5082 -0.4038
1341848026.4708 1.1219 -1.8556 3.8418 0.0530 0.7590 0.5062 -0.4060
1341848026.5027 1.1264 -1.8527 3.8377 0.0532 0.7580 0.5051 -0.4092
1341848026.5347 1.1316 -1.8501 3.8327 0.0527 0.7573 0.5038 -0.4122
1341848026.5708 1.1370 -1.8477 3.8282 0.0514 0.7573 0.5027 -0.4136
1341848026.6027 1.1432 -1.8453 3.8258 0.0492 0.7574 0.5019 -0.4147
1341848026.6420 1.1490 -1.8420 3.8208 0.0489 0.7563 0.5017 -0.4171
1341848026.7028 1.1609 -1.8367 3.8115 0.0479 0.7562 0.5001 -0.4192
1341848026.7388 1.1689 -1.8344 3.8085 0.0467 0.7562 0.4995 -0.4201
1341848026.7708 1.1772 -1.8314 3.8045 0.0468 0.7554 0.5000 -0.4208
1341848026.8067 1.1852 -1.8286 3.8010 0.0471 0.7547 0.5008 -0.4212
1341848026.8387 1.1926 -1.8257 3.7971 0.0466 0.7543 0.5020 -0.4206
1341848026.8780 1.2015 -1.8230 3.7942 0.0453 0.7536 0.5029 -0.4208
1341848026.9389 1.2211 -1.8165 3.7854 0.0436 0.7527 0.5046 -0.4206
1341848026.9707 1.2321 -1.8142 3.7836 0.0434 0.7529 0.5049 -0.4198
1341848027.0068 1.2412 -1.8116 3.7808 0.0428 0.7524 0.5060 -0.4196
1341848027.0387 1.2529 -1.8090 3.7766 0.0432 0.7520 0.5051 -0.4212
1341848027.0748 1.2643 -1.8082 3.7774 0.0439 0.7524 0.5047 -0.4211
1341848027.1067 1.2728 -1.8058 3.7731 0.0450 0.7506 0.5054 -0.4232
1341848027.1387 1.2833 -1.8048 3.7690 0.0451 0.7511 0.5030 -0.4251
1341848027.1748 1.2959 -1.8051 3.7689 0.0440 0.7520 0.5013 -0.4258
1341848027.2072 1.3064 -1.8043 3.7671 0.0444 0.7514 0.5003 -0.4279
1341848027.2387 1.3174 -1.8033 3.7643 0.0446 0.7509 0.4988 -0.4305
1341848027.2747 1.3289 -1.8034 3.7632 0.0444 0.7512 0.4977 -0.4313
1341848027.3067 1.3395 -1.8031 3.7615 0.0446 0.7510 0.4965 -0.4330
1341848027.3428 1.3506 -1.8022 3.7586 0.0450 0.7512 0.4949 -0.4345
1341848027.3749 1.3613 -1.8021 3.7556 0.0457 0.7524 0.4927 -0.4349
1341848027.4068 1.3725 -1.8018 3.7545 0.0454 0.7540 0.4907 -0.4344
1341848027.4430 1.3827 -1.8008 3.7502 0.0451 0.7553 0.4889 -0.4341
1341848027.4748 1.3945 -1.8009 3.7488 0.0441 0.7580 0.4863 -0.4325
1341848027.5067 1.4063 -1.8000 3.7459 0.0433 0.7601 0.4845 -0.4309
1341848027.5433 1.4153 -1.7995 3.7432 0.0435 0.7623 0.4831 -0.4286
1341848027.5747 1.4248 -1.7993 3.7415 0.0426 0.7646 0.4816 -0.4261
1341848027.6107 1.4339 -1.7987 3.7396 0.0416 0.7660 0.4810 -0.4245
1341848027.6427 1.4425 -1.7973 3.7359 0.0413 0.7671 0.4805 -0.4231
1341848027.6747 1.4508 -1.7967 3.7349 0.0408 0.7683 0.4803 -0.4212
1341848027.7110 1.4579 -1.7945 3.7311 0.0410 0.7681 0.4808 -0.4210
1341848027.7428 1.4644 -1.7920 3.7262 0.0409 0.7684 0.4812 -0.4198
1341848027.7788 1.4706 -1.7900 3.7219 0.0398 0.7696 0.4814 -0.4176
1341848027.8107 1.4789 -1.7880 3.7187 0.0387 0.7704 0.4814 -0.4162
1341848027.8428 1.4861 -1.7854 3.7144 0.0381 0.7703 0.4829 -0.4146
1341848027.8787 1.4908 -1.7816 3.7089 0.0377 0.7708 0.4842 -0.4123
1341848027.9111 1.4972 -1.7792 3.7050 0.0363 0.7718 0.4848 -0.4099
1341848027.9427 1.5026 -1.7758 3.7013 0.0348 0.7719 0.4865 -0.4078
1341848027.9788 1.5074 -1.7718 3.6923 0.0334 0.7723 0.4874 -0.4060
1341848028.0110 1.5134 -1.7700 3.6890 0.0317 0.7742 0.4866 -0.4036
1341848028.0467 1.5187 -1.7668 3.6833 0.0306 0.7745 0.4868 -0.4029
1341848028.0790 1.5248 -1.7635 3.6746 0.0308 0.7754 0.4857 -0.4024
1341848028.1110 1.5300 -1.7617 3.6707 0.0319 0.7773 0.4841 -0.4006
1341848028.1506 1.5315 -1.7589 3.6650 0.0331 0.7777 0.4834 -0.4005
1341848028.1860 1.5359 -1.7563 3.6545 0.0328 0.7783 0.4819 -0.4011
1341848028.2542 1.5450 -1.7494 3.6456 0.0338 0.7794 0.4794 -0.4020
1341848028.3149 1.5524 -1.7434 3.6326 0.0339 0.7803 0.4765 -0.4037
1341848028.3790 1.5613 -1.7358 3.6169 0.0347 0.7795 0.4745 -0.4074
1341848028.4146 1.5657 -1.7329 3.6089 0.0353 0.7797 0.4730 -0.4086
1341848028.4476 1.5697 -1.7294 3.6025 0.0349 0.7797 0.4718 -0.4103
1341848028.4828 1.5766 -1.7259 3.5945 0.0353 0.7797 0.4700 -0.4121
1341848028.5147 1.5837 -1.7228 3.5903 0.0383 0.7799 0.4687 -0.4131
1341848028.5466 1.5884 -1.7189 3.5784 0.0396 0.7786 0.4701 -0.4138
1341848028.5827 1.5953 -1.7163 3.5719 0.0387 0.7791 0.4693 -0.4139
1341848028.6146 1.6029 -1.7126 3.5671 0.0394 0.7791 0.4694 -0.4137
1341848028.6538 1.6090 -1.7078 3.5561 0.0400 0.7783 0.4705 -0.4138
1341848028.7218 1.6219 -1.7014 3.5424 0.0406 0.7786 0.4701 -0.4137
1341848028.7829 1.6333 -1.6939 3.5257 0.0422 0.7786 0.4694 -0.4144
1341848028.8148 1.6391 -1.6906 3.5197 0.0417 0.7789 0.4692 -0.4140
1341848028.8508 1.6454 -1.6863 3.5119 0.0416 0.7793 0.4686 -0.4140
1341848028.8827 1.6521 -1.6838 3.5076 0.0429 0.7798 0.4683 -0.4132
1341848028.9148 1.6585 -1.6801 3.5000 0.0447 0.7789 0.4695 -0.4134
1341848028.9509 1.6636 -1.6767 3.4936 0.0460 0.7783 0.4707 -0.4131
1341848028.9827 1.6681 -1.6735 3.4852 0.0462 0.7776 0.4720 -0.4127
1341848029.0187 1.6724 -1.6706 3.4786 0.0445 0.7775 0.4728 -0.4122
1341848029.0829 1.6826 -1.6630 3.4672 0.0412 0.7773 0.4724 -0.4135
1341848029.1188 1.6875 -1.6603 3.4625 0.0422 0.7768 0.4726 -0.4140
1341848029.1507 1.6915 -1.6563 3.4573 0.0417 0.7758 0.4739 -0.4145
1341848029.1827 1.6965 -1.6521 3.4516 0.0404 0.7743 0.4754 -0.4158
1341848029.2187 1.7018 -1.6489 3.4464 0.0396 0.7733 0.4765 -0.4165
1341848029.2506 1.7066 -1.6453 3.4413 0.0380 0.7725 0.4776 -0.4168
1341848029.2870 1.7118 -1.6422 3.4370 0.0354 0.7716 0.4782 -0.4179
1341848029.3202 1.7185 -1.6387 3.4326 0.0339 0.7700 0.4786 -0.4205
1341848029.3510 1.7244 -1.6349 3.4240 0.0349 0.7690 0.4783 -0.4227
1341848029.3869 1.7310 -1.6326 3.4216 0.0348 0.7693 0.4770 -0.4236
1341848029.4188 1.7374 -1.6303 3.4178 0.0341 0.7679 0.4772 -0.4260
1341848029.4508 1.7441 -1.6273 3.4126 0.0341 0.7672 0.4760 -0.4285
1341848029.4868 1.7521 -1.6257 3.4082 0.0337 0.7666 0.4752 -0.4305
1341848029.5189 1.7593 -1.6225 3.4047 0.0323 0.7658 0.4740 -0.4334
1341848029.5547 1.7685 -1.6211 3.3987 0.0327 0.7650 0.4721 -0.4369
1341848029.5870 1.7783 -1.6190 3.3963 0.0339 0.7654 0.4695 -0.4389
1341848029.6187 1.7877 -1.6173 3.3928 0.0350 0.7640 0.4684 -0.4424
1341848029.6553 1.7953 -1.6149 3.3861 0.0359 0.7622 0.4674 -0.4464
1341848029.6868 1.8048 -1.6136 3.3834 0.0361 0.7620 0.4655 -0.4487
1341848029.7188 1.8148 -1.6120 3.3813 0.0361 0.7600 0.4652 -0.4523
1341848029.7548 1.8226 -1.6090 3.3747 0.0367 0.7578 0.4650 -0.4562
1341848029.7869 1.8320 -1.6073 3.3729 0.0370 0.7576 0.4630 -0.4585
1341848029.8228 1.8416 -1.6052 3.3701 0.0372 0.7558 0.4630 -0.4616
1341848029.8548 1.8500 -1.6028 3.3655 0.0374 0.7539 0.4626 -0.4650
1341848029.8880 1.8589 -1.6015 3.3625 0.0388 0.7527 0.4613 -0.4681
1341848029.9228 1.8677 -1.5985 3.3617 0.0394 0.7515 0.4608 -0.4706
1341848029.9546 1.8744 -1.5952 3.3573 0.0400 0.7492 0.4610 -0.4740
1341848029.9908 1.8830 -1.5935 3.3544 0.0401 0.7479 0.4601 -0.4768
1341848030.0229 1.8926 -1.5913 3.3520 0.0404 0.7463 0.4601 -0.4794
1341848030.0548 1.8987 -1.5875 3.3480 0.0406 0.7446 0.4603 -0.4817
1341848030.0908 1.9053 -1.5843 3.3447 0.0403 0.7433 0.4597 -0.4843
1341848030.1228 1.9128 -1.5820 3.3431 0.0394 0.7421 0.4594 -0.4865
1341848030.1549 1.9184 -1.5791 3.3398 0.0399 0.7404 0.4594 -0.4891
1341848030.1907 1.9241 -1.5762 3.3366 0.0396 0.7389 0.4592 -0.4916
1341848030.2227 1.9293 -1.5742 3.3320 0.0391 0.7364 0.4596 -0.4950
1341848030.2589 1.9349 -1.5717 3.3290 0.0379 0.7342 0.4596 -0.4983
1341848030.2909 1.9401 -1.5679 3.3255 0.0381 0.7319 0.4596 -0.5016
1341848030.3228 1.9455 -1.5654 3.3220 0.0379 0.7300 0.4599 -0.5041
1341848030.3589 1.9505 -1.5614 3.3187 0.0376 0.7270 0.4607 -0.5078
1341848030.3908 1.9539 -1.5585 3.3125 0.0374 0.7246 0.4608 -0.5111
1341848030.4228 1.9606 -1.5552 3.3108 0.0369 0.7227 0.4607 -0.5139
1341848030.4589 1.9633 -1.5507 3.3046 0.0375 0.7205 0.4606 -0.5171
1341848030.4908 1.9698 -1.5476 3.3018 0.0366 0.7192 0.4607 -0.5188
1341848030.5267 1.9725 -1.5420 3.2973 0.0367 0.7173 0.4608 -0.5214
1341848030.5658 1.9764 -1.5380 3.2926 0.0366 0.7158 0.4596 -0.5244
1341848030.6270 1.9858 -1.5302 3.2832 0.0378 0.7122 0.4574 -0.5311
1341848030.6589 1.9884 -1.5255 3.2777 0.0394 0.7112 0.4554 -0.5341
1341848030.6907 1.9941 -1.5227 3.2713 0.0407 0.7106 0.4530 -0.5368
1341848030.7268 1.9993 -1.5186 3.2657 0.0411 0.7092 0.4514 -0.5400
1341848030.7588 2.0025 -1.5144 3.2587 0.0415 0.7075 0.4492 -0.5440
1341848030.7947 2.0083 -1.5116 3.2531 0.0409 0.7063 0.4467 -0.5477
1341848030.8275 2.0137 -1.5077 3.2463 0.0408 0.7051 0.4441 -0.5513
1341848030.8598 2.0218 -1.5055 3.2399 0.0426 0.7040 0.4405 -0.5555
1341848030.8947 2.0284 -1.5024 3.2336 0.0471 0.7021 0.4373 -0.5600
1341848030.9267 2.0319 -1.4982 3.2252 0.0506 0.7010 0.4342 -0.5635
1341848030.9587 2.0366 -1.4963 3.2167 0.0505 0.7004 0.4314 -0.5663
1341848030.9947 2.0445 -1.4941 3.2105 0.0499 0.6990 0.4279 -0.5708
1341848031.0267 2.0517 -1.4908 3.2023 0.0521 0.6986 0.4246 -0.5736
1341848031.0628 2.0578 -1.4874 3.1948 0.0550 0.6989 0.4209 -0.5756
1341848031.0948 2.0648 -1.4853 3.1877 0.0574 0.6978 0.4185 -0.5784
1341848031.1268 2.0698 -1.4820 3.1786 0.0593 0.6974 0.4169 -0.5799
1341848031.1629 2.0770 -1.4789 3.1717 0.0610 0.6982 0.4148 -0.5803
1341848031.1947 2.0832 -1.4771 3.1646 0.0625 0.6976 0.4140 -0.5814
1341848031.2310 2.0876 -1.4721 3.1584 0.0636 0.6970 0.4135 -0.5824
1341848031.2627 2.0940 -1.4709 3.1517 0.0652 0.6969 0.4129 -0.5828
1341848031.2947 2.1000 -1.4680 3.1458 0.0681 0.6957 0.4132 -0.5837
1341848031.3308 2.1009 -1.4633 3.1374 0.0697 0.6945 0.4134 -0.5848
1341848031.3630 2.1047 -1.4619 3.1316 0.0689 0.6942 0.4126 -0.5857
1341848031.3948 2.1094 -1.4601 3.1265 0.0673 0.6935 0.4124 -0.5870
1341848031.4306 2.1129 -1.4572 3.1210 0.0663 0.6924 0.4116 -0.5889
1341848031.4722 2.1173 -1.4575 3.1155 0.0653 0.6917 0.4109 -0.5903
1341848031.5021 2.1218 -1.4553 3.1115 0.0633 0.6900 0.4116 -0.5920
1341848031.5629 2.1314 -1.4535 3.1031 0.0610 0.6871 0.4097 -0.5969
1341848031.5987 2.1352 -1.4514 3.0988 0.0610 0.6845 0.4094 -0.6001
1341848031.6308 2.1391 -1.4502 3.0948 0.0607 0.6831 0.4084 -0.6024
1341848031.6628 2.1447 -1.4494 3.0919 0.0595 0.6820 0.4073 -0.6045
1341848031.6988 2.1498 -1.4469 3.0890 0.0585 0.6803 0.4063 -0.6073
1341848031.7307 2.1525 -1.4448 3.0844 0.0569 0.6793 0.4043 -0.6097
1341848031.7667 2.1603 -1.4448 3.0810 0.0547 0.6786 0.4020 -0.6122
1341848031.7987 2.1678 -1.4433 3.0779 0.0543 0.6764 0.4006 -0.6157
1341848031.8308 2.1723 -1.4421 3.0745 0.0556 0.6745 0.3976 -0.6196
1341848031.8667 2.1785 -1.4414 3.0715 0.0551 0.6726 0.3952 -0.6232
1341848031.8987 2.1836 -1.4403 3.0670 0.0534 0.6704 0.3940 -0.6265
1341848031.9308 2.1910 -1.4403 3.0630 0.0537 0.6692 0.3907 -0.6298
1341848031.9667 2.1988 -1.4387 3.0593 0.0543 0.6678 0.3892 -0.6322
1341848031.9987 2.2023 -1.4363 3.0558 0.0529 0.6657 0.3885 -0.6350
1341848032.0347 2.2103 -1.4356 3.0513 0.0506 0.6645 0.3872 -0.6371
1341848032.0667 2.2202 -1.4337 3.0472 0.0504 0.6630 0.3860 -0.6395
1341848032.0987 2.2262 -1.4313 3.0412 0.0512 0.6618 0.3849 -0.6413
1341848032.1347 2.2339 -1.4299 3.0374 0.0506 0.6618 0.3845 -0.6416
1341848032.1670 2.2419 -1.4266 3.0340 0.0500 0.6605 0.3842 -0.6432
1341848032.2030 2.2470 -1.4234 3.0283 0.0505 0.6598 0.3834 -0.6443
1341848032.2347 2.2557 -1.4218 3.0249 0.0505 0.6597 0.3828 -0.6447
1341848032.2667 2.2617 -1.4177 3.0224 0.0505 0.6580 0.3833 -0.6462
1341848032.3028 2.2650 -1.4152 3.0164 0.0500 0.6573 0.3829 -0.6472
1341848032.3346 2.2738 -1.4136 3.0157 0.0492 0.6573 0.3819 -0.6478
1341848032.3667 2.2778 -1.4098 3.0123 0.0492 0.6552 0.3823 -0.6497
1341848032.4030 2.2809 -1.4093 3.0071 0.0483 0.6544 0.3808 -0.6515
1341848032.4347 2.2897 -1.4080 3.0042 0.0473 0.6539 0.3791 -0.6531
1341848032.4708 2.2958 -1.4060 2.9996 -0.0467 -0.6532 -0.3783 0.6542
1341848032.5030 2.3010 -1.4042 2.9955 -0.0466 -0.6532 -0.3771 0.6549
1341848032.5347 2.3077 -1.4036 2.9914 -0.0466 -0.6529 -0.3756 0.6561
1341848032.5709 2.3118 -1.4005 2.9865 -0.0462 -0.6523 -0.3746 0.6573
1341848032.6030 2.3167 -1.3995 2.9795 -0.0454 -0.6533 -0.3732 0.6571
1341848032.6347 2.3215 -1.3975 2.9752 -0.0438 -0.6546 -0.3710 0.6572
1341848032.6708 2.3279 -1.3963 2.9700 -0.0415 -0.6549 -0.3698 0.6578
1341848032.7028 2.3336 -1.3953 2.9621 -0.0400 -0.6553 -0.3687 0.6580
1341848032.7387 2.3421 -1.3936 2.9581 -0.0402 -0.6564 -0.3667 0.6581
1341848032.7707 2.3473 -1.3905 2.9521 -0.0406 -0.6558 -0.3671 0.6584
1341848032.8029 2.3491 -1.3876 2.9439 -0.0403 -0.6558 -0.3670 0.6585
1341848032.8388 2.3579 -1.3857 2.9375 -0.0397 -0.6572 -0.3660 0.6577
1341848032.8707 2.3614 -1.3812 2.9315 -0.0406 -0.6568 -0.3660 0.6580
1341848032.9027 2.3627 -1.3782 2.9244 -0.0418 -0.6565 -0.3651 0.6587
1341848032.9388 2.3687 -1.3753 2.9199 -0.0416 -0.6563 -0.3647 0.6591
1341848032.9708 2.3700 -1.3699 2.9148 -0.0411 -0.6551 -0.3658 0.6598
1341848033.0067 2.3705 -1.3663 2.9071 -0.0409 -0.6539 -0.3652 0.6614
1341848033.0392 2.3722 -1.3629 2.9003 -0.0410 -0.6533 -0.3638 0.6627
1341848033.0708 2.3720 -1.3599 2.8947 -0.0398 -0.6525 -0.3634 0.6638
1341848033.1069 2.3732 -1.3554 2.8879 -0.0381 -0.6510 -0.3616 0.6664
1341848033.1391 2.3769 -1.3533 2.8805 -0.0379 -0.6502 -0.3589 0.6685
1341848033.1707 2.3820 -1.3491 2.8747 -0.0399 -0.6490 -0.3567 0.6708
1341848033.2069 2.3824 -1.3451 2.8692 -0.0425 -0.6472 -0.3555 0.6730
1341848033.2387 2.3823 -1.3423 2.8627 -0.0428 -0.6453 -0.3544 0.6754
1341848033.2749 2.3874 -1.3390 2.8577 -0.0420 -0.6439 -0.3540 0.6770
1341848033.3067 2.3870 -1.3347 2.8516 -0.0430 -0.6414 -0.3539 0.6794
1341848033.3388 2.3897 -1.3323 2.8447 -0.0438 -0.6395 -0.3525 0.6818
1341848033.3748 2.3929 -1.3284 2.8391 -0.0439 -0.6374 -0.3533 0.6833
1341848033.4068 2.3907 -1.3250 2.8315 -0.0440 -0.6358 -0.3535 0.6847
1341848033.4431 2.3943 -1.3217 2.8242 -0.0437 -0.6352 -0.3520 0.6861
1341848033.4747 2.3971 -1.3180 2.8199 -0.0440 -0.6341 -0.3515 0.6874
1341848033.5068 2.3969 -1.3148 2.8137 -0.0445 -0.6329 -0.3512 0.6886
1341848033.5429 2.3978 -1.3122 2.8064 -0.0448 -0.6325 -0.3499 0.6896
1341848033.5748 2.4017 -1.3094 2.8018 -0.0452 -0.6315 -0.3485 0.6912
1341848033.6069 2.4019 -1.3065 2.7964 -0.0469 -0.6294 -0.3471 0.6937
1341848033.6429 2.4027 -1.3047 2.7908 -0.0481 -0.6292 -0.3456 0.6945
1341848033.6749 2.4058 -1.3027 2.7852 -0.0483 -0.6283 -0.3450 0.6957
1341848033.7108 2.4070 -1.3003 2.7791 -0.0494 -0.6267 -0.3442 0.6974
1341848033.7428 2.4057 -1.2986 2.7732 -0.0503 -0.6269 -0.3424 0.6981
1341848033.7748 2.4107 -1.2969 2.7680 -0.0490 -0.6269 -0.3414 0.6986
1341848033.8111 2.4122 -1.2937 2.7637 -0.0488 -0.6249 -0.3408 0.7007
1341848033.8428 2.4139 -1.2926 2.7574 -0.0501 -0.6237 -0.3390 0.7025
1341848033.8749 2.4175 -1.2905 2.7546 -0.0507 -0.6233 -0.3379 0.7034
1341848033.9112 2.4165 -1.2882 2.7499 -0.0508 -0.6206 -0.3370 0.7062
1341848033.9428 2.4165 -1.2860 2.7462 -0.0483 -0.6175 -0.3351 0.7100
1341848033.9789 2.4186 -1.2861 2.7434 -0.0449 -0.6155 -0.3329 0.7130
1341848034.0108 2.4222 -1.2860 2.7402 -0.0415 -0.6127 -0.3302 0.7168
1341848034.0427 2.4267 -1.2856 2.7357 -0.0391 -0.6084 -0.3273 0.7220
1341848034.0788 2.4306 -1.2851 2.7316 -0.0399 -0.6060 -0.3231 0.7258
1341848034.1108 2.4311 -1.2852 2.7285 -0.0400 -0.6046 -0.3195 0.7285
1341848034.1427 2.4344 -1.2851 2.7273 -0.0374 -0.6004 -0.3155 0.7339
1341848034.1788 2.4401 -1.2848 2.7232 -0.0349 -0.5970 -0.3127 0.7379
1341848034.2107 2.4465 -1.2848 2.7192 -0.0347 -0.5957 -0.3096 0.7404
1341848034.2467 2.4524 -1.2835 2.7161 -0.0361 -0.5925 -0.3063 0.7442
1341848034.2787 2.4539 -1.2838 2.7116 -0.0365 -0.5897 -0.3038 0.7474
1341848034.3181 2.4604 -1.2835 2.7083 -0.0349 -0.5886 -0.3010 0.7495
1341848034.3538 2.4671 -1.2817 2.7033 -0.0355 -0.5862 -0.2979 0.7526
1341848034.3862 2.4726 -1.2809 2.6979 -0.0368 -0.5850 -0.2951 0.7545
1341848034.4218 2.4781 -1.2788 2.6933 -0.0370 -0.5839 -0.2935 0.7560
1341848034.4538 2.4838 -1.2759 2.6880 -0.0373 -0.5820 -0.2925 0.7578
1341848034.4857 2.4891 -1.2739 2.6814 -0.0371 -0.5813 -0.2916 0.7587
1341848034.5217 2.4951 -1.2700 2.6746 -0.0357 -0.5813 -0.2917 0.7588
1341848034.5537 2.5028 -1.2657 2.6693 -0.0349 -0.5805 -0.2919 0.7594
1341848034.5858 2.5104 -1.2611 2.6617 -0.0355 -0.5802 -0.2921 0.7594
1341848034.6538 2.5225 -1.2510 2.6498 -0.0380 -0.5787 -0.2943 0.7596
1341848034.7152 2.5340 -1.2428 2.6362 -0.0395 -0.5766 -0.2949 0.7609
1341848034.7467 2.5404 -1.2369 2.6325 -0.0407 -0.5770 -0.2951 0.7605
1341848034.7828 2.5438 -1.2315 2.6260 -0.0423 -0.5755 -0.2955 0.7614
1341848034.8147 2.5476 -1.2277 2.6206 -0.0427 -0.5749 -0.2953 0.7619
1341848034.8469 2.5540 -1.2227 2.6156 -0.0422 -0.5749 -0.2969 0.7613
1341848034.8827 2.5563 -1.2196 2.6099 -0.0436 -0.5731 -0.2972 0.7624
1341848034.9148 2.5599 -1.2160 2.6059 -0.0438 -0.5718 -0.2978 0.7632
1341848034.9515 2.5620 -1.2111 2.6038 -0.0435 -0.5705 -0.2985 0.7639
1341848034.9830 2.5650 -1.2082 2.5992 -0.0436 -0.5684 -0.2986 0.7654
1341848035.0149 2.5668 -1.2036 2.5956 -0.0446 -0.5666 -0.2984 0.7667
1341848035.0509 2.5683 -1.2001 2.5914 -0.0458 -0.5654 -0.2983 0.7676
1341848035.0843 2.5695 -1.1970 2.5869 -0.0453 -0.5645 -0.2983 0.7683
1341848035.1189 2.5739 -1.1925 2.5833 -0.0450 -0.5630 -0.2990 0.7691
1341848035.2189 2.5768 -1.1794 2.5677 -0.0464 -0.5598 -0.2997 0.7712
1341848035.2843 2.5758 -1.1722 2.5548 -0.0466 -0.5590 -0.2988 0.7721
1341848035.3199 2.5781 -1.1695 2.5511 -0.0468 -0.5588 -0.2968 0.7729
1341848035.3510 2.5784 -1.1668 2.5454 -0.0472 -0.5588 -0.2952 0.7735
1341848035.4227 2.5824 -1.1614 2.5325 -0.0482 -0.5587 -0.2908 0.7752
1341848035.4868 2.5824 -1.1549 2.5166 -0.0490 -0.5583 -0.2864 0.7771
1341848035.5186 2.5850 -1.1506 2.5102 -0.0508 -0.5580 -0.2842 0.7780
1341848035.5509 2.5808 -1.1465 2.5041 -0.0532 -0.5573 -0.2807 0.7796
1341848035.5867 2.5814 -1.1430 2.4964 -0.0524 -0.5571 -0.2777 0.7808
1341848035.6188 2.5849 -1.1397 2.4889 -0.0520 -0.5555 -0.2761 0.7826
1341848035.6547 2.5838 -1.1354 2.4814 -0.0541 -0.5530 -0.2731 0.7853
1341848035.6867 2.5871 -1.1326 2.4733 -0.0564 -0.5514 -0.2704 0.7872
1341848035.7188 2.5860 -1.1271 2.4680 -0.0586 -0.5477 -0.2691 0.7901
1341848035.7560 2.5813 -1.1227 2.4619 -0.0602 -0.5453 -0.2672 0.7922
1341848035.7867 2.5830 -1.1199 2.4567 -0.0598 -0.5440 -0.2664 0.7934
1341848035.8188 2.5817 -1.1156 2.4501 -0.0603 -0.5404 -0.2657 0.7961
1341848035.8547 2.5792 -1.1141 2.4436 -0.0614 -0.5386 -0.2632 0.7980
1341848035.8867 2.5816 -1.1115 2.4355 -0.0625 -0.5381 -0.2604 0.7992
1341848035.9228 2.5796 -1.1078 2.4293 -0.0639 -0.5372 -0.2580 0.8005
1341848035.9546 2.5790 -1.1058 2.4226 -0.0651 -0.5375 -0.2550 0.8012
1341848035.9867 2.5835 -1.1030 2.4133 -0.0667 -0.5379 -0.2523 0.8016
1341848036.0228 2.5844 -1.0989 2.4073 -0.0700 -0.5373 -0.2505 0.8023
1341848036.0549 2.5798 -1.0942 2.4009 -0.0720 -0.5364 -0.2490 0.8032
1341848036.0870 2.5814 -1.0918 2.3938 -0.0718 -0.5353 -0.2486 0.8041
1341848036.1227 2.5829 -1.0881 2.3876 -0.0718 -0.5332 -0.2501 0.8050
1341848036.1548 2.5776 -1.0837 2.3821 -0.0730 -0.5313 -0.2501 0.8062
1341848036.1908 2.5768 -1.0816 2.3756 -0.0730 -0.5302 -0.2493 0.8071
1341848036.2233 2.5771 -1.0782 2.3686 -0.0722 -0.5286 -0.2500 0.8080
1341848036.2547 2.5736 -1.0739 2.3623 -0.0705 -0.5274 -0.2509 0.8087
1341848036.2908 2.5737 -1.0709 2.3560 -0.0680 -0.5249 -0.2517 0.8103
1341848036.3549 2.5728 -1.0634 2.3422 -0.0672 -0.5213 -0.2521 0.8125
1341848036.3908 2.5720 -1.0604 2.3372 -0.0677 -0.5209 -0.2508 0.8131
1341848036.4588 2.5703 -1.0519 2.3243 -0.0658 -0.5172 -0.2502 0.8158
1341848036.4912 2.5720 -1.0477 2.3142 -0.0644 -0.5171 -0.2502 0.8160
1341848036.5227 2.5695 -1.0426 2.3083 -0.0636 -0.5165 -0.2495 0.8167
1341848036.5589 2.5691 -1.0388 2.3002 -0.0620 -0.5156 -0.2484 0.8177
1341848036.5907 2.5687 -1.0353 2.2923 -0.0609 -0.5142 -0.2469 0.8191
1341848036.6268 2.5675 -1.0305 2.2826 -0.0611 -0.5122 -0.2435 0.8214
1341848036.6587 2.5656 -1.0257 2.2741 -0.0602 -0.5116 -0.2401 0.8228
1341848036.6912 2.5659 -1.0218 2.2648 -0.0576 -0.5109 -0.2377 0.8241
1341848036.7268 2.5692 -1.0192 2.2539 -0.0566 -0.5096 -0.2348 0.8258
1341848036.7589 2.5679 -1.0139 2.2432 -0.0565 -0.5083 -0.2313 0.8276
1341848036.7907 2.5695 -1.0102 2.2321 -0.0543 -0.5071 -0.2286 0.8292
1341848036.8270 2.5741 -1.0064 2.2219 -0.0527 -0.5050 -0.2274 0.8309
1341848036.8586 2.5741 -1.0023 2.2111 -0.0537 -0.5025 -0.2246 0.8332
1341848036.9268 2.5742 -0.9935 2.1912 -0.0539 -0.4994 -0.2191 0.8365
1341848036.9587 2.5755 -0.9890 2.1793 -0.0508 -0.4978 -0.2178 0.8379
1341848036.9948 2.5782 -0.9847 2.1685 -0.0499 -0.4961 -0.2156 0.8396
1341848037.0268 2.5767 -0.9793 2.1593 -0.0479 -0.4956 -0.2146 0.8402
1341848037.0610 2.5756 -0.9734 2.1476 -0.0441 -0.4950 -0.2137 0.8410
1341848037.0947 2.5795 -0.9698 2.1365 -0.0414 -0.4947 -0.2112 0.8420
1341848037.1267 2.5802 -0.9644 2.1252 -0.0403 -0.4950 -0.2091 0.8424
1341848037.1628 2.5750 -0.9624 2.1148 -0.0373 -0.4958 -0.2068 0.8426
1341848037.1947 2.5769 -0.9580 2.1032 -0.0296 -0.5002 -0.2047 0.8409
1341848037.2270 2.5832 -0.9522 2.0921 -0.0265 -0.5024 -0.2011 0.8405
1341848037.2637 2.5799 -0.9489 2.0790 -0.0244 -0.5048 -0.1984 0.8398
1341848037.2952 2.5832 -0.9440 2.0691 -0.0189 -0.5088 -0.1981 0.8376
1341848037.3269 2.5867 -0.9392 2.0612 -0.0181 -0.5088 -0.1982 0.8376
1341848037.3627 2.5814 -0.9351 2.0515 -0.0177 -0.5088 -0.1977 0.8377
1341848037.3951 2.5809 -0.9308 2.0422 -0.0138 -0.5099 -0.1988 0.8368
1341848037.4309 2.5814 -0.9258 2.0335 -0.0112 -0.5096 -0.1995 0.8369
1341848037.4628 2.5791 -0.9210 2.0215 -0.0102 -0.5091 -0.1998 0.8371
1341848037.5307 2.5771 -0.9107 2.0056 -0.0078 -0.5096 -0.2010 0.8366
1341848037.5630 2.5727 -0.9061 1.9957 -0.0075 -0.5078 -0.2027 0.8373
1341848037.5958 2.5703 -0.9017 1.9873 -0.0065 -0.5077 -0.2031 0.8372
1341848037.6308 2.5693 -0.8955 1.9809 -0.0060 -0.5062 -0.2040 0.8379
1341848037.6627 2.5637 -0.8919 1.9734 -0.0055 -0.5032 -0.2055 0.8394
1341848037.6987 2.5589 -0.8871 1.9654 -0.0038 -0.5014 -0.2062 0.8403
1341848037.7310 2.5563 -0.8823 1.9585 -0.0032 -0.4992 -0.2054 0.8418
1341848037.7698 2.5529 -0.8761 1.9496 -0.0036 -0.4965 -0.2046 0.8436
1341848037.8378 2.5439 -0.8672 1.9352 -0.0022 -0.4932 -0.2015 0.8462
1341848037.8989 2.5359 -0.8561 1.9223 -0.0097 -0.4873 -0.1984 0.8503
1341848037.9309 2.5326 -0.8508 1.9158 -0.0118 -0.4831 -0.1976 0.8529
1341848037.9669 2.5291 -0.8440 1.9074 -0.0144 -0.4790 -0.1976 0.8551
1341848037.9986 2.5222 -0.8379 1.8996 -0.0166 -0.4762 -0.1970 0.8569
1341848038.0309 2.5201 -0.8339 1.8933 -0.0178 -0.4734 -0.1973 0.8583
1341848038.0668 2.5161 -0.8276 1.8872 -0.0203 -0.4691 -0.1975 0.8605
1341848038.0987 2.5097 -0.8228 1.8797 -0.0235 -0.4651 -0.1968 0.8628
1341848038.1347 2.5055 -0.8185 1.8747 -0.0246 -0.4629 -0.1969 0.8639
1341848038.1667 2.5022 -0.8133 1.8683 -0.0249 -0.4597 -0.1979 0.8654
1341848038.1987 2.4981 -0.8086 1.8615 -0.0266 -0.4564 -0.1970 0.8673
1341848038.2347 2.4916 -0.8043 1.8547 -0.0275 -0.4551 -0.1953 0.8683
1341848038.2741 2.4890 -0.8004 1.8487 -0.0265 -0.4533 -0.1954 0.8693
1341848038.3065 2.4857 -0.7950 1.8401 -0.0263 -0.4507 -0.1959 0.8705
1341848038.3419 2.4795 -0.7926 1.8356 -0.0266 -0.4493 -0.1952 0.8714
1341848038.3741 2.4771 -0.7886 1.8274 -0.0244 -0.4466 -0.1959 0.8726
1341848038.4098 2.4720 -0.7846 1.8179 -0.0229 -0.4443 -0.1974 0.8736
1341848038.4418 2.4695 -0.7818 1.8116 -0.0226 -0.4443 -0.1953 0.8740
1341848038.4739 2.4668 -0.7781 1.8039 -0.0230 -0.4426 -0.1947 0.8750
1341848038.5102 2.4589 -0.7758 1.7961 -0.0222 -0.4403 -0.1950 0.8761
1341848038.5669 2.4555 -0.7694 1.7814 -0.0155 -0.4394 -0.1924 0.8773
1341848038.6030 2.4507 -0.7651 1.7717 -0.0140 -0.4383 -0.1930 0.8777
1341848038.6347 2.4508 -0.7601 1.7635 -0.0125 -0.4395 -0.1918 0.8775
1341848038.6707 2.4509 -0.7556 1.7529 -0.0122 -0.4385 -0.1924 0.8778
1341848038.7029 2.4443 -0.7508 1.7457 -0.0119 -0.4381 -0.1929 0.8779
1341848038.7348 2.4432 -0.7479 1.7375 -0.0093 -0.4383 -0.1929 0.8778
1341848038.7707 2.4455 -0.7416 1.7268 -0.0079 -0.4368 -0.1926 0.8787
1341848038.8028 2.4424 -0.7345 1.7162 -0.0092 -0.4364 -0.1914 0.8791
1341848038.8388 2.4391 -0.7321 1.7102 -0.0097 -0.4366 -0.1894 0.8794
1341848038.8711 2.4440 -0.7263 1.6993 -0.0075 -0.4340 -0.1887 0.8809
1341848038.9028 2.4424 -0.7191 1.6883 -0.0089 -0.4311 -0.1870 0.8827
1341848038.9388 2.4406 -0.7152 1.6796 -0.0108 -0.4307 -0.1835 0.8836
1341848038.9708 2.4469 -0.7093 1.6707 -0.0111 -0.4281 -0.1822 0.8851
1341848039.0026 2.4444 -0.7027 1.6636 -0.0124 -0.4237 -0.1823 0.8872
1341848039.0389 2.4422 -0.6997 1.6569 -0.0122 -0.4219 -0.1795 0.8886
1341848039.0708 2.4470 -0.6937 1.6441 -0.0118 -0.4194 -0.1778 0.8901
1341848039.1068 2.4427 -0.6882 1.6362 -0.0128 -0.4175 -0.1767 0.8912
1341848039.1387 2.4447 -0.6851 1.6293 -0.0127 -0.4170 -0.1740 0.8920
1341848039.1707 2.4487 -0.6781 1.6176 -0.0129 -0.4142 -0.1730 0.8935
1341848039.2068 2.4449 -0.6742 1.6127 -0.0136 -0.4130 -0.1719 0.8943
1341848039.2389 2.4465 -0.6710 1.6039 -0.0120 -0.4125 -0.1702 0.8948
1341848039.2710 2.4518 -0.6647 1.5927 -0.0114 -0.4104 -0.1699 0.8959
1341848039.3067 2.4492 -0.6603 1.5878 -0.0129 -0.4094 -0.1684 0.8966
1341848039.3389 2.4506 -0.6565 1.5798 -0.0126 -0.4089 -0.1667 0.8971
1341848039.3748 2.4530 -0.6512 1.5717 -0.0120 -0.4075 -0.1675 0.8976
1341848039.4069 2.4511 -0.6466 1.5663 -0.0122 -0.4054 -0.1678 0.8985
1341848039.4389 2.4514 -0.6427 1.5592 -0.0125 -0.4042 -0.1679 0.8991
1341848039.4749 2.4503 -0.6381 1.5529 -0.0131 -0.4023 -0.1688 0.8997
1341848039.5071 2.4459 -0.6347 1.5488 -0.0131 -0.3999 -0.1692 0.9007
1341848039.5387 2.4448 -0.6317 1.5424 -0.0117 -0.3983 -0.1695 0.9014
1341848039.5749 2.4418 -0.6276 1.5338 -0.0116 -0.3974 -0.1697 0.9018
1341848039.6067 2.4385 -0.6243 1.5282 -0.0113 -0.3967 -0.1699 0.9020
1341848039.6427 2.4359 -0.6199 1.5238 -0.0095 -0.3943 -0.1707 0.9029
1341848039.6748 2.4311 -0.6163 1.5143 -0.0077 -0.3928 -0.1713 0.9035
1341848039.7072 2.4305 -0.6114 1.5065 -0.0075 -0.3930 -0.1708 0.9035
1341848039.7429 2.4274 -0.6065 1.5030 -0.0071 -0.3913 -0.1715 0.9041
1341848039.7753 2.4196 -0.6024 1.4987 -0.0054 -0.3887 -0.1725 0.9051
1341848039.8069 2.4161 -0.5980 1.4903 -0.0030 -0.3875 -0.1727 0.9056
1341848039.8433 2.4141 -0.5935 1.4842 -0.0026 -0.3855 -0.1726 0.9064
1341848039.8818 2.4054 -0.5892 1.4793 -0.0021 -0.3832 -0.1717 0.9076
1341848039.9434 2.4006 -0.5797 1.4624 -0.0016 -0.3802 -0.1675 0.9096
1341848039.9748 2.3913 -0.5756 1.4584 -0.0039 -0.3791 -0.1653 0.9105
1341848040.0107 2.3853 -0.5716 1.4526 -0.0033 -0.3786 -0.1629 0.9111
1341848040.0428 2.3835 -0.5665 1.4425 -0.0044 -0.3762 -0.1618 0.9123
1341848040.0787 2.3765 -0.5600 1.4372 -0.0072 -0.3738 -0.1596 0.9137
1341848040.1108 2.3717 -0.5551 1.4325 -0.0096 -0.3711 -0.1581 0.9150
1341848040.1427 2.3651 -0.5512 1.4258 -0.0110 -0.3667 -0.1576 0.9168
1341848040.1788 2.3610 -0.5457 1.4161 -0.0126 -0.3637 -0.1577 0.9180
1341848040.2110 2.3565 -0.5414 1.4110 -0.0161 -0.3616 -0.1560 0.9191
1341848040.2427 2.3502 -0.5392 1.4065 -0.0192 -0.3581 -0.1552 0.9205
1341848040.2789 2.3394 -0.5360 1.4032 -0.0201 -0.3545 -0.1540 0.9221
1341848040.3107 2.3368 -0.5345 1.3951 -0.0194 -0.3530 -0.1513 0.9231
1341848040.3469 2.3351 -0.5288 1.3852 -0.0217 -0.3507 -0.1482 0.9244
1341848040.3788 2.3243 -0.5277 1.3839 -0.0244 -0.3486 -0.1456 0.9256
1341848040.4109 2.3175 -0.5281 1.3785 -0.0232 -0.3470 -0.1423 0.9267
1341848040.4467 2.3158 -0.5237 1.3685 -0.0222 -0.3458 -0.1386 0.9278
1341848040.4787 2.3097 -0.5232 1.3630 -0.0232 -0.3449 -0.1354 0.9285
1341848040.5178 2.3040 -0.5234 1.3578 -0.0219 -0.3442 -0.1341 0.9290
1341848040.5789 2.2979 -0.5178 1.3385 -0.0199 -0.3417 -0.1328 0.9302
1341848040.6149 2.2909 -0.5178 1.3352 -0.0209 -0.3405 -0.1313 0.9308
1341848040.6468 2.2892 -0.5175 1.3282 -0.0194 -0.3383 -0.1313 0.9316
1341848040.6790 2.2831 -0.5181 1.3259 -0.0184 -0.3341 -0.1303 0.9333
1341848040.7147 2.2810 -0.5206 1.3259 -0.0152 -0.3290 -0.1285 0.9354
1341848040.7468 2.2740 -0.5181 1.3177 -0.0103 -0.3212 -0.1270 0.9384
1341848040.7788 2.2736 -0.5164 1.3101 -0.0064 -0.3163 -0.1261 0.9402
1341848040.8147 2.2708 -0.5141 1.3048 -0.0055 -0.3096 -0.1244 0.9427
1341848040.8469 2.2622 -0.5105 1.2994 -0.0038 -0.3046 -0.1227 0.9445
1341848040.8828 2.2596 -0.5107 1.2949 -0.0017 -0.3001 -0.1215 0.9461
1341848040.9147 2.2554 -0.5041 1.2880 -0.0008 -0.2948 -0.1185 0.9482
1341848040.9469 2.2482 -0.5035 1.2860 -0.0013 -0.2915 -0.1154 0.9496
1341848040.9845 2.2487 -0.4999 1.2793 -0.0007 -0.2868 -0.1127 0.9514
1341848041.0226 2.2421 -0.4913 1.2744 -0.0026 -0.2829 -0.1081 0.9530
1341848041.0589 2.2345 -0.4911 1.2740 -0.0047 -0.2812 -0.1030 0.9541
1341848041.0943 2.2389 -0.4872 1.2667 -0.0058 -0.2767 -0.1001 0.9557
1341848041.1222 2.2332 -0.4788 1.2644 -0.0091 -0.2717 -0.0969 0.9575
1341848041.1900 2.2244 -0.4730 1.2565 -0.0161 -0.2652 -0.0867 0.9601
1341848041.2507 2.2151 -0.4652 1.2495 -0.0201 -0.2601 -0.0821 0.9619
1341848041.2831 2.2115 -0.4592 1.2458 -0.0234 -0.2571 -0.0810 0.9627
1341848041.3193 2.1986 -0.4585 1.2478 -0.0258 -0.2547 -0.0791 0.9634
1341848041.3555 2.1970 -0.4568 1.2415 -0.0247 -0.2520 -0.0783 0.9642
1341848041.3849 2.1902 -0.4517 1.2402 -0.0248 -0.2483 -0.0794 0.9651
1341848041.4188 2.1809 -0.4505 1.2410 -0.0254 -0.2440 -0.0765 0.9664
1341848041.4508 2.1813 -0.4449 1.2312 -0.0260 -0.2408 -0.0745 0.9674
1341848041.4828 2.1744 -0.4427 1.2333 -0.0292 -0.2379 -0.0755 0.9679
1341848041.5188 2.1616 -0.4447 1.2374 -0.0315 -0.2328 -0.0744 0.9692
1341848041.5507 2.1567 -0.4431 1.2332 -0.0311 -0.2275 -0.0747 0.9704
1341848041.5868 2.1470 -0.4379 1.2327 -0.0308 -0.2233 -0.0751 0.9714
1341848041.6187 2.1360 -0.4362 1.2323 -0.0303 -0.2195 -0.0741 0.9723
1341848041.6510 2.1275 -0.4317 1.2283 -0.0296 -0.2164 -0.0732 0.9731
1341848041.6868 2.1129 -0.4310 1.2302 -0.0293 -0.2140 -0.0719 0.9737
1341848041.7188 2.1062 -0.4288 1.2258 -0.0284 -0.2117 -0.0693 0.9745
1341848041.7508 2.0931 -0.4261 1.2250 -0.0286 -0.2094 -0.0657 0.9752
1341848041.7867 2.0823 -0.4271 1.2238 -0.0284 -0.2082 -0.0625 0.9757
1341848041.8187 2.0712 -0.4238 1.2204 -0.0275 -0.2079 -0.0583 0.9760
1341848041.8547 2.0634 -0.4231 1.2161 -0.0276 -0.2079 -0.0558 0.9762
1341848041.8867 2.0492 -0.4234 1.2178 -0.0287 -0.2058 -0.0530 0.9767
1341848041.9187 2.0351 -0.4262 1.2188 -0.0271 -0.2044 -0.0499 0.9772
1341848041.9950 2.0203 -0.4213 1.2080 -0.0273 -0.2012 -0.0431 0.9782
1341848042.0189 2.0038 -0.4289 1.2141 -0.0297 -0.1992 -0.0389 0.9787
1341848042.0546 2.0018 -0.4304 1.2087 -0.0274 -0.1984 -0.0378 0.9790
1341848042.0895 1.9939 -0.4269 1.2068 -0.0288 -0.1962 -0.0359 0.9795
1341848042.1229 1.9769 -0.4320 1.2108 -0.0311 -0.1937 -0.0320 0.9800
1341848042.1548 1.9735 -0.4345 1.2072 -0.0299 -0.1924 -0.0315 0.9804
1341848042.1867 1.9626 -0.4327 1.2069 -0.0296 -0.1885 -0.0323 0.9811
1341848042.2229 1.9512 -0.4322 1.2089 -0.0305 -0.1852 -0.0292 0.9818
1341848042.2548 1.9468 -0.4340 1.2056 -0.0304 -0.1830 -0.0297 0.9822
1341848042.2907 1.9347 -0.4325 1.2058 -0.0303 -0.1774 -0.0324 0.9831
1341848042.3228 1.9210 -0.4302 1.2077 -0.0305 -0.1732 -0.0301 0.9840
1341848042.3550 1.9162 -0.4247 1.2034 -0.0311 -0.1715 -0.0263 0.9843
1341848042.3907 1.9054 -0.4257 1.2052 -0.0342 -0.1684 -0.0257 0.9848
1341848042.4297 1.8919 -0.4265 1.2091 -0.0353 -0.1640 -0.0236 0.9856
1341848042.4909 1.8802 -0.4166 1.2018 -0.0367 -0.1568 -0.0179 0.9868
1341848042.5227 1.8629 -0.4186 1.2080 -0.0394 -0.1512 -0.0155 0.9876
1341848042.5587 1.8566 -0.4184 1.2049 -0.0387 -0.1465 -0.0125 0.9884
1341848042.5908 1.8493 -0.4117 1.2024 -0.0390 -0.1424 -0.0096 0.9890
1341848042.6227 1.8340 -0.4127 1.2074 -0.0400 -0.1377 -0.0050 0.9897
1341848042.6587 1.8291 -0.4113 1.2017 -0.0372 -0.1345 -0.0019 0.9902
1341848042.6978 1.8203 -0.4063 1.1990 -0.0365 -0.1294 0.0009 0.9909
1341848042.7298 1.8103 -0.4045 1.1990 -0.0371 -0.1250 0.0078 0.9914
1341848042.7616 1.8073 -0.4011 1.1924 -0.0374 -0.1221 0.0129 0.9917
1341848042.7980 1.8012 -0.3997 1.1911 -0.0388 -0.1170 0.0144 0.9923
1341848042.8297 1.7923 -0.3979 1.1915 -0.0397 -0.1108 0.0167 0.9929
1341848042.8617 1.7861 -0.3943 1.1881 -0.0404 -0.1055 0.0205 0.9934
1341848042.8978 1.7787 -0.3918 1.1859 -0.0416 -0.1009 0.0227 0.9938
1341848042.9299 1.7665 -0.3921 1.1886 -0.0420 -0.0964 0.0238 0.9942
1341848042.9657 1.7604 -0.3907 1.1854 -0.0401 -0.0922 0.0262 0.9946
1341848042.9980 1.7542 -0.3866 1.1814 -0.0396 -0.0891 0.0295 0.9948
1341848043.0303 1.7481 -0.3851 1.1798 -0.0407 -0.0866 0.0331 0.9949
1341848043.0657 1.7422 -0.3841 1.1770 -0.0418 -0.0830 0.0351 0.9951
1341848043.0979 1.7318 -0.3825 1.1778 -0.0427 -0.0788 0.0359 0.9953
1341848043.1340 1.7227 -0.3819 1.1781 -0.0430 -0.0754 0.0375 0.9955
1341848043.1658 1.7170 -0.3800 1.1754 -0.0438 -0.0724 0.0387 0.9957
1341848043.2019 1.7013 -0.3793 1.1798 -0.0440 -0.0687 0.0384 0.9959
1341848043.2339 1.6912 -0.3811 1.1827 -0.0420 -0.0656 0.0390 0.9962
1341848043.2657 1.6875 -0.3782 1.1767 -0.0409 -0.0629 0.0417 0.9963
1341848043.3018 1.6771 -0.3794 1.1801 -0.0414 -0.0602 0.0423 0.9964
1341848043.3340 1.6671 -0.3812 1.1824 -0.0402 -0.0569 0.0434 0.9966
1341848043.3698 1.6611 -0.3796 1.1801 -0.0393 -0.0550 0.0450 0.9967
1341848043.4017 1.6465 -0.3799 1.1840 -0.0389 -0.0532 0.0460 0.9968
1341848043.4339 1.6369 -0.3798 1.1827 -0.0380 -0.0515 0.0472 0.9968
1341848043.4696 1.6281 -0.3810 1.1847 -0.0385 -0.0488 0.0486 0.9969
1341848043.5017 1.6112 -0.3812 1.1903 -0.0385 -0.0449 0.0529 0.9968
1341848043.5378 1.6052 -0.3849 1.1925 -0.0378 -0.0464 0.0544 0.9967
1341848043.5697 1.5958 -0.3828 1.1915 -0.0375 -0.0439 0.0577 0.9967
1341848043.6018 1.5834 -0.3834 1.1947 -0.0386 -0.0424 0.0600 0.9966
1341848043.6378 1.5741 -0.3835 1.1981 -0.0400 -0.0418 0.0614 0.9964
1341848043.6701 1.5621 -0.3861 1.2028 -0.0416 -0.0394 0.0630 0.9964
1341848043.7020 1.5508 -0.3877 1.2076 -0.0419 -0.0375 0.0634 0.9964
1341848043.7378 1.5424 -0.3860 1.2098 -0.0418 -0.0368 0.0655 0.9963
1341848043.7698 1.5348 -0.3855 1.2131 -0.0444 -0.0353 0.0690 0.9960
1341848043.8058 1.5218 -0.3915 1.2214 -0.0469 -0.0327 0.0709 0.9958
1341848043.8379 1.5122 -0.3967 1.2282 -0.0455 -0.0310 0.0705 0.9960
1341848043.8697 1.5057 -0.3938 1.2270 -0.0430 -0.0291 0.0717 0.9961
1341848043.9057 1.4912 -0.3945 1.2326 -0.0445 -0.0270 0.0736 0.9959
1341848043.9380 1.4836 -0.3995 1.2384 -0.0447 -0.0274 0.0737 0.9959
1341848043.9698 1.4793 -0.3985 1.2385 -0.0439 -0.0259 0.0722 0.9961
1341848044.0059 1.4652 -0.4011 1.2442 -0.0456 -0.0224 0.0716 0.9961
1341848044.0377 1.4524 -0.4079 1.2502 -0.0454 -0.0213 0.0723 0.9961
1341848044.0738 1.4504 -0.4036 1.2462 -0.0428 -0.0217 0.0728 0.9962
1341848044.1058 1.4353 -0.4048 1.2514 -0.0455 -0.0195 0.0733 0.9961
1341848044.1377 1.4279 -0.4103 1.2578 -0.0462 -0.0205 0.0748 0.9959
1341848044.1738 1.4248 -0.4093 1.2570 -0.0457 -0.0201 0.0747 0.9960
1341848044.2057 1.4150 -0.4129 1.2623 -0.0472 -0.0167 0.0744 0.9960
1341848044.2378 1.4035 -0.4148 1.2646 -0.0471 -0.0141 0.0761 0.9959
1341848044.2738 1.3994 -0.4136 1.2659 -0.0468 -0.0134 0.0771 0.9958
1341848044.3057 1.3912 -0.4155 1.2701 -0.0483 -0.0109 0.0776 0.9958
1341848044.3378 1.3831 -0.4182 1.2741 -0.0486 -0.0086 0.0782 0.9957
1341848044.3737 1.3769 -0.4167 1.2759 -0.0482 -0.0069 0.0811 0.9955
1341848044.4059 1.3724 -0.4177 1.2797 -0.0498 -0.0048 0.0833 0.9953
1341848044.4417 1.3661 -0.4199 1.2847 -0.0509 -0.0012 0.0869 0.9949
1341848044.4737 1.3625 -0.4192 1.2892 -0.0507 0.0014 0.0902 0.9946
1341848044.5057 1.3573 -0.4206 1.2924 -0.0518 0.0062 0.0940 0.9942
1341848044.5419 1.3510 -0.4219 1.2979 -0.0525 0.0115 0.0979 0.9937
1341848044.5738 1.3446 -0.4229 1.3033 -0.0524 0.0161 0.1015 0.9933
1341848044.6058 1.3389 -0.4225 1.3067 -0.0518 0.0205 0.1059 0.9928
1341848044.6417 1.3314 -0.4226 1.3094 -0.0527 0.0256 0.1114 0.9921
1341848044.7060 1.3181 -0.4258 1.3196 -0.0522 0.0326 0.1193 0.9909
1341848044.7710 1.3014 -0.4286 1.3267 -0.0497 0.0409 0.1265 0.9899
1341848044.8028 1.2962 -0.4253 1.3251 -0.0474 0.0429 0.1280 0.9897
1341848044.8349 1.2865 -0.4291 1.3304 -0.0491 0.0471 0.1298 0.9892
1341848044.8707 1.2768 -0.4318 1.3346 -0.0472 0.0499 0.1345 0.9885
1341848044.9027 1.2691 -0.4302 1.3336 -0.0445 0.0504 0.1375 0.9882
1341848044.9708 1.2516 -0.4303 1.3392 -0.0436 0.0525 0.1447 0.9871
1341848045.0026 1.2460 -0.4273 1.3370 -0.0431 0.0509 0.1468 0.9869
1341848045.0387 1.2402 -0.4268 1.3396 -0.0461 0.0507 0.1478 0.9866
1341848045.0708 1.2332 -0.4298 1.3473 -0.0485 0.0515 0.1475 0.9865
1341848045.1028 1.2284 -0.4290 1.3487 -0.0484 0.0531 0.1477 0.9864
1341848045.1388 1.2187 -0.4303 1.3531 -0.0510 0.0564 0.1476 0.9861
1341848045.1708 1.2092 -0.4356 1.3630 -0.0524 0.0579 0.1482 0.9859
1341848045.2027 1.2059 -0.4346 1.3640 -0.0508 0.0579 0.1478 0.9860
1341848045.2389 1.1970 -0.4386 1.3706 -0.0523 0.0610 0.1456 0.9861
1341848045.2708 1.1879 -0.4405 1.3776 -0.0511 0.0623 0.1467 0.9859
1341848045.3068 1.1817 -0.4396 1.3775 -0.0506 0.0621 0.1473 0.9858
1341848045.3387 1.1760 -0.4434 1.3853 -0.0528 0.0631 0.1449 0.9860
1341848045.3708 1.1660 -0.4485 1.3931 -0.0528 0.0657 0.1444 0.9859
1341848045.4067 1.1569 -0.4463 1.3954 -0.0513 0.0655 0.1448 0.9860
1341848045.4387 1.1483 -0.4486 1.4022 -0.0541 0.0645 0.1446 0.9859
1341848045.4747 1.1418 -0.4537 1.4124 -0.0558 0.0629 0.1434 0.9861
1341848045.5389 1.1273 -0.4637 1.4261 -0.0565 0.0640 0.1403 0.9864
1341848045.6069 1.1133 -0.4652 1.4371 -0.0544 0.0606 0.1407 0.9867
1341848045.6459 1.1078 -0.4655 1.4445 -0.0547 0.0588 0.1400 0.9869
1341848045.7070 1.0912 -0.4736 1.4619 -0.0557 0.0570 0.1364 0.9875
1341848045.7431 1.0868 -0.4715 1.4653 -0.0544 0.0544 0.1355 0.9878
1341848045.7748 1.0783 -0.4762 1.4747 -0.0573 0.0542 0.1337 0.9879
1341848045.8076 1.0699 -0.4807 1.4861 -0.0572 0.0523 0.1323 0.9882
1341848045.8429 1.0663 -0.4780 1.4896 -0.0540 0.0486 0.1307 0.9887
1341848045.8748 1.0594 -0.4772 1.4942 -0.0555 0.0478 0.1287 0.9890
1341848045.9068 1.0466 -0.4870 1.5071 -0.0601 0.0488 0.1275 0.9888
1341848045.9428 1.0401 -0.4868 1.5142 -0.0564 0.0432 0.1262 0.9895
1341848045.9748 1.0374 -0.4830 1.5163 -0.0540 0.0384 0.1222 0.9903
1341848046.0108 1.0259 -0.4876 1.5243 -0.0560 0.0385 0.1191 0.9906
1341848046.0428 1.0188 -0.4889 1.5302 -0.0548 0.0336 0.1174 0.9910
1341848046.0747 1.0151 -0.4839 1.5325 -0.0525 0.0273 0.1140 0.9917
1341848046.1108 1.0098 -0.4829 1.5390 -0.0546 0.0253 0.1104 0.9921
1341848046.1428 1.0017 -0.4897 1.5466 -0.0567 0.0243 0.1075 0.9923
1341848046.1818 0.9964 -0.4827 1.5468 -0.0518 0.0207 0.1031 0.9931
1341848046.2197 0.9872 -0.4803 1.5476 -0.0538 0.0203 0.0997 0.9934
1341848046.2497 0.9776 -0.4848 1.5533 -0.0574 0.0184 0.0970 0.9935
1341848046.2836 0.9726 -0.4800 1.5550 -0.0553 0.0142 0.0936 0.9940
1341848046.3177 0.9658 -0.4782 1.5573 -0.0560 0.0126 0.0893 0.9943
1341848046.3497 0.9562 -0.4803 1.5598 -0.0579 0.0123 0.0874 0.9944
1341848046.3823 0.9501 -0.4769 1.5615 -0.0566 0.0088 0.0851 0.9947
1341848046.4178 0.9463 -0.4710 1.5609 -0.0566 0.0065 0.0818 0.9950
1341848046.4498 0.9354 -0.4741 1.5634 -0.0607 0.0083 0.0804 0.9949
1341848046.4858 0.9286 -0.4702 1.5633 -0.0596 0.0057 0.0783 0.9951
1341848046.5178 0.9227 -0.4662 1.5630 -0.0605 0.0040 0.0752 0.9953
1341848046.5497 0.9133 -0.4696 1.5628 -0.0638 0.0040 0.0733 0.9953
1341848046.5861 0.9064 -0.4684 1.5610 -0.0622 0.0004 0.0718 0.9955
1341848046.6178 0.9004 -0.4603 1.5575 -0.0590 -0.0018 0.0690 0.9959
1341848046.6537 0.8895 -0.4647 1.5545 -0.0622 -0.0014 0.0688 0.9957
1341848046.7149 0.8766 -0.4540 1.5466 -0.0566 -0.0090 0.0675 0.9961
1341848046.7469 0.8689 -0.4537 1.5433 -0.0570 -0.0097 0.0669 0.9961
1341848046.7787 0.8611 -0.4523 1.5390 -0.0558 -0.0113 0.0663 0.9962
1341848046.8147 0.8555 -0.4430 1.5337 -0.0520 -0.0137 0.0646 0.9965
1341848046.8469 0.8480 -0.4415 1.5298 -0.0536 -0.0129 0.0639 0.9964
1341848046.8788 0.8411 -0.4389 1.5251 -0.0532 -0.0131 0.0639 0.9965
1341848046.9151 0.8351 -0.4351 1.5201 -0.0531 -0.0138 0.0637 0.9965
1341848046.9469 0.8285 -0.4334 1.5155 -0.0539 -0.0139 0.0640 0.9964
1341848046.9828 0.8222 -0.4284 1.5099 -0.0528 -0.0149 0.0636 0.9965
1341848047.0151 0.8151 -0.4229 1.5051 -0.0532 -0.0150 0.0632 0.9965
1341848047.0479 0.8078 -0.4230 1.5014 -0.0554 -0.0151 0.0629 0.9964
1341848047.0899 0.8013 -0.4153 1.4953 -0.0532 -0.0166 0.0617 0.9965
1341848047.1476 0.7862 -0.4108 1.4866 -0.0577 -0.0170 0.0606 0.9963
1341848047.2149 0.7695 -0.4012 1.4757 -0.0560 -0.0184 0.0568 0.9966
1341848047.2507 0.7600 -0.4006 1.4700 -0.0585 -0.0197 0.0567 0.9965
1341848047.2828 0.7549 -0.3984 1.4658 -0.0593 -0.0238 0.0560 0.9964
1341848047.3148 0.7482 -0.3962 1.4607 -0.0591 -0.0254 0.0536 0.9965
1341848047.3506 0.7368 -0.3946 1.4538 -0.0590 -0.0256 0.0523 0.9966
1341848047.3830 0.7284 -0.3932 1.4476 -0.0588 -0.0294 0.0526 0.9964
1341848047.4148 0.7224 -0.3906 1.4427 -0.0580 -0.0331 0.0506 0.9965
1341848047.4508 0.7146 -0.3908 1.4365 -0.0569 -0.0352 0.0488 0.9966
1341848047.4826 0.7059 -0.3844 1.4296 -0.0542 -0.0374 0.0480 0.9967
1341848047.5187 0.6975 -0.3827 1.4246 -0.0551 -0.0397 0.0465 0.9966
1341848047.5508 0.6906 -0.3848 1.4203 -0.0561 -0.0422 0.0455 0.9965
1341848047.5830 0.6849 -0.3819 1.4159 -0.0544 -0.0447 0.0439 0.9965
1341848047.6190 0.6782 -0.3806 1.4122 -0.0545 -0.0449 0.0420 0.9966
1341848047.6508 0.6656 -0.3854 1.4060 -0.0555 -0.0444 0.0420 0.9966
1341848047.6897 0.6620 -0.3786 1.4022 -0.0516 -0.0495 0.0416 0.9966
1341848047.7508 0.6473 -0.3768 1.3958 -0.0532 -0.0496 0.0402 0.9965
1341848047.7867 0.6371 -0.3773 1.3918 -0.0540 -0.0493 0.0398 0.9965
1341848047.8188 0.6324 -0.3742 1.3895 -0.0530 -0.0517 0.0385 0.9965
1341848047.8508 0.6265 -0.3733 1.3874 -0.0539 -0.0506 0.0367 0.9966
1341848047.8869 0.6157 -0.3769 1.3844 -0.0550 -0.0486 0.0361 0.9966
1341848047.9189 0.6070 -0.3744 1.3808 -0.0528 -0.0489 0.0365 0.9967
1341848047.9547 0.6014 -0.3714 1.3783 -0.0523 -0.0498 0.0361 0.9967
1341848047.9868 0.5920 -0.3757 1.3770 -0.0543 -0.0473 0.0357 0.9968
1341848048.0189 0.5801 -0.3750 1.3724 -0.0517 -0.0464 0.0358 0.9969
1341848048.0549 0.5774 -0.3699 1.3701 -0.0498 -0.0493 0.0357 0.9969
1341848048.0868 0.5691 -0.3706 1.3677 -0.0512 -0.0468 0.0353 0.9970
1341848048.1188 0.5577 -0.3729 1.3651 -0.0517 -0.0448 0.0357 0.9970
1341848048.1547 0.5527 -0.3700 1.3628 -0.0500 -0.0457 0.0371 0.9970
1341848048.1867 0.5466 -0.3695 1.3605 -0.0502 -0.0433 0.0372 0.9971
1341848048.2230 0.5332 -0.3759 1.3577 -0.0516 -0.0396 0.0378 0.9972
1341848048.2550 0.5302 -0.3737 1.3556 -0.0474 -0.0410 0.0408 0.9972
1341848048.2866 0.5250 -0.3690 1.3517 -0.0449 -0.0389 0.0400 0.9974
1341848048.3228 0.5130 -0.3727 1.3482 -0.0470 -0.0348 0.0403 0.9975
1341848048.3547 0.5074 -0.3733 1.3459 -0.0456 -0.0341 0.0421 0.9975
1341848048.3867 0.5016 -0.3721 1.3419 -0.0438 -0.0324 0.0396 0.9977
1341848048.4226 0.4915 -0.3750 1.3386 -0.0431 -0.0293 0.0389 0.9979
1341848048.4549 0.4843 -0.3721 1.3337 -0.0389 -0.0281 0.0398 0.9981
1341848048.4907 0.4769 -0.3699 1.3291 -0.0383 -0.0270 0.0401 0.9981
1341848048.5228 0.4684 -0.3751 1.3285 -0.0393 -0.0258 0.0408 0.9981
1341848048.5550 0.4624 -0.3756 1.3250 -0.0355 -0.0253 0.0414 0.9982
1341848048.5906 0.4547 -0.3736 1.3194 -0.0319 -0.0248 0.0416 0.9983
1341848048.6227 0.4496 -0.3743 1.3179 -0.0304 -0.0256 0.0429 0.9983
1341848048.6587 0.4432 -0.3777 1.3146 -0.0280 -0.0244 0.0442 0.9983
1341848048.6908 0.4377 -0.3744 1.3088 -0.0234 -0.0247 0.0445 0.9984
1341848048.7227 0.4326 -0.3753 1.3061 -0.0222 -0.0251 0.0460 0.9984
1341848048.7588 0.4280 -0.3768 1.3032 -0.0199 -0.0248 0.0471 0.9984
1341848048.7912 0.4224 -0.3753 1.2995 -0.0169 -0.0243 0.0471 0.9985
1341848048.8227 0.4131 -0.3799 1.2971 -0.0159 -0.0228 0.0472 0.9985
1341848048.8587 0.4095 -0.3772 1.2931 -0.0116 -0.0244 0.0459 0.9986
1341848048.8910 0.4023 -0.3799 1.2899 -0.0100 -0.0237 0.0442 0.9987
1341848048.9268 0.3928 -0.3808 1.2859 -0.0064 -0.0236 0.0418 0.9988
1341848048.9590 0.3868 -0.3799 1.2807 -0.0029 -0.0256 0.0403 0.9989
1341848048.9908 0.3793 -0.3834 1.2773 -0.0008 -0.0265 0.0398 0.9989
1341848049.0267 0.3743 -0.3866 1.2747 0.0028 -0.0277 0.0374 0.9989
1341848049.0588 0.3702 -0.3838 1.2675 0.0087 -0.0284 0.0343 0.9990
1341848049.0907 0.3592 -0.3801 1.2617 0.0121 -0.0278 0.0342 0.9990
1341848049.1268 0.3536 -0.3822 1.2582 0.0126 -0.0306 0.0345 0.9989
1341848049.1589 0.3515 -0.3825 1.2545 0.0145 -0.0321 0.0326 0.9988
1341848049.1947 0.3426 -0.3809 1.2494 0.0175 -0.0308 0.0304 0.9989
1341848049.2267 0.3342 -0.3752 1.2432 0.0202 -0.0315 0.0302 0.9988
1341848049.2588 0.3289 -0.3764 1.2396 0.0189 -0.0333 0.0297 0.9988
1341848049.2947 0.3241 -0.3759 1.2359 0.0203 -0.0331 0.0276 0.9989
1341848049.3268 0.3157 -0.3717 1.2295 0.0225 -0.0315 0.0271 0.9989
1341848049.3588 0.3077 -0.3673 1.2234 0.0232 -0.0316 0.0288 0.9988
1341848049.3948 0.3001 -0.3725 1.2201 0.0210 -0.0315 0.0301 0.9988
1341848049.4268 0.2975 -0.3676 1.2141 0.0250 -0.0318 0.0309 0.9987
1341848049.4627 0.2909 -0.3621 1.2069 0.0262 -0.0301 0.0328 0.9987
1341848049.4947 0.2773 -0.3682 1.2028 0.0241 -0.0273 0.0357 0.9987
1341848049.5268 0.2792 -0.3590 1.1954 0.0286 -0.0302 0.0374 0.9984
1341848049.5628 0.2695 -0.3565 1.1891 0.0281 -0.0269 0.0384 0.9985
1341848049.5948 0.2554 -0.3557 1.1836 0.0275 -0.0255 0.0404 0.9985
1341848049.6268 0.2526 -0.3522 1.1774 0.0282 -0.0284 0.0418 0.9983
1341848049.6627 0.2465 -0.3467 1.1701 0.0289 -0.0277 0.0406 0.9984
1341848049.6951 0.2313 -0.3433 1.1637 0.0282 -0.0258 0.0404 0.9985
1341848049.7308 0.2213 -0.3412 1.1566 0.0270 -0.0288 0.0412 0.9984
1341848049.7627 0.2192 -0.3359 1.1504 0.0264 -0.0336 0.0389 0.9983
1341848049.7947 0.2077 -0.3337 1.1447 0.0255 -0.0324 0.0370 0.9985
1341848049.8308 0.1946 -0.3285 1.1378 0.0261 -0.0338 0.0363 0.9984
1341848049.8698 0.1916 -0.3198 1.1306 0.0258 -0.0388 0.0360 0.9983
1341848049.9308 0.1708 -0.3234 1.1217 0.0228 -0.0391 0.0313 0.9985
1341848049.9630 0.1638 -0.3130 1.1147 0.0261 -0.0423 0.0304 0.9983
1341848049.9988 0.1579 -0.3091 1.1096 0.0247 -0.0455 0.0300 0.9982
1341848050.0308 0.1473 -0.3130 1.1064 0.0218 -0.0473 0.0283 0.9982
1341848050.0627 0.1437 -0.3089 1.1020 0.0235 -0.0512 0.0259 0.9981
1341848050.0987 0.1366 -0.3029 1.0972 0.0241 -0.0525 0.0249 0.9980
1341848050.1307 0.1255 -0.3044 1.0947 0.0221 -0.0549 0.0226 0.9980
1341848050.1667 0.1262 -0.2972 1.0910 0.0236 -0.0599 0.0198 0.9977
1341848050.1987 0.1148 -0.2965 1.0888 0.0219 -0.0591 0.0163 0.9979
1341848050.2308 0.1029 -0.2943 1.0865 0.0218 -0.0613 0.0136 0.9978
1341848050.2667 0.1016 -0.2911 1.0831 0.0216 -0.0663 0.0115 0.9975
1341848050.2988 0.0933 -0.2901 1.0808 0.0204 -0.0672 0.0071 0.9975
1341848050.3307 0.0814 -0.2889 1.0793 0.0206 -0.0689 0.0037 0.9974
1341848050.3667 0.0781 -0.2833 1.0751 0.0217 -0.0735 0.0026 0.9971
1341848050.3987 0.0725 -0.2825 1.0725 0.0199 -0.0768 -0.0008 0.9968
1341848050.4348 0.0616 -0.2843 1.0713 0.0184 -0.0784 -0.0036 0.9967
1341848050.4667 0.0582 -0.2820 1.0683 0.0191 -0.0831 -0.0061 0.9963
1341848050.4988 0.0513 -0.2839 1.0670 0.0186 -0.0859 -0.0110 0.9961
1341848050.5348 0.0437 -0.2825 1.0640 0.0200 -0.0876 -0.0141 0.9959
1341848050.5668 0.0364 -0.2782 1.0606 0.0216 -0.0908 -0.0156 0.9955
1341848050.5988 0.0305 -0.2757 1.0577 0.0212 -0.0957 -0.0176 0.9950
1341848050.6348 0.0227 -0.2807 1.0575 0.0193 -0.0988 -0.0216 0.9947
1341848050.6668 0.0159 -0.2771 1.0541 0.0223 -0.1016 -0.0241 0.9943
1341848050.7028 0.0080 -0.2748 1.0511 0.0230 -0.1051 -0.0260 0.9939
1341848050.7348 0.0010 -0.2725 1.0477 0.0234 -0.1091 -0.0260 0.9934
1341848050.7669 -0.0059 -0.2718 1.0457 0.0225 -0.1139 -0.0272 0.9929
1341848050.8029 -0.0141 -0.2745 1.0448 0.0219 -0.1179 -0.0302 0.9923
1341848050.8348 -0.0189 -0.2704 1.0406 0.0241 -0.1219 -0.0322 0.9917
1341848050.8707 -0.0273 -0.2682 1.0385 0.0237 -0.1247 -0.0347 0.9913
1341848050.9027 -0.0368 -0.2709 1.0388 0.0228 -0.1290 -0.0379 0.9907
1341848050.9348 -0.0407 -0.2702 1.0353 0.0244 -0.1328 -0.0412 0.9900
1341848050.9709 -0.0502 -0.2670 1.0335 0.0259 -0.1346 -0.0442 0.9896
1341848051.0028 -0.0596 -0.2674 1.0320 0.0265 -0.1376 -0.0458 0.9891
1341848051.0350 -0.0641 -0.2644 1.0278 0.0281 -0.1414 -0.0464 0.9885
1341848051.0708 -0.0715 -0.2651 1.0263 0.0280 -0.1443 -0.0491 0.9879
1341848051.1027 -0.0788 -0.2632 1.0245 0.0301 -0.1469 -0.0504 0.9874
1341848051.1387 -0.0827 -0.2592 1.0204 0.0323 -0.1499 -0.0517 0.9868
1341848051.1707 -0.0893 -0.2576 1.0176 0.0326 -0.1514 -0.0518 0.9866
1341848051.2387 -0.0989 -0.2620 1.0153 0.0327 -0.1590 -0.0524 0.9853
1341848051.2708 -0.1032 -0.2643 1.0146 0.0347 -0.1615 -0.0555 0.9847
1341848051.3027 -0.1073 -0.2639 1.0125 0.0386 -0.1630 -0.0572 0.9842
1341848051.3387 -0.1122 -0.2617 1.0103 0.0428 -0.1656 -0.0574 0.9836
1341848051.3709 -0.1132 -0.2607 1.0067 0.0460 -0.1708 -0.0596 0.9824
1341848051.4067 -0.1145 -0.2602 1.0047 0.0478 -0.1729 -0.0612 0.9819
1341848051.4400 -0.1176 -0.2591 1.0037 0.0499 -0.1758 -0.0629 0.9811
1341848051.4709 -0.1187 -0.2576 1.0009 0.0519 -0.1792 -0.0655 0.9803
1341848051.5067 -0.1206 -0.2549 0.9990 0.0532 -0.1828 -0.0694 0.9793
1341848051.5389 -0.1245 -0.2580 1.0028 0.0543 -0.1876 -0.0751 0.9779
1341848051.5707 -0.1229 -0.2553 0.9998 0.0602 -0.1923 -0.0820 0.9760
1341848051.6068 -0.1276 -0.2529 0.9965 0.0627 -0.1951 -0.0883 0.9748
1341848051.6389 -0.1302 -0.2550 0.9998 0.0659 -0.2027 -0.0962 0.9723
1341848051.6747 -0.1280 -0.2487 0.9916 0.0721 -0.2071 -0.0993 0.9706
1341848051.7067 -0.1318 -0.2441 0.9872 0.0723 -0.2114 -0.1027 0.9693
1341848051.7388 -0.1336 -0.2447 0.9887 0.0729 -0.2187 -0.1078 0.9671
1341848051.7748 -0.1308 -0.2393 0.9829 0.0760 -0.2234 -0.1110 0.9654
1341848051.8067 -0.1324 -0.2385 0.9855 0.0775 -0.2267 -0.1194 0.9635
1341848051.8388 -0.1332 -0.2385 0.9870 0.0828 -0.2294 -0.1283 0.9613
1341848051.8750 -0.1269 -0.2300 0.9747 0.0875 -0.2303 -0.1328 0.9600
1341848051.9067 -0.1274 -0.2277 0.9718 0.0847 -0.2317 -0.1385 0.9591
1341848051.9427 -0.1262 -0.2285 0.9736 0.0834 -0.2361 -0.1440 0.9574
1341848051.9748 -0.1175 -0.2200 0.9675 0.0843 -0.2361 -0.1477 0.9567
1341848052.0068 -0.1171 -0.2217 0.9688 0.0799 -0.2349 -0.1517 0.9568
1341848052.0428 -0.1143 -0.2233 0.9719 0.0801 -0.2352 -0.1549 0.9562
1341848052.0749 -0.1049 -0.2167 0.9662 0.0824 -0.2330 -0.1574 0.9561
1341848052.1430 -0.0991 -0.2175 0.9679 0.0819 -0.2283 -0.1646 0.9561
1341848052.1781 -0.0878 -0.2101 0.9592 0.0836 -0.2266 -0.1686 0.9556
1341848052.2114 -0.0852 -0.2117 0.9620 0.0808 -0.2236 -0.1719 0.9560
1341848052.2429 -0.0786 -0.2101 0.9601 0.0826 -0.2223 -0.1755 0.9555
1341848052.3111 -0.0660 -0.2050 0.9536 0.0791 -0.2171 -0.1806 0.9560
1341848052.3429 -0.0604 -0.2049 0.9543 0.0803 -0.2159 -0.1838 0.9556
1341848052.3795 -0.0500 -0.2009 0.9471 0.0813 -0.2125 -0.1855 0.9559
1341848052.4123 -0.0477 -0.2003 0.9442 0.0786 -0.2092 -0.1852 0.9570
1341848052.4447 -0.0427 -0.2019 0.9471 0.0794 -0.2106 -0.1879 0.9561
1341848052.4815 -0.0324 -0.1985 0.9419 0.0821 -0.2075 -0.1890 0.9563
1341848052.5433 -0.0197 -0.1948 0.9332 0.0854 -0.2045 -0.1914 0.9562
1341848052.5792 -0.0080 -0.1899 0.9271 0.0852 -0.2024 -0.1940 0.9561
1341848052.6177 -0.0064 -0.1915 0.9289 0.0839 -0.1987 -0.1990 0.9560
1341848052.6787 0.0126 -0.1857 0.9200 0.0894 -0.1964 -0.2084 0.9539
1341848052.7108 0.0174 -0.1848 0.9155 0.0881 -0.1933 -0.2101 0.9543
1341848052.7468 0.0229 -0.1846 0.9100 0.0859 -0.1934 -0.2077 0.9550
1341848052.7787 0.0375 -0.1793 0.9037 0.0841 -0.1942 -0.2062 0.9553
1341848052.8109 0.0413 -0.1827 0.9057 0.0798 -0.1906 -0.2070 0.9563
1341848052.8469 0.0465 -0.1877 0.9064 0.0819 -0.1877 -0.2105 0.9559
1341848052.8788 0.0610 -0.1805 0.8950 0.0863 -0.1833 -0.2112 0.9562
1341848052.9147 0.0666 -0.1797 0.8901 0.0840 -0.1779 -0.2110 0.9575
1341848052.9467 0.0710 -0.1822 0.8892 0.0832 -0.1752 -0.2098 0.9583
1341848052.9787 0.0841 -0.1787 0.8829 0.0845 -0.1723 -0.2089 0.9589
1341848053.0148 0.0887 -0.1799 0.8807 0.0827 -0.1656 -0.2080 0.9605
1341848053.0467 0.0928 -0.1802 0.8778 0.0834 -0.1616 -0.2054 0.9616
1341848053.0827 0.1092 -0.1759 0.8708 0.0846 -0.1596 -0.2032 0.9623
1341848053.1148 0.1154 -0.1785 0.8706 0.0826 -0.1527 -0.2023 0.9638
1341848053.1470 0.1208 -0.1777 0.8672 0.0833 -0.1470 -0.1990 0.9653
1341848053.1832 0.1304 -0.1739 0.8602 0.0829 -0.1438 -0.1955 0.9666
1341848053.2148 0.1361 -0.1776 0.8617 0.0808 -0.1395 -0.1936 0.9677
1341848053.2480 0.1413 -0.1790 0.8599 0.0829 -0.1348 -0.1922 0.9685
1341848053.2898 0.1501 -0.1759 0.8534 0.0851 -0.1312 -0.1894 0.9694
1341848053.3217 0.1578 -0.1753 0.8496 0.0850 -0.1277 -0.1852 0.9707
1341848053.3538 0.1648 -0.1758 0.8463 0.0849 -0.1237 -0.1813 0.9719
1341848053.3861 0.1713 -0.1753 0.8428 0.0853 -0.1202 -0.1781 0.9729
1341848053.4218 0.1805 -0.1740 0.8375 0.0852 -0.1160 -0.1741 0.9741
1341848053.4537 0.1872 -0.1691 0.8338 0.0843 -0.1106 -0.1685 0.9758
1341848053.4857 0.1915 -0.1678 0.8305 0.0818 -0.1079 -0.1642 0.9771
1341848053.5217 0.1985 -0.1692 0.8269 0.0797 -0.1052 -0.1613 0.9780
1341848053.5539 0.2096 -0.1656 0.8222 0.0784 -0.1002 -0.1578 0.9792
1341848053.5897 0.2121 -0.1624 0.8210 0.0759 -0.0942 -0.1529 0.9808
1341848053.6219 0.2201 -0.1587 0.8166 0.0727 -0.0912 -0.1459 0.9824
1341848053.6538 0.2293 -0.1590 0.8128 0.0673 -0.0855 -0.1400 0.9842
1341848053.6897 0.2274 -0.1610 0.8130 0.0632 -0.0771 -0.1361 0.9857
1341848053.7217 0.2329 -0.1587 0.8101 0.0619 -0.0721 -0.1304 0.9869
1341848053.7580 0.2415 -0.1574 0.8060 0.0594 -0.0664 -0.1248 0.9882
1341848053.7899 0.2397 -0.1592 0.8057 0.0568 -0.0582 -0.1199 0.9894
1341848053.8216 0.2440 -0.1598 0.8025 0.0566 -0.0520 -0.1138 0.9905
1341848053.8578 0.2484 -0.1586 0.7982 0.0557 -0.0456 -0.1071 0.9916
1341848053.8898 0.2457 -0.1586 0.7955 0.0542 -0.0392 -0.0999 0.9927
1341848053.9511 0.2498 -0.1614 0.7843 0.0567 -0.0322 -0.0879 0.9940
1341848053.9868 0.2454 -0.1599 0.7794 0.0575 -0.0268 -0.0817 0.9946
1341848054.0510 0.2539 -0.1578 0.7619 0.0566 -0.0294 -0.0628 0.9960
1341848054.0868 0.2534 -0.1578 0.7559 0.0536 -0.0277 -0.0561 0.9966
1341848054.1189 0.2468 -0.1575 0.7513 0.0518 -0.0265 -0.0490 0.9971
1341848054.1550 0.2526 -0.1558 0.7419 0.0499 -0.0288 -0.0422 0.9974
1341848054.1867 0.2501 -0.1583 0.7357 0.0465 -0.0280 -0.0403 0.9977
1341848054.2190 0.2417 -0.1633 0.7315 0.0456 -0.0257 -0.0396 0.9978
1341848054.2548 0.2415 -0.1641 0.7230 0.0484 -0.0246 -0.0402 0.9977
1341848054.2868 0.2492 -0.1536 0.7106 0.0512 -0.0245 -0.0400 0.9976
1341848054.3229 0.2444 -0.1501 0.7026 0.0466 -0.0214 -0.0385 0.9979
1341848054.3548 0.2354 -0.1550 0.6980 0.0427 -0.0193 -0.0374 0.9982
1341848054.3871 0.2426 -0.1507 0.6873 0.0418 -0.0204 -0.0374 0.9982
1341848054.4229 0.2361 -0.1501 0.6815 0.0382 -0.0166 -0.0370 0.9984
1341848054.4547 0.2232 -0.1514 0.6777 0.0364 -0.0144 -0.0352 0.9986
1341848054.4869 0.2261 -0.1486 0.6695 0.0365 -0.0180 -0.0332 0.9986
1341848054.5227 0.2299 -0.1515 0.6618 0.0342 -0.0182 -0.0322 0.9987
1341848054.5549 0.2208 -0.1558 0.6583 0.0346 -0.0138 -0.0307 0.9988
1341848054.5908 0.2261 -0.1507 0.6485 0.0375 -0.0140 -0.0277 0.9988
1341848054.6227 0.2285 -0.1479 0.6414 0.0369 -0.0142 -0.0264 0.9989
1341848054.6564 0.2270 -0.1507 0.6356 0.0356 -0.0129 -0.0247 0.9990
1341848054.6910 0.2335 -0.1509 0.6283 0.0355 -0.0104 -0.0223 0.9991
1341848054.7227 0.2308 -0.1530 0.6232 0.0362 -0.0063 -0.0232 0.9991
1341848054.7547 0.2294 -0.1518 0.6164 0.0387 -0.0034 -0.0217 0.9990
1341848054.7909 0.2319 -0.1509 0.6090 0.0411 -0.0017 -0.0186 0.9990
1341848054.8229 0.2373 -0.1462 0.6003 0.0425 0.0002 -0.0137 0.9990
1341848054.8589 0.2340 -0.1472 0.5959 0.0422 0.0034 -0.0080 0.9991
1341848054.8909 0.2368 -0.1481 0.5894 0.0441 0.0039 -0.0042 0.9990
1341848054.9228 0.2435 -0.1449 0.5806 0.0464 0.0058 0.0005 0.9989
1341848054.9587 0.2418 -0.1401 0.5732 0.0475 0.0092 0.0053 0.9988
1341848054.9911 0.2375 -0.1451 0.5668 0.0480 0.0105 0.0068 0.9988
1341848055.0230 0.2464 -0.1406 0.5569 0.0516 0.0106 0.0080 0.9986
1341848055.0587 0.2446 -0.1369 0.5488 0.0535 0.0150 0.0104 0.9984
1341848055.0907 0.2366 -0.1341 0.5412 0.0560 0.0172 0.0137 0.9982
1341848055.1270 0.2425 -0.1280 0.5273 0.0579 0.0158 0.0177 0.9980
1341848055.1592 0.2455 -0.1268 0.5177 0.0574 0.0180 0.0197 0.9980
1341848055.1910 0.2373 -0.1273 0.5088 0.0590 0.0226 0.0214 0.9978
1341848055.2268 0.2344 -0.1173 0.4958 0.0631 0.0230 0.0242 0.9974
1341848055.2589 0.2371 -0.1080 0.4814 0.0635 0.0219 0.0259 0.9974
1341848055.2947 0.2299 -0.1087 0.4720 0.0619 0.0237 0.0279 0.9974
1341848055.3268 0.2274 -0.1028 0.4598 0.0634 0.0234 0.0298 0.9973
1341848055.3589 0.2265 -0.0969 0.4480 0.0641 0.0238 0.0291 0.9972
1341848055.3947 0.2268 -0.0892 0.4351 0.0642 0.0258 0.0280 0.9972
1341848055.4268 0.2193 -0.0868 0.4250 0.0638 0.0294 0.0275 0.9971
1341848055.4588 0.2161 -0.0790 0.4133 0.0650 0.0308 0.0281 0.9970
1341848055.4947 0.2149 -0.0718 0.4010 0.0644 0.0326 0.0296 0.9970
1341848055.5267 0.2092 -0.0701 0.3923 0.0633 0.0356 0.0300 0.9969
1341848055.5626 0.2055 -0.0667 0.3827 0.0645 0.0381 0.0305 0.9967
1341848055.5947 0.2042 -0.0562 0.3715 0.0657 0.0409 0.0311 0.9965
1341848055.6267 0.1973 -0.0505 0.3634 0.0650 0.0444 0.0324 0.9964
1341848055.6630 0.1912 -0.0480 0.3554 0.0646 0.0456 0.0339 0.9963
1341848055.6948 0.1961 -0.0413 0.3442 0.0644 0.0474 0.0341 0.9962
1341848055.7268 0.1960 -0.0340 0.3357 0.0620 0.0538 0.0362 0.9960
1341848055.7628 0.1787 -0.0376 0.3353 0.0600 0.0593 0.0394 0.9957
1341848055.7950 0.1788 -0.0348 0.3263 0.0614 0.0593 0.0425 0.9954
1341848055.8308 0.1791 -0.0329 0.3208 0.0611 0.0624 0.0457 0.9951
1341848055.8628 0.1704 -0.0343 0.3174 0.0622 0.0668 0.0495 0.9946
1341848055.8948 0.1644 -0.0310 0.3113 0.0647 0.0693 0.0525 0.9941
1341848055.9307 0.1590 -0.0258 0.3059 0.0662 0.0718 0.0533 0.9938
1341848055.9628 0.1503 -0.0244 0.3029 0.0669 0.0738 0.0552 0.9935
1341848055.9947 0.1438 -0.0176 0.2960 0.0674 0.0743 0.0582 0.9933
1341848056.0307 0.1360 -0.0154 0.2925 0.0653 0.0755 0.0602 0.9932
1341848056.0628 0.1237 -0.0171 0.2918 0.0646 0.0769 0.0618 0.9930
1341848056.0988 0.1152 -0.0141 0.2876 0.0649 0.0776 0.0629 0.9929
1341848056.1306 0.1046 -0.0139 0.2857 0.0648 0.0794 0.0638 0.9927
1341848056.1627 0.0885 -0.0130 0.2839 0.0659 0.0808 0.0640 0.9925
1341848056.1987 0.0754 -0.0079 0.2796 0.0671 0.0794 0.0653 0.9924
1341848056.2307 0.0625 -0.0032 0.2774 0.0668 0.0782 0.0669 0.9924
1341848056.2639 0.0458 -0.0045 0.2779 0.0659 0.0774 0.0665 0.9926
1341848056.2988 0.0356 -0.0012 0.2741 0.0666 0.0753 0.0666 0.9927
1341848056.3307 0.0226 0.0049 0.2709 0.0665 0.0752 0.0678 0.9926
1341848056.3667 0.0031 0.0046 0.2734 0.0655 0.0748 0.0693 0.9926
1341848056.3987 -0.0144 0.0108 0.2682 0.0658 0.0716 0.0715 0.9927
1341848056.4307 -0.0224 0.0216 0.2609 0.0623 0.0670 0.0764 0.9929
1341848056.4668 -0.0421 0.0213 0.2628 0.0552 0.0658 0.0822 0.9929
1341848056.4989 -0.0599 0.0183 0.2652 0.0509 0.0634 0.0831 0.9932
1341848056.5348 -0.0705 0.0205 0.2609 0.0482 0.0618 0.0820 0.9935
1341848056.5667 -0.0865 0.0191 0.2634 0.0452 0.0624 0.0817 0.9937
1341848056.5989 -0.1065 0.0209 0.2627 0.0443 0.0614 0.0847 0.9935
1341848056.6348 -0.1208 0.0259 0.2582 0.0420 0.0565 0.0863 0.9938
1341848056.6668 -0.1326 0.0223 0.2604 0.0378 0.0531 0.0878 0.9940
1341848056.6989 -0.1467 0.0214 0.2600 0.0372 0.0514 0.0880 0.9941
1341848056.7348 -0.1603 0.0238 0.2586 0.0363 0.0497 0.0855 0.9944
1341848056.7667 -0.1733 0.0235 0.2583 0.0357 0.0473 0.0842 0.9947
1341848056.8029 -0.1806 0.0275 0.2541 0.0340 0.0448 0.0822 0.9950
1341848056.8350 -0.1952 0.0241 0.2583 0.0314 0.0442 0.0799 0.9953
1341848056.8667 -0.2059 0.0198 0.2610 0.0311 0.0425 0.0796 0.9954
1341848056.9027 -0.2084 0.0217 0.2557 0.0316 0.0419 0.0791 0.9955
1341848056.9347 -0.2178 0.0223 0.2571 0.0300 0.0446 0.0769 0.9956
1341848056.9668 -0.2330 0.0193 0.2591 0.0297 0.0467 0.0766 0.9955
1341848057.0027 -0.2372 0.0230 0.2553 0.0295 0.0463 0.0771 0.9955
1341848057.0348 -0.2449 0.0233 0.2548 0.0266 0.0495 0.0765 0.9955
1341848057.0710 -0.2623 0.0202 0.2588 0.0252 0.0527 0.0748 0.9955
1341848057.1028 -0.2696 0.0237 0.2561 0.0257 0.0524 0.0737 0.9956
1341848057.1347 -0.2784 0.0275 0.2525 0.0231 0.0543 0.0743 0.9955
1341848057.1707 -0.2946 0.0235 0.2565 0.0201 0.0562 0.0730 0.9955
1341848057.2026 -0.3033 0.0250 0.2546 0.0201 0.0564 0.0700 0.9958
1341848057.2347 -0.3131 0.0316 0.2509 0.0188 0.0589 0.0688 0.9957
1341848057.2708 -0.3279 0.0350 0.2513 0.0157 0.0611 0.0693 0.9956
1341848057.3029 -0.3418 0.0344 0.2532 0.0130 0.0613 0.0689 0.9956
1341848057.3388 -0.3506 0.0385 0.2511 0.0111 0.0631 0.0683 0.9956
1341848057.3708 -0.3642 0.0415 0.2503 0.0077 0.0661 0.0694 0.9954
1341848057.4027 -0.3794 0.0416 0.2527 0.0061 0.0676 0.0701 0.9952
1341848057.4389 -0.3903 0.0457 0.2493 0.0054 0.0698 0.0706 0.9950
1341848057.4707 -0.4035 0.0487 0.2483 0.0028 0.0746 0.0732 0.9945
1341848057.5067 -0.4204 0.0510 0.2473 0.0027 0.0767 0.0766 0.9941
1341848057.5388 -0.4337 0.0545 0.2418 0.0016 0.0769 0.0787 0.9939
1341848057.5711 -0.4458 0.0570 0.2390 -0.0018 0.0793 0.0816 0.9935
1341848057.6067 -0.4593 0.0575 0.2388 -0.0054 0.0831 0.0855 0.9929
1341848057.6388 -0.4707 0.0580 0.2362 -0.0070 0.0864 0.0881 0.9923
1341848057.6709 -0.4826 0.0601 0.2346 -0.0091 0.0914 0.0905 0.9916
1341848057.7068 -0.4967 0.0604 0.2352 -0.0100 0.0961 0.0950 0.9908
1341848057.7389 -0.5096 0.0628 0.2299 -0.0096 0.0978 0.0966 0.9905
1341848057.7750 -0.5229 0.0657 0.2277 -0.0107 0.1005 0.0988 0.9900
1341848057.8068 -0.5383 0.0646 0.2278 -0.0116 0.1039 0.1046 0.9890
1341848057.8388 -0.5514 0.0657 0.2260 -0.0098 0.1041 0.1099 0.9884
1341848057.8748 -0.5627 0.0678 0.2226 -0.0087 0.1047 0.1116 0.9882
1341848057.9068 -0.5759 0.0708 0.2187 -0.0083 0.1060 0.1121 0.9880
1341848057.9388 -0.5907 0.0742 0.2149 -0.0084 0.1055 0.1144 0.9878
1341848057.9753 -0.6027 0.0742 0.2148 -0.0103 0.1043 0.1166 0.9876
1341848058.0068 -0.6162 0.0697 0.2174 -0.0112 0.1032 0.1162 0.9878
1341848058.0428 -0.6299 0.0686 0.2195 -0.0086 0.1007 0.1152 0.9882
1341848058.0760 -0.6414 0.0696 0.2144 -0.0070 0.0981 0.1152 0.9885
1341848058.1068 -0.6548 0.0691 0.2169 -0.0066 0.0956 0.1144 0.9888
1341848058.1427 -0.6688 0.0673 0.2189 -0.0039 0.0923 0.1128 0.9893
1341848058.1747 -0.6816 0.0688 0.2166 -0.0018 0.0891 0.1105 0.9899
1341848058.2071 -0.6949 0.0689 0.2169 -0.0014 0.0875 0.1085 0.9902
1341848058.2427 -0.7093 0.0687 0.2196 -0.0001 0.0849 0.1054 0.9908
1341848058.2747 -0.7197 0.0670 0.2268 0.0018 0.0834 0.1035 0.9911
1341848058.3107 -0.7310 0.0644 0.2281 0.0052 0.0849 0.1017 0.9912
1341848058.3432 -0.7451 0.0673 0.2260 0.0089 0.0842 0.0985 0.9915
1341848058.3749 -0.7562 0.0702 0.2247 0.0103 0.0838 0.1003 0.9914
1341848058.4107 -0.7670 0.0697 0.2240 0.0091 0.0832 0.1026 0.9912
1341848058.4428 -0.7758 0.0668 0.2308 0.0081 0.0827 0.1044 0.9911
1341848058.4747 -0.7819 0.0645 0.2363 0.0096 0.0827 0.1065 0.9908
1341848058.5430 -0.8028 0.0610 0.2390 0.0133 0.0873 0.1128 0.9897
1341848058.5789 -0.8096 0.0619 0.2419 0.0144 0.0868 0.1173 0.9892
1341848058.6108 -0.8152 0.0583 0.2474 0.0138 0.0895 0.1201 0.9886
1341848058.6431 -0.8272 0.0558 0.2498 0.0135 0.0929 0.1205 0.9883
1341848058.6787 -0.8313 0.0527 0.2604 0.0153 0.0928 0.1203 0.9883
1341848058.7107 -0.8358 0.0524 0.2627 0.0195 0.0973 0.1199 0.9878
1341848058.7468 -0.8501 0.0546 0.2585 0.0193 0.1035 0.1177 0.9875
1341848058.7787 -0.8622 0.0555 0.2617 0.0185 0.1027 0.1204 0.9872
1341848058.8109 -0.8653 0.0537 0.2659 0.0177 0.1002 0.1245 0.9870
1341848058.8468 -0.8663 0.0520 0.2721 0.0159 0.1021 0.1254 0.9867
1341848058.8796 -0.8745 0.0484 0.2762 0.0161 0.1057 0.1275 0.9861
1341848058.9468 -0.8824 0.0458 0.2798 0.0165 0.1079 0.1324 0.9852
1341848058.9789 -0.8848 0.0424 0.2852 0.0174 0.1103 0.1335 0.9847
1341848059.0147 -0.8882 0.0423 0.2858 0.0209 0.1115 0.1343 0.9844
1341848059.0467 -0.8910 0.0424 0.2846 0.0223 0.1134 0.1355 0.9840
1341848059.0788 -0.8918 0.0418 0.2887 0.0226 0.1168 0.1353 0.9836
1341848059.1147 -0.8947 0.0403 0.2897 0.0233 0.1211 0.1345 0.9832
1341848059.1467 -0.8991 0.0406 0.2883 0.0231 0.1240 0.1347 0.9828
1341848059.1787 -0.8991 0.0395 0.2921 0.0229 0.1262 0.1343 0.9826
1341848059.2147 -0.8990 0.0389 0.2950 0.0237 0.1302 0.1334 0.9822
1341848059.2468 -0.9001 0.0389 0.2956 0.0257 0.1351 0.1337 0.9814
1341848059.2827 -0.9018 0.0391 0.2965 0.0279 0.1381 0.1356 0.9807
1341848059.3147 -0.9019 0.0393 0.2950 0.0306 0.1410 0.1379 0.9799
1341848059.3468 -0.9033 0.0410 0.2905 0.0312 0.1435 0.1402 0.9792
1341848059.3827 -0.9023 0.0405 0.2958 0.0321 0.1448 0.1418 0.9787
1341848059.4147 -0.9009 0.0397 0.2940 0.0345 0.1474 0.1430 0.9781
1341848059.4468 -0.9006 0.0409 0.2912 0.0351 0.1516 0.1423 0.9775
1341848059.4827 -0.9023 0.0430 0.2916 0.0356 0.1553 0.1429 0.9768
1341848059.5147 -0.9032 0.0428 0.2902 0.0368 0.1564 0.1457 0.9762
1341848059.5508 -0.9024 0.0428 0.2893 0.0369 0.1582 0.1456 0.9759
1341848059.5827 -0.9036 0.0418 0.2905 0.0378 0.1618 0.1462 0.9752
1341848059.6147 -0.9074 0.0424 0.2876 0.0409 0.1624 0.1479 0.9747
1341848059.6507 -0.9078 0.0440 0.2856 0.0431 0.1611 0.1495 0.9746
1341848059.6827 -0.9070 0.0443 0.2831 0.0427 0.1622 0.1476 0.9747
1341848059.7187 -0.9102 0.0439 0.2864 0.0427 0.1654 0.1471 0.9743
1341848059.7509 -0.9145 0.0419 0.2857 0.0451 0.1655 0.1473 0.9741
1341848059.7828 -0.9143 0.0465 0.2806 0.0463 0.1652 0.1463 0.9742
1341848059.8188 -0.9148 0.0466 0.2830 0.0444 0.1681 0.1457 0.9739
1341848059.8507 -0.9189 0.0422 0.2852 0.0462 0.1700 0.1454 0.9736
1341848059.8827 -0.9219 0.0450 0.2810 0.0498 0.1696 0.1440 0.9737
1341848059.9188 -0.9241 0.0459 0.2798 0.0512 0.1689 0.1429 0.9739
1341848059.9508 -0.9251 0.0474 0.2800 0.0529 0.1687 0.1434 0.9737
1341848059.9868 -0.9266 0.0450 0.2789 0.0548 0.1681 0.1438 0.9737
1341848060.0187 -0.9254 0.0456 0.2787 0.0574 0.1682 0.1406 0.9740
1341848060.0507 -0.9269 0.0433 0.2792 0.0607 0.1713 0.1386 0.9735
1341848060.0868 -0.9319 0.0467 0.2735 0.0654 0.1709 0.1370 0.9735
1341848060.1188 -0.9312 0.0493 0.2731 0.0687 0.1683 0.1346 0.9741
1341848060.1508 -0.9283 0.0520 0.2706 0.0687 0.1704 0.1324 0.9740
1341848060.1869 -0.9317 0.0496 0.2727 0.0688 0.1724 0.1311 0.9738
1341848060.2189 -0.9292 0.0501 0.2729 0.0723 0.1713 0.1282 0.9742
1341848060.2548 -0.9238 0.0610 0.2680 0.0735 0.1731 0.1259 0.9741
1341848060.2875 -0.9268 0.0560 0.2700 0.0708 0.1761 0.1255 0.9738
1341848060.3189 -0.9269 0.0531 0.2710 0.0728 0.1756 0.1244 0.9738
1341848060.3546 -0.9212 0.0631 0.2669 0.0737 0.1756 0.1211 0.9742
1341848060.3873 -0.9191 0.0598 0.2698 0.0715 0.1787 0.1192 0.9740
1341848060.4186 -0.9211 0.0582 0.2702 0.0732 0.1786 0.1179 0.9741
1341848060.4548 -0.9145 0.0632 0.2684 0.0749 0.1774 0.1148 0.9746
1341848060.4867 -0.9110 0.0629 0.2695 0.0740 0.1805 0.1114 0.9744
1341848060.5229 -0.9122 0.0581 0.2736 0.0757 0.1819 0.1089 0.9743
1341848060.5547 -0.9058 0.0630 0.2693 0.0800 0.1811 0.1064 0.9744
1341848060.5867 -0.9004 0.0697 0.2668 0.0798 0.1838 0.1040 0.9742
1341848060.6227 -0.9017 0.0645 0.2719 0.0795 0.1861 0.1038 0.9738
1341848060.6561 -0.8996 0.0659 0.2685 0.0827 0.1846 0.1036 0.9738
1341848060.6873 -0.8930 0.0707 0.2670 0.0826 0.1850 0.1027 0.9739
1341848060.7232 -0.8936 0.0666 0.2694 0.0824 0.1864 0.1035 0.9735
1341848060.7579 -0.8932 0.0671 0.2683 0.0850 0.1837 0.1039 0.9738
1341848060.7909 -0.8890 0.0686 0.2672 0.0858 0.1808 0.1040 0.9742
1341848060.8240 -0.8871 0.0658 0.2693 0.0864 0.1788 0.1038 0.9746
1341848060.8624 -0.8849 0.0647 0.2696 0.0887 0.1757 0.1035 0.9750
1341848060.9231 -0.8763 0.0626 0.2716 0.0903 0.1706 0.1041 0.9757
1341848060.9608 -0.8708 0.0626 0.2723 0.0925 0.1678 0.1039 0.9760
1341848060.9969 -0.8654 0.0617 0.2727 0.0932 0.1658 0.1046 0.9762
1341848061.0306 -0.8600 0.0585 0.2745 0.0940 0.1635 0.1048 0.9764
1341848061.0622 -0.8518 0.0574 0.2757 0.0946 0.1618 0.1041 0.9767
1341848061.1006 -0.8455 0.0508 0.2791 0.0949 0.1622 0.1033 0.9767
1341848061.1298 -0.8409 0.0442 0.2813 0.0977 0.1624 0.1023 0.9765
1341848061.1979 -0.8276 0.0373 0.2834 0.1031 0.1624 0.1022 0.9760
1341848061.2594 -0.8154 0.0364 0.2789 0.1104 0.1611 0.1027 0.9754
1341848061.2909 -0.8092 0.0282 0.2827 0.1115 0.1608 0.1032 0.9752
1341848061.3266 -0.8030 0.0277 0.2802 0.1149 0.1607 0.1040 0.9747
1341848061.3589 -0.7972 0.0261 0.2798 0.1162 0.1612 0.1040 0.9745
1341848061.3908 -0.7927 0.0239 0.2813 0.1179 0.1617 0.1056 0.9741
1341848061.4269 -0.7870 0.0243 0.2800 0.1194 0.1610 0.1073 0.9738
1341848061.4588 -0.7806 0.0234 0.2812 0.1191 0.1617 0.1085 0.9736
1341848061.4947 -0.7799 0.0173 0.2828 0.1196 0.1634 0.1078 0.9733
1341848061.5267 -0.7763 0.0209 0.2810 0.1218 0.1632 0.1076 0.9731
1341848061.5588 -0.7707 0.0235 0.2811 0.1210 0.1634 0.1084 0.9731
1341848061.5947 -0.7671 0.0177 0.2842 0.1196 0.1647 0.1087 0.9730
1341848061.6267 -0.7654 0.0172 0.2845 0.1216 0.1653 0.1084 0.9727
1341848061.6588 -0.7583 0.0234 0.2809 0.1217 0.1660 0.1079 0.9726
1341848061.6949 -0.7583 0.0166 0.2858 0.1198 0.1687 0.1085 0.9723
1341848061.7267 -0.7579 0.0164 0.2857 0.1214 0.1685 0.1092 0.9721
1341848061.7628 -0.7515 0.0202 0.2833 0.1209 0.1689 0.1080 0.9722
1341848061.7948 -0.7516 0.0160 0.2872 0.1197 0.1710 0.1075 0.9720
1341848061.8267 -0.7515 0.0160 0.2877 0.1204 0.1710 0.1080 0.9719
1341848061.8629 -0.7481 0.0197 0.2865 0.1198 0.1706 0.1076 0.9721
1341848061.8948 -0.7480 0.0149 0.2909 0.1175 0.1716 0.1067 0.9723
1341848061.9307 -0.7471 0.0140 0.2925 0.1179 0.1716 0.1053 0.9724
1341848061.9628 -0.7446 0.0176 0.2923 0.1176 0.1708 0.1052 0.9726
1341848061.9972 -0.7457 0.0156 0.2961 0.1158 0.1702 0.1051 0.9729
1341848062.0307 -0.7422 0.0133 0.2989 0.1145 0.1687 0.1029 0.9736
1341848062.0633 -0.7400 0.0145 0.3007 0.1139 0.1684 0.1013 0.9739
1341848062.0949 -0.7402 0.0126 0.3060 0.1123 0.1670 0.0998 0.9744
1341848062.1308 -0.7366 0.0115 0.3084 0.1111 0.1647 0.0994 0.9750
1341848062.1634 -0.7354 0.0064 0.3128 0.1097 0.1637 0.0962 0.9757
1341848062.1987 -0.7325 0.0061 0.3148 0.1099 0.1627 0.0916 0.9763
1341848062.2308 -0.7315 0.0093 0.3176 0.1100 0.1611 0.0900 0.9766
1341848062.2628 -0.7305 0.0105 0.3200 0.1082 0.1577 0.0902 0.9774
1341848062.2993 -0.7282 0.0072 0.3234 0.1059 0.1553 0.0890 0.9781
1341848062.3308 -0.7244 0.0051 0.3256 0.1048 0.1541 0.0868 0.9786
1341848062.3628 -0.7258 0.0031 0.3289 0.1051 0.1533 0.0857 0.9788
1341848062.3988 -0.7216 0.0053 0.3291 0.1060 0.1497 0.0853 0.9793
1341848062.4308 -0.7185 0.0066 0.3291 0.1056 0.1476 0.0877 0.9795
1341848062.4669 -0.7173 0.0051 0.3320 0.1048 0.1452 0.0890 0.9798
1341848062.4987 -0.7145 0.0031 0.3328 0.1048 0.1422 0.0914 0.9800
1341848062.5307 -0.7088 0.0051 0.3307 0.1051 0.1399 0.0918 0.9803
1341848062.5669 -0.7043 0.0068 0.3313 0.1039 0.1396 0.0918 0.9804
1341848062.5988 -0.7057 0.0037 0.3348 0.1038 0.1379 0.0940 0.9805
1341848062.6308 -0.6979 0.0092 0.3308 0.1045 0.1331 0.0970 0.9808
1341848062.6667 -0.6910 0.0052 0.3324 0.1022 0.1322 0.0969 0.9812
1341848062.6987 -0.6882 0.0007 0.3350 0.1033 0.1322 0.0962 0.9811
1341848062.7349 -0.6809 0.0070 0.3303 0.1057 0.1297 0.0967 0.9811
1341848062.7668 -0.6738 0.0091 0.3306 0.1040 0.1286 0.0976 0.9814
1341848062.7987 -0.6718 0.0018 0.3344 0.1034 0.1279 0.0977 0.9815
1341848062.8348 -0.6649 0.0074 0.3303 0.1051 0.1243 0.0968 0.9819
1341848062.8668 -0.6551 0.0091 0.3293 0.1031 0.1226 0.0955 0.9825
1341848062.8991 -0.6541 0.0034 0.3326 0.1015 0.1222 0.0934 0.9829
1341848062.9350 -0.6475 0.0037 0.3310 0.1026 0.1192 0.0885 0.9836
1341848062.9669 -0.6345 0.0109 0.3294 0.1023 0.1178 0.0840 0.9842
1341848063.0029 -0.6336 0.0056 0.3326 0.0999 0.1180 0.0833 0.9845
1341848063.0350 -0.6276 0.0034 0.3331 0.1003 0.1135 0.0823 0.9850
1341848063.0667 -0.6152 0.0046 0.3322 0.1001 0.1105 0.0812 0.9855
1341848063.1028 -0.6084 -0.0006 0.3338 0.1003 0.1095 0.0797 0.9857
1341848063.1350 -0.6020 0.0035 0.3305 0.1021 0.1066 0.0794 0.9859
1341848063.1707 -0.5920 0.0042 0.3306 0.1012 0.1027 0.0794 0.9864
1341848063.2027 -0.5838 -0.0002 0.3318 0.1003 0.1009 0.0786 0.9867
1341848063.2350 -0.5746 -0.0003 0.3306 0.1013 0.0995 0.0751 0.9870
1341848063.2708 -0.5638 0.0022 0.3305 0.1014 0.0991 0.0723 0.9873
1341848063.3028 -0.5595 0.0023 0.3305 0.1009 0.0993 0.0705 0.9874
1341848063.3349 -0.5534 0.0020 0.3316 0.1002 0.0968 0.0675 0.9879
1341848063.3707 -0.5394 0.0050 0.3313 0.0986 0.0955 0.0655 0.9884
1341848063.4027 -0.5347 0.0030 0.3328 0.0964 0.0974 0.0623 0.9886
1341848063.4393 -0.5306 0.0010 0.3363 0.0949 0.0974 0.0595 0.9889
1341848063.4707 -0.5170 0.0072 0.3337 0.0943 0.0962 0.0577 0.9892
1341848063.5028 -0.5123 0.0053 0.3389 0.0897 0.0987 0.0564 0.9895
1341848063.5418 -0.5111 -0.0045 0.3467 0.0885 0.0989 0.0570 0.9895
1341848063.5778 -0.4983 0.0055 0.3424 0.0903 0.0966 0.0593 0.9894
1341848063.6097 -0.4945 0.0034 0.3482 0.0862 0.0973 0.0604 0.9897
1341848063.6430 -0.4922 -0.0027 0.3538 0.0851 0.0961 0.0613 0.9898
1341848063.6780 -0.4817 0.0064 0.3514 0.0850 0.0934 0.0621 0.9900
1341848063.7099 -0.4777 0.0066 0.3567 0.0803 0.0922 0.0627 0.9905
1341848063.7458 -0.4753 -0.0002 0.3670 0.0776 0.0901 0.0623 0.9910
1341848063.7778 -0.4656 0.0011 0.3671 0.0773 0.0879 0.0595 0.9913
1341848063.8098 -0.4610 -0.0012 0.3735 0.0753 0.0882 0.0580 0.9916
1341848063.8457 -0.4580 -0.0077 0.3816 0.0753 0.0864 0.0570 0.9918
1341848063.8779 -0.4454 -0.0061 0.3824 0.0758 0.0836 0.0563 0.9920
1341848063.9138 -0.4371 -0.0154 0.3925 0.0743 0.0853 0.0533 0.9921
1341848063.9458 -0.4345 -0.0219 0.4016 0.0772 0.0868 0.0504 0.9919
1341848063.9779 -0.4277 -0.0213 0.4059 0.0804 0.0836 0.0516 0.9919
1341848064.0140 -0.4171 -0.0240 0.4110 0.0802 0.0808 0.0531 0.9921
1341848064.0458 -0.4150 -0.0379 0.4245 0.0798 0.0802 0.0514 0.9923
1341848064.0817 -0.4017 -0.0382 0.4261 0.0833 0.0770 0.0495 0.9923
1341848064.1137 -0.3884 -0.0372 0.4303 0.0826 0.0771 0.0499 0.9923
1341848064.1458 -0.3880 -0.0480 0.4446 0.0809 0.0778 0.0512 0.9924
1341848064.1818 -0.3774 -0.0520 0.4494 0.0824 0.0739 0.0532 0.9924
1341848064.2139 -0.3595 -0.0535 0.4528 0.0816 0.0722 0.0530 0.9926
1341848064.2498 -0.3520 -0.0637 0.4659 0.0804 0.0754 0.0521 0.9925
1341848064.2830 -0.3446 -0.0689 0.4739 0.0831 0.0753 0.0520 0.9923
1341848064.3138 -0.3262 -0.0658 0.4757 0.0845 0.0732 0.0524 0.9924
1341848064.3498 -0.3154 -0.0751 0.4868 0.0828 0.0749 0.0517 0.9924
1341848064.3826 -0.3019 -0.0791 0.4918 0.0844 0.0753 0.0515 0.9922
1341848064.4181 -0.2884 -0.0772 0.4944 0.0845 0.0755 0.0515 0.9922
1341848064.4498 -0.2795 -0.0861 0.5056 0.0816 0.0766 0.0481 0.9926
1341848064.4818 -0.2672 -0.0962 0.5137 0.0818 0.0774 0.0440 0.9927
1341848064.5180 -0.2545 -0.0975 0.5145 0.0839 0.0783 0.0416 0.9925
1341848064.5497 -0.2451 -0.1019 0.5211 0.0841 0.0789 0.0418 0.9925
1341848064.5817 -0.2376 -0.1090 0.5276 0.0856 0.0782 0.0440 0.9923
1341848064.6177 -0.2244 -0.1096 0.5255 0.0881 0.0764 0.0449 0.9922
1341848064.6497 -0.2150 -0.1091 0.5266 0.0892 0.0759 0.0463 0.9920
1341848064.6858 -0.2097 -0.1102 0.5301 0.0893 0.0736 0.0490 0.9921
1341848064.7499 -0.1882 -0.1123 0.5322 0.0878 0.0728 0.0463 0.9924
1341848064.8107 -0.1762 -0.1125 0.5353 0.0891 0.0696 0.0455 0.9925
1341848064.8427 -0.1671 -0.1127 0.5373 0.0877 0.0678 0.0453 0.9928
1341848064.8788 -0.1632 -0.1172 0.5416 0.0873 0.0671 0.0461 0.9929
1341848064.9108 -0.1531 -0.1135 0.5392 0.0885 0.0635 0.0492 0.9928
1341848064.9469 -0.1433 -0.1121 0.5397 0.0867 0.0614 0.0521 0.9930
1341848064.9788 -0.1389 -0.1202 0.5463 0.0852 0.0608 0.0531 0.9931
1341848065.0108 -0.1277 -0.1186 0.5430 0.0874 0.0590 0.0542 0.9930
1341848065.0468 -0.1180 -0.1132 0.5432 0.0870 0.0583 0.0552 0.9930
1341848065.0787 -0.1172 -0.1184 0.5489 0.0859 0.0575 0.0570 0.9930
1341848065.1107 -0.1020 -0.1159 0.5458 0.0863 0.0532 0.0590 0.9931
1341848065.1467 -0.0956 -0.1164 0.5496 0.0848 0.0536 0.0588 0.9932
1341848065.1788 -0.0907 -0.1265 0.5556 0.0854 0.0533 0.0573 0.9933
1341848065.2148 -0.0784 -0.1179 0.5490 0.0899 0.0513 0.0568 0.9930
1341848065.2468 -0.0700 -0.1117 0.5494 0.0888 0.0501 0.0546 0.9933
1341848065.2787 -0.0639 -0.1232 0.5547 0.0867 0.0500 0.0536 0.9935
1341848065.3148 -0.0550 -0.1191 0.5518 0.0895 0.0482 0.0521 0.9935
1341848065.3468 -0.0444 -0.1192 0.5528 0.0889 0.0468 0.0492 0.9937
1341848065.3828 -0.0351 -0.1226 0.5523 0.0895 0.0461 0.0487 0.9937
1341848065.4149 -0.0284 -0.1213 0.5528 0.0902 0.0454 0.0473 0.9938
1341848065.4467 -0.0176 -0.1261 0.5548 0.0906 0.0439 0.0439 0.9940
1341848065.4828 -0.0050 -0.1256 0.5522 0.0928 0.0435 0.0428 0.9938
1341848065.5147 0.0010 -0.1251 0.5534 0.0938 0.0434 0.0425 0.9937
1341848065.5469 0.0087 -0.1280 0.5549 0.0938 0.0419 0.0417 0.9938
1341848065.5827 0.0208 -0.1300 0.5541 0.0950 0.0411 0.0401 0.9938
1341848065.6148 0.0255 -0.1285 0.5542 0.0961 0.0408 0.0392 0.9938
1341848065.6829 0.0372 -0.1323 0.5560 0.0965 0.0366 0.0362 0.9940
1341848065.7148 0.0477 -0.1265 0.5528 0.0974 0.0342 0.0343 0.9941
1341848065.7507 0.0464 -0.1266 0.5551 0.0959 0.0332 0.0321 0.9943
1341848065.7827 0.0510 -0.1276 0.5552 0.0951 0.0287 0.0292 0.9946
1341848065.8147 0.0624 -0.1249 0.5527 0.0944 0.0258 0.0256 0.9949
1341848065.8507 0.0618 -0.1245 0.5556 0.0930 0.0252 0.0201 0.9951
1341848065.9187 0.0663 -0.1143 0.5535 0.0906 0.0129 0.0188 0.9956
1341848065.9508 0.0719 -0.1149 0.5556 0.0861 0.0075 0.0150 0.9961
1341848065.9828 0.0728 -0.1199 0.5585 0.0837 0.0038 0.0112 0.9964
1341848066.0188 0.0809 -0.1126 0.5564 0.0840 -0.0014 0.0077 0.9964
1341848066.0507 0.0883 -0.1110 0.5575 0.0809 -0.0049 0.0039 0.9967
1341848066.0828 0.0882 -0.1146 0.5613 0.0789 -0.0071 0.0031 0.9969
1341848066.1187 0.0921 -0.1128 0.5613 0.0788 -0.0114 0.0029 0.9968
1341848066.1510 0.1036 -0.1103 0.5626 0.0774 -0.0163 0.0011 0.9969
1341848066.1868 0.1065 -0.1133 0.5657 0.0747 -0.0166 0.0014 0.9971
1341848066.2187 0.1061 -0.1163 0.5690 0.0741 -0.0195 0.0007 0.9971
1341848066.2508 0.1192 -0.1157 0.5695 0.0741 -0.0237 -0.0005 0.9970
1341848066.2867 0.1256 -0.1186 0.5728 0.0730 -0.0244 -0.0025 0.9970
1341848066.3187 0.1280 -0.1250 0.5783 0.0734 -0.0249 -0.0038 0.9970
1341848066.3548 0.1390 -0.1254 0.5799 0.0753 -0.0271 -0.0039 0.9968
1341848066.3868 0.1449 -0.1300 0.5841 0.0756 -0.0274 -0.0048 0.9967
1341848066.4188 0.1468 -0.1341 0.5893 0.0774 -0.0280 -0.0049 0.9966
1341848066.4547 0.1564 -0.1354 0.5909 0.0795 -0.0316 -0.0057 0.9963
1341848066.4869 0.1666 -0.1359 0.5949 0.0798 -0.0341 -0.0074 0.9962
1341848066.5228 0.1688 -0.1410 0.6006 0.0792 -0.0349 -0.0096 0.9962
1341848066.5551 0.1751 -0.1442 0.6050 0.0805 -0.0379 -0.0128 0.9959
1341848066.6235 0.1906 -0.1512 0.6163 0.0825 -0.0387 -0.0215 0.9956
1341848066.6552 0.1981 -0.1539 0.6209 0.0845 -0.0406 -0.0243 0.9953
1341848066.6977 0.2083 -0.1549 0.6251 0.0857 -0.0413 -0.0269 0.9951
1341848066.7325 0.2125 -0.1636 0.6322 0.0860 -0.0414 -0.0301 0.9950
1341848066.7644 0.2216 -0.1671 0.6368 0.0890 -0.0422 -0.0324 0.9946
1341848066.7953 0.2313 -0.1659 0.6396 0.0920 -0.0421 -0.0364 0.9942
1341848066.8334 0.2333 -0.1697 0.6441 0.0928 -0.0422 -0.0402 0.9940
1341848066.8621 0.2463 -0.1685 0.6462 0.0945 -0.0447 -0.0412 0.9937
1341848066.9050 0.2534 -0.1668 0.6497 0.0940 -0.0449 -0.0430 0.9936
1341848066.9302 0.2534 -0.1740 0.6551 0.0926 -0.0454 -0.0448 0.9937
1341848066.9979 0.2776 -0.1715 0.6587 0.0926 -0.0472 -0.0488 0.9934
1341848067.0547 0.2866 -0.1779 0.6649 0.0919 -0.0487 -0.0525 0.9932
1341848067.0909 0.2903 -0.1808 0.6685 0.0913 -0.0472 -0.0548 0.9932
1341848067.1230 0.2863 -0.1887 0.6718 0.0922 -0.0466 -0.0561 0.9931
1341848067.1588 0.2984 -0.1858 0.6701 0.0961 -0.0491 -0.0552 0.9926
1341848067.1911 0.3024 -0.1830 0.6709 0.0969 -0.0492 -0.0549 0.9926
1341848067.2229 0.3054 -0.1880 0.6737 0.0967 -0.0501 -0.0539 0.9926
1341848067.2587 0.3144 -0.1862 0.6717 0.0979 -0.0510 -0.0517 0.9925
1341848067.3228 0.3189 -0.1886 0.6746 0.0970 -0.0505 -0.0471 0.9929
1341848067.3587 0.3298 -0.1863 0.6739 0.0976 -0.0527 -0.0440 0.9929
1341848067.3907 0.3357 -0.1878 0.6737 0.0962 -0.0512 -0.0417 0.9932
1341848067.4269 0.3351 -0.1895 0.6748 0.0960 -0.0494 -0.0390 0.9934
1341848067.4587 0.3447 -0.1849 0.6723 0.0967 -0.0501 -0.0355 0.9934
1341848067.4915 0.3503 -0.1830 0.6724 0.0945 -0.0483 -0.0332 0.9938
1341848067.5267 0.3496 -0.1866 0.6736 0.0930 -0.0462 -0.0324 0.9941
1341848067.5588 0.3584 -0.1839 0.6708 0.0932 -0.0459 -0.0320 0.9941
1341848067.5947 0.3623 -0.1844 0.6712 0.0923 -0.0425 -0.0333 0.9943
1341848067.6267 0.3583 -0.1903 0.6727 0.0927 -0.0393 -0.0344 0.9943
1341848067.6590 0.3657 -0.1888 0.6689 0.0957 -0.0394 -0.0336 0.9941
1341848067.6949 0.3716 -0.1880 0.6678 0.0967 -0.0379 -0.0326 0.9941
1341848067.7267 0.3677 -0.1926 0.6665 0.0981 -0.0362 -0.0308 0.9940
1341848067.7587 0.3796 -0.1887 0.6634 0.1013 -0.0375 -0.0287 0.9937
1341848067.7948 0.3830 -0.1875 0.6613 0.1017 -0.0352 -0.0268 0.9938
1341848067.8268 0.3810 -0.1914 0.6600 0.1023 -0.0338 -0.0244 0.9939
1341848067.8628 0.3914 -0.1866 0.6576 0.1045 -0.0340 -0.0224 0.9937
