1341847980.7869 -0.0028 -0.0031 0.0009 -0.0005 0.0001 -0.0006 1.0000
1341847980.8230 -0.0033 -0.0012 0.0000 0.0010 0.0001 -0.0012 1.0000
1341847980.8547 -0.0033 0.0006 -0.0007 0.0013 0.0004 -0.0017 1.0000
1341847980.8907 -0.0056 -0.0007 -0.0009 0.0012 0.0009 -0.0018 1.0000
1341847980.9230 -0.0064 -0.0007 -0.0016 0.0016 0.0006 -0.0023 1.0000
1341847980.9546 -0.0048 0.0009 -0.0030 0.0016 0.0007 -0.0027 1.0000
1341847980.9907 -0.0085 -0.0006 -0.0019 0.0012 0.0016 -0.0026 1.0000
1341847981.0227 -0.0090 0.0018 -0.0031 0.0020 0.0014 -0.0026 1.0000
1341847981.0547 -0.0093 0.0010 -0.0031 0.0016 0.0014 -0.0027 1.0000
1341847981.0907 -0.0093 0.0015 -0.0038 0.0019 0.0019 -0.0029 1.0000
1341847981.1230 -0.0123 0.0002 -0.0043 0.0019 0.0030 -0.0027 1.0000
1341847981.1586 -0.0142 0.0023 -0.0052 0.0019 0.0033 -0.0016 1.0000
1341847981.1906 -0.0177 -0.0000 -0.0050 0.0012 0.0036 0.0000 1.0000
1341847981.2230 -0.0208 -0.0017 -0.0053 0.0016 0.0038 0.0015 1.0000
1341847981.2587 -0.0216 0.0005 -0.0075 0.0021 0.0031 0.0031 1.0000
1341847981.2908 -0.0214 0.0001 -0.0073 0.0020 0.0027 0.0038 1.0000
1341847981.3229 -0.0223 -0.0000 -0.0088 0.0024 0.0038 0.0036 1.0000
1341847981.3587 -0.0275 0.0022 -0.0092 0.0030 0.0052 0.0038 1.0000
1341847981.3908 -0.0336 -0.0011 -0.0104 0.0024 0.0059 0.0048 1.0000
1341847981.4267 -0.0373 -0.0009 -0.0120 0.0030 0.0056 0.0060 1.0000
1341847981.4588 -0.0387 0.0013 -0.0155 0.0034 0.0051 0.0067 1.0000
1341847981.4907 -0.0426 0.0007 -0.0160 0.0031 0.0056 0.0071 1.0000
1341847981.5270 -0.0499 0.0013 -0.0179 0.0038 0.0069 0.0067 0.9999
1341847981.5587 -0.0517 0.0025 -0.0200 0.0037 0.0072 0.0062 0.9999
1341847981.5949 -0.0586 -0.0013 -0.0207 0.0035 0.0089 0.0055 0.9999
1341847981.6267 -0.0655 0.0038 -0.0237 0.0055 0.0102 0.0059 0.9999
1341847981.6587 -0.0658 0.0079 -0.0269 0.0048 0.0097 0.0057 0.9999
1341847981.6947 -0.0752 0.0054 -0.0261 0.0042 0.0115 0.0053 0.9999
1341847981.7266 -0.0792 0.0114 -0.0291 0.0049 0.0120 0.0059 0.9999
1341847981.7588 -0.0864 0.0112 -0.0298 0.0034 0.0124 0.0060 0.9999
1341847981.7947 -0.0908 0.0183 -0.0312 0.0036 0.0125 0.0058 0.9999
1341847981.8267 -0.0955 0.0188 -0.0326 0.0016 0.0130 0.0056 0.9999
1341847981.8627 -0.1108 0.0140 -0.0304 0.0006 0.0150 0.0049 0.9999
1341847981.8946 -0.1075 0.0183 -0.0379 0.0009 0.0124 0.0050 0.9999
1341847981.9266 -0.1123 0.0238 -0.0372 -0.0012 0.0117 0.0051 0.9999
1341847981.9948 -0.1249 0.0192 -0.0347 -0.0030 0.0125 0.0049 0.9999
1341847982.0627 -0.1364 0.0114 -0.0365 -0.0022 0.0127 0.0023 0.9999
1341847982.0948 -0.1359 0.0183 -0.0373 -0.0001 0.0114 0.0014 0.9999
1341847982.1307 -0.1484 0.0050 -0.0350 -0.0012 0.0122 0.0004 0.9999
1341847982.1627 -0.1451 0.0131 -0.0390 0.0035 0.0093 0.0015 0.9999
1341847982.1947 -0.1348 0.0192 -0.0435 0.0033 0.0065 0.0024 1.0000
1341847982.2306 -0.1418 0.0152 -0.0423 0.0011 0.0093 0.0026 1.0000
1341847982.2627 -0.1446 0.0109 -0.0409 0.0014 0.0115 0.0016 0.9999
1341847982.2950 -0.1472 0.0085 -0.0431 0.0013 0.0140 0.0005 0.9999
1341847982.3307 -0.1425 0.0009 -0.0376 0.0017 0.0135 0.0027 0.9999
1341847982.3989 -0.1714 0.0048 -0.0434 0.0076 0.0152 0.0083 0.9998
1341847982.4308 -0.1598 0.0055 -0.0475 0.0087 0.0127 0.0097 0.9998
1341847982.4626 -0.1667 0.0078 -0.0466 0.0100 0.0166 0.0103 0.9998
1341847982.4986 -0.1607 0.0069 -0.0508 0.0094 0.0178 0.0104 0.9997
1341847982.5308 -0.1774 0.0068 -0.0453 0.0082 0.0223 0.0107 0.9997
1341847982.5667 -0.1770 0.0096 -0.0473 0.0073 0.0232 0.0120 0.9996
1341847982.5987 -0.1817 0.0085 -0.0446 0.0045 0.0260 0.0135 0.9996
1341847982.6307 -0.1865 0.0045 -0.0437 0.0029 0.0288 0.0136 0.9995
1341847982.6666 -0.1922 0.0062 -0.0431 0.0021 0.0317 0.0142 0.9994
1341847982.6986 -0.1971 0.0049 -0.0423 0.0004 0.0349 0.0147 0.9993
1341847982.7307 -0.2057 0.0026 -0.0407 -0.0009 0.0393 0.0145 0.9991
1341847982.7667 -0.2169 0.0001 -0.0379 -0.0008 0.0427 0.0157 0.9990
1341847982.7987 -0.2257 0.0002 -0.0381 -0.0007 0.0449 0.0172 0.9988
1341847982.8347 -0.2372 -0.0054 -0.0355 -0.0006 0.0471 0.0174 0.9987
1341847982.8667 -0.2510 -0.0074 -0.0347 0.0017 0.0488 0.0186 0.9986
1341847982.8987 -0.2626 -0.0023 -0.0389 0.0043 0.0486 0.0201 0.9986
1341847982.9348 -0.2716 0.0041 -0.0396 0.0045 0.0466 0.0219 0.9987
1341847982.9667 -0.2786 0.0021 -0.0379 0.0029 0.0451 0.0227 0.9987
1341847982.9988 -0.2815 0.0012 -0.0401 0.0016 0.0454 0.0216 0.9987
1341847983.0347 -0.2984 0.0011 -0.0383 0.0002 0.0485 0.0211 0.9986
1341847983.0667 -0.3086 0.0010 -0.0387 -0.0009 0.0484 0.0221 0.9986
1341847983.1028 -0.3228 -0.0011 -0.0373 -0.0024 0.0493 0.0234 0.9985
1341847983.1347 -0.3366 -0.0068 -0.0333 -0.0027 0.0500 0.0245 0.9984
1341847983.1667 -0.3485 -0.0071 -0.0358 -0.0014 0.0493 0.0254 0.9985
1341847983.2027 -0.3508 -0.0037 -0.0381 -0.0007 0.0464 0.0266 0.9986
1341847983.2347 -0.3603 -0.0026 -0.0397 -0.0013 0.0462 0.0274 0.9986
1341847983.2668 -0.3628 -0.0001 -0.0415 -0.0031 0.0459 0.0270 0.9986
1341847983.3027 -0.3740 -0.0035 -0.0395 -0.0062 0.0483 0.0262 0.9985
1341847983.3347 -0.3847 -0.0061 -0.0376 -0.0078 0.0513 0.0256 0.9983
1341847983.3709 -0.3974 -0.0123 -0.0352 -0.0088 0.0547 0.0249 0.9982
1341847983.4027 -0.4099 -0.0127 -0.0362 -0.0076 0.0558 0.0259 0.9981
1341847983.4347 -0.4196 -0.0102 -0.0391 -0.0085 0.0544 0.0285 0.9981
1341847983.4707 -0.4265 -0.0142 -0.0363 -0.0094 0.0538 0.0285 0.9981
1341847983.5028 -0.4309 -0.0165 -0.0396 -0.0082 0.0557 0.0257 0.9981
1341847983.5348 -0.4432 -0.0139 -0.0429 -0.0074 0.0602 0.0242 0.9979
1341847983.5707 -0.4578 -0.0132 -0.0422 -0.0077 0.0632 0.0242 0.9977
1341847983.6027 -0.4718 -0.0193 -0.0426 -0.0078 0.0643 0.0248 0.9976
1341847983.6387 -0.4805 -0.0192 -0.0472 -0.0063 0.0650 0.0252 0.9975
1341847983.7029 -0.5100 -0.0235 -0.0533 -0.0022 0.0684 0.0267 0.9973
1341847983.7387 -0.5232 -0.0209 -0.0575 -0.0009 0.0678 0.0287 0.9973
1341847983.7707 -0.5337 -0.0234 -0.0615 -0.0002 0.0671 0.0303 0.9973
1341847983.8067 -0.5465 -0.0271 -0.0620 0.0007 0.0687 0.0298 0.9972
1341847983.8387 -0.5646 -0.0246 -0.0631 0.0048 0.0705 0.0299 0.9971
1341847983.8707 -0.5790 -0.0160 -0.0710 0.0074 0.0691 0.0327 0.9970
1341847983.9067 -0.5945 -0.0191 -0.0705 0.0070 0.0674 0.0355 0.9971
1341847983.9388 -0.5996 -0.0164 -0.0785 0.0074 0.0648 0.0366 0.9972
1341847983.9708 -0.6082 -0.0146 -0.0805 0.0059 0.0659 0.0357 0.9972
1341847984.0067 -0.6248 -0.0130 -0.0789 0.0051 0.0689 0.0347 0.9970
1341847984.0387 -0.6347 -0.0116 -0.0819 0.0037 0.0707 0.0346 0.9969
1341847984.0747 -0.6462 -0.0045 -0.0863 0.0021 0.0731 0.0333 0.9968
1341847984.1068 -0.6632 -0.0037 -0.0819 -0.0021 0.0764 0.0323 0.9966
1341847984.1387 -0.6836 -0.0089 -0.0738 -0.0041 0.0795 0.0312 0.9963
1341847984.1748 -0.6884 0.0005 -0.0835 -0.0050 0.0787 0.0296 0.9964
1341847984.2067 -0.7070 0.0006 -0.0742 -0.0096 0.0814 0.0279 0.9962
1341847984.2387 -0.7314 0.0012 -0.0652 -0.0105 0.0826 0.0285 0.9961
1341847984.2748 -0.7338 0.0048 -0.0663 -0.0121 0.0796 0.0294 0.9963
1341847984.3067 -0.7435 0.0059 -0.0616 -0.0146 0.0796 0.0292 0.9963
1341847984.3431 -0.7581 0.0053 -0.0551 -0.0166 0.0800 0.0296 0.9962
1341847984.4067 -0.7780 0.0080 -0.0442 -0.0200 0.0763 0.0327 0.9963
1341847984.4429 -0.7885 0.0051 -0.0338 -0.0220 0.0763 0.0339 0.9963
1341847984.4746 -0.7977 0.0052 -0.0271 -0.0215 0.0765 0.0334 0.9963
1341847984.5067 -0.8074 0.0034 -0.0178 -0.0225 0.0773 0.0327 0.9962
1341847984.5427 -0.8126 0.0032 -0.0118 -0.0224 0.0786 0.0334 0.9961
1341847984.5748 -0.8237 0.0012 -0.0023 -0.0243 0.0820 0.0337 0.9958
1341847984.6108 -0.8408 -0.0087 0.0153 -0.0246 0.0839 0.0332 0.9956
1341847984.6427 -0.8512 -0.0076 0.0257 -0.0210 0.0829 0.0346 0.9957
1341847984.6748 -0.8560 -0.0093 0.0334 -0.0203 0.0821 0.0356 0.9958
1341847984.7107 -0.8686 -0.0172 0.0504 -0.0195 0.0826 0.0358 0.9957
1341847984.7434 -0.8745 -0.0161 0.0621 -0.0157 0.0816 0.0354 0.9959
1341847984.7789 -0.8821 -0.0174 0.0709 -0.0147 0.0820 0.0363 0.9959
1341847984.8106 -0.8919 -0.0225 0.0884 -0.0139 0.0831 0.0384 0.9957
1341847984.8427 -0.9007 -0.0297 0.1043 -0.0113 0.0838 0.0398 0.9956
1341847984.8788 -0.9051 -0.0306 0.1126 -0.0086 0.0836 0.0415 0.9956
1341847984.9106 -0.9121 -0.0334 0.1200 -0.0084 0.0833 0.0442 0.9955
1341847984.9431 -0.9201 -0.0383 0.1327 -0.0096 0.0818 0.0478 0.9955
1341847984.9792 -0.9243 -0.0420 0.1446 -0.0105 0.0797 0.0507 0.9955
1341847985.0106 -0.9257 -0.0448 0.1544 -0.0124 0.0792 0.0518 0.9954
1341847985.0466 -0.9286 -0.0510 0.1666 -0.0153 0.0820 0.0525 0.9951
1341847985.0787 -0.9350 -0.0558 0.1803 -0.0159 0.0860 0.0521 0.9948
1341847985.1108 -0.9396 -0.0604 0.1915 -0.0171 0.0888 0.0535 0.9945
1341847985.1468 -0.9437 -0.0663 0.2021 -0.0178 0.0915 0.0552 0.9941
1341847985.1787 -0.9488 -0.0725 0.2155 -0.0180 0.0950 0.0564 0.9937
1341847985.2108 -0.9538 -0.0794 0.2277 -0.0170 0.0976 0.0566 0.9935
1341847985.2467 -0.9559 -0.0824 0.2329 -0.0160 0.1000 0.0573 0.9932
1341847985.2789 -0.9613 -0.0911 0.2451 -0.0169 0.1036 0.0575 0.9928
1341847985.3146 -0.9671 -0.0974 0.2583 -0.0152 0.1071 0.0573 0.9925
1341847985.3468 -0.9715 -0.0998 0.2634 -0.0138 0.1088 0.0575 0.9923
1341847985.3788 -0.9744 -0.1027 0.2713 -0.0146 0.1097 0.0578 0.9922
1341847985.4146 -0.9773 -0.1092 0.2845 -0.0154 0.1124 0.0583 0.9918
1341847985.4469 -0.9838 -0.1136 0.2965 -0.0142 0.1154 0.0583 0.9915
1341847985.4787 -0.9881 -0.1169 0.3050 -0.0136 0.1168 0.0594 0.9913
1341847985.5147 -0.9920 -0.1215 0.3156 -0.0142 0.1185 0.0601 0.9910
1341847985.5468 -0.9964 -0.1267 0.3283 -0.0148 0.1215 0.0611 0.9906
1341847985.5826 -1.0021 -0.1319 0.3437 -0.0138 0.1250 0.0622 0.9901
1341847985.6148 -1.0090 -0.1346 0.3551 -0.0115 0.1275 0.0637 0.9897
1341847985.6471 -1.0143 -0.1420 0.3690 -0.0101 0.1300 0.0657 0.9893
1341847985.6828 -1.0197 -0.1470 0.3796 -0.0076 0.1324 0.0680 0.9888
1341847985.7147 -1.0272 -0.1537 0.3934 -0.0043 0.1343 0.0713 0.9884
1341847985.7470 -1.0329 -0.1581 0.4025 -0.0006 0.1355 0.0739 0.9880
1341847985.7828 -1.0400 -0.1625 0.4162 0.0030 0.1385 0.0760 0.9874
1341847985.8147 -1.0490 -0.1683 0.4320 0.0101 0.1417 0.0792 0.9867
1341847985.8507 -1.0550 -0.1726 0.4346 0.0166 0.1425 0.0822 0.9862
1341847985.8828 -1.0575 -0.1773 0.4337 0.0159 0.1420 0.0853 0.9861
1341847985.9150 -1.0622 -0.1845 0.4458 0.0131 0.1447 0.0880 0.9855
1341847985.9508 -1.0678 -0.1912 0.4589 0.0126 0.1499 0.0879 0.9847
1341847985.9827 -1.0741 -0.1963 0.4687 0.0134 0.1550 0.0876 0.9839
1341847986.0188 -1.0797 -0.2006 0.4772 0.0141 0.1577 0.0895 0.9833
1341847986.0520 -1.0844 -0.2057 0.4866 0.0136 0.1590 0.0928 0.9828
1341847986.0826 -1.0894 -0.2138 0.4974 0.0131 0.1607 0.0942 0.9824
1341847986.1187 -1.0909 -0.2179 0.5023 0.0123 0.1628 0.0940 0.9821
1341847986.1506 -1.0943 -0.2224 0.5120 0.0101 0.1671 0.0948 0.9813
1341847986.1826 -1.1000 -0.2297 0.5301 0.0093 0.1722 0.0955 0.9804
1341847986.2187 -1.1041 -0.2367 0.5404 0.0110 0.1753 0.0962 0.9797
1341847986.2506 -1.1067 -0.2417 0.5490 0.0125 0.1777 0.0981 0.9791
1341847986.2867 -1.1094 -0.2512 0.5609 0.0131 0.1810 0.0995 0.9784
1341847986.3262 -1.1131 -0.2585 0.5725 0.0152 0.1847 0.1006 0.9775
1341847986.3592 -1.1151 -0.2627 0.5812 0.0179 0.1876 0.1030 0.9767
1341847986.3945 -1.1169 -0.2658 0.5906 0.0188 0.1902 0.1050 0.9759
1341847986.4259 -1.1196 -0.2724 0.6024 0.0184 0.1932 0.1064 0.9752
1341847986.4577 -1.1206 -0.2765 0.6127 0.0179 0.1964 0.1074 0.9745
1341847986.4937 -1.1241 -0.2827 0.6290 0.0172 0.2000 0.1090 0.9736
1341847986.5258 -1.1264 -0.2895 0.6418 0.0177 0.2021 0.1101 0.9730
1341847986.5617 -1.1273 -0.2938 0.6507 0.0170 0.2039 0.1108 0.9726
1341847986.5937 -1.1301 -0.3021 0.6660 0.0150 0.2077 0.1111 0.9717
1341847986.6257 -1.1330 -0.3115 0.6826 0.0154 0.2119 0.1115 0.9708
1341847986.6619 -1.1343 -0.3120 0.6913 0.0177 0.2134 0.1140 0.9701
1341847986.6937 -1.1376 -0.3170 0.7052 0.0179 0.2148 0.1183 0.9693
1341847986.7259 -1.1397 -0.3219 0.7169 0.0187 0.2150 0.1237 0.9686
1341847986.7626 -1.1402 -0.3251 0.7247 0.0181 0.2147 0.1276 0.9681
1341847986.7938 -1.1405 -0.3304 0.7331 0.0147 0.2162 0.1301 0.9675
1341847986.8298 -1.1435 -0.3391 0.7493 0.0114 0.2202 0.1318 0.9664
1341847986.8867 -1.1487 -0.3435 0.7720 0.0107 0.2218 0.1372 0.9653
1341847986.9227 -1.1499 -0.3496 0.7835 0.0082 0.2221 0.1406 0.9648
1341847986.9547 -1.1507 -0.3563 0.7950 0.0060 0.2236 0.1422 0.9642
1341847986.9906 -1.1534 -0.3631 0.8072 0.0039 0.2266 0.1430 0.9634
1341847987.0229 -1.1554 -0.3666 0.8173 0.0038 0.2287 0.1453 0.9626
1341847987.0546 -1.1578 -0.3682 0.8264 0.0029 0.2296 0.1480 0.9620
1341847987.0912 -1.1578 -0.3734 0.8375 0.0007 0.2303 0.1497 0.9615
1341847987.1232 -1.1586 -0.3820 0.8492 -0.0016 0.2338 0.1490 0.9608
1341847987.1907 -1.1624 -0.3871 0.8678 -0.0049 0.2437 0.1469 0.9586
1341847987.2593 -1.1682 -0.3923 0.8919 -0.0064 0.2506 0.1501 0.9564
1341847987.2907 -1.1697 -0.4002 0.9003 -0.0087 0.2553 0.1492 0.9552
1341847987.3228 -1.1727 -0.4041 0.9113 -0.0088 0.2621 0.1477 0.9536
1341847987.3907 -1.1807 -0.4139 0.9347 -0.0052 0.2747 0.1427 0.9509
1341847987.4228 -1.1842 -0.4150 0.9421 -0.0024 0.2806 0.1411 0.9494
1341847987.4586 -1.1909 -0.4121 0.9571 0.0024 0.2873 0.1419 0.9473
1341847987.4908 -1.1963 -0.4102 0.9672 0.0088 0.2906 0.1435 0.9460
1341847987.5268 -1.2005 -0.4034 0.9650 0.0114 0.2914 0.1466 0.9452
1341847987.5587 -1.2053 -0.4159 0.9860 0.0079 0.2980 0.1478 0.9430
1341847987.5908 -1.2113 -0.4115 0.9954 0.0137 0.3026 0.1501 0.9411
1341847987.6269 -1.2171 -0.4048 1.0004 0.0175 0.3045 0.1545 0.9397
1341847987.6589 -1.2219 -0.4066 1.0129 0.0167 0.3070 0.1574 0.9385
1341847987.6916 -1.2280 -0.4045 1.0239 0.0177 0.3091 0.1595 0.9374
1341847987.7267 -1.2334 -0.4078 1.0385 0.0175 0.3103 0.1613 0.9367
1341847987.7587 -1.2374 -0.4066 1.0458 0.0192 0.3104 0.1655 0.9359
1341847987.7947 -1.2431 -0.4053 1.0573 0.0202 0.3110 0.1695 0.9350
1341847987.8267 -1.2488 -0.4062 1.0688 0.0215 0.3111 0.1732 0.9342
1341847987.8659 -1.2533 -0.4097 1.0787 0.0207 0.3107 0.1748 0.9341
1341847987.8978 -1.2594 -0.4109 1.0903 0.0223 0.3114 0.1767 0.9334
1341847987.9337 -1.2650 -0.4151 1.1019 0.0232 0.3109 0.1775 0.9334
1341847987.9658 -1.2694 -0.4222 1.1096 0.0232 0.3114 0.1743 0.9339
1341847987.9978 -1.2753 -0.4222 1.1161 0.0254 0.3120 0.1724 0.9339
1341847988.0338 -1.2795 -0.4295 1.1283 0.0249 0.3142 0.1685 0.9339
1341847988.0657 -1.2850 -0.4299 1.1385 0.0289 0.3155 0.1652 0.9340
1341847988.0982 -1.2894 -0.4337 1.1435 0.0303 0.3162 0.1604 0.9346
1341847988.1338 -1.2932 -0.4360 1.1515 0.0314 0.3188 0.1569 0.9342
1341847988.1658 -1.3003 -0.4287 1.1591 0.0372 0.3201 0.1579 0.9334
1341847988.2017 -1.3053 -0.4242 1.1649 0.0385 0.3180 0.1618 0.9334
1341847988.2338 -1.3064 -0.4328 1.1735 0.0334 0.3175 0.1633 0.9335
1341847988.2657 -1.3075 -0.4384 1.1830 0.0315 0.3197 0.1627 0.9329
1341847988.3018 -1.3119 -0.4326 1.1878 0.0342 0.3208 0.1643 0.9322
1341847988.3337 -1.3151 -0.4307 1.1962 0.0333 0.3209 0.1680 0.9315
1341847988.3697 -1.3156 -0.4354 1.2055 0.0305 0.3218 0.1698 0.9310
1341847988.4017 -1.3200 -0.4305 1.2147 0.0337 0.3223 0.1742 0.9298
1341847988.4340 -1.3219 -0.4344 1.2212 0.0321 0.3217 0.1770 0.9296
1341847988.4697 -1.3229 -0.4403 1.2268 0.0308 0.3239 0.1754 0.9292
1341847988.5025 -1.3275 -0.4346 1.2279 0.0337 0.3259 0.1762 0.9282
1341847988.5378 -1.3341 -0.4276 1.2346 0.0363 0.3267 0.1816 0.9268
1341847988.5697 -1.3374 -0.4292 1.2400 0.0338 0.3254 0.1836 0.9270
1341847988.6018 -1.3404 -0.4322 1.2416 0.0301 0.3258 0.1826 0.9271
1341847988.6378 -1.3442 -0.4335 1.2458 0.0268 0.3283 0.1810 0.9267
1341847988.6698 -1.3488 -0.4337 1.2516 0.0253 0.3305 0.1796 0.9262
1341847988.7062 -1.3538 -0.4345 1.2542 0.0236 0.3318 0.1796 0.9258
1341847988.7379 -1.3586 -0.4350 1.2587 0.0234 0.3334 0.1818 0.9248
1341847988.7697 -1.3641 -0.4361 1.2640 0.0244 0.3340 0.1860 0.9237
1341847988.8061 -1.3696 -0.4402 1.2652 0.0242 0.3342 0.1880 0.9233
1341847988.8379 -1.3770 -0.4418 1.2628 0.0232 0.3352 0.1896 0.9226
1341847988.8739 -1.3821 -0.4463 1.2670 0.0201 0.3382 0.1897 0.9215
1341847988.9378 -1.3981 -0.4474 1.2704 0.0206 0.3422 0.1929 0.9194
1341847988.9987 -1.4138 -0.4529 1.2780 0.0185 0.3451 0.1982 0.9172
1341847989.0347 -1.4233 -0.4544 1.2773 0.0173 0.3445 0.2003 0.9170
1341847989.0667 -1.4302 -0.4634 1.2832 0.0127 0.3465 0.1998 0.9164
1341847989.0988 -1.4384 -0.4692 1.2902 0.0138 0.3481 0.1988 0.9160
1341847989.1347 -1.4488 -0.4715 1.2905 0.0177 0.3474 0.1994 0.9161
1341847989.1667 -1.4585 -0.4772 1.2924 0.0202 0.3472 0.2008 0.9158
1341847989.2027 -1.4703 -0.4795 1.2936 0.0242 0.3455 0.2015 0.9162
1341847989.2347 -1.4809 -0.4847 1.2941 0.0261 0.3429 0.2016 0.9171
1341847989.2667 -1.4912 -0.4919 1.2947 0.0257 0.3416 0.1995 0.9181
1341847989.3028 -1.5026 -0.4962 1.2955 0.0250 0.3403 0.1954 0.9194
1341847989.3349 -1.5137 -0.5005 1.2955 0.0233 0.3389 0.1915 0.9208
1341847989.3667 -1.5221 -0.5074 1.2958 0.0188 0.3385 0.1857 0.9223
1341847989.4028 -1.5299 -0.5136 1.2985 0.0155 0.3401 0.1801 0.9228
1341847989.4348 -1.5391 -0.5159 1.3013 0.0173 0.3408 0.1766 0.9232
1341847989.4707 -1.5509 -0.5184 1.2954 0.0168 0.3402 0.1746 0.9239
1341847989.5026 -1.5579 -0.5235 1.2971 0.0140 0.3411 0.1745 0.9236
1341847989.5347 -1.5656 -0.5265 1.3014 0.0153 0.3412 0.1762 0.9232
1341847989.5707 -1.5744 -0.5308 1.2961 0.0142 0.3401 0.1759 0.9237
1341847989.6028 -1.5787 -0.5398 1.3003 0.0101 0.3428 0.1743 0.9230
1341847989.6347 -1.5865 -0.5432 1.3009 0.0115 0.3464 0.1714 0.9222
1341847989.6706 -1.5981 -0.5414 1.2975 0.0129 0.3489 0.1712 0.9213
1341847989.7026 -1.6050 -0.5450 1.3005 0.0111 0.3504 0.1716 0.9207
1341847989.7389 -1.6126 -0.5479 1.3007 0.0105 0.3524 0.1703 0.9201
1341847989.7707 -1.6230 -0.5481 1.3006 0.0099 0.3548 0.1705 0.9192
1341847989.8029 -1.6313 -0.5494 1.3028 0.0088 0.3562 0.1710 0.9186
1341847989.8388 -1.6407 -0.5526 1.3043 0.0080 0.3577 0.1719 0.9178
1341847989.8710 -1.6493 -0.5578 1.3071 0.0074 0.3604 0.1701 0.9171
1341847989.9027 -1.6631 -0.5558 1.3057 0.0109 0.3625 0.1710 0.9161
1341847989.9389 -1.6768 -0.5555 1.3069 0.0133 0.3620 0.1752 0.9155
1341847989.9707 -1.6866 -0.5617 1.3085 0.0132 0.3610 0.1764 0.9157
1341847990.0069 -1.6992 -0.5665 1.3056 0.0122 0.3623 0.1752 0.9154
1341847990.0390 -1.7110 -0.5675 1.3074 0.0128 0.3645 0.1751 0.9145
1341847990.0707 -1.7237 -0.5696 1.3096 0.0138 0.3650 0.1744 0.9144
1341847990.1067 -1.7365 -0.5724 1.3071 0.0138 0.3652 0.1743 0.9144
1341847990.1392 -1.7473 -0.5752 1.3092 0.0142 0.3662 0.1753 0.9138
1341847990.1711 -1.7597 -0.5755 1.3110 0.0177 0.3656 0.1767 0.9137
1341847990.2070 -1.7733 -0.5770 1.3092 0.0202 0.3633 0.1779 0.9143
1341847990.2389 -1.7855 -0.5803 1.3072 0.0195 0.3623 0.1791 0.9145
1341847990.2747 -1.7947 -0.5840 1.3119 0.0204 0.3622 0.1799 0.9144
1341847990.3067 -1.8091 -0.5854 1.3089 0.0213 0.3611 0.1790 0.9149
1341847990.3391 -1.8196 -0.5875 1.3099 0.0198 0.3612 0.1790 0.9149
1341847990.3747 -1.8298 -0.5888 1.3136 0.0203 0.3614 0.1791 0.9148
1341847990.4068 -1.8438 -0.5883 1.3115 0.0208 0.3603 0.1792 0.9152
1341847990.4426 -1.8535 -0.5900 1.3127 0.0181 0.3600 0.1814 0.9150
1341847990.4746 -1.8599 -0.5936 1.3185 0.0173 0.3600 0.1814 0.9150
1341847990.5068 -1.8716 -0.5935 1.3160 0.0172 0.3601 0.1810 0.9150
1341847990.5428 -1.8809 -0.5931 1.3177 0.0162 0.3610 0.1843 0.9140
1341847990.5747 -1.8874 -0.5939 1.3223 0.0169 0.3608 0.1875 0.9134
1341847990.6428 -1.9044 -0.5987 1.3231 0.0141 0.3631 0.1883 0.9124
1341847990.6748 -1.9128 -0.5986 1.3257 0.0144 0.3650 0.1910 0.9111
1341847990.7108 -1.9222 -0.5991 1.3279 0.0164 0.3650 0.1947 0.9103
1341847990.7427 -1.9332 -0.5991 1.3259 0.0166 0.3645 0.1989 0.9096
1341847990.7747 -1.9358 -0.6037 1.3332 0.0151 0.3656 0.2015 0.9086
1341847990.8108 -1.9436 -0.6059 1.3347 0.0168 0.3677 0.2020 0.9076
1341847990.8427 -1.9540 -0.6066 1.3348 0.0172 0.3693 0.2038 0.9065
1341847990.8747 -1.9591 -0.6097 1.3390 0.0157 0.3710 0.2049 0.9056
1341847990.9108 -1.9651 -0.6120 1.3423 0.0157 0.3730 0.2051 0.9047
1341847990.9427 -1.9726 -0.6146 1.3438 0.0141 0.3754 0.2049 0.9038
1341847990.9788 -1.9770 -0.6176 1.3490 0.0127 0.3782 0.2053 0.9026
1341847991.0108 -1.9826 -0.6205 1.3535 0.0138 0.3802 0.2053 0.9017
1341847991.0428 -1.9903 -0.6229 1.3549 0.0143 0.3820 0.2061 0.9008
1341847991.0787 -1.9953 -0.6269 1.3603 0.0145 0.3841 0.2082 0.8994
1341847991.1113 -2.0021 -0.6303 1.3639 0.0163 0.3855 0.2103 0.8983
1341847991.1428 -2.0082 -0.6346 1.3679 0.0161 0.3871 0.2109 0.8975
1341847991.1788 -2.0143 -0.6381 1.3739 0.0160 0.3897 0.2117 0.8961
1341847991.2107 -2.0205 -0.6423 1.3815 0.0174 0.3921 0.2123 0.8949
1341847991.2468 -2.0302 -0.6446 1.3855 0.0183 0.3937 0.2117 0.8943
1341847991.2787 -2.0357 -0.6491 1.3932 0.0180 0.3963 0.2123 0.8930
1341847991.3108 -2.0448 -0.6506 1.3996 0.0215 0.3984 0.2146 0.8915
1341847991.3467 -2.0586 -0.6504 1.4036 0.0259 0.3969 0.2196 0.8909
1341847991.3788 -2.0672 -0.6538 1.4071 0.0257 0.3946 0.2258 0.8903
1341847991.4147 -2.0696 -0.6607 1.4150 0.0222 0.3952 0.2293 0.8893
1341847991.4467 -2.0750 -0.6649 1.4222 0.0199 0.3976 0.2298 0.8881
1341847991.4788 -2.0801 -0.6679 1.4283 0.0179 0.4005 0.2305 0.8867
1341847991.5147 -2.0858 -0.6710 1.4354 0.0172 0.4033 0.2325 0.8849
1341847991.5467 -2.0928 -0.6730 1.4396 0.0181 0.4048 0.2357 0.8833
1341847991.5788 -2.0982 -0.6759 1.4425 0.0185 0.4060 0.2406 0.8814
1341847991.6149 -2.1005 -0.6804 1.4475 0.0188 0.4081 0.2455 0.8791
1341847991.6467 -2.1017 -0.6848 1.4507 0.0198 0.4116 0.2496 0.8763
1341847991.6899 -2.1032 -0.6897 1.4539 0.0199 0.4167 0.2519 0.8732
1341847991.7468 -2.1160 -0.6964 1.4566 0.0216 0.4242 0.2561 0.8684
1341847991.7827 -2.1180 -0.7013 1.4598 0.0204 0.4267 0.2590 0.8663
1341847991.8147 -2.1171 -0.7083 1.4655 0.0186 0.4305 0.2599 0.8642
1341847991.8467 -2.1204 -0.7142 1.4685 0.0185 0.4352 0.2582 0.8623
1341847991.8828 -2.1289 -0.7156 1.4690 0.0192 0.4390 0.2587 0.8603
1341847991.9158 -2.1323 -0.7208 1.4748 0.0196 0.4410 0.2611 0.8585
1341847991.9508 -2.1356 -0.7277 1.4795 0.0191 0.4430 0.2612 0.8574
1341847991.9828 -2.1389 -0.7328 1.4832 0.0176 0.4460 0.2597 0.8564
1341847992.0147 -2.1437 -0.7373 1.4881 0.0168 0.4501 0.2589 0.8545
1341847992.0506 -2.1532 -0.7399 1.4922 0.0171 0.4526 0.2587 0.8532
1341847992.0828 -2.1568 -0.7457 1.4996 0.0157 0.4541 0.2588 0.8524
1341847992.1148 -2.1630 -0.7500 1.5045 0.0151 0.4563 0.2584 0.8513
1341847992.1508 -2.1690 -0.7544 1.5109 0.0152 0.4590 0.2587 0.8498
1341847992.1828 -2.1781 -0.7573 1.5167 0.0159 0.4605 0.2595 0.8488
1341847992.2187 -2.1827 -0.7625 1.5241 0.0158 0.4621 0.2607 0.8475
1341847992.2507 -2.1892 -0.7681 1.5301 0.0153 0.4654 0.2606 0.8457
1341847992.3187 -2.2048 -0.7764 1.5430 0.0164 0.4725 0.2620 0.8413
1341847992.3507 -2.2149 -0.7797 1.5479 0.0173 0.4750 0.2636 0.8394
1341847992.3829 -2.2223 -0.7842 1.5548 0.0177 0.4773 0.2662 0.8373
1341847992.4189 -2.2290 -0.7897 1.5613 0.0192 0.4798 0.2692 0.8348
1341847992.4508 -2.2400 -0.7935 1.5656 0.0202 0.4822 0.2712 0.8328
1341847992.4867 -2.2486 -0.7976 1.5716 0.0210 0.4840 0.2747 0.8305
1341847992.5187 -2.2553 -0.8043 1.5796 0.0215 0.4861 0.2768 0.8287
1341847992.5506 -2.2663 -0.8083 1.5851 0.0221 0.4879 0.2773 0.8274
1341847992.5867 -2.2774 -0.8124 1.5913 0.0214 0.4895 0.2784 0.8261
1341847992.6188 -2.2860 -0.8169 1.5986 0.0205 0.4910 0.2795 0.8248
1341847992.6547 -2.2960 -0.8211 1.6057 0.0201 0.4922 0.2814 0.8235
1341847992.6868 -2.3016 -0.8265 1.6143 0.0191 0.4932 0.2821 0.8226
1341847992.7187 -2.3077 -0.8311 1.6205 0.0193 0.4951 0.2816 0.8217
1341847992.7548 -2.3202 -0.8333 1.6266 0.0210 0.4968 0.2827 0.8203
1341847992.7866 -2.3269 -0.8382 1.6339 0.0208 0.4970 0.2839 0.8197
1341847992.8187 -2.3332 -0.8424 1.6390 0.0197 0.4977 0.2832 0.8196
1341847992.8549 -2.3415 -0.8449 1.6441 0.0179 0.4996 0.2829 0.8185
1341847992.8866 -2.3475 -0.8482 1.6511 0.0160 0.5011 0.2842 0.8172
1341847992.9227 -2.3512 -0.8530 1.6596 0.0152 0.5021 0.2854 0.8162
1341847992.9546 -2.3557 -0.8568 1.6649 0.0141 0.5033 0.2857 0.8154
1341847992.9867 -2.3578 -0.8605 1.6726 0.0142 0.5052 0.2867 0.8138
1341847993.0227 -2.3666 -0.8637 1.6782 0.0151 0.5064 0.2875 0.8128
1341847993.0548 -2.3701 -0.8680 1.6857 0.0141 0.5072 0.2886 0.8119
1341847993.0868 -2.3751 -0.8721 1.6929 0.0128 0.5087 0.2885 0.8111
1341847993.1227 -2.3797 -0.8753 1.7003 0.0107 0.5102 0.2883 0.8102
1341847993.1547 -2.3812 -0.8791 1.7090 0.0088 0.5121 0.2882 0.8091
1341847993.1908 -2.3817 -0.8832 1.7180 0.0084 0.5148 0.2885 0.8072
1341847993.2227 -2.3864 -0.8876 1.7253 0.0109 0.5172 0.2899 0.8052
1341847993.2618 -2.3924 -0.8919 1.7322 0.0139 0.5180 0.2921 0.8039
1341847993.3228 -2.3967 -0.9038 1.7481 0.0172 0.5212 0.2943 0.8009
1341847993.3547 -2.4033 -0.9088 1.7561 0.0177 0.5236 0.2951 0.7990
1341847993.3907 -2.4041 -0.9136 1.7651 0.0171 0.5259 0.2957 0.7973
1341847993.4227 -2.4069 -0.9182 1.7744 0.0165 0.5288 0.2962 0.7952
1341847993.4588 -2.4084 -0.9232 1.7840 0.0171 0.5314 0.2974 0.7930
1341847993.4907 -2.4131 -0.9274 1.7933 0.0191 0.5333 0.2994 0.7910
1341847993.5227 -2.4192 -0.9315 1.8019 0.0211 0.5341 0.3025 0.7892
1341847993.5587 -2.4239 -0.9362 1.8123 0.0214 0.5346 0.3067 0.7872
1341847993.5910 -2.4277 -0.9419 1.8227 0.0206 0.5346 0.3095 0.7861
1341847993.6268 -2.4310 -0.9466 1.8316 0.0190 0.5346 0.3115 0.7854
1341847993.6589 -2.4379 -0.9502 1.8417 0.0164 0.5350 0.3135 0.7844
1341847993.6907 -2.4376 -0.9544 1.8524 0.0123 0.5345 0.3161 0.7838
1341847993.7271 -2.4314 -0.9613 1.8627 0.0084 0.5356 0.3161 0.7831
1341847993.7909 -2.4367 -0.9702 1.8816 0.0052 0.5420 0.3145 0.7793
1341847993.8267 -2.4396 -0.9755 1.8906 0.0053 0.5421 0.3159 0.7786
1341847993.8589 -2.4420 -0.9823 1.8979 0.0033 0.5425 0.3160 0.7784
1341847993.9017 -2.4408 -0.9868 1.9061 0.0009 0.5437 0.3162 0.7774
1341847993.9337 -2.4408 -0.9946 1.9150 0.0010 0.5453 0.3163 0.7762
1341847993.9658 -2.4474 -1.0008 1.9204 -0.0004 0.5464 0.3155 0.7758
1341847994.0020 -2.4415 -1.0064 1.9273 -0.0038 0.5490 0.3151 0.7741
1341847994.0340 -2.4397 -1.0141 1.9341 -0.0028 0.5524 0.3147 0.7719
1341847994.0657 -2.4487 -1.0198 1.9379 -0.0006 0.5542 0.3145 0.7707
1341847994.1018 -2.4470 -1.0253 1.9451 -0.0009 0.5562 0.3154 0.7689
1341847994.1339 -2.4458 -1.0321 1.9524 0.0007 0.5589 0.3150 0.7671
1341847994.1697 -2.4537 -1.0374 1.9574 0.0034 0.5614 0.3143 0.7655
1341847994.2017 -2.4571 -1.0416 1.9636 0.0054 0.5631 0.3166 0.7633
1341847994.2336 -2.4547 -1.0480 1.9701 0.0093 0.5644 0.3188 0.7614
1341847994.2697 -2.4628 -1.0539 1.9743 0.0123 0.5666 0.3180 0.7601
1341847994.3018 -2.4684 -1.0593 1.9802 0.0119 0.5687 0.3185 0.7583
1341847994.3338 -2.4678 -1.0667 1.9895 0.0136 0.5715 0.3190 0.7560
1341847994.3697 -2.4767 -1.0743 1.9969 0.0159 0.5740 0.3181 0.7543
1341847994.4017 -2.4817 -1.0806 2.0054 0.0175 0.5759 0.3188 0.7526
1341847994.4338 -2.4861 -1.0884 2.0154 0.0205 0.5775 0.3207 0.7505
1341847994.4697 -2.4936 -1.0958 2.0250 0.0229 0.5787 0.3213 0.7492
1341847994.5017 -2.4997 -1.1012 2.0339 0.0239 0.5797 0.3226 0.7479
1341847994.5377 -2.5030 -1.1077 2.0446 0.0256 0.5813 0.3242 0.7459
1341847994.5697 -2.5128 -1.1136 2.0535 0.0274 0.5826 0.3256 0.7442
1341847994.6017 -2.5197 -1.1184 2.0626 0.0266 0.5837 0.3280 0.7423
1341847994.6378 -2.5211 -1.1239 2.0734 0.0257 0.5850 0.3302 0.7403
1341847994.6697 -2.5273 -1.1302 2.0836 0.0262 0.5862 0.3313 0.7389
1341847994.7016 -2.5348 -1.1349 2.0918 0.0243 0.5869 0.3328 0.7377
1341847994.7698 -2.5361 -1.1465 2.1111 0.0227 0.5912 0.3344 0.7336
1341847994.8313 -2.5563 -1.1550 2.1278 0.0171 0.5952 0.3397 0.7281
1341847994.8668 -2.5535 -1.1611 2.1389 0.0147 0.5951 0.3434 0.7265
1341847994.8987 -2.5583 -1.1649 2.1459 0.0143 0.5951 0.3452 0.7256
1341847994.9307 -2.5612 -1.1678 2.1524 0.0112 0.5961 0.3455 0.7246
1341847994.9667 -2.5579 -1.1714 2.1609 0.0093 0.5983 0.3469 0.7222
1341847994.9987 -2.5623 -1.1762 2.1680 0.0107 0.6008 0.3482 0.7195
1341847995.0308 -2.5670 -1.1788 2.1751 0.0108 0.6032 0.3509 0.7162
1341847995.0667 -2.5618 -1.1832 2.1836 0.0110 0.6056 0.3531 0.7130
1341847995.0987 -2.5651 -1.1881 2.1893 0.0131 0.6091 0.3536 0.7098
1341847995.1349 -2.5710 -1.1919 2.1955 0.0132 0.6124 0.3544 0.7065
1341847995.1666 -2.5675 -1.1970 2.2035 0.0137 0.6150 0.3558 0.7035
1341847995.1988 -2.5709 -1.2018 2.2090 0.0155 0.6176 0.3556 0.7014
1341847995.2347 -2.5759 -1.2064 2.2157 0.0156 0.6199 0.3560 0.6991
1341847995.2668 -2.5734 -1.2111 2.2240 0.0158 0.6216 0.3572 0.6970
1341847995.2988 -2.5732 -1.2173 2.2295 0.0184 0.6238 0.3582 0.6944
1341847995.3347 -2.5824 -1.2214 2.2354 0.0188 0.6255 0.3582 0.6929
1341847995.3667 -2.5783 -1.2253 2.2431 0.0171 0.6271 0.3593 0.6909
1341847995.4028 -2.5800 -1.2311 2.2509 0.0169 0.6290 0.3587 0.6895
1341847995.4347 -2.5828 -1.2348 2.2591 0.0161 0.6300 0.3590 0.6884
1341847995.4668 -2.5794 -1.2388 2.2676 0.0152 0.6315 0.3594 0.6869
1341847995.5027 -2.5785 -1.2446 2.2769 0.0164 0.6329 0.3596 0.6855
1341847995.5348 -2.5825 -1.2500 2.2851 0.0194 0.6322 0.3612 0.6852
1341847995.5667 -2.5860 -1.2536 2.2927 0.0226 0.6310 0.3656 0.6839
1341847995.6027 -2.5864 -1.2566 2.3025 0.0241 0.6295 0.3702 0.6828
1341847995.6348 -2.5841 -1.2589 2.3088 0.0234 0.6285 0.3729 0.6822
1341847995.6708 -2.5834 -1.2616 2.3158 0.0214 0.6289 0.3751 0.6807
1341847995.7028 -2.5806 -1.2640 2.3230 0.0194 0.6296 0.3782 0.6784
1341847995.7348 -2.5741 -1.2675 2.3300 0.0187 0.6297 0.3807 0.6769
1341847995.7707 -2.5752 -1.2705 2.3350 0.0192 0.6299 0.3817 0.6762
1341847995.8028 -2.5739 -1.2725 2.3408 0.0187 0.6307 0.3831 0.6746
1341847995.8388 -2.5701 -1.2760 2.3475 0.0187 0.6316 0.3837 0.6734
1341847995.8706 -2.5729 -1.2792 2.3520 0.0193 0.6325 0.3832 0.6728
1341847995.9028 -2.5762 -1.2806 2.3575 0.0175 0.6340 0.3830 0.6716
1341847995.9387 -2.5689 -1.2832 2.3613 0.0163 0.6353 0.3842 0.6697
1341847995.9707 -2.5718 -1.2878 2.3636 0.0178 0.6374 0.3844 0.6676
1341847996.0027 -2.5751 -1.2898 2.3677 0.0162 0.6396 0.3841 0.6657
1341847996.0388 -2.5681 -1.2923 2.3691 0.0153 0.6412 0.3851 0.6636
1341847996.0707 -2.5675 -1.2962 2.3723 0.0174 0.6433 0.3849 0.6616
1341847996.1067 -2.5731 -1.2986 2.3757 0.0181 0.6453 0.3838 0.6603
1341847996.1388 -2.5697 -1.3002 2.3762 0.0176 0.6471 0.3842 0.6583
1341847996.1707 -2.5675 -1.3037 2.3794 0.0194 0.6504 0.3837 0.6552
1341847996.2066 -2.5750 -1.3066 2.3841 0.0195 0.6536 0.3812 0.6535
1341847996.2390 -2.5771 -1.3077 2.3862 0.0185 0.6553 0.3815 0.6517
1341847996.2708 -2.5763 -1.3103 2.3907 0.0191 0.6567 0.3836 0.6490
1341847996.3389 -2.5803 -1.3143 2.3973 0.0202 0.6592 0.3851 0.6456
1341847996.3747 -2.5802 -1.3161 2.4003 0.0193 0.6610 0.3860 0.6433
1341847996.4067 -2.5800 -1.3195 2.4034 0.0206 0.6629 0.3875 0.6404
1341847996.4386 -2.5856 -1.3226 2.4080 0.0217 0.6648 0.3884 0.6378
1341847996.4748 -2.5837 -1.3256 2.4133 0.0215 0.6662 0.3900 0.6353
1341847996.5067 -2.5821 -1.3299 2.4171 0.0238 0.6675 0.3910 0.6332
1341847996.5388 -2.5905 -1.3331 2.4240 0.0259 0.6697 0.3906 0.6312
1341847996.5748 -2.5946 -1.3353 2.4315 0.0244 0.6704 0.3916 0.6297
1341847996.6071 -2.5923 -1.3390 2.4364 0.0244 0.6710 0.3932 0.6281
1341847996.6428 -2.6019 -1.3402 2.4450 0.0245 0.6719 0.3941 0.6266
1341847996.6748 -2.6014 -1.3411 2.4523 0.0210 0.6717 0.3964 0.6256
1341847996.7069 -2.6003 -1.3426 2.4552 0.0195 0.6733 0.3976 0.6231
1341847996.7427 -2.6078 -1.3435 2.4654 0.0153 0.6771 0.3969 0.6195
1341847996.7747 -2.6046 -1.3465 2.4725 0.0106 0.6789 0.3987 0.6165
1341847996.8068 -2.6042 -1.3511 2.4793 0.0109 0.6806 0.4013 0.6129
1341847996.8428 -2.6092 -1.3553 2.4873 0.0111 0.6818 0.4032 0.6103
1341847996.8748 -2.6079 -1.3593 2.4961 0.0111 0.6821 0.4053 0.6086
1341847996.9108 -2.6094 -1.3659 2.5028 0.0131 0.6825 0.4063 0.6074
1341847996.9427 -2.6147 -1.3715 2.5130 0.0156 0.6828 0.4077 0.6061
1341847996.9748 -2.6136 -1.3765 2.5207 0.0174 0.6831 0.4079 0.6055
1341847997.0107 -2.6206 -1.3837 2.5315 0.0196 0.6845 0.4072 0.6043
1341847997.0427 -2.6241 -1.3887 2.5417 0.0203 0.6849 0.4071 0.6039
1341847997.0787 -2.6262 -1.3961 2.5508 0.0216 0.6853 0.4072 0.6034
1341847997.1430 -2.6325 -1.4068 2.5730 0.0204 0.6865 0.4049 0.6036
1341847997.1788 -2.6333 -1.4129 2.5817 0.0206 0.6867 0.4036 0.6043
1341847997.2109 -2.6399 -1.4185 2.5929 0.0203 0.6871 0.4021 0.6048
1341847997.2430 -2.6412 -1.4228 2.6021 0.0190 0.6871 0.4022 0.6048
1341847997.2788 -2.6416 -1.4278 2.6109 0.0184 0.6870 0.4032 0.6043
1341847997.3114 -2.6425 -1.4322 2.6189 0.0174 0.6872 0.4033 0.6040
1341847997.3466 -2.6389 -1.4366 2.6234 0.0165 0.6882 0.4035 0.6028
1341847997.3787 -2.6408 -1.4429 2.6317 0.0165 0.6907 0.4026 0.6004
1341847997.4108 -2.6381 -1.4483 2.6387 0.0160 0.6925 0.4028 0.5983
1341847997.4467 -2.6307 -1.4544 2.6441 0.0169 0.6945 0.4021 0.5964
1341847997.4788 -2.6395 -1.4618 2.6509 0.0181 0.6979 0.4001 0.5938
1341847997.5109 -2.6359 -1.4668 2.6586 0.0172 0.7002 0.4006 0.5907
1341847997.5466 -2.6293 -1.4726 2.6657 0.0169 0.7021 0.4006 0.5885
1341847997.5787 -2.6286 -1.4790 2.6739 0.0166 0.7046 0.3990 0.5866
1341847997.6147 -2.6267 -1.4843 2.6813 0.0153 0.7074 0.3976 0.5842
1341847997.6470 -2.6183 -1.4922 2.6888 0.0147 0.7096 0.3972 0.5818
1341847997.6788 -2.6147 -1.5012 2.6988 0.0167 0.7110 0.3964 0.5806
1341847997.7146 -2.6132 -1.5063 2.7078 0.0180 0.7123 0.3948 0.5800
1341847997.7466 -2.6071 -1.5129 2.7155 0.0186 0.7145 0.3936 0.5781
1341847997.7787 -2.6033 -1.5213 2.7273 0.0196 0.7174 0.3918 0.5757
1341847997.8469 -2.5976 -1.5361 2.7472 0.0233 0.7196 0.3922 0.5726
1341847997.8826 -2.5960 -1.5426 2.7587 0.0248 0.7207 0.3942 0.5697
1341847997.9152 -2.5891 -1.5497 2.7675 0.0260 0.7209 0.3969 0.5676
1341847997.9470 -2.5848 -1.5563 2.7778 0.0281 0.7211 0.3993 0.5654
1341847997.9827 -2.5785 -1.5628 2.7868 0.0291 0.7209 0.4015 0.5641
1341847998.0149 -2.5732 -1.5698 2.7952 0.0304 0.7213 0.4024 0.5629
1341847998.0508 -2.5684 -1.5760 2.8052 0.0317 0.7218 0.4032 0.5616
1341847998.0826 -2.5638 -1.5837 2.8170 0.0334 0.7211 0.4048 0.5613
1341847998.1223 -2.5623 -1.5903 2.8267 0.0349 0.7191 0.4068 0.5624
1341847998.1541 -2.5598 -1.5947 2.8359 0.0345 0.7184 0.4077 0.5626
1341847998.1857 -2.5529 -1.6008 2.8444 0.0323 0.7178 0.4074 0.5637
1341847998.2538 -2.5452 -1.6125 2.8608 0.0294 0.7174 0.4069 0.5648
1341847998.3188 -2.5360 -1.6258 2.8773 0.0288 0.7162 0.4052 0.5674
1341847998.3512 -2.5327 -1.6298 2.8883 0.0278 0.7155 0.4054 0.5683
1341847998.3827 -2.5265 -1.6360 2.8972 0.0268 0.7137 0.4055 0.5704
1341847998.4192 -2.5258 -1.6393 2.9076 0.0248 0.7136 0.4034 0.5723
1341847998.4508 -2.5212 -1.6451 2.9192 0.0214 0.7133 0.4026 0.5733
1341847998.4840 -2.5160 -1.6515 2.9282 0.0198 0.7115 0.4031 0.5752
1341847998.5187 -2.5143 -1.6559 2.9404 0.0179 0.7108 0.4023 0.5767
1341847998.5507 -2.5084 -1.6609 2.9498 0.0147 0.7102 0.4016 0.5781
1341847998.5867 -2.5055 -1.6668 2.9610 0.0134 0.7101 0.4012 0.5785
1341847998.6188 -2.5031 -1.6733 2.9731 0.0121 0.7097 0.4010 0.5791
1341847998.6507 -2.5043 -1.6768 2.9845 0.0099 0.7098 0.4005 0.5794
1341847998.6869 -2.4972 -1.6817 2.9951 0.0074 0.7101 0.4017 0.5783
1341847998.7187 -2.4924 -1.6887 3.0054 0.0086 0.7100 0.4027 0.5775
1341847998.7508 -2.4953 -1.6943 3.0191 0.0091 0.7100 0.4027 0.5776
1341847998.7868 -2.4921 -1.6980 3.0287 0.0088 0.7094 0.4045 0.5771
1341847998.8188 -2.4917 -1.7030 3.0393 0.0093 0.7108 0.4046 0.5753
1341847998.8547 -2.4910 -1.7088 3.0532 0.0075 0.7124 0.4040 0.5738
1341847998.8867 -2.4880 -1.7152 3.0640 0.0069 0.7122 0.4054 0.5730
1341847998.9187 -2.4877 -1.7201 3.0780 0.0083 0.7113 0.4085 0.5719
1341847998.9548 -2.4877 -1.7233 3.0904 0.0080 0.7103 0.4114 0.5711
1341847998.9867 -2.4818 -1.7279 3.1002 0.0068 0.7088 0.4138 0.5712
1341847999.0188 -2.4809 -1.7302 3.1087 0.0071 0.7082 0.4151 0.5710
1341847999.0549 -2.4799 -1.7349 3.1224 0.0064 0.7091 0.4162 0.5691
1341847999.0868 -2.4784 -1.7397 3.1342 0.0042 0.7079 0.4179 0.5694
1341847999.1227 -2.4753 -1.7428 3.1412 0.0035 0.7070 0.4196 0.5693
1341847999.1549 -2.4750 -1.7444 3.1500 0.0027 0.7081 0.4202 0.5674
1341847999.1867 -2.4696 -1.7476 3.1574 0.0022 0.7101 0.4214 0.5641
1341847999.2227 -2.4643 -1.7518 3.1629 0.0022 0.7125 0.4207 0.5616
1341847999.2910 -2.4584 -1.7612 3.1776 0.0065 0.7199 0.4200 0.5526
1341847999.3227 -2.4536 -1.7701 3.1857 0.0111 0.7211 0.4229 0.5487
1341847999.3549 -2.4519 -1.7734 3.1919 0.0158 0.7216 0.4243 0.5468
1341847999.3908 -2.4534 -1.7776 3.2003 0.0185 0.7240 0.4245 0.5434
1341847999.4239 -2.4480 -1.7802 3.2035 0.0191 0.7263 0.4250 0.5399
1341847999.4549 -2.4434 -1.7849 3.2090 0.0199 0.7297 0.4243 0.5358
1341847999.4909 -2.4427 -1.7882 3.2136 0.0214 0.7333 0.4240 0.5311
1341847999.5227 -2.4372 -1.7919 3.2182 0.0243 0.7369 0.4278 0.5228
1341847999.5589 -2.4293 -1.7979 3.2253 0.0281 0.7393 0.4312 0.5165
1341847999.5907 -2.4272 -1.8001 3.2329 0.0301 0.7414 0.4318 0.5127
1341847999.6229 -2.4231 -1.8020 3.2381 0.0296 0.7442 0.4328 0.5080
1341847999.6588 -2.4092 -1.8046 3.2398 0.0303 0.7464 0.4348 0.5029
1341847999.6911 -2.4065 -1.8092 3.2490 0.0320 0.7493 0.4345 0.4986
1341847999.7227 -2.3984 -1.8102 3.2547 0.0312 0.7511 0.4356 0.4952
1341847999.7588 -2.3845 -1.8109 3.2547 0.0323 0.7527 0.4370 0.4914
1341847999.7910 -2.3781 -1.8136 3.2618 0.0344 0.7558 0.4366 0.4868
1341847999.8267 -2.3731 -1.8171 3.2686 0.0351 0.7577 0.4375 0.4829
1341847999.8588 -2.3651 -1.8180 3.2710 0.0366 0.7592 0.4411 0.4771
1341847999.8977 -2.3572 -1.8197 3.2774 0.0382 0.7608 0.4454 0.4704
1341847999.9588 -2.3419 -1.8190 3.2858 0.0387 0.7622 0.4541 0.4598
1341847999.9908 -2.3308 -1.8187 3.2889 0.0385 0.7626 0.4591 0.4541
1341848000.0267 -2.3202 -1.8183 3.2908 0.0388 0.7629 0.4626 0.4499
1341848000.0587 -2.3155 -1.8186 3.2964 0.0374 0.7639 0.4650 0.4459
1341848000.0948 -2.3071 -1.8182 3.2978 0.0353 0.7641 0.4692 0.4413
1341848000.1267 -2.2992 -1.8173 3.2995 0.0333 0.7652 0.4723 0.4361
1341848000.1586 -2.2916 -1.8166 3.3035 0.0300 0.7666 0.4749 0.4312
1341848000.1948 -2.2804 -1.8168 3.3028 0.0277 0.7667 0.4786 0.4271
1341848000.2271 -2.2741 -1.8166 3.3044 0.0271 0.7670 0.4813 0.4234
1341848000.2670 -2.2657 -1.8149 3.3052 0.0254 0.7671 0.4841 0.4203
1341848000.3271 -2.2526 -1.8147 3.3090 0.0242 0.7681 0.4887 0.4131
1341848000.3627 -2.2432 -1.8140 3.3112 0.0229 0.7673 0.4916 0.4111
1341848000.3947 -2.2344 -1.8109 3.3107 0.0230 0.7675 0.4933 0.4088
1341848000.4268 -2.2286 -1.8116 3.3136 0.0229 0.7682 0.4945 0.4059
1341848000.4627 -2.2208 -1.8092 3.3156 0.0218 0.7683 0.4959 0.4040
1341848000.4947 -2.2103 -1.8054 3.3133 0.0207 0.7692 0.4965 0.4017
1341848000.5308 -2.2019 -1.8068 3.3148 0.0207 0.7706 0.4967 0.3989
1341848000.5628 -2.1928 -1.8065 3.3149 0.0211 0.7711 0.4970 0.3975
1341848000.5948 -2.1839 -1.8045 3.3145 0.0220 0.7728 0.4968 0.3943
1341848000.6306 -2.1751 -1.8054 3.3152 0.0222 0.7748 0.4963 0.3911
1341848000.6627 -2.1657 -1.8055 3.3140 0.0230 0.7766 0.4956 0.3881
1341848000.6954 -2.1579 -1.8069 3.3178 0.0237 0.7795 0.4948 0.3834
1341848000.7308 -2.1479 -1.8079 3.3200 0.0244 0.7815 0.4948 0.3793
1341848000.7627 -2.1383 -1.8089 3.3208 0.0262 0.7832 0.4949 0.3755
1341848000.7987 -2.1292 -1.8120 3.3221 0.0289 0.7847 0.4955 0.3715
1341848000.8307 -2.1188 -1.8119 3.3232 0.0313 0.7859 0.4955 0.3686
1341848000.8628 -2.1097 -1.8151 3.3255 0.0325 0.7883 0.4945 0.3647
1341848000.8987 -2.1017 -1.8185 3.3285 0.0338 0.7899 0.4949 0.3604
1341848000.9307 -2.0919 -1.8206 3.3310 0.0360 0.7902 0.4963 0.3578
1341848000.9632 -2.0809 -1.8210 3.3332 0.0366 0.7909 0.4966 0.3556
1341848000.9988 -2.0705 -1.8222 3.3347 0.0364 0.7920 0.4962 0.3538
1341848001.0307 -2.0607 -1.8246 3.3374 0.0377 0.7928 0.4968 0.3510
1341848001.0670 -2.0495 -1.8268 3.3417 0.0393 0.7934 0.4978 0.3481
1341848001.0988 -2.0386 -1.8267 3.3430 0.0411 0.7936 0.4990 0.3458
1341848001.1307 -2.0275 -1.8259 3.3445 0.0424 0.7945 0.4994 0.3430
1341848001.2060 -2.0078 -1.8259 3.3509 0.0405 0.7973 0.4983 0.3383
1341848001.2668 -1.9874 -1.8221 3.3553 0.0337 0.8009 0.4963 0.3333
1341848001.2991 -1.9774 -1.8208 3.3580 0.0320 0.8029 0.4958 0.3293
1341848001.3348 -1.9671 -1.8191 3.3600 0.0304 0.8051 0.4959 0.3240
1341848001.3667 -1.9579 -1.8166 3.3616 0.0271 0.8074 0.4951 0.3196
1341848001.3993 -1.9488 -1.8138 3.3608 0.0246 0.8092 0.4952 0.3153
1341848001.4347 -1.9391 -1.8108 3.3601 0.0245 0.8112 0.4958 0.3091
1341848001.4667 -1.9313 -1.8106 3.3605 0.0224 0.8131 0.4964 0.3032
1341848001.5027 -1.9220 -1.8058 3.3613 0.0189 0.8151 0.4969 0.2971
1341848001.5349 -1.9098 -1.8000 3.3588 0.0175 0.8176 0.4967 0.2908
1341848001.5670 -1.9026 -1.7998 3.3572 0.0169 0.8209 0.4954 0.2835
1341848001.6029 -1.8979 -1.7995 3.3580 0.0145 0.8233 0.4960 0.2757
1341848001.6347 -1.8870 -1.7917 3.3548 0.0141 0.8252 0.4965 0.2690
1341848001.6666 -1.8780 -1.7902 3.3519 0.0147 0.8275 0.4955 0.2637
1341848001.7349 -1.8616 -1.7857 3.3490 0.0129 0.8303 0.4958 0.2543
1341848001.7707 -1.8498 -1.7826 3.3454 0.0146 0.8327 0.4944 0.2490
1341848001.8028 -1.8456 -1.7853 3.3453 0.0155 0.8342 0.4942 0.2443
1341848001.8348 -1.8373 -1.7832 3.3436 0.0141 0.8347 0.4965 0.2379
1341848001.8707 -1.8233 -1.7772 3.3393 0.0153 0.8360 0.4969 0.2324
1341848001.9027 -1.8178 -1.7827 3.3396 0.0131 0.8373 0.4964 0.2289
1341848001.9347 -1.8100 -1.7779 3.3383 0.0141 0.8372 0.4991 0.2233
1341848001.9707 -1.7964 -1.7744 3.3335 0.0173 0.8376 0.5002 0.2189
1341848002.0027 -1.7909 -1.7778 3.3314 0.0195 0.8381 0.5010 0.2149
1341848002.0389 -1.7817 -1.7747 3.3292 0.0211 0.8382 0.5027 0.2105
1341848002.0708 -1.7714 -1.7721 3.3239 0.0227 0.8390 0.5034 0.2054
1341848002.1027 -1.7620 -1.7703 3.3245 0.0247 0.8401 0.5030 0.2015
1341848002.1387 -1.7537 -1.7713 3.3192 0.0236 0.8399 0.5039 0.2000
1341848002.1718 -1.7455 -1.7675 3.3168 0.0237 0.8405 0.5049 0.1950
1341848002.2027 -1.7350 -1.7647 3.3161 0.0251 0.8413 0.5054 0.1901
1341848002.2387 -1.7261 -1.7624 3.3132 0.0248 0.8416 0.5059 0.1875
1341848002.2708 -1.7171 -1.7610 3.3122 0.0215 0.8422 0.5066 0.1834
1341848002.3067 -1.7079 -1.7568 3.3119 0.0192 0.8424 0.5076 0.1800
1341848002.3389 -1.7009 -1.7528 3.3101 0.0180 0.8423 0.5090 0.1762
1341848002.3708 -1.6938 -1.7495 3.3090 0.0168 0.8421 0.5113 0.1708
1341848002.4068 -1.6860 -1.7426 3.3085 0.0183 0.8420 0.5124 0.1677
1341848002.4388 -1.6784 -1.7421 3.3056 0.0171 0.8426 0.5123 0.1649
1341848002.4747 -1.6730 -1.7399 3.3073 0.0158 0.8423 0.5140 0.1616
1341848002.5068 -1.6621 -1.7314 3.3044 0.0160 0.8419 0.5155 0.1589
1341848002.5388 -1.6568 -1.7311 3.3027 0.0147 0.8418 0.5167 0.1558
1341848002.5747 -1.6500 -1.7285 3.3047 0.0120 0.8410 0.5189 0.1527
1341848002.6068 -1.6421 -1.7198 3.3025 0.0115 0.8403 0.5203 0.1515
1341848002.6394 -1.6337 -1.7171 3.3015 0.0081 0.8403 0.5208 0.1500
1341848002.6747 -1.6276 -1.7156 3.3042 0.0055 0.8393 0.5230 0.1486
1341848002.7138 -1.6171 -1.7055 3.3039 0.0057 0.8383 0.5247 0.1478
1341848002.7748 -1.6033 -1.7015 3.3044 0.0019 0.8360 0.5290 0.1460
1341848002.8068 -1.5935 -1.6911 3.3028 0.0038 0.8357 0.5298 0.1444
1341848002.8428 -1.5847 -1.6893 3.3044 0.0058 0.8365 0.5284 0.1447
1341848002.8752 -1.5767 -1.6869 3.3049 0.0069 0.8369 0.5275 0.1460
1341848002.9067 -1.5672 -1.6837 3.3046 0.0081 0.8373 0.5266 0.1465
1341848002.9433 -1.5593 -1.6849 3.3082 0.0095 0.8379 0.5245 0.1509
1341848002.9746 -1.5491 -1.6833 3.3079 0.0086 0.8375 0.5238 0.1554
1341848003.0109 -1.5383 -1.6777 3.3043 0.0080 0.8376 0.5231 0.1571
1341848003.0426 -1.5306 -1.6768 3.3053 0.0095 0.8393 0.5200 0.1583
1341848003.0750 -1.5242 -1.6800 3.3092 0.0085 0.8396 0.5186 0.1613
1341848003.1106 -1.5142 -1.6750 3.3083 0.0075 0.8390 0.5191 0.1629
1341848003.1426 -1.5049 -1.6732 3.3067 0.0051 0.8397 0.5177 0.1636
1341848003.2429 -1.4817 -1.6708 3.3098 -0.0026 0.8413 0.5153 0.1633
1341848003.2789 -1.4718 -1.6668 3.3098 -0.0046 0.8413 0.5146 0.1655
1341848003.3107 -1.4635 -1.6641 3.3097 -0.0074 0.8416 0.5137 0.1667
1341848003.3427 -1.4534 -1.6606 3.3098 -0.0100 0.8421 0.5122 0.1686
1341848003.3790 -1.4445 -1.6593 3.3101 -0.0128 0.8429 0.5096 0.1722
1341848003.4108 -1.4367 -1.6602 3.3144 -0.0147 0.8431 0.5077 0.1768
1341848003.4427 -1.4271 -1.6560 3.3146 -0.0142 0.8424 0.5071 0.1817
1341848003.4787 -1.4229 -1.6573 3.3176 -0.0124 0.8416 0.5057 0.1891
1341848003.5107 -1.4249 -1.6506 3.3152 -0.0125 0.8393 0.5036 0.2044
1341848003.5469 -1.4113 -1.6470 3.3157 -0.0137 0.8389 0.5035 0.2064
1341848003.5787 -1.4023 -1.6448 3.3149 -0.0119 0.8381 0.5030 0.2106
1341848003.6179 -1.3936 -1.6441 3.3145 -0.0111 0.8371 0.5017 0.2179
1341848003.6500 -1.3850 -1.6408 3.3146 -0.0110 0.8364 0.5003 0.2239
1341848003.6858 -1.3758 -1.6382 3.3113 -0.0117 0.8358 0.4988 0.2289
1341848003.7179 -1.3687 -1.6369 3.3110 -0.0138 0.8358 0.4960 0.2350
1341848003.7538 -1.3655 -1.6337 3.3113 -0.0149 0.8348 0.4942 0.2420
1341848003.7858 -1.3610 -1.6281 3.3064 -0.0128 0.8331 0.4938 0.2490
1341848003.8179 -1.3575 -1.6242 3.3060 -0.0122 0.8320 0.4919 0.2562
1341848003.8540 -1.3499 -1.6168 3.3016 -0.0131 0.8308 0.4917 0.2606
1341848003.8858 -1.3428 -1.6128 3.2981 -0.0147 0.8305 0.4906 0.2634
1341848003.9217 -1.3344 -1.6113 3.2952 -0.0148 0.8291 0.4902 0.2684
1341848003.9538 -1.3294 -1.6039 3.2936 -0.0141 0.8281 0.4890 0.2738
1341848003.9858 -1.3204 -1.5994 3.2872 -0.0141 0.8265 0.4906 0.2757
1341848004.0216 -1.3117 -1.5947 3.2820 -0.0124 0.8258 0.4894 0.2801
1341848004.0538 -1.3058 -1.5896 3.2832 -0.0132 0.8260 0.4873 0.2830
1341848004.0897 -1.2954 -1.5858 3.2753 -0.0127 0.8237 0.4902 0.2847
1341848004.1217 -1.2900 -1.5789 3.2693 -0.0110 0.8225 0.4885 0.2911
1341848004.1537 -1.2812 -1.5750 3.2674 -0.0109 0.8217 0.4879 0.2943
1341848004.1898 -1.2740 -1.5697 3.2634 -0.0086 0.8200 0.4880 0.2989
1341848004.2218 -1.2670 -1.5638 3.2600 -0.0091 0.8182 0.4877 0.3044
1341848004.2578 -1.2587 -1.5576 3.2562 -0.0111 0.8169 0.4866 0.3096
1341848004.2898 -1.2486 -1.5564 3.2557 -0.0125 0.8158 0.4862 0.3130
1341848004.3218 -1.2400 -1.5528 3.2542 -0.0137 0.8130 0.4861 0.3202
1341848004.3579 -1.2313 -1.5471 3.2531 -0.0148 0.8111 0.4850 0.3267
1341848004.3898 -1.2234 -1.5415 3.2530 -0.0178 0.8093 0.4838 0.3327
1341848004.4219 -1.2134 -1.5376 3.2510 -0.0206 0.8069 0.4836 0.3385
1341848004.4578 -1.2073 -1.5319 3.2519 -0.0225 0.8051 0.4815 0.3457
1341848004.4898 -1.1992 -1.5279 3.2519 -0.0252 0.8027 0.4816 0.3510
1341848004.5257 -1.1913 -1.5246 3.2532 -0.0270 0.8004 0.4819 0.3555
1341848004.5578 -1.1842 -1.5207 3.2530 -0.0268 0.7973 0.4835 0.3605
1341848004.5898 -1.1782 -1.5155 3.2538 -0.0286 0.7947 0.4849 0.3640
1341848004.6258 -1.1707 -1.5106 3.2509 -0.0301 0.7916 0.4863 0.3689
1341848004.6579 -1.1662 -1.5067 3.2551 -0.0321 0.7904 0.4851 0.3727
1341848004.6899 -1.1586 -1.5044 3.2564 -0.0348 0.7874 0.4881 0.3748
1341848004.7258 -1.1526 -1.4994 3.2527 -0.0344 0.7838 0.4902 0.3798
1341848004.7577 -1.1491 -1.4956 3.2549 -0.0363 0.7826 0.4885 0.3842
1341848004.7897 -1.1435 -1.4935 3.2567 -0.0392 0.7805 0.4899 0.3864
1341848004.8258 -1.1373 -1.4916 3.2554 -0.0384 0.7780 0.4916 0.3894
1341848004.8577 -1.1352 -1.4882 3.2582 -0.0388 0.7766 0.4906 0.3933
1341848004.8898 -1.1313 -1.4843 3.2557 -0.0388 0.7740 0.4923 0.3964
1341848004.9258 -1.1264 -1.4849 3.2587 -0.0401 0.7729 0.4921 0.3985
1341848004.9578 -1.1234 -1.4833 3.2589 -0.0398 0.7709 0.4927 0.4018
1341848004.9938 -1.1219 -1.4811 3.2593 -0.0392 0.7688 0.4929 0.4055
1341848005.0257 -1.1190 -1.4791 3.2587 -0.0402 0.7670 0.4929 0.4089
1341848005.0577 -1.1152 -1.4784 3.2586 -0.0419 0.7657 0.4914 0.4128
1341848005.0939 -1.1145 -1.4777 3.2640 -0.0423 0.7661 0.4890 0.4150
1341848005.1257 -1.1091 -1.4785 3.2652 -0.0435 0.7638 0.4907 0.4171
1341848005.1577 -1.1058 -1.4796 3.2652 -0.0412 0.7618 0.4909 0.4207
1341848005.1937 -1.1063 -1.4764 3.2654 -0.0397 0.7601 0.4895 0.4256
1341848005.2257 -1.1040 -1.4746 3.2667 -0.0403 0.7592 0.4883 0.4284
1341848005.2577 -1.0981 -1.4773 3.2687 -0.0421 0.7583 0.4876 0.4307
1341848005.2937 -1.0977 -1.4746 3.2710 -0.0409 0.7570 0.4851 0.4358
1341848005.3259 -1.0946 -1.4727 3.2733 -0.0422 0.7555 0.4848 0.4385
1341848005.3577 -1.0881 -1.4763 3.2746 -0.0431 0.7538 0.4851 0.4411
1341848005.3937 -1.0865 -1.4764 3.2778 -0.0413 0.7524 0.4833 0.4457
1341848005.4257 -1.0867 -1.4723 3.2790 -0.0397 0.7504 0.4829 0.4496
1341848005.4618 -1.0802 -1.4739 3.2793 -0.0414 0.7485 0.4836 0.4519
1341848005.4937 -1.0786 -1.4743 3.2852 -0.0408 0.7478 0.4814 0.4554
1341848005.5258 -1.0759 -1.4722 3.2836 -0.0408 0.7447 0.4828 0.4591
1341848005.5618 -1.0710 -1.4742 3.2844 -0.0417 0.7429 0.4826 0.4620
1341848005.5937 -1.0686 -1.4735 3.2866 -0.0416 0.7417 0.4811 0.4655
1341848005.6298 -1.0652 -1.4742 3.2877 -0.0422 0.7401 0.4802 0.4689
1341848005.6618 -1.0613 -1.4745 3.2900 -0.0428 0.7391 0.4787 0.4720
1341848005.6938 -1.0569 -1.4771 3.2911 -0.0425 0.7375 0.4779 0.4752
1341848005.7297 -1.0553 -1.4774 3.2917 -0.0415 0.7363 0.4756 0.4795
1341848005.7617 -1.0516 -1.4785 3.2932 -0.0420 0.7358 0.4737 0.4821
1341848005.7979 -1.0461 -1.4822 3.2974 -0.0413 0.7353 0.4720 0.4846
1341848005.8299 -1.0461 -1.4814 3.3000 -0.0388 0.7337 0.4702 0.4890
1341848005.8617 -1.0439 -1.4825 3.2999 -0.0388 0.7318 0.4700 0.4921
1341848005.8978 -1.0396 -1.4853 3.3021 -0.0380 0.7311 0.4683 0.4948
1341848005.9297 -1.0380 -1.4856 3.3073 -0.0365 0.7305 0.4656 0.4983
1341848005.9657 -1.0356 -1.4855 3.3076 -0.0365 0.7286 0.4648 0.5018
1341848005.9978 -1.0311 -1.4893 3.3091 -0.0362 0.7277 0.4639 0.5040
1341848006.0298 -1.0272 -1.4920 3.3126 -0.0348 0.7271 0.4603 0.5082
1341848006.0658 -1.0272 -1.4899 3.3174 -0.0338 0.7268 0.4558 0.5127
1341848006.0979 -1.0222 -1.4941 3.3144 -0.0329 0.7253 0.4552 0.5154
1341848006.1337 -1.0218 -1.4974 3.3160 -0.0295 0.7260 0.4509 0.5184
1341848006.1658 -1.0199 -1.4988 3.3202 -0.0254 0.7260 0.4486 0.5206
1341848006.1976 -1.0187 -1.5004 3.3209 -0.0218 0.7247 0.4475 0.5236
1341848006.2338 -1.0137 -1.5014 3.3221 -0.0190 0.7235 0.4449 0.5275
1341848006.2658 -1.0132 -1.5019 3.3240 -0.0164 0.7231 0.4413 0.5312
1341848006.3018 -1.0100 -1.5041 3.3282 -0.0146 0.7224 0.4398 0.5334
1341848006.3337 -1.0062 -1.5061 3.3310 -0.0115 0.7204 0.4386 0.5372
1341848006.3660 -1.0069 -1.5033 3.3322 -0.0106 0.7185 0.4355 0.5422
1341848006.4018 -1.0015 -1.5053 3.3342 -0.0120 0.7178 0.4357 0.5429
1341848006.4337 -0.9976 -1.5099 3.3382 -0.0111 0.7171 0.4350 0.5444
1341848006.4697 -0.9961 -1.5091 3.3415 -0.0101 0.7155 0.4345 0.5469
1341848006.5017 -0.9918 -1.5114 3.3436 -0.0107 0.7142 0.4356 0.5477
1341848006.5337 -0.9867 -1.5146 3.3448 -0.0101 0.7129 0.4355 0.5495
1341848006.5697 -0.9857 -1.5159 3.3502 -0.0098 0.7132 0.4336 0.5506
1341848006.6018 -0.9812 -1.5183 3.3525 -0.0099 0.7123 0.4347 0.5509
1341848006.6378 -0.9774 -1.5246 3.3542 -0.0088 0.7118 0.4348 0.5516
1341848006.6701 -0.9771 -1.5239 3.3606 -0.0082 0.7123 0.4323 0.5528
1341848006.7018 -0.9709 -1.5271 3.3628 -0.0094 0.7120 0.4335 0.5523
1341848006.7378 -0.9675 -1.5333 3.3662 -0.0080 0.7124 0.4335 0.5518
1341848006.7697 -0.9643 -1.5361 3.3708 -0.0061 0.7124 0.4338 0.5517
1341848006.8019 -0.9615 -1.5409 3.3737 -0.0040 0.7124 0.4344 0.5511
1341848006.8376 -0.9581 -1.5443 3.3780 -0.0030 0.7130 0.4347 0.5501
1341848006.8707 -0.9541 -1.5499 3.3810 -0.0010 0.7136 0.4351 0.5491
1341848006.9018 -0.9521 -1.5530 3.3852 0.0005 0.7148 0.4343 0.5481
1341848006.9377 -0.9494 -1.5585 3.3875 0.0017 0.7162 0.4342 0.5464
1341848006.9697 -0.9486 -1.5632 3.3932 0.0030 0.7188 0.4335 0.5436
1341848007.0058 -0.9460 -1.5693 3.3978 0.0051 0.7203 0.4351 0.5402
1341848007.0378 -0.9456 -1.5738 3.4030 0.0083 0.7219 0.4366 0.5368
1341848007.0697 -0.9450 -1.5775 3.4082 0.0090 0.7236 0.4383 0.5331
1341848007.1057 -0.9419 -1.5827 3.4120 0.0087 0.7254 0.4406 0.5288
1341848007.1379 -0.9409 -1.5899 3.4178 0.0091 0.7275 0.4415 0.5251
1341848007.1697 -0.9411 -1.5940 3.4251 0.0095 0.7293 0.4424 0.5218
1341848007.2057 -0.9390 -1.5990 3.4300 0.0095 0.7305 0.4450 0.5179
1341848007.2379 -0.9383 -1.6078 3.4373 0.0109 0.7319 0.4473 0.5139
1341848007.2989 -0.9354 -1.6179 3.4469 0.0137 0.7317 0.4528 0.5092
1341848007.3314 -0.9350 -1.6235 3.4524 0.0148 0.7335 0.4521 0.5073
1341848007.3667 -0.9329 -1.6296 3.4580 0.0139 0.7353 0.4506 0.5062
1341848007.3987 -0.9320 -1.6368 3.4662 0.0139 0.7371 0.4490 0.5049
1341848007.4348 -0.9296 -1.6454 3.4701 0.0155 0.7374 0.4492 0.5043
1341848007.4667 -0.9314 -1.6487 3.4786 0.0161 0.7391 0.4467 0.5039
1341848007.4988 -0.9294 -1.6530 3.4843 0.0155 0.7399 0.4485 0.5011
1341848007.5348 -0.9242 -1.6646 3.4893 0.0161 0.7400 0.4509 0.4988
1341848007.5667 -0.9244 -1.6675 3.4956 0.0177 0.7404 0.4504 0.4986
1341848007.5987 -0.9219 -1.6688 3.4980 0.0159 0.7416 0.4508 0.4965
1341848007.6348 -0.9172 -1.6795 3.5032 0.0144 0.7439 0.4518 0.4922
1341848007.6667 -0.9180 -1.6854 3.5116 0.0174 0.7450 0.4546 0.4878
1341848007.7028 -0.9138 -1.6886 3.5158 0.0192 0.7445 0.4615 0.4821
1341848007.7346 -0.9031 -1.6973 3.5103 0.0208 0.7442 0.4664 0.4777
1341848007.7669 -0.9043 -1.7017 3.5192 0.0226 0.7487 0.4626 0.4742
1341848007.8029 -0.9027 -1.7059 3.5286 0.0208 0.7512 0.4632 0.4698
1341848007.8350 -0.8961 -1.7133 3.5301 0.0218 0.7514 0.4676 0.4650
1341848007.8667 -0.8938 -1.7145 3.5356 0.0230 0.7535 0.4683 0.4608
1341848007.9028 -0.8917 -1.7151 3.5407 0.0204 0.7562 0.4699 0.4549
1341848007.9349 -0.8816 -1.7278 3.5437 0.0202 0.7576 0.4756 0.4465
1341848007.9707 -0.8772 -1.7379 3.5504 0.0246 0.7582 0.4777 0.4431
1341848008.0027 -0.8773 -1.7371 3.5565 0.0274 0.7595 0.4784 0.4399
1341848008.0348 -0.8713 -1.7397 3.5609 0.0270 0.7609 0.4815 0.4342
1341848008.0708 -0.8658 -1.7480 3.5678 0.0265 0.7623 0.4833 0.4297
1341848008.1032 -0.8615 -1.7486 3.5717 0.0269 0.7628 0.4850 0.4267
1341848008.1388 -0.8555 -1.7520 3.5756 0.0257 0.7647 0.4860 0.4224
1341848008.1711 -0.8499 -1.7578 3.5819 0.0253 0.7665 0.4869 0.4180
1341848008.2027 -0.8444 -1.7625 3.5897 0.0266 0.7678 0.4890 0.4132
1341848008.2387 -0.8395 -1.7644 3.5959 0.0274 0.7681 0.4918 0.4092
1341848008.2707 -0.8337 -1.7675 3.6005 0.0272 0.7683 0.4952 0.4046
1341848008.3027 -0.8276 -1.7719 3.6067 0.0270 0.7691 0.4980 0.3998
1341848008.3388 -0.8206 -1.7770 3.6113 0.0270 0.7692 0.5010 0.3957
1341848008.3707 -0.8150 -1.7793 3.6167 0.0264 0.7700 0.5022 0.3926
1341848008.4389 -0.8029 -1.7917 3.6245 0.0271 0.7716 0.5065 0.3839
1341848008.4708 -0.7985 -1.7953 3.6316 0.0281 0.7727 0.5075 0.3803
1341848008.5069 -0.7940 -1.7988 3.6326 0.0290 0.7729 0.5103 0.3760
1341848008.5388 -0.7873 -1.8078 3.6370 0.0299 0.7743 0.5121 0.3706
1341848008.5707 -0.7831 -1.8134 3.6430 0.0324 0.7748 0.5134 0.3676
1341848008.6067 -0.7787 -1.8161 3.6471 0.0342 0.7750 0.5159 0.3635
1341848008.6387 -0.7724 -1.8231 3.6474 0.0357 0.7752 0.5184 0.3592
1341848008.6746 -0.7679 -1.8277 3.6527 0.0369 0.7763 0.5190 0.3559
1341848008.7068 -0.7625 -1.8299 3.6530 0.0373 0.7772 0.5199 0.3525
1341848008.7387 -0.7578 -1.8364 3.6586 0.0365 0.7796 0.5192 0.3484
1341848008.7751 -0.7530 -1.8407 3.6621 0.0354 0.7803 0.5195 0.3464
1341848008.8069 -0.7475 -1.8441 3.6636 0.0346 0.7816 0.5195 0.3436
1341848008.8388 -0.7436 -1.8492 3.6701 0.0328 0.7835 0.5186 0.3407
1341848008.8746 -0.7386 -1.8539 3.6731 0.0323 0.7839 0.5202 0.3374
1341848008.9067 -0.7335 -1.8565 3.6751 0.0331 0.7844 0.5216 0.3340
1341848008.9431 -0.7298 -1.8580 3.6766 0.0321 0.7857 0.5221 0.3303
1341848008.9747 -0.7236 -1.8642 3.6817 0.0299 0.7874 0.5223 0.3261
1341848009.0068 -0.7182 -1.8708 3.6874 0.0305 0.7878 0.5234 0.3231
1341848009.0427 -0.7141 -1.8695 3.6948 0.0295 0.7887 0.5236 0.3209
1341848009.1108 -0.7024 -1.8725 3.6970 0.0280 0.7899 0.5257 0.3144
1341848009.1427 -0.6995 -1.8714 3.6997 0.0258 0.7922 0.5245 0.3109
1341848009.1747 -0.6938 -1.8732 3.7032 0.0245 0.7949 0.5244 0.3044
1341848009.2107 -0.6887 -1.8720 3.7150 0.0247 0.7980 0.5242 0.2962
1341848009.2429 -0.6846 -1.8725 3.7182 0.0272 0.7972 0.5293 0.2893
1341848009.2747 -0.6807 -1.8677 3.7186 0.0280 0.7973 0.5323 0.2830
1341848009.3109 -0.6760 -1.8663 3.7227 0.0264 0.7994 0.5331 0.2756
1341848009.3429 -0.6678 -1.8719 3.7266 0.0253 0.7998 0.5366 0.2679
1341848009.3787 -0.6636 -1.8708 3.7303 0.0264 0.8002 0.5381 0.2635
1341848009.4429 -0.6510 -1.8730 3.7355 0.0249 0.8003 0.5427 0.2537
1341848009.4790 -0.6467 -1.8726 3.7416 0.0249 0.8011 0.5431 0.2502
1341848009.5106 -0.6394 -1.8724 3.7426 0.0235 0.8002 0.5455 0.2479
1341848009.5428 -0.6329 -1.8723 3.7433 0.0234 0.8008 0.5453 0.2465
1341848009.5788 -0.6265 -1.8718 3.7506 0.0218 0.8022 0.5442 0.2447
1341848009.6110 -0.6176 -1.8731 3.7491 0.0204 0.8012 0.5460 0.2438
1341848009.6469 -0.6080 -1.8757 3.7507 0.0193 0.8024 0.5445 0.2437
1341848009.6787 -0.6015 -1.8725 3.7551 0.0178 0.8040 0.5415 0.2449
1341848009.7108 -0.5921 -1.8734 3.7583 0.0156 0.8048 0.5405 0.2447
1341848009.7468 -0.5795 -1.8763 3.7572 0.0149 0.8051 0.5404 0.2442
1341848009.7788 -0.5725 -1.8738 3.7639 0.0154 0.8071 0.5368 0.2455
1341848009.8107 -0.5662 -1.8718 3.7662 0.0160 0.8072 0.5367 0.2454
1341848009.8468 -0.5547 -1.8749 3.7650 0.0175 0.8057 0.5395 0.2437
1341848009.8787 -0.5497 -1.8685 3.7648 0.0195 0.8057 0.5385 0.2459
1341848009.9148 -0.5424 -1.8650 3.7661 0.0176 0.8057 0.5384 0.2463
1341848009.9470 -0.5314 -1.8671 3.7614 0.0163 0.8049 0.5401 0.2452
1341848009.9789 -0.5201 -1.8674 3.7597 0.0162 0.8052 0.5392 0.2464
1341848010.0148 -0.5144 -1.8599 3.7633 0.0173 0.8063 0.5369 0.2476
1341848010.0468 -0.5066 -1.8566 3.7582 0.0175 0.8054 0.5388 0.2464
1341848010.0826 -0.4970 -1.8529 3.7550 0.0171 0.8055 0.5391 0.2455
1341848010.1147 -0.4902 -1.8473 3.7537 0.0168 0.8058 0.5393 0.2440
1341848010.1468 -0.4811 -1.8435 3.7486 0.0166 0.8045 0.5424 0.2414
1341848010.1827 -0.4713 -1.8389 3.7376 0.0169 0.8032 0.5450 0.2400
1341848010.2147 -0.4646 -1.8330 3.7335 0.0169 0.8043 0.5440 0.2385
1341848010.2468 -0.4562 -1.8288 3.7264 0.0170 0.8042 0.5453 0.2357
1341848010.2827 -0.4482 -1.8247 3.7205 0.0182 0.8043 0.5463 0.2331
1341848010.3148 -0.4413 -1.8192 3.7108 0.0193 0.8035 0.5485 0.2307
1341848010.3511 -0.4344 -1.8153 3.7031 0.0192 0.8035 0.5491 0.2289
1341848010.3828 -0.4269 -1.8127 3.6984 0.0192 0.8040 0.5496 0.2259
1341848010.4147 -0.4218 -1.8071 3.6896 0.0205 0.8028 0.5520 0.2244
1341848010.4509 -0.4164 -1.8029 3.6795 0.0206 0.8023 0.5537 0.2220
1341848010.4831 -0.4110 -1.7988 3.6744 0.0205 0.8033 0.5535 0.2189
1341848010.5148 -0.4059 -1.7966 3.6721 0.0201 0.8035 0.5549 0.2145
1341848010.5506 -0.4008 -1.7923 3.6573 0.0210 0.8011 0.5590 0.2126
1341848010.5829 -0.3985 -1.7886 3.6550 0.0211 0.8033 0.5569 0.2102
1341848010.6187 -0.3947 -1.7846 3.6505 0.0192 0.8029 0.5588 0.2066
1341848010.6510 -0.3865 -1.7848 3.6411 0.0194 0.8025 0.5608 0.2025
1341848010.6826 -0.3872 -1.7798 3.6395 0.0207 0.8039 0.5591 0.2016
1341848010.7188 -0.3852 -1.7772 3.6348 0.0193 0.8040 0.5602 0.1987
1341848010.7509 -0.3830 -1.7753 3.6264 0.0192 0.8034 0.5619 0.1960
1341848010.7827 -0.3817 -1.7732 3.6183 0.0200 0.8041 0.5621 0.1928
1341848010.8188 -0.3787 -1.7734 3.6157 0.0208 0.8062 0.5605 0.1880
1341848010.8508 -0.3780 -1.7713 3.6106 0.0218 0.8065 0.5612 0.1848
1341848010.8867 -0.3736 -1.7713 3.6050 0.0227 0.8071 0.5616 0.1806
1341848010.9188 -0.3750 -1.7690 3.6028 0.0235 0.8082 0.5606 0.1786
1341848010.9508 -0.3731 -1.7647 3.5991 0.0229 0.8092 0.5603 0.1754
1341848010.9868 -0.3688 -1.7638 3.5979 0.0226 0.8104 0.5597 0.1719
1341848011.0187 -0.3661 -1.7628 3.5963 0.0231 0.8105 0.5601 0.1697
1341848011.0510 -0.3651 -1.7604 3.5908 0.0239 0.8101 0.5613 0.1679
1341848011.0867 -0.3622 -1.7593 3.5896 0.0241 0.8110 0.5609 0.1648
1341848011.1187 -0.3609 -1.7587 3.5881 0.0247 0.8112 0.5611 0.1624
1341848011.1546 -0.3573 -1.7577 3.5877 0.0254 0.8117 0.5613 0.1593
1341848011.1867 -0.3562 -1.7570 3.5877 0.0255 0.8118 0.5617 0.1576
1341848011.2191 -0.3579 -1.7531 3.5827 0.0240 0.8110 0.5632 0.1566
1341848011.2547 -0.3528 -1.7525 3.5795 0.0214 0.8120 0.5630 0.1524
1341848011.2866 -0.3498 -1.7516 3.5791 0.0204 0.8130 0.5625 0.1490
1341848011.3227 -0.3486 -1.7504 3.5732 0.0209 0.8127 0.5640 0.1450
1341848011.3547 -0.3435 -1.7501 3.5697 0.0213 0.8137 0.5637 0.1403
1341848011.3867 -0.3437 -1.7444 3.5768 0.0228 0.8169 0.5599 0.1367
1341848011.4227 -0.3408 -1.7468 3.5657 0.0234 0.8140 0.5650 0.1326
1341848011.4547 -0.3406 -1.7463 3.5621 0.0251 0.8148 0.5647 0.1289
1341848011.4868 -0.3387 -1.7438 3.5636 0.0243 0.8160 0.5641 0.1240
1341848011.5229 -0.3338 -1.7407 3.5624 0.0241 0.8160 0.5654 0.1181
1341848011.5547 -0.3312 -1.7380 3.5577 0.0251 0.8156 0.5665 0.1146
1341848011.5909 -0.3316 -1.7370 3.5577 0.0247 0.8163 0.5660 0.1126
1341848011.6227 -0.3294 -1.7328 3.5565 0.0236 0.8163 0.5670 0.1082
1341848011.6549 -0.3247 -1.7308 3.5535 0.0239 0.8161 0.5680 0.1041
1341848011.6908 -0.3258 -1.7283 3.5532 0.0247 0.8159 0.5686 0.1024
1341848011.7226 -0.3271 -1.7248 3.5491 0.0232 0.8150 0.5704 0.0996
1341848011.7548 -0.3243 -1.7206 3.5457 0.0211 0.8144 0.5720 0.0953
1341848011.7908 -0.3242 -1.7158 3.5430 0.0220 0.8141 0.5730 0.0918
1341848011.8227 -0.3240 -1.7109 3.5381 0.0230 0.8130 0.5753 0.0873
1341848011.8588 -0.3222 -1.7070 3.5325 0.0247 0.8123 0.5768 0.0824
1341848011.8907 -0.3224 -1.7046 3.5297 0.0258 0.8121 0.5775 0.0795
1341848011.9229 -0.3215 -1.7010 3.5247 0.0262 0.8110 0.5794 0.0767
1341848011.9588 -0.3229 -1.6970 3.5184 0.0278 0.8107 0.5800 0.0749
1341848011.9908 -0.3232 -1.6925 3.5185 0.0262 0.8117 0.5789 0.0733
1341848012.0227 -0.3217 -1.6870 3.5135 0.0237 0.8108 0.5804 0.0718
1341848012.0589 -0.3212 -1.6826 3.5081 0.0222 0.8101 0.5815 0.0709
1341848012.0908 -0.3219 -1.6773 3.5012 0.0205 0.8092 0.5829 0.0702
1341848012.1269 -0.3202 -1.6709 3.4951 0.0188 0.8091 0.5833 0.0689
1341848012.1910 -0.3184 -1.6597 3.4850 0.0199 0.8079 0.5848 0.0704
1341848012.2267 -0.3184 -1.6529 3.4784 0.0193 0.8065 0.5865 0.0724
1341848012.2587 -0.3172 -1.6475 3.4709 0.0181 0.8051 0.5881 0.0749
1341848012.2952 -0.3189 -1.6408 3.4661 0.0167 0.8042 0.5888 0.0788
1341848012.3269 -0.3182 -1.6335 3.4571 0.0131 0.8026 0.5907 0.0821
1341848012.3588 -0.3151 -1.6275 3.4507 0.0086 0.8024 0.5907 0.0844
1341848012.3947 -0.3138 -1.6207 3.4480 0.0063 0.8021 0.5908 0.0867
1341848012.4268 -0.3119 -1.6141 3.4371 0.0032 0.7993 0.5942 0.0897
1341848012.4588 -0.3102 -1.6077 3.4281 0.0011 0.7986 0.5949 0.0917
1341848012.4947 -0.3079 -1.6020 3.4239 -0.0016 0.7989 0.5942 0.0932
1341848012.5268 -0.3024 -1.5962 3.4164 -0.0050 0.7972 0.5963 0.0944
1341848012.5627 -0.2994 -1.5908 3.4062 -0.0064 0.7959 0.5974 0.0979
1341848012.5947 -0.3005 -1.5842 3.4035 -0.0087 0.7971 0.5950 0.1030
1341848012.6268 -0.2935 -1.5808 3.3970 -0.0140 0.7961 0.5959 0.1045
1341848012.6628 -0.2876 -1.5762 3.3938 -0.0157 0.7963 0.5952 0.1071
1341848012.6953 -0.2880 -1.5705 3.3903 -0.0162 0.7957 0.5948 0.1136
1341848012.7269 -0.2848 -1.5667 3.3851 -0.0206 0.7946 0.5951 0.1186
1341848012.7627 -0.2776 -1.5627 3.3815 -0.0243 0.7943 0.5947 0.1219
1341848012.7947 -0.2730 -1.5580 3.3820 -0.0248 0.7948 0.5929 0.1273
1341848012.8307 -0.2735 -1.5535 3.3754 -0.0270 0.7926 0.5934 0.1378
1341848012.8628 -0.2705 -1.5506 3.3677 -0.0318 0.7921 0.5920 0.1452
1341848012.8947 -0.2679 -1.5470 3.3702 -0.0358 0.7947 0.5867 0.1511
1341848012.9308 -0.2650 -1.5436 3.3674 -0.0383 0.7941 0.5858 0.1575
1341848012.9628 -0.2654 -1.5405 3.3636 -0.0412 0.7939 0.5838 0.1649
1341848012.9948 -0.2622 -1.5371 3.3659 -0.0457 0.7954 0.5801 0.1696
1341848013.0309 -0.2590 -1.5346 3.3648 -0.0474 0.7942 0.5800 0.1748
1341848013.0627 -0.2565 -1.5312 3.3615 -0.0484 0.7932 0.5795 0.1809
1341848013.0988 -0.2539 -1.5296 3.3616 -0.0498 0.7935 0.5770 0.1872
1341848013.1308 -0.2507 -1.5265 3.3652 -0.0508 0.7938 0.5745 0.1932
1341848013.1628 -0.2455 -1.5233 3.3669 -0.0498 0.7930 0.5739 0.1984
1341848013.1987 -0.2461 -1.5218 3.3660 -0.0462 0.7906 0.5743 0.2071
1341848013.2309 -0.2452 -1.5204 3.3661 -0.0456 0.7891 0.5742 0.2133
1341848013.2627 -0.2399 -1.5181 3.3710 -0.0454 0.7885 0.5735 0.2176
1341848013.2987 -0.2404 -1.5170 3.3679 -0.0431 0.7845 0.5756 0.2266
1341848013.3308 -0.2408 -1.5148 3.3680 -0.0448 0.7830 0.5744 0.2345
1341848013.3667 -0.2361 -1.5124 3.3743 -0.0488 0.7833 0.5714 0.2398
1341848013.3987 -0.2311 -1.5104 3.3827 -0.0503 0.7828 0.5698 0.2449
1341848013.4309 -0.2272 -1.5086 3.3864 -0.0496 0.7792 0.5716 0.2525
1341848013.4670 -0.2264 -1.5092 3.3792 -0.0494 0.7726 0.5757 0.2631
1341848013.4988 -0.2230 -1.5067 3.3813 -0.0532 0.7719 0.5728 0.2704
1341848013.5348 -0.2173 -1.5053 3.3871 -0.0581 0.7721 0.5688 0.2773
1341848013.5667 -0.2105 -1.5035 3.3912 -0.0609 0.7709 0.5663 0.2850
1341848013.5988 -0.2101 -1.5046 3.3939 -0.0601 0.7693 0.5639 0.2942
1341848013.6348 -0.2036 -1.5028 3.3961 -0.0619 0.7673 0.5632 0.3002
1341848013.6667 -0.1982 -1.5021 3.3945 -0.0625 0.7652 0.5611 0.3093
1341848013.6988 -0.1974 -1.5031 3.3964 -0.0622 0.7656 0.5558 0.3180
1341848013.7346 -0.1930 -1.5034 3.3981 -0.0642 0.7658 0.5511 0.3253
1341848013.7668 -0.1888 -1.5048 3.4024 -0.0646 0.7668 0.5463 0.3308
1341848013.8027 -0.1858 -1.5037 3.4079 -0.0641 0.7670 0.5425 0.3365
1341848013.8348 -0.1832 -1.5033 3.4076 -0.0641 0.7644 0.5418 0.3436
1341848013.8668 -0.1791 -1.5028 3.4071 -0.0653 0.7631 0.5396 0.3496
1341848013.9027 -0.1778 -1.5015 3.4125 -0.0660 0.7640 0.5343 0.3557
1341848013.9667 -0.1685 -1.5004 3.4168 -0.0675 0.7603 0.5320 0.3664
1341848014.0027 -0.1632 -1.5004 3.4189 -0.0681 0.7587 0.5308 0.3716
1341848014.0349 -0.1571 -1.5006 3.4214 -0.0689 0.7561 0.5295 0.3784
1341848014.0710 -0.1546 -1.4991 3.4196 -0.0697 0.7521 0.5282 0.3879
1341848014.1027 -0.1501 -1.4971 3.4210 -0.0743 0.7499 0.5254 0.3950
1341848014.1347 -0.1410 -1.4967 3.4271 -0.0788 0.7490 0.5226 0.3995
1341848014.1707 -0.1350 -1.4958 3.4297 -0.0805 0.7453 0.5218 0.4070
1341848014.2027 -0.1263 -1.4959 3.4281 -0.0836 0.7408 0.5221 0.4142
1341848014.2348 -0.1163 -1.4951 3.4327 -0.0859 0.7399 0.5178 0.4207
1341848014.2707 -0.1107 -1.4927 3.4399 -0.0872 0.7381 0.5132 0.4292
1341848014.3027 -0.1012 -1.4924 3.4424 -0.0873 0.7352 0.5124 0.4350
1341848014.3387 -0.0918 -1.4942 3.4456 -0.0875 0.7322 0.5105 0.4423
1341848014.3706 -0.0885 -1.4972 3.4464 -0.0880 0.7271 0.5076 0.4539
1341848014.4388 -0.0719 -1.4979 3.4542 -0.0904 0.7213 0.4997 0.4711
1341848014.4708 -0.0636 -1.4987 3.4578 -0.0919 0.7176 0.4947 0.4815
1341848014.5066 -0.0581 -1.4996 3.4638 -0.0932 0.7152 0.4886 0.4911
1341848014.5387 -0.0477 -1.5037 3.4646 -0.0951 0.7100 0.4858 0.5009
1341848014.5708 -0.0429 -1.5049 3.4671 -0.0939 0.7088 0.4793 0.5089
1341848014.6069 -0.0377 -1.5071 3.4764 -0.0937 0.7075 0.4736 0.5162
1341848014.6387 -0.0308 -1.5070 3.4786 -0.0908 0.7032 0.4719 0.5241
1341848014.6708 -0.0227 -1.5110 3.4796 -0.0894 0.7002 0.4692 0.5306
1341848014.7068 -0.0171 -1.5098 3.4814 -0.0868 0.6979 0.4635 0.5390
1341848014.7387 -0.0101 -1.5151 3.4829 -0.0864 0.6969 0.4596 0.5437
1341848014.7747 -0.0049 -1.5183 3.4914 -0.0819 0.6963 0.4568 0.5475
1341848014.8067 -0.0010 -1.5181 3.4933 -0.0761 0.6926 0.4551 0.5545
1341848014.8387 0.0052 -1.5203 3.4947 -0.0732 0.6893 0.4540 0.5598
1341848014.8747 0.0124 -1.5231 3.4988 -0.0715 0.6863 0.4513 0.5659
1341848014.9066 0.0150 -1.5202 3.5001 -0.0677 0.6826 0.4473 0.5740
1341848014.9387 0.0212 -1.5204 3.5050 -0.0661 0.6798 0.4473 0.5774
1341848014.9747 0.0256 -1.5203 3.5074 -0.0634 0.6750 0.4479 0.5829
1341848015.0067 0.0233 -1.5159 3.5036 -0.0617 0.6683 0.4472 0.5912
1341848015.0426 0.0274 -1.5118 3.5058 -0.0672 0.6634 0.4479 0.5957
1341848015.0749 0.0331 -1.5105 3.5072 -0.0747 0.6586 0.4469 0.6008
1341848015.1068 0.0386 -1.5080 3.5089 -0.0811 0.6546 0.4444 0.6061
1341848015.1427 0.0434 -1.5071 3.5130 -0.0862 0.6516 0.4436 0.6093
1341848015.1747 0.0514 -1.5059 3.5164 -0.0890 0.6473 0.4450 0.6124
1341848015.2072 0.0541 -1.5032 3.5161 -0.0889 0.6420 0.4441 0.6186
1341848015.2435 0.0592 -1.5002 3.5164 -0.0910 0.6379 0.4421 0.6240
1341848015.2748 0.0647 -1.5002 3.5222 -0.0925 0.6349 0.4401 0.6282
1341848015.3106 0.0680 -1.4983 3.5225 -0.0902 0.6288 0.4374 0.6365
1341848015.3429 0.0712 -1.4967 3.5226 -0.0892 0.6232 0.4353 0.6435
1341848015.3747 0.0760 -1.4961 3.5262 -0.0886 0.6178 0.4341 0.6496
1341848015.4107 0.0790 -1.4941 3.5241 -0.0855 0.6101 0.4329 0.6580
1341848015.4428 0.0810 -1.4928 3.5235 -0.0841 0.6037 0.4311 0.6653
1341848015.4750 0.0847 -1.4916 3.5239 -0.0840 0.5970 0.4277 0.6735
1341848015.5109 0.0874 -1.4909 3.5239 -0.0835 0.5915 0.4226 0.6816
1341848015.5428 0.0866 -1.4901 3.5243 -0.0806 0.5849 0.4206 0.6888
1341848015.5818 0.0911 -1.4894 3.5248 -0.0815 0.5763 0.4182 0.6973
1341848015.6178 0.0927 -1.4887 3.5247 -0.0817 0.5700 0.4111 0.7067
1341848015.6501 0.0932 -1.4890 3.5241 -0.0826 0.5635 0.4057 0.7149
1341848015.6858 0.0977 -1.4893 3.5283 -0.0848 0.5584 0.4013 0.7210
1341848015.7181 0.1003 -1.4900 3.5304 -0.0836 0.5542 0.3952 0.7278
1341848015.7498 0.0999 -1.4902 3.5303 -0.0801 0.5490 0.3910 0.7344
1341848015.7858 0.1025 -1.4915 3.5315 -0.0782 0.5431 0.3876 0.7407
1341848015.8179 0.1044 -1.4948 3.5296 -0.0782 0.5384 0.3816 0.7473
1341848015.8538 0.1040 -1.4968 3.5322 -0.0768 0.5354 0.3771 0.7518
1341848015.8857 0.1058 -1.4983 3.5293 -0.0764 0.5294 0.3718 0.7587
1341848015.9178 0.1070 -1.4999 3.5302 -0.0781 0.5272 0.3645 0.7636
1341848015.9540 0.1068 -1.5005 3.5340 -0.0765 0.5264 0.3559 0.7683
1341848015.9867 0.1053 -1.5042 3.5342 -0.0749 0.5242 0.3507 0.7724
1341848016.0217 0.1045 -1.5040 3.5343 -0.0714 0.5202 0.3477 0.7768
1341848016.0539 0.1062 -1.5056 3.5349 -0.0700 0.5175 0.3421 0.7812
1341848016.0857 0.1026 -1.5058 3.5333 -0.0665 0.5157 0.3365 0.7851
1341848016.1218 0.1004 -1.5053 3.5317 -0.0662 0.5122 0.3337 0.7886
1341848016.1538 0.1020 -1.5073 3.5323 -0.0695 0.5106 0.3305 0.7907
1341848016.1858 0.0998 -1.5062 3.5312 -0.0694 0.5093 0.3277 0.7927
1341848016.2217 0.0984 -1.5059 3.5317 -0.0704 0.5078 0.3274 0.7937
1341848016.2537 0.1011 -1.5084 3.5337 -0.0721 0.5074 0.3268 0.7941
1341848016.2900 0.0972 -1.5082 3.5300 -0.0717 0.5074 0.3249 0.7949
1341848016.3220 0.0960 -1.5074 3.5308 -0.0722 0.5096 0.3287 0.7919
1341848016.3537 0.0984 -1.5115 3.5345 -0.0715 0.5121 0.3321 0.7889
1341848016.3898 0.0924 -1.5106 3.5335 -0.0664 0.5137 0.3342 0.7874
1341848016.4217 0.0923 -1.5127 3.5358 -0.0645 0.5150 0.3397 0.7844
1341848016.4539 0.0913 -1.5154 3.5379 -0.0619 0.5172 0.3430 0.7817
1341848016.4901 0.0899 -1.5174 3.5393 -0.0585 0.5185 0.3437 0.7808
1341848016.5218 0.0871 -1.5191 3.5405 -0.0568 0.5211 0.3429 0.7795
1341848016.5542 0.0856 -1.5205 3.5443 -0.0528 0.5239 0.3443 0.7773
1341848016.5898 0.0812 -1.5229 3.5459 -0.0485 0.5241 0.3440 0.7775
1341848016.6219 0.0779 -1.5235 3.5477 -0.0451 0.5251 0.3469 0.7759
1341848016.6578 0.0766 -1.5271 3.5524 -0.0413 0.5252 0.3505 0.7743
1341848016.6899 0.0706 -1.5303 3.5533 -0.0376 0.5236 0.3515 0.7752
1341848016.7578 0.0699 -1.5381 3.5614 -0.0398 0.5252 0.3508 0.7743
1341848016.8188 0.0574 -1.5420 3.5691 -0.0360 0.5262 0.3497 0.7743
1341848016.8508 0.0545 -1.5471 3.5737 -0.0363 0.5261 0.3499 0.7742
1341848016.8828 0.0478 -1.5491 3.5763 -0.0356 0.5263 0.3496 0.7743
1341848016.9189 0.0431 -1.5520 3.5823 -0.0351 0.5264 0.3515 0.7734
1341848016.9507 0.0393 -1.5565 3.5858 -0.0357 0.5258 0.3522 0.7734
1341848016.9867 0.0327 -1.5593 3.5891 -0.0372 0.5272 0.3507 0.7731
1341848017.0187 0.0283 -1.5626 3.5949 -0.0376 0.5288 0.3522 0.7713
1341848017.0508 0.0219 -1.5661 3.5964 -0.0371 0.5290 0.3528 0.7709
1341848017.0868 0.0171 -1.5691 3.5987 -0.0380 0.5308 0.3542 0.7690
1341848017.1186 0.0126 -1.5731 3.6009 -0.0381 0.5338 0.3555 0.7663
1341848017.1507 0.0059 -1.5761 3.6036 -0.0364 0.5378 0.3579 0.7624
1341848017.1869 0.0002 -1.5801 3.6063 -0.0355 0.5413 0.3604 0.7588
1341848017.2188 -0.0033 -1.5844 3.6076 -0.0346 0.5448 0.3619 0.7556
1341848017.2547 -0.0123 -1.5882 3.6084 -0.0315 0.5496 0.3626 0.7520
1341848017.2866 -0.0178 -1.5923 3.6136 -0.0288 0.5546 0.3654 0.7470
1341848017.3187 -0.0178 -1.5986 3.6166 -0.0255 0.5581 0.3659 0.7443
1341848017.3547 -0.0331 -1.6027 3.6135 -0.0183 0.5630 0.3629 0.7423
1341848017.3868 -0.0419 -1.6048 3.6154 -0.0150 0.5679 0.3649 0.7376
1341848017.4188 -0.0469 -1.6102 3.6177 -0.0106 0.5718 0.3682 0.7331
1341848017.4548 -0.0594 -1.6115 3.6174 -0.0068 0.5742 0.3699 0.7303
1341848017.4867 -0.0611 -1.6166 3.6192 -0.0072 0.5771 0.3722 0.7269
1341848017.5227 -0.0687 -1.6194 3.6196 -0.0059 0.5804 0.3713 0.7248
1341848017.5548 -0.0765 -1.6214 3.6202 -0.0040 0.5843 0.3712 0.7216
1341848017.5878 -0.0802 -1.6234 3.6228 -0.0031 0.5874 0.3724 0.7185
1341848017.6227 -0.0852 -1.6274 3.6221 -0.0009 0.5904 0.3723 0.7161
1341848017.6548 -0.0916 -1.6277 3.6232 0.0016 0.5935 0.3734 0.7130
1341848017.6868 -0.0899 -1.6330 3.6246 0.0028 0.5965 0.3735 0.7104
1341848017.7228 -0.1017 -1.6345 3.6241 0.0084 0.6003 0.3721 0.7079
1341848017.7548 -0.1013 -1.6369 3.6279 0.0104 0.6024 0.3744 0.7049
1341848017.7907 -0.1052 -1.6415 3.6269 0.0147 0.6040 0.3742 0.7035
1341848017.8228 -0.1135 -1.6438 3.6275 0.0176 0.6071 0.3724 0.7017
1341848017.8547 -0.1172 -1.6460 3.6310 0.0186 0.6091 0.3726 0.6999
1341848017.8907 -0.1217 -1.6486 3.6318 0.0201 0.6100 0.3729 0.6988
1341848017.9228 -0.1284 -1.6496 3.6325 0.0202 0.6114 0.3729 0.6976
1341848017.9586 -0.1279 -1.6523 3.6350 0.0183 0.6131 0.3733 0.6960
1341848017.9907 -0.1358 -1.6535 3.6369 0.0201 0.6147 0.3730 0.6948
1341848018.0227 -0.1385 -1.6544 3.6390 0.0188 0.6154 0.3753 0.6929
1341848018.0588 -0.1382 -1.6571 3.6387 0.0175 0.6172 0.3764 0.6907
1341848018.0909 -0.1428 -1.6574 3.6425 0.0172 0.6207 0.3759 0.6878
1341848018.1227 -0.1451 -1.6590 3.6466 0.0173 0.6225 0.3794 0.6843
1341848018.1591 -0.1433 -1.6631 3.6484 0.0181 0.6235 0.3831 0.6813
1341848018.1908 -0.1482 -1.6644 3.6497 0.0188 0.6261 0.3835 0.6786
1341848018.2267 -0.1477 -1.6672 3.6546 0.0168 0.6292 0.3844 0.6753
1341848018.2588 -0.1494 -1.6711 3.6594 0.0185 0.6314 0.3870 0.6718
1341848018.2907 -0.1527 -1.6741 3.6634 0.0200 0.6324 0.3902 0.6688
1341848018.3339 -0.1529 -1.6776 3.6653 0.0187 0.6341 0.3925 0.6659
1341848018.3672 -0.1514 -1.6825 3.6709 0.0167 0.6385 0.3923 0.6620
1341848018.3977 -0.1552 -1.6860 3.6791 0.0174 0.6421 0.3921 0.6585
1341848018.4338 -0.1574 -1.6900 3.6874 0.0202 0.6435 0.3973 0.6540
1341848018.4657 -0.1584 -1.6948 3.6928 0.0234 0.6438 0.4036 0.6497
1341848018.5018 -0.1600 -1.6988 3.6974 0.0245 0.6458 0.4062 0.6460
1341848018.5345 -0.1623 -1.7033 3.7072 0.0247 0.6495 0.4073 0.6416
1341848018.5658 -0.1653 -1.7072 3.7147 0.0254 0.6514 0.4098 0.6381
1341848018.6017 -0.1658 -1.7124 3.7205 0.0251 0.6536 0.4111 0.6349
1341848018.6337 -0.1708 -1.7162 3.7285 0.0250 0.6575 0.4115 0.6307
1341848018.6698 -0.1719 -1.7223 3.7391 0.0247 0.6598 0.4141 0.6265
1341848018.7018 -0.1752 -1.7273 3.7475 0.0241 0.6612 0.4165 0.6235
1341848018.7339 -0.1750 -1.7343 3.7537 0.0225 0.6631 0.4182 0.6204
1341848018.7697 -0.1777 -1.7409 3.7629 0.0217 0.6656 0.4179 0.6179
1341848018.8022 -0.1782 -1.7473 3.7721 0.0214 0.6669 0.4189 0.6158
1341848018.8338 -0.1772 -1.7538 3.7777 0.0209 0.6683 0.4186 0.6146
1341848018.8698 -0.1803 -1.7616 3.7845 0.0220 0.6711 0.4167 0.6128
1341848018.9020 -0.1838 -1.7678 3.7938 0.0239 0.6730 0.4168 0.6106
1341848018.9338 -0.1822 -1.7737 3.8020 0.0266 0.6730 0.4200 0.6082
1341848018.9697 -0.1902 -1.7831 3.8044 0.0290 0.6731 0.4208 0.6074
1341848019.0023 -0.1922 -1.7884 3.8113 0.0271 0.6750 0.4209 0.6053
1341848019.0698 -0.1971 -1.8025 3.8214 0.0277 0.6784 0.4200 0.6022
1341848019.1308 -0.1998 -1.8128 3.8320 0.0254 0.6828 0.4208 0.5967
1341848019.1627 -0.2043 -1.8183 3.8390 0.0260 0.6849 0.4222 0.5933
1341848019.1986 -0.2076 -1.8226 3.8439 0.0256 0.6866 0.4248 0.5895
1341848019.2311 -0.2071 -1.8283 3.8488 0.0238 0.6894 0.4265 0.5850
1341848019.2627 -0.2103 -1.8347 3.8576 0.0230 0.6928 0.4261 0.5813
1341848019.2987 -0.2167 -1.8384 3.8664 0.0226 0.6954 0.4276 0.5770
1341848019.3307 -0.2148 -1.8454 3.8729 0.0205 0.6977 0.4303 0.5724
1341848019.3627 -0.2212 -1.8521 3.8809 0.0211 0.7009 0.4302 0.5685
1341848019.3987 -0.2269 -1.8578 3.8916 0.0194 0.7040 0.4315 0.5637
1341848019.4310 -0.2246 -1.8650 3.9002 0.0181 0.7064 0.4331 0.5595
1341848019.4670 -0.2319 -1.8722 3.9085 0.0178 0.7099 0.4316 0.5562
1341848019.4988 -0.2313 -1.8779 3.9194 0.0174 0.7136 0.4319 0.5513
1341848019.5308 -0.2361 -1.8876 3.9305 0.0207 0.7161 0.4331 0.5470
1341848019.5671 -0.2407 -1.8937 3.9427 0.0232 0.7178 0.4354 0.5428
1341848019.5987 -0.2403 -1.9010 3.9519 0.0235 0.7189 0.4367 0.5402
1341848019.6307 -0.2464 -1.9077 3.9631 0.0240 0.7216 0.4362 0.5371
1341848019.6669 -0.2478 -1.9149 3.9778 0.0239 0.7231 0.4380 0.5336
1341848019.6987 -0.2492 -1.9212 3.9865 0.0245 0.7229 0.4404 0.5319
1341848019.7348 -0.2511 -1.9257 3.9936 0.0237 0.7246 0.4409 0.5291
1341848019.7667 -0.2519 -1.9333 4.0028 0.0219 0.7271 0.4411 0.5256
1341848019.7987 -0.2540 -1.9396 4.0129 0.0224 0.7288 0.4420 0.5225
1341848019.8347 -0.2553 -1.9442 4.0184 0.0235 0.7299 0.4436 0.5195
1341848019.8988 -0.2577 -1.9561 4.0311 0.0254 0.7345 0.4457 0.5111
1341848019.9348 -0.2603 -1.9612 4.0399 0.0273 0.7364 0.4484 0.5059
1341848019.9667 -0.2587 -1.9640 4.0435 0.0292 0.7377 0.4518 0.5008
1341848020.0028 -0.2583 -1.9672 4.0467 0.0296 0.7402 0.4533 0.4958
1341848020.0347 -0.2593 -1.9717 4.0543 0.0286 0.7439 0.4533 0.4903
1341848020.0667 -0.2568 -1.9763 4.0621 0.0292 0.7459 0.4559 0.4848
1341848020.1028 -0.2562 -1.9798 4.0665 0.0313 0.7470 0.4581 0.4808
1341848020.1348 -0.2554 -1.9810 4.0703 0.0302 0.7496 0.4585 0.4765
1341848020.1708 -0.2529 -1.9874 4.0766 0.0281 0.7530 0.4583 0.4713
1341848020.2027 -0.2534 -1.9929 4.0841 0.0279 0.7555 0.4587 0.4670
1341848020.2349 -0.2508 -1.9951 4.0891 0.0274 0.7577 0.4601 0.4620
1341848020.2712 -0.2461 -2.0002 4.0921 0.0271 0.7604 0.4610 0.4567
1341848020.3028 -0.2449 -2.0060 4.1002 0.0274 0.7637 0.4607 0.4514
1341848020.3349 -0.2426 -2.0100 4.1063 0.0281 0.7661 0.4617 0.4461
1341848020.3708 -0.2362 -2.0128 4.1096 0.0294 0.7686 0.4632 0.4403
1341848020.4388 -0.2281 -2.0213 4.1208 0.0305 0.7749 0.4628 0.4294
1341848020.4712 -0.2212 -2.0241 4.1245 0.0309 0.7791 0.4614 0.4233
1341848020.5027 -0.2210 -2.0327 4.1344 0.0328 0.7833 0.4600 0.4168
1341848020.5387 -0.2178 -2.0378 4.1436 0.0352 0.7859 0.4617 0.4099
1341848020.5708 -0.2124 -2.0420 4.1491 0.0380 0.7875 0.4638 0.4040
1341848020.6028 -0.2113 -2.0479 4.1584 0.0396 0.7895 0.4656 0.3980
1341848020.6389 -0.2065 -2.0528 4.1672 0.0406 0.7900 0.4698 0.3918
1341848020.6708 -0.1989 -2.0556 4.1694 0.0426 0.7902 0.4730 0.3874
1341848020.7067 -0.1982 -2.0593 4.1768 0.0417 0.7922 0.4726 0.3839
1341848020.7390 -0.1926 -2.0680 4.1849 0.0393 0.7930 0.4757 0.3785
1341848020.7708 -0.1836 -2.0705 4.1887 0.0416 0.7927 0.4788 0.3749
1341848020.8072 -0.1829 -2.0746 4.1953 0.0426 0.7930 0.4801 0.3725
1341848020.8391 -0.1755 -2.0772 4.1976 0.0412 0.7936 0.4819 0.3692
1341848020.8710 -0.1701 -2.0842 4.2009 0.0412 0.7945 0.4822 0.3667
1341848020.9066 -0.1680 -2.0921 4.2094 0.0424 0.7954 0.4831 0.3635
1341848020.9388 -0.1622 -2.0954 4.2116 0.0431 0.7953 0.4855 0.3605
1341848020.9749 -0.1559 -2.0985 4.2125 0.0429 0.7967 0.4849 0.3580
1341848021.0066 -0.1540 -2.1053 4.2199 0.0425 0.7984 0.4844 0.3551
1341848021.0396 -0.1481 -2.1091 4.2258 0.0429 0.7991 0.4862 0.3509
1341848021.0748 -0.1405 -2.1122 4.2293 0.0438 0.7998 0.4878 0.3471
1341848021.1067 -0.1376 -2.1148 4.2329 0.0435 0.8009 0.4879 0.3443
1341848021.1428 -0.1308 -2.1199 4.2380 0.0414 0.8026 0.4887 0.3395
1341848021.1750 -0.1221 -2.1237 4.2436 0.0411 0.8040 0.4893 0.3353
1341848021.2067 -0.1169 -2.1276 4.2506 0.0419 0.8052 0.4903 0.3310
1341848021.2427 -0.1095 -2.1269 4.2504 0.0407 0.8070 0.4901 0.3270
1341848021.2749 -0.1022 -2.1341 4.2590 0.0395 0.8103 0.4889 0.3206
1341848021.3073 -0.0940 -2.1382 4.2635 0.0408 0.8123 0.4890 0.3154
1341848021.3434 -0.0868 -2.1413 4.2650 0.0425 0.8149 0.4883 0.3094
1341848021.3848 -0.0788 -2.1459 4.2686 0.0425 0.8192 0.4852 0.3028
1341848021.4143 -0.0740 -2.1557 4.2782 0.0444 0.8230 0.4835 0.2949
1341848021.4557 -0.0629 -2.1604 4.2825 0.0475 0.8257 0.4834 0.2868
1341848021.4879 -0.0572 -2.1679 4.2884 0.0511 0.8287 0.4819 0.2801
1341848021.5147 -0.0494 -2.1760 4.2968 0.0533 0.8310 0.4817 0.2731
1341848021.5508 -0.0418 -2.1824 4.3043 0.0559 0.8321 0.4826 0.2676
1341848021.6178 -0.0265 -2.1906 4.3150 0.0515 0.8353 0.4811 0.2610
1341848021.6788 -0.0062 -2.1991 4.3247 0.0436 0.8386 0.4802 0.2535
1341848021.7107 0.0005 -2.2056 4.3335 0.0438 0.8396 0.4801 0.2502
1341848021.7428 0.0080 -2.2077 4.3383 0.0443 0.8398 0.4819 0.2460
1341848021.7787 0.0172 -2.2103 4.3405 0.0446 0.8403 0.4831 0.2418
1341848021.8109 0.0231 -2.2130 4.3466 0.0436 0.8409 0.4841 0.2379
1341848021.8446 0.0339 -2.2124 4.3463 0.0409 0.8416 0.4856 0.2331
1341848021.8789 0.0443 -2.2170 4.3493 0.0394 0.8427 0.4857 0.2287
1341848021.9106 0.0540 -2.2191 4.3521 0.0388 0.8438 0.4855 0.2255
1341848021.9467 0.0650 -2.2216 4.3518 0.0376 0.8449 0.4851 0.2221
1341848021.9787 0.0747 -2.2251 4.3543 0.0371 0.8469 0.4834 0.2184
1341848022.0108 0.0851 -2.2291 4.3575 0.0357 0.8485 0.4823 0.2149
1341848022.0467 0.0945 -2.2309 4.3589 0.0354 0.8498 0.4818 0.2109
1341848022.0787 0.1045 -2.2342 4.3607 0.0355 0.8510 0.4815 0.2066
1341848022.1110 0.1147 -2.2340 4.3599 0.0336 0.8522 0.4813 0.2025
1341848022.1467 0.1291 -2.2358 4.3585 0.0325 0.8535 0.4813 0.1971
1341848022.1790 0.1392 -2.2366 4.3582 0.0319 0.8552 0.4799 0.1930
1341848022.2148 0.1503 -2.2377 4.3549 0.0311 0.8566 0.4794 0.1886
1341848022.2468 0.1607 -2.2423 4.3521 0.0313 0.8586 0.4780 0.1825
1341848022.2788 0.1685 -2.2461 4.3552 0.0343 0.8603 0.4772 0.1760
1341848022.3148 0.1825 -2.2445 4.3518 0.0392 0.8608 0.4786 0.1688
1341848022.3541 0.1903 -2.2454 4.3465 0.0414 0.8623 0.4776 0.1635
1341848022.3872 0.1972 -2.2505 4.3478 0.0419 0.8641 0.4764 0.1568
1341848022.4178 0.2137 -2.2499 4.3419 0.0442 0.8650 0.4768 0.1498
1341848022.4542 0.2202 -2.2529 4.3380 0.0459 0.8668 0.4746 0.1461
1341848022.4856 0.2256 -2.2583 4.3373 0.0459 0.8685 0.4730 0.1412
1341848022.5217 0.2389 -2.2619 4.3341 0.0471 0.8693 0.4731 0.1349
1341848022.5542 0.2472 -2.2660 4.3302 0.0499 0.8701 0.4724 0.1311
1341848022.5861 0.2511 -2.2674 4.3284 0.0488 0.8715 0.4710 0.1278
1341848022.6218 0.2652 -2.2685 4.3226 0.0474 0.8724 0.4712 0.1208
1341848022.6542 0.2740 -2.2736 4.3187 0.0491 0.8738 0.4695 0.1165
1341848022.6903 0.2753 -2.2762 4.3213 0.0513 0.8746 0.4689 0.1122
1341848022.7217 0.2839 -2.2764 4.3179 0.0507 0.8740 0.4718 0.1044
1341848022.7830 0.2999 -2.2784 4.3160 0.0515 0.8745 0.4731 0.0938
1341848022.8148 0.3049 -2.2775 4.3126 0.0491 0.8729 0.4776 0.0863
1341848022.8508 0.3245 -2.2769 4.3052 0.0464 0.8726 0.4798 0.0781
1341848022.8827 0.3225 -2.2793 4.3117 0.0464 0.8723 0.4811 0.0743
1341848022.9188 0.3259 -2.2770 4.3117 0.0417 0.8685 0.4897 0.0649
1341848022.9508 0.3513 -2.2691 4.2823 0.0336 0.8662 0.4956 0.0543
1341848022.9827 0.3486 -2.2747 4.2890 0.0276 0.8705 0.4889 0.0501
1341848023.0188 0.3566 -2.2794 4.2953 0.0234 0.8695 0.4918 0.0383
1341848023.0508 0.3778 -2.2726 4.2835 0.0243 0.8671 0.4970 0.0256
1341848023.0827 0.3868 -2.2742 4.2801 0.0285 0.8670 0.4970 0.0188
1341848023.1188 0.3880 -2.2751 4.2815 0.0305 0.8665 0.4982 0.0119
1341848023.1510 0.4036 -2.2703 4.2733 0.0292 0.8656 0.4998 0.0013
1341848023.1867 0.4096 -2.2775 4.2786 0.0317 0.8661 0.4988 -0.0056
1341848023.2187 0.4200 -2.2757 4.2833 0.0331 0.8639 0.5024 -0.0142
1341848023.2868 0.4413 -2.2673 4.2775 0.0311 0.8585 0.5112 -0.0268
1341848023.3188 0.4471 -2.2660 4.2747 0.0253 0.8563 0.5149 -0.0306
1341848023.3548 0.4612 -2.2620 4.2732 0.0197 0.8546 0.5175 -0.0382
1341848023.3869 0.4739 -2.2584 4.2707 0.0174 0.8532 0.5196 -0.0432
1341848023.4187 0.4807 -2.2558 4.2715 0.0179 0.8518 0.5214 -0.0473
1341848023.4547 0.4897 -2.2526 4.2681 0.0190 0.8494 0.5247 -0.0536
1341848023.4871 0.5001 -2.2479 4.2629 0.0197 0.8480 0.5264 -0.0585
1341848023.5187 0.5032 -2.2457 4.2589 0.0192 0.8471 0.5275 -0.0617
1341848023.5551 0.5110 -2.2427 4.2542 0.0163 0.8467 0.5276 -0.0673
1341848023.5868 0.5227 -2.2377 4.2485 0.0151 0.8469 0.5266 -0.0722
1341848023.6228 0.5277 -2.2374 4.2447 0.0169 0.8470 0.5258 -0.0759
1341848023.6872 0.5416 -2.2334 4.2341 0.0162 0.8470 0.5242 -0.0867
1341848023.7227 0.5509 -2.2297 4.2290 0.0176 0.8474 0.5225 -0.0924
1341848023.7547 0.5538 -2.2282 4.2266 0.0191 0.8473 0.5221 -0.0955
1341848023.7869 0.5589 -2.2219 4.2161 0.0174 0.8463 0.5229 -0.1003
1341848023.8228 0.5672 -2.2200 4.2115 0.0152 0.8468 0.5211 -0.1055
1341848023.8548 0.5720 -2.2149 4.2052 0.0154 0.8462 0.5213 -0.1095
1341848023.8907 0.5778 -2.2104 4.1961 0.0151 0.8455 0.5214 -0.1145
1341848023.9228 0.5833 -2.2041 4.1853 0.0140 0.8455 0.5204 -0.1191
1341848023.9548 0.5882 -2.2019 4.1777 0.0140 0.8458 0.5185 -0.1246
1341848023.9907 0.5948 -2.2014 4.1737 0.0171 0.8450 0.5179 -0.1318
1341848024.0227 0.6021 -2.1950 4.1635 0.0218 0.8429 0.5194 -0.1388
1341848024.0547 0.6072 -2.1910 4.1524 0.0248 0.8419 0.5198 -0.1429
1341848024.1228 0.6151 -2.1866 4.1418 0.0305 0.8406 0.5190 -0.1522
1341848024.1588 0.6220 -2.1808 4.1295 0.0328 0.8388 0.5202 -0.1572
1341848024.1909 0.6224 -2.1790 4.1239 0.0348 0.8393 0.5188 -0.1591
1341848024.2228 0.6243 -2.1777 4.1225 0.0351 0.8380 0.5194 -0.1634
1341848024.2588 0.6311 -2.1689 4.1102 0.0353 0.8354 0.5214 -0.1701
1341848024.2908 0.6351 -2.1658 4.1076 0.0370 0.8352 0.5206 -0.1733
1341848024.3227 0.6361 -2.1642 4.1016 0.0364 0.8327 0.5237 -0.1762
1341848024.3587 0.6410 -2.1577 4.0909 0.0335 0.8306 0.5256 -0.1809
1341848024.3909 0.6444 -2.1548 4.0852 0.0318 0.8301 0.5252 -0.1845
1341848024.4268 0.6498 -2.1502 4.0823 0.0315 0.8291 0.5252 -0.1890
1341848024.4588 0.6536 -2.1458 4.0746 0.0314 0.8273 0.5267 -0.1925
1341848024.4910 0.6559 -2.1425 4.0720 0.0313 0.8264 0.5269 -0.1962
1341848024.5268 0.6633 -2.1371 4.0672 0.0293 0.8243 0.5285 -0.2008
1341848024.5586 0.6694 -2.1311 4.0606 0.0284 0.8229 0.5296 -0.2040
1341848024.5947 0.6736 -2.1303 4.0584 0.0286 0.8219 0.5300 -0.2067
1341848024.6267 0.6783 -2.1248 4.0542 0.0270 0.8198 0.5319 -0.2107
1341848024.6587 0.6859 -2.1180 4.0475 0.0259 0.8181 0.5325 -0.2157
1341848024.6948 0.6928 -2.1153 4.0474 0.0270 0.8173 0.5319 -0.2198
1341848024.7271 0.6993 -2.1102 4.0425 0.0275 0.8146 0.5344 -0.2238
1341848024.7589 0.7061 -2.1040 4.0333 0.0269 0.8128 0.5354 -0.2279
1341848024.7947 0.7130 -2.1030 4.0330 0.0263 0.8127 0.5340 -0.2316
1341848024.8267 0.7230 -2.0962 4.0283 0.0257 0.8113 0.5339 -0.2367
1341848024.8628 0.7334 -2.0929 4.0223 0.0280 0.8107 0.5328 -0.2412
1341848024.8948 0.7419 -2.0914 4.0215 0.0309 0.8106 0.5313 -0.2445
1341848024.9268 0.7517 -2.0885 4.0164 0.0327 0.8093 0.5308 -0.2493
1341848024.9627 0.7619 -2.0857 4.0150 0.0350 0.8096 0.5287 -0.2526
1341848024.9947 0.7712 -2.0872 4.0169 0.0381 0.8088 0.5284 -0.2554
1341848025.0269 0.7796 -2.0825 4.0107 0.0395 0.8060 0.5306 -0.2594
1341848025.0626 0.7874 -2.0815 4.0076 0.0387 0.8055 0.5303 -0.2617
1341848025.1311 0.8071 -2.0741 4.0030 0.0367 0.8026 0.5309 -0.2697
1341848025.1631 0.8177 -2.0709 4.0005 0.0385 0.8023 0.5293 -0.2733
1341848025.1949 0.8241 -2.0709 4.0014 0.0408 0.8013 0.5293 -0.2757
1341848025.2306 0.8330 -2.0673 3.9949 0.0412 0.7989 0.5304 -0.2804
1341848025.2627 0.8432 -2.0636 3.9918 0.0422 0.7989 0.5287 -0.2837
1341848025.2947 0.8501 -2.0634 3.9911 0.0432 0.7984 0.5285 -0.2853
1341848025.3307 0.8570 -2.0607 3.9855 0.0419 0.7970 0.5294 -0.2878
1341848025.3630 0.8650 -2.0592 3.9829 0.0410 0.7969 0.5285 -0.2899
1341848025.3988 0.8728 -2.0580 3.9812 0.0425 0.7962 0.5282 -0.2920
1341848025.4307 0.8761 -2.0577 3.9763 0.0431 0.7943 0.5301 -0.2936
1341848025.4628 0.8819 -2.0573 3.9718 0.0408 0.7935 0.5300 -0.2962
1341848025.4987 0.8892 -2.0560 3.9703 0.0390 0.7932 0.5294 -0.2983
1341848025.5308 0.8956 -2.0533 3.9663 0.0393 0.7919 0.5299 -0.3010
1341848025.5668 0.8998 -2.0515 3.9626 0.0391 0.7909 0.5301 -0.3033
1341848025.5987 0.9054 -2.0492 3.9604 0.0378 0.7903 0.5299 -0.3053
1341848025.6307 0.9121 -2.0466 3.9572 0.0375 0.7892 0.5300 -0.3080
1341848025.6667 0.9156 -2.0443 3.9544 0.0384 0.7883 0.5303 -0.3098
1341848025.6988 0.9201 -2.0445 3.9528 0.0379 0.7868 0.5309 -0.3124
1341848025.7307 0.9254 -2.0389 3.9469 0.0359 0.7849 0.5321 -0.3154
1341848025.7667 0.9305 -2.0333 3.9433 0.0349 0.7848 0.5308 -0.3179
1341848025.7989 0.9352 -2.0334 3.9420 0.0361 0.7845 0.5298 -0.3204
1341848025.8348 0.9407 -2.0284 3.9368 0.0372 0.7831 0.5298 -0.3236
1341848025.8667 0.9457 -2.0255 3.9330 0.0390 0.7830 0.5283 -0.3261
1341848025.8987 0.9504 -2.0238 3.9314 0.0410 0.7825 0.5274 -0.3285
1341848025.9348 0.9536 -2.0207 3.9265 0.0425 0.7810 0.5279 -0.3311
1341848025.9671 0.9594 -2.0174 3.9242 0.0433 0.7808 0.5264 -0.3338
1341848025.9987 0.9651 -2.0137 3.9223 0.0448 0.7794 0.5265 -0.3367
1341848026.0346 0.9693 -2.0083 3.9155 0.0462 0.7775 0.5270 -0.3401
1341848026.0669 0.9747 -2.0061 3.9121 0.0469 0.7773 0.5254 -0.3429
1341848026.1028 0.9821 -2.0036 3.9112 0.0483 0.7760 0.5246 -0.3468
1341848026.1347 0.9880 -1.9978 3.9033 0.0510 0.7736 0.5251 -0.3511
1341848026.1667 0.9937 -1.9962 3.9018 0.0547 0.7734 0.5233 -0.3534
1341848026.2028 0.9986 -1.9945 3.9009 0.0567 0.7716 0.5239 -0.3563
1341848026.2349 1.0054 -1.9887 3.8941 0.0577 0.7689 0.5247 -0.3608
1341848026.2670 1.0126 -1.9866 3.8938 0.0618 0.7680 0.5235 -0.3637
1341848026.3029 1.0165 -1.9832 3.8889 0.0648 0.7648 0.5258 -0.3665
1341848026.3348 1.0205 -1.9788 3.8835 0.0650 0.7632 0.5260 -0.3697
1341848026.3710 1.0273 -1.9763 3.8813 0.0651 0.7628 0.5245 -0.3725
1341848026.4027 1.0322 -1.9743 3.8776 0.0668 0.7616 0.5243 -0.3750
1341848026.4347 1.0365 -1.9711 3.8730 0.0689 0.7609 0.5228 -0.3781
1341848026.4708 1.0416 -1.9677 3.8706 0.0696 0.7611 0.5208 -0.3804
1341848026.5027 1.0463 -1.9660 3.8668 0.0698 0.7601 0.5198 -0.3836
1341848026.5347 1.0522 -1.9646 3.8619 0.0690 0.7593 0.5188 -0.3867
1341848026.5708 1.0571 -1.9620 3.8578 0.0682 0.7596 0.5174 -0.3881
1341848026.6027 1.0635 -1.9604 3.8558 0.0661 0.7598 0.5166 -0.3892
1341848026.6420 1.0689 -1.9582 3.8515 0.0661 0.7588 0.5164 -0.3913
1341848026.7028 1.0811 -1.9532 3.8426 0.0651 0.7588 0.5149 -0.3934
1341848026.7388 1.0897 -1.9524 3.8393 0.0638 0.7587 0.5146 -0.3944
1341848026.7708 1.0972 -1.9498 3.8364 0.0642 0.7582 0.5150 -0.3948
1341848026.8067 1.1056 -1.9484 3.8326 0.0644 0.7572 0.5160 -0.3952
1341848026.8387 1.1127 -1.9471 3.8291 0.0639 0.7568 0.5174 -0.3943
1341848026.8780 1.1211 -1.9447 3.8265 0.0628 0.7563 0.5181 -0.3945
1341848026.9389 1.1406 -1.9399 3.8191 0.0614 0.7556 0.5197 -0.3939
1341848026.9707 1.1519 -1.9388 3.8175 0.0611 0.7558 0.5202 -0.3931
1341848027.0068 1.1598 -1.9373 3.8152 0.0609 0.7553 0.5213 -0.3926
1341848027.0387 1.1712 -1.9355 3.8114 0.0612 0.7550 0.5206 -0.3940
1341848027.0748 1.1835 -1.9371 3.8123 0.0622 0.7551 0.5203 -0.3940
1341848027.1067 1.1910 -1.9352 3.8087 0.0635 0.7535 0.5210 -0.3958
1341848027.1387 1.2007 -1.9358 3.8047 0.0637 0.7539 0.5192 -0.3975
1341848027.1748 1.2137 -1.9357 3.8053 0.0626 0.7549 0.5171 -0.3985
1341848027.2072 1.2236 -1.9360 3.8037 0.0629 0.7544 0.5164 -0.4004
1341848027.2387 1.2348 -1.9369 3.8008 0.0633 0.7537 0.5152 -0.4031
1341848027.2747 1.2461 -1.9375 3.8008 0.0633 0.7543 0.5139 -0.4038
1341848027.3067 1.2569 -1.9380 3.7994 0.0634 0.7541 0.5127 -0.4055
1341848027.3428 1.2667 -1.9391 3.7968 0.0647 0.7543 0.5114 -0.4067
1341848027.3749 1.2767 -1.9406 3.7940 0.0655 0.7553 0.5096 -0.4068
1341848027.4068 1.2880 -1.9419 3.7933 0.0655 0.7569 0.5074 -0.4065
1341848027.4430 1.2982 -1.9411 3.7895 0.0653 0.7584 0.5056 -0.4061
1341848027.4748 1.3093 -1.9431 3.7886 0.0644 0.7612 0.5032 -0.4041
1341848027.5067 1.3204 -1.9439 3.7864 0.0642 0.7633 0.5014 -0.4023
1341848027.5433 1.3296 -1.9435 3.7837 0.0642 0.7655 0.5000 -0.3999
1341848027.5747 1.3395 -1.9449 3.7825 0.0637 0.7678 0.4983 -0.3977
1341848027.6107 1.3483 -1.9451 3.7808 0.0629 0.7691 0.4976 -0.3960
1341848027.6427 1.3563 -1.9448 3.7778 0.0629 0.7703 0.4970 -0.3946
1341848027.6747 1.3644 -1.9454 3.7770 0.0627 0.7714 0.4969 -0.3925
1341848027.7110 1.3714 -1.9438 3.7740 0.0629 0.7714 0.4973 -0.3920
1341848027.7428 1.3785 -1.9422 3.7688 0.0628 0.7716 0.4978 -0.3911
1341848027.7788 1.3846 -1.9411 3.7650 0.0619 0.7728 0.4979 -0.3886
1341848027.8107 1.3926 -1.9395 3.7624 0.0607 0.7737 0.4979 -0.3871
1341848027.8428 1.4006 -1.9373 3.7578 0.0601 0.7736 0.4993 -0.3856
1341848027.8787 1.4049 -1.9345 3.7533 0.0598 0.7741 0.5006 -0.3828
1341848027.9111 1.4115 -1.9339 3.7493 0.0584 0.7750 0.5013 -0.3804
1341848027.9427 1.4183 -1.9307 3.7445 0.0568 0.7748 0.5031 -0.3787
1341848027.9788 1.4232 -1.9286 3.7359 0.0552 0.7752 0.5043 -0.3764
1341848028.0110 1.4287 -1.9271 3.7334 0.0539 0.7772 0.5033 -0.3738
1341848028.0467 1.4344 -1.9248 3.7283 0.0529 0.7777 0.5033 -0.3730
1341848028.0790 1.4400 -1.9220 3.7211 0.0533 0.7788 0.5022 -0.3721
1341848028.1110 1.4460 -1.9202 3.7171 0.0546 0.7806 0.5005 -0.3705
1341848028.1506 1.4476 -1.9187 3.7118 0.0559 0.7810 0.4999 -0.3701
1341848028.1860 1.4522 -1.9165 3.7020 0.0557 0.7818 0.4983 -0.3707
1341848028.2542 1.4622 -1.9113 3.6934 0.0571 0.7828 0.4958 -0.3716
1341848028.3149 1.4688 -1.9058 3.6825 0.0577 0.7841 0.4928 -0.3728
1341848028.3790 1.4782 -1.8991 3.6680 0.0585 0.7836 0.4909 -0.3763
1341848028.4146 1.4821 -1.8961 3.6610 0.0594 0.7840 0.4894 -0.3773
1341848028.4476 1.4873 -1.8934 3.6532 0.0589 0.7836 0.4884 -0.3794
1341848028.4828 1.4943 -1.8893 3.6469 0.0593 0.7841 0.4863 -0.3811
1341848028.5147 1.5010 -1.8863 3.6422 0.0626 0.7841 0.4851 -0.3821
1341848028.5466 1.5065 -1.8833 3.6313 0.0637 0.7829 0.4865 -0.3825
1341848028.5827 1.5135 -1.8807 3.6251 0.0628 0.7834 0.4857 -0.3826
1341848028.6146 1.5219 -1.8768 3.6193 0.0633 0.7832 0.4859 -0.3826
1341848028.6538 1.5289 -1.8726 3.6100 0.0639 0.7828 0.4867 -0.3825
1341848028.7218 1.5428 -1.8651 3.5972 0.0646 0.7833 0.4857 -0.3826
1341848028.7829 1.5552 -1.8573 3.5809 0.0662 0.7833 0.4848 -0.3833
1341848028.8148 1.5614 -1.8547 3.5738 0.0658 0.7834 0.4849 -0.3831
1341848028.8508 1.5672 -1.8502 3.5670 0.0658 0.7841 0.4841 -0.3828
1341848028.8827 1.5741 -1.8472 3.5631 0.0672 0.7847 0.4834 -0.3821
1341848028.9148 1.5811 -1.8443 3.5561 0.0688 0.7838 0.4847 -0.3821
1341848028.9509 1.5868 -1.8410 3.5493 0.0700 0.7830 0.4859 -0.3820
1341848028.9827 1.5921 -1.8381 3.5409 0.0700 0.7823 0.4874 -0.3816
1341848029.0187 1.5971 -1.8359 3.5341 0.0684 0.7821 0.4882 -0.3812
1341848029.0829 1.6075 -1.8301 3.5243 0.0655 0.7823 0.4877 -0.3820
1341848029.1188 1.6130 -1.8265 3.5185 0.0660 0.7816 0.4881 -0.3828
1341848029.1507 1.6177 -1.8240 3.5119 0.0660 0.7803 0.4894 -0.3837
1341848029.1827 1.6221 -1.8211 3.5080 0.0650 0.7792 0.4907 -0.3845
1341848029.2187 1.6283 -1.8176 3.5029 0.0639 0.7782 0.4918 -0.3852
1341848029.2506 1.6334 -1.8149 3.4983 0.0623 0.7776 0.4929 -0.3854
1341848029.2870 1.6387 -1.8124 3.4940 0.0597 0.7768 0.4936 -0.3865
1341848029.3202 1.6456 -1.8097 3.4901 0.0583 0.7754 0.4941 -0.3888
1341848029.3510 1.6521 -1.8062 3.4833 0.0595 0.7748 0.4934 -0.3909
1341848029.3869 1.6592 -1.8044 3.4803 0.0592 0.7749 0.4924 -0.3920
1341848029.4188 1.6660 -1.8023 3.4755 0.0581 0.7733 0.4930 -0.3944
1341848029.4508 1.6731 -1.7997 3.4706 0.0582 0.7728 0.4917 -0.3970
1341848029.4868 1.6810 -1.7982 3.4661 0.0576 0.7721 0.4912 -0.3991
1341848029.5189 1.6883 -1.7962 3.4627 0.0563 0.7714 0.4903 -0.4018
1341848029.5547 1.6971 -1.7954 3.4583 0.0568 0.7709 0.4883 -0.4050
1341848029.5870 1.7071 -1.7955 3.4565 0.0582 0.7712 0.4860 -0.4070
1341848029.6187 1.7162 -1.7939 3.4528 0.0593 0.7698 0.4850 -0.4106
1341848029.6553 1.7246 -1.7919 3.4468 0.0602 0.7682 0.4841 -0.4147
1341848029.6868 1.7347 -1.7909 3.4437 0.0601 0.7679 0.4823 -0.4173
1341848029.7188 1.7443 -1.7902 3.4412 0.0603 0.7659 0.4823 -0.4210
1341848029.7548 1.7524 -1.7880 3.4365 0.0608 0.7640 0.4821 -0.4244
1341848029.7869 1.7621 -1.7872 3.4337 0.0610 0.7636 0.4804 -0.4270
1341848029.8228 1.7715 -1.7861 3.4310 0.0613 0.7618 0.4805 -0.4301
1341848029.8548 1.7798 -1.7840 3.4275 0.0617 0.7602 0.4801 -0.4335
1341848029.8880 1.7886 -1.7822 3.4253 0.0628 0.7590 0.4788 -0.4366
1341848029.9228 1.7974 -1.7809 3.4241 0.0637 0.7577 0.4786 -0.4391
1341848029.9546 1.8048 -1.7777 3.4210 0.0642 0.7557 0.4786 -0.4424
1341848029.9908 1.8130 -1.7758 3.4182 0.0642 0.7545 0.4779 -0.4452
1341848030.0229 1.8224 -1.7744 3.4161 0.0644 0.7529 0.4780 -0.4477
1341848030.0548 1.8292 -1.7714 3.4134 0.0645 0.7515 0.4782 -0.4499
1341848030.0908 1.8365 -1.7696 3.4091 0.0643 0.7500 0.4779 -0.4528
1341848030.1228 1.8438 -1.7675 3.4078 0.0634 0.7489 0.4776 -0.4549
1341848030.1549 1.8500 -1.7652 3.4037 0.0636 0.7469 0.4780 -0.4577
1341848030.1907 1.8556 -1.7629 3.4004 0.0636 0.7455 0.4779 -0.4603
1341848030.2227 1.8608 -1.7607 3.3972 0.0628 0.7434 0.4782 -0.4633
1341848030.2589 1.8665 -1.7588 3.3946 0.0619 0.7414 0.4782 -0.4667
1341848030.2909 1.8726 -1.7556 3.3912 0.0619 0.7392 0.4783 -0.4701
1341848030.3228 1.8777 -1.7535 3.3872 0.0617 0.7373 0.4788 -0.4726
1341848030.3589 1.8828 -1.7498 3.3833 0.0611 0.7341 0.4800 -0.4763
1341848030.3908 1.8873 -1.7476 3.3783 0.0608 0.7320 0.4801 -0.4796
1341848030.4228 1.8938 -1.7441 3.3767 0.0604 0.7302 0.4801 -0.4823
1341848030.4589 1.8975 -1.7404 3.3708 0.0607 0.7280 0.4802 -0.4855
1341848030.4908 1.9044 -1.7375 3.3683 0.0600 0.7269 0.4800 -0.4874
1341848030.5267 1.9077 -1.7328 3.3636 0.0598 0.7249 0.4805 -0.4899
1341848030.5658 1.9121 -1.7283 3.3584 0.0596 0.7234 0.4795 -0.4932
1341848030.6270 1.9220 -1.7223 3.3498 0.0610 0.7199 0.4778 -0.4997
1341848030.6589 1.9261 -1.7183 3.3433 0.0624 0.7187 0.4760 -0.5030
1341848030.6907 1.9319 -1.7158 3.3384 0.0637 0.7183 0.4737 -0.5056
1341848030.7268 1.9370 -1.7118 3.3332 0.0642 0.7171 0.4721 -0.5087
1341848030.7588 1.9407 -1.7085 3.3267 0.0647 0.7155 0.4703 -0.5126
1341848030.7947 1.9463 -1.7062 3.3211 0.0642 0.7144 0.4679 -0.5163
1341848030.8275 1.9523 -1.7026 3.3142 0.0641 0.7132 0.4655 -0.5202
1341848030.8598 1.9600 -1.7007 3.3094 0.0659 0.7124 0.4618 -0.5243
1341848030.8947 1.9671 -1.6986 3.3035 0.0704 0.7104 0.4590 -0.5289
1341848030.9267 1.9721 -1.6949 3.2935 0.0739 0.7088 0.4564 -0.5328
1341848030.9587 1.9764 -1.6932 3.2861 0.0741 0.7085 0.4535 -0.5356
1341848030.9947 1.9841 -1.6921 3.2809 0.0737 0.7074 0.4503 -0.5399
1341848031.0267 1.9914 -1.6885 3.2714 0.0755 0.7065 0.4474 -0.5431
1341848031.0628 1.9981 -1.6866 3.2647 0.0787 0.7070 0.4437 -0.5451
1341848031.0948 2.0059 -1.6846 3.2582 0.0812 0.7059 0.4412 -0.5482
1341848031.1268 2.0122 -1.6813 3.2484 0.0828 0.7052 0.4397 -0.5500
1341848031.1629 2.0196 -1.6780 3.2427 0.0844 0.7062 0.4374 -0.5502
1341848031.1947 2.0265 -1.6765 3.2377 0.0859 0.7060 0.4364 -0.5511
1341848031.2310 2.0310 -1.6733 3.2303 0.0871 0.7052 0.4364 -0.5520
1341848031.2627 2.0386 -1.6726 3.2231 0.0884 0.7047 0.4359 -0.5528
1341848031.2947 2.0446 -1.6706 3.2179 0.0915 0.7036 0.4362 -0.5535
1341848031.3308 2.0472 -1.6683 3.2101 0.0929 0.7023 0.4370 -0.5542
1341848031.3630 2.0515 -1.6675 3.2045 0.0922 0.7022 0.4362 -0.5551
1341848031.3948 2.0555 -1.6663 3.1999 0.0908 0.7015 0.4361 -0.5562
1341848031.4306 2.0600 -1.6641 3.1940 0.0898 0.7004 0.4355 -0.5583
1341848031.4722 2.0641 -1.6632 3.1890 0.0885 0.7000 0.4346 -0.5597
1341848031.5021 2.0689 -1.6618 3.1859 0.0866 0.6987 0.4351 -0.5613
1341848031.5629 2.0777 -1.6611 3.1789 0.0848 0.6962 0.4333 -0.5660
1341848031.5987 2.0818 -1.6601 3.1756 0.0848 0.6938 0.4332 -0.5690
1341848031.6308 2.0860 -1.6593 3.1710 0.0843 0.6923 0.4325 -0.5714
1341848031.6628 2.0920 -1.6590 3.1686 0.0833 0.6914 0.4313 -0.5735
1341848031.6988 2.0974 -1.6585 3.1645 0.0823 0.6895 0.4308 -0.5764
1341848031.7307 2.1011 -1.6578 3.1598 0.0810 0.6885 0.4291 -0.5790
1341848031.7667 2.1087 -1.6573 3.1575 0.0786 0.6883 0.4266 -0.5815
1341848031.7987 2.1162 -1.6566 3.1551 0.0783 0.6862 0.4252 -0.5850
1341848031.8308 2.1207 -1.6555 3.1515 0.0794 0.6842 0.4226 -0.5890
1341848031.8667 2.1273 -1.6557 3.1489 0.0792 0.6826 0.4201 -0.5927
1341848031.8987 2.1325 -1.6556 3.1452 0.0775 0.6806 0.4192 -0.5959
1341848031.9308 2.1405 -1.6550 3.1416 0.0772 0.6795 0.4159 -0.5995
1341848031.9667 2.1482 -1.6550 3.1386 0.0783 0.6781 0.4145 -0.6018
1341848031.9987 2.1530 -1.6540 3.1338 0.0769 0.6759 0.4141 -0.6048
1341848032.0347 2.1617 -1.6538 3.1294 0.0744 0.6748 0.4127 -0.6073
1341848032.0667 2.1709 -1.6520 3.1275 0.0742 0.6737 0.4114 -0.6094
1341848032.0987 2.1780 -1.6503 3.1215 0.0750 0.6725 0.4105 -0.6112
1341848032.1347 2.1848 -1.6487 3.1181 0.0743 0.6726 0.4100 -0.6116
1341848032.1670 2.1924 -1.6466 3.1153 0.0738 0.6713 0.4099 -0.6131
1341848032.2030 2.1992 -1.6450 3.1092 0.0743 0.6705 0.4094 -0.6143
1341848032.2347 2.2069 -1.6432 3.1069 0.0744 0.6707 0.4085 -0.6147
1341848032.2667 2.2136 -1.6401 3.1043 0.0745 0.6690 0.4089 -0.6162
1341848032.3028 2.2178 -1.6388 3.0981 0.0739 0.6680 0.4092 -0.6171
1341848032.3346 2.2258 -1.6381 3.0977 0.0734 0.6683 0.4077 -0.6178
1341848032.3667 2.2306 -1.6350 3.0949 0.0733 0.6663 0.4084 -0.6196
1341848032.4030 2.2347 -1.6347 3.0893 0.0723 0.6654 0.4072 -0.6215
1341848032.4347 2.2431 -1.6340 3.0875 0.0715 0.6651 0.4052 -0.6231
1341848032.4708 2.2491 -1.6322 3.0835 0.0708 0.6646 0.4046 -0.6242
1341848032.5030 2.2550 -1.6310 3.0787 0.0706 0.6644 0.4035 -0.6251
1341848032.5347 2.2609 -1.6302 3.0760 0.0707 0.6644 0.4019 -0.6262
1341848032.5709 2.2670 -1.6286 3.0714 0.0703 0.6637 0.4011 -0.6274
1341848032.6030 2.2722 -1.6270 3.0626 0.0692 0.6643 0.3998 -0.6277
1341848032.6347 2.2766 -1.6263 3.0594 0.0679 0.6659 0.3978 -0.6275
1341848032.6708 2.2830 -1.6253 3.0539 0.0657 0.6661 0.3964 -0.6284
1341848032.7028 2.2892 -1.6242 3.0473 0.0641 0.6668 0.3953 -0.6285
1341848032.7387 2.2981 -1.6234 3.0431 0.0645 0.6677 0.3932 -0.6288
1341848032.7707 2.3025 -1.6207 3.0373 0.0649 0.6673 0.3936 -0.6290
1341848032.8029 2.3057 -1.6178 3.0280 0.0644 0.6669 0.3938 -0.6293
1341848032.8388 2.3131 -1.6168 3.0229 0.0640 0.6686 0.3927 -0.6283
1341848032.8707 2.3171 -1.6137 3.0185 0.0651 0.6684 0.3927 -0.6283
1341848032.9027 2.3194 -1.6107 3.0108 0.0663 0.6680 0.3919 -0.6291
1341848032.9388 2.3249 -1.6078 3.0066 0.0662 0.6679 0.3913 -0.6296
1341848032.9708 2.3276 -1.6028 3.0010 0.0656 0.6666 0.3923 -0.6304
1341848033.0067 2.3289 -1.5997 2.9935 0.0655 0.6654 0.3920 -0.6319
1341848033.0392 2.3320 -1.5968 2.9873 0.0655 0.6649 0.3907 -0.6332
1341848033.0708 2.3327 -1.5939 2.9821 0.0644 0.6643 0.3901 -0.6343
1341848033.1069 2.3342 -1.5896 2.9749 0.0625 0.6629 0.3886 -0.6369
1341848033.1391 2.3370 -1.5874 2.9682 0.0623 0.6623 0.3861 -0.6390
1341848033.1707 2.3419 -1.5842 2.9638 0.0647 0.6613 0.3837 -0.6413
1341848033.2069 2.3428 -1.5807 2.9573 0.0674 0.6592 0.3828 -0.6437
1341848033.2387 2.3441 -1.5777 2.9506 0.0676 0.6573 0.3817 -0.6463
1341848033.2749 2.3492 -1.5748 2.9452 0.0666 0.6559 0.3814 -0.6480
1341848033.3067 2.3503 -1.5713 2.9393 0.0673 0.6536 0.3817 -0.6501
1341848033.3388 2.3530 -1.5690 2.9324 -0.0683 -0.6517 -0.3803 0.6527
1341848033.3748 2.3570 -1.5653 2.9271 -0.0684 -0.6498 -0.3808 0.6543
1341848033.4068 2.3560 -1.5607 2.9193 -0.0680 -0.6480 -0.3815 0.6557
1341848033.4431 2.3591 -1.5582 2.9133 -0.0676 -0.6476 -0.3801 0.6569
1341848033.4747 2.3626 -1.5553 2.9083 -0.0682 -0.6463 -0.3796 0.6584
1341848033.5068 2.3637 -1.5522 2.9020 -0.0685 -0.6451 -0.3795 0.6597
1341848033.5429 2.3654 -1.5490 2.8950 -0.0687 -0.6448 -0.3781 0.6607
1341848033.5748 2.3680 -1.5465 2.8921 -0.0691 -0.6441 -0.3768 0.6621
1341848033.6069 2.3695 -1.5444 2.8872 -0.0707 -0.6421 -0.3757 0.6645
1341848033.6429 2.3709 -1.5428 2.8811 -0.0718 -0.6417 -0.3745 0.6654
1341848033.6749 2.3739 -1.5415 2.8770 -0.0722 -0.6412 -0.3736 0.6663
1341848033.7108 2.3761 -1.5392 2.8701 -0.0732 -0.6393 -0.3731 0.6683
1341848033.7428 2.3756 -1.5381 2.8625 -0.0743 -0.6391 -0.3716 0.6693
1341848033.7748 2.3798 -1.5365 2.8595 -0.0733 -0.6398 -0.3702 0.6695
1341848033.8111 2.3817 -1.5340 2.8553 -0.0729 -0.6379 -0.3698 0.6715
1341848033.8428 2.3836 -1.5327 2.8497 -0.0740 -0.6367 -0.3683 0.6734
1341848033.8749 2.3874 -1.5313 2.8464 -0.0749 -0.6363 -0.3671 0.6744
1341848033.9112 2.3880 -1.5292 2.8422 -0.0749 -0.6338 -0.3663 0.6771
1341848033.9428 2.3881 -1.5276 2.8382 -0.0725 -0.6309 -0.3647 0.6810
1341848033.9789 2.3914 -1.5274 2.8339 -0.0690 -0.6288 -0.3625 0.6844
1341848034.0108 2.3942 -1.5277 2.8309 -0.0654 -0.6263 -0.3601 0.6883
1341848034.0427 2.3989 -1.5278 2.8275 -0.0629 -0.6223 -0.3573 0.6936
1341848034.0788 2.4029 -1.5276 2.8236 -0.0634 -0.6197 -0.3538 0.6977
1341848034.1108 2.4040 -1.5279 2.8210 -0.0638 -0.6188 -0.3500 0.7004
1341848034.1427 2.4076 -1.5286 2.8192 -0.0616 -0.6147 -0.3459 0.7061
1341848034.1788 2.4130 -1.5278 2.8155 -0.0584 -0.6114 -0.3435 0.7105
1341848034.2107 2.4189 -1.5290 2.8121 -0.0581 -0.6101 -0.3408 0.7129
1341848034.2467 2.4253 -1.5280 2.8087 -0.0595 -0.6069 -0.3375 0.7171
1341848034.2787 2.4277 -1.5284 2.8048 -0.0598 -0.6043 -0.3353 0.7203
1341848034.3181 2.4337 -1.5291 2.8014 -0.0584 -0.6032 -0.3326 0.7226
1341848034.3538 2.4408 -1.5275 2.7968 -0.0586 -0.6009 -0.3296 0.7258
1341848034.3862 2.4464 -1.5267 2.7913 -0.0599 -0.5995 -0.3269 0.7281
1341848034.4218 2.4522 -1.5258 2.7879 -0.0604 -0.5988 -0.3252 0.7294
1341848034.4538 2.4595 -1.5229 2.7826 -0.0603 -0.5968 -0.3243 0.7314
1341848034.4857 2.4658 -1.5215 2.7749 -0.0602 -0.5958 -0.3235 0.7327
1341848034.5217 2.4711 -1.5179 2.7697 -0.0589 -0.5961 -0.3234 0.7325
1341848034.5537 2.4786 -1.5138 2.7640 -0.0579 -0.5952 -0.3237 0.7332
1341848034.5858 2.4852 -1.5090 2.7568 -0.0584 -0.5948 -0.3240 0.7334
1341848034.6538 2.4995 -1.5007 2.7459 -0.0608 -0.5935 -0.3262 0.7333
1341848034.7152 2.5125 -1.4924 2.7325 -0.0619 -0.5912 -0.3268 0.7348
1341848034.7467 2.5191 -1.4880 2.7284 -0.0631 -0.5914 -0.3272 0.7343
1341848034.7828 2.5233 -1.4834 2.7234 -0.0648 -0.5901 -0.3278 0.7349
1341848034.8147 2.5294 -1.4788 2.7165 -0.0650 -0.5892 -0.3273 0.7359
1341848034.8469 2.5355 -1.4745 2.7127 -0.0644 -0.5894 -0.3288 0.7350
1341848034.8827 2.5388 -1.4707 2.7082 -0.0656 -0.5879 -0.3291 0.7360
1341848034.9148 2.5435 -1.4679 2.7041 -0.0661 -0.5866 -0.3294 0.7369
1341848034.9515 2.5466 -1.4639 2.7011 -0.0654 -0.5852 -0.3304 0.7376
1341848034.9830 2.5486 -1.4610 2.6973 -0.0657 -0.5832 -0.3307 0.7391
1341848035.0149 2.5522 -1.4579 2.6943 -0.0666 -0.5816 -0.3308 0.7402
1341848035.0509 2.5531 -1.4533 2.6898 -0.0675 -0.5802 -0.3307 0.7413
1341848035.0843 2.5559 -1.4506 2.6856 -0.0672 -0.5795 -0.3306 0.7419
1341848035.1189 2.5601 -1.4462 2.6818 -0.0667 -0.5779 -0.3312 0.7428
1341848035.2189 2.5656 -1.4350 2.6676 -0.0682 -0.5750 -0.3322 0.7446
1341848035.2843 2.5670 -1.4269 2.6541 -0.0680 -0.5739 -0.3314 0.7458
1341848035.3199 2.5694 -1.4242 2.6497 -0.0682 -0.5736 -0.3295 0.7468
1341848035.3510 2.5698 -1.4204 2.6416 -0.0683 -0.5731 -0.3281 0.7478
1341848035.4227 2.5739 -1.4164 2.6304 -0.0698 -0.5732 -0.3238 0.7495
1341848035.4868 2.5759 -1.4087 2.6146 -0.0703 -0.5728 -0.3193 0.7517
1341848035.5186 2.5788 -1.4051 2.6083 -0.0721 -0.5725 -0.3173 0.7525
1341848035.5509 2.5748 -1.4007 2.6012 -0.0747 -0.5716 -0.3141 0.7543
1341848035.5867 2.5768 -1.3986 2.5942 -0.0743 -0.5717 -0.3110 0.7556
1341848035.6188 2.5808 -1.3952 2.5881 -0.0737 -0.5704 -0.3092 0.7574
1341848035.6547 2.5799 -1.3908 2.5803 -0.0756 -0.5678 -0.3067 0.7602
1341848035.6867 2.5823 -1.3883 2.5736 -0.0781 -0.5663 -0.3039 0.7622
1341848035.7188 2.5838 -1.3837 2.5689 -0.0802 -0.5629 -0.3027 0.7649
1341848035.7560 2.5806 -1.3785 2.5605 -0.0816 -0.5599 -0.3011 0.7676
1341848035.7867 2.5813 -1.3781 2.5587 -0.0816 -0.5595 -0.3007 0.7680
1341848035.8188 2.5820 -1.3715 2.5484 -0.0816 -0.5551 -0.2997 0.7716
1341848035.8547 2.5806 -1.3694 2.5413 -0.0824 -0.5532 -0.2975 0.7737
1341848035.8867 2.5824 -1.3669 2.5349 -0.0835 -0.5529 -0.2948 0.7749
1341848035.9228 2.5821 -1.3637 2.5280 -0.0852 -0.5518 -0.2924 0.7764
1341848035.9546 2.5818 -1.3606 2.5194 -0.0860 -0.5517 -0.2898 0.7774
1341848035.9867 2.5853 -1.3579 2.5120 -0.0878 -0.5523 -0.2868 0.7779
1341848036.0228 2.5867 -1.3543 2.5066 -0.0912 -0.5519 -0.2850 0.7784
1341848036.0549 2.5844 -1.3490 2.4996 -0.0933 -0.5508 -0.2834 0.7795
1341848036.0870 2.5862 -1.3473 2.4939 -0.0933 -0.5501 -0.2828 0.7802
1341848036.1227 2.5880 -1.3439 2.4890 -0.0929 -0.5484 -0.2845 0.7808
1341848036.1548 2.5847 -1.3391 2.4815 -0.0940 -0.5460 -0.2846 0.7823
1341848036.1908 2.5840 -1.3365 2.4741 -0.0940 -0.5448 -0.2838 0.7835
1341848036.2233 2.5848 -1.3331 2.4671 -0.0933 -0.5433 -0.2843 0.7844
1341848036.2547 2.5830 -1.3295 2.4610 -0.0917 -0.5423 -0.2852 0.7849
1341848036.2908 2.5830 -1.3257 2.4557 -0.0889 -0.5403 -0.2860 0.7864
1341848036.3549 2.5833 -1.3171 2.4407 -0.0874 -0.5363 -0.2867 0.7890
1341848036.3908 2.5834 -1.3140 2.4358 -0.0878 -0.5361 -0.2854 0.7896
1341848036.4588 2.5829 -1.3054 2.4213 -0.0860 -0.5321 -0.2849 0.7926
1341848036.4912 2.5850 -1.3020 2.4133 -0.0847 -0.5324 -0.2848 0.7927
1341848036.5227 2.5844 -1.2970 2.4055 -0.0838 -0.5316 -0.2844 0.7934
1341848036.5589 2.5841 -1.2935 2.3980 -0.0824 -0.5309 -0.2832 0.7944
1341848036.5907 2.5847 -1.2887 2.3914 -0.0809 -0.5300 -0.2816 0.7958
1341848036.6268 2.5845 -1.2842 2.3828 -0.0811 -0.5281 -0.2785 0.7981
1341848036.6587 2.5839 -1.2810 2.3726 -0.0807 -0.5273 -0.2753 0.7998
1341848036.6912 2.5844 -1.2764 2.3626 -0.0780 -0.5266 -0.2727 0.8014
1341848036.7268 2.5882 -1.2726 2.3527 -0.0766 -0.5256 -0.2697 0.8032
1341848036.7589 2.5879 -1.2678 2.3414 -0.0766 -0.5241 -0.2665 0.8052
1341848036.7907 2.5901 -1.2648 2.3310 -0.0749 -0.5233 -0.2636 0.8069
1341848036.8270 2.5950 -1.2605 2.3204 -0.0729 -0.5212 -0.2622 0.8089
1341848036.8586 2.5961 -1.2568 2.3106 -0.0737 -0.5188 -0.2600 0.8111
1341848036.9268 2.5980 -1.2485 2.2897 -0.0742 -0.5156 -0.2544 0.8148
1341848036.9587 2.5996 -1.2441 2.2784 -0.0712 -0.5143 -0.2531 0.8163
1341848036.9948 2.6043 -1.2389 2.2675 -0.0699 -0.5126 -0.2507 0.8182
1341848037.0268 2.6038 -1.2348 2.2552 -0.0683 -0.5116 -0.2498 0.8193
1341848037.0610 2.6046 -1.2291 2.2462 -0.0645 -0.5119 -0.2488 0.8197
1341848037.0947 2.6077 -1.2246 2.2348 -0.0614 -0.5114 -0.2464 0.8210
1341848037.1267 2.6100 -1.2189 2.2247 -0.0602 -0.5119 -0.2444 0.8214
1341848037.1628 2.6069 -1.2164 2.2128 -0.0579 -0.5126 -0.2417 0.8219
1341848037.1947 2.6089 -1.2142 2.1988 -0.0509 -0.5167 -0.2395 0.8204
1341848037.2270 2.6164 -1.2078 2.1907 -0.0472 -0.5196 -0.2360 0.8198
1341848037.2637 2.6145 -1.2043 2.1771 -0.0459 -0.5218 -0.2325 0.8195
1341848037.2952 2.6193 -1.2008 2.1663 -0.0403 -0.5261 -0.2323 0.8171
1341848037.3269 2.6224 -1.1950 2.1598 -0.0389 -0.5264 -0.2325 0.8169
1341848037.3627 2.6194 -1.1920 2.1474 -0.0390 -0.5259 -0.2321 0.8174
1341848037.3951 2.6193 -1.1877 2.1377 -0.0353 -0.5272 -0.2330 0.8165
1341848037.4309 2.6194 -1.1836 2.1298 -0.0326 -0.5272 -0.2339 0.8163
1341848037.4628 2.6185 -1.1783 2.1171 -0.0315 -0.5264 -0.2341 0.8168
1341848037.5307 2.6176 -1.1669 2.1024 -0.0288 -0.5274 -0.2350 0.8159
1341848037.5630 2.6146 -1.1620 2.0924 -0.0285 -0.5256 -0.2367 0.8166
1341848037.5958 2.6126 -1.1583 2.0829 -0.0276 -0.5254 -0.2372 0.8166
1341848037.6308 2.6122 -1.1520 2.0765 -0.0269 -0.5241 -0.2382 0.8172
1341848037.6627 2.6080 -1.1486 2.0688 -0.0264 -0.5212 -0.2398 0.8186
1341848037.6987 2.6039 -1.1429 2.0607 -0.0245 -0.5195 -0.2405 0.8195
1341848037.7310 2.6016 -1.1373 2.0541 -0.0236 -0.5175 -0.2397 0.8211
1341848037.7698 2.5983 -1.1318 2.0456 -0.0241 -0.5148 -0.2392 0.8229
1341848037.8378 2.5914 -1.1220 2.0318 -0.0225 -0.5120 -0.2361 0.8256
1341848037.8989 2.5853 -1.1101 2.0182 -0.0297 -0.5059 -0.2332 0.8300
1341848037.9309 2.5824 -1.1042 2.0119 -0.0315 -0.5018 -0.2325 0.8326
1341848037.9669 2.5802 -1.0967 2.0031 -0.0338 -0.4975 -0.2327 0.8350
1341848037.9986 2.5749 -1.0906 1.9942 -0.0361 -0.4945 -0.2324 0.8368
1341848038.0309 2.5714 -1.0851 1.9884 -0.0370 -0.4918 -0.2324 0.8383
1341848038.0668 2.5690 -1.0788 1.9820 -0.0392 -0.4875 -0.2329 0.8406
1341848038.0987 2.5648 -1.0743 1.9754 -0.0423 -0.4837 -0.2324 0.8428
1341848038.1347 2.5608 -1.0696 1.9684 -0.0435 -0.4811 -0.2325 0.8442
1341848038.1667 2.5580 -1.0638 1.9624 -0.0434 -0.4781 -0.2337 0.8456
1341848038.1987 2.5549 -1.0586 1.9557 -0.0448 -0.4747 -0.2330 0.8475
1341848038.2347 2.5496 -1.0541 1.9499 -0.0460 -0.4736 -0.2312 0.8486
1341848038.2741 2.5484 -1.0501 1.9433 -0.0449 -0.4720 -0.2313 0.8495
1341848038.3065 2.5454 -1.0445 1.9335 -0.0445 -0.4691 -0.2319 0.8510
1341848038.3419 2.5397 -1.0398 1.9294 -0.0445 -0.4678 -0.2312 0.8519
1341848038.3741 2.5371 -1.0369 1.9210 -0.0426 -0.4654 -0.2319 0.8531
1341848038.4098 2.5338 -1.0351 1.9198 -0.0413 -0.4649 -0.2335 0.8530
1341848038.4418 2.5316 -1.0290 1.9059 -0.0403 -0.4632 -0.2315 0.8545
1341848038.4739 2.5296 -1.0255 1.8978 -0.0407 -0.4616 -0.2309 0.8556
1341848038.5102 2.5224 -1.0210 1.8913 -0.0397 -0.4596 -0.2308 0.8567
1341848038.5669 2.5204 -1.0158 1.8743 -0.0333 -0.4587 -0.2284 0.8581
1341848038.6030 2.5178 -1.0113 1.8645 -0.0319 -0.4577 -0.2288 0.8586
1341848038.6347 2.5167 -1.0058 1.8560 -0.0302 -0.4586 -0.2279 0.8584
1341848038.6707 2.5181 -1.0018 1.8464 -0.0297 -0.4581 -0.2284 0.8586
1341848038.7029 2.5131 -0.9972 1.8384 -0.0299 -0.4575 -0.2287 0.8588
1341848038.7348 2.5122 -0.9932 1.8293 -0.0271 -0.4577 -0.2287 0.8588
1341848038.7707 2.5146 -0.9871 1.8189 -0.0254 -0.4562 -0.2286 0.8596
1341848038.8028 2.5127 -0.9812 1.8075 -0.0270 -0.4556 -0.2277 0.8602
1341848038.8388 2.5101 -0.9770 1.8022 -0.0274 -0.4561 -0.2254 0.8605
1341848038.8711 2.5149 -0.9715 1.7932 -0.0251 -0.4539 -0.2245 0.8619
1341848038.9028 2.5151 -0.9653 1.7812 -0.0262 -0.4507 -0.2234 0.8639
1341848038.9388 2.5143 -0.9604 1.7731 -0.0281 -0.4504 -0.2198 0.8649
1341848038.9708 2.5199 -0.9561 1.7653 -0.0287 -0.4481 -0.2183 0.8664
1341848039.0026 2.5190 -0.9493 1.7581 -0.0298 -0.4436 -0.2188 0.8686
1341848039.0389 2.5170 -0.9451 1.7501 -0.0294 -0.4414 -0.2163 0.8703
1341848039.0708 2.5227 -0.9395 1.7387 -0.0287 -0.4393 -0.2145 0.8719
1341848039.1068 2.5214 -0.9341 1.7312 -0.0299 -0.4377 -0.2134 0.8729
1341848039.1387 2.5223 -0.9302 1.7239 -0.0295 -0.4369 -0.2108 0.8740
1341848039.1707 2.5260 -0.9243 1.7132 -0.0298 -0.4342 -0.2099 0.8755
1341848039.2068 2.5243 -0.9205 1.7076 -0.0308 -0.4329 -0.2087 0.8764
1341848039.2389 2.5262 -0.9164 1.6977 -0.0290 -0.4324 -0.2070 0.8771
1341848039.2710 2.5312 -0.9115 1.6884 -0.0284 -0.4305 -0.2067 0.8781
1341848039.3067 2.5302 -0.9067 1.6817 -0.0297 -0.4292 -0.2056 0.8790
1341848039.3389 2.5314 -0.9034 1.6739 -0.0297 -0.4286 -0.2038 0.8797
1341848039.3748 2.5343 -0.8987 1.6671 -0.0291 -0.4276 -0.2045 0.8801
1341848039.4069 2.5343 -0.8946 1.6618 -0.0292 -0.4257 -0.2049 0.8809
1341848039.4389 2.5355 -0.8893 1.6545 -0.0291 -0.4244 -0.2048 0.8815
1341848039.4749 2.5353 -0.8860 1.6490 -0.0300 -0.4227 -0.2056 0.8821
1341848039.5071 2.5310 -0.8827 1.6453 -0.0300 -0.4205 -0.2063 0.8830
1341848039.5387 2.5307 -0.8800 1.6382 -0.0287 -0.4188 -0.2065 0.8838
1341848039.5749 2.5286 -0.8743 1.6289 -0.0281 -0.4177 -0.2068 0.8843
1341848039.6067 2.5264 -0.8708 1.6245 -0.0280 -0.4176 -0.2068 0.8844
1341848039.6427 2.5237 -0.8672 1.6205 -0.0263 -0.4153 -0.2076 0.8853
1341848039.6748 2.5203 -0.8628 1.6108 -0.0242 -0.4137 -0.2084 0.8859
1341848039.7072 2.5196 -0.8588 1.6027 -0.0242 -0.4138 -0.2080 0.8859
1341848039.7429 2.5167 -0.8533 1.5986 -0.0239 -0.4122 -0.2085 0.8866
1341848039.7753 2.5105 -0.8495 1.5929 -0.0222 -0.4095 -0.2097 0.8876
1341848039.8069 2.5073 -0.8447 1.5861 -0.0197 -0.4087 -0.2099 0.8880
1341848039.8433 2.5055 -0.8393 1.5799 -0.0190 -0.4068 -0.2097 0.8889
1341848039.8818 2.4989 -0.8364 1.5759 -0.0189 -0.4049 -0.2092 0.8899
1341848039.9434 2.4945 -0.8270 1.5600 -0.0183 -0.4020 -0.2052 0.8922
1341848039.9748 2.4870 -0.8221 1.5550 -0.0208 -0.4008 -0.2030 0.8931
1341848040.0107 2.4804 -0.8194 1.5503 -0.0206 -0.4005 -0.2008 0.8938
1341848040.0428 2.4798 -0.8114 1.5425 -0.0207 -0.3986 -0.1996 0.8949
1341848040.0787 2.4727 -0.8051 1.5346 -0.0237 -0.3956 -0.1977 0.8966
1341848040.1108 2.4679 -0.8010 1.5316 -0.0265 -0.3933 -0.1962 0.8979
1341848040.1427 2.4639 -0.7968 1.5273 -0.0277 -0.3897 -0.1958 0.8995
1341848040.1788 2.4615 -0.7916 1.5178 -0.0289 -0.3867 -0.1963 0.9006
1341848040.2110 2.4570 -0.7877 1.5139 -0.0327 -0.3846 -0.1949 0.9017
1341848040.2427 2.4519 -0.7843 1.5090 -0.0357 -0.3812 -0.1938 0.9032
1341848040.2789 2.4430 -0.7829 1.5060 -0.0369 -0.3779 -0.1931 0.9047
1341848040.3107 2.4391 -0.7788 1.4978 -0.0358 -0.3761 -0.1903 0.9061
1341848040.3469 2.4374 -0.7740 1.4863 -0.0381 -0.3734 -0.1874 0.9077
1341848040.3788 2.4288 -0.7728 1.4872 -0.0412 -0.3720 -0.1847 0.9087
1341848040.4109 2.4220 -0.7753 1.4832 -0.0405 -0.3708 -0.1819 0.9098
1341848040.4467 2.4218 -0.7693 1.4738 -0.0390 -0.3697 -0.1782 0.9110
1341848040.4787 2.4172 -0.7689 1.4682 -0.0403 -0.3691 -0.1750 0.9119
1341848040.5178 2.4117 -0.7685 1.4623 -0.0393 -0.3683 -0.1732 0.9126
1341848040.5789 2.4068 -0.7612 1.4431 -0.0367 -0.3660 -0.1720 0.9138
1341848040.6149 2.3990 -0.7607 1.4385 -0.0380 -0.3645 -0.1702 0.9147
1341848040.6468 2.3976 -0.7592 1.4322 -0.0362 -0.3628 -0.1700 0.9155
1341848040.6790 2.3914 -0.7605 1.4332 -0.0355 -0.3593 -0.1691 0.9171
1341848040.7147 2.3884 -0.7614 1.4354 -0.0320 -0.3551 -0.1668 0.9193
1341848040.7468 2.3848 -0.7628 1.4289 -0.0277 -0.3481 -0.1660 0.9222
1341848040.7788 2.3845 -0.7602 1.4193 -0.0236 -0.3432 -0.1646 0.9244
1341848040.8147 2.3810 -0.7573 1.4137 -0.0222 -0.3363 -0.1633 0.9272
1341848040.8469 2.3740 -0.7577 1.4067 -0.0217 -0.3314 -0.1618 0.9293
1341848040.8828 2.3724 -0.7551 1.4033 -0.0186 -0.3275 -0.1607 0.9309
1341848040.9147 2.3689 -0.7496 1.3960 -0.0176 -0.3221 -0.1582 0.9332
1341848040.9469 2.3637 -0.7509 1.3942 -0.0189 -0.3193 -0.1550 0.9347
1341848040.9845 2.3625 -0.7448 1.3861 -0.0174 -0.3139 -0.1526 0.9369
1341848041.0226 2.3566 -0.7394 1.3800 -0.0200 -0.3097 -0.1485 0.9389
1341848041.0589 2.3516 -0.7382 1.3809 -0.0223 -0.3088 -0.1433 0.9400
1341848041.0943 2.3527 -0.7345 1.3729 -0.0230 -0.3035 -0.1409 0.9421
1341848041.1222 2.3501 -0.7252 1.3712 -0.0260 -0.2988 -0.1376 0.9440
1341848041.1900 2.3428 -0.7196 1.3622 -0.0334 -0.2921 -0.1278 0.9472
1341848041.2507 2.3334 -0.7128 1.3545 -0.0378 -0.2866 -0.1238 0.9493
1341848041.2831 2.3297 -0.7059 1.3502 -0.0405 -0.2833 -0.1229 0.9503
1341848041.3193 2.3208 -0.7063 1.3520 -0.0439 -0.2816 -0.1209 0.9509
1341848041.3555 2.3184 -0.7016 1.3466 -0.0421 -0.2789 -0.1197 0.9519
1341848041.3849 2.3139 -0.6968 1.3459 -0.0421 -0.2758 -0.1210 0.9526
1341848041.4188 2.3045 -0.6966 1.3463 -0.0432 -0.2716 -0.1182 0.9541
1341848041.4508 2.3064 -0.6941 1.3376 -0.0440 -0.2685 -0.1169 0.9551
1341848041.4828 2.2985 -0.6889 1.3394 -0.0464 -0.2654 -0.1180 0.9558
1341848041.5188 2.2885 -0.6875 1.3448 -0.0485 -0.2613 -0.1162 0.9570
1341848041.5507 2.2848 -0.6867 1.3393 -0.0480 -0.2559 -0.1168 0.9584
1341848041.5868 2.2750 -0.6823 1.3380 -0.0480 -0.2516 -0.1173 0.9595
1341848041.6187 2.2657 -0.6807 1.3378 -0.0478 -0.2483 -0.1163 0.9605
1341848041.6510 2.2585 -0.6774 1.3319 -0.0474 -0.2451 -0.1156 0.9614
1341848041.6868 2.2461 -0.6783 1.3339 -0.0479 -0.2434 -0.1145 0.9620
1341848041.7188 2.2401 -0.6732 1.3293 -0.0462 -0.2411 -0.1117 0.9629
1341848041.7508 2.2277 -0.6721 1.3271 -0.0473 -0.2388 -0.1082 0.9639
1341848041.7867 2.2172 -0.6710 1.3263 -0.0470 -0.2379 -0.1047 0.9645
1341848041.8187 2.2074 -0.6698 1.3214 -0.0471 -0.2375 -0.1007 0.9650
1341848041.8547 2.2003 -0.6652 1.3159 -0.0463 -0.2375 -0.0980 0.9653
1341848041.8867 2.1864 -0.6667 1.3178 -0.0481 -0.2357 -0.0953 0.9659
1341848041.9187 2.1721 -0.6698 1.3215 -0.0473 -0.2350 -0.0921 0.9665
1341848041.9950 2.1604 -0.6639 1.3091 -0.0472 -0.2322 -0.0857 0.9677
1341848042.0189 2.1406 -0.6670 1.3132 -0.0495 -0.2293 -0.0804 0.9688
1341848042.0546 2.1378 -0.6649 1.3050 -0.0461 -0.2280 -0.0792 0.9693
1341848042.0895 2.1312 -0.6654 1.3028 -0.0484 -0.2259 -0.0780 0.9698
1341848042.1229 2.1156 -0.6682 1.3090 -0.0510 -0.2242 -0.0736 0.9704
1341848042.1548 2.1120 -0.6685 1.3044 -0.0493 -0.2228 -0.0733 0.9709
1341848042.1867 2.1027 -0.6668 1.3049 -0.0489 -0.2196 -0.0743 0.9715
1341848042.2229 2.0909 -0.6664 1.3046 -0.0501 -0.2160 -0.0712 0.9725
1341848042.2548 2.0863 -0.6655 1.3042 -0.0491 -0.2143 -0.0718 0.9729
1341848042.2907 2.0768 -0.6631 1.3023 -0.0490 -0.2091 -0.0740 0.9739
1341848042.3228 2.0616 -0.6625 1.3032 -0.0497 -0.2043 -0.0725 0.9749
1341848042.3550 2.0606 -0.6588 1.2993 -0.0509 -0.2035 -0.0688 0.9753
1341848042.3907 2.0466 -0.6544 1.2998 -0.0530 -0.1996 -0.0674 0.9761
1341848042.4297 2.0346 -0.6541 1.3053 -0.0540 -0.1959 -0.0654 0.9769
1341848042.4909 2.0235 -0.6475 1.2955 -0.0559 -0.1881 -0.0613 0.9786
1341848042.5227 2.0067 -0.6467 1.3031 -0.0586 -0.1831 -0.0584 0.9796
1341848042.5587 2.0020 -0.6440 1.3001 -0.0571 -0.1788 -0.0555 0.9807
1341848042.5908 1.9972 -0.6432 1.2981 -0.0590 -0.1752 -0.0535 0.9813
1341848042.6227 1.9778 -0.6417 1.3049 -0.0601 -0.1700 -0.0484 0.9824
1341848042.6587 1.9763 -0.6372 1.2997 -0.0562 -0.1678 -0.0456 0.9832
1341848042.6978 1.9687 -0.6345 1.2956 -0.0562 -0.1628 -0.0431 0.9841
1341848042.7298 1.9539 -0.6303 1.2923 -0.0565 -0.1567 -0.0361 0.9854
1341848042.7616 1.9539 -0.6254 1.2867 -0.0563 -0.1544 -0.0311 0.9859
1341848042.7980 1.9485 -0.6251 1.2862 -0.0578 -0.1497 -0.0301 0.9866
1341848042.8297 1.9405 -0.6207 1.2877 -0.0582 -0.1439 -0.0275 0.9875
1341848042.8617 1.9357 -0.6183 1.2828 -0.0592 -0.1385 -0.0239 0.9883
1341848042.8978 1.9272 -0.6143 1.2786 -0.0601 -0.1332 -0.0216 0.9890
1341848042.9299 1.9177 -0.6145 1.2819 -0.0610 -0.1298 -0.0202 0.9895
1341848042.9657 1.9133 -0.6135 1.2801 -0.0591 -0.1262 -0.0182 0.9901
1341848042.9980 1.9049 -0.6092 1.2734 -0.0586 -0.1220 -0.0149 0.9907
1341848043.0303 1.9013 -0.6071 1.2724 -0.0598 -0.1202 -0.0113 0.9909
1341848043.0657 1.8976 -0.6061 1.2699 -0.0608 -0.1171 -0.0095 0.9912
1341848043.0979 1.8874 -0.6020 1.2694 -0.0613 -0.1128 -0.0082 0.9917
1341848043.1340 1.8790 -0.6002 1.2700 -0.0615 -0.1098 -0.0067 0.9920
1341848043.1658 1.8733 -0.5977 1.2661 -0.0621 -0.1065 -0.0055 0.9924
1341848043.2019 1.8555 -0.5985 1.2702 -0.0631 -0.1024 -0.0061 0.9927
1341848043.2339 1.8467 -0.5996 1.2724 -0.0610 -0.0999 -0.0056 0.9931
1341848043.2657 1.8435 -0.5966 1.2635 -0.0599 -0.0967 -0.0028 0.9935
1341848043.3018 1.8323 -0.5978 1.2661 -0.0606 -0.0939 -0.0023 0.9937
1341848043.3340 1.8280 -0.6015 1.2688 -0.0605 -0.0925 -0.0011 0.9939
1341848043.3698 1.8189 -0.5973 1.2654 -0.0588 -0.0895 0.0007 0.9943
1341848043.4017 1.8073 -0.5978 1.2700 -0.0590 -0.0889 0.0018 0.9943
1341848043.4339 1.8013 -0.5969 1.2684 -0.0581 -0.0883 0.0028 0.9944
1341848043.4696 1.7917 -0.5994 1.2691 -0.0592 -0.0853 0.0039 0.9946
1341848043.5017 1.7727 -0.6007 1.2715 -0.0601 -0.0805 0.0082 0.9949
1341848043.5378 1.7678 -0.6004 1.2757 -0.0585 -0.0827 0.0100 0.9948
1341848043.5697 1.7591 -0.5986 1.2719 -0.0584 -0.0800 0.0130 0.9950
1341848043.6018 1.7442 -0.5971 1.2721 -0.0593 -0.0775 0.0152 0.9951
1341848043.6378 1.7344 -0.5959 1.2770 -0.0604 -0.0771 0.0164 0.9951
1341848043.6701 1.7268 -0.5976 1.2822 -0.0622 -0.0762 0.0180 0.9950
1341848043.7020 1.7087 -0.5958 1.2846 -0.0616 -0.0721 0.0187 0.9953
1341848043.7378 1.6986 -0.5917 1.2848 -0.0611 -0.0708 0.0211 0.9954
1341848043.7698 1.6915 -0.5930 1.2894 -0.0645 -0.0696 0.0240 0.9952
1341848043.8058 1.6804 -0.6001 1.3007 -0.0678 -0.0681 0.0254 0.9950
1341848043.8379 1.6717 -0.6036 1.3073 -0.0664 -0.0672 0.0255 0.9952
1341848043.8697 1.6658 -0.6000 1.3054 -0.0635 -0.0654 0.0263 0.9955
1341848043.9057 1.6512 -0.6038 1.3080 -0.0666 -0.0630 0.0280 0.9954
1341848043.9380 1.6427 -0.6049 1.3141 -0.0658 -0.0635 0.0282 0.9954
1341848043.9698 1.6380 -0.6033 1.3127 -0.0647 -0.0619 0.0265 0.9956
1341848044.0059 1.6237 -0.6078 1.3173 -0.0674 -0.0583 0.0256 0.9957
1341848044.0377 1.6108 -0.6116 1.3236 -0.0669 -0.0575 0.0268 0.9957
1341848044.0738 1.6093 -0.6075 1.3174 -0.0640 -0.0578 0.0267 0.9959
1341848044.1058 1.5941 -0.6084 1.3222 -0.0674 -0.0557 0.0279 0.9958
1341848044.1377 1.5852 -0.6102 1.3290 -0.0672 -0.0566 0.0292 0.9957
1341848044.1738 1.5838 -0.6088 1.3270 -0.0665 -0.0567 0.0289 0.9958
1341848044.2057 1.5712 -0.6123 1.3312 -0.0682 -0.0525 0.0285 0.9959
1341848044.2378 1.5603 -0.6133 1.3327 -0.0681 -0.0502 0.0303 0.9960
1341848044.2738 1.5583 -0.6111 1.3335 -0.0675 -0.0501 0.0310 0.9960
1341848044.3057 1.5482 -0.6144 1.3366 -0.0699 -0.0469 0.0315 0.9960
1341848044.3378 1.5388 -0.6149 1.3401 -0.0697 -0.0446 0.0325 0.9960
1341848044.3737 1.5344 -0.6124 1.3419 -0.0690 -0.0432 0.0348 0.9961
1341848044.4059 1.5300 -0.6136 1.3438 -0.0709 -0.0410 0.0369 0.9960
1341848044.4417 1.5215 -0.6147 1.3496 -0.0718 -0.0369 0.0403 0.9959
1341848044.4737 1.5190 -0.6148 1.3523 -0.0721 -0.0345 0.0435 0.9958
1341848044.5057 1.5135 -0.6142 1.3560 -0.0727 -0.0298 0.0473 0.9958
1341848044.5419 1.5056 -0.6156 1.3607 -0.0735 -0.0240 0.0510 0.9957
1341848044.5738 1.4972 -0.6158 1.3660 -0.0732 -0.0188 0.0544 0.9957
1341848044.6058 1.4923 -0.6164 1.3685 -0.0731 -0.0146 0.0585 0.9955
1341848044.6417 1.4854 -0.6145 1.3710 -0.0736 -0.0097 0.0640 0.9952
1341848044.7060 1.4713 -0.6166 1.3809 -0.0735 -0.0028 0.0724 0.9947
1341848044.7710 1.4566 -0.6183 1.3870 -0.0714 0.0048 0.0799 0.9942
1341848044.8028 1.4511 -0.6146 1.3838 -0.0688 0.0069 0.0812 0.9943
1341848044.8349 1.4415 -0.6179 1.3892 -0.0708 0.0110 0.0831 0.9940
1341848044.8707 1.4337 -0.6198 1.3949 -0.0691 0.0128 0.0878 0.9937
1341848044.9027 1.4239 -0.6192 1.3909 -0.0669 0.0145 0.0905 0.9935
1341848044.9708 1.4076 -0.6198 1.3948 -0.0671 0.0164 0.0975 0.9928
1341848045.0026 1.4017 -0.6170 1.3913 -0.0668 0.0151 0.0995 0.9927
1341848045.0387 1.3941 -0.6164 1.3924 -0.0700 0.0158 0.1005 0.9923
1341848045.0708 1.3870 -0.6190 1.3997 -0.0727 0.0165 0.1003 0.9922
1341848045.1028 1.3808 -0.6162 1.3998 -0.0718 0.0186 0.1004 0.9922
1341848045.1388 1.3732 -0.6180 1.4048 -0.0749 0.0211 0.0999 0.9920
1341848045.1708 1.3604 -0.6209 1.4139 -0.0760 0.0236 0.1007 0.9917
1341848045.2027 1.3567 -0.6192 1.4138 -0.0741 0.0236 0.1004 0.9919
1341848045.2389 1.3488 -0.6253 1.4188 -0.0766 0.0262 0.0978 0.9919
1341848045.2708 1.3451 -0.6253 1.4273 -0.0756 0.0250 0.0995 0.9919
1341848045.3068 1.3339 -0.6238 1.4248 -0.0746 0.0270 0.0996 0.9919
1341848045.3387 1.3268 -0.6280 1.4316 -0.0772 0.0283 0.0973 0.9918
1341848045.3708 1.3180 -0.6322 1.4402 -0.0775 0.0300 0.0970 0.9918
1341848045.4067 1.3103 -0.6320 1.4406 -0.0769 0.0296 0.0969 0.9919
1341848045.4387 1.3019 -0.6348 1.4461 -0.0805 0.0283 0.0966 0.9917
1341848045.4747 1.2944 -0.6366 1.4566 -0.0815 0.0263 0.0957 0.9917
1341848045.5389 1.2802 -0.6425 1.4709 -0.0813 0.0263 0.0930 0.9920
1341848045.6069 1.2641 -0.6457 1.4788 -0.0805 0.0237 0.0928 0.9921
1341848045.6459 1.2573 -0.6467 1.4844 -0.0815 0.0223 0.0920 0.9922
1341848045.7070 1.2426 -0.6513 1.5023 -0.0822 0.0188 0.0893 0.9924
1341848045.7431 1.2371 -0.6499 1.5032 -0.0814 0.0167 0.0881 0.9926
1341848045.7748 1.2282 -0.6550 1.5119 -0.0850 0.0164 0.0862 0.9925
1341848045.8076 1.2199 -0.6556 1.5248 -0.0841 0.0136 0.0853 0.9927
1341848045.8429 1.2157 -0.6524 1.5260 -0.0808 0.0099 0.0835 0.9932
1341848045.8748 1.2071 -0.6549 1.5280 -0.0837 0.0102 0.0809 0.9931
1341848045.9068 1.1986 -0.6594 1.5426 -0.0872 0.0085 0.0806 0.9929
1341848045.9428 1.1936 -0.6590 1.5494 -0.0842 0.0019 0.0796 0.9933
1341848045.9748 1.1903 -0.6583 1.5504 -0.0832 -0.0028 0.0750 0.9937
1341848046.0108 1.1833 -0.6575 1.5584 -0.0836 -0.0054 0.0727 0.9938
1341848046.0428 1.1768 -0.6570 1.5645 -0.0821 -0.0108 0.0713 0.9940
1341848046.0747 1.1742 -0.6536 1.5646 -0.0805 -0.0177 0.0677 0.9943
1341848046.1108 1.1676 -0.6541 1.5696 -0.0835 -0.0194 0.0635 0.9943
1341848046.1428 1.1623 -0.6548 1.5792 -0.0838 -0.0223 0.0617 0.9943
1341848046.1818 1.1586 -0.6527 1.5770 -0.0810 -0.0265 0.0568 0.9947
1341848046.2197 1.1524 -0.6512 1.5757 -0.0835 -0.0280 0.0531 0.9947
1341848046.2497 1.1441 -0.6519 1.5824 -0.0861 -0.0309 0.0512 0.9945
1341848046.2836 1.1404 -0.6493 1.5836 -0.0851 -0.0359 0.0474 0.9946
1341848046.3177 1.1352 -0.6478 1.5841 -0.0862 -0.0383 0.0428 0.9946
1341848046.3497 1.1277 -0.6491 1.5864 -0.0882 -0.0396 0.0410 0.9945
1341848046.3823 1.1220 -0.6460 1.5871 -0.0873 -0.0432 0.0389 0.9945
1341848046.4178 1.1155 -0.6409 1.5851 -0.0874 -0.0441 0.0351 0.9946
1341848046.4498 1.1078 -0.6421 1.5867 -0.0912 -0.0438 0.0340 0.9943
1341848046.4858 1.1029 -0.6388 1.5861 -0.0906 -0.0473 0.0320 0.9942
1341848046.5178 1.0955 -0.6351 1.5833 -0.0915 -0.0482 0.0281 0.9942
1341848046.5497 1.0872 -0.6370 1.5827 -0.0946 -0.0484 0.0267 0.9940
1341848046.5861 1.0829 -0.6347 1.5807 -0.0930 -0.0532 0.0259 0.9939
1341848046.6178 1.0764 -0.6276 1.5753 -0.0900 -0.0549 0.0223 0.9942
1341848046.6537 1.0676 -0.6303 1.5715 -0.0929 -0.0551 0.0228 0.9939
1341848046.7149 1.0574 -0.6217 1.5616 -0.0887 -0.0634 0.0212 0.9938
1341848046.7469 1.0515 -0.6211 1.5569 -0.0894 -0.0647 0.0208 0.9937
1341848046.7787 1.0475 -0.6202 1.5522 -0.0886 -0.0677 0.0206 0.9936
1341848046.8147 1.0426 -0.6145 1.5460 -0.0864 -0.0698 0.0185 0.9936
1341848046.8469 1.0375 -0.6133 1.5412 -0.0882 -0.0698 0.0179 0.9935
1341848046.8788 1.0322 -0.6102 1.5355 -0.0877 -0.0704 0.0179 0.9935
1341848046.9151 1.0271 -0.6063 1.5290 -0.0876 -0.0709 0.0176 0.9935
1341848046.9469 1.0224 -0.6041 1.5230 -0.0883 -0.0716 0.0180 0.9934
1341848046.9828 1.0170 -0.5990 1.5173 -0.0872 -0.0725 0.0176 0.9934
1341848047.0151 1.0121 -0.5953 1.5103 -0.0885 -0.0729 0.0168 0.9933
1341848047.0479 1.0064 -0.5943 1.5060 -0.0904 -0.0733 0.0169 0.9931
1341848047.0899 1.0011 -0.5877 1.4989 -0.0887 -0.0749 0.0155 0.9931
1341848047.1476 0.9898 -0.5823 1.4880 -0.0932 -0.0760 0.0147 0.9926
1341848047.2149 0.9773 -0.5756 1.4744 -0.0927 -0.0782 0.0107 0.9926
1341848047.2507 0.9683 -0.5725 1.4672 -0.0943 -0.0792 0.0107 0.9923
1341848047.2828 0.9643 -0.5718 1.4620 -0.0960 -0.0833 0.0103 0.9918
1341848047.3148 0.9587 -0.5700 1.4555 -0.0960 -0.0850 0.0080 0.9917
1341848047.3506 0.9497 -0.5675 1.4477 -0.0956 -0.0858 0.0070 0.9917
1341848047.3830 0.9424 -0.5666 1.4399 -0.0959 -0.0895 0.0073 0.9913
1341848047.4148 0.9374 -0.5647 1.4338 -0.0955 -0.0934 0.0055 0.9910
1341848047.4508 0.9315 -0.5650 1.4267 -0.0945 -0.0960 0.0040 0.9909
1341848047.4826 0.9249 -0.5615 1.4176 -0.0931 -0.0984 0.0030 0.9908
1341848047.5187 0.9184 -0.5601 1.4114 -0.0943 -0.1011 0.0015 0.9904
1341848047.5508 0.9127 -0.5615 1.4067 -0.0952 -0.1039 0.0007 0.9900
1341848047.5830 0.9073 -0.5571 1.4008 -0.0927 -0.1064 -0.0006 0.9900
1341848047.6190 0.9005 -0.5559 1.3958 -0.0930 -0.1063 -0.0025 0.9900
1341848047.6508 0.8902 -0.5595 1.3893 -0.0937 -0.1063 -0.0021 0.9899
1341848047.6897 0.8873 -0.5551 1.3835 -0.0909 -0.1114 -0.0028 0.9896
1341848047.7508 0.8744 -0.5513 1.3752 -0.0920 -0.1118 -0.0042 0.9895
1341848047.7867 0.8652 -0.5521 1.3702 -0.0930 -0.1115 -0.0045 0.9894
1341848047.8188 0.8627 -0.5486 1.3677 -0.0919 -0.1147 -0.0054 0.9891
1341848047.8508 0.8573 -0.5471 1.3646 -0.0926 -0.1137 -0.0071 0.9892
1341848047.8869 0.8461 -0.5503 1.3601 -0.0936 -0.1114 -0.0079 0.9893
1341848047.9189 0.8388 -0.5473 1.3551 -0.0914 -0.1121 -0.0073 0.9895
1341848047.9547 0.8353 -0.5442 1.3516 -0.0909 -0.1137 -0.0077 0.9893
1341848047.9868 0.8269 -0.5482 1.3496 -0.0929 -0.1116 -0.0078 0.9894
1341848048.0189 0.8172 -0.5459 1.3428 -0.0898 -0.1112 -0.0072 0.9897
1341848048.0549 0.8127 -0.5408 1.3403 -0.0880 -0.1132 -0.0078 0.9896
1341848048.0868 0.8063 -0.5414 1.3366 -0.0894 -0.1114 -0.0081 0.9897
1341848048.1188 0.7950 -0.5436 1.3320 -0.0901 -0.1091 -0.0077 0.9899
1341848048.1547 0.7900 -0.5397 1.3289 -0.0883 -0.1099 -0.0060 0.9900
1341848048.1867 0.7855 -0.5388 1.3260 -0.0882 -0.1081 -0.0058 0.9902
1341848048.2230 0.7724 -0.5439 1.3219 -0.0893 -0.1044 -0.0049 0.9905
1341848048.2550 0.7678 -0.5433 1.3198 -0.0863 -0.1049 -0.0023 0.9907
1341848048.2866 0.7642 -0.5379 1.3150 -0.0834 -0.1032 -0.0030 0.9912
1341848048.3228 0.7510 -0.5405 1.3100 -0.0851 -0.0985 -0.0031 0.9915
1341848048.3547 0.7451 -0.5417 1.3069 -0.0844 -0.0974 -0.0014 0.9917
1341848048.3867 0.7410 -0.5392 1.3018 -0.0819 -0.0963 -0.0035 0.9920
1341848048.4226 0.7302 -0.5433 1.2981 -0.0816 -0.0929 -0.0044 0.9923
1341848048.4549 0.7247 -0.5391 1.2913 -0.0771 -0.0922 -0.0034 0.9928
1341848048.4907 0.7178 -0.5377 1.2852 -0.0769 -0.0910 -0.0036 0.9929
1341848048.5228 0.7087 -0.5421 1.2840 -0.0778 -0.0895 -0.0022 0.9929
1341848048.5550 0.7038 -0.5431 1.2793 -0.0743 -0.0893 -0.0015 0.9932
1341848048.5906 0.6971 -0.5398 1.2724 -0.0703 -0.0891 -0.0012 0.9935
1341848048.6227 0.6904 -0.5417 1.2702 -0.0694 -0.0891 0.0003 0.9936
1341848048.6587 0.6865 -0.5437 1.2665 -0.0667 -0.0888 0.0024 0.9938
1341848048.6908 0.6826 -0.5403 1.2595 -0.0621 -0.0897 0.0027 0.9940
1341848048.7227 0.6758 -0.5424 1.2566 -0.0616 -0.0891 0.0042 0.9941
1341848048.7588 0.6732 -0.5433 1.2532 -0.0592 -0.0895 0.0057 0.9942
1341848048.7912 0.6680 -0.5435 1.2485 -0.0571 -0.0890 0.0055 0.9944
1341848048.8227 0.6601 -0.5446 1.2455 -0.0548 -0.0882 0.0063 0.9946
1341848048.8587 0.6571 -0.5426 1.2401 -0.0507 -0.0899 0.0053 0.9946
1341848048.8910 0.6509 -0.5450 1.2364 -0.0489 -0.0897 0.0037 0.9948
1341848048.9268 0.6415 -0.5455 1.2311 -0.0453 -0.0895 0.0018 0.9950
1341848048.9590 0.6361 -0.5448 1.2251 -0.0417 -0.0917 0.0006 0.9949
1341848048.9908 0.6283 -0.5483 1.2211 -0.0399 -0.0923 0.0002 0.9949
1341848049.0267 0.6247 -0.5488 1.2177 -0.0352 -0.0944 -0.0015 0.9949
1341848049.0588 0.6216 -0.5469 1.2097 -0.0292 -0.0954 -0.0045 0.9950
1341848049.0907 0.6123 -0.5465 1.2008 -0.0274 -0.0951 -0.0049 0.9951
1341848049.1268 0.6081 -0.5467 1.1973 -0.0262 -0.0983 -0.0040 0.9948
1341848049.1589 0.6064 -0.5475 1.1933 -0.0245 -0.0998 -0.0059 0.9947
1341848049.1947 0.5968 -0.5463 1.1868 -0.0217 -0.0981 -0.0080 0.9949
1341848049.2267 0.5912 -0.5404 1.1789 -0.0189 -0.0994 -0.0079 0.9948
1341848049.2588 0.5859 -0.5400 1.1752 -0.0197 -0.1010 -0.0085 0.9947
1341848049.2947 0.5807 -0.5398 1.1714 -0.0183 -0.1007 -0.0105 0.9947
1341848049.3268 0.5732 -0.5361 1.1636 -0.0163 -0.0991 -0.0111 0.9949
1341848049.3588 0.5671 -0.5316 1.1556 -0.0156 -0.0994 -0.0093 0.9949
1341848049.3948 0.5591 -0.5371 1.1516 -0.0182 -0.0988 -0.0075 0.9949
1341848049.4268 0.5578 -0.5324 1.1454 -0.0143 -0.0993 -0.0068 0.9949
1341848049.4627 0.5525 -0.5277 1.1368 -0.0133 -0.0975 -0.0052 0.9951
1341848049.4947 0.5398 -0.5323 1.1300 -0.0152 -0.0948 -0.0020 0.9954
1341848049.5268 0.5434 -0.5216 1.1245 -0.0100 -0.0978 -0.0000 0.9952
1341848049.5628 0.5333 -0.5212 1.1156 -0.0115 -0.0939 0.0004 0.9955
1341848049.5948 0.5203 -0.5194 1.1066 -0.0121 -0.0924 0.0025 0.9956
1341848049.6268 0.5183 -0.5161 1.1010 -0.0116 -0.0953 0.0037 0.9954
1341848049.6627 0.5150 -0.5098 1.0930 -0.0103 -0.0951 0.0025 0.9954
1341848049.6951 0.5005 -0.5066 1.0832 -0.0114 -0.0930 0.0023 0.9956
1341848049.7308 0.4914 -0.5033 1.0741 -0.0124 -0.0957 0.0033 0.9953
1341848049.7627 0.4909 -0.4962 1.0683 -0.0121 -0.1007 0.0013 0.9948
1341848049.7947 0.4784 -0.4957 1.0607 -0.0138 -0.0987 -0.0011 0.9950
1341848049.8308 0.4683 -0.4898 1.0510 -0.0130 -0.1008 -0.0014 0.9948
1341848049.8698 0.4685 -0.4795 1.0439 -0.0126 -0.1063 -0.0014 0.9943
1341848049.9308 0.4496 -0.4844 1.0328 -0.0163 -0.1073 -0.0067 0.9941
1341848049.9630 0.4428 -0.4716 1.0232 -0.0121 -0.1097 -0.0069 0.9939
1341848049.9988 0.4372 -0.4682 1.0173 -0.0138 -0.1125 -0.0075 0.9935
1341848050.0308 0.4265 -0.4716 1.0119 -0.0168 -0.1143 -0.0097 0.9933
1341848050.0627 0.4232 -0.4666 1.0080 -0.0145 -0.1181 -0.0120 0.9928
1341848050.0987 0.4178 -0.4602 1.0014 -0.0139 -0.1194 -0.0127 0.9927
1341848050.1307 0.4050 -0.4603 0.9966 -0.0157 -0.1210 -0.0151 0.9924
1341848050.1667 0.4069 -0.4542 0.9949 -0.0143 -0.1263 -0.0178 0.9917
1341848050.1987 0.3971 -0.4508 0.9901 -0.0150 -0.1260 -0.0210 0.9917
1341848050.2308 0.3860 -0.4488 0.9859 -0.0155 -0.1283 -0.0236 0.9913
1341848050.2667 0.3853 -0.4459 0.9831 -0.0156 -0.1332 -0.0259 0.9906
1341848050.2988 0.3771 -0.4430 0.9790 -0.0161 -0.1341 -0.0302 0.9904
1341848050.3307 0.3666 -0.4423 0.9755 -0.0162 -0.1362 -0.0335 0.9900
1341848050.3667 0.3657 -0.4389 0.9707 -0.0160 -0.1412 -0.0351 0.9892
1341848050.3987 0.3604 -0.4373 0.9679 -0.0175 -0.1446 -0.0384 0.9886
1341848050.4348 0.3496 -0.4383 0.9650 -0.0189 -0.1462 -0.0410 0.9882
1341848050.4667 0.3473 -0.4351 0.9615 -0.0179 -0.1511 -0.0432 0.9874
1341848050.4988 0.3403 -0.4360 0.9595 -0.0178 -0.1540 -0.0479 0.9868
1341848050.5348 0.3341 -0.4339 0.9562 -0.0162 -0.1561 -0.0506 0.9863
1341848050.5668 0.3275 -0.4301 0.9512 -0.0150 -0.1592 -0.0519 0.9858
1341848050.5988 0.3232 -0.4294 0.9476 -0.0163 -0.1646 -0.0541 0.9847
1341848050.6348 0.3143 -0.4325 0.9470 -0.0174 -0.1675 -0.0578 0.9840
1341848050.6668 0.3097 -0.4282 0.9422 -0.0142 -0.1709 -0.0599 0.9834
1341848050.7028 0.3019 -0.4267 0.9380 -0.0140 -0.1741 -0.0618 0.9827
1341848050.7348 0.2954 -0.4249 0.9336 -0.0140 -0.1780 -0.0620 0.9820
1341848050.7669 0.2892 -0.4233 0.9309 -0.0149 -0.1830 -0.0628 0.9810
1341848050.8029 0.2807 -0.4248 0.9288 -0.0151 -0.1867 -0.0656 0.9801
1341848050.8348 0.2787 -0.4225 0.9239 -0.0136 -0.1916 -0.0678 0.9790
1341848050.8707 0.2709 -0.4199 0.9210 -0.0141 -0.1945 -0.0698 0.9783
1341848050.9027 0.2599 -0.4216 0.9193 -0.0148 -0.1982 -0.0730 0.9773
1341848050.9348 0.2569 -0.4192 0.9161 -0.0122 -0.2022 -0.0763 0.9763
1341848050.9709 0.2483 -0.4169 0.9126 -0.0115 -0.2042 -0.0789 0.9757
1341848051.0028 0.2385 -0.4163 0.9095 -0.0106 -0.2069 -0.0805 0.9750
1341848051.0350 0.2357 -0.4130 0.9047 -0.0089 -0.2111 -0.0811 0.9741
1341848051.0708 0.2288 -0.4135 0.9029 -0.0090 -0.2142 -0.0837 0.9732
1341848051.1027 0.2223 -0.4116 0.8996 -0.0070 -0.2170 -0.0850 0.9724
1341848051.1387 0.2208 -0.4109 0.8955 -0.0061 -0.2209 -0.0866 0.9714
1341848051.1707 0.2149 -0.4090 0.8919 -0.0059 -0.2224 -0.0867 0.9711
1341848051.2387 0.2044 -0.4108 0.8883 -0.0053 -0.2293 -0.0868 0.9695
1341848051.2708 0.2011 -0.4122 0.8870 -0.0028 -0.2323 -0.0896 0.9685
1341848051.3027 0.1965 -0.4126 0.8842 0.0010 -0.2336 -0.0912 0.9680
1341848051.3387 0.1921 -0.4092 0.8815 0.0052 -0.2365 -0.0904 0.9674
1341848051.3709 0.1932 -0.4103 0.8779 0.0076 -0.2425 -0.0927 0.9657
1341848051.4067 0.1919 -0.4106 0.8751 0.0092 -0.2444 -0.0945 0.9650
1341848051.4400 0.1885 -0.4096 0.8747 0.0111 -0.2474 -0.0956 0.9641
1341848051.4709 0.1895 -0.4097 0.8713 0.0126 -0.2514 -0.0981 0.9628
1341848051.5067 0.1889 -0.4060 0.8704 0.0144 -0.2558 -0.1016 0.9613
1341848051.5389 0.1820 -0.4095 0.8723 0.0154 -0.2596 -0.1069 0.9597
1341848051.5707 0.1864 -0.4079 0.8692 0.0214 -0.2653 -0.1137 0.9572
1341848051.6068 0.1824 -0.4021 0.8678 0.0254 -0.2690 -0.1185 0.9555
1341848051.6389 0.1771 -0.4081 0.8685 0.0273 -0.2757 -0.1265 0.9525
1341848051.6747 0.1826 -0.4011 0.8602 0.0340 -0.2806 -0.1287 0.9505
1341848051.7067 0.1809 -0.3978 0.8584 0.0336 -0.2863 -0.1308 0.9486
1341848051.7388 0.1787 -0.3996 0.8573 0.0338 -0.2931 -0.1359 0.9458
1341848051.7748 0.1838 -0.3956 0.8515 0.0368 -0.2983 -0.1393 0.9435
1341848051.8067 0.1822 -0.3966 0.8529 0.0380 -0.3017 -0.1476 0.9411
1341848051.8388 0.1800 -0.3968 0.8519 0.0438 -0.3039 -0.1566 0.9387
1341848051.8750 0.1895 -0.3889 0.8418 0.0493 -0.3058 -0.1603 0.9372
1341848051.9067 0.1905 -0.3853 0.8421 0.0474 -0.3083 -0.1654 0.9356
1341848051.9427 0.1905 -0.3868 0.8410 0.0461 -0.3115 -0.1717 0.9334
1341848051.9748 0.2007 -0.3816 0.8336 0.0468 -0.3117 -0.1759 0.9326
1341848052.0068 0.2008 -0.3821 0.8363 0.0430 -0.3104 -0.1802 0.9324
1341848052.0428 0.2012 -0.3859 0.8375 0.0424 -0.3099 -0.1840 0.9318
1341848052.0749 0.2135 -0.3815 0.8320 0.0451 -0.3087 -0.1868 0.9316
1341848052.1430 0.2179 -0.3814 0.8348 0.0454 -0.3035 -0.1934 0.9319
1341848052.1781 0.2308 -0.3756 0.8273 0.0478 -0.3021 -0.1981 0.9312
1341848052.2114 0.2330 -0.3768 0.8303 0.0453 -0.2989 -0.2012 0.9317
1341848052.2429 0.2389 -0.3766 0.8300 0.0472 -0.2978 -0.2048 0.9312
1341848052.3111 0.2528 -0.3715 0.8247 0.0451 -0.2923 -0.2108 0.9317
1341848052.3429 0.2593 -0.3724 0.8257 0.0463 -0.2917 -0.2137 0.9312
1341848052.3795 0.2694 -0.3701 0.8196 0.0477 -0.2881 -0.2162 0.9317
1341848052.4123 0.2718 -0.3682 0.8182 0.0454 -0.2845 -0.2154 0.9331
1341848052.4447 0.2766 -0.3706 0.8217 0.0462 -0.2860 -0.2181 0.9319
1341848052.4815 0.2871 -0.3704 0.8154 0.0484 -0.2828 -0.2200 0.9323
1341848052.5433 0.3003 -0.3665 0.8105 0.0526 -0.2799 -0.2216 0.9326
1341848052.5792 0.3126 -0.3627 0.8052 0.0530 -0.2778 -0.2246 0.9325
1341848052.6177 0.3143 -0.3631 0.8081 0.0525 -0.2741 -0.2297 0.9324
1341848052.6787 0.3339 -0.3609 0.8010 0.0584 -0.2722 -0.2390 0.9303
1341848052.7108 0.3406 -0.3599 0.7986 0.0580 -0.2694 -0.2409 0.9306
1341848052.7468 0.3466 -0.3591 0.7946 0.0561 -0.2692 -0.2389 0.9313
1341848052.7787 0.3616 -0.3566 0.7881 0.0537 -0.2696 -0.2381 0.9315
1341848052.8109 0.3658 -0.3591 0.7912 0.0500 -0.2661 -0.2392 0.9325
1341848052.8469 0.3697 -0.3640 0.7930 0.0524 -0.2632 -0.2421 0.9324
1341848052.8788 0.3844 -0.3603 0.7824 0.0567 -0.2585 -0.2434 0.9331
1341848052.9147 0.3921 -0.3590 0.7786 0.0552 -0.2533 -0.2435 0.9346
1341848052.9467 0.3958 -0.3615 0.7788 0.0543 -0.2503 -0.2422 0.9358
1341848052.9787 0.4087 -0.3598 0.7735 0.0557 -0.2473 -0.2417 0.9367
1341848053.0148 0.4157 -0.3596 0.7725 0.0550 -0.2411 -0.2410 0.9385
1341848053.0467 0.4197 -0.3615 0.7705 0.0552 -0.2371 -0.2381 0.9402
1341848053.0827 0.4343 -0.3589 0.7637 0.0564 -0.2342 -0.2367 0.9413
1341848053.1148 0.4413 -0.3614 0.7642 0.0548 -0.2276 -0.2361 0.9431
1341848053.1470 0.4466 -0.3615 0.7619 0.0553 -0.2216 -0.2327 0.9454
1341848053.1832 0.4577 -0.3581 0.7575 0.0553 -0.2186 -0.2294 0.9469
1341848053.2148 0.4622 -0.3620 0.7587 0.0532 -0.2140 -0.2278 0.9484
1341848053.2480 0.4679 -0.3634 0.7580 0.0554 -0.2096 -0.2259 0.9497
1341848053.2898 0.4780 -0.3616 0.7536 0.0577 -0.2062 -0.2234 0.9509
1341848053.3217 0.4862 -0.3618 0.7506 0.0576 -0.2027 -0.2197 0.9526
1341848053.3538 0.4931 -0.3613 0.7478 0.0578 -0.1983 -0.2155 0.9544
1341848053.3861 0.4997 -0.3622 0.7450 0.0579 -0.1947 -0.2124 0.9558
1341848053.4218 0.5092 -0.3644 0.7396 0.0571 -0.1904 -0.2096 0.9574
1341848053.4537 0.5171 -0.3600 0.7365 0.0561 -0.1848 -0.2044 0.9596
1341848053.4857 0.5206 -0.3573 0.7342 0.0538 -0.1814 -0.1998 0.9614
1341848053.5217 0.5282 -0.3606 0.7310 0.0514 -0.1789 -0.1974 0.9625
1341848053.5539 0.5410 -0.3594 0.7273 0.0500 -0.1740 -0.1947 0.9640
1341848053.5897 0.5409 -0.3565 0.7248 0.0471 -0.1667 -0.1902 0.9664
1341848053.6219 0.5499 -0.3533 0.7219 0.0438 -0.1636 -0.1838 0.9683
1341848053.6538 0.5595 -0.3546 0.7191 0.0384 -0.1576 -0.1789 0.9704
1341848053.6897 0.5580 -0.3563 0.7189 0.0341 -0.1491 -0.1749 0.9726
1341848053.7217 0.5634 -0.3556 0.7163 0.0324 -0.1439 -0.1698 0.9744
1341848053.7580 0.5720 -0.3546 0.7137 0.0301 -0.1379 -0.1649 0.9762
1341848053.7899 0.5708 -0.3567 0.7127 0.0272 -0.1297 -0.1604 0.9781
1341848053.8216 0.5752 -0.3579 0.7104 0.0269 -0.1235 -0.1543 0.9799
1341848053.8578 0.5804 -0.3552 0.7075 0.0265 -0.1168 -0.1477 0.9817
1341848053.8898 0.5812 -0.3543 0.7047 0.0250 -0.1111 -0.1403 0.9835
1341848053.9511 0.5859 -0.3605 0.6936 0.0262 -0.1038 -0.1286 0.9859
1341848053.9868 0.5839 -0.3553 0.6903 0.0281 -0.0987 -0.1219 0.9872
1341848054.0510 0.5920 -0.3550 0.6758 0.0258 -0.0998 -0.1038 0.9892
1341848054.0868 0.5919 -0.3542 0.6696 0.0227 -0.0977 -0.0972 0.9902
1341848054.1189 0.5876 -0.3539 0.6631 0.0204 -0.0968 -0.0900 0.9910
1341848054.1550 0.5942 -0.3548 0.6555 0.0176 -0.0986 -0.0837 0.9914
1341848054.1867 0.5916 -0.3563 0.6484 0.0142 -0.0975 -0.0818 0.9918
1341848054.2190 0.5844 -0.3615 0.6418 0.0130 -0.0954 -0.0807 0.9921
1341848054.2548 0.5858 -0.3644 0.6329 0.0154 -0.0945 -0.0813 0.9921
1341848054.2868 0.5944 -0.3543 0.6238 0.0189 -0.0942 -0.0815 0.9920
1341848054.3229 0.5937 -0.3509 0.6156 0.0145 -0.0916 -0.0804 0.9924
1341848054.3548 0.5836 -0.3556 0.6081 0.0103 -0.0889 -0.0795 0.9928
1341848054.3871 0.5917 -0.3538 0.5990 0.0091 -0.0897 -0.0800 0.9927
1341848054.4229 0.5882 -0.3521 0.5922 0.0059 -0.0863 -0.0796 0.9931
1341848054.4547 0.5767 -0.3510 0.5852 0.0044 -0.0842 -0.0776 0.9934
1341848054.4869 0.5783 -0.3506 0.5777 0.0038 -0.0870 -0.0759 0.9933
1341848054.5227 0.5820 -0.3550 0.5719 0.0012 -0.0870 -0.0751 0.9934
1341848054.5549 0.5772 -0.3580 0.5663 0.0020 -0.0837 -0.0729 0.9938
1341848054.5908 0.5826 -0.3550 0.5579 0.0044 -0.0835 -0.0703 0.9940
1341848054.6227 0.5856 -0.3538 0.5502 0.0034 -0.0834 -0.0694 0.9941
1341848054.6564 0.5872 -0.3564 0.5451 0.0022 -0.0828 -0.0673 0.9943
1341848054.6910 0.5944 -0.3578 0.5384 0.0020 -0.0802 -0.0651 0.9947
1341848054.7227 0.5917 -0.3606 0.5326 0.0028 -0.0761 -0.0660 0.9949
1341848054.7547 0.5921 -0.3597 0.5263 0.0053 -0.0733 -0.0644 0.9952
1341848054.7909 0.5955 -0.3583 0.5197 0.0080 -0.0718 -0.0611 0.9955
1341848054.8229 0.6021 -0.3552 0.5122 0.0091 -0.0697 -0.0566 0.9959
1341848054.8589 0.5986 -0.3567 0.5066 0.0084 -0.0660 -0.0509 0.9965
1341848054.8909 0.6029 -0.3577 0.5002 0.0101 -0.0657 -0.0468 0.9967
1341848054.9228 0.6098 -0.3548 0.4940 0.0124 -0.0636 -0.0421 0.9970
1341848054.9587 0.6098 -0.3511 0.4860 0.0133 -0.0602 -0.0376 0.9974
1341848054.9911 0.6043 -0.3531 0.4796 0.0143 -0.0586 -0.0356 0.9975
1341848055.0230 0.6166 -0.3527 0.4700 0.0172 -0.0589 -0.0344 0.9975
1341848055.0587 0.6168 -0.3502 0.4614 0.0190 -0.0545 -0.0319 0.9978
1341848055.0907 0.6094 -0.3473 0.4522 0.0214 -0.0522 -0.0285 0.9980
1341848055.1270 0.6203 -0.3420 0.4409 0.0232 -0.0541 -0.0246 0.9980
1341848055.1592 0.6241 -0.3417 0.4317 0.0226 -0.0519 -0.0225 0.9981
1341848055.1910 0.6157 -0.3418 0.4213 0.0243 -0.0469 -0.0207 0.9984
1341848055.2268 0.6162 -0.3336 0.4073 0.0280 -0.0467 -0.0178 0.9984
1341848055.2589 0.6237 -0.3253 0.3949 0.0284 -0.0483 -0.0164 0.9983
1341848055.2947 0.6186 -0.3244 0.3845 0.0273 -0.0467 -0.0142 0.9984
1341848055.3268 0.6185 -0.3205 0.3709 0.0282 -0.0469 -0.0123 0.9984
1341848055.3589 0.6206 -0.3136 0.3594 0.0294 -0.0469 -0.0128 0.9984
1341848055.3947 0.6230 -0.3089 0.3474 0.0292 -0.0449 -0.0142 0.9985
1341848055.4268 0.6166 -0.3060 0.3359 0.0291 -0.0410 -0.0147 0.9986
1341848055.4588 0.6146 -0.2984 0.3239 0.0306 -0.0394 -0.0142 0.9987
1341848055.4947 0.6173 -0.2915 0.3119 0.0301 -0.0379 -0.0130 0.9987
1341848055.5267 0.6122 -0.2915 0.3004 0.0285 -0.0346 -0.0129 0.9989
1341848055.5626 0.6107 -0.2884 0.2908 0.0299 -0.0323 -0.0120 0.9990
1341848055.5947 0.6125 -0.2794 0.2793 0.0312 -0.0298 -0.0117 0.9990
1341848055.6267 0.6073 -0.2732 0.2702 0.0306 -0.0261 -0.0105 0.9991
1341848055.6630 0.6012 -0.2712 0.2606 0.0300 -0.0245 -0.0091 0.9992
1341848055.6948 0.6117 -0.2653 0.2505 0.0302 -0.0237 -0.0089 0.9992
1341848055.7268 0.6132 -0.2580 0.2421 0.0281 -0.0170 -0.0074 0.9994
1341848055.7628 0.5914 -0.2605 0.2373 0.0257 -0.0102 -0.0044 0.9996
1341848055.7950 0.5952 -0.2582 0.2302 0.0271 -0.0108 -0.0010 0.9996
1341848055.8308 0.5944 -0.2564 0.2232 0.0267 -0.0071 0.0022 0.9996
1341848055.8628 0.5859 -0.2568 0.2194 0.0279 -0.0025 0.0061 0.9996
1341848055.8948 0.5828 -0.2526 0.2128 0.0305 -0.0005 0.0091 0.9995
1341848055.9307 0.5805 -0.2478 0.2058 0.0320 0.0016 0.0099 0.9994
1341848055.9628 0.5698 -0.2461 0.2013 0.0325 0.0042 0.0118 0.9994
1341848055.9947 0.5667 -0.2393 0.1947 0.0330 0.0045 0.0144 0.9993
1341848056.0307 0.5589 -0.2353 0.1896 0.0312 0.0060 0.0162 0.9994
1341848056.0628 0.5466 -0.2378 0.1853 0.0299 0.0076 0.0180 0.9994
1341848056.0988 0.5401 -0.2336 0.1804 0.0304 0.0081 0.0190 0.9993
1341848056.1306 0.5299 -0.2313 0.1766 0.0305 0.0100 0.0200 0.9993
1341848056.1627 0.5133 -0.2307 0.1697 0.0312 0.0116 0.0202 0.9992
1341848056.1987 0.5025 -0.2251 0.1649 0.0323 0.0099 0.0213 0.9992
1341848056.2307 0.4914 -0.2206 0.1586 0.0315 0.0088 0.0228 0.9992
1341848056.2639 0.4736 -0.2201 0.1561 0.0306 0.0081 0.0226 0.9992
1341848056.2988 0.4676 -0.2181 0.1525 0.0309 0.0053 0.0226 0.9993
1341848056.3307 0.4557 -0.2119 0.1464 0.0305 0.0054 0.0231 0.9993
1341848056.3667 0.4335 -0.2112 0.1434 0.0291 0.0058 0.0247 0.9993
1341848056.3987 0.4192 -0.2048 0.1369 0.0291 0.0022 0.0268 0.9992
1341848056.4307 0.4141 -0.1937 0.1300 0.0253 -0.0022 0.0307 0.9992
1341848056.4668 0.3948 -0.1909 0.1268 0.0179 -0.0028 0.0361 0.9992
1341848056.4989 0.3817 -0.1956 0.1237 0.0124 -0.0063 0.0377 0.9992
1341848056.5348 0.3770 -0.1928 0.1190 0.0098 -0.0089 0.0363 0.9993
1341848056.5667 0.3592 -0.1926 0.1184 0.0069 -0.0078 0.0358 0.9993
1341848056.5989 0.3370 -0.1907 0.1123 0.0052 -0.0080 0.0387 0.9992
1341848056.6348 0.3292 -0.1848 0.1065 0.0025 -0.0139 0.0401 0.9991
1341848056.6668 0.3159 -0.1871 0.1073 -0.0018 -0.0168 0.0417 0.9990
1341848056.6989 0.3050 -0.1876 0.1028 -0.0028 -0.0192 0.0420 0.9989
1341848056.7348 0.3020 -0.1857 0.1029 -0.0039 -0.0234 0.0387 0.9990
1341848056.7667 0.2807 -0.1844 0.0982 -0.0046 -0.0238 0.0379 0.9990
1341848056.8029 0.2782 -0.1794 0.0915 -0.0061 -0.0273 0.0357 0.9990
1341848056.8350 0.2617 -0.1815 0.0920 -0.0086 -0.0275 0.0334 0.9990
1341848056.8667 0.2521 -0.1844 0.0933 -0.0088 -0.0296 0.0332 0.9990
1341848056.9027 0.2534 -0.1826 0.0879 -0.0082 -0.0310 0.0325 0.9990
1341848056.9347 0.2451 -0.1807 0.0871 -0.0096 -0.0286 0.0304 0.9991
1341848056.9668 0.2275 -0.1819 0.0882 -0.0097 -0.0261 0.0302 0.9992
1341848057.0027 0.2287 -0.1789 0.0821 -0.0101 -0.0274 0.0302 0.9991
1341848057.0348 0.2212 -0.1772 0.0802 -0.0127 -0.0242 0.0294 0.9992
1341848057.0710 0.2018 -0.1766 0.0829 -0.0133 -0.0206 0.0278 0.9993
1341848057.1028 0.1971 -0.1743 0.0783 -0.0131 -0.0214 0.0264 0.9993
1341848057.1347 0.1919 -0.1695 0.0722 -0.0154 -0.0199 0.0264 0.9993
1341848057.1707 0.1703 -0.1687 0.0763 -0.0176 -0.0170 0.0258 0.9994
1341848057.2026 0.1671 -0.1670 0.0720 -0.0174 -0.0181 0.0226 0.9994
1341848057.2347 0.1604 -0.1629 0.0649 -0.0192 -0.0158 0.0208 0.9995
1341848057.2708 0.1431 -0.1566 0.0636 -0.0219 -0.0128 0.0211 0.9995
1341848057.3029 0.1312 -0.1527 0.0644 -0.0237 -0.0130 0.0208 0.9994
1341848057.3388 0.1255 -0.1524 0.0585 -0.0265 -0.0118 0.0194 0.9994
1341848057.3708 0.1114 -0.1460 0.0563 -0.0293 -0.0082 0.0204 0.9993
1341848057.4027 0.0950 -0.1430 0.0572 -0.0306 -0.0064 0.0213 0.9993
1341848057.4389 0.0887 -0.1397 0.0508 -0.0316 -0.0050 0.0214 0.9993
1341848057.4707 0.0760 -0.1337 0.0478 -0.0335 0.0000 0.0238 0.9992
1341848057.5067 0.0563 -0.1307 0.0463 -0.0341 0.0031 0.0272 0.9990
1341848057.5388 0.0477 -0.1245 0.0384 -0.0347 0.0026 0.0291 0.9990
1341848057.5711 0.0381 -0.1222 0.0320 -0.0384 0.0049 0.0315 0.9988
1341848057.6067 0.0251 -0.1189 0.0313 -0.0418 0.0089 0.0353 0.9985
1341848057.6388 0.0134 -0.1173 0.0275 -0.0435 0.0126 0.0380 0.9982
1341848057.6709 0.0024 -0.1139 0.0231 -0.0453 0.0176 0.0401 0.9980
1341848057.7068 -0.0131 -0.1112 0.0217 -0.0461 0.0230 0.0447 0.9977
1341848057.7389 -0.0260 -0.1091 0.0143 -0.0461 0.0251 0.0463 0.9975
1341848057.7750 -0.0344 -0.1034 0.0103 -0.0466 0.0269 0.0481 0.9974
1341848057.8068 -0.0507 -0.1007 0.0081 -0.0473 0.0308 0.0543 0.9969
1341848057.8388 -0.0649 -0.1007 0.0034 -0.0464 0.0315 0.0598 0.9966
1341848057.8748 -0.0758 -0.0985 -0.0029 -0.0455 0.0323 0.0615 0.9965
1341848057.9068 -0.0891 -0.0955 -0.0077 -0.0453 0.0339 0.0619 0.9965
1341848057.9388 -0.1042 -0.0904 -0.0128 -0.0454 0.0339 0.0640 0.9963
1341848057.9753 -0.1158 -0.0895 -0.0154 -0.0475 0.0328 0.0660 0.9961
1341848058.0068 -0.1335 -0.0923 -0.0140 -0.0483 0.0326 0.0663 0.9961
1341848058.0428 -0.1466 -0.0905 -0.0154 -0.0454 0.0296 0.0657 0.9964
1341848058.0760 -0.1570 -0.0889 -0.0220 -0.0439 0.0269 0.0658 0.9965
1341848058.1068 -0.1715 -0.0871 -0.0208 -0.0434 0.0246 0.0653 0.9966
1341848058.1427 -0.1854 -0.0875 -0.0197 -0.0408 0.0211 0.0642 0.9969
1341848058.1747 -0.1969 -0.0849 -0.0247 -0.0386 0.0174 0.0621 0.9972
1341848058.2071 -0.2084 -0.0838 -0.0268 -0.0382 0.0154 0.0600 0.9974
1341848058.2427 -0.2230 -0.0815 -0.0248 -0.0366 0.0126 0.0573 0.9976
1341848058.2747 -0.2357 -0.0793 -0.0210 -0.0340 0.0109 0.0556 0.9978
1341848058.3107 -0.2467 -0.0807 -0.0213 -0.0304 0.0120 0.0540 0.9980
1341848058.3432 -0.2610 -0.0766 -0.0243 -0.0263 0.0113 0.0511 0.9983
1341848058.3749 -0.2688 -0.0740 -0.0283 -0.0253 0.0104 0.0527 0.9982
1341848058.4107 -0.2800 -0.0728 -0.0301 -0.0266 0.0101 0.0549 0.9981
1341848058.4428 -0.2905 -0.0736 -0.0257 -0.0275 0.0098 0.0567 0.9980
1341848058.4747 -0.2968 -0.0752 -0.0198 -0.0263 0.0096 0.0593 0.9978
1341848058.5430 -0.3186 -0.0758 -0.0193 -0.0225 0.0144 0.0655 0.9975
1341848058.5789 -0.3265 -0.0753 -0.0175 -0.0220 0.0141 0.0702 0.9972
1341848058.6108 -0.3333 -0.0791 -0.0135 -0.0230 0.0169 0.0729 0.9969
1341848058.6431 -0.3456 -0.0783 -0.0118 -0.0226 0.0204 0.0734 0.9968
1341848058.6787 -0.3516 -0.0791 -0.0014 -0.0205 0.0201 0.0736 0.9969
1341848058.7107 -0.3565 -0.0816 -0.0020 -0.0168 0.0244 0.0731 0.9969
1341848058.7468 -0.3696 -0.0794 -0.0085 -0.0166 0.0306 0.0706 0.9969
1341848058.7787 -0.3803 -0.0722 -0.0047 -0.0165 0.0297 0.0733 0.9967
1341848058.8109 -0.3853 -0.0760 -0.0026 -0.0184 0.0276 0.0772 0.9965
1341848058.8468 -0.3894 -0.0780 0.0030 -0.0201 0.0298 0.0783 0.9963
1341848058.8796 -0.3957 -0.0788 0.0077 -0.0196 0.0331 0.0805 0.9960
1341848058.9468 -0.4036 -0.0800 0.0095 -0.0195 0.0351 0.0851 0.9956
1341848058.9789 -0.4109 -0.0825 0.0159 -0.0182 0.0384 0.0868 0.9953
1341848059.0147 -0.4111 -0.0824 0.0139 -0.0151 0.0388 0.0876 0.9953
1341848059.0467 -0.4142 -0.0832 0.0124 -0.0138 0.0408 0.0884 0.9952
1341848059.0788 -0.4169 -0.0846 0.0156 -0.0135 0.0443 0.0886 0.9950
1341848059.1147 -0.4201 -0.0849 0.0152 -0.0124 0.0486 0.0877 0.9949
1341848059.1467 -0.4232 -0.0836 0.0144 -0.0123 0.0514 0.0875 0.9948
1341848059.1787 -0.4254 -0.0859 0.0179 -0.0127 0.0539 0.0871 0.9947
1341848059.2147 -0.4266 -0.0859 0.0206 -0.0116 0.0579 0.0864 0.9945
1341848059.2468 -0.4269 -0.0855 0.0211 -0.0094 0.0626 0.0866 0.9942
1341848059.2827 -0.4290 -0.0833 0.0229 -0.0066 0.0657 0.0888 0.9939
1341848059.3147 -0.4279 -0.0844 0.0209 -0.0044 0.0683 0.0911 0.9935
1341848059.3468 -0.4280 -0.0818 0.0161 -0.0034 0.0709 0.0930 0.9931
1341848059.3827 -0.4297 -0.0812 0.0220 -0.0024 0.0726 0.0953 0.9928
1341848059.4147 -0.4292 -0.0869 0.0195 -0.0011 0.0753 0.0963 0.9925
1341848059.4468 -0.4280 -0.0859 0.0165 -0.0002 0.0793 0.0957 0.9923
1341848059.4827 -0.4279 -0.0821 0.0165 0.0009 0.0827 0.0962 0.9919
1341848059.5147 -0.4293 -0.0818 0.0166 0.0019 0.0842 0.0992 0.9915
1341848059.5508 -0.4289 -0.0833 0.0141 0.0018 0.0860 0.0989 0.9914
1341848059.5827 -0.4300 -0.0825 0.0161 0.0032 0.0896 0.0998 0.9910
1341848059.6147 -0.4331 -0.0791 0.0163 0.0069 0.0903 0.1020 0.9907
1341848059.6507 -0.4338 -0.0801 0.0123 0.0084 0.0890 0.1035 0.9906
1341848059.6827 -0.4332 -0.0831 0.0076 0.0074 0.0900 0.1012 0.9908
1341848059.7187 -0.4348 -0.0787 0.0115 0.0086 0.0928 0.1012 0.9905
1341848059.7509 -0.4402 -0.0785 0.0136 0.0115 0.0933 0.1016 0.9904
1341848059.7828 -0.4377 -0.0788 0.0045 0.0116 0.0925 0.1000 0.9906
1341848059.8188 -0.4406 -0.0777 0.0064 0.0102 0.0957 0.0998 0.9903
1341848059.8507 -0.4466 -0.0774 0.0118 0.0131 0.0980 0.1000 0.9901
1341848059.8827 -0.4475 -0.0772 0.0061 0.0162 0.0972 0.0986 0.9902
1341848059.9188 -0.4491 -0.0748 0.0042 0.0178 0.0964 0.0976 0.9904
1341848059.9508 -0.4485 -0.0736 0.0034 0.0193 0.0957 0.0983 0.9904
1341848059.9868 -0.4528 -0.0747 0.0042 0.0217 0.0956 0.0991 0.9902
1341848060.0187 -0.4528 -0.0769 0.0027 0.0238 0.0956 0.0962 0.9905
1341848060.0507 -0.4539 -0.0753 0.0034 0.0283 0.0984 0.0945 0.9903
1341848060.0868 -0.4590 -0.0701 0.0005 0.0337 0.0982 0.0936 0.9902
1341848060.1188 -0.4573 -0.0713 -0.0036 0.0361 0.0951 0.0910 0.9906
1341848060.1508 -0.4514 -0.0704 -0.0098 0.0358 0.0964 0.0884 0.9908
1341848060.1869 -0.4560 -0.0663 -0.0033 0.0377 0.0986 0.0879 0.9905
1341848060.2189 -0.4541 -0.0701 -0.0048 0.0402 0.0973 0.0851 0.9908
1341848060.2548 -0.4467 -0.0633 -0.0146 0.0410 0.0987 0.0823 0.9909
1341848060.2875 -0.4497 -0.0616 -0.0080 0.0399 0.1019 0.0820 0.9906
1341848060.3189 -0.4505 -0.0641 -0.0066 0.0420 0.1014 0.0812 0.9906
1341848060.3546 -0.4418 -0.0600 -0.0167 0.0419 0.1006 0.0774 0.9910
1341848060.3873 -0.4415 -0.0612 -0.0091 0.0405 0.1042 0.0757 0.9908
1341848060.4186 -0.4434 -0.0589 -0.0062 0.0433 0.1041 0.0747 0.9908
1341848060.4548 -0.4361 -0.0583 -0.0118 0.0441 0.1024 0.0715 0.9912
1341848060.4867 -0.4331 -0.0583 -0.0094 0.0438 0.1054 0.0681 0.9911
1341848060.5229 -0.4348 -0.0581 -0.0014 0.0469 0.1068 0.0663 0.9910
1341848060.5547 -0.4276 -0.0588 -0.0084 0.0501 0.1057 0.0634 0.9911
1341848060.5867 -0.4200 -0.0539 -0.0131 0.0499 0.1079 0.0607 0.9910
1341848060.6227 -0.4240 -0.0541 -0.0030 0.0509 0.1109 0.0610 0.9906
1341848060.6561 -0.4190 -0.0534 -0.0072 0.0539 0.1087 0.0608 0.9907
1341848060.6873 -0.4130 -0.0527 -0.0105 0.0531 0.1091 0.0597 0.9908
1341848060.7232 -0.4141 -0.0519 -0.0046 0.0539 0.1108 0.0611 0.9905
1341848060.7579 -0.4134 -0.0501 -0.0045 0.0568 0.1080 0.0617 0.9906
1341848060.7909 -0.4080 -0.0518 -0.0073 0.0567 0.1048 0.0615 0.9910
1341848060.8240 -0.4079 -0.0522 -0.0027 0.0578 0.1030 0.0619 0.9911
1341848060.8624 -0.4062 -0.0539 -0.0019 0.0599 0.0999 0.0617 0.9913
1341848060.9231 -0.3980 -0.0564 0.0014 0.0612 0.0947 0.0626 0.9917
1341848060.9608 -0.3914 -0.0583 0.0013 0.0629 0.0915 0.0624 0.9919
1341848060.9969 -0.3865 -0.0591 0.0029 0.0636 0.0895 0.0632 0.9919
1341848061.0306 -0.3828 -0.0630 0.0062 0.0642 0.0874 0.0636 0.9921
1341848061.0622 -0.3756 -0.0654 0.0076 0.0645 0.0857 0.0629 0.9922
1341848061.1006 -0.3711 -0.0715 0.0122 0.0650 0.0861 0.0622 0.9922
1341848061.1298 -0.3664 -0.0768 0.0164 0.0682 0.0861 0.0616 0.9920
1341848061.1979 -0.3542 -0.0831 0.0199 0.0741 0.0857 0.0623 0.9916
1341848061.2594 -0.3412 -0.0865 0.0177 0.0809 0.0841 0.0628 0.9912
1341848061.2909 -0.3368 -0.0934 0.0234 0.0823 0.0838 0.0640 0.9910
1341848061.3266 -0.3296 -0.0957 0.0206 0.0855 0.0833 0.0650 0.9907
1341848061.3589 -0.3236 -0.0974 0.0223 0.0869 0.0839 0.0651 0.9905
1341848061.3908 -0.3195 -0.0991 0.0242 0.0886 0.0842 0.0671 0.9902
1341848061.4269 -0.3135 -0.0993 0.0231 0.0899 0.0834 0.0687 0.9901
1341848061.4588 -0.3089 -0.1012 0.0251 0.0894 0.0844 0.0700 0.9899
1341848061.4947 -0.3075 -0.1056 0.0288 0.0905 0.0858 0.0693 0.9898
1341848061.5267 -0.3015 -0.1025 0.0262 0.0926 0.0852 0.0693 0.9896
1341848061.5588 -0.2965 -0.1004 0.0255 0.0919 0.0855 0.0703 0.9896
1341848061.5947 -0.2956 -0.1061 0.0313 0.0905 0.0874 0.0705 0.9895
1341848061.6267 -0.2929 -0.1068 0.0320 0.0926 0.0876 0.0704 0.9893
1341848061.6588 -0.2850 -0.1024 0.0293 0.0926 0.0882 0.0697 0.9893
1341848061.6949 -0.2862 -0.1076 0.0347 0.0910 0.0911 0.0705 0.9892
1341848061.7267 -0.2849 -0.1073 0.0346 0.0927 0.0906 0.0711 0.9890
1341848061.7628 -0.2785 -0.1047 0.0323 0.0923 0.0910 0.0699 0.9891
1341848061.7948 -0.2795 -0.1082 0.0361 0.0912 0.0934 0.0692 0.9890
1341848061.8267 -0.2787 -0.1080 0.0372 0.0919 0.0931 0.0700 0.9889
1341848061.8629 -0.2745 -0.1059 0.0349 0.0910 0.0927 0.0691 0.9891
1341848061.8948 -0.2760 -0.1090 0.0401 0.0891 0.0939 0.0683 0.9892
1341848061.9307 -0.2753 -0.1103 0.0419 0.0895 0.0937 0.0670 0.9893
1341848061.9628 -0.2730 -0.1069 0.0421 0.0893 0.0931 0.0668 0.9894
1341848061.9972 -0.2744 -0.1076 0.0468 0.0877 0.0925 0.0665 0.9896
1341848062.0307 -0.2720 -0.1110 0.0506 0.0864 0.0909 0.0641 0.9900
1341848062.0633 -0.2701 -0.1100 0.0526 0.0858 0.0906 0.0625 0.9902
1341848062.0949 -0.2708 -0.1115 0.0571 0.0843 0.0891 0.0610 0.9906
1341848062.1308 -0.2685 -0.1131 0.0603 0.0828 0.0870 0.0606 0.9909
1341848062.1634 -0.2677 -0.1173 0.0658 0.0818 0.0859 0.0575 0.9913
1341848062.1987 -0.2650 -0.1183 0.0679 0.0821 0.0846 0.0528 0.9916
1341848062.2308 -0.2656 -0.1155 0.0712 0.0822 0.0833 0.0512 0.9918
1341848062.2628 -0.2644 -0.1139 0.0734 0.0803 0.0799 0.0511 0.9923
1341848062.2993 -0.2629 -0.1175 0.0767 0.0779 0.0775 0.0499 0.9927
1341848062.3308 -0.2596 -0.1207 0.0792 0.0767 0.0762 0.0477 0.9930
1341848062.3628 -0.2632 -0.1209 0.0841 0.0774 0.0759 0.0466 0.9930
1341848062.3988 -0.2579 -0.1204 0.0830 0.0778 0.0719 0.0462 0.9933
1341848062.4308 -0.2552 -0.1196 0.0841 0.0772 0.0701 0.0485 0.9934
1341848062.4669 -0.2541 -0.1197 0.0867 0.0765 0.0675 0.0500 0.9935
1341848062.4987 -0.2519 -0.1221 0.0888 0.0760 0.0647 0.0525 0.9936
1341848062.5307 -0.2454 -0.1223 0.0863 0.0757 0.0623 0.0527 0.9938
1341848062.5669 -0.2416 -0.1215 0.0875 0.0745 0.0622 0.0526 0.9939
1341848062.5988 -0.2447 -0.1213 0.0929 0.0750 0.0607 0.0553 0.9938
1341848062.6308 -0.2344 -0.1189 0.0884 0.0745 0.0556 0.0579 0.9940
1341848062.6667 -0.2295 -0.1240 0.0904 0.0720 0.0551 0.0577 0.9942
1341848062.6987 -0.2277 -0.1282 0.0952 0.0734 0.0551 0.0573 0.9941
1341848062.7349 -0.2175 -0.1235 0.0892 0.0754 0.0520 0.0574 0.9941
1341848062.7668 -0.2106 -0.1221 0.0909 0.0735 0.0510 0.0585 0.9943
1341848062.7987 -0.2106 -0.1274 0.0973 0.0733 0.0506 0.0589 0.9943
1341848062.8348 -0.2001 -0.1239 0.0919 0.0745 0.0463 0.0579 0.9945
1341848062.8668 -0.1914 -0.1242 0.0919 0.0723 0.0449 0.0564 0.9948
1341848062.8991 -0.1920 -0.1277 0.0980 0.0714 0.0447 0.0546 0.9950
1341848062.9350 -0.1836 -0.1296 0.0959 0.0723 0.0409 0.0495 0.9953
1341848062.9669 -0.1705 -0.1269 0.0928 0.0714 0.0395 0.0447 0.9957
1341848063.0029 -0.1719 -0.1287 0.1003 0.0699 0.0403 0.0441 0.9958
1341848063.0350 -0.1656 -0.1314 0.1008 0.0702 0.0356 0.0434 0.9959
1341848063.0667 -0.1542 -0.1327 0.1004 0.0696 0.0328 0.0423 0.9961
1341848063.1028 -0.1482 -0.1365 0.1041 0.0703 0.0317 0.0410 0.9962
1341848063.1350 -0.1398 -0.1336 0.1021 0.0718 0.0285 0.0406 0.9962
1341848063.1707 -0.1317 -0.1348 0.1028 0.0704 0.0251 0.0406 0.9964
1341848063.2027 -0.1239 -0.1391 0.1053 0.0696 0.0232 0.0398 0.9965
1341848063.2350 -0.1146 -0.1400 0.1055 0.0708 0.0216 0.0365 0.9966
1341848063.2708 -0.1047 -0.1399 0.1060 0.0709 0.0212 0.0337 0.9967
1341848063.3028 -0.0984 -0.1393 0.1069 0.0706 0.0210 0.0316 0.9968
1341848063.3349 -0.0921 -0.1407 0.1089 0.0699 0.0184 0.0286 0.9970
1341848063.3707 -0.0806 -0.1401 0.1088 0.0682 0.0174 0.0267 0.9972
1341848063.4027 -0.0753 -0.1417 0.1116 0.0664 0.0191 0.0231 0.9973
1341848063.4393 -0.0715 -0.1425 0.1166 0.0655 0.0192 0.0202 0.9975
1341848063.4707 -0.0593 -0.1404 0.1146 0.0644 0.0182 0.0180 0.9976
1341848063.5028 -0.0544 -0.1403 0.1213 0.0605 0.0206 0.0167 0.9978
1341848063.5418 -0.0562 -0.1479 0.1325 0.0597 0.0212 0.0178 0.9978
1341848063.5778 -0.0409 -0.1431 0.1264 0.0604 0.0185 0.0193 0.9978
1341848063.6097 -0.0389 -0.1432 0.1335 0.0566 0.0197 0.0206 0.9980
1341848063.6430 -0.0385 -0.1479 0.1417 0.0557 0.0188 0.0216 0.9980
1341848063.6780 -0.0266 -0.1425 0.1372 0.0549 0.0160 0.0217 0.9981
1341848063.7099 -0.0228 -0.1418 0.1442 0.0501 0.0147 0.0223 0.9984
1341848063.7458 -0.0241 -0.1490 0.1540 0.0470 0.0131 0.0221 0.9986
1341848063.7778 -0.0131 -0.1496 0.1547 0.0466 0.0105 0.0191 0.9987
1341848063.8098 -0.0111 -0.1510 0.1625 0.0448 0.0113 0.0174 0.9988
1341848063.8457 -0.0100 -0.1573 0.1713 0.0448 0.0095 0.0167 0.9988
1341848063.8779 0.0029 -0.1570 0.1736 0.0452 0.0064 0.0159 0.9988
1341848063.9138 0.0068 -0.1667 0.1849 0.0439 0.0085 0.0128 0.9989
1341848063.9458 0.0073 -0.1728 0.1953 0.0471 0.0100 0.0105 0.9988
1341848063.9779 0.0139 -0.1715 0.2016 0.0503 0.0066 0.0119 0.9986
1341848064.0140 0.0242 -0.1754 0.2074 0.0497 0.0036 0.0133 0.9987
1341848064.0458 0.0208 -0.1869 0.2223 0.0498 0.0035 0.0119 0.9987
1341848064.0817 0.0350 -0.1887 0.2256 0.0532 -0.0004 0.0100 0.9985
1341848064.1137 0.0465 -0.1886 0.2332 0.0525 -0.0001 0.0104 0.9986
1341848064.1458 0.0421 -0.1973 0.2484 0.0510 0.0014 0.0119 0.9986
1341848064.1818 0.0527 -0.2022 0.2552 0.0521 -0.0028 0.0141 0.9985
1341848064.2139 0.0692 -0.2061 0.2603 0.0509 -0.0047 0.0135 0.9986
1341848064.2498 0.0721 -0.2153 0.2755 0.0501 -0.0009 0.0128 0.9987
1341848064.2830 0.0780 -0.2194 0.2861 0.0532 -0.0011 0.0131 0.9985
1341848064.3138 0.0977 -0.2193 0.2897 0.0540 -0.0038 0.0133 0.9984
1341848064.3498 0.1031 -0.2282 0.3033 0.0526 -0.0014 0.0127 0.9985
1341848064.3826 0.1147 -0.2331 0.3111 0.0543 -0.0009 0.0126 0.9984
1341848064.4181 0.1314 -0.2318 0.3149 0.0545 -0.0015 0.0125 0.9984
1341848064.4498 0.1366 -0.2396 0.3273 0.0521 -0.0002 0.0091 0.9986
1341848064.4818 0.1444 -0.2493 0.3382 0.0530 0.0009 0.0053 0.9986
1341848064.5180 0.1575 -0.2514 0.3422 0.0553 0.0015 0.0031 0.9985
1341848064.5497 0.1634 -0.2552 0.3513 0.0559 0.0027 0.0036 0.9984
1341848064.5817 0.1678 -0.2616 0.3598 0.0574 0.0025 0.0062 0.9983
1341848064.6177 0.1831 -0.2629 0.3599 0.0599 -0.0001 0.0072 0.9982
1341848064.6497 0.1928 -0.2632 0.3634 0.0608 -0.0006 0.0085 0.9981
1341848064.6858 0.1966 -0.2643 0.3675 0.0607 -0.0026 0.0113 0.9981
1341848064.7499 0.2197 -0.2674 0.3719 0.0594 -0.0041 0.0085 0.9982
1341848064.8107 0.2302 -0.2695 0.3779 0.0604 -0.0071 0.0077 0.9981
1341848064.8427 0.2388 -0.2705 0.3808 0.0590 -0.0090 0.0075 0.9982
1341848064.8788 0.2396 -0.2750 0.3862 0.0585 -0.0091 0.0085 0.9982
1341848064.9108 0.2520 -0.2725 0.3849 0.0593 -0.0130 0.0116 0.9981
1341848064.9469 0.2618 -0.2716 0.3867 0.0572 -0.0150 0.0144 0.9981
1341848064.9788 0.2618 -0.2789 0.3945 0.0557 -0.0149 0.0156 0.9982
1341848065.0108 0.2774 -0.2786 0.3919 0.0578 -0.0177 0.0167 0.9980
1341848065.0468 0.2878 -0.2745 0.3941 0.0572 -0.0185 0.0176 0.9980
1341848065.0787 0.2841 -0.2792 0.4001 0.0558 -0.0183 0.0197 0.9981
1341848065.1107 0.3031 -0.2790 0.3979 0.0558 -0.0234 0.0214 0.9979
1341848065.1467 0.3085 -0.2793 0.4028 0.0544 -0.0229 0.0211 0.9980
1341848065.1788 0.3081 -0.2887 0.4095 0.0553 -0.0225 0.0201 0.9980
1341848065.2148 0.3275 -0.2832 0.4048 0.0592 -0.0260 0.0194 0.9977
1341848065.2468 0.3368 -0.2771 0.4061 0.0584 -0.0274 0.0170 0.9978
1341848065.2787 0.3363 -0.2885 0.4132 0.0565 -0.0263 0.0165 0.9979
1341848065.3148 0.3497 -0.2848 0.4119 0.0592 -0.0291 0.0147 0.9977
1341848065.3468 0.3573 -0.2871 0.4145 0.0586 -0.0301 0.0119 0.9978
1341848065.3828 0.3658 -0.2904 0.4159 0.0594 -0.0306 0.0116 0.9977
1341848065.4149 0.3739 -0.2892 0.4169 0.0603 -0.0318 0.0101 0.9976
1341848065.4467 0.3831 -0.2946 0.4201 0.0609 -0.0333 0.0072 0.9976
1341848065.4828 0.3955 -0.2953 0.4202 0.0632 -0.0336 0.0060 0.9974
1341848065.5147 0.4012 -0.2950 0.4224 0.0643 -0.0336 0.0059 0.9973
1341848065.5469 0.4079 -0.2976 0.4256 0.0645 -0.0351 0.0052 0.9973
1341848065.5827 0.4193 -0.3004 0.4266 0.0659 -0.0360 0.0038 0.9972
1341848065.6148 0.4240 -0.2989 0.4277 0.0671 -0.0362 0.0028 0.9971
1341848065.6829 0.4351 -0.3029 0.4313 0.0676 -0.0406 -0.0000 0.9969
1341848065.7148 0.4473 -0.2988 0.4296 0.0686 -0.0433 -0.0021 0.9967
1341848065.7507 0.4440 -0.2984 0.4313 0.0670 -0.0439 -0.0042 0.9968
1341848065.7827 0.4499 -0.3002 0.4314 0.0662 -0.0488 -0.0071 0.9966
1341848065.8147 0.4635 -0.2984 0.4307 0.0657 -0.0523 -0.0109 0.9964
1341848065.8507 0.4599 -0.2983 0.4334 0.0645 -0.0522 -0.0164 0.9964
1341848065.9187 0.4667 -0.2910 0.4301 0.0612 -0.0648 -0.0184 0.9958
1341848065.9508 0.4717 -0.2917 0.4329 0.0567 -0.0700 -0.0221 0.9957
1341848065.9828 0.4693 -0.2975 0.4360 0.0540 -0.0729 -0.0258 0.9955
1341848066.0188 0.4818 -0.2933 0.4341 0.0539 -0.0791 -0.0297 0.9950
1341848066.0507 0.4866 -0.2918 0.4369 0.0511 -0.0819 -0.0333 0.9948
1341848066.0828 0.4839 -0.2957 0.4398 0.0488 -0.0836 -0.0340 0.9947
1341848066.1187 0.4884 -0.2951 0.4401 0.0482 -0.0881 -0.0345 0.9943
1341848066.1510 0.4997 -0.2943 0.4432 0.0467 -0.0929 -0.0365 0.9939
1341848066.1868 0.5010 -0.2970 0.4462 0.0440 -0.0928 -0.0362 0.9941
1341848066.2187 0.4997 -0.3000 0.4493 0.0432 -0.0956 -0.0368 0.9938
1341848066.2508 0.5136 -0.3012 0.4519 0.0430 -0.1001 -0.0382 0.9933
1341848066.2867 0.5177 -0.3034 0.4564 0.0422 -0.1004 -0.0400 0.9932
1341848066.3187 0.5179 -0.3101 0.4620 0.0425 -0.1009 -0.0409 0.9931
1341848066.3548 0.5297 -0.3116 0.4645 0.0442 -0.1034 -0.0410 0.9928
1341848066.3868 0.5331 -0.3160 0.4701 0.0447 -0.1034 -0.0419 0.9928
1341848066.4188 0.5329 -0.3191 0.4761 0.0467 -0.1038 -0.0415 0.9926
1341848066.4547 0.5442 -0.3209 0.4794 0.0487 -0.1081 -0.0425 0.9920
1341848066.4869 0.5535 -0.3223 0.4848 0.0490 -0.1105 -0.0443 0.9917
1341848066.5228 0.5531 -0.3268 0.4909 0.0486 -0.1111 -0.0463 0.9915
1341848066.5551 0.5593 -0.3299 0.4964 0.0502 -0.1144 -0.0494 0.9909
1341848066.6235 0.5715 -0.3382 0.5094 0.0525 -0.1153 -0.0578 0.9903
1341848066.6552 0.5777 -0.3413 0.5150 0.0546 -0.1172 -0.0606 0.9897
1341848066.6977 0.5886 -0.3428 0.5207 0.0560 -0.1185 -0.0631 0.9894
1341848066.7325 0.5878 -0.3509 0.5291 0.0567 -0.1178 -0.0660 0.9892
1341848066.7644 0.5970 -0.3548 0.5345 0.0598 -0.1192 -0.0682 0.9887
1341848066.7953 0.6075 -0.3544 0.5386 0.0630 -0.1195 -0.0721 0.9882
1341848066.8334 0.6067 -0.3575 0.5445 0.0643 -0.1192 -0.0755 0.9879
1341848066.8621 0.6201 -0.3584 0.5478 0.0657 -0.1220 -0.0766 0.9874
1341848066.9050 0.6272 -0.3574 0.5521 0.0652 -0.1223 -0.0786 0.9872
1341848066.9302 0.6251 -0.3634 0.5572 0.0640 -0.1226 -0.0801 0.9871
1341848066.9979 0.6487 -0.3633 0.5646 0.0642 -0.1246 -0.0842 0.9865
1341848067.0547 0.6566 -0.3700 0.5725 0.0637 -0.1263 -0.0878 0.9860
1341848067.0909 0.6582 -0.3728 0.5761 0.0633 -0.1244 -0.0900 0.9861
1341848067.1230 0.6534 -0.3789 0.5790 0.0646 -0.1239 -0.0907 0.9860
1341848067.1588 0.6652 -0.3775 0.5802 0.0683 -0.1264 -0.0900 0.9855
1341848067.1911 0.6687 -0.3758 0.5811 0.0688 -0.1263 -0.0900 0.9855
1341848067.2229 0.6701 -0.3805 0.5839 0.0685 -0.1270 -0.0884 0.9856
1341848067.2587 0.6806 -0.3792 0.5841 0.0698 -0.1282 -0.0864 0.9855
1341848067.3228 0.6832 -0.3819 0.5869 0.0685 -0.1272 -0.0816 0.9861
1341848067.3587 0.6951 -0.3812 0.5875 0.0686 -0.1297 -0.0786 0.9861
1341848067.3907 0.6998 -0.3814 0.5889 0.0676 -0.1277 -0.0764 0.9865
1341848067.4269 0.6997 -0.3834 0.5896 0.0672 -0.1261 -0.0738 0.9870
1341848067.4587 0.7103 -0.3808 0.5891 0.0674 -0.1269 -0.0707 0.9871
1341848067.4915 0.7171 -0.3783 0.5898 0.0655 -0.1252 -0.0684 0.9876
1341848067.5267 0.7144 -0.3821 0.5907 0.0636 -0.1226 -0.0677 0.9881
1341848067.5588 0.7253 -0.3800 0.5894 0.0641 -0.1228 -0.0674 0.9881
1341848067.5947 0.7285 -0.3811 0.5900 0.0632 -0.1193 -0.0688 0.9885
1341848067.6267 0.7234 -0.3856 0.5902 0.0640 -0.1159 -0.0696 0.9887
1341848067.6590 0.7320 -0.3853 0.5883 0.0670 -0.1164 -0.0689 0.9886
1341848067.6949 0.7368 -0.3844 0.5878 0.0681 -0.1145 -0.0677 0.9888
1341848067.7267 0.7340 -0.3876 0.5869 0.0697 -0.1131 -0.0653 0.9890
1341848067.7587 0.7451 -0.3854 0.5849 0.0727 -0.1142 -0.0634 0.9888
1341848067.7948 0.7488 -0.3849 0.5838 0.0729 -0.1119 -0.0616 0.9891
1341848067.8268 0.7464 -0.3883 0.5828 0.0735 -0.1105 -0.0591 0.9894
1341848067.8628 0.7585 -0.3852 0.5821 0.0755 -0.1111 -0.0571 0.9893
