1311868164.4309 -0.0000 0.0031 -0.0050 -0.0013 -0.0021 -0.0025 1.0000
1311868164.4631 0.0031 0.0061 -0.0076 -0.0031 -0.0029 -0.0063 1.0000
1311868164.4991 0.0045 0.0054 -0.0093 -0.0048 -0.0011 -0.0103 0.9999
1311868164.5310 0.0047 0.0038 -0.0126 -0.0054 0.0023 -0.0113 0.9999
1311868164.5630 0.0081 0.0035 -0.0154 -0.0054 0.0042 -0.0118 0.9999
1311868164.5991 0.0123 0.0023 -0.0190 -0.0051 0.0044 -0.0134 0.9999
1311868164.6311 0.0153 0.0019 -0.0231 -0.0042 0.0051 -0.0145 0.9999
1311868164.6631 0.0192 0.0026 -0.0269 -0.0037 0.0040 -0.0146 0.9999
1311868164.6990 0.0213 0.0011 -0.0300 -0.0042 0.0025 -0.0147 0.9999
1311868164.7310 0.0257 0.0002 -0.0313 -0.0044 0.0009 -0.0146 0.9999
1311868164.7631 0.0298 0.0003 -0.0351 -0.0025 -0.0004 -0.0137 0.9999
1311868164.7991 0.0341 -0.0007 -0.0358 -0.0007 -0.0009 -0.0140 0.9999
1311868164.8310 0.0394 -0.0024 -0.0388 0.0033 -0.0007 -0.0144 0.9999
1311868164.8631 0.0453 -0.0025 -0.0422 0.0069 0.0006 -0.0158 0.9999
1311868164.8991 0.0504 -0.0044 -0.0445 0.0105 0.0025 -0.0166 0.9998
1311868164.9309 0.0547 -0.0008 -0.0484 0.0140 0.0041 -0.0195 0.9997
1311868164.9631 0.0600 -0.0027 -0.0523 0.0132 0.0041 -0.0208 0.9997
1311868164.9990 0.0613 -0.0045 -0.0535 0.0113 0.0034 -0.0212 0.9997
1311868165.0311 0.0677 -0.0052 -0.0562 0.0111 0.0003 -0.0214 0.9997
1311868165.0631 0.0738 -0.0063 -0.0609 0.0107 -0.0028 -0.0223 0.9997
1311868165.0992 0.0802 -0.0076 -0.0643 0.0104 -0.0051 -0.0242 0.9996
1311868165.1310 0.0854 -0.0074 -0.0667 0.0122 -0.0064 -0.0266 0.9996
1311868165.1631 0.0928 -0.0039 -0.0708 0.0149 -0.0080 -0.0303 0.9994
1311868165.1991 0.0999 -0.0031 -0.0751 0.0155 -0.0092 -0.0322 0.9993
1311868165.2312 0.1059 -0.0038 -0.0795 0.0149 -0.0097 -0.0338 0.9993
1311868165.2630 0.1119 -0.0012 -0.0825 0.0143 -0.0113 -0.0357 0.9992
1311868165.2991 0.1181 0.0027 -0.0871 0.0117 -0.0144 -0.0372 0.9991
1311868165.3312 0.1275 0.0024 -0.0902 0.0073 -0.0189 -0.0384 0.9991
1311868165.3631 0.1308 0.0032 -0.0930 0.0065 -0.0205 -0.0393 0.9990
1311868165.3992 0.1352 0.0035 -0.0959 0.0063 -0.0212 -0.0402 0.9989
1311868165.4310 0.1410 0.0090 -0.0980 0.0056 -0.0215 -0.0407 0.9989
1311868165.4631 0.1437 0.0104 -0.1002 0.0011 -0.0213 -0.0393 0.9990
1311868165.4992 0.1464 0.0100 -0.1030 -0.0039 -0.0221 -0.0376 0.9990
1311868165.5311 0.1496 0.0110 -0.1047 -0.0081 -0.0226 -0.0371 0.9990
1311868165.5631 0.1552 0.0101 -0.1074 -0.0120 -0.0225 -0.0360 0.9990
1311868165.5992 0.1569 0.0097 -0.1114 -0.0122 -0.0214 -0.0367 0.9990
1311868165.6312 0.1634 0.0094 -0.1150 -0.0117 -0.0209 -0.0384 0.9990
1311868165.6633 0.1711 0.0087 -0.1168 -0.0117 -0.0195 -0.0390 0.9990
1311868165.6992 0.1779 0.0083 -0.1198 -0.0111 -0.0177 -0.0398 0.9990
1311868165.7312 0.1810 0.0089 -0.1246 -0.0107 -0.0161 -0.0403 0.9990
1311868165.7631 0.1805 0.0102 -0.1305 -0.0109 -0.0131 -0.0392 0.9991
1311868165.7991 0.1823 0.0146 -0.1370 -0.0118 -0.0098 -0.0370 0.9992
1311868165.8312 0.1837 0.0163 -0.1450 -0.0140 -0.0073 -0.0361 0.9992
1311868165.8632 0.1884 0.0192 -0.1500 -0.0168 -0.0052 -0.0368 0.9992
1311868165.8992 0.1901 0.0198 -0.1543 -0.0187 -0.0018 -0.0371 0.9991
1311868165.9312 0.1893 0.0192 -0.1599 -0.0189 0.0022 -0.0363 0.9992
1311868165.9632 0.1867 0.0168 -0.1675 -0.0196 0.0061 -0.0357 0.9992
1311868165.9991 0.1855 0.0205 -0.1783 -0.0200 0.0090 -0.0338 0.9992
1311868166.0312 0.1851 0.0241 -0.1861 -0.0216 0.0123 -0.0295 0.9993
1311868166.0631 0.1859 0.0274 -0.1927 -0.0248 0.0149 -0.0256 0.9993
1311868166.0992 0.1809 0.0271 -0.1993 -0.0295 0.0176 -0.0248 0.9991
1311868166.1313 0.1803 0.0321 -0.2028 -0.0319 0.0184 -0.0256 0.9990
1311868166.1632 0.1780 0.0361 -0.2071 -0.0350 0.0193 -0.0261 0.9989
1311868166.1992 0.1760 0.0367 -0.2155 -0.0395 0.0213 -0.0265 0.9986
1311868166.2311 0.1746 0.0364 -0.2203 -0.0440 0.0233 -0.0260 0.9984
1311868166.2632 0.1729 0.0387 -0.2276 -0.0482 0.0260 -0.0242 0.9982
1311868166.2992 0.1752 0.0445 -0.2346 -0.0522 0.0286 -0.0203 0.9980
1311868166.3312 0.1754 0.0496 -0.2356 -0.0581 0.0305 -0.0184 0.9977
1311868166.3631 0.1738 0.0531 -0.2425 -0.0629 0.0310 -0.0186 0.9974
1311868166.3992 0.1739 0.0539 -0.2469 -0.0670 0.0314 -0.0191 0.9971
1311868166.4312 0.1773 0.0624 -0.2509 -0.0677 0.0325 -0.0218 0.9969
1311868166.4630 0.1854 0.0688 -0.2575 -0.0680 0.0341 -0.0231 0.9968
1311868166.4992 0.1817 0.0648 -0.2621 -0.0707 0.0391 -0.0223 0.9965
1311868166.5313 0.1851 0.0674 -0.2642 -0.0710 0.0409 -0.0220 0.9964
1311868166.5631 0.1884 0.0703 -0.2685 -0.0702 0.0413 -0.0226 0.9964
1311868166.5992 0.1903 0.0756 -0.2722 -0.0684 0.0418 -0.0231 0.9965
1311868166.6313 0.1932 0.0763 -0.2760 -0.0681 0.0413 -0.0226 0.9966
1311868166.6633 0.1993 0.0764 -0.2798 -0.0678 0.0406 -0.0221 0.9966
1311868166.6993 0.2058 0.0771 -0.2839 -0.0669 0.0399 -0.0203 0.9968
1311868166.7311 0.2079 0.0750 -0.2875 -0.0662 0.0399 -0.0187 0.9968
1311868166.7633 0.2143 0.0742 -0.2901 -0.0659 0.0385 -0.0185 0.9969
1311868166.7992 0.2200 0.0765 -0.2938 -0.0629 0.0369 -0.0186 0.9972
1311868166.8312 0.2230 0.0721 -0.2939 -0.0627 0.0358 -0.0195 0.9972
1311868166.8632 0.2346 0.0723 -0.2963 -0.0623 0.0321 -0.0203 0.9973
1311868166.8993 0.2448 0.0804 -0.2977 -0.0587 0.0291 -0.0234 0.9976
1311868166.9312 0.2569 0.0716 -0.3039 -0.0590 0.0263 -0.0247 0.9976
1311868166.9633 0.2673 0.0747 -0.3043 -0.0565 0.0240 -0.0275 0.9977
1311868166.9993 0.2788 0.0730 -0.3056 -0.0553 0.0208 -0.0312 0.9978
1311868167.0311 0.2905 0.0754 -0.3078 -0.0547 0.0166 -0.0341 0.9978
1311868167.0632 0.3079 0.0770 -0.3069 -0.0544 0.0105 -0.0369 0.9978
1311868167.0993 0.3141 0.0762 -0.3117 -0.0546 0.0077 -0.0389 0.9977
1311868167.1632 0.3354 0.0726 -0.3150 -0.0552 -0.0004 -0.0433 0.9975
1311868167.1993 0.3473 0.0720 -0.3126 -0.0538 -0.0053 -0.0465 0.9975
1311868167.2313 0.3641 0.0724 -0.3131 -0.0518 -0.0120 -0.0497 0.9974
1311868167.2633 0.3744 0.0701 -0.3142 -0.0513 -0.0169 -0.0534 0.9971
1311868167.2991 0.3837 0.0705 -0.3154 -0.0496 -0.0200 -0.0565 0.9970
1311868167.3311 0.3917 0.0692 -0.3171 -0.0497 -0.0218 -0.0576 0.9969
1311868167.3633 0.3990 0.0677 -0.3211 -0.0500 -0.0234 -0.0592 0.9967
1311868167.3992 0.4060 0.0674 -0.3217 -0.0503 -0.0245 -0.0601 0.9966
1311868167.4312 0.4126 0.0692 -0.3212 -0.0503 -0.0262 -0.0603 0.9966
1311868167.4633 0.4262 0.0703 -0.3193 -0.0501 -0.0300 -0.0601 0.9965
1311868167.4991 0.4276 0.0724 -0.3202 -0.0495 -0.0312 -0.0602 0.9965
1311868167.5313 0.4333 0.0671 -0.3224 -0.0500 -0.0331 -0.0618 0.9963
1311868167.5632 0.4418 0.0663 -0.3217 -0.0499 -0.0343 -0.0620 0.9962
1311868167.5992 0.4476 0.0659 -0.3216 -0.0499 -0.0350 -0.0620 0.9962
1311868167.6315 0.4515 0.0658 -0.3207 -0.0499 -0.0359 -0.0618 0.9962
1311868167.6634 0.4543 0.0655 -0.3216 -0.0500 -0.0367 -0.0621 0.9961
1311868167.6992 0.4541 0.0672 -0.3241 -0.0500 -0.0368 -0.0621 0.9961
1311868167.7312 0.4658 0.0681 -0.3172 -0.0527 -0.0394 -0.0633 0.9958
1311868167.7633 0.4660 0.0652 -0.3194 -0.0542 -0.0392 -0.0630 0.9958
1311868167.7992 0.4678 0.0650 -0.3202 -0.0552 -0.0392 -0.0631 0.9957
1311868167.8631 0.4761 0.0597 -0.3117 -0.0582 -0.0389 -0.0638 0.9955
1311868167.8994 0.4840 0.0576 -0.3091 -0.0562 -0.0390 -0.0608 0.9958
1311868167.9312 0.4821 0.0588 -0.3050 -0.0539 -0.0388 -0.0574 0.9961
1311868167.9993 0.4970 0.0530 -0.3011 -0.0533 -0.0418 -0.0536 0.9963
1311868168.0313 0.4959 0.0522 -0.2982 -0.0535 -0.0414 -0.0516 0.9964
1311868168.0632 0.4981 0.0497 -0.2954 -0.0539 -0.0415 -0.0511 0.9964
1311868168.0993 0.5034 0.0462 -0.2893 -0.0531 -0.0417 -0.0519 0.9964
1311868168.1312 0.5021 0.0450 -0.2855 -0.0520 -0.0410 -0.0521 0.9964
1311868168.1633 0.5036 0.0439 -0.2796 -0.0511 -0.0412 -0.0535 0.9964
1311868168.1992 0.5033 0.0432 -0.2761 -0.0497 -0.0411 -0.0556 0.9964
1311868168.2633 0.5058 0.0396 -0.2654 -0.0509 -0.0417 -0.0581 0.9961
1311868168.2996 0.5060 0.0375 -0.2634 -0.0523 -0.0427 -0.0581 0.9960
1311868168.3312 0.5055 0.0349 -0.2532 -0.0539 -0.0441 -0.0596 0.9958
1311868168.3632 0.5033 0.0263 -0.2461 -0.0563 -0.0451 -0.0601 0.9956
1311868168.3994 0.5029 0.0246 -0.2370 -0.0539 -0.0462 -0.0614 0.9956
1311868168.4312 0.5033 0.0162 -0.2296 -0.0521 -0.0476 -0.0644 0.9954
1311868168.4633 0.5026 0.0127 -0.2238 -0.0483 -0.0478 -0.0655 0.9955
1311868168.4993 0.5012 -0.0017 -0.2153 -0.0458 -0.0482 -0.0669 0.9955
1311868168.5633 0.5004 -0.0016 -0.2013 -0.0377 -0.0513 -0.0660 0.9958
1311868168.5994 0.5007 -0.0017 -0.1926 -0.0375 -0.0532 -0.0652 0.9957
1311868168.6633 0.4997 -0.0105 -0.1835 -0.0359 -0.0557 -0.0655 0.9957
1311868168.6996 0.5014 -0.0120 -0.1790 -0.0355 -0.0558 -0.0660 0.9956
1311868168.7633 0.5007 -0.0115 -0.1673 -0.0350 -0.0564 -0.0649 0.9957
1311868168.7994 0.4999 -0.0111 -0.1627 -0.0352 -0.0577 -0.0642 0.9956
1311868168.8312 0.5012 -0.0109 -0.1555 -0.0354 -0.0601 -0.0638 0.9955
1311868168.8993 0.5022 -0.0174 -0.1447 -0.0336 -0.0646 -0.0679 0.9950
1311868168.9312 0.5020 -0.0236 -0.1388 -0.0321 -0.0661 -0.0710 0.9948
1311868168.9633 0.5032 -0.0273 -0.1335 -0.0296 -0.0685 -0.0740 0.9945
1311868168.9994 0.5036 -0.0303 -0.1282 -0.0267 -0.0715 -0.0768 0.9941
1311868169.0312 0.5058 -0.0366 -0.1236 -0.0248 -0.0754 -0.0788 0.9937
1311868169.0634 0.5086 -0.0403 -0.1191 -0.0221 -0.0794 -0.0796 0.9934
1311868169.0993 0.5093 -0.0418 -0.1135 -0.0183 -0.0830 -0.0804 0.9931
1311868169.1312 0.5113 -0.0437 -0.1081 -0.0145 -0.0872 -0.0820 0.9927
1311868169.1995 0.5158 -0.0517 -0.0931 -0.0093 -0.0982 -0.0889 0.9911
1311868169.2314 0.5183 -0.0558 -0.0873 -0.0066 -0.1041 -0.0925 0.9902
1311868169.2633 0.5209 -0.0598 -0.0809 -0.0041 -0.1099 -0.0956 0.9893
1311868169.2995 0.5241 -0.0670 -0.0744 -0.0026 -0.1158 -0.0998 0.9882
1311868169.3313 0.5264 -0.0718 -0.0676 0.0010 -0.1214 -0.1045 0.9871
1311868169.3635 0.5284 -0.0764 -0.0603 0.0053 -0.1268 -0.1093 0.9859
1311868169.3994 0.5317 -0.0807 -0.0525 0.0095 -0.1332 -0.1142 0.9845
1311868169.4314 0.5345 -0.0861 -0.0459 0.0128 -0.1399 -0.1180 0.9830
1311868169.4632 0.5372 -0.0905 -0.0390 0.0164 -0.1464 -0.1213 0.9816
1311868169.4993 0.5420 -0.0962 -0.0349 0.0194 -0.1522 -0.1263 0.9801
1311868169.5314 0.5476 -0.1051 -0.0302 0.0220 -0.1565 -0.1313 0.9787
1311868169.5635 0.5512 -0.1112 -0.0258 0.0260 -0.1589 -0.1356 0.9776
1311868169.5994 0.5545 -0.1150 -0.0202 0.0311 -0.1608 -0.1390 0.9767
1311868169.6313 0.5576 -0.1181 -0.0135 0.0348 -0.1645 -0.1417 0.9755
1311868169.6632 0.5606 -0.1210 -0.0103 0.0378 -0.1700 -0.1443 0.9741
1311868169.6995 0.5648 -0.1252 -0.0077 0.0394 -0.1760 -0.1472 0.9725
1311868169.7313 0.5721 -0.1301 -0.0051 0.0405 -0.1809 -0.1499 0.9712
1311868169.7634 0.5783 -0.1375 -0.0012 0.0404 -0.1831 -0.1510 0.9706
1311868169.7994 0.5815 -0.1410 0.0027 0.0429 -0.1843 -0.1497 0.9705
1311868169.8314 0.5850 -0.1449 0.0052 0.0434 -0.1862 -0.1501 0.9700
1311868169.8634 0.5893 -0.1473 0.0068 0.0432 -0.1877 -0.1505 0.9697
1311868169.8994 0.5934 -0.1507 0.0087 0.0429 -0.1891 -0.1502 0.9695
1311868169.9313 0.5986 -0.1529 0.0082 0.0426 -0.1893 -0.1498 0.9695
1311868169.9634 0.6024 -0.1575 0.0097 0.0424 -0.1886 -0.1492 0.9697
1311868169.9994 0.6073 -0.1631 0.0112 0.0436 -0.1882 -0.1448 0.9704
1311868170.0313 0.6124 -0.1621 0.0114 0.0451 -0.1885 -0.1393 0.9711
1311868170.0635 0.6150 -0.1641 0.0102 0.0444 -0.1897 -0.1380 0.9711
1311868170.0994 0.6191 -0.1701 0.0106 0.0452 -0.1924 -0.1351 0.9709
1311868170.1313 0.6265 -0.1715 0.0072 0.0480 -0.1947 -0.1327 0.9707
1311868170.1634 0.6334 -0.1718 0.0038 0.0494 -0.1954 -0.1324 0.9705
1311868170.1993 0.6386 -0.1739 0.0003 0.0492 -0.1955 -0.1314 0.9706
1311868170.2315 0.6435 -0.1755 -0.0047 0.0485 -0.1954 -0.1287 0.9710
1311868170.2635 0.6483 -0.1725 -0.0094 0.0479 -0.1955 -0.1267 0.9713
1311868170.2994 0.6524 -0.1709 -0.0135 0.0477 -0.1955 -0.1285 0.9711
1311868170.3313 0.6597 -0.1689 -0.0190 0.0482 -0.1954 -0.1302 0.9709
1311868170.3634 0.6651 -0.1624 -0.0269 0.0488 -0.1944 -0.1325 0.9707
1311868170.3994 0.6695 -0.1571 -0.0337 0.0482 -0.1937 -0.1361 0.9704
1311868170.4313 0.6721 -0.1512 -0.0409 0.0481 -0.1940 -0.1395 0.9698
1311868170.4634 0.6782 -0.1443 -0.0484 0.0480 -0.1953 -0.1433 0.9690
1311868170.4995 0.6841 -0.1385 -0.0550 0.0478 -0.1957 -0.1459 0.9686
1311868170.5315 0.6891 -0.1307 -0.0602 0.0476 -0.1957 -0.1459 0.9686
1311868170.5633 0.6933 -0.1281 -0.0649 0.0477 -0.1959 -0.1453 0.9686
1311868170.5993 0.6993 -0.1208 -0.0722 0.0484 -0.1960 -0.1457 0.9685
1311868170.6315 0.7060 -0.1169 -0.0785 0.0470 -0.1959 -0.1469 0.9684
1311868170.6634 0.7132 -0.1100 -0.0826 0.0468 -0.1949 -0.1449 0.9689
1311868170.6994 0.7183 -0.1054 -0.0855 0.0447 -0.1942 -0.1435 0.9694
1311868170.7314 0.7231 -0.1020 -0.0879 0.0423 -0.1948 -0.1424 0.9695
1311868170.7635 0.7291 -0.1001 -0.0911 0.0396 -0.1961 -0.1413 0.9695
1311868170.7994 0.7332 -0.0984 -0.0934 0.0391 -0.1966 -0.1407 0.9695
1311868170.8313 0.7374 -0.0972 -0.0968 0.0391 -0.1968 -0.1408 0.9695
1311868170.8634 0.7416 -0.0945 -0.1004 0.0392 -0.1972 -0.1405 0.9695
1311868170.8994 0.7477 -0.0941 -0.1042 0.0392 -0.1970 -0.1401 0.9696
1311868170.9314 0.7544 -0.0967 -0.1059 0.0392 -0.1967 -0.1404 0.9696
1311868170.9634 0.7611 -0.0966 -0.1036 0.0410 -0.1955 -0.1423 0.9695
1311868170.9995 0.7639 -0.0938 -0.1061 0.0439 -0.1948 -0.1426 0.9694
1311868171.0315 0.7681 -0.0915 -0.1099 0.0439 -0.1968 -0.1428 0.9690
1311868171.0634 0.7725 -0.0873 -0.1144 0.0431 -0.1995 -0.1451 0.9681
1311868171.0994 0.7779 -0.0855 -0.1164 0.0428 -0.2016 -0.1457 0.9676
1311868171.1315 0.7839 -0.0843 -0.1179 0.0429 -0.2029 -0.1460 0.9673
1311868171.1634 0.7890 -0.0814 -0.1193 0.0432 -0.2033 -0.1464 0.9671
1311868171.1994 0.7931 -0.0813 -0.1185 0.0435 -0.2035 -0.1466 0.9670
1311868171.2314 0.7963 -0.0809 -0.1183 0.0436 -0.2040 -0.1472 0.9669
1311868171.2634 0.8014 -0.0788 -0.1191 0.0438 -0.2052 -0.1489 0.9663
1311868171.2994 0.8066 -0.0794 -0.1177 0.0436 -0.2071 -0.1499 0.9658
1311868171.3314 0.8123 -0.0765 -0.1170 0.0440 -0.2092 -0.1514 0.9651
1311868171.3635 0.8192 -0.0773 -0.1178 0.0435 -0.2116 -0.1537 0.9642
1311868171.3994 0.8270 -0.0782 -0.1170 0.0434 -0.2141 -0.1565 0.9632
1311868171.4635 0.8412 -0.0775 -0.1171 0.0431 -0.2182 -0.1606 0.9616
1311868171.4995 0.8487 -0.0766 -0.1184 0.0423 -0.2209 -0.1644 0.9604
1311868171.5315 0.8601 -0.0800 -0.1194 0.0416 -0.2238 -0.1674 0.9592
1311868171.5634 0.8701 -0.0809 -0.1184 0.0418 -0.2251 -0.1692 0.9586
1311868171.5995 0.8799 -0.0802 -0.1193 0.0420 -0.2259 -0.1705 0.9582
1311868171.6315 0.8874 -0.0781 -0.1176 0.0423 -0.2268 -0.1719 0.9577
1311868171.6634 0.8957 -0.0743 -0.1184 0.0427 -0.2284 -0.1746 0.9568
1311868171.6994 0.9042 -0.0734 -0.1202 0.0416 -0.2301 -0.1790 0.9557
1311868171.7315 0.9134 -0.0700 -0.1216 0.0415 -0.2311 -0.1820 0.9549
1311868171.7635 0.9207 -0.0668 -0.1221 0.0413 -0.2314 -0.1847 0.9543
1311868171.7995 0.9287 -0.0621 -0.1224 0.0407 -0.2318 -0.1877 0.9536
1311868171.8314 0.9376 -0.0630 -0.1211 0.0378 -0.2317 -0.1903 0.9533
1311868171.8996 0.9527 -0.0603 -0.1139 0.0319 -0.2319 -0.1932 0.9528
1311868171.9315 0.9574 -0.0589 -0.1104 0.0289 -0.2327 -0.1950 0.9524
1311868171.9996 0.9736 -0.0554 -0.1070 0.0262 -0.2334 -0.1983 0.9516
1311868172.0315 0.9791 -0.0528 -0.1061 0.0251 -0.2323 -0.2002 0.9515
1311868172.0634 0.9849 -0.0485 -0.1032 0.0243 -0.2324 -0.1997 0.9516
1311868172.0995 0.9907 -0.0475 -0.1007 0.0209 -0.2334 -0.1998 0.9514
1311868172.1315 0.9958 -0.0462 -0.0987 0.0175 -0.2339 -0.1999 0.9513
1311868172.1636 1.0005 -0.0458 -0.0968 0.0139 -0.2339 -0.2004 0.9513
1311868172.1998 1.0040 -0.0439 -0.0950 0.0109 -0.2330 -0.2012 0.9514
1311868172.2635 1.0176 -0.0448 -0.0886 0.0079 -0.2325 -0.2034 0.9511
1311868172.2995 1.0197 -0.0419 -0.0882 0.0054 -0.2313 -0.2048 0.9511
1311868172.3635 1.0285 -0.0394 -0.0819 -0.0008 -0.2308 -0.2087 0.9504
1311868172.3995 1.0337 -0.0406 -0.0777 -0.0043 -0.2301 -0.2105 0.9501
1311868172.4635 1.0443 -0.0395 -0.0693 -0.0100 -0.2259 -0.2136 0.9504
1311868172.4995 1.0491 -0.0379 -0.0622 -0.0122 -0.2240 -0.2156 0.9504
1311868172.5636 1.0529 -0.0302 -0.0545 -0.0170 -0.2191 -0.2163 0.9513
1311868172.5996 1.0571 -0.0283 -0.0469 -0.0200 -0.2182 -0.2162 0.9514
1311868172.6316 1.0629 -0.0279 -0.0429 -0.0229 -0.2170 -0.2175 0.9514
1311868172.6636 1.0699 -0.0276 -0.0376 -0.0261 -0.2158 -0.2169 0.9517
1311868172.6996 1.0783 -0.0301 -0.0309 -0.0304 -0.2144 -0.2160 0.9521
1311868172.7635 1.0813 -0.0231 -0.0172 -0.0402 -0.2086 -0.2148 0.9533
1311868172.7996 1.0838 -0.0247 -0.0038 -0.0454 -0.2066 -0.2149 0.9534
1311868172.8635 1.0879 -0.0207 0.0126 -0.0520 -0.2034 -0.2168 0.9534
1311868172.8995 1.0885 -0.0229 0.0242 -0.0554 -0.2032 -0.2175 0.9531
1311868172.9316 1.0896 -0.0232 0.0343 -0.0576 -0.2035 -0.2186 0.9526
1311868172.9636 1.0926 -0.0314 0.0473 -0.0605 -0.2042 -0.2200 0.9520
1311868172.9996 1.0927 -0.0344 0.0529 -0.0609 -0.2036 -0.2220 0.9516
1311868173.0675 1.0984 -0.0392 0.0685 -0.0609 -0.2010 -0.2242 0.9517
1311868173.0996 1.0997 -0.0419 0.0753 -0.0612 -0.1995 -0.2244 0.9519
1311868173.1315 1.1002 -0.0438 0.0827 -0.0622 -0.1988 -0.2253 0.9518
1311868173.1675 1.0981 -0.0465 0.0906 -0.0631 -0.1981 -0.2280 0.9512
1311868173.1996 1.0957 -0.0490 0.0964 -0.0620 -0.1977 -0.2304 0.9508
1311868173.2315 1.1045 -0.0633 0.1011 -0.0612 -0.2003 -0.2335 0.9495
1311868173.2677 1.0976 -0.0583 0.1009 -0.0567 -0.1967 -0.2354 0.9501
1311868173.2997 1.1005 -0.0656 0.1110 -0.0554 -0.1965 -0.2327 0.9509
1311868173.3315 1.1017 -0.0688 0.1144 -0.0548 -0.1967 -0.2307 0.9514
1311868173.3677 1.1001 -0.0667 0.1184 -0.0542 -0.1974 -0.2285 0.9518
1311868173.3996 1.1056 -0.0758 0.1233 -0.0553 -0.2006 -0.2283 0.9511
1311868173.4316 1.1046 -0.0798 0.1301 -0.0542 -0.2009 -0.2298 0.9507
1311868173.4676 1.1044 -0.0778 0.1330 -0.0518 -0.1998 -0.2282 0.9515
1311868173.5316 1.1087 -0.0798 0.1406 -0.0504 -0.2012 -0.2238 0.9523
1311868173.5676 1.1107 -0.0846 0.1499 -0.0520 -0.2027 -0.2233 0.9520
1311868173.6316 1.1140 -0.0854 0.1583 -0.0522 -0.2038 -0.2238 0.9517
1311868173.6680 1.1169 -0.0904 0.1621 -0.0524 -0.2051 -0.2248 0.9511
1311868173.6997 1.1190 -0.0928 0.1665 -0.0521 -0.2072 -0.2243 0.9508
1311868173.7316 1.1195 -0.0950 0.1729 -0.0514 -0.2103 -0.2263 0.9497
1311868173.7676 1.1257 -0.1043 0.1775 -0.0517 -0.2152 -0.2289 0.9480
1311868173.7995 1.1228 -0.1065 0.1861 -0.0489 -0.2173 -0.2303 0.9473
1311868173.8316 1.1279 -0.1108 0.1952 -0.0464 -0.2231 -0.2305 0.9460
1311868173.8675 1.1277 -0.1102 0.1946 -0.0437 -0.2277 -0.2355 0.9438
1311868173.9316 1.1334 -0.1198 0.2020 -0.0377 -0.2371 -0.2460 0.9391
1311868173.9676 1.1370 -0.1258 0.2045 -0.0343 -0.2413 -0.2511 0.9368
1311868173.9997 1.1404 -0.1259 0.2074 -0.0287 -0.2455 -0.2576 0.9341
1311868174.0317 1.1477 -0.1345 0.2101 -0.0268 -0.2510 -0.2620 0.9315
1311868174.0677 1.1527 -0.1406 0.2139 -0.0255 -0.2554 -0.2648 0.9295
1311868174.0995 1.1593 -0.1455 0.2183 -0.0246 -0.2599 -0.2656 0.9281
1311868174.1317 1.1640 -0.1464 0.2174 -0.0229 -0.2618 -0.2681 0.9269
1311868174.1679 1.1660 -0.1535 0.2221 -0.0214 -0.2634 -0.2708 0.9257
1311868174.2316 1.1807 -0.1656 0.2309 -0.0175 -0.2678 -0.2739 0.9235
1311868174.2678 1.1817 -0.1650 0.2291 -0.0150 -0.2682 -0.2772 0.9225
1311868174.2997 1.1912 -0.1737 0.2349 -0.0144 -0.2715 -0.2781 0.9213
1311868174.3318 1.1966 -0.1782 0.2391 -0.0144 -0.2740 -0.2793 0.9202
1311868174.3680 1.1985 -0.1776 0.2440 -0.0135 -0.2755 -0.2809 0.9193
1311868174.3997 1.2005 -0.1772 0.2466 -0.0125 -0.2766 -0.2827 0.9184
1311868174.4318 1.2035 -0.1775 0.2494 -0.0117 -0.2781 -0.2836 0.9177
1311868174.4676 1.2033 -0.1746 0.2522 -0.0106 -0.2790 -0.2846 0.9171
1311868174.4997 1.2072 -0.1770 0.2569 -0.0101 -0.2830 -0.2868 0.9152
1311868174.5317 1.2105 -0.1782 0.2560 -0.0097 -0.2859 -0.2888 0.9136
1311868174.5676 1.2097 -0.1814 0.2573 -0.0101 -0.2877 -0.2892 0.9130
1311868174.5997 1.2124 -0.1867 0.2611 -0.0109 -0.2905 -0.2878 0.9125
1311868174.6318 1.2187 -0.1918 0.2680 -0.0110 -0.2938 -0.2847 0.9124
1311868174.6678 1.2220 -0.2019 0.2734 -0.0122 -0.2964 -0.2827 0.9122
1311868174.6996 1.2197 -0.2062 0.2765 -0.0124 -0.2974 -0.2809 0.9124
1311868174.7316 1.2191 -0.2064 0.2769 -0.0096 -0.2985 -0.2812 0.9120
1311868174.7677 1.2170 -0.2123 0.2850 -0.0062 -0.3002 -0.2808 0.9116
1311868174.7998 1.2166 -0.2155 0.2878 -0.0027 -0.3013 -0.2793 0.9117
1311868174.8318 1.2156 -0.2166 0.2886 0.0009 -0.3022 -0.2781 0.9118
1311868174.8678 1.2152 -0.2192 0.2879 0.0043 -0.3032 -0.2771 0.9117
1311868174.8997 1.2150 -0.2235 0.2894 0.0080 -0.3037 -0.2769 0.9116
1311868174.9318 1.2114 -0.2290 0.2977 0.0119 -0.3027 -0.2762 0.9121
1311868174.9677 1.2080 -0.2282 0.2945 0.0164 -0.3008 -0.2748 0.9131
1311868174.9998 1.2057 -0.2286 0.3027 0.0211 -0.3008 -0.2728 0.9136
1311868175.0317 1.2033 -0.2317 0.3018 0.0246 -0.3009 -0.2729 0.9134
1311868175.0677 1.2030 -0.2332 0.3015 0.0287 -0.3011 -0.2728 0.9133
1311868175.0996 1.2014 -0.2357 0.3013 0.0324 -0.3010 -0.2724 0.9133
1311868175.1317 1.1937 -0.2414 0.3049 0.0359 -0.3012 -0.2727 0.9130
1311868175.1678 1.1849 -0.2506 0.3067 0.0416 -0.3021 -0.2744 0.9120
1311868175.1996 1.1778 -0.2632 0.3091 0.0511 -0.3033 -0.2765 0.9105
1311868175.2318 1.1749 -0.2707 0.3130 0.0637 -0.3045 -0.2757 0.9095
1311868175.2678 1.1727 -0.2744 0.3166 0.0743 -0.3059 -0.2716 0.9095
1311868175.3000 1.1702 -0.2733 0.3199 0.0817 -0.3085 -0.2659 0.9097
1311868175.3319 1.1673 -0.2687 0.3235 0.0850 -0.3124 -0.2607 0.9095
1311868175.3677 1.1647 -0.2757 0.3270 0.0838 -0.3173 -0.2564 0.9091
1311868175.4000 1.1611 -0.2779 0.3286 0.0856 -0.3204 -0.2537 0.9087
1311868175.4320 1.1577 -0.2793 0.3330 0.0890 -0.3225 -0.2515 0.9082
1311868175.4677 1.1558 -0.2875 0.3377 0.0917 -0.3242 -0.2488 0.9081
1311868175.4998 1.1553 -0.2933 0.3451 0.0969 -0.3260 -0.2450 0.9079
1311868175.5318 1.1527 -0.2939 0.3479 0.1008 -0.3270 -0.2426 0.9078
1311868175.5678 1.1507 -0.2950 0.3520 0.1027 -0.3293 -0.2390 0.9077
1311868175.5999 1.1507 -0.3026 0.3589 0.1023 -0.3340 -0.2362 0.9067
1311868175.6318 1.1513 -0.3104 0.3641 0.1037 -0.3375 -0.2366 0.9052
1311868175.6677 1.1534 -0.3137 0.3681 0.1075 -0.3395 -0.2360 0.9042
1311868175.6998 1.1547 -0.3174 0.3707 0.1112 -0.3405 -0.2350 0.9036
1311868175.7317 1.1560 -0.3188 0.3748 0.1151 -0.3418 -0.2338 0.9029
1311868175.7676 1.1557 -0.3230 0.3797 0.1179 -0.3440 -0.2342 0.9016
1311868175.7998 1.1582 -0.3267 0.3844 0.1207 -0.3473 -0.2340 0.9000
1311868175.8318 1.1610 -0.3318 0.3868 0.1218 -0.3505 -0.2355 0.8982
1311868175.8677 1.1624 -0.3424 0.3910 0.1226 -0.3542 -0.2373 0.8962
1311868175.8997 1.1663 -0.3501 0.3942 0.1244 -0.3579 -0.2393 0.8940
1311868175.9316 1.1691 -0.3536 0.3956 0.1264 -0.3606 -0.2424 0.8918
1311868175.9679 1.1716 -0.3575 0.3954 0.1272 -0.3637 -0.2455 0.8896
1311868175.9999 1.1747 -0.3629 0.3994 0.1264 -0.3681 -0.2476 0.8873
1311868176.0320 1.1788 -0.3683 0.4090 0.1257 -0.3732 -0.2498 0.8846
1311868176.0679 1.1857 -0.3761 0.4172 0.1257 -0.3782 -0.2538 0.8813
1311868176.0998 1.1920 -0.3818 0.4261 0.1260 -0.3826 -0.2580 0.8782
1311868176.1317 1.1971 -0.3899 0.4343 0.1257 -0.3865 -0.2619 0.8753
1311868176.1680 1.2041 -0.3971 0.4434 0.1257 -0.3907 -0.2651 0.8725
1311868176.1999 1.2130 -0.4043 0.4530 0.1250 -0.3946 -0.2672 0.8702
1311868176.2319 1.2216 -0.4053 0.4573 0.1247 -0.3969 -0.2701 0.8683
1311868176.2678 1.2280 -0.4080 0.4619 0.1223 -0.3986 -0.2732 0.8669
1311868176.2998 1.2335 -0.4114 0.4666 0.1205 -0.3998 -0.2774 0.8653
1311868176.3319 1.2405 -0.4135 0.4727 0.1195 -0.4002 -0.2821 0.8637
1311868176.3678 1.2465 -0.4147 0.4787 0.1183 -0.3999 -0.2856 0.8628
1311868176.3999 1.2500 -0.4189 0.4876 0.1147 -0.4000 -0.2879 0.8625
1311868176.4317 1.2529 -0.4230 0.4949 0.1107 -0.4001 -0.2900 0.8623
1311868176.4679 1.2566 -0.4265 0.5035 0.1068 -0.4001 -0.2920 0.8621
1311868176.4998 1.2596 -0.4297 0.5098 0.1032 -0.3996 -0.2938 0.8622
1311868176.5319 1.2629 -0.4321 0.5171 0.0997 -0.3992 -0.2954 0.8622
1311868176.5678 1.2661 -0.4330 0.5224 0.0980 -0.3987 -0.2987 0.8615
1311868176.6021 1.2697 -0.4322 0.5261 0.0976 -0.3985 -0.3011 0.8608
1311868176.6317 1.2751 -0.4290 0.5321 0.0959 -0.3992 -0.3011 0.8607
1311868176.6678 1.2765 -0.4336 0.5373 0.0919 -0.4000 -0.3000 0.8611
1311868176.6998 1.2809 -0.4347 0.5439 0.0895 -0.4013 -0.2981 0.8614
1311868176.7318 1.2824 -0.4406 0.5493 0.0871 -0.4019 -0.2979 0.8615
1311868176.7678 1.2839 -0.4420 0.5520 0.0873 -0.4019 -0.2982 0.8613
1311868176.7997 1.2863 -0.4430 0.5539 0.0881 -0.4021 -0.2991 0.8609
1311868176.8319 1.2884 -0.4460 0.5582 0.0882 -0.4024 -0.2992 0.8607
1311868176.8678 1.2896 -0.4485 0.5632 0.0876 -0.4027 -0.2985 0.8608
1311868176.8998 1.2900 -0.4525 0.5716 0.0867 -0.4027 -0.2980 0.8611
1311868176.9318 1.2923 -0.4565 0.5771 0.0868 -0.4017 -0.2977 0.8617
1311868176.9679 1.2930 -0.4569 0.5832 0.0876 -0.4006 -0.2974 0.8622
1311868176.9999 1.2939 -0.4596 0.5918 0.0879 -0.4008 -0.2975 0.8620
1311868177.0320 1.2928 -0.4624 0.5989 0.0877 -0.4006 -0.2983 0.8619
1311868177.0679 1.2911 -0.4641 0.6044 0.0866 -0.4005 -0.2992 0.8617
1311868177.0997 1.2875 -0.4691 0.6120 0.0857 -0.4003 -0.3016 0.8611
1311868177.1319 1.2884 -0.4733 0.6212 0.0861 -0.3996 -0.3024 0.8611
1311868177.1681 1.2875 -0.4761 0.6264 0.0877 -0.3975 -0.3038 0.8614
1311868177.1999 1.2870 -0.4781 0.6313 0.0896 -0.3950 -0.3053 0.8618
1311868177.2319 1.2878 -0.4794 0.6378 0.0909 -0.3935 -0.3057 0.8622
1311868177.2678 1.2870 -0.4786 0.6438 0.0917 -0.3926 -0.3054 0.8627
1311868177.2999 1.2838 -0.4812 0.6498 0.0905 -0.3927 -0.3055 0.8627
1311868177.3317 1.2821 -0.4834 0.6558 0.0898 -0.3935 -0.3059 0.8623
1311868177.3679 1.2821 -0.4851 0.6615 0.0897 -0.3942 -0.3061 0.8619
1311868177.4000 1.2801 -0.4933 0.6663 0.0913 -0.3936 -0.3086 0.8611
1311868177.4318 1.2800 -0.4950 0.6685 0.0955 -0.3913 -0.3115 0.8607
1311868177.4678 1.2814 -0.4958 0.6718 0.0965 -0.3893 -0.3113 0.8615
1311868177.4998 1.2807 -0.4948 0.6789 0.0954 -0.3880 -0.3083 0.8633
1311868177.5318 1.2799 -0.4930 0.6849 0.0916 -0.3877 -0.3083 0.8639
1311868177.5679 1.2770 -0.4976 0.6921 0.0861 -0.3877 -0.3102 0.8638
1311868177.5997 1.2766 -0.4978 0.6984 0.0827 -0.3871 -0.3124 0.8635
1311868177.6321 1.2738 -0.5013 0.7034 0.0819 -0.3854 -0.3172 0.8626
1311868177.6679 1.2741 -0.5021 0.7081 0.0828 -0.3836 -0.3211 0.8619
1311868177.6999 1.2724 -0.5068 0.7150 0.0827 -0.3825 -0.3223 0.8620
1311868177.7320 1.2744 -0.5037 0.7202 0.0821 -0.3827 -0.3224 0.8619
1311868177.7679 1.2730 -0.5069 0.7254 0.0788 -0.3841 -0.3229 0.8614
1311868177.7999 1.2715 -0.5106 0.7325 0.0765 -0.3876 -0.3226 0.8601
1311868177.8320 1.2732 -0.5138 0.7400 0.0751 -0.3923 -0.3235 0.8578
1311868177.8678 1.2763 -0.5203 0.7484 0.0734 -0.3971 -0.3250 0.8552
1311868177.8999 1.2804 -0.5248 0.7557 0.0724 -0.4007 -0.3261 0.8532
1311868177.9319 1.2854 -0.5282 0.7618 0.0719 -0.4041 -0.3280 0.8508
1311868177.9679 1.2853 -0.5311 0.7676 0.0712 -0.4068 -0.3337 0.8474
1311868178.0001 1.2915 -0.5316 0.7712 0.0713 -0.4105 -0.3370 0.8443
1311868178.0320 1.2964 -0.5286 0.7744 0.0708 -0.4145 -0.3404 0.8410
1311868178.0680 1.3018 -0.5332 0.7810 0.0668 -0.4202 -0.3436 0.8372
1311868178.1000 1.3051 -0.5355 0.7843 0.0649 -0.4244 -0.3491 0.8330
1311868178.1320 1.3138 -0.5403 0.7904 0.0643 -0.4294 -0.3541 0.8283
1311868178.1680 1.3191 -0.5449 0.7945 0.0649 -0.4323 -0.3588 0.8247
1311868178.1999 1.3257 -0.5494 0.7993 0.0656 -0.4338 -0.3616 0.8226
1311868178.2320 1.3313 -0.5530 0.8041 0.0684 -0.4335 -0.3654 0.8209
1311868178.2680 1.3376 -0.5590 0.8072 0.0710 -0.4322 -0.3685 0.8200
1311868178.2998 1.3446 -0.5578 0.8104 0.0735 -0.4316 -0.3701 0.8194
1311868178.3322 1.3504 -0.5561 0.8129 0.0740 -0.4329 -0.3709 0.8183
1311868178.3680 1.3561 -0.5528 0.8157 0.0722 -0.4354 -0.3724 0.8164
1311868178.4001 1.3590 -0.5543 0.8180 0.0671 -0.4381 -0.3745 0.8145
1311868178.4322 1.3631 -0.5547 0.8214 0.0629 -0.4414 -0.3743 0.8131
1311868178.4679 1.3674 -0.5563 0.8216 0.0598 -0.4447 -0.3750 0.8112
1311868178.5001 1.3719 -0.5584 0.8231 0.0553 -0.4474 -0.3759 0.8096
1311868178.5319 1.3762 -0.5624 0.8233 0.0523 -0.4498 -0.3746 0.8091
1311868178.5679 1.3834 -0.5593 0.8253 0.0514 -0.4519 -0.3743 0.8081
1311868178.6001 1.3874 -0.5620 0.8235 0.0499 -0.4530 -0.3749 0.8073
1311868178.6320 1.3904 -0.5637 0.8221 0.0487 -0.4539 -0.3743 0.8071
1311868178.6680 1.3970 -0.5634 0.8204 0.0478 -0.4556 -0.3739 0.8064
1311868178.6999 1.4054 -0.5603 0.8205 0.0465 -0.4576 -0.3736 0.8055
1311868178.7319 1.4122 -0.5596 0.8206 0.0456 -0.4588 -0.3731 0.8051
1311868178.7679 1.4175 -0.5599 0.8191 0.0449 -0.4594 -0.3726 0.8051
1311868178.8000 1.4226 -0.5607 0.8161 0.0444 -0.4599 -0.3724 0.8049
1311868178.8320 1.4313 -0.5585 0.8132 0.0438 -0.4605 -0.3714 0.8051
1311868178.8679 1.4411 -0.5558 0.8118 0.0419 -0.4611 -0.3696 0.8056
1311868178.9000 1.4507 -0.5539 0.8108 0.0407 -0.4615 -0.3685 0.8059
1311868178.9323 1.4584 -0.5527 0.8078 0.0406 -0.4618 -0.3681 0.8060
1311868178.9679 1.4665 -0.5533 0.8041 0.0406 -0.4619 -0.3683 0.8058
1311868179.0000 1.4772 -0.5546 0.8003 0.0407 -0.4612 -0.3676 0.8065
1311868179.0322 1.4886 -0.5539 0.7951 0.0405 -0.4598 -0.3658 0.8082
1311868179.0678 1.4992 -0.5481 0.7909 0.0391 -0.4583 -0.3643 0.8097
1311868179.1001 1.5082 -0.5446 0.7844 0.0359 -0.4579 -0.3634 0.8106
1311868179.1320 1.5162 -0.5443 0.7787 0.0322 -0.4586 -0.3647 0.8097
1311868179.1680 1.5266 -0.5461 0.7758 0.0323 -0.4598 -0.3677 0.8077
1311868179.2002 1.5375 -0.5477 0.7731 0.0343 -0.4597 -0.3698 0.8066
1311868179.2320 1.5499 -0.5452 0.7695 0.0364 -0.4579 -0.3721 0.8066
1311868179.2681 1.5616 -0.5445 0.7636 0.0339 -0.4542 -0.3719 0.8089
1311868179.3005 1.5705 -0.5418 0.7576 0.0285 -0.4506 -0.3687 0.8126
1311868179.3331 1.5788 -0.5369 0.7562 0.0232 -0.4493 -0.3668 0.8143
1311868179.3681 1.5859 -0.5388 0.7524 0.0186 -0.4494 -0.3683 0.8137
1311868179.4001 1.5961 -0.5381 0.7506 0.0155 -0.4495 -0.3707 0.8126
1311868179.4322 1.6027 -0.5419 0.7503 0.0129 -0.4477 -0.3732 0.8125
1311868179.4680 1.6150 -0.5419 0.7492 0.0139 -0.4448 -0.3735 0.8139
1311868179.5001 1.6241 -0.5399 0.7498 0.0150 -0.4412 -0.3733 0.8159
1311868179.5322 1.6352 -0.5354 0.7472 0.0150 -0.4384 -0.3725 0.8179
1311868179.5680 1.6441 -0.5334 0.7450 0.0128 -0.4365 -0.3724 0.8189
1311868179.6002 1.6524 -0.5308 0.7452 0.0102 -0.4351 -0.3732 0.8193
1311868179.6320 1.6587 -0.5334 0.7450 0.0080 -0.4332 -0.3740 0.8200
1311868179.6682 1.6681 -0.5331 0.7446 0.0080 -0.4310 -0.3749 0.8208
1311868179.7002 1.6724 -0.5400 0.7422 0.0061 -0.4283 -0.3755 0.8219
1311868179.7322 1.6862 -0.5341 0.7408 0.0086 -0.4262 -0.3757 0.8229
1311868179.7683 1.6923 -0.5343 0.7423 0.0074 -0.4251 -0.3750 0.8238
1311868179.8001 1.7014 -0.5319 0.7410 0.0076 -0.4250 -0.3742 0.8242
1311868179.8321 1.7051 -0.5363 0.7421 0.0052 -0.4252 -0.3763 0.8231
1311868179.8678 1.7108 -0.5440 0.7422 0.0033 -0.4262 -0.3776 0.8221
1311868179.8999 1.7233 -0.5403 0.7427 0.0052 -0.4273 -0.3796 0.8206
1311868179.9320 1.7297 -0.5420 0.7448 0.0056 -0.4283 -0.3817 0.8190
1311868179.9680 1.7340 -0.5452 0.7463 0.0051 -0.4296 -0.3820 0.8182
1311868180.0000 1.7425 -0.5465 0.7465 0.0054 -0.4322 -0.3839 0.8159
1311868180.0319 1.7524 -0.5467 0.7452 0.0059 -0.4347 -0.3869 0.8132
1311868180.0681 1.7611 -0.5505 0.7493 0.0052 -0.4373 -0.3892 0.8107
1311868180.1001 1.7698 -0.5517 0.7508 0.0041 -0.4380 -0.3892 0.8103
1311868180.1319 1.7735 -0.5576 0.7519 0.0010 -0.4380 -0.3909 0.8095
1311868180.1681 1.7842 -0.5583 0.7553 -0.0006 -0.4394 -0.3909 0.8088
1311868180.2000 1.7889 -0.5628 0.7561 -0.0028 -0.4402 -0.3918 0.8079
1311868180.2322 1.7995 -0.5632 0.7591 -0.0037 -0.4421 -0.3918 0.8069
1311868180.2680 1.8060 -0.5660 0.7600 -0.0058 -0.4429 -0.3930 0.8058
1311868180.3000 1.8144 -0.5661 0.7594 -0.0070 -0.4438 -0.3928 0.8054
1311868180.3319 1.8175 -0.5723 0.7610 -0.0105 -0.4449 -0.3953 0.8035
1311868180.3681 1.8286 -0.5643 0.7655 -0.0094 -0.4467 -0.3959 0.8023
1311868180.4001 1.8296 -0.5751 0.7660 -0.0141 -0.4478 -0.3981 0.8005
1311868180.4320 1.8413 -0.5710 0.7708 -0.0144 -0.4503 -0.3984 0.7989
1311868180.4681 1.8462 -0.5737 0.7732 -0.0178 -0.4515 -0.4000 0.7974
1311868180.5001 1.8442 -0.5769 0.7714 -0.0215 -0.4514 -0.4013 0.7967
1311868180.5319 1.8542 -0.5763 0.7769 -0.0227 -0.4532 -0.4019 0.7953
1311868180.5680 1.8583 -0.5750 0.7787 -0.0230 -0.4536 -0.4025 0.7948
1311868180.6000 1.8616 -0.5769 0.7804 -0.0240 -0.4532 -0.4045 0.7940
1311868180.6321 1.8632 -0.5849 0.7806 -0.0263 -0.4531 -0.4050 0.7938
1311868180.6682 1.8734 -0.5800 0.7813 -0.0250 -0.4529 -0.4047 0.7940
1311868180.7002 1.8753 -0.5806 0.7840 -0.0256 -0.4528 -0.4046 0.7941
1311868180.7321 1.8769 -0.5860 0.7884 -0.0275 -0.4528 -0.4052 0.7937
1311868180.7682 1.8765 -0.5895 0.7850 -0.0272 -0.4517 -0.4052 0.7944
1311868180.8002 1.8858 -0.5909 0.7893 -0.0255 -0.4522 -0.4044 0.7946
1311868180.8320 1.8844 -0.6014 0.7875 -0.0261 -0.4509 -0.4039 0.7956
1311868180.8680 1.8823 -0.6055 0.7860 -0.0255 -0.4488 -0.4043 0.7966
1311868180.9000 1.8879 -0.6055 0.7935 -0.0240 -0.4488 -0.4034 0.7970
1311868180.9321 1.8926 -0.6053 0.8012 -0.0230 -0.4485 -0.4015 0.7982
1311868180.9680 1.8960 -0.6025 0.8014 -0.0213 -0.4472 -0.3982 0.8006
1311868181.0000 1.9004 -0.6116 0.8008 -0.0213 -0.4472 -0.3982 0.8006
1311868181.0322 1.8993 -0.6157 0.8024 -0.0206 -0.4460 -0.3987 0.8010
1311868181.0682 1.8959 -0.6151 0.8074 -0.0190 -0.4440 -0.3972 0.8030
1311868181.1001 1.9006 -0.6144 0.8093 -0.0176 -0.4425 -0.3955 0.8047
1311868181.1320 1.8988 -0.6128 0.8100 -0.0164 -0.4403 -0.3952 0.8060
1311868181.1680 1.9017 -0.6177 0.8130 -0.0165 -0.4401 -0.3945 0.8065
1311868181.2000 1.9018 -0.6201 0.8159 -0.0167 -0.4396 -0.3949 0.8066
1311868181.2321 1.9021 -0.6212 0.8187 -0.0166 -0.4392 -0.3946 0.8069
1311868181.2680 1.9013 -0.6220 0.8219 -0.0168 -0.4383 -0.3949 0.8073
1311868181.3001 1.8980 -0.6285 0.8231 -0.0183 -0.4371 -0.3972 0.8068
1311868181.3321 1.8951 -0.6278 0.8272 -0.0176 -0.4359 -0.3987 0.8067
1311868181.3680 1.8932 -0.6287 0.8317 -0.0162 -0.4347 -0.4002 0.8066
1311868181.4001 1.8903 -0.6321 0.8351 -0.0159 -0.4333 -0.4006 0.8071
1311868181.4324 1.8870 -0.6309 0.8368 -0.0155 -0.4319 -0.3999 0.8082
1311868181.4680 1.8844 -0.6343 0.8377 -0.0172 -0.4314 -0.3991 0.8089
1311868181.5003 1.8816 -0.6365 0.8428 -0.0187 -0.4318 -0.3987 0.8088
1311868181.5322 1.8768 -0.6371 0.8483 -0.0193 -0.4312 -0.3995 0.8088
1311868181.5682 1.8724 -0.6399 0.8517 -0.0190 -0.4302 -0.4002 0.8089
1311868181.6001 1.8661 -0.6418 0.8555 -0.0179 -0.4293 -0.4015 0.8088
1311868181.6324 1.8603 -0.6453 0.8580 -0.0175 -0.4284 -0.4017 0.8092
1311868181.6680 1.8582 -0.6459 0.8637 -0.0173 -0.4288 -0.4001 0.8098
1311868181.7000 1.8478 -0.6492 0.8676 -0.0188 -0.4281 -0.3993 0.8105
1311868181.7326 1.8397 -0.6535 0.8716 -0.0201 -0.4286 -0.3977 0.8110
1311868181.7681 1.8315 -0.6551 0.8785 -0.0198 -0.4293 -0.3978 0.8106
1311868181.8001 1.8211 -0.6601 0.8833 -0.0195 -0.4289 -0.3976 0.8109
1311868181.8322 1.8123 -0.6630 0.8874 -0.0174 -0.4284 -0.3977 0.8112
1311868181.8681 1.8065 -0.6637 0.8929 -0.0157 -0.4281 -0.3968 0.8118
1311868181.9002 1.7954 -0.6681 0.8948 -0.0149 -0.4263 -0.3985 0.8120
1311868181.9321 1.7859 -0.6707 0.9012 -0.0137 -0.4253 -0.3980 0.8127
1311868181.9682 1.7753 -0.6751 0.9055 -0.0136 -0.4246 -0.3973 0.8134
1311868182.0002 1.7622 -0.6807 0.9088 -0.0126 -0.4242 -0.3979 0.8134
1311868182.0322 1.7530 -0.6813 0.9124 -0.0100 -0.4249 -0.3974 0.8132
1311868182.0682 1.7436 -0.6836 0.9157 -0.0087 -0.4259 -0.3966 0.8132
1311868182.1002 1.7324 -0.6874 0.9213 -0.0087 -0.4265 -0.3959 0.8132
1311868182.1362 1.7225 -0.6934 0.9262 -0.0093 -0.4268 -0.3943 0.8138
1311868182.1681 1.7153 -0.6909 0.9321 -0.0075 -0.4264 -0.3922 0.8150
1311868182.2003 1.7067 -0.6960 0.9367 -0.0083 -0.4262 -0.3912 0.8156
1311868182.2362 1.6950 -0.7005 0.9433 -0.0083 -0.4258 -0.3912 0.8158
1311868182.2681 1.6903 -0.6997 0.9484 -0.0059 -0.4260 -0.3906 0.8161
1311868182.3002 1.6844 -0.6999 0.9555 -0.0052 -0.4257 -0.3898 0.8166
1311868182.3362 1.6777 -0.6992 0.9599 -0.0051 -0.4242 -0.3887 0.8179
1311868182.3682 1.6694 -0.7051 0.9664 -0.0068 -0.4236 -0.3875 0.8188
1311868182.4003 1.6609 -0.7070 0.9729 -0.0072 -0.4232 -0.3871 0.8191
1311868182.4361 1.6499 -0.7105 0.9798 -0.0069 -0.4234 -0.3874 0.8189
1311868182.4681 1.6405 -0.7132 0.9872 -0.0050 -0.4241 -0.3861 0.8191
1311868182.5009 1.6301 -0.7181 0.9929 -0.0023 -0.4249 -0.3857 0.8190
1311868182.5361 1.6209 -0.7219 0.9975 0.0003 -0.4268 -0.3844 0.8186
1311868182.5680 1.6115 -0.7277 1.0015 0.0033 -0.4294 -0.3833 0.8177
1311868182.6003 1.6025 -0.7302 1.0078 0.0072 -0.4326 -0.3816 0.8168
1311868182.6363 1.5914 -0.7358 1.0141 0.0106 -0.4364 -0.3804 0.8153
1311868182.6680 1.5812 -0.7439 1.0177 0.0144 -0.4403 -0.3810 0.8129
1311868182.7003 1.5725 -0.7472 1.0260 0.0194 -0.4449 -0.3797 0.8108
1311868182.7362 1.5627 -0.7526 1.0298 0.0234 -0.4490 -0.3796 0.8085
1311868182.7683 1.5569 -0.7545 1.0395 0.0276 -0.4552 -0.3796 0.8049
1311868182.8002 1.5483 -0.7606 1.0486 0.0296 -0.4606 -0.3811 0.8011
1311868182.8362 1.5382 -0.7669 1.0544 0.0318 -0.4648 -0.3827 0.7978
1311868182.8682 1.5303 -0.7702 1.0624 0.0339 -0.4697 -0.3840 0.7942
1311868182.9002 1.5187 -0.7781 1.0706 0.0349 -0.4747 -0.3877 0.7894
1311868182.9363 1.5086 -0.7852 1.0778 0.0376 -0.4796 -0.3913 0.7845
1311868182.9681 1.4980 -0.7926 1.0867 0.0411 -0.4845 -0.3957 0.7791
1311868183.0003 1.4882 -0.8031 1.0935 0.0440 -0.4880 -0.3991 0.7750
1311868183.0363 1.4766 -0.8111 1.1002 0.0468 -0.4908 -0.4013 0.7720
1311868183.0683 1.4671 -0.8186 1.1067 0.0494 -0.4941 -0.4021 0.7693
1311868183.1006 1.4575 -0.8266 1.1099 0.0525 -0.4975 -0.4051 0.7652
1311868183.1362 1.4479 -0.8353 1.1152 0.0562 -0.5016 -0.4102 0.7596
1311868183.1682 1.4360 -0.8454 1.1212 0.0603 -0.5054 -0.4151 0.7541
1311868183.2003 1.4277 -0.8535 1.1250 0.0641 -0.5085 -0.4191 0.7495
1311868183.2363 1.4189 -0.8588 1.1307 0.0672 -0.5110 -0.4240 0.7447
1311868183.2684 1.4095 -0.8640 1.1345 0.0690 -0.5124 -0.4280 0.7413
1311868183.3004 1.3989 -0.8693 1.1366 0.0705 -0.5146 -0.4312 0.7377
1311868183.3363 1.3917 -0.8713 1.1394 0.0733 -0.5182 -0.4347 0.7329
1311868183.3685 1.3815 -0.8760 1.1424 0.0756 -0.5217 -0.4395 0.7273
1311868183.4002 1.3722 -0.8837 1.1460 0.0772 -0.5253 -0.4421 0.7229
1311868183.4362 1.3669 -0.8845 1.1507 0.0769 -0.5290 -0.4415 0.7207
1311868183.4682 1.3603 -0.8840 1.1521 0.0739 -0.5319 -0.4414 0.7189
1311868183.5003 1.3515 -0.8844 1.1537 0.0690 -0.5369 -0.4407 0.7160
1311868183.5363 1.3459 -0.8851 1.1574 0.0619 -0.5434 -0.4398 0.7124
1311868183.5684 1.3350 -0.8908 1.1629 0.0539 -0.5487 -0.4399 0.7089
1311868183.6002 1.3242 -0.8961 1.1670 0.0488 -0.5532 -0.4388 0.7064
1311868183.6362 1.3178 -0.9005 1.1721 0.0453 -0.5563 -0.4381 0.7047
1311868183.6686 1.3073 -0.9066 1.1768 0.0419 -0.5571 -0.4368 0.7050
1311868183.7002 1.2961 -0.9101 1.1837 0.0406 -0.5577 -0.4345 0.7061
1311868183.7364 1.2876 -0.9137 1.1891 0.0410 -0.5569 -0.4346 0.7066
1311868183.7682 1.2793 -0.9187 1.1902 0.0423 -0.5555 -0.4357 0.7070
1311868183.8004 1.2742 -0.9173 1.1928 0.0435 -0.5545 -0.4364 0.7072
1311868183.8362 1.2671 -0.9189 1.1934 0.0429 -0.5541 -0.4377 0.7068
1311868183.8685 1.2606 -0.9189 1.1962 0.0423 -0.5545 -0.4381 0.7063
1311868183.9002 1.2530 -0.9206 1.1992 0.0417 -0.5545 -0.4389 0.7058
1311868183.9363 1.2437 -0.9242 1.2021 0.0419 -0.5540 -0.4401 0.7054
1311868183.9685 1.2294 -0.9357 1.2045 0.0432 -0.5537 -0.4419 0.7044
1311868184.0004 1.2218 -0.9412 1.2037 0.0501 -0.5525 -0.4425 0.7046
1311868184.0363 1.2104 -0.9487 1.2045 0.0552 -0.5514 -0.4407 0.7062
1311868184.0703 1.2017 -0.9546 1.2025 0.0581 -0.5505 -0.4374 0.7087
1311868184.1007 1.1949 -0.9548 1.2013 0.0606 -0.5506 -0.4342 0.7104
1311868184.1368 1.1882 -0.9581 1.2013 0.0618 -0.5516 -0.4322 0.7107
1311868184.1690 1.1813 -0.9619 1.2031 0.0635 -0.5533 -0.4297 0.7108
1311868184.2005 1.1782 -0.9645 1.2057 0.0660 -0.5547 -0.4273 0.7109
1311868184.2364 1.1703 -0.9726 1.2101 0.0655 -0.5546 -0.4262 0.7117
1311868184.2685 1.1620 -0.9786 1.2131 0.0660 -0.5532 -0.4252 0.7133
1311868184.3006 1.1577 -0.9789 1.2155 0.0674 -0.5515 -0.4256 0.7142
1311868184.3363 1.1517 -0.9792 1.2184 0.0684 -0.5508 -0.4269 0.7139
1311868184.3682 1.1448 -0.9801 1.2197 0.0693 -0.5511 -0.4286 0.7126
1311868184.4003 1.1385 -0.9832 1.2232 0.0688 -0.5524 -0.4293 0.7112
1311868184.4363 1.1284 -0.9901 1.2253 0.0675 -0.5537 -0.4294 0.7102
1311868184.4684 1.1190 -0.9967 1.2273 0.0680 -0.5551 -0.4290 0.7094
1311868184.5004 1.1148 -0.9992 1.2292 0.0710 -0.5572 -0.4275 0.7083
1311868184.5363 1.1111 -1.0009 1.2346 0.0732 -0.5600 -0.4252 0.7073
1311868184.5684 1.1047 -1.0049 1.2376 0.0730 -0.5622 -0.4248 0.7058
1311868184.6004 1.0968 -1.0073 1.2401 0.0719 -0.5649 -0.4254 0.7034
1311868184.6363 1.0891 -1.0109 1.2429 0.0705 -0.5687 -0.4268 0.6996
1311868184.6684 1.0788 -1.0180 1.2462 0.0691 -0.5732 -0.4287 0.6949
1311868184.7007 1.0705 -1.0244 1.2516 0.0704 -0.5786 -0.4303 0.6893
1311868184.7365 1.0652 -1.0333 1.2550 0.0725 -0.5828 -0.4334 0.6836
1311868184.7685 1.0566 -1.0426 1.2579 0.0754 -0.5861 -0.4356 0.6790
1311868184.8004 1.0512 -1.0504 1.2588 0.0796 -0.5896 -0.4366 0.6748
1311868184.8363 1.0450 -1.0580 1.2613 0.0831 -0.5935 -0.4373 0.6706
1311868184.8687 1.0390 -1.0652 1.2665 0.0852 -0.5976 -0.4372 0.6667
1311868184.9004 1.0330 -1.0725 1.2707 0.0869 -0.6012 -0.4381 0.6627
1311868184.9363 1.0273 -1.0832 1.2725 0.0873 -0.6036 -0.4404 0.6588
1311868184.9684 1.0224 -1.0905 1.2738 0.0897 -0.6056 -0.4426 0.6553
1311868185.0004 1.0197 -1.0963 1.2758 0.0927 -0.6073 -0.4452 0.6515
1311868185.0364 1.0151 -1.1013 1.2776 0.0949 -0.6082 -0.4478 0.6485
1311868185.0684 1.0115 -1.1064 1.2777 0.0983 -0.6095 -0.4502 0.6451
1311868185.1009 1.0079 -1.1079 1.2823 0.1002 -0.6111 -0.4526 0.6416
1311868185.1365 1.0033 -1.1106 1.2872 0.0996 -0.6128 -0.4534 0.6394
1311868185.1686 0.9940 -1.1143 1.2899 0.0977 -0.6149 -0.4527 0.6382
1311868185.2008 0.9895 -1.1195 1.2919 0.0969 -0.6172 -0.4532 0.6358
1311868185.2364 0.9818 -1.1272 1.2930 0.0970 -0.6189 -0.4547 0.6331
1311868185.2685 0.9781 -1.1321 1.2942 0.0990 -0.6208 -0.4533 0.6319
1311868185.3005 0.9715 -1.1370 1.2937 0.1019 -0.6226 -0.4514 0.6310
1311868185.3379 0.9697 -1.1396 1.2958 0.1050 -0.6247 -0.4493 0.6300
1311868185.3685 0.9629 -1.1425 1.3022 0.1068 -0.6264 -0.4469 0.6297
1311868185.4012 0.9539 -1.1476 1.3080 0.1062 -0.6272 -0.4440 0.6311
1311868185.4364 0.9459 -1.1515 1.3136 0.1060 -0.6270 -0.4405 0.6337
1311868185.4686 0.9372 -1.1556 1.3162 0.1080 -0.6254 -0.4399 0.6354
1311868185.5004 0.9318 -1.1580 1.3172 0.1132 -0.6240 -0.4389 0.6366
1311868185.5364 0.9262 -1.1598 1.3242 0.1183 -0.6231 -0.4366 0.6380
1311868185.5685 0.9228 -1.1614 1.3234 0.1224 -0.6220 -0.4347 0.6396
1311868185.6004 0.9203 -1.1630 1.3221 0.1268 -0.6226 -0.4333 0.6392
1311868185.6364 0.9145 -1.1658 1.3280 0.1304 -0.6241 -0.4319 0.6379
1311868185.6686 0.9162 -1.1712 1.3289 0.1336 -0.6250 -0.4300 0.6377
1311868185.7020 0.9190 -1.1756 1.3275 0.1362 -0.6252 -0.4263 0.6393
1311868185.7367 0.9187 -1.1786 1.3283 0.1377 -0.6259 -0.4224 0.6409
1311868185.7686 0.9183 -1.1827 1.3281 0.1389 -0.6270 -0.4186 0.6422
1311868185.8004 0.9146 -1.1832 1.3333 0.1381 -0.6289 -0.4142 0.6433
1311868185.8368 0.9128 -1.1817 1.3352 0.1367 -0.6301 -0.4125 0.6436
1311868185.8684 0.9070 -1.1800 1.3395 0.1344 -0.6319 -0.4119 0.6427
1311868185.9004 0.8978 -1.1806 1.3481 0.1312 -0.6340 -0.4128 0.6406
1311868185.9365 0.8868 -1.1830 1.3555 0.1289 -0.6357 -0.4143 0.6384
1311868185.9684 0.8808 -1.1826 1.3630 -0.1284 0.6376 0.4147 -0.6364
1311868186.0004 0.8733 -1.1826 1.3714 -0.1276 0.6397 0.4154 -0.6340
1311868186.0365 0.8662 -1.1825 1.3799 -0.1272 0.6419 0.4163 -0.6312
1311868186.0687 0.8627 -1.1839 1.3878 -0.1271 0.6441 0.4184 -0.6277
1311868186.1032 0.8582 -1.1866 1.3956 -0.1267 0.6464 0.4205 -0.6240
1311868186.1366 0.8543 -1.1876 1.4041 -0.1261 0.6490 0.4219 -0.6204
1311868186.1685 0.8495 -1.1863 1.4129 -0.1244 0.6520 0.4227 -0.6171
1311868186.2004 0.8462 -1.1866 1.4184 -0.1213 0.6548 0.4256 -0.6127
1311868186.2377 0.8392 -1.1896 1.4234 -0.1182 0.6577 0.4309 -0.6064
1311868186.2687 0.8379 -1.1919 1.4287 -0.1167 0.6615 0.4352 -0.5995
1311868186.3004 0.8378 -1.1927 1.4359 -0.1155 0.6656 0.4382 -0.5930
1311868186.3364 0.8381 -1.1928 1.4430 -0.1143 0.6697 0.4412 -0.5863
1311868186.3684 0.8357 -1.1925 1.4507 -0.1125 0.6734 0.4455 -0.5791
1311868186.4005 0.8330 -1.1949 1.4572 -0.1106 0.6763 0.4501 -0.5726
1311868186.4365 0.8322 -1.1967 1.4643 -0.1088 0.6782 0.4536 -0.5678
1311868186.4685 0.8352 -1.1997 1.4698 -0.1066 0.6795 0.4560 -0.5648
1311868186.5005 0.8378 -1.2002 1.4741 -0.1033 0.6807 0.4576 -0.5627
1311868186.5371 0.8403 -1.1997 1.4782 -0.0994 0.6824 0.4591 -0.5601
1311868186.5685 0.8414 -1.2009 1.4814 -0.0942 0.6839 0.4612 -0.5575
1311868186.6006 0.8422 -1.2030 1.4858 -0.0912 0.6856 0.4628 -0.5544
1311868186.6365 0.8468 -1.2044 1.4920 -0.0914 0.6871 0.4640 -0.5516
1311868186.6686 0.8465 -1.2065 1.4962 -0.0913 0.6876 0.4643 -0.5508
1311868186.7025 0.8477 -1.2080 1.4980 -0.0915 0.6877 0.4644 -0.5505
1311868186.7367 0.8550 -1.2085 1.5005 -0.0920 0.6881 0.4650 -0.5495
1311868186.7685 0.8653 -1.2075 1.5034 -0.0925 0.6888 0.4660 -0.5475
1311868186.8005 0.8753 -1.2048 1.5085 -0.0913 0.6903 0.4663 -0.5457
1311868186.8367 0.8800 -1.2044 1.5117 -0.0880 0.6910 0.4679 -0.5439
1311868186.8693 0.8847 -1.2078 1.5121 -0.0840 0.6910 0.4705 -0.5422
1311868186.9005 0.8924 -1.2082 1.5163 -0.0822 0.6919 0.4700 -0.5418
1311868186.9364 0.8986 -1.2089 1.5201 -0.0821 0.6923 0.4699 -0.5415
1311868186.9686 0.9011 -1.2111 1.5241 -0.0819 0.6922 0.4693 -0.5421
1311868187.0005 0.9044 -1.2127 1.5261 -0.0819 0.6918 0.4685 -0.5433
1311868187.0367 0.9088 -1.2140 1.5267 -0.0816 0.6912 0.4677 -0.5449
1311868187.0685 0.9162 -1.2122 1.5310 -0.0801 0.6908 0.4660 -0.5470
1311868187.1017 0.9236 -1.2139 1.5329 -0.0775 0.6897 0.4660 -0.5487
1311868187.1366 0.9312 -1.2138 1.5369 -0.0759 0.6888 0.4652 -0.5508
1311868187.1690 0.9427 -1.2121 1.5409 -0.0765 0.6881 0.4644 -0.5524
1311868187.2013 0.9532 -1.2105 1.5443 -0.0771 0.6863 0.4654 -0.5535
1311868187.2364 0.9609 -1.2116 1.5482 -0.0749 0.6839 0.4673 -0.5552
1311868187.2688 0.9711 -1.2099 1.5519 -0.0727 0.6816 0.4692 -0.5568
1311868187.3005 0.9817 -1.2071 1.5539 -0.0706 0.6793 0.4729 -0.5567
1311868187.3366 0.9895 -1.2084 1.5574 -0.0688 0.6779 0.4769 -0.5552
1311868187.3684 0.9913 -1.2144 1.5604 -0.0664 0.6759 0.4801 -0.5552
1311868187.4005 0.9991 -1.2184 1.5657 -0.0671 0.6734 0.4809 -0.5574
1311868187.4367 1.0051 -1.2222 1.5711 -0.0685 0.6706 0.4807 -0.5609
1311868187.4686 1.0157 -1.2246 1.5747 -0.0699 0.6681 0.4792 -0.5649
1311868187.5005 1.0254 -1.2260 1.5779 -0.0700 0.6658 0.4789 -0.5678
1311868187.5376 1.0351 -1.2275 1.5818 -0.0701 0.6648 0.4786 -0.5693
1311868187.5685 1.0409 -1.2305 1.5872 -0.0697 0.6646 0.4786 -0.5696
1311868187.6005 1.0449 -1.2330 1.5933 -0.0700 0.6642 0.4781 -0.5704
1311868187.6365 1.0455 -1.2336 1.6005 -0.0694 0.6638 0.4767 -0.5721
1311868187.6687 1.0469 -1.2343 1.6053 -0.0687 0.6638 0.4757 -0.5731
1311868187.7006 1.0490 -1.2344 1.6100 -0.0679 0.6642 0.4751 -0.5732
1311868187.7365 1.0536 -1.2355 1.6176 -0.0656 0.6653 0.4743 -0.5728
1311868187.7687 1.0534 -1.2372 1.6251 -0.0638 0.6662 0.4736 -0.5725
1311868187.8005 1.0537 -1.2393 1.6301 -0.0633 0.6669 0.4734 -0.5719
1311868187.8375 1.0542 -1.2421 1.6349 -0.0635 0.6677 0.4741 -0.5704
1311868187.8686 1.0543 -1.2467 1.6421 -0.0641 0.6693 0.4751 -0.5676
1311868187.9005 1.0562 -1.2512 1.6488 -0.0647 0.6708 0.4760 -0.5650
1311868187.9366 1.0563 -1.2561 1.6560 -0.0648 0.6723 0.4768 -0.5625
1311868187.9685 1.0548 -1.2601 1.6634 -0.0645 0.6744 0.4776 -0.5595
1311868188.0007 1.0574 -1.2658 1.6721 -0.0642 0.6771 0.4789 -0.5550
1311868188.0367 1.0615 -1.2711 1.6831 -0.0636 0.6797 0.4802 -0.5508
1311868188.0685 1.0663 -1.2741 1.6933 -0.0629 0.6815 0.4811 -0.5478
1311868188.1004 1.0703 -1.2760 1.7061 -0.0607 0.6842 0.4813 -0.5446
1311868188.1367 1.0692 -1.2783 1.7184 -0.0569 0.6862 0.4827 -0.5413
1311868188.1698 1.0669 -1.2802 1.7298 -0.0529 0.6878 0.4845 -0.5379
1311868188.2006 1.0661 -1.2862 1.7422 -0.0490 0.6889 0.4878 -0.5339
1311868188.2365 1.0638 -1.2923 1.7544 -0.0465 0.6893 0.4912 -0.5306
1311868188.2686 1.0648 -1.2954 1.7686 -0.0470 0.6888 0.4959 -0.5267
1311868188.3009 1.0666 -1.2973 1.7808 -0.0483 0.6873 0.5016 -0.5232
1311868188.3368 1.0693 -1.2976 1.7927 -0.0493 0.6849 0.5077 -0.5203
1311868188.3685 1.0713 -1.2974 1.8031 -0.0495 0.6822 0.5131 -0.5185
1311868188.4005 1.0730 -1.2976 1.8109 -0.0486 0.6801 0.5166 -0.5179
1311868188.4371 1.0755 -1.2974 1.8163 -0.0464 0.6786 0.5190 -0.5177
1311868188.4686 1.0776 -1.2986 1.8180 -0.0424 0.6777 0.5213 -0.5169
1311868188.5025 1.0804 -1.2993 1.8206 -0.0372 0.6787 0.5224 -0.5149
1311868188.5375 1.0854 -1.3010 1.8252 -0.0323 0.6812 0.5222 -0.5121
1311868188.5687 1.0912 -1.3039 1.8294 -0.0281 0.6832 0.5228 -0.5090
1311868188.6014 1.0950 -1.3054 1.8360 -0.0242 0.6849 0.5220 -0.5078
1311868188.6375 1.1013 -1.3067 1.8420 -0.0221 0.6854 0.5218 -0.5074
1311868188.6687 1.1082 -1.3085 1.8453 -0.0203 0.6850 0.5225 -0.5073
1311868188.7035 1.1142 -1.3116 1.8468 -0.0176 0.6837 0.5249 -0.5066
1311868188.7366 1.1229 -1.3130 1.8493 -0.0154 0.6826 0.5267 -0.5064
1311868188.7687 1.1299 -1.3155 1.8501 -0.0127 0.6808 0.5289 -0.5066
1311868188.8007 1.1388 -1.3171 1.8529 -0.0111 0.6792 0.5310 -0.5066
1311868188.8365 1.1461 -1.3192 1.8546 -0.0092 0.6771 0.5334 -0.5069
1311868188.8685 1.1564 -1.3210 1.8548 -0.0067 0.6750 0.5350 -0.5081
1311868188.9007 1.1711 -1.3211 1.8550 -0.0038 0.6740 0.5356 -0.5088
1311868188.9365 1.1831 -1.3211 1.8577 0.0021 0.6738 0.5359 -0.5087
1311868188.9687 1.1930 -1.3224 1.8596 0.0108 0.6729 0.5365 -0.5092
1311868189.0006 1.2048 -1.3221 1.8618 0.0187 0.6721 0.5371 -0.5093
1311868189.0369 1.2137 -1.3219 1.8658 0.0246 0.6712 0.5382 -0.5091
1311868189.0686 1.2210 -1.3232 1.8688 0.0275 0.6687 0.5406 -0.5097
1311868189.1006 1.2266 -1.3262 1.8731 0.0265 0.6668 0.5421 -0.5107
1311868189.1366 1.2392 -1.3306 1.8736 0.0215 0.6645 0.5440 -0.5120
1311868189.1686 1.2533 -1.3334 1.8760 0.0179 0.6623 0.5458 -0.5130
1311868189.2012 1.2655 -1.3359 1.8777 0.0177 0.6596 0.5471 -0.5151
1311868189.2383 1.2757 -1.3380 1.8790 0.0200 0.6560 0.5497 -0.5168
1311868189.2687 1.2865 -1.3387 1.8819 0.0223 0.6531 0.5519 -0.5181
1311868189.3023 1.2931 -1.3416 1.8812 0.0238 0.6503 0.5550 -0.5182
1311868189.3379 1.3023 -1.3449 1.8826 0.0233 0.6487 0.5574 -0.5177
1311868189.3684 1.3090 -1.3496 1.8844 0.0239 0.6465 0.5598 -0.5178
1311868189.4005 1.3191 -1.3517 1.8874 0.0233 0.6445 0.5610 -0.5191
1311868189.4367 1.3236 -1.3573 1.8890 0.0247 0.6418 0.5636 -0.5195
1311868189.4688 1.3345 -1.3583 1.8926 0.0256 0.6404 0.5631 -0.5218
1311868189.5006 1.3423 -1.3605 1.8934 0.0269 0.6384 0.5640 -0.5231
1311868189.5366 1.3479 -1.3635 1.8957 0.0271 0.6372 0.5667 -0.5216
1311868189.5687 1.3549 -1.3655 1.8988 0.0261 0.6368 0.5686 -0.5201
1311868189.6019 1.3555 -1.3713 1.9014 0.0282 0.6362 0.5699 -0.5194
1311868189.6367 1.3678 -1.3728 1.9028 0.0283 0.6360 0.5691 -0.5205
1311868189.6687 1.3736 -1.3763 1.9067 0.0312 0.6356 0.5700 -0.5198
1311868189.7044 1.3800 -1.3761 1.9119 0.0323 0.6356 0.5695 -0.5202
1311868189.7366 1.3817 -1.3796 1.9169 0.0336 0.6347 0.5701 -0.5205
1311868189.7689 1.3857 -1.3862 1.9247 0.0339 0.6337 0.5706 -0.5213
1311868189.8029 1.3854 -1.3917 1.9277 0.0339 0.6308 0.5717 -0.5235
1311868189.8366 1.3900 -1.3963 1.9312 0.0320 0.6286 0.5717 -0.5262
1311868189.8687 1.3942 -1.3997 1.9362 0.0313 0.6269 0.5712 -0.5288
1311868189.9020 1.3983 -1.4080 1.9434 0.0322 0.6264 0.5705 -0.5301
1311868189.9367 1.4036 -1.4129 1.9524 0.0326 0.6264 0.5693 -0.5314
1311868189.9686 1.4081 -1.4168 1.9587 0.0325 0.6258 0.5687 -0.5328
1311868190.0020 1.4079 -1.4226 1.9661 0.0322 0.6248 0.5698 -0.5328
1311868190.0367 1.4100 -1.4305 1.9721 0.0310 0.6241 0.5694 -0.5342
1311868190.0686 1.4142 -1.4364 1.9772 0.0294 0.6235 0.5689 -0.5355
1311868190.1041 1.4183 -1.4460 1.9811 0.0296 0.6230 0.5692 -0.5357
1311868190.1367 1.4212 -1.4527 1.9859 0.0310 0.6230 0.5691 -0.5357
1311868190.1688 1.4226 -1.4602 1.9935 0.0323 0.6237 0.5688 -0.5353
1311868190.2024 1.4254 -1.4670 1.9990 0.0321 0.6237 0.5687 -0.5353
1311868190.2368 1.4293 -1.4726 2.0046 0.0301 0.6235 0.5681 -0.5363
1311868190.2686 1.4332 -1.4794 2.0132 0.0286 0.6237 0.5671 -0.5373
1311868190.3025 1.4336 -1.4876 2.0171 0.0280 0.6223 0.5671 -0.5389
1311868190.3367 1.4367 -1.4950 2.0209 0.0274 0.6212 0.5668 -0.5404
1311868190.3692 1.4415 -1.5003 2.0253 0.0266 0.6209 0.5663 -0.5414
1311868190.4020 1.4456 -1.5056 2.0305 0.0268 0.6211 0.5657 -0.5418
1311868190.4366 1.4494 -1.5102 2.0359 0.0271 0.6215 0.5648 -0.5422
1311868190.4689 1.4495 -1.5155 2.0421 0.0273 0.6217 0.5644 -0.5424
1311868190.5031 1.4502 -1.5211 2.0457 0.0264 0.6210 0.5643 -0.5434
1311868190.5366 1.4534 -1.5276 2.0531 0.0254 0.6205 0.5636 -0.5447
1311868190.5686 1.4559 -1.5330 2.0622 0.0252 0.6198 0.5630 -0.5461
1311868190.6044 1.4567 -1.5373 2.0644 0.0243 0.6182 0.5631 -0.5478
1311868190.6366 1.4573 -1.5402 2.0663 0.0230 0.6178 0.5627 -0.5488
1311868190.6687 1.4572 -1.5431 2.0687 0.0227 0.6179 0.5629 -0.5485
1311868190.7089 1.4599 -1.5453 2.0710 0.0218 0.6184 0.5626 -0.5482
1311868190.7367 1.4666 -1.5470 2.0722 0.0207 0.6192 0.5607 -0.5493
1311868190.7714 1.4649 -1.5545 2.0719 0.0216 0.6199 0.5597 -0.5496
1311868190.8024 1.4664 -1.5564 2.0740 0.0223 0.6208 0.5589 -0.5493
1311868190.8366 1.4692 -1.5569 2.0749 0.0232 0.6211 0.5580 -0.5498
1311868190.8704 1.4718 -1.5583 2.0782 0.0238 0.6218 0.5576 -0.5495
1311868190.9023 1.4734 -1.5595 2.0833 0.0235 0.6222 0.5579 -0.5487
1311868190.9366 1.4727 -1.5644 2.0891 0.0243 0.6222 0.5579 -0.5486
1311868190.9703 1.4759 -1.5651 2.0914 0.0249 0.6209 0.5586 -0.5494
1311868191.0043 1.4742 -1.5695 2.0950 0.0267 0.6196 0.5597 -0.5497
1311868191.0366 1.4788 -1.5664 2.0987 0.0275 0.6187 0.5598 -0.5505
1311868191.0750 1.4748 -1.5705 2.1013 0.0289 0.6176 0.5615 -0.5500
1311868191.1029 1.4754 -1.5690 2.1026 0.0293 0.6168 0.5619 -0.5505
1311868191.1367 1.4762 -1.5710 2.1061 0.0292 0.6168 0.5619 -0.5504
1311868191.1704 1.4761 -1.5737 2.1070 0.0292 0.6165 0.5626 -0.5500
1311868191.2047 1.4763 -1.5744 2.1057 0.0284 0.6161 0.5631 -0.5500
1311868191.2369 1.4732 -1.5791 2.1065 0.0286 0.6165 0.5630 -0.5496
1311868191.2705 1.4700 -1.5826 2.1107 0.0288 0.6177 0.5624 -0.5489
1311868191.3051 1.4710 -1.5812 2.1121 0.0270 0.6184 0.5619 -0.5488
1311868191.3368 1.4739 -1.5830 2.1094 0.0255 0.6182 0.5618 -0.5491
1311868191.3702 1.4719 -1.5884 2.1108 0.0255 0.6187 0.5613 -0.5491
1311868191.4080 1.4708 -1.5911 2.1115 0.0251 0.6187 0.5609 -0.5494
1311868191.4367 1.4724 -1.5892 2.1085 0.0229 0.6182 0.5610 -0.5501
1311868191.4700 1.4703 -1.5905 2.1067 0.0217 0.6177 0.5617 -0.5499
1311868191.5056 1.4710 -1.5925 2.1098 0.0212 0.6182 0.5610 -0.5502
1311868191.5368 1.4707 -1.5994 2.1156 0.0212 0.6194 0.5608 -0.5490
1311868191.5702 1.4705 -1.6004 2.1119 0.0197 0.6179 0.5617 -0.5498
1311868191.6047 1.4670 -1.6015 2.1156 0.0185 0.6178 0.5625 -0.5492
1311868191.6369 1.4671 -1.6021 2.1166 0.0163 0.6174 0.5622 -0.5499
1311868191.6708 1.4664 -1.6045 2.1171 0.0155 0.6173 0.5617 -0.5506
1311868191.7051 1.4653 -1.6091 2.1232 0.0170 0.6180 0.5609 -0.5506
1311868191.7368 1.4615 -1.6084 2.1206 0.0183 0.6166 0.5604 -0.5527
1311868191.7716 1.4595 -1.6114 2.1259 0.0195 0.6174 0.5595 -0.5526
1311868191.8048 1.4577 -1.6082 2.1213 0.0182 0.6159 0.5597 -0.5542
1311868191.8367 1.4555 -1.6087 2.1220 0.0181 0.6156 0.5596 -0.5545
1311868191.8722 1.4508 -1.6115 2.1171 0.0177 0.6142 0.5611 -0.5547
1311868191.9047 1.4476 -1.6158 2.1178 0.0187 0.6140 0.5612 -0.5548
1311868191.9367 1.4410 -1.6211 2.1254 0.0205 0.6152 0.5606 -0.5540
1311868191.9703 1.4399 -1.6213 2.1255 0.0202 0.6143 0.5604 -0.5551
1311868192.0052 1.4376 -1.6189 2.1262 0.0195 0.6135 0.5600 -0.5565
1311868192.0383 1.4350 -1.6167 2.1274 0.0185 0.6129 0.5600 -0.5571
1311868192.0706 1.4283 -1.6149 2.1284 0.0182 0.6122 0.5602 -0.5577
1311868192.1056 1.4197 -1.6173 2.1279 0.0186 0.6117 0.5612 -0.5573
1311868192.1394 1.4152 -1.6175 2.1279 0.0185 0.6113 0.5613 -0.5576
1311868192.1737 1.4117 -1.6170 2.1252 0.0178 0.6104 0.5615 -0.5584
1311868192.2047 1.4066 -1.6163 2.1255 0.0182 0.6099 0.5613 -0.5591
1311868192.2405 1.4024 -1.6145 2.1249 0.0182 0.6086 0.5610 -0.5609
1311868192.2717 1.3962 -1.6160 2.1224 0.0180 0.6069 0.5613 -0.5624
1311868192.3047 1.3899 -1.6144 2.1217 0.0177 0.6061 0.5603 -0.5643
1311868192.3425 1.3837 -1.6148 2.1191 0.0160 0.6061 0.5602 -0.5644
1311868192.3702 1.3761 -1.6158 2.1174 0.0138 0.6067 0.5611 -0.5629
1311868192.4047 1.3745 -1.6124 2.1137 0.0108 0.6068 0.5606 -0.5634
1311868192.4385 1.3669 -1.6108 2.1129 0.0101 0.6073 0.5589 -0.5646
1311868192.4714 1.3578 -1.6116 2.1105 0.0107 0.6073 0.5575 -0.5659
1311868192.5047 1.3546 -1.6080 2.1098 0.0085 0.6076 0.5562 -0.5669
1311868192.5409 1.3478 -1.6083 2.1063 0.0075 0.6079 0.5543 -0.5685
1311868192.5712 1.3380 -1.6093 2.1033 0.0077 0.6086 0.5542 -0.5678
1311868192.6048 1.3366 -1.6043 2.0993 0.0067 0.6098 0.5526 -0.5682
1311868192.6411 1.3286 -1.6034 2.0933 0.0074 0.6104 0.5539 -0.5662
1311868192.6703 1.3215 -1.6014 2.0922 0.0070 0.6123 0.5538 -0.5642
1311868192.7048 1.3169 -1.5975 2.0890 0.0060 0.6131 0.5532 -0.5639
1311868192.7394 1.3098 -1.5981 2.0854 0.0070 0.6135 0.5535 -0.5632
1311868192.7700 1.3056 -1.5938 2.0834 0.0066 0.6145 0.5519 -0.5637
1311868192.8048 1.2986 -1.5935 2.0805 0.0066 0.6158 0.5516 -0.5625
1311868192.8380 1.2947 -1.5915 2.0787 0.0056 0.6176 0.5513 -0.5610
1311868192.8706 1.2932 -1.5901 2.0729 0.0038 0.6182 0.5502 -0.5613
1311868192.9047 1.2844 -1.5919 2.0727 0.0035 0.6199 0.5501 -0.5596
1311868192.9405 1.2816 -1.5885 2.0720 0.0022 0.6219 0.5480 -0.5594
1311868192.9703 1.2803 -1.5885 2.0681 0.0019 0.6231 0.5481 -0.5580
1311868193.0048 1.2766 -1.5888 2.0686 0.0027 0.6251 0.5475 -0.5564
1311868193.0381 1.2722 -1.5881 2.0660 0.0024 0.6264 0.5477 -0.5547
1311868193.0703 1.2683 -1.5906 2.0629 0.0011 0.6276 0.5493 -0.5517
1311868193.1053 1.2648 -1.5886 2.0611 -0.0004 0.6295 0.5485 -0.5503
1311868193.1407 1.2615 -1.5906 2.0607 -0.0018 0.6315 0.5491 -0.5473
1311868193.1726 1.2587 -1.5934 2.0592 -0.0023 0.6334 0.5496 -0.5447
1311868193.2051 1.2566 -1.5933 2.0554 0.0007 0.6354 0.5492 -0.5428
1311868193.2385 1.2563 -1.5926 2.0529 0.0052 0.6381 0.5502 -0.5386
1311868193.2705 1.2504 -1.5923 2.0539 0.0108 0.6405 0.5524 -0.5334
1311868193.3090 1.2439 -1.5943 2.0552 0.0136 0.6425 0.5543 -0.5289
1311868193.3408 1.2390 -1.5963 2.0547 0.0146 0.6443 0.5557 -0.5253
1311868193.3709 1.2372 -1.5965 2.0540 0.0141 0.6454 0.5572 -0.5223
1311868193.4093 1.2273 -1.5983 2.0538 0.0142 0.6466 0.5592 -0.5186
1311868193.4390 1.2271 -1.6024 2.0502 0.0121 0.6482 0.5604 -0.5154
1311868193.4732 1.2237 -1.6038 2.0490 0.0097 0.6494 0.5625 -0.5117
1311868193.5078 1.2184 -1.6071 2.0451 0.0066 0.6505 0.5645 -0.5081
1311868193.5412 1.2136 -1.6121 2.0436 0.0025 0.6530 0.5652 -0.5041
1311868193.5738 1.2118 -1.6149 2.0431 -0.0027 0.6552 0.5655 -0.5008
1311868193.6060 1.2103 -1.6179 2.0406 -0.0063 0.6566 0.5660 -0.4985
1311868193.6403 1.2070 -1.6208 2.0376 -0.0087 0.6580 0.5663 -0.4963
1311868193.6702 1.2047 -1.6241 2.0345 -0.0113 0.6596 0.5666 -0.4937
1311868193.7101 1.2014 -1.6255 2.0353 -0.0126 0.6622 0.5651 -0.4920
1311868193.7383 1.1978 -1.6276 2.0344 -0.0143 0.6643 0.5641 -0.4902
1311868193.7716 1.1960 -1.6303 2.0331 -0.0168 0.6663 0.5633 -0.4884
1311868193.8094 1.1940 -1.6322 2.0317 -0.0198 0.6677 0.5626 -0.4871
1311868193.8381 1.1894 -1.6372 2.0294 -0.0224 0.6686 0.5624 -0.4860
1311868193.8732 1.1873 -1.6401 2.0282 -0.0252 0.6695 0.5603 -0.4870
1311868193.9094 1.1859 -1.6424 2.0263 -0.0271 0.6703 0.5580 -0.4883
1311868193.9381 1.1796 -1.6483 2.0228 -0.0264 0.6715 0.5570 -0.4881
1311868193.9728 1.1804 -1.6510 2.0205 -0.0265 0.6728 0.5561 -0.4873
1311868194.0092 1.1776 -1.6552 2.0176 -0.0256 0.6733 0.5567 -0.4858
1311868194.0382 1.1784 -1.6577 2.0161 -0.0247 0.6737 0.5569 -0.4852
1311868194.0714 1.1780 -1.6586 2.0160 -0.0243 0.6741 0.5570 -0.4844
1311868194.1087 1.1766 -1.6594 2.0179 -0.0242 0.6745 0.5571 -0.4837
1311868194.1406 1.1793 -1.6611 2.0169 -0.0248 0.6730 0.5588 -0.4840
1311868194.1727 1.1733 -1.6638 2.0123 -0.0228 0.6705 0.5620 -0.4837
1311868194.2095 1.1729 -1.6651 2.0080 -0.0221 0.6704 0.5628 -0.4832
1311868194.2430 1.1722 -1.6648 2.0095 -0.0214 0.6718 0.5630 -0.4809
1311868194.2700 1.1707 -1.6642 2.0098 -0.0209 0.6722 0.5631 -0.4802
1311868194.3094 1.1635 -1.6667 2.0051 -0.0208 0.6726 0.5629 -0.4799
1311868194.3392 1.1622 -1.6688 2.0047 -0.0214 0.6743 0.5604 -0.4804
1311868194.3702 1.1574 -1.6706 2.0032 -0.0222 0.6753 0.5586 -0.4812
1311868194.4082 1.1546 -1.6726 2.0017 -0.0229 0.6763 0.5560 -0.4827
1311868194.4399 1.1532 -1.6735 2.0014 -0.0233 0.6777 0.5530 -0.4842
1311868194.4689 1.1524 -1.6755 1.9985 -0.0248 0.6780 0.5522 -0.4845
1311868194.5089 1.1496 -1.6782 1.9976 -0.0275 0.6790 0.5505 -0.4850
1311868194.5384 1.1492 -1.6789 1.9972 -0.0307 0.6800 0.5476 -0.4867
1311868194.5689 1.1497 -1.6827 1.9933 -0.0334 0.6800 0.5470 -0.4872
1311868194.6095 1.1474 -1.6853 1.9894 -0.0346 0.6800 0.5463 -0.4879
1311868194.6450 1.1444 -1.6876 1.9858 -0.0355 0.6801 0.5457 -0.4883
1311868194.6690 1.1434 -1.6899 1.9837 -0.0360 0.6808 0.5445 -0.4885
1311868194.7101 1.1426 -1.6907 1.9826 -0.0353 0.6814 0.5438 -0.4886
1311868194.7410 1.1417 -1.6915 1.9811 -0.0335 0.6823 0.5426 -0.4889
1311868194.7690 1.1437 -1.6916 1.9778 -0.0314 0.6833 0.5418 -0.4884
1311868194.8069 1.1449 -1.6921 1.9771 -0.0291 0.6851 0.5418 -0.4860
1311868194.8423 1.1452 -1.6942 1.9755 -0.0272 0.6865 0.5422 -0.4838
1311868194.8690 1.1419 -1.6966 1.9768 -0.0264 0.6881 0.5412 -0.4826
1311868194.9092 1.1430 -1.6993 1.9776 -0.0269 0.6886 0.5407 -0.4824
1311868194.9427 1.1414 -1.7017 1.9778 -0.0277 0.6885 0.5406 -0.4826
1311868194.9689 1.1417 -1.7021 1.9804 -0.0286 0.6892 0.5377 -0.4848
1311868195.0092 1.1437 -1.7053 1.9820 -0.0285 0.6897 0.5365 -0.4856
1311868195.0387 1.1431 -1.7084 1.9830 -0.0284 0.6897 0.5367 -0.4852
1311868195.0690 1.1434 -1.7135 1.9824 -0.0280 0.6896 0.5369 -0.4853
1311868195.1095 1.1413 -1.7187 1.9857 -0.0280 0.6896 0.5372 -0.4849
1311868195.1397 1.1384 -1.7221 1.9901 -0.0289 0.6893 0.5372 -0.4852
1311868195.1689 1.1366 -1.7258 1.9939 -0.0301 0.6888 0.5373 -0.4857
1311868195.2087 1.1351 -1.7319 1.9973 -0.0312 0.6883 0.5376 -0.4860
1311868195.2384 1.1334 -1.7378 1.9999 -0.0321 0.6875 0.5380 -0.4868
1311868195.2691 1.1321 -1.7439 2.0012 -0.0323 0.6869 0.5384 -0.4871
1311868195.3140 1.1301 -1.7509 2.0046 -0.0325 0.6868 0.5388 -0.4868
1311868195.3407 1.1287 -1.7551 2.0087 -0.0329 0.6865 0.5387 -0.4872
1311868195.3690 1.1279 -1.7619 2.0116 -0.0332 0.6861 0.5389 -0.4876
1311868195.4094 1.1279 -1.7673 2.0151 -0.0338 0.6855 0.5389 -0.4884
1311868195.4418 1.1269 -1.7729 2.0213 -0.0351 0.6849 0.5389 -0.4891
1311868195.4692 1.1250 -1.7775 2.0276 -0.0367 0.6840 0.5389 -0.4903
1311868195.5090 1.1261 -1.7812 2.0345 -0.0387 0.6827 0.5384 -0.4925
1311868195.5408 1.1294 -1.7837 2.0414 -0.0403 0.6813 0.5375 -0.4953
1311868195.5692 1.1375 -1.7857 2.0474 -0.0402 0.6802 0.5364 -0.4980
1311868195.6070 1.1374 -1.7886 2.0530 -0.0381 0.6787 0.5381 -0.4983
1311868195.6414 1.1359 -1.7913 2.0575 -0.0363 0.6768 0.5409 -0.4981
1311868195.6690 1.1359 -1.7945 2.0632 -0.0346 0.6747 0.5437 -0.4980
1311868195.7101 1.1325 -1.7973 2.0688 -0.0331 0.6726 0.5467 -0.4976
1311868195.7373 1.1294 -1.7991 2.0757 -0.0322 0.6706 0.5495 -0.4973
1311868195.7690 1.1294 -1.8017 2.0810 -0.0324 0.6681 0.5522 -0.4977
1311868195.8088 1.1323 -1.8029 2.0883 -0.0337 0.6665 0.5520 -0.5000
1311868195.8371 1.1341 -1.8045 2.0964 -0.0356 0.6650 0.5507 -0.5032
1311868195.8691 1.1360 -1.8073 2.1007 -0.0369 0.6626 0.5495 -0.5076
1311868195.9065 1.1403 -1.8103 2.1037 -0.0383 0.6605 0.5482 -0.5116
1311868195.9370 1.1471 -1.8121 2.1078 -0.0372 0.6588 0.5466 -0.5156
1311868195.9690 1.1542 -1.8115 2.1108 -0.0349 0.6578 0.5459 -0.5177
1311868196.0093 1.1580 -1.8130 2.1147 -0.0316 0.6570 0.5473 -0.5175
1311868196.0369 1.1620 -1.8151 2.1173 -0.0286 0.6553 0.5497 -0.5173
1311868196.0690 1.1661 -1.8164 2.1222 -0.0259 0.6538 0.5509 -0.5180
1311868196.1078 1.1694 -1.8204 2.1225 -0.0239 0.6510 0.5533 -0.5192
1311868196.1371 1.1768 -1.8179 2.1305 -0.0228 0.6497 0.5514 -0.5228
1311868196.1689 1.1795 -1.8208 2.1337 -0.0212 0.6469 0.5527 -0.5250
1311868196.2083 1.1858 -1.8213 2.1361 -0.0214 0.6444 0.5517 -0.5291
1311868196.2370 1.1934 -1.8213 2.1375 -0.0221 0.6421 0.5514 -0.5322
1311868196.2691 1.1981 -1.8226 2.1409 -0.0202 0.6404 0.5510 -0.5347
1311868196.3074 1.2045 -1.8249 2.1419 -0.0192 0.6386 0.5504 -0.5375
1311868196.3371 1.2107 -1.8246 2.1452 -0.0155 0.6372 0.5480 -0.5417
1311868196.3691 1.2186 -1.8252 2.1475 -0.0126 0.6357 0.5466 -0.5449
1311868196.4101 1.2226 -1.8255 2.1502 -0.0093 0.6343 0.5457 -0.5476
1311868196.4372 1.2308 -1.8268 2.1533 -0.0076 0.6329 0.5453 -0.5497
1311868196.4690 1.2368 -1.8267 2.1559 -0.0051 0.6305 0.5456 -0.5520
1311868196.5078 1.2425 -1.8280 2.1571 -0.0020 0.6281 0.5463 -0.5540
1311868196.5371 1.2500 -1.8259 2.1601 0.0009 0.6262 0.5454 -0.5572
1311868196.5691 1.2557 -1.8274 2.1631 0.0048 0.6244 0.5450 -0.5596
1311868196.6101 1.2613 -1.8273 2.1657 0.0088 0.6216 0.5455 -0.5621
1311868196.6370 1.2648 -1.8277 2.1717 0.0122 0.6198 0.5451 -0.5643
1311868196.6690 1.2700 -1.8296 2.1737 0.0156 0.6173 0.5449 -0.5672
1311868196.7097 1.2735 -1.8305 2.1783 0.0170 0.6154 0.5451 -0.5691
1311868196.7371 1.2757 -1.8347 2.1842 0.0171 0.6139 0.5444 -0.5714
1311868196.7691 1.2806 -1.8388 2.1889 0.0169 0.6118 0.5435 -0.5745
1311868196.8076 1.2833 -1.8428 2.1939 0.0175 0.6094 0.5436 -0.5769
1311868196.8370 1.2870 -1.8443 2.1990 0.0164 0.6078 0.5432 -0.5791
1311868196.8690 1.2922 -1.8488 2.2001 0.0149 0.6055 0.5440 -0.5807
1311868196.9096 1.2927 -1.8570 2.2033 0.0153 0.6040 0.5441 -0.5821
1311868196.9370 1.2958 -1.8588 2.2089 0.0150 0.6037 0.5421 -0.5843
1311868196.9692 1.2999 -1.8578 2.2184 0.0138 0.6048 0.5405 -0.5847
1311868197.0051 1.2988 -1.8664 2.2220 0.0137 0.6050 0.5423 -0.5828
1311868197.0370 1.3024 -1.8704 2.2270 0.0121 0.6062 0.5425 -0.5814
1311868197.0691 1.3058 -1.8767 2.2305 0.0117 0.6065 0.5439 -0.5798
1311868197.1050 1.3118 -1.8814 2.2372 0.0114 0.6070 0.5451 -0.5781
1311868197.1370 1.3084 -1.8898 2.2466 0.0119 0.6073 0.5488 -0.5743
1311868197.1690 1.3100 -1.8953 2.2541 0.0118 0.6070 0.5514 -0.5722
1311868197.2051 1.3098 -1.9008 2.2622 0.0120 0.6071 0.5548 -0.5688
1311868197.2372 1.3109 -1.9035 2.2683 0.0112 0.6073 0.5582 -0.5651
1311868197.2692 1.3107 -1.9103 2.2721 0.0119 0.6075 0.5616 -0.5616
1311868197.3051 1.3121 -1.9128 2.2789 0.0121 0.6086 0.5647 -0.5573
1311868197.3373 1.3128 -1.9205 2.2849 0.0118 0.6095 0.5690 -0.5519
1311868197.3691 1.3133 -1.9248 2.2942 0.0107 0.6105 0.5717 -0.5479
1311868197.4052 1.3116 -1.9279 2.3014 0.0102 0.6105 0.5744 -0.5453
1311868197.4370 1.3148 -1.9343 2.3086 0.0097 0.6106 0.5764 -0.5430
1311868197.4692 1.3132 -1.9402 2.3152 0.0105 0.6105 0.5794 -0.5399
1311868197.5052 1.3135 -1.9453 2.3233 0.0114 0.6111 0.5815 -0.5369
1311868197.5370 1.3164 -1.9465 2.3269 0.0125 0.6100 0.5827 -0.5368
1311868197.5692 1.3136 -1.9529 2.3381 0.0156 0.6105 0.5838 -0.5350
1311868197.6052 1.3136 -1.9558 2.3446 0.0181 0.6096 0.5849 -0.5347
1311868197.6371 1.3122 -1.9610 2.3515 0.0194 0.6097 0.5854 -0.5340
1311868197.6691 1.3093 -1.9649 2.3592 0.0219 0.6093 0.5880 -0.5315
1311868197.7052 1.3130 -1.9687 2.3624 0.0225 0.6079 0.5906 -0.5303
1311868197.7373 1.3161 -1.9716 2.3728 0.0232 0.6082 0.5907 -0.5298
1311868197.7692 1.3080 -1.9766 2.3775 0.0239 0.6075 0.5939 -0.5269
1311868197.8054 1.3159 -1.9802 2.3844 0.0243 0.6072 0.5931 -0.5282
1311868197.8372 1.3081 -1.9770 2.3933 0.0276 0.6074 0.5926 -0.5283
1311868197.8691 1.3108 -1.9835 2.3990 0.0309 0.6073 0.5924 -0.5284
1311868197.9052 1.3091 -1.9853 2.4042 0.0347 0.6065 0.5927 -0.5289
1311868197.9372 1.3117 -1.9848 2.4060 0.0368 0.6046 0.5939 -0.5295
1311868197.9692 1.3050 -1.9855 2.4130 0.0380 0.6033 0.5950 -0.5297
1311868198.0052 1.3068 -1.9883 2.4170 0.0360 0.6020 0.5963 -0.5298
1311868198.0371 1.3074 -1.9941 2.4207 0.0351 0.6006 0.5968 -0.5309
1311868198.0692 1.3040 -1.9951 2.4251 0.0345 0.5996 0.5965 -0.5324
1311868198.1054 1.3014 -1.9970 2.4300 0.0356 0.5995 0.5954 -0.5336
1311868198.1372 1.2984 -1.9995 2.4344 0.0368 0.5995 0.5951 -0.5339
1311868198.1692 1.2938 -2.0021 2.4362 0.0372 0.5991 0.5958 -0.5335
1311868198.2053 1.2926 -2.0020 2.4423 0.0371 0.5998 0.5948 -0.5339
1311868198.2372 1.2884 -2.0012 2.4449 0.0363 0.5989 0.5945 -0.5352
1311868198.2692 1.2882 -2.0061 2.4476 0.0359 0.5977 0.5936 -0.5376
1311868198.3051 1.2850 -2.0027 2.4508 0.0357 0.5964 0.5923 -0.5406
1311868198.3372 1.2823 -2.0015 2.4549 0.0368 0.5961 0.5912 -0.5420
1311868198.3692 1.2771 -1.9986 2.4594 0.0398 0.5957 0.5919 -0.5415
1311868198.4051 1.2775 -2.0040 2.4601 0.0403 0.5950 0.5933 -0.5407
1311868198.4372 1.2682 -2.0019 2.4657 0.0405 0.5956 0.5931 -0.5403
1311868198.4692 1.2652 -2.0046 2.4686 0.0404 0.5952 0.5933 -0.5405
1311868198.5053 1.2545 -2.0053 2.4720 0.0401 0.5950 0.5938 -0.5402
1311868198.5373 1.2513 -2.0082 2.4727 0.0383 0.5945 0.5952 -0.5394
1311868198.5692 1.2494 -2.0095 2.4743 0.0369 0.5941 0.5961 -0.5389
1311868198.6051 1.2452 -2.0077 2.4747 0.0358 0.5936 0.5967 -0.5387
1311868198.6372 1.2433 -2.0090 2.4737 0.0344 0.5932 0.5981 -0.5378
1311868198.6691 1.2371 -2.0089 2.4768 0.0349 0.5937 0.5990 -0.5363
1311868198.7050 1.2296 -2.0083 2.4776 0.0362 0.5935 0.6003 -0.5349
1311868198.7372 1.2248 -2.0073 2.4793 0.0376 0.5939 0.6007 -0.5339
1311868198.7691 1.2221 -2.0086 2.4789 0.0383 0.5938 0.6025 -0.5320
1311868198.8051 1.2149 -2.0101 2.4812 0.0389 0.5946 0.6045 -0.5287
1311868198.8372 1.2106 -2.0120 2.4813 0.0377 0.5950 0.6066 -0.5260
1311868198.8692 1.2002 -2.0134 2.4831 0.0365 0.5959 0.6093 -0.5219
1311868198.9051 1.1996 -2.0140 2.4822 0.0348 0.5967 0.6095 -0.5209
1311868198.9371 1.1936 -2.0168 2.4829 0.0354 0.5979 0.6096 -0.5194
1311868198.9692 1.1866 -2.0155 2.4859 0.0360 0.5994 0.6090 -0.5181
1311868199.0051 1.1863 -2.0183 2.4848 0.0348 0.5994 0.6095 -0.5177
1311868199.0372 1.1765 -2.0202 2.4894 0.0357 0.6005 0.6101 -0.5157
1311868199.0692 1.1720 -2.0209 2.4907 0.0344 0.6003 0.6114 -0.5145
1311868199.1051 1.1653 -2.0210 2.4922 0.0341 0.5999 0.6115 -0.5147
1311868199.1372 1.1636 -2.0177 2.4937 0.0336 0.6005 0.6102 -0.5156
1311868199.1693 1.1566 -2.0195 2.4959 0.0355 0.6020 0.6105 -0.5135
1311868199.2052 1.1534 -2.0205 2.4974 0.0372 0.6028 0.6103 -0.5126
1311868199.2372 1.1474 -2.0208 2.4997 0.0394 0.6034 0.6103 -0.5118
1311868199.2693 1.1443 -2.0219 2.5011 0.0409 0.6036 0.6101 -0.5117
1311868199.3052 1.1353 -2.0221 2.5071 0.0417 0.6050 0.6112 -0.5087
1311868199.3373 1.1354 -2.0195 2.5049 0.0397 0.6043 0.6111 -0.5097
1311868199.3694 1.1343 -2.0179 2.5059 0.0387 0.6046 0.6105 -0.5102
1311868199.4052 1.1322 -2.0194 2.5070 0.0400 0.6054 0.6101 -0.5096
1311868199.4372 1.1304 -2.0199 2.5065 0.0420 0.6058 0.6097 -0.5094
1311868199.4694 1.1222 -2.0202 2.5078 0.0448 0.6069 0.6095 -0.5081
1311868199.5053 1.1186 -2.0217 2.5096 0.0459 0.6085 0.6094 -0.5062
1311868199.5373 1.1157 -2.0210 2.5100 0.0456 0.6096 0.6100 -0.5041
1311868199.5693 1.1135 -2.0218 2.5120 0.0461 0.6114 0.6103 -0.5016
1311868199.6053 1.1103 -2.0199 2.5140 0.0471 0.6132 0.6106 -0.4989
1311868199.6372 1.1088 -2.0194 2.5152 0.0475 0.6150 0.6114 -0.4956
1311868199.6692 1.1056 -2.0209 2.5168 0.0481 0.6173 0.6132 -0.4905
1311868199.7053 1.1020 -2.0223 2.5188 0.0481 0.6191 0.6151 -0.4858
1311868199.7372 1.0978 -2.0245 2.5203 0.0478 0.6205 0.6169 -0.4818
1311868199.7691 1.0935 -2.0253 2.5233 0.0486 0.6216 0.6178 -0.4791
1311868199.8053 1.0915 -2.0273 2.5247 0.0490 0.6225 0.6184 -0.4772
1311868199.8372 1.0891 -2.0290 2.5255 0.0484 0.6233 0.6203 -0.4737
1311868199.8692 1.0790 -2.0316 2.5300 0.0482 0.6256 0.6229 -0.4673
1311868199.9052 1.0749 -2.0356 2.5330 0.0463 0.6278 0.6247 -0.4621
1311868199.9372 1.0748 -2.0412 2.5333 0.0433 0.6290 0.6259 -0.4591
1311868199.9693 1.0651 -2.0453 2.5383 0.0431 0.6316 0.6266 -0.4545
1311868200.0052 1.0689 -2.0505 2.5375 0.0420 0.6326 0.6264 -0.4535
1311868200.0376 1.0687 -2.0551 2.5389 0.0433 0.6337 0.6271 -0.4508
1311868200.0694 1.0661 -2.0598 2.5423 0.0444 0.6347 0.6285 -0.4474
1311868200.1052 1.0589 -2.0646 2.5496 0.0438 0.6367 0.6305 -0.4418
1311868200.1373 1.0551 -2.0672 2.5525 0.0413 0.6373 0.6325 -0.4384
1311868200.1694 1.0509 -2.0746 2.5578 0.0367 0.6379 0.6351 -0.4340
1311868200.2055 1.0455 -2.0821 2.5639 0.0358 0.6386 0.6357 -0.4323
1311868200.2372 1.0420 -2.0889 2.5690 0.0365 0.6392 0.6364 -0.4302
1311868200.2734 1.0372 -2.0956 2.5738 0.0373 0.6398 0.6383 -0.4264
1311868200.3052 1.0321 -2.1006 2.5794 0.0382 0.6405 0.6401 -0.4227
1311868200.3372 1.0286 -2.1068 2.5836 0.0378 0.6407 0.6419 -0.4195
1311868200.3734 1.0267 -2.1127 2.5891 0.0368 0.6410 0.6430 -0.4174
1311868200.4052 1.0232 -2.1169 2.5951 0.0363 0.6412 0.6444 -0.4152
1311868200.4373 1.0228 -2.1208 2.5952 0.0365 0.6399 0.6463 -0.4142
1311868200.4733 1.0202 -2.1241 2.6065 0.0392 0.6411 0.6465 -0.4118
1311868200.5053 1.0132 -2.1297 2.6133 0.0414 0.6415 0.6485 -0.4078
1311868200.5372 1.0102 -2.1344 2.6190 0.0407 0.6419 0.6502 -0.4043
1311868200.5733 1.0054 -2.1420 2.6249 0.0395 0.6420 0.6518 -0.4017
1311868200.6052 1.0024 -2.1478 2.6304 0.0383 0.6417 0.6524 -0.4013
1311868200.6374 0.9995 -2.1513 2.6359 0.0389 0.6419 0.6518 -0.4020
1311868200.6735 0.9981 -2.1559 2.6398 0.0403 0.6422 0.6517 -0.4015
1311868200.7053 0.9941 -2.1586 2.6465 0.0416 0.6429 0.6522 -0.3994
1311868200.7376 0.9905 -2.1622 2.6505 0.0430 0.6433 0.6523 -0.3985
1311868200.7734 0.9872 -2.1657 2.6544 0.0431 0.6438 0.6522 -0.3978
1311868200.8052 0.9863 -2.1706 2.6587 0.0430 0.6442 0.6523 -0.3971
1311868200.8374 0.9879 -2.1738 2.6650 0.0433 0.6448 0.6517 -0.3971
1311868200.8732 0.9875 -2.1764 2.6688 0.0436 0.6452 0.6516 -0.3964
1311868200.9052 0.9855 -2.1786 2.6720 0.0438 0.6460 0.6516 -0.3952
1311868200.9374 0.9833 -2.1827 2.6754 0.0447 0.6470 0.6512 -0.3942
1311868200.9734 0.9812 -2.1848 2.6788 0.0458 0.6479 0.6508 -0.3932
1311868201.0053 0.9798 -2.1861 2.6808 0.0465 0.6486 0.6507 -0.3920
1311868201.0374 0.9770 -2.1889 2.6818 0.0471 0.6489 0.6511 -0.3910
1311868201.0732 0.9735 -2.1912 2.6840 0.0475 0.6491 0.6510 -0.3906
1311868201.1054 0.9721 -2.1940 2.6876 0.0478 0.6492 0.6503 -0.3916
1311868201.1375 0.9672 -2.1948 2.6883 0.0482 0.6491 0.6503 -0.3918
1311868201.1735 0.9620 -2.1953 2.6875 0.0494 0.6492 0.6504 -0.3913
1311868201.2053 0.9631 -2.1990 2.6918 0.0491 0.6510 0.6490 -0.3906
1311868201.2374 0.9610 -2.1997 2.6954 0.0495 0.6520 0.6484 -0.3899
1311868201.2734 0.9576 -2.2010 2.6961 0.0500 0.6517 0.6485 -0.3902
1311868201.3053 0.9546 -2.2032 2.6986 0.0503 0.6515 0.6484 -0.3906
1311868201.3375 0.9491 -2.2020 2.6988 0.0513 0.6505 0.6489 -0.3913
1311868201.3733 0.9459 -2.2020 2.7003 0.0512 0.6501 0.6489 -0.3920
1311868201.4053 0.9425 -2.2019 2.7011 0.0512 0.6497 0.6493 -0.3920
1311868201.4374 0.9404 -2.2025 2.7030 0.0508 0.6498 0.6492 -0.3922
1311868201.4732 0.9414 -2.2039 2.7049 0.0499 0.6500 0.6484 -0.3931
1311868201.5053 0.9403 -2.2037 2.7056 0.0502 0.6499 0.6480 -0.3940
1311868201.5375 0.9366 -2.2027 2.7074 0.0509 0.6501 0.6480 -0.3936
1311868201.5734 0.9354 -2.2035 2.7075 0.0504 0.6503 0.6485 -0.3925
1311868201.6054 0.9329 -2.2040 2.7088 0.0481 0.6510 0.6489 -0.3908
1311868201.6374 0.9288 -2.2042 2.7084 0.0468 0.6514 0.6490 -0.3903
1311868201.6735 0.9206 -2.2029 2.7054 0.0470 0.6509 0.6503 -0.3889
1311868201.7054 0.9211 -2.2015 2.7075 0.0461 0.6515 0.6498 -0.3888
1311868201.7374 0.9173 -2.2027 2.7095 0.0477 0.6521 0.6496 -0.3881
1311868201.7735 0.9148 -2.2030 2.7102 0.0481 0.6520 0.6500 -0.3874
1311868201.8053 0.9141 -2.2061 2.7102 0.0483 0.6515 0.6503 -0.3877
1311868201.8374 0.9112 -2.2109 2.7110 0.0492 0.6513 0.6510 -0.3868
1311868201.8733 0.9091 -2.2055 2.7141 0.0474 0.6511 0.6527 -0.3844
1311868201.9053 0.9047 -2.2028 2.7167 0.0475 0.6505 0.6538 -0.3835
1311868201.9375 0.9019 -2.2099 2.7165 0.0464 0.6495 0.6559 -0.3818
1311868201.9733 0.8960 -2.2099 2.7164 0.0454 0.6486 0.6579 -0.3802
1311868202.0053 0.8953 -2.2076 2.7211 0.0445 0.6485 0.6580 -0.3803
1311868202.0375 0.8895 -2.2083 2.7231 0.0439 0.6478 0.6596 -0.3786
1311868202.0733 0.8865 -2.2089 2.7262 0.0446 0.6477 0.6600 -0.3782
1311868202.1053 0.8859 -2.2107 2.7261 0.0450 0.6469 0.6608 -0.3780
1311868202.1376 0.8863 -2.2072 2.7306 0.0449 0.6468 0.6617 -0.3766
1311868202.1733 0.8833 -2.2114 2.7311 0.0453 0.6458 0.6638 -0.3745
1311868202.2053 0.8843 -2.2077 2.7349 0.0426 0.6459 0.6650 -0.3726
1311868202.2375 0.8722 -2.2156 2.7380 0.0450 0.6452 0.6682 -0.3677
1311868202.2733 0.8692 -2.2181 2.7410 0.0450 0.6444 0.6707 -0.3646
1311868202.3053 0.8638 -2.2151 2.7421 0.0449 0.6434 0.6731 -0.3619
1311868202.3374 0.8610 -2.2182 2.7460 0.0452 0.6431 0.6738 -0.3612
1311868202.3733 0.8533 -2.2145 2.7486 0.0466 0.6425 0.6744 -0.3609
1311868202.4053 0.8492 -2.2191 2.7495 0.0471 0.6421 0.6749 -0.3605
1311868202.4374 0.8378 -2.2252 2.7549 0.0485 0.6429 0.6756 -0.3576
1311868202.4734 0.8347 -2.2296 2.7572 0.0471 0.6432 0.6762 -0.3561
1311868202.5054 0.8359 -2.2282 2.7570 0.0435 0.6424 0.6774 -0.3558
1311868202.5375 0.8288 -2.2307 2.7595 0.0417 0.6417 0.6784 -0.3553
1311868202.5734 0.8227 -2.2328 2.7625 0.0392 0.6408 0.6789 -0.3562
1311868202.6054 0.8195 -2.2363 2.7664 0.0370 0.6405 0.6784 -0.3580
1311868202.6374 0.8157 -2.2430 2.7703 0.0368 0.6410 0.6778 -0.3584
1311868202.6737 0.8093 -2.2465 2.7697 0.0373 0.6409 0.6784 -0.3573
1311868202.7055 0.8004 -2.2487 2.7703 0.0368 0.6416 0.6788 -0.3553
1311868202.7373 0.7975 -2.2492 2.7742 0.0340 0.6427 0.6782 -0.3546
1311868202.7734 0.7900 -2.2525 2.7738 0.0299 0.6437 0.6777 -0.3542
1311868202.8054 0.7845 -2.2558 2.7744 0.0256 0.6448 0.6769 -0.3541
1311868202.8376 0.7820 -2.2583 2.7773 0.0243 0.6467 0.6744 -0.3555
1311868202.8734 0.7792 -2.2546 2.7768 0.0249 0.6477 0.6724 -0.3572
1311868202.9054 0.7726 -2.2601 2.7769 0.0262 0.6494 0.6720 -0.3550
1311868202.9376 0.7686 -2.2642 2.7775 0.0250 0.6525 0.6709 -0.3514
1311868202.9734 0.7649 -2.2657 2.7767 0.0227 0.6554 0.6700 -0.3478
1311868203.0056 0.7610 -2.2669 2.7751 0.0209 0.6579 0.6689 -0.3454
1311868203.0376 0.7571 -2.2676 2.7715 0.0199 0.6593 0.6681 -0.3444
1311868203.0734 0.7562 -2.2688 2.7707 0.0207 0.6611 0.6664 -0.3440
1311868203.1056 0.7550 -2.2688 2.7696 0.0231 0.6633 0.6649 -0.3426
1311868203.1375 0.7575 -2.2609 2.7664 0.0283 0.6659 0.6624 -0.3420
1311868203.1735 0.7541 -2.2621 2.7664 0.0348 0.6699 0.6610 -0.3362
1311868203.2054 0.7491 -2.2607 2.7598 0.0387 0.6728 0.6608 -0.3304
1311868203.2375 0.7458 -2.2617 2.7515 0.0397 0.6752 0.6600 -0.3270
1311868203.2735 0.7432 -2.2625 2.7477 0.0391 0.6778 0.6582 -0.3252
1311868203.3055 0.7357 -2.2648 2.7374 0.0373 0.6799 0.6575 -0.3225
1311868203.3375 0.7340 -2.2677 2.7346 0.0337 0.6834 0.6552 -0.3202
1311868203.3736 0.7304 -2.2704 2.7287 0.0304 0.6861 0.6537 -0.3177
1311868203.4055 0.7266 -2.2729 2.7202 0.0264 0.6888 0.6524 -0.3149
1311868203.4377 0.7246 -2.2753 2.7180 0.0246 0.6917 0.6511 -0.3115
1311868203.5055 0.7217 -2.2766 2.7084 0.0260 0.6946 0.6524 -0.3021
1311868203.5374 0.7152 -2.2786 2.6992 0.0296 0.6958 0.6534 -0.2968
1311868203.5735 0.7133 -2.2815 2.7007 0.0299 0.6991 0.6524 -0.2912
1311868203.6054 0.7072 -2.2843 2.6910 0.0280 0.6993 0.6545 -0.2861
1311868203.6736 0.6970 -2.2848 2.6846 0.0278 0.7022 0.6517 -0.2854
1311868203.7055 0.6925 -2.2897 2.6813 0.0271 0.7034 0.6516 -0.2826
1311868203.7376 0.6868 -2.2904 2.6790 0.0266 0.7037 0.6528 -0.2793
1311868203.7737 0.6809 -2.2935 2.6721 0.0275 0.7034 0.6540 -0.2769
1311868203.8055 0.6780 -2.2971 2.6707 0.0298 0.7041 0.6547 -0.2734
1311868203.8375 0.6732 -2.3051 2.6704 0.0318 0.7026 0.6591 -0.2664
1311868203.9056 0.6531 -2.3052 2.6547 0.0319 0.6962 0.6708 -0.2537
1311868203.9377 0.6459 -2.3079 2.6485 0.0312 0.6971 0.6706 -0.2519
1311868203.9736 0.6350 -2.3107 2.6436 0.0300 0.6978 0.6704 -0.2505
1311868204.0055 0.6269 -2.3135 2.6375 0.0275 0.6997 0.6682 -0.2512
1311868204.0376 0.6236 -2.3195 2.6363 0.0266 0.7029 0.6651 -0.2507
1311868204.0736 0.6140 -2.3265 2.6314 0.0255 0.7038 0.6657 -0.2468
1311868204.1055 0.6063 -2.3265 2.6236 0.0247 0.7045 0.6657 -0.2446
1311868204.1377 0.6017 -2.3338 2.6202 0.0245 0.7067 0.6646 -0.2415
1311868204.1737 0.5923 -2.3364 2.6128 0.0257 0.7074 0.6648 -0.2387
1311868204.2055 0.5838 -2.3409 2.6081 0.0270 0.7087 0.6639 -0.2373
1311868204.2377 0.5790 -2.3439 2.6086 0.0270 0.7107 0.6617 -0.2373
1311868204.2736 0.5717 -2.3496 2.6027 0.0264 0.7107 0.6623 -0.2356
1311868204.3055 0.5656 -2.3541 2.6001 0.0270 0.7107 0.6633 -0.2330
1311868204.3377 0.5600 -2.3586 2.5981 0.0269 0.7100 0.6652 -0.2294
1311868204.3736 0.5551 -2.3599 2.5958 0.0278 0.7092 0.6671 -0.2264
1311868204.4057 0.5492 -2.3609 2.5917 0.0295 0.7085 0.6688 -0.2233
1311868204.4377 0.5425 -2.3669 2.5920 0.0319 0.7084 0.6702 -0.2191
1311868204.4735 0.5369 -2.3684 2.5878 0.0322 0.7063 0.6736 -0.2153
1311868204.5378 0.5217 -2.3752 2.5808 0.0293 0.7058 0.6761 -0.2094
1311868204.5737 0.5191 -2.3738 2.5797 0.0261 0.7065 0.6748 -0.2117
1311868204.6057 0.5142 -2.3792 2.5787 0.0235 0.7077 0.6730 -0.2135
1311868204.6376 0.5085 -2.3844 2.5743 0.0209 0.7078 0.6726 -0.2147
1311868204.6737 0.5046 -2.3883 2.5767 0.0183 0.7087 0.6715 -0.2154
1311868204.7055 0.5035 -2.3943 2.5753 0.0148 0.7089 0.6717 -0.2146
1311868204.7377 0.4969 -2.4009 2.5690 0.0137 0.7082 0.6730 -0.2129
1311868204.7737 0.4919 -2.4047 2.5654 0.0150 0.7079 0.6736 -0.2121
1311868204.8376 0.4905 -2.4132 2.5620 0.0223 0.7081 0.6739 -0.2095
1311868204.8736 0.4868 -2.4118 2.5605 0.0274 0.7084 0.6751 -0.2041
1311868204.9057 0.4816 -2.4183 2.5549 0.0314 0.7090 0.6760 -0.1983
1311868204.9377 0.4742 -2.4200 2.5532 0.0323 0.7101 0.6761 -0.1940
1311868205.0060 0.4620 -2.4295 2.5464 0.0259 0.7121 0.6726 -0.1996
1311868205.0377 0.4559 -2.4355 2.5441 0.0233 0.7125 0.6709 -0.2044
1311868205.0736 0.4531 -2.4399 2.5407 0.0212 0.7129 0.6689 -0.2093
1311868205.1376 0.4464 -2.4484 2.5337 0.0202 0.7148 0.6658 -0.2127
1311868205.1736 0.4474 -2.4527 2.5341 0.0187 0.7169 0.6635 -0.2131
1311868205.2056 0.4425 -2.4560 2.5319 0.0183 0.7185 0.6619 -0.2129
1311868205.2378 0.4400 -2.4572 2.5290 0.0168 0.7191 0.6611 -0.2134
1311868205.2736 0.4357 -2.4636 2.5266 0.0153 0.7203 0.6599 -0.2131
1311868205.3056 0.4328 -2.4635 2.5233 0.0124 0.7213 0.6589 -0.2131
1311868205.3378 0.4317 -2.4669 2.5218 0.0103 0.7234 0.6563 -0.2141
1311868205.3735 0.4309 -2.4723 2.5194 0.0093 0.7247 0.6551 -0.2132
1311868205.4057 0.4313 -2.4742 2.5177 0.0094 0.7275 0.6525 -0.2121
1311868205.4377 0.4306 -2.4752 2.5172 0.0113 0.7299 0.6502 -0.2105
1311868205.4736 0.4301 -2.4764 2.5156 0.0123 0.7331 0.6469 -0.2094
1311868205.5057 0.4290 -2.4779 2.5121 0.0130 0.7377 0.6420 -0.2085
1311868205.5377 0.4265 -2.4814 2.5100 0.0144 0.7426 0.6366 -0.2077
1311868205.5736 0.4239 -2.4867 2.5080 0.0150 0.7476 0.6308 -0.2073
1311868205.6055 0.4241 -2.4912 2.5104 0.0155 0.7516 0.6259 -0.2076
1311868205.6377 0.4229 -2.4952 2.5096 0.0151 0.7541 0.6231 -0.2073
1311868205.7056 0.4192 -2.4971 2.5036 0.0103 0.7565 0.6196 -0.2091
1311868205.7378 0.4188 -2.4999 2.5053 0.0101 0.7573 0.6176 -0.2120
1311868205.7736 0.4170 -2.5002 2.5033 0.0098 0.7571 0.6175 -0.2130
1311868205.8057 0.4148 -2.5032 2.5007 0.0093 0.7571 0.6174 -0.2136
1311868205.8376 0.4126 -2.5032 2.4981 0.0086 0.7566 0.6175 -0.2148
1311868205.9056 0.4116 -2.5039 2.4943 0.0077 0.7585 0.6140 -0.2182
1311868205.9378 0.4097 -2.5039 2.4920 0.0068 0.7601 0.6118 -0.2189
1311868205.9737 0.4090 -2.5053 2.4903 0.0050 0.7610 0.6106 -0.2189
1311868206.0056 0.4063 -2.5045 2.4844 0.0034 0.7617 0.6099 -0.2187
1311868206.0380 0.4050 -2.5053 2.4828 0.0012 0.7636 0.6074 -0.2190
1311868206.1057 0.3995 -2.5073 2.4727 0.0016 0.7656 0.6037 -0.2225
1311868206.1377 0.4001 -2.5109 2.4708 0.0026 0.7678 0.6004 -0.2236
1311868206.1738 0.3988 -2.5138 2.4693 0.0021 0.7702 0.5973 -0.2236
1311868206.2057 0.3954 -2.5173 2.4691 -0.0003 0.7722 0.5942 -0.2253
1311868206.2379 0.3934 -2.5202 2.4696 -0.0023 0.7733 0.5912 -0.2290
1311868206.3056 0.3927 -2.5224 2.4689 -0.0083 0.7737 0.5884 -0.2347
1311868206.3377 0.3924 -2.5214 2.4676 -0.0088 0.7737 0.5879 -0.2359
1311868206.4056 0.3920 -2.5170 2.4694 -0.0095 0.7734 0.5882 -0.2360
1311868206.4377 0.3903 -2.5155 2.4713 -0.0103 0.7733 0.5883 -0.2363
1311868206.4737 0.3923 -2.5118 2.4756 -0.0101 0.7732 0.5882 -0.2369
1311868206.5058 0.3946 -2.5049 2.4812 -0.0077 0.7729 0.5885 -0.2372
1311868206.5377 0.3946 -2.5008 2.4816 -0.0066 0.7716 0.5913 -0.2346
1311868206.5737 0.3930 -2.4957 2.4839 -0.0075 0.7701 0.5943 -0.2318
1311868206.6378 0.3912 -2.4880 2.4901 -0.0138 0.7671 0.5996 -0.2277
1311868206.6738 0.3899 -2.4839 2.4909 -0.0183 0.7650 0.6026 -0.2264
1311868206.7057 0.3917 -2.4808 2.4938 -0.0223 0.7640 0.6041 -0.2257
1311868206.7377 0.3947 -2.4773 2.4998 -0.0239 0.7635 0.6051 -0.2241
1311868206.8057 0.3943 -2.4716 2.5085 -0.0216 0.7627 0.6082 -0.2188
1311868206.8377 0.3935 -2.4705 2.5128 -0.0222 0.7624 0.6097 -0.2155
1311868206.8737 0.3916 -2.4707 2.5188 -0.0229 0.7627 0.6102 -0.2131
1311868206.9060 0.3910 -2.4678 2.5253 -0.0242 0.7624 0.6110 -0.2117
1311868206.9381 0.3900 -2.4661 2.5290 -0.0244 0.7627 0.6109 -0.2112
1311868206.9737 0.3903 -2.4650 2.5382 -0.0242 0.7627 0.6117 -0.2086
1311868207.0057 0.3872 -2.4628 2.5400 -0.0243 0.7615 0.6145 -0.2046
1311868207.0738 0.3792 -2.4607 2.5464 -0.0271 0.7603 0.6172 -0.2005
1311868207.1057 0.3798 -2.4610 2.5524 -0.0286 0.7606 0.6171 -0.1997
1311868207.1377 0.3789 -2.4613 2.5598 -0.0296 0.7608 0.6177 -0.1970
1311868207.2058 0.3740 -2.4616 2.5685 -0.0305 0.7604 0.6202 -0.1903
1311868207.2378 0.3736 -2.4620 2.5764 -0.0307 0.7609 0.6204 -0.1876
1311868207.2738 0.3723 -2.4629 2.5850 -0.0299 0.7612 0.6209 -0.1851
1311868207.3057 0.3714 -2.4624 2.5926 -0.0291 0.7616 0.6210 -0.1831
1311868207.3379 0.3697 -2.4618 2.6020 -0.0269 0.7620 0.6210 -0.1816
1311868207.4058 0.3628 -2.4604 2.6104 -0.0218 0.7614 0.6230 -0.1778
1311868207.4380 0.3578 -2.4598 2.6180 -0.0182 0.7609 0.6239 -0.1774
1311868207.4736 0.3526 -2.4597 2.6223 -0.0163 0.7603 0.6245 -0.1779
1311868207.5057 0.3490 -2.4600 2.6303 -0.0170 0.7606 0.6240 -0.1783
1311868207.5378 0.3457 -2.4603 2.6378 -0.0189 0.7601 0.6245 -0.1787
1311868207.5739 0.3435 -2.4597 2.6452 -0.0197 0.7601 0.6240 -0.1802
1311868207.6057 0.3420 -2.4572 2.6552 -0.0198 0.7600 0.6238 -0.1813
1311868207.6377 0.3413 -2.4552 2.6656 -0.0200 0.7601 0.6237 -0.1816
1311868207.6738 0.3383 -2.4529 2.6713 -0.0200 0.7588 0.6253 -0.1810
1311868207.7058 0.3354 -2.4511 2.6783 -0.0209 0.7582 0.6261 -0.1807
1311868207.7378 0.3314 -2.4507 2.6852 -0.0221 0.7572 0.6274 -0.1803
1311868207.7737 0.3279 -2.4492 2.6913 -0.0235 0.7561 0.6287 -0.1804
1311868207.8058 0.3262 -2.4460 2.6982 -0.0237 0.7552 0.6294 -0.1815
1311868207.8379 0.3223 -2.4448 2.7053 -0.0233 0.7544 0.6301 -0.1824
1311868207.8739 0.3191 -2.4452 2.7125 -0.0247 0.7535 0.6308 -0.1837
1311868207.9057 0.3171 -2.4443 2.7186 -0.0262 0.7524 0.6317 -0.1849
1311868207.9378 0.3147 -2.4453 2.7261 -0.0279 0.7516 0.6323 -0.1857
1311868207.9738 0.3141 -2.4434 2.7330 -0.0287 0.7509 0.6328 -0.1870
1311868208.0058 0.3143 -2.4427 2.7421 -0.0290 0.7508 0.6326 -0.1878
1311868208.0377 0.3145 -2.4409 2.7514 -0.0295 0.7507 0.6326 -0.1884
1311868208.0737 0.3143 -2.4389 2.7600 -0.0306 0.7502 0.6331 -0.1883
1311868208.1377 0.3113 -2.4401 2.7720 -0.0341 0.7478 0.6361 -0.1868
1311868208.1738 0.3076 -2.4402 2.7754 -0.0361 0.7457 0.6388 -0.1860
1311868208.2378 0.3060 -2.4410 2.7893 -0.0394 0.7435 0.6408 -0.1870
1311868208.2739 0.3043 -2.4393 2.7932 -0.0402 0.7417 0.6428 -0.1873
1311868208.3378 0.3015 -2.4414 2.8051 -0.0395 0.7398 0.6454 -0.1861
1311868208.3738 0.3011 -2.4403 2.8138 -0.0379 0.7395 0.6460 -0.1855
1311868208.4379 0.2989 -2.4391 2.8255 -0.0355 0.7379 0.6480 -0.1851
1311868208.4739 0.2926 -2.4428 2.8283 -0.0337 0.7362 0.6503 -0.1844
1311868208.5379 0.2882 -2.4436 2.8354 -0.0330 0.7347 0.6518 -0.1852
1311868208.5739 0.2865 -2.4422 2.8402 -0.0334 0.7349 0.6515 -0.1850
1311868208.6378 0.2804 -2.4441 2.8496 -0.0304 0.7339 0.6531 -0.1843
1311868208.6739 0.2763 -2.4433 2.8564 -0.0278 0.7322 0.6550 -0.1844
1311868208.7378 0.2711 -2.4428 2.8666 -0.0241 0.7286 0.6590 -0.1851
1311868208.7740 0.2667 -2.4426 2.8719 -0.0233 0.7266 0.6613 -0.1849
1311868208.8378 0.2603 -2.4385 2.8835 -0.0214 0.7230 0.6646 -0.1873
1311868208.8738 0.2585 -2.4368 2.8875 -0.0205 0.7208 0.6670 -0.1876
1311868208.9377 0.2562 -2.4264 2.8939 -0.0184 0.7176 0.6700 -0.1895
1311868208.9738 0.2521 -2.4277 2.8973 -0.0165 0.7164 0.6711 -0.1899
1311868209.0378 0.2455 -2.4229 2.9056 -0.0176 0.7140 0.6733 -0.1911
1311868209.0738 0.2466 -2.4146 2.9118 -0.0196 0.7132 0.6736 -0.1931
1311868209.1378 0.2415 -2.4070 2.9166 -0.0184 0.7089 0.6771 -0.1966
1311868209.1738 0.2399 -2.4041 2.9227 -0.0179 0.7080 0.6781 -0.1965
1311868209.2378 0.2370 -2.3931 2.9260 -0.0178 0.7045 0.6822 -0.1950
1311868209.2738 0.2331 -2.3864 2.9275 -0.0179 0.7035 0.6835 -0.1937
1311868209.3058 0.2304 -2.3835 2.9233 -0.0183 0.7017 0.6856 -0.1930
1311868209.3419 0.2263 -2.3762 2.9290 -0.0167 0.7014 0.6855 -0.1945
1311868209.4058 0.2183 -2.3667 2.9322 -0.0123 0.6994 0.6863 -0.1994
1311868209.4420 0.2132 -2.3603 2.9310 -0.0101 0.6979 0.6875 -0.2006
1311868209.5058 0.2071 -2.3487 2.9356 -0.0077 0.6986 0.6863 -0.2022
1311868209.5418 0.2004 -2.3478 2.9374 -0.0066 0.6992 0.6863 -0.2004
1311868209.6060 0.1935 -2.3353 2.9379 -0.0062 0.6998 0.6861 -0.1986
1311868209.6421 0.1909 -2.3306 2.9371 -0.0039 0.6996 0.6864 -0.1985
1311868209.7059 0.1827 -2.3238 2.9369 -0.0007 0.6997 0.6877 -0.1935
1311868209.7420 0.1823 -2.3192 2.9362 -0.0017 0.6999 0.6877 -0.1930
1311868209.8058 0.1691 -2.3173 2.9314 -0.0047 0.6993 0.6889 -0.1907
1311868209.8419 0.1663 -2.3175 2.9355 -0.0081 0.6999 0.6880 -0.1914
1311868209.9058 0.1603 -2.3008 2.9349 -0.0133 0.6998 0.6877 -0.1931
1311868209.9421 0.1558 -2.3007 2.9390 -0.0132 0.7016 0.6859 -0.1926
1311868210.0059 0.1564 -2.2899 2.9376 -0.0125 0.7031 0.6846 -0.1919
1311868210.0420 0.1536 -2.2899 2.9406 -0.0112 0.7049 0.6832 -0.1905
1311868210.0738 0.1532 -2.2869 2.9414 -0.0114 0.7058 0.6826 -0.1893
1311868210.1059 0.1510 -2.2850 2.9450 -0.0121 0.7071 0.6816 -0.1875
1311868210.1419 0.1493 -2.2819 2.9451 -0.0140 0.7072 0.6818 -0.1868
1311868210.1739 0.1452 -2.2791 2.9439 -0.0154 0.7069 0.6822 -0.1862
1311868210.2058 0.1437 -2.2783 2.9461 -0.0156 0.7075 0.6817 -0.1858
1311868210.2419 0.1465 -2.2728 2.9484 -0.0164 0.7075 0.6816 -0.1860
1311868210.3060 0.1395 -2.2712 2.9507 -0.0128 0.7070 0.6829 -0.1834
1311868210.3419 0.1414 -2.2701 2.9512 -0.0124 0.7059 0.6844 -0.1822
1311868210.4059 0.1360 -2.2664 2.9503 -0.0107 0.7035 0.6876 -0.1795
1311868210.4420 0.1334 -2.2651 2.9533 -0.0103 0.7027 0.6887 -0.1786
1311868210.4739 0.1328 -2.2619 2.9540 -0.0109 0.7021 0.6893 -0.1785
1311868210.5059 0.1298 -2.2594 2.9515 -0.0104 0.7017 0.6898 -0.1783
1311868210.5419 0.1303 -2.2577 2.9529 -0.0087 0.7024 0.6890 -0.1784
1311868210.5739 0.1295 -2.2576 2.9560 -0.0063 0.7032 0.6884 -0.1777
1311868210.6060 0.1304 -2.2551 2.9546 -0.0041 0.7031 0.6885 -0.1777
1311868210.6420 0.1383 -2.2527 2.9604 -0.0042 0.7042 0.6872 -0.1783
1311868210.6739 0.1292 -2.2533 2.9554 -0.0031 0.7034 0.6889 -0.1752
1311868210.7059 0.1235 -2.2541 2.9547 -0.0034 0.7037 0.6892 -0.1725
1311868210.7421 0.1318 -2.2504 2.9567 -0.0073 0.7049 0.6878 -0.1730
1311868210.7740 0.1192 -2.2551 2.9556 -0.0063 0.7055 0.6883 -0.1689
1311868210.8059 0.1200 -2.2554 2.9553 -0.0082 0.7064 0.6878 -0.1666
1311868210.8419 0.1218 -2.2534 2.9562 -0.0096 0.7078 0.6868 -0.1649
1311868210.8740 0.1229 -2.2539 2.9538 -0.0117 0.7087 0.6864 -0.1627
1311868210.9058 0.1168 -2.2583 2.9575 -0.0103 0.7101 0.6858 -0.1589
1311868210.9420 0.1117 -2.2578 2.9580 -0.0094 0.7107 0.6860 -0.1556
1311868210.9742 0.1127 -2.2594 2.9610 -0.0097 0.7118 0.6851 -0.1546
1311868211.0058 0.1066 -2.2616 2.9585 -0.0097 0.7108 0.6867 -0.1521
1311868211.0419 0.0933 -2.2623 2.9607 -0.0100 0.7107 0.6876 -0.1485
1311868211.0740 0.0832 -2.2645 2.9608 -0.0105 0.7102 0.6885 -0.1464
1311868211.1060 0.0922 -2.2645 2.9643 -0.0151 0.7108 0.6875 -0.1479
1311868211.1420 0.0806 -2.2663 2.9695 -0.0140 0.7114 0.6874 -0.1457
1311868211.1741 0.0715 -2.2679 2.9696 -0.0126 0.7109 0.6883 -0.1439
1311868211.2058 0.0728 -2.2691 2.9728 -0.0129 0.7115 0.6876 -0.1446
1311868211.2420 0.0587 -2.2719 2.9784 -0.0096 0.7119 0.6880 -0.1410
1311868211.2741 0.0547 -2.2736 2.9792 -0.0103 0.7114 0.6888 -0.1388
1311868211.3061 0.0490 -2.2753 2.9814 -0.0121 0.7107 0.6901 -0.1361
1311868211.3422 0.0410 -2.2790 2.9822 -0.0141 0.7101 0.6911 -0.1341
1311868211.3741 0.0350 -2.2806 2.9853 -0.0161 0.7098 0.6914 -0.1338
1311868211.4061 0.0280 -2.2830 2.9882 -0.0166 0.7095 0.6917 -0.1336
1311868211.4422 0.0229 -2.2852 2.9952 -0.0164 0.7099 0.6914 -0.1331
1311868211.4739 0.0140 -2.2895 2.9967 -0.0169 0.7095 0.6922 -0.1309
1311868211.5059 0.0052 -2.2932 2.9990 -0.0176 0.7095 0.6926 -0.1287
1311868211.5419 0.0023 -2.2959 3.0009 -0.0199 0.7095 0.6928 -0.1276
1311868211.5740 -0.0023 -2.2976 3.0058 -0.0214 0.7101 0.6922 -0.1270
1311868211.6060 -0.0105 -2.3022 3.0095 -0.0218 0.7104 0.6921 -0.1258
1311868211.6420 -0.0183 -2.3053 3.0148 -0.0210 0.7106 0.6922 -0.1244
1311868211.6740 -0.0235 -2.3073 3.0156 -0.0212 0.7098 0.6932 -0.1231
1311868211.7060 -0.0334 -2.3125 3.0238 -0.0203 0.7102 0.6933 -0.1208
1311868211.7421 -0.0385 -2.3127 3.0225 -0.0220 0.7085 0.6951 -0.1199
1311868211.7740 -0.0402 -2.3153 3.0267 -0.0235 0.7078 0.6956 -0.1209
1311868211.8062 -0.0471 -2.3191 3.0293 -0.0237 0.7071 0.6962 -0.1215
1311868211.8421 -0.0489 -2.3204 3.0300 -0.0241 0.7063 0.6967 -0.1232
1311868211.8739 -0.0530 -2.3258 3.0365 -0.0235 0.7064 0.6966 -0.1229
1311868211.9060 -0.0568 -2.3260 3.0406 -0.0228 0.7063 0.6968 -0.1229
1311868211.9423 -0.0610 -2.3292 3.0429 -0.0221 0.7051 0.6979 -0.1236
1311868211.9740 -0.0660 -2.3321 3.0402 -0.0232 0.7037 0.6993 -0.1236
1311868212.0059 -0.0733 -2.3353 3.0467 -0.0238 0.7040 0.6990 -0.1237
1311868212.0422 -0.0798 -2.3342 3.0534 -0.0243 0.7039 0.6988 -0.1250
1311868212.0740 -0.0788 -2.3377 3.0544 -0.0249 0.7027 0.6995 -0.1277
1311868212.1059 -0.0833 -2.3431 3.0554 -0.0243 0.7018 0.7004 -0.1280
1311868212.1421 -0.0887 -2.3431 3.0631 -0.0255 0.7017 0.7006 -0.1267
1311868212.1740 -0.0904 -2.3422 3.0640 -0.0258 0.7012 0.7008 -0.1286
1311868212.2061 -0.0949 -2.3462 3.0630 -0.0259 0.7004 0.7014 -0.1297
1311868212.2423 -0.1019 -2.3488 3.0586 -0.0257 0.6991 0.7028 -0.1292
1311868212.2743 -0.1082 -2.3529 3.0631 -0.0256 0.6999 0.7022 -0.1283
1311868212.3060 -0.1177 -2.3559 3.0661 -0.0249 0.7004 0.7020 -0.1268
1311868212.3421 -0.1187 -2.3568 3.0709 -0.0262 0.7012 0.7010 -0.1273
1311868212.3742 -0.1229 -2.3527 3.0677 -0.0273 0.7006 0.7014 -0.1283
1311868212.4061 -0.1234 -2.3580 3.0726 -0.0269 0.7011 0.7003 -0.1318
1311868212.4421 -0.1241 -2.3604 3.0801 -0.0264 0.7023 0.6985 -0.1348
1311868212.4740 -0.1226 -2.3572 3.0695 -0.0276 0.7002 0.7000 -0.1377
1311868212.5060 -0.1280 -2.3596 3.0715 -0.0265 0.7014 0.6985 -0.1392
1311868212.5422 -0.1404 -2.3640 3.0775 -0.0255 0.7030 0.6973 -0.1377
1311868212.5740 -0.1463 -2.3617 3.0652 -0.0262 0.7011 0.6991 -0.1382
1311868212.6061 -0.1512 -2.3626 3.0673 -0.0251 0.7022 0.6976 -0.1403
1311868212.6421 -0.1561 -2.3657 3.0603 -0.0260 0.7010 0.6985 -0.1413
1311868212.6742 -0.1526 -2.3650 3.0733 -0.0273 0.7034 0.6955 -0.1442
1311868212.7069 -0.1534 -2.3649 3.0736 -0.0272 0.7036 0.6949 -0.1460
1311868212.7422 -0.1599 -2.3647 3.0742 -0.0269 0.7048 0.6936 -0.1465
1311868212.7739 -0.1674 -2.3652 3.0733 -0.0276 0.7051 0.6934 -0.1457
1311868212.8060 -0.1745 -2.3675 3.0765 -0.0275 0.7060 0.6925 -0.1455
1311868212.8421 -0.1775 -2.3676 3.0810 -0.0279 0.7067 0.6917 -0.1462
1311868212.8741 -0.1799 -2.3678 3.0796 -0.0291 0.7063 0.6918 -0.1470
1311868212.9062 -0.1819 -2.3690 3.0741 -0.0308 0.7055 0.6925 -0.1474
1311868212.9421 -0.1798 -2.3652 3.0630 -0.0351 0.7039 0.6937 -0.1482
1311868212.9742 -0.1803 -2.3645 3.0755 -0.0356 0.7070 0.6903 -0.1497
1311868213.0062 -0.1817 -2.3650 3.0747 -0.0347 0.7070 0.6901 -0.1508
1311868213.0422 -0.1870 -2.3624 3.0751 -0.0326 0.7079 0.6894 -0.1503
1311868213.0740 -0.1915 -2.3613 3.0713 -0.0316 0.7076 0.6900 -0.1490
1311868213.1061 -0.1979 -2.3594 3.0707 -0.0315 0.7080 0.6900 -0.1469
1311868213.1421 -0.2036 -2.3585 3.0617 -0.0321 0.7071 0.6914 -0.1447
1311868213.1742 -0.1985 -2.3567 3.0638 -0.0358 0.7089 0.6895 -0.1439
1311868213.2063 -0.2045 -2.3558 3.0510 -0.0358 0.7081 0.6908 -0.1416
1311868213.2422 -0.2097 -2.3522 3.0551 -0.0355 0.7108 0.6886 -0.1387
1311868213.2740 -0.2164 -2.3527 3.0407 -0.0353 0.7102 0.6899 -0.1359
1311868213.3062 -0.2190 -2.3496 3.0432 -0.0364 0.7128 0.6876 -0.1334
1311868213.3424 -0.2224 -2.3483 3.0413 -0.0376 0.7141 0.6866 -0.1315
1311868213.3744 -0.2318 -2.3490 3.0398 -0.0366 0.7147 0.6864 -0.1292
1311868213.4060 -0.2341 -2.3467 3.0368 -0.0362 0.7144 0.6869 -0.1289
1311868213.4423 -0.2408 -2.3451 3.0365 -0.0347 0.7145 0.6871 -0.1273
1311868213.4745 -0.2487 -2.3437 3.0319 -0.0344 0.7138 0.6884 -0.1242
1311868213.5063 -0.2487 -2.3412 3.0360 -0.0365 0.7143 0.6880 -0.1225
1311868213.5422 -0.2499 -2.3389 3.0273 -0.0390 0.7127 0.6899 -0.1208
1311868213.5743 -0.2608 -2.3373 3.0284 -0.0391 0.7131 0.6900 -0.1176
1311868213.6084 -0.2621 -2.3359 3.0273 -0.0399 0.7130 0.6902 -0.1165
1311868213.6421 -0.2656 -2.3332 3.0255 -0.0421 0.7131 0.6905 -0.1141
1311868213.6742 -0.2688 -2.3314 3.0264 -0.0435 0.7141 0.6894 -0.1132
1311868213.7063 -0.2703 -2.3303 3.0205 -0.0449 0.7140 0.6895 -0.1127
1311868213.7422 -0.2695 -2.3275 3.0228 -0.0441 0.7152 0.6882 -0.1138
1311868213.7741 -0.2737 -2.3252 3.0217 -0.0414 0.7161 0.6873 -0.1143
1311868213.8062 -0.2739 -2.3224 3.0167 -0.0406 0.7164 0.6870 -0.1148
1311868213.8422 -0.2822 -2.3240 3.0120 -0.0379 0.7166 0.6871 -0.1140
1311868213.8741 -0.2818 -2.3190 3.0156 -0.0388 0.7182 0.6854 -0.1136
1311868213.9063 -0.2900 -2.3209 3.0060 -0.0378 0.7176 0.6863 -0.1125
1311868213.9422 -0.2925 -2.3207 3.0137 -0.0377 0.7203 0.6835 -0.1126
1311868213.9741 -0.2916 -2.3173 3.0067 -0.0403 0.7205 0.6833 -0.1114
1311868214.0063 -0.2939 -2.3153 3.0133 -0.0396 0.7240 0.6798 -0.1101
1311868214.0422 -0.2901 -2.3184 3.0066 -0.0397 0.7243 0.6797 -0.1083
1311868214.0741 -0.2953 -2.3145 3.0114 -0.0369 0.7268 0.6775 -0.1066
1311868214.1062 -0.3015 -2.3132 3.0075 -0.0312 0.7268 0.6778 -0.1063
1311868214.1423 -0.3069 -2.3131 3.0056 -0.0268 0.7270 0.6780 -0.1050
1311868214.1740 -0.3052 -2.3122 3.0099 -0.0229 0.7280 0.6772 -0.1047
1311868214.2063 -0.3086 -2.3136 3.0053 -0.0200 0.7276 0.6783 -0.1011
1311868214.2422 -0.3072 -2.3108 3.0014 -0.0203 0.7277 0.6786 -0.0984
1311868214.2742 -0.3158 -2.3123 2.9952 -0.0196 0.7272 0.6794 -0.0957
1311868214.3064 -0.3173 -2.3119 2.9929 -0.0204 0.7271 0.6794 -0.0961
1311868214.3423 -0.3211 -2.3121 2.9924 -0.0203 0.7274 0.6791 -0.0963
1311868214.3742 -0.3208 -2.3090 2.9950 -0.0209 0.7286 0.6778 -0.0964
1311868214.4062 -0.3204 -2.3085 2.9957 -0.0195 0.7290 0.6774 -0.0962
1311868214.4422 -0.3217 -2.3078 2.9951 -0.0176 0.7298 0.6767 -0.0953
1311868214.4743 -0.3288 -2.3083 2.9947 -0.0173 0.7305 0.6766 -0.0911
1311868214.5066 -0.3279 -2.3083 2.9898 -0.0188 0.7299 0.6775 -0.0888
1311868214.5423 -0.3270 -2.3060 2.9912 -0.0214 0.7308 0.6767 -0.0876
1311868214.5744 -0.3320 -2.3067 2.9913 -0.0220 0.7315 0.6761 -0.0856
1311868214.6064 -0.3361 -2.3065 2.9895 -0.0217 0.7317 0.6763 -0.0823
1311868214.6423 -0.3345 -2.3024 2.9933 -0.0225 0.7335 0.6748 -0.0786
1311868214.6744 -0.3440 -2.3036 2.9885 -0.0217 0.7334 0.6756 -0.0725
1311868214.7062 -0.3478 -2.3028 2.9855 -0.0210 0.7339 0.6754 -0.0693
1311868214.7423 -0.3470 -2.3005 2.9887 -0.0214 0.7356 0.6738 -0.0665
1311868214.7745 -0.3504 -2.3022 2.9868 -0.0224 0.7365 0.6732 -0.0619
1311868214.8065 -0.3542 -2.3008 2.9855 -0.0239 0.7376 0.6724 -0.0564
1311868214.8423 -0.3561 -2.2997 2.9853 -0.0260 0.7393 0.6709 -0.0512
1311868214.8743 -0.3613 -2.3003 2.9810 -0.0260 0.7400 0.6705 -0.0461
1311868214.9063 -0.3628 -2.3001 2.9809 -0.0252 0.7404 0.6704 -0.0419
1311868214.9422 -0.3655 -2.2985 2.9799 -0.0242 0.7404 0.6706 -0.0377
1311868214.9744 -0.3718 -2.2995 2.9807 -0.0256 0.7404 0.6709 -0.0317
1311868215.0064 -0.3745 -2.3002 2.9803 -0.0298 0.7408 0.6706 -0.0270
1311868215.0422 -0.3740 -2.3000 2.9818 -0.0343 0.7415 0.6697 -0.0245
1311868215.0742 -0.3747 -2.3001 2.9801 -0.0373 0.7416 0.6694 -0.0227
1311868215.1062 -0.3804 -2.2993 2.9771 -0.0381 0.7422 0.6688 -0.0196
1311868215.1423 -0.3807 -2.2998 2.9784 -0.0389 0.7436 0.6673 -0.0168
1311868215.1743 -0.3829 -2.3003 2.9758 -0.0402 0.7442 0.6667 -0.0123
1311868215.2064 -0.3877 -2.3028 2.9716 -0.0415 0.7441 0.6667 -0.0081
1311868215.2423 -0.3906 -2.3034 2.9715 -0.0427 0.7451 0.6656 -0.0053
1311868215.2744 -0.3923 -2.3042 2.9710 -0.0446 0.7455 0.6650 -0.0031
1311868215.3064 -0.3917 -2.3030 2.9689 -0.0465 0.7457 0.6646 -0.0020
1311868215.3425 -0.3924 -2.3044 2.9693 -0.0470 0.7465 0.6638 -0.0004
1311868215.3742 -0.3978 -2.3045 2.9639 -0.0472 0.7453 0.6650 0.0034
1311868215.4064 -0.3958 -2.3044 2.9606 -0.0480 0.7454 0.6648 0.0050
1311868215.4423 -0.3969 -2.3047 2.9558 -0.0476 0.7456 0.6647 0.0071
1311868215.4745 -0.3987 -2.3053 2.9510 -0.0487 0.7458 0.6643 0.0099
1311868215.5063 -0.3931 -2.3029 2.9546 -0.0512 0.7481 0.6615 0.0107
1311868215.5423 -0.3930 -2.3050 2.9507 -0.0520 0.7489 0.6605 0.0120
1311868215.5741 -0.3944 -2.3082 2.9423 -0.0513 0.7486 0.6609 0.0129
1311868215.6062 -0.3968 -2.3062 2.9388 -0.0499 0.7500 0.6594 0.0138
1311868215.6424 -0.3990 -2.3085 2.9365 -0.0492 0.7523 0.6567 0.0173
1311868215.6745 -0.3962 -2.3106 2.9329 -0.0503 0.7535 0.6551 0.0223
1311868215.7065 -0.3928 -2.3112 2.9328 -0.0503 0.7549 0.6534 0.0266
1311868215.7422 -0.3950 -2.3101 2.9267 -0.0497 0.7551 0.6530 0.0304
1311868215.7747 -0.3927 -2.3100 2.9254 -0.0507 0.7561 0.6517 0.0328
1311868215.8066 -0.3952 -2.3120 2.9187 -0.0513 0.7564 0.6511 0.0368
1311868215.8423 -0.3940 -2.3111 2.9153 -0.0525 0.7571 0.6500 0.0387
1311868215.8742 -0.3930 -2.3147 2.9137 -0.0511 0.7581 0.6489 0.0387
1311868215.9064 -0.3909 -2.3113 2.9112 -0.0504 0.7590 0.6478 0.0405
1311868215.9424 -0.3948 -2.3159 2.8981 -0.0486 0.7585 0.6484 0.0432
1311868215.9743 -0.3918 -2.3150 2.9063 -0.0482 0.7607 0.6458 0.0439
1311868216.0065 -0.3960 -2.3179 2.8877 -0.0469 0.7587 0.6481 0.0458
1311868216.0425 -0.3895 -2.3150 2.8964 -0.0470 0.7616 0.6448 0.0448
1311868216.0742 -0.3925 -2.3185 2.8810 -0.0463 0.7601 0.6465 0.0460
1311868216.1063 -0.3873 -2.3181 2.8873 -0.0471 0.7627 0.6436 0.0438
1311868216.1424 -0.3914 -2.3201 2.8770 -0.0452 0.7633 0.6431 0.0420
1311868216.1742 -0.3903 -2.3250 2.8764 -0.0435 0.7652 0.6411 0.0401
1311868216.2063 -0.3909 -2.3282 2.8733 -0.0433 0.7652 0.6410 0.0415
1311868216.2429 -0.3905 -2.3269 2.8721 -0.0423 0.7671 0.6388 0.0410
1311868216.2759 -0.3924 -2.3301 2.8661 -0.0407 0.7683 0.6374 0.0412
1311868216.3067 -0.3901 -2.3296 2.8693 -0.0411 0.7694 0.6359 0.0430
1311868216.3426 -0.3956 -2.3351 2.8590 -0.0407 0.7686 0.6366 0.0473
1311868216.3743 -0.3963 -2.3342 2.8576 -0.0394 0.7690 0.6361 0.0494
1311868216.4067 -0.3932 -2.3321 2.8592 -0.0389 0.7699 0.6351 0.0483
1311868216.4423 -0.3934 -2.3347 2.8580 -0.0402 0.7703 0.6347 0.0467
1311868216.4744 -0.4027 -2.3365 2.8424 -0.0408 0.7694 0.6358 0.0464
1311868216.5064 -0.3932 -2.3321 2.8557 -0.0432 0.7726 0.6320 0.0417
1311868216.5424 -0.3991 -2.3386 2.8430 -0.0436 0.7716 0.6333 0.0408
1311868216.5743 -0.4026 -2.3380 2.8379 -0.0423 0.7717 0.6333 0.0394
1311868216.6065 -0.4028 -2.3437 2.8390 -0.0407 0.7735 0.6313 0.0383
1311868216.6425 -0.4054 -2.3423 2.8337 -0.0388 0.7737 0.6311 0.0389
1311868216.6743 -0.4038 -2.3461 2.8319 -0.0371 0.7754 0.6292 0.0396
1311868216.7066 -0.4075 -2.3475 2.8325 -0.0342 0.7772 0.6269 0.0416
1311868216.7425 -0.4077 -2.3508 2.8303 -0.0334 0.7791 0.6246 0.0417
1311868216.7743 -0.4127 -2.3503 2.8268 -0.0320 0.7813 0.6219 0.0421
1311868216.8064 -0.4126 -2.3522 2.8260 -0.0320 0.7837 0.6189 0.0414
1311868216.8425 -0.4158 -2.3560 2.8220 -0.0323 0.7852 0.6169 0.0426
1311868216.8744 -0.4146 -2.3563 2.8235 -0.0330 0.7864 0.6154 0.0427
1311868216.9064 -0.4200 -2.3597 2.8176 -0.0350 0.7869 0.6145 0.0439
1311868216.9424 -0.4152 -2.3608 2.8184 -0.0368 0.7885 0.6125 0.0412
1311868216.9746 -0.4205 -2.3641 2.8159 -0.0368 0.7890 0.6119 0.0406
1311868217.0064 -0.4228 -2.3668 2.8141 -0.0372 0.7890 0.6119 0.0408
1311868217.0424 -0.4231 -2.3666 2.8154 -0.0386 0.7889 0.6119 0.0402
1311868217.0746 -0.4240 -2.3686 2.8122 -0.0396 0.7875 0.6139 0.0387
1311868217.1067 -0.4224 -2.3698 2.8111 -0.0407 0.7874 0.6140 0.0363
1311868217.1437 -0.4278 -2.3728 2.8053 -0.0411 0.7882 0.6129 0.0359
1311868217.1746 -0.4304 -2.3730 2.8013 -0.0415 0.7895 0.6113 0.0346
1311868217.2066 -0.4280 -2.3761 2.8003 -0.0419 0.7927 0.6073 0.0322
1311868217.2424 -0.4293 -2.3788 2.7995 -0.0421 0.7953 0.6039 0.0324
1311868217.2747 -0.4283 -2.3819 2.8003 -0.0425 0.7978 0.6006 0.0316
1311868217.3073 -0.4284 -2.3838 2.8016 -0.0418 0.8000 0.5977 0.0300
1311868217.3425 -0.4297 -2.3854 2.8018 -0.0412 0.8021 0.5951 0.0290
1311868217.3743 -0.4302 -2.3884 2.8033 -0.0414 0.8034 0.5933 0.0291
1311868217.4067 -0.4322 -2.3915 2.7992 -0.0428 0.8037 0.5926 0.0309
1311868217.4425 -0.4337 -2.3940 2.7985 -0.0449 0.8042 0.5918 0.0326
1311868217.4751 -0.4334 -2.3929 2.7988 -0.0464 0.8044 0.5913 0.0326
1311868217.5066 -0.4343 -2.3938 2.7979 -0.0460 0.8044 0.5914 0.0322
1311868217.5423 -0.4345 -2.3935 2.7978 -0.0447 0.8042 0.5918 0.0318
1311868217.5743 -0.4328 -2.3913 2.8002 -0.0442 0.8043 0.5917 0.0317
1311868217.6063 -0.4326 -2.3883 2.8015 -0.0444 0.8041 0.5920 0.0316
1311868217.6424 -0.4315 -2.3852 2.8024 -0.0444 0.8040 0.5922 0.0303
1311868217.6744 -0.4297 -2.3816 2.8038 -0.0446 0.8040 0.5923 0.0289
1311868217.7064 -0.4279 -2.3798 2.8040 -0.0450 0.8041 0.5922 0.0283
1311868217.7424 -0.4275 -2.3781 2.8044 -0.0449 0.8042 0.5920 0.0281
1311868217.7755 -0.4263 -2.3756 2.8055 -0.0450 0.8042 0.5920 0.0278
1311868217.8068 -0.4250 -2.3730 2.8060 -0.0455 0.8043 0.5918 0.0274
1311868217.8425 -0.4232 -2.3704 2.8063 -0.0466 0.8045 0.5915 0.0267
1311868217.8743 -0.4229 -2.3693 2.8064 -0.0481 0.8049 0.5909 0.0266
1311868217.9065 -0.4235 -2.3689 2.8058 -0.0495 0.8052 0.5903 0.0264
1311868217.9425 -0.4250 -2.3671 2.8044 -0.0503 0.8057 0.5896 0.0265
1311868217.9751 -0.4243 -2.3667 2.8036 -0.0499 0.8062 0.5889 0.0261
1311868218.0064 -0.4234 -2.3641 2.8060 -0.0477 0.8075 0.5873 0.0259
1311868218.0424 -0.4209 -2.3639 2.8075 -0.0470 0.8079 0.5867 0.0281
1311868218.0747 -0.4203 -2.3626 2.8055 -0.0470 0.8079 0.5866 0.0306
1311868218.1065 -0.4193 -2.3606 2.8072 -0.0468 0.8088 0.5854 0.0316
1311868218.1425 -0.4199 -2.3593 2.8074 -0.0466 0.8092 0.5848 0.0327
1311868218.1746 -0.4203 -2.3578 2.8074 -0.0465 0.8092 0.5847 0.0333
1311868218.2065 -0.4196 -2.3544 2.8093 -0.0461 0.8094 0.5845 0.0330
1311868218.2425 -0.4180 -2.3496 2.8127 -0.0443 0.8096 0.5845 0.0325
1311868218.2746 -0.4155 -2.3428 2.8180 -0.0417 0.8097 0.5845 0.0324
1311868218.3065 -0.4133 -2.3376 2.8234 -0.0399 0.8097 0.5845 0.0325
1311868218.3426 -0.4135 -2.3334 2.8286 -0.0390 0.8097 0.5846 0.0323
1311868218.3748 -0.4140 -2.3304 2.8298 -0.0390 0.8098 0.5846 0.0320
1311868218.4105 -0.4153 -2.3282 2.8322 -0.0395 0.8100 0.5843 0.0316
1311868218.4425 -0.4175 -2.3265 2.8328 -0.0390 0.8100 0.5843 0.0303
1311868218.4745 -0.4210 -2.3267 2.8332 -0.0371 0.8098 0.5847 0.0294
1311868218.5104 -0.4215 -2.3234 2.8380 -0.0354 0.8098 0.5850 0.0281
1311868218.5424 -0.4224 -2.3200 2.8426 -0.0347 0.8098 0.5850 0.0273
1311868218.5744 -0.4249 -2.3203 2.8422 -0.0341 0.8097 0.5853 0.0262
1311868218.6104 -0.4259 -2.3183 2.8463 -0.0334 0.8110 0.5835 0.0253
1311868218.6425 -0.4285 -2.3176 2.8481 -0.0338 0.8116 0.5827 0.0268
1311868218.6745 -0.4293 -2.3153 2.8481 -0.0327 0.8116 0.5825 0.0290
1311868218.7104 -0.4301 -2.3157 2.8481 -0.0303 0.8115 0.5827 0.0327
1311868218.7425 -0.4311 -2.3161 2.8482 -0.0283 0.8114 0.5827 0.0364
1311868218.7745 -0.4336 -2.3142 2.8487 -0.0272 0.8115 0.5823 0.0400
1311868218.8103 -0.4366 -2.3121 2.8503 -0.0282 0.8118 0.5817 0.0421
1311868218.8424 -0.4398 -2.3107 2.8518 -0.0293 0.8121 0.5813 0.0428
1311868218.8747 -0.4425 -2.3131 2.8567 -0.0317 0.8121 0.5810 0.0433
1311868218.9103 -0.4449 -2.3139 2.8608 -0.0357 0.8112 0.5820 0.0446
1311868218.9424 -0.4474 -2.3112 2.8641 -0.0383 0.8093 0.5844 0.0447
1311868218.9745 -0.4495 -2.3099 2.8651 -0.0417 0.8076 0.5865 0.0458
1311868219.0107 -0.4521 -2.3103 2.8670 -0.0462 0.8066 0.5873 0.0479
1311868219.0428 -0.4556 -2.3096 2.8695 -0.0496 0.8064 0.5872 0.0493
1311868219.0747 -0.4572 -2.3065 2.8732 -0.0505 0.8068 0.5867 0.0490
1311868219.1107 -0.4603 -2.3033 2.8736 -0.0495 0.8068 0.5868 0.0490
1311868219.1424 -0.4621 -2.2990 2.8769 -0.0477 0.8068 0.5868 0.0489
1311868219.1745 -0.4653 -2.2960 2.8778 -0.0466 0.8067 0.5870 0.0495
1311868219.2104 -0.4689 -2.2910 2.8813 -0.0461 0.8068 0.5869 0.0493
1311868219.2426 -0.4715 -2.2850 2.8859 -0.0444 0.8069 0.5871 0.0477
1311868219.2745 -0.4727 -2.2786 2.8912 -0.0422 0.8069 0.5874 0.0454
1311868219.3106 -0.4732 -2.2735 2.8998 -0.0410 0.8066 0.5880 0.0442
1311868219.3429 -0.4744 -2.2686 2.9091 -0.0402 0.8062 0.5886 0.0438
1311868219.3746 -0.4785 -2.2657 2.9103 -0.0396 0.8039 0.5917 0.0449
1311868219.4104 -0.4846 -2.2640 2.9091 -0.0377 0.8011 0.5955 0.0467
1311868219.4425 -0.4867 -2.2621 2.9112 -0.0343 0.7989 0.5985 0.0484
1311868219.4744 -0.4892 -2.2598 2.9147 -0.0311 0.7967 0.6013 0.0515
1311868219.5105 -0.4918 -2.2552 2.9173 -0.0283 0.7939 0.6049 0.0548
1311868219.5433 -0.4977 -2.2518 2.9166 -0.0252 0.7910 0.6086 0.0577
1311868219.5748 -0.4986 -2.2456 2.9249 -0.0231 0.7898 0.6101 0.0584
1311868219.6107 -0.5047 -2.2443 2.9250 -0.0215 0.7871 0.6135 0.0602
1311868219.6429 -0.5013 -2.2366 2.9350 -0.0198 0.7869 0.6140 0.0588
1311868219.6744 -0.5044 -2.2324 2.9359 -0.0147 0.7850 0.6165 0.0591
1311868219.7108 -0.5070 -2.2269 2.9395 -0.0107 0.7839 0.6178 0.0609
1311868219.7426 -0.5117 -2.2260 2.9397 -0.0085 0.7823 0.6195 0.0649
1311868219.7745 -0.5084 -2.2234 2.9492 -0.0096 0.7824 0.6191 0.0673
1311868219.8104 -0.5090 -2.2213 2.9509 -0.0091 0.7825 0.6188 0.0687
1311868219.8428 -0.5095 -2.2184 2.9529 -0.0080 0.7825 0.6185 0.0710
1311868219.8745 -0.5069 -2.2150 2.9622 -0.0077 0.7834 0.6173 0.0719
1311868219.9106 -0.5125 -2.2138 2.9597 -0.0056 0.7819 0.6189 0.0745
1311868219.9426 -0.5147 -2.2102 2.9602 -0.0028 0.7811 0.6198 0.0763
1311868219.9749 -0.5148 -2.2072 2.9674 -0.0007 0.7809 0.6197 0.0785
1311868220.0106 -0.5126 -2.2047 2.9745 0.0014 0.7806 0.6200 0.0793
1311868220.0428 -0.5135 -2.2037 2.9817 0.0034 0.7795 0.6211 0.0809
1311868220.0747 -0.5168 -2.2012 2.9826 0.0056 0.7765 0.6246 0.0832
1311868220.1106 -0.5177 -2.1964 2.9879 0.0060 0.7741 0.6274 0.0849
1311868220.1426 -0.5214 -2.1951 2.9881 0.0069 0.7713 0.6305 0.0867
1311868220.1747 -0.5218 -2.1928 2.9920 0.0074 0.7693 0.6327 0.0880
1311868220.2105 -0.5226 -2.1900 2.9979 0.0085 0.7675 0.6349 0.0885
1311868220.2425 -0.5248 -2.1849 3.0005 0.0102 0.7653 0.6374 0.0895
1311868220.2749 -0.5224 -2.1823 3.0078 0.0107 0.7645 0.6382 0.0899
1311868220.3107 -0.5256 -2.1795 3.0150 0.0099 0.7630 0.6396 0.0931
1311868220.3428 -0.5256 -2.1752 3.0210 0.0076 0.7622 0.6403 0.0951
1311868220.3750 -0.5234 -2.1754 3.0242 0.0057 0.7613 0.6412 0.0961
1311868220.4105 -0.5284 -2.1736 3.0282 0.0047 0.7596 0.6427 0.0993
1311868220.4426 -0.5299 -2.1722 3.0320 0.0030 0.7575 0.6449 0.1017
1311868220.4748 -0.5336 -2.1700 3.0386 0.0019 0.7561 0.6461 0.1042
1311868220.5109 -0.5363 -2.1691 3.0401 0.0019 0.7535 0.6488 0.1059
1311868220.5426 -0.5373 -2.1689 3.0456 0.0015 0.7511 0.6514 0.1074
1311868220.5745 -0.5350 -2.1667 3.0540 -0.0004 0.7484 0.6545 0.1079
1311868220.6113 -0.5392 -2.1663 3.0538 -0.0001 0.7456 0.6577 0.1077
1311868220.6426 -0.5436 -2.1672 3.0555 -0.0013 0.7425 0.6610 0.1085
1311868220.6746 -0.5450 -2.1654 3.0587 -0.0029 0.7403 0.6634 0.1084
1311868220.7106 -0.5487 -2.1645 3.0608 -0.0030 0.7387 0.6652 0.1081
1311868220.7427 -0.5470 -2.1658 3.0685 -0.0028 0.7378 0.6665 0.1073
1311868220.7745 -0.5494 -2.1645 3.0728 -0.0017 0.7359 0.6684 0.1082
1311868220.8108 -0.5488 -2.1634 3.0803 -0.0009 0.7351 0.6693 0.1079
1311868220.8427 -0.5495 -2.1636 3.0850 0.0008 0.7343 0.6704 0.1068
1311868220.8748 -0.5537 -2.1625 3.0857 0.0012 0.7325 0.6723 0.1073
1311868220.9107 -0.5581 -2.1659 3.0852 0.0001 0.7304 0.6743 0.1086
1311868220.9430 -0.5709 -2.1657 3.0805 0.0008 0.7293 0.6752 0.1104
1311868220.9749 -0.5636 -2.1651 3.0911 -0.0015 0.7309 0.6738 0.1082
1311868221.0105 -0.5582 -2.1646 3.1040 -0.0041 0.7322 0.6726 0.1074
1311868221.0426 -0.5732 -2.1682 3.0894 -0.0021 0.7284 0.6761 0.1110
1311868221.0748 -0.5689 -2.1695 3.0982 -0.0034 0.7297 0.6748 0.1105
1311868221.1106 -0.5668 -2.1690 3.1065 -0.0048 0.7301 0.6743 0.1107
1311868221.1427 -0.5763 -2.1673 3.0997 -0.0031 0.7279 0.6765 0.1120
1311868221.1746 -0.5785 -2.1680 3.1007 -0.0028 0.7281 0.6764 0.1115
1311868221.2106 -0.5787 -2.1705 3.1030 -0.0032 0.7280 0.6766 0.1111
1311868221.2427 -0.5762 -2.1697 3.1097 -0.0048 0.7289 0.6756 0.1106
1311868221.2750 -0.5830 -2.1700 3.1077 -0.0046 0.7290 0.6753 0.1122
1311868221.3114 -0.5816 -2.1705 3.1119 -0.0056 0.7299 0.6744 0.1118
1311868221.3428 -0.5815 -2.1724 3.1164 -0.0071 0.7300 0.6741 0.1121
1311868221.3749 -0.5860 -2.1720 3.1153 -0.0075 0.7298 0.6742 0.1133
1311868221.4107 -0.5881 -2.1724 3.1146 -0.0081 0.7303 0.6736 0.1133
1311868221.4428 -0.5881 -2.1754 3.1151 -0.0094 0.7308 0.6730 0.1133
1311868221.4747 -0.5902 -2.1784 3.1207 -0.0103 0.7312 0.6725 0.1140
1311868221.5110 -0.5907 -2.1780 3.1221 -0.0114 0.7309 0.6727 0.1142
1311868221.5430 -0.5938 -2.1796 3.1209 -0.0111 0.7307 0.6731 0.1138
1311868221.5747 -0.5919 -2.1799 3.1233 -0.0115 0.7304 0.6736 0.1126
1311868221.6107 -0.5921 -2.1810 3.1220 -0.0109 0.7302 0.6741 0.1113
1311868221.6426 -0.5933 -2.1816 3.1255 -0.0102 0.7306 0.6737 0.1103
1311868221.6746 -0.5968 -2.1821 3.1228 -0.0087 0.7308 0.6737 0.1094
1311868221.7115 -0.5930 -2.1837 3.1278 -0.0093 0.7315 0.6732 0.1077
1311868221.7428 -0.5922 -2.1828 3.1313 -0.0088 0.7325 0.6725 0.1054
1311868221.7759 -0.5968 -2.1856 3.1318 -0.0082 0.7330 0.6720 0.1049
1311868221.8108 -0.5948 -2.1863 3.1306 -0.0095 0.7326 0.6727 0.1031
1311868221.8427 -0.5934 -2.1877 3.1338 -0.0100 0.7330 0.6728 0.0999
1311868221.8746 -0.5990 -2.1895 3.1265 -0.0081 0.7310 0.6753 0.0977
1311868221.9108 -0.6064 -2.1927 3.1152 -0.0055 0.7283 0.6783 0.0967
1311868221.9427 -0.6165 -2.1916 3.1172 -0.0037 0.7288 0.6777 0.0980
1311868221.9753 -0.6090 -2.1914 3.1237 -0.0052 0.7306 0.6760 0.0962
1311868222.0107 -0.5997 -2.1879 3.1371 -0.0073 0.7341 0.6727 0.0928
1311868222.0428 -0.6066 -2.1922 3.1295 -0.0079 0.7333 0.6734 0.0935
1311868222.0771 -0.6057 -2.1916 3.1339 -0.0081 0.7336 0.6733 0.0920
1311868222.1107 -0.6047 -2.1891 3.1359 -0.0080 0.7340 0.6731 0.0904
1311868222.1429 -0.6081 -2.1896 3.1352 -0.0080 0.7343 0.6727 0.0905
1311868222.1750 -0.6080 -2.1894 3.1349 -0.0090 0.7342 0.6730 0.0891
1311868222.2108 -0.6111 -2.1883 3.1377 -0.0102 0.7354 0.6718 0.0878
1311868222.2427 -0.6129 -2.1893 3.1381 -0.0106 0.7356 0.6718 0.0864
1311868222.2757 -0.6186 -2.1874 3.1347 -0.0099 0.7351 0.6724 0.0859
1311868222.3109 -0.6172 -2.1857 3.1348 -0.0103 0.7350 0.6727 0.0845
1311868222.3430 -0.6169 -2.1863 3.1357 -0.0096 0.7342 0.6738 0.0828
1311868222.3753 -0.6198 -2.1868 3.1365 -0.0096 0.7334 0.6747 0.0827
1311868222.4108 -0.6279 -2.1840 3.1332 -0.0081 0.7330 0.6750 0.0832
1311868222.4427 -0.6220 -2.1839 3.1380 -0.0084 0.7343 0.6740 0.0804
1311868222.4747 -0.6358 -2.1825 3.1280 -0.0072 0.7325 0.6755 0.0839
1311868222.5108 -0.6393 -2.1792 3.1258 -0.0083 0.7325 0.6753 0.0862
1311868222.5428 -0.6445 -2.1821 3.1252 -0.0100 0.7321 0.6752 0.0903
1311868222.5747 -0.6459 -2.1824 3.1256 -0.0116 0.7326 0.6741 0.0933
1311868222.6107 -0.6482 -2.1797 3.1228 -0.0122 0.7324 0.6739 0.0964
1311868222.6430 -0.6410 -2.1776 3.1273 -0.0143 0.7329 0.6732 0.0969
1311868222.6749 -0.6417 -2.1780 3.1297 -0.0165 0.7327 0.6731 0.0991
1311868222.7108 -0.6493 -2.1786 3.1182 -0.0147 0.7292 0.6766 0.1008
1311868222.7428 -0.6502 -2.1761 3.1252 -0.0151 0.7288 0.6768 0.1029
1311868222.7749 -0.6606 -2.1742 3.1171 -0.0133 0.7269 0.6782 0.1070
1311868222.8109 -0.6678 -2.1728 3.1117 -0.0133 0.7257 0.6788 0.1113
1311868222.8429 -0.6677 -2.1740 3.1081 -0.0148 0.7248 0.6795 0.1129
1311868222.8756 -0.6688 -2.1733 3.1136 -0.0159 0.7252 0.6791 0.1127
1311868222.9107 -0.6602 -2.1717 3.1213 -0.0188 0.7260 0.6786 0.1100
1311868222.9432 -0.6673 -2.1698 3.1137 -0.0177 0.7243 0.6802 0.1111
1311868222.9748 -0.6711 -2.1698 3.1148 -0.0180 0.7251 0.6790 0.1137
1311868223.0124 -0.6777 -2.1702 3.1090 -0.0174 0.7242 0.6792 0.1176
1311868223.0438 -0.6799 -2.1685 3.1072 -0.0179 0.7241 0.6789 0.1200
1311868223.0765 -0.6831 -2.1683 3.1064 -0.0182 0.7252 0.6776 0.1207
1311868223.1109 -0.6819 -2.1690 3.1079 -0.0190 0.7258 0.6769 0.1207
1311868223.1437 -0.6852 -2.1677 3.1073 -0.0194 0.7260 0.6765 0.1222
1311868223.1748 -0.6929 -2.1688 3.0993 -0.0179 0.7252 0.6769 0.1248
1311868223.2109 -0.6889 -2.1685 3.1012 -0.0189 0.7252 0.6767 0.1259
1311868223.2427 -0.6922 -2.1666 3.1010 -0.0186 0.7247 0.6769 0.1279
1311868223.2753 -0.6932 -2.1664 3.1022 -0.0183 0.7247 0.6768 0.1282
1311868223.3107 -0.7002 -2.1637 3.0995 -0.0184 0.7241 0.6770 0.1304
1311868223.3434 -0.6984 -2.1621 3.1004 -0.0192 0.7244 0.6769 0.1294
1311868223.3755 -0.7086 -2.1596 3.0978 -0.0191 0.7247 0.6760 0.1320
1311868223.4108 -0.7042 -2.1631 3.0965 -0.0202 0.7248 0.6759 0.1319
1311868223.4441 -0.7097 -2.1605 3.0966 -0.0192 0.7255 0.6748 0.1339
1311868223.4791 -0.7150 -2.1587 3.0874 -0.0176 0.7241 0.6759 0.1359
1311868223.5112 -0.7135 -2.1626 3.0911 -0.0181 0.7250 0.6753 0.1343
1311868223.5428 -0.7232 -2.1592 3.0897 -0.0170 0.7248 0.6755 0.1342
1311868223.5763 -0.7155 -2.1631 3.0849 -0.0187 0.7248 0.6762 0.1306
1311868223.6108 -0.7285 -2.1606 3.0793 -0.0162 0.7256 0.6750 0.1328
1311868223.6427 -0.7263 -2.1621 3.0829 -0.0163 0.7267 0.6737 0.1331
1311868223.6748 -0.7202 -2.1665 3.0845 -0.0163 0.7276 0.6730 0.1317
1311868223.7109 -0.7223 -2.1652 3.0887 -0.0144 0.7288 0.6718 0.1311
1311868223.7429 -0.7298 -2.1638 3.0850 -0.0119 0.7282 0.6724 0.1319
1311868223.7749 -0.7319 -2.1658 3.0857 -0.0111 0.7282 0.6726 0.1315
1311868223.8110 -0.7286 -2.1636 3.0889 -0.0114 0.7288 0.6721 0.1304
1311868223.8428 -0.7290 -2.1656 3.0879 -0.0113 0.7289 0.6720 0.1305
1311868223.8748 -0.7282 -2.1681 3.0916 -0.0101 0.7293 0.6717 0.1299
1311868223.9109 -0.7347 -2.1670 3.0890 -0.0074 0.7282 0.6725 0.1319
1311868223.9430 -0.7382 -2.1637 3.0930 -0.0062 0.7285 0.6720 0.1330
1311868223.9751 -0.7368 -2.1690 3.0904 -0.0051 0.7281 0.6729 0.1310
1311868224.0108 -0.7501 -2.1654 3.0819 -0.0013 0.7274 0.6735 0.1311
1311868224.0437 -0.7560 -2.1612 3.0866 0.0006 0.7293 0.6717 0.1305
1311868224.0756 -0.7479 -2.1660 3.0952 -0.0009 0.7309 0.6701 0.1295
1311868224.1108 -0.7495 -2.1666 3.1018 -0.0017 0.7323 0.6681 0.1315
1311868224.1453 -0.7503 -2.1688 3.0994 -0.0018 0.7318 0.6685 0.1321
1311868224.1748 -0.7576 -2.1711 3.0984 -0.0023 0.7318 0.6682 0.1341
1311868224.2114 -0.7551 -2.1712 3.1011 -0.0044 0.7326 0.6674 0.1334
1311868224.2429 -0.7606 -2.1708 3.0966 -0.0058 0.7319 0.6679 0.1351
1311868224.2774 -0.7622 -2.1740 3.1002 -0.0067 0.7334 0.6661 0.1358
1311868224.3115 -0.7660 -2.1770 3.0995 -0.0080 0.7340 0.6646 0.1393
1311868224.3429 -0.7695 -2.1820 3.0991 -0.0098 0.7345 0.6633 0.1427
1311868224.3749 -0.7699 -2.1780 3.1042 -0.0094 0.7376 0.6600 0.1424
1311868224.4109 -0.7715 -2.1840 3.1055 -0.0103 0.7379 0.6595 0.1432
1311868224.4429 -0.7786 -2.1841 3.1042 -0.0093 0.7370 0.6602 0.1445
1311868224.4750 -0.7848 -2.1840 3.1015 -0.0089 0.7363 0.6606 0.1460
1311868224.5118 -0.7926 -2.1863 3.0967 -0.0097 0.7351 0.6612 0.1492
1311868224.5453 -0.7988 -2.1872 3.0964 -0.0125 0.7349 0.6607 0.1526
1311868224.5747 -0.8060 -2.1880 3.0981 -0.0153 0.7355 0.6595 0.1548
1311868224.6112 -0.8027 -2.1916 3.1009 -0.0182 0.7362 0.6591 0.1529
1311868224.6431 -0.8151 -2.1942 3.0977 -0.0178 0.7358 0.6591 0.1541
1311868224.6749 -0.8211 -2.1964 3.0963 -0.0168 0.7357 0.6593 0.1544
1311868224.7108 -0.8281 -2.1985 3.0959 -0.0163 0.7355 0.6592 0.1558
1311868224.7428 -0.8363 -2.1995 3.0978 -0.0173 0.7353 0.6590 0.1575
1311868224.7756 -0.8400 -2.2005 3.1012 -0.0187 0.7356 0.6588 0.1564
1311868224.8123 -0.8447 -2.2021 3.1031 -0.0201 0.7361 0.6585 0.1554
1311868224.8427 -0.8480 -2.2042 3.1047 -0.0219 0.7354 0.6592 0.1554
1311868224.8749 -0.8557 -2.2020 3.1019 -0.0235 0.7351 0.6590 0.1574
1311868224.9121 -0.8647 -2.2035 3.1027 -0.0248 0.7357 0.6578 0.1595
1311868224.9431 -0.8724 -2.2046 3.1020 -0.0257 0.7360 0.6570 0.1614
1311868224.9783 -0.8821 -2.2037 3.0995 -0.0256 0.7363 0.6562 0.1633
1311868225.0120 -0.8839 -2.2075 3.0999 -0.0267 0.7364 0.6559 0.1636
1311868225.0454 -0.8904 -2.2115 3.0977 -0.0258 0.7372 0.6550 0.1635
1311868225.0761 -0.8944 -2.2056 3.0978 -0.0249 0.7390 0.6531 0.1634
1311868225.1112 -0.8956 -2.2070 3.1030 -0.0260 0.7400 0.6517 0.1646
1311868225.1439 -0.9009 -2.2130 3.0976 -0.0259 0.7393 0.6522 0.1658
1311868225.1760 -0.9053 -2.2159 3.0953 -0.0256 0.7390 0.6524 0.1662
1311868225.2116 -0.9099 -2.2184 3.0978 -0.0256 0.7392 0.6521 0.1665
1311868225.2429 -0.9124 -2.2170 3.1028 -0.0261 0.7395 0.6516 0.1669
1311868225.2750 -0.9187 -2.2184 3.1030 -0.0267 0.7394 0.6514 0.1684
1311868225.3108 -0.9263 -2.2199 3.0931 -0.0263 0.7370 0.6536 0.1704
1311868225.3429 -0.9308 -2.2203 3.0943 -0.0272 0.7370 0.6533 0.1714
1311868225.3794 -0.9344 -2.2230 3.0976 -0.0278 0.7370 0.6530 0.1719
1311868225.4109 -0.9381 -2.2246 3.1022 -0.0280 0.7372 0.6527 0.1724
1311868225.4434 -0.9429 -2.2256 3.1036 -0.0277 0.7370 0.6527 0.1731
1311868225.4793 -0.9460 -2.2261 3.1051 -0.0274 0.7370 0.6527 0.1733
1311868225.5109 -0.9508 -2.2263 3.1047 -0.0271 0.7369 0.6526 0.1745
1311868225.5429 -0.9552 -2.2260 3.1036 -0.0272 0.7367 0.6525 0.1757
1311868225.5764 -0.9594 -2.2279 3.1057 -0.0274 0.7371 0.6516 0.1768
1311868225.6121 -0.9631 -2.2305 3.1062 -0.0271 0.7371 0.6514 0.1777
1311868225.6442 -0.9660 -2.2310 3.1068 -0.0258 0.7370 0.6514 0.1786
1311868225.6789 -0.9704 -2.2316 3.1053 -0.0239 0.7361 0.6519 0.1803
1311868225.7113 -0.9744 -2.2317 3.1035 -0.0218 0.7348 0.6531 0.1820
1311868225.7463 -0.9788 -2.2330 3.1050 -0.0214 0.7338 0.6535 0.1842
1311868225.7769 -0.9821 -2.2322 3.1036 -0.0206 0.7336 0.6536 0.1852
1311868225.8109 -0.9842 -2.2319 3.1040 -0.0200 0.7336 0.6533 0.1860
1311868225.8429 -0.9878 -2.2310 3.1028 -0.0190 0.7332 0.6533 0.1878
1311868225.8802 -0.9907 -2.2348 3.1065 -0.0193 0.7332 0.6528 0.1895
1311868225.9108 -0.9943 -2.2363 3.1088 -0.0199 0.7332 0.6525 0.1907
1311868225.9431 -0.9963 -2.2368 3.1130 -0.0211 0.7334 0.6520 0.1912
1311868225.9770 -0.9980 -2.2376 3.1156 -0.0213 0.7339 0.6516 0.1909
1311868226.0109 -1.0007 -2.2386 3.1154 -0.0212 0.7337 0.6516 0.1915
1311868226.0438 -1.0043 -2.2378 3.1103 -0.0211 0.7326 0.6521 0.1938
1311868226.0798 -1.0059 -2.2393 3.1112 -0.0220 0.7325 0.6516 0.1959
1311868226.1151 -1.0077 -2.2401 3.1127 -0.0233 0.7325 0.6513 0.1967
1311868226.1445 -1.0086 -2.2396 3.1120 -0.0253 0.7322 0.6517 0.1960
1311868226.1789 -1.0123 -2.2390 3.1097 -0.0258 0.7321 0.6524 0.1941
1311868226.2109 -1.0188 -2.2389 3.1062 -0.0256 0.7319 0.6528 0.1935
1311868226.2473 -1.0241 -2.2380 3.1033 -0.0257 0.7321 0.6524 0.1943
1311868226.2776 -1.0275 -2.2396 3.1054 -0.0269 0.7340 0.6501 0.1947
1311868226.3110 -1.0309 -2.2425 3.1076 -0.0284 0.7356 0.6485 0.1935
1311868226.3452 -1.0318 -2.2396 3.1067 -0.0292 0.7364 0.6485 0.1905
1311868226.3816 -1.0336 -2.2399 3.1034 -0.0286 0.7365 0.6494 0.1871
1311868226.4110 -1.0342 -2.2410 3.1048 -0.0279 0.7369 0.6498 0.1841
1311868226.4441 -1.0451 -2.2380 3.0968 -0.0261 0.7360 0.6508 0.1846
1311868226.4811 -1.0564 -2.2389 3.0837 -0.0241 0.7342 0.6530 0.1846
1311868226.5110 -1.0654 -2.2363 3.0735 -0.0227 0.7328 0.6545 0.1847
1311868226.5435 -1.0643 -2.2382 3.0798 -0.0226 0.7353 0.6528 0.1809
1311868226.5766 -1.0533 -2.2375 3.0995 -0.0252 0.7399 0.6487 0.1766
1311868226.6109 -1.0550 -2.2330 3.1025 -0.0271 0.7412 0.6469 0.1774
1311868226.6443 -1.0691 -2.2310 3.0880 -0.0273 0.7395 0.6479 0.1803
1311868226.6763 -1.0745 -2.2368 3.0800 -0.0280 0.7388 0.6492 0.1789
1311868226.7111 -1.0874 -2.2344 3.0641 -0.0263 0.7367 0.6512 0.1805
1311868226.7458 -1.0853 -2.2338 3.0701 -0.0267 0.7376 0.6506 0.1789
1311868226.7785 -1.0890 -2.2328 3.0670 -0.0251 0.7367 0.6514 0.1799
1311868226.8108 -1.1012 -2.2327 3.0529 -0.0218 0.7346 0.6531 0.1829
1311868226.8443 -1.1026 -2.2294 3.0504 -0.0234 0.7347 0.6517 0.1870
1311868226.8792 -1.1105 -2.2276 3.0379 -0.0239 0.7351 0.6499 0.1914
1311868226.9109 -1.1146 -2.2269 3.0311 -0.0251 0.7363 0.6479 0.1937
1311868226.9442 -1.1157 -2.2316 3.0335 -0.0263 0.7382 0.6459 0.1931
1311868226.9763 -1.1238 -2.2243 3.0190 -0.0252 0.7378 0.6461 0.1937
1311868227.0109 -1.1259 -2.2284 3.0215 -0.0253 0.7398 0.6444 0.1916
1311868227.0471 -1.1336 -2.2227 3.0059 -0.0248 0.7387 0.6454 0.1929
1311868227.0771 -1.1370 -2.2260 3.0108 -0.0271 0.7415 0.6423 0.1924
1311868227.1109 -1.1405 -2.2226 3.0036 -0.0295 0.7425 0.6407 0.1931
1311868227.1445 -1.1411 -2.2196 2.9998 -0.0330 0.7440 0.6387 0.1935
1311868227.1791 -1.1456 -2.2194 2.9965 -0.0344 0.7455 0.6366 0.1946
1311868227.2109 -1.1505 -2.2184 2.9817 -0.0317 0.7441 0.6380 0.1954
1311868227.2474 -1.1512 -2.2202 2.9817 -0.0290 0.7446 0.6375 0.1958
1311868227.2766 -1.1584 -2.2174 2.9763 -0.0252 0.7447 0.6368 0.1981
1311868227.3117 -1.1631 -2.2177 2.9729 -0.0243 0.7439 0.6371 0.2002
1311868227.3479 -1.1645 -2.2116 2.9669 -0.0222 0.7455 0.6359 0.1984
1311868227.3778 -1.1701 -2.2153 2.9689 -0.0233 0.7466 0.6341 0.1998
1311868227.4114 -1.1721 -2.2113 2.9522 -0.0226 0.7459 0.6347 0.2004
1311868227.4467 -1.1729 -2.2094 2.9675 -0.0225 0.7495 0.6305 0.2005
1311868227.4790 -1.1739 -2.2108 2.9583 -0.0213 0.7479 0.6318 0.2026
1311868227.5109 -1.1767 -2.2120 2.9521 -0.0205 0.7471 0.6321 0.2046
1311868227.5474 -1.1835 -2.2092 2.9412 -0.0190 0.7459 0.6324 0.2080
1311868227.5791 -1.1857 -2.2041 2.9432 -0.0185 0.7468 0.6306 0.2103
1311868227.6109 -1.1888 -2.2071 2.9417 -0.0190 0.7465 0.6300 0.2132
1311868227.6443 -1.1932 -2.2049 2.9373 -0.0183 0.7458 0.6298 0.2163
1311868227.6790 -1.1971 -2.2039 2.9333 -0.0180 0.7451 0.6292 0.2203
1311868227.7110 -1.2026 -2.2025 2.9308 -0.0179 0.7441 0.6287 0.2251
1311868227.7443 -1.2029 -2.2016 2.9311 -0.0183 0.7438 0.6279 0.2285
1311868227.7792 -1.2057 -2.2011 2.9279 -0.0178 0.7429 0.6275 0.2324
1311868227.8137 -1.2050 -2.1982 2.9263 -0.0168 0.7421 0.6275 0.2353
1311868227.8443 -1.2133 -2.1997 2.9226 -0.0166 0.7400 0.6276 0.2412
1311868227.8792 -1.2163 -2.1965 2.9206 -0.0173 0.7392 0.6267 0.2462
1311868227.9125 -1.2205 -2.1989 2.9192 -0.0190 0.7383 0.6255 0.2514
1311868227.9462 -1.2271 -2.1991 2.9153 -0.0204 0.7373 0.6242 0.2574
1311868227.9793 -1.2293 -2.2007 2.9169 -0.0215 0.7372 0.6227 0.2612
1311868228.0147 -1.2348 -2.2024 2.9128 -0.0211 0.7354 0.6230 0.2659
1311868228.0449 -1.2406 -2.2016 2.9103 -0.0202 0.7332 0.6236 0.2704
1311868228.0790 -1.2454 -2.2006 2.9094 -0.0198 0.7318 0.6233 0.2748
1311868228.1127 -1.2534 -2.2006 2.9050 -0.0205 0.7300 0.6228 0.2806
1311868228.1462 -1.2560 -2.1985 2.9049 -0.0210 0.7299 0.6219 0.2829
1311868228.1790 -1.2628 -2.2008 2.9036 -0.0223 0.7296 0.6203 0.2869
1311868228.2147 -1.2694 -2.2028 2.8958 -0.0223 0.7283 0.6201 0.2908
1311868228.2461 -1.2764 -2.2067 2.8965 -0.0230 0.7280 0.6184 0.2950
1311868228.2800 -1.2840 -2.2086 2.8953 -0.0232 0.7273 0.6173 0.2990
1311868228.3124 -1.2889 -2.2103 2.8907 -0.0225 0.7264 0.6171 0.3017
1311868228.3444 -1.2961 -2.2118 2.8896 -0.0226 0.7258 0.6162 0.3049
1311868228.3790 -1.3027 -2.2170 2.8909 -0.0233 0.7257 0.6156 0.3063
1311868228.4124 -1.3092 -2.2172 2.8889 -0.0234 0.7253 0.6159 0.3067
1311868228.4445 -1.3154 -2.2177 2.8867 -0.0225 0.7250 0.6163 0.3066
1311868228.4796 -1.3196 -2.2172 2.8862 -0.0221 0.7250 0.6160 0.3074
1311868228.5152 -1.3253 -2.2174 2.8842 -0.0235 0.7241 0.6156 0.3101
1311868228.5458 -1.3325 -2.2192 2.8853 -0.0266 0.7244 0.6135 0.3132
1311868228.5796 -1.3387 -2.2236 2.8838 -0.0296 0.7243 0.6128 0.3146
1311868228.6124 -1.3470 -2.2244 2.8795 -0.0327 0.7237 0.6127 0.3158
1311868228.6453 -1.3546 -2.2255 2.8760 -0.0346 0.7234 0.6127 0.3164
1311868228.6790 -1.3603 -2.2283 2.8721 -0.0365 0.7224 0.6128 0.3183
1311868228.7149 -1.3668 -2.2287 2.8711 -0.0375 0.7216 0.6124 0.3208
1311868228.7465 -1.3722 -2.2293 2.8689 -0.0377 0.7207 0.6122 0.3232
1311868228.7791 -1.3789 -2.2332 2.8674 -0.0381 0.7202 0.6117 0.3251
1311868228.8150 -1.3840 -2.2341 2.8685 -0.0389 0.7203 0.6111 0.3259
1311868228.8447 -1.3919 -2.2354 2.8664 -0.0393 0.7202 0.6108 0.3267
1311868228.8793 -1.3986 -2.2365 2.8633 -0.0407 0.7194 0.6108 0.3281
1311868228.9127 -1.4047 -2.2364 2.8613 -0.0425 0.7193 0.6104 0.3289
1311868228.9447 -1.4114 -2.2367 2.8589 -0.0426 0.7196 0.6104 0.3282
1311868228.9791 -1.4174 -2.2383 2.8575 -0.0416 0.7201 0.6109 0.3265
1311868229.0127 -1.4204 -2.2417 2.8552 -0.0406 0.7200 0.6123 0.3242
1311868229.0445 -1.4218 -2.2361 2.8543 -0.0389 0.7212 0.6125 0.3212
1311868229.0806 -1.4258 -2.2350 2.8474 -0.0388 0.7214 0.6128 0.3201
1311868229.1155 -1.4287 -2.2303 2.8490 -0.0357 0.7240 0.6117 0.3168
1311868229.1483 -1.4340 -2.2296 2.8403 -0.0328 0.7247 0.6114 0.3160
1311868229.1841 -1.4374 -2.2321 2.8395 -0.0327 0.7258 0.6098 0.3167
1311868229.2165 -1.4372 -2.2326 2.8379 -0.0349 0.7274 0.6073 0.3175
1311868229.2490 -1.4431 -2.2357 2.8333 -0.0353 0.7293 0.6046 0.3182
1311868229.2812 -1.4449 -2.2372 2.8282 -0.0358 0.7291 0.6053 0.3176
1311868229.3152 -1.4451 -2.2435 2.8263 -0.0362 0.7283 0.6075 0.3149
1311868229.3503 -1.4420 -2.2425 2.8162 -0.0376 0.7238 0.6135 0.3135
1311868229.3810 -1.4416 -2.2377 2.8118 -0.0365 0.7215 0.6167 0.3129
1311868229.4131 -1.4399 -2.2399 2.8038 -0.0333 0.7160 0.6230 0.3134
1311868229.4448 -1.4377 -2.2322 2.7990 -0.0321 0.7122 0.6258 0.3163
1311868229.4824 -1.4361 -2.2265 2.7948 -0.0317 0.7114 0.6257 0.3184
1311868229.5126 -1.4344 -2.2250 2.7865 -0.0321 0.7110 0.6260 0.3188
1311868229.5478 -1.4327 -2.2223 2.7802 -0.0347 0.7128 0.6241 0.3182
1311868229.5806 -1.4288 -2.2199 2.7642 -0.0379 0.7127 0.6249 0.3165
1311868229.6134 -1.4257 -2.2176 2.7528 -0.0390 0.7128 0.6259 0.3142
1311868229.6475 -1.4224 -2.2180 2.7490 -0.0391 0.7135 0.6258 0.3128
1311868229.6815 -1.4209 -2.2150 2.7386 -0.0399 0.7123 0.6262 0.3146
1311868229.7125 -1.4155 -2.2157 2.7311 -0.0417 0.7116 0.6267 0.3148
1311868229.7487 -1.4122 -2.2115 2.7238 -0.0407 0.7118 0.6265 0.3150
1311868229.7825 -1.4111 -2.2116 2.7146 -0.0406 0.7116 0.6265 0.3154
1311868229.8127 -1.4053 -2.2073 2.7044 -0.0398 0.7120 0.6266 0.3145
1311868229.8445 -1.3975 -2.2045 2.6879 -0.0372 0.7103 0.6290 0.3138
1311868229.8834 -1.3946 -2.2024 2.6842 -0.0355 0.7123 0.6270 0.3135
1311868229.9145 -1.3893 -2.2040 2.6735 -0.0336 0.7122 0.6276 0.3128
1311868229.9444 -1.3858 -2.2024 2.6639 -0.0349 0.7116 0.6275 0.3140
1311868229.9824 -1.3811 -2.1992 2.6555 -0.0352 0.7129 0.6260 0.3141
1311868230.0125 -1.3773 -2.2019 2.6467 -0.0348 0.7123 0.6268 0.3138
1311868230.0470 -1.3756 -2.1987 2.6434 -0.0357 0.7123 0.6267 0.3140
1311868230.0832 -1.3691 -2.1941 2.6314 -0.0345 0.7118 0.6280 0.3126
1311868230.1136 -1.3675 -2.1951 2.6265 -0.0352 0.7112 0.6288 0.3123
1311868230.1474 -1.3631 -2.1885 2.6166 -0.0373 0.7111 0.6295 0.3109
1311868230.1806 -1.3602 -2.1869 2.6079 -0.0380 0.7149 0.6267 0.3077
1311868230.2149 -1.3590 -2.1905 2.6037 -0.0387 0.7198 0.6228 0.3041
1311868230.2454 -1.3550 -2.1891 2.5935 -0.0413 0.7206 0.6224 0.3028
1311868230.2830 -1.3511 -2.1869 2.5869 -0.0416 0.7224 0.6207 0.3020
1311868230.3125 -1.3501 -2.1934 2.5776 -0.0432 0.7216 0.6208 0.3034
1311868230.3433 -1.3462 -2.1906 2.5685 -0.0416 0.7198 0.6232 0.3031
1311868230.3821 -1.3437 -2.1945 2.5587 -0.0384 0.7177 0.6256 0.3033
1311868230.4142 -1.3423 -2.1932 2.5514 -0.0381 0.7144 0.6286 0.3051
1311868230.4432 -1.3393 -2.1907 2.5461 -0.0349 0.7105 0.6340 0.3034
1311868230.4843 -1.3371 -2.1861 2.5336 -0.0281 0.7061 0.6402 0.3013
1311868230.5127 -1.3351 -2.1818 2.5240 -0.0226 0.7048 0.6434 0.2980
1311868230.5433 -1.3333 -2.1752 2.5150 -0.0196 0.7063 0.6439 0.2934
1311868230.5820 -1.3354 -2.1769 2.5083 -0.0203 0.7094 0.6424 0.2893
1311868230.6136 -1.3324 -2.1728 2.4986 -0.0218 0.7114 0.6430 0.2828
1311868230.6434 -1.3294 -2.1670 2.4902 -0.0202 0.7153 0.6395 0.2809
1311868230.6828 -1.3291 -2.1671 2.4820 -0.0184 0.7180 0.6362 0.2817
1311868230.7131 -1.3271 -2.1639 2.4763 -0.0153 0.7217 0.6317 0.2825
1311868230.7432 -1.3272 -2.1651 2.4682 -0.0135 0.7245 0.6271 0.2858
1311868230.7832 -1.3266 -2.1639 2.4640 -0.0153 0.7266 0.6236 0.2881
1311868230.8125 -1.3269 -2.1633 2.4584 -0.0176 0.7281 0.6213 0.2889
1311868230.8432 -1.3274 -2.1659 2.4526 -0.0208 0.7284 0.6207 0.2893
1311868230.8845 -1.3270 -2.1639 2.4493 -0.0239 0.7279 0.6215 0.2888
1311868230.9128 -1.3235 -2.1589 2.4474 -0.0292 0.7270 0.6218 0.2899
1311868230.9434 -1.3234 -2.1566 2.4360 -0.0330 0.7261 0.6216 0.2921
1311868230.9839 -1.3234 -2.1537 2.4276 -0.0357 0.7266 0.6201 0.2936
1311868231.0127 -1.3222 -2.1505 2.4219 -0.0381 0.7286 0.6175 0.2940
1311868231.0434 -1.3215 -2.1499 2.4146 -0.0423 0.7304 0.6144 0.2954
1311868231.0840 -1.3213 -2.1492 2.4055 -0.0452 0.7330 0.6107 0.2961
1311868231.1155 -1.3214 -2.1491 2.4014 -0.0459 0.7360 0.6075 0.2951
1311868231.1432 -1.3237 -2.1552 2.3986 -0.0497 0.7365 0.6060 0.2965
1311868231.1806 -1.3228 -2.1521 2.3945 -0.0563 0.7337 0.6072 0.2997
1311868231.2154 -1.3219 -2.1512 2.3848 -0.0621 0.7304 0.6097 0.3014
1311868231.2431 -1.3206 -2.1493 2.3789 -0.0656 0.7282 0.6127 0.3000
1311868231.2844 -1.3189 -2.1476 2.3740 -0.0694 0.7258 0.6155 0.2994
1311868231.3133 -1.3170 -2.1456 2.3682 -0.0744 0.7227 0.6179 0.3007
1311868231.3432 -1.3145 -2.1425 2.3646 -0.0792 0.7200 0.6195 0.3025
1311868231.3807 -1.3129 -2.1411 2.3586 -0.0833 0.7166 0.6221 0.3043
1311868231.4129 -1.3090 -2.1362 2.3524 -0.0866 0.7140 0.6243 0.3048
1311868231.4432 -1.3044 -2.1307 2.3461 -0.0874 0.7142 0.6249 0.3030
1311868231.4816 -1.3031 -2.1333 2.3406 -0.0870 0.7147 0.6252 0.3012
1311868231.5142 -1.2985 -2.1332 2.3339 -0.0878 0.7140 0.6261 0.3007
1311868231.5432 -1.2932 -2.1325 2.3271 -0.0883 0.7139 0.6260 0.3012
1311868231.5830 -1.2891 -2.1316 2.3233 -0.0879 0.7144 0.6247 0.3027
1311868231.6112 -1.2839 -2.1316 2.3168 -0.0890 0.7149 0.6228 0.3052
1311868231.6432 -1.2808 -2.1311 2.3129 -0.0898 0.7162 0.6204 0.3069
1311868231.6839 -1.2768 -2.1318 2.3065 -0.0929 0.7159 0.6198 0.3076
1311868231.7113 -1.2706 -2.1307 2.3020 -0.0952 0.7166 0.6196 0.3056
1311868231.7433 -1.2648 -2.1321 2.2955 -0.0963 0.7172 0.6196 0.3041
1311868231.7827 -1.2613 -2.1325 2.2924 -0.0976 0.7172 0.6197 0.3035
1311868231.8112 -1.2550 -2.1325 2.2876 -0.0973 0.7167 0.6215 0.3012
1311868231.8432 -1.2505 -2.1335 2.2856 -0.0952 0.7161 0.6232 0.2996
1311868231.8835 -1.2452 -2.1312 2.2831 -0.0929 0.7148 0.6250 0.2997
1311868231.9112 -1.2385 -2.1341 2.2744 -0.0929 0.7131 0.6261 0.3016
1311868231.9432 -1.2345 -2.1358 2.2686 -0.0936 0.7124 0.6259 0.3034
1311868231.9814 -1.2308 -2.1339 2.2684 -0.0946 0.7132 0.6244 0.3041
1311868232.0113 -1.2249 -2.1370 2.2609 -0.0973 0.7123 0.6244 0.3054
1311868232.0433 -1.2189 -2.1379 2.2576 -0.0997 0.7123 0.6231 0.3072
1311868232.0845 -1.2140 -2.1394 2.2547 -0.1009 0.7119 0.6227 0.3085
1311868232.1112 -1.2091 -2.1381 2.2527 -0.1015 0.7111 0.6226 0.3105
1311868232.1432 -1.2028 -2.1389 2.2466 -0.1030 0.7102 0.6224 0.3123
1311868232.1807 -1.1985 -2.1403 2.2419 -0.1021 0.7101 0.6228 0.3121
1311868232.2114 -1.1930 -2.1387 2.2407 -0.1017 0.7099 0.6232 0.3119
1311868232.2432 -1.1858 -2.1404 2.2329 -0.1015 0.7086 0.6247 0.3120
1311868232.2810 -1.1806 -2.1412 2.2274 -0.1014 0.7081 0.6252 0.3121
1311868232.3113 -1.1759 -2.1414 2.2260 -0.1006 0.7080 0.6258 0.3114
1311868232.3432 -1.1711 -2.1386 2.2234 -0.1000 0.7076 0.6263 0.3115
1311868232.3806 -1.1661 -2.1370 2.2184 -0.0997 0.7083 0.6263 0.3100
1311868232.4114 -1.1619 -2.1390 2.2130 -0.0977 0.7096 0.6269 0.3064
1311868232.4433 -1.1581 -2.1383 2.2088 -0.0959 0.7114 0.6267 0.3034
1311868232.4826 -1.1535 -2.1372 2.2058 -0.0958 0.7132 0.6260 0.3006
1311868232.5113 -1.1487 -2.1378 2.2034 -0.0962 0.7152 0.6249 0.2979
1311868232.5433 -1.1443 -2.1400 2.2013 -0.0966 0.7168 0.6242 0.2954
1311868232.5831 -1.1390 -2.1408 2.1993 -0.0968 0.7177 0.6237 0.2940
1311868232.6115 -1.1350 -2.1416 2.1950 -0.0962 0.7189 0.6225 0.2941
1311868232.6434 -1.1303 -2.1429 2.1945 -0.0951 0.7194 0.6223 0.2935
1311868232.6834 -1.1252 -2.1449 2.1901 -0.0931 0.7198 0.6222 0.2932
1311868232.7113 -1.1227 -2.1455 2.1889 -0.0900 0.7214 0.6208 0.2934
1311868232.7440 -1.1192 -2.1474 2.1864 -0.0881 0.7221 0.6199 0.2942
1311868232.7793 -1.1172 -2.1481 2.1841 -0.0882 0.7231 0.6180 0.2956
1311868232.8116 -1.1132 -2.1491 2.1825 -0.0900 0.7242 0.6160 0.2965
1311868232.8433 -1.1107 -2.1490 2.1832 -0.0912 0.7265 0.6128 0.2972
1311868232.8794 -1.1068 -2.1496 2.1831 -0.0921 0.7280 0.6108 0.2976
1311868232.9115 -1.1036 -2.1513 2.1833 -0.0916 0.7296 0.6085 0.2985
1311868232.9433 -1.1010 -2.1534 2.1830 -0.0900 0.7305 0.6069 0.2998
1311868232.9795 -1.0995 -2.1561 2.1834 -0.0886 0.7308 0.6061 0.3012
1311868233.0113 -1.0980 -2.1552 2.1831 -0.0871 0.7312 0.6048 0.3032
1311868233.0436 -1.0941 -2.1545 2.1853 -0.0855 0.7310 0.6042 0.3053
1311868233.0796 -1.0940 -2.1563 2.1861 -0.0852 0.7307 0.6027 0.3092
1311868233.1113 -1.0938 -2.1585 2.1833 -0.0858 0.7299 0.6020 0.3122
1311868233.1435 -1.0938 -2.1575 2.1826 -0.0856 0.7311 0.6001 0.3132
1311868233.1797 -1.0940 -2.1610 2.1838 -0.0846 0.7332 0.5980 0.3126
1311868233.2114 -1.0945 -2.1605 2.1856 -0.0832 0.7339 0.5973 0.3125
1311868233.2436 -1.0929 -2.1606 2.1848 -0.0826 0.7343 0.5963 0.3137
1311868233.2797 -1.0964 -2.1621 2.1856 -0.0804 0.7351 0.5950 0.3150
1311868233.3114 -1.0968 -2.1632 2.1845 -0.0773 0.7351 0.5956 0.3144
1311868233.3435 -1.0982 -2.1642 2.1866 -0.0737 0.7348 0.5960 0.3153
1311868233.3794 -1.0998 -2.1637 2.1897 -0.0715 0.7341 0.5952 0.3188
1311868233.4114 -1.1036 -2.1623 2.1898 -0.0696 0.7327 0.5947 0.3235
1311868233.4433 -1.1098 -2.1623 2.1911 -0.0700 0.7317 0.5937 0.3275
1311868233.4794 -1.1132 -2.1607 2.1915 -0.0704 0.7318 0.5929 0.3287
1311868233.5114 -1.1197 -2.1602 2.1953 -0.0710 0.7327 0.5915 0.3291
1311868233.5434 -1.1247 -2.1581 2.1970 -0.0720 0.7328 0.5914 0.3288
1311868233.5795 -1.1304 -2.1581 2.1989 -0.0720 0.7325 0.5920 0.3284
1311868233.6115 -1.1359 -2.1592 2.2021 -0.0727 0.7324 0.5919 0.3285
1311868233.6433 -1.1408 -2.1559 2.2033 -0.0733 0.7320 0.5919 0.3294
1311868233.6795 -1.1469 -2.1570 2.2045 -0.0738 0.7316 0.5914 0.3310
1311868233.7115 -1.1540 -2.1542 2.2074 -0.0743 0.7311 0.5907 0.3333
1311868233.7434 -1.1606 -2.1528 2.2078 -0.0742 0.7307 0.5901 0.3352
1311868233.7796 -1.1710 -2.1547 2.2100 -0.0743 0.7297 0.5900 0.3375
1311868233.8115 -1.1781 -2.1531 2.2133 -0.0741 0.7292 0.5901 0.3384
1311868233.8436 -1.1844 -2.1530 2.2099 -0.0731 0.7274 0.5918 0.3397
1311868233.8795 -1.1935 -2.1525 2.2105 -0.0723 0.7268 0.5916 0.3413
1311868233.9115 -1.2040 -2.1516 2.2103 -0.0724 0.7268 0.5910 0.3424
1311868233.9435 -1.2127 -2.1515 2.2113 -0.0725 0.7274 0.5909 0.3412
1311868233.9793 -1.2192 -2.1499 2.2098 -0.0730 0.7268 0.5922 0.3403
1311868234.0115 -1.2270 -2.1538 2.2102 -0.0730 0.7264 0.5929 0.3398
1311868234.0434 -1.2342 -2.1541 2.2098 -0.0736 0.7263 0.5923 0.3409
1311868234.0796 -1.2428 -2.1569 2.2086 -0.0749 0.7262 0.5913 0.3427
1311868234.1116 -1.2500 -2.1575 2.2060 -0.0761 0.7264 0.5902 0.3439
1311868234.1435 -1.2586 -2.1614 2.2079 -0.0786 0.7286 0.5863 0.3452
1311868234.1794 -1.2657 -2.1632 2.2101 -0.0801 0.7300 0.5836 0.3466
1311868234.2115 -1.2743 -2.1683 2.2116 -0.0811 0.7307 0.5813 0.3486
1311868234.2436 -1.2797 -2.1699 2.2116 -0.0812 0.7305 0.5800 0.3512
1311868234.2794 -1.2892 -2.1736 2.2154 -0.0826 0.7306 0.5770 0.3556
1311868234.3115 -1.2953 -2.1758 2.2147 -0.0840 0.7304 0.5752 0.3586
1311868234.3435 -1.3049 -2.1803 2.2171 -0.0859 0.7314 0.5716 0.3618
1311868234.3796 -1.3118 -2.1832 2.2188 -0.0876 0.7316 0.5697 0.3639
1311868234.4116 -1.3208 -2.1854 2.2237 -0.0887 0.7321 0.5675 0.3662
1311868234.4435 -1.3294 -2.1884 2.2270 -0.0898 0.7318 0.5665 0.3680
1311868234.4795 -1.3382 -2.1916 2.2293 -0.0905 0.7314 0.5657 0.3699
1311868234.5116 -1.3471 -2.1938 2.2335 -0.0915 0.7311 0.5649 0.3715
1311868234.5436 -1.3559 -2.1958 2.2361 -0.0921 0.7310 0.5641 0.3727
1311868234.5794 -1.3654 -2.1984 2.2390 -0.0931 0.7310 0.5633 0.3737
1311868234.6117 -1.3745 -2.1997 2.2436 -0.0947 0.7312 0.5625 0.3741
1311868234.6435 -1.3840 -2.2012 2.2484 -0.0952 0.7315 0.5621 0.3741
1311868234.6795 -1.3926 -2.2018 2.2534 -0.0961 0.7315 0.5619 0.3740
1311868234.7114 -1.4012 -2.2010 2.2592 -0.0964 0.7315 0.5618 0.3742
1311868234.7436 -1.4094 -2.2010 2.2631 -0.0969 0.7311 0.5621 0.3745
1311868234.7795 -1.4188 -2.2022 2.2671 -0.0970 0.7312 0.5617 0.3748
1311868234.8117 -1.4264 -2.2016 2.2717 -0.0977 0.7313 0.5614 0.3749
1311868234.8435 -1.4353 -2.2036 2.2743 -0.0977 0.7315 0.5609 0.3753
1311868234.8794 -1.4419 -2.2038 2.2773 -0.0979 0.7317 0.5603 0.3757
1311868234.9115 -1.4508 -2.2046 2.2798 -0.0982 0.7310 0.5607 0.3764
1311868234.9436 -1.4565 -2.2041 2.2831 -0.0992 0.7299 0.5619 0.3765
1311868234.9795 -1.4655 -2.2040 2.2881 -0.0992 0.7295 0.5620 0.3770
1311868235.0116 -1.4725 -2.2036 2.2917 -0.1007 0.7287 0.5622 0.3778
1311868235.0437 -1.4790 -2.2026 2.2952 -0.1019 0.7278 0.5630 0.3780
1311868235.0797 -1.4889 -2.2037 2.2970 -0.1024 0.7270 0.5639 0.3782
1311868235.1116 -1.4957 -2.2033 2.2995 -0.1034 0.7261 0.5653 0.3775
1311868235.1436 -1.5041 -2.2042 2.3005 -0.1031 0.7256 0.5662 0.3771
1311868235.1797 -1.5129 -2.2040 2.3040 -0.1017 0.7251 0.5676 0.3764
1311868235.2115 -1.5205 -2.2046 2.3038 -0.1013 0.7238 0.5694 0.3764
1311868235.2436 -1.5276 -2.2026 2.3068 -0.1019 0.7233 0.5700 0.3763
1311868235.2797 -1.5310 -2.2038 2.3031 -0.1017 0.7226 0.5719 0.3747
1311868235.3117 -1.5379 -2.2023 2.3055 -0.1003 0.7235 0.5718 0.3737
1311868235.3437 -1.5458 -2.1990 2.3062 -0.0987 0.7245 0.5711 0.3732
1311868235.3798 -1.5508 -2.1982 2.3056 -0.0978 0.7255 0.5706 0.3722
1311868235.4115 -1.5580 -2.1975 2.3061 -0.0967 0.7268 0.5700 0.3710
1311868235.4437 -1.5657 -2.1967 2.3056 -0.0966 0.7271 0.5701 0.3700
1311868235.4796 -1.5684 -2.1929 2.3082 -0.0972 0.7280 0.5699 0.3686
1311868235.5117 -1.5745 -2.1930 2.3075 -0.0973 0.7282 0.5696 0.3684
1311868235.5436 -1.5793 -2.1872 2.3116 -0.0980 0.7292 0.5689 0.3675
1311868235.5797 -1.5821 -2.1856 2.3066 -0.0993 0.7301 0.5683 0.3661
1311868235.6118 -1.5835 -2.1836 2.3046 -0.1016 0.7323 0.5671 0.3631
1311868235.6435 -1.5911 -2.1811 2.3049 -0.1030 0.7350 0.5650 0.3605
1311868235.6797 -1.5945 -2.1792 2.3030 -0.1050 0.7366 0.5643 0.3577
1311868235.7116 -1.5976 -2.1785 2.3032 -0.1066 0.7381 0.5632 0.3558
1311868235.7439 -1.6036 -2.1751 2.3034 -0.1072 0.7388 0.5622 0.3558
1311868235.7795 -1.6093 -2.1709 2.3084 -0.1074 0.7394 0.5613 0.3560
1311868235.8119 -1.6116 -2.1678 2.3068 -0.1066 0.7380 0.5621 0.3578
1311868235.8437 -1.6173 -2.1643 2.3089 -0.1061 0.7366 0.5621 0.3609
1311868235.8796 -1.6204 -2.1581 2.3091 -0.1060 0.7352 0.5626 0.3629
1311868235.9116 -1.6240 -2.1542 2.3079 -0.1051 0.7346 0.5630 0.3639
1311868235.9437 -1.6301 -2.1517 2.3068 -0.1042 0.7340 0.5633 0.3648
1311868235.9796 -1.6322 -2.1470 2.3070 -0.1039 0.7339 0.5635 0.3648
1311868236.0117 -1.6341 -2.1454 2.3049 -0.1022 0.7338 0.5638 0.3649
1311868236.0437 -1.6381 -2.1428 2.3040 -0.0999 0.7332 0.5639 0.3667
1311868236.0796 -1.6417 -2.1362 2.3041 -0.0979 0.7318 0.5638 0.3702
1311868236.1118 -1.6446 -2.1326 2.3024 -0.0969 0.7308 0.5634 0.3731
1311868236.1437 -1.6487 -2.1302 2.3021 -0.0962 0.7300 0.5632 0.3750
1311868236.1796 -1.6502 -2.1261 2.3018 -0.0950 0.7285 0.5654 0.3749
1311868236.2117 -1.6531 -2.1223 2.2975 -0.0931 0.7270 0.5665 0.3765
1311868236.2436 -1.6598 -2.1221 2.2988 -0.0919 0.7258 0.5666 0.3791
1311868236.2795 -1.6628 -2.1184 2.2965 -0.0934 0.7223 0.5686 0.3823
1311868236.3116 -1.6631 -2.1121 2.2969 -0.0963 0.7205 0.5688 0.3847
1311868236.3438 -1.6648 -2.1082 2.2960 -0.0989 0.7204 0.5677 0.3860
1311868236.3795 -1.6678 -2.1058 2.2948 -0.1026 0.7204 0.5658 0.3878
1311868236.4129 -1.6714 -2.1021 2.2938 -0.1056 0.7204 0.5648 0.3886
1311868236.4435 -1.6748 -2.0974 2.2921 -0.1064 0.7203 0.5649 0.3883
1311868236.4796 -1.6778 -2.0923 2.2929 -0.1062 0.7204 0.5650 0.3879
1311868236.5116 -1.6790 -2.0884 2.2933 -0.1049 0.7200 0.5661 0.3875
1311868236.5437 -1.6788 -2.0845 2.2925 -0.1041 0.7193 0.5663 0.3886
1311868236.5797 -1.6823 -2.0824 2.2921 -0.1010 0.7194 0.5660 0.3899
1311868236.6116 -1.6835 -2.0796 2.2891 -0.0984 0.7185 0.5657 0.3925
1311868236.6477 -1.6854 -2.0759 2.2880 -0.0967 0.7179 0.5646 0.3956
1311868236.6796 -1.6880 -2.0734 2.2860 -0.0943 0.7177 0.5635 0.3980
1311868236.7117 -1.6919 -2.0692 2.2860 -0.0924 0.7180 0.5619 0.4003
1311868236.7476 -1.6916 -2.0662 2.2862 -0.0917 0.7183 0.5612 0.4008
1311868236.7796 -1.6934 -2.0648 2.2858 -0.0908 0.7185 0.5608 0.4013
1311868236.8117 -1.6942 -2.0639 2.2849 -0.0907 0.7183 0.5607 0.4018
1311868236.8476 -1.6953 -2.0629 2.2852 -0.0903 0.7178 0.5605 0.4030
1311868236.8795 -1.7000 -2.0605 2.2887 -0.0896 0.7171 0.5600 0.4052
1311868236.9118 -1.7038 -2.0578 2.2914 -0.0893 0.7160 0.5596 0.4077
1311868236.9476 -1.7039 -2.0569 2.2882 -0.0892 0.7131 0.5622 0.4093
1311868236.9796 -1.7082 -2.0512 2.2919 -0.0870 0.7122 0.5637 0.4093
1311868237.0116 -1.7087 -2.0476 2.2906 -0.0847 0.7116 0.5654 0.4084
1311868237.0478 -1.7141 -2.0462 2.2900 -0.0820 0.7116 0.5657 0.4086
1311868237.0797 -1.7171 -2.0418 2.2901 -0.0811 0.7110 0.5658 0.4096
1311868237.1116 -1.7188 -2.0405 2.2894 -0.0802 0.7108 0.5659 0.4100
1311868237.1477 -1.7219 -2.0393 2.2877 -0.0784 0.7100 0.5663 0.4112
1311868237.1795 -1.7250 -2.0369 2.2864 -0.0766 0.7092 0.5665 0.4127
1311868237.2117 -1.7278 -2.0352 2.2846 -0.0748 0.7086 0.5662 0.4144
1311868237.2477 -1.7300 -2.0335 2.2827 -0.0740 0.7078 0.5660 0.4162
1311868237.2797 -1.7327 -2.0327 2.2798 -0.0738 0.7071 0.5657 0.4177
1311868237.3117 -1.7361 -2.0318 2.2764 -0.0738 0.7064 0.5655 0.4192
1311868237.3477 -1.7399 -2.0318 2.2739 -0.0744 0.7057 0.5652 0.4207
1311868237.3800 -1.7482 -2.0304 2.2734 -0.0762 0.7047 0.5643 0.4232
1311868237.4118 -1.7536 -2.0281 2.2709 -0.0772 0.7043 0.5640 0.4242
1311868237.4477 -1.7598 -2.0277 2.2682 -0.0784 0.7034 0.5641 0.4253
1311868237.4797 -1.7664 -2.0275 2.2628 -0.0794 0.7018 0.5643 0.4275
1311868237.5117 -1.7723 -2.0285 2.2595 -0.0809 0.7006 0.5637 0.4299
1311868237.5477 -1.7805 -2.0311 2.2566 -0.0834 0.6986 0.5628 0.4338
1311868237.5797 -1.7871 -2.0304 2.2555 -0.0871 0.6966 0.5617 0.4377
1311868237.6116 -1.7933 -2.0294 2.2498 -0.0912 0.6951 0.5604 0.4411
1311868237.6477 -1.7998 -2.0293 2.2444 -0.0959 0.6943 0.5585 0.4437
1311868237.6796 -1.8080 -2.0308 2.2422 -0.1010 0.6938 0.5564 0.4459
1311868237.7119 -1.8156 -2.0295 2.2379 -0.1045 0.6925 0.5548 0.4491
1311868237.7477 -1.8235 -2.0324 2.2363 -0.1047 0.6911 0.5543 0.4519
1311868237.7796 -1.8335 -2.0342 2.2363 -0.1033 0.6889 0.5544 0.4553
1311868237.8118 -1.8328 -2.0328 2.2312 -0.1033 0.6857 0.5564 0.4578
1311868237.8477 -1.8399 -2.0342 2.2279 -0.1018 0.6842 0.5564 0.4604
1311868237.8797 -1.8475 -2.0373 2.2250 -0.1019 0.6829 0.5563 0.4624
1311868237.9118 -1.8558 -2.0396 2.2234 -0.1018 0.6823 0.5563 0.4633
1311868237.9477 -1.8573 -2.0386 2.2208 -0.1026 0.6803 0.5588 0.4631
1311868237.9796 -1.8711 -2.0422 2.2155 -0.1020 0.6791 0.5592 0.4644
1311868238.0117 -1.8801 -2.0438 2.2125 -0.1014 0.6778 0.5605 0.4649
1311868238.0477 -1.8847 -2.0434 2.2093 -0.1023 0.6757 0.5623 0.4656
1311868238.0798 -1.8888 -2.0406 2.2084 -0.1030 0.6740 0.5642 0.4656
1311868238.1117 -1.8994 -2.0405 2.2045 -0.1024 0.6726 0.5652 0.4666
1311868238.1477 -1.9057 -2.0397 2.2049 -0.1023 0.6720 0.5653 0.4674
1311868238.1798 -1.9082 -2.0404 2.2014 -0.1036 0.6698 0.5664 0.4688
1311868238.2117 -1.9135 -2.0398 2.1991 -0.1034 0.6686 0.5665 0.4705
1311868238.2478 -1.9211 -2.0389 2.1992 -0.1036 0.6677 0.5667 0.4714
1311868238.2797 -1.9182 -2.0371 2.1971 -0.1037 0.6670 0.5689 0.4697
1311868238.3117 -1.9227 -2.0359 2.1909 -0.1039 0.6663 0.5695 0.4701
1311868238.3477 -1.9271 -2.0356 2.1915 -0.1044 0.6676 0.5688 0.4690
1311868238.3796 -1.9338 -2.0329 2.1874 -0.1045 0.6683 0.5675 0.4694
1311868238.4118 -1.9404 -2.0316 2.1860 -0.1048 0.6688 0.5661 0.4704
1311868238.4476 -1.9420 -2.0297 2.1828 -0.1047 0.6686 0.5659 0.4709
1311868238.4796 -1.9442 -2.0303 2.1809 -0.1036 0.6685 0.5664 0.4707
1311868238.5116 -1.9465 -2.0276 2.1781 -0.1018 0.6682 0.5665 0.4713
1311868238.5476 -1.9494 -2.0272 2.1781 -0.1002 0.6681 0.5669 0.4714
1311868238.5797 -1.9521 -2.0258 2.1759 -0.0986 0.6673 0.5681 0.4715
1311868238.6119 -1.9531 -2.0218 2.1715 -0.0986 0.6665 0.5689 0.4716
1311868238.6477 -1.9550 -2.0183 2.1647 -0.1006 0.6660 0.5695 0.4711
1311868238.6798 -1.9586 -2.0141 2.1637 -0.1041 0.6672 0.5687 0.4696
1311868238.7118 -1.9632 -2.0155 2.1603 -0.1079 0.6676 0.5686 0.4684
1311868238.7477 -1.9619 -2.0093 2.1552 -0.1106 0.6661 0.5712 0.4667
1311868238.7797 -1.9644 -2.0051 2.1526 -0.1110 0.6656 0.5738 0.4641
1311868238.8117 -1.9705 -2.0004 2.1474 -0.1096 0.6654 0.5757 0.4623
1311868238.8477 -1.9732 -1.9962 2.1409 -0.1089 0.6647 0.5780 0.4606
1311868238.8797 -1.9774 -1.9889 2.1337 -0.1076 0.6634 0.5795 0.4609
1311868238.9118 -1.9788 -1.9847 2.1326 -0.1065 0.6633 0.5805 0.4602
1311868238.9477 -1.9784 -1.9807 2.1277 -0.1051 0.6625 0.5824 0.4592
1311868238.9797 -1.9823 -1.9793 2.1233 -0.1037 0.6618 0.5839 0.4587
1311868239.0118 -1.9838 -1.9735 2.1200 -0.1036 0.6608 0.5839 0.4601
1311868239.0479 -1.9831 -1.9729 2.1178 -0.1042 0.6611 0.5819 0.4620
1311868239.0798 -1.9818 -1.9744 2.1170 -0.1067 0.6617 0.5788 0.4645
1311868239.1119 -1.9829 -1.9682 2.1113 -0.1100 0.6622 0.5739 0.4691
1311868239.1477 -1.9837 -1.9657 2.1093 -0.1128 0.6634 0.5694 0.4722
1311868239.1800 -1.9869 -1.9679 2.1042 -0.1127 0.6629 0.5680 0.4747
1311868239.2120 -1.9918 -1.9583 2.0973 -0.1079 0.6603 0.5694 0.4777
1311868239.2477 -1.9902 -1.9590 2.0965 -0.1061 0.6580 0.5704 0.4800
1311868239.2796 -1.9895 -1.9561 2.0966 -0.1037 0.6558 0.5714 0.4824
1311868239.3117 -1.9864 -1.9582 2.0997 -0.1026 0.6544 0.5726 0.4831
1311868239.3477 -1.9891 -1.9564 2.0953 -0.1005 0.6517 0.5735 0.4861
1311868239.3797 -1.9913 -1.9466 2.0888 -0.0977 0.6493 0.5736 0.4898
1311868239.4117 -1.9971 -1.9381 2.0771 -0.0945 0.6454 0.5746 0.4943
1311868239.4478 -1.9964 -1.9368 2.0753 -0.0935 0.6438 0.5762 0.4947
1311868239.4798 -1.9995 -1.9335 2.0734 -0.0929 0.6412 0.5781 0.4960
1311868239.5118 -1.9957 -1.9295 2.0733 -0.0933 0.6401 0.5792 0.4960
1311868239.5478 -1.9958 -1.9244 2.0716 -0.0937 0.6394 0.5789 0.4972
1311868239.5798 -1.9981 -1.9220 2.0696 -0.0963 0.6386 0.5764 0.5007
1311868239.6119 -2.0013 -1.9199 2.0667 -0.0984 0.6369 0.5748 0.5043
1311868239.6478 -2.0027 -1.9173 2.0641 -0.0999 0.6348 0.5734 0.5083
1311868239.6798 -2.0060 -1.9147 2.0638 -0.1006 0.6327 0.5731 0.5109
1311868239.7118 -2.0054 -1.9132 2.0603 -0.1000 0.6302 0.5751 0.5119
1311868239.7479 -2.0091 -1.9098 2.0577 -0.1003 0.6275 0.5758 0.5145
1311868239.7798 -2.0100 -1.9078 2.0585 -0.1030 0.6259 0.5747 0.5171
1311868239.8119 -2.0133 -1.9034 2.0561 -0.1042 0.6243 0.5732 0.5204
1311868239.8477 -2.0162 -1.9035 2.0548 -0.1049 0.6231 0.5718 0.5231
1311868239.8798 -2.0187 -1.9006 2.0493 -0.1034 0.6200 0.5724 0.5266
1311868239.9120 -2.0213 -1.9009 2.0490 -0.1012 0.6179 0.5727 0.5291
1311868239.9479 -2.0249 -1.9000 2.0454 -0.0983 0.6148 0.5735 0.5324
1311868239.9799 -2.0297 -1.9003 2.0396 -0.0966 0.6118 0.5739 0.5357
1311868240.0122 -2.0336 -1.8999 2.0367 -0.0981 0.6095 0.5736 0.5384
1311868240.0480 -2.0400 -1.9032 2.0329 -0.1022 0.6079 0.5719 0.5413
1311868240.0799 -2.0464 -1.9027 2.0295 -0.1062 0.6076 0.5702 0.5425
1311868240.1118 -2.0495 -1.9039 2.0274 -0.1090 0.6079 0.5706 0.5414
1311868240.1478 -2.0569 -1.9022 2.0215 -0.1091 0.6072 0.5707 0.5419
1311868240.1800 -2.0649 -1.8973 2.0100 -0.1079 0.6047 0.5708 0.5449
1311868240.2119 -2.0702 -1.8994 2.0084 -0.1089 0.6041 0.5701 0.5461
1311868240.2478 -2.0736 -1.8994 2.0060 -0.1092 0.6038 0.5695 0.5469
1311868240.2798 -2.0816 -1.9027 2.0022 -0.1107 0.6026 0.5687 0.5488
1311868240.3119 -2.0869 -1.9053 1.9983 -0.1157 0.6006 0.5674 0.5513
1311868240.3477 -2.0940 -1.8986 1.9928 -0.1187 0.5995 0.5659 0.5534
1311868240.3798 -2.1019 -1.8990 1.9853 -0.1217 0.5991 0.5648 0.5543
1311868240.4121 -2.1107 -1.9003 1.9797 -0.1244 0.5984 0.5638 0.5556
1311868240.4479 -2.1123 -1.9000 1.9813 -0.1291 0.5974 0.5627 0.5566
1311868240.4800 -2.1181 -1.8999 1.9782 -0.1333 0.5961 0.5611 0.5586
1311868240.5122 -2.1242 -1.8999 1.9772 -0.1363 0.5960 0.5596 0.5596
1311868240.5477 -2.1298 -1.8977 1.9739 -0.1385 0.5940 0.5587 0.5620
1311868240.5797 -2.1343 -1.8985 1.9705 -0.1403 0.5920 0.5582 0.5641
1311868240.6118 -2.1399 -1.8978 1.9681 -0.1395 0.5911 0.5591 0.5644
1311868240.6479 -2.1453 -1.8957 1.9679 -0.1374 0.5900 0.5612 0.5641
1311868240.6798 -2.1488 -1.8967 1.9637 -0.1359 0.5875 0.5646 0.5636
1311868240.7119 -2.1549 -1.8932 1.9662 -0.1338 0.5881 0.5650 0.5630
1311868240.7480 -2.1614 -1.8941 1.9648 -0.1324 0.5887 0.5651 0.5627
1311868240.7799 -2.1645 -1.8935 1.9624 -0.1322 0.5881 0.5657 0.5627
1311868240.8119 -2.1681 -1.8939 1.9617 -0.1321 0.5881 0.5658 0.5626
1311868240.8798 -2.1734 -1.8923 1.9531 -0.1325 0.5886 0.5680 0.5598
1311868240.9120 -2.1789 -1.8969 1.9481 -0.1335 0.5885 0.5701 0.5574
1311868240.9479 -2.1788 -1.8960 1.9420 -0.1360 0.5855 0.5744 0.5556
1311868240.9800 -2.1753 -1.8980 1.9411 -0.1403 0.5827 0.5795 0.5522
1311868241.0120 -2.1731 -1.8933 1.9366 -0.1408 0.5825 0.5808 0.5509
1311868241.0479 -2.1734 -1.8936 1.9304 -0.1417 0.5818 0.5808 0.5514
1311868241.0800 -2.1677 -1.8918 1.9269 -0.1434 0.5820 0.5796 0.5521
1311868241.1118 -2.1647 -1.8942 1.9216 -0.1435 0.5844 0.5771 0.5521
1311868241.1480 -2.1587 -1.8943 1.9111 -0.1426 0.5847 0.5763 0.5529
1311868241.1798 -2.1535 -1.8957 1.9082 -0.1429 0.5869 0.5741 0.5527
1311868241.2119 -2.1512 -1.8994 1.8989 -0.1429 0.5870 0.5736 0.5532
1311868241.2478 -2.1451 -1.9062 1.8933 -0.1458 0.5856 0.5752 0.5522
1311868241.2800 -2.1382 -1.9040 1.8924 -0.1461 0.5871 0.5761 0.5496
1311868241.3118 -2.1327 -1.9077 1.8849 -0.1443 0.5873 0.5792 0.5465
1311868241.3482 -2.1229 -1.9080 1.8766 -0.1431 0.5860 0.5814 0.5460
1311868241.3800 -2.1181 -1.9081 1.8670 -0.1414 0.5852 0.5812 0.5475
1311868241.4119 -2.1129 -1.9102 1.8622 -0.1403 0.5858 0.5804 0.5479
1311868241.4478 -2.1048 -1.9113 1.8551 -0.1391 0.5858 0.5807 0.5480
1311868241.4799 -2.0988 -1.9144 1.8505 -0.1371 0.5867 0.5806 0.5477
1311868241.5122 -2.0942 -1.9116 1.8454 -0.1330 0.5873 0.5804 0.5482
1311868241.5799 -2.0794 -1.9200 1.8323 -0.1294 0.5874 0.5842 0.5449
1311868241.6120 -2.0729 -1.9186 1.8256 -0.1290 0.5874 0.5850 0.5442
1311868241.6480 -2.0656 -1.9159 1.8156 -0.1278 0.5868 0.5851 0.5450
1311868241.6800 -2.0590 -1.9199 1.8093 -0.1270 0.5865 0.5859 0.5447
1311868241.7126 -2.0590 -1.9187 1.8068 -0.1248 0.5865 0.5854 0.5456
1311868241.7480 -2.0547 -1.9217 1.7951 -0.1236 0.5843 0.5855 0.5482
1311868241.7799 -2.0446 -1.9276 1.7885 -0.1248 0.5831 0.5850 0.5496
1311868241.8118 -2.0429 -1.9226 1.7820 -0.1250 0.5822 0.5825 0.5532
1311868241.8480 -2.0387 -1.9185 1.7759 -0.1263 0.5826 0.5786 0.5566
1311868241.8799 -2.0334 -1.9236 1.7684 -0.1297 0.5828 0.5744 0.5600
1311868241.9120 -2.0331 -1.9203 1.7571 -0.1307 0.5824 0.5691 0.5655
1311868241.9478 -2.0304 -1.9223 1.7513 -0.1307 0.5829 0.5654 0.5688
1311868241.9799 -2.0312 -1.9237 1.7429 -0.1304 0.5813 0.5624 0.5733
1311868242.0119 -2.0272 -1.9264 1.7321 -0.1296 0.5787 0.5621 0.5765
1311868242.0479 -2.0252 -1.9276 1.7236 -0.1286 0.5757 0.5616 0.5802
1311868242.0800 -2.0260 -1.9314 1.7183 -0.1294 0.5723 0.5605 0.5844
1311868242.1119 -2.0231 -1.9290 1.7117 -0.1298 0.5696 0.5599 0.5876
1311868242.1479 -2.0237 -1.9304 1.7056 -0.1308 0.5675 0.5584 0.5908
1311868242.1800 -2.0231 -1.9293 1.6997 -0.1330 0.5659 0.5551 0.5949
1311868242.2122 -2.0235 -1.9278 1.6931 -0.1345 0.5652 0.5517 0.5984
1311868242.2479 -2.0249 -1.9335 1.6855 -0.1352 0.5647 0.5494 0.6009
1311868242.2800 -2.0244 -1.9290 1.6812 -0.1347 0.5624 0.5484 0.6041
1311868242.3121 -2.0278 -1.9341 1.6805 -0.1343 0.5618 0.5473 0.6057
1311868242.3479 -2.0264 -1.9370 1.6705 -0.1326 0.5582 0.5480 0.6087
1311868242.3799 -2.0271 -1.9375 1.6641 -0.1296 0.5547 0.5491 0.6115
1311868242.4120 -2.0274 -1.9361 1.6631 -0.1271 0.5528 0.5490 0.6138
1311868242.4479 -2.0275 -1.9320 1.6600 -0.1242 0.5519 0.5471 0.6169
1311868242.4800 -2.0278 -1.9364 1.6587 -0.1267 0.5512 0.5432 0.6205
1311868242.5120 -2.0277 -1.9371 1.6552 -0.1281 0.5510 0.5393 0.6238
1311868242.5801 -2.0277 -1.9330 1.6498 -0.1261 0.5486 0.5390 0.6266
1311868242.6123 -2.0282 -1.9336 1.6426 -0.1225 0.5446 0.5409 0.6291
1311868242.6799 -2.0330 -1.9362 1.6467 -0.1197 0.5393 0.5396 0.6353
1311868242.7123 -2.0285 -1.9239 1.6416 -0.1188 0.5375 0.5375 0.6388
1311868242.7479 -2.0354 -1.9370 1.6462 -0.1209 0.5442 0.5324 0.6370
1311868242.7800 -2.0373 -1.9363 1.6411 -0.1206 0.5486 0.5299 0.6353
1311868242.8480 -2.0355 -1.9235 1.6327 -0.1174 0.5537 0.5303 0.6312
1311868242.8799 -2.0356 -1.9231 1.6305 -0.1181 0.5547 0.5306 0.6300
1311868242.9120 -2.0324 -1.9146 1.6253 -0.1180 0.5548 0.5294 0.6310
1311868242.9481 -2.0372 -1.9152 1.6266 -0.1201 0.5571 0.5274 0.6301
1311868243.0122 -2.0350 -1.9144 1.6183 -0.1181 0.5613 0.5289 0.6255
1311868243.0481 -2.0345 -1.9095 1.6155 -0.1145 0.5617 0.5307 0.6243
1311868243.0800 -2.0356 -1.9055 1.6140 -0.1116 0.5611 0.5337 0.6228
1311868243.1119 -2.0373 -1.9053 1.6092 -0.1103 0.5611 0.5355 0.6215
1311868243.1481 -2.0389 -1.9048 1.6062 -0.1102 0.5613 0.5358 0.6211
1311868243.1801 -2.0357 -1.8953 1.6041 -0.1102 0.5612 0.5350 0.6219
1311868243.2120 -2.0375 -1.9012 1.5973 -0.1123 0.5630 0.5320 0.6224
1311868243.2481 -2.0378 -1.8983 1.5938 -0.1119 0.5631 0.5317 0.6227
1311868243.2800 -2.0373 -1.8948 1.5892 -0.1103 0.5620 0.5324 0.6233
1311868243.3120 -2.0364 -1.8960 1.5858 -0.1089 0.5605 0.5329 0.6245
1311868243.3481 -2.0396 -1.8953 1.5832 -0.1080 0.5585 0.5317 0.6274
1311868243.4119 -2.0431 -1.8895 1.5745 -0.1086 0.5564 0.5261 0.6339
1311868243.4482 -2.0429 -1.8799 1.5739 -0.1097 0.5566 0.5235 0.6357
1311868243.4801 -2.0437 -1.8734 1.5719 -0.1106 0.5574 0.5216 0.6364
1311868243.5481 -2.0501 -1.8726 1.5635 -0.1126 0.5563 0.5184 0.6396
1311868243.5800 -2.0526 -1.8697 1.5587 -0.1116 0.5529 0.5176 0.6434
1311868243.6120 -2.0582 -1.8727 1.5527 -0.1121 0.5476 0.5161 0.6490
1311868243.6481 -2.0638 -1.8762 1.5467 -0.1145 0.5413 0.5151 0.6546
1311868243.6800 -2.0707 -1.8731 1.5411 -0.1155 0.5358 0.5145 0.6594
1311868243.7120 -2.0718 -1.8659 1.5322 -0.1179 0.5302 0.5141 0.6638
1311868243.7479 -2.0784 -1.8626 1.5251 -0.1225 0.5272 0.5114 0.6675
1311868243.7800 -2.0868 -1.8598 1.5207 -0.1264 0.5265 0.5095 0.6688
1311868243.8119 -2.0921 -1.8589 1.5095 -0.1290 0.5247 0.5113 0.6683
1311868243.8482 -2.0955 -1.8548 1.5017 -0.1293 0.5230 0.5143 0.6673
1311868243.8801 -2.0952 -1.8450 1.4991 -0.1292 0.5198 0.5154 0.6690
1311868243.9121 -2.1030 -1.8463 1.4938 -0.1294 0.5166 0.5143 0.6722
1311868243.9482 -2.1086 -1.8532 1.4870 -0.1306 0.5127 0.5133 0.6757
1311868243.9800 -2.1170 -1.8498 1.4853 -0.1293 0.5084 0.5123 0.6800
1311868244.0121 -2.1160 -1.8392 1.4771 -0.1274 0.5023 0.5127 0.6846
1311868244.0481 -2.1237 -1.8369 1.4758 -0.1268 0.5001 0.5108 0.6877
1311868244.0801 -2.1258 -1.8305 1.4700 -0.1241 0.4977 0.5107 0.6900
1311868244.1122 -2.1320 -1.8345 1.4653 -0.1224 0.4974 0.5088 0.6919
1311868244.1481 -2.1356 -1.8286 1.4627 -0.1209 0.4963 0.5073 0.6940
1311868244.2120 -2.1439 -1.8298 1.4529 -0.1205 0.4964 0.5019 0.6980
1311868244.2480 -2.1508 -1.8236 1.4497 -0.1198 0.4945 0.4998 0.7009
1311868244.3122 -2.1690 -1.8239 1.4456 -0.1218 0.4858 0.4966 0.7089
1311868244.3483 -2.1768 -1.8231 1.4481 -0.1249 0.4826 0.4958 0.7111
1311868244.3800 -2.1766 -1.8148 1.4374 -0.1255 0.4786 0.4982 0.7121
1311868244.4121 -2.1905 -1.8076 1.4478 -0.1242 0.4832 0.4969 0.7101
1311868244.4482 -2.1787 -1.7957 1.4330 -0.1266 0.4808 0.4992 0.7097
1311868244.4801 -2.1850 -1.7944 1.4285 -0.1270 0.4840 0.4991 0.7074
1311868244.5123 -2.1971 -1.7916 1.4308 -0.1268 0.4878 0.4977 0.7058
1311868244.5483 -2.1993 -1.7877 1.4253 -0.1277 0.4882 0.4967 0.7062
1311868244.5801 -2.2032 -1.7909 1.4180 -0.1284 0.4881 0.4970 0.7059
1311868244.6123 -2.2132 -1.7831 1.4184 -0.1266 0.4876 0.4970 0.7065
1311868244.6482 -2.2156 -1.7805 1.4134 -0.1256 0.4845 0.4970 0.7088
1311868244.7121 -2.2331 -1.7717 1.4194 -0.1260 0.4831 0.4963 0.7102
1311868244.7483 -2.2285 -1.7691 1.4103 -0.1267 0.4824 0.5007 0.7075
1311868244.7800 -2.2238 -1.7530 1.4064 -0.1253 0.4840 0.5040 0.7043
1311868244.8121 -2.2280 -1.7542 1.4021 -0.1273 0.4865 0.5075 0.6997
1311868244.8481 -2.2282 -1.7473 1.3975 -0.1290 0.4885 0.5093 0.6967
1311868244.8804 -2.2277 -1.7449 1.3915 -0.1300 0.4901 0.5109 0.6942
1311868244.9122 -2.2302 -1.7475 1.3870 -0.1355 0.4911 0.5100 0.6931
1311868244.9481 -2.2355 -1.7421 1.3857 -0.1376 0.4927 0.5083 0.6928
1311868244.9801 -2.2303 -1.7264 1.3786 -0.1392 0.4904 0.5088 0.6937
1311868245.0123 -2.2337 -1.7251 1.3838 -0.1428 0.4909 0.5099 0.6918
1311868245.0483 -2.2322 -1.7151 1.3830 -0.1453 0.4890 0.5105 0.6923
1311868245.0802 -2.2296 -1.7045 1.3823 -0.1463 0.4897 0.5087 0.6928
1311868245.1123 -2.2305 -1.7003 1.3787 -0.1480 0.4911 0.5069 0.6928
1311868245.1482 -2.2263 -1.6889 1.3743 -0.1489 0.4928 0.5065 0.6917
1311868245.1799 -2.2337 -1.6964 1.3723 -0.1503 0.4983 0.5043 0.6890
1311868245.2122 -2.2237 -1.6810 1.3652 -0.1473 0.4977 0.5050 0.6896
1311868245.2483 -2.2367 -1.6911 1.3608 -0.1454 0.4984 0.5036 0.6905
1311868245.2802 -2.2314 -1.6868 1.3567 -0.1430 0.4941 0.5046 0.6934
1311868245.3122 -2.2238 -1.6722 1.3505 -0.1381 0.4897 0.5038 0.6981
1311868245.3482 -2.2202 -1.6634 1.3540 -0.1352 0.4882 0.5037 0.6998
1311868245.3801 -2.2199 -1.6586 1.3419 -0.1335 0.4875 0.5000 0.7032
1311868245.4122 -2.2244 -1.6629 1.3358 -0.1333 0.4878 0.4969 0.7052
1311868245.4482 -2.2163 -1.6589 1.3304 -0.1324 0.4854 0.4982 0.7061
1311868245.4801 -2.2160 -1.6464 1.3260 -0.1266 0.4842 0.4987 0.7077
1311868245.5123 -2.2236 -1.6512 1.3170 -0.1237 0.4826 0.4973 0.7103
1311868245.5482 -2.2121 -1.6423 1.3122 -0.1217 0.4773 0.4987 0.7132
1311868245.5803 -2.2098 -1.6322 1.3095 -0.1190 0.4741 0.4983 0.7160
1311868245.6123 -2.2090 -1.6290 1.3021 -0.1200 0.4735 0.4975 0.7169
1311868245.6482 -2.2238 -1.6319 1.3039 -0.1209 0.4779 0.4989 0.7129
1311868245.6802 -2.2238 -1.6280 1.2900 -0.1229 0.4790 0.5017 0.7098
1311868245.7161 -2.2222 -1.6204 1.2951 -0.1230 0.4826 0.5046 0.7053
1311868245.7482 -2.2223 -1.6088 1.2906 -0.1195 0.4820 0.5094 0.7028
1311868245.7802 -2.2251 -1.6052 1.2818 -0.1158 0.4786 0.5147 0.7019
1311868245.8163 -2.2267 -1.5979 1.2713 -0.1134 0.4731 0.5172 0.7041
1311868245.8482 -2.2288 -1.6002 1.2695 -0.1123 0.4704 0.5210 0.7033
1311868245.8802 -2.2295 -1.5948 1.2635 -0.1127 0.4664 0.5227 0.7047
1311868245.9162 -2.2365 -1.5853 1.2556 -0.1131 0.4637 0.5222 0.7068
1311868245.9482 -2.2385 -1.5788 1.2537 -0.1142 0.4629 0.5218 0.7074
1311868245.9803 -2.2401 -1.5751 1.2445 -0.1172 0.4590 0.5227 0.7088
1311868246.0161 -2.2454 -1.5719 1.2422 -0.1209 0.4577 0.5202 0.7108
1311868246.0482 -2.2431 -1.5666 1.2332 -0.1243 0.4531 0.5193 0.7138
1311868246.0803 -2.2488 -1.5635 1.2270 -0.1279 0.4495 0.5168 0.7173
1311868246.1162 -2.2533 -1.5609 1.2232 -0.1291 0.4465 0.5172 0.7187
1311868246.1482 -2.2558 -1.5579 1.2169 -0.1299 0.4420 0.5184 0.7204
1311868246.1802 -2.2617 -1.5563 1.2133 -0.1314 0.4389 0.5185 0.7220
1311868246.2161 -2.2640 -1.5520 1.2059 -0.1333 0.4370 0.5175 0.7235
1311868246.2481 -2.2714 -1.5528 1.2016 -0.1345 0.4379 0.5180 0.7224
1311868246.2802 -2.2742 -1.5469 1.1918 -0.1347 0.4371 0.5185 0.7225
1311868246.3162 -2.2818 -1.5442 1.1871 -0.1365 0.4380 0.5166 0.7229
1311868246.3481 -2.2789 -1.5408 1.1784 -0.1370 0.4368 0.5172 0.7232
1311868246.3802 -2.2962 -1.5489 1.1717 -0.1380 0.4365 0.5155 0.7244
1311868246.4161 -2.2923 -1.5427 1.1689 -0.1388 0.4330 0.5172 0.7251
1311868246.4483 -2.3004 -1.5393 1.1658 -0.1400 0.4314 0.5174 0.7256
1311868246.4804 -2.3133 -1.5390 1.1612 -0.1404 0.4322 0.5176 0.7249
1311868246.5162 -2.3100 -1.5336 1.1594 -0.1429 0.4308 0.5196 0.7239
1311868246.5484 -2.3260 -1.5383 1.1469 -0.1437 0.4315 0.5185 0.7241
1311868246.5802 -2.3236 -1.5321 1.1398 -0.1459 0.4286 0.5198 0.7245
1311868246.6161 -2.3332 -1.5329 1.1372 -0.1483 0.4298 0.5193 0.7236
1311868246.6483 -2.3448 -1.5317 1.1360 -0.1481 0.4315 0.5206 0.7217
1311868246.6803 -2.3444 -1.5277 1.1322 -0.1506 0.4299 0.5231 0.7203
1311868246.7163 -2.3402 -1.5223 1.1315 -0.1524 0.4293 0.5254 0.7186
1311868246.7489 -2.3451 -1.5231 1.1268 -0.1525 0.4306 0.5271 0.7166
1311868246.7804 -2.3453 -1.5193 1.1223 -0.1541 0.4297 0.5273 0.7166
1311868246.8162 -2.3470 -1.5175 1.1144 -0.1557 0.4296 0.5263 0.7171
1311868246.8484 -2.3518 -1.5187 1.1109 -0.1574 0.4312 0.5257 0.7162
1311868246.8803 -2.3519 -1.5201 1.1010 -0.1581 0.4316 0.5278 0.7143
1311868246.9162 -2.3564 -1.5224 1.0983 -0.1585 0.4335 0.5284 0.7126
1311868246.9482 -2.3565 -1.5176 1.0930 -0.1579 0.4339 0.5289 0.7121
1311868246.9803 -2.3593 -1.5161 1.0920 -0.1588 0.4357 0.5278 0.7117
1311868247.0162 -2.3642 -1.5140 1.0852 -0.1583 0.4373 0.5282 0.7104
1311868247.0484 -2.3661 -1.5135 1.0838 -0.1584 0.4396 0.5295 0.7081
1311868247.0802 -2.3642 -1.5110 1.0770 -0.1588 0.4406 0.5306 0.7065
1311868247.1163 -2.3651 -1.5115 1.0787 -0.1591 0.4431 0.5309 0.7047
1311868247.1484 -2.3702 -1.5106 1.0750 -0.1580 0.4444 0.5312 0.7038
1311868247.1803 -2.3662 -1.5081 1.0754 -0.1579 0.4439 0.5317 0.7038
1311868247.2164 -2.3602 -1.5048 1.0754 -0.1574 0.4428 0.5319 0.7044
1311868247.2482 -2.3575 -1.5042 1.0716 -0.1569 0.4430 0.5313 0.7049
1311868247.2803 -2.3635 -1.5043 1.0679 -0.1550 0.4443 0.5305 0.7050
1311868247.3163 -2.3574 -1.5013 1.0667 -0.1552 0.4436 0.5311 0.7050
1311868247.3483 -2.3462 -1.4943 1.0647 -0.1558 0.4423 0.5314 0.7055
1311868247.3806 -2.3461 -1.4982 1.0562 -0.1572 0.4431 0.5289 0.7065
1311868247.4163 -2.3463 -1.4955 1.0676 -0.1585 0.4460 0.5262 0.7065
1311868247.4483 -2.3319 -1.4940 1.0525 -0.1593 0.4430 0.5284 0.7066
1311868247.4804 -2.3295 -1.4932 1.0490 -0.1597 0.4430 0.5261 0.7081
1311868247.5161 -2.3048 -1.4957 1.0391 -0.1626 0.4391 0.5277 0.7087
1311868247.5485 -2.3182 -1.4862 1.0511 -0.1584 0.4445 0.5232 0.7097
1311868247.5802 -2.2964 -1.4859 1.0361 -0.1579 0.4398 0.5272 0.7097
1311868247.6164 -2.2981 -1.4801 1.0490 -0.1536 0.4433 0.5256 0.7097
1311868247.6482 -2.2900 -1.4759 1.0474 -0.1513 0.4429 0.5251 0.7107
1311868247.6804 -2.2778 -1.4745 1.0430 -0.1492 0.4418 0.5278 0.7100
1311868247.7162 -2.2790 -1.4756 1.0437 -0.1476 0.4430 0.5265 0.7105
1311868247.7483 -2.2657 -1.4705 1.0339 -0.1472 0.4404 0.5266 0.7121
1311868247.7804 -2.2516 -1.4705 1.0266 -0.1494 0.4390 0.5250 0.7137
1311868247.8162 -2.2403 -1.4677 1.0215 -0.1508 0.4394 0.5227 0.7149
1311868247.8484 -2.2465 -1.4603 1.0257 -0.1497 0.4435 0.5176 0.7163
1311868247.8802 -2.2319 -1.4514 1.0222 -0.1508 0.4432 0.5160 0.7173
1311868247.9162 -2.2129 -1.4532 1.0185 -0.1530 0.4428 0.5155 0.7174
1311868247.9482 -2.2073 -1.4548 1.0127 -0.1518 0.4434 0.5155 0.7173
1311868247.9802 -2.1926 -1.4517 1.0095 -0.1520 0.4424 0.5163 0.7174
1311868248.0162 -2.1818 -1.4490 1.0082 -0.1513 0.4415 0.5185 0.7165
1311868248.0482 -2.1820 -1.4461 1.0082 -0.1485 0.4422 0.5175 0.7173
1311868248.0803 -2.1639 -1.4450 1.0021 -0.1472 0.4394 0.5177 0.7192
1311868248.1162 -2.1555 -1.4403 0.9976 -0.1455 0.4360 0.5166 0.7224
1311868248.1483 -2.1524 -1.4389 1.0017 -0.1445 0.4347 0.5162 0.7237
1311868248.1804 -2.1391 -1.4333 0.9959 -0.1435 0.4318 0.5178 0.7244
1311868248.2164 -2.1366 -1.4310 0.9878 -0.1406 0.4308 0.5183 0.7253
1311868248.2483 -2.1242 -1.4295 0.9827 -0.1412 0.4267 0.5207 0.7258
1311868248.2803 -2.1216 -1.4246 0.9854 -0.1410 0.4262 0.5191 0.7273
1311868248.3162 -2.1145 -1.4199 0.9798 -0.1420 0.4250 0.5163 0.7298
1311868248.3483 -2.1114 -1.4145 0.9743 -0.1433 0.4238 0.5144 0.7316
1311868248.3805 -2.0996 -1.4141 0.9747 -0.1467 0.4220 0.5151 0.7315
1311868248.4163 -2.0884 -1.4103 0.9665 -0.1473 0.4193 0.5156 0.7326
1311868248.4484 -2.0774 -1.4094 0.9537 -0.1482 0.4146 0.5163 0.7346
1311868248.4804 -2.0687 -1.4047 0.9502 -0.1493 0.4109 0.5164 0.7363
1311868248.5163 -2.0647 -1.4007 0.9523 -0.1486 0.4092 0.5149 0.7385
1311868248.5483 -2.0518 -1.3937 0.9468 -0.1490 0.4041 0.5140 0.7418
1311868248.5803 -2.0412 -1.3896 0.9409 -0.1494 0.4006 0.5118 0.7451
1311868248.6164 -2.0347 -1.3864 0.9341 -0.1501 0.3977 0.5091 0.7484
1311868248.6485 -2.0290 -1.3846 0.9341 -0.1542 0.3971 0.5043 0.7511
1311868248.6804 -2.0179 -1.3778 0.9238 -0.1577 0.3965 0.4990 0.7543
1311868248.7165 -2.0103 -1.3773 0.9120 -0.1619 0.3946 0.4949 0.7570
1311868248.7485 -2.0012 -1.3706 0.9046 -0.1661 0.3903 0.4924 0.7600
1311868248.7803 -1.9929 -1.3705 0.9021 -0.1681 0.3871 0.4915 0.7618
1311868248.8165 -1.9854 -1.3672 0.8922 -0.1682 0.3802 0.4918 0.7650
1311868248.8483 -1.9761 -1.3657 0.8916 -0.1689 0.3745 0.4944 0.7660
1311868248.8804 -1.9672 -1.3644 0.8838 -0.1685 0.3697 0.4969 0.7669
1311868248.9165 -1.9602 -1.3637 0.8799 -0.1691 0.3688 0.4981 0.7663
1311868248.9483 -1.9542 -1.3588 0.8790 -0.1696 0.3722 0.4982 0.7646
1311868248.9804 -1.9380 -1.3531 0.8612 -0.1716 0.3718 0.4987 0.7640
1311868249.0165 -1.9287 -1.3516 0.8573 -0.1745 0.3743 0.4988 0.7620
1311868249.0483 -1.9253 -1.3466 0.8528 -0.1747 0.3788 0.4969 0.7610
1311868249.0807 -1.9173 -1.3505 0.8418 -0.1780 0.3792 0.4960 0.7606
1311868249.1163 -1.9106 -1.3423 0.8402 -0.1789 0.3791 0.4970 0.7598
1311868249.1485 -1.9021 -1.3422 0.8347 -0.1808 0.3789 0.4976 0.7591
1311868249.1805 -1.8958 -1.3340 0.8299 -0.1817 0.3773 0.4970 0.7600
1311868249.2164 -1.8874 -1.3273 0.8303 -0.1836 0.3785 0.4944 0.7607
1311868249.2482 -1.8829 -1.3260 0.8297 -0.1826 0.3813 0.4947 0.7593
1311868249.2807 -1.8793 -1.3201 0.8252 -0.1811 0.3817 0.4933 0.7604
1311868249.3166 -1.8770 -1.3200 0.8291 -0.1803 0.3837 0.4927 0.7599
1311868249.3484 -1.8740 -1.3174 0.8280 -0.1772 0.3849 0.4932 0.7598
1311868249.3806 -1.8640 -1.3183 0.8277 -0.1771 0.3853 0.4931 0.7596
1311868249.4165 -1.8544 -1.3178 0.8247 -0.1763 0.3850 0.4925 0.7604
1311868249.4483 -1.8462 -1.3179 0.8275 -0.1753 0.3853 0.4948 0.7590
1311868249.4804 -1.8417 -1.3173 0.8278 -0.1733 0.3876 0.4934 0.7592
1311868249.5163 -1.8375 -1.3180 0.8302 -0.1730 0.3911 0.4908 0.7591
1311868249.5483 -1.8333 -1.3063 0.8272 -0.1700 0.3936 0.4868 0.7611
1311868249.5803 -1.8218 -1.3150 0.8257 -0.1718 0.3960 0.4848 0.7607
1311868249.6163 -1.8068 -1.3152 0.8223 -0.1718 0.3956 0.4846 0.7610
1311868249.6484 -1.8181 -1.3114 0.8291 -0.1665 0.4010 0.4837 0.7599
1311868249.6807 -1.7984 -1.3138 0.8276 -0.1691 0.3972 0.4848 0.7606
1311868249.7163 -1.7954 -1.3118 0.8286 -0.1688 0.3961 0.4852 0.7610
1311868249.7483 -1.7867 -1.3114 0.8329 -0.1695 0.3957 0.4865 0.7602
1311868249.7807 -1.7669 -1.3142 0.8301 -0.1717 0.3933 0.4878 0.7602
1311868249.8166 -1.7697 -1.3047 0.8311 -0.1685 0.3954 0.4857 0.7611
1311868249.8483 -1.7539 -1.3107 0.8361 -0.1705 0.3972 0.4856 0.7599
1311868249.8805 -1.7486 -1.3057 0.8355 -0.1680 0.4000 0.4836 0.7602
1311868249.9166 -1.7393 -1.3045 0.8362 -0.1672 0.4015 0.4838 0.7595
1311868249.9483 -1.7324 -1.3052 0.8440 -0.1658 0.4055 0.4836 0.7578
1311868249.9803 -1.7177 -1.3108 0.8441 -0.1660 0.4069 0.4838 0.7568
1311868250.0164 -1.7139 -1.3113 0.8459 -0.1639 0.4096 0.4828 0.7565
1311868250.0486 -1.7019 -1.3138 0.8486 -0.1645 0.4118 0.4815 0.7560
1311868250.0805 -1.6959 -1.3146 0.8502 -0.1634 0.4139 0.4791 0.7566
1311868250.1165 -1.6878 -1.3144 0.8535 -0.1631 0.4159 0.4772 0.7567
1311868250.1486 -1.6809 -1.3162 0.8568 -0.1625 0.4178 0.4752 0.7571
1311868250.1805 -1.6691 -1.3165 0.8616 -0.1618 0.4173 0.4752 0.7575
1311868250.2164 -1.6632 -1.3174 0.8649 -0.1591 0.4168 0.4763 0.7577
1311868250.2486 -1.6533 -1.3173 0.8680 -0.1575 0.4149 0.4768 0.7587
1311868250.2804 -1.6487 -1.3165 0.8695 -0.1549 0.4145 0.4770 0.7594
1311868250.3165 -1.6418 -1.3183 0.8708 -0.1517 0.4151 0.4780 0.7591
1311868250.3490 -1.6358 -1.3176 0.8730 -0.1489 0.4154 0.4779 0.7595
1311868250.3806 -1.6264 -1.3201 0.8746 -0.1494 0.4153 0.4763 0.7605
1311868250.4164 -1.6203 -1.3218 0.8755 -0.1485 0.4163 0.4745 0.7612
1311868250.4483 -1.6208 -1.3163 0.8817 -0.1441 0.4193 0.4729 0.7614
1311868250.4804 -1.6070 -1.3251 0.8775 -0.1468 0.4170 0.4724 0.7625
1311868250.5164 -1.5997 -1.3281 0.8801 -0.1478 0.4166 0.4695 0.7643
1311868250.5487 -1.5989 -1.3269 0.8816 -0.1439 0.4148 0.4716 0.7647
1311868250.5804 -1.5948 -1.3259 0.8877 -0.1406 0.4126 0.4739 0.7651
1311868250.6164 -1.5809 -1.3327 0.8855 -0.1408 0.4084 0.4769 0.7655
1311868250.6488 -1.5761 -1.3323 0.8838 -0.1386 0.4079 0.4763 0.7665
1311868250.6805 -1.5704 -1.3338 0.8818 -0.1385 0.4090 0.4742 0.7673
1311868250.7165 -1.5716 -1.3305 0.8859 -0.1349 0.4131 0.4721 0.7670
1311868250.7484 -1.5669 -1.3361 0.8867 -0.1341 0.4144 0.4723 0.7663
1311868250.7806 -1.5640 -1.3400 0.8876 -0.1336 0.4148 0.4699 0.7677
1311868250.8164 -1.5591 -1.3405 0.8881 -0.1323 0.4142 0.4681 0.7693
1311868250.8484 -1.5542 -1.3434 0.8876 -0.1298 0.4150 0.4666 0.7702
1311868250.8805 -1.5588 -1.3389 0.8895 -0.1259 0.4169 0.4650 0.7708
1311868250.9164 -1.5519 -1.3431 0.8873 -0.1272 0.4171 0.4640 0.7711
1311868250.9487 -1.5488 -1.3476 0.8859 -0.1269 0.4194 0.4613 0.7715
1311868250.9805 -1.5501 -1.3511 0.8890 -0.1255 0.4221 0.4563 0.7732
1311868251.0164 -1.5524 -1.3527 0.8907 -0.1250 0.4214 0.4537 0.7752
1311868251.0486 -1.5531 -1.3533 0.8911 -0.1241 0.4191 0.4515 0.7779
1311868251.0805 -1.5543 -1.3502 0.8896 -0.1228 0.4154 0.4517 0.7799
1311868251.1165 -1.5546 -1.3470 0.8894 -0.1219 0.4135 0.4522 0.7808
1311868251.1484 -1.5550 -1.3458 0.8855 -0.1215 0.4131 0.4533 0.7805
1311868251.1806 -1.5537 -1.3453 0.8850 -0.1239 0.4140 0.4524 0.7801
1311868251.2164 -1.5542 -1.3440 0.8825 -0.1258 0.4154 0.4514 0.7797
1311868251.2484 -1.5567 -1.3413 0.8816 -0.1277 0.4166 0.4499 0.7796
1311868251.2804 -1.5598 -1.3393 0.8827 -0.1296 0.4177 0.4477 0.7799
1311868251.3169 -1.5605 -1.3377 0.8807 -0.1321 0.4170 0.4456 0.7811
1311868251.3485 -1.5637 -1.3345 0.8784 -0.1332 0.4169 0.4454 0.7811
1311868251.3808 -1.5666 -1.3297 0.8755 -0.1334 0.4170 0.4465 0.7803
1311868251.4169 -1.5687 -1.3257 0.8739 -0.1335 0.4170 0.4476 0.7797
1311868251.4488 -1.5680 -1.3252 0.8727 -0.1341 0.4169 0.4469 0.7801
1311868251.4806 -1.5747 -1.3189 0.8700 -0.1335 0.4165 0.4471 0.7802
1311868251.5165 -1.5758 -1.3206 0.8637 -0.1354 0.4152 0.4478 0.7802
1311868251.5487 -1.5800 -1.3122 0.8608 -0.1347 0.4142 0.4501 0.7795
1311868251.5808 -1.5791 -1.3134 0.8565 -0.1360 0.4142 0.4509 0.7789
1311868251.6166 -1.5856 -1.3074 0.8510 -0.1325 0.4149 0.4536 0.7775
1311868251.6490 -1.5895 -1.3057 0.8452 -0.1309 0.4151 0.4538 0.7776
1311868251.6811 -1.5897 -1.3053 0.8393 -0.1312 0.4139 0.4530 0.7786
1311868251.7165 -1.5951 -1.3037 0.8338 -0.1320 0.4137 0.4509 0.7798
1311868251.7487 -1.5998 -1.2973 0.8260 -0.1327 0.4129 0.4473 0.7822
1311868251.7806 -1.6002 -1.2940 0.8167 -0.1349 0.4126 0.4450 0.7833
1311868251.8167 -1.6077 -1.2903 0.8102 -0.1348 0.4143 0.4447 0.7826
1311868251.8487 -1.6022 -1.2877 0.8065 -0.1378 0.4123 0.4461 0.7823
1311868251.8812 -1.6098 -1.2844 0.7983 -0.1369 0.4121 0.4465 0.7823
1311868251.9166 -1.6116 -1.2773 0.7903 -0.1374 0.4099 0.4463 0.7835
1311868251.9488 -1.6114 -1.2748 0.7801 -0.1391 0.4079 0.4455 0.7847
1311868251.9805 -1.6167 -1.2690 0.7733 -0.1387 0.4081 0.4442 0.7855
1311868252.0166 -1.6184 -1.2649 0.7658 -0.1377 0.4086 0.4439 0.7855
1311868252.0487 -1.6228 -1.2615 0.7585 -0.1371 0.4100 0.4416 0.7862
1311868252.0811 -1.6225 -1.2594 0.7471 -0.1386 0.4086 0.4401 0.7875
1311868252.1167 -1.6233 -1.2588 0.7395 -0.1394 0.4076 0.4388 0.7886
1311868252.1487 -1.6270 -1.2548 0.7318 -0.1390 0.4063 0.4367 0.7905
1311868252.1806 -1.6334 -1.2502 0.7241 -0.1395 0.4058 0.4335 0.7924
1311868252.2167 -1.6343 -1.2473 0.7155 -0.1402 0.4052 0.4316 0.7936
1311868252.2491 -1.6402 -1.2443 0.7069 -0.1416 0.4058 0.4267 0.7957
1311868252.2807 -1.6425 -1.2410 0.6961 -0.1442 0.4048 0.4218 0.7984
1311868252.3166 -1.6478 -1.2368 0.6873 -0.1458 0.4050 0.4163 0.8008
1311868252.3486 -1.6513 -1.2293 0.6768 -0.1475 0.4039 0.4128 0.8029
1311868252.3807 -1.6558 -1.2237 0.6687 -0.1489 0.4030 0.4108 0.8041
1311868252.4167 -1.6609 -1.2184 0.6631 -0.1502 0.4015 0.4105 0.8048
1311868252.4488 -1.6658 -1.2131 0.6561 -0.1503 0.3993 0.4107 0.8058
1311868252.4806 -1.6689 -1.2060 0.6461 -0.1504 0.3951 0.4135 0.8064
1311868252.5166 -1.6685 -1.2043 0.6411 -0.1517 0.3923 0.4158 0.8063
1311868252.5500 -1.6696 -1.1988 0.6329 -0.1512 0.3891 0.4182 0.8068
1311868252.5807 -1.6723 -1.1908 0.6209 -0.1514 0.3855 0.4196 0.8077
1311868252.6166 -1.6836 -1.1831 0.6177 -0.1507 0.3868 0.4203 0.8068
1311868252.6491 -1.6850 -1.1775 0.6097 -0.1526 0.3855 0.4220 0.8062
1311868252.6807 -1.6920 -1.1719 0.6056 -0.1538 0.3867 0.4216 0.8057
1311868252.7166 -1.6941 -1.1656 0.5972 -0.1557 0.3864 0.4216 0.8055
1311868252.7487 -1.6947 -1.1596 0.5878 -0.1571 0.3850 0.4230 0.8051
1311868252.7807 -1.6991 -1.1546 0.5840 -0.1579 0.3848 0.4250 0.8039
1311868252.8167 -1.7032 -1.1474 0.5782 -0.1583 0.3839 0.4261 0.8038
1311868252.8487 -1.7046 -1.1459 0.5729 -0.1599 0.3831 0.4275 0.8031
1311868252.8807 -1.7058 -1.1376 0.5673 -0.1602 0.3826 0.4286 0.8027
1311868252.9166 -1.7063 -1.1330 0.5602 -0.1600 0.3819 0.4313 0.8016
1311868252.9487 -1.7053 -1.1257 0.5530 -0.1612 0.3803 0.4309 0.8024
1311868252.9807 -1.7053 -1.1231 0.5493 -0.1615 0.3807 0.4319 0.8015
1311868253.0167 -1.7034 -1.1220 0.5463 -0.1619 0.3811 0.4329 0.8008
1311868253.0488 -1.7061 -1.1109 0.5396 -0.1605 0.3797 0.4344 0.8009
1311868253.0808 -1.7034 -1.1066 0.5374 -0.1599 0.3804 0.4355 0.8001
1311868253.1167 -1.7026 -1.1020 0.5318 -0.1589 0.3813 0.4369 0.7991
1311868253.1488 -1.7051 -1.0940 0.5287 -0.1583 0.3826 0.4379 0.7980
1311868253.1819 -1.7033 -1.0917 0.5209 -0.1605 0.3820 0.4406 0.7964
1311868253.2166 -1.7031 -1.0877 0.5203 -0.1615 0.3835 0.4417 0.7948
1311868253.2487 -1.6988 -1.0833 0.5129 -0.1648 0.3821 0.4407 0.7954
1311868253.2807 -1.6993 -1.0721 0.5136 -0.1668 0.3843 0.4374 0.7957
1311868253.3167 -1.6965 -1.0719 0.5083 -0.1698 0.3859 0.4381 0.7939
1311868253.3488 -1.6939 -1.0623 0.4992 -0.1694 0.3860 0.4389 0.7935
1311868253.3811 -1.6903 -1.0545 0.4933 -0.1697 0.3857 0.4386 0.7938
1311868253.4168 -1.6874 -1.0492 0.4910 -0.1713 0.3862 0.4376 0.7937
1311868253.4487 -1.6834 -1.0442 0.4858 -0.1716 0.3869 0.4387 0.7927
1311868253.4809 -1.6786 -1.0413 0.4790 -0.1726 0.3860 0.4412 0.7916
1311868253.5167 -1.6763 -1.0312 0.4803 -0.1733 0.3872 0.4401 0.7914
1311868253.5485 -1.6699 -1.0272 0.4735 -0.1742 0.3856 0.4406 0.7917
1311868253.5815 -1.6680 -1.0240 0.4727 -0.1740 0.3864 0.4396 0.7919
1311868253.6167 -1.6626 -1.0191 0.4727 -0.1727 0.3869 0.4390 0.7923
1311868253.6487 -1.6603 -1.0117 0.4744 -0.1698 0.3888 0.4382 0.7925
1311868253.6806 -1.6556 -1.0096 0.4722 -0.1663 0.3892 0.4372 0.7935
1311868253.7168 -1.6571 -1.0019 0.4660 -0.1626 0.3867 0.4380 0.7951
1311868253.7488 -1.6542 -0.9990 0.4611 -0.1620 0.3848 0.4388 0.7957
1311868253.7808 -1.6523 -0.9943 0.4569 -0.1609 0.3847 0.4399 0.7953
1311868253.8167 -1.6498 -0.9883 0.4528 -0.1603 0.3849 0.4414 0.7946
1311868253.8487 -1.6497 -0.9858 0.4489 -0.1599 0.3851 0.4424 0.7939
1311868253.8810 -1.6444 -0.9769 0.4441 -0.1591 0.3839 0.4427 0.7945
1311868253.9169 -1.6438 -0.9765 0.4421 -0.1605 0.3830 0.4435 0.7943
1311868253.9488 -1.6386 -0.9672 0.4348 -0.1596 0.3805 0.4450 0.7948
1311868253.9807 -1.6349 -0.9611 0.4282 -0.1595 0.3786 0.4458 0.7953
1311868254.0167 -1.6341 -0.9586 0.4257 -0.1610 0.3787 0.4430 0.7965
1311868254.0492 -1.6311 -0.9558 0.4196 -0.1620 0.3779 0.4405 0.7981
1311868254.0808 -1.6293 -0.9517 0.4165 -0.1625 0.3779 0.4379 0.7994
1311868254.1168 -1.6266 -0.9438 0.4119 -0.1619 0.3767 0.4362 0.8010
1311868254.1486 -1.6260 -0.9344 0.4072 -0.1609 0.3748 0.4339 0.8034
1311868254.1808 -1.6283 -0.9263 0.4024 -0.1600 0.3719 0.4322 0.8058
1311868254.2167 -1.6206 -0.9191 0.3964 -0.1597 0.3667 0.4328 0.8079
1311868254.2489 -1.6190 -0.9133 0.3862 -0.1583 0.3614 0.4338 0.8101
1311868254.2812 -1.6268 -0.9116 0.3886 -0.1581 0.3605 0.4325 0.8112
1311868254.3167 -1.6199 -0.9007 0.3755 -0.1575 0.3526 0.4326 0.8147
1311868254.3488 -1.6232 -0.8983 0.3738 -0.1578 0.3513 0.4319 0.8156
1311868254.3809 -1.6199 -0.8911 0.3650 -0.1590 0.3464 0.4310 0.8179
1311868254.4169 -1.6210 -0.8879 0.3598 -0.1611 0.3439 0.4278 0.8202
1311868254.4489 -1.6251 -0.8835 0.3547 -0.1627 0.3422 0.4238 0.8227
1311868254.4812 -1.6269 -0.8817 0.3478 -0.1644 0.3392 0.4205 0.8253
1311868254.5167 -1.6277 -0.8785 0.3450 -0.1666 0.3358 0.4176 0.8277
1311868254.5489 -1.6326 -0.8732 0.3418 -0.1673 0.3324 0.4162 0.8296
1311868254.5809 -1.6334 -0.8721 0.3360 -0.1702 0.3277 0.4141 0.8320
1311868254.6168 -1.6322 -0.8683 0.3259 -0.1725 0.3222 0.4136 0.8339
1311868254.6487 -1.6314 -0.8626 0.3160 -0.1744 0.3183 0.4131 0.8352
1311868254.6809 -1.6325 -0.8591 0.3080 -0.1761 0.3168 0.4113 0.8363
1311868254.7168 -1.6357 -0.8562 0.3032 -0.1776 0.3154 0.4119 0.8362
1311868254.7488 -1.6368 -0.8479 0.2980 -0.1782 0.3128 0.4116 0.8372
1311868254.7849 -1.6380 -0.8414 0.2911 -0.1785 0.3097 0.4117 0.8383
1311868254.8169 -1.6400 -0.8423 0.2873 -0.1807 0.3072 0.4126 0.8383
1311868254.8489 -1.6345 -0.8285 0.2777 -0.1803 0.3032 0.4119 0.8402
1311868254.8852 -1.6370 -0.8312 0.2691 -0.1825 0.3021 0.4129 0.8397
1311868254.9170 -1.6304 -0.8141 0.2585 -0.1811 0.2981 0.4139 0.8408
1311868254.9490 -1.6334 -0.8104 0.2531 -0.1808 0.2976 0.4143 0.8409
1311868254.9848 -1.6346 -0.8074 0.2536 -0.1824 0.2968 0.4142 0.8409
1311868255.0169 -1.6363 -0.7951 0.2407 -0.1800 0.2943 0.4132 0.8428
1311868255.0493 -1.6348 -0.8008 0.2391 -0.1831 0.2925 0.4166 0.8410
1311868255.0850 -1.6332 -0.7929 0.2304 -0.1822 0.2905 0.4147 0.8429
1311868255.1167 -1.6339 -0.7893 0.2230 -0.1814 0.2894 0.4141 0.8437
1311868255.1488 -1.6424 -0.7917 0.2203 -0.1812 0.2900 0.4142 0.8435
1311868255.1851 -1.6396 -0.7815 0.2125 -0.1800 0.2865 0.4143 0.8449
1311868255.2169 -1.6340 -0.7751 0.2056 -0.1801 0.2837 0.4137 0.8461
1311868255.2487 -1.6335 -0.7731 0.2024 -0.1804 0.2829 0.4135 0.8464
1311868255.2850 -1.6448 -0.7833 0.2040 -0.1822 0.2868 0.4134 0.8448
1311868255.3170 -1.6438 -0.7853 0.1984 -0.1824 0.2852 0.4151 0.8444
1311868255.3490 -1.6455 -0.7739 0.1930 -0.1806 0.2845 0.4142 0.8455
1311868255.3848 -1.6396 -0.7679 0.1860 -0.1797 0.2821 0.4145 0.8463
1311868255.4175 -1.6410 -0.7682 0.1844 -0.1797 0.2836 0.4155 0.8454
1311868255.4490 -1.6378 -0.7612 0.1828 -0.1781 0.2837 0.4140 0.8464
1311868255.4848 -1.6397 -0.7585 0.1850 -0.1768 0.2852 0.4140 0.8462
1311868255.5171 -1.6447 -0.7596 0.1844 -0.1746 0.2871 0.4143 0.8459
1311868255.5489 -1.6381 -0.7573 0.1790 -0.1736 0.2847 0.4159 0.8461
1311868255.5858 -1.6357 -0.7560 0.1761 -0.1742 0.2841 0.4168 0.8457
1311868255.6169 -1.6342 -0.7517 0.1710 -0.1741 0.2846 0.4173 0.8453
1311868255.6493 -1.6329 -0.7553 0.1656 -0.1769 0.2861 0.4174 0.8442
1311868255.6849 -1.6178 -0.7345 0.1571 -0.1753 0.2806 0.4162 0.8470
1311868255.7169 -1.6144 -0.7340 0.1539 -0.1766 0.2805 0.4154 0.8471
1311868255.7488 -1.6157 -0.7377 0.1531 -0.1782 0.2822 0.4145 0.8466
1311868255.7850 -1.6054 -0.7244 0.1459 -0.1776 0.2788 0.4127 0.8488
1311868255.8175 -1.6015 -0.7175 0.1419 -0.1779 0.2784 0.4124 0.8490
1311868255.8488 -1.5937 -0.7108 0.1426 -0.1787 0.2780 0.4129 0.8487
1311868255.8850 -1.5866 -0.7064 0.1371 -0.1789 0.2777 0.4126 0.8489
1311868255.9169 -1.5834 -0.7066 0.1344 -0.1787 0.2786 0.4140 0.8480
1311868255.9489 -1.5839 -0.7073 0.1348 -0.1790 0.2810 0.4141 0.8471
1311868255.9848 -1.5763 -0.6999 0.1307 -0.1782 0.2790 0.4143 0.8478
1311868256.0175 -1.5734 -0.7000 0.1297 -0.1793 0.2793 0.4134 0.8479
1311868256.0489 -1.5643 -0.6938 0.1231 -0.1792 0.2767 0.4123 0.8493
1311868256.0848 -1.5591 -0.6913 0.1227 -0.1797 0.2759 0.4117 0.8498
1311868256.1173 -1.5518 -0.6879 0.1183 -0.1808 0.2757 0.4074 0.8517
1311868256.1497 -1.5399 -0.6844 0.1147 -0.1813 0.2748 0.4054 0.8528
1311868256.1848 -1.5334 -0.6844 0.1048 -0.1809 0.2737 0.4033 0.8542
1311868256.2169 -1.5275 -0.6810 0.1032 -0.1814 0.2734 0.4017 0.8550
1311868256.2489 -1.5210 -0.6777 0.1014 -0.1826 0.2729 0.4007 0.8553
1311868256.2848 -1.5125 -0.6745 0.1010 -0.1839 0.2730 0.3987 0.8560
1311868256.3168 -1.5020 -0.6693 0.0931 -0.1836 0.2721 0.3957 0.8577
1311868256.3489 -1.5020 -0.6686 0.0946 -0.1821 0.2764 0.3935 0.8577
1311868256.3855 -1.4925 -0.6641 0.0897 -0.1804 0.2757 0.3909 0.8594
1311868256.4177 -1.4874 -0.6591 0.0883 -0.1777 0.2778 0.3875 0.8609
1311868256.4489 -1.4807 -0.6543 0.0872 -0.1747 0.2787 0.3877 0.8611
1311868256.4849 -1.4710 -0.6496 0.0878 -0.1726 0.2777 0.3886 0.8614
1311868256.5172 -1.4659 -0.6465 0.0855 -0.1695 0.2776 0.3886 0.8621
1311868256.5488 -1.4656 -0.6475 0.0765 -0.1674 0.2766 0.3899 0.8622
1311868256.5849 -1.4528 -0.6404 0.0786 -0.1653 0.2766 0.3886 0.8632
1311868256.6169 -1.4452 -0.6360 0.0747 -0.1624 0.2776 0.3881 0.8637
1311868256.6491 -1.4382 -0.6348 0.0662 -0.1602 0.2782 0.3893 0.8633
1311868256.6849 -1.4337 -0.6314 0.0670 -0.1598 0.2800 0.3877 0.8636
1311868256.7171 -1.4250 -0.6313 0.0588 -0.1589 0.2780 0.3897 0.8635
1311868256.7491 -1.4233 -0.6253 0.0645 -0.1572 0.2799 0.3863 0.8647
1311868256.7852 -1.4124 -0.6276 0.0562 -0.1575 0.2763 0.3873 0.8653
1311868256.8168 -1.4111 -0.6260 0.0491 -0.1550 0.2744 0.3850 0.8674
1311868256.8489 -1.4090 -0.6236 0.0438 -0.1539 0.2718 0.3799 0.8707
1311868256.8850 -1.3998 -0.6203 0.0431 -0.1538 0.2680 0.3777 0.8729
1311868256.9169 -1.3953 -0.6191 0.0434 -0.1544 0.2671 0.3740 0.8746
1311868256.9492 -1.3872 -0.6131 0.0407 -0.1540 0.2650 0.3714 0.8764
1311868256.9849 -1.3861 -0.6147 0.0362 -0.1541 0.2656 0.3699 0.8769
1311868257.0171 -1.3806 -0.6119 0.0352 -0.1531 0.2646 0.3684 0.8780
1311868257.0492 -1.3733 -0.6117 0.0301 -0.1517 0.2613 0.3664 0.8800
1311868257.0852 -1.3722 -0.6114 0.0301 -0.1517 0.2593 0.3619 0.8825
1311868257.1170 -1.3655 -0.6072 0.0260 -0.1497 0.2555 0.3577 0.8856
1311868257.1492 -1.3577 -0.6065 0.0220 -0.1500 0.2526 0.3537 0.8880
1311868257.1850 -1.3514 -0.6046 0.0181 -0.1498 0.2506 0.3513 0.8896
1311868257.2168 -1.3477 -0.6041 0.0122 -0.1502 0.2488 0.3499 0.8906
1311868257.2489 -1.3390 -0.6042 0.0066 -0.1532 0.2451 0.3479 0.8918
1311868257.2849 -1.3350 -0.6014 0.0033 -0.1560 0.2430 0.3442 0.8934
1311868257.3170 -1.3251 -0.6012 -0.0041 -0.1591 0.2402 0.3416 0.8946
1311868257.3490 -1.3216 -0.5992 -0.0088 -0.1618 0.2381 0.3397 0.8954
1311868257.3849 -1.3118 -0.5985 -0.0113 -0.1647 0.2343 0.3379 0.8965
1311868257.4168 -1.3035 -0.5956 -0.0120 -0.1640 0.2304 0.3365 0.8982
1311868257.4491 -1.2971 -0.5947 -0.0153 -0.1632 0.2269 0.3336 0.9003
1311868257.4850 -1.2864 -0.5932 -0.0224 -0.1629 0.2224 0.3321 0.9021
1311868257.5168 -1.2810 -0.5936 -0.0267 -0.1611 0.2215 0.3304 0.9032
1311868257.5495 -1.2759 -0.5941 -0.0314 -0.1603 0.2196 0.3269 0.9051
1311868257.5853 -1.2698 -0.5926 -0.0335 -0.1593 0.2182 0.3224 0.9072
1311868257.6180 -1.2653 -0.5911 -0.0378 -0.1577 0.2167 0.3175 0.9096
1311868257.6491 -1.2579 -0.5919 -0.0417 -0.1565 0.2136 0.3152 0.9113
1311868257.6849 -1.2532 -0.5923 -0.0475 -0.1553 0.2101 0.3137 0.9129
1311868257.7180 -1.2469 -0.5912 -0.0511 -0.1550 0.2062 0.3134 0.9139
1311868257.7496 -1.2374 -0.5918 -0.0536 -0.1547 0.2034 0.3121 0.9151
1311868257.7855 -1.2334 -0.5928 -0.0559 -0.1542 0.2030 0.3084 0.9164
1311868257.8169 -1.2269 -0.5943 -0.0580 -0.1554 0.2024 0.3030 0.9182
1311868257.8492 -1.2233 -0.5948 -0.0593 -0.1546 0.2049 0.2974 0.9196
1311868257.8853 -1.2145 -0.5993 -0.0637 -0.1550 0.2043 0.2953 0.9203
1311868257.9170 -1.2090 -0.6020 -0.0659 -0.1561 0.2024 0.2928 0.9214
1311868257.9490 -1.2044 -0.6026 -0.0643 -0.1563 0.1994 0.2904 0.9228
1311868257.9852 -1.2035 -0.6036 -0.0629 -0.1573 0.1953 0.2907 0.9233
1311868258.0168 -1.1934 -0.6073 -0.0633 -0.1608 0.1866 0.2927 0.9240
1311868258.0489 -1.1882 -0.6082 -0.0570 -0.1605 0.1800 0.2940 0.9249
1311868258.0862 -1.1831 -0.6113 -0.0558 -0.1594 0.1717 0.2936 0.9268
1311868258.1176 -1.1760 -0.6137 -0.0576 -0.1594 0.1635 0.2921 0.9287
1311868258.1493 -1.1671 -0.6148 -0.0554 -0.1607 0.1566 0.2911 0.9300
1311868258.1851 -1.1587 -0.6180 -0.0557 -0.1627 0.1521 0.2902 0.9307
1311868258.2169 -1.1504 -0.6176 -0.0532 -0.1639 0.1521 0.2885 0.9310
1311868258.2518 -1.1431 -0.6225 -0.0540 -0.1661 0.1545 0.2864 0.9309
1311868258.2852 -1.1317 -0.6261 -0.0550 -0.1692 0.1563 0.2848 0.9305
1311868258.3172 -1.1233 -0.6297 -0.0508 -0.1732 0.1582 0.2836 0.9298
1311868258.3491 -1.1136 -0.6307 -0.0454 -0.1748 0.1575 0.2850 0.9292
1311868258.3850 -1.1041 -0.6342 -0.0410 -0.1756 0.1560 0.2840 0.9296
1311868258.4170 -1.0981 -0.6390 -0.0390 -0.1765 0.1552 0.2807 0.9306
1311868258.4491 -1.0907 -0.6396 -0.0361 -0.1756 0.1563 0.2759 0.9320
1311868258.4849 -1.0825 -0.6469 -0.0342 -0.1762 0.1593 0.2715 0.9327
1311868258.5173 -1.0749 -0.6512 -0.0308 -0.1750 0.1626 0.2682 0.9333
1311868258.5493 -1.0657 -0.6558 -0.0273 -0.1740 0.1651 0.2664 0.9336
1311868258.5851 -1.0554 -0.6602 -0.0237 -0.1711 0.1676 0.2656 0.9339
1311868258.6169 -1.0485 -0.6610 -0.0210 -0.1678 0.1683 0.2677 0.9337
1311868258.6489 -1.0434 -0.6637 -0.0159 -0.1650 0.1682 0.2699 0.9336
1311868258.6851 -1.0355 -0.6695 -0.0134 -0.1606 0.1665 0.2742 0.9335
1311868258.7169 -1.0259 -0.6719 -0.0106 -0.1573 0.1631 0.2759 0.9341
1311868258.7490 -1.0195 -0.6733 -0.0069 -0.1544 0.1604 0.2787 0.9342
1311868258.7850 -1.0111 -0.6749 -0.0044 -0.1523 0.1568 0.2821 0.9342
1311868258.8170 -1.0056 -0.6794 -0.0014 -0.1515 0.1551 0.2807 0.9350
1311868258.8489 -0.9974 -0.6811 -0.0020 -0.1495 0.1545 0.2788 0.9360
1311868258.8856 -0.9892 -0.6848 0.0002 -0.1494 0.1559 0.2753 0.9368
1311868258.9177 -0.9830 -0.6848 0.0026 -0.1481 0.1576 0.2729 0.9374
1311868258.9499 -0.9753 -0.6859 0.0071 -0.1469 0.1573 0.2713 0.9381
1311868258.9851 -0.9685 -0.6869 0.0092 -0.1449 0.1552 0.2692 0.9394
1311868259.0170 -0.9584 -0.6877 0.0097 -0.1442 0.1521 0.2657 0.9410
1311868259.0489 -0.9515 -0.6881 0.0105 -0.1437 0.1515 0.2609 0.9425
1311868259.0852 -0.9438 -0.6878 0.0143 -0.1438 0.1516 0.2573 0.9435
1311868259.1169 -0.9383 -0.6878 0.0178 -0.1427 0.1516 0.2541 0.9445
1311868259.1492 -0.9300 -0.6879 0.0220 -0.1410 0.1500 0.2519 0.9456
1311868259.1857 -0.9228 -0.6871 0.0268 -0.1374 0.1478 0.2494 0.9471
1311868259.2170 -0.9135 -0.6872 0.0270 -0.1343 0.1445 0.2462 0.9489
1311868259.2490 -0.9061 -0.6866 0.0278 -0.1310 0.1430 0.2440 0.9502
1311868259.2850 -0.9002 -0.6854 0.0269 -0.1301 0.1419 0.2405 0.9514
1311868259.3170 -0.8940 -0.6822 0.0289 -0.1292 0.1407 0.2378 0.9523
1311868259.3502 -0.8858 -0.6821 0.0294 -0.1295 0.1377 0.2356 0.9533
1311868259.3851 -0.8748 -0.6830 0.0293 -0.1297 0.1347 0.2324 0.9545
1311868259.4171 -0.8645 -0.6841 0.0290 -0.1298 0.1337 0.2273 0.9558
1311868259.4491 -0.8523 -0.6831 0.0247 -0.1279 0.1346 0.2246 0.9566
1311868259.4852 -0.8442 -0.6824 0.0233 -0.1271 0.1376 0.2207 0.9572
1311868259.5172 -0.8399 -0.6783 0.0235 -0.1247 0.1409 0.2167 0.9579
1311868259.5495 -0.8336 -0.6732 0.0206 -0.1235 0.1411 0.2129 0.9589
1311868259.5851 -0.8288 -0.6707 0.0209 -0.1243 0.1412 0.2076 0.9600
1311868259.6171 -0.8216 -0.6684 0.0191 -0.1251 0.1407 0.2032 0.9609
1311868259.6493 -0.8165 -0.6645 0.0182 -0.1256 0.1409 0.2014 0.9612
1311868259.6850 -0.8120 -0.6614 0.0182 -0.1259 0.1403 0.2027 0.9609
1311868259.7171 -0.8065 -0.6596 0.0192 -0.1259 0.1386 0.2048 0.9607
1311868259.7490 -0.7991 -0.6583 0.0179 -0.1244 0.1356 0.2062 0.9610
1311868259.7850 -0.7958 -0.6557 0.0161 -0.1227 0.1335 0.2060 0.9616
1311868259.8180 -0.7887 -0.6545 0.0145 -0.1215 0.1312 0.2039 0.9625
1311868259.8492 -0.7834 -0.6531 0.0114 -0.1195 0.1304 0.2004 0.9636
1311868259.8852 -0.7816 -0.6509 0.0080 -0.1184 0.1311 0.1984 0.9641
1311868259.9175 -0.7815 -0.6483 0.0067 -0.1178 0.1332 0.1986 0.9638
1311868259.9491 -0.7803 -0.6453 0.0074 -0.1159 0.1341 0.2007 0.9635
1311868259.9850 -0.7810 -0.6412 0.0078 -0.1135 0.1333 0.2030 0.9634
1311868260.0171 -0.7775 -0.6411 0.0061 -0.1144 0.1299 0.2045 0.9634
1311868260.0491 -0.7765 -0.6403 0.0069 -0.1144 0.1279 0.2040 0.9638
1311868260.0853 -0.7729 -0.6398 0.0035 -0.1149 0.1261 0.2031 0.9642
1311868260.1170 -0.7735 -0.6379 0.0036 -0.1157 0.1269 0.2025 0.9641
1311868260.1491 -0.7743 -0.6334 0.0019 -0.1159 0.1275 0.2027 0.9640
1311868260.1849 -0.7728 -0.6325 0.0027 -0.1184 0.1278 0.2032 0.9635
1311868260.2170 -0.7753 -0.6311 0.0034 -0.1206 0.1282 0.2052 0.9628
1311868260.2491 -0.7779 -0.6285 0.0072 -0.1219 0.1280 0.2085 0.9619
1311868260.2850 -0.7798 -0.6308 0.0081 -0.1241 0.1272 0.2097 0.9615
1311868260.3172 -0.7837 -0.6293 0.0095 -0.1243 0.1266 0.2110 0.9612
1311868260.3492 -0.7861 -0.6296 0.0117 -0.1250 0.1254 0.2136 0.9607
1311868260.3859 -0.7889 -0.6300 0.0152 -0.1247 0.1233 0.2170 0.9603
1311868260.4172 -0.7915 -0.6301 0.0162 -0.1232 0.1216 0.2179 0.9605
1311868260.4492 -0.7932 -0.6325 0.0168 -0.1238 0.1202 0.2157 0.9611
1311868260.4851 -0.7935 -0.6340 0.0170 -0.1241 0.1192 0.2136 0.9617
1311868260.5172 -0.7981 -0.6329 0.0191 -0.1230 0.1200 0.2125 0.9619
1311868260.5493 -0.8023 -0.6342 0.0210 -0.1224 0.1203 0.2125 0.9620
1311868260.5885 -0.8066 -0.6357 0.0239 -0.1220 0.1195 0.2133 0.9619
1311868260.6170 -0.8119 -0.6351 0.0273 -0.1206 0.1180 0.2143 0.9621
1311868260.6492 -0.8158 -0.6352 0.0304 -0.1199 0.1154 0.2147 0.9624
1311868260.6852 -0.8164 -0.6339 0.0328 -0.1193 0.1126 0.2141 0.9629
1311868260.7170 -0.8176 -0.6371 0.0326 -0.1206 0.1113 0.2128 0.9632
1311868260.7491 -0.8187 -0.6410 0.0345 -0.1227 0.1104 0.2115 0.9633
1311868260.7850 -0.8220 -0.6421 0.0386 -0.1231 0.1101 0.2124 0.9631
1311868260.8174 -0.8236 -0.6431 0.0405 -0.1232 0.1089 0.2130 0.9631
1311868260.8494 -0.8262 -0.6441 0.0414 -0.1230 0.1070 0.2133 0.9633
1311868260.8851 -0.8306 -0.6411 0.0436 -0.1222 0.1058 0.2138 0.9634
1311868260.9170 -0.8318 -0.6406 0.0447 -0.1219 0.1047 0.2136 0.9636
1311868260.9492 -0.8312 -0.6420 0.0446 -0.1224 0.1040 0.2130 0.9638
1311868260.9857 -0.8326 -0.6436 0.0452 -0.1226 0.1044 0.2132 0.9636
1311868261.0171 -0.8364 -0.6441 0.0473 -0.1222 0.1049 0.2137 0.9635
1311868261.0494 -0.8378 -0.6455 0.0478 -0.1222 0.1041 0.2130 0.9638
1311868261.0851 -0.8379 -0.6462 0.0472 -0.1222 0.1028 0.2116 0.9642
1311868261.1175 -0.8379 -0.6478 0.0470 -0.1225 0.1021 0.2102 0.9646
1311868261.1492 -0.8370 -0.6479 0.0469 -0.1229 0.1019 0.2088 0.9648
1311868261.1851 -0.8373 -0.6488 0.0474 -0.1236 0.1027 0.2072 0.9650
1311868261.2173 -0.8388 -0.6494 0.0481 -0.1244 0.1040 0.2067 0.9649
1311868261.2507 -0.8398 -0.6505 0.0497 -0.1251 0.1050 0.2076 0.9645
1311868261.2852 -0.8410 -0.6508 0.0501 -0.1242 0.1053 0.2089 0.9643
1311868261.3173 -0.8450 -0.6499 0.0517 -0.1231 0.1047 0.2084 0.9646
1311868261.3505 -0.8429 -0.6503 0.0517 -0.1233 0.1016 0.2074 0.9651
1311868261.3852 -0.8430 -0.6507 0.0520 -0.1240 0.0998 0.2073 0.9653
1311868261.4172 -0.8424 -0.6508 0.0530 -0.1239 0.0993 0.2084 0.9651
1311868261.4509 -0.8425 -0.6501 0.0529 -0.1232 0.1000 0.2102 0.9647
1311868261.4853 -0.8448 -0.6499 0.0533 -0.1224 0.1012 0.2109 0.9645
1311868261.5173 -0.8447 -0.6511 0.0528 -0.1222 0.1007 0.2107 0.9646
1311868261.5536 -0.8439 -0.6499 0.0534 -0.1218 0.0994 0.2099 0.9650
1311868261.5863 -0.8426 -0.6501 0.0530 -0.1220 0.0982 0.2091 0.9653
1311868261.6172 -0.8420 -0.6504 0.0521 -0.1225 0.0982 0.2090 0.9652
1311868261.6541 -0.8423 -0.6506 0.0530 -0.1234 0.0989 0.2091 0.9650
1311868261.6852 -0.8432 -0.6511 0.0546 -0.1242 0.0996 0.2082 0.9650
1311868261.7195 -0.8451 -0.6500 0.0546 -0.1246 0.0994 0.2078 0.9651
1311868261.7517 -0.8447 -0.6510 0.0553 -0.1257 0.0983 0.2075 0.9651
1311868261.7871 -0.8447 -0.6506 0.0557 -0.1264 0.0972 0.2065 0.9654
1311868261.8172 -0.8440 -0.6506 0.0568 -0.1272 0.0971 0.2057 0.9654
1311868261.8530 -0.8442 -0.6492 0.0555 -0.1273 0.0975 0.2062 0.9653
1311868261.8851 -0.8446 -0.6482 0.0559 -0.1280 0.0977 0.2067 0.9650
1311868261.9171 -0.8459 -0.6471 0.0572 -0.1285 0.0981 0.2067 0.9650
1311868261.9535 -0.8456 -0.6487 0.0578 -0.1294 0.0978 0.2067 0.9649
1311868261.9853 -0.8471 -0.6477 0.0583 -0.1288 0.0977 0.2069 0.9649
1311868262.0180 -0.8463 -0.6492 0.0587 -0.1296 0.0965 0.2068 0.9650
1311868262.0536 -0.8463 -0.6487 0.0578 -0.1286 0.0959 0.2068 0.9651
1311868262.0854 -0.8457 -0.6484 0.0576 -0.1283 0.0958 0.2068 0.9652
1311868262.1179 -0.8446 -0.6498 0.0569 -0.1282 0.0963 0.2070 0.9651
1311868262.1505 -0.8445 -0.6494 0.0565 -0.1280 0.0967 0.2073 0.9650
1311868262.1855 -0.8446 -0.6501 0.0562 -0.1282 0.0969 0.2068 0.9651
1311868262.2173 -0.8444 -0.6505 0.0554 -0.1285 0.0972 0.2066 0.9651
1311868262.2532 -0.8434 -0.6507 0.0558 -0.1286 0.0978 0.2066 0.9650
1311868262.2874 -0.8435 -0.6523 0.0562 -0.1286 0.0988 0.2068 0.9649
1311868262.3173 -0.8439 -0.6504 0.0551 -0.1282 0.0989 0.2075 0.9647
1311868262.3511 -0.8454 -0.6509 0.0573 -0.1286 0.0988 0.2077 0.9647
1311868262.3861 -0.8459 -0.6510 0.0566 -0.1280 0.0976 0.2086 0.9647
1311868262.4192 -0.8447 -0.6515 0.0565 -0.1282 0.0965 0.2093 0.9646
1311868262.4530 -0.8437 -0.6510 0.0562 -0.1281 0.0964 0.2086 0.9648
1311868262.4852 -0.8435 -0.6525 0.0557 -0.1284 0.0973 0.2078 0.9648
1311868262.5215 -0.8445 -0.6513 0.0558 -0.1281 0.0984 0.2082 0.9646
1311868262.5510 -0.8454 -0.6522 0.0570 -0.1284 0.0993 0.2088 0.9644
1311868262.5851 -0.8447 -0.6520 0.0571 -0.1284 0.0992 0.2091 0.9643
1311868262.6217 -0.8450 -0.6527 0.0565 -0.1282 0.0995 0.2090 0.9644
1311868262.6508 -0.8446 -0.6533 0.0559 -0.1281 0.0996 0.2095 0.9642
1311868262.6853 -0.8444 -0.6523 0.0553 -0.1270 0.1000 0.2109 0.9641
1311868262.7212 -0.8440 -0.6524 0.0555 -0.1269 0.1002 0.2110 0.9640
1311868262.7505 -0.8426 -0.6531 0.0550 -0.1268 0.1000 0.2104 0.9642
1311868262.7852 -0.8438 -0.6527 0.0551 -0.1268 0.1003 0.2104 0.9642
1311868262.8216 -0.8448 -0.6519 0.0548 -0.1265 0.1004 0.2110 0.9640
1311868262.8506 -0.8450 -0.6514 0.0550 -0.1266 0.1003 0.2114 0.9640
1311868262.8853 -0.8443 -0.6514 0.0552 -0.1264 0.0998 0.2112 0.9641
1311868262.9227 -0.8448 -0.6505 0.0549 -0.1261 0.0994 0.2115 0.9641
1311868262.9507 -0.8449 -0.6500 0.0544 -0.1261 0.0992 0.2120 0.9640
1311868262.9856 -0.8448 -0.6507 0.0549 -0.1265 0.0993 0.2122 0.9639
1311868263.0207 -0.8448 -0.6505 0.0552 -0.1265 0.0994 0.2121 0.9639
1311868263.0533 -0.8445 -0.6510 0.0551 -0.1267 0.0995 0.2116 0.9640
1311868263.0852 -0.8455 -0.6504 0.0547 -0.1264 0.0996 0.2114 0.9641
1311868263.1214 -0.8456 -0.6503 0.0547 -0.1268 0.0993 0.2111 0.9641
1311868263.1543 -0.8439 -0.6506 0.0550 -0.1276 0.0987 0.2115 0.9640
1311868263.1855 -0.8418 -0.6512 0.0564 -0.1289 0.0983 0.2117 0.9638
