1341847980.7869 -0.0028 -0.0031 0.0009 -0.0005 0.0001 -0.0006 1.0000
1341847980.8230 -0.0033 -0.0012 0.0000 0.0010 0.0001 -0.0012 1.0000
1341847980.8547 -0.0034 0.0006 -0.0007 0.0013 0.0004 -0.0017 1.0000
1341847980.8907 -0.0056 -0.0007 -0.0009 0.0012 0.0009 -0.0018 1.0000
1341847980.9230 -0.0064 -0.0007 -0.0016 0.0016 0.0006 -0.0023 1.0000
1341847980.9546 -0.0048 0.0009 -0.0030 0.0016 0.0007 -0.0027 1.0000
1341847980.9907 -0.0085 -0.0006 -0.0019 0.0012 0.0016 -0.0026 1.0000
1341847981.0227 -0.0091 0.0018 -0.0031 0.0020 0.0015 -0.0026 1.0000
1341847981.0547 -0.0094 0.0010 -0.0031 0.0016 0.0014 -0.0027 1.0000
1341847981.0907 -0.0093 0.0015 -0.0038 0.0019 0.0019 -0.0029 1.0000
1341847981.1230 -0.0123 0.0002 -0.0043 0.0019 0.0030 -0.0027 1.0000
1341847981.1586 -0.0143 0.0023 -0.0052 0.0019 0.0033 -0.0016 1.0000
1341847981.1906 -0.0177 -0.0000 -0.0050 0.0012 0.0036 0.0000 1.0000
1341847981.2230 -0.0209 -0.0016 -0.0053 0.0016 0.0038 0.0015 1.0000
1341847981.2587 -0.0214 0.0005 -0.0075 0.0021 0.0030 0.0031 1.0000
1341847981.2908 -0.0211 0.0001 -0.0072 0.0020 0.0027 0.0037 1.0000
1341847981.3229 -0.0224 -0.0000 -0.0088 0.0024 0.0038 0.0036 1.0000
1341847981.3587 -0.0275 0.0022 -0.0092 0.0030 0.0052 0.0038 1.0000
1341847981.3908 -0.0337 -0.0010 -0.0103 0.0024 0.0059 0.0048 1.0000
1341847981.4267 -0.0374 -0.0008 -0.0120 0.0030 0.0056 0.0060 1.0000
1341847981.4588 -0.0387 0.0013 -0.0155 0.0034 0.0051 0.0067 1.0000
1341847981.4907 -0.0419 0.0006 -0.0161 0.0031 0.0054 0.0070 1.0000
1341847981.5270 -0.0499 0.0013 -0.0179 0.0038 0.0069 0.0067 0.9999
1341847981.5587 -0.0521 0.0027 -0.0199 0.0038 0.0072 0.0062 0.9999
1341847981.5949 -0.0587 -0.0013 -0.0206 0.0035 0.0089 0.0055 0.9999
1341847981.6267 -0.0656 0.0038 -0.0237 0.0055 0.0102 0.0059 0.9999
1341847981.6587 -0.0659 0.0080 -0.0268 0.0048 0.0098 0.0057 0.9999
1341847981.6947 -0.0754 0.0055 -0.0260 0.0042 0.0115 0.0053 0.9999
1341847981.7266 -0.0787 0.0111 -0.0292 0.0048 0.0119 0.0059 0.9999
1341847981.7588 -0.0876 0.0117 -0.0295 0.0036 0.0127 0.0060 0.9999
1341847981.7947 -0.0904 0.0180 -0.0312 0.0035 0.0124 0.0058 0.9999
1341847981.8267 -0.0958 0.0190 -0.0324 0.0016 0.0131 0.0057 0.9999
1341847981.8627 -0.1103 0.0140 -0.0304 0.0006 0.0148 0.0049 0.9999
1341847981.8946 -0.1076 0.0184 -0.0377 0.0009 0.0125 0.0050 0.9999
1341847981.9266 -0.1132 0.0242 -0.0367 -0.0010 0.0119 0.0051 0.9999
1341847981.9948 -0.1237 0.0156 -0.0393 -0.0038 0.0122 0.0050 0.9999
1341847982.0627 -0.1336 0.0073 -0.0442 -0.0030 0.0119 0.0027 0.9999
1341847982.0948 -0.1315 0.0132 -0.0479 -0.0011 0.0103 0.0016 0.9999
1341847982.1307 -0.1360 0.0007 -0.0497 -0.0019 0.0095 0.0011 1.0000
1341847982.1627 -0.1264 0.0134 -0.0563 0.0038 0.0053 0.0023 1.0000
1341847982.1947 -0.1019 0.0177 -0.0682 0.0034 -0.0003 0.0035 1.0000
1341847982.2306 -0.0889 0.0202 -0.0770 0.0027 -0.0016 0.0043 1.0000
1341847982.2627 -0.0827 0.0203 -0.0785 0.0038 -0.0011 0.0046 1.0000
1341847982.2950 -0.0455 0.0274 -0.1000 0.0054 -0.0064 0.0058 0.9999
1341847982.3307 -0.0373 0.0375 -0.0932 0.0083 -0.0073 0.0097 0.9999
1341847982.3989 -0.0309 0.0405 -0.1097 0.0131 -0.0125 0.0170 0.9997
1341847982.4308 -0.0271 0.0343 -0.1123 0.0127 -0.0130 0.0176 0.9997
1341847982.4626 -0.0257 0.0316 -0.1139 0.0129 -0.0109 0.0179 0.9997
1341847982.4986 -0.0236 0.0349 -0.1166 0.0130 -0.0091 0.0183 0.9997
1341847982.5308 -0.0343 0.0342 -0.1137 0.0116 -0.0059 0.0192 0.9997
1341847982.5667 -0.0311 0.0352 -0.1181 0.0104 -0.0054 0.0202 0.9997
1341847982.5987 -0.0393 0.0357 -0.1134 0.0079 -0.0018 0.0222 0.9997
1341847982.6307 -0.0442 0.0333 -0.1146 0.0068 0.0010 0.0221 0.9997
1341847982.6666 -0.0512 0.0350 -0.1111 0.0060 0.0041 0.0227 0.9997
1341847982.6986 -0.0539 0.0350 -0.1106 0.0046 0.0070 0.0231 0.9997
1341847982.7307 -0.0668 0.0336 -0.1074 0.0034 0.0121 0.0231 0.9997
1341847982.7667 -0.0716 0.0361 -0.1090 0.0046 0.0139 0.0250 0.9996
1341847982.7987 -0.0788 0.0359 -0.1100 0.0047 0.0158 0.0264 0.9995
1341847982.8347 -0.0937 0.0312 -0.1058 0.0050 0.0186 0.0263 0.9995
1341847982.8667 -0.1079 0.0333 -0.1037 0.0081 0.0203 0.0277 0.9994
1341847982.8987 -0.1128 0.0330 -0.1130 0.0092 0.0189 0.0294 0.9993
1341847982.9348 -0.1215 0.0348 -0.1180 0.0085 0.0167 0.0308 0.9993
1341847982.9667 -0.1247 0.0327 -0.1141 0.0069 0.0147 0.0314 0.9994
1341847982.9988 -0.1298 0.0312 -0.1168 0.0056 0.0156 0.0303 0.9994
1341847983.0347 -0.1491 0.0306 -0.1144 0.0042 0.0189 0.0300 0.9994
1341847983.0667 -0.1601 0.0324 -0.1160 0.0034 0.0189 0.0313 0.9993
1341847983.1028 -0.1723 0.0290 -0.1071 0.0019 0.0193 0.0320 0.9993
1341847983.1347 -0.1852 0.0268 -0.0992 0.0023 0.0198 0.0327 0.9993
1341847983.1667 -0.1918 0.0219 -0.1022 0.0024 0.0182 0.0329 0.9993
1341847983.2027 -0.1942 0.0275 -0.1040 0.0034 0.0154 0.0343 0.9993
1341847983.2347 -0.1951 0.0217 -0.1038 0.0013 0.0138 0.0344 0.9993
1341847983.2668 -0.1988 0.0244 -0.1053 -0.0007 0.0140 0.0332 0.9993
1341847983.3027 -0.2061 0.0139 -0.1052 -0.0055 0.0160 0.0320 0.9993
1341847983.3347 -0.2180 0.0219 -0.1039 -0.0048 0.0191 0.0321 0.9993
1341847983.3709 -0.2255 0.0270 -0.1064 -0.0034 0.0211 0.0329 0.9992
1341847983.4027 -0.2362 0.0268 -0.1085 -0.0023 0.0218 0.0338 0.9992
1341847983.4347 -0.2441 0.0272 -0.1118 -0.0036 0.0201 0.0364 0.9991
1341847983.4707 -0.2535 0.0274 -0.1074 -0.0037 0.0199 0.0365 0.9991
1341847983.5028 -0.2577 0.0255 -0.1111 -0.0023 0.0218 0.0337 0.9992
1341847983.5348 -0.2681 0.0280 -0.1151 -0.0015 0.0261 0.0322 0.9991
1341847983.5707 -0.2831 0.0275 -0.1160 -0.0021 0.0292 0.0323 0.9991
1341847983.6027 -0.2968 0.0229 -0.1172 -0.0018 0.0302 0.0329 0.9990
1341847983.6387 -0.3054 0.0222 -0.1229 -0.0005 0.0309 0.0333 0.9990
1341847983.7029 -0.3341 0.0181 -0.1300 0.0036 0.0343 0.0350 0.9988
1341847983.7387 -0.3454 0.0197 -0.1369 0.0047 0.0334 0.0371 0.9987
1341847983.7707 -0.3587 0.0173 -0.1397 0.0053 0.0334 0.0385 0.9987
1341847983.8067 -0.3683 0.0143 -0.1424 0.0065 0.0342 0.0382 0.9987
1341847983.8387 -0.3886 0.0152 -0.1451 0.0102 0.0366 0.0384 0.9985
1341847983.8707 -0.4008 0.0217 -0.1541 0.0123 0.0349 0.0411 0.9985
1341847983.9067 -0.4162 0.0183 -0.1547 0.0119 0.0332 0.0439 0.9984
1341847983.9388 -0.4208 0.0212 -0.1630 0.0122 0.0306 0.0449 0.9984
1341847983.9708 -0.4292 0.0228 -0.1655 0.0108 0.0316 0.0440 0.9985
1341847984.0067 -0.4460 0.0242 -0.1650 0.0100 0.0347 0.0430 0.9984
1341847984.0387 -0.4556 0.0254 -0.1689 0.0085 0.0365 0.0429 0.9984
1341847984.0747 -0.4671 0.0320 -0.1738 0.0069 0.0389 0.0416 0.9984
1341847984.1068 -0.4840 0.0335 -0.1705 0.0029 0.0421 0.0405 0.9983
1341847984.1387 -0.5050 0.0274 -0.1639 0.0008 0.0453 0.0393 0.9982
1341847984.1748 -0.5096 0.0365 -0.1740 -0.0001 0.0446 0.0376 0.9983
1341847984.2067 -0.5279 0.0370 -0.1658 -0.0045 0.0470 0.0358 0.9982
1341847984.2387 -0.5505 0.0372 -0.1586 -0.0054 0.0478 0.0363 0.9982
1341847984.2748 -0.5573 0.0396 -0.1595 -0.0073 0.0456 0.0372 0.9982
1341847984.3067 -0.5673 0.0405 -0.1554 -0.0097 0.0456 0.0370 0.9982
1341847984.3431 -0.5823 0.0396 -0.1499 -0.0117 0.0460 0.0373 0.9982
1341847984.4067 -0.6031 0.0418 -0.1404 -0.0152 0.0422 0.0403 0.9982
1341847984.4429 -0.6142 0.0386 -0.1307 -0.0172 0.0422 0.0414 0.9981
1341847984.4746 -0.6239 0.0384 -0.1247 -0.0167 0.0425 0.0410 0.9981
1341847984.5067 -0.6343 0.0363 -0.1161 -0.0178 0.0433 0.0403 0.9981
1341847984.5427 -0.6399 0.0359 -0.1106 -0.0177 0.0446 0.0410 0.9980
1341847984.5748 -0.6514 0.0338 -0.1017 -0.0196 0.0479 0.0412 0.9978
1341847984.6108 -0.6696 0.0232 -0.0856 -0.0200 0.0498 0.0406 0.9977
1341847984.6427 -0.6803 0.0243 -0.0757 -0.0163 0.0488 0.0422 0.9978
1341847984.6748 -0.6858 0.0223 -0.0685 -0.0157 0.0480 0.0432 0.9978
1341847984.7107 -0.6994 0.0140 -0.0524 -0.0149 0.0486 0.0435 0.9978
1341847984.7434 -0.7077 0.0143 -0.0410 -0.0112 0.0479 0.0431 0.9979
1341847984.7789 -0.7142 0.0133 -0.0328 -0.0100 0.0479 0.0441 0.9978
1341847984.8106 -0.7244 0.0080 -0.0161 -0.0093 0.0489 0.0462 0.9977
1341847984.8427 -0.7330 0.0007 -0.0004 -0.0067 0.0493 0.0477 0.9976
1341847984.8788 -0.7415 -0.0013 0.0068 -0.0043 0.0500 0.0495 0.9975
1341847984.9106 -0.7490 -0.0042 0.0139 -0.0041 0.0496 0.0522 0.9974
1341847984.9431 -0.7577 -0.0094 0.0258 -0.0055 0.0482 0.0557 0.9973
1341847984.9792 -0.7626 -0.0133 0.0373 -0.0064 0.0460 0.0586 0.9972
1341847985.0106 -0.7645 -0.0163 0.0470 -0.0083 0.0455 0.0596 0.9972
1341847985.0466 -0.7682 -0.0227 0.0589 -0.0113 0.0483 0.0602 0.9970
1341847985.0787 -0.7754 -0.0277 0.0720 -0.0120 0.0522 0.0598 0.9968
1341847985.1108 -0.7807 -0.0325 0.0828 -0.0132 0.0551 0.0612 0.9965
1341847985.1468 -0.7854 -0.0385 0.0931 -0.0139 0.0578 0.0629 0.9962
1341847985.1787 -0.7911 -0.0447 0.1058 -0.0142 0.0612 0.0641 0.9960
1341847985.2108 -0.7970 -0.0522 0.1178 -0.0133 0.0639 0.0644 0.9958
1341847985.2467 -0.7994 -0.0552 0.1229 -0.0122 0.0663 0.0651 0.9956
1341847985.2789 -0.8054 -0.0641 0.1346 -0.0133 0.0699 0.0653 0.9953
1341847985.3146 -0.8120 -0.0707 0.1472 -0.0115 0.0734 0.0651 0.9951
1341847985.3468 -0.8166 -0.0732 0.1521 -0.0102 0.0751 0.0655 0.9950
1341847985.3788 -0.8208 -0.0776 0.1599 -0.0113 0.0763 0.0656 0.9949
1341847985.4146 -0.8260 -0.0854 0.1732 -0.0124 0.0794 0.0662 0.9946
1341847985.4469 -0.8331 -0.0900 0.1847 -0.0112 0.0824 0.0662 0.9943
1341847985.4787 -0.8379 -0.0936 0.1929 -0.0106 0.0838 0.0674 0.9941
1341847985.5147 -0.8425 -0.0984 0.2032 -0.0113 0.0855 0.0681 0.9940
1341847985.5468 -0.8475 -0.1037 0.2155 -0.0119 0.0885 0.0691 0.9936
1341847985.5826 -0.8541 -0.1092 0.2304 -0.0110 0.0920 0.0701 0.9932
1341847985.6148 -0.8618 -0.1121 0.2413 -0.0088 0.0945 0.0718 0.9929
1341847985.6471 -0.8679 -0.1198 0.2548 -0.0074 0.0971 0.0739 0.9925
1341847985.6828 -0.8739 -0.1249 0.2649 -0.0051 0.0995 0.0762 0.9921
1341847985.7147 -0.8821 -0.1318 0.2781 -0.0018 0.1014 0.0797 0.9917
1341847985.7470 -0.8884 -0.1366 0.2868 0.0017 0.1026 0.0824 0.9913
1341847985.7828 -0.8964 -0.1413 0.3000 0.0052 0.1057 0.0846 0.9908
1341847985.8147 -0.9062 -0.1473 0.3150 0.0122 0.1089 0.0881 0.9901
1341847985.8507 -0.9122 -0.1518 0.3172 0.0186 0.1098 0.0912 0.9896
1341847985.8828 -0.9146 -0.1564 0.3160 0.0178 0.1093 0.0943 0.9894
1341847985.9150 -0.9201 -0.1640 0.3278 0.0148 0.1120 0.0970 0.9889
1341847985.9508 -0.9263 -0.1709 0.3404 0.0143 0.1171 0.0969 0.9883
1341847985.9827 -0.9333 -0.1761 0.3497 0.0150 0.1223 0.0966 0.9877
1341847986.0188 -0.9393 -0.1806 0.3578 0.0157 0.1250 0.0985 0.9871
1341847986.0520 -0.9445 -0.1863 0.3668 0.0149 0.1263 0.1017 0.9866
1341847986.0826 -0.9501 -0.1943 0.3771 0.0144 0.1280 0.1032 0.9863
1341847986.1187 -0.9518 -0.1984 0.3819 0.0137 0.1301 0.1030 0.9860
1341847986.1506 -0.9557 -0.2031 0.3913 0.0115 0.1344 0.1037 0.9854
1341847986.1826 -0.9624 -0.2107 0.4088 0.0106 0.1394 0.1045 0.9846
1341847986.2187 -0.9671 -0.2178 0.4188 0.0122 0.1426 0.1052 0.9841
1341847986.2506 -0.9702 -0.2230 0.4272 0.0136 0.1450 0.1071 0.9835
1341847986.2867 -0.9736 -0.2326 0.4388 0.0141 0.1484 0.1085 0.9829
1341847986.3262 -0.9779 -0.2402 0.4500 0.0162 0.1521 0.1098 0.9821
1341847986.3592 -0.9804 -0.2445 0.4585 0.0188 0.1551 0.1123 0.9813
1341847986.3945 -0.9828 -0.2477 0.4678 0.0196 0.1576 0.1143 0.9807
1341847986.4259 -0.9862 -0.2545 0.4793 0.0191 0.1607 0.1157 0.9800
1341847986.4577 -0.9878 -0.2588 0.4894 0.0186 0.1639 0.1167 0.9794
1341847986.4937 -0.9922 -0.2652 0.5054 0.0178 0.1675 0.1182 0.9786
1341847986.5258 -0.9951 -0.2722 0.5180 0.0183 0.1696 0.1194 0.9781
1341847986.5617 -0.9965 -0.2766 0.5267 0.0175 0.1714 0.1201 0.9777
1341847986.5937 -1.0003 -0.2852 0.5416 0.0154 0.1753 0.1204 0.9770
1341847986.6257 -1.0043 -0.2949 0.5580 0.0157 0.1795 0.1208 0.9762
1341847986.6619 -1.0059 -0.2955 0.5666 0.0180 0.1810 0.1233 0.9756
1341847986.6937 -1.0101 -0.3008 0.5803 0.0180 0.1824 0.1277 0.9747
1341847986.7259 -1.0128 -0.3058 0.5916 0.0186 0.1826 0.1331 0.9740
1341847986.7626 -1.0139 -0.3091 0.5994 0.0179 0.1822 0.1370 0.9735
1341847986.7938 -1.0145 -0.3145 0.6077 0.0144 0.1838 0.1394 0.9729
1341847986.8298 -1.0184 -0.3234 0.6236 0.0111 0.1877 0.1410 0.9720
1341847986.8867 -1.0251 -0.3283 0.6458 0.0101 0.1894 0.1463 0.9709
1341847986.9227 -1.0271 -0.3354 0.6569 0.0072 0.1897 0.1496 0.9703
1341847986.9547 -1.0288 -0.3429 0.6680 0.0047 0.1913 0.1510 0.9698
1341847986.9906 -1.0323 -0.3491 0.6803 0.0029 0.1943 0.1519 0.9691
1341847987.0229 -1.0344 -0.3519 0.6903 0.0029 0.1962 0.1542 0.9684
1341847987.0546 -1.0365 -0.3521 0.6993 0.0023 0.1967 0.1570 0.9678
1341847987.0912 -1.0390 -0.3605 0.7102 -0.0008 0.1981 0.1584 0.9673
1341847987.1232 -1.0403 -0.3692 0.7217 -0.0031 0.2016 0.1576 0.9667
1341847987.1907 -1.0453 -0.3746 0.7401 -0.0064 0.2117 0.1555 0.9649
1341847987.2593 -1.0525 -0.3803 0.7637 -0.0082 0.2186 0.1586 0.9628
1341847987.2907 -1.0544 -0.3882 0.7718 -0.0104 0.2233 0.1577 0.9619
1341847987.3228 -1.0584 -0.3925 0.7828 -0.0106 0.2302 0.1563 0.9605
1341847987.3907 -1.0675 -0.4025 0.8054 -0.0069 0.2429 0.1514 0.9581
1341847987.4228 -1.0715 -0.4038 0.8125 -0.0042 0.2489 0.1499 0.9568
1341847987.4586 -1.0776 -0.3989 0.8255 0.0013 0.2550 0.1510 0.9551
1341847987.4908 -1.0835 -0.3958 0.8350 0.0079 0.2583 0.1528 0.9539
1341847987.5268 -1.0870 -0.3889 0.8315 0.0105 0.2589 0.1558 0.9532
1341847987.5587 -1.0927 -0.4016 0.8508 0.0068 0.2653 0.1569 0.9513
1341847987.5908 -1.0992 -0.3966 0.8603 0.0129 0.2700 0.1594 0.9495
1341847987.6269 -1.1048 -0.3884 0.8633 0.0170 0.2715 0.1641 0.9482
1341847987.6589 -1.1105 -0.3895 0.8752 0.0164 0.2740 0.1670 0.9470
1341847987.6916 -1.1169 -0.3865 0.8846 0.0176 0.2759 0.1693 0.9460
1341847987.7267 -1.1232 -0.3885 0.8986 0.0179 0.2769 0.1712 0.9453
1341847987.7587 -1.1278 -0.3878 0.9051 0.0192 0.2770 0.1752 0.9446
1341847987.7947 -1.1341 -0.3877 0.9168 0.0200 0.2777 0.1793 0.9436
1341847987.8267 -1.1405 -0.3880 0.9274 0.0212 0.2777 0.1830 0.9428
1341847987.8659 -1.1464 -0.3915 0.9374 0.0206 0.2775 0.1847 0.9426
1341847987.8978 -1.1530 -0.3938 0.9483 0.0217 0.2782 0.1864 0.9420
1341847987.9337 -1.1598 -0.3976 0.9597 0.0230 0.2778 0.1874 0.9419
1341847987.9658 -1.1647 -0.4054 0.9672 0.0228 0.2783 0.1841 0.9424
1341847987.9978 -1.1713 -0.4059 0.9735 0.0250 0.2792 0.1822 0.9425
1341847988.0338 -1.1762 -0.4137 0.9848 0.0245 0.2813 0.1782 0.9426
1341847988.0657 -1.1822 -0.4138 0.9950 0.0288 0.2826 0.1752 0.9427
1341847988.0982 -1.1872 -0.4182 0.9992 0.0302 0.2833 0.1704 0.9433
1341847988.1338 -1.1918 -0.4212 1.0069 0.0312 0.2860 0.1667 0.9431
1341847988.1658 -1.1986 -0.4135 1.0143 0.0371 0.2872 0.1679 0.9423
1341847988.2017 -1.2042 -0.4093 1.0203 0.0384 0.2852 0.1720 0.9421
1341847988.2338 -1.2061 -0.4180 1.0293 0.0333 0.2848 0.1734 0.9422
1341847988.2657 -1.2081 -0.4243 1.0395 0.0313 0.2871 0.1728 0.9417
1341847988.3018 -1.2129 -0.4185 1.0445 0.0340 0.2883 0.1744 0.9409
1341847988.3337 -1.2164 -0.4162 1.0523 0.0331 0.2882 0.1780 0.9403
1341847988.3697 -1.2178 -0.4213 1.0618 0.0302 0.2891 0.1798 0.9398
1341847988.4017 -1.2231 -0.4163 1.0705 0.0334 0.2897 0.1843 0.9386
1341847988.4340 -1.2253 -0.4199 1.0769 0.0320 0.2889 0.1873 0.9383
1341847988.4697 -1.2270 -0.4260 1.0825 0.0307 0.2912 0.1857 0.9380
1341847988.5025 -1.2326 -0.4182 1.0836 0.0346 0.2932 0.1872 0.9369
1341847988.5378 -1.2389 -0.4101 1.0891 0.0374 0.2935 0.1927 0.9356
1341847988.5697 -1.2428 -0.4124 1.0945 0.0348 0.2924 0.1947 0.9356
1341847988.6018 -1.2464 -0.4161 1.0955 0.0307 0.2929 0.1934 0.9359
1341847988.6378 -1.2503 -0.4175 1.0996 0.0275 0.2954 0.1916 0.9356
1341847988.6698 -1.2552 -0.4173 1.1051 0.0262 0.2976 0.1903 0.9352
1341847988.7062 -1.2603 -0.4186 1.1075 0.0244 0.2989 0.1902 0.9348
1341847988.7379 -1.2654 -0.4193 1.1115 0.0241 0.3005 0.1924 0.9339
1341847988.7697 -1.2710 -0.4203 1.1164 0.0250 0.3010 0.1966 0.9328
1341847988.8061 -1.2767 -0.4247 1.1170 0.0247 0.3013 0.1985 0.9323
1341847988.8379 -1.2837 -0.4265 1.1142 0.0235 0.3022 0.2002 0.9317
1341847988.8739 -1.2891 -0.4307 1.1179 0.0206 0.3053 0.2002 0.9308
1341847988.9378 -1.3052 -0.4325 1.1200 0.0207 0.3093 0.2033 0.9287
1341847988.9987 -1.3215 -0.4380 1.1265 0.0186 0.3122 0.2087 0.9266
1341847989.0347 -1.3314 -0.4399 1.1260 0.0173 0.3120 0.2111 0.9262
1341847989.0667 -1.3379 -0.4492 1.1307 0.0125 0.3136 0.2101 0.9259
1341847989.0988 -1.3463 -0.4552 1.1369 0.0136 0.3153 0.2090 0.9256
1341847989.1347 -1.3568 -0.4577 1.1365 0.0175 0.3146 0.2098 0.9256
1341847989.1667 -1.3664 -0.4635 1.1377 0.0199 0.3144 0.2113 0.9253
1341847989.2027 -1.3782 -0.4660 1.1381 0.0239 0.3128 0.2122 0.9255
1341847989.2347 -1.3888 -0.4713 1.1378 0.0259 0.3101 0.2123 0.9263
1341847989.2667 -1.3991 -0.4787 1.1375 0.0255 0.3088 0.2101 0.9273
1341847989.3028 -1.4103 -0.4831 1.1374 0.0251 0.3075 0.2060 0.9286
1341847989.3349 -1.4214 -0.4876 1.1367 0.0235 0.3061 0.2020 0.9300
1341847989.3667 -1.4298 -0.4950 1.1363 0.0191 0.3057 0.1960 0.9315
1341847989.4028 -1.4376 -0.5013 1.1384 0.0159 0.3073 0.1904 0.9322
1341847989.4348 -1.4470 -0.5038 1.1405 0.0179 0.3081 0.1870 0.9326
1341847989.4707 -1.4583 -0.5067 1.1338 0.0173 0.3074 0.1847 0.9333
1341847989.5026 -1.4653 -0.5115 1.1349 0.0147 0.3084 0.1848 0.9330
1341847989.5347 -1.4733 -0.5147 1.1388 0.0160 0.3085 0.1865 0.9326
1341847989.5707 -1.4816 -0.5190 1.1328 0.0149 0.3073 0.1861 0.9331
1341847989.6028 -1.4861 -0.5282 1.1365 0.0108 0.3101 0.1844 0.9326
1341847989.6347 -1.4939 -0.5317 1.1364 0.0122 0.3137 0.1816 0.9319
1341847989.6706 -1.5049 -0.5293 1.1324 0.0140 0.3161 0.1817 0.9311
1341847989.7026 -1.5123 -0.5337 1.1347 0.0118 0.3177 0.1818 0.9305
1341847989.7389 -1.5204 -0.5373 1.1343 0.0110 0.3200 0.1805 0.9300
1341847989.7707 -1.5302 -0.5369 1.1336 0.0107 0.3222 0.1807 0.9292
1341847989.8029 -1.5386 -0.5383 1.1353 0.0095 0.3236 0.1813 0.9286
1341847989.8388 -1.5481 -0.5417 1.1361 0.0087 0.3251 0.1822 0.9279
1341847989.8710 -1.5567 -0.5470 1.1382 0.0081 0.3278 0.1804 0.9273
1341847989.9027 -1.5704 -0.5452 1.1359 0.0116 0.3300 0.1814 0.9263
1341847989.9389 -1.5842 -0.5451 1.1363 0.0139 0.3295 0.1857 0.9256
1341847989.9707 -1.5939 -0.5515 1.1371 0.0137 0.3284 0.1868 0.9258
1341847990.0069 -1.6063 -0.5564 1.1331 0.0127 0.3298 0.1856 0.9255
1341847990.0390 -1.6181 -0.5576 1.1342 0.0133 0.3320 0.1856 0.9247
1341847990.0707 -1.6308 -0.5598 1.1356 0.0143 0.3326 0.1849 0.9247
1341847990.1067 -1.6435 -0.5629 1.1320 0.0143 0.3327 0.1848 0.9246
1341847990.1392 -1.6543 -0.5658 1.1335 0.0147 0.3338 0.1858 0.9240
1341847990.1711 -1.6668 -0.5663 1.1343 0.0181 0.3331 0.1873 0.9239
1341847990.2070 -1.6802 -0.5680 1.1317 0.0206 0.3309 0.1886 0.9244
1341847990.2389 -1.6922 -0.5714 1.1288 0.0199 0.3299 0.1897 0.9246
1341847990.2747 -1.7016 -0.5753 1.1328 0.0207 0.3297 0.1906 0.9244
1341847990.3067 -1.7158 -0.5768 1.1290 0.0217 0.3287 0.1898 0.9249
1341847990.3391 -1.7263 -0.5791 1.1291 0.0201 0.3287 0.1896 0.9250
1341847990.3747 -1.7367 -0.5806 1.1320 0.0207 0.3290 0.1897 0.9249
1341847990.4068 -1.7505 -0.5803 1.1290 0.0212 0.3278 0.1898 0.9252
1341847990.4426 -1.7603 -0.5821 1.1295 0.0185 0.3275 0.1920 0.9250
1341847990.4746 -1.7669 -0.5859 1.1348 0.0176 0.3275 0.1920 0.9250
1341847990.5068 -1.7785 -0.5858 1.1314 0.0175 0.3275 0.1916 0.9251
1341847990.5428 -1.7878 -0.5857 1.1325 0.0165 0.3284 0.1948 0.9241
1341847990.5747 -1.7946 -0.5866 1.1368 0.0170 0.3283 0.1981 0.9234
1341847990.6428 -1.8116 -0.5917 1.1363 0.0141 0.3305 0.1988 0.9225
1341847990.6748 -1.8201 -0.5917 1.1383 0.0144 0.3325 0.2015 0.9212
1341847990.7108 -1.8297 -0.5924 1.1398 0.0162 0.3325 0.2052 0.9203
1341847990.7427 -1.8405 -0.5925 1.1371 0.0163 0.3320 0.2094 0.9196
1341847990.7747 -1.8435 -0.5973 1.1441 0.0146 0.3330 0.2120 0.9187
1341847990.8108 -1.8513 -0.5996 1.1450 0.0163 0.3352 0.2125 0.9177
1341847990.8427 -1.8617 -0.6005 1.1445 0.0166 0.3368 0.2144 0.9167
1341847990.8747 -1.8666 -0.6037 1.1482 0.0151 0.3384 0.2154 0.9159
1341847990.9108 -1.8737 -0.6063 1.1511 0.0150 0.3407 0.2157 0.9150
1341847990.9427 -1.8812 -0.6090 1.1520 0.0134 0.3431 0.2154 0.9142
1341847990.9788 -1.8858 -0.6123 1.1568 0.0120 0.3459 0.2157 0.9131
1341847991.0108 -1.8916 -0.6153 1.1609 0.0131 0.3479 0.2158 0.9123
1341847991.0428 -1.8994 -0.6178 1.1618 0.0135 0.3497 0.2167 0.9113
1341847991.0787 -1.9047 -0.6220 1.1667 0.0136 0.3519 0.2188 0.9100
1341847991.1113 -1.9117 -0.6256 1.1698 0.0152 0.3533 0.2210 0.9089
1341847991.1428 -1.9180 -0.6300 1.1733 0.0150 0.3549 0.2215 0.9082
1341847991.1788 -1.9244 -0.6337 1.1788 0.0149 0.3575 0.2224 0.9069
1341847991.2107 -1.9310 -0.6381 1.1859 0.0163 0.3599 0.2230 0.9058
1341847991.2468 -1.9409 -0.6406 1.1892 0.0171 0.3616 0.2224 0.9052
1341847991.2787 -1.9469 -0.6454 1.1964 0.0168 0.3643 0.2231 0.9040
1341847991.3108 -1.9564 -0.6472 1.2021 0.0202 0.3664 0.2255 0.9025
1341847991.3467 -1.9703 -0.6472 1.2052 0.0244 0.3649 0.2305 0.9017
1341847991.3788 -1.9792 -0.6507 1.2081 0.0241 0.3625 0.2367 0.9011
1341847991.4147 -1.9819 -0.6579 1.2157 0.0204 0.3631 0.2401 0.9000
1341847991.4467 -1.9878 -0.6623 1.2223 0.0180 0.3655 0.2406 0.8990
1341847991.4788 -1.9932 -0.6655 1.2280 0.0160 0.3685 0.2412 0.8977
1341847991.5147 -1.9993 -0.6688 1.2347 0.0152 0.3713 0.2432 0.8960
1341847991.5467 -2.0066 -0.6710 1.2384 0.0160 0.3729 0.2465 0.8944
1341847991.5788 -2.0121 -0.6740 1.2409 0.0162 0.3741 0.2514 0.8925
1341847991.6149 -2.0154 -0.6781 1.2447 0.0165 0.3760 0.2563 0.8903
1341847991.6467 -2.0171 -0.6820 1.2466 0.0175 0.3793 0.2605 0.8877
1341847991.6899 -2.0197 -0.6862 1.2478 0.0178 0.3843 0.2630 0.8848
1341847991.7468 -2.0338 -0.6910 1.2485 0.0200 0.3915 0.2676 0.8802
1341847991.7827 -2.0355 -0.6958 1.2516 0.0187 0.3940 0.2705 0.8782
1341847991.8147 -2.0347 -0.7034 1.2564 0.0166 0.3976 0.2710 0.8764
1341847991.8467 -2.0396 -0.7088 1.2580 0.0168 0.4024 0.2696 0.8747
1341847991.8828 -2.0484 -0.7095 1.2585 0.0175 0.4058 0.2700 0.8730
1341847991.9158 -2.0559 -0.7197 1.2634 0.0167 0.4083 0.2723 0.8711
1341847991.9508 -2.0618 -0.7272 1.2668 0.0163 0.4104 0.2727 0.8700
1341847991.9828 -2.0660 -0.7333 1.2660 0.0148 0.4127 0.2709 0.8695
1341847992.0147 -2.0668 -0.7323 1.2718 0.0149 0.4160 0.2701 0.8682
1341847992.0506 -2.0805 -0.7378 1.2780 0.0149 0.4198 0.2701 0.8664
1341847992.0828 -2.0851 -0.7464 1.2856 0.0127 0.4217 0.2701 0.8655
1341847992.1148 -2.0894 -0.7493 1.2906 0.0126 0.4237 0.2699 0.8646
1341847992.1508 -2.0978 -0.7551 1.2960 0.0126 0.4265 0.2703 0.8630
1341847992.1828 -2.1070 -0.7587 1.3032 0.0130 0.4283 0.2708 0.8620
1341847992.2187 -2.1108 -0.7625 1.3081 0.0134 0.4295 0.2724 0.8609
1341847992.2507 -2.1175 -0.7677 1.3134 0.0128 0.4329 0.2721 0.8593
1341847992.3187 -2.1347 -0.7774 1.3238 0.0140 0.4401 0.2738 0.8551
1341847992.3507 -2.1450 -0.7787 1.3269 0.0152 0.4423 0.2757 0.8533
1341847992.3829 -2.1517 -0.7844 1.3352 0.0151 0.4448 0.2782 0.8512
1341847992.4189 -2.1590 -0.7887 1.3388 0.0169 0.4471 0.2813 0.8489
1341847992.4508 -2.1696 -0.7932 1.3424 0.0175 0.4493 0.2832 0.8471
1341847992.4867 -2.1784 -0.7966 1.3477 0.0184 0.4512 0.2869 0.8449
1341847992.5187 -2.1855 -0.8040 1.3543 0.0186 0.4532 0.2886 0.8432
1341847992.5506 -2.1969 -0.8090 1.3607 0.0188 0.4554 0.2891 0.8418
1341847992.5867 -2.2086 -0.8131 1.3657 0.0179 0.4570 0.2901 0.8406
1341847992.6188 -2.2191 -0.8174 1.3702 0.0176 0.4583 0.2917 0.8394
1341847992.6547 -2.2300 -0.8228 1.3785 0.0168 0.4598 0.2933 0.8380
1341847992.6868 -2.2345 -0.8268 1.3839 0.0164 0.4605 0.2942 0.8373
1341847992.7187 -2.2410 -0.8316 1.3888 0.0167 0.4624 0.2937 0.8365
1341847992.7548 -2.2549 -0.8336 1.3932 0.0182 0.4639 0.2948 0.8352
1341847992.7866 -2.2585 -0.8402 1.4049 0.0172 0.4646 0.2957 0.8345
1341847992.8187 -2.2617 -0.8410 1.4097 0.0169 0.4652 0.2954 0.8343
1341847992.8549 -2.2675 -0.8411 1.4166 0.0156 0.4673 0.2953 0.8332
1341847992.8866 -2.2709 -0.8427 1.4244 0.0142 0.4688 0.2968 0.8318
1341847992.9227 -2.2721 -0.8474 1.4328 0.0134 0.4697 0.2981 0.8309
1341847992.9546 -2.2767 -0.8501 1.4331 0.0134 0.4700 0.2993 0.8302
1341847992.9867 -2.2789 -0.8549 1.4400 0.0138 0.4720 0.3007 0.8286
1341847993.0227 -2.2877 -0.8583 1.4451 0.0146 0.4732 0.3015 0.8277
1341847993.0548 -2.2912 -0.8632 1.4520 0.0133 0.4740 0.3025 0.8268
1341847993.0868 -2.2964 -0.8678 1.4591 0.0119 0.4755 0.3024 0.8260
1341847993.1227 -2.3012 -0.8715 1.4661 0.0097 0.4770 0.3022 0.8253
1341847993.1547 -2.3041 -0.8761 1.4732 0.0077 0.4788 0.3021 0.8243
1341847993.1908 -2.3058 -0.8806 1.4813 0.0073 0.4816 0.3024 0.8225
1341847993.2227 -2.3111 -0.8859 1.4889 0.0095 0.4842 0.3038 0.8205
1341847993.2618 -2.3173 -0.8908 1.4957 0.0124 0.4851 0.3061 0.8190
1341847993.3228 -2.3225 -0.9031 1.5099 0.0154 0.4882 0.3085 0.8162
1341847993.3547 -2.3292 -0.9084 1.5176 0.0158 0.4907 0.3093 0.8144
1341847993.3907 -2.3304 -0.9134 1.5263 0.0151 0.4930 0.3099 0.8129
1341847993.4227 -2.3340 -0.9184 1.5355 0.0144 0.4961 0.3104 0.8108
1341847993.4588 -2.3359 -0.9237 1.5456 0.0151 0.4989 0.3117 0.8085
1341847993.4907 -2.3417 -0.9282 1.5546 0.0170 0.5009 0.3137 0.8064
1341847993.5227 -2.3480 -0.9327 1.5627 0.0188 0.5018 0.3169 0.8046
1341847993.5587 -2.3526 -0.9376 1.5718 0.0189 0.5020 0.3212 0.8028
1341847993.5910 -2.3564 -0.9432 1.5815 0.0181 0.5020 0.3240 0.8017
1341847993.6268 -2.3611 -0.9482 1.5910 0.0165 0.5022 0.3258 0.8008
1341847993.6589 -2.3682 -0.9525 1.5994 0.0137 0.5024 0.3278 0.8000
1341847993.6907 -2.3690 -0.9575 1.6109 0.0093 0.5020 0.3301 0.7993
1341847993.7271 -2.3629 -0.9650 1.6224 0.0052 0.5033 0.3300 0.7986
1341847993.7909 -2.3701 -0.9751 1.6382 0.0019 0.5095 0.3286 0.7953
1341847993.8267 -2.3730 -0.9811 1.6471 0.0017 0.5096 0.3298 0.7947
1341847993.8589 -2.3762 -0.9872 1.6541 0.0002 0.5099 0.3299 0.7944
1341847993.9017 -2.3762 -0.9927 1.6632 -0.0026 0.5115 0.3298 0.7935
1341847993.9337 -2.3770 -1.0006 1.6715 -0.0023 0.5131 0.3301 0.7923
1341847993.9658 -2.3831 -1.0069 1.6759 -0.0037 0.5140 0.3293 0.7921
1341847994.0020 -2.3789 -1.0125 1.6832 -0.0069 0.5168 0.3288 0.7904
1341847994.0340 -2.3769 -1.0209 1.6907 -0.0062 0.5205 0.3284 0.7882
1341847994.0657 -2.3866 -1.0273 1.6931 -0.0040 0.5223 0.3283 0.7870
1341847994.1018 -2.3855 -1.0326 1.7005 -0.0043 0.5243 0.3292 0.7853
1341847994.1339 -2.3850 -1.0391 1.7073 -0.0026 0.5269 0.3289 0.7837
1341847994.1697 -2.3924 -1.0450 1.7112 -0.0001 0.5294 0.3285 0.7822
1341847994.2017 -2.3965 -1.0496 1.7173 0.0017 0.5312 0.3307 0.7800
1341847994.2336 -2.3951 -1.0570 1.7260 0.0056 0.5332 0.3333 0.7776
1341847994.2697 -2.4035 -1.0631 1.7294 0.0087 0.5355 0.3325 0.7763
1341847994.3018 -2.4095 -1.0687 1.7347 0.0083 0.5376 0.3330 0.7746
1341847994.3338 -2.4092 -1.0764 1.7439 0.0099 0.5405 0.3337 0.7723
1341847994.3697 -2.4185 -1.0844 1.7504 0.0121 0.5432 0.3329 0.7707
1341847994.4017 -2.4240 -1.0911 1.7583 0.0136 0.5451 0.3336 0.7690
1341847994.4338 -2.4289 -1.0992 1.7678 0.0166 0.5468 0.3356 0.7669
1341847994.4697 -2.4369 -1.1070 1.7766 0.0189 0.5480 0.3364 0.7656
1341847994.5017 -2.4435 -1.1128 1.7851 0.0199 0.5490 0.3377 0.7643
1341847994.5377 -2.4474 -1.1196 1.7951 0.0214 0.5507 0.3393 0.7624
1341847994.5697 -2.4577 -1.1259 1.8032 0.0231 0.5520 0.3408 0.7607
1341847994.6017 -2.4651 -1.1311 1.8116 0.0222 0.5531 0.3432 0.7588
1341847994.6378 -2.4671 -1.1370 1.8221 0.0212 0.5545 0.3454 0.7568
1341847994.6697 -2.4739 -1.1436 1.8317 0.0216 0.5556 0.3465 0.7555
1341847994.7016 -2.4819 -1.1488 1.8393 0.0197 0.5564 0.3480 0.7543
1341847994.7698 -2.4844 -1.1610 1.8580 0.0179 0.5608 0.3496 0.7503
1341847994.8313 -2.5054 -1.1706 1.8728 0.0120 0.5648 0.3547 0.7450
1341847994.8668 -2.5037 -1.1759 1.8825 0.0099 0.5643 0.3586 0.7436
1341847994.8987 -2.5086 -1.1802 1.8900 0.0092 0.5645 0.3603 0.7426
1341847994.9307 -2.5121 -1.1832 1.8964 0.0062 0.5657 0.3605 0.7417
1341847994.9667 -2.5097 -1.1870 1.9052 0.0042 0.5679 0.3618 0.7393
1341847994.9987 -2.5132 -1.1915 1.9118 0.0056 0.5704 0.3632 0.7367
1341847995.0308 -2.5188 -1.1945 1.9186 0.0055 0.5729 0.3658 0.7335
1341847995.0667 -2.5149 -1.1986 1.9258 0.0056 0.5751 0.3680 0.7306
1341847995.0987 -2.5178 -1.2033 1.9312 0.0077 0.5786 0.3687 0.7274
1341847995.1349 -2.5237 -1.2076 1.9369 0.0076 0.5822 0.3696 0.7242
1341847995.1666 -2.5209 -1.2127 1.9448 0.0081 0.5848 0.3710 0.7213
1341847995.1988 -2.5241 -1.2180 1.9500 0.0099 0.5875 0.3709 0.7192
1341847995.2347 -2.5297 -1.2231 1.9561 0.0098 0.5900 0.3713 0.7169
1341847995.2668 -2.5277 -1.2279 1.9621 0.0099 0.5912 0.3727 0.7152
1341847995.2988 -2.5274 -1.2342 1.9676 0.0123 0.5934 0.3738 0.7127
1341847995.3347 -2.5374 -1.2394 1.9733 0.0126 0.5954 0.3739 0.7110
1341847995.3667 -2.5333 -1.2432 1.9814 0.0108 0.5970 0.3750 0.7091
1341847995.4028 -2.5360 -1.2495 1.9890 0.0106 0.5990 0.3743 0.7078
1341847995.4347 -2.5389 -1.2534 1.9965 0.0097 0.6000 0.3746 0.7069
1341847995.4668 -2.5360 -1.2576 2.0039 0.0087 0.6012 0.3750 0.7056
1341847995.5027 -2.5360 -1.2639 2.0126 0.0099 0.6027 0.3754 0.7041
1341847995.5348 -2.5396 -1.2697 2.0207 0.0129 0.6020 0.3772 0.7036
1341847995.5667 -2.5441 -1.2740 2.0281 0.0159 0.6008 0.3817 0.7022
1341847995.6027 -2.5447 -1.2773 2.0376 0.0172 0.5992 0.3863 0.7010
1341847995.6348 -2.5432 -1.2796 2.0438 0.0165 0.5982 0.3891 0.7004
1341847995.6708 -2.5424 -1.2828 2.0510 0.0143 0.5986 0.3911 0.6989
1341847995.7028 -2.5408 -1.2851 2.0575 0.0123 0.5993 0.3942 0.6967
1341847995.7348 -2.5345 -1.2888 2.0650 0.0114 0.5993 0.3967 0.6952
1341847995.7707 -2.5360 -1.2926 2.0704 0.0118 0.5996 0.3978 0.6943
1341847995.8028 -2.5345 -1.2946 2.0767 0.0113 0.6006 0.3993 0.6926
1341847995.8388 -2.5313 -1.2987 2.0838 0.0110 0.6016 0.3998 0.6915
1341847995.8706 -2.5343 -1.3023 2.0881 0.0117 0.6025 0.3994 0.6909
1341847995.9028 -2.5382 -1.3034 2.0927 0.0099 0.6040 0.3989 0.6899
1341847995.9387 -2.5309 -1.3059 2.0973 0.0087 0.6053 0.4001 0.6880
1341847995.9707 -2.5335 -1.3104 2.0993 0.0101 0.6075 0.4004 0.6859
1341847996.0027 -2.5376 -1.3127 2.1028 0.0085 0.6098 0.4000 0.6842
1341847996.0388 -2.5316 -1.3160 2.1048 0.0073 0.6115 0.4009 0.6821
1341847996.0707 -2.5311 -1.3203 2.1071 0.0094 0.6136 0.4009 0.6802
1341847996.1067 -2.5372 -1.3232 2.1100 0.0099 0.6158 0.3997 0.6789
1341847996.1388 -2.5330 -1.3247 2.1108 0.0093 0.6177 0.4002 0.6769
1341847996.1707 -2.5315 -1.3282 2.1136 0.0113 0.6210 0.4000 0.6739
1341847996.2066 -2.5393 -1.3315 2.1178 0.0112 0.6243 0.3973 0.6725
1341847996.2390 -2.5414 -1.3330 2.1202 0.0102 0.6261 0.3976 0.6707
1341847996.2708 -2.5411 -1.3359 2.1245 0.0106 0.6276 0.3996 0.6681
1341847996.3389 -2.5468 -1.3410 2.1299 0.0114 0.6299 0.4014 0.6648
1341847996.3747 -2.5467 -1.3431 2.1329 0.0104 0.6318 0.4022 0.6625
1341847996.4067 -2.5467 -1.3471 2.1358 0.0115 0.6338 0.4037 0.6597
1341847996.4386 -2.5517 -1.3498 2.1400 0.0126 0.6358 0.4047 0.6571
1341847996.4748 -2.5505 -1.3532 2.1451 0.0122 0.6372 0.4062 0.6548
1341847996.5067 -2.5503 -1.3578 2.1484 0.0144 0.6386 0.4073 0.6528
1341847996.5388 -2.5573 -1.3607 2.1545 0.0164 0.6407 0.4069 0.6509
1341847996.5748 -2.5618 -1.3633 2.1615 0.0147 0.6415 0.4077 0.6496
1341847996.6071 -2.5594 -1.3674 2.1667 0.0146 0.6422 0.4095 0.6479
1341847996.6428 -2.5690 -1.3696 2.1759 0.0144 0.6435 0.4098 0.6463
1341847996.6748 -2.5692 -1.3706 2.1837 0.0108 0.6433 0.4118 0.6453
1341847996.7069 -2.5665 -1.3714 2.1881 0.0090 0.6451 0.4128 0.6429
1341847996.7427 -2.5756 -1.3728 2.1960 0.0049 0.6487 0.4123 0.6397
1341847996.7747 -2.5745 -1.3771 2.2020 -0.0001 0.6503 0.4140 0.6369
1341847996.8068 -2.5746 -1.3809 2.2079 0.0003 0.6519 0.4167 0.6335
1341847996.8428 -2.5810 -1.3865 2.2152 0.0003 0.6533 0.4187 0.6308
1341847996.8748 -2.5823 -1.3916 2.2234 0.0003 0.6535 0.4210 0.6290
1341847996.9108 -2.5828 -1.3970 2.2302 0.0026 0.6539 0.4222 0.6278
1341847996.9427 -2.5899 -1.4045 2.2394 0.0046 0.6543 0.4237 0.6264
1341847996.9748 -2.5891 -1.4095 2.2471 0.0067 0.6546 0.4242 0.6257
1341847997.0107 -2.5948 -1.4160 2.2569 0.0088 0.6560 0.4233 0.6248
1341847997.0427 -2.6013 -1.4230 2.2661 0.0093 0.6564 0.4233 0.6244
1341847997.0787 -2.6017 -1.4298 2.2747 0.0108 0.6567 0.4238 0.6237
1341847997.1430 -2.6090 -1.4417 2.2951 0.0096 0.6577 0.4217 0.6241
1341847997.1788 -2.6097 -1.4479 2.3043 0.0100 0.6580 0.4204 0.6247
1341847997.2109 -2.6177 -1.4543 2.3154 0.0095 0.6585 0.4187 0.6252
1341847997.2430 -2.6185 -1.4584 2.3247 0.0082 0.6587 0.4185 0.6252
1341847997.2788 -2.6201 -1.4638 2.3333 0.0076 0.6586 0.4195 0.6247
1341847997.3114 -2.6217 -1.4683 2.3419 0.0066 0.6589 0.4195 0.6244
1341847997.3466 -2.6187 -1.4729 2.3464 0.0059 0.6599 0.4198 0.6231
1341847997.3787 -2.6201 -1.4792 2.3540 0.0059 0.6624 0.4191 0.6209
1341847997.4108 -2.6192 -1.4853 2.3614 0.0054 0.6643 0.4193 0.6187
1341847997.4467 -2.6133 -1.4919 2.3664 0.0065 0.6662 0.4190 0.6168
1341847997.4788 -2.6199 -1.4982 2.3732 0.0077 0.6698 0.4169 0.6144
1341847997.5109 -2.6187 -1.5045 2.3809 0.0067 0.6724 0.4174 0.6113
1341847997.5466 -2.6143 -1.5116 2.3873 0.0065 0.6742 0.4177 0.6091
1341847997.5787 -2.6140 -1.5180 2.3943 0.0062 0.6766 0.4162 0.6074
1341847997.6147 -2.6126 -1.5239 2.4022 0.0048 0.6796 0.4149 0.6050
1341847997.6470 -2.6057 -1.5328 2.4101 0.0042 0.6819 0.4147 0.6025
1341847997.6788 -2.6032 -1.5403 2.4194 0.0063 0.6834 0.4135 0.6016
1341847997.7146 -2.6022 -1.5466 2.4280 0.0076 0.6847 0.4122 0.6010
1341847997.7466 -2.5965 -1.5526 2.4370 0.0081 0.6872 0.4108 0.5991
1341847997.7787 -2.5933 -1.5613 2.4481 0.0092 0.6901 0.4092 0.5969
1341847997.8469 -2.5885 -1.5763 2.4669 0.0128 0.6922 0.4098 0.5939
1341847997.8826 -2.5877 -1.5827 2.4779 0.0145 0.6933 0.4119 0.5911
1341847997.9152 -2.5810 -1.5901 2.4880 0.0154 0.6938 0.4144 0.5888
1341847997.9470 -2.5775 -1.5970 2.4991 0.0174 0.6942 0.4168 0.5865
1341847997.9827 -2.5714 -1.6036 2.5079 0.0184 0.6940 0.4191 0.5852
1341847998.0149 -2.5668 -1.6108 2.5165 0.0196 0.6945 0.4200 0.5839
1341847998.0508 -2.5626 -1.6174 2.5267 0.0207 0.6951 0.4208 0.5826
1341847998.0826 -2.5589 -1.6254 2.5386 0.0224 0.6943 0.4223 0.5824
1341847998.1223 -2.5580 -1.6321 2.5476 0.0238 0.6921 0.4244 0.5833
1341847998.1541 -2.5560 -1.6370 2.5571 0.0233 0.6915 0.4252 0.5835
1341847998.1857 -2.5497 -1.6432 2.5658 0.0212 0.6908 0.4249 0.5846
1341847998.2538 -2.5424 -1.6550 2.5834 0.0182 0.6906 0.4240 0.5857
1341847998.3188 -2.5341 -1.6687 2.5996 0.0180 0.6892 0.4226 0.5883
1341847998.3512 -2.5320 -1.6734 2.6113 0.0170 0.6884 0.4227 0.5892
1341847998.3827 -2.5270 -1.6805 2.6200 0.0159 0.6867 0.4227 0.5912
1341847998.4192 -2.5274 -1.6838 2.6297 0.0141 0.6864 0.4206 0.5931
1341847998.4508 -2.5234 -1.6901 2.6420 0.0106 0.6861 0.4196 0.5942
1341847998.4840 -2.5190 -1.6974 2.6517 0.0090 0.6844 0.4200 0.5959
1341847998.5187 -2.5189 -1.7028 2.6639 0.0072 0.6836 0.4192 0.5974
1341847998.5507 -2.5135 -1.7075 2.6729 0.0041 0.6828 0.4183 0.5990
1341847998.5867 -2.5115 -1.7141 2.6841 0.0027 0.6827 0.4179 0.5994
1341847998.6188 -2.5103 -1.7214 2.6966 0.0015 0.6824 0.4176 0.6000
1341847998.6507 -2.5123 -1.7251 2.7076 -0.0008 0.6824 0.4170 0.6003
1341847998.6869 -2.5057 -1.7302 2.7178 -0.0032 0.6826 0.4182 0.5993
1341847998.7187 -2.5015 -1.7375 2.7285 -0.0020 0.6826 0.4194 0.5985
1341847998.7508 -2.5056 -1.7442 2.7428 -0.0016 0.6828 0.4192 0.5984
1341847998.7868 -2.5025 -1.7475 2.7525 -0.0019 0.6821 0.4210 0.5980
1341847998.8188 -2.5027 -1.7528 2.7633 -0.0015 0.6837 0.4209 0.5962
1341847998.8547 -2.5034 -1.7593 2.7774 -0.0035 0.6854 0.4201 0.5948
1341847998.8867 -2.5016 -1.7663 2.7879 -0.0042 0.6852 0.4216 0.5940
1341847998.9187 -2.5020 -1.7721 2.8014 -0.0028 0.6842 0.4249 0.5927
1341847998.9548 -2.5031 -1.7762 2.8141 -0.0034 0.6833 0.4276 0.5919
1341847998.9867 -2.4977 -1.7806 2.8246 -0.0046 0.6819 0.4298 0.5919
1341847999.0188 -2.4977 -1.7834 2.8324 -0.0044 0.6812 0.4311 0.5917
1341847999.0549 -2.4978 -1.7887 2.8462 -0.0052 0.6820 0.4323 0.5899
1341847999.0868 -2.4968 -1.7938 2.8584 -0.0073 0.6808 0.4339 0.5900
1341847999.1227 -2.4938 -1.7970 2.8659 -0.0081 0.6799 0.4356 0.5898
1341847999.1549 -2.4937 -1.7987 2.8735 -0.0087 0.6809 0.4364 0.5881
1341847999.1867 -2.4884 -1.8014 2.8812 -0.0094 0.6830 0.4375 0.5849
1341847999.2227 -2.4829 -1.8056 2.8876 -0.0094 0.6855 0.4368 0.5824
1341847999.2910 -2.4773 -1.8147 2.9005 -0.0052 0.6930 0.4364 0.5738
1341847999.3227 -2.4732 -1.8245 2.9107 -0.0010 0.6947 0.4392 0.5697
1341847999.3549 -2.4720 -1.8281 2.9165 0.0037 0.6952 0.4409 0.5677
1341847999.3908 -2.4743 -1.8329 2.9247 0.0063 0.6977 0.4412 0.5643
1341847999.4239 -2.4685 -1.8353 2.9277 0.0069 0.7002 0.4419 0.5607
1341847999.4549 -2.4642 -1.8397 2.9332 0.0077 0.7036 0.4413 0.5568
1341847999.4909 -2.4643 -1.8440 2.9384 0.0089 0.7076 0.4408 0.5522
1341847999.5227 -2.4591 -1.8479 2.9432 0.0115 0.7114 0.4448 0.5440
1341847999.5589 -2.4517 -1.8539 2.9501 0.0152 0.7138 0.4485 0.5377
1341847999.5907 -2.4502 -1.8565 2.9579 0.0171 0.7162 0.4491 0.5340
1341847999.6229 -2.4462 -1.8584 2.9639 0.0164 0.7191 0.4500 0.5293
1341847999.6588 -2.4324 -1.8605 2.9653 0.0172 0.7214 0.4522 0.5242
1341847999.6911 -2.4300 -1.8647 2.9740 0.0189 0.7243 0.4521 0.5202
1341847999.7227 -2.4227 -1.8665 2.9802 0.0179 0.7262 0.4531 0.5168
1341847999.7588 -2.4088 -1.8669 2.9809 0.0189 0.7279 0.4546 0.5130
1341847999.7910 -2.4024 -1.8699 2.9886 0.0209 0.7312 0.4543 0.5084
1341847999.8267 -2.3979 -1.8736 2.9958 0.0214 0.7333 0.4552 0.5046
1341847999.8588 -2.3904 -1.8741 2.9985 0.0227 0.7349 0.4588 0.4989
1341847999.8977 -2.3828 -1.8767 3.0059 0.0239 0.7367 0.4631 0.4921
1341847999.9588 -2.3679 -1.8757 3.0163 0.0238 0.7386 0.4715 0.4813
1341847999.9908 -2.3577 -1.8763 3.0200 0.0233 0.7390 0.4766 0.4756
1341848000.0267 -2.3478 -1.8763 3.0228 0.0235 0.7394 0.4801 0.4714
1341848000.0587 -2.3435 -1.8765 3.0288 0.0220 0.7405 0.4824 0.4675
1341848000.0948 -2.3345 -1.8753 3.0310 0.0197 0.7408 0.4865 0.4627
1341848000.1267 -2.3266 -1.8736 3.0331 0.0176 0.7420 0.4895 0.4577
1341848000.1586 -2.3199 -1.8737 3.0373 0.0140 0.7434 0.4920 0.4529
1341848000.1948 -2.3088 -1.8733 3.0374 0.0114 0.7436 0.4954 0.4488
1341848000.2271 -2.3025 -1.8733 3.0394 0.0107 0.7440 0.4982 0.4452
1341848000.2670 -2.2940 -1.8715 3.0408 0.0089 0.7441 0.5008 0.4421
1341848000.3271 -2.2803 -1.8718 3.0460 0.0072 0.7454 0.5054 0.4347
1341848000.3627 -2.2713 -1.8707 3.0486 0.0060 0.7446 0.5083 0.4327
1341848000.3947 -2.2621 -1.8664 3.0486 0.0060 0.7448 0.5099 0.4304
1341848000.4268 -2.2572 -1.8672 3.0518 0.0059 0.7456 0.5111 0.4276
1341848000.4627 -2.2494 -1.8650 3.0543 0.0046 0.7457 0.5125 0.4257
1341848000.4947 -2.2397 -1.8610 3.0531 0.0034 0.7467 0.5129 0.4235
1341848000.5308 -2.2315 -1.8620 3.0552 0.0034 0.7481 0.5131 0.4207
1341848000.5628 -2.2223 -1.8615 3.0555 0.0037 0.7487 0.5134 0.4194
1341848000.5948 -2.2137 -1.8593 3.0558 0.0044 0.7506 0.5131 0.4164
1341848000.6306 -2.2053 -1.8605 3.0575 0.0046 0.7527 0.5124 0.4134
1341848000.6627 -2.1961 -1.8605 3.0578 0.0053 0.7548 0.5117 0.4104
1341848000.6954 -2.1894 -1.8617 3.0619 0.0060 0.7578 0.5108 0.4059
1341848000.7308 -2.1804 -1.8622 3.0638 0.0069 0.7597 0.5110 0.4021
1341848000.7627 -2.1707 -1.8629 3.0649 0.0085 0.7615 0.5111 0.3984
1341848000.7987 -2.1619 -1.8658 3.0670 0.0112 0.7632 0.5118 0.3943
1341848000.8307 -2.1514 -1.8659 3.0694 0.0135 0.7646 0.5119 0.3913
1341848000.8628 -2.1423 -1.8693 3.0717 0.0144 0.7672 0.5110 0.3875
1341848000.8987 -2.1349 -1.8724 3.0750 0.0158 0.7689 0.5114 0.3834
1341848000.9307 -2.1254 -1.8748 3.0787 0.0178 0.7693 0.5127 0.3807
1341848000.9632 -2.1146 -1.8750 3.0816 0.0185 0.7702 0.5131 0.3784
1341848000.9988 -2.1037 -1.8758 3.0842 0.0181 0.7714 0.5127 0.3766
1341848001.0307 -2.0950 -1.8782 3.0880 0.0195 0.7724 0.5131 0.3738
1341848001.0670 -2.0849 -1.8797 3.0907 0.0211 0.7726 0.5144 0.3716
1341848001.0988 -2.0742 -1.8794 3.0932 0.0228 0.7729 0.5155 0.3693
1341848001.1307 -2.0631 -1.8784 3.0953 0.0240 0.7739 0.5160 0.3665
1341848001.2060 -2.0431 -1.8791 3.1044 0.0220 0.7771 0.5148 0.3613
1341848001.2668 -2.0227 -1.8749 3.1096 0.0151 0.7808 0.5127 0.3567
1341848001.2991 -2.0136 -1.8728 3.1124 0.0137 0.7828 0.5123 0.3530
1341848001.3348 -2.0035 -1.8704 3.1158 0.0121 0.7853 0.5121 0.3478
1341848001.3667 -1.9937 -1.8683 3.1185 0.0085 0.7879 0.5112 0.3432
1341848001.3993 -1.9852 -1.8652 3.1168 0.0062 0.7894 0.5115 0.3395
1341848001.4347 -1.9761 -1.8627 3.1173 0.0060 0.7916 0.5120 0.3334
1341848001.4667 -1.9667 -1.8625 3.1192 0.0036 0.7940 0.5125 0.3270
1341848001.5027 -1.9586 -1.8572 3.1191 0.0000 0.7958 0.5131 0.3216
1341848001.5349 -1.9485 -1.8523 3.1181 -0.0015 0.7985 0.5127 0.3155
1341848001.5670 -1.9422 -1.8530 3.1183 -0.0021 0.8024 0.5111 0.3081
1341848001.6029 -1.9399 -1.8541 3.1212 -0.0043 0.8051 0.5114 0.3004
1341848001.6347 -1.9298 -1.8455 3.1191 -0.0050 0.8073 0.5116 0.2941
1341848001.6666 -1.9219 -1.8450 3.1188 -0.0043 0.8100 0.5103 0.2888
1341848001.7349 -1.9084 -1.8420 3.1186 -0.0060 0.8134 0.5101 0.2796
1341848001.7707 -1.8987 -1.8403 3.1163 -0.0039 0.8157 0.5092 0.2745
1341848001.8028 -1.9016 -1.8474 3.1203 -0.0019 0.8180 0.5080 0.2699
1341848001.8348 -1.8952 -1.8449 3.1194 -0.0026 0.8186 0.5103 0.2636
1341848001.8707 -1.9016 -1.8388 3.1297 0.0021 0.8223 0.5060 0.2604
1341848001.9027 -1.8974 -1.8489 3.1264 0.0004 0.8226 0.5074 0.2567
1341848001.9347 -1.8936 -1.8450 3.1296 0.0016 0.8233 0.5087 0.2518
1341848001.9707 -1.8779 -1.8355 3.1233 0.0042 0.8236 0.5098 0.2485
1341848002.0027 -1.8734 -1.8401 3.1180 0.0064 0.8235 0.5117 0.2449
1341848002.0389 -1.8650 -1.8391 3.1167 0.0073 0.8236 0.5133 0.2411
1341848002.0708 -1.8559 -1.8373 3.1153 0.0088 0.8251 0.5132 0.2361
1341848002.1027 -1.8451 -1.8319 3.1154 0.0117 0.8264 0.5130 0.2318
1341848002.1387 -1.8395 -1.8378 3.1101 0.0100 0.8258 0.5144 0.2311
1341848002.1718 -1.8312 -1.8344 3.1071 0.0099 0.8262 0.5158 0.2263
1341848002.2027 -1.8169 -1.8270 3.1064 0.0110 0.8275 0.5161 0.2210
1341848002.2387 -1.8090 -1.8267 3.1053 0.0106 0.8279 0.5165 0.2184
1341848002.2708 -1.8016 -1.8255 3.1049 0.0078 0.8286 0.5171 0.2144
1341848002.3067 -1.7935 -1.8245 3.1053 0.0054 0.8287 0.5183 0.2110
1341848002.3389 -1.7830 -1.8194 3.1029 0.0035 0.8286 0.5204 0.2065
1341848002.3708 -1.7800 -1.8174 3.1042 0.0035 0.8286 0.5222 0.2015
1341848002.4068 -1.7678 -1.8066 3.1028 0.0033 0.8289 0.5229 0.1987
1341848002.4388 -1.7630 -1.8103 3.1014 0.0023 0.8294 0.5231 0.1962
1341848002.4747 -1.7554 -1.8043 3.1009 0.0020 0.8287 0.5256 0.1921
1341848002.5068 -1.7427 -1.7954 3.0990 0.0007 0.8284 0.5270 0.1899
1341848002.5388 -1.7367 -1.7971 3.0985 -0.0011 0.8285 0.5281 0.1862
1341848002.5747 -1.7339 -1.7946 3.1026 -0.0026 0.8280 0.5297 0.1838
1341848002.6068 -1.7218 -1.7870 3.1036 -0.0048 0.8280 0.5303 0.1821
1341848002.6394 -1.7154 -1.7845 3.1014 -0.0077 0.8276 0.5313 0.1808
1341848002.6747 -1.7123 -1.7819 3.1056 -0.0093 0.8267 0.5329 0.1800
1341848002.7138 -1.6985 -1.7741 3.1058 -0.0109 0.8257 0.5349 0.1790
1341848002.7748 -1.6886 -1.7748 3.1148 -0.0135 0.8246 0.5375 0.1763
1341848002.8068 -1.6768 -1.7679 3.1186 -0.0132 0.8252 0.5372 0.1741
1341848002.8428 -1.6671 -1.7643 3.1205 -0.0112 0.8262 0.5357 0.1743
1341848002.8752 -1.6595 -1.7619 3.1217 -0.0097 0.8265 0.5348 0.1757
1341848002.9067 -1.6501 -1.7584 3.1219 -0.0085 0.8269 0.5340 0.1763
1341848002.9433 -1.6423 -1.7596 3.1262 -0.0069 0.8274 0.5319 0.1805
1341848002.9746 -1.6326 -1.7580 3.1267 -0.0077 0.8268 0.5310 0.1853
1341848003.0109 -1.6214 -1.7531 3.1242 -0.0085 0.8269 0.5304 0.1868
1341848003.0426 -1.6134 -1.7524 3.1259 -0.0069 0.8286 0.5273 0.1879
1341848003.0750 -1.6072 -1.7556 3.1300 -0.0078 0.8288 0.5260 0.1908
1341848003.1106 -1.5971 -1.7509 3.1301 -0.0089 0.8281 0.5264 0.1924
1341848003.1426 -1.5874 -1.7487 3.1288 -0.0112 0.8288 0.5250 0.1931
1341848003.2429 -1.5645 -1.7465 3.1339 -0.0190 0.8305 0.5223 0.1928
1341848003.2789 -1.5546 -1.7426 3.1346 -0.0210 0.8304 0.5215 0.1950
1341848003.3107 -1.5463 -1.7398 3.1352 -0.0236 0.8307 0.5205 0.1962
1341848003.3427 -1.5363 -1.7363 3.1360 -0.0262 0.8311 0.5190 0.1982
1341848003.3790 -1.5274 -1.7351 3.1370 -0.0288 0.8318 0.5163 0.2018
1341848003.4108 -1.5198 -1.7361 3.1417 -0.0307 0.8318 0.5143 0.2064
1341848003.4427 -1.5100 -1.7316 3.1427 -0.0302 0.8310 0.5136 0.2113
1341848003.4787 -1.5055 -1.7336 3.1463 -0.0285 0.8301 0.5124 0.2183
1341848003.5107 -1.4979 -1.7301 3.1470 -0.0303 0.8280 0.5111 0.2286
1341848003.5469 -1.4898 -1.7246 3.1466 -0.0304 0.8270 0.5106 0.2334
1341848003.5787 -1.4810 -1.7223 3.1464 -0.0283 0.8261 0.5101 0.2377
1341848003.6179 -1.4723 -1.7214 3.1465 -0.0275 0.8249 0.5088 0.2449
1341848003.6500 -1.4637 -1.7182 3.1473 -0.0273 0.8239 0.5074 0.2508
1341848003.6858 -1.4543 -1.7156 3.1446 -0.0279 0.8233 0.5060 0.2558
1341848003.7179 -1.4469 -1.7143 3.1449 -0.0299 0.8230 0.5031 0.2619
1341848003.7538 -1.4435 -1.7113 3.1455 -0.0309 0.8219 0.5014 0.2687
1341848003.7858 -1.4354 -1.7067 3.1423 -0.0296 0.8203 0.5012 0.2739
1341848003.8179 -1.4323 -1.7032 3.1419 -0.0288 0.8188 0.4995 0.2813
1341848003.8540 -1.4245 -1.6957 3.1381 -0.0297 0.8174 0.4993 0.2856
1341848003.8858 -1.4172 -1.6916 3.1352 -0.0312 0.8171 0.4982 0.2885
1341848003.9217 -1.4087 -1.6900 3.1328 -0.0313 0.8155 0.4978 0.2934
1341848003.9538 -1.4036 -1.6825 3.1317 -0.0304 0.8144 0.4966 0.2987
1341848003.9858 -1.3944 -1.6776 3.1260 -0.0305 0.8127 0.4982 0.3006
1341848004.0216 -1.3853 -1.6730 3.1214 -0.0288 0.8118 0.4971 0.3050
1341848004.0538 -1.3795 -1.6678 3.1230 -0.0294 0.8120 0.4949 0.3080
1341848004.0897 -1.3686 -1.6639 3.1159 -0.0290 0.8096 0.4979 0.3094
1341848004.1217 -1.3627 -1.6570 3.1104 -0.0273 0.8083 0.4963 0.3157
1341848004.1537 -1.3537 -1.6531 3.1093 -0.0272 0.8074 0.4957 0.3189
1341848004.1898 -1.3464 -1.6476 3.1058 -0.0248 0.8055 0.4960 0.3234
1341848004.2218 -1.3392 -1.6416 3.1029 -0.0252 0.8035 0.4956 0.3288
1341848004.2578 -1.3308 -1.6352 3.0998 -0.0271 0.8021 0.4944 0.3340
1341848004.2898 -1.3207 -1.6340 3.1000 -0.0285 0.8008 0.4940 0.3374
1341848004.3218 -1.3120 -1.6303 3.0991 -0.0296 0.7979 0.4938 0.3444
1341848004.3579 -1.3037 -1.6242 3.0986 -0.0305 0.7957 0.4926 0.3512
1341848004.3898 -1.2954 -1.6189 3.0992 -0.0335 0.7937 0.4914 0.3569
1341848004.4219 -1.2854 -1.6149 3.0980 -0.0362 0.7911 0.4912 0.3626
1341848004.4578 -1.2791 -1.6095 3.0993 -0.0381 0.7891 0.4892 0.3695
1341848004.4898 -1.2714 -1.6050 3.1000 -0.0406 0.7865 0.4890 0.3750
1341848004.5257 -1.2635 -1.6019 3.1018 -0.0423 0.7841 0.4893 0.3794
1341848004.5578 -1.2565 -1.5979 3.1023 -0.0422 0.7808 0.4908 0.3843
1341848004.5898 -1.2506 -1.5927 3.1036 -0.0441 0.7781 0.4922 0.3878
1341848004.6258 -1.2428 -1.5876 3.1013 -0.0456 0.7749 0.4934 0.3925
1341848004.6579 -1.2386 -1.5837 3.1058 -0.0475 0.7736 0.4922 0.3963
1341848004.6899 -1.2311 -1.5815 3.1076 -0.0502 0.7704 0.4952 0.3984
1341848004.7258 -1.2249 -1.5762 3.1044 -0.0499 0.7667 0.4971 0.4032
1341848004.7577 -1.2218 -1.5725 3.1068 -0.0516 0.7653 0.4955 0.4076
1341848004.7897 -1.2162 -1.5704 3.1092 -0.0546 0.7632 0.4967 0.4097
1341848004.8258 -1.2099 -1.5683 3.1081 -0.0538 0.7605 0.4984 0.4127
1341848004.8577 -1.2080 -1.5649 3.1111 -0.0541 0.7590 0.4974 0.4166
1341848004.8898 -1.2039 -1.5612 3.1092 -0.0542 0.7564 0.4991 0.4194
1341848004.9258 -1.1995 -1.5618 3.1123 -0.0554 0.7552 0.4989 0.4216
1341848004.9578 -1.1963 -1.5604 3.1129 -0.0551 0.7531 0.4995 0.4247
1341848004.9938 -1.1949 -1.5581 3.1134 -0.0545 0.7509 0.4997 0.4284
1341848005.0257 -1.1920 -1.5561 3.1132 -0.0556 0.7490 0.4996 0.4317
1341848005.0577 -1.1882 -1.5555 3.1134 -0.0571 0.7476 0.4981 0.4356
1341848005.0939 -1.1879 -1.5547 3.1186 -0.0573 0.7478 0.4958 0.4378
1341848005.1257 -1.1825 -1.5555 3.1202 -0.0587 0.7455 0.4973 0.4398
1341848005.1577 -1.1792 -1.5568 3.1205 -0.0564 0.7434 0.4976 0.4433
1341848005.1937 -1.1799 -1.5537 3.1206 -0.0547 0.7416 0.4963 0.4481
1341848005.2257 -1.1776 -1.5517 3.1220 -0.0553 0.7406 0.4951 0.4509
1341848005.2577 -1.1720 -1.5543 3.1242 -0.0569 0.7395 0.4944 0.4532
1341848005.2937 -1.1717 -1.5520 3.1273 -0.0559 0.7384 0.4917 0.4582
1341848005.3259 -1.1687 -1.5498 3.1292 -0.0569 0.7366 0.4916 0.4610
1341848005.3577 -1.1623 -1.5535 3.1309 -0.0578 0.7348 0.4919 0.4635
1341848005.3937 -1.1609 -1.5535 3.1341 -0.0558 0.7332 0.4901 0.4681
1341848005.4257 -1.1610 -1.5495 3.1358 -0.0544 0.7312 0.4896 0.4718
1341848005.4618 -1.1545 -1.5510 3.1365 -0.0561 0.7292 0.4902 0.4741
1341848005.4937 -1.1533 -1.5514 3.1424 -0.0553 0.7285 0.4881 0.4776
1341848005.5258 -1.1505 -1.5494 3.1411 -0.0554 0.7252 0.4894 0.4811
1341848005.5618 -1.1456 -1.5514 3.1421 -0.0562 0.7234 0.4892 0.4840
1341848005.5937 -1.1434 -1.5508 3.1444 -0.0560 0.7220 0.4877 0.4875
1341848005.6298 -1.1401 -1.5514 3.1457 -0.0565 0.7203 0.4869 0.4908
1341848005.6618 -1.1364 -1.5517 3.1483 -0.0571 0.7193 0.4853 0.4939
1341848005.6938 -1.1319 -1.5542 3.1498 -0.0568 0.7176 0.4844 0.4971
1341848005.7297 -1.1306 -1.5545 3.1502 -0.0556 0.7162 0.4823 0.5013
1341848005.7617 -1.1265 -1.5557 3.1522 -0.0562 0.7157 0.4802 0.5040
1341848005.7979 -1.1216 -1.5594 3.1565 -0.0552 0.7151 0.4787 0.5065
1341848005.8299 -1.1220 -1.5586 3.1590 -0.0526 0.7133 0.4770 0.5108
1341848005.8617 -1.1199 -1.5597 3.1590 -0.0525 0.7113 0.4768 0.5138
1341848005.8978 -1.1156 -1.5625 3.1614 -0.0517 0.7106 0.4750 0.5165
1341848005.9297 -1.1144 -1.5629 3.1667 -0.0501 0.7099 0.4724 0.5200
1341848005.9657 -1.1120 -1.5628 3.1671 -0.0500 0.7079 0.4716 0.5234
1341848005.9978 -1.1077 -1.5666 3.1688 -0.0497 0.7069 0.4707 0.5256
1341848006.0298 -1.1037 -1.5690 3.1729 -0.0481 0.7063 0.4671 0.5298
1341848006.0658 -1.1042 -1.5673 3.1775 -0.0470 0.7058 0.4627 0.5343
1341848006.0979 -1.0991 -1.5715 3.1746 -0.0460 0.7042 0.4622 0.5370
1341848006.1337 -1.0987 -1.5748 3.1762 -0.0424 0.7049 0.4580 0.5400
1341848006.1658 -1.0970 -1.5762 3.1805 -0.0382 0.7049 0.4558 0.5421
1341848006.1976 -1.0969 -1.5793 3.1816 -0.0346 0.7036 0.4549 0.5448
1341848006.2338 -1.0921 -1.5811 3.1830 -0.0318 0.7023 0.4525 0.5486
1341848006.2658 -1.0911 -1.5811 3.1854 -0.0292 0.7019 0.4488 0.5523
1341848006.3018 -1.0881 -1.5836 3.1897 -0.0274 0.7013 0.4473 0.5545
1341848006.3337 -1.0844 -1.5858 3.1929 -0.0243 0.6992 0.4462 0.5581
1341848006.3660 -1.0854 -1.5833 3.1942 -0.0233 0.6973 0.4431 0.5630
1341848006.4018 -1.0804 -1.5865 3.1968 -0.0249 0.6966 0.4436 0.5634
1341848006.4337 -1.0769 -1.5913 3.2009 -0.0241 0.6959 0.4428 0.5648
1341848006.4697 -1.0756 -1.5905 3.2044 -0.0231 0.6942 0.4422 0.5674
1341848006.5017 -1.0709 -1.5929 3.2067 -0.0238 0.6928 0.4434 0.5682
1341848006.5337 -1.0661 -1.5963 3.2082 -0.0233 0.6915 0.4431 0.5700
1341848006.5697 -1.0655 -1.5980 3.2132 -0.0229 0.6918 0.4414 0.5710
1341848006.6018 -1.0608 -1.6004 3.2163 -0.0233 0.6909 0.4424 0.5713
1341848006.6378 -1.0567 -1.6069 3.2184 -0.0222 0.6905 0.4424 0.5719
1341848006.6701 -1.0576 -1.6067 3.2246 -0.0215 0.6910 0.4400 0.5731
1341848006.7018 -1.0514 -1.6100 3.2268 -0.0227 0.6905 0.4413 0.5726
1341848006.7378 -1.0481 -1.6162 3.2306 -0.0214 0.6911 0.4411 0.5722
1341848006.7697 -1.0451 -1.6189 3.2351 -0.0194 0.6910 0.4417 0.5720
1341848006.8019 -1.0431 -1.6242 3.2385 -0.0175 0.6912 0.4422 0.5714
1341848006.8376 -1.0396 -1.6273 3.2427 -0.0163 0.6917 0.4426 0.5704
1341848006.8707 -1.0363 -1.6335 3.2464 -0.0146 0.6925 0.4428 0.5694
1341848006.9018 -1.0346 -1.6369 3.2504 -0.0130 0.6937 0.4422 0.5684
1341848006.9377 -1.0319 -1.6426 3.2527 -0.0118 0.6951 0.4422 0.5667
1341848006.9697 -1.0315 -1.6470 3.2583 -0.0104 0.6978 0.4415 0.5640
1341848007.0058 -1.0290 -1.6531 3.2632 -0.0084 0.6995 0.4431 0.5606
1341848007.0378 -1.0292 -1.6581 3.2682 -0.0053 0.7012 0.4449 0.5572
1341848007.0697 -1.0288 -1.6617 3.2735 -0.0047 0.7030 0.4466 0.5534
1341848007.1057 -1.0260 -1.6672 3.2773 -0.0052 0.7048 0.4488 0.5493
1341848007.1379 -1.0253 -1.6746 3.2832 -0.0048 0.7071 0.4497 0.5457
1341848007.1697 -1.0259 -1.6787 3.2906 -0.0045 0.7092 0.4506 0.5423
1341848007.2057 -1.0241 -1.6841 3.2954 -0.0046 0.7103 0.4533 0.5385
1341848007.2379 -1.0236 -1.6917 3.3020 -0.0032 0.7118 0.4555 0.5347
1341848007.2989 -1.0211 -1.7024 3.3120 -0.0005 0.7118 0.4612 0.5298
1341848007.3314 -1.0211 -1.7082 3.3176 0.0006 0.7136 0.4605 0.5279
1341848007.3667 -1.0196 -1.7144 3.3229 -0.0002 0.7154 0.4590 0.5268
1341848007.3987 -1.0188 -1.7215 3.3304 0.0001 0.7171 0.4578 0.5256
1341848007.4348 -1.0164 -1.7297 3.3348 0.0016 0.7175 0.4577 0.5250
1341848007.4667 -1.0191 -1.7335 3.3425 0.0025 0.7191 0.4557 0.5247
1341848007.4988 -1.0175 -1.7381 3.3484 0.0018 0.7200 0.4574 0.5219
1341848007.5348 -1.0125 -1.7500 3.3535 0.0023 0.7201 0.4599 0.5196
1341848007.5667 -1.0134 -1.7538 3.3600 0.0040 0.7206 0.4595 0.5192
1341848007.5987 -1.0110 -1.7546 3.3620 0.0024 0.7217 0.4600 0.5173
1341848007.6348 -1.0065 -1.7651 3.3675 0.0009 0.7242 0.4610 0.5129
1341848007.6667 -1.0080 -1.7705 3.3757 0.0041 0.7255 0.4639 0.5085
1341848007.7028 -1.0046 -1.7737 3.3798 0.0056 0.7250 0.4706 0.5028
1341848007.7346 -0.9931 -1.7824 3.3743 0.0070 0.7247 0.4759 0.4983
1341848007.7669 -0.9949 -1.7871 3.3841 0.0086 0.7296 0.4718 0.4950
1341848007.8029 -0.9935 -1.7907 3.3935 0.0068 0.7322 0.4723 0.4907
1341848007.8350 -0.9869 -1.7983 3.3953 0.0077 0.7325 0.4768 0.4858
1341848007.8667 -0.9854 -1.7994 3.4003 0.0089 0.7347 0.4776 0.4818
1341848007.9028 -0.9833 -1.8005 3.4060 0.0062 0.7376 0.4792 0.4757
1341848007.9349 -0.9733 -1.8131 3.4094 0.0058 0.7393 0.4848 0.4673
1341848007.9707 -0.9694 -1.8233 3.4159 0.0101 0.7399 0.4870 0.4639
1341848008.0027 -0.9697 -1.8225 3.4222 0.0129 0.7413 0.4879 0.4607
1341848008.0348 -0.9640 -1.8252 3.4271 0.0123 0.7429 0.4909 0.4550
1341848008.0708 -0.9588 -1.8336 3.4340 0.0117 0.7444 0.4927 0.4506
1341848008.1032 -0.9547 -1.8340 3.4383 0.0120 0.7451 0.4943 0.4476
1341848008.1388 -0.9490 -1.8376 3.4424 0.0107 0.7470 0.4954 0.4433
1341848008.1711 -0.9437 -1.8435 3.4490 0.0102 0.7489 0.4962 0.4390
1341848008.2027 -0.9387 -1.8483 3.4570 0.0114 0.7503 0.4983 0.4342
1341848008.2387 -0.9341 -1.8501 3.4635 0.0121 0.7508 0.5011 0.4302
1341848008.2707 -0.9286 -1.8535 3.4683 0.0118 0.7511 0.5046 0.4256
1341848008.3027 -0.9229 -1.8579 3.4748 0.0114 0.7519 0.5073 0.4208
1341848008.3388 -0.9162 -1.8629 3.4798 0.0114 0.7522 0.5103 0.4167
1341848008.3707 -0.9116 -1.8643 3.4839 0.0111 0.7527 0.5116 0.4142
1341848008.4389 -0.8992 -1.8778 3.4937 0.0111 0.7549 0.5158 0.4049
1341848008.4708 -0.8950 -1.8814 3.5010 0.0121 0.7561 0.5167 0.4014
1341848008.5069 -0.8906 -1.8848 3.5023 0.0128 0.7565 0.5195 0.3971
1341848008.5388 -0.8841 -1.8938 3.5070 0.0136 0.7580 0.5214 0.3917
1341848008.5707 -0.8803 -1.8995 3.5132 0.0161 0.7586 0.5227 0.3887
1341848008.6067 -0.8760 -1.9022 3.5174 0.0177 0.7589 0.5252 0.3845
1341848008.6387 -0.8697 -1.9091 3.5179 0.0190 0.7592 0.5278 0.3803
1341848008.6746 -0.8656 -1.9139 3.5234 0.0203 0.7604 0.5284 0.3770
1341848008.7068 -0.8600 -1.9160 3.5241 0.0205 0.7614 0.5294 0.3736
1341848008.7387 -0.8557 -1.9225 3.5299 0.0198 0.7640 0.5286 0.3695
1341848008.7751 -0.8511 -1.9269 3.5336 0.0186 0.7647 0.5289 0.3676
1341848008.8069 -0.8456 -1.9303 3.5353 0.0178 0.7661 0.5288 0.3649
1341848008.8388 -0.8422 -1.9354 3.5420 0.0160 0.7681 0.5279 0.3621
1341848008.8746 -0.8373 -1.9402 3.5452 0.0154 0.7686 0.5295 0.3587
1341848008.9067 -0.8322 -1.9427 3.5475 0.0161 0.7692 0.5309 0.3553
1341848008.9431 -0.8287 -1.9442 3.5492 0.0151 0.7705 0.5313 0.3517
1341848008.9747 -0.8229 -1.9511 3.5543 0.0128 0.7723 0.5317 0.3475
1341848009.0068 -0.8170 -1.9562 3.5610 0.0133 0.7731 0.5324 0.3445
1341848009.0427 -0.8137 -1.9556 3.5684 0.0122 0.7739 0.5326 0.3423
1341848009.1108 -0.8023 -1.9590 3.5711 0.0106 0.7753 0.5348 0.3359
1341848009.1427 -0.7995 -1.9579 3.5740 0.0084 0.7776 0.5335 0.3325
1341848009.1747 -0.7941 -1.9595 3.5779 0.0072 0.7805 0.5333 0.3261
1341848009.2107 -0.7898 -1.9586 3.5899 0.0072 0.7839 0.5332 0.3180
1341848009.2429 -0.7858 -1.9593 3.5933 0.0095 0.7832 0.5383 0.3111
1341848009.2747 -0.7821 -1.9543 3.5941 0.0102 0.7836 0.5413 0.3048
1341848009.3109 -0.7776 -1.9531 3.5985 0.0085 0.7859 0.5421 0.2974
1341848009.3429 -0.7698 -1.9578 3.6033 0.0072 0.7866 0.5452 0.2898
1341848009.3787 -0.7655 -1.9574 3.6068 0.0082 0.7870 0.5470 0.2853
1341848009.4429 -0.7535 -1.9592 3.6138 0.0064 0.7877 0.5510 0.2754
1341848009.4790 -0.7500 -1.9587 3.6197 0.0064 0.7885 0.5514 0.2722
1341848009.5106 -0.7423 -1.9586 3.6216 0.0048 0.7877 0.5538 0.2697
1341848009.5428 -0.7359 -1.9584 3.6228 0.0047 0.7884 0.5536 0.2682
1341848009.5788 -0.7301 -1.9579 3.6305 0.0032 0.7898 0.5524 0.2666
1341848009.6110 -0.7210 -1.9592 3.6295 0.0017 0.7889 0.5542 0.2656
1341848009.6469 -0.7113 -1.9618 3.6317 0.0006 0.7900 0.5527 0.2654
1341848009.6787 -0.7053 -1.9585 3.6365 -0.0007 0.7916 0.5497 0.2668
1341848009.7108 -0.6961 -1.9594 3.6402 -0.0029 0.7924 0.5486 0.2666
1341848009.7468 -0.6834 -1.9623 3.6399 -0.0036 0.7927 0.5485 0.2661
1341848009.7788 -0.6768 -1.9598 3.6470 -0.0031 0.7947 0.5449 0.2675
1341848009.8107 -0.6707 -1.9578 3.6498 -0.0025 0.7948 0.5448 0.2675
1341848009.8468 -0.6592 -1.9608 3.6492 -0.0011 0.7934 0.5477 0.2656
1341848009.8787 -0.6542 -1.9545 3.6495 0.0010 0.7933 0.5467 0.2678
1341848009.9148 -0.6468 -1.9503 3.6514 -0.0009 0.7933 0.5465 0.2683
1341848009.9470 -0.6355 -1.9524 3.6473 -0.0023 0.7926 0.5481 0.2672
1341848009.9789 -0.6233 -1.9525 3.6466 -0.0026 0.7929 0.5471 0.2682
1341848010.0148 -0.6187 -1.9453 3.6503 -0.0012 0.7940 0.5450 0.2695
1341848010.0468 -0.6105 -1.9419 3.6459 -0.0011 0.7931 0.5469 0.2682
1341848010.0826 -0.6009 -1.9382 3.6432 -0.0014 0.7931 0.5473 0.2674
1341848010.1147 -0.5942 -1.9325 3.6424 -0.0017 0.7935 0.5474 0.2659
1341848010.1468 -0.5848 -1.9286 3.6380 -0.0021 0.7922 0.5505 0.2633
1341848010.1827 -0.5744 -1.9237 3.6276 -0.0019 0.7909 0.5531 0.2618
1341848010.2147 -0.5675 -1.9177 3.6240 -0.0018 0.7921 0.5521 0.2603
1341848010.2468 -0.5585 -1.9136 3.6176 -0.0019 0.7921 0.5535 0.2574
1341848010.2827 -0.5504 -1.9090 3.6122 -0.0006 0.7923 0.5544 0.2548
1341848010.3148 -0.5432 -1.9031 3.6030 0.0004 0.7915 0.5566 0.2525
1341848010.3511 -0.5356 -1.8993 3.5960 0.0001 0.7916 0.5572 0.2506
1341848010.3828 -0.5279 -1.8965 3.5916 0.0001 0.7922 0.5578 0.2477
1341848010.4147 -0.5224 -1.8906 3.5832 0.0014 0.7910 0.5602 0.2461
1341848010.4509 -0.5163 -1.8863 3.5734 0.0014 0.7905 0.5619 0.2437
1341848010.4831 -0.5106 -1.8822 3.5689 0.0013 0.7916 0.5617 0.2406
1341848010.5148 -0.5054 -1.8799 3.5668 0.0007 0.7919 0.5631 0.2362
1341848010.5506 -0.4994 -1.8753 3.5525 0.0015 0.7896 0.5671 0.2342
1341848010.5829 -0.4970 -1.8715 3.5505 0.0016 0.7919 0.5650 0.2319
1341848010.6187 -0.4930 -1.8674 3.5462 -0.0003 0.7916 0.5668 0.2282
1341848010.6510 -0.4842 -1.8675 3.5373 -0.0003 0.7913 0.5689 0.2242
1341848010.6826 -0.4850 -1.8626 3.5357 0.0012 0.7927 0.5673 0.2233
1341848010.7188 -0.4824 -1.8601 3.5310 -0.0004 0.7928 0.5683 0.2203
1341848010.7509 -0.4798 -1.8550 3.5249 -0.0007 0.7930 0.5690 0.2179
1341848010.7827 -0.4789 -1.8516 3.5183 0.0000 0.7941 0.5685 0.2150
1341848010.8188 -0.4767 -1.8486 3.5211 0.0008 0.7979 0.5648 0.2107
1341848010.8508 -0.4774 -1.8433 3.5207 0.0020 0.7997 0.5633 0.2080
1341848010.8867 -0.4813 -1.8337 3.5250 0.0055 0.8033 0.5585 0.2066
1341848010.9188 -0.4865 -1.8298 3.5394 0.0065 0.8092 0.5508 0.2045
1341848010.9508 -0.4911 -1.8237 3.5343 0.0085 0.8095 0.5503 0.2047
1341848010.9868 -0.4892 -1.8241 3.5322 0.0091 0.8102 0.5502 0.2021
1341848011.0187 -0.4843 -1.8222 3.5297 0.0096 0.8103 0.5510 0.1992
1341848011.0510 -0.4844 -1.8177 3.5310 0.0099 0.8115 0.5496 0.1982
1341848011.0867 -0.4815 -1.8138 3.5291 0.0107 0.8126 0.5493 0.1946
1341848011.1187 -0.4827 -1.8124 3.5284 0.0122 0.8132 0.5488 0.1932
1341848011.1546 -0.4786 -1.8204 3.5251 0.0117 0.8123 0.5515 0.1894
1341848011.1867 -0.4763 -1.8130 3.5293 0.0121 0.8142 0.5495 0.1872
1341848011.2191 -0.4796 -1.8064 3.5221 0.0132 0.8132 0.5512 0.1862
1341848011.2547 -0.4671 -1.8064 3.5250 0.0073 0.8159 0.5496 0.1794
1341848011.2866 -0.4655 -1.8023 3.5256 0.0071 0.8176 0.5481 0.1763
1341848011.3227 -0.4605 -1.8021 3.5234 0.0059 0.8184 0.5484 0.1714
1341848011.3547 -0.4595 -1.8021 3.5203 0.0079 0.8195 0.5481 0.1672
1341848011.3867 -0.4625 -1.7947 3.5285 0.0101 0.8230 0.5434 0.1651
1341848011.4227 -0.4584 -1.7925 3.5174 0.0107 0.8208 0.5480 0.1611
1341848011.4547 -0.4628 -1.7860 3.5195 0.0149 0.8236 0.5444 0.1583
1341848011.4868 -0.4663 -1.7813 3.5203 0.0157 0.8246 0.5434 0.1568
1341848011.5229 -0.4544 -1.7828 3.5200 0.0129 0.8248 0.5453 0.1491
1341848011.5547 -0.4492 -1.7713 3.5178 0.0144 0.8261 0.5445 0.1446
1341848011.5909 -0.4415 -1.7745 3.5237 0.0103 0.8287 0.5425 0.1376
1341848011.6227 -0.4322 -1.7659 3.5252 0.0066 0.8303 0.5420 0.1295
1341848011.6549 -0.4421 -1.7770 3.5145 0.0106 0.8270 0.5468 0.1303
1341848011.6908 -0.4385 -1.7584 3.5236 0.0131 0.8311 0.5414 0.1263
1341848011.7226 -0.4483 -1.7521 3.5183 0.0166 0.8301 0.5430 0.1256
1341848011.7548 -0.4688 -1.7447 3.5079 0.0223 0.8273 0.5459 0.1306
1341848011.7908 -0.4667 -1.7426 3.5161 0.0218 0.8296 0.5433 0.1267
1341848011.8227 -0.4718 -1.7271 3.5096 0.0262 0.8288 0.5451 0.1236
1341848011.8588 -0.4586 -1.7332 3.5019 0.0254 0.8269 0.5499 0.1149
1341848011.8907 -0.4618 -1.7344 3.4908 0.0288 0.8242 0.5543 0.1123
1341848011.9229 -0.4614 -1.7319 3.4803 0.0299 0.8215 0.5586 0.1102
1341848011.9588 -0.4625 -1.7293 3.4735 0.0316 0.8211 0.5595 0.1086
1341848011.9908 -0.4626 -1.7253 3.4732 0.0299 0.8221 0.5585 0.1069
1341848012.0227 -0.4601 -1.7195 3.4685 0.0271 0.8215 0.5596 0.1055
1341848012.0589 -0.4594 -1.7157 3.4630 0.0258 0.8209 0.5609 0.1044
1341848012.0908 -0.4596 -1.7100 3.4558 0.0242 0.8201 0.5622 0.1037
1341848012.1269 -0.4571 -1.7041 3.4492 0.0223 0.8200 0.5626 0.1025
1341848012.1910 -0.4556 -1.6933 3.4381 0.0238 0.8186 0.5643 0.1044
1341848012.2267 -0.4542 -1.6874 3.4313 0.0228 0.8172 0.5660 0.1060
1341848012.2587 -0.4523 -1.6821 3.4238 0.0212 0.8160 0.5674 0.1086
1341848012.2952 -0.4536 -1.6756 3.4186 0.0198 0.8150 0.5681 0.1125
1341848012.3269 -0.4512 -1.6688 3.4097 0.0158 0.8136 0.5696 0.1154
1341848012.3588 -0.4482 -1.6625 3.4035 0.0116 0.8135 0.5693 0.1177
1341848012.3947 -0.4464 -1.6559 3.4005 0.0092 0.8133 0.5693 0.1200
1341848012.4268 -0.4436 -1.6500 3.3894 0.0059 0.8105 0.5726 0.1230
1341848012.4588 -0.4412 -1.6443 3.3802 0.0037 0.8098 0.5733 0.1248
1341848012.4947 -0.4385 -1.6387 3.3759 0.0010 0.8101 0.5725 0.1264
1341848012.5268 -0.4323 -1.6341 3.3682 -0.0025 0.8085 0.5746 0.1274
1341848012.5627 -0.4287 -1.6294 3.3581 -0.0041 0.8072 0.5756 0.1308
1341848012.5947 -0.4292 -1.6223 3.3551 -0.0064 0.8083 0.5728 0.1359
1341848012.6268 -0.4219 -1.6197 3.3487 -0.0118 0.8074 0.5737 0.1373
1341848012.6628 -0.4154 -1.6156 3.3456 -0.0135 0.8075 0.5729 0.1397
1341848012.6953 -0.4154 -1.6104 3.3414 -0.0141 0.8066 0.5725 0.1461
1341848012.7269 -0.4118 -1.6066 3.3366 -0.0187 0.8057 0.5724 0.1511
1341848012.7627 -0.4041 -1.6031 3.3332 -0.0225 0.8054 0.5718 0.1542
1341848012.7947 -0.3993 -1.5987 3.3337 -0.0231 0.8057 0.5700 0.1596
1341848012.8307 -0.3994 -1.5945 3.3268 -0.0256 0.8033 0.5702 0.1701
1341848012.8628 -0.3959 -1.5920 3.3192 -0.0306 0.8028 0.5685 0.1773
1341848012.8947 -0.3932 -1.5884 3.3217 -0.0345 0.8052 0.5629 0.1830
1341848012.9308 -0.3900 -1.5853 3.3189 -0.0371 0.8044 0.5618 0.1893
1341848012.9628 -0.3901 -1.5824 3.3149 -0.0401 0.8041 0.5596 0.1966
1341848012.9948 -0.3868 -1.5790 3.3172 -0.0447 0.8055 0.5556 0.2011
1341848013.0309 -0.3834 -1.5768 3.3161 -0.0465 0.8043 0.5554 0.2062
1341848013.0627 -0.3805 -1.5739 3.3127 -0.0478 0.8030 0.5548 0.2123
1341848013.0988 -0.3779 -1.5721 3.3131 -0.0492 0.8032 0.5520 0.2184
1341848013.1308 -0.3748 -1.5690 3.3166 -0.0502 0.8034 0.5493 0.2243
1341848013.1628 -0.3694 -1.5660 3.3184 -0.0494 0.8024 0.5487 0.2296
1341848013.1987 -0.3699 -1.5644 3.3174 -0.0461 0.7998 0.5490 0.2383
1341848013.2309 -0.3689 -1.5632 3.3174 -0.0456 0.7981 0.5488 0.2445
1341848013.2627 -0.3639 -1.5608 3.3224 -0.0455 0.7973 0.5480 0.2488
1341848013.2987 -0.3641 -1.5598 3.3193 -0.0436 0.7931 0.5501 0.2578
1341848013.3308 -0.3644 -1.5577 3.3193 -0.0455 0.7914 0.5487 0.2656
1341848013.3667 -0.3599 -1.5552 3.3257 -0.0495 0.7917 0.5455 0.2707
1341848013.3987 -0.3552 -1.5530 3.3343 -0.0511 0.7911 0.5437 0.2756
1341848013.4309 -0.3514 -1.5511 3.3381 -0.0507 0.7873 0.5454 0.2832
1341848013.4670 -0.3504 -1.5522 3.3309 -0.0510 0.7805 0.5495 0.2938
1341848013.4988 -0.3469 -1.5500 3.3330 -0.0549 0.7796 0.5465 0.3009
1341848013.5348 -0.3415 -1.5486 3.3390 -0.0598 0.7797 0.5422 0.3075
1341848013.5667 -0.3347 -1.5471 3.3432 -0.0628 0.7782 0.5396 0.3151
1341848013.5988 -0.3345 -1.5483 3.3459 -0.0622 0.7762 0.5371 0.3243
1341848013.6348 -0.3280 -1.5463 3.3485 -0.0642 0.7743 0.5361 0.3302
1341848013.6667 -0.3226 -1.5463 3.3469 -0.0650 0.7718 0.5339 0.3391
1341848013.6988 -0.3217 -1.5474 3.3488 -0.0648 0.7718 0.5284 0.3477
1341848013.7346 -0.3175 -1.5476 3.3508 -0.0669 0.7718 0.5235 0.3548
1341848013.7668 -0.3142 -1.5474 3.3563 -0.0670 0.7730 0.5177 0.3604
1341848013.8027 -0.3114 -1.5462 3.3618 -0.0666 0.7730 0.5139 0.3660
1341848013.8348 -0.3089 -1.5460 3.3617 -0.0668 0.7702 0.5130 0.3730
1341848013.8668 -0.3047 -1.5456 3.3614 -0.0681 0.7688 0.5107 0.3789
1341848013.9027 -0.3036 -1.5441 3.3668 -0.0688 0.7694 0.5051 0.3849
1341848013.9667 -0.2945 -1.5433 3.3713 -0.0706 0.7654 0.5027 0.3954
1341848014.0027 -0.2893 -1.5434 3.3738 -0.0713 0.7636 0.5014 0.4005
1341848014.0349 -0.2833 -1.5437 3.3765 -0.0724 0.7609 0.4999 0.4072
1341848014.0710 -0.2806 -1.5425 3.3748 -0.0735 0.7567 0.4985 0.4165
1341848014.1027 -0.2760 -1.5407 3.3762 -0.0782 0.7543 0.4956 0.4234
1341848014.1347 -0.2673 -1.5404 3.3828 -0.0827 0.7534 0.4926 0.4277
1341848014.1707 -0.2613 -1.5398 3.3855 -0.0847 0.7495 0.4918 0.4350
1341848014.2027 -0.2525 -1.5403 3.3845 -0.0881 0.7449 0.4919 0.4420
1341848014.2348 -0.2427 -1.5394 3.3896 -0.0906 0.7438 0.4872 0.4484
1341848014.2707 -0.2375 -1.5371 3.3969 -0.0919 0.7418 0.4825 0.4567
1341848014.3027 -0.2280 -1.5373 3.3997 -0.0922 0.7387 0.4816 0.4624
1341848014.3387 -0.2192 -1.5393 3.4035 -0.0926 0.7355 0.4796 0.4696
1341848014.3706 -0.2160 -1.5424 3.4046 -0.0933 0.7300 0.4765 0.4810
1341848014.4388 -0.1999 -1.5434 3.4132 -0.0961 0.7237 0.4683 0.4977
1341848014.4708 -0.1918 -1.5445 3.4172 -0.0979 0.7197 0.4632 0.5079
1341848014.5066 -0.1866 -1.5454 3.4235 -0.0993 0.7169 0.4568 0.5172
1341848014.5387 -0.1766 -1.5498 3.4250 -0.1015 0.7114 0.4539 0.5268
1341848014.5708 -0.1718 -1.5511 3.4278 -0.1004 0.7099 0.4472 0.5347
1341848014.6069 -0.1674 -1.5529 3.4374 -0.1002 0.7083 0.4414 0.5418
1341848014.6387 -0.1607 -1.5532 3.4400 -0.0975 0.7037 0.4396 0.5496
1341848014.6708 -0.1526 -1.5575 3.4415 -0.0964 0.7004 0.4370 0.5560
1341848014.7068 -0.1471 -1.5566 3.4435 -0.0939 0.6977 0.4312 0.5643
1341848014.7387 -0.1406 -1.5621 3.4453 -0.0935 0.6964 0.4273 0.5689
1341848014.7747 -0.1360 -1.5652 3.4542 -0.0889 0.6956 0.4245 0.5728
1341848014.8067 -0.1324 -1.5651 3.4562 -0.0833 0.6915 0.4229 0.5797
1341848014.8387 -0.1261 -1.5673 3.4581 -0.0807 0.6880 0.4217 0.5851
1341848014.8747 -0.1192 -1.5703 3.4626 -0.0791 0.6847 0.4190 0.5911
1341848014.9066 -0.1166 -1.5675 3.4639 -0.0755 0.6806 0.4150 0.5990
1341848014.9387 -0.1107 -1.5678 3.4691 -0.0741 0.6778 0.4151 0.6024
1341848014.9747 -0.1065 -1.5678 3.4716 -0.0716 0.6727 0.4157 0.6079
1341848015.0067 -0.1084 -1.5637 3.4675 -0.0703 0.6658 0.4150 0.6161
1341848015.0426 -0.1048 -1.5596 3.4694 -0.0758 0.6608 0.4156 0.6204
1341848015.0749 -0.0986 -1.5587 3.4717 -0.0839 0.6563 0.4143 0.6250
1341848015.1068 -0.0928 -1.5563 3.4734 -0.0905 0.6523 0.4117 0.6299
1341848015.1427 -0.0884 -1.5554 3.4776 -0.0956 0.6492 0.4107 0.6330
1341848015.1747 -0.0804 -1.5545 3.4815 -0.0987 0.6450 0.4121 0.6359
1341848015.2072 -0.0774 -1.5518 3.4811 -0.0988 0.6396 0.4112 0.6420
1341848015.2435 -0.0723 -1.5491 3.4815 -0.1011 0.6353 0.4090 0.6472
1341848015.2748 -0.0673 -1.5490 3.4873 -0.1026 0.6321 0.4070 0.6513
1341848015.3106 -0.0637 -1.5473 3.4879 -0.1007 0.6257 0.4044 0.6594
1341848015.3429 -0.0604 -1.5458 3.4880 -0.1000 0.6200 0.4022 0.6662
1341848015.3747 -0.0558 -1.5453 3.4918 -0.0996 0.6143 0.4010 0.6722
1341848015.4107 -0.0529 -1.5435 3.4896 -0.0966 0.6063 0.4001 0.6804
1341848015.4428 -0.0505 -1.5424 3.4893 -0.0958 0.5997 0.3980 0.6875
1341848015.4750 -0.0472 -1.5411 3.4891 -0.0956 0.5925 0.3949 0.6956
1341848015.5109 -0.0446 -1.5405 3.4892 -0.0952 0.5867 0.3897 0.7035
1341848015.5428 -0.0454 -1.5397 3.4895 -0.0926 0.5798 0.3879 0.7105
1341848015.5818 -0.0409 -1.5392 3.4901 -0.0939 0.5710 0.3854 0.7188
1341848015.6178 -0.0391 -1.5387 3.4901 -0.0943 0.5643 0.3783 0.7277
1341848015.6501 -0.0387 -1.5389 3.4896 -0.0953 0.5575 0.3727 0.7356
1341848015.6858 -0.0343 -1.5394 3.4941 -0.0978 0.5523 0.3683 0.7415
1341848015.7181 -0.0319 -1.5401 3.4964 -0.0968 0.5477 0.3621 0.7480
1341848015.7498 -0.0323 -1.5403 3.4962 -0.0934 0.5422 0.3580 0.7544
1341848015.7858 -0.0298 -1.5417 3.4978 -0.0918 0.5361 0.3546 0.7605
1341848015.8179 -0.0279 -1.5451 3.4959 -0.0919 0.5310 0.3485 0.7669
1341848015.8538 -0.0285 -1.5466 3.4995 -0.0905 0.5281 0.3440 0.7711
1341848015.8857 -0.0265 -1.5496 3.4977 -0.0913 0.5224 0.3388 0.7772
1341848015.9178 -0.0254 -1.5520 3.4988 -0.0936 0.5199 0.3315 0.7816
1341848015.9540 -0.0255 -1.5537 3.5032 -0.0930 0.5191 0.3229 0.7858
1341848015.9867 -0.0273 -1.5575 3.5034 -0.0915 0.5166 0.3178 0.7898
1341848016.0217 -0.0281 -1.5581 3.5036 -0.0888 0.5125 0.3150 0.7939
1341848016.0539 -0.0265 -1.5603 3.5039 -0.0877 0.5092 0.3096 0.7982
1341848016.0857 -0.0298 -1.5611 3.5019 -0.0850 0.5068 0.3040 0.8022
1341848016.1218 -0.0314 -1.5616 3.5006 -0.0855 0.5033 0.3014 0.8053
1341848016.1538 -0.0301 -1.5636 3.5011 -0.0889 0.5015 0.2982 0.8072
1341848016.1858 -0.0322 -1.5629 3.4997 -0.0892 0.5000 0.2952 0.8093
1341848016.2217 -0.0335 -1.5629 3.5004 -0.0906 0.4987 0.2948 0.8100
1341848016.2537 -0.0310 -1.5657 3.5027 -0.0925 0.4983 0.2944 0.8102
1341848016.2900 -0.0348 -1.5658 3.4986 -0.0925 0.4981 0.2922 0.8112
1341848016.3220 -0.0360 -1.5644 3.4988 -0.0928 0.5001 0.2958 0.8086
1341848016.3537 -0.0340 -1.5678 3.5026 -0.0911 0.5029 0.2997 0.8056
1341848016.3898 -0.0401 -1.5675 3.5012 -0.0869 0.5043 0.3016 0.8045
1341848016.4217 -0.0402 -1.5690 3.5037 -0.0847 0.5058 0.3072 0.8016
1341848016.4539 -0.0413 -1.5713 3.5058 -0.0819 0.5082 0.3105 0.7992
1341848016.4901 -0.0433 -1.5731 3.5067 -0.0781 0.5094 0.3113 0.7984
1341848016.5218 -0.0462 -1.5745 3.5070 -0.0764 0.5113 0.3106 0.7977
1341848016.5542 -0.0478 -1.5756 3.5107 -0.0722 0.5143 0.3119 0.7956
1341848016.5898 -0.0524 -1.5782 3.5121 -0.0684 0.5143 0.3117 0.7961
1341848016.6219 -0.0562 -1.5788 3.5139 -0.0650 0.5153 0.3146 0.7945
1341848016.6578 -0.0572 -1.5819 3.5191 -0.0608 0.5157 0.3188 0.7929
1341848016.6899 -0.0641 -1.5845 3.5197 -0.0574 0.5141 0.3193 0.7940
1341848016.7578 -0.0650 -1.5913 3.5285 -0.0590 0.5159 0.3185 0.7930
1341848016.8188 -0.0785 -1.5950 3.5354 -0.0557 0.5168 0.3176 0.7931
1341848016.8508 -0.0818 -1.5995 3.5403 -0.0559 0.5168 0.3178 0.7930
1341848016.8828 -0.0887 -1.6016 3.5429 -0.0556 0.5171 0.3175 0.7929
1341848016.9189 -0.0934 -1.6039 3.5489 -0.0550 0.5172 0.3196 0.7920
1341848016.9507 -0.0974 -1.6078 3.5525 -0.0558 0.5167 0.3200 0.7922
1341848016.9867 -0.1044 -1.6102 3.5554 -0.0569 0.5180 0.3188 0.7917
1341848017.0187 -0.1093 -1.6125 3.5606 -0.0567 0.5195 0.3204 0.7901
1341848017.0508 -0.1158 -1.6155 3.5619 -0.0560 0.5197 0.3211 0.7897
1341848017.0868 -0.1207 -1.6174 3.5631 -0.0564 0.5209 0.3222 0.7885
1341848017.1186 -0.1253 -1.6205 3.5641 -0.0560 0.5233 0.3234 0.7864
1341848017.1507 -0.1321 -1.6222 3.5649 -0.0538 0.5265 0.3256 0.7836
1341848017.1869 -0.1382 -1.6252 3.5667 -0.0524 0.5297 0.3281 0.7804
1341848017.2188 -0.1422 -1.6289 3.5676 -0.0508 0.5332 0.3296 0.7775
1341848017.2547 -0.1514 -1.6315 3.5669 -0.0472 0.5373 0.3301 0.7747
1341848017.2866 -0.1577 -1.6346 3.5713 -0.0436 0.5423 0.3333 0.7701
1341848017.3187 -0.1582 -1.6397 3.5750 -0.0391 0.5461 0.3341 0.7672
1341848017.3547 -0.1734 -1.6432 3.5709 -0.0316 0.5506 0.3311 0.7657
1341848017.3868 -0.1844 -1.6450 3.5696 -0.0266 0.5550 0.3341 0.7614
1341848017.4188 -0.1903 -1.6503 3.5713 -0.0220 0.5587 0.3376 0.7572
1341848017.4548 -0.2027 -1.6511 3.5703 -0.0183 0.5611 0.3394 0.7547
1341848017.4867 -0.2048 -1.6559 3.5722 -0.0185 0.5642 0.3418 0.7513
1341848017.5227 -0.2125 -1.6584 3.5721 -0.0170 0.5674 0.3408 0.7494
1341848017.5548 -0.2205 -1.6600 3.5726 -0.0150 0.5715 0.3408 0.7463
1341848017.5878 -0.2244 -1.6617 3.5751 -0.0139 0.5747 0.3421 0.7433
1341848017.6227 -0.2296 -1.6654 3.5742 -0.0117 0.5776 0.3420 0.7411
1341848017.6548 -0.2360 -1.6654 3.5749 -0.0091 0.5808 0.3432 0.7381
1341848017.6868 -0.2346 -1.6708 3.5768 -0.0078 0.5839 0.3433 0.7356
1341848017.7228 -0.2465 -1.6717 3.5755 -0.0020 0.5875 0.3420 0.7334
1341848017.7548 -0.2463 -1.6739 3.5797 0.0001 0.5898 0.3444 0.7305
1341848017.7907 -0.2505 -1.6783 3.5785 0.0045 0.5913 0.3443 0.7293
1341848017.8228 -0.2589 -1.6803 3.5788 0.0075 0.5944 0.3426 0.7275
1341848017.8547 -0.2629 -1.6822 3.5821 0.0086 0.5963 0.3428 0.7258
1341848017.8907 -0.2676 -1.6845 3.5828 0.0101 0.5973 0.3432 0.7248
1341848017.9228 -0.2743 -1.6852 3.5832 0.0102 0.5987 0.3431 0.7236
1341848017.9586 -0.2739 -1.6877 3.5855 0.0085 0.6003 0.3435 0.7221
1341848017.9907 -0.2821 -1.6885 3.5873 0.0103 0.6020 0.3432 0.7209
1341848018.0227 -0.2849 -1.6892 3.5893 0.0090 0.6029 0.3456 0.7190
1341848018.0588 -0.2847 -1.6918 3.5892 0.0077 0.6049 0.3466 0.7169
1341848018.0909 -0.2895 -1.6918 3.5924 0.0077 0.6083 0.3462 0.7141
1341848018.1227 -0.2922 -1.6931 3.5963 0.0078 0.6102 0.3497 0.7108
1341848018.1591 -0.2907 -1.6972 3.5987 0.0085 0.6115 0.3535 0.7079
1341848018.1908 -0.2955 -1.6981 3.5999 0.0093 0.6142 0.3538 0.7053
1341848018.2267 -0.2955 -1.7008 3.6049 0.0074 0.6175 0.3547 0.7020
1341848018.2588 -0.2977 -1.7044 3.6098 0.0091 0.6197 0.3573 0.6987
1341848018.2907 -0.3013 -1.7071 3.6137 0.0107 0.6210 0.3607 0.6958
1341848018.3339 -0.3017 -1.7104 3.6158 0.0093 0.6228 0.3630 0.6930
1341848018.3672 -0.3011 -1.7151 3.6214 0.0077 0.6272 0.3627 0.6892
1341848018.3977 -0.3053 -1.7181 3.6297 0.0085 0.6310 0.3626 0.6858
1341848018.4338 -0.3082 -1.7217 3.6378 0.0113 0.6325 0.3679 0.6815
1341848018.4657 -0.3097 -1.7262 3.6437 0.0143 0.6330 0.3743 0.6774
1341848018.5018 -0.3117 -1.7299 3.6483 0.0155 0.6352 0.3771 0.6739
1341848018.5345 -0.3149 -1.7339 3.6579 0.0159 0.6389 0.3782 0.6697
1341848018.5658 -0.3185 -1.7372 3.6653 0.0167 0.6409 0.3808 0.6663
1341848018.6017 -0.3195 -1.7421 3.6713 0.0165 0.6433 0.3821 0.6633
1341848018.6337 -0.3252 -1.7454 3.6792 0.0165 0.6473 0.3826 0.6591
1341848018.6698 -0.3271 -1.7509 3.6900 0.0163 0.6498 0.3852 0.6551
1341848018.7018 -0.3312 -1.7555 3.6983 0.0157 0.6514 0.3876 0.6521
1341848018.7339 -0.3316 -1.7621 3.7049 0.0141 0.6534 0.3893 0.6491
1341848018.7697 -0.3352 -1.7682 3.7142 0.0135 0.6560 0.3890 0.6467
1341848018.8022 -0.3365 -1.7741 3.7233 0.0133 0.6573 0.3901 0.6447
1341848018.8338 -0.3361 -1.7805 3.7295 0.0128 0.6588 0.3897 0.6434
1341848018.8698 -0.3399 -1.7878 3.7364 0.0140 0.6615 0.3878 0.6417
1341848018.9020 -0.3444 -1.7934 3.7454 0.0161 0.6634 0.3881 0.6396
1341848018.9338 -0.3433 -1.7990 3.7543 0.0187 0.6636 0.3913 0.6373
1341848018.9697 -0.3521 -1.8079 3.7565 0.0211 0.6636 0.3922 0.6366
1341848019.0023 -0.3547 -1.8128 3.7635 0.0193 0.6656 0.3923 0.6346
1341848019.0698 -0.3608 -1.8262 3.7739 0.0200 0.6691 0.3914 0.6315
1341848019.1308 -0.3645 -1.8359 3.7847 0.0180 0.6737 0.3922 0.6261
1341848019.1627 -0.3698 -1.8408 3.7917 0.0187 0.6759 0.3936 0.6228
1341848019.1986 -0.3735 -1.8448 3.7966 0.0183 0.6778 0.3962 0.6191
1341848019.2311 -0.3735 -1.8503 3.8017 0.0166 0.6808 0.3980 0.6147
1341848019.2627 -0.3775 -1.8562 3.8105 0.0160 0.6844 0.3975 0.6110
1341848019.2987 -0.3847 -1.8592 3.8190 0.0157 0.6871 0.3992 0.6069
1341848019.3307 -0.3835 -1.8660 3.8258 0.0137 0.6896 0.4019 0.6024
1341848019.3627 -0.3907 -1.8720 3.8338 0.0144 0.6929 0.4018 0.5986
1341848019.3987 -0.3972 -1.8770 3.8442 0.0129 0.6961 0.4031 0.5939
1341848019.4310 -0.3957 -1.8839 3.8533 0.0117 0.6988 0.4047 0.5898
1341848019.4670 -0.4037 -1.8901 3.8616 0.0116 0.7024 0.4031 0.5865
1341848019.4988 -0.4042 -1.8957 3.8726 0.0114 0.7062 0.4035 0.5817
1341848019.5308 -0.4101 -1.9046 3.8838 0.0149 0.7087 0.4048 0.5776
1341848019.5671 -0.4157 -1.9099 3.8960 0.0174 0.7105 0.4073 0.5736
1341848019.5987 -0.4161 -1.9168 3.9054 0.0177 0.7117 0.4086 0.5711
1341848019.6307 -0.4233 -1.9229 3.9166 0.0184 0.7145 0.4081 0.5680
1341848019.6669 -0.4257 -1.9292 3.9314 0.0183 0.7161 0.4100 0.5646
1341848019.6987 -0.4279 -1.9350 3.9403 0.0189 0.7159 0.4125 0.5630
1341848019.7348 -0.4304 -1.9392 3.9475 0.0182 0.7178 0.4131 0.5602
1341848019.7667 -0.4321 -1.9463 3.9569 0.0165 0.7205 0.4132 0.5567
1341848019.7987 -0.4351 -1.9521 3.9671 0.0171 0.7222 0.4141 0.5538
1341848019.8347 -0.4368 -1.9564 3.9727 0.0182 0.7234 0.4158 0.5509
1341848019.8988 -0.4406 -1.9677 3.9857 0.0204 0.7282 0.4181 0.5426
1341848019.9348 -0.4439 -1.9722 3.9946 0.0224 0.7303 0.4209 0.5376
1341848019.9667 -0.4426 -1.9749 3.9984 0.0243 0.7317 0.4245 0.5327
1341848020.0028 -0.4427 -1.9781 4.0016 0.0248 0.7344 0.4261 0.5278
1341848020.0347 -0.4441 -1.9821 4.0095 0.0240 0.7383 0.4261 0.5223
1341848020.0667 -0.4423 -1.9865 4.0177 0.0247 0.7405 0.4287 0.5170
1341848020.1028 -0.4421 -1.9898 4.0222 0.0268 0.7417 0.4311 0.5131
1341848020.1348 -0.4416 -1.9909 4.0262 0.0259 0.7445 0.4315 0.5089
1341848020.1708 -0.4398 -1.9971 4.0327 0.0240 0.7480 0.4314 0.5038
1341848020.2027 -0.4409 -2.0022 4.0404 0.0239 0.7506 0.4318 0.4995
1341848020.2349 -0.4387 -2.0043 4.0457 0.0235 0.7531 0.4332 0.4946
1341848020.2712 -0.4345 -2.0095 4.0492 0.0234 0.7559 0.4342 0.4894
1341848020.3028 -0.4341 -2.0151 4.0573 0.0239 0.7593 0.4340 0.4842
1341848020.3349 -0.4323 -2.0189 4.0637 0.0248 0.7619 0.4351 0.4791
1341848020.3708 -0.4262 -2.0218 4.0676 0.0262 0.7645 0.4367 0.4734
1341848020.4388 -0.4192 -2.0303 4.0795 0.0277 0.7711 0.4365 0.4626
1341848020.4712 -0.4126 -2.0333 4.0837 0.0283 0.7754 0.4352 0.4566
1341848020.5027 -0.4133 -2.0412 4.0940 0.0305 0.7798 0.4339 0.4502
1341848020.5387 -0.4110 -2.0463 4.1035 0.0330 0.7825 0.4358 0.4435
1341848020.5708 -0.4060 -2.0505 4.1097 0.0360 0.7843 0.4381 0.4377
1341848020.6028 -0.4058 -2.0560 4.1190 0.0377 0.7864 0.4400 0.4320
1341848020.6389 -0.4018 -2.0608 4.1282 0.0388 0.7872 0.4444 0.4259
1341848020.6708 -0.3943 -2.0638 4.1311 0.0407 0.7875 0.4477 0.4216
1341848020.7067 -0.3943 -2.0673 4.1386 0.0400 0.7896 0.4473 0.4182
1341848020.7390 -0.3895 -2.0757 4.1476 0.0376 0.7907 0.4504 0.4128
1341848020.7708 -0.3810 -2.0783 4.1518 0.0399 0.7905 0.4538 0.4094
1341848020.8072 -0.3809 -2.0823 4.1584 0.0409 0.7909 0.4551 0.4071
1341848020.8391 -0.3738 -2.0853 4.1613 0.0395 0.7916 0.4570 0.4038
1341848020.8710 -0.3689 -2.0924 4.1652 0.0396 0.7926 0.4574 0.4013
1341848020.9066 -0.3675 -2.1000 4.1743 0.0408 0.7936 0.4583 0.3981
1341848020.9388 -0.3620 -2.1034 4.1769 0.0416 0.7936 0.4608 0.3952
1341848020.9749 -0.3559 -2.1068 4.1784 0.0414 0.7951 0.4603 0.3927
1341848021.0066 -0.3547 -2.1133 4.1862 0.0412 0.7969 0.4597 0.3898
1341848021.0396 -0.3495 -2.1170 4.1923 0.0416 0.7977 0.4616 0.3858
1341848021.0748 -0.3421 -2.1204 4.1965 0.0425 0.7985 0.4633 0.3820
1341848021.1067 -0.3395 -2.1230 4.2005 0.0423 0.7998 0.4635 0.3792
1341848021.1428 -0.3332 -2.1282 4.2062 0.0404 0.8017 0.4643 0.3744
1341848021.1750 -0.3253 -2.1322 4.2121 0.0402 0.8031 0.4650 0.3703
1341848021.2067 -0.3206 -2.1360 4.2197 0.0410 0.8045 0.4660 0.3660
1341848021.2427 -0.3130 -2.1354 4.2201 0.0399 0.8064 0.4658 0.3621
1341848021.2749 -0.3066 -2.1428 4.2292 0.0390 0.8099 0.4647 0.3557
1341848021.3073 -0.2989 -2.1471 4.2343 0.0404 0.8120 0.4649 0.3505
1341848021.3434 -0.2921 -2.1506 4.2363 0.0424 0.8147 0.4645 0.3447
1341848021.3848 -0.2845 -2.1555 4.2404 0.0428 0.8191 0.4615 0.3381
1341848021.4143 -0.2805 -2.1648 4.2509 0.0449 0.8231 0.4598 0.3303
1341848021.4557 -0.2701 -2.1699 4.2560 0.0483 0.8259 0.4600 0.3224
1341848021.4879 -0.2648 -2.1770 4.2627 0.0521 0.8291 0.4585 0.3157
1341848021.5147 -0.2579 -2.1852 4.2719 0.0545 0.8315 0.4585 0.3089
1341848021.5508 -0.2519 -2.1953 4.2802 0.0574 0.8326 0.4601 0.3032
1341848021.6178 -0.2396 -2.2087 4.2913 0.0536 0.8355 0.4595 0.2966
1341848021.6788 -0.2228 -2.2305 4.3037 0.0457 0.8385 0.4601 0.2884
1341848021.7107 -0.2180 -2.2442 4.3127 0.0460 0.8390 0.4614 0.2847
1341848021.7428 -0.2118 -2.2492 4.3176 0.0471 0.8390 0.4638 0.2805
1341848021.7787 -0.2080 -2.2549 4.3192 0.0482 0.8392 0.4653 0.2774
1341848021.8109 -0.2077 -2.2719 4.3245 0.0479 0.8387 0.4684 0.2736
1341848021.8446 -0.2125 -2.2893 4.3239 0.0479 0.8375 0.4720 0.2711
1341848021.8789 -0.2163 -2.2937 4.3266 0.0500 0.8383 0.4715 0.2692
1341848021.9106 -0.2089 -2.3177 4.3292 0.0488 0.8378 0.4747 0.2654
1341848021.9467 -0.2080 -2.3190 4.3318 0.0470 0.8387 0.4730 0.2659
1341848021.9787 -0.1967 -2.3230 4.3291 0.0454 0.8403 0.4719 0.2631
1341848022.0108 -0.1901 -2.3288 4.3318 0.0444 0.8414 0.4713 0.2607
1341848022.0467 -0.1847 -2.3317 4.3342 0.0452 0.8426 0.4709 0.2574
1341848022.0787 -0.1770 -2.3343 4.3348 0.0449 0.8438 0.4707 0.2540
1341848022.1110 -0.1615 -2.3344 4.3374 0.0431 0.8458 0.4703 0.2481
1341848022.1467 -0.1470 -2.3348 4.3364 0.0419 0.8475 0.4701 0.2430
1341848022.1790 -0.1398 -2.3438 4.3357 0.0415 0.8486 0.4698 0.2397
1341848022.2148 -0.1262 -2.3392 4.3366 0.0407 0.8511 0.4680 0.2343
1341848022.2468 -0.1447 -2.3514 4.3454 0.0475 0.8531 0.4646 0.2326
1341848022.2788 -0.1200 -2.3541 4.3342 0.0473 0.8537 0.4676 0.2243
1341848022.3148 -0.1062 -2.3516 4.3348 0.0522 0.8549 0.4684 0.2170
1341848022.3541 -0.1024 -2.3585 4.3300 0.0544 0.8561 0.4679 0.2127
1341848022.3872 -0.0890 -2.3621 4.3307 0.0543 0.8583 0.4675 0.2044
1341848022.4178 -0.0718 -2.3603 4.3316 0.0572 0.8606 0.4662 0.1966
1341848022.4542 -0.0680 -2.3671 4.3261 0.0580 0.8617 0.4651 0.1944
1341848022.4856 -0.0672 -2.3722 4.3236 0.0592 0.8630 0.4642 0.1906
1341848022.5217 -0.0566 -2.3758 4.3204 0.0616 0.8637 0.4648 0.1847
1341848022.5542 -0.0443 -2.3793 4.3187 0.0630 0.8651 0.4637 0.1804
1341848022.5861 -0.0412 -2.3873 4.3151 0.0609 0.8660 0.4634 0.1779
1341848022.6218 -0.0262 -2.3852 4.3138 0.0613 0.8680 0.4628 0.1693
1341848022.6542 -0.0190 -2.3887 4.3110 0.0634 0.8695 0.4611 0.1654
1341848022.6903 -0.0231 -2.3988 4.3098 0.0660 0.8690 0.4627 0.1623
1341848022.7217 -0.0150 -2.3989 4.3094 0.0640 0.8693 0.4646 0.1557
1341848022.7830 0.0050 -2.4010 4.3071 0.0645 0.8702 0.4667 0.1440
1341848022.8148 0.0123 -2.3996 4.3072 0.0621 0.8696 0.4706 0.1358
1341848022.8508 0.0355 -2.3842 4.3041 0.0593 0.8714 0.4701 0.1271
1341848022.8827 0.0341 -2.3878 4.3094 0.0590 0.8711 0.4718 0.1232
1341848022.9188 0.0423 -2.3784 4.3124 0.0519 0.8689 0.4791 0.1132
1341848022.9508 0.0600 -2.3657 4.2856 0.0469 0.8680 0.4831 0.1049
1341848022.9827 0.0625 -2.3783 4.2959 0.0399 0.8725 0.4769 0.0989
1341848023.0188 0.0713 -2.3794 4.3029 0.0352 0.8725 0.4795 0.0871
1341848023.0508 0.0958 -2.3710 4.2924 0.0354 0.8707 0.4848 0.0742
1341848023.0827 0.1056 -2.3721 4.2904 0.0394 0.8711 0.4850 0.0673
1341848023.1188 0.1087 -2.3708 4.2928 0.0409 0.8710 0.4859 0.0601
1341848023.1510 0.1298 -2.3644 4.2868 0.0382 0.8711 0.4872 0.0485
1341848023.1867 0.1377 -2.3701 4.2921 0.0398 0.8718 0.4865 0.0411
1341848023.2187 0.1428 -2.3711 4.2983 0.0430 0.8697 0.4905 0.0336
1341848023.2868 0.1643 -2.3652 4.2938 0.0414 0.8649 0.4999 0.0208
1341848023.3188 0.1708 -2.3632 4.2918 0.0350 0.8632 0.5033 0.0168
1341848023.3548 0.1851 -2.3607 4.2910 0.0295 0.8619 0.5062 0.0091
1341848023.3869 0.1969 -2.3592 4.2891 0.0273 0.8606 0.5085 0.0047
1341848023.4187 0.2032 -2.3586 4.2905 0.0280 0.8594 0.5106 0.0006
1341848023.4547 0.2129 -2.3558 4.2875 0.0289 0.8571 0.5142 -0.0057
1341848023.4871 0.2240 -2.3522 4.2829 0.0295 0.8559 0.5162 -0.0105
1341848023.5187 0.2285 -2.3507 4.2785 0.0289 0.8551 0.5175 -0.0140
1341848023.5551 0.2375 -2.3481 4.2741 0.0257 0.8550 0.5177 -0.0199
1341848023.5868 0.2504 -2.3441 4.2693 0.0245 0.8554 0.5168 -0.0250
1341848023.6228 0.2557 -2.3441 4.2657 0.0263 0.8556 0.5162 -0.0286
1341848023.6872 0.2699 -2.3417 4.2558 0.0259 0.8558 0.5151 -0.0394
1341848023.7227 0.2799 -2.3388 4.2513 0.0275 0.8564 0.5136 -0.0451
1341848023.7547 0.2837 -2.3371 4.2489 0.0287 0.8563 0.5134 -0.0482
1341848023.7869 0.2897 -2.3322 4.2392 0.0274 0.8557 0.5141 -0.0531
1341848023.8228 0.2976 -2.3300 4.2350 0.0256 0.8565 0.5123 -0.0582
1341848023.8548 0.3044 -2.3250 4.2286 0.0256 0.8559 0.5127 -0.0626
1341848023.8907 0.3110 -2.3208 4.2199 0.0254 0.8555 0.5128 -0.0676
1341848023.9228 0.3170 -2.3162 4.2098 0.0243 0.8556 0.5120 -0.0721
1341848023.9548 0.3230 -2.3146 4.2020 0.0245 0.8561 0.5104 -0.0777
1341848023.9907 0.3307 -2.3137 4.1982 0.0274 0.8555 0.5101 -0.0850
1341848024.0227 0.3393 -2.3089 4.1882 0.0321 0.8533 0.5122 -0.0921
1341848024.0547 0.3449 -2.3053 4.1775 0.0351 0.8524 0.5128 -0.0959
1341848024.1228 0.3535 -2.2996 4.1684 0.0413 0.8516 0.5119 -0.1051
1341848024.1588 0.3621 -2.2943 4.1565 0.0434 0.8500 0.5132 -0.1101
1341848024.1909 0.3630 -2.2921 4.1508 0.0454 0.8505 0.5119 -0.1121
1341848024.2228 0.3648 -2.2899 4.1504 0.0460 0.8496 0.5124 -0.1165
1341848024.2588 0.3741 -2.2838 4.1371 0.0456 0.8469 0.5152 -0.1235
1341848024.2908 0.3783 -2.2805 4.1348 0.0476 0.8469 0.5144 -0.1266
1341848024.3227 0.3798 -2.2796 4.1283 0.0466 0.8444 0.5178 -0.1294
1341848024.3587 0.3852 -2.2750 4.1178 0.0439 0.8425 0.5199 -0.1339
1341848024.3909 0.3899 -2.2713 4.1123 0.0422 0.8423 0.5194 -0.1379
1341848024.4268 0.3960 -2.2677 4.1094 0.0417 0.8413 0.5197 -0.1424
1341848024.4588 0.3996 -2.2631 4.1026 0.0418 0.8399 0.5212 -0.1457
1341848024.4910 0.4030 -2.2615 4.0999 0.0417 0.8389 0.5217 -0.1495
1341848024.5268 0.4095 -2.2558 4.0959 0.0402 0.8373 0.5232 -0.1539
1341848024.5586 0.4162 -2.2496 4.0899 0.0393 0.8361 0.5242 -0.1570
1341848024.5947 0.4212 -2.2487 4.0876 0.0392 0.8352 0.5247 -0.1600
1341848024.6267 0.4265 -2.2440 4.0835 0.0375 0.8332 0.5268 -0.1641
1341848024.6587 0.4351 -2.2381 4.0767 0.0363 0.8316 0.5277 -0.1691
1341848024.6948 0.4420 -2.2354 4.0777 0.0375 0.8311 0.5271 -0.1732
1341848024.7271 0.4492 -2.2305 4.0733 0.0378 0.8286 0.5297 -0.1772
1341848024.7589 0.4565 -2.2257 4.0641 0.0374 0.8269 0.5311 -0.1812
1341848024.7947 0.4634 -2.2256 4.0645 0.0368 0.8270 0.5297 -0.1848
1341848024.8267 0.4747 -2.2191 4.0599 0.0361 0.8257 0.5298 -0.1901
1341848024.8628 0.4846 -2.2166 4.0554 0.0385 0.8253 0.5288 -0.1943
1341848024.8948 0.4941 -2.2152 4.0547 0.0416 0.8252 0.5275 -0.1979
1341848024.9268 0.5039 -2.2126 4.0505 0.0434 0.8241 0.5272 -0.2026
1341848024.9627 0.5138 -2.2115 4.0497 0.0459 0.8243 0.5254 -0.2057
1341848024.9947 0.5225 -2.2127 4.0524 0.0492 0.8235 0.5252 -0.2085
1341848025.0269 0.5332 -2.2088 4.0463 0.0503 0.8208 0.5277 -0.2130
1341848025.0626 0.5411 -2.2084 4.0439 0.0496 0.8204 0.5274 -0.2154
1341848025.1311 0.5612 -2.2028 4.0404 0.0473 0.8178 0.5283 -0.2233
1341848025.1631 0.5724 -2.2004 4.0384 0.0492 0.8175 0.5269 -0.2270
1341848025.1949 0.5785 -2.2011 4.0400 0.0515 0.8166 0.5272 -0.2293
1341848025.2306 0.5882 -2.1992 4.0337 0.0518 0.8143 0.5287 -0.2341
1341848025.2627 0.5976 -2.1976 4.0314 0.0531 0.8142 0.5273 -0.2369
1341848025.2947 0.6047 -2.1978 4.0313 0.0542 0.8138 0.5272 -0.2385
1341848025.3307 0.6122 -2.1957 4.0259 0.0528 0.8124 0.5282 -0.2411
1341848025.3630 0.6211 -2.1944 4.0236 0.0519 0.8124 0.5273 -0.2434
1341848025.3988 0.6285 -2.1941 4.0228 0.0536 0.8118 0.5271 -0.2454
1341848025.4307 0.6332 -2.1924 4.0179 0.0539 0.8101 0.5288 -0.2474
1341848025.4628 0.6386 -2.1929 4.0138 0.0515 0.8095 0.5289 -0.2498
1341848025.4987 0.6463 -2.1924 4.0125 0.0496 0.8092 0.5283 -0.2521
1341848025.5308 0.6541 -2.1887 4.0090 0.0498 0.8080 0.5287 -0.2552
1341848025.5668 0.6586 -2.1882 4.0055 0.0497 0.8070 0.5291 -0.2574
1341848025.5987 0.6639 -2.1869 4.0036 0.0484 0.8065 0.5291 -0.2593
1341848025.6307 0.6715 -2.1845 4.0009 0.0481 0.8056 0.5292 -0.2620
1341848025.6667 0.6754 -2.1828 3.9980 0.0490 0.8046 0.5297 -0.2640
1341848025.6988 0.6806 -2.1828 3.9969 0.0487 0.8033 0.5301 -0.2670
1341848025.7307 0.6863 -2.1777 3.9916 0.0466 0.8017 0.5314 -0.2696
1341848025.7667 0.6915 -2.1741 3.9884 0.0460 0.8017 0.5303 -0.2719
1341848025.7989 0.6967 -2.1734 3.9873 0.0470 0.8014 0.5292 -0.2746
1341848025.8348 0.7022 -2.1700 3.9824 0.0483 0.8001 0.5296 -0.2776
1341848025.8667 0.7081 -2.1667 3.9787 0.0500 0.8000 0.5281 -0.2803
1341848025.8987 0.7134 -2.1650 3.9775 0.0521 0.7995 0.5274 -0.2828
1341848025.9348 0.7175 -2.1624 3.9725 0.0534 0.7980 0.5280 -0.2855
1341848025.9671 0.7243 -2.1597 3.9702 0.0542 0.7978 0.5267 -0.2885
1341848025.9987 0.7300 -2.1572 3.9688 0.0558 0.7964 0.5271 -0.2913
1341848026.0346 0.7350 -2.1527 3.9618 0.0571 0.7945 0.5279 -0.2947
1341848026.0669 0.7411 -2.1504 3.9589 0.0580 0.7944 0.5263 -0.2978
1341848026.1028 0.7485 -2.1490 3.9581 0.0596 0.7930 0.5258 -0.3018
1341848026.1347 0.7551 -2.1430 3.9507 0.0622 0.7908 0.5264 -0.3059
1341848026.1667 0.7617 -2.1419 3.9495 0.0658 0.7906 0.5249 -0.3085
1341848026.2028 0.7667 -2.1407 3.9488 0.0678 0.7888 0.5256 -0.3114
1341848026.2349 0.7738 -2.1364 3.9426 0.0690 0.7863 0.5266 -0.3157
1341848026.2670 0.7818 -2.1341 3.9426 0.0728 0.7854 0.5256 -0.3188
1341848026.3029 0.7853 -2.1313 3.9381 0.0759 0.7822 0.5283 -0.3214
1341848026.3348 0.7898 -2.1273 3.9329 0.0761 0.7807 0.5285 -0.3246
1341848026.3710 0.7972 -2.1252 3.9308 0.0762 0.7803 0.5272 -0.3276
1341848026.4027 0.8022 -2.1229 3.9277 0.0782 0.7792 0.5269 -0.3302
1341848026.4347 0.8067 -2.1200 3.9245 0.0809 0.7789 0.5252 -0.3330
1341848026.4708 0.8122 -2.1177 3.9214 0.0811 0.7788 0.5238 -0.3355
1341848026.5027 0.8177 -2.1169 3.9176 0.0813 0.7778 0.5231 -0.3389
1341848026.5347 0.8238 -2.1155 3.9129 0.0803 0.7772 0.5221 -0.3419
1341848026.5708 0.8289 -2.1129 3.9096 0.0798 0.7776 0.5206 -0.3433
1341848026.6027 0.8355 -2.1121 3.9076 0.0777 0.7777 0.5199 -0.3446
1341848026.6420 0.8414 -2.1103 3.9034 0.0776 0.7768 0.5199 -0.3467
1341848026.7028 0.8520 -2.1041 3.8974 0.0776 0.7776 0.5176 -0.3485
1341848026.7388 0.8600 -2.1029 3.8956 0.0767 0.7778 0.5169 -0.3493
1341848026.7708 0.8678 -2.1001 3.8935 0.0771 0.7774 0.5171 -0.3497
1341848026.8067 0.8758 -2.0982 3.8910 0.0777 0.7767 0.5178 -0.3501
1341848026.8387 0.8835 -2.0972 3.8882 0.0771 0.7764 0.5190 -0.3492
1341848026.8780 0.8924 -2.0958 3.8868 0.0759 0.7760 0.5196 -0.3493
1341848026.9389 0.9120 -2.0917 3.8809 0.0747 0.7755 0.5209 -0.3489
1341848026.9707 0.9228 -2.0922 3.8805 0.0747 0.7757 0.5213 -0.3479
1341848027.0068 0.9291 -2.0901 3.8794 0.0745 0.7755 0.5223 -0.3468
1341848027.0387 0.9406 -2.0886 3.8770 0.0751 0.7754 0.5213 -0.3483
1341848027.0748 0.9525 -2.0905 3.8782 0.0758 0.7754 0.5212 -0.3483
1341848027.1067 0.9610 -2.0895 3.8750 0.0768 0.7739 0.5221 -0.3502
1341848027.1387 0.9717 -2.0909 3.8720 0.0773 0.7744 0.5200 -0.3521
1341848027.1748 0.9842 -2.0921 3.8731 0.0761 0.7752 0.5183 -0.3530
1341848027.2072 0.9945 -2.0933 3.8722 0.0763 0.7747 0.5177 -0.3549
1341848027.2387 1.0055 -2.0945 3.8704 0.0769 0.7742 0.5164 -0.3577
1341848027.2747 1.0164 -2.0956 3.8705 0.0767 0.7746 0.5154 -0.3586
1341848027.3067 1.0272 -2.0969 3.8697 0.0769 0.7744 0.5143 -0.3603
1341848027.3428 1.0383 -2.0977 3.8678 0.0777 0.7746 0.5129 -0.3619
1341848027.3749 1.0490 -2.0990 3.8661 0.0785 0.7758 0.5107 -0.3622
1341848027.4068 1.0602 -2.1012 3.8663 0.0785 0.7773 0.5087 -0.3618
1341848027.4430 1.0705 -2.1018 3.8633 0.0788 0.7787 0.5067 -0.3615
1341848027.4748 1.0821 -2.1037 3.8635 0.0778 0.7814 0.5041 -0.3595
1341848027.5067 1.0936 -2.1045 3.8614 0.0772 0.7833 0.5024 -0.3579
1341848027.5433 1.1031 -2.1057 3.8592 0.0774 0.7853 0.5009 -0.3555
1341848027.5747 1.1123 -2.1077 3.8587 0.0770 0.7875 0.4993 -0.3531
1341848027.6107 1.1215 -2.1084 3.8578 0.0763 0.7888 0.4984 -0.3515
1341848027.6427 1.1306 -2.1086 3.8551 0.0760 0.7899 0.4977 -0.3502
1341848027.6747 1.1390 -2.1100 3.8554 0.0755 0.7910 0.4975 -0.3479
1341848027.7110 1.1465 -2.1095 3.8526 0.0758 0.7908 0.4981 -0.3476
1341848027.7428 1.1537 -2.1087 3.8477 0.0760 0.7910 0.4985 -0.3465
1341848027.7788 1.1608 -2.1089 3.8443 0.0749 0.7921 0.4986 -0.3441
1341848027.8107 1.1683 -2.1086 3.8426 0.0744 0.7930 0.4984 -0.3424
1341848027.8428 1.1767 -2.1074 3.8378 0.0733 0.7926 0.5002 -0.3409
1341848027.8787 1.1821 -2.1055 3.8333 0.0728 0.7930 0.5015 -0.3382
1341848027.9111 1.1888 -2.1043 3.8299 0.0716 0.7940 0.5017 -0.3357
1341848027.9427 1.1952 -2.1026 3.8266 0.0700 0.7939 0.5034 -0.3336
1341848027.9788 1.2012 -2.1005 3.8184 0.0684 0.7945 0.5043 -0.3314
1341848028.0110 1.2077 -2.0996 3.8156 0.0672 0.7963 0.5032 -0.3290
1341848028.0467 1.2141 -2.0985 3.8099 0.0659 0.7965 0.5036 -0.3282
1341848028.0790 1.2203 -2.0962 3.8032 0.0662 0.7975 0.5024 -0.3273
1341848028.1110 1.2273 -2.0951 3.7989 0.0672 0.7990 0.5008 -0.3259
1341848028.1506 1.2296 -2.0941 3.7939 0.0687 0.7995 0.5002 -0.3256
1341848028.1860 1.2349 -2.0927 3.7844 0.0685 0.8002 0.4988 -0.3260
1341848028.2542 1.2458 -2.0875 3.7767 0.0699 0.8012 0.4962 -0.3271
1341848028.3149 1.2553 -2.0835 3.7647 0.0700 0.8022 0.4936 -0.3287
1341848028.3790 1.2663 -2.0777 3.7499 0.0711 0.8016 0.4918 -0.3324
1341848028.4146 1.2710 -2.0754 3.7433 0.0720 0.8020 0.4903 -0.3334
1341848028.4476 1.2767 -2.0730 3.7356 0.0715 0.8017 0.4895 -0.3355
1341848028.4828 1.2846 -2.0698 3.7294 0.0719 0.8021 0.4875 -0.3373
1341848028.5147 1.2922 -2.0674 3.7251 0.0752 0.8020 0.4865 -0.3384
1341848028.5466 1.2987 -2.0646 3.7145 0.0763 0.8008 0.4878 -0.3389
1341848028.5827 1.3060 -2.0629 3.7091 0.0755 0.8015 0.4869 -0.3389
1341848028.6146 1.3147 -2.0596 3.7038 0.0759 0.8013 0.4871 -0.3389
1341848028.6538 1.3227 -2.0557 3.6949 0.0765 0.8008 0.4879 -0.3388
1341848028.7218 1.3371 -2.0513 3.6836 0.0774 0.8013 0.4872 -0.3384
1341848028.7829 1.3510 -2.0451 3.6679 0.0790 0.8013 0.4865 -0.3391
1341848028.8148 1.3581 -2.0431 3.6611 0.0786 0.8014 0.4865 -0.3390
1341848028.8508 1.3647 -2.0387 3.6548 0.0786 0.8021 0.4856 -0.3387
1341848028.8827 1.3724 -2.0369 3.6507 0.0800 0.8024 0.4851 -0.3382
1341848028.9148 1.3800 -2.0346 3.6442 0.0816 0.8015 0.4865 -0.3381
1341848028.9509 1.3862 -2.0314 3.6383 0.0826 0.8008 0.4876 -0.3378
1341848028.9827 1.3920 -2.0291 3.6310 0.0827 0.8003 0.4888 -0.3373
1341848029.0187 1.3975 -2.0278 3.6246 0.0810 0.8001 0.4897 -0.3368
1341848029.0829 1.4089 -2.0220 3.6144 0.0780 0.8003 0.4892 -0.3378
1341848029.1188 1.4148 -2.0192 3.6096 0.0787 0.7998 0.4894 -0.3385
1341848029.1507 1.4199 -2.0175 3.6037 0.0785 0.7986 0.4909 -0.3393
1341848029.1827 1.4255 -2.0146 3.5995 0.0771 0.7974 0.4924 -0.3402
1341848029.2187 1.4316 -2.0112 3.5946 0.0762 0.7966 0.4933 -0.3409
1341848029.2506 1.4375 -2.0093 3.5895 0.0744 0.7958 0.4946 -0.3413
1341848029.2870 1.4431 -2.0076 3.5856 0.0719 0.7952 0.4953 -0.3423
1341848029.3202 1.4505 -2.0048 3.5823 0.0703 0.7940 0.4958 -0.3448
1341848029.3510 1.4576 -2.0004 3.5758 0.0713 0.7934 0.4950 -0.3470
1341848029.3869 1.4650 -2.0001 3.5734 0.0713 0.7935 0.4940 -0.3481
1341848029.4188 1.4716 -1.9987 3.5696 0.0703 0.7922 0.4947 -0.3504
1341848029.4508 1.4798 -1.9956 3.5645 0.0703 0.7917 0.4934 -0.3534
1341848029.4868 1.4875 -1.9946 3.5611 0.0697 0.7912 0.4929 -0.3552
1341848029.5189 1.4956 -1.9936 3.5572 0.0683 0.7903 0.4923 -0.3583
1341848029.5547 1.5055 -1.9934 3.5530 0.0690 0.7898 0.4903 -0.3619
1341848029.5870 1.5156 -1.9937 3.5511 0.0703 0.7900 0.4883 -0.3640
1341848029.6187 1.5249 -1.9925 3.5485 0.0715 0.7888 0.4873 -0.3676
1341848029.6553 1.5339 -1.9911 3.5429 0.0723 0.7872 0.4866 -0.3719
1341848029.6868 1.5443 -1.9911 3.5402 0.0724 0.7869 0.4850 -0.3746
1341848029.7188 1.5535 -1.9907 3.5393 0.0726 0.7853 0.4848 -0.3781
1341848029.7548 1.5625 -1.9894 3.5343 0.0730 0.7833 0.4851 -0.3819
1341848029.7869 1.5726 -1.9893 3.5323 0.0735 0.7830 0.4833 -0.3847
1341848029.8228 1.5819 -1.9891 3.5304 0.0737 0.7813 0.4836 -0.3876
1341848029.8548 1.5906 -1.9874 3.5275 0.0740 0.7798 0.4833 -0.3910
1341848029.8880 1.6002 -1.9866 3.5256 0.0751 0.7786 0.4822 -0.3944
1341848029.9228 1.6090 -1.9856 3.5252 0.0760 0.7774 0.4820 -0.3969
1341848029.9546 1.6165 -1.9830 3.5225 0.0766 0.7755 0.4823 -0.4001
1341848029.9908 1.6256 -1.9822 3.5200 0.0765 0.7743 0.4817 -0.4032
1341848030.0229 1.6351 -1.9812 3.5185 0.0766 0.7728 0.4819 -0.4058
1341848030.0548 1.6421 -1.9787 3.5162 0.0768 0.7714 0.4822 -0.4080
1341848030.0908 1.6497 -1.9772 3.5129 0.0766 0.7701 0.4819 -0.4108
1341848030.1228 1.6574 -1.9755 3.5117 0.0758 0.7692 0.4817 -0.4131
1341848030.1549 1.6640 -1.9735 3.5079 0.0759 0.7672 0.4822 -0.4161
1341848030.1907 1.6697 -1.9717 3.5056 0.0758 0.7661 0.4821 -0.4184
1341848030.2227 1.6756 -1.9700 3.5031 0.0749 0.7642 0.4824 -0.4215
1341848030.2589 1.6815 -1.9686 3.5000 0.0740 0.7622 0.4826 -0.4251
1341848030.2909 1.6881 -1.9659 3.4968 0.0740 0.7600 0.4830 -0.4286
1341848030.3228 1.6936 -1.9641 3.4935 0.0737 0.7583 0.4835 -0.4311
1341848030.3589 1.6989 -1.9614 3.4898 0.0732 0.7552 0.4850 -0.4348
1341848030.3908 1.7045 -1.9591 3.4848 0.0728 0.7531 0.4851 -0.4385
1341848030.4228 1.7112 -1.9568 3.4829 0.0724 0.7513 0.4853 -0.4413
1341848030.4589 1.7156 -1.9529 3.4775 0.0726 0.7493 0.4854 -0.4446
1341848030.4908 1.7222 -1.9502 3.4758 0.0720 0.7484 0.4853 -0.4464
1341848030.5267 1.7265 -1.9463 3.4710 0.0718 0.7464 0.4860 -0.4489
1341848030.5658 1.7312 -1.9424 3.4662 0.0716 0.7450 0.4851 -0.4522
1341848030.6270 1.7425 -1.9370 3.4582 0.0729 0.7417 0.4836 -0.4590
1341848030.6589 1.7474 -1.9334 3.4515 0.0748 0.7405 0.4818 -0.4626
1341848030.6907 1.7536 -1.9314 3.4474 0.0760 0.7402 0.4796 -0.4651
1341848030.7268 1.7593 -1.9278 3.4425 0.0764 0.7390 0.4783 -0.4683
1341848030.7588 1.7637 -1.9244 3.4348 0.0771 0.7372 0.4765 -0.4727
1341848030.7947 1.7696 -1.9228 3.4301 0.0766 0.7363 0.4744 -0.4763
1341848030.8275 1.7758 -1.9205 3.4240 0.0767 0.7353 0.4723 -0.4800
1341848030.8598 1.7844 -1.9184 3.4195 0.0785 0.7346 0.4686 -0.4844
1341848030.8947 1.7918 -1.9166 3.4139 0.0830 0.7325 0.4662 -0.4890
1341848030.9267 1.7978 -1.9143 3.4050 0.0867 0.7311 0.4638 -0.4928
1341848030.9587 1.8031 -1.9125 3.3972 0.0870 0.7308 0.4608 -0.4960
1341848030.9947 1.8115 -1.9127 3.3918 0.0867 0.7295 0.4579 -0.5006
1341848031.0267 1.8196 -1.9104 3.3840 0.0884 0.7288 0.4554 -0.5036
1341848031.0628 1.8269 -1.9089 3.3773 0.0918 0.7291 0.4520 -0.5056
1341848031.0948 1.8360 -1.9081 3.3719 0.0946 0.7282 0.4494 -0.5088
1341848031.1268 1.8434 -1.9056 3.3622 0.0960 0.7274 0.4482 -0.5107
1341848031.1629 1.8514 -1.9027 3.3561 0.0979 0.7282 0.4459 -0.5111
1341848031.1947 1.8582 -1.9024 3.3512 0.0995 0.7279 0.4453 -0.5119
1341848031.2310 1.8639 -1.8995 3.3444 0.1006 0.7270 0.4452 -0.5129
1341848031.2627 1.8721 -1.8990 3.3377 0.1019 0.7266 0.4447 -0.5137
1341848031.2947 1.8787 -1.8977 3.3320 0.1051 0.7252 0.4452 -0.5146
1341848031.3308 1.8816 -1.8957 3.3241 0.1063 0.7239 0.4462 -0.5153
1341848031.3630 1.8861 -1.8956 3.3199 0.1057 0.7240 0.4454 -0.5160
1341848031.3948 1.8907 -1.8951 3.3154 0.1044 0.7234 0.4453 -0.5172
1341848031.4306 1.8954 -1.8934 3.3101 0.1036 0.7225 0.4447 -0.5192
1341848031.4722 1.8993 -1.8926 3.3063 0.1024 0.7223 0.4437 -0.5205
1341848031.5021 1.9046 -1.8921 3.3036 0.1004 0.7211 0.4443 -0.5221
1341848031.5629 1.9140 -1.8917 3.2969 0.0986 0.7188 0.4426 -0.5270
1341848031.5987 1.9180 -1.8904 3.2941 0.0985 0.7166 0.4425 -0.5301
1341848031.6308 1.9227 -1.8888 3.2888 0.0979 0.7150 0.4418 -0.5330
1341848031.6628 1.9285 -1.8893 3.2866 0.0970 0.7141 0.4407 -0.5352
1341848031.6988 1.9345 -1.8885 3.2829 0.0958 0.7123 0.4401 -0.5383
1341848031.7307 1.9385 -1.8885 3.2783 0.0946 0.7114 0.4388 -0.5408
1341848031.7667 1.9461 -1.8893 3.2765 0.0925 0.7112 0.4363 -0.5434
1341848031.7987 1.9540 -1.8889 3.2748 0.0922 0.7093 0.4349 -0.5470
1341848031.8308 1.9589 -1.8882 3.2711 0.0933 0.7073 0.4326 -0.5512
1341848031.8667 1.9655 -1.8894 3.2687 0.0934 0.7057 0.4302 -0.5551
1341848031.8987 1.9705 -1.8885 3.2650 0.0915 0.7038 0.4293 -0.5585
1341848031.9308 1.9794 -1.8909 3.2620 0.0917 0.7026 0.4265 -0.5622
1341848031.9667 1.9873 -1.8919 3.2608 0.0929 0.7016 0.4251 -0.5643
1341848031.9987 1.9933 -1.8926 3.2570 0.0917 0.6996 0.4248 -0.5672
1341848032.0347 2.0029 -1.8942 3.2544 0.0895 0.6988 0.4233 -0.5696
1341848032.0667 2.0128 -1.8936 3.2535 0.0894 0.6979 0.4220 -0.5717
1341848032.0987 2.0217 -1.8934 3.2500 0.0904 0.6970 0.4210 -0.5734
1341848032.1347 2.0296 -1.8939 3.2490 0.0899 0.6975 0.4205 -0.5732
1341848032.1670 2.0382 -1.8943 3.2492 0.0898 0.6967 0.4204 -0.5743
1341848032.2030 2.0461 -1.8949 3.2461 0.0906 0.6964 0.4197 -0.5751
1341848032.2347 2.0544 -1.8978 3.2470 0.0918 0.6967 0.4189 -0.5750
1341848032.2667 2.0594 -1.9002 3.2486 0.0937 0.6954 0.4197 -0.5758
1341848032.3028 2.0659 -1.8996 3.2438 0.0931 0.6948 0.4196 -0.5766
1341848032.3346 2.0748 -1.9019 3.2432 0.0929 0.6945 0.4189 -0.5776
1341848032.3667 2.0792 -1.8986 3.2409 0.0927 0.6928 0.4193 -0.5793
1341848032.4030 2.0842 -1.8963 3.2379 0.0913 0.6925 0.4176 -0.5811
1341848032.4347 2.0916 -1.8973 3.2369 0.0910 0.6924 0.4159 -0.5826
1341848032.4708 2.0969 -1.8963 3.2340 0.0904 0.6921 0.4155 -0.5833
1341848032.5030 2.1032 -1.8943 3.2288 0.0900 0.6918 0.4143 -0.5845
1341848032.5347 2.1093 -1.8961 3.2266 0.0904 0.6916 0.4131 -0.5855
1341848032.5709 2.1148 -1.8938 3.2233 0.0896 0.6914 0.4124 -0.5864
1341848032.6030 2.1192 -1.8915 3.2156 0.0886 0.6922 0.4110 -0.5866
1341848032.6347 2.1271 -1.8921 3.2106 0.0875 0.6933 0.4087 -0.5871
1341848032.6708 2.1334 -1.8925 3.2074 0.0857 0.6939 0.4071 -0.5877
1341848032.7028 2.1401 -1.8912 3.1984 0.0840 0.6943 0.4060 -0.5882
1341848032.7387 2.1479 -1.8921 3.1952 0.0849 0.6950 0.4045 -0.5883
1341848032.7707 2.1538 -1.8924 3.1924 0.0857 0.6949 0.4048 -0.5882
1341848032.8029 2.1562 -1.8885 3.1827 0.0848 0.6949 0.4047 -0.5884
1341848032.8388 2.1641 -1.8877 3.1777 0.0848 0.6962 0.4037 -0.5875
1341848032.8707 2.1668 -1.8785 3.1750 0.0850 0.6966 0.4026 -0.5877
1341848032.9027 2.1673 -1.8740 3.1662 0.0856 0.6961 0.4020 -0.5886
1341848032.9388 2.1720 -1.8715 3.1616 0.0850 0.6957 0.4021 -0.5891
1341848032.9708 2.1747 -1.8646 3.1559 0.0837 0.6947 0.4031 -0.5899
1341848033.0067 2.1751 -1.8609 3.1491 0.0834 0.6937 0.4028 -0.5913
1341848033.0392 2.1774 -1.8575 3.1423 0.0834 0.6932 0.4017 -0.5926
1341848033.0708 2.1767 -1.8527 3.1367 0.0822 0.6926 0.4010 -0.5939
1341848033.1069 2.1779 -1.8487 3.1298 0.0805 0.6913 0.3996 -0.5966
1341848033.1391 2.1816 -1.8473 3.1229 0.0805 0.6907 0.3972 -0.5989
1341848033.1707 2.1869 -1.8455 3.1192 0.0833 0.6897 0.3950 -0.6012
1341848033.2069 2.1872 -1.8417 3.1122 0.0859 0.6875 0.3945 -0.6036
1341848033.2387 2.1884 -1.8378 3.1062 0.0862 0.6858 0.3932 -0.6063
1341848033.2749 2.1938 -1.8358 3.1006 0.0853 0.6843 0.3931 -0.6082
1341848033.3067 2.1956 -1.8326 3.0947 0.0859 0.6821 0.3935 -0.6103
1341848033.3388 2.1989 -1.8308 3.0880 0.0869 0.6803 0.3922 -0.6130
1341848033.3748 2.2036 -1.8275 3.0829 0.0870 0.6784 0.3929 -0.6147
1341848033.4068 2.2034 -1.8231 3.0749 0.0865 0.6767 0.3937 -0.6161
1341848033.4431 2.2071 -1.8211 3.0691 0.0862 0.6764 0.3922 -0.6174
1341848033.4747 2.2112 -1.8186 3.0642 0.0868 0.6751 0.3919 -0.6190
1341848033.5068 2.2131 -1.8157 3.0576 0.0871 0.6738 0.3918 -0.6204
1341848033.5429 2.2141 -1.8140 3.0543 0.0873 0.6744 0.3906 -0.6204
1341848033.5748 2.2183 -1.8109 3.0484 0.0878 0.6730 0.3892 -0.6227
1341848033.6069 2.2202 -1.8091 3.0435 0.0894 0.6710 0.3884 -0.6252
1341848033.6429 2.2222 -1.8078 3.0375 0.0905 0.6706 0.3872 -0.6262
1341848033.6749 2.2256 -1.8068 3.0337 0.0910 0.6701 0.3864 -0.6272
1341848033.7108 2.2285 -1.8050 3.0268 0.0919 0.6683 0.3861 -0.6292
1341848033.7428 2.2286 -1.8042 3.0192 0.0931 0.6680 0.3846 -0.6302
1341848033.7748 2.2332 -1.8029 3.0165 0.0922 0.6687 0.3832 -0.6305
1341848033.8111 2.2355 -1.8007 3.0123 0.0918 0.6669 0.3829 -0.6326
1341848033.8428 2.2378 -1.7998 3.0071 0.0930 0.6658 0.3815 -0.6345
1341848033.8749 2.2421 -1.7987 3.0039 0.0940 0.6653 0.3804 -0.6355
1341848033.9112 2.2432 -1.7967 2.9994 0.0940 0.6628 0.3797 -0.6385
1341848033.9428 2.2436 -1.7955 2.9955 0.0915 0.6602 0.3782 -0.6425
1341848033.9789 2.2473 -1.7957 2.9916 0.0881 0.6583 0.3760 -0.6461
1341848034.0108 2.2503 -1.7962 2.9888 0.0846 0.6560 0.3737 -0.6503
1341848034.0427 2.2552 -1.7966 2.9857 -0.0822 -0.6523 -0.3710 0.6559
1341848034.0788 2.2596 -1.7968 2.9821 -0.0828 -0.6497 -0.3677 0.6602
1341848034.1108 2.2607 -1.7972 2.9797 -0.0833 -0.6488 -0.3640 0.6630
1341848034.1427 2.2642 -1.7982 2.9782 -0.0813 -0.6450 -0.3601 0.6691
1341848034.1788 2.2700 -1.7980 2.9748 -0.0781 -0.6419 -0.3578 0.6737
1341848034.2107 2.2761 -1.7997 2.9719 -0.0779 -0.6407 -0.3552 0.6762
1341848034.2467 2.2828 -1.7993 2.9690 -0.0795 -0.6375 -0.3521 0.6806
1341848034.2787 2.2854 -1.8000 2.9653 -0.0798 -0.6350 -0.3502 0.6839
1341848034.3181 2.2917 -1.8011 2.9624 -0.0785 -0.6340 -0.3475 0.6864
1341848034.3538 2.2992 -1.8001 2.9583 -0.0788 -0.6318 -0.3447 0.6898
1341848034.3862 2.3052 -1.7999 2.9532 -0.0802 -0.6304 -0.3421 0.6922
1341848034.4218 2.3113 -1.7995 2.9504 -0.0808 -0.6297 -0.3405 0.6936
1341848034.4538 2.3191 -1.7973 2.9456 -0.0807 -0.6278 -0.3396 0.6957
1341848034.4857 2.3261 -1.7967 2.9383 -0.0806 -0.6267 -0.3389 0.6970
1341848034.5217 2.3320 -1.7940 2.9338 -0.0794 -0.6272 -0.3389 0.6967
1341848034.5537 2.3401 -1.7906 2.9284 -0.0783 -0.6264 -0.3391 0.6975
1341848034.5858 2.3480 -1.7864 2.9214 -0.0788 -0.6259 -0.3395 0.6977
1341848034.6538 2.3632 -1.7796 2.9116 -0.0811 -0.6246 -0.3418 0.6975
1341848034.7152 2.3777 -1.7727 2.8990 -0.0821 -0.6223 -0.3425 0.6991
1341848034.7467 2.3849 -1.7689 2.8953 -0.0833 -0.6225 -0.3430 0.6986
1341848034.7828 2.3898 -1.7648 2.8905 -0.0849 -0.6212 -0.3436 0.6992
1341848034.8147 2.3967 -1.7608 2.8840 -0.0851 -0.6203 -0.3432 0.7001
1341848034.8469 2.4033 -1.7571 2.8805 -0.0844 -0.6206 -0.3447 0.6993
1341848034.8827 2.4072 -1.7536 2.8762 -0.0856 -0.6191 -0.3450 0.7003
1341848034.9148 2.4123 -1.7514 2.8724 -0.0861 -0.6178 -0.3454 0.7012
1341848034.9515 2.4160 -1.7477 2.8695 -0.0853 -0.6164 -0.3465 0.7019
1341848034.9830 2.4185 -1.7451 2.8658 -0.0855 -0.6144 -0.3468 0.7035
1341848035.0149 2.4225 -1.7424 2.8629 -0.0864 -0.6128 -0.3470 0.7046
1341848035.0509 2.4239 -1.7380 2.8584 -0.0873 -0.6115 -0.3470 0.7057
1341848035.0843 2.4273 -1.7357 2.8543 -0.0870 -0.6108 -0.3469 0.7064
1341848035.1189 2.4320 -1.7317 2.8507 -0.0864 -0.6093 -0.3476 0.7074
1341848035.2189 2.4393 -1.7214 2.8365 -0.0878 -0.6064 -0.3488 0.7092
1341848035.2843 2.4423 -1.7139 2.8230 -0.0877 -0.6054 -0.3480 0.7105
1341848035.3199 2.4452 -1.7116 2.8186 -0.0879 -0.6051 -0.3461 0.7116
1341848035.3510 2.4464 -1.7081 2.8105 -0.0881 -0.6046 -0.3448 0.7126
1341848035.4227 2.4517 -1.7048 2.7995 -0.0898 -0.6046 -0.3406 0.7144
1341848035.4868 2.4554 -1.6978 2.7837 -0.0905 -0.6042 -0.3362 0.7167
1341848035.5186 2.4590 -1.6947 2.7775 -0.0923 -0.6039 -0.3344 0.7176
1341848035.5509 2.4558 -1.6904 2.7701 -0.0951 -0.6029 -0.3313 0.7195
1341848035.5867 2.4587 -1.6887 2.7628 -0.0948 -0.6029 -0.3282 0.7210
1341848035.6188 2.4632 -1.6857 2.7572 -0.0943 -0.6017 -0.3265 0.7228
1341848035.6547 2.4631 -1.6816 2.7493 -0.0963 -0.5991 -0.3242 0.7257
1341848035.6867 2.4662 -1.6795 2.7427 -0.0989 -0.5976 -0.3216 0.7278
1341848035.7188 2.4687 -1.6749 2.7371 -0.1008 -0.5940 -0.3206 0.7309
1341848035.7560 2.4662 -1.6702 2.7292 -0.1023 -0.5913 -0.3193 0.7335
1341848035.7867 2.4690 -1.6686 2.7237 -0.1021 -0.5901 -0.3185 0.7348
1341848035.8188 2.4681 -1.6647 2.7194 -0.1025 -0.5872 -0.3184 0.7371
1341848035.8547 2.4675 -1.6629 2.7122 -0.1033 -0.5853 -0.3163 0.7394
1341848035.8867 2.4699 -1.6607 2.7059 -0.1045 -0.5849 -0.3137 0.7407
1341848035.9228 2.4704 -1.6578 2.6989 -0.1063 -0.5838 -0.3114 0.7422
1341848035.9546 2.4708 -1.6550 2.6903 -0.1072 -0.5836 -0.3088 0.7433
1341848035.9867 2.4751 -1.6528 2.6831 -0.1091 -0.5841 -0.3059 0.7438
1341848036.0228 2.4771 -1.6494 2.6777 -0.1126 -0.5836 -0.3043 0.7444
1341848036.0549 2.4758 -1.6444 2.6703 -0.1147 -0.5825 -0.3029 0.7455
1341848036.0870 2.4781 -1.6431 2.6648 -0.1147 -0.5818 -0.3023 0.7463
1341848036.1227 2.4805 -1.6399 2.6598 -0.1142 -0.5801 -0.3040 0.7470
1341848036.1548 2.4784 -1.6351 2.6517 -0.1152 -0.5778 -0.3043 0.7486
1341848036.1908 2.4782 -1.6328 2.6445 -0.1153 -0.5766 -0.3035 0.7497
1341848036.2233 2.4798 -1.6299 2.6373 -0.1145 -0.5752 -0.3041 0.7507
1341848036.2547 2.4787 -1.6263 2.6310 -0.1129 -0.5743 -0.3050 0.7513
1341848036.2908 2.4794 -1.6227 2.6256 -0.1100 -0.5725 -0.3057 0.7528
1341848036.3549 2.4815 -1.6148 2.6103 -0.1084 -0.5686 -0.3065 0.7556
1341848036.3908 2.4824 -1.6116 2.6048 -0.1088 -0.5683 -0.3052 0.7564
1341848036.4588 2.4836 -1.6035 2.5900 -0.1069 -0.5645 -0.3048 0.7596
1341848036.4912 2.4865 -1.6006 2.5820 -0.1057 -0.5648 -0.3046 0.7597
1341848036.5227 2.4869 -1.5959 2.5741 -0.1048 -0.5640 -0.3042 0.7605
1341848036.5589 2.4874 -1.5927 2.5664 -0.1034 -0.5634 -0.3031 0.7616
1341848036.5907 2.4891 -1.5868 2.5610 -0.1019 -0.5628 -0.3010 0.7630
1341848036.6268 2.4904 -1.5828 2.5526 -0.1021 -0.5611 -0.2979 0.7655
1341848036.6587 2.4914 -1.5797 2.5421 -0.1019 -0.5603 -0.2947 0.7674
1341848036.6912 2.4928 -1.5756 2.5321 -0.0993 -0.5597 -0.2921 0.7691
1341848036.7268 2.4978 -1.5727 2.5225 -0.0982 -0.5588 -0.2889 0.7712
1341848036.7589 2.4996 -1.5681 2.5108 -0.0982 -0.5573 -0.2858 0.7734
1341848036.7907 2.5037 -1.5656 2.4994 -0.0965 -0.5564 -0.2827 0.7753
1341848036.8270 2.5098 -1.5617 2.4896 -0.0946 -0.5545 -0.2813 0.7775
1341848036.8586 2.5121 -1.5583 2.4791 -0.0953 -0.5520 -0.2792 0.7799
1341848036.9268 2.5163 -1.5516 2.4579 -0.0963 -0.5488 -0.2737 0.7840
1341848036.9587 2.5196 -1.5477 2.4472 -0.0933 -0.5478 -0.2723 0.7856
1341848036.9948 2.5255 -1.5425 2.4357 -0.0919 -0.5460 -0.2698 0.7878
1341848037.0268 2.5265 -1.5396 2.4239 -0.0905 -0.5452 -0.2690 0.7888
1341848037.0610 2.5289 -1.5350 2.4138 -0.0869 -0.5454 -0.2680 0.7894
1341848037.0947 2.5333 -1.5314 2.4033 -0.0841 -0.5452 -0.2654 0.7907
1341848037.1267 2.5376 -1.5270 2.3921 -0.0829 -0.5456 -0.2634 0.7912
1341848037.1628 2.5351 -1.5245 2.3806 -0.0806 -0.5465 -0.2607 0.7918
1341848037.1947 2.5396 -1.5219 2.3670 -0.0735 -0.5507 -0.2580 0.7904
1341848037.2270 2.5487 -1.5170 2.3585 -0.0704 -0.5536 -0.2541 0.7899
1341848037.2637 2.5479 -1.5139 2.3449 -0.0690 -0.5558 -0.2506 0.7896
1341848037.2952 2.5530 -1.5090 2.3356 -0.0635 -0.5604 -0.2494 0.7872
1341848037.3269 2.5575 -1.5032 2.3289 -0.0620 -0.5609 -0.2494 0.7870
1341848037.3627 2.5552 -1.5004 2.3159 -0.0621 -0.5602 -0.2491 0.7875
1341848037.3951 2.5561 -1.4963 2.3066 -0.0584 -0.5617 -0.2496 0.7866
1341848037.4309 2.5577 -1.4923 2.2985 -0.0555 -0.5618 -0.2505 0.7864
1341848037.4628 2.5583 -1.4879 2.2861 -0.0545 -0.5613 -0.2506 0.7869
1341848037.5307 2.5594 -1.4769 2.2701 -0.0517 -0.5622 -0.2514 0.7861
1341848037.5630 2.5583 -1.4722 2.2599 -0.0512 -0.5606 -0.2530 0.7868
1341848037.5958 2.5573 -1.4682 2.2495 -0.0501 -0.5603 -0.2536 0.7869
1341848037.6308 2.5583 -1.4616 2.2429 -0.0493 -0.5591 -0.2544 0.7875
1341848037.6627 2.5545 -1.4572 2.2353 -0.0484 -0.5564 -0.2561 0.7890
1341848037.6987 2.5522 -1.4520 2.2258 -0.0464 -0.5548 -0.2569 0.7900
1341848037.7310 2.5510 -1.4472 2.2193 -0.0456 -0.5530 -0.2564 0.7915
1341848037.7698 2.5489 -1.4418 2.2104 -0.0460 -0.5504 -0.2559 0.7934
1341848037.8378 2.5445 -1.4319 2.1958 -0.0444 -0.5477 -0.2528 0.7963
1341848037.8989 2.5399 -1.4197 2.1803 -0.0515 -0.5413 -0.2507 0.8010
1341848037.9309 2.5378 -1.4133 2.1740 -0.0530 -0.5373 -0.2502 0.8037
1341848037.9669 2.5364 -1.4065 2.1651 -0.0553 -0.5331 -0.2507 0.8062
1341848037.9986 2.5331 -1.4016 2.1566 -0.0577 -0.5304 -0.2506 0.8078
1341848038.0309 2.5334 -1.3961 2.1488 -0.0582 -0.5276 -0.2510 0.8095
1341848038.0668 2.5330 -1.3904 2.1424 -0.0603 -0.5235 -0.2517 0.8117
1341848038.0987 2.5294 -1.3856 2.1349 -0.0634 -0.5195 -0.2514 0.8142
1341848038.1347 2.5263 -1.3811 2.1267 -0.0646 -0.5168 -0.2518 0.8157
1341848038.1667 2.5247 -1.3750 2.1207 -0.0642 -0.5140 -0.2530 0.8171
1341848038.1987 2.5219 -1.3695 2.1135 -0.0654 -0.5107 -0.2526 0.8192
1341848038.2347 2.5171 -1.3646 2.1062 -0.0666 -0.5093 -0.2509 0.8205
1341848038.2741 2.5168 -1.3605 2.0987 -0.0654 -0.5076 -0.2509 0.8216
1341848038.3065 2.5144 -1.3558 2.0899 -0.0651 -0.5051 -0.2518 0.8230
1341848038.3419 2.5092 -1.3516 2.0845 -0.0652 -0.5036 -0.2512 0.8240
1341848038.3741 2.5076 -1.3495 2.0766 -0.0635 -0.5015 -0.2519 0.8252
1341848038.4098 2.5049 -1.3445 2.0679 -0.0616 -0.4995 -0.2531 0.8262
1341848038.4418 2.5032 -1.3419 2.0608 -0.0614 -0.4994 -0.2514 0.8268
1341848038.4739 2.5025 -1.3387 2.0522 -0.0617 -0.4977 -0.2509 0.8280
1341848038.5102 2.4961 -1.3344 2.0457 -0.0607 -0.4960 -0.2510 0.8291
1341848038.5669 2.4951 -1.3295 2.0279 -0.0543 -0.4951 -0.2483 0.8308
1341848038.6030 2.4928 -1.3245 2.0185 -0.0527 -0.4943 -0.2487 0.8313
1341848038.6347 2.4929 -1.3198 2.0091 -0.0511 -0.4952 -0.2477 0.8312
1341848038.6707 2.4957 -1.3158 1.9990 -0.0506 -0.4946 -0.2481 0.8314
1341848038.7029 2.4909 -1.3103 1.9912 -0.0506 -0.4941 -0.2484 0.8316
1341848038.7348 2.4916 -1.3078 1.9821 -0.0480 -0.4944 -0.2484 0.8316
1341848038.7707 2.4949 -1.3017 1.9705 -0.0462 -0.4927 -0.2483 0.8327
1341848038.8028 2.4948 -1.2961 1.9592 -0.0477 -0.4922 -0.2473 0.8332
1341848038.8388 2.4915 -1.2932 1.9543 -0.0487 -0.4926 -0.2452 0.8336
1341848038.8711 2.4964 -1.2893 1.9465 -0.0466 -0.4906 -0.2447 0.8350
1341848038.9028 2.4985 -1.2835 1.9338 -0.0477 -0.4875 -0.2436 0.8371
1341848038.9388 2.4988 -1.2787 1.9251 -0.0496 -0.4871 -0.2401 0.8383
1341848038.9708 2.5041 -1.2743 1.9182 -0.0500 -0.4847 -0.2389 0.8400
1341848039.0026 2.5043 -1.2671 1.9096 -0.0509 -0.4801 -0.2395 0.8423
1341848039.0389 2.5024 -1.2631 1.9016 -0.0507 -0.4780 -0.2368 0.8443
1341848039.0708 2.5096 -1.2574 1.8901 -0.0499 -0.4758 -0.2349 0.8461
1341848039.1068 2.5087 -1.2519 1.8826 -0.0510 -0.4741 -0.2340 0.8473
1341848039.1387 2.5112 -1.2482 1.8741 -0.0508 -0.4732 -0.2312 0.8485
1341848039.1707 2.5165 -1.2435 1.8641 -0.0511 -0.4707 -0.2305 0.8501
1341848039.2068 2.5149 -1.2401 1.8582 -0.0520 -0.4694 -0.2295 0.8511
1341848039.2389 2.5181 -1.2364 1.8493 -0.0504 -0.4690 -0.2277 0.8518
1341848039.2710 2.5239 -1.2322 1.8400 -0.0497 -0.4672 -0.2275 0.8529
1341848039.3067 2.5236 -1.2270 1.8332 -0.0509 -0.4658 -0.2264 0.8539
1341848039.3389 2.5255 -1.2244 1.8257 -0.0510 -0.4653 -0.2248 0.8546
1341848039.3748 2.5294 -1.2203 1.8195 -0.0504 -0.4645 -0.2254 0.8550
1341848039.4069 2.5296 -1.2165 1.8132 -0.0505 -0.4624 -0.2259 0.8559
1341848039.4389 2.5311 -1.2113 1.8056 -0.0504 -0.4610 -0.2258 0.8567
1341848039.4749 2.5319 -1.2074 1.8003 -0.0510 -0.4594 -0.2266 0.8573
1341848039.5071 2.5282 -1.2039 1.7946 -0.0509 -0.4570 -0.2275 0.8584
1341848039.5387 2.5280 -1.2012 1.7874 -0.0494 -0.4552 -0.2278 0.8593
1341848039.5749 2.5268 -1.1952 1.7775 -0.0487 -0.4540 -0.2281 0.8599
1341848039.6067 2.5254 -1.1921 1.7731 -0.0486 -0.4540 -0.2280 0.8599
1341848039.6427 2.5232 -1.1882 1.7676 -0.0468 -0.4516 -0.2289 0.8611
1341848039.6748 2.5206 -1.1835 1.7590 -0.0445 -0.4504 -0.2295 0.8617
1341848039.7072 2.5206 -1.1796 1.7516 -0.0445 -0.4506 -0.2292 0.8617
1341848039.7429 2.5182 -1.1744 1.7475 -0.0441 -0.4491 -0.2297 0.8623
1341848039.7753 2.5135 -1.1712 1.7416 -0.0426 -0.4467 -0.2309 0.8633
1341848039.8069 2.5109 -1.1663 1.7336 -0.0400 -0.4458 -0.2310 0.8639
1341848039.8433 2.5099 -1.1608 1.7275 -0.0392 -0.4441 -0.2308 0.8649
1341848039.8818 2.5039 -1.1584 1.7227 -0.0393 -0.4422 -0.2305 0.8659
1341848039.9434 2.5012 -1.1485 1.7068 -0.0385 -0.4394 -0.2265 0.8684
1341848039.9748 2.4951 -1.1440 1.7015 -0.0411 -0.4382 -0.2246 0.8694
1341848040.0107 2.4888 -1.1406 1.6951 -0.0411 -0.4377 -0.2223 0.8702
1341848040.0428 2.4890 -1.1316 1.6864 -0.0409 -0.4357 -0.2211 0.8716
1341848040.0787 2.4840 -1.1276 1.6806 -0.0443 -0.4333 -0.2196 0.8730
1341848040.1108 2.4789 -1.1213 1.6746 -0.0468 -0.4303 -0.2181 0.8747
1341848040.1427 2.4748 -1.1170 1.6680 -0.0480 -0.4263 -0.2178 0.8766
1341848040.1788 2.4724 -1.1110 1.6575 -0.0490 -0.4231 -0.2184 0.8780
1341848040.2110 2.4695 -1.1079 1.6530 -0.0529 -0.4209 -0.2172 0.8791
1341848040.2427 2.4649 -1.1035 1.6467 -0.0556 -0.4173 -0.2164 0.8808
1341848040.2789 2.4566 -1.1015 1.6422 -0.0566 -0.4140 -0.2160 0.8825
1341848040.3107 2.4540 -1.0976 1.6342 -0.0557 -0.4124 -0.2131 0.8839
1341848040.3469 2.4535 -1.0935 1.6237 -0.0581 -0.4099 -0.2105 0.8856
1341848040.3788 2.4449 -1.0919 1.6237 -0.0613 -0.4084 -0.2082 0.8867
1341848040.4109 2.4386 -1.0933 1.6186 -0.0605 -0.4070 -0.2052 0.8880
1341848040.4467 2.4387 -1.0875 1.6079 -0.0593 -0.4057 -0.2015 0.8895
1341848040.4787 2.4347 -1.0863 1.6017 -0.0605 -0.4049 -0.1982 0.8905
1341848040.5178 2.4296 -1.0861 1.5970 -0.0596 -0.4045 -0.1964 0.8912
1341848040.5789 2.4266 -1.0790 1.5758 -0.0570 -0.4020 -0.1950 0.8928
1341848040.6149 2.4195 -1.0790 1.5713 -0.0584 -0.4007 -0.1936 0.8936
1341848040.6468 2.4183 -1.0776 1.5664 -0.0564 -0.3993 -0.1935 0.8944
1341848040.6790 2.4120 -1.0788 1.5660 -0.0558 -0.3957 -0.1926 0.8962
1341848040.7147 2.4100 -1.0820 1.5662 -0.0527 -0.3915 -0.1909 0.8986
1341848040.7468 2.4044 -1.0794 1.5565 -0.0478 -0.3838 -0.1892 0.9025
1341848040.7788 2.4042 -1.0740 1.5478 -0.0428 -0.3790 -0.1878 0.9051
1341848040.8147 2.4018 -1.0712 1.5418 -0.0414 -0.3724 -0.1865 0.9082
1341848040.8469 2.3948 -1.0704 1.5342 -0.0407 -0.3674 -0.1850 0.9106
1341848040.8828 2.3938 -1.0686 1.5304 -0.0378 -0.3637 -0.1838 0.9124
1341848040.9147 2.3912 -1.0633 1.5230 -0.0367 -0.3583 -0.1817 0.9150
1341848040.9469 2.3853 -1.0623 1.5210 -0.0375 -0.3554 -0.1785 0.9167
1341848040.9845 2.3853 -1.0581 1.5123 -0.0364 -0.3501 -0.1762 0.9193
1341848041.0226 2.3798 -1.0518 1.5048 -0.0390 -0.3456 -0.1724 0.9216
1341848041.0589 2.3746 -1.0501 1.5053 -0.0413 -0.3446 -0.1673 0.9228
1341848041.0943 2.3770 -1.0467 1.4992 -0.0421 -0.3397 -0.1648 0.9250
1341848041.1222 2.3739 -1.0366 1.4960 -0.0449 -0.3345 -0.1620 0.9273
1341848041.1900 2.3693 -1.0324 1.4860 -0.0526 -0.3278 -0.1528 0.9308
1341848041.2507 2.3622 -1.0252 1.4774 -0.0570 -0.3224 -0.1490 0.9331
1341848041.2831 2.3584 -1.0180 1.4715 -0.0597 -0.3187 -0.1482 0.9343
1341848041.3193 2.3491 -1.0192 1.4722 -0.0635 -0.3167 -0.1466 0.9350
1341848041.3555 2.3473 -1.0140 1.4665 -0.0615 -0.3142 -0.1454 0.9362
1341848041.3849 2.3428 -1.0095 1.4640 -0.0615 -0.3108 -0.1468 0.9371
1341848041.4188 2.3337 -1.0072 1.4645 -0.0622 -0.3068 -0.1440 0.9388
1341848041.4508 2.3364 -1.0049 1.4544 -0.0630 -0.3034 -0.1427 0.9400
1341848041.4828 2.3289 -0.9999 1.4574 -0.0655 -0.3006 -0.1441 0.9405
1341848041.5188 2.3171 -0.9966 1.4581 -0.0674 -0.2955 -0.1423 0.9423
1341848041.5507 2.3141 -0.9954 1.4532 -0.0665 -0.2904 -0.1431 0.9438
1341848041.5868 2.3049 -0.9908 1.4519 -0.0664 -0.2863 -0.1438 0.9450
1341848041.6187 2.2965 -0.9892 1.4512 -0.0663 -0.2833 -0.1428 0.9460
1341848041.6510 2.2899 -0.9860 1.4462 -0.0659 -0.2804 -0.1423 0.9470
1341848041.6868 2.2763 -0.9862 1.4475 -0.0665 -0.2785 -0.1412 0.9477
1341848041.7188 2.2716 -0.9808 1.4423 -0.0648 -0.2764 -0.1384 0.9488
1341848041.7508 2.2598 -0.9802 1.4395 -0.0662 -0.2742 -0.1352 0.9498
1341848041.7867 2.2484 -0.9763 1.4379 -0.0654 -0.2730 -0.1316 0.9507
1341848041.8187 2.2391 -0.9747 1.4317 -0.0656 -0.2725 -0.1277 0.9514
1341848041.8547 2.2320 -0.9700 1.4257 -0.0650 -0.2724 -0.1250 0.9518
1341848041.8867 2.2177 -0.9683 1.4257 -0.0663 -0.2703 -0.1221 0.9527
1341848041.9187 2.2031 -0.9712 1.4262 -0.0658 -0.2692 -0.1188 0.9535
1341848041.9950 2.1890 -0.9633 1.4107 -0.0656 -0.2652 -0.1122 0.9554
1341848042.0189 2.1741 -0.9670 1.4193 -0.0682 -0.2644 -0.1076 0.9560
1341848042.0546 2.1682 -0.9624 1.4046 -0.0643 -0.2612 -0.1061 0.9573
1341848042.0895 2.1581 -0.9610 1.3976 -0.0663 -0.2576 -0.1047 0.9583
1341848042.1229 2.1423 -0.9606 1.4005 -0.0685 -0.2555 -0.1002 0.9592
1341848042.1548 2.1388 -0.9575 1.3907 -0.0659 -0.2532 -0.0994 0.9600
1341848042.1867 2.1294 -0.9510 1.3877 -0.0643 -0.2494 -0.1002 0.9611
1341848042.2229 2.1196 -0.9521 1.3816 -0.0663 -0.2455 -0.0970 0.9622
1341848042.2548 2.1171 -0.9523 1.3832 -0.0656 -0.2447 -0.0977 0.9624
1341848042.2907 2.1107 -0.9498 1.3835 -0.0655 -0.2407 -0.0997 0.9632
1341848042.3228 2.0978 -0.9542 1.3777 -0.0682 -0.2359 -0.0978 0.9644
1341848042.3550 2.0956 -0.9561 1.3713 -0.0710 -0.2343 -0.0941 0.9650
1341848042.3907 2.0830 -0.9566 1.3651 -0.0743 -0.2295 -0.0942 0.9659
1341848042.4297 2.0717 -0.9608 1.3630 -0.0769 -0.2248 -0.0925 0.9669
1341848042.4909 2.0581 -0.9449 1.3565 -0.0768 -0.2170 -0.0871 0.9692
1341848042.5227 2.0388 -0.9471 1.3581 -0.0797 -0.2104 -0.0866 0.9705
1341848042.5587 2.0365 -0.9385 1.3579 -0.0772 -0.2076 -0.0820 0.9717
1341848042.5908 2.0252 -0.9273 1.3635 -0.0769 -0.2035 -0.0786 0.9729
1341848042.6227 2.0064 -0.9323 1.3671 -0.0797 -0.1980 -0.0756 0.9740
1341848042.6587 2.0024 -0.9228 1.3601 -0.0740 -0.1949 -0.0727 0.9753
1341848042.6978 1.9963 -0.9218 1.3584 -0.0745 -0.1906 -0.0706 0.9763
1341848042.7298 1.9881 -0.9263 1.3541 -0.0772 -0.1862 -0.0652 0.9773
1341848042.7616 1.9879 -0.9195 1.3486 -0.0763 -0.1837 -0.0606 0.9781
1341848042.7980 1.9801 -0.9179 1.3461 -0.0777 -0.1782 -0.0592 0.9791
1341848042.8297 1.9730 -0.9121 1.3502 -0.0777 -0.1731 -0.0568 0.9802
1341848042.8617 1.9690 -0.9103 1.3446 -0.0787 -0.1676 -0.0536 0.9812
1341848042.8978 1.9614 -0.9072 1.3400 -0.0797 -0.1625 -0.0520 0.9821
1341848042.9299 1.9480 -0.9036 1.3481 -0.0794 -0.1591 -0.0509 0.9828
1341848042.9657 1.9486 -0.9025 1.3436 -0.0775 -0.1564 -0.0487 0.9834
1341848042.9980 1.9405 -0.8973 1.3392 -0.0772 -0.1526 -0.0450 0.9842
1341848043.0303 1.9372 -0.8994 1.3369 -0.0797 -0.1506 -0.0418 0.9845
1341848043.0657 1.9299 -0.8946 1.3336 -0.0796 -0.1464 -0.0400 0.9852
1341848043.0979 1.9195 -0.8913 1.3305 -0.0804 -0.1417 -0.0389 0.9859
1341848043.1340 1.9082 -0.8909 1.3303 -0.0810 -0.1380 -0.0380 0.9864
1341848043.1658 1.9070 -0.8891 1.3274 -0.0813 -0.1365 -0.0373 0.9866
1341848043.2019 1.9003 -0.8884 1.3299 -0.0818 -0.1351 -0.0375 0.9867
1341848043.2339 1.8864 -0.8882 1.3294 -0.0805 -0.1312 -0.0368 0.9874
1341848043.2657 1.8875 -0.8932 1.3239 -0.0817 -0.1297 -0.0352 0.9876
1341848043.3018 1.8776 -0.8911 1.3262 -0.0815 -0.1270 -0.0343 0.9880
1341848043.3340 1.8662 -0.8834 1.3363 -0.0787 -0.1247 -0.0302 0.9886
1341848043.3698 1.8648 -0.8880 1.3288 -0.0794 -0.1230 -0.0296 0.9888
1341848043.4017 1.8561 -0.8939 1.3285 -0.0812 -0.1223 -0.0294 0.9887
1341848043.4339 1.8512 -0.8961 1.3239 -0.0812 -0.1214 -0.0290 0.9889
1341848043.4696 1.8476 -0.8948 1.3203 -0.0812 -0.1193 -0.0276 0.9891
1341848043.5017 1.8295 -0.9022 1.3150 -0.0846 -0.1137 -0.0230 0.9896
1341848043.5378 1.8197 -0.8916 1.3127 -0.0799 -0.1137 -0.0205 0.9901
1341848043.5697 1.8197 -0.9021 1.3043 -0.0834 -0.1124 -0.0189 0.9900
1341848043.6018 1.8087 -0.9006 1.2955 -0.0845 -0.1095 -0.0169 0.9902
1341848043.6378 1.8008 -0.8873 1.2930 -0.0824 -0.1088 -0.0146 0.9905
1341848043.6701 1.7834 -0.8808 1.2977 -0.0811 -0.1054 -0.0142 0.9910
1341848043.7020 1.7734 -0.8813 1.3011 -0.0822 -0.1041 -0.0124 0.9911
1341848043.7378 1.7656 -0.8906 1.2929 -0.0853 -0.1023 -0.0119 0.9910
1341848043.7698 1.7553 -0.8879 1.3023 -0.0875 -0.1006 -0.0097 0.9910
1341848043.8058 1.7469 -0.8832 1.3048 -0.0874 -0.0993 -0.0076 0.9912
1341848043.8379 1.7417 -0.8875 1.3093 -0.0865 -0.0996 -0.0069 0.9912
1341848043.8697 1.7368 -0.8958 1.3069 -0.0879 -0.0979 -0.0060 0.9913
1341848043.9057 1.7106 -0.8955 1.3004 -0.0889 -0.0908 -0.0067 0.9919
1341848043.9380 1.6985 -0.8907 1.3007 -0.0859 -0.0900 -0.0068 0.9922
1341848043.9698 1.6997 -0.8947 1.3069 -0.0872 -0.0907 -0.0082 0.9920
1341848044.0059 1.6852 -0.8882 1.3092 -0.0863 -0.0874 -0.0090 0.9924
1341848044.0377 1.6732 -0.8908 1.3155 -0.0859 -0.0871 -0.0079 0.9925
1341848044.0738 1.6721 -0.8879 1.3089 -0.0832 -0.0875 -0.0081 0.9927
1341848044.1058 1.6579 -0.8869 1.3131 -0.0863 -0.0856 -0.0072 0.9926
1341848044.1377 1.6479 -0.8895 1.3195 -0.0868 -0.0864 -0.0056 0.9925
1341848044.1738 1.6447 -0.8885 1.3164 -0.0862 -0.0858 -0.0060 0.9926
1341848044.2057 1.6328 -0.8908 1.3204 -0.0877 -0.0819 -0.0065 0.9928
1341848044.2378 1.6228 -0.8895 1.3228 -0.0870 -0.0801 -0.0048 0.9930
1341848044.2738 1.6198 -0.8884 1.3217 -0.0870 -0.0795 -0.0040 0.9930
1341848044.3057 1.6099 -0.8897 1.3255 -0.0888 -0.0765 -0.0035 0.9931
1341848044.3378 1.6007 -0.8893 1.3290 -0.0884 -0.0743 -0.0029 0.9933
1341848044.3737 1.5949 -0.8874 1.3290 -0.0881 -0.0724 -0.0005 0.9935
1341848044.4059 1.5919 -0.8878 1.3320 -0.0898 -0.0708 0.0015 0.9934
1341848044.4417 1.5834 -0.8888 1.3368 -0.0910 -0.0666 0.0048 0.9936
1341848044.4737 1.5787 -0.8872 1.3398 -0.0908 -0.0635 0.0081 0.9938
1341848044.5057 1.5736 -0.8869 1.3429 -0.0915 -0.0589 0.0115 0.9940
1341848044.5419 1.5653 -0.8885 1.3468 -0.0926 -0.0529 0.0149 0.9942
1341848044.5738 1.5568 -0.8878 1.3512 -0.0923 -0.0477 0.0186 0.9944
1341848044.6058 1.5516 -0.8877 1.3535 -0.0921 -0.0435 0.0226 0.9945
1341848044.6417 1.5435 -0.8869 1.3546 -0.0931 -0.0378 0.0278 0.9945
1341848044.7060 1.5262 -0.8866 1.3623 -0.0924 -0.0297 0.0360 0.9946
1341848044.7710 1.5121 -0.8864 1.3675 -0.0901 -0.0226 0.0436 0.9947
1341848044.8028 1.5071 -0.8826 1.3642 -0.0877 -0.0206 0.0449 0.9949
1341848044.8349 1.4969 -0.8851 1.3685 -0.0895 -0.0163 0.0467 0.9948
1341848044.8707 1.4879 -0.8866 1.3726 -0.0880 -0.0140 0.0514 0.9947
1341848044.9027 1.4799 -0.8842 1.3692 -0.0854 -0.0131 0.0545 0.9948
1341848044.9708 1.4620 -0.8843 1.3705 -0.0859 -0.0105 0.0612 0.9944
1341848045.0026 1.4561 -0.8818 1.3669 -0.0859 -0.0115 0.0631 0.9942
1341848045.0387 1.4490 -0.8790 1.3686 -0.0886 -0.0110 0.0641 0.9939
1341848045.0708 1.4414 -0.8797 1.3762 -0.0908 -0.0104 0.0637 0.9938
1341848045.1028 1.4369 -0.8772 1.3765 -0.0902 -0.0090 0.0637 0.9938
1341848045.1388 1.4255 -0.8806 1.3782 -0.0939 -0.0047 0.0633 0.9936
1341848045.1708 1.4146 -0.8801 1.3880 -0.0942 -0.0034 0.0642 0.9935
1341848045.2027 1.4102 -0.8794 1.3873 -0.0927 -0.0032 0.0637 0.9936
1341848045.2389 1.4008 -0.8829 1.3919 -0.0943 -0.0003 0.0613 0.9936
1341848045.2708 1.3953 -0.8830 1.3995 -0.0935 -0.0009 0.0628 0.9936
1341848045.3068 1.3849 -0.8804 1.3961 -0.0924 0.0010 0.0629 0.9937
1341848045.3387 1.3787 -0.8826 1.4038 -0.0945 0.0015 0.0607 0.9937
1341848045.3708 1.3672 -0.8855 1.4111 -0.0943 0.0040 0.0601 0.9937
1341848045.4067 1.3591 -0.8825 1.4113 -0.0930 0.0035 0.0605 0.9938
1341848045.4387 1.3492 -0.8866 1.4157 -0.0972 0.0030 0.0596 0.9935
1341848045.4747 1.3412 -0.8873 1.4257 -0.0982 0.0011 0.0586 0.9934
1341848045.5389 1.3267 -0.8932 1.4390 -0.0986 0.0007 0.0560 0.9935
1341848045.6069 1.3132 -0.8933 1.4480 -0.0974 -0.0037 0.0564 0.9936
1341848045.6459 1.3070 -0.8945 1.4533 -0.0988 -0.0054 0.0556 0.9935
1341848045.7070 1.2909 -0.8956 1.4712 -0.0987 -0.0092 0.0530 0.9937
1341848045.7431 1.2867 -0.8940 1.4723 -0.0981 -0.0119 0.0518 0.9938
1341848045.7748 1.2762 -0.8978 1.4799 -0.1014 -0.0117 0.0498 0.9935
1341848045.8076 1.2698 -0.8975 1.4935 -0.1008 -0.0159 0.0494 0.9936
1341848045.8429 1.2651 -0.8959 1.4938 -0.0982 -0.0193 0.0471 0.9939
1341848045.8748 1.2584 -0.8977 1.4957 -0.1012 -0.0199 0.0450 0.9937
1341848045.9068 1.2479 -0.8992 1.5104 -0.1038 -0.0213 0.0445 0.9934
1341848045.9428 1.2430 -0.8974 1.5185 -0.1007 -0.0284 0.0444 0.9935
1341848045.9748 1.2393 -0.8955 1.5208 -0.0994 -0.0331 0.0399 0.9937
1341848046.0108 1.2309 -0.8955 1.5272 -0.1004 -0.0353 0.0374 0.9936
1341848046.0428 1.2242 -0.8944 1.5322 -0.0990 -0.0409 0.0361 0.9936
1341848046.0747 1.2202 -0.8914 1.5327 -0.0978 -0.0472 0.0324 0.9936
1341848046.1108 1.2151 -0.8909 1.5382 -0.1006 -0.0496 0.0285 0.9933
1341848046.1428 1.2076 -0.8924 1.5459 -0.1014 -0.0518 0.0263 0.9931
1341848046.1818 1.2045 -0.8891 1.5440 -0.0982 -0.0564 0.0216 0.9933
1341848046.2197 1.1992 -0.8873 1.5436 -0.1007 -0.0583 0.0182 0.9930
1341848046.2497 1.1901 -0.8875 1.5489 -0.1034 -0.0609 0.0159 0.9927
1341848046.2836 1.1865 -0.8851 1.5488 -0.1026 -0.0658 0.0122 0.9925
1341848046.3177 1.1817 -0.8842 1.5500 -0.1041 -0.0685 0.0077 0.9922
1341848046.3497 1.1742 -0.8842 1.5515 -0.1057 -0.0699 0.0060 0.9919
1341848046.3823 1.1684 -0.8803 1.5515 -0.1047 -0.0735 0.0037 0.9918
1341848046.4178 1.1619 -0.8755 1.5496 -0.1050 -0.0742 -0.0002 0.9917
1341848046.4498 1.1531 -0.8768 1.5502 -0.1090 -0.0733 -0.0017 0.9913
1341848046.4858 1.1489 -0.8724 1.5489 -0.1081 -0.0770 -0.0034 0.9911
1341848046.5178 1.1422 -0.8685 1.5462 -0.1090 -0.0780 -0.0072 0.9909
1341848046.5497 1.1339 -0.8704 1.5446 -0.1123 -0.0782 -0.0089 0.9906
1341848046.5861 1.1299 -0.8679 1.5422 -0.1108 -0.0830 -0.0095 0.9903
1341848046.6178 1.1239 -0.8601 1.5365 -0.1075 -0.0848 -0.0129 0.9905
1341848046.6537 1.1157 -0.8630 1.5321 -0.1107 -0.0850 -0.0128 0.9901
1341848046.7149 1.1065 -0.8538 1.5212 -0.1066 -0.0934 -0.0139 0.9898
1341848046.7469 1.1002 -0.8526 1.5160 -0.1072 -0.0942 -0.0144 0.9897
1341848046.7787 1.0964 -0.8516 1.5110 -0.1064 -0.0972 -0.0144 0.9895
1341848046.8147 1.0924 -0.8445 1.5031 -0.1036 -0.0995 -0.0164 0.9895
1341848046.8469 1.0873 -0.8432 1.4981 -0.1054 -0.0993 -0.0172 0.9893
1341848046.8788 1.0826 -0.8411 1.4921 -0.1055 -0.0999 -0.0172 0.9892
1341848046.9151 1.0785 -0.8365 1.4851 -0.1051 -0.1006 -0.0173 0.9892
1341848046.9469 1.0742 -0.8344 1.4788 -0.1059 -0.1011 -0.0171 0.9891
1341848046.9828 1.0704 -0.8290 1.4726 -0.1048 -0.1025 -0.0171 0.9890
1341848047.0151 1.0653 -0.8248 1.4651 -0.1058 -0.1024 -0.0180 0.9889
1341848047.0479 1.0604 -0.8245 1.4604 -0.1083 -0.1029 -0.0180 0.9886
1341848047.0899 1.0569 -0.8174 1.4527 -0.1063 -0.1049 -0.0191 0.9886
1341848047.1476 1.0458 -0.8084 1.4404 -0.1094 -0.1057 -0.0198 0.9882
1341848047.2149 1.0353 -0.8017 1.4256 -0.1092 -0.1082 -0.0234 0.9878
1341848047.2507 1.0274 -0.7992 1.4184 -0.1112 -0.1093 -0.0235 0.9875
1341848047.2828 1.0234 -0.7975 1.4124 -0.1126 -0.1132 -0.0240 0.9869
1341848047.3148 1.0179 -0.7953 1.4056 -0.1125 -0.1147 -0.0263 0.9867
1341848047.3506 1.0087 -0.7923 1.3967 -0.1120 -0.1151 -0.0274 0.9866
1341848047.3830 1.0026 -0.7911 1.3884 -0.1125 -0.1191 -0.0268 0.9861
1341848047.4148 0.9975 -0.7893 1.3817 -0.1122 -0.1226 -0.0287 0.9857
1341848047.4508 0.9901 -0.7885 1.3740 -0.1109 -0.1244 -0.0303 0.9855
1341848047.4826 0.9839 -0.7825 1.3647 -0.1086 -0.1268 -0.0308 0.9855
1341848047.5187 0.9771 -0.7812 1.3576 -0.1100 -0.1291 -0.0325 0.9850
1341848047.5508 0.9707 -0.7817 1.3530 -0.1107 -0.1315 -0.0333 0.9846
1341848047.5830 0.9665 -0.7783 1.3463 -0.1088 -0.1343 -0.0344 0.9844
1341848047.6190 0.9597 -0.7761 1.3414 -0.1087 -0.1340 -0.0365 0.9843
1341848047.6508 0.9494 -0.7796 1.3336 -0.1096 -0.1338 -0.0360 0.9843
1341848047.6897 0.9474 -0.7737 1.3284 -0.1063 -0.1392 -0.0366 0.9839
1341848047.7508 0.9364 -0.7719 1.3184 -0.1083 -0.1399 -0.0380 0.9835
1341848047.7867 0.9277 -0.7707 1.3129 -0.1086 -0.1397 -0.0380 0.9835
1341848047.8188 0.9239 -0.7691 1.3089 -0.1085 -0.1422 -0.0395 0.9831
1341848047.8508 0.9177 -0.7671 1.3055 -0.1091 -0.1408 -0.0412 0.9832
1341848047.8869 0.9073 -0.7682 1.3011 -0.1094 -0.1386 -0.0417 0.9834
1341848047.9189 0.9008 -0.7647 1.2957 -0.1070 -0.1395 -0.0412 0.9836
1341848047.9547 0.8961 -0.7601 1.2923 -0.1061 -0.1404 -0.0415 0.9835
1341848047.9868 0.8868 -0.7635 1.2900 -0.1081 -0.1379 -0.0418 0.9837
1341848048.0189 0.8796 -0.7613 1.2826 -0.1050 -0.1384 -0.0412 0.9839
1341848048.0549 0.8744 -0.7560 1.2796 -0.1033 -0.1400 -0.0416 0.9839
1341848048.0868 0.8679 -0.7574 1.2755 -0.1052 -0.1379 -0.0422 0.9839
1341848048.1188 0.8563 -0.7580 1.2707 -0.1055 -0.1354 -0.0418 0.9843
1341848048.1547 0.8500 -0.7517 1.2672 -0.1029 -0.1357 -0.0399 0.9846
1341848048.1867 0.8471 -0.7535 1.2637 -0.1039 -0.1343 -0.0400 0.9847
1341848048.2230 0.8316 -0.7554 1.2593 -0.1041 -0.1297 -0.0393 0.9853
1341848048.2550 0.8287 -0.7534 1.2569 -0.1006 -0.1310 -0.0362 0.9856
1341848048.2866 0.8263 -0.7483 1.2513 -0.0978 -0.1297 -0.0368 0.9860
1341848048.3228 0.8130 -0.7487 1.2458 -0.0988 -0.1248 -0.0371 0.9866
1341848048.3547 0.8084 -0.7499 1.2424 -0.0981 -0.1243 -0.0350 0.9868
1341848048.3867 0.8039 -0.7480 1.2366 -0.0958 -0.1230 -0.0372 0.9871
1341848048.4226 0.7958 -0.7488 1.2326 -0.0943 -0.1207 -0.0378 0.9875
1341848048.4549 0.7903 -0.7451 1.2245 -0.0900 -0.1200 -0.0367 0.9880
1341848048.4907 0.7844 -0.7432 1.2181 -0.0896 -0.1190 -0.0368 0.9882
1341848048.5228 0.7743 -0.7468 1.2160 -0.0905 -0.1172 -0.0358 0.9883
1341848048.5550 0.7692 -0.7466 1.2116 -0.0868 -0.1169 -0.0348 0.9887
1341848048.5906 0.7631 -0.7427 1.2041 -0.0827 -0.1168 -0.0344 0.9891
1341848048.6227 0.7576 -0.7427 1.2009 -0.0811 -0.1175 -0.0328 0.9892
1341848048.6587 0.7533 -0.7444 1.1972 -0.0784 -0.1170 -0.0307 0.9896
1341848048.6908 0.7509 -0.7416 1.1896 -0.0741 -0.1183 -0.0302 0.9897
1341848048.7227 0.7430 -0.7439 1.1865 -0.0739 -0.1173 -0.0290 0.9899
1341848048.7588 0.7406 -0.7438 1.1831 -0.0712 -0.1178 -0.0272 0.9901
1341848048.7912 0.7356 -0.7431 1.1781 -0.0687 -0.1173 -0.0272 0.9903
1341848048.8227 0.7281 -0.7437 1.1743 -0.0664 -0.1167 -0.0264 0.9906
1341848048.8587 0.7256 -0.7413 1.1691 -0.0623 -0.1186 -0.0273 0.9906
1341848048.8910 0.7197 -0.7432 1.1648 -0.0603 -0.1184 -0.0287 0.9907
1341848048.9268 0.7103 -0.7432 1.1593 -0.0567 -0.1182 -0.0304 0.9909
1341848048.9590 0.7054 -0.7424 1.1527 -0.0532 -0.1206 -0.0317 0.9908
1341848048.9908 0.6981 -0.7452 1.1478 -0.0512 -0.1215 -0.0319 0.9908
1341848049.0267 0.6944 -0.7454 1.1447 -0.0465 -0.1236 -0.0335 0.9907
1341848049.0588 0.6920 -0.7447 1.1363 -0.0410 -0.1248 -0.0364 0.9907
1341848049.0907 0.6827 -0.7434 1.1269 -0.0390 -0.1244 -0.0369 0.9908
1341848049.1268 0.6788 -0.7428 1.1230 -0.0377 -0.1276 -0.0357 0.9905
1341848049.1589 0.6783 -0.7440 1.1188 -0.0361 -0.1296 -0.0375 0.9902
1341848049.1947 0.6691 -0.7418 1.1121 -0.0328 -0.1280 -0.0395 0.9904
1341848049.2267 0.6642 -0.7371 1.1025 -0.0307 -0.1294 -0.0399 0.9903
1341848049.2588 0.6596 -0.7367 1.0986 -0.0316 -0.1311 -0.0403 0.9900
1341848049.2947 0.6561 -0.7369 1.0939 -0.0304 -0.1313 -0.0420 0.9900
1341848049.3268 0.6491 -0.7330 1.0850 -0.0283 -0.1297 -0.0428 0.9902
1341848049.3588 0.6432 -0.7283 1.0771 -0.0277 -0.1297 -0.0410 0.9903
1341848049.3948 0.6343 -0.7334 1.0722 -0.0304 -0.1288 -0.0397 0.9904
1341848049.4268 0.6334 -0.7286 1.0660 -0.0265 -0.1294 -0.0387 0.9905
1341848049.4627 0.6284 -0.7225 1.0578 -0.0251 -0.1274 -0.0368 0.9908
1341848049.4947 0.6167 -0.7288 1.0498 -0.0279 -0.1249 -0.0342 0.9912
1341848049.5268 0.6205 -0.7168 1.0447 -0.0223 -0.1278 -0.0319 0.9910
1341848049.5628 0.6123 -0.7156 1.0352 -0.0235 -0.1242 -0.0311 0.9915
1341848049.5948 0.6008 -0.7139 1.0257 -0.0243 -0.1231 -0.0290 0.9917
1341848049.6268 0.6009 -0.7095 1.0199 -0.0235 -0.1264 -0.0272 0.9913
1341848049.6627 0.5973 -0.7044 1.0114 -0.0228 -0.1258 -0.0286 0.9914
1341848049.6951 0.5835 -0.7008 1.0004 -0.0238 -0.1237 -0.0292 0.9916
1341848049.7308 0.5747 -0.6975 0.9907 -0.0252 -0.1261 -0.0282 0.9913
1341848049.7627 0.5748 -0.6920 0.9850 -0.0254 -0.1312 -0.0307 0.9906
1341848049.7947 0.5634 -0.6891 0.9767 -0.0263 -0.1294 -0.0329 0.9907
1341848049.8308 0.5541 -0.6819 0.9660 -0.0253 -0.1313 -0.0330 0.9905
1341848049.8698 0.5538 -0.6727 0.9588 -0.0253 -0.1361 -0.0328 0.9898
1341848049.9308 0.5348 -0.6751 0.9461 -0.0284 -0.1367 -0.0382 0.9895
1341848049.9630 0.5306 -0.6635 0.9369 -0.0249 -0.1398 -0.0383 0.9891
1341848049.9988 0.5259 -0.6586 0.9302 -0.0262 -0.1427 -0.0386 0.9887
1341848050.0308 0.5147 -0.6617 0.9250 -0.0293 -0.1442 -0.0409 0.9883
1341848050.0627 0.5112 -0.6579 0.9207 -0.0276 -0.1477 -0.0432 0.9877
1341848050.0987 0.5071 -0.6516 0.9138 -0.0271 -0.1493 -0.0440 0.9874
1341848050.1307 0.4960 -0.6503 0.9086 -0.0286 -0.1514 -0.0463 0.9870
1341848050.1667 0.4970 -0.6442 0.9066 -0.0271 -0.1562 -0.0490 0.9861
1341848050.1987 0.4882 -0.6416 0.9006 -0.0283 -0.1560 -0.0525 0.9860
1341848050.2308 0.4779 -0.6383 0.8958 -0.0285 -0.1584 -0.0550 0.9854
1341848050.2667 0.4769 -0.6363 0.8932 -0.0291 -0.1632 -0.0572 0.9845
1341848050.2988 0.4693 -0.6322 0.8884 -0.0291 -0.1640 -0.0613 0.9841
1341848050.3307 0.4597 -0.6317 0.8846 -0.0295 -0.1664 -0.0646 0.9835
1341848050.3667 0.4586 -0.6269 0.8798 -0.0289 -0.1713 -0.0657 0.9826
1341848050.3987 0.4526 -0.6237 0.8761 -0.0299 -0.1741 -0.0689 0.9819
1341848050.4348 0.4418 -0.6241 0.8726 -0.0313 -0.1756 -0.0715 0.9814
1341848050.4667 0.4406 -0.6210 0.8695 -0.0304 -0.1809 -0.0735 0.9803
1341848050.4988 0.4334 -0.6212 0.8669 -0.0302 -0.1836 -0.0781 0.9794
1341848050.5348 0.4276 -0.6198 0.8628 -0.0289 -0.1858 -0.0810 0.9788
1341848050.5668 0.4217 -0.6160 0.8580 -0.0279 -0.1891 -0.0822 0.9781
1341848050.5988 0.4166 -0.6144 0.8538 -0.0291 -0.1940 -0.0844 0.9769
1341848050.6348 0.4082 -0.6175 0.8523 -0.0303 -0.1969 -0.0882 0.9760
1341848050.6668 0.4039 -0.6130 0.8476 -0.0271 -0.2004 -0.0901 0.9752
1341848050.7028 0.3965 -0.6113 0.8430 -0.0271 -0.2037 -0.0919 0.9743
1341848050.7348 0.3913 -0.6087 0.8382 -0.0270 -0.2079 -0.0921 0.9734
1341848050.7669 0.3853 -0.6072 0.8354 -0.0282 -0.2128 -0.0927 0.9723
1341848050.8029 0.3772 -0.6084 0.8332 -0.0285 -0.2169 -0.0955 0.9711
1341848050.8348 0.3753 -0.6058 0.8283 -0.0269 -0.2217 -0.0975 0.9699
1341848050.8707 0.3681 -0.6032 0.8243 -0.0276 -0.2246 -0.0998 0.9689
1341848050.9027 0.3568 -0.6042 0.8224 -0.0283 -0.2281 -0.1027 0.9678
1341848050.9348 0.3551 -0.6022 0.8192 -0.0260 -0.2326 -0.1059 0.9664
1341848050.9709 0.3463 -0.5988 0.8150 -0.0250 -0.2344 -0.1084 0.9658
1341848051.0028 0.3365 -0.5978 0.8112 -0.0242 -0.2370 -0.1100 0.9650
1341848051.0350 0.3347 -0.5950 0.8061 -0.0228 -0.2414 -0.1105 0.9639
1341848051.0708 0.3277 -0.5954 0.8037 -0.0231 -0.2445 -0.1131 0.9628
1341848051.1027 0.3212 -0.5916 0.7998 -0.0204 -0.2470 -0.1140 0.9621
1341848051.1387 0.3198 -0.5915 0.7951 -0.0198 -0.2507 -0.1155 0.9609
1341848051.1707 0.3141 -0.5892 0.7911 -0.0197 -0.2521 -0.1156 0.9606
1341848051.2387 0.3039 -0.5908 0.7868 -0.0194 -0.2592 -0.1156 0.9587
1341848051.2708 0.3003 -0.5926 0.7853 -0.0172 -0.2620 -0.1184 0.9576
1341848051.3027 0.2964 -0.5931 0.7823 -0.0136 -0.2637 -0.1199 0.9570
1341848051.3387 0.2919 -0.5892 0.7792 -0.0094 -0.2666 -0.1188 0.9564
1341848051.3709 0.2934 -0.5901 0.7756 -0.0069 -0.2726 -0.1209 0.9545
1341848051.4067 0.2920 -0.5906 0.7727 -0.0054 -0.2745 -0.1226 0.9537
1341848051.4400 0.2894 -0.5888 0.7717 -0.0032 -0.2777 -0.1238 0.9527
1341848051.4709 0.2904 -0.5893 0.7681 -0.0019 -0.2816 -0.1262 0.9512
1341848051.5067 0.2900 -0.5856 0.7670 -0.0002 -0.2860 -0.1292 0.9495
1341848051.5389 0.2824 -0.5878 0.7685 0.0012 -0.2896 -0.1347 0.9476
1341848051.5707 0.2868 -0.5869 0.7656 0.0071 -0.2954 -0.1412 0.9448
1341848051.6068 0.2832 -0.5825 0.7641 0.0105 -0.2994 -0.1457 0.9429
1341848051.6389 0.2777 -0.5864 0.7644 0.0131 -0.3059 -0.1534 0.9395
1341848051.6747 0.2841 -0.5809 0.7564 0.0194 -0.3112 -0.1557 0.9373
1341848051.7067 0.2834 -0.5754 0.7556 0.0199 -0.3173 -0.1571 0.9350
1341848051.7388 0.2806 -0.5755 0.7546 0.0208 -0.3237 -0.1619 0.9320
1341848051.7748 0.2865 -0.5731 0.7486 0.0233 -0.3291 -0.1653 0.9294
1341848051.8067 0.2843 -0.5736 0.7496 0.0248 -0.3322 -0.1736 0.9268
1341848051.8388 0.2826 -0.5732 0.7491 0.0311 -0.3347 -0.1818 0.9241
1341848051.8750 0.2936 -0.5685 0.7384 0.0355 -0.3370 -0.1857 0.9223
1341848051.9067 0.2947 -0.5655 0.7384 0.0334 -0.3394 -0.1908 0.9205
1341848051.9427 0.2942 -0.5672 0.7373 0.0322 -0.3424 -0.1972 0.9181
1341848051.9748 0.3056 -0.5635 0.7307 0.0328 -0.3429 -0.2017 0.9169
1341848052.0068 0.3056 -0.5650 0.7328 0.0288 -0.3415 -0.2058 0.9166
1341848052.0428 0.3050 -0.5691 0.7340 0.0281 -0.3407 -0.2099 0.9160
1341848052.0749 0.3183 -0.5655 0.7301 0.0310 -0.3399 -0.2129 0.9155
1341848052.1430 0.3225 -0.5656 0.7332 0.0317 -0.3349 -0.2196 0.9158
1341848052.1781 0.3362 -0.5609 0.7263 0.0343 -0.3335 -0.2242 0.9150
1341848052.2114 0.3381 -0.5621 0.7296 0.0320 -0.3304 -0.2275 0.9155
1341848052.2429 0.3440 -0.5623 0.7296 0.0340 -0.3293 -0.2310 0.9149
1341848052.3111 0.3587 -0.5583 0.7252 0.0323 -0.3239 -0.2371 0.9153
1341848052.3429 0.3650 -0.5596 0.7266 0.0336 -0.3233 -0.2400 0.9147
1341848052.3795 0.3766 -0.5576 0.7209 0.0355 -0.3200 -0.2424 0.9152
1341848052.4123 0.3794 -0.5564 0.7194 0.0332 -0.3165 -0.2416 0.9167
1341848052.4447 0.3847 -0.5591 0.7230 0.0340 -0.3185 -0.2438 0.9154
1341848052.4815 0.3970 -0.5586 0.7183 0.0369 -0.3161 -0.2454 0.9157
1341848052.5433 0.4153 -0.5580 0.7119 0.0407 -0.3149 -0.2462 0.9157
1341848052.5792 0.4290 -0.5569 0.7058 0.0411 -0.3133 -0.2495 0.9154
1341848052.6177 0.4331 -0.5595 0.7047 0.0414 -0.3105 -0.2547 0.9149
1341848052.6787 0.4595 -0.5637 0.6938 0.0465 -0.3102 -0.2633 0.9123
1341848052.7108 0.4642 -0.5651 0.6919 0.0450 -0.3072 -0.2643 0.9131
1341848052.7468 0.4712 -0.5662 0.6864 0.0428 -0.3070 -0.2628 0.9137
1341848052.7787 0.4822 -0.5617 0.6864 0.0408 -0.3068 -0.2625 0.9140
1341848052.8109 0.4865 -0.5656 0.6870 0.0371 -0.3030 -0.2636 0.9151
1341848052.8469 0.4884 -0.5739 0.6878 0.0383 -0.2998 -0.2669 0.9151
1341848052.8788 0.5067 -0.5698 0.6807 0.0436 -0.2963 -0.2677 0.9158
1341848052.9147 0.5121 -0.5719 0.6750 0.0408 -0.2903 -0.2678 0.9178
1341848052.9467 0.5152 -0.5755 0.6747 0.0397 -0.2870 -0.2665 0.9193
1341848052.9787 0.5319 -0.5736 0.6730 0.0420 -0.2854 -0.2660 0.9198
1341848053.0148 0.5359 -0.5751 0.6691 0.0407 -0.2780 -0.2659 0.9221
1341848053.0467 0.5389 -0.5776 0.6654 0.0407 -0.2732 -0.2636 0.9243
1341848053.0827 0.5553 -0.5822 0.6610 0.0399 -0.2716 -0.2633 0.9248
1341848053.1148 0.5585 -0.5852 0.6645 0.0381 -0.2641 -0.2635 0.9270
1341848053.1470 0.5560 -0.5861 0.6597 0.0373 -0.2552 -0.2610 0.9303
1341848053.1832 0.5644 -0.5814 0.6565 0.0374 -0.2507 -0.2584 0.9322
1341848053.2148 0.5668 -0.5849 0.6579 0.0356 -0.2451 -0.2573 0.9340
1341848053.2480 0.5740 -0.5872 0.6554 0.0379 -0.2407 -0.2554 0.9356
1341848053.2898 0.5823 -0.5863 0.6514 0.0401 -0.2367 -0.2533 0.9371
1341848053.3217 0.5899 -0.5869 0.6486 0.0399 -0.2327 -0.2497 0.9391
1341848053.3538 0.5967 -0.5858 0.6474 0.0406 -0.2283 -0.2457 0.9412
1341848053.3861 0.6026 -0.5868 0.6445 0.0408 -0.2243 -0.2427 0.9429
1341848053.4218 0.6107 -0.5898 0.6388 0.0399 -0.2195 -0.2402 0.9447
1341848053.4537 0.6176 -0.5866 0.6355 0.0387 -0.2133 -0.2353 0.9474
1341848053.4857 0.6221 -0.5858 0.6333 0.0360 -0.2102 -0.2310 0.9493
1341848053.5217 0.6286 -0.5882 0.6305 0.0339 -0.2073 -0.2284 0.9506
1341848053.5539 0.6423 -0.5878 0.6278 0.0327 -0.2024 -0.2258 0.9523
1341848053.5897 0.6426 -0.5854 0.6254 0.0299 -0.1951 -0.2218 0.9549
1341848053.6219 0.6510 -0.5827 0.6221 0.0266 -0.1914 -0.2157 0.9571
1341848053.6538 0.6618 -0.5842 0.6204 0.0215 -0.1856 -0.2108 0.9595
1341848053.6897 0.6605 -0.5861 0.6206 0.0172 -0.1771 -0.2072 0.9620
1341848053.7217 0.6654 -0.5858 0.6179 0.0156 -0.1716 -0.2022 0.9641
1341848053.7580 0.6749 -0.5865 0.6157 0.0131 -0.1656 -0.1977 0.9661
1341848053.7899 0.6729 -0.5876 0.6146 0.0105 -0.1571 -0.1932 0.9684
1341848053.8216 0.6779 -0.5894 0.6128 0.0103 -0.1510 -0.1873 0.9706
1341848053.8578 0.6823 -0.5878 0.6089 0.0097 -0.1438 -0.1812 0.9728
1341848053.8898 0.6835 -0.5877 0.6061 0.0080 -0.1380 -0.1740 0.9750
1341848053.9511 0.6881 -0.5948 0.5952 0.0091 -0.1306 -0.1624 0.9780
1341848053.9868 0.6870 -0.5890 0.5916 0.0112 -0.1256 -0.1560 0.9797
1341848054.0510 0.6950 -0.5924 0.5768 0.0076 -0.1262 -0.1382 0.9823
1341848054.0868 0.6950 -0.5906 0.5707 0.0048 -0.1238 -0.1318 0.9835
1341848054.1189 0.6913 -0.5889 0.5645 0.0028 -0.1227 -0.1244 0.9846
1341848054.1550 0.6981 -0.5920 0.5569 -0.0007 -0.1244 -0.1184 0.9851
1341848054.1867 0.6963 -0.5924 0.5504 -0.0038 -0.1233 -0.1164 0.9855
1341848054.2190 0.6879 -0.5953 0.5439 -0.0043 -0.1208 -0.1153 0.9859
1341848054.2548 0.6889 -0.5975 0.5353 -0.0016 -0.1198 -0.1159 0.9860
1341848054.2868 0.7007 -0.5930 0.5251 0.0007 -0.1201 -0.1163 0.9859
1341848054.3229 0.7003 -0.5893 0.5172 -0.0036 -0.1174 -0.1155 0.9863
1341848054.3548 0.6893 -0.5918 0.5098 -0.0073 -0.1142 -0.1145 0.9868
1341848054.3871 0.6991 -0.5914 0.5011 -0.0085 -0.1153 -0.1150 0.9866
1341848054.4229 0.6947 -0.5890 0.4940 -0.0115 -0.1114 -0.1147 0.9871
1341848054.4547 0.6843 -0.5865 0.4869 -0.0127 -0.1094 -0.1126 0.9875
1341848054.4869 0.6879 -0.5862 0.4791 -0.0133 -0.1125 -0.1108 0.9874
1341848054.5227 0.6916 -0.5908 0.4735 -0.0159 -0.1124 -0.1099 0.9874
1341848054.5549 0.6866 -0.5930 0.4680 -0.0148 -0.1091 -0.1079 0.9880
1341848054.5908 0.6928 -0.5909 0.4598 -0.0126 -0.1090 -0.1052 0.9884
1341848054.6227 0.6968 -0.5903 0.4524 -0.0136 -0.1089 -0.1043 0.9885
1341848054.6564 0.6979 -0.5929 0.4475 -0.0148 -0.1082 -0.1023 0.9887
1341848054.6910 0.7057 -0.5946 0.4415 -0.0149 -0.1057 -0.0999 0.9893
1341848054.7227 0.7038 -0.5969 0.4353 -0.0137 -0.1017 -0.1008 0.9896
1341848054.7547 0.7043 -0.5972 0.4286 -0.0113 -0.0990 -0.0994 0.9900
1341848054.7909 0.7082 -0.5959 0.4224 -0.0087 -0.0976 -0.0961 0.9905
1341848054.8229 0.7152 -0.5932 0.4156 -0.0075 -0.0954 -0.0917 0.9912
1341848054.8589 0.7118 -0.5954 0.4092 -0.0085 -0.0916 -0.0861 0.9920
1341848054.8909 0.7168 -0.5959 0.4035 -0.0065 -0.0915 -0.0819 0.9924
1341848054.9228 0.7235 -0.5949 0.3973 -0.0046 -0.0892 -0.0773 0.9930
1341848054.9587 0.7241 -0.5915 0.3891 -0.0038 -0.0856 -0.0728 0.9937
1341848054.9911 0.7188 -0.5934 0.3827 -0.0027 -0.0841 -0.0709 0.9939
1341848055.0230 0.7317 -0.5942 0.3737 0.0001 -0.0846 -0.0696 0.9940
1341848055.0587 0.7325 -0.5918 0.3650 0.0021 -0.0802 -0.0672 0.9945
1341848055.0907 0.7257 -0.5887 0.3553 0.0045 -0.0779 -0.0638 0.9949
1341848055.1270 0.7373 -0.5849 0.3444 0.0061 -0.0798 -0.0598 0.9950
1341848055.1592 0.7417 -0.5850 0.3355 0.0055 -0.0776 -0.0577 0.9953
1341848055.1910 0.7350 -0.5851 0.3253 0.0073 -0.0730 -0.0561 0.9957
1341848055.2268 0.7355 -0.5772 0.3106 0.0109 -0.0725 -0.0530 0.9959
1341848055.2589 0.7441 -0.5702 0.2983 0.0112 -0.0740 -0.0515 0.9959
1341848055.2947 0.7396 -0.5692 0.2877 0.0101 -0.0724 -0.0495 0.9961
1341848055.3268 0.7405 -0.5658 0.2740 0.0110 -0.0726 -0.0476 0.9962
1341848055.3589 0.7437 -0.5595 0.2624 0.0121 -0.0726 -0.0480 0.9961
1341848055.3947 0.7470 -0.5554 0.2504 0.0121 -0.0707 -0.0494 0.9962
1341848055.4268 0.7413 -0.5524 0.2384 0.0121 -0.0668 -0.0500 0.9964
1341848055.4588 0.7405 -0.5450 0.2262 0.0136 -0.0653 -0.0495 0.9965
1341848055.4947 0.7443 -0.5389 0.2140 0.0131 -0.0637 -0.0483 0.9967
1341848055.5267 0.7395 -0.5381 0.2036 0.0119 -0.0604 -0.0481 0.9969
1341848055.5626 0.7387 -0.5355 0.1928 0.0133 -0.0581 -0.0474 0.9971
1341848055.5947 0.7420 -0.5269 0.1809 0.0146 -0.0556 -0.0471 0.9972
1341848055.6267 0.7376 -0.5207 0.1716 0.0141 -0.0519 -0.0460 0.9975
1341848055.6630 0.7320 -0.5186 0.1617 0.0136 -0.0502 -0.0446 0.9977
1341848055.6948 0.7434 -0.5138 0.1519 0.0138 -0.0494 -0.0444 0.9977
1341848055.7268 0.7458 -0.5069 0.1435 0.0119 -0.0426 -0.0431 0.9981
1341848055.7628 0.7242 -0.5081 0.1376 0.0097 -0.0358 -0.0402 0.9985
1341848055.7950 0.7285 -0.5062 0.1307 0.0110 -0.0363 -0.0369 0.9986
1341848055.8308 0.7283 -0.5047 0.1237 0.0106 -0.0326 -0.0337 0.9988
1341848055.8628 0.7199 -0.5045 0.1193 0.0119 -0.0280 -0.0298 0.9991
1341848055.8948 0.7173 -0.5004 0.1124 0.0145 -0.0260 -0.0268 0.9992
1341848055.9307 0.7157 -0.4956 0.1051 0.0160 -0.0239 -0.0260 0.9992
1341848055.9628 0.7054 -0.4933 0.1001 0.0167 -0.0213 -0.0241 0.9993
1341848055.9947 0.7031 -0.4865 0.0931 0.0170 -0.0210 -0.0215 0.9994
1341848056.0307 0.6959 -0.4822 0.0875 0.0153 -0.0194 -0.0198 0.9995
1341848056.0628 0.6837 -0.4839 0.0827 0.0140 -0.0178 -0.0181 0.9996
1341848056.0988 0.6778 -0.4794 0.0774 0.0145 -0.0172 -0.0171 0.9996
1341848056.1306 0.6680 -0.4764 0.0729 0.0147 -0.0153 -0.0161 0.9996
1341848056.1627 0.6519 -0.4749 0.0657 0.0154 -0.0138 -0.0159 0.9997
1341848056.1987 0.6417 -0.4687 0.0597 0.0164 -0.0155 -0.0148 0.9996
1341848056.2307 0.6313 -0.4636 0.0528 0.0156 -0.0166 -0.0133 0.9997
1341848056.2639 0.6136 -0.4619 0.0490 0.0146 -0.0171 -0.0134 0.9997
1341848056.2988 0.6080 -0.4595 0.0453 0.0147 -0.0200 -0.0133 0.9996
1341848056.3307 0.5971 -0.4526 0.0385 0.0144 -0.0200 -0.0128 0.9996
1341848056.3667 0.5750 -0.4504 0.0342 0.0129 -0.0194 -0.0113 0.9997
1341848056.3987 0.5615 -0.4432 0.0268 0.0128 -0.0230 -0.0091 0.9996
1341848056.4307 0.5599 -0.4317 0.0222 0.0088 -0.0278 -0.0053 0.9996
1341848056.4668 0.5411 -0.4278 0.0182 0.0012 -0.0281 0.0001 0.9996
1341848056.4989 0.5270 -0.4310 0.0153 -0.0043 -0.0310 0.0011 0.9995
1341848056.5348 0.5220 -0.4276 0.0111 -0.0068 -0.0335 -0.0002 0.9994
1341848056.5667 0.5062 -0.4267 0.0092 -0.0098 -0.0326 -0.0010 0.9994
1341848056.5989 0.4852 -0.4234 0.0028 -0.0115 -0.0328 0.0020 0.9994
1341848056.6348 0.4767 -0.4166 -0.0022 -0.0142 -0.0383 0.0034 0.9992
1341848056.6668 0.4646 -0.4174 -0.0030 -0.0186 -0.0413 0.0048 0.9990
1341848056.6989 0.4545 -0.4173 -0.0072 -0.0198 -0.0438 0.0052 0.9988
1341848056.7348 0.4433 -0.4128 -0.0099 -0.0205 -0.0459 0.0024 0.9987
1341848056.7667 0.4295 -0.4119 -0.0129 -0.0214 -0.0480 0.0012 0.9986
1341848056.8029 0.4296 -0.4077 -0.0192 -0.0231 -0.0518 -0.0012 0.9984
1341848056.8350 0.4135 -0.4093 -0.0202 -0.0258 -0.0520 -0.0040 0.9983
1341848056.8667 0.4030 -0.4129 -0.0206 -0.0265 -0.0540 -0.0045 0.9982
1341848056.9027 0.4048 -0.4105 -0.0270 -0.0257 -0.0555 -0.0048 0.9981
1341848056.9347 0.3960 -0.4081 -0.0282 -0.0270 -0.0530 -0.0070 0.9982
1341848056.9668 0.3787 -0.4083 -0.0272 -0.0271 -0.0504 -0.0076 0.9983
1341848057.0027 0.3794 -0.4051 -0.0330 -0.0273 -0.0516 -0.0071 0.9983
1341848057.0348 0.3730 -0.4038 -0.0364 -0.0300 -0.0484 -0.0083 0.9983
1341848057.0710 0.3528 -0.4023 -0.0338 -0.0307 -0.0446 -0.0101 0.9985
1341848057.1028 0.3484 -0.3997 -0.0393 -0.0304 -0.0454 -0.0116 0.9984
1341848057.1347 0.3437 -0.3937 -0.0450 -0.0324 -0.0439 -0.0111 0.9984
1341848057.1707 0.3222 -0.3899 -0.0414 -0.0342 -0.0409 -0.0119 0.9985
1341848057.2026 0.3185 -0.3885 -0.0464 -0.0340 -0.0419 -0.0150 0.9984
1341848057.2347 0.3133 -0.3826 -0.0534 -0.0352 -0.0398 -0.0167 0.9984
1341848057.2708 0.2991 -0.3746 -0.0544 -0.0377 -0.0373 -0.0164 0.9985
1341848057.3029 0.2860 -0.3705 -0.0554 -0.0398 -0.0370 -0.0172 0.9984
1341848057.3388 0.2831 -0.3689 -0.0633 -0.0422 -0.0363 -0.0184 0.9983
1341848057.3708 0.2680 -0.3619 -0.0646 -0.0449 -0.0323 -0.0176 0.9983
1341848057.4027 0.2495 -0.3591 -0.0647 -0.0467 -0.0298 -0.0172 0.9983
1341848057.4389 0.2443 -0.3556 -0.0727 -0.0476 -0.0285 -0.0170 0.9983
1341848057.4707 0.2326 -0.3489 -0.0774 -0.0495 -0.0235 -0.0149 0.9984
1341848057.5067 0.2105 -0.3430 -0.0782 -0.0496 -0.0196 -0.0115 0.9985
1341848057.5388 0.2040 -0.3352 -0.0867 -0.0500 -0.0206 -0.0092 0.9985
1341848057.5711 0.1961 -0.3320 -0.0948 -0.0536 -0.0184 -0.0068 0.9984
1341848057.6067 0.1822 -0.3273 -0.0982 -0.0570 -0.0140 -0.0032 0.9983
1341848057.6388 0.1716 -0.3240 -0.1022 -0.0584 -0.0105 -0.0005 0.9982
1341848057.6709 0.1610 -0.3191 -0.1073 -0.0598 -0.0055 0.0015 0.9982
1341848057.7068 0.1455 -0.3138 -0.1091 -0.0602 0.0001 0.0062 0.9982
1341848057.7389 0.1325 -0.3091 -0.1173 -0.0596 0.0024 0.0081 0.9982
1341848057.7750 0.1251 -0.3028 -0.1254 -0.0602 0.0041 0.0097 0.9981
1341848057.8068 0.1102 -0.2966 -0.1285 -0.0603 0.0078 0.0160 0.9980
1341848057.8388 0.0957 -0.2955 -0.1336 -0.0596 0.0088 0.0214 0.9980
1341848057.8748 0.0862 -0.2934 -0.1409 -0.0588 0.0093 0.0234 0.9980
1341848057.9068 0.0734 -0.2883 -0.1463 -0.0583 0.0109 0.0238 0.9980
1341848057.9388 0.0601 -0.2821 -0.1521 -0.0583 0.0107 0.0259 0.9979
1341848057.9753 0.0496 -0.2796 -0.1563 -0.0603 0.0095 0.0281 0.9977
1341848058.0068 0.0326 -0.2799 -0.1555 -0.0609 0.0091 0.0285 0.9977
1341848058.0428 0.0199 -0.2773 -0.1565 -0.0582 0.0059 0.0279 0.9979
1341848058.0760 0.0113 -0.2745 -0.1637 -0.0565 0.0028 0.0281 0.9980
1341848058.1068 -0.0048 -0.2728 -0.1629 -0.0565 0.0009 0.0275 0.9980
1341848058.1427 -0.0180 -0.2717 -0.1617 -0.0538 -0.0029 0.0265 0.9982
1341848058.1747 -0.0296 -0.2701 -0.1672 -0.0521 -0.0065 0.0244 0.9983
1341848058.2071 -0.0423 -0.2685 -0.1702 -0.0518 -0.0082 0.0224 0.9984
1341848058.2427 -0.0559 -0.2647 -0.1682 -0.0501 -0.0114 0.0197 0.9985
1341848058.2747 -0.0685 -0.2613 -0.1664 -0.0474 -0.0132 0.0183 0.9986
1341848058.3107 -0.0780 -0.2627 -0.1666 -0.0439 -0.0126 0.0167 0.9988
1341848058.3432 -0.0916 -0.2585 -0.1712 -0.0400 -0.0135 0.0134 0.9990
1341848058.3749 -0.0999 -0.2567 -0.1751 -0.0394 -0.0142 0.0148 0.9990
1341848058.4107 -0.1113 -0.2544 -0.1767 -0.0408 -0.0144 0.0170 0.9989
1341848058.4428 -0.1216 -0.2530 -0.1729 -0.0414 -0.0147 0.0189 0.9989
1341848058.4747 -0.1289 -0.2535 -0.1678 -0.0401 -0.0149 0.0216 0.9989
1341848058.5430 -0.1509 -0.2525 -0.1683 -0.0363 -0.0101 0.0276 0.9989
1341848058.5789 -0.1592 -0.2515 -0.1675 -0.0359 -0.0102 0.0323 0.9988
1341848058.6108 -0.1665 -0.2552 -0.1642 -0.0370 -0.0073 0.0350 0.9987
1341848058.6431 -0.1791 -0.2536 -0.1633 -0.0366 -0.0038 0.0356 0.9987
1341848058.6787 -0.1864 -0.2518 -0.1538 -0.0341 -0.0040 0.0361 0.9988
1341848058.7107 -0.1911 -0.2564 -0.1551 -0.0309 0.0000 0.0353 0.9989
1341848058.7468 -0.2033 -0.2519 -0.1609 -0.0299 0.0061 0.0326 0.9990
1341848058.7787 -0.2146 -0.2444 -0.1584 -0.0300 0.0054 0.0355 0.9989
1341848058.8109 -0.2183 -0.2468 -0.1572 -0.0319 0.0030 0.0394 0.9987
1341848058.8468 -0.2243 -0.2500 -0.1521 -0.0340 0.0058 0.0402 0.9986
1341848058.8796 -0.2314 -0.2484 -0.1473 -0.0329 0.0091 0.0426 0.9985
1341848058.9468 -0.2410 -0.2500 -0.1460 -0.0331 0.0116 0.0473 0.9983
1341848058.9789 -0.2473 -0.2512 -0.1405 -0.0316 0.0145 0.0490 0.9982
1341848059.0147 -0.2492 -0.2525 -0.1421 -0.0288 0.0153 0.0499 0.9982
1341848059.0467 -0.2515 -0.2523 -0.1428 -0.0273 0.0171 0.0508 0.9982
1341848059.0788 -0.2551 -0.2545 -0.1401 -0.0271 0.0208 0.0510 0.9981
1341848059.1147 -0.2587 -0.2547 -0.1404 -0.0259 0.0251 0.0500 0.9981
1341848059.1467 -0.2617 -0.2535 -0.1414 -0.0257 0.0280 0.0497 0.9980
1341848059.1787 -0.2634 -0.2544 -0.1379 -0.0257 0.0303 0.0493 0.9980
1341848059.2147 -0.2644 -0.2542 -0.1352 -0.0245 0.0341 0.0485 0.9979
1341848059.2468 -0.2649 -0.2538 -0.1346 -0.0221 0.0388 0.0489 0.9978
1341848059.2827 -0.2670 -0.2518 -0.1332 -0.0194 0.0419 0.0510 0.9976
1341848059.3147 -0.2653 -0.2522 -0.1351 -0.0169 0.0443 0.0535 0.9974
1341848059.3468 -0.2651 -0.2494 -0.1395 -0.0158 0.0468 0.0557 0.9972
1341848059.3827 -0.2670 -0.2477 -0.1337 -0.0146 0.0485 0.0579 0.9970
1341848059.4147 -0.2668 -0.2535 -0.1361 -0.0132 0.0512 0.0589 0.9969
1341848059.4468 -0.2657 -0.2524 -0.1386 -0.0120 0.0554 0.0582 0.9967
1341848059.4827 -0.2654 -0.2492 -0.1391 -0.0109 0.0587 0.0587 0.9965
1341848059.5147 -0.2661 -0.2476 -0.1396 -0.0097 0.0601 0.0618 0.9962
1341848059.5508 -0.2659 -0.2502 -0.1417 -0.0100 0.0618 0.0614 0.9961
1341848059.5827 -0.2670 -0.2489 -0.1398 -0.0084 0.0655 0.0623 0.9959
1341848059.6147 -0.2693 -0.2445 -0.1407 -0.0045 0.0658 0.0647 0.9957
1341848059.6507 -0.2699 -0.2454 -0.1446 -0.0031 0.0645 0.0662 0.9957
1341848059.6827 -0.2693 -0.2485 -0.1481 -0.0040 0.0656 0.0639 0.9958
1341848059.7187 -0.2719 -0.2445 -0.1451 -0.0027 0.0686 0.0639 0.9956
1341848059.7509 -0.2760 -0.2431 -0.1437 0.0003 0.0686 0.0645 0.9956
1341848059.7828 -0.2740 -0.2438 -0.1517 0.0005 0.0680 0.0629 0.9957
1341848059.8188 -0.2772 -0.2431 -0.1499 -0.0010 0.0714 0.0626 0.9955
1341848059.8507 -0.2828 -0.2422 -0.1455 0.0020 0.0734 0.0629 0.9953
1341848059.8827 -0.2837 -0.2413 -0.1509 0.0052 0.0725 0.0616 0.9954
1341848059.9188 -0.2849 -0.2391 -0.1533 0.0068 0.0716 0.0606 0.9956
1341848059.9508 -0.2841 -0.2380 -0.1540 0.0083 0.0709 0.0613 0.9956
1341848059.9868 -0.2885 -0.2386 -0.1534 0.0106 0.0707 0.0622 0.9955
1341848060.0187 -0.2884 -0.2420 -0.1547 0.0126 0.0706 0.0593 0.9957
1341848060.0507 -0.2891 -0.2422 -0.1537 0.0167 0.0731 0.0575 0.9955
1341848060.0868 -0.2941 -0.2361 -0.1571 0.0222 0.0728 0.0569 0.9955
1341848060.1188 -0.2918 -0.2374 -0.1609 0.0245 0.0695 0.0542 0.9958
1341848060.1508 -0.2866 -0.2379 -0.1677 0.0243 0.0709 0.0516 0.9959
1341848060.1869 -0.2910 -0.2331 -0.1613 0.0263 0.0730 0.0512 0.9957
1341848060.2189 -0.2889 -0.2373 -0.1628 0.0288 0.0716 0.0484 0.9958
1341848060.2548 -0.2818 -0.2333 -0.1724 0.0293 0.0732 0.0454 0.9959
1341848060.2875 -0.2837 -0.2308 -0.1661 0.0284 0.0761 0.0454 0.9957
1341848060.3189 -0.2853 -0.2322 -0.1635 0.0307 0.0757 0.0445 0.9957
1341848060.3546 -0.2768 -0.2300 -0.1722 0.0305 0.0751 0.0405 0.9959
1341848060.3873 -0.2766 -0.2300 -0.1658 0.0294 0.0786 0.0388 0.9957
1341848060.4186 -0.2779 -0.2272 -0.1631 0.0322 0.0782 0.0379 0.9957
1341848060.4548 -0.2715 -0.2282 -0.1671 0.0330 0.0768 0.0345 0.9959
1341848060.4867 -0.2681 -0.2279 -0.1653 0.0329 0.0796 0.0312 0.9958
1341848060.5229 -0.2695 -0.2261 -0.1580 0.0363 0.0808 0.0296 0.9956
1341848060.5547 -0.2628 -0.2283 -0.1634 0.0394 0.0796 0.0268 0.9957
1341848060.5867 -0.2557 -0.2262 -0.1683 0.0390 0.0821 0.0239 0.9956
1341848060.6227 -0.2593 -0.2233 -0.1579 0.0406 0.0849 0.0244 0.9953
1341848060.6561 -0.2540 -0.2238 -0.1622 0.0433 0.0825 0.0242 0.9954
1341848060.6873 -0.2468 -0.2219 -0.1657 0.0431 0.0825 0.0234 0.9954
1341848060.7232 -0.2486 -0.2231 -0.1593 0.0433 0.0844 0.0242 0.9952
1341848060.7579 -0.2484 -0.2220 -0.1598 0.0459 0.0818 0.0249 0.9953
1341848060.7909 -0.2432 -0.2223 -0.1620 0.0461 0.0787 0.0249 0.9955
1341848060.8240 -0.2437 -0.2246 -0.1578 0.0467 0.0770 0.0250 0.9956
1341848060.8624 -0.2410 -0.2259 -0.1567 0.0488 0.0735 0.0251 0.9958
1341848060.9231 -0.2329 -0.2272 -0.1536 0.0503 0.0680 0.0263 0.9961
1341848060.9608 -0.2259 -0.2292 -0.1541 0.0519 0.0646 0.0263 0.9962
1341848060.9969 -0.2216 -0.2303 -0.1527 0.0525 0.0626 0.0272 0.9963
1341848061.0306 -0.2186 -0.2360 -0.1500 0.0525 0.0605 0.0275 0.9964
1341848061.0622 -0.2117 -0.2428 -0.1493 0.0518 0.0589 0.0263 0.9966
1341848061.1006 -0.2050 -0.2440 -0.1460 0.0536 0.0583 0.0265 0.9965
1341848061.1298 -0.2072 -0.2439 -0.1465 0.0579 0.0591 0.0259 0.9962
1341848061.1979 -0.2004 -0.2551 -0.1350 0.0606 0.0587 0.0305 0.9960
1341848061.2594 -0.1893 -0.2889 -0.1300 0.0600 0.0575 0.0292 0.9961
1341848061.2909 -0.1871 -0.2931 -0.1261 0.0620 0.0573 0.0304 0.9960
1341848061.3266 -0.1815 -0.2955 -0.1265 0.0649 0.0571 0.0314 0.9958
1341848061.3589 -0.1765 -0.3001 -0.1259 0.0659 0.0577 0.0313 0.9957
1341848061.3908 -0.1730 -0.3022 -0.1233 0.0678 0.0582 0.0335 0.9954
1341848061.4269 -0.1691 -0.3035 -0.1244 0.0686 0.0580 0.0352 0.9953
1341848061.4588 -0.1603 -0.3053 -0.1208 0.0683 0.0583 0.0361 0.9953
1341848061.4947 -0.1604 -0.3088 -0.1151 0.0696 0.0597 0.0346 0.9952
1341848061.5267 -0.1554 -0.3069 -0.1181 0.0716 0.0595 0.0353 0.9950
1341848061.5588 -0.1551 -0.3061 -0.1170 0.0702 0.0609 0.0353 0.9950
1341848061.5947 -0.1518 -0.3118 -0.1124 0.0693 0.0620 0.0361 0.9950
1341848061.6267 -0.1495 -0.3101 -0.1118 0.0719 0.0622 0.0356 0.9948
1341848061.6588 -0.1454 -0.3078 -0.1121 0.0713 0.0640 0.0340 0.9948
1341848061.6949 -0.1432 -0.2957 -0.0966 0.0741 0.0658 0.0361 0.9944
1341848061.7267 -0.1383 -0.2916 -0.0921 0.0766 0.0646 0.0371 0.9943
1341848061.7628 -0.1263 -0.2889 -0.0898 0.0761 0.0645 0.0352 0.9944
1341848061.7948 -0.1224 -0.2893 -0.0885 0.0759 0.0658 0.0354 0.9943
1341848061.8267 -0.1192 -0.2916 -0.0875 0.0764 0.0651 0.0356 0.9943
1341848061.8629 -0.1121 -0.2953 -0.0873 0.0741 0.0644 0.0331 0.9946
1341848061.8948 -0.1071 -0.2983 -0.0850 0.0726 0.0641 0.0331 0.9948
1341848061.9307 -0.0864 -0.2661 -0.0841 0.0801 0.0591 0.0332 0.9945
1341848061.9628 -0.0839 -0.2629 -0.0838 0.0799 0.0585 0.0329 0.9945
1341848061.9972 -0.0857 -0.2634 -0.0795 0.0782 0.0580 0.0326 0.9947
1341848062.0307 -0.0832 -0.2672 -0.0757 0.0768 0.0564 0.0302 0.9950
1341848062.0633 -0.0816 -0.2660 -0.0735 0.0763 0.0562 0.0285 0.9951
1341848062.0949 -0.0829 -0.2677 -0.0685 0.0748 0.0548 0.0270 0.9953
1341848062.1308 -0.0806 -0.2690 -0.0653 0.0733 0.0526 0.0265 0.9956
1341848062.1634 -0.0805 -0.2739 -0.0600 0.0721 0.0514 0.0233 0.9958
1341848062.1987 -0.0782 -0.2745 -0.0579 0.0726 0.0501 0.0185 0.9959
1341848062.2308 -0.0786 -0.2716 -0.0542 0.0728 0.0487 0.0170 0.9960
1341848062.2628 -0.0773 -0.2708 -0.0522 0.0706 0.0453 0.0168 0.9963
1341848062.2993 -0.0762 -0.2741 -0.0487 0.0682 0.0430 0.0157 0.9966
1341848062.3308 -0.0730 -0.2774 -0.0461 0.0669 0.0417 0.0134 0.9968
1341848062.3628 -0.0769 -0.2775 -0.0411 0.0676 0.0413 0.0124 0.9968
1341848062.3988 -0.0717 -0.2773 -0.0417 0.0679 0.0373 0.0120 0.9969
1341848062.4308 -0.0690 -0.2767 -0.0406 0.0671 0.0355 0.0145 0.9970
1341848062.4669 -0.0683 -0.2773 -0.0378 0.0662 0.0331 0.0158 0.9971
1341848062.4987 -0.0666 -0.2798 -0.0357 0.0655 0.0304 0.0184 0.9972
1341848062.5307 -0.0599 -0.2800 -0.0385 0.0653 0.0279 0.0186 0.9973
1341848062.5669 -0.0566 -0.2794 -0.0365 0.0641 0.0280 0.0186 0.9974
1341848062.5988 -0.0603 -0.2798 -0.0311 0.0641 0.0266 0.0212 0.9974
1341848062.6308 -0.0494 -0.2781 -0.0356 0.0635 0.0216 0.0239 0.9975
1341848062.6667 -0.0450 -0.2820 -0.0325 0.0614 0.0210 0.0237 0.9976
1341848062.6987 -0.0441 -0.2871 -0.0282 0.0625 0.0211 0.0231 0.9976
1341848062.7349 -0.0328 -0.2825 -0.0334 0.0645 0.0178 0.0237 0.9975
1341848062.7668 -0.0265 -0.2820 -0.0317 0.0625 0.0171 0.0246 0.9976
1341848062.7987 -0.0266 -0.2879 -0.0267 0.0620 0.0166 0.0250 0.9976
1341848062.8348 -0.0171 -0.2851 -0.0302 0.0631 0.0127 0.0240 0.9976
1341848062.8668 -0.0090 -0.2852 -0.0293 0.0612 0.0114 0.0224 0.9978
1341848062.8991 -0.0095 -0.2895 -0.0243 0.0600 0.0110 0.0207 0.9979
1341848062.9350 -0.0019 -0.2908 -0.0248 0.0613 0.0073 0.0159 0.9980
1341848062.9669 0.0114 -0.2887 -0.0266 0.0607 0.0059 0.0109 0.9981
1341848063.0029 0.0096 -0.2912 -0.0193 0.0589 0.0067 0.0103 0.9982
1341848063.0350 0.0153 -0.2940 -0.0181 0.0592 0.0021 0.0095 0.9982
1341848063.0667 0.0277 -0.2955 -0.0178 0.0587 -0.0011 0.0085 0.9982
1341848063.1028 0.0321 -0.3006 -0.0132 0.0592 -0.0019 0.0071 0.9982
1341848063.1350 0.0414 -0.2971 -0.0149 0.0609 -0.0054 0.0069 0.9981
1341848063.1707 0.0505 -0.2992 -0.0138 0.0593 -0.0090 0.0069 0.9982
1341848063.2027 0.0578 -0.3039 -0.0102 0.0585 -0.0109 0.0061 0.9982
1341848063.2350 0.0666 -0.3054 -0.0096 0.0597 -0.0125 0.0029 0.9981
1341848063.2708 0.0772 -0.3061 -0.0088 0.0598 -0.0131 -0.0002 0.9981
1341848063.3028 0.0826 -0.3055 -0.0068 0.0598 -0.0131 -0.0020 0.9981
1341848063.3349 0.0883 -0.3077 -0.0045 0.0589 -0.0157 -0.0052 0.9981
1341848063.3707 0.0997 -0.3078 -0.0041 0.0573 -0.0166 -0.0070 0.9982
1341848063.4027 0.1049 -0.3100 -0.0007 0.0557 -0.0149 -0.0107 0.9983
1341848063.4393 0.1081 -0.3111 0.0047 0.0548 -0.0148 -0.0137 0.9983
1341848063.4707 0.1197 -0.3100 0.0027 0.0537 -0.0156 -0.0160 0.9983
1341848063.5028 0.1251 -0.3101 0.0102 0.0499 -0.0134 -0.0174 0.9985
1341848063.5418 0.1223 -0.3186 0.0217 0.0488 -0.0127 -0.0166 0.9986
1341848063.5778 0.1366 -0.3138 0.0164 0.0496 -0.0148 -0.0148 0.9985
1341848063.6097 0.1400 -0.3138 0.0239 0.0459 -0.0141 -0.0138 0.9988
1341848063.6430 0.1394 -0.3198 0.0318 0.0445 -0.0149 -0.0129 0.9988
1341848063.6780 0.1508 -0.3145 0.0306 0.0440 -0.0176 -0.0126 0.9988
1341848063.7099 0.1536 -0.3140 0.0364 0.0390 -0.0184 -0.0123 0.9990
1341848063.7458 0.1521 -0.3209 0.0461 0.0357 -0.0201 -0.0127 0.9991
1341848063.7778 0.1626 -0.3226 0.0475 0.0353 -0.0228 -0.0155 0.9990
1341848063.8098 0.1647 -0.3247 0.0556 0.0334 -0.0220 -0.0176 0.9990
1341848063.8457 0.1641 -0.3302 0.0648 0.0335 -0.0236 -0.0182 0.9990
1341848063.8779 0.1771 -0.3316 0.0671 0.0337 -0.0268 -0.0190 0.9989
1341848063.9138 0.1789 -0.3400 0.0797 0.0328 -0.0246 -0.0221 0.9989
1341848063.9458 0.1791 -0.3450 0.0900 0.0364 -0.0234 -0.0242 0.9988
1341848063.9779 0.1861 -0.3445 0.0964 0.0393 -0.0271 -0.0225 0.9986
1341848064.0140 0.1954 -0.3490 0.1029 0.0387 -0.0299 -0.0212 0.9986
1341848064.0458 0.1914 -0.3604 0.1175 0.0386 -0.0303 -0.0226 0.9985
1341848064.0817 0.2044 -0.3627 0.1221 0.0420 -0.0341 -0.0244 0.9982
1341848064.1137 0.2161 -0.3629 0.1291 0.0414 -0.0340 -0.0241 0.9983
1341848064.1458 0.2106 -0.3707 0.1455 0.0400 -0.0326 -0.0225 0.9984
1341848064.1818 0.2204 -0.3769 0.1523 0.0407 -0.0368 -0.0203 0.9983
1341848064.2139 0.2371 -0.3807 0.1577 0.0398 -0.0387 -0.0209 0.9982
1341848064.2498 0.2385 -0.3897 0.1731 0.0391 -0.0350 -0.0217 0.9984
1341848064.2830 0.2432 -0.3940 0.1843 0.0422 -0.0353 -0.0212 0.9983
1341848064.3138 0.2626 -0.3952 0.1892 0.0429 -0.0380 -0.0210 0.9981
1341848064.3498 0.2665 -0.4042 0.2032 0.0416 -0.0355 -0.0217 0.9983
1341848064.3826 0.2772 -0.4097 0.2119 0.0433 -0.0351 -0.0217 0.9982
1341848064.4181 0.2935 -0.4099 0.2175 0.0434 -0.0357 -0.0219 0.9982
1341848064.4498 0.2975 -0.4174 0.2296 0.0412 -0.0344 -0.0253 0.9982
1341848064.4818 0.3038 -0.4273 0.2411 0.0423 -0.0333 -0.0291 0.9981
1341848064.5180 0.3165 -0.4302 0.2461 0.0447 -0.0328 -0.0313 0.9980
1341848064.5497 0.3215 -0.4343 0.2555 0.0453 -0.0317 -0.0307 0.9980
1341848064.5817 0.3248 -0.4407 0.2645 0.0467 -0.0319 -0.0281 0.9980
1341848064.6177 0.3399 -0.4432 0.2656 0.0491 -0.0346 -0.0270 0.9978
1341848064.6497 0.3492 -0.4440 0.2697 0.0500 -0.0351 -0.0256 0.9978
1341848064.6858 0.3528 -0.4454 0.2739 0.0497 -0.0370 -0.0229 0.9978
1341848064.7499 0.3752 -0.4500 0.2800 0.0484 -0.0385 -0.0256 0.9978
1341848064.8107 0.3851 -0.4527 0.2868 0.0494 -0.0416 -0.0264 0.9976
1341848064.8427 0.3935 -0.4543 0.2903 0.0479 -0.0434 -0.0266 0.9976
1341848064.8788 0.3935 -0.4586 0.2958 0.0473 -0.0435 -0.0256 0.9976
1341848064.9108 0.4062 -0.4572 0.2952 0.0479 -0.0474 -0.0225 0.9975
1341848064.9469 0.4159 -0.4569 0.2976 0.0457 -0.0493 -0.0197 0.9975
1341848064.9788 0.4149 -0.4640 0.3056 0.0442 -0.0491 -0.0186 0.9976
1341848065.0108 0.4306 -0.4648 0.3040 0.0460 -0.0520 -0.0173 0.9974
1341848065.0468 0.4412 -0.4614 0.3068 0.0454 -0.0528 -0.0165 0.9974
1341848065.0787 0.4367 -0.4658 0.3126 0.0440 -0.0525 -0.0144 0.9975
1341848065.1107 0.4560 -0.4669 0.3117 0.0437 -0.0576 -0.0126 0.9973
1341848065.1467 0.4613 -0.4670 0.3189 0.0424 -0.0571 -0.0128 0.9974
1341848065.1788 0.4609 -0.4765 0.3255 0.0432 -0.0570 -0.0139 0.9973
1341848065.2148 0.4824 -0.4719 0.3227 0.0474 -0.0610 -0.0143 0.9969
1341848065.2468 0.4939 -0.4662 0.3248 0.0467 -0.0629 -0.0167 0.9968
1341848065.2787 0.4923 -0.4776 0.3318 0.0447 -0.0617 -0.0173 0.9969
1341848065.3148 0.5051 -0.4743 0.3318 0.0477 -0.0644 -0.0188 0.9966
1341848065.3468 0.5136 -0.4766 0.3349 0.0472 -0.0656 -0.0217 0.9965
1341848065.3828 0.5227 -0.4801 0.3373 0.0481 -0.0663 -0.0219 0.9964
1341848065.4149 0.5303 -0.4790 0.3389 0.0491 -0.0675 -0.0229 0.9962
1341848065.4467 0.5394 -0.4843 0.3432 0.0499 -0.0692 -0.0259 0.9960
1341848065.4828 0.5528 -0.4861 0.3444 0.0523 -0.0698 -0.0270 0.9958
1341848065.5147 0.5592 -0.4863 0.3473 0.0534 -0.0701 -0.0270 0.9957
1341848065.5469 0.5664 -0.4892 0.3508 0.0535 -0.0717 -0.0275 0.9956
1341848065.5827 0.5762 -0.4931 0.3536 0.0549 -0.0725 -0.0288 0.9954
1341848065.6148 0.5816 -0.4925 0.3547 0.0560 -0.0729 -0.0299 0.9953
1341848065.6829 0.5918 -0.4968 0.3590 0.0565 -0.0773 -0.0323 0.9949
1341848065.7148 0.6027 -0.4940 0.3590 0.0574 -0.0796 -0.0347 0.9946
1341848065.7507 0.6021 -0.4934 0.3601 0.0559 -0.0808 -0.0366 0.9945
1341848065.7827 0.6071 -0.4955 0.3605 0.0551 -0.0854 -0.0394 0.9940
1341848065.8147 0.6178 -0.4944 0.3613 0.0546 -0.0883 -0.0431 0.9937
1341848065.8507 0.6163 -0.4943 0.3630 0.0534 -0.0886 -0.0488 0.9934
1341848065.9187 0.6218 -0.4879 0.3620 0.0498 -0.1006 -0.0508 0.9924
1341848065.9508 0.6264 -0.4885 0.3640 0.0453 -0.1057 -0.0545 0.9919
1341848065.9828 0.6246 -0.4941 0.3661 0.0426 -0.1089 -0.0583 0.9914
1341848066.0188 0.6350 -0.4904 0.3650 0.0425 -0.1145 -0.0620 0.9906
1341848066.0507 0.6397 -0.4895 0.3675 0.0397 -0.1172 -0.0663 0.9901
1341848066.0828 0.6388 -0.4935 0.3698 0.0372 -0.1191 -0.0670 0.9899
1341848066.1187 0.6426 -0.4923 0.3710 0.0367 -0.1235 -0.0671 0.9894
1341848066.1510 0.6536 -0.4919 0.3739 0.0352 -0.1282 -0.0691 0.9887
1341848066.1868 0.6558 -0.4951 0.3772 0.0323 -0.1284 -0.0690 0.9888
1341848066.2187 0.6544 -0.4978 0.3808 0.0314 -0.1312 -0.0695 0.9884
1341848066.2508 0.6667 -0.4995 0.3842 0.0312 -0.1355 -0.0707 0.9878
1341848066.2867 0.6719 -0.5023 0.3886 0.0304 -0.1362 -0.0725 0.9876
1341848066.3187 0.6720 -0.5091 0.3943 0.0307 -0.1368 -0.0736 0.9874
1341848066.3548 0.6820 -0.5106 0.3979 0.0325 -0.1390 -0.0735 0.9870
1341848066.3868 0.6867 -0.5153 0.4035 0.0329 -0.1394 -0.0744 0.9869
1341848066.4188 0.6864 -0.5191 0.4094 0.0346 -0.1401 -0.0741 0.9868
1341848066.4547 0.6951 -0.5209 0.4137 0.0368 -0.1439 -0.0747 0.9861
1341848066.4869 0.7033 -0.5230 0.4197 0.0369 -0.1462 -0.0763 0.9856
1341848066.5228 0.7029 -0.5280 0.4259 0.0364 -0.1470 -0.0784 0.9854
1341848066.5551 0.7065 -0.5325 0.4318 0.0376 -0.1500 -0.0814 0.9846
1341848066.6235 0.7171 -0.5427 0.4450 0.0397 -0.1509 -0.0897 0.9837
1341848066.6552 0.7230 -0.5450 0.4516 0.0422 -0.1531 -0.0924 0.9830
1341848066.6977 0.7318 -0.5475 0.4578 0.0435 -0.1540 -0.0947 0.9826
1341848066.7325 0.7314 -0.5567 0.4650 0.0440 -0.1538 -0.0979 0.9823
1341848066.7644 0.7387 -0.5610 0.4708 0.0470 -0.1550 -0.0999 0.9817
1341848066.7953 0.7477 -0.5618 0.4754 0.0503 -0.1551 -0.1035 0.9812
1341848066.8334 0.7474 -0.5657 0.4804 0.0514 -0.1552 -0.1070 0.9807
1341848066.8621 0.7614 -0.5676 0.4827 0.0529 -0.1580 -0.1078 0.9801
1341848066.9050 0.7693 -0.5670 0.4878 0.0525 -0.1585 -0.1096 0.9799
1341848066.9302 0.7672 -0.5726 0.4924 0.0514 -0.1589 -0.1111 0.9797
1341848066.9979 0.7894 -0.5741 0.5017 0.0516 -0.1609 -0.1151 0.9789
1341848067.0547 0.7959 -0.5806 0.5104 0.0513 -0.1625 -0.1187 0.9782
1341848067.0909 0.7968 -0.5839 0.5139 0.0509 -0.1605 -0.1211 0.9783
1341848067.1230 0.7924 -0.5896 0.5165 0.0524 -0.1603 -0.1216 0.9782
1341848067.1588 0.8037 -0.5888 0.5181 0.0559 -0.1627 -0.1208 0.9776
1341848067.1911 0.8075 -0.5874 0.5196 0.0564 -0.1628 -0.1207 0.9776
1341848067.2229 0.8083 -0.5924 0.5225 0.0560 -0.1635 -0.1191 0.9777
1341848067.2587 0.8188 -0.5916 0.5238 0.0572 -0.1647 -0.1171 0.9777
1341848067.3228 0.8210 -0.5943 0.5262 0.0558 -0.1635 -0.1123 0.9785
1341848067.3587 0.8320 -0.5944 0.5280 0.0557 -0.1658 -0.1094 0.9785
1341848067.3907 0.8365 -0.5953 0.5296 0.0546 -0.1638 -0.1073 0.9791
1341848067.4269 0.8370 -0.5972 0.5306 0.0542 -0.1623 -0.1046 0.9797
1341848067.4587 0.8480 -0.5952 0.5306 0.0543 -0.1632 -0.1015 0.9799
1341848067.4915 0.8546 -0.5932 0.5318 0.0523 -0.1614 -0.0994 0.9805
1341848067.5267 0.8519 -0.5967 0.5323 0.0506 -0.1587 -0.0988 0.9811
1341848067.5588 0.8627 -0.5953 0.5322 0.0511 -0.1588 -0.0984 0.9811
1341848067.5947 0.8660 -0.5967 0.5331 0.0503 -0.1555 -0.1000 0.9815
1341848067.6267 0.8604 -0.6010 0.5326 0.0513 -0.1521 -0.1008 0.9819
1341848067.6590 0.8693 -0.6013 0.5314 0.0542 -0.1527 -0.0999 0.9817
1341848067.6949 0.8739 -0.6007 0.5312 0.0553 -0.1508 -0.0986 0.9821
1341848067.7267 0.8711 -0.6036 0.5301 0.0570 -0.1495 -0.0962 0.9824
1341848067.7587 0.8825 -0.6020 0.5289 0.0598 -0.1506 -0.0943 0.9823
1341848067.7948 0.8862 -0.6014 0.5278 0.0602 -0.1481 -0.0924 0.9828
1341848067.8268 0.8836 -0.6049 0.5264 0.0606 -0.1467 -0.0899 0.9832
1341848067.8628 0.8960 -0.6025 0.5262 0.0625 -0.1474 -0.0879 0.9832
