label,role,candidate_key,channels_json,replicate,status,reason,elapsed_seconds,exit_code,failure_timestamp,failure_frame_index,last_timestamp,trajectory_poses,associated_poses,expected_matched_frames,coverage_ratio,se3_ate_rmse_m,se3_ate_mean_m,se3_ate_median_m,se3_ate_max_m,se3_ate_std_m,rotation_ape_rmse_deg,rotation_ape_mean_deg,rotation_ape_max_deg,translation_rpe_rmse_m,translation_rpe_max_m,rotation_rpe_rmse_deg,rotation_rpe_max_deg,allframe_sim3_rmse_m,allframe_sim3_mean_m,allframe_sim3_scale,keyframe_sim3_rmse_m,keyframe_sim3_mean_m,keyframe_sim3_scale,keyframe_associated_poses,historical_evo_ape_rmse_m,historical_evo_ape_mean_m,historical_evo_rpe_rmse_m,diagnostic_frames,photo_mse_median,photo_mse_p95,photo_mse_nonfinite_count,valid_ratio_min,valid_ratio_median,h_cond_max,delta_norm_max,crazy_affine_count,trajectory_path,keyframe_trajectory_path,log_path,created_at
gray_current,current photometric gray control,gray,,0,FAIL_TRACKING_NAN,Tracking emitted non-finite affine/pose diagnostics,20.73040305500035,-15,1305031462.4276,249,,,,573,,,,,,,,,,,,,,,,,,,,,,,,248,1.756223,1404.877905399999,1,0.0,0.993,1246000.0,0.014408,52,,,/home/melody/code/individual_project/channel_selection_results/step_k_unet_enc0_direct_fullseq_greedy/artifacts/gray_current/replicate_0.log,2026-08-15T14:24:37.808952+00:00
unet_enc0_all16,unselected UNet enc0 all16-channel control,"0,1,2,3,4,5,6,7,8,9,10,11,12,13,14,15","[0, 1, 2, 3, 4, 5, 6, 7, 8, 9, 10, 11, 12, 13, 14, 15]",0,PASS,Completed the full matched RGB-D sequence,45.991380966996076,0,,,1305031473.1961,571,571,573,0.9965095986038395,0.15760437012825643,0.14636600079361273,0.14017203317328442,0.30480151473840256,0.05844767998140397,7.97759816269143,7.719387446241944,11.88961986196324,0.010483385939912337,0.09068865101155739,0.7041357760222134,8.589208222744716,0.1411851714644025,0.13030334233037685,1.0887716444178521,0.14075699712492867,0.12954137986018555,1.0924760577085497,436,0.140689,0.129502,0.01327,571,36.345081,235.6076505,0,0.896,0.993,11730.0,0.002621,0,/home/melody/code/individual_project/channel_selection_results/step_k_unet_enc0_direct_fullseq_greedy/artifacts/unet_enc0_all16/replicate_0.all_frames.tum.txt,/home/melody/code/individual_project/channel_selection_results/step_k_unet_enc0_direct_fullseq_greedy/artifacts/unet_enc0_all16/replicate_0.keyframes.tum.txt,/home/melody/code/individual_project/channel_selection_results/step_k_unet_enc0_direct_fullseq_greedy/artifacts/unet_enc0_all16/replicate_0.log,2026-08-15T14:25:24.436021+00:00
bqs_historical_top3,"0621 BQS-ranked enc0 Top-3 [d15,d10,d0], re-evaluated on this protocol","0,10,15","[0, 10, 15]",0,PASS,Completed the full matched RGB-D sequence,46.00401105299534,0,,,1305031473.1961,571,571,573,0.9965095986038395,0.24935963256724347,0.23977075389594216,0.23909316049865117,0.37673941655434795,0.0684851219626731,19.983520249737595,18.938946514887196,31.106135579483222,0.011499774348518444,0.07166101642693072,0.648166023665879,2.7146462621149587,0.2293195407933801,0.2211250286514947,1.1320175016966303,0.23627825395109692,0.2304612449674103,1.132444493525466,429,0.236158,0.230342,0.01721,571,17.975546,1875.3989259999998,0,0.874,0.992,4953.0,0.002103,0,/home/melody/code/individual_project/channel_selection_results/step_k_unet_enc0_direct_fullseq_greedy/artifacts/bqs_historical_top3/replicate_0.all_frames.tum.txt,/home/melody/code/individual_project/channel_selection_results/step_k_unet_enc0_direct_fullseq_greedy/artifacts/bqs_historical_top3/replicate_0.keyframes.tum.txt,/home/melody/code/individual_project/channel_selection_results/step_k_unet_enc0_direct_fullseq_greedy/artifacts/bqs_historical_top3/replicate_0.log,2026-08-15T14:26:11.087767+00:00
bqs_historical_top5,"0621 BQS-ranked enc0 Top-5 [d15,d10,d0,d14,d3], direct ATE control","0,3,10,14,15","[0, 3, 10, 14, 15]",0,PASS,Completed the full matched RGB-D sequence,45.47583017099532,0,,,1305031473.1961,571,571,573,0.9965095986038395,0.1724161497749357,0.1636645031399549,0.17353544904223736,0.25952156467787985,0.054233376394659,11.166731093105042,10.82108561835215,16.148614700592354,0.012804071358934112,0.191451528591902,0.6163218387775907,6.546514969535741,0.14471955363878297,0.13357862071007026,1.1225514173241138,0.14817476626621146,0.1373698464797761,1.1223007881699116,435,0.148016,0.137216,0.015924,571,9.992242,175.80830400000002,0,0.897,0.992,6029.0,0.003134,0,/home/melody/code/individual_project/channel_selection_results/step_k_unet_enc0_direct_fullseq_greedy/artifacts/bqs_historical_top5/replicate_0.all_frames.tum.txt,/home/melody/code/individual_project/channel_selection_results/step_k_unet_enc0_direct_fullseq_greedy/artifacts/bqs_historical_top5/replicate_0.keyframes.tum.txt,/home/melody/code/individual_project/channel_selection_results/step_k_unet_enc0_direct_fullseq_greedy/artifacts/bqs_historical_top5/replicate_0.log,2026-08-15T14:26:57.215242+00:00
g_singleton_d00,direct full-sequence singleton ATE sweep,0,[0],0,FAIL_TRACKING_NAN,Tracking emitted non-finite affine/pose diagnostics,17.657401300006313,-15,1305031459.4597,167,,,,573,,,,,,,,,,,,,,,,,,,,,,,,166,13.743701,4045.6325193999955,1,0.0,0.995,3163000000.0,0.041087,57,,,/home/melody/code/individual_project/channel_selection_results/step_k_unet_enc0_direct_fullseq_greedy/artifacts/g_singleton_d00/replicate_0.log,2026-08-15T14:27:14.934865+00:00
g_singleton_d01,direct full-sequence singleton ATE sweep,1,[1],0,FAIL_TRACKING_NAN,Tracking emitted non-finite affine/pose diagnostics,9.783801141995355,-15,1305031454.4275,32,,,,573,,,,,,,,,,,,,,,,,,,,,,,,31,2.1157554999999997,182.99430564999957,1,0.0,0.992,548800000000.0,0.733542,9,,,/home/melody/code/individual_project/channel_selection_results/step_k_unet_enc0_direct_fullseq_greedy/artifacts/g_singleton_d01/replicate_0.log,2026-08-15T14:27:24.752015+00:00
g_singleton_d02,direct full-sequence singleton ATE sweep,2,[2],0,FAIL_TRACKING_NAN,Tracking emitted non-finite affine/pose diagnostics,21.818529123003827,-15,1305031462.6925,257,,,,573,,,,,,,,,,,,,,,,,,,,,,,,256,1.582116,1496.870776399996,1,0.0,0.993,2134000000000000.0,0.856627,9,,,/home/melody/code/individual_project/channel_selection_results/step_k_unet_enc0_direct_fullseq_greedy/artifacts/g_singleton_d02/replicate_0.log,2026-08-15T14:27:46.604341+00:00
g_singleton_d03,direct full-sequence singleton ATE sweep,3,[3],0,PASS,Completed the full matched RGB-D sequence,48.32856232000631,0,,,1305031473.1961,571,571,573,0.9965095986038395,0.2540205785676362,0.23936299467127164,0.22914359446183583,0.521144685803231,0.0850400559609259,18.131100036411837,17.543644493212344,25.64089877838883,0.020588312322894597,0.3645281209074455,1.187772320985678,15.567437175213298,0.2523407485253609,0.23673117021435394,1.0362730686724893,0.25982495736214595,0.2454324401998543,1.0356370593332782,429,0.259748,0.245318,0.025176,571,1.317529,5602.675536999999,0,0.77,0.993,1816000000.0,0.393968,83,/home/melody/code/individual_project/channel_selection_results/step_k_unet_enc0_direct_fullseq_greedy/artifacts/g_singleton_d03/replicate_0.all_frames.tum.txt,/home/melody/code/individual_project/channel_selection_results/step_k_unet_enc0_direct_fullseq_greedy/artifacts/g_singleton_d03/replicate_0.keyframes.tum.txt,/home/melody/code/individual_project/channel_selection_results/step_k_unet_enc0_direct_fullseq_greedy/artifacts/g_singleton_d03/replicate_0.log,2026-08-15T14:28:35.563933+00:00
g_singleton_d04,direct full-sequence singleton ATE sweep,4,[4],0,FAIL_TRACKING_NAN,Tracking emitted non-finite affine/pose diagnostics,17.776876767005888,-15,1305031459.4597,167,,,,573,,,,,,,,,,,,,,,,,,,,,,,,166,1.556166,260.3331787999982,1,0.0,0.994,21660000.0,0.009541,10,,,/home/melody/code/individual_project/channel_selection_results/step_k_unet_enc0_direct_fullseq_greedy/artifacts/g_singleton_d04/replicate_0.log,2026-08-15T14:28:53.395755+00:00
g_singleton_d05,direct full-sequence singleton ATE sweep,5,[5],0,FAIL_TRACKING_NAN,Tracking emitted non-finite affine/pose diagnostics,21.203027470997768,-15,1305031459.4597,167,,,,573,,,,,,,,,,,,,,,,,,,,,,,,166,3.057242,457.82506099999665,1,0.0,0.994,512100000.0,0.240985,59,,,/home/melody/code/individual_project/channel_selection_results/step_k_unet_enc0_direct_fullseq_greedy/artifacts/g_singleton_d05/replicate_0.log,2026-08-15T14:29:14.644815+00:00
g_singleton_d06,direct full-sequence singleton ATE sweep,6,[6],0,FAIL_TRACKING_NAN,Tracking emitted non-finite affine/pose diagnostics,9.342703564994736,-15,1305031454.8918,46,,,,573,,,,,,,,,,,,,,,,,,,,,,,,45,145.715179,674.4109465500002,1,0.0,0.997,2987000000.0,0.81409,29,,,/home/melody/code/individual_project/channel_selection_results/step_k_unet_enc0_direct_fullseq_greedy/artifacts/g_singleton_d06/replicate_0.log,2026-08-15T14:29:24.021115+00:00
g_singleton_d07,direct full-sequence singleton ATE sweep,7,[7],0,FAIL_TRACKING_NAN,Tracking emitted non-finite affine/pose diagnostics,26.33597534301225,-15,1305031463.5277,282,,,,573,,,,,,,,,,,,,,,,,,,,,,,,281,1.5057429999999998,6145.252856650003,1,0.0,0.994,9.549e+29,191066784.0,47,,,/home/melody/code/individual_project/channel_selection_results/step_k_unet_enc0_direct_fullseq_greedy/artifacts/g_singleton_d07/replicate_0.log,2026-08-15T14:29:50.393554+00:00
g_singleton_d08,direct full-sequence singleton ATE sweep,8,[8],0,FAIL_TRACKING_NAN,Tracking emitted non-finite affine/pose diagnostics,17.83866908600612,-15,1305031459.8597,177,,,,573,,,,,,,,,,,,,,,,,,,,,,,,176,10.265128,70.35662049999995,1,0.0,0.996,6793000.0,0.044313,71,,,/home/melody/code/individual_project/channel_selection_results/step_k_unet_enc0_direct_fullseq_greedy/artifacts/g_singleton_d08/replicate_0.log,2026-08-15T14:30:08.271014+00:00
g_singleton_d09,direct full-sequence singleton ATE sweep,9,[9],0,FAIL_TRACKING_NAN,Tracking emitted non-finite affine/pose diagnostics,23.1686388990056,-15,1305031463.0958,269,,,,573,,,,,,,,,,,,,,,,,,,,,,,,268,6.2204,3633.456323399996,1,0.0,0.993,706100.0,0.038537,64,,,/home/melody/code/individual_project/channel_selection_results/step_k_unet_enc0_direct_fullseq_greedy/artifacts/g_singleton_d09/replicate_0.log,2026-08-15T14:30:31.474498+00:00
g_singleton_d10,direct full-sequence singleton ATE sweep,10,[10],0,FAIL_TRACKING_NAN,Tracking emitted non-finite affine/pose diagnostics,7.937682199000847,-15,1305031454.6595,39,,,,573,,,,,,,,,,,,,,,,,,,,,,,,38,3.89765,3774.2184084999994,0,0.943,0.992,9119000.0,0.003218,10,,,/home/melody/code/individual_project/channel_selection_results/step_k_unet_enc0_direct_fullseq_greedy/artifacts/g_singleton_d10/replicate_0.log,2026-08-15T14:30:39.448433+00:00
g_singleton_d11,direct full-sequence singleton ATE sweep,11,[11],0,FAIL_TRACKING_NAN,Tracking emitted non-finite affine/pose diagnostics,10.790945446002297,-15,1305031454.9919,49,,,,573,,,,,,,,,,,,,,,,,,,,,,,,48,17.053173,2079.978918699994,1,0.0,0.995,123000000.0,0.68216,32,,,/home/melody/code/individual_project/channel_selection_results/step_k_unet_enc0_direct_fullseq_greedy/artifacts/g_singleton_d11/replicate_0.log,2026-08-15T14:30:50.274639+00:00
g_singleton_d12,direct full-sequence singleton ATE sweep,12,[12],0,FAIL_TRACKING_NAN,Tracking emitted non-finite affine/pose diagnostics,16.782803305992275,-15,1305031458.4917,141,,,,573,,,,,,,,,,,,,,,,,,,,,,,,140,1.776275,567.5354610999976,1,0.0,0.994,2194000.0,0.033447,33,,,/home/melody/code/individual_project/channel_selection_results/step_k_unet_enc0_direct_fullseq_greedy/artifacts/g_singleton_d12/replicate_0.log,2026-08-15T14:31:07.090937+00:00
g_singleton_d13,direct full-sequence singleton ATE sweep,13,[13],0,FAIL_TRACKING_NAN,Tracking emitted non-finite affine/pose diagnostics,18.75931275098992,-15,1305031459.0596,157,,,,573,,,,,,,,,,,,,,,,,,,,,,,,156,1.630994,451.63005679999736,1,0.0,0.994,1306000000.0,0.02236,58,,,/home/melody/code/individual_project/channel_selection_results/step_k_unet_enc0_direct_fullseq_greedy/artifacts/g_singleton_d13/replicate_0.log,2026-08-15T14:31:25.884984+00:00
g_singleton_d14,direct full-sequence singleton ATE sweep,14,[14],0,FAIL_TRACKING_NAN,Tracking emitted non-finite affine/pose diagnostics,24.7934718579927,-15,1305031463.2957,275,,,,573,,,,,,,,,,,,,,,,,,,,,,,,274,1.240381,7685.068359599973,1,0.0,0.994,86530000.0,0.261506,98,,,/home/melody/code/individual_project/channel_selection_results/step_k_unet_enc0_direct_fullseq_greedy/artifacts/g_singleton_d14/replicate_0.log,2026-08-15T14:31:50.713000+00:00
g_singleton_d15,direct full-sequence singleton ATE sweep,15,[15],0,FAIL_TRACKING_NAN,Tracking emitted non-finite affine/pose diagnostics,9.01443750600447,-15,1305031454.9919,49,,,,573,,,,,,,,,,,,,,,,,,,,,,,,48,46.812569,1291.2748044999976,1,0.0,0.997,458300000.0,0.642119,32,,,/home/melody/code/individual_project/channel_selection_results/step_k_unet_enc0_direct_fullseq_greedy/artifacts/g_singleton_d15/replicate_0.log,2026-08-15T14:31:59.762472+00:00
g_s01_k02_from_d03_add_d00,direct full-sequence ATE forward-greedy trial,"0,3","[0, 3]",0,PASS,Completed the full matched RGB-D sequence,45.55971915498958,0,,,1305031473.1961,571,571,573,0.9965095986038395,0.21280641845901974,0.2011877291111138,0.22132214451459362,0.3259688815088675,0.06935466381194917,14.500588841088442,13.898277926733108,19.95467637969366,0.014927327540991277,0.25456585633942463,0.6592511763037031,6.99484768707086,0.1968535002652737,0.18127663813624398,1.1053727520135943,0.20403153651009,0.19079912479816308,1.1006958057780942,431,0.203729,0.190528,0.018784,571,3.646145,4086.6320805000005,0,0.897,0.992,12230.0,0.003359,2,/home/melody/code/individual_project/channel_selection_results/step_k_unet_enc0_direct_fullseq_greedy/artifacts/g_s01_k02_from_d03_add_d00/replicate_0.all_frames.tum.txt,/home/melody/code/individual_project/channel_selection_results/step_k_unet_enc0_direct_fullseq_greedy/artifacts/g_s01_k02_from_d03_add_d00/replicate_0.keyframes.tum.txt,/home/melody/code/individual_project/channel_selection_results/step_k_unet_enc0_direct_fullseq_greedy/artifacts/g_s01_k02_from_d03_add_d00/replicate_0.log,2026-08-15T14:32:45.974615+00:00
g_s01_k02_from_d03_add_d01,direct full-sequence ATE forward-greedy trial,"1,3","[1, 3]",0,PASS,Completed the full matched RGB-D sequence,45.88900100000319,0,,,1305031473.1961,571,571,573,0.9965095986038395,0.22014365517288162,0.20740090063525854,0.19865165725303494,0.35680289697870504,0.07381121411113782,13.633469620592946,13.379004797364399,19.217892212993302,0.0158841896906035,0.25758004349311414,1.0613073695573418,15.3095925768996,0.20863243894443956,0.19699684784335533,1.0906564221318962,0.2032446692321657,0.19411035581829916,1.1035731224389194,434,0.203352,0.194268,0.020652,571,3.14984,2520.4693605,0,0.824,0.992,46990.0,0.004424,24,/home/melody/code/individual_project/channel_selection_results/step_k_unet_enc0_direct_fullseq_greedy/artifacts/g_s01_k02_from_d03_add_d01/replicate_0.all_frames.tum.txt,/home/melody/code/individual_project/channel_selection_results/step_k_unet_enc0_direct_fullseq_greedy/artifacts/g_s01_k02_from_d03_add_d01/replicate_0.keyframes.tum.txt,/home/melody/code/individual_project/channel_selection_results/step_k_unet_enc0_direct_fullseq_greedy/artifacts/g_s01_k02_from_d03_add_d01/replicate_0.log,2026-08-15T14:33:32.504237+00:00
g_s01_k02_from_d03_add_d02,direct full-sequence ATE forward-greedy trial,"2,3","[2, 3]",0,PASS,Completed the full matched RGB-D sequence,46.035907208002754,0,,,1305031473.1961,571,571,573,0.9965095986038395,0.22522558407620574,0.21530759067461364,0.2036949315490164,0.35877221788992497,0.06609996308895373,16.79430141008495,16.22395892913243,22.336380569021603,0.014490999809739927,0.24239942630233538,0.9935724353854517,17.607627999103524,0.22149369564490612,0.21115546622293516,1.0509675521726962,0.23156869945505612,0.22380808888067708,1.0472690275222556,430,0.231359,0.223631,0.018759,571,2.869282,228.55136099999999,0,0.898,0.993,130000.0,0.007491,16,/home/melody/code/individual_project/channel_selection_results/step_k_unet_enc0_direct_fullseq_greedy/artifacts/g_s01_k02_from_d03_add_d02/replicate_0.all_frames.tum.txt,/home/melody/code/individual_project/channel_selection_results/step_k_unet_enc0_direct_fullseq_greedy/artifacts/g_s01_k02_from_d03_add_d02/replicate_0.keyframes.tum.txt,/home/melody/code/individual_project/channel_selection_results/step_k_unet_enc0_direct_fullseq_greedy/artifacts/g_s01_k02_from_d03_add_d02/replicate_0.log,2026-08-15T14:34:19.191657+00:00
g_s01_k02_from_d03_add_d04,direct full-sequence ATE forward-greedy trial,"3,4","[3, 4]",0,PASS,Completed the full matched RGB-D sequence,48.202925213990966,0,,,1305031473.1961,571,571,573,0.9965095986038395,0.17081500112371592,0.1587793489000013,0.14341106794975356,0.32073172141500156,0.06298319594770282,13.869084081956878,13.378180512630301,19.324097686501364,0.016028866935327273,0.2766134478654769,1.2025242150925675,20.97961318820717,0.16803724967677697,0.15396057617438577,1.0372539940943495,0.1729977624884235,0.15898039254040663,1.0322809078475617,436,0.172832,0.158774,0.01911,571,2.801304,38.108787500000005,0,0.87,0.992,2171000.0,0.009712,30,/home/melody/code/individual_project/channel_selection_results/step_k_unet_enc0_direct_fullseq_greedy/artifacts/g_s01_k02_from_d03_add_d04/replicate_0.all_frames.tum.txt,/home/melody/code/individual_project/channel_selection_results/step_k_unet_enc0_direct_fullseq_greedy/artifacts/g_s01_k02_from_d03_add_d04/replicate_0.keyframes.tum.txt,/home/melody/code/individual_project/channel_selection_results/step_k_unet_enc0_direct_fullseq_greedy/artifacts/g_s01_k02_from_d03_add_d04/replicate_0.log,2026-08-15T14:35:08.035644+00:00
g_s01_k02_from_d03_add_d05,direct full-sequence ATE forward-greedy trial,"3,5","[3, 5]",0,PASS,Completed the full matched RGB-D sequence,45.262550954998005,0,,,1305031473.1961,571,571,573,0.9965095986038395,0.2572310707960278,0.2357020931662087,0.23352839987079924,0.3902561223495634,0.10301624658246358,17.61263602215264,17.155635486273102,22.169689164704693,0.015554899882272691,0.2601408541078933,0.8933663096053526,10.106868843419944,0.25626323602351847,0.23345278279313103,1.0275318747962745,0.2672563256806254,0.24928332428576724,1.0225215691911682,428,0.266943,0.249048,0.018256,571,3.927626,4387.431152,0,0.898,0.992,40940.0,0.003024,9,/home/melody/code/individual_project/channel_selection_results/step_k_unet_enc0_direct_fullseq_greedy/artifacts/g_s01_k02_from_d03_add_d05/replicate_0.all_frames.tum.txt,/home/melody/code/individual_project/channel_selection_results/step_k_unet_enc0_direct_fullseq_greedy/artifacts/g_s01_k02_from_d03_add_d05/replicate_0.keyframes.tum.txt,/home/melody/code/individual_project/channel_selection_results/step_k_unet_enc0_direct_fullseq_greedy/artifacts/g_s01_k02_from_d03_add_d05/replicate_0.log,2026-08-15T14:35:53.958737+00:00
g_s01_k02_from_d03_add_d06,direct full-sequence ATE forward-greedy trial,"3,6","[3, 6]",0,PASS,Completed the full matched RGB-D sequence,45.475093328001094,0,,,1305031473.1961,571,571,573,0.9965095986038395,0.2848120468004187,0.2656380096477091,0.2540506069800947,0.4542662313721309,0.10273436539467933,18.389031186961745,17.792315407345306,29.067882205773714,0.020154347487260433,0.3052045115106516,0.8533619332752292,9.857407325811083,0.28276239639739376,0.2608065718242283,1.0432139812000945,0.2901365693615418,0.27210482562327215,1.0280345111366946,431,0.289848,0.271901,0.023509,571,7.562308,3747.4404295,0,0.894,0.993,11290.0,0.002775,2,/home/melody/code/individual_project/channel_selection_results/step_k_unet_enc0_direct_fullseq_greedy/artifacts/g_s01_k02_from_d03_add_d06/replicate_0.all_frames.tum.txt,/home/melody/code/individual_project/channel_selection_results/step_k_unet_enc0_direct_fullseq_greedy/artifacts/g_s01_k02_from_d03_add_d06/replicate_0.keyframes.tum.txt,/home/melody/code/individual_project/channel_selection_results/step_k_unet_enc0_direct_fullseq_greedy/artifacts/g_s01_k02_from_d03_add_d06/replicate_0.log,2026-08-15T14:36:40.082172+00:00
g_s01_k02_from_d03_add_d07,direct full-sequence ATE forward-greedy trial,"3,7","[3, 7]",0,PASS,Completed the full matched RGB-D sequence,49.32427196799836,0,,,1305031473.1961,571,571,573,0.9965095986038395,0.14970641535808824,0.1375629154264963,0.11923408717070356,0.31922291950487847,0.05906314501219068,9.895257699645276,9.218230018960686,17.650256150287703,0.0165409863670672,0.2128402142840996,1.1427974110953827,14.657861117577522,0.1410378374677194,0.12186729824767631,1.0620650589213871,0.1275898579582154,0.1115096925242619,1.0639056713095523,437,0.127701,0.111654,0.021739,571,2.799161,148.43203749999998,0,0.877,0.992,910300.0,0.071499,50,/home/melody/code/individual_project/channel_selection_results/step_k_unet_enc0_direct_fullseq_greedy/artifacts/g_s01_k02_from_d03_add_d07/replicate_0.all_frames.tum.txt,/home/melody/code/individual_project/channel_selection_results/step_k_unet_enc0_direct_fullseq_greedy/artifacts/g_s01_k02_from_d03_add_d07/replicate_0.keyframes.tum.txt,/home/melody/code/individual_project/channel_selection_results/step_k_unet_enc0_direct_fullseq_greedy/artifacts/g_s01_k02_from_d03_add_d07/replicate_0.log,2026-08-15T14:37:30.092514+00:00
g_s01_k02_from_d03_add_d08,direct full-sequence ATE forward-greedy trial,"3,8","[3, 8]",0,PASS,Completed the full matched RGB-D sequence,45.88057209699764,0,,,1305031473.1961,571,571,573,0.9965095986038395,0.23486343418649022,0.22380888995894738,0.23410611842401766,0.3786631879257024,0.07120683600059478,18.456837935533315,17.54040456955488,34.26344584756819,0.014374961648578781,0.22440153350720113,0.7493106758898684,8.981675974654548,0.21479308715292647,0.19950738329698658,1.126890365555842,0.21587581702880923,0.2027587478570377,1.1169750991713665,432,0.215536,0.202478,0.019174,571,8.68908,4034.8032224999997,0,0.894,0.992,11820.0,0.004209,0,/home/melody/code/individual_project/channel_selection_results/step_k_unet_enc0_direct_fullseq_greedy/artifacts/g_s01_k02_from_d03_add_d08/replicate_0.all_frames.tum.txt,/home/melody/code/individual_project/channel_selection_results/step_k_unet_enc0_direct_fullseq_greedy/artifacts/g_s01_k02_from_d03_add_d08/replicate_0.keyframes.tum.txt,/home/melody/code/individual_project/channel_selection_results/step_k_unet_enc0_direct_fullseq_greedy/artifacts/g_s01_k02_from_d03_add_d08/replicate_0.log,2026-08-15T14:38:16.631289+00:00
g_s01_k02_from_d03_add_d09,direct full-sequence ATE forward-greedy trial,"3,9","[3, 9]",0,PASS,Completed the full matched RGB-D sequence,48.223059837997425,0,,,1305031473.1961,571,571,573,0.9965095986038395,0.2223845732049552,0.20740601114055748,0.17851927273799578,0.3790220121544341,0.0802349359214115,15.604543569695121,14.595359145168906,23.682977929331287,0.019253831260582693,0.33863241931308263,1.305186131326223,22.35838056772264,0.22140645157454636,0.20510354251650126,1.0253734016567893,0.22966533797014535,0.21438857702744105,1.0186292322076607,436,0.229408,0.214077,0.023253,571,4.342175,110.640625,0,0.893,0.992,650000.0,0.009268,30,/home/melody/code/individual_project/channel_selection_results/step_k_unet_enc0_direct_fullseq_greedy/artifacts/g_s01_k02_from_d03_add_d09/replicate_0.all_frames.tum.txt,/home/melody/code/individual_project/channel_selection_results/step_k_unet_enc0_direct_fullseq_greedy/artifacts/g_s01_k02_from_d03_add_d09/replicate_0.keyframes.tum.txt,/home/melody/code/individual_project/channel_selection_results/step_k_unet_enc0_direct_fullseq_greedy/artifacts/g_s01_k02_from_d03_add_d09/replicate_0.log,2026-08-15T14:39:05.502429+00:00
g_s01_k02_from_d03_add_d10,direct full-sequence ATE forward-greedy trial,"3,10","[3, 10]",0,PASS,Completed the full matched RGB-D sequence,45.629784213000676,0,,,1305031473.1961,571,571,573,0.9965095986038395,0.18105744994431958,0.1701865977099598,0.1809640286814541,0.26921336162732007,0.06179257350400686,14.126508497171745,13.62164894478903,21.928926165153282,0.009428604786348166,0.03719234813222312,0.5499481576139106,2.101059803319579,0.15625877468391608,0.14790650658456797,1.1195588925476898,0.15839589815493674,0.15161118455291112,1.119205901832127,428,0.158342,0.151567,0.01307,571,3.08551,7280.894531,0,0.874,0.992,17170.0,0.002815,0,/home/melody/code/individual_project/channel_selection_results/step_k_unet_enc0_direct_fullseq_greedy/artifacts/g_s01_k02_from_d03_add_d10/replicate_0.all_frames.tum.txt,/home/melody/code/individual_project/channel_selection_results/step_k_unet_enc0_direct_fullseq_greedy/artifacts/g_s01_k02_from_d03_add_d10/replicate_0.keyframes.tum.txt,/home/melody/code/individual_project/channel_selection_results/step_k_unet_enc0_direct_fullseq_greedy/artifacts/g_s01_k02_from_d03_add_d10/replicate_0.log,2026-08-15T14:39:51.776200+00:00
g_s01_k02_from_d03_add_d11,direct full-sequence ATE forward-greedy trial,"3,11","[3, 11]",0,PASS,Completed the full matched RGB-D sequence,46.67717724900285,0,,,1305031473.1961,571,571,573,0.9965095986038395,0.2450565449784137,0.22976620627022745,0.2498952355329041,0.35909354490142925,0.08520681130604864,15.933575112258533,15.435117735352017,21.0222893681741,0.015397366914495522,0.23631078114118817,0.6501388203160168,4.909494956672996,0.23575655892836106,0.21763919933065548,1.0867107929319728,0.24472910442526502,0.23009642053334428,1.0731285609369385,431,0.244461,0.229911,0.019245,571,3.002474,4451.5976565,0,0.894,0.993,13110.0,0.003089,7,/home/melody/code/individual_project/channel_selection_results/step_k_unet_enc0_direct_fullseq_greedy/artifacts/g_s01_k02_from_d03_add_d11/replicate_0.all_frames.tum.txt,/home/melody/code/individual_project/channel_selection_results/step_k_unet_enc0_direct_fullseq_greedy/artifacts/g_s01_k02_from_d03_add_d11/replicate_0.keyframes.tum.txt,/home/melody/code/individual_project/channel_selection_results/step_k_unet_enc0_direct_fullseq_greedy/artifacts/g_s01_k02_from_d03_add_d11/replicate_0.log,2026-08-15T14:40:39.096611+00:00
g_s01_k02_from_d03_add_d12,direct full-sequence ATE forward-greedy trial,"3,12","[3, 12]",0,PASS,Completed the full matched RGB-D sequence,44.84886911700596,0,,,1305031473.1961,571,571,573,0.9965095986038395,0.26313597657105253,0.24051232025180846,0.1984401263803458,0.4398499730308072,0.10674439551139468,16.615814436208044,16.066534153884263,22.11024015512488,0.015787650817378904,0.2787046234061984,0.7880496751506145,12.695136957032808,0.2626005384396317,0.23840812027740302,1.0206306692295029,0.2709982239224112,0.24872570237049174,1.0087947426366073,430,0.270732,0.248541,0.017943,571,3.183676,3444.8587645,0,0.883,0.992,26580.0,0.004562,8,/home/melody/code/individual_project/channel_selection_results/step_k_unet_enc0_direct_fullseq_greedy/artifacts/g_s01_k02_from_d03_add_d12/replicate_0.all_frames.tum.txt,/home/melody/code/individual_project/channel_selection_results/step_k_unet_enc0_direct_fullseq_greedy/artifacts/g_s01_k02_from_d03_add_d12/replicate_0.keyframes.tum.txt,/home/melody/code/individual_project/channel_selection_results/step_k_unet_enc0_direct_fullseq_greedy/artifacts/g_s01_k02_from_d03_add_d12/replicate_0.log,2026-08-15T14:41:24.603565+00:00
g_s01_k02_from_d03_add_d13,direct full-sequence ATE forward-greedy trial,"3,13","[3, 13]",0,FAIL_TRACKING_NAN,Tracking emitted non-finite affine/pose diagnostics,28.2437586140004,-15,1305031463.7597,289,,,,573,,,,,,,,,,,,,,,,,,,,,,,,288,2.970098,1368.8448850999996,1,0.0,0.994,2880000.0,0.032532,74,,,/home/melody/code/individual_project/channel_selection_results/step_k_unet_enc0_direct_fullseq_greedy/artifacts/g_s01_k02_from_d03_add_d13/replicate_0.log,2026-08-15T14:41:52.897316+00:00
g_pair_seed_sweep_d00_d01,exhaustive two-channel full-sequence seed sweep (only_1_singleton_passes_for_4_planned_starts),"0,1","[0, 1]",0,FAIL_TRACKING_NAN,Tracking emitted non-finite affine/pose diagnostics,17.87085635100084,-15,1305031459.1276,158,,,,573,,,,,,,,,,,,,,,,,,,,,,,,157,5.605627,372.68264,1,0.0,0.994,28330.0,0.003916,16,,,/home/melody/code/individual_project/channel_selection_results/step_k_unet_enc0_direct_fullseq_greedy/artifacts/g_pair_seed_sweep_d00_d01/replicate_0.log,2026-08-15T14:50:03.654678+00:00
g_pair_seed_sweep_d00_d02,exhaustive two-channel full-sequence seed sweep (only_1_singleton_passes_for_4_planned_starts),"0,2","[0, 2]",0,PASS,Completed the full matched RGB-D sequence,45.37736478699662,0,,,1305031473.1961,571,571,573,0.9965095986038395,0.2458802938310012,0.23402621272427995,0.23104213363345302,0.3771464916595916,0.07542446985129941,18.345659500564206,17.332177480233224,29.212697610904662,0.011686741307001735,0.12480345302936685,0.64665021779541,3.394769496430803,0.23315082143706967,0.22166090089748694,1.102654750571563,0.2455488606102772,0.23798853213731336,1.1035576451462312,429,0.24531,0.237818,0.015566,571,4.318299,6557.221436,0,0.897,0.992,211700.0,0.002126,3,/home/melody/code/individual_project/channel_selection_results/step_k_unet_enc0_direct_fullseq_greedy/artifacts/g_pair_seed_sweep_d00_d02/replicate_0.all_frames.tum.txt,/home/melody/code/individual_project/channel_selection_results/step_k_unet_enc0_direct_fullseq_greedy/artifacts/g_pair_seed_sweep_d00_d02/replicate_0.keyframes.tum.txt,/home/melody/code/individual_project/channel_selection_results/step_k_unet_enc0_direct_fullseq_greedy/artifacts/g_pair_seed_sweep_d00_d02/replicate_0.log,2026-08-15T14:50:49.673659+00:00
g_pair_seed_sweep_d00_d04,exhaustive two-channel full-sequence seed sweep (only_1_singleton_passes_for_4_planned_starts),"0,4","[0, 4]",0,PASS,Completed the full matched RGB-D sequence,45.686749821994454,0,,,1305031473.1961,571,571,573,0.9965095986038395,0.2197160805836083,0.20277428494042382,0.23625541594287322,0.31239027947575154,0.08460345994061035,14.484239187082288,13.783040568279866,21.2707411558966,0.01575564057838795,0.2860930818808136,0.6527630346353865,3.569349745304857,0.20768305417167604,0.18888335676957707,1.0926860261922517,0.21646546833925817,0.19912710466562356,1.0908770548962146,434,0.216253,0.199038,0.019768,571,4.195713,6324.845703,0,0.898,0.992,14710.0,0.002078,0,/home/melody/code/individual_project/channel_selection_results/step_k_unet_enc0_direct_fullseq_greedy/artifacts/g_pair_seed_sweep_d00_d04/replicate_0.all_frames.tum.txt,/home/melody/code/individual_project/channel_selection_results/step_k_unet_enc0_direct_fullseq_greedy/artifacts/g_pair_seed_sweep_d00_d04/replicate_0.keyframes.tum.txt,/home/melody/code/individual_project/channel_selection_results/step_k_unet_enc0_direct_fullseq_greedy/artifacts/g_pair_seed_sweep_d00_d04/replicate_0.log,2026-08-15T14:51:36.012995+00:00
g_pair_seed_sweep_d00_d05,exhaustive two-channel full-sequence seed sweep (only_1_singleton_passes_for_4_planned_starts),"0,5","[0, 5]",0,PASS,Completed the full matched RGB-D sequence,52.119543872002396,0,,,1305031473.1961,571,571,573,0.9965095986038395,0.16825817948440674,0.15248482064903088,0.1418063418137192,0.3653331499050863,0.07112801441794725,13.466575920342466,12.401410368490206,24.908260583722857,0.018935309675753357,0.30727883585239446,1.5219736209926744,30.72340324553889,0.16460324128931658,0.14705766852659644,1.0425362385171797,0.1506039576120968,0.1366565387048556,1.0431642899132567,430,0.150433,0.136485,0.02445,571,7.389418,215.274231,0,0.818,0.992,137500000.0,0.101215,79,/home/melody/code/individual_project/channel_selection_results/step_k_unet_enc0_direct_fullseq_greedy/artifacts/g_pair_seed_sweep_d00_d05/replicate_0.all_frames.tum.txt,/home/melody/code/individual_project/channel_selection_results/step_k_unet_enc0_direct_fullseq_greedy/artifacts/g_pair_seed_sweep_d00_d05/replicate_0.keyframes.tum.txt,/home/melody/code/individual_project/channel_selection_results/step_k_unet_enc0_direct_fullseq_greedy/artifacts/g_pair_seed_sweep_d00_d05/replicate_0.log,2026-08-15T14:52:28.779645+00:00
g_pair_seed_sweep_d00_d06,exhaustive two-channel full-sequence seed sweep (only_1_singleton_passes_for_4_planned_starts),"0,6","[0, 6]",0,FAIL_TRACKING_NAN,Tracking emitted non-finite affine/pose diagnostics,19.877449739986332,-15,1305031459.4597,167,,,,573,,,,,,,,,,,,,,,,,,,,,,,,166,50.122215,843.660949999999,1,0.0,0.995,2570000000.0,0.004786,39,,,/home/melody/code/individual_project/channel_selection_results/step_k_unet_enc0_direct_fullseq_greedy/artifacts/g_pair_seed_sweep_d00_d06/replicate_0.log,2026-08-15T14:52:48.710146+00:00
g_pair_seed_sweep_d00_d07,exhaustive two-channel full-sequence seed sweep (only_1_singleton_passes_for_4_planned_starts),"0,7","[0, 7]",0,PASS,Completed the full matched RGB-D sequence,46.27081647500745,0,,,1305031473.1961,571,571,573,0.9965095986038395,0.26596319082067776,0.24842127921500146,0.274321689676291,0.41479917332894994,0.0949909832810385,18.228097998592943,17.32601800628487,26.314912405047636,0.01748281956505259,0.3192507847269256,0.68034202589029,4.521687481881452,0.26085072679091154,0.24095898307013777,1.0666472204056348,0.2697093378996755,0.2517292630967541,1.0621880614237529,433,0.269559,0.251731,0.021282,571,4.060513,8405.0708005,0,0.896,0.992,41530.0,0.005772,3,/home/melody/code/individual_project/channel_selection_results/step_k_unet_enc0_direct_fullseq_greedy/artifacts/g_pair_seed_sweep_d00_d07/replicate_0.all_frames.tum.txt,/home/melody/code/individual_project/channel_selection_results/step_k_unet_enc0_direct_fullseq_greedy/artifacts/g_pair_seed_sweep_d00_d07/replicate_0.keyframes.tum.txt,/home/melody/code/individual_project/channel_selection_results/step_k_unet_enc0_direct_fullseq_greedy/artifacts/g_pair_seed_sweep_d00_d07/replicate_0.log,2026-08-15T14:53:35.619060+00:00
g_pair_seed_sweep_d00_d08,exhaustive two-channel full-sequence seed sweep (only_1_singleton_passes_for_4_planned_starts),"0,8","[0, 8]",0,PASS,Completed the full matched RGB-D sequence,49.57166382300784,0,,,1305031473.1961,571,571,573,0.9965095986038395,0.7996674544092619,0.6949644322883969,0.5313244603990065,1.3156112246356813,0.395591298558822,43.338146378392565,42.21386039519713,57.77888851662981,0.053000563582391184,1.214084760780147,1.7041912486730477,36.59395503641176,0.6386860233479542,0.605004394856954,0.5514566438197078,0.6463731818821957,0.6108983766406636,0.5396456714342104,427,0.645791,0.61016,0.035415,571,22.578751,661.8743895,0,0.894,0.993,202600.0,0.037944,48,/home/melody/code/individual_project/channel_selection_results/step_k_unet_enc0_direct_fullseq_greedy/artifacts/g_pair_seed_sweep_d00_d08/replicate_0.all_frames.tum.txt,/home/melody/code/individual_project/channel_selection_results/step_k_unet_enc0_direct_fullseq_greedy/artifacts/g_pair_seed_sweep_d00_d08/replicate_0.keyframes.tum.txt,/home/melody/code/individual_project/channel_selection_results/step_k_unet_enc0_direct_fullseq_greedy/artifacts/g_pair_seed_sweep_d00_d08/replicate_0.log,2026-08-15T14:54:25.842743+00:00
g_pair_seed_sweep_d00_d09,exhaustive two-channel full-sequence seed sweep (only_1_singleton_passes_for_4_planned_starts),"0,9","[0, 9]",0,PASS,Completed the full matched RGB-D sequence,46.47710010501032,0,,,1305031473.1961,571,571,573,0.9965095986038395,0.25924975810242323,0.24767084380662188,0.24226310020484276,0.3986849489331672,0.07661325084005279,19.38523386348255,18.163099958245834,30.922695128124452,0.010710417196488208,0.054389241356346776,0.6620816861699934,2.9151617672591863,0.24056462746106863,0.2296412529002632,1.1305855074866349,0.24841666695614426,0.24046364467906,1.1289735951887667,431,0.248072,0.24018,0.013916,571,16.074545,5840.7299805,0,0.873,0.992,10810.0,0.0028,0,/home/melody/code/individual_project/channel_selection_results/step_k_unet_enc0_direct_fullseq_greedy/artifacts/g_pair_seed_sweep_d00_d09/replicate_0.all_frames.tum.txt,/home/melody/code/individual_project/channel_selection_results/step_k_unet_enc0_direct_fullseq_greedy/artifacts/g_pair_seed_sweep_d00_d09/replicate_0.keyframes.tum.txt,/home/melody/code/individual_project/channel_selection_results/step_k_unet_enc0_direct_fullseq_greedy/artifacts/g_pair_seed_sweep_d00_d09/replicate_0.log,2026-08-15T14:55:12.954613+00:00
g_pair_seed_sweep_d00_d10,exhaustive two-channel full-sequence seed sweep (only_1_singleton_passes_for_4_planned_starts),"0,10","[0, 10]",0,PASS,Completed the full matched RGB-D sequence,44.22027146398614,0,,,1305031473.1961,571,571,573,0.9965095986038395,0.20940535796149415,0.2009119883714912,0.1987324805191222,0.31060740967066575,0.05903369268134324,16.957005246719913,15.833315567889377,27.429710508392773,0.01050784976599207,0.05280226047772402,0.6346257204617318,2.992810976040728,0.18641384610498876,0.1794091043447121,1.1263543522617843,0.1906054437611367,0.18521378995200358,1.124367795253549,432,0.19035,0.184999,0.014007,571,4.625362,8503.7060545,0,0.874,0.992,23270.0,0.001218,0,/home/melody/code/individual_project/channel_selection_results/step_k_unet_enc0_direct_fullseq_greedy/artifacts/g_pair_seed_sweep_d00_d10/replicate_0.all_frames.tum.txt,/home/melody/code/individual_project/channel_selection_results/step_k_unet_enc0_direct_fullseq_greedy/artifacts/g_pair_seed_sweep_d00_d10/replicate_0.keyframes.tum.txt,/home/melody/code/individual_project/channel_selection_results/step_k_unet_enc0_direct_fullseq_greedy/artifacts/g_pair_seed_sweep_d00_d10/replicate_0.log,2026-08-15T14:55:57.813841+00:00
g_pair_seed_sweep_d00_d11,exhaustive two-channel full-sequence seed sweep (only_1_singleton_passes_for_4_planned_starts),"0,11","[0, 11]",0,FAIL_TRACKING_NAN,Tracking emitted non-finite affine/pose diagnostics,19.198363477989915,-15,1305031459.4597,167,,,,573,,,,,,,,,,,,,,,,,,,,,,,,166,6.689605,94.16432939999997,1,0.0,0.994,735200000.0,0.007008,39,,,/home/melody/code/individual_project/channel_selection_results/step_k_unet_enc0_direct_fullseq_greedy/artifacts/g_pair_seed_sweep_d00_d11/replicate_0.log,2026-08-15T14:56:17.058539+00:00
g_pair_seed_sweep_d00_d12,exhaustive two-channel full-sequence seed sweep (only_1_singleton_passes_for_4_planned_starts),"0,12","[0, 12]",0,FAIL_TRACKING_NAN,Tracking emitted non-finite affine/pose diagnostics,18.285460061000776,-15,1305031459.4597,167,,,,573,,,,,,,,,,,,,,,,,,,,,,,,166,5.459361,668.7248535999992,1,0.0,0.993,228900000000.0,3.258247,24,,,/home/melody/code/individual_project/channel_selection_results/step_k_unet_enc0_direct_fullseq_greedy/artifacts/g_pair_seed_sweep_d00_d12/replicate_0.log,2026-08-15T14:56:35.396966+00:00
g_pair_seed_sweep_d00_d13,exhaustive two-channel full-sequence seed sweep (only_1_singleton_passes_for_4_planned_starts),"0,13","[0, 13]",0,PASS,Completed the full matched RGB-D sequence,45.17463585099904,0,,,1305031473.1961,571,571,573,0.9965095986038395,0.28447701219001803,0.2646990716905689,0.2990977922426902,0.40467786835781566,0.10421886542613457,19.212457124014538,18.16568054791747,29.543332846710246,0.016705333350788085,0.31012382093572477,0.6641383969298792,3.8007445584681174,0.2763888126650731,0.2547858773509973,1.088833767347472,0.28863653346470475,0.26959739105807795,1.0881252189928914,431,0.288428,0.269555,0.020632,571,4.356182,14422.8032225,0,0.896,0.992,65810.0,0.003063,0,/home/melody/code/individual_project/channel_selection_results/step_k_unet_enc0_direct_fullseq_greedy/artifacts/g_pair_seed_sweep_d00_d13/replicate_0.all_frames.tum.txt,/home/melody/code/individual_project/channel_selection_results/step_k_unet_enc0_direct_fullseq_greedy/artifacts/g_pair_seed_sweep_d00_d13/replicate_0.keyframes.tum.txt,/home/melody/code/individual_project/channel_selection_results/step_k_unet_enc0_direct_fullseq_greedy/artifacts/g_pair_seed_sweep_d00_d13/replicate_0.log,2026-08-15T14:57:21.200517+00:00
g_pair_seed_sweep_d00_d14,exhaustive two-channel full-sequence seed sweep (only_1_singleton_passes_for_4_planned_starts),"0,14","[0, 14]",0,FAIL_TRACKING_NAN,Tracking emitted non-finite affine/pose diagnostics,25.839131788990926,-15,1305031463.1957,272,,,,573,,,,,,,,,,,,,,,,,,,,,,,,271,3.6270125,1587.7727542499988,1,0.0,0.995,140700000.0,0.01168,52,,,/home/melody/code/individual_project/channel_selection_results/step_k_unet_enc0_direct_fullseq_greedy/artifacts/g_pair_seed_sweep_d00_d14/replicate_0.log,2026-08-15T14:57:47.086141+00:00
g_pair_seed_sweep_d00_d15,exhaustive two-channel full-sequence seed sweep (only_1_singleton_passes_for_4_planned_starts),"0,15","[0, 15]",0,FAIL_TRACKING_NAN,Tracking emitted non-finite affine/pose diagnostics,19.657062645987025,-15,1305031459.4597,167,,,,573,,,,,,,,,,,,,,,,,,,,,,,,166,47.854065,919.7558597999989,1,0.0,0.996,208700000.0,0.00854,41,,,/home/melody/code/individual_project/channel_selection_results/step_k_unet_enc0_direct_fullseq_greedy/artifacts/g_pair_seed_sweep_d00_d15/replicate_0.log,2026-08-15T14:58:06.788159+00:00
g_pair_seed_sweep_d01_d02,exhaustive two-channel full-sequence seed sweep (only_1_singleton_passes_for_4_planned_starts),"1,2","[1, 2]",0,PASS,Completed the full matched RGB-D sequence,46.49317204000545,0,,,1305031473.1961,571,571,573,0.9965095986038395,0.1939768213373085,0.18129396634091594,0.16478392381672896,0.3398771809487363,0.0689891657037896,12.934761372262496,11.270480149314539,25.81655987319977,0.012155510361667518,0.1514296801666697,0.8203316969832951,11.351181964525923,0.1603152803439831,0.1532969769417382,1.146293934537651,0.16012517034282628,0.15091906223346166,1.1580300727907638,428,0.16025,0.151092,0.017102,571,3.691896,4077.0247805,0,0.897,0.992,532900.0,0.007602,20,/home/melody/code/individual_project/channel_selection_results/step_k_unet_enc0_direct_fullseq_greedy/artifacts/g_pair_seed_sweep_d01_d02/replicate_0.all_frames.tum.txt,/home/melody/code/individual_project/channel_selection_results/step_k_unet_enc0_direct_fullseq_greedy/artifacts/g_pair_seed_sweep_d01_d02/replicate_0.keyframes.tum.txt,/home/melody/code/individual_project/channel_selection_results/step_k_unet_enc0_direct_fullseq_greedy/artifacts/g_pair_seed_sweep_d01_d02/replicate_0.log,2026-08-15T14:58:53.914646+00:00
g_pair_seed_sweep_d01_d04,exhaustive two-channel full-sequence seed sweep (only_1_singleton_passes_for_4_planned_starts),"1,4","[1, 4]",0,PASS,Completed the full matched RGB-D sequence,47.08341795999149,0,,,1305031473.1961,571,571,573,0.9965095986038395,0.21881621642229976,0.20421448773443285,0.2239372346819665,0.35085044649926755,0.07859376291242137,13.998376626243846,13.229284647563706,24.909624375938932,0.019858533492857978,0.3093810931391613,0.929182497916626,12.001911142644635,0.19433910485757555,0.18548640933183863,1.1344332409083544,0.200382059999767,0.19127408684246558,1.1434737880579438,430,0.200517,0.19147,0.026307,571,3.328955,5737.5151365,0,0.835,0.992,381100.0,0.020115,17,/home/melody/code/individual_project/channel_selection_results/step_k_unet_enc0_direct_fullseq_greedy/artifacts/g_pair_seed_sweep_d01_d04/replicate_0.all_frames.tum.txt,/home/melody/code/individual_project/channel_selection_results/step_k_unet_enc0_direct_fullseq_greedy/artifacts/g_pair_seed_sweep_d01_d04/replicate_0.keyframes.tum.txt,/home/melody/code/individual_project/channel_selection_results/step_k_unet_enc0_direct_fullseq_greedy/artifacts/g_pair_seed_sweep_d01_d04/replicate_0.log,2026-08-15T14:59:41.660149+00:00
g_pair_seed_sweep_d01_d05,exhaustive two-channel full-sequence seed sweep (only_1_singleton_passes_for_4_planned_starts),"1,5","[1, 5]",0,FAIL_TRACKING_NAN,Tracking emitted non-finite affine/pose diagnostics,10.868586393000442,-15,1305031454.8918,46,,,,573,,,,,,,,,,,,,,,,,,,,,,,,45,17.129678,146.94092655000006,1,0.0,0.993,126200000.0,0.050115,20,,,/home/melody/code/individual_project/channel_selection_results/step_k_unet_enc0_direct_fullseq_greedy/artifacts/g_pair_seed_sweep_d01_d05/replicate_0.log,2026-08-15T14:59:52.579809+00:00
g_pair_seed_sweep_d01_d06,exhaustive two-channel full-sequence seed sweep (only_1_singleton_passes_for_4_planned_starts),"1,6","[1, 6]",0,PASS,Completed the full matched RGB-D sequence,57.78925908499514,0,,,1305031473.1961,571,571,573,0.9965095986038395,0.4670075686110259,0.42089565952661273,0.3227955395695433,0.9632378299820095,0.2023435517421786,24.795512950144467,19.933409940508387,44.65251298138806,0.028073726394593917,0.5095902833094347,1.4168166876482573,21.704490822422827,0.44454591338756916,0.41890381418694683,0.8395149641107078,0.4534064375639929,0.43117423182811504,0.8492833963942262,434,0.453694,0.431718,0.027904,571,15.140934,193.3694385,0,0.848,0.993,12620000.0,0.039473,110,/home/melody/code/individual_project/channel_selection_results/step_k_unet_enc0_direct_fullseq_greedy/artifacts/g_pair_seed_sweep_d01_d06/replicate_0.all_frames.tum.txt,/home/melody/code/individual_project/channel_selection_results/step_k_unet_enc0_direct_fullseq_greedy/artifacts/g_pair_seed_sweep_d01_d06/replicate_0.keyframes.tum.txt,/home/melody/code/individual_project/channel_selection_results/step_k_unet_enc0_direct_fullseq_greedy/artifacts/g_pair_seed_sweep_d01_d06/replicate_0.log,2026-08-15T15:00:50.996765+00:00
g_pair_seed_sweep_d01_d07,exhaustive two-channel full-sequence seed sweep (only_1_singleton_passes_for_4_planned_starts),"1,7","[1, 7]",0,PASS,Completed the full matched RGB-D sequence,49.17406861799827,0,,,1305031473.1961,571,571,573,0.9965095986038395,0.3275487715921795,0.3078250162382882,0.280691210858526,0.49941640803130233,0.11194622436439468,18.159689538336657,16.771827353361196,31.38278030304659,0.01839854400056301,0.24822151329471973,1.1573180931412752,12.89847321661815,0.3265473849456204,0.3070433369107614,1.0327517861671702,0.3315440441151763,0.3185147457349179,1.0502042611383735,423,0.331861,0.31906,0.025891,571,3.304458,1925.1011965,0,0.856,0.992,1521000.0,0.011671,22,/home/melody/code/individual_project/channel_selection_results/step_k_unet_enc0_direct_fullseq_greedy/artifacts/g_pair_seed_sweep_d01_d07/replicate_0.all_frames.tum.txt,/home/melody/code/individual_project/channel_selection_results/step_k_unet_enc0_direct_fullseq_greedy/artifacts/g_pair_seed_sweep_d01_d07/replicate_0.keyframes.tum.txt,/home/melody/code/individual_project/channel_selection_results/step_k_unet_enc0_direct_fullseq_greedy/artifacts/g_pair_seed_sweep_d01_d07/replicate_0.log,2026-08-15T15:01:40.813536+00:00
g_pair_seed_sweep_d01_d08,exhaustive two-channel full-sequence seed sweep (only_1_singleton_passes_for_4_planned_starts),"1,8","[1, 8]",0,PASS,Completed the full matched RGB-D sequence,51.0749429360003,0,,,1305031473.1961,571,571,573,0.9965095986038395,0.2899626315911552,0.26970724896386766,0.24606106914580553,0.5469739524420393,0.1064721915600985,19.456074527711998,18.56988564838498,29.761986848392958,0.019283727892410334,0.29807574224856315,1.111930113336587,18.716501916223702,0.2896535608785361,0.2707556475146082,0.9839585837854252,0.2911533788460214,0.27096772661615964,0.9873616755318191,430,0.29106,0.27083,0.022562,571,14.013716,932.2207645,0,0.838,0.992,351700.0,0.048046,35,/home/melody/code/individual_project/channel_selection_results/step_k_unet_enc0_direct_fullseq_greedy/artifacts/g_pair_seed_sweep_d01_d08/replicate_0.all_frames.tum.txt,/home/melody/code/individual_project/channel_selection_results/step_k_unet_enc0_direct_fullseq_greedy/artifacts/g_pair_seed_sweep_d01_d08/replicate_0.keyframes.tum.txt,/home/melody/code/individual_project/channel_selection_results/step_k_unet_enc0_direct_fullseq_greedy/artifacts/g_pair_seed_sweep_d01_d08/replicate_0.log,2026-08-15T15:02:32.530377+00:00
g_pair_seed_sweep_d01_d09,exhaustive two-channel full-sequence seed sweep (only_1_singleton_passes_for_4_planned_starts),"1,9","[1, 9]",0,PASS,Completed the full matched RGB-D sequence,48.15969227299502,0,,,1305031473.1961,571,571,573,0.9965095986038395,0.19697816935367685,0.18038671800448727,0.15766141278904064,0.35480358327526795,0.07912667798849757,12.879776118497691,11.654506210950357,24.39537508491358,0.015797909343627077,0.22126889862420132,0.7881840788136273,12.6205240316398,0.1491661320352599,0.14237865120599658,1.176455135328372,0.15363992797867873,0.14578782204519292,1.182416519183802,431,0.153554,0.14574,0.021389,571,6.877933,2613.42688,0,0.896,0.993,219800.0,0.025537,38,/home/melody/code/individual_project/channel_selection_results/step_k_unet_enc0_direct_fullseq_greedy/artifacts/g_pair_seed_sweep_d01_d09/replicate_0.all_frames.tum.txt,/home/melody/code/individual_project/channel_selection_results/step_k_unet_enc0_direct_fullseq_greedy/artifacts/g_pair_seed_sweep_d01_d09/replicate_0.keyframes.tum.txt,/home/melody/code/individual_project/channel_selection_results/step_k_unet_enc0_direct_fullseq_greedy/artifacts/g_pair_seed_sweep_d01_d09/replicate_0.log,2026-08-15T15:03:21.337211+00:00
g_pair_seed_sweep_d01_d10,exhaustive two-channel full-sequence seed sweep (only_1_singleton_passes_for_4_planned_starts),"1,10","[1, 10]",0,PASS,Completed the full matched RGB-D sequence,44.582698465004796,0,,,1305031473.1961,571,571,573,0.9965095986038395,0.17979253465923822,0.1692546107099644,0.1524154648861811,0.297491279069636,0.060648431740744815,13.847613136373797,12.988086298345525,24.0366025494672,0.009642357704146051,0.05140212829274274,0.5787405890340386,3.4188291780414355,0.14863221690938666,0.14307430729129936,1.1337001414219854,0.15365762803945873,0.1506220053097611,1.1353093397998943,433,0.153504,0.150477,0.012608,571,3.769346,2924.2008055,0,0.896,0.993,17210.0,0.003486,0,/home/melody/code/individual_project/channel_selection_results/step_k_unet_enc0_direct_fullseq_greedy/artifacts/g_pair_seed_sweep_d01_d10/replicate_0.all_frames.tum.txt,/home/melody/code/individual_project/channel_selection_results/step_k_unet_enc0_direct_fullseq_greedy/artifacts/g_pair_seed_sweep_d01_d10/replicate_0.keyframes.tum.txt,/home/melody/code/individual_project/channel_selection_results/step_k_unet_enc0_direct_fullseq_greedy/artifacts/g_pair_seed_sweep_d01_d10/replicate_0.log,2026-08-15T15:04:06.559110+00:00
g_pair_seed_sweep_d01_d11,exhaustive two-channel full-sequence seed sweep (only_1_singleton_passes_for_4_planned_starts),"1,11","[1, 11]",0,FAIL_TRACKING_NAN,Tracking emitted non-finite affine/pose diagnostics,19.98681712799589,-15,1305031459.1276,158,,,,573,,,,,,,,,,,,,,,,,,,,,,,,157,3.6806295,47.215986,1,0.0,0.994,942400.0,0.010942,60,,,/home/melody/code/individual_project/channel_selection_results/step_k_unet_enc0_direct_fullseq_greedy/artifacts/g_pair_seed_sweep_d01_d11/replicate_0.log,2026-08-15T15:04:26.594430+00:00
g_pair_seed_sweep_d01_d12,exhaustive two-channel full-sequence seed sweep (only_1_singleton_passes_for_4_planned_starts),"1,12","[1, 12]",0,FAIL_TRACKING_NAN,Tracking emitted non-finite affine/pose diagnostics,9.557108346998575,-15,1305031454.4916,34,,,,573,,,,,,,,,,,,,,,,,,,,,,,,33,4.121565,47.74204749999999,1,0.0,0.992,9146000000.0,0.109052,9,,,/home/melody/code/individual_project/channel_selection_results/step_k_unet_enc0_direct_fullseq_greedy/artifacts/g_pair_seed_sweep_d01_d12/replicate_0.log,2026-08-15T15:04:36.190170+00:00
g_pair_seed_sweep_d01_d13,exhaustive two-channel full-sequence seed sweep (only_1_singleton_passes_for_4_planned_starts),"1,13","[1, 13]",0,PASS,Completed the full matched RGB-D sequence,48.2728881649964,0,,,1305031473.1961,571,571,573,0.9965095986038395,0.7605206021452064,0.7044813880870664,0.5838804719979882,1.2477911271060693,0.2865267179971662,30.212866643781197,28.024633733261435,49.0794508704466,0.031352496188736104,0.42674299360046863,1.4600171790874035,19.24198964796434,0.6347425083497426,0.6024404083711457,0.5871689122252433,0.6506543761489246,0.6285298912751155,0.5908967338516404,429,0.650925,0.629111,0.025509,571,3.427109,8896.480469,0,0.806,0.992,13650000.0,0.026389,44,/home/melody/code/individual_project/channel_selection_results/step_k_unet_enc0_direct_fullseq_greedy/artifacts/g_pair_seed_sweep_d01_d13/replicate_0.all_frames.tum.txt,/home/melody/code/individual_project/channel_selection_results/step_k_unet_enc0_direct_fullseq_greedy/artifacts/g_pair_seed_sweep_d01_d13/replicate_0.keyframes.tum.txt,/home/melody/code/individual_project/channel_selection_results/step_k_unet_enc0_direct_fullseq_greedy/artifacts/g_pair_seed_sweep_d01_d13/replicate_0.log,2026-08-15T15:05:25.100292+00:00
g_pair_seed_sweep_d01_d14,exhaustive two-channel full-sequence seed sweep (only_1_singleton_passes_for_4_planned_starts),"1,14","[1, 14]",0,FAIL_TRACKING_NAN,Tracking emitted non-finite affine/pose diagnostics,19.457161956001073,-15,1305031459.4597,167,,,,573,,,,,,,,,,,,,,,,,,,,,,,,166,3.104276,73.91720859999985,1,0.0,0.994,64230000.0,0.013558,53,,,/home/melody/code/individual_project/channel_selection_results/step_k_unet_enc0_direct_fullseq_greedy/artifacts/g_pair_seed_sweep_d01_d14/replicate_0.log,2026-08-15T15:05:44.606695+00:00
g_pair_seed_sweep_d01_d15,exhaustive two-channel full-sequence seed sweep (only_1_singleton_passes_for_4_planned_starts),"1,15","[1, 15]",0,PASS,Completed the full matched RGB-D sequence,58.36376339799608,0,,,1305031473.1961,571,571,573,0.9965095986038395,0.517305826684547,0.4755124321589021,0.3923240866882047,0.9268773342078521,0.20369890815639674,23.65680122553779,18.254410779594032,43.39120649538067,0.0247363859469726,0.29841882180919443,1.3723330824061812,17.455144179385545,0.4839332142464192,0.46234817898421177,0.7983461983748902,0.4923707414298356,0.4761443018294551,0.8102480069454302,434,0.492649,0.476677,0.02408,571,15.065223,410.3010865,0,0.867,0.993,2495000.0,0.042295,94,/home/melody/code/individual_project/channel_selection_results/step_k_unet_enc0_direct_fullseq_greedy/artifacts/g_pair_seed_sweep_d01_d15/replicate_0.all_frames.tum.txt,/home/melody/code/individual_project/channel_selection_results/step_k_unet_enc0_direct_fullseq_greedy/artifacts/g_pair_seed_sweep_d01_d15/replicate_0.keyframes.tum.txt,/home/melody/code/individual_project/channel_selection_results/step_k_unet_enc0_direct_fullseq_greedy/artifacts/g_pair_seed_sweep_d01_d15/replicate_0.log,2026-08-15T15:06:43.610424+00:00
g_pair_seed_sweep_d02_d04,exhaustive two-channel full-sequence seed sweep (only_1_singleton_passes_for_4_planned_starts),"2,4","[2, 4]",0,PASS,Completed the full matched RGB-D sequence,45.71057547899545,0,,,1305031473.1961,571,571,573,0.9965095986038395,0.1423640492566198,0.1366331190048094,0.14119505861520856,0.21908279393082877,0.039986414089773756,10.509163893069745,10.195865826277036,14.742572380885994,0.013100620073988638,0.17140705612303989,0.77560997714768,8.365377495930804,0.13352168734559872,0.12716820139814614,1.0609098406167132,0.1351519982796494,0.12895533460800548,1.0610151428144081,432,0.134977,0.128785,0.016862,571,3.129249,775.883881,0,0.9,0.993,306300.0,0.006274,11,/home/melody/code/individual_project/channel_selection_results/step_k_unet_enc0_direct_fullseq_greedy/artifacts/g_pair_seed_sweep_d02_d04/replicate_0.all_frames.tum.txt,/home/melody/code/individual_project/channel_selection_results/step_k_unet_enc0_direct_fullseq_greedy/artifacts/g_pair_seed_sweep_d02_d04/replicate_0.keyframes.tum.txt,/home/melody/code/individual_project/channel_selection_results/step_k_unet_enc0_direct_fullseq_greedy/artifacts/g_pair_seed_sweep_d02_d04/replicate_0.log,2026-08-15T15:07:29.959705+00:00
g_pair_seed_sweep_d02_d05,exhaustive two-channel full-sequence seed sweep (only_1_singleton_passes_for_4_planned_starts),"2,5","[2, 5]",0,PASS,Completed the full matched RGB-D sequence,46.10870057299326,0,,,1305031473.1961,571,571,573,0.9965095986038395,0.19690349374390848,0.1836878139600789,0.19119010988861687,0.3019714230604671,0.07092089149978895,15.442861051029267,14.32029691078599,26.008169522384755,0.012267853112581328,0.16731051820515208,0.7223661100805587,7.4991844374355825,0.18325307448502878,0.1724403086145782,1.0924689082183587,0.19397470687524393,0.18613849583787198,1.0982260500821472,423,0.193725,0.185929,0.016717,571,4.677198,3945.1623535,0,0.899,0.992,114800.0,0.044804,20,/home/melody/code/individual_project/channel_selection_results/step_k_unet_enc0_direct_fullseq_greedy/artifacts/g_pair_seed_sweep_d02_d05/replicate_0.all_frames.tum.txt,/home/melody/code/individual_project/channel_selection_results/step_k_unet_enc0_direct_fullseq_greedy/artifacts/g_pair_seed_sweep_d02_d05/replicate_0.keyframes.tum.txt,/home/melody/code/individual_project/channel_selection_results/step_k_unet_enc0_direct_fullseq_greedy/artifacts/g_pair_seed_sweep_d02_d05/replicate_0.log,2026-08-15T15:08:16.708983+00:00
g_pair_seed_sweep_d02_d06,exhaustive two-channel full-sequence seed sweep (only_1_singleton_passes_for_4_planned_starts),"2,6","[2, 6]",0,PASS,Completed the full matched RGB-D sequence,45.42881049400603,0,,,1305031473.1961,571,571,573,0.9965095986038395,0.21172213549869623,0.2026301175969884,0.19912918886478084,0.32682222362412094,0.06137831948464329,16.213104912644884,15.713030643697843,22.68722462089174,0.010399604271402064,0.057065500129404964,0.6544011961690578,5.483066578665583,0.194735021438638,0.18656228148831056,1.1085583312522231,0.20528794166605807,0.20065689074750082,1.1138328828165367,426,0.205101,0.200474,0.015355,571,10.064624,4286.6318360000005,0,0.898,0.993,42640.0,0.003431,5,/home/melody/code/individual_project/channel_selection_results/step_k_unet_enc0_direct_fullseq_greedy/artifacts/g_pair_seed_sweep_d02_d06/replicate_0.all_frames.tum.txt,/home/melody/code/individual_project/channel_selection_results/step_k_unet_enc0_direct_fullseq_greedy/artifacts/g_pair_seed_sweep_d02_d06/replicate_0.keyframes.tum.txt,/home/melody/code/individual_project/channel_selection_results/step_k_unet_enc0_direct_fullseq_greedy/artifacts/g_pair_seed_sweep_d02_d06/replicate_0.log,2026-08-15T15:09:02.776798+00:00
g_pair_seed_sweep_d02_d07,exhaustive two-channel full-sequence seed sweep (only_1_singleton_passes_for_4_planned_starts),"2,7","[2, 7]",0,PASS,Completed the full matched RGB-D sequence,47.15151306899497,0,,,1305031473.1961,571,571,573,0.9965095986038395,0.15959557977563266,0.15012688726206874,0.1561543206144993,0.24192102620966036,0.05415410238312907,14.259681033306093,13.677299493780787,20.065742590064623,0.01260302274195941,0.14902495739105795,0.7989614885988375,11.024017504957474,0.15058335899125028,0.14066593211799977,1.0657127060926121,0.15307301150945563,0.1439040281461798,1.0626345891533544,433,0.152969,0.143803,0.016148,571,3.116055,249.4884495,0,0.898,0.993,397200.0,0.009323,25,/home/melody/code/individual_project/channel_selection_results/step_k_unet_enc0_direct_fullseq_greedy/artifacts/g_pair_seed_sweep_d02_d07/replicate_0.all_frames.tum.txt,/home/melody/code/individual_project/channel_selection_results/step_k_unet_enc0_direct_fullseq_greedy/artifacts/g_pair_seed_sweep_d02_d07/replicate_0.keyframes.tum.txt,/home/melody/code/individual_project/channel_selection_results/step_k_unet_enc0_direct_fullseq_greedy/artifacts/g_pair_seed_sweep_d02_d07/replicate_0.log,2026-08-15T15:09:50.587567+00:00
g_pair_seed_sweep_d02_d08,exhaustive two-channel full-sequence seed sweep (only_1_singleton_passes_for_4_planned_starts),"2,8","[2, 8]",0,PASS,Completed the full matched RGB-D sequence,45.9493145239976,0,,,1305031473.1961,571,571,573,0.9965095986038395,0.21934260072238376,0.20943005653732585,0.199297456133754,0.35172515631637674,0.06519377202180869,16.53602351080221,15.442027927318179,26.286528099823208,0.012310209174546413,0.14621730977353992,0.7436160401135432,8.76807874634458,0.19959601666022578,0.19051917815511382,1.12023987653634,0.2101242367114494,0.20471485277180307,1.1236770697146654,429,0.209862,0.204473,0.017163,571,9.640997,4823.771484000001,0,0.895,0.993,302700.0,0.002841,0,/home/melody/code/individual_project/channel_selection_results/step_k_unet_enc0_direct_fullseq_greedy/artifacts/g_pair_seed_sweep_d02_d08/replicate_0.all_frames.tum.txt,/home/melody/code/individual_project/channel_selection_results/step_k_unet_enc0_direct_fullseq_greedy/artifacts/g_pair_seed_sweep_d02_d08/replicate_0.keyframes.tum.txt,/home/melody/code/individual_project/channel_selection_results/step_k_unet_enc0_direct_fullseq_greedy/artifacts/g_pair_seed_sweep_d02_d08/replicate_0.log,2026-08-15T15:10:37.183636+00:00
g_pair_seed_sweep_d02_d09,exhaustive two-channel full-sequence seed sweep (only_1_singleton_passes_for_4_planned_starts),"2,9","[2, 9]",0,PASS,Completed the full matched RGB-D sequence,45.83906002900039,0,,,1305031473.1961,571,571,573,0.9965095986038395,0.21145548861804656,0.2022192629443198,0.18766308311882723,0.31353839276708556,0.061812566367631536,15.416420011740573,14.861326852670981,19.814338072140615,0.011483056268950789,0.1437963922389366,0.6475901930662394,6.963714788850511,0.19611809724752707,0.18627332416502618,1.1027955432955983,0.2050182792867281,0.19802276457135856,1.1025736729925317,432,0.204802,0.197856,0.014741,571,4.548978,1098.078247,0,0.897,0.993,169500.0,0.004668,11,/home/melody/code/individual_project/channel_selection_results/step_k_unet_enc0_direct_fullseq_greedy/artifacts/g_pair_seed_sweep_d02_d09/replicate_0.all_frames.tum.txt,/home/melody/code/individual_project/channel_selection_results/step_k_unet_enc0_direct_fullseq_greedy/artifacts/g_pair_seed_sweep_d02_d09/replicate_0.keyframes.tum.txt,/home/melody/code/individual_project/channel_selection_results/step_k_unet_enc0_direct_fullseq_greedy/artifacts/g_pair_seed_sweep_d02_d09/replicate_0.log,2026-08-15T15:11:23.664406+00:00
g_pair_seed_sweep_d02_d10,exhaustive two-channel full-sequence seed sweep (only_1_singleton_passes_for_4_planned_starts),"2,10","[2, 10]",0,PASS,Completed the full matched RGB-D sequence,43.70950646600977,0,,,1305031473.1961,571,571,573,0.9965095986038395,0.15954937923899795,0.1498080749218105,0.14178128476358176,0.29313136097075565,0.054895765809129644,13.112375885998299,12.78750453267453,18.338580973849904,0.011083393795841636,0.12449458624500617,0.6636858186155408,7.36625042802531,0.14782923319213687,0.13802647964440018,1.0752222135304772,0.14777083559097187,0.13720061277266724,1.080609455769159,434,0.147868,0.137305,0.014756,571,3.362674,4149.274902499999,0,0.872,0.993,34100.0,0.002184,0,/home/melody/code/individual_project/channel_selection_results/step_k_unet_enc0_direct_fullseq_greedy/artifacts/g_pair_seed_sweep_d02_d10/replicate_0.all_frames.tum.txt,/home/melody/code/individual_project/channel_selection_results/step_k_unet_enc0_direct_fullseq_greedy/artifacts/g_pair_seed_sweep_d02_d10/replicate_0.keyframes.tum.txt,/home/melody/code/individual_project/channel_selection_results/step_k_unet_enc0_direct_fullseq_greedy/artifacts/g_pair_seed_sweep_d02_d10/replicate_0.log,2026-08-15T15:12:08.024479+00:00
g_pair_seed_sweep_d02_d11,exhaustive two-channel full-sequence seed sweep (only_1_singleton_passes_for_4_planned_starts),"2,11","[2, 11]",0,PASS,Completed the full matched RGB-D sequence,45.63073451099626,0,,,1305031473.1961,571,571,573,0.9965095986038395,0.26573425512974147,0.25208801644053974,0.2622786989426775,0.3792416284484226,0.08406144369705223,17.428521114387827,16.756382895962826,24.543450534358843,0.013080446196733056,0.167499154912731,0.767250120237435,11.130623674772945,0.2598296018562841,0.24522572580593074,1.0718619489884076,0.27160676201363315,0.2608983016487543,1.0685679912788502,433,0.271394,0.260794,0.01625,571,3.574564,4491.5390625,0,0.895,0.993,128500.0,0.00352,6,/home/melody/code/individual_project/channel_selection_results/step_k_unet_enc0_direct_fullseq_greedy/artifacts/g_pair_seed_sweep_d02_d11/replicate_0.all_frames.tum.txt,/home/melody/code/individual_project/channel_selection_results/step_k_unet_enc0_direct_fullseq_greedy/artifacts/g_pair_seed_sweep_d02_d11/replicate_0.keyframes.tum.txt,/home/melody/code/individual_project/channel_selection_results/step_k_unet_enc0_direct_fullseq_greedy/artifacts/g_pair_seed_sweep_d02_d11/replicate_0.log,2026-08-15T15:12:54.314808+00:00
g_pair_seed_sweep_d02_d12,exhaustive two-channel full-sequence seed sweep (only_1_singleton_passes_for_4_planned_starts),"2,12","[2, 12]",0,PASS,Completed the full matched RGB-D sequence,44.4618413040007,0,,,1305031473.1961,571,571,573,0.9965095986038395,0.18141804561596284,0.1726801649905755,0.17523150676241533,0.2756654663609868,0.055624346233849764,14.27168163175567,13.36346871739818,23.53171300518085,0.010455443473596546,0.07658316989126218,0.7560288391202912,8.527717411509204,0.1644153734719833,0.15468756690481847,1.098533318648944,0.172847724837071,0.16618191207210062,1.1018655354092508,421,0.172672,0.165994,0.013385,571,3.733031,4638.889404,0,0.899,0.993,136200.0,0.005927,20,/home/melody/code/individual_project/channel_selection_results/step_k_unet_enc0_direct_fullseq_greedy/artifacts/g_pair_seed_sweep_d02_d12/replicate_0.all_frames.tum.txt,/home/melody/code/individual_project/channel_selection_results/step_k_unet_enc0_direct_fullseq_greedy/artifacts/g_pair_seed_sweep_d02_d12/replicate_0.keyframes.tum.txt,/home/melody/code/individual_project/channel_selection_results/step_k_unet_enc0_direct_fullseq_greedy/artifacts/g_pair_seed_sweep_d02_d12/replicate_0.log,2026-08-15T15:13:39.418738+00:00
g_pair_seed_sweep_d02_d13,exhaustive two-channel full-sequence seed sweep (only_1_singleton_passes_for_4_planned_starts),"2,13","[2, 13]",0,PASS,Completed the full matched RGB-D sequence,45.75636284101347,0,,,1305031473.1961,571,571,573,0.9965095986038395,0.1948500647943646,0.18851278204570887,0.1784184340854371,0.2824566347967399,0.04928974290615798,16.830932898689625,15.991940423287486,25.149037174319947,0.014115717958698957,0.22434886781857874,0.9623148105023579,15.297402289942765,0.17909365205481956,0.1740565660582496,1.0990188738998214,0.18421594010800438,0.181319848409054,1.1012042756838631,430,0.18412,0.181195,0.018832,571,3.369018,2764.839844,0,0.898,0.992,352900.0,0.005319,21,/home/melody/code/individual_project/channel_selection_results/step_k_unet_enc0_direct_fullseq_greedy/artifacts/g_pair_seed_sweep_d02_d13/replicate_0.all_frames.tum.txt,/home/melody/code/individual_project/channel_selection_results/step_k_unet_enc0_direct_fullseq_greedy/artifacts/g_pair_seed_sweep_d02_d13/replicate_0.keyframes.tum.txt,/home/melody/code/individual_project/channel_selection_results/step_k_unet_enc0_direct_fullseq_greedy/artifacts/g_pair_seed_sweep_d02_d13/replicate_0.log,2026-08-15T15:14:25.826224+00:00
g_pair_seed_sweep_d02_d14,exhaustive two-channel full-sequence seed sweep (only_1_singleton_passes_for_4_planned_starts),"2,14","[2, 14]",0,PASS,Completed the full matched RGB-D sequence,45.69642201800889,0,,,1305031473.1961,571,571,573,0.9965095986038395,0.1312969440216982,0.12546995647960651,0.13176979409428013,0.20250668333412034,0.038680454113707116,10.951232563323357,10.663890791125631,15.085561988025383,0.009344622074058194,0.06993463256367971,0.5639297752977641,3.0580824603714927,0.1151308992387464,0.107800086536258,1.0789144225300207,0.11147615624101906,0.10334527441550852,1.0828480507439888,429,0.111478,0.103332,0.011982,571,2.730416,1000.458252,0,0.87,0.993,463600.0,0.005879,9,/home/melody/code/individual_project/channel_selection_results/step_k_unet_enc0_direct_fullseq_greedy/artifacts/g_pair_seed_sweep_d02_d14/replicate_0.all_frames.tum.txt,/home/melody/code/individual_project/channel_selection_results/step_k_unet_enc0_direct_fullseq_greedy/artifacts/g_pair_seed_sweep_d02_d14/replicate_0.keyframes.tum.txt,/home/melody/code/individual_project/channel_selection_results/step_k_unet_enc0_direct_fullseq_greedy/artifacts/g_pair_seed_sweep_d02_d14/replicate_0.log,2026-08-15T15:15:12.171605+00:00
g_pair_seed_sweep_d02_d15,exhaustive two-channel full-sequence seed sweep (only_1_singleton_passes_for_4_planned_starts),"2,15","[2, 15]",0,PASS,Completed the full matched RGB-D sequence,45.96672248399409,0,,,1305031473.1961,571,571,573,0.9965095986038395,0.22840982693728118,0.21423555604756667,0.22033100255995222,0.34217710149406927,0.07920969363978542,17.172148976720894,16.45039979673138,25.015511832055232,0.01260082481498419,0.1727748221889933,0.6323044513692273,4.532571079492746,0.21436573778701154,0.19930690481809835,1.1030916152205736,0.22529530739985795,0.21479093247739153,1.1044801875229797,432,0.225131,0.214681,0.016099,571,10.699615,4023.356079,0,0.9,0.993,30410.0,0.003206,0,/home/melody/code/individual_project/channel_selection_results/step_k_unet_enc0_direct_fullseq_greedy/artifacts/g_pair_seed_sweep_d02_d15/replicate_0.all_frames.tum.txt,/home/melody/code/individual_project/channel_selection_results/step_k_unet_enc0_direct_fullseq_greedy/artifacts/g_pair_seed_sweep_d02_d15/replicate_0.keyframes.tum.txt,/home/melody/code/individual_project/channel_selection_results/step_k_unet_enc0_direct_fullseq_greedy/artifacts/g_pair_seed_sweep_d02_d15/replicate_0.log,2026-08-15T15:15:58.773476+00:00
g_pair_seed_sweep_d03_d14,exhaustive two-channel full-sequence seed sweep (only_1_singleton_passes_for_4_planned_starts),"3,14","[3, 14]",0,PASS,Completed the full matched RGB-D sequence,45.78236140499939,0,,,1305031473.1961,571,571,573,0.9965095986038395,0.16751407906435353,0.15766205954320217,0.15372053569155722,0.37352713451679154,0.05660072142097007,9.968079236339614,9.324350633476325,15.324896503897898,0.011619555950571006,0.1203918943326421,0.6875627915102837,9.042692624872501,0.14543771012426135,0.137442879578714,1.1072195613153906,0.1403971858460957,0.13279482099526452,1.1090453917909733,433,0.140369,0.132796,0.015589,571,2.473885,1745.1574095,0,0.897,0.993,34740.0,0.008757,35,/home/melody/code/individual_project/channel_selection_results/step_k_unet_enc0_direct_fullseq_greedy/artifacts/g_pair_seed_sweep_d03_d14/replicate_0.all_frames.tum.txt,/home/melody/code/individual_project/channel_selection_results/step_k_unet_enc0_direct_fullseq_greedy/artifacts/g_pair_seed_sweep_d03_d14/replicate_0.keyframes.tum.txt,/home/melody/code/individual_project/channel_selection_results/step_k_unet_enc0_direct_fullseq_greedy/artifacts/g_pair_seed_sweep_d03_d14/replicate_0.log,2026-08-15T15:16:45.286875+00:00
g_pair_seed_sweep_d03_d15,exhaustive two-channel full-sequence seed sweep (only_1_singleton_passes_for_4_planned_starts),"3,15","[3, 15]",0,PASS,Completed the full matched RGB-D sequence,45.84449787599442,0,,,1305031473.1961,571,571,573,0.9965095986038395,0.2921345855420771,0.2735348287892829,0.25265147667658744,0.6113914480546904,0.10257345421237808,20.905065860675926,19.75257311980697,41.331931434704266,0.02486150138329073,0.4289384040927385,1.1498677947574916,16.698990145428024,0.2887388436099194,0.2676619026215222,1.0571673637582608,0.28848275420047376,0.2708298252073355,1.046545955669953,427,0.28828,0.27072,0.030107,571,8.332548,4106.726685,0,0.897,0.993,20620.0,0.003427,0,/home/melody/code/individual_project/channel_selection_results/step_k_unet_enc0_direct_fullseq_greedy/artifacts/g_pair_seed_sweep_d03_d15/replicate_0.all_frames.tum.txt,/home/melody/code/individual_project/channel_selection_results/step_k_unet_enc0_direct_fullseq_greedy/artifacts/g_pair_seed_sweep_d03_d15/replicate_0.keyframes.tum.txt,/home/melody/code/individual_project/channel_selection_results/step_k_unet_enc0_direct_fullseq_greedy/artifacts/g_pair_seed_sweep_d03_d15/replicate_0.log,2026-08-15T15:17:31.767908+00:00
g_pair_seed_sweep_d04_d05,exhaustive two-channel full-sequence seed sweep (only_1_singleton_passes_for_4_planned_starts),"4,5","[4, 5]",0,PASS,Completed the full matched RGB-D sequence,46.58436212399101,0,,,1305031473.1961,571,571,573,0.9965095986038395,0.2339417276259761,0.21635758896094592,0.24951843362515919,0.3405103381931158,0.08898385035293069,16.993948961683948,16.36813464388961,24.719623991348104,0.013292172184260065,0.21920424312789163,0.6233752573426056,3.7930708912669853,0.22943291336578106,0.21228484648838386,1.0575605321922734,0.2397045259203694,0.22509891736908857,1.0593879517254592,424,0.239467,0.224999,0.016858,571,4.123785,8333.412109500001,0,0.9,0.992,60020.0,0.008216,0,/home/melody/code/individual_project/channel_selection_results/step_k_unet_enc0_direct_fullseq_greedy/artifacts/g_pair_seed_sweep_d04_d05/replicate_0.all_frames.tum.txt,/home/melody/code/individual_project/channel_selection_results/step_k_unet_enc0_direct_fullseq_greedy/artifacts/g_pair_seed_sweep_d04_d05/replicate_0.keyframes.tum.txt,/home/melody/code/individual_project/channel_selection_results/step_k_unet_enc0_direct_fullseq_greedy/artifacts/g_pair_seed_sweep_d04_d05/replicate_0.log,2026-08-15T15:18:18.988800+00:00
g_pair_seed_sweep_d04_d06,exhaustive two-channel full-sequence seed sweep (only_1_singleton_passes_for_4_planned_starts),"4,6","[4, 6]",0,PASS,Completed the full matched RGB-D sequence,46.45444275900081,0,,,1305031473.1961,571,571,573,0.9965095986038395,0.18921001134917786,0.17704279545713542,0.19542732315691763,0.2890395687027487,0.06675535163175247,12.777172683942798,12.196767795584945,17.900461022145507,0.01594080347843646,0.2836992380969248,0.7435173937180729,8.285626955969464,0.17601779091874178,0.16500555788832216,1.088628871996587,0.18572569992048582,0.1780387335573644,1.090869969161939,429,0.185546,0.177832,0.023445,571,9.771573,4842.076172,0,0.899,0.993,17020.0,0.00331,0,/home/melody/code/individual_project/channel_selection_results/step_k_unet_enc0_direct_fullseq_greedy/artifacts/g_pair_seed_sweep_d04_d06/replicate_0.all_frames.tum.txt,/home/melody/code/individual_project/channel_selection_results/step_k_unet_enc0_direct_fullseq_greedy/artifacts/g_pair_seed_sweep_d04_d06/replicate_0.keyframes.tum.txt,/home/melody/code/individual_project/channel_selection_results/step_k_unet_enc0_direct_fullseq_greedy/artifacts/g_pair_seed_sweep_d04_d06/replicate_0.log,2026-08-15T15:19:06.082801+00:00
g_pair_seed_sweep_d04_d07,exhaustive two-channel full-sequence seed sweep (only_1_singleton_passes_for_4_planned_starts),"4,7","[4, 7]",0,FAIL_TRACKING_NAN,Tracking emitted non-finite affine/pose diagnostics,26.013850652001565,-15,1305031463.1598,271,,,,573,,,,,,,,,,,,,,,,,,,,,,,,270,2.995829,45.279818199999994,1,0.0,0.994,12030000.0,0.008801,24,,,/home/melody/code/individual_project/channel_selection_results/step_k_unet_enc0_direct_fullseq_greedy/artifacts/g_pair_seed_sweep_d04_d07/replicate_0.log,2026-08-15T15:19:32.147316+00:00
g_pair_seed_sweep_d04_d08,exhaustive two-channel full-sequence seed sweep (only_1_singleton_passes_for_4_planned_starts),"4,8","[4, 8]",0,PASS,Completed the full matched RGB-D sequence,46.409232435995364,0,,,1305031473.1961,571,571,573,0.9965095986038395,0.2893507097834977,0.2742448726022682,0.28812847656494583,0.4459948392163882,0.09226907988909183,19.82372586161842,18.79700937240381,33.74594152807126,0.018505613959412623,0.33272907758690484,0.8342204009823487,8.54119895341997,0.2831439222729335,0.265077880632561,1.0780604393246342,0.2927108082898496,0.2772958528958334,1.0703833599182717,433,0.292514,0.277216,0.023501,571,11.037115,4102.3756105,0,0.893,0.993,33380.0,0.0022,0,/home/melody/code/individual_project/channel_selection_results/step_k_unet_enc0_direct_fullseq_greedy/artifacts/g_pair_seed_sweep_d04_d08/replicate_0.all_frames.tum.txt,/home/melody/code/individual_project/channel_selection_results/step_k_unet_enc0_direct_fullseq_greedy/artifacts/g_pair_seed_sweep_d04_d08/replicate_0.keyframes.tum.txt,/home/melody/code/individual_project/channel_selection_results/step_k_unet_enc0_direct_fullseq_greedy/artifacts/g_pair_seed_sweep_d04_d08/replicate_0.log,2026-08-15T15:20:19.193937+00:00
g_pair_seed_sweep_d04_d09,exhaustive two-channel full-sequence seed sweep (only_1_singleton_passes_for_4_planned_starts),"4,9","[4, 9]",0,FAIL_TRACKING_NAN,Tracking emitted non-finite affine/pose diagnostics,40.68259260299965,-15,1305031472.3277,546,,,,573,,,,,,,,,,,,,,,,,,,,,,,,545,5.229582000000001,395.16096485000014,1,0.0,0.993,147000.0,0.006181,17,,,/home/melody/code/individual_project/channel_selection_results/step_k_unet_enc0_direct_fullseq_greedy/artifacts/g_pair_seed_sweep_d04_d09/replicate_0.log,2026-08-15T15:20:59.935332+00:00
g_pair_seed_sweep_d04_d10,exhaustive two-channel full-sequence seed sweep (only_1_singleton_passes_for_4_planned_starts),"4,10","[4, 10]",0,PASS,Completed the full matched RGB-D sequence,44.07918208600313,0,,,1305031473.1961,571,571,573,0.9965095986038395,0.23549099132474707,0.22101184290722717,0.21540611547455502,0.39039481480043275,0.08130050608614468,16.956563332623098,15.834700290763424,26.257569156810536,0.012788141315153769,0.19985703519293518,0.5795160538168043,2.9719056019896026,0.22256783588853055,0.20710921428798434,1.1006115756207913,0.23063298345860833,0.21757529407392565,1.099829719424493,436,0.230569,0.217592,0.016032,571,3.306221,4901.0112305,0,0.897,0.993,11950.0,0.001744,0,/home/melody/code/individual_project/channel_selection_results/step_k_unet_enc0_direct_fullseq_greedy/artifacts/g_pair_seed_sweep_d04_d10/replicate_0.all_frames.tum.txt,/home/melody/code/individual_project/channel_selection_results/step_k_unet_enc0_direct_fullseq_greedy/artifacts/g_pair_seed_sweep_d04_d10/replicate_0.keyframes.tum.txt,/home/melody/code/individual_project/channel_selection_results/step_k_unet_enc0_direct_fullseq_greedy/artifacts/g_pair_seed_sweep_d04_d10/replicate_0.log,2026-08-15T15:21:44.659132+00:00
g_pair_seed_sweep_d04_d11,exhaustive two-channel full-sequence seed sweep (only_1_singleton_passes_for_4_planned_starts),"4,11","[4, 11]",0,PASS,Completed the full matched RGB-D sequence,46.39107515200158,0,,,1305031473.1961,571,571,573,0.9965095986038395,0.2454075491883672,0.2285821033575782,0.2538551614882402,0.35581261195678504,0.08930334385265924,14.458741420168172,14.019958458834175,19.542487981036608,0.01586518191382982,0.2916111844433549,0.6327956097072771,3.8423502381241463,0.237869035589063,0.21912397803965664,1.0776724422436172,0.25029116737949836,0.23525999675708467,1.0724698809911477,431,0.25008,0.235206,0.019674,571,3.231465,9582.927246,0,0.896,0.993,59700.0,0.007448,23,/home/melody/code/individual_project/channel_selection_results/step_k_unet_enc0_direct_fullseq_greedy/artifacts/g_pair_seed_sweep_d04_d11/replicate_0.all_frames.tum.txt,/home/melody/code/individual_project/channel_selection_results/step_k_unet_enc0_direct_fullseq_greedy/artifacts/g_pair_seed_sweep_d04_d11/replicate_0.keyframes.tum.txt,/home/melody/code/individual_project/channel_selection_results/step_k_unet_enc0_direct_fullseq_greedy/artifacts/g_pair_seed_sweep_d04_d11/replicate_0.log,2026-08-15T15:22:31.696913+00:00
g_pair_seed_sweep_d04_d12,exhaustive two-channel full-sequence seed sweep (only_1_singleton_passes_for_4_planned_starts),"4,12","[4, 12]",0,PASS,Completed the full matched RGB-D sequence,45.477451109996764,0,,,1305031473.1961,571,571,573,0.9965095986038395,0.24287329508757724,0.22641177881298755,0.23874575955290317,0.3986003670247144,0.08789279766531603,17.65708943015827,16.908088448296716,25.242454089084692,0.01481299873722022,0.26724674227882195,0.6118266742191366,3.942726676565875,0.23745256414897636,0.2191542916348562,1.0648744165032917,0.24571840668818817,0.23005928988614374,1.0641553501016838,433,0.245632,0.230091,0.01801,571,3.309716,5328.209717,0,0.901,0.993,39370.0,0.008299,1,/home/melody/code/individual_project/channel_selection_results/step_k_unet_enc0_direct_fullseq_greedy/artifacts/g_pair_seed_sweep_d04_d12/replicate_0.all_frames.tum.txt,/home/melody/code/individual_project/channel_selection_results/step_k_unet_enc0_direct_fullseq_greedy/artifacts/g_pair_seed_sweep_d04_d12/replicate_0.keyframes.tum.txt,/home/melody/code/individual_project/channel_selection_results/step_k_unet_enc0_direct_fullseq_greedy/artifacts/g_pair_seed_sweep_d04_d12/replicate_0.log,2026-08-15T15:23:17.826742+00:00
g_pair_seed_sweep_d04_d13,exhaustive two-channel full-sequence seed sweep (only_1_singleton_passes_for_4_planned_starts),"4,13","[4, 13]",0,FAIL_TRACKING_NAN,Tracking emitted non-finite affine/pose diagnostics,17.735286555995117,-15,1305031459.4597,167,,,,573,,,,,,,,,,,,,,,,,,,,,,,,166,3.226431,102.83576839999988,1,0.0,0.9935,18730000.0,0.00427,8,,,/home/melody/code/individual_project/channel_selection_results/step_k_unet_enc0_direct_fullseq_greedy/artifacts/g_pair_seed_sweep_d04_d13/replicate_0.log,2026-08-15T15:23:35.616798+00:00
g_pair_seed_sweep_d04_d14,exhaustive two-channel full-sequence seed sweep (only_1_singleton_passes_for_4_planned_starts),"4,14","[4, 14]",0,PASS,Completed the full matched RGB-D sequence,45.78495964901231,0,,,1305031473.1961,571,571,573,0.9965095986038395,0.24263486277129379,0.2210166841422521,0.20757466878446193,0.46335360287781807,0.10011644202032222,16.598743397301742,15.499649641111278,24.610010660832643,0.01680517143785187,0.3077145267448637,0.7167295408896799,7.68187056100546,0.23983118094355596,0.2152690420018541,1.0459669353695131,0.24946472183133842,0.22729711651232393,1.0397119233793726,434,0.249323,0.227273,0.020294,571,2.647606,2294.913452,0,0.878,0.993,32860.0,0.007327,6,/home/melody/code/individual_project/channel_selection_results/step_k_unet_enc0_direct_fullseq_greedy/artifacts/g_pair_seed_sweep_d04_d14/replicate_0.all_frames.tum.txt,/home/melody/code/individual_project/channel_selection_results/step_k_unet_enc0_direct_fullseq_greedy/artifacts/g_pair_seed_sweep_d04_d14/replicate_0.keyframes.tum.txt,/home/melody/code/individual_project/channel_selection_results/step_k_unet_enc0_direct_fullseq_greedy/artifacts/g_pair_seed_sweep_d04_d14/replicate_0.log,2026-08-15T15:24:22.047048+00:00
g_pair_seed_sweep_d04_d15,exhaustive two-channel full-sequence seed sweep (only_1_singleton_passes_for_4_planned_starts),"4,15","[4, 15]",0,PASS,Completed the full matched RGB-D sequence,47.20523822099494,0,,,1305031473.1961,571,571,573,0.9965095986038395,0.22973673309531273,0.21628730096587057,0.23164244157217143,0.34477025014503054,0.07745172673482428,15.555122632561545,15.022918534412753,21.114725397246378,0.014589101643644527,0.2287639198442618,0.7444557856814485,6.243071392178875,0.22357056837992656,0.20709857572174684,1.0670493485630064,0.23279807389972706,0.2194492192590221,1.064650814634856,432,0.232564,0.219326,0.018171,571,11.786993,4142.7839355,0,0.901,0.993,18260.0,0.003724,0,/home/melody/code/individual_project/channel_selection_results/step_k_unet_enc0_direct_fullseq_greedy/artifacts/g_pair_seed_sweep_d04_d15/replicate_0.all_frames.tum.txt,/home/melody/code/individual_project/channel_selection_results/step_k_unet_enc0_direct_fullseq_greedy/artifacts/g_pair_seed_sweep_d04_d15/replicate_0.keyframes.tum.txt,/home/melody/code/individual_project/channel_selection_results/step_k_unet_enc0_direct_fullseq_greedy/artifacts/g_pair_seed_sweep_d04_d15/replicate_0.log,2026-08-15T15:25:09.896561+00:00
g_pair_seed_sweep_d05_d06,exhaustive two-channel full-sequence seed sweep (only_1_singleton_passes_for_4_planned_starts),"5,6","[5, 6]",0,FAIL_TRACKING_NAN,Tracking emitted non-finite affine/pose diagnostics,22.73078130200156,-15,1305031459.4597,167,,,,573,,,,,,,,,,,,,,,,,,,,,,,,166,27.00757,82.91176899999988,1,0.0,0.994,245800000.0,0.016056,71,,,/home/melody/code/individual_project/channel_selection_results/step_k_unet_enc0_direct_fullseq_greedy/artifacts/g_pair_seed_sweep_d05_d06/replicate_0.log,2026-08-15T15:25:32.684612+00:00
g_pair_seed_sweep_d05_d07,exhaustive two-channel full-sequence seed sweep (only_1_singleton_passes_for_4_planned_starts),"5,7","[5, 7]",0,PASS,Completed the full matched RGB-D sequence,48.733762343996204,0,,,1305031473.1961,571,571,573,0.9965095986038395,0.19000966134110087,0.17604726145713195,0.20134850090828815,0.29409378647580203,0.07149148995792477,14.940029155794985,14.402499737042218,21.439931890781764,0.01105087298582335,0.09414191609721052,0.7751250432176329,9.145207059668524,0.1830548896694203,0.16748169010512867,1.06365692238085,0.19097109104936918,0.17881382449958677,1.0647880539837553,427,0.190725,0.178551,0.01377,571,4.066901,3036.212402,0,0.898,0.992,734100.0,0.01315,18,/home/melody/code/individual_project/channel_selection_results/step_k_unet_enc0_direct_fullseq_greedy/artifacts/g_pair_seed_sweep_d05_d07/replicate_0.all_frames.tum.txt,/home/melody/code/individual_project/channel_selection_results/step_k_unet_enc0_direct_fullseq_greedy/artifacts/g_pair_seed_sweep_d05_d07/replicate_0.keyframes.tum.txt,/home/melody/code/individual_project/channel_selection_results/step_k_unet_enc0_direct_fullseq_greedy/artifacts/g_pair_seed_sweep_d05_d07/replicate_0.log,2026-08-15T15:26:22.071725+00:00
g_pair_seed_sweep_d05_d08,exhaustive two-channel full-sequence seed sweep (only_1_singleton_passes_for_4_planned_starts),"5,8","[5, 8]",0,PASS,Completed the full matched RGB-D sequence,53.73102694899717,0,,,1305031473.1961,571,571,573,0.9965095986038395,0.25324233879317487,0.23331410449742707,0.24822319655831532,0.4102473188731353,0.09846933939049689,21.809389581732272,21.142264228964372,28.62398596729042,0.012448721300630244,0.11168933832545473,0.8088225385687732,10.718427185769261,0.24704604899188395,0.22440546192168034,1.0714618869049506,0.25605280460309654,0.23609667313824453,1.0697520938984058,426,0.25567,0.235723,0.014848,571,19.976795,1246.7610475000001,0,0.893,0.993,2745000.0,0.046219,52,/home/melody/code/individual_project/channel_selection_results/step_k_unet_enc0_direct_fullseq_greedy/artifacts/g_pair_seed_sweep_d05_d08/replicate_0.all_frames.tum.txt,/home/melody/code/individual_project/channel_selection_results/step_k_unet_enc0_direct_fullseq_greedy/artifacts/g_pair_seed_sweep_d05_d08/replicate_0.keyframes.tum.txt,/home/melody/code/individual_project/channel_selection_results/step_k_unet_enc0_direct_fullseq_greedy/artifacts/g_pair_seed_sweep_d05_d08/replicate_0.log,2026-08-15T15:27:16.444464+00:00
g_pair_seed_sweep_d05_d09,exhaustive two-channel full-sequence seed sweep (only_1_singleton_passes_for_4_planned_starts),"5,9","[5, 9]",0,PASS,Completed the full matched RGB-D sequence,49.55655369399756,0,,,1305031473.1961,571,571,573,0.9965095986038395,0.19419839739393047,0.18417790044249802,0.18695434308861805,0.3191417819953939,0.06157530786739298,15.928879796420805,14.787194951234977,25.75274612531669,0.01002724854840306,0.04628229114059584,0.6723845714160097,6.956500507581823,0.18105997090685064,0.17144522493023376,1.0898677070004956,0.18966707507370978,0.1826631367387486,1.0903979088542064,426,0.189369,0.182378,0.01207,571,10.852565,9098.6411135,0,0.873,0.993,1080000.0,0.010591,64,/home/melody/code/individual_project/channel_selection_results/step_k_unet_enc0_direct_fullseq_greedy/artifacts/g_pair_seed_sweep_d05_d09/replicate_0.all_frames.tum.txt,/home/melody/code/individual_project/channel_selection_results/step_k_unet_enc0_direct_fullseq_greedy/artifacts/g_pair_seed_sweep_d05_d09/replicate_0.keyframes.tum.txt,/home/melody/code/individual_project/channel_selection_results/step_k_unet_enc0_direct_fullseq_greedy/artifacts/g_pair_seed_sweep_d05_d09/replicate_0.log,2026-08-15T15:28:06.643131+00:00
g_pair_seed_sweep_d05_d10,exhaustive two-channel full-sequence seed sweep (only_1_singleton_passes_for_4_planned_starts),"5,10","[5, 10]",0,PASS,Completed the full matched RGB-D sequence,44.50131780099764,0,,,1305031473.1961,571,571,573,0.9965095986038395,0.19983891950509614,0.19256225433852764,0.19604552396228192,0.29680694185635303,0.05343568052367717,16.69062168623087,15.807081653934327,25.31731400290862,0.009896779294960014,0.04746404892353068,0.6169373376488472,3.7914141560173484,0.18923386112618018,0.1799723517208801,1.0817728892787524,0.19476803973545087,0.1866356967382079,1.082415108136832,427,0.194512,0.186413,0.012871,571,4.781758,7888.8549805,0,0.872,0.992,18120.0,0.002482,0,/home/melody/code/individual_project/channel_selection_results/step_k_unet_enc0_direct_fullseq_greedy/artifacts/g_pair_seed_sweep_d05_d10/replicate_0.all_frames.tum.txt,/home/melody/code/individual_project/channel_selection_results/step_k_unet_enc0_direct_fullseq_greedy/artifacts/g_pair_seed_sweep_d05_d10/replicate_0.keyframes.tum.txt,/home/melody/code/individual_project/channel_selection_results/step_k_unet_enc0_direct_fullseq_greedy/artifacts/g_pair_seed_sweep_d05_d10/replicate_0.log,2026-08-15T15:28:51.781696+00:00
g_pair_seed_sweep_d05_d11,exhaustive two-channel full-sequence seed sweep (only_1_singleton_passes_for_4_planned_starts),"5,11","[5, 11]",0,FAIL_TRACKING_NAN,Tracking emitted non-finite affine/pose diagnostics,19.63017910500639,-15,1305031459.1276,158,,,,573,,,,,,,,,,,,,,,,,,,,,,,,157,4.625640000000001,48.8499405,1,0.0,0.994,386200.0,0.029465,64,,,/home/melody/code/individual_project/channel_selection_results/step_k_unet_enc0_direct_fullseq_greedy/artifacts/g_pair_seed_sweep_d05_d11/replicate_0.log,2026-08-15T15:29:11.459669+00:00
g_pair_seed_sweep_d05_d12,exhaustive two-channel full-sequence seed sweep (only_1_singleton_passes_for_4_planned_starts),"5,12","[5, 12]",0,FAIL_TRACKING_NAN,Tracking emitted non-finite affine/pose diagnostics,18.82809681999788,-15,1305031458.7916,150,,,,573,,,,,,,,,,,,,,,,,,,,,,,,149,4.471954,71.08364990000003,1,0.0,0.994,1376000000.0,0.046675,40,,,/home/melody/code/individual_project/channel_selection_results/step_k_unet_enc0_direct_fullseq_greedy/artifacts/g_pair_seed_sweep_d05_d12/replicate_0.log,2026-08-15T15:29:30.327137+00:00
g_pair_seed_sweep_d05_d13,exhaustive two-channel full-sequence seed sweep (only_1_singleton_passes_for_4_planned_starts),"5,13","[5, 13]",0,PASS,Completed the full matched RGB-D sequence,48.73819346699747,0,,,1305031473.1961,571,571,573,0.9965095986038395,0.16480162181986527,0.1548819197623744,0.1413708377646289,0.30010703156459234,0.05631310225142375,16.513726523972498,15.145464131546001,29.495935619278708,0.012701174441581057,0.19933904110130624,0.8628235495244769,13.238061613357038,0.13918458922723156,0.13297720459815954,1.114435302117837,0.14398918943045816,0.13953699950225393,1.1222373440687623,429,0.143869,0.139395,0.017011,571,4.192237,13283.7299805,0,0.897,0.992,641500.0,0.049413,50,/home/melody/code/individual_project/channel_selection_results/step_k_unet_enc0_direct_fullseq_greedy/artifacts/g_pair_seed_sweep_d05_d13/replicate_0.all_frames.tum.txt,/home/melody/code/individual_project/channel_selection_results/step_k_unet_enc0_direct_fullseq_greedy/artifacts/g_pair_seed_sweep_d05_d13/replicate_0.keyframes.tum.txt,/home/melody/code/individual_project/channel_selection_results/step_k_unet_enc0_direct_fullseq_greedy/artifacts/g_pair_seed_sweep_d05_d13/replicate_0.log,2026-08-15T15:30:19.709397+00:00
g_pair_seed_sweep_d05_d14,exhaustive two-channel full-sequence seed sweep (only_1_singleton_passes_for_4_planned_starts),"5,14","[5, 14]",0,FAIL_TRACKING_NAN,Tracking emitted non-finite affine/pose diagnostics,26.601518752999255,-15,1305031463.1598,271,,,,573,,,,,,,,,,,,,,,,,,,,,,,,270,3.796,158.07040419999998,1,0.0,0.994,15420000.0,0.008675,66,,,/home/melody/code/individual_project/channel_selection_results/step_k_unet_enc0_direct_fullseq_greedy/artifacts/g_pair_seed_sweep_d05_d14/replicate_0.log,2026-08-15T15:30:46.368837+00:00
g_pair_seed_sweep_d05_d15,exhaustive two-channel full-sequence seed sweep (only_1_singleton_passes_for_4_planned_starts),"5,15","[5, 15]",0,PASS,Completed the full matched RGB-D sequence,62.46072562500194,0,,,1305031473.1961,571,571,573,0.9965095986038395,0.2096190602982411,0.20354380791891216,0.2032365821901716,0.3119237013668836,0.050100585806820974,13.942569921096231,12.862402656721672,24.31404304114729,0.012141529951815272,0.0844295307293112,0.8814562273703038,9.910655776806351,0.2036375498015504,0.19724306939821126,1.0624043506107372,0.20186987514220017,0.19808280143095572,1.0818638778905674,425,0.201791,0.19802,0.016377,571,23.76523,131.454346,0,0.879,0.992,24570000.0,0.094535,142,/home/melody/code/individual_project/channel_selection_results/step_k_unet_enc0_direct_fullseq_greedy/artifacts/g_pair_seed_sweep_d05_d15/replicate_0.all_frames.tum.txt,/home/melody/code/individual_project/channel_selection_results/step_k_unet_enc0_direct_fullseq_greedy/artifacts/g_pair_seed_sweep_d05_d15/replicate_0.keyframes.tum.txt,/home/melody/code/individual_project/channel_selection_results/step_k_unet_enc0_direct_fullseq_greedy/artifacts/g_pair_seed_sweep_d05_d15/replicate_0.log,2026-08-15T15:31:49.476258+00:00
g_pair_seed_sweep_d06_d07,exhaustive two-channel full-sequence seed sweep (only_1_singleton_passes_for_4_planned_starts),"6,7","[6, 7]",0,PASS,Completed the full matched RGB-D sequence,47.70486748199619,0,,,1305031473.1961,571,571,573,0.9965095986038395,0.20359688965605596,0.19513040877067545,0.20135307930231888,0.30804267941437274,0.0581017818195736,16.342987230611648,15.579354598249463,26.842178461300005,0.017761523813894974,0.27462573282390373,0.8091743083513782,12.131386150354459,0.19333993824502574,0.18466672843624501,1.0812797001172576,0.19825350607626463,0.19186223035422617,1.0829296081216038,426,0.198211,0.191829,0.023551,571,8.974459,5735.6796875,0,0.896,0.992,60050.0,0.004149,8,/home/melody/code/individual_project/channel_selection_results/step_k_unet_enc0_direct_fullseq_greedy/artifacts/g_pair_seed_sweep_d06_d07/replicate_0.all_frames.tum.txt,/home/melody/code/individual_project/channel_selection_results/step_k_unet_enc0_direct_fullseq_greedy/artifacts/g_pair_seed_sweep_d06_d07/replicate_0.keyframes.tum.txt,/home/melody/code/individual_project/channel_selection_results/step_k_unet_enc0_direct_fullseq_greedy/artifacts/g_pair_seed_sweep_d06_d07/replicate_0.log,2026-08-15T15:32:37.827312+00:00
g_pair_seed_sweep_d06_d08,exhaustive two-channel full-sequence seed sweep (only_1_singleton_passes_for_4_planned_starts),"6,8","[6, 8]",0,PASS,Completed the full matched RGB-D sequence,50.98442309000529,0,,,1305031473.1961,571,571,573,0.9965095986038395,0.48048929463557527,0.44046164575033514,0.3675155799852538,0.7629009111732767,0.19199870020992058,33.66269608888517,32.47364188401668,62.54200490071591,0.019720228727740832,0.29547435205454964,1.286507903454702,21.216319658757037,0.4761083392108846,0.44437778870617684,0.9184259977769154,0.49053713104304275,0.46059037731014973,0.8905866051106941,427,0.490026,0.460101,0.021577,571,29.146425,563.8720705000001,0,0.813,0.994,670700.0,0.008232,45,/home/melody/code/individual_project/channel_selection_results/step_k_unet_enc0_direct_fullseq_greedy/artifacts/g_pair_seed_sweep_d06_d08/replicate_0.all_frames.tum.txt,/home/melody/code/individual_project/channel_selection_results/step_k_unet_enc0_direct_fullseq_greedy/artifacts/g_pair_seed_sweep_d06_d08/replicate_0.keyframes.tum.txt,/home/melody/code/individual_project/channel_selection_results/step_k_unet_enc0_direct_fullseq_greedy/artifacts/g_pair_seed_sweep_d06_d08/replicate_0.log,2026-08-15T15:33:29.454658+00:00
g_pair_seed_sweep_d06_d09,exhaustive two-channel full-sequence seed sweep (only_1_singleton_passes_for_4_planned_starts),"6,9","[6, 9]",0,FAIL_TRACKING_NAN,Tracking emitted non-finite affine/pose diagnostics,14.458639139993466,-15,1305031457.7277,119,,,,573,,,,,,,,,,,,,,,,,,,,,,,,118,30.172525,607.7162599999974,1,0.0,0.995,2876000.0,0.003351,19,,,/home/melody/code/individual_project/channel_selection_results/step_k_unet_enc0_direct_fullseq_greedy/artifacts/g_pair_seed_sweep_d06_d09/replicate_0.log,2026-08-15T15:33:43.969621+00:00
g_pair_seed_sweep_d06_d10,exhaustive two-channel full-sequence seed sweep (only_1_singleton_passes_for_4_planned_starts),"6,10","[6, 10]",0,PASS,Completed the full matched RGB-D sequence,45.091268149000825,0,,,1305031473.1961,571,571,573,0.9965095986038395,0.17526810478259433,0.16933949295174294,0.1643016448007311,0.2577756960012917,0.04520005178015903,14.117539186826463,13.535487315363541,22.47910319126388,0.01004007900048085,0.039438687115532674,0.6229205340031343,3.1860285215715796,0.1503078594404556,0.145813200176467,1.117476698094962,0.14916385805593765,0.14582163918144914,1.1203050089255515,426,0.149035,0.145685,0.014357,571,11.236011,5887.998779,0,0.873,0.992,24390.0,0.001464,0,/home/melody/code/individual_project/channel_selection_results/step_k_unet_enc0_direct_fullseq_greedy/artifacts/g_pair_seed_sweep_d06_d10/replicate_0.all_frames.tum.txt,/home/melody/code/individual_project/channel_selection_results/step_k_unet_enc0_direct_fullseq_greedy/artifacts/g_pair_seed_sweep_d06_d10/replicate_0.keyframes.tum.txt,/home/melody/code/individual_project/channel_selection_results/step_k_unet_enc0_direct_fullseq_greedy/artifacts/g_pair_seed_sweep_d06_d10/replicate_0.log,2026-08-15T15:34:29.689794+00:00
g_pair_seed_sweep_d06_d11,exhaustive two-channel full-sequence seed sweep (only_1_singleton_passes_for_4_planned_starts),"6,11","[6, 11]",0,FAIL_TRACKING_NAN,Tracking emitted non-finite affine/pose diagnostics,21.417630957002984,-15,1305031459.1276,158,,,,573,,,,,,,,,,,,,,,,,,,,,,,,157,11.3381065,48.0046465,1,0.0,0.995,1332000.0,0.022257,71,,,/home/melody/code/individual_project/channel_selection_results/step_k_unet_enc0_direct_fullseq_greedy/artifacts/g_pair_seed_sweep_d06_d11/replicate_0.log,2026-08-15T15:34:51.163543+00:00
g_pair_seed_sweep_d06_d12,exhaustive two-channel full-sequence seed sweep (only_1_singleton_passes_for_4_planned_starts),"6,12","[6, 12]",0,PASS,Completed the full matched RGB-D sequence,54.011478293992695,0,,,1305031473.1961,571,571,573,0.9965095986038395,0.13776419893322756,0.13133237930981356,0.13248033689422822,0.23697136455089177,0.04160265198923198,12.020548880069548,11.420336028888249,16.606440188858965,0.013973334513763834,0.15011815638113513,1.1433112846046094,14.535556214937442,0.1285509946689432,0.11834372550267099,1.0610398341586496,0.12892067591955902,0.11813098253851205,1.0601126165495474,426,0.128773,0.117958,0.01897,571,13.896135,805.771271,0,0.898,0.993,14860000.0,0.02677,66,/home/melody/code/individual_project/channel_selection_results/step_k_unet_enc0_direct_fullseq_greedy/artifacts/g_pair_seed_sweep_d06_d12/replicate_0.all_frames.tum.txt,/home/melody/code/individual_project/channel_selection_results/step_k_unet_enc0_direct_fullseq_greedy/artifacts/g_pair_seed_sweep_d06_d12/replicate_0.keyframes.tum.txt,/home/melody/code/individual_project/channel_selection_results/step_k_unet_enc0_direct_fullseq_greedy/artifacts/g_pair_seed_sweep_d06_d12/replicate_0.log,2026-08-15T15:35:45.800953+00:00
g_pair_seed_sweep_d06_d13,exhaustive two-channel full-sequence seed sweep (only_1_singleton_passes_for_4_planned_starts),"6,13","[6, 13]",0,PASS,Completed the full matched RGB-D sequence,48.724489464992075,0,,,1305031473.1961,571,571,573,0.9965095986038395,0.2068171214382179,0.19758065521818763,0.2002267896782262,0.3747868208603629,0.06111633499762756,16.360651705280617,15.542091347846712,26.530858653228353,0.019114672876132676,0.2706046405504513,1.082413846651201,16.448482143048853,0.1833990776764136,0.1750660540650959,1.1265384209589377,0.1908969314909312,0.18563237903345228,1.130219879377865,424,0.190828,0.185552,0.025607,571,11.737071,6723.6291505,0,0.845,0.992,69890.0,0.024701,58,/home/melody/code/individual_project/channel_selection_results/step_k_unet_enc0_direct_fullseq_greedy/artifacts/g_pair_seed_sweep_d06_d13/replicate_0.all_frames.tum.txt,/home/melody/code/individual_project/channel_selection_results/step_k_unet_enc0_direct_fullseq_greedy/artifacts/g_pair_seed_sweep_d06_d13/replicate_0.keyframes.tum.txt,/home/melody/code/individual_project/channel_selection_results/step_k_unet_enc0_direct_fullseq_greedy/artifacts/g_pair_seed_sweep_d06_d13/replicate_0.log,2026-08-15T15:36:35.167037+00:00
g_pair_seed_sweep_d06_d14,exhaustive two-channel full-sequence seed sweep (only_1_singleton_passes_for_4_planned_starts),"6,14","[6, 14]",0,FAIL_TRACKING_NAN,Tracking emitted non-finite affine/pose diagnostics,27.479268732990022,-15,1305031463.1957,272,,,,573,,,,,,,,,,,,,,,,,,,,,,,,271,6.9002645000000005,884.7990997499988,1,0.0,0.994,2684000.0,0.009245,66,,,/home/melody/code/individual_project/channel_selection_results/step_k_unet_enc0_direct_fullseq_greedy/artifacts/g_pair_seed_sweep_d06_d14/replicate_0.log,2026-08-15T15:37:02.693807+00:00
g_pair_seed_sweep_d06_d15,exhaustive two-channel full-sequence seed sweep (only_1_singleton_passes_for_4_planned_starts),"6,15","[6, 15]",0,FAIL_TRACKING_NAN,Tracking emitted non-finite affine/pose diagnostics,10.014611574995797,-15,1305031454.7597,42,,,,573,,,,,,,,,,,,,,,,,,,,,,,,41,32.383108,181.93306319999996,1,0.0,0.993,15460000000.0,0.444476,25,,,/home/melody/code/individual_project/channel_selection_results/step_k_unet_enc0_direct_fullseq_greedy/artifacts/g_pair_seed_sweep_d06_d15/replicate_0.log,2026-08-15T15:37:12.748991+00:00
g_pair_seed_sweep_d07_d08,exhaustive two-channel full-sequence seed sweep (only_1_singleton_passes_for_4_planned_starts),"7,8","[7, 8]",0,PASS,Completed the full matched RGB-D sequence,47.70656977100589,0,,,1305031473.1961,571,571,573,0.9965095986038395,0.2522336161916273,0.24479773759557383,0.25245820989336953,0.35075496910976084,0.06079362470846548,20.524627337010017,19.460019601433572,33.02033503894705,0.015414165937571622,0.23342154293683498,0.7878905438479099,10.586658234794077,0.2464304747620186,0.23755779025513088,1.0688627924791883,0.25239465438913,0.24441980525790666,1.0665142589426901,433,0.252243,0.24432,0.019438,571,10.121758,9309.819824,0,0.883,0.992,44130.0,0.002221,0,/home/melody/code/individual_project/channel_selection_results/step_k_unet_enc0_direct_fullseq_greedy/artifacts/g_pair_seed_sweep_d07_d08/replicate_0.all_frames.tum.txt,/home/melody/code/individual_project/channel_selection_results/step_k_unet_enc0_direct_fullseq_greedy/artifacts/g_pair_seed_sweep_d07_d08/replicate_0.keyframes.tum.txt,/home/melody/code/individual_project/channel_selection_results/step_k_unet_enc0_direct_fullseq_greedy/artifacts/g_pair_seed_sweep_d07_d08/replicate_0.log,2026-08-15T15:38:01.093464+00:00
g_pair_seed_sweep_d07_d09,exhaustive two-channel full-sequence seed sweep (only_1_singleton_passes_for_4_planned_starts),"7,9","[7, 9]",0,PASS,Completed the full matched RGB-D sequence,47.77724277200468,0,,,1305031473.1961,571,571,573,0.9965095986038395,0.25051303551674464,0.22084245120466714,0.21672139916659044,0.6380496846512431,0.1182598524848056,17.013904120896306,12.959791389202934,58.291943554983256,0.02780403465230164,0.5497464840462579,2.398129024721163,54.43981847638571,0.24848740907443234,0.21518310274980343,1.0396138026775448,0.21401241546261604,0.19375678370979513,1.055265342489903,434,0.213881,0.193712,0.035862,571,4.518941,502.1349795,0,0.845,0.992,4625000.0,0.006207,42,/home/melody/code/individual_project/channel_selection_results/step_k_unet_enc0_direct_fullseq_greedy/artifacts/g_pair_seed_sweep_d07_d09/replicate_0.all_frames.tum.txt,/home/melody/code/individual_project/channel_selection_results/step_k_unet_enc0_direct_fullseq_greedy/artifacts/g_pair_seed_sweep_d07_d09/replicate_0.keyframes.tum.txt,/home/melody/code/individual_project/channel_selection_results/step_k_unet_enc0_direct_fullseq_greedy/artifacts/g_pair_seed_sweep_d07_d09/replicate_0.log,2026-08-15T15:38:49.513953+00:00
g_pair_seed_sweep_d07_d10,exhaustive two-channel full-sequence seed sweep (only_1_singleton_passes_for_4_planned_starts),"7,10","[7, 10]",0,PASS,Completed the full matched RGB-D sequence,44.332554063992575,0,,,1305031473.1961,571,571,573,0.9965095986038395,0.2323701442456202,0.21702388713165913,0.22095969887443404,0.3781139603453883,0.0830452668789451,17.98382705748076,16.838669606662304,27.629122549090738,0.013192221588710652,0.20926878916373512,0.5756753100299622,2.9683806097412204,0.2190663968509421,0.20421539184942433,1.101294091132419,0.22754430183958457,0.21513339117906818,1.1016627002371895,432,0.227496,0.215146,0.017128,571,3.328942,8548.7783205,0,0.896,0.992,61200.0,0.001774,1,/home/melody/code/individual_project/channel_selection_results/step_k_unet_enc0_direct_fullseq_greedy/artifacts/g_pair_seed_sweep_d07_d10/replicate_0.all_frames.tum.txt,/home/melody/code/individual_project/channel_selection_results/step_k_unet_enc0_direct_fullseq_greedy/artifacts/g_pair_seed_sweep_d07_d10/replicate_0.keyframes.tum.txt,/home/melody/code/individual_project/channel_selection_results/step_k_unet_enc0_direct_fullseq_greedy/artifacts/g_pair_seed_sweep_d07_d10/replicate_0.log,2026-08-15T15:39:34.499136+00:00
g_pair_seed_sweep_d07_d11,exhaustive two-channel full-sequence seed sweep (only_1_singleton_passes_for_4_planned_starts),"7,11","[7, 11]",0,PASS,Completed the full matched RGB-D sequence,47.60580466699321,0,,,1305031473.1961,571,571,573,0.9965095986038395,0.3294534526553945,0.30632305813602406,0.30200955338080815,0.5256150802127126,0.12126731431327357,20.407269431764966,19.959276324349474,25.493310138381485,0.016934501502375486,0.27864559532090794,0.7605221642429183,6.997732999696826,0.3291043851171424,0.3071766952042751,0.9815356173521971,0.34122502251260317,0.322612911664624,0.9699214053637752,432,0.340925,0.322467,0.019169,571,3.209799,5980.7788085,0,0.852,0.992,742000.0,0.010922,35,/home/melody/code/individual_project/channel_selection_results/step_k_unet_enc0_direct_fullseq_greedy/artifacts/g_pair_seed_sweep_d07_d11/replicate_0.all_frames.tum.txt,/home/melody/code/individual_project/channel_selection_results/step_k_unet_enc0_direct_fullseq_greedy/artifacts/g_pair_seed_sweep_d07_d11/replicate_0.keyframes.tum.txt,/home/melody/code/individual_project/channel_selection_results/step_k_unet_enc0_direct_fullseq_greedy/artifacts/g_pair_seed_sweep_d07_d11/replicate_0.log,2026-08-15T15:40:22.756868+00:00
g_pair_seed_sweep_d07_d12,exhaustive two-channel full-sequence seed sweep (only_1_singleton_passes_for_4_planned_starts),"7,12","[7, 12]",0,PASS,Completed the full matched RGB-D sequence,46.550989516006666,0,,,1305031473.1961,571,571,573,0.9965095986038395,0.22186030878883523,0.2107347020234312,0.21087884053805955,0.3571322199116633,0.06937493768626372,16.351909707497114,15.41334834623953,26.539803931155575,0.013935926590186743,0.2219643895908591,0.7276512227321423,10.126540708970484,0.21353961431705384,0.20219723965163386,1.0767929825832803,0.21739127151399504,0.2070980436556404,1.0769999817725942,426,0.217417,0.207176,0.018191,571,3.287776,3335.435181,0,0.898,0.993,1907000.0,0.018438,32,/home/melody/code/individual_project/channel_selection_results/step_k_unet_enc0_direct_fullseq_greedy/artifacts/g_pair_seed_sweep_d07_d12/replicate_0.all_frames.tum.txt,/home/melody/code/individual_project/channel_selection_results/step_k_unet_enc0_direct_fullseq_greedy/artifacts/g_pair_seed_sweep_d07_d12/replicate_0.keyframes.tum.txt,/home/melody/code/individual_project/channel_selection_results/step_k_unet_enc0_direct_fullseq_greedy/artifacts/g_pair_seed_sweep_d07_d12/replicate_0.log,2026-08-15T15:41:09.958646+00:00
g_pair_seed_sweep_d07_d13,exhaustive two-channel full-sequence seed sweep (only_1_singleton_passes_for_4_planned_starts),"7,13","[7, 13]",0,PASS,Completed the full matched RGB-D sequence,49.86069234600291,0,,,1305031473.1961,571,571,573,0.9965095986038395,0.15963797444977335,0.15488410596012508,0.15591943684942897,0.22816245976733907,0.038667772205794676,10.947479359394402,10.029718964934933,18.796068505410513,0.01164782222833484,0.12964218440089562,0.8855628558653671,12.887074212324787,0.13669277926998402,0.13270718662349462,1.106079743046579,0.13377849145090762,0.13035175145238134,1.1114352647001742,434,0.133819,0.130412,0.015971,571,3.086331,1248.7416990000002,0,0.897,0.992,5056000.0,0.016699,41,/home/melody/code/individual_project/channel_selection_results/step_k_unet_enc0_direct_fullseq_greedy/artifacts/g_pair_seed_sweep_d07_d13/replicate_0.all_frames.tum.txt,/home/melody/code/individual_project/channel_selection_results/step_k_unet_enc0_direct_fullseq_greedy/artifacts/g_pair_seed_sweep_d07_d13/replicate_0.keyframes.tum.txt,/home/melody/code/individual_project/channel_selection_results/step_k_unet_enc0_direct_fullseq_greedy/artifacts/g_pair_seed_sweep_d07_d13/replicate_0.log,2026-08-15T15:42:00.468479+00:00
g_pair_seed_sweep_d07_d14,exhaustive two-channel full-sequence seed sweep (only_1_singleton_passes_for_4_planned_starts),"7,14","[7, 14]",0,PASS,Completed the full matched RGB-D sequence,47.07057518600777,0,,,1305031473.1961,571,571,573,0.9965095986038395,0.24176475810045897,0.22591029519497927,0.22912613953960412,0.41174765652408785,0.08610886588668303,15.04563161467108,14.160232972242916,23.097542156025547,0.018940105724492434,0.3694073937788508,0.8443363697772458,11.297924234014713,0.23651745972427393,0.2179934779074222,1.0635956740434576,0.23983617907960852,0.22156628202053247,1.0618559523407913,433,0.239776,0.221637,0.023486,571,2.636307,1224.9030765,0,0.903,0.993,286700.0,0.009581,38,/home/melody/code/individual_project/channel_selection_results/step_k_unet_enc0_direct_fullseq_greedy/artifacts/g_pair_seed_sweep_d07_d14/replicate_0.all_frames.tum.txt,/home/melody/code/individual_project/channel_selection_results/step_k_unet_enc0_direct_fullseq_greedy/artifacts/g_pair_seed_sweep_d07_d14/replicate_0.keyframes.tum.txt,/home/melody/code/individual_project/channel_selection_results/step_k_unet_enc0_direct_fullseq_greedy/artifacts/g_pair_seed_sweep_d07_d14/replicate_0.log,2026-08-15T15:42:48.187612+00:00
g_pair_seed_sweep_d07_d15,exhaustive two-channel full-sequence seed sweep (only_1_singleton_passes_for_4_planned_starts),"7,15","[7, 15]",0,PASS,Completed the full matched RGB-D sequence,47.99869628800661,0,,,1305031473.1961,571,571,573,0.9965095986038395,0.26585090572795655,0.25588032249318327,0.26757278730399525,0.37485424204562573,0.07212464653056798,22.99609548218272,22.0088887277259,35.80577029657874,0.015328873304881821,0.18775785640452994,0.8674773505924835,12.977816555266223,0.26410381982200953,0.25336076911916233,1.0380769130398537,0.2692390114173222,0.2597087273747716,1.0379835957833545,430,0.269148,0.259681,0.019072,571,10.020128,5472.611084,0,0.899,0.993,48140.0,0.012055,13,/home/melody/code/individual_project/channel_selection_results/step_k_unet_enc0_direct_fullseq_greedy/artifacts/g_pair_seed_sweep_d07_d15/replicate_0.all_frames.tum.txt,/home/melody/code/individual_project/channel_selection_results/step_k_unet_enc0_direct_fullseq_greedy/artifacts/g_pair_seed_sweep_d07_d15/replicate_0.keyframes.tum.txt,/home/melody/code/individual_project/channel_selection_results/step_k_unet_enc0_direct_fullseq_greedy/artifacts/g_pair_seed_sweep_d07_d15/replicate_0.log,2026-08-15T15:43:36.832869+00:00
g_pair_seed_sweep_d08_d09,exhaustive two-channel full-sequence seed sweep (only_1_singleton_passes_for_4_planned_starts),"8,9","[8, 9]",0,PASS,Completed the full matched RGB-D sequence,49.51987414600444,0,,,1305031473.1961,571,571,573,0.9965095986038395,0.31940971380547756,0.3036951559762293,0.3090303549884894,0.4975091124201106,0.09895361291974553,20.75364899583024,19.512163389812354,33.216521851699866,0.0119093275086482,0.09425076879966822,0.7894794736782172,9.868992484208794,0.3110544846481053,0.2933872261145603,1.098008455619494,0.317207293734133,0.3014875759011753,1.0916162452794111,430,0.316793,0.301124,0.015393,571,21.708952,3602.04187,0,0.874,0.993,30150.0,0.002297,28,/home/melody/code/individual_project/channel_selection_results/step_k_unet_enc0_direct_fullseq_greedy/artifacts/g_pair_seed_sweep_d08_d09/replicate_0.all_frames.tum.txt,/home/melody/code/individual_project/channel_selection_results/step_k_unet_enc0_direct_fullseq_greedy/artifacts/g_pair_seed_sweep_d08_d09/replicate_0.keyframes.tum.txt,/home/melody/code/individual_project/channel_selection_results/step_k_unet_enc0_direct_fullseq_greedy/artifacts/g_pair_seed_sweep_d08_d09/replicate_0.log,2026-08-15T15:44:27.004495+00:00
g_pair_seed_sweep_d08_d10,exhaustive two-channel full-sequence seed sweep (only_1_singleton_passes_for_4_planned_starts),"8,10","[8, 10]",0,PASS,Completed the full matched RGB-D sequence,45.35019569999713,0,,,1305031473.1961,571,571,573,0.9965095986038395,0.2689766762483475,0.25583517060938754,0.250454909504595,0.43921045749183396,0.08304708209728921,19.798678435495805,18.25648110753526,31.64850618588056,0.010961514161140969,0.07107687962629468,0.6467264534675057,3.4289703643922844,0.25250615138444926,0.24116033366071712,1.1251586139063607,0.2585256098584406,0.2488602934773535,1.1219402544510528,433,0.258323,0.248735,0.014385,571,11.188035,4945.208252,0,0.872,0.992,22330.0,0.001956,0,/home/melody/code/individual_project/channel_selection_results/step_k_unet_enc0_direct_fullseq_greedy/artifacts/g_pair_seed_sweep_d08_d10/replicate_0.all_frames.tum.txt,/home/melody/code/individual_project/channel_selection_results/step_k_unet_enc0_direct_fullseq_greedy/artifacts/g_pair_seed_sweep_d08_d10/replicate_0.keyframes.tum.txt,/home/melody/code/individual_project/channel_selection_results/step_k_unet_enc0_direct_fullseq_greedy/artifacts/g_pair_seed_sweep_d08_d10/replicate_0.log,2026-08-15T15:45:13.003392+00:00
g_pair_seed_sweep_d08_d11,exhaustive two-channel full-sequence seed sweep (only_1_singleton_passes_for_4_planned_starts),"8,11","[8, 11]",0,PASS,Completed the full matched RGB-D sequence,51.68542720298865,0,,,1305031473.1961,571,571,573,0.9965095986038395,0.615359511412395,0.5443481239623227,0.4714817764705894,0.9973790059240619,0.2869711627052467,39.00826330436429,38.2172501693538,55.530873719940644,0.03496760231208824,0.5467611233997404,3.1084800777104675,63.25720828126962,0.5575933921139943,0.516876771165482,0.7197687753613619,0.5730047718015606,0.5383277782141157,0.7021005972654994,433,0.572435,0.537683,0.028882,571,14.227377,558.8223875,0,0.799,0.993,529500.0,0.007416,75,/home/melody/code/individual_project/channel_selection_results/step_k_unet_enc0_direct_fullseq_greedy/artifacts/g_pair_seed_sweep_d08_d11/replicate_0.all_frames.tum.txt,/home/melody/code/individual_project/channel_selection_results/step_k_unet_enc0_direct_fullseq_greedy/artifacts/g_pair_seed_sweep_d08_d11/replicate_0.keyframes.tum.txt,/home/melody/code/individual_project/channel_selection_results/step_k_unet_enc0_direct_fullseq_greedy/artifacts/g_pair_seed_sweep_d08_d11/replicate_0.log,2026-08-15T15:46:05.362271+00:00
g_pair_seed_sweep_d08_d12,exhaustive two-channel full-sequence seed sweep (only_1_singleton_passes_for_4_planned_starts),"8,12","[8, 12]",0,PASS,Completed the full matched RGB-D sequence,48.9273676740122,0,,,1305031473.1961,571,571,573,0.9965095986038395,0.23793864951749824,0.22592584567973414,0.2239195167663225,0.36674995925971604,0.0746479282238149,19.044997160672395,18.179848550992865,29.62378613920424,0.012850962807154514,0.12570447578537386,0.8380629624520015,10.06782531320105,0.2317540349836156,0.21645314929247367,1.0686348437541004,0.24177661834854175,0.22824671856598341,1.0616500625314762,423,0.241508,0.228033,0.016126,571,13.967723,1037.9191895,0,0.87,0.993,280700.0,0.005053,30,/home/melody/code/individual_project/channel_selection_results/step_k_unet_enc0_direct_fullseq_greedy/artifacts/g_pair_seed_sweep_d08_d12/replicate_0.all_frames.tum.txt,/home/melody/code/individual_project/channel_selection_results/step_k_unet_enc0_direct_fullseq_greedy/artifacts/g_pair_seed_sweep_d08_d12/replicate_0.keyframes.tum.txt,/home/melody/code/individual_project/channel_selection_results/step_k_unet_enc0_direct_fullseq_greedy/artifacts/g_pair_seed_sweep_d08_d12/replicate_0.log,2026-08-15T15:46:54.927970+00:00
g_pair_seed_sweep_d08_d13,exhaustive two-channel full-sequence seed sweep (only_1_singleton_passes_for_4_planned_starts),"8,13","[8, 13]",0,PASS,Completed the full matched RGB-D sequence,47.29805972499889,0,,,1305031473.1961,571,571,573,0.9965095986038395,0.2542569830469916,0.2447947541898666,0.23656656359464104,0.4489220924014461,0.0687178415644802,20.644549410798845,19.193545461557946,35.77581767915437,0.016473544637291105,0.23916109322121853,0.7878511591785359,6.0823704602427435,0.24100465718482283,0.228555524626872,1.107227211690422,0.24547345246037242,0.23403170396066042,1.1075801089321073,425,0.245357,0.233891,0.022626,571,13.156041,8026.085693,0,0.738,0.992,93140.0,0.007581,20,/home/melody/code/individual_project/channel_selection_results/step_k_unet_enc0_direct_fullseq_greedy/artifacts/g_pair_seed_sweep_d08_d13/replicate_0.all_frames.tum.txt,/home/melody/code/individual_project/channel_selection_results/step_k_unet_enc0_direct_fullseq_greedy/artifacts/g_pair_seed_sweep_d08_d13/replicate_0.keyframes.tum.txt,/home/melody/code/individual_project/channel_selection_results/step_k_unet_enc0_direct_fullseq_greedy/artifacts/g_pair_seed_sweep_d08_d13/replicate_0.log,2026-08-15T15:47:42.869907+00:00
g_pair_seed_sweep_d08_d14,exhaustive two-channel full-sequence seed sweep (only_1_singleton_passes_for_4_planned_starts),"8,14","[8, 14]",0,PASS,Completed the full matched RGB-D sequence,49.230646361000254,0,,,1305031473.1961,571,571,573,0.9965095986038395,0.41605258337679724,0.3720564796305703,0.34499191810580837,0.6947348529997986,0.1862088292735171,29.70913270868394,28.993703269716786,38.61344043031925,0.023298889536806804,0.44763778376494073,0.9928452398011101,13.3218974239156,0.4124661223945626,0.3752465499644496,0.9336186809934901,0.4209410657435829,0.38520472242546777,0.9213173510699776,428,0.420536,0.384866,0.023991,571,7.174213,816.4676515,0,0.894,0.993,23820.0,0.006613,52,/home/melody/code/individual_project/channel_selection_results/step_k_unet_enc0_direct_fullseq_greedy/artifacts/g_pair_seed_sweep_d08_d14/replicate_0.all_frames.tum.txt,/home/melody/code/individual_project/channel_selection_results/step_k_unet_enc0_direct_fullseq_greedy/artifacts/g_pair_seed_sweep_d08_d14/replicate_0.keyframes.tum.txt,/home/melody/code/individual_project/channel_selection_results/step_k_unet_enc0_direct_fullseq_greedy/artifacts/g_pair_seed_sweep_d08_d14/replicate_0.log,2026-08-15T15:48:32.760530+00:00
g_pair_seed_sweep_d08_d15,exhaustive two-channel full-sequence seed sweep (only_1_singleton_passes_for_4_planned_starts),"8,15","[8, 15]",0,PASS,Completed the full matched RGB-D sequence,51.660553713998524,0,,,1305031473.1961,571,571,573,0.9965095986038395,0.5192761148479897,0.45844114913181994,0.3736306498867643,0.9555026695414466,0.24388398109412407,42.7966101964932,41.3673509348324,75.50507349843606,0.029460134284221305,0.44621018846314314,1.816291425697222,28.834612102618177,0.5017753217405687,0.46117667192969863,0.8418234233656012,0.5249307130267185,0.4882838596616963,0.8120848994254869,417,0.524192,0.487476,0.03129,571,25.734026,557.6304935000001,0,0.752,0.994,249100.0,0.010446,47,/home/melody/code/individual_project/channel_selection_results/step_k_unet_enc0_direct_fullseq_greedy/artifacts/g_pair_seed_sweep_d08_d15/replicate_0.all_frames.tum.txt,/home/melody/code/individual_project/channel_selection_results/step_k_unet_enc0_direct_fullseq_greedy/artifacts/g_pair_seed_sweep_d08_d15/replicate_0.keyframes.tum.txt,/home/melody/code/individual_project/channel_selection_results/step_k_unet_enc0_direct_fullseq_greedy/artifacts/g_pair_seed_sweep_d08_d15/replicate_0.log,2026-08-15T15:49:25.068452+00:00
g_pair_seed_sweep_d09_d10,exhaustive two-channel full-sequence seed sweep (only_1_singleton_passes_for_4_planned_starts),"9,10","[9, 10]",0,PASS,Completed the full matched RGB-D sequence,44.99710812899866,0,,,1305031473.1961,571,571,573,0.9965095986038395,0.1814373949468577,0.17465524818329375,0.1900257691800037,0.2589227847816916,0.04914338782719494,13.492574518657129,12.962245514211267,17.91452555547556,0.013097579077622257,0.21718427722775702,0.585018328745572,2.8001661682271624,0.16287016334412463,0.154263732079909,1.1031342278265348,0.16646060308552602,0.157858234169332,1.1031004565091225,431,0.166214,0.157624,0.016765,571,5.379924,2501.5478515,0,0.896,0.992,9774.0,0.002894,24,/home/melody/code/individual_project/channel_selection_results/step_k_unet_enc0_direct_fullseq_greedy/artifacts/g_pair_seed_sweep_d09_d10/replicate_0.all_frames.tum.txt,/home/melody/code/individual_project/channel_selection_results/step_k_unet_enc0_direct_fullseq_greedy/artifacts/g_pair_seed_sweep_d09_d10/replicate_0.keyframes.tum.txt,/home/melody/code/individual_project/channel_selection_results/step_k_unet_enc0_direct_fullseq_greedy/artifacts/g_pair_seed_sweep_d09_d10/replicate_0.log,2026-08-15T15:50:10.718241+00:00
g_pair_seed_sweep_d09_d11,exhaustive two-channel full-sequence seed sweep (only_1_singleton_passes_for_4_planned_starts),"9,11","[9, 11]",0,PASS,Completed the full matched RGB-D sequence,47.25390836599399,0,,,1305031473.1961,571,571,573,0.9965095986038395,0.24104677456512372,0.22914014327997798,0.23341131946494348,0.35115990854517914,0.0748220707136652,16.74027251466302,15.916830841959356,24.71949137385724,0.011577916008816256,0.1497997397279798,0.5804963191243269,2.822828024071715,0.22745465565349382,0.21504952709620437,1.1049242044595315,0.23566555597936722,0.22599591077410874,1.0992820734625646,434,0.235489,0.225896,0.014262,571,6.961066,4388.241454999999,0,0.882,0.993,21700.0,0.005462,49,/home/melody/code/individual_project/channel_selection_results/step_k_unet_enc0_direct_fullseq_greedy/artifacts/g_pair_seed_sweep_d09_d11/replicate_0.all_frames.tum.txt,/home/melody/code/individual_project/channel_selection_results/step_k_unet_enc0_direct_fullseq_greedy/artifacts/g_pair_seed_sweep_d09_d11/replicate_0.keyframes.tum.txt,/home/melody/code/individual_project/channel_selection_results/step_k_unet_enc0_direct_fullseq_greedy/artifacts/g_pair_seed_sweep_d09_d11/replicate_0.log,2026-08-15T15:50:58.639917+00:00
g_pair_seed_sweep_d09_d12,exhaustive two-channel full-sequence seed sweep (only_1_singleton_passes_for_4_planned_starts),"9,12","[9, 12]",0,PASS,Completed the full matched RGB-D sequence,46.94579082299606,0,,,1305031473.1961,571,571,573,0.9965095986038395,0.1760314154617289,0.1701439791510995,0.16527684581695062,0.2669354714558094,0.04514516129210345,13.553256256947236,12.70611028349528,21.551540598483754,0.009190150309835042,0.03524608532745376,0.5630399496926207,2.3448287465717708,0.15796377211446544,0.15112733890098468,1.0997910993869289,0.16280982625168686,0.15774761560397313,1.1015279166766476,428,0.162596,0.157558,0.012014,571,6.768737,2954.4909669999997,0,0.872,0.992,126100.0,0.017987,48,/home/melody/code/individual_project/channel_selection_results/step_k_unet_enc0_direct_fullseq_greedy/artifacts/g_pair_seed_sweep_d09_d12/replicate_0.all_frames.tum.txt,/home/melody/code/individual_project/channel_selection_results/step_k_unet_enc0_direct_fullseq_greedy/artifacts/g_pair_seed_sweep_d09_d12/replicate_0.keyframes.tum.txt,/home/melody/code/individual_project/channel_selection_results/step_k_unet_enc0_direct_fullseq_greedy/artifacts/g_pair_seed_sweep_d09_d12/replicate_0.log,2026-08-15T15:51:46.238459+00:00
g_pair_seed_sweep_d09_d13,exhaustive two-channel full-sequence seed sweep (only_1_singleton_passes_for_4_planned_starts),"9,13","[9, 13]",0,PASS,Completed the full matched RGB-D sequence,49.50715988800221,0,,,1305031473.1961,571,571,573,0.9965095986038395,0.17358760467820458,0.16780430554555872,0.16156567885635023,0.2853481796100453,0.044433900777327694,14.358951126294993,13.412298067131406,21.203383726413353,0.014363523781047072,0.22479741593204416,1.0374996279812814,15.81798956834824,0.15396780420530476,0.14565470926865762,1.1032146859068823,0.15435428877213306,0.14701479345834392,1.1024251490413566,433,0.154263,0.146881,0.018648,571,5.611879,100.5929645,0,0.896,0.993,111000000.0,0.038825,90,/home/melody/code/individual_project/channel_selection_results/step_k_unet_enc0_direct_fullseq_greedy/artifacts/g_pair_seed_sweep_d09_d13/replicate_0.all_frames.tum.txt,/home/melody/code/individual_project/channel_selection_results/step_k_unet_enc0_direct_fullseq_greedy/artifacts/g_pair_seed_sweep_d09_d13/replicate_0.keyframes.tum.txt,/home/melody/code/individual_project/channel_selection_results/step_k_unet_enc0_direct_fullseq_greedy/artifacts/g_pair_seed_sweep_d09_d13/replicate_0.log,2026-08-15T15:52:36.408210+00:00
g_pair_seed_sweep_d09_d14,exhaustive two-channel full-sequence seed sweep (only_1_singleton_passes_for_4_planned_starts),"9,14","[9, 14]",0,PASS,Completed the full matched RGB-D sequence,45.93746083199221,0,,,1305031473.1961,571,571,573,0.9965095986038395,0.1907433416270821,0.17716787977043089,0.19014247749908236,0.29858964817382894,0.07067223466621024,13.396177504434942,12.407749513130707,21.125723581912315,0.012243922205472692,0.15677181819128755,0.6648511548225544,7.117499318206665,0.17116769703866627,0.15957425071971382,1.1093949342585838,0.17910894727334842,0.16979121502712097,1.1115685091841345,432,0.178853,0.169535,0.016308,571,4.02203,1261.6618039999998,0,0.816,0.993,21210.0,0.005475,8,/home/melody/code/individual_project/channel_selection_results/step_k_unet_enc0_direct_fullseq_greedy/artifacts/g_pair_seed_sweep_d09_d14/replicate_0.all_frames.tum.txt,/home/melody/code/individual_project/channel_selection_results/step_k_unet_enc0_direct_fullseq_greedy/artifacts/g_pair_seed_sweep_d09_d14/replicate_0.keyframes.tum.txt,/home/melody/code/individual_project/channel_selection_results/step_k_unet_enc0_direct_fullseq_greedy/artifacts/g_pair_seed_sweep_d09_d14/replicate_0.log,2026-08-15T15:53:22.983856+00:00
g_pair_seed_sweep_d09_d15,exhaustive two-channel full-sequence seed sweep (only_1_singleton_passes_for_4_planned_starts),"9,15","[9, 15]",0,PASS,Completed the full matched RGB-D sequence,51.03325263199804,0,,,1305031473.1961,571,571,573,0.9965095986038395,0.22439562151249398,0.21586653258632735,0.21228142874416076,0.3238628003060005,0.061278340897371886,16.190233403746955,15.616055528124686,25.841284396027397,0.011420553427811883,0.07364018562832923,0.6899598152274967,5.604630615952819,0.2004252215816414,0.1919292837617099,1.135218687884949,0.2054879322017252,0.19887769187308793,1.1316262453293044,433,0.205308,0.198723,0.015759,571,28.061663,3281.7325440000004,0,0.878,0.993,62100.0,0.00706,86,/home/melody/code/individual_project/channel_selection_results/step_k_unet_enc0_direct_fullseq_greedy/artifacts/g_pair_seed_sweep_d09_d15/replicate_0.all_frames.tum.txt,/home/melody/code/individual_project/channel_selection_results/step_k_unet_enc0_direct_fullseq_greedy/artifacts/g_pair_seed_sweep_d09_d15/replicate_0.keyframes.tum.txt,/home/melody/code/individual_project/channel_selection_results/step_k_unet_enc0_direct_fullseq_greedy/artifacts/g_pair_seed_sweep_d09_d15/replicate_0.log,2026-08-15T15:54:14.670524+00:00
g_pair_seed_sweep_d10_d11,exhaustive two-channel full-sequence seed sweep (only_1_singleton_passes_for_4_planned_starts),"10,11","[10, 11]",0,PASS,Completed the full matched RGB-D sequence,44.24507056399307,0,,,1305031473.1961,571,571,573,0.9965095986038395,0.19748165904391712,0.18661938204067083,0.18170711423609365,0.302147878596713,0.06459266139040931,15.15604118775013,14.385404360572997,23.594115581619207,0.01213857325067585,0.16932508504573104,0.599701229391607,2.696313315722396,0.1715692410447927,0.16094076766508655,1.1294012498904036,0.17769963408605047,0.1692585351589863,1.126859291922387,430,0.177558,0.169143,0.016397,571,3.692837,6909.171387,0,0.894,0.993,31250.0,0.002632,1,/home/melody/code/individual_project/channel_selection_results/step_k_unet_enc0_direct_fullseq_greedy/artifacts/g_pair_seed_sweep_d10_d11/replicate_0.all_frames.tum.txt,/home/melody/code/individual_project/channel_selection_results/step_k_unet_enc0_direct_fullseq_greedy/artifacts/g_pair_seed_sweep_d10_d11/replicate_0.keyframes.tum.txt,/home/melody/code/individual_project/channel_selection_results/step_k_unet_enc0_direct_fullseq_greedy/artifacts/g_pair_seed_sweep_d10_d11/replicate_0.log,2026-08-15T15:54:59.579818+00:00
g_pair_seed_sweep_d10_d12,exhaustive two-channel full-sequence seed sweep (only_1_singleton_passes_for_4_planned_starts),"10,12","[10, 12]",0,PASS,Completed the full matched RGB-D sequence,43.784900006998214,0,,,1305031473.1961,571,571,573,0.9965095986038395,0.20128653350970427,0.19280506067845804,0.18474159527356107,0.29433162250014755,0.05781416045511196,15.376631592822013,14.50158904350619,25.13095130240173,0.009517535965341111,0.04784811272762942,0.5627783334029457,2.1888491971887896,0.18382909691161078,0.17686877225200812,1.1066312603872845,0.19123866669196937,0.1868404786826912,1.1064860342624472,429,0.191087,0.186722,0.012452,571,3.757039,6067.6416014999995,0,0.873,0.993,12010.0,0.0029,0,/home/melody/code/individual_project/channel_selection_results/step_k_unet_enc0_direct_fullseq_greedy/artifacts/g_pair_seed_sweep_d10_d12/replicate_0.all_frames.tum.txt,/home/melody/code/individual_project/channel_selection_results/step_k_unet_enc0_direct_fullseq_greedy/artifacts/g_pair_seed_sweep_d10_d12/replicate_0.keyframes.tum.txt,/home/melody/code/individual_project/channel_selection_results/step_k_unet_enc0_direct_fullseq_greedy/artifacts/g_pair_seed_sweep_d10_d12/replicate_0.log,2026-08-15T15:55:44.020542+00:00
g_pair_seed_sweep_d10_d13,exhaustive two-channel full-sequence seed sweep (only_1_singleton_passes_for_4_planned_starts),"10,13","[10, 13]",0,FAIL_TRACKING_NAN,Tracking emitted non-finite affine/pose diagnostics,21.530872205999913,-15,1305031463.0598,268,,,,573,,,,,,,,,,,,,,,,,,,,,,,,267,3.5322125,13632.470214500001,1,0.0,0.994,31640.0,0.001927,7,,,/home/melody/code/individual_project/channel_selection_results/step_k_unet_enc0_direct_fullseq_greedy/artifacts/g_pair_seed_sweep_d10_d13/replicate_0.log,2026-08-15T15:56:05.611196+00:00
g_pair_seed_sweep_d10_d14,exhaustive two-channel full-sequence seed sweep (only_1_singleton_passes_for_4_planned_starts),"10,14","[10, 14]",0,PASS,Completed the full matched RGB-D sequence,44.40063034000923,0,,,1305031473.1961,571,571,573,0.9965095986038395,0.14985814407462084,0.14222857613141165,0.14276324450482447,0.22440920649619991,0.04720694310290649,12.495503868426589,11.939818585277298,19.701642741146703,0.009820816337875016,0.06731246003101286,0.5935826374482324,4.594460750686034,0.1214698541999524,0.11615944516804161,1.1133463714601193,0.12146438808290119,0.11732435250180034,1.1150556411461143,434,0.121334,0.117202,0.013801,571,2.916146,2915.0651854999996,0,0.871,0.992,17400.0,0.001607,7,/home/melody/code/individual_project/channel_selection_results/step_k_unet_enc0_direct_fullseq_greedy/artifacts/g_pair_seed_sweep_d10_d14/replicate_0.all_frames.tum.txt,/home/melody/code/individual_project/channel_selection_results/step_k_unet_enc0_direct_fullseq_greedy/artifacts/g_pair_seed_sweep_d10_d14/replicate_0.keyframes.tum.txt,/home/melody/code/individual_project/channel_selection_results/step_k_unet_enc0_direct_fullseq_greedy/artifacts/g_pair_seed_sweep_d10_d14/replicate_0.log,2026-08-15T15:56:50.665348+00:00
g_pair_seed_sweep_d10_d15,exhaustive two-channel full-sequence seed sweep (only_1_singleton_passes_for_4_planned_starts),"10,15","[10, 15]",0,PASS,Completed the full matched RGB-D sequence,45.341021646992886,0,,,1305031473.1961,571,571,573,0.9965095986038395,0.21478906473389384,0.20415227139475528,0.2090939120723312,0.323042614394561,0.0667547182873467,16.49001041431049,15.514278396365444,27.063284341403023,0.01059850167912004,0.05569302660644461,0.6418800332255988,3.673617382453304,0.19313712590733256,0.18378720087035083,1.1244935124833408,0.19766609322722772,0.19069507043114434,1.1238518937331121,432,0.197566,0.190615,0.01451,571,11.085964,5690.519775500001,0,0.878,0.993,12630.0,0.001724,0,/home/melody/code/individual_project/channel_selection_results/step_k_unet_enc0_direct_fullseq_greedy/artifacts/g_pair_seed_sweep_d10_d15/replicate_0.all_frames.tum.txt,/home/melody/code/individual_project/channel_selection_results/step_k_unet_enc0_direct_fullseq_greedy/artifacts/g_pair_seed_sweep_d10_d15/replicate_0.keyframes.tum.txt,/home/melody/code/individual_project/channel_selection_results/step_k_unet_enc0_direct_fullseq_greedy/artifacts/g_pair_seed_sweep_d10_d15/replicate_0.log,2026-08-15T15:57:36.662638+00:00
g_pair_seed_sweep_d11_d12,exhaustive two-channel full-sequence seed sweep (only_1_singleton_passes_for_4_planned_starts),"11,12","[11, 12]",0,FAIL_TRACKING_NAN,Tracking emitted non-finite affine/pose diagnostics,18.69225560501218,-15,1305031459.1276,158,,,,573,,,,,,,,,,,,,,,,,,,,,,,,157,3.5345885,57.2240305,1,0.0,0.994,141500.0,0.00586,63,,,/home/melody/code/individual_project/channel_selection_results/step_k_unet_enc0_direct_fullseq_greedy/artifacts/g_pair_seed_sweep_d11_d12/replicate_0.log,2026-08-15T15:57:55.412787+00:00
g_pair_seed_sweep_d11_d13,exhaustive two-channel full-sequence seed sweep (only_1_singleton_passes_for_4_planned_starts),"11,13","[11, 13]",0,FAIL_TRACKING_NAN,Tracking emitted non-finite affine/pose diagnostics,18.717329513994628,-15,1305031460.0917,183,,,,573,,,,,,,,,,,,,,,,,,,,,,,,182,3.341594,243.530182,1,0.0,0.994,920700.0,0.003233,36,,,/home/melody/code/individual_project/channel_selection_results/step_k_unet_enc0_direct_fullseq_greedy/artifacts/g_pair_seed_sweep_d11_d13/replicate_0.log,2026-08-15T15:58:14.184291+00:00
g_pair_seed_sweep_d11_d14,exhaustive two-channel full-sequence seed sweep (only_1_singleton_passes_for_4_planned_starts),"11,14","[11, 14]",0,FAIL_TRACKING_NAN,Tracking emitted non-finite affine/pose diagnostics,19.955999393001548,-15,1305031459.4597,167,,,,573,,,,,,,,,,,,,,,,,,,,,,,,166,2.877064,110.39824519999979,1,0.0,0.9935,2722000.0,0.057088,60,,,/home/melody/code/individual_project/channel_selection_results/step_k_unet_enc0_direct_fullseq_greedy/artifacts/g_pair_seed_sweep_d11_d14/replicate_0.log,2026-08-15T15:58:34.186555+00:00
g_pair_seed_sweep_d11_d15,exhaustive two-channel full-sequence seed sweep (only_1_singleton_passes_for_4_planned_starts),"11,15","[11, 15]",0,FAIL_TRACKING_NAN,Tracking emitted non-finite affine/pose diagnostics,22.469001078992733,-15,1305031459.4597,167,,,,573,,,,,,,,,,,,,,,,,,,,,,,,166,14.762875,52.48168579999998,1,0.0,0.994,50430000.0,0.078317,80,,,/home/melody/code/individual_project/channel_selection_results/step_k_unet_enc0_direct_fullseq_greedy/artifacts/g_pair_seed_sweep_d11_d15/replicate_0.log,2026-08-15T15:58:56.703711+00:00
g_pair_seed_sweep_d12_d13,exhaustive two-channel full-sequence seed sweep (only_1_singleton_passes_for_4_planned_starts),"12,13","[12, 13]",0,PASS,Completed the full matched RGB-D sequence,46.85580839699833,0,,,1305031473.1961,571,571,573,0.9965095986038395,0.17701565459167581,0.17002358226560296,0.16288749301148933,0.28465507038187354,0.049259754811521554,16.954937798885826,15.85918378311768,28.195953528302407,0.011332009379818687,0.14099960352309213,0.8763104782082282,12.482667967060044,0.16055408334954155,0.15365814543822823,1.0954353972668787,0.16586217452075036,0.16054405582647566,1.0987049212234288,428,0.165698,0.160368,0.015907,571,3.38218,8068.894775500001,0,0.911,0.992,508100.0,0.017158,38,/home/melody/code/individual_project/channel_selection_results/step_k_unet_enc0_direct_fullseq_greedy/artifacts/g_pair_seed_sweep_d12_d13/replicate_0.all_frames.tum.txt,/home/melody/code/individual_project/channel_selection_results/step_k_unet_enc0_direct_fullseq_greedy/artifacts/g_pair_seed_sweep_d12_d13/replicate_0.keyframes.tum.txt,/home/melody/code/individual_project/channel_selection_results/step_k_unet_enc0_direct_fullseq_greedy/artifacts/g_pair_seed_sweep_d12_d13/replicate_0.log,2026-08-15T15:59:44.207457+00:00
g_pair_seed_sweep_d12_d14,exhaustive two-channel full-sequence seed sweep (only_1_singleton_passes_for_4_planned_starts),"12,14","[12, 14]",0,FAIL_TRACKING_NAN,Tracking emitted non-finite affine/pose diagnostics,26.091504331998294,-15,1305031463.1598,271,,,,573,,,,,,,,,,,,,,,,,,,,,,,,270,3.105093,62.44505339999997,1,0.0,0.995,10000000.0,0.009278,62,,,/home/melody/code/individual_project/channel_selection_results/step_k_unet_enc0_direct_fullseq_greedy/artifacts/g_pair_seed_sweep_d12_d14/replicate_0.log,2026-08-15T16:00:10.360882+00:00
g_pair_seed_sweep_d12_d15,exhaustive two-channel full-sequence seed sweep (only_1_singleton_passes_for_4_planned_starts),"12,15","[12, 15]",0,PASS,Completed the full matched RGB-D sequence,54.632562988001155,0,,,1305031473.1961,571,571,573,0.9965095986038395,0.1977708642461235,0.1892046123945126,0.1962463487395678,0.30129739829803,0.05757542351820668,16.31643111464527,15.67543363034525,25.183298836510897,0.010973020013555575,0.09815492996398982,0.8275507218724332,10.96982354893257,0.18852835271604027,0.17888100585679093,1.0756200511966718,0.19649172360520234,0.18869170048673561,1.074648863917493,423,0.196294,0.188511,0.014868,571,14.349857,871.8204350000001,0,0.9,0.993,1859000.0,0.015985,49,/home/melody/code/individual_project/channel_selection_results/step_k_unet_enc0_direct_fullseq_greedy/artifacts/g_pair_seed_sweep_d12_d15/replicate_0.all_frames.tum.txt,/home/melody/code/individual_project/channel_selection_results/step_k_unet_enc0_direct_fullseq_greedy/artifacts/g_pair_seed_sweep_d12_d15/replicate_0.keyframes.tum.txt,/home/melody/code/individual_project/channel_selection_results/step_k_unet_enc0_direct_fullseq_greedy/artifacts/g_pair_seed_sweep_d12_d15/replicate_0.log,2026-08-15T16:01:05.644832+00:00
g_pair_seed_sweep_d13_d14,exhaustive two-channel full-sequence seed sweep (only_1_singleton_passes_for_4_planned_starts),"13,14","[13, 14]",0,PASS,Completed the full matched RGB-D sequence,45.86560144998657,0,,,1305031473.1961,571,571,573,0.9965095986038395,0.1835264018351916,0.17559848904886738,0.16916235780828706,0.3012453372536294,0.053358324695655594,14.404738544130726,13.047591644256764,26.144978910260203,0.011188841849231263,0.10924600617415886,0.7996228270823064,12.139461863988334,0.1513695544181893,0.14742485030353938,1.1377154294095235,0.1511793589257268,0.14804272701780039,1.1453869447350582,431,0.151144,0.148004,0.015668,571,2.79511,1814.786316,0,0.898,0.992,287800.0,0.008875,45,/home/melody/code/individual_project/channel_selection_results/step_k_unet_enc0_direct_fullseq_greedy/artifacts/g_pair_seed_sweep_d13_d14/replicate_0.all_frames.tum.txt,/home/melody/code/individual_project/channel_selection_results/step_k_unet_enc0_direct_fullseq_greedy/artifacts/g_pair_seed_sweep_d13_d14/replicate_0.keyframes.tum.txt,/home/melody/code/individual_project/channel_selection_results/step_k_unet_enc0_direct_fullseq_greedy/artifacts/g_pair_seed_sweep_d13_d14/replicate_0.log,2026-08-15T16:01:52.148525+00:00
g_pair_seed_sweep_d13_d15,exhaustive two-channel full-sequence seed sweep (only_1_singleton_passes_for_4_planned_starts),"13,15","[13, 15]",0,PASS,Completed the full matched RGB-D sequence,48.60994079500961,0,,,1305031473.1961,571,571,573,0.9965095986038395,0.2247580573234041,0.21710204479842393,0.22447200121932548,0.3609263545006528,0.058162586566741725,17.577710727426147,16.35177472552124,30.51026554290627,0.014456892864746123,0.20520113094435483,0.9370317293229864,14.3557180158257,0.20827548862055764,0.1988490287947576,1.1110436804690835,0.21183616758123175,0.20479692360785695,1.1115571374304836,425,0.211825,0.204794,0.020144,571,12.977638,6489.85376,0,0.837,0.992,104700.0,0.020326,55,/home/melody/code/individual_project/channel_selection_results/step_k_unet_enc0_direct_fullseq_greedy/artifacts/g_pair_seed_sweep_d13_d15/replicate_0.all_frames.tum.txt,/home/melody/code/individual_project/channel_selection_results/step_k_unet_enc0_direct_fullseq_greedy/artifacts/g_pair_seed_sweep_d13_d15/replicate_0.keyframes.tum.txt,/home/melody/code/individual_project/channel_selection_results/step_k_unet_enc0_direct_fullseq_greedy/artifacts/g_pair_seed_sweep_d13_d15/replicate_0.log,2026-08-15T16:02:41.403435+00:00
g_pair_seed_sweep_d14_d15,exhaustive two-channel full-sequence seed sweep (only_1_singleton_passes_for_4_planned_starts),"14,15","[14, 15]",0,PASS,Completed the full matched RGB-D sequence,51.930050526993,0,,,1305031473.1961,571,571,573,0.9965095986038395,0.33779985063770807,0.31881580861038594,0.3028249069351648,0.5691322082779966,0.1116477463765553,28.761281312242286,26.38751693752082,49.55234013593746,0.01942406838565018,0.29659467993716543,1.1162064439168062,18.719170354972867,0.3366685429961566,0.3167825671656149,1.035632292961036,0.343440392300923,0.3258078530229685,1.0325083564911048,432,0.343283,0.325808,0.022698,571,6.191649,442.1861725,0,0.83,0.993,653000.0,0.014139,90,/home/melody/code/individual_project/channel_selection_results/step_k_unet_enc0_direct_fullseq_greedy/artifacts/g_pair_seed_sweep_d14_d15/replicate_0.all_frames.tum.txt,/home/melody/code/individual_project/channel_selection_results/step_k_unet_enc0_direct_fullseq_greedy/artifacts/g_pair_seed_sweep_d14_d15/replicate_0.keyframes.tum.txt,/home/melody/code/individual_project/channel_selection_results/step_k_unet_enc0_direct_fullseq_greedy/artifacts/g_pair_seed_sweep_d14_d15/replicate_0.log,2026-08-15T16:03:33.984071+00:00
g_s01_k03_from_d03_d07_add_d00,direct full-sequence ATE forward-greedy trial,"0,3,7","[0, 3, 7]",0,PASS,Completed the full matched RGB-D sequence,46.20778055599658,0,,,1305031473.1961,571,571,573,0.9965095986038395,0.1555997049176106,0.14556198270835902,0.161183426311882,0.2401926499943163,0.05498160929309801,9.143187162274335,8.855039035581823,13.783805301996164,0.013234714498989152,0.21509369048781884,0.6213956593549407,5.237793117483295,0.12864648222914157,0.11918581242095966,1.1131608279508227,0.12994206168470032,0.12016457073244693,1.1157031385167149,434,0.129821,0.120045,0.016925,571,5.014572,77.707275,0,0.897,0.992,38270.0,0.003021,2,/home/melody/code/individual_project/channel_selection_results/step_k_unet_enc0_direct_fullseq_greedy/artifacts/g_s01_k03_from_d03_d07_add_d00/replicate_0.all_frames.tum.txt,/home/melody/code/individual_project/channel_selection_results/step_k_unet_enc0_direct_fullseq_greedy/artifacts/g_s01_k03_from_d03_d07_add_d00/replicate_0.keyframes.tum.txt,/home/melody/code/individual_project/channel_selection_results/step_k_unet_enc0_direct_fullseq_greedy/artifacts/g_s01_k03_from_d03_d07_add_d00/replicate_0.log,2026-08-15T16:04:20.960064+00:00
g_s01_k03_from_d03_d07_add_d01,direct full-sequence ATE forward-greedy trial,"1,3,7","[1, 3, 7]",0,PASS,Completed the full matched RGB-D sequence,46.20123642899853,0,,,1305031473.1961,571,571,573,0.9965095986038395,0.1510345423445911,0.14460332860680414,0.1424547272525074,0.27877757974550543,0.04360401744189073,8.422384593639537,8.170750554228134,12.298205850658306,0.01174772878878155,0.16055501469205932,0.8987540266000518,11.947557717446857,0.13117519581314885,0.12002436807474104,1.0952727768262185,0.12219308346787194,0.11210024408850554,1.1028970540304208,437,0.122233,0.112176,0.015676,571,4.598902,60.5149725,0,0.882,0.992,73510.0,0.005218,19,/home/melody/code/individual_project/channel_selection_results/step_k_unet_enc0_direct_fullseq_greedy/artifacts/g_s01_k03_from_d03_d07_add_d01/replicate_0.all_frames.tum.txt,/home/melody/code/individual_project/channel_selection_results/step_k_unet_enc0_direct_fullseq_greedy/artifacts/g_s01_k03_from_d03_d07_add_d01/replicate_0.keyframes.tum.txt,/home/melody/code/individual_project/channel_selection_results/step_k_unet_enc0_direct_fullseq_greedy/artifacts/g_s01_k03_from_d03_d07_add_d01/replicate_0.log,2026-08-15T16:05:07.808149+00:00
g_s01_k03_from_d03_d07_add_d02,direct full-sequence ATE forward-greedy trial,"2,3,7","[2, 3, 7]",0,PASS,Completed the full matched RGB-D sequence,46.11276930000167,0,,,1305031473.1961,571,571,573,0.9965095986038395,0.16859230473228407,0.153616983407442,0.1286174670396467,0.3324933538116607,0.06946357047936,13.658626612888467,12.843003269009293,20.256444823643967,0.0171626516127612,0.32580193433521387,1.187578593040806,22.829316610075697,0.16719194914137572,0.15041481569428494,1.0260414872549009,0.17074952248849543,0.1538016963684465,1.01797143190844,433,0.170616,0.1536,0.020743,571,4.369064,32.780495,0,0.89,0.993,307100.0,0.004318,26,/home/melody/code/individual_project/channel_selection_results/step_k_unet_enc0_direct_fullseq_greedy/artifacts/g_s01_k03_from_d03_d07_add_d02/replicate_0.all_frames.tum.txt,/home/melody/code/individual_project/channel_selection_results/step_k_unet_enc0_direct_fullseq_greedy/artifacts/g_s01_k03_from_d03_d07_add_d02/replicate_0.keyframes.tum.txt,/home/melody/code/individual_project/channel_selection_results/step_k_unet_enc0_direct_fullseq_greedy/artifacts/g_s01_k03_from_d03_d07_add_d02/replicate_0.log,2026-08-15T16:05:54.569703+00:00
g_s01_k03_from_d03_d07_add_d04,direct full-sequence ATE forward-greedy trial,"3,4,7","[3, 4, 7]",0,PASS,Completed the full matched RGB-D sequence,47.999820267010364,0,,,1305031473.1961,571,571,573,0.9965095986038395,0.10280931835248408,0.0972394334434617,0.10138504287459686,0.19059915223251372,0.03338036134760982,7.6745430837409,6.918059042578323,12.414446911444706,0.011923904035162214,0.15323755929888538,0.8932009458913398,13.894025291350554,0.09321692988182301,0.08699609327675942,1.0527395860235724,0.0899655061588695,0.08295736755829652,1.0517641908942554,437,0.089918,0.082878,0.015629,571,4.236043,31.4541235,0,0.889,0.993,1098000.0,0.007815,24,/home/melody/code/individual_project/channel_selection_results/step_k_unet_enc0_direct_fullseq_greedy/artifacts/g_s01_k03_from_d03_d07_add_d04/replicate_0.all_frames.tum.txt,/home/melody/code/individual_project/channel_selection_results/step_k_unet_enc0_direct_fullseq_greedy/artifacts/g_s01_k03_from_d03_d07_add_d04/replicate_0.keyframes.tum.txt,/home/melody/code/individual_project/channel_selection_results/step_k_unet_enc0_direct_fullseq_greedy/artifacts/g_s01_k03_from_d03_d07_add_d04/replicate_0.log,2026-08-15T16:06:43.224760+00:00
g_s01_k03_from_d03_d07_add_d05,direct full-sequence ATE forward-greedy trial,"3,5,7","[3, 5, 7]",0,PASS,Completed the full matched RGB-D sequence,46.32702188899566,0,,,1305031473.1961,571,571,573,0.9965095986038395,0.1331367176651425,0.1265641760326789,0.12076146276431948,0.2008213189528662,0.0413145850253509,8.765945994915517,8.242220346506386,12.556906905975927,0.016304046718937624,0.2625148275152093,0.9203474555963351,11.420348409893885,0.12180702809927098,0.11223616727399105,1.0664926146143092,0.11920753569907341,0.11033366107567409,1.0679371518121896,430,0.119039,0.110171,0.021242,571,5.307976,72.276344,0,0.897,0.993,53230.0,0.002297,11,/home/melody/code/individual_project/channel_selection_results/step_k_unet_enc0_direct_fullseq_greedy/artifacts/g_s01_k03_from_d03_d07_add_d05/replicate_0.all_frames.tum.txt,/home/melody/code/individual_project/channel_selection_results/step_k_unet_enc0_direct_fullseq_greedy/artifacts/g_s01_k03_from_d03_d07_add_d05/replicate_0.keyframes.tum.txt,/home/melody/code/individual_project/channel_selection_results/step_k_unet_enc0_direct_fullseq_greedy/artifacts/g_s01_k03_from_d03_d07_add_d05/replicate_0.log,2026-08-15T16:07:30.200701+00:00
g_s01_k03_from_d03_d07_add_d06,direct full-sequence ATE forward-greedy trial,"3,6,7","[3, 6, 7]",0,PASS,Completed the full matched RGB-D sequence,46.26954070100328,0,,,1305031473.1961,571,571,573,0.9965095986038395,0.12845139516699428,0.12011815752727938,0.11383525552270003,0.24476570082701438,0.04551251643887667,9.121790625360122,8.600293268702432,17.41530978731606,0.016565944456550078,0.252394782335665,0.8380577057653217,11.89657212250229,0.11121243716902668,0.10284799364564186,1.080429890028377,0.10760259022401504,0.09850871007253094,1.0749627141038587,437,0.107458,0.09834,0.022834,571,6.274163,67.1522595,0,0.895,0.993,25640.0,0.003492,3,/home/melody/code/individual_project/channel_selection_results/step_k_unet_enc0_direct_fullseq_greedy/artifacts/g_s01_k03_from_d03_d07_add_d06/replicate_0.all_frames.tum.txt,/home/melody/code/individual_project/channel_selection_results/step_k_unet_enc0_direct_fullseq_greedy/artifacts/g_s01_k03_from_d03_d07_add_d06/replicate_0.keyframes.tum.txt,/home/melody/code/individual_project/channel_selection_results/step_k_unet_enc0_direct_fullseq_greedy/artifacts/g_s01_k03_from_d03_d07_add_d06/replicate_0.log,2026-08-15T16:08:17.118324+00:00
g_s01_k03_from_d03_d07_add_d08,direct full-sequence ATE forward-greedy trial,"3,7,8","[3, 7, 8]",0,PASS,Completed the full matched RGB-D sequence,46.15796294900065,0,,,1305031473.1961,571,571,573,0.9965095986038395,0.15616281065638726,0.1501034229433056,0.14112655422075648,0.2524787644816267,0.043078833001902246,9.791516773664274,9.21211355338793,14.62579121303787,0.015630224332735948,0.25314424570537536,0.7362196553683917,8.508337784984908,0.13731334352389107,0.12440910680903025,1.09471022226288,0.137966809889583,0.1254980629438649,1.087968689622713,437,0.137751,0.125268,0.01962,571,6.75167,70.610233,0,0.881,0.992,13140.0,0.002449,0,/home/melody/code/individual_project/channel_selection_results/step_k_unet_enc0_direct_fullseq_greedy/artifacts/g_s01_k03_from_d03_d07_add_d08/replicate_0.all_frames.tum.txt,/home/melody/code/individual_project/channel_selection_results/step_k_unet_enc0_direct_fullseq_greedy/artifacts/g_s01_k03_from_d03_d07_add_d08/replicate_0.keyframes.tum.txt,/home/melody/code/individual_project/channel_selection_results/step_k_unet_enc0_direct_fullseq_greedy/artifacts/g_s01_k03_from_d03_d07_add_d08/replicate_0.log,2026-08-15T16:09:03.938078+00:00
g_s01_k03_from_d03_d07_add_d09,direct full-sequence ATE forward-greedy trial,"3,7,9","[3, 7, 9]",0,PASS,Completed the full matched RGB-D sequence,46.682504915996105,0,,,1305031473.1961,571,571,573,0.9965095986038395,0.15137991160737338,0.13518004279733925,0.12177983878680988,0.3971990211542899,0.0681339391754631,11.373511497199926,9.61691266207919,32.93976780032743,0.01492629566188887,0.26750267708643244,1.3936764004366617,27.18294487782333,0.13579923005391248,0.10877393436557167,1.084348807265323,0.10577521142072878,0.09479037034794277,1.0908954955936871,437,0.10568,0.094677,0.021535,571,5.317151,38.008711000000005,0,0.896,0.992,6131000.0,0.009418,19,/home/melody/code/individual_project/channel_selection_results/step_k_unet_enc0_direct_fullseq_greedy/artifacts/g_s01_k03_from_d03_d07_add_d09/replicate_0.all_frames.tum.txt,/home/melody/code/individual_project/channel_selection_results/step_k_unet_enc0_direct_fullseq_greedy/artifacts/g_s01_k03_from_d03_d07_add_d09/replicate_0.keyframes.tum.txt,/home/melody/code/individual_project/channel_selection_results/step_k_unet_enc0_direct_fullseq_greedy/artifacts/g_s01_k03_from_d03_d07_add_d09/replicate_0.log,2026-08-15T16:09:51.265357+00:00
g_s01_k03_from_d03_d07_add_d10,direct full-sequence ATE forward-greedy trial,"3,7,10","[3, 7, 10]",0,PASS,Completed the full matched RGB-D sequence,44.72078622900881,0,,,1305031473.1961,571,571,573,0.9965095986038395,0.11940792471059705,0.11218104915981773,0.10560764609805431,0.23509110266922617,0.04091044723654548,8.057882643060504,7.87698800562106,10.599420254350534,0.010724628091690648,0.11831713455544049,0.6375137723131308,7.562370185943224,0.09766744169733366,0.0939655907459654,1.086261257757172,0.09480162584798343,0.0900269303973412,1.0877711898405658,435,0.094741,0.089965,0.01421,571,4.606125,50.7945345,0,0.891,0.993,16070.0,0.003287,4,/home/melody/code/individual_project/channel_selection_results/step_k_unet_enc0_direct_fullseq_greedy/artifacts/g_s01_k03_from_d03_d07_add_d10/replicate_0.all_frames.tum.txt,/home/melody/code/individual_project/channel_selection_results/step_k_unet_enc0_direct_fullseq_greedy/artifacts/g_s01_k03_from_d03_d07_add_d10/replicate_0.keyframes.tum.txt,/home/melody/code/individual_project/channel_selection_results/step_k_unet_enc0_direct_fullseq_greedy/artifacts/g_s01_k03_from_d03_d07_add_d10/replicate_0.log,2026-08-15T16:10:36.627094+00:00
g_s01_k03_from_d03_d07_add_d11,direct full-sequence ATE forward-greedy trial,"3,7,11","[3, 7, 11]",0,PASS,Completed the full matched RGB-D sequence,46.13129135700001,0,,,1305031473.1961,571,571,573,0.9965095986038395,0.16682450543697785,0.15450883682261524,0.15650559342059184,0.2831568262154828,0.06290814699237852,10.06149517418053,9.106004409244537,22.09050598618647,0.0185464539472625,0.29845089948956444,0.994175924008241,15.41622817036491,0.15551093375978156,0.13690369480790734,1.0758468253409939,0.1484644207018431,0.13234244397818384,1.0695543928016926,434,0.148273,0.132175,0.024608,571,4.461504,59.523210500000005,0,0.894,0.993,36790.0,0.005058,11,/home/melody/code/individual_project/channel_selection_results/step_k_unet_enc0_direct_fullseq_greedy/artifacts/g_s01_k03_from_d03_d07_add_d11/replicate_0.all_frames.tum.txt,/home/melody/code/individual_project/channel_selection_results/step_k_unet_enc0_direct_fullseq_greedy/artifacts/g_s01_k03_from_d03_d07_add_d11/replicate_0.keyframes.tum.txt,/home/melody/code/individual_project/channel_selection_results/step_k_unet_enc0_direct_fullseq_greedy/artifacts/g_s01_k03_from_d03_d07_add_d11/replicate_0.log,2026-08-15T16:11:23.412793+00:00
g_s01_k03_from_d03_d07_add_d12,direct full-sequence ATE forward-greedy trial,"3,7,12","[3, 7, 12]",0,PASS,Completed the full matched RGB-D sequence,45.639078116000746,0,,,1305031473.1961,571,571,573,0.9965095986038395,0.09326600329356742,0.08797280937982409,0.08534297821731512,0.16408201537241354,0.030973087998726577,7.117200215105091,6.439193318376405,11.454680426205497,0.011031877772606707,0.10688265635997747,0.7579433269246888,8.313029796965509,0.07201878304508959,0.06465242496840973,1.0733121565929014,0.06576394037299164,0.0601298591014434,1.0750598090523062,432,0.065652,0.060004,0.01487,571,4.615495,58.715185000000005,0,0.897,0.993,51830.0,0.006103,13,/home/melody/code/individual_project/channel_selection_results/step_k_unet_enc0_direct_fullseq_greedy/artifacts/g_s01_k03_from_d03_d07_add_d12/replicate_0.all_frames.tum.txt,/home/melody/code/individual_project/channel_selection_results/step_k_unet_enc0_direct_fullseq_greedy/artifacts/g_s01_k03_from_d03_d07_add_d12/replicate_0.keyframes.tum.txt,/home/melody/code/individual_project/channel_selection_results/step_k_unet_enc0_direct_fullseq_greedy/artifacts/g_s01_k03_from_d03_d07_add_d12/replicate_0.log,2026-08-15T16:12:09.706575+00:00
g_s01_k03_from_d03_d07_add_d13,direct full-sequence ATE forward-greedy trial,"3,7,13","[3, 7, 13]",0,PASS,Completed the full matched RGB-D sequence,47.69302410300588,0,,,1305031473.1961,571,571,573,0.9965095986038395,0.15068392610509584,0.14199638061875858,0.14434118543575258,0.31600512418992416,0.05042492912854343,8.309880029310287,8.086888230229583,12.01330479915721,0.011727098294831956,0.13385997977610606,0.8190606949644509,11.096541828697468,0.1361367971729177,0.12380754991678627,1.081222470640362,0.13039238237890918,0.11858234022997484,1.0855885506335337,435,0.130468,0.118708,0.015327,571,4.415846,43.414958999999996,0,0.897,0.992,1480000.0,0.015569,49,/home/melody/code/individual_project/channel_selection_results/step_k_unet_enc0_direct_fullseq_greedy/artifacts/g_s01_k03_from_d03_d07_add_d13/replicate_0.all_frames.tum.txt,/home/melody/code/individual_project/channel_selection_results/step_k_unet_enc0_direct_fullseq_greedy/artifacts/g_s01_k03_from_d03_d07_add_d13/replicate_0.keyframes.tum.txt,/home/melody/code/individual_project/channel_selection_results/step_k_unet_enc0_direct_fullseq_greedy/artifacts/g_s01_k03_from_d03_d07_add_d13/replicate_0.log,2026-08-15T16:12:58.047962+00:00
g_s01_k03_from_d03_d07_add_d14,direct full-sequence ATE forward-greedy trial,"3,7,14","[3, 7, 14]",0,PASS,Completed the full matched RGB-D sequence,45.872941417997936,0,,,1305031473.1961,571,571,573,0.9965095986038395,0.13881159055004447,0.130529180760173,0.13032442377511838,0.25978051169447003,0.04723124644884224,8.850105262675806,8.403473343179988,16.551520374912972,0.013702071365816682,0.1926468327195813,0.8641670043241785,11.06443050362656,0.11775134225304944,0.10684909780578372,1.0931561513417727,0.1082116283711525,0.10161857842597401,1.0985503386720035,436,0.108131,0.101547,0.019259,571,3.963095,83.2472875,0,0.898,0.993,87570.0,0.005095,19,/home/melody/code/individual_project/channel_selection_results/step_k_unet_enc0_direct_fullseq_greedy/artifacts/g_s01_k03_from_d03_d07_add_d14/replicate_0.all_frames.tum.txt,/home/melody/code/individual_project/channel_selection_results/step_k_unet_enc0_direct_fullseq_greedy/artifacts/g_s01_k03_from_d03_d07_add_d14/replicate_0.keyframes.tum.txt,/home/melody/code/individual_project/channel_selection_results/step_k_unet_enc0_direct_fullseq_greedy/artifacts/g_s01_k03_from_d03_d07_add_d14/replicate_0.log,2026-08-15T16:13:44.572206+00:00
g_s01_k03_from_d03_d07_add_d15,direct full-sequence ATE forward-greedy trial,"3,7,15","[3, 7, 15]",0,PASS,Completed the full matched RGB-D sequence,46.709560054005124,0,,,1305031473.1961,571,571,573,0.9965095986038395,0.14195199433368355,0.1340761316061361,0.1377464701204252,0.2113793357455592,0.04662573998173329,9.189206034293598,8.524271348648803,14.072209415350475,0.01607216364831398,0.27117330366139847,0.7757419124396266,8.722655966015205,0.12371490017426674,0.1106574659408418,1.0878709279690457,0.12464789876017036,0.1106690537682029,1.0818377223188909,437,0.124442,0.110464,0.021493,571,6.264986,69.641712,0,0.897,0.993,20420.0,0.004175,3,/home/melody/code/individual_project/channel_selection_results/step_k_unet_enc0_direct_fullseq_greedy/artifacts/g_s01_k03_from_d03_d07_add_d15/replicate_0.all_frames.tum.txt,/home/melody/code/individual_project/channel_selection_results/step_k_unet_enc0_direct_fullseq_greedy/artifacts/g_s01_k03_from_d03_d07_add_d15/replicate_0.keyframes.tum.txt,/home/melody/code/individual_project/channel_selection_results/step_k_unet_enc0_direct_fullseq_greedy/artifacts/g_s01_k03_from_d03_d07_add_d15/replicate_0.log,2026-08-15T16:14:31.931813+00:00
g_s01_k04_from_d03_d07_d12_add_d00,direct full-sequence ATE forward-greedy trial,"0,3,7,12","[0, 3, 7, 12]",0,PASS,Completed the full matched RGB-D sequence,45.745933668004,0,,,1305031473.1961,571,571,573,0.9965095986038395,0.14102964316635228,0.13129745022451378,0.14203375040889335,0.23121235935473783,0.05148145118554816,8.685894379683543,8.347263576226702,13.610451317682237,0.013111924317150941,0.22754314127565567,0.5538232251808947,3.563428415801139,0.11441353838932126,0.1033275090814845,1.1056344466720678,0.11690748889102334,0.10474741906293004,1.1078626144668162,436,0.116778,0.104602,0.016669,571,6.859345,72.9718285,0,0.897,0.992,27140.0,0.003403,2,/home/melody/code/individual_project/channel_selection_results/step_k_unet_enc0_direct_fullseq_greedy/artifacts/g_s01_k04_from_d03_d07_d12_add_d00/replicate_0.all_frames.tum.txt,/home/melody/code/individual_project/channel_selection_results/step_k_unet_enc0_direct_fullseq_greedy/artifacts/g_s01_k04_from_d03_d07_d12_add_d00/replicate_0.keyframes.tum.txt,/home/melody/code/individual_project/channel_selection_results/step_k_unet_enc0_direct_fullseq_greedy/artifacts/g_s01_k04_from_d03_d07_d12_add_d00/replicate_0.log,2026-08-15T16:15:18.334875+00:00
g_s01_k04_from_d03_d07_d12_add_d01,direct full-sequence ATE forward-greedy trial,"1,3,7,12","[1, 3, 7, 12]",0,PASS,Completed the full matched RGB-D sequence,46.08325891000277,0,,,1305031473.1961,571,571,573,0.9965095986038395,0.19099789443138704,0.17816685626198225,0.1545747234689863,0.40610213263131,0.06882417458237632,10.976938807955934,10.411867267472791,20.100934908406987,0.01238397683272184,0.14495797166107788,0.9282226503010056,11.452832232786792,0.18353465558646387,0.1645070338639802,1.0662410515153558,0.17679192313930836,0.1589308561159524,1.0761144139600873,435,0.176852,0.159084,0.016331,571,6.418628,70.20317449999999,0,0.907,0.993,71820.0,0.007408,21,/home/melody/code/individual_project/channel_selection_results/step_k_unet_enc0_direct_fullseq_greedy/artifacts/g_s01_k04_from_d03_d07_d12_add_d01/replicate_0.all_frames.tum.txt,/home/melody/code/individual_project/channel_selection_results/step_k_unet_enc0_direct_fullseq_greedy/artifacts/g_s01_k04_from_d03_d07_d12_add_d01/replicate_0.keyframes.tum.txt,/home/melody/code/individual_project/channel_selection_results/step_k_unet_enc0_direct_fullseq_greedy/artifacts/g_s01_k04_from_d03_d07_d12_add_d01/replicate_0.log,2026-08-15T16:16:05.072424+00:00
g_s01_k04_from_d03_d07_d12_add_d02,direct full-sequence ATE forward-greedy trial,"2,3,7,12","[2, 3, 7, 12]",0,PASS,Completed the full matched RGB-D sequence,45.16210000499268,0,,,1305031473.1961,571,571,573,0.9965095986038395,0.11435454832725536,0.10956920590420814,0.11447074108296883,0.2079400473690995,0.03273456644973048,7.852888709162301,7.515752133776306,11.431643366327954,0.01308264128035273,0.21195521038256013,0.7338803599536188,9.515041337905668,0.09832787445148704,0.09131186457700534,1.0723794313773949,0.09611595897513661,0.09027243229661375,1.073462741324026,431,0.096011,0.090155,0.016898,571,6.312994,37.6783905,0,0.898,0.993,48930.0,0.009851,11,/home/melody/code/individual_project/channel_selection_results/step_k_unet_enc0_direct_fullseq_greedy/artifacts/g_s01_k04_from_d03_d07_d12_add_d02/replicate_0.all_frames.tum.txt,/home/melody/code/individual_project/channel_selection_results/step_k_unet_enc0_direct_fullseq_greedy/artifacts/g_s01_k04_from_d03_d07_d12_add_d02/replicate_0.keyframes.tum.txt,/home/melody/code/individual_project/channel_selection_results/step_k_unet_enc0_direct_fullseq_greedy/artifacts/g_s01_k04_from_d03_d07_d12_add_d02/replicate_0.log,2026-08-15T16:16:50.882926+00:00
g_s01_k04_from_d03_d07_d12_add_d04,direct full-sequence ATE forward-greedy trial,"3,4,7,12","[3, 4, 7, 12]",0,PASS,Completed the full matched RGB-D sequence,45.72340545500629,0,,,1305031473.1961,571,571,573,0.9965095986038395,0.1349143985729423,0.12579991360341025,0.11633838992496584,0.21685764282961031,0.048747068421324,7.858167310703314,7.223416393703187,12.845884174219584,0.01578928631590989,0.2918481142163069,0.7398199722416005,7.5943212566978655,0.12474356373355414,0.11086817723855175,1.0634283489682734,0.1271612342321183,0.1121614641434542,1.060726699283288,434,0.126982,0.111965,0.019831,571,6.034414,44.205209499999995,0,0.899,0.993,62140.0,0.003701,11,/home/melody/code/individual_project/channel_selection_results/step_k_unet_enc0_direct_fullseq_greedy/artifacts/g_s01_k04_from_d03_d07_d12_add_d04/replicate_0.all_frames.tum.txt,/home/melody/code/individual_project/channel_selection_results/step_k_unet_enc0_direct_fullseq_greedy/artifacts/g_s01_k04_from_d03_d07_d12_add_d04/replicate_0.keyframes.tum.txt,/home/melody/code/individual_project/channel_selection_results/step_k_unet_enc0_direct_fullseq_greedy/artifacts/g_s01_k04_from_d03_d07_d12_add_d04/replicate_0.log,2026-08-15T16:17:37.252054+00:00
g_s01_k04_from_d03_d07_d12_add_d05,direct full-sequence ATE forward-greedy trial,"3,5,7,12","[3, 5, 7, 12]",0,PASS,Completed the full matched RGB-D sequence,46.126827760002925,0,,,1305031473.1961,571,571,573,0.9965095986038395,0.12174279850633724,0.11557247279290161,0.11720332109076356,0.19721686163554725,0.03826633665101273,8.203493022101213,7.915403947745701,11.639905112905206,0.012738909264952707,0.2047297015146738,0.6086707256163912,5.223453850306592,0.10475596305796239,0.0960881848701099,1.0773200782831696,0.10594371593812793,0.09716271772321813,1.08111507671939,435,0.105785,0.097001,0.016264,571,7.081321,55.806425000000004,0,0.886,0.993,41890.0,0.006059,9,/home/melody/code/individual_project/channel_selection_results/step_k_unet_enc0_direct_fullseq_greedy/artifacts/g_s01_k04_from_d03_d07_d12_add_d05/replicate_0.all_frames.tum.txt,/home/melody/code/individual_project/channel_selection_results/step_k_unet_enc0_direct_fullseq_greedy/artifacts/g_s01_k04_from_d03_d07_d12_add_d05/replicate_0.keyframes.tum.txt,/home/melody/code/individual_project/channel_selection_results/step_k_unet_enc0_direct_fullseq_greedy/artifacts/g_s01_k04_from_d03_d07_d12_add_d05/replicate_0.log,2026-08-15T16:18:24.033316+00:00
g_s01_k04_from_d03_d07_d12_add_d06,direct full-sequence ATE forward-greedy trial,"3,6,7,12","[3, 6, 7, 12]",0,PASS,Completed the full matched RGB-D sequence,45.61775031700381,0,,,1305031473.1961,571,571,573,0.9965095986038395,0.11657993884990865,0.11078610129753336,0.11903475320641169,0.2264691117422734,0.03629492941915047,7.937978609962258,7.7158567616579266,11.427364752654565,0.012403495770204649,0.18387520049816033,0.6520494944156184,5.9316002770270355,0.09277354433515325,0.08704339550122582,1.0887985361760941,0.09012856336208859,0.08337576432644517,1.092108033067235,432,0.090049,0.083302,0.016181,571,8.052068,75.4911995,0,0.897,0.993,24010.0,0.005378,3,/home/melody/code/individual_project/channel_selection_results/step_k_unet_enc0_direct_fullseq_greedy/artifacts/g_s01_k04_from_d03_d07_d12_add_d06/replicate_0.all_frames.tum.txt,/home/melody/code/individual_project/channel_selection_results/step_k_unet_enc0_direct_fullseq_greedy/artifacts/g_s01_k04_from_d03_d07_d12_add_d06/replicate_0.keyframes.tum.txt,/home/melody/code/individual_project/channel_selection_results/step_k_unet_enc0_direct_fullseq_greedy/artifacts/g_s01_k04_from_d03_d07_d12_add_d06/replicate_0.log,2026-08-15T16:19:10.296757+00:00
g_s01_k04_from_d03_d07_d12_add_d08,direct full-sequence ATE forward-greedy trial,"3,7,8,12","[3, 7, 8, 12]",0,PASS,Completed the full matched RGB-D sequence,46.00006955600111,0,,,1305031473.1961,571,571,573,0.9965095986038395,0.12064514096606367,0.11570137753598105,0.10657479934133655,0.2200768089928256,0.03418247028811339,8.360698699022523,7.665554135503642,16.800869135852867,0.015030775363203143,0.22925501047281233,0.8199709884334537,11.081721487961156,0.09732452303880397,0.0871788875814517,1.0898136905866045,0.09087002651695822,0.08373823610806579,1.0890641997705224,433,0.0907,0.083542,0.020647,571,8.388478,69.969963,0,0.877,0.993,18610.0,0.004477,3,/home/melody/code/individual_project/channel_selection_results/step_k_unet_enc0_direct_fullseq_greedy/artifacts/g_s01_k04_from_d03_d07_d12_add_d08/replicate_0.all_frames.tum.txt,/home/melody/code/individual_project/channel_selection_results/step_k_unet_enc0_direct_fullseq_greedy/artifacts/g_s01_k04_from_d03_d07_d12_add_d08/replicate_0.keyframes.tum.txt,/home/melody/code/individual_project/channel_selection_results/step_k_unet_enc0_direct_fullseq_greedy/artifacts/g_s01_k04_from_d03_d07_d12_add_d08/replicate_0.log,2026-08-15T16:19:56.957777+00:00
g_s01_k04_from_d03_d07_d12_add_d09,direct full-sequence ATE forward-greedy trial,"3,7,9,12","[3, 7, 9, 12]",0,PASS,Completed the full matched RGB-D sequence,45.29060990999278,0,,,1305031473.1961,571,571,573,0.9965095986038395,0.12388431349971889,0.11811883249153775,0.1152559724196683,0.18298412460837146,0.03735324004865821,9.10424384793096,8.57744937397537,18.153730555805637,0.011105367072059,0.14661271690324176,0.6364823902856147,6.592969844216799,0.09451791890432298,0.08580942565435473,1.1019744693404034,0.09256036952317723,0.08517333848478428,1.1043338130000826,431,0.092355,0.084984,0.015484,571,7.38581,40.1194725,0,0.897,0.993,98340.0,0.002926,3,/home/melody/code/individual_project/channel_selection_results/step_k_unet_enc0_direct_fullseq_greedy/artifacts/g_s01_k04_from_d03_d07_d12_add_d09/replicate_0.all_frames.tum.txt,/home/melody/code/individual_project/channel_selection_results/step_k_unet_enc0_direct_fullseq_greedy/artifacts/g_s01_k04_from_d03_d07_d12_add_d09/replicate_0.keyframes.tum.txt,/home/melody/code/individual_project/channel_selection_results/step_k_unet_enc0_direct_fullseq_greedy/artifacts/g_s01_k04_from_d03_d07_d12_add_d09/replicate_0.log,2026-08-15T16:20:42.903695+00:00
g_s01_k04_from_d03_d07_d12_add_d10,direct full-sequence ATE forward-greedy trial,"3,7,10,12","[3, 7, 10, 12]",0,PASS,Completed the full matched RGB-D sequence,44.443673734000186,0,,,1305031473.1961,571,571,573,0.9965095986038395,0.1293038839400739,0.12180688357376636,0.1330949644475506,0.21538143209082358,0.043388679583907845,8.65357824356896,8.42485904471952,13.216396858360282,0.01184103870204955,0.1866931989068188,0.5444558698751792,3.5793936286356605,0.10466389022054254,0.09895907445409387,1.0963131802146557,0.10493688109275046,0.09759873640012928,1.0995707061629274,431,0.10486,0.097518,0.015217,571,6.461137,43.5179195,0,0.897,0.993,13830.0,0.001761,0,/home/melody/code/individual_project/channel_selection_results/step_k_unet_enc0_direct_fullseq_greedy/artifacts/g_s01_k04_from_d03_d07_d12_add_d10/replicate_0.all_frames.tum.txt,/home/melody/code/individual_project/channel_selection_results/step_k_unet_enc0_direct_fullseq_greedy/artifacts/g_s01_k04_from_d03_d07_d12_add_d10/replicate_0.keyframes.tum.txt,/home/melody/code/individual_project/channel_selection_results/step_k_unet_enc0_direct_fullseq_greedy/artifacts/g_s01_k04_from_d03_d07_d12_add_d10/replicate_0.log,2026-08-15T16:21:27.989679+00:00
g_s01_k04_from_d03_d07_d12_add_d11,direct full-sequence ATE forward-greedy trial,"3,7,11,12","[3, 7, 11, 12]",0,PASS,Completed the full matched RGB-D sequence,45.85903094400419,0,,,1305031473.1961,571,571,573,0.9965095986038395,0.17577960113745839,0.16163543385159185,0.14667453762320393,0.37696393474029327,0.0690829552035207,10.035743886558928,9.872099990685394,13.9838712573997,0.014143266457573881,0.20260561437252145,0.8102929665571675,10.151357078037229,0.16364705485677963,0.14359348341314218,1.0811397608859807,0.15693980262537313,0.1388822720635258,1.089562728710343,434,0.156923,0.138899,0.018109,571,6.253491,74.675545,0,0.894,0.993,38320.0,0.004738,10,/home/melody/code/individual_project/channel_selection_results/step_k_unet_enc0_direct_fullseq_greedy/artifacts/g_s01_k04_from_d03_d07_d12_add_d11/replicate_0.all_frames.tum.txt,/home/melody/code/individual_project/channel_selection_results/step_k_unet_enc0_direct_fullseq_greedy/artifacts/g_s01_k04_from_d03_d07_d12_add_d11/replicate_0.keyframes.tum.txt,/home/melody/code/individual_project/channel_selection_results/step_k_unet_enc0_direct_fullseq_greedy/artifacts/g_s01_k04_from_d03_d07_d12_add_d11/replicate_0.log,2026-08-15T16:22:14.498671+00:00
g_s01_k04_from_d03_d07_d12_add_d13,direct full-sequence ATE forward-greedy trial,"3,7,12,13","[3, 7, 12, 13]",0,PASS,Completed the full matched RGB-D sequence,45.77698681599577,0,,,1305031473.1961,571,571,573,0.9965095986038395,0.11500518913157268,0.11093925077012702,0.11333028273052272,0.19421169597587729,0.030309671158751845,7.820318077703153,7.301527627898291,11.470365795887195,0.011590647759375738,0.18038771871221482,0.8052434572149746,11.120964996516499,0.0929521043505728,0.08418680971191587,1.0848755610832155,0.08700280959214364,0.07830747613356372,1.0881127442252234,432,0.087049,0.078374,0.015218,571,6.24441,53.7205235,0,0.897,0.993,68440.0,0.015101,19,/home/melody/code/individual_project/channel_selection_results/step_k_unet_enc0_direct_fullseq_greedy/artifacts/g_s01_k04_from_d03_d07_d12_add_d13/replicate_0.all_frames.tum.txt,/home/melody/code/individual_project/channel_selection_results/step_k_unet_enc0_direct_fullseq_greedy/artifacts/g_s01_k04_from_d03_d07_d12_add_d13/replicate_0.keyframes.tum.txt,/home/melody/code/individual_project/channel_selection_results/step_k_unet_enc0_direct_fullseq_greedy/artifacts/g_s01_k04_from_d03_d07_d12_add_d13/replicate_0.log,2026-08-15T16:23:00.925678+00:00
g_s01_k04_from_d03_d07_d12_add_d14,direct full-sequence ATE forward-greedy trial,"3,7,12,14","[3, 7, 12, 14]",0,PASS,Completed the full matched RGB-D sequence,45.30850955899223,0,,,1305031473.1961,571,571,573,0.9965095986038395,0.12746921154003546,0.12161590796605863,0.1163964212687149,0.19916546232286125,0.038183384085613316,8.173859280286665,7.482494859412034,12.783018735975297,0.014581753224050911,0.25554626543424425,0.7382358271094775,8.207815394852817,0.11234820159122948,0.10210236421362995,1.074984417446014,0.11382782787225745,0.10249745599774036,1.0745100983117282,431,0.113662,0.102311,0.01845,571,5.807344,58.5469015,0,0.898,0.993,51200.0,0.005361,14,/home/melody/code/individual_project/channel_selection_results/step_k_unet_enc0_direct_fullseq_greedy/artifacts/g_s01_k04_from_d03_d07_d12_add_d14/replicate_0.all_frames.tum.txt,/home/melody/code/individual_project/channel_selection_results/step_k_unet_enc0_direct_fullseq_greedy/artifacts/g_s01_k04_from_d03_d07_d12_add_d14/replicate_0.keyframes.tum.txt,/home/melody/code/individual_project/channel_selection_results/step_k_unet_enc0_direct_fullseq_greedy/artifacts/g_s01_k04_from_d03_d07_d12_add_d14/replicate_0.log,2026-08-15T16:23:46.885997+00:00
g_s01_k04_from_d03_d07_d12_add_d15,direct full-sequence ATE forward-greedy trial,"3,7,12,15","[3, 7, 12, 15]",0,PASS,Completed the full matched RGB-D sequence,46.001212448012666,0,,,1305031473.1961,571,571,573,0.9965095986038395,0.13995208885619909,0.13522894971381338,0.13870541674267658,0.21188937172708966,0.03605160654551166,8.439966624211399,7.762930315450542,13.290000502977252,0.015700320348778527,0.26159767125199374,0.8525611265635399,10.2704248348138,0.12303231442948066,0.11158499797937839,1.0838919583613786,0.12150020685736611,0.11114451292950445,1.0834557592377323,433,0.121342,0.110983,0.019874,571,7.939597,70.96762849999999,0,0.897,0.993,22910.0,0.003005,2,/home/melody/code/individual_project/channel_selection_results/step_k_unet_enc0_direct_fullseq_greedy/artifacts/g_s01_k04_from_d03_d07_d12_add_d15/replicate_0.all_frames.tum.txt,/home/melody/code/individual_project/channel_selection_results/step_k_unet_enc0_direct_fullseq_greedy/artifacts/g_s01_k04_from_d03_d07_d12_add_d15/replicate_0.keyframes.tum.txt,/home/melody/code/individual_project/channel_selection_results/step_k_unet_enc0_direct_fullseq_greedy/artifacts/g_s01_k04_from_d03_d07_d12_add_d15/replicate_0.log,2026-08-15T16:24:33.538806+00:00
g_s01_k05_from_d03_d07_d12_d13_add_d00,direct full-sequence ATE forward-greedy trial,"0,3,7,12,13","[0, 3, 7, 12, 13]",0,PASS,Completed the full matched RGB-D sequence,45.50504884200927,0,,,1305031473.1961,571,571,573,0.9965095986038395,0.14201767340486263,0.13271056149899663,0.1487694178975641,0.21650919251240328,0.05056606002004969,8.623670854424871,8.401005664133525,12.263580444953506,0.01437558526732199,0.26153201450841335,0.5466474404174826,3.6221963641019372,0.11453572623422442,0.10601612881311179,1.1077829495976108,0.11743748205851108,0.10822704425852425,1.1105701654181992,432,0.117335,0.108107,0.018257,571,8.523766,69.73074700000001,0,0.875,0.993,37670.0,0.003658,7,/home/melody/code/individual_project/channel_selection_results/step_k_unet_enc0_direct_fullseq_greedy/artifacts/g_s01_k05_from_d03_d07_d12_d13_add_d00/replicate_0.all_frames.tum.txt,/home/melody/code/individual_project/channel_selection_results/step_k_unet_enc0_direct_fullseq_greedy/artifacts/g_s01_k05_from_d03_d07_d12_d13_add_d00/replicate_0.keyframes.tum.txt,/home/melody/code/individual_project/channel_selection_results/step_k_unet_enc0_direct_fullseq_greedy/artifacts/g_s01_k05_from_d03_d07_d12_d13_add_d00/replicate_0.log,2026-08-15T16:25:19.699960+00:00
g_s01_k05_from_d03_d07_d12_d13_add_d01,direct full-sequence ATE forward-greedy trial,"1,3,7,12,13","[1, 3, 7, 12, 13]",0,PASS,Completed the full matched RGB-D sequence,46.31390641799953,0,,,1305031473.1961,571,571,573,0.9965095986038395,0.18863302450149128,0.17837788588426062,0.16443468117100274,0.3467417109980908,0.0613493908693632,9.12543345337517,8.810999137855813,14.874601749112193,0.012614261768663487,0.21604574459818052,0.8117015210332832,12.879078493171736,0.17871156981802497,0.16448601068458057,1.0762571735383246,0.1746760708840665,0.16089452092615594,1.0870990600526864,432,0.174786,0.161062,0.016309,571,8.041449,70.060566,0,0.897,0.993,109000.0,0.015398,19,/home/melody/code/individual_project/channel_selection_results/step_k_unet_enc0_direct_fullseq_greedy/artifacts/g_s01_k05_from_d03_d07_d12_d13_add_d01/replicate_0.all_frames.tum.txt,/home/melody/code/individual_project/channel_selection_results/step_k_unet_enc0_direct_fullseq_greedy/artifacts/g_s01_k05_from_d03_d07_d12_d13_add_d01/replicate_0.keyframes.tum.txt,/home/melody/code/individual_project/channel_selection_results/step_k_unet_enc0_direct_fullseq_greedy/artifacts/g_s01_k05_from_d03_d07_d12_d13_add_d01/replicate_0.log,2026-08-15T16:26:06.667721+00:00
g_s01_k05_from_d03_d07_d12_d13_add_d02,direct full-sequence ATE forward-greedy trial,"2,3,7,12,13","[2, 3, 7, 12, 13]",0,PASS,Completed the full matched RGB-D sequence,45.607108024007175,0,,,1305031473.1961,571,571,573,0.9965095986038395,0.10971022211768017,0.1042263395172495,0.10672585255882289,0.19641063545205312,0.03425205085751445,7.992697625098998,7.505007081514951,12.115921130204574,0.010247739057551894,0.10227325790420778,0.7974576871211516,10.274739263194908,0.0841201912527,0.07519765701912084,1.0884688962001532,0.07873271932863606,0.07105605307065348,1.0893199743233433,431,0.078647,0.070959,0.013664,571,7.972407,46.036865500000005,0,0.898,0.993,70840.0,0.004302,19,/home/melody/code/individual_project/channel_selection_results/step_k_unet_enc0_direct_fullseq_greedy/artifacts/g_s01_k05_from_d03_d07_d12_d13_add_d02/replicate_0.all_frames.tum.txt,/home/melody/code/individual_project/channel_selection_results/step_k_unet_enc0_direct_fullseq_greedy/artifacts/g_s01_k05_from_d03_d07_d12_d13_add_d02/replicate_0.keyframes.tum.txt,/home/melody/code/individual_project/channel_selection_results/step_k_unet_enc0_direct_fullseq_greedy/artifacts/g_s01_k05_from_d03_d07_d12_d13_add_d02/replicate_0.log,2026-08-15T16:26:52.924025+00:00
g_s01_k05_from_d03_d07_d12_d13_add_d04,direct full-sequence ATE forward-greedy trial,"3,4,7,12,13","[3, 4, 7, 12, 13]",0,PASS,Completed the full matched RGB-D sequence,46.025541301001795,0,,,1305031473.1961,571,571,573,0.9965095986038395,0.11946694225995794,0.11613598821209971,0.1167194544940107,0.19718035465941258,0.02801397035307851,8.001938139205802,7.281580823577423,12.77155147460292,0.01231126080626694,0.18299414214340723,0.8364032094186034,11.521008201100301,0.09930440378725988,0.0914102714521936,1.083176836010802,0.0992693214253824,0.09209996081745264,1.0815631153678917,430,0.09909,0.091912,0.016045,571,7.661144,60.012667,0,0.898,0.993,84930.0,0.053189,19,/home/melody/code/individual_project/channel_selection_results/step_k_unet_enc0_direct_fullseq_greedy/artifacts/g_s01_k05_from_d03_d07_d12_d13_add_d04/replicate_0.all_frames.tum.txt,/home/melody/code/individual_project/channel_selection_results/step_k_unet_enc0_direct_fullseq_greedy/artifacts/g_s01_k05_from_d03_d07_d12_d13_add_d04/replicate_0.keyframes.tum.txt,/home/melody/code/individual_project/channel_selection_results/step_k_unet_enc0_direct_fullseq_greedy/artifacts/g_s01_k05_from_d03_d07_d12_d13_add_d04/replicate_0.log,2026-08-15T16:27:39.636852+00:00
g_s01_k05_from_d03_d07_d12_d13_add_d05,direct full-sequence ATE forward-greedy trial,"3,5,7,12,13","[3, 5, 7, 12, 13]",0,PASS,Completed the full matched RGB-D sequence,46.19469540400314,0,,,1305031473.1961,571,571,573,0.9965095986038395,0.10756553096976329,0.10204015772824927,0.10689241951648884,0.17724570513999788,0.03403159801715341,7.302796268683242,6.815661569267354,10.680149981444377,0.011386219249933735,0.15209867632771606,0.7287142022619263,8.04113468739015,0.08550176790097892,0.08077491556546348,1.0814714035280724,0.08128669014901871,0.0754116725244453,1.0853135274043355,431,0.081273,0.075413,0.015364,571,8.737659,64.8501775,0,0.885,0.993,63720.0,0.007258,12,/home/melody/code/individual_project/channel_selection_results/step_k_unet_enc0_direct_fullseq_greedy/artifacts/g_s01_k05_from_d03_d07_d12_d13_add_d05/replicate_0.all_frames.tum.txt,/home/melody/code/individual_project/channel_selection_results/step_k_unet_enc0_direct_fullseq_greedy/artifacts/g_s01_k05_from_d03_d07_d12_d13_add_d05/replicate_0.keyframes.tum.txt,/home/melody/code/individual_project/channel_selection_results/step_k_unet_enc0_direct_fullseq_greedy/artifacts/g_s01_k05_from_d03_d07_d12_d13_add_d05/replicate_0.log,2026-08-15T16:28:26.488456+00:00
g_s01_k05_from_d03_d07_d12_d13_add_d06,direct full-sequence ATE forward-greedy trial,"3,6,7,12,13","[3, 6, 7, 12, 13]",0,PASS,Completed the full matched RGB-D sequence,45.90511060200515,0,,,1305031473.1961,571,571,573,0.9965095986038395,0.13431823225765024,0.12909623142906415,0.13312602677617674,0.20635803710886125,0.037088415275306395,8.292025576003857,7.835931514213383,11.657807456485337,0.015281613745405074,0.27467447606123774,0.7745296019010374,11.214302468791372,0.11334069822458948,0.10528409141249516,1.0911123056888472,0.114783584568684,0.10671607459570748,1.089965241176105,432,0.114666,0.106592,0.019466,571,9.566194,69.84701949999999,0,0.897,0.993,33220.0,0.00423,8,/home/melody/code/individual_project/channel_selection_results/step_k_unet_enc0_direct_fullseq_greedy/artifacts/g_s01_k05_from_d03_d07_d12_d13_add_d06/replicate_0.all_frames.tum.txt,/home/melody/code/individual_project/channel_selection_results/step_k_unet_enc0_direct_fullseq_greedy/artifacts/g_s01_k05_from_d03_d07_d12_d13_add_d06/replicate_0.keyframes.tum.txt,/home/melody/code/individual_project/channel_selection_results/step_k_unet_enc0_direct_fullseq_greedy/artifacts/g_s01_k05_from_d03_d07_d12_d13_add_d06/replicate_0.log,2026-08-15T16:29:13.037488+00:00
g_s01_k05_from_d03_d07_d12_d13_add_d08,direct full-sequence ATE forward-greedy trial,"3,7,8,12,13","[3, 7, 8, 12, 13]",0,PASS,Completed the full matched RGB-D sequence,45.915994592010975,0,,,1305031473.1961,571,571,573,0.9965095986038395,0.11559778814675929,0.11194276682584638,0.11080406454148016,0.18763879101434325,0.02883861265382287,8.42318175801089,7.590308738303963,12.580598925341986,0.012508164155451959,0.1583504999678861,0.7605006453031494,10.741678605827765,0.08285416527708729,0.0764393687779154,1.1025554086073968,0.08077830201878597,0.07538282215067837,1.1006782216161641,433,0.080617,0.075197,0.016325,571,9.854128,76.546558,0,0.896,0.993,25450.0,0.004443,8,/home/melody/code/individual_project/channel_selection_results/step_k_unet_enc0_direct_fullseq_greedy/artifacts/g_s01_k05_from_d03_d07_d12_d13_add_d08/replicate_0.all_frames.tum.txt,/home/melody/code/individual_project/channel_selection_results/step_k_unet_enc0_direct_fullseq_greedy/artifacts/g_s01_k05_from_d03_d07_d12_d13_add_d08/replicate_0.keyframes.tum.txt,/home/melody/code/individual_project/channel_selection_results/step_k_unet_enc0_direct_fullseq_greedy/artifacts/g_s01_k05_from_d03_d07_d12_d13_add_d08/replicate_0.log,2026-08-15T16:29:59.610550+00:00
g_s01_k05_from_d03_d07_d12_d13_add_d09,direct full-sequence ATE forward-greedy trial,"3,7,9,12,13","[3, 7, 9, 12, 13]",0,PASS,Completed the full matched RGB-D sequence,45.61985068999638,0,,,1305031473.1961,571,571,573,0.9965095986038395,0.19348449278627933,0.18018925269459565,0.17424761124896757,0.3038023254023894,0.07048462358647405,10.899507976396126,10.373019573089875,15.29627864346537,0.01430474671893942,0.2670117545906187,0.6362371269464809,6.522867930064307,0.18520969113441413,0.1661822499973422,1.0704425583103097,0.18867617595607242,0.17047020319721304,1.0662884056932898,431,0.188498,0.170338,0.01736,571,9.027537,49.854984,0,0.897,0.993,89140.0,0.004271,3,/home/melody/code/individual_project/channel_selection_results/step_k_unet_enc0_direct_fullseq_greedy/artifacts/g_s01_k05_from_d03_d07_d12_d13_add_d09/replicate_0.all_frames.tum.txt,/home/melody/code/individual_project/channel_selection_results/step_k_unet_enc0_direct_fullseq_greedy/artifacts/g_s01_k05_from_d03_d07_d12_d13_add_d09/replicate_0.keyframes.tum.txt,/home/melody/code/individual_project/channel_selection_results/step_k_unet_enc0_direct_fullseq_greedy/artifacts/g_s01_k05_from_d03_d07_d12_d13_add_d09/replicate_0.log,2026-08-15T16:30:45.879803+00:00
g_s01_k05_from_d03_d07_d12_d13_add_d10,direct full-sequence ATE forward-greedy trial,"3,7,10,12,13","[3, 7, 10, 12, 13]",0,PASS,Completed the full matched RGB-D sequence,43.91718899199623,0,,,1305031473.1961,571,571,573,0.9965095986038395,0.1259443467473321,0.1201858055924235,0.12761879609161408,0.2125807460058945,0.03764771721781287,8.567749848582613,8.326343920379639,11.432648412239432,0.010858766780020988,0.1563402389230339,0.5347622286003901,3.0992340831543324,0.09185667615880984,0.08659246695347235,1.110530300247442,0.09114175738885512,0.08420946758329086,1.1138459281537432,431,0.091035,0.084108,0.013896,571,8.073312,58.2222785,0,0.897,0.993,15600.0,0.002056,0,/home/melody/code/individual_project/channel_selection_results/step_k_unet_enc0_direct_fullseq_greedy/artifacts/g_s01_k05_from_d03_d07_d12_d13_add_d10/replicate_0.all_frames.tum.txt,/home/melody/code/individual_project/channel_selection_results/step_k_unet_enc0_direct_fullseq_greedy/artifacts/g_s01_k05_from_d03_d07_d12_d13_add_d10/replicate_0.keyframes.tum.txt,/home/melody/code/individual_project/channel_selection_results/step_k_unet_enc0_direct_fullseq_greedy/artifacts/g_s01_k05_from_d03_d07_d12_d13_add_d10/replicate_0.log,2026-08-15T16:31:30.453542+00:00
g_s01_k05_from_d03_d07_d12_d13_add_d11,direct full-sequence ATE forward-greedy trial,"3,7,11,12,13","[3, 7, 11, 12, 13]",0,PASS,Completed the full matched RGB-D sequence,45.811455895003746,0,,,1305031473.1961,571,571,573,0.9965095986038395,0.12506297295264704,0.11804878997343751,0.11193832363599963,0.23951971574416628,0.04129443533409521,8.909748211981086,8.666075349912045,12.473864074542504,0.015902381061484512,0.2608033372642572,0.7699411884209229,10.793848801915791,0.10214679219839282,0.09524460361682711,1.0910616228591175,0.10056523558917685,0.09422851283434502,1.0926258539224958,432,0.100522,0.094182,0.020529,571,7.795654,64.4338455,0,0.895,0.993,52840.0,0.005196,13,/home/melody/code/individual_project/channel_selection_results/step_k_unet_enc0_direct_fullseq_greedy/artifacts/g_s01_k05_from_d03_d07_d12_d13_add_d11/replicate_0.all_frames.tum.txt,/home/melody/code/individual_project/channel_selection_results/step_k_unet_enc0_direct_fullseq_greedy/artifacts/g_s01_k05_from_d03_d07_d12_d13_add_d11/replicate_0.keyframes.tum.txt,/home/melody/code/individual_project/channel_selection_results/step_k_unet_enc0_direct_fullseq_greedy/artifacts/g_s01_k05_from_d03_d07_d12_d13_add_d11/replicate_0.log,2026-08-15T16:32:16.915806+00:00
g_s01_k05_from_d03_d07_d12_d13_add_d14,direct full-sequence ATE forward-greedy trial,"3,7,12,13,14","[3, 7, 12, 13, 14]",0,PASS,Completed the full matched RGB-D sequence,45.43041196800186,0,,,1305031473.1961,571,571,573,0.9965095986038395,0.1483660219603061,0.1416938599205176,0.1367729966375255,0.3131683351994414,0.04399234630195075,8.41363387985257,8.02744523237657,13.212647847666254,0.010781056865641953,0.1432873674192486,0.7429734044919591,11.454437469918922,0.12496909001079935,0.11274292187610299,1.102316584273296,0.12013035772337678,0.10911807367693244,1.1078380659541183,430,0.120073,0.109057,0.013471,571,7.415527,61.650343,0,0.898,0.993,66960.0,0.005866,26,/home/melody/code/individual_project/channel_selection_results/step_k_unet_enc0_direct_fullseq_greedy/artifacts/g_s01_k05_from_d03_d07_d12_d13_add_d14/replicate_0.all_frames.tum.txt,/home/melody/code/individual_project/channel_selection_results/step_k_unet_enc0_direct_fullseq_greedy/artifacts/g_s01_k05_from_d03_d07_d12_d13_add_d14/replicate_0.keyframes.tum.txt,/home/melody/code/individual_project/channel_selection_results/step_k_unet_enc0_direct_fullseq_greedy/artifacts/g_s01_k05_from_d03_d07_d12_d13_add_d14/replicate_0.log,2026-08-15T16:33:02.992709+00:00
g_s01_k05_from_d03_d07_d12_d13_add_d15,direct full-sequence ATE forward-greedy trial,"3,7,12,13,15","[3, 7, 12, 13, 15]",0,PASS,Completed the full matched RGB-D sequence,45.91955297499953,0,,,1305031473.1961,571,571,573,0.9965095986038395,0.11283445646931888,0.1080963284196915,0.10956963869342642,0.19618315532171274,0.032354263226177946,8.17180875522177,7.778753803499678,11.48586723348696,0.01557027490798533,0.27387397585407036,0.7843696615161189,11.165675533401359,0.09006228156981663,0.08540215506622734,1.085186745686117,0.08933991557119887,0.08500206405764554,1.0839143935211848,432,0.08924,0.084885,0.020328,571,9.350307,71.1325305,0,0.878,0.993,28890.0,0.009659,9,/home/melody/code/individual_project/channel_selection_results/step_k_unet_enc0_direct_fullseq_greedy/artifacts/g_s01_k05_from_d03_d07_d12_d13_add_d15/replicate_0.all_frames.tum.txt,/home/melody/code/individual_project/channel_selection_results/step_k_unet_enc0_direct_fullseq_greedy/artifacts/g_s01_k05_from_d03_d07_d12_d13_add_d15/replicate_0.keyframes.tum.txt,/home/melody/code/individual_project/channel_selection_results/step_k_unet_enc0_direct_fullseq_greedy/artifacts/g_s01_k05_from_d03_d07_d12_d13_add_d15/replicate_0.log,2026-08-15T16:33:49.561061+00:00
g_s01_k06_from_d02_d03_d07_d12_d13_add_d00,direct full-sequence ATE forward-greedy trial,"0,2,3,7,12,13","[0, 2, 3, 7, 12, 13]",0,PASS,Completed the full matched RGB-D sequence,45.78090030000021,0,,,1305031473.1961,571,571,573,0.9965095986038395,0.12986095237841905,0.12302763911859074,0.13321504098064946,0.20948598098821908,0.041570024844060624,8.443231543784625,8.213744507506762,12.653994855023102,0.011146808755930954,0.16812861261806494,0.5318984635579933,3.20571024177932,0.10148809472904596,0.09509532646079491,1.10338958806849,0.1007818664096983,0.09280144674564712,1.1068599902240983,432,0.100704,0.092718,0.014207,571,10.206507,76.3171615,0,0.897,0.993,40060.0,0.00931,3,/home/melody/code/individual_project/channel_selection_results/step_k_unet_enc0_direct_fullseq_greedy/artifacts/g_s01_k06_from_d02_d03_d07_d12_d13_add_d00/replicate_0.all_frames.tum.txt,/home/melody/code/individual_project/channel_selection_results/step_k_unet_enc0_direct_fullseq_greedy/artifacts/g_s01_k06_from_d02_d03_d07_d12_d13_add_d00/replicate_0.keyframes.tum.txt,/home/melody/code/individual_project/channel_selection_results/step_k_unet_enc0_direct_fullseq_greedy/artifacts/g_s01_k06_from_d02_d03_d07_d12_d13_add_d00/replicate_0.log,2026-08-15T16:34:35.995315+00:00
g_s01_k06_from_d02_d03_d07_d12_d13_add_d01,direct full-sequence ATE forward-greedy trial,"1,2,3,7,12,13","[1, 2, 3, 7, 12, 13]",0,PASS,Completed the full matched RGB-D sequence,46.135961569001665,0,,,1305031473.1961,571,571,573,0.9965095986038395,0.1377355103145336,0.1302604767209745,0.13016468190236832,0.2632976552559305,0.044758004937993576,8.245293285803395,8.092704546082066,11.73373904369003,0.010399077799239985,0.1343005192298036,0.7782485226543523,11.330977174143333,0.11569166474844825,0.10594762022475002,1.094837546393567,0.1098232365108605,0.1002196958120277,1.1006689075627125,431,0.109838,0.100256,0.014018,571,9.828145,60.7159345,0,0.897,0.992,85260.0,0.005837,18,/home/melody/code/individual_project/channel_selection_results/step_k_unet_enc0_direct_fullseq_greedy/artifacts/g_s01_k06_from_d02_d03_d07_d12_d13_add_d01/replicate_0.all_frames.tum.txt,/home/melody/code/individual_project/channel_selection_results/step_k_unet_enc0_direct_fullseq_greedy/artifacts/g_s01_k06_from_d02_d03_d07_d12_d13_add_d01/replicate_0.keyframes.tum.txt,/home/melody/code/individual_project/channel_selection_results/step_k_unet_enc0_direct_fullseq_greedy/artifacts/g_s01_k06_from_d02_d03_d07_d12_d13_add_d01/replicate_0.log,2026-08-15T16:35:22.791254+00:00
g_s01_k06_from_d02_d03_d07_d12_d13_add_d04,direct full-sequence ATE forward-greedy trial,"2,3,4,7,12,13","[2, 3, 4, 7, 12, 13]",0,PASS,Completed the full matched RGB-D sequence,45.75723200899665,0,,,1305031473.1961,571,571,573,0.9965095986038395,0.14312658267453765,0.13472898272298345,0.12786993287725623,0.22829777979244217,0.048304449924632016,8.700926547904707,7.8568068745709825,14.092039927979112,0.015815589440189504,0.3024046868656494,0.7889209965345537,9.997416893464946,0.13235531855826946,0.11723831112157325,1.067585210351692,0.13514170670732642,0.12010295510713855,1.0632801663097347,431,0.134955,0.119878,0.019771,571,9.4254,60.734421,0,0.899,0.993,79260.0,0.012149,19,/home/melody/code/individual_project/channel_selection_results/step_k_unet_enc0_direct_fullseq_greedy/artifacts/g_s01_k06_from_d02_d03_d07_d12_d13_add_d04/replicate_0.all_frames.tum.txt,/home/melody/code/individual_project/channel_selection_results/step_k_unet_enc0_direct_fullseq_greedy/artifacts/g_s01_k06_from_d02_d03_d07_d12_d13_add_d04/replicate_0.keyframes.tum.txt,/home/melody/code/individual_project/channel_selection_results/step_k_unet_enc0_direct_fullseq_greedy/artifacts/g_s01_k06_from_d02_d03_d07_d12_d13_add_d04/replicate_0.log,2026-08-15T16:36:09.212496+00:00
g_s01_k06_from_d02_d03_d07_d12_d13_add_d05,direct full-sequence ATE forward-greedy trial,"2,3,5,7,12,13","[2, 3, 5, 7, 12, 13]",0,PASS,Completed the full matched RGB-D sequence,46.02297824100242,0,,,1305031473.1961,571,571,573,0.9965095986038395,0.10890875708188369,0.10289879762621085,0.10986991140935332,0.1968737885309463,0.03567849234764348,7.18522369052173,6.746675885161488,10.751496740060245,0.010416441266937542,0.11503888520047431,0.7233250727248386,8.902938913679517,0.08491779332172585,0.07979693498982568,1.0854276750132719,0.08009781576278047,0.07487865915804826,1.0900588229347492,431,0.080054,0.07485,0.013833,571,10.560588,59.428482,0,0.898,0.993,62070.0,0.004745,19,/home/melody/code/individual_project/channel_selection_results/step_k_unet_enc0_direct_fullseq_greedy/artifacts/g_s01_k06_from_d02_d03_d07_d12_d13_add_d05/replicate_0.all_frames.tum.txt,/home/melody/code/individual_project/channel_selection_results/step_k_unet_enc0_direct_fullseq_greedy/artifacts/g_s01_k06_from_d02_d03_d07_d12_d13_add_d05/replicate_0.keyframes.tum.txt,/home/melody/code/individual_project/channel_selection_results/step_k_unet_enc0_direct_fullseq_greedy/artifacts/g_s01_k06_from_d02_d03_d07_d12_d13_add_d05/replicate_0.log,2026-08-15T16:36:55.878672+00:00
g_s01_k06_from_d02_d03_d07_d12_d13_add_d06,direct full-sequence ATE forward-greedy trial,"2,3,6,7,12,13","[2, 3, 6, 7, 12, 13]",0,PASS,Completed the full matched RGB-D sequence,45.45541859100922,0,,,1305031473.1961,571,571,573,0.9965095986038395,0.11661340731435793,0.1118270517444209,0.11302424725027813,0.2021341247034235,0.03306655808539735,7.673148886269705,7.2436495436312756,11.545045375170696,0.011603704457427368,0.14280784903495994,0.7219884460415715,9.235877429174955,0.09054164497210994,0.0838227023512647,1.092748293899877,0.08728841408676515,0.08155221814890226,1.09363558060991,431,0.08718,0.081428,0.015371,571,11.198157,78.02721,0,0.897,0.993,36940.0,0.004516,8,/home/melody/code/individual_project/channel_selection_results/step_k_unet_enc0_direct_fullseq_greedy/artifacts/g_s01_k06_from_d02_d03_d07_d12_d13_add_d06/replicate_0.all_frames.tum.txt,/home/melody/code/individual_project/channel_selection_results/step_k_unet_enc0_direct_fullseq_greedy/artifacts/g_s01_k06_from_d02_d03_d07_d12_d13_add_d06/replicate_0.keyframes.tum.txt,/home/melody/code/individual_project/channel_selection_results/step_k_unet_enc0_direct_fullseq_greedy/artifacts/g_s01_k06_from_d02_d03_d07_d12_d13_add_d06/replicate_0.log,2026-08-15T16:37:41.992333+00:00
g_s01_k06_from_d02_d03_d07_d12_d13_add_d08,direct full-sequence ATE forward-greedy trial,"2,3,7,8,12,13","[2, 3, 7, 8, 12, 13]",0,PASS,Completed the full matched RGB-D sequence,45.51444343999901,0,,,1305031473.1961,571,571,573,0.9965095986038395,0.1320796612940307,0.12799239324907513,0.1286433230944451,0.19649255497237728,0.03260343843707249,8.559849629259887,7.929350639598646,12.738671114761678,0.014341341184327266,0.25265975240312954,0.6849389398046173,9.275035762463482,0.10842334818722296,0.09952670576393678,1.0956756877724008,0.11013919573825338,0.10108295356541462,1.0937784583531727,433,0.109967,0.100885,0.018415,571,11.55196,84.865753,0,0.897,0.993,26280.0,0.002851,8,/home/melody/code/individual_project/channel_selection_results/step_k_unet_enc0_direct_fullseq_greedy/artifacts/g_s01_k06_from_d02_d03_d07_d12_d13_add_d08/replicate_0.all_frames.tum.txt,/home/melody/code/individual_project/channel_selection_results/step_k_unet_enc0_direct_fullseq_greedy/artifacts/g_s01_k06_from_d02_d03_d07_d12_d13_add_d08/replicate_0.keyframes.tum.txt,/home/melody/code/individual_project/channel_selection_results/step_k_unet_enc0_direct_fullseq_greedy/artifacts/g_s01_k06_from_d02_d03_d07_d12_d13_add_d08/replicate_0.log,2026-08-15T16:38:28.162296+00:00
g_s01_k06_from_d02_d03_d07_d12_d13_add_d09,direct full-sequence ATE forward-greedy trial,"2,3,7,9,12,13","[2, 3, 7, 9, 12, 13]",0,PASS,Completed the full matched RGB-D sequence,46.36582937699859,0,,,1305031473.1961,571,571,573,0.9965095986038395,0.1689633896904123,0.1615217688849243,0.16724831728052078,0.2426437454066901,0.049591785932341814,10.132527091893934,9.588359050471592,14.326140896069344,0.013354587923886684,0.23089831119277748,0.6660695110546131,8.957343567545712,0.1531594785435462,0.13887757590303226,1.0908161291150296,0.15479411241991148,0.1415196640523749,1.0901459979873258,431,0.154644,0.14139,0.01673,571,10.721263,59.7462655,0,0.897,0.993,121900.0,0.041249,8,/home/melody/code/individual_project/channel_selection_results/step_k_unet_enc0_direct_fullseq_greedy/artifacts/g_s01_k06_from_d02_d03_d07_d12_d13_add_d09/replicate_0.all_frames.tum.txt,/home/melody/code/individual_project/channel_selection_results/step_k_unet_enc0_direct_fullseq_greedy/artifacts/g_s01_k06_from_d02_d03_d07_d12_d13_add_d09/replicate_0.keyframes.tum.txt,/home/melody/code/individual_project/channel_selection_results/step_k_unet_enc0_direct_fullseq_greedy/artifacts/g_s01_k06_from_d02_d03_d07_d12_d13_add_d09/replicate_0.log,2026-08-15T16:39:15.191360+00:00
g_s01_k06_from_d02_d03_d07_d12_d13_add_d10,direct full-sequence ATE forward-greedy trial,"2,3,7,10,12,13","[2, 3, 7, 10, 12, 13]",0,PASS,Completed the full matched RGB-D sequence,44.293025635997765,0,,,1305031473.1961,571,571,573,0.9965095986038395,0.11580528297847369,0.11042992553060295,0.1152219576827407,0.19796546554329655,0.034872555298255024,8.265730639137967,8.132220393313968,10.46826525043087,0.00863363348804732,0.04850861024212319,0.5225581479428267,3.020358002103611,0.0909439656776,0.08313072184872264,1.0902810234915294,0.08366684451032398,0.07528337876729756,1.0946666020365932,431,0.083689,0.075315,0.011046,571,9.794502,59.0833795,0,0.871,0.993,15030.0,0.002061,0,/home/melody/code/individual_project/channel_selection_results/step_k_unet_enc0_direct_fullseq_greedy/artifacts/g_s01_k06_from_d02_d03_d07_d12_d13_add_d10/replicate_0.all_frames.tum.txt,/home/melody/code/individual_project/channel_selection_results/step_k_unet_enc0_direct_fullseq_greedy/artifacts/g_s01_k06_from_d02_d03_d07_d12_d13_add_d10/replicate_0.keyframes.tum.txt,/home/melody/code/individual_project/channel_selection_results/step_k_unet_enc0_direct_fullseq_greedy/artifacts/g_s01_k06_from_d02_d03_d07_d12_d13_add_d10/replicate_0.log,2026-08-15T16:40:00.148306+00:00
g_s01_k06_from_d02_d03_d07_d12_d13_add_d11,direct full-sequence ATE forward-greedy trial,"2,3,7,11,12,13","[2, 3, 7, 11, 12, 13]",0,PASS,Completed the full matched RGB-D sequence,45.49871322599938,0,,,1305031473.1961,571,571,573,0.9965095986038395,0.12325824884871471,0.11862743570313745,0.12205696071673318,0.20760607488042998,0.03346830452457483,8.183798105986302,7.874004896601179,11.620047285574563,0.013559252899838507,0.220881667515083,0.6739297093271265,9.242183963476629,0.09694557736919149,0.09140181108761702,1.0964700604862616,0.09644806618824942,0.09122724941612298,1.0981346983329496,431,0.096337,0.091112,0.017504,571,9.565886,64.942169,0,0.896,0.993,52710.0,0.006399,10,/home/melody/code/individual_project/channel_selection_results/step_k_unet_enc0_direct_fullseq_greedy/artifacts/g_s01_k06_from_d02_d03_d07_d12_d13_add_d11/replicate_0.all_frames.tum.txt,/home/melody/code/individual_project/channel_selection_results/step_k_unet_enc0_direct_fullseq_greedy/artifacts/g_s01_k06_from_d02_d03_d07_d12_d13_add_d11/replicate_0.keyframes.tum.txt,/home/melody/code/individual_project/channel_selection_results/step_k_unet_enc0_direct_fullseq_greedy/artifacts/g_s01_k06_from_d02_d03_d07_d12_d13_add_d11/replicate_0.log,2026-08-15T16:40:46.355581+00:00
g_s01_k06_from_d02_d03_d07_d12_d13_add_d14,direct full-sequence ATE forward-greedy trial,"2,3,7,12,13,14","[2, 3, 7, 12, 13, 14]",0,PASS,Completed the full matched RGB-D sequence,45.2585585850029,0,,,1305031473.1961,571,571,573,0.9965095986038395,0.10134148428395612,0.09695135802809891,0.09616570023685944,0.17535767364389945,0.029504755775683088,7.084381841076872,6.730074101791274,10.781860911569082,0.00858763379785899,0.03782081096333694,0.5797250638508179,6.255272716841811,0.06719066007535628,0.06256357010573997,1.0957749597773676,0.06415824364529799,0.05936392097286242,1.0973007488832296,430,0.064001,0.059208,0.010943,571,9.070444,56.796276,0,0.899,0.993,70150.0,0.005348,10,/home/melody/code/individual_project/channel_selection_results/step_k_unet_enc0_direct_fullseq_greedy/artifacts/g_s01_k06_from_d02_d03_d07_d12_d13_add_d14/replicate_0.all_frames.tum.txt,/home/melody/code/individual_project/channel_selection_results/step_k_unet_enc0_direct_fullseq_greedy/artifacts/g_s01_k06_from_d02_d03_d07_d12_d13_add_d14/replicate_0.keyframes.tum.txt,/home/melody/code/individual_project/channel_selection_results/step_k_unet_enc0_direct_fullseq_greedy/artifacts/g_s01_k06_from_d02_d03_d07_d12_d13_add_d14/replicate_0.log,2026-08-15T16:41:32.275793+00:00
g_s01_k06_from_d02_d03_d07_d12_d13_add_d15,direct full-sequence ATE forward-greedy trial,"2,3,7,12,13,15","[2, 3, 7, 12, 13, 15]",0,PASS,Completed the full matched RGB-D sequence,45.65256972100178,0,,,1305031473.1961,571,571,573,0.9965095986038395,0.11024451903122208,0.10509322521160505,0.11160792793834767,0.1749610801621974,0.033305675057688666,8.049069464209675,7.490502487982702,11.94586730898235,0.010430023361925582,0.1031064781043671,0.7318944134600222,9.563389244587404,0.07963867000493523,0.07364214110919613,1.0964130317592542,0.07558797295241992,0.07039063301832212,1.0985922470457636,432,0.07548,0.070275,0.014103,571,11.076673,81.161106,0,0.898,0.993,32300.0,0.00335,7,/home/melody/code/individual_project/channel_selection_results/step_k_unet_enc0_direct_fullseq_greedy/artifacts/g_s01_k06_from_d02_d03_d07_d12_d13_add_d15/replicate_0.all_frames.tum.txt,/home/melody/code/individual_project/channel_selection_results/step_k_unet_enc0_direct_fullseq_greedy/artifacts/g_s01_k06_from_d02_d03_d07_d12_d13_add_d15/replicate_0.keyframes.tum.txt,/home/melody/code/individual_project/channel_selection_results/step_k_unet_enc0_direct_fullseq_greedy/artifacts/g_s01_k06_from_d02_d03_d07_d12_d13_add_d15/replicate_0.log,2026-08-15T16:42:18.588178+00:00
g_s02_k03_from_d02_d14_add_d00,direct full-sequence ATE forward-greedy trial,"0,2,14","[0, 2, 14]",0,PASS,Completed the full matched RGB-D sequence,46.39386060400284,0,,,1305031473.1961,571,571,573,0.9965095986038395,0.20948648870104475,0.18738235840739825,0.1644757188209808,0.439190254988597,0.09366130847887134,12.19847107107638,11.076602623194791,20.907947676310346,0.018361702003512097,0.38149988788980604,0.6813412019965998,9.934120680726124,0.20428191626929829,0.17747789603044273,1.0580167087911756,0.21088117428181602,0.1839314084473693,1.0532249807250427,436,0.210725,0.183828,0.02179,571,4.896864,360.05323799999996,0,0.897,0.993,45230.0,0.003611,15,/home/melody/code/individual_project/channel_selection_results/step_k_unet_enc0_direct_fullseq_greedy/artifacts/g_s02_k03_from_d02_d14_add_d00/replicate_0.all_frames.tum.txt,/home/melody/code/individual_project/channel_selection_results/step_k_unet_enc0_direct_fullseq_greedy/artifacts/g_s02_k03_from_d02_d14_add_d00/replicate_0.keyframes.tum.txt,/home/melody/code/individual_project/channel_selection_results/step_k_unet_enc0_direct_fullseq_greedy/artifacts/g_s02_k03_from_d02_d14_add_d00/replicate_0.log,2026-08-15T16:43:05.646923+00:00
g_s02_k03_from_d02_d14_add_d01,direct full-sequence ATE forward-greedy trial,"1,2,14","[1, 2, 14]",0,PASS,Completed the full matched RGB-D sequence,46.949010553988046,0,,,1305031473.1961,571,571,573,0.9965095986038395,0.17945432567681208,0.1687591483724831,0.16808566506433506,0.33888900330870764,0.061026263565071404,8.416894730692494,8.187524957011473,12.824314304491544,0.011287974045263265,0.16328846878194295,0.7799431767417939,12.025887559278292,0.16114017799879873,0.15057957129195101,1.1017040808202698,0.15969091507736477,0.148829410718944,1.1099323697863093,435,0.159715,0.148901,0.013872,571,4.670697,93.3277775,0,0.898,0.992,418200.0,0.036476,24,/home/melody/code/individual_project/channel_selection_results/step_k_unet_enc0_direct_fullseq_greedy/artifacts/g_s02_k03_from_d02_d14_add_d01/replicate_0.all_frames.tum.txt,/home/melody/code/individual_project/channel_selection_results/step_k_unet_enc0_direct_fullseq_greedy/artifacts/g_s02_k03_from_d02_d14_add_d01/replicate_0.keyframes.tum.txt,/home/melody/code/individual_project/channel_selection_results/step_k_unet_enc0_direct_fullseq_greedy/artifacts/g_s02_k03_from_d02_d14_add_d01/replicate_0.log,2026-08-15T16:43:53.248274+00:00
g_s02_k03_from_d02_d14_add_d03,direct full-sequence ATE forward-greedy trial,"2,3,14","[2, 3, 14]",0,PASS,Completed the full matched RGB-D sequence,45.43276894900191,0,,,1305031473.1961,571,571,573,0.9965095986038395,0.11101751388217701,0.10564854267709796,0.10811230703678339,0.17694034686221838,0.03410680018390429,7.804156249332813,7.287877236689017,12.612763979328342,0.008984228251374852,0.04876285528621277,0.6411752270813726,6.7331716006265125,0.07983640192722981,0.06915117189628807,1.0976779322748065,0.07099793945514699,0.06288356085123481,1.1033757805332922,438,0.070789,0.062669,0.012463,571,4.003254,35.892525,0,0.898,0.992,47280.0,0.00507,12,/home/melody/code/individual_project/channel_selection_results/step_k_unet_enc0_direct_fullseq_greedy/artifacts/g_s02_k03_from_d02_d14_add_d03/replicate_0.all_frames.tum.txt,/home/melody/code/individual_project/channel_selection_results/step_k_unet_enc0_direct_fullseq_greedy/artifacts/g_s02_k03_from_d02_d14_add_d03/replicate_0.keyframes.tum.txt,/home/melody/code/individual_project/channel_selection_results/step_k_unet_enc0_direct_fullseq_greedy/artifacts/g_s02_k03_from_d02_d14_add_d03/replicate_0.log,2026-08-15T16:44:39.338723+00:00
g_s02_k03_from_d02_d14_add_d04,direct full-sequence ATE forward-greedy trial,"2,4,14","[2, 4, 14]",0,PASS,Completed the full matched RGB-D sequence,45.68268600400188,0,,,1305031473.1961,571,571,573,0.9965095986038395,0.12656159387408036,0.1201406804887325,0.11635014722916735,0.23009208622922944,0.039800175070619274,8.389892833262012,8.137635561610567,12.983604886430824,0.010223062636042068,0.121641522897217,0.5500050599988451,3.109603237376446,0.10749432416444595,0.10087735595954844,1.0838076559744745,0.10529654666270531,0.09749839261956676,1.0893562111813455,436,0.105318,0.097529,0.01323,571,4.243018,55.023700500000004,0,0.901,0.993,44230.0,0.004336,4,/home/melody/code/individual_project/channel_selection_results/step_k_unet_enc0_direct_fullseq_greedy/artifacts/g_s02_k03_from_d02_d14_add_d04/replicate_0.all_frames.tum.txt,/home/melody/code/individual_project/channel_selection_results/step_k_unet_enc0_direct_fullseq_greedy/artifacts/g_s02_k03_from_d02_d14_add_d04/replicate_0.keyframes.tum.txt,/home/melody/code/individual_project/channel_selection_results/step_k_unet_enc0_direct_fullseq_greedy/artifacts/g_s02_k03_from_d02_d14_add_d04/replicate_0.log,2026-08-15T16:45:25.675246+00:00
g_s02_k03_from_d02_d14_add_d05,direct full-sequence ATE forward-greedy trial,"2,5,14","[2, 5, 14]",0,PASS,Completed the full matched RGB-D sequence,46.769834880004055,0,,,1305031473.1961,571,571,573,0.9965095986038395,0.1570614769673733,0.14119854817287378,0.13647861298823058,0.3313228773217853,0.06878428265996077,11.308159613600008,10.297571155568756,21.354709935781976,0.01487419634789594,0.27875231083015156,0.6492941891932911,7.69348967054879,0.14678129391540543,0.1287962746045486,1.0696669743801681,0.15284614947815256,0.13388418746461136,1.0711110017288903,428,0.152771,0.133802,0.018762,571,5.466986,86.161175,0,0.899,0.992,361200.0,0.007171,15,/home/melody/code/individual_project/channel_selection_results/step_k_unet_enc0_direct_fullseq_greedy/artifacts/g_s02_k03_from_d02_d14_add_d05/replicate_0.all_frames.tum.txt,/home/melody/code/individual_project/channel_selection_results/step_k_unet_enc0_direct_fullseq_greedy/artifacts/g_s02_k03_from_d02_d14_add_d05/replicate_0.keyframes.tum.txt,/home/melody/code/individual_project/channel_selection_results/step_k_unet_enc0_direct_fullseq_greedy/artifacts/g_s02_k03_from_d02_d14_add_d05/replicate_0.log,2026-08-15T16:46:13.092839+00:00
g_s02_k03_from_d02_d14_add_d06,direct full-sequence ATE forward-greedy trial,"2,6,14","[2, 6, 14]",0,PASS,Completed the full matched RGB-D sequence,45.93272459600121,0,,,1305031473.1961,571,571,573,0.9965095986038395,0.13553634817930252,0.1260612289910718,0.1252648869050427,0.26669234714438483,0.04978622523391057,7.333259402014065,6.980070869834571,11.091333025726062,0.010601446770677059,0.09535806217224482,0.7180763653927608,8.461036528882033,0.11680758995111286,0.1088462166976411,1.0865867361602302,0.11227340675243286,0.10490898335212219,1.093001797265746,431,0.112233,0.104893,0.014299,571,6.198936,347.48602300000005,0,0.898,0.993,42140.0,0.020009,14,/home/melody/code/individual_project/channel_selection_results/step_k_unet_enc0_direct_fullseq_greedy/artifacts/g_s02_k03_from_d02_d14_add_d06/replicate_0.all_frames.tum.txt,/home/melody/code/individual_project/channel_selection_results/step_k_unet_enc0_direct_fullseq_greedy/artifacts/g_s02_k03_from_d02_d14_add_d06/replicate_0.keyframes.tum.txt,/home/melody/code/individual_project/channel_selection_results/step_k_unet_enc0_direct_fullseq_greedy/artifacts/g_s02_k03_from_d02_d14_add_d06/replicate_0.log,2026-08-15T16:46:59.669572+00:00
g_s02_k03_from_d02_d14_add_d07,direct full-sequence ATE forward-greedy trial,"2,7,14","[2, 7, 14]",0,PASS,Completed the full matched RGB-D sequence,46.33754580699315,0,,,1305031473.1961,571,571,573,0.9965095986038395,0.15691914095744072,0.14141929026731345,0.12903782044523102,0.3132134861662896,0.06800147894796474,9.280065989795574,8.539337366697225,15.357168177478172,0.01569110773576334,0.3099629730159112,0.6118197100010625,6.143777829066105,0.14740905935211954,0.1262075296669232,1.0668948676838566,0.1509016090631765,0.1285576153773075,1.063476992182607,435,0.150782,0.128461,0.019665,571,4.200619,38.611923000000004,0,0.899,0.993,64890.0,0.008503,11,/home/melody/code/individual_project/channel_selection_results/step_k_unet_enc0_direct_fullseq_greedy/artifacts/g_s02_k03_from_d02_d14_add_d07/replicate_0.all_frames.tum.txt,/home/melody/code/individual_project/channel_selection_results/step_k_unet_enc0_direct_fullseq_greedy/artifacts/g_s02_k03_from_d02_d14_add_d07/replicate_0.keyframes.tum.txt,/home/melody/code/individual_project/channel_selection_results/step_k_unet_enc0_direct_fullseq_greedy/artifacts/g_s02_k03_from_d02_d14_add_d07/replicate_0.log,2026-08-15T16:47:46.662329+00:00
g_s02_k03_from_d02_d14_add_d08,direct full-sequence ATE forward-greedy trial,"2,8,14","[2, 8, 14]",0,PASS,Completed the full matched RGB-D sequence,46.08540043099492,0,,,1305031473.1961,571,571,573,0.9965095986038395,0.19153544481305068,0.1804764675853412,0.17957949612745905,0.33726498556551054,0.06414102640003878,12.557472650633668,11.94785172329131,19.339195721178285,0.014569225575947538,0.2506218372174264,0.6179124656342598,5.884329790311107,0.16822971295318667,0.15070411010992263,1.1200720703388103,0.17545341095342182,0.15949542916401843,1.1202847208219984,433,0.175304,0.159346,0.018356,571,6.606074,176.6591565,0,0.896,0.993,13330.0,0.002128,5,/home/melody/code/individual_project/channel_selection_results/step_k_unet_enc0_direct_fullseq_greedy/artifacts/g_s02_k03_from_d02_d14_add_d08/replicate_0.all_frames.tum.txt,/home/melody/code/individual_project/channel_selection_results/step_k_unet_enc0_direct_fullseq_greedy/artifacts/g_s02_k03_from_d02_d14_add_d08/replicate_0.keyframes.tum.txt,/home/melody/code/individual_project/channel_selection_results/step_k_unet_enc0_direct_fullseq_greedy/artifacts/g_s02_k03_from_d02_d14_add_d08/replicate_0.log,2026-08-15T16:48:33.414780+00:00
g_s02_k03_from_d02_d14_add_d09,direct full-sequence ATE forward-greedy trial,"2,9,14","[2, 9, 14]",0,PASS,Completed the full matched RGB-D sequence,46.04426062499988,0,,,1305031473.1961,571,571,573,0.9965095986038395,0.12860940046042563,0.1241773486051096,0.132567763897534,0.2086401064270656,0.03347183861390359,9.091637310910594,8.922921399206778,11.878861996882708,0.008879008486632133,0.04393169715335241,0.5237561461904707,2.0907818564006613,0.10087645575069777,0.0951458832534076,1.10163421816768,0.09745307590787965,0.0912025124443055,1.107595586163242,436,0.097427,0.091192,0.011069,571,5.294597,44.316959499999996,0,0.898,0.993,31960.0,0.006184,3,/home/melody/code/individual_project/channel_selection_results/step_k_unet_enc0_direct_fullseq_greedy/artifacts/g_s02_k03_from_d02_d14_add_d09/replicate_0.all_frames.tum.txt,/home/melody/code/individual_project/channel_selection_results/step_k_unet_enc0_direct_fullseq_greedy/artifacts/g_s02_k03_from_d02_d14_add_d09/replicate_0.keyframes.tum.txt,/home/melody/code/individual_project/channel_selection_results/step_k_unet_enc0_direct_fullseq_greedy/artifacts/g_s02_k03_from_d02_d14_add_d09/replicate_0.log,2026-08-15T16:49:20.114514+00:00
g_s02_k03_from_d02_d14_add_d10,direct full-sequence ATE forward-greedy trial,"2,10,14","[2, 10, 14]",0,PASS,Completed the full matched RGB-D sequence,44.5455289829988,0,,,1305031473.1961,571,571,573,0.9965095986038395,0.1403392750370969,0.13655462020177547,0.13634214063471992,0.24302038398116965,0.032372022171726904,8.409343633909941,8.143798056551294,12.067932654840474,0.00857920625025661,0.03588143995132899,0.5251498106894313,2.245198363552561,0.11313391066341723,0.10584739843287494,1.1064416292232078,0.10974037462592268,0.10282238641628647,1.1113482725271355,437,0.109683,0.102786,0.010243,571,4.476608,46.802248000000006,0,0.87,0.992,10820.0,0.004256,0,/home/melody/code/individual_project/channel_selection_results/step_k_unet_enc0_direct_fullseq_greedy/artifacts/g_s02_k03_from_d02_d14_add_d10/replicate_0.all_frames.tum.txt,/home/melody/code/individual_project/channel_selection_results/step_k_unet_enc0_direct_fullseq_greedy/artifacts/g_s02_k03_from_d02_d14_add_d10/replicate_0.keyframes.tum.txt,/home/melody/code/individual_project/channel_selection_results/step_k_unet_enc0_direct_fullseq_greedy/artifacts/g_s02_k03_from_d02_d14_add_d10/replicate_0.log,2026-08-15T16:50:05.315943+00:00
g_s02_k03_from_d02_d14_add_d11,direct full-sequence ATE forward-greedy trial,"2,11,14","[2, 11, 14]",0,PASS,Completed the full matched RGB-D sequence,46.762554716013256,0,,,1305031473.1961,571,571,573,0.9965095986038395,0.11901589819657685,0.11422381892189483,0.11368816789734318,0.19175462300390506,0.03343206865325756,8.732988715611404,8.342668454766011,12.60697243091259,0.010670961127745907,0.1222163319318716,0.706826295571802,8.19642927998954,0.0945136055328813,0.0854919686183083,1.091201755032724,0.09339000574563149,0.08485455055810812,1.0913086949259492,437,0.09316,0.084608,0.0148,571,4.520807,73.1125485,0,0.897,0.993,67590.0,0.011559,17,/home/melody/code/individual_project/channel_selection_results/step_k_unet_enc0_direct_fullseq_greedy/artifacts/g_s02_k03_from_d02_d14_add_d11/replicate_0.all_frames.tum.txt,/home/melody/code/individual_project/channel_selection_results/step_k_unet_enc0_direct_fullseq_greedy/artifacts/g_s02_k03_from_d02_d14_add_d11/replicate_0.keyframes.tum.txt,/home/melody/code/individual_project/channel_selection_results/step_k_unet_enc0_direct_fullseq_greedy/artifacts/g_s02_k03_from_d02_d14_add_d11/replicate_0.log,2026-08-15T16:50:52.736759+00:00
g_s02_k03_from_d02_d14_add_d12,direct full-sequence ATE forward-greedy trial,"2,12,14","[2, 12, 14]",0,PASS,Completed the full matched RGB-D sequence,45.69768255398958,0,,,1305031473.1961,571,571,573,0.9965095986038395,0.14231825730771702,0.1308480818973899,0.13354390009685016,0.2796024031503224,0.055975582416617174,8.911716762066204,8.428717153795265,14.853802462304387,0.013183772865515099,0.24294013074324267,0.5577172312635372,5.433587550967154,0.12434951257393319,0.10638856097240917,1.0873539199817224,0.12989486779689513,0.11222519308709064,1.0879693630838072,430,0.129779,0.112095,0.016098,571,4.760625,75.9237635,0,0.899,0.993,151500.0,0.005292,17,/home/melody/code/individual_project/channel_selection_results/step_k_unet_enc0_direct_fullseq_greedy/artifacts/g_s02_k03_from_d02_d14_add_d12/replicate_0.all_frames.tum.txt,/home/melody/code/individual_project/channel_selection_results/step_k_unet_enc0_direct_fullseq_greedy/artifacts/g_s02_k03_from_d02_d14_add_d12/replicate_0.keyframes.tum.txt,/home/melody/code/individual_project/channel_selection_results/step_k_unet_enc0_direct_fullseq_greedy/artifacts/g_s02_k03_from_d02_d14_add_d12/replicate_0.log,2026-08-15T16:51:39.086479+00:00
g_s02_k03_from_d02_d14_add_d13,direct full-sequence ATE forward-greedy trial,"2,13,14","[2, 13, 14]",0,PASS,Completed the full matched RGB-D sequence,45.337167041012435,0,,,1305031473.1961,571,571,573,0.9965095986038395,0.14997711031938124,0.14306086040422153,0.13863245341543762,0.26806826018996527,0.04501914970493886,9.180140881840416,8.63831974458638,14.234116710377117,0.010019842250972116,0.09584638171533133,0.7408525743413826,10.733346421819162,0.11978256876998904,0.11166567832984164,1.1168981995206846,0.11712013370230992,0.10984541823680716,1.1243512483322347,436,0.117034,0.109769,0.012686,571,4.437713,50.8377205,0,0.899,0.993,97000.0,0.006824,19,/home/melody/code/individual_project/channel_selection_results/step_k_unet_enc0_direct_fullseq_greedy/artifacts/g_s02_k03_from_d02_d14_add_d13/replicate_0.all_frames.tum.txt,/home/melody/code/individual_project/channel_selection_results/step_k_unet_enc0_direct_fullseq_greedy/artifacts/g_s02_k03_from_d02_d14_add_d13/replicate_0.keyframes.tum.txt,/home/melody/code/individual_project/channel_selection_results/step_k_unet_enc0_direct_fullseq_greedy/artifacts/g_s02_k03_from_d02_d14_add_d13/replicate_0.log,2026-08-15T16:52:25.079912+00:00
g_s02_k03_from_d02_d14_add_d15,direct full-sequence ATE forward-greedy trial,"2,14,15","[2, 14, 15]",0,PASS,Completed the full matched RGB-D sequence,46.21108478799579,0,,,1305031473.1961,571,571,573,0.9965095986038395,0.1514714383625878,0.14120329751571736,0.14344184684744762,0.26733750713270177,0.0548199362487684,11.167138673819267,10.948304085211408,15.730277287495028,0.014025690522178618,0.20306577841822565,0.7686175197784018,10.719296287256366,0.13718892132806573,0.13141446725142508,1.0807159193121374,0.1366330530920541,0.12944879585567282,1.0835552776005029,434,0.136644,0.129467,0.018393,571,6.145003,389.1167755,0,0.9,0.993,29030.0,0.002213,13,/home/melody/code/individual_project/channel_selection_results/step_k_unet_enc0_direct_fullseq_greedy/artifacts/g_s02_k03_from_d02_d14_add_d15/replicate_0.all_frames.tum.txt,/home/melody/code/individual_project/channel_selection_results/step_k_unet_enc0_direct_fullseq_greedy/artifacts/g_s02_k03_from_d02_d14_add_d15/replicate_0.keyframes.tum.txt,/home/melody/code/individual_project/channel_selection_results/step_k_unet_enc0_direct_fullseq_greedy/artifacts/g_s02_k03_from_d02_d14_add_d15/replicate_0.log,2026-08-15T16:53:11.963255+00:00
g_s02_k04_from_d02_d03_d14_add_d00,direct full-sequence ATE forward-greedy trial,"0,2,3,14","[0, 2, 3, 14]",0,PASS,Completed the full matched RGB-D sequence,45.70242082700133,0,,,1305031473.1961,571,571,573,0.9965095986038395,0.13712815893325828,0.12892128328627667,0.1379510988265228,0.21163247382210423,0.04672723711332123,8.773526132803523,8.375402432581845,14.454856487435327,0.012373416887814603,0.20930834493837375,0.5380861029920786,3.0489577748213907,0.11361892133329356,0.1043389308489656,1.0976378143956935,0.11504182737666654,0.10457942480499802,1.099821403464365,435,0.114908,0.104434,0.015614,571,6.050783,58.465869999999995,0,0.898,0.993,17520.0,0.009572,2,/home/melody/code/individual_project/channel_selection_results/step_k_unet_enc0_direct_fullseq_greedy/artifacts/g_s02_k04_from_d02_d03_d14_add_d00/replicate_0.all_frames.tum.txt,/home/melody/code/individual_project/channel_selection_results/step_k_unet_enc0_direct_fullseq_greedy/artifacts/g_s02_k04_from_d02_d03_d14_add_d00/replicate_0.keyframes.tum.txt,/home/melody/code/individual_project/channel_selection_results/step_k_unet_enc0_direct_fullseq_greedy/artifacts/g_s02_k04_from_d02_d03_d14_add_d00/replicate_0.log,2026-08-15T16:53:58.330274+00:00
g_s02_k04_from_d02_d03_d14_add_d01,direct full-sequence ATE forward-greedy trial,"1,2,3,14","[1, 2, 3, 14]",0,PASS,Completed the full matched RGB-D sequence,46.014213146001566,0,,,1305031473.1961,571,571,573,0.9965095986038395,0.12197293071955402,0.11531955614409843,0.11449996741363005,0.2190224304809496,0.039734063460024484,7.414496791963613,7.2151550419499015,10.749282286903682,0.008799077879324038,0.0429179030117755,0.6312853198925544,6.573525069741406,0.09768880671487043,0.08851270176816024,1.0922121789044574,0.089401424273261,0.08050969766386001,1.097856612070061,437,0.089354,0.080458,0.011908,571,5.888191,40.654005,0,0.897,0.992,52380.0,0.003984,11,/home/melody/code/individual_project/channel_selection_results/step_k_unet_enc0_direct_fullseq_greedy/artifacts/g_s02_k04_from_d02_d03_d14_add_d01/replicate_0.all_frames.tum.txt,/home/melody/code/individual_project/channel_selection_results/step_k_unet_enc0_direct_fullseq_greedy/artifacts/g_s02_k04_from_d02_d03_d14_add_d01/replicate_0.keyframes.tum.txt,/home/melody/code/individual_project/channel_selection_results/step_k_unet_enc0_direct_fullseq_greedy/artifacts/g_s02_k04_from_d02_d03_d14_add_d01/replicate_0.log,2026-08-15T16:54:45.001714+00:00
g_s02_k04_from_d02_d03_d14_add_d04,direct full-sequence ATE forward-greedy trial,"2,3,4,14","[2, 3, 4, 14]",0,PASS,Completed the full matched RGB-D sequence,45.86778601098922,0,,,1305031473.1961,571,571,573,0.9965095986038395,0.12042496446608579,0.11075127661783354,0.10776974838202458,0.20891204138298816,0.04728981702415592,8.172197195033064,7.64897679628923,12.587156037263766,0.013747183135560644,0.25017989003416724,0.6007345804338936,5.593052516815576,0.10390061647151637,0.09074173991393385,1.075775669208449,0.10707129185100926,0.09344979679801875,1.0743367888817974,436,0.106868,0.093203,0.017191,571,5.494269,38.506834,0,0.899,0.993,61560.0,0.009005,3,/home/melody/code/individual_project/channel_selection_results/step_k_unet_enc0_direct_fullseq_greedy/artifacts/g_s02_k04_from_d02_d03_d14_add_d04/replicate_0.all_frames.tum.txt,/home/melody/code/individual_project/channel_selection_results/step_k_unet_enc0_direct_fullseq_greedy/artifacts/g_s02_k04_from_d02_d03_d14_add_d04/replicate_0.keyframes.tum.txt,/home/melody/code/individual_project/channel_selection_results/step_k_unet_enc0_direct_fullseq_greedy/artifacts/g_s02_k04_from_d02_d03_d14_add_d04/replicate_0.log,2026-08-15T16:55:31.534197+00:00
g_s02_k04_from_d02_d03_d14_add_d05,direct full-sequence ATE forward-greedy trial,"2,3,5,14","[2, 3, 5, 14]",0,PASS,Completed the full matched RGB-D sequence,45.627013511999394,0,,,1305031473.1961,571,571,573,0.9965095986038395,0.12188214218655623,0.11743935473390851,0.1252359550076559,0.17372189086520917,0.03260758414337247,8.780079411772977,8.498518220766643,12.914877652264904,0.01077611059389581,0.13961085941275067,0.5941159052220665,5.517620731198762,0.1021611756646,0.09557123399443683,1.0832867406242548,0.09537069351842545,0.08857625686344965,1.0932082170380744,431,0.095277,0.088502,0.014211,571,6.654907,45.33877,0,0.899,0.992,45530.0,0.008859,3,/home/melody/code/individual_project/channel_selection_results/step_k_unet_enc0_direct_fullseq_greedy/artifacts/g_s02_k04_from_d02_d03_d14_add_d05/replicate_0.all_frames.tum.txt,/home/melody/code/individual_project/channel_selection_results/step_k_unet_enc0_direct_fullseq_greedy/artifacts/g_s02_k04_from_d02_d03_d14_add_d05/replicate_0.keyframes.tum.txt,/home/melody/code/individual_project/channel_selection_results/step_k_unet_enc0_direct_fullseq_greedy/artifacts/g_s02_k04_from_d02_d03_d14_add_d05/replicate_0.log,2026-08-15T16:56:17.825335+00:00
g_s02_k04_from_d02_d03_d14_add_d06,direct full-sequence ATE forward-greedy trial,"2,3,6,14","[2, 3, 6, 14]",0,PASS,Completed the full matched RGB-D sequence,45.30179027299164,0,,,1305031473.1961,571,571,573,0.9965095986038395,0.11392873675078712,0.10963806747383441,0.11321220820922945,0.19294019877701446,0.030971780998726675,8.239771164278281,7.857183716134952,12.604076148586993,0.010640149463809187,0.11126055829340746,0.6887639640581913,7.069405418631451,0.08621961453122261,0.07806878319704397,1.0940493917672856,0.08301902686021698,0.0759539166159031,1.0965487093188704,437,0.082771,0.075696,0.013684,571,6.897723,59.781324,0,0.898,0.992,17940.0,0.004164,3,/home/melody/code/individual_project/channel_selection_results/step_k_unet_enc0_direct_fullseq_greedy/artifacts/g_s02_k04_from_d02_d03_d14_add_d06/replicate_0.all_frames.tum.txt,/home/melody/code/individual_project/channel_selection_results/step_k_unet_enc0_direct_fullseq_greedy/artifacts/g_s02_k04_from_d02_d03_d14_add_d06/replicate_0.keyframes.tum.txt,/home/melody/code/individual_project/channel_selection_results/step_k_unet_enc0_direct_fullseq_greedy/artifacts/g_s02_k04_from_d02_d03_d14_add_d06/replicate_0.log,2026-08-15T16:57:03.793062+00:00
g_s02_k04_from_d02_d03_d14_add_d07,direct full-sequence ATE forward-greedy trial,"2,3,7,14","[2, 3, 7, 14]",0,PASS,Completed the full matched RGB-D sequence,45.683501605002675,0,,,1305031473.1961,571,571,573,0.9965095986038395,0.11644838798577098,0.11127077575724312,0.10951391056257632,0.18270991241990384,0.03433717412464177,7.897226664920326,7.2839194242785075,12.255593445214176,0.013912832303192525,0.2361283757143669,0.7195168180142361,8.490612579147937,0.10060945653981758,0.09268188383467432,1.072736912700231,0.09954800381747382,0.09169109616713346,1.0715942063257118,432,0.099407,0.091528,0.018036,571,5.513077,36.9105305,0,0.898,0.993,59260.0,0.005331,14,/home/melody/code/individual_project/channel_selection_results/step_k_unet_enc0_direct_fullseq_greedy/artifacts/g_s02_k04_from_d02_d03_d14_add_d07/replicate_0.all_frames.tum.txt,/home/melody/code/individual_project/channel_selection_results/step_k_unet_enc0_direct_fullseq_greedy/artifacts/g_s02_k04_from_d02_d03_d14_add_d07/replicate_0.keyframes.tum.txt,/home/melody/code/individual_project/channel_selection_results/step_k_unet_enc0_direct_fullseq_greedy/artifacts/g_s02_k04_from_d02_d03_d14_add_d07/replicate_0.log,2026-08-15T16:57:50.125442+00:00
g_s02_k04_from_d02_d03_d14_add_d08,direct full-sequence ATE forward-greedy trial,"2,3,8,14","[2, 3, 8, 14]",0,PASS,Completed the full matched RGB-D sequence,45.36355730899959,0,,,1305031473.1961,571,571,573,0.9965095986038395,0.12194135710943518,0.11439573348152235,0.10709277813176199,0.22179373736201197,0.04222926396369352,8.123166932089168,7.544905890149492,12.815218052994988,0.011718203762722715,0.11642412616728781,0.7954007404282724,9.541325760572049,0.10227118331406,0.09479188774099916,1.0832058625348915,0.097166395520541,0.0918699463065022,1.0839596501160476,436,0.096994,0.091689,0.016108,571,7.234727,59.685126999999994,0,0.897,0.993,9646.0,0.012398,1,/home/melody/code/individual_project/channel_selection_results/step_k_unet_enc0_direct_fullseq_greedy/artifacts/g_s02_k04_from_d02_d03_d14_add_d08/replicate_0.all_frames.tum.txt,/home/melody/code/individual_project/channel_selection_results/step_k_unet_enc0_direct_fullseq_greedy/artifacts/g_s02_k04_from_d02_d03_d14_add_d08/replicate_0.keyframes.tum.txt,/home/melody/code/individual_project/channel_selection_results/step_k_unet_enc0_direct_fullseq_greedy/artifacts/g_s02_k04_from_d02_d03_d14_add_d08/replicate_0.log,2026-08-15T16:58:36.158792+00:00
g_s02_k04_from_d02_d03_d14_add_d09,direct full-sequence ATE forward-greedy trial,"2,3,9,14","[2, 3, 9, 14]",0,PASS,Completed the full matched RGB-D sequence,45.31752957600111,0,,,1305031473.1961,571,571,573,0.9965095986038395,0.14145773143743617,0.1379599110104702,0.1345483230066245,0.22474081879492772,0.031262641241727535,8.860133745205127,8.321618365145945,12.521522839475091,0.008830680446875195,0.06730522323218772,0.5987550917605399,7.459874282540596,0.11848436978671056,0.11164109765446854,1.0984167237950158,0.1156536925073039,0.11005767549297493,1.1008773790630968,432,0.11556,0.109978,0.010708,571,6.310212,38.7380905,0,0.869,0.992,38710.0,0.005088,3,/home/melody/code/individual_project/channel_selection_results/step_k_unet_enc0_direct_fullseq_greedy/artifacts/g_s02_k04_from_d02_d03_d14_add_d09/replicate_0.all_frames.tum.txt,/home/melody/code/individual_project/channel_selection_results/step_k_unet_enc0_direct_fullseq_greedy/artifacts/g_s02_k04_from_d02_d03_d14_add_d09/replicate_0.keyframes.tum.txt,/home/melody/code/individual_project/channel_selection_results/step_k_unet_enc0_direct_fullseq_greedy/artifacts/g_s02_k04_from_d02_d03_d14_add_d09/replicate_0.log,2026-08-15T16:59:22.130363+00:00
g_s02_k04_from_d02_d03_d14_add_d10,direct full-sequence ATE forward-greedy trial,"2,3,10,14","[2, 3, 10, 14]",0,PASS,Completed the full matched RGB-D sequence,44.446273109992035,0,,,1305031473.1961,571,571,573,0.9965095986038395,0.1259275267014549,0.1200206007276453,0.12342257217517626,0.22756232103435514,0.03811557925731657,8.645444250726792,8.508326264402202,11.402958343176955,0.008700630761957357,0.047286935657934785,0.5267368585327986,2.5324438743731292,0.10279577537954866,0.09479273491873007,1.0918692638160177,0.09699561004414368,0.08854357362746672,1.0960224450915055,435,0.097003,0.088562,0.011095,571,5.75,35.015406,0,0.871,0.993,10330.0,0.003041,0,/home/melody/code/individual_project/channel_selection_results/step_k_unet_enc0_direct_fullseq_greedy/artifacts/g_s02_k04_from_d02_d03_d14_add_d10/replicate_0.all_frames.tum.txt,/home/melody/code/individual_project/channel_selection_results/step_k_unet_enc0_direct_fullseq_greedy/artifacts/g_s02_k04_from_d02_d03_d14_add_d10/replicate_0.keyframes.tum.txt,/home/melody/code/individual_project/channel_selection_results/step_k_unet_enc0_direct_fullseq_greedy/artifacts/g_s02_k04_from_d02_d03_d14_add_d10/replicate_0.log,2026-08-15T17:00:07.234907+00:00
g_s02_k04_from_d02_d03_d14_add_d11,direct full-sequence ATE forward-greedy trial,"2,3,11,14","[2, 3, 11, 14]",0,PASS,Completed the full matched RGB-D sequence,45.79958743599127,0,,,1305031473.1961,571,571,573,0.9965095986038395,0.1265556464957656,0.12014167974937393,0.1075172229949204,0.21975645642418024,0.03977824087312135,8.846491466487231,7.940152459145528,14.406347797367287,0.0145954883753319,0.25091879323626604,0.786445687382857,8.42888424143974,0.1104746838479143,0.09971519140410913,1.0769998966694,0.11117809446173246,0.10052269018113853,1.0750611013940088,437,0.110943,0.10022,0.018845,571,5.769088,39.527384,0,0.897,0.993,25770.0,0.003979,3,/home/melody/code/individual_project/channel_selection_results/step_k_unet_enc0_direct_fullseq_greedy/artifacts/g_s02_k04_from_d02_d03_d14_add_d11/replicate_0.all_frames.tum.txt,/home/melody/code/individual_project/channel_selection_results/step_k_unet_enc0_direct_fullseq_greedy/artifacts/g_s02_k04_from_d02_d03_d14_add_d11/replicate_0.keyframes.tum.txt,/home/melody/code/individual_project/channel_selection_results/step_k_unet_enc0_direct_fullseq_greedy/artifacts/g_s02_k04_from_d02_d03_d14_add_d11/replicate_0.log,2026-08-15T17:00:53.694612+00:00
g_s02_k04_from_d02_d03_d14_add_d12,direct full-sequence ATE forward-greedy trial,"2,3,12,14","[2, 3, 12, 14]",0,PASS,Completed the full matched RGB-D sequence,45.13531044800766,0,,,1305031473.1961,571,571,573,0.9965095986038395,0.10636148827016563,0.10188279763300435,0.10279221972367229,0.17277895528822057,0.03053951102288417,7.589203132108019,7.241116827935771,11.893837098474211,0.009070570205201953,0.05208213475638593,0.6380440860856054,6.231450056606628,0.07795484006807933,0.06998284626163848,1.0910490909290602,0.07033479761585935,0.06409016878885751,1.0963558190588552,432,0.070152,0.063905,0.012391,571,6.006932,42.8152695,0,0.899,0.993,40380.0,0.004242,13,/home/melody/code/individual_project/channel_selection_results/step_k_unet_enc0_direct_fullseq_greedy/artifacts/g_s02_k04_from_d02_d03_d14_add_d12/replicate_0.all_frames.tum.txt,/home/melody/code/individual_project/channel_selection_results/step_k_unet_enc0_direct_fullseq_greedy/artifacts/g_s02_k04_from_d02_d03_d14_add_d12/replicate_0.keyframes.tum.txt,/home/melody/code/individual_project/channel_selection_results/step_k_unet_enc0_direct_fullseq_greedy/artifacts/g_s02_k04_from_d02_d03_d14_add_d12/replicate_0.log,2026-08-15T17:01:39.489723+00:00
g_s02_k04_from_d02_d03_d14_add_d13,direct full-sequence ATE forward-greedy trial,"2,3,13,14","[2, 3, 13, 14]",0,PASS,Completed the full matched RGB-D sequence,45.30410103099712,0,,,1305031473.1961,571,571,573,0.9965095986038395,0.12719999824334477,0.12121920954854132,0.12484039249292193,0.24536630388233152,0.03854533421224597,8.163452298773064,7.6815404783534085,11.93977883864648,0.009767212841128609,0.1088944633129469,0.7162520576804187,9.906434987703417,0.10274172145789577,0.09610080056006377,1.0949878407968232,0.09768720054112762,0.09080413272647432,1.0985870936246387,434,0.097665,0.090809,0.012615,571,5.692567,39.9620875,0,0.898,0.992,50760.0,0.038657,25,/home/melody/code/individual_project/channel_selection_results/step_k_unet_enc0_direct_fullseq_greedy/artifacts/g_s02_k04_from_d02_d03_d14_add_d13/replicate_0.all_frames.tum.txt,/home/melody/code/individual_project/channel_selection_results/step_k_unet_enc0_direct_fullseq_greedy/artifacts/g_s02_k04_from_d02_d03_d14_add_d13/replicate_0.keyframes.tum.txt,/home/melody/code/individual_project/channel_selection_results/step_k_unet_enc0_direct_fullseq_greedy/artifacts/g_s02_k04_from_d02_d03_d14_add_d13/replicate_0.log,2026-08-15T17:02:25.451320+00:00
g_s02_k04_from_d02_d03_d14_add_d15,direct full-sequence ATE forward-greedy trial,"2,3,14,15","[2, 3, 14, 15]",0,PASS,Completed the full matched RGB-D sequence,45.53722856400418,0,,,1305031473.1961,571,571,573,0.9965095986038395,0.1320572902490632,0.12416267605348329,0.11878460976848981,0.21779118647285953,0.04497507957928589,9.039472899260584,8.536093934928575,13.503064788068727,0.013781960721955297,0.23912720417370945,0.6514574983398179,5.944894293171445,0.11222586678199069,0.10017944839248237,1.0876919466486936,0.11533042989619104,0.10263450552667709,1.0877379730358259,432,0.115085,0.102382,0.0181,571,6.752118,59.518012999999996,0,0.899,0.993,15760.0,0.007981,3,/home/melody/code/individual_project/channel_selection_results/step_k_unet_enc0_direct_fullseq_greedy/artifacts/g_s02_k04_from_d02_d03_d14_add_d15/replicate_0.all_frames.tum.txt,/home/melody/code/individual_project/channel_selection_results/step_k_unet_enc0_direct_fullseq_greedy/artifacts/g_s02_k04_from_d02_d03_d14_add_d15/replicate_0.keyframes.tum.txt,/home/melody/code/individual_project/channel_selection_results/step_k_unet_enc0_direct_fullseq_greedy/artifacts/g_s02_k04_from_d02_d03_d14_add_d15/replicate_0.log,2026-08-15T17:03:11.652872+00:00
g_s02_k05_from_d02_d03_d12_d14_add_d00,direct full-sequence ATE forward-greedy trial,"0,2,3,12,14","[0, 2, 3, 12, 14]",0,PASS,Completed the full matched RGB-D sequence,45.5073592520057,0,,,1305031473.1961,571,571,573,0.9965095986038395,0.12661762796058545,0.12019883214674981,0.11602281921693566,0.21628127839332176,0.03980281976095041,8.644770011524093,8.494575835144664,12.0855499423072,0.008754170765931168,0.04780449925141716,0.5253183723709446,3.2238295639537493,0.1071378432530633,0.09734484814968947,1.0847220781549298,0.09912333794979833,0.08850240891301728,1.0898825663156824,434,0.099146,0.088533,0.011372,571,8.102509,70.178253,0,0.873,0.992,20340.0,0.004528,2,/home/melody/code/individual_project/channel_selection_results/step_k_unet_enc0_direct_fullseq_greedy/artifacts/g_s02_k05_from_d02_d03_d12_d14_add_d00/replicate_0.all_frames.tum.txt,/home/melody/code/individual_project/channel_selection_results/step_k_unet_enc0_direct_fullseq_greedy/artifacts/g_s02_k05_from_d02_d03_d12_d14_add_d00/replicate_0.keyframes.tum.txt,/home/melody/code/individual_project/channel_selection_results/step_k_unet_enc0_direct_fullseq_greedy/artifacts/g_s02_k05_from_d02_d03_d12_d14_add_d00/replicate_0.log,2026-08-15T17:03:57.839699+00:00
g_s02_k05_from_d02_d03_d12_d14_add_d01,direct full-sequence ATE forward-greedy trial,"1,2,3,12,14","[1, 2, 3, 12, 14]",0,PASS,Completed the full matched RGB-D sequence,45.819619607995264,0,,,1305031473.1961,571,571,573,0.9965095986038395,0.11505917970701499,0.10832354413357372,0.1031728929579608,0.2030887706572802,0.038789491117993256,7.635113849633762,7.504771885001216,10.829145812964272,0.0091847944825566,0.06951148943084959,0.6333625102644642,6.682776193463102,0.09409310275132725,0.08626835733145524,1.082851760138238,0.08601914078656957,0.078489422353561,1.0875945133645397,435,0.08598,0.078442,0.012758,571,7.893118,57.2204265,0,0.898,0.993,53380.0,0.003651,11,/home/melody/code/individual_project/channel_selection_results/step_k_unet_enc0_direct_fullseq_greedy/artifacts/g_s02_k05_from_d02_d03_d12_d14_add_d01/replicate_0.all_frames.tum.txt,/home/melody/code/individual_project/channel_selection_results/step_k_unet_enc0_direct_fullseq_greedy/artifacts/g_s02_k05_from_d02_d03_d12_d14_add_d01/replicate_0.keyframes.tum.txt,/home/melody/code/individual_project/channel_selection_results/step_k_unet_enc0_direct_fullseq_greedy/artifacts/g_s02_k05_from_d02_d03_d12_d14_add_d01/replicate_0.log,2026-08-15T17:04:44.357983+00:00
g_s02_k05_from_d02_d03_d12_d14_add_d04,direct full-sequence ATE forward-greedy trial,"2,3,4,12,14","[2, 3, 4, 12, 14]",0,PASS,Completed the full matched RGB-D sequence,45.27100378999603,0,,,1305031473.1961,571,571,573,0.9965095986038395,0.11785863037350672,0.11161703619472549,0.11922596133094426,0.18107783579044148,0.037845660050053534,8.322207450163027,8.066619168975738,12.06849882451573,0.011542469102882378,0.18391136091001184,0.5305151639085004,2.816781587431037,0.09025898273022169,0.08249270184891726,1.09592336479857,0.09174763780262218,0.08320553569344867,1.0994304202207728,435,0.091578,0.083024,0.014533,571,7.455107,45.4891435,0,0.899,0.993,27880.0,0.003963,3,/home/melody/code/individual_project/channel_selection_results/step_k_unet_enc0_direct_fullseq_greedy/artifacts/g_s02_k05_from_d02_d03_d12_d14_add_d04/replicate_0.all_frames.tum.txt,/home/melody/code/individual_project/channel_selection_results/step_k_unet_enc0_direct_fullseq_greedy/artifacts/g_s02_k05_from_d02_d03_d12_d14_add_d04/replicate_0.keyframes.tum.txt,/home/melody/code/individual_project/channel_selection_results/step_k_unet_enc0_direct_fullseq_greedy/artifacts/g_s02_k05_from_d02_d03_d12_d14_add_d04/replicate_0.log,2026-08-15T17:05:30.308239+00:00
g_s02_k05_from_d02_d03_d12_d14_add_d05,direct full-sequence ATE forward-greedy trial,"2,3,5,12,14","[2, 3, 5, 12, 14]",0,PASS,Completed the full matched RGB-D sequence,45.63973048600019,0,,,1305031473.1961,571,571,573,0.9965095986038395,0.12153572202549433,0.11607856598378292,0.12226875209964556,0.1747077460247122,0.036009696574766964,8.474078578973261,8.145799220627515,13.500553574983662,0.011104865880270307,0.16083107847724923,0.569906561300364,3.8890893579002292,0.10525289868089698,0.09854177681773564,1.0756361832536283,0.10054239979692757,0.09312099802871027,1.0838095942360486,435,0.100471,0.093057,0.014379,571,8.562733,51.553850499999996,0,0.899,0.993,39490.0,0.008386,3,/home/melody/code/individual_project/channel_selection_results/step_k_unet_enc0_direct_fullseq_greedy/artifacts/g_s02_k05_from_d02_d03_d12_d14_add_d05/replicate_0.all_frames.tum.txt,/home/melody/code/individual_project/channel_selection_results/step_k_unet_enc0_direct_fullseq_greedy/artifacts/g_s02_k05_from_d02_d03_d12_d14_add_d05/replicate_0.keyframes.tum.txt,/home/melody/code/individual_project/channel_selection_results/step_k_unet_enc0_direct_fullseq_greedy/artifacts/g_s02_k05_from_d02_d03_d12_d14_add_d05/replicate_0.log,2026-08-15T17:06:16.612979+00:00
g_s02_k05_from_d02_d03_d12_d14_add_d06,direct full-sequence ATE forward-greedy trial,"2,3,6,12,14","[2, 3, 6, 12, 14]",0,PASS,Completed the full matched RGB-D sequence,45.12080465500185,0,,,1305031473.1961,571,571,573,0.9965095986038395,0.12197016263005588,0.1174421545539238,0.11550709284390252,0.19894908421586846,0.032925080193289706,7.940235346463036,7.331235210734611,12.81576830859964,0.012935901032930262,0.20379513394816873,0.7400454253713717,8.185990000736192,0.10441682459801262,0.09728681528698481,1.0786744534697408,0.10336395971288444,0.09703733125383872,1.0806233202518314,432,0.103182,0.096841,0.016945,571,9.080373,69.4275325,0,0.898,0.993,21060.0,0.002769,3,/home/melody/code/individual_project/channel_selection_results/step_k_unet_enc0_direct_fullseq_greedy/artifacts/g_s02_k05_from_d02_d03_d12_d14_add_d06/replicate_0.all_frames.tum.txt,/home/melody/code/individual_project/channel_selection_results/step_k_unet_enc0_direct_fullseq_greedy/artifacts/g_s02_k05_from_d02_d03_d12_d14_add_d06/replicate_0.keyframes.tum.txt,/home/melody/code/individual_project/channel_selection_results/step_k_unet_enc0_direct_fullseq_greedy/artifacts/g_s02_k05_from_d02_d03_d12_d14_add_d06/replicate_0.log,2026-08-15T17:07:02.413177+00:00
g_s02_k05_from_d02_d03_d12_d14_add_d07,direct full-sequence ATE forward-greedy trial,"2,3,7,12,14","[2, 3, 7, 12, 14]",0,PASS,Completed the full matched RGB-D sequence,45.13174408899795,0,,,1305031473.1961,571,571,573,0.9965095986038395,0.15973350248569607,0.1486207268653994,0.1410725716326272,0.27290461701549673,0.05853777722418431,10.143394381194184,9.61436331957479,14.226030741068225,0.012612427216979203,0.21599516757721224,0.5728479151212317,3.8412950428776655,0.14558722244422775,0.1314329090191105,1.0829172933173237,0.15168870493114547,0.1378610969269454,1.0839786888425258,431,0.151537,0.137755,0.016038,571,7.436998,41.792452,0,0.898,0.993,58790.0,0.003604,3,/home/melody/code/individual_project/channel_selection_results/step_k_unet_enc0_direct_fullseq_greedy/artifacts/g_s02_k05_from_d02_d03_d12_d14_add_d07/replicate_0.all_frames.tum.txt,/home/melody/code/individual_project/channel_selection_results/step_k_unet_enc0_direct_fullseq_greedy/artifacts/g_s02_k05_from_d02_d03_d12_d14_add_d07/replicate_0.keyframes.tum.txt,/home/melody/code/individual_project/channel_selection_results/step_k_unet_enc0_direct_fullseq_greedy/artifacts/g_s02_k05_from_d02_d03_d12_d14_add_d07/replicate_0.log,2026-08-15T17:07:48.200341+00:00
g_s02_k05_from_d02_d03_d12_d14_add_d08,direct full-sequence ATE forward-greedy trial,"2,3,8,12,14","[2, 3, 8, 12, 14]",0,PASS,Completed the full matched RGB-D sequence,45.48442806499952,0,,,1305031473.1961,571,571,573,0.9965095986038395,0.13007469555722626,0.1257151723421856,0.13407152033830855,0.19447752415927969,0.03339344048282038,8.616781265466873,8.362994943320878,12.123605865574582,0.011237505963170654,0.1567882644643908,0.5910385445609341,5.403111725370653,0.0996501579501662,0.09122868492608135,1.1070095478723716,0.09605920099445936,0.08714996140484714,1.1122107848803318,432,0.095887,0.086973,0.014853,571,9.403904,67.970215,0,0.897,0.993,14470.0,0.004547,1,/home/melody/code/individual_project/channel_selection_results/step_k_unet_enc0_direct_fullseq_greedy/artifacts/g_s02_k05_from_d02_d03_d12_d14_add_d08/replicate_0.all_frames.tum.txt,/home/melody/code/individual_project/channel_selection_results/step_k_unet_enc0_direct_fullseq_greedy/artifacts/g_s02_k05_from_d02_d03_d12_d14_add_d08/replicate_0.keyframes.tum.txt,/home/melody/code/individual_project/channel_selection_results/step_k_unet_enc0_direct_fullseq_greedy/artifacts/g_s02_k05_from_d02_d03_d12_d14_add_d08/replicate_0.log,2026-08-15T17:08:34.335972+00:00
g_s02_k05_from_d02_d03_d12_d14_add_d09,direct full-sequence ATE forward-greedy trial,"2,3,9,12,14","[2, 3, 9, 12, 14]",0,PASS,Completed the full matched RGB-D sequence,45.02807165500417,0,,,1305031473.1961,571,571,573,0.9965095986038395,0.14838661217814506,0.14310682200573088,0.1416183288536533,0.2804615249578721,0.03923039853388293,8.385737209279949,8.056660578548303,11.98523739813678,0.008606211570764072,0.059215089913449225,0.6061848706328552,8.340107617413953,0.12936129204652091,0.11880101799210419,1.0922236975411341,0.12636334244621442,0.11672699095264907,1.0975792460422809,430,0.126299,0.116672,0.010472,571,8.601378,51.9257165,0,0.87,0.992,27690.0,0.003949,3,/home/melody/code/individual_project/channel_selection_results/step_k_unet_enc0_direct_fullseq_greedy/artifacts/g_s02_k05_from_d02_d03_d12_d14_add_d09/replicate_0.all_frames.tum.txt,/home/melody/code/individual_project/channel_selection_results/step_k_unet_enc0_direct_fullseq_greedy/artifacts/g_s02_k05_from_d02_d03_d12_d14_add_d09/replicate_0.keyframes.tum.txt,/home/melody/code/individual_project/channel_selection_results/step_k_unet_enc0_direct_fullseq_greedy/artifacts/g_s02_k05_from_d02_d03_d12_d14_add_d09/replicate_0.log,2026-08-15T17:09:20.023517+00:00
g_s02_k05_from_d02_d03_d12_d14_add_d10,direct full-sequence ATE forward-greedy trial,"2,3,10,12,14","[2, 3, 10, 12, 14]",0,PASS,Completed the full matched RGB-D sequence,44.068916103002266,0,,,1305031473.1961,571,571,573,0.9965095986038395,0.1319130513650348,0.12534927272758484,0.13474611303160952,0.20770898188345963,0.04109273594079463,8.759674589245202,8.508423924520251,13.581109658367128,0.010988562358528527,0.16220474321818232,0.5263634637376619,2.3229182448485877,0.10705159926571407,0.10130083277243321,1.097951975352497,0.10660685673637942,0.09931129804883064,1.1021847731562862,434,0.106534,0.09924,0.013853,571,7.757113,48.943717500000005,0,0.898,0.993,10920.0,0.002681,0,/home/melody/code/individual_project/channel_selection_results/step_k_unet_enc0_direct_fullseq_greedy/artifacts/g_s02_k05_from_d02_d03_d12_d14_add_d10/replicate_0.all_frames.tum.txt,/home/melody/code/individual_project/channel_selection_results/step_k_unet_enc0_direct_fullseq_greedy/artifacts/g_s02_k05_from_d02_d03_d12_d14_add_d10/replicate_0.keyframes.tum.txt,/home/melody/code/individual_project/channel_selection_results/step_k_unet_enc0_direct_fullseq_greedy/artifacts/g_s02_k05_from_d02_d03_d12_d14_add_d10/replicate_0.log,2026-08-15T17:10:04.752047+00:00
g_s02_k05_from_d02_d03_d12_d14_add_d11,direct full-sequence ATE forward-greedy trial,"2,3,11,12,14","[2, 3, 11, 12, 14]",0,PASS,Completed the full matched RGB-D sequence,45.229970603002585,0,,,1305031473.1961,571,571,573,0.9965095986038395,0.125975966024959,0.11997580603012611,0.11747963745400235,0.23821963479591723,0.038415491449975914,7.778668493886128,7.218263684877988,12.23830294708726,0.00994487748724459,0.07945666703984378,0.7576304755638588,9.328363192233873,0.10263784196827204,0.0935467211486458,1.0922895862650925,0.09702661798495775,0.08907646843495272,1.0971333528497533,433,0.09691,0.088953,0.013133,571,7.66411,53.3325425,0,0.897,0.993,27070.0,0.004099,11,/home/melody/code/individual_project/channel_selection_results/step_k_unet_enc0_direct_fullseq_greedy/artifacts/g_s02_k05_from_d02_d03_d12_d14_add_d11/replicate_0.all_frames.tum.txt,/home/melody/code/individual_project/channel_selection_results/step_k_unet_enc0_direct_fullseq_greedy/artifacts/g_s02_k05_from_d02_d03_d12_d14_add_d11/replicate_0.keyframes.tum.txt,/home/melody/code/individual_project/channel_selection_results/step_k_unet_enc0_direct_fullseq_greedy/artifacts/g_s02_k05_from_d02_d03_d12_d14_add_d11/replicate_0.log,2026-08-15T17:10:50.647158+00:00
g_s02_k05_from_d02_d03_d12_d14_add_d13,direct full-sequence ATE forward-greedy trial,"2,3,12,13,14","[2, 3, 12, 13, 14]",0,PASS,Completed the full matched RGB-D sequence,44.94184165200568,0,,,1305031473.1961,571,571,573,0.9965095986038395,0.12419897336599965,0.11759234476785961,0.12263001194073923,0.18831692869803332,0.039967805008095325,8.643724131420502,8.256544339673981,12.46119737981723,0.012493452131074128,0.21184447198674064,0.5358036585749854,3.5352890979616105,0.1006479784976402,0.09170417542551093,1.0918835258661055,0.10365989648243286,0.09372733850797522,1.091581913227528,430,0.103471,0.093528,0.01582,571,7.668755,52.7758635,0,0.898,0.992,28760.0,0.005312,9,/home/melody/code/individual_project/channel_selection_results/step_k_unet_enc0_direct_fullseq_greedy/artifacts/g_s02_k05_from_d02_d03_d12_d14_add_d13/replicate_0.all_frames.tum.txt,/home/melody/code/individual_project/channel_selection_results/step_k_unet_enc0_direct_fullseq_greedy/artifacts/g_s02_k05_from_d02_d03_d12_d14_add_d13/replicate_0.keyframes.tum.txt,/home/melody/code/individual_project/channel_selection_results/step_k_unet_enc0_direct_fullseq_greedy/artifacts/g_s02_k05_from_d02_d03_d12_d14_add_d13/replicate_0.log,2026-08-15T17:11:36.258840+00:00
g_s02_k05_from_d02_d03_d12_d14_add_d15,direct full-sequence ATE forward-greedy trial,"2,3,12,14,15","[2, 3, 12, 14, 15]",0,PASS,Completed the full matched RGB-D sequence,45.27306474299985,0,,,1305031473.1961,571,571,573,0.9965095986038395,0.12356608414860865,0.11771226231829977,0.11647495083770615,0.20380973619476173,0.037581916552097396,8.772713607069878,8.324129867524013,13.186518215817832,0.011363522585739767,0.1685961372529796,0.6217817374687923,6.650449188005387,0.10281113073694123,0.09445779474312284,1.0861182935394746,0.10431547181116586,0.0952984048015631,1.0873888425730929,430,0.104081,0.095068,0.0151,571,8.93836,67.8974185,0,0.899,0.993,18410.0,0.009451,3,/home/melody/code/individual_project/channel_selection_results/step_k_unet_enc0_direct_fullseq_greedy/artifacts/g_s02_k05_from_d02_d03_d12_d14_add_d15/replicate_0.all_frames.tum.txt,/home/melody/code/individual_project/channel_selection_results/step_k_unet_enc0_direct_fullseq_greedy/artifacts/g_s02_k05_from_d02_d03_d12_d14_add_d15/replicate_0.keyframes.tum.txt,/home/melody/code/individual_project/channel_selection_results/step_k_unet_enc0_direct_fullseq_greedy/artifacts/g_s02_k05_from_d02_d03_d12_d14_add_d15/replicate_0.log,2026-08-15T17:12:22.193727+00:00
g_s02_k06_from_d01_d02_d03_d12_d14_add_d00,direct full-sequence ATE forward-greedy trial,"0,1,2,3,12,14","[0, 1, 2, 3, 12, 14]",0,PASS,Completed the full matched RGB-D sequence,45.609898495997186,0,,,1305031473.1961,571,571,573,0.9965095986038395,0.12480930969551235,0.1188252414359445,0.12072080083960715,0.2116710746167396,0.03818279434980905,7.443237728471488,7.233061206761523,10.4692640931501,0.008924801902513638,0.057786295494968665,0.5839703253065082,6.354662443098213,0.09609623456242454,0.08976305369079633,1.1013752106974692,0.0932787313039228,0.08630654738970679,1.103879928742179,435,0.093166,0.08619,0.011392,571,10.090817,86.1223675,0,0.897,0.992,41150.0,0.00901,10,/home/melody/code/individual_project/channel_selection_results/step_k_unet_enc0_direct_fullseq_greedy/artifacts/g_s02_k06_from_d01_d02_d03_d12_d14_add_d00/replicate_0.all_frames.tum.txt,/home/melody/code/individual_project/channel_selection_results/step_k_unet_enc0_direct_fullseq_greedy/artifacts/g_s02_k06_from_d01_d02_d03_d12_d14_add_d00/replicate_0.keyframes.tum.txt,/home/melody/code/individual_project/channel_selection_results/step_k_unet_enc0_direct_fullseq_greedy/artifacts/g_s02_k06_from_d01_d02_d03_d12_d14_add_d00/replicate_0.log,2026-08-15T17:13:08.467708+00:00
g_s02_k06_from_d01_d02_d03_d12_d14_add_d04,direct full-sequence ATE forward-greedy trial,"1,2,3,4,12,14","[1, 2, 3, 4, 12, 14]",0,PASS,Completed the full matched RGB-D sequence,45.51256275099877,0,,,1305031473.1961,571,571,573,0.9965095986038395,0.16832740968217674,0.1560606314718901,0.1373302306144193,0.33421758689541975,0.06308086995996699,7.96504423585097,7.804922631116836,11.66607446780415,0.009967623068549591,0.1004482985367125,0.7178890366416204,9.795827977615666,0.15698967891505292,0.14370398895466244,1.076336917662699,0.1550514462017516,0.1406452061451702,1.0835331742516259,436,0.155089,0.140734,0.012683,571,9.321578,63.1560365,0,0.898,0.992,53320.0,0.021419,18,/home/melody/code/individual_project/channel_selection_results/step_k_unet_enc0_direct_fullseq_greedy/artifacts/g_s02_k06_from_d01_d02_d03_d12_d14_add_d04/replicate_0.all_frames.tum.txt,/home/melody/code/individual_project/channel_selection_results/step_k_unet_enc0_direct_fullseq_greedy/artifacts/g_s02_k06_from_d01_d02_d03_d12_d14_add_d04/replicate_0.keyframes.tum.txt,/home/melody/code/individual_project/channel_selection_results/step_k_unet_enc0_direct_fullseq_greedy/artifacts/g_s02_k06_from_d01_d02_d03_d12_d14_add_d04/replicate_0.log,2026-08-15T17:13:54.648731+00:00
g_s02_k06_from_d01_d02_d03_d12_d14_add_d05,direct full-sequence ATE forward-greedy trial,"1,2,3,5,12,14","[1, 2, 3, 5, 12, 14]",0,PASS,Completed the full matched RGB-D sequence,46.010756895004306,0,,,1305031473.1961,571,571,573,0.9965095986038395,0.153557600510051,0.14285441993647324,0.14114300655756212,0.2749688798509655,0.05632540615937153,7.797045365756108,7.625973436085334,10.680085383906045,0.010293153643686647,0.13150825750068987,0.7071627051143639,8.965546168206222,0.14064831628600571,0.1298327428591379,1.0772747359823291,0.13311202579749354,0.12314880273105762,1.0897239564615941,436,0.133183,0.123248,0.013725,571,10.450509,73.28285249999999,0,0.898,0.993,68000.0,0.00322,19,/home/melody/code/individual_project/channel_selection_results/step_k_unet_enc0_direct_fullseq_greedy/artifacts/g_s02_k06_from_d01_d02_d03_d12_d14_add_d05/replicate_0.all_frames.tum.txt,/home/melody/code/individual_project/channel_selection_results/step_k_unet_enc0_direct_fullseq_greedy/artifacts/g_s02_k06_from_d01_d02_d03_d12_d14_add_d05/replicate_0.keyframes.tum.txt,/home/melody/code/individual_project/channel_selection_results/step_k_unet_enc0_direct_fullseq_greedy/artifacts/g_s02_k06_from_d01_d02_d03_d12_d14_add_d05/replicate_0.log,2026-08-15T17:14:41.330395+00:00
g_s02_k06_from_d01_d02_d03_d12_d14_add_d06,direct full-sequence ATE forward-greedy trial,"1,2,3,6,12,14","[1, 2, 3, 6, 12, 14]",0,PASS,Completed the full matched RGB-D sequence,45.31454483499692,0,,,1305031473.1961,571,571,573,0.9965095986038395,0.17508365287977876,0.16357122928600837,0.14464088244002343,0.3438569404370732,0.062439878728188854,9.352350739682326,9.132075510535522,14.517116316743504,0.010560033927559716,0.10825659523944894,0.7901456708766491,10.781125059124872,0.1629145874268997,0.1473743684543711,1.081072296269305,0.15739990885585833,0.14192756861075337,1.0909007398010602,436,0.157424,0.141991,0.013769,571,10.985011,87.813839,0,0.898,0.993,32200.0,0.005743,16,/home/melody/code/individual_project/channel_selection_results/step_k_unet_enc0_direct_fullseq_greedy/artifacts/g_s02_k06_from_d01_d02_d03_d12_d14_add_d06/replicate_0.all_frames.tum.txt,/home/melody/code/individual_project/channel_selection_results/step_k_unet_enc0_direct_fullseq_greedy/artifacts/g_s02_k06_from_d01_d02_d03_d12_d14_add_d06/replicate_0.keyframes.tum.txt,/home/melody/code/individual_project/channel_selection_results/step_k_unet_enc0_direct_fullseq_greedy/artifacts/g_s02_k06_from_d01_d02_d03_d12_d14_add_d06/replicate_0.log,2026-08-15T17:15:27.298930+00:00
g_s02_k06_from_d01_d02_d03_d12_d14_add_d07,direct full-sequence ATE forward-greedy trial,"1,2,3,7,12,14","[1, 2, 3, 7, 12, 14]",0,PASS,Completed the full matched RGB-D sequence,45.5146401640086,0,,,1305031473.1961,571,571,573,0.9965095986038395,0.14249785059359016,0.13302124478577618,0.12898292506810075,0.3076383426891291,0.05109780679672811,7.924833891093018,7.762926006504697,11.534697095969774,0.010156884310500573,0.0925148212816522,0.7686297293790211,10.828286813938565,0.12277736506728715,0.11057034370409169,1.09160666112326,0.11720644004944936,0.10638292331679085,1.0971059546264548,431,0.117142,0.106328,0.013565,571,9.291605,59.566593,0,0.898,0.992,62130.0,0.008403,19,/home/melody/code/individual_project/channel_selection_results/step_k_unet_enc0_direct_fullseq_greedy/artifacts/g_s02_k06_from_d01_d02_d03_d12_d14_add_d07/replicate_0.all_frames.tum.txt,/home/melody/code/individual_project/channel_selection_results/step_k_unet_enc0_direct_fullseq_greedy/artifacts/g_s02_k06_from_d01_d02_d03_d12_d14_add_d07/replicate_0.keyframes.tum.txt,/home/melody/code/individual_project/channel_selection_results/step_k_unet_enc0_direct_fullseq_greedy/artifacts/g_s02_k06_from_d01_d02_d03_d12_d14_add_d07/replicate_0.log,2026-08-15T17:16:13.467983+00:00
g_s02_k06_from_d01_d02_d03_d12_d14_add_d08,direct full-sequence ATE forward-greedy trial,"1,2,3,8,12,14","[1, 2, 3, 8, 12, 14]",0,PASS,Completed the full matched RGB-D sequence,45.300692135002464,0,,,1305031473.1961,571,571,573,0.9965095986038395,0.12176764257771848,0.11678096866401355,0.11718586194701464,0.20402956264996422,0.034490058521691125,7.5229044804868845,7.308403892319291,10.729545207555933,0.009142992539892515,0.0622669709555395,0.6120372608427526,6.010486603916051,0.09265907345088961,0.08581947021248633,1.1004335762179636,0.08653819023874754,0.07982065147432635,1.1042310645801958,436,0.08643,0.079707,0.012482,571,11.274061,78.74334350000001,0,0.896,0.993,21190.0,0.02375,7,/home/melody/code/individual_project/channel_selection_results/step_k_unet_enc0_direct_fullseq_greedy/artifacts/g_s02_k06_from_d01_d02_d03_d12_d14_add_d08/replicate_0.all_frames.tum.txt,/home/melody/code/individual_project/channel_selection_results/step_k_unet_enc0_direct_fullseq_greedy/artifacts/g_s02_k06_from_d01_d02_d03_d12_d14_add_d08/replicate_0.keyframes.tum.txt,/home/melody/code/individual_project/channel_selection_results/step_k_unet_enc0_direct_fullseq_greedy/artifacts/g_s02_k06_from_d01_d02_d03_d12_d14_add_d08/replicate_0.log,2026-08-15T17:16:59.436244+00:00
g_s02_k06_from_d01_d02_d03_d12_d14_add_d09,direct full-sequence ATE forward-greedy trial,"1,2,3,9,12,14","[1, 2, 3, 9, 12, 14]",0,PASS,Completed the full matched RGB-D sequence,45.69123938000121,0,,,1305031473.1961,571,571,573,0.9965095986038395,0.14827632197259166,0.1405682697171243,0.14226425386453742,0.23959530189203865,0.047185052786380105,9.013094422176449,8.648223768894008,14.106814546845767,0.011884535074141143,0.20503829234598764,0.5146944938723342,2.9605370491824665,0.12144041773816795,0.10934896158092579,1.1094954034174145,0.1256408786512896,0.113486389195474,1.1112400269409737,435,0.125521,0.113369,0.014548,571,10.687778,65.43181200000001,0,0.897,0.992,50230.0,0.003815,2,/home/melody/code/individual_project/channel_selection_results/step_k_unet_enc0_direct_fullseq_greedy/artifacts/g_s02_k06_from_d01_d02_d03_d12_d14_add_d09/replicate_0.all_frames.tum.txt,/home/melody/code/individual_project/channel_selection_results/step_k_unet_enc0_direct_fullseq_greedy/artifacts/g_s02_k06_from_d01_d02_d03_d12_d14_add_d09/replicate_0.keyframes.tum.txt,/home/melody/code/individual_project/channel_selection_results/step_k_unet_enc0_direct_fullseq_greedy/artifacts/g_s02_k06_from_d01_d02_d03_d12_d14_add_d09/replicate_0.log,2026-08-15T17:17:45.803110+00:00
g_s02_k06_from_d01_d02_d03_d12_d14_add_d10,direct full-sequence ATE forward-greedy trial,"1,2,3,10,12,14","[1, 2, 3, 10, 12, 14]",0,PASS,Completed the full matched RGB-D sequence,44.41206159599824,0,,,1305031473.1961,571,571,573,0.9965095986038395,0.14338363136891438,0.13497071126228827,0.14340051339678994,0.23682761727243398,0.04839186755942305,9.09209800829816,8.86802421831097,13.830213452781903,0.011435972416541382,0.17683418240183393,0.5376010395061482,2.8954681063766494,0.11932227609856384,0.11204310564793535,1.1015573678572441,0.11924404071293976,0.1107823226821583,1.1051416895262747,436,0.119195,0.110733,0.014531,571,9.592481,71.645115,0,0.897,0.993,11630.0,0.002192,0,/home/melody/code/individual_project/channel_selection_results/step_k_unet_enc0_direct_fullseq_greedy/artifacts/g_s02_k06_from_d01_d02_d03_d12_d14_add_d10/replicate_0.all_frames.tum.txt,/home/melody/code/individual_project/channel_selection_results/step_k_unet_enc0_direct_fullseq_greedy/artifacts/g_s02_k06_from_d01_d02_d03_d12_d14_add_d10/replicate_0.keyframes.tum.txt,/home/melody/code/individual_project/channel_selection_results/step_k_unet_enc0_direct_fullseq_greedy/artifacts/g_s02_k06_from_d01_d02_d03_d12_d14_add_d10/replicate_0.log,2026-08-15T17:18:30.877050+00:00
g_s02_k06_from_d01_d02_d03_d12_d14_add_d11,direct full-sequence ATE forward-greedy trial,"1,2,3,11,12,14","[1, 2, 3, 11, 12, 14]",0,PASS,Completed the full matched RGB-D sequence,45.497106712995446,0,,,1305031473.1961,571,571,573,0.9965095986038395,0.15294504976856652,0.14308649570778476,0.1419796544846035,0.30544372052298474,0.054022615586209646,7.863028318058946,7.628114757426577,10.981007083034399,0.010116775318244309,0.09555410396294706,0.7956699388875227,10.650873744662713,0.13462076111758456,0.12377227833535757,1.0921768494406163,0.12942489461495668,0.1188057705361559,1.099579294634257,432,0.129392,0.1188,0.01341,571,9.54293,76.1183705,0,0.897,0.992,36840.0,0.008731,18,/home/melody/code/individual_project/channel_selection_results/step_k_unet_enc0_direct_fullseq_greedy/artifacts/g_s02_k06_from_d01_d02_d03_d12_d14_add_d11/replicate_0.all_frames.tum.txt,/home/melody/code/individual_project/channel_selection_results/step_k_unet_enc0_direct_fullseq_greedy/artifacts/g_s02_k06_from_d01_d02_d03_d12_d14_add_d11/replicate_0.keyframes.tum.txt,/home/melody/code/individual_project/channel_selection_results/step_k_unet_enc0_direct_fullseq_greedy/artifacts/g_s02_k06_from_d01_d02_d03_d12_d14_add_d11/replicate_0.log,2026-08-15T17:19:17.025731+00:00
g_s02_k06_from_d01_d02_d03_d12_d14_add_d13,direct full-sequence ATE forward-greedy trial,"1,2,3,12,13,14","[1, 2, 3, 12, 13, 14]",0,PASS,Completed the full matched RGB-D sequence,45.83723866099899,0,,,1305031473.1961,571,571,573,0.9965095986038395,0.14689078568746072,0.1390203906459373,0.13365713073277638,0.2958083834664118,0.047436630408688396,8.049747684824899,7.756287919722891,12.930366602726963,0.010987597279024845,0.15729099103574765,0.7413873990461961,10.848479937947134,0.11634121861941546,0.10719431393228765,1.1159947535548733,0.11039069852585875,0.1006914675260009,1.1241938075271827,435,0.11039,0.100696,0.013406,571,9.504449,72.288162,0,0.897,0.992,60030.0,0.00575,19,/home/melody/code/individual_project/channel_selection_results/step_k_unet_enc0_direct_fullseq_greedy/artifacts/g_s02_k06_from_d01_d02_d03_d12_d14_add_d13/replicate_0.all_frames.tum.txt,/home/melody/code/individual_project/channel_selection_results/step_k_unet_enc0_direct_fullseq_greedy/artifacts/g_s02_k06_from_d01_d02_d03_d12_d14_add_d13/replicate_0.keyframes.tum.txt,/home/melody/code/individual_project/channel_selection_results/step_k_unet_enc0_direct_fullseq_greedy/artifacts/g_s02_k06_from_d01_d02_d03_d12_d14_add_d13/replicate_0.log,2026-08-15T17:20:03.525613+00:00
g_s02_k06_from_d01_d02_d03_d12_d14_add_d15,direct full-sequence ATE forward-greedy trial,"1,2,3,12,14,15","[1, 2, 3, 12, 14, 15]",0,PASS,Completed the full matched RGB-D sequence,45.55498621199513,0,,,1305031473.1961,571,571,573,0.9965095986038395,0.1448181846134483,0.13557635117843023,0.14346021496812994,0.3002682492534222,0.05090539849444028,7.916797298557255,7.767442449883934,11.357169509221892,0.010867300038333087,0.13404324338286303,0.7326829386303513,8.832730350621002,0.12376039988441377,0.1129773506810891,1.0956146541109035,0.11468046172367714,0.10480750917816746,1.1044269674545513,433,0.114717,0.104852,0.014316,571,10.860234,85.0201685,0,0.898,0.992,28960.0,0.007846,11,/home/melody/code/individual_project/channel_selection_results/step_k_unet_enc0_direct_fullseq_greedy/artifacts/g_s02_k06_from_d01_d02_d03_d12_d14_add_d15/replicate_0.all_frames.tum.txt,/home/melody/code/individual_project/channel_selection_results/step_k_unet_enc0_direct_fullseq_greedy/artifacts/g_s02_k06_from_d01_d02_d03_d12_d14_add_d15/replicate_0.keyframes.tum.txt,/home/melody/code/individual_project/channel_selection_results/step_k_unet_enc0_direct_fullseq_greedy/artifacts/g_s02_k06_from_d01_d02_d03_d12_d14_add_d15/replicate_0.log,2026-08-15T17:20:49.734530+00:00
g_s03_k03_from_d10_d14_add_d00,direct full-sequence ATE forward-greedy trial,"0,10,14","[0, 10, 14]",0,PASS,Completed the full matched RGB-D sequence,45.423091495002154,0,,,1305031473.1961,571,571,573,0.9965095986038395,0.1664405187654409,0.16061854163660877,0.1631994764340344,0.3027771264732343,0.043636342301320886,8.866771300069674,8.603850969305022,13.30940229508778,0.009742963839975081,0.058727296031661824,0.6015601767520242,4.528997556369945,0.14690410269465162,0.1361434012013887,1.1003274154844698,0.14366404258564908,0.13290938233699323,1.1062732343567505,435,0.143603,0.132875,0.011314,571,5.1281,495.629898,0,0.873,0.992,11480.0,0.003623,5,/home/melody/code/individual_project/channel_selection_results/step_k_unet_enc0_direct_fullseq_greedy/artifacts/g_s03_k03_from_d10_d14_add_d00/replicate_0.all_frames.tum.txt,/home/melody/code/individual_project/channel_selection_results/step_k_unet_enc0_direct_fullseq_greedy/artifacts/g_s03_k03_from_d10_d14_add_d00/replicate_0.keyframes.tum.txt,/home/melody/code/individual_project/channel_selection_results/step_k_unet_enc0_direct_fullseq_greedy/artifacts/g_s03_k03_from_d10_d14_add_d00/replicate_0.log,2026-08-15T17:21:35.832568+00:00
g_s03_k03_from_d10_d14_add_d01,direct full-sequence ATE forward-greedy trial,"1,10,14","[1, 10, 14]",0,PASS,Completed the full matched RGB-D sequence,45.12409231599304,0,,,1305031473.1961,571,571,573,0.9965095986038395,0.1586580456641189,0.14889475066032917,0.1483109763393736,0.2500723066933622,0.0547971594132036,10.016961879669687,9.835129098909153,15.558543481331238,0.012658435085470373,0.2110923322258032,0.5505622940267306,2.4747654957488097,0.1436941522099271,0.13656419345810153,1.0849955165079106,0.14487613123243495,0.13643258402825667,1.0890546096716909,433,0.144899,0.136472,0.016349,571,4.775791,80.3817105,0,0.896,0.992,12590.0,0.002292,0,/home/melody/code/individual_project/channel_selection_results/step_k_unet_enc0_direct_fullseq_greedy/artifacts/g_s03_k03_from_d10_d14_add_d01/replicate_0.all_frames.tum.txt,/home/melody/code/individual_project/channel_selection_results/step_k_unet_enc0_direct_fullseq_greedy/artifacts/g_s03_k03_from_d10_d14_add_d01/replicate_0.keyframes.tum.txt,/home/melody/code/individual_project/channel_selection_results/step_k_unet_enc0_direct_fullseq_greedy/artifacts/g_s03_k03_from_d10_d14_add_d01/replicate_0.log,2026-08-15T17:22:21.605817+00:00
g_s03_k03_from_d10_d14_add_d03,direct full-sequence ATE forward-greedy trial,"3,10,14","[3, 10, 14]",0,PASS,Completed the full matched RGB-D sequence,44.76512042499962,0,,,1305031473.1961,571,571,573,0.9965095986038395,0.16289770013642832,0.1529300479507313,0.1572956951025093,0.3360584675653703,0.05610758543659442,8.961740353532411,8.826887040224795,11.568603634711652,0.009732888592847109,0.09397367061027043,0.6164498378378511,5.789519474864578,0.15072761187105893,0.13779179172403572,1.0776478173698023,0.14670524836617405,0.13292565250758198,1.0820759460299585,432,0.146705,0.132972,0.012407,571,4.223477,53.556171500000005,0,0.872,0.992,14350.0,0.003823,6,/home/melody/code/individual_project/channel_selection_results/step_k_unet_enc0_direct_fullseq_greedy/artifacts/g_s03_k03_from_d10_d14_add_d03/replicate_0.all_frames.tum.txt,/home/melody/code/individual_project/channel_selection_results/step_k_unet_enc0_direct_fullseq_greedy/artifacts/g_s03_k03_from_d10_d14_add_d03/replicate_0.keyframes.tum.txt,/home/melody/code/individual_project/channel_selection_results/step_k_unet_enc0_direct_fullseq_greedy/artifacts/g_s03_k03_from_d10_d14_add_d03/replicate_0.log,2026-08-15T17:23:07.033882+00:00
g_s03_k03_from_d10_d14_add_d04,direct full-sequence ATE forward-greedy trial,"4,10,14","[4, 10, 14]",0,PASS,Completed the full matched RGB-D sequence,45.17622114099504,0,,,1305031473.1961,571,571,573,0.9965095986038395,0.16265002601858847,0.15295728205893794,0.16088549748279574,0.26859636622832805,0.055309138747498196,9.473128460122414,9.040532822771027,16.046583296994292,0.012699933716949784,0.22356985793137085,0.5454869256025996,3.3538612085756485,0.1386124185725801,0.12490748854591004,1.1098919546974602,0.14373666143133182,0.13036082275194016,1.1133398825804939,437,0.143619,0.130246,0.015609,571,4.391082,64.4104655,0,0.898,0.993,12510.0,0.003432,0,/home/melody/code/individual_project/channel_selection_results/step_k_unet_enc0_direct_fullseq_greedy/artifacts/g_s03_k03_from_d10_d14_add_d04/replicate_0.all_frames.tum.txt,/home/melody/code/individual_project/channel_selection_results/step_k_unet_enc0_direct_fullseq_greedy/artifacts/g_s03_k03_from_d10_d14_add_d04/replicate_0.keyframes.tum.txt,/home/melody/code/individual_project/channel_selection_results/step_k_unet_enc0_direct_fullseq_greedy/artifacts/g_s03_k03_from_d10_d14_add_d04/replicate_0.log,2026-08-15T17:23:52.871382+00:00
g_s03_k03_from_d10_d14_add_d05,direct full-sequence ATE forward-greedy trial,"5,10,14","[5, 10, 14]",0,PASS,Completed the full matched RGB-D sequence,45.38576543900126,0,,,1305031473.1961,571,571,573,0.9965095986038395,0.15063589739679606,0.1458825465490636,0.1487648379425933,0.2275957935665197,0.03754272495302326,10.075549596565422,9.65728620768419,16.011050967675168,0.009110094324945,0.04458919879265568,0.5433247876097759,2.0210522867288234,0.1257416128426411,0.11906963454982432,1.1065467295256144,0.12655273919609117,0.11979851996142268,1.112526300979194,432,0.126482,0.119757,0.010929,571,5.498468,97.077202,0,0.897,0.993,20910.0,0.003095,0,/home/melody/code/individual_project/channel_selection_results/step_k_unet_enc0_direct_fullseq_greedy/artifacts/g_s03_k03_from_d10_d14_add_d05/replicate_0.all_frames.tum.txt,/home/melody/code/individual_project/channel_selection_results/step_k_unet_enc0_direct_fullseq_greedy/artifacts/g_s03_k03_from_d10_d14_add_d05/replicate_0.keyframes.tum.txt,/home/melody/code/individual_project/channel_selection_results/step_k_unet_enc0_direct_fullseq_greedy/artifacts/g_s03_k03_from_d10_d14_add_d05/replicate_0.log,2026-08-15T17:24:38.920561+00:00
g_s03_k03_from_d10_d14_add_d06,direct full-sequence ATE forward-greedy trial,"6,10,14","[6, 10, 14]",0,PASS,Completed the full matched RGB-D sequence,45.304272880995995,0,,,1305031473.1961,571,571,573,0.9965095986038395,0.1764333915867501,0.1634431530350096,0.1722297951966544,0.3295040160363606,0.06644604873713662,9.11386750073568,8.881224545609959,14.441704727889407,0.012819978973448654,0.1775504592322049,0.6712971499831165,6.739436297787299,0.16344955688615886,0.15188764504797814,1.0842309554406149,0.16497558321966657,0.1529241531743034,1.0877239838592239,436,0.164931,0.152921,0.016449,571,6.520877,337.5974425,0,0.897,0.993,5027.0,0.003078,0,/home/melody/code/individual_project/channel_selection_results/step_k_unet_enc0_direct_fullseq_greedy/artifacts/g_s03_k03_from_d10_d14_add_d06/replicate_0.all_frames.tum.txt,/home/melody/code/individual_project/channel_selection_results/step_k_unet_enc0_direct_fullseq_greedy/artifacts/g_s03_k03_from_d10_d14_add_d06/replicate_0.keyframes.tum.txt,/home/melody/code/individual_project/channel_selection_results/step_k_unet_enc0_direct_fullseq_greedy/artifacts/g_s03_k03_from_d10_d14_add_d06/replicate_0.log,2026-08-15T17:25:24.892171+00:00
g_s03_k03_from_d10_d14_add_d07,direct full-sequence ATE forward-greedy trial,"7,10,14","[7, 10, 14]",0,PASS,Completed the full matched RGB-D sequence,44.96062675199937,0,,,1305031473.1961,571,571,573,0.9965095986038395,0.14229378584939198,0.13498668294089775,0.14424020622386877,0.22501193338936054,0.04501240851105581,8.894317578307346,8.63699516231638,13.625850969101048,0.010939569041780412,0.13763960033194864,0.5717235094134849,5.253495139421241,0.11630248352247546,0.11083667081520794,1.104999950983167,0.11749571644544739,0.11120645917500661,1.108940878916832,434,0.117449,0.111177,0.013135,571,4.416616,59.9287035,0,0.897,0.992,12080.0,0.004187,0,/home/melody/code/individual_project/channel_selection_results/step_k_unet_enc0_direct_fullseq_greedy/artifacts/g_s03_k03_from_d10_d14_add_d07/replicate_0.all_frames.tum.txt,/home/melody/code/individual_project/channel_selection_results/step_k_unet_enc0_direct_fullseq_greedy/artifacts/g_s03_k03_from_d10_d14_add_d07/replicate_0.keyframes.tum.txt,/home/melody/code/individual_project/channel_selection_results/step_k_unet_enc0_direct_fullseq_greedy/artifacts/g_s03_k03_from_d10_d14_add_d07/replicate_0.log,2026-08-15T17:26:10.496428+00:00
g_s03_k03_from_d10_d14_add_d08,direct full-sequence ATE forward-greedy trial,"8,10,14","[8, 10, 14]",0,PASS,Completed the full matched RGB-D sequence,45.913965626008576,0,,,1305031473.1961,571,571,573,0.9965095986038395,0.185718788218509,0.1771768729162589,0.1863377299447593,0.2871985503728096,0.05567606308789479,11.191452397017096,10.785366097418935,18.276346529227478,0.01197847668502279,0.17019633213570592,0.5867751295917941,2.751698683379026,0.15590437753354772,0.14462575715635267,1.1335684393433074,0.1587999078893233,0.14761345984622684,1.1370356559209063,434,0.15867,0.1475,0.015007,571,6.914825,348.98329149999995,0,0.895,0.992,5792.0,0.002408,0,/home/melody/code/individual_project/channel_selection_results/step_k_unet_enc0_direct_fullseq_greedy/artifacts/g_s03_k03_from_d10_d14_add_d08/replicate_0.all_frames.tum.txt,/home/melody/code/individual_project/channel_selection_results/step_k_unet_enc0_direct_fullseq_greedy/artifacts/g_s03_k03_from_d10_d14_add_d08/replicate_0.keyframes.tum.txt,/home/melody/code/individual_project/channel_selection_results/step_k_unet_enc0_direct_fullseq_greedy/artifacts/g_s03_k03_from_d10_d14_add_d08/replicate_0.log,2026-08-15T17:26:57.065140+00:00
g_s03_k03_from_d10_d14_add_d09,direct full-sequence ATE forward-greedy trial,"9,10,14","[9, 10, 14]",0,PASS,Completed the full matched RGB-D sequence,45.064817723003216,0,,,1305031473.1961,571,571,573,0.9965095986038395,0.14711897244862365,0.14263407678063825,0.14588565852698065,0.22869065978312353,0.03604874748550744,9.303364411701265,9.071303641804853,13.064456655480388,0.008704040101250145,0.03627227595090084,0.5285604690684206,2.2334392916103107,0.1185252021597233,0.11028022044116445,1.1124099428742817,0.11497154427831535,0.10699193337986683,1.1178260135803135,436,0.114906,0.106947,0.010503,571,5.532385,79.03652199999999,0,0.873,0.993,7395.0,0.001724,0,/home/melody/code/individual_project/channel_selection_results/step_k_unet_enc0_direct_fullseq_greedy/artifacts/g_s03_k03_from_d10_d14_add_d09/replicate_0.all_frames.tum.txt,/home/melody/code/individual_project/channel_selection_results/step_k_unet_enc0_direct_fullseq_greedy/artifacts/g_s03_k03_from_d10_d14_add_d09/replicate_0.keyframes.tum.txt,/home/melody/code/individual_project/channel_selection_results/step_k_unet_enc0_direct_fullseq_greedy/artifacts/g_s03_k03_from_d10_d14_add_d09/replicate_0.log,2026-08-15T17:27:42.778676+00:00
g_s03_k03_from_d10_d14_add_d11,direct full-sequence ATE forward-greedy trial,"10,11,14","[10, 11, 14]",0,PASS,Completed the full matched RGB-D sequence,44.857192772993585,0,,,1305031473.1961,571,571,573,0.9965095986038395,0.13766469953839075,0.132271746963264,0.1358624284524689,0.23548349182353545,0.03815435039784672,9.286761285388128,9.0096622367384,13.196427364680714,0.009250681693475163,0.07332206874617878,0.5588818461365658,4.55882158203808,0.10636604079720653,0.09973788909178471,1.1125258961375821,0.10219694490743596,0.09533899788960234,1.1142416535366204,436,0.102135,0.095292,0.011683,571,4.670765,78.4195215,0,0.873,0.993,11470.0,0.002262,3,/home/melody/code/individual_project/channel_selection_results/step_k_unet_enc0_direct_fullseq_greedy/artifacts/g_s03_k03_from_d10_d14_add_d11/replicate_0.all_frames.tum.txt,/home/melody/code/individual_project/channel_selection_results/step_k_unet_enc0_direct_fullseq_greedy/artifacts/g_s03_k03_from_d10_d14_add_d11/replicate_0.keyframes.tum.txt,/home/melody/code/individual_project/channel_selection_results/step_k_unet_enc0_direct_fullseq_greedy/artifacts/g_s03_k03_from_d10_d14_add_d11/replicate_0.log,2026-08-15T17:28:28.285973+00:00
g_s03_k03_from_d10_d14_add_d12,direct full-sequence ATE forward-greedy trial,"10,12,14","[10, 12, 14]",0,PASS,Completed the full matched RGB-D sequence,44.635545167999226,0,,,1305031473.1961,571,571,573,0.9965095986038395,0.1334990051471249,0.12966406298174935,0.13032287817235785,0.22644254308387227,0.031768146724935324,8.092636702327928,7.844739150796763,11.332320744336792,0.008519280471253641,0.03526177933243667,0.5131394424710422,1.9941736120501679,0.10563702173909112,0.09824963964700376,1.104311551833014,0.10163363766047852,0.0947466680974782,1.109530329251748,437,0.101569,0.0947,0.010158,571,4.822354,90.3430255,0,0.873,0.992,13100.0,0.003723,0,/home/melody/code/individual_project/channel_selection_results/step_k_unet_enc0_direct_fullseq_greedy/artifacts/g_s03_k03_from_d10_d14_add_d12/replicate_0.all_frames.tum.txt,/home/melody/code/individual_project/channel_selection_results/step_k_unet_enc0_direct_fullseq_greedy/artifacts/g_s03_k03_from_d10_d14_add_d12/replicate_0.keyframes.tum.txt,/home/melody/code/individual_project/channel_selection_results/step_k_unet_enc0_direct_fullseq_greedy/artifacts/g_s03_k03_from_d10_d14_add_d12/replicate_0.log,2026-08-15T17:29:13.569845+00:00
g_s03_k03_from_d10_d14_add_d13,direct full-sequence ATE forward-greedy trial,"10,13,14","[10, 13, 14]",0,PASS,Completed the full matched RGB-D sequence,44.58924448299513,0,,,1305031473.1961,571,571,573,0.9965095986038395,0.16217982803022907,0.15575003342618732,0.1627482185241813,0.28554245447111226,0.04521309221515611,9.562356868558307,9.059225589872678,15.598456332998225,0.010684237290655546,0.13106904411604858,0.6389941551368006,7.853260561380918,0.13544232659457106,0.12964337145706858,1.1157353631070264,0.13553031676817853,0.1301131465718091,1.1206632185999523,435,0.135469,0.130086,0.0132,571,4.564178,77.633961,0,0.897,0.992,13710.0,0.003296,0,/home/melody/code/individual_project/channel_selection_results/step_k_unet_enc0_direct_fullseq_greedy/artifacts/g_s03_k03_from_d10_d14_add_d13/replicate_0.all_frames.tum.txt,/home/melody/code/individual_project/channel_selection_results/step_k_unet_enc0_direct_fullseq_greedy/artifacts/g_s03_k03_from_d10_d14_add_d13/replicate_0.keyframes.tum.txt,/home/melody/code/individual_project/channel_selection_results/step_k_unet_enc0_direct_fullseq_greedy/artifacts/g_s03_k03_from_d10_d14_add_d13/replicate_0.log,2026-08-15T17:29:58.820221+00:00
g_s03_k03_from_d10_d14_add_d15,direct full-sequence ATE forward-greedy trial,"10,14,15","[10, 14, 15]",0,PASS,Completed the full matched RGB-D sequence,45.6781646090094,0,,,1305031473.1961,571,571,573,0.9965095986038395,0.18131796971815692,0.16896888774820557,0.15826234822770516,0.36014462022154764,0.06577021450359413,10.151100542489388,9.995333500306097,12.951051906240403,0.01060293491271681,0.10565009052288067,0.621678580698387,5.944940610692726,0.17311875143730637,0.1623156483607663,1.067445612537938,0.17202366969019914,0.1594391691459464,1.0727083240540523,434,0.172111,0.159565,0.013577,571,6.408912,378.543472,0,0.821,0.992,5007.0,0.002555,0,/home/melody/code/individual_project/channel_selection_results/step_k_unet_enc0_direct_fullseq_greedy/artifacts/g_s03_k03_from_d10_d14_add_d15/replicate_0.all_frames.tum.txt,/home/melody/code/individual_project/channel_selection_results/step_k_unet_enc0_direct_fullseq_greedy/artifacts/g_s03_k03_from_d10_d14_add_d15/replicate_0.keyframes.tum.txt,/home/melody/code/individual_project/channel_selection_results/step_k_unet_enc0_direct_fullseq_greedy/artifacts/g_s03_k03_from_d10_d14_add_d15/replicate_0.log,2026-08-15T17:30:45.164128+00:00
g_s03_k04_from_d10_d12_d14_add_d00,direct full-sequence ATE forward-greedy trial,"0,10,12,14","[0, 10, 12, 14]",0,PASS,Completed the full matched RGB-D sequence,45.35650755900133,0,,,1305031473.1961,571,571,573,0.9965095986038395,0.1615023225558412,0.15445690697252107,0.15796963340659426,0.29771002178020906,0.04718118353128664,8.974270931513646,8.721853474801833,13.823268622828326,0.009109483944728162,0.05364016466970857,0.5410473526055154,2.973614501600634,0.1433591391996901,0.13541232384196888,1.0948227878872439,0.1407390478485744,0.13197484871667084,1.1002924773979958,435,0.140752,0.13202,0.010856,571,7.146614,114.5929335,0,0.874,0.992,11910.0,0.003037,0,/home/melody/code/individual_project/channel_selection_results/step_k_unet_enc0_direct_fullseq_greedy/artifacts/g_s03_k04_from_d10_d12_d14_add_d00/replicate_0.all_frames.tum.txt,/home/melody/code/individual_project/channel_selection_results/step_k_unet_enc0_direct_fullseq_greedy/artifacts/g_s03_k04_from_d10_d12_d14_add_d00/replicate_0.keyframes.tum.txt,/home/melody/code/individual_project/channel_selection_results/step_k_unet_enc0_direct_fullseq_greedy/artifacts/g_s03_k04_from_d10_d12_d14_add_d00/replicate_0.log,2026-08-15T17:31:31.191110+00:00
g_s03_k04_from_d10_d12_d14_add_d01,direct full-sequence ATE forward-greedy trial,"1,10,12,14","[1, 10, 12, 14]",0,PASS,Completed the full matched RGB-D sequence,44.808687772994745,0,,,1305031473.1961,571,571,573,0.9965095986038395,0.13924854117326016,0.1321977420487789,0.13932206230536776,0.21456033941573957,0.0437482938648542,8.748978810304036,8.556586049214632,12.571454332591534,0.010365152175209101,0.13456284540361738,0.5435277924506056,2.749935075968767,0.11534998025917872,0.1118680881342451,1.099379996364693,0.1141057186441376,0.10906204872160066,1.1037368291279444,435,0.114087,0.109053,0.013312,571,6.649841,85.5952875,0,0.897,0.992,13340.0,0.001948,0,/home/melody/code/individual_project/channel_selection_results/step_k_unet_enc0_direct_fullseq_greedy/artifacts/g_s03_k04_from_d10_d12_d14_add_d01/replicate_0.all_frames.tum.txt,/home/melody/code/individual_project/channel_selection_results/step_k_unet_enc0_direct_fullseq_greedy/artifacts/g_s03_k04_from_d10_d12_d14_add_d01/replicate_0.keyframes.tum.txt,/home/melody/code/individual_project/channel_selection_results/step_k_unet_enc0_direct_fullseq_greedy/artifacts/g_s03_k04_from_d10_d12_d14_add_d01/replicate_0.log,2026-08-15T17:32:16.654549+00:00
g_s03_k04_from_d10_d12_d14_add_d02,direct full-sequence ATE forward-greedy trial,"2,10,12,14","[2, 10, 12, 14]",0,PASS,Completed the full matched RGB-D sequence,43.842561177007155,0,,,1305031473.1961,571,571,573,0.9965095986038395,0.12968215733209892,0.12323703442414409,0.12402076923715878,0.22859443153267126,0.040374438406615434,8.996243153558495,8.870752959590607,12.31160789557028,0.008725769553082005,0.03679718231805683,0.5243254238926875,2.004478237999656,0.11075418655342463,0.10292669696286105,1.0847450347078818,0.10496105725243321,0.09627366077619885,1.0918897691506806,432,0.105006,0.096331,0.010922,571,6.509192,57.563517,0,0.871,0.992,12240.0,0.004314,0,/home/melody/code/individual_project/channel_selection_results/step_k_unet_enc0_direct_fullseq_greedy/artifacts/g_s03_k04_from_d10_d12_d14_add_d02/replicate_0.all_frames.tum.txt,/home/melody/code/individual_project/channel_selection_results/step_k_unet_enc0_direct_fullseq_greedy/artifacts/g_s03_k04_from_d10_d12_d14_add_d02/replicate_0.keyframes.tum.txt,/home/melody/code/individual_project/channel_selection_results/step_k_unet_enc0_direct_fullseq_greedy/artifacts/g_s03_k04_from_d10_d12_d14_add_d02/replicate_0.log,2026-08-15T17:33:01.152364+00:00
g_s03_k04_from_d10_d12_d14_add_d03,direct full-sequence ATE forward-greedy trial,"3,10,12,14","[3, 10, 12, 14]",0,PASS,Completed the full matched RGB-D sequence,44.46366497199051,0,,,1305031473.1961,571,571,573,0.9965095986038395,0.12624329867659329,0.1199935456690247,0.12004966398248924,0.22090971949110502,0.03922906395165735,8.595721102952348,8.480442345503207,11.308977759901047,0.008898812415057177,0.07187361602817241,0.5382152722568958,4.562417340200624,0.10525939401824011,0.09626675913892212,1.0877263234794747,0.09844338249102197,0.08867730665133251,1.0925994132940706,437,0.098462,0.088704,0.011222,571,6.130729,53.4080295,0,0.872,0.993,11840.0,0.001913,0,/home/melody/code/individual_project/channel_selection_results/step_k_unet_enc0_direct_fullseq_greedy/artifacts/g_s03_k04_from_d10_d12_d14_add_d03/replicate_0.all_frames.tum.txt,/home/melody/code/individual_project/channel_selection_results/step_k_unet_enc0_direct_fullseq_greedy/artifacts/g_s03_k04_from_d10_d12_d14_add_d03/replicate_0.keyframes.tum.txt,/home/melody/code/individual_project/channel_selection_results/step_k_unet_enc0_direct_fullseq_greedy/artifacts/g_s03_k04_from_d10_d12_d14_add_d03/replicate_0.log,2026-08-15T17:33:46.277732+00:00
g_s03_k04_from_d10_d12_d14_add_d04,direct full-sequence ATE forward-greedy trial,"4,10,12,14","[4, 10, 12, 14]",0,PASS,Completed the full matched RGB-D sequence,44.84121568700357,0,,,1305031473.1961,571,571,573,0.9965095986038395,0.14518810671971472,0.1364422011697536,0.13531776007200738,0.289145558373085,0.049629749876538266,8.663491923283468,8.516306724211809,11.313465608772324,0.009218748332119024,0.05579755384719662,0.6067204996369934,6.411922772391673,0.13519921174270969,0.12492073214814685,1.065571163476666,0.13175847049128853,0.12033145085864366,1.0727603331384694,434,0.13182,0.120434,0.011675,571,6.232755,58.670027000000005,0,0.872,0.992,12550.0,0.00369,0,/home/melody/code/individual_project/channel_selection_results/step_k_unet_enc0_direct_fullseq_greedy/artifacts/g_s03_k04_from_d10_d12_d14_add_d04/replicate_0.all_frames.tum.txt,/home/melody/code/individual_project/channel_selection_results/step_k_unet_enc0_direct_fullseq_greedy/artifacts/g_s03_k04_from_d10_d12_d14_add_d04/replicate_0.keyframes.tum.txt,/home/melody/code/individual_project/channel_selection_results/step_k_unet_enc0_direct_fullseq_greedy/artifacts/g_s03_k04_from_d10_d12_d14_add_d04/replicate_0.log,2026-08-15T17:34:31.768828+00:00
g_s03_k04_from_d10_d12_d14_add_d05,direct full-sequence ATE forward-greedy trial,"5,10,12,14","[5, 10, 12, 14]",0,PASS,Completed the full matched RGB-D sequence,44.9912867279927,0,,,1305031473.1961,571,571,573,0.9965095986038395,0.13454554673876093,0.13040765170900492,0.12988208161618375,0.2046472281890813,0.0331111540568275,8.941693958974422,8.64817978349573,13.133565440991786,0.00858689527173354,0.03593937941358284,0.5197291940033301,2.0154484772989902,0.11055613983136472,0.10438563003380089,1.0974518582091426,0.10968138544515371,0.10350354399418835,1.1038677925304332,431,0.109615,0.103461,0.010375,571,7.383539,66.686722,0,0.872,0.992,19880.0,0.002234,0,/home/melody/code/individual_project/channel_selection_results/step_k_unet_enc0_direct_fullseq_greedy/artifacts/g_s03_k04_from_d10_d12_d14_add_d05/replicate_0.all_frames.tum.txt,/home/melody/code/individual_project/channel_selection_results/step_k_unet_enc0_direct_fullseq_greedy/artifacts/g_s03_k04_from_d10_d12_d14_add_d05/replicate_0.keyframes.tum.txt,/home/melody/code/individual_project/channel_selection_results/step_k_unet_enc0_direct_fullseq_greedy/artifacts/g_s03_k04_from_d10_d12_d14_add_d05/replicate_0.log,2026-08-15T17:35:17.412916+00:00
g_s03_k04_from_d10_d12_d14_add_d06,direct full-sequence ATE forward-greedy trial,"6,10,12,14","[6, 10, 12, 14]",0,PASS,Completed the full matched RGB-D sequence,44.82856800299487,0,,,1305031473.1961,571,571,573,0.9965095986038395,0.15354330252970308,0.14255492646627738,0.12330325742276538,0.27499834767335435,0.057040675766703346,9.32258917679246,9.055730262619683,15.220383382390134,0.012733932426583184,0.1863290550176292,0.6041094555335895,6.357349593397086,0.13822434532499817,0.12993561795428002,1.0843401157768149,0.13686377814255474,0.1270686134955198,1.0887127194865747,432,0.13686,0.127066,0.01652,571,8.489162,94.1041415,0,0.897,0.993,7917.0,0.002678,0,/home/melody/code/individual_project/channel_selection_results/step_k_unet_enc0_direct_fullseq_greedy/artifacts/g_s03_k04_from_d10_d12_d14_add_d06/replicate_0.all_frames.tum.txt,/home/melody/code/individual_project/channel_selection_results/step_k_unet_enc0_direct_fullseq_greedy/artifacts/g_s03_k04_from_d10_d12_d14_add_d06/replicate_0.keyframes.tum.txt,/home/melody/code/individual_project/channel_selection_results/step_k_unet_enc0_direct_fullseq_greedy/artifacts/g_s03_k04_from_d10_d12_d14_add_d06/replicate_0.log,2026-08-15T17:36:02.893910+00:00
g_s03_k04_from_d10_d12_d14_add_d07,direct full-sequence ATE forward-greedy trial,"7,10,12,14","[7, 10, 12, 14]",0,PASS,Completed the full matched RGB-D sequence,44.683250187008525,0,,,1305031473.1961,571,571,573,0.9965095986038395,0.1408239053330823,0.13751173941017802,0.13699067545344476,0.23616297830016017,0.030362704715624873,8.24673591522262,7.985695603067315,11.72661922190049,0.00876669855974023,0.05571707454266937,0.5209953592199835,2.690758049960438,0.11494911675040266,0.10800734144302508,1.1040824986446331,0.11341019218648785,0.10623668280473136,1.1097576118699088,431,0.113348,0.106185,0.010469,571,6.241068,55.58622,0,0.873,0.993,13580.0,0.002341,0,/home/melody/code/individual_project/channel_selection_results/step_k_unet_enc0_direct_fullseq_greedy/artifacts/g_s03_k04_from_d10_d12_d14_add_d07/replicate_0.all_frames.tum.txt,/home/melody/code/individual_project/channel_selection_results/step_k_unet_enc0_direct_fullseq_greedy/artifacts/g_s03_k04_from_d10_d12_d14_add_d07/replicate_0.keyframes.tum.txt,/home/melody/code/individual_project/channel_selection_results/step_k_unet_enc0_direct_fullseq_greedy/artifacts/g_s03_k04_from_d10_d12_d14_add_d07/replicate_0.log,2026-08-15T17:36:48.234358+00:00
g_s03_k04_from_d10_d12_d14_add_d08,direct full-sequence ATE forward-greedy trial,"8,10,12,14","[8, 10, 12, 14]",0,PASS,Completed the full matched RGB-D sequence,45.33439324700157,0,,,1305031473.1961,571,571,573,0.9965095986038395,0.17903437280758727,0.16881857348852775,0.16658312318561683,0.3613089351643886,0.059612044855924085,8.60892969002541,8.32481805417055,12.51085406999393,0.009734240999482925,0.0712565180960506,0.599819862294583,5.630997454295147,0.166698427501369,0.1553523969217262,1.0827539652131455,0.16577033511940645,0.15361972597323365,1.0862312041831965,435,0.165789,0.153691,0.012005,571,8.738509,100.58036,0,0.881,0.992,8490.0,0.003536,0,/home/melody/code/individual_project/channel_selection_results/step_k_unet_enc0_direct_fullseq_greedy/artifacts/g_s03_k04_from_d10_d12_d14_add_d08/replicate_0.all_frames.tum.txt,/home/melody/code/individual_project/channel_selection_results/step_k_unet_enc0_direct_fullseq_greedy/artifacts/g_s03_k04_from_d10_d12_d14_add_d08/replicate_0.keyframes.tum.txt,/home/melody/code/individual_project/channel_selection_results/step_k_unet_enc0_direct_fullseq_greedy/artifacts/g_s03_k04_from_d10_d12_d14_add_d08/replicate_0.log,2026-08-15T17:37:34.223506+00:00
g_s03_k04_from_d10_d12_d14_add_d09,direct full-sequence ATE forward-greedy trial,"9,10,12,14","[9, 10, 12, 14]",0,PASS,Completed the full matched RGB-D sequence,45.07430095599557,0,,,1305031473.1961,571,571,573,0.9965095986038395,0.13333777596733826,0.1295069792966447,0.13252038253426282,0.21659530261536716,0.03173176347722476,8.25476512391241,8.027593694734493,11.180709666956835,0.008445866506543236,0.036096334945419147,0.5139111158650164,2.183135681907067,0.10530701909487822,0.0975969646329247,1.1045358466473019,0.1014436170453757,0.0939454100276527,1.109678880178188,436,0.101384,0.093904,0.010155,571,7.662897,76.5441705,0,0.877,0.992,9130.0,0.002325,0,/home/melody/code/individual_project/channel_selection_results/step_k_unet_enc0_direct_fullseq_greedy/artifacts/g_s03_k04_from_d10_d12_d14_add_d09/replicate_0.all_frames.tum.txt,/home/melody/code/individual_project/channel_selection_results/step_k_unet_enc0_direct_fullseq_greedy/artifacts/g_s03_k04_from_d10_d12_d14_add_d09/replicate_0.keyframes.tum.txt,/home/melody/code/individual_project/channel_selection_results/step_k_unet_enc0_direct_fullseq_greedy/artifacts/g_s03_k04_from_d10_d12_d14_add_d09/replicate_0.log,2026-08-15T17:38:19.956173+00:00
g_s03_k04_from_d10_d12_d14_add_d11,direct full-sequence ATE forward-greedy trial,"10,11,12,14","[10, 11, 12, 14]",0,PASS,Completed the full matched RGB-D sequence,44.773356189994956,0,,,1305031473.1961,571,571,573,0.9965095986038395,0.16218441169076353,0.15176367852056372,0.1587408750425726,0.25736169923549107,0.05719763349463037,11.630382847250505,11.249921137003025,17.991672117922615,0.012829056222302892,0.2119586447746898,0.5678529626943929,3.092886415937227,0.14037308686700434,0.13112362090666427,1.1044218791303226,0.1441868239144069,0.13374505742985934,1.1078111299229825,432,0.144154,0.133718,0.017111,571,6.468724,69.28911199999999,0,0.896,0.992,12630.0,0.00326,0,/home/melody/code/individual_project/channel_selection_results/step_k_unet_enc0_direct_fullseq_greedy/artifacts/g_s03_k04_from_d10_d12_d14_add_d11/replicate_0.all_frames.tum.txt,/home/melody/code/individual_project/channel_selection_results/step_k_unet_enc0_direct_fullseq_greedy/artifacts/g_s03_k04_from_d10_d12_d14_add_d11/replicate_0.keyframes.tum.txt,/home/melody/code/individual_project/channel_selection_results/step_k_unet_enc0_direct_fullseq_greedy/artifacts/g_s03_k04_from_d10_d12_d14_add_d11/replicate_0.log,2026-08-15T17:39:05.386670+00:00
g_s03_k04_from_d10_d12_d14_add_d13,direct full-sequence ATE forward-greedy trial,"10,12,13,14","[10, 12, 13, 14]",0,PASS,Completed the full matched RGB-D sequence,44.29901918400719,0,,,1305031473.1961,571,571,573,0.9965095986038395,0.16480325892572728,0.15914930756151274,0.15262530503895994,0.31847923226588754,0.04279733701097926,8.506665857501373,8.130133493043935,13.481340538763403,0.008722166455325801,0.059381783611045715,0.5877239669756574,6.993337104897658,0.14518091455088214,0.13217535959714324,1.0999376202412359,0.1425008648191708,0.13021890751830142,1.1056358364105208,436,0.142414,0.130142,0.01057,571,6.401281,80.4123535,0,0.871,0.992,12430.0,0.002338,0,/home/melody/code/individual_project/channel_selection_results/step_k_unet_enc0_direct_fullseq_greedy/artifacts/g_s03_k04_from_d10_d12_d14_add_d13/replicate_0.all_frames.tum.txt,/home/melody/code/individual_project/channel_selection_results/step_k_unet_enc0_direct_fullseq_greedy/artifacts/g_s03_k04_from_d10_d12_d14_add_d13/replicate_0.keyframes.tum.txt,/home/melody/code/individual_project/channel_selection_results/step_k_unet_enc0_direct_fullseq_greedy/artifacts/g_s03_k04_from_d10_d12_d14_add_d13/replicate_0.log,2026-08-15T17:39:50.360004+00:00
g_s03_k04_from_d10_d12_d14_add_d15,direct full-sequence ATE forward-greedy trial,"10,12,14,15","[10, 12, 14, 15]",0,PASS,Completed the full matched RGB-D sequence,45.26267181400908,0,,,1305031473.1961,571,571,573,0.9965095986038395,0.1539318990372733,0.14408552314361425,0.1516774779027853,0.26262807437335595,0.054170024567580674,10.268005361658494,10.016610252560243,15.31582680946569,0.01107949968284474,0.1249462309154903,0.5957120622462971,5.1010214315568625,0.13528628248149813,0.1297062851623323,1.0933606925231838,0.1366180581856117,0.12996565735551577,1.0967599567470954,435,0.136611,0.129972,0.014114,571,8.248783,104.5369375,0,0.897,0.992,7789.0,0.002766,0,/home/melody/code/individual_project/channel_selection_results/step_k_unet_enc0_direct_fullseq_greedy/artifacts/g_s03_k04_from_d10_d12_d14_add_d15/replicate_0.all_frames.tum.txt,/home/melody/code/individual_project/channel_selection_results/step_k_unet_enc0_direct_fullseq_greedy/artifacts/g_s03_k04_from_d10_d12_d14_add_d15/replicate_0.keyframes.tum.txt,/home/melody/code/individual_project/channel_selection_results/step_k_unet_enc0_direct_fullseq_greedy/artifacts/g_s03_k04_from_d10_d12_d14_add_d15/replicate_0.log,2026-08-15T17:40:36.274837+00:00
g_s03_k05_from_d03_d10_d12_d14_add_d00,direct full-sequence ATE forward-greedy trial,"0,3,10,12,14","[0, 3, 10, 12, 14]",0,PASS,Completed the full matched RGB-D sequence,44.94566090199805,0,,,1305031473.1961,571,571,573,0.9965095986038395,0.151893803731278,0.14097889898996507,0.12827083893601599,0.2835991175284065,0.056539169179721994,9.411484568989234,9.227335639167672,13.983656113968873,0.009387945123480743,0.08977520187913816,0.5630376382355241,5.59942590519469,0.13877822705046372,0.12692256631063628,1.07740229020652,0.13339382894385396,0.12011385389351655,1.082829380634713,436,0.133461,0.12021,0.012038,571,8.321106,76.623726,0,0.874,0.993,10690.0,0.002093,0,/home/melody/code/individual_project/channel_selection_results/step_k_unet_enc0_direct_fullseq_greedy/artifacts/g_s03_k05_from_d03_d10_d12_d14_add_d00/replicate_0.all_frames.tum.txt,/home/melody/code/individual_project/channel_selection_results/step_k_unet_enc0_direct_fullseq_greedy/artifacts/g_s03_k05_from_d03_d10_d12_d14_add_d00/replicate_0.keyframes.tum.txt,/home/melody/code/individual_project/channel_selection_results/step_k_unet_enc0_direct_fullseq_greedy/artifacts/g_s03_k05_from_d03_d10_d12_d14_add_d00/replicate_0.log,2026-08-15T17:41:21.885674+00:00
g_s03_k05_from_d03_d10_d12_d14_add_d01,direct full-sequence ATE forward-greedy trial,"1,3,10,12,14","[1, 3, 10, 12, 14]",0,PASS,Completed the full matched RGB-D sequence,44.63800122101384,0,,,1305031473.1961,571,571,573,0.9965095986038395,0.18362881044296375,0.1699461146610252,0.15760158880921948,0.36315996842047776,0.06955471325740332,10.14997599040976,9.749789748637271,16.752207778440173,0.012461799325322905,0.19806996136405855,0.6590363122961529,9.152185552078077,0.17001667723807704,0.1557682962990231,1.0884484210764784,0.171900003656664,0.15763438448077047,1.093580183904722,435,0.171877,0.157655,0.015559,571,7.949642,63.569953999999996,0,0.897,0.993,11980.0,0.002759,0,/home/melody/code/individual_project/channel_selection_results/step_k_unet_enc0_direct_fullseq_greedy/artifacts/g_s03_k05_from_d03_d10_d12_d14_add_d01/replicate_0.all_frames.tum.txt,/home/melody/code/individual_project/channel_selection_results/step_k_unet_enc0_direct_fullseq_greedy/artifacts/g_s03_k05_from_d03_d10_d12_d14_add_d01/replicate_0.keyframes.tum.txt,/home/melody/code/individual_project/channel_selection_results/step_k_unet_enc0_direct_fullseq_greedy/artifacts/g_s03_k05_from_d03_d10_d12_d14_add_d01/replicate_0.log,2026-08-15T17:42:07.182560+00:00
g_s03_k05_from_d03_d10_d12_d14_add_d04,direct full-sequence ATE forward-greedy trial,"3,4,10,12,14","[3, 4, 10, 12, 14]",0,PASS,Completed the full matched RGB-D sequence,44.38679976700223,0,,,1305031473.1961,571,571,573,0.9965095986038395,0.14644575899706608,0.13662827693153906,0.12838002048114744,0.2760474597602722,0.05271692584877676,9.103681134818581,8.966009162846444,12.239550917652664,0.00929174904400262,0.06061251678207873,0.547510085687594,3.26958780030135,0.13709124791890812,0.12641580005200356,1.0637216868480457,0.13326794592600646,0.1210649024137441,1.0687082296687938,438,0.133352,0.121187,0.012069,571,7.559172,51.081974,0,0.872,0.993,11550.0,0.003154,0,/home/melody/code/individual_project/channel_selection_results/step_k_unet_enc0_direct_fullseq_greedy/artifacts/g_s03_k05_from_d03_d10_d12_d14_add_d04/replicate_0.all_frames.tum.txt,/home/melody/code/individual_project/channel_selection_results/step_k_unet_enc0_direct_fullseq_greedy/artifacts/g_s03_k05_from_d03_d10_d12_d14_add_d04/replicate_0.keyframes.tum.txt,/home/melody/code/individual_project/channel_selection_results/step_k_unet_enc0_direct_fullseq_greedy/artifacts/g_s03_k05_from_d03_d10_d12_d14_add_d04/replicate_0.log,2026-08-15T17:42:52.253137+00:00
g_s03_k05_from_d03_d10_d12_d14_add_d05,direct full-sequence ATE forward-greedy trial,"3,5,10,12,14","[3, 5, 10, 12, 14]",0,PASS,Completed the full matched RGB-D sequence,44.53731214499567,0,,,1305031473.1961,571,571,573,0.9965095986038395,0.1383810080246299,0.13049840149334474,0.1422240975766643,0.2151800604412362,0.04603770834429632,9.160317254379642,8.840148632018778,14.599045979919582,0.011148896346996603,0.15435421213282688,0.5629681209543217,4.770865465474479,0.1165238589663071,0.11107426931822656,1.0947113834888185,0.11761247384628147,0.11095395733804421,1.0994434233190742,435,0.117562,0.110916,0.013756,571,8.603044,54.397380999999996,0,0.897,0.993,17490.0,0.00206,0,/home/melody/code/individual_project/channel_selection_results/step_k_unet_enc0_direct_fullseq_greedy/artifacts/g_s03_k05_from_d03_d10_d12_d14_add_d05/replicate_0.all_frames.tum.txt,/home/melody/code/individual_project/channel_selection_results/step_k_unet_enc0_direct_fullseq_greedy/artifacts/g_s03_k05_from_d03_d10_d12_d14_add_d05/replicate_0.keyframes.tum.txt,/home/melody/code/individual_project/channel_selection_results/step_k_unet_enc0_direct_fullseq_greedy/artifacts/g_s03_k05_from_d03_d10_d12_d14_add_d05/replicate_0.log,2026-08-15T17:43:37.458034+00:00
g_s03_k05_from_d03_d10_d12_d14_add_d06,direct full-sequence ATE forward-greedy trial,"3,6,10,12,14","[3, 6, 10, 12, 14]",0,PASS,Completed the full matched RGB-D sequence,44.78038076100347,0,,,1305031473.1961,571,571,573,0.9965095986038395,0.13336382822177809,0.12654264323097802,0.1365520157835024,0.2213798677220435,0.04210546427823042,9.042250709199024,8.756891494798106,12.929713024185068,0.012153922995996795,0.1942747861511873,0.567376447921253,3.973569827854016,0.10747338949334279,0.0996817563444897,1.1005972301653608,0.10858675691033066,0.09995076222598535,1.1008195249639163,436,0.108418,0.099769,0.015688,571,9.282014,73.1896365,0,0.897,0.993,8276.0,0.002165,0,/home/melody/code/individual_project/channel_selection_results/step_k_unet_enc0_direct_fullseq_greedy/artifacts/g_s03_k05_from_d03_d10_d12_d14_add_d06/replicate_0.all_frames.tum.txt,/home/melody/code/individual_project/channel_selection_results/step_k_unet_enc0_direct_fullseq_greedy/artifacts/g_s03_k05_from_d03_d10_d12_d14_add_d06/replicate_0.keyframes.tum.txt,/home/melody/code/individual_project/channel_selection_results/step_k_unet_enc0_direct_fullseq_greedy/artifacts/g_s03_k05_from_d03_d10_d12_d14_add_d06/replicate_0.log,2026-08-15T17:44:22.900886+00:00
g_s03_k05_from_d03_d10_d12_d14_add_d07,direct full-sequence ATE forward-greedy trial,"3,7,10,12,14","[3, 7, 10, 12, 14]",0,PASS,Completed the full matched RGB-D sequence,44.3824049429968,0,,,1305031473.1961,571,571,573,0.9965095986038395,0.13955432844880628,0.131326158478476,0.1416889775159674,0.22219017989813974,0.04721070522755933,8.427709673961415,8.144846059018839,12.415330069797973,0.012544279080246828,0.2101737111195868,0.5509939689252951,3.3581838825527255,0.1167246814797512,0.10854779840136407,1.0972874745158128,0.11963618848336663,0.11133956795134693,1.1001223329468264,432,0.119525,0.111222,0.015809,571,7.569734,45.695420999999996,0,0.897,0.993,13620.0,0.002519,0,/home/melody/code/individual_project/channel_selection_results/step_k_unet_enc0_direct_fullseq_greedy/artifacts/g_s03_k05_from_d03_d10_d12_d14_add_d07/replicate_0.all_frames.tum.txt,/home/melody/code/individual_project/channel_selection_results/step_k_unet_enc0_direct_fullseq_greedy/artifacts/g_s03_k05_from_d03_d10_d12_d14_add_d07/replicate_0.keyframes.tum.txt,/home/melody/code/individual_project/channel_selection_results/step_k_unet_enc0_direct_fullseq_greedy/artifacts/g_s03_k05_from_d03_d10_d12_d14_add_d07/replicate_0.log,2026-08-15T17:45:07.938596+00:00
g_s03_k05_from_d03_d10_d12_d14_add_d08,direct full-sequence ATE forward-greedy trial,"3,8,10,12,14","[3, 8, 10, 12, 14]",0,PASS,Completed the full matched RGB-D sequence,44.690908854987356,0,,,1305031473.1961,571,571,573,0.9965095986038395,0.14193870647383444,0.13486127150081567,0.13184832707085897,0.2287323035309417,0.044260974284900376,9.154527780908614,8.906925258433537,14.388494185684126,0.012536928088376,0.19491987231498134,0.5857984570707138,6.505919667255342,0.12041898169094666,0.11467029139477922,1.0954663784193825,0.12025723996888586,0.11318700427122423,1.0974414069212215,437,0.120171,0.11309,0.016136,571,9.595463,78.853054,0,0.896,0.993,8019.0,0.00159,0,/home/melody/code/individual_project/channel_selection_results/step_k_unet_enc0_direct_fullseq_greedy/artifacts/g_s03_k05_from_d03_d10_d12_d14_add_d08/replicate_0.all_frames.tum.txt,/home/melody/code/individual_project/channel_selection_results/step_k_unet_enc0_direct_fullseq_greedy/artifacts/g_s03_k05_from_d03_d10_d12_d14_add_d08/replicate_0.keyframes.tum.txt,/home/melody/code/individual_project/channel_selection_results/step_k_unet_enc0_direct_fullseq_greedy/artifacts/g_s03_k05_from_d03_d10_d12_d14_add_d08/replicate_0.log,2026-08-15T17:45:53.288630+00:00
g_s03_k05_from_d03_d10_d12_d14_add_d09,direct full-sequence ATE forward-greedy trial,"3,9,10,12,14","[3, 9, 10, 12, 14]",0,PASS,Completed the full matched RGB-D sequence,44.08211821799341,0,,,1305031473.1961,571,571,573,0.9965095986038395,0.13872879540261313,0.13224570631679503,0.13526982703701548,0.19964997069456417,0.04191362349680708,9.607428146638137,9.268979466911384,13.05000028802375,0.011645217361231145,0.1844429774279822,0.5441909997025957,2.982940836891107,0.10598171667449632,0.0975025835514618,1.1155693446738006,0.10853842346467109,0.09988462424521635,1.1170438027141565,435,0.108302,0.099656,0.014804,571,8.703212,55.5541515,0,0.897,0.992,10280.0,0.003518,0,/home/melody/code/individual_project/channel_selection_results/step_k_unet_enc0_direct_fullseq_greedy/artifacts/g_s03_k05_from_d03_d10_d12_d14_add_d09/replicate_0.all_frames.tum.txt,/home/melody/code/individual_project/channel_selection_results/step_k_unet_enc0_direct_fullseq_greedy/artifacts/g_s03_k05_from_d03_d10_d12_d14_add_d09/replicate_0.keyframes.tum.txt,/home/melody/code/individual_project/channel_selection_results/step_k_unet_enc0_direct_fullseq_greedy/artifacts/g_s03_k05_from_d03_d10_d12_d14_add_d09/replicate_0.log,2026-08-15T17:46:38.029691+00:00
g_s03_k05_from_d03_d10_d12_d14_add_d11,direct full-sequence ATE forward-greedy trial,"3,10,11,12,14","[3, 10, 11, 12, 14]",0,PASS,Completed the full matched RGB-D sequence,44.20468436599185,0,,,1305031473.1961,571,571,573,0.9965095986038395,0.14361392953838995,0.1336595100571761,0.1274833189655015,0.2733409424257664,0.05253661702787176,8.994779072048896,8.846174497822222,12.264245151942374,0.01243097222788505,0.1803038839050708,0.6333868636435575,6.100333948154111,0.12553762742918764,0.11790525222176054,1.088100074476773,0.12451742078043078,0.11667218056362008,1.0908317548336648,436,0.124451,0.116617,0.01637,571,7.796972,62.738313500000004,0,0.896,0.993,10990.0,0.002269,0,/home/melody/code/individual_project/channel_selection_results/step_k_unet_enc0_direct_fullseq_greedy/artifacts/g_s03_k05_from_d03_d10_d12_d14_add_d11/replicate_0.all_frames.tum.txt,/home/melody/code/individual_project/channel_selection_results/step_k_unet_enc0_direct_fullseq_greedy/artifacts/g_s03_k05_from_d03_d10_d12_d14_add_d11/replicate_0.keyframes.tum.txt,/home/melody/code/individual_project/channel_selection_results/step_k_unet_enc0_direct_fullseq_greedy/artifacts/g_s03_k05_from_d03_d10_d12_d14_add_d11/replicate_0.log,2026-08-15T17:47:22.902616+00:00
g_s03_k05_from_d03_d10_d12_d14_add_d13,direct full-sequence ATE forward-greedy trial,"3,10,12,13,14","[3, 10, 12, 13, 14]",0,PASS,Completed the full matched RGB-D sequence,44.34611935999419,0,,,1305031473.1961,571,571,573,0.9965095986038395,0.13356943086220044,0.1279412132924797,0.12080660303364132,0.21627825079266969,0.03836455137363592,9.556359481960254,9.379528076498413,12.488344083018609,0.010813389019378734,0.13450210322650288,0.5916513229063112,5.6578876364139274,0.11097860670332209,0.10866246765667088,1.094186457065388,0.10914521591050177,0.10547722412682538,1.1002370332088338,433,0.109083,0.105417,0.0142,571,7.74986,53.9912395,0,0.897,0.992,13310.0,0.00354,0,/home/melody/code/individual_project/channel_selection_results/step_k_unet_enc0_direct_fullseq_greedy/artifacts/g_s03_k05_from_d03_d10_d12_d14_add_d13/replicate_0.all_frames.tum.txt,/home/melody/code/individual_project/channel_selection_results/step_k_unet_enc0_direct_fullseq_greedy/artifacts/g_s03_k05_from_d03_d10_d12_d14_add_d13/replicate_0.keyframes.tum.txt,/home/melody/code/individual_project/channel_selection_results/step_k_unet_enc0_direct_fullseq_greedy/artifacts/g_s03_k05_from_d03_d10_d12_d14_add_d13/replicate_0.log,2026-08-15T17:48:07.904264+00:00
g_s03_k05_from_d03_d10_d12_d14_add_d15,direct full-sequence ATE forward-greedy trial,"3,10,12,14,15","[3, 10, 12, 14, 15]",0,PASS,Completed the full matched RGB-D sequence,45.0815342279966,0,,,1305031473.1961,571,571,573,0.9965095986038395,0.12059978589807484,0.11562068740842903,0.12147429858004061,0.1950736889307559,0.03429526209061291,8.23672361136217,7.962342519681433,11.448085624912837,0.010089857095110736,0.10631421284366861,0.591996386118233,5.13798204278574,0.09204816907647535,0.0876063826047524,1.0989101009137483,0.09083388837389515,0.08589698204414584,1.1011235439672902,435,0.090666,0.08573,0.012925,571,9.053113,75.5261195,0,0.898,0.993,7956.0,0.002266,0,/home/melody/code/individual_project/channel_selection_results/step_k_unet_enc0_direct_fullseq_greedy/artifacts/g_s03_k05_from_d03_d10_d12_d14_add_d15/replicate_0.all_frames.tum.txt,/home/melody/code/individual_project/channel_selection_results/step_k_unet_enc0_direct_fullseq_greedy/artifacts/g_s03_k05_from_d03_d10_d12_d14_add_d15/replicate_0.keyframes.tum.txt,/home/melody/code/individual_project/channel_selection_results/step_k_unet_enc0_direct_fullseq_greedy/artifacts/g_s03_k05_from_d03_d10_d12_d14_add_d15/replicate_0.log,2026-08-15T17:48:53.628958+00:00
g_s03_k06_from_d03_d10_d12_d14_d15_add_d00,direct full-sequence ATE forward-greedy trial,"0,3,10,12,14,15","[0, 3, 10, 12, 14, 15]",0,PASS,Completed the full matched RGB-D sequence,45.24153424099495,0,,,1305031473.1961,571,571,573,0.9965095986038395,0.1632558164487737,0.1552226740710998,0.16763694410280386,0.2431241806154816,0.05058046123329464,9.787855286425296,9.524780794999081,13.637335044070225,0.011565035946954724,0.14828022893384749,0.6053890609418623,4.545347914380808,0.1392709914307991,0.13037592761005012,1.1100285078730534,0.1430673687306149,0.13480729773291342,1.1120308137902393,435,0.142903,0.134641,0.015104,571,11.91734,143.78547700000001,0,0.897,0.993,7390.0,0.002894,0,/home/melody/code/individual_project/channel_selection_results/step_k_unet_enc0_direct_fullseq_greedy/artifacts/g_s03_k06_from_d03_d10_d12_d14_d15_add_d00/replicate_0.all_frames.tum.txt,/home/melody/code/individual_project/channel_selection_results/step_k_unet_enc0_direct_fullseq_greedy/artifacts/g_s03_k06_from_d03_d10_d12_d14_d15_add_d00/replicate_0.keyframes.tum.txt,/home/melody/code/individual_project/channel_selection_results/step_k_unet_enc0_direct_fullseq_greedy/artifacts/g_s03_k06_from_d03_d10_d12_d14_d15_add_d00/replicate_0.log,2026-08-15T17:49:39.526190+00:00
g_s03_k06_from_d03_d10_d12_d14_d15_add_d01,direct full-sequence ATE forward-greedy trial,"1,3,10,12,14,15","[1, 3, 10, 12, 14, 15]",0,PASS,Completed the full matched RGB-D sequence,44.72686203000194,0,,,1305031473.1961,571,571,573,0.9965095986038395,0.15357053376318533,0.14366785256602269,0.14504572781150296,0.2972031291993165,0.05425363563280547,8.460667646589433,8.29130192261069,11.15038214300098,0.010706379340871907,0.11138318613619733,0.6789304740483382,8.34298342359197,0.131829297447568,0.1228952402428657,1.1007604978641565,0.1304059379646386,0.12111713011385015,1.1049834007298374,434,0.130342,0.12107,0.013791,571,11.033734,110.5055615,0,0.897,0.993,9126.0,0.001544,0,/home/melody/code/individual_project/channel_selection_results/step_k_unet_enc0_direct_fullseq_greedy/artifacts/g_s03_k06_from_d03_d10_d12_d14_d15_add_d01/replicate_0.all_frames.tum.txt,/home/melody/code/individual_project/channel_selection_results/step_k_unet_enc0_direct_fullseq_greedy/artifacts/g_s03_k06_from_d03_d10_d12_d14_d15_add_d01/replicate_0.keyframes.tum.txt,/home/melody/code/individual_project/channel_selection_results/step_k_unet_enc0_direct_fullseq_greedy/artifacts/g_s03_k06_from_d03_d10_d12_d14_d15_add_d01/replicate_0.log,2026-08-15T17:50:24.909450+00:00
g_s03_k06_from_d03_d10_d12_d14_d15_add_d02,direct full-sequence ATE forward-greedy trial,"2,3,10,12,14,15","[2, 3, 10, 12, 14, 15]",0,PASS,Completed the full matched RGB-D sequence,44.31131209200248,0,,,1305031473.1961,571,571,573,0.9965095986038395,0.1238140869512082,0.1189139996652915,0.12524405723677456,0.18158255991730463,0.034487516743952396,8.607257495604918,8.302396102611143,11.66017609739227,0.010214387217882384,0.13202020131632153,0.5477975941592398,4.1247873398362636,0.09357033713109936,0.08750481946444505,1.1033629325061205,0.09421504304603956,0.08767013104938876,1.106079370253855,432,0.094039,0.087493,0.012971,571,10.642396,76.83039099999999,0,0.898,0.993,8489.0,0.002498,0,/home/melody/code/individual_project/channel_selection_results/step_k_unet_enc0_direct_fullseq_greedy/artifacts/g_s03_k06_from_d03_d10_d12_d14_d15_add_d02/replicate_0.all_frames.tum.txt,/home/melody/code/individual_project/channel_selection_results/step_k_unet_enc0_direct_fullseq_greedy/artifacts/g_s03_k06_from_d03_d10_d12_d14_d15_add_d02/replicate_0.keyframes.tum.txt,/home/melody/code/individual_project/channel_selection_results/step_k_unet_enc0_direct_fullseq_greedy/artifacts/g_s03_k06_from_d03_d10_d12_d14_d15_add_d02/replicate_0.log,2026-08-15T17:51:09.877553+00:00
g_s03_k06_from_d03_d10_d12_d14_d15_add_d04,direct full-sequence ATE forward-greedy trial,"3,4,10,12,14,15","[3, 4, 10, 12, 14, 15]",0,PASS,Completed the full matched RGB-D sequence,44.65401278401259,0,,,1305031473.1961,571,571,573,0.9965095986038395,0.12104261846681669,0.11594524257158292,0.12021417748630875,0.18491197241449459,0.034756527592959344,8.30912244575046,8.06261435195952,11.519741043431823,0.009519023466161257,0.093946682190379,0.5784922236966034,5.258261114853889,0.09036047171784911,0.08533384122518271,1.102551173255001,0.09026609104835837,0.08494169466577853,1.1054941000703116,436,0.090097,0.084775,0.012063,571,10.481421,86.2816315,0,0.898,0.992,8990.0,0.002331,0,/home/melody/code/individual_project/channel_selection_results/step_k_unet_enc0_direct_fullseq_greedy/artifacts/g_s03_k06_from_d03_d10_d12_d14_d15_add_d04/replicate_0.all_frames.tum.txt,/home/melody/code/individual_project/channel_selection_results/step_k_unet_enc0_direct_fullseq_greedy/artifacts/g_s03_k06_from_d03_d10_d12_d14_d15_add_d04/replicate_0.keyframes.tum.txt,/home/melody/code/individual_project/channel_selection_results/step_k_unet_enc0_direct_fullseq_greedy/artifacts/g_s03_k06_from_d03_d10_d12_d14_d15_add_d04/replicate_0.log,2026-08-15T17:51:55.187138+00:00
g_s03_k06_from_d03_d10_d12_d14_d15_add_d05,direct full-sequence ATE forward-greedy trial,"3,5,10,12,14,15","[3, 5, 10, 12, 14, 15]",0,PASS,Completed the full matched RGB-D sequence,44.7739385140012,0,,,1305031473.1961,571,571,573,0.9965095986038395,0.17306742009831075,0.16244153902478578,0.15505436602236536,0.36028122861044887,0.05970827663518829,8.480265001692104,8.129592939956654,13.415004074180352,0.009331024455561823,0.0722275386004392,0.6446745018239285,7.26333288030419,0.16379961578445237,0.1496382499378831,1.06991747510687,0.16284237027639645,0.14859620017859948,1.076842152901842,436,0.162816,0.148625,0.011579,571,11.955022,91.64638550000001,0,0.873,0.992,12960.0,0.001791,0,/home/melody/code/individual_project/channel_selection_results/step_k_unet_enc0_direct_fullseq_greedy/artifacts/g_s03_k06_from_d03_d10_d12_d14_d15_add_d05/replicate_0.all_frames.tum.txt,/home/melody/code/individual_project/channel_selection_results/step_k_unet_enc0_direct_fullseq_greedy/artifacts/g_s03_k06_from_d03_d10_d12_d14_d15_add_d05/replicate_0.keyframes.tum.txt,/home/melody/code/individual_project/channel_selection_results/step_k_unet_enc0_direct_fullseq_greedy/artifacts/g_s03_k06_from_d03_d10_d12_d14_d15_add_d05/replicate_0.log,2026-08-15T17:52:40.621631+00:00
g_s03_k06_from_d03_d10_d12_d14_d15_add_d06,direct full-sequence ATE forward-greedy trial,"3,6,10,12,14,15","[3, 6, 10, 12, 14, 15]",0,PASS,Completed the full matched RGB-D sequence,44.880025348000345,0,,,1305031473.1961,571,571,573,0.9965095986038395,0.13545295217036094,0.1279086055813935,0.13456078155089954,0.24127924630681996,0.04457455406271159,9.466492110047845,9.228439936644593,12.659051422547915,0.010342199319503044,0.10466764091725134,0.6057479754997273,5.280254723582411,0.11049112251027025,0.10494376175255868,1.0997891634106096,0.11061461293709195,0.10436613736756446,1.0996713091400272,433,0.110489,0.104228,0.014146,571,13.746737,147.656967,0,0.897,0.993,6771.0,0.001961,0,/home/melody/code/individual_project/channel_selection_results/step_k_unet_enc0_direct_fullseq_greedy/artifacts/g_s03_k06_from_d03_d10_d12_d14_d15_add_d06/replicate_0.all_frames.tum.txt,/home/melody/code/individual_project/channel_selection_results/step_k_unet_enc0_direct_fullseq_greedy/artifacts/g_s03_k06_from_d03_d10_d12_d14_d15_add_d06/replicate_0.keyframes.tum.txt,/home/melody/code/individual_project/channel_selection_results/step_k_unet_enc0_direct_fullseq_greedy/artifacts/g_s03_k06_from_d03_d10_d12_d14_d15_add_d06/replicate_0.log,2026-08-15T17:53:26.164302+00:00
g_s03_k06_from_d03_d10_d12_d14_d15_add_d07,direct full-sequence ATE forward-greedy trial,"3,7,10,12,14,15","[3, 7, 10, 12, 14, 15]",0,PASS,Completed the full matched RGB-D sequence,44.55586544099788,0,,,1305031473.1961,571,571,573,0.9965095986038395,0.14067907094592205,0.13485672167219367,0.13794313418505938,0.2697110304497589,0.040053284784599956,8.274021075530865,7.843501465115808,11.963454735941792,0.010392526368409524,0.10982108566311032,0.6217314574048208,5.257658219339145,0.11560857493735799,0.10929870464114419,1.1024102151137112,0.11496773138570417,0.10913586368566529,1.1046101068478635,436,0.114863,0.109039,0.013109,571,10.469971,87.2898405,0,0.897,0.993,10340.0,0.002131,0,/home/melody/code/individual_project/channel_selection_results/step_k_unet_enc0_direct_fullseq_greedy/artifacts/g_s03_k06_from_d03_d10_d12_d14_d15_add_d07/replicate_0.all_frames.tum.txt,/home/melody/code/individual_project/channel_selection_results/step_k_unet_enc0_direct_fullseq_greedy/artifacts/g_s03_k06_from_d03_d10_d12_d14_d15_add_d07/replicate_0.keyframes.tum.txt,/home/melody/code/individual_project/channel_selection_results/step_k_unet_enc0_direct_fullseq_greedy/artifacts/g_s03_k06_from_d03_d10_d12_d14_d15_add_d07/replicate_0.log,2026-08-15T17:54:11.388726+00:00
g_s03_k06_from_d03_d10_d12_d14_d15_add_d08,direct full-sequence ATE forward-greedy trial,"3,8,10,12,14,15","[3, 8, 10, 12, 14, 15]",0,PASS,Completed the full matched RGB-D sequence,45.17663526300748,0,,,1305031473.1961,571,571,573,0.9965095986038395,0.15539165091287416,0.15029820775371303,0.15407383263336968,0.22450359243768564,0.03945901569287125,9.667443926972354,9.244561381181219,13.295711953369144,0.011841398070564791,0.1665323992001621,0.6522304586758327,7.835869295702945,0.132359317008988,0.12652585868491717,1.1044990322225248,0.1341166712848321,0.12864949687594832,1.1052289100442327,433,0.133988,0.128533,0.015142,571,14.149559,150.96826950000002,0,0.896,0.993,6017.0,0.002641,0,/home/melody/code/individual_project/channel_selection_results/step_k_unet_enc0_direct_fullseq_greedy/artifacts/g_s03_k06_from_d03_d10_d12_d14_d15_add_d08/replicate_0.all_frames.tum.txt,/home/melody/code/individual_project/channel_selection_results/step_k_unet_enc0_direct_fullseq_greedy/artifacts/g_s03_k06_from_d03_d10_d12_d14_d15_add_d08/replicate_0.keyframes.tum.txt,/home/melody/code/individual_project/channel_selection_results/step_k_unet_enc0_direct_fullseq_greedy/artifacts/g_s03_k06_from_d03_d10_d12_d14_d15_add_d08/replicate_0.log,2026-08-15T17:54:57.209034+00:00
g_s03_k06_from_d03_d10_d12_d14_d15_add_d09,direct full-sequence ATE forward-greedy trial,"3,9,10,12,14,15","[3, 9, 10, 12, 14, 15]",0,PASS,Completed the full matched RGB-D sequence,45.1301567920018,0,,,1305031473.1961,571,571,573,0.9965095986038395,0.16562504134054346,0.15656004753969294,0.1466720917532436,0.25065108519124074,0.05404262977896072,11.39545743103935,10.995781673640035,16.184305938172816,0.011349672906149749,0.17616446252247114,0.5301454459515847,2.402998529271862,0.13532629418083106,0.12483120071456548,1.124904713181837,0.14041476330976835,0.1315625107032007,1.1271398344222607,435,0.140231,0.131395,0.014307,571,12.420853,89.111355,0,0.897,0.992,8115.0,0.002091,0,/home/melody/code/individual_project/channel_selection_results/step_k_unet_enc0_direct_fullseq_greedy/artifacts/g_s03_k06_from_d03_d10_d12_d14_d15_add_d09/replicate_0.all_frames.tum.txt,/home/melody/code/individual_project/channel_selection_results/step_k_unet_enc0_direct_fullseq_greedy/artifacts/g_s03_k06_from_d03_d10_d12_d14_d15_add_d09/replicate_0.keyframes.tum.txt,/home/melody/code/individual_project/channel_selection_results/step_k_unet_enc0_direct_fullseq_greedy/artifacts/g_s03_k06_from_d03_d10_d12_d14_d15_add_d09/replicate_0.log,2026-08-15T17:55:42.995122+00:00
g_s03_k06_from_d03_d10_d12_d14_d15_add_d11,direct full-sequence ATE forward-greedy trial,"3,10,11,12,14,15","[3, 10, 11, 12, 14, 15]",0,PASS,Completed the full matched RGB-D sequence,44.676623911989736,0,,,1305031473.1961,571,571,573,0.9965095986038395,0.1436275518696147,0.13769572772256106,0.1402302805769041,0.22342066351725734,0.04085046172337822,9.716033124918114,9.345709245598098,12.870333010207446,0.012320096266452992,0.19215341911944087,0.6086513093150332,4.767638631279277,0.11829997557205471,0.10927246827098425,1.104281062353544,0.1209990184493206,0.11229284813118015,1.1022235717426325,437,0.120801,0.112089,0.015897,571,10.980618,92.397846,0,0.897,0.993,7712.0,0.002354,0,/home/melody/code/individual_project/channel_selection_results/step_k_unet_enc0_direct_fullseq_greedy/artifacts/g_s03_k06_from_d03_d10_d12_d14_d15_add_d11/replicate_0.all_frames.tum.txt,/home/melody/code/individual_project/channel_selection_results/step_k_unet_enc0_direct_fullseq_greedy/artifacts/g_s03_k06_from_d03_d10_d12_d14_d15_add_d11/replicate_0.keyframes.tum.txt,/home/melody/code/individual_project/channel_selection_results/step_k_unet_enc0_direct_fullseq_greedy/artifacts/g_s03_k06_from_d03_d10_d12_d14_d15_add_d11/replicate_0.log,2026-08-15T17:56:28.339027+00:00
g_s03_k06_from_d03_d10_d12_d14_d15_add_d13,direct full-sequence ATE forward-greedy trial,"3,10,12,13,14,15","[3, 10, 12, 13, 14, 15]",0,PASS,Completed the full matched RGB-D sequence,44.52218001300935,0,,,1305031473.1961,571,571,573,0.9965095986038395,0.12961503353534576,0.12456405377810914,0.12551432972266408,0.20596545144746206,0.03583090041756055,8.513370340611921,7.8870285571251655,12.169982795623751,0.010585275701630006,0.12936540073791233,0.6542441269051736,8.282663156931301,0.10013724491360206,0.09639343196212125,1.1051694668540335,0.09927132407310155,0.09591977750894982,1.1081727428263641,434,0.099135,0.095792,0.013557,571,10.724516,97.446106,0,0.897,0.993,10260.0,0.002372,0,/home/melody/code/individual_project/channel_selection_results/step_k_unet_enc0_direct_fullseq_greedy/artifacts/g_s03_k06_from_d03_d10_d12_d14_d15_add_d13/replicate_0.all_frames.tum.txt,/home/melody/code/individual_project/channel_selection_results/step_k_unet_enc0_direct_fullseq_greedy/artifacts/g_s03_k06_from_d03_d10_d12_d14_d15_add_d13/replicate_0.keyframes.tum.txt,/home/melody/code/individual_project/channel_selection_results/step_k_unet_enc0_direct_fullseq_greedy/artifacts/g_s03_k06_from_d03_d10_d12_d14_d15_add_d13/replicate_0.log,2026-08-15T17:57:13.525342+00:00
g_s04_k03_from_d06_d12_add_d00,direct full-sequence ATE forward-greedy trial,"0,6,12","[0, 6, 12]",0,PASS,Completed the full matched RGB-D sequence,49.46564070699969,0,,,1305031473.1961,571,571,573,0.9965095986038395,0.3429276559177306,0.3036809531246863,0.2325533240484413,0.5458619182494627,0.15930240394454664,20.8694036417988,20.361557893613597,26.68459882091663,0.017516160148847004,0.3370998455691805,1.0128500615428144,18.84564702731314,0.3395512482133468,0.3084425594484565,0.9435011970491859,0.34701147806007376,0.31834080222193883,0.932448496060355,430,0.34667,0.318004,0.01922,571,19.100435,814.686523,0,0.896,0.993,5254000.0,0.048026,45,/home/melody/code/individual_project/channel_selection_results/step_k_unet_enc0_direct_fullseq_greedy/artifacts/g_s04_k03_from_d06_d12_add_d00/replicate_0.all_frames.tum.txt,/home/melody/code/individual_project/channel_selection_results/step_k_unet_enc0_direct_fullseq_greedy/artifacts/g_s04_k03_from_d06_d12_add_d00/replicate_0.keyframes.tum.txt,/home/melody/code/individual_project/channel_selection_results/step_k_unet_enc0_direct_fullseq_greedy/artifacts/g_s04_k03_from_d06_d12_add_d00/replicate_0.log,2026-08-15T17:58:03.660186+00:00
g_s04_k03_from_d06_d12_add_d01,direct full-sequence ATE forward-greedy trial,"1,6,12","[1, 6, 12]",0,PASS,Completed the full matched RGB-D sequence,54.61301201599417,0,,,1305031473.1961,571,571,573,0.9965095986038395,0.35024327762977586,0.3199769526934562,0.2580368164936162,0.6460491410869027,0.14242578161926278,18.886836485063473,15.016620738713662,34.209871003351424,0.01771180596584735,0.20255135641627384,1.1121507533585722,12.343314939806323,0.348309517284202,0.3229842216964753,0.9559635449138679,0.34917800511163954,0.32810781247952375,0.9717767255375589,432,0.349377,0.328484,0.020268,571,9.415257,76.8245965,0,0.913,0.993,14910000.0,0.04368,86,/home/melody/code/individual_project/channel_selection_results/step_k_unet_enc0_direct_fullseq_greedy/artifacts/g_s04_k03_from_d06_d12_add_d01/replicate_0.all_frames.tum.txt,/home/melody/code/individual_project/channel_selection_results/step_k_unet_enc0_direct_fullseq_greedy/artifacts/g_s04_k03_from_d06_d12_add_d01/replicate_0.keyframes.tum.txt,/home/melody/code/individual_project/channel_selection_results/step_k_unet_enc0_direct_fullseq_greedy/artifacts/g_s04_k03_from_d06_d12_add_d01/replicate_0.log,2026-08-15T17:58:58.924667+00:00
g_s04_k03_from_d06_d12_add_d02,direct full-sequence ATE forward-greedy trial,"2,6,12","[2, 6, 12]",0,PASS,Completed the full matched RGB-D sequence,46.00514718100021,0,,,1305031473.1961,571,571,573,0.9965095986038395,0.1410322253195136,0.13198384112319086,0.12549916287277493,0.23282663016609798,0.04970265848968607,9.233748736820989,9.051494884158926,13.426011840961214,0.012621339714663036,0.12996185119259673,0.7955423835174172,8.49831345607394,0.12541031820919468,0.11729962496390697,1.0809504851744598,0.12212992071827136,0.11462784744985471,1.0890005786380295,429,0.122138,0.114659,0.017665,571,8.990182,118.01653300000001,0,0.898,0.993,33830.0,0.014388,4,/home/melody/code/individual_project/channel_selection_results/step_k_unet_enc0_direct_fullseq_greedy/artifacts/g_s04_k03_from_d06_d12_add_d02/replicate_0.all_frames.tum.txt,/home/melody/code/individual_project/channel_selection_results/step_k_unet_enc0_direct_fullseq_greedy/artifacts/g_s04_k03_from_d06_d12_add_d02/replicate_0.keyframes.tum.txt,/home/melody/code/individual_project/channel_selection_results/step_k_unet_enc0_direct_fullseq_greedy/artifacts/g_s04_k03_from_d06_d12_add_d02/replicate_0.log,2026-08-15T17:59:45.591818+00:00
g_s04_k03_from_d06_d12_add_d03,direct full-sequence ATE forward-greedy trial,"3,6,12","[3, 6, 12]",0,PASS,Completed the full matched RGB-D sequence,45.645219306010404,0,,,1305031473.1961,571,571,573,0.9965095986038395,0.1154081685269339,0.10998778648408475,0.10246502608475465,0.2115871730836468,0.03495328578363644,8.297988605778823,7.62541041794154,12.683632055402178,0.015080149739629062,0.23780651039533174,0.7716588196814015,8.90228565865812,0.09556468067089052,0.08810420456424396,1.080816093908117,0.0950646435598695,0.08784472744554393,1.0746093614703909,431,0.094884,0.087621,0.019121,571,7.51249,95.722149,0,0.897,0.993,15320.0,0.00622,2,/home/melody/code/individual_project/channel_selection_results/step_k_unet_enc0_direct_fullseq_greedy/artifacts/g_s04_k03_from_d06_d12_add_d03/replicate_0.all_frames.tum.txt,/home/melody/code/individual_project/channel_selection_results/step_k_unet_enc0_direct_fullseq_greedy/artifacts/g_s04_k03_from_d06_d12_add_d03/replicate_0.keyframes.tum.txt,/home/melody/code/individual_project/channel_selection_results/step_k_unet_enc0_direct_fullseq_greedy/artifacts/g_s04_k03_from_d06_d12_add_d03/replicate_0.log,2026-08-15T18:00:31.898028+00:00
g_s04_k03_from_d06_d12_add_d04,direct full-sequence ATE forward-greedy trial,"4,6,12","[4, 6, 12]",0,PASS,Completed the full matched RGB-D sequence,47.26213616100722,0,,,1305031473.1961,571,571,573,0.9965095986038395,0.15073637127664188,0.14153480448711442,0.1480993773717751,0.23830401531239714,0.051858969758798015,8.260870957626521,8.002517299737972,11.944003552537916,0.014152794221749303,0.235394922668608,0.6302054482513213,4.943166487250823,0.13297025293995207,0.1200148578878509,1.0899395093708821,0.13903064154948894,0.1278440254305502,1.0918890425803882,434,0.138901,0.127715,0.017437,571,8.017095,111.139141,0,0.874,0.993,28500.0,0.005904,0,/home/melody/code/individual_project/channel_selection_results/step_k_unet_enc0_direct_fullseq_greedy/artifacts/g_s04_k03_from_d06_d12_add_d04/replicate_0.all_frames.tum.txt,/home/melody/code/individual_project/channel_selection_results/step_k_unet_enc0_direct_fullseq_greedy/artifacts/g_s04_k03_from_d06_d12_add_d04/replicate_0.keyframes.tum.txt,/home/melody/code/individual_project/channel_selection_results/step_k_unet_enc0_direct_fullseq_greedy/artifacts/g_s04_k03_from_d06_d12_add_d04/replicate_0.log,2026-08-15T18:01:19.829756+00:00
g_s04_k03_from_d06_d12_add_d05,direct full-sequence ATE forward-greedy trial,"5,6,12","[5, 6, 12]",0,PASS,Completed the full matched RGB-D sequence,56.49896790299681,0,,,1305031473.1961,571,571,573,0.9965095986038395,0.18409967071906091,0.16915475254089582,0.1635685651746043,0.35590079152458004,0.07265919385525109,8.329682274424872,7.966166147547818,13.66508977762612,0.01254324241651929,0.12487082847708411,0.8555509252525395,10.71041086398344,0.1828152920909553,0.16661677848008408,1.0261718055875149,0.17347764097879032,0.1596536559281874,1.0413734083512634,433,0.173591,0.159855,0.016193,571,12.094876,57.698593,0,0.899,0.992,50880000.0,0.09652,115,/home/melody/code/individual_project/channel_selection_results/step_k_unet_enc0_direct_fullseq_greedy/artifacts/g_s04_k03_from_d06_d12_add_d05/replicate_0.all_frames.tum.txt,/home/melody/code/individual_project/channel_selection_results/step_k_unet_enc0_direct_fullseq_greedy/artifacts/g_s04_k03_from_d06_d12_add_d05/replicate_0.keyframes.tum.txt,/home/melody/code/individual_project/channel_selection_results/step_k_unet_enc0_direct_fullseq_greedy/artifacts/g_s04_k03_from_d06_d12_add_d05/replicate_0.log,2026-08-15T18:02:16.989330+00:00
g_s04_k03_from_d06_d12_add_d07,direct full-sequence ATE forward-greedy trial,"6,7,12","[6, 7, 12]",0,PASS,Completed the full matched RGB-D sequence,48.0142893329903,0,,,1305031473.1961,571,571,573,0.9965095986038395,0.1464112702504569,0.13611439564821667,0.12220627108701007,0.2560121440311605,0.05393636392706748,8.274306927943446,7.8439184374961295,13.636069271007937,0.013946634409073422,0.21258395763588417,0.7658988780512498,11.025776164912026,0.13392207326963182,0.12528786708700146,1.0738663261586874,0.13173605631732838,0.12433858844752244,1.078138546310736,431,0.131763,0.124418,0.018424,571,7.913907,96.691452,0,0.897,0.993,80870.0,0.011957,11,/home/melody/code/individual_project/channel_selection_results/step_k_unet_enc0_direct_fullseq_greedy/artifacts/g_s04_k03_from_d06_d12_add_d07/replicate_0.all_frames.tum.txt,/home/melody/code/individual_project/channel_selection_results/step_k_unet_enc0_direct_fullseq_greedy/artifacts/g_s04_k03_from_d06_d12_add_d07/replicate_0.keyframes.tum.txt,/home/melody/code/individual_project/channel_selection_results/step_k_unet_enc0_direct_fullseq_greedy/artifacts/g_s04_k03_from_d06_d12_add_d07/replicate_0.log,2026-08-15T18:03:05.661279+00:00
g_s04_k03_from_d06_d12_add_d08,direct full-sequence ATE forward-greedy trial,"6,8,12","[6, 8, 12]",0,PASS,Completed the full matched RGB-D sequence,51.104451542007155,0,,,1305031473.1961,571,571,573,0.9965095986038395,0.2462487351422403,0.22449053079378148,0.2060283392630529,0.3879820511179395,0.10120494623821238,16.898743965934205,16.43224449468978,21.91496872471604,0.012041244473039055,0.13763594490137063,0.906246718241525,10.409626175046252,0.24445724625102414,0.21807621186412526,1.0367903783077022,0.25213901570538994,0.2288036975847525,1.028306179815368,426,0.251828,0.228504,0.014291,571,38.966686,177.1737215,0,0.893,0.993,421500.0,0.016516,26,/home/melody/code/individual_project/channel_selection_results/step_k_unet_enc0_direct_fullseq_greedy/artifacts/g_s04_k03_from_d06_d12_add_d08/replicate_0.all_frames.tum.txt,/home/melody/code/individual_project/channel_selection_results/step_k_unet_enc0_direct_fullseq_greedy/artifacts/g_s04_k03_from_d06_d12_add_d08/replicate_0.keyframes.tum.txt,/home/melody/code/individual_project/channel_selection_results/step_k_unet_enc0_direct_fullseq_greedy/artifacts/g_s04_k03_from_d06_d12_add_d08/replicate_0.log,2026-08-15T18:03:57.416837+00:00
g_s04_k03_from_d06_d12_add_d09,direct full-sequence ATE forward-greedy trial,"6,9,12","[6, 9, 12]",0,PASS,Completed the full matched RGB-D sequence,49.26225666300161,0,,,1305031473.1961,571,571,573,0.9965095986038395,0.18282872851899482,0.18017229096893994,0.17647392110538987,0.25735740898497306,0.03105301175209809,10.515756856298909,9.98085058860804,17.956649462668256,0.009360237629535797,0.04613622296454548,0.6338712696715877,8.047847030468297,0.16755326823909295,0.1612282369976496,1.093656164116702,0.17077164166128342,0.1657623654439405,1.095362949300479,431,0.170688,0.16571,0.011584,571,27.812891,102.03518650000001,0,0.872,0.992,138600.0,0.010163,45,/home/melody/code/individual_project/channel_selection_results/step_k_unet_enc0_direct_fullseq_greedy/artifacts/g_s04_k03_from_d06_d12_add_d09/replicate_0.all_frames.tum.txt,/home/melody/code/individual_project/channel_selection_results/step_k_unet_enc0_direct_fullseq_greedy/artifacts/g_s04_k03_from_d06_d12_add_d09/replicate_0.keyframes.tum.txt,/home/melody/code/individual_project/channel_selection_results/step_k_unet_enc0_direct_fullseq_greedy/artifacts/g_s04_k03_from_d06_d12_add_d09/replicate_0.log,2026-08-15T18:04:47.329378+00:00
g_s04_k03_from_d06_d12_add_d10,direct full-sequence ATE forward-greedy trial,"6,10,12","[6, 10, 12]",0,PASS,Completed the full matched RGB-D sequence,45.47887992100732,0,,,1305031473.1961,571,571,573,0.9965095986038395,0.17857061566367388,0.16527526972802645,0.17856099676955595,0.29526193477317664,0.0676132383104938,10.532580758331866,10.298376028274433,16.171754172225803,0.01208001937811641,0.1545347593326092,0.6125826262341314,5.273491399239287,0.16192754727518524,0.15437811426793002,1.0964980835928022,0.1644367311097171,0.1558800041566979,1.1014046802536597,432,0.164477,0.155948,0.015866,571,9.178368,98.81344250000001,0,0.896,0.993,7533.0,0.002356,0,/home/melody/code/individual_project/channel_selection_results/step_k_unet_enc0_direct_fullseq_greedy/artifacts/g_s04_k03_from_d06_d12_add_d10/replicate_0.all_frames.tum.txt,/home/melody/code/individual_project/channel_selection_results/step_k_unet_enc0_direct_fullseq_greedy/artifacts/g_s04_k03_from_d06_d12_add_d10/replicate_0.keyframes.tum.txt,/home/melody/code/individual_project/channel_selection_results/step_k_unet_enc0_direct_fullseq_greedy/artifacts/g_s04_k03_from_d06_d12_add_d10/replicate_0.log,2026-08-15T18:05:33.464142+00:00
g_s04_k03_from_d06_d12_add_d11,direct full-sequence ATE forward-greedy trial,"6,11,12","[6, 11, 12]",0,FAIL_TRACKING_NAN,Tracking emitted non-finite affine/pose diagnostics,19.84038447799685,-15,1305031459.4597,167,,,,573,,,,,,,,,,,,,,,,,,,,,,,,166,10.751983,49.067539799999935,1,0.0,0.994,239200000.0,0.016936,61,,,/home/melody/code/individual_project/channel_selection_results/step_k_unet_enc0_direct_fullseq_greedy/artifacts/g_s04_k03_from_d06_d12_add_d11/replicate_0.log,2026-08-15T18:05:53.370358+00:00
g_s04_k03_from_d06_d12_add_d13,direct full-sequence ATE forward-greedy trial,"6,12,13","[6, 12, 13]",0,PASS,Completed the full matched RGB-D sequence,48.40822097400087,0,,,1305031473.1961,571,571,573,0.9965095986038395,0.160105932355756,0.15632931792869728,0.15793804006336923,0.21758196019360934,0.03456955208639812,9.433124761236312,8.842888747534762,16.969527801637156,0.011116679169177392,0.132181884399818,0.8051331330324949,12.644633587157267,0.13635158346693935,0.13219107690289028,1.108152549856583,0.13757600370945444,0.13392953316336131,1.1138134320122848,434,0.137549,0.133922,0.014139,571,8.385153,146.71778899999998,0,0.897,0.993,86420.0,0.008156,23,/home/melody/code/individual_project/channel_selection_results/step_k_unet_enc0_direct_fullseq_greedy/artifacts/g_s04_k03_from_d06_d12_add_d13/replicate_0.all_frames.tum.txt,/home/melody/code/individual_project/channel_selection_results/step_k_unet_enc0_direct_fullseq_greedy/artifacts/g_s04_k03_from_d06_d12_add_d13/replicate_0.keyframes.tum.txt,/home/melody/code/individual_project/channel_selection_results/step_k_unet_enc0_direct_fullseq_greedy/artifacts/g_s04_k03_from_d06_d12_add_d13/replicate_0.log,2026-08-15T18:06:42.440291+00:00
g_s04_k03_from_d06_d12_add_d14,direct full-sequence ATE forward-greedy trial,"6,12,14","[6, 12, 14]",0,PASS,Completed the full matched RGB-D sequence,50.513016887998674,0,,,1305031473.1961,571,571,573,0.9965095986038395,0.11831365468244015,0.11326652286925573,0.10830239905850152,0.19908193501808302,0.034187946434731345,10.015844462548847,9.373490256618776,14.743284378305763,0.012100253418056374,0.1284833966059545,0.9265461372754292,11.221311550373146,0.09999770980485852,0.09207847055768625,1.078886740957596,0.09643387659577934,0.09106023306635741,1.0816655509685325,428,0.096309,0.090909,0.016631,571,6.865009,57.104969,0,0.899,0.993,1238000.0,0.012794,81,/home/melody/code/individual_project/channel_selection_results/step_k_unet_enc0_direct_fullseq_greedy/artifacts/g_s04_k03_from_d06_d12_add_d14/replicate_0.all_frames.tum.txt,/home/melody/code/individual_project/channel_selection_results/step_k_unet_enc0_direct_fullseq_greedy/artifacts/g_s04_k03_from_d06_d12_add_d14/replicate_0.keyframes.tum.txt,/home/melody/code/individual_project/channel_selection_results/step_k_unet_enc0_direct_fullseq_greedy/artifacts/g_s04_k03_from_d06_d12_add_d14/replicate_0.log,2026-08-15T18:07:33.624408+00:00
g_s04_k03_from_d06_d12_add_d15,direct full-sequence ATE forward-greedy trial,"6,12,15","[6, 12, 15]",0,PASS,Completed the full matched RGB-D sequence,54.79555392899783,0,,,1305031473.1961,571,571,573,0.9965095986038395,0.17584330605193996,0.1708046254108938,0.16994679780256594,0.2743455939355909,0.04179292071057576,14.951410308153879,14.387340496197304,21.33909432283574,0.012771926730182261,0.13583395675215199,0.9903376575169647,11.061809970040423,0.1678023345288424,0.1620625685441488,1.0655698153918511,0.17305746119551282,0.16803861589580463,1.0634231120833502,426,0.172854,0.16783,0.017063,571,48.25106,589.1413574999999,0,0.897,0.993,28710000.0,0.013979,49,/home/melody/code/individual_project/channel_selection_results/step_k_unet_enc0_direct_fullseq_greedy/artifacts/g_s04_k03_from_d06_d12_add_d15/replicate_0.all_frames.tum.txt,/home/melody/code/individual_project/channel_selection_results/step_k_unet_enc0_direct_fullseq_greedy/artifacts/g_s04_k03_from_d06_d12_add_d15/replicate_0.keyframes.tum.txt,/home/melody/code/individual_project/channel_selection_results/step_k_unet_enc0_direct_fullseq_greedy/artifacts/g_s04_k03_from_d06_d12_add_d15/replicate_0.log,2026-08-15T18:08:29.079329+00:00
g_s04_k04_from_d03_d06_d12_add_d00,direct full-sequence ATE forward-greedy trial,"0,3,6,12","[0, 3, 6, 12]",0,PASS,Completed the full matched RGB-D sequence,46.2520160379936,0,,,1305031473.1961,571,571,573,0.9965095986038395,0.1463478115971193,0.1394342197962391,0.14471952781636063,0.24988521618460302,0.04444975038265129,8.853654581750362,8.520727777491807,14.337874585201046,0.011871857623488963,0.11414618414862422,0.6815151336243224,6.300200178154597,0.12310889985395507,0.11696433237591518,1.101101428184497,0.11675311309775784,0.1106286460109248,1.1072621320477847,434,0.116712,0.110602,0.015777,571,11.268951,225.75593550000002,0,0.897,0.992,15410.0,0.004989,3,/home/melody/code/individual_project/channel_selection_results/step_k_unet_enc0_direct_fullseq_greedy/artifacts/g_s04_k04_from_d03_d06_d12_add_d00/replicate_0.all_frames.tum.txt,/home/melody/code/individual_project/channel_selection_results/step_k_unet_enc0_direct_fullseq_greedy/artifacts/g_s04_k04_from_d03_d06_d12_add_d00/replicate_0.keyframes.tum.txt,/home/melody/code/individual_project/channel_selection_results/step_k_unet_enc0_direct_fullseq_greedy/artifacts/g_s04_k04_from_d03_d06_d12_add_d00/replicate_0.log,2026-08-15T18:09:15.975921+00:00
g_s04_k04_from_d03_d06_d12_add_d01,direct full-sequence ATE forward-greedy trial,"1,3,6,12","[1, 3, 6, 12]",0,PASS,Completed the full matched RGB-D sequence,46.62713674499537,0,,,1305031473.1961,571,571,573,0.9965095986038395,0.1397245836450456,0.13414052787530162,0.13765609345401136,0.2397916746311285,0.03910598491429144,8.029707064198934,7.78716017055563,13.03502386820658,0.012952577066603103,0.182484270019056,0.857874588420097,11.72467101419979,0.11464816440844033,0.10562047291129265,1.1019844044511968,0.10640055440488407,0.0970857811811521,1.1075719849323336,434,0.106422,0.097121,0.01727,571,9.054877,98.352688,0,0.883,0.993,27420.0,0.005278,9,/home/melody/code/individual_project/channel_selection_results/step_k_unet_enc0_direct_fullseq_greedy/artifacts/g_s04_k04_from_d03_d06_d12_add_d01/replicate_0.all_frames.tum.txt,/home/melody/code/individual_project/channel_selection_results/step_k_unet_enc0_direct_fullseq_greedy/artifacts/g_s04_k04_from_d03_d06_d12_add_d01/replicate_0.keyframes.tum.txt,/home/melody/code/individual_project/channel_selection_results/step_k_unet_enc0_direct_fullseq_greedy/artifacts/g_s04_k04_from_d03_d06_d12_add_d01/replicate_0.log,2026-08-15T18:10:03.261697+00:00
g_s04_k04_from_d03_d06_d12_add_d02,direct full-sequence ATE forward-greedy trial,"2,3,6,12","[2, 3, 6, 12]",0,PASS,Completed the full matched RGB-D sequence,45.190627438001684,0,,,1305031473.1961,571,571,573,0.9965095986038395,0.1288798552234216,0.12395695116286957,0.11623593395561303,0.23666625678774336,0.03528018340111172,8.381855930663136,7.935561610435164,13.035805548825458,0.011390795798590949,0.14025770904995033,0.7473096179175568,8.804971497047891,0.10900556719009769,0.09934904118496936,1.0864926322757538,0.10763013537127347,0.09912200113543249,1.088505514508691,433,0.107474,0.098934,0.014491,571,8.509552,56.768658,0,0.898,0.993,16730.0,0.003078,0,/home/melody/code/individual_project/channel_selection_results/step_k_unet_enc0_direct_fullseq_greedy/artifacts/g_s04_k04_from_d03_d06_d12_add_d02/replicate_0.all_frames.tum.txt,/home/melody/code/individual_project/channel_selection_results/step_k_unet_enc0_direct_fullseq_greedy/artifacts/g_s04_k04_from_d03_d06_d12_add_d02/replicate_0.keyframes.tum.txt,/home/melody/code/individual_project/channel_selection_results/step_k_unet_enc0_direct_fullseq_greedy/artifacts/g_s04_k04_from_d03_d06_d12_add_d02/replicate_0.log,2026-08-15T18:10:49.114429+00:00
g_s04_k04_from_d03_d06_d12_add_d04,direct full-sequence ATE forward-greedy trial,"3,4,6,12","[3, 4, 6, 12]",0,PASS,Completed the full matched RGB-D sequence,45.74086807700223,0,,,1305031473.1961,571,571,573,0.9965095986038395,0.13267213871316066,0.12627502910722013,0.11917475841115735,0.21953349899877955,0.04070028764879741,8.066638119451254,7.53877652108133,12.884720859837465,0.014994610220840674,0.2690877087969254,0.6895547551905322,6.819518432641141,0.1164237797056662,0.1059121515313195,1.0796094573354609,0.12017368576282816,0.10970726323912916,1.0768143719749639,437,0.11997,0.109487,0.018681,571,8.126312,61.666614499999994,0,0.899,0.993,17340.0,0.004749,0,/home/melody/code/individual_project/channel_selection_results/step_k_unet_enc0_direct_fullseq_greedy/artifacts/g_s04_k04_from_d03_d06_d12_add_d04/replicate_0.all_frames.tum.txt,/home/melody/code/individual_project/channel_selection_results/step_k_unet_enc0_direct_fullseq_greedy/artifacts/g_s04_k04_from_d03_d06_d12_add_d04/replicate_0.keyframes.tum.txt,/home/melody/code/individual_project/channel_selection_results/step_k_unet_enc0_direct_fullseq_greedy/artifacts/g_s04_k04_from_d03_d06_d12_add_d04/replicate_0.log,2026-08-15T18:11:35.521237+00:00
g_s04_k04_from_d03_d06_d12_add_d05,direct full-sequence ATE forward-greedy trial,"3,5,6,12","[3, 5, 6, 12]",0,PASS,Completed the full matched RGB-D sequence,46.59754805600096,0,,,1305031473.1961,571,571,573,0.9965095986038395,0.1461553400940934,0.13974203654604708,0.1404076442762775,0.2703032648008433,0.0428199329749983,8.539412617856858,8.207803181771824,11.54824391028748,0.010914748382868425,0.11468827740152775,0.7912785127313872,9.265234726665149,0.13408563412861726,0.12575103835950263,1.0725139593345383,0.13021057810502126,0.12310805082718279,1.0803959759000967,431,0.130113,0.123021,0.014181,571,10.547656,92.10018149999999,0,0.897,0.992,29310.0,0.01822,6,/home/melody/code/individual_project/channel_selection_results/step_k_unet_enc0_direct_fullseq_greedy/artifacts/g_s04_k04_from_d03_d06_d12_add_d05/replicate_0.all_frames.tum.txt,/home/melody/code/individual_project/channel_selection_results/step_k_unet_enc0_direct_fullseq_greedy/artifacts/g_s04_k04_from_d03_d06_d12_add_d05/replicate_0.keyframes.tum.txt,/home/melody/code/individual_project/channel_selection_results/step_k_unet_enc0_direct_fullseq_greedy/artifacts/g_s04_k04_from_d03_d06_d12_add_d05/replicate_0.log,2026-08-15T18:12:22.785265+00:00
g_s04_k04_from_d03_d06_d12_add_d08,direct full-sequence ATE forward-greedy trial,"3,6,8,12","[3, 6, 8, 12]",0,PASS,Completed the full matched RGB-D sequence,46.628707621988724,0,,,1305031473.1961,571,571,573,0.9965095986038395,0.14171240535691376,0.1355936022272841,0.12570389233760992,0.24035960176295348,0.04119200003728034,10.003840907054329,9.624521491080134,13.16257671448541,0.01239046922385761,0.1532085945408356,0.6958257854018474,7.735968290616404,0.11880028344031457,0.10856021090863895,1.098396412752064,0.11902420427038457,0.10827482914928693,1.093886883344208,434,0.118755,0.107986,0.015907,571,20.536032,148.41292600000003,0,0.879,0.993,11140.0,0.006525,0,/home/melody/code/individual_project/channel_selection_results/step_k_unet_enc0_direct_fullseq_greedy/artifacts/g_s04_k04_from_d03_d06_d12_add_d08/replicate_0.all_frames.tum.txt,/home/melody/code/individual_project/channel_selection_results/step_k_unet_enc0_direct_fullseq_greedy/artifacts/g_s04_k04_from_d03_d06_d12_add_d08/replicate_0.keyframes.tum.txt,/home/melody/code/individual_project/channel_selection_results/step_k_unet_enc0_direct_fullseq_greedy/artifacts/g_s04_k04_from_d03_d06_d12_add_d08/replicate_0.log,2026-08-15T18:13:10.078802+00:00
g_s04_k04_from_d03_d06_d12_add_d09,direct full-sequence ATE forward-greedy trial,"3,6,9,12","[3, 6, 9, 12]",0,PASS,Completed the full matched RGB-D sequence,45.69084553800349,0,,,1305031473.1961,571,571,573,0.9965095986038395,0.17839046960301014,0.1728819359160094,0.16779082698613818,0.2643629682419037,0.04398858805548667,10.980457989119262,10.480425992517407,16.04177382411914,0.0115180884141317,0.17305519707178457,0.589319189551045,6.028379980939414,0.16135281445206737,0.15207091254740293,1.0976138699042022,0.1655611593734381,0.15735513400426193,1.0978844008317563,436,0.165419,0.157256,0.014147,571,12.861496,70.8769605,0,0.896,0.993,15940.0,0.003305,0,/home/melody/code/individual_project/channel_selection_results/step_k_unet_enc0_direct_fullseq_greedy/artifacts/g_s04_k04_from_d03_d06_d12_add_d09/replicate_0.all_frames.tum.txt,/home/melody/code/individual_project/channel_selection_results/step_k_unet_enc0_direct_fullseq_greedy/artifacts/g_s04_k04_from_d03_d06_d12_add_d09/replicate_0.keyframes.tum.txt,/home/melody/code/individual_project/channel_selection_results/step_k_unet_enc0_direct_fullseq_greedy/artifacts/g_s04_k04_from_d03_d06_d12_add_d09/replicate_0.log,2026-08-15T18:13:56.423320+00:00
g_s04_k04_from_d03_d06_d12_add_d10,direct full-sequence ATE forward-greedy trial,"3,6,10,12","[3, 6, 10, 12]",0,PASS,Completed the full matched RGB-D sequence,44.6010714389995,0,,,1305031473.1961,571,571,573,0.9965095986038395,0.1764354910583821,0.16669226238838622,0.1560024912052789,0.3250729895594933,0.05782017091685075,9.054792985909344,8.800334573380077,12.942021935148441,0.010627758369396504,0.11967874410579683,0.6360146200270564,6.886551235874868,0.16682136312922147,0.15712548823540393,1.0720785211019852,0.1661378436197079,0.15487790461060044,1.0756801519289572,438,0.166194,0.154987,0.01407,571,8.802854,76.1686055,0,0.873,0.993,7657.0,0.002844,0,/home/melody/code/individual_project/channel_selection_results/step_k_unet_enc0_direct_fullseq_greedy/artifacts/g_s04_k04_from_d03_d06_d12_add_d10/replicate_0.all_frames.tum.txt,/home/melody/code/individual_project/channel_selection_results/step_k_unet_enc0_direct_fullseq_greedy/artifacts/g_s04_k04_from_d03_d06_d12_add_d10/replicate_0.keyframes.tum.txt,/home/melody/code/individual_project/channel_selection_results/step_k_unet_enc0_direct_fullseq_greedy/artifacts/g_s04_k04_from_d03_d06_d12_add_d10/replicate_0.log,2026-08-15T18:14:41.690669+00:00
g_s04_k04_from_d03_d06_d12_add_d11,direct full-sequence ATE forward-greedy trial,"3,6,11,12","[3, 6, 11, 12]",0,PASS,Completed the full matched RGB-D sequence,46.12798617000226,0,,,1305031473.1961,571,571,573,0.9965095986038395,0.14326088428096645,0.13726673441608583,0.12464968241559847,0.23270494270420913,0.04100639691204546,9.203110174850222,8.640739381347851,14.180516792656139,0.012857586851328085,0.17237988585640815,0.8491858427569613,10.104305136252744,0.12469630359457391,0.11291129043366208,1.0891576528826004,0.1253325550742893,0.11364136931618371,1.082559258751476,432,0.125133,0.113425,0.016589,571,8.938936,96.6547245,0,0.895,0.992,16770.0,0.004148,3,/home/melody/code/individual_project/channel_selection_results/step_k_unet_enc0_direct_fullseq_greedy/artifacts/g_s04_k04_from_d03_d06_d12_add_d11/replicate_0.all_frames.tum.txt,/home/melody/code/individual_project/channel_selection_results/step_k_unet_enc0_direct_fullseq_greedy/artifacts/g_s04_k04_from_d03_d06_d12_add_d11/replicate_0.keyframes.tum.txt,/home/melody/code/individual_project/channel_selection_results/step_k_unet_enc0_direct_fullseq_greedy/artifacts/g_s04_k04_from_d03_d06_d12_add_d11/replicate_0.log,2026-08-15T18:15:28.470460+00:00
g_s04_k04_from_d03_d06_d12_add_d13,direct full-sequence ATE forward-greedy trial,"3,6,12,13","[3, 6, 12, 13]",0,PASS,Completed the full matched RGB-D sequence,45.67235166899627,0,,,1305031473.1961,571,571,573,0.9965095986038395,0.13692301914393643,0.12756728514750204,0.12951630170972958,0.23522416200424168,0.04974435577617511,8.116134370000081,7.823167561949818,12.58770699164309,0.012772393937448893,0.1544206297766588,0.8260103949408051,10.536587397262661,0.12420012300890729,0.11462734598360119,1.0716869485926173,0.11926403216448617,0.10843064083224421,1.0757320108250024,430,0.119341,0.10854,0.016564,571,8.525106,82.7043645,0,0.86,0.992,20090.0,0.002747,4,/home/melody/code/individual_project/channel_selection_results/step_k_unet_enc0_direct_fullseq_greedy/artifacts/g_s04_k04_from_d03_d06_d12_add_d13/replicate_0.all_frames.tum.txt,/home/melody/code/individual_project/channel_selection_results/step_k_unet_enc0_direct_fullseq_greedy/artifacts/g_s04_k04_from_d03_d06_d12_add_d13/replicate_0.keyframes.tum.txt,/home/melody/code/individual_project/channel_selection_results/step_k_unet_enc0_direct_fullseq_greedy/artifacts/g_s04_k04_from_d03_d06_d12_add_d13/replicate_0.log,2026-08-15T18:16:14.795959+00:00
g_s04_k04_from_d03_d06_d12_add_d14,direct full-sequence ATE forward-greedy trial,"3,6,12,14","[3, 6, 12, 14]",0,PASS,Completed the full matched RGB-D sequence,45.65978584600089,0,,,1305031473.1961,571,571,573,0.9965095986038395,0.14456732772916564,0.13796543298065214,0.13048656548252252,0.230355378068921,0.04318855808212596,9.594501708179337,8.995986175754966,14.199316297873619,0.013748682022948426,0.22361528924416038,0.7025446623395321,8.633824268987278,0.12760302769076193,0.11648130956772687,1.0856624354525446,0.12918450548532248,0.11729954474415899,1.0827695105891348,436,0.128999,0.117107,0.017076,571,7.514657,92.44394299999999,0,0.898,0.992,18900.0,0.003407,3,/home/melody/code/individual_project/channel_selection_results/step_k_unet_enc0_direct_fullseq_greedy/artifacts/g_s04_k04_from_d03_d06_d12_add_d14/replicate_0.all_frames.tum.txt,/home/melody/code/individual_project/channel_selection_results/step_k_unet_enc0_direct_fullseq_greedy/artifacts/g_s04_k04_from_d03_d06_d12_add_d14/replicate_0.keyframes.tum.txt,/home/melody/code/individual_project/channel_selection_results/step_k_unet_enc0_direct_fullseq_greedy/artifacts/g_s04_k04_from_d03_d06_d12_add_d14/replicate_0.log,2026-08-15T18:17:01.112369+00:00
g_s04_k04_from_d03_d06_d12_add_d15,direct full-sequence ATE forward-greedy trial,"3,6,12,15","[3, 6, 12, 15]",0,PASS,Completed the full matched RGB-D sequence,46.53733396300231,0,,,1305031473.1961,571,571,573,0.9965095986038395,0.22858920867690266,0.2166341215178717,0.20171226695586666,0.4004417339368521,0.07295672496564354,14.917795620264377,14.190891755349613,20.112462122695867,0.016105873416776023,0.28725816160719875,0.8087933173290115,10.845132124516253,0.22387636876461947,0.20852737759515486,1.0580763392314942,0.22916573967556905,0.21366455990177724,1.052062271133821,429,0.229008,0.213585,0.019286,571,22.287571,197.9087525,0,0.897,0.993,14600.0,0.014951,1,/home/melody/code/individual_project/channel_selection_results/step_k_unet_enc0_direct_fullseq_greedy/artifacts/g_s04_k04_from_d03_d06_d12_add_d15/replicate_0.all_frames.tum.txt,/home/melody/code/individual_project/channel_selection_results/step_k_unet_enc0_direct_fullseq_greedy/artifacts/g_s04_k04_from_d03_d06_d12_add_d15/replicate_0.keyframes.tum.txt,/home/melody/code/individual_project/channel_selection_results/step_k_unet_enc0_direct_fullseq_greedy/artifacts/g_s04_k04_from_d03_d06_d12_add_d15/replicate_0.log,2026-08-15T18:17:48.311306+00:00
g_s04_k05_from_d03_d06_d07_d12_add_d00,direct full-sequence ATE forward-greedy trial,"0,3,6,7,12","[0, 3, 6, 7, 12]",0,PASS,Completed the full matched RGB-D sequence,46.54290992001188,0,,,1305031473.1961,571,571,573,0.9965095986038395,0.15280876558779719,0.1417442690280053,0.14770627295260957,0.25595323381701673,0.05708836167015839,9.666242576476733,9.229170804601006,14.815333556289271,0.013427733960162235,0.2348570591959082,0.5628717899409283,3.456203255025332,0.13014016639391118,0.1151592265179796,1.1025832723143878,0.13442508327099198,0.11956415715724074,1.1022120330742036,436,0.134288,0.119418,0.016773,571,11.047553,115.2086985,0,0.897,0.992,18820.0,0.004925,2,/home/melody/code/individual_project/channel_selection_results/step_k_unet_enc0_direct_fullseq_greedy/artifacts/g_s04_k05_from_d03_d06_d07_d12_add_d00/replicate_0.all_frames.tum.txt,/home/melody/code/individual_project/channel_selection_results/step_k_unet_enc0_direct_fullseq_greedy/artifacts/g_s04_k05_from_d03_d06_d07_d12_add_d00/replicate_0.keyframes.tum.txt,/home/melody/code/individual_project/channel_selection_results/step_k_unet_enc0_direct_fullseq_greedy/artifacts/g_s04_k05_from_d03_d06_d07_d12_add_d00/replicate_0.log,2026-08-15T18:18:35.517994+00:00
g_s04_k05_from_d03_d06_d07_d12_add_d01,direct full-sequence ATE forward-greedy trial,"1,3,6,7,12","[1, 3, 6, 7, 12]",0,PASS,Completed the full matched RGB-D sequence,46.06145879800897,0,,,1305031473.1961,571,571,573,0.9965095986038395,0.1384801528171083,0.1306587507961916,0.13057847419250615,0.24816818239366345,0.045880753749566607,7.8504828838646,7.650383998624686,11.963132706373266,0.010624374745148806,0.09920692166460461,0.8222059656730316,11.157403926907415,0.11682734822485032,0.10724655774952356,1.0943121092338906,0.1119484862745239,0.10292897608718946,1.1001696451905736,433,0.111901,0.102895,0.013925,571,9.975491,87.03112,0,0.896,0.993,31450.0,0.004328,9,/home/melody/code/individual_project/channel_selection_results/step_k_unet_enc0_direct_fullseq_greedy/artifacts/g_s04_k05_from_d03_d06_d07_d12_add_d01/replicate_0.all_frames.tum.txt,/home/melody/code/individual_project/channel_selection_results/step_k_unet_enc0_direct_fullseq_greedy/artifacts/g_s04_k05_from_d03_d06_d07_d12_add_d01/replicate_0.keyframes.tum.txt,/home/melody/code/individual_project/channel_selection_results/step_k_unet_enc0_direct_fullseq_greedy/artifacts/g_s04_k05_from_d03_d06_d07_d12_add_d01/replicate_0.log,2026-08-15T18:19:22.255753+00:00
g_s04_k05_from_d03_d06_d07_d12_add_d02,direct full-sequence ATE forward-greedy trial,"2,3,6,7,12","[2, 3, 6, 7, 12]",0,PASS,Completed the full matched RGB-D sequence,45.10513210900535,0,,,1305031473.1961,571,571,573,0.9965095986038395,0.1095672174932841,0.10234417580149195,0.09787391444263327,0.19855532226946496,0.03912345624729402,7.390317223199853,7.097865884033997,11.307327387895125,0.0115349549954091,0.12186616659297761,0.7794524532968327,8.446566725833291,0.09209848093934957,0.08526547801027508,1.0736084898351932,0.08624105262236434,0.08088598764743335,1.0765763856590873,431,0.086171,0.080814,0.015512,571,9.518627,58.1364265,0,0.898,0.993,29260.0,0.006597,3,/home/melody/code/individual_project/channel_selection_results/step_k_unet_enc0_direct_fullseq_greedy/artifacts/g_s04_k05_from_d03_d06_d07_d12_add_d02/replicate_0.all_frames.tum.txt,/home/melody/code/individual_project/channel_selection_results/step_k_unet_enc0_direct_fullseq_greedy/artifacts/g_s04_k05_from_d03_d06_d07_d12_add_d02/replicate_0.keyframes.tum.txt,/home/melody/code/individual_project/channel_selection_results/step_k_unet_enc0_direct_fullseq_greedy/artifacts/g_s04_k05_from_d03_d06_d07_d12_add_d02/replicate_0.log,2026-08-15T18:20:08.036061+00:00
g_s04_k05_from_d03_d06_d07_d12_add_d04,direct full-sequence ATE forward-greedy trial,"3,4,6,7,12","[3, 4, 6, 7, 12]",0,PASS,Completed the full matched RGB-D sequence,45.91158081400499,0,,,1305031473.1961,571,571,573,0.9965095986038395,0.12443223635916104,0.11543021504760209,0.11428818575662102,0.20600058927318549,0.046467697375773304,7.868113683089506,7.53171386859178,11.567272751415052,0.014634969238286817,0.267597207022686,0.6342935050542451,5.451622788918009,0.10667743527558714,0.09501690213013697,1.080075089119343,0.10992501674270824,0.09751563303126608,1.079152233060006,435,0.109757,0.097335,0.018526,571,9.23525,61.058513500000004,0,0.891,0.993,29490.0,0.006471,3,/home/melody/code/individual_project/channel_selection_results/step_k_unet_enc0_direct_fullseq_greedy/artifacts/g_s04_k05_from_d03_d06_d07_d12_add_d04/replicate_0.all_frames.tum.txt,/home/melody/code/individual_project/channel_selection_results/step_k_unet_enc0_direct_fullseq_greedy/artifacts/g_s04_k05_from_d03_d06_d07_d12_add_d04/replicate_0.keyframes.tum.txt,/home/melody/code/individual_project/channel_selection_results/step_k_unet_enc0_direct_fullseq_greedy/artifacts/g_s04_k05_from_d03_d06_d07_d12_add_d04/replicate_0.log,2026-08-15T18:20:54.609464+00:00
g_s04_k05_from_d03_d06_d07_d12_add_d05,direct full-sequence ATE forward-greedy trial,"3,5,6,7,12","[3, 5, 6, 7, 12]",0,PASS,Completed the full matched RGB-D sequence,45.962596886005485,0,,,1305031473.1961,571,571,573,0.9965095986038395,0.14998427207987783,0.14337446318051897,0.1461951545491784,0.23230837764351014,0.04403459071035893,9.118557600122207,8.644976067829232,12.883419264735787,0.012249913496430414,0.18053619577786384,0.7891396390713923,10.376639459770859,0.1381628518670909,0.12971054884818473,1.0728467473388168,0.1386707046713277,0.13054708533545445,1.0765244568435928,436,0.138576,0.130476,0.015787,571,11.029795,78.12894449999999,0,0.897,0.993,31050.0,0.005105,6,/home/melody/code/individual_project/channel_selection_results/step_k_unet_enc0_direct_fullseq_greedy/artifacts/g_s04_k05_from_d03_d06_d07_d12_add_d05/replicate_0.all_frames.tum.txt,/home/melody/code/individual_project/channel_selection_results/step_k_unet_enc0_direct_fullseq_greedy/artifacts/g_s04_k05_from_d03_d06_d07_d12_add_d05/replicate_0.keyframes.tum.txt,/home/melody/code/individual_project/channel_selection_results/step_k_unet_enc0_direct_fullseq_greedy/artifacts/g_s04_k05_from_d03_d06_d07_d12_add_d05/replicate_0.log,2026-08-15T18:21:41.234350+00:00
g_s04_k05_from_d03_d06_d07_d12_add_d08,direct full-sequence ATE forward-greedy trial,"3,6,7,8,12","[3, 6, 7, 8, 12]",0,PASS,Completed the full matched RGB-D sequence,46.66705710400129,0,,,1305031473.1961,571,571,573,0.9965095986038395,0.13016636375457485,0.12726695135719626,0.12227655776070089,0.20388547616510405,0.027320419933327164,8.63052497138036,8.025349002341661,13.035410410293657,0.012586046914684505,0.16785663578330434,0.773109990096976,9.545816024663754,0.10730538678926303,0.100594222451868,1.0932358275351004,0.10666441693086105,0.09985296856115776,1.0925562369450144,436,0.106493,0.099672,0.016235,571,15.11913,104.3061105,0,0.895,0.992,16830.0,0.005343,0,/home/melody/code/individual_project/channel_selection_results/step_k_unet_enc0_direct_fullseq_greedy/artifacts/g_s04_k05_from_d03_d06_d07_d12_add_d08/replicate_0.all_frames.tum.txt,/home/melody/code/individual_project/channel_selection_results/step_k_unet_enc0_direct_fullseq_greedy/artifacts/g_s04_k05_from_d03_d06_d07_d12_add_d08/replicate_0.keyframes.tum.txt,/home/melody/code/individual_project/channel_selection_results/step_k_unet_enc0_direct_fullseq_greedy/artifacts/g_s04_k05_from_d03_d06_d07_d12_add_d08/replicate_0.log,2026-08-15T18:22:28.567192+00:00
g_s04_k05_from_d03_d06_d07_d12_add_d09,direct full-sequence ATE forward-greedy trial,"3,6,7,9,12","[3, 6, 7, 9, 12]",0,PASS,Completed the full matched RGB-D sequence,45.79769466500147,0,,,1305031473.1961,571,571,573,0.9965095986038395,0.13363096581204725,0.12765991708154015,0.12826106258335063,0.25175849650087667,0.03949912144079715,8.551399704982645,8.35625292451148,12.131775132585537,0.009437392663121763,0.06688194656710761,0.6738772147299729,8.872241817627284,0.11580942145377666,0.10666452133480002,1.08374344951098,0.10982866644153502,0.10100810148461677,1.0890693670625606,433,0.109846,0.101057,0.012646,571,12.016746,68.285122,0,0.883,0.993,39460.0,0.002953,3,/home/melody/code/individual_project/channel_selection_results/step_k_unet_enc0_direct_fullseq_greedy/artifacts/g_s04_k05_from_d03_d06_d07_d12_add_d09/replicate_0.all_frames.tum.txt,/home/melody/code/individual_project/channel_selection_results/step_k_unet_enc0_direct_fullseq_greedy/artifacts/g_s04_k05_from_d03_d06_d07_d12_add_d09/replicate_0.keyframes.tum.txt,/home/melody/code/individual_project/channel_selection_results/step_k_unet_enc0_direct_fullseq_greedy/artifacts/g_s04_k05_from_d03_d06_d07_d12_add_d09/replicate_0.log,2026-08-15T18:23:15.024168+00:00
g_s04_k05_from_d03_d06_d07_d12_add_d10,direct full-sequence ATE forward-greedy trial,"3,6,7,10,12","[3, 6, 7, 10, 12]",0,PASS,Completed the full matched RGB-D sequence,44.73308839800302,0,,,1305031473.1961,571,571,573,0.9965095986038395,0.14686565641991992,0.13532552190509975,0.12134544997582099,0.2837346984991838,0.05706596320720721,8.90578874599794,8.719393252173104,12.847544129853269,0.010173002259126243,0.12272413395493406,0.5945435972643327,6.946102736933231,0.13426774588195528,0.12428973645122174,1.0743296139102774,0.12901053668298057,0.11753027573681041,1.079121290300706,433,0.129106,0.117666,0.013265,571,9.839565,67.6915435,0,0.874,0.993,9985.0,0.001909,0,/home/melody/code/individual_project/channel_selection_results/step_k_unet_enc0_direct_fullseq_greedy/artifacts/g_s04_k05_from_d03_d06_d07_d12_add_d10/replicate_0.all_frames.tum.txt,/home/melody/code/individual_project/channel_selection_results/step_k_unet_enc0_direct_fullseq_greedy/artifacts/g_s04_k05_from_d03_d06_d07_d12_add_d10/replicate_0.keyframes.tum.txt,/home/melody/code/individual_project/channel_selection_results/step_k_unet_enc0_direct_fullseq_greedy/artifacts/g_s04_k05_from_d03_d06_d07_d12_add_d10/replicate_0.log,2026-08-15T18:24:00.419116+00:00
g_s04_k05_from_d03_d06_d07_d12_add_d11,direct full-sequence ATE forward-greedy trial,"3,6,7,11,12","[3, 6, 7, 11, 12]",0,PASS,Completed the full matched RGB-D sequence,46.225189010001486,0,,,1305031473.1961,571,571,573,0.9965095986038395,0.12198110353487862,0.1163958420931689,0.1256551266035888,0.2281057879947411,0.03648832091243538,9.201688025030156,8.914173560981839,17.364488304554754,0.012828136886368836,0.1730083427443006,0.7958329046662107,12.227857696276653,0.0955614784416358,0.08799487505059538,1.0960238357413,0.08979231377731074,0.08250196768312622,1.0996614931751425,433,0.089673,0.082362,0.017009,571,9.786984,86.525654,0,0.895,0.993,25660.0,0.003385,3,/home/melody/code/individual_project/channel_selection_results/step_k_unet_enc0_direct_fullseq_greedy/artifacts/g_s04_k05_from_d03_d06_d07_d12_add_d11/replicate_0.all_frames.tum.txt,/home/melody/code/individual_project/channel_selection_results/step_k_unet_enc0_direct_fullseq_greedy/artifacts/g_s04_k05_from_d03_d06_d07_d12_add_d11/replicate_0.keyframes.tum.txt,/home/melody/code/individual_project/channel_selection_results/step_k_unet_enc0_direct_fullseq_greedy/artifacts/g_s04_k05_from_d03_d06_d07_d12_add_d11/replicate_0.log,2026-08-15T18:24:47.305484+00:00
g_s04_k05_from_d03_d06_d07_d12_add_d14,direct full-sequence ATE forward-greedy trial,"3,6,7,12,14","[3, 6, 7, 12, 14]",0,PASS,Completed the full matched RGB-D sequence,45.38291796699923,0,,,1305031473.1961,571,571,573,0.9965095986038395,0.12699967795920317,0.12243535370472307,0.11547515033859436,0.22923497937880594,0.03374170068239991,7.818570185003558,7.356000066143892,11.801962659126492,0.011646596484916737,0.1311013622652896,0.8016394227159083,9.870003757105543,0.10851851849177828,0.10061192968443758,1.082694074205938,0.10489322062529222,0.09804213948844936,1.0852937418403434,431,0.104777,0.097921,0.015217,571,8.757997,82.20514299999999,0,0.898,0.993,29210.0,0.003883,5,/home/melody/code/individual_project/channel_selection_results/step_k_unet_enc0_direct_fullseq_greedy/artifacts/g_s04_k05_from_d03_d06_d07_d12_add_d14/replicate_0.all_frames.tum.txt,/home/melody/code/individual_project/channel_selection_results/step_k_unet_enc0_direct_fullseq_greedy/artifacts/g_s04_k05_from_d03_d06_d07_d12_add_d14/replicate_0.keyframes.tum.txt,/home/melody/code/individual_project/channel_selection_results/step_k_unet_enc0_direct_fullseq_greedy/artifacts/g_s04_k05_from_d03_d06_d07_d12_add_d14/replicate_0.log,2026-08-15T18:25:33.369426+00:00
g_s04_k05_from_d03_d06_d07_d12_add_d15,direct full-sequence ATE forward-greedy trial,"3,6,7,12,15","[3, 6, 7, 12, 15]",0,PASS,Completed the full matched RGB-D sequence,46.22007048399246,0,,,1305031473.1961,571,571,573,0.9965095986038395,0.16429421815162534,0.16022791346914814,0.16131250315362772,0.23610820542765087,0.03632637971745928,10.514699711380986,9.934396022150985,15.468266988209187,0.0129363337329815,0.15865928500955326,0.8275670372819132,9.377461734952588,0.14930301515882274,0.14102173861108064,1.0868886786433245,0.14994003844537385,0.14183417888563832,1.0873740780599777,433,0.149819,0.141742,0.01706,571,14.38888,110.72213350000001,0,0.897,0.993,17990.0,0.005852,0,/home/melody/code/individual_project/channel_selection_results/step_k_unet_enc0_direct_fullseq_greedy/artifacts/g_s04_k05_from_d03_d06_d07_d12_add_d15/replicate_0.all_frames.tum.txt,/home/melody/code/individual_project/channel_selection_results/step_k_unet_enc0_direct_fullseq_greedy/artifacts/g_s04_k05_from_d03_d06_d07_d12_add_d15/replicate_0.keyframes.tum.txt,/home/melody/code/individual_project/channel_selection_results/step_k_unet_enc0_direct_fullseq_greedy/artifacts/g_s04_k05_from_d03_d06_d07_d12_add_d15/replicate_0.log,2026-08-15T18:26:20.258431+00:00
g_s04_k06_from_d02_d03_d06_d07_d12_add_d00,direct full-sequence ATE forward-greedy trial,"0,2,3,6,7,12","[0, 2, 3, 6, 7, 12]",0,PASS,Completed the full matched RGB-D sequence,45.80300894200627,0,,,1305031473.1961,571,571,573,0.9965095986038395,0.13362680831724683,0.1274144371693935,0.13028248793126695,0.2206100716934633,0.04027015150034701,8.486988994347879,8.264820719090777,12.283537269621299,0.010621997759434962,0.12376535637410589,0.5610349801029871,3.4067031527287615,0.11025575681786225,0.10412685685662446,1.0957994482233215,0.10840435061869964,0.1018386953810311,1.1011407368360746,435,0.108354,0.101792,0.013762,571,12.289001,96.24787900000001,0,0.892,0.992,22320.0,0.006963,2,/home/melody/code/individual_project/channel_selection_results/step_k_unet_enc0_direct_fullseq_greedy/artifacts/g_s04_k06_from_d02_d03_d06_d07_d12_add_d00/replicate_0.all_frames.tum.txt,/home/melody/code/individual_project/channel_selection_results/step_k_unet_enc0_direct_fullseq_greedy/artifacts/g_s04_k06_from_d02_d03_d06_d07_d12_add_d00/replicate_0.keyframes.tum.txt,/home/melody/code/individual_project/channel_selection_results/step_k_unet_enc0_direct_fullseq_greedy/artifacts/g_s04_k06_from_d02_d03_d06_d07_d12_add_d00/replicate_0.log,2026-08-15T18:27:06.734802+00:00
g_s04_k06_from_d02_d03_d06_d07_d12_add_d01,direct full-sequence ATE forward-greedy trial,"1,2,3,6,7,12","[1, 2, 3, 6, 7, 12]",0,PASS,Completed the full matched RGB-D sequence,45.83255415900203,0,,,1305031473.1961,571,571,573,0.9965095986038395,0.15242811760888866,0.14259597475394362,0.1364168366791308,0.2724333035233735,0.05385832360705134,8.399499090811084,8.265142488767541,12.22038594794701,0.0108196375828285,0.1314861413336916,0.7350184319734009,8.741745078718823,0.1363434545659642,0.1245131037849612,1.086085710016422,0.13005452206152499,0.11860367501312148,1.0947235839407496,432,0.130094,0.118664,0.014704,571,11.477111,83.589035,0,0.897,0.993,32270.0,0.006732,16,/home/melody/code/individual_project/channel_selection_results/step_k_unet_enc0_direct_fullseq_greedy/artifacts/g_s04_k06_from_d02_d03_d06_d07_d12_add_d01/replicate_0.all_frames.tum.txt,/home/melody/code/individual_project/channel_selection_results/step_k_unet_enc0_direct_fullseq_greedy/artifacts/g_s04_k06_from_d02_d03_d06_d07_d12_add_d01/replicate_0.keyframes.tum.txt,/home/melody/code/individual_project/channel_selection_results/step_k_unet_enc0_direct_fullseq_greedy/artifacts/g_s04_k06_from_d02_d03_d06_d07_d12_add_d01/replicate_0.log,2026-08-15T18:27:53.220317+00:00
g_s04_k06_from_d02_d03_d06_d07_d12_add_d04,direct full-sequence ATE forward-greedy trial,"2,3,4,6,7,12","[2, 3, 4, 6, 7, 12]",0,PASS,Completed the full matched RGB-D sequence,45.4301707919949,0,,,1305031473.1961,571,571,573,0.9965095986038395,0.13295068570148513,0.1270534310055338,0.1226813422816749,0.2076557086884741,0.039157508835690004,7.874375090347254,7.541885535383135,11.824543111467433,0.01394966655819522,0.24461423356002385,0.7011637745594957,8.743093509794617,0.11545225936017862,0.1066317412657057,1.0827257162064805,0.11622634455157678,0.10783338743448634,1.084168191889206,435,0.116089,0.10769,0.017869,571,10.879589,68.6336365,0,0.899,0.993,34990.0,0.00344,3,/home/melody/code/individual_project/channel_selection_results/step_k_unet_enc0_direct_fullseq_greedy/artifacts/g_s04_k06_from_d02_d03_d06_d07_d12_add_d04/replicate_0.all_frames.tum.txt,/home/melody/code/individual_project/channel_selection_results/step_k_unet_enc0_direct_fullseq_greedy/artifacts/g_s04_k06_from_d02_d03_d06_d07_d12_add_d04/replicate_0.keyframes.tum.txt,/home/melody/code/individual_project/channel_selection_results/step_k_unet_enc0_direct_fullseq_greedy/artifacts/g_s04_k06_from_d02_d03_d06_d07_d12_add_d04/replicate_0.log,2026-08-15T18:28:39.303423+00:00
g_s04_k06_from_d02_d03_d06_d07_d12_add_d05,direct full-sequence ATE forward-greedy trial,"2,3,5,6,7,12","[2, 3, 5, 6, 7, 12]",0,PASS,Completed the full matched RGB-D sequence,45.569016952998936,0,,,1305031473.1961,571,571,573,0.9965095986038395,0.13746183680748636,0.13122563829244896,0.12990067886049905,0.23879595450794505,0.0409339520841485,7.790564446749914,7.4212393979561835,11.117101370664887,0.011024018740274102,0.139092139211102,0.7467370601222996,9.878277735507073,0.12319641390702966,0.11552645122440636,1.0761433651798613,0.12150375950442863,0.1149939636107158,1.0811286694903153,436,0.121409,0.114916,0.014433,571,12.486804,75.30261999999999,0,0.898,0.993,30760.0,0.016465,5,/home/melody/code/individual_project/channel_selection_results/step_k_unet_enc0_direct_fullseq_greedy/artifacts/g_s04_k06_from_d02_d03_d06_d07_d12_add_d05/replicate_0.all_frames.tum.txt,/home/melody/code/individual_project/channel_selection_results/step_k_unet_enc0_direct_fullseq_greedy/artifacts/g_s04_k06_from_d02_d03_d06_d07_d12_add_d05/replicate_0.keyframes.tum.txt,/home/melody/code/individual_project/channel_selection_results/step_k_unet_enc0_direct_fullseq_greedy/artifacts/g_s04_k06_from_d02_d03_d06_d07_d12_add_d05/replicate_0.log,2026-08-15T18:29:25.528768+00:00
g_s04_k06_from_d02_d03_d06_d07_d12_add_d08,direct full-sequence ATE forward-greedy trial,"2,3,6,7,8,12","[2, 3, 6, 7, 8, 12]",0,PASS,Completed the full matched RGB-D sequence,45.880946518009296,0,,,1305031473.1961,571,571,573,0.9965095986038395,0.15229548689324865,0.14271542223165995,0.13903566583481042,0.2854167194751619,0.053162238339734116,9.166838839789825,8.958518571722148,12.907519466473186,0.01033485535323774,0.1065087116541467,0.7378734445321775,9.62901149082013,0.14253083626895482,0.12973723254740882,1.0666376296654299,0.1363893799893163,0.12342279034557127,1.0726354766445305,433,0.136454,0.12354,0.013913,571,15.049207,92.5010645,0,0.874,0.993,17050.0,0.004648,0,/home/melody/code/individual_project/channel_selection_results/step_k_unet_enc0_direct_fullseq_greedy/artifacts/g_s04_k06_from_d02_d03_d06_d07_d12_add_d08/replicate_0.all_frames.tum.txt,/home/melody/code/individual_project/channel_selection_results/step_k_unet_enc0_direct_fullseq_greedy/artifacts/g_s04_k06_from_d02_d03_d06_d07_d12_add_d08/replicate_0.keyframes.tum.txt,/home/melody/code/individual_project/channel_selection_results/step_k_unet_enc0_direct_fullseq_greedy/artifacts/g_s04_k06_from_d02_d03_d06_d07_d12_add_d08/replicate_0.log,2026-08-15T18:30:12.076560+00:00
g_s04_k06_from_d02_d03_d06_d07_d12_add_d09,direct full-sequence ATE forward-greedy trial,"2,3,6,7,9,12","[2, 3, 6, 7, 9, 12]",0,PASS,Completed the full matched RGB-D sequence,45.40647045100923,0,,,1305031473.1961,571,571,573,0.9965095986038395,0.12609025778795327,0.12006915978879636,0.12094626606445509,0.2215843468082547,0.03849870097347431,8.481915443802803,8.25423222646101,11.605375902794249,0.011970117079362822,0.17716177352961798,0.6902940475906033,9.415021361910211,0.10519925970282232,0.09939571885037586,1.0874702546968182,0.10380112120556877,0.09879868382827646,1.0912280639408634,431,0.103707,0.098714,0.015992,571,13.002898,67.435566,0,0.898,0.993,41200.0,0.006653,2,/home/melody/code/individual_project/channel_selection_results/step_k_unet_enc0_direct_fullseq_greedy/artifacts/g_s04_k06_from_d02_d03_d06_d07_d12_add_d09/replicate_0.all_frames.tum.txt,/home/melody/code/individual_project/channel_selection_results/step_k_unet_enc0_direct_fullseq_greedy/artifacts/g_s04_k06_from_d02_d03_d06_d07_d12_add_d09/replicate_0.keyframes.tum.txt,/home/melody/code/individual_project/channel_selection_results/step_k_unet_enc0_direct_fullseq_greedy/artifacts/g_s04_k06_from_d02_d03_d06_d07_d12_add_d09/replicate_0.log,2026-08-15T18:30:58.145796+00:00
g_s04_k06_from_d02_d03_d06_d07_d12_add_d10,direct full-sequence ATE forward-greedy trial,"2,3,6,7,10,12","[2, 3, 6, 7, 10, 12]",0,PASS,Completed the full matched RGB-D sequence,44.377347886998905,0,,,1305031473.1961,571,571,573,0.9965095986038395,0.12796307064406426,0.12111567323536727,0.11581591022919276,0.22555678784591296,0.0412981978468978,8.53147122066124,8.396715386193138,11.682043510144817,0.009189866151387597,0.0809857997211656,0.5507839676962467,4.616836847900048,0.10924527765419573,0.1011997020829407,1.0835985141151447,0.10326647924766709,0.09410783611936964,1.0891279587004123,432,0.103314,0.094173,0.011871,571,11.391333,76.3330765,0,0.872,0.993,10510.0,0.00283,0,/home/melody/code/individual_project/channel_selection_results/step_k_unet_enc0_direct_fullseq_greedy/artifacts/g_s04_k06_from_d02_d03_d06_d07_d12_add_d10/replicate_0.all_frames.tum.txt,/home/melody/code/individual_project/channel_selection_results/step_k_unet_enc0_direct_fullseq_greedy/artifacts/g_s04_k06_from_d02_d03_d06_d07_d12_add_d10/replicate_0.keyframes.tum.txt,/home/melody/code/individual_project/channel_selection_results/step_k_unet_enc0_direct_fullseq_greedy/artifacts/g_s04_k06_from_d02_d03_d06_d07_d12_add_d10/replicate_0.log,2026-08-15T18:31:43.179847+00:00
g_s04_k06_from_d02_d03_d06_d07_d12_add_d11,direct full-sequence ATE forward-greedy trial,"2,3,6,7,11,12","[2, 3, 6, 7, 11, 12]",0,PASS,Completed the full matched RGB-D sequence,45.52817692900135,0,,,1305031473.1961,571,571,573,0.9965095986038395,0.11182139709676263,0.10732834272774554,0.10672519552969731,0.19622250706594435,0.03137916021800877,7.8333678967231375,7.210719015100264,12.526567434948493,0.012018696967543313,0.1365323361463856,0.7828234723249041,8.925276577624192,0.08659352882257346,0.0801541412956824,1.0889365747049062,0.0834006363595237,0.07833060456123503,1.0900919415412935,434,0.083259,0.07817,0.015731,571,11.347521,77.955963,0,0.897,0.993,25730.0,0.027505,3,/home/melody/code/individual_project/channel_selection_results/step_k_unet_enc0_direct_fullseq_greedy/artifacts/g_s04_k06_from_d02_d03_d06_d07_d12_add_d11/replicate_0.all_frames.tum.txt,/home/melody/code/individual_project/channel_selection_results/step_k_unet_enc0_direct_fullseq_greedy/artifacts/g_s04_k06_from_d02_d03_d06_d07_d12_add_d11/replicate_0.keyframes.tum.txt,/home/melody/code/individual_project/channel_selection_results/step_k_unet_enc0_direct_fullseq_greedy/artifacts/g_s04_k06_from_d02_d03_d06_d07_d12_add_d11/replicate_0.log,2026-08-15T18:32:29.361529+00:00
g_s04_k06_from_d02_d03_d06_d07_d12_add_d14,direct full-sequence ATE forward-greedy trial,"2,3,6,7,12,14","[2, 3, 6, 7, 12, 14]",0,PASS,Completed the full matched RGB-D sequence,45.1048097830062,0,,,1305031473.1961,571,571,573,0.9965095986038395,0.11302596647088245,0.10809589628289297,0.10335981337323713,0.2079469216731601,0.03301736366633607,7.091173321589079,6.5836007582769405,11.386821557469334,0.010066705084588607,0.08759659579672104,0.6952372601978742,7.067645276218832,0.09153844972549434,0.0850354350278159,1.0829304731375184,0.08781884392628958,0.0821380349097937,1.08507648030795,432,0.087691,0.082004,0.013257,571,10.320777,67.4411965,0,0.898,0.993,32920.0,0.030949,4,/home/melody/code/individual_project/channel_selection_results/step_k_unet_enc0_direct_fullseq_greedy/artifacts/g_s04_k06_from_d02_d03_d06_d07_d12_add_d14/replicate_0.all_frames.tum.txt,/home/melody/code/individual_project/channel_selection_results/step_k_unet_enc0_direct_fullseq_greedy/artifacts/g_s04_k06_from_d02_d03_d06_d07_d12_add_d14/replicate_0.keyframes.tum.txt,/home/melody/code/individual_project/channel_selection_results/step_k_unet_enc0_direct_fullseq_greedy/artifacts/g_s04_k06_from_d02_d03_d06_d07_d12_add_d14/replicate_0.log,2026-08-15T18:33:15.139056+00:00
g_s04_k06_from_d02_d03_d06_d07_d12_add_d15,direct full-sequence ATE forward-greedy trial,"2,3,6,7,12,15","[2, 3, 6, 7, 12, 15]",0,PASS,Completed the full matched RGB-D sequence,45.6558567769971,0,,,1305031473.1961,571,571,573,0.9965095986038395,0.1292044227111744,0.12005146323520827,0.11961272578632222,0.21091723760715594,0.04776430700024107,8.492393387408868,8.097287679172611,12.417327711030316,0.013897890043360825,0.24351868560868914,0.6712031953326517,5.784679216331839,0.111084599612697,0.0999634733494729,1.082741744878269,0.1147985922758339,0.1029559175380944,1.0827518880867668,431,0.114599,0.102772,0.017759,571,14.262794,94.11923200000001,0,0.904,0.993,20660.0,0.005081,0,/home/melody/code/individual_project/channel_selection_results/step_k_unet_enc0_direct_fullseq_greedy/artifacts/g_s04_k06_from_d02_d03_d06_d07_d12_add_d15/replicate_0.all_frames.tum.txt,/home/melody/code/individual_project/channel_selection_results/step_k_unet_enc0_direct_fullseq_greedy/artifacts/g_s04_k06_from_d02_d03_d06_d07_d12_add_d15/replicate_0.keyframes.tum.txt,/home/melody/code/individual_project/channel_selection_results/step_k_unet_enc0_direct_fullseq_greedy/artifacts/g_s04_k06_from_d02_d03_d06_d07_d12_add_d15/replicate_0.log,2026-08-15T18:34:01.469154+00:00
r_k03_0001_d00_d02_d04,budget-matched cardinality-stratified random full-sequence control,"0,2,4","[0, 2, 4]",0,PASS,Completed the full matched RGB-D sequence,46.27285672001017,0,,,1305031473.1961,571,571,573,0.9965095986038395,0.1395779011946677,0.13378707810167928,0.1375909676468637,0.23008448408184914,0.03978703601581284,8.563341811319727,8.308192850674363,13.31058689867043,0.009871265723410749,0.09795582692680445,0.5471810236790908,2.7328414158860235,0.11619855452606971,0.11026234187559296,1.0984514147074123,0.11416930485022013,0.10718706502050232,1.1048504801744778,433,0.114146,0.107171,0.012293,571,5.552474,68.8227885,0,0.898,0.992,16580.0,0.002457,0,/home/melody/code/individual_project/channel_selection_results/step_k_unet_enc0_direct_fullseq_greedy/artifacts/r_k03_0001_d00_d02_d04/replicate_0.all_frames.tum.txt,/home/melody/code/individual_project/channel_selection_results/step_k_unet_enc0_direct_fullseq_greedy/artifacts/r_k03_0001_d00_d02_d04/replicate_0.keyframes.tum.txt,/home/melody/code/individual_project/channel_selection_results/step_k_unet_enc0_direct_fullseq_greedy/artifacts/r_k03_0001_d00_d02_d04/replicate_0.log,2026-08-15T18:34:48.435264+00:00
r_k03_0002_d00_d02_d09,budget-matched cardinality-stratified random full-sequence control,"0,2,9","[0, 2, 9]",0,PASS,Completed the full matched RGB-D sequence,46.41400091200194,0,,,1305031473.1961,571,571,573,0.9965095986038395,0.15682383865396973,0.1483008053349584,0.1339317335576616,0.2599058776365246,0.050995955792289153,10.601167760770343,10.13453023769799,16.233549552214352,0.010337615893665771,0.12016867709345502,0.5547634421189064,2.2601865835746433,0.11504400986107617,0.10595174509933514,1.1409057801854223,0.11609766984710247,0.10884466540418006,1.147056300937917,435,0.115852,0.108638,0.01339,571,8.031806,85.1628265,0,0.897,0.992,16240.0,0.002275,0,/home/melody/code/individual_project/channel_selection_results/step_k_unet_enc0_direct_fullseq_greedy/artifacts/r_k03_0002_d00_d02_d09/replicate_0.all_frames.tum.txt,/home/melody/code/individual_project/channel_selection_results/step_k_unet_enc0_direct_fullseq_greedy/artifacts/r_k03_0002_d00_d02_d09/replicate_0.keyframes.tum.txt,/home/melody/code/individual_project/channel_selection_results/step_k_unet_enc0_direct_fullseq_greedy/artifacts/r_k03_0002_d00_d02_d09/replicate_0.log,2026-08-15T18:35:35.513196+00:00
r_k03_0003_d00_d03_d09,budget-matched cardinality-stratified random full-sequence control,"0,3,9","[0, 3, 9]",0,PASS,Completed the full matched RGB-D sequence,45.55185902000812,0,,,1305031473.1961,571,571,573,0.9965095986038395,0.15438437828451393,0.14832173083632524,0.1479822470206985,0.2412330064448663,0.04283923925576383,10.096577817411085,9.655209690884847,15.778696704210722,0.00867298321246105,0.03671676262950972,0.5235616216260927,2.0366426011575025,0.11734377530338023,0.1097361856139862,1.1316055090304091,0.11442743772104488,0.10808736085487888,1.1350427338053124,432,0.114219,0.107908,0.010866,571,6.94993,59.1814805,0,0.875,0.992,15190.0,0.005457,2,/home/melody/code/individual_project/channel_selection_results/step_k_unet_enc0_direct_fullseq_greedy/artifacts/r_k03_0003_d00_d03_d09/replicate_0.all_frames.tum.txt,/home/melody/code/individual_project/channel_selection_results/step_k_unet_enc0_direct_fullseq_greedy/artifacts/r_k03_0003_d00_d03_d09/replicate_0.keyframes.tum.txt,/home/melody/code/individual_project/channel_selection_results/step_k_unet_enc0_direct_fullseq_greedy/artifacts/r_k03_0003_d00_d03_d09/replicate_0.log,2026-08-15T18:36:21.746477+00:00
r_k03_0004_d00_d04_d07,budget-matched cardinality-stratified random full-sequence control,"0,4,7","[0, 4, 7]",0,PASS,Completed the full matched RGB-D sequence,47.001076258005924,0,,,1305031473.1961,571,571,573,0.9965095986038395,0.16945097764322892,0.15621703276883708,0.15974501888327403,0.2847775111824452,0.06564961916984852,9.304984635355577,8.94665260727007,12.388578235321136,0.016780280444202673,0.3255861771279819,0.5747582852377345,4.12526572379861,0.15388733975248478,0.1343217511162864,1.0902607588944022,0.16011286011865844,0.14132925448399686,1.0881828849210216,435,0.15993,0.141137,0.020788,571,5.268976,65.2559125,0,0.879,0.993,48850.0,0.003261,6,/home/melody/code/individual_project/channel_selection_results/step_k_unet_enc0_direct_fullseq_greedy/artifacts/r_k03_0004_d00_d04_d07/replicate_0.all_frames.tum.txt,/home/melody/code/individual_project/channel_selection_results/step_k_unet_enc0_direct_fullseq_greedy/artifacts/r_k03_0004_d00_d04_d07/replicate_0.keyframes.tum.txt,/home/melody/code/individual_project/channel_selection_results/step_k_unet_enc0_direct_fullseq_greedy/artifacts/r_k03_0004_d00_d04_d07/replicate_0.log,2026-08-15T18:37:09.410730+00:00
r_k03_0005_d00_d04_d11,budget-matched cardinality-stratified random full-sequence control,"0,4,11","[0, 4, 11]",0,PASS,Completed the full matched RGB-D sequence,47.00080779999553,0,,,1305031473.1961,571,571,573,0.9965095986038395,0.17141766284378698,0.15830279882245338,0.16064116897854766,0.26200551266013017,0.06575894631001995,10.237899175631043,9.881657134271283,13.514576721758672,0.014459290541113681,0.2638656154420826,0.5840116028785327,3.510231280131874,0.14314840501255324,0.12758474780461757,1.1233602674661023,0.14960150239479672,0.1353470875600667,1.123507882284515,436,0.149344,0.135127,0.018714,571,5.972916,157.772583,0,0.896,0.993,18430.0,0.004761,0,/home/melody/code/individual_project/channel_selection_results/step_k_unet_enc0_direct_fullseq_greedy/artifacts/r_k03_0005_d00_d04_d11/replicate_0.all_frames.tum.txt,/home/melody/code/individual_project/channel_selection_results/step_k_unet_enc0_direct_fullseq_greedy/artifacts/r_k03_0005_d00_d04_d11/replicate_0.keyframes.tum.txt,/home/melody/code/individual_project/channel_selection_results/step_k_unet_enc0_direct_fullseq_greedy/artifacts/r_k03_0005_d00_d04_d11/replicate_0.log,2026-08-15T18:37:57.076772+00:00
r_k03_0006_d00_d07_d08,budget-matched cardinality-stratified random full-sequence control,"0,7,8","[0, 7, 8]",0,PASS,Completed the full matched RGB-D sequence,48.20932950399583,0,,,1305031473.1961,571,571,573,0.9965095986038395,0.1780749358313369,0.17146243343167508,0.17628998411542932,0.2621355940153681,0.04807615513976916,11.39936587156688,10.808572847656958,18.469055057501265,0.013837757544230025,0.21984315977160046,0.6884079899632031,8.468613659224614,0.15115850696869443,0.14379554440941866,1.1233420344511584,0.15255784999013755,0.1458841168388333,1.1251705065328956,430,0.152454,0.145797,0.018138,571,16.028286,465.400482,0,0.895,0.992,14860.0,0.002366,0,/home/melody/code/individual_project/channel_selection_results/step_k_unet_enc0_direct_fullseq_greedy/artifacts/r_k03_0006_d00_d07_d08/replicate_0.all_frames.tum.txt,/home/melody/code/individual_project/channel_selection_results/step_k_unet_enc0_direct_fullseq_greedy/artifacts/r_k03_0006_d00_d07_d08/replicate_0.keyframes.tum.txt,/home/melody/code/individual_project/channel_selection_results/step_k_unet_enc0_direct_fullseq_greedy/artifacts/r_k03_0006_d00_d07_d08/replicate_0.log,2026-08-15T18:38:45.954766+00:00
r_k03_0007_d00_d07_d13,budget-matched cardinality-stratified random full-sequence control,"0,7,13","[0, 7, 13]",0,PASS,Completed the full matched RGB-D sequence,46.92939246799506,0,,,1305031473.1961,571,571,573,0.9965095986038395,0.16812040140187695,0.1639808683909783,0.16509156143881565,0.2443793803288175,0.03707754265413083,10.814148764522638,10.388990621855779,16.350562809698996,0.01121453581044815,0.13516563205499688,0.6029117581187812,5.3536461660504955,0.14244399545612038,0.13378177274469835,1.11603966057195,0.14257013154094395,0.13442703361605032,1.1162267574738982,438,0.142427,0.134289,0.013606,571,5.474489,89.05832649999999,0,0.873,0.992,44770.0,0.004297,16,/home/melody/code/individual_project/channel_selection_results/step_k_unet_enc0_direct_fullseq_greedy/artifacts/r_k03_0007_d00_d07_d13/replicate_0.all_frames.tum.txt,/home/melody/code/individual_project/channel_selection_results/step_k_unet_enc0_direct_fullseq_greedy/artifacts/r_k03_0007_d00_d07_d13/replicate_0.keyframes.tum.txt,/home/melody/code/individual_project/channel_selection_results/step_k_unet_enc0_direct_fullseq_greedy/artifacts/r_k03_0007_d00_d07_d13/replicate_0.log,2026-08-15T18:39:33.545044+00:00
r_k03_0008_d00_d09_d10,budget-matched cardinality-stratified random full-sequence control,"0,9,10","[0, 9, 10]",0,PASS,Completed the full matched RGB-D sequence,45.95894419400429,0,,,1305031473.1961,571,571,573,0.9965095986038395,0.17552637660447848,0.16820850374525337,0.1716465440949952,0.2482763016196245,0.05015384483447199,11.241614235504196,10.928321598299924,15.652385448566104,0.01219474184022418,0.1804954281728596,0.587276959677178,4.021188597358875,0.13908512231975026,0.1297327067714771,1.1423242933798392,0.14064132326485224,0.13079581093475837,1.1455459038441296,435,0.140441,0.130609,0.01533,571,8.481091,113.00602,0,0.896,0.993,6191.0,0.001838,0,/home/melody/code/individual_project/channel_selection_results/step_k_unet_enc0_direct_fullseq_greedy/artifacts/r_k03_0008_d00_d09_d10/replicate_0.all_frames.tum.txt,/home/melody/code/individual_project/channel_selection_results/step_k_unet_enc0_direct_fullseq_greedy/artifacts/r_k03_0008_d00_d09_d10/replicate_0.keyframes.tum.txt,/home/melody/code/individual_project/channel_selection_results/step_k_unet_enc0_direct_fullseq_greedy/artifacts/r_k03_0008_d00_d09_d10/replicate_0.log,2026-08-15T18:40:20.172796+00:00
r_k03_0009_d00_d09_d14,budget-matched cardinality-stratified random full-sequence control,"0,9,14","[0, 9, 14]",0,PASS,Completed the full matched RGB-D sequence,46.5792955539946,0,,,1305031473.1961,571,571,573,0.9965095986038395,0.15469694509833756,0.15072751733063416,0.15255901135693145,0.22987645572836513,0.03481896526465779,9.811472089253158,9.546183930659023,14.142122157519466,0.008947926300049895,0.03694143670522559,0.5422479012436984,2.575691636206957,0.12196056059461405,0.11330515293835113,1.1241048377382414,0.11880273934768859,0.11034243970385336,1.1288812577741476,431,0.118632,0.1102,0.010994,571,6.618983,413.23275750000005,0,0.872,0.992,16160.0,0.004127,0,/home/melody/code/individual_project/channel_selection_results/step_k_unet_enc0_direct_fullseq_greedy/artifacts/r_k03_0009_d00_d09_d14/replicate_0.all_frames.tum.txt,/home/melody/code/individual_project/channel_selection_results/step_k_unet_enc0_direct_fullseq_greedy/artifacts/r_k03_0009_d00_d09_d14/replicate_0.keyframes.tum.txt,/home/melody/code/individual_project/channel_selection_results/step_k_unet_enc0_direct_fullseq_greedy/artifacts/r_k03_0009_d00_d09_d14/replicate_0.log,2026-08-15T18:41:07.412989+00:00
r_k03_0010_d00_d12_d13,budget-matched cardinality-stratified random full-sequence control,"0,12,13","[0, 12, 13]",0,PASS,Completed the full matched RGB-D sequence,46.48842099799367,0,,,1305031473.1961,571,571,573,0.9965095986038395,0.17817959018259344,0.1691964974205346,0.17910660929099606,0.25343277439669337,0.055861539705417886,13.19806113862126,12.469381240055668,19.411749475238736,0.010485686487381572,0.12971158704871258,0.564507181581397,4.040378218655105,0.15597141572916973,0.14517980978812436,1.1118252485526368,0.16089810673639232,0.1506561425594066,1.1123315057036547,436,0.160713,0.150512,0.012605,571,5.982977,157.157913,0,0.897,0.993,27450.0,0.003757,8,/home/melody/code/individual_project/channel_selection_results/step_k_unet_enc0_direct_fullseq_greedy/artifacts/r_k03_0010_d00_d12_d13/replicate_0.all_frames.tum.txt,/home/melody/code/individual_project/channel_selection_results/step_k_unet_enc0_direct_fullseq_greedy/artifacts/r_k03_0010_d00_d12_d13/replicate_0.keyframes.tum.txt,/home/melody/code/individual_project/channel_selection_results/step_k_unet_enc0_direct_fullseq_greedy/artifacts/r_k03_0010_d00_d12_d13/replicate_0.log,2026-08-15T18:41:54.564597+00:00
r_k03_0011_d01_d02_d05,budget-matched cardinality-stratified random full-sequence control,"1,2,5","[1, 2, 5]",0,PASS,Completed the full matched RGB-D sequence,47.72672914699069,0,,,1305031473.1961,571,571,573,0.9965095986038395,0.19595872685461604,0.1817357447178486,0.16786450230335087,0.35417301975879295,0.07329353124478975,9.414165814730483,8.840583152319713,15.694446178362531,0.01210788243883353,0.17600770960610493,0.7599849042278102,10.718653492778923,0.18655241934442357,0.17378583590515506,1.075892526842125,0.18657033148435964,0.17353378134164218,1.0869792455623704,434,0.18666,0.17368,0.015109,571,6.553202,84.0938265,0,0.89,0.992,625700.0,0.035837,22,/home/melody/code/individual_project/channel_selection_results/step_k_unet_enc0_direct_fullseq_greedy/artifacts/r_k03_0011_d01_d02_d05/replicate_0.all_frames.tum.txt,/home/melody/code/individual_project/channel_selection_results/step_k_unet_enc0_direct_fullseq_greedy/artifacts/r_k03_0011_d01_d02_d05/replicate_0.keyframes.tum.txt,/home/melody/code/individual_project/channel_selection_results/step_k_unet_enc0_direct_fullseq_greedy/artifacts/r_k03_0011_d01_d02_d05/replicate_0.log,2026-08-15T18:42:42.959820+00:00
r_k03_0012_d01_d02_d06,budget-matched cardinality-stratified random full-sequence control,"1,2,6","[1, 2, 6]",0,PASS,Completed the full matched RGB-D sequence,47.90407464900636,0,,,1305031473.1961,571,571,573,0.9965095986038395,0.17725731817890844,0.16616609868138316,0.16991684378475044,0.28162005170680743,0.06171697089932086,9.659698745659748,9.320455129507023,15.549566463620794,0.01186107474842763,0.1668525664071327,0.8333230787104258,12.047321635059705,0.16030864729074706,0.15089842728382644,1.0969666856049831,0.15631755793051158,0.14666735857711705,1.10532863590414,434,0.156417,0.146813,0.015714,571,9.019883,185.4347765,0,0.897,0.992,61810.0,0.027325,18,/home/melody/code/individual_project/channel_selection_results/step_k_unet_enc0_direct_fullseq_greedy/artifacts/r_k03_0012_d01_d02_d06/replicate_0.all_frames.tum.txt,/home/melody/code/individual_project/channel_selection_results/step_k_unet_enc0_direct_fullseq_greedy/artifacts/r_k03_0012_d01_d02_d06/replicate_0.keyframes.tum.txt,/home/melody/code/individual_project/channel_selection_results/step_k_unet_enc0_direct_fullseq_greedy/artifacts/r_k03_0012_d01_d02_d06/replicate_0.log,2026-08-15T18:43:31.533351+00:00
r_k03_0013_d01_d02_d11,budget-matched cardinality-stratified random full-sequence control,"1,2,11","[1, 2, 11]",0,PASS,Completed the full matched RGB-D sequence,47.57394640000712,0,,,1305031473.1961,571,571,573,0.9965095986038395,0.1602360837624272,0.15291658378605066,0.14766463628969953,0.2659052910778778,0.0478760999113686,9.023057993004695,8.592311917172118,14.396878906504842,0.010576744772385958,0.11037445204963064,0.7887328167161558,10.528340411001208,0.1310851229453487,0.12204735396058344,1.1199135054357057,0.12503579743472704,0.11646946786742914,1.1269028303272794,437,0.124994,0.116439,0.014952,571,5.512046,125.2615665,0,0.895,0.993,266800.0,0.039673,24,/home/melody/code/individual_project/channel_selection_results/step_k_unet_enc0_direct_fullseq_greedy/artifacts/r_k03_0013_d01_d02_d11/replicate_0.all_frames.tum.txt,/home/melody/code/individual_project/channel_selection_results/step_k_unet_enc0_direct_fullseq_greedy/artifacts/r_k03_0013_d01_d02_d11/replicate_0.keyframes.tum.txt,/home/melody/code/individual_project/channel_selection_results/step_k_unet_enc0_direct_fullseq_greedy/artifacts/r_k03_0013_d01_d02_d11/replicate_0.log,2026-08-15T18:44:19.775536+00:00
r_k03_0014_d01_d04_d08,budget-matched cardinality-stratified random full-sequence control,"1,4,8","[1, 4, 8]",0,PASS,Completed the full matched RGB-D sequence,47.600459925000905,0,,,1305031473.1961,571,571,573,0.9965095986038395,0.21464370634162927,0.20570108714806304,0.22346734206475016,0.3093396977611343,0.0613105489958829,11.412829207040488,10.99084322243353,19.3479452959266,0.012215646413452633,0.12240160661682303,0.6302061165075199,4.7372212691090745,0.1931450869716743,0.17955088506198577,1.123974026344367,0.2010450017688049,0.1896071847760496,1.127985498458796,434,0.20107,0.189674,0.015706,571,9.04704,155.56386600000002,0,0.839,0.993,55050.0,0.004503,9,/home/melody/code/individual_project/channel_selection_results/step_k_unet_enc0_direct_fullseq_greedy/artifacts/r_k03_0014_d01_d04_d08/replicate_0.all_frames.tum.txt,/home/melody/code/individual_project/channel_selection_results/step_k_unet_enc0_direct_fullseq_greedy/artifacts/r_k03_0014_d01_d04_d08/replicate_0.keyframes.tum.txt,/home/melody/code/individual_project/channel_selection_results/step_k_unet_enc0_direct_fullseq_greedy/artifacts/r_k03_0014_d01_d04_d08/replicate_0.log,2026-08-15T18:45:08.040132+00:00
r_k03_0015_d01_d04_d12,budget-matched cardinality-stratified random full-sequence control,"1,4,12","[1, 4, 12]",0,PASS,Completed the full matched RGB-D sequence,48.06309494499874,0,,,1305031473.1961,571,571,573,0.9965095986038395,0.16936737256131876,0.15954763992497878,0.17044346048893877,0.26449443654889065,0.056831835116366476,8.780406494903787,8.556801270991498,13.129895141340473,0.015666658962156677,0.2897464916648985,0.7456555529492485,9.920032825034076,0.15090585471778326,0.13884296240549965,1.0985183670898078,0.1556587380788316,0.14440082678318858,1.099125183434726,433,0.155623,0.144399,0.019718,571,5.151844,100.3774565,0,0.898,0.993,271300.0,0.012195,16,/home/melody/code/individual_project/channel_selection_results/step_k_unet_enc0_direct_fullseq_greedy/artifacts/r_k03_0015_d01_d04_d12/replicate_0.all_frames.tum.txt,/home/melody/code/individual_project/channel_selection_results/step_k_unet_enc0_direct_fullseq_greedy/artifacts/r_k03_0015_d01_d04_d12/replicate_0.keyframes.tum.txt,/home/melody/code/individual_project/channel_selection_results/step_k_unet_enc0_direct_fullseq_greedy/artifacts/r_k03_0015_d01_d04_d12/replicate_0.log,2026-08-15T18:45:56.775395+00:00
r_k03_0016_d01_d07_d15,budget-matched cardinality-stratified random full-sequence control,"1,7,15","[1, 7, 15]",0,PASS,Completed the full matched RGB-D sequence,49.81522082000447,0,,,1305031473.1961,571,571,573,0.9965095986038395,0.16140173619192713,0.1552046842030166,0.14693358210842852,0.2836401209175565,0.04429476771821166,11.207267822560725,10.60435529339097,17.2416828322862,0.013954112179492545,0.18922110391897745,0.9467358660133389,14.00076183671164,0.1400216228714422,0.13075700143242738,1.1030560696935598,0.13442997359690656,0.1266763270228689,1.1089385535989777,434,0.134509,0.126809,0.018639,571,8.084085,153.151909,0,0.901,0.993,183500.0,0.007054,18,/home/melody/code/individual_project/channel_selection_results/step_k_unet_enc0_direct_fullseq_greedy/artifacts/r_k03_0016_d01_d07_d15/replicate_0.all_frames.tum.txt,/home/melody/code/individual_project/channel_selection_results/step_k_unet_enc0_direct_fullseq_greedy/artifacts/r_k03_0016_d01_d07_d15/replicate_0.keyframes.tum.txt,/home/melody/code/individual_project/channel_selection_results/step_k_unet_enc0_direct_fullseq_greedy/artifacts/r_k03_0016_d01_d07_d15/replicate_0.log,2026-08-15T18:46:47.260802+00:00
r_k03_0017_d01_d08_d11,budget-matched cardinality-stratified random full-sequence control,"1,8,11","[1, 8, 11]",0,PASS,Completed the full matched RGB-D sequence,51.19253723799193,0,,,1305031473.1961,571,571,573,0.9965095986038395,0.184998466063307,0.1716154735151068,0.16014603139908656,0.3942726301621944,0.06908372960373683,13.305837505511901,12.672342929200909,22.990751635515505,0.016931740911599668,0.2441988428631555,1.0937834980636736,15.59766957213219,0.17854856318458837,0.1608247973730282,1.060254536559099,0.17582357191068876,0.15675722888883464,1.060398160469548,435,0.175905,0.156825,0.021349,571,11.794109,94.2839165,0,0.891,0.993,1108000.0,0.009697,45,/home/melody/code/individual_project/channel_selection_results/step_k_unet_enc0_direct_fullseq_greedy/artifacts/r_k03_0017_d01_d08_d11/replicate_0.all_frames.tum.txt,/home/melody/code/individual_project/channel_selection_results/step_k_unet_enc0_direct_fullseq_greedy/artifacts/r_k03_0017_d01_d08_d11/replicate_0.keyframes.tum.txt,/home/melody/code/individual_project/channel_selection_results/step_k_unet_enc0_direct_fullseq_greedy/artifacts/r_k03_0017_d01_d08_d11/replicate_0.log,2026-08-15T18:47:39.117885+00:00
r_k03_0018_d01_d09_d12,budget-matched cardinality-stratified random full-sequence control,"1,9,12","[1, 9, 12]",0,PASS,Completed the full matched RGB-D sequence,48.46525172800466,0,,,1305031473.1961,571,571,573,0.9965095986038395,0.2506191237751234,0.2335161029489645,0.21603280745316578,0.5292894253676289,0.09099546618013031,12.791930408404976,11.680749930566359,21.555848536353523,0.01362915705006463,0.1864176364207094,0.8218401707594043,11.457887742045845,0.24190723867011454,0.2216434970929976,1.084983389591347,0.24339319234349788,0.22403052864443196,1.096772784963774,433,0.243402,0.224166,0.016578,571,7.863855,91.3432425,0,0.907,0.993,289700.0,0.03952,31,/home/melody/code/individual_project/channel_selection_results/step_k_unet_enc0_direct_fullseq_greedy/artifacts/r_k03_0018_d01_d09_d12/replicate_0.all_frames.tum.txt,/home/melody/code/individual_project/channel_selection_results/step_k_unet_enc0_direct_fullseq_greedy/artifacts/r_k03_0018_d01_d09_d12/replicate_0.keyframes.tum.txt,/home/melody/code/individual_project/channel_selection_results/step_k_unet_enc0_direct_fullseq_greedy/artifacts/r_k03_0018_d01_d09_d12/replicate_0.log,2026-08-15T18:48:28.246188+00:00
r_k03_0019_d01_d09_d13,budget-matched cardinality-stratified random full-sequence control,"1,9,13","[1, 9, 13]",0,PASS,Completed the full matched RGB-D sequence,48.319589332008036,0,,,1305031473.1961,571,571,573,0.9965095986038395,0.2093773305475906,0.196835787154333,0.19988306042822163,0.3866419790855874,0.07137604249724928,10.695218855133628,10.263962033000922,16.36438336930855,0.014159076337787875,0.2248660711177517,0.7429191611302062,12.179387291518625,0.18910929345317773,0.1750624507330097,1.1182614484039106,0.19247875694546407,0.1790978441432713,1.125207322307259,436,0.192438,0.179132,0.017814,571,7.219243,77.334427,0,0.896,0.993,178800.0,0.008583,29,/home/melody/code/individual_project/channel_selection_results/step_k_unet_enc0_direct_fullseq_greedy/artifacts/r_k03_0019_d01_d09_d13/replicate_0.all_frames.tum.txt,/home/melody/code/individual_project/channel_selection_results/step_k_unet_enc0_direct_fullseq_greedy/artifacts/r_k03_0019_d01_d09_d13/replicate_0.keyframes.tum.txt,/home/melody/code/individual_project/channel_selection_results/step_k_unet_enc0_direct_fullseq_greedy/artifacts/r_k03_0019_d01_d09_d13/replicate_0.log,2026-08-15T18:49:17.227229+00:00
r_k03_0020_d01_d13_d15,budget-matched cardinality-stratified random full-sequence control,"1,13,15","[1, 13, 15]",0,PASS,Completed the full matched RGB-D sequence,49.84683772499557,0,,,1305031473.1961,571,571,573,0.9965095986038395,0.2795817055395452,0.26434370368763166,0.23585982299888453,0.585092846702556,0.09104030092825116,12.361675364915548,11.510158749462292,21.685858319157944,0.01382613952545995,0.17101167233273976,0.9540170249341215,13.050850455996226,0.2716638945607538,0.2509267210496765,1.0868092557562168,0.27091074609026566,0.2508809239918467,1.1012211336429742,433,0.270956,0.251044,0.01732,571,8.609647,258.182236,0,0.911,0.993,133700.0,0.032738,28,/home/melody/code/individual_project/channel_selection_results/step_k_unet_enc0_direct_fullseq_greedy/artifacts/r_k03_0020_d01_d13_d15/replicate_0.all_frames.tum.txt,/home/melody/code/individual_project/channel_selection_results/step_k_unet_enc0_direct_fullseq_greedy/artifacts/r_k03_0020_d01_d13_d15/replicate_0.keyframes.tum.txt,/home/melody/code/individual_project/channel_selection_results/step_k_unet_enc0_direct_fullseq_greedy/artifacts/r_k03_0020_d01_d13_d15/replicate_0.log,2026-08-15T18:50:07.736560+00:00
r_k03_0021_d02_d04_d06,budget-matched cardinality-stratified random full-sequence control,"2,4,6","[2, 4, 6]",0,PASS,Completed the full matched RGB-D sequence,46.38138511001307,0,,,1305031473.1961,571,571,573,0.9965095986038395,0.10993391825079452,0.1034678775155889,0.09602811418356852,0.20668217603502723,0.03714653017970135,8.024400462299957,7.5590526133835745,12.116129911267398,0.010006746278924289,0.07937319788053593,0.623863987243821,5.068319224594426,0.07357345578652899,0.06777497783450774,1.1039537319819912,0.07215737460883023,0.06629626923818933,1.1080240547108873,435,0.071957,0.066111,0.013308,571,7.393963,71.8531955,0,0.899,0.993,24120.0,0.004036,0,/home/melody/code/individual_project/channel_selection_results/step_k_unet_enc0_direct_fullseq_greedy/artifacts/r_k03_0021_d02_d04_d06/replicate_0.all_frames.tum.txt,/home/melody/code/individual_project/channel_selection_results/step_k_unet_enc0_direct_fullseq_greedy/artifacts/r_k03_0021_d02_d04_d06/replicate_0.keyframes.tum.txt,/home/melody/code/individual_project/channel_selection_results/step_k_unet_enc0_direct_fullseq_greedy/artifacts/r_k03_0021_d02_d04_d06/replicate_0.log,2026-08-15T18:50:54.779612+00:00
r_k03_0022_d02_d04_d11,budget-matched cardinality-stratified random full-sequence control,"2,4,11","[2, 4, 11]",0,PASS,Completed the full matched RGB-D sequence,46.00868616400112,0,,,1305031473.1961,571,571,573,0.9965095986038395,0.15909567138904013,0.15264480576946565,0.16831782737701947,0.22906153696910436,0.044844129229270766,9.38389742697036,8.965310053385082,13.279148276856146,0.012948087797771868,0.2139337999699654,0.6679571521714628,8.337768031216775,0.1356418884196314,0.12578860523161206,1.1070315779807125,0.13970855276931435,0.13107677302166373,1.1090509578259182,437,0.139548,0.130939,0.016397,571,5.013617,55.1153775,0,0.898,0.993,33680.0,0.00501,0,/home/melody/code/individual_project/channel_selection_results/step_k_unet_enc0_direct_fullseq_greedy/artifacts/r_k03_0022_d02_d04_d11/replicate_0.all_frames.tum.txt,/home/melody/code/individual_project/channel_selection_results/step_k_unet_enc0_direct_fullseq_greedy/artifacts/r_k03_0022_d02_d04_d11/replicate_0.keyframes.tum.txt,/home/melody/code/individual_project/channel_selection_results/step_k_unet_enc0_direct_fullseq_greedy/artifacts/r_k03_0022_d02_d04_d11/replicate_0.log,2026-08-15T18:51:41.453779+00:00
r_k03_0023_d02_d05_d11,budget-matched cardinality-stratified random full-sequence control,"2,5,11","[2, 5, 11]",0,PASS,Completed the full matched RGB-D sequence,47.548922066998784,0,,,1305031473.1961,571,571,573,0.9965095986038395,0.14581957408372428,0.13963112866535007,0.13952432701710918,0.2479314422959356,0.04202970489545704,8.369704328793512,8.006199592846233,11.684892127620659,0.009699540546914777,0.05712383910139949,0.7305860054244835,7.580561435206554,0.13311191607820327,0.12494178979112759,1.0743453120716875,0.13037779286297138,0.12362220325011725,1.081978238951495,436,0.13027,0.123532,0.012968,571,6.475212,63.955393,0,0.896,0.993,120700.0,0.007986,23,/home/melody/code/individual_project/channel_selection_results/step_k_unet_enc0_direct_fullseq_greedy/artifacts/r_k03_0023_d02_d05_d11/replicate_0.all_frames.tum.txt,/home/melody/code/individual_project/channel_selection_results/step_k_unet_enc0_direct_fullseq_greedy/artifacts/r_k03_0023_d02_d05_d11/replicate_0.keyframes.tum.txt,/home/melody/code/individual_project/channel_selection_results/step_k_unet_enc0_direct_fullseq_greedy/artifacts/r_k03_0023_d02_d05_d11/replicate_0.log,2026-08-15T18:52:29.666750+00:00
r_k03_0024_d02_d05_d12,budget-matched cardinality-stratified random full-sequence control,"2,5,12","[2, 5, 12]",0,PASS,Completed the full matched RGB-D sequence,47.07029782999598,0,,,1305031473.1961,571,571,573,0.9965095986038395,0.1531322100330285,0.14218566117590795,0.14693290196595052,0.24355088776365655,0.05685693893949497,8.849696052000244,8.40007948403414,14.53119427102791,0.01028507527817093,0.1035175323507623,0.6669415686689677,7.621405618300325,0.14304108312785693,0.1336263914013095,1.0679898302775692,0.14373249881629327,0.13494293822337944,1.0762927509000235,431,0.14373,0.134972,0.013613,571,6.487721,76.2415845,0,0.899,0.993,380300.0,0.009185,24,/home/melody/code/individual_project/channel_selection_results/step_k_unet_enc0_direct_fullseq_greedy/artifacts/r_k03_0024_d02_d05_d12/replicate_0.all_frames.tum.txt,/home/melody/code/individual_project/channel_selection_results/step_k_unet_enc0_direct_fullseq_greedy/artifacts/r_k03_0024_d02_d05_d12/replicate_0.keyframes.tum.txt,/home/melody/code/individual_project/channel_selection_results/step_k_unet_enc0_direct_fullseq_greedy/artifacts/r_k03_0024_d02_d05_d12/replicate_0.log,2026-08-15T18:53:17.403408+00:00
r_k03_0025_d02_d05_d13,budget-matched cardinality-stratified random full-sequence control,"2,5,13","[2, 5, 13]",0,PASS,Completed the full matched RGB-D sequence,46.64271505200304,0,,,1305031473.1961,571,571,573,0.9965095986038395,0.13859086971336357,0.12953659436942008,0.13019212665561217,0.24025512902391913,0.04927169458298384,8.171447609349004,7.614018299981623,14.441585049032525,0.010109885310287323,0.11146195036915583,0.7137394674031382,9.378250204773638,0.11848823543587383,0.11369769339433763,1.0909302321888596,0.11592367597758409,0.11049084973032436,1.1019314568481369,430,0.115973,0.110565,0.013087,571,6.091747,50.7876185,0,0.898,0.992,211400.0,0.007627,17,/home/melody/code/individual_project/channel_selection_results/step_k_unet_enc0_direct_fullseq_greedy/artifacts/r_k03_0025_d02_d05_d13/replicate_0.all_frames.tum.txt,/home/melody/code/individual_project/channel_selection_results/step_k_unet_enc0_direct_fullseq_greedy/artifacts/r_k03_0025_d02_d05_d13/replicate_0.keyframes.tum.txt,/home/melody/code/individual_project/channel_selection_results/step_k_unet_enc0_direct_fullseq_greedy/artifacts/r_k03_0025_d02_d05_d13/replicate_0.log,2026-08-15T18:54:04.709106+00:00
r_k03_0026_d02_d06_d07,budget-matched cardinality-stratified random full-sequence control,"2,6,7","[2, 6, 7]",0,PASS,Completed the full matched RGB-D sequence,46.326843167000334,0,,,1305031473.1961,571,571,573,0.9965095986038395,0.16474742948413157,0.15308808444791502,0.13901881833517354,0.3129293267244647,0.06087490387423157,9.445150047225992,9.247593048311629,13.294826170794495,0.009855168179475753,0.07984559905373395,0.6734418595482695,8.287300189450054,0.15656890204945248,0.14261365673996043,1.0636710642560174,0.15394931854066474,0.13937389759285665,1.0715998071022086,432,0.154014,0.139508,0.013156,571,7.063617,48.3925665,0,0.873,0.993,30490.0,0.006869,0,/home/melody/code/individual_project/channel_selection_results/step_k_unet_enc0_direct_fullseq_greedy/artifacts/r_k03_0026_d02_d06_d07/replicate_0.all_frames.tum.txt,/home/melody/code/individual_project/channel_selection_results/step_k_unet_enc0_direct_fullseq_greedy/artifacts/r_k03_0026_d02_d06_d07/replicate_0.keyframes.tum.txt,/home/melody/code/individual_project/channel_selection_results/step_k_unet_enc0_direct_fullseq_greedy/artifacts/r_k03_0026_d02_d06_d07/replicate_0.log,2026-08-15T18:54:51.709283+00:00
r_k03_0027_d02_d07_d11,budget-matched cardinality-stratified random full-sequence control,"2,7,11","[2, 7, 11]",0,PASS,Completed the full matched RGB-D sequence,46.56995955800812,0,,,1305031473.1961,571,571,573,0.9965095986038395,0.14412366492247594,0.13300811198534299,0.1349537353612765,0.25321709592283237,0.05550200840312516,9.118352344212422,8.672063992631436,13.653839674083537,0.014315821882180722,0.249093638858278,0.6343592156119873,5.861490733596693,0.12511139782998365,0.10887679706355159,1.0905642862819247,0.1270280423727997,0.11045464684105313,1.0899733430984124,436,0.126913,0.110327,0.018744,571,4.890457,31.9649885,0,0.895,0.993,57210.0,0.007659,3,/home/melody/code/individual_project/channel_selection_results/step_k_unet_enc0_direct_fullseq_greedy/artifacts/r_k03_0027_d02_d07_d11/replicate_0.all_frames.tum.txt,/home/melody/code/individual_project/channel_selection_results/step_k_unet_enc0_direct_fullseq_greedy/artifacts/r_k03_0027_d02_d07_d11/replicate_0.keyframes.tum.txt,/home/melody/code/individual_project/channel_selection_results/step_k_unet_enc0_direct_fullseq_greedy/artifacts/r_k03_0027_d02_d07_d11/replicate_0.log,2026-08-15T18:55:38.934619+00:00
r_k03_0028_d02_d08_d15,budget-matched cardinality-stratified random full-sequence control,"2,8,15","[2, 8, 15]",0,PASS,Completed the full matched RGB-D sequence,47.66260365700873,0,,,1305031473.1961,571,571,573,0.9965095986038395,0.2355924449297001,0.2217024719294259,0.22147490704124914,0.36329602430387714,0.07969826879133506,16.037255278583014,15.294124818083793,24.02221219568391,0.013280769108485514,0.18926675800265505,0.6823377990205702,7.289991007064716,0.21289628622533835,0.19772372546786232,1.1357416917841519,0.22312187195099997,0.2121088290240142,1.1414005639482652,430,0.222932,0.211958,0.017603,571,26.223618,184.6137465,0,0.896,0.993,11000.0,0.00189,0,/home/melody/code/individual_project/channel_selection_results/step_k_unet_enc0_direct_fullseq_greedy/artifacts/r_k03_0028_d02_d08_d15/replicate_0.all_frames.tum.txt,/home/melody/code/individual_project/channel_selection_results/step_k_unet_enc0_direct_fullseq_greedy/artifacts/r_k03_0028_d02_d08_d15/replicate_0.keyframes.tum.txt,/home/melody/code/individual_project/channel_selection_results/step_k_unet_enc0_direct_fullseq_greedy/artifacts/r_k03_0028_d02_d08_d15/replicate_0.log,2026-08-15T18:56:27.268544+00:00
r_k03_0029_d03_d05_d10,budget-matched cardinality-stratified random full-sequence control,"3,5,10","[3, 5, 10]",0,PASS,Completed the full matched RGB-D sequence,44.68243312899722,0,,,1305031473.1961,571,571,573,0.9965095986038395,0.14005554129872977,0.1327513219835107,0.14054724589121534,0.2164316368490694,0.044639009398848274,9.670334344966813,9.293329967053296,14.353790211266936,0.012266699104176179,0.1957098617350105,0.5757168277226232,4.220893674875203,0.11604397934376111,0.10678446530223583,1.0999725083279432,0.11863003185878798,0.10839032462245202,1.1040242522348012,430,0.118463,0.108233,0.015473,571,5.781057,70.7993015,0,0.897,0.993,18690.0,0.001917,0,/home/melody/code/individual_project/channel_selection_results/step_k_unet_enc0_direct_fullseq_greedy/artifacts/r_k03_0029_d03_d05_d10/replicate_0.all_frames.tum.txt,/home/melody/code/individual_project/channel_selection_results/step_k_unet_enc0_direct_fullseq_greedy/artifacts/r_k03_0029_d03_d05_d10/replicate_0.keyframes.tum.txt,/home/melody/code/individual_project/channel_selection_results/step_k_unet_enc0_direct_fullseq_greedy/artifacts/r_k03_0029_d03_d05_d10/replicate_0.log,2026-08-15T18:57:12.617398+00:00
r_k03_0030_d03_d06_d10,budget-matched cardinality-stratified random full-sequence control,"3,6,10","[3, 6, 10]",0,PASS,Completed the full matched RGB-D sequence,45.16932652599644,0,,,1305031473.1961,571,571,573,0.9965095986038395,0.14737808328055388,0.13998513902046048,0.14018379742213735,0.2577764875400756,0.046091867882222325,9.746970035660494,9.582281872260364,14.0958488351851,0.01024464694700225,0.10708780239663247,0.611282774193589,6.019482320873898,0.12483116384556456,0.1174783370043754,1.1000228425419694,0.11917337960061784,0.11075199980245183,1.1033773760719925,436,0.119178,0.110768,0.013796,571,6.95121,61.7706795,0,0.874,0.993,6305.0,0.002327,0,/home/melody/code/individual_project/channel_selection_results/step_k_unet_enc0_direct_fullseq_greedy/artifacts/r_k03_0030_d03_d06_d10/replicate_0.all_frames.tum.txt,/home/melody/code/individual_project/channel_selection_results/step_k_unet_enc0_direct_fullseq_greedy/artifacts/r_k03_0030_d03_d06_d10/replicate_0.keyframes.tum.txt,/home/melody/code/individual_project/channel_selection_results/step_k_unet_enc0_direct_fullseq_greedy/artifacts/r_k03_0030_d03_d06_d10/replicate_0.log,2026-08-15T18:57:58.447821+00:00
r_k03_0031_d03_d06_d13,budget-matched cardinality-stratified random full-sequence control,"3,6,13","[3, 6, 13]",0,PASS,Completed the full matched RGB-D sequence,45.87109414099541,0,,,1305031473.1961,571,571,573,0.9965095986038395,0.13662805481733228,0.13090368853242504,0.12939338541321602,0.22782512658815907,0.03913374109095392,9.404355570434918,8.703123694909575,13.731852217175682,0.01640732135547711,0.28891302517761175,0.8670781158087283,10.796891670909378,0.10877619498224814,0.10013643053658088,1.1058450367625192,0.11044801054199138,0.10279950063118842,1.1005905912079323,430,0.110219,0.102537,0.021168,571,6.866635,96.333481,0,0.897,0.992,25130.0,0.002684,3,/home/melody/code/individual_project/channel_selection_results/step_k_unet_enc0_direct_fullseq_greedy/artifacts/r_k03_0031_d03_d06_d13/replicate_0.all_frames.tum.txt,/home/melody/code/individual_project/channel_selection_results/step_k_unet_enc0_direct_fullseq_greedy/artifacts/r_k03_0031_d03_d06_d13/replicate_0.keyframes.tum.txt,/home/melody/code/individual_project/channel_selection_results/step_k_unet_enc0_direct_fullseq_greedy/artifacts/r_k03_0031_d03_d06_d13/replicate_0.log,2026-08-15T18:58:44.984383+00:00
r_k03_0032_d03_d06_d14,budget-matched cardinality-stratified random full-sequence control,"3,6,14","[3, 6, 14]",0,PASS,Completed the full matched RGB-D sequence,45.73006568101118,0,,,1305031473.1961,571,571,573,0.9965095986038395,0.14259755170283744,0.1321860307514027,0.12781212794271174,0.3231787368185164,0.05348752215080276,8.272698340891539,7.725026660498788,12.636018989889422,0.011545858935493637,0.10045989379635373,0.8158296888606285,10.082603098677835,0.12270446195921442,0.1116116255241757,1.0920473683944814,0.11676248028511324,0.10647025093233513,1.0948927182601842,436,0.116634,0.106329,0.015089,571,5.517826,366.6083525,0,0.898,0.993,12350.0,0.013493,3,/home/melody/code/individual_project/channel_selection_results/step_k_unet_enc0_direct_fullseq_greedy/artifacts/r_k03_0032_d03_d06_d14/replicate_0.all_frames.tum.txt,/home/melody/code/individual_project/channel_selection_results/step_k_unet_enc0_direct_fullseq_greedy/artifacts/r_k03_0032_d03_d06_d14/replicate_0.keyframes.tum.txt,/home/melody/code/individual_project/channel_selection_results/step_k_unet_enc0_direct_fullseq_greedy/artifacts/r_k03_0032_d03_d06_d14/replicate_0.log,2026-08-15T18:59:31.378854+00:00
r_k03_0033_d03_d08_d11,budget-matched cardinality-stratified random full-sequence control,"3,8,11","[3, 8, 11]",0,PASS,Completed the full matched RGB-D sequence,46.6948727590061,0,,,1305031473.1961,571,571,573,0.9965095986038395,0.1646474780792868,0.15547217017360188,0.15636199206858645,0.2865702369624166,0.054195907035308515,10.673215789940762,10.085388030424438,18.444722090823372,0.014711155341642211,0.22388789825082855,0.6836506391002842,7.825539553258436,0.13955758848838237,0.12450954350484812,1.11317207502091,0.1396279215159643,0.12491267393978431,1.102792547813642,434,0.139323,0.124554,0.019538,571,8.756764,112.739544,0,0.893,0.992,6983.0,0.004252,0,/home/melody/code/individual_project/channel_selection_results/step_k_unet_enc0_direct_fullseq_greedy/artifacts/r_k03_0033_d03_d08_d11/replicate_0.all_frames.tum.txt,/home/melody/code/individual_project/channel_selection_results/step_k_unet_enc0_direct_fullseq_greedy/artifacts/r_k03_0033_d03_d08_d11/replicate_0.keyframes.tum.txt,/home/melody/code/individual_project/channel_selection_results/step_k_unet_enc0_direct_fullseq_greedy/artifacts/r_k03_0033_d03_d08_d11/replicate_0.log,2026-08-15T19:00:18.744347+00:00
r_k03_0034_d03_d08_d13,budget-matched cardinality-stratified random full-sequence control,"3,8,13","[3, 8, 13]",0,PASS,Completed the full matched RGB-D sequence,46.04228437299025,0,,,1305031473.1961,571,571,573,0.9965095986038395,0.1422766227408118,0.13341377057453363,0.133393510984997,0.29417271168629294,0.04943079201891253,9.73431704607824,8.99842759091133,13.964059385045449,0.014865668916741277,0.18551996896901196,0.8517450124690682,10.138360715204524,0.11774430681923796,0.1067229758513744,1.102040126309847,0.1122632361768059,0.10268599439192987,1.097770455935848,429,0.112138,0.102526,0.019615,571,7.44223,108.073151,0,0.853,0.992,15810.0,0.003489,3,/home/melody/code/individual_project/channel_selection_results/step_k_unet_enc0_direct_fullseq_greedy/artifacts/r_k03_0034_d03_d08_d13/replicate_0.all_frames.tum.txt,/home/melody/code/individual_project/channel_selection_results/step_k_unet_enc0_direct_fullseq_greedy/artifacts/r_k03_0034_d03_d08_d13/replicate_0.keyframes.tum.txt,/home/melody/code/individual_project/channel_selection_results/step_k_unet_enc0_direct_fullseq_greedy/artifacts/r_k03_0034_d03_d08_d13/replicate_0.log,2026-08-15T19:01:05.455787+00:00
r_k03_0035_d03_d10_d12,budget-matched cardinality-stratified random full-sequence control,"3,10,12","[3, 10, 12]",0,PASS,Completed the full matched RGB-D sequence,44.245380299005774,0,,,1305031473.1961,571,571,573,0.9965095986038395,0.1297249663338365,0.12472391491680876,0.12361300828490147,0.2003361208391994,0.035672285294604665,8.880467768645321,8.677591392519135,11.912638883338362,0.01028241028114613,0.12246730313940944,0.5409578705251344,3.784686321482932,0.09647539834424226,0.09254040898586101,1.1113998133110936,0.0939754584585044,0.08883273075930218,1.1164069765974838,432,0.093876,0.088752,0.012999,571,5.040767,44.895784500000005,0,0.898,0.993,11820.0,0.002109,0,/home/melody/code/individual_project/channel_selection_results/step_k_unet_enc0_direct_fullseq_greedy/artifacts/r_k03_0035_d03_d10_d12/replicate_0.all_frames.tum.txt,/home/melody/code/individual_project/channel_selection_results/step_k_unet_enc0_direct_fullseq_greedy/artifacts/r_k03_0035_d03_d10_d12/replicate_0.keyframes.tum.txt,/home/melody/code/individual_project/channel_selection_results/step_k_unet_enc0_direct_fullseq_greedy/artifacts/r_k03_0035_d03_d10_d12/replicate_0.log,2026-08-15T19:01:50.377329+00:00
r_k03_0036_d03_d12_d15,budget-matched cardinality-stratified random full-sequence control,"3,12,15","[3, 12, 15]",0,PASS,Completed the full matched RGB-D sequence,46.05598055799783,0,,,1305031473.1961,571,571,573,0.9965095986038395,0.17179787046754375,0.1583257613354743,0.13874215554458896,0.32071604524354874,0.06668929145466584,11.588325569203445,10.922064705004809,15.966199544999213,0.016357410970306865,0.3014048376862224,0.7455173148680515,10.754516490613234,0.1654619282801399,0.14870433699092947,1.057176253259831,0.17033225369549818,0.15272622718123274,1.0488868102453792,430,0.170127,0.152557,0.019876,571,7.574888,91.9050825,0,0.885,0.992,15150.0,0.003899,0,/home/melody/code/individual_project/channel_selection_results/step_k_unet_enc0_direct_fullseq_greedy/artifacts/r_k03_0036_d03_d12_d15/replicate_0.all_frames.tum.txt,/home/melody/code/individual_project/channel_selection_results/step_k_unet_enc0_direct_fullseq_greedy/artifacts/r_k03_0036_d03_d12_d15/replicate_0.keyframes.tum.txt,/home/melody/code/individual_project/channel_selection_results/step_k_unet_enc0_direct_fullseq_greedy/artifacts/r_k03_0036_d03_d12_d15/replicate_0.log,2026-08-15T19:02:37.106103+00:00
r_k03_0037_d04_d05_d06,budget-matched cardinality-stratified random full-sequence control,"4,5,6","[4, 5, 6]",0,PASS,Completed the full matched RGB-D sequence,47.686470718996134,0,,,1305031473.1961,571,571,573,0.9965095986038395,0.20606801089070279,0.18757432159193047,0.18275853290591562,0.36150678891028154,0.08532232411144133,10.240545386869249,9.767862230831918,16.989885671924085,0.012927288460888517,0.1754448866417176,0.7515217888308232,8.423714535959641,0.20452925390275134,0.18644465087016637,1.0306132034826654,0.2048008284285945,0.18652763658252414,1.0434197930197928,430,0.204893,0.186693,0.016852,571,10.623048,115.9157525,0,0.9,0.993,45900.0,0.004407,3,/home/melody/code/individual_project/channel_selection_results/step_k_unet_enc0_direct_fullseq_greedy/artifacts/r_k03_0037_d04_d05_d06/replicate_0.all_frames.tum.txt,/home/melody/code/individual_project/channel_selection_results/step_k_unet_enc0_direct_fullseq_greedy/artifacts/r_k03_0037_d04_d05_d06/replicate_0.keyframes.tum.txt,/home/melody/code/individual_project/channel_selection_results/step_k_unet_enc0_direct_fullseq_greedy/artifacts/r_k03_0037_d04_d05_d06/replicate_0.log,2026-08-15T19:03:25.442803+00:00
r_k03_0038_d04_d05_d14,budget-matched cardinality-stratified random full-sequence control,"4,5,14","[4, 5, 14]",0,PASS,Completed the full matched RGB-D sequence,46.54581142999814,0,,,1305031473.1961,571,571,573,0.9965095986038395,0.19019833620582283,0.1760472036724267,0.18291254294056614,0.3145049104597253,0.07199159099910436,11.451056819052788,10.852494297550043,17.044008717078274,0.014231215606330777,0.259715246097742,0.6613817924520954,7.4081224538006865,0.17903929623930184,0.16164196866490294,1.0814818426238493,0.18714138068656025,0.1723586225470696,1.0839012332071423,430,0.186977,0.172232,0.017227,571,5.125138,110.6315495,0,0.901,0.992,86320.0,0.009859,18,/home/melody/code/individual_project/channel_selection_results/step_k_unet_enc0_direct_fullseq_greedy/artifacts/r_k03_0038_d04_d05_d14/replicate_0.all_frames.tum.txt,/home/melody/code/individual_project/channel_selection_results/step_k_unet_enc0_direct_fullseq_greedy/artifacts/r_k03_0038_d04_d05_d14/replicate_0.keyframes.tum.txt,/home/melody/code/individual_project/channel_selection_results/step_k_unet_enc0_direct_fullseq_greedy/artifacts/r_k03_0038_d04_d05_d14/replicate_0.log,2026-08-15T19:04:12.660689+00:00
r_k03_0039_d04_d11_d13,budget-matched cardinality-stratified random full-sequence control,"4,11,13","[4, 11, 13]",0,PASS,Completed the full matched RGB-D sequence,46.95048936799867,0,,,1305031473.1961,571,571,573,0.9965095986038395,0.19139137114613367,0.18130244508983084,0.1968035399851443,0.2818418462585898,0.06131949407526091,10.427146820036075,9.794585143820116,14.824566598599858,0.01650706876188457,0.31244830653227024,0.7012231067705109,7.929287998359033,0.1771422056897352,0.1629895086664403,1.092916628263523,0.1840075618782356,0.17190302352462825,1.0918594028010375,435,0.183829,0.171768,0.020236,571,4.68487,70.48889550000001,0,0.882,0.993,63380.0,0.026712,23,/home/melody/code/individual_project/channel_selection_results/step_k_unet_enc0_direct_fullseq_greedy/artifacts/r_k03_0039_d04_d11_d13/replicate_0.all_frames.tum.txt,/home/melody/code/individual_project/channel_selection_results/step_k_unet_enc0_direct_fullseq_greedy/artifacts/r_k03_0039_d04_d11_d13/replicate_0.keyframes.tum.txt,/home/melody/code/individual_project/channel_selection_results/step_k_unet_enc0_direct_fullseq_greedy/artifacts/r_k03_0039_d04_d11_d13/replicate_0.log,2026-08-15T19:05:00.267602+00:00
r_k03_0040_d05_d06_d11,budget-matched cardinality-stratified random full-sequence control,"5,6,11","[5, 6, 11]",0,FAIL_TRACKING_NAN,Tracking emitted non-finite affine/pose diagnostics,21.53998629900161,-15,1305031459.4597,167,,,,573,,,,,,,,,,,,,,,,,,,,,,,,166,16.256193,53.266099399999995,1,0.0,0.994,455400000.0,0.011445,73,,,/home/melody/code/individual_project/channel_selection_results/step_k_unet_enc0_direct_fullseq_greedy/artifacts/r_k03_0040_d05_d06_d11/replicate_0.log,2026-08-15T19:05:21.880368+00:00
r_k03_0041_d05_d08_d12,budget-matched cardinality-stratified random full-sequence control,"5,8,12","[5, 8, 12]",0,PASS,Completed the full matched RGB-D sequence,51.36041523900349,0,,,1305031473.1961,571,571,573,0.9965095986038395,0.17955620484528106,0.17085979450063002,0.16317071858962945,0.2958863363130162,0.055202910445401474,11.72690146295446,11.31148799973532,15.825741661044445,0.01037498970545554,0.0997981394820383,0.7178354243316066,10.145176473460557,0.16965259111689618,0.1565140330768779,1.0739652819560332,0.1726291824939939,0.15947296732754324,1.080504501899787,435,0.172379,0.159238,0.013281,571,13.253532,74.618988,0,0.894,0.993,1220000.0,0.159769,52,/home/melody/code/individual_project/channel_selection_results/step_k_unet_enc0_direct_fullseq_greedy/artifacts/r_k03_0041_d05_d08_d12/replicate_0.all_frames.tum.txt,/home/melody/code/individual_project/channel_selection_results/step_k_unet_enc0_direct_fullseq_greedy/artifacts/r_k03_0041_d05_d08_d12/replicate_0.keyframes.tum.txt,/home/melody/code/individual_project/channel_selection_results/step_k_unet_enc0_direct_fullseq_greedy/artifacts/r_k03_0041_d05_d08_d12/replicate_0.log,2026-08-15T19:06:13.888233+00:00
r_k03_0042_d05_d10_d11,budget-matched cardinality-stratified random full-sequence control,"5,10,11","[5, 10, 11]",0,PASS,Completed the full matched RGB-D sequence,45.45446573899244,0,,,1305031473.1961,571,571,573,0.9965095986038395,0.17201502336126806,0.16638368736273762,0.17115928509835357,0.2603632537854875,0.04365360055661372,10.205001840482245,9.837960179866961,14.638701648133614,0.010551408644870147,0.10723746768453922,0.5801978552033344,3.2649305976362615,0.1519509854329335,0.14439845120733888,1.1038161753468767,0.1558050643378011,0.14923709835902793,1.1070755739333453,432,0.155656,0.149114,0.013401,571,6.447221,66.573299,0,0.895,0.993,18870.0,0.002642,0,/home/melody/code/individual_project/channel_selection_results/step_k_unet_enc0_direct_fullseq_greedy/artifacts/r_k03_0042_d05_d10_d11/replicate_0.all_frames.tum.txt,/home/melody/code/individual_project/channel_selection_results/step_k_unet_enc0_direct_fullseq_greedy/artifacts/r_k03_0042_d05_d10_d11/replicate_0.keyframes.tum.txt,/home/melody/code/individual_project/channel_selection_results/step_k_unet_enc0_direct_fullseq_greedy/artifacts/r_k03_0042_d05_d10_d11/replicate_0.log,2026-08-15T19:07:00.017628+00:00
r_k03_0043_d05_d10_d13,budget-matched cardinality-stratified random full-sequence control,"5,10,13","[5, 10, 13]",0,PASS,Completed the full matched RGB-D sequence,44.80758271399827,0,,,1305031473.1961,571,571,573,0.9965095986038395,0.18963924842460994,0.17935717232693432,0.1741598233814012,0.3020684952275397,0.061595854389214465,12.186649658671037,11.48122820862167,18.630430536477107,0.012013160209866548,0.185288470582738,0.5573173640624629,2.848476715799719,0.16490697074271354,0.15145449814220488,1.1230219615625396,0.17291075653080462,0.16141436422022348,1.127930946443017,431,0.172793,0.161316,0.014932,571,6.167106,90.0477985,0,0.896,0.992,17090.0,0.001827,0,/home/melody/code/individual_project/channel_selection_results/step_k_unet_enc0_direct_fullseq_greedy/artifacts/r_k03_0043_d05_d10_d13/replicate_0.all_frames.tum.txt,/home/melody/code/individual_project/channel_selection_results/step_k_unet_enc0_direct_fullseq_greedy/artifacts/r_k03_0043_d05_d10_d13/replicate_0.keyframes.tum.txt,/home/melody/code/individual_project/channel_selection_results/step_k_unet_enc0_direct_fullseq_greedy/artifacts/r_k03_0043_d05_d10_d13/replicate_0.log,2026-08-15T19:07:45.493452+00:00
r_k03_0044_d06_d07_d10,budget-matched cardinality-stratified random full-sequence control,"6,7,10","[6, 7, 10]",0,PASS,Completed the full matched RGB-D sequence,45.3214671099995,0,,,1305031473.1961,571,571,573,0.9965095986038395,0.15473287615194722,0.14623707541329395,0.16119632839564613,0.2360621642729422,0.05056659704607786,9.228650508901346,8.916557960141672,13.899449930335205,0.012294867322555034,0.19006079636430115,0.57105830696923,5.249393330655698,0.12623048591028224,0.11631165747003364,1.115933527363325,0.12975348513192184,0.11990034205913092,1.1177869207933366,436,0.12964,0.119788,0.015283,571,7.682042,64.18347349999999,0,0.896,0.992,6544.0,0.001926,0,/home/melody/code/individual_project/channel_selection_results/step_k_unet_enc0_direct_fullseq_greedy/artifacts/r_k03_0044_d06_d07_d10/replicate_0.all_frames.tum.txt,/home/melody/code/individual_project/channel_selection_results/step_k_unet_enc0_direct_fullseq_greedy/artifacts/r_k03_0044_d06_d07_d10/replicate_0.keyframes.tum.txt,/home/melody/code/individual_project/channel_selection_results/step_k_unet_enc0_direct_fullseq_greedy/artifacts/r_k03_0044_d06_d07_d10/replicate_0.log,2026-08-15T19:08:31.491858+00:00
r_k03_0045_d06_d10_d13,budget-matched cardinality-stratified random full-sequence control,"6,10,13","[6, 10, 13]",0,PASS,Completed the full matched RGB-D sequence,45.33309581199137,0,,,1305031473.1961,571,571,573,0.9965095986038395,0.1796189640534133,0.16500208065551597,0.16062904667715833,0.34017312757722695,0.07097383762325365,8.431750168702843,8.097417262870247,14.756377392520323,0.011364157462946656,0.12481481527171086,0.732394720213363,7.651611692272676,0.16556727054281592,0.15439824221020035,1.0887147745219594,0.16524881742535177,0.15269760984362948,1.089872518490979,434,0.165259,0.152765,0.015144,571,8.204232,108.30456950000001,0,0.889,0.993,7999.0,0.002938,0,/home/melody/code/individual_project/channel_selection_results/step_k_unet_enc0_direct_fullseq_greedy/artifacts/r_k03_0045_d06_d10_d13/replicate_0.all_frames.tum.txt,/home/melody/code/individual_project/channel_selection_results/step_k_unet_enc0_direct_fullseq_greedy/artifacts/r_k03_0045_d06_d10_d13/replicate_0.keyframes.tum.txt,/home/melody/code/individual_project/channel_selection_results/step_k_unet_enc0_direct_fullseq_greedy/artifacts/r_k03_0045_d06_d10_d13/replicate_0.log,2026-08-15T19:09:17.498455+00:00
r_k03_0046_d07_d08_d11,budget-matched cardinality-stratified random full-sequence control,"7,8,11","[7, 8, 11]",0,PASS,Completed the full matched RGB-D sequence,48.280063067999436,0,,,1305031473.1961,571,571,573,0.9965095986038395,0.19476796196990787,0.17888206961282405,0.17734072481877397,0.3507209512460599,0.07704391073241444,12.623419658663924,11.806753271347159,19.219556929561378,0.015359861300197043,0.2855134459568516,0.5708111148200519,3.1180064634881908,0.17883210164905278,0.15696903759418737,1.099579740457458,0.18320781183298887,0.16254250268693063,1.0959396780511184,437,0.183128,0.162446,0.019898,571,9.122553,110.445385,0,0.892,0.993,21350.0,0.00391,4,/home/melody/code/individual_project/channel_selection_results/step_k_unet_enc0_direct_fullseq_greedy/artifacts/r_k03_0046_d07_d08_d11/replicate_0.all_frames.tum.txt,/home/melody/code/individual_project/channel_selection_results/step_k_unet_enc0_direct_fullseq_greedy/artifacts/r_k03_0046_d07_d08_d11/replicate_0.keyframes.tum.txt,/home/melody/code/individual_project/channel_selection_results/step_k_unet_enc0_direct_fullseq_greedy/artifacts/r_k03_0046_d07_d08_d11/replicate_0.log,2026-08-15T19:10:06.454303+00:00
r_k03_0047_d07_d09_d12,budget-matched cardinality-stratified random full-sequence control,"7,9,12","[7, 9, 12]",0,PASS,Completed the full matched RGB-D sequence,46.777907691997825,0,,,1305031473.1961,571,571,573,0.9965095986038395,0.16990112732151996,0.12864287759127369,0.1030476981363537,0.6324650234434058,0.11098379661085628,15.083556200497748,10.124459835738959,62.216106713544335,0.02509394384338344,0.5644236974173458,2.350111590452235,54.77401408888522,0.15888762508054924,0.10211378663229238,1.0756182923224842,0.091325898495413,0.06904846477385986,1.0965599755305475,428,0.091314,0.069,0.033928,571,6.48631,43.2218245,0,0.867,0.992,249300.0,0.007777,13,/home/melody/code/individual_project/channel_selection_results/step_k_unet_enc0_direct_fullseq_greedy/artifacts/r_k03_0047_d07_d09_d12/replicate_0.all_frames.tum.txt,/home/melody/code/individual_project/channel_selection_results/step_k_unet_enc0_direct_fullseq_greedy/artifacts/r_k03_0047_d07_d09_d12/replicate_0.keyframes.tum.txt,/home/melody/code/individual_project/channel_selection_results/step_k_unet_enc0_direct_fullseq_greedy/artifacts/r_k03_0047_d07_d09_d12/replicate_0.log,2026-08-15T19:10:53.903195+00:00
r_k03_0048_d07_d10_d11,budget-matched cardinality-stratified random full-sequence control,"7,10,11","[7, 10, 11]",0,PASS,Completed the full matched RGB-D sequence,45.05541531900235,0,,,1305031473.1961,571,571,573,0.9965095986038395,0.13655317341342635,0.12930466249917175,0.13790472881165608,0.2306612005068204,0.043898444451399114,8.802555714691023,8.46322616900836,12.490325260124864,0.01151326852004307,0.16695175063077974,0.5585788929055272,4.470736991452854,0.10521724454217825,0.09784151109163965,1.1119989007099442,0.10689888858527763,0.0992267393806333,1.112543012223343,436,0.10674,0.09907,0.014671,571,5.027735,44.6769465,0,0.895,0.992,10560.0,0.002344,0,/home/melody/code/individual_project/channel_selection_results/step_k_unet_enc0_direct_fullseq_greedy/artifacts/r_k03_0048_d07_d10_d11/replicate_0.all_frames.tum.txt,/home/melody/code/individual_project/channel_selection_results/step_k_unet_enc0_direct_fullseq_greedy/artifacts/r_k03_0048_d07_d10_d11/replicate_0.keyframes.tum.txt,/home/melody/code/individual_project/channel_selection_results/step_k_unet_enc0_direct_fullseq_greedy/artifacts/r_k03_0048_d07_d10_d11/replicate_0.log,2026-08-15T19:11:39.628840+00:00
r_k03_0049_d07_d10_d15,budget-matched cardinality-stratified random full-sequence control,"7,10,15","[7, 10, 15]",0,PASS,Completed the full matched RGB-D sequence,46.011430818994995,0,,,1305031473.1961,571,571,573,0.9965095986038395,0.1420860880825066,0.13433677355045553,0.1335583977461017,0.2395407456053879,0.046282693295047826,9.26716913877612,9.111897258334242,13.904321634119567,0.010622959892759975,0.14379288357584788,0.6538420868227925,9.374389510188294,0.12284848979989145,0.11649529303050668,1.0903140233785813,0.1187253817741222,0.11094816350193254,1.0951345871779703,435,0.118794,0.111037,0.012281,571,7.497842,71.768574,0,0.874,0.992,5880.0,0.002178,0,/home/melody/code/individual_project/channel_selection_results/step_k_unet_enc0_direct_fullseq_greedy/artifacts/r_k03_0049_d07_d10_d15/replicate_0.all_frames.tum.txt,/home/melody/code/individual_project/channel_selection_results/step_k_unet_enc0_direct_fullseq_greedy/artifacts/r_k03_0049_d07_d10_d15/replicate_0.keyframes.tum.txt,/home/melody/code/individual_project/channel_selection_results/step_k_unet_enc0_direct_fullseq_greedy/artifacts/r_k03_0049_d07_d10_d15/replicate_0.log,2026-08-15T19:12:26.313128+00:00
r_k03_0050_d08_d10_d12,budget-matched cardinality-stratified random full-sequence control,"8,10,12","[8, 10, 12]",0,PASS,Completed the full matched RGB-D sequence,45.65883004300122,0,,,1305031473.1961,571,571,573,0.9965095986038395,0.19894383670548316,0.18917296307129122,0.1929435645223217,0.30710559864506853,0.06158116762392409,13.38097717324902,12.580406113609834,20.65943960067484,0.012120767473206166,0.19026480177071708,0.5497802375409544,2.7824957743492784,0.17227614222000934,0.15888669795147323,1.1319815840005787,0.17784098066655793,0.16576384360566393,1.1348060740489236,433,0.177711,0.165649,0.015603,571,9.639395,98.625839,0,0.895,0.993,7626.0,0.002705,0,/home/melody/code/individual_project/channel_selection_results/step_k_unet_enc0_direct_fullseq_greedy/artifacts/r_k03_0050_d08_d10_d12/replicate_0.all_frames.tum.txt,/home/melody/code/individual_project/channel_selection_results/step_k_unet_enc0_direct_fullseq_greedy/artifacts/r_k03_0050_d08_d10_d12/replicate_0.keyframes.tum.txt,/home/melody/code/individual_project/channel_selection_results/step_k_unet_enc0_direct_fullseq_greedy/artifacts/r_k03_0050_d08_d10_d12/replicate_0.log,2026-08-15T19:13:12.641170+00:00
r_k03_0051_d08_d11_d14,budget-matched cardinality-stratified random full-sequence control,"8,11,14","[8, 11, 14]",0,PASS,Completed the full matched RGB-D sequence,50.24925185799657,0,,,1305031473.1961,571,571,573,0.9965095986038395,0.32228838315102826,0.28020173849822516,0.21992133524644122,0.5303643755514909,0.15923814761757385,20.255126235897823,19.70839762816868,26.94352530996827,0.025983677987515965,0.49748985312600846,1.6151950058186082,25.84335750704099,0.3195828466282095,0.28326895700017657,0.9510582075260854,0.3267215135062087,0.29142001691842406,0.9333736412302762,432,0.326359,0.290984,0.028277,571,7.446991,52.938738,0,0.893,0.993,55540.0,0.006797,52,/home/melody/code/individual_project/channel_selection_results/step_k_unet_enc0_direct_fullseq_greedy/artifacts/r_k03_0051_d08_d11_d14/replicate_0.all_frames.tum.txt,/home/melody/code/individual_project/channel_selection_results/step_k_unet_enc0_direct_fullseq_greedy/artifacts/r_k03_0051_d08_d11_d14/replicate_0.keyframes.tum.txt,/home/melody/code/individual_project/channel_selection_results/step_k_unet_enc0_direct_fullseq_greedy/artifacts/r_k03_0051_d08_d11_d14/replicate_0.log,2026-08-15T19:14:03.545701+00:00
r_k03_0052_d08_d12_d14,budget-matched cardinality-stratified random full-sequence control,"8,12,14","[8, 12, 14]",0,PASS,Completed the full matched RGB-D sequence,48.378304204001324,0,,,1305031473.1961,571,571,573,0.9965095986038395,0.2162036673796805,0.20047539389610244,0.18770738464699224,0.3477183479268691,0.08095456892990097,15.0133533696568,14.52039802501984,20.106550361060197,0.014353356520596851,0.2397589321832588,0.8219066268737724,12.575528393363177,0.21078207373506577,0.18857203062854083,1.060401754856699,0.21429862959797008,0.19111256308757257,1.0551108955395223,431,0.214123,0.190962,0.016778,571,7.259923,65.9815365,0,0.895,0.993,159500.0,0.004897,44,/home/melody/code/individual_project/channel_selection_results/step_k_unet_enc0_direct_fullseq_greedy/artifacts/r_k03_0052_d08_d12_d14/replicate_0.all_frames.tum.txt,/home/melody/code/individual_project/channel_selection_results/step_k_unet_enc0_direct_fullseq_greedy/artifacts/r_k03_0052_d08_d12_d14/replicate_0.keyframes.tum.txt,/home/melody/code/individual_project/channel_selection_results/step_k_unet_enc0_direct_fullseq_greedy/artifacts/r_k03_0052_d08_d12_d14/replicate_0.log,2026-08-15T19:14:52.595463+00:00
r_k03_0053_d10_d12_d13,budget-matched cardinality-stratified random full-sequence control,"10,12,13","[10, 12, 13]",0,PASS,Completed the full matched RGB-D sequence,44.46702353100409,0,,,1305031473.1961,571,571,573,0.9965095986038395,0.1709561411990461,0.16422399155434206,0.16184105457300493,0.3320379745924971,0.047502450585496875,8.707279086567336,8.298998764346164,14.16689623236156,0.00914113011513036,0.06663881444676382,0.6154805673578355,7.561022316935511,0.15486134480469518,0.14514594696416114,1.0923333380704112,0.15327660709455285,0.14347872259346364,1.0991299132693155,434,0.153284,0.14353,0.011063,571,5.327832,87.10220699999999,0,0.871,0.992,13110.0,0.002558,0,/home/melody/code/individual_project/channel_selection_results/step_k_unet_enc0_direct_fullseq_greedy/artifacts/r_k03_0053_d10_d12_d13/replicate_0.all_frames.tum.txt,/home/melody/code/individual_project/channel_selection_results/step_k_unet_enc0_direct_fullseq_greedy/artifacts/r_k03_0053_d10_d12_d13/replicate_0.keyframes.tum.txt,/home/melody/code/individual_project/channel_selection_results/step_k_unet_enc0_direct_fullseq_greedy/artifacts/r_k03_0053_d10_d12_d13/replicate_0.log,2026-08-15T19:15:37.732354+00:00
r_k03_0054_d11_d13_d14,budget-matched cardinality-stratified random full-sequence control,"11,13,14","[11, 13, 14]",0,PASS,Completed the full matched RGB-D sequence,46.70200717599073,0,,,1305031473.1961,571,571,573,0.9965095986038395,0.15815640079563928,0.1518765978933187,0.14557598627856153,0.3160465076528515,0.04412421245735807,9.651886461500048,9.021561757268982,13.789825422055833,0.011095495690532137,0.11129680480715953,0.7798129158542781,11.889574799797257,0.1335008552744776,0.12225950178132755,1.1093505830154864,0.1309020005607885,0.12062097570247238,1.1112542785693786,435,0.130802,0.120511,0.0143,571,4.365039,92.7527695,0,0.867,0.993,49130.0,0.00474,39,/home/melody/code/individual_project/channel_selection_results/step_k_unet_enc0_direct_fullseq_greedy/artifacts/r_k03_0054_d11_d13_d14/replicate_0.all_frames.tum.txt,/home/melody/code/individual_project/channel_selection_results/step_k_unet_enc0_direct_fullseq_greedy/artifacts/r_k03_0054_d11_d13_d14/replicate_0.keyframes.tum.txt,/home/melody/code/individual_project/channel_selection_results/step_k_unet_enc0_direct_fullseq_greedy/artifacts/r_k03_0054_d11_d13_d14/replicate_0.log,2026-08-15T19:16:25.108778+00:00
r_k03_0055_d11_d14_d15,budget-matched cardinality-stratified random full-sequence control,"11,14,15","[11, 14, 15]",0,PASS,Completed the full matched RGB-D sequence,52.9369283499982,0,,,1305031473.1961,571,571,573,0.9965095986038395,0.7271748376643564,0.6738595906975099,0.6353641873221811,1.1452916412658627,0.2733065980856803,43.94114008590992,43.19814641430228,55.95234799302641,0.04289612990736132,0.7267946576250335,2.6677456260593337,47.44627880156033,0.6411224498476138,0.612825018975211,0.6318625724583553,0.6530391208195525,0.6250987570721709,0.6260455869053106,436,0.652383,0.624432,0.031526,571,7.211123,78.892124,0,0.171,0.993,2591000.0,0.027627,96,/home/melody/code/individual_project/channel_selection_results/step_k_unet_enc0_direct_fullseq_greedy/artifacts/r_k03_0055_d11_d14_d15/replicate_0.all_frames.tum.txt,/home/melody/code/individual_project/channel_selection_results/step_k_unet_enc0_direct_fullseq_greedy/artifacts/r_k03_0055_d11_d14_d15/replicate_0.keyframes.tum.txt,/home/melody/code/individual_project/channel_selection_results/step_k_unet_enc0_direct_fullseq_greedy/artifacts/r_k03_0055_d11_d14_d15/replicate_0.log,2026-08-15T19:17:18.714877+00:00
r_k04_0001_d00_d02_d03_d11,budget-matched cardinality-stratified random full-sequence control,"0,2,3,11","[0, 2, 3, 11]",0,PASS,Completed the full matched RGB-D sequence,45.58487356200931,0,,,1305031473.1961,571,571,573,0.9965095986038395,0.12459666111044296,0.11885980145547943,0.1235635249843576,0.21633541044172314,0.03737212273653417,8.969906495035064,8.716773387374742,12.193002526915391,0.009720755251004885,0.08884660336927065,0.6099921584026937,5.824041993589188,0.09324439706720684,0.08373690845141316,1.1055557039305846,0.08364073237138678,0.07424349200087196,1.1097539470938633,436,0.083564,0.074177,0.013583,571,7.165689,63.0092315,0,0.875,0.993,15090.0,0.00333,3,/home/melody/code/individual_project/channel_selection_results/step_k_unet_enc0_direct_fullseq_greedy/artifacts/r_k04_0001_d00_d02_d03_d11/replicate_0.all_frames.tum.txt,/home/melody/code/individual_project/channel_selection_results/step_k_unet_enc0_direct_fullseq_greedy/artifacts/r_k04_0001_d00_d02_d03_d11/replicate_0.keyframes.tum.txt,/home/melody/code/individual_project/channel_selection_results/step_k_unet_enc0_direct_fullseq_greedy/artifacts/r_k04_0001_d00_d02_d03_d11/replicate_0.log,2026-08-15T19:18:04.968805+00:00
r_k04_0002_d00_d02_d05_d13,budget-matched cardinality-stratified random full-sequence control,"0,2,5,13","[0, 2, 5, 13]",0,PASS,Completed the full matched RGB-D sequence,46.15860578199499,0,,,1305031473.1961,571,571,573,0.9965095986038395,0.18020923294268995,0.1746745476059357,0.1734883387615068,0.27353604632085077,0.04431895820587821,10.427881850140478,9.936074502459684,16.265863288153646,0.011248966960786111,0.15120219885842945,0.5700670479378886,4.8886111676710335,0.1621349647205398,0.15344467136884146,1.1012780948629688,0.16649350384506148,0.15919902260803678,1.106618947599954,431,0.166378,0.159114,0.013715,571,8.75879,72.819534,0,0.897,0.992,37750.0,0.002337,7,/home/melody/code/individual_project/channel_selection_results/step_k_unet_enc0_direct_fullseq_greedy/artifacts/r_k04_0002_d00_d02_d05_d13/replicate_0.all_frames.tum.txt,/home/melody/code/individual_project/channel_selection_results/step_k_unet_enc0_direct_fullseq_greedy/artifacts/r_k04_0002_d00_d02_d05_d13/replicate_0.keyframes.tum.txt,/home/melody/code/individual_project/channel_selection_results/step_k_unet_enc0_direct_fullseq_greedy/artifacts/r_k04_0002_d00_d02_d05_d13/replicate_0.log,2026-08-15T19:18:51.778923+00:00
r_k04_0003_d00_d02_d07_d08,budget-matched cardinality-stratified random full-sequence control,"0,2,7,8","[0, 2, 7, 8]",0,PASS,Completed the full matched RGB-D sequence,47.00136604200816,0,,,1305031473.1961,571,571,573,0.9965095986038395,0.14376400753795898,0.137530228262931,0.13811238654441263,0.25690411434687455,0.04187512599766618,8.338367441091206,8.048244344702189,12.498491324350905,0.00877611803151471,0.04181748303981811,0.528580004794934,2.7231582860274233,0.12062864821363402,0.11229282004588488,1.0997613138757691,0.11617275296783304,0.1073231358219018,1.1037241800478943,435,0.116174,0.107341,0.011291,571,11.193121,54.223895999999996,0,0.875,0.993,15940.0,0.008396,0,/home/melody/code/individual_project/channel_selection_results/step_k_unet_enc0_direct_fullseq_greedy/artifacts/r_k04_0003_d00_d02_d07_d08/replicate_0.all_frames.tum.txt,/home/melody/code/individual_project/channel_selection_results/step_k_unet_enc0_direct_fullseq_greedy/artifacts/r_k04_0003_d00_d02_d07_d08/replicate_0.keyframes.tum.txt,/home/melody/code/individual_project/channel_selection_results/step_k_unet_enc0_direct_fullseq_greedy/artifacts/r_k04_0003_d00_d02_d07_d08/replicate_0.log,2026-08-15T19:19:39.451998+00:00
r_k04_0004_d00_d03_d04_d09,budget-matched cardinality-stratified random full-sequence control,"0,3,4,9","[0, 3, 4, 9]",0,PASS,Completed the full matched RGB-D sequence,45.79484038599185,0,,,1305031473.1961,571,571,573,0.9965095986038395,0.16654411320117884,0.15848073139504634,0.1557011399122297,0.24260149904563572,0.05119374393867138,10.571926940335036,10.240127997804652,15.021884049564942,0.011909381624733976,0.1874925454135179,0.5430233474545951,2.645616451173123,0.1359432981597353,0.1251556272976824,1.1259803221420983,0.14106532961086302,0.13092834109042542,1.1275963650219163,435,0.140893,0.130779,0.014539,571,8.058669,58.1998615,0,0.898,0.992,13360.0,0.007231,2,/home/melody/code/individual_project/channel_selection_results/step_k_unet_enc0_direct_fullseq_greedy/artifacts/r_k04_0004_d00_d03_d04_d09/replicate_0.all_frames.tum.txt,/home/melody/code/individual_project/channel_selection_results/step_k_unet_enc0_direct_fullseq_greedy/artifacts/r_k04_0004_d00_d03_d04_d09/replicate_0.keyframes.tum.txt,/home/melody/code/individual_project/channel_selection_results/step_k_unet_enc0_direct_fullseq_greedy/artifacts/r_k04_0004_d00_d03_d04_d09/replicate_0.log,2026-08-15T19:20:25.905314+00:00
r_k04_0005_d00_d03_d04_d15,budget-matched cardinality-stratified random full-sequence control,"0,3,4,15","[0, 3, 4, 15]",0,PASS,Completed the full matched RGB-D sequence,46.5794720989943,0,,,1305031473.1961,571,571,573,0.9965095986038395,0.14766094268967725,0.14160438524182,0.1505280252154089,0.22662045144679827,0.041856326598142535,8.950849854272764,8.667195850386108,12.35252811962982,0.011763212087261068,0.15602224429675443,0.599460338941894,5.781609535249483,0.12056781658028579,0.1131666871928302,1.1097218115467273,0.12040681639866745,0.11292773530051889,1.1124577579276267,436,0.120254,0.112777,0.01506,571,10.020497,104.82469549999999,0,0.881,0.993,8951.0,0.002367,0,/home/melody/code/individual_project/channel_selection_results/step_k_unet_enc0_direct_fullseq_greedy/artifacts/r_k04_0005_d00_d03_d04_d15/replicate_0.all_frames.tum.txt,/home/melody/code/individual_project/channel_selection_results/step_k_unet_enc0_direct_fullseq_greedy/artifacts/r_k04_0005_d00_d03_d04_d15/replicate_0.keyframes.tum.txt,/home/melody/code/individual_project/channel_selection_results/step_k_unet_enc0_direct_fullseq_greedy/artifacts/r_k04_0005_d00_d03_d04_d15/replicate_0.log,2026-08-15T19:21:13.154922+00:00
r_k04_0006_d00_d03_d12_d15,budget-matched cardinality-stratified random full-sequence control,"0,3,12,15","[0, 3, 12, 15]",0,PASS,Completed the full matched RGB-D sequence,46.19848236700636,0,,,1305031473.1961,571,571,573,0.9965095986038395,0.1626441573243526,0.1569192656684487,0.15787740854839818,0.24277493723438623,0.0427722570578592,10.522997230127503,9.978987092398576,14.956743173619417,0.013611184992998722,0.21886135287003824,0.6888631695731555,8.115968199972396,0.13914354492023773,0.13108394523927872,1.1086404421858551,0.14198556094917122,0.13445441363113536,1.1083920498516313,434,0.141775,0.134255,0.017448,571,11.706001,234.1890795,0,0.897,0.992,13940.0,0.010051,3,/home/melody/code/individual_project/channel_selection_results/step_k_unet_enc0_direct_fullseq_greedy/artifacts/r_k04_0006_d00_d03_d12_d15/replicate_0.all_frames.tum.txt,/home/melody/code/individual_project/channel_selection_results/step_k_unet_enc0_direct_fullseq_greedy/artifacts/r_k04_0006_d00_d03_d12_d15/replicate_0.keyframes.tum.txt,/home/melody/code/individual_project/channel_selection_results/step_k_unet_enc0_direct_fullseq_greedy/artifacts/r_k04_0006_d00_d03_d12_d15/replicate_0.log,2026-08-15T19:22:00.012024+00:00
r_k04_0007_d00_d06_d12_d14,budget-matched cardinality-stratified random full-sequence control,"0,6,12,14","[0, 6, 12, 14]",0,PASS,Completed the full matched RGB-D sequence,49.03569847700419,0,,,1305031473.1961,571,571,573,0.9965095986038395,0.15429225882053096,0.14597283438909658,0.135614360684711,0.2559027328858486,0.049980323651964254,11.3150442150277,10.709264219697273,15.89966279621661,0.012547119112234452,0.19395558180844985,0.8324819349315832,12.111762426604011,0.14401989459034734,0.13093303435015427,1.0689178666596149,0.14736132503728325,0.1333934214400229,1.063906683715685,433,0.147127,0.133158,0.01554,571,10.296071,199.6918105,0,0.897,0.993,888700.0,0.040147,46,/home/melody/code/individual_project/channel_selection_results/step_k_unet_enc0_direct_fullseq_greedy/artifacts/r_k04_0007_d00_d06_d12_d14/replicate_0.all_frames.tum.txt,/home/melody/code/individual_project/channel_selection_results/step_k_unet_enc0_direct_fullseq_greedy/artifacts/r_k04_0007_d00_d06_d12_d14/replicate_0.keyframes.tum.txt,/home/melody/code/individual_project/channel_selection_results/step_k_unet_enc0_direct_fullseq_greedy/artifacts/r_k04_0007_d00_d06_d12_d14/replicate_0.log,2026-08-15T19:22:49.713714+00:00
r_k04_0008_d00_d07_d10_d11,budget-matched cardinality-stratified random full-sequence control,"0,7,10,11","[0, 7, 10, 11]",0,PASS,Completed the full matched RGB-D sequence,45.74075074100983,0,,,1305031473.1961,571,571,573,0.9965095986038395,0.13301178988951143,0.1275106861500378,0.12985526067444988,0.21657976517482683,0.03785711514574369,9.00724457305958,8.635377753352696,13.958744239897182,0.009034396934796253,0.051183348766673,0.5448629388844749,2.876305556257985,0.09709107133746288,0.088880208753603,1.1174251187914255,0.09105352744431024,0.08319759267137243,1.1195699561615093,437,0.090934,0.083097,0.011906,571,7.728311,80.66794999999999,0,0.875,0.992,10030.0,0.002673,0,/home/melody/code/individual_project/channel_selection_results/step_k_unet_enc0_direct_fullseq_greedy/artifacts/r_k04_0008_d00_d07_d10_d11/replicate_0.all_frames.tum.txt,/home/melody/code/individual_project/channel_selection_results/step_k_unet_enc0_direct_fullseq_greedy/artifacts/r_k04_0008_d00_d07_d10_d11/replicate_0.keyframes.tum.txt,/home/melody/code/individual_project/channel_selection_results/step_k_unet_enc0_direct_fullseq_greedy/artifacts/r_k04_0008_d00_d07_d10_d11/replicate_0.log,2026-08-15T19:23:36.112644+00:00
r_k04_0009_d00_d08_d09_d12,budget-matched cardinality-stratified random full-sequence control,"0,8,9,12","[0, 8, 9, 12]",0,PASS,Completed the full matched RGB-D sequence,47.812096982001094,0,,,1305031473.1961,571,571,573,0.9965095986038395,0.18605661712749513,0.18044917712846772,0.18725648602617695,0.26834233901687843,0.045333864280316924,11.580418016290965,11.342845013150734,16.879252067331926,0.009990661467653057,0.0689607327051789,0.583732833140355,4.363716018760068,0.16135665397024618,0.1516995037247314,1.1214298400270983,0.16272607904325376,0.1529261835679065,1.1232291966326924,432,0.162607,0.152818,0.012811,571,28.914331,166.619957,0,0.874,0.992,24740.0,0.004609,0,/home/melody/code/individual_project/channel_selection_results/step_k_unet_enc0_direct_fullseq_greedy/artifacts/r_k04_0009_d00_d08_d09_d12/replicate_0.all_frames.tum.txt,/home/melody/code/individual_project/channel_selection_results/step_k_unet_enc0_direct_fullseq_greedy/artifacts/r_k04_0009_d00_d08_d09_d12/replicate_0.keyframes.tum.txt,/home/melody/code/individual_project/channel_selection_results/step_k_unet_enc0_direct_fullseq_greedy/artifacts/r_k04_0009_d00_d08_d09_d12/replicate_0.log,2026-08-15T19:24:24.586851+00:00
r_k04_0010_d00_d08_d14_d15,budget-matched cardinality-stratified random full-sequence control,"0,8,14,15","[0, 8, 14, 15]",0,PASS,Completed the full matched RGB-D sequence,50.51296378299594,0,,,1305031473.1961,571,571,573,0.9965095986038395,0.2576404207934488,0.23825997276032038,0.22771986481314754,0.4541272860655516,0.09803454394690043,19.270024975508,18.067458106427924,28.44766454309258,0.02129231643900363,0.39200470217403144,0.9151831649148602,14.359281330992252,0.255373861818706,0.23399644091733524,1.0427214424044584,0.26360753423383215,0.24227680900503334,1.032993576798147,429,0.263309,0.242043,0.025355,571,30.589376,175.308876,0,0.734,0.993,47730.0,0.011465,44,/home/melody/code/individual_project/channel_selection_results/step_k_unet_enc0_direct_fullseq_greedy/artifacts/r_k04_0010_d00_d08_d14_d15/replicate_0.all_frames.tum.txt,/home/melody/code/individual_project/channel_selection_results/step_k_unet_enc0_direct_fullseq_greedy/artifacts/r_k04_0010_d00_d08_d14_d15/replicate_0.keyframes.tum.txt,/home/melody/code/individual_project/channel_selection_results/step_k_unet_enc0_direct_fullseq_greedy/artifacts/r_k04_0010_d00_d08_d14_d15/replicate_0.log,2026-08-15T19:25:15.769487+00:00
r_k04_0011_d00_d09_d11_d15,budget-matched cardinality-stratified random full-sequence control,"0,9,11,15","[0, 9, 11, 15]",0,PASS,Completed the full matched RGB-D sequence,47.85917649099429,0,,,1305031473.1961,571,571,573,0.9965095986038395,0.1986181016668289,0.19013923907166663,0.19565508269064869,0.3110783038264328,0.057412717014459214,12.980969961342462,12.495505915707616,18.863385094791617,0.011118638282785554,0.10511176322579412,0.603316498982499,4.157672844470234,0.17544832219937437,0.1612409926999919,1.1225571025286445,0.17959643525221097,0.16669386490758847,1.1208865055704904,434,0.179474,0.16658,0.013581,571,39.840626,292.087204,0,0.893,0.993,13980.0,0.002761,0,/home/melody/code/individual_project/channel_selection_results/step_k_unet_enc0_direct_fullseq_greedy/artifacts/r_k04_0011_d00_d09_d11_d15/replicate_0.all_frames.tum.txt,/home/melody/code/individual_project/channel_selection_results/step_k_unet_enc0_direct_fullseq_greedy/artifacts/r_k04_0011_d00_d09_d11_d15/replicate_0.keyframes.tum.txt,/home/melody/code/individual_project/channel_selection_results/step_k_unet_enc0_direct_fullseq_greedy/artifacts/r_k04_0011_d00_d09_d11_d15/replicate_0.log,2026-08-15T19:26:04.296107+00:00
r_k04_0012_d01_d02_d07_d08,budget-matched cardinality-stratified random full-sequence control,"1,2,7,8","[1, 2, 7, 8]",0,PASS,Completed the full matched RGB-D sequence,47.063266385986935,0,,,1305031473.1961,571,571,573,0.9965095986038395,0.16261052477697843,0.15227146926026636,0.14715600884277155,0.3238891293826052,0.05705771128922086,8.564121854565114,8.424319268793392,12.340028731106838,0.010551922022197614,0.10279238527092714,0.7644458375338558,11.272390480858348,0.1431240689976075,0.12976094168109814,1.0987603822867587,0.14030431250484202,0.12744772829480858,1.1031195608949338,432,0.140271,0.127451,0.01413,571,9.141548,57.9501645,0,0.896,0.993,50380.0,0.01338,9,/home/melody/code/individual_project/channel_selection_results/step_k_unet_enc0_direct_fullseq_greedy/artifacts/r_k04_0012_d01_d02_d07_d08/replicate_0.all_frames.tum.txt,/home/melody/code/individual_project/channel_selection_results/step_k_unet_enc0_direct_fullseq_greedy/artifacts/r_k04_0012_d01_d02_d07_d08/replicate_0.keyframes.tum.txt,/home/melody/code/individual_project/channel_selection_results/step_k_unet_enc0_direct_fullseq_greedy/artifacts/r_k04_0012_d01_d02_d07_d08/replicate_0.log,2026-08-15T19:26:52.031954+00:00
r_k04_0013_d01_d02_d13_d15,budget-matched cardinality-stratified random full-sequence control,"1,2,13,15","[1, 2, 13, 15]",0,PASS,Completed the full matched RGB-D sequence,47.059893159996136,0,,,1305031473.1961,571,571,573,0.9965095986038395,0.1921419299076592,0.17871728636465492,0.17077480643975992,0.3503628922697396,0.07055956903988102,9.5971604285696,9.480020363124183,12.988015981694847,0.010584020550643872,0.1157159983277013,0.779844253916527,11.268652441685623,0.17918479168640722,0.16779062678106188,1.0886351106624244,0.1783879306686993,0.1663223642156855,1.0963507556149301,434,0.178488,0.16649,0.013816,571,9.24242,86.21859,0,0.897,0.992,52760.0,0.006172,13,/home/melody/code/individual_project/channel_selection_results/step_k_unet_enc0_direct_fullseq_greedy/artifacts/r_k04_0013_d01_d02_d13_d15/replicate_0.all_frames.tum.txt,/home/melody/code/individual_project/channel_selection_results/step_k_unet_enc0_direct_fullseq_greedy/artifacts/r_k04_0013_d01_d02_d13_d15/replicate_0.keyframes.tum.txt,/home/melody/code/individual_project/channel_selection_results/step_k_unet_enc0_direct_fullseq_greedy/artifacts/r_k04_0013_d01_d02_d13_d15/replicate_0.log,2026-08-15T19:27:39.776155+00:00
r_k04_0014_d01_d03_d05_d14,budget-matched cardinality-stratified random full-sequence control,"1,3,5,14","[1, 3, 5, 14]",0,PASS,Completed the full matched RGB-D sequence,46.40443690899701,0,,,1305031473.1961,571,571,573,0.9965095986038395,0.20739901979649264,0.19166121908888842,0.17482767244347425,0.43691796545535516,0.07924853632659132,8.77173471526796,8.493721230190005,13.430014281459083,0.011136651595555885,0.13379256756212013,0.8242727246593166,11.189735111183515,0.20268032713823414,0.18339012131821775,1.0548034864762172,0.1971717123547469,0.17805927973900362,1.0686436822786687,435,0.197224,0.178202,0.014087,571,6.839979,65.3597585,0,0.906,0.992,46450.0,0.041355,20,/home/melody/code/individual_project/channel_selection_results/step_k_unet_enc0_direct_fullseq_greedy/artifacts/r_k04_0014_d01_d03_d05_d14/replicate_0.all_frames.tum.txt,/home/melody/code/individual_project/channel_selection_results/step_k_unet_enc0_direct_fullseq_greedy/artifacts/r_k04_0014_d01_d03_d05_d14/replicate_0.keyframes.tum.txt,/home/melody/code/individual_project/channel_selection_results/step_k_unet_enc0_direct_fullseq_greedy/artifacts/r_k04_0014_d01_d03_d05_d14/replicate_0.log,2026-08-15T19:28:26.847010+00:00
r_k04_0015_d01_d03_d06_d14,budget-matched cardinality-stratified random full-sequence control,"1,3,6,14","[1, 3, 6, 14]",0,PASS,Completed the full matched RGB-D sequence,46.35398967299261,0,,,1305031473.1961,571,571,573,0.9965095986038395,0.1555952164263649,0.1464793478955491,0.13964553483767267,0.3365952422233751,0.052475442016833206,8.24402327494309,7.96773256968812,11.82995474043085,0.012765490554853962,0.15680962719238642,0.9044642801693774,11.20583193974106,0.13463375958053642,0.12156731021332787,1.0997272481346716,0.12797474476902407,0.11694449519897897,1.1038932963258452,435,0.127847,0.116816,0.016808,571,7.524756,127.256733,0,0.896,0.992,24330.0,0.022685,3,/home/melody/code/individual_project/channel_selection_results/step_k_unet_enc0_direct_fullseq_greedy/artifacts/r_k04_0015_d01_d03_d06_d14/replicate_0.all_frames.tum.txt,/home/melody/code/individual_project/channel_selection_results/step_k_unet_enc0_direct_fullseq_greedy/artifacts/r_k04_0015_d01_d03_d06_d14/replicate_0.keyframes.tum.txt,/home/melody/code/individual_project/channel_selection_results/step_k_unet_enc0_direct_fullseq_greedy/artifacts/r_k04_0015_d01_d03_d06_d14/replicate_0.log,2026-08-15T19:29:13.874805+00:00
r_k04_0016_d01_d03_d12_d15,budget-matched cardinality-stratified random full-sequence control,"1,3,12,15","[1, 3, 12, 15]",0,PASS,Completed the full matched RGB-D sequence,46.53004412999144,0,,,1305031473.1961,571,571,573,0.9965095986038395,0.15950793233901758,0.15258744756002687,0.15209541971796148,0.28219806270062964,0.046474200651379215,8.137835908177392,7.845498567753339,12.159041990549326,0.01012713624556901,0.09762210820441465,0.8019778184722172,10.99358808336204,0.13883629219797772,0.12868740587491587,1.100565117866772,0.13388110553231355,0.1232240622668469,1.106918821361515,429,0.133862,0.123233,0.01364,571,9.044547,100.151909,0,0.896,0.993,25390.0,0.009334,7,/home/melody/code/individual_project/channel_selection_results/step_k_unet_enc0_direct_fullseq_greedy/artifacts/r_k04_0016_d01_d03_d12_d15/replicate_0.all_frames.tum.txt,/home/melody/code/individual_project/channel_selection_results/step_k_unet_enc0_direct_fullseq_greedy/artifacts/r_k04_0016_d01_d03_d12_d15/replicate_0.keyframes.tum.txt,/home/melody/code/individual_project/channel_selection_results/step_k_unet_enc0_direct_fullseq_greedy/artifacts/r_k04_0016_d01_d03_d12_d15/replicate_0.log,2026-08-15T19:30:01.073476+00:00
r_k04_0017_d01_d04_d05_d08,budget-matched cardinality-stratified random full-sequence control,"1,4,5,8","[1, 4, 5, 8]",0,PASS,Completed the full matched RGB-D sequence,47.92714522298775,0,,,1305031473.1961,571,571,573,0.9965095986038395,0.18616929476412983,0.17256329908191456,0.17339181092193046,0.29480085769264136,0.06986353929582409,8.983031022579937,8.478694658953174,14.565706483792562,0.010823845835821126,0.11024632557397375,0.7430836742422441,10.080109894291605,0.17579528689008508,0.1648750273762257,1.0774333149017958,0.17664166697006406,0.16538111145579068,1.0862679228638359,435,0.176696,0.165491,0.013874,571,11.807034,122.25893400000001,0,0.896,0.992,77960.0,0.045415,11,/home/melody/code/individual_project/channel_selection_results/step_k_unet_enc0_direct_fullseq_greedy/artifacts/r_k04_0017_d01_d04_d05_d08/replicate_0.all_frames.tum.txt,/home/melody/code/individual_project/channel_selection_results/step_k_unet_enc0_direct_fullseq_greedy/artifacts/r_k04_0017_d01_d04_d05_d08/replicate_0.keyframes.tum.txt,/home/melody/code/individual_project/channel_selection_results/step_k_unet_enc0_direct_fullseq_greedy/artifacts/r_k04_0017_d01_d04_d05_d08/replicate_0.log,2026-08-15T19:30:49.667949+00:00
r_k04_0018_d01_d04_d06_d15,budget-matched cardinality-stratified random full-sequence control,"1,4,6,15","[1, 4, 6, 15]",0,PASS,Completed the full matched RGB-D sequence,48.82387564900273,0,,,1305031473.1961,571,571,573,0.9965095986038395,0.2475876598204016,0.2379162675598372,0.2230991182404095,0.4104474933583626,0.06852371068279106,10.933259740033424,10.253458742023449,19.151648471111503,0.012836480652470974,0.12734045963345436,0.8238653394400242,10.961157291948188,0.24245842089840886,0.23007060611837046,1.063785512860533,0.24500210258785807,0.23157272758411954,1.0728434031886616,432,0.245081,0.231766,0.01612,571,27.361317,356.8379825,0,0.858,0.993,37970.0,0.008529,8,/home/melody/code/individual_project/channel_selection_results/step_k_unet_enc0_direct_fullseq_greedy/artifacts/r_k04_0018_d01_d04_d06_d15/replicate_0.all_frames.tum.txt,/home/melody/code/individual_project/channel_selection_results/step_k_unet_enc0_direct_fullseq_greedy/artifacts/r_k04_0018_d01_d04_d06_d15/replicate_0.keyframes.tum.txt,/home/melody/code/individual_project/channel_selection_results/step_k_unet_enc0_direct_fullseq_greedy/artifacts/r_k04_0018_d01_d04_d06_d15/replicate_0.log,2026-08-15T19:31:39.155862+00:00
r_k04_0019_d01_d05_d08_d14,budget-matched cardinality-stratified random full-sequence control,"1,5,8,14","[1, 5, 8, 14]",0,PASS,Completed the full matched RGB-D sequence,50.49366064200876,0,,,1305031473.1961,571,571,573,0.9965095986038395,0.17509810581884194,0.16438787180378342,0.15148768761256995,0.3664349596488777,0.06029904033373371,10.759064346514172,10.369793715953188,15.765479115107508,0.01081028624901251,0.1412746475688752,0.8485954177979077,13.405358086618621,0.16104916059195448,0.14554304310066477,1.0873381142935257,0.15765401284567576,0.14268581838509514,1.0947608539005778,435,0.157561,0.142617,0.013257,571,10.3603,64.53171900000001,0,0.895,0.993,644800.0,0.013055,62,/home/melody/code/individual_project/channel_selection_results/step_k_unet_enc0_direct_fullseq_greedy/artifacts/r_k04_0019_d01_d05_d08_d14/replicate_0.all_frames.tum.txt,/home/melody/code/individual_project/channel_selection_results/step_k_unet_enc0_direct_fullseq_greedy/artifacts/r_k04_0019_d01_d05_d08_d14/replicate_0.keyframes.tum.txt,/home/melody/code/individual_project/channel_selection_results/step_k_unet_enc0_direct_fullseq_greedy/artifacts/r_k04_0019_d01_d05_d08_d14/replicate_0.log,2026-08-15T19:32:30.321026+00:00
r_k04_0020_d01_d06_d09_d15,budget-matched cardinality-stratified random full-sequence control,"1,6,9,15","[1, 6, 9, 15]",0,PASS,Completed the full matched RGB-D sequence,50.57946551700297,0,,,1305031473.1961,571,571,573,0.9965095986038395,0.1980798317463249,0.18606069899682065,0.19661306970620343,0.2828921281717142,0.0679487750696574,10.31743871876969,9.667765017545575,17.813243237319135,0.011887120570868399,0.12750909780196815,0.8128863512768533,12.131422081373321,0.16936737862130333,0.1627356867492622,1.1367284186204853,0.17162035028465572,0.16441526977841195,1.142394818898883,433,0.171641,0.16449,0.015519,571,63.430717,326.9081725,0,0.896,0.993,265200.0,0.017052,39,/home/melody/code/individual_project/channel_selection_results/step_k_unet_enc0_direct_fullseq_greedy/artifacts/r_k04_0020_d01_d06_d09_d15/replicate_0.all_frames.tum.txt,/home/melody/code/individual_project/channel_selection_results/step_k_unet_enc0_direct_fullseq_greedy/artifacts/r_k04_0020_d01_d06_d09_d15/replicate_0.keyframes.tum.txt,/home/melody/code/individual_project/channel_selection_results/step_k_unet_enc0_direct_fullseq_greedy/artifacts/r_k04_0020_d01_d06_d09_d15/replicate_0.log,2026-08-15T19:33:21.560029+00:00
r_k04_0021_d01_d07_d09_d15,budget-matched cardinality-stratified random full-sequence control,"1,7,9,15","[1, 7, 9, 15]",0,PASS,Completed the full matched RGB-D sequence,48.32775595599378,0,,,1305031473.1961,571,571,573,0.9965095986038395,0.17642150573183146,0.16723111143949593,0.17614448546776712,0.2986471325143886,0.056198781582855774,10.132599925880449,9.759150647374659,15.191694330651234,0.015670355210999957,0.2622661620909725,0.8106638445385815,13.271585090819828,0.15052636730885594,0.13877447479600452,1.1202066825217885,0.15418339226341718,0.14256711315851217,1.1247483557453395,434,0.154104,0.142525,0.020005,571,13.489333,73.4538115,0,0.897,0.993,37400.0,0.008805,5,/home/melody/code/individual_project/channel_selection_results/step_k_unet_enc0_direct_fullseq_greedy/artifacts/r_k04_0021_d01_d07_d09_d15/replicate_0.all_frames.tum.txt,/home/melody/code/individual_project/channel_selection_results/step_k_unet_enc0_direct_fullseq_greedy/artifacts/r_k04_0021_d01_d07_d09_d15/replicate_0.keyframes.tum.txt,/home/melody/code/individual_project/channel_selection_results/step_k_unet_enc0_direct_fullseq_greedy/artifacts/r_k04_0021_d01_d07_d09_d15/replicate_0.log,2026-08-15T19:34:10.568778+00:00
r_k04_0022_d01_d07_d11_d14,budget-matched cardinality-stratified random full-sequence control,"1,7,11,14","[1, 7, 11, 14]",0,PASS,Completed the full matched RGB-D sequence,47.43561844500073,0,,,1305031473.1961,571,571,573,0.9965095986038395,0.1500206556862837,0.13993202521133705,0.13780747558639486,0.3063676474593315,0.054085353403636204,7.984596218263595,7.746035318189761,12.76333129518671,0.011786303554826296,0.16080773100499934,0.865249145758669,12.560752010849601,0.13063301252284762,0.11986040846138747,1.0937337350987542,0.1245249215803565,0.11480856730429848,1.0981732558109287,436,0.124541,0.11487,0.015916,571,6.093001,69.4466745,0,0.896,0.993,258900.0,0.02836,21,/home/melody/code/individual_project/channel_selection_results/step_k_unet_enc0_direct_fullseq_greedy/artifacts/r_k04_0022_d01_d07_d11_d14/replicate_0.all_frames.tum.txt,/home/melody/code/individual_project/channel_selection_results/step_k_unet_enc0_direct_fullseq_greedy/artifacts/r_k04_0022_d01_d07_d11_d14/replicate_0.keyframes.tum.txt,/home/melody/code/individual_project/channel_selection_results/step_k_unet_enc0_direct_fullseq_greedy/artifacts/r_k04_0022_d01_d07_d11_d14/replicate_0.log,2026-08-15T19:34:58.692068+00:00
r_k04_0023_d01_d09_d11_d14,budget-matched cardinality-stratified random full-sequence control,"1,9,11,14","[1, 9, 11, 14]",0,PASS,Completed the full matched RGB-D sequence,46.765443409007275,0,,,1305031473.1961,571,571,573,0.9965095986038395,0.1569369504497794,0.1510395943771818,0.14157909700646984,0.25947256735634805,0.042617453547260334,8.98731882749707,8.432460451930543,14.513062107266958,0.010914262072481582,0.12375192425162007,0.7895212270738035,12.04195132377693,0.1254898924225374,0.11801614092367654,1.1228310283517333,0.12430245559529471,0.11693825988106533,1.129204976562596,436,0.124173,0.11683,0.013917,571,7.598099,70.1801415,0,0.895,0.993,2576000.0,0.013363,11,/home/melody/code/individual_project/channel_selection_results/step_k_unet_enc0_direct_fullseq_greedy/artifacts/r_k04_0023_d01_d09_d11_d14/replicate_0.all_frames.tum.txt,/home/melody/code/individual_project/channel_selection_results/step_k_unet_enc0_direct_fullseq_greedy/artifacts/r_k04_0023_d01_d09_d11_d14/replicate_0.keyframes.tum.txt,/home/melody/code/individual_project/channel_selection_results/step_k_unet_enc0_direct_fullseq_greedy/artifacts/r_k04_0023_d01_d09_d11_d14/replicate_0.log,2026-08-15T19:35:46.145238+00:00
r_k04_0024_d01_d12_d13_d14,budget-matched cardinality-stratified random full-sequence control,"1,12,13,14","[1, 12, 13, 14]",0,PASS,Completed the full matched RGB-D sequence,46.80878747900715,0,,,1305031473.1961,571,571,573,0.9965095986038395,0.17996512054372438,0.16977089322990946,0.1620915500352322,0.358348719341443,0.059710036210304865,8.120323239901754,7.866050239282073,13.265574548285585,0.009907802485194806,0.1177213704765344,0.7468482619692177,11.621796046507145,0.16163873705010331,0.14765186268395214,1.1019198483118895,0.1601985145000551,0.14591025238845198,1.109448482505519,435,0.160163,0.145912,0.012187,571,6.415789,104.6968425,0,0.897,0.993,306400.0,0.011535,16,/home/melody/code/individual_project/channel_selection_results/step_k_unet_enc0_direct_fullseq_greedy/artifacts/r_k04_0024_d01_d12_d13_d14/replicate_0.all_frames.tum.txt,/home/melody/code/individual_project/channel_selection_results/step_k_unet_enc0_direct_fullseq_greedy/artifacts/r_k04_0024_d01_d12_d13_d14/replicate_0.keyframes.tum.txt,/home/melody/code/individual_project/channel_selection_results/step_k_unet_enc0_direct_fullseq_greedy/artifacts/r_k04_0024_d01_d12_d13_d14/replicate_0.log,2026-08-15T19:36:33.618964+00:00
r_k04_0025_d02_d03_d13_d15,budget-matched cardinality-stratified random full-sequence control,"2,3,13,15","[2, 3, 13, 15]",0,PASS,Completed the full matched RGB-D sequence,45.203160912991734,0,,,1305031473.1961,571,571,573,0.9965095986038395,0.1846754342732638,0.17851808258932816,0.17502658920133277,0.26926062773411585,0.04728964170564626,12.313599868435208,11.641745262777942,17.709878527679805,0.014831802240316258,0.2538286103317757,0.711754235665941,8.941590020390473,0.16887898980726146,0.16017140480823736,1.09589525472131,0.173630370874796,0.16631427275162308,1.0948380790990921,430,0.173476,0.16621,0.018898,571,7.953808,61.585393499999995,0,0.898,0.992,30280.0,0.002882,3,/home/melody/code/individual_project/channel_selection_results/step_k_unet_enc0_direct_fullseq_greedy/artifacts/r_k04_0025_d02_d03_d13_d15/replicate_0.all_frames.tum.txt,/home/melody/code/individual_project/channel_selection_results/step_k_unet_enc0_direct_fullseq_greedy/artifacts/r_k04_0025_d02_d03_d13_d15/replicate_0.keyframes.tum.txt,/home/melody/code/individual_project/channel_selection_results/step_k_unet_enc0_direct_fullseq_greedy/artifacts/r_k04_0025_d02_d03_d13_d15/replicate_0.log,2026-08-15T19:37:19.487475+00:00
r_k04_0026_d02_d04_d06_d15,budget-matched cardinality-stratified random full-sequence control,"2,4,6,15","[2, 4, 6, 15]",0,PASS,Completed the full matched RGB-D sequence,47.37265068599663,0,,,1305031473.1961,571,571,573,0.9965095986038395,0.15072237709001352,0.14395125048483776,0.1558363424443804,0.23480777395395935,0.04466847254513779,9.821865081730023,9.619660184578784,13.438894091412033,0.012977117373679103,0.19259452018082093,0.7136718712912401,8.533221714312969,0.12740993373825196,0.12216496147240098,1.1031441736477474,0.12980289467899567,0.12561727684762328,1.110012455871106,433,0.129697,0.125525,0.017247,571,19.358282,108.4788935,0,0.899,0.993,11800.0,0.002274,0,/home/melody/code/individual_project/channel_selection_results/step_k_unet_enc0_direct_fullseq_greedy/artifacts/r_k04_0026_d02_d04_d06_d15/replicate_0.all_frames.tum.txt,/home/melody/code/individual_project/channel_selection_results/step_k_unet_enc0_direct_fullseq_greedy/artifacts/r_k04_0026_d02_d04_d06_d15/replicate_0.keyframes.tum.txt,/home/melody/code/individual_project/channel_selection_results/step_k_unet_enc0_direct_fullseq_greedy/artifacts/r_k04_0026_d02_d04_d06_d15/replicate_0.log,2026-08-15T19:38:07.527858+00:00
r_k04_0027_d02_d04_d07_d09,budget-matched cardinality-stratified random full-sequence control,"2,4,7,9","[2, 4, 7, 9]",0,PASS,Completed the full matched RGB-D sequence,46.49306537299708,0,,,1305031473.1961,571,571,573,0.9965095986038395,0.19566459646402462,0.17644995650646184,0.16977404550943664,0.34745111143262264,0.0845579514788368,10.876194299330226,10.218377915020579,14.857875982595083,0.016529522256056077,0.333718674818921,0.6283475511135242,6.709611612067882,0.1903677742905952,0.1677767978313339,1.0562218971453707,0.19593852129264266,0.17390674712113402,1.0525309390429591,436,0.195787,0.173833,0.019791,571,7.183197,43.6196575,0,0.898,0.992,99970.0,0.023144,11,/home/melody/code/individual_project/channel_selection_results/step_k_unet_enc0_direct_fullseq_greedy/artifacts/r_k04_0027_d02_d04_d07_d09/replicate_0.all_frames.tum.txt,/home/melody/code/individual_project/channel_selection_results/step_k_unet_enc0_direct_fullseq_greedy/artifacts/r_k04_0027_d02_d04_d07_d09/replicate_0.keyframes.tum.txt,/home/melody/code/individual_project/channel_selection_results/step_k_unet_enc0_direct_fullseq_greedy/artifacts/r_k04_0027_d02_d04_d07_d09/replicate_0.log,2026-08-15T19:38:54.700578+00:00
r_k04_0028_d02_d05_d07_d15,budget-matched cardinality-stratified random full-sequence control,"2,5,7,15","[2, 5, 7, 15]",0,PASS,Completed the full matched RGB-D sequence,47.063123693005764,0,,,1305031473.1961,571,571,573,0.9965095986038395,0.19170213588901702,0.1773703879339918,0.17078518327737852,0.3277299183955438,0.07272863527219804,13.146240593950187,12.199444323745299,19.71948120097106,0.01263576436666742,0.20137134734444762,0.5815090474951318,3.509090487228121,0.17992784101384393,0.16388939814202375,1.0841980639357796,0.18650711583110338,0.1715968986477498,1.0917108605604213,434,0.186399,0.171506,0.01645,571,10.210964,57.531617999999995,0,0.898,0.993,49610.0,0.006488,0,/home/melody/code/individual_project/channel_selection_results/step_k_unet_enc0_direct_fullseq_greedy/artifacts/r_k04_0028_d02_d05_d07_d15/replicate_0.all_frames.tum.txt,/home/melody/code/individual_project/channel_selection_results/step_k_unet_enc0_direct_fullseq_greedy/artifacts/r_k04_0028_d02_d05_d07_d15/replicate_0.keyframes.tum.txt,/home/melody/code/individual_project/channel_selection_results/step_k_unet_enc0_direct_fullseq_greedy/artifacts/r_k04_0028_d02_d05_d07_d15/replicate_0.log,2026-08-15T19:39:42.438024+00:00
r_k04_0029_d02_d05_d11_d15,budget-matched cardinality-stratified random full-sequence control,"2,5,11,15","[2, 5, 11, 15]",0,PASS,Completed the full matched RGB-D sequence,47.77261085099599,0,,,1305031473.1961,571,571,573,0.9965095986038395,0.1542194574054232,0.1477037437920826,0.15432114478152592,0.22998792800236878,0.044353636967287786,10.853649378947429,10.396402032053631,15.407383074693202,0.010968650671261246,0.10520087211544861,0.7128428402932854,6.985527293552859,0.14009640255119013,0.1325017521665242,1.0811211731039378,0.1409028082237678,0.1344627947752345,1.087561543755332,433,0.14078,0.134342,0.01472,571,12.928347,107.237953,0,0.896,0.993,55930.0,0.005278,7,/home/melody/code/individual_project/channel_selection_results/step_k_unet_enc0_direct_fullseq_greedy/artifacts/r_k04_0029_d02_d05_d11_d15/replicate_0.all_frames.tum.txt,/home/melody/code/individual_project/channel_selection_results/step_k_unet_enc0_direct_fullseq_greedy/artifacts/r_k04_0029_d02_d05_d11_d15/replicate_0.keyframes.tum.txt,/home/melody/code/individual_project/channel_selection_results/step_k_unet_enc0_direct_fullseq_greedy/artifacts/r_k04_0029_d02_d05_d11_d15/replicate_0.log,2026-08-15T19:40:30.885682+00:00
r_k04_0030_d02_d06_d07_d12,budget-matched cardinality-stratified random full-sequence control,"2,6,7,12","[2, 6, 7, 12]",0,PASS,Completed the full matched RGB-D sequence,46.09823733700614,0,,,1305031473.1961,571,571,573,0.9965095986038395,0.1519098158445205,0.142192922401574,0.13211492152689572,0.3000715544738601,0.05345806738758975,8.665449388447337,8.508154914050719,11.627419523927465,0.0094128195800264,0.0644060673136179,0.6303193717326047,6.75402352329135,0.14200403217663604,0.12898991506833604,1.0670314636422258,0.13785943883155993,0.124591323410685,1.0754707516001383,430,0.137909,0.124697,0.012464,571,8.837955,56.530992499999996,0,0.877,0.993,43260.0,0.005487,0,/home/melody/code/individual_project/channel_selection_results/step_k_unet_enc0_direct_fullseq_greedy/artifacts/r_k04_0030_d02_d06_d07_d12/replicate_0.all_frames.tum.txt,/home/melody/code/individual_project/channel_selection_results/step_k_unet_enc0_direct_fullseq_greedy/artifacts/r_k04_0030_d02_d06_d07_d12/replicate_0.keyframes.tum.txt,/home/melody/code/individual_project/channel_selection_results/step_k_unet_enc0_direct_fullseq_greedy/artifacts/r_k04_0030_d02_d06_d07_d12/replicate_0.log,2026-08-15T19:41:17.643265+00:00
r_k04_0031_d02_d07_d08_d14,budget-matched cardinality-stratified random full-sequence control,"2,7,8,14","[2, 7, 8, 14]",0,PASS,Completed the full matched RGB-D sequence,46.106702531003975,0,,,1305031473.1961,571,571,573,0.9965095986038395,0.1685287518702939,0.1620434955636982,0.15693640801862513,0.26493513301612126,0.04630168196142351,10.21030404578528,9.827251684684754,13.903457682957074,0.013355373042048976,0.21830198049059554,0.7484690491525186,11.714284273462422,0.1535303673785214,0.14004686094847776,1.0882623855106475,0.15372177455358915,0.14040036763046077,1.0870070219921313,437,0.153587,0.140278,0.016425,571,7.540592,47.138996,0,0.896,0.993,21590.0,0.018038,0,/home/melody/code/individual_project/channel_selection_results/step_k_unet_enc0_direct_fullseq_greedy/artifacts/r_k04_0031_d02_d07_d08_d14/replicate_0.all_frames.tum.txt,/home/melody/code/individual_project/channel_selection_results/step_k_unet_enc0_direct_fullseq_greedy/artifacts/r_k04_0031_d02_d07_d08_d14/replicate_0.keyframes.tum.txt,/home/melody/code/individual_project/channel_selection_results/step_k_unet_enc0_direct_fullseq_greedy/artifacts/r_k04_0031_d02_d07_d08_d14/replicate_0.log,2026-08-15T19:42:04.409268+00:00
r_k04_0032_d02_d10_d11_d12,budget-matched cardinality-stratified random full-sequence control,"2,10,11,12","[2, 10, 11, 12]",0,PASS,Completed the full matched RGB-D sequence,44.52639601100236,0,,,1305031473.1961,571,571,573,0.9965095986038395,0.1403368617373522,0.13244610078444802,0.14717621589019755,0.209723500553409,0.04639466725049922,9.358615647741498,9.147809885719266,13.172450760277403,0.011940520451987768,0.18618987622072403,0.5461294982701141,2.8693499189284735,0.1108736990453455,0.10391377355092965,1.1106575414581388,0.11295344985136009,0.10511699370129125,1.114918756597049,432,0.112831,0.104993,0.015385,571,7.249038,64.3365365,0,0.896,0.993,12070.0,0.003132,0,/home/melody/code/individual_project/channel_selection_results/step_k_unet_enc0_direct_fullseq_greedy/artifacts/r_k04_0032_d02_d10_d11_d12/replicate_0.all_frames.tum.txt,/home/melody/code/individual_project/channel_selection_results/step_k_unet_enc0_direct_fullseq_greedy/artifacts/r_k04_0032_d02_d10_d11_d12/replicate_0.keyframes.tum.txt,/home/melody/code/individual_project/channel_selection_results/step_k_unet_enc0_direct_fullseq_greedy/artifacts/r_k04_0032_d02_d10_d11_d12/replicate_0.log,2026-08-15T19:42:49.606610+00:00
r_k04_0033_d03_d04_d08_d11,budget-matched cardinality-stratified random full-sequence control,"3,4,8,11","[3, 4, 8, 11]",0,PASS,Completed the full matched RGB-D sequence,46.06608503800817,0,,,1305031473.1961,571,571,573,0.9965095986038395,0.1394281753371355,0.13317588060879276,0.12900574846570595,0.24993631794889862,0.04128439053583786,9.453457410703184,8.627605380376076,14.656708316304963,0.013752812118581202,0.21233896432621202,0.8076935518350846,9.13998088727178,0.11682957255668446,0.10578733536689477,1.0967435267196468,0.11961328741318954,0.11020439948630632,1.0912481723459408,437,0.119284,0.10979,0.017941,571,8.597808,59.1728305,0,0.895,0.993,10630.0,0.002621,0,/home/melody/code/individual_project/channel_selection_results/step_k_unet_enc0_direct_fullseq_greedy/artifacts/r_k04_0033_d03_d04_d08_d11/replicate_0.all_frames.tum.txt,/home/melody/code/individual_project/channel_selection_results/step_k_unet_enc0_direct_fullseq_greedy/artifacts/r_k04_0033_d03_d04_d08_d11/replicate_0.keyframes.tum.txt,/home/melody/code/individual_project/channel_selection_results/step_k_unet_enc0_direct_fullseq_greedy/artifacts/r_k04_0033_d03_d04_d08_d11/replicate_0.log,2026-08-15T19:43:36.350848+00:00
r_k04_0034_d03_d05_d08_d14,budget-matched cardinality-stratified random full-sequence control,"3,5,8,14","[3, 5, 8, 14]",0,PASS,Completed the full matched RGB-D sequence,46.230046519995085,0,,,1305031473.1961,571,571,573,0.9965095986038395,0.13334371308207696,0.12779561151064348,0.12193730666024749,0.22861841854441015,0.03806346669886959,9.940227827831833,9.500692314547965,16.6546223993033,0.01191413545394468,0.13647509201740976,0.650132214594613,5.354454801873614,0.11233600749758334,0.10359957908521092,1.090770481779451,0.10676340277490454,0.09827664281086579,1.0964831823553471,430,0.106607,0.098141,0.0156,571,9.151983,98.8004875,0,0.884,0.993,19140.0,0.006674,3,/home/melody/code/individual_project/channel_selection_results/step_k_unet_enc0_direct_fullseq_greedy/artifacts/r_k04_0034_d03_d05_d08_d14/replicate_0.all_frames.tum.txt,/home/melody/code/individual_project/channel_selection_results/step_k_unet_enc0_direct_fullseq_greedy/artifacts/r_k04_0034_d03_d05_d08_d14/replicate_0.keyframes.tum.txt,/home/melody/code/individual_project/channel_selection_results/step_k_unet_enc0_direct_fullseq_greedy/artifacts/r_k04_0034_d03_d05_d08_d14/replicate_0.log,2026-08-15T19:44:23.248540+00:00
r_k04_0035_d03_d07_d08_d15,budget-matched cardinality-stratified random full-sequence control,"3,7,8,15","[3, 7, 8, 15]",0,PASS,Completed the full matched RGB-D sequence,46.98701391599025,0,,,1305031473.1961,571,571,573,0.9965095986038395,0.1502659151192546,0.14367213566158837,0.14161083306159786,0.30507865278807406,0.04402456906166345,8.938515178494772,8.346433625091795,13.608758974949302,0.011866387386663665,0.1016142314477543,0.8192872815671649,9.09739977548032,0.13063363984774973,0.11959945020198598,1.0944241309355638,0.12407511798144613,0.11535658048212032,1.0941934265714242,435,0.124006,0.115299,0.016791,571,16.84635,90.8063625,0,0.882,0.993,10920.0,0.003256,0,/home/melody/code/individual_project/channel_selection_results/step_k_unet_enc0_direct_fullseq_greedy/artifacts/r_k04_0035_d03_d07_d08_d15/replicate_0.all_frames.tum.txt,/home/melody/code/individual_project/channel_selection_results/step_k_unet_enc0_direct_fullseq_greedy/artifacts/r_k04_0035_d03_d07_d08_d15/replicate_0.keyframes.tum.txt,/home/melody/code/individual_project/channel_selection_results/step_k_unet_enc0_direct_fullseq_greedy/artifacts/r_k04_0035_d03_d07_d08_d15/replicate_0.log,2026-08-15T19:45:10.906136+00:00
r_k04_0036_d03_d07_d10_d15,budget-matched cardinality-stratified random full-sequence control,"3,7,10,15","[3, 7, 10, 15]",0,PASS,Completed the full matched RGB-D sequence,45.11769068200374,0,,,1305031473.1961,571,571,573,0.9965095986038395,0.14072578469635652,0.1328207965081023,0.14613921793263768,0.23204880508066708,0.046501424637946036,9.0396003657523,8.7719955611276,12.231305688153846,0.012486165514200846,0.20405865686995414,0.5560652796266351,4.182406321214703,0.11035039750167831,0.10149930916761721,1.1125056695695894,0.11332804529835226,0.10432374771020679,1.1131437605737031,436,0.113162,0.104149,0.015996,571,7.801074,61.907114500000006,0,0.897,0.992,8186.0,0.00204,0,/home/melody/code/individual_project/channel_selection_results/step_k_unet_enc0_direct_fullseq_greedy/artifacts/r_k04_0036_d03_d07_d10_d15/replicate_0.all_frames.tum.txt,/home/melody/code/individual_project/channel_selection_results/step_k_unet_enc0_direct_fullseq_greedy/artifacts/r_k04_0036_d03_d07_d10_d15/replicate_0.keyframes.tum.txt,/home/melody/code/individual_project/channel_selection_results/step_k_unet_enc0_direct_fullseq_greedy/artifacts/r_k04_0036_d03_d07_d10_d15/replicate_0.log,2026-08-15T19:45:56.702533+00:00
r_k04_0037_d03_d08_d10_d13,budget-matched cardinality-stratified random full-sequence control,"3,8,10,13","[3, 8, 10, 13]",0,PASS,Completed the full matched RGB-D sequence,44.80109704300412,0,,,1305031473.1961,571,571,573,0.9965095986038395,0.1510231767803475,0.1473289116326548,0.1403961553681153,0.22667732379300404,0.033199272913205256,9.932678284133855,9.255060389645724,15.087798694326526,0.010192686268339246,0.0979295555749,0.6729109271293396,8.422580592134054,0.1163444290952888,0.10884263943449042,1.1256276986616194,0.11551144852144055,0.1089212370370965,1.1253734089483258,435,0.115287,0.108694,0.012982,571,8.683308,74.9973185,0,0.896,0.992,8189.0,0.002841,0,/home/melody/code/individual_project/channel_selection_results/step_k_unet_enc0_direct_fullseq_greedy/artifacts/r_k04_0037_d03_d08_d10_d13/replicate_0.all_frames.tum.txt,/home/melody/code/individual_project/channel_selection_results/step_k_unet_enc0_direct_fullseq_greedy/artifacts/r_k04_0037_d03_d08_d10_d13/replicate_0.keyframes.tum.txt,/home/melody/code/individual_project/channel_selection_results/step_k_unet_enc0_direct_fullseq_greedy/artifacts/r_k04_0037_d03_d08_d10_d13/replicate_0.log,2026-08-15T19:46:42.183571+00:00
r_k04_0038_d03_d10_d13_d14,budget-matched cardinality-stratified random full-sequence control,"3,10,13,14","[3, 10, 13, 14]",0,PASS,Completed the full matched RGB-D sequence,44.55123224799172,0,,,1305031473.1961,571,571,573,0.9965095986038395,0.14421252118314923,0.13676046652101945,0.14873631000138152,0.2107190222741857,0.04575834418937585,9.308655791770105,9.020859495333903,12.773779541424782,0.012843157024524217,0.22733911644341906,0.5393120517213282,3.1993102377753684,0.11361381709719452,0.10344843862524111,1.114709178668874,0.116191367798272,0.10509584149776131,1.1158294918189802,435,0.116025,0.104912,0.016245,571,5.832849,54.9172745,0,0.897,0.992,14100.0,0.002332,0,/home/melody/code/individual_project/channel_selection_results/step_k_unet_enc0_direct_fullseq_greedy/artifacts/r_k04_0038_d03_d10_d13_d14/replicate_0.all_frames.tum.txt,/home/melody/code/individual_project/channel_selection_results/step_k_unet_enc0_direct_fullseq_greedy/artifacts/r_k04_0038_d03_d10_d13_d14/replicate_0.keyframes.tum.txt,/home/melody/code/individual_project/channel_selection_results/step_k_unet_enc0_direct_fullseq_greedy/artifacts/r_k04_0038_d03_d10_d13_d14/replicate_0.log,2026-08-15T19:47:27.422542+00:00
r_k04_0039_d04_d05_d08_d10,budget-matched cardinality-stratified random full-sequence control,"4,5,8,10","[4, 5, 8, 10]",0,PASS,Completed the full matched RGB-D sequence,46.07693123300851,0,,,1305031473.1961,571,571,573,0.9965095986038395,0.16004713279364777,0.1514893087061667,0.16728276151821245,0.23489194116756498,0.05163403977218185,10.130404205505489,9.754624241114076,16.16458267624899,0.012057744553237514,0.1889486206880917,0.5713574610259192,3.205795496126588,0.13818399569120515,0.1303915781728393,1.1036834597112002,0.14047483155091606,0.13130510705922827,1.111445960881471,431,0.140405,0.131242,0.015297,571,11.303268,84.9443245,0,0.896,0.993,12740.0,0.002048,0,/home/melody/code/individual_project/channel_selection_results/step_k_unet_enc0_direct_fullseq_greedy/artifacts/r_k04_0039_d04_d05_d08_d10/replicate_0.all_frames.tum.txt,/home/melody/code/individual_project/channel_selection_results/step_k_unet_enc0_direct_fullseq_greedy/artifacts/r_k04_0039_d04_d05_d08_d10/replicate_0.keyframes.tum.txt,/home/melody/code/individual_project/channel_selection_results/step_k_unet_enc0_direct_fullseq_greedy/artifacts/r_k04_0039_d04_d05_d08_d10/replicate_0.log,2026-08-15T19:48:14.176294+00:00
r_k04_0040_d04_d06_d07_d12,budget-matched cardinality-stratified random full-sequence control,"4,6,7,12","[4, 6, 7, 12]",0,PASS,Completed the full matched RGB-D sequence,46.90460754701053,0,,,1305031473.1961,571,571,573,0.9965095986038395,0.15310905149776044,0.14032417323475216,0.1396844503710688,0.25840321515076997,0.06124955556187436,8.026730640569765,7.6748663625662035,13.329436977244935,0.014078309726186086,0.24139192664923437,0.7486719921784083,9.677653313049143,0.14398189755143692,0.13340186229275583,1.0645651604704258,0.1444066587882999,0.1345417651410273,1.0657675263886277,430,0.144407,0.134579,0.01827,571,8.295669,66.31044399999999,0,0.899,0.993,48730.0,0.006711,3,/home/melody/code/individual_project/channel_selection_results/step_k_unet_enc0_direct_fullseq_greedy/artifacts/r_k04_0040_d04_d06_d07_d12/replicate_0.all_frames.tum.txt,/home/melody/code/individual_project/channel_selection_results/step_k_unet_enc0_direct_fullseq_greedy/artifacts/r_k04_0040_d04_d06_d07_d12/replicate_0.keyframes.tum.txt,/home/melody/code/individual_project/channel_selection_results/step_k_unet_enc0_direct_fullseq_greedy/artifacts/r_k04_0040_d04_d06_d07_d12/replicate_0.log,2026-08-15T19:49:01.767960+00:00
r_k04_0041_d04_d06_d08_d10,budget-matched cardinality-stratified random full-sequence control,"4,6,8,10","[4, 6, 8, 10]",0,PASS,Completed the full matched RGB-D sequence,47.289395272004185,0,,,1305031473.1961,571,571,573,0.9965095986038395,0.16445629176270554,0.15700794923711872,0.15509570337628825,0.2497524371889947,0.04893235919812659,11.577620175716506,11.091371945198743,17.029216865547504,0.010257839366512946,0.09727341631600776,0.6053298859291527,4.756530606360634,0.12877919279592048,0.12171618655445542,1.1348098619102114,0.13227976844350917,0.12614795594062758,1.135985352273061,433,0.13202,0.125907,0.013538,571,20.365837,236.936661,0,0.896,0.993,4054.0,0.002475,0,/home/melody/code/individual_project/channel_selection_results/step_k_unet_enc0_direct_fullseq_greedy/artifacts/r_k04_0041_d04_d06_d08_d10/replicate_0.all_frames.tum.txt,/home/melody/code/individual_project/channel_selection_results/step_k_unet_enc0_direct_fullseq_greedy/artifacts/r_k04_0041_d04_d06_d08_d10/replicate_0.keyframes.tum.txt,/home/melody/code/individual_project/channel_selection_results/step_k_unet_enc0_direct_fullseq_greedy/artifacts/r_k04_0041_d04_d06_d08_d10/replicate_0.log,2026-08-15T19:49:49.731370+00:00
r_k04_0042_d04_d07_d10_d14,budget-matched cardinality-stratified random full-sequence control,"4,7,10,14","[4, 7, 10, 14]",0,PASS,Completed the full matched RGB-D sequence,45.35830033199454,0,,,1305031473.1961,571,571,573,0.9965095986038395,0.13310776242641126,0.1299319635163683,0.12728740072985173,0.22264386466613506,0.028902617095119182,7.766054759091362,7.4774164013816895,11.823606519408951,0.008290219227568625,0.03550290595004203,0.5112758056208611,2.0416567842836817,0.1071684913187274,0.10111428906734056,1.1005676025108635,0.10522652462067275,0.09960503155440568,1.105216382926379,436,0.105162,0.099555,0.00992,571,5.846136,40.653189,0,0.873,0.993,12410.0,0.001651,0,/home/melody/code/individual_project/channel_selection_results/step_k_unet_enc0_direct_fullseq_greedy/artifacts/r_k04_0042_d04_d07_d10_d14/replicate_0.all_frames.tum.txt,/home/melody/code/individual_project/channel_selection_results/step_k_unet_enc0_direct_fullseq_greedy/artifacts/r_k04_0042_d04_d07_d10_d14/replicate_0.keyframes.tum.txt,/home/melody/code/individual_project/channel_selection_results/step_k_unet_enc0_direct_fullseq_greedy/artifacts/r_k04_0042_d04_d07_d10_d14/replicate_0.log,2026-08-15T19:50:35.758268+00:00
r_k04_0043_d04_d08_d10_d14,budget-matched cardinality-stratified random full-sequence control,"4,8,10,14","[4, 8, 10, 14]",0,PASS,Completed the full matched RGB-D sequence,45.69696629898681,0,,,1305031473.1961,571,571,573,0.9965095986038395,0.17614090167384305,0.16505095227197478,0.16897488845169098,0.295555764634607,0.06151260355885416,9.384019695326108,9.003245692627576,14.613214552089342,0.013524010604425044,0.23560011943769948,0.6807648214328444,8.79106556875353,0.15937442723804357,0.14854366496376373,1.096050840474153,0.1633444083689933,0.15302887946525445,1.0991554955600233,437,0.163255,0.152973,0.017069,571,7.889017,100.649456,0,0.896,0.993,6594.0,0.003653,0,/home/melody/code/individual_project/channel_selection_results/step_k_unet_enc0_direct_fullseq_greedy/artifacts/r_k04_0043_d04_d08_d10_d14/replicate_0.all_frames.tum.txt,/home/melody/code/individual_project/channel_selection_results/step_k_unet_enc0_direct_fullseq_greedy/artifacts/r_k04_0043_d04_d08_d10_d14/replicate_0.keyframes.tum.txt,/home/melody/code/individual_project/channel_selection_results/step_k_unet_enc0_direct_fullseq_greedy/artifacts/r_k04_0043_d04_d08_d10_d14/replicate_0.log,2026-08-15T19:51:22.118470+00:00
r_k04_0044_d04_d08_d12_d15,budget-matched cardinality-stratified random full-sequence control,"4,8,12,15","[4, 8, 12, 15]",0,PASS,Completed the full matched RGB-D sequence,47.91242230100033,0,,,1305031473.1961,571,571,573,0.9965095986038395,0.18736588291827186,0.17252977771894049,0.18251070291399113,0.3241703771103696,0.0730715394801324,10.01468985921021,9.58774226032978,14.084285086256079,0.015104958424817566,0.2645667680994208,0.6693619132093751,6.166636472459859,0.17161291872314627,0.15165012400690625,1.0966205475413024,0.17778092834472828,0.16011379973929957,1.0977573578346402,434,0.177645,0.159957,0.018997,571,25.042355,159.642334,0,0.887,0.993,22520.0,0.01054,0,/home/melody/code/individual_project/channel_selection_results/step_k_unet_enc0_direct_fullseq_greedy/artifacts/r_k04_0044_d04_d08_d12_d15/replicate_0.all_frames.tum.txt,/home/melody/code/individual_project/channel_selection_results/step_k_unet_enc0_direct_fullseq_greedy/artifacts/r_k04_0044_d04_d08_d12_d15/replicate_0.keyframes.tum.txt,/home/melody/code/individual_project/channel_selection_results/step_k_unet_enc0_direct_fullseq_greedy/artifacts/r_k04_0044_d04_d08_d12_d15/replicate_0.log,2026-08-15T19:52:10.708731+00:00
r_k04_0045_d04_d09_d11_d15,budget-matched cardinality-stratified random full-sequence control,"4,9,11,15","[4, 9, 11, 15]",0,PASS,Completed the full matched RGB-D sequence,47.47375933799776,0,,,1305031473.1961,571,571,573,0.9965095986038395,0.19230217591729248,0.18551243790398708,0.19372509367243237,0.2812582154412049,0.050648417995478,11.13865372761002,10.666348087285808,16.38391686175974,0.012652047741388324,0.204440193303086,0.6771397828807949,8.713529132093957,0.17455158522237768,0.163669655325172,1.1045008882492493,0.17979198972168123,0.17076647786487262,1.1046980492512832,438,0.179611,0.170643,0.016081,571,15.03365,94.73706849999999,0,0.897,0.993,13450.0,0.004931,10,/home/melody/code/individual_project/channel_selection_results/step_k_unet_enc0_direct_fullseq_greedy/artifacts/r_k04_0045_d04_d09_d11_d15/replicate_0.all_frames.tum.txt,/home/melody/code/individual_project/channel_selection_results/step_k_unet_enc0_direct_fullseq_greedy/artifacts/r_k04_0045_d04_d09_d11_d15/replicate_0.keyframes.tum.txt,/home/melody/code/individual_project/channel_selection_results/step_k_unet_enc0_direct_fullseq_greedy/artifacts/r_k04_0045_d04_d09_d11_d15/replicate_0.log,2026-08-15T19:52:58.858802+00:00
r_k04_0046_d04_d11_d12_d13,budget-matched cardinality-stratified random full-sequence control,"4,11,12,13","[4, 11, 12, 13]",0,PASS,Completed the full matched RGB-D sequence,46.60411507199751,0,,,1305031473.1961,571,571,573,0.9965095986038395,0.17698738015975457,0.16775388481819162,0.1744059445618487,0.2546108697328508,0.05641956100696265,9.721010899456315,9.147110061957441,14.011326357673454,0.015303411825701404,0.291584759539357,0.6935124310566564,9.175631788412225,0.15946384328464835,0.1454048850190769,1.098559224353739,0.16569330330010051,0.152946717301864,1.099233794908899,436,0.165545,0.152839,0.018835,571,6.442295,84.34378050000001,0,0.897,0.993,86530.0,0.009899,21,/home/melody/code/individual_project/channel_selection_results/step_k_unet_enc0_direct_fullseq_greedy/artifacts/r_k04_0046_d04_d11_d12_d13/replicate_0.all_frames.tum.txt,/home/melody/code/individual_project/channel_selection_results/step_k_unet_enc0_direct_fullseq_greedy/artifacts/r_k04_0046_d04_d11_d12_d13/replicate_0.keyframes.tum.txt,/home/melody/code/individual_project/channel_selection_results/step_k_unet_enc0_direct_fullseq_greedy/artifacts/r_k04_0046_d04_d11_d12_d13/replicate_0.log,2026-08-15T19:53:46.142473+00:00
r_k04_0047_d05_d07_d13_d14,budget-matched cardinality-stratified random full-sequence control,"5,7,13,14","[5, 7, 13, 14]",0,PASS,Completed the full matched RGB-D sequence,47.03751605800062,0,,,1305031473.1961,571,571,573,0.9965095986038395,0.144483343504973,0.13930797487341604,0.13694731465699572,0.23418393905378307,0.03832394404342684,9.600867983424878,8.975933381216512,15.998902668255418,0.01243900404710061,0.17050773538957417,0.7775346263129503,12.628723108826811,0.11674363797289962,0.11086680264878175,1.1094733747347336,0.11692690583740813,0.1116481440062177,1.1152285109226945,431,0.116815,0.111553,0.015698,571,6.670491,74.8110735,0,0.898,0.992,229900.0,0.013216,18,/home/melody/code/individual_project/channel_selection_results/step_k_unet_enc0_direct_fullseq_greedy/artifacts/r_k04_0047_d05_d07_d13_d14/replicate_0.all_frames.tum.txt,/home/melody/code/individual_project/channel_selection_results/step_k_unet_enc0_direct_fullseq_greedy/artifacts/r_k04_0047_d05_d07_d13_d14/replicate_0.keyframes.tum.txt,/home/melody/code/individual_project/channel_selection_results/step_k_unet_enc0_direct_fullseq_greedy/artifacts/r_k04_0047_d05_d07_d13_d14/replicate_0.log,2026-08-15T19:54:33.835953+00:00
r_k04_0048_d05_d08_d11_d14,budget-matched cardinality-stratified random full-sequence control,"5,8,11,14","[5, 8, 11, 14]",0,PASS,Completed the full matched RGB-D sequence,50.419194524001796,0,,,1305031473.1961,571,571,573,0.9965095986038395,0.17802470617300847,0.16790179575977737,0.15279570476680346,0.3006272282481072,0.05917586491660267,14.61020587648051,14.026886266529738,19.72190675358539,0.012212666739167684,0.127509433627701,0.9081782959932834,10.665236192381217,0.17150988583820742,0.15965214473447598,1.0592201595554347,0.17573246646613852,0.16340611844608158,1.0555451757964365,429,0.175471,0.163156,0.015677,571,10.608209,63.840389,0,0.893,0.992,390500.0,0.014769,76,/home/melody/code/individual_project/channel_selection_results/step_k_unet_enc0_direct_fullseq_greedy/artifacts/r_k04_0048_d05_d08_d11_d14/replicate_0.all_frames.tum.txt,/home/melody/code/individual_project/channel_selection_results/step_k_unet_enc0_direct_fullseq_greedy/artifacts/r_k04_0048_d05_d08_d11_d14/replicate_0.keyframes.tum.txt,/home/melody/code/individual_project/channel_selection_results/step_k_unet_enc0_direct_fullseq_greedy/artifacts/r_k04_0048_d05_d08_d11_d14/replicate_0.log,2026-08-15T19:55:24.934421+00:00
r_k04_0049_d05_d11_d12_d13,budget-matched cardinality-stratified random full-sequence control,"5,11,12,13","[5, 11, 12, 13]",0,PASS,Completed the full matched RGB-D sequence,48.456198642001254,0,,,1305031473.1961,571,571,573,0.9965095986038395,0.13725483275040787,0.13143051120802152,0.1332096931904763,0.24290484151634228,0.03955894130206942,8.347280243006033,7.778590356411524,14.040689933609215,0.010565412561112866,0.1286105716392703,0.7605862331957939,11.321775818346506,0.11434321552556842,0.10878646100137396,1.0964592563591755,0.11379864674524973,0.10835018000610351,1.1033294069365038,432,0.113722,0.108286,0.013343,571,7.618895,94.9828225,0,0.895,0.993,482800.0,0.010292,36,/home/melody/code/individual_project/channel_selection_results/step_k_unet_enc0_direct_fullseq_greedy/artifacts/r_k04_0049_d05_d11_d12_d13/replicate_0.all_frames.tum.txt,/home/melody/code/individual_project/channel_selection_results/step_k_unet_enc0_direct_fullseq_greedy/artifacts/r_k04_0049_d05_d11_d12_d13/replicate_0.keyframes.tum.txt,/home/melody/code/individual_project/channel_selection_results/step_k_unet_enc0_direct_fullseq_greedy/artifacts/r_k04_0049_d05_d11_d12_d13/replicate_0.log,2026-08-15T19:56:14.049561+00:00
r_k04_0050_d07_d08_d10_d12,budget-matched cardinality-stratified random full-sequence control,"7,8,10,12","[7, 8, 10, 12]",0,PASS,Completed the full matched RGB-D sequence,45.79235119400255,0,,,1305031473.1961,571,571,573,0.9965095986038395,0.1450001702695327,0.13984033760642245,0.14251984615930047,0.2593899165468925,0.03833704939500774,8.467305827191538,8.041439575463867,13.989576707505885,0.009412291932004631,0.06727059745197594,0.6540238030293831,8.176702559519907,0.12469575721483929,0.11574849625640318,1.093956073684229,0.12128414324816676,0.1122728072623159,1.099179696282024,430,0.121243,0.112256,0.011237,571,9.458241,71.75386449999999,0,0.874,0.992,10010.0,0.003136,0,/home/melody/code/individual_project/channel_selection_results/step_k_unet_enc0_direct_fullseq_greedy/artifacts/r_k04_0050_d07_d08_d10_d12/replicate_0.all_frames.tum.txt,/home/melody/code/individual_project/channel_selection_results/step_k_unet_enc0_direct_fullseq_greedy/artifacts/r_k04_0050_d07_d08_d10_d12/replicate_0.keyframes.tum.txt,/home/melody/code/individual_project/channel_selection_results/step_k_unet_enc0_direct_fullseq_greedy/artifacts/r_k04_0050_d07_d08_d10_d12/replicate_0.log,2026-08-15T19:57:00.507240+00:00
r_k04_0051_d09_d10_d11_d15,budget-matched cardinality-stratified random full-sequence control,"9,10,11,15","[9, 10, 11, 15]",0,PASS,Completed the full matched RGB-D sequence,46.23877636399993,0,,,1305031473.1961,571,571,573,0.9965095986038395,0.1957459397559031,0.19088704722909955,0.18673878342676967,0.2751336312177856,0.043342913273996315,12.374744584169482,11.832257356428187,20.377481191771817,0.009309863278138887,0.050558748570741496,0.5549667026708978,3.2968693739182044,0.17075500774584962,0.16332419945076218,1.1262638260541038,0.1742992521574968,0.1682089587499512,1.1274385424397706,436,0.174195,0.168135,0.011994,571,16.272491,109.9753035,0,0.873,0.993,4674.0,0.00253,0,/home/melody/code/individual_project/channel_selection_results/step_k_unet_enc0_direct_fullseq_greedy/artifacts/r_k04_0051_d09_d10_d11_d15/replicate_0.all_frames.tum.txt,/home/melody/code/individual_project/channel_selection_results/step_k_unet_enc0_direct_fullseq_greedy/artifacts/r_k04_0051_d09_d10_d11_d15/replicate_0.keyframes.tum.txt,/home/melody/code/individual_project/channel_selection_results/step_k_unet_enc0_direct_fullseq_greedy/artifacts/r_k04_0051_d09_d10_d11_d15/replicate_0.log,2026-08-15T19:57:47.412564+00:00
r_k05_0001_d00_d01_d02_d03_d06,budget-matched cardinality-stratified random full-sequence control,"0,1,2,3,6","[0, 1, 2, 3, 6]",0,PASS,Completed the full matched RGB-D sequence,46.46803054001066,0,,,1305031473.1961,571,571,573,0.9965095986038395,0.1347276462559458,0.12979688869785724,0.13278464224348743,0.22611548919427632,0.036115181711066306,8.23933662172144,7.8735621546937695,11.566654803197054,0.009944240795225366,0.09742934423485745,0.6217090817260426,6.186974249431683,0.10028928586262352,0.09368825629942566,1.1161101380578122,0.0996624307003728,0.0929046341727939,1.1185888690865917,435,0.099452,0.092705,0.012783,571,11.735973,110.671387,0,0.897,0.992,19100.0,0.006886,3,/home/melody/code/individual_project/channel_selection_results/step_k_unet_enc0_direct_fullseq_greedy/artifacts/r_k05_0001_d00_d01_d02_d03_d06/replicate_0.all_frames.tum.txt,/home/melody/code/individual_project/channel_selection_results/step_k_unet_enc0_direct_fullseq_greedy/artifacts/r_k05_0001_d00_d01_d02_d03_d06/replicate_0.keyframes.tum.txt,/home/melody/code/individual_project/channel_selection_results/step_k_unet_enc0_direct_fullseq_greedy/artifacts/r_k05_0001_d00_d01_d02_d03_d06/replicate_0.log,2026-08-15T19:58:34.535816+00:00
r_k05_0002_d00_d01_d10_d12_d13,budget-matched cardinality-stratified random full-sequence control,"0,1,10,12,13","[0, 1, 10, 12, 13]",0,PASS,Completed the full matched RGB-D sequence,44.90920746300253,0,,,1305031473.1961,571,571,573,0.9965095986038395,0.17987496261348793,0.1702264649713731,0.1831685568567162,0.26489915092884175,0.05812015828052747,9.609681891909988,9.269284193239493,14.274260924405345,0.012727686681162597,0.21951187127389177,0.5382129289688916,3.414688693441175,0.15044005061263052,0.137677800664984,1.1299340675055318,0.15578944447803597,0.1430766128716017,1.133739294160403,436,0.155666,0.142959,0.015914,571,9.743756,115.24894699999999,0,0.896,0.993,12570.0,0.001982,0,/home/melody/code/individual_project/channel_selection_results/step_k_unet_enc0_direct_fullseq_greedy/artifacts/r_k05_0002_d00_d01_d10_d12_d13/replicate_0.all_frames.tum.txt,/home/melody/code/individual_project/channel_selection_results/step_k_unet_enc0_direct_fullseq_greedy/artifacts/r_k05_0002_d00_d01_d10_d12_d13/replicate_0.keyframes.tum.txt,/home/melody/code/individual_project/channel_selection_results/step_k_unet_enc0_direct_fullseq_greedy/artifacts/r_k05_0002_d00_d01_d10_d12_d13/replicate_0.log,2026-08-15T19:59:20.117754+00:00
r_k05_0003_d00_d02_d05_d06_d12,budget-matched cardinality-stratified random full-sequence control,"0,2,5,6,12","[0, 2, 5, 6, 12]",0,PASS,Completed the full matched RGB-D sequence,47.02982392300328,0,,,1305031473.1961,571,571,573,0.9965095986038395,0.16537978747388463,0.15260592628655614,0.1521321798121946,0.2782334777747949,0.06373307906518748,9.616530253660335,9.303422018819841,15.96755476182798,0.011362074759827734,0.15163459799459356,0.6888732153715884,9.121607310760211,0.15943512497152135,0.1483328674748189,1.0541217069936604,0.1544872434295584,0.14181636576326728,1.0649364684884064,430,0.154605,0.141979,0.01505,571,15.683262,176.406815,0,0.883,0.993,225400.0,0.025832,4,/home/melody/code/individual_project/channel_selection_results/step_k_unet_enc0_direct_fullseq_greedy/artifacts/r_k05_0003_d00_d02_d05_d06_d12/replicate_0.all_frames.tum.txt,/home/melody/code/individual_project/channel_selection_results/step_k_unet_enc0_direct_fullseq_greedy/artifacts/r_k05_0003_d00_d02_d05_d06_d12/replicate_0.keyframes.tum.txt,/home/melody/code/individual_project/channel_selection_results/step_k_unet_enc0_direct_fullseq_greedy/artifacts/r_k05_0003_d00_d02_d05_d06_d12/replicate_0.log,2026-08-15T20:00:07.824458+00:00
r_k05_0004_d00_d02_d05_d10_d13,budget-matched cardinality-stratified random full-sequence control,"0,2,5,10,13","[0, 2, 5, 10, 13]",0,PASS,Completed the full matched RGB-D sequence,45.16308408199984,0,,,1305031473.1961,571,571,573,0.9965095986038395,0.1642362026229663,0.15404768773069227,0.15950677446246225,0.28185596833671145,0.056945940652860856,9.308198372152464,9.008496391574312,14.840494598028933,0.011546610993794285,0.17011376160375233,0.558034154551704,2.806932802191168,0.14496932820319813,0.13847304168009772,1.0987971540986834,0.14522529353808564,0.13797592756495686,1.1084114712515252,431,0.145223,0.137993,0.014868,571,10.556793,79.1991385,0,0.897,0.992,15050.0,0.00215,0,/home/melody/code/individual_project/channel_selection_results/step_k_unet_enc0_direct_fullseq_greedy/artifacts/r_k05_0004_d00_d02_d05_d10_d13/replicate_0.all_frames.tum.txt,/home/melody/code/individual_project/channel_selection_results/step_k_unet_enc0_direct_fullseq_greedy/artifacts/r_k05_0004_d00_d02_d05_d10_d13/replicate_0.keyframes.tum.txt,/home/melody/code/individual_project/channel_selection_results/step_k_unet_enc0_direct_fullseq_greedy/artifacts/r_k05_0004_d00_d02_d05_d10_d13/replicate_0.log,2026-08-15T20:00:53.667200+00:00
r_k05_0005_d00_d02_d12_d13_d14,budget-matched cardinality-stratified random full-sequence control,"0,2,12,13,14","[0, 2, 12, 13, 14]",0,PASS,Completed the full matched RGB-D sequence,45.44430623399967,0,,,1305031473.1961,571,571,573,0.9965095986038395,0.16411692750567178,0.15860021972973135,0.15431710651575403,0.311754503921542,0.04219403033111275,9.090377112398949,8.715230719032466,13.130394136327773,0.010333020162722176,0.1291040481391165,0.6738691700748414,8.761669378477068,0.1440217509359102,0.13332099524188973,1.1008981315439843,0.14527775072485388,0.13554623444596137,1.1029968653914122,434,0.145132,0.135411,0.012541,571,8.545524,85.0000115,0,0.898,0.992,52940.0,0.00314,16,/home/melody/code/individual_project/channel_selection_results/step_k_unet_enc0_direct_fullseq_greedy/artifacts/r_k05_0005_d00_d02_d12_d13_d14/replicate_0.all_frames.tum.txt,/home/melody/code/individual_project/channel_selection_results/step_k_unet_enc0_direct_fullseq_greedy/artifacts/r_k05_0005_d00_d02_d12_d13_d14/replicate_0.keyframes.tum.txt,/home/melody/code/individual_project/channel_selection_results/step_k_unet_enc0_direct_fullseq_greedy/artifacts/r_k05_0005_d00_d02_d12_d13_d14/replicate_0.log,2026-08-15T20:01:39.785830+00:00
r_k05_0006_d00_d03_d07_d08_d11,budget-matched cardinality-stratified random full-sequence control,"0,3,7,8,11","[0, 3, 7, 8, 11]",0,PASS,Completed the full matched RGB-D sequence,46.44162690300436,0,,,1305031473.1961,571,571,573,0.9965095986038395,0.15730752808942763,0.1467512757061989,0.14637739348777745,0.27205551132441624,0.05665440382008503,9.66248934467765,9.15286863014507,15.353224761069745,0.01458133407128526,0.24515871396715364,0.683024900139531,6.651174896878344,0.1338603165268863,0.11871634712735446,1.106257696862813,0.13629637266563327,0.12101419946318731,1.1020348805125193,435,0.136083,0.120776,0.018797,571,11.906677,117.66883100000001,0,0.895,0.993,13080.0,0.00335,3,/home/melody/code/individual_project/channel_selection_results/step_k_unet_enc0_direct_fullseq_greedy/artifacts/r_k05_0006_d00_d03_d07_d08_d11/replicate_0.all_frames.tum.txt,/home/melody/code/individual_project/channel_selection_results/step_k_unet_enc0_direct_fullseq_greedy/artifacts/r_k05_0006_d00_d03_d07_d08_d11/replicate_0.keyframes.tum.txt,/home/melody/code/individual_project/channel_selection_results/step_k_unet_enc0_direct_fullseq_greedy/artifacts/r_k05_0006_d00_d03_d07_d08_d11/replicate_0.log,2026-08-15T20:02:26.908420+00:00
r_k05_0007_d00_d03_d09_d11_d13,budget-matched cardinality-stratified random full-sequence control,"0,3,9,11,13","[0, 3, 9, 11, 13]",0,PASS,Completed the full matched RGB-D sequence,45.680453257999034,0,,,1305031473.1961,571,571,573,0.9965095986038395,0.1760909350332968,0.16841880198504594,0.1707431436690897,0.2592699373139054,0.051411326950611236,10.58369513736945,10.17051343279311,15.68713645802755,0.011853448839858753,0.19563086825080322,0.5344257284233421,2.9028934972628013,0.14076885670367043,0.1300872358379199,1.1404335697248738,0.1448411694400788,0.1349254628395368,1.1414110067821615,435,0.14461,0.134727,0.014971,571,10.038464,80.4203985,0,0.896,0.992,15960.0,0.002604,0,/home/melody/code/individual_project/channel_selection_results/step_k_unet_enc0_direct_fullseq_greedy/artifacts/r_k05_0007_d00_d03_d09_d11_d13/replicate_0.all_frames.tum.txt,/home/melody/code/individual_project/channel_selection_results/step_k_unet_enc0_direct_fullseq_greedy/artifacts/r_k05_0007_d00_d03_d09_d11_d13/replicate_0.keyframes.tum.txt,/home/melody/code/individual_project/channel_selection_results/step_k_unet_enc0_direct_fullseq_greedy/artifacts/r_k05_0007_d00_d03_d09_d11_d13/replicate_0.log,2026-08-15T20:03:13.252523+00:00
r_k05_0008_d00_d03_d12_d14_d15,budget-matched cardinality-stratified random full-sequence control,"0,3,12,14,15","[0, 3, 12, 14, 15]",0,PASS,Completed the full matched RGB-D sequence,46.11969001000398,0,,,1305031473.1961,571,571,573,0.9965095986038395,0.16651602719740868,0.1560236133201674,0.15304091962430838,0.28499103751251753,0.05817404404136804,11.291660786760367,10.72931495308966,16.38805818096554,0.013325066548721436,0.2292494568733356,0.6178226738307373,5.594028106171064,0.14943676060036828,0.13547443056750264,1.0936740225351598,0.15350055583036365,0.1388821380149943,1.0938999563173872,435,0.153307,0.138708,0.017161,571,10.369825,218.9422685,0,0.898,0.992,18160.0,0.003849,2,/home/melody/code/individual_project/channel_selection_results/step_k_unet_enc0_direct_fullseq_greedy/artifacts/r_k05_0008_d00_d03_d12_d14_d15/replicate_0.all_frames.tum.txt,/home/melody/code/individual_project/channel_selection_results/step_k_unet_enc0_direct_fullseq_greedy/artifacts/r_k05_0008_d00_d03_d12_d14_d15/replicate_0.keyframes.tum.txt,/home/melody/code/individual_project/channel_selection_results/step_k_unet_enc0_direct_fullseq_greedy/artifacts/r_k05_0008_d00_d03_d12_d14_d15/replicate_0.log,2026-08-15T20:04:00.048681+00:00
r_k05_0009_d00_d04_d05_d12_d13,budget-matched cardinality-stratified random full-sequence control,"0,4,5,12,13","[0, 4, 5, 12, 13]",0,PASS,Completed the full matched RGB-D sequence,46.687940283009084,0,,,1305031473.1961,571,571,573,0.9965095986038395,0.14446681983026757,0.1370543542918398,0.13408357854424555,0.21143583533132365,0.045681133978020406,8.631685808095817,8.313282868885125,12.5747481136993,0.01100149179793467,0.16440874365238414,0.5453037999638984,2.837448143949168,0.11851216897965473,0.10932638724602643,1.1059380634280571,0.1229178623083675,0.11383571333633356,1.1126041445112838,431,0.122774,0.113711,0.013589,571,9.984491,86.5722885,0,0.898,0.992,33820.0,0.008638,0,/home/melody/code/individual_project/channel_selection_results/step_k_unet_enc0_direct_fullseq_greedy/artifacts/r_k05_0009_d00_d04_d05_d12_d13/replicate_0.all_frames.tum.txt,/home/melody/code/individual_project/channel_selection_results/step_k_unet_enc0_direct_fullseq_greedy/artifacts/r_k05_0009_d00_d04_d05_d12_d13/replicate_0.keyframes.tum.txt,/home/melody/code/individual_project/channel_selection_results/step_k_unet_enc0_direct_fullseq_greedy/artifacts/r_k05_0009_d00_d04_d05_d12_d13/replicate_0.log,2026-08-15T20:04:47.411458+00:00
r_k05_0010_d00_d05_d06_d08_d14,budget-matched cardinality-stratified random full-sequence control,"0,5,6,8,14","[0, 5, 6, 8, 14]",0,PASS,Completed the full matched RGB-D sequence,50.571023370008334,0,,,1305031473.1961,571,571,573,0.9965095986038395,0.1904198733871233,0.17814867225777625,0.17166727914907295,0.31648364898318143,0.0672516078139362,12.756394093863838,11.915773706982772,19.31361539982902,0.01331366632986886,0.17795364543640957,0.8774327308181785,10.845882397843065,0.18489963871366139,0.16919443705850692,1.056529504246519,0.1873972930979359,0.1704126103820084,1.0534145234009533,430,0.187137,0.17017,0.017089,571,30.258614,194.10895549999998,0,0.895,0.992,338800.0,0.050821,37,/home/melody/code/individual_project/channel_selection_results/step_k_unet_enc0_direct_fullseq_greedy/artifacts/r_k05_0010_d00_d05_d06_d08_d14/replicate_0.all_frames.tum.txt,/home/melody/code/individual_project/channel_selection_results/step_k_unet_enc0_direct_fullseq_greedy/artifacts/r_k05_0010_d00_d05_d06_d08_d14/replicate_0.keyframes.tum.txt,/home/melody/code/individual_project/channel_selection_results/step_k_unet_enc0_direct_fullseq_greedy/artifacts/r_k05_0010_d00_d05_d06_d08_d14/replicate_0.log,2026-08-15T20:05:38.665385+00:00
r_k05_0011_d00_d07_d09_d10_d14,budget-matched cardinality-stratified random full-sequence control,"0,7,9,10,14","[0, 7, 9, 10, 14]",0,PASS,Completed the full matched RGB-D sequence,45.89471332500398,0,,,1305031473.1961,571,571,573,0.9965095986038395,0.14296662219519227,0.1396520725169368,0.1416603463324943,0.22267964079545635,0.03060643238972916,8.53301626394313,8.240450225302197,12.69605567453399,0.00851763377676663,0.03601920396972081,0.5224501708640937,2.1430455680520843,0.11229885326574739,0.10428701554583385,1.1141909319354277,0.1089290766647956,0.1011789941448287,1.117849378710624,437,0.108836,0.101109,0.01028,571,9.34144,78.89804849999999,0,0.873,0.992,8688.0,0.0034,0,/home/melody/code/individual_project/channel_selection_results/step_k_unet_enc0_direct_fullseq_greedy/artifacts/r_k05_0011_d00_d07_d09_d10_d14/replicate_0.all_frames.tum.txt,/home/melody/code/individual_project/channel_selection_results/step_k_unet_enc0_direct_fullseq_greedy/artifacts/r_k05_0011_d00_d07_d09_d10_d14/replicate_0.keyframes.tum.txt,/home/melody/code/individual_project/channel_selection_results/step_k_unet_enc0_direct_fullseq_greedy/artifacts/r_k05_0011_d00_d07_d09_d10_d14/replicate_0.log,2026-08-15T20:06:25.237316+00:00
r_k05_0012_d00_d07_d10_d11_d15,budget-matched cardinality-stratified random full-sequence control,"0,7,10,11,15","[0, 7, 10, 11, 15]",0,PASS,Completed the full matched RGB-D sequence,46.11586772199371,0,,,1305031473.1961,571,571,573,0.9965095986038395,0.16485347039379755,0.15643540973025785,0.1531679164049224,0.24650603758877968,0.052006050449972016,10.567532535113285,10.145126236137665,15.356459978284796,0.012450678425647742,0.20625031975767377,0.5530822379000317,2.949403758905362,0.13091074618693663,0.11937933378221789,1.1317512974252284,0.13482730473892812,0.12363534626023445,1.1327459094932137,437,0.134627,0.123435,0.016008,571,13.363172,159.1418,0,0.895,0.993,7383.0,0.001636,0,/home/melody/code/individual_project/channel_selection_results/step_k_unet_enc0_direct_fullseq_greedy/artifacts/r_k05_0012_d00_d07_d10_d11_d15/replicate_0.all_frames.tum.txt,/home/melody/code/individual_project/channel_selection_results/step_k_unet_enc0_direct_fullseq_greedy/artifacts/r_k05_0012_d00_d07_d10_d11_d15/replicate_0.keyframes.tum.txt,/home/melody/code/individual_project/channel_selection_results/step_k_unet_enc0_direct_fullseq_greedy/artifacts/r_k05_0012_d00_d07_d10_d11_d15/replicate_0.log,2026-08-15T20:07:12.024064+00:00
r_k05_0013_d00_d09_d11_d13_d15,budget-matched cardinality-stratified random full-sequence control,"0,9,11,13,15","[0, 9, 11, 13, 15]",0,PASS,Completed the full matched RGB-D sequence,47.28641947999131,0,,,1305031473.1961,571,571,573,0.9965095986038395,0.19786337787848765,0.19095445476842354,0.2019105752094264,0.27141164477754465,0.05182964894323787,12.434704155063148,12.076330153390508,18.828831396554477,0.010912122832735753,0.13078734051409704,0.5631193449924445,3.519014288632969,0.16816937078428992,0.15938931024103076,1.1390190913275307,0.17133443511670485,0.16328375763981737,1.1402540746095784,435,0.171263,0.163241,0.014331,571,20.55607,158.94172650000002,0,0.892,0.992,15000.0,0.00389,0,/home/melody/code/individual_project/channel_selection_results/step_k_unet_enc0_direct_fullseq_greedy/artifacts/r_k05_0013_d00_d09_d11_d13_d15/replicate_0.all_frames.tum.txt,/home/melody/code/individual_project/channel_selection_results/step_k_unet_enc0_direct_fullseq_greedy/artifacts/r_k05_0013_d00_d09_d11_d13_d15/replicate_0.keyframes.tum.txt,/home/melody/code/individual_project/channel_selection_results/step_k_unet_enc0_direct_fullseq_greedy/artifacts/r_k05_0013_d00_d09_d11_d13_d15/replicate_0.log,2026-08-15T20:07:59.985638+00:00
r_k05_0014_d01_d02_d03_d08_d15,budget-matched cardinality-stratified random full-sequence control,"1,2,3,8,15","[1, 2, 3, 8, 15]",0,PASS,Completed the full matched RGB-D sequence,46.55827992099512,0,,,1305031473.1961,571,571,573,0.9965095986038395,0.16321023142269278,0.15579981508785845,0.15899271545996518,0.28838492959678713,0.048620954943707655,9.107091632390008,8.62832962373748,13.219640582918725,0.010499034902549963,0.1003090376489412,0.7628536642737608,9.821755608473332,0.1321470026682861,0.12200273332202098,1.1252569705736841,0.12736313497370458,0.11808683399051163,1.1312280852960244,433,0.127246,0.117967,0.014407,571,16.267685,101.687798,0,0.896,0.993,12250.0,0.002918,0,/home/melody/code/individual_project/channel_selection_results/step_k_unet_enc0_direct_fullseq_greedy/artifacts/r_k05_0014_d01_d02_d03_d08_d15/replicate_0.all_frames.tum.txt,/home/melody/code/individual_project/channel_selection_results/step_k_unet_enc0_direct_fullseq_greedy/artifacts/r_k05_0014_d01_d02_d03_d08_d15/replicate_0.keyframes.tum.txt,/home/melody/code/individual_project/channel_selection_results/step_k_unet_enc0_direct_fullseq_greedy/artifacts/r_k05_0014_d01_d02_d03_d08_d15/replicate_0.log,2026-08-15T20:08:47.206253+00:00
r_k05_0015_d01_d02_d11_d14_d15,budget-matched cardinality-stratified random full-sequence control,"1,2,11,14,15","[1, 2, 11, 14, 15]",0,PASS,Completed the full matched RGB-D sequence,46.78947534199688,0,,,1305031473.1961,571,571,573,0.9965095986038395,0.15514914490876763,0.14614388617369264,0.14506954834825497,0.32748684952305795,0.052088594720654004,8.284293998631219,7.994739746555798,11.431469726707503,0.009862424603724055,0.08769719646132017,0.8121036687468259,10.942322556266706,0.1333102981588697,0.12062497656086098,1.1016337969646213,0.128145024038132,0.11621553159197102,1.1067368056592046,435,0.128076,0.116164,0.013105,571,10.117018,111.8892975,0,0.897,0.992,129800.0,0.00795,16,/home/melody/code/individual_project/channel_selection_results/step_k_unet_enc0_direct_fullseq_greedy/artifacts/r_k05_0015_d01_d02_d11_d14_d15/replicate_0.all_frames.tum.txt,/home/melody/code/individual_project/channel_selection_results/step_k_unet_enc0_direct_fullseq_greedy/artifacts/r_k05_0015_d01_d02_d11_d14_d15/replicate_0.keyframes.tum.txt,/home/melody/code/individual_project/channel_selection_results/step_k_unet_enc0_direct_fullseq_greedy/artifacts/r_k05_0015_d01_d02_d11_d14_d15/replicate_0.log,2026-08-15T20:09:34.651790+00:00
r_k05_0016_d01_d03_d05_d06_d13,budget-matched cardinality-stratified random full-sequence control,"1,3,5,6,13","[1, 3, 5, 6, 13]",0,PASS,Completed the full matched RGB-D sequence,46.68447618999926,0,,,1305031473.1961,571,571,573,0.9965095986038395,0.1700103718434354,0.1594433033856089,0.14717102805921084,0.34889610475798677,0.05900304686902075,8.020820100575223,7.728794429584218,13.328583902767768,0.011873498123493746,0.12985970798327934,0.8426211759374452,11.514619049647624,0.15769696969761932,0.1440421821853932,1.0801397261999874,0.15474047248830525,0.14003881144032812,1.087472440852921,433,0.15474,0.140073,0.015293,571,11.497602,89.065895,0,0.874,0.993,31500.0,0.009741,8,/home/melody/code/individual_project/channel_selection_results/step_k_unet_enc0_direct_fullseq_greedy/artifacts/r_k05_0016_d01_d03_d05_d06_d13/replicate_0.all_frames.tum.txt,/home/melody/code/individual_project/channel_selection_results/step_k_unet_enc0_direct_fullseq_greedy/artifacts/r_k05_0016_d01_d03_d05_d06_d13/replicate_0.keyframes.tum.txt,/home/melody/code/individual_project/channel_selection_results/step_k_unet_enc0_direct_fullseq_greedy/artifacts/r_k05_0016_d01_d03_d05_d06_d13/replicate_0.log,2026-08-15T20:10:22.010801+00:00
r_k05_0017_d01_d03_d05_d09_d11,budget-matched cardinality-stratified random full-sequence control,"1,3,5,9,11","[1, 3, 5, 9, 11]",0,PASS,Completed the full matched RGB-D sequence,46.82954906800296,0,,,1305031473.1961,571,571,573,0.9965095986038395,0.14331134898200776,0.13829675705960037,0.12870329698851996,0.22042462940193133,0.03757858078534503,9.398317536624685,8.8029719513372,14.631296156695495,0.0100915024204273,0.11418532269206194,0.7198585445622191,8.985547289750007,0.11391096597556305,0.10725681377951564,1.1120455275800845,0.11247794641068688,0.10690530645922905,1.1183048131055882,435,0.112313,0.106738,0.013349,571,10.898043,63.327528,0,0.895,0.992,55160.0,0.004717,10,/home/melody/code/individual_project/channel_selection_results/step_k_unet_enc0_direct_fullseq_greedy/artifacts/r_k05_0017_d01_d03_d05_d09_d11/replicate_0.all_frames.tum.txt,/home/melody/code/individual_project/channel_selection_results/step_k_unet_enc0_direct_fullseq_greedy/artifacts/r_k05_0017_d01_d03_d05_d09_d11/replicate_0.keyframes.tum.txt,/home/melody/code/individual_project/channel_selection_results/step_k_unet_enc0_direct_fullseq_greedy/artifacts/r_k05_0017_d01_d03_d05_d09_d11/replicate_0.log,2026-08-15T20:11:09.529428+00:00
r_k05_0018_d01_d03_d06_d12_d14,budget-matched cardinality-stratified random full-sequence control,"1,3,6,12,14","[1, 3, 6, 12, 14]",0,PASS,Completed the full matched RGB-D sequence,45.90400272300758,0,,,1305031473.1961,571,571,573,0.9965095986038395,0.15722507617016354,0.1475374755078064,0.13958352598762658,0.3029741460327353,0.05433615644759166,7.860367856853751,7.71312788474088,12.417843759095911,0.011320231541916909,0.1375020663689258,0.8471205721591926,11.655109644488931,0.14095404404553225,0.12836191431269672,1.0882322511066393,0.13398997083155945,0.12169878767530216,1.0959380298494183,435,0.133981,0.12172,0.015,571,9.510732,108.88738649999999,0,0.897,0.993,31290.0,0.038173,14,/home/melody/code/individual_project/channel_selection_results/step_k_unet_enc0_direct_fullseq_greedy/artifacts/r_k05_0018_d01_d03_d06_d12_d14/replicate_0.all_frames.tum.txt,/home/melody/code/individual_project/channel_selection_results/step_k_unet_enc0_direct_fullseq_greedy/artifacts/r_k05_0018_d01_d03_d06_d12_d14/replicate_0.keyframes.tum.txt,/home/melody/code/individual_project/channel_selection_results/step_k_unet_enc0_direct_fullseq_greedy/artifacts/r_k05_0018_d01_d03_d06_d12_d14/replicate_0.log,2026-08-15T20:11:56.112825+00:00
r_k05_0019_d01_d03_d11_d14_d15,budget-matched cardinality-stratified random full-sequence control,"1,3,11,14,15","[1, 3, 11, 14, 15]",0,PASS,Completed the full matched RGB-D sequence,46.56178754600114,0,,,1305031473.1961,571,571,573,0.9965095986038395,0.12497173303006999,0.11994088033220837,0.11524136919187089,0.22328136334353504,0.03510155668448283,8.399611188060062,7.662095407061221,13.624615017774286,0.015872000433095737,0.26002184197988476,0.9054537567301828,11.179498612239335,0.0979741384100512,0.0899993603432007,1.0985212109678362,0.09647601201908175,0.08935880402357302,1.096041556794157,435,0.096274,0.089129,0.020767,571,9.298497,112.4190595,0,0.896,0.993,24570.0,0.002676,3,/home/melody/code/individual_project/channel_selection_results/step_k_unet_enc0_direct_fullseq_greedy/artifacts/r_k05_0019_d01_d03_d11_d14_d15/replicate_0.all_frames.tum.txt,/home/melody/code/individual_project/channel_selection_results/step_k_unet_enc0_direct_fullseq_greedy/artifacts/r_k05_0019_d01_d03_d11_d14_d15/replicate_0.keyframes.tum.txt,/home/melody/code/individual_project/channel_selection_results/step_k_unet_enc0_direct_fullseq_greedy/artifacts/r_k05_0019_d01_d03_d11_d14_d15/replicate_0.log,2026-08-15T20:12:43.342004+00:00
r_k05_0020_d01_d05_d08_d11_d14,budget-matched cardinality-stratified random full-sequence control,"1,5,8,11,14","[1, 5, 8, 11, 14]",0,PASS,Completed the full matched RGB-D sequence,50.87129592298879,0,,,1305031473.1961,571,571,573,0.9965095986038395,0.16517095640355678,0.15845666649768628,0.1442197664589054,0.3145899892895342,0.046614693839031905,10.62290597136921,10.126954330352701,16.08408773677388,0.01015801386127781,0.10736131547675355,0.833507222518933,12.133756814819272,0.15039010559118948,0.13850159827896844,1.0865378816659577,0.14576403637750565,0.13506584714082998,1.0931577598298101,435,0.145653,0.134972,0.013176,571,11.982557,72.472328,0,0.894,0.992,949900.0,0.060491,71,/home/melody/code/individual_project/channel_selection_results/step_k_unet_enc0_direct_fullseq_greedy/artifacts/r_k05_0020_d01_d05_d08_d11_d14/replicate_0.all_frames.tum.txt,/home/melody/code/individual_project/channel_selection_results/step_k_unet_enc0_direct_fullseq_greedy/artifacts/r_k05_0020_d01_d05_d08_d11_d14/replicate_0.keyframes.tum.txt,/home/melody/code/individual_project/channel_selection_results/step_k_unet_enc0_direct_fullseq_greedy/artifacts/r_k05_0020_d01_d05_d08_d11_d14/replicate_0.log,2026-08-15T20:13:34.885807+00:00
r_k05_0021_d01_d06_d07_d10_d14,budget-matched cardinality-stratified random full-sequence control,"1,6,7,10,14","[1, 6, 7, 10, 14]",0,PASS,Completed the full matched RGB-D sequence,45.337983631005045,0,,,1305031473.1961,571,571,573,0.9965095986038395,0.1978294316142524,0.18298612892049185,0.1737260543577549,0.4157494766805788,0.07518351305646274,9.889856851079706,9.462900769790975,15.513790503254397,0.012631012296754129,0.1753905864326916,0.6533149841499848,8.419320254525722,0.1844635518327277,0.16959333485440806,1.0917223151103823,0.1848157752157537,0.16983260232426353,1.0977632521467624,436,0.184833,0.169909,0.015769,571,9.444637,78.86055350000001,0,0.896,0.992,9275.0,0.001718,0,/home/melody/code/individual_project/channel_selection_results/step_k_unet_enc0_direct_fullseq_greedy/artifacts/r_k05_0021_d01_d06_d07_d10_d14/replicate_0.all_frames.tum.txt,/home/melody/code/individual_project/channel_selection_results/step_k_unet_enc0_direct_fullseq_greedy/artifacts/r_k05_0021_d01_d06_d07_d10_d14/replicate_0.keyframes.tum.txt,/home/melody/code/individual_project/channel_selection_results/step_k_unet_enc0_direct_fullseq_greedy/artifacts/r_k05_0021_d01_d06_d07_d10_d14/replicate_0.log,2026-08-15T20:14:20.897878+00:00
r_k05_0022_d01_d07_d08_d12_d13,budget-matched cardinality-stratified random full-sequence control,"1,7,8,12,13","[1, 7, 8, 12, 13]",0,PASS,Completed the full matched RGB-D sequence,48.00066528900061,0,,,1305031473.1961,571,571,573,0.9965095986038395,0.1461780474095646,0.13891938984452723,0.1446183199593303,0.22630579322678376,0.045490929532129576,10.324635394272928,9.693073291720694,16.555075520463927,0.01172667449438497,0.17419306142000704,0.8079808668171,13.393911599607321,0.10798041186692292,0.09865269837910899,1.128742952051675,0.10276808309609646,0.0938244251335128,1.132220670452382,432,0.102724,0.093779,0.015342,571,10.750319,102.8268735,0,0.896,0.993,152500.0,0.007378,11,/home/melody/code/individual_project/channel_selection_results/step_k_unet_enc0_direct_fullseq_greedy/artifacts/r_k05_0022_d01_d07_d08_d12_d13/replicate_0.all_frames.tum.txt,/home/melody/code/individual_project/channel_selection_results/step_k_unet_enc0_direct_fullseq_greedy/artifacts/r_k05_0022_d01_d07_d08_d12_d13/replicate_0.keyframes.tum.txt,/home/melody/code/individual_project/channel_selection_results/step_k_unet_enc0_direct_fullseq_greedy/artifacts/r_k05_0022_d01_d07_d08_d12_d13/replicate_0.log,2026-08-15T20:15:09.566133+00:00
r_k05_0023_d01_d09_d11_d13_d15,budget-matched cardinality-stratified random full-sequence control,"1,9,11,13,15","[1, 9, 11, 13, 15]",0,PASS,Completed the full matched RGB-D sequence,47.900305564005976,0,,,1305031473.1961,571,571,573,0.9965095986038395,0.19301298218391574,0.18557662750123366,0.20441105412083593,0.27103393204104026,0.05305965149524585,11.140746920372065,10.528825508507351,16.92365777000975,0.015626946443300486,0.2860401282687683,0.7336977863701232,11.70317923427781,0.16498438704027257,0.15222599097049525,1.1327408682965683,0.16903527644153787,0.15708965939986863,1.13309239021372,436,0.168887,0.156982,0.019961,571,14.976975,111.8804435,0,0.895,0.993,33500.0,0.02083,22,/home/melody/code/individual_project/channel_selection_results/step_k_unet_enc0_direct_fullseq_greedy/artifacts/r_k05_0023_d01_d09_d11_d13_d15/replicate_0.all_frames.tum.txt,/home/melody/code/individual_project/channel_selection_results/step_k_unet_enc0_direct_fullseq_greedy/artifacts/r_k05_0023_d01_d09_d11_d13_d15/replicate_0.keyframes.tum.txt,/home/melody/code/individual_project/channel_selection_results/step_k_unet_enc0_direct_fullseq_greedy/artifacts/r_k05_0023_d01_d09_d11_d13_d15/replicate_0.log,2026-08-15T20:15:58.159574+00:00
r_k05_0024_d02_d03_d04_d05_d14,budget-matched cardinality-stratified random full-sequence control,"2,3,4,5,14","[2, 3, 4, 5, 14]",0,PASS,Completed the full matched RGB-D sequence,45.71042856699205,0,,,1305031473.1961,571,571,573,0.9965095986038395,0.1284149362485168,0.1212655128806433,0.12911881718599386,0.21030829474709284,0.042250103402301446,8.610127742893129,8.250167670131212,14.009601844990126,0.012119636669457695,0.2012407554585805,0.5525167964354492,3.1778788367599633,0.11304464763647318,0.10505060546661343,1.0759333276436418,0.11164794123403897,0.1021221226828194,1.0830265720642394,434,0.111563,0.102046,0.015389,571,8.070566,48.620630000000006,0,0.9,0.992,49920.0,0.004193,2,/home/melody/code/individual_project/channel_selection_results/step_k_unet_enc0_direct_fullseq_greedy/artifacts/r_k05_0024_d02_d03_d04_d05_d14/replicate_0.all_frames.tum.txt,/home/melody/code/individual_project/channel_selection_results/step_k_unet_enc0_direct_fullseq_greedy/artifacts/r_k05_0024_d02_d03_d04_d05_d14/replicate_0.keyframes.tum.txt,/home/melody/code/individual_project/channel_selection_results/step_k_unet_enc0_direct_fullseq_greedy/artifacts/r_k05_0024_d02_d03_d04_d05_d14/replicate_0.log,2026-08-15T20:16:44.537270+00:00
r_k05_0025_d02_d04_d05_d12_d14,budget-matched cardinality-stratified random full-sequence control,"2,4,5,12,14","[2, 4, 5, 12, 14]",0,PASS,Completed the full matched RGB-D sequence,46.31535464400076,0,,,1305031473.1961,571,571,573,0.9965095986038395,0.1331632702355031,0.1234215570308853,0.1376132567686546,0.23258010120041933,0.04999575781889451,8.686457406437032,8.303745520500273,14.361157940293056,0.012514300618572923,0.21934432837753812,0.550446361950072,3.8417548193534876,0.11545447944992988,0.10555772759262966,1.0833017925857444,0.11880163387669034,0.10738166134853,1.0895838575982941,432,0.118729,0.10731,0.015575,571,8.793811,61.707058,0,0.901,0.992,68880.0,0.00546,10,/home/melody/code/individual_project/channel_selection_results/step_k_unet_enc0_direct_fullseq_greedy/artifacts/r_k05_0025_d02_d04_d05_d12_d14/replicate_0.all_frames.tum.txt,/home/melody/code/individual_project/channel_selection_results/step_k_unet_enc0_direct_fullseq_greedy/artifacts/r_k05_0025_d02_d04_d05_d12_d14/replicate_0.keyframes.tum.txt,/home/melody/code/individual_project/channel_selection_results/step_k_unet_enc0_direct_fullseq_greedy/artifacts/r_k05_0025_d02_d04_d05_d12_d14/replicate_0.log,2026-08-15T20:17:31.527633+00:00
r_k05_0026_d02_d04_d06_d08_d10,budget-matched cardinality-stratified random full-sequence control,"2,4,6,8,10","[2, 4, 6, 8, 10]",0,PASS,Completed the full matched RGB-D sequence,46.04813149401161,0,,,1305031473.1961,571,571,573,0.9965095986038395,0.14510496924333924,0.1392759584539515,0.14768276927166848,0.21936139836369342,0.0407143647358473,9.35466328403021,9.123579624906073,12.894360032426249,0.010974250641831086,0.13517390609372795,0.5889968197580101,4.912500564751382,0.1136931249611874,0.10930598559641878,1.1166458827549253,0.11319831971406827,0.10762228682292552,1.123090315573012,436,0.113108,0.107543,0.014284,571,15.615958,107.48505399999999,0,0.896,0.993,4947.0,0.001455,0,/home/melody/code/individual_project/channel_selection_results/step_k_unet_enc0_direct_fullseq_greedy/artifacts/r_k05_0026_d02_d04_d06_d08_d10/replicate_0.all_frames.tum.txt,/home/melody/code/individual_project/channel_selection_results/step_k_unet_enc0_direct_fullseq_greedy/artifacts/r_k05_0026_d02_d04_d06_d08_d10/replicate_0.keyframes.tum.txt,/home/melody/code/individual_project/channel_selection_results/step_k_unet_enc0_direct_fullseq_greedy/artifacts/r_k05_0026_d02_d04_d06_d08_d10/replicate_0.log,2026-08-15T20:18:18.247049+00:00
r_k05_0027_d02_d04_d10_d11_d12,budget-matched cardinality-stratified random full-sequence control,"2,4,10,11,12","[2, 4, 10, 11, 12]",0,PASS,Completed the full matched RGB-D sequence,44.43576929399569,0,,,1305031473.1961,571,571,573,0.9965095986038395,0.14178110123596777,0.13309895716563563,0.1509914079388791,0.20136536199615307,0.04885231078571446,8.963566599034317,8.733057410221129,12.895733110949484,0.01200970508394719,0.19339062131149307,0.5495595569126553,3.1349010441675724,0.11270720591060411,0.10564114104215272,1.110670650233463,0.11501724604862196,0.10715397334941536,1.1156442548770242,438,0.114916,0.107054,0.015154,571,8.68925,63.219383,0,0.897,0.993,12080.0,0.001807,0,/home/melody/code/individual_project/channel_selection_results/step_k_unet_enc0_direct_fullseq_greedy/artifacts/r_k05_0027_d02_d04_d10_d11_d12/replicate_0.all_frames.tum.txt,/home/melody/code/individual_project/channel_selection_results/step_k_unet_enc0_direct_fullseq_greedy/artifacts/r_k05_0027_d02_d04_d10_d11_d12/replicate_0.keyframes.tum.txt,/home/melody/code/individual_project/channel_selection_results/step_k_unet_enc0_direct_fullseq_greedy/artifacts/r_k05_0027_d02_d04_d10_d11_d12/replicate_0.log,2026-08-15T20:19:03.350148+00:00
r_k05_0028_d02_d05_d06_d08_d15,budget-matched cardinality-stratified random full-sequence control,"2,5,6,8,15","[2, 5, 6, 8, 15]",0,PASS,Completed the full matched RGB-D sequence,49.04306948100566,0,,,1305031473.1961,571,571,573,0.9965095986038395,0.1568578791710097,0.15128962876036772,0.15613321811157785,0.2361730141402497,0.041422729117927624,11.775716924153576,11.377806699779033,16.58153159506732,0.010649999936432043,0.07620081265834687,0.6626274479768682,5.120343725203962,0.13773047693209647,0.1305461759124493,1.0956785028826141,0.13448749026505613,0.1260782758629667,1.1069946478000188,429,0.134414,0.126025,0.014754,571,54.240704,243.78131100000002,0,0.896,0.993,36230.0,0.007101,7,/home/melody/code/individual_project/channel_selection_results/step_k_unet_enc0_direct_fullseq_greedy/artifacts/r_k05_0028_d02_d05_d06_d08_d15/replicate_0.all_frames.tum.txt,/home/melody/code/individual_project/channel_selection_results/step_k_unet_enc0_direct_fullseq_greedy/artifacts/r_k05_0028_d02_d05_d06_d08_d15/replicate_0.keyframes.tum.txt,/home/melody/code/individual_project/channel_selection_results/step_k_unet_enc0_direct_fullseq_greedy/artifacts/r_k05_0028_d02_d05_d06_d08_d15/replicate_0.log,2026-08-15T20:19:53.067807+00:00
r_k05_0029_d02_d05_d06_d11_d14,budget-matched cardinality-stratified random full-sequence control,"2,5,6,11,14","[2, 5, 6, 11, 14]",0,PASS,Completed the full matched RGB-D sequence,47.011978569003986,0,,,1305031473.1961,571,571,573,0.9965095986038395,0.14391439394773628,0.13794350652947912,0.14703975397027014,0.253457097156169,0.04102367355193574,9.006585207661187,8.571903115000614,12.681881853549571,0.00996379868228085,0.06392137035464886,0.7778299270160945,9.537544995963671,0.12923010089103823,0.12310353788625884,1.0794028167866407,0.12681352985482386,0.12146028740926182,1.084830530887778,430,0.12673,0.121398,0.013535,571,11.304414,90.4971005,0,0.897,0.992,132900.0,0.021224,18,/home/melody/code/individual_project/channel_selection_results/step_k_unet_enc0_direct_fullseq_greedy/artifacts/r_k05_0029_d02_d05_d06_d11_d14/replicate_0.all_frames.tum.txt,/home/melody/code/individual_project/channel_selection_results/step_k_unet_enc0_direct_fullseq_greedy/artifacts/r_k05_0029_d02_d05_d06_d11_d14/replicate_0.keyframes.tum.txt,/home/melody/code/individual_project/channel_selection_results/step_k_unet_enc0_direct_fullseq_greedy/artifacts/r_k05_0029_d02_d05_d06_d11_d14/replicate_0.log,2026-08-15T20:20:40.754283+00:00
r_k05_0030_d02_d07_d10_d12_d15,budget-matched cardinality-stratified random full-sequence control,"2,7,10,12,15","[2, 7, 10, 12, 15]",0,PASS,Completed the full matched RGB-D sequence,44.61797211499652,0,,,1305031473.1961,571,571,573,0.9965095986038395,0.16980517150391,0.1620192918201123,0.17832786670367926,0.26479754733609556,0.05082858789678869,9.80263615908354,9.350387067077428,15.646844722252846,0.011634888439920353,0.16259170485473873,0.6188610434358995,7.128361507144915,0.1509039419279076,0.14538995478697705,1.0998757358275222,0.15411224434918547,0.1494341424140434,1.106307455083541,429,0.154109,0.14947,0.014968,571,10.278344,69.9925995,0,0.897,0.993,9892.0,0.003222,0,/home/melody/code/individual_project/channel_selection_results/step_k_unet_enc0_direct_fullseq_greedy/artifacts/r_k05_0030_d02_d07_d10_d12_d15/replicate_0.all_frames.tum.txt,/home/melody/code/individual_project/channel_selection_results/step_k_unet_enc0_direct_fullseq_greedy/artifacts/r_k05_0030_d02_d07_d10_d12_d15/replicate_0.keyframes.tum.txt,/home/melody/code/individual_project/channel_selection_results/step_k_unet_enc0_direct_fullseq_greedy/artifacts/r_k05_0030_d02_d07_d10_d12_d15/replicate_0.log,2026-08-15T20:21:26.043676+00:00
r_k05_0031_d02_d07_d11_d12_d14,budget-matched cardinality-stratified random full-sequence control,"2,7,11,12,14","[2, 7, 11, 12, 14]",0,PASS,Completed the full matched RGB-D sequence,46.158977771003265,0,,,1305031473.1961,571,571,573,0.9965095986038395,0.11149527488794479,0.10622979071082357,0.10754263803590923,0.17634734465767643,0.0338589410329531,7.854223302425664,7.346252328694318,12.090703569431122,0.010595424866252073,0.13849198579278998,0.6375974077158334,6.604061732789466,0.0908222721999546,0.0829437129717536,1.0807236491872712,0.09178825602316548,0.08307528372048888,1.0812885854900527,430,0.091586,0.082865,0.014499,571,7.79704,52.2917595,0,0.898,0.993,65370.0,0.006091,11,/home/melody/code/individual_project/channel_selection_results/step_k_unet_enc0_direct_fullseq_greedy/artifacts/r_k05_0031_d02_d07_d11_d12_d14/replicate_0.all_frames.tum.txt,/home/melody/code/individual_project/channel_selection_results/step_k_unet_enc0_direct_fullseq_greedy/artifacts/r_k05_0031_d02_d07_d11_d12_d14/replicate_0.keyframes.tum.txt,/home/melody/code/individual_project/channel_selection_results/step_k_unet_enc0_direct_fullseq_greedy/artifacts/r_k05_0031_d02_d07_d11_d12_d14/replicate_0.log,2026-08-15T20:22:12.876675+00:00
r_k05_0032_d02_d08_d09_d11_d15,budget-matched cardinality-stratified random full-sequence control,"2,8,9,11,15","[2, 8, 9, 11, 15]",0,PASS,Completed the full matched RGB-D sequence,47.831446210999275,0,,,1305031473.1961,571,571,573,0.9965095986038395,0.2070485240661359,0.20173674174722295,0.19916729178303713,0.3046719560542708,0.04659805089464075,12.45012296913706,11.865258083040791,19.045364277996757,0.011188581304166266,0.14043227159419558,0.6491105494794903,8.3157272139034,0.18772297177299327,0.1778242396191426,1.1145127907527792,0.1915039085050266,0.18305807210385994,1.1146476081913337,435,0.191324,0.182933,0.014109,571,34.823696,114.0394515,0,0.894,0.993,10570.0,0.002174,0,/home/melody/code/individual_project/channel_selection_results/step_k_unet_enc0_direct_fullseq_greedy/artifacts/r_k05_0032_d02_d08_d09_d11_d15/replicate_0.all_frames.tum.txt,/home/melody/code/individual_project/channel_selection_results/step_k_unet_enc0_direct_fullseq_greedy/artifacts/r_k05_0032_d02_d08_d09_d11_d15/replicate_0.keyframes.tum.txt,/home/melody/code/individual_project/channel_selection_results/step_k_unet_enc0_direct_fullseq_greedy/artifacts/r_k05_0032_d02_d08_d09_d11_d15/replicate_0.log,2026-08-15T20:23:01.388079+00:00
r_k05_0033_d03_d04_d09_d11_d15,budget-matched cardinality-stratified random full-sequence control,"3,4,9,11,15","[3, 4, 9, 11, 15]",0,PASS,Completed the full matched RGB-D sequence,46.024510871997336,0,,,1305031473.1961,571,571,573,0.9965095986038395,0.16388245042536656,0.15496331154361123,0.14555401156663894,0.24619017941069068,0.05332756916324244,10.65658890823146,10.392725679278255,13.809640023144558,0.012102462514680971,0.19443799312732732,0.5533303067213273,3.290956791138083,0.13696150557998604,0.1251532549452364,1.1169147192896018,0.14228344310013982,0.13252243712819933,1.1165932630511344,436,0.14208,0.132347,0.015426,571,11.942358,69.067661,0,0.897,0.993,11740.0,0.004614,0,/home/melody/code/individual_project/channel_selection_results/step_k_unet_enc0_direct_fullseq_greedy/artifacts/r_k05_0033_d03_d04_d09_d11_d15/replicate_0.all_frames.tum.txt,/home/melody/code/individual_project/channel_selection_results/step_k_unet_enc0_direct_fullseq_greedy/artifacts/r_k05_0033_d03_d04_d09_d11_d15/replicate_0.keyframes.tum.txt,/home/melody/code/individual_project/channel_selection_results/step_k_unet_enc0_direct_fullseq_greedy/artifacts/r_k05_0033_d03_d04_d09_d11_d15/replicate_0.log,2026-08-15T20:23:48.084279+00:00
r_k05_0034_d03_d04_d10_d11_d14,budget-matched cardinality-stratified random full-sequence control,"3,4,10,11,14","[3, 4, 10, 11, 14]",0,PASS,Completed the full matched RGB-D sequence,44.55434785000398,0,,,1305031473.1961,571,571,573,0.9965095986038395,0.16464036125898882,0.15774253575076413,0.16133422417223434,0.2563617341761215,0.047156558084843786,9.36970088954947,8.974185623380029,13.711626622210096,0.013595539026848584,0.24095266275059765,0.6697618371416038,8.514086527977025,0.14544767755720917,0.1346946930937624,1.0987526816463087,0.14917158975687986,0.13916001472428774,1.0987772657546906,438,0.14901,0.139024,0.016888,571,7.417949,49.1677055,0,0.897,0.993,11050.0,0.004123,0,/home/melody/code/individual_project/channel_selection_results/step_k_unet_enc0_direct_fullseq_greedy/artifacts/r_k05_0034_d03_d04_d10_d11_d14/replicate_0.all_frames.tum.txt,/home/melody/code/individual_project/channel_selection_results/step_k_unet_enc0_direct_fullseq_greedy/artifacts/r_k05_0034_d03_d04_d10_d11_d14/replicate_0.keyframes.tum.txt,/home/melody/code/individual_project/channel_selection_results/step_k_unet_enc0_direct_fullseq_greedy/artifacts/r_k05_0034_d03_d04_d10_d11_d14/replicate_0.log,2026-08-15T20:24:33.317793+00:00
r_k05_0035_d03_d05_d07_d09_d15,budget-matched cardinality-stratified random full-sequence control,"3,5,7,9,15","[3, 5, 7, 9, 15]",0,PASS,Completed the full matched RGB-D sequence,46.60031796300609,0,,,1305031473.1961,571,571,573,0.9965095986038395,0.13004930393216868,0.12414336568166935,0.12824985658031735,0.2269677126533874,0.038745918629823475,7.959772017960358,7.571064874029486,11.653948348411635,0.010236923838294398,0.09583556267340779,0.6467314258970681,6.802909822137177,0.1108539007902999,0.10554525839865984,1.085483880029659,0.10950273303547702,0.10450759264439875,1.0900424901208716,435,0.109444,0.104469,0.013272,571,13.88398,67.49498349999999,0,0.897,0.993,32080.0,0.00492,3,/home/melody/code/individual_project/channel_selection_results/step_k_unet_enc0_direct_fullseq_greedy/artifacts/r_k05_0035_d03_d05_d07_d09_d15/replicate_0.all_frames.tum.txt,/home/melody/code/individual_project/channel_selection_results/step_k_unet_enc0_direct_fullseq_greedy/artifacts/r_k05_0035_d03_d05_d07_d09_d15/replicate_0.keyframes.tum.txt,/home/melody/code/individual_project/channel_selection_results/step_k_unet_enc0_direct_fullseq_greedy/artifacts/r_k05_0035_d03_d05_d07_d09_d15/replicate_0.log,2026-08-15T20:25:20.592167+00:00
r_k05_0036_d03_d05_d08_d10_d12,budget-matched cardinality-stratified random full-sequence control,"3,5,8,10,12","[3, 5, 8, 10, 12]",0,PASS,Completed the full matched RGB-D sequence,45.467628825994325,0,,,1305031473.1961,571,571,573,0.9965095986038395,0.15883665392941643,0.15184724451750045,0.15097121973163355,0.2602223953864467,0.046599323642469534,9.274475045983557,9.054971379637285,13.136165621277332,0.009568165227190362,0.07589387961858882,0.5492795302520651,4.310965366154944,0.14303810108125165,0.1351520993331926,1.0874511699189917,0.14497996398121368,0.1365858394466788,1.0921276706234264,434,0.14496,0.136578,0.011897,571,12.148607,82.4798925,0,0.878,0.992,13540.0,0.002981,0,/home/melody/code/individual_project/channel_selection_results/step_k_unet_enc0_direct_fullseq_greedy/artifacts/r_k05_0036_d03_d05_d08_d10_d12/replicate_0.all_frames.tum.txt,/home/melody/code/individual_project/channel_selection_results/step_k_unet_enc0_direct_fullseq_greedy/artifacts/r_k05_0036_d03_d05_d08_d10_d12/replicate_0.keyframes.tum.txt,/home/melody/code/individual_project/channel_selection_results/step_k_unet_enc0_direct_fullseq_greedy/artifacts/r_k05_0036_d03_d05_d08_d10_d12/replicate_0.log,2026-08-15T20:26:06.735424+00:00
r_k05_0037_d03_d06_d07_d09_d10,budget-matched cardinality-stratified random full-sequence control,"3,6,7,9,10","[3, 6, 7, 9, 10]",0,PASS,Completed the full matched RGB-D sequence,45.02333395300957,0,,,1305031473.1961,571,571,573,0.9965095986038395,0.12673318059749147,0.1203801434366622,0.1199637189011904,0.2072929100145759,0.03962221763764641,9.352610123846071,9.215809855910436,12.478316178509418,0.00921263044075624,0.07236804640833619,0.5611917299149823,4.494837749364969,0.10333947811942282,0.09625511148002014,1.092741034930335,0.09736643059471542,0.08920030189883942,1.0963493594734932,436,0.097385,0.089227,0.012249,571,11.472013,61.431518499999996,0,0.873,0.992,8317.0,0.001723,0,/home/melody/code/individual_project/channel_selection_results/step_k_unet_enc0_direct_fullseq_greedy/artifacts/r_k05_0037_d03_d06_d07_d09_d10/replicate_0.all_frames.tum.txt,/home/melody/code/individual_project/channel_selection_results/step_k_unet_enc0_direct_fullseq_greedy/artifacts/r_k05_0037_d03_d06_d07_d09_d10/replicate_0.keyframes.tum.txt,/home/melody/code/individual_project/channel_selection_results/step_k_unet_enc0_direct_fullseq_greedy/artifacts/r_k05_0037_d03_d06_d07_d09_d10/replicate_0.log,2026-08-15T20:26:52.433383+00:00
r_k05_0038_d03_d09_d11_d12_d13,budget-matched cardinality-stratified random full-sequence control,"3,9,11,12,13","[3, 9, 11, 12, 13]",0,PASS,Completed the full matched RGB-D sequence,45.59594565999578,0,,,1305031473.1961,571,571,573,0.9965095986038395,0.15438671935578205,0.14778739195809748,0.14351047165323957,0.23721303422414805,0.04465586066424727,9.862422262652036,9.340087797533194,15.378142294740817,0.010139068338717144,0.11800951020302514,0.533936689689633,3.183158299079021,0.11960312545668046,0.1129115363182023,1.1276622352846122,0.12193680342704445,0.11726654236075994,1.130070925016684,435,0.121759,0.117107,0.012671,571,9.375162,61.9091685,0,0.895,0.992,20640.0,0.003368,0,/home/melody/code/individual_project/channel_selection_results/step_k_unet_enc0_direct_fullseq_greedy/artifacts/r_k05_0038_d03_d09_d11_d12_d13/replicate_0.all_frames.tum.txt,/home/melody/code/individual_project/channel_selection_results/step_k_unet_enc0_direct_fullseq_greedy/artifacts/r_k05_0038_d03_d09_d11_d12_d13/replicate_0.keyframes.tum.txt,/home/melody/code/individual_project/channel_selection_results/step_k_unet_enc0_direct_fullseq_greedy/artifacts/r_k05_0038_d03_d09_d11_d12_d13/replicate_0.log,2026-08-15T20:27:38.690309+00:00
r_k05_0039_d04_d05_d09_d10_d14,budget-matched cardinality-stratified random full-sequence control,"4,5,9,10,14","[4, 5, 9, 10, 14]",0,PASS,Completed the full matched RGB-D sequence,45.1788433239999,0,,,1305031473.1961,571,571,573,0.9965095986038395,0.15147392831134465,0.14434082898752293,0.15508764162611885,0.2233956835275344,0.04593556405732969,9.618999900890339,9.209054314703812,15.503984116352434,0.010307804960662265,0.13533173982105828,0.534394967947489,2.2123500440086796,0.12721761035957316,0.1187501956642258,1.1055427323097882,0.13048580515999053,0.12186874339969014,1.112484407517339,432,0.130399,0.121803,0.012552,571,9.982304,59.4082395,0,0.897,0.992,13770.0,0.002692,0,/home/melody/code/individual_project/channel_selection_results/step_k_unet_enc0_direct_fullseq_greedy/artifacts/r_k05_0039_d04_d05_d09_d10_d14/replicate_0.all_frames.tum.txt,/home/melody/code/individual_project/channel_selection_results/step_k_unet_enc0_direct_fullseq_greedy/artifacts/r_k05_0039_d04_d05_d09_d10_d14/replicate_0.keyframes.tum.txt,/home/melody/code/individual_project/channel_selection_results/step_k_unet_enc0_direct_fullseq_greedy/artifacts/r_k05_0039_d04_d05_d09_d10_d14/replicate_0.log,2026-08-15T20:28:24.529812+00:00
r_k05_0040_d04_d06_d12_d13_d14,budget-matched cardinality-stratified random full-sequence control,"4,6,12,13,14","[4, 6, 12, 13, 14]",0,PASS,Completed the full matched RGB-D sequence,46.19786342700536,0,,,1305031473.1961,571,571,573,0.9965095986038395,0.1500276985613679,0.14341160678392353,0.15840603771319123,0.2120969485263019,0.04406156346833346,8.772072579072288,8.266733496066305,12.874328196819429,0.014631323732066218,0.27138439628179634,0.7119610007203961,10.338549261251007,0.1289319904176018,0.11920178671253068,1.097814641358416,0.1333209004396377,0.12427343378221539,1.1000717186595363,434,0.133171,0.124125,0.018447,571,9.30968,87.63648599999999,0,0.899,0.992,35260.0,0.004786,4,/home/melody/code/individual_project/channel_selection_results/step_k_unet_enc0_direct_fullseq_greedy/artifacts/r_k05_0040_d04_d06_d12_d13_d14/replicate_0.all_frames.tum.txt,/home/melody/code/individual_project/channel_selection_results/step_k_unet_enc0_direct_fullseq_greedy/artifacts/r_k05_0040_d04_d06_d12_d13_d14/replicate_0.keyframes.tum.txt,/home/melody/code/individual_project/channel_selection_results/step_k_unet_enc0_direct_fullseq_greedy/artifacts/r_k05_0040_d04_d06_d12_d13_d14/replicate_0.log,2026-08-15T20:29:11.399803+00:00
r_k05_0041_d04_d07_d08_d11_d14,budget-matched cardinality-stratified random full-sequence control,"4,7,8,11,14","[4, 7, 8, 11, 14]",0,PASS,Completed the full matched RGB-D sequence,46.60725350800203,0,,,1305031473.1961,571,571,573,0.9965095986038395,0.14403906321734627,0.1355393443244838,0.1277479300495933,0.23299144750737888,0.04874769607499106,9.471960011581356,8.956853305561655,14.00691549997074,0.01250559935425661,0.18690073056984494,0.6499464506011163,5.852790261244676,0.12680121327327926,0.11382831144757202,1.0861672820167467,0.1308369617279917,0.11712335040288109,1.0816717837536767,437,0.130604,0.116893,0.016329,571,9.146867,73.1708375,0,0.888,0.993,29990.0,0.005622,3,/home/melody/code/individual_project/channel_selection_results/step_k_unet_enc0_direct_fullseq_greedy/artifacts/r_k05_0041_d04_d07_d08_d11_d14/replicate_0.all_frames.tum.txt,/home/melody/code/individual_project/channel_selection_results/step_k_unet_enc0_direct_fullseq_greedy/artifacts/r_k05_0041_d04_d07_d08_d11_d14/replicate_0.keyframes.tum.txt,/home/melody/code/individual_project/channel_selection_results/step_k_unet_enc0_direct_fullseq_greedy/artifacts/r_k05_0041_d04_d07_d08_d11_d14/replicate_0.log,2026-08-15T20:29:58.685380+00:00
r_k05_0042_d04_d07_d09_d12_d13,budget-matched cardinality-stratified random full-sequence control,"4,7,9,12,13","[4, 7, 9, 12, 13]",0,PASS,Completed the full matched RGB-D sequence,46.394054690987105,0,,,1305031473.1961,571,571,573,0.9965095986038395,0.19641466461717516,0.18387296982304704,0.18300151871698134,0.2949744221894658,0.06906121520166167,9.89910022766401,9.491340362883289,14.604335231540942,0.014748140074008424,0.2602580905808946,0.7997557549989344,10.179913640490145,0.18620692298334188,0.1663810424607366,1.0793154476254176,0.18482016989615485,0.1659980305453543,1.0812258414490112,434,0.184712,0.165944,0.018963,571,9.198751,61.496948,0,0.898,0.993,87150.0,0.00618,16,/home/melody/code/individual_project/channel_selection_results/step_k_unet_enc0_direct_fullseq_greedy/artifacts/r_k05_0042_d04_d07_d09_d12_d13/replicate_0.all_frames.tum.txt,/home/melody/code/individual_project/channel_selection_results/step_k_unet_enc0_direct_fullseq_greedy/artifacts/r_k05_0042_d04_d07_d09_d12_d13/replicate_0.keyframes.tum.txt,/home/melody/code/individual_project/channel_selection_results/step_k_unet_enc0_direct_fullseq_greedy/artifacts/r_k05_0042_d04_d07_d09_d12_d13/replicate_0.log,2026-08-15T20:30:45.750166+00:00
r_k05_0043_d04_d09_d10_d11_d14,budget-matched cardinality-stratified random full-sequence control,"4,9,10,11,14","[4, 9, 10, 11, 14]",0,PASS,Completed the full matched RGB-D sequence,44.904614853992825,0,,,1305031473.1961,571,571,573,0.9965095986038395,0.15462559774370524,0.14856157930025995,0.14514725962658315,0.2267877334395852,0.04287811368764626,9.484798416814515,9.189092706260737,13.369249436711444,0.010667895552598563,0.15559574473058585,0.5279491415623645,2.511770892308857,0.12038307879103115,0.11210400631901514,1.1268221268499545,0.1235627137168642,0.11558762752293941,1.1304253370144852,437,0.123399,0.115441,0.013181,571,8.670419,62.852295,0,0.896,0.992,8152.0,0.002909,0,/home/melody/code/individual_project/channel_selection_results/step_k_unet_enc0_direct_fullseq_greedy/artifacts/r_k05_0043_d04_d09_d10_d11_d14/replicate_0.all_frames.tum.txt,/home/melody/code/individual_project/channel_selection_results/step_k_unet_enc0_direct_fullseq_greedy/artifacts/r_k05_0043_d04_d09_d10_d11_d14/replicate_0.keyframes.tum.txt,/home/melody/code/individual_project/channel_selection_results/step_k_unet_enc0_direct_fullseq_greedy/artifacts/r_k05_0043_d04_d09_d10_d11_d14/replicate_0.log,2026-08-15T20:31:31.330204+00:00
r_k05_0044_d05_d07_d09_d12_d15,budget-matched cardinality-stratified random full-sequence control,"5,7,9,12,15","[5, 7, 9, 12, 15]",0,PASS,Completed the full matched RGB-D sequence,48.319291877007345,0,,,1305031473.1961,571,571,573,0.9965095986038395,0.1359217411378891,0.13041291498609334,0.13327318266377008,0.21947126931450894,0.03830393346361868,8.336080024943714,8.101015485127748,11.900076829687292,0.009319917316823847,0.060254731637586226,0.5551039464743065,3.732099671288261,0.12014091235127476,0.11414191856330484,1.079590984445648,0.12242092159047444,0.1165499429649293,1.0859905769053215,428,0.122384,0.116525,0.010837,571,16.060965,87.3311955,0,0.875,0.992,88670.0,0.016279,13,/home/melody/code/individual_project/channel_selection_results/step_k_unet_enc0_direct_fullseq_greedy/artifacts/r_k05_0044_d05_d07_d09_d12_d15/replicate_0.all_frames.tum.txt,/home/melody/code/individual_project/channel_selection_results/step_k_unet_enc0_direct_fullseq_greedy/artifacts/r_k05_0044_d05_d07_d09_d12_d15/replicate_0.keyframes.tum.txt,/home/melody/code/individual_project/channel_selection_results/step_k_unet_enc0_direct_fullseq_greedy/artifacts/r_k05_0044_d05_d07_d09_d12_d15/replicate_0.log,2026-08-15T20:32:20.334141+00:00
r_k05_0045_d06_d07_d10_d11_d12,budget-matched cardinality-stratified random full-sequence control,"6,7,10,11,12","[6, 7, 10, 11, 12]",0,PASS,Completed the full matched RGB-D sequence,44.87964808799734,0,,,1305031473.1961,571,571,573,0.9965095986038395,0.12537844559732683,0.11824938021939203,0.12739234945222416,0.23363600982337057,0.04167539679632946,8.187605067524201,7.916789154444956,11.821431230349551,0.01055595856996295,0.10298532943531565,0.6081339902930991,5.784218987999591,0.09721039426274616,0.09319917056523594,1.1007473242919863,0.09689541892892803,0.09230548737469156,1.1032711806588142,431,0.096777,0.09219,0.013953,571,10.77436,84.419529,0,0.895,0.992,10420.0,0.001812,0,/home/melody/code/individual_project/channel_selection_results/step_k_unet_enc0_direct_fullseq_greedy/artifacts/r_k05_0045_d06_d07_d10_d11_d12/replicate_0.all_frames.tum.txt,/home/melody/code/individual_project/channel_selection_results/step_k_unet_enc0_direct_fullseq_greedy/artifacts/r_k05_0045_d06_d07_d10_d11_d12/replicate_0.keyframes.tum.txt,/home/melody/code/individual_project/channel_selection_results/step_k_unet_enc0_direct_fullseq_greedy/artifacts/r_k05_0045_d06_d07_d10_d11_d12/replicate_0.log,2026-08-15T20:33:05.884512+00:00
r_k05_0046_d06_d09_d10_d12_d15,budget-matched cardinality-stratified random full-sequence control,"6,9,10,12,15","[6, 9, 10, 12, 15]",0,PASS,Completed the full matched RGB-D sequence,46.37417413201183,0,,,1305031473.1961,571,571,573,0.9965095986038395,0.15866583124195638,0.15081518767560023,0.14932630557402043,0.28633722108631704,0.04929122812503724,10.712756871261833,10.540046387899256,15.069070445292983,0.00954750100958261,0.05251868068436483,0.5822471734751901,3.3003097207252687,0.13741285887412563,0.13185808949585923,1.1016550119382418,0.1373493825345192,0.12999298068362816,1.1062052833908027,429,0.137401,0.130061,0.012778,571,37.044846,140.437599,0,0.872,0.993,5800.0,0.002634,0,/home/melody/code/individual_project/channel_selection_results/step_k_unet_enc0_direct_fullseq_greedy/artifacts/r_k05_0046_d06_d09_d10_d12_d15/replicate_0.all_frames.tum.txt,/home/melody/code/individual_project/channel_selection_results/step_k_unet_enc0_direct_fullseq_greedy/artifacts/r_k05_0046_d06_d09_d10_d12_d15/replicate_0.keyframes.tum.txt,/home/melody/code/individual_project/channel_selection_results/step_k_unet_enc0_direct_fullseq_greedy/artifacts/r_k05_0046_d06_d09_d10_d12_d15/replicate_0.log,2026-08-15T20:33:52.942542+00:00
r_k06_0001_d00_d01_d02_d05_d09_d15,budget-matched cardinality-stratified random full-sequence control,"0,1,2,5,9,15","[0, 1, 2, 5, 9, 15]",0,PASS,Completed the full matched RGB-D sequence,47.38493935200677,0,,,1305031473.1961,571,571,573,0.9965095986038395,0.1818722205964306,0.1756446609251785,0.1761044735689958,0.2990137284026397,0.047185354858851954,9.888208994343605,9.433840376300578,16.060564386493237,0.009454737577918194,0.07073780250765807,0.6842025237058167,8.750045271289377,0.16026007376796172,0.15118724221403135,1.111716518652115,0.16309479086121692,0.15517021266682918,1.1176854741900257,434,0.162949,0.155056,0.011451,571,20.676178,155.68424249999998,0,0.897,0.992,51650.0,0.003466,12,/home/melody/code/individual_project/channel_selection_results/step_k_unet_enc0_direct_fullseq_greedy/artifacts/r_k06_0001_d00_d01_d02_d05_d09_d15/replicate_0.all_frames.tum.txt,/home/melody/code/individual_project/channel_selection_results/step_k_unet_enc0_direct_fullseq_greedy/artifacts/r_k06_0001_d00_d01_d02_d05_d09_d15/replicate_0.keyframes.tum.txt,/home/melody/code/individual_project/channel_selection_results/step_k_unet_enc0_direct_fullseq_greedy/artifacts/r_k06_0001_d00_d01_d02_d05_d09_d15/replicate_0.log,2026-08-15T20:34:41.001725+00:00
r_k06_0002_d00_d01_d02_d10_d14_d15,budget-matched cardinality-stratified random full-sequence control,"0,1,2,10,14,15","[0, 1, 2, 10, 14, 15]",0,PASS,Completed the full matched RGB-D sequence,45.52134584200394,0,,,1305031473.1961,571,571,573,0.9965095986038395,0.19036094724779237,0.17703489819716528,0.17991655473124973,0.3856180474728752,0.06997095867140964,9.805324745353934,9.469266330564583,16.065078825416848,0.012997910040204768,0.20644059341082796,0.6391104952682487,7.724361580278454,0.1719627667680842,0.15840884219098506,1.1057892625033305,0.17370031523223542,0.160392660826436,1.110525887121693,434,0.173625,0.160361,0.016499,571,12.507525,201.0038225,0,0.897,0.992,7657.0,0.002363,0,/home/melody/code/individual_project/channel_selection_results/step_k_unet_enc0_direct_fullseq_greedy/artifacts/r_k06_0002_d00_d01_d02_d10_d14_d15/replicate_0.all_frames.tum.txt,/home/melody/code/individual_project/channel_selection_results/step_k_unet_enc0_direct_fullseq_greedy/artifacts/r_k06_0002_d00_d01_d02_d10_d14_d15/replicate_0.keyframes.tum.txt,/home/melody/code/individual_project/channel_selection_results/step_k_unet_enc0_direct_fullseq_greedy/artifacts/r_k06_0002_d00_d01_d02_d10_d14_d15/replicate_0.log,2026-08-15T20:35:27.200151+00:00
r_k06_0003_d00_d01_d03_d04_d06_d08,budget-matched cardinality-stratified random full-sequence control,"0,1,3,4,6,8","[0, 1, 3, 4, 6, 8]",0,PASS,Completed the full matched RGB-D sequence,46.606335680990014,0,,,1305031473.1961,571,571,573,0.9965095986038395,0.17715618691952428,0.16509957364380415,0.1666103971184915,0.28653856537960104,0.0642374139150971,10.486171170168754,10.062918041229011,14.233541157011976,0.014780320987333711,0.2769785215785789,0.6041859196649574,5.660375886223716,0.15351199649972397,0.13441688361136406,1.1150548683685044,0.159542262902817,0.14060786597031283,1.1113081105268579,435,0.159327,0.140406,0.01872,571,20.181854,195.486847,0,0.896,0.993,11740.0,0.005261,0,/home/melody/code/individual_project/channel_selection_results/step_k_unet_enc0_direct_fullseq_greedy/artifacts/r_k06_0003_d00_d01_d03_d04_d06_d08/replicate_0.all_frames.tum.txt,/home/melody/code/individual_project/channel_selection_results/step_k_unet_enc0_direct_fullseq_greedy/artifacts/r_k06_0003_d00_d01_d03_d04_d06_d08/replicate_0.keyframes.tum.txt,/home/melody/code/individual_project/channel_selection_results/step_k_unet_enc0_direct_fullseq_greedy/artifacts/r_k06_0003_d00_d01_d03_d04_d06_d08/replicate_0.log,2026-08-15T20:36:14.483447+00:00
r_k06_0004_d00_d01_d03_d05_d07_d10,budget-matched cardinality-stratified random full-sequence control,"0,1,3,5,7,10","[0, 1, 3, 5, 7, 10]",0,PASS,Completed the full matched RGB-D sequence,45.31643989600707,0,,,1305031473.1961,571,571,573,0.9965095986038395,0.17043486252071027,0.15801785200397647,0.17684734004001368,0.26977080753657007,0.0638623583224328,9.294590135027814,8.935605932971233,14.871672938797284,0.012994529012130166,0.2177579619239345,0.5538126582786519,3.315213285714725,0.14896226712713914,0.13704713510845346,1.1068679182923578,0.15338261598986658,0.1420104487684493,1.110067633597319,436,0.153276,0.141911,0.016344,571,11.625199,82.175915,0,0.888,0.993,14670.0,0.003261,0,/home/melody/code/individual_project/channel_selection_results/step_k_unet_enc0_direct_fullseq_greedy/artifacts/r_k06_0004_d00_d01_d03_d05_d07_d10/replicate_0.all_frames.tum.txt,/home/melody/code/individual_project/channel_selection_results/step_k_unet_enc0_direct_fullseq_greedy/artifacts/r_k06_0004_d00_d01_d03_d05_d07_d10/replicate_0.keyframes.tum.txt,/home/melody/code/individual_project/channel_selection_results/step_k_unet_enc0_direct_fullseq_greedy/artifacts/r_k06_0004_d00_d01_d03_d05_d07_d10/replicate_0.log,2026-08-15T20:37:00.473186+00:00
r_k06_0005_d00_d01_d03_d11_d13_d15,budget-matched cardinality-stratified random full-sequence control,"0,1,3,11,13,15","[0, 1, 3, 11, 13, 15]",0,PASS,Completed the full matched RGB-D sequence,46.18471010499343,0,,,1305031473.1961,571,571,573,0.9965095986038395,0.1504811746133284,0.1434908694983685,0.1450817627729931,0.27693098106249076,0.04533160358523861,8.559435597306768,7.973982148874337,13.624250430986933,0.01055499908870222,0.10409632316402742,0.7281541400013533,9.422028439199599,0.11879526555563504,0.11097597592525744,1.1199510397581507,0.1156155178564873,0.107898413709787,1.1215857915226277,435,0.115509,0.107801,0.013828,571,13.362548,170.837021,0,0.896,0.993,17710.0,0.005249,3,/home/melody/code/individual_project/channel_selection_results/step_k_unet_enc0_direct_fullseq_greedy/artifacts/r_k06_0005_d00_d01_d03_d11_d13_d15/replicate_0.all_frames.tum.txt,/home/melody/code/individual_project/channel_selection_results/step_k_unet_enc0_direct_fullseq_greedy/artifacts/r_k06_0005_d00_d01_d03_d11_d13_d15/replicate_0.keyframes.tum.txt,/home/melody/code/individual_project/channel_selection_results/step_k_unet_enc0_direct_fullseq_greedy/artifacts/r_k06_0005_d00_d01_d03_d11_d13_d15/replicate_0.log,2026-08-15T20:37:47.339889+00:00
r_k06_0006_d00_d01_d04_d09_d10_d13,budget-matched cardinality-stratified random full-sequence control,"0,1,4,9,10,13","[0, 1, 4, 9, 10, 13]",0,PASS,Completed the full matched RGB-D sequence,45.59534756100038,0,,,1305031473.1961,571,571,573,0.9965095986038395,0.16398863734538174,0.15623252516475483,0.15758460280804223,0.238710223219743,0.0498364450883023,9.85342255412643,9.524551790765825,14.268431466412066,0.012152219591154671,0.2041834437393098,0.5542929096973577,3.272190775787302,0.12902321485715051,0.11796167657673531,1.1332272124545262,0.1330453711205852,0.12165327447946345,1.1361870181609532,435,0.132897,0.121511,0.015016,571,12.442694,121.6318325,0,0.896,0.992,11120.0,0.001873,0,/home/melody/code/individual_project/channel_selection_results/step_k_unet_enc0_direct_fullseq_greedy/artifacts/r_k06_0006_d00_d01_d04_d09_d10_d13/replicate_0.all_frames.tum.txt,/home/melody/code/individual_project/channel_selection_results/step_k_unet_enc0_direct_fullseq_greedy/artifacts/r_k06_0006_d00_d01_d04_d09_d10_d13/replicate_0.keyframes.tum.txt,/home/melody/code/individual_project/channel_selection_results/step_k_unet_enc0_direct_fullseq_greedy/artifacts/r_k06_0006_d00_d01_d04_d09_d10_d13/replicate_0.log,2026-08-15T20:38:33.612777+00:00
r_k06_0007_d00_d01_d06_d08_d13_d15,budget-matched cardinality-stratified random full-sequence control,"0,1,6,8,13,15","[0, 1, 6, 8, 13, 15]",0,PASS,Completed the full matched RGB-D sequence,48.8888114040019,0,,,1305031473.1961,571,571,573,0.9965095986038395,0.16383984663504725,0.15580124769380646,0.1598085461147439,0.29294696489428107,0.05068990592266841,11.319539670749524,10.418531377917242,20.05527725221569,0.012250435680196296,0.11971546803361978,0.8309232510859906,9.97180276963287,0.13094401149764098,0.12522893517506978,1.1291969612484327,0.1239291992252428,0.11648606118280264,1.1325204947655336,432,0.123961,0.116532,0.016344,571,67.051262,874.3874515,0,0.895,0.992,27040.0,0.002616,11,/home/melody/code/individual_project/channel_selection_results/step_k_unet_enc0_direct_fullseq_greedy/artifacts/r_k06_0007_d00_d01_d06_d08_d13_d15/replicate_0.all_frames.tum.txt,/home/melody/code/individual_project/channel_selection_results/step_k_unet_enc0_direct_fullseq_greedy/artifacts/r_k06_0007_d00_d01_d06_d08_d13_d15/replicate_0.keyframes.tum.txt,/home/melody/code/individual_project/channel_selection_results/step_k_unet_enc0_direct_fullseq_greedy/artifacts/r_k06_0007_d00_d01_d06_d08_d13_d15/replicate_0.log,2026-08-15T20:39:23.185988+00:00
r_k06_0008_d00_d01_d10_d11_d13_d14,budget-matched cardinality-stratified random full-sequence control,"0,1,10,11,13,14","[0, 1, 10, 11, 13, 14]",0,PASS,Completed the full matched RGB-D sequence,45.131249041995034,0,,,1305031473.1961,571,571,573,0.9965095986038395,0.18867354213974727,0.17978836903312978,0.17711394869555672,0.2783068520438124,0.0572175485665554,10.832339844786281,10.417601271004798,15.643411083477194,0.013160384544025992,0.23886539235796223,0.5371798847165108,3.4144053378902455,0.15724669659141643,0.14403481474312796,1.1386509276720507,0.16262957855519017,0.14965101133532788,1.139652801146094,436,0.162468,0.149516,0.016482,571,10.420856,120.85295450000001,0,0.896,0.992,11920.0,0.001576,0,/home/melody/code/individual_project/channel_selection_results/step_k_unet_enc0_direct_fullseq_greedy/artifacts/r_k06_0008_d00_d01_d10_d11_d13_d14/replicate_0.all_frames.tum.txt,/home/melody/code/individual_project/channel_selection_results/step_k_unet_enc0_direct_fullseq_greedy/artifacts/r_k06_0008_d00_d01_d10_d11_d13_d14/replicate_0.keyframes.tum.txt,/home/melody/code/individual_project/channel_selection_results/step_k_unet_enc0_direct_fullseq_greedy/artifacts/r_k06_0008_d00_d01_d10_d11_d13_d14/replicate_0.log,2026-08-15T20:40:08.980260+00:00
r_k06_0009_d00_d02_d03_d04_d08_d15,budget-matched cardinality-stratified random full-sequence control,"0,2,3,4,8,15","[0, 2, 3, 4, 8, 15]",0,PASS,Completed the full matched RGB-D sequence,46.47101826699509,0,,,1305031473.1961,571,571,573,0.9965095986038395,0.1425227680388697,0.13687215464620808,0.13883581932249262,0.22295117237236178,0.03973352101143267,8.946805542350562,8.641121246807145,11.873026373039888,0.013002934103788015,0.21005101738264761,0.5827774045342532,3.6529296295540923,0.10939850852529563,0.09944156931470684,1.1182776734096747,0.11156818600595074,0.10182748816153532,1.1189726033203282,436,0.111316,0.10157,0.016883,571,19.003719,142.14527099999998,0,0.884,0.993,8271.0,0.00271,0,/home/melody/code/individual_project/channel_selection_results/step_k_unet_enc0_direct_fullseq_greedy/artifacts/r_k06_0009_d00_d02_d03_d04_d08_d15/replicate_0.all_frames.tum.txt,/home/melody/code/individual_project/channel_selection_results/step_k_unet_enc0_direct_fullseq_greedy/artifacts/r_k06_0009_d00_d02_d03_d04_d08_d15/replicate_0.keyframes.tum.txt,/home/melody/code/individual_project/channel_selection_results/step_k_unet_enc0_direct_fullseq_greedy/artifacts/r_k06_0009_d00_d02_d03_d04_d08_d15/replicate_0.log,2026-08-15T20:40:56.143376+00:00
r_k06_0010_d00_d02_d03_d05_d10_d11,budget-matched cardinality-stratified random full-sequence control,"0,2,3,5,10,11","[0, 2, 3, 5, 10, 11]",0,PASS,Completed the full matched RGB-D sequence,44.85090686799958,0,,,1305031473.1961,571,571,573,0.9965095986038395,0.15014583436646872,0.14549615774886368,0.1430671262553382,0.2722277001410595,0.03707613326549617,8.714970443398725,8.275672741502786,13.410610510856342,0.009349514884084913,0.06553944374003859,0.5727491883607216,4.327607978863,0.12992121664868814,0.1216495636752884,1.0958046045662833,0.12851791774977975,0.12069952409098125,1.0996062583578694,435,0.128423,0.120625,0.012043,571,11.812049,85.4686625,0,0.879,0.993,14150.0,0.003799,0,/home/melody/code/individual_project/channel_selection_results/step_k_unet_enc0_direct_fullseq_greedy/artifacts/r_k06_0010_d00_d02_d03_d05_d10_d11/replicate_0.all_frames.tum.txt,/home/melody/code/individual_project/channel_selection_results/step_k_unet_enc0_direct_fullseq_greedy/artifacts/r_k06_0010_d00_d02_d03_d05_d10_d11/replicate_0.keyframes.tum.txt,/home/melody/code/individual_project/channel_selection_results/step_k_unet_enc0_direct_fullseq_greedy/artifacts/r_k06_0010_d00_d02_d03_d05_d10_d11/replicate_0.log,2026-08-15T20:41:41.665439+00:00
r_k06_0011_d00_d04_d05_d06_d08_d15,budget-matched cardinality-stratified random full-sequence control,"0,4,5,6,8,15","[0, 4, 5, 6, 8, 15]",0,PASS,Completed the full matched RGB-D sequence,49.078633081997395,0,,,1305031473.1961,571,571,573,0.9965095986038395,0.1926384301451348,0.1810044899749925,0.18785663375712155,0.3263238162067491,0.06593132319068697,12.674909188040344,12.011563612589883,18.77453898610615,0.013373704914614882,0.1974344887683162,0.6816043733088629,7.409550205098832,0.175262289116971,0.15920661833775515,1.103460355165713,0.18193917993747544,0.16820430292211433,1.107261076757008,428,0.181754,0.168032,0.016699,571,70.225952,565.766693,0,0.896,0.993,33440.0,0.002263,3,/home/melody/code/individual_project/channel_selection_results/step_k_unet_enc0_direct_fullseq_greedy/artifacts/r_k06_0011_d00_d04_d05_d06_d08_d15/replicate_0.all_frames.tum.txt,/home/melody/code/individual_project/channel_selection_results/step_k_unet_enc0_direct_fullseq_greedy/artifacts/r_k06_0011_d00_d04_d05_d06_d08_d15/replicate_0.keyframes.tum.txt,/home/melody/code/individual_project/channel_selection_results/step_k_unet_enc0_direct_fullseq_greedy/artifacts/r_k06_0011_d00_d04_d05_d06_d08_d15/replicate_0.log,2026-08-15T20:42:31.437660+00:00
r_k06_0012_d00_d04_d06_d09_d11_d14,budget-matched cardinality-stratified random full-sequence control,"0,4,6,9,11,14","[0, 4, 6, 9, 11, 14]",0,PASS,Completed the full matched RGB-D sequence,46.30155880800157,0,,,1305031473.1961,571,571,573,0.9965095986038395,0.14167928447233816,0.13620136798255955,0.12891063361815955,0.2250910275298489,0.039015471396269506,9.365559389240012,9.053815244761871,13.667560800743484,0.009691416393648235,0.07182906404836152,0.5590036592099636,3.206971786845011,0.10239836656647418,0.09582203657915396,1.1277245215950635,0.1002838460109881,0.09337225013769161,1.1292086059091477,435,0.100125,0.09323,0.012412,571,14.77389,152.6847995,0,0.896,0.992,13890.0,0.002033,0,/home/melody/code/individual_project/channel_selection_results/step_k_unet_enc0_direct_fullseq_greedy/artifacts/r_k06_0012_d00_d04_d06_d09_d11_d14/replicate_0.all_frames.tum.txt,/home/melody/code/individual_project/channel_selection_results/step_k_unet_enc0_direct_fullseq_greedy/artifacts/r_k06_0012_d00_d04_d06_d09_d11_d14/replicate_0.keyframes.tum.txt,/home/melody/code/individual_project/channel_selection_results/step_k_unet_enc0_direct_fullseq_greedy/artifacts/r_k06_0012_d00_d04_d06_d09_d11_d14/replicate_0.log,2026-08-15T20:43:18.424772+00:00
r_k06_0013_d00_d05_d06_d08_d10_d14,budget-matched cardinality-stratified random full-sequence control,"0,5,6,8,10,14","[0, 5, 6, 8, 10, 14]",0,PASS,Completed the full matched RGB-D sequence,46.36411110400513,0,,,1305031473.1961,571,571,573,0.9965095986038395,0.1700607247417053,0.16074943413636383,0.14807450816296053,0.2722854355893014,0.05550017589623381,10.712535619308037,10.40006816706186,16.57124700652281,0.01309778533663394,0.18434498683698455,0.6506685063943107,6.269632272637341,0.15529129709261663,0.1473564942368914,1.0880480034874307,0.15492493515803796,0.14534859692809393,1.0941014057991258,433,0.154904,0.14533,0.01734,571,24.087849,516.870056,0,0.895,0.992,9802.0,0.00229,0,/home/melody/code/individual_project/channel_selection_results/step_k_unet_enc0_direct_fullseq_greedy/artifacts/r_k06_0013_d00_d05_d06_d08_d10_d14/replicate_0.all_frames.tum.txt,/home/melody/code/individual_project/channel_selection_results/step_k_unet_enc0_direct_fullseq_greedy/artifacts/r_k06_0013_d00_d05_d06_d08_d10_d14/replicate_0.keyframes.tum.txt,/home/melody/code/individual_project/channel_selection_results/step_k_unet_enc0_direct_fullseq_greedy/artifacts/r_k06_0013_d00_d05_d06_d08_d10_d14/replicate_0.log,2026-08-15T20:44:05.476453+00:00
r_k06_0014_d00_d05_d07_d11_d14_d15,budget-matched cardinality-stratified random full-sequence control,"0,5,7,11,14,15","[0, 5, 7, 11, 14, 15]",0,PASS,Completed the full matched RGB-D sequence,47.437905899001635,0,,,1305031473.1961,571,571,573,0.9965095986038395,0.2033435522576475,0.18544792064079021,0.18127411410776223,0.35933823395730424,0.0834126427753359,13.23433573402442,12.41697961315835,19.00474821251381,0.016207205519185714,0.299964300333418,0.7736336238545195,10.378073306201198,0.19724390140620862,0.17657723867390765,1.0619042916566663,0.20415101410768344,0.18316220734196212,1.0596458031792388,432,0.203956,0.183049,0.020599,571,13.995287,186.20829,0,0.896,0.992,194800.0,0.019476,3,/home/melody/code/individual_project/channel_selection_results/step_k_unet_enc0_direct_fullseq_greedy/artifacts/r_k06_0014_d00_d05_d07_d11_d14_d15/replicate_0.all_frames.tum.txt,/home/melody/code/individual_project/channel_selection_results/step_k_unet_enc0_direct_fullseq_greedy/artifacts/r_k06_0014_d00_d05_d07_d11_d14_d15/replicate_0.keyframes.tum.txt,/home/melody/code/individual_project/channel_selection_results/step_k_unet_enc0_direct_fullseq_greedy/artifacts/r_k06_0014_d00_d05_d07_d11_d14_d15/replicate_0.log,2026-08-15T20:44:53.590636+00:00
r_k06_0015_d00_d06_d07_d08_d09_d10,budget-matched cardinality-stratified random full-sequence control,"0,6,7,8,9,10","[0, 6, 7, 8, 9, 10]",0,PASS,Completed the full matched RGB-D sequence,46.491165637999075,0,,,1305031473.1961,571,571,573,0.9965095986038395,0.16329803992272304,0.15660347622624207,0.1605421628941249,0.2561196804558866,0.04627743593221306,11.297964157269583,11.02723867973564,16.981176700798443,0.009798855751472291,0.07166242752634892,0.6081108161284614,4.907269237781772,0.13061124460971887,0.12403850662479719,1.1285086946677334,0.12634257116254874,0.11874723235910092,1.1333361022756614,431,0.126299,0.118732,0.013643,571,31.6373,425.9017185,0,0.873,0.993,4747.0,0.001691,0,/home/melody/code/individual_project/channel_selection_results/step_k_unet_enc0_direct_fullseq_greedy/artifacts/r_k06_0015_d00_d06_d07_d08_d09_d10/replicate_0.all_frames.tum.txt,/home/melody/code/individual_project/channel_selection_results/step_k_unet_enc0_direct_fullseq_greedy/artifacts/r_k06_0015_d00_d06_d07_d08_d09_d10/replicate_0.keyframes.tum.txt,/home/melody/code/individual_project/channel_selection_results/step_k_unet_enc0_direct_fullseq_greedy/artifacts/r_k06_0015_d00_d06_d07_d08_d09_d10/replicate_0.log,2026-08-15T20:45:40.764173+00:00
r_k06_0016_d00_d08_d09_d12_d13_d15,budget-matched cardinality-stratified random full-sequence control,"0,8,9,12,13,15","[0, 8, 9, 12, 13, 15]",0,PASS,Completed the full matched RGB-D sequence,47.78580244400655,0,,,1305031473.1961,571,571,573,0.9965095986038395,0.22161206839747238,0.21350107271777732,0.21808236129636102,0.3442047359912862,0.05940707708484176,13.23768907545457,12.624197553141647,19.847834449053988,0.01342233744454014,0.21384714460320967,0.6612906505005299,7.7910892879853,0.20328396014325942,0.19089552410004335,1.1163799803939052,0.2093908460619449,0.19852287655262604,1.1166983294790263,433,0.209268,0.198446,0.017347,571,41.421772,220.2713165,0,0.896,0.992,18900.0,0.004945,0,/home/melody/code/individual_project/channel_selection_results/step_k_unet_enc0_direct_fullseq_greedy/artifacts/r_k06_0016_d00_d08_d09_d12_d13_d15/replicate_0.all_frames.tum.txt,/home/melody/code/individual_project/channel_selection_results/step_k_unet_enc0_direct_fullseq_greedy/artifacts/r_k06_0016_d00_d08_d09_d12_d13_d15/replicate_0.keyframes.tum.txt,/home/melody/code/individual_project/channel_selection_results/step_k_unet_enc0_direct_fullseq_greedy/artifacts/r_k06_0016_d00_d08_d09_d12_d13_d15/replicate_0.log,2026-08-15T20:46:29.224935+00:00
r_k06_0017_d01_d02_d03_d05_d07_d11,budget-matched cardinality-stratified random full-sequence control,"1,2,3,5,7,11","[1, 2, 3, 5, 7, 11]",0,PASS,Completed the full matched RGB-D sequence,46.000125904000015,0,,,1305031473.1961,571,571,573,0.9965095986038395,0.11796885890181896,0.11225725245339438,0.12128448647657715,0.20585162618484693,0.036262390188901684,7.726176367821223,7.3289617452167795,11.026805001892223,0.012444101722316098,0.16417146669387322,0.7601984948584787,9.462286094160783,0.09230294689553595,0.08807475546055796,1.0927317755515729,0.08825883461839538,0.0841936037062921,1.0968915696414736,435,0.088173,0.084116,0.016476,571,10.533483,61.976141,0,0.896,0.992,48850.0,0.003823,11,/home/melody/code/individual_project/channel_selection_results/step_k_unet_enc0_direct_fullseq_greedy/artifacts/r_k06_0017_d01_d02_d03_d05_d07_d11/replicate_0.all_frames.tum.txt,/home/melody/code/individual_project/channel_selection_results/step_k_unet_enc0_direct_fullseq_greedy/artifacts/r_k06_0017_d01_d02_d03_d05_d07_d11/replicate_0.keyframes.tum.txt,/home/melody/code/individual_project/channel_selection_results/step_k_unet_enc0_direct_fullseq_greedy/artifacts/r_k06_0017_d01_d02_d03_d05_d07_d11/replicate_0.log,2026-08-15T20:47:15.921938+00:00
r_k06_0018_d01_d02_d05_d06_d07_d12,budget-matched cardinality-stratified random full-sequence control,"1,2,5,6,7,12","[1, 2, 5, 6, 7, 12]",0,PASS,Completed the full matched RGB-D sequence,47.54249618499307,0,,,1305031473.1961,571,571,573,0.9965095986038395,0.17121555009662542,0.15842281724330978,0.15857573540510578,0.31743254942865634,0.06493824429088703,8.87317137902722,8.483865503419686,14.913113233998606,0.013906335231772708,0.2273194234330173,0.7579038927267211,10.468694094245896,0.15897381089861196,0.14674927618398972,1.0802376132654277,0.15859331426423962,0.14767353419459245,1.0870416077081075,434,0.158579,0.147708,0.017902,571,13.608027,86.4604185,0,0.897,0.992,182200.0,0.018842,11,/home/melody/code/individual_project/channel_selection_results/step_k_unet_enc0_direct_fullseq_greedy/artifacts/r_k06_0018_d01_d02_d05_d06_d07_d12/replicate_0.all_frames.tum.txt,/home/melody/code/individual_project/channel_selection_results/step_k_unet_enc0_direct_fullseq_greedy/artifacts/r_k06_0018_d01_d02_d05_d06_d07_d12/replicate_0.keyframes.tum.txt,/home/melody/code/individual_project/channel_selection_results/step_k_unet_enc0_direct_fullseq_greedy/artifacts/r_k06_0018_d01_d02_d05_d06_d07_d12/replicate_0.log,2026-08-15T20:48:04.139021+00:00
r_k06_0019_d01_d03_d04_d05_d13_d15,budget-matched cardinality-stratified random full-sequence control,"1,3,4,5,13,15","[1, 3, 4, 5, 13, 15]",0,PASS,Completed the full matched RGB-D sequence,46.48597004399926,0,,,1305031473.1961,571,571,573,0.9965095986038395,0.15440194814089825,0.1443457539643102,0.14575923147365408,0.2934615958015882,0.05481117497535929,7.916534283295664,7.496171789871668,13.054820172330668,0.009898424460588367,0.10820735637538025,0.7406504617117766,10.559621458619253,0.13780904014808656,0.12843236918129483,1.0881450928691647,0.13571669798268504,0.12575307554373638,1.0960986044581675,434,0.135719,0.125784,0.012767,571,12.319537,102.668041,0,0.898,0.993,28980.0,0.003126,7,/home/melody/code/individual_project/channel_selection_results/step_k_unet_enc0_direct_fullseq_greedy/artifacts/r_k06_0019_d01_d03_d04_d05_d13_d15/replicate_0.all_frames.tum.txt,/home/melody/code/individual_project/channel_selection_results/step_k_unet_enc0_direct_fullseq_greedy/artifacts/r_k06_0019_d01_d03_d04_d05_d13_d15/replicate_0.keyframes.tum.txt,/home/melody/code/individual_project/channel_selection_results/step_k_unet_enc0_direct_fullseq_greedy/artifacts/r_k06_0019_d01_d03_d04_d05_d13_d15/replicate_0.log,2026-08-15T20:48:51.307696+00:00
r_k06_0020_d01_d03_d05_d07_d14_d15,budget-matched cardinality-stratified random full-sequence control,"1,3,5,7,14,15","[1, 3, 5, 7, 14, 15]",0,PASS,Completed the full matched RGB-D sequence,46.39090035899426,0,,,1305031473.1961,571,571,573,0.9965095986038395,0.12036054625054558,0.11514468164051277,0.11397802158240461,0.20682137092901873,0.03504801540222622,7.740424575034589,7.147891719353927,11.571562638790478,0.012333113230833997,0.16479755246752842,0.7904264370688922,10.78232864267814,0.09196984279153486,0.08663755269507141,1.098521511279942,0.08583491256743998,0.08065282216826462,1.1047814632513975,436,0.085774,0.080592,0.016334,571,11.439605,93.319561,0,0.897,0.993,33910.0,0.005914,9,/home/melody/code/individual_project/channel_selection_results/step_k_unet_enc0_direct_fullseq_greedy/artifacts/r_k06_0020_d01_d03_d05_d07_d14_d15/replicate_0.all_frames.tum.txt,/home/melody/code/individual_project/channel_selection_results/step_k_unet_enc0_direct_fullseq_greedy/artifacts/r_k06_0020_d01_d03_d05_d07_d14_d15/replicate_0.keyframes.tum.txt,/home/melody/code/individual_project/channel_selection_results/step_k_unet_enc0_direct_fullseq_greedy/artifacts/r_k06_0020_d01_d03_d05_d07_d14_d15/replicate_0.log,2026-08-15T20:49:38.375924+00:00
r_k06_0021_d01_d03_d05_d13_d14_d15,budget-matched cardinality-stratified random full-sequence control,"1,3,5,13,14,15","[1, 3, 5, 13, 14, 15]",0,PASS,Completed the full matched RGB-D sequence,46.23500501400849,0,,,1305031473.1961,571,571,573,0.9965095986038395,0.16668140090897782,0.160433066368215,0.15212019610404215,0.3024031733171817,0.045209740373854244,9.574399805669126,8.988623502649425,16.651303794208648,0.009936186582473774,0.11539566759023154,0.7647405324642063,11.611841298710152,0.14159219076339039,0.13298890362847504,1.1140598617196567,0.14143135530617618,0.13375964165086215,1.1206443477753898,432,0.141337,0.133678,0.012285,571,11.637628,102.853748,0,0.897,0.992,29720.0,0.002961,12,/home/melody/code/individual_project/channel_selection_results/step_k_unet_enc0_direct_fullseq_greedy/artifacts/r_k06_0021_d01_d03_d05_d13_d14_d15/replicate_0.all_frames.tum.txt,/home/melody/code/individual_project/channel_selection_results/step_k_unet_enc0_direct_fullseq_greedy/artifacts/r_k06_0021_d01_d03_d05_d13_d14_d15/replicate_0.keyframes.tum.txt,/home/melody/code/individual_project/channel_selection_results/step_k_unet_enc0_direct_fullseq_greedy/artifacts/r_k06_0021_d01_d03_d05_d13_d14_d15/replicate_0.log,2026-08-15T20:50:25.310154+00:00
r_k06_0022_d01_d03_d06_d07_d08_d14,budget-matched cardinality-stratified random full-sequence control,"1,3,6,7,8,14","[1, 3, 6, 7, 8, 14]",0,PASS,Completed the full matched RGB-D sequence,46.19184855901403,0,,,1305031473.1961,571,571,573,0.9965095986038395,0.14578282832732678,0.1397549479793333,0.13527841081256486,0.26729872430691387,0.04148719742774489,8.745478339816112,8.197330841889297,13.9669414821382,0.011497808088238816,0.14147661111345464,0.8249622662824287,12.307256850719616,0.11963840046774914,0.10942400416692696,1.106932562776942,0.11493699540599508,0.10552725397637173,1.109289266824915,437,0.11484,0.105434,0.015298,571,13.59418,121.418175,0,0.895,0.993,19240.0,0.004903,3,/home/melody/code/individual_project/channel_selection_results/step_k_unet_enc0_direct_fullseq_greedy/artifacts/r_k06_0022_d01_d03_d06_d07_d08_d14/replicate_0.all_frames.tum.txt,/home/melody/code/individual_project/channel_selection_results/step_k_unet_enc0_direct_fullseq_greedy/artifacts/r_k06_0022_d01_d03_d06_d07_d08_d14/replicate_0.keyframes.tum.txt,/home/melody/code/individual_project/channel_selection_results/step_k_unet_enc0_direct_fullseq_greedy/artifacts/r_k06_0022_d01_d03_d06_d07_d08_d14/replicate_0.log,2026-08-15T20:51:12.171474+00:00
r_k06_0023_d01_d03_d06_d09_d11_d15,budget-matched cardinality-stratified random full-sequence control,"1,3,6,9,11,15","[1, 3, 6, 9, 11, 15]",0,PASS,Completed the full matched RGB-D sequence,46.85523610499513,0,,,1305031473.1961,571,571,573,0.9965095986038395,0.18487718249658655,0.176643155044326,0.18100631309420853,0.30509173213156304,0.05455976891320531,10.480790598684807,9.987252607048921,14.507271449078681,0.012889329081070171,0.2103435690670165,0.7090847537368808,10.483644788694088,0.15879608608675624,0.1477795838563218,1.1243597879887177,0.16230671453242343,0.15178753168604675,1.1233484298777643,434,0.162158,0.151675,0.016749,571,25.640055,127.0660325,0,0.895,0.993,17650.0,0.010421,2,/home/melody/code/individual_project/channel_selection_results/step_k_unet_enc0_direct_fullseq_greedy/artifacts/r_k06_0023_d01_d03_d06_d09_d11_d15/replicate_0.all_frames.tum.txt,/home/melody/code/individual_project/channel_selection_results/step_k_unet_enc0_direct_fullseq_greedy/artifacts/r_k06_0023_d01_d03_d06_d09_d11_d15/replicate_0.keyframes.tum.txt,/home/melody/code/individual_project/channel_selection_results/step_k_unet_enc0_direct_fullseq_greedy/artifacts/r_k06_0023_d01_d03_d06_d09_d11_d15/replicate_0.log,2026-08-15T20:51:59.707316+00:00
r_k06_0024_d01_d05_d06_d10_d12_d13,budget-matched cardinality-stratified random full-sequence control,"1,5,6,10,12,13","[1, 5, 6, 10, 12, 13]",0,PASS,Completed the full matched RGB-D sequence,45.56405605000327,0,,,1305031473.1961,571,571,573,0.9965095986038395,0.16222447123103903,0.1510215321314678,0.15669221338119915,0.3352858966450421,0.059239141611389406,8.33870698926496,7.986879244023886,12.993099431609346,0.010774795337203949,0.11716304102216892,0.679074853129677,9.484502632187532,0.14222240283711207,0.13258395858480845,1.0999370047418429,0.14089890433451258,0.13128187960827734,1.1065782644510447,435,0.140872,0.131287,0.013595,571,14.075571,131.882599,0,0.893,0.993,18150.0,0.003545,0,/home/melody/code/individual_project/channel_selection_results/step_k_unet_enc0_direct_fullseq_greedy/artifacts/r_k06_0024_d01_d05_d06_d10_d12_d13/replicate_0.all_frames.tum.txt,/home/melody/code/individual_project/channel_selection_results/step_k_unet_enc0_direct_fullseq_greedy/artifacts/r_k06_0024_d01_d05_d06_d10_d12_d13/replicate_0.keyframes.tum.txt,/home/melody/code/individual_project/channel_selection_results/step_k_unet_enc0_direct_fullseq_greedy/artifacts/r_k06_0024_d01_d05_d06_d10_d12_d13/replicate_0.log,2026-08-15T20:52:45.943268+00:00
r_k06_0025_d01_d05_d06_d12_d14_d15,budget-matched cardinality-stratified random full-sequence control,"1,5,6,12,14,15","[1, 5, 6, 12, 14, 15]",0,PASS,Completed the full matched RGB-D sequence,52.88621030798822,0,,,1305031473.1961,571,571,573,0.9965095986038395,0.16307238471829597,0.15050262757767005,0.1454523705159472,0.3474455953390522,0.06278185844596415,7.708893734010723,7.451329309114124,11.61568848077817,0.010191751184219057,0.09252058225765754,0.8216992982540183,11.568567782279034,0.15388306285119163,0.14099384505368895,1.067216754827835,0.14835558682806074,0.13651331541718692,1.0761473926470042,434,0.148372,0.136589,0.01344,571,18.023888,97.973343,0,0.897,0.992,4688000.0,0.015846,89,/home/melody/code/individual_project/channel_selection_results/step_k_unet_enc0_direct_fullseq_greedy/artifacts/r_k06_0025_d01_d05_d06_d12_d14_d15/replicate_0.all_frames.tum.txt,/home/melody/code/individual_project/channel_selection_results/step_k_unet_enc0_direct_fullseq_greedy/artifacts/r_k06_0025_d01_d05_d06_d12_d14_d15/replicate_0.keyframes.tum.txt,/home/melody/code/individual_project/channel_selection_results/step_k_unet_enc0_direct_fullseq_greedy/artifacts/r_k06_0025_d01_d05_d06_d12_d14_d15/replicate_0.log,2026-08-15T20:53:39.513451+00:00
r_k06_0026_d01_d05_d08_d09_d10_d13,budget-matched cardinality-stratified random full-sequence control,"1,5,8,9,10,13","[1, 5, 8, 9, 10, 13]",0,PASS,Completed the full matched RGB-D sequence,46.316754932995536,0,,,1305031473.1961,571,571,573,0.9965095986038395,0.17513319190019128,0.166970821158156,0.1687792342647911,0.26025517642876417,0.05284297291902023,10.692633678840046,10.250499876931888,15.842397528332578,0.011862658506942689,0.1971248831690587,0.5341857766924781,3.1051048714795875,0.1426718056301945,0.13065456234491643,1.1341313310033523,0.14781479404077746,0.13603318523689287,1.137665759750051,435,0.147672,0.135893,0.014802,571,18.505836,141.38863400000002,0,0.895,0.992,13570.0,0.002678,0,/home/melody/code/individual_project/channel_selection_results/step_k_unet_enc0_direct_fullseq_greedy/artifacts/r_k06_0026_d01_d05_d08_d09_d10_d13/replicate_0.all_frames.tum.txt,/home/melody/code/individual_project/channel_selection_results/step_k_unet_enc0_direct_fullseq_greedy/artifacts/r_k06_0026_d01_d05_d08_d09_d10_d13/replicate_0.keyframes.tum.txt,/home/melody/code/individual_project/channel_selection_results/step_k_unet_enc0_direct_fullseq_greedy/artifacts/r_k06_0026_d01_d05_d08_d09_d10_d13/replicate_0.log,2026-08-15T20:54:26.510968+00:00
r_k06_0027_d01_d06_d08_d10_d13_d15,budget-matched cardinality-stratified random full-sequence control,"1,6,8,10,13,15","[1, 6, 8, 10, 13, 15]",0,PASS,Completed the full matched RGB-D sequence,46.54196520001278,0,,,1305031473.1961,571,571,573,0.9965095986038395,0.1952910157885861,0.1871478853352035,0.2004633194669603,0.29466983813661346,0.05580546444837912,10.926336542320442,10.313108070507266,17.732287731482167,0.014995808161177172,0.26448943746548415,0.7320079360112405,8.980819672326517,0.16912015902418293,0.15926192450716586,1.129118632219772,0.1724860038154637,0.163280488070857,1.1286187396261562,433,0.1724,0.163227,0.019553,571,37.783253,409.770523,0,0.895,0.993,6272.0,0.002847,0,/home/melody/code/individual_project/channel_selection_results/step_k_unet_enc0_direct_fullseq_greedy/artifacts/r_k06_0027_d01_d06_d08_d10_d13_d15/replicate_0.all_frames.tum.txt,/home/melody/code/individual_project/channel_selection_results/step_k_unet_enc0_direct_fullseq_greedy/artifacts/r_k06_0027_d01_d06_d08_d10_d13_d15/replicate_0.keyframes.tum.txt,/home/melody/code/individual_project/channel_selection_results/step_k_unet_enc0_direct_fullseq_greedy/artifacts/r_k06_0027_d01_d06_d08_d10_d13_d15/replicate_0.log,2026-08-15T20:55:13.734953+00:00
r_k06_0028_d01_d07_d09_d10_d11_d13,budget-matched cardinality-stratified random full-sequence control,"1,7,9,10,11,13","[1, 7, 9, 10, 11, 13]",0,PASS,Completed the full matched RGB-D sequence,44.96952704900468,0,,,1305031473.1961,571,571,573,0.9965095986038395,0.18387739577157206,0.17811011449054348,0.18964253415254356,0.27184912495251984,0.045691178491048416,10.162813195877392,9.737363058169445,15.908205254801052,0.01224617193114854,0.20426181552239023,0.5617360888373465,4.913987281930154,0.15694220422193855,0.14663913051140076,1.1259855035622273,0.16027000278884682,0.150694624030741,1.1278181101878817,435,0.160133,0.150592,0.015276,571,11.512162,85.740677,0,0.895,0.993,11100.0,0.003943,0,/home/melody/code/individual_project/channel_selection_results/step_k_unet_enc0_direct_fullseq_greedy/artifacts/r_k06_0028_d01_d07_d09_d10_d11_d13/replicate_0.all_frames.tum.txt,/home/melody/code/individual_project/channel_selection_results/step_k_unet_enc0_direct_fullseq_greedy/artifacts/r_k06_0028_d01_d07_d09_d10_d11_d13/replicate_0.keyframes.tum.txt,/home/melody/code/individual_project/channel_selection_results/step_k_unet_enc0_direct_fullseq_greedy/artifacts/r_k06_0028_d01_d07_d09_d10_d11_d13/replicate_0.log,2026-08-15T20:55:59.389022+00:00
r_k06_0029_d02_d03_d04_d06_d07_d13,budget-matched cardinality-stratified random full-sequence control,"2,3,4,6,7,13","[2, 3, 4, 6, 7, 13]",0,PASS,Completed the full matched RGB-D sequence,45.427980681997724,0,,,1305031473.1961,571,571,573,0.9965095986038395,0.12766725912763394,0.12189373209733735,0.11865567329689931,0.2077450241969559,0.03795849217955028,8.490971688469061,8.074010607239293,12.532737846312411,0.015734996530961838,0.27799665305471144,0.7601830903500202,9.566897285850242,0.10946413635882042,0.1017442059544804,1.0823342771579492,0.11066509850071948,0.10348659985974477,1.0798044637188868,436,0.110522,0.103318,0.01999,571,10.527078,67.943546,0,0.898,0.993,50800.0,0.006426,6,/home/melody/code/individual_project/channel_selection_results/step_k_unet_enc0_direct_fullseq_greedy/artifacts/r_k06_0029_d02_d03_d04_d06_d07_d13/replicate_0.all_frames.tum.txt,/home/melody/code/individual_project/channel_selection_results/step_k_unet_enc0_direct_fullseq_greedy/artifacts/r_k06_0029_d02_d03_d04_d06_d07_d13/replicate_0.keyframes.tum.txt,/home/melody/code/individual_project/channel_selection_results/step_k_unet_enc0_direct_fullseq_greedy/artifacts/r_k06_0029_d02_d03_d04_d06_d07_d13/replicate_0.log,2026-08-15T20:56:45.500389+00:00
r_k06_0030_d02_d03_d08_d10_d11_d14,budget-matched cardinality-stratified random full-sequence control,"2,3,8,10,11,14","[2, 3, 8, 10, 11, 14]",0,PASS,Completed the full matched RGB-D sequence,44.55577930199797,0,,,1305031473.1961,571,571,573,0.9965095986038395,0.13595720994178936,0.13176696798783494,0.13278211135500625,0.20813383226578538,0.03349371705930331,8.990445079700704,8.712352494792318,12.306008574697838,0.00891780873346081,0.050617798422415726,0.5309823902391984,2.8672670915837846,0.10047828366379487,0.09433553400906655,1.1184580462717513,0.09711792456623579,0.09083539831251804,1.1211032237522682,437,0.097002,0.090739,0.011309,571,10.904386,73.59643550000001,0,0.896,0.993,6648.0,0.003183,0,/home/melody/code/individual_project/channel_selection_results/step_k_unet_enc0_direct_fullseq_greedy/artifacts/r_k06_0030_d02_d03_d08_d10_d11_d14/replicate_0.all_frames.tum.txt,/home/melody/code/individual_project/channel_selection_results/step_k_unet_enc0_direct_fullseq_greedy/artifacts/r_k06_0030_d02_d03_d08_d10_d11_d14/replicate_0.keyframes.tum.txt,/home/melody/code/individual_project/channel_selection_results/step_k_unet_enc0_direct_fullseq_greedy/artifacts/r_k06_0030_d02_d03_d08_d10_d11_d14/replicate_0.log,2026-08-15T20:57:30.736414+00:00
r_k06_0031_d02_d03_d09_d10_d13_d15,budget-matched cardinality-stratified random full-sequence control,"2,3,9,10,13,15","[2, 3, 9, 10, 13, 15]",0,PASS,Completed the full matched RGB-D sequence,44.72066760799498,0,,,1305031473.1961,571,571,573,0.9965095986038395,0.13739811592835144,0.13184015203574498,0.13209007945630574,0.21804442539834212,0.03868354394122066,9.770415748969194,9.588855263553052,12.330344746731825,0.010837631520772769,0.1442164248675893,0.5553099623209433,3.46964746415236,0.10527697439487163,0.10201283808538154,1.1137892684233393,0.10439614599160352,0.09996519860015111,1.1181956406664901,435,0.10432,0.099904,0.014189,571,13.306034,78.436676,0,0.897,0.992,8786.0,0.002204,0,/home/melody/code/individual_project/channel_selection_results/step_k_unet_enc0_direct_fullseq_greedy/artifacts/r_k06_0031_d02_d03_d09_d10_d13_d15/replicate_0.all_frames.tum.txt,/home/melody/code/individual_project/channel_selection_results/step_k_unet_enc0_direct_fullseq_greedy/artifacts/r_k06_0031_d02_d03_d09_d10_d13_d15/replicate_0.keyframes.tum.txt,/home/melody/code/individual_project/channel_selection_results/step_k_unet_enc0_direct_fullseq_greedy/artifacts/r_k06_0031_d02_d03_d09_d10_d13_d15/replicate_0.log,2026-08-15T20:58:16.143420+00:00
r_k06_0032_d02_d04_d07_d10_d11_d15,budget-matched cardinality-stratified random full-sequence control,"2,4,7,10,11,15","[2, 4, 7, 10, 11, 15]",0,PASS,Completed the full matched RGB-D sequence,44.99316773899773,0,,,1305031473.1961,571,571,573,0.9965095986038395,0.14748177549867486,0.13905990741676283,0.13925671088462915,0.29052259345590736,0.04912449748834973,8.873370693680608,8.650785850489159,12.57233988274157,0.009793626143615591,0.07434408952657941,0.66108389044368,8.240276877753763,0.1282396478779066,0.119405793066831,1.0924061453036433,0.12669526858828586,0.1179301679716561,1.0975908878128162,437,0.126671,0.117936,0.012814,571,11.57367,83.61024499999999,0,0.897,0.993,8650.0,0.003333,0,/home/melody/code/individual_project/channel_selection_results/step_k_unet_enc0_direct_fullseq_greedy/artifacts/r_k06_0032_d02_d04_d07_d10_d11_d15/replicate_0.all_frames.tum.txt,/home/melody/code/individual_project/channel_selection_results/step_k_unet_enc0_direct_fullseq_greedy/artifacts/r_k06_0032_d02_d04_d07_d10_d11_d15/replicate_0.keyframes.tum.txt,/home/melody/code/individual_project/channel_selection_results/step_k_unet_enc0_direct_fullseq_greedy/artifacts/r_k06_0032_d02_d04_d07_d10_d11_d15/replicate_0.log,2026-08-15T20:59:01.813262+00:00
r_k06_0033_d02_d06_d11_d12_d13_d15,budget-matched cardinality-stratified random full-sequence control,"2,6,11,12,13,15","[2, 6, 11, 12, 13, 15]",0,PASS,Completed the full matched RGB-D sequence,47.302801686004386,0,,,1305031473.1961,571,571,573,0.9965095986038395,0.1245050303404913,0.11899406489014053,0.12401207522874717,0.18807542802661936,0.03663215938226525,9.398199618767372,9.094203351504063,12.789414143445805,0.00970125422148429,0.08041462816731965,0.6212686379871437,6.446244989532155,0.09543595122491476,0.09039772330617096,1.101810419042843,0.09805166576435544,0.09354173013931887,1.102703781982707,430,0.097861,0.093358,0.012703,571,17.85429,153.28955050000002,0,0.896,0.993,22350.0,0.00739,3,/home/melody/code/individual_project/channel_selection_results/step_k_unet_enc0_direct_fullseq_greedy/artifacts/r_k06_0033_d02_d06_d11_d12_d13_d15/replicate_0.all_frames.tum.txt,/home/melody/code/individual_project/channel_selection_results/step_k_unet_enc0_direct_fullseq_greedy/artifacts/r_k06_0033_d02_d06_d11_d12_d13_d15/replicate_0.keyframes.tum.txt,/home/melody/code/individual_project/channel_selection_results/step_k_unet_enc0_direct_fullseq_greedy/artifacts/r_k06_0033_d02_d06_d11_d12_d13_d15/replicate_0.log,2026-08-15T20:59:49.793113+00:00
r_k06_0034_d02_d07_d09_d10_d12_d13,budget-matched cardinality-stratified random full-sequence control,"2,7,9,10,12,13","[2, 7, 9, 10, 12, 13]",0,PASS,Completed the full matched RGB-D sequence,44.43730847399274,0,,,1305031473.1961,571,571,573,0.9965095986038395,0.1421194396234531,0.13669867359610888,0.14035549354327684,0.22972387086111634,0.03887682800780979,8.804386165808065,8.582342382891222,12.097537768809099,0.009828123271909095,0.08383367306194042,0.5583551875472105,3.7468423094380334,0.11800311746714773,0.1129104197229916,1.1011097696713221,0.11876383622805715,0.11324774643623597,1.1054218551091504,430,0.118749,0.113252,0.011941,571,11.424277,72.188988,0,0.897,0.993,13450.0,0.003795,0,/home/melody/code/individual_project/channel_selection_results/step_k_unet_enc0_direct_fullseq_greedy/artifacts/r_k06_0034_d02_d07_d09_d10_d12_d13/replicate_0.all_frames.tum.txt,/home/melody/code/individual_project/channel_selection_results/step_k_unet_enc0_direct_fullseq_greedy/artifacts/r_k06_0034_d02_d07_d09_d10_d12_d13/replicate_0.keyframes.tum.txt,/home/melody/code/individual_project/channel_selection_results/step_k_unet_enc0_direct_fullseq_greedy/artifacts/r_k06_0034_d02_d07_d09_d10_d12_d13/replicate_0.log,2026-08-15T21:00:34.911970+00:00
r_k06_0035_d03_d04_d06_d07_d12_d13,budget-matched cardinality-stratified random full-sequence control,"3,4,6,7,12,13","[3, 4, 6, 7, 12, 13]",0,PASS,Completed the full matched RGB-D sequence,45.932403483006055,0,,,1305031473.1961,571,571,573,0.9965095986038395,0.1682010839420101,0.1518864929238609,0.15774046574423,0.28886056032868623,0.07226408448570482,8.963117572601798,8.434648915783534,13.006985035116475,0.015154810979947142,0.2811106167972847,0.6054757638104101,5.176916798912798,0.1553505244734677,0.13400415823667788,1.081402649753784,0.16167052068031035,0.14055674102897084,1.0774479527710406,435,0.161509,0.140433,0.018685,571,10.800258,84.5366785,0,0.898,0.993,38950.0,0.003315,3,/home/melody/code/individual_project/channel_selection_results/step_k_unet_enc0_direct_fullseq_greedy/artifacts/r_k06_0035_d03_d04_d06_d07_d12_d13/replicate_0.all_frames.tum.txt,/home/melody/code/individual_project/channel_selection_results/step_k_unet_enc0_direct_fullseq_greedy/artifacts/r_k06_0035_d03_d04_d06_d07_d12_d13/replicate_0.keyframes.tum.txt,/home/melody/code/individual_project/channel_selection_results/step_k_unet_enc0_direct_fullseq_greedy/artifacts/r_k06_0035_d03_d04_d06_d07_d12_d13/replicate_0.log,2026-08-15T21:01:21.512184+00:00
r_k06_0036_d03_d04_d07_d08_d10_d15,budget-matched cardinality-stratified random full-sequence control,"3,4,7,8,10,15","[3, 4, 7, 8, 10, 15]",0,PASS,Completed the full matched RGB-D sequence,45.62159818300279,0,,,1305031473.1961,571,571,573,0.9965095986038395,0.16089781456811575,0.15440957096578767,0.1637467812012649,0.24946747726875484,0.04523042258211983,9.212917974659252,8.939460130855993,12.632530349869464,0.01258095240221163,0.18639099585089022,0.5759184708125704,5.455106515987482,0.13307119373690154,0.12501999930025992,1.1174745024842032,0.13589968907109312,0.12853978293259524,1.1188721661296568,435,0.135756,0.128396,0.015903,571,14.01538,117.456322,0,0.884,0.993,6334.0,0.003641,0,/home/melody/code/individual_project/channel_selection_results/step_k_unet_enc0_direct_fullseq_greedy/artifacts/r_k06_0036_d03_d04_d07_d08_d10_d15/replicate_0.all_frames.tum.txt,/home/melody/code/individual_project/channel_selection_results/step_k_unet_enc0_direct_fullseq_greedy/artifacts/r_k06_0036_d03_d04_d07_d08_d10_d15/replicate_0.keyframes.tum.txt,/home/melody/code/individual_project/channel_selection_results/step_k_unet_enc0_direct_fullseq_greedy/artifacts/r_k06_0036_d03_d04_d07_d08_d10_d15/replicate_0.log,2026-08-15T21:02:07.813693+00:00
r_k06_0037_d03_d04_d07_d11_d12_d15,budget-matched cardinality-stratified random full-sequence control,"3,4,7,11,12,15","[3, 4, 7, 11, 12, 15]",0,PASS,Completed the full matched RGB-D sequence,45.82983285399678,0,,,1305031473.1961,571,571,573,0.9965095986038395,0.11694655756381274,0.11055012535114489,0.10758811891160304,0.21245935046708675,0.03814665268240869,7.871006995216183,7.541174157065761,11.674057424533311,0.010752714935523214,0.10754494630186322,0.7890121105446596,9.79135927713489,0.0924640536064608,0.08629143904874151,1.0901732078467197,0.09001741626266561,0.08452032408508894,1.0912047462343595,432,0.089901,0.0844,0.013962,571,10.842089,88.709316,0,0.897,0.993,20390.0,0.003443,0,/home/melody/code/individual_project/channel_selection_results/step_k_unet_enc0_direct_fullseq_greedy/artifacts/r_k06_0037_d03_d04_d07_d11_d12_d15/replicate_0.all_frames.tum.txt,/home/melody/code/individual_project/channel_selection_results/step_k_unet_enc0_direct_fullseq_greedy/artifacts/r_k06_0037_d03_d04_d07_d11_d12_d15/replicate_0.keyframes.tum.txt,/home/melody/code/individual_project/channel_selection_results/step_k_unet_enc0_direct_fullseq_greedy/artifacts/r_k06_0037_d03_d04_d07_d11_d12_d15/replicate_0.log,2026-08-15T21:02:54.319623+00:00
r_k06_0038_d03_d05_d06_d07_d08_d15,budget-matched cardinality-stratified random full-sequence control,"3,5,6,7,8,15","[3, 5, 6, 7, 8, 15]",0,PASS,Completed the full matched RGB-D sequence,47.27977086399915,0,,,1305031473.1961,571,571,573,0.9965095986038395,0.15461703621594866,0.148236699470302,0.14985364164688672,0.24495096729440027,0.043958034741732405,10.541258623448154,10.052425247606926,14.169262600974289,0.014581890009793635,0.21749631440294534,0.8489859989372426,12.500407658355055,0.14038067098385582,0.13061356033260876,1.0815791819737393,0.1406371843804088,0.1314636125099712,1.085374351499889,435,0.140454,0.131282,0.018561,571,35.310944,182.584785,0,0.893,0.992,17690.0,0.003637,0,/home/melody/code/individual_project/channel_selection_results/step_k_unet_enc0_direct_fullseq_greedy/artifacts/r_k06_0038_d03_d05_d06_d07_d08_d15/replicate_0.all_frames.tum.txt,/home/melody/code/individual_project/channel_selection_results/step_k_unet_enc0_direct_fullseq_greedy/artifacts/r_k06_0038_d03_d05_d06_d07_d08_d15/replicate_0.keyframes.tum.txt,/home/melody/code/individual_project/channel_selection_results/step_k_unet_enc0_direct_fullseq_greedy/artifacts/r_k06_0038_d03_d05_d06_d07_d08_d15/replicate_0.log,2026-08-15T21:03:42.288219+00:00
r_k06_0039_d03_d06_d08_d09_d10_d11,budget-matched cardinality-stratified random full-sequence control,"3,6,8,9,10,11","[3, 6, 8, 9, 10, 11]",0,PASS,Completed the full matched RGB-D sequence,45.96272149500146,0,,,1305031473.1961,571,571,573,0.9965095986038395,0.15493965671559146,0.15046540962647545,0.15056278662157305,0.2281125399588037,0.036965629023219336,9.872143813976571,9.519287723095621,14.473440682577566,0.00974254913137601,0.08511185876087944,0.5965430158185664,5.69150912316135,0.12751906749130912,0.12076134315723341,1.1138238738949593,0.1250939105391317,0.1178581640443502,1.1149384192454004,436,0.125009,0.117785,0.013126,571,23.575094,126.0196645,0,0.873,0.992,3774.0,0.002758,0,/home/melody/code/individual_project/channel_selection_results/step_k_unet_enc0_direct_fullseq_greedy/artifacts/r_k06_0039_d03_d06_d08_d09_d10_d11/replicate_0.all_frames.tum.txt,/home/melody/code/individual_project/channel_selection_results/step_k_unet_enc0_direct_fullseq_greedy/artifacts/r_k06_0039_d03_d06_d08_d09_d10_d11/replicate_0.keyframes.tum.txt,/home/melody/code/individual_project/channel_selection_results/step_k_unet_enc0_direct_fullseq_greedy/artifacts/r_k06_0039_d03_d06_d08_d09_d10_d11/replicate_0.log,2026-08-15T21:04:28.921620+00:00
r_k06_0040_d04_d09_d10_d11_d12_d13,budget-matched cardinality-stratified random full-sequence control,"4,9,10,11,12,13","[4, 9, 10, 11, 12, 13]",0,PASS,Completed the full matched RGB-D sequence,44.59942424799374,0,,,1305031473.1961,571,571,573,0.9965095986038395,0.17906402916001438,0.17265137878866074,0.18257335294967145,0.2558197027242957,0.047491345963163324,10.172510089906657,9.715075392879593,15.116328697818727,0.01278616779932579,0.22151923498970663,0.605374829010576,6.855790691740481,0.15384869933265727,0.14283546947861842,1.1197265411869548,0.15823394217675726,0.1485051826565727,1.1231920179316424,437,0.158053,0.148352,0.016013,571,11.417951,97.1361125,0,0.896,0.992,10930.0,0.002022,0,/home/melody/code/individual_project/channel_selection_results/step_k_unet_enc0_direct_fullseq_greedy/artifacts/r_k06_0040_d04_d09_d10_d11_d12_d13/replicate_0.all_frames.tum.txt,/home/melody/code/individual_project/channel_selection_results/step_k_unet_enc0_direct_fullseq_greedy/artifacts/r_k06_0040_d04_d09_d10_d11_d12_d13/replicate_0.keyframes.tum.txt,/home/melody/code/individual_project/channel_selection_results/step_k_unet_enc0_direct_fullseq_greedy/artifacts/r_k06_0040_d04_d09_d10_d11_d12_d13/replicate_0.log,2026-08-15T21:05:14.194568+00:00
r_k06_0041_d06_d08_d09_d11_d13_d15,budget-matched cardinality-stratified random full-sequence control,"6,8,9,11,13,15","[6, 8, 9, 11, 13, 15]",0,PASS,Completed the full matched RGB-D sequence,49.378023106008186,0,,,1305031473.1961,571,571,573,0.9965095986038395,0.1837481377609983,0.17894995121451363,0.1811536963937096,0.25730377471131577,0.041716820240258155,11.086245649375684,10.504330452841163,17.262550178919724,0.013538809431346882,0.22341346668622586,0.7363291325047533,10.305795243153687,0.15990501539212598,0.15175487768599313,1.1182874950561896,0.16263462890755756,0.15546166123542046,1.1153318908015262,434,0.162488,0.155341,0.017851,571,71.655853,233.561447,0,0.885,0.993,17680.0,0.005437,14,/home/melody/code/individual_project/channel_selection_results/step_k_unet_enc0_direct_fullseq_greedy/artifacts/r_k06_0041_d06_d08_d09_d11_d13_d15/replicate_0.all_frames.tum.txt,/home/melody/code/individual_project/channel_selection_results/step_k_unet_enc0_direct_fullseq_greedy/artifacts/r_k06_0041_d06_d08_d09_d11_d13_d15/replicate_0.keyframes.tum.txt,/home/melody/code/individual_project/channel_selection_results/step_k_unet_enc0_direct_fullseq_greedy/artifacts/r_k06_0041_d06_d08_d09_d11_d13_d15/replicate_0.log,2026-08-15T21:06:04.255502+00:00
r_k06_0042_d07_d09_d10_d11_d12_d14,budget-matched cardinality-stratified random full-sequence control,"7,9,10,11,12,14","[7, 9, 10, 11, 12, 14]",0,PASS,Completed the full matched RGB-D sequence,44.714259585001855,0,,,1305031473.1961,571,571,573,0.9965095986038395,0.16454250675435447,0.15759619471583758,0.1549142518266717,0.256941404058004,0.04730407952909125,9.994886307728883,9.581667453600895,14.050564190021099,0.011832639104094034,0.19747131516940913,0.5356576272523234,3.032715564835012,0.14158920321564822,0.12940877003684137,1.1081392918810276,0.1462563165090103,0.13445141067095967,1.1081302067493375,431,0.146096,0.134323,0.014458,571,10.62368,74.7790715,0,0.896,0.993,10540.0,0.003403,0,/home/melody/code/individual_project/channel_selection_results/step_k_unet_enc0_direct_fullseq_greedy/artifacts/r_k06_0042_d07_d09_d10_d11_d12_d14/replicate_0.all_frames.tum.txt,/home/melody/code/individual_project/channel_selection_results/step_k_unet_enc0_direct_fullseq_greedy/artifacts/r_k06_0042_d07_d09_d10_d11_d12_d14/replicate_0.keyframes.tum.txt,/home/melody/code/individual_project/channel_selection_results/step_k_unet_enc0_direct_fullseq_greedy/artifacts/r_k06_0042_d07_d09_d10_d11_d12_d14/replicate_0.log,2026-08-15T21:06:49.644873+00:00
r_k06_0043_d08_d10_d11_d13_d14_d15,budget-matched cardinality-stratified random full-sequence control,"8,10,11,13,14,15","[8, 10, 11, 13, 14, 15]",0,PASS,Completed the full matched RGB-D sequence,45.687736905994825,0,,,1305031473.1961,571,571,573,0.9965095986038395,0.18023227730849561,0.1727112100888718,0.17923581760461865,0.2916447930946903,0.051521953509587,10.6822933849879,10.293945863363035,14.937335303950045,0.01480932914757028,0.24087884167116402,0.6764133099531098,7.284381020673322,0.1541733783968224,0.1465283477085817,1.1222708830855759,0.15693620615612583,0.15015470306040946,1.121386584679876,435,0.156811,0.15004,0.018655,571,15.848458,181.884056,0,0.885,0.993,6186.0,0.001818,0,/home/melody/code/individual_project/channel_selection_results/step_k_unet_enc0_direct_fullseq_greedy/artifacts/r_k06_0043_d08_d10_d11_d13_d14_d15/replicate_0.all_frames.tum.txt,/home/melody/code/individual_project/channel_selection_results/step_k_unet_enc0_direct_fullseq_greedy/artifacts/r_k06_0043_d08_d10_d11_d13_d14_d15/replicate_0.keyframes.tum.txt,/home/melody/code/individual_project/channel_selection_results/step_k_unet_enc0_direct_fullseq_greedy/artifacts/r_k06_0043_d08_d10_d11_d13_d14_d15/replicate_0.log,2026-08-15T21:07:36.009554+00:00
swap_k06_0001_d00_d03_d07_d12_d13_d14,one-channel swap audit around provisional greedy endpoint,"0,3,7,12,13,14","[0, 3, 7, 12, 13, 14]",0,PASS,Completed the full matched RGB-D sequence,45.469098216999555,0,,,1305031473.1961,571,571,573,0.9965095986038395,0.13758742491614653,0.13155499241807464,0.1409672507173545,0.22990993559274492,0.04029371495576675,8.443048410744195,7.973376592013432,11.929134917152858,0.014201321017293659,0.2488210263320623,0.6053545182045694,6.877964468281361,0.10773894610626793,0.10106322349225973,1.109945540757393,0.10893253224809656,0.10195036597760375,1.1121634226745292,436,0.108782,0.101792,0.017957,571,9.504967,85.922878,0,0.897,0.993,39350.0,0.00606,11,/home/melody/code/individual_project/channel_selection_results/step_k_unet_enc0_direct_fullseq_greedy/artifacts/swap_k06_0001_d00_d03_d07_d12_d13_d14/replicate_0.all_frames.tum.txt,/home/melody/code/individual_project/channel_selection_results/step_k_unet_enc0_direct_fullseq_greedy/artifacts/swap_k06_0001_d00_d03_d07_d12_d13_d14/replicate_0.keyframes.tum.txt,/home/melody/code/individual_project/channel_selection_results/step_k_unet_enc0_direct_fullseq_greedy/artifacts/swap_k06_0001_d00_d03_d07_d12_d13_d14/replicate_0.log,2026-08-15T21:08:22.173344+00:00
swap_k06_0002_d01_d03_d07_d12_d13_d14,one-channel swap audit around provisional greedy endpoint,"1,3,7,12,13,14","[1, 3, 7, 12, 13, 14]",0,PASS,Completed the full matched RGB-D sequence,45.76147079501243,0,,,1305031473.1961,571,571,573,0.9965095986038395,0.17936661379714705,0.16791093355812414,0.1555972934619209,0.3307827246170865,0.0630737705920148,8.59967462762367,8.3371581989374,14.364372590133081,0.0119446206740519,0.19092838150468439,0.78841061374102,12.490842636267052,0.17056175770043114,0.15640812354836342,1.0695405880050532,0.16677069030848765,0.15281996392381905,1.079201016601127,430,0.166889,0.153,0.015285,571,9.215445,73.6625065,0,0.882,0.993,90520.0,0.007569,18,/home/melody/code/individual_project/channel_selection_results/step_k_unet_enc0_direct_fullseq_greedy/artifacts/swap_k06_0002_d01_d03_d07_d12_d13_d14/replicate_0.all_frames.tum.txt,/home/melody/code/individual_project/channel_selection_results/step_k_unet_enc0_direct_fullseq_greedy/artifacts/swap_k06_0002_d01_d03_d07_d12_d13_d14/replicate_0.keyframes.tum.txt,/home/melody/code/individual_project/channel_selection_results/step_k_unet_enc0_direct_fullseq_greedy/artifacts/swap_k06_0002_d01_d03_d07_d12_d13_d14/replicate_0.log,2026-08-15T21:09:08.619366+00:00
swap_k06_0003_d03_d04_d07_d12_d13_d14,one-channel swap audit around provisional greedy endpoint,"3,4,7,12,13,14","[3, 4, 7, 12, 13, 14]",0,PASS,Completed the full matched RGB-D sequence,45.647860543991555,0,,,1305031473.1961,571,571,573,0.9965095986038395,0.14481910517675659,0.14031692882531122,0.1340609996011343,0.21811077701751577,0.035829215861207867,9.240078823517408,8.544001954066069,14.5029302573571,0.009996209199066101,0.08515212195191503,0.7395778965335804,10.375187405846978,0.11760924661167535,0.11042951165945555,1.1086012316495244,0.11952246667142151,0.11323793952515705,1.1109826367749491,435,0.119372,0.113089,0.011987,571,8.816329,61.9964965,0,0.899,0.992,75190.0,0.007641,19,/home/melody/code/individual_project/channel_selection_results/step_k_unet_enc0_direct_fullseq_greedy/artifacts/swap_k06_0003_d03_d04_d07_d12_d13_d14/replicate_0.all_frames.tum.txt,/home/melody/code/individual_project/channel_selection_results/step_k_unet_enc0_direct_fullseq_greedy/artifacts/swap_k06_0003_d03_d04_d07_d12_d13_d14/replicate_0.keyframes.tum.txt,/home/melody/code/individual_project/channel_selection_results/step_k_unet_enc0_direct_fullseq_greedy/artifacts/swap_k06_0003_d03_d04_d07_d12_d13_d14/replicate_0.log,2026-08-15T21:09:54.941271+00:00
swap_k06_0004_d03_d05_d07_d12_d13_d14,one-channel swap audit around provisional greedy endpoint,"3,5,7,12,13,14","[3, 5, 7, 12, 13, 14]",0,PASS,Completed the full matched RGB-D sequence,45.92826604600123,0,,,1305031473.1961,571,571,573,0.9965095986038395,0.14580064020204858,0.14143126536880182,0.14419113011100587,0.24091763825032983,0.035426315917786104,8.806769231827886,8.300128799513725,13.651487232322028,0.009945439674230257,0.10023916904712915,0.732614746430213,10.862692241852468,0.1253715141791124,0.11768888333463841,1.094565135042386,0.12532217141494323,0.11816355604071191,1.0982725383474963,435,0.1252,0.118059,0.01248,571,9.863194,72.953304,0,0.898,0.992,70140.0,0.006986,12,/home/melody/code/individual_project/channel_selection_results/step_k_unet_enc0_direct_fullseq_greedy/artifacts/swap_k06_0004_d03_d05_d07_d12_d13_d14/replicate_0.all_frames.tum.txt,/home/melody/code/individual_project/channel_selection_results/step_k_unet_enc0_direct_fullseq_greedy/artifacts/swap_k06_0004_d03_d05_d07_d12_d13_d14/replicate_0.keyframes.tum.txt,/home/melody/code/individual_project/channel_selection_results/step_k_unet_enc0_direct_fullseq_greedy/artifacts/swap_k06_0004_d03_d05_d07_d12_d13_d14/replicate_0.log,2026-08-15T21:10:41.550310+00:00
swap_k06_0005_d03_d06_d07_d12_d13_d14,one-channel swap audit around provisional greedy endpoint,"3,6,7,12,13,14","[3, 6, 7, 12, 13, 14]",0,PASS,Completed the full matched RGB-D sequence,45.479234356986126,0,,,1305031473.1961,571,571,573,0.9965095986038395,0.13516438792177402,0.12475046955343527,0.11149314145372739,0.28175334378372036,0.052026263641215174,8.11408151626536,7.921222770921547,11.123788566184738,0.014284609154113333,0.207958226001646,0.7127942271393592,10.508979437293688,0.11660000413859697,0.10903234561927808,1.0860625403106423,0.11303718701905188,0.10532582151470783,1.0894950840027195,434,0.113062,0.10538,0.018461,571,10.391618,91.633831,0,0.897,0.992,34900.0,0.002656,7,/home/melody/code/individual_project/channel_selection_results/step_k_unet_enc0_direct_fullseq_greedy/artifacts/swap_k06_0005_d03_d06_d07_d12_d13_d14/replicate_0.all_frames.tum.txt,/home/melody/code/individual_project/channel_selection_results/step_k_unet_enc0_direct_fullseq_greedy/artifacts/swap_k06_0005_d03_d06_d07_d12_d13_d14/replicate_0.keyframes.tum.txt,/home/melody/code/individual_project/channel_selection_results/step_k_unet_enc0_direct_fullseq_greedy/artifacts/swap_k06_0005_d03_d06_d07_d12_d13_d14/replicate_0.log,2026-08-15T21:11:27.702397+00:00
swap_k06_0006_d03_d07_d08_d12_d13_d14,one-channel swap audit around provisional greedy endpoint,"3,7,8,12,13,14","[3, 7, 8, 12, 13, 14]",0,PASS,Completed the full matched RGB-D sequence,45.43458274799923,0,,,1305031473.1961,571,571,573,0.9965095986038395,0.1420553938896036,0.13754186378026506,0.14359264762269058,0.197655409210433,0.03552422611375839,9.011582493795023,8.378719235572204,12.855264168893928,0.01467769145436283,0.2632318486050986,0.7333185597374914,11.376799072847898,0.11750188467105886,0.10850413742365116,1.1019840381590054,0.11985776729625718,0.11046290736782466,1.1009403506504931,430,0.1197,0.110291,0.018845,571,10.662692,93.472336,0,0.896,0.993,27410.0,0.004346,8,/home/melody/code/individual_project/channel_selection_results/step_k_unet_enc0_direct_fullseq_greedy/artifacts/swap_k06_0006_d03_d07_d08_d12_d13_d14/replicate_0.all_frames.tum.txt,/home/melody/code/individual_project/channel_selection_results/step_k_unet_enc0_direct_fullseq_greedy/artifacts/swap_k06_0006_d03_d07_d08_d12_d13_d14/replicate_0.keyframes.tum.txt,/home/melody/code/individual_project/channel_selection_results/step_k_unet_enc0_direct_fullseq_greedy/artifacts/swap_k06_0006_d03_d07_d08_d12_d13_d14/replicate_0.log,2026-08-15T21:12:13.818769+00:00
swap_k06_0007_d03_d07_d09_d12_d13_d14,one-channel swap audit around provisional greedy endpoint,"3,7,9,12,13,14","[3, 7, 9, 12, 13, 14]",0,PASS,Completed the full matched RGB-D sequence,45.24205678200815,0,,,1305031473.1961,571,571,573,0.9965095986038395,0.14812567202993782,0.14343168529382846,0.14610930864027852,0.2154305777605368,0.03699413964525802,9.625976658029836,9.011504355703671,14.362934728805053,0.011749344483050183,0.180228633149219,0.6241228665411602,8.278405027420924,0.12272201748944954,0.11488228641876047,1.1064897553779767,0.12544610531435338,0.11821101017482498,1.1087310033836786,430,0.125304,0.118088,0.014305,571,9.946615,60.70204150000001,0,0.897,0.993,110200.0,0.004064,7,/home/melody/code/individual_project/channel_selection_results/step_k_unet_enc0_direct_fullseq_greedy/artifacts/swap_k06_0007_d03_d07_d09_d12_d13_d14/replicate_0.all_frames.tum.txt,/home/melody/code/individual_project/channel_selection_results/step_k_unet_enc0_direct_fullseq_greedy/artifacts/swap_k06_0007_d03_d07_d09_d12_d13_d14/replicate_0.keyframes.tum.txt,/home/melody/code/individual_project/channel_selection_results/step_k_unet_enc0_direct_fullseq_greedy/artifacts/swap_k06_0007_d03_d07_d09_d12_d13_d14/replicate_0.log,2026-08-15T21:12:59.726625+00:00
swap_k06_0008_d03_d07_d10_d12_d13_d14,one-channel swap audit around provisional greedy endpoint,"3,7,10,12,13,14","[3, 7, 10, 12, 13, 14]",0,PASS,Completed the full matched RGB-D sequence,44.41732177599624,0,,,1305031473.1961,571,571,573,0.9965095986038395,0.17774827537879526,0.16584589534858232,0.1598805788836931,0.36273587339813906,0.06394988972752894,9.96383665913054,9.743055533557326,13.165853695318134,0.009978156988997325,0.07839043291194518,0.6632875606147475,7.531968572154289,0.17110433951286813,0.156448907012149,1.0597711219517443,0.16812320031938655,0.15261208753133862,1.067902697156069,434,0.168205,0.152772,0.012952,571,9.138304,62.758390500000004,0,0.872,0.992,15030.0,0.002946,0,/home/melody/code/individual_project/channel_selection_results/step_k_unet_enc0_direct_fullseq_greedy/artifacts/swap_k06_0008_d03_d07_d10_d12_d13_d14/replicate_0.all_frames.tum.txt,/home/melody/code/individual_project/channel_selection_results/step_k_unet_enc0_direct_fullseq_greedy/artifacts/swap_k06_0008_d03_d07_d10_d12_d13_d14/replicate_0.keyframes.tum.txt,/home/melody/code/individual_project/channel_selection_results/step_k_unet_enc0_direct_fullseq_greedy/artifacts/swap_k06_0008_d03_d07_d10_d12_d13_d14/replicate_0.log,2026-08-15T21:13:44.831246+00:00
swap_k06_0009_d03_d07_d11_d12_d13_d14,one-channel swap audit around provisional greedy endpoint,"3,7,11,12,13,14","[3, 7, 11, 12, 13, 14]",0,PASS,Completed the full matched RGB-D sequence,45.60190875901026,0,,,1305031473.1961,571,571,573,0.9965095986038395,0.12172653651853074,0.11666043192771323,0.11602008199393721,0.1936955657257545,0.034751882182647124,8.307653854029974,7.594629278549567,12.906510585844366,0.01611993091253981,0.28643331497118873,0.7476041885094573,10.139911002682988,0.10060348591114465,0.09201390497288864,1.0860687080399665,0.1027686650599317,0.09349215450363553,1.0838112520714633,433,0.102605,0.093288,0.02014,571,8.970008,75.727711,0,0.896,0.993,49150.0,0.007295,14,/home/melody/code/individual_project/channel_selection_results/step_k_unet_enc0_direct_fullseq_greedy/artifacts/swap_k06_0009_d03_d07_d11_d12_d13_d14/replicate_0.all_frames.tum.txt,/home/melody/code/individual_project/channel_selection_results/step_k_unet_enc0_direct_fullseq_greedy/artifacts/swap_k06_0009_d03_d07_d11_d12_d13_d14/replicate_0.keyframes.tum.txt,/home/melody/code/individual_project/channel_selection_results/step_k_unet_enc0_direct_fullseq_greedy/artifacts/swap_k06_0009_d03_d07_d11_d12_d13_d14/replicate_0.log,2026-08-15T21:14:31.103160+00:00
swap_k06_0010_d03_d07_d12_d13_d14_d15,one-channel swap audit around provisional greedy endpoint,"3,7,12,13,14,15","[3, 7, 12, 13, 14, 15]",0,PASS,Completed the full matched RGB-D sequence,45.766020245995605,0,,,1305031473.1961,571,571,573,0.9965095986038395,0.14564171755697716,0.14043328853428383,0.14438883339038336,0.24161544450097897,0.03860053580447932,9.06752034787153,8.621685354213232,12.32582140685121,0.015313669605159468,0.28355261661462755,0.7899715279333885,11.282236053558652,0.12699670712539426,0.1166026674495805,1.090253570998217,0.12841474742502024,0.11838019833787335,1.090465985424598,431,0.128297,0.11826,0.019442,571,10.257957,87.64499649999999,0,0.898,0.993,30790.0,0.002607,8,/home/melody/code/individual_project/channel_selection_results/step_k_unet_enc0_direct_fullseq_greedy/artifacts/swap_k06_0010_d03_d07_d12_d13_d14_d15/replicate_0.all_frames.tum.txt,/home/melody/code/individual_project/channel_selection_results/step_k_unet_enc0_direct_fullseq_greedy/artifacts/swap_k06_0010_d03_d07_d12_d13_d14_d15/replicate_0.keyframes.tum.txt,/home/melody/code/individual_project/channel_selection_results/step_k_unet_enc0_direct_fullseq_greedy/artifacts/swap_k06_0010_d03_d07_d12_d13_d14_d15/replicate_0.log,2026-08-15T21:15:17.554560+00:00
swap_k06_0011_d00_d02_d07_d12_d13_d14,one-channel swap audit around provisional greedy endpoint,"0,2,7,12,13,14","[0, 2, 7, 12, 13, 14]",0,PASS,Completed the full matched RGB-D sequence,45.83752942499996,0,,,1305031473.1961,571,571,573,0.9965095986038395,0.147459260268323,0.1403921813716297,0.1433062949184962,0.22613712628062121,0.04510286962706987,8.739407773317039,8.389949243625985,13.272032820550368,0.011919944070765267,0.1991973973276489,0.5305094713439078,2.7659249831501227,0.11857317183269617,0.10731364328578558,1.1131407541086984,0.12255355452848388,0.11085790394443451,1.1149397597706328,431,0.122429,0.110734,0.014698,571,9.904574,76.245453,0,0.897,0.993,73210.0,0.004496,3,/home/melody/code/individual_project/channel_selection_results/step_k_unet_enc0_direct_fullseq_greedy/artifacts/swap_k06_0011_d00_d02_d07_d12_d13_d14/replicate_0.all_frames.tum.txt,/home/melody/code/individual_project/channel_selection_results/step_k_unet_enc0_direct_fullseq_greedy/artifacts/swap_k06_0011_d00_d02_d07_d12_d13_d14/replicate_0.keyframes.tum.txt,/home/melody/code/individual_project/channel_selection_results/step_k_unet_enc0_direct_fullseq_greedy/artifacts/swap_k06_0011_d00_d02_d07_d12_d13_d14/replicate_0.log,2026-08-15T21:16:04.067877+00:00
swap_k06_0012_d01_d02_d07_d12_d13_d14,one-channel swap audit around provisional greedy endpoint,"1,2,7,12,13,14","[1, 2, 7, 12, 13, 14]",0,PASS,Completed the full matched RGB-D sequence,46.21886006600107,0,,,1305031473.1961,571,571,573,0.9965095986038395,0.17829629166957903,0.16713759768595496,0.16098512699103892,0.35906094549463025,0.06208535304636248,8.650470161161431,8.404114880022266,12.94853538771849,0.01060154867840892,0.14344591891556918,0.7604184104542506,11.70230761191117,0.15873630898174668,0.14575623687611963,1.1047935526109058,0.15696640803688577,0.14412337001097023,1.1137368323368817,430,0.156946,0.144139,0.013422,571,9.619083,71.989597,0,0.899,0.993,229000.0,0.00553,19,/home/melody/code/individual_project/channel_selection_results/step_k_unet_enc0_direct_fullseq_greedy/artifacts/swap_k06_0012_d01_d02_d07_d12_d13_d14/replicate_0.all_frames.tum.txt,/home/melody/code/individual_project/channel_selection_results/step_k_unet_enc0_direct_fullseq_greedy/artifacts/swap_k06_0012_d01_d02_d07_d12_d13_d14/replicate_0.keyframes.tum.txt,/home/melody/code/individual_project/channel_selection_results/step_k_unet_enc0_direct_fullseq_greedy/artifacts/swap_k06_0012_d01_d02_d07_d12_d13_d14/replicate_0.log,2026-08-15T21:16:50.973835+00:00
swap_k06_0013_d02_d04_d07_d12_d13_d14,one-channel swap audit around provisional greedy endpoint,"2,4,7,12,13,14","[2, 4, 7, 12, 13, 14]",0,PASS,Completed the full matched RGB-D sequence,45.8835272060096,0,,,1305031473.1961,571,571,573,0.9965095986038395,0.18436221994439128,0.17303785956770296,0.1673911380853918,0.2909154822557272,0.0636186081194175,9.386342804527002,8.964193361048842,14.693814082684728,0.014674305854495492,0.28259264707559545,0.6826573510618077,9.583134421803905,0.1727392625216026,0.15481340384819586,1.081669918214433,0.1762513488329628,0.15873164985107543,1.0822981846567332,435,0.176146,0.158674,0.018135,571,9.199234,57.2663975,0,0.899,0.992,156200.0,0.004846,17,/home/melody/code/individual_project/channel_selection_results/step_k_unet_enc0_direct_fullseq_greedy/artifacts/swap_k06_0013_d02_d04_d07_d12_d13_d14/replicate_0.all_frames.tum.txt,/home/melody/code/individual_project/channel_selection_results/step_k_unet_enc0_direct_fullseq_greedy/artifacts/swap_k06_0013_d02_d04_d07_d12_d13_d14/replicate_0.keyframes.tum.txt,/home/melody/code/individual_project/channel_selection_results/step_k_unet_enc0_direct_fullseq_greedy/artifacts/swap_k06_0013_d02_d04_d07_d12_d13_d14/replicate_0.log,2026-08-15T21:17:37.529963+00:00
swap_k06_0014_d02_d05_d07_d12_d13_d14,one-channel swap audit around provisional greedy endpoint,"2,5,7,12,13,14","[2, 5, 7, 12, 13, 14]",0,PASS,Completed the full matched RGB-D sequence,46.39455323500442,0,,,1305031473.1961,571,571,573,0.9965095986038395,0.1587038863667431,0.15144891701730753,0.1425863497117073,0.30238937670963606,0.04743573634078854,8.484672771392432,8.12068277690807,13.27856944307705,0.009728967941603111,0.1004828600702226,0.718955859215999,10.381948313540281,0.1395225686382768,0.1285419912039996,1.0965085596608972,0.1389763960111593,0.1289751191902213,1.103579079659308,431,0.138889,0.128902,0.012212,571,10.310194,61.175499,0,0.898,0.992,164700.0,0.0062,19,/home/melody/code/individual_project/channel_selection_results/step_k_unet_enc0_direct_fullseq_greedy/artifacts/swap_k06_0014_d02_d05_d07_d12_d13_d14/replicate_0.all_frames.tum.txt,/home/melody/code/individual_project/channel_selection_results/step_k_unet_enc0_direct_fullseq_greedy/artifacts/swap_k06_0014_d02_d05_d07_d12_d13_d14/replicate_0.keyframes.tum.txt,/home/melody/code/individual_project/channel_selection_results/step_k_unet_enc0_direct_fullseq_greedy/artifacts/swap_k06_0014_d02_d05_d07_d12_d13_d14/replicate_0.log,2026-08-15T21:18:24.594759+00:00
swap_k06_0015_d02_d06_d07_d12_d13_d14,one-channel swap audit around provisional greedy endpoint,"2,6,7,12,13,14","[2, 6, 7, 12, 13, 14]",0,PASS,Completed the full matched RGB-D sequence,46.097023376991274,0,,,1305031473.1961,571,571,573,0.9965095986038395,0.12468421437974593,0.11660258960870286,0.12137118380145957,0.19815364696209137,0.044158684446424144,8.172881991112437,7.867781915271985,12.02552155235052,0.012241861092748687,0.20699164702524062,0.5415445978944677,2.630825595013207,0.10059852299039021,0.09080334677104371,1.0931150092730275,0.103485934735861,0.09257955240277234,1.0937363205598256,431,0.103399,0.09248,0.015953,571,10.908614,78.075775,0,0.898,0.993,62730.0,0.005766,3,/home/melody/code/individual_project/channel_selection_results/step_k_unet_enc0_direct_fullseq_greedy/artifacts/swap_k06_0015_d02_d06_d07_d12_d13_d14/replicate_0.all_frames.tum.txt,/home/melody/code/individual_project/channel_selection_results/step_k_unet_enc0_direct_fullseq_greedy/artifacts/swap_k06_0015_d02_d06_d07_d12_d13_d14/replicate_0.keyframes.tum.txt,/home/melody/code/individual_project/channel_selection_results/step_k_unet_enc0_direct_fullseq_greedy/artifacts/swap_k06_0015_d02_d06_d07_d12_d13_d14/replicate_0.log,2026-08-15T21:19:11.375356+00:00
swap_k06_0016_d02_d07_d08_d12_d13_d14,one-channel swap audit around provisional greedy endpoint,"2,7,8,12,13,14","[2, 7, 8, 12, 13, 14]",0,PASS,Completed the full matched RGB-D sequence,45.85859466600232,0,,,1305031473.1961,571,571,573,0.9965095986038395,0.17022276878964368,0.1648034203469423,0.17614718250152595,0.27728208785767694,0.04261013560599809,9.769175781879825,9.399311783047354,13.613821187223522,0.013288160536926944,0.22565577128428058,0.7088559052613145,10.872121324780576,0.14886041783307283,0.13671521470469086,1.1065035589842642,0.14889051506062237,0.13729416670785366,1.1081088513103698,431,0.14878,0.1372,0.016946,571,11.167925,86.079468,0,0.897,0.993,48280.0,0.004915,11,/home/melody/code/individual_project/channel_selection_results/step_k_unet_enc0_direct_fullseq_greedy/artifacts/swap_k06_0016_d02_d07_d08_d12_d13_d14/replicate_0.all_frames.tum.txt,/home/melody/code/individual_project/channel_selection_results/step_k_unet_enc0_direct_fullseq_greedy/artifacts/swap_k06_0016_d02_d07_d08_d12_d13_d14/replicate_0.keyframes.tum.txt,/home/melody/code/individual_project/channel_selection_results/step_k_unet_enc0_direct_fullseq_greedy/artifacts/swap_k06_0016_d02_d07_d08_d12_d13_d14/replicate_0.log,2026-08-15T21:19:57.898926+00:00
swap_k06_0017_d02_d07_d09_d12_d13_d14,one-channel swap audit around provisional greedy endpoint,"2,7,9,12,13,14","[2, 7, 9, 12, 13, 14]",0,PASS,Completed the full matched RGB-D sequence,45.50016094800958,0,,,1305031473.1961,571,571,573,0.9965095986038395,0.13921273745127638,0.13245127305796006,0.1352839915802565,0.22216300124049018,0.04285844763875279,8.626960620047335,8.254797273711239,12.977142105645548,0.01152442949058716,0.18980323912793956,0.530218085942453,3.4540886574586316,0.11238899706338777,0.10167529727610512,1.1051685186773048,0.11540627094364056,0.10419057174194683,1.1063908371757247,431,0.115307,0.10409,0.014542,571,10.481573,59.9059565,0,0.899,0.993,106000.0,0.008093,3,/home/melody/code/individual_project/channel_selection_results/step_k_unet_enc0_direct_fullseq_greedy/artifacts/swap_k06_0017_d02_d07_d09_d12_d13_d14/replicate_0.all_frames.tum.txt,/home/melody/code/individual_project/channel_selection_results/step_k_unet_enc0_direct_fullseq_greedy/artifacts/swap_k06_0017_d02_d07_d09_d12_d13_d14/replicate_0.keyframes.tum.txt,/home/melody/code/individual_project/channel_selection_results/step_k_unet_enc0_direct_fullseq_greedy/artifacts/swap_k06_0017_d02_d07_d09_d12_d13_d14/replicate_0.log,2026-08-15T21:20:44.079337+00:00
swap_k06_0018_d02_d07_d10_d12_d13_d14,one-channel swap audit around provisional greedy endpoint,"2,7,10,12,13,14","[2, 7, 10, 12, 13, 14]",0,PASS,Completed the full matched RGB-D sequence,44.69745340698864,0,,,1305031473.1961,571,571,573,0.9965095986038395,0.1393589061546044,0.13630742780818086,0.1358611799494111,0.23343553182589438,0.029003273072627414,8.116354565844501,7.8351078793061095,12.030609502100209,0.00837793432995326,0.035182846141223856,0.5033706668291054,1.9764564402600118,0.1122821488791252,0.10617510841849524,1.105722922764247,0.11070567968420282,0.10481810857582331,1.1099817823967937,435,0.110655,0.104778,0.010065,571,9.514624,64.969387,0,0.872,0.992,14190.0,0.002306,0,/home/melody/code/individual_project/channel_selection_results/step_k_unet_enc0_direct_fullseq_greedy/artifacts/swap_k06_0018_d02_d07_d10_d12_d13_d14/replicate_0.all_frames.tum.txt,/home/melody/code/individual_project/channel_selection_results/step_k_unet_enc0_direct_fullseq_greedy/artifacts/swap_k06_0018_d02_d07_d10_d12_d13_d14/replicate_0.keyframes.tum.txt,/home/melody/code/individual_project/channel_selection_results/step_k_unet_enc0_direct_fullseq_greedy/artifacts/swap_k06_0018_d02_d07_d10_d12_d13_d14/replicate_0.log,2026-08-15T21:21:29.468592+00:00
swap_k06_0019_d02_d07_d11_d12_d13_d14,one-channel swap audit around provisional greedy endpoint,"2,7,11,12,13,14","[2, 7, 11, 12, 13, 14]",0,PASS,Completed the full matched RGB-D sequence,44.83804140599386,0,,,1305031473.1961,571,571,573,0.9965095986038395,0.1391249924368196,0.1339224862663771,0.1429181936466213,0.2020684955850425,0.03768993490014477,8.617325612656366,8.10709007153233,12.297501744249596,0.01457258552524599,0.2631041246366463,0.7092380078944823,10.270083985521262,0.11783755138671394,0.10788002418680188,1.093785421410303,0.12034197605320857,0.11032964601895741,1.0940515881660782,431,0.120214,0.110196,0.018454,571,9.413346,70.821789,0,0.897,0.993,129800.0,0.006047,11,/home/melody/code/individual_project/channel_selection_results/step_k_unet_enc0_direct_fullseq_greedy/artifacts/swap_k06_0019_d02_d07_d11_d12_d13_d14/replicate_0.all_frames.tum.txt,/home/melody/code/individual_project/channel_selection_results/step_k_unet_enc0_direct_fullseq_greedy/artifacts/swap_k06_0019_d02_d07_d11_d12_d13_d14/replicate_0.keyframes.tum.txt,/home/melody/code/individual_project/channel_selection_results/step_k_unet_enc0_direct_fullseq_greedy/artifacts/swap_k06_0019_d02_d07_d11_d12_d13_d14/replicate_0.log,2026-08-15T21:22:14.988198+00:00
swap_k06_0020_d02_d07_d12_d13_d14_d15,one-channel swap audit around provisional greedy endpoint,"2,7,12,13,14,15","[2, 7, 12, 13, 14, 15]",0,PASS,Completed the full matched RGB-D sequence,44.56652677600505,0,,,1305031473.1961,571,571,573,0.9965095986038395,0.16415813129570522,0.1554765123835224,0.15753046937682624,0.3070563954349662,0.05267775780682391,9.32217345445431,8.76699069765284,16.19260065132435,0.010653127211013995,0.10864327803271284,0.7787500221206529,10.791298732736038,0.14380900228948953,0.1363290691597106,1.1015624456739972,0.1410488634347222,0.13523875150643525,1.1095255537595439,430,0.141055,0.135282,0.014608,571,10.646531,78.81625,0,0.905,0.993,49980.0,0.007202,16,/home/melody/code/individual_project/channel_selection_results/step_k_unet_enc0_direct_fullseq_greedy/artifacts/swap_k06_0020_d02_d07_d12_d13_d14_d15/replicate_0.all_frames.tum.txt,/home/melody/code/individual_project/channel_selection_results/step_k_unet_enc0_direct_fullseq_greedy/artifacts/swap_k06_0020_d02_d07_d12_d13_d14_d15/replicate_0.keyframes.tum.txt,/home/melody/code/individual_project/channel_selection_results/step_k_unet_enc0_direct_fullseq_greedy/artifacts/swap_k06_0020_d02_d07_d12_d13_d14_d15/replicate_0.log,2026-08-15T21:23:00.203647+00:00
swap_k06_0021_d00_d02_d03_d12_d13_d14,one-channel swap audit around provisional greedy endpoint,"0,2,3,12,13,14","[0, 2, 3, 12, 13, 14]",0,PASS,Completed the full matched RGB-D sequence,44.33734229800757,0,,,1305031473.1961,571,571,573,0.9965095986038395,0.13296987043644978,0.12762861168665673,0.1284450557167608,0.20680708289672414,0.037308496657233875,9.596472661614296,9.456524207746236,12.706710768257492,0.01077935081221049,0.14858745963143644,0.53813787279247,3.461265000050738,0.10827189071754394,0.10367178545806018,1.0981263145636722,0.10455232335620482,0.09889510159971446,1.1044020082803088,434,0.104495,0.098837,0.013901,571,9.714996,77.42204699999999,0,0.898,0.992,21820.0,0.01299,0,/home/melody/code/individual_project/channel_selection_results/step_k_unet_enc0_direct_fullseq_greedy/artifacts/swap_k06_0021_d00_d02_d03_d12_d13_d14/replicate_0.all_frames.tum.txt,/home/melody/code/individual_project/channel_selection_results/step_k_unet_enc0_direct_fullseq_greedy/artifacts/swap_k06_0021_d00_d02_d03_d12_d13_d14/replicate_0.keyframes.tum.txt,/home/melody/code/individual_project/channel_selection_results/step_k_unet_enc0_direct_fullseq_greedy/artifacts/swap_k06_0021_d00_d02_d03_d12_d13_d14/replicate_0.log,2026-08-15T21:23:45.212755+00:00
swap_k06_0023_d02_d03_d04_d12_d13_d14,one-channel swap audit around provisional greedy endpoint,"2,3,4,12,13,14","[2, 3, 4, 12, 13, 14]",0,PASS,Completed the full matched RGB-D sequence,44.393350323007326,0,,,1305031473.1961,571,571,573,0.9965095986038395,0.14001107828431056,0.12898470451061142,0.13272611102789822,0.23636510928824903,0.054461436307221986,8.91552412493845,8.398610663958518,13.462462342983567,0.014044921299644133,0.26545749467523305,0.5780729504230908,5.900422481345322,0.12406191219827005,0.10823175765466785,1.0814485364892772,0.12927933651756116,0.11293839858691213,1.079061618141043,434,0.129069,0.112715,0.017465,571,9.086962,64.8180655,0,0.899,0.993,31120.0,0.00423,3,/home/melody/code/individual_project/channel_selection_results/step_k_unet_enc0_direct_fullseq_greedy/artifacts/swap_k06_0023_d02_d03_d04_d12_d13_d14/replicate_0.all_frames.tum.txt,/home/melody/code/individual_project/channel_selection_results/step_k_unet_enc0_direct_fullseq_greedy/artifacts/swap_k06_0023_d02_d03_d04_d12_d13_d14/replicate_0.keyframes.tum.txt,/home/melody/code/individual_project/channel_selection_results/step_k_unet_enc0_direct_fullseq_greedy/artifacts/swap_k06_0023_d02_d03_d04_d12_d13_d14/replicate_0.log,2026-08-15T21:24:30.292377+00:00
swap_k06_0024_d02_d03_d05_d12_d13_d14,one-channel swap audit around provisional greedy endpoint,"2,3,5,12,13,14","[2, 3, 5, 12, 13, 14]",0,PASS,Completed the full matched RGB-D sequence,44.454846275999444,0,,,1305031473.1961,571,571,573,0.9965095986038395,0.14413446332385674,0.1358032185057462,0.1359962705952235,0.28963749808040784,0.04829316060413477,8.5638315533424,8.32857255851029,12.05650804364719,0.010781973330513431,0.12451814067590349,0.6568159170460494,9.504555915673532,0.1255140658546931,0.11711062392691672,1.089623617721191,0.12326545538588037,0.1148724218751515,1.0969937525504814,434,0.123247,0.114883,0.013502,571,10.18435,65.2580145,0,0.899,0.992,49290.0,0.010402,11,/home/melody/code/individual_project/channel_selection_results/step_k_unet_enc0_direct_fullseq_greedy/artifacts/swap_k06_0024_d02_d03_d05_d12_d13_d14/replicate_0.all_frames.tum.txt,/home/melody/code/individual_project/channel_selection_results/step_k_unet_enc0_direct_fullseq_greedy/artifacts/swap_k06_0024_d02_d03_d05_d12_d13_d14/replicate_0.keyframes.tum.txt,/home/melody/code/individual_project/channel_selection_results/step_k_unet_enc0_direct_fullseq_greedy/artifacts/swap_k06_0024_d02_d03_d05_d12_d13_d14/replicate_0.log,2026-08-15T21:25:15.415257+00:00
swap_k06_0025_d02_d03_d06_d12_d13_d14,one-channel swap audit around provisional greedy endpoint,"2,3,6,12,13,14","[2, 3, 6, 12, 13, 14]",0,PASS,Completed the full matched RGB-D sequence,44.241728771012276,0,,,1305031473.1961,571,571,573,0.9965095986038395,0.1525102827358695,0.1438905317696424,0.13897791399643306,0.30695629474044855,0.05054603057831933,9.745474622413774,9.590976819353214,13.324507059681931,0.011002864552772227,0.12792795777154928,0.6786478720208527,10.140452243785223,0.1335820746034013,0.1227439681044306,1.0935423879122386,0.1307716795350561,0.11975867739842694,1.1006816502934307,431,0.130744,0.119756,0.013934,571,10.691054,77.385441,0,0.898,0.992,22080.0,0.004122,6,/home/melody/code/individual_project/channel_selection_results/step_k_unet_enc0_direct_fullseq_greedy/artifacts/swap_k06_0025_d02_d03_d06_d12_d13_d14/replicate_0.all_frames.tum.txt,/home/melody/code/individual_project/channel_selection_results/step_k_unet_enc0_direct_fullseq_greedy/artifacts/swap_k06_0025_d02_d03_d06_d12_d13_d14/replicate_0.keyframes.tum.txt,/home/melody/code/individual_project/channel_selection_results/step_k_unet_enc0_direct_fullseq_greedy/artifacts/swap_k06_0025_d02_d03_d06_d12_d13_d14/replicate_0.log,2026-08-15T21:26:00.329440+00:00
swap_k06_0026_d02_d03_d08_d12_d13_d14,one-channel swap audit around provisional greedy endpoint,"2,3,8,12,13,14","[2, 3, 8, 12, 13, 14]",0,PASS,Completed the full matched RGB-D sequence,44.284598084996105,0,,,1305031473.1961,571,571,573,0.9965095986038395,0.1511375397463228,0.14779392608670633,0.14723810548284327,0.22501464663800236,0.03161504914512228,10.4149142716864,9.86036699978837,14.965604515675519,0.010962643852675667,0.11141790769248391,0.6875206318883815,8.905252247244585,0.12543517556769496,0.12062038799283546,1.1084844459502512,0.12653622801208098,0.12229477278095587,1.109240205617756,435,0.126395,0.122162,0.013804,571,10.944604,75.3325005,0,0.897,0.992,19840.0,0.003245,0,/home/melody/code/individual_project/channel_selection_results/step_k_unet_enc0_direct_fullseq_greedy/artifacts/swap_k06_0026_d02_d03_d08_d12_d13_d14/replicate_0.all_frames.tum.txt,/home/melody/code/individual_project/channel_selection_results/step_k_unet_enc0_direct_fullseq_greedy/artifacts/swap_k06_0026_d02_d03_d08_d12_d13_d14/replicate_0.keyframes.tum.txt,/home/melody/code/individual_project/channel_selection_results/step_k_unet_enc0_direct_fullseq_greedy/artifacts/swap_k06_0026_d02_d03_d08_d12_d13_d14/replicate_0.log,2026-08-15T21:26:45.294740+00:00
swap_k06_0027_d02_d03_d09_d12_d13_d14,one-channel swap audit around provisional greedy endpoint,"2,3,9,12,13,14","[2, 3, 9, 12, 13, 14]",0,PASS,Completed the full matched RGB-D sequence,44.21604137799295,0,,,1305031473.1961,571,571,573,0.9965095986038395,0.15251052445750746,0.1442999619797434,0.13385387964556586,0.22815073680267306,0.049365788183200296,9.925293219190547,9.54040746800196,13.091204256972704,0.0115921211944374,0.19154358335251315,0.5172346825897898,2.639665544893405,0.12621119065696254,0.11536026141984597,1.1103638670057063,0.1313947735748409,0.12165784489366842,1.1121587826048633,430,0.13122,0.121506,0.014262,571,10.269487,64.578041,0,0.898,0.992,26320.0,0.003588,3,/home/melody/code/individual_project/channel_selection_results/step_k_unet_enc0_direct_fullseq_greedy/artifacts/swap_k06_0027_d02_d03_d09_d12_d13_d14/replicate_0.all_frames.tum.txt,/home/melody/code/individual_project/channel_selection_results/step_k_unet_enc0_direct_fullseq_greedy/artifacts/swap_k06_0027_d02_d03_d09_d12_d13_d14/replicate_0.keyframes.tum.txt,/home/melody/code/individual_project/channel_selection_results/step_k_unet_enc0_direct_fullseq_greedy/artifacts/swap_k06_0027_d02_d03_d09_d12_d13_d14/replicate_0.log,2026-08-15T21:27:30.185684+00:00
swap_k06_0028_d02_d03_d10_d12_d13_d14,one-channel swap audit around provisional greedy endpoint,"2,3,10,12,13,14","[2, 3, 10, 12, 13, 14]",0,PASS,Completed the full matched RGB-D sequence,43.337841517990455,0,,,1305031473.1961,571,571,573,0.9965095986038395,0.14248865245252854,0.13423456331307373,0.1347225700837465,0.2622914478654879,0.04779223880386714,8.734812848210497,8.52931963644869,12.389817566962401,0.012169374995462418,0.19310017766352658,0.5825321308927831,5.26080285715572,0.12053735122516754,0.11352901436352399,1.096647592316059,0.12089184436879692,0.11358307104819575,1.1004187937945553,431,0.120815,0.113518,0.015736,571,9.389986,69.8454665,0,0.898,0.992,12910.0,0.002665,0,/home/melody/code/individual_project/channel_selection_results/step_k_unet_enc0_direct_fullseq_greedy/artifacts/swap_k06_0028_d02_d03_d10_d12_d13_d14/replicate_0.all_frames.tum.txt,/home/melody/code/individual_project/channel_selection_results/step_k_unet_enc0_direct_fullseq_greedy/artifacts/swap_k06_0028_d02_d03_d10_d12_d13_d14/replicate_0.keyframes.tum.txt,/home/melody/code/individual_project/channel_selection_results/step_k_unet_enc0_direct_fullseq_greedy/artifacts/swap_k06_0028_d02_d03_d10_d12_d13_d14/replicate_0.log,2026-08-15T21:28:14.197658+00:00
swap_k06_0029_d02_d03_d11_d12_d13_d14,one-channel swap audit around provisional greedy endpoint,"2,3,11,12,13,14","[2, 3, 11, 12, 13, 14]",0,PASS,Completed the full matched RGB-D sequence,44.41125152699533,0,,,1305031473.1961,571,571,573,0.9965095986038395,0.12209010250211731,0.11485487799546594,0.11759022752463782,0.19445474332395055,0.04140471144234852,8.474229416688768,7.994908091617439,12.06631041573992,0.013276581867005408,0.23782109688780262,0.5937841511600662,4.920199039202756,0.09796490343036013,0.08769801269774694,1.091975576831103,0.10035081305565896,0.08934577885316929,1.090793430578608,435,0.100176,0.089149,0.01676,571,9.268755,73.840561,0,0.897,0.992,38030.0,0.006282,3,/home/melody/code/individual_project/channel_selection_results/step_k_unet_enc0_direct_fullseq_greedy/artifacts/swap_k06_0029_d02_d03_d11_d12_d13_d14/replicate_0.all_frames.tum.txt,/home/melody/code/individual_project/channel_selection_results/step_k_unet_enc0_direct_fullseq_greedy/artifacts/swap_k06_0029_d02_d03_d11_d12_d13_d14/replicate_0.keyframes.tum.txt,/home/melody/code/individual_project/channel_selection_results/step_k_unet_enc0_direct_fullseq_greedy/artifacts/swap_k06_0029_d02_d03_d11_d12_d13_d14/replicate_0.log,2026-08-15T21:28:59.281315+00:00
swap_k06_0030_d02_d03_d12_d13_d14_d15,one-channel swap audit around provisional greedy endpoint,"2,3,12,13,14,15","[2, 3, 12, 13, 14, 15]",0,PASS,Completed the full matched RGB-D sequence,44.05947074700089,0,,,1305031473.1961,571,571,573,0.9965095986038395,0.1418182361664182,0.13636212761884883,0.13779723831991078,0.2706240727236586,0.038958725089699144,9.046090938085593,8.68596782405589,12.409811485625893,0.012736996333620904,0.20106090350664607,0.6939388330716644,10.54119653984051,0.11518381601925114,0.10764421868301356,1.1060446436503242,0.11565209339519608,0.10901008651575396,1.1087607534018828,430,0.115521,0.108872,0.016345,571,10.479251,77.94786099999999,0,0.898,0.992,20720.0,0.007596,5,/home/melody/code/individual_project/channel_selection_results/step_k_unet_enc0_direct_fullseq_greedy/artifacts/swap_k06_0030_d02_d03_d12_d13_d14_d15/replicate_0.all_frames.tum.txt,/home/melody/code/individual_project/channel_selection_results/step_k_unet_enc0_direct_fullseq_greedy/artifacts/swap_k06_0030_d02_d03_d12_d13_d14_d15/replicate_0.keyframes.tum.txt,/home/melody/code/individual_project/channel_selection_results/step_k_unet_enc0_direct_fullseq_greedy/artifacts/swap_k06_0030_d02_d03_d12_d13_d14_d15/replicate_0.log,2026-08-15T21:29:44.016931+00:00
swap_k06_0031_d00_d02_d03_d07_d13_d14,one-channel swap audit around provisional greedy endpoint,"0,2,3,7,13,14","[0, 2, 3, 7, 13, 14]",0,PASS,Completed the full matched RGB-D sequence,44.530775858002016,0,,,1305031473.1961,571,571,573,0.9965095986038395,0.14309035285513003,0.13202335565449788,0.1418102708860237,0.2333166130623754,0.05517864298740572,8.620377870097169,8.250522508128501,14.032043213843233,0.013315068709123088,0.24137618359754753,0.5422118923467417,3.538826220112838,0.11926068344565414,0.10705320328870001,1.1009414880003896,0.12248642682380315,0.1097590189360921,1.1014781222018797,436,0.122384,0.109634,0.016823,571,9.243084,65.2315025,0,0.898,0.993,58350.0,0.003756,3,/home/melody/code/individual_project/channel_selection_results/step_k_unet_enc0_direct_fullseq_greedy/artifacts/swap_k06_0031_d00_d02_d03_d07_d13_d14/replicate_0.all_frames.tum.txt,/home/melody/code/individual_project/channel_selection_results/step_k_unet_enc0_direct_fullseq_greedy/artifacts/swap_k06_0031_d00_d02_d03_d07_d13_d14/replicate_0.keyframes.tum.txt,/home/melody/code/individual_project/channel_selection_results/step_k_unet_enc0_direct_fullseq_greedy/artifacts/swap_k06_0031_d00_d02_d03_d07_d13_d14/replicate_0.log,2026-08-15T21:30:29.208513+00:00
swap_k06_0032_d01_d02_d03_d07_d13_d14,one-channel swap audit around provisional greedy endpoint,"1,2,3,7,13,14","[1, 2, 3, 7, 13, 14]",0,PASS,Completed the full matched RGB-D sequence,45.00703909099684,0,,,1305031473.1961,571,571,573,0.9965095986038395,0.12987943213368452,0.1220620750663631,0.12855257685786378,0.21667728951221302,0.04437923750879341,8.241185229302943,7.946758427016903,13.149106797060576,0.01623866102348414,0.2850239578700543,0.8208840381870118,11.933738831452471,0.10739262131256058,0.09976638873134193,1.092357710622014,0.1087436770322776,0.1008302597605976,1.0918233843568976,435,0.108654,0.100736,0.020774,571,9.017142,56.6209755,0,0.897,0.992,92040.0,0.006704,16,/home/melody/code/individual_project/channel_selection_results/step_k_unet_enc0_direct_fullseq_greedy/artifacts/swap_k06_0032_d01_d02_d03_d07_d13_d14/replicate_0.all_frames.tum.txt,/home/melody/code/individual_project/channel_selection_results/step_k_unet_enc0_direct_fullseq_greedy/artifacts/swap_k06_0032_d01_d02_d03_d07_d13_d14/replicate_0.keyframes.tum.txt,/home/melody/code/individual_project/channel_selection_results/step_k_unet_enc0_direct_fullseq_greedy/artifacts/swap_k06_0032_d01_d02_d03_d07_d13_d14/replicate_0.log,2026-08-15T21:31:14.915767+00:00
swap_k06_0033_d02_d03_d04_d07_d13_d14,one-channel swap audit around provisional greedy endpoint,"2,3,4,7,13,14","[2, 3, 4, 7, 13, 14]",0,PASS,Completed the full matched RGB-D sequence,44.913721702992916,0,,,1305031473.1961,571,571,573,0.9965095986038395,0.09639894664865133,0.09235299978726738,0.08791846376518485,0.17540369553418098,0.027634766965952847,7.3135350002497175,6.773355209160024,11.75367631197723,0.009126032239752644,0.07421619589070422,0.6504487510346,8.508211971781526,0.06661806658687346,0.060744602443562244,1.0872752907449161,0.06571545257862108,0.0600048885390937,1.086745104006788,434,0.065493,0.059783,0.011332,571,8.636669,57.651573,0,0.899,0.993,228000.0,0.011309,10,/home/melody/code/individual_project/channel_selection_results/step_k_unet_enc0_direct_fullseq_greedy/artifacts/swap_k06_0033_d02_d03_d04_d07_d13_d14/replicate_0.all_frames.tum.txt,/home/melody/code/individual_project/channel_selection_results/step_k_unet_enc0_direct_fullseq_greedy/artifacts/swap_k06_0033_d02_d03_d04_d07_d13_d14/replicate_0.keyframes.tum.txt,/home/melody/code/individual_project/channel_selection_results/step_k_unet_enc0_direct_fullseq_greedy/artifacts/swap_k06_0033_d02_d03_d04_d07_d13_d14/replicate_0.log,2026-08-15T21:32:00.499074+00:00
swap_k06_0034_d02_d03_d05_d07_d13_d14,one-channel swap audit around provisional greedy endpoint,"2,3,5,7,13,14","[2, 3, 5, 7, 13, 14]",0,PASS,Completed the full matched RGB-D sequence,44.65976152299845,0,,,1305031473.1961,571,571,573,0.9965095986038395,0.13856033044483373,0.12864663793007863,0.1263868804244097,0.29898513166446894,0.051468511949237204,7.4268720196328575,7.091878761302868,10.717890058492676,0.009553349899756727,0.09083676217268974,0.7392717777096258,10.636770249859138,0.1219330644003854,0.11212207574752424,1.0826597569938679,0.11853594310494388,0.10903232956973369,1.0883207482527923,435,0.118505,0.10903,0.012552,571,9.757564,59.458561,0,0.898,0.993,90430.0,0.004554,19,/home/melody/code/individual_project/channel_selection_results/step_k_unet_enc0_direct_fullseq_greedy/artifacts/swap_k06_0034_d02_d03_d05_d07_d13_d14/replicate_0.all_frames.tum.txt,/home/melody/code/individual_project/channel_selection_results/step_k_unet_enc0_direct_fullseq_greedy/artifacts/swap_k06_0034_d02_d03_d05_d07_d13_d14/replicate_0.keyframes.tum.txt,/home/melody/code/individual_project/channel_selection_results/step_k_unet_enc0_direct_fullseq_greedy/artifacts/swap_k06_0034_d02_d03_d05_d07_d13_d14/replicate_0.log,2026-08-15T21:32:45.831279+00:00
swap_k06_0035_d02_d03_d06_d07_d13_d14,one-channel swap audit around provisional greedy endpoint,"2,3,6,7,13,14","[2, 3, 6, 7, 13, 14]",0,PASS,Completed the full matched RGB-D sequence,44.54453824099619,0,,,1305031473.1961,571,571,573,0.9965095986038395,0.12515828840165658,0.11911955551239706,0.11746558427564227,0.24912833776857254,0.038407403585262095,8.115037367214178,7.670586383646258,11.859104451433614,0.010063326929334525,0.10059143516101282,0.7140607485540972,9.460046433316084,0.09796208663554501,0.08843391009209291,1.0989610761367075,0.09420321912485909,0.0854574749307833,1.0998920499232134,435,0.094092,0.085337,0.013317,571,10.034248,66.089157,0,0.898,0.992,51570.0,0.002559,15,/home/melody/code/individual_project/channel_selection_results/step_k_unet_enc0_direct_fullseq_greedy/artifacts/swap_k06_0035_d02_d03_d06_d07_d13_d14/replicate_0.all_frames.tum.txt,/home/melody/code/individual_project/channel_selection_results/step_k_unet_enc0_direct_fullseq_greedy/artifacts/swap_k06_0035_d02_d03_d06_d07_d13_d14/replicate_0.keyframes.tum.txt,/home/melody/code/individual_project/channel_selection_results/step_k_unet_enc0_direct_fullseq_greedy/artifacts/swap_k06_0035_d02_d03_d06_d07_d13_d14/replicate_0.log,2026-08-15T21:33:31.043958+00:00
swap_k06_0036_d02_d03_d07_d08_d13_d14,one-channel swap audit around provisional greedy endpoint,"2,3,7,8,13,14","[2, 3, 7, 8, 13, 14]",0,PASS,Completed the full matched RGB-D sequence,44.744773362006526,0,,,1305031473.1961,571,571,573,0.9965095986038395,0.1378763215311518,0.12962487753550855,0.13327874949758994,0.2263850696539034,0.04698160451566091,8.6282873278878,8.231510606989538,12.433473408077427,0.013378777256796533,0.2414620296234757,0.559978692021647,3.537108436480535,0.11295691393715601,0.09965116469449177,1.1008223189056936,0.11664576918219419,0.10276441680112013,1.0982208663021897,431,0.116493,0.102579,0.017558,571,10.406719,67.44813149999999,0,0.897,0.993,31220.0,0.004051,3,/home/melody/code/individual_project/channel_selection_results/step_k_unet_enc0_direct_fullseq_greedy/artifacts/swap_k06_0036_d02_d03_d07_d08_d13_d14/replicate_0.all_frames.tum.txt,/home/melody/code/individual_project/channel_selection_results/step_k_unet_enc0_direct_fullseq_greedy/artifacts/swap_k06_0036_d02_d03_d07_d08_d13_d14/replicate_0.keyframes.tum.txt,/home/melody/code/individual_project/channel_selection_results/step_k_unet_enc0_direct_fullseq_greedy/artifacts/swap_k06_0036_d02_d03_d07_d08_d13_d14/replicate_0.log,2026-08-15T21:34:16.467649+00:00
swap_k06_0037_d02_d03_d07_d09_d13_d14,one-channel swap audit around provisional greedy endpoint,"2,3,7,9,13,14","[2, 3, 7, 9, 13, 14]",0,PASS,Completed the full matched RGB-D sequence,44.45201158200507,0,,,1305031473.1961,571,571,573,0.9965095986038395,0.12923982287544492,0.12448601465545965,0.12252388002505349,0.20323746026266212,0.034729871466463225,9.374606219677716,8.90491098142316,12.95262315787591,0.008745703756535583,0.047510087913438116,0.6140178918426442,6.8697627000500585,0.10005980502718906,0.09388129957323608,1.104466203552885,0.1007689865531188,0.09534285671198672,1.1071555016001917,434,0.100576,0.095165,0.011221,571,9.646611,54.317775499999996,0,0.897,0.992,3988000.0,0.008553,10,/home/melody/code/individual_project/channel_selection_results/step_k_unet_enc0_direct_fullseq_greedy/artifacts/swap_k06_0037_d02_d03_d07_d09_d13_d14/replicate_0.all_frames.tum.txt,/home/melody/code/individual_project/channel_selection_results/step_k_unet_enc0_direct_fullseq_greedy/artifacts/swap_k06_0037_d02_d03_d07_d09_d13_d14/replicate_0.keyframes.tum.txt,/home/melody/code/individual_project/channel_selection_results/step_k_unet_enc0_direct_fullseq_greedy/artifacts/swap_k06_0037_d02_d03_d07_d09_d13_d14/replicate_0.log,2026-08-15T21:35:01.604150+00:00
swap_k06_0038_d02_d03_d07_d10_d13_d14,one-channel swap audit around provisional greedy endpoint,"2,3,7,10,13,14","[2, 3, 7, 10, 13, 14]",0,PASS,Completed the full matched RGB-D sequence,43.56573828800174,0,,,1305031473.1961,571,571,573,0.9965095986038395,0.11934838444801535,0.11395759044135612,0.12065207548541972,0.21216944962443748,0.03546412907645439,8.380395093654556,8.224815834893311,10.697080692843697,0.008618687735365161,0.04398812102279404,0.5243691480294556,2.739821347656643,0.09232691640744393,0.08477335646241306,1.095728181124498,0.08619269269928939,0.07838795269040941,1.0992071991936079,435,0.086189,0.078394,0.011009,571,8.907489,58.1279505,0,0.871,0.992,14410.0,0.002425,0,/home/melody/code/individual_project/channel_selection_results/step_k_unet_enc0_direct_fullseq_greedy/artifacts/swap_k06_0038_d02_d03_d07_d10_d13_d14/replicate_0.all_frames.tum.txt,/home/melody/code/individual_project/channel_selection_results/step_k_unet_enc0_direct_fullseq_greedy/artifacts/swap_k06_0038_d02_d03_d07_d10_d13_d14/replicate_0.keyframes.tum.txt,/home/melody/code/individual_project/channel_selection_results/step_k_unet_enc0_direct_fullseq_greedy/artifacts/swap_k06_0038_d02_d03_d07_d10_d13_d14/replicate_0.log,2026-08-15T21:35:45.841580+00:00
swap_k06_0039_d02_d03_d07_d11_d13_d14,one-channel swap audit around provisional greedy endpoint,"2,3,7,11,13,14","[2, 3, 7, 11, 13, 14]",0,PASS,Completed the full matched RGB-D sequence,44.77092659199843,0,,,1305031473.1961,571,571,573,0.9965095986038395,0.15699045377324336,0.1426241071624536,0.13884515215600293,0.272665806517067,0.06560767205168772,9.413597673797588,8.835345363142679,13.422898601205436,0.0145965692913757,0.28033620802540754,0.5981808755486032,6.607046119724957,0.1444164382733105,0.12475162711783892,1.0772465711668053,0.15029830127100463,0.13146513983756095,1.0722839038910141,430,0.15012,0.131305,0.017999,571,8.866391,56.2510105,0,0.897,0.993,87540.0,0.007187,5,/home/melody/code/individual_project/channel_selection_results/step_k_unet_enc0_direct_fullseq_greedy/artifacts/swap_k06_0039_d02_d03_d07_d11_d13_d14/replicate_0.all_frames.tum.txt,/home/melody/code/individual_project/channel_selection_results/step_k_unet_enc0_direct_fullseq_greedy/artifacts/swap_k06_0039_d02_d03_d07_d11_d13_d14/replicate_0.keyframes.tum.txt,/home/melody/code/individual_project/channel_selection_results/step_k_unet_enc0_direct_fullseq_greedy/artifacts/swap_k06_0039_d02_d03_d07_d11_d13_d14/replicate_0.log,2026-08-15T21:36:31.280122+00:00
swap_k06_0040_d02_d03_d07_d13_d14_d15,one-channel swap audit around provisional greedy endpoint,"2,3,7,13,14,15","[2, 3, 7, 13, 14, 15]",0,PASS,Completed the full matched RGB-D sequence,44.31926838000072,0,,,1305031473.1961,571,571,573,0.9965095986038395,0.12384923468612519,0.11679084002482165,0.11922344634957825,0.24925929003883565,0.04121325780177331,7.959762869033487,7.550882291983101,11.371181485750812,0.01005845187739385,0.10562403760953937,0.7347684259118246,10.276243518451814,0.09843325095051361,0.0906454924262819,1.0951634635821006,0.0937888301362417,0.08687966710838652,1.097988512517127,431,0.093724,0.086827,0.013603,571,9.962921,66.4144665,0,0.898,0.993,42940.0,0.002606,13,/home/melody/code/individual_project/channel_selection_results/step_k_unet_enc0_direct_fullseq_greedy/artifacts/swap_k06_0040_d02_d03_d07_d13_d14_d15/replicate_0.all_frames.tum.txt,/home/melody/code/individual_project/channel_selection_results/step_k_unet_enc0_direct_fullseq_greedy/artifacts/swap_k06_0040_d02_d03_d07_d13_d14_d15/replicate_0.keyframes.tum.txt,/home/melody/code/individual_project/channel_selection_results/step_k_unet_enc0_direct_fullseq_greedy/artifacts/swap_k06_0040_d02_d03_d07_d13_d14_d15/replicate_0.log,2026-08-15T21:37:16.279370+00:00
swap_k06_0041_d00_d02_d03_d07_d12_d14,one-channel swap audit around provisional greedy endpoint,"0,2,3,7,12,14","[0, 2, 3, 7, 12, 14]",0,PASS,Completed the full matched RGB-D sequence,44.858011326010455,0,,,1305031473.1961,571,571,573,0.9965095986038395,0.12500556687070685,0.11713047341696924,0.10373590311817583,0.23716495563603993,0.04366742430901353,8.30689211998824,8.1337660418936,12.31554887054896,0.008924781131293628,0.046517595675012416,0.5530255162675758,3.818216986781604,0.1082525090935438,0.0987603863629047,1.078012499355411,0.10167754740344728,0.09152466387550814,1.0827136172412541,434,0.101731,0.091599,0.011962,571,9.496326,70.19439700000001,0,0.873,0.993,37790.0,0.004791,2,/home/melody/code/individual_project/channel_selection_results/step_k_unet_enc0_direct_fullseq_greedy/artifacts/swap_k06_0041_d00_d02_d03_d07_d12_d14/replicate_0.all_frames.tum.txt,/home/melody/code/individual_project/channel_selection_results/step_k_unet_enc0_direct_fullseq_greedy/artifacts/swap_k06_0041_d00_d02_d03_d07_d12_d14/replicate_0.keyframes.tum.txt,/home/melody/code/individual_project/channel_selection_results/step_k_unet_enc0_direct_fullseq_greedy/artifacts/swap_k06_0041_d00_d02_d03_d07_d12_d14/replicate_0.log,2026-08-15T21:38:01.808249+00:00
swap_k06_0043_d02_d03_d04_d07_d12_d14,one-channel swap audit around provisional greedy endpoint,"2,3,4,7,12,14","[2, 3, 4, 7, 12, 14]",0,PASS,Completed the full matched RGB-D sequence,44.57335993900779,0,,,1305031473.1961,571,571,573,0.9965095986038395,0.12033036459726282,0.112155260656112,0.11784056818389718,0.19760911764655814,0.043595804285157684,7.90404888370189,7.588149493586962,12.072744631442612,0.012289257445319312,0.21110473513141803,0.5486380139962796,2.727963419542209,0.10063382961373256,0.09052936493827339,1.0825909869439136,0.10184949009750907,0.09074326538277769,1.0856526421231596,435,0.101737,0.09061,0.015816,571,8.855289,52.528763,0,0.899,0.993,66780.0,0.00439,2,/home/melody/code/individual_project/channel_selection_results/step_k_unet_enc0_direct_fullseq_greedy/artifacts/swap_k06_0043_d02_d03_d04_d07_d12_d14/replicate_0.all_frames.tum.txt,/home/melody/code/individual_project/channel_selection_results/step_k_unet_enc0_direct_fullseq_greedy/artifacts/swap_k06_0043_d02_d03_d04_d07_d12_d14/replicate_0.keyframes.tum.txt,/home/melody/code/individual_project/channel_selection_results/step_k_unet_enc0_direct_fullseq_greedy/artifacts/swap_k06_0043_d02_d03_d04_d07_d12_d14/replicate_0.log,2026-08-15T21:38:47.076174+00:00
swap_k06_0044_d02_d03_d05_d07_d12_d14,one-channel swap audit around provisional greedy endpoint,"2,3,5,7,12,14","[2, 3, 5, 7, 12, 14]",0,PASS,Completed the full matched RGB-D sequence,44.71422601900122,0,,,1305031473.1961,571,571,573,0.9965095986038395,0.134274186239316,0.12268927465995942,0.12153437989229914,0.23145050730265845,0.054560965659008996,9.08840731535685,8.791422286303721,13.928422555282781,0.01034471806307461,0.09691947348922207,0.6209589127543017,6.028884305171919,0.1271487220085523,0.11621136940884114,1.0527569729371524,0.12097845356484094,0.10990785778453147,1.060654472229727,435,0.121059,0.110013,0.014399,571,9.945555,58.9062995,0,0.899,0.993,48510.0,0.009331,3,/home/melody/code/individual_project/channel_selection_results/step_k_unet_enc0_direct_fullseq_greedy/artifacts/swap_k06_0044_d02_d03_d05_d07_d12_d14/replicate_0.all_frames.tum.txt,/home/melody/code/individual_project/channel_selection_results/step_k_unet_enc0_direct_fullseq_greedy/artifacts/swap_k06_0044_d02_d03_d05_d07_d12_d14/replicate_0.keyframes.tum.txt,/home/melody/code/individual_project/channel_selection_results/step_k_unet_enc0_direct_fullseq_greedy/artifacts/swap_k06_0044_d02_d03_d05_d07_d12_d14/replicate_0.log,2026-08-15T21:39:32.479008+00:00
swap_k06_0046_d02_d03_d07_d08_d12_d14,one-channel swap audit around provisional greedy endpoint,"2,3,7,8,12,14","[2, 3, 7, 8, 12, 14]",0,PASS,Completed the full matched RGB-D sequence,44.48125806999451,0,,,1305031473.1961,571,571,573,0.9965095986038395,0.13934577086286415,0.12924294052545468,0.1319755657983492,0.28980391626007157,0.052091325397801334,8.18373268042934,8.033853603216453,10.963331612204387,0.009635940972855382,0.07692163024921313,0.7106870410395253,9.563318443549358,0.1279947305093587,0.11497211556630575,1.0683435754800867,0.12124475295102304,0.1086968300154941,1.0727489332504727,436,0.121283,0.108782,0.013356,571,10.583897,68.48246,0,0.872,0.993,22050.0,0.002557,3,/home/melody/code/individual_project/channel_selection_results/step_k_unet_enc0_direct_fullseq_greedy/artifacts/swap_k06_0046_d02_d03_d07_d08_d12_d14/replicate_0.all_frames.tum.txt,/home/melody/code/individual_project/channel_selection_results/step_k_unet_enc0_direct_fullseq_greedy/artifacts/swap_k06_0046_d02_d03_d07_d08_d12_d14/replicate_0.keyframes.tum.txt,/home/melody/code/individual_project/channel_selection_results/step_k_unet_enc0_direct_fullseq_greedy/artifacts/swap_k06_0046_d02_d03_d07_d08_d12_d14/replicate_0.log,2026-08-15T21:40:17.642491+00:00
swap_k06_0047_d02_d03_d07_d09_d12_d14,one-channel swap audit around provisional greedy endpoint,"2,3,7,9,12,14","[2, 3, 7, 9, 12, 14]",0,PASS,Completed the full matched RGB-D sequence,44.29667759400036,0,,,1305031473.1961,571,571,573,0.9965095986038395,0.14179704549795974,0.13527913669823663,0.1313850052507934,0.22850176304137368,0.042496556167885724,8.600756335578732,8.222498428235907,12.566628098364522,0.011282763302338518,0.17901304436027696,0.5393903961189932,2.536665253187104,0.12089279404666392,0.10991304922911535,1.094035041604586,0.12470144442348156,0.11382358363014486,1.0959981555900016,430,0.124557,0.113694,0.014134,571,9.946993,55.080818,0,0.898,0.993,112900.0,0.008141,2,/home/melody/code/individual_project/channel_selection_results/step_k_unet_enc0_direct_fullseq_greedy/artifacts/swap_k06_0047_d02_d03_d07_d09_d12_d14/replicate_0.all_frames.tum.txt,/home/melody/code/individual_project/channel_selection_results/step_k_unet_enc0_direct_fullseq_greedy/artifacts/swap_k06_0047_d02_d03_d07_d09_d12_d14/replicate_0.keyframes.tum.txt,/home/melody/code/individual_project/channel_selection_results/step_k_unet_enc0_direct_fullseq_greedy/artifacts/swap_k06_0047_d02_d03_d07_d09_d12_d14/replicate_0.log,2026-08-15T21:41:02.633529+00:00
swap_k06_0048_d02_d03_d07_d10_d12_d14,one-channel swap audit around provisional greedy endpoint,"2,3,7,10,12,14","[2, 3, 7, 10, 12, 14]",0,PASS,Completed the full matched RGB-D sequence,43.43184854199353,0,,,1305031473.1961,571,571,573,0.9965095986038395,0.13316842650233196,0.12487231807328505,0.11154352636460903,0.2236270951821694,0.04626806669952097,8.991376154266183,8.775498162175898,13.966037610071586,0.010696518915743598,0.13772639458181454,0.5487613795872024,4.279268630348363,0.11537259026186171,0.10877084346947816,1.083508235226476,0.11323256219087101,0.1053950190131528,1.088115630771204,432,0.113238,0.105406,0.014048,571,9.198377,56.759924,0,0.898,0.993,13210.0,0.002333,0,/home/melody/code/individual_project/channel_selection_results/step_k_unet_enc0_direct_fullseq_greedy/artifacts/swap_k06_0048_d02_d03_d07_d10_d12_d14/replicate_0.all_frames.tum.txt,/home/melody/code/individual_project/channel_selection_results/step_k_unet_enc0_direct_fullseq_greedy/artifacts/swap_k06_0048_d02_d03_d07_d10_d12_d14/replicate_0.keyframes.tum.txt,/home/melody/code/individual_project/channel_selection_results/step_k_unet_enc0_direct_fullseq_greedy/artifacts/swap_k06_0048_d02_d03_d07_d10_d12_d14/replicate_0.log,2026-08-15T21:41:46.747313+00:00
swap_k06_0049_d02_d03_d07_d11_d12_d14,one-channel swap audit around provisional greedy endpoint,"2,3,7,11,12,14","[2, 3, 7, 11, 12, 14]",0,PASS,Completed the full matched RGB-D sequence,44.33131145099469,0,,,1305031473.1961,571,571,573,0.9965095986038395,0.10737069504036735,0.10311109947676937,0.10913011134685158,0.1780509995073601,0.02994273397910311,7.9474063857789465,7.792900364479176,10.408401419294567,0.008961835754875545,0.05308895563622946,0.5832580766536457,5.081060652574783,0.07945666603359593,0.07217169636577693,1.0908681017627035,0.07067617217337263,0.06368627031000335,1.0952039516050232,431,0.070657,0.063679,0.011713,571,9.062178,62.117504,0,0.874,0.993,46780.0,0.0038,3,/home/melody/code/individual_project/channel_selection_results/step_k_unet_enc0_direct_fullseq_greedy/artifacts/swap_k06_0049_d02_d03_d07_d11_d12_d14/replicate_0.all_frames.tum.txt,/home/melody/code/individual_project/channel_selection_results/step_k_unet_enc0_direct_fullseq_greedy/artifacts/swap_k06_0049_d02_d03_d07_d11_d12_d14/replicate_0.keyframes.tum.txt,/home/melody/code/individual_project/channel_selection_results/step_k_unet_enc0_direct_fullseq_greedy/artifacts/swap_k06_0049_d02_d03_d07_d11_d12_d14/replicate_0.log,2026-08-15T21:42:31.749678+00:00
swap_k06_0050_d02_d03_d07_d12_d14_d15,one-channel swap audit around provisional greedy endpoint,"2,3,7,12,14,15","[2, 3, 7, 12, 14, 15]",0,PASS,Completed the full matched RGB-D sequence,44.000330597002176,0,,,1305031473.1961,571,571,573,0.9965095986038395,0.11415309394560796,0.10894692842934652,0.11082058536012636,0.21276342760670955,0.03408072245662703,7.511487806813458,7.0082054716373765,11.621189110398554,0.013102976479927355,0.20403662561320662,0.7616891304607483,8.990270735406787,0.09502586570087078,0.08861380214416861,1.0788575165941445,0.092290631500816,0.08663667891867328,1.0795140569325399,432,0.092153,0.08648,0.017285,571,10.170172,71.9202195,0,0.899,0.993,30050.0,0.008657,3,/home/melody/code/individual_project/channel_selection_results/step_k_unet_enc0_direct_fullseq_greedy/artifacts/swap_k06_0050_d02_d03_d07_d12_d14_d15/replicate_0.all_frames.tum.txt,/home/melody/code/individual_project/channel_selection_results/step_k_unet_enc0_direct_fullseq_greedy/artifacts/swap_k06_0050_d02_d03_d07_d12_d14_d15/replicate_0.keyframes.tum.txt,/home/melody/code/individual_project/channel_selection_results/step_k_unet_enc0_direct_fullseq_greedy/artifacts/swap_k06_0050_d02_d03_d07_d12_d14_d15/replicate_0.log,2026-08-15T21:43:16.416260+00:00
gray_current,final repeat validation for gray_current,gray,,1,FAIL_TRACKING_NAN,Tracking emitted non-finite affine/pose diagnostics,19.778104791999795,-15,1305031462.4276,249,,,,573,,,,,,,,,,,,,,,,,,,,,,,,248,1.756223,1404.877905399999,1,0.0,0.993,1246000.0,0.014408,52,,,/home/melody/code/individual_project/channel_selection_results/step_k_unet_enc0_direct_fullseq_greedy/artifacts/gray_current/replicate_1.log,2026-08-15T21:43:36.368311+00:00
gray_current,final repeat validation for gray_current,gray,,2,FAIL_TRACKING_NAN,Tracking emitted non-finite affine/pose diagnostics,19.872117954000714,-15,1305031462.4276,249,,,,573,,,,,,,,,,,,,,,,,,,,,,,,248,1.756223,1404.877905399999,1,0.0,0.993,1246000.0,0.014408,52,,,/home/melody/code/individual_project/channel_selection_results/step_k_unet_enc0_direct_fullseq_greedy/artifacts/gray_current/replicate_2.log,2026-08-15T21:43:56.329906+00:00
unet_enc0_all16,final repeat validation for unet_enc0_all16,"0,1,2,3,4,5,6,7,8,9,10,11,12,13,14,15","[0, 1, 2, 3, 4, 5, 6, 7, 8, 9, 10, 11, 12, 13, 14, 15]",1,PASS,Completed the full matched RGB-D sequence,44.71116228400206,0,,,1305031473.1961,571,571,573,0.9965095986038395,0.15760437012825643,0.14636600079361273,0.14017203317328442,0.30480151473840256,0.05844767998140397,7.97759816269143,7.719387446241944,11.88961986196324,0.010483385939912337,0.09068865101155739,0.7041357760222134,8.589208222744716,0.1411851714644025,0.13030334233037685,1.0887716444178521,0.14075699712492867,0.12954137986018555,1.0924760577085497,436,0.140689,0.129502,0.01327,571,36.345081,235.6076505,0,0.896,0.993,11730.0,0.002621,0,/home/melody/code/individual_project/channel_selection_results/step_k_unet_enc0_direct_fullseq_greedy/artifacts/unet_enc0_all16/replicate_1.all_frames.tum.txt,/home/melody/code/individual_project/channel_selection_results/step_k_unet_enc0_direct_fullseq_greedy/artifacts/unet_enc0_all16/replicate_1.keyframes.tum.txt,/home/melody/code/individual_project/channel_selection_results/step_k_unet_enc0_direct_fullseq_greedy/artifacts/unet_enc0_all16/replicate_1.log,2026-08-15T21:44:41.702170+00:00
unet_enc0_all16,final repeat validation for unet_enc0_all16,"0,1,2,3,4,5,6,7,8,9,10,11,12,13,14,15","[0, 1, 2, 3, 4, 5, 6, 7, 8, 9, 10, 11, 12, 13, 14, 15]",2,PASS,Completed the full matched RGB-D sequence,44.725325936000445,0,,,1305031473.1961,571,571,573,0.9965095986038395,0.15760437012825643,0.14636600079361273,0.14017203317328442,0.30480151473840256,0.05844767998140397,7.97759816269143,7.719387446241944,11.88961986196324,0.010483385939912337,0.09068865101155739,0.7041357760222134,8.589208222744716,0.1411851714644025,0.13030334233037685,1.0887716444178521,0.14075699712492867,0.12954137986018555,1.0924760577085497,436,0.140689,0.129502,0.01327,571,36.345081,235.6076505,0,0.896,0.993,11730.0,0.002621,0,/home/melody/code/individual_project/channel_selection_results/step_k_unet_enc0_direct_fullseq_greedy/artifacts/unet_enc0_all16/replicate_2.all_frames.tum.txt,/home/melody/code/individual_project/channel_selection_results/step_k_unet_enc0_direct_fullseq_greedy/artifacts/unet_enc0_all16/replicate_2.keyframes.tum.txt,/home/melody/code/individual_project/channel_selection_results/step_k_unet_enc0_direct_fullseq_greedy/artifacts/unet_enc0_all16/replicate_2.log,2026-08-15T21:45:27.111522+00:00
bqs_historical_top3,final repeat validation for B3_historical_bqs_top3,"0,10,15","[0, 10, 15]",1,PASS,Completed the full matched RGB-D sequence,44.96926503299619,0,,,1305031473.1961,571,571,573,0.9965095986038395,0.24935963256724347,0.23977075389594216,0.23909316049865117,0.37673941655434795,0.0684851219626731,19.983520249737595,18.938946514887196,31.106135579483222,0.011499774348518444,0.07166101642693072,0.648166023665879,2.7146462621149587,0.2293195407933801,0.2211250286514947,1.1320175016966303,0.23627825395109692,0.2304612449674103,1.132444493525466,429,0.236158,0.230342,0.01721,571,17.975546,1875.3989259999998,0,0.874,0.992,4953.0,0.002103,0,/home/melody/code/individual_project/channel_selection_results/step_k_unet_enc0_direct_fullseq_greedy/artifacts/bqs_historical_top3/replicate_1.all_frames.tum.txt,/home/melody/code/individual_project/channel_selection_results/step_k_unet_enc0_direct_fullseq_greedy/artifacts/bqs_historical_top3/replicate_1.keyframes.tum.txt,/home/melody/code/individual_project/channel_selection_results/step_k_unet_enc0_direct_fullseq_greedy/artifacts/bqs_historical_top3/replicate_1.log,2026-08-15T21:46:12.753483+00:00
bqs_historical_top3,final repeat validation for B3_historical_bqs_top3,"0,10,15","[0, 10, 15]",2,PASS,Completed the full matched RGB-D sequence,44.8303327899921,0,,,1305031473.1961,571,571,573,0.9965095986038395,0.24935963256724347,0.23977075389594216,0.23909316049865117,0.37673941655434795,0.0684851219626731,19.983520249737595,18.938946514887196,31.106135579483222,0.011499774348518444,0.07166101642693072,0.648166023665879,2.7146462621149587,0.2293195407933801,0.2211250286514947,1.1320175016966303,0.23627825395109692,0.2304612449674103,1.132444493525466,429,0.236158,0.230342,0.01721,571,17.975546,1875.3989259999998,0,0.874,0.992,4953.0,0.002103,0,/home/melody/code/individual_project/channel_selection_results/step_k_unet_enc0_direct_fullseq_greedy/artifacts/bqs_historical_top3/replicate_2.all_frames.tum.txt,/home/melody/code/individual_project/channel_selection_results/step_k_unet_enc0_direct_fullseq_greedy/artifacts/bqs_historical_top3/replicate_2.keyframes.tum.txt,/home/melody/code/individual_project/channel_selection_results/step_k_unet_enc0_direct_fullseq_greedy/artifacts/bqs_historical_top3/replicate_2.log,2026-08-15T21:46:58.262482+00:00
bqs_historical_top5,final repeat validation for B5_historical_bqs_top5,"0,3,10,14,15","[0, 3, 10, 14, 15]",1,PASS,Completed the full matched RGB-D sequence,44.2335445350036,0,,,1305031473.1961,571,571,573,0.9965095986038395,0.1724161497749357,0.1636645031399549,0.17353544904223736,0.25952156467787985,0.054233376394659,11.166731093105042,10.82108561835215,16.148614700592354,0.012804071358934112,0.191451528591902,0.6163218387775907,6.546514969535741,0.14471955363878297,0.13357862071007026,1.1225514173241138,0.14817476626621146,0.1373698464797761,1.1223007881699116,435,0.148016,0.137216,0.015924,571,9.992242,175.80830400000002,0,0.897,0.992,6029.0,0.003134,0,/home/melody/code/individual_project/channel_selection_results/step_k_unet_enc0_direct_fullseq_greedy/artifacts/bqs_historical_top5/replicate_1.all_frames.tum.txt,/home/melody/code/individual_project/channel_selection_results/step_k_unet_enc0_direct_fullseq_greedy/artifacts/bqs_historical_top5/replicate_1.keyframes.tum.txt,/home/melody/code/individual_project/channel_selection_results/step_k_unet_enc0_direct_fullseq_greedy/artifacts/bqs_historical_top5/replicate_1.log,2026-08-15T21:47:43.155329+00:00
bqs_historical_top5,final repeat validation for B5_historical_bqs_top5,"0,3,10,14,15","[0, 3, 10, 14, 15]",2,PASS,Completed the full matched RGB-D sequence,44.25000540399924,0,,,1305031473.1961,571,571,573,0.9965095986038395,0.1724161497749357,0.1636645031399549,0.17353544904223736,0.25952156467787985,0.054233376394659,11.166731093105042,10.82108561835215,16.148614700592354,0.012804071358934112,0.191451528591902,0.6163218387775907,6.546514969535741,0.14471955363878297,0.13357862071007026,1.1225514173241138,0.14817476626621146,0.1373698464797761,1.1223007881699116,435,0.148016,0.137216,0.015924,571,9.992242,175.80830400000002,0,0.897,0.992,6029.0,0.003134,0,/home/melody/code/individual_project/channel_selection_results/step_k_unet_enc0_direct_fullseq_greedy/artifacts/bqs_historical_top5/replicate_2.all_frames.tum.txt,/home/melody/code/individual_project/channel_selection_results/step_k_unet_enc0_direct_fullseq_greedy/artifacts/bqs_historical_top5/replicate_2.keyframes.tum.txt,/home/melody/code/individual_project/channel_selection_results/step_k_unet_enc0_direct_fullseq_greedy/artifacts/bqs_historical_top5/replicate_2.log,2026-08-15T21:48:28.077338+00:00
g_singleton_d03,final repeat validation for G1,3,[3],1,PASS,Completed the full matched RGB-D sequence,46.80190126699745,0,,,1305031473.1961,571,571,573,0.9965095986038395,0.2540205785676362,0.23936299467127164,0.22914359446183583,0.521144685803231,0.0850400559609259,18.131100036411837,17.543644493212344,25.64089877838883,0.020588312322894597,0.3645281209074455,1.187772320985678,15.567437175213298,0.2523407485253609,0.23673117021435394,1.0362730686724893,0.25982495736214595,0.2454324401998543,1.0356370593332782,429,0.259748,0.245318,0.025176,571,1.317529,5602.675536999999,0,0.77,0.993,1816000000.0,0.393968,83,/home/melody/code/individual_project/channel_selection_results/step_k_unet_enc0_direct_fullseq_greedy/artifacts/g_singleton_d03/replicate_1.all_frames.tum.txt,/home/melody/code/individual_project/channel_selection_results/step_k_unet_enc0_direct_fullseq_greedy/artifacts/g_singleton_d03/replicate_1.keyframes.tum.txt,/home/melody/code/individual_project/channel_selection_results/step_k_unet_enc0_direct_fullseq_greedy/artifacts/g_singleton_d03/replicate_1.log,2026-08-15T21:49:15.554509+00:00
g_singleton_d03,final repeat validation for G1,3,[3],2,PASS,Completed the full matched RGB-D sequence,46.79198714499944,0,,,1305031473.1961,571,571,573,0.9965095986038395,0.2540205785676362,0.23936299467127164,0.22914359446183583,0.521144685803231,0.0850400559609259,18.131100036411837,17.543644493212344,25.64089877838883,0.020588312322894597,0.3645281209074455,1.187772320985678,15.567437175213298,0.2523407485253609,0.23673117021435394,1.0362730686724893,0.25982495736214595,0.2454324401998543,1.0356370593332782,429,0.259748,0.245318,0.025176,571,1.317529,5602.675536999999,0,0.77,0.993,1816000000.0,0.393968,83,/home/melody/code/individual_project/channel_selection_results/step_k_unet_enc0_direct_fullseq_greedy/artifacts/g_singleton_d03/replicate_2.all_frames.tum.txt,/home/melody/code/individual_project/channel_selection_results/step_k_unet_enc0_direct_fullseq_greedy/artifacts/g_singleton_d03/replicate_2.keyframes.tum.txt,/home/melody/code/individual_project/channel_selection_results/step_k_unet_enc0_direct_fullseq_greedy/artifacts/g_singleton_d03/replicate_2.log,2026-08-15T21:50:03.019725+00:00
g_pair_seed_sweep_d02_d14,final repeat validation for G2,"2,14","[2, 14]",1,PASS,Completed the full matched RGB-D sequence,44.47355920099653,0,,,1305031473.1961,571,571,573,0.9965095986038395,0.1312969440216982,0.12546995647960651,0.13176979409428013,0.20250668333412034,0.038680454113707116,10.951232563323357,10.663890791125631,15.085561988025383,0.009344622074058194,0.06993463256367971,0.5639297752977641,3.0580824603714927,0.1151308992387464,0.107800086536258,1.0789144225300207,0.11147615624101906,0.10334527441550852,1.0828480507439888,429,0.111478,0.103332,0.011982,571,2.730416,1000.458252,0,0.87,0.993,463600.0,0.005879,9,/home/melody/code/individual_project/channel_selection_results/step_k_unet_enc0_direct_fullseq_greedy/artifacts/g_pair_seed_sweep_d02_d14/replicate_1.all_frames.tum.txt,/home/melody/code/individual_project/channel_selection_results/step_k_unet_enc0_direct_fullseq_greedy/artifacts/g_pair_seed_sweep_d02_d14/replicate_1.keyframes.tum.txt,/home/melody/code/individual_project/channel_selection_results/step_k_unet_enc0_direct_fullseq_greedy/artifacts/g_pair_seed_sweep_d02_d14/replicate_1.log,2026-08-15T21:50:48.166634+00:00
g_pair_seed_sweep_d02_d14,final repeat validation for G2,"2,14","[2, 14]",2,PASS,Completed the full matched RGB-D sequence,44.67031634300656,0,,,1305031473.1961,571,571,573,0.9965095986038395,0.1312969440216982,0.12546995647960651,0.13176979409428013,0.20250668333412034,0.038680454113707116,10.951232563323357,10.663890791125631,15.085561988025383,0.009344622074058194,0.06993463256367971,0.5639297752977641,3.0580824603714927,0.1151308992387464,0.107800086536258,1.0789144225300207,0.11147615624101906,0.10334527441550852,1.0828480507439888,429,0.111478,0.103332,0.011982,571,2.730416,1000.458252,0,0.87,0.993,463600.0,0.005879,9,/home/melody/code/individual_project/channel_selection_results/step_k_unet_enc0_direct_fullseq_greedy/artifacts/g_pair_seed_sweep_d02_d14/replicate_2.all_frames.tum.txt,/home/melody/code/individual_project/channel_selection_results/step_k_unet_enc0_direct_fullseq_greedy/artifacts/g_pair_seed_sweep_d02_d14/replicate_2.keyframes.tum.txt,/home/melody/code/individual_project/channel_selection_results/step_k_unet_enc0_direct_fullseq_greedy/artifacts/g_pair_seed_sweep_d02_d14/replicate_2.log,2026-08-15T21:51:33.501109+00:00
g_s01_k03_from_d03_d07_add_d12,final repeat validation for G3,"3,7,12","[3, 7, 12]",1,PASS,Completed the full matched RGB-D sequence,44.47447732499859,0,,,1305031473.1961,571,571,573,0.9965095986038395,0.09326600329356742,0.08797280937982409,0.08534297821731512,0.16408201537241354,0.030973087998726577,7.117200215105091,6.439193318376405,11.454680426205497,0.011031877772606707,0.10688265635997747,0.7579433269246888,8.313029796965509,0.07201878304508959,0.06465242496840973,1.0733121565929014,0.06576394037299164,0.0601298591014434,1.0750598090523062,432,0.065652,0.060004,0.01487,571,4.615495,58.715185000000005,0,0.897,0.993,51830.0,0.006103,13,/home/melody/code/individual_project/channel_selection_results/step_k_unet_enc0_direct_fullseq_greedy/artifacts/g_s01_k03_from_d03_d07_add_d12/replicate_1.all_frames.tum.txt,/home/melody/code/individual_project/channel_selection_results/step_k_unet_enc0_direct_fullseq_greedy/artifacts/g_s01_k03_from_d03_d07_add_d12/replicate_1.keyframes.tum.txt,/home/melody/code/individual_project/channel_selection_results/step_k_unet_enc0_direct_fullseq_greedy/artifacts/g_s01_k03_from_d03_d07_add_d12/replicate_1.log,2026-08-15T21:52:18.647468+00:00
g_s01_k03_from_d03_d07_add_d12,final repeat validation for G3,"3,7,12","[3, 7, 12]",2,PASS,Completed the full matched RGB-D sequence,44.67462544400769,0,,,1305031473.1961,571,571,573,0.9965095986038395,0.09326600329356742,0.08797280937982409,0.08534297821731512,0.16408201537241354,0.030973087998726577,7.117200215105091,6.439193318376405,11.454680426205497,0.011031877772606707,0.10688265635997747,0.7579433269246888,8.313029796965509,0.07201878304508959,0.06465242496840973,1.0733121565929014,0.06576394037299164,0.0601298591014434,1.0750598090523062,432,0.065652,0.060004,0.01487,571,4.615495,58.715185000000005,0,0.897,0.993,51830.0,0.006103,13,/home/melody/code/individual_project/channel_selection_results/step_k_unet_enc0_direct_fullseq_greedy/artifacts/g_s01_k03_from_d03_d07_add_d12/replicate_2.all_frames.tum.txt,/home/melody/code/individual_project/channel_selection_results/step_k_unet_enc0_direct_fullseq_greedy/artifacts/g_s01_k03_from_d03_d07_add_d12/replicate_2.keyframes.tum.txt,/home/melody/code/individual_project/channel_selection_results/step_k_unet_enc0_direct_fullseq_greedy/artifacts/g_s01_k03_from_d03_d07_add_d12/replicate_2.log,2026-08-15T21:53:03.997646+00:00
g_s02_k04_from_d02_d03_d14_add_d12,final repeat validation for G4,"2,3,12,14","[2, 3, 12, 14]",1,PASS,Completed the full matched RGB-D sequence,44.175773152994225,0,,,1305031473.1961,571,571,573,0.9965095986038395,0.10636148827016563,0.10188279763300435,0.10279221972367229,0.17277895528822057,0.03053951102288417,7.589203132108019,7.241116827935771,11.893837098474211,0.009070570205201953,0.05208213475638593,0.6380440860856054,6.231450056606628,0.07795484006807933,0.06998284626163848,1.0910490909290602,0.07033479761585935,0.06409016878885751,1.0963558190588552,432,0.070152,0.063905,0.012391,571,6.006932,42.8152695,0,0.899,0.993,40380.0,0.004242,13,/home/melody/code/individual_project/channel_selection_results/step_k_unet_enc0_direct_fullseq_greedy/artifacts/g_s02_k04_from_d02_d03_d14_add_d12/replicate_1.all_frames.tum.txt,/home/melody/code/individual_project/channel_selection_results/step_k_unet_enc0_direct_fullseq_greedy/artifacts/g_s02_k04_from_d02_d03_d14_add_d12/replicate_1.keyframes.tum.txt,/home/melody/code/individual_project/channel_selection_results/step_k_unet_enc0_direct_fullseq_greedy/artifacts/g_s02_k04_from_d02_d03_d14_add_d12/replicate_1.log,2026-08-15T21:53:48.865389+00:00
g_s02_k04_from_d02_d03_d14_add_d12,final repeat validation for G4,"2,3,12,14","[2, 3, 12, 14]",2,PASS,Completed the full matched RGB-D sequence,43.974470672997995,0,,,1305031473.1961,571,571,573,0.9965095986038395,0.10636148827016563,0.10188279763300435,0.10279221972367229,0.17277895528822057,0.03053951102288417,7.589203132108019,7.241116827935771,11.893837098474211,0.009070570205201953,0.05208213475638593,0.6380440860856054,6.231450056606628,0.07795484006807933,0.06998284626163848,1.0910490909290602,0.07033479761585935,0.06409016878885751,1.0963558190588552,432,0.070152,0.063905,0.012391,571,6.006932,42.8152695,0,0.899,0.993,40380.0,0.004242,13,/home/melody/code/individual_project/channel_selection_results/step_k_unet_enc0_direct_fullseq_greedy/artifacts/g_s02_k04_from_d02_d03_d14_add_d12/replicate_2.all_frames.tum.txt,/home/melody/code/individual_project/channel_selection_results/step_k_unet_enc0_direct_fullseq_greedy/artifacts/g_s02_k04_from_d02_d03_d14_add_d12/replicate_2.keyframes.tum.txt,/home/melody/code/individual_project/channel_selection_results/step_k_unet_enc0_direct_fullseq_greedy/artifacts/g_s02_k04_from_d02_d03_d14_add_d12/replicate_2.log,2026-08-15T21:54:33.501852+00:00
g_s01_k05_from_d03_d07_d12_d13_add_d02,final repeat validation for G5,"2,3,7,12,13","[2, 3, 7, 12, 13]",1,PASS,Completed the full matched RGB-D sequence,44.55927153200901,0,,,1305031473.1961,571,571,573,0.9965095986038395,0.10971022211768017,0.1042263395172495,0.10672585255882289,0.19641063545205312,0.03425205085751445,7.992697625098998,7.505007081514951,12.115921130204574,0.010247739057551894,0.10227325790420778,0.7974576871211516,10.274739263194908,0.0841201912527,0.07519765701912084,1.0884688962001532,0.07873271932863606,0.07105605307065348,1.0893199743233433,431,0.078647,0.070959,0.013664,571,7.972407,46.036865500000005,0,0.898,0.993,70840.0,0.004302,19,/home/melody/code/individual_project/channel_selection_results/step_k_unet_enc0_direct_fullseq_greedy/artifacts/g_s01_k05_from_d03_d07_d12_d13_add_d02/replicate_1.all_frames.tum.txt,/home/melody/code/individual_project/channel_selection_results/step_k_unet_enc0_direct_fullseq_greedy/artifacts/g_s01_k05_from_d03_d07_d12_d13_add_d02/replicate_1.keyframes.tum.txt,/home/melody/code/individual_project/channel_selection_results/step_k_unet_enc0_direct_fullseq_greedy/artifacts/g_s01_k05_from_d03_d07_d12_d13_add_d02/replicate_1.log,2026-08-15T21:55:18.745030+00:00
g_s01_k05_from_d03_d07_d12_d13_add_d02,final repeat validation for G5,"2,3,7,12,13","[2, 3, 7, 12, 13]",2,PASS,Completed the full matched RGB-D sequence,44.420688551996136,0,,,1305031473.1961,571,571,573,0.9965095986038395,0.10971022211768017,0.1042263395172495,0.10672585255882289,0.19641063545205312,0.03425205085751445,7.992697625098998,7.505007081514951,12.115921130204574,0.010247739057551894,0.10227325790420778,0.7974576871211516,10.274739263194908,0.0841201912527,0.07519765701912084,1.0884688962001532,0.07873271932863606,0.07105605307065348,1.0893199743233433,431,0.078647,0.070959,0.013664,571,7.972407,46.036865500000005,0,0.898,0.993,70840.0,0.004302,19,/home/melody/code/individual_project/channel_selection_results/step_k_unet_enc0_direct_fullseq_greedy/artifacts/g_s01_k05_from_d03_d07_d12_d13_add_d02/replicate_2.all_frames.tum.txt,/home/melody/code/individual_project/channel_selection_results/step_k_unet_enc0_direct_fullseq_greedy/artifacts/g_s01_k05_from_d03_d07_d12_d13_add_d02/replicate_2.keyframes.tum.txt,/home/melody/code/individual_project/channel_selection_results/step_k_unet_enc0_direct_fullseq_greedy/artifacts/g_s01_k05_from_d03_d07_d12_d13_add_d02/replicate_2.log,2026-08-15T21:56:03.837368+00:00
g_s01_k06_from_d02_d03_d07_d12_d13_add_d14,"final repeat validation for G6, Lstar_single","2,3,7,12,13,14","[2, 3, 7, 12, 13, 14]",1,PASS,Completed the full matched RGB-D sequence,44.24931764398934,0,,,1305031473.1961,571,571,573,0.9965095986038395,0.10134148428395612,0.09695135802809891,0.09616570023685944,0.17535767364389945,0.029504755775683088,7.084381841076872,6.730074101791274,10.781860911569082,0.00858763379785899,0.03782081096333694,0.5797250638508179,6.255272716841811,0.06719066007535628,0.06256357010573997,1.0957749597773676,0.06415824364529799,0.05936392097286242,1.0973007488832296,430,0.064001,0.059208,0.010943,571,9.070444,56.796276,0,0.899,0.993,70150.0,0.005348,10,/home/melody/code/individual_project/channel_selection_results/step_k_unet_enc0_direct_fullseq_greedy/artifacts/g_s01_k06_from_d02_d03_d07_d12_d13_add_d14/replicate_1.all_frames.tum.txt,/home/melody/code/individual_project/channel_selection_results/step_k_unet_enc0_direct_fullseq_greedy/artifacts/g_s01_k06_from_d02_d03_d07_d12_d13_add_d14/replicate_1.keyframes.tum.txt,/home/melody/code/individual_project/channel_selection_results/step_k_unet_enc0_direct_fullseq_greedy/artifacts/g_s01_k06_from_d02_d03_d07_d12_d13_add_d14/replicate_1.log,2026-08-15T21:56:48.771055+00:00
g_s01_k06_from_d02_d03_d07_d12_d13_add_d14,"final repeat validation for G6, Lstar_single","2,3,7,12,13,14","[2, 3, 7, 12, 13, 14]",2,PASS,Completed the full matched RGB-D sequence,44.262959868996404,0,,,1305031473.1961,571,571,573,0.9965095986038395,0.10134148428395612,0.09695135802809891,0.09616570023685944,0.17535767364389945,0.029504755775683088,7.084381841076872,6.730074101791274,10.781860911569082,0.00858763379785899,0.03782081096333694,0.5797250638508179,6.255272716841811,0.06719066007535628,0.06256357010573997,1.0957749597773676,0.06415824364529799,0.05936392097286242,1.0973007488832296,430,0.064001,0.059208,0.010943,571,9.070444,56.796276,0,0.899,0.993,70150.0,0.005348,10,/home/melody/code/individual_project/channel_selection_results/step_k_unet_enc0_direct_fullseq_greedy/artifacts/g_s01_k06_from_d02_d03_d07_d12_d13_add_d14/replicate_2.all_frames.tum.txt,/home/melody/code/individual_project/channel_selection_results/step_k_unet_enc0_direct_fullseq_greedy/artifacts/g_s01_k06_from_d02_d03_d07_d12_d13_add_d14/replicate_2.keyframes.tum.txt,/home/melody/code/individual_project/channel_selection_results/step_k_unet_enc0_direct_fullseq_greedy/artifacts/g_s01_k06_from_d02_d03_d07_d12_d13_add_d14/replicate_2.log,2026-08-15T21:57:33.711599+00:00
r_k04_0001_d00_d02_d03_d11,final repeat validation for R4,"0,2,3,11","[0, 2, 3, 11]",1,PASS,Completed the full matched RGB-D sequence,44.572765227014315,0,,,1305031473.1961,571,571,573,0.9965095986038395,0.12459666111044296,0.11885980145547943,0.1235635249843576,0.21633541044172314,0.03737212273653417,8.969906495035064,8.716773387374742,12.193002526915391,0.009720755251004885,0.08884660336927065,0.6099921584026937,5.824041993589188,0.09324439706720684,0.08373690845141316,1.1055557039305846,0.08364073237138678,0.07424349200087196,1.1097539470938633,436,0.083564,0.074177,0.013583,571,7.165689,63.0092315,0,0.875,0.993,15090.0,0.00333,3,/home/melody/code/individual_project/channel_selection_results/step_k_unet_enc0_direct_fullseq_greedy/artifacts/r_k04_0001_d00_d02_d03_d11/replicate_1.all_frames.tum.txt,/home/melody/code/individual_project/channel_selection_results/step_k_unet_enc0_direct_fullseq_greedy/artifacts/r_k04_0001_d00_d02_d03_d11/replicate_1.keyframes.tum.txt,/home/melody/code/individual_project/channel_selection_results/step_k_unet_enc0_direct_fullseq_greedy/artifacts/r_k04_0001_d00_d02_d03_d11/replicate_1.log,2026-08-15T21:58:18.966119+00:00
r_k04_0001_d00_d02_d03_d11,final repeat validation for R4,"0,2,3,11","[0, 2, 3, 11]",2,PASS,Completed the full matched RGB-D sequence,44.778316884010565,0,,,1305031473.1961,571,571,573,0.9965095986038395,0.12459666111044296,0.11885980145547943,0.1235635249843576,0.21633541044172314,0.03737212273653417,8.969906495035064,8.716773387374742,12.193002526915391,0.009720755251004885,0.08884660336927065,0.6099921584026937,5.824041993589188,0.09324439706720684,0.08373690845141316,1.1055557039305846,0.08364073237138678,0.07424349200087196,1.1097539470938633,436,0.083564,0.074177,0.013583,571,7.165689,63.0092315,0,0.875,0.993,15090.0,0.00333,3,/home/melody/code/individual_project/channel_selection_results/step_k_unet_enc0_direct_fullseq_greedy/artifacts/r_k04_0001_d00_d02_d03_d11/replicate_2.all_frames.tum.txt,/home/melody/code/individual_project/channel_selection_results/step_k_unet_enc0_direct_fullseq_greedy/artifacts/r_k04_0001_d00_d02_d03_d11/replicate_2.keyframes.tum.txt,/home/melody/code/individual_project/channel_selection_results/step_k_unet_enc0_direct_fullseq_greedy/artifacts/r_k04_0001_d00_d02_d03_d11/replicate_2.log,2026-08-15T21:59:04.420308+00:00
r_k03_0021_d02_d04_d06,final repeat validation for Rstar_single,"2,4,6","[2, 4, 6]",1,PASS,Completed the full matched RGB-D sequence,45.325903589007794,0,,,1305031473.1961,571,571,573,0.9965095986038395,0.10993391825079452,0.1034678775155889,0.09602811418356852,0.20668217603502723,0.03714653017970135,8.024400462299957,7.5590526133835745,12.116129911267398,0.010006746278924289,0.07937319788053593,0.623863987243821,5.068319224594426,0.07357345578652899,0.06777497783450774,1.1039537319819912,0.07215737460883023,0.06629626923818933,1.1080240547108873,435,0.071957,0.066111,0.013308,571,7.393963,71.8531955,0,0.899,0.993,24120.0,0.004036,0,/home/melody/code/individual_project/channel_selection_results/step_k_unet_enc0_direct_fullseq_greedy/artifacts/r_k03_0021_d02_d04_d06/replicate_1.all_frames.tum.txt,/home/melody/code/individual_project/channel_selection_results/step_k_unet_enc0_direct_fullseq_greedy/artifacts/r_k03_0021_d02_d04_d06/replicate_1.keyframes.tum.txt,/home/melody/code/individual_project/channel_selection_results/step_k_unet_enc0_direct_fullseq_greedy/artifacts/r_k03_0021_d02_d04_d06/replicate_1.log,2026-08-15T21:59:50.418945+00:00
r_k03_0021_d02_d04_d06,final repeat validation for Rstar_single,"2,4,6","[2, 4, 6]",2,PASS,Completed the full matched RGB-D sequence,45.343034920006176,0,,,1305031473.1961,571,571,573,0.9965095986038395,0.10993391825079452,0.1034678775155889,0.09602811418356852,0.20668217603502723,0.03714653017970135,8.024400462299957,7.5590526133835745,12.116129911267398,0.010006746278924289,0.07937319788053593,0.623863987243821,5.068319224594426,0.07357345578652899,0.06777497783450774,1.1039537319819912,0.07215737460883023,0.06629626923818933,1.1080240547108873,435,0.071957,0.066111,0.013308,571,7.393963,71.8531955,0,0.899,0.993,24120.0,0.004036,0,/home/melody/code/individual_project/channel_selection_results/step_k_unet_enc0_direct_fullseq_greedy/artifacts/r_k03_0021_d02_d04_d06/replicate_2.all_frames.tum.txt,/home/melody/code/individual_project/channel_selection_results/step_k_unet_enc0_direct_fullseq_greedy/artifacts/r_k03_0021_d02_d04_d06/replicate_2.keyframes.tum.txt,/home/melody/code/individual_project/channel_selection_results/step_k_unet_enc0_direct_fullseq_greedy/artifacts/r_k03_0021_d02_d04_d06/replicate_2.log,2026-08-15T22:00:36.436361+00:00
