rank,label,channels,role,replicate,coverage,historical_evo_ape_mean_cm,historical_evo_ape_rmse_cm,historical_evo_rpe_rmse_cm,se3_ate_rmse_cm,se3_ate_mean_cm,se3_ate_max_cm,translation_rpe_rmse_cm,translation_rpe_max_cm,rotation_rpe_rmse_deg,rotation_rpe_max_deg,allframe_sim3_mean_cm,allframe_sim3_scale,keyframe_sim3_mean_cm,keyframe_sim3_scale
1,g_s01_k06_from_d02_d03_d07_d12_d13_add_d14,"2,3,7,12,13,14",direct full-sequence ATE forward-greedy trial,0,0.9965095986038395,5.9208,6.4001,1.0943,10.134148428395612,9.695135802809892,17.535767364389944,0.858763379785899,3.782081096333694,0.5797250638508179,6.255272716841811,6.256357010573997,1.0957749597773676,5.936392097286243,1.0973007488832296
2,g_s01_k06_from_d02_d03_d07_d12_d13_add_d14,"2,3,7,12,13,14","final repeat validation for G6, Lstar_single",1,0.9965095986038395,5.9208,6.4001,1.0943,10.134148428395612,9.695135802809892,17.535767364389944,0.858763379785899,3.782081096333694,0.5797250638508179,6.255272716841811,6.256357010573997,1.0957749597773676,5.936392097286243,1.0973007488832296
3,g_s01_k06_from_d02_d03_d07_d12_d13_add_d14,"2,3,7,12,13,14","final repeat validation for G6, Lstar_single",2,0.9965095986038395,5.9208,6.4001,1.0943,10.134148428395612,9.695135802809892,17.535767364389944,0.858763379785899,3.782081096333694,0.5797250638508179,6.255272716841811,6.256357010573997,1.0957749597773676,5.936392097286243,1.0973007488832296
4,swap_k06_0033_d02_d03_d04_d07_d13_d14,"2,3,4,7,13,14",one-channel swap audit around provisional greedy endpoint,0,0.9965095986038395,5.9783,6.5493,1.1332,9.639894664865132,9.235299978726738,17.5403695534181,0.9126032239752644,7.4216195890704215,0.6504487510346,8.508211971781526,6.074460244356224,1.0872752907449161,6.00048885390937,1.086745104006788
5,g_s01_k03_from_d03_d07_add_d12,"3,7,12",direct full-sequence ATE forward-greedy trial,0,0.9965095986038395,6.0004,6.5652,1.4869999999999999,9.326600329356742,8.797280937982409,16.408201537241354,1.1031877772606706,10.688265635997746,0.7579433269246888,8.313029796965509,6.465242496840973,1.0733121565929014,6.01298591014434,1.0750598090523062
6,g_s01_k03_from_d03_d07_add_d12,"3,7,12",final repeat validation for G3,1,0.9965095986038395,6.0004,6.5652,1.4869999999999999,9.326600329356742,8.797280937982409,16.408201537241354,1.1031877772606706,10.688265635997746,0.7579433269246888,8.313029796965509,6.465242496840973,1.0733121565929014,6.01298591014434,1.0750598090523062
7,g_s01_k03_from_d03_d07_add_d12,"3,7,12",final repeat validation for G3,2,0.9965095986038395,6.0004,6.5652,1.4869999999999999,9.326600329356742,8.797280937982409,16.408201537241354,1.1031877772606706,10.688265635997746,0.7579433269246888,8.313029796965509,6.465242496840973,1.0733121565929014,6.01298591014434,1.0750598090523062
8,g_s02_k03_from_d02_d14_add_d03,"2,3,14",direct full-sequence ATE forward-greedy trial,0,0.9965095986038395,6.266900000000001,7.078900000000001,1.2463,11.101751388217702,10.564854267709796,17.694034686221837,0.8984228251374852,4.876285528621277,0.6411752270813726,6.7331716006265125,6.915117189628807,1.0976779322748065,6.288356085123481,1.1033757805332922
9,swap_k06_0049_d02_d03_d07_d11_d12_d14,"2,3,7,11,12,14",one-channel swap audit around provisional greedy endpoint,0,0.9965095986038395,6.3679,7.0657,1.1713,10.737069504036736,10.311109947676938,17.80509995073601,0.8961835754875546,5.308895563622946,0.5832580766536457,5.081060652574783,7.217169636577693,1.0908681017627035,6.368627031000335,1.0952039516050232
10,g_s02_k04_from_d02_d03_d14_add_d12,"2,3,12,14",direct full-sequence ATE forward-greedy trial,0,0.9965095986038395,6.3905,7.015200000000001,1.2390999999999999,10.636148827016562,10.188279763300436,17.277895528822057,0.9070570205201953,5.208213475638593,0.6380440860856054,6.231450056606628,6.998284626163848,1.0910490909290602,6.409016878885751,1.0963558190588552
11,g_s02_k04_from_d02_d03_d14_add_d12,"2,3,12,14",final repeat validation for G4,1,0.9965095986038395,6.3905,7.015200000000001,1.2390999999999999,10.636148827016562,10.188279763300436,17.277895528822057,0.9070570205201953,5.208213475638593,0.6380440860856054,6.231450056606628,6.998284626163848,1.0910490909290602,6.409016878885751,1.0963558190588552
12,g_s02_k04_from_d02_d03_d14_add_d12,"2,3,12,14",final repeat validation for G4,2,0.9965095986038395,6.3905,7.015200000000001,1.2390999999999999,10.636148827016562,10.188279763300436,17.277895528822057,0.9070570205201953,5.208213475638593,0.6380440860856054,6.231450056606628,6.998284626163848,1.0910490909290602,6.409016878885751,1.0963558190588552
13,r_k03_0021_d02_d04_d06,"2,4,6",budget-matched cardinality-stratified random full-sequence control,0,0.9965095986038395,6.6111,7.1956999999999995,1.3308,10.993391825079451,10.34678775155889,20.668217603502722,1.0006746278924288,7.937319788053593,0.623863987243821,5.068319224594426,6.777497783450774,1.1039537319819912,6.629626923818933,1.1080240547108873
14,r_k03_0021_d02_d04_d06,"2,4,6",final repeat validation for Rstar_single,1,0.9965095986038395,6.6111,7.1956999999999995,1.3308,10.993391825079451,10.34678775155889,20.668217603502722,1.0006746278924288,7.937319788053593,0.623863987243821,5.068319224594426,6.777497783450774,1.1039537319819912,6.629626923818933,1.1080240547108873
15,r_k03_0021_d02_d04_d06,"2,4,6",final repeat validation for Rstar_single,2,0.9965095986038395,6.6111,7.1956999999999995,1.3308,10.993391825079451,10.34678775155889,20.668217603502722,1.0006746278924288,7.937319788053593,0.623863987243821,5.068319224594426,6.777497783450774,1.1039537319819912,6.629626923818933,1.1080240547108873
16,r_k03_0047_d07_d09_d12,"7,9,12",budget-matched cardinality-stratified random full-sequence control,0,0.9965095986038395,6.9,9.131400000000001,3.3928,16.990112732151996,12.864287759127368,63.246502344340584,2.509394384338344,56.44236974173458,2.350111590452235,54.77401408888522,10.211378663229238,1.0756182923224842,6.904846477385986,1.0965599755305475
17,g_s01_k06_from_d02_d03_d07_d12_d13_add_d15,"2,3,7,12,13,15",direct full-sequence ATE forward-greedy trial,0,0.9965095986038395,7.027500000000001,7.548000000000001,1.4102999999999999,11.024451903122207,10.509322521160506,17.49610801621974,1.0430023361925582,10.31064781043671,0.7318944134600222,9.563389244587404,7.3642141109196135,1.0964130317592542,7.039063301832211,1.0985922470457636
18,g_s01_k05_from_d03_d07_d12_d13_add_d02,"2,3,7,12,13",direct full-sequence ATE forward-greedy trial,0,0.9965095986038395,7.095899999999999,7.864699999999999,1.3664,10.971022211768016,10.422633951724949,19.641063545205313,1.0247739057551895,10.227325790420778,0.7974576871211516,10.274739263194908,7.5197657019120845,1.0884688962001532,7.105605307065348,1.0893199743233433
19,g_s01_k05_from_d03_d07_d12_d13_add_d02,"2,3,7,12,13",final repeat validation for G5,1,0.9965095986038395,7.095899999999999,7.864699999999999,1.3664,10.971022211768016,10.422633951724949,19.641063545205313,1.0247739057551895,10.227325790420778,0.7974576871211516,10.274739263194908,7.5197657019120845,1.0884688962001532,7.105605307065348,1.0893199743233433
20,g_s01_k05_from_d03_d07_d12_d13_add_d02,"2,3,7,12,13",final repeat validation for G5,2,0.9965095986038395,7.095899999999999,7.864699999999999,1.3664,10.971022211768016,10.422633951724949,19.641063545205313,1.0247739057551895,10.227325790420778,0.7974576871211516,10.274739263194908,7.5197657019120845,1.0884688962001532,7.105605307065348,1.0893199743233433
21,r_k04_0001_d00_d02_d03_d11,"0,2,3,11",budget-matched cardinality-stratified random full-sequence control,0,0.9965095986038395,7.417700000000001,8.3564,1.3583,12.459666111044296,11.885980145547943,21.633541044172315,0.9720755251004884,8.884660336927066,0.6099921584026937,5.824041993589188,8.373690845141315,1.1055557039305846,7.424349200087196,1.1097539470938633
22,r_k04_0001_d00_d02_d03_d11,"0,2,3,11",final repeat validation for R4,1,0.9965095986038395,7.417700000000001,8.3564,1.3583,12.459666111044296,11.885980145547943,21.633541044172315,0.9720755251004884,8.884660336927066,0.6099921584026937,5.824041993589188,8.373690845141315,1.1055557039305846,7.424349200087196,1.1097539470938633
23,r_k04_0001_d00_d02_d03_d11,"0,2,3,11",final repeat validation for R4,2,0.9965095986038395,7.417700000000001,8.3564,1.3583,12.459666111044296,11.885980145547943,21.633541044172315,0.9720755251004884,8.884660336927066,0.6099921584026937,5.824041993589188,8.373690845141315,1.1055557039305846,7.424349200087196,1.1097539470938633
24,g_s01_k06_from_d02_d03_d07_d12_d13_add_d05,"2,3,5,7,12,13",direct full-sequence ATE forward-greedy trial,0,0.9965095986038395,7.485,8.0054,1.3833,10.89087570818837,10.289879762621085,19.687378853094632,1.0416441266937542,11.50388852004743,0.7233250727248386,8.902938913679517,7.979693498982568,1.0854276750132719,7.487865915804825,1.0900588229347492
25,g_s01_k05_from_d03_d07_d12_d13_add_d08,"3,7,8,12,13",direct full-sequence ATE forward-greedy trial,0,0.9965095986038395,7.5197,8.0617,1.6324999999999998,11.55977881467593,11.194276682584638,18.763879101434323,1.250816415545196,15.83504999678861,0.7605006453031494,10.741678605827765,7.643936877791541,1.1025554086073968,7.538282215067838,1.1006782216161641
26,g_s01_k06_from_d02_d03_d07_d12_d13_add_d10,"2,3,7,10,12,13",direct full-sequence ATE forward-greedy trial,0,0.9965095986038395,7.531499999999999,8.3689,1.1046,11.58052829784737,11.042992553060294,19.796546554329655,0.863363348804732,4.850861024212319,0.5225581479428267,3.020358002103611,8.313072184872263,1.0902810234915294,7.528337876729756,1.0946666020365932
27,g_s01_k05_from_d03_d07_d12_d13_add_d05,"3,5,7,12,13",direct full-sequence ATE forward-greedy trial,0,0.9965095986038395,7.5413,8.1273,1.5364,10.75655309697633,10.204015772824928,17.724570513999787,1.1386219249933736,15.209867632771607,0.7287142022619263,8.04113468739015,8.077491556546349,1.0814714035280724,7.541167252444531,1.0853135274043355
28,g_s02_k04_from_d02_d03_d14_add_d06,"2,3,6,14",direct full-sequence ATE forward-greedy trial,0,0.9965095986038395,7.5696,8.277099999999999,1.3684,11.392873675078711,10.96380674738344,19.294019877701444,1.0640149463809188,11.126055829340746,0.6887639640581913,7.069405418631451,7.8068783197043965,1.0940493917672856,7.59539166159031,1.0965487093188704
29,g_s04_k06_from_d02_d03_d06_d07_d12_add_d11,"2,3,6,7,11,12",direct full-sequence ATE forward-greedy trial,0,0.9965095986038395,7.817,8.3259,1.5731,11.182139709676262,10.732834272774554,19.622250706594436,1.2018696967543314,13.65323361463856,0.7828234723249041,8.925276577624192,8.015414129568239,1.0889365747049062,7.833060456123503,1.0900919415412935
30,g_s01_k04_from_d03_d07_d12_add_d13,"3,7,12,13",direct full-sequence ATE forward-greedy trial,0,0.9965095986038395,7.8374,8.7049,1.5218,11.500518913157268,11.093925077012702,19.421169597587728,1.1590647759375738,18.03877187122148,0.8052434572149746,11.120964996516499,8.418680971191588,1.0848755610832155,7.830747613356372,1.0881127442252234
31,swap_k06_0038_d02_d03_d07_d10_d13_d14,"2,3,7,10,13,14",one-channel swap audit around provisional greedy endpoint,0,0.9965095986038395,7.8394,8.6189,1.1009,11.934838444801535,11.395759044135612,21.216944962443748,0.8618687735365161,4.398812102279404,0.5243691480294556,2.739821347656643,8.477335646241306,1.095728181124498,7.838795269040941,1.0992071991936079
32,g_s02_k05_from_d02_d03_d12_d14_add_d01,"1,2,3,12,14",direct full-sequence ATE forward-greedy trial,0,0.9965095986038395,7.8442,8.598,1.2758,11.505917970701498,10.832354413357372,20.30887706572802,0.91847944825566,6.9511489430849585,0.6333625102644642,6.682776193463102,8.626835733145525,1.082851760138238,7.8489422353561,1.0875945133645397
33,g_s02_k06_from_d01_d02_d03_d12_d14_add_d08,"1,2,3,8,12,14",direct full-sequence ATE forward-greedy trial,0,0.9965095986038395,7.9707,8.643,1.2482,12.176764257771849,11.678096866401354,20.402956264996423,0.9142992539892515,6.22669709555395,0.6120372608427526,6.010486603916051,8.581947021248633,1.1004335762179636,7.9820651474326345,1.1042310645801958
34,g_s02_k04_from_d02_d03_d14_add_d01,"1,2,3,14",direct full-sequence ATE forward-greedy trial,0,0.9965095986038395,8.0458,8.9354,1.1908,12.197293071955402,11.531955614409844,21.90224304809496,0.8799077879324038,4.291790301177549,0.6312853198925544,6.573525069741406,8.851270176816024,1.0922121789044574,8.050969766386002,1.097856612070061
35,r_k06_0020_d01_d03_d05_d07_d14_d15,"1,3,5,7,14,15",budget-matched cardinality-stratified random full-sequence control,0,0.9965095986038395,8.0592,8.5774,1.6334000000000002,12.036054625054557,11.514468164051276,20.682137092901872,1.2333113230833996,16.47975524675284,0.7904264370688922,10.78232864267814,8.66375526950714,1.098521511279942,8.065282216826462,1.1047814632513975
36,g_s04_k05_from_d03_d06_d07_d12_add_d02,"2,3,6,7,12",direct full-sequence ATE forward-greedy trial,0,0.9965095986038395,8.0814,8.6171,1.5512,10.95672174932841,10.234417580149195,19.855532226946497,1.1534954995409101,12.18661665929776,0.7794524532968327,8.446566725833291,8.526547801027508,1.0736084898351932,8.088598764743335,1.0765763856590873
37,g_s01_k06_from_d02_d03_d07_d12_d13_add_d06,"2,3,6,7,12,13",direct full-sequence ATE forward-greedy trial,0,0.9965095986038395,8.1428,8.718,1.5371,11.661340731435793,11.18270517444209,20.21341247034235,1.1603704457427368,14.280784903495993,0.7219884460415715,9.235877429174955,8.38227023512647,1.092748293899877,8.155221814890226,1.09363558060991
38,g_s04_k06_from_d02_d03_d06_d07_d12_add_d14,"2,3,6,7,12,14",direct full-sequence ATE forward-greedy trial,0,0.9965095986038395,8.2004,8.7691,1.3256999999999999,11.302596647088246,10.809589628289297,20.794692167316008,1.0066705084588607,8.759659579672103,0.6952372601978742,7.067645276218832,8.50354350278159,1.0829304731375184,8.21380349097937,1.08507648030795
39,g_s04_k05_from_d03_d06_d07_d12_add_d11,"3,6,7,11,12",direct full-sequence ATE forward-greedy trial,0,0.9965095986038395,8.2362,8.9673,1.7009,12.198110353487863,11.63958420931689,22.81057879947411,1.2828136886368837,17.30083427443006,0.7958329046662107,12.227857696276653,8.799487505059538,1.0960238357413,8.250196768312621,1.0996614931751425
40,r_k05_0031_d02_d07_d11_d12_d14,"2,7,11,12,14",budget-matched cardinality-stratified random full-sequence control,0,0.9965095986038395,8.2865,9.1586,1.4499,11.14952748879448,10.622979071082357,17.634734465767643,1.0595424866252072,13.849198579278998,0.6375974077158334,6.604061732789466,8.29437129717536,1.0807236491872712,8.307528372048887,1.0812885854900527
41,g_s01_k03_from_d03_d07_add_d04,"3,4,7",direct full-sequence ATE forward-greedy trial,0,0.9965095986038395,8.287799999999999,8.9918,1.5629,10.280931835248408,9.72394334434617,19.059915223251373,1.1923904035162214,15.323755929888538,0.8932009458913398,13.894025291350554,8.699609327675942,1.0527395860235724,8.295736755829653,1.0517641908942554
42,g_s02_k05_from_d02_d03_d12_d14_add_d04,"2,3,4,12,14",direct full-sequence ATE forward-greedy trial,0,0.9965095986038395,8.3024,9.1578,1.4533,11.785863037350671,11.161703619472549,18.10778357904415,1.1542469102882378,18.391136091001183,0.5305151639085004,2.816781587431037,8.249270184891726,1.09592336479857,8.320553569344867,1.0994304202207728
43,r_k04_0008_d00_d07_d10_d11,"0,7,10,11",budget-matched cardinality-stratified random full-sequence control,0,0.9965095986038395,8.309700000000001,9.0934,1.1905999999999999,13.301178988951143,12.75106861500378,21.657976517482684,0.9034396934796253,5.1183348766673,0.5448629388844749,2.876305556257985,8.8880208753603,1.1174251187914255,8.319759267137243,1.1195699561615093
44,g_s01_k04_from_d03_d07_d12_add_d06,"3,6,7,12",direct full-sequence ATE forward-greedy trial,0,0.9965095986038395,8.3302,9.004900000000001,1.6181,11.657993884990866,11.078610129753336,22.64691117422734,1.2403495770204649,18.387520049816032,0.6520494944156184,5.9316002770270355,8.704339550122581,1.0887985361760941,8.337576432644516,1.092108033067235
45,g_s01_k04_from_d03_d07_d12_add_d08,"3,7,8,12",direct full-sequence ATE forward-greedy trial,0,0.9965095986038395,8.3542,9.07,2.0646999999999998,12.064514096606366,11.570137753598104,22.007680899282562,1.5030775363203142,22.925501047281234,0.8199709884334537,11.081721487961156,8.71788875814517,1.0898136905866045,8.373823610806578,1.0890641997705224
46,g_s01_k05_from_d03_d07_d12_d13_add_d10,"3,7,10,12,13",direct full-sequence ATE forward-greedy trial,0,0.9965095986038395,8.4108,9.1035,1.3896,12.59443467473321,12.01858055924235,21.25807460058945,1.0858766780020987,15.63402389230339,0.5347622286003901,3.0992340831543324,8.659246695347235,1.110530300247442,8.420946758329086,1.1138459281537432
47,r_k06_0017_d01_d02_d03_d05_d07_d11,"1,2,3,5,7,11",budget-matched cardinality-stratified random full-sequence control,0,0.9965095986038395,8.4116,8.8173,1.6476000000000002,11.796885890181896,11.225725245339438,20.58516261848469,1.2444101722316099,16.41714666938732,0.7601984948584787,9.462286094160783,8.807475546055796,1.0927317755515729,8.41936037062921,1.0968915696414736
48,r_k06_0037_d03_d04_d07_d11_d12_d15,"3,4,7,11,12,15",budget-matched cardinality-stratified random full-sequence control,0,0.9965095986038395,8.44,8.9901,1.3962,11.694655756381273,11.05501253511449,21.245935046708674,1.0752714935523215,10.754494630186322,0.7890121105446596,9.79135927713489,8.629143904874152,1.0901732078467197,8.452032408508895,1.0912047462343595
49,g_s02_k03_from_d02_d14_add_d11,"2,11,14",direct full-sequence ATE forward-greedy trial,0,0.9965095986038395,8.4608,9.316,1.48,11.901589819657685,11.422381892189483,19.175462300390507,1.0670961127745908,12.221633193187161,0.706826295571802,8.19642927998954,8.54919686183083,1.091201755032724,8.485455055810812,1.0913086949259492
50,g_s03_k06_from_d03_d10_d12_d14_d15_add_d04,"3,4,10,12,14,15",direct full-sequence ATE forward-greedy trial,0,0.9965095986038395,8.477500000000001,9.0097,1.2063000000000001,12.104261846681668,11.594524257158293,18.49119724144946,0.9519023466161257,9.3946682190379,0.5784922236966034,5.258261114853889,8.533384122518271,1.102551173255001,8.494169466577853,1.1054941000703116
51,g_s01_k05_from_d03_d07_d12_d13_add_d15,"3,7,12,13,15",direct full-sequence ATE forward-greedy trial,0,0.9965095986038395,8.4885,8.924,2.0328,11.283445646931888,10.80963284196915,19.618315532171273,1.5570274907985329,27.387397585407037,0.7843696615161189,11.165675533401359,8.540215506622733,1.085186745686117,8.500206405764555,1.0839143935211848
52,g_s01_k04_from_d03_d07_d12_add_d09,"3,7,9,12",direct full-sequence ATE forward-greedy trial,0,0.9965095986038395,8.4984,9.2355,1.5484,12.388431349971889,11.811883249153775,18.298412460837145,1.1105367072059,14.661271690324176,0.6364823902856147,6.592969844216799,8.580942565435473,1.1019744693404034,8.517333848478428,1.1043338130000826
53,swap_k06_0035_d02_d03_d06_d07_d13_d14,"2,3,6,7,13,14",one-channel swap audit around provisional greedy endpoint,0,0.9965095986038395,8.5337,9.4092,1.3317,12.515828840165657,11.911955551239705,24.912833776857255,1.0063326929334526,10.059143516101281,0.7140607485540972,9.460046433316084,8.843391009209292,1.0989610761367075,8.54574749307833,1.0998920499232134
54,g_s03_k05_from_d03_d10_d12_d14_add_d15,"3,10,12,14,15",direct full-sequence ATE forward-greedy trial,0,0.9965095986038395,8.573,9.0666,1.2925,12.059978589807484,11.562068740842903,19.50736889307559,1.0089857095110737,10.631421284366862,0.591996386118233,5.13798204278574,8.76063826047524,1.0989101009137483,8.589698204414583,1.1011235439672902
55,g_s02_k06_from_d01_d02_d03_d12_d14_add_d00,"0,1,2,3,12,14",direct full-sequence ATE forward-greedy trial,0,0.9965095986038395,8.619,9.3166,1.1392,12.480930969551235,11.88252414359445,21.167107461673957,0.8924801902513638,5.778629549496866,0.5839703253065082,6.354662443098213,8.976305369079633,1.1013752106974692,8.63065473897068,1.103879928742179
56,swap_k06_0050_d02_d03_d07_d12_d14_d15,"2,3,7,12,14,15",one-channel swap audit around provisional greedy endpoint,0,0.9965095986038395,8.648,9.2153,1.7285,11.415309394560797,10.894692842934651,21.276342760670953,1.3102976479927355,20.40366256132066,0.7616891304607483,8.990270735406787,8.861380214416862,1.0788575165941445,8.663667891867329,1.0795140569325399
57,swap_k06_0040_d02_d03_d07_d13_d14_d15,"2,3,7,13,14,15",one-channel swap audit around provisional greedy endpoint,0,0.9965095986038395,8.6827,9.3724,1.3603,12.384923468612518,11.679084002482165,24.925929003883564,1.005845187739385,10.562403760953936,0.7347684259118246,10.276243518451814,9.06454924262819,1.0951634635821006,8.687966710838651,1.097988512517127
58,g_s02_k05_from_d02_d03_d12_d14_add_d08,"2,3,8,12,14",direct full-sequence ATE forward-greedy trial,0,0.9965095986038395,8.6973,9.5887,1.4853,13.007469555722626,12.57151723421856,19.44775241592797,1.1237505963170655,15.678826446439079,0.5910385445609341,5.403111725370653,9.122868492608136,1.1070095478723716,8.714996140484715,1.1122107848803318
59,g_s03_k06_from_d03_d10_d12_d14_d15_add_d02,"2,3,10,12,14,15",direct full-sequence ATE forward-greedy trial,0,0.9965095986038395,8.7493,9.4039,1.2971,12.38140869512082,11.89139996652915,18.158255991730464,1.0214387217882384,13.202020131632153,0.5477975941592398,4.1247873398362636,8.750481946444506,1.1033629325061205,8.767013104938876,1.106079370253855
60,g_s04_k03_from_d06_d12_add_d03,"3,6,12",direct full-sequence ATE forward-greedy trial,0,0.9965095986038395,8.7621,9.4884,1.9121,11.540816852693391,10.998778648408475,21.15871730836468,1.5080149739629063,23.780651039533176,0.7716588196814015,8.90228565865812,8.810420456424396,1.080816093908117,8.784472744554392,1.0746093614703909
61,g_s02_k04_from_d02_d03_d14_add_d05,"2,3,5,14",direct full-sequence ATE forward-greedy trial,0,0.9965095986038395,8.8502,9.5277,1.4211,12.188214218655622,11.74393547339085,17.37218908652092,1.077611059389581,13.961085941275067,0.5941159052220665,5.517620731198762,9.557123399443682,1.0832867406242548,8.857625686344965,1.0932082170380744
62,g_s02_k05_from_d02_d03_d12_d14_add_d00,"0,2,3,12,14",direct full-sequence ATE forward-greedy trial,0,0.9965095986038395,8.8533,9.9146,1.1372,12.661762796058545,12.019883214674982,21.628127839332176,0.8754170765931167,4.780449925141716,0.5253183723709446,3.2238295639537493,9.734484814968948,1.0847220781549298,8.850240891301727,1.0898825663156824
63,g_s02_k04_from_d02_d03_d14_add_d10,"2,3,10,14",direct full-sequence ATE forward-greedy trial,0,0.9965095986038395,8.8562,9.7003,1.1095000000000002,12.59275267014549,12.002060072764529,22.756232103435515,0.8700630761957358,4.7286935657934785,0.5267368585327986,2.5324438743731292,9.479273491873007,1.0918692638160177,8.854357362746672,1.0960224450915055
64,g_s03_k04_from_d10_d12_d14_add_d03,"3,10,12,14",direct full-sequence ATE forward-greedy trial,0,0.9965095986038395,8.8704,9.8462,1.1221999999999999,12.624329867659329,11.99935456690247,22.090971949110504,0.8898812415057177,7.187361602817241,0.5382152722568958,4.562417340200624,9.626675913892212,1.0877263234794747,8.867730665133251,1.0925994132940706
65,r_k03_0035_d03_d10_d12,"3,10,12",budget-matched cardinality-stratified random full-sequence control,0,0.9965095986038395,8.8752,9.3876,1.2999,12.97249663338365,12.472391491680876,20.03361208391994,1.028241028114613,12.246730313940944,0.5409578705251344,3.784686321482932,9.254040898586101,1.1113998133110936,8.883273075930218,1.1164069765974838
66,g_s02_k05_from_d02_d03_d12_d14_add_d11,"2,3,11,12,14",direct full-sequence ATE forward-greedy trial,0,0.9965095986038395,8.8953,9.690999999999999,1.3133000000000001,12.5975966024959,11.997580603012612,23.821963479591723,0.994487748724459,7.945666703984378,0.7576304755638588,9.328363192233873,9.35467211486458,1.0922895862650925,8.907646843495272,1.0971333528497533
67,r_k05_0019_d01_d03_d11_d14_d15,"1,3,11,14,15",budget-matched cardinality-stratified random full-sequence control,0,0.9965095986038395,8.9129,9.6274,2.0767,12.497173303007,11.994088033220837,22.328136334353506,1.5872000433095736,26.002184197988477,0.9054537567301828,11.179498612239335,8.99993603432007,1.0985212109678362,8.935880402357302,1.096041556794157
68,swap_k06_0029_d02_d03_d11_d12_d13_d14,"2,3,11,12,13,14",one-channel swap audit around provisional greedy endpoint,0,0.9965095986038395,8.914900000000001,10.0176,1.6760000000000002,12.209010250211731,11.485487799546593,19.445474332395055,1.3276581867005408,23.782109688780263,0.5937841511600662,4.920199039202756,8.769801269774694,1.091975576831103,8.934577885316928,1.090793430578608
69,r_k05_0037_d03_d06_d07_d09_d10,"3,6,7,9,10",budget-matched cardinality-stratified random full-sequence control,0,0.9965095986038395,8.9227,9.7385,1.2248999999999999,12.673318059749148,12.03801434366622,20.72929100145759,0.921263044075624,7.236804640833619,0.5611917299149823,4.494837749364969,9.625511148002014,1.092741034930335,8.920030189883942,1.0963493594734932
70,g_s01_k03_from_d03_d07_add_d10,"3,7,10",direct full-sequence ATE forward-greedy trial,0,0.9965095986038395,8.996500000000001,9.4741,1.421,11.940792471059705,11.218104915981773,23.50911026692262,1.072462809169065,11.83171345554405,0.6375137723131308,7.562370185943224,9.39655907459654,1.086261257757172,9.00269303973412,1.0877711898405658
71,g_s01_k04_from_d03_d07_d12_add_d02,"2,3,7,12",direct full-sequence ATE forward-greedy trial,0,0.9965095986038395,9.0155,9.6011,1.6898,11.435454832725537,10.956920590420815,20.794004736909947,1.308264128035273,21.19552103825601,0.7338803599536188,9.515041337905668,9.131186457700533,1.0723794313773949,9.027243229661375,1.073462741324026
72,swap_k06_0043_d02_d03_d04_d07_d12_d14,"2,3,4,7,12,14",one-channel swap audit around provisional greedy endpoint,0,0.9965095986038395,9.061,10.1737,1.5816000000000001,12.033036459726281,11.2155260656112,19.760911764655813,1.2289257445319313,21.1104735131418,0.5486380139962796,2.727963419542209,9.052936493827339,1.0825909869439136,9.074326538277768,1.0856526421231596
73,r_k06_0030_d02_d03_d08_d10_d11_d14,"2,3,8,10,11,14",budget-matched cardinality-stratified random full-sequence control,0,0.9965095986038395,9.0739,9.7002,1.1309,13.595720994178937,13.176696798783494,20.813383226578537,0.891780873346081,5.061779842241573,0.5309823902391984,2.8672670915837846,9.433553400906655,1.1184580462717513,9.083539831251803,1.1211032237522682
74,g_s02_k04_from_d02_d03_d14_add_d13,"2,3,13,14",direct full-sequence ATE forward-greedy trial,0,0.9965095986038395,9.0809,9.7665,1.2614999999999998,12.719999824334478,12.121920954854131,24.536630388233153,0.9767212841128609,10.88944633129469,0.7162520576804187,9.906434987703417,9.610080056006378,1.0949878407968232,9.080413272647432,1.0985870936246387
75,g_s04_k03_from_d06_d12_add_d14,"6,12,14",direct full-sequence ATE forward-greedy trial,0,0.9965095986038395,9.0909,9.6309,1.6631,11.831365468244016,11.326652286925572,19.908193501808302,1.2100253418056375,12.848339660595451,0.9265461372754292,11.221311550373146,9.207847055768625,1.078886740957596,9.106023306635741,1.0816655509685325
76,g_s01_k06_from_d02_d03_d07_d12_d13_add_d11,"2,3,7,11,12,13",direct full-sequence ATE forward-greedy trial,0,0.9965095986038395,9.1112,9.633700000000001,1.7504,12.325824884871471,11.862743570313745,20.760607488042996,1.3559252899838508,22.0881667515083,0.6739297093271265,9.242183963476629,9.140181108761702,1.0964700604862616,9.122724941612297,1.0981346983329496
77,g_s02_k03_from_d02_d14_add_d09,"2,9,14",direct full-sequence ATE forward-greedy trial,0,0.9965095986038395,9.1192,9.7427,1.1069,12.860940046042563,12.41773486051096,20.86401064270656,0.8879008486632133,4.393169715335241,0.5237561461904707,2.0907818564006613,9.51458832534076,1.10163421816768,9.12025124443055,1.107595586163242
78,g_s02_k04_from_d02_d03_d14_add_d07,"2,3,7,14",direct full-sequence ATE forward-greedy trial,0,0.9965095986038395,9.1528,9.9407,1.8036,11.644838798577098,11.127077575724313,18.270991241990384,1.3912832303192524,23.61283757143669,0.7195168180142361,8.490612579147937,9.268188383467432,1.072736912700231,9.169109616713346,1.0715942063257118
79,swap_k06_0041_d00_d02_d03_d07_d12_d14,"0,2,3,7,12,14",one-channel swap audit around provisional greedy endpoint,0,0.9965095986038395,9.1599,10.1731,1.1962000000000002,12.500556687070684,11.713047341696923,23.716495563603992,0.8924781131293629,4.651759567501242,0.5530255162675758,3.818216986781604,9.87603863629047,1.078012499355411,9.152466387550815,1.0827136172412541
80,g_s02_k04_from_d02_d03_d14_add_d08,"2,3,8,14",direct full-sequence ATE forward-greedy trial,0,0.9965095986038395,9.1689,9.699399999999999,1.6108,12.194135710943518,11.439573348152235,22.179373736201196,1.1718203762722714,11.64241261672878,0.7954007404282724,9.541325760572049,9.479188774099915,1.0832058625348915,9.18699463065022,1.0839596501160476
81,g_s01_k05_from_d03_d07_d12_d13_add_d04,"3,4,7,12,13",direct full-sequence ATE forward-greedy trial,0,0.9965095986038395,9.191199999999998,9.908999999999999,1.6045,11.946694225995794,11.61359882120997,19.71803546594126,1.231126080626694,18.29941421434072,0.8364032094186034,11.521008201100301,9.141027145219361,1.083176836010802,9.209996081745263,1.0815631153678917
82,r_k05_0045_d06_d07_d10_d11_d12,"6,7,10,11,12",budget-matched cardinality-stratified random full-sequence control,0,0.9965095986038395,9.219,9.6777,1.3953,12.537844559732683,11.824938021939204,23.363600982337058,1.055595856996295,10.298532943531564,0.6081339902930991,5.784218987999591,9.319917056523593,1.1007473242919863,9.230548737469157,1.1032711806588142
83,swap_k06_0015_d02_d06_d07_d12_d13_d14,"2,6,7,12,13,14",one-channel swap audit around provisional greedy endpoint,0,0.9965095986038395,9.248000000000001,10.3399,1.5953,12.468421437974593,11.660258960870285,19.815364696209137,1.2241861092748687,20.69916470252406,0.5415445978944677,2.630825595013207,9.080334677104371,1.0931150092730275,9.257955240277234,1.0937363205598256
84,r_k05_0001_d00_d01_d02_d03_d06,"0,1,2,3,6",budget-matched cardinality-stratified random full-sequence control,0,0.9965095986038395,9.2705,9.9452,1.2783,13.47276462559458,12.979688869785724,22.611548919427634,0.9944240795225366,9.742934423485746,0.6217090817260426,6.186974249431683,9.368825629942567,1.1161101380578122,9.29046341727939,1.1185888690865917
85,g_s01_k06_from_d02_d03_d07_d12_d13_add_d00,"0,2,3,7,12,13",direct full-sequence ATE forward-greedy trial,0,0.9965095986038395,9.271799999999999,10.0704,1.4206999999999999,12.986095237841905,12.302763911859074,20.948598098821908,1.1146808755930955,16.812861261806493,0.5318984635579933,3.20571024177932,9.50953264607949,1.10338958806849,9.280144674564712,1.1068599902240983
86,g_s02_k05_from_d02_d03_d12_d14_add_d05,"2,3,5,12,14",direct full-sequence ATE forward-greedy trial,0,0.9965095986038395,9.3057,10.0471,1.4379,12.153572202549432,11.607856598378293,17.47077460247122,1.1104865880270307,16.08310784772492,0.569906561300364,3.8890893579002292,9.854177681773564,1.0756361832536283,9.312099802871026,1.0838095942360486
87,g_s02_k04_from_d02_d03_d14_add_d04,"2,3,4,14",direct full-sequence ATE forward-greedy trial,0,0.9965095986038395,9.3203,10.6868,1.7191,12.04249644660858,11.075127661783354,20.891204138298818,1.3747183135560643,25.017989003416723,0.6007345804338936,5.593052516815576,9.074173991393385,1.075775669208449,9.344979679801876,1.0743367888817974
88,r_k06_0012_d00_d04_d06_d09_d11_d14,"0,4,6,9,11,14",budget-matched cardinality-stratified random full-sequence control,0,0.9965095986038395,9.322999999999999,10.012500000000001,1.2411999999999999,14.167928447233816,13.620136798255956,22.50910275298489,0.9691416393648236,7.182906404836152,0.5590036592099636,3.206971786845011,9.582203657915397,1.1277245215950635,9.337225013769162,1.1292086059091477
89,swap_k06_0009_d03_d07_d11_d12_d13_d14,"3,7,11,12,13,14",one-channel swap audit around provisional greedy endpoint,0,0.9965095986038395,9.3288,10.2605,2.0140000000000002,12.172653651853075,11.666043192771323,19.36955657257545,1.6119930912539808,28.643331497118872,0.7476041885094573,10.139911002682988,9.201390497288864,1.0860687080399665,9.349215450363554,1.0838112520714633
90,r_k06_0033_d02_d06_d11_d12_d13_d15,"2,6,11,12,13,15",budget-matched cardinality-stratified random full-sequence control,0,0.9965095986038395,9.335799999999999,9.786100000000001,1.2703,12.450503034049131,11.899406489014053,18.807542802661935,0.970125422148429,8.041462816731965,0.6212686379871437,6.446244989532155,9.039772330617096,1.101810419042843,9.354173013931886,1.102703781982707
91,g_s02_k05_from_d02_d03_d12_d14_add_d13,"2,3,12,13,14",direct full-sequence ATE forward-greedy trial,0,0.9965095986038395,9.3528,10.3471,1.582,12.419897336599965,11.759234476785961,18.831692869803334,1.2493452131074128,21.184447198674064,0.5358036585749854,3.5352890979616105,9.170417542551093,1.0918835258661055,9.372733850797523,1.091581913227528
92,r_k05_0022_d01_d07_d08_d12_d13,"1,7,8,12,13",budget-matched cardinality-stratified random full-sequence control,0,0.9965095986038395,9.3779,10.2724,1.5342,14.61780474095646,13.891938984452723,22.630579322678376,1.172667449438497,17.419306142000703,0.8079808668171,13.393911599607321,9.8652698379109,1.128742952051675,9.38244251335128,1.132220670452382
93,g_s03_k04_from_d10_d12_d14_add_d09,"9,10,12,14",direct full-sequence ATE forward-greedy trial,0,0.9965095986038395,9.3904,10.1384,1.0155,13.333777596733826,12.95069792966447,21.659530261536716,0.8445866506543236,3.6096334945419146,0.5139111158650164,2.183135681907067,9.75969646329247,1.1045358466473019,9.394541002765271,1.109678880178188
94,g_s04_k06_from_d02_d03_d06_d07_d12_add_d10,"2,3,6,7,10,12",direct full-sequence ATE forward-greedy trial,0,0.9965095986038395,9.417300000000001,10.3314,1.1871,12.796307064406426,12.111567323536727,22.555678784591297,0.9189866151387597,8.09857997211656,0.5507839676962467,4.616836847900048,10.11997020829407,1.0835985141151447,9.410783611936964,1.0891279587004123
95,g_s01_k05_from_d03_d07_d12_d13_add_d11,"3,7,11,12,13",direct full-sequence ATE forward-greedy trial,0,0.9965095986038395,9.4182,10.0522,2.0528999999999997,12.506297295264703,11.804878997343751,23.95197157441663,1.5902381061484512,26.08033372642572,0.7699411884209229,10.793848801915791,9.524460361682712,1.0910616228591175,9.422851283434502,1.0926258539224958
96,g_s01_k03_from_d03_d07_add_d09,"3,7,9",direct full-sequence ATE forward-greedy trial,0,0.9965095986038395,9.467699999999999,10.568,2.1534999999999997,15.137991160737338,13.518004279733924,39.71990211542899,1.4926295661888869,26.750267708643243,1.3936764004366617,27.18294487782333,10.877393436557167,1.084348807265323,9.479037034794278,1.0908954955936871
97,g_s03_k03_from_d10_d14_add_d12,"10,12,14",direct full-sequence ATE forward-greedy trial,0,0.9965095986038395,9.47,10.1569,1.0158,13.34990051471249,12.966406298174935,22.644254308387225,0.8519280471253641,3.526177933243667,0.5131394424710422,1.9941736120501679,9.824963964700375,1.104311551833014,9.47466680974782,1.109530329251748
98,g_s02_k05_from_d02_d03_d12_d14_add_d15,"2,3,12,14,15",direct full-sequence ATE forward-greedy trial,0,0.9965095986038395,9.5068,10.408100000000001,1.51,12.356608414860865,11.771226231829978,20.380973619476173,1.1363522585739767,16.859613725297958,0.6217817374687923,6.650449188005387,9.445779474312284,1.0861182935394746,9.52984048015631,1.0873888425730929
99,swap_k06_0037_d02_d03_d07_d09_d13_d14,"2,3,7,9,13,14",one-channel swap audit around provisional greedy endpoint,0,0.9965095986038395,9.5165,10.0576,1.1221,12.923982287544492,12.448601465545964,20.323746026266214,0.8745703756535583,4.7510087913438115,0.6140178918426442,6.8697627000500585,9.388129957323608,1.104466203552885,9.534285671198672,1.1071555016001917
100,g_s03_k03_from_d10_d14_add_d11,"10,11,14",direct full-sequence ATE forward-greedy trial,0,0.9965095986038395,9.5292,10.2135,1.1683000000000001,13.766469953839074,13.227174696326399,23.548349182353544,0.9250681693475162,7.332206874617878,0.5588818461365658,4.55882158203808,9.973788909178472,1.1125258961375821,9.533899788960234,1.1142416535366204
101,g_s03_k06_from_d03_d10_d12_d14_d15_add_d13,"3,10,12,13,14,15",direct full-sequence ATE forward-greedy trial,0,0.9965095986038395,9.5792,9.9135,1.3557,12.961503353534576,12.456405377810913,20.596545144746205,1.0585275701630006,12.936540073791233,0.6542441269051736,8.282663156931301,9.639343196212124,1.1051694668540335,9.591977750894982,1.1081727428263641
102,g_s03_k04_from_d10_d12_d14_add_d02,"2,10,12,14",direct full-sequence ATE forward-greedy trial,0,0.9965095986038395,9.6331,10.5006,1.0921999999999998,12.968215733209892,12.32370344241441,22.859443153267126,0.8725769553082006,3.679718231805683,0.5243254238926875,2.004478237999656,10.292669696286104,1.0847450347078818,9.627366077619886,1.0918897691506806
103,g_s02_k05_from_d02_d03_d12_d14_add_d06,"2,3,6,12,14",direct full-sequence ATE forward-greedy trial,0,0.9965095986038395,9.684099999999999,10.3182,1.6945000000000001,12.197016263005587,11.74421545539238,19.894908421586845,1.2935901032930262,20.379513394816872,0.7400454253713717,8.185990000736192,9.72868152869848,1.0786744534697408,9.703733125383872,1.0806233202518314
104,g_s01_k04_from_d03_d07_d12_add_d05,"3,5,7,12",direct full-sequence ATE forward-greedy trial,0,0.9965095986038395,9.7001,10.5785,1.6264,12.174279850633724,11.557247279290161,19.721686163554725,1.2738909264952707,20.47297015146738,0.6086707256163912,5.223453850306592,9.60881848701099,1.0773200782831696,9.716271772321813,1.08111507671939
105,g_s04_k04_from_d03_d06_d12_add_d01,"1,3,6,12",direct full-sequence ATE forward-greedy trial,0,0.9965095986038395,9.7121,10.6422,1.727,13.972458364504561,13.414052787530162,23.979167463112848,1.2952577066603104,18.2484270019056,0.857874588420097,11.72467101419979,10.562047291129264,1.1019844044511968,9.708578118115211,1.1075719849323336
106,g_s04_k05_from_d03_d06_d07_d12_add_d04,"3,4,6,7,12",direct full-sequence ATE forward-greedy trial,0,0.9965095986038395,9.733500000000001,10.9757,1.8526,12.443223635916103,11.543021504760208,20.60005892731855,1.4634969238286817,26.759720702268602,0.6342935050542451,5.451622788918009,9.501690213013697,1.080075089119343,9.751563303126607,1.079152233060006
107,g_s01_k04_from_d03_d07_d12_add_d10,"3,7,10,12",direct full-sequence ATE forward-greedy trial,0,0.9965095986038395,9.7518,10.485999999999999,1.5217,12.93038839400739,12.180688357376637,21.538143209082357,1.1841038702049551,18.66931989068188,0.5444558698751792,3.5793936286356605,9.895907445409387,1.0963131802146557,9.759873640012929,1.0995707061629274
108,g_s02_k03_from_d02_d14_add_d04,"2,4,14",direct full-sequence ATE forward-greedy trial,0,0.9965095986038395,9.7529,10.531799999999999,1.323,12.656159387408037,12.01406804887325,23.009208622922944,1.0223062636042068,12.1641522897217,0.5500050599988451,3.109603237376446,10.087735595954845,1.0838076559744745,9.749839261956676,1.0893562111813455
109,g_s04_k05_from_d03_d06_d07_d12_add_d14,"3,6,7,12,14",direct full-sequence ATE forward-greedy trial,0,0.9965095986038395,9.7921,10.477699999999999,1.5217,12.699967795920317,12.243535370472307,22.923497937880594,1.1646596484916738,13.11013622652896,0.8016394227159083,9.870003757105543,10.061192968443757,1.082694074205938,9.804213948844936,1.0852937418403434
110,r_k04_0034_d03_d05_d08_d14,"3,5,8,14",budget-matched cardinality-stratified random full-sequence control,0,0.9965095986038395,9.8141,10.660699999999999,1.5599999999999998,13.334371308207697,12.779561151064348,22.861841854441014,1.191413545394468,13.647509201740975,0.650132214594613,5.354454801873614,10.359957908521093,1.090770481779451,9.827664281086578,1.0964831823553471
111,g_s01_k03_from_d03_d07_add_d06,"3,6,7",direct full-sequence ATE forward-greedy trial,0,0.9965095986038395,9.834,10.7458,2.2834,12.845139516699428,12.011815752727937,24.47657008270144,1.656594445655008,25.239478233566498,0.8380577057653217,11.89657212250229,10.284799364564186,1.080429890028377,9.850871007253094,1.0749627141038587
112,g_s04_k06_from_d02_d03_d06_d07_d12_add_d09,"2,3,6,7,9,12",direct full-sequence ATE forward-greedy trial,0,0.9965095986038395,9.8714,10.3707,1.5992,12.609025778795328,12.006915978879636,22.15843468082547,1.1970117079362823,17.716177352961797,0.6902940475906033,9.415021361910211,9.939571885037585,1.0874702546968182,9.879868382827645,1.0912280639408634
113,swap_k06_0021_d00_d02_d03_d12_d13_d14,"0,2,3,12,13,14",one-channel swap audit around provisional greedy endpoint,0,0.9965095986038395,9.8837,10.4495,1.3901000000000001,13.296987043644979,12.762861168665673,20.680708289672413,1.077935081221049,14.858745963143644,0.53813787279247,3.461265000050738,10.367178545806018,1.0981263145636722,9.889510159971445,1.1044020082803088
114,g_s04_k04_from_d03_d06_d12_add_d02,"2,3,6,12",direct full-sequence ATE forward-greedy trial,0,0.9965095986038395,9.8934,10.7474,1.4491,12.88798552234216,12.395695116286957,23.666625678774338,1.139079579859095,14.025770904995033,0.7473096179175568,8.804971497047891,9.934904118496936,1.0864926322757538,9.912200113543248,1.088505514508691
115,r_k03_0048_d07_d10_d11,"7,10,11",budget-matched cardinality-stratified random full-sequence control,0,0.9965095986038395,9.907,10.674,1.4671,13.655317341342634,12.930466249917174,23.06612005068204,1.151326852004307,16.695175063077976,0.5585788929055272,4.470736991452854,9.784151109163965,1.1119989007099442,9.92267393806333,1.112543012223343
116,g_s02_k05_from_d02_d03_d12_d14_add_d10,"2,3,10,12,14",direct full-sequence ATE forward-greedy trial,0,0.9965095986038395,9.924,10.6534,1.3853,13.19130513650348,12.534927272758484,20.770898188345964,1.0988562358528526,16.22047432181823,0.5263634637376619,2.3229182448485877,10.13008327724332,1.097951975352497,9.931129804883064,1.1021847731562862
117,r_k04_0042_d04_d07_d10_d14,"4,7,10,14",budget-matched cardinality-stratified random full-sequence control,0,0.9965095986038395,9.9555,10.516200000000001,0.992,13.310776242641126,12.99319635163683,22.264386466613505,0.8290219227568625,3.550290595004203,0.5112758056208611,2.0416567842836817,10.111428906734057,1.1005676025108635,9.960503155440568,1.105216382926379
118,g_s03_k05_from_d03_d10_d12_d14_add_d09,"3,9,10,12,14",direct full-sequence ATE forward-greedy trial,0,0.9965095986038395,9.9656,10.8302,1.4804,13.872879540261312,13.224570631679503,19.964997069456416,1.1645217361231146,18.44429774279822,0.5441909997025957,2.982940836891107,9.75025835514618,1.1155693446738006,9.988462424521636,1.1170438027141565
119,g_s04_k05_from_d03_d06_d07_d12_add_d08,"3,6,7,8,12",direct full-sequence ATE forward-greedy trial,0,0.9965095986038395,9.9672,10.6493,1.6235,13.016636375457486,12.726695135719627,20.388547616510404,1.2586046914684506,16.785663578330436,0.773109990096976,9.545816024663754,10.0594222451868,1.0932358275351004,9.985296856115776,1.0925562369450144
120,g_s03_k05_from_d03_d10_d12_d14_add_d06,"3,6,10,12,14",direct full-sequence ATE forward-greedy trial,0,0.9965095986038395,9.9769,10.8418,1.5688,13.336382822177809,12.654264323097802,22.13798677220435,1.2153922995996795,19.42747861511873,0.567376447921253,3.973569827854016,9.96817563444897,1.1005972301653608,9.995076222598536,1.1008195249639163
121,r_k06_0031_d02_d03_d09_d10_d13_d15,"2,3,9,10,13,15",budget-matched cardinality-stratified random full-sequence control,0,0.9965095986038395,9.990400000000001,10.432,1.4189,13.739811592835144,13.184015203574498,21.804442539834213,1.0837631520772768,14.421642486758929,0.5553099623209433,3.46964746415236,10.201283808538154,1.1137892684233393,9.99651986001511,1.1181956406664901
122,g_s02_k04_from_d02_d03_d14_add_d11,"2,3,11,14",direct full-sequence ATE forward-greedy trial,0,0.9965095986038395,10.022,11.0943,1.8845,12.65556464957656,12.014167974937392,21.975645642418023,1.45954883753319,25.091879323626603,0.786445687382857,8.42888424143974,9.971519140410914,1.0769998966694,10.052269018113853,1.0750611013940088
123,g_s01_k06_from_d02_d03_d07_d12_d13_add_d01,"1,2,3,7,12,13",direct full-sequence ATE forward-greedy trial,0,0.9965095986038395,10.025599999999999,10.9838,1.4018,13.77355103145336,13.026047672097448,26.329765525593054,1.0399077799239984,13.43005192298036,0.7782485226543523,11.330977174143333,10.594762022475003,1.094837546393567,10.02196958120277,1.1006689075627125
124,g_s02_k06_from_d01_d02_d03_d12_d14_add_d13,"1,2,3,12,13,14",direct full-sequence ATE forward-greedy trial,0,0.9965095986038395,10.0696,11.039,1.3406,14.689078568746073,13.90203906459373,29.58083834664118,1.0987597279024846,15.729099103574764,0.7413873990461961,10.848479937947134,10.719431393228765,1.1159947535548733,10.06914675260009,1.1241938075271827
125,swap_k06_0032_d01_d02_d03_d07_d13_d14,"1,2,3,7,13,14",one-channel swap audit around provisional greedy endpoint,0,0.9965095986038395,10.0736,10.8654,2.0774,12.987943213368453,12.20620750663631,21.667728951221303,1.623866102348414,28.50239578700543,0.8208840381870118,11.933738831452471,9.976638873134194,1.092357710622014,10.08302597605976,1.0918233843568976
126,g_s01_k06_from_d02_d03_d07_d12_d13_add_d08,"2,3,7,8,12,13",direct full-sequence ATE forward-greedy trial,0,0.9965095986038395,10.0885,10.996699999999999,1.8415000000000001,13.20796612940307,12.799239324907512,19.64925549723773,1.4341341184327265,25.265975240312954,0.6849389398046173,9.275035762463482,9.952670576393679,1.0956756877724008,10.108295356541461,1.0937784583531727
127,g_s04_k05_from_d03_d06_d07_d12_add_d09,"3,6,7,9,12",direct full-sequence ATE forward-greedy trial,0,0.9965095986038395,10.105699999999999,10.9846,1.2646,13.363096581204726,12.765991708154015,25.175849650087667,0.9437392663121763,6.688194656710761,0.6738772147299729,8.872241817627284,10.666452133480002,1.08374344951098,10.100810148461676,1.0890693670625606
128,r_k05_0011_d00_d07_d09_d10_d14,"0,7,9,10,14",budget-matched cardinality-stratified random full-sequence control,0,0.9965095986038395,10.1109,10.8836,1.028,14.296662219519227,13.965207251693679,22.267964079545635,0.851763377676663,3.601920396972081,0.5224501708640937,2.1430455680520843,10.428701554583384,1.1141909319354277,10.11789941448287,1.117849378710624
129,g_s01_k03_from_d03_d07_add_d14,"3,7,14",direct full-sequence ATE forward-greedy trial,0,0.9965095986038395,10.1547,10.8131,1.9259,13.881159055004447,13.052918076017301,25.978051169447003,1.3702071365816682,19.26468327195813,0.8641670043241785,11.06443050362656,10.684909780578373,1.0931561513417727,10.161857842597401,1.0985503386720035
130,r_k06_0009_d00_d02_d03_d04_d08_d15,"0,2,3,4,8,15",budget-matched cardinality-stratified random full-sequence control,0,0.9965095986038395,10.157,11.1316,1.6883,14.252276803886971,13.687215464620808,22.295117237236177,1.3002934103788015,21.005101738264763,0.5827774045342532,3.6529296295540923,9.944156931470683,1.1182776734096747,10.182748816153532,1.1189726033203282
131,g_s04_k06_from_d02_d03_d06_d07_d12_add_d00,"0,2,3,6,7,12",direct full-sequence ATE forward-greedy trial,0,0.9965095986038395,10.1792,10.8354,1.3762,13.362680831724683,12.741443716939349,22.06100716934633,1.0621997759434962,12.376535637410589,0.5610349801029871,3.4067031527287615,10.412685685662446,1.0957994482233215,10.18386953810311,1.1011407368360746
132,swap_k06_0001_d00_d03_d07_d12_d13_d14,"0,3,7,12,13,14",one-channel swap audit around provisional greedy endpoint,0,0.9965095986038395,10.1792,10.8782,1.7957,13.758742491614653,13.155499241807464,22.990993559274493,1.420132101729366,24.88210263320623,0.6053545182045694,6.877964468281361,10.106322349225973,1.109945540757393,10.195036597760375,1.1121634226745292
133,r_k05_0024_d02_d03_d04_d05_d14,"2,3,4,5,14",budget-matched cardinality-stratified random full-sequence control,0,0.9965095986038395,10.2046,11.1563,1.5389,12.84149362485168,12.12655128806433,21.030829474709282,1.2119636669457696,20.12407554585805,0.5525167964354492,3.1778788367599633,10.505060546661344,1.0759333276436418,10.21221226828194,1.0830265720642394
134,g_s01_k04_from_d03_d07_d12_add_d14,"3,7,12,14",direct full-sequence ATE forward-greedy trial,0,0.9965095986038395,10.2311,11.3662,1.8450000000000002,12.746921154003546,12.161590796605863,19.916546232286127,1.458175322405091,25.554626543424426,0.7382358271094775,8.207815394852817,10.210236421362994,1.074984417446014,10.249745599774036,1.0745100983117282
135,g_s02_k04_from_d02_d03_d14_add_d15,"2,3,14,15",direct full-sequence ATE forward-greedy trial,0,0.9965095986038395,10.2382,11.508500000000002,1.81,13.20572902490632,12.41626760534833,21.77911864728595,1.3781960721955298,23.912720417370945,0.6514574983398179,5.944894293171445,10.017944839248237,1.0876919466486936,10.26345055266771,1.0877379730358259
136,r_k03_0034_d03_d08_d13,"3,8,13",budget-matched cardinality-stratified random full-sequence control,0,0.9965095986038395,10.252600000000001,11.2138,1.9615,14.22766227408118,13.341377057453363,29.417271168629295,1.4865668916741277,18.551996896901198,0.8517450124690682,10.138360715204524,10.67229758513744,1.102040126309847,10.268599439192986,1.097770455935848
137,r_k03_0031_d03_d06_d13,"3,6,13",budget-matched cardinality-stratified random full-sequence control,0,0.9965095986038395,10.2537,11.0219,2.1168,13.662805481733228,13.090368853242504,22.782512658815907,1.640732135547711,28.891302517761176,0.8670781158087283,10.796891670909378,10.013643053658088,1.1058450367625192,10.279950063118843,1.1005905912079323
138,swap_k06_0036_d02_d03_d07_d08_d13_d14,"2,3,7,8,13,14",one-channel swap audit around provisional greedy endpoint,0,0.9965095986038395,10.257900000000001,11.6493,1.7558,13.787632153115181,12.962487753550855,22.63850696539034,1.3378777256796532,24.14620296234757,0.559978692021647,3.537108436480535,9.965116469449177,1.1008223189056936,10.276441680112013,1.0982208663021897
139,g_s04_k06_from_d02_d03_d06_d07_d12_add_d15,"2,3,6,7,12,15",direct full-sequence ATE forward-greedy trial,0,0.9965095986038395,10.2772,11.459900000000001,1.7759,12.920442271117441,12.005146323520826,21.091723760715595,1.3897890043360825,24.351868560868915,0.6712031953326517,5.784679216331839,9.996347334947291,1.082741744878269,10.29559175380944,1.0827518880867668
140,g_s02_k03_from_d02_d14_add_d10,"2,10,14",direct full-sequence ATE forward-greedy trial,0,0.9965095986038395,10.2786,10.968300000000001,1.0243,14.03392750370969,13.655462020177547,24.302038398116967,0.8579206250256609,3.588143995132899,0.5251498106894313,2.245198363552561,10.584739843287494,1.1064416292232078,10.282238641628647,1.1113482725271355
141,g_s04_k05_from_d03_d06_d07_d12_add_d01,"1,3,6,7,12",direct full-sequence ATE forward-greedy trial,0,0.9965095986038395,10.2895,11.1901,1.3925,13.848015281710829,13.065875079619161,24.816818239366345,1.0624374745148806,9.92069216646046,0.8222059656730316,11.157403926907415,10.724655774952357,1.0943121092338906,10.292897608718945,1.1001696451905736
142,r_k06_0029_d02_d03_d04_d06_d07_d13,"2,3,4,6,7,13",budget-matched cardinality-stratified random full-sequence control,0,0.9965095986038395,10.3318,11.0522,1.999,12.766725912763393,12.189373209733736,20.77450241969559,1.5734996530961838,27.799665305471144,0.7601830903500202,9.566897285850242,10.17442059544804,1.0823342771579492,10.348659985974477,1.0798044637188868
143,g_pair_seed_sweep_d02_d14,"2,14",exhaustive two-channel full-sequence seed sweep (only_1_singleton_passes_for_4_planned_starts),0,0.9965095986038395,10.3332,11.1478,1.1982,13.12969440216982,12.546995647960651,20.250668333412033,0.9344622074058194,6.993463256367971,0.5639297752977641,3.0580824603714927,10.7800086536258,1.0789144225300207,10.334527441550852,1.0828480507439888
144,g_pair_seed_sweep_d02_d14,"2,14",final repeat validation for G2,1,0.9965095986038395,10.3332,11.1478,1.1982,13.12969440216982,12.546995647960651,20.250668333412033,0.9344622074058194,6.993463256367971,0.5639297752977641,3.0580824603714927,10.7800086536258,1.0789144225300207,10.334527441550852,1.0828480507439888
145,g_pair_seed_sweep_d02_d14,"2,14",final repeat validation for G2,2,0.9965095986038395,10.3332,11.1478,1.1982,13.12969440216982,12.546995647960651,20.250668333412033,0.9344622074058194,6.993463256367971,0.5639297752977641,3.0580824603714927,10.7800086536258,1.0789144225300207,10.334527441550852,1.0828480507439888
146,g_s03_k04_from_d10_d12_d14_add_d05,"5,10,12,14",direct full-sequence ATE forward-greedy trial,0,0.9965095986038395,10.3461,10.961500000000001,1.0375,13.454554673876093,13.040765170900492,20.46472281890813,0.8586895271733541,3.593937941358284,0.5197291940033301,2.0154484772989902,10.43856300338009,1.0974518582091426,10.350354399418835,1.1038677925304332
147,swap_k06_0017_d02_d07_d09_d12_d13_d14,"2,7,9,12,13,14",one-channel swap audit around provisional greedy endpoint,0,0.9965095986038395,10.409,11.530700000000001,1.4542,13.921273745127639,13.245127305796006,22.216300124049017,1.152442949058716,18.980323912793956,0.530218085942453,3.4540886574586316,10.167529727610512,1.1051685186773048,10.419057174194684,1.1063908371757247
148,r_k04_0036_d03_d07_d10_d15,"3,7,10,15",budget-matched cardinality-stratified random full-sequence control,0,0.9965095986038395,10.414900000000001,11.3162,1.5996,14.072578469635651,13.28207965081023,23.204880508066708,1.2486165514200847,20.405865686995416,0.5560652796266351,4.182406321214703,10.14993091676172,1.1125056695695894,10.43237477102068,1.1131437605737031
149,g_s03_k06_from_d03_d10_d12_d14_d15_add_d06,"3,6,10,12,14,15",direct full-sequence ATE forward-greedy trial,0,0.9965095986038395,10.4228,11.0489,1.4146,13.545295217036093,12.79086055813935,24.127924630681996,1.0342199319503043,10.466764091725134,0.6057479754997273,5.280254723582411,10.494376175255868,1.0997891634106096,10.436613736756446,1.0996713091400272
150,g_s02_k04_from_d02_d03_d14_add_d00,"0,2,3,14",direct full-sequence ATE forward-greedy trial,0,0.9965095986038395,10.4434,11.4908,1.5614,13.712815893325828,12.892128328627667,21.16324738221042,1.2373416887814603,20.930834493837374,0.5380861029920786,3.0489577748213907,10.43389308489656,1.0976378143956935,10.457942480499801,1.099821403464365
151,r_k05_0035_d03_d05_d07_d09_d15,"3,5,7,9,15",budget-matched cardinality-stratified random full-sequence control,0,0.9965095986038395,10.446900000000001,10.9444,1.3272000000000002,13.004930393216869,12.414336568166934,22.69677126533874,1.0236923838294398,9.583556267340779,0.6467314258970681,6.802909822137177,10.554525839865985,1.085483880029659,10.450759264439876,1.0900424901208716
152,g_s01_k04_from_d03_d07_d12_add_d00,"0,3,7,12",direct full-sequence ATE forward-greedy trial,0,0.9965095986038395,10.4602,11.677800000000001,1.6669,14.102964316635228,13.129745022451377,23.121235935473784,1.311192431715094,22.754314127565568,0.5538232251808947,3.563428415801139,10.33275090814845,1.1056344466720678,10.474741906293005,1.1078626144668162
153,swap_k06_0018_d02_d07_d10_d12_d13_d14,"2,7,10,12,13,14",one-channel swap audit around provisional greedy endpoint,0,0.9965095986038395,10.4778,11.0655,1.0065,13.935890615460439,13.630742780818087,23.34355318258944,0.8377934329953259,3.5182846141223854,0.5033706668291054,1.9764564402600118,10.617510841849525,1.105722922764247,10.481810857582332,1.1099817823967937
154,g_s02_k06_from_d01_d02_d03_d12_d14_add_d15,"1,2,3,12,14,15",direct full-sequence ATE forward-greedy trial,0,0.9965095986038395,10.4852,11.4717,1.4316,14.481818461344831,13.557635117843022,30.026824925342222,1.0867300038333088,13.404324338286303,0.7326829386303513,8.832730350621002,11.29773506810891,1.0956146541109035,10.480750917816746,1.1044269674545513
155,g_s02_k03_from_d02_d14_add_d06,"2,6,14",direct full-sequence ATE forward-greedy trial,0,0.9965095986038395,10.4893,11.2233,1.4299,13.553634817930252,12.60612289910718,26.669234714438485,1.0601446770677059,9.535806217224483,0.7180763653927608,8.461036528882033,10.88462166976411,1.0865867361602302,10.490898335212218,1.093001797265746
156,r_k04_0038_d03_d10_d13_d14,"3,10,13,14",budget-matched cardinality-stratified random full-sequence control,0,0.9965095986038395,10.491200000000001,11.602500000000001,1.6244999999999998,14.421252118314923,13.676046652101945,21.07190222741857,1.2843157024524217,22.733911644341905,0.5393120517213282,3.1993102377753684,10.344843862524112,1.114709178668874,10.509584149776131,1.1158294918189802
157,r_k04_0032_d02_d10_d11_d12,"2,10,11,12",budget-matched cardinality-stratified random full-sequence control,0,0.9965095986038395,10.4993,11.2831,1.5385,14.03368617373522,13.244610078444802,20.9723500553409,1.1940520451987768,18.618987622072403,0.5461294982701141,2.8693499189284735,10.391377355092965,1.1106575414581388,10.511699370129126,1.114918756597049
158,swap_k06_0005_d03_d06_d07_d12_d13_d14,"3,6,7,12,13,14",one-channel swap audit around provisional greedy endpoint,0,0.9965095986038395,10.538,11.3062,1.8461,13.516438792177402,12.475046955343528,28.175334378372035,1.4284609154113332,20.795822600164602,0.7127942271393592,10.508979437293688,10.903234561927807,1.0860625403106423,10.532582151470784,1.0894950840027195
159,swap_k06_0048_d02_d03_d07_d10_d12_d14,"2,3,7,10,12,14",one-channel swap audit around provisional greedy endpoint,0,0.9965095986038395,10.5406,11.3238,1.4048,13.316842650233196,12.487231807328506,22.36270951821694,1.0696518915743598,13.772639458181454,0.5487613795872024,4.279268630348363,10.877084346947816,1.083508235226476,10.53950190131528,1.088115630771204
160,g_s03_k05_from_d03_d10_d12_d14_add_d13,"3,10,12,13,14",direct full-sequence ATE forward-greedy trial,0,0.9965095986038395,10.5417,10.9083,1.4200000000000002,13.356943086220044,12.79412132924797,21.62782507926697,1.0813389019378734,13.450210322650289,0.5916513229063112,5.6578876364139274,10.86624676566709,1.094186457065388,10.547722412682537,1.1002370332088338
161,r_k06_0022_d01_d03_d06_d07_d08_d14,"1,3,6,7,8,14",budget-matched cardinality-stratified random full-sequence control,0,0.9965095986038395,10.5434,11.484,1.5298,14.578282832732677,13.97549479793333,26.729872430691387,1.1497808088238815,14.147661111345464,0.8249622662824287,12.307256850719616,10.942400416692696,1.106932562776942,10.552725397637174,1.109289266824915
162,g_s03_k04_from_d10_d12_d14_add_d07,"7,10,12,14",direct full-sequence ATE forward-greedy trial,0,0.9965095986038395,10.618500000000001,11.334800000000001,1.0469,14.082390533308232,13.751173941017802,23.616297830016016,0.8766698559740229,5.571707454266937,0.5209953592199835,2.690758049960438,10.800734144302508,1.1040824986446331,10.623668280473137,1.1097576118699088
163,g_s02_k06_from_d01_d02_d03_d12_d14_add_d07,"1,2,3,7,12,14",direct full-sequence ATE forward-greedy trial,0,0.9965095986038395,10.632800000000001,11.7142,1.3565,14.249785059359017,13.302124478577618,30.76383426891291,1.0156884310500573,9.25148212816522,0.7686297293790211,10.828286813938565,11.05703437040917,1.09160666112326,10.638292331679084,1.0971059546264548
164,r_k03_0032_d03_d06_d14,"3,6,14",budget-matched cardinality-stratified random full-sequence control,0,0.9965095986038395,10.632900000000001,11.6634,1.5089,14.259755170283745,13.21860307514027,32.31787368185164,1.1545858935493636,10.045989379635373,0.8158296888606285,10.082603098677835,11.161162552417569,1.0920473683944814,10.647025093233513,1.0948927182601842
165,g_s01_k05_from_d03_d07_d12_d13_add_d06,"3,6,7,12,13",direct full-sequence ATE forward-greedy trial,0,0.9965095986038395,10.6592,11.4666,1.9466,13.431823225765024,12.909623142906415,20.635803710886126,1.5281613745405074,27.467447606123773,0.7745296019010374,11.214302468791372,10.528409141249515,1.0911123056888472,10.671607459570748,1.089965241176105
166,r_k05_0017_d01_d03_d05_d09_d11,"1,3,5,9,11",budget-matched cardinality-stratified random full-sequence control,0,0.9965095986038395,10.6738,11.2313,1.3349,14.331134898200776,13.829675705960037,22.042462940193133,1.0091502420427299,11.418532269206194,0.7198585445622191,8.985547289750007,10.725681377951563,1.1120455275800845,10.690530645922905,1.1183048131055882
167,g_s03_k03_from_d10_d14_add_d09,"9,10,14",direct full-sequence ATE forward-greedy trial,0,0.9965095986038395,10.6947,11.490599999999999,1.0503,14.711897244862365,14.263407678063825,22.869065978312353,0.8704040101250146,3.627227595090084,0.5285604690684206,2.2334392916103107,11.028022044116446,1.1124099428742817,10.699193337986683,1.1178260135803135
168,r_k05_0027_d02_d04_d10_d11_d12,"2,4,10,11,12",budget-matched cardinality-stratified random full-sequence control,0,0.9965095986038395,10.7054,11.4916,1.5154,14.178110123596777,13.309895716563563,20.136536199615307,1.200970508394719,19.339062131149305,0.5495595569126553,3.1349010441675724,10.564114104215271,1.110670650233463,10.715397334941535,1.1156442548770242
169,r_k03_0001_d00_d02_d04,"0,2,4",budget-matched cardinality-stratified random full-sequence control,0,0.9965095986038395,10.7171,11.4146,1.2293,13.95779011946677,13.378707810167928,23.008448408184915,0.9871265723410748,9.795582692680444,0.5471810236790908,2.7328414158860235,11.026234187559297,1.0984514147074123,10.718706502050232,1.1048504801744778
170,r_k05_0025_d02_d04_d05_d12_d14,"2,4,5,12,14",budget-matched cardinality-stratified random full-sequence control,0,0.9965095986038395,10.731,11.8729,1.5575,13.31632702355031,12.34215570308853,23.258010120041934,1.2514300618572922,21.93443283775381,0.550446361950072,3.8417548193534876,10.555772759262966,1.0833017925857444,10.738166134853,1.0895838575982941
171,r_k04_0003_d00_d02_d07_d08,"0,2,7,8",budget-matched cardinality-stratified random full-sequence control,0,0.9965095986038395,10.7341,11.6174,1.1291,14.376400753795899,13.7530228262931,25.690411434687455,0.877611803151471,4.181748303981811,0.528580004794934,2.7231582860274233,11.229282004588487,1.0997613138757691,10.73231358219018,1.1037241800478943
172,r_k05_0026_d02_d04_d06_d08_d10,"2,4,6,8,10",budget-matched cardinality-stratified random full-sequence control,0,0.9965095986038395,10.7543,11.3108,1.4284,14.510496924333923,13.92759584539515,21.936139836369343,1.0974250641831087,13.517390609372795,0.5889968197580101,4.912500564751382,10.930598559641878,1.1166458827549253,10.762228682292552,1.123090315573012
173,g_s04_k06_from_d02_d03_d06_d07_d12_add_d04,"2,3,4,6,7,12",direct full-sequence ATE forward-greedy trial,0,0.9965095986038395,10.769,11.6089,1.7869,13.295068570148514,12.705343100553378,20.765570868847412,1.394966655819522,24.461423356002385,0.7011637745594957,8.743093509794617,10.663174126570569,1.0827257162064805,10.783338743448635,1.084168191889206
174,r_k06_0005_d00_d01_d03_d11_d13_d15,"0,1,3,11,13,15",budget-matched cardinality-stratified random full-sequence control,0,0.9965095986038395,10.7801,11.5509,1.3828,15.048117461332842,14.34908694983685,27.693098106249074,1.055499908870222,10.409632316402742,0.7281541400013533,9.422028439199599,11.097597592525744,1.1199510397581507,10.789841370978701,1.1215857915226277
175,r_k03_0003_d00_d03_d09,"0,3,9",budget-matched cardinality-stratified random full-sequence control,0,0.9965095986038395,10.7908,11.4219,1.0866,15.438437828451393,14.832173083632524,24.12330064448663,0.867298321246105,3.6716762629509723,0.5235616216260927,2.0366426011575025,10.97361856139862,1.1316055090304091,10.808736085487888,1.1350427338053124
176,g_s04_k04_from_d03_d06_d12_add_d08,"3,6,8,12",direct full-sequence ATE forward-greedy trial,0,0.9965095986038395,10.7986,11.8755,1.5907,14.171240535691377,13.559360222728408,24.035960176295347,1.239046922385761,15.32085945408356,0.6958257854018474,7.735968290616404,10.856021090863894,1.098396412752064,10.827482914928693,1.093886883344208
177,g_s01_k05_from_d03_d07_d12_d13_add_d00,"0,3,7,12,13",direct full-sequence ATE forward-greedy trial,0,0.9965095986038395,10.810699999999999,11.7335,1.8256999999999999,14.201767340486263,13.271056149899662,21.650919251240328,1.437558526732199,26.153201450841333,0.5466474404174826,3.6221963641019372,10.601612881311178,1.1077829495976108,10.822704425852425,1.1105701654181992
178,r_k03_0029_d03_d05_d10,"3,5,10",budget-matched cardinality-stratified random full-sequence control,0,0.9965095986038395,10.8233,11.8463,1.5473000000000001,14.005554129872976,13.27513219835107,21.64316368490694,1.226669910417618,19.57098617350105,0.5757168277226232,4.220893674875203,10.678446530223583,1.0999725083279432,10.839032462245202,1.1040242522348012
179,r_k04_0049_d05_d11_d12_d13,"5,11,12,13",budget-matched cardinality-stratified random full-sequence control,0,0.9965095986038395,10.8286,11.372200000000001,1.3343,13.725483275040787,13.143051120802152,24.290484151634228,1.0565412561112866,12.86105716392703,0.7605862331957939,11.321775818346506,10.878646100137395,1.0964592563591755,10.83501800061035,1.1033294069365038
180,g_s04_k04_from_d03_d06_d12_add_d13,"3,6,12,13",direct full-sequence ATE forward-greedy trial,0,0.9965095986038395,10.854,11.9341,1.6563999999999999,13.692301914393642,12.756728514750204,23.522416200424168,1.2772393937448894,15.442062977665879,0.8260103949408051,10.536587397262661,11.46273459836012,1.0716869485926173,10.843064083224421,1.0757320108250024
181,r_k03_0002_d00_d02_d09,"0,2,9",budget-matched cardinality-stratified random full-sequence control,0,0.9965095986038395,10.8638,11.5852,1.3390000000000002,15.682383865396973,14.83008053349584,25.990587763652464,1.033761589366577,12.016867709345503,0.5547634421189064,2.2601865835746433,10.595174509933514,1.1409057801854223,10.884466540418005,1.147056300937917
182,r_k04_0037_d03_d08_d10_d13,"3,8,10,13",budget-matched cardinality-stratified random full-sequence control,0,0.9965095986038395,10.8694,11.5287,1.2982,15.10231767803475,14.73289116326548,22.667732379300404,1.0192686268339246,9.79295555749,0.6729109271293396,8.422580592134054,10.884263943449042,1.1256276986616194,10.89212370370965,1.1253734089483258
183,swap_k06_0046_d02_d03_d07_d08_d12_d14,"2,3,7,8,12,14",one-channel swap audit around provisional greedy endpoint,0,0.9965095986038395,10.8782,12.1283,1.3356,13.934577086286415,12.924294052545468,28.980391626007158,0.9635940972855382,7.692163024921313,0.7106870410395253,9.563318443549358,11.497211556630575,1.0683435754800867,10.86968300154941,1.0727489332504727
184,swap_k06_0030_d02_d03_d12_d13_d14_d15,"2,3,12,13,14,15",one-channel swap audit around provisional greedy endpoint,0,0.9965095986038395,10.8872,11.5521,1.6344999999999998,14.18182361664182,13.636212761884883,27.062407272365864,1.2736996333620905,20.10609035066461,0.6939388330716644,10.54119653984051,10.764421868301357,1.1060446436503242,10.901008651575395,1.1087607534018828
185,swap_k06_0034_d02_d03_d05_d07_d13_d14,"2,3,5,7,13,14",one-channel swap audit around provisional greedy endpoint,0,0.9965095986038395,10.903,11.8505,1.2552,13.856033044483373,12.864663793007864,29.898513166446893,0.9553349899756727,9.083676217268973,0.7392717777096258,10.636770249859138,11.212207574752425,1.0826597569938679,10.903232956973369,1.0883207482527923
186,g_s03_k06_from_d03_d10_d12_d14_d15_add_d07,"3,7,10,12,14,15",direct full-sequence ATE forward-greedy trial,0,0.9965095986038395,10.9039,11.4863,1.3109000000000002,14.067907094592206,13.485672167219368,26.97110304497589,1.0392526368409525,10.982108566311032,0.6217314574048208,5.257658219339145,10.929870464114419,1.1024102151137112,10.913586368566529,1.1046101068478635
187,g_s03_k04_from_d10_d12_d14_add_d01,"1,10,12,14",direct full-sequence ATE forward-greedy trial,0,0.9965095986038395,10.9053,11.4087,1.3312,13.924854117326015,13.21977420487789,21.456033941573956,1.0365152175209102,13.456284540361738,0.5435277924506056,2.749935075968767,11.186808813424511,1.099379996364693,10.906204872160066,1.1037368291279444
188,g_s01_k05_from_d03_d07_d12_d13_add_d14,"3,7,12,13,14",direct full-sequence ATE forward-greedy trial,0,0.9965095986038395,10.9057,12.0073,1.3471,14.83660219603061,14.169385992051762,31.316833519944144,1.0781056865641954,14.32873674192486,0.7429734044919591,11.454437469918922,11.2742921876103,1.102316584273296,10.911807367693244,1.1078380659541183
189,g_s04_k04_from_d03_d06_d12_add_d04,"3,4,6,12",direct full-sequence ATE forward-greedy trial,0,0.9965095986038395,10.9487,11.997,1.8680999999999999,13.267213871316066,12.627502910722013,21.953349899877956,1.4994610220840674,26.90877087969254,0.6895547551905322,6.819518432641141,10.59121515313195,1.0796094573354609,10.970726323912917,1.0768143719749639
190,swap_k06_0031_d00_d02_d03_d07_d13_d14,"0,2,3,7,13,14",one-channel swap audit around provisional greedy endpoint,0,0.9965095986038395,10.9634,12.2384,1.6823000000000001,14.309035285513003,13.202335565449788,23.33166130623754,1.3315068709123088,24.137618359754754,0.5422118923467417,3.538826220112838,10.70532032887,1.1009414880003896,10.97590189360921,1.1014781222018797
191,g_s02_k03_from_d02_d14_add_d13,"2,13,14",direct full-sequence ATE forward-greedy trial,0,0.9965095986038395,10.9769,11.7034,1.2686,14.997711031938124,14.306086040422153,26.806826018996528,1.0019842250972115,9.584638171533133,0.7408525743413826,10.733346421819162,11.166567832984164,1.1168981995206846,10.984541823680715,1.1243512483322347
192,r_k04_0033_d03_d04_d08_d11,"3,4,8,11",budget-matched cardinality-stratified random full-sequence control,0,0.9965095986038395,10.979,11.9284,1.7940999999999998,13.94281753371355,13.317588060879276,24.99363179488986,1.3752812118581201,21.2338964326212,0.8076935518350846,9.13998088727178,10.578733536689477,1.0967435267196468,11.020439948630631,1.0912481723459408
193,g_s02_k04_from_d02_d03_d14_add_d09,"2,3,9,14",direct full-sequence ATE forward-greedy trial,0,0.9965095986038395,10.9978,11.556,1.0708,14.145773143743618,13.79599110104702,22.474081879492772,0.8830680446875195,6.730522323218772,0.5987550917605399,7.459874282540596,11.164109765446854,1.0984167237950158,11.005767549297493,1.1008773790630968
194,swap_k06_0044_d02_d03_d05_d07_d12_d14,"2,3,5,7,12,14",one-channel swap audit around provisional greedy endpoint,0,0.9965095986038395,11.0013,12.1059,1.4399,13.427418623931601,12.268927465995942,23.145050730265844,1.0344718063074612,9.691947348922207,0.6209589127543017,6.028884305171919,11.621136940884114,1.0527569729371524,10.990785778453146,1.060654472229727
195,g_s01_k03_from_d03_d07_add_d05,"3,5,7",direct full-sequence ATE forward-greedy trial,0,0.9965095986038395,11.017100000000001,11.9039,2.1242,13.31367176651425,12.656417603267888,20.08213189528662,1.6304046718937624,26.251482751520932,0.9203474555963351,11.420348409893885,11.223616727399104,1.0664926146143092,11.033366107567408,1.0679371518121896
196,swap_k06_0019_d02_d07_d11_d12_d13_d14,"2,7,11,12,13,14",one-channel swap audit around provisional greedy endpoint,0,0.9965095986038395,11.0196,12.0214,1.8454000000000002,13.91249924368196,13.39224862663771,20.20684955850425,1.457258552524599,26.31041246366463,0.7092380078944823,10.270083985521262,10.788002418680188,1.093785421410303,11.03296460189574,1.0940515881660782
197,r_k03_0009_d00_d09_d14,"0,9,14",budget-matched cardinality-stratified random full-sequence control,0,0.9965095986038395,11.020000000000001,11.8632,1.0994,15.469694509833756,15.072751733063416,22.987645572836513,0.8947926300049894,3.6941436705225588,0.5422479012436984,2.575691636206957,11.330515293835113,1.1241048377382414,11.034243970385337,1.1288812577741476
198,swap_k06_0006_d03_d07_d08_d12_d13_d14,"3,7,8,12,13,14",one-channel swap audit around provisional greedy endpoint,0,0.9965095986038395,11.0291,11.97,1.8845,14.205539388960359,13.754186378026507,19.7655409210433,1.467769145436283,26.32318486050986,0.7333185597374914,11.376799072847898,10.850413742365115,1.1019840381590054,11.046290736782465,1.1009403506504931
199,r_k03_0027_d02_d07_d11,"2,7,11",budget-matched cardinality-stratified random full-sequence control,0,0.9965095986038395,11.0327,12.6913,1.8744,14.412366492247594,13.300811198534298,25.321709592283238,1.4315821882180721,24.9093638858278,0.6343592156119873,5.861490733596693,10.88767970635516,1.0905642862819247,11.045464684105314,1.0899733430984124
200,g_s01_k03_from_d03_d07_add_d15,"3,7,15",direct full-sequence ATE forward-greedy trial,0,0.9965095986038395,11.0464,12.4442,2.1493,14.195199433368355,13.40761316061361,21.13793357455592,1.607216364831398,27.117330366139846,0.7757419124396266,8.722655966015205,11.06574659408418,1.0878709279690457,11.066905376820289,1.0818377223188909
201,r_k03_0025_d02_d05_d13,"2,5,13",budget-matched cardinality-stratified random full-sequence control,0,0.9965095986038395,11.0565,11.5973,1.3087,13.859086971336357,12.953659436942008,24.025512902391913,1.0109885310287323,11.146195036915584,0.7137394674031382,9.378250204773638,11.369769339433763,1.0909302321888596,11.049084973032436,1.1019314568481369
202,g_s04_k04_from_d03_d06_d12_add_d00,"0,3,6,12",direct full-sequence ATE forward-greedy trial,0,0.9965095986038395,11.0602,11.671199999999999,1.5776999999999999,14.63478115971193,13.94342197962391,24.988521618460304,1.1871857623488964,11.414618414862423,0.6815151336243224,6.300200178154597,11.696433237591517,1.101101428184497,11.06286460109248,1.1072621320477847
203,g_s02_k06_from_d01_d02_d03_d12_d14_add_d10,"1,2,3,10,12,14",direct full-sequence ATE forward-greedy trial,0,0.9965095986038395,11.0733,11.9195,1.4531,14.338363136891438,13.497071126228827,23.6827617272434,1.1435972416541382,17.683418240183393,0.5376010395061482,2.8954681063766494,11.204310564793534,1.1015573678572441,11.07823226821583,1.1051416895262747
204,swap_k06_0011_d00_d02_d07_d12_d13_d14,"0,2,7,12,13,14",one-channel swap audit around provisional greedy endpoint,0,0.9965095986038395,11.0734,12.242899999999999,1.4698,14.7459260268323,14.03921813716297,22.61371262806212,1.1919944070765267,19.919739732764892,0.5305094713439078,2.7659249831501227,10.731364328578557,1.1131407541086984,11.085790394443451,1.1149397597706328
205,r_k03_0030_d03_d06_d10,"3,6,10",budget-matched cardinality-stratified random full-sequence control,0,0.9965095986038395,11.0768,11.9178,1.3796,14.737808328055388,13.998513902046048,25.777648754007558,1.024464694700225,10.708780239663247,0.611282774193589,6.019482320873898,11.74783370043754,1.1000228425419694,11.075199980245182,1.1033773760719925
206,g_s03_k05_from_d03_d10_d12_d14_add_d05,"3,5,10,12,14",direct full-sequence ATE forward-greedy trial,0,0.9965095986038395,11.0916,11.7562,1.3756000000000002,13.838100802462991,13.049840149334473,21.51800604412362,1.1148896346996604,15.435421213282687,0.5629681209543217,4.770865465474479,11.107426931822657,1.0947113834888185,11.095395733804422,1.0994434233190742
207,g_s01_k04_from_d03_d07_d12_add_d15,"3,7,12,15",direct full-sequence ATE forward-greedy trial,0,0.9965095986038395,11.0983,12.1342,1.9873999999999998,13.995208885619908,13.522894971381339,21.188937172708965,1.5700320348778527,26.159767125199373,0.8525611265635399,10.2704248348138,11.15849979793784,1.0838919583613786,11.114451292950445,1.0834557592377323
208,r_k03_0049_d07_d10_d15,"7,10,15",budget-matched cardinality-stratified random full-sequence control,0,0.9965095986038395,11.1037,11.8794,1.2281,14.208608808250661,13.433677355045553,23.95407456053879,1.0622959892759976,14.379288357584787,0.6538420868227925,9.374389510188294,11.649529303050668,1.0903140233785813,11.094816350193254,1.0951345871779703
209,g_s03_k03_from_d10_d14_add_d07,"7,10,14",direct full-sequence ATE forward-greedy trial,0,0.9965095986038395,11.1177,11.7449,1.3135000000000001,14.229378584939198,13.498668294089775,22.501193338936055,1.0939569041780413,13.763960033194863,0.5717235094134849,5.253495139421241,11.083667081520794,1.104999950983167,11.120645917500662,1.108940878916832
210,g_s03_k05_from_d03_d10_d12_d14_add_d07,"3,7,10,12,14",direct full-sequence ATE forward-greedy trial,0,0.9965095986038395,11.1222,11.9525,1.5809,13.955432844880628,13.132615847847601,22.219017989813974,1.2544279080246827,21.01737111195868,0.5509939689252951,3.3581838825527255,10.854779840136407,1.0972874745158128,11.133956795134694,1.1001223329468264
211,r_k04_0047_d05_d07_d13_d14,"5,7,13,14",budget-matched cardinality-stratified random full-sequence control,0,0.9965095986038395,11.1553,11.6815,1.5698,14.4483343504973,13.930797487341604,23.418393905378306,1.243900404710061,17.05077353895742,0.7775346263129503,12.628723108826811,11.086680264878176,1.1094733747347336,11.16481440062177,1.1152285109226945
212,g_s01_k02_from_d03_add_d07,"3,7",direct full-sequence ATE forward-greedy trial,0,0.9965095986038395,11.1654,12.770100000000001,2.1739,14.970641535808824,13.75629154264963,31.922291950487846,1.65409863670672,21.28402142840996,1.1427974110953827,14.657861117577522,12.186729824767632,1.0620650589213871,11.15096925242619,1.0639056713095523
213,g_s01_k04_from_d03_d07_d12_add_d04,"3,4,7,12",direct full-sequence ATE forward-greedy trial,0,0.9965095986038395,11.1965,12.698200000000002,1.9831,13.49143985729423,12.579991360341026,21.68576428296103,1.5789286315909892,29.18481142163069,0.7398199722416005,7.5943212566978655,11.086817723855175,1.0634283489682734,11.21614641434542,1.060726699283288
214,g_s03_k06_from_d03_d10_d12_d14_d15_add_d11,"3,10,11,12,14,15",direct full-sequence ATE forward-greedy trial,0,0.9965095986038395,11.2089,12.0801,1.5897000000000001,14.36275518696147,13.769572772256106,22.342066351725734,1.2320096266452993,19.215341911944087,0.6086513093150332,4.767638631279277,10.927246827098426,1.104281062353544,11.229284813118015,1.1022235717426325
215,g_s02_k03_from_d02_d14_add_d12,"2,12,14",direct full-sequence ATE forward-greedy trial,0,0.9965095986038395,11.2095,12.9779,1.6098000000000001,14.231825730771702,13.08480818973899,27.96024031503224,1.3183772865515098,24.294013074324265,0.5577172312635372,5.433587550967154,10.638856097240918,1.0873539199817224,11.222519308709064,1.0879693630838072
216,g_s01_k03_from_d03_d07_add_d01,"1,3,7",direct full-sequence ATE forward-greedy trial,0,0.9965095986038395,11.2176,12.2233,1.5675999999999999,15.10345423445911,14.460332860680413,27.877757974550544,1.1747728788781548,16.055501469205932,0.8987540266000518,11.947557717446857,12.002436807474105,1.0952727768262185,11.210024408850554,1.1028970540304208
217,r_k04_0050_d07_d08_d10_d12,"7,8,10,12",budget-matched cardinality-stratified random full-sequence control,0,0.9965095986038395,11.2256,12.1243,1.1237000000000001,14.500017026953271,13.984033760642244,25.938991654689247,0.9412291932004632,6.727059745197595,0.6540238030293831,8.176702559519907,11.574849625640319,1.093956073684229,11.227280726231589,1.099179696282024
218,swap_k06_0023_d02_d03_d04_d12_d13_d14,"2,3,4,12,13,14",one-channel swap audit around provisional greedy endpoint,0,0.9965095986038395,11.2715,12.906899999999998,1.7465000000000002,14.001107828431056,12.898470451061142,23.6365109288249,1.4044921299644133,26.545749467523304,0.5780729504230908,5.900422481345322,10.823175765466784,1.0814485364892772,11.293839858691213,1.079061618141043
219,r_k04_0005_d00_d03_d04_d15,"0,3,4,15",budget-matched cardinality-stratified random full-sequence control,0,0.9965095986038395,11.2777,12.0254,1.506,14.766094268967725,14.160438524182,22.662045144679826,1.1763212087261068,15.602224429675443,0.599460338941894,5.781609535249483,11.31666871928302,1.1097218115467273,11.292773530051889,1.1124577579276267
220,swap_k06_0003_d03_d04_d07_d12_d13_d14,"3,4,7,12,13,14",one-channel swap audit around provisional greedy endpoint,0,0.9965095986038395,11.3089,11.9372,1.1986999999999999,14.481910517675658,14.031692882531122,21.81107770175158,0.9996209199066101,8.515212195191504,0.7395778965335804,10.375187405846978,11.042951165945555,1.1086012316495244,11.323793952515706,1.1109826367749491
221,g_s03_k05_from_d03_d10_d12_d14_add_d08,"3,8,10,12,14",direct full-sequence ATE forward-greedy trial,0,0.9965095986038395,11.309,12.0171,1.6136000000000001,14.193870647383445,13.486127150081566,22.873230353094172,1.2536928088376,19.491987231498133,0.5857984570707138,6.505919667255342,11.467029139477921,1.0954663784193825,11.318700427122423,1.0974414069212215
222,r_k06_0034_d02_d07_d09_d10_d12_d13,"2,7,9,10,12,13",budget-matched cardinality-stratified random full-sequence control,0,0.9965095986038395,11.3252,11.8749,1.1941,14.21194396234531,13.669867359610887,22.972387086111635,0.9828123271909095,8.383367306194042,0.5583551875472105,3.7468423094380334,11.29104197229916,1.1011097696713221,11.324774643623597,1.1054218551091504
223,g_s02_k06_from_d01_d02_d03_d12_d14_add_d09,"1,2,3,9,12,14",direct full-sequence ATE forward-greedy trial,0,0.9965095986038395,11.3369,12.5521,1.4548,14.827632197259167,14.05682697171243,23.959530189203864,1.1884535074141143,20.503829234598765,0.5146944938723342,2.9605370491824665,10.93489615809258,1.1094954034174145,11.348638919547401,1.1112400269409737
224,g_s04_k04_from_d03_d06_d12_add_d11,"3,6,11,12",direct full-sequence ATE forward-greedy trial,0,0.9965095986038395,11.3425,12.5133,1.6589,14.326088428096645,13.726673441608582,23.27049427042091,1.2857586851328084,17.237988585640814,0.8491858427569613,10.104305136252744,11.291129043366208,1.0891576528826004,11.36413693161837,1.082559258751476
225,swap_k06_0028_d02_d03_d10_d12_d13_d14,"2,3,10,12,13,14",one-channel swap audit around provisional greedy endpoint,0,0.9965095986038395,11.351799999999999,12.0815,1.5735999999999999,14.248865245252853,13.423456331307374,26.22914478654879,1.2169374995462419,19.310017766352658,0.5825321308927831,5.26080285715572,11.352901436352399,1.096647592316059,11.358307104819575,1.1004187937945553
226,swap_k06_0047_d02_d03_d07_d09_d12_d14,"2,3,7,9,12,14",one-channel swap audit around provisional greedy endpoint,0,0.9965095986038395,11.3694,12.4557,1.4134,14.179704549795973,13.527913669823663,22.850176304137367,1.1282763302338519,17.901304436027697,0.5393903961189932,2.536665253187104,10.991304922911535,1.094035041604586,11.382358363014486,1.0959981555900016
227,r_k05_0009_d00_d04_d05_d12_d13,"0,4,5,12,13",budget-matched cardinality-stratified random full-sequence control,0,0.9965095986038395,11.3711,12.2774,1.3589,14.446681983026757,13.705435429183979,21.143583533132364,1.100149179793467,16.440874365238415,0.5453037999638984,2.837448143949168,10.932638724602644,1.1059380634280571,11.383571333633355,1.1126041445112838
228,g_s04_k03_from_d06_d12_add_d02,"2,6,12",direct full-sequence ATE forward-greedy trial,0,0.9965095986038395,11.4659,12.213799999999999,1.7665,14.10322253195136,13.198384112319086,23.2826630166098,1.2621339714663036,12.996185119259673,0.7955423835174172,8.49831345607394,11.729962496390698,1.0809504851744598,11.462784744985472,1.0890005786380295
229,r_k04_0022_d01_d07_d11_d14,"1,7,11,14",budget-matched cardinality-stratified random full-sequence control,0,0.9965095986038395,11.487,12.4541,1.5916,15.00206556862837,13.993202521133705,30.63676474593315,1.1786303554826296,16.080773100499933,0.865249145758669,12.560752010849601,11.986040846138748,1.0937337350987542,11.480856730429847,1.0981732558109287
230,swap_k06_0024_d02_d03_d05_d12_d13_d14,"2,3,5,12,13,14",one-channel swap audit around provisional greedy endpoint,0,0.9965095986038395,11.4883,12.3247,1.3502,14.413446332385673,13.58032185057462,28.963749808040784,1.078197333051343,12.451814067590348,0.6568159170460494,9.504555915673532,11.711062392691671,1.089623617721191,11.48724218751515,1.0969937525504814
231,g_s04_k06_from_d02_d03_d06_d07_d12_add_d05,"2,3,5,6,7,12",direct full-sequence ATE forward-greedy trial,0,0.9965095986038395,11.4916,12.1409,1.4433,13.746183680748636,13.122563829244896,23.879595450794504,1.1024018740274102,13.9092139211102,0.7467370601222996,9.878277735507073,11.552645122440635,1.0761433651798613,11.49939636107158,1.0811286694903153
232,r_k04_0035_d03_d07_d08_d15,"3,7,8,15",budget-matched cardinality-stratified random full-sequence control,0,0.9965095986038395,11.5299,12.4006,1.6791,15.02659151192546,14.367213566158837,30.507865278807405,1.1866387386663666,10.16142314477543,0.8192872815671649,9.09739977548032,11.959945020198598,1.0944241309355638,11.535658048212031,1.0941934265714242
233,r_k05_0043_d04_d09_d10_d11_d14,"4,9,10,11,14",budget-matched cardinality-stratified random full-sequence control,0,0.9965095986038395,11.5441,12.3399,1.3181,15.462559774370524,14.856157930025995,22.678773343958518,1.0667895552598563,15.559574473058586,0.5279491415623645,2.511770892308857,11.210400631901514,1.1268221268499545,11.55876275229394,1.1304253370144852
234,r_k05_0015_d01_d02_d11_d14_d15,"1,2,11,14,15",budget-matched cardinality-stratified random full-sequence control,0,0.9965095986038395,11.6164,12.807599999999999,1.3105,15.514914490876762,14.614388617369265,32.748684952305794,0.9862424603724055,8.769719646132017,0.8121036687468259,10.942322556266706,12.062497656086098,1.1016337969646213,11.621553159197102,1.1067368056592046
235,r_k03_0013_d01_d02_d11,"1,2,11",budget-matched cardinality-stratified random full-sequence control,0,0.9965095986038395,11.6439,12.4994,1.4952,16.02360837624272,15.291658378605067,26.59052910778778,1.0576744772385958,11.037445204963065,0.7887328167161558,10.528340411001208,12.204735396058345,1.1199135054357057,11.646946786742914,1.1269028303272794
236,r_k05_0044_d05_d07_d09_d12_d15,"5,7,9,12,15",budget-matched cardinality-stratified random full-sequence control,0,0.9965095986038395,11.6525,12.2384,1.0836999999999999,13.59217411378891,13.041291498609334,21.947126931450896,0.9319917316823847,6.0254731637586225,0.5551039464743065,3.732099671288261,11.414191856330484,1.079590984445648,11.65499429649293,1.0859905769053215
237,r_k06_0007_d00_d01_d06_d08_d13_d15,"0,1,6,8,13,15",budget-matched cardinality-stratified random full-sequence control,0,0.9965095986038395,11.6532,12.3961,1.6344,16.383984663504727,15.580124769380646,29.294696489428105,1.2250435680196297,11.971546803361978,0.8309232510859906,9.97180276963287,12.522893517506978,1.1291969612484327,11.648606118280263,1.1325204947655336
238,g_s03_k05_from_d03_d10_d12_d14_add_d11,"3,10,11,12,14",direct full-sequence ATE forward-greedy trial,0,0.9965095986038395,11.6617,12.4451,1.637,14.361392953838994,13.36595100571761,27.33409424257664,1.2430972227885049,18.030388390507078,0.6333868636435575,6.100333948154111,11.790525222176054,1.088100074476773,11.667218056362008,1.0908317548336648
239,g_s02_k05_from_d02_d03_d12_d14_add_d09,"2,3,9,12,14",direct full-sequence ATE forward-greedy trial,0,0.9965095986038395,11.6672,12.6299,1.0472000000000001,14.838661217814506,14.310682200573089,28.046152495787208,0.8606211570764072,5.921508991344923,0.6061848706328552,8.340107617413953,11.880101799210419,1.0922236975411341,11.672699095264907,1.0975792460422809
240,r_k04_0015_d01_d03_d06_d14,"1,3,6,14",budget-matched cardinality-stratified random full-sequence control,0,0.9965095986038395,11.6816,12.784699999999999,1.6808,15.55952164263649,14.64793478955491,33.65952422233751,1.2765490554853962,15.680962719238641,0.9044642801693774,11.20583193974106,12.156731021332787,1.0997272481346716,11.694449519897896,1.1038932963258452
241,r_k04_0023_d01_d09_d11_d14,"1,9,11,14",budget-matched cardinality-stratified random full-sequence control,0,0.9965095986038395,11.683,12.417300000000001,1.3917000000000002,15.69369504497794,15.103959437718181,25.947256735634806,1.0914262072481582,12.375192425162007,0.7895212270738035,12.04195132377693,11.801614092367654,1.1228310283517333,11.693825988106534,1.129204976562596
242,r_k05_0041_d04_d07_d08_d11_d14,"4,7,8,11,14",budget-matched cardinality-stratified random full-sequence control,0,0.9965095986038395,11.6893,13.0604,1.6329,14.403906321734627,13.553934432448381,23.299144750737888,1.250559935425661,18.690073056984495,0.6499464506011163,5.852790261244676,11.382831144757203,1.0861672820167467,11.712335040288108,1.0816717837536767
243,g_s04_k04_from_d03_d06_d12_add_d14,"3,6,12,14",direct full-sequence ATE forward-greedy trial,0,0.9965095986038395,11.710700000000001,12.8999,1.7076,14.456732772916563,13.796543298065215,23.0355378068921,1.3748682022948426,22.36152892441604,0.7025446623395321,8.633824268987278,11.648130956772688,1.0856624354525446,11.7299544744159,1.0827695105891348
244,r_k05_0038_d03_d09_d11_d12_d13,"3,9,11,12,13",budget-matched cardinality-stratified random full-sequence control,0,0.9965095986038395,11.710700000000001,12.1759,1.2671,15.438671935578204,14.778739195809749,23.721303422414806,1.0139068338717143,11.800951020302513,0.533936689689633,3.183158299079021,11.291153631820231,1.1276622352846122,11.726654236075994,1.130070925016684
245,g_pair_seed_sweep_d10_d14,"10,14",exhaustive two-channel full-sequence seed sweep (only_1_singleton_passes_for_4_planned_starts),0,0.9965095986038395,11.7202,12.1334,1.3801,14.985814407462083,14.222857613141166,22.44092064961999,0.9820816337875016,6.731246003101286,0.5935826374482324,4.594460750686034,11.615944516804161,1.1133463714601193,11.732435250180034,1.1150556411461143
246,g_s04_k05_from_d03_d06_d07_d12_add_d10,"3,6,7,10,12",direct full-sequence ATE forward-greedy trial,0,0.9965095986038395,11.7666,12.9106,1.3265,14.686565641991992,13.532552190509975,28.373469849918383,1.0173002259126243,12.272413395493405,0.5945435972643327,6.946102736933231,12.428973645122174,1.0743296139102774,11.753027573681042,1.079121290300706
247,r_k06_0039_d03_d06_d08_d09_d10_d11,"3,6,8,9,10,11",budget-matched cardinality-stratified random full-sequence control,0,0.9965095986038395,11.7785,12.500900000000001,1.3126,15.493965671559145,15.046540962647544,22.81125399588037,0.974254913137601,8.511185876087945,0.5965430158185664,5.69150912316135,12.07613431572334,1.1138238738949593,11.785816404435021,1.1149384192454004
248,r_k06_0032_d02_d04_d07_d10_d11_d15,"2,4,7,10,11,15",budget-matched cardinality-stratified random full-sequence control,0,0.9965095986038395,11.7936,12.667100000000001,1.2814,14.748177549867487,13.905990741676282,29.052259345590738,0.9793626143615591,7.43440895265794,0.66108389044368,8.240276877753763,11.9405793066831,1.0924061453036433,11.79301679716561,1.0975908878128162
249,g_pair_seed_sweep_d06_d12,"6,12",exhaustive two-channel full-sequence seed sweep (only_1_singleton_passes_for_4_planned_starts),0,0.9965095986038395,11.7958,12.8773,1.897,13.776419893322755,13.133237930981355,23.697136455089176,1.3973334513763833,15.011815638113513,1.1433112846046094,14.535556214937442,11.834372550267098,1.0610398341586496,11.813098253851205,1.0601126165495474
250,r_k05_0014_d01_d02_d03_d08_d15,"1,2,3,8,15",budget-matched cardinality-stratified random full-sequence control,0,0.9965095986038395,11.7967,12.7246,1.4406999999999999,16.32102314226928,15.579981508785846,28.838492959678714,1.0499034902549962,10.03090376489412,0.7628536642737608,9.821755608473332,12.200273332202098,1.1252569705736841,11.808683399051164,1.1312280852960244
251,swap_k06_0004_d03_d05_d07_d12_d13_d14,"3,5,7,12,13,14",one-channel swap audit around provisional greedy endpoint,0,0.9965095986038395,11.8059,12.520000000000001,1.248,14.580064020204858,14.143126536880182,24.091763825032984,0.9945439674230258,10.023916904712916,0.732614746430213,10.862692241852468,11.76888833346384,1.094565135042386,11.816355604071191,1.0982725383474963
252,swap_k06_0007_d03_d07_d09_d12_d13_d14,"3,7,9,12,13,14",one-channel swap audit around provisional greedy endpoint,0,0.9965095986038395,11.8088,12.5304,1.4305,14.812567202993781,14.343168529382847,21.543057776053683,1.1749344483050184,18.0228633149219,0.6241228665411602,8.278405027420924,11.488228641876047,1.1064897553779767,11.821101017482498,1.1087310033836786
253,swap_k06_0010_d03_d07_d12_d13_d14_d15,"3,7,12,13,14,15",one-channel swap audit around provisional greedy endpoint,0,0.9965095986038395,11.826,12.829699999999999,1.9442000000000002,14.564171755697716,14.043328853428383,24.161544450097896,1.5313669605159468,28.355261661462755,0.7899715279333885,11.282236053558652,11.66026674495805,1.090253570998217,11.838019833787335,1.090465985424598
254,g_s04_k06_from_d02_d03_d06_d07_d12_add_d01,"1,2,3,6,7,12",direct full-sequence ATE forward-greedy trial,0,0.9965095986038395,11.8664,13.0094,1.4704,15.242811760888866,14.259597475394362,27.243330352337352,1.08196375828285,13.14861413336916,0.7350184319734009,8.741745078718823,12.45131037849612,1.086085710016422,11.860367501312147,1.0947235839407496
255,g_s01_k03_from_d03_d07_add_d13,"3,7,13",direct full-sequence ATE forward-greedy trial,0,0.9965095986038395,11.8708,13.0468,1.5327,15.068392610509584,14.199638061875858,31.600512418992416,1.1727098294831957,13.385997977610606,0.8190606949644509,11.096541828697468,12.380754991678627,1.081222470640362,11.858234022997484,1.0855885506335337
256,r_k06_0015_d00_d06_d07_d08_d09_d10,"0,6,7,8,9,10",budget-matched cardinality-stratified random full-sequence control,0,0.9965095986038395,11.8732,12.6299,1.3643,16.329803992272304,15.660347622624208,25.61196804558866,0.9798855751472291,7.166242752634893,0.6081108161284614,4.907269237781772,12.40385066247972,1.1285086946677334,11.874723235910093,1.1333361022756614
257,g_s02_k06_from_d01_d02_d03_d12_d14_add_d11,"1,2,3,11,12,14",direct full-sequence ATE forward-greedy trial,0,0.9965095986038395,11.88,12.939200000000001,1.341,15.294504976856652,14.308649570778476,30.544372052298474,1.0116775318244309,9.555410396294706,0.7956699388875227,10.650873744662713,12.377227833535757,1.0921768494406163,11.88057705361559,1.099579294634257
258,g_s04_k05_from_d03_d06_d07_d12_add_d00,"0,3,6,7,12",direct full-sequence ATE forward-greedy trial,0,0.9965095986038395,11.941799999999999,13.428799999999999,1.6773,15.280876558779719,14.17442690280053,25.595323381701675,1.3427733960162236,23.48570591959082,0.5628717899409283,3.456203255025332,11.51592265179796,1.1025832723143878,11.956415715724074,1.1022120330742036
259,swap_k06_0025_d02_d03_d06_d12_d13_d14,"2,3,6,12,13,14",one-channel swap audit around provisional greedy endpoint,0,0.9965095986038395,11.9756,13.0744,1.3934,15.25102827358695,14.38905317696424,30.695629474044857,1.1002864552772227,12.792795777154927,0.6786478720208527,10.140452243785223,12.27439681044306,1.0935423879122386,11.975867739842695,1.1006816502934307
260,g_s03_k03_from_d10_d14_add_d05,"5,10,14",direct full-sequence ATE forward-greedy trial,0,0.9965095986038395,11.9757,12.648200000000001,1.0929,15.063589739679607,14.58825465490636,22.759579356651972,0.9110094324945001,4.458919879265568,0.5433247876097759,2.0210522867288234,11.906963454982431,1.1065467295256144,11.97985199614227,1.112526300979194
261,r_k03_0044_d06_d07_d10,"6,7,10",budget-matched cardinality-stratified random full-sequence control,0,0.9965095986038395,11.9788,12.964,1.5283,15.473287615194723,14.623707541329395,23.606216427294218,1.2294867322555034,19.006079636430115,0.57105830696923,5.249393330655698,11.631165747003363,1.115933527363325,11.99003420591309,1.1177869207933366
262,g_s01_k06_from_d02_d03_d07_d12_d13_add_d04,"2,3,4,7,12,13",direct full-sequence ATE forward-greedy trial,0,0.9965095986038395,11.9878,13.4955,1.9771,14.312658267453765,13.472898272298345,22.829777979244216,1.5815589440189504,30.24046868656494,0.7889209965345537,9.997416893464946,11.723831112157326,1.067585210351692,12.010295510713854,1.0632801663097347
263,g_s01_k03_from_d03_d07_add_d00,"0,3,7",direct full-sequence ATE forward-greedy trial,0,0.9965095986038395,12.0045,12.982099999999999,1.6925,15.55997049176106,14.556198270835901,24.01926499943163,1.3234714498989153,21.509369048781885,0.6213956593549407,5.237793117483295,11.918581242095966,1.1131608279508227,12.016457073244693,1.1157031385167149
264,g_s03_k05_from_d03_d10_d12_d14_add_d00,"0,3,10,12,14",direct full-sequence ATE forward-greedy trial,0,0.9965095986038395,12.020999999999999,13.3461,1.2038,15.1893803731278,14.097889898996508,28.35991175284065,0.9387945123480743,8.977520187913816,0.5630376382355241,5.59942590519469,12.692256631063628,1.07740229020652,12.011385389351654,1.082829380634713
265,g_s03_k04_from_d10_d12_d14_add_d04,"4,10,12,14",direct full-sequence ATE forward-greedy trial,0,0.9965095986038395,12.0434,13.181999999999999,1.1675,14.518810671971472,13.644220116975362,28.914555837308498,0.9218748332119023,5.579755384719662,0.6067204996369934,6.411922772391673,12.492073214814685,1.065571163476666,12.033145085864366,1.0727603331384694
266,r_k03_0054_d11_d13_d14,"11,13,14",budget-matched cardinality-stratified random full-sequence control,0,0.9965095986038395,12.0511,13.0802,1.43,15.815640079563927,15.18765978933187,31.604650765285154,1.1095495690532138,11.129680480715953,0.7798129158542781,11.889574799797257,12.225950178132756,1.1093505830154864,12.062097570247237,1.1112542785693786
267,r_k06_0010_d00_d02_d03_d05_d10_d11,"0,2,3,5,10,11",budget-matched cardinality-stratified random full-sequence control,0,0.9965095986038395,12.0625,12.842300000000002,1.2043,15.014583436646872,14.549615774886368,27.22277001410595,0.9349514884084913,6.5539443740038585,0.5727491883607216,4.327607978863,12.16495636752884,1.0958046045662833,12.069952409098125,1.0996062583578694
268,r_k05_0006_d00_d03_d07_d08_d11,"0,3,7,8,11",budget-matched cardinality-stratified random full-sequence control,0,0.9965095986038395,12.0776,13.608300000000002,1.8797000000000001,15.730752808942764,14.675127570619889,27.205551132441624,1.4581334071285261,24.515871396715365,0.683024900139531,6.651174896878344,11.871634712735446,1.106257696862813,12.101419946318732,1.1020348805125193
269,g_s03_k06_from_d03_d10_d12_d14_d15_add_d01,"1,3,10,12,14,15",direct full-sequence ATE forward-greedy trial,0,0.9965095986038395,12.107,13.034200000000002,1.3791,15.357053376318532,14.366785256602268,29.72031291993165,1.0706379340871908,11.138318613619733,0.6789304740483382,8.34298342359197,12.289524024286571,1.1007604978641565,12.111713011385016,1.1049834007298374
270,g_s03_k05_from_d03_d10_d12_d14_add_d04,"3,4,10,12,14",direct full-sequence ATE forward-greedy trial,0,0.9965095986038395,12.1187,13.3352,1.2069,14.644575899706608,13.662827693153906,27.604745976027218,0.929174904400262,6.061251678207873,0.547510085687594,3.26958780030135,12.641580005200357,1.0637216868480457,12.10649024137441,1.0687082296687938
271,r_k05_0029_d02_d05_d06_d11_d14,"2,5,6,11,14",budget-matched cardinality-stratified random full-sequence control,0,0.9965095986038395,12.139800000000001,12.673000000000002,1.3535,14.391439394773627,13.794350652947912,25.3457097156169,0.9963798682280849,6.392137035464886,0.7778299270160945,9.537544995963671,12.310353788625884,1.0794028167866407,12.146028740926182,1.084830530887778
272,swap_k06_0027_d02_d03_d09_d12_d13_d14,"2,3,9,12,13,14",one-channel swap audit around provisional greedy endpoint,0,0.9965095986038395,12.1506,13.122,1.4262000000000001,15.251052445750746,14.42999619797434,22.815073680267307,1.1592121194437401,19.154358335251313,0.5172346825897898,2.639665544893405,11.536026141984596,1.1103638670057063,12.165784489366843,1.1121587826048633
273,r_k06_0006_d00_d01_d04_d09_d10_d13,"0,1,4,9,10,13",budget-matched cardinality-stratified random full-sequence control,0,0.9965095986038395,12.1511,13.289699999999998,1.5016,16.398863734538175,15.623252516475484,23.8710223219743,1.2152219591154672,20.41834437393098,0.5542929096973577,3.272190775787302,11.796167657673532,1.1332272124545262,12.165327447946344,1.1361870181609532
274,r_k05_0018_d01_d03_d06_d12_d14,"1,3,6,12,14",budget-matched cardinality-stratified random full-sequence control,0,0.9965095986038395,12.171999999999999,13.3981,1.5,15.722507617016355,14.753747550780641,30.29741460327353,1.132023154191691,13.750206636892582,0.8471205721591926,11.655109644488931,12.836191431269672,1.0882322511066393,12.169878767530216,1.0959380298494183
275,r_k05_0039_d04_d05_d09_d10_d14,"4,5,9,10,14",budget-matched cardinality-stratified random full-sequence control,0,0.9965095986038395,12.180299999999999,13.0399,1.2552,15.147392831134464,14.434082898752292,22.33956835275344,1.0307804960662266,13.53317398210583,0.534394967947489,2.2123500440086796,11.87501956642258,1.1055427323097882,12.186874339969014,1.112484407517339
276,swap_k06_0026_d02_d03_d08_d12_d13_d14,"2,3,8,12,13,14",one-channel swap audit around provisional greedy endpoint,0,0.9965095986038395,12.2162,12.6395,1.3804,15.11375397463228,14.779392608670634,22.501464663800235,1.0962643852675666,11.141790769248392,0.6875206318883815,8.905252247244585,12.062038799283545,1.1084844459502512,12.229477278095587,1.109240205617756
277,g_s04_k04_from_d03_d06_d12_add_d05,"3,5,6,12",direct full-sequence ATE forward-greedy trial,0,0.9965095986038395,12.302100000000001,13.0113,1.4181,14.61553400940934,13.974203654604707,27.030326480084334,1.0914748382868424,11.468827740152774,0.7912785127313872,9.265234726665149,12.575103835950262,1.0725139593345383,12.310805082718279,1.0803959759000967
278,r_k04_0016_d01_d03_d12_d15,"1,3,12,15",budget-matched cardinality-stratified random full-sequence control,0,0.9965095986038395,12.3233,13.3862,1.3639999999999999,15.950793233901758,15.258744756002688,28.219806270062964,1.012713624556901,9.762210820441465,0.8019778184722172,10.99358808336204,12.868740587491587,1.100565117866772,12.32240622668469,1.106918821361515
279,g_s02_k06_from_d01_d02_d03_d12_d14_add_d05,"1,2,3,5,12,14",direct full-sequence ATE forward-greedy trial,0,0.9965095986038395,12.3248,13.318299999999999,1.3724999999999998,15.355760051005099,14.285441993647325,27.496887985096553,1.0293153643686648,13.150825750068988,0.7071627051143639,8.965546168206222,12.98327428591379,1.0772747359823291,12.314880273105762,1.0897239564615941
280,r_k05_0012_d00_d07_d10_d11_d15,"0,7,10,11,15",budget-matched cardinality-stratified random full-sequence control,0,0.9965095986038395,12.3435,13.4627,1.6008000000000002,16.485347039379754,15.643540973025786,24.650603758877967,1.2450678425647743,20.625031975767378,0.5530822379000317,2.949403758905362,11.93793337822179,1.1317512974252284,12.363534626023446,1.1327459094932137
281,r_k03_0023_d02_d05_d11,"2,5,11",budget-matched cardinality-stratified random full-sequence control,0,0.9965095986038395,12.353200000000001,13.027,1.2968,14.581957408372428,13.963112866535008,24.793144229593562,0.9699540546914777,5.712383910139949,0.7305860054244835,7.580561435206554,12.494178979112759,1.0743453120716875,12.362220325011725,1.081978238951495
282,g_s04_k06_from_d02_d03_d06_d07_d12_add_d08,"2,3,6,7,8,12",direct full-sequence ATE forward-greedy trial,0,0.9965095986038395,12.354,13.645399999999999,1.3913,15.229548689324865,14.271542223165994,28.54167194751619,1.033485535323774,10.65087116541467,0.7378734445321775,9.62901149082013,12.973723254740882,1.0666376296654299,12.342279034557126,1.0726354766445305
283,r_k05_0040_d04_d06_d12_d13_d14,"4,6,12,13,14",budget-matched cardinality-stratified random full-sequence control,0,0.9965095986038395,12.4125,13.317100000000002,1.8447000000000002,15.00276985613679,14.341160678392354,21.20969485263019,1.463132373206622,27.138439628179633,0.7119610007203961,10.338549261251007,11.920178671253067,1.097814641358416,12.42734337822154,1.1000717186595363
284,g_s04_k03_from_d06_d12_add_d07,"6,7,12",direct full-sequence ATE forward-greedy trial,0,0.9965095986038395,12.4418,13.1763,1.8424,14.641127025045689,13.611439564821668,25.601214403116053,1.3946634409073422,21.258395763588418,0.7658988780512498,11.025776164912026,12.528786708700146,1.0738663261586874,12.433858844752244,1.078138546310736
285,r_k03_0033_d03_d08_d11,"3,8,11",budget-matched cardinality-stratified random full-sequence control,0,0.9965095986038395,12.4554,13.9323,1.9538,16.46474780792868,15.547217017360188,28.657023696241662,1.471115534164221,22.388789825082856,0.6836506391002842,7.825539553258436,12.450954350484812,1.11317207502091,12.491267393978431,1.102792547813642
286,r_k04_0030_d02_d06_d07_d12,"2,6,7,12",budget-matched cardinality-stratified random full-sequence control,0,0.9965095986038395,12.4697,13.7909,1.2464,15.190981584452052,14.2192922401574,30.00715544738601,0.9412819580026399,6.4406067313617905,0.6303193717326047,6.75402352329135,12.898991506833605,1.0670314636422258,12.4591323410685,1.0754707516001383
287,g_s01_k03_from_d03_d07_add_d08,"3,7,8",direct full-sequence ATE forward-greedy trial,0,0.9965095986038395,12.5268,13.775100000000002,1.9619999999999997,15.616281065638727,15.01034229433056,25.24787644816267,1.563022433273595,25.314424570537536,0.7362196553683917,8.508337784984908,12.440910680903025,1.09471022226288,12.549806294386489,1.087968689622713
288,r_k04_0026_d02_d04_d06_d15,"2,4,6,15",budget-matched cardinality-stratified random full-sequence control,0,0.9965095986038395,12.5525,12.969700000000001,1.7247,15.072237709001351,14.395125048483775,23.480777395395936,1.2977117373679103,19.259452018082094,0.7136718712912401,8.533221714312969,12.216496147240099,1.1031441736477474,12.561727684762328,1.110012455871106
289,r_k06_0019_d01_d03_d04_d05_d13_d15,"1,3,4,5,13,15",budget-matched cardinality-stratified random full-sequence control,0,0.9965095986038395,12.5784,13.571900000000001,1.2767,15.440194814089825,14.43457539643102,29.34615958015882,0.9898424460588368,10.820735637538025,0.7406504617117766,10.559621458619253,12.843236918129483,1.0881450928691647,12.575307554373637,1.0960986044581675
290,r_k04_0041_d04_d06_d08_d10,"4,6,8,10",budget-matched cardinality-stratified random full-sequence control,0,0.9965095986038395,12.590699999999998,13.202,1.3538,16.445629176270554,15.700794923711872,24.97524371889947,1.0257839366512946,9.727341631600776,0.6053298859291527,4.756530606360634,12.171618655445542,1.1348098619102114,12.614795594062759,1.135985352273061
291,r_k05_0028_d02_d05_d06_d08_d15,"2,5,6,8,15",budget-matched cardinality-stratified random full-sequence control,0,0.9965095986038395,12.6025,13.4414,1.4754,15.68578791710097,15.128962876036772,23.61730141402497,1.0649999936432044,7.620081265834687,0.6626274479768682,5.120343725203962,13.054617591244929,1.0956785028826141,12.607827586296668,1.1069946478000188
292,r_k03_0016_d01_d07_d15,"1,7,15",budget-matched cardinality-stratified random full-sequence control,0,0.9965095986038395,12.680900000000001,13.450899999999999,1.8639,16.140173619192712,15.520468420301661,28.364012091755654,1.3954112179492546,18.922110391897746,0.9467358660133389,14.00076183671164,13.075700143242738,1.1030560696935598,12.667632702286891,1.1089385535989777
293,g_s03_k04_from_d10_d12_d14_add_d06,"6,10,12,14",direct full-sequence ATE forward-greedy trial,0,0.9965095986038395,12.706600000000002,13.686000000000002,1.652,15.354330252970309,14.255492646627738,27.499834767335436,1.2733932426583183,18.63290550176292,0.6041094555335895,6.357349593397086,12.993561795428002,1.0843401157768149,12.706861349551978,1.0887127194865747
294,r_k04_0012_d01_d02_d07_d08,"1,2,7,8",budget-matched cardinality-stratified random full-sequence control,0,0.9965095986038395,12.7451,14.0271,1.413,16.26105247769784,15.227146926026636,32.388912938260525,1.0551922022197613,10.279238527092714,0.7644458375338558,11.272390480858348,12.976094168109814,1.0987603822867587,12.744772829480858,1.1031195608949338
295,g_s04_k03_from_d06_d12_add_d04,"4,6,12",direct full-sequence ATE forward-greedy trial,0,0.9965095986038395,12.7715,13.8901,1.7437,15.073637127664188,14.153480448711441,23.830401531239715,1.4152794221749303,23.5394922668608,0.6302054482513213,4.943166487250823,12.001485788785091,1.0899395093708821,12.784402543055021,1.0918890425803882
296,r_k06_0036_d03_d04_d07_d08_d10_d15,"3,4,7,8,10,15",budget-matched cardinality-stratified random full-sequence control,0,0.9965095986038395,12.8396,13.575599999999998,1.5903,16.089781456811576,15.440957096578767,24.946747726875486,1.258095240221163,18.63909958508902,0.5759184708125704,5.455106515987482,12.501999930025992,1.1174745024842032,12.853978293259525,1.1188721661296568
297,g_s02_k03_from_d02_d14_add_d07,"2,7,14",direct full-sequence ATE forward-greedy trial,0,0.9965095986038395,12.8461,15.0782,1.9665,15.691914095744073,14.141929026731345,31.321348616628956,1.5691107735763339,30.99629730159112,0.6118197100010625,6.143777829066105,12.62075296669232,1.0668948676838566,12.85576153773075,1.063476992182607
298,g_s03_k06_from_d03_d10_d12_d14_d15_add_d08,"3,8,10,12,14,15",direct full-sequence ATE forward-greedy trial,0,0.9965095986038395,12.8533,13.3988,1.5142,15.539165091287416,15.029820775371302,22.450359243768563,1.184139807056479,16.653239920016212,0.6522304586758327,7.835869295702945,12.652585868491716,1.1044990322225248,12.864949687594832,1.1052289100442327
299,g_pair_seed_sweep_d02_d04,"2,4",exhaustive two-channel full-sequence seed sweep (only_1_singleton_passes_for_4_planned_starts),0,0.9965095986038395,12.8785,13.497700000000002,1.6862,14.23640492566198,13.66331190048094,21.90827939308288,1.3100620073988638,17.14070561230399,0.77560997714768,8.365377495930804,12.716820139814613,1.0609098406167132,12.895533460800548,1.0610151428144081
300,swap_k06_0014_d02_d05_d07_d12_d13_d14,"2,5,7,12,13,14",one-channel swap audit around provisional greedy endpoint,0,0.9965095986038395,12.890199999999998,13.888900000000001,1.2212,15.87038863667431,15.144891701730753,30.238937670963605,0.9728967941603112,10.04828600702226,0.718955859215999,10.381948313540281,12.85419912039996,1.0965085596608972,12.897511919022131,1.103579079659308
301,g_s02_k03_from_d02_d14_add_d15,"2,14,15",direct full-sequence ATE forward-greedy trial,0,0.9965095986038395,12.9467,13.664399999999999,1.8393,15.147143836258781,14.120329751571736,26.733750713270176,1.4025690522178618,20.306577841822566,0.7686175197784018,10.719296287256366,13.141446725142508,1.0807159193121374,12.944879585567282,1.0835552776005029
302,unet_enc0_all16,"0,1,2,3,4,5,6,7,8,9,10,11,12,13,14,15",unselected UNet enc0 all16-channel control,0,0.9965095986038395,12.9502,14.068900000000001,1.327,15.760437012825642,14.636600079361273,30.480151473840255,1.0483385939912337,9.068865101155739,0.7041357760222134,8.589208222744716,13.030334233037685,1.0887716444178521,12.954137986018555,1.0924760577085497
303,unet_enc0_all16,"0,1,2,3,4,5,6,7,8,9,10,11,12,13,14,15",final repeat validation for unet_enc0_all16,1,0.9965095986038395,12.9502,14.068900000000001,1.327,15.760437012825642,14.636600079361273,30.480151473840255,1.0483385939912337,9.068865101155739,0.7041357760222134,8.589208222744716,13.030334233037685,1.0887716444178521,12.954137986018555,1.0924760577085497
304,unet_enc0_all16,"0,1,2,3,4,5,6,7,8,9,10,11,12,13,14,15",final repeat validation for unet_enc0_all16,2,0.9965095986038395,12.9502,14.068900000000001,1.327,15.760437012825642,14.636600079361273,30.480151473840255,1.0483385939912337,9.068865101155739,0.7041357760222134,8.589208222744716,13.030334233037685,1.0887716444178521,12.954137986018555,1.0924760577085497
305,g_s03_k04_from_d10_d12_d14_add_d15,"10,12,14,15",direct full-sequence ATE forward-greedy trial,0,0.9965095986038395,12.997200000000001,13.661100000000001,1.4114,15.39318990372733,14.408552314361426,26.262807437335596,1.107949968284474,12.49462309154903,0.5957120622462971,5.1010214315568625,12.97062851623323,1.0933606925231838,12.996565735551577,1.0967599567470954
306,r_k05_0046_d06_d09_d10_d12_d15,"6,9,10,12,15",budget-matched cardinality-stratified random full-sequence control,0,0.9965095986038395,13.006100000000002,13.7401,1.2778,15.866583124195637,15.081518767560024,28.633722108631705,0.9547501009582611,5.251868068436483,0.5822471734751901,3.3003097207252687,13.185808949585923,1.1016550119382418,12.999298068362815,1.1062052833908027
307,g_s03_k03_from_d10_d14_add_d13,"10,13,14",direct full-sequence ATE forward-greedy trial,0,0.9965095986038395,13.008600000000001,13.5469,1.32,16.217982803022906,15.575003342618732,28.554245447111228,1.0684237290655545,13.106904411604859,0.6389941551368006,7.853260561380918,12.964337145706859,1.1157353631070264,13.011314657180911,1.1206632185999523
308,g_s03_k04_from_d10_d12_d14_add_d13,"10,12,13,14",direct full-sequence ATE forward-greedy trial,0,0.9965095986038395,13.0142,14.2414,1.057,16.48032589257273,15.914930756151275,31.847923226588755,0.8722166455325802,5.938178361104572,0.5877239669756574,6.993337104897658,13.217535959714324,1.0999376202412359,13.021890751830142,1.1056358364105208
309,g_s03_k03_from_d10_d14_add_d04,"4,10,14",direct full-sequence ATE forward-greedy trial,0,0.9965095986038395,13.0246,14.3619,1.5609,16.265002601858846,15.295728205893793,26.859636622832806,1.2699933716949785,22.356985793137085,0.5454869256025996,3.3538612085756485,12.490748854591004,1.1098919546974602,13.036082275194016,1.1133398825804939
310,g_pair_seed_sweep_d07_d13,"7,13",exhaustive two-channel full-sequence seed sweep (only_1_singleton_passes_for_4_planned_starts),0,0.9965095986038395,13.0412,13.3819,1.5971,15.963797444977335,15.488410596012509,22.816245976733907,1.1647822228334839,12.964218440089562,0.8855628558653671,12.887074212324787,13.270718662349463,1.106079743046579,13.035175145238135,1.1114352647001742
311,g_s04_k05_from_d03_d06_d07_d12_add_d05,"3,5,6,7,12",direct full-sequence ATE forward-greedy trial,0,0.9965095986038395,13.047600000000001,13.8576,1.5787,14.998427207987783,14.337446318051898,23.230837764351016,1.2249913496430413,18.053619577786385,0.7891396390713923,10.376639459770859,12.971054884818473,1.0728467473388168,13.054708533545444,1.0765244568435928
312,r_k03_0008_d00_d09_d10,"0,9,10",budget-matched cardinality-stratified random full-sequence control,0,0.9965095986038395,13.0609,14.0441,1.533,17.552637660447846,16.820850374525335,24.82763016196245,1.2194741840224181,18.04954281728596,0.587276959677178,4.021188597358875,12.973270677147712,1.1423242933798392,13.079581093475836,1.1455459038441296
313,r_k04_0004_d00_d03_d04_d09,"0,3,4,9",budget-matched cardinality-stratified random full-sequence control,0,0.9965095986038395,13.077900000000001,14.0893,1.4539,16.654411320117884,15.848073139504635,24.260149904563573,1.1909381624733977,18.74925454135179,0.5430233474545951,2.645616451173123,12.51556272976824,1.1259803221420983,13.092834109042542,1.1275963650219163
314,r_k03_0022_d02_d04_d11,"2,4,11",budget-matched cardinality-stratified random full-sequence control,0,0.9965095986038395,13.0939,13.9548,1.6397,15.909567138904013,15.264480576946566,22.906153696910437,1.2948087797771868,21.39337999699654,0.6679571521714628,8.337768031216775,12.578860523161206,1.1070315779807125,13.107677302166373,1.1090509578259182
315,r_k04_0039_d04_d05_d08_d10,"4,5,8,10",budget-matched cardinality-stratified random full-sequence control,0,0.9965095986038395,13.1242,14.0405,1.5297,16.004713279364776,15.14893087061667,23.489194116756497,1.2057744553237513,18.89486206880917,0.5713574610259192,3.205795496126588,13.03915781728393,1.1036834597112002,13.130510705922827,1.111445960881471
316,r_k06_0038_d03_d05_d06_d07_d08_d15,"3,5,6,7,8,15",budget-matched cardinality-stratified random full-sequence control,0,0.9965095986038395,13.128200000000001,14.045399999999999,1.8561,15.461703621594866,14.823669947030199,24.49509672944003,1.4581890009793634,21.749631440294532,0.8489859989372426,12.500407658355055,13.061356033260877,1.0815791819737393,13.14636125099712,1.085374351499889
317,r_k06_0024_d01_d05_d06_d10_d12_d13,"1,5,6,10,12,13",budget-matched cardinality-stratified random full-sequence control,0,0.9965095986038395,13.128699999999998,14.0872,1.3595,16.222447123103905,15.10215321314678,33.52858966450421,1.0774795337203948,11.716304102216892,0.679074853129677,9.484502632187532,13.258395858480846,1.0999370047418429,13.128187960827734,1.1065782644510447
318,swap_k06_0039_d02_d03_d07_d11_d13_d14,"2,3,7,11,13,14",one-channel swap audit around provisional greedy endpoint,0,0.9965095986038395,13.130500000000001,15.012,1.7999,15.699045377324335,14.26241071624536,27.2665806517067,1.45965692913757,28.033620802540753,0.5981808755486032,6.607046119724957,12.475162711783891,1.0772465711668053,13.146513983756094,1.0722839038910141
319,g_s03_k06_from_d03_d10_d12_d14_d15_add_d09,"3,9,10,12,14,15",direct full-sequence ATE forward-greedy trial,0,0.9965095986038395,13.139500000000002,14.0231,1.4307,16.562504134054347,15.656004753969293,25.065108519124074,1.1349672906149748,17.616446252247115,0.5301454459515847,2.402998529271862,12.483120071456549,1.124904713181837,13.15625107032007,1.1271398344222607
320,g_s03_k04_from_d10_d12_d14_add_d00,"0,10,12,14",direct full-sequence ATE forward-greedy trial,0,0.9965095986038395,13.202,14.075199999999999,1.0856,16.150232255584122,15.445690697252108,29.771002178020904,0.9109483944728162,5.364016466970857,0.5410473526055154,2.973614501600634,13.541232384196888,1.0948227878872439,13.197484871667085,1.1002924773979958
321,g_s01_k03_from_d03_d07_add_d11,"3,7,11",direct full-sequence ATE forward-greedy trial,0,0.9965095986038395,13.2175,14.8273,2.4608000000000003,16.682450543697787,15.450883682261523,28.315682621548284,1.8546453947262498,29.845089948956442,0.994175924008241,15.41622817036491,13.690369480790734,1.0758468253409939,13.234244397818385,1.0695543928016926
322,r_k05_0033_d03_d04_d09_d11_d15,"3,4,9,11,15",budget-matched cardinality-stratified random full-sequence control,0,0.9965095986038395,13.2347,14.208000000000002,1.5426,16.388245042536656,15.496331154361123,24.619017941069067,1.2102462514680972,19.443799312732732,0.5533303067213273,3.290956791138083,12.51532549452364,1.1169147192896018,13.252243712819933,1.1165932630511344
323,g_pair_seed_sweep_d03_d14,"3,14",exhaustive two-channel full-sequence seed sweep (only_1_singleton_passes_for_4_planned_starts),0,0.9965095986038395,13.2796,14.0369,1.5589,16.751407906435354,15.766205954320217,37.35271345167915,1.1619555950571006,12.039189433264209,0.6875627915102837,9.042692624872501,13.744287957871402,1.1072195613153906,13.27948209952645,1.1090453917909733
324,g_s03_k03_from_d10_d14_add_d00,"0,10,14",direct full-sequence ATE forward-greedy trial,0,0.9965095986038395,13.2875,14.3603,1.1314,16.64405187654409,16.061854163660875,30.27771264732343,0.9742963839975081,5.872729603166182,0.6015601767520242,4.528997556369945,13.614340120138872,1.1003274154844698,13.290938233699324,1.1062732343567505
325,g_s03_k03_from_d10_d14_add_d03,"3,10,14",direct full-sequence ATE forward-greedy trial,0,0.9965095986038395,13.2972,14.6705,1.2407,16.289770013642833,15.29300479507313,33.60584675653703,0.9732888592847109,9.397367061027042,0.6164498378378511,5.789519474864578,13.779179172403571,1.0776478173698023,13.292565250758198,1.0820759460299585
326,r_k04_0007_d00_d06_d12_d14,"0,6,12,14",budget-matched cardinality-stratified random full-sequence control,0,0.9965095986038395,13.3158,14.712700000000002,1.554,15.429225882053096,14.597283438909658,25.590273288584857,1.254711911223445,19.395558180844986,0.8324819349315832,12.111762426604011,13.093303435015427,1.0689178666596149,13.33934214400229,1.063906683715685
327,r_k06_0021_d01_d03_d05_d13_d14_d15,"1,3,5,13,14,15",budget-matched cardinality-stratified random full-sequence control,0,0.9965095986038395,13.367799999999999,14.1337,1.2285000000000001,16.668140090897783,16.0433066368215,30.24031733171817,0.9936186582473774,11.539566759023154,0.7647405324642063,11.611841298710152,13.298890362847505,1.1140598617196567,13.375964165086215,1.1206443477753898
328,g_s03_k04_from_d10_d12_d14_add_d11,"10,11,12,14",direct full-sequence ATE forward-greedy trial,0,0.9965095986038395,13.3718,14.4154,1.7111,16.218441169076353,15.176367852056371,25.736169923549106,1.2829056222302893,21.19586447746898,0.5678529626943929,3.092886415937227,13.112362090666426,1.1044218791303226,13.374505742985935,1.1078111299229825
329,g_s02_k03_from_d02_d14_add_d05,"2,5,14",direct full-sequence ATE forward-greedy trial,0,0.9965095986038395,13.3802,15.277099999999999,1.8762,15.70614769673733,14.119854817287377,33.132287732178526,1.487419634789594,27.875231083015155,0.6492941891932911,7.69348967054879,12.87962746045486,1.0696669743801681,13.388418746461136,1.0711110017288903
330,g_s04_k03_from_d06_d12_add_d13,"6,12,13",direct full-sequence ATE forward-greedy trial,0,0.9965095986038395,13.3922,13.754900000000001,1.4139000000000002,16.010593235575598,15.632931792869728,21.758196019360934,1.1116679169177393,13.218188439981802,0.8051331330324949,12.644633587157267,13.219107690289029,1.108152549856583,13.392953316336131,1.1138134320122848
331,r_k04_0006_d00_d03_d12_d15,"0,3,12,15",budget-matched cardinality-stratified random full-sequence control,0,0.9965095986038395,13.425500000000001,14.177500000000002,1.7448000000000001,16.26441573243526,15.691926566844868,24.277493723438624,1.3611184992998722,21.886135287003825,0.6888631695731555,8.115968199972396,13.108394523927872,1.1086404421858551,13.445441363113536,1.1083920498516313
332,r_k03_0007_d00_d07_d13,"0,7,13",budget-matched cardinality-stratified random full-sequence control,0,0.9965095986038395,13.428899999999999,14.2427,1.3606,16.812040140187694,16.398086839097832,24.43793803288175,1.1214535810448152,13.516563205499688,0.6029117581187812,5.3536461660504955,13.378177274469834,1.11603966057195,13.442703361605032,1.1162267574738982
333,r_k06_0042_d07_d09_d10_d11_d12_d14,"7,9,10,11,12,14",budget-matched cardinality-stratified random full-sequence control,0,0.9965095986038395,13.4323,14.6096,1.4458,16.454250675435446,15.759619471583758,25.694140405800397,1.1832639104094034,19.747131516940915,0.5356576272523234,3.032715564835012,12.940877003684136,1.1081392918810276,13.445141067095967,1.1081302067493375
334,r_k04_0029_d02_d05_d11_d15,"2,5,11,15",budget-matched cardinality-stratified random full-sequence control,0,0.9965095986038395,13.434199999999999,14.078,1.472,15.42194574054232,14.77037437920826,22.998792800236878,1.0968650671261246,10.520087211544862,0.7128428402932854,6.985527293552859,13.250175216652421,1.0811211731039378,13.44627947752345,1.087561543755332
335,r_k04_0040_d04_d06_d07_d12,"4,6,7,12",budget-matched cardinality-stratified random full-sequence control,0,0.9965095986038395,13.4579,14.440700000000001,1.8270000000000002,15.310905149776044,14.032417323475215,25.840321515076997,1.4078309726186087,24.139192664923435,0.7486719921784083,9.677653313049143,13.340186229275583,1.0645651604704258,13.45417651410273,1.0657675263886277
336,g_s03_k06_from_d03_d10_d12_d14_d15_add_d00,"0,3,10,12,14,15",direct full-sequence ATE forward-greedy trial,0,0.9965095986038395,13.464100000000002,14.2903,1.5104,16.32558164487737,15.522267407109979,24.31241806154816,1.1565035946954725,14.828022893384748,0.6053890609418623,4.545347914380808,13.037592761005012,1.1100285078730534,13.480729773291342,1.1120308137902393
337,r_k05_0007_d00_d03_d09_d11_d13,"0,3,9,11,13",budget-matched cardinality-stratified random full-sequence control,0,0.9965095986038395,13.472700000000001,14.460999999999999,1.4971,17.60909350332968,16.841880198504594,25.926993731390542,1.1853448839858753,19.563086825080322,0.5344257284233421,2.9028934972628013,13.008723583791989,1.1404335697248738,13.49254628395368,1.1414110067821615
338,r_k03_0024_d02_d05_d12,"2,5,12",budget-matched cardinality-stratified random full-sequence control,0,0.9965095986038395,13.497200000000001,14.373,1.3613,15.313221003302848,14.218566117590795,24.355088776365655,1.028507527817093,10.351753235076231,0.6669415686689677,7.621405618300325,13.36263914013095,1.0679898302775692,13.494293822337944,1.0762927509000235
339,r_k05_0020_d01_d05_d08_d11_d14,"1,5,8,11,14",budget-matched cardinality-stratified random full-sequence control,0,0.9965095986038395,13.497200000000001,14.5653,1.3176,16.517095640355677,15.845666649768628,31.45899892895342,1.015801386127781,10.736131547675356,0.833507222518933,12.133756814819272,13.850159827896844,1.0865378816659577,13.506584714082997,1.0931577598298101
340,r_k03_0005_d00_d04_d11,"0,4,11",budget-matched cardinality-stratified random full-sequence control,0,0.9965095986038395,13.512699999999999,14.9344,1.8714000000000002,17.141766284378697,15.830279882245337,26.200551266013015,1.445929054111368,26.38656154420826,0.5840116028785327,3.510231280131874,12.758474780461757,1.1233602674661023,13.534708756006669,1.123507882284515
341,swap_k06_0020_d02_d07_d12_d13_d14_d15,"2,7,12,13,14,15",one-channel swap audit around provisional greedy endpoint,0,0.9965095986038395,13.528200000000002,14.105500000000001,1.4607999999999999,16.415813129570523,15.54765123835224,30.70563954349662,1.0653127211013995,10.864327803271284,0.7787500221206529,10.791298732736038,13.632906915971061,1.1015624456739972,13.523875150643525,1.1095255537595439
342,r_k05_0005_d00_d02_d12_d13_d14,"0,2,12,13,14",budget-matched cardinality-stratified random full-sequence control,0,0.9965095986038395,13.5411,14.513200000000001,1.2541,16.411692750567177,15.860021972973135,31.175450392154204,1.0333020162722175,12.910404813911649,0.6738691700748414,8.761669378477068,13.332099524188973,1.1008981315439843,13.554623444596137,1.1029968653914122
343,r_k06_0026_d01_d05_d08_d09_d10_d13,"1,5,8,9,10,13",budget-matched cardinality-stratified random full-sequence control,0,0.9965095986038395,13.589300000000001,14.767199999999999,1.4802,17.51331919001913,16.6970821158156,26.025517642876416,1.186265850694269,19.712488316905873,0.5341857766924781,3.1051048714795875,13.065456234491643,1.1341313310033523,13.603318523689287,1.137665759750051
344,g_s03_k03_from_d10_d14_add_d01,"1,10,14",direct full-sequence ATE forward-greedy trial,0,0.9965095986038395,13.647200000000002,14.4899,1.6348999999999998,15.865804566411889,14.889475066032917,25.007230669336224,1.2658435085470372,21.109233222580322,0.5505622940267306,2.4747654957488097,13.656419345810153,1.0849955165079106,13.643258402825667,1.0890546096716909
345,g_pair_seed_sweep_d00_d05,"0,5",exhaustive two-channel full-sequence seed sweep (only_1_singleton_passes_for_4_planned_starts),0,0.9965095986038395,13.6485,15.0433,2.445,16.825817948440676,15.248482064903088,36.53331499050863,1.8935309675753358,30.727883585239447,1.5219736209926744,30.72340324553889,14.705766852659643,1.0425362385171797,13.665653870485562,1.0431642899132567
346,r_k05_0036_d03_d05_d08_d10_d12,"3,5,8,10,12",budget-matched cardinality-stratified random full-sequence control,0,0.9965095986038395,13.6578,14.496,1.1897,15.883665392941642,15.184724451750045,26.02223953864467,0.9568165227190362,7.589387961858882,0.5492795302520651,4.310965366154944,13.51520993331926,1.0874511699189917,13.658583944667878,1.0921276706234264
347,r_k06_0025_d01_d05_d06_d12_d14_d15,"1,5,6,12,14,15",budget-matched cardinality-stratified random full-sequence control,0,0.9965095986038395,13.6589,14.837200000000001,1.344,16.307238471829596,15.050262757767005,34.744559533905225,1.0191751184219058,9.252058225765754,0.8216992982540183,11.568567782279034,14.099384505368896,1.067216754827835,13.651331541718692,1.0761473926470042
348,swap_k06_0016_d02_d07_d08_d12_d13_d14,"2,7,8,12,13,14",one-channel swap audit around provisional greedy endpoint,0,0.9965095986038395,13.719999999999999,14.878,1.6945999999999999,17.02227687896437,16.480342034694228,27.728208785767695,1.3288160536926945,22.565577128428057,0.7088559052613145,10.872121324780576,13.671521470469086,1.1065035589842642,13.729416670785366,1.1081088513103698
349,bqs_historical_top5,"0,3,10,14,15","0621 BQS-ranked enc0 Top-5 [d15,d10,d0,d14,d3], direct ATE control",0,0.9965095986038395,13.7216,14.8016,1.5924,17.24161497749357,16.36645031399549,25.952156467787983,1.2804071358934113,19.1451528591902,0.6163218387775907,6.546514969535741,13.357862071007027,1.1225514173241138,13.736984647977609,1.1223007881699116
350,bqs_historical_top5,"0,3,10,14,15",final repeat validation for B5_historical_bqs_top5,1,0.9965095986038395,13.7216,14.8016,1.5924,17.24161497749357,16.36645031399549,25.952156467787983,1.2804071358934113,19.1451528591902,0.6163218387775907,6.546514969535741,13.357862071007027,1.1225514173241138,13.736984647977609,1.1223007881699116
351,bqs_historical_top5,"0,3,10,14,15",final repeat validation for B5_historical_bqs_top5,2,0.9965095986038395,13.7216,14.8016,1.5924,17.24161497749357,16.36645031399549,25.952156467787983,1.2804071358934113,19.1451528591902,0.6163218387775907,6.546514969535741,13.357862071007027,1.1225514173241138,13.736984647977609,1.1223007881699116
352,g_pair_seed_sweep_d02_d10,"2,10",exhaustive two-channel full-sequence seed sweep (only_1_singleton_passes_for_4_planned_starts),0,0.9965095986038395,13.730500000000001,14.7868,1.4756,15.954937923899795,14.98080749218105,29.313136097075564,1.1083393795841636,12.449458624500616,0.6636858186155408,7.36625042802531,13.802647964440018,1.0752222135304772,13.720061277266723,1.080609455769159
353,g_s02_k05_from_d02_d03_d12_d14_add_d07,"2,3,7,12,14",direct full-sequence ATE forward-greedy trial,0,0.9965095986038395,13.7755,15.1537,1.6038000000000001,15.973350248569606,14.862072686539939,27.290461701549674,1.2612427216979203,21.599516757721222,0.5728479151212317,3.8412950428776655,13.143290901911051,1.0829172933173237,13.78610969269454,1.0839786888425258
354,r_k05_0004_d00_d02_d05_d10_d13,"0,2,5,10,13",budget-matched cardinality-stratified random full-sequence control,0,0.9965095986038395,13.7993,14.5223,1.4868,16.42362026229663,15.404768773069227,28.185596833671145,1.1546610993794286,17.01137616037523,0.558034154551704,2.806932802191168,13.847304168009773,1.0987971540986834,13.797592756495686,1.1084114712515252
355,r_k05_0008_d00_d03_d12_d14_d15,"0,3,12,14,15",budget-matched cardinality-stratified random full-sequence control,0,0.9965095986038395,13.8708,15.3307,1.7161,16.65160271974087,15.60236133201674,28.499103751251752,1.3325066548721436,22.924945687333558,0.6178226738307373,5.594028106171064,13.547443056750264,1.0936740225351598,13.88821380149943,1.0938999563173872
356,g_s01_k04_from_d03_d07_d12_add_d11,"3,7,11,12",direct full-sequence ATE forward-greedy trial,0,0.9965095986038395,13.889899999999999,15.692300000000001,1.8109,17.57796011374584,16.163543385159183,37.69639347402933,1.4143266457573882,20.260561437252143,0.8102929665571675,10.151357078037229,14.359348341314218,1.0811397608859807,13.88822720635258,1.089562728710343
357,r_k05_0034_d03_d04_d10_d11_d14,"3,4,10,11,14",budget-matched cardinality-stratified random full-sequence control,0,0.9965095986038395,13.9024,14.901,1.6888,16.464036125898883,15.774253575076413,25.636173417612152,1.3595539026848584,24.095266275059764,0.6697618371416038,8.514086527977025,13.469469309376239,1.0987526816463087,13.916001472428775,1.0987772657546906
358,g_pair_seed_sweep_d05_d13,"5,13",exhaustive two-channel full-sequence seed sweep (only_1_singleton_passes_for_4_planned_starts),0,0.9965095986038395,13.939499999999999,14.386899999999999,1.7010999999999998,16.480162181986525,15.48819197623744,30.010703156459233,1.2701174441581058,19.933904110130623,0.8628235495244769,13.238061613357038,13.297720459815954,1.114435302117837,13.953699950225392,1.1222373440687623
359,r_k03_0026_d02_d06_d07,"2,6,7",budget-matched cardinality-stratified random full-sequence control,0,0.9965095986038395,13.9508,15.4014,1.3155999999999999,16.47474294841316,15.308808444791502,31.292932672446472,0.9855168179475753,7.984559905373395,0.6734418595482695,8.287300189450054,14.261365673996043,1.0636710642560174,13.937389759285665,1.0715998071022086
360,r_k05_0016_d01_d03_d05_d06_d13,"1,3,5,6,13",budget-matched cardinality-stratified random full-sequence control,0,0.9965095986038395,14.0073,15.473999999999998,1.5292999999999999,17.00103718434354,15.944330338560889,34.889610475798676,1.1873498123493746,12.985970798327934,0.8426211759374452,11.514619049647624,14.404218218539318,1.0801397261999874,14.003881144032812,1.087472440852921
361,r_k04_0031_d02_d07_d08_d14,"2,7,8,14",budget-matched cardinality-stratified random full-sequence control,0,0.9965095986038395,14.027800000000001,15.3587,1.6424999999999998,16.85287518702939,16.20434955636982,26.493513301612126,1.3355373042048975,21.830198049059554,0.7484690491525186,11.714284273462422,14.004686094847777,1.0882623855106475,14.040036763046077,1.0870070219921313
362,r_k06_0003_d00_d01_d03_d04_d06_d08,"0,1,3,4,6,8",budget-matched cardinality-stratified random full-sequence control,0,0.9965095986038395,14.0406,15.9327,1.872,17.71561869195243,16.509957364380416,28.653856537960102,1.478032098733371,27.697852157857888,0.6041859196649574,5.660375886223716,13.441688361136405,1.1150548683685044,14.060786597031283,1.1113081105268579
363,r_k06_0035_d03_d04_d06_d07_d12_d13,"3,4,6,7,12,13",budget-matched cardinality-stratified random full-sequence control,0,0.9965095986038395,14.0433,16.1509,1.8685,16.82010839420101,15.188649292386089,28.886056032868623,1.5154810979947142,28.111061679728472,0.6054757638104101,5.176916798912798,13.400415823667789,1.081402649753784,14.055674102897084,1.0774479527710406
364,g_s02_k06_from_d01_d02_d03_d12_d14_add_d04,"1,2,3,4,12,14",direct full-sequence ATE forward-greedy trial,0,0.9965095986038395,14.0734,15.5089,1.2683,16.832740968217674,15.606063147189008,33.421758689541974,0.9967623068549591,10.04482985367125,0.7178890366416204,9.795827977615666,14.370398895466243,1.076336917662699,14.06452061451702,1.0835331742516259
365,r_k03_0004_d00_d04_d07,"0,4,7",budget-matched cardinality-stratified random full-sequence control,0,0.9965095986038395,14.113700000000001,15.992999999999999,2.0788,16.94509776432289,15.621703276883709,28.47775111824452,1.6780280444202673,32.55861771279819,0.5747582852377345,4.12526572379861,13.432175111628638,1.0902607588944022,14.132925448399686,1.0881828849210216
366,g_s01_k06_from_d02_d03_d07_d12_d13_add_d09,"2,3,7,9,12,13",direct full-sequence ATE forward-greedy trial,0,0.9965095986038395,14.139,15.464400000000001,1.6729999999999998,16.89633896904123,16.15217688849243,24.26437454066901,1.3354587923886683,23.089831119277747,0.6660695110546131,8.957343567545712,13.887757590303226,1.0908161291150296,14.15196640523749,1.0901459979873258
367,g_s04_k05_from_d03_d06_d07_d12_add_d15,"3,6,7,12,15",direct full-sequence ATE forward-greedy trial,0,0.9965095986038395,14.1742,14.981900000000001,1.706,16.429421815162534,16.022791346914815,23.610820542765087,1.29363337329815,15.865928500955325,0.8275670372819132,9.377461734952588,14.102173861108064,1.0868886786433245,14.183417888563831,1.0873740780599777
368,r_k06_0004_d00_d01_d03_d05_d07_d10,"0,1,3,5,7,10",budget-matched cardinality-stratified random full-sequence control,0,0.9965095986038395,14.1911,15.3276,1.6344,17.043486252071027,15.801785200397648,26.977080753657006,1.2994529012130167,21.77579619239345,0.5538126582786519,3.315213285714725,13.704713510845345,1.1068679182923578,14.201044876844929,1.110067633597319
369,r_k05_0003_d00_d02_d05_d06_d12,"0,2,5,6,12",budget-matched cardinality-stratified random full-sequence control,0,0.9965095986038395,14.197899999999999,15.4605,1.505,16.53797874738846,15.260592628655614,27.82334777747949,1.1362074759827734,15.163459799459355,0.6888732153715884,9.121607310760211,14.83328674748189,1.0541217069936604,14.181636576326728,1.0649364684884064
370,g_s02_k06_from_d01_d02_d03_d12_d14_add_d06,"1,2,3,6,12,14",direct full-sequence ATE forward-greedy trial,0,0.9965095986038395,14.199100000000001,15.7424,1.3769,17.508365287977874,16.357122928600837,34.38569404370732,1.0560033927559715,10.825659523944895,0.7901456708766491,10.781125059124872,14.73743684543711,1.081072296269305,14.192756861075337,1.0909007398010602
371,r_k04_0021_d01_d07_d09_d15,"1,7,9,15",budget-matched cardinality-stratified random full-sequence control,0,0.9965095986038395,14.252500000000001,15.4104,2.0004999999999997,17.642150573183145,16.72311114394959,29.86471325143886,1.5670355210999958,26.226616209097248,0.8106638445385815,13.271585090819828,13.877447479600452,1.1202066825217885,14.256711315851216,1.1247483557453395
372,r_k04_0019_d01_d05_d08_d14,"1,5,8,14",budget-matched cardinality-stratified random full-sequence control,0,0.9965095986038395,14.2617,15.7561,1.3256999999999999,17.509810581884196,16.43878718037834,36.64349596488777,1.081028624901251,14.12746475688752,0.8485954177979077,13.405358086618621,14.554304310066476,1.0873381142935257,14.268581838509514,1.0947608539005778
373,r_k05_0002_d00_d01_d10_d12_d13,"0,1,10,12,13",budget-matched cardinality-stratified random full-sequence control,0,0.9965095986038395,14.2959,15.5666,1.5914000000000001,17.98749626134879,17.02264649713731,26.489915092884175,1.2727686681162598,21.951187127389176,0.5382129289688916,3.414688693441175,13.7677800664984,1.1299340675055318,14.30766128716017,1.133739294160403
374,r_k03_0053_d10_d12_d13,"10,12,13",budget-matched cardinality-stratified random full-sequence control,0,0.9965095986038395,14.353,15.3284,1.1063,17.09561411990461,16.422399155434206,33.203797459249714,0.9141130115130359,6.663881444676383,0.6154805673578355,7.561022316935511,14.514594696416113,1.0923333380704112,14.347872259346364,1.0991299132693155
375,g_pair_seed_sweep_d02_d07,"2,7",exhaustive two-channel full-sequence seed sweep (only_1_singleton_passes_for_4_planned_starts),0,0.9965095986038395,14.380299999999998,15.296899999999999,1.6148,15.959557977563266,15.012688726206875,24.192102620966036,1.260302274195941,14.902495739105795,0.7989614885988375,11.024017504957474,14.066593211799978,1.0657127060926121,14.39040281461798,1.0626345891533544
376,swap_k06_0012_d01_d02_d07_d12_d13_d14,"1,2,7,12,13,14",one-channel swap audit around provisional greedy endpoint,0,0.9965095986038395,14.413899999999998,15.6946,1.3422,17.829629166957904,16.713759768595494,35.90609454946303,1.060154867840892,14.344591891556918,0.7604184104542506,11.70230761191117,14.575623687611964,1.1047935526109058,14.412337001097022,1.1137368323368817
377,r_k03_0015_d01_d04_d12,"1,4,12",budget-matched cardinality-stratified random full-sequence control,0,0.9965095986038395,14.4399,15.5623,1.9718,16.936737256131877,15.954763992497877,26.449443654889066,1.5666658962156677,28.97464916648985,0.7456555529492485,9.920032825034076,13.884296240549965,1.0985183670898078,14.440082678318857,1.099125183434726
378,r_k06_0013_d00_d05_d06_d08_d10_d14,"0,5,6,8,10,14",budget-matched cardinality-stratified random full-sequence control,0,0.9965095986038395,14.533,15.4904,1.7340000000000002,17.00607247417053,16.074943413636383,27.22854355893014,1.309778533663394,18.434498683698454,0.6506685063943107,6.269632272637341,14.73564942368914,1.0880480034874307,14.534859692809393,1.0941014057991258
379,g_pair_seed_sweep_d06_d10,"6,10",exhaustive two-channel full-sequence seed sweep (only_1_singleton_passes_for_4_planned_starts),0,0.9965095986038395,14.5685,14.9035,1.4357,17.52681047825943,16.933949295174294,25.77756960012917,1.004007900048085,3.9438687115532676,0.6229205340031343,3.1860285215715796,14.581320017646702,1.117476698094962,14.582163918144914,1.1203050089255515
380,g_pair_seed_sweep_d01_d09,"1,9",exhaustive two-channel full-sequence seed sweep (only_1_singleton_passes_for_4_planned_starts),0,0.9965095986038395,14.574000000000002,15.3554,2.1389,19.697816935367683,18.03867180044873,35.480358327526794,1.5797909343627077,22.126889862420132,0.7881840788136273,12.6205240316398,14.237865120599658,1.176455135328372,14.578782204519293,1.182416519183802
381,r_k03_0006_d00_d07_d08,"0,7,8",budget-matched cardinality-stratified random full-sequence control,0,0.9965095986038395,14.5797,15.2454,1.8138,17.80749358313369,17.14624334316751,26.213559401536813,1.3837757544230025,21.984315977160048,0.6884079899632031,8.468613659224614,14.379554440941867,1.1233420344511584,14.58841168388333,1.1251705065328956
382,r_k04_0024_d01_d12_d13_d14,"1,12,13,14",budget-matched cardinality-stratified random full-sequence control,0,0.9965095986038395,14.591199999999999,16.0163,1.2187,17.996512054372438,16.977089322990945,35.8348719341443,0.9907802485194807,11.77213704765344,0.7468482619692177,11.621796046507145,14.765186268395214,1.1019198483118895,14.591025238845198,1.109448482505519
383,r_k03_0012_d01_d02_d06,"1,2,6",budget-matched cardinality-stratified random full-sequence control,0,0.9965095986038395,14.6813,15.6417,1.5714,17.725731817890843,16.616609868138315,28.162005170680743,1.186107474842763,16.68525664071327,0.8333230787104258,12.047321635059705,15.089842728382644,1.0969666856049831,14.666735857711705,1.10532863590414
384,g_pair_seed_sweep_d09_d13,"9,13",exhaustive two-channel full-sequence seed sweep (only_1_singleton_passes_for_4_planned_starts),0,0.9965095986038395,14.6881,15.426300000000001,1.8648000000000002,17.35876046782046,16.780430554555874,28.53481796100453,1.4363523781047072,22.479741593204416,1.0374996279812814,15.81798956834824,14.565470926865762,1.1032146859068823,14.701479345834393,1.1024251490413566
385,g_s03_k03_from_d10_d14_add_d08,"8,10,14",direct full-sequence ATE forward-greedy trial,0,0.9965095986038395,14.75,15.867,1.5007,18.571878821850902,17.71768729162589,28.71985503728096,1.197847668502279,17.019633213570593,0.5867751295917941,2.751698683379026,14.462575715635268,1.1335684393433074,14.761345984622684,1.1370356559209063
386,r_k06_0018_d01_d02_d05_d06_d07_d12,"1,2,5,6,7,12",budget-matched cardinality-stratified random full-sequence control,0,0.9965095986038395,14.770800000000001,15.857899999999999,1.7902,17.121555009662544,15.842281724330979,31.743254942865633,1.3906335231772708,22.731942343301732,0.7579038927267211,10.468694094245896,14.674927618398973,1.0802376132654277,14.767353419459244,1.0870416077081075
387,g_pair_seed_sweep_d13_d14,"13,14",exhaustive two-channel full-sequence seed sweep (only_1_singleton_passes_for_4_planned_starts),0,0.9965095986038395,14.8004,15.1144,1.5668000000000002,18.35264018351916,17.55984890488674,30.12453372536294,1.1188841849231264,10.924600617415885,0.7996228270823064,12.139461863988334,14.742485030353938,1.1377154294095235,14.804272701780038,1.1453869447350582
388,r_k06_0040_d04_d09_d10_d11_d12_d13,"4,9,10,11,12,13",budget-matched cardinality-stratified random full-sequence control,0,0.9965095986038395,14.8352,15.805299999999999,1.6013,17.906402916001436,17.265137878866074,25.581970272429572,1.2786167799325792,22.151923498970664,0.605374829010576,6.855790691740481,14.283546947861842,1.1197265411869548,14.85051826565727,1.1231920179316424
389,g_s03_k06_from_d03_d10_d12_d14_d15_add_d05,"3,5,10,12,14,15",direct full-sequence ATE forward-greedy trial,0,0.9965095986038395,14.8625,16.281599999999997,1.1579000000000002,17.306742009831076,16.24415390247858,36.028122861044885,0.9331024455561823,7.2227538600439205,0.6446745018239285,7.26333288030419,14.963824993788311,1.06991747510687,14.859620017859948,1.076842152901842
390,g_s02_k03_from_d02_d14_add_d01,"1,2,14",direct full-sequence ATE forward-greedy trial,0,0.9965095986038395,14.8901,15.971499999999999,1.3872,17.94543256768121,16.87591483724831,33.88890033087076,1.1287974045263265,16.328846878194295,0.7799431767417939,12.025887559278292,15.0579571291951,1.1017040808202698,14.8829410718944,1.1099323697863093
391,r_k03_0042_d05_d10_d11,"5,10,11",budget-matched cardinality-stratified random full-sequence control,0,0.9965095986038395,14.9114,15.565599999999998,1.3401,17.201502336126808,16.638368736273762,26.036325378548753,1.0551408644870146,10.723746768453921,0.5801978552033344,3.2649305976362615,14.439845120733889,1.1038161753468767,14.923709835902793,1.1070755739333453
392,r_k05_0030_d02_d07_d10_d12_d15,"2,7,10,12,15",budget-matched cardinality-stratified random full-sequence control,0,0.9965095986038395,14.947,15.4109,1.4968000000000001,16.980517150391,16.20192918201123,26.479754733609557,1.1634888439920352,16.259170485473874,0.6188610434358995,7.128361507144915,14.538995478697705,1.0998757358275222,14.94341424140434,1.106307455083541
393,r_k06_0008_d00_d01_d10_d11_d13_d14,"0,1,10,11,13,14",budget-matched cardinality-stratified random full-sequence control,0,0.9965095986038395,14.951600000000001,16.2468,1.6482,18.86735421397473,17.978836903312978,27.83068520438124,1.3160384544025991,23.88653923579622,0.5371798847165108,3.4144053378902455,14.403481474312796,1.1386509276720507,14.965101133532787,1.139652801146094
394,r_k06_0043_d08_d10_d11_d13_d14_d15,"8,10,11,13,14,15",budget-matched cardinality-stratified random full-sequence control,0,0.9965095986038395,15.004000000000001,15.6811,1.8655000000000002,18.023227730849563,17.27112100888718,29.164479309469034,1.480932914757028,24.087884167116403,0.6764133099531098,7.284381020673322,14.65283477085817,1.1222708830855759,15.015470306040946,1.121386584679876
395,g_pair_seed_sweep_d01_d10,"1,10",exhaustive two-channel full-sequence seed sweep (only_1_singleton_passes_for_4_planned_starts),0,0.9965095986038395,15.0477,15.3504,1.2608,17.979253465923822,16.92546107099644,29.7491279069636,0.9642357704146052,5.140212829274274,0.5787405890340386,3.4188291780414355,14.307430729129935,1.1337001414219854,15.06220053097611,1.1353093397998943
396,r_k03_0010_d00_d12_d13,"0,12,13",budget-matched cardinality-stratified random full-sequence control,0,0.9965095986038395,15.051200000000001,16.0713,1.2605,17.817959018259344,16.919649742053462,25.343277439669336,1.0485686487381571,12.971158704871257,0.564507181581397,4.040378218655105,14.517980978812437,1.1118252485526368,15.065614255940659,1.1123315057036547
397,r_k06_0028_d01_d07_d09_d10_d11_d13,"1,7,9,10,11,13",budget-matched cardinality-stratified random full-sequence control,0,0.9965095986038395,15.0592,16.0133,1.5276,18.387739577157205,17.811011449054348,27.184912495251982,1.224617193114854,20.426181552239022,0.5617360888373465,4.913987281930154,14.663913051140076,1.1259855035622273,15.0694624030741,1.1278181101878817
398,g_pair_seed_sweep_d01_d02,"1,2",exhaustive two-channel full-sequence seed sweep (only_1_singleton_passes_for_4_planned_starts),0,0.9965095986038395,15.109200000000001,16.025,1.7102,19.39768213373085,18.129396634091595,33.98771809487363,1.2155510361667519,15.14296801666697,0.8203316969832951,11.351181964525923,15.329697694173818,1.146293934537651,15.091906223346166,1.1580300727907638
399,g_s01_k02_from_d03_add_d10,"3,10",direct full-sequence ATE forward-greedy trial,0,0.9965095986038395,15.1567,15.834200000000001,1.307,18.10574499443196,17.01865977099598,26.921336162732008,0.9428604786348166,3.7192348132223123,0.5499481576139106,2.101059803319579,14.790650658456798,1.1195588925476898,15.161118455291112,1.119205901832127
400,r_k06_0023_d01_d03_d06_d09_d11_d15,"1,3,6,9,11,15",budget-matched cardinality-stratified random full-sequence control,0,0.9965095986038395,15.1675,16.215799999999998,1.6749,18.487718249658656,17.6643155044326,30.509173213156306,1.288932908107017,21.03435690670165,0.7090847537368808,10.483644788694088,14.77795838563218,1.1243597879887177,15.178753168604675,1.1233484298777643
401,r_k03_0036_d03_d12_d15,"3,12,15",budget-matched cardinality-stratified random full-sequence control,0,0.9965095986038395,15.2557,17.0127,1.9876,17.179787046754374,15.83257613354743,32.071604524354875,1.6357410970306865,30.14048376862224,0.7455173148680515,10.754516490613234,14.870433699092947,1.057176253259831,15.272622718123275,1.0488868102453792
402,r_k03_0045_d06_d10_d13,"6,10,13",budget-matched cardinality-stratified random full-sequence control,0,0.9965095986038395,15.2765,16.5259,1.5144,17.961896405341328,16.500208065551597,34.01731275772269,1.1364157462946656,12.481481527171086,0.732394720213363,7.651611692272676,15.439824221020034,1.0887147745219594,15.269760984362948,1.089872518490979
403,swap_k06_0008_d03_d07_d10_d12_d13_d14,"3,7,10,12,13,14",one-channel swap audit around provisional greedy endpoint,0,0.9965095986038395,15.277199999999999,16.8205,1.2952,17.774827537879524,16.58458953485823,36.27358733981391,0.9978156988997325,7.8390432911945185,0.6632875606147475,7.531968572154289,15.6448907012149,1.0597711219517443,15.261208753133863,1.067902697156069
404,r_k04_0009_d00_d08_d09_d12,"0,8,9,12",budget-matched cardinality-stratified random full-sequence control,0,0.9965095986038395,15.2818,16.2607,1.2811,18.605661712749512,18.04491771284677,26.834233901687842,0.9990661467653057,6.89607327051789,0.583732833140355,4.363716018760068,15.16995037247314,1.1214298400270983,15.29261835679065,1.1232291966326924
405,r_k04_0046_d04_d11_d12_d13,"4,11,12,13",budget-matched cardinality-stratified random full-sequence control,0,0.9965095986038395,15.283900000000001,16.5545,1.8835000000000002,17.698738015975458,16.77538848181916,25.46108697328508,1.5303411825701405,29.158475953935696,0.6935124310566564,9.175631788412225,14.540488501907689,1.098559224353739,15.2946717301864,1.099233794908899
406,g_s03_k03_from_d10_d14_add_d06,"6,10,14",direct full-sequence ATE forward-greedy trial,0,0.9965095986038395,15.2921,16.4931,1.6448999999999998,17.64333915867501,16.34431530350096,32.95040160363606,1.2819978973448654,17.75504592322049,0.6712971499831165,6.739436297787299,15.188764504797813,1.0842309554406149,15.292415317430342,1.0877239838592239
407,r_k04_0043_d04_d08_d10_d14,"4,8,10,14",budget-matched cardinality-stratified random full-sequence control,0,0.9965095986038395,15.2973,16.3255,1.7069,17.614090167384305,16.50509522719748,29.555576463460696,1.3524010604425045,23.560011943769947,0.6807648214328444,8.79106556875353,14.854366496376374,1.096050840474153,15.302887946525445,1.0991554955600233
408,swap_k06_0002_d01_d03_d07_d12_d13_d14,"1,3,7,12,13,14",one-channel swap audit around provisional greedy endpoint,0,0.9965095986038395,15.299999999999999,16.6889,1.5285,17.936661379714707,16.791093355812414,33.07827246170865,1.19446206740519,19.092838150468438,0.78841061374102,12.490842636267052,15.640812354836342,1.0695405880050532,15.281996392381906,1.079201016601127
409,g_s01_k03_from_d03_d07_add_d02,"2,3,7",direct full-sequence ATE forward-greedy trial,0,0.9965095986038395,15.36,17.0616,2.0743,16.859230473228408,15.361698340744201,33.24933538116607,1.71626516127612,32.58019343352139,1.187578593040806,22.829316610075697,15.041481569428495,1.0260414872549009,15.38016963684465,1.01797143190844
410,g_s03_k04_from_d10_d12_d14_add_d08,"8,10,12,14",direct full-sequence ATE forward-greedy trial,0,0.9965095986038395,15.3691,16.5789,1.2005,17.903437280758727,16.881857348852776,36.13089351643886,0.9734240999482925,7.12565180960506,0.599819862294583,5.630997454295147,15.53523969217262,1.0827539652131455,15.361972597323364,1.0862312041831965
411,g_s04_k04_from_d03_d06_d12_add_d10,"3,6,10,12",direct full-sequence ATE forward-greedy trial,0,0.9965095986038395,15.498700000000001,16.619400000000002,1.407,17.64354910583821,16.669226238838622,32.50729895594933,1.0627758369396505,11.967874410579684,0.6360146200270564,6.886551235874868,15.712548823540393,1.0720785211019852,15.487790461060044,1.0756801519289572
412,r_k06_0001_d00_d01_d02_d05_d09_d15,"0,1,2,5,9,15",budget-matched cardinality-stratified random full-sequence control,0,0.9965095986038395,15.5056,16.294900000000002,1.1451,18.18722205964306,17.56446609251785,29.901372840263967,0.9454737577918194,7.073780250765807,0.6842025237058167,8.750045271289377,15.118724221403134,1.111716518652115,15.517021266682917,1.1176854741900257
413,r_k06_0041_d06_d08_d09_d11_d13_d15,"6,8,9,11,13,15",budget-matched cardinality-stratified random full-sequence control,0,0.9965095986038395,15.5341,16.2488,1.7851,18.37481377609983,17.894995121451363,25.730377471131575,1.3538809431346883,22.341346668622585,0.7363291325047533,10.305795243153687,15.175487768599313,1.1182874950561896,15.546166123542045,1.1153318908015262
414,g_s04_k03_from_d06_d12_add_d10,"6,10,12",direct full-sequence ATE forward-greedy trial,0,0.9965095986038395,15.594800000000001,16.4477,1.5866000000000002,17.85706156636739,16.527526972802644,29.526193477317662,1.2080019378116411,15.453475933260922,0.6125826262341314,5.273491399239287,15.437811426793003,1.0964980835928022,15.58800041566979,1.1014046802536597
415,r_k03_0017_d01_d08_d11,"1,8,11",budget-matched cardinality-stratified random full-sequence control,0,0.9965095986038395,15.6825,17.590500000000002,2.1349,18.4998466063307,17.16154735151068,39.42726301621944,1.6931740911599669,24.41988428631555,1.0937834980636736,15.59766957213219,16.082479737302823,1.060254536559099,15.675722888883465,1.060398160469548
416,r_k05_0023_d01_d09_d11_d13_d15,"1,9,11,13,15",budget-matched cardinality-stratified random full-sequence control,0,0.9965095986038395,15.698200000000002,16.8887,1.9961,19.301298218391576,18.557662750123367,27.103393204104027,1.5626946443300487,28.60401282687683,0.7336977863701232,11.70317923427781,15.222599097049525,1.1327408682965683,15.708965939986863,1.13309239021372
417,g_s04_k04_from_d03_d06_d12_add_d09,"3,6,9,12",direct full-sequence ATE forward-greedy trial,0,0.9965095986038395,15.7256,16.541900000000002,1.4147,17.839046960301015,17.28819359160094,26.436296824190368,1.15180884141317,17.30551970717846,0.589319189551045,6.028379980939414,15.207091254740293,1.0976138699042022,15.735513400426193,1.0978844008317563
418,g_pair_seed_sweep_d09_d12,"9,12",exhaustive two-channel full-sequence seed sweep (only_1_singleton_passes_for_4_planned_starts),0,0.9965095986038395,15.7558,16.2596,1.2014,17.60314154617289,17.01439791510995,26.693547145580943,0.9190150309835042,3.524608532745376,0.5630399496926207,2.3448287465717708,15.112733890098468,1.0997910993869289,15.774761560397312,1.1015279166766476
419,g_pair_seed_sweep_d09_d10,"9,10",exhaustive two-channel full-sequence seed sweep (only_1_singleton_passes_for_4_planned_starts),0,0.9965095986038395,15.7624,16.6214,1.6764999999999999,18.14373949468577,17.465524818329374,25.89227847816916,1.3097579077622257,21.7184277227757,0.585018328745572,2.8001661682271624,15.4263732079909,1.1031342278265348,15.785823416933201,1.1031004565091225
420,g_s03_k05_from_d03_d10_d12_d14_add_d01,"1,3,10,12,14",direct full-sequence ATE forward-greedy trial,0,0.9965095986038395,15.7655,17.1877,1.5559,18.362881044296376,16.99461146610252,36.315996842047774,1.2461799325322904,19.806996136405854,0.6590363122961529,9.152185552078077,15.576829629902312,1.0884484210764784,15.763438448077046,1.093580183904722
421,swap_k06_0013_d02_d04_d07_d12_d13_d14,"2,4,7,12,13,14",one-channel swap audit around provisional greedy endpoint,0,0.9965095986038395,15.867400000000002,17.6146,1.8135,18.43622199443913,17.303785956770295,29.091548225572723,1.4674305854495493,28.259264707559545,0.6826573510618077,9.583134421803905,15.481340384819585,1.081669918214433,15.873164985107543,1.0822981846567332
422,g_s01_k02_from_d03_add_d04,"3,4",direct full-sequence ATE forward-greedy trial,0,0.9965095986038395,15.8774,17.2832,1.9109999999999998,17.081500112371593,15.87793489000013,32.07317214150016,1.6028866935327273,27.661344786547694,1.2025242150925675,20.97961318820717,15.396057617438577,1.0372539940943495,15.898039254040663,1.0322809078475617
423,g_s01_k04_from_d03_d07_d12_add_d01,"1,3,7,12",direct full-sequence ATE forward-greedy trial,0,0.9965095986038395,15.9084,17.685200000000002,1.6330999999999998,19.099789443138704,17.816685626198225,40.610213263131,1.2383976832721841,14.495797166107788,0.9282226503010056,11.452832232786792,16.45070338639802,1.0662410515153558,15.89308561159524,1.0761144139600873
424,r_k04_0002_d00_d02_d05_d13,"0,2,5,13",budget-matched cardinality-stratified random full-sequence control,0,0.9965095986038395,15.9114,16.6378,1.3715,18.020923294268997,17.46745476059357,27.353604632085077,1.124896696078611,15.120219885842944,0.5700670479378886,4.8886111676710335,15.344467136884147,1.1012780948629688,15.919902260803678,1.106618947599954
425,r_k03_0041_d05_d08_d12,"5,8,12",budget-matched cardinality-stratified random full-sequence control,0,0.9965095986038395,15.9238,17.2379,1.3280999999999998,17.955620484528108,17.085979450063,29.58863363130162,1.037498970545554,9.97981394820383,0.7178354243316066,10.145176473460557,15.651403307687788,1.0739652819560332,15.947296732754324,1.080504501899787
426,g_s02_k03_from_d02_d14_add_d08,"2,8,14",direct full-sequence ATE forward-greedy trial,0,0.9965095986038395,15.9346,17.5304,1.8356000000000001,19.15354448130507,18.04764675853412,33.72649855655106,1.4569225575947538,25.06218372174264,0.6179124656342598,5.884329790311107,15.070411010992263,1.1200720703388103,15.949542916401843,1.1202847208219984
427,g_s03_k03_from_d10_d14_add_d15,"10,14,15",direct full-sequence ATE forward-greedy trial,0,0.9965095986038395,15.956500000000002,17.2111,1.3577000000000001,18.131796971815692,16.896888774820557,36.01446202215477,1.060293491271681,10.565009052288067,0.621678580698387,5.944940610692726,16.231564836076632,1.067445612537938,15.943916914594642,1.0727083240540523
428,g_s04_k03_from_d06_d12_add_d05,"5,6,12",direct full-sequence ATE forward-greedy trial,0,0.9965095986038395,15.9855,17.359099999999998,1.6193,18.40996707190609,16.915475254089582,35.590079152458,1.2543242416519291,12.487082847708411,0.8555509252525395,10.71041086398344,16.66167784800841,1.0261718055875149,15.96536559281874,1.0413734083512634
429,r_k04_0044_d04_d08_d12_d15,"4,8,12,15",budget-matched cardinality-stratified random full-sequence control,0,0.9965095986038395,15.9957,17.764499999999998,1.8997,18.736588291827186,17.25297777189405,32.41703771103696,1.5104958424817567,26.45667680994208,0.6693619132093751,6.166636472459859,15.165012400690625,1.0966205475413024,16.011379973929955,1.0977573578346402
430,r_k06_0002_d00_d01_d02_d10_d14_d15,"0,1,2,10,14,15",budget-matched cardinality-stratified random full-sequence control,0,0.9965095986038395,16.0361,17.3625,1.6499,19.036094724779236,17.703489819716527,38.56180474728752,1.2997910040204768,20.644059341082794,0.6391104952682487,7.724361580278454,15.840884219098506,1.1057892625033305,16.0392660826436,1.110525887121693
431,g_pair_seed_sweep_d12_d13,"12,13",exhaustive two-channel full-sequence seed sweep (only_1_singleton_passes_for_4_planned_starts),0,0.9965095986038395,16.0368,16.5698,1.5907,17.701565459167583,17.002358226560297,28.465507038187354,1.1332009379818688,14.099960352309212,0.8763104782082282,12.482667967060044,15.365814543822824,1.0954353972668787,16.054405582647565,1.0987049212234288
432,g_s01_k05_from_d03_d07_d12_d13_add_d01,"1,3,7,12,13",direct full-sequence ATE forward-greedy trial,0,0.9965095986038395,16.1062,17.4786,1.6309,18.863302450149128,17.83778858842606,34.67417109980908,1.2614261768663486,21.604574459818053,0.8117015210332832,12.879078493171736,16.448601068458057,1.0762571735383246,16.089452092615595,1.0870990600526864
433,r_k03_0043_d05_d10_d13,"5,10,13",budget-matched cardinality-stratified random full-sequence control,0,0.9965095986038395,16.1316,17.2793,1.4932,18.963924842460994,17.93571723269343,30.20684952275397,1.2013160209866547,18.5288470582738,0.5573173640624629,2.848476715799719,15.145449814220488,1.1230219615625396,16.14143642202235,1.127930946443017
434,r_k03_0046_d07_d08_d11,"7,8,11",budget-matched cardinality-stratified random full-sequence control,0,0.9965095986038395,16.244600000000002,18.312800000000003,1.9897999999999998,19.476796196990787,17.888206961282403,35.07209512460599,1.5359861300197044,28.55134459568516,0.5708111148200519,3.1180064634881908,15.696903759418737,1.099579740457458,16.254250268693063,1.0959396780511184
435,r_k04_0048_d05_d08_d11_d14,"5,8,11,14",budget-matched cardinality-stratified random full-sequence control,0,0.9965095986038395,16.3156,17.5471,1.5677,17.80247061730085,16.79017957597774,30.062722824810724,1.2212666739167684,12.750943362770101,0.9081782959932834,10.665236192381217,15.965214473447597,1.0592201595554347,16.34061184460816,1.0555451757964365
436,r_k06_0027_d01_d06_d08_d10_d13_d15,"1,6,8,10,13,15",budget-matched cardinality-stratified random full-sequence control,0,0.9965095986038395,16.3227,17.24,1.9553,19.529101578858608,18.71478853352035,29.466983813661347,1.499580816117717,26.448943746548416,0.7320079360112405,8.980819672326517,15.926192450716586,1.129118632219772,16.3280488070857,1.1286187396261562
437,r_k05_0013_d00_d09_d11_d13_d15,"0,9,11,13,15",budget-matched cardinality-stratified random full-sequence control,0,0.9965095986038395,16.3241,17.1263,1.4331,19.786337787848765,19.095445476842354,27.141164477754465,1.0912122832735753,13.078734051409704,0.5631193449924445,3.519014288632969,15.938931024103075,1.1390190913275307,16.328375763981736,1.1402540746095784
438,r_k04_0020_d01_d06_d09_d15,"1,6,9,15",budget-matched cardinality-stratified random full-sequence control,0,0.9965095986038395,16.448999999999998,17.164099999999998,1.5519,19.80798317463249,18.606069899682065,28.28921281717142,1.18871205708684,12.750909780196814,0.8128863512768533,12.131422081373321,16.27356867492622,1.1367284186204853,16.441526977841196,1.142394818898883
439,r_k04_0017_d01_d04_d05_d08,"1,4,5,8",budget-matched cardinality-stratified random full-sequence control,0,0.9965095986038395,16.5491,17.6696,1.3874,18.616929476412984,17.256329908191457,29.480085769264136,1.0823845835821126,11.024632557397375,0.7430836742422441,10.080109894291605,16.48750273762257,1.0774333149017958,16.53811114557907,1.0862679228638359
440,r_k03_0050_d08_d10_d12,"8,10,12",budget-matched cardinality-stratified random full-sequence control,0,0.9965095986038395,16.564899999999998,17.7711,1.5603,19.894383670548315,18.91729630712912,30.710559864506852,1.2120767473206167,19.026480177071708,0.5497802375409544,2.7824957743492784,15.888669795147322,1.1319815840005787,16.576384360566394,1.1348060740489236
441,g_s04_k03_from_d06_d12_add_d09,"6,9,12",direct full-sequence ATE forward-greedy trial,0,0.9965095986038395,16.570999999999998,17.0688,1.1584,18.28287285189948,18.017229096893995,25.735740898497305,0.9360237629535797,4.613622296454548,0.6338712696715877,8.047847030468297,16.12282369976496,1.093656164116702,16.57623654439405,1.095362949300479
442,r_k05_0042_d04_d07_d09_d12_d13,"4,7,9,12,13",budget-matched cardinality-stratified random full-sequence control,0,0.9965095986038395,16.5944,18.4712,1.8963,19.641466461717517,18.387296982304704,29.497442218946578,1.4748140074008425,26.02580905808946,0.7997557549989344,10.179913640490145,16.63810424607366,1.0793154476254176,16.599803054535432,1.0812258414490112
443,g_pair_seed_sweep_d02_d12,"2,12",exhaustive two-channel full-sequence seed sweep (only_1_singleton_passes_for_4_planned_starts),0,0.9965095986038395,16.5994,17.2672,1.3385,18.141804561596285,17.268016499057552,27.566546636098682,1.0455443473596546,7.658316989126218,0.7560288391202912,8.527717411509204,15.468756690481847,1.098533318648944,16.61819120721006,1.1018655354092508
444,r_k04_0025_d02_d03_d13_d15,"2,3,13,15",budget-matched cardinality-stratified random full-sequence control,0,0.9965095986038395,16.621,17.3476,1.8898000000000001,18.46754342732638,17.851808258932817,26.926062773411587,1.4831802240316259,25.382861033177566,0.711754235665941,8.941590020390473,16.017140480823734,1.09589525472131,16.63142727516231,1.0948380790990921
445,r_k04_0013_d01_d02_d13_d15,"1,2,13,15",budget-matched cardinality-stratified random full-sequence control,0,0.9965095986038395,16.649,17.8488,1.3816,19.21419299076592,17.87172863646549,35.03628922697396,1.0584020550643871,11.57159983277013,0.779844253916527,11.268652441685623,16.77906267810619,1.0886351106624244,16.63223642156855,1.0963507556149301
446,r_k04_0011_d00_d09_d11_d15,"0,9,11,15",budget-matched cardinality-stratified random full-sequence control,0,0.9965095986038395,16.658,17.9474,1.3580999999999999,19.86181016668289,19.013923907166664,31.107830382643282,1.1118638282785553,10.511176322579411,0.603316498982499,4.157672844470234,16.12409926999919,1.1225571025286445,16.669386490758846,1.1208865055704904
447,g_s04_k03_from_d06_d12_add_d15,"6,12,15",direct full-sequence ATE forward-greedy trial,0,0.9965095986038395,16.783,17.2854,1.7063,17.584330605193994,17.080462541089382,27.434559393559088,1.2771926730182261,13.583395675215199,0.9903376575169647,11.061809970040423,16.20625685441488,1.0655698153918511,16.803861589580464,1.0634231120833502
448,r_k06_0011_d00_d04_d05_d06_d08_d15,"0,4,5,6,8,15",budget-matched cardinality-stratified random full-sequence control,0,0.9965095986038395,16.8032,18.1754,1.6699,19.26384301451348,18.10044899749925,32.63238162067491,1.3373704914614881,19.74344887683162,0.6816043733088629,7.409550205098832,15.920661833775515,1.103460355165713,16.820430292211434,1.107261076757008
449,r_k04_0051_d09_d10_d11_d15,"9,10,11,15",budget-matched cardinality-stratified random full-sequence control,0,0.9965095986038395,16.8135,17.4195,1.1994,19.57459397559031,19.088704722909956,27.51336312177856,0.9309863278138887,5.05587485707415,0.5549667026708978,3.2968693739182044,16.332419945076218,1.1262638260541038,16.82089587499512,1.1274385424397706
450,g_pair_seed_sweep_d10_d11,"10,11",exhaustive two-channel full-sequence seed sweep (only_1_singleton_passes_for_4_planned_starts),0,0.9965095986038395,16.914299999999997,17.7558,1.6397,19.748165904391712,18.661938204067084,30.2147878596713,1.213857325067585,16.932508504573104,0.599701229391607,2.696313315722396,16.094076766508657,1.1294012498904036,16.92585351589863,1.126859291922387
451,g_pair_seed_sweep_d09_d14,"9,14",exhaustive two-channel full-sequence seed sweep (only_1_singleton_passes_for_4_planned_starts),0,0.9965095986038395,16.9535,17.8853,1.6308,19.074334162708208,17.71678797704309,29.858964817382894,1.2243922205472693,15.677181819128755,0.6648511548225544,7.117499318206665,15.957425071971382,1.1093949342585838,16.979121502712097,1.1115685091841345
452,r_k05_0021_d01_d06_d07_d10_d14,"1,6,7,10,14",budget-matched cardinality-stratified random full-sequence control,0,0.9965095986038395,16.9909,18.4833,1.5768999999999997,19.78294316142524,18.298612892049185,41.57494766805788,1.263101229675413,17.539058643269158,0.6533149841499848,8.419320254525722,16.959333485440805,1.0917223151103823,16.983260232426353,1.0977632521467624
453,r_k05_0010_d00_d05_d06_d08_d14,"0,5,6,8,14",budget-matched cardinality-stratified random full-sequence control,0,0.9965095986038395,17.017,18.7137,1.7089,19.041987338712328,17.814867225777625,31.648364898318142,1.331366632986886,17.795364543640957,0.8774327308181785,10.845882397843065,16.919443705850693,1.056529504246519,17.04126103820084,1.0534145234009533
454,g_s01_k05_from_d03_d07_d12_d13_add_d09,"3,7,9,12,13",direct full-sequence ATE forward-greedy trial,0,0.9965095986038395,17.0338,18.8498,1.736,19.348449278627932,18.018925269459565,30.38023254023894,1.430474671893942,26.701175459061872,0.6362371269464809,6.522867930064307,16.61822499973422,1.0704425583103097,17.047020319721305,1.0662884056932898
455,r_k04_0045_d04_d09_d11_d15,"4,9,11,15",budget-matched cardinality-stratified random full-sequence control,0,0.9965095986038395,17.0643,17.9611,1.6081,19.23021759172925,18.551243790398708,28.125821544120488,1.2652047741388324,20.4440193303086,0.6771397828807949,8.713529132093957,16.3669655325172,1.1045008882492493,17.07664778648726,1.1046980492512832
456,r_k04_0028_d02_d05_d07_d15,"2,5,7,15",budget-matched cardinality-stratified random full-sequence control,0,0.9965095986038395,17.1506,18.6399,1.645,19.170213588901703,17.73703879339918,32.77299183955438,1.263576436666742,20.13713473444476,0.5815090474951318,3.509090487228121,16.388939814202374,1.0841980639357796,17.15968986477498,1.0917108605604213
457,r_k03_0039_d04_d11_d13,"4,11,13",budget-matched cardinality-stratified random full-sequence control,0,0.9965095986038395,17.1768,18.3829,2.0236,19.139137114613366,18.130244508983083,28.184184625858983,1.650706876188457,31.244830653227023,0.7012231067705109,7.929287998359033,16.29895086664403,1.092916628263523,17.190302352462826,1.0918594028010375
458,r_k03_0038_d04_d05_d14,"4,5,14",budget-matched cardinality-stratified random full-sequence control,0,0.9965095986038395,17.2232,18.6977,1.7227,19.019833620582283,17.60472036724267,31.450491045972527,1.4231215606330778,25.9715246097742,0.6613817924520954,7.4081224538006865,16.164196866490293,1.0814818426238493,17.23586225470696,1.0839012332071423
459,r_k03_0011_d01_d02_d05,"1,2,5",budget-matched cardinality-stratified random full-sequence control,0,0.9965095986038395,17.368,18.666,1.5109,19.595872685461604,18.17357447178486,35.4173019758793,1.210788243883353,17.600770960610493,0.7599849042278102,10.718653492778923,17.378583590515507,1.075892526842125,17.353378134164217,1.0869792455623704
460,r_k04_0027_d02_d04_d07_d09,"2,4,7,9",budget-matched cardinality-stratified random full-sequence control,0,0.9965095986038395,17.3833,19.578699999999998,1.9790999999999999,19.56645964640246,17.644995650646184,34.745111143262264,1.6529522256056077,33.371867481892096,0.6283475511135242,6.709611612067882,16.77767978313339,1.0562218971453707,17.3906747121134,1.0525309390429591
461,g_pair_seed_sweep_d04_d06,"4,6",exhaustive two-channel full-sequence seed sweep (only_1_singleton_passes_for_4_planned_starts),0,0.9965095986038395,17.7832,18.5546,2.3445,18.921001134917788,17.70427954571354,28.90395687027487,1.594080347843646,28.369923809692484,0.7435173937180729,8.285626955969464,16.500555788832216,1.088628871996587,17.803873355736442,1.090869969161939
462,r_k04_0014_d01_d03_d05_d14,"1,3,5,14",budget-matched cardinality-stratified random full-sequence control,0,0.9965095986038395,17.8202,19.7224,1.4087,20.739901979649265,19.16612190888884,43.69179654553552,1.1136651595555884,13.379256756212014,0.8242727246593166,11.189735111183515,18.339012131821775,1.0548034864762172,17.805927973900364,1.0686436822786687
463,g_pair_seed_sweep_d05_d07,"5,7",exhaustive two-channel full-sequence seed sweep (only_1_singleton_passes_for_4_planned_starts),0,0.9965095986038395,17.8551,19.0725,1.377,19.000966134110087,17.604726145713194,29.409378647580205,1.105087298582335,9.414191609721053,0.7751250432176329,9.145207059668524,16.748169010512868,1.06365692238085,17.88138244995868,1.0647880539837553
464,r_k03_0019_d01_d09_d13,"1,9,13",budget-matched cardinality-stratified random full-sequence control,0,0.9965095986038395,17.9132,19.2438,1.7814,20.93773305475906,19.6835787154333,38.66419790855874,1.4159076337787875,22.48660711177517,0.7429191611302062,12.179387291518625,17.50624507330097,1.1182614484039106,17.909784414327127,1.125207322307259
465,g_pair_seed_sweep_d02_d13,"2,13",exhaustive two-channel full-sequence seed sweep (only_1_singleton_passes_for_4_planned_starts),0,0.9965095986038395,18.1195,18.412,1.8832000000000002,19.48500647943646,18.85127820457089,28.245663479673986,1.4115717958698957,22.434886781857873,0.9623148105023579,15.297402289942765,17.40565660582496,1.0990188738998214,18.1319848409054,1.1012042756838631
466,g_pair_seed_sweep_d05_d09,"5,9",exhaustive two-channel full-sequence seed sweep (only_1_singleton_passes_for_4_planned_starts),0,0.9965095986038395,18.2378,18.9369,1.207,19.419839739393048,18.417790044249802,31.91417819953939,1.002724854840306,4.628229114059583,0.6723845714160097,6.956500507581823,17.144522493023377,1.0898677070004956,18.26631367387486,1.0903979088542064
467,r_k05_0032_d02_d08_d09_d11_d15,"2,8,9,11,15",budget-matched cardinality-stratified random full-sequence control,0,0.9965095986038395,18.293300000000002,19.1324,1.4109,20.70485240661359,20.173674174722294,30.46719560542708,1.1188581304166267,14.043227159419558,0.6491105494794903,8.3157272139034,17.782423961914258,1.1145127907527792,18.305807210385993,1.1146476081913337
468,r_k06_0014_d00_d05_d07_d11_d14_d15,"0,5,7,11,14,15",budget-matched cardinality-stratified random full-sequence control,0,0.9965095986038395,18.3049,20.395599999999998,2.0599,20.33435522576475,18.544792064079022,35.93382339573042,1.6207205519185715,29.9964300333418,0.7736336238545195,10.378073306201198,17.657723867390764,1.0619042916566663,18.31622073419621,1.0596458031792388
469,g_s02_k03_from_d02_d14_add_d00,"0,2,14",direct full-sequence ATE forward-greedy trial,0,0.9965095986038395,18.3828,21.072499999999998,2.179,20.948648870104474,18.738235840739826,43.919025498859696,1.8361702003512097,38.14998878898061,0.6813412019965998,9.934120680726124,17.74778960304427,1.0580167087911756,18.39314084473693,1.0532249807250427
470,g_pair_seed_sweep_d00_d10,"0,10",exhaustive two-channel full-sequence seed sweep (only_1_singleton_passes_for_4_planned_starts),0,0.9965095986038395,18.4999,19.035,1.4007,20.940535796149415,20.091198837149122,31.060740967066575,1.050784976599207,5.280226047772402,0.6346257204617318,2.992810976040728,17.94091043447121,1.1263543522617843,18.521378995200358,1.124367795253549
471,g_pair_seed_sweep_d06_d13,"6,13",exhaustive two-channel full-sequence seed sweep (only_1_singleton_passes_for_4_planned_starts),0,0.9965095986038395,18.5552,19.0828,2.5607,20.68171214382179,19.758065521818764,37.478682086036294,1.9114672876132677,27.06046405504513,1.082413846651201,16.448482143048853,17.50660540650959,1.1265384209589377,18.56323790334523,1.130219879377865
472,g_pair_seed_sweep_d02_d05,"2,5",exhaustive two-channel full-sequence seed sweep (only_1_singleton_passes_for_4_planned_starts),0,0.9965095986038395,18.5929,19.372500000000002,1.6717,19.69034937439085,18.36878139600789,30.197142306046707,1.2267853112581328,16.73105182051521,0.7223661100805587,7.4991844374355825,17.24403086145782,1.0924689082183587,18.613849583787196,1.0982260500821472
473,g_pair_seed_sweep_d05_d10,"5,10",exhaustive two-channel full-sequence seed sweep (only_1_singleton_passes_for_4_planned_starts),0,0.9965095986038395,18.6413,19.4512,1.2871000000000001,19.983891950509612,19.256225433852762,29.680694185635303,0.9896779294960014,4.746404892353068,0.6169373376488472,3.7914141560173484,17.99723517208801,1.0817728892787524,18.66356967382079,1.082415108136832
474,r_k03_0037_d04_d05_d06,"4,5,6",budget-matched cardinality-stratified random full-sequence control,0,0.9965095986038395,18.6693,20.4893,1.6851999999999998,20.606801089070277,18.757432159193048,36.15067889102816,1.2927288460888517,17.54448866417176,0.7515217888308232,8.423714535959641,18.644465087016638,1.0306132034826654,18.652763658252415,1.0434197930197928
475,g_pair_seed_sweep_d10_d12,"10,12",exhaustive two-channel full-sequence seed sweep (only_1_singleton_passes_for_4_planned_starts),0,0.9965095986038395,18.6722,19.1087,1.2451999999999999,20.128653350970428,19.280506067845803,29.433162250014753,0.9517535965341112,4.784811272762942,0.5627783334029457,2.1888491971887896,17.68687722520081,1.1066312603872845,18.684047868269122,1.1064860342624472
476,g_pair_seed_sweep_d12_d15,"12,15",exhaustive two-channel full-sequence seed sweep (only_1_singleton_passes_for_4_planned_starts),0,0.9965095986038395,18.851100000000002,19.6294,1.4868,19.77708642461235,18.92046123945126,30.129739829802997,1.0973020013555574,9.815492996398982,0.8275507218724332,10.96982354893257,17.888100585679094,1.0756200511966718,18.86917004867356,1.074648863917493
477,r_k03_0014_d01_d04_d08,"1,4,8",budget-matched cardinality-stratified random full-sequence control,0,0.9965095986038395,18.9674,20.107,1.5706000000000002,21.464370634162925,20.570108714806302,30.93396977611343,1.2215646413452634,12.240160661682303,0.6302061165075199,4.7372212691090745,17.955088506198578,1.123974026344367,18.96071847760496,1.127985498458796
478,g_s01_k02_from_d03_add_d00,"0,3",direct full-sequence ATE forward-greedy trial,0,0.9965095986038395,19.0528,20.372899999999998,1.8783999999999998,21.280641845901975,20.118772911111378,32.59688815088675,1.4927327540991278,25.456585633942463,0.6592511763037031,6.99484768707086,18.127663813624398,1.1053727520135943,19.079912479816308,1.1006958057780942
479,g_pair_seed_sweep_d10_d15,"10,15",exhaustive two-channel full-sequence seed sweep (only_1_singleton_passes_for_4_planned_starts),0,0.9965095986038395,19.061500000000002,19.7566,1.451,21.478906473389383,20.41522713947553,32.3042614394561,1.059850167912004,5.569302660644461,0.6418800332255988,3.673617382453304,18.378720087035084,1.1244935124833408,19.069507043114434,1.1238518937331121
480,r_k03_0052_d08_d12_d14,"8,12,14",budget-matched cardinality-stratified random full-sequence control,0,0.9965095986038395,19.0962,21.412300000000002,1.6778000000000002,21.620366737968048,20.047539389610243,34.77183479268691,1.4353356520596852,23.97589321832588,0.8219066268737724,12.575528393363177,18.857203062854083,1.060401754856699,19.11125630875726,1.0551108955395223
481,g_pair_seed_sweep_d01_d04,"1,4",exhaustive two-channel full-sequence seed sweep (only_1_singleton_passes_for_4_planned_starts),0,0.9965095986038395,19.147,20.0517,2.6307,21.881621642229977,20.421448773443284,35.08504464992676,1.9858533492857977,30.93810931391613,0.929182497916626,12.001911142644635,18.54864093318386,1.1344332409083544,19.127408684246557,1.1434737880579438
482,g_pair_seed_sweep_d06_d07,"6,7",exhaustive two-channel full-sequence seed sweep (only_1_singleton_passes_for_4_planned_starts),0,0.9965095986038395,19.1829,19.8211,2.3550999999999997,20.359688965605596,19.513040877067546,30.804267941437274,1.7761523813894973,27.462573282390373,0.8091743083513782,12.131386150354459,18.4666728436245,1.0812797001172576,19.186223035422618,1.0829296081216038
483,g_pair_seed_sweep_d07_d09,"7,9",exhaustive two-channel full-sequence seed sweep (only_1_singleton_passes_for_4_planned_starts),0,0.9965095986038395,19.371199999999998,21.388099999999998,3.5862,25.051303551674465,22.084245120466715,63.80496846512431,2.7804034652301644,54.97464840462579,2.398129024721163,54.43981847638571,21.518310274980344,1.0396138026775448,19.375678370979514,1.055265342489903
484,g_s01_k02_from_d03_add_d01,"1,3",direct full-sequence ATE forward-greedy trial,0,0.9965095986038395,19.4268,20.3352,2.0652,22.014365517288162,20.740090063525855,35.680289697870506,1.58841896906035,25.758004349311413,1.0613073695573418,15.3095925768996,19.699684784335535,1.0906564221318962,19.411035581829918,1.1035731224389194
485,g_pair_seed_sweep_d02_d09,"2,9",exhaustive two-channel full-sequence seed sweep (only_1_singleton_passes_for_4_planned_starts),0,0.9965095986038395,19.7856,20.4802,1.4741,21.145548861804656,20.22192629443198,31.353839276708555,1.1483056268950789,14.379639223893658,0.6475901930662394,6.963714788850511,18.627332416502618,1.1027955432955983,19.802276457135857,1.1025736729925317
486,g_pair_seed_sweep_d05_d15,"5,15",exhaustive two-channel full-sequence seed sweep (only_1_singleton_passes_for_4_planned_starts),0,0.9965095986038395,19.802,20.1791,1.6377,20.96190602982411,20.354380791891217,31.192370136688357,1.2141529951815273,8.44295307293112,0.8814562273703038,9.910655776806351,19.724306939821126,1.0624043506107372,19.808280143095573,1.0818638778905674
487,r_k06_0016_d00_d08_d09_d12_d13_d15,"0,8,9,12,13,15",budget-matched cardinality-stratified random full-sequence control,0,0.9965095986038395,19.8446,20.9268,1.7347000000000001,22.161206839747237,21.350107271777734,34.42047359912862,1.342233744454014,21.384714460320968,0.6612906505005299,7.7910892879853,19.089552410004334,1.1163799803939052,19.852287655262604,1.1166983294790263
488,g_pair_seed_sweep_d09_d15,"9,15",exhaustive two-channel full-sequence seed sweep (only_1_singleton_passes_for_4_planned_starts),0,0.9965095986038395,19.872300000000003,20.5308,1.5758999999999999,22.439562151249397,21.586653258632733,32.38628003060005,1.1420553427811884,7.364018562832923,0.6899598152274967,5.604630615952819,19.19292837617099,1.135218687884949,19.887769187308795,1.1316262453293044
489,g_pair_seed_sweep_d00_d04,"0,4",exhaustive two-channel full-sequence seed sweep (only_1_singleton_passes_for_4_planned_starts),0,0.9965095986038395,19.9038,21.6253,1.9768000000000001,21.971608058360832,20.277428494042383,31.239027947575153,1.575564057838795,28.60930818808136,0.6527630346353865,3.569349745304857,18.888335676957706,1.0926860261922517,19.912710466562356,1.0908770548962146
490,g_pair_seed_sweep_d02_d06,"2,6",exhaustive two-channel full-sequence seed sweep (only_1_singleton_passes_for_4_planned_starts),0,0.9965095986038395,20.0474,20.5101,1.5355,21.172213549869625,20.26301175969884,32.68222236241209,1.0399604271402063,5.706550012940497,0.6544011961690578,5.483066578665583,18.656228148831055,1.1085583312522231,20.065689074750082,1.1138328828165367
491,g_s01_k02_from_d03_add_d08,"3,8",direct full-sequence ATE forward-greedy trial,0,0.9965095986038395,20.247799999999998,21.5536,1.9174,23.48634341864902,22.380888995894736,37.86631879257024,1.4374961648578781,22.440153350720113,0.7493106758898684,8.981675974654548,19.95073832969866,1.126890365555842,20.27587478570377,1.1169750991713665
492,g_pair_seed_sweep_d02_d08,"2,8",exhaustive two-channel full-sequence seed sweep (only_1_singleton_passes_for_4_planned_starts),0,0.9965095986038395,20.4473,20.9862,1.7163000000000002,21.934260072238377,20.943005653732584,35.17251563163767,1.2310209174546414,14.621730977353991,0.7436160401135432,8.76807874634458,19.05191781551138,1.12023987653634,20.471485277180307,1.1236770697146654
493,g_pair_seed_sweep_d13_d15,"13,15",exhaustive two-channel full-sequence seed sweep (only_1_singleton_passes_for_4_planned_starts),0,0.9965095986038395,20.479400000000002,21.1825,2.0143999999999997,22.475805732340408,21.710204479842393,36.09263545006528,1.4456892864746123,20.520113094435484,0.9370317293229864,14.3557180158257,19.88490287947576,1.1110436804690835,20.479692360785695,1.1115571374304836
494,g_pair_seed_sweep_d07_d12,"7,12",exhaustive two-channel full-sequence seed sweep (only_1_singleton_passes_for_4_planned_starts),0,0.9965095986038395,20.7176,21.7417,1.8191,22.18603087888352,21.07347020234312,35.71322199116633,1.3935926590186742,22.19643895908591,0.7276512227321423,10.126540708970484,20.219723965163386,1.0767929825832803,20.70980436556404,1.0769999817725942
495,r_k03_0028_d02_d08_d15,"2,8,15",budget-matched cardinality-stratified random full-sequence control,0,0.9965095986038395,21.195800000000002,22.2932,1.7603,23.55924449297001,22.17024719294259,36.329602430387716,1.3280769108485513,18.926675800265507,0.6823377990205702,7.289991007064716,19.772372546786233,1.1357416917841519,21.21088290240142,1.1414005639482652
496,g_s04_k04_from_d03_d06_d12_add_d15,"3,6,12,15",direct full-sequence ATE forward-greedy trial,0,0.9965095986038395,21.3585,22.9008,1.9286,22.858920867690266,21.66341215178717,40.04417339368521,1.6105873416776024,28.725816160719873,0.8087933173290115,10.845132124516253,20.852737759515485,1.0580763392314942,21.366455990177723,1.052062271133821
497,g_s01_k02_from_d03_add_d09,"3,9",direct full-sequence ATE forward-greedy trial,0,0.9965095986038395,21.4077,22.9408,2.3253,22.23845732049552,20.74060111405575,37.90220121544341,1.9253831260582692,33.863241931308266,1.305186131326223,22.35838056772264,20.510354251650124,1.0253734016567893,21.438857702744105,1.0186292322076607
498,g_pair_seed_sweep_d02_d15,"2,15",exhaustive two-channel full-sequence seed sweep (only_1_singleton_passes_for_4_planned_starts),0,0.9965095986038395,21.4681,22.5131,1.6098999999999999,22.84098269372812,21.423555604756668,34.217710149406926,1.260082481498419,17.27748221889933,0.6323044513692273,4.532571079492746,19.930690481809833,1.1030916152205736,21.479093247739154,1.1044801875229797
499,g_pair_seed_sweep_d07_d10,"7,10",exhaustive two-channel full-sequence seed sweep (only_1_singleton_passes_for_4_planned_starts),0,0.9965095986038395,21.5146,22.7496,1.7128,23.23701442456202,21.702388713165913,37.81139603453883,1.319222158871065,20.92687891637351,0.5756753100299622,2.9683806097412204,20.421539184942432,1.101294091132419,21.513339117906817,1.1016627002371895
500,g_pair_seed_sweep_d04_d10,"4,10",exhaustive two-channel full-sequence seed sweep (only_1_singleton_passes_for_4_planned_starts),0,0.9965095986038395,21.7592,23.0569,1.6032000000000002,23.54909913247471,22.101184290722717,39.03948148004328,1.278814131515377,19.98570351929352,0.5795160538168043,2.9719056019896026,20.710921428798436,1.1006115756207913,21.757529407392564,1.099829719424493
501,g_pair_seed_sweep_d04_d15,"4,15",exhaustive two-channel full-sequence seed sweep (only_1_singleton_passes_for_4_planned_starts),0,0.9965095986038395,21.9326,23.2564,1.8171,22.97367330953127,21.628730096587056,34.477025014503056,1.4589101643644526,22.87639198442618,0.7444557856814485,6.243071392178875,20.709857572174684,1.0670493485630064,21.94492192590221,1.064650814634856
502,g_pair_seed_sweep_d07_d14,"7,14",exhaustive two-channel full-sequence seed sweep (only_1_singleton_passes_for_4_planned_starts),0,0.9965095986038395,22.1637,23.9776,2.3486,24.176475810045897,22.591029519497926,41.17476565240879,1.8940105724492433,36.94073937788508,0.8443363697772458,11.297924234014713,21.79934779074222,1.0635956740434576,22.15662820205325,1.0618559523407913
503,g_s01_k02_from_d03_add_d02,"2,3",direct full-sequence ATE forward-greedy trial,0,0.9965095986038395,22.3631,23.1359,1.8759000000000001,22.522558407620576,21.530759067461364,35.8772217889925,1.4490999809739926,24.23994263023354,0.9935724353854517,17.607627999103524,21.115546622293515,1.0509675521726962,22.38080888806771,1.0472690275222556
504,r_k03_0018_d01_d09_d12,"1,9,12",budget-matched cardinality-stratified random full-sequence control,0,0.9965095986038395,22.4166,24.3402,1.6578,25.061912377512343,23.35161029489645,52.92894253676289,1.362915705006463,18.64176364207094,0.8218401707594043,11.457887742045845,22.16434970929976,1.084983389591347,22.403052864443197,1.096772784963774
505,g_pair_seed_sweep_d04_d05,"4,5",exhaustive two-channel full-sequence seed sweep (only_1_singleton_passes_for_4_planned_starts),0,0.9965095986038395,22.4999,23.9467,1.6858000000000002,23.39417276259761,21.635758896094593,34.051033819311584,1.3292172184260065,21.920424312789162,0.6233752573426056,3.7930708912669853,21.228484648838386,1.0575605321922734,22.50989173690886,1.0593879517254592
506,g_pair_seed_sweep_d09_d11,"9,11",exhaustive two-channel full-sequence seed sweep (only_1_singleton_passes_for_4_planned_starts),0,0.9965095986038395,22.5896,23.5489,1.4262000000000001,24.104677456512373,22.914014327997798,35.11599085451792,1.1577916008816256,14.97997397279798,0.5804963191243269,2.822828024071715,21.504952709620436,1.1049242044595315,22.599591077410874,1.0992820734625646
507,g_pair_seed_sweep_d04_d14,"4,14",exhaustive two-channel full-sequence seed sweep (only_1_singleton_passes_for_4_planned_starts),0,0.9965095986038395,22.7273,24.932299999999998,2.0294,24.263486277129378,22.10166841422521,46.33536028778181,1.680517143785187,30.771452674486373,0.7167295408896799,7.68187056100546,21.52690420018541,1.0459669353695131,22.729711651232392,1.0397119233793726
508,g_pair_seed_sweep_d08_d12,"8,12",exhaustive two-channel full-sequence seed sweep (only_1_singleton_passes_for_4_planned_starts),0,0.9965095986038395,22.8033,24.1508,1.6126,23.793864951749825,22.592584567973415,36.6749959259716,1.2850962807154513,12.570447578537387,0.8380629624520015,10.06782531320105,21.645314929247366,1.0686348437541004,22.824671856598343,1.0616500625314762
509,g_s04_k03_from_d06_d12_add_d08,"6,8,12",direct full-sequence ATE forward-greedy trial,0,0.9965095986038395,22.8504,25.1828,1.4291,24.62487351422403,22.44905307937815,38.79820511179395,1.2041244473039054,13.763594490137063,0.906246718241525,10.409626175046252,21.807621186412526,1.0367903783077022,22.88036975847525,1.028306179815368
510,g_s01_k02_from_d03_add_d11,"3,11",direct full-sequence ATE forward-greedy trial,0,0.9965095986038395,22.9911,24.4461,1.9245,24.50565449784137,22.976620627022744,35.909354490142924,1.5397366914495523,23.631078114118818,0.6501388203160168,4.909494956672996,21.763919933065548,1.0867107929319728,23.009642053334428,1.0731285609369385
511,g_pair_seed_sweep_d04_d12,"4,12",exhaustive two-channel full-sequence seed sweep (only_1_singleton_passes_for_4_planned_starts),0,0.9965095986038395,23.0091,24.5632,1.8010000000000002,24.287329508757725,22.641177881298756,39.86003670247144,1.481299873722022,26.724674227882193,0.6118266742191366,3.942726676565875,21.91542916348562,1.0648744165032917,23.005928988614375,1.0641553501016838
512,bqs_historical_top3,"0,10,15","0621 BQS-ranked enc0 Top-3 [d15,d10,d0], re-evaluated on this protocol",0,0.9965095986038395,23.0342,23.6158,1.7209999999999999,24.935963256724346,23.977075389594216,37.673941655434795,1.1499774348518443,7.166101642693072,0.648166023665879,2.7146462621149587,22.11250286514947,1.1320175016966303,23.04612449674103,1.132444493525466
513,bqs_historical_top3,"0,10,15",final repeat validation for B3_historical_bqs_top3,1,0.9965095986038395,23.0342,23.6158,1.7209999999999999,24.935963256724346,23.977075389594216,37.673941655434795,1.1499774348518443,7.166101642693072,0.648166023665879,2.7146462621149587,22.11250286514947,1.1320175016966303,23.04612449674103,1.132444493525466
514,bqs_historical_top3,"0,10,15",final repeat validation for B3_historical_bqs_top3,2,0.9965095986038395,23.0342,23.6158,1.7209999999999999,24.935963256724346,23.977075389594216,37.673941655434795,1.1499774348518443,7.166101642693072,0.648166023665879,2.7146462621149587,22.11250286514947,1.1320175016966303,23.04612449674103,1.132444493525466
515,r_k04_0018_d01_d04_d06_d15,"1,4,6,15",budget-matched cardinality-stratified random full-sequence control,0,0.9965095986038395,23.1766,24.5081,1.6119999999999999,24.75876598204016,23.79162675598372,41.04474933583626,1.2836480652470974,12.734045963345435,0.8238653394400242,10.961157291948188,23.007060611837048,1.063785512860533,23.157272758411953,1.0728434031886616
516,g_pair_seed_sweep_d08_d13,"8,13",exhaustive two-channel full-sequence seed sweep (only_1_singleton_passes_for_4_planned_starts),0,0.9965095986038395,23.3891,24.5357,2.2626,25.42569830469916,24.47947541898666,44.89220924014461,1.6473544637291104,23.916109322121855,0.7878511591785359,6.0823704602427435,22.8555524626872,1.107227211690422,23.40317039606604,1.1075801089321073
517,g_pair_seed_sweep_d04_d11,"4,11",exhaustive two-channel full-sequence seed sweep (only_1_singleton_passes_for_4_planned_starts),0,0.9965095986038395,23.520599999999998,25.008000000000003,1.9674,24.540754918836722,22.85821033575782,35.58126119567851,1.586518191382982,29.161118444335486,0.6327956097072771,3.8423502381241463,21.912397803965664,1.0776724422436172,23.525999675708466,1.0724698809911477
518,g_pair_seed_sweep_d05_d08,"5,8",exhaustive two-channel full-sequence seed sweep (only_1_singleton_passes_for_4_planned_starts),0,0.9965095986038395,23.5723,25.567,1.4848,25.324233879317486,23.331410449742705,41.02473188731353,1.2448721300630243,11.168933832545473,0.8088225385687732,10.718427185769261,22.440546192168036,1.0714618869049506,23.609667313824453,1.0697520938984058
519,g_pair_seed_sweep_d00_d02,"0,2",exhaustive two-channel full-sequence seed sweep (only_1_singleton_passes_for_4_planned_starts),0,0.9965095986038395,23.7818,24.531,1.5566,24.58802938310012,23.402621272427997,37.71464916595916,1.1686741307001736,12.480345302936685,0.64665021779541,3.394769496430803,22.166090089748693,1.102654750571563,23.798853213731334,1.1035576451462312
520,g_pair_seed_sweep_d00_d09,"0,9",exhaustive two-channel full-sequence seed sweep (only_1_singleton_passes_for_4_planned_starts),0,0.9965095986038395,24.018,24.807199999999998,1.3916,25.924975810242323,24.767084380662187,39.86849489331672,1.0710417196488207,5.438924135634678,0.6620816861699934,2.9151617672591863,22.96412529002632,1.1305855074866349,24.046364467906002,1.1289735951887667
521,r_k04_0010_d00_d08_d14_d15,"0,8,14,15",budget-matched cardinality-stratified random full-sequence control,0,0.9965095986038395,24.2043,26.3309,2.5355,25.76404207934488,23.825997276032037,45.412728606555156,2.129231643900363,39.200470217403144,0.9151831649148602,14.359281330992252,23.399644091733524,1.0427214424044584,24.227680900503334,1.032993576798147
522,g_pair_seed_sweep_d07_d08,"7,8",exhaustive two-channel full-sequence seed sweep (only_1_singleton_passes_for_4_planned_starts),0,0.9965095986038395,24.432000000000002,25.2243,1.9438,25.22336161916273,24.479773759557382,35.075496910976085,1.5414165937571622,23.3421542936835,0.7878905438479099,10.586658234794077,23.75577902551309,1.0688627924791883,24.441980525790665,1.0665142589426901
523,g_singleton_d03,3,direct full-sequence singleton ATE sweep,0,0.9965095986038395,24.5318,25.9748,2.5176,25.402057856763623,23.936299467127164,52.114468580323106,2.0588312322894597,36.45281209074455,1.187772320985678,15.567437175213298,23.673117021435395,1.0362730686724893,24.54324401998543,1.0356370593332782
524,g_singleton_d03,3,final repeat validation for G1,1,0.9965095986038395,24.5318,25.9748,2.5176,25.402057856763623,23.936299467127164,52.114468580323106,2.0588312322894597,36.45281209074455,1.187772320985678,15.567437175213298,23.673117021435395,1.0362730686724893,24.54324401998543,1.0356370593332782
525,g_singleton_d03,3,final repeat validation for G1,2,0.9965095986038395,24.5318,25.9748,2.5176,25.402057856763623,23.936299467127164,52.114468580323106,2.0588312322894597,36.45281209074455,1.187772320985678,15.567437175213298,23.673117021435395,1.0362730686724893,24.54324401998543,1.0356370593332782
526,g_s01_k02_from_d03_add_d12,"3,12",direct full-sequence ATE forward-greedy trial,0,0.9965095986038395,24.854100000000003,27.073199999999996,1.7943,26.31359765710525,24.051232025180845,43.98499730308072,1.5787650817378904,27.870462340619838,0.7880496751506145,12.695136957032808,23.840812027740302,1.0206306692295029,24.872570237049175,1.0087947426366073
527,g_pair_seed_sweep_d08_d10,"8,10",exhaustive two-channel full-sequence seed sweep (only_1_singleton_passes_for_4_planned_starts),0,0.9965095986038395,24.8735,25.832300000000004,1.4385000000000001,26.89766762483475,25.583517060938753,43.9210457491834,1.0961514161140968,7.107687962629468,0.6467264534675057,3.4289703643922844,24.11603336607171,1.1251586139063607,24.88602934773535,1.1219402544510528
528,g_s01_k02_from_d03_add_d05,"3,5",direct full-sequence ATE forward-greedy trial,0,0.9965095986038395,24.904799999999998,26.6943,1.8256000000000001,25.72310707960278,23.57020931662087,39.02561223495634,1.555489988227269,26.014085410789328,0.8933663096053526,10.106868843419944,23.345278279313103,1.0275318747962745,24.928332428576724,1.0225215691911682
529,r_k03_0020_d01_d13_d15,"1,13,15",budget-matched cardinality-stratified random full-sequence control,0,0.9965095986038395,25.1044,27.095599999999997,1.7319999999999998,27.95817055395452,26.434370368763165,58.5092846702556,1.3826139525459948,17.101167233273976,0.9540170249341215,13.050850455996226,25.09267210496765,1.0868092557562168,25.08809239918467,1.1012211336429742
530,g_pair_seed_sweep_d00_d07,"0,7",exhaustive two-channel full-sequence seed sweep (only_1_singleton_passes_for_4_planned_starts),0,0.9965095986038395,25.173099999999998,26.9559,2.1282,26.596319082067776,24.842127921500147,41.47991733289499,1.7482819565052592,31.925078472692558,0.68034202589029,4.521687481881452,24.095898307013776,1.0666472204056348,25.172926309675407,1.0621880614237529
531,g_pair_seed_sweep_d07_d15,"7,15",exhaustive two-channel full-sequence seed sweep (only_1_singleton_passes_for_4_planned_starts),0,0.9965095986038395,25.9681,26.9148,1.9071999999999998,26.585090572795657,25.588032249318328,37.48542420456257,1.532887330488182,18.775785640452995,0.8674773505924835,12.977816555266223,25.336076911916233,1.0380769130398537,25.97087273747716,1.0379835957833545
532,g_pair_seed_sweep_d02_d11,"2,11",exhaustive two-channel full-sequence seed sweep (only_1_singleton_passes_for_4_planned_starts),0,0.9965095986038395,26.079400000000003,27.139400000000002,1.625,26.573425512974147,25.208801644053974,37.92416284484226,1.3080446196733055,16.7499154912731,0.767250120237435,11.130623674772945,24.522572580593074,1.0718619489884076,26.089830164875433,1.0685679912788502
533,g_pair_seed_sweep_d00_d13,"0,13",exhaustive two-channel full-sequence seed sweep (only_1_singleton_passes_for_4_planned_starts),0,0.9965095986038395,26.9555,28.8428,2.0632,28.447701219001804,26.46990716905689,40.46778683578157,1.6705333350788085,31.012382093572477,0.6641383969298792,3.8007445584681174,25.47858773509973,1.088833767347472,26.959739105807795,1.0881252189928914
534,g_pair_seed_sweep_d03_d15,"3,15",exhaustive two-channel full-sequence seed sweep (only_1_singleton_passes_for_4_planned_starts),0,0.9965095986038395,27.072000000000003,28.828,3.0107,29.213458554207712,27.353482878928293,61.13914480546904,2.486150138329073,42.89384040927385,1.1498677947574916,16.698990145428024,26.766190262152218,1.0571673637582608,27.08298252073355,1.046545955669953
535,g_pair_seed_sweep_d01_d08,"1,8",exhaustive two-channel full-sequence seed sweep (only_1_singleton_passes_for_4_planned_starts),0,0.9965095986038395,27.083000000000002,29.105999999999998,2.2561999999999998,28.99626315911552,26.970724896386766,54.697395244203925,1.9283727892410334,29.807574224856314,1.111930113336587,18.716501916223702,27.075564751460817,0.9839585837854252,27.096772661615965,0.9873616755318191
536,g_s01_k02_from_d03_add_d06,"3,6",direct full-sequence ATE forward-greedy trial,0,0.9965095986038395,27.1901,28.9848,2.3508999999999998,28.48120468004187,26.563800964770913,45.42662313721309,2.0154347487260433,30.52045115106516,0.8533619332752292,9.857407325811083,26.08065718242283,1.0432139812000945,27.210482562327215,1.0280345111366946
537,g_pair_seed_sweep_d04_d08,"4,8",exhaustive two-channel full-sequence seed sweep (only_1_singleton_passes_for_4_planned_starts),0,0.9965095986038395,27.721600000000002,29.2514,2.3501000000000003,28.93507097834977,27.424487260226822,44.59948392163882,1.8505613959412623,33.272907758690486,0.8342204009823487,8.54119895341997,26.5077880632561,1.0780604393246342,27.72958528958334,1.0703833599182717
538,r_k03_0051_d08_d11_d14,"8,11,14",budget-matched cardinality-stratified random full-sequence control,0,0.9965095986038395,29.0984,32.6359,2.8277,32.22883831510283,28.020173849822516,53.036437555149085,2.5983677987515965,49.748985312600844,1.6151950058186082,25.84335750704099,28.32689570001766,0.9510582075260854,29.142001691842406,0.9333736412302762
539,g_pair_seed_sweep_d08_d09,"8,9",exhaustive two-channel full-sequence seed sweep (only_1_singleton_passes_for_4_planned_starts),0,0.9965095986038395,30.1124,31.679299999999998,1.5393000000000001,31.940971380547754,30.369515597622932,49.75091124201106,1.19093275086482,9.425076879966822,0.7894794736782172,9.868992484208794,29.33872261145603,1.098008455619494,30.14875759011753,1.0916162452794111
540,g_s04_k03_from_d06_d12_add_d00,"0,6,12",direct full-sequence ATE forward-greedy trial,0,0.9965095986038395,31.8004,34.666999999999994,1.9220000000000002,34.29276559177306,30.36809531246863,54.586191824946276,1.7516160148847004,33.70998455691805,1.0128500615428144,18.84564702731314,30.84425594484565,0.9435011970491859,31.834080222193883,0.932448496060355
541,g_pair_seed_sweep_d01_d07,"1,7",exhaustive two-channel full-sequence seed sweep (only_1_singleton_passes_for_4_planned_starts),0,0.9965095986038395,31.906000000000002,33.1861,2.5891,32.75487715921795,30.782501623828818,49.941640803130234,1.839854400056301,24.82215132947197,1.1573180931412752,12.89847321661815,30.70433369107614,1.0327517861671702,31.85147457349179,1.0502042611383735
542,g_pair_seed_sweep_d07_d11,"7,11",exhaustive two-channel full-sequence seed sweep (only_1_singleton_passes_for_4_planned_starts),0,0.9965095986038395,32.2467,34.0925,1.9168999999999998,32.94534526553945,30.632305813602407,52.561508021271266,1.6934501502375485,27.864559532090794,0.7605221642429183,6.997732999696826,30.71766952042751,0.9815356173521971,32.2612911664624,0.9699214053637752
543,g_pair_seed_sweep_d14_d15,"14,15",exhaustive two-channel full-sequence seed sweep (only_1_singleton_passes_for_4_planned_starts),0,0.9965095986038395,32.580799999999996,34.3283,2.2698,33.77998506377081,31.881580861038593,56.91322082779966,1.9424068385650182,29.659467993716543,1.1162064439168062,18.719170354972867,31.678256716561492,1.035632292961036,32.58078530229685,1.0325083564911048
544,g_s04_k03_from_d06_d12_add_d01,"1,6,12",direct full-sequence ATE forward-greedy trial,0,0.9965095986038395,32.8484,34.9377,2.0268,35.024327762977585,31.997695269345623,64.60491410869027,1.7711805965847351,20.255135641627383,1.1121507533585722,12.343314939806323,32.29842216964753,0.9559635449138679,32.81078124795238,0.9717767255375589
545,g_pair_seed_sweep_d08_d14,"8,14",exhaustive two-channel full-sequence seed sweep (only_1_singleton_passes_for_4_planned_starts),0,0.9965095986038395,38.486599999999996,42.0536,2.3991,41.60525833767972,37.20564796305703,69.47348529997987,2.32988895368068,44.76377837649407,0.9928452398011101,13.3218974239156,37.52465499644496,0.9336186809934901,38.520472242546774,0.9213173510699776
546,g_pair_seed_sweep_d01_d06,"1,6",exhaustive two-channel full-sequence seed sweep (only_1_singleton_passes_for_4_planned_starts),0,0.9965095986038395,43.1718,45.3694,2.7904,46.70075686110259,42.089565952661275,96.32378299820094,2.8073726394593916,50.95902833094347,1.4168166876482573,21.704490822422827,41.89038141869468,0.8395149641107078,43.11742318281151,0.8492833963942262
547,g_pair_seed_sweep_d06_d08,"6,8",exhaustive two-channel full-sequence seed sweep (only_1_singleton_passes_for_4_planned_starts),0,0.9965095986038395,46.0101,49.0026,2.1576999999999997,48.04892946355753,44.046164575033515,76.29009111732768,1.9720228727740832,29.547435205454963,1.286507903454702,21.216319658757037,44.437778870617684,0.9184259977769154,46.059037731014975,0.8905866051106941
548,g_pair_seed_sweep_d01_d15,"1,15",exhaustive two-channel full-sequence seed sweep (only_1_singleton_passes_for_4_planned_starts),0,0.9965095986038395,47.6677,49.2649,2.408,51.73058266845471,47.55124321589021,92.68773342078521,2.47363859469726,29.841882180919445,1.3723330824061812,17.455144179385545,46.23481789842118,0.7983461983748902,47.61443018294551,0.8102480069454302
549,g_pair_seed_sweep_d08_d15,"8,15",exhaustive two-channel full-sequence seed sweep (only_1_singleton_passes_for_4_planned_starts),0,0.9965095986038395,48.747600000000006,52.4192,3.129,51.92761148479897,45.844114913182,95.55026695414466,2.9460134284221304,44.621018846314314,1.816291425697222,28.834612102618177,46.11766719296986,0.8418234233656012,48.82838596616963,0.8120848994254869
550,g_pair_seed_sweep_d08_d11,"8,11",exhaustive two-channel full-sequence seed sweep (only_1_singleton_passes_for_4_planned_starts),0,0.9965095986038395,53.7683,57.243500000000004,2.8882000000000003,61.5359511412395,54.43481239623227,99.73790059240619,3.4967602312088237,54.67611233997404,3.1084800777104675,63.25720828126962,51.6876771165482,0.7197687753613619,53.83277782141157,0.7021005972654994
551,g_pair_seed_sweep_d00_d08,"0,8",exhaustive two-channel full-sequence seed sweep (only_1_singleton_passes_for_4_planned_starts),0,0.9965095986038395,61.016000000000005,64.5791,3.5415,79.96674544092619,69.4964432288397,131.56112246356813,5.300056358239118,121.4084760780147,1.7041912486730477,36.59395503641176,60.5004394856954,0.5514566438197078,61.08983766406636,0.5396456714342104
552,r_k03_0055_d11_d14_d15,"11,14,15",budget-matched cardinality-stratified random full-sequence control,0,0.9965095986038395,62.4432,65.23830000000001,3.1525999999999996,72.71748376643565,67.385959069751,114.52916412658627,4.289612990736132,72.67946576250336,2.6677456260593337,47.44627880156033,61.2825018975211,0.6318625724583553,62.50987570721709,0.6260455869053106
553,g_pair_seed_sweep_d01_d13,"1,13",exhaustive two-channel full-sequence seed sweep (only_1_singleton_passes_for_4_planned_starts),0,0.9965095986038395,62.9111,65.0925,2.5509,76.05206021452065,70.44813880870664,124.77911271060694,3.1352496188736105,42.67429936004687,1.4600171790874035,19.24198964796434,60.24404083711457,0.5871689122252433,62.85298912751155,0.5908967338516404
