1341847980.7869 -0.0030 -0.0031 0.0009 -0.0005 0.0002 -0.0006 1.0000
1341847980.8230 -0.0035 -0.0009 0.0001 0.0010 0.0001 -0.0012 1.0000
1341847980.8547 -0.0034 0.0007 -0.0007 0.0014 0.0004 -0.0018 1.0000
1341847980.8907 -0.0057 -0.0005 -0.0010 0.0013 0.0009 -0.0019 1.0000
1341847980.9230 -0.0066 -0.0006 -0.0017 0.0016 0.0007 -0.0024 1.0000
1341847980.9546 -0.0050 0.0011 -0.0030 0.0017 0.0007 -0.0027 1.0000
1341847980.9907 -0.0086 -0.0005 -0.0020 0.0012 0.0017 -0.0027 1.0000
1341847981.0227 -0.0092 0.0021 -0.0031 0.0021 0.0015 -0.0027 1.0000
1341847981.0547 -0.0095 0.0010 -0.0032 0.0016 0.0015 -0.0028 1.0000
1341847981.0907 -0.0093 0.0015 -0.0038 0.0020 0.0019 -0.0030 1.0000
1341847981.1230 -0.0124 0.0003 -0.0044 0.0020 0.0030 -0.0027 1.0000
1341847981.1586 -0.0146 0.0026 -0.0053 0.0020 0.0034 -0.0016 1.0000
1341847981.1906 -0.0179 0.0002 -0.0050 0.0013 0.0037 0.0000 1.0000
1341847981.2230 -0.0212 -0.0014 -0.0054 0.0017 0.0039 0.0015 1.0000
1341847981.2587 -0.0220 0.0007 -0.0075 0.0022 0.0031 0.0031 1.0000
1341847981.2908 -0.0217 0.0002 -0.0073 0.0020 0.0028 0.0038 1.0000
1341847981.3229 -0.0228 0.0001 -0.0088 0.0024 0.0039 0.0036 1.0000
1341847981.3587 -0.0279 0.0024 -0.0092 0.0031 0.0053 0.0038 1.0000
1341847981.3908 -0.0341 -0.0008 -0.0103 0.0024 0.0060 0.0048 1.0000
1341847981.4267 -0.0378 -0.0008 -0.0120 0.0030 0.0057 0.0060 1.0000
1341847981.4588 -0.0392 0.0014 -0.0155 0.0035 0.0052 0.0067 1.0000
1341847981.4907 -0.0432 0.0009 -0.0159 0.0032 0.0057 0.0071 1.0000
1341847981.5270 -0.0501 0.0015 -0.0178 0.0038 0.0069 0.0067 0.9999
1341847981.5587 -0.0523 0.0028 -0.0198 0.0038 0.0073 0.0062 0.9999
1341847981.5949 -0.0585 -0.0012 -0.0206 0.0035 0.0088 0.0055 0.9999
1341847981.6267 -0.0659 0.0041 -0.0236 0.0056 0.0103 0.0059 0.9999
1341847981.6587 -0.0663 0.0086 -0.0266 0.0050 0.0098 0.0057 0.9999
1341847981.6947 -0.0744 0.0055 -0.0264 0.0042 0.0114 0.0052 0.9999
1341847981.7266 -0.0781 0.0117 -0.0295 0.0049 0.0117 0.0058 0.9999
1341847981.7588 -0.0859 0.0112 -0.0302 0.0034 0.0124 0.0059 0.9999
1341847981.7947 -0.0888 0.0170 -0.0322 0.0033 0.0122 0.0057 0.9999
1341847981.8267 -0.0939 0.0172 -0.0336 0.0013 0.0127 0.0054 0.9999
1341847981.8627 -0.1103 0.0128 -0.0307 0.0003 0.0149 0.0048 0.9999
1341847981.8946 -0.1067 0.0150 -0.0386 0.0002 0.0124 0.0045 0.9999
1341847981.9266 -0.1122 0.0188 -0.0374 -0.0022 0.0118 0.0047 0.9999
1341847981.9948 -0.1252 0.0092 -0.0356 -0.0051 0.0126 0.0045 0.9999
1341847982.0627 -0.1391 0.0035 -0.0368 -0.0039 0.0132 0.0023 0.9999
1341847982.0948 -0.1394 0.0112 -0.0381 -0.0016 0.0120 0.0014 0.9999
1341847982.1307 -0.1500 -0.0012 -0.0362 -0.0025 0.0125 0.0005 0.9999
1341847982.1627 -0.1498 0.0106 -0.0397 0.0030 0.0103 0.0015 0.9999
1341847982.1947 -0.1394 0.0176 -0.0442 0.0030 0.0074 0.0023 1.0000
1341847982.2306 -0.1447 0.0129 -0.0438 0.0006 0.0098 0.0026 0.9999
1341847982.2627 -0.1477 0.0093 -0.0428 0.0011 0.0121 0.0018 0.9999
1341847982.2950 -0.1499 0.0073 -0.0442 0.0011 0.0144 0.0008 0.9999
1341847982.3307 -0.1625 0.0043 -0.0413 0.0025 0.0179 0.0028 0.9998
1341847982.3989 -0.1725 0.0055 -0.0439 0.0078 0.0154 0.0085 0.9998
1341847982.4308 -0.1664 0.0070 -0.0465 0.0092 0.0140 0.0098 0.9998
1341847982.4626 -0.1666 0.0081 -0.0472 0.0101 0.0165 0.0105 0.9998
1341847982.4986 -0.1667 0.0105 -0.0483 0.0103 0.0190 0.0104 0.9997
1341847982.5308 -0.1777 0.0081 -0.0455 0.0085 0.0223 0.0108 0.9997
1341847982.5667 -0.1765 0.0106 -0.0474 0.0075 0.0230 0.0121 0.9996
1341847982.5987 -0.1819 0.0100 -0.0447 0.0048 0.0260 0.0137 0.9996
1341847982.6307 -0.1859 0.0058 -0.0440 0.0032 0.0287 0.0136 0.9995
1341847982.6666 -0.1913 0.0075 -0.0433 0.0024 0.0315 0.0143 0.9994
1341847982.6986 -0.1962 0.0058 -0.0429 0.0006 0.0347 0.0147 0.9993
1341847982.7307 -0.2050 0.0033 -0.0413 -0.0008 0.0392 0.0144 0.9991
1341847982.7667 -0.2169 0.0005 -0.0385 -0.0007 0.0427 0.0156 0.9990
1341847982.7987 -0.2250 0.0011 -0.0390 -0.0005 0.0448 0.0171 0.9988
1341847982.8347 -0.2374 -0.0044 -0.0362 -0.0004 0.0472 0.0173 0.9987
1341847982.8667 -0.2515 -0.0066 -0.0354 0.0019 0.0489 0.0186 0.9986
1341847982.8987 -0.2618 -0.0014 -0.0389 0.0045 0.0484 0.0201 0.9986
1341847982.9348 -0.2718 0.0048 -0.0392 0.0048 0.0466 0.0222 0.9987
1341847982.9667 -0.2783 0.0024 -0.0377 0.0031 0.0449 0.0229 0.9987
1341847982.9988 -0.2793 0.0016 -0.0401 0.0019 0.0448 0.0219 0.9988
1341847983.0347 -0.2962 0.0022 -0.0371 0.0005 0.0479 0.0214 0.9986
1341847983.0667 -0.3059 0.0021 -0.0374 -0.0006 0.0477 0.0223 0.9986
1341847983.1028 -0.3191 0.0001 -0.0361 -0.0021 0.0484 0.0235 0.9985
1341847983.1347 -0.3334 -0.0055 -0.0325 -0.0024 0.0492 0.0245 0.9985
1341847983.1667 -0.3475 -0.0060 -0.0347 -0.0012 0.0490 0.0254 0.9985
1341847983.2027 -0.3529 -0.0029 -0.0375 -0.0006 0.0469 0.0265 0.9985
1341847983.2347 -0.3589 -0.0013 -0.0394 -0.0011 0.0459 0.0274 0.9986
1341847983.2668 -0.3620 0.0009 -0.0422 -0.0029 0.0457 0.0269 0.9986
1341847983.3027 -0.3740 -0.0027 -0.0402 -0.0061 0.0483 0.0261 0.9985
1341847983.3347 -0.3841 -0.0053 -0.0384 -0.0077 0.0512 0.0255 0.9983
1341847983.3709 -0.3972 -0.0117 -0.0358 -0.0087 0.0547 0.0248 0.9982
1341847983.4027 -0.4098 -0.0127 -0.0371 -0.0076 0.0558 0.0259 0.9981
1341847983.4347 -0.4192 -0.0104 -0.0403 -0.0085 0.0543 0.0285 0.9981
1341847983.4707 -0.4265 -0.0142 -0.0371 -0.0094 0.0538 0.0285 0.9981
1341847983.5028 -0.4309 -0.0160 -0.0403 -0.0081 0.0557 0.0256 0.9981
1341847983.5348 -0.4429 -0.0137 -0.0436 -0.0073 0.0602 0.0241 0.9979
1341847983.5707 -0.4581 -0.0130 -0.0427 -0.0077 0.0633 0.0242 0.9977
1341847983.6027 -0.4713 -0.0194 -0.0435 -0.0078 0.0642 0.0248 0.9976
1341847983.6387 -0.4804 -0.0189 -0.0478 -0.0063 0.0650 0.0251 0.9976
1341847983.7029 -0.5102 -0.0235 -0.0536 -0.0022 0.0685 0.0266 0.9973
1341847983.7387 -0.5233 -0.0211 -0.0580 -0.0009 0.0678 0.0287 0.9973
1341847983.7707 -0.5365 -0.0243 -0.0600 -0.0005 0.0678 0.0301 0.9972
1341847983.8067 -0.5461 -0.0278 -0.0626 0.0005 0.0686 0.0297 0.9972
1341847983.8387 -0.5672 -0.0256 -0.0633 0.0046 0.0711 0.0298 0.9970
1341847983.8707 -0.5787 -0.0177 -0.0722 0.0070 0.0692 0.0324 0.9971
1341847983.9067 -0.5952 -0.0200 -0.0713 0.0069 0.0676 0.0354 0.9971
1341847983.9388 -0.6004 -0.0162 -0.0792 0.0074 0.0651 0.0364 0.9972
1341847983.9708 -0.6093 -0.0141 -0.0811 0.0060 0.0662 0.0355 0.9972
1341847984.0067 -0.6261 -0.0124 -0.0798 0.0052 0.0692 0.0345 0.9970
1341847984.0387 -0.6349 -0.0111 -0.0837 0.0037 0.0707 0.0344 0.9969
1341847984.0747 -0.6456 -0.0044 -0.0885 0.0021 0.0730 0.0331 0.9968
1341847984.1068 -0.6643 -0.0021 -0.0826 -0.0018 0.0766 0.0321 0.9965
1341847984.1387 -0.6848 -0.0044 -0.0743 -0.0032 0.0798 0.0310 0.9963
1341847984.1748 -0.6899 0.0025 -0.0846 -0.0046 0.0791 0.0292 0.9964
1341847984.2067 -0.7088 0.0004 -0.0757 -0.0098 0.0818 0.0275 0.9962
1341847984.2387 -0.7322 0.0014 -0.0681 -0.0106 0.0828 0.0281 0.9961
1341847984.2748 -0.7374 0.0011 -0.0685 -0.0131 0.0804 0.0287 0.9963
1341847984.3067 -0.7479 0.0024 -0.0636 -0.0155 0.0805 0.0287 0.9962
1341847984.3431 -0.7625 0.0018 -0.0566 -0.0175 0.0809 0.0291 0.9961
1341847984.4067 -0.7829 0.0046 -0.0452 -0.0209 0.0773 0.0322 0.9963
1341847984.4429 -0.7936 0.0009 -0.0346 -0.0231 0.0774 0.0333 0.9962
1341847984.4746 -0.8040 0.0003 -0.0276 -0.0227 0.0779 0.0329 0.9962
1341847984.5067 -0.8127 -0.0007 -0.0193 -0.0236 0.0785 0.0322 0.9961
1341847984.5427 -0.8192 -0.0021 -0.0131 -0.0238 0.0800 0.0328 0.9960
1341847984.5748 -0.8296 -0.0027 -0.0028 -0.0254 0.0833 0.0332 0.9956
1341847984.6108 -0.8462 -0.0094 0.0159 -0.0250 0.0852 0.0326 0.9955
1341847984.6427 -0.8566 -0.0097 0.0257 -0.0217 0.0842 0.0340 0.9956
1341847984.6748 -0.8617 -0.0127 0.0326 -0.0213 0.0834 0.0351 0.9957
1341847984.7107 -0.8742 -0.0194 0.0505 -0.0203 0.0839 0.0354 0.9956
1341847984.7434 -0.8817 -0.0184 0.0617 -0.0165 0.0832 0.0349 0.9958
1341847984.7789 -0.8877 -0.0208 0.0700 -0.0156 0.0833 0.0358 0.9958
1341847984.8106 -0.8977 -0.0257 0.0877 -0.0148 0.0845 0.0379 0.9956
1341847984.8427 -0.9068 -0.0321 0.1038 -0.0120 0.0852 0.0393 0.9955
1341847984.8788 -0.9130 -0.0342 0.1114 -0.0096 0.0854 0.0409 0.9955
1341847984.9106 -0.9199 -0.0368 0.1192 -0.0094 0.0850 0.0436 0.9954
1341847984.9431 -0.9279 -0.0418 0.1321 -0.0106 0.0836 0.0472 0.9953
1341847984.9792 -0.9318 -0.0453 0.1436 -0.0115 0.0814 0.0502 0.9954
1341847985.0106 -0.9334 -0.0478 0.1536 -0.0133 0.0810 0.0512 0.9953
1341847985.0466 -0.9370 -0.0537 0.1664 -0.0162 0.0839 0.0519 0.9950
1341847985.0787 -0.9440 -0.0579 0.1805 -0.0167 0.0880 0.0515 0.9946
1341847985.1108 -0.9491 -0.0621 0.1922 -0.0177 0.0910 0.0529 0.9943
1341847985.1468 -0.9535 -0.0680 0.2032 -0.0184 0.0938 0.0547 0.9939
1341847985.1787 -0.9581 -0.0740 0.2161 -0.0186 0.0972 0.0558 0.9935
1341847985.2108 -0.9633 -0.0815 0.2281 -0.0178 0.0999 0.0560 0.9933
1341847985.2467 -0.9646 -0.0845 0.2332 -0.0167 0.1021 0.0566 0.9930
1341847985.2789 -0.9703 -0.0950 0.2449 -0.0181 0.1058 0.0568 0.9926
1341847985.3146 -0.9750 -0.1008 0.2579 -0.0162 0.1091 0.0565 0.9923
1341847985.3468 -0.9794 -0.1040 0.2621 -0.0151 0.1108 0.0568 0.9921
1341847985.3788 -0.9829 -0.1076 0.2704 -0.0160 0.1119 0.0571 0.9920
1341847985.4146 -0.9872 -0.1137 0.2846 -0.0167 0.1149 0.0577 0.9916
1341847985.4469 -0.9934 -0.1175 0.2971 -0.0153 0.1179 0.0577 0.9912
1341847985.4787 -0.9976 -0.1210 0.3052 -0.0148 0.1193 0.0589 0.9910
1341847985.5147 -1.0013 -0.1245 0.3159 -0.0152 0.1209 0.0596 0.9908
1341847985.5468 -1.0058 -0.1293 0.3290 -0.0156 0.1240 0.0606 0.9903
1341847985.5826 -1.0121 -0.1342 0.3445 -0.0145 0.1276 0.0616 0.9898
1341847985.6148 -1.0198 -0.1362 0.3566 -0.0121 0.1302 0.0632 0.9894
1341847985.6471 -1.0261 -0.1429 0.3711 -0.0105 0.1330 0.0652 0.9889
1341847985.6828 -1.0330 -0.1459 0.3825 -0.0076 0.1357 0.0676 0.9884
1341847985.7147 -1.0402 -0.1502 0.3964 -0.0036 0.1375 0.0709 0.9880
1341847985.7470 -1.0460 -0.1542 0.4054 0.0002 0.1386 0.0735 0.9876
1341847985.7828 -1.0531 -0.1588 0.4198 0.0038 0.1417 0.0757 0.9870
1341847985.8147 -1.0613 -0.1648 0.4346 0.0107 0.1447 0.0787 0.9863
1341847985.8507 -1.0654 -0.1671 0.4359 0.0176 0.1451 0.0815 0.9859
1341847985.8828 -1.0676 -0.1736 0.4352 0.0165 0.1447 0.0846 0.9857
1341847985.9150 -1.0727 -0.1807 0.4476 0.0138 0.1474 0.0875 0.9851
1341847985.9508 -1.0779 -0.1863 0.4602 0.0136 0.1525 0.0874 0.9843
1341847985.9827 -1.0840 -0.1919 0.4699 0.0142 0.1575 0.0870 0.9836
1341847986.0188 -1.0886 -0.1964 0.4781 0.0149 0.1600 0.0888 0.9830
1341847986.0520 -1.0929 -0.2013 0.4875 0.0144 0.1613 0.0920 0.9825
1341847986.0826 -1.0982 -0.2098 0.4985 0.0139 0.1630 0.0935 0.9821
1341847986.1187 -1.0999 -0.2146 0.5039 0.0130 0.1652 0.0934 0.9817
1341847986.1506 -1.1034 -0.2184 0.5134 0.0110 0.1695 0.0942 0.9810
1341847986.1826 -1.1089 -0.2239 0.5308 0.0106 0.1745 0.0949 0.9800
1341847986.2187 -1.1123 -0.2310 0.5410 0.0122 0.1774 0.0955 0.9794
1341847986.2506 -1.1151 -0.2349 0.5496 0.0139 0.1799 0.0974 0.9788
1341847986.2867 -1.1182 -0.2450 0.5615 0.0144 0.1832 0.0988 0.9780
1341847986.3262 -1.1218 -0.2521 0.5731 0.0166 0.1869 0.1000 0.9771
1341847986.3592 -1.1233 -0.2569 0.5816 0.0192 0.1897 0.1024 0.9763
1341847986.3945 -1.1251 -0.2600 0.5911 0.0200 0.1923 0.1043 0.9756
1341847986.4259 -1.1275 -0.2666 0.6031 0.0197 0.1954 0.1057 0.9748
1341847986.4577 -1.1286 -0.2707 0.6132 0.0192 0.1986 0.1067 0.9741
1341847986.4937 -1.1320 -0.2769 0.6294 0.0185 0.2021 0.1083 0.9732
1341847986.5258 -1.1342 -0.2838 0.6422 0.0190 0.2042 0.1094 0.9726
1341847986.5617 -1.1351 -0.2881 0.6510 0.0183 0.2060 0.1102 0.9722
1341847986.5937 -1.1380 -0.2965 0.6663 0.0163 0.2099 0.1105 0.9713
1341847986.6257 -1.1410 -0.3060 0.6831 0.0166 0.2141 0.1109 0.9704
1341847986.6619 -1.1422 -0.3065 0.6917 0.0190 0.2156 0.1133 0.9697
1341847986.6937 -1.1455 -0.3117 0.7059 0.0192 0.2170 0.1177 0.9689
1341847986.7259 -1.1474 -0.3165 0.7175 0.0200 0.2171 0.1231 0.9681
1341847986.7626 -1.1479 -0.3195 0.7252 0.0194 0.2168 0.1270 0.9677
1341847986.7938 -1.1483 -0.3251 0.7337 0.0160 0.2184 0.1295 0.9671
1341847986.8298 -1.1512 -0.3337 0.7498 0.0127 0.2224 0.1312 0.9660
1341847986.8867 -1.1562 -0.3384 0.7723 0.0119 0.2240 0.1365 0.9649
1341847986.9227 -1.1576 -0.3453 0.7837 0.0092 0.2244 0.1399 0.9644
1341847986.9547 -1.1588 -0.3529 0.7949 0.0066 0.2261 0.1414 0.9638
1341847986.9906 -1.1615 -0.3586 0.8076 0.0050 0.2290 0.1424 0.9629
1341847987.0229 -1.1630 -0.3614 0.8177 0.0051 0.2309 0.1447 0.9622
1341847987.0546 -1.1654 -0.3631 0.8268 0.0041 0.2318 0.1474 0.9615
1341847987.0912 -1.1662 -0.3696 0.8380 0.0016 0.2328 0.1490 0.9610
1341847987.1232 -1.1668 -0.3785 0.8498 -0.0008 0.2363 0.1482 0.9603
1341847987.1907 -1.1707 -0.3835 0.8685 -0.0040 0.2463 0.1462 0.9581
1341847987.2593 -1.1763 -0.3890 0.8926 -0.0057 0.2531 0.1494 0.9558
1341847987.2907 -1.1777 -0.3966 0.9010 -0.0079 0.2578 0.1486 0.9547
1341847987.3228 -1.1811 -0.4006 0.9123 -0.0080 0.2647 0.1471 0.9530
1341847987.3907 -1.1889 -0.4103 0.9354 -0.0043 0.2773 0.1421 0.9502
1341847987.4228 -1.1925 -0.4116 0.9429 -0.0016 0.2833 0.1405 0.9487
1341847987.4586 -1.1990 -0.4087 0.9579 0.0032 0.2898 0.1412 0.9466
1341847987.4908 -1.2044 -0.4068 0.9682 0.0096 0.2932 0.1429 0.9453
1341847987.5268 -1.2084 -0.4001 0.9660 0.0122 0.2939 0.1459 0.9445
1341847987.5587 -1.2133 -0.4123 0.9869 0.0087 0.3005 0.1472 0.9423
1341847987.5908 -1.2191 -0.4082 0.9965 0.0146 0.3052 0.1494 0.9404
1341847987.6269 -1.2247 -0.4015 1.0015 0.0184 0.3070 0.1538 0.9390
1341847987.6589 -1.2296 -0.4031 1.0140 0.0176 0.3096 0.1567 0.9377
1341847987.6916 -1.2357 -0.4011 1.0251 0.0185 0.3117 0.1588 0.9366
1341847987.7267 -1.2410 -0.4043 1.0397 0.0184 0.3129 0.1606 0.9359
1341847987.7587 -1.2450 -0.4031 1.0471 0.0201 0.3130 0.1648 0.9351
1341847987.7947 -1.2505 -0.4018 1.0585 0.0212 0.3135 0.1688 0.9342
1341847987.8267 -1.2563 -0.4025 1.0700 0.0225 0.3137 0.1726 0.9334
1341847987.8659 -1.2606 -0.4061 1.0800 0.0217 0.3132 0.1742 0.9333
1341847987.8978 -1.2663 -0.4079 1.0921 0.0231 0.3138 0.1761 0.9327
1341847987.9337 -1.2718 -0.4119 1.1038 0.0241 0.3133 0.1769 0.9327
1341847987.9658 -1.2762 -0.4195 1.1119 0.0239 0.3139 0.1738 0.9331
1341847987.9978 -1.2823 -0.4193 1.1185 0.0263 0.3146 0.1718 0.9332
1341847988.0338 -1.2863 -0.4270 1.1306 0.0256 0.3168 0.1677 0.9332
1341847988.0657 -1.2918 -0.4272 1.1415 0.0297 0.3181 0.1645 0.9332
1341847988.0982 -1.2963 -0.4309 1.1463 0.0311 0.3187 0.1597 0.9338
1341847988.1338 -1.3003 -0.4336 1.1545 0.0320 0.3214 0.1561 0.9334
1341847988.1658 -1.3070 -0.4259 1.1618 0.0379 0.3226 0.1571 0.9326
1341847988.2017 -1.3123 -0.4212 1.1682 0.0394 0.3207 0.1612 0.9325
1341847988.2338 -1.3133 -0.4295 1.1764 0.0343 0.3201 0.1626 0.9327
1341847988.2657 -1.3144 -0.4352 1.1860 0.0324 0.3223 0.1620 0.9321
1341847988.3018 -1.3186 -0.4294 1.1903 0.0350 0.3232 0.1636 0.9314
1341847988.3337 -1.3221 -0.4276 1.1989 0.0341 0.3235 0.1672 0.9307
1341847988.3697 -1.3225 -0.4322 1.2087 0.0314 0.3244 0.1692 0.9301
1341847988.4017 -1.3268 -0.4271 1.2178 0.0348 0.3250 0.1736 0.9290
1341847988.4340 -1.3287 -0.4309 1.2247 0.0332 0.3244 0.1765 0.9287
1341847988.4697 -1.3299 -0.4364 1.2302 0.0321 0.3266 0.1748 0.9283
1341847988.5025 -1.3349 -0.4314 1.2322 0.0347 0.3289 0.1757 0.9272
1341847988.5378 -1.3403 -0.4250 1.2379 0.0369 0.3292 0.1808 0.9260
1341847988.5697 -1.3441 -0.4267 1.2436 0.0345 0.3282 0.1829 0.9261
1341847988.6018 -1.3473 -0.4300 1.2450 0.0306 0.3286 0.1818 0.9263
1341847988.6378 -1.3511 -0.4315 1.2494 0.0272 0.3312 0.1801 0.9258
1341847988.6698 -1.3559 -0.4312 1.2554 0.0259 0.3335 0.1789 0.9253
1341847988.7062 -1.3610 -0.4323 1.2581 0.0240 0.3348 0.1788 0.9248
1341847988.7379 -1.3660 -0.4328 1.2627 0.0239 0.3366 0.1810 0.9238
1341847988.7697 -1.3715 -0.4335 1.2680 0.0251 0.3371 0.1853 0.9227
1341847988.8061 -1.3771 -0.4378 1.2690 0.0248 0.3373 0.1872 0.9223
1341847988.8379 -1.3842 -0.4395 1.2666 0.0237 0.3382 0.1888 0.9216
1341847988.8739 -1.3896 -0.4442 1.2708 0.0206 0.3414 0.1889 0.9205
1341847988.9378 -1.4054 -0.4452 1.2743 0.0211 0.3453 0.1920 0.9184
1341847988.9987 -1.4219 -0.4506 1.2823 0.0191 0.3484 0.1974 0.9161
1341847989.0347 -1.4314 -0.4527 1.2823 0.0176 0.3481 0.1995 0.9158
1341847989.0667 -1.4376 -0.4617 1.2878 0.0130 0.3496 0.1990 0.9154
1341847989.0988 -1.4453 -0.4678 1.2951 0.0138 0.3514 0.1977 0.9150
1341847989.1347 -1.4559 -0.4704 1.2957 0.0176 0.3508 0.1983 0.9151
1341847989.1667 -1.4652 -0.4760 1.2977 0.0200 0.3505 0.1996 0.9148
1341847989.2027 -1.4770 -0.4780 1.2991 0.0242 0.3489 0.2004 0.9152
1341847989.2347 -1.4875 -0.4832 1.2996 0.0260 0.3462 0.2005 0.9161
1341847989.2667 -1.4981 -0.4902 1.2997 0.0257 0.3449 0.1984 0.9171
1341847989.3028 -1.5090 -0.4938 1.3002 0.0252 0.3434 0.1943 0.9185
1341847989.3349 -1.5202 -0.4983 1.3004 0.0236 0.3421 0.1905 0.9199
1341847989.3667 -1.5291 -0.5053 1.3002 0.0190 0.3415 0.1846 0.9214
1341847989.4028 -1.5370 -0.5113 1.3028 0.0157 0.3431 0.1791 0.9219
1341847989.4348 -1.5462 -0.5136 1.3064 0.0176 0.3439 0.1757 0.9222
1341847989.4707 -1.5581 -0.5165 1.3008 0.0170 0.3432 0.1736 0.9229
1341847989.5026 -1.5653 -0.5214 1.3024 0.0143 0.3443 0.1736 0.9226
1341847989.5347 -1.5731 -0.5244 1.3072 0.0157 0.3445 0.1754 0.9221
1341847989.5707 -1.5819 -0.5294 1.3023 0.0144 0.3434 0.1750 0.9226
1341847989.6028 -1.5862 -0.5384 1.3067 0.0102 0.3461 0.1735 0.9219
1341847989.6347 -1.5937 -0.5423 1.3077 0.0113 0.3498 0.1704 0.9211
1341847989.6706 -1.6053 -0.5400 1.3043 0.0131 0.3522 0.1704 0.9202
1341847989.7026 -1.6124 -0.5438 1.3075 0.0112 0.3538 0.1707 0.9196
1341847989.7389 -1.6206 -0.5475 1.3080 0.0102 0.3561 0.1693 0.9189
1341847989.7707 -1.6307 -0.5476 1.3073 0.0097 0.3581 0.1695 0.9181
1341847989.8029 -1.6396 -0.5490 1.3096 0.0084 0.3597 0.1701 0.9174
1341847989.8388 -1.6490 -0.5525 1.3111 0.0075 0.3612 0.1709 0.9167
1341847989.8710 -1.6574 -0.5574 1.3139 0.0070 0.3638 0.1692 0.9160
1341847989.9027 -1.6711 -0.5554 1.3126 0.0105 0.3659 0.1699 0.9149
1341847989.9389 -1.6851 -0.5546 1.3134 0.0133 0.3654 0.1743 0.9143
1341847989.9707 -1.6951 -0.5614 1.3152 0.0127 0.3644 0.1752 0.9145
1341847990.0069 -1.7079 -0.5662 1.3123 0.0118 0.3658 0.1740 0.9142
1341847990.0390 -1.7200 -0.5672 1.3143 0.0124 0.3680 0.1740 0.9133
1341847990.0707 -1.7324 -0.5688 1.3165 0.0136 0.3684 0.1733 0.9133
1341847990.1067 -1.7448 -0.5716 1.3143 0.0136 0.3685 0.1731 0.9133
1341847990.1392 -1.7557 -0.5744 1.3166 0.0140 0.3696 0.1741 0.9126
1341847990.1711 -1.7680 -0.5747 1.3184 0.0175 0.3689 0.1756 0.9126
1341847990.2070 -1.7816 -0.5761 1.3166 0.0200 0.3667 0.1767 0.9132
1341847990.2389 -1.7942 -0.5797 1.3150 0.0192 0.3658 0.1779 0.9133
1341847990.2747 -1.8033 -0.5834 1.3201 0.0201 0.3657 0.1787 0.9132
1341847990.3067 -1.8178 -0.5846 1.3173 0.0211 0.3647 0.1779 0.9137
1341847990.3391 -1.8286 -0.5868 1.3183 0.0195 0.3648 0.1778 0.9137
1341847990.3747 -1.8386 -0.5883 1.3221 0.0200 0.3650 0.1779 0.9136
1341847990.4068 -1.8523 -0.5878 1.3201 0.0204 0.3638 0.1779 0.9141
1341847990.4426 -1.8617 -0.5895 1.3217 0.0179 0.3635 0.1801 0.9138
1341847990.4746 -1.8676 -0.5929 1.3279 0.0170 0.3635 0.1802 0.9139
1341847990.5068 -1.8795 -0.5929 1.3253 0.0169 0.3635 0.1798 0.9139
1341847990.5428 -1.8888 -0.5923 1.3268 0.0160 0.3644 0.1830 0.9129
1341847990.5747 -1.8952 -0.5930 1.3318 0.0167 0.3643 0.1863 0.9123
1341847990.6428 -1.9122 -0.5984 1.3325 0.0136 0.3666 0.1870 0.9113
1341847990.6748 -1.9208 -0.5981 1.3350 0.0141 0.3685 0.1898 0.9099
1341847990.7108 -1.9298 -0.5986 1.3378 0.0161 0.3686 0.1935 0.9091
1341847990.7427 -1.9407 -0.5987 1.3357 0.0164 0.3679 0.1978 0.9084
1341847990.7747 -1.9435 -0.6031 1.3431 0.0149 0.3691 0.2005 0.9074
1341847990.8108 -1.9512 -0.6051 1.3449 0.0167 0.3712 0.2009 0.9064
1341847990.8427 -1.9615 -0.6062 1.3451 0.0170 0.3728 0.2027 0.9053
1341847990.8747 -1.9666 -0.6096 1.3490 0.0155 0.3744 0.2038 0.9045
1341847990.9108 -1.9730 -0.6120 1.3524 0.0154 0.3766 0.2042 0.9035
1341847990.9427 -1.9805 -0.6145 1.3542 0.0139 0.3790 0.2040 0.9025
1341847990.9788 -1.9852 -0.6179 1.3594 0.0123 0.3819 0.2043 0.9013
1341847991.0108 -1.9906 -0.6206 1.3642 0.0135 0.3839 0.2043 0.9004
1341847991.0428 -1.9985 -0.6229 1.3657 0.0141 0.3857 0.2052 0.8994
1341847991.0787 -2.0033 -0.6269 1.3711 0.0142 0.3878 0.2073 0.8980
1341847991.1113 -2.0099 -0.6300 1.3750 0.0162 0.3892 0.2094 0.8969
1341847991.1428 -2.0158 -0.6343 1.3789 0.0159 0.3907 0.2099 0.8961
1341847991.1788 -2.0219 -0.6379 1.3850 0.0158 0.3933 0.2108 0.8948
1341847991.2107 -2.0282 -0.6420 1.3925 0.0173 0.3957 0.2114 0.8935
1341847991.2468 -2.0377 -0.6443 1.3965 0.0180 0.3973 0.2108 0.8930
1341847991.2787 -2.0431 -0.6488 1.4045 0.0178 0.4000 0.2114 0.8916
1341847991.3108 -2.0521 -0.6502 1.4110 0.0214 0.4020 0.2137 0.8901
1341847991.3467 -2.0652 -0.6494 1.4154 0.0259 0.4006 0.2186 0.8894
1341847991.3788 -2.0737 -0.6529 1.4195 0.0258 0.3983 0.2248 0.8889
1341847991.4147 -2.0769 -0.6599 1.4269 0.0223 0.3990 0.2284 0.8878
1341847991.4467 -2.0827 -0.6645 1.4334 0.0197 0.4015 0.2287 0.8866
1341847991.4788 -2.0879 -0.6673 1.4397 0.0178 0.4044 0.2294 0.8852
1341847991.5147 -2.0940 -0.6704 1.4460 0.0171 0.4072 0.2315 0.8834
1341847991.5467 -2.1011 -0.6728 1.4501 0.0178 0.4088 0.2346 0.8818
1341847991.5788 -2.1067 -0.6757 1.4532 0.0182 0.4100 0.2395 0.8799
1341847991.6149 -2.1092 -0.6804 1.4583 0.0184 0.4122 0.2444 0.8775
1341847991.6467 -2.1103 -0.6850 1.4614 0.0194 0.4156 0.2485 0.8747
1341847991.6899 -2.1121 -0.6904 1.4642 0.0194 0.4208 0.2508 0.8716
1341847991.7468 -2.1247 -0.6960 1.4671 0.0216 0.4280 0.2551 0.8667
1341847991.7827 -2.1270 -0.7012 1.4704 0.0203 0.4307 0.2580 0.8646
1341847991.8147 -2.1258 -0.7087 1.4759 0.0183 0.4345 0.2588 0.8625
1341847991.8467 -2.1292 -0.7142 1.4787 0.0183 0.4391 0.2572 0.8606
1341847991.8828 -2.1385 -0.7159 1.4792 0.0190 0.4429 0.2577 0.8585
1341847991.9158 -2.1415 -0.7207 1.4851 0.0195 0.4448 0.2601 0.8568
1341847991.9508 -2.1458 -0.7275 1.4904 0.0190 0.4469 0.2604 0.8556
1341847991.9828 -2.1484 -0.7329 1.4948 0.0175 0.4500 0.2588 0.8546
1341847992.0147 -2.1535 -0.7374 1.4995 0.0167 0.4541 0.2579 0.8527
1341847992.0506 -2.1626 -0.7388 1.5035 0.0173 0.4564 0.2579 0.8514
1341847992.0828 -2.1668 -0.7449 1.5104 0.0158 0.4579 0.2581 0.8506
1341847992.1148 -2.1728 -0.7488 1.5151 0.0153 0.4600 0.2577 0.8495
1341847992.1508 -2.1799 -0.7533 1.5214 0.0155 0.4628 0.2580 0.8479
1341847992.1828 -2.1897 -0.7569 1.5269 0.0160 0.4644 0.2586 0.8469
1341847992.2187 -2.1937 -0.7621 1.5347 0.0159 0.4660 0.2599 0.8456
1341847992.2507 -2.2002 -0.7680 1.5408 0.0153 0.4694 0.2597 0.8438
1341847992.3187 -2.2166 -0.7755 1.5537 0.0167 0.4764 0.2613 0.8393
1341847992.3507 -2.2271 -0.7780 1.5577 0.0178 0.4787 0.2629 0.8375
1341847992.3829 -2.2343 -0.7816 1.5641 0.0186 0.4809 0.2657 0.8353
1341847992.4189 -2.2415 -0.7866 1.5692 0.0204 0.4832 0.2688 0.8329
1341847992.4508 -2.2531 -0.7910 1.5740 0.0212 0.4857 0.2709 0.8308
1341847992.4867 -2.2618 -0.7956 1.5797 0.0219 0.4876 0.2743 0.8286
1341847992.5187 -2.2686 -0.8033 1.5879 0.0219 0.4897 0.2762 0.8267
1341847992.5506 -2.2794 -0.8071 1.5937 0.0226 0.4916 0.2766 0.8254
1341847992.5867 -2.2902 -0.8112 1.6004 0.0217 0.4932 0.2776 0.8241
1341847992.6188 -2.2984 -0.8154 1.6067 0.0211 0.4945 0.2789 0.8229
1341847992.6547 -2.3083 -0.8195 1.6138 0.0207 0.4957 0.2808 0.8216
1341847992.6868 -2.3139 -0.8255 1.6228 0.0195 0.4968 0.2814 0.8207
1341847992.7187 -2.3208 -0.8302 1.6295 0.0198 0.4988 0.2809 0.8197
1341847992.7548 -2.3329 -0.8324 1.6362 0.0214 0.5006 0.2819 0.8182
1341847992.7866 -2.3400 -0.8372 1.6440 0.0213 0.5008 0.2833 0.8176
1341847992.8187 -2.3461 -0.8414 1.6491 0.0201 0.5015 0.2825 0.8175
1341847992.8549 -2.3537 -0.8434 1.6543 0.0186 0.5034 0.2824 0.8164
1341847992.8866 -2.3600 -0.8465 1.6610 0.0167 0.5048 0.2837 0.8151
1341847992.9227 -2.3637 -0.8513 1.6689 0.0159 0.5057 0.2849 0.8142
1341847992.9546 -2.3680 -0.8551 1.6744 0.0149 0.5069 0.2852 0.8133
1341847992.9867 -2.3701 -0.8589 1.6831 0.0151 0.5089 0.2863 0.8117
1341847993.0227 -2.3795 -0.8625 1.6884 0.0159 0.5101 0.2870 0.8107
1341847993.0548 -2.3824 -0.8664 1.6960 0.0149 0.5109 0.2881 0.8098
1341847993.0868 -2.3870 -0.8706 1.7032 0.0136 0.5122 0.2881 0.8090
1341847993.1227 -2.3919 -0.8738 1.7103 0.0115 0.5137 0.2878 0.8081
1341847993.1547 -2.3936 -0.8778 1.7184 0.0095 0.5155 0.2878 0.8070
1341847993.1908 -2.3946 -0.8819 1.7268 0.0092 0.5182 0.2881 0.8052
1341847993.2227 -2.3989 -0.8866 1.7350 0.0117 0.5207 0.2896 0.8030
1341847993.2618 -2.4042 -0.8904 1.7424 0.0149 0.5215 0.2917 0.8017
1341847993.3228 -2.4081 -0.9025 1.7580 0.0180 0.5247 0.2939 0.7988
1341847993.3547 -2.4144 -0.9071 1.7658 0.0185 0.5270 0.2947 0.7969
1341847993.3907 -2.4153 -0.9118 1.7748 0.0179 0.5292 0.2953 0.7953
1341847993.4227 -2.4181 -0.9168 1.7845 0.0173 0.5323 0.2957 0.7930
1341847993.4588 -2.4196 -0.9217 1.7948 0.0181 0.5350 0.2970 0.7907
1341847993.4907 -2.4247 -0.9259 1.8044 0.0200 0.5370 0.2989 0.7886
1341847993.5227 -2.4307 -0.9303 1.8132 0.0219 0.5378 0.3020 0.7868
1341847993.5587 -2.4345 -0.9349 1.8229 0.0222 0.5381 0.3063 0.7850
1341847993.5910 -2.4376 -0.9402 1.8331 0.0214 0.5381 0.3091 0.7839
1341847993.6268 -2.4417 -0.9449 1.8430 0.0199 0.5383 0.3110 0.7830
1341847993.6589 -2.4481 -0.9492 1.8518 0.0171 0.5385 0.3131 0.7821
1341847993.6907 -2.4480 -0.9539 1.8634 0.0128 0.5381 0.3156 0.7814
1341847993.7271 -2.4418 -0.9603 1.8729 0.0091 0.5392 0.3156 0.7808
1341847993.7909 -2.4474 -0.9693 1.8917 0.0059 0.5455 0.3141 0.7770
1341847993.8267 -2.4499 -0.9749 1.9010 0.0059 0.5456 0.3155 0.7763
1341847993.8589 -2.4525 -0.9813 1.9083 0.0041 0.5460 0.3156 0.7761
1341847993.9017 -2.4509 -0.9859 1.9173 0.0016 0.5474 0.3157 0.7750
1341847993.9337 -2.4513 -0.9934 1.9264 0.0018 0.5491 0.3159 0.7738
1341847993.9658 -2.4579 -1.0000 1.9305 0.0003 0.5499 0.3150 0.7736
1341847994.0020 -2.4521 -1.0052 1.9376 -0.0030 0.5526 0.3147 0.7718
1341847994.0340 -2.4497 -1.0130 1.9458 -0.0019 0.5562 0.3143 0.7693
1341847994.0657 -2.4587 -1.0189 1.9494 0.0003 0.5580 0.3140 0.7682
1341847994.1018 -2.4570 -1.0241 1.9564 0.0002 0.5598 0.3150 0.7664
1341847994.1339 -2.4561 -1.0308 1.9639 0.0018 0.5625 0.3146 0.7646
1341847994.1697 -2.4632 -1.0362 1.9690 0.0043 0.5650 0.3139 0.7631
1341847994.2017 -2.4666 -1.0401 1.9751 0.0064 0.5666 0.3162 0.7609
1341847994.2336 -2.4643 -1.0475 1.9833 0.0104 0.5683 0.3187 0.7585
1341847994.2697 -2.4733 -1.0537 1.9877 0.0135 0.5706 0.3178 0.7571
1341847994.3018 -2.4782 -1.0589 1.9940 0.0131 0.5727 0.3183 0.7553
1341847994.3338 -2.4769 -1.0663 2.0030 0.0147 0.5754 0.3188 0.7530
1341847994.3697 -2.4858 -1.0733 2.0106 0.0171 0.5780 0.3178 0.7514
1341847994.4017 -2.4907 -1.0794 2.0191 0.0187 0.5798 0.3185 0.7497
1341847994.4338 -2.4948 -1.0874 2.0285 0.0217 0.5813 0.3204 0.7476
1341847994.4697 -2.5026 -1.0942 2.0385 0.0243 0.5826 0.3210 0.7463
1341847994.5017 -2.5084 -1.1002 2.0488 0.0252 0.5838 0.3224 0.7447
1341847994.5377 -2.5120 -1.1071 2.0587 0.0268 0.5853 0.3239 0.7428
1341847994.5697 -2.5215 -1.1123 2.0677 0.0287 0.5865 0.3253 0.7412
1341847994.6017 -2.5276 -1.1172 2.0774 0.0278 0.5877 0.3277 0.7392
1341847994.6378 -2.5291 -1.1229 2.0885 0.0270 0.5890 0.3299 0.7372
1341847994.6697 -2.5351 -1.1291 2.0986 0.0275 0.5902 0.3310 0.7358
1341847994.7016 -2.5424 -1.1340 2.1071 0.0255 0.5909 0.3326 0.7345
1341847994.7698 -2.5436 -1.1454 2.1265 0.0240 0.5952 0.3342 0.7304
1341847994.8313 -2.5635 -1.1552 2.1426 0.0182 0.5990 0.3397 0.7249
1341847994.8668 -2.5609 -1.1606 2.1542 0.0160 0.5990 0.3433 0.7233
1341847994.8987 -2.5656 -1.1644 2.1614 0.0156 0.5990 0.3452 0.7223
1341847994.9307 -2.5686 -1.1675 2.1682 0.0125 0.6001 0.3456 0.7213
1341847994.9667 -2.5651 -1.1705 2.1769 0.0106 0.6023 0.3469 0.7189
1341847994.9987 -2.5694 -1.1752 2.1841 0.0121 0.6048 0.3482 0.7162
1341847995.0308 -2.5738 -1.1775 2.1902 0.0123 0.6069 0.3509 0.7130
1341847995.0667 -2.5684 -1.1819 2.1982 0.0125 0.6093 0.3532 0.7098
1341847995.0987 -2.5719 -1.1869 2.2037 0.0146 0.6127 0.3537 0.7066
1341847995.1349 -2.5778 -1.1908 2.2098 0.0147 0.6161 0.3545 0.7032
1341847995.1666 -2.5738 -1.1961 2.2176 0.0152 0.6187 0.3560 0.7002
1341847995.1988 -2.5775 -1.2010 2.2236 0.0170 0.6213 0.3556 0.6980
1341847995.2347 -2.5826 -1.2056 2.2302 0.0171 0.6237 0.3560 0.6957
1341847995.2668 -2.5798 -1.2103 2.2383 0.0172 0.6252 0.3572 0.6937
1341847995.2988 -2.5797 -1.2166 2.2437 0.0198 0.6274 0.3581 0.6912
1341847995.3347 -2.5888 -1.2207 2.2496 0.0202 0.6291 0.3582 0.6896
1341847995.3667 -2.5842 -1.2244 2.2571 0.0185 0.6306 0.3593 0.6877
1341847995.4028 -2.5858 -1.2302 2.2645 0.0184 0.6324 0.3590 0.6862
1341847995.4347 -2.5888 -1.2342 2.2732 0.0175 0.6335 0.3591 0.6851
1341847995.4668 -2.5846 -1.2378 2.2810 0.0166 0.6349 0.3596 0.6836
1341847995.5027 -2.5833 -1.2436 2.2906 0.0180 0.6363 0.3600 0.6821
1341847995.5348 -2.5876 -1.2499 2.2991 0.0210 0.6356 0.3619 0.6816
1341847995.5667 -2.5908 -1.2533 2.3060 0.0244 0.6342 0.3665 0.6804
1341847995.6027 -2.5917 -1.2569 2.3156 0.0259 0.6327 0.3710 0.6792
1341847995.6348 -2.5894 -1.2589 2.3222 0.0253 0.6317 0.3739 0.6786
1341847995.6708 -2.5884 -1.2617 2.3296 0.0232 0.6322 0.3758 0.6772
1341847995.7028 -2.5865 -1.2645 2.3365 0.0212 0.6329 0.3790 0.6748
1341847995.7348 -2.5782 -1.2675 2.3449 0.0206 0.6331 0.3818 0.6731
1341847995.7707 -2.5793 -1.2705 2.3503 0.0211 0.6333 0.3827 0.6723
1341847995.8028 -2.5771 -1.2723 2.3569 0.0205 0.6343 0.3841 0.6706
1341847995.8388 -2.5738 -1.2759 2.3632 0.0204 0.6352 0.3845 0.6695
1341847995.8706 -2.5764 -1.2791 2.3679 0.0212 0.6360 0.3843 0.6689
1341847995.9028 -2.5796 -1.2797 2.3726 0.0195 0.6374 0.3839 0.6678
1341847995.9387 -2.5719 -1.2824 2.3761 0.0183 0.6386 0.3853 0.6659
1341847995.9707 -2.5748 -1.2872 2.3792 0.0196 0.6408 0.3854 0.6637
1341847996.0027 -2.5790 -1.2891 2.3834 0.0181 0.6430 0.3850 0.6618
1341847996.0388 -2.5709 -1.2913 2.3843 0.0172 0.6445 0.3860 0.6598
1341847996.0707 -2.5703 -1.2959 2.3878 0.0192 0.6468 0.3857 0.6577
1341847996.1067 -2.5764 -1.2987 2.3909 0.0197 0.6488 0.3847 0.6563
1341847996.1388 -2.5728 -1.3003 2.3909 0.0192 0.6505 0.3852 0.6543
1341847996.1707 -2.5709 -1.3036 2.3934 0.0212 0.6537 0.3848 0.6513
1341847996.2066 -2.5785 -1.3066 2.3988 0.0212 0.6569 0.3822 0.6496
1341847996.2390 -2.5804 -1.3076 2.4009 0.0202 0.6585 0.3825 0.6478
1341847996.2708 -2.5798 -1.3105 2.4051 0.0208 0.6599 0.3846 0.6451
1341847996.3389 -2.5834 -1.3147 2.4124 0.0217 0.6624 0.3861 0.6416
1341847996.3747 -2.5831 -1.3160 2.4151 0.0210 0.6642 0.3870 0.6393
1341847996.4067 -2.5825 -1.3191 2.4185 0.0222 0.6661 0.3883 0.6364
1341847996.4386 -2.5879 -1.3218 2.4226 0.0234 0.6679 0.3895 0.6338
1341847996.4748 -2.5852 -1.3251 2.4276 0.0232 0.6692 0.3911 0.6313
1341847996.5067 -2.5841 -1.3296 2.4306 0.0256 0.6704 0.3922 0.6293
1341847996.5388 -2.5927 -1.3325 2.4373 0.0276 0.6725 0.3916 0.6274
1341847996.5748 -2.5969 -1.3353 2.4451 0.0262 0.6733 0.3928 0.6259
1341847996.6071 -2.5938 -1.3393 2.4507 0.0262 0.6740 0.3946 0.6240
1341847996.6428 -2.6044 -1.3405 2.4599 0.0263 0.6750 0.3953 0.6224
1341847996.6748 -2.6034 -1.3414 2.4663 0.0230 0.6746 0.3977 0.6215
1341847996.7069 -2.6020 -1.3426 2.4692 0.0214 0.6762 0.3989 0.6190
1341847996.7427 -2.6100 -1.3439 2.4793 0.0172 0.6799 0.3984 0.6154
1341847996.7747 -2.6057 -1.3459 2.4860 0.0127 0.6815 0.4002 0.6126
1341847996.8068 -2.6046 -1.3502 2.4926 0.0130 0.6831 0.4029 0.6090
1341847996.8428 -2.6093 -1.3543 2.5005 0.0132 0.6844 0.4048 0.6063
1341847996.8748 -2.6079 -1.3586 2.5090 0.0132 0.6846 0.4069 0.6046
1341847996.9108 -2.6094 -1.3655 2.5161 0.0152 0.6850 0.4080 0.6034
1341847996.9427 -2.6143 -1.3708 2.5261 0.0177 0.6853 0.4093 0.6021
1341847996.9748 -2.6132 -1.3760 2.5333 0.0195 0.6856 0.4097 0.6014
1341847997.0107 -2.6204 -1.3834 2.5444 0.0218 0.6870 0.4089 0.6003
1341847997.0427 -2.6239 -1.3886 2.5547 0.0225 0.6874 0.4088 0.5998
1341847997.0787 -2.6260 -1.3961 2.5639 0.0238 0.6878 0.4089 0.5993
1341847997.1430 -2.6321 -1.4066 2.5859 0.0226 0.6889 0.4067 0.5996
1341847997.1788 -2.6327 -1.4127 2.5947 0.0229 0.6891 0.4054 0.6002
1341847997.2109 -2.6393 -1.4183 2.6061 0.0225 0.6896 0.4039 0.6007
1341847997.2430 -2.6405 -1.4227 2.6151 0.0212 0.6895 0.4040 0.6007
1341847997.2788 -2.6408 -1.4278 2.6239 0.0206 0.6894 0.4050 0.6002
1341847997.3114 -2.6417 -1.4323 2.6320 0.0196 0.6896 0.4051 0.5999
1341847997.3466 -2.6380 -1.4367 2.6365 0.0188 0.6906 0.4053 0.5987
1341847997.3787 -2.6397 -1.4430 2.6446 0.0187 0.6931 0.4045 0.5963
1341847997.4108 -2.6371 -1.4484 2.6520 0.0182 0.6950 0.4046 0.5941
1341847997.4467 -2.6295 -1.4545 2.6570 0.0191 0.6969 0.4039 0.5923
1341847997.4788 -2.6381 -1.4619 2.6639 0.0203 0.7003 0.4019 0.5896
1341847997.5109 -2.6345 -1.4670 2.6718 0.0194 0.7027 0.4024 0.5865
1341847997.5466 -2.6278 -1.4728 2.6789 0.0191 0.7046 0.4023 0.5842
1341847997.5787 -2.6269 -1.4791 2.6866 0.0188 0.7070 0.4008 0.5824
1341847997.6147 -2.6248 -1.4845 2.6941 0.0174 0.7098 0.3995 0.5799
1341847997.6470 -2.6162 -1.4924 2.7016 0.0168 0.7120 0.3990 0.5775
1341847997.6788 -2.6125 -1.5016 2.7114 0.0188 0.7134 0.3982 0.5763
1341847997.7146 -2.6109 -1.5065 2.7204 0.0201 0.7147 0.3967 0.5758
1341847997.7466 -2.6045 -1.5132 2.7281 0.0206 0.7169 0.3955 0.5738
1341847997.7787 -2.6006 -1.5218 2.7395 0.0216 0.7198 0.3937 0.5714
1341847997.8469 -2.5949 -1.5366 2.7595 0.0253 0.7219 0.3941 0.5682
1341847997.8826 -2.5933 -1.5431 2.7710 0.0269 0.7231 0.3960 0.5653
1341847997.9152 -2.5862 -1.5502 2.7797 0.0280 0.7232 0.3986 0.5632
1341847997.9470 -2.5818 -1.5568 2.7898 0.0302 0.7235 0.4011 0.5611
1341847997.9827 -2.5753 -1.5633 2.7988 0.0312 0.7232 0.4032 0.5598
1341847998.0149 -2.5699 -1.5703 2.8070 0.0325 0.7236 0.4042 0.5585
1341847998.0508 -2.5650 -1.5768 2.8170 0.0338 0.7241 0.4051 0.5571
1341847998.0826 -2.5600 -1.5844 2.8287 0.0356 0.7233 0.4067 0.5569
1341847998.1223 -2.5585 -1.5908 2.8381 0.0371 0.7213 0.4086 0.5580
1341847998.1541 -2.5560 -1.5951 2.8473 0.0367 0.7206 0.4095 0.5582
1341847998.1857 -2.5488 -1.6013 2.8557 0.0345 0.7200 0.4093 0.5593
1341847998.2538 -2.5411 -1.6131 2.8720 0.0316 0.7196 0.4087 0.5604
1341847998.3188 -2.5317 -1.6266 2.8883 0.0310 0.7185 0.4072 0.5630
1341847998.3512 -2.5282 -1.6306 2.8992 0.0300 0.7177 0.4074 0.5640
1341847998.3827 -2.5220 -1.6367 2.9077 0.0290 0.7160 0.4075 0.5661
1341847998.4192 -2.5212 -1.6401 2.9182 0.0270 0.7158 0.4054 0.5679
1341847998.4508 -2.5162 -1.6459 2.9299 0.0236 0.7155 0.4046 0.5690
1341847998.4840 -2.5111 -1.6524 2.9385 0.0222 0.7137 0.4053 0.5709
1341847998.5187 -2.5095 -1.6569 2.9507 0.0202 0.7130 0.4045 0.5724
1341847998.5507 -2.5033 -1.6621 2.9598 0.0171 0.7123 0.4039 0.5738
1341847998.5867 -2.5003 -1.6681 2.9710 0.0157 0.7122 0.4035 0.5741
1341847998.6188 -2.4980 -1.6748 2.9833 0.0145 0.7118 0.4034 0.5748
1341847998.6507 -2.4993 -1.6789 2.9949 0.0122 0.7120 0.4029 0.5750
1341847998.6869 -2.4921 -1.6837 3.0051 0.0097 0.7122 0.4040 0.5739
1341847998.7187 -2.4873 -1.6907 3.0153 0.0109 0.7122 0.4051 0.5732
1341847998.7508 -2.4901 -1.6963 3.0293 0.0114 0.7122 0.4050 0.5732
1341847998.7868 -2.4868 -1.7000 3.0387 0.0111 0.7115 0.4068 0.5728
1341847998.8188 -2.4866 -1.7050 3.0494 0.0116 0.7130 0.4068 0.5710
1341847998.8547 -2.4853 -1.7105 3.0632 0.0097 0.7146 0.4062 0.5694
1341847998.8867 -2.4823 -1.7171 3.0738 0.0092 0.7143 0.4078 0.5687
1341847998.9187 -2.4821 -1.7222 3.0877 0.0108 0.7133 0.4109 0.5676
1341847998.9548 -2.4815 -1.7251 3.1005 0.0103 0.7124 0.4137 0.5668
1341847998.9867 -2.4750 -1.7292 3.1094 0.0093 0.7108 0.4162 0.5670
1341847999.0188 -2.4746 -1.7324 3.1184 0.0096 0.7102 0.4176 0.5666
1341847999.0549 -2.4729 -1.7367 3.1317 0.0090 0.7110 0.4189 0.5647
1341847999.0868 -2.4704 -1.7410 3.1418 0.0071 0.7095 0.4210 0.5651
1341847999.1227 -2.4671 -1.7445 3.1494 0.0064 0.7087 0.4228 0.5648
1341847999.1549 -2.4674 -1.7469 3.1582 0.0057 0.7098 0.4234 0.5630
1341847999.1867 -2.4620 -1.7509 3.1656 0.0051 0.7117 0.4246 0.5596
1341847999.2227 -2.4574 -1.7564 3.1715 0.0051 0.7141 0.4239 0.5570
1341847999.2910 -2.4517 -1.7668 3.1858 0.0093 0.7215 0.4233 0.5479
1341847999.3227 -2.4467 -1.7754 3.1946 0.0139 0.7227 0.4260 0.5440
1341847999.3549 -2.4449 -1.7785 3.2010 0.0185 0.7233 0.4273 0.5421
1341847999.3908 -2.4468 -1.7829 3.2103 0.0210 0.7259 0.4272 0.5387
1341847999.4239 -2.4414 -1.7856 3.2135 0.0215 0.7282 0.4277 0.5351
1341847999.4549 -2.4369 -1.7905 3.2192 0.0223 0.7316 0.4269 0.5310
1341847999.4909 -2.4366 -1.7940 3.2237 0.0237 0.7352 0.4265 0.5263
1341847999.5227 -2.4312 -1.7983 3.2288 0.0264 0.7388 0.4302 0.5180
1341847999.5589 -2.4231 -1.8038 3.2358 0.0303 0.7411 0.4337 0.5116
1341847999.5907 -2.4212 -1.8057 3.2433 0.0322 0.7433 0.4342 0.5079
1341847999.6229 -2.4167 -1.8075 3.2484 0.0318 0.7460 0.4351 0.5031
1341847999.6588 -2.4030 -1.8102 3.2496 0.0325 0.7482 0.4372 0.4980
1341847999.6911 -2.4000 -1.8144 3.2589 0.0343 0.7511 0.4369 0.4937
1341847999.7227 -2.3917 -1.8154 3.2640 0.0336 0.7527 0.4382 0.4902
1341847999.7588 -2.3783 -1.8177 3.2634 0.0346 0.7543 0.4397 0.4863
1341847999.7910 -2.3717 -1.8203 3.2703 0.0368 0.7573 0.4394 0.4818
1341847999.8267 -2.3666 -1.8240 3.2768 0.0375 0.7592 0.4404 0.4778
1341847999.8588 -2.3587 -1.8256 3.2800 0.0390 0.7608 0.4440 0.4718
1341847999.8977 -2.3511 -1.8276 3.2862 0.0406 0.7622 0.4484 0.4652
1341847999.9588 -2.3355 -1.8266 3.2941 0.0411 0.7635 0.4569 0.4546
1341847999.9908 -2.3242 -1.8265 3.2971 0.0409 0.7638 0.4620 0.4488
1341848000.0267 -2.3133 -1.8258 3.2987 0.0412 0.7641 0.4655 0.4447
1341848000.0587 -2.3084 -1.8264 3.3043 0.0399 0.7650 0.4680 0.4406
1341848000.0948 -2.3004 -1.8258 3.3052 0.0378 0.7651 0.4722 0.4361
1341848000.1267 -2.2923 -1.8247 3.3071 0.0359 0.7663 0.4754 0.4308
1341848000.1586 -2.2848 -1.8241 3.3108 0.0325 0.7675 0.4780 0.4259
1341848000.1948 -2.2737 -1.8240 3.3099 0.0303 0.7676 0.4816 0.4218
1341848000.2271 -2.2673 -1.8239 3.3116 0.0296 0.7679 0.4843 0.4182
1341848000.2670 -2.2588 -1.8220 3.3119 0.0280 0.7679 0.4871 0.4151
1341848000.3271 -2.2453 -1.8219 3.3159 0.0268 0.7689 0.4917 0.4078
1341848000.3627 -2.2360 -1.8210 3.3178 0.0256 0.7681 0.4946 0.4059
1341848000.3947 -2.2271 -1.8177 3.3173 0.0257 0.7683 0.4963 0.4035
1341848000.4268 -2.2213 -1.8184 3.3201 0.0256 0.7690 0.4976 0.4006
1341848000.4627 -2.2134 -1.8162 3.3221 0.0244 0.7691 0.4990 0.3987
1341848000.4947 -2.2030 -1.8122 3.3195 0.0234 0.7699 0.4996 0.3964
1341848000.5308 -2.1945 -1.8135 3.3208 0.0233 0.7712 0.4998 0.3935
1341848000.5628 -2.1854 -1.8130 3.3212 0.0237 0.7718 0.5000 0.3921
1341848000.5948 -2.1766 -1.8111 3.3203 0.0246 0.7735 0.4998 0.3889
1341848000.6306 -2.1679 -1.8121 3.3212 0.0248 0.7754 0.4992 0.3858
1341848000.6627 -2.1585 -1.8122 3.3199 0.0256 0.7773 0.4985 0.3828
1341848000.6954 -2.1507 -1.8137 3.3240 0.0262 0.7802 0.4977 0.3780
1341848000.7308 -2.1404 -1.8150 3.3264 0.0268 0.7822 0.4977 0.3738
1341848000.7627 -2.1307 -1.8162 3.3268 0.0286 0.7839 0.4978 0.3700
1341848000.7987 -2.1215 -1.8189 3.3283 0.0313 0.7854 0.4983 0.3659
1341848000.8307 -2.1111 -1.8188 3.3294 0.0337 0.7866 0.4983 0.3630
1341848000.8628 -2.1020 -1.8218 3.3316 0.0348 0.7891 0.4972 0.3591
1341848000.8987 -2.0940 -1.8252 3.3344 0.0361 0.7906 0.4977 0.3548
1341848000.9307 -2.0841 -1.8273 3.3368 0.0383 0.7909 0.4990 0.3522
1341848000.9632 -2.0731 -1.8278 3.3389 0.0390 0.7916 0.4994 0.3499
1341848000.9988 -2.0623 -1.8286 3.3411 0.0387 0.7928 0.4988 0.3480
1341848001.0307 -2.0524 -1.8314 3.3437 0.0400 0.7937 0.4994 0.3451
1341848001.0670 -2.0415 -1.8336 3.3473 0.0416 0.7941 0.5005 0.3424
1341848001.0988 -2.0303 -1.8336 3.3484 0.0433 0.7942 0.5017 0.3400
1341848001.1307 -2.0192 -1.8328 3.3498 0.0445 0.7952 0.5021 0.3371
1341848001.2060 -1.9989 -1.8330 3.3561 0.0425 0.7980 0.5010 0.3323
1341848001.2668 -1.9787 -1.8290 3.3604 0.0357 0.8016 0.4990 0.3273
1341848001.2991 -1.9688 -1.8273 3.3628 0.0340 0.8036 0.4985 0.3234
1341848001.3348 -1.9583 -1.8253 3.3649 0.0325 0.8058 0.4986 0.3180
1341848001.3667 -1.9487 -1.8233 3.3669 0.0290 0.8082 0.4977 0.3134
1341848001.3993 -1.9400 -1.8203 3.3655 0.0266 0.8098 0.4979 0.3093
1341848001.4347 -1.9304 -1.8170 3.3644 0.0265 0.8117 0.4985 0.3032
1341848001.4667 -1.9222 -1.8168 3.3648 0.0243 0.8136 0.4991 0.2971
1341848001.5027 -1.9129 -1.8120 3.3655 0.0208 0.8156 0.4996 0.2912
1341848001.5349 -1.9006 -1.8061 3.3630 0.0193 0.8180 0.4994 0.2847
1341848001.5670 -1.8936 -1.8057 3.3614 0.0187 0.8214 0.4980 0.2774
1341848001.6029 -1.8892 -1.8056 3.3618 0.0163 0.8236 0.4987 0.2698
1341848001.6347 -1.8783 -1.7977 3.3587 0.0159 0.8255 0.4992 0.2630
1341848001.6666 -1.8692 -1.7960 3.3559 0.0164 0.8278 0.4981 0.2577
1341848001.7349 -1.8526 -1.7913 3.3526 0.0146 0.8305 0.4984 0.2481
1341848001.7707 -1.8410 -1.7882 3.3491 0.0163 0.8329 0.4970 0.2429
1341848001.8028 -1.8368 -1.7909 3.3492 0.0171 0.8344 0.4967 0.2382
1341848001.8348 -1.8285 -1.7888 3.3475 0.0157 0.8349 0.4990 0.2318
1341848001.8707 -1.8144 -1.7831 3.3429 0.0168 0.8361 0.4994 0.2262
1341848001.9027 -1.8091 -1.7879 3.3430 0.0147 0.8374 0.4989 0.2228
1341848001.9347 -1.8015 -1.7834 3.3418 0.0158 0.8373 0.5016 0.2171
1341848001.9707 -1.7879 -1.7799 3.3369 0.0189 0.8377 0.5027 0.2127
1341848002.0027 -1.7823 -1.7832 3.3345 0.0211 0.8382 0.5035 0.2087
1341848002.0389 -1.7732 -1.7801 3.3324 0.0227 0.8382 0.5052 0.2042
1341848002.0708 -1.7630 -1.7777 3.3270 0.0244 0.8390 0.5059 0.1991
1341848002.1027 -1.7542 -1.7761 3.3274 0.0264 0.8401 0.5055 0.1953
1341848002.1387 -1.7461 -1.7772 3.3223 0.0253 0.8399 0.5064 0.1938
1341848002.1718 -1.7378 -1.7734 3.3199 0.0254 0.8404 0.5074 0.1887
1341848002.2027 -1.7271 -1.7703 3.3192 0.0269 0.8412 0.5078 0.1837
1341848002.2387 -1.7183 -1.7683 3.3163 0.0265 0.8415 0.5083 0.1810
1341848002.2708 -1.7088 -1.7667 3.3150 0.0230 0.8420 0.5091 0.1770
1341848002.3067 -1.7004 -1.7626 3.3150 0.0209 0.8422 0.5099 0.1736
1341848002.3389 -1.6934 -1.7585 3.3134 0.0200 0.8422 0.5113 0.1697
1341848002.3708 -1.6863 -1.7555 3.3122 0.0186 0.8419 0.5137 0.1643
1341848002.4068 -1.6774 -1.7488 3.3115 0.0200 0.8417 0.5150 0.1607
1341848002.4388 -1.6697 -1.7483 3.3083 0.0186 0.8423 0.5150 0.1580
1341848002.4747 -1.6640 -1.7465 3.3098 0.0172 0.8420 0.5166 0.1547
1341848002.5068 -1.6528 -1.7378 3.3060 0.0172 0.8413 0.5184 0.1520
1341848002.5388 -1.6476 -1.7375 3.3045 0.0157 0.8413 0.5194 0.1490
1341848002.5747 -1.6407 -1.7352 3.3064 0.0132 0.8405 0.5217 0.1458
1341848002.6068 -1.6327 -1.7267 3.3042 0.0124 0.8397 0.5232 0.1446
1341848002.6394 -1.6249 -1.7246 3.3039 0.0092 0.8398 0.5236 0.1431
1341848002.6747 -1.6185 -1.7231 3.3069 0.0070 0.8388 0.5257 0.1414
1341848002.7138 -1.6093 -1.7137 3.3067 0.0075 0.8378 0.5274 0.1410
1341848002.7748 -1.5969 -1.7098 3.3084 0.0045 0.8356 0.5313 0.1392
1341848002.8068 -1.5877 -1.7000 3.3071 0.0068 0.8354 0.5322 0.1374
1341848002.8428 -1.5790 -1.6982 3.3089 0.0088 0.8363 0.5307 0.1377
1341848002.8752 -1.5711 -1.6951 3.3092 0.0101 0.8367 0.5296 0.1391
1341848002.9067 -1.5623 -1.6925 3.3096 0.0116 0.8372 0.5287 0.1397
1341848002.9433 -1.5545 -1.6937 3.3128 0.0130 0.8378 0.5265 0.1440
1341848002.9746 -1.5445 -1.6921 3.3126 0.0119 0.8375 0.5257 0.1487
1341848003.0109 -1.5333 -1.6873 3.3089 0.0112 0.8375 0.5252 0.1502
1341848003.0426 -1.5250 -1.6871 3.3100 0.0121 0.8392 0.5222 0.1514
1341848003.0750 -1.5190 -1.6905 3.3137 0.0112 0.8395 0.5209 0.1544
1341848003.1106 -1.5091 -1.6865 3.3130 0.0100 0.8388 0.5214 0.1561
1341848003.1426 -1.4997 -1.6855 3.3112 0.0073 0.8395 0.5201 0.1569
1341848003.2429 -1.4758 -1.6835 3.3150 -0.0007 0.8412 0.5177 0.1562
1341848003.2789 -1.4660 -1.6796 3.3152 -0.0027 0.8412 0.5169 0.1585
1341848003.3107 -1.4581 -1.6768 3.3153 -0.0053 0.8416 0.5160 0.1597
1341848003.3427 -1.4483 -1.6728 3.3154 -0.0078 0.8422 0.5144 0.1616
1341848003.3790 -1.4391 -1.6720 3.3159 -0.0108 0.8431 0.5117 0.1651
1341848003.4108 -1.4317 -1.6730 3.3199 -0.0126 0.8432 0.5099 0.1698
1341848003.4427 -1.4216 -1.6688 3.3199 -0.0125 0.8426 0.5093 0.1747
1341848003.4787 -1.4171 -1.6721 3.3244 -0.0108 0.8420 0.5077 0.1820
1341848003.5107 -1.4065 -1.6697 3.3244 -0.0136 0.8403 0.5071 0.1913
1341848003.5469 -1.3996 -1.6640 3.3230 -0.0134 0.8394 0.5065 0.1965
1341848003.5787 -1.3914 -1.6606 3.3213 -0.0113 0.8387 0.5059 0.2012
1341848003.6179 -1.3838 -1.6590 3.3209 -0.0102 0.8378 0.5044 0.2087
1341848003.6500 -1.3758 -1.6561 3.3208 -0.0098 0.8371 0.5031 0.2149
1341848003.6858 -1.3661 -1.6534 3.3178 -0.0108 0.8367 0.5016 0.2196
1341848003.7179 -1.3598 -1.6520 3.3171 -0.0127 0.8366 0.4988 0.2261
1341848003.7538 -1.3557 -1.6491 3.3174 -0.0140 0.8357 0.4972 0.2326
1341848003.7858 -1.3474 -1.6447 3.3139 -0.0128 0.8345 0.4970 0.2376
1341848003.8179 -1.3541 -1.6350 3.3115 -0.0096 0.8331 0.4932 0.2501
1341848003.8540 -1.3465 -1.6277 3.3069 -0.0105 0.8318 0.4931 0.2545
1341848003.8858 -1.3395 -1.6237 3.3035 -0.0121 0.8316 0.4920 0.2573
1341848003.9217 -1.3313 -1.6220 3.3004 -0.0122 0.8303 0.4916 0.2624
1341848003.9538 -1.3262 -1.6146 3.2990 -0.0115 0.8293 0.4903 0.2677
1341848003.9858 -1.3175 -1.6100 3.2924 -0.0114 0.8277 0.4919 0.2697
1341848004.0216 -1.3089 -1.6053 3.2869 -0.0097 0.8270 0.4908 0.2741
1341848004.0538 -1.3026 -1.6007 3.2880 -0.0106 0.8272 0.4888 0.2768
1341848004.0897 -1.2927 -1.5965 3.2799 -0.0100 0.8249 0.4917 0.2787
1341848004.1217 -1.2873 -1.5896 3.2739 -0.0083 0.8238 0.4900 0.2850
1341848004.1537 -1.2785 -1.5857 3.2718 -0.0082 0.8229 0.4894 0.2884
1341848004.1898 -1.2715 -1.5804 3.2677 -0.0059 0.8213 0.4895 0.2929
1341848004.2218 -1.2645 -1.5743 3.2642 -0.0064 0.8195 0.4892 0.2984
1341848004.2578 -1.2563 -1.5681 3.2604 -0.0083 0.8183 0.4880 0.3036
1341848004.2898 -1.2464 -1.5669 3.2596 -0.0097 0.8171 0.4877 0.3072
1341848004.3218 -1.2379 -1.5631 3.2580 -0.0109 0.8145 0.4875 0.3144
1341848004.3579 -1.2295 -1.5571 3.2570 -0.0120 0.8126 0.4862 0.3211
1341848004.3898 -1.2216 -1.5514 3.2568 -0.0151 0.8108 0.4850 0.3273
1341848004.4219 -1.2118 -1.5473 3.2547 -0.0178 0.8085 0.4848 0.3332
1341848004.4578 -1.2057 -1.5416 3.2555 -0.0198 0.8067 0.4827 0.3404
1341848004.4898 -1.1976 -1.5375 3.2555 -0.0225 0.8043 0.4827 0.3458
1341848004.5257 -1.1897 -1.5344 3.2567 -0.0242 0.8021 0.4831 0.3503
1341848004.5578 -1.1825 -1.5305 3.2567 -0.0242 0.7991 0.4845 0.3552
1341848004.5898 -1.1764 -1.5255 3.2577 -0.0261 0.7966 0.4859 0.3587
1341848004.6258 -1.1691 -1.5204 3.2545 -0.0274 0.7934 0.4873 0.3636
1341848004.6579 -1.1644 -1.5166 3.2587 -0.0295 0.7923 0.4862 0.3674
1341848004.6899 -1.1569 -1.5144 3.2596 -0.0321 0.7892 0.4894 0.3696
1341848004.7258 -1.1510 -1.5094 3.2561 -0.0318 0.7857 0.4913 0.3745
1341848004.7577 -1.1476 -1.5055 3.2582 -0.0336 0.7845 0.4897 0.3790
1341848004.7897 -1.1418 -1.5034 3.2602 -0.0365 0.7826 0.4910 0.3811
1341848004.8258 -1.1355 -1.5016 3.2589 -0.0358 0.7801 0.4926 0.3841
1341848004.8577 -1.1332 -1.4984 3.2621 -0.0364 0.7789 0.4915 0.3879
1341848004.8898 -1.1291 -1.4945 3.2596 -0.0364 0.7762 0.4932 0.3910
1341848004.9258 -1.1248 -1.4946 3.2617 -0.0373 0.7749 0.4933 0.3933
1341848004.9578 -1.1217 -1.4934 3.2622 -0.0371 0.7730 0.4938 0.3965
1341848004.9938 -1.1204 -1.4908 3.2621 -0.0364 0.7708 0.4941 0.4005
1341848005.0257 -1.1174 -1.4890 3.2617 -0.0375 0.7691 0.4940 0.4038
1341848005.0577 -1.1136 -1.4884 3.2617 -0.0392 0.7679 0.4926 0.4076
1341848005.0939 -1.1129 -1.4874 3.2668 -0.0395 0.7682 0.4903 0.4098
1341848005.1257 -1.1075 -1.4884 3.2681 -0.0408 0.7660 0.4918 0.4120
1341848005.1577 -1.1041 -1.4894 3.2682 -0.0384 0.7640 0.4920 0.4156
1341848005.1937 -1.1044 -1.4862 3.2684 -0.0370 0.7623 0.4906 0.4204
1341848005.2257 -1.1022 -1.4841 3.2695 -0.0375 0.7614 0.4895 0.4233
1341848005.2577 -1.0963 -1.4870 3.2716 -0.0393 0.7606 0.4887 0.4255
1341848005.2937 -1.0959 -1.4846 3.2739 -0.0383 0.7593 0.4863 0.4307
1341848005.3259 -1.0929 -1.4822 3.2760 -0.0393 0.7579 0.4860 0.4334
1341848005.3577 -1.0864 -1.4861 3.2774 -0.0403 0.7562 0.4863 0.4360
1341848005.3937 -1.0850 -1.4864 3.2805 -0.0387 0.7548 0.4843 0.4406
1341848005.4257 -1.0852 -1.4817 3.2820 -0.0370 0.7530 0.4838 0.4446
1341848005.4618 -1.0784 -1.4831 3.2826 -0.0388 0.7512 0.4842 0.4470
1341848005.4937 -1.0772 -1.4834 3.2887 -0.0382 0.7506 0.4819 0.4505
1341848005.5258 -1.0744 -1.4815 3.2867 -0.0380 0.7473 0.4835 0.4542
1341848005.5618 -1.0693 -1.4835 3.2874 -0.0390 0.7456 0.4833 0.4571
1341848005.5937 -1.0668 -1.4830 3.2896 -0.0390 0.7444 0.4818 0.4606
1341848005.6298 -1.0635 -1.4837 3.2902 -0.0394 0.7427 0.4812 0.4641
1341848005.6618 -1.0594 -1.4841 3.2928 -0.0401 0.7418 0.4796 0.4670
1341848005.6938 -1.0548 -1.4866 3.2943 -0.0400 0.7404 0.4786 0.4703
1341848005.7297 -1.0533 -1.4869 3.2946 -0.0389 0.7391 0.4765 0.4745
1341848005.7617 -1.0490 -1.4880 3.2965 -0.0396 0.7387 0.4744 0.4771
1341848005.7979 -1.0437 -1.4912 3.3003 -0.0386 0.7381 0.4729 0.4796
1341848005.8299 -1.0434 -1.4906 3.3025 -0.0362 0.7364 0.4711 0.4842
1341848005.8617 -1.0406 -1.4913 3.3027 -0.0362 0.7346 0.4707 0.4873
1341848005.8978 -1.0363 -1.4938 3.3053 -0.0357 0.7341 0.4688 0.4900
1341848005.9297 -1.0350 -1.4944 3.3101 -0.0340 0.7334 0.4662 0.4935
1341848005.9657 -1.0325 -1.4941 3.3109 -0.0342 0.7317 0.4652 0.4970
1341848005.9978 -1.0277 -1.4976 3.3130 -0.0340 0.7310 0.4641 0.4991
1341848006.0298 -1.0245 -1.5006 3.3161 -0.0326 0.7303 0.4606 0.5034
1341848006.0658 -1.0246 -1.4998 3.3213 -0.0321 0.7301 0.4559 0.5080
1341848006.0979 -1.0201 -1.5046 3.3174 -0.0307 0.7284 0.4557 0.5107
1341848006.1337 -1.0200 -1.5082 3.3187 -0.0274 0.7291 0.4516 0.5136
1341848006.1658 -1.0180 -1.5094 3.3227 -0.0232 0.7291 0.4493 0.5157
1341848006.1976 -1.0168 -1.5111 3.3233 -0.0195 0.7278 0.4483 0.5187
1341848006.2338 -1.0118 -1.5121 3.3245 -0.0168 0.7266 0.4456 0.5226
1341848006.2658 -1.0113 -1.5126 3.3262 -0.0142 0.7262 0.4421 0.5264
1341848006.3018 -1.0081 -1.5150 3.3301 -0.0123 0.7255 0.4407 0.5285
1341848006.3337 -1.0045 -1.5170 3.3328 -0.0092 0.7235 0.4395 0.5324
1341848006.3660 -1.0049 -1.5140 3.3344 -0.0084 0.7217 0.4362 0.5374
1341848006.4018 -0.9992 -1.5159 3.3364 -0.0099 0.7210 0.4364 0.5381
1341848006.4337 -0.9950 -1.5201 3.3404 -0.0090 0.7204 0.4357 0.5396
1341848006.4697 -0.9940 -1.5196 3.3433 -0.0080 0.7187 0.4352 0.5422
1341848006.5017 -0.9897 -1.5220 3.3453 -0.0085 0.7174 0.4364 0.5430
1341848006.5337 -0.9846 -1.5253 3.3463 -0.0079 0.7161 0.4362 0.5449
1341848006.5697 -0.9838 -1.5265 3.3516 -0.0076 0.7164 0.4344 0.5459
1341848006.6018 -0.9793 -1.5289 3.3540 -0.0077 0.7156 0.4354 0.5462
1341848006.6378 -0.9750 -1.5351 3.3559 -0.0067 0.7151 0.4354 0.5469
1341848006.6701 -0.9747 -1.5344 3.3624 -0.0062 0.7157 0.4329 0.5481
1341848006.7018 -0.9687 -1.5375 3.3643 -0.0073 0.7153 0.4341 0.5477
1341848006.7378 -0.9649 -1.5437 3.3678 -0.0059 0.7157 0.4341 0.5471
1341848006.7697 -0.9620 -1.5465 3.3722 -0.0040 0.7156 0.4344 0.5470
1341848006.8019 -0.9596 -1.5517 3.3752 -0.0019 0.7157 0.4350 0.5465
1341848006.8376 -0.9560 -1.5551 3.3794 -0.0009 0.7162 0.4353 0.5455
1341848006.8707 -0.9526 -1.5612 3.3821 0.0011 0.7167 0.4357 0.5444
1341848006.9018 -0.9507 -1.5646 3.3864 0.0026 0.7179 0.4350 0.5434
1341848006.9377 -0.9478 -1.5704 3.3886 0.0039 0.7192 0.4351 0.5416
1341848006.9697 -0.9466 -1.5752 3.3945 0.0052 0.7219 0.4344 0.5386
1341848007.0058 -0.9438 -1.5815 3.3988 0.0075 0.7234 0.4361 0.5352
1341848007.0378 -0.9429 -1.5859 3.4040 0.0106 0.7249 0.4377 0.5318
1341848007.0697 -0.9421 -1.5893 3.4092 0.0113 0.7267 0.4394 0.5280
1341848007.1057 -0.9390 -1.5946 3.4130 0.0110 0.7284 0.4416 0.5238
1341848007.1379 -0.9378 -1.6016 3.4188 0.0114 0.7305 0.4424 0.5201
1341848007.1697 -0.9380 -1.6055 3.4261 0.0118 0.7323 0.4433 0.5167
1341848007.2057 -0.9359 -1.6107 3.4311 0.0118 0.7335 0.4459 0.5129
1341848007.2379 -0.9349 -1.6189 3.4385 0.0131 0.7350 0.4480 0.5088
1341848007.2989 -0.9318 -1.6288 3.4478 0.0159 0.7348 0.4535 0.5042
1341848007.3314 -0.9313 -1.6346 3.4537 0.0170 0.7366 0.4527 0.5022
1341848007.3667 -0.9291 -1.6406 3.4593 0.0161 0.7383 0.4512 0.5010
1341848007.3987 -0.9280 -1.6476 3.4672 0.0161 0.7401 0.4496 0.4998
1341848007.4348 -0.9255 -1.6560 3.4715 0.0176 0.7405 0.4496 0.4993
1341848007.4667 -0.9273 -1.6593 3.4796 0.0182 0.7421 0.4472 0.4989
1341848007.4988 -0.9252 -1.6634 3.4853 0.0177 0.7430 0.4490 0.4961
1341848007.5348 -0.9198 -1.6749 3.4907 0.0182 0.7431 0.4513 0.4938
1341848007.5667 -0.9202 -1.6781 3.4969 0.0198 0.7435 0.4509 0.4935
1341848007.5987 -0.9176 -1.6789 3.4991 0.0181 0.7447 0.4512 0.4915
1341848007.6348 -0.9127 -1.6899 3.5047 0.0165 0.7471 0.4522 0.4869
1341848007.6667 -0.9130 -1.6958 3.5139 0.0196 0.7483 0.4550 0.4823
1341848007.7028 -0.9092 -1.6987 3.5169 0.0214 0.7476 0.4618 0.4769
1341848007.7346 -0.8982 -1.7080 3.5113 0.0230 0.7472 0.4669 0.4724
1341848007.7669 -0.8995 -1.7123 3.5203 0.0248 0.7517 0.4630 0.4690
1341848007.8029 -0.8975 -1.7158 3.5297 0.0230 0.7542 0.4636 0.4645
1341848007.8350 -0.8904 -1.7234 3.5316 0.0238 0.7545 0.4678 0.4597
1341848007.8667 -0.8884 -1.7247 3.5368 0.0251 0.7565 0.4686 0.4554
1341848007.9028 -0.8865 -1.7252 3.5417 0.0225 0.7591 0.4702 0.4496
1341848007.9349 -0.8762 -1.7376 3.5441 0.0225 0.7604 0.4761 0.4411
1341848007.9707 -0.8720 -1.7476 3.5503 0.0269 0.7609 0.4781 0.4378
1341848008.0027 -0.8714 -1.7466 3.5566 0.0297 0.7622 0.4788 0.4347
1341848008.0348 -0.8654 -1.7493 3.5613 0.0292 0.7636 0.4818 0.4289
1341848008.0708 -0.8596 -1.7576 3.5678 0.0288 0.7650 0.4837 0.4243
1341848008.1032 -0.8551 -1.7582 3.5719 0.0291 0.7656 0.4853 0.4213
1341848008.1388 -0.8489 -1.7616 3.5757 0.0279 0.7673 0.4864 0.4169
1341848008.1711 -0.8429 -1.7674 3.5821 0.0275 0.7692 0.4872 0.4125
1341848008.2027 -0.8374 -1.7721 3.5901 0.0287 0.7705 0.4893 0.4075
1341848008.2387 -0.8322 -1.7734 3.5962 0.0295 0.7708 0.4920 0.4036
1341848008.2707 -0.8261 -1.7768 3.6008 0.0293 0.7711 0.4955 0.3989
1341848008.3027 -0.8200 -1.7813 3.6068 0.0290 0.7717 0.4983 0.3941
1341848008.3388 -0.8131 -1.7861 3.6112 0.0291 0.7719 0.5012 0.3901
1341848008.3707 -0.8068 -1.7877 3.6170 0.0284 0.7728 0.5022 0.3870
1341848008.4389 -0.7947 -1.8002 3.6243 0.0293 0.7742 0.5066 0.3782
1341848008.4708 -0.7901 -1.8039 3.6313 0.0303 0.7753 0.5076 0.3746
1341848008.5069 -0.7851 -1.8074 3.6329 0.0310 0.7756 0.5102 0.3703
1341848008.5388 -0.7787 -1.8164 3.6365 0.0321 0.7768 0.5122 0.3650
1341848008.5707 -0.7744 -1.8222 3.6433 0.0345 0.7774 0.5133 0.3618
1341848008.6067 -0.7700 -1.8246 3.6470 0.0364 0.7776 0.5159 0.3577
1341848008.6387 -0.7633 -1.8313 3.6475 0.0380 0.7778 0.5183 0.3533
1341848008.6746 -0.7589 -1.8360 3.6529 0.0392 0.7789 0.5188 0.3501
1341848008.7068 -0.7532 -1.8380 3.6530 0.0395 0.7798 0.5198 0.3466
1341848008.7387 -0.7484 -1.8446 3.6593 0.0387 0.7823 0.5189 0.3424
1341848008.7751 -0.7437 -1.8488 3.6626 0.0376 0.7830 0.5192 0.3405
1341848008.8069 -0.7383 -1.8527 3.6639 0.0368 0.7842 0.5193 0.3376
1341848008.8388 -0.7341 -1.8575 3.6705 0.0349 0.7861 0.5184 0.3347
1341848008.8746 -0.7294 -1.8621 3.6730 0.0346 0.7865 0.5200 0.3315
1341848008.9067 -0.7241 -1.8650 3.6751 0.0353 0.7869 0.5214 0.3281
1341848008.9431 -0.7202 -1.8661 3.6769 0.0344 0.7883 0.5217 0.3244
1341848008.9747 -0.7134 -1.8726 3.6820 0.0320 0.7899 0.5221 0.3200
1341848009.0068 -0.7074 -1.8780 3.6879 0.0326 0.7906 0.5229 0.3171
1341848009.0427 -0.7040 -1.8780 3.6956 0.0315 0.7914 0.5231 0.3148
1341848009.1108 -0.6918 -1.8824 3.6966 0.0301 0.7922 0.5258 0.3082
1341848009.1427 -0.6891 -1.8811 3.6995 0.0278 0.7945 0.5245 0.3048
1341848009.1747 -0.6840 -1.8812 3.7034 0.0268 0.7974 0.5238 0.2985
1341848009.2107 -0.6790 -1.8765 3.7151 0.0273 0.8006 0.5233 0.2907
1341848009.2429 -0.6753 -1.8769 3.7183 0.0300 0.7997 0.5282 0.2839
1341848009.2747 -0.6721 -1.8714 3.7183 0.0309 0.7998 0.5311 0.2781
1341848009.3109 -0.6681 -1.8684 3.7221 0.0298 0.8019 0.5318 0.2709
1341848009.3429 -0.6598 -1.8737 3.7257 0.0286 0.8021 0.5352 0.2634
1341848009.3787 -0.6556 -1.8726 3.7296 0.0297 0.8025 0.5366 0.2591
1341848009.4429 -0.6431 -1.8744 3.7359 0.0281 0.8030 0.5407 0.2493
1341848009.4790 -0.6381 -1.8744 3.7424 0.0278 0.8038 0.5411 0.2456
1341848009.5106 -0.6311 -1.8745 3.7430 0.0264 0.8028 0.5436 0.2434
1341848009.5428 -0.6238 -1.8744 3.7437 0.0261 0.8034 0.5434 0.2418
1341848009.5788 -0.6192 -1.8728 3.7512 0.0249 0.8048 0.5420 0.2407
1341848009.6110 -0.6105 -1.8730 3.7481 0.0239 0.8036 0.5441 0.2400
1341848009.6469 -0.6019 -1.8744 3.7493 0.0228 0.8047 0.5423 0.2406
1341848009.6787 -0.5963 -1.8723 3.7545 0.0213 0.8064 0.5392 0.2417
1341848009.7108 -0.5848 -1.8736 3.7581 0.0187 0.8074 0.5383 0.2409
1341848009.7468 -0.5720 -1.8762 3.7567 0.0181 0.8076 0.5382 0.2404
1341848009.7788 -0.5656 -1.8737 3.7633 0.0184 0.8096 0.5344 0.2421
1341848009.8107 -0.5574 -1.8728 3.7668 0.0185 0.8100 0.5343 0.2411
1341848009.8468 -0.5474 -1.8749 3.7653 0.0202 0.8086 0.5369 0.2399
1341848009.8787 -0.5425 -1.8690 3.7660 0.0223 0.8087 0.5357 0.2419
1341848009.9148 -0.5353 -1.8651 3.7667 0.0206 0.8085 0.5358 0.2425
1341848009.9470 -0.5245 -1.8678 3.7616 0.0191 0.8077 0.5376 0.2413
1341848009.9789 -0.5128 -1.8697 3.7592 0.0189 0.8078 0.5371 0.2423
1341848010.0148 -0.5085 -1.8621 3.7630 0.0204 0.8090 0.5346 0.2437
1341848010.0468 -0.5009 -1.8587 3.7576 0.0206 0.8080 0.5366 0.2425
1341848010.0826 -0.4916 -1.8555 3.7539 0.0203 0.8079 0.5371 0.2416
1341848010.1147 -0.4860 -1.8494 3.7526 0.0203 0.8083 0.5370 0.2405
1341848010.1468 -0.4764 -1.8454 3.7474 0.0200 0.8069 0.5403 0.2378
1341848010.1827 -0.4667 -1.8402 3.7364 0.0205 0.8058 0.5426 0.2365
1341848010.2147 -0.4607 -1.8338 3.7317 0.0208 0.8068 0.5417 0.2352
1341848010.2468 -0.4515 -1.8309 3.7245 0.0205 0.8066 0.5432 0.2321
1341848010.2827 -0.4438 -1.8263 3.7190 0.0217 0.8069 0.5438 0.2296
1341848010.3148 -0.4372 -1.8206 3.7092 0.0228 0.8059 0.5461 0.2273
1341848010.3511 -0.4300 -1.8169 3.7019 0.0225 0.8062 0.5466 0.2254
1341848010.3828 -0.4226 -1.8148 3.6978 0.0225 0.8068 0.5470 0.2223
1341848010.4147 -0.4180 -1.8086 3.6890 0.0239 0.8056 0.5492 0.2209
1341848010.4509 -0.4141 -1.8040 3.6789 0.0243 0.8051 0.5508 0.2189
1341848010.4831 -0.4095 -1.7993 3.6747 0.0244 0.8062 0.5502 0.2160
1341848010.5148 -0.4033 -1.7970 3.6731 0.0237 0.8067 0.5514 0.2114
1341848010.5506 -0.3986 -1.7931 3.6583 0.0247 0.8044 0.5554 0.2093
1341848010.5829 -0.3966 -1.7873 3.6586 0.0248 0.8073 0.5521 0.2070
1341848010.6187 -0.3915 -1.7855 3.6523 0.0226 0.8064 0.5550 0.2029
1341848010.6510 -0.3838 -1.7868 3.6404 0.0231 0.8053 0.5581 0.1989
1341848010.6826 -0.3848 -1.7804 3.6413 0.0242 0.8073 0.5553 0.1981
1341848010.7188 -0.3819 -1.7798 3.6353 0.0227 0.8069 0.5571 0.1949
1341848010.7509 -0.3788 -1.7784 3.6264 0.0224 0.8062 0.5591 0.1919
1341848010.7827 -0.3770 -1.7772 3.6176 0.0228 0.8067 0.5596 0.1886
1341848010.8188 -0.3737 -1.7775 3.6161 0.0235 0.8091 0.5578 0.1837
1341848010.8508 -0.3715 -1.7762 3.6109 0.0240 0.8094 0.5585 0.1799
1341848010.8867 -0.3677 -1.7752 3.6057 0.0253 0.8102 0.5586 0.1759
1341848010.9188 -0.3677 -1.7729 3.6039 0.0254 0.8114 0.5575 0.1736
1341848010.9508 -0.3661 -1.7694 3.5990 0.0250 0.8120 0.5578 0.1703
1341848010.9868 -0.3625 -1.7688 3.5976 0.0250 0.8131 0.5571 0.1670
1341848011.0187 -0.3594 -1.7674 3.5966 0.0252 0.8134 0.5573 0.1648
1341848011.0510 -0.3584 -1.7659 3.5905 0.0260 0.8127 0.5588 0.1629
1341848011.0867 -0.3556 -1.7652 3.5888 0.0262 0.8135 0.5586 0.1598
1341848011.1187 -0.3543 -1.7643 3.5878 0.0269 0.8139 0.5587 0.1574
1341848011.1546 -0.3505 -1.7639 3.5865 0.0275 0.8141 0.5592 0.1542
1341848011.1867 -0.3497 -1.7627 3.5868 0.0278 0.8143 0.5594 0.1525
1341848011.2191 -0.3510 -1.7596 3.5816 0.0262 0.8133 0.5612 0.1514
1341848011.2547 -0.3461 -1.7593 3.5783 0.0236 0.8142 0.5610 0.1473
1341848011.2866 -0.3441 -1.7584 3.5775 0.0229 0.8151 0.5606 0.1442
1341848011.3227 -0.3427 -1.7566 3.5720 0.0234 0.8149 0.5619 0.1401
1341848011.3547 -0.3373 -1.7557 3.5692 0.0237 0.8162 0.5611 0.1353
1341848011.3867 -0.3390 -1.7559 3.5699 0.0259 0.8171 0.5605 0.1322
1341848011.4227 -0.3349 -1.7512 3.5664 0.0259 0.8170 0.5617 0.1278
1341848011.4547 -0.3327 -1.7511 3.5632 0.0268 0.8179 0.5613 0.1232
1341848011.4868 -0.3311 -1.7488 3.5643 0.0263 0.8190 0.5609 0.1183
1341848011.5229 -0.3270 -1.7458 3.5628 0.0263 0.8188 0.5623 0.1128
1341848011.5547 -0.3241 -1.7434 3.5579 0.0272 0.8184 0.5636 0.1091
1341848011.5909 -0.3258 -1.7419 3.5575 0.0273 0.8189 0.5631 0.1077
1341848011.6227 -0.3224 -1.7377 3.5566 0.0258 0.8190 0.5640 0.1027
1341848011.6549 -0.3185 -1.7354 3.5534 0.0264 0.8187 0.5649 0.0990
1341848011.6908 -0.3200 -1.7329 3.5530 0.0274 0.8185 0.5656 0.0975
1341848011.7226 -0.3217 -1.7293 3.5490 0.0261 0.8175 0.5674 0.0948
1341848011.7548 -0.3185 -1.7257 3.5452 0.0238 0.8169 0.5692 0.0903
1341848011.7908 -0.3187 -1.7211 3.5423 0.0248 0.8165 0.5703 0.0868
1341848011.8227 -0.3184 -1.7163 3.5377 0.0259 0.8154 0.5725 0.0822
1341848011.8588 -0.3157 -1.7123 3.5324 0.0269 0.8149 0.5738 0.0772
1341848011.8907 -0.3161 -1.7101 3.5299 0.0279 0.8147 0.5744 0.0745
1341848011.9229 -0.3158 -1.7054 3.5248 0.0286 0.8137 0.5762 0.0717
1341848011.9588 -0.3164 -1.7020 3.5190 0.0300 0.8135 0.5766 0.0696
1341848011.9908 -0.3165 -1.6975 3.5191 0.0282 0.8146 0.5754 0.0679
1341848012.0227 -0.3151 -1.6922 3.5137 0.0257 0.8136 0.5770 0.0665
1341848012.0589 -0.3149 -1.6878 3.5087 0.0243 0.8130 0.5781 0.0656
1341848012.0908 -0.3164 -1.6822 3.5013 0.0229 0.8120 0.5796 0.0652
1341848012.1269 -0.3166 -1.6758 3.4946 0.0220 0.8117 0.5801 0.0645
1341848012.1910 -0.3159 -1.6643 3.4852 0.0232 0.8106 0.5813 0.0663
1341848012.2267 -0.3150 -1.6574 3.4780 0.0224 0.8091 0.5832 0.0681
1341848012.2587 -0.3137 -1.6522 3.4704 0.0211 0.8077 0.5849 0.0705
1341848012.2952 -0.3148 -1.6459 3.4655 0.0194 0.8069 0.5857 0.0742
1341848012.3269 -0.3136 -1.6390 3.4563 0.0158 0.8052 0.5877 0.0772
1341848012.3588 -0.3114 -1.6321 3.4501 0.0119 0.8052 0.5875 0.0796
1341848012.3947 -0.3100 -1.6245 3.4471 0.0094 0.8049 0.5876 0.0821
1341848012.4268 -0.3075 -1.6180 3.4366 0.0057 0.8023 0.5907 0.0850
1341848012.4588 -0.3067 -1.6112 3.4275 0.0041 0.8016 0.5914 0.0872
1341848012.4947 -0.3034 -1.6057 3.4235 0.0008 0.8020 0.5907 0.0885
1341848012.5268 -0.2976 -1.6003 3.4164 -0.0029 0.8006 0.5925 0.0894
1341848012.5627 -0.2952 -1.5939 3.4065 -0.0041 0.7995 0.5934 0.0933
1341848012.5947 -0.2962 -1.5883 3.4031 -0.0066 0.8004 0.5913 0.0983
1341848012.6268 -0.2884 -1.5856 3.3966 -0.0125 0.7995 0.5923 0.0995
1341848012.6628 -0.2833 -1.5817 3.3918 -0.0136 0.7991 0.5923 0.1022
1341848012.6953 -0.2853 -1.5759 3.3876 -0.0137 0.7983 0.5920 0.1094
1341848012.7269 -0.2831 -1.5727 3.3814 -0.0178 0.7969 0.5928 0.1148
1341848012.7627 -0.2743 -1.5704 3.3769 -0.0220 0.7963 0.5931 0.1173
1341848012.7947 -0.2701 -1.5659 3.3766 -0.0226 0.7965 0.5915 0.1235
1341848012.8307 -0.2723 -1.5602 3.3708 -0.0241 0.7947 0.5915 0.1343
1341848012.8628 -0.2696 -1.5570 3.3634 -0.0288 0.7944 0.5899 0.1418
1341848012.8947 -0.2658 -1.5537 3.3665 -0.0334 0.7972 0.5845 0.1471
1341848012.9308 -0.2629 -1.5508 3.3632 -0.0360 0.7965 0.5838 0.1536
1341848012.9628 -0.2638 -1.5474 3.3598 -0.0388 0.7965 0.5815 0.1611
1341848012.9948 -0.2602 -1.5436 3.3624 -0.0434 0.7981 0.5777 0.1655
1341848013.0309 -0.2562 -1.5411 3.3613 -0.0454 0.7970 0.5776 0.1705
1341848013.0627 -0.2540 -1.5376 3.3579 -0.0466 0.7960 0.5771 0.1768
1341848013.0988 -0.2514 -1.5350 3.3584 -0.0480 0.7965 0.5743 0.1830
1341848013.1308 -0.2469 -1.5316 3.3626 -0.0494 0.7972 0.5715 0.1883
1341848013.1628 -0.2412 -1.5302 3.3626 -0.0487 0.7956 0.5719 0.1937
1341848013.1987 -0.2421 -1.5278 3.3623 -0.0450 0.7936 0.5720 0.2023
1341848013.2309 -0.2419 -1.5260 3.3624 -0.0441 0.7922 0.5717 0.2090
1341848013.2627 -0.2364 -1.5231 3.3672 -0.0438 0.7916 0.5709 0.2133
1341848013.2987 -0.2381 -1.5223 3.3641 -0.0412 0.7877 0.5730 0.2227
1341848013.3308 -0.2383 -1.5202 3.3641 -0.0429 0.7861 0.5719 0.2305
1341848013.3667 -0.2332 -1.5170 3.3713 -0.0471 0.7869 0.5684 0.2356
1341848013.3987 -0.2278 -1.5153 3.3794 -0.0488 0.7863 0.5670 0.2404
1341848013.4309 -0.2242 -1.5131 3.3833 -0.0480 0.7828 0.5686 0.2483
1341848013.4670 -0.2228 -1.5122 3.3772 -0.0483 0.7769 0.5721 0.2586
1341848013.4988 -0.2199 -1.5112 3.3780 -0.0518 0.7756 0.5700 0.2662
1341848013.5348 -0.2137 -1.5094 3.3845 -0.0570 0.7762 0.5656 0.2728
1341848013.5667 -0.2069 -1.5074 3.3883 -0.0598 0.7749 0.5633 0.2806
1341848013.5988 -0.2063 -1.5091 3.3910 -0.0592 0.7732 0.5610 0.2897
1341848013.6348 -0.1998 -1.5064 3.3935 -0.0609 0.7715 0.5601 0.2957
1341848013.6667 -0.1945 -1.5069 3.3909 -0.0613 0.7690 0.5586 0.3048
1341848013.6988 -0.1938 -1.5077 3.3927 -0.0611 0.7694 0.5531 0.3137
1341848013.7346 -0.1888 -1.5079 3.3948 -0.0634 0.7698 0.5484 0.3205
1341848013.7668 -0.1846 -1.5079 3.4000 -0.0638 0.7713 0.5429 0.3260
1341848013.8027 -0.1821 -1.5077 3.4046 -0.0631 0.7711 0.5395 0.3322
1341848013.8348 -0.1796 -1.5071 3.4043 -0.0630 0.7685 0.5388 0.3392
1341848013.8668 -0.1752 -1.5072 3.4033 -0.0642 0.7671 0.5370 0.3451
1341848013.9027 -0.1739 -1.5055 3.4091 -0.0651 0.7682 0.5314 0.3511
1341848013.9667 -0.1644 -1.5040 3.4134 -0.0668 0.7646 0.5291 0.3619
1341848014.0027 -0.1589 -1.5040 3.4155 -0.0675 0.7630 0.5279 0.3670
1341848014.0349 -0.1529 -1.5038 3.4180 -0.0683 0.7606 0.5264 0.3739
1341848014.0710 -0.1503 -1.5025 3.4162 -0.0694 0.7566 0.5252 0.3834
1341848014.1027 -0.1449 -1.5005 3.4182 -0.0746 0.7547 0.5223 0.3900
1341848014.1347 -0.1367 -1.4995 3.4236 -0.0786 0.7535 0.5195 0.3953
1341848014.1707 -0.1305 -1.4983 3.4264 -0.0805 0.7500 0.5185 0.4027
1341848014.2027 -0.1221 -1.4988 3.4245 -0.0833 0.7454 0.5191 0.4099
1341848014.2348 -0.1119 -1.4976 3.4288 -0.0857 0.7445 0.5148 0.4164
1341848014.2707 -0.1067 -1.4955 3.4353 -0.0867 0.7424 0.5104 0.4252
1341848014.3027 -0.0973 -1.4947 3.4380 -0.0869 0.7398 0.5093 0.4311
1341848014.3387 -0.0877 -1.4959 3.4418 -0.0873 0.7370 0.5070 0.4383
1341848014.3706 -0.0845 -1.4989 3.4425 -0.0878 0.7318 0.5041 0.4500
1341848014.4388 -0.0679 -1.4995 3.4500 -0.0904 0.7261 0.4963 0.4673
1341848014.4708 -0.0595 -1.5003 3.4536 -0.0920 0.7224 0.4914 0.4777
1341848014.5066 -0.0539 -1.5011 3.4595 -0.0933 0.7200 0.4852 0.4873
1341848014.5387 -0.0435 -1.5052 3.4603 -0.0953 0.7148 0.4825 0.4971
1341848014.5708 -0.0386 -1.5063 3.4627 -0.0942 0.7137 0.4759 0.5052
1341848014.6069 -0.0334 -1.5085 3.4715 -0.0940 0.7122 0.4705 0.5125
1341848014.6387 -0.0266 -1.5086 3.4740 -0.0912 0.7080 0.4687 0.5203
1341848014.6708 -0.0182 -1.5125 3.4751 -0.0900 0.7051 0.4660 0.5269
1341848014.7068 -0.0129 -1.5113 3.4767 -0.0874 0.7028 0.4603 0.5353
1341848014.7387 -0.0060 -1.5169 3.4781 -0.0870 0.7018 0.4565 0.5400
1341848014.7747 -0.0005 -1.5198 3.4868 -0.0826 0.7013 0.4535 0.5438
1341848014.8067 0.0034 -1.5195 3.4885 -0.0768 0.6975 0.4518 0.5509
1341848014.8387 0.0093 -1.5219 3.4899 -0.0739 0.6942 0.4508 0.5562
1341848014.8747 0.0167 -1.5248 3.4940 -0.0724 0.6912 0.4480 0.5624
1341848014.9066 0.0192 -1.5221 3.4952 -0.0686 0.6875 0.4441 0.5704
1341848014.9387 0.0254 -1.5228 3.5002 -0.0673 0.6848 0.4442 0.5737
1341848014.9747 0.0296 -1.5227 3.5023 -0.0645 0.6799 0.4448 0.5794
1341848015.0067 0.0271 -1.5184 3.4984 -0.0629 0.6733 0.4442 0.5877
1341848015.0426 0.0303 -1.5145 3.5000 -0.0680 0.6683 0.4450 0.5923
1341848015.0749 0.0363 -1.5134 3.5026 -0.0759 0.6638 0.4438 0.5971
1341848015.1068 0.0423 -1.5109 3.5041 -0.0824 0.6599 0.4415 0.6023
1341848015.1427 0.0471 -1.5099 3.5080 -0.0875 0.6568 0.4406 0.6056
1341848015.1747 0.0553 -1.5087 3.5116 -0.0904 0.6527 0.4420 0.6086
1341848015.2072 0.0580 -1.5061 3.5112 -0.0904 0.6474 0.4412 0.6148
1341848015.2435 0.0631 -1.5036 3.5117 -0.0929 0.6434 0.4392 0.6201
1341848015.2748 0.0692 -1.5039 3.5177 -0.0948 0.6405 0.4372 0.6243
1341848015.3106 0.0721 -1.5016 3.5179 -0.0922 0.6344 0.4346 0.6326
1341848015.3429 0.0754 -1.5000 3.5178 -0.0913 0.6288 0.4325 0.6397
1341848015.3747 0.0800 -1.4994 3.5216 -0.0907 0.6235 0.4314 0.6457
1341848015.4107 0.0830 -1.4976 3.5195 -0.0877 0.6159 0.4303 0.6541
1341848015.4428 0.0846 -1.4960 3.5184 -0.0860 0.6093 0.4285 0.6616
1341848015.4750 0.0883 -1.4947 3.5193 -0.0860 0.6029 0.4251 0.6697
1341848015.5109 0.0905 -1.4933 3.5191 -0.0848 0.5974 0.4203 0.6777
1341848015.5428 0.0897 -1.4925 3.5199 -0.0820 0.5911 0.4185 0.6846
1341848015.5818 0.0939 -1.4917 3.5206 -0.0829 0.5828 0.4159 0.6932
1341848015.6178 0.0953 -1.4914 3.5212 -0.0833 0.5769 0.4087 0.7023
1341848015.6501 0.0957 -1.4920 3.5208 -0.0845 0.5706 0.4032 0.7105
1341848015.6858 0.1005 -1.4926 3.5254 -0.0873 0.5656 0.3986 0.7167
1341848015.7181 0.1032 -1.4930 3.5272 -0.0861 0.5613 0.3923 0.7236
1341848015.7498 0.1035 -1.4936 3.5269 -0.0833 0.5559 0.3880 0.7304
1341848015.7858 0.1067 -1.4961 3.5282 -0.0824 0.5500 0.3850 0.7365
1341848015.8179 0.1090 -1.5002 3.5261 -0.0829 0.5452 0.3792 0.7430
1341848015.8538 0.1090 -1.5014 3.5271 -0.0808 0.5414 0.3753 0.7480
1341848015.8857 0.1106 -1.5031 3.5244 -0.0803 0.5356 0.3702 0.7547
1341848015.9178 0.1118 -1.5046 3.5254 -0.0819 0.5335 0.3631 0.7595
1341848015.9540 0.1118 -1.5050 3.5290 -0.0802 0.5327 0.3545 0.7643
1341848015.9867 0.1106 -1.5086 3.5287 -0.0784 0.5301 0.3498 0.7684
1341848016.0217 0.1094 -1.5081 3.5288 -0.0745 0.5263 0.3469 0.7727
1341848016.0539 0.1108 -1.5097 3.5297 -0.0729 0.5240 0.3414 0.7769
1341848016.0857 0.1073 -1.5095 3.5277 -0.0691 0.5219 0.3360 0.7810
1341848016.1218 0.1049 -1.5089 3.5257 -0.0685 0.5185 0.3333 0.7844
1341848016.1538 0.1062 -1.5107 3.5262 -0.0714 0.5170 0.3304 0.7864
1341848016.1858 0.1039 -1.5100 3.5249 -0.0714 0.5157 0.3279 0.7883
1341848016.2217 0.1025 -1.5098 3.5259 -0.0726 0.5145 0.3277 0.7891
1341848016.2537 0.1052 -1.5126 3.5277 -0.0744 0.5139 0.3272 0.7895
1341848016.2900 0.1012 -1.5122 3.5239 -0.0738 0.5139 0.3254 0.7903
1341848016.3220 0.0996 -1.5118 3.5253 -0.0742 0.5165 0.3295 0.7869
1341848016.3537 0.1021 -1.5153 3.5288 -0.0729 0.5190 0.3331 0.7838
1341848016.3898 0.0957 -1.5150 3.5279 -0.0681 0.5206 0.3351 0.7823
1341848016.4217 0.0954 -1.5171 3.5304 -0.0659 0.5221 0.3407 0.7791
1341848016.4539 0.0944 -1.5196 3.5323 -0.0633 0.5242 0.3440 0.7765
1341848016.4901 0.0928 -1.5217 3.5338 -0.0604 0.5254 0.3443 0.7757
1341848016.5218 0.0894 -1.5237 3.5351 -0.0587 0.5281 0.3435 0.7744
1341848016.5542 0.0873 -1.5248 3.5388 -0.0542 0.5309 0.3452 0.7720
1341848016.5898 0.0832 -1.5272 3.5403 -0.0501 0.5310 0.3446 0.7725
1341848016.6219 0.0802 -1.5274 3.5424 -0.0463 0.5319 0.3474 0.7709
1341848016.6578 0.0783 -1.5309 3.5475 -0.0422 0.5321 0.3513 0.7692
1341848016.6899 0.0725 -1.5348 3.5489 -0.0393 0.5308 0.3519 0.7700
1341848016.7578 0.0720 -1.5417 3.5584 -0.0413 0.5326 0.3511 0.7690
1341848016.8188 0.0595 -1.5459 3.5650 -0.0375 0.5333 0.3501 0.7692
1341848016.8508 0.0570 -1.5512 3.5701 -0.0380 0.5334 0.3503 0.7690
1341848016.8828 0.0506 -1.5530 3.5729 -0.0371 0.5336 0.3501 0.7690
1341848016.9189 0.0462 -1.5557 3.5784 -0.0362 0.5335 0.3523 0.7681
1341848016.9507 0.0425 -1.5605 3.5823 -0.0369 0.5332 0.3530 0.7679
1341848016.9867 0.0357 -1.5630 3.5851 -0.0380 0.5344 0.3518 0.7676
1341848017.0187 0.0314 -1.5664 3.5907 -0.0381 0.5361 0.3535 0.7657
1341848017.0508 0.0249 -1.5696 3.5920 -0.0369 0.5363 0.3546 0.7651
1341848017.0868 0.0204 -1.5730 3.5950 -0.0381 0.5383 0.3559 0.7629
1341848017.1186 0.0158 -1.5769 3.5974 -0.0381 0.5414 0.3571 0.7602
1341848017.1507 0.0092 -1.5802 3.6004 -0.0368 0.5453 0.3592 0.7565
1341848017.1869 0.0035 -1.5839 3.6028 -0.0358 0.5486 0.3617 0.7529
1341848017.2188 0.0002 -1.5887 3.6050 -0.0351 0.5525 0.3631 0.7495
1341848017.2547 -0.0085 -1.5926 3.6064 -0.0325 0.5573 0.3635 0.7458
1341848017.2866 -0.0139 -1.5968 3.6118 -0.0298 0.5623 0.3662 0.7408
1341848017.3187 -0.0138 -1.6028 3.6147 -0.0262 0.5658 0.3668 0.7380
1341848017.3547 -0.0287 -1.6074 3.6128 -0.0196 0.5710 0.3633 0.7360
1341848017.3868 -0.0371 -1.6095 3.6155 -0.0166 0.5760 0.3652 0.7311
1341848017.4188 -0.0424 -1.6151 3.6176 -0.0120 0.5798 0.3684 0.7266
1341848017.4548 -0.0549 -1.6167 3.6179 -0.0085 0.5823 0.3700 0.7238
1341848017.4867 -0.0565 -1.6217 3.6198 -0.0089 0.5852 0.3723 0.7203
1341848017.5227 -0.0642 -1.6248 3.6202 -0.0074 0.5885 0.3714 0.7181
1341848017.5548 -0.0720 -1.6268 3.6210 -0.0055 0.5924 0.3713 0.7150
1341848017.5878 -0.0757 -1.6288 3.6237 -0.0046 0.5955 0.3725 0.7118
1341848017.6227 -0.0806 -1.6328 3.6232 -0.0025 0.5984 0.3723 0.7094
1341848017.6548 -0.0870 -1.6332 3.6245 0.0000 0.6016 0.3734 0.7062
1341848017.6868 -0.0851 -1.6387 3.6258 0.0013 0.6046 0.3735 0.7035
1341848017.7228 -0.0969 -1.6401 3.6258 0.0067 0.6084 0.3719 0.7011
1341848017.7548 -0.0961 -1.6425 3.6300 0.0087 0.6107 0.3741 0.6979
1341848017.7907 -0.1003 -1.6471 3.6289 0.0131 0.6122 0.3739 0.6966
1341848017.8228 -0.1085 -1.6494 3.6294 0.0160 0.6152 0.3721 0.6948
1341848017.8547 -0.1122 -1.6517 3.6333 0.0169 0.6173 0.3721 0.6930
1341848017.8907 -0.1167 -1.6544 3.6344 0.0184 0.6183 0.3724 0.6919
1341848017.9228 -0.1235 -1.6555 3.6352 0.0185 0.6197 0.3724 0.6906
1341848017.9586 -0.1227 -1.6580 3.6378 0.0166 0.6214 0.3728 0.6890
1341848017.9907 -0.1306 -1.6593 3.6399 0.0183 0.6229 0.3724 0.6877
1341848018.0227 -0.1332 -1.6602 3.6420 0.0171 0.6236 0.3748 0.6858
1341848018.0588 -0.1327 -1.6628 3.6420 0.0157 0.6255 0.3758 0.6836
1341848018.0909 -0.1372 -1.6630 3.6456 0.0155 0.6289 0.3753 0.6807
1341848018.1227 -0.1395 -1.6647 3.6497 0.0157 0.6306 0.3788 0.6772
1341848018.1591 -0.1376 -1.6689 3.6518 0.0164 0.6317 0.3825 0.6741
1341848018.1908 -0.1424 -1.6700 3.6532 0.0171 0.6343 0.3828 0.6714
1341848018.2267 -0.1419 -1.6729 3.6580 0.0151 0.6374 0.3837 0.6681
1341848018.2588 -0.1436 -1.6768 3.6630 0.0169 0.6395 0.3863 0.6644
1341848018.2907 -0.1466 -1.6799 3.6672 0.0184 0.6407 0.3895 0.6614
1341848018.3339 -0.1466 -1.6833 3.6693 0.0170 0.6424 0.3918 0.6585
1341848018.3672 -0.1451 -1.6881 3.6748 0.0151 0.6466 0.3914 0.6546
1341848018.3977 -0.1487 -1.6914 3.6830 0.0158 0.6502 0.3913 0.6511
1341848018.4338 -0.1507 -1.6954 3.6912 0.0187 0.6515 0.3964 0.6465
1341848018.4657 -0.1516 -1.7002 3.6968 0.0219 0.6519 0.4026 0.6422
1341848018.5018 -0.1530 -1.7042 3.7016 0.0230 0.6539 0.4052 0.6385
1341848018.5345 -0.1551 -1.7086 3.7112 0.0234 0.6575 0.4063 0.6341
1341848018.5658 -0.1580 -1.7124 3.7190 0.0240 0.6594 0.4088 0.6305
1341848018.6017 -0.1582 -1.7176 3.7249 0.0237 0.6616 0.4100 0.6273
1341848018.6337 -0.1630 -1.7213 3.7331 0.0237 0.6655 0.4104 0.6230
1341848018.6698 -0.1638 -1.7272 3.7436 0.0234 0.6677 0.4130 0.6189
1341848018.7018 -0.1670 -1.7323 3.7521 0.0228 0.6691 0.4153 0.6158
1341848018.7339 -0.1665 -1.7392 3.7586 0.0211 0.6711 0.4170 0.6126
1341848018.7697 -0.1689 -1.7458 3.7682 0.0202 0.6736 0.4166 0.6101
1341848018.8022 -0.1693 -1.7522 3.7772 0.0200 0.6748 0.4177 0.6080
1341848018.8338 -0.1681 -1.7586 3.7831 0.0194 0.6763 0.4173 0.6068
1341848018.8698 -0.1709 -1.7662 3.7899 0.0206 0.6790 0.4154 0.6050
1341848018.9020 -0.1743 -1.7721 3.7990 0.0226 0.6808 0.4155 0.6028
1341848018.9338 -0.1722 -1.7777 3.8073 0.0253 0.6809 0.4186 0.6004
1341848018.9697 -0.1802 -1.7873 3.8100 0.0278 0.6810 0.4195 0.5996
1341848019.0023 -0.1820 -1.7924 3.8165 0.0260 0.6827 0.4197 0.5975
1341848019.0698 -0.1867 -1.8065 3.8268 0.0265 0.6861 0.4187 0.5943
1341848019.1308 -0.1884 -1.8160 3.8376 0.0242 0.6905 0.4194 0.5889
1341848019.1627 -0.1926 -1.8215 3.8446 0.0248 0.6925 0.4208 0.5854
1341848019.1986 -0.1954 -1.8257 3.8498 0.0245 0.6942 0.4234 0.5816
1341848019.2311 -0.1948 -1.8311 3.8547 0.0229 0.6969 0.4252 0.5771
1341848019.2627 -0.1974 -1.8374 3.8635 0.0221 0.7003 0.4248 0.5732
1341848019.2987 -0.2044 -1.8419 3.8723 0.0218 0.7028 0.4265 0.5690
1341848019.3307 -0.2034 -1.8496 3.8796 0.0197 0.7051 0.4292 0.5642
1341848019.3627 -0.2100 -1.8561 3.8882 0.0202 0.7084 0.4289 0.5602
1341848019.3987 -0.2157 -1.8621 3.8988 0.0185 0.7113 0.4302 0.5555
1341848019.4310 -0.2137 -1.8699 3.9075 0.0172 0.7138 0.4318 0.5512
1341848019.4670 -0.2207 -1.8765 3.9162 0.0169 0.7172 0.4302 0.5479
1341848019.4988 -0.2201 -1.8825 3.9271 0.0165 0.7209 0.4305 0.5429
1341848019.5308 -0.2246 -1.8919 3.9384 0.0199 0.7234 0.4316 0.5385
1341848019.5671 -0.2292 -1.8980 3.9509 0.0224 0.7251 0.4339 0.5343
1341848019.5987 -0.2285 -1.9051 3.9600 0.0227 0.7262 0.4351 0.5318
1341848019.6307 -0.2345 -1.9120 3.9717 0.0231 0.7289 0.4345 0.5286
1341848019.6669 -0.2354 -1.9186 3.9867 0.0229 0.7304 0.4362 0.5251
1341848019.6987 -0.2367 -1.9249 3.9950 0.0236 0.7301 0.4387 0.5234
1341848019.7348 -0.2386 -1.9296 4.0022 0.0229 0.7318 0.4392 0.5206
1341848019.7667 -0.2393 -1.9374 4.0113 0.0210 0.7343 0.4394 0.5170
1341848019.7987 -0.2414 -1.9439 4.0216 0.0216 0.7359 0.4403 0.5139
1341848019.8347 -0.2425 -1.9487 4.0273 0.0227 0.7371 0.4419 0.5108
1341848019.8988 -0.2444 -1.9602 4.0401 0.0245 0.7416 0.4438 0.5024
1341848019.9348 -0.2476 -1.9667 4.0489 0.0265 0.7434 0.4466 0.4972
1341848019.9667 -0.2461 -1.9701 4.0525 0.0284 0.7447 0.4500 0.4921
1341848020.0028 -0.2453 -1.9731 4.0554 0.0287 0.7472 0.4514 0.4870
1341848020.0347 -0.2463 -1.9776 4.0631 0.0277 0.7508 0.4514 0.4815
1341848020.0667 -0.2437 -1.9839 4.0711 0.0284 0.7527 0.4541 0.4758
1341848020.1028 -0.2434 -1.9890 4.0768 0.0305 0.7539 0.4564 0.4716
1341848020.1348 -0.2424 -1.9905 4.0824 0.0293 0.7566 0.4566 0.4672
1341848020.1708 -0.2392 -1.9947 4.0872 0.0274 0.7598 0.4565 0.4621
1341848020.2027 -0.2399 -2.0012 4.0949 0.0272 0.7622 0.4569 0.4577
1341848020.2349 -0.2376 -2.0027 4.0994 0.0269 0.7644 0.4583 0.4527
1341848020.2712 -0.2332 -2.0074 4.1028 0.0266 0.7670 0.4591 0.4474
1341848020.3028 -0.2319 -2.0133 4.1108 0.0269 0.7703 0.4587 0.4421
1341848020.3349 -0.2294 -2.0175 4.1172 0.0276 0.7728 0.4597 0.4367
1341848020.3708 -0.2230 -2.0203 4.1203 0.0288 0.7752 0.4611 0.4309
1341848020.4388 -0.2144 -2.0280 4.1308 0.0300 0.7814 0.4606 0.4200
1341848020.4712 -0.2071 -2.0302 4.1343 0.0303 0.7855 0.4591 0.4139
1341848020.5027 -0.2068 -2.0387 4.1444 0.0322 0.7898 0.4575 0.4073
1341848020.5387 -0.2034 -2.0445 4.1536 0.0345 0.7922 0.4592 0.4004
1341848020.5708 -0.1977 -2.0494 4.1597 0.0374 0.7939 0.4614 0.3943
1341848020.6028 -0.1967 -2.0562 4.1700 0.0390 0.7958 0.4631 0.3882
1341848020.6389 -0.1915 -2.0610 4.1797 0.0399 0.7964 0.4671 0.3820
1341848020.6708 -0.1837 -2.0634 4.1809 0.0420 0.7965 0.4703 0.3776
1341848020.7067 -0.1833 -2.0670 4.1887 0.0411 0.7985 0.4698 0.3741
1341848020.7390 -0.1765 -2.0755 4.1963 0.0388 0.7993 0.4730 0.3687
1341848020.7708 -0.1676 -2.0774 4.2000 0.0411 0.7990 0.4760 0.3652
1341848020.8072 -0.1668 -2.0814 4.2062 0.0422 0.7992 0.4773 0.3628
1341848020.8391 -0.1595 -2.0841 4.2080 0.0409 0.7997 0.4792 0.3594
1341848020.8710 -0.1538 -2.0910 4.2115 0.0409 0.8007 0.4795 0.3568
1341848020.9066 -0.1512 -2.0986 4.2210 0.0419 0.8017 0.4801 0.3536
1341848020.9388 -0.1454 -2.1020 4.2230 0.0427 0.8015 0.4825 0.3506
1341848020.9749 -0.1388 -2.1050 4.2241 0.0425 0.8030 0.4819 0.3481
1341848021.0066 -0.1366 -2.1115 4.2316 0.0421 0.8047 0.4813 0.3451
1341848021.0396 -0.1307 -2.1153 4.2373 0.0425 0.8053 0.4832 0.3409
1341848021.0748 -0.1230 -2.1182 4.2406 0.0435 0.8059 0.4847 0.3371
1341848021.1067 -0.1198 -2.1207 4.2443 0.0431 0.8071 0.4848 0.3342
1341848021.1428 -0.1129 -2.1258 4.2494 0.0411 0.8087 0.4856 0.3294
1341848021.1750 -0.1041 -2.1292 4.2548 0.0408 0.8101 0.4861 0.3252
1341848021.2067 -0.0988 -2.1332 4.2617 0.0416 0.8112 0.4870 0.3209
1341848021.2427 -0.0911 -2.1322 4.2617 0.0404 0.8130 0.4868 0.3168
1341848021.2749 -0.0839 -2.1392 4.2699 0.0392 0.8162 0.4856 0.3104
1341848021.3073 -0.0754 -2.1432 4.2744 0.0405 0.8182 0.4856 0.3051
1341848021.3434 -0.0681 -2.1459 4.2758 0.0423 0.8207 0.4849 0.2991
1341848021.3848 -0.0600 -2.1503 4.2793 0.0422 0.8250 0.4817 0.2925
1341848021.4143 -0.0547 -2.1600 4.2890 0.0441 0.8287 0.4799 0.2845
1341848021.4557 -0.0439 -2.1646 4.2930 0.0474 0.8313 0.4798 0.2765
1341848021.4879 -0.0376 -2.1715 4.2991 0.0508 0.8344 0.4780 0.2697
1341848021.5147 -0.0294 -2.1795 4.3076 0.0530 0.8366 0.4777 0.2628
1341848021.5508 -0.0216 -2.1858 4.3151 0.0558 0.8377 0.4785 0.2571
1341848021.6178 -0.0059 -2.1935 4.3255 0.0512 0.8408 0.4771 0.2506
1341848021.6788 0.0147 -2.2017 4.3348 0.0433 0.8440 0.4762 0.2429
1341848021.7107 0.0217 -2.2082 4.3436 0.0435 0.8450 0.4761 0.2396
1341848021.7428 0.0293 -2.2103 4.3484 0.0441 0.8451 0.4779 0.2354
1341848021.7787 0.0387 -2.2128 4.3506 0.0444 0.8457 0.4790 0.2311
1341848021.8109 0.0447 -2.2155 4.3567 0.0434 0.8462 0.4800 0.2272
1341848021.8446 0.0555 -2.2146 4.3560 0.0407 0.8468 0.4815 0.2224
1341848021.8789 0.0660 -2.2189 4.3587 0.0390 0.8479 0.4816 0.2181
1341848021.9106 0.0756 -2.2210 4.3609 0.0386 0.8489 0.4814 0.2148
1341848021.9467 0.0869 -2.2232 4.3605 0.0374 0.8500 0.4810 0.2114
1341848021.9787 0.0963 -2.2267 4.3625 0.0371 0.8519 0.4793 0.2078
1341848022.0108 0.1072 -2.2303 4.3657 0.0357 0.8534 0.4782 0.2042
1341848022.0467 0.1170 -2.2315 4.3672 0.0357 0.8547 0.4776 0.2000
1341848022.0787 0.1271 -2.2346 4.3691 0.0359 0.8559 0.4773 0.1957
1341848022.1110 0.1377 -2.2344 4.3684 0.0341 0.8571 0.4771 0.1914
1341848022.1467 0.1518 -2.2364 4.3671 0.0330 0.8584 0.4770 0.1861
1341848022.1790 0.1623 -2.2373 4.3669 0.0324 0.8601 0.4756 0.1819
1341848022.2148 0.1749 -2.2376 4.3642 0.0309 0.8615 0.4748 0.1772
1341848022.2468 0.1832 -2.2448 4.3600 0.0316 0.8631 0.4740 0.1714
1341848022.2788 0.1907 -2.2466 4.3630 0.0344 0.8649 0.4728 0.1652
1341848022.3148 0.2045 -2.2450 4.3592 0.0392 0.8653 0.4740 0.1581
1341848022.3541 0.2120 -2.2467 4.3538 0.0414 0.8667 0.4731 0.1527
1341848022.3872 0.2188 -2.2512 4.3549 0.0419 0.8685 0.4718 0.1461
1341848022.4178 0.2356 -2.2513 4.3484 0.0440 0.8693 0.4723 0.1389
1341848022.4542 0.2422 -2.2542 4.3445 0.0458 0.8710 0.4700 0.1353
1341848022.4856 0.2477 -2.2596 4.3437 0.0458 0.8727 0.4683 0.1303
1341848022.5217 0.2609 -2.2628 4.3404 0.0470 0.8735 0.4684 0.1240
1341848022.5542 0.2696 -2.2663 4.3365 0.0496 0.8743 0.4676 0.1202
1341848022.5861 0.2728 -2.2685 4.3344 0.0488 0.8755 0.4662 0.1171
1341848022.6218 0.2868 -2.2693 4.3284 0.0474 0.8764 0.4664 0.1099
1341848022.6542 0.2956 -2.2742 4.3244 0.0492 0.8778 0.4646 0.1056
1341848022.6903 0.2969 -2.2766 4.3269 0.0514 0.8786 0.4639 0.1013
1341848022.7217 0.3051 -2.2763 4.3236 0.0508 0.8780 0.4667 0.0937
1341848022.7830 0.3211 -2.2783 4.3215 0.0517 0.8784 0.4679 0.0831
1341848022.8148 0.3260 -2.2778 4.3181 0.0494 0.8767 0.4725 0.0755
1341848022.8508 0.3454 -2.2765 4.3097 0.0464 0.8763 0.4748 0.0673
1341848022.8827 0.3433 -2.2798 4.3173 0.0464 0.8759 0.4760 0.0635
1341848022.9188 0.3465 -2.2808 4.3163 0.0424 0.8718 0.4851 0.0541
1341848022.9508 0.3724 -2.2769 4.2851 0.0343 0.8689 0.4920 0.0431
1341848022.9827 0.3685 -2.2807 4.2926 0.0285 0.8732 0.4850 0.0393
1341848023.0188 0.3779 -2.2860 4.2995 0.0244 0.8721 0.4879 0.0273
1341848023.0508 0.3992 -2.2788 4.2870 0.0253 0.8696 0.4929 0.0145
1341848023.0827 0.4077 -2.2811 4.2832 0.0296 0.8695 0.4930 0.0078
1341848023.1188 0.4086 -2.2819 4.2844 0.0316 0.8689 0.4940 0.0010
1341848023.1510 0.4237 -2.2788 4.2754 0.0304 0.8678 0.4960 -0.0096
1341848023.1867 0.4324 -2.2852 4.2790 0.0320 0.8680 0.4953 -0.0171
1341848023.2187 0.4383 -2.2847 4.2852 0.0352 0.8658 0.4986 -0.0247
1341848023.2868 0.4603 -2.2748 4.2797 0.0329 0.8605 0.5070 -0.0375
1341848023.3188 0.4658 -2.2733 4.2770 0.0271 0.8584 0.5107 -0.0413
1341848023.3548 0.4802 -2.2687 4.2755 0.0216 0.8566 0.5132 -0.0490
1341848023.3869 0.4927 -2.2646 4.2728 0.0193 0.8551 0.5152 -0.0540
1341848023.4187 0.4997 -2.2614 4.2739 0.0198 0.8539 0.5168 -0.0581
1341848023.4547 0.5089 -2.2583 4.2701 0.0209 0.8514 0.5202 -0.0645
1341848023.4871 0.5194 -2.2538 4.2643 0.0216 0.8498 0.5220 -0.0695
1341848023.5187 0.5223 -2.2521 4.2602 0.0212 0.8489 0.5231 -0.0725
1341848023.5551 0.5303 -2.2493 4.2552 0.0182 0.8484 0.5233 -0.0782
1341848023.5868 0.5420 -2.2443 4.2492 0.0170 0.8486 0.5223 -0.0832
1341848023.6228 0.5466 -2.2441 4.2450 0.0189 0.8486 0.5215 -0.0868
1341848023.6872 0.5606 -2.2406 4.2338 0.0181 0.8484 0.5200 -0.0977
1341848023.7227 0.5697 -2.2370 4.2282 0.0195 0.8487 0.5183 -0.1034
1341848023.7547 0.5726 -2.2353 4.2260 0.0210 0.8486 0.5178 -0.1065
1341848023.7869 0.5775 -2.2294 4.2148 0.0194 0.8475 0.5187 -0.1113
1341848023.8228 0.5853 -2.2269 4.2108 0.0172 0.8480 0.5167 -0.1164
1341848023.8548 0.5900 -2.2218 4.2042 0.0175 0.8473 0.5169 -0.1205
1341848023.8907 0.5956 -2.2173 4.1951 0.0172 0.8466 0.5170 -0.1254
1341848023.9228 0.6006 -2.2112 4.1844 0.0161 0.8466 0.5159 -0.1300
1341848023.9548 0.6052 -2.2089 4.1766 0.0161 0.8469 0.5140 -0.1355
1341848023.9907 0.6121 -2.2084 4.1723 0.0191 0.8460 0.5134 -0.1427
1341848024.0227 0.6192 -2.2023 4.1619 0.0239 0.8438 0.5149 -0.1496
1341848024.0547 0.6240 -2.1983 4.1505 0.0269 0.8427 0.5152 -0.1537
1341848024.1228 0.6317 -2.1936 4.1399 0.0327 0.8414 0.5143 -0.1630
1341848024.1588 0.6383 -2.1881 4.1272 0.0350 0.8395 0.5155 -0.1679
1341848024.1909 0.6385 -2.1863 4.1218 0.0369 0.8400 0.5140 -0.1698
1341848024.2228 0.6402 -2.1847 4.1205 0.0374 0.8387 0.5146 -0.1741
1341848024.2588 0.6467 -2.1763 4.1079 0.0376 0.8360 0.5166 -0.1809
1341848024.2908 0.6507 -2.1732 4.1051 0.0393 0.8358 0.5158 -0.1840
1341848024.3227 0.6516 -2.1718 4.0990 0.0387 0.8333 0.5189 -0.1868
1341848024.3587 0.6562 -2.1652 4.0882 0.0359 0.8311 0.5208 -0.1916
1341848024.3909 0.6597 -2.1625 4.0823 0.0342 0.8306 0.5205 -0.1952
1341848024.4268 0.6649 -2.1579 4.0793 0.0339 0.8295 0.5204 -0.1997
1341848024.4588 0.6685 -2.1533 4.0716 0.0338 0.8277 0.5219 -0.2032
1341848024.4910 0.6717 -2.1503 4.0685 0.0335 0.8266 0.5222 -0.2070
1341848024.5268 0.6783 -2.1447 4.0637 0.0316 0.8246 0.5238 -0.2115
1341848024.5586 0.6842 -2.1388 4.0568 0.0308 0.8231 0.5249 -0.2147
1341848024.5947 0.6886 -2.1378 4.0544 0.0311 0.8221 0.5252 -0.2176
1341848024.6267 0.6929 -2.1325 4.0502 0.0295 0.8199 0.5271 -0.2215
1341848024.6587 0.7003 -2.1258 4.0432 0.0285 0.8181 0.5278 -0.2264
1341848024.6948 0.7073 -2.1231 4.0429 0.0296 0.8173 0.5272 -0.2305
1341848024.7271 0.7137 -2.1178 4.0379 0.0301 0.8146 0.5297 -0.2345
1341848024.7589 0.7203 -2.1119 4.0284 0.0295 0.8127 0.5307 -0.2386
1341848024.7947 0.7270 -2.1106 4.0280 0.0290 0.8127 0.5292 -0.2423
1341848024.8267 0.7371 -2.1038 4.0229 0.0283 0.8111 0.5292 -0.2474
1341848024.8628 0.7473 -2.1003 4.0167 0.0306 0.8105 0.5280 -0.2519
1341848024.8948 0.7558 -2.0988 4.0158 0.0335 0.8103 0.5264 -0.2552
1341848024.9268 0.7654 -2.0959 4.0104 0.0353 0.8090 0.5260 -0.2599
1341848024.9627 0.7758 -2.0931 4.0087 0.0376 0.8093 0.5238 -0.2633
1341848024.9947 0.7852 -2.0945 4.0104 0.0407 0.8084 0.5235 -0.2661
1341848025.0269 0.7935 -2.0898 4.0041 0.0422 0.8056 0.5256 -0.2701
1341848025.0626 0.8011 -2.0887 4.0008 0.0414 0.8051 0.5253 -0.2723
1341848025.1311 0.8208 -2.0814 3.9955 0.0394 0.8020 0.5259 -0.2803
1341848025.1631 0.8315 -2.0781 3.9928 0.0412 0.8017 0.5243 -0.2840
1341848025.1949 0.8380 -2.0778 3.9935 0.0435 0.8007 0.5243 -0.2864
1341848025.2306 0.8460 -2.0747 3.9870 0.0441 0.7983 0.5255 -0.2909
1341848025.2627 0.8565 -2.0708 3.9836 0.0449 0.7983 0.5236 -0.2942
1341848025.2947 0.8632 -2.0706 3.9828 0.0460 0.7978 0.5234 -0.2957
1341848025.3307 0.8695 -2.0684 3.9772 0.0448 0.7963 0.5245 -0.2981
1341848025.3630 0.8773 -2.0671 3.9743 0.0438 0.7961 0.5236 -0.3002
1341848025.3988 0.8850 -2.0653 3.9726 0.0454 0.7955 0.5232 -0.3023
1341848025.4307 0.8877 -2.0654 3.9677 0.0460 0.7936 0.5252 -0.3037
1341848025.4628 0.8937 -2.0645 3.9627 0.0436 0.7927 0.5251 -0.3065
1341848025.4987 0.9008 -2.0640 3.9608 0.0419 0.7923 0.5246 -0.3086
1341848025.5308 0.9069 -2.0615 3.9564 0.0422 0.7908 0.5253 -0.3112
1341848025.5668 0.9111 -2.0597 3.9526 0.0420 0.7898 0.5255 -0.3135
1341848025.5987 0.9173 -2.0577 3.9501 0.0406 0.7891 0.5253 -0.3157
1341848025.6307 0.9239 -2.0549 3.9472 0.0405 0.7881 0.5253 -0.3183
1341848025.6667 0.9275 -2.0537 3.9440 0.0414 0.7869 0.5258 -0.3203
1341848025.6988 0.9329 -2.0529 3.9424 0.0409 0.7856 0.5261 -0.3231
1341848025.7307 0.9377 -2.0475 3.9364 0.0388 0.7837 0.5275 -0.3258
1341848025.7667 0.9429 -2.0415 3.9325 0.0378 0.7836 0.5261 -0.3284
1341848025.7989 0.9482 -2.0413 3.9313 0.0389 0.7832 0.5249 -0.3311
1341848025.8348 0.9529 -2.0374 3.9256 0.0401 0.7816 0.5252 -0.3340
1341848025.8667 0.9586 -2.0343 3.9212 0.0417 0.7814 0.5237 -0.3368
1341848025.8987 0.9633 -2.0326 3.9197 0.0438 0.7809 0.5227 -0.3391
1341848025.9348 0.9668 -2.0287 3.9149 0.0453 0.7795 0.5229 -0.3419
1341848025.9671 0.9731 -2.0249 3.9121 0.0459 0.7792 0.5214 -0.3448
1341848025.9987 0.9786 -2.0217 3.9099 0.0475 0.7777 0.5216 -0.3476
1341848026.0346 0.9826 -2.0160 3.9030 0.0489 0.7758 0.5219 -0.3511
1341848026.0669 0.9882 -2.0143 3.8994 0.0499 0.7755 0.5203 -0.3540
1341848026.1028 0.9950 -2.0120 3.8983 0.0514 0.7742 0.5196 -0.3578
1341848026.1347 1.0006 -2.0065 3.8901 0.0541 0.7717 0.5201 -0.3620
1341848026.1667 1.0068 -2.0051 3.8882 0.0577 0.7715 0.5183 -0.3644
1341848026.2028 1.0115 -2.0030 3.8871 0.0598 0.7697 0.5188 -0.3672
1341848026.2349 1.0182 -1.9981 3.8802 0.0607 0.7668 0.5198 -0.3717
1341848026.2670 1.0256 -1.9963 3.8795 0.0647 0.7659 0.5186 -0.3746
1341848026.3029 1.0286 -1.9936 3.8750 0.0679 0.7628 0.5210 -0.3770
1341848026.3348 1.0317 -1.9901 3.8699 0.0683 0.7612 0.5212 -0.3798
1341848026.3710 1.0385 -1.9875 3.8672 0.0683 0.7607 0.5198 -0.3826
1341848026.4027 1.0433 -1.9859 3.8634 0.0702 0.7594 0.5196 -0.3852
1341848026.4347 1.0476 -1.9822 3.8588 0.0722 0.7587 0.5180 -0.3884
1341848026.4708 1.0520 -1.9786 3.8569 0.0730 0.7591 0.5158 -0.3904
1341848026.5027 1.0562 -1.9769 3.8532 0.0733 0.7581 0.5148 -0.3935
1341848026.5347 1.0620 -1.9773 3.8475 0.0725 0.7571 0.5142 -0.3964
1341848026.5708 1.0661 -1.9747 3.8434 0.0719 0.7574 0.5129 -0.3977
1341848026.6027 1.0723 -1.9723 3.8417 0.0698 0.7576 0.5119 -0.3988
1341848026.6420 1.0767 -1.9704 3.8376 0.0699 0.7567 0.5118 -0.4007
1341848026.7028 1.0878 -1.9664 3.8287 0.0691 0.7568 0.5104 -0.4025
1341848026.7388 1.0956 -1.9645 3.8257 0.0680 0.7567 0.5098 -0.4035
1341848026.7708 1.1030 -1.9633 3.8222 0.0685 0.7561 0.5105 -0.4038
1341848026.8067 1.1111 -1.9618 3.8178 0.0686 0.7551 0.5117 -0.4041
1341848026.8387 1.1185 -1.9602 3.8143 0.0680 0.7547 0.5131 -0.4033
1341848026.8780 1.1267 -1.9584 3.8119 0.0670 0.7542 0.5139 -0.4033
1341848026.9389 1.1457 -1.9535 3.8040 0.0655 0.7535 0.5155 -0.4027
1341848026.9707 1.1569 -1.9525 3.8022 0.0653 0.7537 0.5159 -0.4019
1341848027.0068 1.1648 -1.9507 3.8001 0.0652 0.7533 0.5170 -0.4014
1341848027.0387 1.1762 -1.9489 3.7961 0.0654 0.7529 0.5163 -0.4028
1341848027.0748 1.1884 -1.9508 3.7965 0.0665 0.7530 0.5161 -0.4028
1341848027.1067 1.1959 -1.9495 3.7926 0.0677 0.7514 0.5169 -0.4046
1341848027.1387 1.2058 -1.9496 3.7886 0.0679 0.7518 0.5148 -0.4064
1341848027.1748 1.2186 -1.9497 3.7889 0.0667 0.7527 0.5129 -0.4073
1341848027.2072 1.2285 -1.9499 3.7873 0.0671 0.7523 0.5120 -0.4092
1341848027.2387 1.2397 -1.9507 3.7842 0.0674 0.7516 0.5109 -0.4118
1341848027.2747 1.2510 -1.9517 3.7836 0.0673 0.7519 0.5098 -0.4126
1341848027.3067 1.2618 -1.9518 3.7820 0.0674 0.7518 0.5086 -0.4143
1341848027.3428 1.2714 -1.9528 3.7793 0.0687 0.7519 0.5071 -0.4155
1341848027.3749 1.2814 -1.9542 3.7764 0.0695 0.7531 0.5053 -0.4157
1341848027.4068 1.2926 -1.9554 3.7755 0.0694 0.7546 0.5031 -0.4154
1341848027.4430 1.3028 -1.9550 3.7715 0.0692 0.7561 0.5013 -0.4150
1341848027.4748 1.3142 -1.9563 3.7702 0.0681 0.7588 0.4989 -0.4131
1341848027.5067 1.3253 -1.9568 3.7678 0.0679 0.7610 0.4970 -0.4114
1341848027.5433 1.3343 -1.9567 3.7650 0.0679 0.7632 0.4956 -0.4089
1341848027.5747 1.3438 -1.9579 3.7637 0.0675 0.7655 0.4940 -0.4067
1341848027.6107 1.3528 -1.9582 3.7618 0.0665 0.7669 0.4933 -0.4051
1341848027.6427 1.3608 -1.9578 3.7586 0.0665 0.7680 0.4927 -0.4036
1341848027.6747 1.3688 -1.9584 3.7578 0.0663 0.7692 0.4926 -0.4015
1341848027.7110 1.3758 -1.9568 3.7546 0.0664 0.7692 0.4931 -0.4011
1341848027.7428 1.3829 -1.9551 3.7489 0.0663 0.7693 0.4936 -0.4002
1341848027.7788 1.3890 -1.9538 3.7451 0.0654 0.7706 0.4936 -0.3977
1341848027.8107 1.3966 -1.9524 3.7426 0.0643 0.7716 0.4936 -0.3961
1341848027.8428 1.4045 -1.9502 3.7379 0.0637 0.7714 0.4951 -0.3946
1341848027.8787 1.4089 -1.9473 3.7329 0.0634 0.7719 0.4964 -0.3920
1341848027.9111 1.4155 -1.9467 3.7288 0.0619 0.7728 0.4971 -0.3896
1341848027.9427 1.4219 -1.9436 3.7242 0.0603 0.7727 0.4989 -0.3878
1341848027.9788 1.4270 -1.9417 3.7148 0.0587 0.7730 0.5002 -0.3857
1341848028.0110 1.4324 -1.9402 3.7125 0.0574 0.7751 0.4992 -0.3831
1341848028.0467 1.4380 -1.9377 3.7071 0.0564 0.7755 0.4993 -0.3822
1341848028.0790 1.4433 -1.9351 3.6998 0.0568 0.7767 0.4981 -0.3813
1341848028.1110 1.4493 -1.9333 3.6958 0.0580 0.7785 0.4963 -0.3798
1341848028.1506 1.4507 -1.9316 3.6907 0.0594 0.7790 0.4957 -0.3794
1341848028.1860 1.4551 -1.9295 3.6805 0.0591 0.7797 0.4942 -0.3800
1341848028.2542 1.4649 -1.9245 3.6720 0.0605 0.7808 0.4916 -0.3808
1341848028.3149 1.4715 -1.9199 3.6607 0.0610 0.7819 0.4888 -0.3820
1341848028.3790 1.4804 -1.9134 3.6461 0.0620 0.7814 0.4868 -0.3855
1341848028.4146 1.4843 -1.9105 3.6390 0.0628 0.7818 0.4853 -0.3864
1341848028.4476 1.4893 -1.9081 3.6309 0.0622 0.7813 0.4846 -0.3885
1341848028.4828 1.4961 -1.9037 3.6246 0.0625 0.7818 0.4823 -0.3902
1341848028.5147 1.5027 -1.9007 3.6200 0.0658 0.7818 0.4811 -0.3912
1341848028.5466 1.5081 -1.8979 3.6085 0.0670 0.7805 0.4826 -0.3917
1341848028.5827 1.5149 -1.8954 3.6023 0.0661 0.7811 0.4817 -0.3918
1341848028.6146 1.5230 -1.8913 3.5967 0.0666 0.7810 0.4818 -0.3917
1341848028.6538 1.5299 -1.8871 3.5870 0.0672 0.7804 0.4827 -0.3916
1341848028.7218 1.5435 -1.8794 3.5741 0.0680 0.7810 0.4816 -0.3918
1341848028.7829 1.5553 -1.8715 3.5579 0.0696 0.7812 0.4806 -0.3923
1341848028.8148 1.5614 -1.8690 3.5504 0.0691 0.7812 0.4808 -0.3922
1341848028.8508 1.5673 -1.8644 3.5433 0.0691 0.7818 0.4799 -0.3920
1341848028.8827 1.5740 -1.8614 3.5394 0.0705 0.7825 0.4792 -0.3913
1341848028.9148 1.5807 -1.8586 3.5325 0.0722 0.7816 0.4805 -0.3911
1341848028.9509 1.5861 -1.8550 3.5258 0.0733 0.7809 0.4817 -0.3909
1341848028.9827 1.5915 -1.8518 3.5171 0.0733 0.7802 0.4831 -0.3906
1341848029.0187 1.5966 -1.8496 3.5103 0.0716 0.7800 0.4839 -0.3902
1341848029.0829 1.6066 -1.8438 3.5005 0.0687 0.7803 0.4833 -0.3909
1341848029.1188 1.6120 -1.8404 3.4945 0.0694 0.7796 0.4836 -0.3919
1341848029.1507 1.6164 -1.8374 3.4880 0.0694 0.7783 0.4849 -0.3929
1341848029.1827 1.6209 -1.8343 3.4838 0.0684 0.7771 0.4862 -0.3937
1341848029.2187 1.6265 -1.8307 3.4787 0.0676 0.7762 0.4872 -0.3945
1341848029.2506 1.6315 -1.8280 3.4739 0.0660 0.7755 0.4883 -0.3947
1341848029.2870 1.6368 -1.8252 3.4693 0.0632 0.7747 0.4891 -0.3957
1341848029.3202 1.6438 -1.8227 3.4652 0.0618 0.7733 0.4897 -0.3980
1341848029.3510 1.6496 -1.8190 3.4585 0.0631 0.7727 0.4889 -0.4000
1341848029.3869 1.6565 -1.8172 3.4554 0.0627 0.7728 0.4879 -0.4010
1341848029.4188 1.6632 -1.8151 3.4505 0.0617 0.7712 0.4885 -0.4034
1341848029.4508 1.6704 -1.8124 3.4455 0.0617 0.7707 0.4872 -0.4061
1341848029.4868 1.6782 -1.8112 3.4409 0.0612 0.7700 0.4867 -0.4081
1341848029.5189 1.6856 -1.8089 3.4370 0.0596 0.7691 0.4859 -0.4109
1341848029.5547 1.6946 -1.8084 3.4324 0.0602 0.7686 0.4839 -0.4142
1341848029.5870 1.7045 -1.8086 3.4305 0.0615 0.7689 0.4816 -0.4161
1341848029.6187 1.7132 -1.8067 3.4264 0.0626 0.7674 0.4807 -0.4196
1341848029.6553 1.7214 -1.8052 3.4201 0.0636 0.7656 0.4798 -0.4237
1341848029.6868 1.7313 -1.8040 3.4176 0.0635 0.7655 0.4779 -0.4262
1341848029.7188 1.7411 -1.8034 3.4143 0.0637 0.7633 0.4779 -0.4300
1341848029.7548 1.7495 -1.8013 3.4092 0.0642 0.7613 0.4779 -0.4336
1341848029.7869 1.7593 -1.8004 3.4063 0.0644 0.7609 0.4761 -0.4362
1341848029.8228 1.7687 -1.7995 3.4031 0.0647 0.7590 0.4762 -0.4393
1341848029.8548 1.7769 -1.7972 3.3994 0.0651 0.7573 0.4757 -0.4426
1341848029.8880 1.7857 -1.7955 3.3970 0.0663 0.7562 0.4744 -0.4459
1341848029.9228 1.7947 -1.7940 3.3954 0.0672 0.7548 0.4741 -0.4484
1341848029.9546 1.8018 -1.7907 3.3919 0.0678 0.7527 0.4742 -0.4517
1341848029.9908 1.8100 -1.7887 3.3890 0.0677 0.7515 0.4733 -0.4546
1341848030.0229 1.8193 -1.7872 3.3866 0.0679 0.7499 0.4735 -0.4570
1341848030.0548 1.8261 -1.7843 3.3839 0.0680 0.7484 0.4737 -0.4592
1341848030.0908 1.8333 -1.7822 3.3795 0.0678 0.7469 0.4734 -0.4620
1341848030.1228 1.8406 -1.7802 3.3779 0.0669 0.7458 0.4731 -0.4642
1341848030.1549 1.8468 -1.7779 3.3736 0.0671 0.7438 0.4735 -0.4670
1341848030.1907 1.8521 -1.7757 3.3707 0.0671 0.7424 0.4734 -0.4693
1341848030.2227 1.8574 -1.7735 3.3673 0.0663 0.7403 0.4737 -0.4724
1341848030.2589 1.8628 -1.7715 3.3644 0.0654 0.7382 0.4737 -0.4758
1341848030.2909 1.8690 -1.7683 3.3606 0.0654 0.7358 0.4739 -0.4792
1341848030.3228 1.8738 -1.7658 3.3566 0.0651 0.7340 0.4744 -0.4817
1341848030.3589 1.8787 -1.7622 3.3528 0.0647 0.7308 0.4756 -0.4853
1341848030.3908 1.8831 -1.7600 3.3477 0.0644 0.7286 0.4757 -0.4886
1341848030.4228 1.8896 -1.7564 3.3457 0.0639 0.7268 0.4757 -0.4914
1341848030.4589 1.8932 -1.7528 3.3398 0.0643 0.7246 0.4757 -0.4945
1341848030.4908 1.9000 -1.7497 3.3372 0.0635 0.7234 0.4756 -0.4964
1341848030.5267 1.9031 -1.7450 3.3320 0.0634 0.7213 0.4762 -0.4989
1341848030.5658 1.9073 -1.7404 3.3267 0.0632 0.7197 0.4752 -0.5022
1341848030.6270 1.9171 -1.7345 3.3179 0.0645 0.7163 0.4734 -0.5086
1341848030.6589 1.9211 -1.7305 3.3110 0.0660 0.7150 0.4715 -0.5120
1341848030.6907 1.9269 -1.7279 3.3059 0.0673 0.7145 0.4691 -0.5147
1341848030.7268 1.9316 -1.7239 3.3008 0.0678 0.7133 0.4676 -0.5176
1341848030.7588 1.9353 -1.7207 3.2937 0.0683 0.7115 0.4657 -0.5217
1341848030.7947 1.9407 -1.7184 3.2884 0.0677 0.7105 0.4634 -0.5253
1341848030.8275 1.9466 -1.7146 3.2813 0.0676 0.7092 0.4610 -0.5291
1341848030.8598 1.9542 -1.7127 3.2764 0.0694 0.7084 0.4573 -0.5331
1341848030.8947 1.9611 -1.7107 3.2704 0.0739 0.7064 0.4544 -0.5377
1341848030.9267 1.9657 -1.7076 3.2611 0.0773 0.7049 0.4519 -0.5412
1341848030.9587 1.9698 -1.7056 3.2526 0.0776 0.7045 0.4489 -0.5442
1341848030.9947 1.9780 -1.7041 3.2470 0.0770 0.7032 0.4456 -0.5487
1341848031.0267 1.9856 -1.7006 3.2377 0.0788 0.7024 0.4426 -0.5519
1341848031.0628 1.9912 -1.6985 3.2310 0.0820 0.7029 0.4390 -0.5537
1341848031.0948 1.9990 -1.6964 3.2247 0.0845 0.7019 0.4364 -0.5567
1341848031.1268 2.0052 -1.6936 3.2146 0.0860 0.7011 0.4351 -0.5584
1341848031.1629 2.0124 -1.6902 3.2083 0.0876 0.7021 0.4327 -0.5587
1341848031.1947 2.0182 -1.6888 3.2024 0.0891 0.7017 0.4320 -0.5596
1341848031.2310 2.0232 -1.6848 3.1959 0.0903 0.7009 0.4317 -0.5605
1341848031.2627 2.0293 -1.6832 3.1893 0.0918 0.7008 0.4309 -0.5611
1341848031.2947 2.0353 -1.6809 3.1839 0.0950 0.6996 0.4311 -0.5619
1341848031.3308 2.0378 -1.6779 3.1753 0.0963 0.6982 0.4318 -0.5628
1341848031.3630 2.0416 -1.6766 3.1698 0.0956 0.6981 0.4311 -0.5637
1341848031.3948 2.0460 -1.6754 3.1651 0.0940 0.6974 0.4309 -0.5649
1341848031.4306 2.0500 -1.6735 3.1591 0.0932 0.6963 0.4304 -0.5669
1341848031.4722 2.0535 -1.6729 3.1544 0.0920 0.6958 0.4295 -0.5682
1341848031.5021 2.0585 -1.6715 3.1511 0.0901 0.6944 0.4300 -0.5699
1341848031.5629 2.0677 -1.6706 3.1428 0.0879 0.6916 0.4284 -0.5748
1341848031.5987 2.0723 -1.6694 3.1396 0.0879 0.6893 0.4282 -0.5778
1341848031.6308 2.0768 -1.6686 3.1346 0.0874 0.6877 0.4274 -0.5803
1341848031.6628 2.0823 -1.6678 3.1322 0.0862 0.6868 0.4262 -0.5824
1341848031.6988 2.0877 -1.6672 3.1283 0.0853 0.6849 0.4257 -0.5853
1341848031.7307 2.0911 -1.6667 3.1230 0.0840 0.6837 0.4242 -0.5878
1341848031.7667 2.0986 -1.6664 3.1209 0.0816 0.6834 0.4217 -0.5903
1341848031.7987 2.1063 -1.6648 3.1184 0.0812 0.6814 0.4200 -0.5939
1341848031.8308 2.1110 -1.6640 3.1143 0.0823 0.6793 0.4175 -0.5980
1341848031.8667 2.1170 -1.6644 3.1110 0.0822 0.6775 0.4152 -0.6016
1341848031.8987 2.1223 -1.6644 3.1073 0.0804 0.6754 0.4142 -0.6048
1341848031.9308 2.1302 -1.6636 3.1036 0.0801 0.6743 0.4109 -0.6083
1341848031.9667 2.1377 -1.6635 3.1006 0.0813 0.6730 0.4094 -0.6106
1341848031.9987 2.1423 -1.6625 3.0954 0.0799 0.6706 0.4091 -0.6136
1341848032.0347 2.1512 -1.6624 3.0909 0.0774 0.6695 0.4077 -0.6161
1341848032.0667 2.1602 -1.6602 3.0886 0.0771 0.6684 0.4063 -0.6182
1341848032.0987 2.1675 -1.6585 3.0827 0.0779 0.6672 0.4054 -0.6201
1341848032.1347 2.1744 -1.6569 3.0790 0.0772 0.6672 0.4050 -0.6204
1341848032.1670 2.1821 -1.6547 3.0760 0.0767 0.6659 0.4048 -0.6219
1341848032.2030 2.1887 -1.6529 3.0697 0.0772 0.6651 0.4043 -0.6231
1341848032.2347 2.1967 -1.6508 3.0671 0.0772 0.6653 0.4033 -0.6235
1341848032.2667 2.2032 -1.6472 3.0646 0.0772 0.6636 0.4037 -0.6251
1341848032.3028 2.2070 -1.6461 3.0580 0.0767 0.6625 0.4040 -0.6260
1341848032.3346 2.2153 -1.6457 3.0575 0.0762 0.6628 0.4026 -0.6267
1341848032.3667 2.2201 -1.6428 3.0544 0.0762 0.6607 0.4034 -0.6284
1341848032.4030 2.2233 -1.6429 3.0492 0.0752 0.6598 0.4022 -0.6302
1341848032.4347 2.2319 -1.6426 3.0472 0.0745 0.6595 0.4002 -0.6319
1341848032.4708 2.2378 -1.6411 3.0429 0.0738 0.6590 0.3996 -0.6330
1341848032.5030 2.2434 -1.6400 3.0381 0.0736 0.6588 0.3985 -0.6338
1341848032.5347 2.2493 -1.6392 3.0354 0.0737 0.6588 0.3969 -0.6348
1341848032.5709 2.2551 -1.6376 3.0306 0.0735 0.6581 0.3961 -0.6361
1341848032.6030 2.2603 -1.6355 3.0218 0.0723 0.6587 0.3947 -0.6364
1341848032.6347 2.2646 -1.6349 3.0183 0.0711 0.6603 0.3927 -0.6362
1341848032.6708 2.2710 -1.6340 3.0129 0.0689 0.6605 0.3913 -0.6371
1341848032.7028 2.2771 -1.6328 3.0059 0.0672 0.6612 0.3902 -0.6372
1341848032.7387 2.2850 -1.6317 3.0014 0.0674 0.6621 0.3882 -0.6375
1341848032.7707 2.2899 -1.6292 2.9963 0.0680 0.6618 0.3885 -0.6376
1341848032.8029 2.2936 -1.6270 2.9862 0.0675 0.6613 0.3887 -0.6380
1341848032.8388 2.3004 -1.6260 2.9817 0.0671 0.6631 0.3877 -0.6368
1341848032.8707 2.3040 -1.6227 2.9771 0.0683 0.6629 0.3877 -0.6369
1341848032.9027 2.3058 -1.6193 2.9689 0.0694 0.6624 0.3869 -0.6378
1341848032.9388 2.3118 -1.6174 2.9649 0.0696 0.6623 0.3862 -0.6382
1341848032.9708 2.3144 -1.6120 2.9583 0.0689 0.6609 0.3873 -0.6391
1341848033.0067 2.3160 -1.6099 2.9517 0.0689 0.6598 0.3870 -0.6405
1341848033.0392 2.3194 -1.6067 2.9449 0.0688 0.6592 0.3856 -0.6419
1341848033.0708 2.3203 -1.6041 2.9393 0.0678 0.6586 0.3850 -0.6430
1341848033.1069 2.3214 -1.5997 2.9320 0.0659 0.6570 0.3835 -0.6457
1341848033.1391 2.3237 -1.5973 2.9248 0.0657 0.6564 0.3810 -0.6478
1341848033.1707 2.3279 -1.5950 2.9209 0.0682 0.6554 0.3787 -0.6499
1341848033.2069 2.3291 -1.5914 2.9145 0.0708 0.6534 0.3777 -0.6522
1341848033.2387 2.3301 -1.5883 2.9075 -0.0710 -0.6514 -0.3766 0.6549
1341848033.2749 2.3360 -1.5854 2.9017 -0.0700 -0.6499 -0.3762 0.6567
1341848033.3067 2.3372 -1.5809 2.8956 -0.0704 -0.6475 -0.3764 0.6589
1341848033.3388 2.3398 -1.5790 2.8879 -0.0714 -0.6454 -0.3751 0.6615
1341848033.3748 2.3439 -1.5758 2.8825 -0.0718 -0.6435 -0.3756 0.6632
1341848033.4068 2.3429 -1.5702 2.8737 -0.0711 -0.6414 -0.3762 0.6648
1341848033.4431 2.3458 -1.5678 2.8676 -0.0708 -0.6410 -0.3748 0.6660
1341848033.4747 2.3491 -1.5649 2.8633 -0.0714 -0.6400 -0.3742 0.6673
1341848033.5068 2.3500 -1.5615 2.8569 -0.0717 -0.6387 -0.3741 0.6686
1341848033.5429 2.3513 -1.5590 2.8499 -0.0719 -0.6383 -0.3730 0.6695
1341848033.5748 2.3545 -1.5568 2.8469 -0.0725 -0.6377 -0.3715 0.6709
1341848033.6069 2.3556 -1.5540 2.8411 -0.0740 -0.6355 -0.3703 0.6735
1341848033.6429 2.3573 -1.5522 2.8341 -0.0751 -0.6349 -0.3690 0.6746
1341848033.6749 2.3597 -1.5507 2.8303 -0.0755 -0.6344 -0.3682 0.6755
1341848033.7108 2.3620 -1.5484 2.8234 -0.0764 -0.6326 -0.3676 0.6774
1341848033.7428 2.3617 -1.5469 2.8154 -0.0774 -0.6322 -0.3660 0.6785
1341848033.7748 2.3656 -1.5455 2.8121 -0.0764 -0.6329 -0.3647 0.6787
1341848033.8111 2.3675 -1.5431 2.8078 -0.0760 -0.6309 -0.3643 0.6808
1341848033.8428 2.3692 -1.5418 2.8014 -0.0773 -0.6295 -0.3627 0.6828
1341848033.8749 2.3726 -1.5401 2.7980 -0.0781 -0.6291 -0.3616 0.6837
1341848033.9112 2.3733 -1.5381 2.7937 -0.0782 -0.6266 -0.3607 0.6864
1341848033.9428 2.3736 -1.5368 2.7900 -0.0757 -0.6237 -0.3591 0.6902
1341848033.9789 2.3766 -1.5361 2.7856 -0.0720 -0.6216 -0.3570 0.6936
1341848034.0108 2.3784 -1.5353 2.7816 -0.0684 -0.6187 -0.3547 0.6977
1341848034.0427 2.3831 -1.5366 2.7785 -0.0661 -0.6148 -0.3520 0.7027
1341848034.0788 2.3872 -1.5364 2.7743 -0.0665 -0.6121 -0.3484 0.7068
1341848034.1108 2.3880 -1.5363 2.7718 -0.0668 -0.6111 -0.3446 0.7095
1341848034.1427 2.3917 -1.5372 2.7698 -0.0646 -0.6070 -0.3406 0.7151
1341848034.1788 2.3969 -1.5364 2.7661 -0.0614 -0.6036 -0.3382 0.7194
1341848034.2107 2.4027 -1.5376 2.7625 -0.0611 -0.6023 -0.3355 0.7218
1341848034.2467 2.4090 -1.5365 2.7590 -0.0625 -0.5990 -0.3321 0.7259
1341848034.2787 2.4112 -1.5369 2.7551 -0.0628 -0.5964 -0.3300 0.7290
1341848034.3181 2.4171 -1.5373 2.7514 -0.0613 -0.5952 -0.3272 0.7314
1341848034.3538 2.4240 -1.5357 2.7469 -0.0616 -0.5929 -0.3242 0.7346
1341848034.3862 2.4296 -1.5349 2.7410 -0.0628 -0.5914 -0.3215 0.7368
1341848034.4218 2.4353 -1.5338 2.7375 -0.0633 -0.5907 -0.3197 0.7382
1341848034.4538 2.4424 -1.5310 2.7320 -0.0632 -0.5887 -0.3189 0.7401
1341848034.4857 2.4487 -1.5296 2.7240 -0.0631 -0.5876 -0.3180 0.7414
1341848034.5217 2.4542 -1.5262 2.7182 -0.0619 -0.5879 -0.3180 0.7413
1341848034.5537 2.4618 -1.5218 2.7121 -0.0608 -0.5869 -0.3182 0.7420
1341848034.5858 2.4684 -1.5173 2.7048 -0.0614 -0.5865 -0.3185 0.7421
1341848034.6538 2.4817 -1.5093 2.6939 -0.0639 -0.5852 -0.3207 0.7420
1341848034.7152 2.4943 -1.5009 2.6801 -0.0650 -0.5829 -0.3213 0.7434
1341848034.7467 2.5009 -1.4964 2.6756 -0.0663 -0.5831 -0.3217 0.7430
1341848034.7828 2.5048 -1.4919 2.6706 -0.0679 -0.5819 -0.3223 0.7436
1341848034.8147 2.5107 -1.4873 2.6635 -0.0681 -0.5809 -0.3218 0.7445
1341848034.8469 2.5168 -1.4830 2.6594 -0.0675 -0.5812 -0.3234 0.7437
1341848034.8827 2.5199 -1.4792 2.6548 -0.0687 -0.5797 -0.3236 0.7447
1341848034.9148 2.5245 -1.4765 2.6505 -0.0693 -0.5783 -0.3239 0.7455
1341848034.9515 2.5274 -1.4724 2.6474 -0.0686 -0.5769 -0.3250 0.7462
1341848034.9830 2.5295 -1.4694 2.6435 -0.0688 -0.5748 -0.3252 0.7477
1341848035.0149 2.5330 -1.4662 2.6403 -0.0697 -0.5732 -0.3253 0.7488
1341848035.0509 2.5337 -1.4613 2.6357 -0.0707 -0.5718 -0.3251 0.7499
1341848035.0843 2.5363 -1.4588 2.6316 -0.0704 -0.5711 -0.3250 0.7505
1341848035.1189 2.5403 -1.4543 2.6275 -0.0698 -0.5695 -0.3257 0.7515
1341848035.2189 2.5452 -1.4432 2.6132 -0.0714 -0.5666 -0.3267 0.7531
1341848035.2843 2.5464 -1.4350 2.5996 -0.0712 -0.5655 -0.3258 0.7543
1341848035.3199 2.5486 -1.4324 2.5950 -0.0714 -0.5652 -0.3239 0.7554
1341848035.3510 2.5488 -1.4284 2.5866 -0.0715 -0.5646 -0.3225 0.7564
1341848035.4227 2.5530 -1.4240 2.5745 -0.0728 -0.5646 -0.3181 0.7581
1341848035.4868 2.5537 -1.4161 2.5597 -0.0732 -0.5643 -0.3137 0.7602
1341848035.5186 2.5564 -1.4124 2.5530 -0.0749 -0.5639 -0.3117 0.7611
1341848035.5509 2.5528 -1.4088 2.5457 -0.0777 -0.5629 -0.3084 0.7629
1341848035.5867 2.5544 -1.4074 2.5383 -0.0774 -0.5628 -0.3054 0.7642
1341848035.6188 2.5583 -1.4039 2.5322 -0.0768 -0.5616 -0.3036 0.7659
1341848035.6547 2.5574 -1.3995 2.5249 -0.0786 -0.5591 -0.3010 0.7685
1341848035.6867 2.5598 -1.3970 2.5180 -0.0811 -0.5575 -0.2982 0.7705
1341848035.7188 2.5611 -1.3920 2.5121 -0.0831 -0.5538 -0.2968 0.7735
1341848035.7560 2.5581 -1.3869 2.5048 -0.0844 -0.5511 -0.2953 0.7758
1341848035.7867 2.5601 -1.3847 2.4983 -0.0842 -0.5496 -0.2944 0.7773
1341848035.8188 2.5592 -1.3803 2.4922 -0.0845 -0.5462 -0.2939 0.7799
1341848035.8547 2.5570 -1.3779 2.4847 -0.0854 -0.5440 -0.2915 0.7821
1341848035.8867 2.5587 -1.3755 2.4775 -0.0866 -0.5435 -0.2887 0.7834
1341848035.9228 2.5583 -1.3721 2.4705 -0.0881 -0.5424 -0.2864 0.7848
1341848035.9546 2.5582 -1.3691 2.4616 -0.0889 -0.5422 -0.2836 0.7859
1341848035.9867 2.5609 -1.3662 2.4535 -0.0907 -0.5426 -0.2806 0.7865
1341848036.0228 2.5631 -1.3625 2.4480 -0.0938 -0.5422 -0.2788 0.7870
1341848036.0549 2.5601 -1.3573 2.4403 -0.0960 -0.5410 -0.2773 0.7882
1341848036.0870 2.5613 -1.3547 2.4337 -0.0958 -0.5402 -0.2765 0.7890
1341848036.1227 2.5636 -1.3507 2.4272 -0.0954 -0.5382 -0.2779 0.7900
1341848036.1548 2.5591 -1.3471 2.4210 -0.0967 -0.5360 -0.2785 0.7911
1341848036.1908 2.5585 -1.3438 2.4149 -0.0964 -0.5350 -0.2776 0.7921
1341848036.2233 2.5583 -1.3407 2.4081 -0.0958 -0.5334 -0.2782 0.7930
1341848036.2547 2.5560 -1.3372 2.4017 -0.0942 -0.5323 -0.2792 0.7936
1341848036.2908 2.5560 -1.3333 2.3970 -0.0914 -0.5304 -0.2799 0.7949
1341848036.3549 2.5564 -1.3253 2.3808 -0.0901 -0.5262 -0.2806 0.7977
1341848036.3908 2.5562 -1.3225 2.3758 -0.0905 -0.5259 -0.2794 0.7982
1341848036.4588 2.5555 -1.3141 2.3613 -0.0888 -0.5219 -0.2789 0.8012
1341848036.4912 2.5573 -1.3097 2.3527 -0.0872 -0.5221 -0.2787 0.8013
1341848036.5227 2.5565 -1.3048 2.3449 -0.0863 -0.5213 -0.2783 0.8021
1341848036.5589 2.5567 -1.3010 2.3371 -0.0847 -0.5205 -0.2771 0.8032
1341848036.5907 2.5563 -1.2960 2.3311 -0.0833 -0.5196 -0.2755 0.8045
1341848036.6268 2.5556 -1.2915 2.3229 -0.0835 -0.5178 -0.2723 0.8067
1341848036.6587 2.5553 -1.2882 2.3119 -0.0830 -0.5169 -0.2691 0.8084
1341848036.6912 2.5550 -1.2840 2.3024 -0.0803 -0.5162 -0.2667 0.8099
1341848036.7268 2.5593 -1.2802 2.2924 -0.0789 -0.5152 -0.2636 0.8117
1341848036.7589 2.5578 -1.2753 2.2813 -0.0788 -0.5137 -0.2605 0.8137
1341848036.7907 2.5595 -1.2723 2.2714 -0.0770 -0.5130 -0.2575 0.8152
1341848036.8270 2.5644 -1.2684 2.2604 -0.0751 -0.5107 -0.2563 0.8172
1341848036.8586 2.5652 -1.2636 2.2501 -0.0756 -0.5083 -0.2539 0.8194
1341848036.9268 2.5660 -1.2551 2.2295 -0.0762 -0.5050 -0.2481 0.8231
1341848036.9587 2.5678 -1.2511 2.2181 -0.0731 -0.5037 -0.2470 0.8246
1341848036.9948 2.5719 -1.2452 2.2069 -0.0716 -0.5020 -0.2445 0.8265
1341848037.0268 2.5708 -1.2410 2.1952 -0.0701 -0.5010 -0.2436 0.8275
1341848037.0610 2.5707 -1.2358 2.1864 -0.0665 -0.5013 -0.2427 0.8279
1341848037.0947 2.5741 -1.2314 2.1751 -0.0633 -0.5009 -0.2403 0.8291
1341848037.1267 2.5762 -1.2260 2.1641 -0.0621 -0.5012 -0.2383 0.8295
1341848037.1628 2.5721 -1.2233 2.1529 -0.0597 -0.5020 -0.2355 0.8300
1341848037.1947 2.5745 -1.2209 2.1396 -0.0528 -0.5062 -0.2334 0.8286
1341848037.2270 2.5814 -1.2128 2.1311 -0.0485 -0.5091 -0.2299 0.8280
1341848037.2637 2.5797 -1.2099 2.1166 -0.0472 -0.5111 -0.2265 0.8278
1341848037.2952 2.5842 -1.2048 2.1070 -0.0413 -0.5157 -0.2260 0.8254
1341848037.3269 2.5878 -1.1988 2.0997 -0.0397 -0.5160 -0.2263 0.8252
1341848037.3627 2.5834 -1.1950 2.0878 -0.0397 -0.5155 -0.2257 0.8257
1341848037.3951 2.5838 -1.1915 2.0787 -0.0361 -0.5169 -0.2266 0.8247
1341848037.4309 2.5840 -1.1875 2.0698 -0.0334 -0.5167 -0.2277 0.8246
1341848037.4628 2.5832 -1.1827 2.0571 -0.0325 -0.5160 -0.2278 0.8251
1341848037.5307 2.5817 -1.1714 2.0418 -0.0297 -0.5169 -0.2289 0.8243
1341848037.5630 2.5793 -1.1669 2.0316 -0.0294 -0.5151 -0.2307 0.8250
1341848037.5958 2.5771 -1.1634 2.0222 -0.0286 -0.5149 -0.2312 0.8250
1341848037.6308 2.5757 -1.1562 2.0158 -0.0277 -0.5135 -0.2321 0.8256
1341848037.6627 2.5714 -1.1526 2.0085 -0.0273 -0.5107 -0.2337 0.8269
1341848037.6987 2.5671 -1.1473 2.0003 -0.0254 -0.5090 -0.2345 0.8278
1341848037.7310 2.5643 -1.1420 1.9939 -0.0246 -0.5070 -0.2338 0.8293
1341848037.7698 2.5612 -1.1364 1.9854 -0.0251 -0.5043 -0.2332 0.8310
1341848037.8378 2.5542 -1.1270 1.9719 -0.0236 -0.5015 -0.2301 0.8337
1341848037.8989 2.5478 -1.1143 1.9577 -0.0307 -0.4953 -0.2271 0.8380
1341848037.9309 2.5448 -1.1081 1.9516 -0.0324 -0.4911 -0.2263 0.8406
1341848037.9669 2.5423 -1.1009 1.9426 -0.0347 -0.4869 -0.2265 0.8429
1341848037.9986 2.5378 -1.0958 1.9349 -0.0372 -0.4841 -0.2261 0.8444
1341848038.0309 2.5344 -1.0906 1.9292 -0.0381 -0.4815 -0.2263 0.8459
1341848038.0668 2.5322 -1.0849 1.9236 -0.0405 -0.4773 -0.2267 0.8480
1341848038.0987 2.5279 -1.0794 1.9164 -0.0434 -0.4733 -0.2261 0.8503
1341848038.1347 2.5240 -1.0751 1.9086 -0.0447 -0.4705 -0.2262 0.8517
1341848038.1667 2.5213 -1.0692 1.9032 -0.0446 -0.4676 -0.2274 0.8530
1341848038.1987 2.5175 -1.0638 1.8959 -0.0458 -0.4641 -0.2268 0.8550
1341848038.2347 2.5114 -1.0597 1.8891 -0.0470 -0.4627 -0.2252 0.8562
1341848038.2741 2.5101 -1.0546 1.8824 -0.0456 -0.4610 -0.2251 0.8572
1341848038.3065 2.5061 -1.0501 1.8736 -0.0455 -0.4582 -0.2260 0.8584
1341848038.3419 2.4997 -1.0458 1.8690 -0.0456 -0.4568 -0.2253 0.8594
1341848038.3741 2.4968 -1.0437 1.8617 -0.0440 -0.4545 -0.2259 0.8605
1341848038.4098 2.4927 -1.0384 1.8538 -0.0423 -0.4524 -0.2272 0.8614
1341848038.4418 2.4893 -1.0362 1.8476 -0.0421 -0.4523 -0.2254 0.8619
1341848038.4739 2.4876 -1.0325 1.8394 -0.0424 -0.4507 -0.2248 0.8629
1341848038.5102 2.4796 -1.0287 1.8342 -0.0415 -0.4488 -0.2248 0.8639
1341848038.5669 2.4760 -1.0227 1.8174 -0.0349 -0.4479 -0.2224 0.8653
1341848038.6030 2.4724 -1.0178 1.8074 -0.0334 -0.4467 -0.2228 0.8659
1341848038.6347 2.4713 -1.0112 1.7978 -0.0313 -0.4475 -0.2219 0.8658
1341848038.6707 2.4730 -1.0058 1.7881 -0.0307 -0.4470 -0.2221 0.8660
1341848038.7029 2.4672 -1.0013 1.7806 -0.0309 -0.4464 -0.2223 0.8662
1341848038.7348 2.4663 -0.9990 1.7713 -0.0285 -0.4465 -0.2226 0.8662
1341848038.7707 2.4677 -0.9931 1.7597 -0.0268 -0.4447 -0.2227 0.8671
1341848038.8028 2.4659 -0.9864 1.7484 -0.0283 -0.4442 -0.2215 0.8677
1341848038.8388 2.4638 -0.9851 1.7431 -0.0293 -0.4447 -0.2193 0.8679
1341848038.8711 2.4648 -0.9788 1.7341 -0.0270 -0.4422 -0.2188 0.8694
1341848038.9028 2.4654 -0.9724 1.7223 -0.0281 -0.4391 -0.2176 0.8712
1341848038.9388 2.4642 -0.9677 1.7138 -0.0298 -0.4387 -0.2142 0.8722
1341848038.9708 2.4676 -0.9633 1.7062 -0.0303 -0.4362 -0.2130 0.8738
1341848039.0026 2.4670 -0.9558 1.6990 -0.0313 -0.4317 -0.2133 0.8758
1341848039.0389 2.4646 -0.9525 1.6913 -0.0311 -0.4295 -0.2106 0.8776
1341848039.0708 2.4703 -0.9465 1.6796 -0.0304 -0.4274 -0.2087 0.8791
1341848039.1068 2.4697 -0.9418 1.6713 -0.0316 -0.4257 -0.2075 0.8802
1341848039.1387 2.4712 -0.9388 1.6631 -0.0314 -0.4248 -0.2048 0.8812
1341848039.1707 2.4752 -0.9335 1.6532 -0.0319 -0.4223 -0.2037 0.8827
1341848039.2068 2.4729 -0.9304 1.6464 -0.0331 -0.4209 -0.2026 0.8836
1341848039.2389 2.4742 -0.9265 1.6374 -0.0313 -0.4204 -0.2009 0.8843
1341848039.2710 2.4813 -0.9207 1.6265 -0.0305 -0.4186 -0.2006 0.8852
1341848039.3067 2.4773 -0.9170 1.6203 -0.0321 -0.4171 -0.1994 0.8862
1341848039.3389 2.4780 -0.9137 1.6123 -0.0321 -0.4164 -0.1977 0.8868
1341848039.3748 2.4807 -0.9092 1.6055 -0.0315 -0.4155 -0.1985 0.8871
1341848039.4069 2.4808 -0.9058 1.5993 -0.0319 -0.4134 -0.1989 0.8880
1341848039.4389 2.4807 -0.9004 1.5920 -0.0318 -0.4120 -0.1988 0.8886
1341848039.4749 2.4811 -0.8965 1.5860 -0.0325 -0.4103 -0.1996 0.8892
1341848039.5071 2.4768 -0.8929 1.5820 -0.0325 -0.4080 -0.2004 0.8901
1341848039.5387 2.4755 -0.8900 1.5749 -0.0310 -0.4061 -0.2007 0.8910
1341848039.5749 2.4727 -0.8843 1.5660 -0.0304 -0.4050 -0.2010 0.8914
1341848039.6067 2.4705 -0.8812 1.5614 -0.0304 -0.4049 -0.2009 0.8915
1341848039.6427 2.4674 -0.8771 1.5570 -0.0286 -0.4025 -0.2018 0.8924
1341848039.6748 2.4637 -0.8722 1.5471 -0.0265 -0.4008 -0.2024 0.8931
1341848039.7072 2.4621 -0.8677 1.5395 -0.0264 -0.4010 -0.2021 0.8931
1341848039.7429 2.4592 -0.8626 1.5361 -0.0261 -0.3995 -0.2027 0.8937
1341848039.7753 2.4541 -0.8592 1.5305 -0.0246 -0.3969 -0.2038 0.8946
1341848039.8069 2.4504 -0.8541 1.5225 -0.0220 -0.3958 -0.2040 0.8951
1341848039.8433 2.4487 -0.8481 1.5161 -0.0211 -0.3939 -0.2037 0.8960
1341848039.8818 2.4424 -0.8461 1.5125 -0.0212 -0.3921 -0.2033 0.8969
1341848039.9434 2.4378 -0.8360 1.4972 -0.0203 -0.3893 -0.1993 0.8991
1341848039.9748 2.4306 -0.8314 1.4929 -0.0228 -0.3882 -0.1971 0.9000
1341848040.0107 2.4232 -0.8284 1.4874 -0.0226 -0.3876 -0.1949 0.9007
1341848040.0428 2.4223 -0.8194 1.4791 -0.0224 -0.3856 -0.1935 0.9019
1341848040.0787 2.4157 -0.8147 1.4730 -0.0257 -0.3830 -0.1917 0.9033
1341848040.1108 2.4095 -0.8090 1.4682 -0.0282 -0.3801 -0.1900 0.9048
1341848040.1427 2.4050 -0.8051 1.4628 -0.0295 -0.3762 -0.1896 0.9064
1341848040.1788 2.4012 -0.7994 1.4532 -0.0307 -0.3730 -0.1901 0.9076
1341848040.2110 2.3975 -0.7961 1.4494 -0.0345 -0.3710 -0.1886 0.9086
1341848040.2427 2.3921 -0.7916 1.4440 -0.0372 -0.3675 -0.1876 0.9102
1341848040.2789 2.3833 -0.7901 1.4404 -0.0383 -0.3641 -0.1869 0.9116
1341848040.3107 2.3793 -0.7860 1.4327 -0.0373 -0.3624 -0.1840 0.9129
1341848040.3469 2.3775 -0.7816 1.4225 -0.0396 -0.3599 -0.1811 0.9144
1341848040.3788 2.3689 -0.7808 1.4233 -0.0427 -0.3585 -0.1786 0.9153
1341848040.4109 2.3621 -0.7825 1.4188 -0.0418 -0.3571 -0.1755 0.9165
1341848040.4467 2.3604 -0.7763 1.4077 -0.0403 -0.3556 -0.1718 0.9178
1341848040.4787 2.3559 -0.7754 1.4027 -0.0414 -0.3550 -0.1685 0.9186
1341848040.5178 2.3503 -0.7754 1.3988 -0.0404 -0.3546 -0.1667 0.9192
1341848040.5789 2.3445 -0.7679 1.3783 -0.0378 -0.3519 -0.1654 0.9205
1341848040.6149 2.3370 -0.7683 1.3745 -0.0392 -0.3506 -0.1638 0.9213
1341848040.6468 2.3352 -0.7668 1.3699 -0.0373 -0.3491 -0.1638 0.9219
1341848040.6790 2.3288 -0.7684 1.3699 -0.0367 -0.3453 -0.1628 0.9235
1341848040.7147 2.3256 -0.7692 1.3706 -0.0332 -0.3407 -0.1606 0.9258
1341848040.7468 2.3202 -0.7692 1.3619 -0.0288 -0.3330 -0.1594 0.9289
1341848040.7788 2.3183 -0.7633 1.3529 -0.0238 -0.3277 -0.1580 0.9312
1341848040.8147 2.3150 -0.7605 1.3472 -0.0225 -0.3209 -0.1566 0.9338
1341848040.8469 2.3071 -0.7599 1.3403 -0.0218 -0.3158 -0.1550 0.9358
1341848040.8828 2.3056 -0.7579 1.3369 -0.0190 -0.3119 -0.1538 0.9374
1341848040.9147 2.3019 -0.7526 1.3301 -0.0178 -0.3064 -0.1516 0.9396
1341848040.9469 2.2957 -0.7519 1.3287 -0.0186 -0.3034 -0.1482 0.9411
1341848040.9845 2.2943 -0.7475 1.3200 -0.0175 -0.2980 -0.1458 0.9432
1341848041.0226 2.2875 -0.7415 1.3133 -0.0200 -0.2935 -0.1417 0.9452
1341848041.0589 2.2825 -0.7403 1.3147 -0.0221 -0.2926 -0.1365 0.9462
1341848041.0943 2.2838 -0.7365 1.3083 -0.0229 -0.2877 -0.1337 0.9481
1341848041.1222 2.2798 -0.7266 1.3060 -0.0257 -0.2826 -0.1306 0.9499
1341848041.1900 2.2739 -0.7224 1.2967 -0.0331 -0.2762 -0.1208 0.9529
1341848041.2507 2.2652 -0.7157 1.2889 -0.0375 -0.2708 -0.1166 0.9548
1341848041.2831 2.2603 -0.7083 1.2840 -0.0402 -0.2672 -0.1156 0.9558
1341848041.3193 2.2514 -0.7103 1.2854 -0.0439 -0.2653 -0.1136 0.9564
1341848041.3555 2.2482 -0.7046 1.2796 -0.0419 -0.2625 -0.1124 0.9574
1341848041.3849 2.2434 -0.7004 1.2779 -0.0421 -0.2591 -0.1137 0.9582
1341848041.4188 2.2344 -0.6991 1.2797 -0.0428 -0.2552 -0.1109 0.9596
1341848041.4508 2.2357 -0.6963 1.2696 -0.0436 -0.2518 -0.1094 0.9606
1341848041.4828 2.2267 -0.6905 1.2708 -0.0460 -0.2483 -0.1103 0.9613
1341848041.5188 2.2164 -0.6900 1.2755 -0.0483 -0.2440 -0.1085 0.9625
1341848041.5507 2.2127 -0.6887 1.2708 -0.0476 -0.2387 -0.1092 0.9638
1341848041.5868 2.2032 -0.6848 1.2706 -0.0477 -0.2345 -0.1098 0.9647
1341848041.6187 2.1942 -0.6837 1.2707 -0.0476 -0.2313 -0.1088 0.9656
1341848041.6510 2.1867 -0.6806 1.2665 -0.0472 -0.2283 -0.1082 0.9664
1341848041.6868 2.1734 -0.6822 1.2699 -0.0478 -0.2266 -0.1070 0.9669
1341848041.7188 2.1671 -0.6764 1.2650 -0.0458 -0.2242 -0.1043 0.9679
1341848041.7508 2.1549 -0.6762 1.2639 -0.0470 -0.2221 -0.1010 0.9686
1341848041.7867 2.1435 -0.6733 1.2650 -0.0461 -0.2213 -0.0975 0.9692
1341848041.8187 2.1329 -0.6720 1.2608 -0.0459 -0.2208 -0.0936 0.9697
1341848041.8547 2.1270 -0.6680 1.2570 -0.0453 -0.2213 -0.0907 0.9699
1341848041.8867 2.1130 -0.6677 1.2602 -0.0466 -0.2195 -0.0876 0.9706
1341848041.9187 2.1000 -0.6729 1.2621 -0.0460 -0.2186 -0.0845 0.9710
1341848041.9950 2.0854 -0.6650 1.2456 -0.0456 -0.2144 -0.0774 0.9726
1341848042.0189 2.0707 -0.6706 1.2550 -0.0482 -0.2133 -0.0722 0.9731
1341848042.0546 2.0657 -0.6674 1.2440 -0.0447 -0.2111 -0.0712 0.9738
1341848042.0895 2.0541 -0.6669 1.2388 -0.0468 -0.2075 -0.0700 0.9746
1341848042.1229 2.0388 -0.6693 1.2464 -0.0491 -0.2060 -0.0656 0.9751
1341848042.1548 2.0334 -0.6701 1.2391 -0.0474 -0.2037 -0.0654 0.9757
1341848042.1867 2.0220 -0.6668 1.2399 -0.0465 -0.1999 -0.0667 0.9764
1341848042.2229 2.0092 -0.6690 1.2398 -0.0485 -0.1961 -0.0636 0.9773
1341848042.2548 2.0058 -0.6674 1.2404 -0.0474 -0.1948 -0.0639 0.9776
1341848042.2907 1.9979 -0.6654 1.2411 -0.0474 -0.1903 -0.0660 0.9784
1341848042.3228 1.9823 -0.6664 1.2414 -0.0486 -0.1854 -0.0644 0.9793
1341848042.3550 1.9791 -0.6641 1.2375 -0.0499 -0.1840 -0.0612 0.9797
1341848042.3907 1.9676 -0.6593 1.2378 -0.0520 -0.1807 -0.0593 0.9804
1341848042.4297 1.9532 -0.6604 1.2415 -0.0535 -0.1760 -0.0572 0.9813
1341848042.4909 1.9427 -0.6536 1.2331 -0.0553 -0.1686 -0.0526 0.9827
1341848042.5227 1.9253 -0.6532 1.2402 -0.0582 -0.1632 -0.0495 0.9836
1341848042.5587 1.9209 -0.6489 1.2382 -0.0562 -0.1591 -0.0464 0.9846
1341848042.5908 1.9158 -0.6490 1.2366 -0.0581 -0.1554 -0.0447 0.9851
1341848042.6227 1.8949 -0.6468 1.2422 -0.0590 -0.1494 -0.0395 0.9862
1341848042.6587 1.8942 -0.6411 1.2382 -0.0546 -0.1476 -0.0367 0.9869
1341848042.6978 1.8859 -0.6405 1.2349 -0.0550 -0.1424 -0.0346 0.9877
1341848042.7298 1.8723 -0.6356 1.2332 -0.0550 -0.1369 -0.0272 0.9887
1341848042.7616 1.8716 -0.6293 1.2273 -0.0543 -0.1344 -0.0222 0.9892
1341848042.7980 1.8662 -0.6286 1.2263 -0.0559 -0.1296 -0.0208 0.9898
1341848042.8297 1.8572 -0.6240 1.2277 -0.0561 -0.1234 -0.0184 0.9906
1341848042.8617 1.8521 -0.6217 1.2229 -0.0571 -0.1180 -0.0148 0.9913
1341848042.8978 1.8439 -0.6183 1.2194 -0.0581 -0.1129 -0.0125 0.9918
1341848042.9299 1.8331 -0.6197 1.2228 -0.0592 -0.1090 -0.0111 0.9922
1341848042.9657 1.8300 -0.6177 1.2209 -0.0571 -0.1058 -0.0088 0.9927
1341848042.9980 1.8221 -0.6114 1.2169 -0.0560 -0.1022 -0.0053 0.9932
1341848043.0303 1.8179 -0.6099 1.2146 -0.0573 -0.1000 -0.0016 0.9933
1341848043.0657 1.8135 -0.6079 1.2121 -0.0580 -0.0967 0.0002 0.9936
1341848043.0979 1.8030 -0.6053 1.2111 -0.0590 -0.0923 0.0015 0.9940
1341848043.1340 1.7962 -0.6047 1.2126 -0.0594 -0.0897 0.0029 0.9942
1341848043.1658 1.7906 -0.6031 1.2090 -0.0602 -0.0864 0.0040 0.9944
1341848043.2019 1.7737 -0.6029 1.2145 -0.0608 -0.0827 0.0035 0.9947
1341848043.2339 1.7646 -0.6030 1.2170 -0.0586 -0.0801 0.0043 0.9951
1341848043.2657 1.7593 -0.5995 1.2084 -0.0572 -0.0764 0.0071 0.9954
1341848043.3018 1.7482 -0.6007 1.2111 -0.0580 -0.0736 0.0079 0.9956
1341848043.3340 1.7442 -0.6039 1.2149 -0.0577 -0.0723 0.0091 0.9957
1341848043.3698 1.7349 -0.6004 1.2105 -0.0561 -0.0691 0.0108 0.9960
1341848043.4017 1.7228 -0.6007 1.2145 -0.0562 -0.0682 0.0120 0.9960
1341848043.4339 1.7167 -0.5982 1.2135 -0.0549 -0.0676 0.0134 0.9961
1341848043.4696 1.7083 -0.6018 1.2151 -0.0563 -0.0651 0.0147 0.9962
1341848043.5017 1.6885 -0.6014 1.2181 -0.0566 -0.0601 0.0193 0.9964
1341848043.5378 1.6833 -0.6023 1.2214 -0.0551 -0.0619 0.0207 0.9963
1341848043.5697 1.6733 -0.5999 1.2173 -0.0548 -0.0588 0.0237 0.9965
1341848043.6018 1.6603 -0.5993 1.2191 -0.0560 -0.0570 0.0261 0.9965
1341848043.6378 1.6452 -0.5984 1.2207 -0.0570 -0.0544 0.0273 0.9965
1341848043.6701 1.6380 -0.6002 1.2267 -0.0587 -0.0537 0.0288 0.9964
1341848043.7020 1.6211 -0.5976 1.2308 -0.0578 -0.0501 0.0296 0.9966
1341848043.7378 1.6143 -0.5941 1.2320 -0.0575 -0.0499 0.0321 0.9966
1341848043.7698 1.6090 -0.5979 1.2360 -0.0615 -0.0490 0.0347 0.9963
1341848043.8058 1.5942 -0.6039 1.2465 -0.0644 -0.0461 0.0365 0.9962
1341848043.8379 1.5858 -0.6070 1.2539 -0.0627 -0.0451 0.0366 0.9963
1341848043.8697 1.5796 -0.6037 1.2521 -0.0600 -0.0433 0.0373 0.9966
1341848043.9057 1.5654 -0.6080 1.2553 -0.0631 -0.0409 0.0392 0.9964
1341848043.9380 1.5573 -0.6092 1.2618 -0.0623 -0.0415 0.0393 0.9964
1341848043.9698 1.5525 -0.6081 1.2603 -0.0613 -0.0398 0.0375 0.9966
1341848044.0059 1.5388 -0.6117 1.2664 -0.0637 -0.0364 0.0369 0.9966
1341848044.0377 1.5264 -0.6156 1.2734 -0.0631 -0.0357 0.0380 0.9966
1341848044.0738 1.5240 -0.6119 1.2668 -0.0603 -0.0357 0.0378 0.9968
1341848044.1058 1.5095 -0.6135 1.2723 -0.0639 -0.0338 0.0390 0.9966
1341848044.1377 1.5009 -0.6158 1.2792 -0.0637 -0.0346 0.0403 0.9965
1341848044.1738 1.4992 -0.6145 1.2772 -0.0631 -0.0346 0.0400 0.9966
1341848044.2057 1.4868 -0.6180 1.2821 -0.0647 -0.0304 0.0397 0.9967
1341848044.2378 1.4771 -0.6175 1.2860 -0.0640 -0.0287 0.0414 0.9967
1341848044.2738 1.4742 -0.6172 1.2850 -0.0641 -0.0282 0.0422 0.9967
1341848044.3057 1.4639 -0.6211 1.2881 -0.0665 -0.0248 0.0427 0.9966
1341848044.3378 1.4564 -0.6189 1.2947 -0.0654 -0.0232 0.0437 0.9966
1341848044.3737 1.4508 -0.6192 1.2944 -0.0656 -0.0213 0.0460 0.9966
1341848044.4059 1.4471 -0.6204 1.2968 -0.0674 -0.0193 0.0481 0.9964
1341848044.4417 1.4381 -0.6220 1.3023 -0.0684 -0.0149 0.0515 0.9962
1341848044.4737 1.4354 -0.6216 1.3061 -0.0684 -0.0124 0.0547 0.9961
1341848044.5057 1.4296 -0.6213 1.3093 -0.0690 -0.0076 0.0586 0.9959
1341848044.5419 1.4218 -0.6228 1.3143 -0.0698 -0.0017 0.0622 0.9956
1341848044.5738 1.4128 -0.6232 1.3195 -0.0695 0.0038 0.0657 0.9954
1341848044.6058 1.4086 -0.6241 1.3224 -0.0694 0.0078 0.0698 0.9951
1341848044.6417 1.4017 -0.6228 1.3251 -0.0700 0.0127 0.0753 0.9946
1341848044.7060 1.3880 -0.6252 1.3356 -0.0697 0.0197 0.0836 0.9939
1341848044.7710 1.3735 -0.6271 1.3424 -0.0675 0.0273 0.0911 0.9932
1341848044.8028 1.3676 -0.6235 1.3393 -0.0649 0.0295 0.0924 0.9932
1341848044.8349 1.3586 -0.6274 1.3450 -0.0670 0.0335 0.0943 0.9927
1341848044.8707 1.3495 -0.6303 1.3504 -0.0655 0.0360 0.0989 0.9923
1341848044.9027 1.3406 -0.6288 1.3476 -0.0628 0.0371 0.1017 0.9921
1341848044.9708 1.3246 -0.6305 1.3520 -0.0632 0.0390 0.1087 0.9913
1341848045.0026 1.3185 -0.6274 1.3488 -0.0627 0.0378 0.1106 0.9912
1341848045.0387 1.3107 -0.6264 1.3504 -0.0657 0.0385 0.1117 0.9908
1341848045.0708 1.3041 -0.6299 1.3579 -0.0687 0.0392 0.1115 0.9906
1341848045.1028 1.2978 -0.6271 1.3583 -0.0677 0.0412 0.1116 0.9906
1341848045.1388 1.2894 -0.6303 1.3630 -0.0713 0.0443 0.1112 0.9902
1341848045.1708 1.2785 -0.6326 1.3733 -0.0721 0.0461 0.1120 0.9900
1341848045.2027 1.2743 -0.6307 1.3735 -0.0701 0.0462 0.1117 0.9902
1341848045.2389 1.2666 -0.6375 1.3788 -0.0728 0.0489 0.1091 0.9901
1341848045.2708 1.2627 -0.6430 1.3863 -0.0738 0.0482 0.1107 0.9899
1341848045.3068 1.2500 -0.6402 1.3863 -0.0721 0.0507 0.1103 0.9900
1341848045.3387 1.2426 -0.6448 1.3943 -0.0749 0.0522 0.1082 0.9899
1341848045.3708 1.2344 -0.6494 1.4034 -0.0752 0.0538 0.1079 0.9899
1341848045.4067 1.2278 -0.6488 1.4045 -0.0746 0.0529 0.1079 0.9899
1341848045.4387 1.2206 -0.6502 1.4110 -0.0776 0.0511 0.1080 0.9898
1341848045.4747 1.2143 -0.6521 1.4217 -0.0785 0.0489 0.1069 0.9900
1341848045.5389 1.2020 -0.6569 1.4362 -0.0780 0.0484 0.1047 0.9903
1341848045.6069 1.1847 -0.6605 1.4436 -0.0771 0.0466 0.1042 0.9905
1341848045.6459 1.1767 -0.6638 1.4489 -0.0789 0.0460 0.1031 0.9905
1341848045.7070 1.1629 -0.6678 1.4678 -0.0793 0.0424 0.1004 0.9909
1341848045.7431 1.1570 -0.6670 1.4690 -0.0787 0.0404 0.0991 0.9911
1341848045.7748 1.1493 -0.6717 1.4783 -0.0821 0.0398 0.0974 0.9910
1341848045.8076 1.1416 -0.6727 1.4914 -0.0813 0.0370 0.0966 0.9913
1341848045.8429 1.1379 -0.6697 1.4928 -0.0780 0.0332 0.0947 0.9919
1341848045.8748 1.1309 -0.6719 1.4952 -0.0810 0.0327 0.0923 0.9919
1341848045.9068 1.1251 -0.6738 1.5099 -0.0833 0.0301 0.0921 0.9918
1341848045.9428 1.1205 -0.6730 1.5165 -0.0801 0.0235 0.0917 0.9923
1341848045.9748 1.1164 -0.6724 1.5170 -0.0791 0.0194 0.0869 0.9929
1341848046.0108 1.1090 -0.6700 1.5252 -0.0787 0.0169 0.0844 0.9932
1341848046.0428 1.1039 -0.6678 1.5313 -0.0764 0.0110 0.0828 0.9936
1341848046.0747 1.1004 -0.6641 1.5316 -0.0746 0.0045 0.0787 0.9941
1341848046.1108 1.0913 -0.6645 1.5363 -0.0774 0.0043 0.0745 0.9942
1341848046.1428 1.0858 -0.6667 1.5460 -0.0783 0.0017 0.0724 0.9943
1341848046.1818 1.0826 -0.6666 1.5445 -0.0765 -0.0027 0.0675 0.9948
1341848046.2197 1.0779 -0.6659 1.5445 -0.0794 -0.0050 0.0640 0.9948
1341848046.2497 1.0715 -0.6660 1.5519 -0.0818 -0.0087 0.0621 0.9947
1341848046.2836 1.0679 -0.6641 1.5525 -0.0812 -0.0137 0.0583 0.9949
1341848046.3177 1.0621 -0.6613 1.5540 -0.0816 -0.0159 0.0536 0.9951
1341848046.3497 1.0551 -0.6629 1.5569 -0.0838 -0.0173 0.0518 0.9950
1341848046.3823 1.0494 -0.6595 1.5577 -0.0827 -0.0210 0.0497 0.9951
1341848046.4178 1.0430 -0.6542 1.5563 -0.0827 -0.0220 0.0460 0.9953
1341848046.4498 1.0356 -0.6556 1.5582 -0.0866 -0.0219 0.0450 0.9950
1341848046.4858 1.0309 -0.6522 1.5579 -0.0860 -0.0254 0.0430 0.9950
1341848046.5178 1.0234 -0.6486 1.5556 -0.0869 -0.0264 0.0391 0.9951
1341848046.5497 1.0155 -0.6510 1.5552 -0.0902 -0.0267 0.0377 0.9948
1341848046.5861 1.0111 -0.6490 1.5533 -0.0887 -0.0315 0.0369 0.9949
1341848046.6178 1.0042 -0.6420 1.5483 -0.0858 -0.0332 0.0332 0.9952
1341848046.6537 0.9957 -0.6450 1.5447 -0.0888 -0.0336 0.0338 0.9949
1341848046.7149 0.9849 -0.6368 1.5354 -0.0846 -0.0419 0.0320 0.9950
1341848046.7469 0.9787 -0.6363 1.5308 -0.0853 -0.0431 0.0316 0.9949
1341848046.7787 0.9745 -0.6356 1.5260 -0.0846 -0.0461 0.0314 0.9949
1341848046.8147 0.9692 -0.6301 1.5199 -0.0825 -0.0482 0.0291 0.9950
1341848046.8469 0.9636 -0.6288 1.5155 -0.0843 -0.0481 0.0285 0.9949
1341848046.8788 0.9582 -0.6260 1.5101 -0.0838 -0.0488 0.0286 0.9949
1341848046.9151 0.9527 -0.6221 1.5038 -0.0837 -0.0493 0.0283 0.9949
1341848046.9469 0.9478 -0.6201 1.4980 -0.0844 -0.0500 0.0286 0.9948
1341848046.9828 0.9420 -0.6149 1.4925 -0.0833 -0.0509 0.0283 0.9948
1341848047.0151 0.9365 -0.6111 1.4858 -0.0845 -0.0512 0.0275 0.9947
1341848047.0479 0.9308 -0.6103 1.4818 -0.0865 -0.0517 0.0277 0.9945
1341848047.0899 0.9251 -0.6041 1.4747 -0.0849 -0.0532 0.0262 0.9946
1341848047.1476 0.9125 -0.5987 1.4641 -0.0893 -0.0541 0.0252 0.9942
1341848047.2149 0.8992 -0.5920 1.4512 -0.0889 -0.0562 0.0212 0.9942
1341848047.2507 0.8895 -0.5894 1.4444 -0.0906 -0.0571 0.0212 0.9940
1341848047.2828 0.8856 -0.5885 1.4393 -0.0923 -0.0614 0.0208 0.9936
1341848047.3148 0.8799 -0.5870 1.4332 -0.0924 -0.0631 0.0185 0.9936
1341848047.3506 0.8704 -0.5848 1.4255 -0.0920 -0.0639 0.0174 0.9936
1341848047.3830 0.8628 -0.5841 1.4179 -0.0923 -0.0676 0.0177 0.9933
1341848047.4148 0.8576 -0.5826 1.4120 -0.0921 -0.0715 0.0159 0.9931
1341848047.4508 0.8513 -0.5831 1.4051 -0.0912 -0.0741 0.0143 0.9930
1341848047.4826 0.8441 -0.5795 1.3962 -0.0897 -0.0765 0.0132 0.9929
1341848047.5187 0.8373 -0.5788 1.3902 -0.0911 -0.0792 0.0117 0.9926
1341848047.5508 0.8312 -0.5799 1.3857 -0.0919 -0.0819 0.0110 0.9923
1341848047.5830 0.8254 -0.5754 1.3803 -0.0894 -0.0843 0.0096 0.9924
1341848047.6190 0.8186 -0.5747 1.3756 -0.0898 -0.0843 0.0077 0.9924
1341848047.6508 0.8080 -0.5785 1.3692 -0.0905 -0.0842 0.0082 0.9923
1341848047.6897 0.8048 -0.5741 1.3638 -0.0878 -0.0894 0.0072 0.9921
1341848047.7508 0.7915 -0.5706 1.3561 -0.0889 -0.0898 0.0059 0.9920
1341848047.7867 0.7818 -0.5716 1.3513 -0.0899 -0.0893 0.0056 0.9919
1341848047.8188 0.7791 -0.5681 1.3490 -0.0888 -0.0926 0.0046 0.9917
1341848047.8508 0.7735 -0.5668 1.3462 -0.0896 -0.0916 0.0029 0.9918
1341848047.8869 0.7622 -0.5701 1.3421 -0.0907 -0.0892 0.0022 0.9919
1341848047.9189 0.7544 -0.5672 1.3375 -0.0884 -0.0898 0.0027 0.9920
1341848047.9547 0.7508 -0.5642 1.3342 -0.0879 -0.0915 0.0023 0.9919
1341848047.9868 0.7423 -0.5682 1.3326 -0.0899 -0.0894 0.0023 0.9919
1341848048.0189 0.7325 -0.5660 1.3262 -0.0867 -0.0891 0.0028 0.9922
1341848048.0549 0.7277 -0.5611 1.3239 -0.0850 -0.0910 0.0022 0.9922
1341848048.0868 0.7210 -0.5618 1.3205 -0.0864 -0.0891 0.0018 0.9923
1341848048.1188 0.7095 -0.5641 1.3166 -0.0872 -0.0868 0.0023 0.9924
1341848048.1547 0.7031 -0.5601 1.3137 -0.0852 -0.0871 0.0038 0.9925
1341848048.1867 0.6994 -0.5594 1.3111 -0.0852 -0.0857 0.0041 0.9927
1341848048.2230 0.6856 -0.5646 1.3075 -0.0863 -0.0817 0.0050 0.9929
1341848048.2550 0.6814 -0.5642 1.3056 -0.0832 -0.0824 0.0076 0.9931
1341848048.2866 0.6780 -0.5590 1.3008 -0.0804 -0.0809 0.0068 0.9934
1341848048.3228 0.6646 -0.5616 1.2965 -0.0821 -0.0762 0.0068 0.9937
1341848048.3547 0.6588 -0.5628 1.2936 -0.0813 -0.0752 0.0085 0.9938
1341848048.3867 0.6547 -0.5605 1.2885 -0.0789 -0.0742 0.0064 0.9941
1341848048.4226 0.6436 -0.5647 1.2854 -0.0787 -0.0706 0.0054 0.9944
1341848048.4549 0.6377 -0.5608 1.2789 -0.0742 -0.0699 0.0063 0.9948
1341848048.4907 0.6305 -0.5589 1.2731 -0.0738 -0.0687 0.0062 0.9949
1341848048.5228 0.6214 -0.5644 1.2723 -0.0750 -0.0671 0.0075 0.9949
1341848048.5550 0.6158 -0.5651 1.2679 -0.0715 -0.0667 0.0081 0.9952
1341848048.5906 0.6086 -0.5622 1.2614 -0.0676 -0.0664 0.0083 0.9955
1341848048.6227 0.6020 -0.5638 1.2595 -0.0665 -0.0665 0.0098 0.9955
1341848048.6587 0.5980 -0.5657 1.2561 -0.0636 -0.0662 0.0119 0.9957
1341848048.6908 0.5938 -0.5626 1.2490 -0.0591 -0.0671 0.0120 0.9959
1341848048.7227 0.5866 -0.5647 1.2464 -0.0586 -0.0664 0.0135 0.9960
1341848048.7588 0.5840 -0.5656 1.2430 -0.0561 -0.0668 0.0150 0.9961
1341848048.7912 0.5787 -0.5658 1.2382 -0.0538 -0.0664 0.0148 0.9962
1341848048.8227 0.5704 -0.5669 1.2360 -0.0516 -0.0654 0.0154 0.9964
1341848048.8587 0.5675 -0.5652 1.2309 -0.0477 -0.0672 0.0143 0.9965
1341848048.8910 0.5607 -0.5679 1.2274 -0.0460 -0.0667 0.0127 0.9966
1341848048.9268 0.5513 -0.5681 1.2225 -0.0422 -0.0666 0.0108 0.9968
1341848048.9590 0.5457 -0.5673 1.2168 -0.0386 -0.0689 0.0095 0.9968
1341848048.9908 0.5381 -0.5713 1.2126 -0.0370 -0.0695 0.0090 0.9969
1341848049.0267 0.5342 -0.5716 1.2094 -0.0322 -0.0716 0.0071 0.9969
1341848049.0588 0.5306 -0.5697 1.2017 -0.0263 -0.0725 0.0040 0.9970
1341848049.0907 0.5210 -0.5695 1.1933 -0.0245 -0.0722 0.0036 0.9971
1341848049.1268 0.5165 -0.5693 1.1900 -0.0231 -0.0753 0.0045 0.9969
1341848049.1589 0.5155 -0.5702 1.1858 -0.0214 -0.0772 0.0027 0.9968
1341848049.1947 0.5056 -0.5686 1.1795 -0.0184 -0.0754 0.0006 0.9970
1341848049.2267 0.4995 -0.5625 1.1719 -0.0155 -0.0768 0.0006 0.9969
1341848049.2588 0.4940 -0.5619 1.1686 -0.0161 -0.0784 0.0002 0.9968
1341848049.2947 0.4885 -0.5623 1.1651 -0.0151 -0.0779 -0.0020 0.9968
1341848049.3268 0.4805 -0.5582 1.1576 -0.0128 -0.0763 -0.0026 0.9970
1341848049.3588 0.4736 -0.5535 1.1494 -0.0120 -0.0765 -0.0008 0.9970
1341848049.3948 0.4654 -0.5593 1.1461 -0.0146 -0.0759 0.0009 0.9970
1341848049.4268 0.4641 -0.5550 1.1400 -0.0109 -0.0765 0.0016 0.9970
1341848049.4627 0.4586 -0.5498 1.1315 -0.0097 -0.0748 0.0032 0.9971
1341848049.4947 0.4455 -0.5553 1.1255 -0.0118 -0.0720 0.0064 0.9973
1341848049.5268 0.4494 -0.5443 1.1198 -0.0065 -0.0752 0.0083 0.9971
1341848049.5628 0.4387 -0.5438 1.1114 -0.0079 -0.0713 0.0088 0.9974
1341848049.5948 0.4250 -0.5424 1.1029 -0.0085 -0.0698 0.0109 0.9975
1341848049.6268 0.4229 -0.5395 1.0974 -0.0082 -0.0728 0.0120 0.9972
1341848049.6627 0.4189 -0.5332 1.0896 -0.0070 -0.0725 0.0108 0.9973
1341848049.6951 0.4042 -0.5299 1.0804 -0.0079 -0.0705 0.0106 0.9974
1341848049.7308 0.3941 -0.5271 1.0716 -0.0091 -0.0730 0.0116 0.9972
1341848049.7627 0.3934 -0.5205 1.0658 -0.0089 -0.0781 0.0095 0.9969
1341848049.7947 0.3808 -0.5202 1.0587 -0.0107 -0.0762 0.0072 0.9970
1341848049.8308 0.3700 -0.5142 1.0490 -0.0099 -0.0782 0.0068 0.9969
1341848049.8698 0.3697 -0.5040 1.0418 -0.0093 -0.0837 0.0069 0.9964
1341848049.9308 0.3490 -0.5072 1.0314 -0.0124 -0.0840 0.0018 0.9964
1341848049.9630 0.3443 -0.4975 1.0229 -0.0095 -0.0875 0.0014 0.9961
1341848049.9988 0.3378 -0.4942 1.0174 -0.0113 -0.0902 0.0008 0.9959
1341848050.0308 0.3269 -0.4977 1.0125 -0.0142 -0.0920 -0.0013 0.9957
1341848050.0627 0.3230 -0.4921 1.0085 -0.0117 -0.0955 -0.0035 0.9954
1341848050.0987 0.3175 -0.4853 1.0023 -0.0108 -0.0971 -0.0043 0.9952
1341848050.1307 0.3051 -0.4856 0.9983 -0.0127 -0.0989 -0.0067 0.9950
1341848050.1667 0.3058 -0.4798 0.9962 -0.0114 -0.1038 -0.0094 0.9945
1341848050.1987 0.2955 -0.4779 0.9916 -0.0129 -0.1033 -0.0128 0.9945
1341848050.2308 0.2851 -0.4747 0.9882 -0.0127 -0.1060 -0.0153 0.9942
1341848050.2667 0.2840 -0.4718 0.9853 -0.0129 -0.1108 -0.0175 0.9936
1341848050.2988 0.2755 -0.4698 0.9817 -0.0138 -0.1117 -0.0219 0.9934
1341848050.3307 0.2643 -0.4706 0.9785 -0.0145 -0.1137 -0.0252 0.9931
1341848050.3667 0.2632 -0.4666 0.9740 -0.0141 -0.1188 -0.0266 0.9925
1341848050.3987 0.2574 -0.4646 0.9712 -0.0155 -0.1220 -0.0298 0.9920
1341848050.4348 0.2464 -0.4665 0.9687 -0.0173 -0.1235 -0.0326 0.9917
1341848050.4667 0.2434 -0.4630 0.9655 -0.0161 -0.1283 -0.0348 0.9910
1341848050.4988 0.2361 -0.4638 0.9636 -0.0161 -0.1310 -0.0395 0.9905
1341848050.5348 0.2299 -0.4622 0.9606 -0.0146 -0.1332 -0.0423 0.9901
1341848050.5668 0.2235 -0.4585 0.9564 -0.0134 -0.1367 -0.0435 0.9896
1341848050.5988 0.2186 -0.4570 0.9528 -0.0144 -0.1418 -0.0455 0.9887
1341848050.6348 0.2102 -0.4610 0.9523 -0.0158 -0.1448 -0.0494 0.9881
1341848050.6668 0.2050 -0.4565 0.9479 -0.0126 -0.1481 -0.0514 0.9876
1341848050.7028 0.1971 -0.4559 0.9443 -0.0128 -0.1515 -0.0535 0.9869
1341848050.7348 0.1912 -0.4545 0.9402 -0.0129 -0.1557 -0.0537 0.9863
1341848050.7669 0.1845 -0.4530 0.9377 -0.0137 -0.1605 -0.0545 0.9854
1341848050.8029 0.1759 -0.4548 0.9360 -0.0140 -0.1643 -0.0573 0.9846
1341848050.8348 0.1726 -0.4518 0.9311 -0.0123 -0.1688 -0.0596 0.9838
1341848050.8707 0.1656 -0.4500 0.9282 -0.0130 -0.1721 -0.0619 0.9831
1341848050.9027 0.1544 -0.4523 0.9273 -0.0140 -0.1757 -0.0647 0.9822
1341848050.9348 0.1506 -0.4492 0.9242 -0.0111 -0.1794 -0.0682 0.9814
1341848050.9709 0.1425 -0.4475 0.9211 -0.0106 -0.1817 -0.0709 0.9807
1341848051.0028 0.1323 -0.4475 0.9180 -0.0100 -0.1842 -0.0725 0.9802
1341848051.0350 0.1291 -0.4443 0.9135 -0.0083 -0.1884 -0.0733 0.9793
1341848051.0708 0.1217 -0.4449 0.9118 -0.0084 -0.1914 -0.0757 0.9785
1341848051.1027 0.1153 -0.4428 0.9088 -0.0063 -0.1943 -0.0771 0.9779
1341848051.1387 0.1137 -0.4423 0.9046 -0.0055 -0.1981 -0.0787 0.9770
1341848051.1707 0.1071 -0.4403 0.9013 -0.0052 -0.1994 -0.0787 0.9767
1341848051.2387 0.0964 -0.4426 0.8982 -0.0047 -0.2065 -0.0790 0.9753
1341848051.2708 0.0930 -0.4446 0.8968 -0.0025 -0.2093 -0.0820 0.9744
1341848051.3027 0.0887 -0.4455 0.8944 0.0010 -0.2109 -0.0835 0.9739
1341848051.3387 0.0839 -0.4419 0.8921 0.0055 -0.2137 -0.0830 0.9734
1341848051.3709 0.0847 -0.4428 0.8882 0.0080 -0.2195 -0.0853 0.9718
1341848051.4067 0.0833 -0.4428 0.8854 0.0097 -0.2215 -0.0871 0.9712
1341848051.4400 0.0807 -0.4413 0.8849 0.0118 -0.2247 -0.0882 0.9703
1341848051.4709 0.0814 -0.4417 0.8817 0.0132 -0.2288 -0.0908 0.9691
1341848051.5067 0.0813 -0.4372 0.8810 0.0153 -0.2334 -0.0940 0.9677
1341848051.5389 0.0743 -0.4406 0.8832 0.0163 -0.2371 -0.0996 0.9662
1341848051.5707 0.0785 -0.4393 0.8800 0.0220 -0.2429 -0.1065 0.9639
1341848051.6068 0.0751 -0.4327 0.8792 0.0264 -0.2469 -0.1111 0.9623
1341848051.6389 0.0687 -0.4391 0.8794 0.0279 -0.2529 -0.1196 0.9597
1341848051.6747 0.0735 -0.4330 0.8700 0.0341 -0.2577 -0.1224 0.9578
1341848051.7067 0.0728 -0.4289 0.8691 0.0341 -0.2641 -0.1244 0.9558
1341848051.7388 0.0700 -0.4313 0.8674 0.0341 -0.2706 -0.1297 0.9533
1341848051.7748 0.0750 -0.4272 0.8616 0.0371 -0.2758 -0.1334 0.9512
1341848051.8067 0.0726 -0.4285 0.8628 0.0379 -0.2790 -0.1418 0.9490
1341848051.8388 0.0699 -0.4299 0.8603 0.0428 -0.2807 -0.1507 0.9469
1341848051.8750 0.0774 -0.4204 0.8491 0.0488 -0.2820 -0.1552 0.9455
1341848051.9067 0.0779 -0.4184 0.8487 0.0461 -0.2844 -0.1600 0.9441
1341848051.9427 0.0785 -0.4204 0.8479 0.0445 -0.2881 -0.1663 0.9420
1341848051.9748 0.0893 -0.4136 0.8414 0.0455 -0.2888 -0.1699 0.9411
1341848052.0068 0.0892 -0.4115 0.8435 0.0427 -0.2872 -0.1744 0.9409
1341848052.0428 0.0913 -0.4108 0.8470 0.0438 -0.2872 -0.1776 0.9402
1341848052.0749 0.1025 -0.4052 0.8415 0.0464 -0.2857 -0.1803 0.9401
1341848052.1430 0.1086 -0.4077 0.8432 0.0456 -0.2812 -0.1866 0.9402
1341848052.1781 0.1219 -0.4015 0.8350 0.0478 -0.2800 -0.1909 0.9396
1341848052.2114 0.1244 -0.4025 0.8380 0.0452 -0.2770 -0.1938 0.9400
1341848052.2429 0.1307 -0.4026 0.8373 0.0468 -0.2760 -0.1974 0.9395
1341848052.3111 0.1432 -0.3971 0.8303 0.0444 -0.2700 -0.2037 0.9400
1341848052.3429 0.1492 -0.3977 0.8319 0.0457 -0.2692 -0.2069 0.9395
1341848052.3795 0.1592 -0.3954 0.8248 0.0471 -0.2655 -0.2093 0.9399
1341848052.4123 0.1620 -0.3960 0.8221 0.0439 -0.2621 -0.2084 0.9413
1341848052.4447 0.1663 -0.3973 0.8257 0.0448 -0.2634 -0.2111 0.9402
1341848052.4815 0.1764 -0.3949 0.8203 0.0479 -0.2602 -0.2133 0.9405
1341848052.5433 0.1886 -0.3923 0.8141 0.0514 -0.2570 -0.2153 0.9407
1341848052.5792 0.2012 -0.3883 0.8078 0.0518 -0.2550 -0.2178 0.9407
1341848052.6177 0.2032 -0.3911 0.8102 0.0502 -0.2516 -0.2226 0.9405
1341848052.6787 0.2210 -0.3902 0.8001 0.0552 -0.2491 -0.2323 0.9386
1341848052.7108 0.2275 -0.3896 0.7971 0.0544 -0.2463 -0.2341 0.9389
1341848052.7468 0.2329 -0.3893 0.7925 0.0524 -0.2459 -0.2317 0.9397
1341848052.7787 0.2437 -0.3913 0.7823 0.0479 -0.2452 -0.2310 0.9403
1341848052.8109 0.2495 -0.3932 0.7842 0.0442 -0.2420 -0.2317 0.9412
1341848052.8469 0.2549 -0.3950 0.7853 0.0475 -0.2391 -0.2345 0.9410
1341848052.8788 0.2712 -0.3896 0.7740 0.0525 -0.2351 -0.2360 0.9414
1341848052.9147 0.2802 -0.3862 0.7710 0.0516 -0.2302 -0.2358 0.9427
1341848052.9467 0.2835 -0.3870 0.7713 0.0513 -0.2271 -0.2343 0.9439
1341848052.9787 0.2954 -0.3854 0.7655 0.0524 -0.2239 -0.2338 0.9447
1341848053.0148 0.3025 -0.3865 0.7635 0.0512 -0.2176 -0.2334 0.9463
1341848053.0467 0.3066 -0.3884 0.7611 0.0515 -0.2136 -0.2306 0.9479
1341848053.0827 0.3216 -0.3878 0.7529 0.0520 -0.2109 -0.2293 0.9488
1341848053.1148 0.3279 -0.3925 0.7517 0.0495 -0.2039 -0.2288 0.9506
1341848053.1470 0.3334 -0.3943 0.7470 0.0495 -0.1979 -0.2254 0.9527
1341848053.1832 0.3432 -0.3922 0.7413 0.0490 -0.1946 -0.2221 0.9541
1341848053.2148 0.3469 -0.3966 0.7422 0.0466 -0.1897 -0.2204 0.9556
1341848053.2480 0.3532 -0.3974 0.7414 0.0492 -0.1854 -0.2184 0.9568
1341848053.2898 0.3631 -0.3953 0.7368 0.0516 -0.1821 -0.2159 0.9579
1341848053.3217 0.3702 -0.3948 0.7333 0.0516 -0.1781 -0.2121 0.9595
1341848053.3538 0.3766 -0.3929 0.7301 0.0522 -0.1737 -0.2078 0.9612
1341848053.3861 0.3823 -0.3926 0.7262 0.0527 -0.1696 -0.2047 0.9626
1341848053.4218 0.3928 -0.3936 0.7214 0.0524 -0.1657 -0.2019 0.9639
1341848053.4537 0.3990 -0.3885 0.7159 0.0514 -0.1594 -0.1967 0.9661
1341848053.4857 0.4035 -0.3869 0.7129 0.0489 -0.1563 -0.1921 0.9676
1341848053.5217 0.4109 -0.3894 0.7101 0.0468 -0.1538 -0.1896 0.9686
1341848053.5539 0.4248 -0.3872 0.7063 0.0459 -0.1493 -0.1871 0.9698
1341848053.5897 0.4268 -0.3842 0.7041 0.0432 -0.1426 -0.1824 0.9719
1341848053.6219 0.4351 -0.3801 0.7003 0.0402 -0.1392 -0.1760 0.9737
1341848053.6538 0.4439 -0.3807 0.6969 0.0351 -0.1330 -0.1709 0.9756
1341848053.6897 0.4429 -0.3823 0.6974 0.0308 -0.1247 -0.1668 0.9776
1341848053.7217 0.4479 -0.3815 0.6941 0.0292 -0.1193 -0.1616 0.9792
1341848053.7580 0.4569 -0.3801 0.6908 0.0270 -0.1134 -0.1567 0.9808
1341848053.7899 0.4564 -0.3824 0.6899 0.0241 -0.1055 -0.1520 0.9825
1341848053.8216 0.4611 -0.3834 0.6874 0.0240 -0.0993 -0.1459 0.9840
1341848053.8578 0.4659 -0.3808 0.6841 0.0236 -0.0926 -0.1394 0.9856
1341848053.8898 0.4664 -0.3797 0.6816 0.0224 -0.0868 -0.1319 0.9872
1341848053.9511 0.4714 -0.3857 0.6701 0.0239 -0.0796 -0.1202 0.9893
1341848053.9868 0.4684 -0.3808 0.6669 0.0257 -0.0743 -0.1137 0.9904
1341848054.0510 0.4769 -0.3815 0.6502 0.0235 -0.0755 -0.0951 0.9923
1341848054.0868 0.4769 -0.3808 0.6441 0.0206 -0.0735 -0.0887 0.9931
1341848054.1189 0.4718 -0.3791 0.6382 0.0189 -0.0725 -0.0812 0.9939
1341848054.1550 0.4778 -0.3810 0.6301 0.0159 -0.0742 -0.0750 0.9943
1341848054.1867 0.4758 -0.3831 0.6230 0.0124 -0.0733 -0.0731 0.9946
1341848054.2190 0.4674 -0.3868 0.6171 0.0118 -0.0710 -0.0718 0.9948
1341848054.2548 0.4683 -0.3892 0.6082 0.0143 -0.0701 -0.0724 0.9948
1341848054.2868 0.4777 -0.3812 0.5984 0.0171 -0.0700 -0.0728 0.9947
1341848054.3229 0.4760 -0.3763 0.5905 0.0131 -0.0674 -0.0715 0.9951
1341848054.3548 0.4653 -0.3819 0.5835 0.0087 -0.0646 -0.0707 0.9954
1341848054.3871 0.4732 -0.3796 0.5738 0.0077 -0.0655 -0.0709 0.9953
1341848054.4229 0.4692 -0.3781 0.5677 0.0045 -0.0621 -0.0706 0.9956
1341848054.4547 0.4565 -0.3788 0.5609 0.0025 -0.0598 -0.0687 0.9958
1341848054.4869 0.4582 -0.3771 0.5534 0.0023 -0.0627 -0.0668 0.9958
1341848054.5227 0.4611 -0.3840 0.5467 -0.0011 -0.0626 -0.0661 0.9958
1341848054.5549 0.4544 -0.3867 0.5419 -0.0002 -0.0588 -0.0642 0.9962
1341848054.5908 0.4603 -0.3829 0.5332 0.0026 -0.0588 -0.0615 0.9964
1341848054.6227 0.4636 -0.3814 0.5254 0.0018 -0.0588 -0.0604 0.9964
1341848054.6564 0.4641 -0.3841 0.5200 0.0005 -0.0581 -0.0584 0.9966
1341848054.6910 0.4711 -0.3855 0.5134 0.0002 -0.0555 -0.0561 0.9969
1341848054.7227 0.4693 -0.3875 0.5076 0.0013 -0.0516 -0.0569 0.9970
1341848054.7547 0.4691 -0.3862 0.5014 0.0039 -0.0488 -0.0554 0.9973
1341848054.7909 0.4718 -0.3858 0.4945 0.0063 -0.0472 -0.0524 0.9975
1341848054.8229 0.4779 -0.3823 0.4871 0.0077 -0.0450 -0.0479 0.9978
1341848054.8589 0.4738 -0.3831 0.4815 0.0072 -0.0413 -0.0422 0.9982
1341848054.8909 0.4784 -0.3835 0.4747 0.0092 -0.0411 -0.0380 0.9984
1341848054.9228 0.4838 -0.3815 0.4682 0.0114 -0.0386 -0.0334 0.9986
1341848054.9587 0.4834 -0.3788 0.4600 0.0120 -0.0351 -0.0291 0.9989
1341848054.9911 0.4790 -0.3811 0.4531 0.0131 -0.0338 -0.0270 0.9990
1341848055.0230 0.4898 -0.3800 0.4440 0.0161 -0.0339 -0.0261 0.9990
1341848055.0587 0.4892 -0.3771 0.4356 0.0180 -0.0296 -0.0237 0.9991
1341848055.0907 0.4813 -0.3753 0.4266 0.0202 -0.0271 -0.0204 0.9992
1341848055.1270 0.4909 -0.3700 0.4144 0.0221 -0.0289 -0.0166 0.9992
1341848055.1592 0.4950 -0.3691 0.4049 0.0217 -0.0269 -0.0144 0.9993
1341848055.1910 0.4868 -0.3706 0.3947 0.0230 -0.0220 -0.0127 0.9994
1341848055.2268 0.4860 -0.3625 0.3807 0.0268 -0.0216 -0.0101 0.9994
1341848055.2589 0.4920 -0.3530 0.3679 0.0276 -0.0230 -0.0085 0.9993
1341848055.2947 0.4832 -0.3525 0.3576 0.0263 -0.0207 -0.0063 0.9994
1341848055.3268 0.4850 -0.3500 0.3434 0.0270 -0.0214 -0.0045 0.9994
1341848055.3589 0.4864 -0.3438 0.3316 0.0280 -0.0214 -0.0052 0.9994
1341848055.3947 0.4885 -0.3380 0.3194 0.0280 -0.0195 -0.0064 0.9994
1341848055.4268 0.4817 -0.3351 0.3082 0.0279 -0.0157 -0.0069 0.9995
1341848055.4588 0.4788 -0.3282 0.2964 0.0292 -0.0140 -0.0065 0.9995
1341848055.4947 0.4802 -0.3206 0.2849 0.0288 -0.0124 -0.0052 0.9995
1341848055.5267 0.4745 -0.3202 0.2748 0.0274 -0.0091 -0.0049 0.9996
1341848055.5626 0.4720 -0.3172 0.2647 0.0288 -0.0068 -0.0043 0.9996
1341848055.5947 0.4735 -0.3063 0.2531 0.0305 -0.0042 -0.0038 0.9995
1341848055.6267 0.4682 -0.3008 0.2436 0.0297 -0.0007 -0.0026 0.9996
1341848055.6630 0.4617 -0.2985 0.2349 0.0293 0.0008 -0.0011 0.9996
1341848055.6948 0.4715 -0.2928 0.2245 0.0293 0.0016 -0.0011 0.9996
1341848055.7268 0.4717 -0.2866 0.2158 0.0271 0.0085 0.0004 0.9996
1341848055.7628 0.4496 -0.2899 0.2113 0.0247 0.0153 0.0036 0.9996
1341848055.7950 0.4538 -0.2876 0.2043 0.0260 0.0146 0.0069 0.9995
1341848055.8308 0.4538 -0.2857 0.1976 0.0257 0.0180 0.0102 0.9995
1341848055.8628 0.4446 -0.2867 0.1938 0.0269 0.0227 0.0141 0.9993
1341848055.8948 0.4408 -0.2817 0.1877 0.0298 0.0248 0.0172 0.9991
1341848055.9307 0.4374 -0.2767 0.1814 0.0313 0.0271 0.0179 0.9990
1341848055.9628 0.4266 -0.2756 0.1773 0.0318 0.0297 0.0197 0.9989
1341848055.9947 0.4231 -0.2691 0.1706 0.0323 0.0300 0.0223 0.9988
1341848056.0307 0.4150 -0.2647 0.1654 0.0306 0.0315 0.0243 0.9987
1341848056.0628 0.4026 -0.2675 0.1624 0.0293 0.0330 0.0259 0.9987
1341848056.0988 0.3955 -0.2639 0.1577 0.0297 0.0336 0.0269 0.9986
1341848056.1306 0.3863 -0.2622 0.1542 0.0298 0.0352 0.0278 0.9986
1341848056.1627 0.3688 -0.2622 0.1487 0.0304 0.0369 0.0279 0.9985
1341848056.1987 0.3570 -0.2564 0.1442 0.0317 0.0354 0.0291 0.9984
1341848056.2307 0.3456 -0.2514 0.1389 0.0310 0.0341 0.0307 0.9985
1341848056.2639 0.3276 -0.2514 0.1375 0.0300 0.0335 0.0305 0.9985
1341848056.2988 0.3189 -0.2483 0.1354 0.0306 0.0311 0.0308 0.9986
1341848056.3307 0.3081 -0.2424 0.1299 0.0302 0.0308 0.0313 0.9986
1341848056.3667 0.2864 -0.2422 0.1273 0.0288 0.0312 0.0329 0.9986
1341848056.3987 0.2724 -0.2363 0.1213 0.0288 0.0274 0.0353 0.9986
1341848056.4307 0.2667 -0.2255 0.1150 0.0252 0.0230 0.0392 0.9986
1341848056.4668 0.2477 -0.2242 0.1119 0.0177 0.0221 0.0451 0.9986
1341848056.4989 0.2341 -0.2278 0.1106 0.0126 0.0187 0.0465 0.9987
1341848056.5348 0.2249 -0.2245 0.1070 0.0101 0.0169 0.0454 0.9988
1341848056.5667 0.2086 -0.2258 0.1064 0.0069 0.0177 0.0449 0.9988
1341848056.5989 0.1861 -0.2243 0.1020 0.0053 0.0176 0.0478 0.9987
1341848056.6348 0.1778 -0.2184 0.0967 0.0028 0.0118 0.0491 0.9987
1341848056.6668 0.1637 -0.2202 0.0981 -0.0013 0.0090 0.0508 0.9987
1341848056.6989 0.1527 -0.2209 0.0949 -0.0023 0.0065 0.0512 0.9987
1341848056.7348 0.1393 -0.2167 0.0925 -0.0030 0.0048 0.0485 0.9988
1341848056.7667 0.1275 -0.2170 0.0902 -0.0040 0.0021 0.0471 0.9989
1341848056.8029 0.1238 -0.2113 0.0850 -0.0053 -0.0012 0.0450 0.9990
1341848056.8350 0.1055 -0.2148 0.0878 -0.0081 -0.0010 0.0427 0.9991
1341848056.8667 0.0947 -0.2176 0.0904 -0.0082 -0.0029 0.0426 0.9991
1341848056.9027 0.0962 -0.2166 0.0844 -0.0079 -0.0043 0.0418 0.9991
1341848056.9347 0.0878 -0.2150 0.0842 -0.0093 -0.0020 0.0396 0.9992
1341848056.9668 0.0702 -0.2161 0.0858 -0.0093 0.0006 0.0394 0.9992
1341848057.0027 0.0713 -0.2140 0.0794 -0.0099 -0.0008 0.0394 0.9992
1341848057.0348 0.0643 -0.2124 0.0779 -0.0125 0.0024 0.0387 0.9992
1341848057.0710 0.0440 -0.2120 0.0817 -0.0132 0.0061 0.0373 0.9992
1341848057.1028 0.0393 -0.2098 0.0776 -0.0130 0.0053 0.0357 0.9993
1341848057.1347 0.0338 -0.2069 0.0716 -0.0158 0.0067 0.0357 0.9992
1341848057.1707 0.0120 -0.2062 0.0761 -0.0180 0.0097 0.0351 0.9992
1341848057.2026 0.0085 -0.2046 0.0725 -0.0179 0.0086 0.0319 0.9993
1341848057.2347 0.0015 -0.2017 0.0656 -0.0200 0.0110 0.0300 0.9993
1341848057.2708 -0.0168 -0.1956 0.0652 -0.0227 0.0141 0.0305 0.9992
1341848057.3029 -0.0287 -0.1911 0.0670 -0.0243 0.0138 0.0302 0.9992
1341848057.3388 -0.0346 -0.1910 0.0614 -0.0272 0.0150 0.0289 0.9991
1341848057.3708 -0.0491 -0.1849 0.0599 -0.0300 0.0186 0.0300 0.9989
1341848057.4027 -0.0654 -0.1820 0.0617 -0.0313 0.0203 0.0309 0.9988
1341848057.4389 -0.0722 -0.1787 0.0556 -0.0322 0.0218 0.0310 0.9988
1341848057.4707 -0.0854 -0.1727 0.0534 -0.0341 0.0269 0.0335 0.9985
1341848057.5067 -0.1053 -0.1703 0.0528 -0.0346 0.0300 0.0370 0.9983
1341848057.5388 -0.1142 -0.1643 0.0455 -0.0351 0.0294 0.0388 0.9982
1341848057.5711 -0.1241 -0.1620 0.0397 -0.0387 0.0317 0.0413 0.9979
1341848057.6067 -0.1379 -0.1588 0.0395 -0.0421 0.0358 0.0452 0.9974
1341848057.6388 -0.1493 -0.1576 0.0366 -0.0438 0.0393 0.0480 0.9971
1341848057.6709 -0.1607 -0.1545 0.0327 -0.0456 0.0443 0.0501 0.9967
1341848057.7068 -0.1764 -0.1520 0.0321 -0.0463 0.0498 0.0547 0.9962
1341848057.7389 -0.1899 -0.1503 0.0253 -0.0462 0.0520 0.0563 0.9960
1341848057.7750 -0.1986 -0.1446 0.0218 -0.0468 0.0537 0.0581 0.9958
1341848057.8068 -0.2153 -0.1421 0.0206 -0.0472 0.0576 0.0643 0.9951
1341848057.8388 -0.2295 -0.1425 0.0165 -0.0463 0.0583 0.0698 0.9948
1341848057.8748 -0.2408 -0.1405 0.0110 -0.0453 0.0591 0.0715 0.9947
1341848057.9068 -0.2545 -0.1378 0.0069 -0.0451 0.0608 0.0719 0.9945
1341848057.9388 -0.2700 -0.1329 0.0025 -0.0451 0.0607 0.0740 0.9944
1341848057.9753 -0.2820 -0.1322 0.0005 -0.0471 0.0597 0.0761 0.9942
1341848058.0068 -0.2997 -0.1354 0.0027 -0.0480 0.0595 0.0764 0.9941
1341848058.0428 -0.3122 -0.1339 0.0021 -0.0451 0.0564 0.0758 0.9945
1341848058.0760 -0.3227 -0.1326 -0.0040 -0.0435 0.0536 0.0758 0.9947
1341848058.1068 -0.3369 -0.1308 -0.0020 -0.0430 0.0512 0.0753 0.9949
1341848058.1427 -0.3511 -0.1313 -0.0000 -0.0404 0.0478 0.0742 0.9953
1341848058.1747 -0.3626 -0.1286 -0.0044 -0.0381 0.0441 0.0720 0.9957
1341848058.2071 -0.3744 -0.1276 -0.0060 -0.0377 0.0421 0.0699 0.9960
1341848058.2427 -0.3895 -0.1252 -0.0032 -0.0361 0.0395 0.0671 0.9963
1341848058.2747 -0.4021 -0.1225 0.0020 -0.0334 0.0378 0.0654 0.9966
1341848058.3107 -0.4114 -0.1226 0.0023 -0.0295 0.0386 0.0640 0.9968
1341848058.3432 -0.4248 -0.1186 -0.0003 -0.0256 0.0378 0.0608 0.9971
1341848058.3749 -0.4346 -0.1180 -0.0039 -0.0249 0.0372 0.0623 0.9971
1341848058.4107 -0.4450 -0.1155 -0.0050 -0.0257 0.0367 0.0646 0.9969
1341848058.4428 -0.4553 -0.1165 -0.0001 -0.0266 0.0364 0.0665 0.9968
1341848058.4747 -0.4615 -0.1180 0.0065 -0.0252 0.0362 0.0691 0.9966
1341848058.5430 -0.4832 -0.1188 0.0080 -0.0213 0.0411 0.0751 0.9961
1341848058.5789 -0.4910 -0.1188 0.0101 -0.0207 0.0408 0.0798 0.9958
1341848058.6108 -0.4974 -0.1229 0.0143 -0.0216 0.0436 0.0826 0.9954
1341848058.6431 -0.5099 -0.1217 0.0170 -0.0211 0.0471 0.0830 0.9952
1341848058.6787 -0.5152 -0.1229 0.0280 -0.0190 0.0469 0.0831 0.9953
1341848058.7107 -0.5205 -0.1258 0.0278 -0.0155 0.0512 0.0824 0.9952
1341848058.7468 -0.5337 -0.1237 0.0217 -0.0154 0.0573 0.0802 0.9950
1341848058.7787 -0.5450 -0.1165 0.0262 -0.0152 0.0566 0.0828 0.9948
1341848058.8109 -0.5505 -0.1202 0.0290 -0.0169 0.0546 0.0867 0.9946
1341848058.8468 -0.5547 -0.1215 0.0357 -0.0185 0.0569 0.0881 0.9943
1341848058.8796 -0.5612 -0.1226 0.0404 -0.0179 0.0602 0.0902 0.9939
1341848058.9468 -0.5716 -0.1254 0.0438 -0.0180 0.0629 0.0950 0.9933
1341848058.9789 -0.5777 -0.1274 0.0502 -0.0165 0.0660 0.0967 0.9930
1341848059.0147 -0.5783 -0.1298 0.0494 -0.0140 0.0666 0.0971 0.9929
1341848059.0467 -0.5819 -0.1316 0.0478 -0.0129 0.0688 0.0979 0.9927
1341848059.0788 -0.5846 -0.1336 0.0511 -0.0127 0.0723 0.0981 0.9925
1341848059.1147 -0.5873 -0.1336 0.0507 -0.0116 0.0765 0.0972 0.9923
1341848059.1467 -0.5897 -0.1314 0.0495 -0.0113 0.0791 0.0970 0.9921
1341848059.1787 -0.5899 -0.1326 0.0525 -0.0114 0.0812 0.0966 0.9919
1341848059.2147 -0.5887 -0.1320 0.0542 -0.0104 0.0847 0.0957 0.9917
1341848059.2468 -0.5888 -0.1308 0.0548 -0.0079 0.0894 0.0958 0.9913
1341848059.2827 -0.5919 -0.1284 0.0572 -0.0051 0.0927 0.0980 0.9908
1341848059.3147 -0.5909 -0.1301 0.0551 -0.0029 0.0954 0.1002 0.9904
1341848059.3468 -0.5918 -0.1281 0.0509 -0.0021 0.0980 0.1022 0.9899
1341848059.3827 -0.5928 -0.1276 0.0570 -0.0010 0.0996 0.1043 0.9895
1341848059.4147 -0.5923 -0.1345 0.0540 0.0001 0.1024 0.1052 0.9892
1341848059.4468 -0.5919 -0.1338 0.0510 0.0008 0.1066 0.1045 0.9888
1341848059.4827 -0.5924 -0.1292 0.0516 0.0021 0.1101 0.1050 0.9884
1341848059.5147 -0.5931 -0.1271 0.0506 0.0036 0.1113 0.1080 0.9879
1341848059.5508 -0.5922 -0.1288 0.0486 0.0034 0.1129 0.1078 0.9877
1341848059.5827 -0.5938 -0.1282 0.0506 0.0047 0.1167 0.1086 0.9872
1341848059.6147 -0.5966 -0.1252 0.0500 0.0084 0.1173 0.1107 0.9869
1341848059.6507 -0.5967 -0.1255 0.0466 0.0100 0.1159 0.1121 0.9869
1341848059.6827 -0.5966 -0.1291 0.0422 0.0089 0.1170 0.1099 0.9870
1341848059.7187 -0.5996 -0.1241 0.0465 0.0102 0.1201 0.1098 0.9866
1341848059.7509 -0.6040 -0.1253 0.0479 0.0128 0.1204 0.1102 0.9865
1341848059.7828 -0.6021 -0.1255 0.0393 0.0129 0.1197 0.1085 0.9868
1341848059.8188 -0.6047 -0.1239 0.0417 0.0116 0.1228 0.1083 0.9864
1341848059.8507 -0.6111 -0.1244 0.0464 0.0143 0.1253 0.1085 0.9861
1341848059.8827 -0.6124 -0.1239 0.0411 0.0174 0.1245 0.1069 0.9863
1341848059.9188 -0.6139 -0.1215 0.0392 0.0190 0.1236 0.1060 0.9865
1341848059.9508 -0.6129 -0.1204 0.0384 0.0205 0.1229 0.1065 0.9865
1341848059.9868 -0.6171 -0.1210 0.0388 0.0230 0.1228 0.1073 0.9863
1341848060.0187 -0.6168 -0.1243 0.0375 0.0248 0.1228 0.1043 0.9866
1341848060.0507 -0.6181 -0.1223 0.0382 0.0293 0.1256 0.1025 0.9863
1341848060.0868 -0.6233 -0.1160 0.0354 0.0349 0.1254 0.1016 0.9863
1341848060.1188 -0.6209 -0.1194 0.0317 0.0366 0.1223 0.0986 0.9869
1341848060.1508 -0.6174 -0.1217 0.0250 0.0356 0.1240 0.0959 0.9870
1341848060.1869 -0.6225 -0.1212 0.0317 0.0365 0.1265 0.0951 0.9867
1341848060.2189 -0.6193 -0.1230 0.0288 0.0395 0.1249 0.0925 0.9871
1341848060.2548 -0.6139 -0.1161 0.0208 0.0403 0.1267 0.0896 0.9871
1341848060.2875 -0.6164 -0.1145 0.0279 0.0390 0.1299 0.0891 0.9867
1341848060.3189 -0.6167 -0.1186 0.0280 0.0408 0.1292 0.0884 0.9868
1341848060.3546 -0.6096 -0.1129 0.0200 0.0410 0.1287 0.0846 0.9872
1341848060.3873 -0.6082 -0.1142 0.0260 0.0394 0.1321 0.0829 0.9870
1341848060.4186 -0.6101 -0.1137 0.0283 0.0416 0.1320 0.0817 0.9870
1341848060.4548 -0.6039 -0.1121 0.0242 0.0427 0.1306 0.0784 0.9874
1341848060.4867 -0.6002 -0.1119 0.0258 0.0423 0.1334 0.0752 0.9873
1341848060.5229 -0.6012 -0.1128 0.0327 0.0449 0.1349 0.0731 0.9871
1341848060.5547 -0.5948 -0.1117 0.0271 0.0485 0.1338 0.0703 0.9873
1341848060.5867 -0.5886 -0.1080 0.0218 0.0481 0.1363 0.0676 0.9872
1341848060.6227 -0.5911 -0.1088 0.0320 0.0488 0.1392 0.0675 0.9868
1341848060.6561 -0.5866 -0.1081 0.0271 0.0518 0.1370 0.0674 0.9869
1341848060.6873 -0.5810 -0.1060 0.0241 0.0513 0.1374 0.0665 0.9869
1341848060.7232 -0.5814 -0.1068 0.0306 0.0517 0.1391 0.0674 0.9866
1341848060.7579 -0.5812 -0.1052 0.0307 0.0546 0.1365 0.0680 0.9868
1341848060.7909 -0.5757 -0.1060 0.0274 0.0547 0.1331 0.0678 0.9873
1341848060.8240 -0.5757 -0.1076 0.0311 0.0556 0.1314 0.0680 0.9874
1341848060.8624 -0.5730 -0.1086 0.0312 0.0578 0.1281 0.0679 0.9877
1341848060.9231 -0.5644 -0.1102 0.0342 0.0594 0.1228 0.0687 0.9883
1341848060.9608 -0.5590 -0.1129 0.0344 0.0608 0.1200 0.0685 0.9885
1341848060.9969 -0.5538 -0.1135 0.0356 0.0616 0.1179 0.0692 0.9887
1341848061.0306 -0.5495 -0.1174 0.0386 0.0622 0.1158 0.0696 0.9889
1341848061.0622 -0.5414 -0.1209 0.0393 0.0623 0.1139 0.0689 0.9891
1341848061.1006 -0.5369 -0.1272 0.0442 0.0628 0.1145 0.0682 0.9891
1341848061.1298 -0.5321 -0.1316 0.0479 0.0661 0.1145 0.0675 0.9889
1341848061.1979 -0.5198 -0.1383 0.0507 0.0718 0.1142 0.0679 0.9885
1341848061.2594 -0.5067 -0.1405 0.0478 0.0789 0.1126 0.0684 0.9881
1341848061.2909 -0.5023 -0.1474 0.0533 0.0803 0.1124 0.0694 0.9880
1341848061.3266 -0.4959 -0.1491 0.0510 0.0837 0.1121 0.0704 0.9877
1341848061.3589 -0.4901 -0.1512 0.0522 0.0850 0.1127 0.0704 0.9875
1341848061.3908 -0.4851 -0.1516 0.0533 0.0871 0.1129 0.0725 0.9871
1341848061.4269 -0.4792 -0.1520 0.0519 0.0883 0.1121 0.0740 0.9870
1341848061.4588 -0.4739 -0.1536 0.0532 0.0879 0.1130 0.0754 0.9868
1341848061.4947 -0.4730 -0.1578 0.0567 0.0890 0.1145 0.0747 0.9866
1341848061.5267 -0.4675 -0.1546 0.0541 0.0911 0.1140 0.0746 0.9865
1341848061.5588 -0.4624 -0.1522 0.0535 0.0905 0.1142 0.0757 0.9864
1341848061.5947 -0.4609 -0.1580 0.0591 0.0891 0.1161 0.0759 0.9863
1341848061.6267 -0.4585 -0.1587 0.0592 0.0910 0.1164 0.0756 0.9861
1341848061.6588 -0.4502 -0.1538 0.0567 0.0912 0.1167 0.0750 0.9861
1341848061.6949 -0.4517 -0.1589 0.0619 0.0896 0.1198 0.0757 0.9858
1341848061.7267 -0.4505 -0.1590 0.0616 0.0912 0.1194 0.0763 0.9857
1341848061.7628 -0.4437 -0.1557 0.0590 0.0908 0.1197 0.0753 0.9858
1341848061.7948 -0.4448 -0.1593 0.0628 0.0897 0.1221 0.0745 0.9856
1341848061.8267 -0.4441 -0.1593 0.0635 0.0904 0.1219 0.0752 0.9855
1341848061.8629 -0.4399 -0.1570 0.0614 0.0895 0.1213 0.0745 0.9858
1341848061.8948 -0.4407 -0.1610 0.0666 0.0874 0.1225 0.0736 0.9859
1341848061.9307 -0.4400 -0.1624 0.0683 0.0878 0.1224 0.0722 0.9860
1341848061.9628 -0.4377 -0.1587 0.0685 0.0876 0.1217 0.0720 0.9861
1341848061.9972 -0.4388 -0.1599 0.0730 0.0859 0.1211 0.0719 0.9863
1341848062.0307 -0.4365 -0.1634 0.0771 0.0845 0.1197 0.0696 0.9868
1341848062.0633 -0.4348 -0.1629 0.0794 0.0838 0.1194 0.0679 0.9870
1341848062.0949 -0.4353 -0.1644 0.0845 0.0822 0.1179 0.0665 0.9874
1341848062.1308 -0.4335 -0.1662 0.0876 0.0807 0.1160 0.0661 0.9878
1341848062.1634 -0.4320 -0.1707 0.0926 0.0796 0.1147 0.0631 0.9882
1341848062.1987 -0.4293 -0.1715 0.0944 0.0798 0.1135 0.0582 0.9886
1341848062.2308 -0.4297 -0.1680 0.0976 0.0800 0.1121 0.0567 0.9888
1341848062.2628 -0.4282 -0.1662 0.0991 0.0781 0.1086 0.0567 0.9894
1341848062.2993 -0.4258 -0.1693 0.1023 0.0757 0.1061 0.0556 0.9899
1341848062.3308 -0.4219 -0.1723 0.1042 0.0744 0.1048 0.0534 0.9903
1341848062.3628 -0.4247 -0.1725 0.1089 0.0751 0.1043 0.0523 0.9903
1341848062.3988 -0.4195 -0.1720 0.1079 0.0755 0.1003 0.0518 0.9907
1341848062.4308 -0.4167 -0.1710 0.1084 0.0749 0.0985 0.0542 0.9908
1341848062.4669 -0.4153 -0.1715 0.1112 0.0742 0.0959 0.0558 0.9910
1341848062.4987 -0.4131 -0.1736 0.1132 0.0739 0.0932 0.0584 0.9912
1341848062.5307 -0.4071 -0.1736 0.1108 0.0737 0.0908 0.0585 0.9914
1341848062.5669 -0.4031 -0.1731 0.1116 0.0724 0.0907 0.0584 0.9915
1341848062.5988 -0.4057 -0.1737 0.1164 0.0728 0.0892 0.0610 0.9915
1341848062.6308 -0.3959 -0.1712 0.1118 0.0724 0.0841 0.0636 0.9918
1341848062.6667 -0.3904 -0.1748 0.1138 0.0703 0.0834 0.0635 0.9920
1341848062.6987 -0.3887 -0.1792 0.1179 0.0715 0.0835 0.0631 0.9919
1341848062.7349 -0.3788 -0.1743 0.1122 0.0736 0.0805 0.0634 0.9920
1341848062.7668 -0.3725 -0.1732 0.1130 0.0717 0.0797 0.0643 0.9922
1341848062.7987 -0.3717 -0.1782 0.1194 0.0716 0.0791 0.0648 0.9922
1341848062.8348 -0.3622 -0.1753 0.1138 0.0726 0.0750 0.0636 0.9925
1341848062.8668 -0.3531 -0.1748 0.1136 0.0706 0.0735 0.0623 0.9928
1341848062.8991 -0.3528 -0.1785 0.1188 0.0695 0.0731 0.0606 0.9931
1341848062.9350 -0.3447 -0.1797 0.1165 0.0704 0.0694 0.0555 0.9936
1341848062.9669 -0.3319 -0.1769 0.1128 0.0694 0.0680 0.0505 0.9940
1341848063.0029 -0.3329 -0.1788 0.1203 0.0678 0.0689 0.0500 0.9941
1341848063.0350 -0.3265 -0.1813 0.1205 0.0682 0.0641 0.0494 0.9944
1341848063.0667 -0.3150 -0.1825 0.1194 0.0676 0.0613 0.0484 0.9947
1341848063.1028 -0.3089 -0.1865 0.1227 0.0682 0.0603 0.0469 0.9947
1341848063.1350 -0.3007 -0.1830 0.1203 0.0698 0.0570 0.0466 0.9948
1341848063.1707 -0.2924 -0.1842 0.1206 0.0684 0.0535 0.0466 0.9951
1341848063.2027 -0.2843 -0.1884 0.1226 0.0676 0.0517 0.0458 0.9953
1341848063.2350 -0.2750 -0.1891 0.1223 0.0687 0.0500 0.0425 0.9955
1341848063.2708 -0.2648 -0.1889 0.1223 0.0687 0.0496 0.0396 0.9956
1341848063.3028 -0.2586 -0.1882 0.1228 0.0684 0.0494 0.0376 0.9957
1341848063.3349 -0.2523 -0.1894 0.1244 0.0676 0.0468 0.0346 0.9960
1341848063.3707 -0.2408 -0.1887 0.1237 0.0659 0.0458 0.0328 0.9962
1341848063.4027 -0.2353 -0.1901 0.1264 0.0640 0.0475 0.0293 0.9964
1341848063.4393 -0.2314 -0.1909 0.1312 0.0630 0.0476 0.0265 0.9965
1341848063.4707 -0.2191 -0.1887 0.1281 0.0617 0.0465 0.0244 0.9967
1341848063.5028 -0.2135 -0.1884 0.1345 0.0579 0.0488 0.0231 0.9969
1341848063.5418 -0.2146 -0.1962 0.1455 0.0570 0.0495 0.0241 0.9969
1341848063.5778 -0.2001 -0.1909 0.1391 0.0578 0.0469 0.0257 0.9969
1341848063.6097 -0.1976 -0.1909 0.1460 0.0541 0.0480 0.0271 0.9970
1341848063.6430 -0.1955 -0.1962 0.1539 0.0530 0.0468 0.0281 0.9971
1341848063.6780 -0.1831 -0.1901 0.1494 0.0524 0.0436 0.0284 0.9973
1341848063.7099 -0.1800 -0.1889 0.1558 0.0478 0.0427 0.0291 0.9975
1341848063.7458 -0.1808 -0.1961 0.1658 0.0446 0.0411 0.0290 0.9977
1341848063.7778 -0.1696 -0.1966 0.1659 0.0441 0.0384 0.0259 0.9980
1341848063.8098 -0.1670 -0.1982 0.1735 0.0422 0.0392 0.0243 0.9980
1341848063.8457 -0.1657 -0.2043 0.1824 0.0422 0.0375 0.0235 0.9981
1341848063.8779 -0.1524 -0.2037 0.1839 0.0427 0.0343 0.0228 0.9982
1341848063.9138 -0.1481 -0.2131 0.1953 0.0413 0.0365 0.0197 0.9983
1341848063.9458 -0.1469 -0.2192 0.2054 0.0444 0.0380 0.0173 0.9981
1341848063.9779 -0.1400 -0.2175 0.2114 0.0477 0.0346 0.0188 0.9981
1341848064.0140 -0.1297 -0.2211 0.2168 0.0473 0.0317 0.0202 0.9982
1341848064.0458 -0.1319 -0.2327 0.2316 0.0472 0.0317 0.0187 0.9982
1341848064.0817 -0.1172 -0.2343 0.2340 0.0506 0.0276 0.0166 0.9982
1341848064.1137 -0.1053 -0.2344 0.2408 0.0499 0.0279 0.0171 0.9982
1341848064.1458 -0.1101 -0.2433 0.2573 0.0484 0.0298 0.0188 0.9982
1341848064.1818 -0.0986 -0.2480 0.2631 0.0496 0.0254 0.0209 0.9982
1341848064.2139 -0.0823 -0.2520 0.2673 0.0483 0.0236 0.0204 0.9983
1341848064.2498 -0.0776 -0.2603 0.2818 0.0476 0.0273 0.0196 0.9983
1341848064.2830 -0.0709 -0.2643 0.2922 0.0507 0.0270 0.0199 0.9982
1341848064.3138 -0.0508 -0.2640 0.2945 0.0515 0.0243 0.0200 0.9982
1341848064.3498 -0.0444 -0.2723 0.3075 0.0501 0.0267 0.0194 0.9982
1341848064.3826 -0.0317 -0.2769 0.3145 0.0517 0.0271 0.0193 0.9981
1341848064.4181 -0.0144 -0.2752 0.3171 0.0519 0.0263 0.0191 0.9981
1341848064.4498 -0.0083 -0.2825 0.3296 0.0495 0.0276 0.0159 0.9983
1341848064.4818 0.0001 -0.2914 0.3407 0.0504 0.0288 0.0121 0.9982
1341848064.5180 0.0139 -0.2933 0.3433 0.0527 0.0293 0.0096 0.9981
1341848064.5497 0.0209 -0.2971 0.3520 0.0532 0.0304 0.0102 0.9981
1341848064.5817 0.0259 -0.3033 0.3602 0.0548 0.0302 0.0127 0.9980
1341848064.6177 0.0412 -0.3043 0.3591 0.0574 0.0277 0.0136 0.9979
1341848064.6497 0.0506 -0.3050 0.3621 0.0582 0.0272 0.0150 0.9978
1341848064.6858 0.0547 -0.3060 0.3657 0.0582 0.0252 0.0178 0.9978
1341848064.7499 0.0767 -0.3093 0.3686 0.0568 0.0241 0.0152 0.9980
1341848064.8107 0.0861 -0.3116 0.3744 0.0577 0.0215 0.0146 0.9980
1341848064.8427 0.0954 -0.3125 0.3765 0.0563 0.0195 0.0144 0.9981
1341848064.8788 0.0968 -0.3167 0.3818 0.0558 0.0193 0.0153 0.9981
1341848064.9108 0.1092 -0.3135 0.3797 0.0568 0.0153 0.0183 0.9981
1341848064.9469 0.1199 -0.3116 0.3807 0.0550 0.0131 0.0212 0.9982
1341848064.9788 0.1206 -0.3186 0.3888 0.0537 0.0132 0.0223 0.9982
1341848065.0108 0.1365 -0.3179 0.3852 0.0557 0.0103 0.0235 0.9981
1341848065.0468 0.1475 -0.3135 0.3869 0.0553 0.0095 0.0243 0.9981
1341848065.0787 0.1442 -0.3186 0.3935 0.0539 0.0095 0.0264 0.9982
1341848065.1107 0.1631 -0.3183 0.3897 0.0539 0.0045 0.0284 0.9981
1341848065.1467 0.1685 -0.3190 0.3938 0.0524 0.0051 0.0281 0.9982
1341848065.1788 0.1685 -0.3289 0.4008 0.0532 0.0055 0.0270 0.9982
1341848065.2148 0.1864 -0.3233 0.3954 0.0571 0.0023 0.0263 0.9980
1341848065.2468 0.1950 -0.3172 0.3972 0.0563 0.0009 0.0240 0.9981
1341848065.2787 0.1943 -0.3290 0.4047 0.0542 0.0021 0.0235 0.9983
1341848065.3148 0.2083 -0.3247 0.4029 0.0570 -0.0009 0.0216 0.9981
1341848065.3468 0.2165 -0.3269 0.4045 0.0563 -0.0019 0.0190 0.9982
1341848065.3828 0.2266 -0.3297 0.4046 0.0571 -0.0028 0.0186 0.9982
1341848065.4149 0.2354 -0.3287 0.4040 0.0579 -0.0041 0.0171 0.9982
1341848065.4467 0.2447 -0.3334 0.4067 0.0585 -0.0056 0.0141 0.9982
1341848065.4828 0.2577 -0.3340 0.4063 0.0607 -0.0061 0.0129 0.9981
1341848065.5147 0.2643 -0.3338 0.4083 0.0618 -0.0063 0.0127 0.9980
1341848065.5469 0.2713 -0.3361 0.4113 0.0620 -0.0077 0.0120 0.9980
1341848065.5827 0.2830 -0.3390 0.4118 0.0633 -0.0087 0.0105 0.9979
1341848065.6148 0.2889 -0.3380 0.4125 0.0644 -0.0091 0.0095 0.9978
1341848065.6829 0.3003 -0.3417 0.4154 0.0649 -0.0135 0.0066 0.9978
1341848065.7148 0.3127 -0.3377 0.4134 0.0657 -0.0162 0.0044 0.9977
1341848065.7507 0.3103 -0.3370 0.4155 0.0642 -0.0172 0.0026 0.9978
1341848065.7827 0.3161 -0.3387 0.4153 0.0634 -0.0220 -0.0003 0.9977
1341848065.8147 0.3287 -0.3370 0.4143 0.0627 -0.0252 -0.0042 0.9977
1341848065.8507 0.3266 -0.3368 0.4163 0.0613 -0.0255 -0.0097 0.9977
1341848065.9187 0.3332 -0.3295 0.4128 0.0581 -0.0382 -0.0114 0.9975
1341848065.9508 0.3383 -0.3301 0.4153 0.0536 -0.0434 -0.0151 0.9975
1341848065.9828 0.3350 -0.3360 0.4183 0.0508 -0.0463 -0.0187 0.9975
1341848066.0188 0.3476 -0.3313 0.4160 0.0507 -0.0525 -0.0226 0.9971
1341848066.0507 0.3518 -0.3296 0.4189 0.0479 -0.0551 -0.0261 0.9970
1341848066.0828 0.3486 -0.3336 0.4221 0.0455 -0.0566 -0.0268 0.9970
1341848066.1187 0.3534 -0.3327 0.4221 0.0451 -0.0613 -0.0272 0.9967
1341848066.1510 0.3649 -0.3316 0.4247 0.0435 -0.0662 -0.0292 0.9964
1341848066.1868 0.3667 -0.3344 0.4277 0.0408 -0.0662 -0.0287 0.9966
1341848066.2187 0.3660 -0.3376 0.4307 0.0399 -0.0690 -0.0294 0.9964
1341848066.2508 0.3796 -0.3386 0.4327 0.0397 -0.0734 -0.0307 0.9960
1341848066.2867 0.3839 -0.3407 0.4371 0.0388 -0.0738 -0.0326 0.9960
1341848066.3187 0.3851 -0.3473 0.4426 0.0392 -0.0744 -0.0335 0.9959
1341848066.3548 0.3965 -0.3484 0.4446 0.0410 -0.0768 -0.0336 0.9956
1341848066.3868 0.4004 -0.3527 0.4501 0.0414 -0.0767 -0.0345 0.9956
1341848066.4188 0.4005 -0.3559 0.4559 0.0434 -0.0771 -0.0342 0.9955
1341848066.4547 0.4120 -0.3573 0.4586 0.0456 -0.0814 -0.0352 0.9950
1341848066.4869 0.4213 -0.3584 0.4636 0.0458 -0.0838 -0.0370 0.9947
1341848066.5228 0.4214 -0.3630 0.4697 0.0453 -0.0844 -0.0390 0.9946
1341848066.5551 0.4280 -0.3657 0.4748 0.0469 -0.0877 -0.0421 0.9941
1341848066.6235 0.4407 -0.3739 0.4872 0.0489 -0.0886 -0.0506 0.9936
1341848066.6552 0.4474 -0.3768 0.4927 0.0510 -0.0905 -0.0534 0.9932
1341848066.6977 0.4587 -0.3782 0.4978 0.0523 -0.0918 -0.0559 0.9928
1341848066.7325 0.4585 -0.3864 0.5059 0.0529 -0.0912 -0.0590 0.9927
1341848066.7644 0.4678 -0.3901 0.5106 0.0559 -0.0925 -0.0613 0.9923
1341848066.7953 0.4786 -0.3895 0.5143 0.0591 -0.0928 -0.0652 0.9918
1341848066.8334 0.4781 -0.3924 0.5205 0.0603 -0.0925 -0.0686 0.9915
1341848066.8621 0.4916 -0.3931 0.5229 0.0617 -0.0952 -0.0698 0.9911
1341848066.9050 0.4991 -0.3919 0.5269 0.0611 -0.0955 -0.0717 0.9910
1341848066.9302 0.4974 -0.3981 0.5322 0.0599 -0.0959 -0.0733 0.9909
1341848066.9979 0.5211 -0.3976 0.5383 0.0600 -0.0978 -0.0774 0.9904
1341848067.0547 0.5296 -0.4040 0.5457 0.0595 -0.0996 -0.0809 0.9899
1341848067.0909 0.5314 -0.4067 0.5492 0.0590 -0.0977 -0.0831 0.9900
1341848067.1230 0.5265 -0.4128 0.5522 0.0603 -0.0971 -0.0839 0.9899
1341848067.1588 0.5383 -0.4111 0.5528 0.0640 -0.0996 -0.0833 0.9895
1341848067.1911 0.5422 -0.4094 0.5537 0.0645 -0.0996 -0.0832 0.9894
1341848067.2229 0.5436 -0.4141 0.5564 0.0643 -0.1003 -0.0816 0.9895
1341848067.2587 0.5542 -0.4126 0.5561 0.0656 -0.1015 -0.0797 0.9895
1341848067.3228 0.5570 -0.4151 0.5587 0.0644 -0.1004 -0.0748 0.9900
1341848067.3587 0.5689 -0.4144 0.5587 0.0646 -0.1029 -0.0718 0.9900
1341848067.3907 0.5736 -0.4145 0.5599 0.0637 -0.1010 -0.0695 0.9904
1341848067.4269 0.5734 -0.4165 0.5606 0.0634 -0.0993 -0.0669 0.9908
1341848067.4587 0.5842 -0.4137 0.5596 0.0636 -0.1001 -0.0639 0.9909
1341848067.4915 0.5910 -0.4112 0.5597 0.0617 -0.0984 -0.0615 0.9913
1341848067.5267 0.5885 -0.4150 0.5607 0.0599 -0.0958 -0.0607 0.9917
1341848067.5588 0.5993 -0.4127 0.5590 0.0604 -0.0961 -0.0605 0.9917
1341848067.5947 0.6027 -0.4138 0.5595 0.0594 -0.0926 -0.0618 0.9920
1341848067.6267 0.5976 -0.4185 0.5597 0.0601 -0.0892 -0.0626 0.9922
1341848067.6590 0.6062 -0.4180 0.5575 0.0631 -0.0896 -0.0620 0.9920
1341848067.6949 0.6106 -0.4169 0.5566 0.0643 -0.0877 -0.0608 0.9922
1341848067.7267 0.6076 -0.4201 0.5557 0.0660 -0.0862 -0.0586 0.9924
1341848067.7587 0.6186 -0.4178 0.5530 0.0689 -0.0873 -0.0568 0.9922
1341848067.7948 0.6223 -0.4173 0.5517 0.0692 -0.0849 -0.0550 0.9925
1341848067.8268 0.6200 -0.4207 0.5508 0.0698 -0.0835 -0.0525 0.9927
1341848067.8628 0.6319 -0.4174 0.5495 0.0719 -0.0841 -0.0506 0.9926
