dataset_order,dataset_key,dataset_family,dataset_condition,source,standard_label,kind,id,label,role,candidate_key,channels_json,replicate,status,reason,elapsed_seconds,exit_code,failure_timestamp,failure_frame_index,last_timestamp,trajectory_poses,associated_poses,expected_matched_frames,coverage_ratio,se3_ate_rmse_m,se3_ate_mean_m,se3_ate_median_m,se3_ate_max_m,se3_ate_std_m,rotation_ape_rmse_deg,rotation_ape_mean_deg,rotation_ape_max_deg,translation_rpe_rmse_m,translation_rpe_max_m,rotation_rpe_rmse_deg,rotation_rpe_max_deg,allframe_sim3_rmse_m,allframe_sim3_mean_m,allframe_sim3_scale,keyframe_sim3_rmse_m,keyframe_sim3_mean_m,keyframe_sim3_scale,keyframe_associated_poses,historical_evo_ape_rmse_m,historical_evo_ape_mean_m,historical_evo_rpe_rmse_m,diagnostic_frames,photo_mse_median,photo_mse_p95,photo_mse_nonfinite_count,valid_ratio_min,valid_ratio_median,h_cond_max,delta_norm_max,crazy_affine_count,trajectory_path,keyframe_trajectory_path,log_path,created_at
1,fr1_desk_clean,fr1_desk,clean,Step-Q:unet_enc0_direct_f1_d02_d03_d07_d12_d13_d14,unet_direct_fine01,direct_fine,4,unet_enc0_direct_f1_d02_d03_d07_d12_d13_d14,Direct fine parent F1: global direct U-Net optimum on fr1/desk_lightswitch.,"unet:direct:enc0:2,3,7,12,13,14","[2, 3, 7, 12, 13, 14]",0,PASS,Completed the full matched RGB-D sequence,44.46612121901126,0,,,1305031473.1961,571,571,573,0.9965095986038395,0.11983209964658162,0.11229492389524087,0.10676932273486552,0.19942925056445565,0.04182800704157835,7.707927316583764,7.0114878702032986,12.374021978794437,0.01079723064030089,0.17379924152279652,0.5747421463395407,6.8428475513732385,0.10756605516785991,0.09623815804750947,1.065113896724223,0.11041503108917905,0.09867290469481625,1.0638996084064767,427,0.110219,0.098457,0.012797,571,8.784326,10.221742500000001,0,0.898,0.992,41100.0,0.004929,8,/home/melody/code/individual_project/channel_selection_results/step_q_c2f_multi_dataset_evaluation/unet/per_dataset/fr1_desk_clean/artifacts/unet_enc0_direct_f1_d02_d03_d07_d12_d13_d14/replicate_0.all_frames.tum.txt,/home/melody/code/individual_project/channel_selection_results/step_q_c2f_multi_dataset_evaluation/unet/per_dataset/fr1_desk_clean/artifacts/unet_enc0_direct_f1_d02_d03_d07_d12_d13_d14/replicate_0.keyframes.tum.txt,/home/melody/code/individual_project/channel_selection_results/step_q_c2f_multi_dataset_evaluation/unet/per_dataset/fr1_desk_clean/artifacts/unet_enc0_direct_f1_d02_d03_d07_d12_d13_d14/replicate_0.log,2026-08-23T09:30:17.053569+00:00
1,fr1_desk_clean,fr1_desk,clean,Step-Q:unet_enc0_direct_f2_d03_d07_d12,unet_direct_fine02,direct_fine,5,unet_enc0_direct_f2_d03_d07_d12,Direct fine parent F2: the three-channel near-optimum.,"unet:direct:enc0:3,7,12","[3, 7, 12]",0,PASS,Completed the full matched RGB-D sequence,43.95313089599949,0,,,1305031473.1961,571,571,573,0.9965095986038395,0.14136961414707652,0.13210862889643404,0.1266542645647931,0.2917597496263541,0.05032571882444962,7.993343093143839,7.77823961807508,11.964796164636347,0.008956846641682774,0.09247971243026659,0.6560682264588276,10.329065347527125,0.13278402161053376,0.11815767439085836,1.059757326087172,0.1289710700585612,0.11423514402326042,1.0661183075555285,429,0.129,0.114312,0.0105,571,4.445487,5.0683115,0,0.87,0.992,49090.0,0.0041,8,/home/melody/code/individual_project/channel_selection_results/step_q_c2f_multi_dataset_evaluation/unet/per_dataset/fr1_desk_clean/artifacts/unet_enc0_direct_f2_d03_d07_d12/replicate_0.all_frames.tum.txt,/home/melody/code/individual_project/channel_selection_results/step_q_c2f_multi_dataset_evaluation/unet/per_dataset/fr1_desk_clean/artifacts/unet_enc0_direct_f2_d03_d07_d12/replicate_0.keyframes.tum.txt,/home/melody/code/individual_project/channel_selection_results/step_q_c2f_multi_dataset_evaluation/unet/per_dataset/fr1_desk_clean/artifacts/unet_enc0_direct_f2_d03_d07_d12/replicate_0.log,2026-08-23T09:31:01.651606+00:00
1,fr1_desk_clean,fr1_desk,clean,Step-R:new,unet_direct_fine03,direct_fine,1,unet_direct_fine03,Step-R direct fine rank 3,"unet:direct:enc0:2,3,12,14","[2, 3, 12, 14]",0,PASS,Completed the full matched RGB-D sequence,45.723356964999994,0,,,1305031473.1961,571,571,573,0.9965095986038395,0.09936423060515806,0.09408335339089019,0.09767889520786951,0.16002874659765864,0.03196205466611782,7.157300209986477,6.705189343649115,11.112693414518619,0.010234700895001156,0.1534330211710396,0.5019892757225013,2.188722327638771,0.07662281441905185,0.06927226387040811,1.0786912058126086,0.07624017148254224,0.0682825524670837,1.080254092739975,429,0.076092,0.06813,0.012321,571,5.768164,6.7496785,0,0.899,0.992,18990.0,0.004755,0,/home/melody/code/individual_project/channel_selection_results/step_r_c2f_grid_completion/unet/per_dataset/fr1_desk_clean/artifacts/unet_direct_fine03/replicate_0.all_frames.tum.txt,/home/melody/code/individual_project/channel_selection_results/step_r_c2f_grid_completion/unet/per_dataset/fr1_desk_clean/artifacts/unet_direct_fine03/replicate_0.keyframes.tum.txt,/home/melody/code/individual_project/channel_selection_results/step_r_c2f_grid_completion/unet/per_dataset/fr1_desk_clean/artifacts/unet_direct_fine03/replicate_0.log,2026-08-25T15:34:03.946627+00:00
1,fr1_desk_clean,fr1_desk,clean,Step-R:new,unet_direct_fine04,direct_fine,2,unet_direct_fine04,Step-R direct fine rank 4,"unet:direct:enc0:2,4,6","[2, 4, 6]",0,PASS,Completed the full matched RGB-D sequence,44.61296157500004,0,,,1305031473.1961,571,571,573,0.9965095986038395,0.1495807785153033,0.14066786824553484,0.11837238812918886,0.30729131130864323,0.05086216810657079,9.243778084023667,8.80229895838446,15.562309742954538,0.010902625359281973,0.1665693924813797,0.6574219422756878,8.723477695064405,0.1378106978085155,0.12412745968242962,1.0725694849914744,0.13832598458687873,0.12556619450951895,1.0769972721912455,434,0.138256,0.125513,0.012974,571,7.253849,9.581475999999999,0,0.899,0.992,14280.0,0.003052,0,/home/melody/code/individual_project/channel_selection_results/step_r_c2f_grid_completion/unet/per_dataset/fr1_desk_clean/artifacts/unet_direct_fine04/replicate_0.all_frames.tum.txt,/home/melody/code/individual_project/channel_selection_results/step_r_c2f_grid_completion/unet/per_dataset/fr1_desk_clean/artifacts/unet_direct_fine04/replicate_0.keyframes.tum.txt,/home/melody/code/individual_project/channel_selection_results/step_r_c2f_grid_completion/unet/per_dataset/fr1_desk_clean/artifacts/unet_direct_fine04/replicate_0.log,2026-08-25T15:34:49.189988+00:00
1,fr1_desk_clean,fr1_desk,clean,Step-Q:unet_enc0_direct_f5_d02_d03_d07_d12_d13,unet_direct_fine05,direct_fine,6,unet_enc0_direct_f5_d02_d03_d07_d12_d13,"Direct fine parent F5, included because it has the clearest positive C2F synergy.","unet:direct:enc0:2,3,7,12,13","[2, 3, 7, 12, 13]",0,PASS,Completed the full matched RGB-D sequence,44.47155082199606,0,,,1305031473.1961,571,571,573,0.9965095986038395,0.10526510136023091,0.09970775570881728,0.1048840670118322,0.18547630290045455,0.03375062985916715,7.076912522338476,6.753823899478223,11.124144518409938,0.009426240967982473,0.10295769602188044,0.70483952380091,10.281715828151633,0.08275048238446159,0.07684011392994258,1.0811679373002248,0.0795229630381428,0.07394629052607529,1.085198187425723,427,0.079467,0.073887,0.011358,571,7.717355,8.907745,0,0.898,0.992,65270.0,0.005424,16,/home/melody/code/individual_project/channel_selection_results/step_q_c2f_multi_dataset_evaluation/unet/per_dataset/fr1_desk_clean/artifacts/unet_enc0_direct_f5_d02_d03_d07_d12_d13/replicate_0.all_frames.tum.txt,/home/melody/code/individual_project/channel_selection_results/step_q_c2f_multi_dataset_evaluation/unet/per_dataset/fr1_desk_clean/artifacts/unet_enc0_direct_f5_d02_d03_d07_d12_d13/replicate_0.keyframes.tum.txt,/home/melody/code/individual_project/channel_selection_results/step_q_c2f_multi_dataset_evaluation/unet/per_dataset/fr1_desk_clean/artifacts/unet_enc0_direct_f5_d02_d03_d07_d12_d13/replicate_0.log,2026-08-23T09:31:46.780296+00:00
1,fr1_desk_clean,fr1_desk,clean,Step-R:new,unet_direct_coarse01,direct_coarse,3,unet_direct_coarse01,Step-R direct coarse rank 1,"unet:direct:enc1:5,6,17,18,28,30","[5, 6, 17, 18, 28, 30]",0,PASS,Completed the full matched RGB-D sequence,50.76729195799999,0,,,1305031473.1961,571,571,573,0.9965095986038395,0.18251759012373842,0.16901195990904688,0.154727452094449,0.3913067406434708,0.06890303412970798,9.47582842808502,9.23986676975446,13.194363011689708,0.009793074874861035,0.09498411039119908,0.7621659526628849,9.64815997833485,0.17383828768481616,0.1536781131094492,1.0697412914350133,0.1718514399636803,0.1513183014482341,1.0775232803969923,428,0.171798,0.151311,0.011564,571,24.861935,46.252342,0,0.904,0.993,36210.0,0.011744,19,/home/melody/code/individual_project/channel_selection_results/step_r_c2f_grid_completion/unet/per_dataset/fr1_desk_clean/artifacts/unet_direct_coarse01/replicate_0.all_frames.tum.txt,/home/melody/code/individual_project/channel_selection_results/step_r_c2f_grid_completion/unet/per_dataset/fr1_desk_clean/artifacts/unet_direct_coarse01/replicate_0.keyframes.tum.txt,/home/melody/code/individual_project/channel_selection_results/step_r_c2f_grid_completion/unet/per_dataset/fr1_desk_clean/artifacts/unet_direct_coarse01/replicate_0.log,2026-08-25T15:35:40.601214+00:00
1,fr1_desk_clean,fr1_desk,clean,Step-Q:unet_enc1_direct_c2_d00_d05_d06_d17_d18_d30,unet_direct_coarse02,direct_coarse,3,unet_enc1_direct_c2_d00_d05_d06_d17_d18_d30,"Direct coarse parent C2, needed to interpret the C2F-B schedule contrast.","unet:direct:enc1:0,5,6,17,18,30","[0, 5, 6, 17, 18, 30]",0,PASS,Completed the full matched RGB-D sequence,50.12718231001054,0,,,1305031473.1961,571,571,573,0.9965095986038395,0.16762169409435781,0.15683958859377756,0.14594671810288096,0.3525025532391857,0.059147069080361596,8.926114234128784,8.685729931798837,13.146465144788044,0.009463523094222756,0.0919085088746889,0.7233713914361929,9.626232741434963,0.15712261522264814,0.1403171283272543,1.0731815878186444,0.15417336050966227,0.1369107686370341,1.0812861239664298,427,0.154159,0.136948,0.011255,571,14.471186,20.003656499999998,0,0.893,0.993,133700.0,0.025682,28,/home/melody/code/individual_project/channel_selection_results/step_q_c2f_multi_dataset_evaluation/unet/per_dataset/fr1_desk_clean/artifacts/unet_enc1_direct_c2_d00_d05_d06_d17_d18_d30/replicate_0.all_frames.tum.txt,/home/melody/code/individual_project/channel_selection_results/step_q_c2f_multi_dataset_evaluation/unet/per_dataset/fr1_desk_clean/artifacts/unet_enc1_direct_c2_d00_d05_d06_d17_d18_d30/replicate_0.keyframes.tum.txt,/home/melody/code/individual_project/channel_selection_results/step_q_c2f_multi_dataset_evaluation/unet/per_dataset/fr1_desk_clean/artifacts/unet_enc1_direct_c2_d00_d05_d06_d17_d18_d30/replicate_0.log,2026-08-23T09:29:31.945991+00:00
1,fr1_desk_clean,fr1_desk,clean,Step-R:new,unet_direct_coarse03,direct_coarse,4,unet_direct_coarse03,Step-R direct coarse rank 3,"unet:direct:enc1:0,5,18,30","[0, 5, 18, 30]",0,PASS,Completed the full matched RGB-D sequence,48.02856073000004,0,,,1305031473.1961,571,571,573,0.9965095986038395,0.1367091920019144,0.1321554086612977,0.12278627198123021,0.24063370663563757,0.03499072933480656,9.237906211392833,8.702472950621749,13.783425188273508,0.009286683454500786,0.07424277994175504,0.6475073225971839,7.778439489730538,0.11982005113119851,0.10854249780407313,1.0826420797466547,0.12045366217864475,0.10886191445892567,1.0815333632267967,427,0.120264,0.108645,0.010899,571,7.848574,9.893029,0,0.896,0.993,50380.0,0.021646,31,/home/melody/code/individual_project/channel_selection_results/step_r_c2f_grid_completion/unet/per_dataset/fr1_desk_clean/artifacts/unet_direct_coarse03/replicate_0.all_frames.tum.txt,/home/melody/code/individual_project/channel_selection_results/step_r_c2f_grid_completion/unet/per_dataset/fr1_desk_clean/artifacts/unet_direct_coarse03/replicate_0.keyframes.tum.txt,/home/melody/code/individual_project/channel_selection_results/step_r_c2f_grid_completion/unet/per_dataset/fr1_desk_clean/artifacts/unet_direct_coarse03/replicate_0.log,2026-08-25T15:36:29.269518+00:00
1,fr1_desk_clean,fr1_desk,clean,Step-Q:unet_enc1_direct_c4_d00_d05_d06_d18_d30,unet_direct_coarse04,direct_coarse,2,unet_enc1_direct_c4_d00_d05_d06_d18_d30,"Direct coarse parent C4, selected because it participates in the strongest U-Net C2F results.","unet:direct:enc1:0,5,6,18,30","[0, 5, 6, 18, 30]",0,PASS,Completed the full matched RGB-D sequence,49.90337212700979,0,,,1305031473.1961,571,571,573,0.9965095986038395,0.11887200450610505,0.11261418470620277,0.11930363255802644,0.20138048400224148,0.03806046319025441,7.977434028014852,7.589548207297139,12.044670494301029,0.008973378397831477,0.07149112744159924,0.7191684269694791,9.50541735967938,0.09487558541994306,0.08578600842644679,1.090224725510659,0.09000456228978285,0.08155257705366237,1.0934642214166252,428,0.089912,0.081456,0.010783,571,11.12286,16.1185475,0,0.893,0.993,120300.0,0.017557,22,/home/melody/code/individual_project/channel_selection_results/step_q_c2f_multi_dataset_evaluation/unet/per_dataset/fr1_desk_clean/artifacts/unet_enc1_direct_c4_d00_d05_d06_d18_d30/replicate_0.all_frames.tum.txt,/home/melody/code/individual_project/channel_selection_results/step_q_c2f_multi_dataset_evaluation/unet/per_dataset/fr1_desk_clean/artifacts/unet_enc1_direct_c4_d00_d05_d06_d18_d30/replicate_0.keyframes.tum.txt,/home/melody/code/individual_project/channel_selection_results/step_q_c2f_multi_dataset_evaluation/unet/per_dataset/fr1_desk_clean/artifacts/unet_enc1_direct_c4_d00_d05_d06_d18_d30/replicate_0.log,2026-08-23T09:28:41.175619+00:00
1,fr1_desk_clean,fr1_desk,clean,Step-R:new,unet_c2f_a_fine01_coarse01,c2f,5,unet_c2f_a_fine01_coarse01,Step-R full-grid C2F-A; F1 × C1,"unet:c2f:A:fine2,3,7,12,13,14:coarse5,6,17,18,28,30","[2, 3, 7, 12, 13, 14, 5, 6, 17, 18, 28, 30]",0,PASS,Completed the full matched RGB-D sequence,49.072391941000035,0,,,1305031473.1961,571,571,573,0.9965095986038395,0.11358389169836346,0.10705816795620045,0.1066789113451371,0.2162147205960481,0.037945343946359664,7.243698703280396,6.988664277639866,11.031773402039622,0.009091316364801073,0.08814505453745455,0.7018773353501451,9.782110884490361,0.09376922614207167,0.08587179953873454,1.0799816257622392,0.09139559863194795,0.08383440618322055,1.0844362633050064,427,0.09134,0.083773,0.010881,571,8.800344,10.24782,0,0.895,0.993,78630.0,0.003937,16,/home/melody/code/individual_project/channel_selection_results/step_r_c2f_grid_completion/unet/per_dataset/fr1_desk_clean/artifacts/unet_c2f_a_fine01_coarse01/replicate_0.all_frames.tum.txt,/home/melody/code/individual_project/channel_selection_results/step_r_c2f_grid_completion/unet/per_dataset/fr1_desk_clean/artifacts/unet_c2f_a_fine01_coarse01/replicate_0.keyframes.tum.txt,/home/melody/code/individual_project/channel_selection_results/step_r_c2f_grid_completion/unet/per_dataset/fr1_desk_clean/artifacts/unet_c2f_a_fine01_coarse01/replicate_0.log,2026-08-25T15:37:18.974896+00:00
1,fr1_desk_clean,fr1_desk,clean,Step-R:new,unet_c2f_a_fine01_coarse02,c2f,6,unet_c2f_a_fine01_coarse02,Step-R full-grid C2F-A; F1 × C2,"unet:c2f:A:fine2,3,7,12,13,14:coarse0,5,6,17,18,30","[2, 3, 7, 12, 13, 14, 0, 5, 6, 17, 18, 30]",0,PASS,Completed the full matched RGB-D sequence,47.865533478999964,0,,,1305031473.1961,571,571,573,0.9965095986038395,0.11075646915687634,0.10473827681832538,0.10375898134556148,0.2131197003414816,0.036012342734484025,7.226222873562604,6.967579420063148,10.872685790428134,0.009022957289539679,0.08812354868386685,0.6992774046821505,9.72893349769647,0.09208411229268713,0.08425805080781662,1.076531110770169,0.08939850906085182,0.08198500317374526,1.0808736582777283,427,0.08936,0.081947,0.010779,571,8.788695,10.2563225,0,0.895,0.993,83550.0,0.002899,16,/home/melody/code/individual_project/channel_selection_results/step_r_c2f_grid_completion/unet/per_dataset/fr1_desk_clean/artifacts/unet_c2f_a_fine01_coarse02/replicate_0.all_frames.tum.txt,/home/melody/code/individual_project/channel_selection_results/step_r_c2f_grid_completion/unet/per_dataset/fr1_desk_clean/artifacts/unet_c2f_a_fine01_coarse02/replicate_0.keyframes.tum.txt,/home/melody/code/individual_project/channel_selection_results/step_r_c2f_grid_completion/unet/per_dataset/fr1_desk_clean/artifacts/unet_c2f_a_fine01_coarse02/replicate_0.log,2026-08-25T15:38:07.471625+00:00
1,fr1_desk_clean,fr1_desk,clean,Step-R:new,unet_c2f_a_fine01_coarse03,c2f,7,unet_c2f_a_fine01_coarse03,Step-R full-grid C2F-A; F1 × C3,"unet:c2f:A:fine2,3,7,12,13,14:coarse0,5,18,30","[2, 3, 7, 12, 13, 14, 0, 5, 18, 30]",0,PASS,Completed the full matched RGB-D sequence,46.870808807,0,,,1305031473.1961,571,571,573,0.9965095986038395,0.12644530469420073,0.11962458148079484,0.1003194484062634,0.22039291864078003,0.04096797022985078,8.828993608138923,8.279230400560463,13.479496996506477,0.009432479207952704,0.09498842284260181,0.6973258686422416,8.330935471561528,0.11513003181657068,0.10093693948249013,1.0644948324985237,0.11691182300057128,0.10273710154628804,1.0631856899594765,427,0.116748,0.102516,0.010988,571,8.788228,10.2025285,0,0.896,0.993,70010.0,0.017182,16,/home/melody/code/individual_project/channel_selection_results/step_r_c2f_grid_completion/unet/per_dataset/fr1_desk_clean/artifacts/unet_c2f_a_fine01_coarse03/replicate_0.all_frames.tum.txt,/home/melody/code/individual_project/channel_selection_results/step_r_c2f_grid_completion/unet/per_dataset/fr1_desk_clean/artifacts/unet_c2f_a_fine01_coarse03/replicate_0.keyframes.tum.txt,/home/melody/code/individual_project/channel_selection_results/step_r_c2f_grid_completion/unet/per_dataset/fr1_desk_clean/artifacts/unet_c2f_a_fine01_coarse03/replicate_0.log,2026-08-25T15:38:54.975893+00:00
1,fr1_desk_clean,fr1_desk,clean,Step-Q:unet_c2f_a_f1_c4_negative_high_parent,unet_c2f_a_fine01_coarse04,c2f,7,unet_c2f_a_f1_c4_negative_high_parent,C2F-A negative control: on fr1 lightswitch it is worse than the globally best direct fine parent F1.,"unet:c2f:A:fine2,3,7,12,13,14:coarse0,5,6,18,30","[2, 3, 7, 12, 13, 14, 0, 5, 6, 18, 30]",0,PASS,Completed the full matched RGB-D sequence,48.13848793201032,0,,,1305031473.1961,571,571,573,0.9965095986038395,0.09617553555860096,0.0917650152034695,0.09693105331343692,0.15502433303101792,0.028790894822681875,7.436079408261247,6.940665472315515,11.799551854605133,0.00938853589289939,0.10137045285661567,0.6976534694075015,8.593232966150206,0.07382158349267161,0.06748279375729421,1.0765016772919762,0.07082684014588901,0.06508328194724974,1.0791538167058359,427,0.070749,0.064992,0.011273,571,8.791515,10.232193,0,0.895,0.993,85250.0,0.008404,16,/home/melody/code/individual_project/channel_selection_results/step_q_c2f_multi_dataset_evaluation/unet/per_dataset/fr1_desk_clean/artifacts/unet_c2f_a_f1_c4_negative_high_parent/replicate_0.all_frames.tum.txt,/home/melody/code/individual_project/channel_selection_results/step_q_c2f_multi_dataset_evaluation/unet/per_dataset/fr1_desk_clean/artifacts/unet_c2f_a_f1_c4_negative_high_parent/replicate_0.keyframes.tum.txt,/home/melody/code/individual_project/channel_selection_results/step_q_c2f_multi_dataset_evaluation/unet/per_dataset/fr1_desk_clean/artifacts/unet_c2f_a_f1_c4_negative_high_parent/replicate_0.log,2026-08-23T09:32:35.571909+00:00
1,fr1_desk_clean,fr1_desk,clean,Step-R:new,unet_c2f_a_fine02_coarse01,c2f,8,unet_c2f_a_fine02_coarse01,Step-R full-grid C2F-A; F2 × C1,"unet:c2f:A:fine3,7,12:coarse5,6,17,18,28,30","[3, 7, 12, 5, 6, 17, 18, 28, 30]",0,PASS,Completed the full matched RGB-D sequence,48.841466548000085,0,,,1305031473.1961,571,571,573,0.9965095986038395,0.11775819686569923,0.1121759072137587,0.10905825712952569,0.2324932419964641,0.03582678843869448,7.136000035189941,6.932336626106844,10.684724022102737,0.009688543222025647,0.09115258952609799,0.6987610864953173,9.6760846638997,0.10276734342560777,0.09299077086475788,1.0712477199693446,0.09924182748575862,0.09010481290606688,1.076499752396202,427,0.099244,0.090124,0.01159,571,4.438619,5.084724,0,0.873,0.992,55150.0,0.006359,16,/home/melody/code/individual_project/channel_selection_results/step_r_c2f_grid_completion/unet/per_dataset/fr1_desk_clean/artifacts/unet_c2f_a_fine02_coarse01/replicate_0.all_frames.tum.txt,/home/melody/code/individual_project/channel_selection_results/step_r_c2f_grid_completion/unet/per_dataset/fr1_desk_clean/artifacts/unet_c2f_a_fine02_coarse01/replicate_0.keyframes.tum.txt,/home/melody/code/individual_project/channel_selection_results/step_r_c2f_grid_completion/unet/per_dataset/fr1_desk_clean/artifacts/unet_c2f_a_fine02_coarse01/replicate_0.log,2026-08-25T15:39:44.449751+00:00
1,fr1_desk_clean,fr1_desk,clean,Step-R:new,unet_c2f_a_fine02_coarse02,c2f,9,unet_c2f_a_fine02_coarse02,Step-R full-grid C2F-A; F2 × C2,"unet:c2f:A:fine3,7,12:coarse0,5,6,17,18,30","[3, 7, 12, 0, 5, 6, 17, 18, 30]",0,PASS,Completed the full matched RGB-D sequence,47.75095658700002,0,,,1305031473.1961,571,571,573,0.9965095986038395,0.11249404096118193,0.10758624248235407,0.10432411199780338,0.21928066493696682,0.03286502214063136,7.223664789131519,6.977902237547651,10.849119693123312,0.009534170425818438,0.08720438945981998,0.7045184327507454,9.766129111000655,0.09703305621543488,0.08793233461490195,1.070420462049445,0.09340500085251341,0.08524036830310702,1.0751750284832338,428,0.093409,0.085257,0.011397,571,4.438109,5.085502,0,0.876,0.993,57930.0,0.004489,16,/home/melody/code/individual_project/channel_selection_results/step_r_c2f_grid_completion/unet/per_dataset/fr1_desk_clean/artifacts/unet_c2f_a_fine02_coarse02/replicate_0.all_frames.tum.txt,/home/melody/code/individual_project/channel_selection_results/step_r_c2f_grid_completion/unet/per_dataset/fr1_desk_clean/artifacts/unet_c2f_a_fine02_coarse02/replicate_0.keyframes.tum.txt,/home/melody/code/individual_project/channel_selection_results/step_r_c2f_grid_completion/unet/per_dataset/fr1_desk_clean/artifacts/unet_c2f_a_fine02_coarse02/replicate_0.log,2026-08-25T15:40:32.850612+00:00
1,fr1_desk_clean,fr1_desk,clean,Step-R:new,unet_c2f_a_fine02_coarse03,c2f,10,unet_c2f_a_fine02_coarse03,Step-R full-grid C2F-A; F2 × C3,"unet:c2f:A:fine3,7,12:coarse0,5,18,30","[3, 7, 12, 0, 5, 18, 30]",0,PASS,Completed the full matched RGB-D sequence,47.05535931700001,0,,,1305031473.1961,571,571,573,0.9965095986038395,0.11550679219936014,0.11052142397536158,0.09773056390693546,0.20434395758458604,0.03356834649851756,8.199346104605373,7.6310638889308375,12.878625786928177,0.009130649422784526,0.07546992607022272,0.6720109799191627,7.8267480953683535,0.10165025833327676,0.09018265885625354,1.0677411135190078,0.10275719773762454,0.09124815110730222,1.0672390115849266,428,0.102595,0.091038,0.010685,571,4.436508,5.07682,0,0.896,0.993,50640.0,0.005809,16,/home/melody/code/individual_project/channel_selection_results/step_r_c2f_grid_completion/unet/per_dataset/fr1_desk_clean/artifacts/unet_c2f_a_fine02_coarse03/replicate_0.all_frames.tum.txt,/home/melody/code/individual_project/channel_selection_results/step_r_c2f_grid_completion/unet/per_dataset/fr1_desk_clean/artifacts/unet_c2f_a_fine02_coarse03/replicate_0.keyframes.tum.txt,/home/melody/code/individual_project/channel_selection_results/step_r_c2f_grid_completion/unet/per_dataset/fr1_desk_clean/artifacts/unet_c2f_a_fine02_coarse03/replicate_0.log,2026-08-25T15:41:20.545453+00:00
1,fr1_desk_clean,fr1_desk,clean,Step-Q:unet_c2f_a_f2_c4_global_best,unet_c2f_a_fine02_coarse04,c2f,8,unet_c2f_a_f2_c4_global_best,C2F-A global U-Net C2F optimum on fr1 lightswitch; compare against both direct parents.,"unet:c2f:A:fine3,7,12:coarse0,5,6,18,30","[3, 7, 12, 0, 5, 6, 18, 30]",0,PASS,Completed the full matched RGB-D sequence,48.268677179992665,0,,,1305031473.1961,571,571,573,0.9965095986038395,0.09915563174208973,0.09417293986822085,0.09681326771621598,0.17889925529681236,0.03103702148643409,7.384541507681384,6.972507998062672,11.514890434106967,0.008955639904616172,0.07714776819130885,0.7196722798485286,9.67254269481774,0.07828114340541503,0.07112042794297979,1.0754901559200531,0.07545348104207364,0.06867887759967818,1.078090310698984,428,0.075373,0.068586,0.01066,571,4.439812,5.0822590000000005,0,0.894,0.993,58410.0,0.008129,16,/home/melody/code/individual_project/channel_selection_results/step_q_c2f_multi_dataset_evaluation/unet/per_dataset/fr1_desk_clean/artifacts/unet_c2f_a_f2_c4_global_best/replicate_0.all_frames.tum.txt,/home/melody/code/individual_project/channel_selection_results/step_q_c2f_multi_dataset_evaluation/unet/per_dataset/fr1_desk_clean/artifacts/unet_c2f_a_f2_c4_global_best/replicate_0.keyframes.tum.txt,/home/melody/code/individual_project/channel_selection_results/step_q_c2f_multi_dataset_evaluation/unet/per_dataset/fr1_desk_clean/artifacts/unet_c2f_a_f2_c4_global_best/replicate_0.log,2026-08-23T09:33:24.499760+00:00
1,fr1_desk_clean,fr1_desk,clean,Step-R:new,unet_c2f_a_fine03_coarse01,c2f,11,unet_c2f_a_fine03_coarse01,Step-R full-grid C2F-A; F3 × C1,"unet:c2f:A:fine2,3,12,14:coarse5,6,17,18,28,30","[2, 3, 12, 14, 5, 6, 17, 18, 28, 30]",0,PASS,Completed the full matched RGB-D sequence,48.7211824069999,0,,,1305031473.1961,571,571,573,0.9965095986038395,0.11012472317724012,0.10399365499740224,0.10518384239440005,0.20606174770661706,0.03623222840435078,7.232488071169125,6.948981742979897,11.180372221734384,0.009158090412901228,0.08841744917946105,0.6976283347339272,9.701815509508307,0.08984215193433169,0.08240739329158314,1.079383965081101,0.0870560730913982,0.07991469389367646,1.0834979347100195,427,0.086991,0.079846,0.010956,571,5.774629,6.7950725,0,0.899,0.993,39310.0,0.005542,15,/home/melody/code/individual_project/channel_selection_results/step_r_c2f_grid_completion/unet/per_dataset/fr1_desk_clean/artifacts/unet_c2f_a_fine03_coarse01/replicate_0.all_frames.tum.txt,/home/melody/code/individual_project/channel_selection_results/step_r_c2f_grid_completion/unet/per_dataset/fr1_desk_clean/artifacts/unet_c2f_a_fine03_coarse01/replicate_0.keyframes.tum.txt,/home/melody/code/individual_project/channel_selection_results/step_r_c2f_grid_completion/unet/per_dataset/fr1_desk_clean/artifacts/unet_c2f_a_fine03_coarse01/replicate_0.log,2026-08-25T15:42:09.911117+00:00
1,fr1_desk_clean,fr1_desk,clean,Step-R:new,unet_c2f_a_fine03_coarse02,c2f,12,unet_c2f_a_fine03_coarse02,Step-R full-grid C2F-A; F3 × C2,"unet:c2f:A:fine2,3,12,14:coarse0,5,6,17,18,30","[2, 3, 12, 14, 0, 5, 6, 17, 18, 30]",0,PASS,Completed the full matched RGB-D sequence,47.58141965599998,0,,,1305031473.1961,571,571,573,0.9965095986038395,0.10730878449682982,0.1021617062813221,0.10264658167797913,0.1969546859792648,0.032835362033575004,7.160596738930441,6.815588338733262,11.318456120304356,0.009624326379617678,0.0968533374708045,0.6898752562181676,9.23777850621205,0.08883505177270792,0.08084853787702057,1.0746991669180903,0.08530700813105242,0.0779684310166205,1.0782898515180823,426,0.085269,0.077931,0.011568,571,5.778299,6.764044,0,0.882,0.993,38860.0,0.015874,14,/home/melody/code/individual_project/channel_selection_results/step_r_c2f_grid_completion/unet/per_dataset/fr1_desk_clean/artifacts/unet_c2f_a_fine03_coarse02/replicate_0.all_frames.tum.txt,/home/melody/code/individual_project/channel_selection_results/step_r_c2f_grid_completion/unet/per_dataset/fr1_desk_clean/artifacts/unet_c2f_a_fine03_coarse02/replicate_0.keyframes.tum.txt,/home/melody/code/individual_project/channel_selection_results/step_r_c2f_grid_completion/unet/per_dataset/fr1_desk_clean/artifacts/unet_c2f_a_fine03_coarse02/replicate_0.log,2026-08-25T15:42:58.130378+00:00
1,fr1_desk_clean,fr1_desk,clean,Step-R:new,unet_c2f_a_fine03_coarse03,c2f,13,unet_c2f_a_fine03_coarse03,Step-R full-grid C2F-A; F3 × C3,"unet:c2f:A:fine2,3,12,14:coarse0,5,18,30","[2, 3, 12, 14, 0, 5, 18, 30]",0,PASS,Completed the full matched RGB-D sequence,46.95236931599993,0,,,1305031473.1961,571,571,573,0.9965095986038395,0.12114460555650503,0.11511632836953248,0.09998237856359068,0.21794976304198527,0.0377391891560903,8.555053500693594,7.924953359751406,13.399067143097668,0.009486902161726998,0.10014154985022132,0.6689436050338525,8.217029102214347,0.10880869579571666,0.09616751742488087,1.0657137302315438,0.11111729045500562,0.09816338197160243,1.0641900139488447,430,0.110937,0.097937,0.011041,571,5.772577,6.7458665,0,0.897,0.993,35170.0,0.003927,12,/home/melody/code/individual_project/channel_selection_results/step_r_c2f_grid_completion/unet/per_dataset/fr1_desk_clean/artifacts/unet_c2f_a_fine03_coarse03/replicate_0.all_frames.tum.txt,/home/melody/code/individual_project/channel_selection_results/step_r_c2f_grid_completion/unet/per_dataset/fr1_desk_clean/artifacts/unet_c2f_a_fine03_coarse03/replicate_0.keyframes.tum.txt,/home/melody/code/individual_project/channel_selection_results/step_r_c2f_grid_completion/unet/per_dataset/fr1_desk_clean/artifacts/unet_c2f_a_fine03_coarse03/replicate_0.log,2026-08-25T15:43:45.740431+00:00
1,fr1_desk_clean,fr1_desk,clean,Step-R:new,unet_c2f_a_fine03_coarse04,c2f,14,unet_c2f_a_fine03_coarse04,Step-R full-grid C2F-A; F3 × C4,"unet:c2f:A:fine2,3,12,14:coarse0,5,6,18,30","[2, 3, 12, 14, 0, 5, 6, 18, 30]",0,PASS,Completed the full matched RGB-D sequence,47.601588512000035,0,,,1305031473.1961,571,571,573,0.9965095986038395,0.10129177782965733,0.09732714383797696,0.09604646010847447,0.1740334379251502,0.028061563182303424,7.687672007732195,7.158476542926678,12.235013546568501,0.008970360993570695,0.07411289085711781,0.7268168163684566,9.705277611322895,0.08068233177294021,0.07268641658063454,1.0760190327678467,0.07923020463916788,0.07164641607602383,1.077401808501326,429,0.079104,0.071485,0.010648,571,5.768883,6.7672305,0,0.895,0.993,41380.0,0.004214,15,/home/melody/code/individual_project/channel_selection_results/step_r_c2f_grid_completion/unet/per_dataset/fr1_desk_clean/artifacts/unet_c2f_a_fine03_coarse04/replicate_0.all_frames.tum.txt,/home/melody/code/individual_project/channel_selection_results/step_r_c2f_grid_completion/unet/per_dataset/fr1_desk_clean/artifacts/unet_c2f_a_fine03_coarse04/replicate_0.keyframes.tum.txt,/home/melody/code/individual_project/channel_selection_results/step_r_c2f_grid_completion/unet/per_dataset/fr1_desk_clean/artifacts/unet_c2f_a_fine03_coarse04/replicate_0.log,2026-08-25T15:44:34.007439+00:00
1,fr1_desk_clean,fr1_desk,clean,Step-R:new,unet_c2f_a_fine04_coarse01,c2f,15,unet_c2f_a_fine04_coarse01,Step-R full-grid C2F-A; F4 × C1,"unet:c2f:A:fine2,4,6:coarse5,6,17,18,28,30","[2, 4, 6, 5, 6, 17, 18, 28, 30]",0,PASS,Completed the full matched RGB-D sequence,49.306899069999986,0,,,1305031473.1961,571,571,573,0.9965095986038395,0.12396019399885512,0.11775918571095713,0.11428977981481378,0.24878516294615577,0.03871567998790814,7.170901016720228,6.992129044893225,10.684362967957403,0.009601683082508031,0.09040727752140283,0.6860847936434007,9.22833503585606,0.10998673628925965,0.09900143653742623,1.0708997336860446,0.10616578825790601,0.09524237690204779,1.0777820354546086,428,0.106168,0.095264,0.01149,571,7.244049,9.6644665,0,0.882,0.993,22920.0,0.007438,7,/home/melody/code/individual_project/channel_selection_results/step_r_c2f_grid_completion/unet/per_dataset/fr1_desk_clean/artifacts/unet_c2f_a_fine04_coarse01/replicate_0.all_frames.tum.txt,/home/melody/code/individual_project/channel_selection_results/step_r_c2f_grid_completion/unet/per_dataset/fr1_desk_clean/artifacts/unet_c2f_a_fine04_coarse01/replicate_0.keyframes.tum.txt,/home/melody/code/individual_project/channel_selection_results/step_r_c2f_grid_completion/unet/per_dataset/fr1_desk_clean/artifacts/unet_c2f_a_fine04_coarse01/replicate_0.log,2026-08-25T15:45:23.957226+00:00
1,fr1_desk_clean,fr1_desk,clean,Step-R:new,unet_c2f_a_fine04_coarse02,c2f,16,unet_c2f_a_fine04_coarse02,Step-R full-grid C2F-A; F4 × C2,"unet:c2f:A:fine2,4,6:coarse0,5,6,17,18,30","[2, 4, 6, 0, 5, 6, 17, 18, 30]",0,PASS,Completed the full matched RGB-D sequence,48.617120204,0,,,1305031473.1961,571,571,573,0.9965095986038395,0.10932392512513998,0.10326755934213257,0.10149395055893719,0.2156220717108087,0.0358821932479934,7.1062846151200665,6.839575993294317,11.03186982205008,0.008919898148694627,0.07844278201060992,0.696433777214775,9.654897388334575,0.09161000691889201,0.08297790373221042,1.0740120289984234,0.08876618111595906,0.08041110479927148,1.078656876458854,429,0.08872,0.080357,0.010585,571,7.242668,9.630305499999999,0,0.896,0.993,24760.0,0.00682,8,/home/melody/code/individual_project/channel_selection_results/step_r_c2f_grid_completion/unet/per_dataset/fr1_desk_clean/artifacts/unet_c2f_a_fine04_coarse02/replicate_0.all_frames.tum.txt,/home/melody/code/individual_project/channel_selection_results/step_r_c2f_grid_completion/unet/per_dataset/fr1_desk_clean/artifacts/unet_c2f_a_fine04_coarse02/replicate_0.keyframes.tum.txt,/home/melody/code/individual_project/channel_selection_results/step_r_c2f_grid_completion/unet/per_dataset/fr1_desk_clean/artifacts/unet_c2f_a_fine04_coarse02/replicate_0.log,2026-08-25T15:46:13.211923+00:00
1,fr1_desk_clean,fr1_desk,clean,Step-R:new,unet_c2f_a_fine04_coarse03,c2f,17,unet_c2f_a_fine04_coarse03,Step-R full-grid C2F-A; F4 × C3,"unet:c2f:A:fine2,4,6:coarse0,5,18,30","[2, 4, 6, 0, 5, 18, 30]",0,PASS,Completed the full matched RGB-D sequence,47.60109277799984,0,,,1305031473.1961,571,571,573,0.9965095986038395,0.12051286633102679,0.11450607016394496,0.10121605772724217,0.20615521031772754,0.03757274074285301,7.842917871996406,7.335503533792408,12.62425019698563,0.009020950781815038,0.09669702720461434,0.7108051215189728,9.295328732215138,0.10755001092434734,0.09543195096887176,1.0671645193055854,0.10900156209340676,0.09702480648971551,1.0672110318788983,428,0.10886,0.096844,0.010554,571,7.250296,9.6508195,0,0.896,0.993,19870.0,0.005037,5,/home/melody/code/individual_project/channel_selection_results/step_r_c2f_grid_completion/unet/per_dataset/fr1_desk_clean/artifacts/unet_c2f_a_fine04_coarse03/replicate_0.all_frames.tum.txt,/home/melody/code/individual_project/channel_selection_results/step_r_c2f_grid_completion/unet/per_dataset/fr1_desk_clean/artifacts/unet_c2f_a_fine04_coarse03/replicate_0.keyframes.tum.txt,/home/melody/code/individual_project/channel_selection_results/step_r_c2f_grid_completion/unet/per_dataset/fr1_desk_clean/artifacts/unet_c2f_a_fine04_coarse03/replicate_0.log,2026-08-25T15:47:01.452384+00:00
1,fr1_desk_clean,fr1_desk,clean,Step-R:new,unet_c2f_a_fine04_coarse04,c2f,18,unet_c2f_a_fine04_coarse04,Step-R full-grid C2F-A; F4 × C4,"unet:c2f:A:fine2,4,6:coarse0,5,6,18,30","[2, 4, 6, 0, 5, 6, 18, 30]",0,PASS,Completed the full matched RGB-D sequence,48.32613325199986,0,,,1305031473.1961,571,571,573,0.9965095986038395,0.106797752285382,0.10266300418937706,0.10760897591210292,0.17709718879753183,0.029429024177192252,7.301550663935809,6.770515402813232,11.808481810405121,0.011137946489674727,0.17713203019735474,0.7085148491390698,9.81277498558732,0.08974368799071482,0.0820285079590728,1.0716480478251709,0.0913094917296313,0.08334397090559958,1.072546166384193,428,0.091183,0.083182,0.013408,571,7.25006,9.6235715,0,0.895,0.993,14660.0,0.00558,0,/home/melody/code/individual_project/channel_selection_results/step_r_c2f_grid_completion/unet/per_dataset/fr1_desk_clean/artifacts/unet_c2f_a_fine04_coarse04/replicate_0.all_frames.tum.txt,/home/melody/code/individual_project/channel_selection_results/step_r_c2f_grid_completion/unet/per_dataset/fr1_desk_clean/artifacts/unet_c2f_a_fine04_coarse04/replicate_0.keyframes.tum.txt,/home/melody/code/individual_project/channel_selection_results/step_r_c2f_grid_completion/unet/per_dataset/fr1_desk_clean/artifacts/unet_c2f_a_fine04_coarse04/replicate_0.log,2026-08-25T15:47:50.409810+00:00
1,fr1_desk_clean,fr1_desk,clean,Step-R:new,unet_c2f_a_fine05_coarse01,c2f,19,unet_c2f_a_fine05_coarse01,Step-R full-grid C2F-A; F5 × C1,"unet:c2f:A:fine2,3,7,12,13:coarse5,6,17,18,28,30","[2, 3, 7, 12, 13, 5, 6, 17, 18, 28, 30]",0,PASS,Completed the full matched RGB-D sequence,49.47143095000001,0,,,1305031473.1961,571,571,573,0.9965095986038395,0.11262938336462641,0.10642968622142454,0.10487057639501038,0.2189140411680507,0.036852406812922,7.20031893037862,6.956911647118376,10.972751392234098,0.00917180277424379,0.09114353265277962,0.696713347112214,9.68410653722286,0.09426298422759387,0.08565629303874049,1.0766877759743059,0.09141120582159422,0.08323507158102242,1.0812009765160047,427,0.091373,0.083196,0.010949,571,7.704819,8.911622999999999,0,0.89,0.993,82540.0,0.003929,16,/home/melody/code/individual_project/channel_selection_results/step_r_c2f_grid_completion/unet/per_dataset/fr1_desk_clean/artifacts/unet_c2f_a_fine05_coarse01/replicate_0.all_frames.tum.txt,/home/melody/code/individual_project/channel_selection_results/step_r_c2f_grid_completion/unet/per_dataset/fr1_desk_clean/artifacts/unet_c2f_a_fine05_coarse01/replicate_0.keyframes.tum.txt,/home/melody/code/individual_project/channel_selection_results/step_r_c2f_grid_completion/unet/per_dataset/fr1_desk_clean/artifacts/unet_c2f_a_fine05_coarse01/replicate_0.log,2026-08-25T15:48:40.516097+00:00
1,fr1_desk_clean,fr1_desk,clean,Step-R:new,unet_c2f_a_fine05_coarse02,c2f,20,unet_c2f_a_fine05_coarse02,Step-R full-grid C2F-A; F5 × C2,"unet:c2f:A:fine2,3,7,12,13:coarse0,5,6,17,18,30","[2, 3, 7, 12, 13, 0, 5, 6, 17, 18, 30]",0,PASS,Completed the full matched RGB-D sequence,47.796988647000035,0,,,1305031473.1961,571,571,573,0.9965095986038395,0.14601082903324625,0.13590812203795063,0.1252320644934664,0.31212459437530293,0.053368010634586946,8.896532882998835,8.623969345193341,12.45306648739683,0.009746623045266765,0.08837964384995979,0.7609314163885612,9.774768982443648,0.13669120536506413,0.12046838985575328,1.063490527256515,0.13462608987352667,0.11988259642489238,1.0689381754536031,427,0.134628,0.119916,0.011527,571,7.707639,8.9156635,0,0.908,0.993,87960.0,0.003751,17,/home/melody/code/individual_project/channel_selection_results/step_r_c2f_grid_completion/unet/per_dataset/fr1_desk_clean/artifacts/unet_c2f_a_fine05_coarse02/replicate_0.all_frames.tum.txt,/home/melody/code/individual_project/channel_selection_results/step_r_c2f_grid_completion/unet/per_dataset/fr1_desk_clean/artifacts/unet_c2f_a_fine05_coarse02/replicate_0.keyframes.tum.txt,/home/melody/code/individual_project/channel_selection_results/step_r_c2f_grid_completion/unet/per_dataset/fr1_desk_clean/artifacts/unet_c2f_a_fine05_coarse02/replicate_0.log,2026-08-25T15:49:28.940822+00:00
1,fr1_desk_clean,fr1_desk,clean,Step-R:new,unet_c2f_a_fine05_coarse03,c2f,21,unet_c2f_a_fine05_coarse03,Step-R full-grid C2F-A; F5 × C3,"unet:c2f:A:fine2,3,7,12,13:coarse0,5,18,30","[2, 3, 7, 12, 13, 0, 5, 18, 30]",0,PASS,Completed the full matched RGB-D sequence,47.086889058,0,,,1305031473.1961,571,571,573,0.9965095986038395,0.12313429840095787,0.11710288515367699,0.10181912306232999,0.2093754409242059,0.03806533503571029,8.2542237770612,7.773414459552694,12.660657468936838,0.008781501901093676,0.07832265083319453,0.7053761137101018,9.010012755360373,0.11016568922792591,0.0974205810260748,1.0680272707394658,0.11135970041177644,0.09868154634139123,1.0677628401496035,427,0.111213,0.098489,0.01023,571,7.698837,8.901065,0,0.896,0.993,71860.0,0.004559,16,/home/melody/code/individual_project/channel_selection_results/step_r_c2f_grid_completion/unet/per_dataset/fr1_desk_clean/artifacts/unet_c2f_a_fine05_coarse03/replicate_0.all_frames.tum.txt,/home/melody/code/individual_project/channel_selection_results/step_r_c2f_grid_completion/unet/per_dataset/fr1_desk_clean/artifacts/unet_c2f_a_fine05_coarse03/replicate_0.keyframes.tum.txt,/home/melody/code/individual_project/channel_selection_results/step_r_c2f_grid_completion/unet/per_dataset/fr1_desk_clean/artifacts/unet_c2f_a_fine05_coarse03/replicate_0.log,2026-08-25T15:50:16.660972+00:00
1,fr1_desk_clean,fr1_desk,clean,Step-Q:unet_c2f_a_f5_c4_positive_synergy,unet_c2f_a_fine05_coarse04,c2f,9,unet_c2f_a_f5_c4_positive_synergy,C2F-A positive synergy case: 12.8% lower fr1-lightswitch ATE than direct F5.,"unet:c2f:A:fine2,3,7,12,13:coarse0,5,6,18,30","[2, 3, 7, 12, 13, 0, 5, 6, 18, 30]",0,PASS,Completed the full matched RGB-D sequence,48.633770865009865,0,,,1305031473.1961,571,571,573,0.9965095986038395,0.10242060534932214,0.09691382086221254,0.0965267979728832,0.18922844753879128,0.03313143108905156,7.4195602252018125,7.055808670534121,11.459321280826487,0.009202313451431122,0.06598493902621322,0.7364161157458865,9.814569890756204,0.08358585419293979,0.07465282745095453,1.0733114888496467,0.08082880840962907,0.07246242298172981,1.076260468670313,427,0.080749,0.072362,0.01096,571,7.712548,8.9008465,0,0.895,0.993,87350.0,0.005961,16,/home/melody/code/individual_project/channel_selection_results/step_q_c2f_multi_dataset_evaluation/unet/per_dataset/fr1_desk_clean/artifacts/unet_c2f_a_f5_c4_positive_synergy/replicate_0.all_frames.tum.txt,/home/melody/code/individual_project/channel_selection_results/step_q_c2f_multi_dataset_evaluation/unet/per_dataset/fr1_desk_clean/artifacts/unet_c2f_a_f5_c4_positive_synergy/replicate_0.keyframes.tum.txt,/home/melody/code/individual_project/channel_selection_results/step_q_c2f_multi_dataset_evaluation/unet/per_dataset/fr1_desk_clean/artifacts/unet_c2f_a_f5_c4_positive_synergy/replicate_0.log,2026-08-23T09:34:13.782330+00:00
1,fr1_desk_clean,fr1_desk,clean,Step-R:new,unet_c2f_b_fine01_coarse01,c2f,22,unet_c2f_b_fine01_coarse01,Step-R full-grid C2F-B; F1 × C1,"unet:c2f:B:fine2,3,7,12,13,14:coarse5,6,17,18,28,30","[2, 3, 7, 12, 13, 14, 5, 6, 17, 18, 28, 30]",0,PASS,Completed the full matched RGB-D sequence,47.093144934000065,0,,,1305031473.1961,571,571,573,0.9965095986038395,0.10494939138759443,0.10067778508729777,0.10014043127220326,0.1792565577410321,0.029637110900733243,7.069498858224308,6.687047150722365,11.243371539917504,0.00974188155698131,0.10143616967144292,0.7090027453292661,10.141276329689953,0.08453518636471528,0.07798617155690227,1.0773304558421317,0.0828686608650954,0.07692465594537459,1.079884292220408,427,0.082776,0.076815,0.011694,571,8.783576,10.2313685,0,0.893,0.992,66050.0,0.006996,16,/home/melody/code/individual_project/channel_selection_results/step_r_c2f_grid_completion/unet/per_dataset/fr1_desk_clean/artifacts/unet_c2f_b_fine01_coarse01/replicate_0.all_frames.tum.txt,/home/melody/code/individual_project/channel_selection_results/step_r_c2f_grid_completion/unet/per_dataset/fr1_desk_clean/artifacts/unet_c2f_b_fine01_coarse01/replicate_0.keyframes.tum.txt,/home/melody/code/individual_project/channel_selection_results/step_r_c2f_grid_completion/unet/per_dataset/fr1_desk_clean/artifacts/unet_c2f_b_fine01_coarse01/replicate_0.log,2026-08-25T15:51:04.379957+00:00
1,fr1_desk_clean,fr1_desk,clean,Step-R:new,unet_c2f_b_fine01_coarse02,c2f,23,unet_c2f_b_fine01_coarse02,Step-R full-grid C2F-B; F1 × C2,"unet:c2f:B:fine2,3,7,12,13,14:coarse0,5,6,17,18,30","[2, 3, 7, 12, 13, 14, 0, 5, 6, 17, 18, 30]",0,PASS,Completed the full matched RGB-D sequence,46.47417897000014,0,,,1305031473.1961,571,571,573,0.9965095986038395,0.09919042955786207,0.09469050299955498,0.09672718254958934,0.16533641132539284,0.029537263880807685,7.159301224152152,6.592527401976291,11.7312372542725,0.00971186067177164,0.11284449857615085,0.6963629099534088,9.119696250325635,0.07850868321270486,0.07147011504971247,1.0751761919635459,0.07589571068034057,0.06929884258308533,1.0773889844282314,427,0.075803,0.069185,0.011655,571,8.784958,10.229513,0,0.899,0.992,60430.0,0.004946,16,/home/melody/code/individual_project/channel_selection_results/step_r_c2f_grid_completion/unet/per_dataset/fr1_desk_clean/artifacts/unet_c2f_b_fine01_coarse02/replicate_0.all_frames.tum.txt,/home/melody/code/individual_project/channel_selection_results/step_r_c2f_grid_completion/unet/per_dataset/fr1_desk_clean/artifacts/unet_c2f_b_fine01_coarse02/replicate_0.keyframes.tum.txt,/home/melody/code/individual_project/channel_selection_results/step_r_c2f_grid_completion/unet/per_dataset/fr1_desk_clean/artifacts/unet_c2f_b_fine01_coarse02/replicate_0.log,2026-08-25T15:51:51.491287+00:00
1,fr1_desk_clean,fr1_desk,clean,Step-R:new,unet_c2f_b_fine01_coarse03,c2f,24,unet_c2f_b_fine01_coarse03,Step-R full-grid C2F-B; F1 × C3,"unet:c2f:B:fine2,3,7,12,13,14:coarse0,5,18,30","[2, 3, 7, 12, 13, 14, 0, 5, 18, 30]",0,PASS,Completed the full matched RGB-D sequence,45.84591522000005,0,,,1305031473.1961,571,571,573,0.9965095986038395,0.10872206406643747,0.10493510601299988,0.0986186056205957,0.1976289045166968,0.028444871961515527,7.650902249635647,7.013356642154801,12.435908957375842,0.009094991776206247,0.07416097574790848,0.6380679441096608,7.434960893845256,0.09280125856660579,0.08392141679292299,1.0700178996085952,0.09383478273597419,0.08475076734227607,1.0696924011944047,427,0.093672,0.084553,0.010683,571,8.784085,10.219801499999999,0,0.898,0.992,63800.0,0.007064,16,/home/melody/code/individual_project/channel_selection_results/step_r_c2f_grid_completion/unet/per_dataset/fr1_desk_clean/artifacts/unet_c2f_b_fine01_coarse03/replicate_0.all_frames.tum.txt,/home/melody/code/individual_project/channel_selection_results/step_r_c2f_grid_completion/unet/per_dataset/fr1_desk_clean/artifacts/unet_c2f_b_fine01_coarse03/replicate_0.keyframes.tum.txt,/home/melody/code/individual_project/channel_selection_results/step_r_c2f_grid_completion/unet/per_dataset/fr1_desk_clean/artifacts/unet_c2f_b_fine01_coarse03/replicate_0.log,2026-08-25T15:52:37.983466+00:00
1,fr1_desk_clean,fr1_desk,clean,Step-R:new,unet_c2f_b_fine01_coarse04,c2f,25,unet_c2f_b_fine01_coarse04,Step-R full-grid C2F-B; F1 × C4,"unet:c2f:B:fine2,3,7,12,13,14:coarse0,5,6,18,30","[2, 3, 7, 12, 13, 14, 0, 5, 6, 18, 30]",0,PASS,Completed the full matched RGB-D sequence,46.545905389000154,0,,,1305031473.1961,571,571,573,0.9965095986038395,0.09930029623965754,0.09538171083252361,0.0951898974305291,0.1723115093952985,0.02762024749969834,7.406887265152727,6.81371956665406,11.995537358391772,0.009490213726473988,0.08844988223970764,0.7514092955526684,10.308666375665375,0.07944385856403684,0.07157856225114241,1.073789189989825,0.0777982515072643,0.0704923947330879,1.0749671082932315,427,0.07768,0.070335,0.011321,571,8.78554,10.224804500000001,0,0.897,0.992,64250.0,0.007039,16,/home/melody/code/individual_project/channel_selection_results/step_r_c2f_grid_completion/unet/per_dataset/fr1_desk_clean/artifacts/unet_c2f_b_fine01_coarse04/replicate_0.all_frames.tum.txt,/home/melody/code/individual_project/channel_selection_results/step_r_c2f_grid_completion/unet/per_dataset/fr1_desk_clean/artifacts/unet_c2f_b_fine01_coarse04/replicate_0.keyframes.tum.txt,/home/melody/code/individual_project/channel_selection_results/step_r_c2f_grid_completion/unet/per_dataset/fr1_desk_clean/artifacts/unet_c2f_b_fine01_coarse04/replicate_0.log,2026-08-25T15:53:25.159318+00:00
1,fr1_desk_clean,fr1_desk,clean,Step-R:new,unet_c2f_b_fine02_coarse01,c2f,26,unet_c2f_b_fine02_coarse01,Step-R full-grid C2F-B; F2 × C1,"unet:c2f:B:fine3,7,12:coarse5,6,17,18,28,30","[3, 7, 12, 5, 6, 17, 18, 28, 30]",0,PASS,Completed the full matched RGB-D sequence,46.716658271999904,0,,,1305031473.1961,571,571,573,0.9965095986038395,0.10209184695708003,0.09761223402204776,0.09729819716272527,0.17648540177197564,0.029909814180847642,7.41766027538649,6.959051680908591,11.757963405295797,0.010138390708513611,0.10621146709746396,0.7170131676277872,9.939301686046349,0.0825564939312054,0.07487911519969473,1.0744606287232765,0.08060203063653186,0.07349140591041906,1.076715038143314,428,0.080505,0.07337,0.012154,571,4.440924,5.080379499999999,0,0.897,0.992,50080.0,0.003128,16,/home/melody/code/individual_project/channel_selection_results/step_r_c2f_grid_completion/unet/per_dataset/fr1_desk_clean/artifacts/unet_c2f_b_fine02_coarse01/replicate_0.all_frames.tum.txt,/home/melody/code/individual_project/channel_selection_results/step_r_c2f_grid_completion/unet/per_dataset/fr1_desk_clean/artifacts/unet_c2f_b_fine02_coarse01/replicate_0.keyframes.tum.txt,/home/melody/code/individual_project/channel_selection_results/step_r_c2f_grid_completion/unet/per_dataset/fr1_desk_clean/artifacts/unet_c2f_b_fine02_coarse01/replicate_0.log,2026-08-25T15:54:12.510344+00:00
1,fr1_desk_clean,fr1_desk,clean,Step-Q:unet_c2f_b_f2_c2_variant_contrast,unet_c2f_b_fine02_coarse02,c2f,10,unet_c2f_b_f2_c2_variant_contrast,"C2F-B schedule contrast: on fr1 lightswitch it is worse than direct F2, despite the same fine scale family.","unet:c2f:B:fine3,7,12:coarse0,5,6,17,18,30","[3, 7, 12, 0, 5, 6, 17, 18, 30]",0,PASS,Completed the full matched RGB-D sequence,46.71463238701108,0,,,1305031473.1961,571,571,573,0.9965095986038395,0.11164341489832708,0.10529147214745378,0.10418227889866595,0.21524085931470446,0.037120856444618364,7.223464312679679,6.925212606541648,11.161347463431511,0.009122287861294855,0.09167047826246562,0.7019617377076928,9.902778996326923,0.09405706771632451,0.08552383743333465,1.0746839194969307,0.0912683934017542,0.083186002901968,1.0786579796207894,428,0.091221,0.083136,0.010865,571,4.44535,5.078715,0,0.897,0.992,54410.0,0.003396,16,/home/melody/code/individual_project/channel_selection_results/step_q_c2f_multi_dataset_evaluation/unet/per_dataset/fr1_desk_clean/artifacts/unet_c2f_b_f2_c2_variant_contrast/replicate_0.all_frames.tum.txt,/home/melody/code/individual_project/channel_selection_results/step_q_c2f_multi_dataset_evaluation/unet/per_dataset/fr1_desk_clean/artifacts/unet_c2f_b_f2_c2_variant_contrast/replicate_0.keyframes.tum.txt,/home/melody/code/individual_project/channel_selection_results/step_q_c2f_multi_dataset_evaluation/unet/per_dataset/fr1_desk_clean/artifacts/unet_c2f_b_f2_c2_variant_contrast/replicate_0.log,2026-08-23T09:35:01.140767+00:00
1,fr1_desk_clean,fr1_desk,clean,Step-R:new,unet_c2f_b_fine02_coarse03,c2f,27,unet_c2f_b_fine02_coarse03,Step-R full-grid C2F-B; F2 × C3,"unet:c2f:B:fine3,7,12:coarse0,5,18,30","[3, 7, 12, 0, 5, 18, 30]",0,PASS,Completed the full matched RGB-D sequence,45.35931398699995,0,,,1305031473.1961,571,571,573,0.9965095986038395,0.1116798132436397,0.10692485154310104,0.09863021136307999,0.20184205109418715,0.032240608068397895,7.751386160425302,7.116394768103233,12.524010477904033,0.009949622993824538,0.11976681635005226,0.6412930146335454,8.030440444940039,0.09811557494359575,0.08803533153452546,1.0657213425484307,0.10030930786808577,0.08995636344561826,1.0645748785848566,428,0.100129,0.089748,0.011683,571,4.439939,5.080017,0,0.899,0.993,45270.0,0.005762,13,/home/melody/code/individual_project/channel_selection_results/step_r_c2f_grid_completion/unet/per_dataset/fr1_desk_clean/artifacts/unet_c2f_b_fine02_coarse03/replicate_0.all_frames.tum.txt,/home/melody/code/individual_project/channel_selection_results/step_r_c2f_grid_completion/unet/per_dataset/fr1_desk_clean/artifacts/unet_c2f_b_fine02_coarse03/replicate_0.keyframes.tum.txt,/home/melody/code/individual_project/channel_selection_results/step_r_c2f_grid_completion/unet/per_dataset/fr1_desk_clean/artifacts/unet_c2f_b_fine02_coarse03/replicate_0.log,2026-08-25T15:54:58.507814+00:00
1,fr1_desk_clean,fr1_desk,clean,Step-R:new,unet_c2f_b_fine02_coarse04,c2f,28,unet_c2f_b_fine02_coarse04,Step-R full-grid C2F-B; F2 × C4,"unet:c2f:B:fine3,7,12:coarse0,5,6,18,30","[3, 7, 12, 0, 5, 6, 18, 30]",0,PASS,Completed the full matched RGB-D sequence,46.01613301900011,0,,,1305031473.1961,571,571,573,0.9965095986038395,0.09935413432559746,0.09477328619427772,0.09529199892710974,0.16820518414136537,0.02982060079083579,7.481513256640042,6.96418443700554,11.916408895799224,0.00934135737376781,0.09109680038478948,0.7339201284358013,9.924022916135542,0.0799972232577643,0.0718916092545776,1.0729242619408443,0.07766779165518733,0.06987815584609028,1.0748508835034736,428,0.077568,0.069753,0.011112,571,4.44161,5.0776544999999995,0,0.897,0.992,53000.0,0.003747,16,/home/melody/code/individual_project/channel_selection_results/step_r_c2f_grid_completion/unet/per_dataset/fr1_desk_clean/artifacts/unet_c2f_b_fine02_coarse04/replicate_0.all_frames.tum.txt,/home/melody/code/individual_project/channel_selection_results/step_r_c2f_grid_completion/unet/per_dataset/fr1_desk_clean/artifacts/unet_c2f_b_fine02_coarse04/replicate_0.keyframes.tum.txt,/home/melody/code/individual_project/channel_selection_results/step_r_c2f_grid_completion/unet/per_dataset/fr1_desk_clean/artifacts/unet_c2f_b_fine02_coarse04/replicate_0.log,2026-08-25T15:55:45.156332+00:00
1,fr1_desk_clean,fr1_desk,clean,Step-R:new,unet_c2f_b_fine03_coarse01,c2f,29,unet_c2f_b_fine03_coarse01,Step-R full-grid C2F-B; F3 × C1,"unet:c2f:B:fine2,3,12,14:coarse5,6,17,18,28,30","[2, 3, 12, 14, 5, 6, 17, 18, 28, 30]",0,PASS,Completed the full matched RGB-D sequence,47.15627668600018,0,,,1305031473.1961,571,571,573,0.9965095986038395,0.11323159549438015,0.11002497423758685,0.10605184371888109,0.18452477271814935,0.026756293880529882,7.5182530832184264,7.161103389055301,11.479582714509107,0.012563009352938415,0.21203784050180413,0.6686351323410733,9.709467147907528,0.0951458356623204,0.08864223882912771,1.0763573411120588,0.09557003464051593,0.08942629845668959,1.0780999729056573,429,0.095466,0.089312,0.015311,571,5.766587,6.75719,0,0.89,0.992,35010.0,0.005873,6,/home/melody/code/individual_project/channel_selection_results/step_r_c2f_grid_completion/unet/per_dataset/fr1_desk_clean/artifacts/unet_c2f_b_fine03_coarse01/replicate_0.all_frames.tum.txt,/home/melody/code/individual_project/channel_selection_results/step_r_c2f_grid_completion/unet/per_dataset/fr1_desk_clean/artifacts/unet_c2f_b_fine03_coarse01/replicate_0.keyframes.tum.txt,/home/melody/code/individual_project/channel_selection_results/step_r_c2f_grid_completion/unet/per_dataset/fr1_desk_clean/artifacts/unet_c2f_b_fine03_coarse01/replicate_0.log,2026-08-25T15:56:32.951330+00:00
1,fr1_desk_clean,fr1_desk,clean,Step-R:new,unet_c2f_b_fine03_coarse02,c2f,30,unet_c2f_b_fine03_coarse02,Step-R full-grid C2F-B; F3 × C2,"unet:c2f:B:fine2,3,12,14:coarse0,5,6,17,18,30","[2, 3, 12, 14, 0, 5, 6, 17, 18, 30]",0,PASS,Completed the full matched RGB-D sequence,46.28589769900009,0,,,1305031473.1961,571,571,573,0.9965095986038395,0.11758998825482622,0.11111545693305086,0.10340885637648134,0.20381369959930024,0.03848065186986168,7.596576708890105,6.850241158244366,12.421660389522561,0.012533675484388478,0.22190373031244365,0.6007980835203504,6.216981991125068,0.10350201557940938,0.09232985467156393,1.0690206987709563,0.1068605035087733,0.09540576796104658,1.0676819195265657,427,0.106687,0.095206,0.015086,571,5.766642,6.785382500000001,0,0.898,0.992,28740.0,0.004729,0,/home/melody/code/individual_project/channel_selection_results/step_r_c2f_grid_completion/unet/per_dataset/fr1_desk_clean/artifacts/unet_c2f_b_fine03_coarse02/replicate_0.all_frames.tum.txt,/home/melody/code/individual_project/channel_selection_results/step_r_c2f_grid_completion/unet/per_dataset/fr1_desk_clean/artifacts/unet_c2f_b_fine03_coarse02/replicate_0.keyframes.tum.txt,/home/melody/code/individual_project/channel_selection_results/step_r_c2f_grid_completion/unet/per_dataset/fr1_desk_clean/artifacts/unet_c2f_b_fine03_coarse02/replicate_0.log,2026-08-25T15:57:19.870166+00:00
1,fr1_desk_clean,fr1_desk,clean,Step-R:new,unet_c2f_b_fine03_coarse03,c2f,31,unet_c2f_b_fine03_coarse03,Step-R full-grid C2F-B; F3 × C3,"unet:c2f:B:fine2,3,12,14:coarse0,5,18,30","[2, 3, 12, 14, 0, 5, 18, 30]",0,PASS,Completed the full matched RGB-D sequence,46.09784648899995,0,,,1305031473.1961,571,571,573,0.9965095986038395,0.13432024725914052,0.12271747983418062,0.11027377072856161,0.23294117397814973,0.05461088688992448,8.152196208416,7.455988366795288,12.736411434790394,0.012555366086824025,0.2257076056226298,0.5535303364683286,5.352234761825966,0.12509480804543427,0.10910896530805582,1.0602006089831215,0.13013062854570828,0.11434406749578442,1.057361132228288,428,0.129946,0.11415,0.014904,571,5.769478,6.7510105,0,0.893,0.992,22190.0,0.004718,0,/home/melody/code/individual_project/channel_selection_results/step_r_c2f_grid_completion/unet/per_dataset/fr1_desk_clean/artifacts/unet_c2f_b_fine03_coarse03/replicate_0.all_frames.tum.txt,/home/melody/code/individual_project/channel_selection_results/step_r_c2f_grid_completion/unet/per_dataset/fr1_desk_clean/artifacts/unet_c2f_b_fine03_coarse03/replicate_0.keyframes.tum.txt,/home/melody/code/individual_project/channel_selection_results/step_r_c2f_grid_completion/unet/per_dataset/fr1_desk_clean/artifacts/unet_c2f_b_fine03_coarse03/replicate_0.log,2026-08-25T15:58:06.602326+00:00
1,fr1_desk_clean,fr1_desk,clean,Step-R:new,unet_c2f_b_fine03_coarse04,c2f,32,unet_c2f_b_fine03_coarse04,Step-R full-grid C2F-B; F3 × C4,"unet:c2f:B:fine2,3,12,14:coarse0,5,6,18,30","[2, 3, 12, 14, 0, 5, 6, 18, 30]",0,PASS,Completed the full matched RGB-D sequence,46.263608446000035,0,,,1305031473.1961,571,571,573,0.9965095986038395,0.11340305527598403,0.10878037794947788,0.1064393542869792,0.19446959182716234,0.03204812504806853,7.51972378854563,6.831160376196807,12.20325772420998,0.012873861178413468,0.22514234194097837,0.6682069232909855,8.738053292463752,0.09744578957321225,0.088589151167032,1.071867943145545,0.09994737726481735,0.09073906630509253,1.071336180842045,427,0.099793,0.09056,0.015611,571,5.765581,6.7822835,0,0.898,0.992,32080.0,0.004728,6,/home/melody/code/individual_project/channel_selection_results/step_r_c2f_grid_completion/unet/per_dataset/fr1_desk_clean/artifacts/unet_c2f_b_fine03_coarse04/replicate_0.all_frames.tum.txt,/home/melody/code/individual_project/channel_selection_results/step_r_c2f_grid_completion/unet/per_dataset/fr1_desk_clean/artifacts/unet_c2f_b_fine03_coarse04/replicate_0.keyframes.tum.txt,/home/melody/code/individual_project/channel_selection_results/step_r_c2f_grid_completion/unet/per_dataset/fr1_desk_clean/artifacts/unet_c2f_b_fine03_coarse04/replicate_0.log,2026-08-25T15:58:53.506108+00:00
1,fr1_desk_clean,fr1_desk,clean,Step-R:new,unet_c2f_b_fine04_coarse01,c2f,33,unet_c2f_b_fine04_coarse01,Step-R full-grid C2F-B; F4 × C1,"unet:c2f:B:fine2,4,6:coarse5,6,17,18,28,30","[2, 4, 6, 5, 6, 17, 18, 28, 30]",0,PASS,Completed the full matched RGB-D sequence,47.2086531949999,0,,,1305031473.1961,571,571,573,0.9965095986038395,0.11971421583709993,0.1147786411197068,0.11389813103608445,0.1871103669139553,0.03401995026753128,7.592593274974265,7.1796055873906885,11.878742784224794,0.013232728421417043,0.2414408359805451,0.6616910562001417,9.095741041245647,0.10430067348207143,0.09603274502636944,1.0729454163740908,0.1062952102761658,0.09793702474661588,1.0748063341121787,435,0.106182,0.097803,0.01598,571,7.249692,9.601075999999999,0,0.899,0.992,13680.0,0.002782,0,/home/melody/code/individual_project/channel_selection_results/step_r_c2f_grid_completion/unet/per_dataset/fr1_desk_clean/artifacts/unet_c2f_b_fine04_coarse01/replicate_0.all_frames.tum.txt,/home/melody/code/individual_project/channel_selection_results/step_r_c2f_grid_completion/unet/per_dataset/fr1_desk_clean/artifacts/unet_c2f_b_fine04_coarse01/replicate_0.keyframes.tum.txt,/home/melody/code/individual_project/channel_selection_results/step_r_c2f_grid_completion/unet/per_dataset/fr1_desk_clean/artifacts/unet_c2f_b_fine04_coarse01/replicate_0.log,2026-08-25T15:59:41.345322+00:00
1,fr1_desk_clean,fr1_desk,clean,Step-R:new,unet_c2f_b_fine04_coarse02,c2f,34,unet_c2f_b_fine04_coarse02,Step-R full-grid C2F-B; F4 × C2,"unet:c2f:B:fine2,4,6:coarse0,5,6,17,18,30","[2, 4, 6, 0, 5, 6, 17, 18, 30]",0,PASS,Completed the full matched RGB-D sequence,46.69123650999995,0,,,1305031473.1961,571,571,573,0.9965095986038395,0.11923899909942211,0.11251924005887065,0.11018364693154468,0.20430544351907723,0.03946339471974277,7.348745430916443,6.684951019661444,12.491269626387174,0.013193188164844332,0.24404732955786762,0.603157604711081,5.803932466710803,0.10530560781908686,0.094405867596005,1.069204179278959,0.10890134426660796,0.09805498973739314,1.0691115248817333,435,0.108746,0.097866,0.015822,571,7.256843,9.590919,0,0.899,0.992,12640.0,0.002083,0,/home/melody/code/individual_project/channel_selection_results/step_r_c2f_grid_completion/unet/per_dataset/fr1_desk_clean/artifacts/unet_c2f_b_fine04_coarse02/replicate_0.all_frames.tum.txt,/home/melody/code/individual_project/channel_selection_results/step_r_c2f_grid_completion/unet/per_dataset/fr1_desk_clean/artifacts/unet_c2f_b_fine04_coarse02/replicate_0.keyframes.tum.txt,/home/melody/code/individual_project/channel_selection_results/step_r_c2f_grid_completion/unet/per_dataset/fr1_desk_clean/artifacts/unet_c2f_b_fine04_coarse02/replicate_0.log,2026-08-25T16:00:28.655985+00:00
1,fr1_desk_clean,fr1_desk,clean,Step-R:new,unet_c2f_b_fine04_coarse03,c2f,35,unet_c2f_b_fine04_coarse03,Step-R full-grid C2F-B; F4 × C3,"unet:c2f:B:fine2,4,6:coarse0,5,18,30","[2, 4, 6, 0, 5, 18, 30]",0,PASS,Completed the full matched RGB-D sequence,45.91737256600004,0,,,1305031473.1961,571,571,573,0.9965095986038395,0.1336256756890075,0.12075019075977775,0.10859794046532839,0.2345344109096599,0.05722947348020148,7.787377716114904,7.082723149767717,12.825411598892835,0.013484121789444145,0.24759773316934253,0.5815439813259673,5.915824553015405,0.12508419595112466,0.10760253512326125,1.0577113405872218,0.13029502912725455,0.11341099820530047,1.0553812616369045,434,0.130121,0.113204,0.015919,571,7.260765,9.599815,0,0.878,0.992,12640.0,0.002995,0,/home/melody/code/individual_project/channel_selection_results/step_r_c2f_grid_completion/unet/per_dataset/fr1_desk_clean/artifacts/unet_c2f_b_fine04_coarse03/replicate_0.all_frames.tum.txt,/home/melody/code/individual_project/channel_selection_results/step_r_c2f_grid_completion/unet/per_dataset/fr1_desk_clean/artifacts/unet_c2f_b_fine04_coarse03/replicate_0.keyframes.tum.txt,/home/melody/code/individual_project/channel_selection_results/step_r_c2f_grid_completion/unet/per_dataset/fr1_desk_clean/artifacts/unet_c2f_b_fine04_coarse03/replicate_0.log,2026-08-25T16:01:15.209962+00:00
1,fr1_desk_clean,fr1_desk,clean,Step-R:new,unet_c2f_b_fine04_coarse04,c2f,36,unet_c2f_b_fine04_coarse04,Step-R full-grid C2F-B; F4 × C4,"unet:c2f:B:fine2,4,6:coarse0,5,6,18,30","[2, 4, 6, 0, 5, 6, 18, 30]",0,PASS,Completed the full matched RGB-D sequence,46.55983027599996,0,,,1305031473.1961,571,571,573,0.9965095986038395,0.10484127667570907,0.09989221455953963,0.09718377227621022,0.18952767161580023,0.031831411614684606,6.954153483778358,6.16328911723244,12.30065739748767,0.011595569842004041,0.19338191645126115,0.6273222990344655,6.952315794334989,0.08822105363344326,0.07979418834401354,1.0699802811736052,0.09043813043175686,0.08181224293298824,1.0703569794596046,436,0.090268,0.081607,0.013785,571,7.247684,9.578299999999999,0,0.898,0.992,12650.0,0.003334,0,/home/melody/code/individual_project/channel_selection_results/step_r_c2f_grid_completion/unet/per_dataset/fr1_desk_clean/artifacts/unet_c2f_b_fine04_coarse04/replicate_0.all_frames.tum.txt,/home/melody/code/individual_project/channel_selection_results/step_r_c2f_grid_completion/unet/per_dataset/fr1_desk_clean/artifacts/unet_c2f_b_fine04_coarse04/replicate_0.keyframes.tum.txt,/home/melody/code/individual_project/channel_selection_results/step_r_c2f_grid_completion/unet/per_dataset/fr1_desk_clean/artifacts/unet_c2f_b_fine04_coarse04/replicate_0.log,2026-08-25T16:02:02.406011+00:00
1,fr1_desk_clean,fr1_desk,clean,Step-R:new,unet_c2f_b_fine05_coarse01,c2f,37,unet_c2f_b_fine05_coarse01,Step-R full-grid C2F-B; F5 × C1,"unet:c2f:B:fine2,3,7,12,13:coarse5,6,17,18,28,30","[2, 3, 7, 12, 13, 5, 6, 17, 18, 28, 30]",0,PASS,Completed the full matched RGB-D sequence,46.92408590399987,0,,,1305031473.1961,571,571,573,0.9965095986038395,0.11597015170251333,0.11030957970279334,0.10892331049820143,0.2228263812229033,0.035789282078536315,7.265325842048725,7.027366319306481,10.976781644442916,0.009412347705904338,0.10479264691366476,0.6938416685028624,9.751043376045486,0.0982430324449298,0.08988993119128956,1.0767030202666328,0.09494972082159403,0.08708659588504696,1.0816592936009763,427,0.094934,0.08708,0.011279,571,7.717048,8.903633500000002,0,0.889,0.992,81830.0,0.006219,16,/home/melody/code/individual_project/channel_selection_results/step_r_c2f_grid_completion/unet/per_dataset/fr1_desk_clean/artifacts/unet_c2f_b_fine05_coarse01/replicate_0.all_frames.tum.txt,/home/melody/code/individual_project/channel_selection_results/step_r_c2f_grid_completion/unet/per_dataset/fr1_desk_clean/artifacts/unet_c2f_b_fine05_coarse01/replicate_0.keyframes.tum.txt,/home/melody/code/individual_project/channel_selection_results/step_r_c2f_grid_completion/unet/per_dataset/fr1_desk_clean/artifacts/unet_c2f_b_fine05_coarse01/replicate_0.log,2026-08-25T16:02:49.968310+00:00
1,fr1_desk_clean,fr1_desk,clean,Step-R:new,unet_c2f_b_fine05_coarse02,c2f,38,unet_c2f_b_fine05_coarse02,Step-R full-grid C2F-B; F5 × C2,"unet:c2f:B:fine2,3,7,12,13:coarse0,5,6,17,18,30","[2, 3, 7, 12, 13, 0, 5, 6, 17, 18, 30]",0,PASS,Completed the full matched RGB-D sequence,46.15514806800002,0,,,1305031473.1961,571,571,573,0.9965095986038395,0.10778483451519517,0.10262244599495489,0.10500223496479016,0.19943219687135008,0.03295761110093657,7.329052879828793,7.006443536927824,11.285992634882032,0.009188171725534232,0.09807573021413063,0.7044492406490717,9.89420407872144,0.08802069060926974,0.08085224141812547,1.0773827162848502,0.08444990774072204,0.07779124148868455,1.0814690950412873,427,0.084418,0.07776,0.011007,571,7.717327,8.910608,0,0.898,0.992,83300.0,0.005376,16,/home/melody/code/individual_project/channel_selection_results/step_r_c2f_grid_completion/unet/per_dataset/fr1_desk_clean/artifacts/unet_c2f_b_fine05_coarse02/replicate_0.all_frames.tum.txt,/home/melody/code/individual_project/channel_selection_results/step_r_c2f_grid_completion/unet/per_dataset/fr1_desk_clean/artifacts/unet_c2f_b_fine05_coarse02/replicate_0.keyframes.tum.txt,/home/melody/code/individual_project/channel_selection_results/step_r_c2f_grid_completion/unet/per_dataset/fr1_desk_clean/artifacts/unet_c2f_b_fine05_coarse02/replicate_0.log,2026-08-25T16:03:36.756437+00:00
1,fr1_desk_clean,fr1_desk,clean,Step-R:new,unet_c2f_b_fine05_coarse03,c2f,39,unet_c2f_b_fine05_coarse03,Step-R full-grid C2F-B; F5 × C3,"unet:c2f:B:fine2,3,7,12,13:coarse0,5,18,30","[2, 3, 7, 12, 13, 0, 5, 18, 30]",0,PASS,Completed the full matched RGB-D sequence,45.514155544999994,0,,,1305031473.1961,571,571,573,0.9965095986038395,0.11454108149783343,0.10980880817989089,0.09775922040722888,0.20173170525605438,0.03258350804939902,8.113617269753702,7.501865194175357,12.90717665565791,0.009296432608680965,0.08139635038858832,0.68637967858446,8.244820010058934,0.10001243057622647,0.08888296888187666,1.0690144806529327,0.1005809796795519,0.08944571837602061,1.0688029614295855,427,0.100434,0.08925,0.010925,571,7.71767,8.890974,0,0.897,0.992,67890.0,0.006245,16,/home/melody/code/individual_project/channel_selection_results/step_r_c2f_grid_completion/unet/per_dataset/fr1_desk_clean/artifacts/unet_c2f_b_fine05_coarse03/replicate_0.all_frames.tum.txt,/home/melody/code/individual_project/channel_selection_results/step_r_c2f_grid_completion/unet/per_dataset/fr1_desk_clean/artifacts/unet_c2f_b_fine05_coarse03/replicate_0.keyframes.tum.txt,/home/melody/code/individual_project/channel_selection_results/step_r_c2f_grid_completion/unet/per_dataset/fr1_desk_clean/artifacts/unet_c2f_b_fine05_coarse03/replicate_0.log,2026-08-25T16:04:22.918576+00:00
1,fr1_desk_clean,fr1_desk,clean,Step-R:new,unet_c2f_b_fine05_coarse04,c2f,40,unet_c2f_b_fine05_coarse04,Step-R full-grid C2F-B; F5 × C4,"unet:c2f:B:fine2,3,7,12,13:coarse0,5,6,18,30","[2, 3, 7, 12, 13, 0, 5, 6, 18, 30]",0,PASS,Completed the full matched RGB-D sequence,46.01049721499976,0,,,1305031473.1961,571,571,573,0.9965095986038395,0.10963875744955308,0.10402888389141149,0.1048765947908088,0.20633012431404865,0.03462150273152737,7.50060062994438,7.182746875311435,11.400517623136222,0.009247740381542573,0.0991200355245195,0.7167264135467317,10.200422107643565,0.09047776530748676,0.0828519853946139,1.0770238599550406,0.08743140234573249,0.08031601284481914,1.0810054573149919,427,0.087392,0.080275,0.011066,571,7.71736,8.906011,0,0.898,0.992,85740.0,0.006215,16,/home/melody/code/individual_project/channel_selection_results/step_r_c2f_grid_completion/unet/per_dataset/fr1_desk_clean/artifacts/unet_c2f_b_fine05_coarse04/replicate_0.all_frames.tum.txt,/home/melody/code/individual_project/channel_selection_results/step_r_c2f_grid_completion/unet/per_dataset/fr1_desk_clean/artifacts/unet_c2f_b_fine05_coarse04/replicate_0.keyframes.tum.txt,/home/melody/code/individual_project/channel_selection_results/step_r_c2f_grid_completion/unet/per_dataset/fr1_desk_clean/artifacts/unet_c2f_b_fine05_coarse04/replicate_0.log,2026-08-25T16:05:09.545758+00:00
2,fr1_desk_lightswitch,fr1_desk,lightswitch,Step-Q:unet_enc0_direct_f1_d02_d03_d07_d12_d13_d14,unet_direct_fine01,direct_fine,4,unet_enc0_direct_f1_d02_d03_d07_d12_d13_d14,Direct fine parent F1: global direct U-Net optimum on fr1/desk_lightswitch.,"unet:direct:enc0:2,3,7,12,13,14","[2, 3, 7, 12, 13, 14]",0,PASS,Completed the full matched RGB-D sequence,45.276109366997844,0,,,1305031473.1961,571,571,573,0.9965095986038395,0.10134148428395612,0.09695135802809891,0.09616570023685944,0.17535767364389945,0.029504755775683088,7.084381841076872,6.730074101791274,10.781860911569082,0.00858763379785899,0.03782081096333694,0.5797250638508179,6.255272716841811,0.06719066007535628,0.06256357010573997,1.0957749597773676,0.06415824364529799,0.05936392097286242,1.0973007488832296,430,0.064001,0.059208,0.010943,571,9.070444,56.796276,0,0.899,0.993,70150.0,0.005348,10,/home/melody/code/individual_project/channel_selection_results/step_q_c2f_multi_dataset_evaluation/unet/per_dataset/fr1_desk_lightswitch/artifacts/unet_enc0_direct_f1_d02_d03_d07_d12_d13_d14/replicate_0.all_frames.tum.txt,/home/melody/code/individual_project/channel_selection_results/step_q_c2f_multi_dataset_evaluation/unet/per_dataset/fr1_desk_lightswitch/artifacts/unet_enc0_direct_f1_d02_d03_d07_d12_d13_d14/replicate_0.keyframes.tum.txt,/home/melody/code/individual_project/channel_selection_results/step_q_c2f_multi_dataset_evaluation/unet/per_dataset/fr1_desk_lightswitch/artifacts/unet_enc0_direct_f1_d02_d03_d07_d12_d13_d14/replicate_0.log,2026-08-23T09:37:52.637324+00:00
2,fr1_desk_lightswitch,fr1_desk,lightswitch,Step-Q:unet_enc0_direct_f2_d03_d07_d12,unet_direct_fine02,direct_fine,5,unet_enc0_direct_f2_d03_d07_d12,Direct fine parent F2: the three-channel near-optimum.,"unet:direct:enc0:3,7,12","[3, 7, 12]",0,PASS,Completed the full matched RGB-D sequence,45.509337178984424,0,,,1305031473.1961,571,571,573,0.9965095986038395,0.09326600329356742,0.08797280937982409,0.08534297821731512,0.16408201537241354,0.030973087998726577,7.117200215105091,6.439193318376405,11.454680426205497,0.011031877772606707,0.10688265635997747,0.7579433269246888,8.313029796965509,0.07201878304508959,0.06465242496840973,1.0733121565929014,0.06576394037299164,0.0601298591014434,1.0750598090523062,432,0.065652,0.060004,0.01487,571,4.615495,58.715185000000005,0,0.897,0.993,51830.0,0.006103,13,/home/melody/code/individual_project/channel_selection_results/step_q_c2f_multi_dataset_evaluation/unet/per_dataset/fr1_desk_lightswitch/artifacts/unet_enc0_direct_f2_d03_d07_d12/replicate_0.all_frames.tum.txt,/home/melody/code/individual_project/channel_selection_results/step_q_c2f_multi_dataset_evaluation/unet/per_dataset/fr1_desk_lightswitch/artifacts/unet_enc0_direct_f2_d03_d07_d12/replicate_0.keyframes.tum.txt,/home/melody/code/individual_project/channel_selection_results/step_q_c2f_multi_dataset_evaluation/unet/per_dataset/fr1_desk_lightswitch/artifacts/unet_enc0_direct_f2_d03_d07_d12/replicate_0.log,2026-08-23T09:38:38.804558+00:00
2,fr1_desk_lightswitch,fr1_desk,lightswitch,Step-R:new,unet_direct_fine03,direct_fine,1,unet_direct_fine03,Step-R direct fine rank 3,"unet:direct:enc0:2,3,12,14","[2, 3, 12, 14]",0,PASS,Completed the full matched RGB-D sequence,44.55182308600024,0,,,1305031473.1961,571,571,573,0.9965095986038395,0.10636148827016563,0.10188279763300435,0.10279221972367229,0.17277895528822057,0.03053951102288417,7.589203132108019,7.241116827935771,11.893837098474211,0.009070570205201953,0.05208213475638593,0.6380440860856054,6.231450056606628,0.07795484006807933,0.06998284626163848,1.0910490909290602,0.07033479761585935,0.06409016878885751,1.0963558190588552,432,0.070152,0.063905,0.012391,571,6.006932,42.8152695,0,0.899,0.993,40380.0,0.004242,13,/home/melody/code/individual_project/channel_selection_results/step_r_c2f_grid_completion/unet/per_dataset/fr1_desk_lightswitch/artifacts/unet_direct_fine03/replicate_0.all_frames.tum.txt,/home/melody/code/individual_project/channel_selection_results/step_r_c2f_grid_completion/unet/per_dataset/fr1_desk_lightswitch/artifacts/unet_direct_fine03/replicate_0.keyframes.tum.txt,/home/melody/code/individual_project/channel_selection_results/step_r_c2f_grid_completion/unet/per_dataset/fr1_desk_lightswitch/artifacts/unet_direct_fine03/replicate_0.log,2026-08-25T16:05:55.129861+00:00
2,fr1_desk_lightswitch,fr1_desk,lightswitch,Step-R:new,unet_direct_fine04,direct_fine,2,unet_direct_fine04,Step-R direct fine rank 4,"unet:direct:enc0:2,4,6","[2, 4, 6]",0,PASS,Completed the full matched RGB-D sequence,45.388171622999835,0,,,1305031473.1961,571,571,573,0.9965095986038395,0.10993391825079452,0.1034678775155889,0.09602811418356852,0.20668217603502723,0.03714653017970135,8.024400462299957,7.5590526133835745,12.116129911267398,0.010006746278924289,0.07937319788053593,0.623863987243821,5.068319224594426,0.07357345578652899,0.06777497783450774,1.1039537319819912,0.07215737460883023,0.06629626923818933,1.1080240547108873,435,0.071957,0.066111,0.013308,571,7.393963,71.8531955,0,0.899,0.993,24120.0,0.004036,0,/home/melody/code/individual_project/channel_selection_results/step_r_c2f_grid_completion/unet/per_dataset/fr1_desk_lightswitch/artifacts/unet_direct_fine04/replicate_0.all_frames.tum.txt,/home/melody/code/individual_project/channel_selection_results/step_r_c2f_grid_completion/unet/per_dataset/fr1_desk_lightswitch/artifacts/unet_direct_fine04/replicate_0.keyframes.tum.txt,/home/melody/code/individual_project/channel_selection_results/step_r_c2f_grid_completion/unet/per_dataset/fr1_desk_lightswitch/artifacts/unet_direct_fine04/replicate_0.log,2026-08-25T16:06:41.150536+00:00
2,fr1_desk_lightswitch,fr1_desk,lightswitch,Step-Q:unet_enc0_direct_f5_d02_d03_d07_d12_d13,unet_direct_fine05,direct_fine,6,unet_enc0_direct_f5_d02_d03_d07_d12_d13,"Direct fine parent F5, included because it has the clearest positive C2F synergy.","unet:direct:enc0:2,3,7,12,13","[2, 3, 7, 12, 13]",0,PASS,Completed the full matched RGB-D sequence,45.60176079699886,0,,,1305031473.1961,571,571,573,0.9965095986038395,0.10971022211768017,0.1042263395172495,0.10672585255882289,0.19641063545205312,0.03425205085751445,7.992697625098998,7.505007081514951,12.115921130204574,0.010247739057551894,0.10227325790420778,0.7974576871211516,10.274739263194908,0.0841201912527,0.07519765701912084,1.0884688962001532,0.07873271932863606,0.07105605307065348,1.0893199743233433,431,0.078647,0.070959,0.013664,571,7.972407,46.036865500000005,0,0.898,0.993,70840.0,0.004302,19,/home/melody/code/individual_project/channel_selection_results/step_q_c2f_multi_dataset_evaluation/unet/per_dataset/fr1_desk_lightswitch/artifacts/unet_enc0_direct_f5_d02_d03_d07_d12_d13/replicate_0.all_frames.tum.txt,/home/melody/code/individual_project/channel_selection_results/step_q_c2f_multi_dataset_evaluation/unet/per_dataset/fr1_desk_lightswitch/artifacts/unet_enc0_direct_f5_d02_d03_d07_d12_d13/replicate_0.keyframes.tum.txt,/home/melody/code/individual_project/channel_selection_results/step_q_c2f_multi_dataset_evaluation/unet/per_dataset/fr1_desk_lightswitch/artifacts/unet_enc0_direct_f5_d02_d03_d07_d12_d13/replicate_0.log,2026-08-23T09:39:25.051589+00:00
2,fr1_desk_lightswitch,fr1_desk,lightswitch,Step-R:new,unet_direct_coarse01,direct_coarse,3,unet_direct_coarse01,Step-R direct coarse rank 1,"unet:direct:enc1:5,6,17,18,28,30","[5, 6, 17, 18, 28, 30]",0,PASS,Completed the full matched RGB-D sequence,51.24318614699996,0,,,1305031473.1961,571,571,573,0.9965095986038395,0.11764025181269325,0.11004043962499521,0.11801261232542136,0.19569018018349207,0.0415972414192535,9.298914254924126,8.389827390343834,14.211105236706263,0.010365173074343877,0.1219261556329229,0.7737093718828812,9.633790891631545,0.08974666551056706,0.0776548421510808,1.0962896222779401,0.07831483486221937,0.06743084671241803,1.0998278898851972,435,0.078211,0.067335,0.013403,571,26.93091,297.5011905,0,0.893,0.993,318700.0,0.013243,40,/home/melody/code/individual_project/channel_selection_results/step_r_c2f_grid_completion/unet/per_dataset/fr1_desk_lightswitch/artifacts/unet_direct_coarse01/replicate_0.all_frames.tum.txt,/home/melody/code/individual_project/channel_selection_results/step_r_c2f_grid_completion/unet/per_dataset/fr1_desk_lightswitch/artifacts/unet_direct_coarse01/replicate_0.keyframes.tum.txt,/home/melody/code/individual_project/channel_selection_results/step_r_c2f_grid_completion/unet/per_dataset/fr1_desk_lightswitch/artifacts/unet_direct_coarse01/replicate_0.log,2026-08-25T16:07:33.010739+00:00
2,fr1_desk_lightswitch,fr1_desk,lightswitch,Step-Q:unet_enc1_direct_c2_d00_d05_d06_d17_d18_d30,unet_direct_coarse02,direct_coarse,3,unet_enc1_direct_c2_d00_d05_d06_d17_d18_d30,"Direct coarse parent C2, needed to interpret the C2F-B schedule contrast.","unet:direct:enc1:0,5,6,17,18,30","[0, 5, 6, 17, 18, 30]",0,PASS,Completed the full matched RGB-D sequence,51.955620914988685,0,,,1305031473.1961,571,571,573,0.9965095986038395,0.11824288465216659,0.11107792042130887,0.10905111143120583,0.18852725251571975,0.04053486605063526,10.132724600682094,8.869289758036704,15.920690164185586,0.01016813892844974,0.10315589294841752,0.7991341777150397,9.606846972454047,0.08672622099407316,0.07534445857967163,1.1022728748901671,0.07767380625804456,0.0696973770758195,1.1067954915416445,430,0.077536,0.069553,0.013857,571,15.084415,431.8799745,0,0.893,0.993,6019000.0,0.022439,54,/home/melody/code/individual_project/channel_selection_results/step_q_c2f_multi_dataset_evaluation/unet/per_dataset/fr1_desk_lightswitch/artifacts/unet_enc1_direct_c2_d00_d05_d06_d17_d18_d30/replicate_0.all_frames.tum.txt,/home/melody/code/individual_project/channel_selection_results/step_q_c2f_multi_dataset_evaluation/unet/per_dataset/fr1_desk_lightswitch/artifacts/unet_enc1_direct_c2_d00_d05_d06_d17_d18_d30/replicate_0.keyframes.tum.txt,/home/melody/code/individual_project/channel_selection_results/step_q_c2f_multi_dataset_evaluation/unet/per_dataset/fr1_desk_lightswitch/artifacts/unet_enc1_direct_c2_d00_d05_d06_d17_d18_d30/replicate_0.log,2026-08-23T09:37:06.719397+00:00
2,fr1_desk_lightswitch,fr1_desk,lightswitch,Step-R:new,unet_direct_coarse03,direct_coarse,4,unet_direct_coarse03,Step-R direct coarse rank 3,"unet:direct:enc1:0,5,18,30","[0, 5, 18, 30]",0,PASS,Completed the full matched RGB-D sequence,49.293442131999655,0,,,1305031473.1961,571,571,573,0.9965095986038395,0.11500784837805184,0.10476307154324838,0.09967855788545982,0.26033816090942974,0.04745001611562617,8.55855593330101,7.853841751401745,14.366342116392982,0.013693213801692474,0.2192709507416018,1.043973572725086,13.914066308271957,0.09525052098269764,0.0828976841584259,1.0804751725001092,0.07997210647996193,0.07178479538991293,1.0836124193076069,428,0.079869,0.071673,0.018872,571,7.957666,328.889038,0,0.895,0.993,495900.0,0.008188,55,/home/melody/code/individual_project/channel_selection_results/step_r_c2f_grid_completion/unet/per_dataset/fr1_desk_lightswitch/artifacts/unet_direct_coarse03/replicate_0.all_frames.tum.txt,/home/melody/code/individual_project/channel_selection_results/step_r_c2f_grid_completion/unet/per_dataset/fr1_desk_lightswitch/artifacts/unet_direct_coarse03/replicate_0.keyframes.tum.txt,/home/melody/code/individual_project/channel_selection_results/step_r_c2f_grid_completion/unet/per_dataset/fr1_desk_lightswitch/artifacts/unet_direct_coarse03/replicate_0.log,2026-08-25T16:08:22.947367+00:00
2,fr1_desk_lightswitch,fr1_desk,lightswitch,Step-Q:unet_enc1_direct_c4_d00_d05_d06_d18_d30,unet_direct_coarse04,direct_coarse,2,unet_enc1_direct_c4_d00_d05_d06_d18_d30,"Direct coarse parent C4, selected because it participates in the strongest U-Net C2F results.","unet:direct:enc1:0,5,6,18,30","[0, 5, 6, 18, 30]",0,PASS,Completed the full matched RGB-D sequence,51.75826314999722,0,,,1305031473.1961,571,571,573,0.9965095986038395,0.12670755025658795,0.11962821774829238,0.12650251405895516,0.20766498219014917,0.04175994265313232,9.399238324515158,8.30106688550811,16.295831964577648,0.010072186022796002,0.08023855167264174,0.8163480125847722,9.3511864565293,0.09519368823890335,0.08730313551392534,1.1069721197970053,0.0834539514902718,0.07643216595085174,1.113187040430258,431,0.083417,0.076408,0.013711,571,11.685208,375.8873595,0,0.893,0.993,828400.0,0.023392,47,/home/melody/code/individual_project/channel_selection_results/step_q_c2f_multi_dataset_evaluation/unet/per_dataset/fr1_desk_lightswitch/artifacts/unet_enc1_direct_c4_d00_d05_d06_d18_d30/replicate_0.all_frames.tum.txt,/home/melody/code/individual_project/channel_selection_results/step_q_c2f_multi_dataset_evaluation/unet/per_dataset/fr1_desk_lightswitch/artifacts/unet_enc1_direct_c4_d00_d05_d06_d18_d30/replicate_0.keyframes.tum.txt,/home/melody/code/individual_project/channel_selection_results/step_q_c2f_multi_dataset_evaluation/unet/per_dataset/fr1_desk_lightswitch/artifacts/unet_enc1_direct_c4_d00_d05_d06_d18_d30/replicate_0.log,2026-08-23T09:36:14.110996+00:00
2,fr1_desk_lightswitch,fr1_desk,lightswitch,Step-R:new,unet_c2f_a_fine01_coarse01,c2f,5,unet_c2f_a_fine01_coarse01,Step-R full-grid C2F-A; F1 × C1,"unet:c2f:A:fine2,3,7,12,13,14:coarse5,6,17,18,28,30","[2, 3, 7, 12, 13, 14, 5, 6, 17, 18, 28, 30]",0,PASS,Completed the full matched RGB-D sequence,50.55269058799968,0,,,1305031473.1961,571,571,573,0.9965095986038395,0.11186427019735962,0.10539421941643251,0.1073014334055536,0.19314890215394498,0.037492312017115725,8.329997291384363,7.6550932669526635,12.78185928002112,0.009965046163850563,0.10160091010158313,0.7418603461123723,9.53441764025968,0.08840907961613376,0.08198187895229705,1.0859365344297949,0.07736452396307843,0.07092462990334351,1.0925163442970094,429,0.077339,0.070912,0.013483,571,9.134621,55.8850615,0,0.895,0.993,95660.0,0.0422,19,/home/melody/code/individual_project/channel_selection_results/step_r_c2f_grid_completion/unet/per_dataset/fr1_desk_lightswitch/artifacts/unet_c2f_a_fine01_coarse01/replicate_0.all_frames.tum.txt,/home/melody/code/individual_project/channel_selection_results/step_r_c2f_grid_completion/unet/per_dataset/fr1_desk_lightswitch/artifacts/unet_c2f_a_fine01_coarse01/replicate_0.keyframes.tum.txt,/home/melody/code/individual_project/channel_selection_results/step_r_c2f_grid_completion/unet/per_dataset/fr1_desk_lightswitch/artifacts/unet_c2f_a_fine01_coarse01/replicate_0.log,2026-08-25T16:09:14.132183+00:00
2,fr1_desk_lightswitch,fr1_desk,lightswitch,Step-R:new,unet_c2f_a_fine01_coarse02,c2f,6,unet_c2f_a_fine01_coarse02,Step-R full-grid C2F-A; F1 × C2,"unet:c2f:A:fine2,3,7,12,13,14:coarse0,5,6,17,18,30","[2, 3, 7, 12, 13, 14, 0, 5, 6, 17, 18, 30]",0,PASS,Completed the full matched RGB-D sequence,50.00875336199988,0,,,1305031473.1961,571,571,573,0.9965095986038395,0.10806146314248928,0.10151136405561692,0.09845013199106065,0.19446412569217883,0.03705027373803829,7.805684152121695,7.118307740101364,11.967025867131873,0.010246094048493646,0.10231159662744743,0.801560380494419,9.56669624839952,0.09076630739082661,0.0854253843798826,1.0726478127267247,0.08214492034836982,0.07709457178927055,1.0778672787127823,430,0.082155,0.077116,0.013896,571,9.104775,56.1699675,0,0.895,0.993,98180.0,0.005337,19,/home/melody/code/individual_project/channel_selection_results/step_r_c2f_grid_completion/unet/per_dataset/fr1_desk_lightswitch/artifacts/unet_c2f_a_fine01_coarse02/replicate_0.all_frames.tum.txt,/home/melody/code/individual_project/channel_selection_results/step_r_c2f_grid_completion/unet/per_dataset/fr1_desk_lightswitch/artifacts/unet_c2f_a_fine01_coarse02/replicate_0.keyframes.tum.txt,/home/melody/code/individual_project/channel_selection_results/step_r_c2f_grid_completion/unet/per_dataset/fr1_desk_lightswitch/artifacts/unet_c2f_a_fine01_coarse02/replicate_0.log,2026-08-25T16:10:04.772075+00:00
2,fr1_desk_lightswitch,fr1_desk,lightswitch,Step-R:new,unet_c2f_a_fine01_coarse03,c2f,7,unet_c2f_a_fine01_coarse03,Step-R full-grid C2F-A; F1 × C3,"unet:c2f:A:fine2,3,7,12,13,14:coarse0,5,18,30","[2, 3, 7, 12, 13, 14, 0, 5, 18, 30]",0,PASS,Completed the full matched RGB-D sequence,48.752071501000046,0,,,1305031473.1961,571,571,573,0.9965095986038395,0.11027814825679706,0.09811310916804265,0.09128114347526782,0.2319241268160193,0.05034965533474742,8.082106633519622,7.830910328392335,11.591284121122358,0.01270910210006098,0.20818545835872912,0.9408709645398161,13.19369528512231,0.10085657105432666,0.09359650426534045,1.0543833010894574,0.09311925763990202,0.08742253401035593,1.056613670022957,429,0.093118,0.087433,0.017494,571,9.082361,61.77252,0,0.897,0.993,64670.0,0.00409,19,/home/melody/code/individual_project/channel_selection_results/step_r_c2f_grid_completion/unet/per_dataset/fr1_desk_lightswitch/artifacts/unet_c2f_a_fine01_coarse03/replicate_0.all_frames.tum.txt,/home/melody/code/individual_project/channel_selection_results/step_r_c2f_grid_completion/unet/per_dataset/fr1_desk_lightswitch/artifacts/unet_c2f_a_fine01_coarse03/replicate_0.keyframes.tum.txt,/home/melody/code/individual_project/channel_selection_results/step_r_c2f_grid_completion/unet/per_dataset/fr1_desk_lightswitch/artifacts/unet_c2f_a_fine01_coarse03/replicate_0.log,2026-08-25T16:10:54.162802+00:00
2,fr1_desk_lightswitch,fr1_desk,lightswitch,Step-Q:unet_c2f_a_f1_c4_negative_high_parent,unet_c2f_a_fine01_coarse04,c2f,7,unet_c2f_a_f1_c4_negative_high_parent,C2F-A negative control: on fr1 lightswitch it is worse than the globally best direct fine parent F1.,"unet:c2f:A:fine2,3,7,12,13,14:coarse0,5,6,18,30","[2, 3, 7, 12, 13, 14, 0, 5, 6, 18, 30]",0,PASS,Completed the full matched RGB-D sequence,50.369232789002126,0,,,1305031473.1961,571,571,573,0.9965095986038395,0.10436208301367932,0.09889002021775517,0.10297601500978192,0.17800064633205875,0.033349786690263304,8.818685754123091,7.700262076201603,14.022964672743491,0.00945654200991132,0.07158608920275927,0.8019830444976215,9.743403840566634,0.07600741718995285,0.06962706233909907,1.0898714916605903,0.07086207431043101,0.06550577208496776,1.0934612677018594,429,0.070697,0.065324,0.012727,571,9.110768,55.902587499999996,0,0.895,0.993,96900.0,0.048768,19,/home/melody/code/individual_project/channel_selection_results/step_q_c2f_multi_dataset_evaluation/unet/per_dataset/fr1_desk_lightswitch/artifacts/unet_c2f_a_f1_c4_negative_high_parent/replicate_0.all_frames.tum.txt,/home/melody/code/individual_project/channel_selection_results/step_q_c2f_multi_dataset_evaluation/unet/per_dataset/fr1_desk_lightswitch/artifacts/unet_c2f_a_f1_c4_negative_high_parent/replicate_0.keyframes.tum.txt,/home/melody/code/individual_project/channel_selection_results/step_q_c2f_multi_dataset_evaluation/unet/per_dataset/fr1_desk_lightswitch/artifacts/unet_c2f_a_f1_c4_negative_high_parent/replicate_0.log,2026-08-23T09:40:16.069376+00:00
2,fr1_desk_lightswitch,fr1_desk,lightswitch,Step-R:new,unet_c2f_a_fine02_coarse01,c2f,8,unet_c2f_a_fine02_coarse01,Step-R full-grid C2F-A; F2 × C1,"unet:c2f:A:fine3,7,12:coarse5,6,17,18,28,30","[3, 7, 12, 5, 6, 17, 18, 28, 30]",0,PASS,Completed the full matched RGB-D sequence,52.00125776300001,0,,,1305031473.1961,571,571,573,0.9965095986038395,0.10866258051562112,0.1027895083418461,0.09896479587799174,0.20130683736729374,0.0352402238806083,7.704932074323137,7.3090832443220135,11.58596618430537,0.011168628899550994,0.10052495124572644,0.7688029089662792,9.60131270568883,0.09039274951954565,0.08147219555883348,1.0748602370351008,0.07951849343599465,0.07031959582330373,1.0805001574452116,429,0.079556,0.070387,0.014451,571,4.620818,60.325186,0,0.859,0.993,49950.0,0.018386,19,/home/melody/code/individual_project/channel_selection_results/step_r_c2f_grid_completion/unet/per_dataset/fr1_desk_lightswitch/artifacts/unet_c2f_a_fine02_coarse01/replicate_0.all_frames.tum.txt,/home/melody/code/individual_project/channel_selection_results/step_r_c2f_grid_completion/unet/per_dataset/fr1_desk_lightswitch/artifacts/unet_c2f_a_fine02_coarse01/replicate_0.keyframes.tum.txt,/home/melody/code/individual_project/channel_selection_results/step_r_c2f_grid_completion/unet/per_dataset/fr1_desk_lightswitch/artifacts/unet_c2f_a_fine02_coarse01/replicate_0.log,2026-08-25T16:11:46.822607+00:00
2,fr1_desk_lightswitch,fr1_desk,lightswitch,Step-R:new,unet_c2f_a_fine02_coarse02,c2f,9,unet_c2f_a_fine02_coarse02,Step-R full-grid C2F-A; F2 × C2,"unet:c2f:A:fine3,7,12:coarse0,5,6,17,18,30","[3, 7, 12, 0, 5, 6, 17, 18, 30]",0,PASS,Completed the full matched RGB-D sequence,50.48658582500002,0,,,1305031473.1961,571,571,573,0.9965095986038395,0.10626189026944932,0.10040245902901843,0.09915828370127534,0.1833695863286796,0.034798499171124674,7.511027903517444,6.860075298153915,11.624639039811584,0.01033178142060887,0.0864325007454137,0.8137345821998228,9.762228751302256,0.08812530225448943,0.0812564666209977,1.073600751679795,0.07859165931249774,0.07210199214672422,1.079266143839479,430,0.078629,0.072166,0.013419,571,4.619771,59.4001545,0,0.875,0.993,49050.0,0.174119,19,/home/melody/code/individual_project/channel_selection_results/step_r_c2f_grid_completion/unet/per_dataset/fr1_desk_lightswitch/artifacts/unet_c2f_a_fine02_coarse02/replicate_0.all_frames.tum.txt,/home/melody/code/individual_project/channel_selection_results/step_r_c2f_grid_completion/unet/per_dataset/fr1_desk_lightswitch/artifacts/unet_c2f_a_fine02_coarse02/replicate_0.keyframes.tum.txt,/home/melody/code/individual_project/channel_selection_results/step_r_c2f_grid_completion/unet/per_dataset/fr1_desk_lightswitch/artifacts/unet_c2f_a_fine02_coarse02/replicate_0.log,2026-08-25T16:12:37.942664+00:00
2,fr1_desk_lightswitch,fr1_desk,lightswitch,Step-R:new,unet_c2f_a_fine02_coarse03,c2f,10,unet_c2f_a_fine02_coarse03,Step-R full-grid C2F-A; F2 × C3,"unet:c2f:A:fine3,7,12:coarse0,5,18,30","[3, 7, 12, 0, 5, 18, 30]",0,PASS,Completed the full matched RGB-D sequence,48.82845587099973,0,,,1305031473.1961,571,571,573,0.9965095986038395,0.11833233210221425,0.11276650290178683,0.10221837734552654,0.1963929970105906,0.03586442030829474,8.423578137649477,7.697065032762987,13.303472255753716,0.010961063461811952,0.0906615195020635,0.8419389310721062,9.835047323312361,0.10174467107602538,0.09045224123963606,1.0751309619302392,0.09693514743130428,0.08685042431914926,1.0772685768056978,429,0.096743,0.086616,0.014884,571,4.616506,57.732957999999996,0,0.896,0.993,58280.0,0.005807,19,/home/melody/code/individual_project/channel_selection_results/step_r_c2f_grid_completion/unet/per_dataset/fr1_desk_lightswitch/artifacts/unet_c2f_a_fine02_coarse03/replicate_0.all_frames.tum.txt,/home/melody/code/individual_project/channel_selection_results/step_r_c2f_grid_completion/unet/per_dataset/fr1_desk_lightswitch/artifacts/unet_c2f_a_fine02_coarse03/replicate_0.keyframes.tum.txt,/home/melody/code/individual_project/channel_selection_results/step_r_c2f_grid_completion/unet/per_dataset/fr1_desk_lightswitch/artifacts/unet_c2f_a_fine02_coarse03/replicate_0.log,2026-08-25T16:13:27.406592+00:00
2,fr1_desk_lightswitch,fr1_desk,lightswitch,Step-Q:unet_c2f_a_f2_c4_global_best,unet_c2f_a_fine02_coarse04,c2f,8,unet_c2f_a_f2_c4_global_best,C2F-A global U-Net C2F optimum on fr1 lightswitch; compare against both direct parents.,"unet:c2f:A:fine3,7,12:coarse0,5,6,18,30","[3, 7, 12, 0, 5, 6, 18, 30]",0,PASS,Completed the full matched RGB-D sequence,50.481802985974355,0,,,1305031473.1961,571,571,573,0.9965095986038395,0.10083529141956475,0.09541625389088998,0.09606070056046319,0.16050686355487412,0.032611263224502196,8.921101321365606,7.799388704401507,14.927986296836622,0.009781991067923039,0.07467637328642682,0.8088578805156228,9.682362279465002,0.07166208647338713,0.06418656292327247,1.0890421575164084,0.06443713856659766,0.05890626065683651,1.0927963308945405,430,0.064309,0.058765,0.013099,571,4.618502,57.2213515,0,0.894,0.993,50350.0,0.021585,19,/home/melody/code/individual_project/channel_selection_results/step_q_c2f_multi_dataset_evaluation/unet/per_dataset/fr1_desk_lightswitch/artifacts/unet_c2f_a_f2_c4_global_best/replicate_0.all_frames.tum.txt,/home/melody/code/individual_project/channel_selection_results/step_q_c2f_multi_dataset_evaluation/unet/per_dataset/fr1_desk_lightswitch/artifacts/unet_c2f_a_f2_c4_global_best/replicate_0.keyframes.tum.txt,/home/melody/code/individual_project/channel_selection_results/step_q_c2f_multi_dataset_evaluation/unet/per_dataset/fr1_desk_lightswitch/artifacts/unet_c2f_a_f2_c4_global_best/replicate_0.log,2026-08-23T09:41:07.198584+00:00
2,fr1_desk_lightswitch,fr1_desk,lightswitch,Step-R:new,unet_c2f_a_fine03_coarse01,c2f,11,unet_c2f_a_fine03_coarse01,Step-R full-grid C2F-A; F3 × C1,"unet:c2f:A:fine2,3,12,14:coarse5,6,17,18,28,30","[2, 3, 12, 14, 5, 6, 17, 18, 28, 30]",0,PASS,Completed the full matched RGB-D sequence,50.52772261000018,0,,,1305031473.1961,571,571,573,0.9965095986038395,0.12025289137972726,0.11257841540735873,0.11527744502153664,0.23409114856985494,0.0422712463685737,7.896641635034394,7.378929745510304,12.005317319113841,0.009635303015013493,0.08459680121910437,0.7348823563772499,9.712263608176922,0.09654336502146507,0.0902717883690655,1.0903507700072228,0.08618931329356688,0.080481142172417,1.0980637309904469,429,0.086172,0.080483,0.01288,571,6.016564,45.2178745,0,0.895,0.993,43600.0,0.032574,20,/home/melody/code/individual_project/channel_selection_results/step_r_c2f_grid_completion/unet/per_dataset/fr1_desk_lightswitch/artifacts/unet_c2f_a_fine03_coarse01/replicate_0.all_frames.tum.txt,/home/melody/code/individual_project/channel_selection_results/step_r_c2f_grid_completion/unet/per_dataset/fr1_desk_lightswitch/artifacts/unet_c2f_a_fine03_coarse01/replicate_0.keyframes.tum.txt,/home/melody/code/individual_project/channel_selection_results/step_r_c2f_grid_completion/unet/per_dataset/fr1_desk_lightswitch/artifacts/unet_c2f_a_fine03_coarse01/replicate_0.log,2026-08-25T16:14:18.568336+00:00
2,fr1_desk_lightswitch,fr1_desk,lightswitch,Step-R:new,unet_c2f_a_fine03_coarse02,c2f,12,unet_c2f_a_fine03_coarse02,Step-R full-grid C2F-A; F3 × C2,"unet:c2f:A:fine2,3,12,14:coarse0,5,6,17,18,30","[2, 3, 12, 14, 0, 5, 6, 17, 18, 30]",0,PASS,Completed the full matched RGB-D sequence,49.78184200300029,0,,,1305031473.1961,571,571,573,0.9965095986038395,0.10629768168903769,0.09946548022869288,0.0997398807257712,0.19825003430315297,0.03749420455669767,8.119954596626798,7.333108712019584,12.389248431525314,0.010656909336645374,0.09315421101430105,0.8344894041053891,9.960316317632797,0.08508092907523164,0.07739346148249086,1.0793848662882297,0.07360077073369586,0.06712237051221331,1.084523850579532,428,0.073553,0.067074,0.014414,571,6.011456,43.663689000000005,0,0.899,0.993,44580.0,0.004314,19,/home/melody/code/individual_project/channel_selection_results/step_r_c2f_grid_completion/unet/per_dataset/fr1_desk_lightswitch/artifacts/unet_c2f_a_fine03_coarse02/replicate_0.all_frames.tum.txt,/home/melody/code/individual_project/channel_selection_results/step_r_c2f_grid_completion/unet/per_dataset/fr1_desk_lightswitch/artifacts/unet_c2f_a_fine03_coarse02/replicate_0.keyframes.tum.txt,/home/melody/code/individual_project/channel_selection_results/step_r_c2f_grid_completion/unet/per_dataset/fr1_desk_lightswitch/artifacts/unet_c2f_a_fine03_coarse02/replicate_0.log,2026-08-25T16:15:08.980859+00:00
2,fr1_desk_lightswitch,fr1_desk,lightswitch,Step-R:new,unet_c2f_a_fine03_coarse03,c2f,13,unet_c2f_a_fine03_coarse03,Step-R full-grid C2F-A; F3 × C3,"unet:c2f:A:fine2,3,12,14:coarse0,5,18,30","[2, 3, 12, 14, 0, 5, 18, 30]",0,PASS,Completed the full matched RGB-D sequence,48.951055232999806,0,,,1305031473.1961,571,571,573,0.9965095986038395,0.12287112967962256,0.11826437173906244,0.11926674337619153,0.2082944325144976,0.03332945973026679,8.478177753498795,7.825167788037686,13.488864148036798,0.01022500576905304,0.0880589732831227,0.7059608112038507,6.201611897067725,0.10221563255817581,0.09317236446225922,1.0856202122642216,0.10220422999156427,0.09334246686609221,1.0877891448276558,430,0.101984,0.0931,0.013043,571,6.001547,43.1361065,0,0.891,0.993,43830.0,0.005569,15,/home/melody/code/individual_project/channel_selection_results/step_r_c2f_grid_completion/unet/per_dataset/fr1_desk_lightswitch/artifacts/unet_c2f_a_fine03_coarse03/replicate_0.all_frames.tum.txt,/home/melody/code/individual_project/channel_selection_results/step_r_c2f_grid_completion/unet/per_dataset/fr1_desk_lightswitch/artifacts/unet_c2f_a_fine03_coarse03/replicate_0.keyframes.tum.txt,/home/melody/code/individual_project/channel_selection_results/step_r_c2f_grid_completion/unet/per_dataset/fr1_desk_lightswitch/artifacts/unet_c2f_a_fine03_coarse03/replicate_0.log,2026-08-25T16:15:58.571241+00:00
2,fr1_desk_lightswitch,fr1_desk,lightswitch,Step-R:new,unet_c2f_a_fine03_coarse04,c2f,14,unet_c2f_a_fine03_coarse04,Step-R full-grid C2F-A; F3 × C4,"unet:c2f:A:fine2,3,12,14:coarse0,5,6,18,30","[2, 3, 12, 14, 0, 5, 6, 18, 30]",0,PASS,Completed the full matched RGB-D sequence,49.362112855000305,0,,,1305031473.1961,571,571,573,0.9965095986038395,0.10725580601554889,0.10175664652854097,0.09782344527083714,0.17288033700910943,0.033902696224793465,9.241860734996916,8.039795905053085,14.426087124923548,0.009853800293095249,0.09386516412739783,0.8520254245605389,10.655205351889228,0.07761621982708447,0.06816352599565485,1.0933360792969793,0.07178907615634238,0.06418606324757423,1.0971180734828405,431,0.0716,0.063974,0.013155,571,6.010409,41.612443999999996,0,0.895,0.993,45310.0,0.004411,20,/home/melody/code/individual_project/channel_selection_results/step_r_c2f_grid_completion/unet/per_dataset/fr1_desk_lightswitch/artifacts/unet_c2f_a_fine03_coarse04/replicate_0.all_frames.tum.txt,/home/melody/code/individual_project/channel_selection_results/step_r_c2f_grid_completion/unet/per_dataset/fr1_desk_lightswitch/artifacts/unet_c2f_a_fine03_coarse04/replicate_0.keyframes.tum.txt,/home/melody/code/individual_project/channel_selection_results/step_r_c2f_grid_completion/unet/per_dataset/fr1_desk_lightswitch/artifacts/unet_c2f_a_fine03_coarse04/replicate_0.log,2026-08-25T16:16:48.567772+00:00
2,fr1_desk_lightswitch,fr1_desk,lightswitch,Step-R:new,unet_c2f_a_fine04_coarse01,c2f,15,unet_c2f_a_fine04_coarse01,Step-R full-grid C2F-A; F4 × C1,"unet:c2f:A:fine2,4,6:coarse5,6,17,18,28,30","[2, 4, 6, 5, 6, 17, 18, 28, 30]",0,PASS,Completed the full matched RGB-D sequence,51.40712521400019,0,,,1305031473.1961,571,571,573,0.9965095986038395,0.12302547964511508,0.11705890423241312,0.12540131100890045,0.19290685833743762,0.03784813841944358,8.663222682992627,7.833890269215391,13.726951063392521,0.01171992114651281,0.12615047631591922,0.7673077470475164,9.700155677364904,0.09154152437900474,0.08543534795856998,1.1048944409037555,0.0880334051326509,0.08287936197118058,1.111538645606514,435,0.087875,0.082706,0.0154,571,7.385999,75.165546,0,0.865,0.993,26650.0,0.007182,0,/home/melody/code/individual_project/channel_selection_results/step_r_c2f_grid_completion/unet/per_dataset/fr1_desk_lightswitch/artifacts/unet_c2f_a_fine04_coarse01/replicate_0.all_frames.tum.txt,/home/melody/code/individual_project/channel_selection_results/step_r_c2f_grid_completion/unet/per_dataset/fr1_desk_lightswitch/artifacts/unet_c2f_a_fine04_coarse01/replicate_0.keyframes.tum.txt,/home/melody/code/individual_project/channel_selection_results/step_r_c2f_grid_completion/unet/per_dataset/fr1_desk_lightswitch/artifacts/unet_c2f_a_fine04_coarse01/replicate_0.log,2026-08-25T16:17:40.610506+00:00
2,fr1_desk_lightswitch,fr1_desk,lightswitch,Step-R:new,unet_c2f_a_fine04_coarse02,c2f,16,unet_c2f_a_fine04_coarse02,Step-R full-grid C2F-A; F4 × C2,"unet:c2f:A:fine2,4,6:coarse0,5,6,17,18,30","[2, 4, 6, 0, 5, 6, 17, 18, 30]",0,PASS,Completed the full matched RGB-D sequence,50.56857061599976,0,,,1305031473.1961,571,571,573,0.9965095986038395,0.10694920042182653,0.10152596099061133,0.10238654111379006,0.18311720976327628,0.0336245552506035,8.84227541752235,7.580579977100829,13.84357204060662,0.011047573292839175,0.10212078926186755,0.7914978089446596,9.371877703177987,0.0796974373923062,0.07322136482758665,1.0896416551348858,0.07652836135540714,0.07065472127957953,1.0937537594428128,435,0.076355,0.070455,0.0145,571,7.417775,77.5124055,0,0.896,0.993,28900.0,0.006351,0,/home/melody/code/individual_project/channel_selection_results/step_r_c2f_grid_completion/unet/per_dataset/fr1_desk_lightswitch/artifacts/unet_c2f_a_fine04_coarse02/replicate_0.all_frames.tum.txt,/home/melody/code/individual_project/channel_selection_results/step_r_c2f_grid_completion/unet/per_dataset/fr1_desk_lightswitch/artifacts/unet_c2f_a_fine04_coarse02/replicate_0.keyframes.tum.txt,/home/melody/code/individual_project/channel_selection_results/step_r_c2f_grid_completion/unet/per_dataset/fr1_desk_lightswitch/artifacts/unet_c2f_a_fine04_coarse02/replicate_0.log,2026-08-25T16:18:31.821775+00:00
2,fr1_desk_lightswitch,fr1_desk,lightswitch,Step-R:new,unet_c2f_a_fine04_coarse03,c2f,17,unet_c2f_a_fine04_coarse03,Step-R full-grid C2F-A; F4 × C3,"unet:c2f:A:fine2,4,6:coarse0,5,18,30","[2, 4, 6, 0, 5, 18, 30]",0,PASS,Completed the full matched RGB-D sequence,49.28830469500008,0,,,1305031473.1961,571,571,573,0.9965095986038395,0.14926356388705633,0.13942089762718451,0.13836788024471164,0.2447525756377567,0.053305016734782856,10.045891606953942,9.487518260190775,14.942005687026029,0.011574285768118213,0.1432244598312733,0.7205150019454919,8.112422197809702,0.13746936839546858,0.12328569822361651,1.0725549114057145,0.14140495544377346,0.1265545615938157,1.0716354606934801,434,0.141193,0.126357,0.01446,571,7.389529,70.2130545,0,0.894,0.993,23070.0,0.016171,0,/home/melody/code/individual_project/channel_selection_results/step_r_c2f_grid_completion/unet/per_dataset/fr1_desk_lightswitch/artifacts/unet_c2f_a_fine04_coarse03/replicate_0.all_frames.tum.txt,/home/melody/code/individual_project/channel_selection_results/step_r_c2f_grid_completion/unet/per_dataset/fr1_desk_lightswitch/artifacts/unet_c2f_a_fine04_coarse03/replicate_0.keyframes.tum.txt,/home/melody/code/individual_project/channel_selection_results/step_r_c2f_grid_completion/unet/per_dataset/fr1_desk_lightswitch/artifacts/unet_c2f_a_fine04_coarse03/replicate_0.log,2026-08-25T16:19:21.742340+00:00
2,fr1_desk_lightswitch,fr1_desk,lightswitch,Step-R:new,unet_c2f_a_fine04_coarse04,c2f,18,unet_c2f_a_fine04_coarse04,Step-R full-grid C2F-A; F4 × C4,"unet:c2f:A:fine2,4,6:coarse0,5,6,18,30","[2, 4, 6, 0, 5, 6, 18, 30]",0,PASS,Completed the full matched RGB-D sequence,50.30499743700011,0,,,1305031473.1961,571,571,573,0.9965095986038395,0.11054761472055298,0.10482345487650824,0.11184562189547083,0.18790017947117982,0.03511151418205239,8.698969807265126,7.742231901917256,13.958632750844949,0.010529915837071259,0.09625131190618605,0.8106140025055278,9.207226063456512,0.08316581008557783,0.07729104077396318,1.0917523231496113,0.07794343457557326,0.0731111649302082,1.096101561684854,433,0.077794,0.072947,0.014371,571,7.412562,71.05148700000001,0,0.895,0.993,34290.0,0.006546,0,/home/melody/code/individual_project/channel_selection_results/step_r_c2f_grid_completion/unet/per_dataset/fr1_desk_lightswitch/artifacts/unet_c2f_a_fine04_coarse04/replicate_0.all_frames.tum.txt,/home/melody/code/individual_project/channel_selection_results/step_r_c2f_grid_completion/unet/per_dataset/fr1_desk_lightswitch/artifacts/unet_c2f_a_fine04_coarse04/replicate_0.keyframes.tum.txt,/home/melody/code/individual_project/channel_selection_results/step_r_c2f_grid_completion/unet/per_dataset/fr1_desk_lightswitch/artifacts/unet_c2f_a_fine04_coarse04/replicate_0.log,2026-08-25T16:20:12.676105+00:00
2,fr1_desk_lightswitch,fr1_desk,lightswitch,Step-R:new,unet_c2f_a_fine05_coarse01,c2f,19,unet_c2f_a_fine05_coarse01,Step-R full-grid C2F-A; F5 × C1,"unet:c2f:A:fine2,3,7,12,13:coarse5,6,17,18,28,30","[2, 3, 7, 12, 13, 5, 6, 17, 18, 28, 30]",0,PASS,Completed the full matched RGB-D sequence,51.060677122000016,0,,,1305031473.1961,571,571,573,0.9965095986038395,0.108477889943243,0.10278159062236188,0.1027529221925209,0.18911241150504254,0.03469001636891449,8.234155824132284,7.316566783616263,12.689037488775263,0.009661787093705462,0.0666929539085841,0.7381495734360627,9.760045552283117,0.07963995906621958,0.07466692074518619,1.0928480922570816,0.07388402786010699,0.0698040737040062,1.096936330404156,429,0.073745,0.069654,0.013046,571,8.006563,46.9710905,0,0.89,0.993,73690.0,0.00452,19,/home/melody/code/individual_project/channel_selection_results/step_r_c2f_grid_completion/unet/per_dataset/fr1_desk_lightswitch/artifacts/unet_c2f_a_fine05_coarse01/replicate_0.all_frames.tum.txt,/home/melody/code/individual_project/channel_selection_results/step_r_c2f_grid_completion/unet/per_dataset/fr1_desk_lightswitch/artifacts/unet_c2f_a_fine05_coarse01/replicate_0.keyframes.tum.txt,/home/melody/code/individual_project/channel_selection_results/step_r_c2f_grid_completion/unet/per_dataset/fr1_desk_lightswitch/artifacts/unet_c2f_a_fine05_coarse01/replicate_0.log,2026-08-25T16:21:04.369323+00:00
2,fr1_desk_lightswitch,fr1_desk,lightswitch,Step-R:new,unet_c2f_a_fine05_coarse02,c2f,20,unet_c2f_a_fine05_coarse02,Step-R full-grid C2F-A; F5 × C2,"unet:c2f:A:fine2,3,7,12,13:coarse0,5,6,17,18,30","[2, 3, 7, 12, 13, 0, 5, 6, 17, 18, 30]",0,PASS,Completed the full matched RGB-D sequence,50.21950142300011,0,,,1305031473.1961,571,571,573,0.9965095986038395,0.11879897835178217,0.11207109363610432,0.10740693735818346,0.22489276724750193,0.039411511372120074,8.345523123051821,7.795112533930852,13.403899196103264,0.010749389539452547,0.09018475898624713,0.8966977077597125,9.988319742788573,0.10309257020719864,0.09529744915383198,1.0732970767164856,0.09390614397389273,0.0876529546110548,1.0789532839976181,429,0.093972,0.087757,0.014126,571,7.99233,46.614456000000004,0,0.907,0.993,85470.0,0.008366,21,/home/melody/code/individual_project/channel_selection_results/step_r_c2f_grid_completion/unet/per_dataset/fr1_desk_lightswitch/artifacts/unet_c2f_a_fine05_coarse02/replicate_0.all_frames.tum.txt,/home/melody/code/individual_project/channel_selection_results/step_r_c2f_grid_completion/unet/per_dataset/fr1_desk_lightswitch/artifacts/unet_c2f_a_fine05_coarse02/replicate_0.keyframes.tum.txt,/home/melody/code/individual_project/channel_selection_results/step_r_c2f_grid_completion/unet/per_dataset/fr1_desk_lightswitch/artifacts/unet_c2f_a_fine05_coarse02/replicate_0.log,2026-08-25T16:21:55.229384+00:00
2,fr1_desk_lightswitch,fr1_desk,lightswitch,Step-R:new,unet_c2f_a_fine05_coarse03,c2f,21,unet_c2f_a_fine05_coarse03,Step-R full-grid C2F-A; F5 × C3,"unet:c2f:A:fine2,3,7,12,13:coarse0,5,18,30","[2, 3, 7, 12, 13, 0, 5, 18, 30]",0,PASS,Completed the full matched RGB-D sequence,48.83903067400024,0,,,1305031473.1961,571,571,573,0.9965095986038395,0.11560608899586734,0.10689252228637497,0.10641881314183926,0.23291521015002747,0.044031312632911934,8.612887802413702,8.308349996863967,12.26103790766621,0.011587919805622697,0.15936932411893542,0.8709938191172129,10.011188970040095,0.10021458434115597,0.09302753669436994,1.07140500628709,0.09423120554329835,0.08924458299551227,1.0731463168334463,428,0.094134,0.089114,0.016196,571,7.983357,49.347103000000004,0,0.896,0.993,74660.0,0.053059,19,/home/melody/code/individual_project/channel_selection_results/step_r_c2f_grid_completion/unet/per_dataset/fr1_desk_lightswitch/artifacts/unet_c2f_a_fine05_coarse03/replicate_0.all_frames.tum.txt,/home/melody/code/individual_project/channel_selection_results/step_r_c2f_grid_completion/unet/per_dataset/fr1_desk_lightswitch/artifacts/unet_c2f_a_fine05_coarse03/replicate_0.keyframes.tum.txt,/home/melody/code/individual_project/channel_selection_results/step_r_c2f_grid_completion/unet/per_dataset/fr1_desk_lightswitch/artifacts/unet_c2f_a_fine05_coarse03/replicate_0.log,2026-08-25T16:22:44.705521+00:00
2,fr1_desk_lightswitch,fr1_desk,lightswitch,Step-Q:unet_c2f_a_f5_c4_positive_synergy,unet_c2f_a_fine05_coarse04,c2f,9,unet_c2f_a_f5_c4_positive_synergy,C2F-A positive synergy case: 12.8% lower fr1-lightswitch ATE than direct F5.,"unet:c2f:A:fine2,3,7,12,13:coarse0,5,6,18,30","[2, 3, 7, 12, 13, 0, 5, 6, 18, 30]",0,PASS,Completed the full matched RGB-D sequence,50.38944753599935,0,,,1305031473.1961,571,571,573,0.9965095986038395,0.10161167674515909,0.09666545137386949,0.09781397498974917,0.17801966274552086,0.03131650302394532,9.03405494181565,7.8534067533974525,14.454295182539918,0.009486793515981098,0.08462040524354268,0.7458663881588324,9.343093286447811,0.07133646846566657,0.06424965799937181,1.090986082300356,0.06822587622425118,0.062074537704064375,1.093453503898468,429,0.068056,0.061874,0.012523,571,7.998435,47.555132,0,0.894,0.993,76200.0,0.004802,19,/home/melody/code/individual_project/channel_selection_results/step_q_c2f_multi_dataset_evaluation/unet/per_dataset/fr1_desk_lightswitch/artifacts/unet_c2f_a_f5_c4_positive_synergy/replicate_0.all_frames.tum.txt,/home/melody/code/individual_project/channel_selection_results/step_q_c2f_multi_dataset_evaluation/unet/per_dataset/fr1_desk_lightswitch/artifacts/unet_c2f_a_f5_c4_positive_synergy/replicate_0.keyframes.tum.txt,/home/melody/code/individual_project/channel_selection_results/step_q_c2f_multi_dataset_evaluation/unet/per_dataset/fr1_desk_lightswitch/artifacts/unet_c2f_a_f5_c4_positive_synergy/replicate_0.log,2026-08-23T09:41:58.256192+00:00
2,fr1_desk_lightswitch,fr1_desk,lightswitch,Step-R:new,unet_c2f_b_fine01_coarse01,c2f,22,unet_c2f_b_fine01_coarse01,Step-R full-grid C2F-B; F1 × C1,"unet:c2f:B:fine2,3,7,12,13,14:coarse5,6,17,18,28,30","[2, 3, 7, 12, 13, 14, 5, 6, 17, 18, 28, 30]",0,PASS,Completed the full matched RGB-D sequence,48.87784056700002,0,,,1305031473.1961,571,571,573,0.9965095986038395,0.12634904226018445,0.11839531060104382,0.11691102961874845,0.26426905839511206,0.04412064038234523,7.447208806581553,7.206010381313463,10.744496643430884,0.009576614520445345,0.10076291269204674,0.7135186022801481,9.968012030197123,0.10517000074041512,0.09769526957356017,1.088171339466303,0.09970773888274545,0.09206959356529998,1.0935423573131893,428,0.0997,0.092086,0.012112,571,9.057571,54.7017135,0,0.897,0.993,75630.0,0.006998,18,/home/melody/code/individual_project/channel_selection_results/step_r_c2f_grid_completion/unet/per_dataset/fr1_desk_lightswitch/artifacts/unet_c2f_b_fine01_coarse01/replicate_0.all_frames.tum.txt,/home/melody/code/individual_project/channel_selection_results/step_r_c2f_grid_completion/unet/per_dataset/fr1_desk_lightswitch/artifacts/unet_c2f_b_fine01_coarse01/replicate_0.keyframes.tum.txt,/home/melody/code/individual_project/channel_selection_results/step_r_c2f_grid_completion/unet/per_dataset/fr1_desk_lightswitch/artifacts/unet_c2f_b_fine01_coarse01/replicate_0.log,2026-08-25T16:23:34.221163+00:00
2,fr1_desk_lightswitch,fr1_desk,lightswitch,Step-R:new,unet_c2f_b_fine01_coarse02,c2f,23,unet_c2f_b_fine01_coarse02,Step-R full-grid C2F-B; F1 × C2,"unet:c2f:B:fine2,3,7,12,13,14:coarse0,5,6,17,18,30","[2, 3, 7, 12, 13, 14, 0, 5, 6, 17, 18, 30]",0,PASS,Completed the full matched RGB-D sequence,48.165858609000225,0,,,1305031473.1961,571,571,573,0.9965095986038395,0.11905153719353904,0.11169967621310689,0.10837529037690607,0.22037716727713175,0.04118799390637639,7.305652185425982,7.00443659981259,10.562474350606088,0.009790395775454862,0.1075875423860063,0.7415277875513724,9.570561128581824,0.10036859453894344,0.0929849604659237,1.0799585406527743,0.09234641844802498,0.08549671496067555,1.086012386798744,428,0.092373,0.085553,0.013309,571,9.058772,57.2685795,0,0.898,0.993,81820.0,0.005131,18,/home/melody/code/individual_project/channel_selection_results/step_r_c2f_grid_completion/unet/per_dataset/fr1_desk_lightswitch/artifacts/unet_c2f_b_fine01_coarse02/replicate_0.all_frames.tum.txt,/home/melody/code/individual_project/channel_selection_results/step_r_c2f_grid_completion/unet/per_dataset/fr1_desk_lightswitch/artifacts/unet_c2f_b_fine01_coarse02/replicate_0.keyframes.tum.txt,/home/melody/code/individual_project/channel_selection_results/step_r_c2f_grid_completion/unet/per_dataset/fr1_desk_lightswitch/artifacts/unet_c2f_b_fine01_coarse02/replicate_0.log,2026-08-25T16:24:23.019334+00:00
2,fr1_desk_lightswitch,fr1_desk,lightswitch,Step-R:new,unet_c2f_b_fine01_coarse03,c2f,24,unet_c2f_b_fine01_coarse03,Step-R full-grid C2F-B; F1 × C3,"unet:c2f:B:fine2,3,7,12,13,14:coarse0,5,18,30","[2, 3, 7, 12, 13, 14, 0, 5, 18, 30]",0,PASS,Completed the full matched RGB-D sequence,47.198525407000034,0,,,1305031473.1961,571,571,573,0.9965095986038395,0.11331960995552988,0.10661213160147746,0.10663258477328492,0.20820771446351616,0.03840816834818707,7.338097894345895,6.848571207658252,11.047143033280122,0.009458460854044871,0.061003064225442646,0.7545580673156098,9.632089003864793,0.0903246169681635,0.08468445250133254,1.0858121650564667,0.08418498797839283,0.07969845701032044,1.0895068266489765,430,0.084105,0.079626,0.012795,571,9.064122,54.939436,0,0.898,0.993,87050.0,0.00524,19,/home/melody/code/individual_project/channel_selection_results/step_r_c2f_grid_completion/unet/per_dataset/fr1_desk_lightswitch/artifacts/unet_c2f_b_fine01_coarse03/replicate_0.all_frames.tum.txt,/home/melody/code/individual_project/channel_selection_results/step_r_c2f_grid_completion/unet/per_dataset/fr1_desk_lightswitch/artifacts/unet_c2f_b_fine01_coarse03/replicate_0.keyframes.tum.txt,/home/melody/code/individual_project/channel_selection_results/step_r_c2f_grid_completion/unet/per_dataset/fr1_desk_lightswitch/artifacts/unet_c2f_b_fine01_coarse03/replicate_0.log,2026-08-25T16:25:10.861902+00:00
2,fr1_desk_lightswitch,fr1_desk,lightswitch,Step-R:new,unet_c2f_b_fine01_coarse04,c2f,25,unet_c2f_b_fine01_coarse04,Step-R full-grid C2F-B; F1 × C4,"unet:c2f:B:fine2,3,7,12,13,14:coarse0,5,6,18,30","[2, 3, 7, 12, 13, 14, 0, 5, 6, 18, 30]",0,PASS,Completed the full matched RGB-D sequence,48.0362357680001,0,,,1305031473.1961,571,571,573,0.9965095986038395,0.12221964081221,0.11346068995391771,0.1104695607990721,0.23133583225452464,0.045434705187186855,7.679776439324143,7.294956880347868,12.158032498054224,0.009903988086837418,0.08471598753968587,0.8223134684832895,9.925618133711508,0.10216695044705962,0.0942805555917385,1.0841127669452508,0.09310769098415579,0.08656692384122247,1.0907173176180993,430,0.093115,0.0866,0.0138,571,9.067105,59.467409,0,0.897,0.993,100100.0,0.007015,19,/home/melody/code/individual_project/channel_selection_results/step_r_c2f_grid_completion/unet/per_dataset/fr1_desk_lightswitch/artifacts/unet_c2f_b_fine01_coarse04/replicate_0.all_frames.tum.txt,/home/melody/code/individual_project/channel_selection_results/step_r_c2f_grid_completion/unet/per_dataset/fr1_desk_lightswitch/artifacts/unet_c2f_b_fine01_coarse04/replicate_0.keyframes.tum.txt,/home/melody/code/individual_project/channel_selection_results/step_r_c2f_grid_completion/unet/per_dataset/fr1_desk_lightswitch/artifacts/unet_c2f_b_fine01_coarse04/replicate_0.log,2026-08-25T16:25:59.523411+00:00
2,fr1_desk_lightswitch,fr1_desk,lightswitch,Step-R:new,unet_c2f_b_fine02_coarse01,c2f,26,unet_c2f_b_fine02_coarse01,Step-R full-grid C2F-B; F2 × C1,"unet:c2f:B:fine3,7,12:coarse5,6,17,18,28,30","[3, 7, 12, 5, 6, 17, 18, 28, 30]",0,PASS,Completed the full matched RGB-D sequence,48.87916167200001,0,,,1305031473.1961,571,571,573,0.9965095986038395,0.10286880067892201,0.09624284439725218,0.09326008353803861,0.1978831067832969,0.036322239130401786,6.803889184420774,6.484560180409335,10.725417558737874,0.011480526671238523,0.12304458659069564,0.7797654450224133,9.766213534866571,0.08413248466959856,0.0762537020855808,1.073319996501594,0.07547115428788644,0.06797290093677431,1.077324273651395,432,0.075475,0.067999,0.014868,571,4.620249,61.514181,0,0.875,0.993,50470.0,0.006149,12,/home/melody/code/individual_project/channel_selection_results/step_r_c2f_grid_completion/unet/per_dataset/fr1_desk_lightswitch/artifacts/unet_c2f_b_fine02_coarse01/replicate_0.all_frames.tum.txt,/home/melody/code/individual_project/channel_selection_results/step_r_c2f_grid_completion/unet/per_dataset/fr1_desk_lightswitch/artifacts/unet_c2f_b_fine02_coarse01/replicate_0.keyframes.tum.txt,/home/melody/code/individual_project/channel_selection_results/step_r_c2f_grid_completion/unet/per_dataset/fr1_desk_lightswitch/artifacts/unet_c2f_b_fine02_coarse01/replicate_0.log,2026-08-25T16:26:49.045772+00:00
2,fr1_desk_lightswitch,fr1_desk,lightswitch,Step-Q:unet_c2f_b_f2_c2_variant_contrast,unet_c2f_b_fine02_coarse02,c2f,10,unet_c2f_b_f2_c2_variant_contrast,"C2F-B schedule contrast: on fr1 lightswitch it is worse than direct F2, despite the same fine scale family.","unet:c2f:B:fine3,7,12:coarse0,5,6,17,18,30","[3, 7, 12, 0, 5, 6, 17, 18, 30]",0,PASS,Completed the full matched RGB-D sequence,48.66020121797919,0,,,1305031473.1961,571,571,573,0.9965095986038395,0.09730687842727807,0.09050371469537515,0.08954470643125473,0.16670486291355396,0.03574501665406259,6.968251810050249,6.433182312345934,10.62065638614858,0.010564655899039667,0.1058959626490502,0.8392377075502477,9.9244548345871,0.07670390801873492,0.07076332672198103,1.0741665684632185,0.0685163716822384,0.06348372791779769,1.0774246897761537,431,0.068473,0.063454,0.014006,571,4.617132,60.41769600000001,0,0.899,0.993,48390.0,0.00504,16,/home/melody/code/individual_project/channel_selection_results/step_q_c2f_multi_dataset_evaluation/unet/per_dataset/fr1_desk_lightswitch/artifacts/unet_c2f_b_f2_c2_variant_contrast/replicate_0.all_frames.tum.txt,/home/melody/code/individual_project/channel_selection_results/step_q_c2f_multi_dataset_evaluation/unet/per_dataset/fr1_desk_lightswitch/artifacts/unet_c2f_b_f2_c2_variant_contrast/replicate_0.keyframes.tum.txt,/home/melody/code/individual_project/channel_selection_results/step_q_c2f_multi_dataset_evaluation/unet/per_dataset/fr1_desk_lightswitch/artifacts/unet_c2f_b_f2_c2_variant_contrast/replicate_0.log,2026-08-23T09:42:47.578397+00:00
2,fr1_desk_lightswitch,fr1_desk,lightswitch,Step-R:new,unet_c2f_b_fine02_coarse03,c2f,27,unet_c2f_b_fine02_coarse03,Step-R full-grid C2F-B; F2 × C3,"unet:c2f:B:fine3,7,12:coarse0,5,18,30","[3, 7, 12, 0, 5, 18, 30]",0,PASS,Completed the full matched RGB-D sequence,47.49479086500014,0,,,1305031473.1961,571,571,573,0.9965095986038395,0.1083591774161543,0.09958257909015263,0.09462347243916056,0.21903150169154098,0.04272026769648224,7.400032195101739,7.216455619411043,10.119122850759693,0.01131722728830064,0.14654231717180027,0.7994952858132747,10.14350802106813,0.09839945021439866,0.09197750486597393,1.055365834641008,0.092260750842005,0.08554365861437589,1.0575795569844189,431,0.092222,0.085506,0.014843,571,4.614052,58.708252,0,0.898,0.992,44720.0,0.005026,5,/home/melody/code/individual_project/channel_selection_results/step_r_c2f_grid_completion/unet/per_dataset/fr1_desk_lightswitch/artifacts/unet_c2f_b_fine02_coarse03/replicate_0.all_frames.tum.txt,/home/melody/code/individual_project/channel_selection_results/step_r_c2f_grid_completion/unet/per_dataset/fr1_desk_lightswitch/artifacts/unet_c2f_b_fine02_coarse03/replicate_0.keyframes.tum.txt,/home/melody/code/individual_project/channel_selection_results/step_r_c2f_grid_completion/unet/per_dataset/fr1_desk_lightswitch/artifacts/unet_c2f_b_fine02_coarse03/replicate_0.log,2026-08-25T16:27:37.182059+00:00
2,fr1_desk_lightswitch,fr1_desk,lightswitch,Step-R:new,unet_c2f_b_fine02_coarse04,c2f,28,unet_c2f_b_fine02_coarse04,Step-R full-grid C2F-B; F2 × C4,"unet:c2f:B:fine3,7,12:coarse0,5,6,18,30","[3, 7, 12, 0, 5, 6, 18, 30]",0,PASS,Completed the full matched RGB-D sequence,47.75959691600019,0,,,1305031473.1961,571,571,573,0.9965095986038395,0.10317998544103088,0.0951373274799977,0.0911865083482262,0.207499103905056,0.039937430007137634,7.828763637978798,7.017217774866614,15.800947189866003,0.01101301286630944,0.136363601136451,0.967580502132294,14.11847319590346,0.08305509780565601,0.07369958137270058,1.0760137262294156,0.07151912697051965,0.06611582987535776,1.0799518010004212,432,0.071437,0.06603,0.015563,571,4.618274,58.3204915,0,0.897,0.993,55770.0,0.006243,19,/home/melody/code/individual_project/channel_selection_results/step_r_c2f_grid_completion/unet/per_dataset/fr1_desk_lightswitch/artifacts/unet_c2f_b_fine02_coarse04/replicate_0.all_frames.tum.txt,/home/melody/code/individual_project/channel_selection_results/step_r_c2f_grid_completion/unet/per_dataset/fr1_desk_lightswitch/artifacts/unet_c2f_b_fine02_coarse04/replicate_0.keyframes.tum.txt,/home/melody/code/individual_project/channel_selection_results/step_r_c2f_grid_completion/unet/per_dataset/fr1_desk_lightswitch/artifacts/unet_c2f_b_fine02_coarse04/replicate_0.log,2026-08-25T16:28:25.572577+00:00
2,fr1_desk_lightswitch,fr1_desk,lightswitch,Step-R:new,unet_c2f_b_fine03_coarse01,c2f,29,unet_c2f_b_fine03_coarse01,Step-R full-grid C2F-B; F3 × C1,"unet:c2f:B:fine2,3,12,14:coarse5,6,17,18,28,30","[2, 3, 12, 14, 5, 6, 17, 18, 28, 30]",0,PASS,Completed the full matched RGB-D sequence,48.97804392599983,0,,,1305031473.1961,571,571,573,0.9965095986038395,0.11619234612653132,0.11085593555498553,0.11006347435429789,0.20121610654844754,0.034808373283113245,7.8756878381442155,7.538121262072128,11.888913338617662,0.01154718652497838,0.15814557048775926,0.7273980532366376,9.691501784609795,0.09431736637309551,0.08888827205885104,1.0850798440347942,0.08886918784331992,0.08457971016972406,1.0897271278310585,431,0.088761,0.084477,0.015235,571,6.011939,43.1406785,0,0.898,0.993,35030.0,0.004992,12,/home/melody/code/individual_project/channel_selection_results/step_r_c2f_grid_completion/unet/per_dataset/fr1_desk_lightswitch/artifacts/unet_c2f_b_fine03_coarse01/replicate_0.all_frames.tum.txt,/home/melody/code/individual_project/channel_selection_results/step_r_c2f_grid_completion/unet/per_dataset/fr1_desk_lightswitch/artifacts/unet_c2f_b_fine03_coarse01/replicate_0.keyframes.tum.txt,/home/melody/code/individual_project/channel_selection_results/step_r_c2f_grid_completion/unet/per_dataset/fr1_desk_lightswitch/artifacts/unet_c2f_b_fine03_coarse01/replicate_0.log,2026-08-25T16:29:15.206462+00:00
2,fr1_desk_lightswitch,fr1_desk,lightswitch,Step-R:new,unet_c2f_b_fine03_coarse02,c2f,30,unet_c2f_b_fine03_coarse02,Step-R full-grid C2F-B; F3 × C2,"unet:c2f:B:fine2,3,12,14:coarse0,5,6,17,18,30","[2, 3, 12, 14, 0, 5, 6, 17, 18, 30]",0,PASS,Completed the full matched RGB-D sequence,48.18272458000001,0,,,1305031473.1961,571,571,573,0.9965095986038395,0.10431445070591898,0.09772704730723471,0.09959882443956176,0.16844378111243233,0.03648189757519624,7.477528203153543,6.899621096675443,11.603594581553848,0.009371638597669108,0.06292386364159208,0.7057026789881335,6.221059749183251,0.08213530516037065,0.07492522832367825,1.0801433542917174,0.0715474623046145,0.06548314359449559,1.0855841785054097,428,0.071482,0.065437,0.013016,571,6.009605,43.2098615,0,0.899,0.993,44080.0,0.003353,18,/home/melody/code/individual_project/channel_selection_results/step_r_c2f_grid_completion/unet/per_dataset/fr1_desk_lightswitch/artifacts/unet_c2f_b_fine03_coarse02/replicate_0.all_frames.tum.txt,/home/melody/code/individual_project/channel_selection_results/step_r_c2f_grid_completion/unet/per_dataset/fr1_desk_lightswitch/artifacts/unet_c2f_b_fine03_coarse02/replicate_0.keyframes.tum.txt,/home/melody/code/individual_project/channel_selection_results/step_r_c2f_grid_completion/unet/per_dataset/fr1_desk_lightswitch/artifacts/unet_c2f_b_fine03_coarse02/replicate_0.log,2026-08-25T16:30:04.023121+00:00
2,fr1_desk_lightswitch,fr1_desk,lightswitch,Step-R:new,unet_c2f_b_fine03_coarse03,c2f,31,unet_c2f_b_fine03_coarse03,Step-R full-grid C2F-B; F3 × C3,"unet:c2f:B:fine2,3,12,14:coarse0,5,18,30","[2, 3, 12, 14, 0, 5, 18, 30]",0,PASS,Completed the full matched RGB-D sequence,47.471728189999794,0,,,1305031473.1961,571,571,573,0.9965095986038395,0.10968913214319936,0.10160152827840704,0.10474617473649496,0.18705512739171437,0.04133805948300311,8.146597526252787,7.923159650773673,11.62405750337949,0.011967728979597919,0.15140280470532486,0.7403349919266966,6.7178695009934435,0.09634945695173895,0.09101078987691408,1.0645000486716594,0.09053626877416877,0.0864568208214537,1.06706871583051,430,0.090453,0.086384,0.016313,571,6.009325,43.697218,0,0.888,0.993,30150.0,0.00495,11,/home/melody/code/individual_project/channel_selection_results/step_r_c2f_grid_completion/unet/per_dataset/fr1_desk_lightswitch/artifacts/unet_c2f_b_fine03_coarse03/replicate_0.all_frames.tum.txt,/home/melody/code/individual_project/channel_selection_results/step_r_c2f_grid_completion/unet/per_dataset/fr1_desk_lightswitch/artifacts/unet_c2f_b_fine03_coarse03/replicate_0.keyframes.tum.txt,/home/melody/code/individual_project/channel_selection_results/step_r_c2f_grid_completion/unet/per_dataset/fr1_desk_lightswitch/artifacts/unet_c2f_b_fine03_coarse03/replicate_0.log,2026-08-25T16:30:52.115492+00:00
2,fr1_desk_lightswitch,fr1_desk,lightswitch,Step-R:new,unet_c2f_b_fine03_coarse04,c2f,32,unet_c2f_b_fine03_coarse04,Step-R full-grid C2F-B; F3 × C4,"unet:c2f:B:fine2,3,12,14:coarse0,5,6,18,30","[2, 3, 12, 14, 0, 5, 6, 18, 30]",0,PASS,Completed the full matched RGB-D sequence,47.63554325599989,0,,,1305031473.1961,571,571,573,0.9965095986038395,0.10720359609730258,0.10189259235472482,0.09719500998018771,0.17219151392315057,0.033324325040838564,7.926438570427021,7.428011369943231,11.9637203600293,0.01141467825714073,0.12815813335571843,0.8611784879707144,9.622562138749394,0.08556373544943126,0.07886581111693511,1.0805544778139693,0.07703520773437512,0.07239642110603411,1.0849466669037702,430,0.076927,0.072297,0.015405,571,6.009437,45.808647,0,0.899,0.993,34280.0,0.00496,15,/home/melody/code/individual_project/channel_selection_results/step_r_c2f_grid_completion/unet/per_dataset/fr1_desk_lightswitch/artifacts/unet_c2f_b_fine03_coarse04/replicate_0.all_frames.tum.txt,/home/melody/code/individual_project/channel_selection_results/step_r_c2f_grid_completion/unet/per_dataset/fr1_desk_lightswitch/artifacts/unet_c2f_b_fine03_coarse04/replicate_0.keyframes.tum.txt,/home/melody/code/individual_project/channel_selection_results/step_r_c2f_grid_completion/unet/per_dataset/fr1_desk_lightswitch/artifacts/unet_c2f_b_fine03_coarse04/replicate_0.log,2026-08-25T16:31:40.384758+00:00
2,fr1_desk_lightswitch,fr1_desk,lightswitch,Step-R:new,unet_c2f_b_fine04_coarse01,c2f,33,unet_c2f_b_fine04_coarse01,Step-R full-grid C2F-B; F4 × C1,"unet:c2f:B:fine2,4,6:coarse5,6,17,18,28,30","[2, 4, 6, 5, 6, 17, 18, 28, 30]",0,PASS,Completed the full matched RGB-D sequence,49.395191368999804,0,,,1305031473.1961,571,571,573,0.9965095986038395,0.13133042308383347,0.1246204791116427,0.13382891041719236,0.19577526057728856,0.04144172068535919,8.478461374772708,8.047217700807215,12.21133844548046,0.014103917073144933,0.24683046534532593,0.7255836261740908,9.110765146703073,0.10829622557826822,0.10171786416857971,1.0940998239954587,0.10818587656976048,0.10172073026870153,1.0992720116569143,435,0.108073,0.101612,0.018089,571,7.328141,77.39010250000001,0,0.898,0.993,26370.0,0.002995,0,/home/melody/code/individual_project/channel_selection_results/step_r_c2f_grid_completion/unet/per_dataset/fr1_desk_lightswitch/artifacts/unet_c2f_b_fine04_coarse01/replicate_0.all_frames.tum.txt,/home/melody/code/individual_project/channel_selection_results/step_r_c2f_grid_completion/unet/per_dataset/fr1_desk_lightswitch/artifacts/unet_c2f_b_fine04_coarse01/replicate_0.keyframes.tum.txt,/home/melody/code/individual_project/channel_selection_results/step_r_c2f_grid_completion/unet/per_dataset/fr1_desk_lightswitch/artifacts/unet_c2f_b_fine04_coarse01/replicate_0.log,2026-08-25T16:32:30.436273+00:00
2,fr1_desk_lightswitch,fr1_desk,lightswitch,Step-R:new,unet_c2f_b_fine04_coarse02,c2f,34,unet_c2f_b_fine04_coarse02,Step-R full-grid C2F-B; F4 × C2,"unet:c2f:B:fine2,4,6:coarse0,5,6,17,18,30","[2, 4, 6, 0, 5, 6, 17, 18, 30]",0,PASS,Completed the full matched RGB-D sequence,48.25905273699982,0,,,1305031473.1961,571,571,573,0.9965095986038395,0.14474185301837214,0.13375041066113275,0.13383067669661852,0.24408782514229826,0.055326590923085055,9.494344641816888,9.124471392230202,13.318627293805886,0.014075116554432514,0.252759906552763,0.6620046899814435,5.970569729256615,0.13161369876316611,0.11711797268213413,1.075259450070631,0.13643355397406956,0.12126522781378175,1.074189950828489,436,0.13625,0.121087,0.017749,571,7.342912,76.359264,0,0.898,0.993,28570.0,0.002357,0,/home/melody/code/individual_project/channel_selection_results/step_r_c2f_grid_completion/unet/per_dataset/fr1_desk_lightswitch/artifacts/unet_c2f_b_fine04_coarse02/replicate_0.all_frames.tum.txt,/home/melody/code/individual_project/channel_selection_results/step_r_c2f_grid_completion/unet/per_dataset/fr1_desk_lightswitch/artifacts/unet_c2f_b_fine04_coarse02/replicate_0.keyframes.tum.txt,/home/melody/code/individual_project/channel_selection_results/step_r_c2f_grid_completion/unet/per_dataset/fr1_desk_lightswitch/artifacts/unet_c2f_b_fine04_coarse02/replicate_0.log,2026-08-25T16:33:19.326270+00:00
2,fr1_desk_lightswitch,fr1_desk,lightswitch,Step-R:new,unet_c2f_b_fine04_coarse03,c2f,35,unet_c2f_b_fine04_coarse03,Step-R full-grid C2F-B; F4 × C3,"unet:c2f:B:fine2,4,6:coarse0,5,18,30","[2, 4, 6, 0, 5, 18, 30]",0,PASS,Completed the full matched RGB-D sequence,47.92128260199979,0,,,1305031473.1961,571,571,573,0.9965095986038395,0.12094543908937849,0.11092159517644051,0.11083746365645701,0.2507019452049288,0.04820994669190589,8.981967766507823,8.667519577258393,14.622730020135236,0.016310466019707145,0.24217102090036408,0.9331923330765493,12.281956515498813,0.11052349020570845,0.10005616109318746,1.0603076424928093,0.10523579679650737,0.09623961189509052,1.0626118190186524,435,0.105134,0.096102,0.02128,571,7.331384,72.94548800000001,0,0.882,0.993,18500.0,0.002779,0,/home/melody/code/individual_project/channel_selection_results/step_r_c2f_grid_completion/unet/per_dataset/fr1_desk_lightswitch/artifacts/unet_c2f_b_fine04_coarse03/replicate_0.all_frames.tum.txt,/home/melody/code/individual_project/channel_selection_results/step_r_c2f_grid_completion/unet/per_dataset/fr1_desk_lightswitch/artifacts/unet_c2f_b_fine04_coarse03/replicate_0.keyframes.tum.txt,/home/melody/code/individual_project/channel_selection_results/step_r_c2f_grid_completion/unet/per_dataset/fr1_desk_lightswitch/artifacts/unet_c2f_b_fine04_coarse03/replicate_0.log,2026-08-25T16:34:07.877079+00:00
2,fr1_desk_lightswitch,fr1_desk,lightswitch,Step-R:new,unet_c2f_b_fine04_coarse04,c2f,36,unet_c2f_b_fine04_coarse04,Step-R full-grid C2F-B; F4 × C4,"unet:c2f:B:fine2,4,6:coarse0,5,6,18,30","[2, 4, 6, 0, 5, 6, 18, 30]",0,PASS,Completed the full matched RGB-D sequence,48.09808336199967,0,,,1305031473.1961,571,571,573,0.9965095986038395,0.1341024745892968,0.12672313239941344,0.13245697006669235,0.19655862891067952,0.04387164694713134,8.626516109838226,8.06352332189033,12.909345846543433,0.013730965402202542,0.24039409529305494,0.7415818103866749,9.210726465976926,0.11197790320458446,0.10275280000765535,1.0934522219720328,0.11339290772870383,0.1041071819916258,1.0965330278184886,436,0.113266,0.103979,0.017696,571,7.349785,75.452324,0,0.898,0.993,28330.0,0.002951,0,/home/melody/code/individual_project/channel_selection_results/step_r_c2f_grid_completion/unet/per_dataset/fr1_desk_lightswitch/artifacts/unet_c2f_b_fine04_coarse04/replicate_0.all_frames.tum.txt,/home/melody/code/individual_project/channel_selection_results/step_r_c2f_grid_completion/unet/per_dataset/fr1_desk_lightswitch/artifacts/unet_c2f_b_fine04_coarse04/replicate_0.keyframes.tum.txt,/home/melody/code/individual_project/channel_selection_results/step_r_c2f_grid_completion/unet/per_dataset/fr1_desk_lightswitch/artifacts/unet_c2f_b_fine04_coarse04/replicate_0.log,2026-08-25T16:34:56.607213+00:00
2,fr1_desk_lightswitch,fr1_desk,lightswitch,Step-R:new,unet_c2f_b_fine05_coarse01,c2f,37,unet_c2f_b_fine05_coarse01,Step-R full-grid C2F-B; F5 × C1,"unet:c2f:B:fine2,3,7,12,13:coarse5,6,17,18,28,30","[2, 3, 7, 12, 13, 5, 6, 17, 18, 28, 30]",0,PASS,Completed the full matched RGB-D sequence,49.186795645000075,0,,,1305031473.1961,571,571,573,0.9965095986038395,0.13387086976885793,0.1260646763156393,0.11999685091940819,0.2620666522117954,0.04504561197390495,7.737911097021611,7.586045065143458,10.703061183672126,0.009862949720644857,0.10832512240116593,0.7232090786324606,9.753117259356287,0.11837456255466525,0.10807030008807982,1.078153794283418,0.11314210897418005,0.10275067648129273,1.0848502160394684,427,0.113177,0.102823,0.012618,571,7.959895,44.96435150000001,0,0.898,0.993,67960.0,0.015595,18,/home/melody/code/individual_project/channel_selection_results/step_r_c2f_grid_completion/unet/per_dataset/fr1_desk_lightswitch/artifacts/unet_c2f_b_fine05_coarse01/replicate_0.all_frames.tum.txt,/home/melody/code/individual_project/channel_selection_results/step_r_c2f_grid_completion/unet/per_dataset/fr1_desk_lightswitch/artifacts/unet_c2f_b_fine05_coarse01/replicate_0.keyframes.tum.txt,/home/melody/code/individual_project/channel_selection_results/step_r_c2f_grid_completion/unet/per_dataset/fr1_desk_lightswitch/artifacts/unet_c2f_b_fine05_coarse01/replicate_0.log,2026-08-25T16:35:46.426039+00:00
2,fr1_desk_lightswitch,fr1_desk,lightswitch,Step-R:new,unet_c2f_b_fine05_coarse02,c2f,38,unet_c2f_b_fine05_coarse02,Step-R full-grid C2F-B; F5 × C2,"unet:c2f:B:fine2,3,7,12,13:coarse0,5,6,17,18,30","[2, 3, 7, 12, 13, 0, 5, 6, 17, 18, 30]",0,PASS,Completed the full matched RGB-D sequence,48.4022053409999,0,,,1305031473.1961,571,571,573,0.9965095986038395,0.11811993968083084,0.11160494309170726,0.10876272170033019,0.22340367328069022,0.03868664921778441,7.516450911853593,7.210881084012999,10.727379870639416,0.00958818457469282,0.09654228147737716,0.7397439549093063,9.87916805549872,0.09770918731938805,0.09022052932936675,1.083099183984518,0.08996220173822594,0.083249248563299,1.0888938264613601,428,0.089977,0.08329,0.012806,571,7.959928,45.574035499999994,0,0.896,0.993,73590.0,0.014736,18,/home/melody/code/individual_project/channel_selection_results/step_r_c2f_grid_completion/unet/per_dataset/fr1_desk_lightswitch/artifacts/unet_c2f_b_fine05_coarse02/replicate_0.all_frames.tum.txt,/home/melody/code/individual_project/channel_selection_results/step_r_c2f_grid_completion/unet/per_dataset/fr1_desk_lightswitch/artifacts/unet_c2f_b_fine05_coarse02/replicate_0.keyframes.tum.txt,/home/melody/code/individual_project/channel_selection_results/step_r_c2f_grid_completion/unet/per_dataset/fr1_desk_lightswitch/artifacts/unet_c2f_b_fine05_coarse02/replicate_0.log,2026-08-25T16:36:35.464877+00:00
2,fr1_desk_lightswitch,fr1_desk,lightswitch,Step-R:new,unet_c2f_b_fine05_coarse03,c2f,39,unet_c2f_b_fine05_coarse03,Step-R full-grid C2F-B; F5 × C3,"unet:c2f:B:fine2,3,7,12,13:coarse0,5,18,30","[2, 3, 7, 12, 13, 0, 5, 18, 30]",0,PASS,Completed the full matched RGB-D sequence,47.396563973999946,0,,,1305031473.1961,571,571,573,0.9965095986038395,0.11093010531950188,0.10387769665714292,0.09959475934394912,0.20211554091919276,0.03892187564085753,7.497946728362302,6.937742944958644,11.314910333073422,0.009877701338063129,0.07503470900650745,0.745062668991725,6.633195199930107,0.0904173428213814,0.08360692133373138,1.080172330330751,0.08277082700802202,0.07768098863867025,1.0837497631805346,429,0.082706,0.077622,0.013724,571,7.974389,45.664259,0,0.897,0.993,83040.0,0.013191,19,/home/melody/code/individual_project/channel_selection_results/step_r_c2f_grid_completion/unet/per_dataset/fr1_desk_lightswitch/artifacts/unet_c2f_b_fine05_coarse03/replicate_0.all_frames.tum.txt,/home/melody/code/individual_project/channel_selection_results/step_r_c2f_grid_completion/unet/per_dataset/fr1_desk_lightswitch/artifacts/unet_c2f_b_fine05_coarse03/replicate_0.keyframes.tum.txt,/home/melody/code/individual_project/channel_selection_results/step_r_c2f_grid_completion/unet/per_dataset/fr1_desk_lightswitch/artifacts/unet_c2f_b_fine05_coarse03/replicate_0.log,2026-08-25T16:37:23.505112+00:00
2,fr1_desk_lightswitch,fr1_desk,lightswitch,Step-R:new,unet_c2f_b_fine05_coarse04,c2f,40,unet_c2f_b_fine05_coarse04,Step-R full-grid C2F-B; F5 × C4,"unet:c2f:B:fine2,3,7,12,13:coarse0,5,6,18,30","[2, 3, 7, 12, 13, 0, 5, 6, 18, 30]",0,PASS,Completed the full matched RGB-D sequence,48.064440617999935,0,,,1305031473.1961,571,571,573,0.9965095986038395,0.10519257471015925,0.09984111489461683,0.10327355410851347,0.1777316847357281,0.03312445547857888,7.960566575076727,7.321615704279072,12.037651271433253,0.00956728796794557,0.08985051852721543,0.7660020921870003,9.583745214875515,0.07744419418216601,0.07161007373789931,1.0894402147485969,0.06944359687186928,0.0646712492081515,1.0940757904019316,429,0.069384,0.064618,0.012831,571,7.982459,46.69021,0,0.898,0.993,76800.0,0.016088,19,/home/melody/code/individual_project/channel_selection_results/step_r_c2f_grid_completion/unet/per_dataset/fr1_desk_lightswitch/artifacts/unet_c2f_b_fine05_coarse04/replicate_0.all_frames.tum.txt,/home/melody/code/individual_project/channel_selection_results/step_r_c2f_grid_completion/unet/per_dataset/fr1_desk_lightswitch/artifacts/unet_c2f_b_fine05_coarse04/replicate_0.keyframes.tum.txt,/home/melody/code/individual_project/channel_selection_results/step_r_c2f_grid_completion/unet/per_dataset/fr1_desk_lightswitch/artifacts/unet_c2f_b_fine05_coarse04/replicate_0.log,2026-08-25T16:38:12.206906+00:00
3,fr1_desk_flashlight,fr1_desk,flashlight,Step-Q:unet_enc0_direct_f1_d02_d03_d07_d12_d13_d14,unet_direct_fine01,direct_fine,4,unet_enc0_direct_f1_d02_d03_d07_d12_d13_d14,Direct fine parent F1: global direct U-Net optimum on fr1/desk_lightswitch.,"unet:direct:enc0:2,3,7,12,13,14","[2, 3, 7, 12, 13, 14]",0,PASS,Completed the full matched RGB-D sequence,45.07655133999651,0,,,1305031473.1961,571,571,573,0.9965095986038395,0.12100178361514881,0.11666360174521305,0.12173733348893184,0.1887071933506206,0.03210974409554865,8.004209599920967,7.506767912806757,11.870811312054364,0.013383325714804946,0.234267977333312,0.7090470060872004,10.818565703949446,0.1036163280736441,0.09567389982695976,1.0779281927019575,0.1062862760833357,0.09803887457156214,1.0782272272496494,427,0.106174,0.097913,0.016363,571,8.949043,10.482293,0,0.898,0.993,65480.0,0.005073,8,/home/melody/code/individual_project/channel_selection_results/step_q_c2f_multi_dataset_evaluation/unet/per_dataset/fr1_desk_flashlight/artifacts/unet_enc0_direct_f1_d02_d03_d07_d12_d13_d14/replicate_0.all_frames.tum.txt,/home/melody/code/individual_project/channel_selection_results/step_q_c2f_multi_dataset_evaluation/unet/per_dataset/fr1_desk_flashlight/artifacts/unet_enc0_direct_f1_d02_d03_d07_d12_d13_d14/replicate_0.keyframes.tum.txt,/home/melody/code/individual_project/channel_selection_results/step_q_c2f_multi_dataset_evaluation/unet/per_dataset/fr1_desk_flashlight/artifacts/unet_enc0_direct_f1_d02_d03_d07_d12_d13_d14/replicate_0.log,2026-08-23T09:46:00.787373+00:00
3,fr1_desk_flashlight,fr1_desk,flashlight,Step-Q:unet_enc0_direct_f2_d03_d07_d12,unet_direct_fine02,direct_fine,5,unet_enc0_direct_f2_d03_d07_d12,Direct fine parent F2: the three-channel near-optimum.,"unet:direct:enc0:3,7,12","[3, 7, 12]",0,PASS,Completed the full matched RGB-D sequence,44.3384346649982,0,,,1305031473.1961,571,571,573,0.9965095986038395,0.10822484822384308,0.10374147685559067,0.1041892551953285,0.18853856594295423,0.030827321532932724,7.085057657959044,6.689955632769745,11.106291343161192,0.00971227406223716,0.09285440992966144,0.7032796636476544,10.402840270353698,0.0889470559864481,0.08285178873221964,1.0766468645897087,0.08710465003362909,0.0815513112302135,1.0796002814164372,429,0.087029,0.081473,0.01164,571,4.52067,5.2313445000000005,0,0.897,0.992,49590.0,0.00375,16,/home/melody/code/individual_project/channel_selection_results/step_q_c2f_multi_dataset_evaluation/unet/per_dataset/fr1_desk_flashlight/artifacts/unet_enc0_direct_f2_d03_d07_d12/replicate_0.all_frames.tum.txt,/home/melody/code/individual_project/channel_selection_results/step_q_c2f_multi_dataset_evaluation/unet/per_dataset/fr1_desk_flashlight/artifacts/unet_enc0_direct_f2_d03_d07_d12/replicate_0.keyframes.tum.txt,/home/melody/code/individual_project/channel_selection_results/step_q_c2f_multi_dataset_evaluation/unet/per_dataset/fr1_desk_flashlight/artifacts/unet_enc0_direct_f2_d03_d07_d12/replicate_0.log,2026-08-23T09:46:45.776015+00:00
3,fr1_desk_flashlight,fr1_desk,flashlight,Step-R:new,unet_direct_fine03,direct_fine,1,unet_direct_fine03,Step-R direct fine rank 3,"unet:direct:enc0:2,3,12,14","[2, 3, 12, 14]",0,PASS,Completed the full matched RGB-D sequence,44.31302282500019,0,,,1305031473.1961,571,571,573,0.9965095986038395,0.09769740449910563,0.0922794493549662,0.09692403549525183,0.16096075195440576,0.03208248856628944,7.015171680377391,6.836629137529387,10.132310919205288,0.008026417193045624,0.036996845197280914,0.4963952302034475,2.0459814127000766,0.07724455281435633,0.06923758475859605,1.0740923065724752,0.0684183107267516,0.05972408714713975,1.078299345422173,429,0.068444,0.059763,0.009435,571,5.928991,6.9408625,0,0.867,0.993,18890.0,0.004536,0,/home/melody/code/individual_project/channel_selection_results/step_r_c2f_grid_completion/unet/per_dataset/fr1_desk_flashlight/artifacts/unet_direct_fine03/replicate_0.all_frames.tum.txt,/home/melody/code/individual_project/channel_selection_results/step_r_c2f_grid_completion/unet/per_dataset/fr1_desk_flashlight/artifacts/unet_direct_fine03/replicate_0.keyframes.tum.txt,/home/melody/code/individual_project/channel_selection_results/step_r_c2f_grid_completion/unet/per_dataset/fr1_desk_flashlight/artifacts/unet_direct_fine03/replicate_0.log,2026-08-25T16:38:57.528103+00:00
3,fr1_desk_flashlight,fr1_desk,flashlight,Step-R:new,unet_direct_fine04,direct_fine,2,unet_direct_fine04,Step-R direct fine rank 4,"unet:direct:enc0:2,4,6","[2, 4, 6]",0,PASS,Completed the full matched RGB-D sequence,45.54276381299951,0,,,1305031473.1961,571,571,573,0.9965095986038395,0.11724358985072617,0.11018874420070283,0.11340416159844248,0.1919518083633983,0.04005621066148641,7.676171632913599,7.221989513575086,11.967765893306298,0.011659492367390296,0.19444801430692985,0.5242631015119122,2.400093230854278,0.09753163450194938,0.0877699131848564,1.081329668316236,0.10063765537983703,0.0910566611655933,1.0816720327715945,433,0.100487,0.090889,0.014018,571,7.446424,10.5663475,0,0.89,0.992,15370.0,0.002327,0,/home/melody/code/individual_project/channel_selection_results/step_r_c2f_grid_completion/unet/per_dataset/fr1_desk_flashlight/artifacts/unet_direct_fine04/replicate_0.all_frames.tum.txt,/home/melody/code/individual_project/channel_selection_results/step_r_c2f_grid_completion/unet/per_dataset/fr1_desk_flashlight/artifacts/unet_direct_fine04/replicate_0.keyframes.tum.txt,/home/melody/code/individual_project/channel_selection_results/step_r_c2f_grid_completion/unet/per_dataset/fr1_desk_flashlight/artifacts/unet_direct_fine04/replicate_0.log,2026-08-25T16:39:43.689060+00:00
3,fr1_desk_flashlight,fr1_desk,flashlight,Step-Q:unet_enc0_direct_f5_d02_d03_d07_d12_d13,unet_direct_fine05,direct_fine,6,unet_enc0_direct_f5_d02_d03_d07_d12_d13,"Direct fine parent F5, included because it has the clearest positive C2F synergy.","unet:direct:enc0:2,3,7,12,13","[2, 3, 7, 12, 13]",0,PASS,Completed the full matched RGB-D sequence,44.897548498993274,0,,,1305031473.1961,571,571,573,0.9965095986038395,0.12715319402832387,0.11841831749441774,0.11210112671175437,0.20734508240755287,0.04631454235330253,8.179610969930831,7.568524480874702,12.497821734777716,0.011842878670540848,0.2070147302310495,0.566201068786933,6.441864005737687,0.11511633469714942,0.1024616060865226,1.0667563947798686,0.11901451412094326,0.10608379343240688,1.0650123013819066,427,0.118824,0.105885,0.014114,571,7.734509,9.132313,0,0.898,0.993,42690.0,0.006705,6,/home/melody/code/individual_project/channel_selection_results/step_q_c2f_multi_dataset_evaluation/unet/per_dataset/fr1_desk_flashlight/artifacts/unet_enc0_direct_f5_d02_d03_d07_d12_d13/replicate_0.all_frames.tum.txt,/home/melody/code/individual_project/channel_selection_results/step_q_c2f_multi_dataset_evaluation/unet/per_dataset/fr1_desk_flashlight/artifacts/unet_enc0_direct_f5_d02_d03_d07_d12_d13/replicate_0.keyframes.tum.txt,/home/melody/code/individual_project/channel_selection_results/step_q_c2f_multi_dataset_evaluation/unet/per_dataset/fr1_desk_flashlight/artifacts/unet_enc0_direct_f5_d02_d03_d07_d12_d13/replicate_0.log,2026-08-23T09:47:31.323070+00:00
3,fr1_desk_flashlight,fr1_desk,flashlight,Step-R:new,unet_direct_coarse01,direct_coarse,3,unet_direct_coarse01,Step-R direct coarse rank 1,"unet:direct:enc1:5,6,17,18,28,30","[5, 6, 17, 18, 28, 30]",0,PASS,Completed the full matched RGB-D sequence,51.2914920180001,0,,,1305031473.1961,571,571,573,0.9965095986038395,0.13704330008798693,0.1303209042489102,0.13947173247360792,0.24467702897953658,0.04239490552828737,7.726486764291519,7.331997773231312,11.69349149718104,0.009701357235032484,0.11509225686448453,0.6963539501602034,9.358395200128628,0.11368483592984871,0.10611408660549146,1.0972907465257733,0.10788037961739255,0.10062143549556171,1.1048398350030757,428,0.107846,0.100602,0.011836,571,24.794834,37.4253655,0,0.893,0.992,38350.0,0.015722,21,/home/melody/code/individual_project/channel_selection_results/step_r_c2f_grid_completion/unet/per_dataset/fr1_desk_flashlight/artifacts/unet_direct_coarse01/replicate_0.all_frames.tum.txt,/home/melody/code/individual_project/channel_selection_results/step_r_c2f_grid_completion/unet/per_dataset/fr1_desk_flashlight/artifacts/unet_direct_coarse01/replicate_0.keyframes.tum.txt,/home/melody/code/individual_project/channel_selection_results/step_r_c2f_grid_completion/unet/per_dataset/fr1_desk_flashlight/artifacts/unet_direct_coarse01/replicate_0.log,2026-08-25T16:40:35.608067+00:00
3,fr1_desk_flashlight,fr1_desk,flashlight,Step-Q:unet_enc1_direct_c2_d00_d05_d06_d17_d18_d30,unet_direct_coarse02,direct_coarse,3,unet_enc1_direct_c2_d00_d05_d06_d17_d18_d30,"Direct coarse parent C2, needed to interpret the C2F-B schedule contrast.","unet:direct:enc1:0,5,6,17,18,30","[0, 5, 6, 17, 18, 30]",0,PASS,Completed the full matched RGB-D sequence,50.86651842700667,0,,,1305031473.1961,571,571,573,0.9965095986038395,0.20491527310357835,0.189279075337792,0.17047827387853054,0.44319287840759564,0.07850924015926115,10.527097593308394,10.092899314835874,15.740625385285515,0.01019479281427283,0.08990265676172099,0.7846998682992257,9.573359268090826,0.20013370415521756,0.17824750969777198,1.0547880035459518,0.19834345321388736,0.176130487945587,1.0635170869651336,427,0.198328,0.176194,0.011936,571,14.712733,21.037421000000002,0,0.914,0.992,166600.0,0.019563,36,/home/melody/code/individual_project/channel_selection_results/step_q_c2f_multi_dataset_evaluation/unet/per_dataset/fr1_desk_flashlight/artifacts/unet_enc1_direct_c2_d00_d05_d06_d17_d18_d30/replicate_0.all_frames.tum.txt,/home/melody/code/individual_project/channel_selection_results/step_q_c2f_multi_dataset_evaluation/unet/per_dataset/fr1_desk_flashlight/artifacts/unet_enc1_direct_c2_d00_d05_d06_d17_d18_d30/replicate_0.keyframes.tum.txt,/home/melody/code/individual_project/channel_selection_results/step_q_c2f_multi_dataset_evaluation/unet/per_dataset/fr1_desk_flashlight/artifacts/unet_enc1_direct_c2_d00_d05_d06_d17_d18_d30/replicate_0.log,2026-08-23T09:45:15.063692+00:00
3,fr1_desk_flashlight,fr1_desk,flashlight,Step-R:new,unet_direct_coarse03,direct_coarse,4,unet_direct_coarse03,Step-R direct coarse rank 3,"unet:direct:enc1:0,5,18,30","[0, 5, 18, 30]",0,PASS,Completed the full matched RGB-D sequence,48.59671128699938,0,,,1305031473.1961,571,571,573,0.9965095986038395,0.16621217532640564,0.1604995428321054,0.14568628746476514,0.27214299825906957,0.04320166637319646,10.039489070528912,9.627411937784094,13.944978011855763,0.008725664998669091,0.04723163025681602,0.7167835260438263,8.592333985778081,0.15309507106198028,0.14032460323115184,1.0816838611462605,0.15247431849729895,0.14005075479240414,1.0817782153054403,428,0.152347,0.139928,0.010092,571,7.914814,10.574983,0,0.906,0.993,63160.0,0.008735,40,/home/melody/code/individual_project/channel_selection_results/step_r_c2f_grid_completion/unet/per_dataset/fr1_desk_flashlight/artifacts/unet_direct_coarse03/replicate_0.all_frames.tum.txt,/home/melody/code/individual_project/channel_selection_results/step_r_c2f_grid_completion/unet/per_dataset/fr1_desk_flashlight/artifacts/unet_direct_coarse03/replicate_0.keyframes.tum.txt,/home/melody/code/individual_project/channel_selection_results/step_r_c2f_grid_completion/unet/per_dataset/fr1_desk_flashlight/artifacts/unet_direct_coarse03/replicate_0.log,2026-08-25T16:41:24.842161+00:00
3,fr1_desk_flashlight,fr1_desk,flashlight,Step-Q:unet_enc1_direct_c4_d00_d05_d06_d18_d30,unet_direct_coarse04,direct_coarse,2,unet_enc1_direct_c4_d00_d05_d06_d18_d30,"Direct coarse parent C4, selected because it participates in the strongest U-Net C2F results.","unet:direct:enc1:0,5,6,18,30","[0, 5, 6, 18, 30]",0,PASS,Completed the full matched RGB-D sequence,50.0645828669949,0,,,1305031473.1961,571,571,573,0.9965095986038395,0.12867470454269625,0.12264546098945911,0.13113069285282236,0.2166454883343482,0.03892647540984465,8.08189387219603,7.6723698644304665,11.86514882679293,0.00875011611365615,0.0717857204447925,0.697701127310139,9.530696575577783,0.10390105293602028,0.09616291177926338,1.0962725067237156,0.09950982892903779,0.0923081687693175,1.1000382694987239,428,0.099437,0.092241,0.010509,571,11.261932,16.344718,0,0.893,0.993,127400.0,0.026693,30,/home/melody/code/individual_project/channel_selection_results/step_q_c2f_multi_dataset_evaluation/unet/per_dataset/fr1_desk_flashlight/artifacts/unet_enc1_direct_c4_d00_d05_d06_d18_d30/replicate_0.all_frames.tum.txt,/home/melody/code/individual_project/channel_selection_results/step_q_c2f_multi_dataset_evaluation/unet/per_dataset/fr1_desk_flashlight/artifacts/unet_enc1_direct_c4_d00_d05_d06_d18_d30/replicate_0.keyframes.tum.txt,/home/melody/code/individual_project/channel_selection_results/step_q_c2f_multi_dataset_evaluation/unet/per_dataset/fr1_desk_flashlight/artifacts/unet_enc1_direct_c4_d00_d05_d06_d18_d30/replicate_0.log,2026-08-23T09:44:23.547536+00:00
3,fr1_desk_flashlight,fr1_desk,flashlight,Step-R:new,unet_c2f_a_fine01_coarse01,c2f,5,unet_c2f_a_fine01_coarse01,Step-R full-grid C2F-A; F1 × C1,"unet:c2f:A:fine2,3,7,12,13,14:coarse5,6,17,18,28,30","[2, 3, 7, 12, 13, 14, 5, 6, 17, 18, 28, 30]",0,PASS,Completed the full matched RGB-D sequence,49.69681425900035,0,,,1305031473.1961,571,571,573,0.9965095986038395,0.12059982178118848,0.11497047417025366,0.11420036684871668,0.23119456083101875,0.036415753221943174,7.038456025200757,6.791503536341443,10.592911083603259,0.009399231599277334,0.0842324648622355,0.6972981008067929,9.724382054299083,0.1039996133734164,0.09556647019182114,1.0760136070742035,0.10074226832665123,0.09289372116829041,1.0813560764366354,427,0.100738,0.092907,0.011233,571,8.950941,10.4943945,0,0.874,0.993,87110.0,0.004521,16,/home/melody/code/individual_project/channel_selection_results/step_r_c2f_grid_completion/unet/per_dataset/fr1_desk_flashlight/artifacts/unet_c2f_a_fine01_coarse01/replicate_0.all_frames.tum.txt,/home/melody/code/individual_project/channel_selection_results/step_r_c2f_grid_completion/unet/per_dataset/fr1_desk_flashlight/artifacts/unet_c2f_a_fine01_coarse01/replicate_0.keyframes.tum.txt,/home/melody/code/individual_project/channel_selection_results/step_r_c2f_grid_completion/unet/per_dataset/fr1_desk_flashlight/artifacts/unet_c2f_a_fine01_coarse01/replicate_0.log,2026-08-25T16:42:15.179614+00:00
3,fr1_desk_flashlight,fr1_desk,flashlight,Step-R:new,unet_c2f_a_fine01_coarse02,c2f,6,unet_c2f_a_fine01_coarse02,Step-R full-grid C2F-A; F1 × C2,"unet:c2f:A:fine2,3,7,12,13,14:coarse0,5,6,17,18,30","[2, 3, 7, 12, 13, 14, 0, 5, 6, 17, 18, 30]",0,PASS,Completed the full matched RGB-D sequence,48.302522804000546,0,,,1305031473.1961,571,571,573,0.9965095986038395,0.11056730525166678,0.10458287197509057,0.10733928598678255,0.20227201411297077,0.03588247315970676,7.242435834812523,6.9032524948751925,10.916989052690274,0.009001252276022088,0.08679539159448826,0.6969003681443651,9.648476355176978,0.09023021974308738,0.08371831376472154,1.0796811477685675,0.08762778574533282,0.08150009084418365,1.0837172438250013,427,0.087582,0.081456,0.010757,571,8.949605,10.488733,0,0.895,0.993,90320.0,0.004638,16,/home/melody/code/individual_project/channel_selection_results/step_r_c2f_grid_completion/unet/per_dataset/fr1_desk_flashlight/artifacts/unet_c2f_a_fine01_coarse02/replicate_0.all_frames.tum.txt,/home/melody/code/individual_project/channel_selection_results/step_r_c2f_grid_completion/unet/per_dataset/fr1_desk_flashlight/artifacts/unet_c2f_a_fine01_coarse02/replicate_0.keyframes.tum.txt,/home/melody/code/individual_project/channel_selection_results/step_r_c2f_grid_completion/unet/per_dataset/fr1_desk_flashlight/artifacts/unet_c2f_a_fine01_coarse02/replicate_0.log,2026-08-25T16:43:04.118321+00:00
3,fr1_desk_flashlight,fr1_desk,flashlight,Step-R:new,unet_c2f_a_fine01_coarse03,c2f,7,unet_c2f_a_fine01_coarse03,Step-R full-grid C2F-A; F1 × C3,"unet:c2f:A:fine2,3,7,12,13,14:coarse0,5,18,30","[2, 3, 7, 12, 13, 14, 0, 5, 18, 30]",0,PASS,Completed the full matched RGB-D sequence,48.024365442999624,0,,,1305031473.1961,571,571,573,0.9965095986038395,0.12168950164333237,0.11754641990793778,0.10942339432548437,0.2014762444820924,0.03148291563736372,8.1957646444154,7.743438711220273,12.196081827347301,0.008444311897581849,0.046759960067597056,0.6803366717331387,8.7391768671832,0.10477759599102615,0.09561896555268952,1.0771306340314108,0.10543785459891274,0.09621629613351863,1.0778239621597043,427,0.105308,0.096066,0.009899,571,8.952751,10.4358815,0,0.896,0.993,79630.0,0.004941,16,/home/melody/code/individual_project/channel_selection_results/step_r_c2f_grid_completion/unet/per_dataset/fr1_desk_flashlight/artifacts/unet_c2f_a_fine01_coarse03/replicate_0.all_frames.tum.txt,/home/melody/code/individual_project/channel_selection_results/step_r_c2f_grid_completion/unet/per_dataset/fr1_desk_flashlight/artifacts/unet_c2f_a_fine01_coarse03/replicate_0.keyframes.tum.txt,/home/melody/code/individual_project/channel_selection_results/step_r_c2f_grid_completion/unet/per_dataset/fr1_desk_flashlight/artifacts/unet_c2f_a_fine01_coarse03/replicate_0.log,2026-08-25T16:43:52.770556+00:00
3,fr1_desk_flashlight,fr1_desk,flashlight,Step-Q:unet_c2f_a_f1_c4_negative_high_parent,unet_c2f_a_fine01_coarse04,c2f,7,unet_c2f_a_f1_c4_negative_high_parent,C2F-A negative control: on fr1 lightswitch it is worse than the globally best direct fine parent F1.,"unet:c2f:A:fine2,3,7,12,13,14:coarse0,5,6,18,30","[2, 3, 7, 12, 13, 14, 0, 5, 6, 18, 30]",0,PASS,Completed the full matched RGB-D sequence,48.71228576800786,0,,,1305031473.1961,571,571,573,0.9965095986038395,0.11012871378635043,0.10414799984669233,0.10735417767493012,0.19833024960654186,0.035798431923329634,7.342605735799177,6.990074656080875,11.09200207032976,0.008950848890185324,0.08402485982682575,0.6965103215118293,9.329896921955628,0.08936866809007432,0.08272831464101693,1.0802806876427338,0.08691112358119385,0.08060636915525596,1.0839982920250606,427,0.086856,0.080548,0.010706,571,8.953942,10.478189,0,0.895,0.993,89350.0,0.004783,16,/home/melody/code/individual_project/channel_selection_results/step_q_c2f_multi_dataset_evaluation/unet/per_dataset/fr1_desk_flashlight/artifacts/unet_c2f_a_f1_c4_negative_high_parent/replicate_0.all_frames.tum.txt,/home/melody/code/individual_project/channel_selection_results/step_q_c2f_multi_dataset_evaluation/unet/per_dataset/fr1_desk_flashlight/artifacts/unet_c2f_a_f1_c4_negative_high_parent/replicate_0.keyframes.tum.txt,/home/melody/code/individual_project/channel_selection_results/step_q_c2f_multi_dataset_evaluation/unet/per_dataset/fr1_desk_flashlight/artifacts/unet_c2f_a_f1_c4_negative_high_parent/replicate_0.log,2026-08-23T09:48:20.689410+00:00
3,fr1_desk_flashlight,fr1_desk,flashlight,Step-R:new,unet_c2f_a_fine02_coarse01,c2f,8,unet_c2f_a_fine02_coarse01,Step-R full-grid C2F-A; F2 × C1,"unet:c2f:A:fine3,7,12:coarse5,6,17,18,28,30","[3, 7, 12, 5, 6, 17, 18, 28, 30]",0,PASS,Completed the full matched RGB-D sequence,49.061341712000285,0,,,1305031473.1961,571,571,573,0.9965095986038395,0.11145006521982778,0.10503256276809439,0.10563519766943928,0.21027804827836177,0.037273016994471705,7.300987991495822,6.987210509155188,11.140169969494622,0.009019729191710133,0.08343164325788842,0.6976016676477516,9.746750064996167,0.09198663333980142,0.0843223380990193,1.0783839246249285,0.08948598991699622,0.0821729908000685,1.082309536144649,427,0.089425,0.082108,0.010763,571,4.531874,5.2658605000000005,0,0.895,0.992,56500.0,0.006359,16,/home/melody/code/individual_project/channel_selection_results/step_r_c2f_grid_completion/unet/per_dataset/fr1_desk_flashlight/artifacts/unet_c2f_a_fine02_coarse01/replicate_0.all_frames.tum.txt,/home/melody/code/individual_project/channel_selection_results/step_r_c2f_grid_completion/unet/per_dataset/fr1_desk_flashlight/artifacts/unet_c2f_a_fine02_coarse01/replicate_0.keyframes.tum.txt,/home/melody/code/individual_project/channel_selection_results/step_r_c2f_grid_completion/unet/per_dataset/fr1_desk_flashlight/artifacts/unet_c2f_a_fine02_coarse01/replicate_0.log,2026-08-25T16:44:42.470596+00:00
3,fr1_desk_flashlight,fr1_desk,flashlight,Step-R:new,unet_c2f_a_fine02_coarse02,c2f,9,unet_c2f_a_fine02_coarse02,Step-R full-grid C2F-A; F2 × C2,"unet:c2f:A:fine3,7,12:coarse0,5,6,17,18,30","[3, 7, 12, 0, 5, 6, 17, 18, 30]",0,PASS,Completed the full matched RGB-D sequence,48.14576894400034,0,,,1305031473.1961,571,571,573,0.9965095986038395,0.10905444703170354,0.10391761101308869,0.10452319572854533,0.20695879679474022,0.0330757091945588,7.274473059335541,6.952189358228177,11.06026162684767,0.009061178829437138,0.08155055079806894,0.7033471545091724,9.730767590011109,0.09093687929851671,0.08348336037845774,1.0747177079652015,0.08742940756631397,0.08067757836107636,1.0788211240529582,428,0.087404,0.080658,0.010792,571,4.532936,5.2703145,0,0.884,0.992,60170.0,0.006997,16,/home/melody/code/individual_project/channel_selection_results/step_r_c2f_grid_completion/unet/per_dataset/fr1_desk_flashlight/artifacts/unet_c2f_a_fine02_coarse02/replicate_0.all_frames.tum.txt,/home/melody/code/individual_project/channel_selection_results/step_r_c2f_grid_completion/unet/per_dataset/fr1_desk_flashlight/artifacts/unet_c2f_a_fine02_coarse02/replicate_0.keyframes.tum.txt,/home/melody/code/individual_project/channel_selection_results/step_r_c2f_grid_completion/unet/per_dataset/fr1_desk_flashlight/artifacts/unet_c2f_a_fine02_coarse02/replicate_0.log,2026-08-25T16:45:31.269004+00:00
3,fr1_desk_flashlight,fr1_desk,flashlight,Step-R:new,unet_c2f_a_fine02_coarse03,c2f,10,unet_c2f_a_fine02_coarse03,Step-R full-grid C2F-A; F2 × C3,"unet:c2f:A:fine3,7,12:coarse0,5,18,30","[3, 7, 12, 0, 5, 18, 30]",0,PASS,Completed the full matched RGB-D sequence,47.5650895280005,0,,,1305031473.1961,571,571,573,0.9965095986038395,0.11223356182519197,0.10797776506852928,0.10159609916391514,0.18548538528208008,0.03061330839315943,7.761247883033093,7.299730789090306,12.00197213743987,0.00862616796558389,0.05815917326680464,0.685159353767099,9.051552064133158,0.0945230084709031,0.08577345871789055,1.075178311763461,0.09405275783968509,0.08542254496922878,1.0764453811717798,428,0.093928,0.085274,0.010162,571,4.533926,5.2543489999999995,0,0.896,0.993,54110.0,0.00861,16,/home/melody/code/individual_project/channel_selection_results/step_r_c2f_grid_completion/unet/per_dataset/fr1_desk_flashlight/artifacts/unet_c2f_a_fine02_coarse03/replicate_0.all_frames.tum.txt,/home/melody/code/individual_project/channel_selection_results/step_r_c2f_grid_completion/unet/per_dataset/fr1_desk_flashlight/artifacts/unet_c2f_a_fine02_coarse03/replicate_0.keyframes.tum.txt,/home/melody/code/individual_project/channel_selection_results/step_r_c2f_grid_completion/unet/per_dataset/fr1_desk_flashlight/artifacts/unet_c2f_a_fine02_coarse03/replicate_0.log,2026-08-25T16:46:19.483071+00:00
3,fr1_desk_flashlight,fr1_desk,flashlight,Step-Q:unet_c2f_a_f2_c4_global_best,unet_c2f_a_fine02_coarse04,c2f,8,unet_c2f_a_f2_c4_global_best,C2F-A global U-Net C2F optimum on fr1 lightswitch; compare against both direct parents.,"unet:c2f:A:fine3,7,12:coarse0,5,6,18,30","[3, 7, 12, 0, 5, 6, 18, 30]",0,PASS,Completed the full matched RGB-D sequence,48.890270326985046,0,,,1305031473.1961,571,571,573,0.9965095986038395,0.1085022623543317,0.10232272434485326,0.10452796367682228,0.2029466157557231,0.03609433499394885,7.318624946469952,6.97746781939941,11.108175835827701,0.008709780583850673,0.0701861898472862,0.7018640483827243,9.705646346065294,0.08874548988093375,0.08141673058127354,1.0776808130139288,0.08625611931599036,0.07926894137463937,1.0811222609217976,428,0.086192,0.079202,0.010331,571,4.531396,5.2599045,0,0.894,0.993,58680.0,0.008129,16,/home/melody/code/individual_project/channel_selection_results/step_q_c2f_multi_dataset_evaluation/unet/per_dataset/fr1_desk_flashlight/artifacts/unet_c2f_a_f2_c4_global_best/replicate_0.all_frames.tum.txt,/home/melody/code/individual_project/channel_selection_results/step_q_c2f_multi_dataset_evaluation/unet/per_dataset/fr1_desk_flashlight/artifacts/unet_c2f_a_f2_c4_global_best/replicate_0.keyframes.tum.txt,/home/melody/code/individual_project/channel_selection_results/step_q_c2f_multi_dataset_evaluation/unet/per_dataset/fr1_desk_flashlight/artifacts/unet_c2f_a_f2_c4_global_best/replicate_0.log,2026-08-23T09:49:10.225564+00:00
3,fr1_desk_flashlight,fr1_desk,flashlight,Step-R:new,unet_c2f_a_fine03_coarse01,c2f,11,unet_c2f_a_fine03_coarse01,Step-R full-grid C2F-A; F3 × C1,"unet:c2f:A:fine2,3,12,14:coarse5,6,17,18,28,30","[2, 3, 12, 14, 5, 6, 17, 18, 28, 30]",0,PASS,Completed the full matched RGB-D sequence,49.166126563000034,0,,,1305031473.1961,571,571,573,0.9965095986038395,0.10639068205271501,0.10265099758778526,0.10451618468658404,0.17097238092674535,0.027959791162925424,7.225824658626003,6.773081845766351,11.268493072722563,0.009766947284536823,0.09837922091345475,0.6931535318635985,9.538094819233272,0.08351697231916047,0.07877433161320296,1.0823177097076255,0.08202703247832731,0.0776647338920663,1.0851802384812141,427,0.081925,0.077558,0.01175,571,5.936274,6.9492025,0,0.895,0.993,37160.0,0.004436,16,/home/melody/code/individual_project/channel_selection_results/step_r_c2f_grid_completion/unet/per_dataset/fr1_desk_flashlight/artifacts/unet_c2f_a_fine03_coarse01/replicate_0.all_frames.tum.txt,/home/melody/code/individual_project/channel_selection_results/step_r_c2f_grid_completion/unet/per_dataset/fr1_desk_flashlight/artifacts/unet_c2f_a_fine03_coarse01/replicate_0.keyframes.tum.txt,/home/melody/code/individual_project/channel_selection_results/step_r_c2f_grid_completion/unet/per_dataset/fr1_desk_flashlight/artifacts/unet_c2f_a_fine03_coarse01/replicate_0.log,2026-08-25T16:47:09.285489+00:00
3,fr1_desk_flashlight,fr1_desk,flashlight,Step-R:new,unet_c2f_a_fine03_coarse02,c2f,12,unet_c2f_a_fine03_coarse02,Step-R full-grid C2F-A; F3 × C2,"unet:c2f:A:fine2,3,12,14:coarse0,5,6,17,18,30","[2, 3, 12, 14, 0, 5, 6, 17, 18, 30]",0,PASS,Completed the full matched RGB-D sequence,48.328732937000495,0,,,1305031473.1961,571,571,573,0.9965095986038395,0.10487506747812647,0.09946133375812435,0.10623970907132566,0.18290294572415408,0.033259928827292645,7.319771907305591,6.896242550066911,11.27072952684787,0.009054719750837513,0.0879617895173139,0.69965106721842,9.520035482849314,0.08279454376015463,0.07705670401485457,1.0802390485348108,0.07943417182005197,0.07406514161499454,1.0837493779219483,427,0.079378,0.07401,0.010835,571,5.934792,6.950125,0,0.896,0.993,47350.0,0.006368,16,/home/melody/code/individual_project/channel_selection_results/step_r_c2f_grid_completion/unet/per_dataset/fr1_desk_flashlight/artifacts/unet_c2f_a_fine03_coarse02/replicate_0.all_frames.tum.txt,/home/melody/code/individual_project/channel_selection_results/step_r_c2f_grid_completion/unet/per_dataset/fr1_desk_flashlight/artifacts/unet_c2f_a_fine03_coarse02/replicate_0.keyframes.tum.txt,/home/melody/code/individual_project/channel_selection_results/step_r_c2f_grid_completion/unet/per_dataset/fr1_desk_flashlight/artifacts/unet_c2f_a_fine03_coarse02/replicate_0.log,2026-08-25T16:47:58.252580+00:00
3,fr1_desk_flashlight,fr1_desk,flashlight,Step-R:new,unet_c2f_a_fine03_coarse03,c2f,13,unet_c2f_a_fine03_coarse03,Step-R full-grid C2F-A; F3 × C3,"unet:c2f:A:fine2,3,12,14:coarse0,5,18,30","[2, 3, 12, 14, 0, 5, 18, 30]",0,PASS,Completed the full matched RGB-D sequence,47.41209437900034,0,,,1305031473.1961,571,571,573,0.9965095986038395,0.12358142997383671,0.1186796319506426,0.10929442252245271,0.21302401499780602,0.034460336539829606,8.67492946833939,8.10743843454228,13.14059223747148,0.009723818641878648,0.11122797553686334,0.7034459052488705,8.794179810217292,0.10985094864054334,0.09937960490530809,1.0701529202120745,0.11162710682323748,0.10064535662482182,1.0688443087705664,428,0.111463,0.100466,0.011359,571,5.936753,6.936367000000001,0,0.896,0.993,35350.0,0.0069,14,/home/melody/code/individual_project/channel_selection_results/step_r_c2f_grid_completion/unet/per_dataset/fr1_desk_flashlight/artifacts/unet_c2f_a_fine03_coarse03/replicate_0.all_frames.tum.txt,/home/melody/code/individual_project/channel_selection_results/step_r_c2f_grid_completion/unet/per_dataset/fr1_desk_flashlight/artifacts/unet_c2f_a_fine03_coarse03/replicate_0.keyframes.tum.txt,/home/melody/code/individual_project/channel_selection_results/step_r_c2f_grid_completion/unet/per_dataset/fr1_desk_flashlight/artifacts/unet_c2f_a_fine03_coarse03/replicate_0.log,2026-08-25T16:48:46.301502+00:00
3,fr1_desk_flashlight,fr1_desk,flashlight,Step-R:new,unet_c2f_a_fine03_coarse04,c2f,14,unet_c2f_a_fine03_coarse04,Step-R full-grid C2F-A; F3 × C4,"unet:c2f:A:fine2,3,12,14:coarse0,5,6,18,30","[2, 3, 12, 14, 0, 5, 6, 18, 30]",0,PASS,Completed the full matched RGB-D sequence,48.09725389899995,0,,,1305031473.1961,571,571,573,0.9965095986038395,0.10481577883810704,0.09934359091833557,0.10508590087689816,0.17976573669412504,0.03342451849899057,7.355881467445573,6.923539783803963,11.340530586893951,0.008825742941868924,0.07813258392293188,0.6986551425682558,9.540174836019041,0.08227046429341563,0.07639016104071271,1.0810058426007112,0.0794564935574176,0.07386366693540766,1.0840721952507282,428,0.079383,0.073787,0.01052,571,5.934468,6.9481435000000005,0,0.895,0.993,45340.0,0.005182,15,/home/melody/code/individual_project/channel_selection_results/step_r_c2f_grid_completion/unet/per_dataset/fr1_desk_flashlight/artifacts/unet_c2f_a_fine03_coarse04/replicate_0.all_frames.tum.txt,/home/melody/code/individual_project/channel_selection_results/step_r_c2f_grid_completion/unet/per_dataset/fr1_desk_flashlight/artifacts/unet_c2f_a_fine03_coarse04/replicate_0.keyframes.tum.txt,/home/melody/code/individual_project/channel_selection_results/step_r_c2f_grid_completion/unet/per_dataset/fr1_desk_flashlight/artifacts/unet_c2f_a_fine03_coarse04/replicate_0.log,2026-08-25T16:49:35.037237+00:00
3,fr1_desk_flashlight,fr1_desk,flashlight,Step-R:new,unet_c2f_a_fine04_coarse01,c2f,15,unet_c2f_a_fine04_coarse01,Step-R full-grid C2F-A; F4 × C1,"unet:c2f:A:fine2,4,6:coarse5,6,17,18,28,30","[2, 4, 6, 5, 6, 17, 18, 28, 30]",0,PASS,Completed the full matched RGB-D sequence,50.53511616800006,0,,,1305031473.1961,571,571,573,0.9965095986038395,0.11755734171664109,0.11136576254879407,0.11167753368422025,0.22712145363894892,0.037648313686123334,6.9968339522586245,6.771254815257953,10.814372770657881,0.009647860138565703,0.08064186344032885,0.6941183091686964,9.64455802048004,0.10027930738665211,0.09153712202032703,1.0763592369690709,0.09666644688144983,0.08813518179384014,1.0821563254792637,428,0.096645,0.088122,0.011563,571,7.436264,10.5617765,0,0.883,0.992,22790.0,0.00473,6,/home/melody/code/individual_project/channel_selection_results/step_r_c2f_grid_completion/unet/per_dataset/fr1_desk_flashlight/artifacts/unet_c2f_a_fine04_coarse01/replicate_0.all_frames.tum.txt,/home/melody/code/individual_project/channel_selection_results/step_r_c2f_grid_completion/unet/per_dataset/fr1_desk_flashlight/artifacts/unet_c2f_a_fine04_coarse01/replicate_0.keyframes.tum.txt,/home/melody/code/individual_project/channel_selection_results/step_r_c2f_grid_completion/unet/per_dataset/fr1_desk_flashlight/artifacts/unet_c2f_a_fine04_coarse01/replicate_0.log,2026-08-25T16:50:26.212636+00:00
3,fr1_desk_flashlight,fr1_desk,flashlight,Step-R:new,unet_c2f_a_fine04_coarse02,c2f,16,unet_c2f_a_fine04_coarse02,Step-R full-grid C2F-A; F4 × C2,"unet:c2f:A:fine2,4,6:coarse0,5,6,17,18,30","[2, 4, 6, 0, 5, 6, 17, 18, 30]",0,PASS,Completed the full matched RGB-D sequence,49.07132788599938,0,,,1305031473.1961,571,571,573,0.9965095986038395,0.10550781314082538,0.10014550401033043,0.10309805854322783,0.19660480591933852,0.03320808124954249,6.916038861567961,6.589596357039257,10.897935555017527,0.00917948935885567,0.09035646888525137,0.6913072357938416,9.35029611124777,0.08540909522132319,0.07893767125851447,1.0770043490386048,0.08231793694175807,0.07609803602840291,1.0815880866894503,429,0.082272,0.076049,0.010944,571,7.43503,10.596701,0,0.898,0.993,26340.0,0.013024,8,/home/melody/code/individual_project/channel_selection_results/step_r_c2f_grid_completion/unet/per_dataset/fr1_desk_flashlight/artifacts/unet_c2f_a_fine04_coarse02/replicate_0.all_frames.tum.txt,/home/melody/code/individual_project/channel_selection_results/step_r_c2f_grid_completion/unet/per_dataset/fr1_desk_flashlight/artifacts/unet_c2f_a_fine04_coarse02/replicate_0.keyframes.tum.txt,/home/melody/code/individual_project/channel_selection_results/step_r_c2f_grid_completion/unet/per_dataset/fr1_desk_flashlight/artifacts/unet_c2f_a_fine04_coarse02/replicate_0.log,2026-08-25T16:51:15.912696+00:00
3,fr1_desk_flashlight,fr1_desk,flashlight,Step-R:new,unet_c2f_a_fine04_coarse03,c2f,17,unet_c2f_a_fine04_coarse03,Step-R full-grid C2F-A; F4 × C3,"unet:c2f:A:fine2,4,6:coarse0,5,18,30","[2, 4, 6, 0, 5, 18, 30]",0,PASS,Completed the full matched RGB-D sequence,48.380738410999584,0,,,1305031473.1961,571,571,573,0.9965095986038395,0.11817760348812195,0.11353507355792604,0.10564221481825481,0.20292053765505347,0.03279836944715552,8.18002274053788,7.656434392198669,12.707039736141498,0.00892292041636115,0.0839738643897373,0.6999610508111384,9.073711349892859,0.103002629481748,0.09267361570453507,1.0718317155288664,0.1042766518460134,0.09373255748637718,1.0717218692711554,428,0.104134,0.093564,0.010444,571,7.43983,10.628576500000001,0,0.896,0.993,22380.0,0.013715,6,/home/melody/code/individual_project/channel_selection_results/step_r_c2f_grid_completion/unet/per_dataset/fr1_desk_flashlight/artifacts/unet_c2f_a_fine04_coarse03/replicate_0.all_frames.tum.txt,/home/melody/code/individual_project/channel_selection_results/step_r_c2f_grid_completion/unet/per_dataset/fr1_desk_flashlight/artifacts/unet_c2f_a_fine04_coarse03/replicate_0.keyframes.tum.txt,/home/melody/code/individual_project/channel_selection_results/step_r_c2f_grid_completion/unet/per_dataset/fr1_desk_flashlight/artifacts/unet_c2f_a_fine04_coarse03/replicate_0.log,2026-08-25T16:52:04.924828+00:00
3,fr1_desk_flashlight,fr1_desk,flashlight,Step-R:new,unet_c2f_a_fine04_coarse04,c2f,18,unet_c2f_a_fine04_coarse04,Step-R full-grid C2F-A; F4 × C4,"unet:c2f:A:fine2,4,6:coarse0,5,6,18,30","[2, 4, 6, 0, 5, 6, 18, 30]",0,PASS,Completed the full matched RGB-D sequence,48.68617259599978,0,,,1305031473.1961,571,571,573,0.9965095986038395,0.10507553785811095,0.09977527886035792,0.10170242007736838,0.18775417662031174,0.03295090870536237,7.119832024168537,6.738274637643435,11.10522654674526,0.008809473358683088,0.0691984486662722,0.7000504130541856,9.544674590680014,0.08390512440945928,0.07770533480057765,1.0787424437064277,0.08142509370297552,0.07539324515614154,1.0822816924906908,428,0.081355,0.075316,0.010485,571,7.446009,10.6043545,0,0.895,0.993,26420.0,0.013401,8,/home/melody/code/individual_project/channel_selection_results/step_r_c2f_grid_completion/unet/per_dataset/fr1_desk_flashlight/artifacts/unet_c2f_a_fine04_coarse04/replicate_0.all_frames.tum.txt,/home/melody/code/individual_project/channel_selection_results/step_r_c2f_grid_completion/unet/per_dataset/fr1_desk_flashlight/artifacts/unet_c2f_a_fine04_coarse04/replicate_0.keyframes.tum.txt,/home/melody/code/individual_project/channel_selection_results/step_r_c2f_grid_completion/unet/per_dataset/fr1_desk_flashlight/artifacts/unet_c2f_a_fine04_coarse04/replicate_0.log,2026-08-25T16:52:54.244359+00:00
3,fr1_desk_flashlight,fr1_desk,flashlight,Step-R:new,unet_c2f_a_fine05_coarse01,c2f,19,unet_c2f_a_fine05_coarse01,Step-R full-grid C2F-A; F5 × C1,"unet:c2f:A:fine2,3,7,12,13:coarse5,6,17,18,28,30","[2, 3, 7, 12, 13, 5, 6, 17, 18, 28, 30]",0,PASS,Completed the full matched RGB-D sequence,49.574614089000534,0,,,1305031473.1961,571,571,573,0.9965095986038395,0.1146762515542084,0.10815156898229783,0.10874497175082543,0.21489752049944538,0.038129788842732354,7.245165020401776,6.965775240108162,10.941016230192151,0.008958500739174056,0.08348490503684453,0.6971604370638657,9.769443377056351,0.09415290204533315,0.08676556799822427,1.08183249868734,0.09198639704615982,0.08492327589558589,1.08627318862898,427,0.091932,0.084867,0.010702,571,7.743231,9.148078000000002,0,0.895,0.993,89500.0,0.006021,16,/home/melody/code/individual_project/channel_selection_results/step_r_c2f_grid_completion/unet/per_dataset/fr1_desk_flashlight/artifacts/unet_c2f_a_fine05_coarse01/replicate_0.all_frames.tum.txt,/home/melody/code/individual_project/channel_selection_results/step_r_c2f_grid_completion/unet/per_dataset/fr1_desk_flashlight/artifacts/unet_c2f_a_fine05_coarse01/replicate_0.keyframes.tum.txt,/home/melody/code/individual_project/channel_selection_results/step_r_c2f_grid_completion/unet/per_dataset/fr1_desk_flashlight/artifacts/unet_c2f_a_fine05_coarse01/replicate_0.log,2026-08-25T16:53:44.456344+00:00
3,fr1_desk_flashlight,fr1_desk,flashlight,Step-R:new,unet_c2f_a_fine05_coarse02,c2f,20,unet_c2f_a_fine05_coarse02,Step-R full-grid C2F-A; F5 × C2,"unet:c2f:A:fine2,3,7,12,13:coarse0,5,6,17,18,30","[2, 3, 7, 12, 13, 0, 5, 6, 17, 18, 30]",0,PASS,Completed the full matched RGB-D sequence,48.41893404500024,0,,,1305031473.1961,571,571,573,0.9965095986038395,0.10790218627598128,0.1023783780777247,0.10521428442517966,0.19850045333964356,0.03408151266172061,7.426649749676953,7.0867152521070205,11.203991492704306,0.009088467186904429,0.08871972408427652,0.7043077754334907,9.66394253409919,0.08734121192279373,0.08049917764183817,1.078920038106399,0.0845921803817812,0.07822363404084207,1.0826263766560358,427,0.084545,0.078173,0.010866,571,7.737355,9.143818,0,0.895,0.993,96330.0,0.00388,16,/home/melody/code/individual_project/channel_selection_results/step_r_c2f_grid_completion/unet/per_dataset/fr1_desk_flashlight/artifacts/unet_c2f_a_fine05_coarse02/replicate_0.all_frames.tum.txt,/home/melody/code/individual_project/channel_selection_results/step_r_c2f_grid_completion/unet/per_dataset/fr1_desk_flashlight/artifacts/unet_c2f_a_fine05_coarse02/replicate_0.keyframes.tum.txt,/home/melody/code/individual_project/channel_selection_results/step_r_c2f_grid_completion/unet/per_dataset/fr1_desk_flashlight/artifacts/unet_c2f_a_fine05_coarse02/replicate_0.log,2026-08-25T16:54:33.512790+00:00
3,fr1_desk_flashlight,fr1_desk,flashlight,Step-R:new,unet_c2f_a_fine05_coarse03,c2f,21,unet_c2f_a_fine05_coarse03,Step-R full-grid C2F-A; F5 × C3,"unet:c2f:A:fine2,3,7,12,13:coarse0,5,18,30","[2, 3, 7, 12, 13, 0, 5, 18, 30]",0,PASS,Completed the full matched RGB-D sequence,47.91065999000057,0,,,1305031473.1961,571,571,573,0.9965095986038395,0.12061569345952597,0.11585663851415368,0.10435862239916718,0.2042005690015088,0.03354675574363436,8.351226940086688,7.87642247274755,12.612835563105891,0.008696433665647502,0.05889035083056275,0.691768273681211,8.832776909374523,0.1052659452277312,0.09443624384500388,1.0731186837779119,0.10580329677393038,0.09490053186944189,1.0734694941852143,427,0.105665,0.094729,0.010211,571,7.742005,9.145078999999999,0,0.896,0.993,78840.0,0.006094,16,/home/melody/code/individual_project/channel_selection_results/step_r_c2f_grid_completion/unet/per_dataset/fr1_desk_flashlight/artifacts/unet_c2f_a_fine05_coarse03/replicate_0.all_frames.tum.txt,/home/melody/code/individual_project/channel_selection_results/step_r_c2f_grid_completion/unet/per_dataset/fr1_desk_flashlight/artifacts/unet_c2f_a_fine05_coarse03/replicate_0.keyframes.tum.txt,/home/melody/code/individual_project/channel_selection_results/step_r_c2f_grid_completion/unet/per_dataset/fr1_desk_flashlight/artifacts/unet_c2f_a_fine05_coarse03/replicate_0.log,2026-08-25T16:55:22.049830+00:00
3,fr1_desk_flashlight,fr1_desk,flashlight,Step-Q:unet_c2f_a_f5_c4_positive_synergy,unet_c2f_a_fine05_coarse04,c2f,9,unet_c2f_a_f5_c4_positive_synergy,C2F-A positive synergy case: 12.8% lower fr1-lightswitch ATE than direct F5.,"unet:c2f:A:fine2,3,7,12,13:coarse0,5,6,18,30","[2, 3, 7, 12, 13, 0, 5, 6, 18, 30]",0,PASS,Completed the full matched RGB-D sequence,48.84361588800675,0,,,1305031473.1961,571,571,573,0.9965095986038395,0.11063829213443499,0.10432068786933592,0.10562253593680543,0.20213051666591247,0.0368514011795097,7.45479652455106,7.117273602039077,11.23773736888747,0.008706014813868986,0.06857618968882544,0.7035730685113177,9.686166594312166,0.09031281885684388,0.08260389272298885,1.0796903245985787,0.08834176817608423,0.08091280721331803,1.0829355208064677,427,0.08827,0.080831,0.010348,571,7.733713,9.133537,0,0.895,0.993,94600.0,0.012485,16,/home/melody/code/individual_project/channel_selection_results/step_q_c2f_multi_dataset_evaluation/unet/per_dataset/fr1_desk_flashlight/artifacts/unet_c2f_a_f5_c4_positive_synergy/replicate_0.all_frames.tum.txt,/home/melody/code/individual_project/channel_selection_results/step_q_c2f_multi_dataset_evaluation/unet/per_dataset/fr1_desk_flashlight/artifacts/unet_c2f_a_f5_c4_positive_synergy/replicate_0.keyframes.tum.txt,/home/melody/code/individual_project/channel_selection_results/step_q_c2f_multi_dataset_evaluation/unet/per_dataset/fr1_desk_flashlight/artifacts/unet_c2f_a_f5_c4_positive_synergy/replicate_0.log,2026-08-23T09:49:59.716199+00:00
3,fr1_desk_flashlight,fr1_desk,flashlight,Step-R:new,unet_c2f_b_fine01_coarse01,c2f,22,unet_c2f_b_fine01_coarse01,Step-R full-grid C2F-B; F1 × C1,"unet:c2f:B:fine2,3,7,12,13,14:coarse5,6,17,18,28,30","[2, 3, 7, 12, 13, 14, 5, 6, 17, 18, 28, 30]",0,PASS,Completed the full matched RGB-D sequence,48.13811216799968,0,,,1305031473.1961,571,571,573,0.9965095986038395,0.10269325255094747,0.09761350034413162,0.10620477583126614,0.1702265629525475,0.03189841171686914,6.840686365886372,6.387035197994965,10.923010169548949,0.010418143707618472,0.1307675522518038,0.6939149208483086,9.008726313807067,0.08120764199864738,0.07568835831109823,1.0781897787319954,0.07704468318035568,0.0718517117216564,1.0819905315835259,427,0.077023,0.071835,0.012598,571,8.949837,10.489778999999999,0,0.885,0.993,68860.0,0.006968,16,/home/melody/code/individual_project/channel_selection_results/step_r_c2f_grid_completion/unet/per_dataset/fr1_desk_flashlight/artifacts/unet_c2f_b_fine01_coarse01/replicate_0.all_frames.tum.txt,/home/melody/code/individual_project/channel_selection_results/step_r_c2f_grid_completion/unet/per_dataset/fr1_desk_flashlight/artifacts/unet_c2f_b_fine01_coarse01/replicate_0.keyframes.tum.txt,/home/melody/code/individual_project/channel_selection_results/step_r_c2f_grid_completion/unet/per_dataset/fr1_desk_flashlight/artifacts/unet_c2f_b_fine01_coarse01/replicate_0.log,2026-08-25T16:56:10.818090+00:00
3,fr1_desk_flashlight,fr1_desk,flashlight,Step-R:new,unet_c2f_b_fine01_coarse02,c2f,23,unet_c2f_b_fine01_coarse02,Step-R full-grid C2F-B; F1 × C2,"unet:c2f:B:fine2,3,7,12,13,14:coarse0,5,6,17,18,30","[2, 3, 7, 12, 13, 14, 0, 5, 6, 17, 18, 30]",0,PASS,Completed the full matched RGB-D sequence,46.781347133000054,0,,,1305031473.1961,571,571,573,0.9965095986038395,0.10616116235747054,0.10064864281092967,0.10754778243175099,0.18154682281910822,0.033764524184521194,7.179945225581959,6.7452842513425795,11.187927192822395,0.009250004460230506,0.10187541109299102,0.7047839107341685,9.828613615610749,0.0842682566974468,0.07892608250045052,1.080516634125231,0.08091075621822082,0.07592496805139244,1.0842287173359992,427,0.080866,0.075882,0.011113,571,8.946259,10.4851545,0,0.897,0.993,77700.0,0.005087,16,/home/melody/code/individual_project/channel_selection_results/step_r_c2f_grid_completion/unet/per_dataset/fr1_desk_flashlight/artifacts/unet_c2f_b_fine01_coarse02/replicate_0.all_frames.tum.txt,/home/melody/code/individual_project/channel_selection_results/step_r_c2f_grid_completion/unet/per_dataset/fr1_desk_flashlight/artifacts/unet_c2f_b_fine01_coarse02/replicate_0.keyframes.tum.txt,/home/melody/code/individual_project/channel_selection_results/step_r_c2f_grid_completion/unet/per_dataset/fr1_desk_flashlight/artifacts/unet_c2f_b_fine01_coarse02/replicate_0.log,2026-08-25T16:56:58.233909+00:00
3,fr1_desk_flashlight,fr1_desk,flashlight,Step-R:new,unet_c2f_b_fine01_coarse03,c2f,24,unet_c2f_b_fine01_coarse03,Step-R full-grid C2F-B; F1 × C3,"unet:c2f:B:fine2,3,7,12,13,14:coarse0,5,18,30","[2, 3, 7, 12, 13, 14, 0, 5, 18, 30]",0,PASS,Completed the full matched RGB-D sequence,46.25142598799994,0,,,1305031473.1961,571,571,573,0.9965095986038395,0.11348887537030083,0.1090026816030377,0.10590895432978925,0.1889212980142991,0.03159335746897542,7.614661623032994,7.166785971744541,11.731668940471476,0.008844129979461312,0.06989932762549197,0.7115430270112156,9.799979740931162,0.09468866591050179,0.08726767039604394,1.077922186144186,0.09372755132445783,0.08657716502599434,1.0798908917582366,427,0.093631,0.086465,0.010483,571,8.948461,10.4713095,0,0.898,0.993,73360.0,0.00698,16,/home/melody/code/individual_project/channel_selection_results/step_r_c2f_grid_completion/unet/per_dataset/fr1_desk_flashlight/artifacts/unet_c2f_b_fine01_coarse03/replicate_0.all_frames.tum.txt,/home/melody/code/individual_project/channel_selection_results/step_r_c2f_grid_completion/unet/per_dataset/fr1_desk_flashlight/artifacts/unet_c2f_b_fine01_coarse03/replicate_0.keyframes.tum.txt,/home/melody/code/individual_project/channel_selection_results/step_r_c2f_grid_completion/unet/per_dataset/fr1_desk_flashlight/artifacts/unet_c2f_b_fine01_coarse03/replicate_0.log,2026-08-25T16:57:45.121926+00:00
3,fr1_desk_flashlight,fr1_desk,flashlight,Step-R:new,unet_c2f_b_fine01_coarse04,c2f,25,unet_c2f_b_fine01_coarse04,Step-R full-grid C2F-B; F1 × C4,"unet:c2f:B:fine2,3,7,12,13,14:coarse0,5,6,18,30","[2, 3, 7, 12, 13, 14, 0, 5, 6, 18, 30]",0,PASS,Completed the full matched RGB-D sequence,46.81795653400059,0,,,1305031473.1961,571,571,573,0.9965095986038395,0.10502804656249815,0.09985266518311703,0.10518014520873711,0.17506163851918027,0.032562798107082375,7.2251240691323195,6.761334348127734,11.314120712304687,0.009066043785987762,0.08884322785965432,0.7198885310811864,10.153721204357895,0.08317292442090841,0.07742672881468854,1.0799212025754008,0.08056411243983731,0.0751691833406443,1.082810296950486,427,0.080493,0.075091,0.010841,571,8.946277,10.488942,0,0.897,0.993,72190.0,0.006977,16,/home/melody/code/individual_project/channel_selection_results/step_r_c2f_grid_completion/unet/per_dataset/fr1_desk_flashlight/artifacts/unet_c2f_b_fine01_coarse04/replicate_0.all_frames.tum.txt,/home/melody/code/individual_project/channel_selection_results/step_r_c2f_grid_completion/unet/per_dataset/fr1_desk_flashlight/artifacts/unet_c2f_b_fine01_coarse04/replicate_0.keyframes.tum.txt,/home/melody/code/individual_project/channel_selection_results/step_r_c2f_grid_completion/unet/per_dataset/fr1_desk_flashlight/artifacts/unet_c2f_b_fine01_coarse04/replicate_0.log,2026-08-25T16:58:32.572345+00:00
3,fr1_desk_flashlight,fr1_desk,flashlight,Step-R:new,unet_c2f_b_fine02_coarse01,c2f,26,unet_c2f_b_fine02_coarse01,Step-R full-grid C2F-B; F2 × C1,"unet:c2f:B:fine3,7,12:coarse5,6,17,18,28,30","[3, 7, 12, 5, 6, 17, 18, 28, 30]",0,PASS,Completed the full matched RGB-D sequence,47.536039143999915,0,,,1305031473.1961,571,571,573,0.9965095986038395,0.10857946689358221,0.10265405150560987,0.10608295390341274,0.19917247803561056,0.03537861416700923,7.1923713639152655,6.849335178825696,11.113287710715769,0.009342609264059642,0.09897388946703328,0.7024410590602498,10.028667758651167,0.0889880497965302,0.08236103029139931,1.0773997636424841,0.08602443048301166,0.07977801661889124,1.0813121905672456,429,0.085974,0.079729,0.011171,571,4.524011,5.231646,0,0.897,0.992,53490.0,0.005633,16,/home/melody/code/individual_project/channel_selection_results/step_r_c2f_grid_completion/unet/per_dataset/fr1_desk_flashlight/artifacts/unet_c2f_b_fine02_coarse01/replicate_0.all_frames.tum.txt,/home/melody/code/individual_project/channel_selection_results/step_r_c2f_grid_completion/unet/per_dataset/fr1_desk_flashlight/artifacts/unet_c2f_b_fine02_coarse01/replicate_0.keyframes.tum.txt,/home/melody/code/individual_project/channel_selection_results/step_r_c2f_grid_completion/unet/per_dataset/fr1_desk_flashlight/artifacts/unet_c2f_b_fine02_coarse01/replicate_0.log,2026-08-25T16:59:20.739088+00:00
3,fr1_desk_flashlight,fr1_desk,flashlight,Step-Q:unet_c2f_b_f2_c2_variant_contrast,unet_c2f_b_fine02_coarse02,c2f,10,unet_c2f_b_f2_c2_variant_contrast,"C2F-B schedule contrast: on fr1 lightswitch it is worse than direct F2, despite the same fine scale family.","unet:c2f:B:fine3,7,12:coarse0,5,6,17,18,30","[3, 7, 12, 0, 5, 6, 17, 18, 30]",0,PASS,Completed the full matched RGB-D sequence,47.01544289497542,0,,,1305031473.1961,571,571,573,0.9965095986038395,0.11059843074168627,0.10621887083631631,0.10699731154701593,0.2028224714753406,0.030815002203172487,6.967601434691849,6.627882854723928,10.968490002282595,0.009622990988193856,0.09990068406793938,0.6962815865258359,9.701124363178288,0.09410444576183336,0.08667565038293064,1.0719698859746851,0.09027232103322612,0.08358045816158881,1.0761439560487482,428,0.090267,0.083586,0.011518,571,4.519753,5.255959,0,0.874,0.992,54410.0,0.003774,16,/home/melody/code/individual_project/channel_selection_results/step_q_c2f_multi_dataset_evaluation/unet/per_dataset/fr1_desk_flashlight/artifacts/unet_c2f_b_f2_c2_variant_contrast/replicate_0.all_frames.tum.txt,/home/melody/code/individual_project/channel_selection_results/step_q_c2f_multi_dataset_evaluation/unet/per_dataset/fr1_desk_flashlight/artifacts/unet_c2f_b_f2_c2_variant_contrast/replicate_0.keyframes.tum.txt,/home/melody/code/individual_project/channel_selection_results/step_q_c2f_multi_dataset_evaluation/unet/per_dataset/fr1_desk_flashlight/artifacts/unet_c2f_b_f2_c2_variant_contrast/replicate_0.log,2026-08-23T09:50:47.415163+00:00
3,fr1_desk_flashlight,fr1_desk,flashlight,Step-R:new,unet_c2f_b_fine02_coarse03,c2f,27,unet_c2f_b_fine02_coarse03,Step-R full-grid C2F-B; F2 × C3,"unet:c2f:B:fine3,7,12:coarse0,5,18,30","[3, 7, 12, 0, 5, 18, 30]",0,PASS,Completed the full matched RGB-D sequence,45.97887382299996,0,,,1305031473.1961,571,571,573,0.9965095986038395,0.11371430205643997,0.10954478191952319,0.09926119166291103,0.193044852910097,0.03051037932224659,8.179774942424915,7.629498578155837,12.590753940741786,0.01060505015721034,0.12623987817608842,0.7457612600869336,9.886353374885884,0.09953146401991393,0.09003829327738502,1.0679051604422376,0.0999077377868942,0.09045021181672581,1.0678750581830974,428,0.099775,0.090291,0.012572,571,4.519998,5.254618000000001,0,0.901,0.992,47320.0,0.00576,16,/home/melody/code/individual_project/channel_selection_results/step_r_c2f_grid_completion/unet/per_dataset/fr1_desk_flashlight/artifacts/unet_c2f_b_fine02_coarse03/replicate_0.all_frames.tum.txt,/home/melody/code/individual_project/channel_selection_results/step_r_c2f_grid_completion/unet/per_dataset/fr1_desk_flashlight/artifacts/unet_c2f_b_fine02_coarse03/replicate_0.keyframes.tum.txt,/home/melody/code/individual_project/channel_selection_results/step_r_c2f_grid_completion/unet/per_dataset/fr1_desk_flashlight/artifacts/unet_c2f_b_fine02_coarse03/replicate_0.log,2026-08-25T17:00:07.351736+00:00
3,fr1_desk_flashlight,fr1_desk,flashlight,Step-R:new,unet_c2f_b_fine02_coarse04,c2f,28,unet_c2f_b_fine02_coarse04,Step-R full-grid C2F-B; F2 × C4,"unet:c2f:B:fine3,7,12:coarse0,5,6,18,30","[3, 7, 12, 0, 5, 6, 18, 30]",0,PASS,Completed the full matched RGB-D sequence,46.804703292999875,0,,,1305031473.1961,571,571,573,0.9965095986038395,0.1042851303998408,0.09940507551548167,0.10172977087515375,0.1851616995445019,0.031528072955275654,7.360415065900987,6.919118203449708,11.49530065037486,0.009742261449473634,0.12171055316753238,0.717643465624896,10.163220640511323,0.08496586195028343,0.07845376023443368,1.0750243609757666,0.0817542597203802,0.07576849058210729,1.0782835038561556,428,0.081702,0.075714,0.011689,571,4.522304,5.253868499999999,0,0.897,0.992,54970.0,0.00575,16,/home/melody/code/individual_project/channel_selection_results/step_r_c2f_grid_completion/unet/per_dataset/fr1_desk_flashlight/artifacts/unet_c2f_b_fine02_coarse04/replicate_0.all_frames.tum.txt,/home/melody/code/individual_project/channel_selection_results/step_r_c2f_grid_completion/unet/per_dataset/fr1_desk_flashlight/artifacts/unet_c2f_b_fine02_coarse04/replicate_0.keyframes.tum.txt,/home/melody/code/individual_project/channel_selection_results/step_r_c2f_grid_completion/unet/per_dataset/fr1_desk_flashlight/artifacts/unet_c2f_b_fine02_coarse04/replicate_0.log,2026-08-25T17:00:54.793940+00:00
3,fr1_desk_flashlight,fr1_desk,flashlight,Step-R:new,unet_c2f_b_fine03_coarse01,c2f,29,unet_c2f_b_fine03_coarse01,Step-R full-grid C2F-B; F3 × C1,"unet:c2f:B:fine2,3,12,14:coarse5,6,17,18,28,30","[2, 3, 12, 14, 5, 6, 17, 18, 28, 30]",0,PASS,Completed the full matched RGB-D sequence,47.992223043000195,0,,,1305031473.1961,571,571,573,0.9965095986038395,0.11073581733257525,0.10785147039556305,0.11181430047548038,0.17308370336019493,0.025109392143746904,7.5179709645067,7.044167957713456,11.346275020585255,0.012572348610271681,0.21157495300089674,0.657885753814552,9.362487408848237,0.09044069430468209,0.08569914153909093,1.0796755933370394,0.0913096055914527,0.0863992818087926,1.0810862401365162,429,0.091209,0.0863,0.015351,571,5.930798,6.939062,0,0.895,0.993,35250.0,0.005939,7,/home/melody/code/individual_project/channel_selection_results/step_r_c2f_grid_completion/unet/per_dataset/fr1_desk_flashlight/artifacts/unet_c2f_b_fine03_coarse01/replicate_0.all_frames.tum.txt,/home/melody/code/individual_project/channel_selection_results/step_r_c2f_grid_completion/unet/per_dataset/fr1_desk_flashlight/artifacts/unet_c2f_b_fine03_coarse01/replicate_0.keyframes.tum.txt,/home/melody/code/individual_project/channel_selection_results/step_r_c2f_grid_completion/unet/per_dataset/fr1_desk_flashlight/artifacts/unet_c2f_b_fine03_coarse01/replicate_0.log,2026-08-25T17:01:43.427714+00:00
3,fr1_desk_flashlight,fr1_desk,flashlight,Step-R:new,unet_c2f_b_fine03_coarse02,c2f,30,unet_c2f_b_fine03_coarse02,Step-R full-grid C2F-B; F3 × C2,"unet:c2f:B:fine2,3,12,14:coarse0,5,6,17,18,30","[2, 3, 12, 14, 0, 5, 6, 17, 18, 30]",0,PASS,Completed the full matched RGB-D sequence,47.206417843000054,0,,,1305031473.1961,571,571,573,0.9965095986038395,0.11143906045565573,0.10777223595469204,0.107105619632105,0.18084423938468158,0.028351531749897976,7.595074649309035,7.011932759105471,11.669800536700972,0.012775337703048215,0.2188819551863667,0.6632125399626128,9.154096922561624,0.09255188221915192,0.08636506554658614,1.0772435738025208,0.094443901468954,0.08786779637506231,1.07766614395302,428,0.094321,0.087742,0.015566,571,5.931225,6.942435,0,0.898,0.993,34750.0,0.004494,7,/home/melody/code/individual_project/channel_selection_results/step_r_c2f_grid_completion/unet/per_dataset/fr1_desk_flashlight/artifacts/unet_c2f_b_fine03_coarse02/replicate_0.all_frames.tum.txt,/home/melody/code/individual_project/channel_selection_results/step_r_c2f_grid_completion/unet/per_dataset/fr1_desk_flashlight/artifacts/unet_c2f_b_fine03_coarse02/replicate_0.keyframes.tum.txt,/home/melody/code/individual_project/channel_selection_results/step_r_c2f_grid_completion/unet/per_dataset/fr1_desk_flashlight/artifacts/unet_c2f_b_fine03_coarse02/replicate_0.log,2026-08-25T17:02:31.283109+00:00
3,fr1_desk_flashlight,fr1_desk,flashlight,Step-R:new,unet_c2f_b_fine03_coarse03,c2f,31,unet_c2f_b_fine03_coarse03,Step-R full-grid C2F-B; F3 × C3,"unet:c2f:B:fine2,3,12,14:coarse0,5,18,30","[2, 3, 12, 14, 0, 5, 18, 30]",0,PASS,Completed the full matched RGB-D sequence,46.709242702000665,0,,,1305031473.1961,571,571,573,0.9965095986038395,0.13452073706299686,0.12789510283617955,0.11913789205112842,0.21548527280570173,0.041697378460701734,8.311959991929605,7.784441095498177,12.306271989437962,0.013142990366597919,0.23741453281329603,0.7112685429104885,8.761500435819116,0.1229779487620126,0.11159926994111767,1.067529063852345,0.12667586968860856,0.11516433407035746,1.0659175088653923,428,0.126546,0.115041,0.015799,571,5.932297,6.956142,0,0.898,0.993,34340.0,0.004685,6,/home/melody/code/individual_project/channel_selection_results/step_r_c2f_grid_completion/unet/per_dataset/fr1_desk_flashlight/artifacts/unet_c2f_b_fine03_coarse03/replicate_0.all_frames.tum.txt,/home/melody/code/individual_project/channel_selection_results/step_r_c2f_grid_completion/unet/per_dataset/fr1_desk_flashlight/artifacts/unet_c2f_b_fine03_coarse03/replicate_0.keyframes.tum.txt,/home/melody/code/individual_project/channel_selection_results/step_r_c2f_grid_completion/unet/per_dataset/fr1_desk_flashlight/artifacts/unet_c2f_b_fine03_coarse03/replicate_0.log,2026-08-25T17:03:18.620698+00:00
3,fr1_desk_flashlight,fr1_desk,flashlight,Step-R:new,unet_c2f_b_fine03_coarse04,c2f,32,unet_c2f_b_fine03_coarse04,Step-R full-grid C2F-B; F3 × C4,"unet:c2f:B:fine2,3,12,14:coarse0,5,6,18,30","[2, 3, 12, 14, 0, 5, 6, 18, 30]",0,PASS,Completed the full matched RGB-D sequence,46.881476446000306,0,,,1305031473.1961,571,571,573,0.9965095986038395,0.11856362490291669,0.11376583127626759,0.11265287352827577,0.19038933674899675,0.03338665577950779,7.760318703293438,7.220714161920195,11.727296103733849,0.012586376947380929,0.221226052800663,0.6816883878530547,9.577125580301276,0.10213308470915983,0.09402564113585381,1.074864929423829,0.10496356352219675,0.09651505717134848,1.0746265945150064,428,0.104841,0.096391,0.015278,571,5.931418,6.945233,0,0.899,0.993,37060.0,0.004438,8,/home/melody/code/individual_project/channel_selection_results/step_r_c2f_grid_completion/unet/per_dataset/fr1_desk_flashlight/artifacts/unet_c2f_b_fine03_coarse04/replicate_0.all_frames.tum.txt,/home/melody/code/individual_project/channel_selection_results/step_r_c2f_grid_completion/unet/per_dataset/fr1_desk_flashlight/artifacts/unet_c2f_b_fine03_coarse04/replicate_0.keyframes.tum.txt,/home/melody/code/individual_project/channel_selection_results/step_r_c2f_grid_completion/unet/per_dataset/fr1_desk_flashlight/artifacts/unet_c2f_b_fine03_coarse04/replicate_0.log,2026-08-25T17:04:06.141658+00:00
3,fr1_desk_flashlight,fr1_desk,flashlight,Step-R:new,unet_c2f_b_fine04_coarse01,c2f,33,unet_c2f_b_fine04_coarse01,Step-R full-grid C2F-B; F4 × C1,"unet:c2f:B:fine2,4,6:coarse5,6,17,18,28,30","[2, 4, 6, 5, 6, 17, 18, 28, 30]",0,PASS,Completed the full matched RGB-D sequence,48.13218183200024,0,,,1305031473.1961,571,571,573,0.9965095986038395,0.11981017227951868,0.11510598995872684,0.12000292593697295,0.18790282675533831,0.03324287077358731,7.654298786821633,7.20375002426731,11.930678183301058,0.013265797610584648,0.2419248125623663,0.680004716510527,9.452887889483772,0.10278290058440714,0.09522468747072917,1.0766747267744097,0.10523500869396989,0.09740898891243288,1.0781444252212469,434,0.105121,0.097285,0.016103,571,7.433473,10.584859000000002,0,0.899,0.992,15430.0,0.003328,0,/home/melody/code/individual_project/channel_selection_results/step_r_c2f_grid_completion/unet/per_dataset/fr1_desk_flashlight/artifacts/unet_c2f_b_fine04_coarse01/replicate_0.all_frames.tum.txt,/home/melody/code/individual_project/channel_selection_results/step_r_c2f_grid_completion/unet/per_dataset/fr1_desk_flashlight/artifacts/unet_c2f_b_fine04_coarse01/replicate_0.keyframes.tum.txt,/home/melody/code/individual_project/channel_selection_results/step_r_c2f_grid_completion/unet/per_dataset/fr1_desk_flashlight/artifacts/unet_c2f_b_fine04_coarse01/replicate_0.log,2026-08-25T17:04:54.916702+00:00
3,fr1_desk_flashlight,fr1_desk,flashlight,Step-R:new,unet_c2f_b_fine04_coarse02,c2f,34,unet_c2f_b_fine04_coarse02,Step-R full-grid C2F-B; F4 × C2,"unet:c2f:B:fine2,4,6:coarse0,5,6,17,18,30","[2, 4, 6, 0, 5, 6, 17, 18, 30]",0,PASS,Completed the full matched RGB-D sequence,47.27096068799983,0,,,1305031473.1961,571,571,573,0.9965095986038395,0.1221223298437066,0.1121160720104518,0.1067646937328407,0.2074961188828739,0.04841332299483544,7.760022563009997,7.172871939437003,12.39305477318964,0.013308710924910917,0.24798496958507577,0.5525038642235186,4.939032560788176,0.10870905270361188,0.09512860942905374,1.0688553424320177,0.11308691929425282,0.09971060117795735,1.0680031148626923,434,0.112924,0.099515,0.015946,571,7.435788,10.553384000000001,0,0.89,0.992,15430.0,0.003081,0,/home/melody/code/individual_project/channel_selection_results/step_r_c2f_grid_completion/unet/per_dataset/fr1_desk_flashlight/artifacts/unet_c2f_b_fine04_coarse02/replicate_0.all_frames.tum.txt,/home/melody/code/individual_project/channel_selection_results/step_r_c2f_grid_completion/unet/per_dataset/fr1_desk_flashlight/artifacts/unet_c2f_b_fine04_coarse02/replicate_0.keyframes.tum.txt,/home/melody/code/individual_project/channel_selection_results/step_r_c2f_grid_completion/unet/per_dataset/fr1_desk_flashlight/artifacts/unet_c2f_b_fine04_coarse02/replicate_0.log,2026-08-25T17:05:42.821931+00:00
3,fr1_desk_flashlight,fr1_desk,flashlight,Step-R:new,unet_c2f_b_fine04_coarse03,c2f,35,unet_c2f_b_fine04_coarse03,Step-R full-grid C2F-B; F4 × C3,"unet:c2f:B:fine2,4,6:coarse0,5,18,30","[2, 4, 6, 0, 5, 18, 30]",0,PASS,Completed the full matched RGB-D sequence,46.80380223300017,0,,,1305031473.1961,571,571,573,0.9965095986038395,0.1284549263557908,0.11996934303264664,0.11545868020636427,0.2183813010844796,0.04591323161558987,8.003745745951747,7.302254122509088,13.07665276144514,0.013626433309441919,0.2569556295757521,0.6475831139865358,7.305317644822584,0.11698405210659696,0.10397125695555699,1.0655370131002406,0.12115924522087096,0.10812359592044932,1.064158658140631,434,0.121001,0.107942,0.016274,571,7.44039,10.570091999999999,0,0.901,0.992,15430.0,0.002779,0,/home/melody/code/individual_project/channel_selection_results/step_r_c2f_grid_completion/unet/per_dataset/fr1_desk_flashlight/artifacts/unet_c2f_b_fine04_coarse03/replicate_0.all_frames.tum.txt,/home/melody/code/individual_project/channel_selection_results/step_r_c2f_grid_completion/unet/per_dataset/fr1_desk_flashlight/artifacts/unet_c2f_b_fine04_coarse03/replicate_0.keyframes.tum.txt,/home/melody/code/individual_project/channel_selection_results/step_r_c2f_grid_completion/unet/per_dataset/fr1_desk_flashlight/artifacts/unet_c2f_b_fine04_coarse03/replicate_0.log,2026-08-25T17:06:30.247824+00:00
3,fr1_desk_flashlight,fr1_desk,flashlight,Step-R:new,unet_c2f_b_fine04_coarse04,c2f,36,unet_c2f_b_fine04_coarse04,Step-R full-grid C2F-B; F4 × C4,"unet:c2f:B:fine2,4,6:coarse0,5,6,18,30","[2, 4, 6, 0, 5, 6, 18, 30]",0,PASS,Completed the full matched RGB-D sequence,47.142386452999745,0,,,1305031473.1961,571,571,573,0.9965095986038395,0.11603031715631203,0.11140358312444346,0.11579259189779081,0.18629331922277378,0.03243880648898124,7.466931611266076,6.950141503112811,12.017101371945648,0.0127326547136702,0.22750168867449425,0.6903996879468168,9.361939954293526,0.09809779984405867,0.09056633804948029,1.0771622112401178,0.10053080690700238,0.09267695869339611,1.0783153392751548,434,0.100403,0.092535,0.015427,571,7.433372,10.5722165,0,0.898,0.992,15430.0,0.00277,0,/home/melody/code/individual_project/channel_selection_results/step_r_c2f_grid_completion/unet/per_dataset/fr1_desk_flashlight/artifacts/unet_c2f_b_fine04_coarse04/replicate_0.all_frames.tum.txt,/home/melody/code/individual_project/channel_selection_results/step_r_c2f_grid_completion/unet/per_dataset/fr1_desk_flashlight/artifacts/unet_c2f_b_fine04_coarse04/replicate_0.keyframes.tum.txt,/home/melody/code/individual_project/channel_selection_results/step_r_c2f_grid_completion/unet/per_dataset/fr1_desk_flashlight/artifacts/unet_c2f_b_fine04_coarse04/replicate_0.log,2026-08-25T17:07:18.013781+00:00
3,fr1_desk_flashlight,fr1_desk,flashlight,Step-R:new,unet_c2f_b_fine05_coarse01,c2f,37,unet_c2f_b_fine05_coarse01,Step-R full-grid C2F-B; F5 × C1,"unet:c2f:B:fine2,3,7,12,13:coarse5,6,17,18,28,30","[2, 3, 7, 12, 13, 5, 6, 17, 18, 28, 30]",0,PASS,Completed the full matched RGB-D sequence,47.64803100499921,0,,,1305031473.1961,571,571,573,0.9965095986038395,0.10943551289096834,0.10354132541976939,0.10855437697021773,0.19657849212477777,0.0354305717146466,7.271283234593616,6.913293772218135,11.205343987619585,0.009290471083109968,0.10044057444156064,0.7049298315511138,10.018090503132349,0.08837984796705338,0.08217007949544244,1.0805168671995105,0.08532255194978493,0.07948643964827705,1.0844411907111577,427,0.085279,0.079444,0.011153,571,7.736498,9.136285,0,0.897,0.993,80610.0,0.005397,16,/home/melody/code/individual_project/channel_selection_results/step_r_c2f_grid_completion/unet/per_dataset/fr1_desk_flashlight/artifacts/unet_c2f_b_fine05_coarse01/replicate_0.all_frames.tum.txt,/home/melody/code/individual_project/channel_selection_results/step_r_c2f_grid_completion/unet/per_dataset/fr1_desk_flashlight/artifacts/unet_c2f_b_fine05_coarse01/replicate_0.keyframes.tum.txt,/home/melody/code/individual_project/channel_selection_results/step_r_c2f_grid_completion/unet/per_dataset/fr1_desk_flashlight/artifacts/unet_c2f_b_fine05_coarse01/replicate_0.log,2026-08-25T17:08:06.297174+00:00
3,fr1_desk_flashlight,fr1_desk,flashlight,Step-R:new,unet_c2f_b_fine05_coarse02,c2f,38,unet_c2f_b_fine05_coarse02,Step-R full-grid C2F-B; F5 × C2,"unet:c2f:B:fine2,3,7,12,13:coarse0,5,6,17,18,30","[2, 3, 7, 12, 13, 0, 5, 6, 17, 18, 30]",0,PASS,Completed the full matched RGB-D sequence,47.079633876000116,0,,,1305031473.1961,571,571,573,0.9965095986038395,0.11126735646734898,0.10600761416366282,0.10918903204358382,0.2026595596893202,0.03380547817381235,7.2636363900671785,6.922258939177044,11.104756646452008,0.00933815469490729,0.10366045541079133,0.6974646234188436,9.735731561783695,0.09102527043545185,0.08474282861431119,1.0798072145473026,0.08754668589895033,0.08168946159589649,1.0843212419471329,427,0.087526,0.081676,0.011216,571,7.730865,9.135828,0,0.898,0.993,91250.0,0.005375,16,/home/melody/code/individual_project/channel_selection_results/step_r_c2f_grid_completion/unet/per_dataset/fr1_desk_flashlight/artifacts/unet_c2f_b_fine05_coarse02/replicate_0.all_frames.tum.txt,/home/melody/code/individual_project/channel_selection_results/step_r_c2f_grid_completion/unet/per_dataset/fr1_desk_flashlight/artifacts/unet_c2f_b_fine05_coarse02/replicate_0.keyframes.tum.txt,/home/melody/code/individual_project/channel_selection_results/step_r_c2f_grid_completion/unet/per_dataset/fr1_desk_flashlight/artifacts/unet_c2f_b_fine05_coarse02/replicate_0.log,2026-08-25T17:08:54.009610+00:00
3,fr1_desk_flashlight,fr1_desk,flashlight,Step-R:new,unet_c2f_b_fine05_coarse03,c2f,39,unet_c2f_b_fine05_coarse03,Step-R full-grid C2F-B; F5 × C3,"unet:c2f:B:fine2,3,7,12,13:coarse0,5,18,30","[2, 3, 7, 12, 13, 0, 5, 18, 30]",0,PASS,Completed the full matched RGB-D sequence,46.52463949000048,0,,,1305031473.1961,571,571,573,0.9965095986038395,0.11189400349602262,0.10711914315780273,0.10671823831544554,0.18843436747225634,0.032338169204611564,7.615440545194943,7.157230095653098,11.791788054840342,0.00904933836444104,0.08602147111229937,0.7115302937417525,9.862664964888937,0.09236641952943642,0.08492116072427565,1.0786984057025701,0.09094444466982324,0.08375279863533283,1.0809453722065996,427,0.090854,0.083646,0.010782,571,7.730126,9.131654000000001,0,0.897,0.993,74950.0,0.004953,16,/home/melody/code/individual_project/channel_selection_results/step_r_c2f_grid_completion/unet/per_dataset/fr1_desk_flashlight/artifacts/unet_c2f_b_fine05_coarse03/replicate_0.all_frames.tum.txt,/home/melody/code/individual_project/channel_selection_results/step_r_c2f_grid_completion/unet/per_dataset/fr1_desk_flashlight/artifacts/unet_c2f_b_fine05_coarse03/replicate_0.keyframes.tum.txt,/home/melody/code/individual_project/channel_selection_results/step_r_c2f_grid_completion/unet/per_dataset/fr1_desk_flashlight/artifacts/unet_c2f_b_fine05_coarse03/replicate_0.log,2026-08-25T17:09:41.164770+00:00
3,fr1_desk_flashlight,fr1_desk,flashlight,Step-R:new,unet_c2f_b_fine05_coarse04,c2f,40,unet_c2f_b_fine05_coarse04,Step-R full-grid C2F-B; F5 × C4,"unet:c2f:B:fine2,3,7,12,13:coarse0,5,6,18,30","[2, 3, 7, 12, 13, 0, 5, 6, 18, 30]",0,PASS,Completed the full matched RGB-D sequence,47.255852021000464,0,,,1305031473.1961,571,571,573,0.9965095986038395,0.11192827449985022,0.106429104373919,0.10974114451184788,0.2049706643094559,0.0346523357752299,7.375550310145509,7.0396965689164475,11.22661858474755,0.009265986428434816,0.10068961166207478,0.7042529240323937,9.931499949475548,0.09161035543562783,0.0851389190414827,1.0802403184137022,0.08839097228317845,0.08231294678510756,1.0845930371746202,427,0.088362,0.082289,0.011128,571,7.728807,9.138292,0,0.898,0.993,90970.0,0.005389,16,/home/melody/code/individual_project/channel_selection_results/step_r_c2f_grid_completion/unet/per_dataset/fr1_desk_flashlight/artifacts/unet_c2f_b_fine05_coarse04/replicate_0.all_frames.tum.txt,/home/melody/code/individual_project/channel_selection_results/step_r_c2f_grid_completion/unet/per_dataset/fr1_desk_flashlight/artifacts/unet_c2f_b_fine05_coarse04/replicate_0.keyframes.tum.txt,/home/melody/code/individual_project/channel_selection_results/step_r_c2f_grid_completion/unet/per_dataset/fr1_desk_flashlight/artifacts/unet_c2f_b_fine05_coarse04/replicate_0.log,2026-08-25T17:10:29.057415+00:00
4,fr2_desk_clean,fr2_desk,clean,Step-Q:unet_enc0_direct_f1_d02_d03_d07_d12_d13_d14,unet_direct_fine01,direct_fine,4,unet_enc0_direct_f1_d02_d03_d07_d12_d13_d14,Direct fine parent F1: global direct U-Net optimum on fr1/desk_lightswitch.,"unet:direct:enc0:2,3,7,12,13,14","[2, 3, 7, 12, 13, 14]",0,PASS,Completed the full matched RGB-D sequence,155.30487290699966,0,,,1311868263.1855,2891,2221,2893,0.9993086761147598,0.2755405476504295,0.2193969979039195,0.19547303301346589,0.5664580793676756,0.16669598288574972,10.423192684896195,10.005181409884486,15.067786178372558,0.004297447068537141,0.08381992834454606,0.27751367394148496,2.295531498492187,0.25873453187736034,0.2246326616756046,0.9484382709740224,0.056466671353734746,0.03684983545644046,1.025976486678667,469,0.055313,0.034967,0.031569,2891,7.379907,8.674551000000001,0,0.906,1.0,14380.0,0.006062,0,/home/melody/code/individual_project/channel_selection_results/step_q_c2f_multi_dataset_evaluation/unet/per_dataset/fr2_desk_clean/artifacts/unet_enc0_direct_f1_d02_d03_d07_d12_d13_d14/replicate_0.all_frames.tum.txt,/home/melody/code/individual_project/channel_selection_results/step_q_c2f_multi_dataset_evaluation/unet/per_dataset/fr2_desk_clean/artifacts/unet_enc0_direct_f1_d02_d03_d07_d12_d13_d14/replicate_0.keyframes.tum.txt,/home/melody/code/individual_project/channel_selection_results/step_q_c2f_multi_dataset_evaluation/unet/per_dataset/fr2_desk_clean/artifacts/unet_enc0_direct_f1_d02_d03_d07_d12_d13_d14/replicate_0.log,2026-08-23T10:02:02.104344+00:00
4,fr2_desk_clean,fr2_desk,clean,Step-Q:unet_enc0_direct_f2_d03_d07_d12,unet_direct_fine02,direct_fine,5,unet_enc0_direct_f2_d03_d07_d12,Direct fine parent F2: the three-channel near-optimum.,"unet:direct:enc0:3,7,12","[3, 7, 12]",0,PASS,Completed the full matched RGB-D sequence,155.18658990898984,0,,,1311868263.1855,2891,2221,2893,0.9993086761147598,0.25989702489921673,0.20386808865943035,0.17746106820775473,0.5409442344937352,0.16119635845084934,9.77333290204761,9.408369615183107,14.293260101820678,0.003991662366994638,0.06584881479252587,0.2745425722649001,2.040719205780215,0.24230294091327553,0.20869520664899746,0.9488958554403892,0.05154781841527586,0.032285896148444265,1.0199235134555331,469,0.050365,0.030303,0.027988,2891,3.528504,4.225357,0,0.906,1.0,15180.0,0.00828,0,/home/melody/code/individual_project/channel_selection_results/step_q_c2f_multi_dataset_evaluation/unet/per_dataset/fr2_desk_clean/artifacts/unet_enc0_direct_f2_d03_d07_d12/replicate_0.all_frames.tum.txt,/home/melody/code/individual_project/channel_selection_results/step_q_c2f_multi_dataset_evaluation/unet/per_dataset/fr2_desk_clean/artifacts/unet_enc0_direct_f2_d03_d07_d12/replicate_0.keyframes.tum.txt,/home/melody/code/individual_project/channel_selection_results/step_q_c2f_multi_dataset_evaluation/unet/per_dataset/fr2_desk_clean/artifacts/unet_enc0_direct_f2_d03_d07_d12/replicate_0.log,2026-08-23T10:04:38.242519+00:00
4,fr2_desk_clean,fr2_desk,clean,Step-R:new,unet_direct_fine03,direct_fine,1,unet_direct_fine03,Step-R direct fine rank 3,"unet:direct:enc0:2,3,12,14","[2, 3, 12, 14]",0,PASS,Completed the full matched RGB-D sequence,154.28913555000054,0,,,1311868263.1855,2891,2221,2893,0.9993086761147598,0.29679378026616016,0.23694133308787005,0.20618042175045706,0.6101243401544398,0.17873262902788833,11.388798618823554,10.890228722665187,16.282547029376587,0.0045839464441887745,0.09432959807174127,0.27974403420222566,2.5242745072380037,0.28064871035192057,0.24348646190245793,0.9474146812644446,0.05909774870696336,0.03638406960339476,1.0277320243141752,469,0.057912,0.034186,0.035471,2891,5.026674,5.8997455,0,0.906,1.0,11150.0,0.005178,0,/home/melody/code/individual_project/channel_selection_results/step_r_c2f_grid_completion/unet/per_dataset/fr2_desk_clean/artifacts/unet_direct_fine03/replicate_0.all_frames.tum.txt,/home/melody/code/individual_project/channel_selection_results/step_r_c2f_grid_completion/unet/per_dataset/fr2_desk_clean/artifacts/unet_direct_fine03/replicate_0.keyframes.tum.txt,/home/melody/code/individual_project/channel_selection_results/step_r_c2f_grid_completion/unet/per_dataset/fr2_desk_clean/artifacts/unet_direct_fine03/replicate_0.log,2026-08-25T17:13:04.662302+00:00
4,fr2_desk_clean,fr2_desk,clean,Step-R:new,unet_direct_fine04,direct_fine,2,unet_direct_fine04,Step-R direct fine rank 4,"unet:direct:enc0:2,4,6","[2, 4, 6]",0,PASS,Completed the full matched RGB-D sequence,154.54085472400038,0,,,1311868263.1855,2891,2221,2893,0.9993086761147598,0.255012646286206,0.2028051702281062,0.1712364769609774,0.4902577286008665,0.1546011406641053,9.87635719083822,9.466523044903035,13.909069833409966,0.0041070778701781125,0.09182175349360584,0.2791717435653399,2.248690967913456,0.2407123106871877,0.20831742968474487,0.9539853264703644,0.05580914448190415,0.039247211561241516,1.0246564406142729,469,0.055547,0.038283,0.031232,2891,5.941306,7.269234,0,0.902,1.0,9733.0,0.006475,0,/home/melody/code/individual_project/channel_selection_results/step_r_c2f_grid_completion/unet/per_dataset/fr2_desk_clean/artifacts/unet_direct_fine04/replicate_0.all_frames.tum.txt,/home/melody/code/individual_project/channel_selection_results/step_r_c2f_grid_completion/unet/per_dataset/fr2_desk_clean/artifacts/unet_direct_fine04/replicate_0.keyframes.tum.txt,/home/melody/code/individual_project/channel_selection_results/step_r_c2f_grid_completion/unet/per_dataset/fr2_desk_clean/artifacts/unet_direct_fine04/replicate_0.log,2026-08-25T17:15:40.116668+00:00
4,fr2_desk_clean,fr2_desk,clean,Step-Q:unet_enc0_direct_f5_d02_d03_d07_d12_d13,unet_direct_fine05,direct_fine,6,unet_enc0_direct_f5_d02_d03_d07_d12_d13,"Direct fine parent F5, included because it has the clearest positive C2F synergy.","unet:direct:enc0:2,3,7,12,13","[2, 3, 7, 12, 13]",0,PASS,Completed the full matched RGB-D sequence,155.1051996279857,0,,,1311868263.1855,2891,2221,2893,0.9993086761147598,0.2574401874565383,0.20310183295811568,0.17965754620064905,0.5275046769881383,0.15819322225276036,9.631460758434228,9.253316968796632,14.115851843668914,0.004020328466359138,0.07364301736443576,0.2757004414867251,2.149066651454169,0.24016601362634493,0.2074836650118732,0.9495675769129145,0.05371056430137999,0.03585923137034462,1.0224055940340375,469,0.052442,0.033883,0.028914,2891,6.393524,7.47828,0,0.906,1.0,13920.0,0.008436,0,/home/melody/code/individual_project/channel_selection_results/step_q_c2f_multi_dataset_evaluation/unet/per_dataset/fr2_desk_clean/artifacts/unet_enc0_direct_f5_d02_d03_d07_d12_d13/replicate_0.all_frames.tum.txt,/home/melody/code/individual_project/channel_selection_results/step_q_c2f_multi_dataset_evaluation/unet/per_dataset/fr2_desk_clean/artifacts/unet_enc0_direct_f5_d02_d03_d07_d12_d13/replicate_0.keyframes.tum.txt,/home/melody/code/individual_project/channel_selection_results/step_q_c2f_multi_dataset_evaluation/unet/per_dataset/fr2_desk_clean/artifacts/unet_enc0_direct_f5_d02_d03_d07_d12_d13/replicate_0.log,2026-08-23T10:07:14.285728+00:00
4,fr2_desk_clean,fr2_desk,clean,Step-R:new,unet_direct_coarse01,direct_coarse,3,unet_direct_coarse01,Step-R direct coarse rank 1,"unet:direct:enc1:5,6,17,18,28,30","[5, 6, 17, 18, 28, 30]",0,PASS,Completed the full matched RGB-D sequence,181.97011121099968,0,,,1311868263.1855,2891,2221,2893,0.9993086761147598,0.4666854826010144,0.3870289109175772,0.324011442666203,0.9814767373233542,0.2607756924724692,17.213062949629645,16.12957367832735,25.555495653764876,0.007145349009792323,0.21358803770544682,0.2842442391487286,2.503272471045769,0.4476124470094778,0.39476363645378204,0.9280885031231285,0.08902164155228731,0.05098128479574488,1.0836626238979963,470,0.088305,0.048043,0.065774,2891,16.8759,24.3441115,0,0.906,1.0,6410.0,0.007738,34,/home/melody/code/individual_project/channel_selection_results/step_r_c2f_grid_completion/unet/per_dataset/fr2_desk_clean/artifacts/unet_direct_coarse01/replicate_0.all_frames.tum.txt,/home/melody/code/individual_project/channel_selection_results/step_r_c2f_grid_completion/unet/per_dataset/fr2_desk_clean/artifacts/unet_direct_coarse01/replicate_0.keyframes.tum.txt,/home/melody/code/individual_project/channel_selection_results/step_r_c2f_grid_completion/unet/per_dataset/fr2_desk_clean/artifacts/unet_direct_coarse01/replicate_0.log,2026-08-25T17:18:43.004163+00:00
4,fr2_desk_clean,fr2_desk,clean,Step-Q:unet_enc1_direct_c2_d00_d05_d06_d17_d18_d30,unet_direct_coarse02,direct_coarse,3,unet_enc1_direct_c2_d00_d05_d06_d17_d18_d30,"Direct coarse parent C2, needed to interpret the C2F-B schedule contrast.","unet:direct:enc1:0,5,6,17,18,30","[0, 5, 6, 17, 18, 30]",0,PASS,Completed the full matched RGB-D sequence,180.424194850988,0,,,1311868263.1855,2891,2221,2893,0.9993086761147598,0.38971503459783063,0.31691008381262376,0.27314221200478384,0.8508085225626791,0.22681668141797712,14.313281529131972,13.466448357006895,22.693709160215832,0.0058474563688886766,0.14889937677428092,0.2802869386552876,2.1586341385287913,0.37201538026664693,0.3241683265152912,0.9368429933109914,0.07839432318822112,0.04899133503386206,1.071719377219522,469,0.077332,0.046297,0.052417,2891,11.995017,15.115236500000002,0,0.9,1.0,9225.0,0.011372,62,/home/melody/code/individual_project/channel_selection_results/step_q_c2f_multi_dataset_evaluation/unet/per_dataset/fr2_desk_clean/artifacts/unet_enc1_direct_c2_d00_d05_d06_d17_d18_d30/replicate_0.all_frames.tum.txt,/home/melody/code/individual_project/channel_selection_results/step_q_c2f_multi_dataset_evaluation/unet/per_dataset/fr2_desk_clean/artifacts/unet_enc1_direct_c2_d00_d05_d06_d17_d18_d30/replicate_0.keyframes.tum.txt,/home/melody/code/individual_project/channel_selection_results/step_q_c2f_multi_dataset_evaluation/unet/per_dataset/fr2_desk_clean/artifacts/unet_enc1_direct_c2_d00_d05_d06_d17_d18_d30/replicate_0.log,2026-08-23T09:59:25.867996+00:00
4,fr2_desk_clean,fr2_desk,clean,Step-R:new,unet_direct_coarse03,direct_coarse,4,unet_direct_coarse03,Step-R direct coarse rank 3,"unet:direct:enc1:0,5,18,30","[0, 5, 18, 30]",0,PASS,Completed the full matched RGB-D sequence,172.81320737899932,0,,,1311868263.1855,2891,2221,2893,0.9993086761147598,0.47251341866640645,0.382059225360578,0.2946344881954049,1.0419006070104222,0.2780281984560015,17.720296636500038,16.529704369445227,28.746602101792195,0.006797170117221864,0.17558426149908804,0.28973277131535086,3.283898881969233,0.4536098447874415,0.3947260831897801,0.9278950898263615,0.1013206332975146,0.06400756030717603,1.0940201011167512,471,0.099927,0.06023,0.065039,2891,6.456114,7.718797,0,0.9,1.0,9493.0,0.010201,58,/home/melody/code/individual_project/channel_selection_results/step_r_c2f_grid_completion/unet/per_dataset/fr2_desk_clean/artifacts/unet_direct_coarse03/replicate_0.all_frames.tum.txt,/home/melody/code/individual_project/channel_selection_results/step_r_c2f_grid_completion/unet/per_dataset/fr2_desk_clean/artifacts/unet_direct_coarse03/replicate_0.keyframes.tum.txt,/home/melody/code/individual_project/channel_selection_results/step_r_c2f_grid_completion/unet/per_dataset/fr2_desk_clean/artifacts/unet_direct_coarse03/replicate_0.log,2026-08-25T17:21:36.732394+00:00
4,fr2_desk_clean,fr2_desk,clean,Step-Q:unet_enc1_direct_c4_d00_d05_d06_d18_d30,unet_direct_coarse04,direct_coarse,2,unet_enc1_direct_c4_d00_d05_d06_d18_d30,"Direct coarse parent C4, selected because it participates in the strongest U-Net C2F results.","unet:direct:enc1:0,5,6,18,30","[0, 5, 6, 18, 30]",0,PASS,Completed the full matched RGB-D sequence,176.97683274000883,0,,,1311868263.1855,2891,2221,2893,0.9993086761147598,0.41386665024452,0.3385692553541998,0.28333204740404694,0.8977283853277314,0.23802618241177273,15.718063782519126,14.810642834422447,23.81346396542319,0.006337468841156428,0.17029271849534416,0.2831340954692756,2.580933665352814,0.39795098494433523,0.34776319866675776,0.9378939744879653,0.0849249323808317,0.05317416541894623,1.0728316233634552,471,0.083669,0.04984,0.057719,2891,9.371896,11.336715,0,0.906,1.0,8633.0,0.011101,54,/home/melody/code/individual_project/channel_selection_results/step_q_c2f_multi_dataset_evaluation/unet/per_dataset/fr2_desk_clean/artifacts/unet_enc1_direct_c4_d00_d05_d06_d18_d30/replicate_0.all_frames.tum.txt,/home/melody/code/individual_project/channel_selection_results/step_q_c2f_multi_dataset_evaluation/unet/per_dataset/fr2_desk_clean/artifacts/unet_enc1_direct_c4_d00_d05_d06_d18_d30/replicate_0.keyframes.tum.txt,/home/melody/code/individual_project/channel_selection_results/step_q_c2f_multi_dataset_evaluation/unet/per_dataset/fr2_desk_clean/artifacts/unet_enc1_direct_c4_d00_d05_d06_d18_d30/replicate_0.log,2026-08-23T09:56:24.516673+00:00
4,fr2_desk_clean,fr2_desk,clean,Step-R:new,unet_c2f_a_fine01_coarse01,c2f,5,unet_c2f_a_fine01_coarse01,Step-R full-grid C2F-A; F1 × C1,"unet:c2f:A:fine2,3,7,12,13,14:coarse5,6,17,18,28,30","[2, 3, 7, 12, 13, 14, 5, 6, 17, 18, 28, 30]",0,PASS,Completed the full matched RGB-D sequence,175.92908054300005,0,,,1311868263.1855,2891,2221,2893,0.9993086761147598,0.3017293711420597,0.24278312648997513,0.22093473630605803,0.6242294378779796,0.1791562639193382,11.332386912497148,10.851401279108092,16.133599927495418,0.00470889800701597,0.09997371904512584,0.2793944565359357,2.186601281258267,0.28448883417714504,0.24809210347921873,0.9453484115564594,0.05914940509972065,0.03697500763895026,1.0297172564779085,469,0.058125,0.035007,0.035711,2891,7.372755,8.665298,0,0.906,1.0,14360.0,0.013993,0,/home/melody/code/individual_project/channel_selection_results/step_r_c2f_grid_completion/unet/per_dataset/fr2_desk_clean/artifacts/unet_c2f_a_fine01_coarse01/replicate_0.all_frames.tum.txt,/home/melody/code/individual_project/channel_selection_results/step_r_c2f_grid_completion/unet/per_dataset/fr2_desk_clean/artifacts/unet_c2f_a_fine01_coarse01/replicate_0.keyframes.tum.txt,/home/melody/code/individual_project/channel_selection_results/step_r_c2f_grid_completion/unet/per_dataset/fr2_desk_clean/artifacts/unet_c2f_a_fine01_coarse01/replicate_0.log,2026-08-25T17:24:33.586677+00:00
4,fr2_desk_clean,fr2_desk,clean,Step-R:new,unet_c2f_a_fine01_coarse02,c2f,6,unet_c2f_a_fine01_coarse02,Step-R full-grid C2F-A; F1 × C2,"unet:c2f:A:fine2,3,7,12,13,14:coarse0,5,6,17,18,30","[2, 3, 7, 12, 13, 14, 0, 5, 6, 17, 18, 30]",0,PASS,Completed the full matched RGB-D sequence,169.40408444700006,0,,,1311868263.1855,2891,2221,2893,0.9993086761147598,0.2885425339632822,0.23178889286303062,0.2136726822160099,0.5976854302635873,0.17184499716687238,10.892423031045643,10.434085078313197,15.420457644960829,0.0044589777107727074,0.09265187338333654,0.27621749555615843,2.122664848998377,0.2717163925327327,0.2369548685284381,0.9471780297265346,0.05598147719380274,0.03563731965699382,1.0260099831845013,469,0.054879,0.033678,0.032918,2891,7.375007,8.534536,0,0.906,1.0,14360.0,0.013439,0,/home/melody/code/individual_project/channel_selection_results/step_r_c2f_grid_completion/unet/per_dataset/fr2_desk_clean/artifacts/unet_c2f_a_fine01_coarse02/replicate_0.all_frames.tum.txt,/home/melody/code/individual_project/channel_selection_results/step_r_c2f_grid_completion/unet/per_dataset/fr2_desk_clean/artifacts/unet_c2f_a_fine01_coarse02/replicate_0.keyframes.tum.txt,/home/melody/code/individual_project/channel_selection_results/step_r_c2f_grid_completion/unet/per_dataset/fr2_desk_clean/artifacts/unet_c2f_a_fine01_coarse02/replicate_0.log,2026-08-25T17:27:23.924090+00:00
4,fr2_desk_clean,fr2_desk,clean,Step-R:new,unet_c2f_a_fine01_coarse03,c2f,7,unet_c2f_a_fine01_coarse03,Step-R full-grid C2F-A; F1 × C3,"unet:c2f:A:fine2,3,7,12,13,14:coarse0,5,18,30","[2, 3, 7, 12, 13, 14, 0, 5, 18, 30]",0,PASS,Completed the full matched RGB-D sequence,169.06364751799993,0,,,1311868263.1855,2891,2221,2893,0.9993086761147598,0.3008450936432975,0.24011618637573046,0.21137017734202543,0.626711881939311,0.18125117216067854,11.386604987003793,10.8665054632283,16.351565688388433,0.0046475142854329405,0.09365834359855926,0.2789531325425332,2.2696109817912564,0.2840693918041604,0.2467974117427218,0.946108977568159,0.059712505169338397,0.03732417377470463,1.0297221530648795,469,0.058457,0.034994,0.035421,2891,7.374237,8.654459500000002,0,0.906,1.0,14380.0,0.015403,0,/home/melody/code/individual_project/channel_selection_results/step_r_c2f_grid_completion/unet/per_dataset/fr2_desk_clean/artifacts/unet_c2f_a_fine01_coarse03/replicate_0.all_frames.tum.txt,/home/melody/code/individual_project/channel_selection_results/step_r_c2f_grid_completion/unet/per_dataset/fr2_desk_clean/artifacts/unet_c2f_a_fine01_coarse03/replicate_0.keyframes.tum.txt,/home/melody/code/individual_project/channel_selection_results/step_r_c2f_grid_completion/unet/per_dataset/fr2_desk_clean/artifacts/unet_c2f_a_fine01_coarse03/replicate_0.log,2026-08-25T17:30:13.908589+00:00
4,fr2_desk_clean,fr2_desk,clean,Step-Q:unet_c2f_a_f1_c4_negative_high_parent,unet_c2f_a_fine01_coarse04,c2f,7,unet_c2f_a_f1_c4_negative_high_parent,C2F-A negative control: on fr1 lightswitch it is worse than the globally best direct fine parent F1.,"unet:c2f:A:fine2,3,7,12,13,14:coarse0,5,6,18,30","[2, 3, 7, 12, 13, 14, 0, 5, 6, 18, 30]",0,PASS,Completed the full matched RGB-D sequence,172.37712254800135,0,,,1311868263.1855,2891,2221,2893,0.9993086761147598,0.2878702062630938,0.23059888613714186,0.21017830138998947,0.5972874336361553,0.17231775696737014,10.970419870524964,10.496924984568667,15.549938082786412,0.004497703676040888,0.09152015917169148,0.2764241696049638,2.1942953724392638,0.27145170604708047,0.2362796723426213,0.9478307635540347,0.05684419289294033,0.035860577764029435,1.0266404693473021,469,0.055636,0.033662,0.033757,2891,7.378317,8.675999000000001,0,0.906,1.0,14410.0,0.014556,0,/home/melody/code/individual_project/channel_selection_results/step_q_c2f_multi_dataset_evaluation/unet/per_dataset/fr2_desk_clean/artifacts/unet_c2f_a_f1_c4_negative_high_parent/replicate_0.all_frames.tum.txt,/home/melody/code/individual_project/channel_selection_results/step_q_c2f_multi_dataset_evaluation/unet/per_dataset/fr2_desk_clean/artifacts/unet_c2f_a_f1_c4_negative_high_parent/replicate_0.keyframes.tum.txt,/home/melody/code/individual_project/channel_selection_results/step_q_c2f_multi_dataset_evaluation/unet/per_dataset/fr2_desk_clean/artifacts/unet_c2f_a_f1_c4_negative_high_parent/replicate_0.log,2026-08-23T10:10:07.612270+00:00
4,fr2_desk_clean,fr2_desk,clean,Step-R:new,unet_c2f_a_fine02_coarse01,c2f,8,unet_c2f_a_fine02_coarse01,Step-R full-grid C2F-A; F2 × C1,"unet:c2f:A:fine3,7,12:coarse5,6,17,18,28,30","[3, 7, 12, 5, 6, 17, 18, 28, 30]",0,PASS,Completed the full matched RGB-D sequence,175.11616026800039,0,,,1311868263.1855,2891,2221,2893,0.9993086761147598,0.28985464092789254,0.23145087213895343,0.2020353032098724,0.6035884884241594,0.17448841409547894,10.900696322200686,10.470743704498805,15.479875734872286,0.004677325282165288,0.08987955057695322,0.2799075632648359,2.022663045607115,0.2727016884599228,0.23683962346415446,0.9465869107940316,0.05554590209216482,0.033077810183598184,1.0237886165732297,469,0.054551,0.030978,0.033636,2891,3.522907,4.205683,0,0.906,1.0,14940.0,0.010687,0,/home/melody/code/individual_project/channel_selection_results/step_r_c2f_grid_completion/unet/per_dataset/fr2_desk_clean/artifacts/unet_c2f_a_fine02_coarse01/replicate_0.all_frames.tum.txt,/home/melody/code/individual_project/channel_selection_results/step_r_c2f_grid_completion/unet/per_dataset/fr2_desk_clean/artifacts/unet_c2f_a_fine02_coarse01/replicate_0.keyframes.tum.txt,/home/melody/code/individual_project/channel_selection_results/step_r_c2f_grid_completion/unet/per_dataset/fr2_desk_clean/artifacts/unet_c2f_a_fine02_coarse01/replicate_0.log,2026-08-25T17:33:09.943152+00:00
4,fr2_desk_clean,fr2_desk,clean,Step-R:new,unet_c2f_a_fine02_coarse02,c2f,9,unet_c2f_a_fine02_coarse02,Step-R full-grid C2F-A; F2 × C2,"unet:c2f:A:fine3,7,12:coarse0,5,6,17,18,30","[3, 7, 12, 0, 5, 6, 17, 18, 30]",0,PASS,Completed the full matched RGB-D sequence,170.3590214730002,0,,,1311868263.1855,2891,2221,2893,0.9993086761147598,0.26852425678284314,0.21300309139386306,0.19319059039701894,0.564353958605337,0.1635082858372502,10.16594241663778,9.788053667864773,14.666512530213483,0.004209504205745348,0.07252742118752324,0.27654920013813855,2.0065789165348797,0.2512176514434193,0.21750948874228912,0.9484257527763552,0.05257825327420757,0.032877409311133324,1.0222748511911757,470,0.051527,0.030942,0.02938,2891,3.527671,4.215374499999999,0,0.906,1.0,15170.0,0.010903,0,/home/melody/code/individual_project/channel_selection_results/step_r_c2f_grid_completion/unet/per_dataset/fr2_desk_clean/artifacts/unet_c2f_a_fine02_coarse02/replicate_0.all_frames.tum.txt,/home/melody/code/individual_project/channel_selection_results/step_r_c2f_grid_completion/unet/per_dataset/fr2_desk_clean/artifacts/unet_c2f_a_fine02_coarse02/replicate_0.keyframes.tum.txt,/home/melody/code/individual_project/channel_selection_results/step_r_c2f_grid_completion/unet/per_dataset/fr2_desk_clean/artifacts/unet_c2f_a_fine02_coarse02/replicate_0.log,2026-08-25T17:36:01.217800+00:00
4,fr2_desk_clean,fr2_desk,clean,Step-R:new,unet_c2f_a_fine02_coarse03,c2f,10,unet_c2f_a_fine02_coarse03,Step-R full-grid C2F-A; F2 × C3,"unet:c2f:A:fine3,7,12:coarse0,5,18,30","[3, 7, 12, 0, 5, 18, 30]",0,PASS,Completed the full matched RGB-D sequence,170.2064382819999,0,,,1311868263.1855,2891,2221,2893,0.9993086761147598,0.30034677226219747,0.23930844163109372,0.20831230715497462,0.6295505430850628,0.18149284661500506,11.253568208590378,10.778249340721526,15.967531234809949,0.004600784072618326,0.0938907741780419,0.2769961990591227,2.1325442677909323,0.2832770942920674,0.245723964449414,0.9457249205215827,0.05770573987147244,0.03421286481079791,1.0250124691436866,469,0.056684,0.031978,0.035291,2891,3.525018,4.215954,0,0.906,1.0,15010.0,0.012535,0,/home/melody/code/individual_project/channel_selection_results/step_r_c2f_grid_completion/unet/per_dataset/fr2_desk_clean/artifacts/unet_c2f_a_fine02_coarse03/replicate_0.all_frames.tum.txt,/home/melody/code/individual_project/channel_selection_results/step_r_c2f_grid_completion/unet/per_dataset/fr2_desk_clean/artifacts/unet_c2f_a_fine02_coarse03/replicate_0.keyframes.tum.txt,/home/melody/code/individual_project/channel_selection_results/step_r_c2f_grid_completion/unet/per_dataset/fr2_desk_clean/artifacts/unet_c2f_a_fine02_coarse03/replicate_0.log,2026-08-25T17:38:52.345107+00:00
4,fr2_desk_clean,fr2_desk,clean,Step-Q:unet_c2f_a_f2_c4_global_best,unet_c2f_a_fine02_coarse04,c2f,8,unet_c2f_a_f2_c4_global_best,C2F-A global U-Net C2F optimum on fr1 lightswitch; compare against both direct parents.,"unet:c2f:A:fine3,7,12:coarse0,5,6,18,30","[3, 7, 12, 0, 5, 6, 18, 30]",0,PASS,Completed the full matched RGB-D sequence,172.08587606600486,0,,,1311868263.1855,2891,2221,2893,0.9993086761147598,0.28180401039465464,0.22584889348079124,0.20642420147418272,0.5909730551569563,0.16854013643050372,10.792585460773902,10.370423588282428,15.059777289017804,0.004464491682679806,0.08786252792046266,0.27625310418990134,2.053467863082187,0.2653184407851105,0.23088584092213715,0.9483000259712131,0.05337582223488848,0.03221216008640151,1.0220765043188396,469,0.052406,0.030273,0.031955,2891,3.527014,4.2130445000000005,0,0.906,1.0,15180.0,0.012257,0,/home/melody/code/individual_project/channel_selection_results/step_q_c2f_multi_dataset_evaluation/unet/per_dataset/fr2_desk_clean/artifacts/unet_c2f_a_f2_c4_global_best/replicate_0.all_frames.tum.txt,/home/melody/code/individual_project/channel_selection_results/step_q_c2f_multi_dataset_evaluation/unet/per_dataset/fr2_desk_clean/artifacts/unet_c2f_a_f2_c4_global_best/replicate_0.keyframes.tum.txt,/home/melody/code/individual_project/channel_selection_results/step_q_c2f_multi_dataset_evaluation/unet/per_dataset/fr2_desk_clean/artifacts/unet_c2f_a_f2_c4_global_best/replicate_0.log,2026-08-23T10:13:00.642746+00:00
4,fr2_desk_clean,fr2_desk,clean,Step-R:new,unet_c2f_a_fine03_coarse01,c2f,11,unet_c2f_a_fine03_coarse01,Step-R full-grid C2F-A; F3 × C1,"unet:c2f:A:fine2,3,12,14:coarse5,6,17,18,28,30","[2, 3, 12, 14, 5, 6, 17, 18, 28, 30]",0,PASS,Completed the full matched RGB-D sequence,176.51863670399962,0,,,1311868263.1855,2891,2221,2893,0.9993086761147598,0.31484360992110627,0.2551179228020213,0.2251617449885019,0.6468698950882886,0.184502965215564,11.977991062513025,11.4623691024764,16.79002426924999,0.004869739703477012,0.10804707593227626,0.2797494894495225,2.330956408326185,0.2984584165657536,0.26079304122678965,0.945426459054282,0.06078848022631902,0.03622938814198723,1.028934558159243,469,0.059698,0.033935,0.038414,2891,5.030774,5.888617999999999,0,0.906,1.0,11090.0,0.010725,0,/home/melody/code/individual_project/channel_selection_results/step_r_c2f_grid_completion/unet/per_dataset/fr2_desk_clean/artifacts/unet_c2f_a_fine03_coarse01/replicate_0.all_frames.tum.txt,/home/melody/code/individual_project/channel_selection_results/step_r_c2f_grid_completion/unet/per_dataset/fr2_desk_clean/artifacts/unet_c2f_a_fine03_coarse01/replicate_0.keyframes.tum.txt,/home/melody/code/individual_project/channel_selection_results/step_r_c2f_grid_completion/unet/per_dataset/fr2_desk_clean/artifacts/unet_c2f_a_fine03_coarse01/replicate_0.log,2026-08-25T17:41:49.779368+00:00
4,fr2_desk_clean,fr2_desk,clean,Step-R:new,unet_c2f_a_fine03_coarse02,c2f,12,unet_c2f_a_fine03_coarse02,Step-R full-grid C2F-A; F3 × C2,"unet:c2f:A:fine2,3,12,14:coarse0,5,6,17,18,30","[2, 3, 12, 14, 0, 5, 6, 17, 18, 30]",0,PASS,Completed the full matched RGB-D sequence,173.45203389800008,0,,,1311868263.1855,2891,2221,2893,0.9993086761147598,0.29597754336998977,0.2381757491018893,0.2160868736289336,0.6158485802637572,0.1757128871741855,11.326623144345083,10.847744229667452,16.22578450059512,0.004570227667611971,0.09692063175452062,0.27692233179028797,2.3187541437021633,0.27933179552129134,0.24367066688576489,0.9467482324279042,0.05769082694993096,0.03560359671955615,1.0278229278998612,469,0.056489,0.033337,0.034682,2891,5.02878,5.916024999999999,0,0.906,1.0,11120.0,0.010263,0,/home/melody/code/individual_project/channel_selection_results/step_r_c2f_grid_completion/unet/per_dataset/fr2_desk_clean/artifacts/unet_c2f_a_fine03_coarse02/replicate_0.all_frames.tum.txt,/home/melody/code/individual_project/channel_selection_results/step_r_c2f_grid_completion/unet/per_dataset/fr2_desk_clean/artifacts/unet_c2f_a_fine03_coarse02/replicate_0.keyframes.tum.txt,/home/melody/code/individual_project/channel_selection_results/step_r_c2f_grid_completion/unet/per_dataset/fr2_desk_clean/artifacts/unet_c2f_a_fine03_coarse02/replicate_0.log,2026-08-25T17:44:44.145739+00:00
4,fr2_desk_clean,fr2_desk,clean,Step-R:new,unet_c2f_a_fine03_coarse03,c2f,13,unet_c2f_a_fine03_coarse03,Step-R full-grid C2F-A; F3 × C3,"unet:c2f:A:fine2,3,12,14:coarse0,5,18,30","[2, 3, 12, 14, 0, 5, 18, 30]",0,PASS,Completed the full matched RGB-D sequence,169.16121006200046,0,,,1311868263.1855,2891,2221,2893,0.9993086761147598,0.31984577801948394,0.2581967045576431,0.22675367291407822,0.6620443581876149,0.18877442483679338,12.205753122980694,11.651756322536441,17.27407357461973,0.004883097196361009,0.10901031135400993,0.27830600160152374,2.418081278431829,0.30373343310573586,0.2649696013853279,0.9454037585583153,0.061856349121512194,0.036937291332134185,1.0306052087741004,469,0.060716,0.034503,0.038735,2891,5.027864,5.874194,0,0.906,1.0,11150.0,0.01028,0,/home/melody/code/individual_project/channel_selection_results/step_r_c2f_grid_completion/unet/per_dataset/fr2_desk_clean/artifacts/unet_c2f_a_fine03_coarse03/replicate_0.all_frames.tum.txt,/home/melody/code/individual_project/channel_selection_results/step_r_c2f_grid_completion/unet/per_dataset/fr2_desk_clean/artifacts/unet_c2f_a_fine03_coarse03/replicate_0.keyframes.tum.txt,/home/melody/code/individual_project/channel_selection_results/step_r_c2f_grid_completion/unet/per_dataset/fr2_desk_clean/artifacts/unet_c2f_a_fine03_coarse03/replicate_0.log,2026-08-25T17:47:34.252414+00:00
4,fr2_desk_clean,fr2_desk,clean,Step-R:new,unet_c2f_a_fine03_coarse04,c2f,14,unet_c2f_a_fine03_coarse04,Step-R full-grid C2F-A; F3 × C4,"unet:c2f:A:fine2,3,12,14:coarse0,5,6,18,30","[2, 3, 12, 14, 0, 5, 6, 18, 30]",0,PASS,Completed the full matched RGB-D sequence,169.74770181500026,0,,,1311868263.1855,2891,2221,2893,0.9993086761147598,0.30662843173622645,0.24809395434350662,0.2246361397671857,0.6371938407126527,0.18019540773066264,11.80365931802318,11.307542282808715,16.564494483302784,0.004833841147948885,0.10789906370988094,0.2786645885920706,2.386230642091737,0.29031290126357684,0.2538750597807466,0.9462687096952849,0.058929117046996,0.035692573873994375,1.0274870482411236,469,0.057806,0.033412,0.036516,2891,5.032629,5.9034949999999995,0,0.906,1.0,11130.0,0.010887,0,/home/melody/code/individual_project/channel_selection_results/step_r_c2f_grid_completion/unet/per_dataset/fr2_desk_clean/artifacts/unet_c2f_a_fine03_coarse04/replicate_0.all_frames.tum.txt,/home/melody/code/individual_project/channel_selection_results/step_r_c2f_grid_completion/unet/per_dataset/fr2_desk_clean/artifacts/unet_c2f_a_fine03_coarse04/replicate_0.keyframes.tum.txt,/home/melody/code/individual_project/channel_selection_results/step_r_c2f_grid_completion/unet/per_dataset/fr2_desk_clean/artifacts/unet_c2f_a_fine03_coarse04/replicate_0.log,2026-08-25T17:50:24.916739+00:00
4,fr2_desk_clean,fr2_desk,clean,Step-R:new,unet_c2f_a_fine04_coarse01,c2f,15,unet_c2f_a_fine04_coarse01,Step-R full-grid C2F-A; F4 × C1,"unet:c2f:A:fine2,4,6:coarse5,6,17,18,28,30","[2, 4, 6, 5, 6, 17, 18, 28, 30]",0,PASS,Completed the full matched RGB-D sequence,181.12464625099892,0,,,1311868263.1855,2891,2221,2893,0.9993086761147598,0.2851919392956127,0.23038211478111315,0.20824769956696085,0.5652464055245573,0.16810271689706396,10.922493521497454,10.448609063711404,15.44843571362971,0.004591357097047593,0.10342010704906744,0.28126436404692734,2.1300755344206093,0.2693709535654056,0.23538702040989495,0.9489561145543902,0.05368036597934484,0.03343185764824743,1.0247859864600828,470,0.052958,0.031822,0.033329,2891,5.942271,7.136144,0,0.902,1.0,9702.0,0.015147,0,/home/melody/code/individual_project/channel_selection_results/step_r_c2f_grid_completion/unet/per_dataset/fr2_desk_clean/artifacts/unet_c2f_a_fine04_coarse01/replicate_0.all_frames.tum.txt,/home/melody/code/individual_project/channel_selection_results/step_r_c2f_grid_completion/unet/per_dataset/fr2_desk_clean/artifacts/unet_c2f_a_fine04_coarse01/replicate_0.keyframes.tum.txt,/home/melody/code/individual_project/channel_selection_results/step_r_c2f_grid_completion/unet/per_dataset/fr2_desk_clean/artifacts/unet_c2f_a_fine04_coarse01/replicate_0.log,2026-08-25T17:53:26.950237+00:00
4,fr2_desk_clean,fr2_desk,clean,Step-R:new,unet_c2f_a_fine04_coarse02,c2f,16,unet_c2f_a_fine04_coarse02,Step-R full-grid C2F-A; F4 × C2,"unet:c2f:A:fine2,4,6:coarse0,5,6,17,18,30","[2, 4, 6, 0, 5, 6, 17, 18, 30]",0,PASS,Completed the full matched RGB-D sequence,174.58221073000095,0,,,1311868263.1855,2891,2221,2893,0.9993086761147598,0.26959231350808666,0.21477778592788516,0.19449204709009285,0.5447163401720391,0.16294329742139751,10.289725946308018,9.84438395205815,14.51542493835913,0.004227089363982221,0.0884295354713197,0.27851022819368326,2.0620150749847066,0.2537723662617269,0.22002059325620868,0.9504052821878184,0.05218399772461318,0.03331448960031219,1.0260805104692299,469,0.051665,0.031973,0.030693,2891,5.947394,7.152202,0,0.907,1.0,9682.0,0.013059,0,/home/melody/code/individual_project/channel_selection_results/step_r_c2f_grid_completion/unet/per_dataset/fr2_desk_clean/artifacts/unet_c2f_a_fine04_coarse02/replicate_0.all_frames.tum.txt,/home/melody/code/individual_project/channel_selection_results/step_r_c2f_grid_completion/unet/per_dataset/fr2_desk_clean/artifacts/unet_c2f_a_fine04_coarse02/replicate_0.keyframes.tum.txt,/home/melody/code/individual_project/channel_selection_results/step_r_c2f_grid_completion/unet/per_dataset/fr2_desk_clean/artifacts/unet_c2f_a_fine04_coarse02/replicate_0.log,2026-08-25T17:56:22.448017+00:00
4,fr2_desk_clean,fr2_desk,clean,Step-R:new,unet_c2f_a_fine04_coarse03,c2f,17,unet_c2f_a_fine04_coarse03,Step-R full-grid C2F-A; F4 × C3,"unet:c2f:A:fine2,4,6:coarse0,5,18,30","[2, 4, 6, 0, 5, 18, 30]",0,PASS,Completed the full matched RGB-D sequence,174.63382636500137,0,,,1311868263.1855,2891,2221,2893,0.9993086761147598,0.2845962536790065,0.22681045644147108,0.1941199722507727,0.578780400834309,0.1719070808807391,10.995649290883774,10.480296511621495,15.661983254678566,0.004552796383977064,0.09724219367860792,0.2823668735994944,2.2626920530387378,0.26963128333684666,0.23355450287856408,0.9502998049864669,0.055793585223390264,0.03454959667905423,1.0301139945096165,469,0.055105,0.032781,0.033622,2891,5.942528,7.290169000000001,0,0.906,1.0,9938.0,0.014147,0,/home/melody/code/individual_project/channel_selection_results/step_r_c2f_grid_completion/unet/per_dataset/fr2_desk_clean/artifacts/unet_c2f_a_fine04_coarse03/replicate_0.all_frames.tum.txt,/home/melody/code/individual_project/channel_selection_results/step_r_c2f_grid_completion/unet/per_dataset/fr2_desk_clean/artifacts/unet_c2f_a_fine04_coarse03/replicate_0.keyframes.tum.txt,/home/melody/code/individual_project/channel_selection_results/step_r_c2f_grid_completion/unet/per_dataset/fr2_desk_clean/artifacts/unet_c2f_a_fine04_coarse03/replicate_0.log,2026-08-25T17:59:18.003201+00:00
4,fr2_desk_clean,fr2_desk,clean,Step-R:new,unet_c2f_a_fine04_coarse04,c2f,18,unet_c2f_a_fine04_coarse04,Step-R full-grid C2F-A; F4 × C4,"unet:c2f:A:fine2,4,6:coarse0,5,6,18,30","[2, 4, 6, 0, 5, 6, 18, 30]",0,PASS,Completed the full matched RGB-D sequence,174.0157926209995,0,,,1311868263.1855,2891,2221,2893,0.9993086761147598,0.27197450436415754,0.21903687997212615,0.20113029937675,0.5508165237912501,0.16122337372789827,10.536554693765897,10.100449894175554,14.827313323388834,0.0043263108503336515,0.09469774384567042,0.278078889668947,2.1266839298459117,0.2568682720662489,0.22376270282309513,0.9512290446300545,0.0517218460722836,0.032889859297620484,1.0243542747594174,469,0.051081,0.031348,0.031128,2891,5.94594,7.1951045,0,0.902,1.0,9627.0,0.013165,0,/home/melody/code/individual_project/channel_selection_results/step_r_c2f_grid_completion/unet/per_dataset/fr2_desk_clean/artifacts/unet_c2f_a_fine04_coarse04/replicate_0.all_frames.tum.txt,/home/melody/code/individual_project/channel_selection_results/step_r_c2f_grid_completion/unet/per_dataset/fr2_desk_clean/artifacts/unet_c2f_a_fine04_coarse04/replicate_0.keyframes.tum.txt,/home/melody/code/individual_project/channel_selection_results/step_r_c2f_grid_completion/unet/per_dataset/fr2_desk_clean/artifacts/unet_c2f_a_fine04_coarse04/replicate_0.log,2026-08-25T18:02:12.922742+00:00
4,fr2_desk_clean,fr2_desk,clean,Step-R:new,unet_c2f_a_fine05_coarse01,c2f,19,unet_c2f_a_fine05_coarse01,Step-R full-grid C2F-A; F5 × C1,"unet:c2f:A:fine2,3,7,12,13:coarse5,6,17,18,28,30","[2, 3, 7, 12, 13, 5, 6, 17, 18, 28, 30]",0,PASS,Completed the full matched RGB-D sequence,177.11765299800027,0,,,1311868263.1855,2891,2221,2893,0.9993086761147598,0.27669780279221606,0.22066968132789927,0.19569811582443786,0.5719119163296178,0.16693281826136966,10.395646123916187,9.953509397343549,14.928255874795305,0.004594610121970928,0.08802063816945599,0.2825572055891852,2.0847135544412336,0.2595841178077002,0.22567677533253028,0.9478967952170707,0.05459450769566088,0.03478140177948086,1.0236148745971092,469,0.053542,0.032906,0.032039,2891,6.38675,7.473461,0,0.906,1.0,13870.0,0.015509,0,/home/melody/code/individual_project/channel_selection_results/step_r_c2f_grid_completion/unet/per_dataset/fr2_desk_clean/artifacts/unet_c2f_a_fine05_coarse01/replicate_0.all_frames.tum.txt,/home/melody/code/individual_project/channel_selection_results/step_r_c2f_grid_completion/unet/per_dataset/fr2_desk_clean/artifacts/unet_c2f_a_fine05_coarse01/replicate_0.keyframes.tum.txt,/home/melody/code/individual_project/channel_selection_results/step_r_c2f_grid_completion/unet/per_dataset/fr2_desk_clean/artifacts/unet_c2f_a_fine05_coarse01/replicate_0.log,2026-08-25T18:05:10.958153+00:00
4,fr2_desk_clean,fr2_desk,clean,Step-R:new,unet_c2f_a_fine05_coarse02,c2f,20,unet_c2f_a_fine05_coarse02,Step-R full-grid C2F-A; F5 × C2,"unet:c2f:A:fine2,3,7,12,13:coarse0,5,6,17,18,30","[2, 3, 7, 12, 13, 0, 5, 6, 17, 18, 30]",0,PASS,Completed the full matched RGB-D sequence,171.4806867619991,0,,,1311868263.1855,2891,2221,2893,0.9993086761147598,0.2694388633189438,0.2139692655092109,0.19198079784012104,0.5623811320229168,0.16375119689349835,10.093778910655537,9.673428677627445,14.679368832725226,0.004293039097761775,0.08367282946651908,0.276231598362762,2.0240706084146898,0.2520136304376603,0.21869783335016857,0.9481745245216427,0.05377725694516905,0.034766419798748324,1.022401915633073,469,0.052645,0.032846,0.030595,2891,6.390124,7.4804955,0,0.906,1.0,13890.0,0.014092,0,/home/melody/code/individual_project/channel_selection_results/step_r_c2f_grid_completion/unet/per_dataset/fr2_desk_clean/artifacts/unet_c2f_a_fine05_coarse02/replicate_0.all_frames.tum.txt,/home/melody/code/individual_project/channel_selection_results/step_r_c2f_grid_completion/unet/per_dataset/fr2_desk_clean/artifacts/unet_c2f_a_fine05_coarse02/replicate_0.keyframes.tum.txt,/home/melody/code/individual_project/channel_selection_results/step_r_c2f_grid_completion/unet/per_dataset/fr2_desk_clean/artifacts/unet_c2f_a_fine05_coarse02/replicate_0.log,2026-08-25T18:08:03.343913+00:00
4,fr2_desk_clean,fr2_desk,clean,Step-R:new,unet_c2f_a_fine05_coarse03,c2f,21,unet_c2f_a_fine05_coarse03,Step-R full-grid C2F-A; F5 × C3,"unet:c2f:A:fine2,3,7,12,13:coarse0,5,18,30","[2, 3, 7, 12, 13, 0, 5, 18, 30]",0,PASS,Completed the full matched RGB-D sequence,170.85981427200022,0,,,1311868263.1855,2891,2221,2893,0.9993086761147598,0.28486593604030275,0.22727110863381442,0.2041379863163561,0.5916045859347848,0.1717452901726123,10.786804883048596,10.324546783922209,15.352160181666903,0.004534841654319249,0.0854025292210521,0.2782331295874676,2.16540922597615,0.2683596634452147,0.2330505874112599,0.9479832980150416,0.0566834673501575,0.036064065888452394,1.0263068289259951,469,0.055618,0.034064,0.033052,2891,6.386323,7.4883075,0,0.906,1.0,13890.0,0.011908,0,/home/melody/code/individual_project/channel_selection_results/step_r_c2f_grid_completion/unet/per_dataset/fr2_desk_clean/artifacts/unet_c2f_a_fine05_coarse03/replicate_0.all_frames.tum.txt,/home/melody/code/individual_project/channel_selection_results/step_r_c2f_grid_completion/unet/per_dataset/fr2_desk_clean/artifacts/unet_c2f_a_fine05_coarse03/replicate_0.keyframes.tum.txt,/home/melody/code/individual_project/channel_selection_results/step_r_c2f_grid_completion/unet/per_dataset/fr2_desk_clean/artifacts/unet_c2f_a_fine05_coarse03/replicate_0.log,2026-08-25T18:10:55.113769+00:00
4,fr2_desk_clean,fr2_desk,clean,Step-Q:unet_c2f_a_f5_c4_positive_synergy,unet_c2f_a_fine05_coarse04,c2f,9,unet_c2f_a_f5_c4_positive_synergy,C2F-A positive synergy case: 12.8% lower fr1-lightswitch ATE than direct F5.,"unet:c2f:A:fine2,3,7,12,13:coarse0,5,6,18,30","[2, 3, 7, 12, 13, 0, 5, 6, 18, 30]",0,PASS,Completed the full matched RGB-D sequence,172.73578962599277,0,,,1311868263.1855,2891,2221,2893,0.9993086761147598,0.26917989833354034,0.21352301496285014,0.19262108706608766,0.5624582341146646,0.16390771717045416,10.158757814187924,9.749354159060973,14.815122932797857,0.004252864586083576,0.07790969018840439,0.27667963081125063,2.1070059943746404,0.25220451309514996,0.21867595342701712,0.9488157951339994,0.05390683105370163,0.03532578125891195,1.0246112700080652,469,0.052545,0.033151,0.029702,2891,6.390337,7.3676885,0,0.906,1.0,13900.0,0.010702,0,/home/melody/code/individual_project/channel_selection_results/step_q_c2f_multi_dataset_evaluation/unet/per_dataset/fr2_desk_clean/artifacts/unet_c2f_a_f5_c4_positive_synergy/replicate_0.all_frames.tum.txt,/home/melody/code/individual_project/channel_selection_results/step_q_c2f_multi_dataset_evaluation/unet/per_dataset/fr2_desk_clean/artifacts/unet_c2f_a_f5_c4_positive_synergy/replicate_0.keyframes.tum.txt,/home/melody/code/individual_project/channel_selection_results/step_q_c2f_multi_dataset_evaluation/unet/per_dataset/fr2_desk_clean/artifacts/unet_c2f_a_f5_c4_positive_synergy/replicate_0.log,2026-08-23T10:15:54.309149+00:00
4,fr2_desk_clean,fr2_desk,clean,Step-R:new,unet_c2f_b_fine01_coarse01,c2f,22,unet_c2f_b_fine01_coarse01,Step-R full-grid C2F-B; F1 × C1,"unet:c2f:B:fine2,3,7,12,13,14:coarse5,6,17,18,28,30","[2, 3, 7, 12, 13, 14, 5, 6, 17, 18, 28, 30]",0,PASS,Completed the full matched RGB-D sequence,165.4762977749997,0,,,1311868263.1855,2891,2221,2893,0.9993086761147598,0.2834339474336381,0.22758939247082383,0.20738383607527597,0.5830822481342776,0.16893155712469954,10.708144437848377,10.279705027830728,15.250577108023345,0.004405505953396077,0.09157839463542336,0.2766411087459084,2.244212663657492,0.26675038067791346,0.23251014052310834,0.947862666176374,0.057255612568680135,0.037037866320562045,1.0267101618485646,469,0.056157,0.035175,0.032842,2891,7.37959,8.6772425,0,0.906,1.0,14360.0,0.0061,0,/home/melody/code/individual_project/channel_selection_results/step_r_c2f_grid_completion/unet/per_dataset/fr2_desk_clean/artifacts/unet_c2f_b_fine01_coarse01/replicate_0.all_frames.tum.txt,/home/melody/code/individual_project/channel_selection_results/step_r_c2f_grid_completion/unet/per_dataset/fr2_desk_clean/artifacts/unet_c2f_b_fine01_coarse01/replicate_0.keyframes.tum.txt,/home/melody/code/individual_project/channel_selection_results/step_r_c2f_grid_completion/unet/per_dataset/fr2_desk_clean/artifacts/unet_c2f_b_fine01_coarse01/replicate_0.log,2026-08-25T18:13:41.508297+00:00
4,fr2_desk_clean,fr2_desk,clean,Step-R:new,unet_c2f_b_fine01_coarse02,c2f,23,unet_c2f_b_fine01_coarse02,Step-R full-grid C2F-B; F1 × C2,"unet:c2f:B:fine2,3,7,12,13,14:coarse0,5,6,17,18,30","[2, 3, 7, 12, 13, 14, 0, 5, 6, 17, 18, 30]",0,PASS,Completed the full matched RGB-D sequence,161.85429334699984,0,,,1311868263.1855,2891,2221,2893,0.9993086761147598,0.27553595861469354,0.21941900218470886,0.19699684298635886,0.5666785650753715,0.16665943108622697,10.457763851611999,10.0292388357234,15.095652794902687,0.004247330469731988,0.08455741052106282,0.27658243522052156,2.2751697164766096,0.25871624797151543,0.22474961914301173,0.9484194737548134,0.0564389880475767,0.036766746727144764,1.0258479561921072,469,0.055285,0.034874,0.031655,2891,7.378884,8.685513,0,0.906,1.0,14360.0,0.006105,0,/home/melody/code/individual_project/channel_selection_results/step_r_c2f_grid_completion/unet/per_dataset/fr2_desk_clean/artifacts/unet_c2f_b_fine01_coarse02/replicate_0.all_frames.tum.txt,/home/melody/code/individual_project/channel_selection_results/step_r_c2f_grid_completion/unet/per_dataset/fr2_desk_clean/artifacts/unet_c2f_b_fine01_coarse02/replicate_0.keyframes.tum.txt,/home/melody/code/individual_project/channel_selection_results/step_r_c2f_grid_completion/unet/per_dataset/fr2_desk_clean/artifacts/unet_c2f_b_fine01_coarse02/replicate_0.log,2026-08-25T18:16:24.291966+00:00
4,fr2_desk_clean,fr2_desk,clean,Step-R:new,unet_c2f_b_fine01_coarse03,c2f,24,unet_c2f_b_fine01_coarse03,Step-R full-grid C2F-B; F1 × C3,"unet:c2f:B:fine2,3,7,12,13,14:coarse0,5,18,30","[2, 3, 7, 12, 13, 14, 0, 5, 18, 30]",0,PASS,Completed the full matched RGB-D sequence,163.56452193900077,0,,,1311868263.1855,2891,2221,2893,0.9993086761147598,0.2842102499631357,0.22730477591864373,0.20336716836919375,0.5836225568580666,0.17061068263354218,10.755688227586509,10.311935362745963,15.345495141369703,0.004400932418351643,0.09096498656694306,0.277120403973739,2.2968674966952443,0.26750803343642676,0.2327403811282102,0.9477628767022178,0.057532799799281206,0.03704945515540123,1.0264151924352005,469,0.056429,0.035155,0.033128,2891,7.379223,8.6746895,0,0.906,1.0,14340.0,0.006144,0,/home/melody/code/individual_project/channel_selection_results/step_r_c2f_grid_completion/unet/per_dataset/fr2_desk_clean/artifacts/unet_c2f_b_fine01_coarse03/replicate_0.all_frames.tum.txt,/home/melody/code/individual_project/channel_selection_results/step_r_c2f_grid_completion/unet/per_dataset/fr2_desk_clean/artifacts/unet_c2f_b_fine01_coarse03/replicate_0.keyframes.tum.txt,/home/melody/code/individual_project/channel_selection_results/step_r_c2f_grid_completion/unet/per_dataset/fr2_desk_clean/artifacts/unet_c2f_b_fine01_coarse03/replicate_0.log,2026-08-25T18:19:08.769171+00:00
4,fr2_desk_clean,fr2_desk,clean,Step-R:new,unet_c2f_b_fine01_coarse04,c2f,25,unet_c2f_b_fine01_coarse04,Step-R full-grid C2F-B; F1 × C4,"unet:c2f:B:fine2,3,7,12,13,14:coarse0,5,6,18,30","[2, 3, 7, 12, 13, 14, 0, 5, 6, 18, 30]",0,PASS,Completed the full matched RGB-D sequence,162.91862946000037,0,,,1311868263.1855,2891,2221,2893,0.9993086761147598,0.2724719207613531,0.216060854969474,0.19207495992462392,0.5604747782683864,0.16600799544974026,10.360841975782575,9.927939820142056,15.057507567634186,0.004198463052029952,0.07980643168023564,0.27720383204400834,2.2738353115333325,0.255667459580591,0.22156698056373444,0.9487348484736425,0.056269214174020706,0.0368137493856104,1.0261698467058866,469,0.05508,0.034906,0.031185,2891,7.377718,8.688388499999999,0,0.906,1.0,14360.0,0.006023,0,/home/melody/code/individual_project/channel_selection_results/step_r_c2f_grid_completion/unet/per_dataset/fr2_desk_clean/artifacts/unet_c2f_b_fine01_coarse04/replicate_0.all_frames.tum.txt,/home/melody/code/individual_project/channel_selection_results/step_r_c2f_grid_completion/unet/per_dataset/fr2_desk_clean/artifacts/unet_c2f_b_fine01_coarse04/replicate_0.keyframes.tum.txt,/home/melody/code/individual_project/channel_selection_results/step_r_c2f_grid_completion/unet/per_dataset/fr2_desk_clean/artifacts/unet_c2f_b_fine01_coarse04/replicate_0.log,2026-08-25T18:21:52.593521+00:00
4,fr2_desk_clean,fr2_desk,clean,Step-R:new,unet_c2f_b_fine02_coarse01,c2f,26,unet_c2f_b_fine02_coarse01,Step-R full-grid C2F-B; F2 × C1,"unet:c2f:B:fine3,7,12:coarse5,6,17,18,28,30","[3, 7, 12, 5, 6, 17, 18, 28, 30]",0,PASS,Completed the full matched RGB-D sequence,165.04208350800036,0,,,1311868263.1855,2891,2221,2893,0.9993086761147598,0.2610019301279037,0.20526526390670294,0.18009515066381876,0.5427469032644652,0.16120849532143985,9.885700110925143,9.513226629033774,14.273672104438385,0.004045951048756383,0.06855036106850589,0.2745919360186134,2.0054820651538816,0.24369881740974433,0.21025724893854258,0.9491736377732235,0.05166210137884203,0.03239829121551432,1.0202419466929125,469,0.050483,0.030416,0.028512,2891,3.530244,4.221944,0,0.906,1.0,15100.0,0.008217,0,/home/melody/code/individual_project/channel_selection_results/step_r_c2f_grid_completion/unet/per_dataset/fr2_desk_clean/artifacts/unet_c2f_b_fine02_coarse01/replicate_0.all_frames.tum.txt,/home/melody/code/individual_project/channel_selection_results/step_r_c2f_grid_completion/unet/per_dataset/fr2_desk_clean/artifacts/unet_c2f_b_fine02_coarse01/replicate_0.keyframes.tum.txt,/home/melody/code/individual_project/channel_selection_results/step_r_c2f_grid_completion/unet/per_dataset/fr2_desk_clean/artifacts/unet_c2f_b_fine02_coarse01/replicate_0.log,2026-08-25T18:24:38.552742+00:00
4,fr2_desk_clean,fr2_desk,clean,Step-Q:unet_c2f_b_f2_c2_variant_contrast,unet_c2f_b_fine02_coarse02,c2f,10,unet_c2f_b_f2_c2_variant_contrast,"C2F-B schedule contrast: on fr1 lightswitch it is worse than direct F2, despite the same fine scale family.","unet:c2f:B:fine3,7,12:coarse0,5,6,17,18,30","[3, 7, 12, 0, 5, 6, 17, 18, 30]",0,PASS,Completed the full matched RGB-D sequence,163.1349030089914,0,,,1311868263.1855,2891,2221,2893,0.9993086761147598,0.261204336708568,0.2055152455939045,0.17928406077166326,0.5436035910581345,0.16121783196607029,9.884680027398034,9.51486291480439,14.278159678609262,0.00403107136096619,0.06834512866474687,0.27457176520756194,2.008716375963677,0.2439466675567944,0.21045477936720952,0.949214589280035,0.05174349565500349,0.03241726816057745,1.020213087286593,469,0.050556,0.030422,0.028584,2891,3.530298,4.224371,0,0.906,1.0,15100.0,0.008277,0,/home/melody/code/individual_project/channel_selection_results/step_q_c2f_multi_dataset_evaluation/unet/per_dataset/fr2_desk_clean/artifacts/unet_c2f_b_f2_c2_variant_contrast/replicate_0.all_frames.tum.txt,/home/melody/code/individual_project/channel_selection_results/step_q_c2f_multi_dataset_evaluation/unet/per_dataset/fr2_desk_clean/artifacts/unet_c2f_b_f2_c2_variant_contrast/replicate_0.keyframes.tum.txt,/home/melody/code/individual_project/channel_selection_results/step_q_c2f_multi_dataset_evaluation/unet/per_dataset/fr2_desk_clean/artifacts/unet_c2f_b_f2_c2_variant_contrast/replicate_0.log,2026-08-23T10:18:38.371654+00:00
4,fr2_desk_clean,fr2_desk,clean,Step-R:new,unet_c2f_b_fine02_coarse03,c2f,27,unet_c2f_b_fine02_coarse03,Step-R full-grid C2F-B; F2 × C3,"unet:c2f:B:fine3,7,12:coarse0,5,18,30","[3, 7, 12, 0, 5, 18, 30]",0,PASS,Completed the full matched RGB-D sequence,161.64315501999954,0,,,1311868263.1855,2891,2221,2893,0.9993086761147598,0.2633781149848871,0.20764815289128893,0.18267204384000132,0.550477952177814,0.1620193693785664,9.951197808422211,9.58397330433947,14.430245109435823,0.004063364662018296,0.06998187322793009,0.2746581429397757,2.0035140757717853,0.2460554135353238,0.21235631794451812,0.9489114214679537,0.05212505966017429,0.03264845625578825,1.02093536501565,469,0.050936,0.030643,0.028795,2891,3.530124,4.221276,0,0.906,1.0,15090.0,0.00871,0,/home/melody/code/individual_project/channel_selection_results/step_r_c2f_grid_completion/unet/per_dataset/fr2_desk_clean/artifacts/unet_c2f_b_fine02_coarse03/replicate_0.all_frames.tum.txt,/home/melody/code/individual_project/channel_selection_results/step_r_c2f_grid_completion/unet/per_dataset/fr2_desk_clean/artifacts/unet_c2f_b_fine02_coarse03/replicate_0.keyframes.tum.txt,/home/melody/code/individual_project/channel_selection_results/step_r_c2f_grid_completion/unet/per_dataset/fr2_desk_clean/artifacts/unet_c2f_b_fine02_coarse03/replicate_0.log,2026-08-25T18:27:21.113932+00:00
4,fr2_desk_clean,fr2_desk,clean,Step-R:new,unet_c2f_b_fine02_coarse04,c2f,28,unet_c2f_b_fine02_coarse04,Step-R full-grid C2F-B; F2 × C4,"unet:c2f:B:fine3,7,12:coarse0,5,6,18,30","[3, 7, 12, 0, 5, 6, 18, 30]",0,PASS,Completed the full matched RGB-D sequence,161.92076750999877,0,,,1311868263.1855,2891,2221,2893,0.9993086761147598,0.2556263040363563,0.2008801589975324,0.17679538812592913,0.5327510789370179,0.1580884848317984,9.735534497991548,9.372478988691912,14.109772372897016,0.0039678091693347295,0.06485639418281466,0.27485254322986663,2.013355436332936,0.23826339689039885,0.20550025908961606,0.9496315144459917,0.050912955701624324,0.03215241242842539,1.0195590448844458,469,0.049693,0.030162,0.02764,2891,3.531818,4.227088999999999,0,0.906,1.0,15100.0,0.008278,0,/home/melody/code/individual_project/channel_selection_results/step_r_c2f_grid_completion/unet/per_dataset/fr2_desk_clean/artifacts/unet_c2f_b_fine02_coarse04/replicate_0.all_frames.tum.txt,/home/melody/code/individual_project/channel_selection_results/step_r_c2f_grid_completion/unet/per_dataset/fr2_desk_clean/artifacts/unet_c2f_b_fine02_coarse04/replicate_0.keyframes.tum.txt,/home/melody/code/individual_project/channel_selection_results/step_r_c2f_grid_completion/unet/per_dataset/fr2_desk_clean/artifacts/unet_c2f_b_fine02_coarse04/replicate_0.log,2026-08-25T18:30:03.947208+00:00
4,fr2_desk_clean,fr2_desk,clean,Step-R:new,unet_c2f_b_fine03_coarse01,c2f,29,unet_c2f_b_fine03_coarse01,Step-R full-grid C2F-B; F3 × C1,"unet:c2f:B:fine2,3,12,14:coarse5,6,17,18,28,30","[2, 3, 12, 14, 5, 6, 17, 18, 28, 30]",0,PASS,Completed the full matched RGB-D sequence,165.27119446799952,0,,,1311868263.1855,2891,2221,2893,0.9993086761147598,0.30224547276079544,0.24213012878620926,0.21131955031466618,0.6222772758492313,0.1809014276847213,11.560878090982342,11.054958736452493,16.411893695765404,0.004642247939874991,0.09769499248533271,0.27941250960046365,2.520853440855876,0.2858247106044798,0.24843036791825368,0.9465071549673825,0.059622495364608674,0.036424112299280324,1.0277716417992644,469,0.058457,0.034217,0.036183,2891,5.027503,5.9062304999999995,0,0.906,1.0,11120.0,0.004979,0,/home/melody/code/individual_project/channel_selection_results/step_r_c2f_grid_completion/unet/per_dataset/fr2_desk_clean/artifacts/unet_c2f_b_fine03_coarse01/replicate_0.all_frames.tum.txt,/home/melody/code/individual_project/channel_selection_results/step_r_c2f_grid_completion/unet/per_dataset/fr2_desk_clean/artifacts/unet_c2f_b_fine03_coarse01/replicate_0.keyframes.tum.txt,/home/melody/code/individual_project/channel_selection_results/step_r_c2f_grid_completion/unet/per_dataset/fr2_desk_clean/artifacts/unet_c2f_b_fine03_coarse01/replicate_0.log,2026-08-25T18:32:50.123446+00:00
4,fr2_desk_clean,fr2_desk,clean,Step-R:new,unet_c2f_b_fine03_coarse02,c2f,30,unet_c2f_b_fine03_coarse02,Step-R full-grid C2F-B; F3 × C2,"unet:c2f:B:fine2,3,12,14:coarse0,5,6,17,18,30","[2, 3, 12, 14, 0, 5, 6, 17, 18, 30]",0,PASS,Completed the full matched RGB-D sequence,162.59905531599907,0,,,1311868263.1855,2891,2221,2893,0.9993086761147598,0.29429465223771345,0.2344904467669358,0.20499618041443993,0.6052205376193434,0.1778301794149675,11.317964340698289,10.820558256961359,16.160889913566095,0.004486248512320403,0.09120996406375506,0.2786411987451191,2.5642533022146865,0.2780012603712588,0.24120477214271752,0.947422063910378,0.05892233531251945,0.036112935193052226,1.0265406045917238,469,0.057745,0.03391,0.03525,2891,5.01799,5.9081265,0,0.906,1.0,11120.0,0.004937,0,/home/melody/code/individual_project/channel_selection_results/step_r_c2f_grid_completion/unet/per_dataset/fr2_desk_clean/artifacts/unet_c2f_b_fine03_coarse02/replicate_0.all_frames.tum.txt,/home/melody/code/individual_project/channel_selection_results/step_r_c2f_grid_completion/unet/per_dataset/fr2_desk_clean/artifacts/unet_c2f_b_fine03_coarse02/replicate_0.keyframes.tum.txt,/home/melody/code/individual_project/channel_selection_results/step_r_c2f_grid_completion/unet/per_dataset/fr2_desk_clean/artifacts/unet_c2f_b_fine03_coarse02/replicate_0.log,2026-08-25T18:35:33.637917+00:00
4,fr2_desk_clean,fr2_desk,clean,Step-R:new,unet_c2f_b_fine03_coarse03,c2f,31,unet_c2f_b_fine03_coarse03,Step-R full-grid C2F-B; F3 × C3,"unet:c2f:B:fine2,3,12,14:coarse0,5,18,30","[2, 3, 12, 14, 0, 5, 18, 30]",0,PASS,Completed the full matched RGB-D sequence,162.70014245400125,0,,,1311868263.1855,2891,2221,2893,0.9993086761147598,0.30392427150164264,0.2446805659168555,0.21635787532283812,0.6258444053031873,0.18028140078890983,11.648273505322033,11.150952060450303,16.482197410421605,0.00468770819529741,0.10025337164966251,0.2795255923453792,2.4990730478412044,0.2878618525798094,0.2506934437481605,0.9468951401146534,0.06023671095578167,0.03655964832436387,1.0276959386044613,469,0.059107,0.034336,0.037062,2891,5.020589,5.903152,0,0.906,1.0,11110.0,0.004919,0,/home/melody/code/individual_project/channel_selection_results/step_r_c2f_grid_completion/unet/per_dataset/fr2_desk_clean/artifacts/unet_c2f_b_fine03_coarse03/replicate_0.all_frames.tum.txt,/home/melody/code/individual_project/channel_selection_results/step_r_c2f_grid_completion/unet/per_dataset/fr2_desk_clean/artifacts/unet_c2f_b_fine03_coarse03/replicate_0.keyframes.tum.txt,/home/melody/code/individual_project/channel_selection_results/step_r_c2f_grid_completion/unet/per_dataset/fr2_desk_clean/artifacts/unet_c2f_b_fine03_coarse03/replicate_0.log,2026-08-25T18:38:17.267655+00:00
4,fr2_desk_clean,fr2_desk,clean,Step-R:new,unet_c2f_b_fine03_coarse04,c2f,32,unet_c2f_b_fine03_coarse04,Step-R full-grid C2F-B; F3 × C4,"unet:c2f:B:fine2,3,12,14:coarse0,5,6,18,30","[2, 3, 12, 14, 0, 5, 6, 18, 30]",0,PASS,Completed the full matched RGB-D sequence,163.31038088099922,0,,,1311868263.1855,2891,2221,2893,0.9993086761147598,0.30160532166094106,0.2425805264384008,0.21549124708042802,0.6208592065705346,0.17922181297785167,11.547284235068872,11.051706426310144,16.351048174006234,0.004637307409209292,0.09967245277269818,0.2786679246494444,2.503182058489865,0.2853774302636301,0.24866957328439385,0.9468541898418837,0.05909505172078334,0.0359619994587711,1.0266348945633075,469,0.05793,0.033762,0.035992,2891,5.028699,5.8995675,0,0.906,1.0,11120.0,0.004677,0,/home/melody/code/individual_project/channel_selection_results/step_r_c2f_grid_completion/unet/per_dataset/fr2_desk_clean/artifacts/unet_c2f_b_fine03_coarse04/replicate_0.all_frames.tum.txt,/home/melody/code/individual_project/channel_selection_results/step_r_c2f_grid_completion/unet/per_dataset/fr2_desk_clean/artifacts/unet_c2f_b_fine03_coarse04/replicate_0.keyframes.tum.txt,/home/melody/code/individual_project/channel_selection_results/step_r_c2f_grid_completion/unet/per_dataset/fr2_desk_clean/artifacts/unet_c2f_b_fine03_coarse04/replicate_0.log,2026-08-25T18:41:01.497116+00:00
4,fr2_desk_clean,fr2_desk,clean,Step-R:new,unet_c2f_b_fine04_coarse01,c2f,33,unet_c2f_b_fine04_coarse01,Step-R full-grid C2F-B; F4 × C1,"unet:c2f:B:fine2,4,6:coarse5,6,17,18,28,30","[2, 4, 6, 5, 6, 17, 18, 28, 30]",0,PASS,Completed the full matched RGB-D sequence,170.77449863199945,0,,,1311868263.1855,2891,2221,2893,0.9993086761147598,0.2558372761320541,0.20406815659934416,0.17918821511784097,0.48948175169636643,0.1543013263741256,9.847078441956091,9.443041869272749,13.646801767896246,0.004151887739110988,0.09509344854875316,0.27896109676220027,2.2010906248295536,0.24080091637351658,0.20935615228098897,0.9528294678695871,0.054098956069695885,0.03746936506644411,1.0216356870076382,469,0.053829,0.036474,0.030382,2891,5.939991,7.2622365,0,0.907,1.0,9703.0,0.0067,0,/home/melody/code/individual_project/channel_selection_results/step_r_c2f_grid_completion/unet/per_dataset/fr2_desk_clean/artifacts/unet_c2f_b_fine04_coarse01/replicate_0.all_frames.tum.txt,/home/melody/code/individual_project/channel_selection_results/step_r_c2f_grid_completion/unet/per_dataset/fr2_desk_clean/artifacts/unet_c2f_b_fine04_coarse01/replicate_0.keyframes.tum.txt,/home/melody/code/individual_project/channel_selection_results/step_r_c2f_grid_completion/unet/per_dataset/fr2_desk_clean/artifacts/unet_c2f_b_fine04_coarse01/replicate_0.log,2026-08-25T18:43:53.178769+00:00
4,fr2_desk_clean,fr2_desk,clean,Step-R:new,unet_c2f_b_fine04_coarse02,c2f,34,unet_c2f_b_fine04_coarse02,Step-R full-grid C2F-B; F4 × C2,"unet:c2f:B:fine2,4,6:coarse0,5,6,17,18,30","[2, 4, 6, 0, 5, 6, 17, 18, 30]",0,PASS,Completed the full matched RGB-D sequence,167.30870767499982,0,,,1311868263.1855,2891,2221,2893,0.9993086761147598,0.2547556452474084,0.20347726078019054,0.1807002648631311,0.4891284922869724,0.1532887573529569,9.792302233790124,9.401594430301923,13.535428906130797,0.004080406715244817,0.09242243376695075,0.2783081218733785,2.252177241802695,0.2398461983219575,0.2085286821755141,0.9531148456422697,0.05365914908033717,0.03705232724982576,1.021692961676892,469,0.053354,0.036025,0.030124,2891,5.937036,7.2650775,0,0.907,1.0,9624.0,0.006591,0,/home/melody/code/individual_project/channel_selection_results/step_r_c2f_grid_completion/unet/per_dataset/fr2_desk_clean/artifacts/unet_c2f_b_fine04_coarse02/replicate_0.all_frames.tum.txt,/home/melody/code/individual_project/channel_selection_results/step_r_c2f_grid_completion/unet/per_dataset/fr2_desk_clean/artifacts/unet_c2f_b_fine04_coarse02/replicate_0.keyframes.tum.txt,/home/melody/code/individual_project/channel_selection_results/step_r_c2f_grid_completion/unet/per_dataset/fr2_desk_clean/artifacts/unet_c2f_b_fine04_coarse02/replicate_0.log,2026-08-25T18:46:41.409578+00:00
4,fr2_desk_clean,fr2_desk,clean,Step-R:new,unet_c2f_b_fine04_coarse03,c2f,35,unet_c2f_b_fine04_coarse03,Step-R full-grid C2F-B; F4 × C3,"unet:c2f:B:fine2,4,6:coarse0,5,18,30","[2, 4, 6, 0, 5, 18, 30]",0,PASS,Completed the full matched RGB-D sequence,168.40242160400157,0,,,1311868263.1855,2891,2221,2893,0.9993086761147598,0.25628102924171325,0.2045010684205152,0.18118167280952863,0.49375243468045155,0.1544644909487603,9.906161014568113,9.499269746413873,13.739655248318691,0.0041526843866461,0.09310348917055791,0.27886105764273084,2.2451444422515174,0.24146658995883716,0.20985513958800991,0.9531103022865479,0.05402655890194247,0.03713588085172971,1.0233307153112488,469,0.053704,0.036077,0.03052,2891,5.939203,7.2703695,0,0.907,1.0,9735.0,0.005018,0,/home/melody/code/individual_project/channel_selection_results/step_r_c2f_grid_completion/unet/per_dataset/fr2_desk_clean/artifacts/unet_c2f_b_fine04_coarse03/replicate_0.all_frames.tum.txt,/home/melody/code/individual_project/channel_selection_results/step_r_c2f_grid_completion/unet/per_dataset/fr2_desk_clean/artifacts/unet_c2f_b_fine04_coarse03/replicate_0.keyframes.tum.txt,/home/melody/code/individual_project/channel_selection_results/step_r_c2f_grid_completion/unet/per_dataset/fr2_desk_clean/artifacts/unet_c2f_b_fine04_coarse03/replicate_0.log,2026-08-25T18:49:30.732372+00:00
4,fr2_desk_clean,fr2_desk,clean,Step-R:new,unet_c2f_b_fine04_coarse04,c2f,36,unet_c2f_b_fine04_coarse04,Step-R full-grid C2F-B; F4 × C4,"unet:c2f:B:fine2,4,6:coarse0,5,6,18,30","[2, 4, 6, 0, 5, 6, 18, 30]",0,PASS,Completed the full matched RGB-D sequence,167.15446697199877,0,,,1311868263.1855,2891,2221,2893,0.9993086761147598,0.2526279266214947,0.20135755890040505,0.17851513211899447,0.48529840982975364,0.1525647494762313,9.749645478846585,9.355540104982186,13.47594929042513,0.004106403545178931,0.09191942868793027,0.27930302382076794,2.214731992625279,0.23762790776566006,0.20649910047364722,0.9531844364562211,0.05311993062554449,0.036605173260162445,1.0212077981127246,469,0.052793,0.03556,0.029713,2891,5.937704,7.270129000000001,0,0.907,1.0,9696.0,0.007326,0,/home/melody/code/individual_project/channel_selection_results/step_r_c2f_grid_completion/unet/per_dataset/fr2_desk_clean/artifacts/unet_c2f_b_fine04_coarse04/replicate_0.all_frames.tum.txt,/home/melody/code/individual_project/channel_selection_results/step_r_c2f_grid_completion/unet/per_dataset/fr2_desk_clean/artifacts/unet_c2f_b_fine04_coarse04/replicate_0.keyframes.tum.txt,/home/melody/code/individual_project/channel_selection_results/step_r_c2f_grid_completion/unet/per_dataset/fr2_desk_clean/artifacts/unet_c2f_b_fine04_coarse04/replicate_0.log,2026-08-25T18:52:18.807209+00:00
4,fr2_desk_clean,fr2_desk,clean,Step-R:new,unet_c2f_b_fine05_coarse01,c2f,37,unet_c2f_b_fine05_coarse01,Step-R full-grid C2F-B; F5 × C1,"unet:c2f:B:fine2,3,7,12,13:coarse5,6,17,18,28,30","[2, 3, 7, 12, 13, 5, 6, 17, 18, 28, 30]",0,PASS,Completed the full matched RGB-D sequence,164.69416385799923,0,,,1311868263.1855,2891,2221,2893,0.9993086761147598,0.2576705219632488,0.20338463998973483,0.1786776890381738,0.528345929631405,0.15820488647655306,9.707773308068422,9.319908147928743,14.189012088292108,0.004032421329619138,0.07529227210998998,0.27556568993995934,2.168603778544417,0.240548572283041,0.2078831787044178,0.9497482904843161,0.05362532201439288,0.03572888473693442,1.022113227339273,469,0.052472,0.03392,0.028996,2891,6.395697,7.483888,0,0.906,1.0,13890.0,0.008113,0,/home/melody/code/individual_project/channel_selection_results/step_r_c2f_grid_completion/unet/per_dataset/fr2_desk_clean/artifacts/unet_c2f_b_fine05_coarse01/replicate_0.all_frames.tum.txt,/home/melody/code/individual_project/channel_selection_results/step_r_c2f_grid_completion/unet/per_dataset/fr2_desk_clean/artifacts/unet_c2f_b_fine05_coarse01/replicate_0.keyframes.tum.txt,/home/melody/code/individual_project/channel_selection_results/step_r_c2f_grid_completion/unet/per_dataset/fr2_desk_clean/artifacts/unet_c2f_b_fine05_coarse01/replicate_0.log,2026-08-25T18:55:04.437277+00:00
4,fr2_desk_clean,fr2_desk,clean,Step-R:new,unet_c2f_b_fine05_coarse02,c2f,38,unet_c2f_b_fine05_coarse02,Step-R full-grid C2F-B; F5 × C2,"unet:c2f:B:fine2,3,7,12,13:coarse0,5,6,17,18,30","[2, 3, 7, 12, 13, 0, 5, 6, 17, 18, 30]",0,PASS,Completed the full matched RGB-D sequence,158.29269691199988,0,,,1311868263.1855,2891,2221,2893,0.9993086761147598,0.2576654146595797,0.20336074816263622,0.1780065431101926,0.5290453498604861,0.15822727962783786,9.710510530508394,9.325275443379939,14.228640809241034,0.004016233954728829,0.07457115867628684,0.27519949916606823,2.137311836445494,0.24070335238047816,0.20791541553184192,0.9499639851938274,0.05369332995147484,0.0357170897416574,1.0226573352515034,469,0.052538,0.033908,0.029055,2891,6.39645,7.4864049999999995,0,0.906,1.0,13890.0,0.008058,0,/home/melody/code/individual_project/channel_selection_results/step_r_c2f_grid_completion/unet/per_dataset/fr2_desk_clean/artifacts/unet_c2f_b_fine05_coarse02/replicate_0.all_frames.tum.txt,/home/melody/code/individual_project/channel_selection_results/step_r_c2f_grid_completion/unet/per_dataset/fr2_desk_clean/artifacts/unet_c2f_b_fine05_coarse02/replicate_0.keyframes.tum.txt,/home/melody/code/individual_project/channel_selection_results/step_r_c2f_grid_completion/unet/per_dataset/fr2_desk_clean/artifacts/unet_c2f_b_fine05_coarse02/replicate_0.log,2026-08-25T18:57:43.639036+00:00
4,fr2_desk_clean,fr2_desk,clean,Step-R:new,unet_c2f_b_fine05_coarse03,c2f,39,unet_c2f_b_fine05_coarse03,Step-R full-grid C2F-B; F5 × C3,"unet:c2f:B:fine2,3,7,12,13:coarse0,5,18,30","[2, 3, 7, 12, 13, 0, 5, 18, 30]",0,PASS,Completed the full matched RGB-D sequence,158.63776591600072,0,,,1311868263.1855,2891,2221,2893,0.9993086761147598,0.2613570845361964,0.20693404443472696,0.18511290579779235,0.536969273609759,0.15964281033340316,9.831951584318308,9.446011637228777,14.309861098106945,0.004083428200869073,0.07731470090042582,0.27536543792221263,2.1555132055599198,0.2443546051072523,0.21155258511672376,0.949544332117764,0.05419905734614111,0.036025496977909674,1.023222265980673,469,0.053056,0.03421,0.029503,2891,6.394302,7.4854515,0,0.906,1.0,13850.0,0.007477,0,/home/melody/code/individual_project/channel_selection_results/step_r_c2f_grid_completion/unet/per_dataset/fr2_desk_clean/artifacts/unet_c2f_b_fine05_coarse03/replicate_0.all_frames.tum.txt,/home/melody/code/individual_project/channel_selection_results/step_r_c2f_grid_completion/unet/per_dataset/fr2_desk_clean/artifacts/unet_c2f_b_fine05_coarse03/replicate_0.keyframes.tum.txt,/home/melody/code/individual_project/channel_selection_results/step_r_c2f_grid_completion/unet/per_dataset/fr2_desk_clean/artifacts/unet_c2f_b_fine05_coarse03/replicate_0.log,2026-08-25T19:00:23.190801+00:00
4,fr2_desk_clean,fr2_desk,clean,Step-R:new,unet_c2f_b_fine05_coarse04,c2f,40,unet_c2f_b_fine05_coarse04,Step-R full-grid C2F-B; F5 × C4,"unet:c2f:B:fine2,3,7,12,13:coarse0,5,6,18,30","[2, 3, 7, 12, 13, 0, 5, 6, 18, 30]",0,PASS,Completed the full matched RGB-D sequence,159.87898679799946,0,,,1311868263.1855,2891,2221,2893,0.9993086761147598,0.25443149507703905,0.20071827612558865,0.1780326105658289,0.5230526281222756,0.15635715307049206,9.630776011144041,9.246838879362647,14.132301759910588,0.0040003066116379125,0.07265354034929151,0.2752723379785168,2.1106058247441566,0.23746481093503888,0.20527097224520885,0.950279320817457,0.05312155745729414,0.035476228419562064,1.0220863325448881,469,0.051934,0.033666,0.028414,2891,6.39616,7.4855265,0,0.906,1.0,13890.0,0.005959,0,/home/melody/code/individual_project/channel_selection_results/step_r_c2f_grid_completion/unet/per_dataset/fr2_desk_clean/artifacts/unet_c2f_b_fine05_coarse04/replicate_0.all_frames.tum.txt,/home/melody/code/individual_project/channel_selection_results/step_r_c2f_grid_completion/unet/per_dataset/fr2_desk_clean/artifacts/unet_c2f_b_fine05_coarse04/replicate_0.keyframes.tum.txt,/home/melody/code/individual_project/channel_selection_results/step_r_c2f_grid_completion/unet/per_dataset/fr2_desk_clean/artifacts/unet_c2f_b_fine05_coarse04/replicate_0.log,2026-08-25T19:03:03.987459+00:00
5,fr2_desk_lightswitch,fr2_desk,lightswitch,Step-Q:unet_enc0_direct_f1_d02_d03_d07_d12_d13_d14,unet_direct_fine01,direct_fine,4,unet_enc0_direct_f1_d02_d03_d07_d12_d13_d14,Direct fine parent F1: global direct U-Net optimum on fr1/desk_lightswitch.,"unet:direct:enc0:2,3,7,12,13,14","[2, 3, 7, 12, 13, 14]",0,PASS,Completed the full matched RGB-D sequence,161.37154939500033,0,,,1311868263.1855,2891,2221,2893,0.9993086761147598,0.42115415115987287,0.3404303246103122,0.24095689674059673,0.8806282167625151,0.24794760157119994,16.857749474387774,15.643473689451763,27.757129802469027,0.009368483718917214,0.22298027691478536,0.4081945477695929,10.235225967391742,0.4053007451351947,0.3559419056721067,0.9374276475152898,0.09914570683922948,0.07192698762074157,1.0400393744797838,468,0.098019,0.070608,0.049098,2891,7.354557,32.527328499999996,0,0.789,1.0,274400.0,0.023259,131,/home/melody/code/individual_project/channel_selection_results/step_q_c2f_multi_dataset_evaluation/unet/per_dataset/fr2_desk_lightswitch/artifacts/unet_enc0_direct_f1_d02_d03_d07_d12_d13_d14/replicate_0.all_frames.tum.txt,/home/melody/code/individual_project/channel_selection_results/step_q_c2f_multi_dataset_evaluation/unet/per_dataset/fr2_desk_lightswitch/artifacts/unet_enc0_direct_f1_d02_d03_d07_d12_d13_d14/replicate_0.keyframes.tum.txt,/home/melody/code/individual_project/channel_selection_results/step_q_c2f_multi_dataset_evaluation/unet/per_dataset/fr2_desk_lightswitch/artifacts/unet_enc0_direct_f1_d02_d03_d07_d12_d13_d14/replicate_0.log,2026-08-23T10:30:22.406660+00:00
5,fr2_desk_lightswitch,fr2_desk,lightswitch,Step-Q:unet_enc0_direct_f2_d03_d07_d12,unet_direct_fine02,direct_fine,5,unet_enc0_direct_f2_d03_d07_d12,Direct fine parent F2: the three-channel near-optimum.,"unet:direct:enc0:3,7,12","[3, 7, 12]",0,PASS,Completed the full matched RGB-D sequence,161.75288083200576,0,,,1311868263.1855,2891,2221,2893,0.9993086761147598,0.37167630570862675,0.30301790061603573,0.22511439980533068,0.8253830465068359,0.215228780908741,15.648389556771438,14.887148417093751,25.1271006678891,0.008669315615181673,0.23192579743953964,0.35248988334728165,8.234451550339314,0.35984160124408915,0.3170563506535748,0.9488205313618978,0.09346292989380989,0.06964146263182969,1.0402408910219367,469,0.092539,0.068461,0.039771,2891,3.558849,13.590747499999999,0,0.876,1.0,56950.0,0.021913,109,/home/melody/code/individual_project/channel_selection_results/step_q_c2f_multi_dataset_evaluation/unet/per_dataset/fr2_desk_lightswitch/artifacts/unet_enc0_direct_f2_d03_d07_d12/replicate_0.all_frames.tum.txt,/home/melody/code/individual_project/channel_selection_results/step_q_c2f_multi_dataset_evaluation/unet/per_dataset/fr2_desk_lightswitch/artifacts/unet_enc0_direct_f2_d03_d07_d12/replicate_0.keyframes.tum.txt,/home/melody/code/individual_project/channel_selection_results/step_q_c2f_multi_dataset_evaluation/unet/per_dataset/fr2_desk_lightswitch/artifacts/unet_enc0_direct_f2_d03_d07_d12/replicate_0.log,2026-08-23T10:33:05.109223+00:00
5,fr2_desk_lightswitch,fr2_desk,lightswitch,Step-R:new,unet_direct_fine03,direct_fine,1,unet_direct_fine03,Step-R direct fine rank 3,"unet:direct:enc0:2,3,12,14","[2, 3, 12, 14]",0,PASS,Completed the full matched RGB-D sequence,159.47691791299985,0,,,1311868263.1855,2891,2221,2893,0.9993086761147598,0.3814066470832064,0.30951139214205786,0.2580180612712764,0.803495563064356,0.22287603858095384,14.855373428824826,14.089811935966901,24.268368684853566,0.006162542581319332,0.13315011077146005,0.3359429875165804,8.244808550326875,0.36344291086342856,0.31962244608136486,0.9371300430654915,0.08267847511753071,0.05351908459481897,1.0605376902170371,470,0.081516,0.051419,0.045638,2891,4.985716,22.360705,0,0.902,1.0,31120.0,0.014963,97,/home/melody/code/individual_project/channel_selection_results/step_r_c2f_grid_completion/unet/per_dataset/fr2_desk_lightswitch/artifacts/unet_direct_fine03/replicate_0.all_frames.tum.txt,/home/melody/code/individual_project/channel_selection_results/step_r_c2f_grid_completion/unet/per_dataset/fr2_desk_lightswitch/artifacts/unet_direct_fine03/replicate_0.keyframes.tum.txt,/home/melody/code/individual_project/channel_selection_results/step_r_c2f_grid_completion/unet/per_dataset/fr2_desk_lightswitch/artifacts/unet_direct_fine03/replicate_0.log,2026-08-25T19:05:44.782106+00:00
5,fr2_desk_lightswitch,fr2_desk,lightswitch,Step-R:new,unet_direct_fine04,direct_fine,2,unet_direct_fine04,Step-R direct fine rank 4,"unet:direct:enc0:2,4,6","[2, 4, 6]",0,PASS,Completed the full matched RGB-D sequence,163.0973551269999,0,,,1311868263.1855,2891,2221,2893,0.9993086761147598,0.5682495028692691,0.4273234832686428,0.22914039810000117,1.069247005659903,0.37456927017352276,16.762333636492432,14.545591075888995,25.61127815935997,0.015135479053522175,0.6180641307777431,0.4750454874019245,17.128667512473527,0.5127050832538564,0.44250365274542175,0.8730985582940856,0.11437038701481415,0.06850460677537083,1.0583447054246837,468,0.115054,0.067607,0.09245,2891,5.89707,42.7679805,0,0.902,1.0,36070.0,0.012565,59,/home/melody/code/individual_project/channel_selection_results/step_r_c2f_grid_completion/unet/per_dataset/fr2_desk_lightswitch/artifacts/unet_direct_fine04/replicate_0.all_frames.tum.txt,/home/melody/code/individual_project/channel_selection_results/step_r_c2f_grid_completion/unet/per_dataset/fr2_desk_lightswitch/artifacts/unet_direct_fine04/replicate_0.keyframes.tum.txt,/home/melody/code/individual_project/channel_selection_results/step_r_c2f_grid_completion/unet/per_dataset/fr2_desk_lightswitch/artifacts/unet_direct_fine04/replicate_0.log,2026-08-25T19:08:28.817497+00:00
5,fr2_desk_lightswitch,fr2_desk,lightswitch,Step-Q:unet_enc0_direct_f5_d02_d03_d07_d12_d13,unet_direct_fine05,direct_fine,6,unet_enc0_direct_f5_d02_d03_d07_d12_d13,"Direct fine parent F5, included because it has the clearest positive C2F synergy.","unet:direct:enc0:2,3,7,12,13","[2, 3, 7, 12, 13]",0,PASS,Completed the full matched RGB-D sequence,160.61427948699566,0,,,1311868263.1855,2891,2221,2893,0.9993086761147598,0.33631237526160834,0.2807339722714282,0.22462333139036725,0.8138729234296217,0.18518760910711554,16.76358328577514,15.535387261049282,26.63298494727962,0.011765481998716342,0.3028025263372855,0.40038494970228555,6.484612818168209,0.3302124857324041,0.29204412259990065,0.9644703004374501,0.13734698522998842,0.11895451718887219,1.0013632346222,468,0.137026,0.118873,0.038818,2891,6.391943,25.907573,0,0.744,1.0,141900.0,0.0395,130,/home/melody/code/individual_project/channel_selection_results/step_q_c2f_multi_dataset_evaluation/unet/per_dataset/fr2_desk_lightswitch/artifacts/unet_enc0_direct_f5_d02_d03_d07_d12_d13/replicate_0.all_frames.tum.txt,/home/melody/code/individual_project/channel_selection_results/step_q_c2f_multi_dataset_evaluation/unet/per_dataset/fr2_desk_lightswitch/artifacts/unet_enc0_direct_f5_d02_d03_d07_d12_d13/replicate_0.keyframes.tum.txt,/home/melody/code/individual_project/channel_selection_results/step_q_c2f_multi_dataset_evaluation/unet/per_dataset/fr2_desk_lightswitch/artifacts/unet_enc0_direct_f5_d02_d03_d07_d12_d13/replicate_0.log,2026-08-23T10:35:46.673868+00:00
5,fr2_desk_lightswitch,fr2_desk,lightswitch,Step-R:new,unet_direct_coarse01,direct_coarse,3,unet_direct_coarse01,Step-R direct coarse rank 1,"unet:direct:enc1:5,6,17,18,28,30","[5, 6, 17, 18, 28, 30]",0,PASS,Completed the full matched RGB-D sequence,191.10285922000003,0,,,1311868263.1855,2891,2221,2893,0.9993086761147598,0.5525219584984331,0.46484275132817465,0.41772852581748143,1.1627281336313418,0.2986665886245014,21.055404617914057,19.848970650746974,30.859172519059054,0.008717144910649174,0.2613125888171354,0.2947761959972926,3.4224479924669917,0.530852239914313,0.4746295790486489,0.9164307301637739,0.10884636732746769,0.0626169832332631,1.0927203527988025,467,0.108812,0.060189,0.080549,2891,18.824013,69.284565,0,0.894,1.0,30400.0,0.02466,172,/home/melody/code/individual_project/channel_selection_results/step_r_c2f_grid_completion/unet/per_dataset/fr2_desk_lightswitch/artifacts/unet_direct_coarse01/replicate_0.all_frames.tum.txt,/home/melody/code/individual_project/channel_selection_results/step_r_c2f_grid_completion/unet/per_dataset/fr2_desk_lightswitch/artifacts/unet_direct_coarse01/replicate_0.keyframes.tum.txt,/home/melody/code/individual_project/channel_selection_results/step_r_c2f_grid_completion/unet/per_dataset/fr2_desk_lightswitch/artifacts/unet_direct_coarse01/replicate_0.log,2026-08-25T19:11:40.838670+00:00
5,fr2_desk_lightswitch,fr2_desk,lightswitch,Step-Q:unet_enc1_direct_c2_d00_d05_d06_d17_d18_d30,unet_direct_coarse02,direct_coarse,3,unet_enc1_direct_c2_d00_d05_d06_d17_d18_d30,"Direct coarse parent C2, needed to interpret the C2F-B schedule contrast.","unet:direct:enc1:0,5,6,17,18,30","[0, 5, 6, 17, 18, 30]",0,PASS,Completed the full matched RGB-D sequence,188.53910858099698,0,,,1311868263.1855,2891,2221,2893,0.9993086761147598,0.5443086528857408,0.4805363562165004,0.45430220550018596,1.129953852677532,0.2556496038730716,21.80573359842538,20.974982300138986,30.691169539693494,0.009612854775886734,0.2926348704254149,0.29416793245058204,2.5109481582837856,0.5287992960086213,0.48356092810583057,0.9287200711879495,0.1001565790532422,0.05644566927693069,1.082953049058607,469,0.099465,0.053374,0.074948,2891,12.798225,41.719184999999996,0,0.9,1.0,60930.0,0.025606,195,/home/melody/code/individual_project/channel_selection_results/step_q_c2f_multi_dataset_evaluation/unet/per_dataset/fr2_desk_lightswitch/artifacts/unet_enc1_direct_c2_d00_d05_d06_d17_d18_d30/replicate_0.all_frames.tum.txt,/home/melody/code/individual_project/channel_selection_results/step_q_c2f_multi_dataset_evaluation/unet/per_dataset/fr2_desk_lightswitch/artifacts/unet_enc1_direct_c2_d00_d05_d06_d17_d18_d30/replicate_0.keyframes.tum.txt,/home/melody/code/individual_project/channel_selection_results/step_q_c2f_multi_dataset_evaluation/unet/per_dataset/fr2_desk_lightswitch/artifacts/unet_enc1_direct_c2_d00_d05_d06_d17_d18_d30/replicate_0.log,2026-08-23T10:27:40.089392+00:00
5,fr2_desk_lightswitch,fr2_desk,lightswitch,Step-R:new,unet_direct_coarse03,direct_coarse,4,unet_direct_coarse03,Step-R direct coarse rank 3,"unet:direct:enc1:0,5,18,30","[0, 5, 18, 30]",0,PASS,Completed the full matched RGB-D sequence,179.87320657300006,0,,,1311868263.1855,2891,2221,2893,0.9993086761147598,0.5087971704560911,0.41969023915082565,0.3389564136839576,1.1247383074694868,0.28763633954291545,19.401011067123346,18.162833258950386,31.13602158446864,0.008041016263574532,0.20906363075108453,0.30117597511095945,3.8333115619764446,0.4911310984147981,0.43023094925046235,0.9271801914698968,0.11093537563797347,0.06725631389413056,1.1086063809810431,470,0.109603,0.063292,0.074508,2891,6.724336,23.7090205,0,0.9,1.0,32290.0,0.017301,187,/home/melody/code/individual_project/channel_selection_results/step_r_c2f_grid_completion/unet/per_dataset/fr2_desk_lightswitch/artifacts/unet_direct_coarse03/replicate_0.all_frames.tum.txt,/home/melody/code/individual_project/channel_selection_results/step_r_c2f_grid_completion/unet/per_dataset/fr2_desk_lightswitch/artifacts/unet_direct_coarse03/replicate_0.keyframes.tum.txt,/home/melody/code/individual_project/channel_selection_results/step_r_c2f_grid_completion/unet/per_dataset/fr2_desk_lightswitch/artifacts/unet_direct_coarse03/replicate_0.log,2026-08-25T19:14:41.629582+00:00
5,fr2_desk_lightswitch,fr2_desk,lightswitch,Step-Q:unet_enc1_direct_c4_d00_d05_d06_d18_d30,unet_direct_coarse04,direct_coarse,2,unet_enc1_direct_c4_d00_d05_d06_d18_d30,"Direct coarse parent C4, selected because it participates in the strongest U-Net C2F results.","unet:direct:enc1:0,5,6,18,30","[0, 5, 6, 18, 30]",0,PASS,Completed the full matched RGB-D sequence,185.43538498101407,0,,,1311868263.1855,2891,2221,2893,0.9993086761147598,0.4717453685856394,0.39232718351285834,0.34463394510173795,1.0290465387743366,0.26196006157211976,18.45074342672063,17.407100195529008,27.90071220608007,0.007571268586367705,0.2018652944120298,0.29129949309596176,3.2727436264176633,0.4559224147051057,0.4023941008055264,0.9335500258104289,0.09807738023201944,0.060592888795281206,1.0878671436359515,471,0.096652,0.056834,0.068661,2891,9.818151,35.703825,0,0.901,1.0,25840.0,0.019537,186,/home/melody/code/individual_project/channel_selection_results/step_q_c2f_multi_dataset_evaluation/unet/per_dataset/fr2_desk_lightswitch/artifacts/unet_enc1_direct_c4_d00_d05_d06_d18_d30/replicate_0.all_frames.tum.txt,/home/melody/code/individual_project/channel_selection_results/step_q_c2f_multi_dataset_evaluation/unet/per_dataset/fr2_desk_lightswitch/artifacts/unet_enc1_direct_c4_d00_d05_d06_d18_d30/replicate_0.keyframes.tum.txt,/home/melody/code/individual_project/channel_selection_results/step_q_c2f_multi_dataset_evaluation/unet/per_dataset/fr2_desk_lightswitch/artifacts/unet_enc1_direct_c4_d00_d05_d06_d18_d30/replicate_0.log,2026-08-23T10:24:30.599126+00:00
5,fr2_desk_lightswitch,fr2_desk,lightswitch,Step-R:new,unet_c2f_a_fine01_coarse01,c2f,5,unet_c2f_a_fine01_coarse01,Step-R full-grid C2F-A; F1 × C1,"unet:c2f:A:fine2,3,7,12,13,14:coarse5,6,17,18,28,30","[2, 3, 7, 12, 13, 14, 5, 6, 17, 18, 28, 30]",0,PASS,Completed the full matched RGB-D sequence,186.49427192800067,0,,,1311868263.1855,2891,2221,2893,0.9993086761147598,0.3745557790456501,0.30828399178384025,0.27988847326449634,0.7869406761866061,0.21272755351931952,14.813547892739141,14.128699144727483,21.196864597563426,0.005844282372341384,0.13373407829358286,0.28851975813618014,3.166818834804373,0.3596722095777109,0.317433170582013,0.9428615372650438,0.0745684412234029,0.04552334822435881,1.051200046823958,468,0.073267,0.042986,0.047957,2891,7.332331,32.548875499999994,0,0.901,1.0,474200.0,0.036574,128,/home/melody/code/individual_project/channel_selection_results/step_r_c2f_grid_completion/unet/per_dataset/fr2_desk_lightswitch/artifacts/unet_c2f_a_fine01_coarse01/replicate_0.all_frames.tum.txt,/home/melody/code/individual_project/channel_selection_results/step_r_c2f_grid_completion/unet/per_dataset/fr2_desk_lightswitch/artifacts/unet_c2f_a_fine01_coarse01/replicate_0.keyframes.tum.txt,/home/melody/code/individual_project/channel_selection_results/step_r_c2f_grid_completion/unet/per_dataset/fr2_desk_lightswitch/artifacts/unet_c2f_a_fine01_coarse01/replicate_0.log,2026-08-25T19:17:49.052412+00:00
5,fr2_desk_lightswitch,fr2_desk,lightswitch,Step-R:new,unet_c2f_a_fine01_coarse02,c2f,6,unet_c2f_a_fine01_coarse02,Step-R full-grid C2F-A; F1 × C2,"unet:c2f:A:fine2,3,7,12,13,14:coarse0,5,6,17,18,30","[2, 3, 7, 12, 13, 14, 0, 5, 6, 17, 18, 30]",0,PASS,Completed the full matched RGB-D sequence,181.19602320299964,0,,,1311868263.1855,2891,2221,2893,0.9993086761147598,0.345851044250565,0.279759601797787,0.25626889888930177,0.7255005280841814,0.20334087147238725,13.184379650274511,12.624986013403655,19.068743908503407,0.005212887123396483,0.11774816120471626,0.2800304323882026,2.642011791918303,0.3289213142559346,0.28805327251467494,0.9418490516875293,0.07260736837072883,0.046809839998291254,1.0443573458609692,468,0.071342,0.044374,0.042453,2891,7.352663,31.2325315,0,0.9,1.0,339400.0,0.30975,127,/home/melody/code/individual_project/channel_selection_results/step_r_c2f_grid_completion/unet/per_dataset/fr2_desk_lightswitch/artifacts/unet_c2f_a_fine01_coarse02/replicate_0.all_frames.tum.txt,/home/melody/code/individual_project/channel_selection_results/step_r_c2f_grid_completion/unet/per_dataset/fr2_desk_lightswitch/artifacts/unet_c2f_a_fine01_coarse02/replicate_0.keyframes.tum.txt,/home/melody/code/individual_project/channel_selection_results/step_r_c2f_grid_completion/unet/per_dataset/fr2_desk_lightswitch/artifacts/unet_c2f_a_fine01_coarse02/replicate_0.log,2026-08-25T19:20:51.152035+00:00
5,fr2_desk_lightswitch,fr2_desk,lightswitch,Step-R:new,unet_c2f_a_fine01_coarse03,c2f,7,unet_c2f_a_fine01_coarse03,Step-R full-grid C2F-A; F1 × C3,"unet:c2f:A:fine2,3,7,12,13,14:coarse0,5,18,30","[2, 3, 7, 12, 13, 14, 0, 5, 18, 30]",0,PASS,Completed the full matched RGB-D sequence,179.00512661799985,0,,,1311868263.1855,2891,2221,2893,0.9993086761147598,0.36493416992658184,0.294986379559369,0.2525012592145409,0.7727570688099046,0.21484874738862025,13.8340638285059,13.134466716459375,20.512787883841135,0.005689826168220411,0.12507623102092327,0.28816401485490317,3.1492513542530434,0.34946202801984855,0.30401962608923183,0.9426194048609806,0.07585856716695877,0.045986864788115527,1.050085137922825,469,0.074581,0.043372,0.046929,2891,7.314098,31.980262000000003,0,0.9,1.0,404800.0,0.325955,129,/home/melody/code/individual_project/channel_selection_results/step_r_c2f_grid_completion/unet/per_dataset/fr2_desk_lightswitch/artifacts/unet_c2f_a_fine01_coarse03/replicate_0.all_frames.tum.txt,/home/melody/code/individual_project/channel_selection_results/step_r_c2f_grid_completion/unet/per_dataset/fr2_desk_lightswitch/artifacts/unet_c2f_a_fine01_coarse03/replicate_0.keyframes.tum.txt,/home/melody/code/individual_project/channel_selection_results/step_r_c2f_grid_completion/unet/per_dataset/fr2_desk_lightswitch/artifacts/unet_c2f_a_fine01_coarse03/replicate_0.log,2026-08-25T19:23:51.074020+00:00
5,fr2_desk_lightswitch,fr2_desk,lightswitch,Step-Q:unet_c2f_a_f1_c4_negative_high_parent,unet_c2f_a_fine01_coarse04,c2f,7,unet_c2f_a_f1_c4_negative_high_parent,C2F-A negative control: on fr1 lightswitch it is worse than the globally best direct fine parent F1.,"unet:c2f:A:fine2,3,7,12,13,14:coarse0,5,6,18,30","[2, 3, 7, 12, 13, 14, 0, 5, 6, 18, 30]",0,PASS,Completed the full matched RGB-D sequence,182.70126658299705,0,,,1311868263.1855,2891,2221,2893,0.9993086761147598,0.3408521932024122,0.2758521589939624,0.24826701720883254,0.7127108537750811,0.20021439506005614,13.354779825448752,12.775738368288478,19.435716090064005,0.005327573078672089,0.11604088383301041,0.28319412366870167,2.959755547629469,0.32557615552271385,0.2851411810680471,0.9449443879328184,0.07089169279565621,0.04566787244933138,1.042821405946781,469,0.06956,0.043113,0.041231,2891,7.335145,32.8834995,0,0.901,1.0,352600.0,0.320404,126,/home/melody/code/individual_project/channel_selection_results/step_q_c2f_multi_dataset_evaluation/unet/per_dataset/fr2_desk_lightswitch/artifacts/unet_c2f_a_f1_c4_negative_high_parent/replicate_0.all_frames.tum.txt,/home/melody/code/individual_project/channel_selection_results/step_q_c2f_multi_dataset_evaluation/unet/per_dataset/fr2_desk_lightswitch/artifacts/unet_c2f_a_f1_c4_negative_high_parent/replicate_0.keyframes.tum.txt,/home/melody/code/individual_project/channel_selection_results/step_q_c2f_multi_dataset_evaluation/unet/per_dataset/fr2_desk_lightswitch/artifacts/unet_c2f_a_f1_c4_negative_high_parent/replicate_0.log,2026-08-23T10:38:50.315454+00:00
5,fr2_desk_lightswitch,fr2_desk,lightswitch,Step-R:new,unet_c2f_a_fine02_coarse01,c2f,8,unet_c2f_a_fine02_coarse01,Step-R full-grid C2F-A; F2 × C1,"unet:c2f:A:fine3,7,12:coarse5,6,17,18,28,30","[3, 7, 12, 5, 6, 17, 18, 28, 30]",0,PASS,Completed the full matched RGB-D sequence,185.21448073400097,0,,,1311868263.1855,2891,2221,2893,0.9993086761147598,0.40120071120374307,0.33845567501821094,0.3051157619802317,0.833996661613937,0.21542926151838437,15.688958028731918,15.176740770636576,21.93775776713945,0.006435182947467596,0.1639096239329494,0.28483485922097984,2.715093787694456,0.38506718354452996,0.34397712838634426,0.9385258729608135,0.07466606447584047,0.043868568330138476,1.04712404308745,469,0.073763,0.041429,0.047623,2891,3.551242,13.997603999999999,0,0.906,1.0,41690.0,0.049643,84,/home/melody/code/individual_project/channel_selection_results/step_r_c2f_grid_completion/unet/per_dataset/fr2_desk_lightswitch/artifacts/unet_c2f_a_fine02_coarse01/replicate_0.all_frames.tum.txt,/home/melody/code/individual_project/channel_selection_results/step_r_c2f_grid_completion/unet/per_dataset/fr2_desk_lightswitch/artifacts/unet_c2f_a_fine02_coarse01/replicate_0.keyframes.tum.txt,/home/melody/code/individual_project/channel_selection_results/step_r_c2f_grid_completion/unet/per_dataset/fr2_desk_lightswitch/artifacts/unet_c2f_a_fine02_coarse01/replicate_0.log,2026-08-25T19:26:57.230143+00:00
5,fr2_desk_lightswitch,fr2_desk,lightswitch,Step-R:new,unet_c2f_a_fine02_coarse02,c2f,9,unet_c2f_a_fine02_coarse02,Step-R full-grid C2F-A; F2 × C2,"unet:c2f:A:fine3,7,12:coarse0,5,6,17,18,30","[3, 7, 12, 0, 5, 6, 17, 18, 30]",0,PASS,Completed the full matched RGB-D sequence,180.61847844399927,0,,,1311868263.1855,2891,2221,2893,0.9993086761147598,0.35450945006085915,0.2939427378685757,0.2683939693579635,0.7470092547340292,0.1981782456193881,13.84013469499643,13.373865250174687,19.533933232773354,0.005553484352435124,0.13557163906510353,0.2776330349640767,2.191451633706534,0.3386078950606251,0.2993304173869572,0.9427642766565582,0.06853073676109814,0.040966001860815435,1.0425567460060199,468,0.067412,0.038583,0.04186,2891,3.54115,14.0210115,0,0.906,1.0,45490.0,0.067626,83,/home/melody/code/individual_project/channel_selection_results/step_r_c2f_grid_completion/unet/per_dataset/fr2_desk_lightswitch/artifacts/unet_c2f_a_fine02_coarse02/replicate_0.all_frames.tum.txt,/home/melody/code/individual_project/channel_selection_results/step_r_c2f_grid_completion/unet/per_dataset/fr2_desk_lightswitch/artifacts/unet_c2f_a_fine02_coarse02/replicate_0.keyframes.tum.txt,/home/melody/code/individual_project/channel_selection_results/step_r_c2f_grid_completion/unet/per_dataset/fr2_desk_lightswitch/artifacts/unet_c2f_a_fine02_coarse02/replicate_0.log,2026-08-25T19:29:58.766859+00:00
5,fr2_desk_lightswitch,fr2_desk,lightswitch,Step-R:new,unet_c2f_a_fine02_coarse03,c2f,10,unet_c2f_a_fine02_coarse03,Step-R full-grid C2F-A; F2 × C3,"unet:c2f:A:fine3,7,12:coarse0,5,18,30","[3, 7, 12, 0, 5, 18, 30]",0,PASS,Completed the full matched RGB-D sequence,178.3886929550008,0,,,1311868263.1855,2891,2221,2893,0.9993086761147598,0.34803003811105077,0.2811208513456336,0.24677364571922294,0.7445180109896972,0.2051730351831976,13.169234935206923,12.597537211421532,19.44452003118916,0.0054298950750639235,0.11209794580741805,0.2856560655224812,2.596470846312335,0.33202708035951956,0.28897986057388153,0.943144597517643,0.07166172615546451,0.043998183600303054,1.047570161627175,469,0.070466,0.04153,0.041995,2891,3.529789,13.128635,0,0.902,1.0,53500.0,0.059611,86,/home/melody/code/individual_project/channel_selection_results/step_r_c2f_grid_completion/unet/per_dataset/fr2_desk_lightswitch/artifacts/unet_c2f_a_fine02_coarse03/replicate_0.all_frames.tum.txt,/home/melody/code/individual_project/channel_selection_results/step_r_c2f_grid_completion/unet/per_dataset/fr2_desk_lightswitch/artifacts/unet_c2f_a_fine02_coarse03/replicate_0.keyframes.tum.txt,/home/melody/code/individual_project/channel_selection_results/step_r_c2f_grid_completion/unet/per_dataset/fr2_desk_lightswitch/artifacts/unet_c2f_a_fine02_coarse03/replicate_0.log,2026-08-25T19:32:58.095554+00:00
5,fr2_desk_lightswitch,fr2_desk,lightswitch,Step-Q:unet_c2f_a_f2_c4_global_best,unet_c2f_a_fine02_coarse04,c2f,8,unet_c2f_a_f2_c4_global_best,C2F-A global U-Net C2F optimum on fr1 lightswitch; compare against both direct parents.,"unet:c2f:A:fine3,7,12:coarse0,5,6,18,30","[3, 7, 12, 0, 5, 6, 18, 30]",0,PASS,Completed the full matched RGB-D sequence,183.0833013849915,0,,,1311868263.1855,2891,2221,2893,0.9993086761147598,0.394007263087688,0.34491982860107,0.3174378474464299,0.8151883797105594,0.19045218613515338,16.218116577091084,15.76497376466837,21.82964410615338,0.007123659001598617,0.19387210464884122,0.28602861885217495,2.3895402659537233,0.3820993243607832,0.3477103942676639,0.9470713626535733,0.07008610028524441,0.04089819223812867,1.0414325280317756,469,0.069182,0.038588,0.045759,2891,3.546079,13.951984,0,0.906,1.0,44460.0,0.023263,84,/home/melody/code/individual_project/channel_selection_results/step_q_c2f_multi_dataset_evaluation/unet/per_dataset/fr2_desk_lightswitch/artifacts/unet_c2f_a_f2_c4_global_best/replicate_0.all_frames.tum.txt,/home/melody/code/individual_project/channel_selection_results/step_q_c2f_multi_dataset_evaluation/unet/per_dataset/fr2_desk_lightswitch/artifacts/unet_c2f_a_f2_c4_global_best/replicate_0.keyframes.tum.txt,/home/melody/code/individual_project/channel_selection_results/step_q_c2f_multi_dataset_evaluation/unet/per_dataset/fr2_desk_lightswitch/artifacts/unet_c2f_a_f2_c4_global_best/replicate_0.log,2026-08-23T10:41:54.332129+00:00
5,fr2_desk_lightswitch,fr2_desk,lightswitch,Step-R:new,unet_c2f_a_fine03_coarse01,c2f,11,unet_c2f_a_fine03_coarse01,Step-R full-grid C2F-A; F3 × C1,"unet:c2f:A:fine2,3,12,14:coarse5,6,17,18,28,30","[2, 3, 12, 14, 5, 6, 17, 18, 28, 30]",0,PASS,Completed the full matched RGB-D sequence,186.650011998001,0,,,1311868263.1855,2891,2221,2893,0.9993086761147598,0.3861888620436206,0.31942688090739213,0.28845435925868457,0.8091075161319514,0.2170444768251921,15.401525955086925,14.754529365059726,21.65569539880429,0.006077278209225967,0.15055103156148916,0.2870656299745087,3.0238876718234624,0.37116414912263673,0.32783239547345244,0.9416846174093638,0.0761007504196505,0.046467464770081415,1.0507164835360674,468,0.075007,0.043947,0.047788,2891,4.998057,22.696071500000002,0,0.901,1.0,37680.0,0.030065,99,/home/melody/code/individual_project/channel_selection_results/step_r_c2f_grid_completion/unet/per_dataset/fr2_desk_lightswitch/artifacts/unet_c2f_a_fine03_coarse01/replicate_0.all_frames.tum.txt,/home/melody/code/individual_project/channel_selection_results/step_r_c2f_grid_completion/unet/per_dataset/fr2_desk_lightswitch/artifacts/unet_c2f_a_fine03_coarse01/replicate_0.keyframes.tum.txt,/home/melody/code/individual_project/channel_selection_results/step_r_c2f_grid_completion/unet/per_dataset/fr2_desk_lightswitch/artifacts/unet_c2f_a_fine03_coarse01/replicate_0.log,2026-08-25T19:36:05.666173+00:00
5,fr2_desk_lightswitch,fr2_desk,lightswitch,Step-R:new,unet_c2f_a_fine03_coarse02,c2f,12,unet_c2f_a_fine03_coarse02,Step-R full-grid C2F-A; F3 × C2,"unet:c2f:A:fine2,3,12,14:coarse0,5,6,17,18,30","[2, 3, 12, 14, 0, 5, 6, 17, 18, 30]",0,PASS,Completed the full matched RGB-D sequence,179.80344732199956,0,,,1311868263.1855,2891,2221,2893,0.9993086761147598,0.34666712941792954,0.2814723328798409,0.2567106248578367,0.7333354351265918,0.20236458297352222,13.265149560060259,12.726716720622031,19.357866176220593,0.005189319785181627,0.11512414895138433,0.2811731269990568,2.6940107988697366,0.33022007927844765,0.2891753090259467,0.942543714982601,0.07047196332404154,0.04360979164742523,1.0461170976361094,469,0.069191,0.041012,0.041977,2891,4.991852,21.918616,0,0.901,1.0,30660.0,0.09697,99,/home/melody/code/individual_project/channel_selection_results/step_r_c2f_grid_completion/unet/per_dataset/fr2_desk_lightswitch/artifacts/unet_c2f_a_fine03_coarse02/replicate_0.all_frames.tum.txt,/home/melody/code/individual_project/channel_selection_results/step_r_c2f_grid_completion/unet/per_dataset/fr2_desk_lightswitch/artifacts/unet_c2f_a_fine03_coarse02/replicate_0.keyframes.tum.txt,/home/melody/code/individual_project/channel_selection_results/step_r_c2f_grid_completion/unet/per_dataset/fr2_desk_lightswitch/artifacts/unet_c2f_a_fine03_coarse02/replicate_0.log,2026-08-25T19:39:06.378705+00:00
5,fr2_desk_lightswitch,fr2_desk,lightswitch,Step-R:new,unet_c2f_a_fine03_coarse03,c2f,13,unet_c2f_a_fine03_coarse03,Step-R full-grid C2F-A; F3 × C3,"unet:c2f:A:fine2,3,12,14:coarse0,5,18,30","[2, 3, 12, 14, 0, 5, 18, 30]",0,PASS,Completed the full matched RGB-D sequence,178.14511493600003,0,,,1311868263.1855,2891,2221,2893,0.9993086761147598,0.36265884529098985,0.2947203283775321,0.2536032173053827,0.7659887365456429,0.2113323593509374,13.678191940180191,13.07867113871526,20.067999124852633,0.00545732088997785,0.1207854958993467,0.2850469011457704,2.94945190379882,0.34656160250689344,0.30260670103994275,0.9417571940516897,0.07431234196410415,0.045512636693868236,1.0491475366793106,469,0.072978,0.042864,0.04469,2891,5.000951,23.9887635,0,0.902,1.0,26120.0,0.030056,98,/home/melody/code/individual_project/channel_selection_results/step_r_c2f_grid_completion/unet/per_dataset/fr2_desk_lightswitch/artifacts/unet_c2f_a_fine03_coarse03/replicate_0.all_frames.tum.txt,/home/melody/code/individual_project/channel_selection_results/step_r_c2f_grid_completion/unet/per_dataset/fr2_desk_lightswitch/artifacts/unet_c2f_a_fine03_coarse03/replicate_0.keyframes.tum.txt,/home/melody/code/individual_project/channel_selection_results/step_r_c2f_grid_completion/unet/per_dataset/fr2_desk_lightswitch/artifacts/unet_c2f_a_fine03_coarse03/replicate_0.log,2026-08-25T19:42:05.428930+00:00
5,fr2_desk_lightswitch,fr2_desk,lightswitch,Step-R:new,unet_c2f_a_fine03_coarse04,c2f,14,unet_c2f_a_fine03_coarse04,Step-R full-grid C2F-A; F3 × C4,"unet:c2f:A:fine2,3,12,14:coarse0,5,6,18,30","[2, 3, 12, 14, 0, 5, 6, 18, 30]",0,PASS,Completed the full matched RGB-D sequence,180.87286745099846,0,,,1311868263.1855,2891,2221,2893,0.9993086761147598,0.4292461465329601,0.38325666937955105,0.35610045529669293,0.8500347180193072,0.19330437059075767,18.118873465422915,17.629786494134702,23.37139258207168,0.007905253762559492,0.22120476163039465,0.29323467617185817,3.0017334156363544,0.4193022096663812,0.38729145074151583,0.949062193964244,0.07503391999456134,0.04330959523560633,1.0429571977754608,469,0.074071,0.040706,0.050913,2891,5.004389,23.486058,0,0.902,1.0,106900.0,0.029188,97,/home/melody/code/individual_project/channel_selection_results/step_r_c2f_grid_completion/unet/per_dataset/fr2_desk_lightswitch/artifacts/unet_c2f_a_fine03_coarse04/replicate_0.all_frames.tum.txt,/home/melody/code/individual_project/channel_selection_results/step_r_c2f_grid_completion/unet/per_dataset/fr2_desk_lightswitch/artifacts/unet_c2f_a_fine03_coarse04/replicate_0.keyframes.tum.txt,/home/melody/code/individual_project/channel_selection_results/step_r_c2f_grid_completion/unet/per_dataset/fr2_desk_lightswitch/artifacts/unet_c2f_a_fine03_coarse04/replicate_0.log,2026-08-25T19:45:07.219238+00:00
5,fr2_desk_lightswitch,fr2_desk,lightswitch,Step-R:new,unet_c2f_a_fine04_coarse01,c2f,15,unet_c2f_a_fine04_coarse01,Step-R full-grid C2F-A; F4 × C1,"unet:c2f:A:fine2,4,6:coarse5,6,17,18,28,30","[2, 4, 6, 5, 6, 17, 18, 28, 30]",0,PASS,Completed the full matched RGB-D sequence,189.30105849699976,0,,,1311868263.1855,2891,2221,2893,0.9993086761147598,0.35599939133396885,0.2893207805421541,0.26236399301879965,0.7320586950705152,0.20743445368750824,13.791159189663988,13.157764601562118,19.249958544325576,0.005597185746777074,0.12622455493893203,0.28921879176531806,2.946012057083828,0.3403645055571645,0.2984285946866447,0.943082888998587,0.07283516385988785,0.04563981083862391,1.047012720848643,470,0.071868,0.043409,0.047262,2891,5.901778,40.4389535,0,0.901,1.0,31050.0,0.055374,54,/home/melody/code/individual_project/channel_selection_results/step_r_c2f_grid_completion/unet/per_dataset/fr2_desk_lightswitch/artifacts/unet_c2f_a_fine04_coarse01/replicate_0.all_frames.tum.txt,/home/melody/code/individual_project/channel_selection_results/step_r_c2f_grid_completion/unet/per_dataset/fr2_desk_lightswitch/artifacts/unet_c2f_a_fine04_coarse01/replicate_0.keyframes.tum.txt,/home/melody/code/individual_project/channel_selection_results/step_r_c2f_grid_completion/unet/per_dataset/fr2_desk_lightswitch/artifacts/unet_c2f_a_fine04_coarse01/replicate_0.log,2026-08-25T19:48:17.450834+00:00
5,fr2_desk_lightswitch,fr2_desk,lightswitch,Step-R:new,unet_c2f_a_fine04_coarse02,c2f,16,unet_c2f_a_fine04_coarse02,Step-R full-grid C2F-A; F4 × C2,"unet:c2f:A:fine2,4,6:coarse0,5,6,17,18,30","[2, 4, 6, 0, 5, 6, 17, 18, 30]",0,PASS,Completed the full matched RGB-D sequence,185.78836423100074,0,,,1311868263.1855,2891,2221,2893,0.9993086761147598,0.3463338601020432,0.28480927835485614,0.26016313890926535,0.7154355009455295,0.19705536687988903,13.148315626248275,12.626903111817803,18.295539106176378,0.005475478593702624,0.14098265816121508,0.280711866676302,2.24703113635353,0.33038397770701294,0.29043162987815063,0.9433749472308938,0.0674958500329671,0.041777153709031845,1.043838558027119,468,0.066784,0.039895,0.04289,2891,5.916206,37.4287055,0,0.901,1.0,31010.0,0.076616,53,/home/melody/code/individual_project/channel_selection_results/step_r_c2f_grid_completion/unet/per_dataset/fr2_desk_lightswitch/artifacts/unet_c2f_a_fine04_coarse02/replicate_0.all_frames.tum.txt,/home/melody/code/individual_project/channel_selection_results/step_r_c2f_grid_completion/unet/per_dataset/fr2_desk_lightswitch/artifacts/unet_c2f_a_fine04_coarse02/replicate_0.keyframes.tum.txt,/home/melody/code/individual_project/channel_selection_results/step_r_c2f_grid_completion/unet/per_dataset/fr2_desk_lightswitch/artifacts/unet_c2f_a_fine04_coarse02/replicate_0.log,2026-08-25T19:51:24.157347+00:00
5,fr2_desk_lightswitch,fr2_desk,lightswitch,Step-R:new,unet_c2f_a_fine04_coarse03,c2f,17,unet_c2f_a_fine04_coarse03,Step-R full-grid C2F-A; F4 × C3,"unet:c2f:A:fine2,4,6:coarse0,5,18,30","[2, 4, 6, 0, 5, 18, 30]",0,PASS,Completed the full matched RGB-D sequence,184.27055672499955,0,,,1311868263.1855,2891,2221,2893,0.9993086761147598,0.34812043086375655,0.28285812150346407,0.23487709796406475,0.7271344814737358,0.20292638439665525,13.268433951077133,12.672428467998312,18.738296836816257,0.005592994385763845,0.13201086934840206,0.2879755161792534,2.759795027819266,0.33391557210839146,0.290308690306883,0.9461724925910215,0.07150528794542085,0.044956996457809505,1.0486356203487097,468,0.07037,0.042563,0.044009,2891,5.906358,40.4005275,0,0.901,1.0,31100.0,0.031285,56,/home/melody/code/individual_project/channel_selection_results/step_r_c2f_grid_completion/unet/per_dataset/fr2_desk_lightswitch/artifacts/unet_c2f_a_fine04_coarse03/replicate_0.all_frames.tum.txt,/home/melody/code/individual_project/channel_selection_results/step_r_c2f_grid_completion/unet/per_dataset/fr2_desk_lightswitch/artifacts/unet_c2f_a_fine04_coarse03/replicate_0.keyframes.tum.txt,/home/melody/code/individual_project/channel_selection_results/step_r_c2f_grid_completion/unet/per_dataset/fr2_desk_lightswitch/artifacts/unet_c2f_a_fine04_coarse03/replicate_0.log,2026-08-25T19:54:29.346338+00:00
5,fr2_desk_lightswitch,fr2_desk,lightswitch,Step-R:new,unet_c2f_a_fine04_coarse04,c2f,18,unet_c2f_a_fine04_coarse04,Step-R full-grid C2F-A; F4 × C4,"unet:c2f:A:fine2,4,6:coarse0,5,6,18,30","[2, 4, 6, 0, 5, 6, 18, 30]",0,PASS,Completed the full matched RGB-D sequence,185.88163139399876,0,,,1311868263.1855,2891,2221,2893,0.9993086761147598,0.35380458215319827,0.292612548711689,0.26948913282533143,0.7336907500549862,0.19888584336007584,13.684481496736542,13.125425066824269,18.939948002105123,0.005826212835159462,0.15430580091869125,0.2836888102974469,2.546564373581889,0.3388321076483777,0.29910738914555796,0.944383961987975,0.0675073747489157,0.041071070386447646,1.0425572179102067,468,0.066808,0.039172,0.045449,2891,5.901716,39.866239500000006,0,0.902,1.0,31050.0,0.111682,54,/home/melody/code/individual_project/channel_selection_results/step_r_c2f_grid_completion/unet/per_dataset/fr2_desk_lightswitch/artifacts/unet_c2f_a_fine04_coarse04/replicate_0.all_frames.tum.txt,/home/melody/code/individual_project/channel_selection_results/step_r_c2f_grid_completion/unet/per_dataset/fr2_desk_lightswitch/artifacts/unet_c2f_a_fine04_coarse04/replicate_0.keyframes.tum.txt,/home/melody/code/individual_project/channel_selection_results/step_r_c2f_grid_completion/unet/per_dataset/fr2_desk_lightswitch/artifacts/unet_c2f_a_fine04_coarse04/replicate_0.log,2026-08-25T19:57:36.140396+00:00
5,fr2_desk_lightswitch,fr2_desk,lightswitch,Step-R:new,unet_c2f_a_fine05_coarse01,c2f,19,unet_c2f_a_fine05_coarse01,Step-R full-grid C2F-A; F5 × C1,"unet:c2f:A:fine2,3,7,12,13:coarse5,6,17,18,28,30","[2, 3, 7, 12, 13, 5, 6, 17, 18, 28, 30]",0,PASS,Completed the full matched RGB-D sequence,187.03881344100046,0,,,1311868263.1855,2891,2221,2893,0.9993086761147598,0.34179404693268345,0.2774919830006928,0.24764287813876915,0.7159868131989289,0.19955292503234487,13.482344618048941,12.893036083182999,19.627474129036383,0.005484366089144178,0.11495108899734714,0.28801313896783604,2.7238598665914524,0.32647007162066516,0.2864320911350382,0.9447860608898729,0.06964410725070062,0.04368886311948693,1.0456146518677192,470,0.068407,0.04134,0.041733,2891,6.367459,25.534768999999997,0,0.901,1.0,94530.0,0.06052,122,/home/melody/code/individual_project/channel_selection_results/step_r_c2f_grid_completion/unet/per_dataset/fr2_desk_lightswitch/artifacts/unet_c2f_a_fine05_coarse01/replicate_0.all_frames.tum.txt,/home/melody/code/individual_project/channel_selection_results/step_r_c2f_grid_completion/unet/per_dataset/fr2_desk_lightswitch/artifacts/unet_c2f_a_fine05_coarse01/replicate_0.keyframes.tum.txt,/home/melody/code/individual_project/channel_selection_results/step_r_c2f_grid_completion/unet/per_dataset/fr2_desk_lightswitch/artifacts/unet_c2f_a_fine05_coarse01/replicate_0.log,2026-08-25T20:00:44.087987+00:00
5,fr2_desk_lightswitch,fr2_desk,lightswitch,Step-R:new,unet_c2f_a_fine05_coarse02,c2f,20,unet_c2f_a_fine05_coarse02,Step-R full-grid C2F-A; F5 × C2,"unet:c2f:A:fine2,3,7,12,13:coarse0,5,6,17,18,30","[2, 3, 7, 12, 13, 0, 5, 6, 17, 18, 30]",0,PASS,Completed the full matched RGB-D sequence,180.75845581299836,0,,,1311868263.1855,2891,2221,2893,0.9993086761147598,0.32290286192262996,0.2599736367994953,0.23814748727672844,0.6813411195908201,0.1915201462172299,12.301052238945063,11.77445025205697,18.11792652980502,0.00499116399131643,0.10609256858403868,0.28074409437294257,2.403742814630395,0.3058798474935525,0.2672464165119543,0.9437356319648018,0.06630768867899563,0.04197855631809174,1.0425722196171818,469,0.064832,0.039565,0.038732,2891,6.385018,25.487804500000003,0,0.906,1.0,80100.0,0.020373,109,/home/melody/code/individual_project/channel_selection_results/step_r_c2f_grid_completion/unet/per_dataset/fr2_desk_lightswitch/artifacts/unet_c2f_a_fine05_coarse02/replicate_0.all_frames.tum.txt,/home/melody/code/individual_project/channel_selection_results/step_r_c2f_grid_completion/unet/per_dataset/fr2_desk_lightswitch/artifacts/unet_c2f_a_fine05_coarse02/replicate_0.keyframes.tum.txt,/home/melody/code/individual_project/channel_selection_results/step_r_c2f_grid_completion/unet/per_dataset/fr2_desk_lightswitch/artifacts/unet_c2f_a_fine05_coarse02/replicate_0.log,2026-08-25T20:03:45.758498+00:00
5,fr2_desk_lightswitch,fr2_desk,lightswitch,Step-R:new,unet_c2f_a_fine05_coarse03,c2f,21,unet_c2f_a_fine05_coarse03,Step-R full-grid C2F-A; F5 × C3,"unet:c2f:A:fine2,3,7,12,13:coarse0,5,18,30","[2, 3, 7, 12, 13, 0, 5, 18, 30]",0,PASS,Completed the full matched RGB-D sequence,179.49430694999683,0,,,1311868263.1855,2891,2221,2893,0.9993086761147598,0.3494059028133994,0.283155309422125,0.2407227524127525,0.7411639407461333,0.20471334999678775,13.119175057983528,12.49655059884993,19.072427421252492,0.005586453140022076,0.12010993307953105,0.2868438489358243,2.5907295099537873,0.33369987665453377,0.28993584000079786,0.9435157105613937,0.07321892385727005,0.04539488917702627,1.046311324654271,470,0.071994,0.043029,0.044369,2891,6.392514,26.865284,0,0.902,1.0,85530.0,0.016456,116,/home/melody/code/individual_project/channel_selection_results/step_r_c2f_grid_completion/unet/per_dataset/fr2_desk_lightswitch/artifacts/unet_c2f_a_fine05_coarse03/replicate_0.all_frames.tum.txt,/home/melody/code/individual_project/channel_selection_results/step_r_c2f_grid_completion/unet/per_dataset/fr2_desk_lightswitch/artifacts/unet_c2f_a_fine05_coarse03/replicate_0.keyframes.tum.txt,/home/melody/code/individual_project/channel_selection_results/step_r_c2f_grid_completion/unet/per_dataset/fr2_desk_lightswitch/artifacts/unet_c2f_a_fine05_coarse03/replicate_0.log,2026-08-25T20:06:46.169752+00:00
5,fr2_desk_lightswitch,fr2_desk,lightswitch,Step-Q:unet_c2f_a_f5_c4_positive_synergy,unet_c2f_a_fine05_coarse04,c2f,9,unet_c2f_a_f5_c4_positive_synergy,C2F-A positive synergy case: 12.8% lower fr1-lightswitch ATE than direct F5.,"unet:c2f:A:fine2,3,7,12,13:coarse0,5,6,18,30","[2, 3, 7, 12, 13, 0, 5, 6, 18, 30]",0,PASS,Completed the full matched RGB-D sequence,182.408017217007,0,,,1311868263.1855,2891,2221,2893,0.9993086761147598,0.3244522643273757,0.26211697209189827,0.23643947201703538,0.6822013048961056,0.19121706191795826,12.66717878397461,12.153491470771415,18.728851786564714,0.005138355832764885,0.10892402361544194,0.2830130669652889,2.696144882827986,0.3091437180180408,0.27060580301914283,0.9462781038766536,0.06649896844149793,0.04172882961229043,1.0412765310948264,470,0.065161,0.039342,0.039249,2891,6.393918,24.7362355,0,0.898,1.0,84040.0,0.023479,123,/home/melody/code/individual_project/channel_selection_results/step_q_c2f_multi_dataset_evaluation/unet/per_dataset/fr2_desk_lightswitch/artifacts/unet_c2f_a_f5_c4_positive_synergy/replicate_0.all_frames.tum.txt,/home/melody/code/individual_project/channel_selection_results/step_q_c2f_multi_dataset_evaluation/unet/per_dataset/fr2_desk_lightswitch/artifacts/unet_c2f_a_f5_c4_positive_synergy/replicate_0.keyframes.tum.txt,/home/melody/code/individual_project/channel_selection_results/step_q_c2f_multi_dataset_evaluation/unet/per_dataset/fr2_desk_lightswitch/artifacts/unet_c2f_a_f5_c4_positive_synergy/replicate_0.log,2026-08-23T10:44:57.674028+00:00
5,fr2_desk_lightswitch,fr2_desk,lightswitch,Step-R:new,unet_c2f_b_fine01_coarse01,c2f,22,unet_c2f_b_fine01_coarse01,Step-R full-grid C2F-B; F1 × C1,"unet:c2f:B:fine2,3,7,12,13,14:coarse5,6,17,18,28,30","[2, 3, 7, 12, 13, 14, 5, 6, 17, 18, 28, 30]",0,PASS,Completed the full matched RGB-D sequence,174.09164597999916,0,,,1311868263.1855,2891,2221,2893,0.9993086761147598,0.32727366802765895,0.26712714041579144,0.2380616428887636,0.79160407205016,0.18907973090090946,14.519960401389648,13.658042627906484,22.876710486316718,0.005929423584412008,0.09698693385591353,0.3057422064005213,5.16823754265777,0.3148096375339302,0.27755659069444627,0.9509330050232372,0.07814640690260864,0.05777111082639676,1.0457288777612845,469,0.076643,0.056,0.03913,2891,7.323274,32.6378785,0,0.906,1.0,1543000.0,0.010938,127,/home/melody/code/individual_project/channel_selection_results/step_r_c2f_grid_completion/unet/per_dataset/fr2_desk_lightswitch/artifacts/unet_c2f_b_fine01_coarse01/replicate_0.all_frames.tum.txt,/home/melody/code/individual_project/channel_selection_results/step_r_c2f_grid_completion/unet/per_dataset/fr2_desk_lightswitch/artifacts/unet_c2f_b_fine01_coarse01/replicate_0.keyframes.tum.txt,/home/melody/code/individual_project/channel_selection_results/step_r_c2f_grid_completion/unet/per_dataset/fr2_desk_lightswitch/artifacts/unet_c2f_b_fine01_coarse01/replicate_0.log,2026-08-25T20:09:41.178259+00:00
5,fr2_desk_lightswitch,fr2_desk,lightswitch,Step-R:new,unet_c2f_b_fine01_coarse02,c2f,23,unet_c2f_b_fine01_coarse02,Step-R full-grid C2F-B; F1 × C2,"unet:c2f:B:fine2,3,7,12,13,14:coarse0,5,6,17,18,30","[2, 3, 7, 12, 13, 14, 0, 5, 6, 17, 18, 30]",0,PASS,Completed the full matched RGB-D sequence,171.17274539600112,0,,,1311868263.1855,2891,2221,2893,0.9993086761147598,0.3271322524855187,0.2631860664994023,0.2402124017974486,0.748540281013559,0.19429000235941465,13.477111066824468,12.77704271070632,20.49884496607904,0.005498765203378881,0.08715266796669449,0.2950344635832079,3.5988236256052044,0.31218443966617365,0.27341755377149723,0.9466386505013484,0.07968747836883865,0.05895417623208571,1.042314274045464,469,0.078376,0.057384,0.039752,2891,7.310055,32.6821405,0,0.9,1.0,1067000.0,0.011197,127,/home/melody/code/individual_project/channel_selection_results/step_r_c2f_grid_completion/unet/per_dataset/fr2_desk_lightswitch/artifacts/unet_c2f_b_fine01_coarse02/replicate_0.all_frames.tum.txt,/home/melody/code/individual_project/channel_selection_results/step_r_c2f_grid_completion/unet/per_dataset/fr2_desk_lightswitch/artifacts/unet_c2f_b_fine01_coarse02/replicate_0.keyframes.tum.txt,/home/melody/code/individual_project/channel_selection_results/step_r_c2f_grid_completion/unet/per_dataset/fr2_desk_lightswitch/artifacts/unet_c2f_b_fine01_coarse02/replicate_0.log,2026-08-25T20:12:33.260504+00:00
5,fr2_desk_lightswitch,fr2_desk,lightswitch,Step-R:new,unet_c2f_b_fine01_coarse03,c2f,24,unet_c2f_b_fine01_coarse03,Step-R full-grid C2F-B; F1 × C3,"unet:c2f:B:fine2,3,7,12,13,14:coarse0,5,18,30","[2, 3, 7, 12, 13, 14, 0, 5, 18, 30]",0,PASS,Completed the full matched RGB-D sequence,170.11088586999904,0,,,1311868263.1855,2891,2221,2893,0.9993086761147598,0.3151822103987417,0.2551019285237298,0.23111942661208276,0.7097594040012357,0.18510221990919118,13.624034971567147,12.749656365641716,22.082047051462958,0.00570184575067768,0.10565559294566973,0.3050319663329241,5.281576626748009,0.30188814686389853,0.26478863238625294,0.9504151215885229,0.07040069038199816,0.048140994173529225,1.0540331454112601,468,0.06938,0.046512,0.038218,2891,7.341228,32.8570595,0,0.902,1.0,1581000.0,0.971915,128,/home/melody/code/individual_project/channel_selection_results/step_r_c2f_grid_completion/unet/per_dataset/fr2_desk_lightswitch/artifacts/unet_c2f_b_fine01_coarse03/replicate_0.all_frames.tum.txt,/home/melody/code/individual_project/channel_selection_results/step_r_c2f_grid_completion/unet/per_dataset/fr2_desk_lightswitch/artifacts/unet_c2f_b_fine01_coarse03/replicate_0.keyframes.tum.txt,/home/melody/code/individual_project/channel_selection_results/step_r_c2f_grid_completion/unet/per_dataset/fr2_desk_lightswitch/artifacts/unet_c2f_b_fine01_coarse03/replicate_0.log,2026-08-25T20:15:24.276815+00:00
5,fr2_desk_lightswitch,fr2_desk,lightswitch,Step-R:new,unet_c2f_b_fine01_coarse04,c2f,25,unet_c2f_b_fine01_coarse04,Step-R full-grid C2F-B; F1 × C4,"unet:c2f:B:fine2,3,7,12,13,14:coarse0,5,6,18,30","[2, 3, 7, 12, 13, 14, 0, 5, 6, 18, 30]",0,PASS,Completed the full matched RGB-D sequence,170.683712697999,0,,,1311868263.1855,2891,2221,2893,0.9993086761147598,0.3266559298349533,0.26592642722199733,0.24112617673954706,0.7255431519505878,0.18970300946817287,14.361562113042199,13.439019926434781,22.957709814757532,0.005620448899513704,0.09611026833941634,0.30221046532157214,5.375387531640975,0.31363169815380565,0.27664276829738177,0.9499695482721022,0.07030164730960949,0.04697053356666037,1.0501129927720394,469,0.068781,0.044849,0.040665,2891,7.333641,32.8837835,0,0.902,1.0,1519000.0,0.014709,128,/home/melody/code/individual_project/channel_selection_results/step_r_c2f_grid_completion/unet/per_dataset/fr2_desk_lightswitch/artifacts/unet_c2f_b_fine01_coarse04/replicate_0.all_frames.tum.txt,/home/melody/code/individual_project/channel_selection_results/step_r_c2f_grid_completion/unet/per_dataset/fr2_desk_lightswitch/artifacts/unet_c2f_b_fine01_coarse04/replicate_0.keyframes.tum.txt,/home/melody/code/individual_project/channel_selection_results/step_r_c2f_grid_completion/unet/per_dataset/fr2_desk_lightswitch/artifacts/unet_c2f_b_fine01_coarse04/replicate_0.log,2026-08-25T20:18:15.883824+00:00
5,fr2_desk_lightswitch,fr2_desk,lightswitch,Step-R:new,unet_c2f_b_fine02_coarse01,c2f,26,unet_c2f_b_fine02_coarse01,Step-R full-grid C2F-B; F2 × C1,"unet:c2f:B:fine3,7,12:coarse5,6,17,18,28,30","[3, 7, 12, 5, 6, 17, 18, 28, 30]",0,PASS,Completed the full matched RGB-D sequence,173.492169475001,0,,,1311868263.1855,2891,2221,2893,0.9993086761147598,0.330746092035962,0.26734346190306263,0.23865057665444273,0.7107559231111317,0.19473174054259051,13.315063016562268,12.784518728839858,20.206547804212466,0.0050037465794520695,0.08486803991397579,0.2826306150086403,3.0159460404129588,0.3158583825252503,0.27630016064818713,0.9464343737532116,0.07159355717512549,0.04655084797698771,1.0515829699016064,470,0.070245,0.04433,0.038206,2891,3.539476,14.261631999999999,0,0.906,1.0,45650.0,0.011584,84,/home/melody/code/individual_project/channel_selection_results/step_r_c2f_grid_completion/unet/per_dataset/fr2_desk_lightswitch/artifacts/unet_c2f_b_fine02_coarse01/replicate_0.all_frames.tum.txt,/home/melody/code/individual_project/channel_selection_results/step_r_c2f_grid_completion/unet/per_dataset/fr2_desk_lightswitch/artifacts/unet_c2f_b_fine02_coarse01/replicate_0.keyframes.tum.txt,/home/melody/code/individual_project/channel_selection_results/step_r_c2f_grid_completion/unet/per_dataset/fr2_desk_lightswitch/artifacts/unet_c2f_b_fine02_coarse01/replicate_0.log,2026-08-25T20:21:10.287135+00:00
5,fr2_desk_lightswitch,fr2_desk,lightswitch,Step-Q:unet_c2f_b_f2_c2_variant_contrast,unet_c2f_b_fine02_coarse02,c2f,10,unet_c2f_b_f2_c2_variant_contrast,"C2F-B schedule contrast: on fr1 lightswitch it is worse than direct F2, despite the same fine scale family.","unet:c2f:B:fine3,7,12:coarse0,5,6,17,18,30","[3, 7, 12, 0, 5, 6, 17, 18, 30]",0,PASS,Completed the full matched RGB-D sequence,172.58646388800116,0,,,1311868263.1855,2891,2221,2893,0.9993086761147598,0.32993390451880195,0.2650448382338212,0.23337184450438977,0.7001590398358443,0.19648820594791302,13.251611045391249,12.714035699613135,19.9047883207703,0.0049979159962913215,0.08643995743788743,0.28256852716104397,2.869464109589961,0.31462562133756244,0.2745344974664228,0.9458116826384608,0.0706666136769863,0.04540904030369852,1.0496312694853351,469,0.069235,0.043206,0.038845,2891,3.53728,14.297987,0,0.906,1.0,44920.0,0.011538,86,/home/melody/code/individual_project/channel_selection_results/step_q_c2f_multi_dataset_evaluation/unet/per_dataset/fr2_desk_lightswitch/artifacts/unet_c2f_b_f2_c2_variant_contrast/replicate_0.all_frames.tum.txt,/home/melody/code/individual_project/channel_selection_results/step_q_c2f_multi_dataset_evaluation/unet/per_dataset/fr2_desk_lightswitch/artifacts/unet_c2f_b_f2_c2_variant_contrast/replicate_0.keyframes.tum.txt,/home/melody/code/individual_project/channel_selection_results/step_q_c2f_multi_dataset_evaluation/unet/per_dataset/fr2_desk_lightswitch/artifacts/unet_c2f_b_f2_c2_variant_contrast/replicate_0.log,2026-08-23T10:47:51.214801+00:00
5,fr2_desk_lightswitch,fr2_desk,lightswitch,Step-R:new,unet_c2f_b_fine02_coarse03,c2f,27,unet_c2f_b_fine02_coarse03,Step-R full-grid C2F-B; F2 × C3,"unet:c2f:B:fine3,7,12:coarse0,5,18,30","[3, 7, 12, 0, 5, 18, 30]",0,PASS,Completed the full matched RGB-D sequence,170.4794328349999,0,,,1311868263.1855,2891,2221,2893,0.9993086761147598,0.32691521177262095,0.26268454856424706,0.23013985222368874,0.7025384897631787,0.19460314394668787,13.027469023697744,12.479388533680334,19.985956120336738,0.005012118775627881,0.08355519772277094,0.2842817627969389,2.990689812628813,0.3124154886028112,0.27156300857062515,0.9474004112648214,0.07140977231444205,0.04646243517178791,1.0523754149867421,469,0.069967,0.044275,0.03862,2891,3.539994,14.2638885,0,0.906,1.0,47900.0,0.011552,91,/home/melody/code/individual_project/channel_selection_results/step_r_c2f_grid_completion/unet/per_dataset/fr2_desk_lightswitch/artifacts/unet_c2f_b_fine02_coarse03/replicate_0.all_frames.tum.txt,/home/melody/code/individual_project/channel_selection_results/step_r_c2f_grid_completion/unet/per_dataset/fr2_desk_lightswitch/artifacts/unet_c2f_b_fine02_coarse03/replicate_0.keyframes.tum.txt,/home/melody/code/individual_project/channel_selection_results/step_r_c2f_grid_completion/unet/per_dataset/fr2_desk_lightswitch/artifacts/unet_c2f_b_fine02_coarse03/replicate_0.log,2026-08-25T20:24:01.686859+00:00
5,fr2_desk_lightswitch,fr2_desk,lightswitch,Step-R:new,unet_c2f_b_fine02_coarse04,c2f,28,unet_c2f_b_fine02_coarse04,Step-R full-grid C2F-B; F2 × C4,"unet:c2f:B:fine3,7,12:coarse0,5,6,18,30","[3, 7, 12, 0, 5, 6, 18, 30]",0,PASS,Completed the full matched RGB-D sequence,171.00058303399783,0,,,1311868263.1855,2891,2221,2893,0.9993086761147598,0.3222512303550002,0.2590006787730227,0.22951647415652943,0.6845642688044403,0.1917407204023833,13.175503213842195,12.643389633481982,19.72301171273644,0.004958072879806579,0.08327540175036313,0.2824256635968509,2.876791723525604,0.307891954217807,0.2687233035563338,0.9480233184601852,0.06983650896431567,0.04536378565320099,1.0475643406264306,470,0.068536,0.043204,0.037571,2891,3.537823,14.2584625,0,0.906,1.0,44760.0,0.011545,78,/home/melody/code/individual_project/channel_selection_results/step_r_c2f_grid_completion/unet/per_dataset/fr2_desk_lightswitch/artifacts/unet_c2f_b_fine02_coarse04/replicate_0.all_frames.tum.txt,/home/melody/code/individual_project/channel_selection_results/step_r_c2f_grid_completion/unet/per_dataset/fr2_desk_lightswitch/artifacts/unet_c2f_b_fine02_coarse04/replicate_0.keyframes.tum.txt,/home/melody/code/individual_project/channel_selection_results/step_r_c2f_grid_completion/unet/per_dataset/fr2_desk_lightswitch/artifacts/unet_c2f_b_fine02_coarse04/replicate_0.log,2026-08-25T20:26:53.627894+00:00
5,fr2_desk_lightswitch,fr2_desk,lightswitch,Step-R:new,unet_c2f_b_fine03_coarse01,c2f,29,unet_c2f_b_fine03_coarse01,Step-R full-grid C2F-B; F3 × C1,"unet:c2f:B:fine2,3,12,14:coarse5,6,17,18,28,30","[2, 3, 12, 14, 5, 6, 17, 18, 28, 30]",0,PASS,Completed the full matched RGB-D sequence,174.01207215899922,0,,,1311868263.1855,2891,2221,2893,0.9993086761147598,0.34846343282709114,0.28110838045961367,0.247510696897423,0.7278287511234404,0.20592436099940606,13.458746509390783,12.858865770186991,20.426653992493073,0.005214351352461381,0.09967447094218995,0.2876823667466362,3.51733582203169,0.3325207298625316,0.2907318380118588,0.9432062465260374,0.07592362369371232,0.04859401077349118,1.0517362468651985,469,0.074846,0.046366,0.044388,2891,4.986917,21.769618,0,0.903,1.0,25820.0,0.00824,94,/home/melody/code/individual_project/channel_selection_results/step_r_c2f_grid_completion/unet/per_dataset/fr2_desk_lightswitch/artifacts/unet_c2f_b_fine03_coarse01/replicate_0.all_frames.tum.txt,/home/melody/code/individual_project/channel_selection_results/step_r_c2f_grid_completion/unet/per_dataset/fr2_desk_lightswitch/artifacts/unet_c2f_b_fine03_coarse01/replicate_0.keyframes.tum.txt,/home/melody/code/individual_project/channel_selection_results/step_r_c2f_grid_completion/unet/per_dataset/fr2_desk_lightswitch/artifacts/unet_c2f_b_fine03_coarse01/replicate_0.log,2026-08-25T20:29:48.572814+00:00
5,fr2_desk_lightswitch,fr2_desk,lightswitch,Step-R:new,unet_c2f_b_fine03_coarse02,c2f,30,unet_c2f_b_fine03_coarse02,Step-R full-grid C2F-B; F3 × C2,"unet:c2f:B:fine2,3,12,14:coarse0,5,6,17,18,30","[2, 3, 12, 14, 0, 5, 6, 17, 18, 30]",0,PASS,Completed the full matched RGB-D sequence,170.98225076700328,0,,,1311868263.1855,2891,2221,2893,0.9993086761147598,0.34622644684107934,0.2798874896099739,0.24572860780329897,0.7215244560516565,0.20380320324279874,13.270922002686168,12.697177973313801,19.984474965982617,0.005189364546374166,0.10592118125395769,0.2858480308708148,3.2557758191487687,0.3301520304715804,0.28880318834332863,0.9431816693577808,0.07496621992119419,0.047845852044203635,1.0499832633856574,470,0.073916,0.045657,0.044077,2891,4.98724,21.762784,0,0.902,1.0,25770.0,0.008246,92,/home/melody/code/individual_project/channel_selection_results/step_r_c2f_grid_completion/unet/per_dataset/fr2_desk_lightswitch/artifacts/unet_c2f_b_fine03_coarse02/replicate_0.all_frames.tum.txt,/home/melody/code/individual_project/channel_selection_results/step_r_c2f_grid_completion/unet/per_dataset/fr2_desk_lightswitch/artifacts/unet_c2f_b_fine03_coarse02/replicate_0.keyframes.tum.txt,/home/melody/code/individual_project/channel_selection_results/step_r_c2f_grid_completion/unet/per_dataset/fr2_desk_lightswitch/artifacts/unet_c2f_b_fine03_coarse02/replicate_0.log,2026-08-25T20:32:40.470621+00:00
5,fr2_desk_lightswitch,fr2_desk,lightswitch,Step-R:new,unet_c2f_b_fine03_coarse03,c2f,31,unet_c2f_b_fine03_coarse03,Step-R full-grid C2F-B; F3 × C3,"unet:c2f:B:fine2,3,12,14:coarse0,5,18,30","[2, 3, 12, 14, 0, 5, 18, 30]",0,PASS,Completed the full matched RGB-D sequence,170.9850747849996,0,,,1311868263.1855,2891,2221,2893,0.9993086761147598,0.348174743469328,0.28131103818227027,0.24728800610312413,0.727145789073379,0.20515787039922603,13.310652662239908,12.710557479981738,20.276364056511706,0.005280366194544868,0.10309414884457095,0.28951969220202756,3.3938130770293733,0.3323172914651519,0.2900016438463224,0.9433702044624706,0.07527779671091306,0.04812381603499677,1.0531472231686976,470,0.074104,0.045912,0.04363,2891,4.988855,21.8908385,0,0.903,1.0,32180.0,0.00826,98,/home/melody/code/individual_project/channel_selection_results/step_r_c2f_grid_completion/unet/per_dataset/fr2_desk_lightswitch/artifacts/unet_c2f_b_fine03_coarse03/replicate_0.all_frames.tum.txt,/home/melody/code/individual_project/channel_selection_results/step_r_c2f_grid_completion/unet/per_dataset/fr2_desk_lightswitch/artifacts/unet_c2f_b_fine03_coarse03/replicate_0.keyframes.tum.txt,/home/melody/code/individual_project/channel_selection_results/step_r_c2f_grid_completion/unet/per_dataset/fr2_desk_lightswitch/artifacts/unet_c2f_b_fine03_coarse03/replicate_0.log,2026-08-25T20:35:32.370119+00:00
5,fr2_desk_lightswitch,fr2_desk,lightswitch,Step-R:new,unet_c2f_b_fine03_coarse04,c2f,32,unet_c2f_b_fine03_coarse04,Step-R full-grid C2F-B; F3 × C4,"unet:c2f:B:fine2,3,12,14:coarse0,5,6,18,30","[2, 3, 12, 14, 0, 5, 6, 18, 30]",0,PASS,Completed the full matched RGB-D sequence,167.64890698899762,0,,,1311868263.1855,2891,2221,2893,0.9993086761147598,0.3545311725540854,0.28843239556232375,0.2562848172724014,0.7366819057501715,0.2061531117949809,13.506951782342936,12.92035677282177,20.120571281691518,0.005354591023069981,0.11512341043233323,0.2856296329774396,3.295324382326643,0.3381703559927978,0.2965884611683107,0.9420103346307517,0.07446759170418844,0.04673108457383464,1.0484037513981026,470,0.073433,0.04456,0.04561,2891,4.991806,21.798645,0,0.902,1.0,25780.0,0.008252,93,/home/melody/code/individual_project/channel_selection_results/step_r_c2f_grid_completion/unet/per_dataset/fr2_desk_lightswitch/artifacts/unet_c2f_b_fine03_coarse04/replicate_0.all_frames.tum.txt,/home/melody/code/individual_project/channel_selection_results/step_r_c2f_grid_completion/unet/per_dataset/fr2_desk_lightswitch/artifacts/unet_c2f_b_fine03_coarse04/replicate_0.keyframes.tum.txt,/home/melody/code/individual_project/channel_selection_results/step_r_c2f_grid_completion/unet/per_dataset/fr2_desk_lightswitch/artifacts/unet_c2f_b_fine03_coarse04/replicate_0.log,2026-08-25T20:38:20.923034+00:00
5,fr2_desk_lightswitch,fr2_desk,lightswitch,Step-R:new,unet_c2f_b_fine04_coarse01,c2f,33,unet_c2f_b_fine04_coarse01,Step-R full-grid C2F-B; F4 × C1,"unet:c2f:B:fine2,4,6:coarse5,6,17,18,28,30","[2, 4, 6, 5, 6, 17, 18, 28, 30]",0,PASS,Completed the full matched RGB-D sequence,174.42706459699912,0,,,1311868263.1855,2891,2221,2893,0.9993086761147598,0.3146400938066303,0.25093011511916846,0.20626666919268913,0.6294933895412326,0.18982219563824987,12.167164907853929,11.628365711672123,18.78961651422629,0.004893240331072503,0.09809786292785294,0.28532852749456433,2.743663282659084,0.2997660674728146,0.2610849765698679,0.9478186818398626,0.07639630169431573,0.056089931214108366,1.051114352449929,468,0.075628,0.05469,0.041694,2891,5.878072,44.182934,0,0.902,1.0,31890.0,0.01908,55,/home/melody/code/individual_project/channel_selection_results/step_r_c2f_grid_completion/unet/per_dataset/fr2_desk_lightswitch/artifacts/unet_c2f_b_fine04_coarse01/replicate_0.all_frames.tum.txt,/home/melody/code/individual_project/channel_selection_results/step_r_c2f_grid_completion/unet/per_dataset/fr2_desk_lightswitch/artifacts/unet_c2f_b_fine04_coarse01/replicate_0.keyframes.tum.txt,/home/melody/code/individual_project/channel_selection_results/step_r_c2f_grid_completion/unet/per_dataset/fr2_desk_lightswitch/artifacts/unet_c2f_b_fine04_coarse01/replicate_0.log,2026-08-25T20:41:16.265404+00:00
5,fr2_desk_lightswitch,fr2_desk,lightswitch,Step-R:new,unet_c2f_b_fine04_coarse02,c2f,34,unet_c2f_b_fine04_coarse02,Step-R full-grid C2F-B; F4 × C2,"unet:c2f:B:fine2,4,6:coarse0,5,6,17,18,30","[2, 4, 6, 0, 5, 6, 17, 18, 30]",0,PASS,Completed the full matched RGB-D sequence,175.65735553800187,0,,,1311868263.1855,2891,2221,2893,0.9993086761147598,0.3089411595176971,0.24826374253485076,0.2071847721220068,0.6148847531736735,0.18387428908558284,11.848520718552258,11.337644390459165,18.11916507931914,0.004930547366325613,0.10879619140847595,0.28348788972648825,2.5175208250362133,0.2945281814778999,0.25672246360793893,0.9490530027040869,0.0739864810988573,0.05339608539952331,1.0468382961865794,468,0.073309,0.052067,0.041846,2891,5.894898,42.435278,0,0.902,1.0,31800.0,0.010027,48,/home/melody/code/individual_project/channel_selection_results/step_r_c2f_grid_completion/unet/per_dataset/fr2_desk_lightswitch/artifacts/unet_c2f_b_fine04_coarse02/replicate_0.all_frames.tum.txt,/home/melody/code/individual_project/channel_selection_results/step_r_c2f_grid_completion/unet/per_dataset/fr2_desk_lightswitch/artifacts/unet_c2f_b_fine04_coarse02/replicate_0.keyframes.tum.txt,/home/melody/code/individual_project/channel_selection_results/step_r_c2f_grid_completion/unet/per_dataset/fr2_desk_lightswitch/artifacts/unet_c2f_b_fine04_coarse02/replicate_0.log,2026-08-25T20:44:12.859102+00:00
5,fr2_desk_lightswitch,fr2_desk,lightswitch,Step-R:new,unet_c2f_b_fine04_coarse03,c2f,35,unet_c2f_b_fine04_coarse03,Step-R full-grid C2F-B; F4 × C3,"unet:c2f:B:fine2,4,6:coarse0,5,18,30","[2, 4, 6, 0, 5, 18, 30]",0,PASS,Completed the full matched RGB-D sequence,177.19430727299914,0,,,1311868263.1855,2891,2221,2893,0.9993086761147598,0.3065323730624921,0.246900915244041,0.21729965605386237,0.6195333039659823,0.18166461897402505,11.955756001827506,11.438856110058094,18.364374470434573,0.004944863967619988,0.10019499067789073,0.28623156891921564,2.706035821817284,0.29237961221182196,0.25493403335713133,0.9496831141184654,0.07534653285072293,0.055897624026953155,1.0523529208768707,468,0.07451,0.054545,0.04026,2891,5.88988,44.161626999999996,0,0.901,1.0,31830.0,0.018991,55,/home/melody/code/individual_project/channel_selection_results/step_r_c2f_grid_completion/unet/per_dataset/fr2_desk_lightswitch/artifacts/unet_c2f_b_fine04_coarse03/replicate_0.all_frames.tum.txt,/home/melody/code/individual_project/channel_selection_results/step_r_c2f_grid_completion/unet/per_dataset/fr2_desk_lightswitch/artifacts/unet_c2f_b_fine04_coarse03/replicate_0.keyframes.tum.txt,/home/melody/code/individual_project/channel_selection_results/step_r_c2f_grid_completion/unet/per_dataset/fr2_desk_lightswitch/artifacts/unet_c2f_b_fine04_coarse03/replicate_0.log,2026-08-25T20:47:10.956912+00:00
5,fr2_desk_lightswitch,fr2_desk,lightswitch,Step-R:new,unet_c2f_b_fine04_coarse04,c2f,36,unet_c2f_b_fine04_coarse04,Step-R full-grid C2F-B; F4 × C4,"unet:c2f:B:fine2,4,6:coarse0,5,6,18,30","[2, 4, 6, 0, 5, 6, 18, 30]",0,PASS,Completed the full matched RGB-D sequence,176.25995609600068,0,,,1311868263.1855,2891,2221,2893,0.9993086761147598,0.3116479859061101,0.24994027431872323,0.21100319113785287,0.6263008205848334,0.18615672534941183,11.742957521069599,11.213296528696866,18.13544063589084,0.004985915115828067,0.10995810145058697,0.2849748965003892,2.6337149247802945,0.29604342279572676,0.25778771478183377,0.9469156276364314,0.07368861380654036,0.05313811214966548,1.0457241125032628,468,0.072996,0.051824,0.042513,2891,5.896446,42.640713,0,0.902,1.0,31830.0,0.019205,51,/home/melody/code/individual_project/channel_selection_results/step_r_c2f_grid_completion/unet/per_dataset/fr2_desk_lightswitch/artifacts/unet_c2f_b_fine04_coarse04/replicate_0.all_frames.tum.txt,/home/melody/code/individual_project/channel_selection_results/step_r_c2f_grid_completion/unet/per_dataset/fr2_desk_lightswitch/artifacts/unet_c2f_b_fine04_coarse04/replicate_0.keyframes.tum.txt,/home/melody/code/individual_project/channel_selection_results/step_r_c2f_grid_completion/unet/per_dataset/fr2_desk_lightswitch/artifacts/unet_c2f_b_fine04_coarse04/replicate_0.log,2026-08-25T20:50:08.120564+00:00
5,fr2_desk_lightswitch,fr2_desk,lightswitch,Step-R:new,unet_c2f_b_fine05_coarse01,c2f,37,unet_c2f_b_fine05_coarse01,Step-R full-grid C2F-B; F5 × C1,"unet:c2f:B:fine2,3,7,12,13:coarse5,6,17,18,28,30","[2, 3, 7, 12, 13, 5, 6, 17, 18, 28, 30]",0,PASS,Completed the full matched RGB-D sequence,175.32890195800064,0,,,1311868263.1855,2891,2221,2893,0.9993086761147598,0.33637273617182223,0.27609500643468304,0.24660669525749282,0.7377856712124065,0.19214100307209458,14.500073501867293,13.888328851703806,21.7131440217054,0.006082599332157536,0.08877285033984936,0.3046886566622649,3.431588064468772,0.32299531776514295,0.28623925597156774,0.9485705554535391,0.07762894741416881,0.056101516738416166,1.040735798676738,468,0.076747,0.054797,0.039058,2891,6.379474,25.739597500000002,0,0.906,1.0,139700.0,0.018661,114,/home/melody/code/individual_project/channel_selection_results/step_r_c2f_grid_completion/unet/per_dataset/fr2_desk_lightswitch/artifacts/unet_c2f_b_fine05_coarse01/replicate_0.all_frames.tum.txt,/home/melody/code/individual_project/channel_selection_results/step_r_c2f_grid_completion/unet/per_dataset/fr2_desk_lightswitch/artifacts/unet_c2f_b_fine05_coarse01/replicate_0.keyframes.tum.txt,/home/melody/code/individual_project/channel_selection_results/step_r_c2f_grid_completion/unet/per_dataset/fr2_desk_lightswitch/artifacts/unet_c2f_b_fine05_coarse01/replicate_0.log,2026-08-25T20:53:04.372050+00:00
5,fr2_desk_lightswitch,fr2_desk,lightswitch,Step-R:new,unet_c2f_b_fine05_coarse02,c2f,38,unet_c2f_b_fine05_coarse02,Step-R full-grid C2F-B; F5 × C2,"unet:c2f:B:fine2,3,7,12,13:coarse0,5,6,17,18,30","[2, 3, 7, 12, 13, 0, 5, 6, 17, 18, 30]",0,PASS,Completed the full matched RGB-D sequence,172.28005344399935,0,,,1311868263.1855,2891,2221,2893,0.9993086761147598,0.32855092431518673,0.2702129150596582,0.23798063666666053,0.6828390956908374,0.18689753985359317,14.435813467347083,13.860357827093818,21.268218000932027,0.007051835267018717,0.08673418788500743,0.32806148856428263,3.3167395429488127,0.3157274597290108,0.2803989821199792,0.9501802134997388,0.07483147970718827,0.0526847166368477,1.0408935923113756,469,0.073267,0.050856,0.037488,2891,6.387975,27.276846499999998,0,0.906,1.0,134400.0,0.017727,115,/home/melody/code/individual_project/channel_selection_results/step_r_c2f_grid_completion/unet/per_dataset/fr2_desk_lightswitch/artifacts/unet_c2f_b_fine05_coarse02/replicate_0.all_frames.tum.txt,/home/melody/code/individual_project/channel_selection_results/step_r_c2f_grid_completion/unet/per_dataset/fr2_desk_lightswitch/artifacts/unet_c2f_b_fine05_coarse02/replicate_0.keyframes.tum.txt,/home/melody/code/individual_project/channel_selection_results/step_r_c2f_grid_completion/unet/per_dataset/fr2_desk_lightswitch/artifacts/unet_c2f_b_fine05_coarse02/replicate_0.log,2026-08-25T20:55:57.576939+00:00
5,fr2_desk_lightswitch,fr2_desk,lightswitch,Step-R:new,unet_c2f_b_fine05_coarse03,c2f,39,unet_c2f_b_fine05_coarse03,Step-R full-grid C2F-B; F5 × C3,"unet:c2f:B:fine2,3,7,12,13:coarse0,5,18,30","[2, 3, 7, 12, 13, 0, 5, 18, 30]",0,PASS,Completed the full matched RGB-D sequence,171.8000251079975,0,,,1311868263.1855,2891,2221,2893,0.9993086761147598,0.3321242776044537,0.2713878149992327,0.21887039201145791,0.6730674913464976,0.19145545080833412,14.838989899682472,14.226818699501466,21.70267890209357,0.0062538307989485845,0.08968610727555724,0.31233585056537627,3.5764623777313154,0.3208627989245339,0.28260901447122494,0.9528411448822951,0.07776656331032275,0.054785039482192426,1.042616718138263,468,0.076444,0.053115,0.038595,2891,6.375192,27.254365,0,0.906,1.0,137600.0,0.017364,114,/home/melody/code/individual_project/channel_selection_results/step_r_c2f_grid_completion/unet/per_dataset/fr2_desk_lightswitch/artifacts/unet_c2f_b_fine05_coarse03/replicate_0.all_frames.tum.txt,/home/melody/code/individual_project/channel_selection_results/step_r_c2f_grid_completion/unet/per_dataset/fr2_desk_lightswitch/artifacts/unet_c2f_b_fine05_coarse03/replicate_0.keyframes.tum.txt,/home/melody/code/individual_project/channel_selection_results/step_r_c2f_grid_completion/unet/per_dataset/fr2_desk_lightswitch/artifacts/unet_c2f_b_fine05_coarse03/replicate_0.log,2026-08-25T20:58:50.300413+00:00
5,fr2_desk_lightswitch,fr2_desk,lightswitch,Step-R:new,unet_c2f_b_fine05_coarse04,c2f,40,unet_c2f_b_fine05_coarse04,Step-R full-grid C2F-B; F5 × C4,"unet:c2f:B:fine2,3,7,12,13:coarse0,5,6,18,30","[2, 3, 7, 12, 13, 0, 5, 6, 18, 30]",0,PASS,Completed the full matched RGB-D sequence,171.50421118099985,0,,,1311868263.1855,2891,2221,2893,0.9993086761147598,0.32230669011421825,0.2641909455643871,0.22369142929331864,0.6543957855626109,0.18462054808221584,14.549719869200846,13.952555000400123,21.36599299139073,0.0058637854053003894,0.08708780692433958,0.3032927729412928,3.464663113320257,0.310140249637729,0.2748167088194498,0.9518637244320047,0.07148684720280082,0.04882410887717587,1.0421139807290627,469,0.070581,0.047356,0.036009,2891,6.380218,27.3503275,0,0.906,1.0,137400.0,0.020873,116,/home/melody/code/individual_project/channel_selection_results/step_r_c2f_grid_completion/unet/per_dataset/fr2_desk_lightswitch/artifacts/unet_c2f_b_fine05_coarse04/replicate_0.all_frames.tum.txt,/home/melody/code/individual_project/channel_selection_results/step_r_c2f_grid_completion/unet/per_dataset/fr2_desk_lightswitch/artifacts/unet_c2f_b_fine05_coarse04/replicate_0.keyframes.tum.txt,/home/melody/code/individual_project/channel_selection_results/step_r_c2f_grid_completion/unet/per_dataset/fr2_desk_lightswitch/artifacts/unet_c2f_b_fine05_coarse04/replicate_0.log,2026-08-25T21:01:42.721980+00:00
6,fr2_desk_flashlight,fr2_desk,flashlight,Step-Q:unet_enc0_direct_f1_d02_d03_d07_d12_d13_d14,unet_direct_fine01,direct_fine,4,unet_enc0_direct_f1_d02_d03_d07_d12_d13_d14,Direct fine parent F1: global direct U-Net optimum on fr1/desk_lightswitch.,"unet:direct:enc0:2,3,7,12,13,14","[2, 3, 7, 12, 13, 14]",0,PASS,Completed the full matched RGB-D sequence,156.5539657100162,0,,,1311868263.1855,2891,2221,2893,0.9993086761147598,0.28521376517564423,0.2266654482462613,0.19975364739199372,0.5916728079409945,0.17311749309930807,10.728797347981029,10.282949335432864,16.020661719327748,0.004376575992053982,0.08349010753655259,0.27805447883932466,2.2892196579370006,0.2683068846443397,0.23227154239114,0.9473758120967306,0.0588183715134804,0.03772572674942342,1.032279237911083,469,0.057524,0.035598,0.033295,2891,7.349396,8.4904935,0,0.901,1.0,15500.0,0.006766,0,/home/melody/code/individual_project/channel_selection_results/step_q_c2f_multi_dataset_evaluation/unet/per_dataset/fr2_desk_flashlight/artifacts/unet_enc0_direct_f1_d02_d03_d07_d12_d13_d14/replicate_0.all_frames.tum.txt,/home/melody/code/individual_project/channel_selection_results/step_q_c2f_multi_dataset_evaluation/unet/per_dataset/fr2_desk_flashlight/artifacts/unet_enc0_direct_f1_d02_d03_d07_d12_d13_d14/replicate_0.keyframes.tum.txt,/home/melody/code/individual_project/channel_selection_results/step_q_c2f_multi_dataset_evaluation/unet/per_dataset/fr2_desk_flashlight/artifacts/unet_enc0_direct_f1_d02_d03_d07_d12_d13_d14/replicate_0.log,2026-08-23T10:59:11.168542+00:00
6,fr2_desk_flashlight,fr2_desk,flashlight,Step-Q:unet_enc0_direct_f2_d03_d07_d12,unet_direct_fine02,direct_fine,5,unet_enc0_direct_f2_d03_d07_d12,Direct fine parent F2: the three-channel near-optimum.,"unet:direct:enc0:3,7,12","[3, 7, 12]",0,PASS,Completed the full matched RGB-D sequence,156.73240176800755,0,,,1311868263.1855,2891,2221,2893,0.9993086761147598,0.26683809911169776,0.2093409672949654,0.1798930114378872,0.5569777104836073,0.16546579873059097,10.070089740993106,9.687847858931537,14.958403191028182,0.004082136665350396,0.06818745917833155,0.27528429140855887,2.076352396271558,0.24935196326813835,0.21460208671952732,0.9483485162829938,0.053173456228261175,0.03276318977363115,1.024486672002017,469,0.051974,0.030736,0.029188,2891,3.550662,4.1780185,0,0.902,1.0,15200.0,0.008054,0,/home/melody/code/individual_project/channel_selection_results/step_q_c2f_multi_dataset_evaluation/unet/per_dataset/fr2_desk_flashlight/artifacts/unet_enc0_direct_f2_d03_d07_d12/replicate_0.all_frames.tum.txt,/home/melody/code/individual_project/channel_selection_results/step_q_c2f_multi_dataset_evaluation/unet/per_dataset/fr2_desk_flashlight/artifacts/unet_enc0_direct_f2_d03_d07_d12/replicate_0.keyframes.tum.txt,/home/melody/code/individual_project/channel_selection_results/step_q_c2f_multi_dataset_evaluation/unet/per_dataset/fr2_desk_flashlight/artifacts/unet_enc0_direct_f2_d03_d07_d12/replicate_0.log,2026-08-23T11:01:48.848873+00:00
6,fr2_desk_flashlight,fr2_desk,flashlight,Step-R:new,unet_direct_fine03,direct_fine,1,unet_direct_fine03,Step-R direct fine rank 3,"unet:direct:enc0:2,3,12,14","[2, 3, 12, 14]",0,PASS,Completed the full matched RGB-D sequence,156.79655713600005,0,,,1311868263.1855,2891,2221,2893,0.9993086761147598,0.3148935408962069,0.25202899123743844,0.21692293590267206,0.6541155450377114,0.18878381729902147,12.090159336088297,11.558128165807549,17.89614891192028,0.004802608076982861,0.09977525909094705,0.2808057021478525,2.6571995936207977,0.2987991996547466,0.2591235545632656,0.9458686358841838,0.06301119932724734,0.03778535548309481,1.035569189912652,469,0.06187,0.035523,0.038491,2891,4.989978,5.760358,0,0.902,1.0,12060.0,0.005488,0,/home/melody/code/individual_project/channel_selection_results/step_r_c2f_grid_completion/unet/per_dataset/fr2_desk_flashlight/artifacts/unet_direct_fine03/replicate_0.all_frames.tum.txt,/home/melody/code/individual_project/channel_selection_results/step_r_c2f_grid_completion/unet/per_dataset/fr2_desk_flashlight/artifacts/unet_direct_fine03/replicate_0.keyframes.tum.txt,/home/melody/code/individual_project/channel_selection_results/step_r_c2f_grid_completion/unet/per_dataset/fr2_desk_flashlight/artifacts/unet_direct_fine03/replicate_0.log,2026-08-25T21:04:20.846830+00:00
6,fr2_desk_flashlight,fr2_desk,flashlight,Step-R:new,unet_direct_fine04,direct_fine,2,unet_direct_fine04,Step-R direct fine rank 4,"unet:direct:enc0:2,4,6","[2, 4, 6]",0,PASS,Completed the full matched RGB-D sequence,161.90960972099856,0,,,1311868263.1855,2891,2221,2893,0.9993086761147598,0.2710469088261878,0.2166603405384419,0.1848193687319598,0.5329329297458805,0.16286412625866425,10.379720796510878,9.953008194570616,14.578046784458058,0.004305073265115191,0.09825994216944726,0.2791160327561532,2.2377118367064517,0.25652104984860863,0.2222654545961622,0.9521861165918744,0.057396105404226606,0.03860455735413858,1.0306117372429362,470,0.057031,0.037374,0.034057,2891,5.875239,7.210671,0,0.908,1.0,11960.0,0.007748,3,/home/melody/code/individual_project/channel_selection_results/step_r_c2f_grid_completion/unet/per_dataset/fr2_desk_flashlight/artifacts/unet_direct_fine04/replicate_0.all_frames.tum.txt,/home/melody/code/individual_project/channel_selection_results/step_r_c2f_grid_completion/unet/per_dataset/fr2_desk_flashlight/artifacts/unet_direct_fine04/replicate_0.keyframes.tum.txt,/home/melody/code/individual_project/channel_selection_results/step_r_c2f_grid_completion/unet/per_dataset/fr2_desk_flashlight/artifacts/unet_direct_fine04/replicate_0.log,2026-08-25T21:07:03.679481+00:00
6,fr2_desk_flashlight,fr2_desk,flashlight,Step-Q:unet_enc0_direct_f5_d02_d03_d07_d12_d13,unet_direct_fine05,direct_fine,6,unet_enc0_direct_f5_d02_d03_d07_d12_d13,"Direct fine parent F5, included because it has the clearest positive C2F synergy.","unet:direct:enc0:2,3,7,12,13","[2, 3, 7, 12, 13]",0,PASS,Completed the full matched RGB-D sequence,158.06917434200295,0,,,1311868263.1855,2891,2221,2893,0.9993086761147598,0.26824157729083203,0.21159799788354475,0.18572116848807904,0.5555911346741829,0.16486306766267828,9.987883009796896,9.586145574754608,15.068733653884518,0.004193088387646521,0.07413063979859129,0.2775414311988855,2.206455465257286,0.2507134896596939,0.21633019705965192,0.948153156173033,0.05602768603627629,0.03670293124669655,1.028049996529323,469,0.054757,0.034693,0.03052,2891,6.356497,7.317775,0,0.902,1.0,15460.0,0.007246,0,/home/melody/code/individual_project/channel_selection_results/step_q_c2f_multi_dataset_evaluation/unet/per_dataset/fr2_desk_flashlight/artifacts/unet_enc0_direct_f5_d02_d03_d07_d12_d13/replicate_0.all_frames.tum.txt,/home/melody/code/individual_project/channel_selection_results/step_q_c2f_multi_dataset_evaluation/unet/per_dataset/fr2_desk_flashlight/artifacts/unet_enc0_direct_f5_d02_d03_d07_d12_d13/replicate_0.keyframes.tum.txt,/home/melody/code/individual_project/channel_selection_results/step_q_c2f_multi_dataset_evaluation/unet/per_dataset/fr2_desk_flashlight/artifacts/unet_enc0_direct_f5_d02_d03_d07_d12_d13/replicate_0.log,2026-08-23T11:04:27.870095+00:00
6,fr2_desk_flashlight,fr2_desk,flashlight,Step-R:new,unet_direct_coarse01,direct_coarse,3,unet_direct_coarse01,Step-R direct coarse rank 1,"unet:direct:enc1:5,6,17,18,28,30","[5, 6, 17, 18, 28, 30]",0,PASS,Completed the full matched RGB-D sequence,184.55775668000206,0,,,1311868263.1855,2891,2221,2893,0.9993086761147598,0.46638926669230907,0.386055283567546,0.31630614507353505,0.9832919883878293,0.261687344201762,17.200791205557458,16.155502950407246,26.547644506570602,0.0070137231668846185,0.2013526091564038,0.2857194472294545,2.595943085818656,0.44778925105508754,0.3941655660093376,0.9289245534886603,0.09066680144641988,0.05264796753188628,1.0905197728866414,470,0.089982,0.049727,0.065413,2891,16.755083,22.890265,0,0.894,1.0,6986.0,0.010392,56,/home/melody/code/individual_project/channel_selection_results/step_r_c2f_grid_completion/unet/per_dataset/fr2_desk_flashlight/artifacts/unet_direct_coarse01/replicate_0.all_frames.tum.txt,/home/melody/code/individual_project/channel_selection_results/step_r_c2f_grid_completion/unet/per_dataset/fr2_desk_flashlight/artifacts/unet_direct_coarse01/replicate_0.keyframes.tum.txt,/home/melody/code/individual_project/channel_selection_results/step_r_c2f_grid_completion/unet/per_dataset/fr2_desk_flashlight/artifacts/unet_direct_coarse01/replicate_0.log,2026-08-25T21:10:09.158666+00:00
6,fr2_desk_flashlight,fr2_desk,flashlight,Step-Q:unet_enc1_direct_c2_d00_d05_d06_d17_d18_d30,unet_direct_coarse02,direct_coarse,3,unet_enc1_direct_c2_d00_d05_d06_d17_d18_d30,"Direct coarse parent C2, needed to interpret the C2F-B schedule contrast.","unet:direct:enc1:0,5,6,17,18,30","[0, 5, 6, 17, 18, 30]",0,PASS,Completed the full matched RGB-D sequence,178.89953476801747,0,,,1311868263.1855,2891,2221,2893,0.9993086761147598,0.4086420320855386,0.33291622129097254,0.278660237194111,0.8907217058361975,0.23697067326641624,14.975363117605895,14.057349967240722,24.217356303626325,0.006092867192138814,0.1573251329871996,0.28186301121341756,2.3071255289433434,0.3908483971866254,0.34065642213607644,0.9350890707271189,0.08349694583391136,0.051698654119100684,1.0805681440048949,469,0.082622,0.049033,0.056281,2891,12.030071,14.709763500000001,0,0.9,1.0,10380.0,0.01162,82,/home/melody/code/individual_project/channel_selection_results/step_q_c2f_multi_dataset_evaluation/unet/per_dataset/fr2_desk_flashlight/artifacts/unet_enc1_direct_c2_d00_d05_d06_d17_d18_d30/replicate_0.all_frames.tum.txt,/home/melody/code/individual_project/channel_selection_results/step_q_c2f_multi_dataset_evaluation/unet/per_dataset/fr2_desk_flashlight/artifacts/unet_enc1_direct_c2_d00_d05_d06_d17_d18_d30/replicate_0.keyframes.tum.txt,/home/melody/code/individual_project/channel_selection_results/step_q_c2f_multi_dataset_evaluation/unet/per_dataset/fr2_desk_flashlight/artifacts/unet_enc1_direct_c2_d00_d05_d06_d17_d18_d30/replicate_0.log,2026-08-23T10:56:33.669681+00:00
6,fr2_desk_flashlight,fr2_desk,flashlight,Step-R:new,unet_direct_coarse03,direct_coarse,4,unet_direct_coarse03,Step-R direct coarse rank 3,"unet:direct:enc1:0,5,18,30","[0, 5, 18, 30]",0,PASS,Completed the full matched RGB-D sequence,174.01108546400064,0,,,1311868263.1855,2891,2221,2893,0.9993086761147598,0.48726836901631243,0.39456539649247,0.29878914730222905,1.0704763444522416,0.28591714067987795,18.38541366293735,17.134316318004206,30.57156939338114,0.007068163724426797,0.18550070513281952,0.2913503372950582,3.2876827280474235,0.4693544598037457,0.4081629811212055,0.9284400283165409,0.10735857282431034,0.06808709104363488,1.105633915013073,471,0.106104,0.064378,0.068991,2891,6.470245,7.660905,0,0.901,1.0,10150.0,0.011673,77,/home/melody/code/individual_project/channel_selection_results/step_r_c2f_grid_completion/unet/per_dataset/fr2_desk_flashlight/artifacts/unet_direct_coarse03/replicate_0.all_frames.tum.txt,/home/melody/code/individual_project/channel_selection_results/step_r_c2f_grid_completion/unet/per_dataset/fr2_desk_flashlight/artifacts/unet_direct_coarse03/replicate_0.keyframes.tum.txt,/home/melody/code/individual_project/channel_selection_results/step_r_c2f_grid_completion/unet/per_dataset/fr2_desk_flashlight/artifacts/unet_direct_coarse03/replicate_0.log,2026-08-25T21:13:04.092485+00:00
6,fr2_desk_flashlight,fr2_desk,flashlight,Step-Q:unet_enc1_direct_c4_d00_d05_d06_d18_d30,unet_direct_coarse04,direct_coarse,2,unet_enc1_direct_c4_d00_d05_d06_d18_d30,"Direct coarse parent C4, selected because it participates in the strongest U-Net C2F results.","unet:direct:enc1:0,5,6,18,30","[0, 5, 6, 18, 30]",0,PASS,Completed the full matched RGB-D sequence,178.23123438301263,0,,,1311868263.1855,2891,2221,2893,0.9993086761147598,0.4219309470208764,0.3456119729583787,0.28553220175520205,0.9162491800227246,0.24202910610451495,16.066039687821426,15.11939181963704,24.992427334053176,0.006533478845638764,0.1755292822371126,0.2846838365286819,2.6216987807335865,0.4063901135462391,0.35500614482165865,0.9379347793495748,0.08715787234451772,0.0537426549288739,1.0801217368270806,469,0.086153,0.050815,0.059793,2891,9.342681,11.050293,0,0.906,1.0,9194.0,0.011101,77,/home/melody/code/individual_project/channel_selection_results/step_q_c2f_multi_dataset_evaluation/unet/per_dataset/fr2_desk_flashlight/artifacts/unet_enc1_direct_c4_d00_d05_d06_d18_d30/replicate_0.all_frames.tum.txt,/home/melody/code/individual_project/channel_selection_results/step_q_c2f_multi_dataset_evaluation/unet/per_dataset/fr2_desk_flashlight/artifacts/unet_enc1_direct_c4_d00_d05_d06_d18_d30/replicate_0.keyframes.tum.txt,/home/melody/code/individual_project/channel_selection_results/step_q_c2f_multi_dataset_evaluation/unet/per_dataset/fr2_desk_flashlight/artifacts/unet_enc1_direct_c4_d00_d05_d06_d18_d30/replicate_0.log,2026-08-23T10:53:33.796029+00:00
6,fr2_desk_flashlight,fr2_desk,flashlight,Step-R:new,unet_c2f_a_fine01_coarse01,c2f,5,unet_c2f_a_fine01_coarse01,Step-R full-grid C2F-A; F1 × C1,"unet:c2f:A:fine2,3,7,12,13,14:coarse5,6,17,18,28,30","[2, 3, 7, 12, 13, 14, 5, 6, 17, 18, 28, 30]",0,PASS,Completed the full matched RGB-D sequence,175.52970321500106,0,,,1311868263.1855,2891,2221,2893,0.9993086761147598,0.31910279541351444,0.25819969847413277,0.22968660341404953,0.659995662803668,0.18750869246140608,11.905298797584924,11.375158505026238,17.00712412892633,0.004924596406947635,0.10992279705992782,0.2798945375247011,2.2757671763382588,0.30186968443055,0.2638607079525604,0.9437632791141111,0.06131167642470471,0.036729866648959386,1.0321351407240718,469,0.06032,0.034579,0.039033,2891,7.350025,8.487043,0,0.901,1.0,15560.0,0.015697,0,/home/melody/code/individual_project/channel_selection_results/step_r_c2f_grid_completion/unet/per_dataset/fr2_desk_flashlight/artifacts/unet_c2f_a_fine01_coarse01/replicate_0.all_frames.tum.txt,/home/melody/code/individual_project/channel_selection_results/step_r_c2f_grid_completion/unet/per_dataset/fr2_desk_flashlight/artifacts/unet_c2f_a_fine01_coarse01/replicate_0.keyframes.tum.txt,/home/melody/code/individual_project/channel_selection_results/step_r_c2f_grid_completion/unet/per_dataset/fr2_desk_flashlight/artifacts/unet_c2f_a_fine01_coarse01/replicate_0.log,2026-08-25T21:16:00.530398+00:00
6,fr2_desk_flashlight,fr2_desk,flashlight,Step-R:new,unet_c2f_a_fine01_coarse02,c2f,6,unet_c2f_a_fine01_coarse02,Step-R full-grid C2F-A; F1 × C2,"unet:c2f:A:fine2,3,7,12,13,14:coarse0,5,6,17,18,30","[2, 3, 7, 12, 13, 14, 0, 5, 6, 17, 18, 30]",0,PASS,Completed the full matched RGB-D sequence,170.51686928599884,0,,,1311868263.1855,2891,2221,2893,0.9993086761147598,0.2961254049035627,0.23703482487380656,0.2128774808638006,0.6201793415744616,0.17749576678428927,11.069269533066857,10.591641887286913,16.343221458371048,0.004499283233232281,0.09143046728808493,0.2765551457239546,2.2107277594677335,0.27875144054177836,0.24244193502930722,0.9456805632634139,0.05838484214696451,0.036434570297442674,1.0320463953099044,470,0.057238,0.0343,0.034824,2891,7.349398,8.486476,0,0.901,1.0,15540.0,0.011047,0,/home/melody/code/individual_project/channel_selection_results/step_r_c2f_grid_completion/unet/per_dataset/fr2_desk_flashlight/artifacts/unet_c2f_a_fine01_coarse02/replicate_0.all_frames.tum.txt,/home/melody/code/individual_project/channel_selection_results/step_r_c2f_grid_completion/unet/per_dataset/fr2_desk_flashlight/artifacts/unet_c2f_a_fine01_coarse02/replicate_0.keyframes.tum.txt,/home/melody/code/individual_project/channel_selection_results/step_r_c2f_grid_completion/unet/per_dataset/fr2_desk_flashlight/artifacts/unet_c2f_a_fine01_coarse02/replicate_0.log,2026-08-25T21:18:51.969942+00:00
6,fr2_desk_flashlight,fr2_desk,flashlight,Step-R:new,unet_c2f_a_fine01_coarse03,c2f,7,unet_c2f_a_fine01_coarse03,Step-R full-grid C2F-A; F1 × C3,"unet:c2f:A:fine2,3,7,12,13,14:coarse0,5,18,30","[2, 3, 7, 12, 13, 14, 0, 5, 18, 30]",0,PASS,Completed the full matched RGB-D sequence,170.73103083399837,0,,,1311868263.1855,2891,2221,2893,0.9993086761147598,0.3141737528603433,0.25043712475148455,0.21783241231643333,0.658289903500941,0.18970080003142165,11.712603612137075,11.155326597302858,17.40573042214729,0.004672170282878866,0.09340250296877506,0.2792130316781458,2.4188218263585233,0.2972308356128412,0.25748048979361277,0.9446439202204926,0.06287116030176654,0.03855826739346915,1.0363959287786393,468,0.061752,0.036343,0.038072,2891,7.346509,8.4888435,0,0.902,1.0,15730.0,0.01261,0,/home/melody/code/individual_project/channel_selection_results/step_r_c2f_grid_completion/unet/per_dataset/fr2_desk_flashlight/artifacts/unet_c2f_a_fine01_coarse03/replicate_0.all_frames.tum.txt,/home/melody/code/individual_project/channel_selection_results/step_r_c2f_grid_completion/unet/per_dataset/fr2_desk_flashlight/artifacts/unet_c2f_a_fine01_coarse03/replicate_0.keyframes.tum.txt,/home/melody/code/individual_project/channel_selection_results/step_r_c2f_grid_completion/unet/per_dataset/fr2_desk_flashlight/artifacts/unet_c2f_a_fine01_coarse03/replicate_0.log,2026-08-25T21:21:43.627046+00:00
6,fr2_desk_flashlight,fr2_desk,flashlight,Step-Q:unet_c2f_a_f1_c4_negative_high_parent,unet_c2f_a_fine01_coarse04,c2f,7,unet_c2f_a_f1_c4_negative_high_parent,C2F-A negative control: on fr1 lightswitch it is worse than the globally best direct fine parent F1.,"unet:c2f:A:fine2,3,7,12,13,14:coarse0,5,6,18,30","[2, 3, 7, 12, 13, 14, 0, 5, 6, 18, 30]",0,PASS,Completed the full matched RGB-D sequence,172.91792477900162,0,,,1311868263.1855,2891,2221,2893,0.9993086761147598,0.30350214980594564,0.2446831755870704,0.22381280858095848,0.6370987811532559,0.1795653043364935,11.442843060462666,10.96572700713758,16.633382901384095,0.004662616479037453,0.09706689776052752,0.2777870136543413,2.303069954344124,0.28687759309509464,0.2501244103421376,0.9460890892706268,0.05949617264734828,0.036736459965288785,1.0321738272101704,469,0.058378,0.034537,0.036199,2891,7.346428,8.503744999999999,0,0.901,1.0,15540.0,0.010327,0,/home/melody/code/individual_project/channel_selection_results/step_q_c2f_multi_dataset_evaluation/unet/per_dataset/fr2_desk_flashlight/artifacts/unet_c2f_a_f1_c4_negative_high_parent/replicate_0.all_frames.tum.txt,/home/melody/code/individual_project/channel_selection_results/step_q_c2f_multi_dataset_evaluation/unet/per_dataset/fr2_desk_flashlight/artifacts/unet_c2f_a_f1_c4_negative_high_parent/replicate_0.keyframes.tum.txt,/home/melody/code/individual_project/channel_selection_results/step_q_c2f_multi_dataset_evaluation/unet/per_dataset/fr2_desk_flashlight/artifacts/unet_c2f_a_f1_c4_negative_high_parent/replicate_0.log,2026-08-23T11:07:21.735479+00:00
6,fr2_desk_flashlight,fr2_desk,flashlight,Step-R:new,unet_c2f_a_fine02_coarse01,c2f,8,unet_c2f_a_fine02_coarse01,Step-R full-grid C2F-A; F2 × C1,"unet:c2f:A:fine3,7,12:coarse5,6,17,18,28,30","[3, 7, 12, 5, 6, 17, 18, 28, 30]",0,PASS,Completed the full matched RGB-D sequence,176.05053085200052,0,,,1311868263.1855,2891,2221,2893,0.9993086761147598,0.30310207510394466,0.24260694925795567,0.2155863234879078,0.635224761429507,0.18169407283691186,11.28013364899412,10.81457813938379,16.342316244625028,0.004811314981247806,0.09798544660851291,0.2792218286035171,2.0581041921250245,0.28565996131598603,0.24826316004420573,0.9449290635357822,0.05783385248088782,0.033647877637758984,1.028453492616265,469,0.056886,0.031518,0.036025,2891,3.555119,4.1700365,0,0.906,1.0,15090.0,0.009512,0,/home/melody/code/individual_project/channel_selection_results/step_r_c2f_grid_completion/unet/per_dataset/fr2_desk_flashlight/artifacts/unet_c2f_a_fine02_coarse01/replicate_0.all_frames.tum.txt,/home/melody/code/individual_project/channel_selection_results/step_r_c2f_grid_completion/unet/per_dataset/fr2_desk_flashlight/artifacts/unet_c2f_a_fine02_coarse01/replicate_0.keyframes.tum.txt,/home/melody/code/individual_project/channel_selection_results/step_r_c2f_grid_completion/unet/per_dataset/fr2_desk_flashlight/artifacts/unet_c2f_a_fine02_coarse01/replicate_0.log,2026-08-25T21:24:40.613261+00:00
6,fr2_desk_flashlight,fr2_desk,flashlight,Step-R:new,unet_c2f_a_fine02_coarse02,c2f,9,unet_c2f_a_fine02_coarse02,Step-R full-grid C2F-A; F2 × C2,"unet:c2f:A:fine3,7,12:coarse0,5,6,17,18,30","[3, 7, 12, 0, 5, 6, 17, 18, 30]",0,PASS,Completed the full matched RGB-D sequence,171.48897744400165,0,,,1311868263.1855,2891,2221,2893,0.9993086761147598,0.27925554509719536,0.22011180832079658,0.19223508414266263,0.5903597099191514,0.17185590273621856,10.539143337590728,10.105155027187955,15.609736971004656,0.00429385167837201,0.07768161029388952,0.27610983161872543,2.063771458174434,0.2617709718922511,0.22581638414715544,0.9471353460034504,0.05458519525918083,0.033219913592644576,1.0269384631299596,469,0.053472,0.031183,0.031391,2891,3.551104,4.1732145,0,0.903,1.0,15190.0,0.010402,0,/home/melody/code/individual_project/channel_selection_results/step_r_c2f_grid_completion/unet/per_dataset/fr2_desk_flashlight/artifacts/unet_c2f_a_fine02_coarse02/replicate_0.all_frames.tum.txt,/home/melody/code/individual_project/channel_selection_results/step_r_c2f_grid_completion/unet/per_dataset/fr2_desk_flashlight/artifacts/unet_c2f_a_fine02_coarse02/replicate_0.keyframes.tum.txt,/home/melody/code/individual_project/channel_selection_results/step_r_c2f_grid_completion/unet/per_dataset/fr2_desk_flashlight/artifacts/unet_c2f_a_fine02_coarse02/replicate_0.log,2026-08-25T21:27:33.013400+00:00
6,fr2_desk_flashlight,fr2_desk,flashlight,Step-R:new,unet_c2f_a_fine02_coarse03,c2f,10,unet_c2f_a_fine02_coarse03,Step-R full-grid C2F-A; F2 × C3,"unet:c2f:A:fine3,7,12:coarse0,5,18,30","[3, 7, 12, 0, 5, 18, 30]",0,PASS,Completed the full matched RGB-D sequence,170.31765216299755,0,,,1311868263.1855,2891,2221,2893,0.9993086761147598,0.3051819310279954,0.24346702620720317,0.20818984746311467,0.6390615524725854,0.1840103751851975,11.548941856032876,11.05886964562228,16.654037747352106,0.004717389433066636,0.09562544732511487,0.27847525783422933,2.1680996945926347,0.2882336892013878,0.24993243143622804,0.9454564677985469,0.05863974296628074,0.03464583272063023,1.0292802009974704,469,0.057548,0.032349,0.035404,2891,3.550153,4.1672315,0,0.901,1.0,15240.0,0.012496,0,/home/melody/code/individual_project/channel_selection_results/step_r_c2f_grid_completion/unet/per_dataset/fr2_desk_flashlight/artifacts/unet_c2f_a_fine02_coarse03/replicate_0.all_frames.tum.txt,/home/melody/code/individual_project/channel_selection_results/step_r_c2f_grid_completion/unet/per_dataset/fr2_desk_flashlight/artifacts/unet_c2f_a_fine02_coarse03/replicate_0.keyframes.tum.txt,/home/melody/code/individual_project/channel_selection_results/step_r_c2f_grid_completion/unet/per_dataset/fr2_desk_flashlight/artifacts/unet_c2f_a_fine02_coarse03/replicate_0.log,2026-08-25T21:30:24.255229+00:00
6,fr2_desk_flashlight,fr2_desk,flashlight,Step-Q:unet_c2f_a_f2_c4_global_best,unet_c2f_a_fine02_coarse04,c2f,8,unet_c2f_a_f2_c4_global_best,C2F-A global U-Net C2F optimum on fr1 lightswitch; compare against both direct parents.,"unet:c2f:A:fine3,7,12:coarse0,5,6,18,30","[3, 7, 12, 0, 5, 6, 18, 30]",0,PASS,Completed the full matched RGB-D sequence,172.85621231497498,0,,,1311868263.1855,2891,2221,2893,0.9993086761147598,0.28886828873434395,0.230139728858286,0.20451662704730614,0.6051735925064741,0.1745869222975848,10.963006301403071,10.51455181787623,15.77791650101682,0.004557607801309385,0.08951780312021387,0.27878121404823725,2.115082374486102,0.2721272708637461,0.23579919055323384,0.9472701169440776,0.055827859272916364,0.03291539299717675,1.0264013627953656,469,0.054901,0.030919,0.033793,2891,3.550462,4.1742335,0,0.902,1.0,15090.0,0.013761,0,/home/melody/code/individual_project/channel_selection_results/step_q_c2f_multi_dataset_evaluation/unet/per_dataset/fr2_desk_flashlight/artifacts/unet_c2f_a_f2_c4_global_best/replicate_0.all_frames.tum.txt,/home/melody/code/individual_project/channel_selection_results/step_q_c2f_multi_dataset_evaluation/unet/per_dataset/fr2_desk_flashlight/artifacts/unet_c2f_a_f2_c4_global_best/replicate_0.keyframes.tum.txt,/home/melody/code/individual_project/channel_selection_results/step_q_c2f_multi_dataset_evaluation/unet/per_dataset/fr2_desk_flashlight/artifacts/unet_c2f_a_f2_c4_global_best/replicate_0.log,2026-08-23T11:10:15.531130+00:00
6,fr2_desk_flashlight,fr2_desk,flashlight,Step-R:new,unet_c2f_a_fine03_coarse01,c2f,11,unet_c2f_a_fine03_coarse01,Step-R full-grid C2F-A; F3 × C1,"unet:c2f:A:fine2,3,12,14:coarse5,6,17,18,28,30","[2, 3, 12, 14, 5, 6, 17, 18, 28, 30]",0,PASS,Completed the full matched RGB-D sequence,177.36655361299927,0,,,1311868263.1855,2891,2221,2893,0.9993086761147598,0.33782982513138254,0.2742282434477455,0.241367219631926,0.7028666337029539,0.19730144764766572,12.70856905606071,12.129266949304231,18.494875853730896,0.005088173689905606,0.11690956387129192,0.27989180623353366,2.503215295723892,0.32072027509532075,0.28040054098218914,0.9422733009715019,0.06502428535641985,0.03755378548124955,1.0363123097539584,469,0.064063,0.035226,0.042632,2891,4.986945,5.7593825,0,0.906,1.0,12190.0,0.011539,0,/home/melody/code/individual_project/channel_selection_results/step_r_c2f_grid_completion/unet/per_dataset/fr2_desk_flashlight/artifacts/unet_c2f_a_fine03_coarse01/replicate_0.all_frames.tum.txt,/home/melody/code/individual_project/channel_selection_results/step_r_c2f_grid_completion/unet/per_dataset/fr2_desk_flashlight/artifacts/unet_c2f_a_fine03_coarse01/replicate_0.keyframes.tum.txt,/home/melody/code/individual_project/channel_selection_results/step_r_c2f_grid_completion/unet/per_dataset/fr2_desk_flashlight/artifacts/unet_c2f_a_fine03_coarse01/replicate_0.log,2026-08-25T21:33:22.564108+00:00
6,fr2_desk_flashlight,fr2_desk,flashlight,Step-R:new,unet_c2f_a_fine03_coarse02,c2f,12,unet_c2f_a_fine03_coarse02,Step-R full-grid C2F-A; F3 × C2,"unet:c2f:A:fine2,3,12,14:coarse0,5,6,17,18,30","[2, 3, 12, 14, 0, 5, 6, 17, 18, 30]",0,PASS,Completed the full matched RGB-D sequence,170.11965414400038,0,,,1311868263.1855,2891,2221,2893,0.9993086761147598,0.3085102102759794,0.2475479465700324,0.2192931314666872,0.646844987213831,0.18411562669553452,11.744676834422858,11.222962537933563,17.371653963752603,0.004673116480886377,0.09808937957820374,0.2775982152619805,2.372771785320503,0.2917484514527177,0.25382074384700265,0.9454287078055394,0.06026343228222176,0.036265987258572045,1.033670290145476,469,0.05918,0.03402,0.036897,2891,4.983332,5.769495,0,0.902,1.0,12090.0,0.006919,0,/home/melody/code/individual_project/channel_selection_results/step_r_c2f_grid_completion/unet/per_dataset/fr2_desk_flashlight/artifacts/unet_c2f_a_fine03_coarse02/replicate_0.all_frames.tum.txt,/home/melody/code/individual_project/channel_selection_results/step_r_c2f_grid_completion/unet/per_dataset/fr2_desk_flashlight/artifacts/unet_c2f_a_fine03_coarse02/replicate_0.keyframes.tum.txt,/home/melody/code/individual_project/channel_selection_results/step_r_c2f_grid_completion/unet/per_dataset/fr2_desk_flashlight/artifacts/unet_c2f_a_fine03_coarse02/replicate_0.log,2026-08-25T21:36:13.601242+00:00
6,fr2_desk_flashlight,fr2_desk,flashlight,Step-R:new,unet_c2f_a_fine03_coarse03,c2f,13,unet_c2f_a_fine03_coarse03,Step-R full-grid C2F-A; F3 × C3,"unet:c2f:A:fine2,3,12,14:coarse0,5,18,30","[2, 3, 12, 14, 0, 5, 18, 30]",0,PASS,Completed the full matched RGB-D sequence,166.76475668799685,0,,,1311868263.1855,2891,2221,2893,0.9993086761147598,0.33504089651733915,0.2705492831949624,0.23483355858247118,0.7003540654787189,0.19762461309724141,12.647683927588668,12.055331973255775,18.677430880106083,0.005052938551100865,0.11414192745188356,0.279349819505551,2.544726892819925,0.3185364731365886,0.27772533634185664,0.9434598094606165,0.06504757891239374,0.03820257121727633,1.037446066662018,469,0.064045,0.035802,0.041439,2891,4.991178,5.7634165,0,0.902,1.0,12190.0,0.012578,0,/home/melody/code/individual_project/channel_selection_results/step_r_c2f_grid_completion/unet/per_dataset/fr2_desk_flashlight/artifacts/unet_c2f_a_fine03_coarse03/replicate_0.all_frames.tum.txt,/home/melody/code/individual_project/channel_selection_results/step_r_c2f_grid_completion/unet/per_dataset/fr2_desk_flashlight/artifacts/unet_c2f_a_fine03_coarse03/replicate_0.keyframes.tum.txt,/home/melody/code/individual_project/channel_selection_results/step_r_c2f_grid_completion/unet/per_dataset/fr2_desk_flashlight/artifacts/unet_c2f_a_fine03_coarse03/replicate_0.log,2026-08-25T21:39:01.277654+00:00
6,fr2_desk_flashlight,fr2_desk,flashlight,Step-R:new,unet_c2f_a_fine03_coarse04,c2f,14,unet_c2f_a_fine03_coarse04,Step-R full-grid C2F-A; F3 × C4,"unet:c2f:A:fine2,3,12,14:coarse0,5,6,18,30","[2, 3, 12, 14, 0, 5, 6, 18, 30]",0,PASS,Completed the full matched RGB-D sequence,171.67134527099915,0,,,1311868263.1855,2891,2221,2893,0.9993086761147598,0.31939995283530914,0.25772312329791003,0.2270231464420987,0.668648475875589,0.18866669443430648,12.16633785737574,11.628858804979766,17.799491272573427,0.00488490160941352,0.10736248369905939,0.2787539095890132,2.4718386656164806,0.3030620648286363,0.2642499803138878,0.9450939454210548,0.06178562088737641,0.03653075863975362,1.0333128721020213,469,0.060783,0.034252,0.03897,2891,4.992518,5.77417,0,0.902,1.0,11730.0,0.011857,0,/home/melody/code/individual_project/channel_selection_results/step_r_c2f_grid_completion/unet/per_dataset/fr2_desk_flashlight/artifacts/unet_c2f_a_fine03_coarse04/replicate_0.all_frames.tum.txt,/home/melody/code/individual_project/channel_selection_results/step_r_c2f_grid_completion/unet/per_dataset/fr2_desk_flashlight/artifacts/unet_c2f_a_fine03_coarse04/replicate_0.keyframes.tum.txt,/home/melody/code/individual_project/channel_selection_results/step_r_c2f_grid_completion/unet/per_dataset/fr2_desk_flashlight/artifacts/unet_c2f_a_fine03_coarse04/replicate_0.log,2026-08-25T21:41:53.866901+00:00
6,fr2_desk_flashlight,fr2_desk,flashlight,Step-R:new,unet_c2f_a_fine04_coarse01,c2f,15,unet_c2f_a_fine04_coarse01,Step-R full-grid C2F-A; F4 × C1,"unet:c2f:A:fine2,4,6:coarse5,6,17,18,28,30","[2, 4, 6, 5, 6, 17, 18, 28, 30]",0,PASS,Completed the full matched RGB-D sequence,181.85376618200098,0,,,1311868263.1855,2891,2221,2893,0.9993086761147598,0.30738317097338463,0.2496805043203646,0.2213953946558629,0.6133630967577665,0.17928764474994202,11.494309225601162,10.999699816197781,16.14185442155144,0.004820067642120622,0.11240883814706898,0.28166356951608534,2.1278525127668844,0.29158659274323995,0.2546763922831332,0.9469933287409757,0.05838251403788787,0.0345532127416031,1.0324479316641113,469,0.057994,0.033044,0.03847,2891,5.86768,7.211434499999999,0,0.907,1.0,12230.0,0.019092,3,/home/melody/code/individual_project/channel_selection_results/step_r_c2f_grid_completion/unet/per_dataset/fr2_desk_flashlight/artifacts/unet_c2f_a_fine04_coarse01/replicate_0.all_frames.tum.txt,/home/melody/code/individual_project/channel_selection_results/step_r_c2f_grid_completion/unet/per_dataset/fr2_desk_flashlight/artifacts/unet_c2f_a_fine04_coarse01/replicate_0.keyframes.tum.txt,/home/melody/code/individual_project/channel_selection_results/step_r_c2f_grid_completion/unet/per_dataset/fr2_desk_flashlight/artifacts/unet_c2f_a_fine04_coarse01/replicate_0.log,2026-08-25T21:44:56.627148+00:00
6,fr2_desk_flashlight,fr2_desk,flashlight,Step-R:new,unet_c2f_a_fine04_coarse02,c2f,16,unet_c2f_a_fine04_coarse02,Step-R full-grid C2F-A; F4 × C2,"unet:c2f:A:fine2,4,6:coarse0,5,6,17,18,30","[2, 4, 6, 0, 5, 6, 17, 18, 30]",0,PASS,Completed the full matched RGB-D sequence,176.52604710399828,0,,,1311868263.1855,2891,2221,2893,0.9993086761147598,0.2813249068584785,0.2254529679400952,0.2015842546436986,0.5703498315864914,0.168269612425815,10.65698891298113,10.204586277932634,14.952355579739635,0.004420984283466584,0.0975375258258987,0.27968361372680967,2.036371682417401,0.26558496751946675,0.23055553542690227,0.9494311224002835,0.05416888313563287,0.033768537612720015,1.0307461115673333,469,0.053565,0.032224,0.032984,2891,5.885744,7.1888375,0,0.907,1.0,12200.0,0.018635,3,/home/melody/code/individual_project/channel_selection_results/step_r_c2f_grid_completion/unet/per_dataset/fr2_desk_flashlight/artifacts/unet_c2f_a_fine04_coarse02/replicate_0.all_frames.tum.txt,/home/melody/code/individual_project/channel_selection_results/step_r_c2f_grid_completion/unet/per_dataset/fr2_desk_flashlight/artifacts/unet_c2f_a_fine04_coarse02/replicate_0.keyframes.tum.txt,/home/melody/code/individual_project/channel_selection_results/step_r_c2f_grid_completion/unet/per_dataset/fr2_desk_flashlight/artifacts/unet_c2f_a_fine04_coarse02/replicate_0.log,2026-08-25T21:47:54.057266+00:00
6,fr2_desk_flashlight,fr2_desk,flashlight,Step-R:new,unet_c2f_a_fine04_coarse03,c2f,17,unet_c2f_a_fine04_coarse03,Step-R full-grid C2F-A; F4 × C3,"unet:c2f:A:fine2,4,6:coarse0,5,18,30","[2, 4, 6, 0, 5, 18, 30]",0,PASS,Completed the full matched RGB-D sequence,177.20955274199878,0,,,1311868263.1855,2891,2221,2893,0.9993086761147598,0.3034275568059407,0.24307957269142788,0.20738700292328727,0.6180163078671536,0.18160562648050088,11.539146743353585,11.012928089780974,16.370584847367322,0.004708899231172177,0.10342565319623857,0.2820806173295375,2.4108404638384133,0.28831575995046227,0.25002732616799844,0.9484078999384956,0.05887079516121529,0.035199450092995174,1.0360071114801197,469,0.058305,0.033446,0.036976,2891,5.871303,7.234313,0,0.907,1.0,11940.0,0.017432,3,/home/melody/code/individual_project/channel_selection_results/step_r_c2f_grid_completion/unet/per_dataset/fr2_desk_flashlight/artifacts/unet_c2f_a_fine04_coarse03/replicate_0.all_frames.tum.txt,/home/melody/code/individual_project/channel_selection_results/step_r_c2f_grid_completion/unet/per_dataset/fr2_desk_flashlight/artifacts/unet_c2f_a_fine04_coarse03/replicate_0.keyframes.tum.txt,/home/melody/code/individual_project/channel_selection_results/step_r_c2f_grid_completion/unet/per_dataset/fr2_desk_flashlight/artifacts/unet_c2f_a_fine04_coarse03/replicate_0.log,2026-08-25T21:50:52.186395+00:00
6,fr2_desk_flashlight,fr2_desk,flashlight,Step-R:new,unet_c2f_a_fine04_coarse04,c2f,18,unet_c2f_a_fine04_coarse04,Step-R full-grid C2F-A; F4 × C4,"unet:c2f:A:fine2,4,6:coarse0,5,6,18,30","[2, 4, 6, 0, 5, 6, 18, 30]",0,PASS,Completed the full matched RGB-D sequence,177.4296233290006,0,,,1311868263.1855,2891,2221,2893,0.9993086761147598,0.2750074321593358,0.22025038382899645,0.19347845389795523,0.5580159052704826,0.16467803789835314,10.55873428401319,10.118903923456891,14.823778883192587,0.004390558788586813,0.09337683348434883,0.278779023649724,2.1444417554335367,0.2599754787246323,0.225501862980967,0.9510630875478759,0.0536751924361226,0.03325856454849754,1.0303885209909207,469,0.053059,0.031689,0.032868,2891,5.864061,7.216562,0,0.907,1.0,11980.0,0.021109,3,/home/melody/code/individual_project/channel_selection_results/step_r_c2f_grid_completion/unet/per_dataset/fr2_desk_flashlight/artifacts/unet_c2f_a_fine04_coarse04/replicate_0.all_frames.tum.txt,/home/melody/code/individual_project/channel_selection_results/step_r_c2f_grid_completion/unet/per_dataset/fr2_desk_flashlight/artifacts/unet_c2f_a_fine04_coarse04/replicate_0.keyframes.tum.txt,/home/melody/code/individual_project/channel_selection_results/step_r_c2f_grid_completion/unet/per_dataset/fr2_desk_flashlight/artifacts/unet_c2f_a_fine04_coarse04/replicate_0.log,2026-08-25T21:53:50.524694+00:00
6,fr2_desk_flashlight,fr2_desk,flashlight,Step-R:new,unet_c2f_a_fine05_coarse01,c2f,19,unet_c2f_a_fine05_coarse01,Step-R full-grid C2F-A; F5 × C1,"unet:c2f:A:fine2,3,7,12,13:coarse5,6,17,18,28,30","[2, 3, 7, 12, 13, 5, 6, 17, 18, 28, 30]",0,PASS,Completed the full matched RGB-D sequence,176.88195448899933,0,,,1311868263.1855,2891,2221,2893,0.9993086761147598,0.2911390087478306,0.2321049222467197,0.20617800034472972,0.6066698128295344,0.17575331428884508,10.884880591783729,10.396414107409553,15.985840011109957,0.004688099034508936,0.09419423844803608,0.28001325248339765,2.148887951264189,0.273639366703947,0.23781959716000384,0.9459738282097505,0.057384992447004915,0.03570892923377141,1.0290817588099888,469,0.056264,0.033606,0.034582,2891,6.365371,7.2936945,0,0.906,1.0,15510.0,0.013196,0,/home/melody/code/individual_project/channel_selection_results/step_r_c2f_grid_completion/unet/per_dataset/fr2_desk_flashlight/artifacts/unet_c2f_a_fine05_coarse01/replicate_0.all_frames.tum.txt,/home/melody/code/individual_project/channel_selection_results/step_r_c2f_grid_completion/unet/per_dataset/fr2_desk_flashlight/artifacts/unet_c2f_a_fine05_coarse01/replicate_0.keyframes.tum.txt,/home/melody/code/individual_project/channel_selection_results/step_r_c2f_grid_completion/unet/per_dataset/fr2_desk_flashlight/artifacts/unet_c2f_a_fine05_coarse01/replicate_0.log,2026-08-25T21:56:48.340545+00:00
6,fr2_desk_flashlight,fr2_desk,flashlight,Step-R:new,unet_c2f_a_fine05_coarse02,c2f,20,unet_c2f_a_fine05_coarse02,Step-R full-grid C2F-A; F5 × C2,"unet:c2f:A:fine2,3,7,12,13:coarse0,5,6,17,18,30","[2, 3, 7, 12, 13, 0, 5, 6, 17, 18, 30]",0,PASS,Completed the full matched RGB-D sequence,171.5882960279996,0,,,1311868263.1855,2891,2221,2893,0.9993086761147598,0.2826766699085014,0.22475822356919378,0.19974866162805618,0.5912928056664516,0.17143465416472878,10.586880193172128,10.141749678109083,15.567653666492758,0.004365777738239557,0.08305910473962744,0.27649180554116815,2.0849752574109175,0.26550862034394634,0.23017972294109107,0.9472472550144857,0.05630613930421604,0.035527627156766675,1.0276267436963582,469,0.055112,0.033401,0.032772,2891,6.351794,7.3048874999999995,0,0.902,1.0,15490.0,0.011347,0,/home/melody/code/individual_project/channel_selection_results/step_r_c2f_grid_completion/unet/per_dataset/fr2_desk_flashlight/artifacts/unet_c2f_a_fine05_coarse02/replicate_0.all_frames.tum.txt,/home/melody/code/individual_project/channel_selection_results/step_r_c2f_grid_completion/unet/per_dataset/fr2_desk_flashlight/artifacts/unet_c2f_a_fine05_coarse02/replicate_0.keyframes.tum.txt,/home/melody/code/individual_project/channel_selection_results/step_r_c2f_grid_completion/unet/per_dataset/fr2_desk_flashlight/artifacts/unet_c2f_a_fine05_coarse02/replicate_0.log,2026-08-25T21:59:40.847315+00:00
6,fr2_desk_flashlight,fr2_desk,flashlight,Step-R:new,unet_c2f_a_fine05_coarse03,c2f,21,unet_c2f_a_fine05_coarse03,Step-R full-grid C2F-A; F5 × C3,"unet:c2f:A:fine2,3,7,12,13:coarse0,5,18,30","[2, 3, 7, 12, 13, 0, 5, 18, 30]",0,PASS,Completed the full matched RGB-D sequence,171.16335709299892,0,,,1311868263.1855,2891,2221,2893,0.9993086761147598,0.30511925836731774,0.24501922971884899,0.2141966087262174,0.6390835413591037,0.18183327224301912,11.445993476774522,10.944230405340091,16.505421149197673,0.004745230291630251,0.09892290997045126,0.27828719818866327,2.2159666436180716,0.2884057690777711,0.25063443269545216,0.9458094250337485,0.05991347435380847,0.036951516896375734,1.031684703833999,469,0.058849,0.034751,0.036467,2891,6.353792,7.294965,0,0.901,1.0,15500.0,0.012468,0,/home/melody/code/individual_project/channel_selection_results/step_r_c2f_grid_completion/unet/per_dataset/fr2_desk_flashlight/artifacts/unet_c2f_a_fine05_coarse03/replicate_0.all_frames.tum.txt,/home/melody/code/individual_project/channel_selection_results/step_r_c2f_grid_completion/unet/per_dataset/fr2_desk_flashlight/artifacts/unet_c2f_a_fine05_coarse03/replicate_0.keyframes.tum.txt,/home/melody/code/individual_project/channel_selection_results/step_r_c2f_grid_completion/unet/per_dataset/fr2_desk_flashlight/artifacts/unet_c2f_a_fine05_coarse03/replicate_0.log,2026-08-25T22:02:32.922343+00:00
6,fr2_desk_flashlight,fr2_desk,flashlight,Step-Q:unet_c2f_a_f5_c4_positive_synergy,unet_c2f_a_fine05_coarse04,c2f,9,unet_c2f_a_f5_c4_positive_synergy,C2F-A positive synergy case: 12.8% lower fr1-lightswitch ATE than direct F5.,"unet:c2f:A:fine2,3,7,12,13:coarse0,5,6,18,30","[2, 3, 7, 12, 13, 0, 5, 6, 18, 30]",0,PASS,Completed the full matched RGB-D sequence,174.74913795801695,0,,,1311868263.1855,2891,2221,2893,0.9993086761147598,0.29043833349081805,0.23360879219119463,0.21205628173976307,0.6077679887071572,0.17257276080510184,11.040477655885717,10.580242952369407,15.811965949040404,0.004665730028498643,0.09878653475034958,0.2768372738534629,2.0919892958958166,0.2741608464612998,0.23893604895919585,0.9477997794321933,0.05686979522596987,0.035376515115223335,1.0271931876931617,469,0.055734,0.03323,0.034113,2891,6.3565,7.30717,0,0.906,1.0,15490.0,0.011094,0,/home/melody/code/individual_project/channel_selection_results/step_q_c2f_multi_dataset_evaluation/unet/per_dataset/fr2_desk_flashlight/artifacts/unet_c2f_a_f5_c4_positive_synergy/replicate_0.all_frames.tum.txt,/home/melody/code/individual_project/channel_selection_results/step_q_c2f_multi_dataset_evaluation/unet/per_dataset/fr2_desk_flashlight/artifacts/unet_c2f_a_f5_c4_positive_synergy/replicate_0.keyframes.tum.txt,/home/melody/code/individual_project/channel_selection_results/step_q_c2f_multi_dataset_evaluation/unet/per_dataset/fr2_desk_flashlight/artifacts/unet_c2f_a_f5_c4_positive_synergy/replicate_0.log,2026-08-23T11:13:11.210350+00:00
6,fr2_desk_flashlight,fr2_desk,flashlight,Step-R:new,unet_c2f_b_fine01_coarse01,c2f,22,unet_c2f_b_fine01_coarse01,Step-R full-grid C2F-B; F1 × C1,"unet:c2f:B:fine2,3,7,12,13,14:coarse5,6,17,18,28,30","[2, 3, 7, 12, 13, 14, 5, 6, 17, 18, 28, 30]",0,PASS,Completed the full matched RGB-D sequence,165.64347465099854,0,,,1311868263.1855,2891,2221,2893,0.9993086761147598,0.2861020135011159,0.22748562587850235,0.2021470286917256,0.5937469383050094,0.1735069224787841,10.815002077892379,10.357441893245324,16.062351873607785,0.004379412427944355,0.08459437360950132,0.2776804287458311,2.249754041945412,0.26931454779839686,0.23331747833045655,0.9474627456156766,0.05885968196173073,0.037699119422250155,1.0323861323785717,469,0.057567,0.035563,0.033458,2891,7.350428,8.499319,0,0.902,1.0,15510.0,0.006472,0,/home/melody/code/individual_project/channel_selection_results/step_r_c2f_grid_completion/unet/per_dataset/fr2_desk_flashlight/artifacts/unet_c2f_b_fine01_coarse01/replicate_0.all_frames.tum.txt,/home/melody/code/individual_project/channel_selection_results/step_r_c2f_grid_completion/unet/per_dataset/fr2_desk_flashlight/artifacts/unet_c2f_b_fine01_coarse01/replicate_0.keyframes.tum.txt,/home/melody/code/individual_project/channel_selection_results/step_r_c2f_grid_completion/unet/per_dataset/fr2_desk_flashlight/artifacts/unet_c2f_b_fine01_coarse01/replicate_0.log,2026-08-25T22:05:19.486115+00:00
6,fr2_desk_flashlight,fr2_desk,flashlight,Step-R:new,unet_c2f_b_fine01_coarse02,c2f,23,unet_c2f_b_fine01_coarse02,Step-R full-grid C2F-B; F1 × C2,"unet:c2f:B:fine2,3,7,12,13,14:coarse0,5,6,17,18,30","[2, 3, 7, 12, 13, 14, 0, 5, 6, 17, 18, 30]",0,PASS,Completed the full matched RGB-D sequence,163.40805477399772,0,,,1311868263.1855,2891,2221,2893,0.9993086761147598,0.2836589350682169,0.22504513452230945,0.1981726416971093,0.5877500900991923,0.17267622555485312,10.690508798221126,10.23740002527148,15.903930576097304,0.004296705535022112,0.08321629717453544,0.2767444641041427,2.263706553633288,0.2666378916878285,0.23078597059542547,0.9473609985921099,0.05822060806682503,0.0372027914584267,1.0312579254089889,469,0.056948,0.035092,0.033092,2891,7.352831,8.495561,0,0.901,1.0,15510.0,0.00643,0,/home/melody/code/individual_project/channel_selection_results/step_r_c2f_grid_completion/unet/per_dataset/fr2_desk_flashlight/artifacts/unet_c2f_b_fine01_coarse02/replicate_0.all_frames.tum.txt,/home/melody/code/individual_project/channel_selection_results/step_r_c2f_grid_completion/unet/per_dataset/fr2_desk_flashlight/artifacts/unet_c2f_b_fine01_coarse02/replicate_0.keyframes.tum.txt,/home/melody/code/individual_project/channel_selection_results/step_r_c2f_grid_completion/unet/per_dataset/fr2_desk_flashlight/artifacts/unet_c2f_b_fine01_coarse02/replicate_0.log,2026-08-25T22:08:03.808175+00:00
6,fr2_desk_flashlight,fr2_desk,flashlight,Step-R:new,unet_c2f_b_fine01_coarse03,c2f,24,unet_c2f_b_fine01_coarse03,Step-R full-grid C2F-B; F1 × C3,"unet:c2f:B:fine2,3,7,12,13,14:coarse0,5,18,30","[2, 3, 7, 12, 13, 14, 0, 5, 18, 30]",0,PASS,Completed the full matched RGB-D sequence,163.81851194299816,0,,,1311868263.1855,2891,2221,2893,0.9993086761147598,0.2826443476909718,0.2240036512898921,0.19700211065159837,0.5868438610968943,0.17236644537279106,10.728297299515338,10.267431391281033,15.962640147320357,0.004275497833210716,0.08054146254344714,0.27677577413155724,2.279811891105177,0.26596305552400634,0.22988367339255675,0.9479403198212993,0.05859435128511623,0.03763932570568432,1.0323958102074293,469,0.057286,0.035497,0.0331,2891,7.351183,8.4976305,0,0.901,1.0,15510.0,0.006595,0,/home/melody/code/individual_project/channel_selection_results/step_r_c2f_grid_completion/unet/per_dataset/fr2_desk_flashlight/artifacts/unet_c2f_b_fine01_coarse03/replicate_0.all_frames.tum.txt,/home/melody/code/individual_project/channel_selection_results/step_r_c2f_grid_completion/unet/per_dataset/fr2_desk_flashlight/artifacts/unet_c2f_b_fine01_coarse03/replicate_0.keyframes.tum.txt,/home/melody/code/individual_project/channel_selection_results/step_r_c2f_grid_completion/unet/per_dataset/fr2_desk_flashlight/artifacts/unet_c2f_b_fine01_coarse03/replicate_0.log,2026-08-25T22:10:48.546406+00:00
6,fr2_desk_flashlight,fr2_desk,flashlight,Step-R:new,unet_c2f_b_fine01_coarse04,c2f,25,unet_c2f_b_fine01_coarse04,Step-R full-grid C2F-B; F1 × C4,"unet:c2f:B:fine2,3,7,12,13,14:coarse0,5,6,18,30","[2, 3, 7, 12, 13, 14, 0, 5, 6, 18, 30]",0,PASS,Completed the full matched RGB-D sequence,163.8194193249983,0,,,1311868263.1855,2891,2221,2893,0.9993086761147598,0.28200125163548667,0.2238577024850103,0.19756496597999235,0.5846046381458113,0.1715005392472971,10.686909634798292,10.237802191023727,15.881196040424198,0.004330890678441483,0.08147415356004983,0.27736893206592844,2.2890965888444375,0.26520689244778506,0.22962126389554285,0.947839826340156,0.05810489601897733,0.037260825444802026,1.0315082255590804,469,0.056809,0.035133,0.032914,2891,7.351645,8.502291,0,0.901,1.0,15510.0,0.006599,0,/home/melody/code/individual_project/channel_selection_results/step_r_c2f_grid_completion/unet/per_dataset/fr2_desk_flashlight/artifacts/unet_c2f_b_fine01_coarse04/replicate_0.all_frames.tum.txt,/home/melody/code/individual_project/channel_selection_results/step_r_c2f_grid_completion/unet/per_dataset/fr2_desk_flashlight/artifacts/unet_c2f_b_fine01_coarse04/replicate_0.keyframes.tum.txt,/home/melody/code/individual_project/channel_selection_results/step_r_c2f_grid_completion/unet/per_dataset/fr2_desk_flashlight/artifacts/unet_c2f_b_fine01_coarse04/replicate_0.log,2026-08-25T22:13:33.290218+00:00
6,fr2_desk_flashlight,fr2_desk,flashlight,Step-R:new,unet_c2f_b_fine02_coarse01,c2f,26,unet_c2f_b_fine02_coarse01,Step-R full-grid C2F-B; F2 × C1,"unet:c2f:B:fine3,7,12:coarse5,6,17,18,28,30","[3, 7, 12, 5, 6, 17, 18, 28, 30]",0,PASS,Completed the full matched RGB-D sequence,166.39411593499972,0,,,1311868263.1855,2891,2221,2893,0.9993086761147598,0.2675495075721525,0.21055462031818423,0.18217842645192722,0.559164538940942,0.1650741980588322,10.133102390444336,9.754668225043439,14.958128566878194,0.004115488273591082,0.07117640287041355,0.2746969952282628,2.0573203088519727,0.25044712535297253,0.2158155527095533,0.9488001519330107,0.053154615169091916,0.03276075793271181,1.024835341141737,469,0.051975,0.030747,0.0296,2891,3.55102,4.1783695000000005,0,0.903,1.0,15190.0,0.006819,0,/home/melody/code/individual_project/channel_selection_results/step_r_c2f_grid_completion/unet/per_dataset/fr2_desk_flashlight/artifacts/unet_c2f_b_fine02_coarse01/replicate_0.all_frames.tum.txt,/home/melody/code/individual_project/channel_selection_results/step_r_c2f_grid_completion/unet/per_dataset/fr2_desk_flashlight/artifacts/unet_c2f_b_fine02_coarse01/replicate_0.keyframes.tum.txt,/home/melody/code/individual_project/channel_selection_results/step_r_c2f_grid_completion/unet/per_dataset/fr2_desk_flashlight/artifacts/unet_c2f_b_fine02_coarse01/replicate_0.log,2026-08-25T22:16:20.622946+00:00
6,fr2_desk_flashlight,fr2_desk,flashlight,Step-Q:unet_c2f_b_f2_c2_variant_contrast,unet_c2f_b_fine02_coarse02,c2f,10,unet_c2f_b_f2_c2_variant_contrast,"C2F-B schedule contrast: on fr1 lightswitch it is worse than direct F2, despite the same fine scale family.","unet:c2f:B:fine3,7,12:coarse0,5,6,17,18,30","[3, 7, 12, 0, 5, 6, 17, 18, 30]",0,PASS,Completed the full matched RGB-D sequence,164.894901718013,0,,,1311868263.1855,2891,2221,2893,0.9993086761147598,0.26550406339589167,0.20849640184078644,0.18016447036002384,0.5565633549533332,0.16438265753775536,9.973839552820113,9.604582681018847,14.905427457030083,0.004059549528768432,0.0688974244125868,0.2746777962231518,2.047176631409965,0.24806885955005645,0.21354815423030812,0.9485492168758184,0.05327942954294341,0.03275477540820618,1.024523645916749,469,0.052113,0.030738,0.029524,2891,3.555357,4.1794235,0,0.903,1.0,14950.0,0.00682,0,/home/melody/code/individual_project/channel_selection_results/step_q_c2f_multi_dataset_evaluation/unet/per_dataset/fr2_desk_flashlight/artifacts/unet_c2f_b_f2_c2_variant_contrast/replicate_0.all_frames.tum.txt,/home/melody/code/individual_project/channel_selection_results/step_q_c2f_multi_dataset_evaluation/unet/per_dataset/fr2_desk_flashlight/artifacts/unet_c2f_b_f2_c2_variant_contrast/replicate_0.keyframes.tum.txt,/home/melody/code/individual_project/channel_selection_results/step_q_c2f_multi_dataset_evaluation/unet/per_dataset/fr2_desk_flashlight/artifacts/unet_c2f_b_f2_c2_variant_contrast/replicate_0.log,2026-08-23T11:15:57.036042+00:00
6,fr2_desk_flashlight,fr2_desk,flashlight,Step-R:new,unet_c2f_b_fine02_coarse03,c2f,27,unet_c2f_b_fine02_coarse03,Step-R full-grid C2F-B; F2 × C3,"unet:c2f:B:fine3,7,12:coarse0,5,18,30","[3, 7, 12, 0, 5, 18, 30]",0,PASS,Completed the full matched RGB-D sequence,163.17238051800086,0,,,1311868263.1855,2891,2221,2893,0.9993086761147598,0.26954089972895,0.212016964688226,0.18296644036272902,0.5644791885562035,0.16643648431483823,10.18934861711969,9.807767563656952,15.075290521291368,0.0041405784288385305,0.0707860688921671,0.2750733902682548,2.0787310054455412,0.2522188699878481,0.2173189626514052,0.9483050093465243,0.053518821996403926,0.03296156157627734,1.025378762068609,469,0.052335,0.030933,0.029879,2891,3.556046,4.178972,0,0.903,1.0,15140.0,0.006849,0,/home/melody/code/individual_project/channel_selection_results/step_r_c2f_grid_completion/unet/per_dataset/fr2_desk_flashlight/artifacts/unet_c2f_b_fine02_coarse03/replicate_0.all_frames.tum.txt,/home/melody/code/individual_project/channel_selection_results/step_r_c2f_grid_completion/unet/per_dataset/fr2_desk_flashlight/artifacts/unet_c2f_b_fine02_coarse03/replicate_0.keyframes.tum.txt,/home/melody/code/individual_project/channel_selection_results/step_r_c2f_grid_completion/unet/per_dataset/fr2_desk_flashlight/artifacts/unet_c2f_b_fine02_coarse03/replicate_0.log,2026-08-25T22:19:04.705182+00:00
6,fr2_desk_flashlight,fr2_desk,flashlight,Step-R:new,unet_c2f_b_fine02_coarse04,c2f,28,unet_c2f_b_fine02_coarse04,Step-R full-grid C2F-B; F2 × C4,"unet:c2f:B:fine3,7,12:coarse0,5,6,18,30","[3, 7, 12, 0, 5, 6, 18, 30]",0,PASS,Completed the full matched RGB-D sequence,163.69266963599875,0,,,1311868263.1855,2891,2221,2893,0.9993086761147598,0.26753780061261323,0.2104219521644315,0.18027854074775085,0.5582357753650399,0.16522432267660858,10.13193180477329,9.74802903511375,14.885423540745576,0.004111744856453161,0.07120139289224099,0.2745900688422563,2.0518659789912976,0.25043652948247125,0.21572167582816426,0.9488028181042242,0.05299709475416693,0.03249409897822426,1.024174189719773,469,0.051854,0.030507,0.029689,2891,3.551126,4.1797664999999995,0,0.903,1.0,15200.0,0.008032,0,/home/melody/code/individual_project/channel_selection_results/step_r_c2f_grid_completion/unet/per_dataset/fr2_desk_flashlight/artifacts/unet_c2f_b_fine02_coarse04/replicate_0.all_frames.tum.txt,/home/melody/code/individual_project/channel_selection_results/step_r_c2f_grid_completion/unet/per_dataset/fr2_desk_flashlight/artifacts/unet_c2f_b_fine02_coarse04/replicate_0.keyframes.tum.txt,/home/melody/code/individual_project/channel_selection_results/step_r_c2f_grid_completion/unet/per_dataset/fr2_desk_flashlight/artifacts/unet_c2f_b_fine02_coarse04/replicate_0.log,2026-08-25T22:21:49.312290+00:00
6,fr2_desk_flashlight,fr2_desk,flashlight,Step-R:new,unet_c2f_b_fine03_coarse01,c2f,29,unet_c2f_b_fine03_coarse01,Step-R full-grid C2F-B; F3 × C1,"unet:c2f:B:fine2,3,12,14:coarse5,6,17,18,28,30","[2, 3, 12, 14, 5, 6, 17, 18, 28, 30]",0,PASS,Completed the full matched RGB-D sequence,167.35163911300333,0,,,1311868263.1855,2891,2221,2893,0.9993086761147598,0.3086853379532805,0.24678997002541492,0.2147414316839861,0.6397353303708629,0.185422082185984,11.84842255369894,11.321457236464271,17.51177285339354,0.004645593151476514,0.09346440967411214,0.2794580776033287,2.6456057039232284,0.2927037324099723,0.25381812301088574,0.9465930389849003,0.06233968963841001,0.03744807741837176,1.0350998280676749,469,0.06121,0.035204,0.037955,2891,4.992315,5.7607735,0,0.906,1.0,12060.0,0.005214,0,/home/melody/code/individual_project/channel_selection_results/step_r_c2f_grid_completion/unet/per_dataset/fr2_desk_flashlight/artifacts/unet_c2f_b_fine03_coarse01/replicate_0.all_frames.tum.txt,/home/melody/code/individual_project/channel_selection_results/step_r_c2f_grid_completion/unet/per_dataset/fr2_desk_flashlight/artifacts/unet_c2f_b_fine03_coarse01/replicate_0.keyframes.tum.txt,/home/melody/code/individual_project/channel_selection_results/step_r_c2f_grid_completion/unet/per_dataset/fr2_desk_flashlight/artifacts/unet_c2f_b_fine03_coarse01/replicate_0.log,2026-08-25T22:24:37.584818+00:00
6,fr2_desk_flashlight,fr2_desk,flashlight,Step-R:new,unet_c2f_b_fine03_coarse02,c2f,30,unet_c2f_b_fine03_coarse02,Step-R full-grid C2F-B; F3 × C2,"unet:c2f:B:fine2,3,12,14:coarse0,5,6,17,18,30","[2, 3, 12, 14, 0, 5, 6, 17, 18, 30]",0,PASS,Completed the full matched RGB-D sequence,164.72426821800036,0,,,1311868263.1855,2891,2221,2893,0.9993086761147598,0.31027906882811096,0.2472940734471599,0.21374199304672142,0.6445889108116324,0.18739995141608307,11.84764499605661,11.319149558173857,17.66272016936073,0.004651088087925557,0.09408163944939585,0.2795073206071762,2.606052950377224,0.2937189962065706,0.2546353959655033,0.9455707517180254,0.06237939988702769,0.03730219786996836,1.0346904642816623,469,0.061248,0.035051,0.037926,2891,4.992111,5.762752,0,0.902,1.0,12060.0,0.005657,0,/home/melody/code/individual_project/channel_selection_results/step_r_c2f_grid_completion/unet/per_dataset/fr2_desk_flashlight/artifacts/unet_c2f_b_fine03_coarse02/replicate_0.all_frames.tum.txt,/home/melody/code/individual_project/channel_selection_results/step_r_c2f_grid_completion/unet/per_dataset/fr2_desk_flashlight/artifacts/unet_c2f_b_fine03_coarse02/replicate_0.keyframes.tum.txt,/home/melody/code/individual_project/channel_selection_results/step_r_c2f_grid_completion/unet/per_dataset/fr2_desk_flashlight/artifacts/unet_c2f_b_fine03_coarse02/replicate_0.log,2026-08-25T22:27:23.218429+00:00
6,fr2_desk_flashlight,fr2_desk,flashlight,Step-R:new,unet_c2f_b_fine03_coarse03,c2f,31,unet_c2f_b_fine03_coarse03,Step-R full-grid C2F-B; F3 × C3,"unet:c2f:B:fine2,3,12,14:coarse0,5,18,30","[2, 3, 12, 14, 0, 5, 18, 30]",0,PASS,Completed the full matched RGB-D sequence,164.51173694399768,0,,,1311868263.1855,2891,2221,2893,0.9993086761147598,0.3158589369032021,0.25230967460029013,0.21569029353285904,0.6544914100128024,0.19001762056376956,12.07541054580881,11.52429721587376,17.846492675830444,0.0048024556461853714,0.1012480035266102,0.28068416864311346,2.598250525535875,0.2996490872570743,0.2597311269409912,0.9456050226499542,0.06342615146330763,0.03764748340725481,1.0350417938960301,469,0.062343,0.035389,0.039217,2891,4.989368,5.7619385,0,0.906,1.0,12060.0,0.005397,0,/home/melody/code/individual_project/channel_selection_results/step_r_c2f_grid_completion/unet/per_dataset/fr2_desk_flashlight/artifacts/unet_c2f_b_fine03_coarse03/replicate_0.all_frames.tum.txt,/home/melody/code/individual_project/channel_selection_results/step_r_c2f_grid_completion/unet/per_dataset/fr2_desk_flashlight/artifacts/unet_c2f_b_fine03_coarse03/replicate_0.keyframes.tum.txt,/home/melody/code/individual_project/channel_selection_results/step_r_c2f_grid_completion/unet/per_dataset/fr2_desk_flashlight/artifacts/unet_c2f_b_fine03_coarse03/replicate_0.log,2026-08-25T22:30:08.653819+00:00
6,fr2_desk_flashlight,fr2_desk,flashlight,Step-R:new,unet_c2f_b_fine03_coarse04,c2f,32,unet_c2f_b_fine03_coarse04,Step-R full-grid C2F-B; F3 × C4,"unet:c2f:B:fine2,3,12,14:coarse0,5,6,18,30","[2, 3, 12, 14, 0, 5, 6, 18, 30]",0,PASS,Completed the full matched RGB-D sequence,165.91193575800207,0,,,1311868263.1855,2891,2221,2893,0.9993086761147598,0.3102199752127521,0.24697463822775348,0.2119047757541714,0.6446547916165046,0.1877230968561695,11.903545466673714,11.363743809517818,17.717099753700587,0.0046533356948229125,0.09366911242650684,0.2795846088421302,2.6006102876054586,0.2940000841318165,0.2545987086751193,0.9460916494874595,0.06261449787665242,0.03743022216140872,1.0349912575962434,469,0.061483,0.035173,0.038045,2891,4.988953,5.7620735,0,0.902,1.0,12060.0,0.005663,0,/home/melody/code/individual_project/channel_selection_results/step_r_c2f_grid_completion/unet/per_dataset/fr2_desk_flashlight/artifacts/unet_c2f_b_fine03_coarse04/replicate_0.all_frames.tum.txt,/home/melody/code/individual_project/channel_selection_results/step_r_c2f_grid_completion/unet/per_dataset/fr2_desk_flashlight/artifacts/unet_c2f_b_fine03_coarse04/replicate_0.keyframes.tum.txt,/home/melody/code/individual_project/channel_selection_results/step_r_c2f_grid_completion/unet/per_dataset/fr2_desk_flashlight/artifacts/unet_c2f_b_fine03_coarse04/replicate_0.log,2026-08-25T22:32:55.492891+00:00
6,fr2_desk_flashlight,fr2_desk,flashlight,Step-R:new,unet_c2f_b_fine04_coarse01,c2f,33,unet_c2f_b_fine04_coarse01,Step-R full-grid C2F-B; F4 × C1,"unet:c2f:B:fine2,4,6:coarse5,6,17,18,28,30","[2, 4, 6, 5, 6, 17, 18, 28, 30]",0,PASS,Completed the full matched RGB-D sequence,172.70548878300178,0,,,1311868263.1855,2891,2221,2893,0.9993086761147598,0.2664702573990073,0.21178208830443152,0.18332332703061532,0.5231323841190626,0.16172428745153644,10.197309249232124,9.773672760228651,14.115302342174628,0.004151398290392756,0.08879866763079754,0.2788428929156787,2.2017136536609514,0.2511149398522587,0.21744945710429578,0.9513708979492015,0.055487217384492776,0.03724831240888634,1.0296342928113016,468,0.055054,0.036087,0.03226,2891,5.883349,7.218938,0,0.907,1.0,11910.0,0.004491,3,/home/melody/code/individual_project/channel_selection_results/step_r_c2f_grid_completion/unet/per_dataset/fr2_desk_flashlight/artifacts/unet_c2f_b_fine04_coarse01/replicate_0.all_frames.tum.txt,/home/melody/code/individual_project/channel_selection_results/step_r_c2f_grid_completion/unet/per_dataset/fr2_desk_flashlight/artifacts/unet_c2f_b_fine04_coarse01/replicate_0.keyframes.tum.txt,/home/melody/code/individual_project/channel_selection_results/step_r_c2f_grid_completion/unet/per_dataset/fr2_desk_flashlight/artifacts/unet_c2f_b_fine04_coarse01/replicate_0.log,2026-08-25T22:35:49.121797+00:00
6,fr2_desk_flashlight,fr2_desk,flashlight,Step-R:new,unet_c2f_b_fine04_coarse02,c2f,34,unet_c2f_b_fine04_coarse02,Step-R full-grid C2F-B; F4 × C2,"unet:c2f:B:fine2,4,6:coarse0,5,6,17,18,30","[2, 4, 6, 0, 5, 6, 17, 18, 30]",0,PASS,Completed the full matched RGB-D sequence,170.20333765099713,0,,,1311868263.1855,2891,2221,2893,0.9993086761147598,0.2648905760274554,0.21094000876364277,0.18334260665014954,0.520596408688299,0.16022275110280518,10.18328565234281,9.766157467269743,14.030272998473206,0.004169889097579994,0.0896997800349435,0.2788544825886185,2.1872309092030977,0.24974407897645948,0.21653882150098902,0.9518230935809804,0.05478575627119421,0.03653038975796899,1.0283793877976382,468,0.05434,0.035362,0.031979,2891,5.883148,7.2163405,0,0.908,1.0,11960.0,0.004684,3,/home/melody/code/individual_project/channel_selection_results/step_r_c2f_grid_completion/unet/per_dataset/fr2_desk_flashlight/artifacts/unet_c2f_b_fine04_coarse02/replicate_0.all_frames.tum.txt,/home/melody/code/individual_project/channel_selection_results/step_r_c2f_grid_completion/unet/per_dataset/fr2_desk_flashlight/artifacts/unet_c2f_b_fine04_coarse02/replicate_0.keyframes.tum.txt,/home/melody/code/individual_project/channel_selection_results/step_r_c2f_grid_completion/unet/per_dataset/fr2_desk_flashlight/artifacts/unet_c2f_b_fine04_coarse02/replicate_0.log,2026-08-25T22:38:40.241281+00:00
6,fr2_desk_flashlight,fr2_desk,flashlight,Step-R:new,unet_c2f_b_fine04_coarse03,c2f,35,unet_c2f_b_fine04_coarse03,Step-R full-grid C2F-B; F4 × C3,"unet:c2f:B:fine2,4,6:coarse0,5,18,30","[2, 4, 6, 0, 5, 18, 30]",0,PASS,Completed the full matched RGB-D sequence,170.1402110960007,0,,,1311868263.1855,2891,2221,2893,0.9993086761147598,0.26996837306022137,0.21452315256725543,0.18284149060344948,0.5305646621662407,0.1638985645617097,10.319837244699105,9.885519617822444,14.301215297547973,0.004206820922747698,0.09198509084780679,0.27934915653448983,2.332785895555969,0.254738003246166,0.2205814916941751,0.9512296676977702,0.0559412583105124,0.037053128604080235,1.0302861074855734,468,0.0555,0.035855,0.032967,2891,5.89576,7.2209555000000005,0,0.908,1.0,10870.0,0.008009,2,/home/melody/code/individual_project/channel_selection_results/step_r_c2f_grid_completion/unet/per_dataset/fr2_desk_flashlight/artifacts/unet_c2f_b_fine04_coarse03/replicate_0.all_frames.tum.txt,/home/melody/code/individual_project/channel_selection_results/step_r_c2f_grid_completion/unet/per_dataset/fr2_desk_flashlight/artifacts/unet_c2f_b_fine04_coarse03/replicate_0.keyframes.tum.txt,/home/melody/code/individual_project/channel_selection_results/step_r_c2f_grid_completion/unet/per_dataset/fr2_desk_flashlight/artifacts/unet_c2f_b_fine04_coarse03/replicate_0.log,2026-08-25T22:41:31.301378+00:00
6,fr2_desk_flashlight,fr2_desk,flashlight,Step-R:new,unet_c2f_b_fine04_coarse04,c2f,36,unet_c2f_b_fine04_coarse04,Step-R full-grid C2F-B; F4 × C4,"unet:c2f:B:fine2,4,6:coarse0,5,6,18,30","[2, 4, 6, 0, 5, 6, 18, 30]",0,PASS,Completed the full matched RGB-D sequence,171.45953797499897,0,,,1311868263.1855,2891,2221,2893,0.9993086761147598,0.2667029430307215,0.21267726433684073,0.18585916150833007,0.5255408929372642,0.1609311686884982,10.241469594065316,9.825706143276385,14.123115389728918,0.004204831056954058,0.09208101713643027,0.2785991044966373,2.2078857644072634,0.2514930104304538,0.2181650965042675,0.9515618758945776,0.05491789871863262,0.03650344806650543,1.0288875783193105,468,0.054471,0.035322,0.032267,2891,5.884868,7.222519,0,0.908,1.0,11960.0,0.005094,3,/home/melody/code/individual_project/channel_selection_results/step_r_c2f_grid_completion/unet/per_dataset/fr2_desk_flashlight/artifacts/unet_c2f_b_fine04_coarse04/replicate_0.all_frames.tum.txt,/home/melody/code/individual_project/channel_selection_results/step_r_c2f_grid_completion/unet/per_dataset/fr2_desk_flashlight/artifacts/unet_c2f_b_fine04_coarse04/replicate_0.keyframes.tum.txt,/home/melody/code/individual_project/channel_selection_results/step_r_c2f_grid_completion/unet/per_dataset/fr2_desk_flashlight/artifacts/unet_c2f_b_fine04_coarse04/replicate_0.log,2026-08-25T22:44:23.679371+00:00
6,fr2_desk_flashlight,fr2_desk,flashlight,Step-R:new,unet_c2f_b_fine05_coarse01,c2f,37,unet_c2f_b_fine05_coarse01,Step-R full-grid C2F-B; F5 × C1,"unet:c2f:B:fine2,3,7,12,13:coarse5,6,17,18,28,30","[2, 3, 7, 12, 13, 5, 6, 17, 18, 28, 30]",0,PASS,Completed the full matched RGB-D sequence,166.0553557940002,0,,,1311868263.1855,2891,2221,2893,0.9993086761147598,0.26907083947128313,0.21325849421769852,0.18937601328348586,0.5585516966940529,0.1640729450512206,10.070911324335468,9.675136584734009,15.09558050998873,0.004176646699841099,0.07616960159131794,0.2763885094781863,2.17948770077641,0.251813619318877,0.21780323159108797,0.9484395246848056,0.055783651330568784,0.036434380141914274,1.0280292559159057,469,0.054569,0.034548,0.03066,2891,6.354664,7.3150875,0,0.902,1.0,15460.0,0.00817,0,/home/melody/code/individual_project/channel_selection_results/step_r_c2f_grid_completion/unet/per_dataset/fr2_desk_flashlight/artifacts/unet_c2f_b_fine05_coarse01/replicate_0.all_frames.tum.txt,/home/melody/code/individual_project/channel_selection_results/step_r_c2f_grid_completion/unet/per_dataset/fr2_desk_flashlight/artifacts/unet_c2f_b_fine05_coarse01/replicate_0.keyframes.tum.txt,/home/melody/code/individual_project/channel_selection_results/step_r_c2f_grid_completion/unet/per_dataset/fr2_desk_flashlight/artifacts/unet_c2f_b_fine05_coarse01/replicate_0.log,2026-08-25T22:47:10.665643+00:00
6,fr2_desk_flashlight,fr2_desk,flashlight,Step-R:new,unet_c2f_b_fine05_coarse02,c2f,38,unet_c2f_b_fine05_coarse02,Step-R full-grid C2F-B; F5 × C2,"unet:c2f:B:fine2,3,7,12,13:coarse0,5,6,17,18,30","[2, 3, 7, 12, 13, 0, 5, 6, 17, 18, 30]",0,PASS,Completed the full matched RGB-D sequence,163.20719753199955,0,,,1311868263.1855,2891,2221,2893,0.9993086761147598,0.26715378197617373,0.21118250841044142,0.18701884195193627,0.5549732938105095,0.1636248494747873,10.005691306703136,9.613644179283801,15.025878215571653,0.004125107026080071,0.07286288764066545,0.27559426564810446,2.202078740641372,0.24992568077547722,0.2157556137870787,0.9486672208204882,0.05574191667300564,0.03645853346905517,1.0280785182326184,469,0.054478,0.034451,0.030466,2891,6.356247,7.3187745,0,0.902,1.0,15460.0,0.007507,0,/home/melody/code/individual_project/channel_selection_results/step_r_c2f_grid_completion/unet/per_dataset/fr2_desk_flashlight/artifacts/unet_c2f_b_fine05_coarse02/replicate_0.all_frames.tum.txt,/home/melody/code/individual_project/channel_selection_results/step_r_c2f_grid_completion/unet/per_dataset/fr2_desk_flashlight/artifacts/unet_c2f_b_fine05_coarse02/replicate_0.keyframes.tum.txt,/home/melody/code/individual_project/channel_selection_results/step_r_c2f_grid_completion/unet/per_dataset/fr2_desk_flashlight/artifacts/unet_c2f_b_fine05_coarse02/replicate_0.log,2026-08-25T22:49:54.795296+00:00
6,fr2_desk_flashlight,fr2_desk,flashlight,Step-R:new,unet_c2f_b_fine05_coarse03,c2f,39,unet_c2f_b_fine05_coarse03,Step-R full-grid C2F-B; F5 × C3,"unet:c2f:B:fine2,3,7,12,13:coarse0,5,18,30","[2, 3, 7, 12, 13, 0, 5, 18, 30]",0,PASS,Completed the full matched RGB-D sequence,163.6544661700027,0,,,1311868263.1855,2891,2221,2893,0.9993086761147598,0.2690857167453458,0.2130462050223498,0.1886177346060675,0.5591911841176481,0.16437286114785302,10.022573833254956,9.627826597846761,15.084782424921883,0.004146832837246089,0.07559211617459023,0.2760705462157148,2.1265348551019665,0.2516397507603562,0.21743463719846118,0.9481811086286742,0.05589862510457384,0.0365369124600144,1.0282171006925225,469,0.05464,0.034525,0.030648,2891,6.357491,7.317197999999999,0,0.902,1.0,15470.0,0.008139,0,/home/melody/code/individual_project/channel_selection_results/step_r_c2f_grid_completion/unet/per_dataset/fr2_desk_flashlight/artifacts/unet_c2f_b_fine05_coarse03/replicate_0.all_frames.tum.txt,/home/melody/code/individual_project/channel_selection_results/step_r_c2f_grid_completion/unet/per_dataset/fr2_desk_flashlight/artifacts/unet_c2f_b_fine05_coarse03/replicate_0.keyframes.tum.txt,/home/melody/code/individual_project/channel_selection_results/step_r_c2f_grid_completion/unet/per_dataset/fr2_desk_flashlight/artifacts/unet_c2f_b_fine05_coarse03/replicate_0.log,2026-08-25T22:52:39.374455+00:00
6,fr2_desk_flashlight,fr2_desk,flashlight,Step-R:new,unet_c2f_b_fine05_coarse04,c2f,40,unet_c2f_b_fine05_coarse04,Step-R full-grid C2F-B; F5 × C4,"unet:c2f:B:fine2,3,7,12,13:coarse0,5,6,18,30","[2, 3, 7, 12, 13, 0, 5, 6, 18, 30]",0,PASS,Completed the full matched RGB-D sequence,163.54428619800092,0,,,1311868263.1855,2891,2221,2893,0.9993086761147598,0.26890644845860906,0.2129159818197681,0.18979624561541142,0.5587828826116419,0.16424817414006998,10.033930220060492,9.638569852954072,15.050176500728236,0.004134933602871701,0.0757500274994668,0.27531899491491296,2.1145284226354195,0.25152995899132247,0.21744171783609723,0.948293111239613,0.05587550728032417,0.03650863734978745,1.0282310052406245,469,0.054611,0.034493,0.030654,2891,6.356733,7.317159999999999,0,0.902,1.0,15470.0,0.007507,0,/home/melody/code/individual_project/channel_selection_results/step_r_c2f_grid_completion/unet/per_dataset/fr2_desk_flashlight/artifacts/unet_c2f_b_fine05_coarse04/replicate_0.all_frames.tum.txt,/home/melody/code/individual_project/channel_selection_results/step_r_c2f_grid_completion/unet/per_dataset/fr2_desk_flashlight/artifacts/unet_c2f_b_fine05_coarse04/replicate_0.keyframes.tum.txt,/home/melody/code/individual_project/channel_selection_results/step_r_c2f_grid_completion/unet/per_dataset/fr2_desk_flashlight/artifacts/unet_c2f_b_fine05_coarse04/replicate_0.log,2026-08-25T22:55:23.826948+00:00
7,fr3_long_office_household_clean,fr3_long_office_household,clean,Step-Q:unet_enc0_direct_f1_d02_d03_d07_d12_d13_d14,unet_direct_fine01,direct_fine,4,unet_enc0_direct_f1_d02_d03_d07_d12_d13_d14,Direct fine parent F1: global direct U-Net optimum on fr1/desk_lightswitch.,"unet:direct:enc0:2,3,7,12,13,14","[2, 3, 7, 12, 13, 14]",0,PASS,Completed the full matched RGB-D sequence,125.18665717201657,0,,,1341848067.8628,2486,2486,2488,0.9991961414790996,0.1379788678927813,0.11535951820980081,0.08656221849540299,0.2900772344633628,0.07569907227553209,3.69688031785652,3.503738884476284,5.673335142297823,0.004600330224572386,0.02559966837855731,0.23218227922073945,0.9487893598700915,0.13461083610563493,0.11501915795720817,0.98551725890611,0.1197129999129896,0.10280506740390377,0.9890381924970733,251,0.119713,0.102805,0.006966,2486,8.389045,10.11512625,0,0.845,0.993,21010.0,0.005175,0,/home/melody/code/individual_project/channel_selection_results/step_q_c2f_multi_dataset_evaluation/unet/per_dataset/fr3_long_office_household_clean/artifacts/unet_enc0_direct_f1_d02_d03_d07_d12_d13_d14/replicate_0.all_frames.tum.txt,/home/melody/code/individual_project/channel_selection_results/step_q_c2f_multi_dataset_evaluation/unet/per_dataset/fr3_long_office_household_clean/artifacts/unet_enc0_direct_f1_d02_d03_d07_d12_d13_d14/replicate_0.keyframes.tum.txt,/home/melody/code/individual_project/channel_selection_results/step_q_c2f_multi_dataset_evaluation/unet/per_dataset/fr3_long_office_household_clean/artifacts/unet_enc0_direct_f1_d02_d03_d07_d12_d13_d14/replicate_0.log,2026-08-23T11:25:02.332725+00:00
7,fr3_long_office_household_clean,fr3_long_office_household,clean,Step-Q:unet_enc0_direct_f2_d03_d07_d12,unet_direct_fine02,direct_fine,5,unet_enc0_direct_f2_d03_d07_d12,Direct fine parent F2: the three-channel near-optimum.,"unet:direct:enc0:3,7,12","[3, 7, 12]",0,PASS,Completed the full matched RGB-D sequence,125.71198871801607,0,,,1341848067.8628,2486,2486,2488,0.9991961414790996,0.14173954472371364,0.11757177782166858,0.08481391146308026,0.287405329817425,0.07916423181170786,3.8162907001217974,3.627170070661114,5.717124316898158,0.00461744744650974,0.025794738992994747,0.2314684186671877,0.9778699848045489,0.13835030961120434,0.11755621163741041,0.9852750815409816,0.12253557152598714,0.10403912084421765,0.9887355353912991,251,0.122536,0.104039,0.006998,2486,4.1374495,5.10656,0,0.855,0.993,21240.0,0.002981,0,/home/melody/code/individual_project/channel_selection_results/step_q_c2f_multi_dataset_evaluation/unet/per_dataset/fr3_long_office_household_clean/artifacts/unet_enc0_direct_f2_d03_d07_d12/replicate_0.all_frames.tum.txt,/home/melody/code/individual_project/channel_selection_results/step_q_c2f_multi_dataset_evaluation/unet/per_dataset/fr3_long_office_household_clean/artifacts/unet_enc0_direct_f2_d03_d07_d12/replicate_0.keyframes.tum.txt,/home/melody/code/individual_project/channel_selection_results/step_q_c2f_multi_dataset_evaluation/unet/per_dataset/fr3_long_office_household_clean/artifacts/unet_enc0_direct_f2_d03_d07_d12/replicate_0.log,2026-08-23T11:27:08.802964+00:00
7,fr3_long_office_household_clean,fr3_long_office_household,clean,Step-R:new,unet_direct_fine03,direct_fine,1,unet_direct_fine03,Step-R direct fine rank 3,"unet:direct:enc0:2,3,12,14","[2, 3, 12, 14]",0,PASS,Completed the full matched RGB-D sequence,125.33694873799686,0,,,1341848067.8628,2486,2486,2488,0.9991961414790996,0.1473786059536859,0.12195326348124212,0.08286534730426307,0.30732941802256997,0.08275176746829374,4.102809429913195,3.8861136818111675,6.164469219125934,0.004604931265477184,0.026294804367530424,0.23317595917115455,0.9439063802449518,0.14448063411442227,0.12211263195901159,0.9860865982764668,0.12724338548876704,0.10780998701236938,0.9898954801819415,253,0.127243,0.10781,0.007081,2486,5.4766105,6.586736500000001,0,0.855,0.993,18270.0,0.004545,0,/home/melody/code/individual_project/channel_selection_results/step_r_c2f_grid_completion/unet/per_dataset/fr3_long_office_household_clean/artifacts/unet_direct_fine03/replicate_0.all_frames.tum.txt,/home/melody/code/individual_project/channel_selection_results/step_r_c2f_grid_completion/unet/per_dataset/fr3_long_office_household_clean/artifacts/unet_direct_fine03/replicate_0.keyframes.tum.txt,/home/melody/code/individual_project/channel_selection_results/step_r_c2f_grid_completion/unet/per_dataset/fr3_long_office_household_clean/artifacts/unet_direct_fine03/replicate_0.log,2026-08-25T22:57:30.294974+00:00
7,fr3_long_office_household_clean,fr3_long_office_household,clean,Step-R:new,unet_direct_fine04,direct_fine,2,unet_direct_fine04,Step-R direct fine rank 4,"unet:direct:enc0:2,4,6","[2, 4, 6]",0,PASS,Completed the full matched RGB-D sequence,128.82293898100033,0,,,1341848067.8628,2486,2486,2488,0.9991961414790996,0.1334436051263669,0.11477607813788877,0.09292456295710114,0.2832185790507971,0.06807090153954914,3.5554583278159826,3.3693658723826583,5.890614668578836,0.004294788276024909,0.023338810630806464,0.23657014373036958,0.9825283683433979,0.13058237688554233,0.1138711814854274,0.9868465891633245,0.1178244950047042,0.1038404983699276,0.9902437195856868,253,0.117824,0.10384,0.00679,2486,6.2558365,7.93523275,0,0.844,0.993,13620.0,0.004436,1,/home/melody/code/individual_project/channel_selection_results/step_r_c2f_grid_completion/unet/per_dataset/fr3_long_office_household_clean/artifacts/unet_direct_fine04/replicate_0.all_frames.tum.txt,/home/melody/code/individual_project/channel_selection_results/step_r_c2f_grid_completion/unet/per_dataset/fr3_long_office_household_clean/artifacts/unet_direct_fine04/replicate_0.keyframes.tum.txt,/home/melody/code/individual_project/channel_selection_results/step_r_c2f_grid_completion/unet/per_dataset/fr3_long_office_household_clean/artifacts/unet_direct_fine04/replicate_0.log,2026-08-25T22:59:39.860867+00:00
7,fr3_long_office_household_clean,fr3_long_office_household,clean,Step-Q:unet_enc0_direct_f5_d02_d03_d07_d12_d13,unet_direct_fine05,direct_fine,6,unet_enc0_direct_f5_d02_d03_d07_d12_d13,"Direct fine parent F5, included because it has the clearest positive C2F synergy.","unet:direct:enc0:2,3,7,12,13","[2, 3, 7, 12, 13]",0,PASS,Completed the full matched RGB-D sequence,126.05480019698734,0,,,1341848067.8628,2486,2486,2488,0.9991961414790996,0.13361778388587142,0.11219929647082261,0.08643706181106071,0.2811721270032228,0.07256052674852832,3.6139450808600633,3.429779516303734,5.47323411139981,0.0046008072914805204,0.02555230311538191,0.23075049327651762,0.925965468932496,0.13054624442833487,0.11202673871189686,0.9863747181382198,0.11625449711149162,0.10023765233264446,0.9898092648480564,251,0.116254,0.100238,0.006895,2486,7.225059,8.680565,0,0.845,0.993,22550.0,0.004876,0,/home/melody/code/individual_project/channel_selection_results/step_q_c2f_multi_dataset_evaluation/unet/per_dataset/fr3_long_office_household_clean/artifacts/unet_enc0_direct_f5_d02_d03_d07_d12_d13/replicate_0.all_frames.tum.txt,/home/melody/code/individual_project/channel_selection_results/step_q_c2f_multi_dataset_evaluation/unet/per_dataset/fr3_long_office_household_clean/artifacts/unet_enc0_direct_f5_d02_d03_d07_d12_d13/replicate_0.keyframes.tum.txt,/home/melody/code/individual_project/channel_selection_results/step_q_c2f_multi_dataset_evaluation/unet/per_dataset/fr3_long_office_household_clean/artifacts/unet_enc0_direct_f5_d02_d03_d07_d12_d13/replicate_0.log,2026-08-23T11:29:15.618627+00:00
7,fr3_long_office_household_clean,fr3_long_office_household,clean,Step-R:new,unet_direct_coarse01,direct_coarse,3,unet_direct_coarse01,Step-R direct coarse rank 1,"unet:direct:enc1:5,6,17,18,28,30","[5, 6, 17, 18, 28, 30]",0,PASS,Completed the full matched RGB-D sequence,150.41159018399776,0,,,1341848067.8628,2486,2486,2488,0.9991961414790996,0.20407808930382254,0.16950439217619281,0.10535765891137149,0.4265232777481936,0.11364914239394147,6.0944054625905135,5.747050670165483,9.266011531542667,0.0046625999991805585,0.028769680713680836,0.2348349009352419,1.089319862689808,0.20100587530855016,0.1703187016475431,0.9831346187122713,0.17733046343206738,0.15148739399072705,0.9887893847333403,249,0.17733,0.151487,0.007468,2486,32.743812500000004,54.1176965,0,0.853,0.993,8524.0,0.00599,0,/home/melody/code/individual_project/channel_selection_results/step_r_c2f_grid_completion/unet/per_dataset/fr3_long_office_household_clean/artifacts/unet_direct_coarse01/replicate_0.all_frames.tum.txt,/home/melody/code/individual_project/channel_selection_results/step_r_c2f_grid_completion/unet/per_dataset/fr3_long_office_household_clean/artifacts/unet_direct_coarse01/replicate_0.keyframes.tum.txt,/home/melody/code/individual_project/channel_selection_results/step_r_c2f_grid_completion/unet/per_dataset/fr3_long_office_household_clean/artifacts/unet_direct_coarse01/replicate_0.log,2026-08-25T23:02:11.009841+00:00
7,fr3_long_office_household_clean,fr3_long_office_household,clean,Step-Q:unet_enc1_direct_c2_d00_d05_d06_d17_d18_d30,unet_direct_coarse02,direct_coarse,3,unet_enc1_direct_c2_d00_d05_d06_d17_d18_d30,"Direct coarse parent C2, needed to interpret the C2F-B schedule contrast.","unet:direct:enc1:0,5,6,17,18,30","[0, 5, 6, 17, 18, 30]",0,PASS,Completed the full matched RGB-D sequence,146.50413119400037,0,,,1341848067.8628,2486,2486,2488,0.9991961414790996,0.17174611412327312,0.1427412785446204,0.10078096846842373,0.3707075412004074,0.09550735634437509,4.97887760988131,4.69923629000718,7.697697456200353,0.004863658725085593,0.02779529739133616,0.23006745857990452,1.0254006927405068,0.16879739221555987,0.14322479272504052,0.9848453665530748,0.14834308570349758,0.12716712969536778,0.9895216852762898,251,0.148343,0.127167,0.007279,2486,17.7409805,25.01037175,0,0.844,0.993,12420.0,0.008686,3,/home/melody/code/individual_project/channel_selection_results/step_q_c2f_multi_dataset_evaluation/unet/per_dataset/fr3_long_office_household_clean/artifacts/unet_enc1_direct_c2_d00_d05_d06_d17_d18_d30/replicate_0.all_frames.tum.txt,/home/melody/code/individual_project/channel_selection_results/step_q_c2f_multi_dataset_evaluation/unet/per_dataset/fr3_long_office_household_clean/artifacts/unet_enc1_direct_c2_d00_d05_d06_d17_d18_d30/replicate_0.keyframes.tum.txt,/home/melody/code/individual_project/channel_selection_results/step_q_c2f_multi_dataset_evaluation/unet/per_dataset/fr3_long_office_household_clean/artifacts/unet_enc1_direct_c2_d00_d05_d06_d17_d18_d30/replicate_0.log,2026-08-23T11:22:56.392174+00:00
7,fr3_long_office_household_clean,fr3_long_office_household,clean,Step-R:new,unet_direct_coarse03,direct_coarse,4,unet_direct_coarse03,Step-R direct coarse rank 3,"unet:direct:enc1:0,5,18,30","[0, 5, 18, 30]",0,PASS,Completed the full matched RGB-D sequence,139.40827422300208,0,,,1341848067.8628,2486,2486,2488,0.9991961414790996,0.21474667992589552,0.17150256143727385,0.10612654425342187,0.46426171938485483,0.12924011745448516,5.950983635667077,5.547860989958304,9.4737241263044,0.005349178262786432,0.030557321745020672,0.23037669157990265,0.9184852885962782,0.20939919327021908,0.17295620629451122,0.9773563067135975,0.18228212405374752,0.1513334904335524,0.9825687838149505,247,0.182282,0.151333,0.008304,2486,9.042851,10.978475750000001,0,0.845,0.993,12650.0,0.008265,0,/home/melody/code/individual_project/channel_selection_results/step_r_c2f_grid_completion/unet/per_dataset/fr3_long_office_household_clean/artifacts/unet_direct_coarse03/replicate_0.all_frames.tum.txt,/home/melody/code/individual_project/channel_selection_results/step_r_c2f_grid_completion/unet/per_dataset/fr3_long_office_household_clean/artifacts/unet_direct_coarse03/replicate_0.keyframes.tum.txt,/home/melody/code/individual_project/channel_selection_results/step_r_c2f_grid_completion/unet/per_dataset/fr3_long_office_household_clean/artifacts/unet_direct_coarse03/replicate_0.log,2026-08-25T23:04:31.149938+00:00
7,fr3_long_office_household_clean,fr3_long_office_household,clean,Step-Q:unet_enc1_direct_c4_d00_d05_d06_d18_d30,unet_direct_coarse04,direct_coarse,2,unet_enc1_direct_c4_d00_d05_d06_d18_d30,"Direct coarse parent C4, selected because it participates in the strongest U-Net C2F results.","unet:direct:enc1:0,5,6,18,30","[0, 5, 6, 18, 30]",0,PASS,Completed the full matched RGB-D sequence,144.76292316100444,0,,,1341848067.8628,2486,2486,2488,0.9991961414790996,0.18305079396480678,0.14916215226242835,0.09754395770213475,0.397880644996512,0.10610487973503523,5.111232010797407,4.765501165509471,7.970452587109113,0.004861845801470764,0.02809168557328895,0.23019908125014782,1.0348203439088783,0.17938119775468542,0.150103676592071,0.9825916179752001,0.15663466643111545,0.13209111378739408,0.9873657391821099,249,0.156635,0.132091,0.007428,2486,13.20973,17.43455875,0,0.844,0.993,12020.0,0.007124,0,/home/melody/code/individual_project/channel_selection_results/step_q_c2f_multi_dataset_evaluation/unet/per_dataset/fr3_long_office_household_clean/artifacts/unet_enc1_direct_c4_d00_d05_d06_d18_d30/replicate_0.all_frames.tum.txt,/home/melody/code/individual_project/channel_selection_results/step_q_c2f_multi_dataset_evaluation/unet/per_dataset/fr3_long_office_household_clean/artifacts/unet_enc1_direct_c4_d00_d05_d06_d18_d30/replicate_0.keyframes.tum.txt,/home/melody/code/individual_project/channel_selection_results/step_q_c2f_multi_dataset_evaluation/unet/per_dataset/fr3_long_office_household_clean/artifacts/unet_enc1_direct_c4_d00_d05_d06_d18_d30/replicate_0.log,2026-08-23T11:20:29.139559+00:00
7,fr3_long_office_household_clean,fr3_long_office_household,clean,Step-R:new,unet_c2f_a_fine01_coarse01,c2f,5,unet_c2f_a_fine01_coarse01,Step-R full-grid C2F-A; F1 × C1,"unet:c2f:A:fine2,3,7,12,13,14:coarse5,6,17,18,28,30","[2, 3, 7, 12, 13, 14, 5, 6, 17, 18, 28, 30]",0,PASS,Completed the full matched RGB-D sequence,143.90968588100077,0,,,1341848067.8628,2486,2486,2488,0.9991961414790996,0.13552172760980075,0.11306018911679154,0.08141476360745666,0.2841971257501434,0.07472303721892172,3.748100881282321,3.5491707610211067,5.727908344821111,0.004559800068468387,0.024519887809167022,0.23129128979606747,0.9169002555019699,0.13270365571859682,0.11294609546399759,0.9868419583649627,0.11746783549256407,0.1007378328243299,0.9902040340787576,252,0.117468,0.100738,0.006872,2486,8.38073,10.06207875,0,0.845,0.993,20950.0,0.006197,0,/home/melody/code/individual_project/channel_selection_results/step_r_c2f_grid_completion/unet/per_dataset/fr3_long_office_household_clean/artifacts/unet_c2f_a_fine01_coarse01/replicate_0.all_frames.tum.txt,/home/melody/code/individual_project/channel_selection_results/step_r_c2f_grid_completion/unet/per_dataset/fr3_long_office_household_clean/artifacts/unet_c2f_a_fine01_coarse01/replicate_0.keyframes.tum.txt,/home/melody/code/individual_project/channel_selection_results/step_r_c2f_grid_completion/unet/per_dataset/fr3_long_office_household_clean/artifacts/unet_c2f_a_fine01_coarse01/replicate_0.log,2026-08-25T23:06:55.786299+00:00
7,fr3_long_office_household_clean,fr3_long_office_household,clean,Step-R:new,unet_c2f_a_fine01_coarse02,c2f,6,unet_c2f_a_fine01_coarse02,Step-R full-grid C2F-A; F1 × C2,"unet:c2f:A:fine2,3,7,12,13,14:coarse0,5,6,17,18,30","[2, 3, 7, 12, 13, 14, 0, 5, 6, 17, 18, 30]",0,PASS,Completed the full matched RGB-D sequence,139.24831395100045,0,,,1341848067.8628,2486,2486,2488,0.9991961414790996,0.13247085606713319,0.1105796666139079,0.08037077652154465,0.28464716206859,0.07294288888381173,3.650570397126493,3.456023949648142,5.661278740751624,0.004606072335272047,0.0248760313711456,0.23038770389313354,0.9074009014162179,0.12975356730945292,0.11054880537936376,0.9872209965659345,0.11489124112823541,0.09867198362977958,0.9905578016310664,252,0.114891,0.098672,0.006865,2486,8.38612,10.064869999999999,0,0.845,0.993,20950.0,0.007917,0,/home/melody/code/individual_project/channel_selection_results/step_r_c2f_grid_completion/unet/per_dataset/fr3_long_office_household_clean/artifacts/unet_c2f_a_fine01_coarse02/replicate_0.all_frames.tum.txt,/home/melody/code/individual_project/channel_selection_results/step_r_c2f_grid_completion/unet/per_dataset/fr3_long_office_household_clean/artifacts/unet_c2f_a_fine01_coarse02/replicate_0.keyframes.tum.txt,/home/melody/code/individual_project/channel_selection_results/step_r_c2f_grid_completion/unet/per_dataset/fr3_long_office_household_clean/artifacts/unet_c2f_a_fine01_coarse02/replicate_0.log,2026-08-25T23:09:15.768782+00:00
7,fr3_long_office_household_clean,fr3_long_office_household,clean,Step-R:new,unet_c2f_a_fine01_coarse03,c2f,7,unet_c2f_a_fine01_coarse03,Step-R full-grid C2F-A; F1 × C3,"unet:c2f:A:fine2,3,7,12,13,14:coarse0,5,18,30","[2, 3, 7, 12, 13, 14, 0, 5, 18, 30]",0,PASS,Completed the full matched RGB-D sequence,137.12659096900097,0,,,1341848067.8628,2486,2486,2488,0.9991961414790996,0.14540124894905754,0.11976466595859027,0.08079095109181007,0.3104087750139359,0.08244966939759733,3.9339901291985346,3.7133086309467167,5.95746644751832,0.004692187291839296,0.02639001320433391,0.23033351298376667,0.912348769427787,0.14207090673115172,0.1199797722284583,0.9852116058523799,0.1253349773850831,0.10636671966848447,0.9888260454872685,249,0.125335,0.106367,0.007116,2486,8.378604,10.07990875,0,0.845,0.993,21000.0,0.008469,0,/home/melody/code/individual_project/channel_selection_results/step_r_c2f_grid_completion/unet/per_dataset/fr3_long_office_household_clean/artifacts/unet_c2f_a_fine01_coarse03/replicate_0.all_frames.tum.txt,/home/melody/code/individual_project/channel_selection_results/step_r_c2f_grid_completion/unet/per_dataset/fr3_long_office_household_clean/artifacts/unet_c2f_a_fine01_coarse03/replicate_0.keyframes.tum.txt,/home/melody/code/individual_project/channel_selection_results/step_r_c2f_grid_completion/unet/per_dataset/fr3_long_office_household_clean/artifacts/unet_c2f_a_fine01_coarse03/replicate_0.log,2026-08-25T23:11:33.614087+00:00
7,fr3_long_office_household_clean,fr3_long_office_household,clean,Step-Q:unet_c2f_a_f1_c4_negative_high_parent,unet_c2f_a_fine01_coarse04,c2f,7,unet_c2f_a_f1_c4_negative_high_parent,C2F-A negative control: on fr1 lightswitch it is worse than the globally best direct fine parent F1.,"unet:c2f:A:fine2,3,7,12,13,14:coarse0,5,6,18,30","[2, 3, 7, 12, 13, 14, 0, 5, 6, 18, 30]",0,PASS,Completed the full matched RGB-D sequence,139.41411796800094,0,,,1341848067.8628,2486,2486,2488,0.9991961414790996,0.13551649438956018,0.11247444094625172,0.07818965737339109,0.2858846290523366,0.07559246249107,3.722578473872805,3.511908680735458,5.635722726161648,0.004614837557198324,0.02504259436858275,0.2305958797880143,0.9430550940712603,0.13255131616417043,0.11254957845305158,0.986511443456928,0.11730305739424038,0.100248965572909,0.9898745145225132,252,0.117303,0.100249,0.00676,2486,8.379000999999999,10.063713499999999,0,0.845,0.993,20850.0,0.008009,0,/home/melody/code/individual_project/channel_selection_results/step_q_c2f_multi_dataset_evaluation/unet/per_dataset/fr3_long_office_household_clean/artifacts/unet_c2f_a_f1_c4_negative_high_parent/replicate_0.all_frames.tum.txt,/home/melody/code/individual_project/channel_selection_results/step_q_c2f_multi_dataset_evaluation/unet/per_dataset/fr3_long_office_household_clean/artifacts/unet_c2f_a_f1_c4_negative_high_parent/replicate_0.keyframes.tum.txt,/home/melody/code/individual_project/channel_selection_results/step_q_c2f_multi_dataset_evaluation/unet/per_dataset/fr3_long_office_household_clean/artifacts/unet_c2f_a_f1_c4_negative_high_parent/replicate_0.log,2026-08-23T11:31:35.786765+00:00
7,fr3_long_office_household_clean,fr3_long_office_household,clean,Step-R:new,unet_c2f_a_fine02_coarse01,c2f,8,unet_c2f_a_fine02_coarse01,Step-R full-grid C2F-A; F2 × C1,"unet:c2f:A:fine3,7,12:coarse5,6,17,18,28,30","[3, 7, 12, 5, 6, 17, 18, 28, 30]",0,PASS,Completed the full matched RGB-D sequence,142.8420707389996,0,,,1341848067.8628,2486,2486,2488,0.9991961414790996,0.14991308308406265,0.12294139943366078,0.08007569703978525,0.31145158570392917,0.08578662357886653,4.089979506998158,3.846471737705177,6.312609273600993,0.004602882937851827,0.024995257848930787,0.2318268850410758,0.9712919600943403,0.14663198007098296,0.12324825797840974,0.9850910136710227,0.12895577988139012,0.1089035680738101,0.9885674018670614,252,0.128956,0.108904,0.007125,2486,4.1393915,5.0846935,0,0.845,0.993,22530.0,0.009891,0,/home/melody/code/individual_project/channel_selection_results/step_r_c2f_grid_completion/unet/per_dataset/fr3_long_office_household_clean/artifacts/unet_c2f_a_fine02_coarse01/replicate_0.all_frames.tum.txt,/home/melody/code/individual_project/channel_selection_results/step_r_c2f_grid_completion/unet/per_dataset/fr3_long_office_household_clean/artifacts/unet_c2f_a_fine02_coarse01/replicate_0.keyframes.tum.txt,/home/melody/code/individual_project/channel_selection_results/step_r_c2f_grid_completion/unet/per_dataset/fr3_long_office_household_clean/artifacts/unet_c2f_a_fine02_coarse01/replicate_0.log,2026-08-25T23:13:57.182562+00:00
7,fr3_long_office_household_clean,fr3_long_office_household,clean,Step-R:new,unet_c2f_a_fine02_coarse02,c2f,9,unet_c2f_a_fine02_coarse02,Step-R full-grid C2F-A; F2 × C2,"unet:c2f:A:fine3,7,12:coarse0,5,6,17,18,30","[3, 7, 12, 0, 5, 6, 17, 18, 30]",0,PASS,Completed the full matched RGB-D sequence,138.4364909270007,0,,,1341848067.8628,2486,2486,2488,0.9991961414790996,0.1398130542039829,0.11530635702148066,0.07895170269124603,0.2918944599807296,0.07907043794162709,3.8003233010362227,3.585842873146822,5.735752510466262,0.004625441750748738,0.025469334367812877,0.22997062089899806,0.9217615179887404,0.13671651664786041,0.11545260715145347,0.9860053786512356,0.12068303988387885,0.10229701101621021,0.9893783001083349,251,0.120683,0.102297,0.007087,2486,4.1346225,5.0838315000000005,0,0.845,0.993,22580.0,0.006306,0,/home/melody/code/individual_project/channel_selection_results/step_r_c2f_grid_completion/unet/per_dataset/fr3_long_office_household_clean/artifacts/unet_c2f_a_fine02_coarse02/replicate_0.all_frames.tum.txt,/home/melody/code/individual_project/channel_selection_results/step_r_c2f_grid_completion/unet/per_dataset/fr3_long_office_household_clean/artifacts/unet_c2f_a_fine02_coarse02/replicate_0.keyframes.tum.txt,/home/melody/code/individual_project/channel_selection_results/step_r_c2f_grid_completion/unet/per_dataset/fr3_long_office_household_clean/artifacts/unet_c2f_a_fine02_coarse02/replicate_0.log,2026-08-25T23:16:16.346981+00:00
7,fr3_long_office_household_clean,fr3_long_office_household,clean,Step-R:new,unet_c2f_a_fine02_coarse03,c2f,10,unet_c2f_a_fine02_coarse03,Step-R full-grid C2F-A; F2 × C3,"unet:c2f:A:fine3,7,12:coarse0,5,18,30","[3, 7, 12, 0, 5, 18, 30]",0,PASS,Completed the full matched RGB-D sequence,135.54501191099916,0,,,1341848067.8628,2486,2486,2488,0.9991961414790996,0.14300821624283885,0.11792428489917607,0.08500304645774909,0.3044430849703204,0.08090249034471379,3.9000840420840337,3.68710346396264,5.837155289315551,0.004724876420740486,0.027216897510119055,0.23019930157062876,0.9791074591204455,0.13950604495594868,0.11819302678654436,0.9849711871876079,0.12392847388570762,0.10511461367089721,0.9882822376954826,251,0.123928,0.105115,0.007249,2486,4.1399675,5.09895775,0,0.855,0.993,22570.0,0.010125,0,/home/melody/code/individual_project/channel_selection_results/step_r_c2f_grid_completion/unet/per_dataset/fr3_long_office_household_clean/artifacts/unet_c2f_a_fine02_coarse03/replicate_0.all_frames.tum.txt,/home/melody/code/individual_project/channel_selection_results/step_r_c2f_grid_completion/unet/per_dataset/fr3_long_office_household_clean/artifacts/unet_c2f_a_fine02_coarse03/replicate_0.keyframes.tum.txt,/home/melody/code/individual_project/channel_selection_results/step_r_c2f_grid_completion/unet/per_dataset/fr3_long_office_household_clean/artifacts/unet_c2f_a_fine02_coarse03/replicate_0.log,2026-08-25T23:18:32.624039+00:00
7,fr3_long_office_household_clean,fr3_long_office_household,clean,Step-Q:unet_c2f_a_f2_c4_global_best,unet_c2f_a_fine02_coarse04,c2f,8,unet_c2f_a_f2_c4_global_best,C2F-A global U-Net C2F optimum on fr1 lightswitch; compare against both direct parents.,"unet:c2f:A:fine3,7,12:coarse0,5,6,18,30","[3, 7, 12, 0, 5, 6, 18, 30]",0,PASS,Completed the full matched RGB-D sequence,138.57504140300443,0,,,1341848067.8628,2486,2486,2488,0.9991961414790996,0.13769793610236197,0.11417975491491568,0.0819765677347585,0.28967118260896446,0.07696561033617512,3.7631292858497334,3.5563974566066827,5.6242125961129865,0.004650133744189338,0.025579532500498568,0.2304114078027688,0.9416311266608469,0.13438738602904005,0.11424828796386763,0.9856527969811358,0.11934970751024951,0.10161385309757762,0.9888649944814784,253,0.11935,0.101614,0.007041,2486,4.140969,5.0820115,0,0.854,0.993,22570.0,0.006617,0,/home/melody/code/individual_project/channel_selection_results/step_q_c2f_multi_dataset_evaluation/unet/per_dataset/fr3_long_office_household_clean/artifacts/unet_c2f_a_f2_c4_global_best/replicate_0.all_frames.tum.txt,/home/melody/code/individual_project/channel_selection_results/step_q_c2f_multi_dataset_evaluation/unet/per_dataset/fr3_long_office_household_clean/artifacts/unet_c2f_a_f2_c4_global_best/replicate_0.keyframes.tum.txt,/home/melody/code/individual_project/channel_selection_results/step_q_c2f_multi_dataset_evaluation/unet/per_dataset/fr3_long_office_household_clean/artifacts/unet_c2f_a_f2_c4_global_best/replicate_0.log,2026-08-23T11:33:55.117078+00:00
7,fr3_long_office_household_clean,fr3_long_office_household,clean,Step-R:new,unet_c2f_a_fine03_coarse01,c2f,11,unet_c2f_a_fine03_coarse01,Step-R full-grid C2F-A; F3 × C1,"unet:c2f:A:fine2,3,12,14:coarse5,6,17,18,28,30","[2, 3, 12, 14, 5, 6, 17, 18, 28, 30]",0,PASS,Completed the full matched RGB-D sequence,142.70699490900006,0,,,1341848067.8628,2486,2486,2488,0.9991961414790996,0.13955882755178423,0.11600716262840936,0.07852015464982373,0.28452010113815973,0.07758224388695155,3.9522884247883576,3.733622568713208,5.981550960800197,0.004554342048744755,0.02526459042169993,0.2323084289809743,0.9411507254697987,0.1367643553081056,0.11602768340839921,0.9867010388319883,0.12055220660090793,0.10274973655110291,0.9903530676369643,254,0.120552,0.10275,0.006873,2486,5.4739845,6.57271225,0,0.855,0.993,18250.0,0.011921,0,/home/melody/code/individual_project/channel_selection_results/step_r_c2f_grid_completion/unet/per_dataset/fr3_long_office_household_clean/artifacts/unet_c2f_a_fine03_coarse01/replicate_0.all_frames.tum.txt,/home/melody/code/individual_project/channel_selection_results/step_r_c2f_grid_completion/unet/per_dataset/fr3_long_office_household_clean/artifacts/unet_c2f_a_fine03_coarse01/replicate_0.keyframes.tum.txt,/home/melody/code/individual_project/channel_selection_results/step_r_c2f_grid_completion/unet/per_dataset/fr3_long_office_household_clean/artifacts/unet_c2f_a_fine03_coarse01/replicate_0.log,2026-08-25T23:20:56.054750+00:00
7,fr3_long_office_household_clean,fr3_long_office_household,clean,Step-R:new,unet_c2f_a_fine03_coarse02,c2f,12,unet_c2f_a_fine03_coarse02,Step-R full-grid C2F-A; F3 × C2,"unet:c2f:A:fine2,3,12,14:coarse0,5,6,17,18,30","[2, 3, 12, 14, 0, 5, 6, 17, 18, 30]",0,PASS,Completed the full matched RGB-D sequence,138.18316173399944,0,,,1341848067.8628,2486,2486,2488,0.9991961414790996,0.1351441136437219,0.11221482212555217,0.07693140279783728,0.2780901748220127,0.07531112233845608,3.788714689939192,3.586799279870815,5.712963022226151,0.00458557193914085,0.02523796871547822,0.23113883547813463,0.9305901178021495,0.1325153373243997,0.11231834919622839,0.9872991727492054,0.11692993779858941,0.09946529740000215,0.9906756850551859,252,0.11693,0.099465,0.00697,2486,5.472423,6.56892575,0,0.855,0.993,18250.0,0.005638,0,/home/melody/code/individual_project/channel_selection_results/step_r_c2f_grid_completion/unet/per_dataset/fr3_long_office_household_clean/artifacts/unet_c2f_a_fine03_coarse02/replicate_0.all_frames.tum.txt,/home/melody/code/individual_project/channel_selection_results/step_r_c2f_grid_completion/unet/per_dataset/fr3_long_office_household_clean/artifacts/unet_c2f_a_fine03_coarse02/replicate_0.keyframes.tum.txt,/home/melody/code/individual_project/channel_selection_results/step_r_c2f_grid_completion/unet/per_dataset/fr3_long_office_household_clean/artifacts/unet_c2f_a_fine03_coarse02/replicate_0.log,2026-08-25T23:23:14.968605+00:00
7,fr3_long_office_household_clean,fr3_long_office_household,clean,Step-R:new,unet_c2f_a_fine03_coarse03,c2f,13,unet_c2f_a_fine03_coarse03,Step-R full-grid C2F-A; F3 × C3,"unet:c2f:A:fine2,3,12,14:coarse0,5,18,30","[2, 3, 12, 14, 0, 5, 18, 30]",0,PASS,Completed the full matched RGB-D sequence,136.20722362300148,0,,,1341848067.8628,2486,2486,2488,0.9991961414790996,0.1467438112697388,0.12054493739957182,0.08031722579718081,0.3095763937428774,0.08368192285853636,4.013317662809086,3.7773578751226933,6.104698614272589,0.0047013743282733715,0.026679434351641027,0.231454864004462,0.9245224608968714,0.14351843386551227,0.120747031345154,0.9853729587753626,0.1256172054959537,0.10605518328591797,0.9890518141316529,253,0.125617,0.106055,0.006966,2486,5.476926,6.5815925,0,0.855,0.993,18240.0,0.005609,0,/home/melody/code/individual_project/channel_selection_results/step_r_c2f_grid_completion/unet/per_dataset/fr3_long_office_household_clean/artifacts/unet_c2f_a_fine03_coarse03/replicate_0.all_frames.tum.txt,/home/melody/code/individual_project/channel_selection_results/step_r_c2f_grid_completion/unet/per_dataset/fr3_long_office_household_clean/artifacts/unet_c2f_a_fine03_coarse03/replicate_0.keyframes.tum.txt,/home/melody/code/individual_project/channel_selection_results/step_r_c2f_grid_completion/unet/per_dataset/fr3_long_office_household_clean/artifacts/unet_c2f_a_fine03_coarse03/replicate_0.log,2026-08-25T23:25:31.901251+00:00
7,fr3_long_office_household_clean,fr3_long_office_household,clean,Step-R:new,unet_c2f_a_fine03_coarse04,c2f,14,unet_c2f_a_fine03_coarse04,Step-R full-grid C2F-A; F3 × C4,"unet:c2f:A:fine2,3,12,14:coarse0,5,6,18,30","[2, 3, 12, 14, 0, 5, 6, 18, 30]",0,PASS,Completed the full matched RGB-D sequence,137.75152378299754,0,,,1341848067.8628,2486,2486,2488,0.9991961414790996,0.1384121154128259,0.1141294035188404,0.0760273444741178,0.287423314160726,0.07830959676493769,3.8269335674802627,3.600844426653466,5.815068481717427,0.004602248513006987,0.025356142249639103,0.23151453518156567,0.9403673966505784,0.13563397829229226,0.11431333080084077,0.9867939491260271,0.1190516854631888,0.10079938668183877,0.9901350178188876,253,0.119052,0.100799,0.006929,2486,5.4747319999999995,6.57463325,0,0.855,0.993,18240.0,0.007355,0,/home/melody/code/individual_project/channel_selection_results/step_r_c2f_grid_completion/unet/per_dataset/fr3_long_office_household_clean/artifacts/unet_c2f_a_fine03_coarse04/replicate_0.all_frames.tum.txt,/home/melody/code/individual_project/channel_selection_results/step_r_c2f_grid_completion/unet/per_dataset/fr3_long_office_household_clean/artifacts/unet_c2f_a_fine03_coarse04/replicate_0.keyframes.tum.txt,/home/melody/code/individual_project/channel_selection_results/step_r_c2f_grid_completion/unet/per_dataset/fr3_long_office_household_clean/artifacts/unet_c2f_a_fine03_coarse04/replicate_0.log,2026-08-25T23:27:50.378613+00:00
7,fr3_long_office_household_clean,fr3_long_office_household,clean,Step-R:new,unet_c2f_a_fine04_coarse01,c2f,15,unet_c2f_a_fine04_coarse01,Step-R full-grid C2F-A; F4 × C1,"unet:c2f:A:fine2,4,6:coarse5,6,17,18,28,30","[2, 4, 6, 5, 6, 17, 18, 28, 30]",0,PASS,Completed the full matched RGB-D sequence,148.76771519599788,0,,,1341848067.8628,2486,2486,2488,0.9991961414790996,0.13264679995032871,0.11218008554642746,0.07791590817540434,0.2798460734779385,0.07078701818736784,3.6470373237720874,3.481940565695465,5.725874082790569,0.004302071458099996,0.023586699591335813,0.23542791768586185,0.9773168384413247,0.1304120739975778,0.11202077489360765,0.9883788542967309,0.11701094166786515,0.10159712359335586,0.9913286431226063,253,0.117011,0.101597,0.006696,2486,6.2441755,7.9378785,0,0.844,0.993,13390.0,0.011711,2,/home/melody/code/individual_project/channel_selection_results/step_r_c2f_grid_completion/unet/per_dataset/fr3_long_office_household_clean/artifacts/unet_c2f_a_fine04_coarse01/replicate_0.all_frames.tum.txt,/home/melody/code/individual_project/channel_selection_results/step_r_c2f_grid_completion/unet/per_dataset/fr3_long_office_household_clean/artifacts/unet_c2f_a_fine04_coarse01/replicate_0.keyframes.tum.txt,/home/melody/code/individual_project/channel_selection_results/step_r_c2f_grid_completion/unet/per_dataset/fr3_long_office_household_clean/artifacts/unet_c2f_a_fine04_coarse01/replicate_0.log,2026-08-25T23:30:19.882318+00:00
7,fr3_long_office_household_clean,fr3_long_office_household,clean,Step-R:new,unet_c2f_a_fine04_coarse02,c2f,16,unet_c2f_a_fine04_coarse02,Step-R full-grid C2F-A; F4 × C2,"unet:c2f:A:fine2,4,6:coarse0,5,6,17,18,30","[2, 4, 6, 0, 5, 6, 17, 18, 30]",0,PASS,Completed the full matched RGB-D sequence,144.07586806100153,0,,,1341848067.8628,2486,2486,2488,0.9991961414790996,0.1266567985800598,0.1079088981303925,0.08251206557532442,0.27554447408678157,0.06631451071096289,3.496907465827466,3.3278243639188516,5.817255812857308,0.004333533776838068,0.024453324578102426,0.23377960107048049,0.9777793444950874,0.12452021863630153,0.10763994330166511,0.988892690134937,0.11147673935556898,0.09733490554023913,0.9920709427153769,251,0.111477,0.097335,0.006714,2486,6.2501735,7.92067,0,0.845,0.993,13620.0,0.013167,1,/home/melody/code/individual_project/channel_selection_results/step_r_c2f_grid_completion/unet/per_dataset/fr3_long_office_household_clean/artifacts/unet_c2f_a_fine04_coarse02/replicate_0.all_frames.tum.txt,/home/melody/code/individual_project/channel_selection_results/step_r_c2f_grid_completion/unet/per_dataset/fr3_long_office_household_clean/artifacts/unet_c2f_a_fine04_coarse02/replicate_0.keyframes.tum.txt,/home/melody/code/individual_project/channel_selection_results/step_r_c2f_grid_completion/unet/per_dataset/fr3_long_office_household_clean/artifacts/unet_c2f_a_fine04_coarse02/replicate_0.log,2026-08-25T23:32:44.698481+00:00
7,fr3_long_office_household_clean,fr3_long_office_household,clean,Step-R:new,unet_c2f_a_fine04_coarse03,c2f,17,unet_c2f_a_fine04_coarse03,Step-R full-grid C2F-A; F4 × C3,"unet:c2f:A:fine2,4,6:coarse0,5,18,30","[2, 4, 6, 0, 5, 18, 30]",0,PASS,Completed the full matched RGB-D sequence,142.1625920689985,0,,,1341848067.8628,2486,2486,2488,0.9991961414790996,0.1400027378054542,0.11713218909941014,0.08193694235769713,0.30217920657478853,0.07668648427071603,3.7709641246231738,3.5876720812758496,6.01552546706421,0.004419429731354223,0.025277440796257034,0.2343663698015083,0.9825115625981738,0.13707744273204428,0.11691396204492266,0.9863789892837278,0.12125671290891908,0.10429762657252711,0.9897945235298069,253,0.121257,0.104298,0.006743,2486,6.26907,7.911956249999999,0,0.855,0.993,13640.0,0.024026,1,/home/melody/code/individual_project/channel_selection_results/step_r_c2f_grid_completion/unet/per_dataset/fr3_long_office_household_clean/artifacts/unet_c2f_a_fine04_coarse03/replicate_0.all_frames.tum.txt,/home/melody/code/individual_project/channel_selection_results/step_r_c2f_grid_completion/unet/per_dataset/fr3_long_office_household_clean/artifacts/unet_c2f_a_fine04_coarse03/replicate_0.keyframes.tum.txt,/home/melody/code/individual_project/channel_selection_results/step_r_c2f_grid_completion/unet/per_dataset/fr3_long_office_household_clean/artifacts/unet_c2f_a_fine04_coarse03/replicate_0.log,2026-08-25T23:35:07.601171+00:00
7,fr3_long_office_household_clean,fr3_long_office_household,clean,Step-R:new,unet_c2f_a_fine04_coarse04,c2f,18,unet_c2f_a_fine04_coarse04,Step-R full-grid C2F-A; F4 × C4,"unet:c2f:A:fine2,4,6:coarse0,5,6,18,30","[2, 4, 6, 0, 5, 6, 18, 30]",0,PASS,Completed the full matched RGB-D sequence,141.8941977709983,0,,,1341848067.8628,2486,2486,2488,0.9991961414790996,0.1291233948496951,0.10891413990295772,0.07927854212435315,0.28122782208043845,0.06935820951199086,3.5499348373664876,3.366422374179802,5.92880385552628,0.004347194108664295,0.024387032645326105,0.23392054800970766,0.9474248200018016,0.1268673746964317,0.10878870010156563,0.9884815896622994,0.11290822211587165,0.09771512988268574,0.9917348208746068,251,0.112908,0.097715,0.006838,2486,6.26166,7.91782,0,0.845,0.993,13620.0,0.013657,1,/home/melody/code/individual_project/channel_selection_results/step_r_c2f_grid_completion/unet/per_dataset/fr3_long_office_household_clean/artifacts/unet_c2f_a_fine04_coarse04/replicate_0.all_frames.tum.txt,/home/melody/code/individual_project/channel_selection_results/step_r_c2f_grid_completion/unet/per_dataset/fr3_long_office_household_clean/artifacts/unet_c2f_a_fine04_coarse04/replicate_0.keyframes.tum.txt,/home/melody/code/individual_project/channel_selection_results/step_r_c2f_grid_completion/unet/per_dataset/fr3_long_office_household_clean/artifacts/unet_c2f_a_fine04_coarse04/replicate_0.log,2026-08-25T23:37:30.235531+00:00
7,fr3_long_office_household_clean,fr3_long_office_household,clean,Step-R:new,unet_c2f_a_fine05_coarse01,c2f,19,unet_c2f_a_fine05_coarse01,Step-R full-grid C2F-A; F5 × C1,"unet:c2f:A:fine2,3,7,12,13:coarse5,6,17,18,28,30","[2, 3, 7, 12, 13, 5, 6, 17, 18, 28, 30]",0,PASS,Completed the full matched RGB-D sequence,144.0505281759979,0,,,1341848067.8628,2486,2486,2488,0.9991961414790996,0.13493858813439405,0.11260611386355392,0.07868337229732986,0.2818340071915565,0.07435244238256035,3.7115551670286897,3.5273708223580433,5.593628013194029,0.004576205886705913,0.02437095168713665,0.23151591653360865,0.9138842458848839,0.13208301224666688,0.11260354094675011,0.9867854591742152,0.11696598134354055,0.10042257196627907,0.9901056170532293,252,0.116966,0.100423,0.006956,2486,7.2148095,8.64294325,0,0.845,0.993,22820.0,0.006482,0,/home/melody/code/individual_project/channel_selection_results/step_r_c2f_grid_completion/unet/per_dataset/fr3_long_office_household_clean/artifacts/unet_c2f_a_fine05_coarse01/replicate_0.all_frames.tum.txt,/home/melody/code/individual_project/channel_selection_results/step_r_c2f_grid_completion/unet/per_dataset/fr3_long_office_household_clean/artifacts/unet_c2f_a_fine05_coarse01/replicate_0.keyframes.tum.txt,/home/melody/code/individual_project/channel_selection_results/step_r_c2f_grid_completion/unet/per_dataset/fr3_long_office_household_clean/artifacts/unet_c2f_a_fine05_coarse01/replicate_0.log,2026-08-25T23:39:55.026916+00:00
7,fr3_long_office_household_clean,fr3_long_office_household,clean,Step-R:new,unet_c2f_a_fine05_coarse02,c2f,20,unet_c2f_a_fine05_coarse02,Step-R full-grid C2F-A; F5 × C2,"unet:c2f:A:fine2,3,7,12,13:coarse0,5,6,17,18,30","[2, 3, 7, 12, 13, 0, 5, 6, 17, 18, 30]",0,PASS,Completed the full matched RGB-D sequence,138.51074630999938,0,,,1341848067.8628,2486,2486,2488,0.9991961414790996,0.12883362464616407,0.10760552835114148,0.07971362953040154,0.27627264145554475,0.07084598159204503,3.535104077654716,3.352310428754928,5.418918736106452,0.004652452045965703,0.02483416502269342,0.23320667267706216,1.3225968263821772,0.12603720474639923,0.10755250772093145,0.9872207567242306,0.11203699313761482,0.09638720856531666,0.9903724055532345,250,0.112037,0.096387,0.007031,2486,7.2082125,8.650711750000001,0,0.845,0.993,22560.0,0.009082,0,/home/melody/code/individual_project/channel_selection_results/step_r_c2f_grid_completion/unet/per_dataset/fr3_long_office_household_clean/artifacts/unet_c2f_a_fine05_coarse02/replicate_0.all_frames.tum.txt,/home/melody/code/individual_project/channel_selection_results/step_r_c2f_grid_completion/unet/per_dataset/fr3_long_office_household_clean/artifacts/unet_c2f_a_fine05_coarse02/replicate_0.keyframes.tum.txt,/home/melody/code/individual_project/channel_selection_results/step_r_c2f_grid_completion/unet/per_dataset/fr3_long_office_household_clean/artifacts/unet_c2f_a_fine05_coarse02/replicate_0.log,2026-08-25T23:42:14.281849+00:00
7,fr3_long_office_household_clean,fr3_long_office_household,clean,Step-R:new,unet_c2f_a_fine05_coarse03,c2f,21,unet_c2f_a_fine05_coarse03,Step-R full-grid C2F-A; F5 × C3,"unet:c2f:A:fine2,3,7,12,13:coarse0,5,18,30","[2, 3, 7, 12, 13, 0, 5, 18, 30]",0,PASS,Completed the full matched RGB-D sequence,136.41042572600054,0,,,1341848067.8628,2486,2486,2488,0.9991961414790996,0.13997340553564563,0.11551291769782637,0.079192586028649,0.2966160599746582,0.079052641335894,3.774191728029769,3.5771647638231934,5.633086841994204,0.004710376148797123,0.026083180444662707,0.23000147208828675,0.9136138244895945,0.13672566351596255,0.11565336800681701,0.985668276505445,0.12065238160250762,0.10242815085881254,0.9889617570930088,249,0.120652,0.102428,0.007062,2486,7.204746,8.65025975,0,0.855,0.993,22560.0,0.008406,0,/home/melody/code/individual_project/channel_selection_results/step_r_c2f_grid_completion/unet/per_dataset/fr3_long_office_household_clean/artifacts/unet_c2f_a_fine05_coarse03/replicate_0.all_frames.tum.txt,/home/melody/code/individual_project/channel_selection_results/step_r_c2f_grid_completion/unet/per_dataset/fr3_long_office_household_clean/artifacts/unet_c2f_a_fine05_coarse03/replicate_0.keyframes.tum.txt,/home/melody/code/individual_project/channel_selection_results/step_r_c2f_grid_completion/unet/per_dataset/fr3_long_office_household_clean/artifacts/unet_c2f_a_fine05_coarse03/replicate_0.log,2026-08-25T23:44:31.447451+00:00
7,fr3_long_office_household_clean,fr3_long_office_household,clean,Step-Q:unet_c2f_a_f5_c4_positive_synergy,unet_c2f_a_fine05_coarse04,c2f,9,unet_c2f_a_f5_c4_positive_synergy,C2F-A positive synergy case: 12.8% lower fr1-lightswitch ATE than direct F5.,"unet:c2f:A:fine2,3,7,12,13:coarse0,5,6,18,30","[2, 3, 7, 12, 13, 0, 5, 6, 18, 30]",0,PASS,Completed the full matched RGB-D sequence,140.51502103800885,0,,,1341848067.8628,2486,2486,2488,0.9991961414790996,0.13033520050664585,0.10847526074746482,0.07846750871246921,0.2792439022930622,0.07225221309328247,3.5951768840558227,3.4003135117707326,5.4513476050181175,0.0046398049727894046,0.025004503276427805,0.23043022308523753,0.8988463799453001,0.12758144588230302,0.1085866225418388,0.9872422050761265,0.1129924410664463,0.09690063471018374,0.9904368612102591,249,0.112992,0.096901,0.00695,2486,7.2054185,8.659254,0,0.845,0.993,22560.0,0.005496,0,/home/melody/code/individual_project/channel_selection_results/step_q_c2f_multi_dataset_evaluation/unet/per_dataset/fr3_long_office_household_clean/artifacts/unet_c2f_a_f5_c4_positive_synergy/replicate_0.all_frames.tum.txt,/home/melody/code/individual_project/channel_selection_results/step_q_c2f_multi_dataset_evaluation/unet/per_dataset/fr3_long_office_household_clean/artifacts/unet_c2f_a_f5_c4_positive_synergy/replicate_0.keyframes.tum.txt,/home/melody/code/individual_project/channel_selection_results/step_q_c2f_multi_dataset_evaluation/unet/per_dataset/fr3_long_office_household_clean/artifacts/unet_c2f_a_f5_c4_positive_synergy/replicate_0.log,2026-08-23T11:36:16.398327+00:00
7,fr3_long_office_household_clean,fr3_long_office_household,clean,Step-R:new,unet_c2f_b_fine01_coarse01,c2f,22,unet_c2f_b_fine01_coarse01,Step-R full-grid C2F-B; F1 × C1,"unet:c2f:B:fine2,3,7,12,13,14:coarse5,6,17,18,28,30","[2, 3, 7, 12, 13, 14, 5, 6, 17, 18, 28, 30]",0,PASS,Completed the full matched RGB-D sequence,135.17430585799957,0,,,1341848067.8628,2486,2486,2488,0.9991961414790996,0.13884606771311428,0.1161595383016701,0.08635877408394493,0.28887651925931473,0.07606045083312055,3.7168489524411505,3.5281834888241415,5.568092315505659,0.004580636253432598,0.024904282362652193,0.231961229749867,0.9546551459083431,0.13545685234056984,0.11586310745075055,0.9854271428313882,0.1202724320491894,0.10330947016812095,0.9890975951292489,252,0.120272,0.103309,0.007015,2486,8.381558,10.071435000000001,0,0.845,0.993,21010.0,0.005212,0,/home/melody/code/individual_project/channel_selection_results/step_r_c2f_grid_completion/unet/per_dataset/fr3_long_office_household_clean/artifacts/unet_c2f_b_fine01_coarse01/replicate_0.all_frames.tum.txt,/home/melody/code/individual_project/channel_selection_results/step_r_c2f_grid_completion/unet/per_dataset/fr3_long_office_household_clean/artifacts/unet_c2f_b_fine01_coarse01/replicate_0.keyframes.tum.txt,/home/melody/code/individual_project/channel_selection_results/step_r_c2f_grid_completion/unet/per_dataset/fr3_long_office_household_clean/artifacts/unet_c2f_b_fine01_coarse01/replicate_0.log,2026-08-25T23:46:47.350995+00:00
7,fr3_long_office_household_clean,fr3_long_office_household,clean,Step-R:new,unet_c2f_b_fine01_coarse02,c2f,23,unet_c2f_b_fine01_coarse02,Step-R full-grid C2F-B; F1 × C2,"unet:c2f:B:fine2,3,7,12,13,14:coarse0,5,6,17,18,30","[2, 3, 7, 12, 13, 14, 0, 5, 6, 17, 18, 30]",0,PASS,Completed the full matched RGB-D sequence,132.30918276600278,0,,,1341848067.8628,2486,2486,2488,0.9991961414790996,0.13871611336500317,0.11603000122739193,0.08515706777861548,0.2864445500817972,0.07602104262810294,3.7362490873646608,3.5406865178708355,5.627774241128241,0.004585694168887311,0.025140704331472766,0.23182159072926067,0.9483079628788644,0.13539153464606007,0.11574791090741739,0.9855698521076742,0.12033302740408593,0.10327722367118429,0.9892071904282966,252,0.120333,0.103277,0.006962,2486,8.3828295,10.10232575,0,0.845,0.993,21010.0,0.00521,0,/home/melody/code/individual_project/channel_selection_results/step_r_c2f_grid_completion/unet/per_dataset/fr3_long_office_household_clean/artifacts/unet_c2f_b_fine01_coarse02/replicate_0.all_frames.tum.txt,/home/melody/code/individual_project/channel_selection_results/step_r_c2f_grid_completion/unet/per_dataset/fr3_long_office_household_clean/artifacts/unet_c2f_b_fine01_coarse02/replicate_0.keyframes.tum.txt,/home/melody/code/individual_project/channel_selection_results/step_r_c2f_grid_completion/unet/per_dataset/fr3_long_office_household_clean/artifacts/unet_c2f_b_fine01_coarse02/replicate_0.log,2026-08-25T23:49:00.427870+00:00
7,fr3_long_office_household_clean,fr3_long_office_household,clean,Step-R:new,unet_c2f_b_fine01_coarse03,c2f,24,unet_c2f_b_fine01_coarse03,Step-R full-grid C2F-B; F1 × C3,"unet:c2f:B:fine2,3,7,12,13,14:coarse0,5,18,30","[2, 3, 7, 12, 13, 14, 0, 5, 18, 30]",0,PASS,Completed the full matched RGB-D sequence,131.5622938439992,0,,,1341848067.8628,2486,2486,2488,0.9991961414790996,0.14368980504508597,0.11949434042726176,0.08622428475318288,0.3021234106453205,0.07979888896312086,3.8469375359798867,3.6424390084487532,5.744451246936037,0.004580584234795411,0.02528749181691249,0.23081266876186363,0.9164727621372648,0.14024404812863558,0.11938493821581533,0.9850537021573823,0.12411154456839511,0.10630924736488546,0.988596586036806,254,0.124112,0.106309,0.006852,2486,8.3806245,10.056268750000001,0,0.845,0.993,21010.0,0.005231,0,/home/melody/code/individual_project/channel_selection_results/step_r_c2f_grid_completion/unet/per_dataset/fr3_long_office_household_clean/artifacts/unet_c2f_b_fine01_coarse03/replicate_0.all_frames.tum.txt,/home/melody/code/individual_project/channel_selection_results/step_r_c2f_grid_completion/unet/per_dataset/fr3_long_office_household_clean/artifacts/unet_c2f_b_fine01_coarse03/replicate_0.keyframes.tum.txt,/home/melody/code/individual_project/channel_selection_results/step_r_c2f_grid_completion/unet/per_dataset/fr3_long_office_household_clean/artifacts/unet_c2f_b_fine01_coarse03/replicate_0.log,2026-08-25T23:51:12.723351+00:00
7,fr3_long_office_household_clean,fr3_long_office_household,clean,Step-R:new,unet_c2f_b_fine01_coarse04,c2f,25,unet_c2f_b_fine01_coarse04,Step-R full-grid C2F-B; F1 × C4,"unet:c2f:B:fine2,3,7,12,13,14:coarse0,5,6,18,30","[2, 3, 7, 12, 13, 14, 0, 5, 6, 18, 30]",0,PASS,Completed the full matched RGB-D sequence,133.0137824960002,0,,,1341848067.8628,2486,2486,2488,0.9991961414790996,0.13762380185644274,0.1151617886708228,0.08596172852143333,0.2936329969066634,0.07535299109894819,3.7065551851434906,3.5120504473525274,5.705558941105038,0.0045860406494917134,0.025128536378666286,0.23182791259971006,0.9459481331049923,0.13439291179522186,0.114872547596033,0.9858257603684741,0.11939366459955432,0.10289358467873522,0.9892123286967659,252,0.119394,0.102894,0.00699,2486,8.379246,10.060924,0,0.845,0.993,21010.0,0.005216,0,/home/melody/code/individual_project/channel_selection_results/step_r_c2f_grid_completion/unet/per_dataset/fr3_long_office_household_clean/artifacts/unet_c2f_b_fine01_coarse04/replicate_0.all_frames.tum.txt,/home/melody/code/individual_project/channel_selection_results/step_r_c2f_grid_completion/unet/per_dataset/fr3_long_office_household_clean/artifacts/unet_c2f_b_fine01_coarse04/replicate_0.keyframes.tum.txt,/home/melody/code/individual_project/channel_selection_results/step_r_c2f_grid_completion/unet/per_dataset/fr3_long_office_household_clean/artifacts/unet_c2f_b_fine01_coarse04/replicate_0.log,2026-08-25T23:53:26.479097+00:00
7,fr3_long_office_household_clean,fr3_long_office_household,clean,Step-R:new,unet_c2f_b_fine02_coarse01,c2f,26,unet_c2f_b_fine02_coarse01,Step-R full-grid C2F-B; F2 × C1,"unet:c2f:B:fine3,7,12:coarse5,6,17,18,28,30","[3, 7, 12, 5, 6, 17, 18, 28, 30]",0,PASS,Completed the full matched RGB-D sequence,135.30688878599904,0,,,1341848067.8628,2486,2486,2488,0.9991961414790996,0.1400162743800807,0.1158146211818956,0.08001373507796032,0.281281332316119,0.07868627969202804,3.8164957990796737,3.6086564346294643,5.924075084179008,0.004623739718342891,0.02531541431427933,0.23230816529852436,0.9381309400261405,0.13684747412587872,0.11585996272570574,0.9858368369713413,0.12097209292339788,0.10246414096306307,0.9891625680713468,252,0.120972,0.102464,0.007068,2486,4.1415855,5.1033745,0,0.855,0.993,21240.0,0.003409,0,/home/melody/code/individual_project/channel_selection_results/step_r_c2f_grid_completion/unet/per_dataset/fr3_long_office_household_clean/artifacts/unet_c2f_b_fine02_coarse01/replicate_0.all_frames.tum.txt,/home/melody/code/individual_project/channel_selection_results/step_r_c2f_grid_completion/unet/per_dataset/fr3_long_office_household_clean/artifacts/unet_c2f_b_fine02_coarse01/replicate_0.keyframes.tum.txt,/home/melody/code/individual_project/channel_selection_results/step_r_c2f_grid_completion/unet/per_dataset/fr3_long_office_household_clean/artifacts/unet_c2f_b_fine02_coarse01/replicate_0.log,2026-08-25T23:55:42.525530+00:00
7,fr3_long_office_household_clean,fr3_long_office_household,clean,Step-Q:unet_c2f_b_f2_c2_variant_contrast,unet_c2f_b_fine02_coarse02,c2f,10,unet_c2f_b_f2_c2_variant_contrast,"C2F-B schedule contrast: on fr1 lightswitch it is worse than direct F2, despite the same fine scale family.","unet:c2f:B:fine3,7,12:coarse0,5,6,17,18,30","[3, 7, 12, 0, 5, 6, 17, 18, 30]",0,PASS,Completed the full matched RGB-D sequence,133.38382009699126,0,,,1341848067.8628,2486,2486,2488,0.9991961414790996,0.13868080236271152,0.11521926452174638,0.08231591225852491,0.28212776056041283,0.07718086567947581,3.7778436712747143,3.5802867540393635,5.7091264409150195,0.004604371507654908,0.025465972908157993,0.231399295811846,0.9680843523250959,0.13543739981322392,0.11517878066628481,0.9857442931771053,0.11955022459636547,0.10147741562643442,0.989336173943296,253,0.11955,0.101477,0.006908,2486,4.137777,5.10362175,0,0.855,0.993,21240.0,0.00347,0,/home/melody/code/individual_project/channel_selection_results/step_q_c2f_multi_dataset_evaluation/unet/per_dataset/fr3_long_office_household_clean/artifacts/unet_c2f_b_f2_c2_variant_contrast/replicate_0.all_frames.tum.txt,/home/melody/code/individual_project/channel_selection_results/step_q_c2f_multi_dataset_evaluation/unet/per_dataset/fr3_long_office_household_clean/artifacts/unet_c2f_b_f2_c2_variant_contrast/replicate_0.keyframes.tum.txt,/home/melody/code/individual_project/channel_selection_results/step_q_c2f_multi_dataset_evaluation/unet/per_dataset/fr3_long_office_household_clean/artifacts/unet_c2f_b_f2_c2_variant_contrast/replicate_0.log,2026-08-23T11:38:30.549944+00:00
7,fr3_long_office_household_clean,fr3_long_office_household,clean,Step-R:new,unet_c2f_b_fine02_coarse03,c2f,27,unet_c2f_b_fine02_coarse03,Step-R full-grid C2F-B; F2 × C3,"unet:c2f:B:fine3,7,12:coarse0,5,18,30","[3, 7, 12, 0, 5, 18, 30]",0,PASS,Completed the full matched RGB-D sequence,128.5209277269969,0,,,1341848067.8628,2486,2486,2488,0.9991961414790996,0.14095480598880925,0.11655493459105357,0.08115735724613365,0.2839964194637189,0.07926666735657609,3.8251995955225526,3.6168809566793216,5.8877257788562325,0.004623664265661964,0.02505453719136902,0.23181069265111973,0.9228253403770929,0.13769533832959252,0.11658719457394268,0.9855925535976817,0.12152300785876853,0.10284842304224266,0.9890082225802387,253,0.121523,0.102848,0.007023,2486,4.141097,5.1042285,0,0.855,0.993,21240.0,0.003622,0,/home/melody/code/individual_project/channel_selection_results/step_r_c2f_grid_completion/unet/per_dataset/fr3_long_office_household_clean/artifacts/unet_c2f_b_fine02_coarse03/replicate_0.all_frames.tum.txt,/home/melody/code/individual_project/channel_selection_results/step_r_c2f_grid_completion/unet/per_dataset/fr3_long_office_household_clean/artifacts/unet_c2f_b_fine02_coarse03/replicate_0.keyframes.tum.txt,/home/melody/code/individual_project/channel_selection_results/step_r_c2f_grid_completion/unet/per_dataset/fr3_long_office_household_clean/artifacts/unet_c2f_b_fine02_coarse03/replicate_0.log,2026-08-25T23:57:51.771299+00:00
7,fr3_long_office_household_clean,fr3_long_office_household,clean,Step-R:new,unet_c2f_b_fine02_coarse04,c2f,28,unet_c2f_b_fine02_coarse04,Step-R full-grid C2F-B; F2 × C4,"unet:c2f:B:fine3,7,12:coarse0,5,6,18,30","[3, 7, 12, 0, 5, 6, 18, 30]",0,PASS,Completed the full matched RGB-D sequence,128.1968841309972,0,,,1341848067.8628,2486,2486,2488,0.9991961414790996,0.14232714060847482,0.11775071743784048,0.08173884052599523,0.2853918501714263,0.0799486303613665,3.8422491545491684,3.62958676114457,5.89978970227528,0.004612162409423727,0.025488945453544305,0.23125376168905606,0.9665887990919719,0.13893777031194532,0.11776141981446661,0.9852441130131296,0.12270416154080163,0.10380649151923237,0.9887798062302778,252,0.122704,0.103806,0.006959,2486,4.137663999999999,5.10788725,0,0.855,0.993,21240.0,0.003634,0,/home/melody/code/individual_project/channel_selection_results/step_r_c2f_grid_completion/unet/per_dataset/fr3_long_office_household_clean/artifacts/unet_c2f_b_fine02_coarse04/replicate_0.all_frames.tum.txt,/home/melody/code/individual_project/channel_selection_results/step_r_c2f_grid_completion/unet/per_dataset/fr3_long_office_household_clean/artifacts/unet_c2f_b_fine02_coarse04/replicate_0.keyframes.tum.txt,/home/melody/code/individual_project/channel_selection_results/step_r_c2f_grid_completion/unet/per_dataset/fr3_long_office_household_clean/artifacts/unet_c2f_b_fine02_coarse04/replicate_0.log,2026-08-26T00:00:00.697982+00:00
7,fr3_long_office_household_clean,fr3_long_office_household,clean,Step-R:new,unet_c2f_b_fine03_coarse01,c2f,29,unet_c2f_b_fine03_coarse01,Step-R full-grid C2F-B; F3 × C1,"unet:c2f:B:fine2,3,12,14:coarse5,6,17,18,28,30","[2, 3, 12, 14, 5, 6, 17, 18, 28, 30]",0,PASS,Completed the full matched RGB-D sequence,136.3306470509997,0,,,1341848067.8628,2486,2486,2488,0.9991961414790996,0.14380700857447956,0.11886457378153069,0.07950387744769594,0.2961166917974247,0.08094237959731289,4.005188108860179,3.7899931530310433,6.100227470743045,0.00457503264747097,0.025716114366934384,0.23274053118803384,0.9452138732353002,0.14103417752861505,0.11907401425741614,0.9865501806187709,0.12440942980945384,0.10526053134893149,0.9900894244393124,252,0.124409,0.105261,0.007037,2486,5.4760925,6.5873765,0,0.855,0.993,18260.0,0.004498,0,/home/melody/code/individual_project/channel_selection_results/step_r_c2f_grid_completion/unet/per_dataset/fr3_long_office_household_clean/artifacts/unet_c2f_b_fine03_coarse01/replicate_0.all_frames.tum.txt,/home/melody/code/individual_project/channel_selection_results/step_r_c2f_grid_completion/unet/per_dataset/fr3_long_office_household_clean/artifacts/unet_c2f_b_fine03_coarse01/replicate_0.keyframes.tum.txt,/home/melody/code/individual_project/channel_selection_results/step_r_c2f_grid_completion/unet/per_dataset/fr3_long_office_household_clean/artifacts/unet_c2f_b_fine03_coarse01/replicate_0.log,2026-08-26T00:02:17.758499+00:00
7,fr3_long_office_household_clean,fr3_long_office_household,clean,Step-R:new,unet_c2f_b_fine03_coarse02,c2f,30,unet_c2f_b_fine03_coarse02,Step-R full-grid C2F-B; F3 × C2,"unet:c2f:B:fine2,3,12,14:coarse0,5,6,17,18,30","[2, 3, 12, 14, 0, 5, 6, 17, 18, 30]",0,PASS,Completed the full matched RGB-D sequence,135.00010084300084,0,,,1341848067.8628,2486,2486,2488,0.9991961414790996,0.14628136748491252,0.12081811758736692,0.08125111038258839,0.3018208274571693,0.08246951519137967,4.0522910817142295,3.831397909007823,6.180259934493522,0.004583205705097861,0.025919114134488642,0.2324837182150363,0.9339340410803962,0.1433725875012379,0.12099279531949736,0.9861135808393623,0.12642204645991828,0.10693141993726832,0.9897001164943435,252,0.126422,0.106931,0.007058,2486,5.475939,6.58725225,0,0.855,0.993,18260.0,0.004519,0,/home/melody/code/individual_project/channel_selection_results/step_r_c2f_grid_completion/unet/per_dataset/fr3_long_office_household_clean/artifacts/unet_c2f_b_fine03_coarse02/replicate_0.all_frames.tum.txt,/home/melody/code/individual_project/channel_selection_results/step_r_c2f_grid_completion/unet/per_dataset/fr3_long_office_household_clean/artifacts/unet_c2f_b_fine03_coarse02/replicate_0.keyframes.tum.txt,/home/melody/code/individual_project/channel_selection_results/step_r_c2f_grid_completion/unet/per_dataset/fr3_long_office_household_clean/artifacts/unet_c2f_b_fine03_coarse02/replicate_0.log,2026-08-26T00:04:33.485507+00:00
7,fr3_long_office_household_clean,fr3_long_office_household,clean,Step-R:new,unet_c2f_b_fine03_coarse03,c2f,31,unet_c2f_b_fine03_coarse03,Step-R full-grid C2F-B; F3 × C3,"unet:c2f:B:fine2,3,12,14:coarse0,5,18,30","[2, 3, 12, 14, 0, 5, 18, 30]",0,PASS,Completed the full matched RGB-D sequence,130.42856072499853,0,,,1341848067.8628,2486,2486,2488,0.9991961414790996,0.14869099739572506,0.12263236640734197,0.08201317116561978,0.30621056465683505,0.08408516763300734,4.1072281489481215,3.8848243326168475,6.262531296211022,0.004590688001208435,0.026017024245619053,0.23268516177444826,0.9455857702206174,0.14566243520741712,0.1228265197059151,0.9857206432871272,0.12818662761654603,0.1082446245386261,0.9894812447174092,253,0.128187,0.108245,0.007062,2486,5.475709500000001,6.586595,0,0.855,0.993,18260.0,0.0045,0,/home/melody/code/individual_project/channel_selection_results/step_r_c2f_grid_completion/unet/per_dataset/fr3_long_office_household_clean/artifacts/unet_c2f_b_fine03_coarse03/replicate_0.all_frames.tum.txt,/home/melody/code/individual_project/channel_selection_results/step_r_c2f_grid_completion/unet/per_dataset/fr3_long_office_household_clean/artifacts/unet_c2f_b_fine03_coarse03/replicate_0.keyframes.tum.txt,/home/melody/code/individual_project/channel_selection_results/step_r_c2f_grid_completion/unet/per_dataset/fr3_long_office_household_clean/artifacts/unet_c2f_b_fine03_coarse03/replicate_0.log,2026-08-26T00:06:44.653173+00:00
7,fr3_long_office_household_clean,fr3_long_office_household,clean,Step-R:new,unet_c2f_b_fine03_coarse04,c2f,32,unet_c2f_b_fine03_coarse04,Step-R full-grid C2F-B; F3 × C4,"unet:c2f:B:fine2,3,12,14:coarse0,5,6,18,30","[2, 3, 12, 14, 0, 5, 6, 18, 30]",0,PASS,Completed the full matched RGB-D sequence,131.5471029979999,0,,,1341848067.8628,2486,2486,2488,0.9991961414790996,0.1451633386336518,0.1200167681696518,0.0814312745570378,0.30087709348601094,0.08166008964837305,3.989679937462746,3.779959508097957,6.06205217931488,0.0045818622278187785,0.025936209257864506,0.23264266503489842,0.9441431229335575,0.14220734785354702,0.12011983902433004,0.9860579585754147,0.1254326795620459,0.10621787804180997,0.9895942258194869,252,0.125433,0.106218,0.007103,2486,5.4797585,6.58708,0,0.855,0.993,18260.0,0.004272,0,/home/melody/code/individual_project/channel_selection_results/step_r_c2f_grid_completion/unet/per_dataset/fr3_long_office_household_clean/artifacts/unet_c2f_b_fine03_coarse04/replicate_0.all_frames.tum.txt,/home/melody/code/individual_project/channel_selection_results/step_r_c2f_grid_completion/unet/per_dataset/fr3_long_office_household_clean/artifacts/unet_c2f_b_fine03_coarse04/replicate_0.keyframes.tum.txt,/home/melody/code/individual_project/channel_selection_results/step_r_c2f_grid_completion/unet/per_dataset/fr3_long_office_household_clean/artifacts/unet_c2f_b_fine03_coarse04/replicate_0.log,2026-08-26T00:08:56.955086+00:00
7,fr3_long_office_household_clean,fr3_long_office_household,clean,Step-R:new,unet_c2f_b_fine04_coarse01,c2f,33,unet_c2f_b_fine04_coarse01,Step-R full-grid C2F-B; F4 × C1,"unet:c2f:B:fine2,4,6:coarse5,6,17,18,28,30","[2, 4, 6, 5, 6, 17, 18, 28, 30]",0,PASS,Completed the full matched RGB-D sequence,143.8166578809978,0,,,1341848067.8628,2486,2486,2488,0.9991961414790996,0.13079796572437974,0.11229811680659867,0.0890011445001753,0.2759944519923661,0.06706147030394981,3.4967848153681937,3.3266779398614994,5.726548932226171,0.004284346493631621,0.023315446384902187,0.2364753898687672,0.9772859505057163,0.1280808065307091,0.1115101012951371,0.9873026762914129,0.11546095455771654,0.10157291305370929,0.9905868357110944,253,0.115461,0.101573,0.006702,2486,6.2469565,7.93597925,0,0.844,0.993,13600.0,0.004535,1,/home/melody/code/individual_project/channel_selection_results/step_r_c2f_grid_completion/unet/per_dataset/fr3_long_office_household_clean/artifacts/unet_c2f_b_fine04_coarse01/replicate_0.all_frames.tum.txt,/home/melody/code/individual_project/channel_selection_results/step_r_c2f_grid_completion/unet/per_dataset/fr3_long_office_household_clean/artifacts/unet_c2f_b_fine04_coarse01/replicate_0.keyframes.tum.txt,/home/melody/code/individual_project/channel_selection_results/step_r_c2f_grid_completion/unet/per_dataset/fr3_long_office_household_clean/artifacts/unet_c2f_b_fine04_coarse01/replicate_0.log,2026-08-26T00:11:21.500035+00:00
7,fr3_long_office_household_clean,fr3_long_office_household,clean,Step-R:new,unet_c2f_b_fine04_coarse02,c2f,34,unet_c2f_b_fine04_coarse02,Step-R full-grid C2F-B; F4 × C2,"unet:c2f:B:fine2,4,6:coarse0,5,6,17,18,30","[2, 4, 6, 0, 5, 6, 17, 18, 30]",0,PASS,Completed the full matched RGB-D sequence,138.49888550299875,0,,,1341848067.8628,2486,2486,2488,0.9991961414790996,0.12499685074328873,0.107815102111059,0.0857257942511636,0.2637094496874287,0.06324647383468839,3.3884229772978127,3.2427871588891386,5.521275444182183,0.0042843220515537805,0.0228783267673284,0.23642669641862699,0.9438445548912472,0.12260088290434087,0.10706220252037596,0.9883291784391466,0.11046124188266622,0.09738305498496955,0.9914985573320992,254,0.110461,0.097383,0.006593,2486,6.250157,7.914638249999999,0,0.854,0.993,13600.0,0.004459,1,/home/melody/code/individual_project/channel_selection_results/step_r_c2f_grid_completion/unet/per_dataset/fr3_long_office_household_clean/artifacts/unet_c2f_b_fine04_coarse02/replicate_0.all_frames.tum.txt,/home/melody/code/individual_project/channel_selection_results/step_r_c2f_grid_completion/unet/per_dataset/fr3_long_office_household_clean/artifacts/unet_c2f_b_fine04_coarse02/replicate_0.keyframes.tum.txt,/home/melody/code/individual_project/channel_selection_results/step_r_c2f_grid_completion/unet/per_dataset/fr3_long_office_household_clean/artifacts/unet_c2f_b_fine04_coarse02/replicate_0.log,2026-08-26T00:13:40.728815+00:00
7,fr3_long_office_household_clean,fr3_long_office_household,clean,Step-R:new,unet_c2f_b_fine04_coarse03,c2f,35,unet_c2f_b_fine04_coarse03,Step-R full-grid C2F-B; F4 × C3,"unet:c2f:B:fine2,4,6:coarse0,5,18,30","[2, 4, 6, 0, 5, 18, 30]",0,PASS,Completed the full matched RGB-D sequence,137.35377229400183,0,,,1341848067.8628,2486,2486,2488,0.9991961414790996,0.12763601627001128,0.10998828373617545,0.08689127967349428,0.2707883731814069,0.06475747130678555,3.4485085992126536,3.292569517238675,5.668631919123599,0.004299143767693037,0.023292259462129497,0.23682534675870232,0.9723135201276809,0.12513940857252576,0.10920645446706577,0.9879662009816225,0.11273378603733582,0.09935072903867452,0.9911799450024384,254,0.112734,0.099351,0.006527,2486,6.2429655,7.9109602500000005,0,0.854,0.993,13600.0,0.00445,1,/home/melody/code/individual_project/channel_selection_results/step_r_c2f_grid_completion/unet/per_dataset/fr3_long_office_household_clean/artifacts/unet_c2f_b_fine04_coarse03/replicate_0.all_frames.tum.txt,/home/melody/code/individual_project/channel_selection_results/step_r_c2f_grid_completion/unet/per_dataset/fr3_long_office_household_clean/artifacts/unet_c2f_b_fine04_coarse03/replicate_0.keyframes.tum.txt,/home/melody/code/individual_project/channel_selection_results/step_r_c2f_grid_completion/unet/per_dataset/fr3_long_office_household_clean/artifacts/unet_c2f_b_fine04_coarse03/replicate_0.log,2026-08-26T00:15:58.817523+00:00
7,fr3_long_office_household_clean,fr3_long_office_household,clean,Step-R:new,unet_c2f_b_fine04_coarse04,c2f,36,unet_c2f_b_fine04_coarse04,Step-R full-grid C2F-B; F4 × C4,"unet:c2f:B:fine2,4,6:coarse0,5,6,18,30","[2, 4, 6, 0, 5, 6, 18, 30]",0,PASS,Completed the full matched RGB-D sequence,133.54072158599956,0,,,1341848067.8628,2486,2486,2488,0.9991961414790996,0.12513142023709248,0.1078637798827557,0.08573976966896825,0.2666511610506044,0.06342930962856419,3.3977565161954444,3.2511387233583244,5.576502495187775,0.004279749292252558,0.023212018762082735,0.23655813070598716,0.9631114114799346,0.12274624465660425,0.10713070956462947,0.9883486338836218,0.11050452113668283,0.09740497830771816,0.9915126259563695,254,0.110505,0.097405,0.006623,2486,6.245777,7.9129950000000004,0,0.854,0.993,13600.0,0.004446,1,/home/melody/code/individual_project/channel_selection_results/step_r_c2f_grid_completion/unet/per_dataset/fr3_long_office_household_clean/artifacts/unet_c2f_b_fine04_coarse04/replicate_0.all_frames.tum.txt,/home/melody/code/individual_project/channel_selection_results/step_r_c2f_grid_completion/unet/per_dataset/fr3_long_office_household_clean/artifacts/unet_c2f_b_fine04_coarse04/replicate_0.keyframes.tum.txt,/home/melody/code/individual_project/channel_selection_results/step_r_c2f_grid_completion/unet/per_dataset/fr3_long_office_household_clean/artifacts/unet_c2f_b_fine04_coarse04/replicate_0.log,2026-08-26T00:18:13.072914+00:00
7,fr3_long_office_household_clean,fr3_long_office_household,clean,Step-R:new,unet_c2f_b_fine05_coarse01,c2f,37,unet_c2f_b_fine05_coarse01,Step-R full-grid C2F-B; F5 × C1,"unet:c2f:B:fine2,3,7,12,13:coarse5,6,17,18,28,30","[2, 3, 7, 12, 13, 5, 6, 17, 18, 28, 30]",0,PASS,Completed the full matched RGB-D sequence,132.35384327899737,0,,,1341848067.8628,2486,2486,2488,0.9991961414790996,0.13327436064028075,0.11175591658631044,0.08499519532027199,0.2776384811907717,0.07261315522706087,3.580582445349164,3.39779221403726,5.319746695657687,0.004592109017283679,0.02503937203942776,0.23029704339177304,0.915318692700793,0.13008818551932794,0.1115049681070667,0.9861472444550128,0.11579348631664581,0.09968365964068235,0.9895944975471995,251,0.115793,0.099684,0.006897,2486,7.224598,8.6525925,0,0.845,0.993,22540.0,0.00485,0,/home/melody/code/individual_project/channel_selection_results/step_r_c2f_grid_completion/unet/per_dataset/fr3_long_office_household_clean/artifacts/unet_c2f_b_fine05_coarse01/replicate_0.all_frames.tum.txt,/home/melody/code/individual_project/channel_selection_results/step_r_c2f_grid_completion/unet/per_dataset/fr3_long_office_household_clean/artifacts/unet_c2f_b_fine05_coarse01/replicate_0.keyframes.tum.txt,/home/melody/code/individual_project/channel_selection_results/step_r_c2f_grid_completion/unet/per_dataset/fr3_long_office_household_clean/artifacts/unet_c2f_b_fine05_coarse01/replicate_0.log,2026-08-26T00:20:26.144154+00:00
7,fr3_long_office_household_clean,fr3_long_office_household,clean,Step-R:new,unet_c2f_b_fine05_coarse02,c2f,38,unet_c2f_b_fine05_coarse02,Step-R full-grid C2F-B; F5 × C2,"unet:c2f:B:fine2,3,7,12,13:coarse0,5,6,17,18,30","[2, 3, 7, 12, 13, 0, 5, 6, 17, 18, 30]",0,PASS,Completed the full matched RGB-D sequence,129.69475614199837,0,,,1341848067.8628,2486,2486,2488,0.9991961414790996,0.13485663953272756,0.11284537075298053,0.08538461514866641,0.28006801826593775,0.07383925463926613,3.6294592140624498,3.4403074252226067,5.381359436576814,0.004598683344614727,0.025081911617297444,0.23034771794154738,0.916603294966046,0.13166711246500734,0.11270753702464403,0.9860576147170445,0.11705627232432377,0.10050531184360625,0.989543778768385,252,0.117056,0.100505,0.006907,2486,7.217381,8.6613755,0,0.845,0.993,22540.0,0.003311,0,/home/melody/code/individual_project/channel_selection_results/step_r_c2f_grid_completion/unet/per_dataset/fr3_long_office_household_clean/artifacts/unet_c2f_b_fine05_coarse02/replicate_0.all_frames.tum.txt,/home/melody/code/individual_project/channel_selection_results/step_r_c2f_grid_completion/unet/per_dataset/fr3_long_office_household_clean/artifacts/unet_c2f_b_fine05_coarse02/replicate_0.keyframes.tum.txt,/home/melody/code/individual_project/channel_selection_results/step_r_c2f_grid_completion/unet/per_dataset/fr3_long_office_household_clean/artifacts/unet_c2f_b_fine05_coarse02/replicate_0.log,2026-08-26T00:22:36.562927+00:00
7,fr3_long_office_household_clean,fr3_long_office_household,clean,Step-R:new,unet_c2f_b_fine05_coarse03,c2f,39,unet_c2f_b_fine05_coarse03,Step-R full-grid C2F-B; F5 × C3,"unet:c2f:B:fine2,3,7,12,13:coarse0,5,18,30","[2, 3, 7, 12, 13, 0, 5, 18, 30]",0,PASS,Completed the full matched RGB-D sequence,129.24931564500002,0,,,1341848067.8628,2486,2486,2488,0.9991961414790996,0.1345389366067936,0.11271153100363016,0.08613847881625444,0.280022023850484,0.07346316248368667,3.5855813392501497,3.4055210538460767,5.352307515617457,0.004604164451958974,0.025162647698341783,0.2304878823863784,0.9201884098412711,0.1313311601240269,0.11246891249712046,0.9860354008209852,0.11706376313812865,0.1006716781702735,0.9893500211874665,251,0.117064,0.100672,0.006826,2486,7.229691,8.6615435,0,0.845,0.993,22540.0,0.00492,0,/home/melody/code/individual_project/channel_selection_results/step_r_c2f_grid_completion/unet/per_dataset/fr3_long_office_household_clean/artifacts/unet_c2f_b_fine05_coarse03/replicate_0.all_frames.tum.txt,/home/melody/code/individual_project/channel_selection_results/step_r_c2f_grid_completion/unet/per_dataset/fr3_long_office_household_clean/artifacts/unet_c2f_b_fine05_coarse03/replicate_0.keyframes.tum.txt,/home/melody/code/individual_project/channel_selection_results/step_r_c2f_grid_completion/unet/per_dataset/fr3_long_office_household_clean/artifacts/unet_c2f_b_fine05_coarse03/replicate_0.log,2026-08-26T00:24:46.530017+00:00
7,fr3_long_office_household_clean,fr3_long_office_household,clean,Step-R:new,unet_c2f_b_fine05_coarse04,c2f,40,unet_c2f_b_fine05_coarse04,Step-R full-grid C2F-B; F5 × C4,"unet:c2f:B:fine2,3,7,12,13:coarse0,5,6,18,30","[2, 3, 7, 12, 13, 0, 5, 6, 18, 30]",0,PASS,Completed the full matched RGB-D sequence,128.708130908999,0,,,1341848067.8628,2486,2486,2488,0.9991961414790996,0.13403653777832727,0.11217520409709386,0.08487289579072481,0.2800596010540245,0.07336563940548932,3.6012543237182824,3.4137088064907224,5.403671239382487,0.004595142353464756,0.025082211094778067,0.230357921295803,0.9140944175705882,0.13091360402676766,0.11200516397191257,0.9862424614140961,0.11651944148437994,0.10012229991377936,0.9896471390550278,251,0.116519,0.100122,0.006915,2486,7.219581,8.6617675,0,0.845,0.993,22540.0,0.004882,0,/home/melody/code/individual_project/channel_selection_results/step_r_c2f_grid_completion/unet/per_dataset/fr3_long_office_household_clean/artifacts/unet_c2f_b_fine05_coarse04/replicate_0.all_frames.tum.txt,/home/melody/code/individual_project/channel_selection_results/step_r_c2f_grid_completion/unet/per_dataset/fr3_long_office_household_clean/artifacts/unet_c2f_b_fine05_coarse04/replicate_0.keyframes.tum.txt,/home/melody/code/individual_project/channel_selection_results/step_r_c2f_grid_completion/unet/per_dataset/fr3_long_office_household_clean/artifacts/unet_c2f_b_fine05_coarse04/replicate_0.log,2026-08-26T00:26:55.968436+00:00
8,fr3_long_office_household_lightswitch,fr3_long_office_household,lightswitch,Step-Q:unet_enc0_direct_f1_d02_d03_d07_d12_d13_d14,unet_direct_fine01,direct_fine,4,unet_enc0_direct_f1_d02_d03_d07_d12_d13_d14,Direct fine parent F1: global direct U-Net optimum on fr1/desk_lightswitch.,"unet:direct:enc0:2,3,7,12,13,14","[2, 3, 7, 12, 13, 14]",0,PASS,Completed the full matched RGB-D sequence,128.68019201300922,0,,,1341848067.8628,2486,2486,2488,0.9991961414790996,0.20201755127692883,0.16179541038957598,0.12674672653007732,0.6003818264878241,0.1209683272629462,6.972446739169941,6.109601453639035,12.529254845814522,0.0075285428178538194,0.15315121256743314,0.28318446899858046,3.956878295453309,0.199452330681555,0.1633298101019888,0.984635539123473,0.15992096140015596,0.12951664505328223,0.9908060519908516,251,0.159921,0.129517,0.02736,2486,8.2540175,11.617861999999999,0,0.828,0.993,139600.0,0.011668,93,/home/melody/code/individual_project/channel_selection_results/step_q_c2f_multi_dataset_evaluation/unet/per_dataset/fr3_long_office_household_lightswitch/artifacts/unet_enc0_direct_f1_d02_d03_d07_d12_d13_d14/replicate_0.all_frames.tum.txt,/home/melody/code/individual_project/channel_selection_results/step_q_c2f_multi_dataset_evaluation/unet/per_dataset/fr3_long_office_household_lightswitch/artifacts/unet_enc0_direct_f1_d02_d03_d07_d12_d13_d14/replicate_0.keyframes.tum.txt,/home/melody/code/individual_project/channel_selection_results/step_q_c2f_multi_dataset_evaluation/unet/per_dataset/fr3_long_office_household_lightswitch/artifacts/unet_enc0_direct_f1_d02_d03_d07_d12_d13_d14/replicate_0.log,2026-08-23T11:47:09.901212+00:00
8,fr3_long_office_household_lightswitch,fr3_long_office_household,lightswitch,Step-Q:unet_enc0_direct_f2_d03_d07_d12,unet_direct_fine02,direct_fine,5,unet_enc0_direct_f2_d03_d07_d12,Direct fine parent F2: the three-channel near-optimum.,"unet:direct:enc0:3,7,12","[3, 7, 12]",0,PASS,Completed the full matched RGB-D sequence,128.2910884549783,0,,,1341848067.8628,2486,2486,2488,0.9991961414790996,0.2334983006304161,0.17414526539274303,0.11070500387115273,0.7681112443804634,0.15554704413322448,7.236466749821043,6.154057627900109,14.360375058148435,0.006299399399700711,0.1391881407518808,0.2526411173891475,2.2105522621213862,0.22961047804305748,0.1760949133059839,0.9797544172427963,0.18340135014206593,0.13842718683795277,0.9868371137848428,246,0.183401,0.138427,0.018067,2486,4.07184,14.846134,0,0.854,0.993,44480.0,0.008155,57,/home/melody/code/individual_project/channel_selection_results/step_q_c2f_multi_dataset_evaluation/unet/per_dataset/fr3_long_office_household_lightswitch/artifacts/unet_enc0_direct_f2_d03_d07_d12/replicate_0.all_frames.tum.txt,/home/melody/code/individual_project/channel_selection_results/step_q_c2f_multi_dataset_evaluation/unet/per_dataset/fr3_long_office_household_lightswitch/artifacts/unet_enc0_direct_f2_d03_d07_d12/replicate_0.keyframes.tum.txt,/home/melody/code/individual_project/channel_selection_results/step_q_c2f_multi_dataset_evaluation/unet/per_dataset/fr3_long_office_household_lightswitch/artifacts/unet_enc0_direct_f2_d03_d07_d12/replicate_0.log,2026-08-23T11:49:18.950212+00:00
8,fr3_long_office_household_lightswitch,fr3_long_office_household,lightswitch,Step-R:new,unet_direct_fine03,direct_fine,1,unet_direct_fine03,Step-R direct fine rank 3,"unet:direct:enc0:2,3,12,14","[2, 3, 12, 14]",0,PASS,Completed the full matched RGB-D sequence,123.78533909600083,0,,,1341848067.8628,2486,2486,2488,0.9991961414790996,0.340346447665349,0.2756336096385554,0.19823511592726012,0.7418621581819768,0.19965424532436715,9.365838603241498,8.879714319921403,13.99715059886364,0.005904001990373356,0.09757846255445234,0.2551673302014556,2.6753551054654015,0.32903558142146005,0.2781501878445102,0.9590888658429007,0.2879018382483734,0.24151463475292373,0.9680632365209635,248,0.287902,0.241515,0.022643,2486,5.3623665,7.40036475,0,0.824,0.993,39120.0,0.008314,70,/home/melody/code/individual_project/channel_selection_results/step_r_c2f_grid_completion/unet/per_dataset/fr3_long_office_household_lightswitch/artifacts/unet_direct_fine03/replicate_0.all_frames.tum.txt,/home/melody/code/individual_project/channel_selection_results/step_r_c2f_grid_completion/unet/per_dataset/fr3_long_office_household_lightswitch/artifacts/unet_direct_fine03/replicate_0.keyframes.tum.txt,/home/melody/code/individual_project/channel_selection_results/step_r_c2f_grid_completion/unet/per_dataset/fr3_long_office_household_lightswitch/artifacts/unet_direct_fine03/replicate_0.log,2026-08-26T00:29:00.879549+00:00
8,fr3_long_office_household_lightswitch,fr3_long_office_household,lightswitch,Step-R:new,unet_direct_fine04,direct_fine,2,unet_direct_fine04,Step-R direct fine rank 4,"unet:direct:enc0:2,4,6","[2, 4, 6]",0,PASS,Completed the full matched RGB-D sequence,129.30274059699877,0,,,1341848067.8628,2486,2486,2488,0.9991961414790996,0.32878446126025035,0.2690474410446726,0.2367781130103555,0.6972340168985663,0.18897803161612858,8.108873781355301,7.08503340431737,16.059051645801137,0.007321540038918161,0.20019835578119538,0.28844648546302964,6.190009788487084,0.30818049551083826,0.2636070632523673,0.9469060096237413,0.2719509473752444,0.23123919281366476,0.9548219250603138,255,0.271951,0.231239,0.022961,2486,6.1101469999999996,17.964915,0,0.844,0.993,29180.0,0.007202,55,/home/melody/code/individual_project/channel_selection_results/step_r_c2f_grid_completion/unet/per_dataset/fr3_long_office_household_lightswitch/artifacts/unet_direct_fine04/replicate_0.all_frames.tum.txt,/home/melody/code/individual_project/channel_selection_results/step_r_c2f_grid_completion/unet/per_dataset/fr3_long_office_household_lightswitch/artifacts/unet_direct_fine04/replicate_0.keyframes.tum.txt,/home/melody/code/individual_project/channel_selection_results/step_r_c2f_grid_completion/unet/per_dataset/fr3_long_office_household_lightswitch/artifacts/unet_direct_fine04/replicate_0.log,2026-08-26T00:31:10.914811+00:00
8,fr3_long_office_household_lightswitch,fr3_long_office_household,lightswitch,Step-Q:unet_enc0_direct_f5_d02_d03_d07_d12_d13,unet_direct_fine05,direct_fine,6,unet_enc0_direct_f5_d02_d03_d07_d12_d13,"Direct fine parent F5, included because it has the clearest positive C2F synergy.","unet:direct:enc0:2,3,7,12,13","[2, 3, 7, 12, 13]",0,PASS,Completed the full matched RGB-D sequence,128.31027068698313,0,,,1341848067.8628,2486,2486,2488,0.9991961414790996,0.2088050064549428,0.1576838909230896,0.10322607463173689,0.6803096219917103,0.13687702971647167,6.0828193778629105,5.20386485712185,11.989078853268614,0.006683602296915916,0.14329801025872743,0.2573434470895594,2.1972971290465853,0.20661385000487376,0.1597634896879243,0.985537109257318,0.16383711140024537,0.12651049114857513,0.9893219733036428,251,0.163837,0.12651,0.019615,2486,7.143751,10.0898,0,0.838,0.993,57040.0,0.012307,82,/home/melody/code/individual_project/channel_selection_results/step_q_c2f_multi_dataset_evaluation/unet/per_dataset/fr3_long_office_household_lightswitch/artifacts/unet_enc0_direct_f5_d02_d03_d07_d12_d13/replicate_0.all_frames.tum.txt,/home/melody/code/individual_project/channel_selection_results/step_q_c2f_multi_dataset_evaluation/unet/per_dataset/fr3_long_office_household_lightswitch/artifacts/unet_enc0_direct_f5_d02_d03_d07_d12_d13/replicate_0.keyframes.tum.txt,/home/melody/code/individual_project/channel_selection_results/step_q_c2f_multi_dataset_evaluation/unet/per_dataset/fr3_long_office_household_lightswitch/artifacts/unet_enc0_direct_f5_d02_d03_d07_d12_d13/replicate_0.log,2026-08-23T11:51:28.009645+00:00
8,fr3_long_office_household_lightswitch,fr3_long_office_household,lightswitch,Step-R:new,unet_direct_coarse01,direct_coarse,3,unet_direct_coarse01,Step-R direct coarse rank 1,"unet:direct:enc1:5,6,17,18,28,30","[5, 6, 17, 18, 28, 30]",0,PASS,Completed the full matched RGB-D sequence,149.86941738799942,0,,,1341848067.8628,2486,2486,2488,0.9991961414790996,0.21956729460570465,0.17989974884919768,0.14607046725749046,0.7031699078736121,0.12588040842189815,11.218469854555634,9.688607960346317,19.423144543260246,0.00925909608182264,0.3871402926721255,0.3575715481749498,13.084401381874121,0.21910369996713924,0.1788936362723355,1.0069893892590256,0.18909373949603128,0.154466080493381,1.019285198614253,246,0.189094,0.154466,0.030876,2486,32.915417000000005,64.8357755,0,0.853,0.993,103100.0,0.011692,83,/home/melody/code/individual_project/channel_selection_results/step_r_c2f_grid_completion/unet/per_dataset/fr3_long_office_household_lightswitch/artifacts/unet_direct_coarse01/replicate_0.all_frames.tum.txt,/home/melody/code/individual_project/channel_selection_results/step_r_c2f_grid_completion/unet/per_dataset/fr3_long_office_household_lightswitch/artifacts/unet_direct_coarse01/replicate_0.keyframes.tum.txt,/home/melody/code/individual_project/channel_selection_results/step_r_c2f_grid_completion/unet/per_dataset/fr3_long_office_household_lightswitch/artifacts/unet_direct_coarse01/replicate_0.log,2026-08-26T00:33:41.506262+00:00
8,fr3_long_office_household_lightswitch,fr3_long_office_household,lightswitch,Step-Q:unet_enc1_direct_c2_d00_d05_d06_d17_d18_d30,unet_direct_coarse02,direct_coarse,3,unet_enc1_direct_c2_d00_d05_d06_d17_d18_d30,"Direct coarse parent C2, needed to interpret the C2F-B schedule contrast.","unet:direct:enc1:0,5,6,17,18,30","[0, 5, 6, 17, 18, 30]",0,PASS,Completed the full matched RGB-D sequence,149.83105201102444,0,,,1341848067.8628,2486,2486,2488,0.9991961414790996,0.160408494491224,0.13121438655008624,0.1024722078532331,0.5234594535369285,0.09226955005431413,7.897884167350052,6.866881395336551,13.89039847377609,0.005915393917422727,0.11455721657763909,0.24552939559141107,2.942001160076193,0.1602034518320621,0.13079731012280477,1.0039514284207642,0.13632913919821846,0.11303853495512063,1.0137968733070777,249,0.136329,0.113039,0.022291,2486,17.799457500000003,35.216149,0,0.855,0.993,167700.0,0.01494,88,/home/melody/code/individual_project/channel_selection_results/step_q_c2f_multi_dataset_evaluation/unet/per_dataset/fr3_long_office_household_lightswitch/artifacts/unet_enc1_direct_c2_d00_d05_d06_d17_d18_d30/replicate_0.all_frames.tum.txt,/home/melody/code/individual_project/channel_selection_results/step_q_c2f_multi_dataset_evaluation/unet/per_dataset/fr3_long_office_household_lightswitch/artifacts/unet_enc1_direct_c2_d00_d05_d06_d17_d18_d30/replicate_0.keyframes.tum.txt,/home/melody/code/individual_project/channel_selection_results/step_q_c2f_multi_dataset_evaluation/unet/per_dataset/fr3_long_office_household_lightswitch/artifacts/unet_enc1_direct_c2_d00_d05_d06_d17_d18_d30/replicate_0.log,2026-08-23T11:45:00.473868+00:00
8,fr3_long_office_household_lightswitch,fr3_long_office_household,lightswitch,Step-R:new,unet_direct_coarse03,direct_coarse,4,unet_direct_coarse03,Step-R direct coarse rank 3,"unet:direct:enc1:0,5,18,30","[0, 5, 18, 30]",0,PASS,Completed the full matched RGB-D sequence,139.94381319100285,0,,,1341848067.8628,2486,2486,2488,0.9991961414790996,0.24285237512713623,0.1947234675063882,0.17971363349847524,0.6758278480231527,0.14512080246187958,10.378609410000907,9.23860684224661,16.91393281735332,0.008011430730548065,0.26979781881936227,0.30670791629394734,9.276725174705755,0.23768495554692284,0.19951479064306443,0.9762974374051062,0.20298744190677528,0.17151840839897808,0.984839679606007,246,0.202987,0.171518,0.024846,2486,8.99715,15.11982025,0,0.849,0.993,38750.0,0.014672,83,/home/melody/code/individual_project/channel_selection_results/step_r_c2f_grid_completion/unet/per_dataset/fr3_long_office_household_lightswitch/artifacts/unet_direct_coarse03/replicate_0.all_frames.tum.txt,/home/melody/code/individual_project/channel_selection_results/step_r_c2f_grid_completion/unet/per_dataset/fr3_long_office_household_lightswitch/artifacts/unet_direct_coarse03/replicate_0.keyframes.tum.txt,/home/melody/code/individual_project/channel_selection_results/step_r_c2f_grid_completion/unet/per_dataset/fr3_long_office_household_lightswitch/artifacts/unet_direct_coarse03/replicate_0.log,2026-08-26T00:36:02.182822+00:00
8,fr3_long_office_household_lightswitch,fr3_long_office_household,lightswitch,Step-Q:unet_enc1_direct_c4_d00_d05_d06_d18_d30,unet_direct_coarse04,direct_coarse,2,unet_enc1_direct_c4_d00_d05_d06_d18_d30,"Direct coarse parent C4, selected because it participates in the strongest U-Net C2F results.","unet:direct:enc1:0,5,6,18,30","[0, 5, 6, 18, 30]",0,PASS,Completed the full matched RGB-D sequence,148.4957541260228,0,,,1341848067.8628,2486,2486,2488,0.9991961414790996,0.16710041936388895,0.1353946821997305,0.10797073031462968,0.5568702603563003,0.09793278400832657,7.5928057223351635,6.702512369096631,13.20465584987704,0.005648829590833775,0.07879143411147527,0.24123160526312595,1.7935472497044886,0.16709519879993817,0.13544991465159958,0.9993590479499678,0.13819324323853094,0.11291883504969527,1.0081100288928022,247,0.138193,0.112919,0.019167,2486,13.221872000000001,20.88790625,0,0.855,0.993,155500.0,0.023455,85,/home/melody/code/individual_project/channel_selection_results/step_q_c2f_multi_dataset_evaluation/unet/per_dataset/fr3_long_office_household_lightswitch/artifacts/unet_enc1_direct_c4_d00_d05_d06_d18_d30/replicate_0.all_frames.tum.txt,/home/melody/code/individual_project/channel_selection_results/step_q_c2f_multi_dataset_evaluation/unet/per_dataset/fr3_long_office_household_lightswitch/artifacts/unet_enc1_direct_c4_d00_d05_d06_d18_d30/replicate_0.keyframes.tum.txt,/home/melody/code/individual_project/channel_selection_results/step_q_c2f_multi_dataset_evaluation/unet/per_dataset/fr3_long_office_household_lightswitch/artifacts/unet_enc1_direct_c4_d00_d05_d06_d18_d30/replicate_0.log,2026-08-23T11:42:29.885038+00:00
8,fr3_long_office_household_lightswitch,fr3_long_office_household,lightswitch,Step-R:new,unet_c2f_a_fine01_coarse01,c2f,5,unet_c2f_a_fine01_coarse01,Step-R full-grid C2F-A; F1 × C1,"unet:c2f:A:fine2,3,7,12,13,14:coarse5,6,17,18,28,30","[2, 3, 7, 12, 13, 14, 5, 6, 17, 18, 28, 30]",0,PASS,Completed the full matched RGB-D sequence,144.86462692500209,0,,,1341848067.8628,2486,2486,2488,0.9991961414790996,0.11599162112953458,0.09807342666044795,0.07995766528037351,0.369128538824894,0.0619326985956145,5.830084712892308,5.0645767016516166,10.39245749081665,0.005522799023067578,0.10811414798850573,0.2512821628319611,3.4283162852042373,0.11586005486685721,0.09780873837821095,1.0026843899203624,0.10030482204590513,0.08563769713242132,1.0092173697346327,251,0.100305,0.085638,0.0164,2486,8.241488499999999,26.74754475,0,0.845,0.993,157000.0,0.194228,91,/home/melody/code/individual_project/channel_selection_results/step_r_c2f_grid_completion/unet/per_dataset/fr3_long_office_household_lightswitch/artifacts/unet_c2f_a_fine01_coarse01/replicate_0.all_frames.tum.txt,/home/melody/code/individual_project/channel_selection_results/step_r_c2f_grid_completion/unet/per_dataset/fr3_long_office_household_lightswitch/artifacts/unet_c2f_a_fine01_coarse01/replicate_0.keyframes.tum.txt,/home/melody/code/individual_project/channel_selection_results/step_r_c2f_grid_completion/unet/per_dataset/fr3_long_office_household_lightswitch/artifacts/unet_c2f_a_fine01_coarse01/replicate_0.log,2026-08-26T00:38:27.758116+00:00
8,fr3_long_office_household_lightswitch,fr3_long_office_household,lightswitch,Step-R:new,unet_c2f_a_fine01_coarse02,c2f,6,unet_c2f_a_fine01_coarse02,Step-R full-grid C2F-A; F1 × C2,"unet:c2f:A:fine2,3,7,12,13,14:coarse0,5,6,17,18,30","[2, 3, 7, 12, 13, 14, 0, 5, 6, 17, 18, 30]",0,PASS,Completed the full matched RGB-D sequence,140.677991605,0,,,1341848067.8628,2486,2486,2488,0.9991961414790996,0.13373210563632215,0.10953049933804448,0.08577216200905444,0.4468713460046633,0.07672904139035668,6.047380447870055,5.219213862442886,10.789197612981567,0.005510581096668532,0.08746598397208766,0.24485608261220834,2.558297090050402,0.1336468274613144,0.10926140019786426,1.0023212396710752,0.11165403301113738,0.09095352494651579,1.0093073530894714,251,0.111654,0.090954,0.018241,2486,8.2516995,24.9606125,0,0.845,0.993,218500.0,0.09994,91,/home/melody/code/individual_project/channel_selection_results/step_r_c2f_grid_completion/unet/per_dataset/fr3_long_office_household_lightswitch/artifacts/unet_c2f_a_fine01_coarse02/replicate_0.all_frames.tum.txt,/home/melody/code/individual_project/channel_selection_results/step_r_c2f_grid_completion/unet/per_dataset/fr3_long_office_household_lightswitch/artifacts/unet_c2f_a_fine01_coarse02/replicate_0.keyframes.tum.txt,/home/melody/code/individual_project/channel_selection_results/step_r_c2f_grid_completion/unet/per_dataset/fr3_long_office_household_lightswitch/artifacts/unet_c2f_a_fine01_coarse02/replicate_0.log,2026-08-26T00:40:49.153829+00:00
8,fr3_long_office_household_lightswitch,fr3_long_office_household,lightswitch,Step-R:new,unet_c2f_a_fine01_coarse03,c2f,7,unet_c2f_a_fine01_coarse03,Step-R full-grid C2F-A; F1 × C3,"unet:c2f:A:fine2,3,7,12,13,14:coarse0,5,18,30","[2, 3, 7, 12, 13, 14, 0, 5, 18, 30]",0,PASS,Completed the full matched RGB-D sequence,139.64761837699916,0,,,1341848067.8628,2486,2486,2488,0.9991961414790996,0.20374507927197316,0.1650751532786421,0.12478284196951954,0.5654162788766653,0.11942466703983491,6.523781122535126,5.789701893690359,11.080533387451855,0.005374710427665758,0.04710255855475268,0.2470906754515779,1.815995396741459,0.19902784415450073,0.1667874655215991,0.979245617223634,0.16934521755591636,0.14264599930325128,0.986690602726894,250,0.169345,0.142646,0.014142,2486,8.2357175,24.645937500000002,0,0.845,0.993,95400.0,0.098456,90,/home/melody/code/individual_project/channel_selection_results/step_r_c2f_grid_completion/unet/per_dataset/fr3_long_office_household_lightswitch/artifacts/unet_c2f_a_fine01_coarse03/replicate_0.all_frames.tum.txt,/home/melody/code/individual_project/channel_selection_results/step_r_c2f_grid_completion/unet/per_dataset/fr3_long_office_household_lightswitch/artifacts/unet_c2f_a_fine01_coarse03/replicate_0.keyframes.tum.txt,/home/melody/code/individual_project/channel_selection_results/step_r_c2f_grid_completion/unet/per_dataset/fr3_long_office_household_lightswitch/artifacts/unet_c2f_a_fine01_coarse03/replicate_0.log,2026-08-26T00:43:09.548138+00:00
8,fr3_long_office_household_lightswitch,fr3_long_office_household,lightswitch,Step-Q:unet_c2f_a_f1_c4_negative_high_parent,unet_c2f_a_fine01_coarse04,c2f,7,unet_c2f_a_f1_c4_negative_high_parent,C2F-A negative control: on fr1 lightswitch it is worse than the globally best direct fine parent F1.,"unet:c2f:A:fine2,3,7,12,13,14:coarse0,5,6,18,30","[2, 3, 7, 12, 13, 14, 0, 5, 6, 18, 30]",0,PASS,Completed the full matched RGB-D sequence,145.85484406800242,0,,,1341848067.8628,2486,2486,2488,0.9991961414790996,0.1427960750183537,0.1141690662032004,0.08492983601424847,0.4930894035316353,0.08576796233405888,6.058298926230001,5.216109229307452,10.897054792246253,0.0057915159067931585,0.11397953468714532,0.251031966044016,3.163789355026435,0.14271669515524293,0.11381553300955582,1.002314891802724,0.11599676224809397,0.09104604289877734,1.00891660557025,251,0.115997,0.091046,0.01809,2486,8.2371815,25.214783750000002,0,0.845,0.993,159200.0,0.028751,91,/home/melody/code/individual_project/channel_selection_results/step_q_c2f_multi_dataset_evaluation/unet/per_dataset/fr3_long_office_household_lightswitch/artifacts/unet_c2f_a_f1_c4_negative_high_parent/replicate_0.all_frames.tum.txt,/home/melody/code/individual_project/channel_selection_results/step_q_c2f_multi_dataset_evaluation/unet/per_dataset/fr3_long_office_household_lightswitch/artifacts/unet_c2f_a_f1_c4_negative_high_parent/replicate_0.keyframes.tum.txt,/home/melody/code/individual_project/channel_selection_results/step_q_c2f_multi_dataset_evaluation/unet/per_dataset/fr3_long_office_household_lightswitch/artifacts/unet_c2f_a_f1_c4_negative_high_parent/replicate_0.log,2026-08-23T11:53:54.624572+00:00
8,fr3_long_office_household_lightswitch,fr3_long_office_household,lightswitch,Step-R:new,unet_c2f_a_fine02_coarse01,c2f,8,unet_c2f_a_fine02_coarse01,Step-R full-grid C2F-A; F2 × C1,"unet:c2f:A:fine3,7,12:coarse5,6,17,18,28,30","[3, 7, 12, 5, 6, 17, 18, 28, 30]",0,PASS,Completed the full matched RGB-D sequence,144.97647330199834,0,,,1341848067.8628,2486,2486,2488,0.9991961414790996,0.14569426080755957,0.1223763213778202,0.09345609163641411,0.47223730847547485,0.07906233994952122,6.703080087792975,5.892513365875965,11.479197232414567,0.005743342709770358,0.13587346750696824,0.25744253504194026,4.568839793988774,0.14568391557377885,0.12246141183851075,0.999158342699703,0.12301258626797311,0.105102608403493,1.0064321712394575,250,0.123013,0.105103,0.01648,2486,4.053478500000001,12.4989075,0,0.845,0.993,52600.0,0.056513,55,/home/melody/code/individual_project/channel_selection_results/step_r_c2f_grid_completion/unet/per_dataset/fr3_long_office_household_lightswitch/artifacts/unet_c2f_a_fine02_coarse01/replicate_0.all_frames.tum.txt,/home/melody/code/individual_project/channel_selection_results/step_r_c2f_grid_completion/unet/per_dataset/fr3_long_office_household_lightswitch/artifacts/unet_c2f_a_fine02_coarse01/replicate_0.keyframes.tum.txt,/home/melody/code/individual_project/channel_selection_results/step_r_c2f_grid_completion/unet/per_dataset/fr3_long_office_household_lightswitch/artifacts/unet_c2f_a_fine02_coarse01/replicate_0.log,2026-08-26T00:45:35.256585+00:00
8,fr3_long_office_household_lightswitch,fr3_long_office_household,lightswitch,Step-R:new,unet_c2f_a_fine02_coarse02,c2f,9,unet_c2f_a_fine02_coarse02,Step-R full-grid C2F-A; F2 × C2,"unet:c2f:A:fine3,7,12:coarse0,5,6,17,18,30","[3, 7, 12, 0, 5, 6, 17, 18, 30]",0,PASS,Completed the full matched RGB-D sequence,141.39550134400633,0,,,1341848067.8628,2486,2486,2488,0.9991961414790996,0.14455483774048997,0.12079134061474611,0.08926151034890407,0.34507625724986873,0.0794075131626206,4.386190866253449,4.159929825192014,6.683954022550348,0.004760073074870254,0.023872346655000803,0.23331028378984733,1.254857644938174,0.14184477769890483,0.12132673189655496,0.9866650525000528,0.12511186749720543,0.10815651413446833,0.9908053317223601,249,0.125112,0.108157,0.008162,2486,4.0542435,14.80432175,0,0.845,0.993,44970.0,0.031444,53,/home/melody/code/individual_project/channel_selection_results/step_r_c2f_grid_completion/unet/per_dataset/fr3_long_office_household_lightswitch/artifacts/unet_c2f_a_fine02_coarse02/replicate_0.all_frames.tum.txt,/home/melody/code/individual_project/channel_selection_results/step_r_c2f_grid_completion/unet/per_dataset/fr3_long_office_household_lightswitch/artifacts/unet_c2f_a_fine02_coarse02/replicate_0.keyframes.tum.txt,/home/melody/code/individual_project/channel_selection_results/step_r_c2f_grid_completion/unet/per_dataset/fr3_long_office_household_lightswitch/artifacts/unet_c2f_a_fine02_coarse02/replicate_0.log,2026-08-26T00:47:57.371537+00:00
8,fr3_long_office_household_lightswitch,fr3_long_office_household,lightswitch,Step-R:new,unet_c2f_a_fine02_coarse03,c2f,10,unet_c2f_a_fine02_coarse03,Step-R full-grid C2F-A; F2 × C3,"unet:c2f:A:fine3,7,12:coarse0,5,18,30","[3, 7, 12, 0, 5, 18, 30]",0,PASS,Completed the full matched RGB-D sequence,138.53004079700622,0,,,1341848067.8628,2486,2486,2488,0.9991961414790996,0.21316508704696172,0.1682474858545089,0.11821444576510884,0.6004264395857932,0.13088979272416776,6.650650380958865,5.885559647341113,11.430842895908444,0.005341043248360236,0.06130186105264379,0.24652055315418867,2.378309479573998,0.2082476135443069,0.1711839509882762,0.9783354454264239,0.17493997596076935,0.14459795429521594,0.9858685559828686,249,0.17494,0.144598,0.014088,2486,4.05715,11.9141335,0,0.845,0.993,44230.0,0.094595,57,/home/melody/code/individual_project/channel_selection_results/step_r_c2f_grid_completion/unet/per_dataset/fr3_long_office_household_lightswitch/artifacts/unet_c2f_a_fine02_coarse03/replicate_0.all_frames.tum.txt,/home/melody/code/individual_project/channel_selection_results/step_r_c2f_grid_completion/unet/per_dataset/fr3_long_office_household_lightswitch/artifacts/unet_c2f_a_fine02_coarse03/replicate_0.keyframes.tum.txt,/home/melody/code/individual_project/channel_selection_results/step_r_c2f_grid_completion/unet/per_dataset/fr3_long_office_household_lightswitch/artifacts/unet_c2f_a_fine02_coarse03/replicate_0.log,2026-08-26T00:50:16.618430+00:00
8,fr3_long_office_household_lightswitch,fr3_long_office_household,lightswitch,Step-Q:unet_c2f_a_f2_c4_global_best,unet_c2f_a_fine02_coarse04,c2f,8,unet_c2f_a_f2_c4_global_best,C2F-A global U-Net C2F optimum on fr1 lightswitch; compare against both direct parents.,"unet:c2f:A:fine3,7,12:coarse0,5,6,18,30","[3, 7, 12, 0, 5, 6, 18, 30]",0,PASS,Completed the full matched RGB-D sequence,144.28386533999583,0,,,1341848067.8628,2486,2486,2488,0.9991961414790996,0.14690069990743476,0.11814425266095176,0.08818068323922094,0.5059337135640035,0.08730264140608457,6.527675243245283,5.502781801026475,11.876474256784736,0.0061826740790509125,0.15853121049928426,0.2593026853862391,4.443579559778975,0.14690052745323381,0.11812795740770198,1.0001092274093137,0.12045254246892692,0.09633213884785777,1.0077926979417748,251,0.120453,0.096332,0.019071,2486,4.069586,11.903660499999999,0,0.848,0.993,44030.0,0.031288,54,/home/melody/code/individual_project/channel_selection_results/step_q_c2f_multi_dataset_evaluation/unet/per_dataset/fr3_long_office_household_lightswitch/artifacts/unet_c2f_a_f2_c4_global_best/replicate_0.all_frames.tum.txt,/home/melody/code/individual_project/channel_selection_results/step_q_c2f_multi_dataset_evaluation/unet/per_dataset/fr3_long_office_household_lightswitch/artifacts/unet_c2f_a_f2_c4_global_best/replicate_0.keyframes.tum.txt,/home/melody/code/individual_project/channel_selection_results/step_q_c2f_multi_dataset_evaluation/unet/per_dataset/fr3_long_office_household_lightswitch/artifacts/unet_c2f_a_f2_c4_global_best/replicate_0.log,2026-08-23T11:56:19.655486+00:00
8,fr3_long_office_household_lightswitch,fr3_long_office_household,lightswitch,Step-R:new,unet_c2f_a_fine03_coarse01,c2f,11,unet_c2f_a_fine03_coarse01,Step-R full-grid C2F-A; F3 × C1,"unet:c2f:A:fine2,3,12,14:coarse5,6,17,18,28,30","[2, 3, 12, 14, 5, 6, 17, 18, 28, 30]",0,PASS,Completed the full matched RGB-D sequence,145.99303540300025,0,,,1341848067.8628,2486,2486,2488,0.9991961414790996,0.15298647504661644,0.12654345477222,0.10070563262209939,0.5000970292079997,0.08597450553216403,7.400379835523047,6.275201219430431,13.429987263952784,0.006441846270012037,0.177478035746582,0.2718460904973328,5.538264712880004,0.15266010546309336,0.12589015251601793,1.0048706113841255,0.13032865589450734,0.10714334203009981,1.0132371865755911,251,0.130329,0.107143,0.021649,2486,5.3713105,13.383541750000001,0,0.845,0.993,32080.0,0.026092,71,/home/melody/code/individual_project/channel_selection_results/step_r_c2f_grid_completion/unet/per_dataset/fr3_long_office_household_lightswitch/artifacts/unet_c2f_a_fine03_coarse01/replicate_0.all_frames.tum.txt,/home/melody/code/individual_project/channel_selection_results/step_r_c2f_grid_completion/unet/per_dataset/fr3_long_office_household_lightswitch/artifacts/unet_c2f_a_fine03_coarse01/replicate_0.keyframes.tum.txt,/home/melody/code/individual_project/channel_selection_results/step_r_c2f_grid_completion/unet/per_dataset/fr3_long_office_household_lightswitch/artifacts/unet_c2f_a_fine03_coarse01/replicate_0.log,2026-08-26T00:52:43.331834+00:00
8,fr3_long_office_household_lightswitch,fr3_long_office_household,lightswitch,Step-R:new,unet_c2f_a_fine03_coarse02,c2f,12,unet_c2f_a_fine03_coarse02,Step-R full-grid C2F-A; F3 × C2,"unet:c2f:A:fine2,3,12,14:coarse0,5,6,17,18,30","[2, 3, 12, 14, 0, 5, 6, 17, 18, 30]",0,PASS,Completed the full matched RGB-D sequence,140.91698370999802,0,,,1341848067.8628,2486,2486,2488,0.9991961414790996,0.12940841761031202,0.11002781417297972,0.08729517845730056,0.3249132062590604,0.06812061844053648,4.195441576793069,3.959444649952564,6.419089179933118,0.00468823454636789,0.024650713721464504,0.232775103024531,0.983727972626366,0.12745344934778705,0.1104194514615828,0.9892508521483896,0.11223066819790577,0.09898137686227444,0.9930062129010832,249,0.112231,0.098981,0.008086,2486,5.367022,14.230887,0,0.845,0.993,35230.0,0.021457,70,/home/melody/code/individual_project/channel_selection_results/step_r_c2f_grid_completion/unet/per_dataset/fr3_long_office_household_lightswitch/artifacts/unet_c2f_a_fine03_coarse02/replicate_0.all_frames.tum.txt,/home/melody/code/individual_project/channel_selection_results/step_r_c2f_grid_completion/unet/per_dataset/fr3_long_office_household_lightswitch/artifacts/unet_c2f_a_fine03_coarse02/replicate_0.keyframes.tum.txt,/home/melody/code/individual_project/channel_selection_results/step_r_c2f_grid_completion/unet/per_dataset/fr3_long_office_household_lightswitch/artifacts/unet_c2f_a_fine03_coarse02/replicate_0.log,2026-08-26T00:55:04.966406+00:00
8,fr3_long_office_household_lightswitch,fr3_long_office_household,lightswitch,Step-R:new,unet_c2f_a_fine03_coarse03,c2f,13,unet_c2f_a_fine03_coarse03,Step-R full-grid C2F-A; F3 × C3,"unet:c2f:A:fine2,3,12,14:coarse0,5,18,30","[2, 3, 12, 14, 0, 5, 18, 30]",0,PASS,Completed the full matched RGB-D sequence,139.3353740609964,0,,,1341848067.8628,2486,2486,2488,0.9991961414790996,0.20415082568509618,0.15813516111010859,0.11509548149758017,0.679249525596065,0.1291155701245459,8.725491316235555,7.111193134281051,16.199103834643346,0.006311325359172924,0.10960992595324978,0.2647611766811104,3.2854121788672104,0.20378161081105972,0.15814149952443676,0.9940667604220571,0.17063074672375583,0.13068960197812737,1.0057168316057863,250,0.170631,0.13069,0.022034,2486,5.3620555,12.25209175,0,0.845,0.993,34100.0,0.053649,70,/home/melody/code/individual_project/channel_selection_results/step_r_c2f_grid_completion/unet/per_dataset/fr3_long_office_household_lightswitch/artifacts/unet_c2f_a_fine03_coarse03/replicate_0.all_frames.tum.txt,/home/melody/code/individual_project/channel_selection_results/step_r_c2f_grid_completion/unet/per_dataset/fr3_long_office_household_lightswitch/artifacts/unet_c2f_a_fine03_coarse03/replicate_0.keyframes.tum.txt,/home/melody/code/individual_project/channel_selection_results/step_r_c2f_grid_completion/unet/per_dataset/fr3_long_office_household_lightswitch/artifacts/unet_c2f_a_fine03_coarse03/replicate_0.log,2026-08-26T00:57:25.022437+00:00
8,fr3_long_office_household_lightswitch,fr3_long_office_household,lightswitch,Step-R:new,unet_c2f_a_fine03_coarse04,c2f,14,unet_c2f_a_fine03_coarse04,Step-R full-grid C2F-A; F3 × C4,"unet:c2f:A:fine2,3,12,14:coarse0,5,6,18,30","[2, 3, 12, 14, 0, 5, 6, 18, 30]",0,PASS,Completed the full matched RGB-D sequence,140.13270484900568,0,,,1341848067.8628,2486,2486,2488,0.9991961414790996,0.14407657028203177,0.11561118452002017,0.08598207355624954,0.4977778882984831,0.08597739306417178,6.0985647636420675,5.324366130702748,10.712342267094906,0.00548775424938721,0.11468874816313054,0.2454386561835625,2.9147354585210707,0.1440383230787128,0.11533571910233968,1.0016130975556998,0.11664829494362575,0.09258126771691604,1.0082220549023233,251,0.116648,0.092581,0.0171,2486,5.374364,13.008828000000001,0,0.845,0.993,33340.0,0.027164,70,/home/melody/code/individual_project/channel_selection_results/step_r_c2f_grid_completion/unet/per_dataset/fr3_long_office_household_lightswitch/artifacts/unet_c2f_a_fine03_coarse04/replicate_0.all_frames.tum.txt,/home/melody/code/individual_project/channel_selection_results/step_r_c2f_grid_completion/unet/per_dataset/fr3_long_office_household_lightswitch/artifacts/unet_c2f_a_fine03_coarse04/replicate_0.keyframes.tum.txt,/home/melody/code/individual_project/channel_selection_results/step_r_c2f_grid_completion/unet/per_dataset/fr3_long_office_household_lightswitch/artifacts/unet_c2f_a_fine03_coarse04/replicate_0.log,2026-08-26T00:59:45.889550+00:00
8,fr3_long_office_household_lightswitch,fr3_long_office_household,lightswitch,Step-R:new,unet_c2f_a_fine04_coarse01,c2f,15,unet_c2f_a_fine04_coarse01,Step-R full-grid C2F-A; F4 × C1,"unet:c2f:A:fine2,4,6:coarse5,6,17,18,28,30","[2, 4, 6, 5, 6, 17, 18, 28, 30]",0,PASS,Completed the full matched RGB-D sequence,151.3393456670019,0,,,1341848067.8628,2486,2486,2488,0.9991961414790996,0.13048537840827815,0.11420713591582808,0.09799968368167139,0.30582389243811514,0.063112313253874,3.867671840624099,3.6941972305818784,6.806651371451596,0.0045126432097772244,0.039789656212461624,0.24146019569176944,1.3939289633757337,0.12864136706453788,0.11390909596208126,0.9895112887187529,0.11609833425161037,0.10457655742365636,0.9934291146595059,252,0.116098,0.104577,0.008192,2486,6.1041595,25.523246750000002,0,0.845,0.993,19140.0,0.029482,55,/home/melody/code/individual_project/channel_selection_results/step_r_c2f_grid_completion/unet/per_dataset/fr3_long_office_household_lightswitch/artifacts/unet_c2f_a_fine04_coarse01/replicate_0.all_frames.tum.txt,/home/melody/code/individual_project/channel_selection_results/step_r_c2f_grid_completion/unet/per_dataset/fr3_long_office_household_lightswitch/artifacts/unet_c2f_a_fine04_coarse01/replicate_0.keyframes.tum.txt,/home/melody/code/individual_project/channel_selection_results/step_r_c2f_grid_completion/unet/per_dataset/fr3_long_office_household_lightswitch/artifacts/unet_c2f_a_fine04_coarse01/replicate_0.log,2026-08-26T01:02:17.947540+00:00
8,fr3_long_office_household_lightswitch,fr3_long_office_household,lightswitch,Step-R:new,unet_c2f_a_fine04_coarse02,c2f,16,unet_c2f_a_fine04_coarse02,Step-R full-grid C2F-A; F4 × C2,"unet:c2f:A:fine2,4,6:coarse0,5,6,17,18,30","[2, 4, 6, 0, 5, 6, 17, 18, 30]",0,PASS,Completed the full matched RGB-D sequence,146.70055849899654,0,,,1341848067.8628,2486,2486,2488,0.9991961414790996,0.14163041803717058,0.11917223490861968,0.09335439936732723,0.3352927435817645,0.0765320438788124,3.850827832654565,3.6588141369190414,6.695018857122444,0.00441541732972045,0.019628636325181272,0.23464356069457198,0.9801956304679718,0.13888908724035703,0.11927967044953063,0.9867271910139264,0.12287144121446167,0.10668061173534889,0.990574333270572,252,0.122871,0.106681,0.007236,2486,6.102327000000001,19.461924,0,0.845,0.993,19190.0,0.02878,54,/home/melody/code/individual_project/channel_selection_results/step_r_c2f_grid_completion/unet/per_dataset/fr3_long_office_household_lightswitch/artifacts/unet_c2f_a_fine04_coarse02/replicate_0.all_frames.tum.txt,/home/melody/code/individual_project/channel_selection_results/step_r_c2f_grid_completion/unet/per_dataset/fr3_long_office_household_lightswitch/artifacts/unet_c2f_a_fine04_coarse02/replicate_0.keyframes.tum.txt,/home/melody/code/individual_project/channel_selection_results/step_r_c2f_grid_completion/unet/per_dataset/fr3_long_office_household_lightswitch/artifacts/unet_c2f_a_fine04_coarse02/replicate_0.log,2026-08-26T01:04:45.375702+00:00
8,fr3_long_office_household_lightswitch,fr3_long_office_household,lightswitch,Step-R:new,unet_c2f_a_fine04_coarse03,c2f,17,unet_c2f_a_fine04_coarse03,Step-R full-grid C2F-A; F4 × C3,"unet:c2f:A:fine2,4,6:coarse0,5,18,30","[2, 4, 6, 0, 5, 18, 30]",0,PASS,Completed the full matched RGB-D sequence,144.40266014499502,0,,,1341848067.8628,2486,2486,2488,0.9991961414790996,0.20503939040321736,0.16767206371185298,0.14180429117421456,0.559457822658313,0.11801368847524131,6.116888347227722,5.325067015790958,11.49876456084151,0.004973665058630635,0.058000457447310146,0.24581192971405294,2.2716194746519123,0.20015740605582108,0.16956160139348445,0.9788307134525999,0.17310557958175665,0.14879532907341486,0.9865191815001896,251,0.173106,0.148795,0.012094,2486,6.092211,18.03154675,0,0.845,0.9935,19290.0,0.032732,61,/home/melody/code/individual_project/channel_selection_results/step_r_c2f_grid_completion/unet/per_dataset/fr3_long_office_household_lightswitch/artifacts/unet_c2f_a_fine04_coarse03/replicate_0.all_frames.tum.txt,/home/melody/code/individual_project/channel_selection_results/step_r_c2f_grid_completion/unet/per_dataset/fr3_long_office_household_lightswitch/artifacts/unet_c2f_a_fine04_coarse03/replicate_0.keyframes.tum.txt,/home/melody/code/individual_project/channel_selection_results/step_r_c2f_grid_completion/unet/per_dataset/fr3_long_office_household_lightswitch/artifacts/unet_c2f_a_fine04_coarse03/replicate_0.log,2026-08-26T01:07:10.501386+00:00
8,fr3_long_office_household_lightswitch,fr3_long_office_household,lightswitch,Step-R:new,unet_c2f_a_fine04_coarse04,c2f,18,unet_c2f_a_fine04_coarse04,Step-R full-grid C2F-A; F4 × C4,"unet:c2f:A:fine2,4,6:coarse0,5,6,18,30","[2, 4, 6, 0, 5, 6, 18, 30]",0,PASS,Completed the full matched RGB-D sequence,145.20185219799896,0,,,1341848067.8628,2486,2486,2488,0.9991961414790996,0.13539481219901894,0.11494405254327617,0.09695738383522269,0.3365013135977623,0.0715515195878898,3.74232637914321,3.508341584215072,6.737096086423966,0.0045213592245155615,0.020605582526334404,0.23730436171844446,1.299290226765736,0.1329284419332769,0.1151174136237587,0.9876776301519988,0.11738060960926533,0.10327359365002933,0.991569065742205,252,0.117381,0.103274,0.007779,2486,6.101159,19.455891,0,0.845,0.993,19350.0,0.048879,56,/home/melody/code/individual_project/channel_selection_results/step_r_c2f_grid_completion/unet/per_dataset/fr3_long_office_household_lightswitch/artifacts/unet_c2f_a_fine04_coarse04/replicate_0.all_frames.tum.txt,/home/melody/code/individual_project/channel_selection_results/step_r_c2f_grid_completion/unet/per_dataset/fr3_long_office_household_lightswitch/artifacts/unet_c2f_a_fine04_coarse04/replicate_0.keyframes.tum.txt,/home/melody/code/individual_project/channel_selection_results/step_r_c2f_grid_completion/unet/per_dataset/fr3_long_office_household_lightswitch/artifacts/unet_c2f_a_fine04_coarse04/replicate_0.log,2026-08-26T01:09:36.443413+00:00
8,fr3_long_office_household_lightswitch,fr3_long_office_household,lightswitch,Step-R:new,unet_c2f_a_fine05_coarse01,c2f,19,unet_c2f_a_fine05_coarse01,Step-R full-grid C2F-A; F5 × C1,"unet:c2f:A:fine2,3,7,12,13:coarse5,6,17,18,28,30","[2, 3, 7, 12, 13, 5, 6, 17, 18, 28, 30]",0,PASS,Completed the full matched RGB-D sequence,145.89126007299637,0,,,1341848067.8628,2486,2486,2488,0.9991961414790996,0.14881024816396363,0.12396968813495966,0.09585318362050088,0.47623507684660343,0.08231650127611884,7.313932708379832,6.234959817071064,13.278525870293707,0.006542607786797236,0.17685116229944697,0.2741730152728081,5.547107710607118,0.14836507390047549,0.12337174767523051,1.005612348192812,0.1286199717082825,0.10744630461504172,1.0139437534152147,251,0.12862,0.107446,0.021974,2486,7.12854,21.068259,0,0.845,0.993,90650.0,0.016253,77,/home/melody/code/individual_project/channel_selection_results/step_r_c2f_grid_completion/unet/per_dataset/fr3_long_office_household_lightswitch/artifacts/unet_c2f_a_fine05_coarse01/replicate_0.all_frames.tum.txt,/home/melody/code/individual_project/channel_selection_results/step_r_c2f_grid_completion/unet/per_dataset/fr3_long_office_household_lightswitch/artifacts/unet_c2f_a_fine05_coarse01/replicate_0.keyframes.tum.txt,/home/melody/code/individual_project/channel_selection_results/step_r_c2f_grid_completion/unet/per_dataset/fr3_long_office_household_lightswitch/artifacts/unet_c2f_a_fine05_coarse01/replicate_0.log,2026-08-26T01:12:03.054827+00:00
8,fr3_long_office_household_lightswitch,fr3_long_office_household,lightswitch,Step-R:new,unet_c2f_a_fine05_coarse02,c2f,20,unet_c2f_a_fine05_coarse02,Step-R full-grid C2F-A; F5 × C2,"unet:c2f:A:fine2,3,7,12,13:coarse0,5,6,17,18,30","[2, 3, 7, 12, 13, 0, 5, 6, 17, 18, 30]",0,PASS,Completed the full matched RGB-D sequence,141.0822547380012,0,,,1341848067.8628,2486,2486,2488,0.9991961414790996,0.14895259305751746,0.1206112291817159,0.09378162503468646,0.49810339938804044,0.08740598591534796,6.611932440897795,5.5568032625632195,12.156765600922391,0.005990783221629132,0.1272828091885417,0.2545717515520684,3.744988497113811,0.1488496746147753,0.12025447526439201,1.0026935733877071,0.12430931695732406,0.09918575535488049,1.0107856282606182,251,0.124309,0.099186,0.021027,2486,7.126722,21.08563575,0,0.845,0.993,75970.0,0.032275,80,/home/melody/code/individual_project/channel_selection_results/step_r_c2f_grid_completion/unet/per_dataset/fr3_long_office_household_lightswitch/artifacts/unet_c2f_a_fine05_coarse02/replicate_0.all_frames.tum.txt,/home/melody/code/individual_project/channel_selection_results/step_r_c2f_grid_completion/unet/per_dataset/fr3_long_office_household_lightswitch/artifacts/unet_c2f_a_fine05_coarse02/replicate_0.keyframes.tum.txt,/home/melody/code/individual_project/channel_selection_results/step_r_c2f_grid_completion/unet/per_dataset/fr3_long_office_household_lightswitch/artifacts/unet_c2f_a_fine05_coarse02/replicate_0.log,2026-08-26T01:14:24.856498+00:00
8,fr3_long_office_household_lightswitch,fr3_long_office_household,lightswitch,Step-R:new,unet_c2f_a_fine05_coarse03,c2f,21,unet_c2f_a_fine05_coarse03,Step-R full-grid C2F-A; F5 × C3,"unet:c2f:A:fine2,3,7,12,13:coarse0,5,18,30","[2, 3, 7, 12, 13, 0, 5, 18, 30]",0,PASS,Completed the full matched RGB-D sequence,139.26887325999996,0,,,1341848067.8628,2486,2486,2488,0.9991961414790996,0.16995311970062266,0.13958843132277526,0.12247350671930943,0.5012782006511228,0.0969491244768153,5.925123398395589,5.275089191202901,10.043108677593398,0.005457059332338865,0.05962112948579073,0.250642424961359,2.4624245859803047,0.16703513799427874,0.14081599200563347,0.985002125568868,0.14160295078650334,0.12070108528738464,0.9914365351604649,249,0.141603,0.120701,0.014213,2486,7.1157129999999995,19.922767,0,0.844,0.993,75020.0,0.045134,78,/home/melody/code/individual_project/channel_selection_results/step_r_c2f_grid_completion/unet/per_dataset/fr3_long_office_household_lightswitch/artifacts/unet_c2f_a_fine05_coarse03/replicate_0.all_frames.tum.txt,/home/melody/code/individual_project/channel_selection_results/step_r_c2f_grid_completion/unet/per_dataset/fr3_long_office_household_lightswitch/artifacts/unet_c2f_a_fine05_coarse03/replicate_0.keyframes.tum.txt,/home/melody/code/individual_project/channel_selection_results/step_r_c2f_grid_completion/unet/per_dataset/fr3_long_office_household_lightswitch/artifacts/unet_c2f_a_fine05_coarse03/replicate_0.log,2026-08-26T01:16:44.848339+00:00
8,fr3_long_office_household_lightswitch,fr3_long_office_household,lightswitch,Step-Q:unet_c2f_a_f5_c4_positive_synergy,unet_c2f_a_fine05_coarse04,c2f,9,unet_c2f_a_f5_c4_positive_synergy,C2F-A positive synergy case: 12.8% lower fr1-lightswitch ATE than direct F5.,"unet:c2f:A:fine2,3,7,12,13:coarse0,5,6,18,30","[2, 3, 7, 12, 13, 0, 5, 6, 18, 30]",0,PASS,Completed the full matched RGB-D sequence,145.5951045419788,0,,,1341848067.8628,2486,2486,2488,0.9991961414790996,0.16222910645278985,0.12846010041611858,0.09345412182097779,0.5553365305687787,0.09907716983014478,6.7838875616234935,5.7061214514350915,12.460027074596118,0.006002339395678771,0.11427438802272807,0.25359240930977667,3.258758342876984,0.16211548848169538,0.12801087254751695,1.0029557630601482,0.13247836825085046,0.10228590825259717,1.0110538733494236,251,0.132478,0.102286,0.021116,2486,7.129628,21.095695,0,0.845,0.993,76350.0,0.031654,80,/home/melody/code/individual_project/channel_selection_results/step_q_c2f_multi_dataset_evaluation/unet/per_dataset/fr3_long_office_household_lightswitch/artifacts/unet_c2f_a_f5_c4_positive_synergy/replicate_0.all_frames.tum.txt,/home/melody/code/individual_project/channel_selection_results/step_q_c2f_multi_dataset_evaluation/unet/per_dataset/fr3_long_office_household_lightswitch/artifacts/unet_c2f_a_f5_c4_positive_synergy/replicate_0.keyframes.tum.txt,/home/melody/code/individual_project/channel_selection_results/step_q_c2f_multi_dataset_evaluation/unet/per_dataset/fr3_long_office_household_lightswitch/artifacts/unet_c2f_a_f5_c4_positive_synergy/replicate_0.log,2026-08-23T11:58:46.010009+00:00
8,fr3_long_office_household_lightswitch,fr3_long_office_household,lightswitch,Step-R:new,unet_c2f_b_fine01_coarse01,c2f,22,unet_c2f_b_fine01_coarse01,Step-R full-grid C2F-B; F1 × C1,"unet:c2f:B:fine2,3,7,12,13,14:coarse5,6,17,18,28,30","[2, 3, 7, 12, 13, 14, 5, 6, 17, 18, 28, 30]",0,PASS,Completed the full matched RGB-D sequence,136.36812741000176,0,,,1341848067.8628,2486,2486,2488,0.9991961414790996,0.13635110083273932,0.11421526852189448,0.09531959271095644,0.46212389066862675,0.07447479529862022,6.4704853600980545,5.905037496024184,10.705612455310412,0.005701359457515902,0.08642942578283098,0.2579416246247431,3.157427437839185,0.13633898487446391,0.11418899606841156,1.0008823974542624,0.11512726300628924,0.09796605613244622,1.006138232811976,251,0.115127,0.097966,0.017332,2486,8.261008499999999,17.4409095,0,0.846,0.9935,176300.0,0.010076,93,/home/melody/code/individual_project/channel_selection_results/step_r_c2f_grid_completion/unet/per_dataset/fr3_long_office_household_lightswitch/artifacts/unet_c2f_b_fine01_coarse01/replicate_0.all_frames.tum.txt,/home/melody/code/individual_project/channel_selection_results/step_r_c2f_grid_completion/unet/per_dataset/fr3_long_office_household_lightswitch/artifacts/unet_c2f_b_fine01_coarse01/replicate_0.keyframes.tum.txt,/home/melody/code/individual_project/channel_selection_results/step_r_c2f_grid_completion/unet/per_dataset/fr3_long_office_household_lightswitch/artifacts/unet_c2f_b_fine01_coarse01/replicate_0.log,2026-08-26T01:19:01.947553+00:00
8,fr3_long_office_household_lightswitch,fr3_long_office_household,lightswitch,Step-R:new,unet_c2f_b_fine01_coarse02,c2f,23,unet_c2f_b_fine01_coarse02,Step-R full-grid C2F-B; F1 × C2,"unet:c2f:B:fine2,3,7,12,13,14:coarse0,5,6,17,18,30","[2, 3, 7, 12, 13, 14, 0, 5, 6, 17, 18, 30]",0,PASS,Completed the full matched RGB-D sequence,133.19996673199785,0,,,1341848067.8628,2486,2486,2488,0.9991961414790996,0.1325841654394415,0.10924444488895799,0.07183932126528328,0.4088701407075,0.07512797206218606,4.464003341420583,4.151433476537075,6.8080149244791635,0.005410092026819003,0.10169050851963406,0.2718994991360173,6.4348224938723435,0.13257524881708083,0.10940997907529851,0.9992548462108005,0.10839808473357002,0.08915805983721226,1.0017490937517084,251,0.108398,0.089158,0.01305,2486,8.2636745,14.67995775,0,0.842,0.994,282000.0,0.010368,92,/home/melody/code/individual_project/channel_selection_results/step_r_c2f_grid_completion/unet/per_dataset/fr3_long_office_household_lightswitch/artifacts/unet_c2f_b_fine01_coarse02/replicate_0.all_frames.tum.txt,/home/melody/code/individual_project/channel_selection_results/step_r_c2f_grid_completion/unet/per_dataset/fr3_long_office_household_lightswitch/artifacts/unet_c2f_b_fine01_coarse02/replicate_0.keyframes.tum.txt,/home/melody/code/individual_project/channel_selection_results/step_r_c2f_grid_completion/unet/per_dataset/fr3_long_office_household_lightswitch/artifacts/unet_c2f_b_fine01_coarse02/replicate_0.log,2026-08-26T01:21:15.877709+00:00
8,fr3_long_office_household_lightswitch,fr3_long_office_household,lightswitch,Step-R:new,unet_c2f_b_fine01_coarse03,c2f,24,unet_c2f_b_fine01_coarse03,Step-R full-grid C2F-B; F1 × C3,"unet:c2f:B:fine2,3,7,12,13,14:coarse0,5,18,30","[2, 3, 7, 12, 13, 14, 0, 5, 18, 30]",0,PASS,Completed the full matched RGB-D sequence,132.6424952439993,0,,,1341848067.8628,2486,2486,2488,0.9991961414790996,0.2128437845012027,0.1655858773974649,0.12112475166364327,0.7198441034593648,0.13373030250211104,9.393358888614909,7.877851789677884,17.12971256597172,0.007063969563014264,0.168635005149936,0.2779966839392672,4.493920106715956,0.21244174381895187,0.1654163780299842,0.9936780821601279,0.1778075155761985,0.1352867133233235,1.0057052100542951,254,0.177808,0.135287,0.028004,2486,8.243826,11.2563745,0,0.846,0.993,199200.0,0.011972,92,/home/melody/code/individual_project/channel_selection_results/step_r_c2f_grid_completion/unet/per_dataset/fr3_long_office_household_lightswitch/artifacts/unet_c2f_b_fine01_coarse03/replicate_0.all_frames.tum.txt,/home/melody/code/individual_project/channel_selection_results/step_r_c2f_grid_completion/unet/per_dataset/fr3_long_office_household_lightswitch/artifacts/unet_c2f_b_fine01_coarse03/replicate_0.keyframes.tum.txt,/home/melody/code/individual_project/channel_selection_results/step_r_c2f_grid_completion/unet/per_dataset/fr3_long_office_household_lightswitch/artifacts/unet_c2f_b_fine01_coarse03/replicate_0.log,2026-08-26T01:23:29.264054+00:00
8,fr3_long_office_household_lightswitch,fr3_long_office_household,lightswitch,Step-R:new,unet_c2f_b_fine01_coarse04,c2f,25,unet_c2f_b_fine01_coarse04,Step-R full-grid C2F-B; F1 × C4,"unet:c2f:B:fine2,3,7,12,13,14:coarse0,5,6,18,30","[2, 3, 7, 12, 13, 14, 0, 5, 6, 18, 30]",0,PASS,Completed the full matched RGB-D sequence,133.08520562099875,0,,,1341848067.8628,2486,2486,2488,0.9991961414790996,0.15483333910194474,0.1269704881659078,0.10052430009447408,0.5041902800908864,0.08861071059623032,7.637862624621908,6.770600357238054,13.091456244276367,0.0061119912412274675,0.09611781346965861,0.26584397052710906,3.7624800054524776,0.15483289256990693,0.12696685405640942,0.9998195579465038,0.13272348254094957,0.11025118043258447,1.0076563249085095,253,0.132723,0.110251,0.021446,2486,8.2609075,13.9959255,0,0.839,0.994,220800.0,0.010584,93,/home/melody/code/individual_project/channel_selection_results/step_r_c2f_grid_completion/unet/per_dataset/fr3_long_office_household_lightswitch/artifacts/unet_c2f_b_fine01_coarse04/replicate_0.all_frames.tum.txt,/home/melody/code/individual_project/channel_selection_results/step_r_c2f_grid_completion/unet/per_dataset/fr3_long_office_household_lightswitch/artifacts/unet_c2f_b_fine01_coarse04/replicate_0.keyframes.tum.txt,/home/melody/code/individual_project/channel_selection_results/step_r_c2f_grid_completion/unet/per_dataset/fr3_long_office_household_lightswitch/artifacts/unet_c2f_b_fine01_coarse04/replicate_0.log,2026-08-26T01:25:43.095543+00:00
8,fr3_long_office_household_lightswitch,fr3_long_office_household,lightswitch,Step-R:new,unet_c2f_b_fine02_coarse01,c2f,26,unet_c2f_b_fine02_coarse01,Step-R full-grid C2F-B; F2 × C1,"unet:c2f:B:fine3,7,12:coarse5,6,17,18,28,30","[3, 7, 12, 5, 6, 17, 18, 28, 30]",0,PASS,Completed the full matched RGB-D sequence,135.51090811300674,0,,,1341848067.8628,2486,2486,2488,0.9991961414790996,0.16740344665703813,0.1407967697210712,0.10938071886040118,0.406593907314144,0.09055486507508838,4.885794041317077,4.635436598539913,7.645589761666138,0.004809828379816129,0.024281522559178113,0.2356099642963313,0.9585031401411984,0.16350796283044072,0.1405537987197596,0.9828676936518947,0.14409110931576863,0.12545814463770444,0.987413697700377,249,0.144091,0.125458,0.008774,2486,4.0523035,14.88513125,0,0.845,0.993,46190.0,0.008234,54,/home/melody/code/individual_project/channel_selection_results/step_r_c2f_grid_completion/unet/per_dataset/fr3_long_office_household_lightswitch/artifacts/unet_c2f_b_fine02_coarse01/replicate_0.all_frames.tum.txt,/home/melody/code/individual_project/channel_selection_results/step_r_c2f_grid_completion/unet/per_dataset/fr3_long_office_household_lightswitch/artifacts/unet_c2f_b_fine02_coarse01/replicate_0.keyframes.tum.txt,/home/melody/code/individual_project/channel_selection_results/step_r_c2f_grid_completion/unet/per_dataset/fr3_long_office_household_lightswitch/artifacts/unet_c2f_b_fine02_coarse01/replicate_0.log,2026-08-26T01:27:59.336318+00:00
8,fr3_long_office_household_lightswitch,fr3_long_office_household,lightswitch,Step-Q:unet_c2f_b_f2_c2_variant_contrast,unet_c2f_b_fine02_coarse02,c2f,10,unet_c2f_b_f2_c2_variant_contrast,"C2F-B schedule contrast: on fr1 lightswitch it is worse than direct F2, despite the same fine scale family.","unet:c2f:B:fine3,7,12:coarse0,5,6,17,18,30","[3, 7, 12, 0, 5, 6, 17, 18, 30]",0,PASS,Completed the full matched RGB-D sequence,138.4563172130147,0,,,1341848067.8628,2486,2486,2488,0.9991961414790996,0.16738851180613581,0.13687237346351355,0.10224876937297678,0.4137275391046614,0.0963580161021248,4.823641115731795,4.5466076777584385,7.45239911383588,0.004761534294714313,0.02441820129901498,0.23509415276723006,1.1193180387539257,0.16325826581295558,0.1374202650417134,0.9823750676010864,0.14148900537883535,0.11998087463991723,0.9867486234472423,250,0.141489,0.119981,0.008409,2486,4.0603005,12.53354775,0,0.845,0.993,44550.0,0.008168,54,/home/melody/code/individual_project/channel_selection_results/step_q_c2f_multi_dataset_evaluation/unet/per_dataset/fr3_long_office_household_lightswitch/artifacts/unet_c2f_b_f2_c2_variant_contrast/replicate_0.all_frames.tum.txt,/home/melody/code/individual_project/channel_selection_results/step_q_c2f_multi_dataset_evaluation/unet/per_dataset/fr3_long_office_household_lightswitch/artifacts/unet_c2f_b_f2_c2_variant_contrast/replicate_0.keyframes.tum.txt,/home/melody/code/individual_project/channel_selection_results/step_q_c2f_multi_dataset_evaluation/unet/per_dataset/fr3_long_office_household_lightswitch/artifacts/unet_c2f_b_f2_c2_variant_contrast/replicate_0.log,2026-08-23T12:01:05.211312+00:00
8,fr3_long_office_household_lightswitch,fr3_long_office_household,lightswitch,Step-R:new,unet_c2f_b_fine02_coarse03,c2f,27,unet_c2f_b_fine02_coarse03,Step-R full-grid C2F-B; F2 × C3,"unet:c2f:B:fine3,7,12:coarse0,5,18,30","[3, 7, 12, 0, 5, 18, 30]",0,PASS,Completed the full matched RGB-D sequence,133.1826428389977,0,,,1341848067.8628,2486,2486,2488,0.9991961414790996,0.1640742361581061,0.1349861760301061,0.12495089031306797,0.4993451427798341,0.09326889755773454,5.744010457245766,5.035960425986863,10.186938359646923,0.00547381493365359,0.08773553176761026,0.2533039804731504,3.3733649648042534,0.16138828694126733,0.1360894206302363,0.9858499118153392,0.13699837297788575,0.11711776486966059,0.9924040097466649,248,0.136998,0.117118,0.014436,2486,4.060703999999999,12.01557375,0,0.845,0.993,49830.0,0.008254,56,/home/melody/code/individual_project/channel_selection_results/step_r_c2f_grid_completion/unet/per_dataset/fr3_long_office_household_lightswitch/artifacts/unet_c2f_b_fine02_coarse03/replicate_0.all_frames.tum.txt,/home/melody/code/individual_project/channel_selection_results/step_r_c2f_grid_completion/unet/per_dataset/fr3_long_office_household_lightswitch/artifacts/unet_c2f_b_fine02_coarse03/replicate_0.keyframes.tum.txt,/home/melody/code/individual_project/channel_selection_results/step_r_c2f_grid_completion/unet/per_dataset/fr3_long_office_household_lightswitch/artifacts/unet_c2f_b_fine02_coarse03/replicate_0.log,2026-08-26T01:30:13.240226+00:00
8,fr3_long_office_household_lightswitch,fr3_long_office_household,lightswitch,Step-R:new,unet_c2f_b_fine02_coarse04,c2f,28,unet_c2f_b_fine02_coarse04,Step-R full-grid C2F-B; F2 × C4,"unet:c2f:B:fine3,7,12:coarse0,5,6,18,30","[3, 7, 12, 0, 5, 6, 18, 30]",0,PASS,Completed the full matched RGB-D sequence,133.0917447000029,0,,,1341848067.8628,2486,2486,2488,0.9991961414790996,0.16747774851803238,0.13452534453372056,0.09355690844130919,0.44846936431553625,0.09975834765448491,4.938880666812037,4.561049045909948,7.727277958287618,0.004792813858476183,0.024436434716138503,0.2359135680840795,0.9474955759360778,0.1637052806993536,0.13532470103691113,0.9831288475056805,0.13868249621744547,0.11610269552043508,0.9868452054091359,250,0.138682,0.116103,0.00918,2486,4.061449,14.785818500000001,0,0.845,0.993,49750.0,0.007579,53,/home/melody/code/individual_project/channel_selection_results/step_r_c2f_grid_completion/unet/per_dataset/fr3_long_office_household_lightswitch/artifacts/unet_c2f_b_fine02_coarse04/replicate_0.all_frames.tum.txt,/home/melody/code/individual_project/channel_selection_results/step_r_c2f_grid_completion/unet/per_dataset/fr3_long_office_household_lightswitch/artifacts/unet_c2f_b_fine02_coarse04/replicate_0.keyframes.tum.txt,/home/melody/code/individual_project/channel_selection_results/step_r_c2f_grid_completion/unet/per_dataset/fr3_long_office_household_lightswitch/artifacts/unet_c2f_b_fine02_coarse04/replicate_0.log,2026-08-26T01:32:27.057095+00:00
8,fr3_long_office_household_lightswitch,fr3_long_office_household,lightswitch,Step-R:new,unet_c2f_b_fine03_coarse01,c2f,29,unet_c2f_b_fine03_coarse01,Step-R full-grid C2F-B; F3 × C1,"unet:c2f:B:fine2,3,12,14:coarse5,6,17,18,28,30","[2, 3, 12, 14, 5, 6, 17, 18, 28, 30]",0,PASS,Completed the full matched RGB-D sequence,135.88422162499774,0,,,1341848067.8628,2486,2486,2488,0.9991961414790996,0.15953748458075795,0.13107509534203501,0.09493033135585041,0.4074189839111773,0.09094794317318018,4.704283517343601,4.445616257464893,7.562657866768408,0.004799740830437129,0.026965347317817134,0.23717648857899346,0.94715604493018,0.15634145575754044,0.13196265275084262,0.9848125051750545,0.13572043472262568,0.11570307819914533,0.9887536280846096,251,0.13572,0.115703,0.008875,2486,5.377122999999999,12.8376495,0,0.845,0.993,35320.0,0.006139,71,/home/melody/code/individual_project/channel_selection_results/step_r_c2f_grid_completion/unet/per_dataset/fr3_long_office_household_lightswitch/artifacts/unet_c2f_b_fine03_coarse01/replicate_0.all_frames.tum.txt,/home/melody/code/individual_project/channel_selection_results/step_r_c2f_grid_completion/unet/per_dataset/fr3_long_office_household_lightswitch/artifacts/unet_c2f_b_fine03_coarse01/replicate_0.keyframes.tum.txt,/home/melody/code/individual_project/channel_selection_results/step_r_c2f_grid_completion/unet/per_dataset/fr3_long_office_household_lightswitch/artifacts/unet_c2f_b_fine03_coarse01/replicate_0.log,2026-08-26T01:34:43.661041+00:00
8,fr3_long_office_household_lightswitch,fr3_long_office_household,lightswitch,Step-R:new,unet_c2f_b_fine03_coarse02,c2f,30,unet_c2f_b_fine03_coarse02,Step-R full-grid C2F-B; F3 × C2,"unet:c2f:B:fine2,3,12,14:coarse0,5,6,17,18,30","[2, 3, 12, 14, 0, 5, 6, 17, 18, 30]",0,PASS,Completed the full matched RGB-D sequence,133.62448335299996,0,,,1341848067.8628,2486,2486,2488,0.9991961414790996,0.17515971605286149,0.14274793049238002,0.09640436053585626,0.4391777174260538,0.10150839604614838,5.099259310195215,4.802692720061584,7.9084555071997205,0.004741388574844192,0.025575115401251583,0.23501769837619574,0.9417651516359227,0.1715194712249677,0.14391135552098316,0.9830401480794805,0.14771061729616955,0.12508322534245683,0.9874593099513126,250,0.147711,0.125083,0.008976,2486,5.36816,13.137397,0,0.845,0.993,35350.0,0.006115,71,/home/melody/code/individual_project/channel_selection_results/step_r_c2f_grid_completion/unet/per_dataset/fr3_long_office_household_lightswitch/artifacts/unet_c2f_b_fine03_coarse02/replicate_0.all_frames.tum.txt,/home/melody/code/individual_project/channel_selection_results/step_r_c2f_grid_completion/unet/per_dataset/fr3_long_office_household_lightswitch/artifacts/unet_c2f_b_fine03_coarse02/replicate_0.keyframes.tum.txt,/home/melody/code/individual_project/channel_selection_results/step_r_c2f_grid_completion/unet/per_dataset/fr3_long_office_household_lightswitch/artifacts/unet_c2f_b_fine03_coarse02/replicate_0.log,2026-08-26T01:36:57.992995+00:00
8,fr3_long_office_household_lightswitch,fr3_long_office_household,lightswitch,Step-R:new,unet_c2f_b_fine03_coarse03,c2f,31,unet_c2f_b_fine03_coarse03,Step-R full-grid C2F-B; F3 × C3,"unet:c2f:B:fine2,3,12,14:coarse0,5,18,30","[2, 3, 12, 14, 0, 5, 18, 30]",0,PASS,Completed the full matched RGB-D sequence,134.00556067800062,0,,,1341848067.8628,2486,2486,2488,0.9991961414790996,0.1758943840301492,0.14394017404977652,0.10137393406234052,0.44573393687354124,0.10109431550718195,5.3149588327872,4.9973625740322305,7.932532445685196,0.0048648679004716765,0.031113552210510542,0.23795773395445755,1.1460637215871528,0.17216952389693627,0.1450830440781833,0.9828134527945313,0.14786775197953042,0.12569662008707055,0.9875095319674688,251,0.147868,0.125697,0.009548,2486,5.3663705,13.138268,0,0.845,0.993,35460.0,0.007342,71,/home/melody/code/individual_project/channel_selection_results/step_r_c2f_grid_completion/unet/per_dataset/fr3_long_office_household_lightswitch/artifacts/unet_c2f_b_fine03_coarse03/replicate_0.all_frames.tum.txt,/home/melody/code/individual_project/channel_selection_results/step_r_c2f_grid_completion/unet/per_dataset/fr3_long_office_household_lightswitch/artifacts/unet_c2f_b_fine03_coarse03/replicate_0.keyframes.tum.txt,/home/melody/code/individual_project/channel_selection_results/step_r_c2f_grid_completion/unet/per_dataset/fr3_long_office_household_lightswitch/artifacts/unet_c2f_b_fine03_coarse03/replicate_0.log,2026-08-26T01:39:12.722054+00:00
8,fr3_long_office_household_lightswitch,fr3_long_office_household,lightswitch,Step-R:new,unet_c2f_b_fine03_coarse04,c2f,32,unet_c2f_b_fine03_coarse04,Step-R full-grid C2F-B; F3 × C4,"unet:c2f:B:fine2,3,12,14:coarse0,5,6,18,30","[2, 3, 12, 14, 0, 5, 6, 18, 30]",0,PASS,Completed the full matched RGB-D sequence,134.10254044299654,0,,,1341848067.8628,2486,2486,2488,0.9991961414790996,0.16944603233399763,0.138079004848784,0.09699983558856197,0.4378875698172973,0.09821479671466851,5.0845858730588676,4.75978599079738,7.8812149864077545,0.004797666669788627,0.02793098739532254,0.23668123561834326,0.9857196608360485,0.16616360787635218,0.13926961782212996,0.9841400971515255,0.14303916905965555,0.12093026388259276,0.9884247880188644,251,0.143039,0.12093,0.00945,2486,5.3681035,14.54973,0,0.845,0.993,35400.0,0.006107,71,/home/melody/code/individual_project/channel_selection_results/step_r_c2f_grid_completion/unet/per_dataset/fr3_long_office_household_lightswitch/artifacts/unet_c2f_b_fine03_coarse04/replicate_0.all_frames.tum.txt,/home/melody/code/individual_project/channel_selection_results/step_r_c2f_grid_completion/unet/per_dataset/fr3_long_office_household_lightswitch/artifacts/unet_c2f_b_fine03_coarse04/replicate_0.keyframes.tum.txt,/home/melody/code/individual_project/channel_selection_results/step_r_c2f_grid_completion/unet/per_dataset/fr3_long_office_household_lightswitch/artifacts/unet_c2f_b_fine03_coarse04/replicate_0.log,2026-08-26T01:41:27.545295+00:00
8,fr3_long_office_household_lightswitch,fr3_long_office_household,lightswitch,Step-R:new,unet_c2f_b_fine04_coarse01,c2f,33,unet_c2f_b_fine04_coarse01,Step-R full-grid C2F-B; F4 × C1,"unet:c2f:B:fine2,4,6:coarse5,6,17,18,28,30","[2, 4, 6, 5, 6, 17, 18, 28, 30]",0,PASS,Completed the full matched RGB-D sequence,143.49820747799822,0,,,1341848067.8628,2486,2486,2488,0.9991961414790996,0.19615055387918032,0.16306051377152045,0.1350808122407124,0.4317562531858937,0.10902434882023843,4.5670088817783325,4.359399779214768,7.795142080944068,0.004719725365385047,0.04241503942291616,0.2415062530343499,1.3166074974553248,0.18888035677207424,0.16173097185763613,0.9749309965159533,0.16783599409149383,0.1436842472537214,0.979591770517139,253,0.167836,0.143684,0.00907,2486,6.1043645,17.400455,0,0.845,0.993,25660.0,0.004754,54,/home/melody/code/individual_project/channel_selection_results/step_r_c2f_grid_completion/unet/per_dataset/fr3_long_office_household_lightswitch/artifacts/unet_c2f_b_fine04_coarse01/replicate_0.all_frames.tum.txt,/home/melody/code/individual_project/channel_selection_results/step_r_c2f_grid_completion/unet/per_dataset/fr3_long_office_household_lightswitch/artifacts/unet_c2f_b_fine04_coarse01/replicate_0.keyframes.tum.txt,/home/melody/code/individual_project/channel_selection_results/step_r_c2f_grid_completion/unet/per_dataset/fr3_long_office_household_lightswitch/artifacts/unet_c2f_b_fine04_coarse01/replicate_0.log,2026-08-26T01:43:51.779648+00:00
8,fr3_long_office_household_lightswitch,fr3_long_office_household,lightswitch,Step-R:new,unet_c2f_b_fine04_coarse02,c2f,34,unet_c2f_b_fine04_coarse02,Step-R full-grid C2F-B; F4 × C2,"unet:c2f:B:fine2,4,6:coarse0,5,6,17,18,30","[2, 4, 6, 0, 5, 6, 17, 18, 30]",0,PASS,Completed the full matched RGB-D sequence,139.8473857680001,0,,,1341848067.8628,2486,2486,2488,0.9991961414790996,0.2052367379680532,0.1707987359176597,0.1549529609268115,0.44059447095304666,0.11379767317786806,4.671694073994757,4.456237263383027,7.894566754955005,0.0047695361059845575,0.04875069671812438,0.24457035997504165,1.3686059648434952,0.19661504811278493,0.16894426310127605,0.9721791284713929,0.17481839177885503,0.14957528108232054,0.976976254251892,252,0.174818,0.149575,0.010438,2486,6.118003,17.171000499999998,0,0.845,0.993,26280.0,0.005665,53,/home/melody/code/individual_project/channel_selection_results/step_r_c2f_grid_completion/unet/per_dataset/fr3_long_office_household_lightswitch/artifacts/unet_c2f_b_fine04_coarse02/replicate_0.all_frames.tum.txt,/home/melody/code/individual_project/channel_selection_results/step_r_c2f_grid_completion/unet/per_dataset/fr3_long_office_household_lightswitch/artifacts/unet_c2f_b_fine04_coarse02/replicate_0.keyframes.tum.txt,/home/melody/code/individual_project/channel_selection_results/step_r_c2f_grid_completion/unet/per_dataset/fr3_long_office_household_lightswitch/artifacts/unet_c2f_b_fine04_coarse02/replicate_0.log,2026-08-26T01:46:12.348926+00:00
8,fr3_long_office_household_lightswitch,fr3_long_office_household,lightswitch,Step-R:new,unet_c2f_b_fine04_coarse03,c2f,35,unet_c2f_b_fine04_coarse03,Step-R full-grid C2F-B; F4 × C3,"unet:c2f:B:fine2,4,6:coarse0,5,18,30","[2, 4, 6, 0, 5, 18, 30]",0,PASS,Completed the full matched RGB-D sequence,139.58457002799696,0,,,1341848067.8628,2486,2486,2488,0.9991961414790996,0.2496138490341132,0.20082537562828934,0.15965773900129515,0.5999220453579556,0.14824386035644632,6.4393744183161115,5.756905947637326,11.582418111335283,0.005227309913178631,0.10409513565913198,0.2587151542622818,3.9371899532314782,0.23979320065488602,0.20096259192282806,0.9673230623218031,0.2097396208097719,0.17541711470309826,0.9749405458147187,251,0.20974,0.175417,0.011842,2486,6.124066,12.4622005,0,0.844,0.993,28990.0,0.005243,56,/home/melody/code/individual_project/channel_selection_results/step_r_c2f_grid_completion/unet/per_dataset/fr3_long_office_household_lightswitch/artifacts/unet_c2f_b_fine04_coarse03/replicate_0.all_frames.tum.txt,/home/melody/code/individual_project/channel_selection_results/step_r_c2f_grid_completion/unet/per_dataset/fr3_long_office_household_lightswitch/artifacts/unet_c2f_b_fine04_coarse03/replicate_0.keyframes.tum.txt,/home/melody/code/individual_project/channel_selection_results/step_r_c2f_grid_completion/unet/per_dataset/fr3_long_office_household_lightswitch/artifacts/unet_c2f_b_fine04_coarse03/replicate_0.log,2026-08-26T01:48:32.663770+00:00
8,fr3_long_office_household_lightswitch,fr3_long_office_household,lightswitch,Step-R:new,unet_c2f_b_fine04_coarse04,c2f,36,unet_c2f_b_fine04_coarse04,Step-R full-grid C2F-B; F4 × C4,"unet:c2f:B:fine2,4,6:coarse0,5,6,18,30","[2, 4, 6, 0, 5, 6, 18, 30]",0,PASS,Completed the full matched RGB-D sequence,138.75138738100213,0,,,1341848067.8628,2486,2486,2488,0.9991961414790996,0.1957634286072347,0.16190961341614954,0.1337575800518403,0.44887300832762894,0.11003907062263334,4.558647430374271,4.34498537043745,8.123359309235688,0.004580701825772384,0.026909800018200303,0.23993907842756815,1.011057597159131,0.18879182379880396,0.16083126451361487,0.975453316101929,0.16685289474101986,0.14247898589667918,0.9797817961162146,253,0.166853,0.142479,0.009386,2486,6.1070725,20.066482750000002,0,0.845,0.993,25550.0,0.005617,55,/home/melody/code/individual_project/channel_selection_results/step_r_c2f_grid_completion/unet/per_dataset/fr3_long_office_household_lightswitch/artifacts/unet_c2f_b_fine04_coarse04/replicate_0.all_frames.tum.txt,/home/melody/code/individual_project/channel_selection_results/step_r_c2f_grid_completion/unet/per_dataset/fr3_long_office_household_lightswitch/artifacts/unet_c2f_b_fine04_coarse04/replicate_0.keyframes.tum.txt,/home/melody/code/individual_project/channel_selection_results/step_r_c2f_grid_completion/unet/per_dataset/fr3_long_office_household_lightswitch/artifacts/unet_c2f_b_fine04_coarse04/replicate_0.log,2026-08-26T01:50:52.144567+00:00
8,fr3_long_office_household_lightswitch,fr3_long_office_household,lightswitch,Step-R:new,unet_c2f_b_fine05_coarse01,c2f,37,unet_c2f_b_fine05_coarse01,Step-R full-grid C2F-B; F5 × C1,"unet:c2f:B:fine2,3,7,12,13:coarse5,6,17,18,28,30","[2, 3, 7, 12, 13, 5, 6, 17, 18, 28, 30]",0,PASS,Completed the full matched RGB-D sequence,135.86625682799786,0,,,1341848067.8628,2486,2486,2488,0.9991961414790996,0.13571873453109312,0.11779951981325368,0.10399705249122884,0.3814874513419746,0.06740065307167412,4.456120161072492,4.218554710387453,6.780727115983081,0.005014877488621862,0.051876256133761234,0.24239038885086475,2.093017936848285,0.13336144712321038,0.11762223861590082,0.9879329472653777,0.1164028764934498,0.10471275758930051,0.9908725121767448,252,0.116403,0.104713,0.011037,2486,7.130228499999999,10.44297175,0,0.842,0.993,93140.0,0.010746,77,/home/melody/code/individual_project/channel_selection_results/step_r_c2f_grid_completion/unet/per_dataset/fr3_long_office_household_lightswitch/artifacts/unet_c2f_b_fine05_coarse01/replicate_0.all_frames.tum.txt,/home/melody/code/individual_project/channel_selection_results/step_r_c2f_grid_completion/unet/per_dataset/fr3_long_office_household_lightswitch/artifacts/unet_c2f_b_fine05_coarse01/replicate_0.keyframes.tum.txt,/home/melody/code/individual_project/channel_selection_results/step_r_c2f_grid_completion/unet/per_dataset/fr3_long_office_household_lightswitch/artifacts/unet_c2f_b_fine05_coarse01/replicate_0.log,2026-08-26T01:53:08.723042+00:00
8,fr3_long_office_household_lightswitch,fr3_long_office_household,lightswitch,Step-R:new,unet_c2f_b_fine05_coarse02,c2f,38,unet_c2f_b_fine05_coarse02,Step-R full-grid C2F-B; F5 × C2,"unet:c2f:B:fine2,3,7,12,13:coarse0,5,6,17,18,30","[2, 3, 7, 12, 13, 0, 5, 6, 17, 18, 30]",0,PASS,Completed the full matched RGB-D sequence,134.0522305659979,0,,,1341848067.8628,2486,2486,2488,0.9991961414790996,0.1275403978346582,0.11097832111804304,0.09951015412732117,0.33522994738174067,0.06285193172563122,4.032412850545013,3.7896301579302736,6.259749699387219,0.004865257243765448,0.03414029716275943,0.23729301756767623,1.288662528755318,0.12504105938644539,0.11076843897973689,0.9879643000449048,0.11105130406234481,0.1000415678282065,0.9911234682149803,252,0.111051,0.100042,0.010771,2486,7.133563,14.64052825,0,0.846,0.994,80600.0,0.009249,80,/home/melody/code/individual_project/channel_selection_results/step_r_c2f_grid_completion/unet/per_dataset/fr3_long_office_household_lightswitch/artifacts/unet_c2f_b_fine05_coarse02/replicate_0.all_frames.tum.txt,/home/melody/code/individual_project/channel_selection_results/step_r_c2f_grid_completion/unet/per_dataset/fr3_long_office_household_lightswitch/artifacts/unet_c2f_b_fine05_coarse02/replicate_0.keyframes.tum.txt,/home/melody/code/individual_project/channel_selection_results/step_r_c2f_grid_completion/unet/per_dataset/fr3_long_office_household_lightswitch/artifacts/unet_c2f_b_fine05_coarse02/replicate_0.log,2026-08-26T01:55:23.505606+00:00
8,fr3_long_office_household_lightswitch,fr3_long_office_household,lightswitch,Step-R:new,unet_c2f_b_fine05_coarse03,c2f,39,unet_c2f_b_fine05_coarse03,Step-R full-grid C2F-B; F5 × C3,"unet:c2f:B:fine2,3,7,12,13:coarse0,5,18,30","[2, 3, 7, 12, 13, 0, 5, 18, 30]",0,PASS,Completed the full matched RGB-D sequence,132.854756464003,0,,,1341848067.8628,2486,2486,2488,0.9991961414790996,0.2082718032166264,0.1733635748239103,0.15678581493876606,0.6071019966690391,0.11542189973908593,7.142596198061896,6.158495959636822,13.050234189390183,0.005752941780586887,0.11674796976513097,0.2583554388366593,4.166745921825053,0.20436333383201644,0.17443612016641644,0.9808424257576769,0.17736992709424784,0.15275849216810525,0.9890414125330452,251,0.17737,0.152758,0.018582,2486,7.1278245,12.0985785,0,0.845,0.994,78940.0,0.009073,82,/home/melody/code/individual_project/channel_selection_results/step_r_c2f_grid_completion/unet/per_dataset/fr3_long_office_household_lightswitch/artifacts/unet_c2f_b_fine05_coarse03/replicate_0.all_frames.tum.txt,/home/melody/code/individual_project/channel_selection_results/step_r_c2f_grid_completion/unet/per_dataset/fr3_long_office_household_lightswitch/artifacts/unet_c2f_b_fine05_coarse03/replicate_0.keyframes.tum.txt,/home/melody/code/individual_project/channel_selection_results/step_r_c2f_grid_completion/unet/per_dataset/fr3_long_office_household_lightswitch/artifacts/unet_c2f_b_fine05_coarse03/replicate_0.log,2026-08-26T01:57:37.085540+00:00
8,fr3_long_office_household_lightswitch,fr3_long_office_household,lightswitch,Step-R:new,unet_c2f_b_fine05_coarse04,c2f,40,unet_c2f_b_fine05_coarse04,Step-R full-grid C2F-B; F5 × C4,"unet:c2f:B:fine2,3,7,12,13:coarse0,5,6,18,30","[2, 3, 7, 12, 13, 0, 5, 6, 18, 30]",0,PASS,Completed the full matched RGB-D sequence,132.55360505299905,0,,,1341848067.8628,2486,2486,2488,0.9991961414790996,0.1402084965980217,0.12055986379135876,0.10346435671201726,0.36846171229560776,0.07158031685377265,4.21699520546073,3.951421324027051,6.570459489057105,0.004913297878433072,0.037446952562653305,0.2367775471281529,1.0941245597746732,0.1368586741746798,0.12013780485473943,0.9854384428990763,0.12045576305349243,0.10731449179466361,0.9886049014207829,252,0.120456,0.107314,0.011326,2486,7.128216,10.08644425,0,0.846,0.994,79340.0,0.008921,80,/home/melody/code/individual_project/channel_selection_results/step_r_c2f_grid_completion/unet/per_dataset/fr3_long_office_household_lightswitch/artifacts/unet_c2f_b_fine05_coarse04/replicate_0.all_frames.tum.txt,/home/melody/code/individual_project/channel_selection_results/step_r_c2f_grid_completion/unet/per_dataset/fr3_long_office_household_lightswitch/artifacts/unet_c2f_b_fine05_coarse04/replicate_0.keyframes.tum.txt,/home/melody/code/individual_project/channel_selection_results/step_r_c2f_grid_completion/unet/per_dataset/fr3_long_office_household_lightswitch/artifacts/unet_c2f_b_fine05_coarse04/replicate_0.log,2026-08-26T01:59:50.357522+00:00
9,fr3_long_office_household_flashlight,fr3_long_office_household,flashlight,Step-Q:unet_enc0_direct_f1_d02_d03_d07_d12_d13_d14,unet_direct_fine01,direct_fine,4,unet_enc0_direct_f1_d02_d03_d07_d12_d13_d14,Direct fine parent F1: global direct U-Net optimum on fr1/desk_lightswitch.,"unet:direct:enc0:2,3,7,12,13,14","[2, 3, 7, 12, 13, 14]",0,PASS,Completed the full matched RGB-D sequence,126.55036914200173,0,,,1341848067.8628,2486,2486,2488,0.9991961414790996,0.13308940820132562,0.11202607737010806,0.08261470705587005,0.2750346283286466,0.07185366075883431,3.7004290333085814,3.5171339011181355,5.672359633173015,0.004592890055866716,0.024762335618857302,0.2321377588216331,0.933994549425096,0.13017608131318148,0.11179034433598677,0.9867479955307323,0.11603092091049763,0.1003730577049118,0.9903316717801331,254,0.116031,0.100373,0.006844,2486,8.4465955,10.0285405,0,0.845,0.993,21010.0,0.006139,0,/home/melody/code/individual_project/channel_selection_results/step_q_c2f_multi_dataset_evaluation/unet/per_dataset/fr3_long_office_household_flashlight/artifacts/unet_enc0_direct_f1_d02_d03_d07_d12_d13_d14/replicate_0.all_frames.tum.txt,/home/melody/code/individual_project/channel_selection_results/step_q_c2f_multi_dataset_evaluation/unet/per_dataset/fr3_long_office_household_flashlight/artifacts/unet_enc0_direct_f1_d02_d03_d07_d12_d13_d14/replicate_0.keyframes.tum.txt,/home/melody/code/individual_project/channel_selection_results/step_q_c2f_multi_dataset_evaluation/unet/per_dataset/fr3_long_office_household_flashlight/artifacts/unet_enc0_direct_f1_d02_d03_d07_d12_d13_d14/replicate_0.log,2026-08-23T12:10:15.545579+00:00
9,fr3_long_office_household_flashlight,fr3_long_office_household,flashlight,Step-Q:unet_enc0_direct_f2_d03_d07_d12,unet_direct_fine02,direct_fine,5,unet_enc0_direct_f2_d03_d07_d12,Direct fine parent F2: the three-channel near-optimum.,"unet:direct:enc0:3,7,12","[3, 7, 12]",0,PASS,Completed the full matched RGB-D sequence,126.05691938198288,0,,,1341848067.8628,2486,2486,2488,0.9991961414790996,0.14226296702889416,0.11831846175978342,0.08313037404911308,0.2900625470064824,0.07899046394763674,3.9156509133940163,3.7236111628917232,5.836627657220044,0.004632802963026931,0.024902199259703436,0.23149190826855,0.947849270437334,0.13910291983325743,0.11836146528771085,0.9857422043046165,0.12297112619020228,0.10469302220694017,0.9893276335740491,253,0.122971,0.104693,0.007187,2486,4.1590575,5.07372175,0,0.855,0.993,21550.0,0.003227,0,/home/melody/code/individual_project/channel_selection_results/step_q_c2f_multi_dataset_evaluation/unet/per_dataset/fr3_long_office_household_flashlight/artifacts/unet_enc0_direct_f2_d03_d07_d12/replicate_0.all_frames.tum.txt,/home/melody/code/individual_project/channel_selection_results/step_q_c2f_multi_dataset_evaluation/unet/per_dataset/fr3_long_office_household_flashlight/artifacts/unet_enc0_direct_f2_d03_d07_d12/replicate_0.keyframes.tum.txt,/home/melody/code/individual_project/channel_selection_results/step_q_c2f_multi_dataset_evaluation/unet/per_dataset/fr3_long_office_household_flashlight/artifacts/unet_enc0_direct_f2_d03_d07_d12/replicate_0.log,2026-08-23T12:12:22.327607+00:00
9,fr3_long_office_household_flashlight,fr3_long_office_household,flashlight,Step-R:new,unet_direct_fine03,direct_fine,1,unet_direct_fine03,Step-R direct fine rank 3,"unet:direct:enc0:2,3,12,14","[2, 3, 12, 14]",0,PASS,Completed the full matched RGB-D sequence,122.71831114599627,0,,,1341848067.8628,2486,2486,2488,0.9991961414790996,0.1370622604184657,0.11442257698858022,0.07863075191954984,0.2812856226342586,0.07545553065423201,3.9491275268503867,3.7617197855516085,5.910086852711405,0.004606983385818344,0.0249919808634619,0.23392782706202375,0.9671252531984771,0.13453288626965793,0.11457405971401116,0.9874476720684641,0.11876454775629264,0.1014568923190912,0.9911504712813355,253,0.118765,0.101457,0.007285,2486,5.5773315,6.71554275,0,0.855,0.993,18130.0,0.004545,0,/home/melody/code/individual_project/channel_selection_results/step_r_c2f_grid_completion/unet/per_dataset/fr3_long_office_household_flashlight/artifacts/unet_direct_fine03/replicate_0.all_frames.tum.txt,/home/melody/code/individual_project/channel_selection_results/step_r_c2f_grid_completion/unet/per_dataset/fr3_long_office_household_flashlight/artifacts/unet_direct_fine03/replicate_0.keyframes.tum.txt,/home/melody/code/individual_project/channel_selection_results/step_r_c2f_grid_completion/unet/per_dataset/fr3_long_office_household_flashlight/artifacts/unet_direct_fine03/replicate_0.log,2026-08-26T02:01:54.209848+00:00
9,fr3_long_office_household_flashlight,fr3_long_office_household,flashlight,Step-R:new,unet_direct_fine04,direct_fine,2,unet_direct_fine04,Step-R direct fine rank 4,"unet:direct:enc0:2,4,6","[2, 4, 6]",0,PASS,Completed the full matched RGB-D sequence,128.0093681340004,0,,,1341848067.8628,2486,2486,2488,0.9991961414790996,0.11308799694851263,0.09942597029781926,0.0785405869210751,0.23644845621494134,0.05388294242303369,3.502408328325321,3.3584024946710693,5.817910077320899,0.004344365033183107,0.02358496483888781,0.23808464695406012,1.0616770987024222,0.11145281341242519,0.0989982439649077,0.9907982805673188,0.10150853969942279,0.09123789596264655,0.9940867868984442,255,0.101509,0.091238,0.006793,2486,6.3360535,8.07894925,0,0.854,0.993,13620.0,0.004556,7,/home/melody/code/individual_project/channel_selection_results/step_r_c2f_grid_completion/unet/per_dataset/fr3_long_office_household_flashlight/artifacts/unet_direct_fine04/replicate_0.all_frames.tum.txt,/home/melody/code/individual_project/channel_selection_results/step_r_c2f_grid_completion/unet/per_dataset/fr3_long_office_household_flashlight/artifacts/unet_direct_fine04/replicate_0.keyframes.tum.txt,/home/melody/code/individual_project/channel_selection_results/step_r_c2f_grid_completion/unet/per_dataset/fr3_long_office_household_flashlight/artifacts/unet_direct_fine04/replicate_0.log,2026-08-26T02:04:02.941665+00:00
9,fr3_long_office_household_flashlight,fr3_long_office_household,flashlight,Step-Q:unet_enc0_direct_f5_d02_d03_d07_d12_d13,unet_direct_fine05,direct_fine,6,unet_enc0_direct_f5_d02_d03_d07_d12_d13,"Direct fine parent F5, included because it has the clearest positive C2F synergy.","unet:direct:enc0:2,3,7,12,13","[2, 3, 7, 12, 13]",0,PASS,Completed the full matched RGB-D sequence,127.06502621702384,0,,,1341848067.8628,2486,2486,2488,0.9991961414790996,0.12814396369843153,0.108315990016131,0.08381372586390454,0.26926724308533395,0.06847278100946645,3.5682773708683904,3.3982234495640236,5.444645770830613,0.004616172535601171,0.024603198402725075,0.23198240564435146,0.9505041998386818,0.12532637335166005,0.10814536244878398,0.9872081979636618,0.1119634192453653,0.09746138823636229,0.9904921542394077,253,0.111963,0.097461,0.00698,2486,7.2141375,8.643842750000001,0,0.845,0.993,22560.0,0.005408,0,/home/melody/code/individual_project/channel_selection_results/step_q_c2f_multi_dataset_evaluation/unet/per_dataset/fr3_long_office_household_flashlight/artifacts/unet_enc0_direct_f5_d02_d03_d07_d12_d13/replicate_0.all_frames.tum.txt,/home/melody/code/individual_project/channel_selection_results/step_q_c2f_multi_dataset_evaluation/unet/per_dataset/fr3_long_office_household_flashlight/artifacts/unet_enc0_direct_f5_d02_d03_d07_d12_d13/replicate_0.keyframes.tum.txt,/home/melody/code/individual_project/channel_selection_results/step_q_c2f_multi_dataset_evaluation/unet/per_dataset/fr3_long_office_household_flashlight/artifacts/unet_enc0_direct_f5_d02_d03_d07_d12_d13/replicate_0.log,2026-08-23T12:14:30.126925+00:00
9,fr3_long_office_household_flashlight,fr3_long_office_household,flashlight,Step-R:new,unet_direct_coarse01,direct_coarse,3,unet_direct_coarse01,Step-R direct coarse rank 1,"unet:direct:enc1:5,6,17,18,28,30","[5, 6, 17, 18, 28, 30]",0,PASS,Completed the full matched RGB-D sequence,146.2535512050017,0,,,1341848067.8628,2486,2486,2488,0.9991961414790996,0.19733938674024826,0.16592018886802776,0.10411654682908464,0.41185828829834814,0.10683316191621056,6.1480830477818,5.827180674774527,9.205932641402887,0.004667123773993407,0.02743934590405714,0.23580087892510498,1.0423532312116064,0.19487072653006446,0.16688754806455786,0.9850985012086924,0.17290958915326796,0.14959180074622674,0.9905920416049065,249,0.17291,0.149592,0.007358,2486,31.935982000000003,52.72634875,0,0.844,0.993,9666.0,0.005992,4,/home/melody/code/individual_project/channel_selection_results/step_r_c2f_grid_completion/unet/per_dataset/fr3_long_office_household_flashlight/artifacts/unet_direct_coarse01/replicate_0.all_frames.tum.txt,/home/melody/code/individual_project/channel_selection_results/step_r_c2f_grid_completion/unet/per_dataset/fr3_long_office_household_flashlight/artifacts/unet_direct_coarse01/replicate_0.keyframes.tum.txt,/home/melody/code/individual_project/channel_selection_results/step_r_c2f_grid_completion/unet/per_dataset/fr3_long_office_household_flashlight/artifacts/unet_direct_coarse01/replicate_0.log,2026-08-26T02:06:29.912119+00:00
9,fr3_long_office_household_flashlight,fr3_long_office_household,flashlight,Step-Q:unet_enc1_direct_c2_d00_d05_d06_d17_d18_d30,unet_direct_coarse02,direct_coarse,3,unet_enc1_direct_c2_d00_d05_d06_d17_d18_d30,"Direct coarse parent C2, needed to interpret the C2F-B schedule contrast.","unet:direct:enc1:0,5,6,17,18,30","[0, 5, 6, 17, 18, 30]",0,PASS,Completed the full matched RGB-D sequence,147.41512350999983,0,,,1341848067.8628,2486,2486,2488,0.9991961414790996,0.17294937085347012,0.14452175511436743,0.09768857064597279,0.3718513814830007,0.09499972198524556,5.190515960516256,4.921741420972819,7.949275324335487,0.004896170819009152,0.02490066581658002,0.23103721961389695,0.9310515014087353,0.17044810341443203,0.14525918102122015,0.9859672126986078,0.15051845193509783,0.12976314578732462,0.990613964307911,248,0.150518,0.129763,0.007571,2486,17.6339225,24.4494885,0,0.844,0.993,13900.0,0.008686,8,/home/melody/code/individual_project/channel_selection_results/step_q_c2f_multi_dataset_evaluation/unet/per_dataset/fr3_long_office_household_flashlight/artifacts/unet_enc1_direct_c2_d00_d05_d06_d17_d18_d30/replicate_0.all_frames.tum.txt,/home/melody/code/individual_project/channel_selection_results/step_q_c2f_multi_dataset_evaluation/unet/per_dataset/fr3_long_office_household_flashlight/artifacts/unet_enc1_direct_c2_d00_d05_d06_d17_d18_d30/replicate_0.keyframes.tum.txt,/home/melody/code/individual_project/channel_selection_results/step_q_c2f_multi_dataset_evaluation/unet/per_dataset/fr3_long_office_household_flashlight/artifacts/unet_enc1_direct_c2_d00_d05_d06_d17_d18_d30/replicate_0.log,2026-08-23T12:08:08.235998+00:00
9,fr3_long_office_household_flashlight,fr3_long_office_household,flashlight,Step-R:new,unet_direct_coarse03,direct_coarse,4,unet_direct_coarse03,Step-R direct coarse rank 3,"unet:direct:enc1:0,5,18,30","[0, 5, 18, 30]",0,PASS,Completed the full matched RGB-D sequence,137.18550952799706,0,,,1341848067.8628,2486,2486,2488,0.9991961414790996,0.2178660288054636,0.17553696078829606,0.10724565292708396,0.46624582085044286,0.1290441083686943,6.185393631961642,5.799395527926809,9.597110222345817,0.005395253585241378,0.027390766755808076,0.23143900283124208,0.8962171463033959,0.21283353283648296,0.1771680266742923,0.9778493096856352,0.18621466031532416,0.15583276381297098,0.9834684357528813,247,0.186215,0.155833,0.008702,2486,9.078093500000001,11.036493,0,0.844,0.993,13870.0,0.007442,2,/home/melody/code/individual_project/channel_selection_results/step_r_c2f_grid_completion/unet/per_dataset/fr3_long_office_household_flashlight/artifacts/unet_direct_coarse03/replicate_0.all_frames.tum.txt,/home/melody/code/individual_project/channel_selection_results/step_r_c2f_grid_completion/unet/per_dataset/fr3_long_office_household_flashlight/artifacts/unet_direct_coarse03/replicate_0.keyframes.tum.txt,/home/melody/code/individual_project/channel_selection_results/step_r_c2f_grid_completion/unet/per_dataset/fr3_long_office_household_flashlight/artifacts/unet_direct_coarse03/replicate_0.log,2026-08-26T02:08:47.817304+00:00
9,fr3_long_office_household_flashlight,fr3_long_office_household,flashlight,Step-Q:unet_enc1_direct_c4_d00_d05_d06_d18_d30,unet_direct_coarse04,direct_coarse,2,unet_enc1_direct_c4_d00_d05_d06_d18_d30,"Direct coarse parent C4, selected because it participates in the strongest U-Net C2F results.","unet:direct:enc1:0,5,6,18,30","[0, 5, 6, 18, 30]",0,PASS,Completed the full matched RGB-D sequence,145.35990294700605,0,,,1341848067.8628,2486,2486,2488,0.9991961414790996,0.1873133229163883,0.15388644760115627,0.09805888037957919,0.4058524858885549,0.10679532848713816,5.465137352293133,5.119808423214461,8.426285406872307,0.004906445715523927,0.02737886606017032,0.22997441715762248,1.0067142341978874,0.18392962892989567,0.15493402029807868,0.9830700080856115,0.16044697281595305,0.13594940831315877,0.988471234351024,250,0.160447,0.135949,0.007623,2486,13.177745,17.17771425,0,0.854,0.993,13740.0,0.006471,8,/home/melody/code/individual_project/channel_selection_results/step_q_c2f_multi_dataset_evaluation/unet/per_dataset/fr3_long_office_household_flashlight/artifacts/unet_enc1_direct_c4_d00_d05_d06_d18_d30/replicate_0.all_frames.tum.txt,/home/melody/code/individual_project/channel_selection_results/step_q_c2f_multi_dataset_evaluation/unet/per_dataset/fr3_long_office_household_flashlight/artifacts/unet_enc1_direct_c4_d00_d05_d06_d18_d30/replicate_0.keyframes.tum.txt,/home/melody/code/individual_project/channel_selection_results/step_q_c2f_multi_dataset_evaluation/unet/per_dataset/fr3_long_office_household_flashlight/artifacts/unet_enc1_direct_c4_d00_d05_d06_d18_d30/replicate_0.log,2026-08-23T12:05:40.073978+00:00
9,fr3_long_office_household_flashlight,fr3_long_office_household,flashlight,Step-R:new,unet_c2f_a_fine01_coarse01,c2f,5,unet_c2f_a_fine01_coarse01,Step-R full-grid C2F-A; F1 × C1,"unet:c2f:A:fine2,3,7,12,13,14:coarse5,6,17,18,28,30","[2, 3, 7, 12, 13, 14, 5, 6, 17, 18, 28, 30]",0,PASS,Completed the full matched RGB-D sequence,140.36573150199547,0,,,1341848067.8628,2486,2486,2488,0.9991961414790996,0.13739861383438123,0.11505704185844316,0.07911311228957013,0.2832091156760986,0.07510163914585269,3.8756635016990324,3.697718133604395,5.8825599720295605,0.004568149324667892,0.02406539751786688,0.23124984880320715,0.9615910362245039,0.13485814970647603,0.11527190874988508,0.9874052822217612,0.11964485868352422,0.10305033163713742,0.9908471914787548,252,0.119645,0.10305,0.006986,2486,8.451848,10.023468999999999,0,0.845,0.993,21090.0,0.009276,0,/home/melody/code/individual_project/channel_selection_results/step_r_c2f_grid_completion/unet/per_dataset/fr3_long_office_household_flashlight/artifacts/unet_c2f_a_fine01_coarse01/replicate_0.all_frames.tum.txt,/home/melody/code/individual_project/channel_selection_results/step_r_c2f_grid_completion/unet/per_dataset/fr3_long_office_household_flashlight/artifacts/unet_c2f_a_fine01_coarse01/replicate_0.keyframes.tum.txt,/home/melody/code/individual_project/channel_selection_results/step_r_c2f_grid_completion/unet/per_dataset/fr3_long_office_household_flashlight/artifacts/unet_c2f_a_fine01_coarse01/replicate_0.log,2026-08-26T02:11:08.931874+00:00
9,fr3_long_office_household_flashlight,fr3_long_office_household,flashlight,Step-R:new,unet_c2f_a_fine01_coarse02,c2f,6,unet_c2f_a_fine01_coarse02,Step-R full-grid C2F-A; F1 × C2,"unet:c2f:A:fine2,3,7,12,13,14:coarse0,5,6,17,18,30","[2, 3, 7, 12, 13, 14, 0, 5, 6, 17, 18, 30]",0,PASS,Completed the full matched RGB-D sequence,136.42814508199808,0,,,1341848067.8628,2486,2486,2488,0.9991961414790996,0.1300234842460032,0.1090321953994414,0.0771780019510481,0.2737238618826931,0.07083845581214114,3.703516139767438,3.5331645283804742,5.584514744463307,0.0046109362481765595,0.02418206648081266,0.230617450998462,0.9465458115658612,0.12763186101272161,0.1091380821567548,0.9881062214545276,0.1132542899279318,0.09766111705539447,0.9914176730509163,252,0.113254,0.097661,0.006913,2486,8.453199,10.0233065,0,0.846,0.993,21040.0,0.011249,0,/home/melody/code/individual_project/channel_selection_results/step_r_c2f_grid_completion/unet/per_dataset/fr3_long_office_household_flashlight/artifacts/unet_c2f_a_fine01_coarse02/replicate_0.all_frames.tum.txt,/home/melody/code/individual_project/channel_selection_results/step_r_c2f_grid_completion/unet/per_dataset/fr3_long_office_household_flashlight/artifacts/unet_c2f_a_fine01_coarse02/replicate_0.keyframes.tum.txt,/home/melody/code/individual_project/channel_selection_results/step_r_c2f_grid_completion/unet/per_dataset/fr3_long_office_household_flashlight/artifacts/unet_c2f_a_fine01_coarse02/replicate_0.log,2026-08-26T02:13:26.084075+00:00
9,fr3_long_office_household_flashlight,fr3_long_office_household,flashlight,Step-R:new,unet_c2f_a_fine01_coarse03,c2f,7,unet_c2f_a_fine01_coarse03,Step-R full-grid C2F-A; F1 × C3,"unet:c2f:A:fine2,3,7,12,13,14:coarse0,5,18,30","[2, 3, 7, 12, 13, 14, 0, 5, 18, 30]",0,PASS,Completed the full matched RGB-D sequence,133.8820955189949,0,,,1341848067.8628,2486,2486,2488,0.9991961414790996,0.1495229335130688,0.12369934049801337,0.0823971805149304,0.32075097812768333,0.08399750476478543,4.1539075404624075,3.9303371077950615,6.339253785783178,0.004703736995545469,0.023930610603541232,0.2309573866461323,0.9744884757055183,0.14638528997715367,0.12415506337542127,0.985431344535173,0.12922133997231958,0.11035617345513432,0.9893394909155058,250,0.129221,0.110356,0.007065,2486,8.445250999999999,10.0385285,0,0.845,0.993,21060.0,0.012546,0,/home/melody/code/individual_project/channel_selection_results/step_r_c2f_grid_completion/unet/per_dataset/fr3_long_office_household_flashlight/artifacts/unet_c2f_a_fine01_coarse03/replicate_0.all_frames.tum.txt,/home/melody/code/individual_project/channel_selection_results/step_r_c2f_grid_completion/unet/per_dataset/fr3_long_office_household_flashlight/artifacts/unet_c2f_a_fine01_coarse03/replicate_0.keyframes.tum.txt,/home/melody/code/individual_project/channel_selection_results/step_r_c2f_grid_completion/unet/per_dataset/fr3_long_office_household_flashlight/artifacts/unet_c2f_a_fine01_coarse03/replicate_0.log,2026-08-26T02:15:40.705794+00:00
9,fr3_long_office_household_flashlight,fr3_long_office_household,flashlight,Step-Q:unet_c2f_a_f1_c4_negative_high_parent,unet_c2f_a_fine01_coarse04,c2f,7,unet_c2f_a_f1_c4_negative_high_parent,C2F-A negative control: on fr1 lightswitch it is worse than the globally best direct fine parent F1.,"unet:c2f:A:fine2,3,7,12,13,14:coarse0,5,6,18,30","[2, 3, 7, 12, 13, 14, 0, 5, 6, 18, 30]",0,PASS,Completed the full matched RGB-D sequence,140.58174701299868,0,,,1341848067.8628,2486,2486,2488,0.9991961414790996,0.1356637524539186,0.1127580343915945,0.0767497649786201,0.28349244829258474,0.0754339407032544,3.8032282862393307,3.602942692661439,5.697444255038231,0.004612969187304726,0.02351425968579403,0.23048892471803947,0.9276419504549429,0.13299600812236181,0.11303758141155683,0.9871828151766687,0.1174617866143332,0.10046857476232511,0.9906589051656174,253,0.117462,0.100469,0.006751,2486,8.453258,10.02486425,0,0.845,0.993,21050.0,0.008009,0,/home/melody/code/individual_project/channel_selection_results/step_q_c2f_multi_dataset_evaluation/unet/per_dataset/fr3_long_office_household_flashlight/artifacts/unet_c2f_a_f1_c4_negative_high_parent/replicate_0.all_frames.tum.txt,/home/melody/code/individual_project/channel_selection_results/step_q_c2f_multi_dataset_evaluation/unet/per_dataset/fr3_long_office_household_flashlight/artifacts/unet_c2f_a_f1_c4_negative_high_parent/replicate_0.keyframes.tum.txt,/home/melody/code/individual_project/channel_selection_results/step_q_c2f_multi_dataset_evaluation/unet/per_dataset/fr3_long_office_household_flashlight/artifacts/unet_c2f_a_f1_c4_negative_high_parent/replicate_0.log,2026-08-23T12:16:51.459641+00:00
9,fr3_long_office_household_flashlight,fr3_long_office_household,flashlight,Step-R:new,unet_c2f_a_fine02_coarse01,c2f,8,unet_c2f_a_fine02_coarse01,Step-R full-grid C2F-A; F2 × C1,"unet:c2f:A:fine3,7,12:coarse5,6,17,18,28,30","[3, 7, 12, 5, 6, 17, 18, 28, 30]",0,PASS,Completed the full matched RGB-D sequence,139.49863920999633,0,,,1341848067.8628,2486,2486,2488,0.9991961414790996,0.14206405855564416,0.1179420790802376,0.07863043740325043,0.30043203759642995,0.07919509274906167,4.069929034047558,3.859909060999205,6.070948175876039,0.004603964860476604,0.024479973775918932,0.23128397282982152,0.9783302792876483,0.1394607608004882,0.11823453609119976,0.9870381842418264,0.12313580664199913,0.10523805487987838,0.990416389251437,251,0.123136,0.105238,0.007106,2486,4.16807,5.06907,0,0.854,0.993,22880.0,0.006911,0,/home/melody/code/individual_project/channel_selection_results/step_r_c2f_grid_completion/unet/per_dataset/fr3_long_office_household_flashlight/artifacts/unet_c2f_a_fine02_coarse01/replicate_0.all_frames.tum.txt,/home/melody/code/individual_project/channel_selection_results/step_r_c2f_grid_completion/unet/per_dataset/fr3_long_office_household_flashlight/artifacts/unet_c2f_a_fine02_coarse01/replicate_0.keyframes.tum.txt,/home/melody/code/individual_project/channel_selection_results/step_r_c2f_grid_completion/unet/per_dataset/fr3_long_office_household_flashlight/artifacts/unet_c2f_a_fine02_coarse01/replicate_0.log,2026-08-26T02:18:00.930139+00:00
9,fr3_long_office_household_flashlight,fr3_long_office_household,flashlight,Step-R:new,unet_c2f_a_fine02_coarse02,c2f,9,unet_c2f_a_fine02_coarse02,Step-R full-grid C2F-A; F2 × C2,"unet:c2f:A:fine3,7,12:coarse0,5,6,17,18,30","[3, 7, 12, 0, 5, 6, 17, 18, 30]",0,PASS,Completed the full matched RGB-D sequence,134.87596993400075,0,,,1341848067.8628,2486,2486,2488,0.9991961414790996,0.13738871048590767,0.11395542677218123,0.07828052049128788,0.2903216440968721,0.07674515279905689,3.8150754121625345,3.6212563551142125,5.760788742831214,0.004627789112833013,0.023700839990520445,0.22999619409088687,0.9411286635017044,0.13454519823815783,0.11411945106726254,0.9866928808866731,0.11887125988063142,0.10135083849389931,0.9900186501496366,250,0.118871,0.101351,0.006974,2486,4.167807,5.0693865,0,0.854,0.993,22890.0,0.008707,0,/home/melody/code/individual_project/channel_selection_results/step_r_c2f_grid_completion/unet/per_dataset/fr3_long_office_household_flashlight/artifacts/unet_c2f_a_fine02_coarse02/replicate_0.all_frames.tum.txt,/home/melody/code/individual_project/channel_selection_results/step_r_c2f_grid_completion/unet/per_dataset/fr3_long_office_household_flashlight/artifacts/unet_c2f_a_fine02_coarse02/replicate_0.keyframes.tum.txt,/home/melody/code/individual_project/channel_selection_results/step_r_c2f_grid_completion/unet/per_dataset/fr3_long_office_household_flashlight/artifacts/unet_c2f_a_fine02_coarse02/replicate_0.log,2026-08-26T02:20:16.528805+00:00
9,fr3_long_office_household_flashlight,fr3_long_office_household,flashlight,Step-R:new,unet_c2f_a_fine02_coarse03,c2f,10,unet_c2f_a_fine02_coarse03,Step-R full-grid C2F-A; F2 × C3,"unet:c2f:A:fine3,7,12:coarse0,5,18,30","[3, 7, 12, 0, 5, 18, 30]",0,PASS,Completed the full matched RGB-D sequence,133.72099128500122,0,,,1341848067.8628,2486,2486,2488,0.9991961414790996,0.1546608735480903,0.1268160050628251,0.08406054217333642,0.32041859448840754,0.08853071030192801,4.236107083971645,4.001735885152131,6.426536850062363,0.004739570130621979,0.024434769792295544,0.23084108901678274,0.9818121070913526,0.15111643052868956,0.12729991084318454,0.9842754573026911,0.13313998915405412,0.11231893762618916,0.9881160769426853,250,0.13314,0.112319,0.007507,2486,4.1655940000000005,5.0645904999999996,0,0.855,0.993,22890.0,0.009987,0,/home/melody/code/individual_project/channel_selection_results/step_r_c2f_grid_completion/unet/per_dataset/fr3_long_office_household_flashlight/artifacts/unet_c2f_a_fine02_coarse03/replicate_0.all_frames.tum.txt,/home/melody/code/individual_project/channel_selection_results/step_r_c2f_grid_completion/unet/per_dataset/fr3_long_office_household_flashlight/artifacts/unet_c2f_a_fine02_coarse03/replicate_0.keyframes.tum.txt,/home/melody/code/individual_project/channel_selection_results/step_r_c2f_grid_completion/unet/per_dataset/fr3_long_office_household_flashlight/artifacts/unet_c2f_a_fine02_coarse03/replicate_0.log,2026-08-26T02:22:30.969822+00:00
9,fr3_long_office_household_flashlight,fr3_long_office_household,flashlight,Step-Q:unet_c2f_a_f2_c4_global_best,unet_c2f_a_fine02_coarse04,c2f,8,unet_c2f_a_f2_c4_global_best,C2F-A global U-Net C2F optimum on fr1 lightswitch; compare against both direct parents.,"unet:c2f:A:fine3,7,12:coarse0,5,6,18,30","[3, 7, 12, 0, 5, 6, 18, 30]",0,PASS,Completed the full matched RGB-D sequence,139.8260094540019,0,,,1341848067.8628,2486,2486,2488,0.9991961414790996,0.14109234538912166,0.11652132566172689,0.07902553610490602,0.2991411099768121,0.07956023248732363,3.9313090143975167,3.7255868849562424,5.910754890535662,0.004659244185471161,0.023950593354971537,0.2300244811182065,0.9340013758988254,0.13823869205770298,0.11679847805506838,0.9864902508273196,0.12182111473641982,0.10337015353309535,0.9899304693921459,249,0.121821,0.10337,0.007144,2486,4.1654599999999995,5.0726612499999995,0,0.854,0.993,22890.0,0.009721,0,/home/melody/code/individual_project/channel_selection_results/step_q_c2f_multi_dataset_evaluation/unet/per_dataset/fr3_long_office_household_flashlight/artifacts/unet_c2f_a_f2_c4_global_best/replicate_0.all_frames.tum.txt,/home/melody/code/individual_project/channel_selection_results/step_q_c2f_multi_dataset_evaluation/unet/per_dataset/fr3_long_office_household_flashlight/artifacts/unet_c2f_a_f2_c4_global_best/replicate_0.keyframes.tum.txt,/home/melody/code/individual_project/channel_selection_results/step_q_c2f_multi_dataset_evaluation/unet/per_dataset/fr3_long_office_household_flashlight/artifacts/unet_c2f_a_f2_c4_global_best/replicate_0.log,2026-08-23T12:19:12.030715+00:00
9,fr3_long_office_household_flashlight,fr3_long_office_household,flashlight,Step-R:new,unet_c2f_a_fine03_coarse01,c2f,11,unet_c2f_a_fine03_coarse01,Step-R full-grid C2F-A; F3 × C1,"unet:c2f:A:fine2,3,12,14:coarse5,6,17,18,28,30","[2, 3, 12, 14, 5, 6, 17, 18, 28, 30]",0,PASS,Completed the full matched RGB-D sequence,140.38688741000078,0,,,1341848067.8628,2486,2486,2488,0.9991961414790996,0.13392371278480636,0.11215971355662314,0.07432138314913908,0.2723164924735865,0.07318305473921921,3.9458557137507717,3.7549761738502707,5.845523963563309,0.004565085350449292,0.024450926406265724,0.23233903662768043,0.9770064707710276,0.1317857488923682,0.11247536060005796,0.9885733774180825,0.11648124337508388,0.09998397645254377,0.9921348688785214,254,0.116481,0.099984,0.006827,2486,5.577546999999999,6.730959,0,0.855,0.993,18100.0,0.013682,0,/home/melody/code/individual_project/channel_selection_results/step_r_c2f_grid_completion/unet/per_dataset/fr3_long_office_household_flashlight/artifacts/unet_c2f_a_fine03_coarse01/replicate_0.all_frames.tum.txt,/home/melody/code/individual_project/channel_selection_results/step_r_c2f_grid_completion/unet/per_dataset/fr3_long_office_household_flashlight/artifacts/unet_c2f_a_fine03_coarse01/replicate_0.keyframes.tum.txt,/home/melody/code/individual_project/channel_selection_results/step_r_c2f_grid_completion/unet/per_dataset/fr3_long_office_household_flashlight/artifacts/unet_c2f_a_fine03_coarse01/replicate_0.log,2026-08-26T02:24:52.085731+00:00
9,fr3_long_office_household_flashlight,fr3_long_office_household,flashlight,Step-R:new,unet_c2f_a_fine03_coarse02,c2f,12,unet_c2f_a_fine03_coarse02,Step-R full-grid C2F-A; F3 × C2,"unet:c2f:A:fine2,3,12,14:coarse0,5,6,17,18,30","[2, 3, 12, 14, 0, 5, 6, 17, 18, 30]",0,PASS,Completed the full matched RGB-D sequence,135.38613217500097,0,,,1341848067.8628,2486,2486,2488,0.9991961414790996,0.12794458312513796,0.10698036268243291,0.07311854018925304,0.2663356246830958,0.07017847498628374,3.7286401046609985,3.5483346347209928,5.6037331075940635,0.004594618076406434,0.024460111680749925,0.2313121972277044,0.9583477228339283,0.12580578396907258,0.10720547959559484,0.9888304214411267,0.11104476987732516,0.0952476972265295,0.9921215540683744,253,0.111045,0.095248,0.006959,2486,5.5752489999999995,6.73058775,0,0.855,0.993,18100.0,0.004952,0,/home/melody/code/individual_project/channel_selection_results/step_r_c2f_grid_completion/unet/per_dataset/fr3_long_office_household_flashlight/artifacts/unet_c2f_a_fine03_coarse02/replicate_0.all_frames.tum.txt,/home/melody/code/individual_project/channel_selection_results/step_r_c2f_grid_completion/unet/per_dataset/fr3_long_office_household_flashlight/artifacts/unet_c2f_a_fine03_coarse02/replicate_0.keyframes.tum.txt,/home/melody/code/individual_project/channel_selection_results/step_r_c2f_grid_completion/unet/per_dataset/fr3_long_office_household_flashlight/artifacts/unet_c2f_a_fine03_coarse02/replicate_0.log,2026-08-26T02:27:08.190155+00:00
9,fr3_long_office_household_flashlight,fr3_long_office_household,flashlight,Step-R:new,unet_c2f_a_fine03_coarse03,c2f,13,unet_c2f_a_fine03_coarse03,Step-R full-grid C2F-A; F3 × C3,"unet:c2f:A:fine2,3,12,14:coarse0,5,18,30","[2, 3, 12, 14, 0, 5, 18, 30]",0,PASS,Completed the full matched RGB-D sequence,135.0714518379973,0,,,1341848067.8628,2486,2486,2488,0.9991961414790996,0.14876707580468054,0.12268923412704573,0.07997038620749133,0.31055636720209207,0.084136761720395,4.1929138800584775,3.972700917220488,6.2189363967746845,0.004695565890222013,0.024387376759864937,0.23200009955328235,0.9400212235428566,0.14575148777743957,0.12314212487397987,0.985746843478128,0.12779048571260684,0.10838805452045273,0.9896414919009415,253,0.12779,0.108388,0.007111,2486,5.5730284999999995,6.719795,0,0.855,0.993,18110.0,0.005781,0,/home/melody/code/individual_project/channel_selection_results/step_r_c2f_grid_completion/unet/per_dataset/fr3_long_office_household_flashlight/artifacts/unet_c2f_a_fine03_coarse03/replicate_0.all_frames.tum.txt,/home/melody/code/individual_project/channel_selection_results/step_r_c2f_grid_completion/unet/per_dataset/fr3_long_office_household_flashlight/artifacts/unet_c2f_a_fine03_coarse03/replicate_0.keyframes.tum.txt,/home/melody/code/individual_project/channel_selection_results/step_r_c2f_grid_completion/unet/per_dataset/fr3_long_office_household_flashlight/artifacts/unet_c2f_a_fine03_coarse03/replicate_0.log,2026-08-26T02:29:23.984300+00:00
9,fr3_long_office_household_flashlight,fr3_long_office_household,flashlight,Step-R:new,unet_c2f_a_fine03_coarse04,c2f,14,unet_c2f_a_fine03_coarse04,Step-R full-grid C2F-A; F3 × C4,"unet:c2f:A:fine2,3,12,14:coarse0,5,6,18,30","[2, 3, 12, 14, 0, 5, 6, 18, 30]",0,PASS,Completed the full matched RGB-D sequence,134.62311655699887,0,,,1341848067.8628,2486,2486,2488,0.9991961414790996,0.13596865829665272,0.11316600946429563,0.07666417444131024,0.28167079410190465,0.07537194664408547,3.873962789283066,3.6731602169439066,5.815945847566068,0.004604720401728405,0.023786570754130182,0.23153959967030474,0.9310277432721349,0.13338648698050878,0.11340068712664748,0.9873711858606627,0.11781155994163231,0.10078686937127197,0.9907116386963548,252,0.117812,0.100787,0.007051,2486,5.58132,6.7284635,0,0.855,0.993,18100.0,0.006357,0,/home/melody/code/individual_project/channel_selection_results/step_r_c2f_grid_completion/unet/per_dataset/fr3_long_office_household_flashlight/artifacts/unet_c2f_a_fine03_coarse04/replicate_0.all_frames.tum.txt,/home/melody/code/individual_project/channel_selection_results/step_r_c2f_grid_completion/unet/per_dataset/fr3_long_office_household_flashlight/artifacts/unet_c2f_a_fine03_coarse04/replicate_0.keyframes.tum.txt,/home/melody/code/individual_project/channel_selection_results/step_r_c2f_grid_completion/unet/per_dataset/fr3_long_office_household_flashlight/artifacts/unet_c2f_a_fine03_coarse04/replicate_0.log,2026-08-26T02:31:39.331342+00:00
9,fr3_long_office_household_flashlight,fr3_long_office_household,flashlight,Step-R:new,unet_c2f_a_fine04_coarse01,c2f,15,unet_c2f_a_fine04_coarse01,Step-R full-grid C2F-A; F4 × C1,"unet:c2f:A:fine2,4,6:coarse5,6,17,18,28,30","[2, 4, 6, 5, 6, 17, 18, 28, 30]",0,PASS,Completed the full matched RGB-D sequence,146.11093486499885,0,,,1341848067.8628,2486,2486,2488,0.9991961414790996,0.12373167905546667,0.10539524074670956,0.07346458482370255,0.260672508711445,0.06481798847409678,3.566130754001666,3.4286592278636254,5.803807023097122,0.004305966526465103,0.023603575280604965,0.2359769455123453,1.0078739350634882,0.12193072935249502,0.10532014668175559,0.9899053460155481,0.10912336531297491,0.09544219198788498,0.9928327050746072,253,0.109123,0.095442,0.006756,2486,6.3106035,8.04911075,0,0.845,0.993,13390.0,0.015912,7,/home/melody/code/individual_project/channel_selection_results/step_r_c2f_grid_completion/unet/per_dataset/fr3_long_office_household_flashlight/artifacts/unet_c2f_a_fine04_coarse01/replicate_0.all_frames.tum.txt,/home/melody/code/individual_project/channel_selection_results/step_r_c2f_grid_completion/unet/per_dataset/fr3_long_office_household_flashlight/artifacts/unet_c2f_a_fine04_coarse01/replicate_0.keyframes.tum.txt,/home/melody/code/individual_project/channel_selection_results/step_r_c2f_grid_completion/unet/per_dataset/fr3_long_office_household_flashlight/artifacts/unet_c2f_a_fine04_coarse01/replicate_0.log,2026-08-26T02:34:06.171263+00:00
9,fr3_long_office_household_flashlight,fr3_long_office_household,flashlight,Step-R:new,unet_c2f_a_fine04_coarse02,c2f,16,unet_c2f_a_fine04_coarse02,Step-R full-grid C2F-A; F4 × C2,"unet:c2f:A:fine2,4,6:coarse0,5,6,17,18,30","[2, 4, 6, 0, 5, 6, 17, 18, 30]",0,PASS,Completed the full matched RGB-D sequence,142.83503299199947,0,,,1341848067.8628,2486,2486,2488,0.9991961414790996,0.10995716394251881,0.09478874636930461,0.06914037288583291,0.24092614785876298,0.05572855160523735,3.2639208522293996,3.1306003969799545,5.488847351736724,0.004317520744589192,0.02355649209966949,0.23453455269897372,0.9780642769868589,0.10863822562879445,0.09471759881989762,0.9918380345936041,0.09769509627617311,0.08652116223974551,0.9945860618312997,253,0.097695,0.086521,0.006597,2486,6.3153705,8.00216975,0,0.845,0.993,13420.0,0.017093,7,/home/melody/code/individual_project/channel_selection_results/step_r_c2f_grid_completion/unet/per_dataset/fr3_long_office_household_flashlight/artifacts/unet_c2f_a_fine04_coarse02/replicate_0.all_frames.tum.txt,/home/melody/code/individual_project/channel_selection_results/step_r_c2f_grid_completion/unet/per_dataset/fr3_long_office_household_flashlight/artifacts/unet_c2f_a_fine04_coarse02/replicate_0.keyframes.tum.txt,/home/melody/code/individual_project/channel_selection_results/step_r_c2f_grid_completion/unet/per_dataset/fr3_long_office_household_flashlight/artifacts/unet_c2f_a_fine04_coarse02/replicate_0.log,2026-08-26T02:36:29.740606+00:00
9,fr3_long_office_household_flashlight,fr3_long_office_household,flashlight,Step-R:new,unet_c2f_a_fine04_coarse03,c2f,17,unet_c2f_a_fine04_coarse03,Step-R full-grid C2F-A; F4 × C3,"unet:c2f:A:fine2,4,6:coarse0,5,18,30","[2, 4, 6, 0, 5, 18, 30]",0,PASS,Completed the full matched RGB-D sequence,140.48536047900416,0,,,1341848067.8628,2486,2486,2488,0.9991961414790996,0.13340229446831628,0.11222923329918892,0.07686757980569418,0.29500784841675537,0.0721163737474895,3.8160094630943795,3.625290409119226,6.364989353530389,0.004415290499030839,0.02343175076704991,0.23466194870747362,0.9820283499742141,0.13123923633687815,0.11234574455649878,0.9885303271237881,0.11626976366782944,0.10082313903092689,0.9918640629641043,254,0.11627,0.100823,0.006895,2486,6.3352655,7.99897625,0,0.845,0.993,13640.0,0.019649,6,/home/melody/code/individual_project/channel_selection_results/step_r_c2f_grid_completion/unet/per_dataset/fr3_long_office_household_flashlight/artifacts/unet_c2f_a_fine04_coarse03/replicate_0.all_frames.tum.txt,/home/melody/code/individual_project/channel_selection_results/step_r_c2f_grid_completion/unet/per_dataset/fr3_long_office_household_flashlight/artifacts/unet_c2f_a_fine04_coarse03/replicate_0.keyframes.tum.txt,/home/melody/code/individual_project/channel_selection_results/step_r_c2f_grid_completion/unet/per_dataset/fr3_long_office_household_flashlight/artifacts/unet_c2f_a_fine04_coarse03/replicate_0.log,2026-08-26T02:38:50.955294+00:00
9,fr3_long_office_household_flashlight,fr3_long_office_household,flashlight,Step-R:new,unet_c2f_a_fine04_coarse04,c2f,18,unet_c2f_a_fine04_coarse04,Step-R full-grid C2F-A; F4 × C4,"unet:c2f:A:fine2,4,6:coarse0,5,6,18,30","[2, 4, 6, 0, 5, 6, 18, 30]",0,PASS,Completed the full matched RGB-D sequence,141.24468688100023,0,,,1341848067.8628,2486,2486,2488,0.9991961414790996,0.12263585251106661,0.10428175559072289,0.07351484413777856,0.2684798378593961,0.06453578675458155,3.5669531700316837,3.395695905575069,5.963056485217864,0.004332579037386028,0.023069694732903885,0.23414448610120786,0.958250251924522,0.12092086849051649,0.10434174110813982,0.9901889994224251,0.10752534922298422,0.09395534657717831,0.9934684274984088,253,0.107525,0.093955,0.006843,2486,6.3229565,7.9968705,0,0.845,0.993,13630.0,0.020605,7,/home/melody/code/individual_project/channel_selection_results/step_r_c2f_grid_completion/unet/per_dataset/fr3_long_office_household_flashlight/artifacts/unet_c2f_a_fine04_coarse04/replicate_0.all_frames.tum.txt,/home/melody/code/individual_project/channel_selection_results/step_r_c2f_grid_completion/unet/per_dataset/fr3_long_office_household_flashlight/artifacts/unet_c2f_a_fine04_coarse04/replicate_0.keyframes.tum.txt,/home/melody/code/individual_project/channel_selection_results/step_r_c2f_grid_completion/unet/per_dataset/fr3_long_office_household_flashlight/artifacts/unet_c2f_a_fine04_coarse04/replicate_0.log,2026-08-26T02:41:12.923833+00:00
9,fr3_long_office_household_flashlight,fr3_long_office_household,flashlight,Step-R:new,unet_c2f_a_fine05_coarse01,c2f,19,unet_c2f_a_fine05_coarse01,Step-R full-grid C2F-A; F5 × C1,"unet:c2f:A:fine2,3,7,12,13:coarse5,6,17,18,28,30","[2, 3, 7, 12, 13, 5, 6, 17, 18, 28, 30]",0,PASS,Completed the full matched RGB-D sequence,140.79568484800257,0,,,1341848067.8628,2486,2486,2488,0.9991961414790996,0.13747079616528737,0.11566337907348968,0.08054776032038322,0.28692187726097296,0.07429806551734855,3.8925091415396023,3.707607891926336,5.9268009693749715,0.004598589552124574,0.023876376440949358,0.23111602425922345,0.9602013596126597,0.13482532652529527,0.11575070565780432,0.98715003471369,0.11992578964715386,0.10380565274237522,0.9907530539393822,251,0.119926,0.103806,0.006936,2486,7.221596,8.6661605,0,0.845,0.993,22520.0,0.008282,0,/home/melody/code/individual_project/channel_selection_results/step_r_c2f_grid_completion/unet/per_dataset/fr3_long_office_household_flashlight/artifacts/unet_c2f_a_fine05_coarse01/replicate_0.all_frames.tum.txt,/home/melody/code/individual_project/channel_selection_results/step_r_c2f_grid_completion/unet/per_dataset/fr3_long_office_household_flashlight/artifacts/unet_c2f_a_fine05_coarse01/replicate_0.keyframes.tum.txt,/home/melody/code/individual_project/channel_selection_results/step_r_c2f_grid_completion/unet/per_dataset/fr3_long_office_household_flashlight/artifacts/unet_c2f_a_fine05_coarse01/replicate_0.log,2026-08-26T02:43:34.449240+00:00
9,fr3_long_office_household_flashlight,fr3_long_office_household,flashlight,Step-R:new,unet_c2f_a_fine05_coarse02,c2f,20,unet_c2f_a_fine05_coarse02,Step-R full-grid C2F-A; F5 × C2,"unet:c2f:A:fine2,3,7,12,13:coarse0,5,6,17,18,30","[2, 3, 7, 12, 13, 0, 5, 6, 17, 18, 30]",0,PASS,Completed the full matched RGB-D sequence,135.80891912199877,0,,,1341848067.8628,2486,2486,2488,0.9991961414790996,0.1278329590985385,0.10735399285716989,0.07748657784458315,0.2728164341854542,0.0694001847945042,3.6182771268474236,3.451975633046008,5.530452234881219,0.004653303040091002,0.024126853945622338,0.2329194782122693,1.3213132140592778,0.12541938707769318,0.10744587144167682,0.9881545000972963,0.11118308862545778,0.09605912021186161,0.9915041851813187,253,0.111183,0.096059,0.006858,2486,7.219879499999999,8.670432250000001,0,0.845,0.993,22530.0,0.009083,0,/home/melody/code/individual_project/channel_selection_results/step_r_c2f_grid_completion/unet/per_dataset/fr3_long_office_household_flashlight/artifacts/unet_c2f_a_fine05_coarse02/replicate_0.all_frames.tum.txt,/home/melody/code/individual_project/channel_selection_results/step_r_c2f_grid_completion/unet/per_dataset/fr3_long_office_household_flashlight/artifacts/unet_c2f_a_fine05_coarse02/replicate_0.keyframes.tum.txt,/home/melody/code/individual_project/channel_selection_results/step_r_c2f_grid_completion/unet/per_dataset/fr3_long_office_household_flashlight/artifacts/unet_c2f_a_fine05_coarse02/replicate_0.log,2026-08-26T02:45:50.995151+00:00
9,fr3_long_office_household_flashlight,fr3_long_office_household,flashlight,Step-R:new,unet_c2f_a_fine05_coarse03,c2f,21,unet_c2f_a_fine05_coarse03,Step-R full-grid C2F-A; F5 × C3,"unet:c2f:A:fine2,3,7,12,13:coarse0,5,18,30","[2, 3, 7, 12, 13, 0, 5, 18, 30]",0,PASS,Completed the full matched RGB-D sequence,135.508410456001,0,,,1341848067.8628,2486,2486,2488,0.9991961414790996,0.14626129890203377,0.12059799659322612,0.08180292631568267,0.3150309422176302,0.0827556087175382,4.045617773067091,3.8262519328462044,6.147076657641161,0.0047220772631112445,0.02384310034962207,0.23035935253182072,0.9766332843552963,0.14314384206887634,0.12105800283972934,0.985637326109331,0.1261790754324308,0.10753981590849475,0.9892521592211877,249,0.126179,0.10754,0.007175,2486,7.2138505,8.6735065,0,0.845,0.993,22540.0,0.008497,0,/home/melody/code/individual_project/channel_selection_results/step_r_c2f_grid_completion/unet/per_dataset/fr3_long_office_household_flashlight/artifacts/unet_c2f_a_fine05_coarse03/replicate_0.all_frames.tum.txt,/home/melody/code/individual_project/channel_selection_results/step_r_c2f_grid_completion/unet/per_dataset/fr3_long_office_household_flashlight/artifacts/unet_c2f_a_fine05_coarse03/replicate_0.keyframes.tum.txt,/home/melody/code/individual_project/channel_selection_results/step_r_c2f_grid_completion/unet/per_dataset/fr3_long_office_household_flashlight/artifacts/unet_c2f_a_fine05_coarse03/replicate_0.log,2026-08-26T02:48:07.212832+00:00
9,fr3_long_office_household_flashlight,fr3_long_office_household,flashlight,Step-Q:unet_c2f_a_f5_c4_positive_synergy,unet_c2f_a_fine05_coarse04,c2f,9,unet_c2f_a_f5_c4_positive_synergy,C2F-A positive synergy case: 12.8% lower fr1-lightswitch ATE than direct F5.,"unet:c2f:A:fine2,3,7,12,13:coarse0,5,6,18,30","[2, 3, 7, 12, 13, 0, 5, 6, 18, 30]",0,PASS,Completed the full matched RGB-D sequence,141.71079907100648,0,,,1341848067.8628,2486,2486,2488,0.9991961414790996,0.13382714439746218,0.11207150199730861,0.07984739492464299,0.28300083870624027,0.07314152731278206,3.7907823218096817,3.595401998086172,5.753975768806125,0.004655163022740972,0.02332101810874304,0.23062618748312255,0.9189497456147211,0.13121151024734884,0.11229458734229966,0.9873924563495968,0.11634742836797253,0.10030793268996699,0.9908791240225763,253,0.116347,0.100308,0.00707,2486,7.2178135,8.66219025,0,0.845,0.993,22530.0,0.007304,0,/home/melody/code/individual_project/channel_selection_results/step_q_c2f_multi_dataset_evaluation/unet/per_dataset/fr3_long_office_household_flashlight/artifacts/unet_c2f_a_f5_c4_positive_synergy/replicate_0.all_frames.tum.txt,/home/melody/code/individual_project/channel_selection_results/step_q_c2f_multi_dataset_evaluation/unet/per_dataset/fr3_long_office_household_flashlight/artifacts/unet_c2f_a_f5_c4_positive_synergy/replicate_0.keyframes.tum.txt,/home/melody/code/individual_project/channel_selection_results/step_q_c2f_multi_dataset_evaluation/unet/per_dataset/fr3_long_office_household_flashlight/artifacts/unet_c2f_a_f5_c4_positive_synergy/replicate_0.log,2026-08-23T12:21:34.497888+00:00
9,fr3_long_office_household_flashlight,fr3_long_office_household,flashlight,Step-R:new,unet_c2f_b_fine01_coarse01,c2f,22,unet_c2f_b_fine01_coarse01,Step-R full-grid C2F-B; F1 × C1,"unet:c2f:B:fine2,3,7,12,13,14:coarse5,6,17,18,28,30","[2, 3, 7, 12, 13, 14, 5, 6, 17, 18, 28, 30]",0,PASS,Completed the full matched RGB-D sequence,132.4505782269989,0,,,1341848067.8628,2486,2486,2488,0.9991961414790996,0.13044534241606534,0.10953486346191359,0.07840381552560957,0.2697873182683064,0.07083855619946304,3.6398046125244004,3.4734160234671987,5.51370126700713,0.004582014997871904,0.024244745134085276,0.23178714918313498,0.907405433656025,0.12775853211688204,0.10940449745725596,0.9873892711073338,0.11311423023407464,0.09727728451468101,0.9908521404551065,254,0.113114,0.097277,0.006842,2486,8.449058,10.04871775,0,0.855,0.993,21050.0,0.006014,0,/home/melody/code/individual_project/channel_selection_results/step_r_c2f_grid_completion/unet/per_dataset/fr3_long_office_household_flashlight/artifacts/unet_c2f_b_fine01_coarse01/replicate_0.all_frames.tum.txt,/home/melody/code/individual_project/channel_selection_results/step_r_c2f_grid_completion/unet/per_dataset/fr3_long_office_household_flashlight/artifacts/unet_c2f_b_fine01_coarse01/replicate_0.keyframes.tum.txt,/home/melody/code/individual_project/channel_selection_results/step_r_c2f_grid_completion/unet/per_dataset/fr3_long_office_household_flashlight/artifacts/unet_c2f_b_fine01_coarse01/replicate_0.log,2026-08-26T02:50:20.400523+00:00
9,fr3_long_office_household_flashlight,fr3_long_office_household,flashlight,Step-R:new,unet_c2f_b_fine01_coarse02,c2f,23,unet_c2f_b_fine01_coarse02,Step-R full-grid C2F-B; F1 × C2,"unet:c2f:B:fine2,3,7,12,13,14:coarse0,5,6,17,18,30","[2, 3, 7, 12, 13, 14, 0, 5, 6, 17, 18, 30]",0,PASS,Completed the full matched RGB-D sequence,130.08009327400214,0,,,1341848067.8628,2486,2486,2488,0.9991961414790996,0.1315960320726398,0.11025567140464368,0.080047340610167,0.2766508611067658,0.07184151014820396,3.6440728241622624,3.4692328768499743,5.566526990187665,0.004582433151356136,0.024200751464663602,0.23156553283063996,0.906636165768814,0.12878538849867244,0.11012231312622335,0.9870516885917437,0.11418357498495786,0.09839075693558283,0.9904530310449926,254,0.114184,0.098391,0.006857,2486,8.451512000000001,10.02707225,0,0.845,0.993,21050.0,0.006043,0,/home/melody/code/individual_project/channel_selection_results/step_r_c2f_grid_completion/unet/per_dataset/fr3_long_office_household_flashlight/artifacts/unet_c2f_b_fine01_coarse02/replicate_0.all_frames.tum.txt,/home/melody/code/individual_project/channel_selection_results/step_r_c2f_grid_completion/unet/per_dataset/fr3_long_office_household_flashlight/artifacts/unet_c2f_b_fine01_coarse02/replicate_0.keyframes.tum.txt,/home/melody/code/individual_project/channel_selection_results/step_r_c2f_grid_completion/unet/per_dataset/fr3_long_office_household_flashlight/artifacts/unet_c2f_b_fine01_coarse02/replicate_0.log,2026-08-26T02:52:31.193071+00:00
9,fr3_long_office_household_flashlight,fr3_long_office_household,flashlight,Step-R:new,unet_c2f_b_fine01_coarse03,c2f,24,unet_c2f_b_fine01_coarse03,Step-R full-grid C2F-B; F1 × C3,"unet:c2f:B:fine2,3,7,12,13,14:coarse0,5,18,30","[2, 3, 7, 12, 13, 14, 0, 5, 18, 30]",0,PASS,Completed the full matched RGB-D sequence,130.01831577199482,0,,,1341848067.8628,2486,2486,2488,0.9991961414790996,0.13356102167352554,0.11173310825252418,0.0783438300686446,0.2764465415559827,0.07317280253417709,3.6831605487272467,3.512020978863523,5.574057602803238,0.004592961847507599,0.02449374863985446,0.23224791808162856,0.9266602986052206,0.1306699150674279,0.11160382649659376,0.9867738981653347,0.11565854375450285,0.09924890357550437,0.9901484758162575,255,0.115659,0.099249,0.006845,2486,8.4487505,10.02547,0,0.855,0.993,21050.0,0.006049,0,/home/melody/code/individual_project/channel_selection_results/step_r_c2f_grid_completion/unet/per_dataset/fr3_long_office_household_flashlight/artifacts/unet_c2f_b_fine01_coarse03/replicate_0.all_frames.tum.txt,/home/melody/code/individual_project/channel_selection_results/step_r_c2f_grid_completion/unet/per_dataset/fr3_long_office_household_flashlight/artifacts/unet_c2f_b_fine01_coarse03/replicate_0.keyframes.tum.txt,/home/melody/code/individual_project/channel_selection_results/step_r_c2f_grid_completion/unet/per_dataset/fr3_long_office_household_flashlight/artifacts/unet_c2f_b_fine01_coarse03/replicate_0.log,2026-08-26T02:54:41.937989+00:00
9,fr3_long_office_household_flashlight,fr3_long_office_household,flashlight,Step-R:new,unet_c2f_b_fine01_coarse04,c2f,25,unet_c2f_b_fine01_coarse04,Step-R full-grid C2F-B; F1 × C4,"unet:c2f:B:fine2,3,7,12,13,14:coarse0,5,6,18,30","[2, 3, 7, 12, 13, 14, 0, 5, 6, 18, 30]",0,PASS,Completed the full matched RGB-D sequence,129.7778414179993,0,,,1341848067.8628,2486,2486,2488,0.9991961414790996,0.13237143772681337,0.11106799473755509,0.08075671853553178,0.2746434665838097,0.07201456846251363,3.6765848716726213,3.4993474223677836,5.5363816759544,0.004587403431517505,0.024347360684919345,0.23185796750627968,0.9152383819266021,0.12954869157559087,0.11097086005674957,0.9869861193292165,0.11511709818421947,0.09930856793494916,0.9904443083604173,254,0.115117,0.099309,0.006935,2486,8.4528855,10.0270235,0,0.845,0.993,21050.0,0.006002,0,/home/melody/code/individual_project/channel_selection_results/step_r_c2f_grid_completion/unet/per_dataset/fr3_long_office_household_flashlight/artifacts/unet_c2f_b_fine01_coarse04/replicate_0.all_frames.tum.txt,/home/melody/code/individual_project/channel_selection_results/step_r_c2f_grid_completion/unet/per_dataset/fr3_long_office_household_flashlight/artifacts/unet_c2f_b_fine01_coarse04/replicate_0.keyframes.tum.txt,/home/melody/code/individual_project/channel_selection_results/step_r_c2f_grid_completion/unet/per_dataset/fr3_long_office_household_flashlight/artifacts/unet_c2f_b_fine01_coarse04/replicate_0.log,2026-08-26T02:56:52.422754+00:00
9,fr3_long_office_household_flashlight,fr3_long_office_household,flashlight,Step-R:new,unet_c2f_b_fine02_coarse01,c2f,26,unet_c2f_b_fine02_coarse01,Step-R full-grid C2F-B; F2 × C1,"unet:c2f:B:fine3,7,12:coarse5,6,17,18,28,30","[3, 7, 12, 5, 6, 17, 18, 28, 30]",0,PASS,Completed the full matched RGB-D sequence,131.55011890600144,0,,,1341848067.8628,2486,2486,2488,0.9991961414790996,0.14016464812762816,0.1162823144153369,0.0814487986652476,0.2830554156630304,0.07825951660312337,3.8130501759441957,3.6227381296719137,5.74683607891985,0.004610934809564096,0.0243107060554848,0.23161131266820015,0.9680539512212469,0.1367989226154979,0.11630137139477495,0.9854071395037899,0.1206930098903254,0.10234314389562571,0.989064373746611,253,0.120693,0.102343,0.007071,2486,4.1562850000000005,5.0650825,0,0.855,0.993,21550.0,0.002827,0,/home/melody/code/individual_project/channel_selection_results/step_r_c2f_grid_completion/unet/per_dataset/fr3_long_office_household_flashlight/artifacts/unet_c2f_b_fine02_coarse01/replicate_0.all_frames.tum.txt,/home/melody/code/individual_project/channel_selection_results/step_r_c2f_grid_completion/unet/per_dataset/fr3_long_office_household_flashlight/artifacts/unet_c2f_b_fine02_coarse01/replicate_0.keyframes.tum.txt,/home/melody/code/individual_project/channel_selection_results/step_r_c2f_grid_completion/unet/per_dataset/fr3_long_office_household_flashlight/artifacts/unet_c2f_b_fine02_coarse01/replicate_0.log,2026-08-26T02:59:04.705813+00:00
9,fr3_long_office_household_flashlight,fr3_long_office_household,flashlight,Step-Q:unet_c2f_b_f2_c2_variant_contrast,unet_c2f_b_fine02_coarse02,c2f,10,unet_c2f_b_f2_c2_variant_contrast,"C2F-B schedule contrast: on fr1 lightswitch it is worse than direct F2, despite the same fine scale family.","unet:c2f:B:fine3,7,12:coarse0,5,6,17,18,30","[3, 7, 12, 0, 5, 6, 17, 18, 30]",0,PASS,Completed the full matched RGB-D sequence,135.0783447040012,0,,,1341848067.8628,2486,2486,2488,0.9991961414790996,0.13772506038932547,0.11431955397763272,0.08098445335909824,0.28182951437241915,0.07680645700459349,3.7856731290598975,3.5892623517335287,5.723297215450724,0.004629233237906084,0.024510402994098273,0.23170228131548795,0.9394032097821564,0.13457987664766902,0.11431746333128735,0.9860049912546918,0.11866576735025508,0.10078046049612095,0.9895593922570972,254,0.118666,0.10078,0.007021,2486,4.1551085,5.06533625,0,0.855,0.993,21550.0,0.004962,0,/home/melody/code/individual_project/channel_selection_results/step_q_c2f_multi_dataset_evaluation/unet/per_dataset/fr3_long_office_household_flashlight/artifacts/unet_c2f_b_f2_c2_variant_contrast/replicate_0.all_frames.tum.txt,/home/melody/code/individual_project/channel_selection_results/step_q_c2f_multi_dataset_evaluation/unet/per_dataset/fr3_long_office_household_flashlight/artifacts/unet_c2f_b_f2_c2_variant_contrast/replicate_0.keyframes.tum.txt,/home/melody/code/individual_project/channel_selection_results/step_q_c2f_multi_dataset_evaluation/unet/per_dataset/fr3_long_office_household_flashlight/artifacts/unet_c2f_b_f2_c2_variant_contrast/replicate_0.log,2026-08-23T12:23:50.312245+00:00
9,fr3_long_office_household_flashlight,fr3_long_office_household,flashlight,Step-R:new,unet_c2f_b_fine02_coarse03,c2f,27,unet_c2f_b_fine02_coarse03,Step-R full-grid C2F-B; F2 × C3,"unet:c2f:B:fine3,7,12:coarse0,5,18,30","[3, 7, 12, 0, 5, 18, 30]",0,PASS,Completed the full matched RGB-D sequence,129.58287215499877,0,,,1341848067.8628,2486,2486,2488,0.9991961414790996,0.14321735915657371,0.1184489019767524,0.08236988936132744,0.29258076301327585,0.08050509042467274,3.9042036230871844,3.708376601299512,5.90807312451296,0.004631874398660735,0.024500620340967796,0.23173683771285863,0.9516357643858494,0.13993476596685972,0.11861141391055771,0.9854265923470218,0.12338340095989996,0.10450815813217364,0.988935264519215,253,0.123383,0.104508,0.007088,2486,4.157341000000001,5.08270675,0,0.855,0.993,21550.0,0.003629,0,/home/melody/code/individual_project/channel_selection_results/step_r_c2f_grid_completion/unet/per_dataset/fr3_long_office_household_flashlight/artifacts/unet_c2f_b_fine02_coarse03/replicate_0.all_frames.tum.txt,/home/melody/code/individual_project/channel_selection_results/step_r_c2f_grid_completion/unet/per_dataset/fr3_long_office_household_flashlight/artifacts/unet_c2f_b_fine02_coarse03/replicate_0.keyframes.tum.txt,/home/melody/code/individual_project/channel_selection_results/step_r_c2f_grid_completion/unet/per_dataset/fr3_long_office_household_flashlight/artifacts/unet_c2f_b_fine02_coarse03/replicate_0.log,2026-08-26T03:01:15.009342+00:00
9,fr3_long_office_household_flashlight,fr3_long_office_household,flashlight,Step-R:new,unet_c2f_b_fine02_coarse04,c2f,28,unet_c2f_b_fine02_coarse04,Step-R full-grid C2F-B; F2 × C4,"unet:c2f:B:fine3,7,12:coarse0,5,6,18,30","[3, 7, 12, 0, 5, 6, 18, 30]",0,PASS,Completed the full matched RGB-D sequence,128.5532567180053,0,,,1341848067.8628,2486,2486,2488,0.9991961414790996,0.1388360480799462,0.11520145225386927,0.08085701762549649,0.2833996089404363,0.0774859577282014,3.8115741333041755,3.612163251863974,5.7783268776388255,0.004625293623810918,0.02432651017081702,0.23167721453453557,0.9331108199077011,0.1357012182240744,0.11521325679741808,0.9859708777203667,0.11980463776041586,0.10178885476660354,0.9894343485556152,253,0.119805,0.101789,0.007053,2486,4.15652,5.06602375,0,0.855,0.993,21550.0,0.003671,0,/home/melody/code/individual_project/channel_selection_results/step_r_c2f_grid_completion/unet/per_dataset/fr3_long_office_household_flashlight/artifacts/unet_c2f_b_fine02_coarse04/replicate_0.all_frames.tum.txt,/home/melody/code/individual_project/channel_selection_results/step_r_c2f_grid_completion/unet/per_dataset/fr3_long_office_household_flashlight/artifacts/unet_c2f_b_fine02_coarse04/replicate_0.keyframes.tum.txt,/home/melody/code/individual_project/channel_selection_results/step_r_c2f_grid_completion/unet/per_dataset/fr3_long_office_household_flashlight/artifacts/unet_c2f_b_fine02_coarse04/replicate_0.log,2026-08-26T03:03:24.289916+00:00
9,fr3_long_office_household_flashlight,fr3_long_office_household,flashlight,Step-R:new,unet_c2f_b_fine03_coarse01,c2f,29,unet_c2f_b_fine03_coarse01,Step-R full-grid C2F-B; F3 × C1,"unet:c2f:B:fine2,3,12,14:coarse5,6,17,18,28,30","[2, 3, 12, 14, 5, 6, 17, 18, 28, 30]",0,PASS,Completed the full matched RGB-D sequence,132.34944603199983,0,,,1341848067.8628,2486,2486,2488,0.9991961414790996,0.1311596589313307,0.10962943731790079,0.0753599400711864,0.27051240575462127,0.07200168473267456,3.802146439729369,3.6205031231467886,5.721547038343467,0.0045960119170715425,0.024716184987483826,0.23346503662664,0.953678824891633,0.12886053633067646,0.10979395738730038,0.9882825775046086,0.1139612577325301,0.09750203159003579,0.9917273258049502,252,0.113961,0.097502,0.007189,2486,5.5772965,6.714536750000001,0,0.855,0.993,18120.0,0.004498,0,/home/melody/code/individual_project/channel_selection_results/step_r_c2f_grid_completion/unet/per_dataset/fr3_long_office_household_flashlight/artifacts/unet_c2f_b_fine03_coarse01/replicate_0.all_frames.tum.txt,/home/melody/code/individual_project/channel_selection_results/step_r_c2f_grid_completion/unet/per_dataset/fr3_long_office_household_flashlight/artifacts/unet_c2f_b_fine03_coarse01/replicate_0.keyframes.tum.txt,/home/melody/code/individual_project/channel_selection_results/step_r_c2f_grid_completion/unet/per_dataset/fr3_long_office_household_flashlight/artifacts/unet_c2f_b_fine03_coarse01/replicate_0.log,2026-08-26T03:05:37.366262+00:00
9,fr3_long_office_household_flashlight,fr3_long_office_household,flashlight,Step-R:new,unet_c2f_b_fine03_coarse02,c2f,30,unet_c2f_b_fine03_coarse02,Step-R full-grid C2F-B; F3 × C2,"unet:c2f:B:fine2,3,12,14:coarse0,5,6,17,18,30","[2, 3, 12, 14, 0, 5, 6, 17, 18, 30]",0,PASS,Completed the full matched RGB-D sequence,129.67149275599513,0,,,1341848067.8628,2486,2486,2488,0.9991961414790996,0.1346903105156274,0.11240779724903616,0.07777679302149962,0.2752856173741664,0.07420220255771191,3.8554917710611853,3.671491953565803,5.778605879932755,0.00459746089006888,0.024545701517415308,0.23366195950430957,0.9672155560074529,0.1321310778335651,0.11248250633391785,0.9874857172530827,0.11684057568354039,0.09982641679629677,0.9909927789338829,252,0.116841,0.099826,0.007201,2486,5.576988,6.71460425,0,0.855,0.993,18120.0,0.004559,0,/home/melody/code/individual_project/channel_selection_results/step_r_c2f_grid_completion/unet/per_dataset/fr3_long_office_household_flashlight/artifacts/unet_c2f_b_fine03_coarse02/replicate_0.all_frames.tum.txt,/home/melody/code/individual_project/channel_selection_results/step_r_c2f_grid_completion/unet/per_dataset/fr3_long_office_household_flashlight/artifacts/unet_c2f_b_fine03_coarse02/replicate_0.keyframes.tum.txt,/home/melody/code/individual_project/channel_selection_results/step_r_c2f_grid_completion/unet/per_dataset/fr3_long_office_household_flashlight/artifacts/unet_c2f_b_fine03_coarse02/replicate_0.log,2026-08-26T03:07:47.771059+00:00
9,fr3_long_office_household_flashlight,fr3_long_office_household,flashlight,Step-R:new,unet_c2f_b_fine03_coarse03,c2f,31,unet_c2f_b_fine03_coarse03,Step-R full-grid C2F-B; F3 × C3,"unet:c2f:B:fine2,3,12,14:coarse0,5,18,30","[2, 3, 12, 14, 0, 5, 18, 30]",0,PASS,Completed the full matched RGB-D sequence,129.61059782899974,0,,,1341848067.8628,2486,2486,2488,0.9991961414790996,0.1378645949420006,0.114768072079908,0.07758328374789092,0.2830027295756859,0.07638675388824252,3.9344510823730388,3.742901570009994,5.844250005632724,0.0046102232266353104,0.023045243832590826,0.23371469660526234,0.9825282276642213,0.1352244708715574,0.11492824657335433,0.9871442587169132,0.11927573648986525,0.10164263499429849,0.9908139228168928,253,0.119276,0.101643,0.00721,2486,5.5773779999999995,6.715992249999999,0,0.855,0.993,18120.0,0.0045,0,/home/melody/code/individual_project/channel_selection_results/step_r_c2f_grid_completion/unet/per_dataset/fr3_long_office_household_flashlight/artifacts/unet_c2f_b_fine03_coarse03/replicate_0.all_frames.tum.txt,/home/melody/code/individual_project/channel_selection_results/step_r_c2f_grid_completion/unet/per_dataset/fr3_long_office_household_flashlight/artifacts/unet_c2f_b_fine03_coarse03/replicate_0.keyframes.tum.txt,/home/melody/code/individual_project/channel_selection_results/step_r_c2f_grid_completion/unet/per_dataset/fr3_long_office_household_flashlight/artifacts/unet_c2f_b_fine03_coarse03/replicate_0.log,2026-08-26T03:09:58.114397+00:00
9,fr3_long_office_household_flashlight,fr3_long_office_household,flashlight,Step-R:new,unet_c2f_b_fine03_coarse04,c2f,32,unet_c2f_b_fine03_coarse04,Step-R full-grid C2F-B; F3 × C4,"unet:c2f:B:fine2,3,12,14:coarse0,5,6,18,30","[2, 3, 12, 14, 0, 5, 6, 18, 30]",0,PASS,Completed the full matched RGB-D sequence,130.24233655999706,0,,,1341848067.8628,2486,2486,2488,0.9991961414790996,0.13154017832314835,0.11000054649290306,0.0761477424908823,0.27223837744775403,0.07212973231995488,3.8056322472113635,3.625164917423451,5.714263155064974,0.004600324641913522,0.024607226370230325,0.2335524522908645,0.9793552536026275,0.12918998136875864,0.11011755175592372,0.9881385901873961,0.1140432670942515,0.09759288607809649,0.9916995978634083,253,0.114043,0.097593,0.007161,2486,5.575814,6.7143895,0,0.855,0.993,18120.0,0.004565,0,/home/melody/code/individual_project/channel_selection_results/step_r_c2f_grid_completion/unet/per_dataset/fr3_long_office_household_flashlight/artifacts/unet_c2f_b_fine03_coarse04/replicate_0.all_frames.tum.txt,/home/melody/code/individual_project/channel_selection_results/step_r_c2f_grid_completion/unet/per_dataset/fr3_long_office_household_flashlight/artifacts/unet_c2f_b_fine03_coarse04/replicate_0.keyframes.tum.txt,/home/melody/code/individual_project/channel_selection_results/step_r_c2f_grid_completion/unet/per_dataset/fr3_long_office_household_flashlight/artifacts/unet_c2f_b_fine03_coarse04/replicate_0.log,2026-08-26T03:12:09.081439+00:00
9,fr3_long_office_household_flashlight,fr3_long_office_household,flashlight,Step-R:new,unet_c2f_b_fine04_coarse01,c2f,33,unet_c2f_b_fine04_coarse01,Step-R full-grid C2F-B; F4 × C1,"unet:c2f:B:fine2,4,6:coarse5,6,17,18,28,30","[2, 4, 6, 5, 6, 17, 18, 28, 30]",0,PASS,Completed the full matched RGB-D sequence,139.57261726300203,0,,,1341848067.8628,2486,2486,2488,0.9991961414790996,0.10361093389305938,0.09122433799055604,0.07101972897767625,0.21832948028233037,0.049125815824031985,3.230089828474788,3.1095146386956496,5.363980200863468,0.0042842940835680745,0.022069124038486484,0.23720860088030593,1.0201149110286891,0.1023424917053299,0.09083877163962084,0.9922288513857835,0.09312373173122084,0.08372003898734758,0.9950759427381093,255,0.093124,0.08372,0.006615,2486,6.339017,8.06876875,0,0.854,0.993,13600.0,0.004388,7,/home/melody/code/individual_project/channel_selection_results/step_r_c2f_grid_completion/unet/per_dataset/fr3_long_office_household_flashlight/artifacts/unet_c2f_b_fine04_coarse01/replicate_0.all_frames.tum.txt,/home/melody/code/individual_project/channel_selection_results/step_r_c2f_grid_completion/unet/per_dataset/fr3_long_office_household_flashlight/artifacts/unet_c2f_b_fine04_coarse01/replicate_0.keyframes.tum.txt,/home/melody/code/individual_project/channel_selection_results/step_r_c2f_grid_completion/unet/per_dataset/fr3_long_office_household_flashlight/artifacts/unet_c2f_b_fine04_coarse01/replicate_0.log,2026-08-26T03:14:29.385120+00:00
9,fr3_long_office_household_flashlight,fr3_long_office_household,flashlight,Step-R:new,unet_c2f_b_fine04_coarse02,c2f,34,unet_c2f_b_fine04_coarse02,Step-R full-grid C2F-B; F4 × C2,"unet:c2f:B:fine2,4,6:coarse0,5,6,17,18,30","[2, 4, 6, 0, 5, 6, 17, 18, 30]",0,PASS,Completed the full matched RGB-D sequence,136.51795193699945,0,,,1341848067.8628,2486,2486,2488,0.9991961414790996,0.10718390614550982,0.0938923149654193,0.07312202334635494,0.22903696341554397,0.05169741702487619,3.26859778108333,3.141954564476716,5.555390552341289,0.004285942011476529,0.02235249417336584,0.23659578381378873,0.9978351388073867,0.10580589433217931,0.09352010878042512,0.991766103399777,0.09586910472004496,0.08580830752056731,0.9947051446782966,255,0.095869,0.085808,0.006673,2486,6.3379025,8.08776275,0,0.854,0.993,13600.0,0.004459,7,/home/melody/code/individual_project/channel_selection_results/step_r_c2f_grid_completion/unet/per_dataset/fr3_long_office_household_flashlight/artifacts/unet_c2f_b_fine04_coarse02/replicate_0.all_frames.tum.txt,/home/melody/code/individual_project/channel_selection_results/step_r_c2f_grid_completion/unet/per_dataset/fr3_long_office_household_flashlight/artifacts/unet_c2f_b_fine04_coarse02/replicate_0.keyframes.tum.txt,/home/melody/code/individual_project/channel_selection_results/step_r_c2f_grid_completion/unet/per_dataset/fr3_long_office_household_flashlight/artifacts/unet_c2f_b_fine04_coarse02/replicate_0.log,2026-08-26T03:16:46.623797+00:00
9,fr3_long_office_household_flashlight,fr3_long_office_household,flashlight,Step-R:new,unet_c2f_b_fine04_coarse03,c2f,35,unet_c2f_b_fine04_coarse03,Step-R full-grid C2F-B; F4 × C3,"unet:c2f:B:fine2,4,6:coarse0,5,18,30","[2, 4, 6, 0, 5, 18, 30]",0,PASS,Completed the full matched RGB-D sequence,136.26847365799767,0,,,1341848067.8628,2486,2486,2488,0.9991961414790996,0.11394242422616203,0.09911110207845054,0.07347635213397233,0.2416209548256055,0.05621268080539864,3.424106033386363,3.2971597392657204,5.668932778920527,0.004303283226480559,0.022799982909285848,0.2371251814733347,1.0108897139343633,0.1122742020517091,0.09873537086907087,0.9906721536721939,0.10141733292402819,0.09022403706252619,0.9936582960399116,255,0.101417,0.090224,0.006808,2486,6.3356055,8.06584975,0,0.854,0.993,13600.0,0.00445,7,/home/melody/code/individual_project/channel_selection_results/step_r_c2f_grid_completion/unet/per_dataset/fr3_long_office_household_flashlight/artifacts/unet_c2f_b_fine04_coarse03/replicate_0.all_frames.tum.txt,/home/melody/code/individual_project/channel_selection_results/step_r_c2f_grid_completion/unet/per_dataset/fr3_long_office_household_flashlight/artifacts/unet_c2f_b_fine04_coarse03/replicate_0.keyframes.tum.txt,/home/melody/code/individual_project/channel_selection_results/step_r_c2f_grid_completion/unet/per_dataset/fr3_long_office_household_flashlight/artifacts/unet_c2f_b_fine04_coarse03/replicate_0.log,2026-08-26T03:19:03.622938+00:00
9,fr3_long_office_household_flashlight,fr3_long_office_household,flashlight,Step-R:new,unet_c2f_b_fine04_coarse04,c2f,36,unet_c2f_b_fine04_coarse04,Step-R full-grid C2F-B; F4 × C4,"unet:c2f:B:fine2,4,6:coarse0,5,6,18,30","[2, 4, 6, 0, 5, 6, 18, 30]",0,PASS,Completed the full matched RGB-D sequence,136.4967364069962,0,,,1341848067.8628,2486,2486,2488,0.9991961414790996,0.107270523427954,0.0939059998103085,0.07336434956399451,0.22927226405542825,0.051851985459898914,3.2642854458941604,3.1399887573183443,5.505523875506678,0.004282947405907506,0.02246153014954009,0.23644617794498535,1.005770878647725,0.10588278897279654,0.0935511650832564,0.9917341862146084,0.095958279966661,0.08585991997147256,0.9946214136532388,255,0.095958,0.08586,0.006655,2486,6.337284,8.07099925,0,0.854,0.993,13600.0,0.006567,7,/home/melody/code/individual_project/channel_selection_results/step_r_c2f_grid_completion/unet/per_dataset/fr3_long_office_household_flashlight/artifacts/unet_c2f_b_fine04_coarse04/replicate_0.all_frames.tum.txt,/home/melody/code/individual_project/channel_selection_results/step_r_c2f_grid_completion/unet/per_dataset/fr3_long_office_household_flashlight/artifacts/unet_c2f_b_fine04_coarse04/replicate_0.keyframes.tum.txt,/home/melody/code/individual_project/channel_selection_results/step_r_c2f_grid_completion/unet/per_dataset/fr3_long_office_household_flashlight/artifacts/unet_c2f_b_fine04_coarse04/replicate_0.log,2026-08-26T03:21:20.854021+00:00
9,fr3_long_office_household_flashlight,fr3_long_office_household,flashlight,Step-R:new,unet_c2f_b_fine05_coarse01,c2f,37,unet_c2f_b_fine05_coarse01,Step-R full-grid C2F-B; F5 × C1,"unet:c2f:B:fine2,3,7,12,13:coarse5,6,17,18,28,30","[2, 3, 7, 12, 13, 5, 6, 17, 18, 28, 30]",0,PASS,Completed the full matched RGB-D sequence,132.4114488080013,0,,,1341848067.8628,2486,2486,2488,0.9991961414790996,0.12653169759104937,0.10666213502047497,0.07864147159986593,0.2584847119521892,0.0680695192295842,3.4978201671850684,3.349315616823718,5.196107851136366,0.004606575216428999,0.02386829846006237,0.23199835538439423,0.9405809613585656,0.12371346883320888,0.10643322280710091,0.9872879734262606,0.109993966101988,0.09493820535003004,0.9905666029601257,254,0.109994,0.094938,0.00689,2486,7.213145,8.65509175,0,0.855,0.993,22550.0,0.00536,0,/home/melody/code/individual_project/channel_selection_results/step_r_c2f_grid_completion/unet/per_dataset/fr3_long_office_household_flashlight/artifacts/unet_c2f_b_fine05_coarse01/replicate_0.all_frames.tum.txt,/home/melody/code/individual_project/channel_selection_results/step_r_c2f_grid_completion/unet/per_dataset/fr3_long_office_household_flashlight/artifacts/unet_c2f_b_fine05_coarse01/replicate_0.keyframes.tum.txt,/home/melody/code/individual_project/channel_selection_results/step_r_c2f_grid_completion/unet/per_dataset/fr3_long_office_household_flashlight/artifacts/unet_c2f_b_fine05_coarse01/replicate_0.log,2026-08-26T03:23:34.016943+00:00
9,fr3_long_office_household_flashlight,fr3_long_office_household,flashlight,Step-R:new,unet_c2f_b_fine05_coarse02,c2f,38,unet_c2f_b_fine05_coarse02,Step-R full-grid C2F-B; F5 × C2,"unet:c2f:B:fine2,3,7,12,13:coarse0,5,6,17,18,30","[2, 3, 7, 12, 13, 0, 5, 6, 17, 18, 30]",0,PASS,Completed the full matched RGB-D sequence,129.94504306300223,0,,,1341848067.8628,2486,2486,2488,0.9991961414790996,0.12467325939582717,0.1050656313420582,0.07820023015005946,0.25856382433329195,0.06711657559108579,3.465398233992366,3.31447767376699,5.216646754626934,0.004609803689102461,0.024042623332168344,0.2317513535881178,0.9512502060426393,0.12195716409466592,0.10489378560346141,0.9876075216952278,0.10847219534011092,0.09377455677841293,0.990793267291775,255,0.108472,0.093775,0.006907,2486,7.2121315,8.6429215,0,0.855,0.993,22550.0,0.005354,0,/home/melody/code/individual_project/channel_selection_results/step_r_c2f_grid_completion/unet/per_dataset/fr3_long_office_household_flashlight/artifacts/unet_c2f_b_fine05_coarse02/replicate_0.all_frames.tum.txt,/home/melody/code/individual_project/channel_selection_results/step_r_c2f_grid_completion/unet/per_dataset/fr3_long_office_household_flashlight/artifacts/unet_c2f_b_fine05_coarse02/replicate_0.keyframes.tum.txt,/home/melody/code/individual_project/channel_selection_results/step_r_c2f_grid_completion/unet/per_dataset/fr3_long_office_household_flashlight/artifacts/unet_c2f_b_fine05_coarse02/replicate_0.log,2026-08-26T03:25:44.698094+00:00
9,fr3_long_office_household_flashlight,fr3_long_office_household,flashlight,Step-R:new,unet_c2f_b_fine05_coarse03,c2f,39,unet_c2f_b_fine05_coarse03,Step-R full-grid C2F-B; F5 × C3,"unet:c2f:B:fine2,3,7,12,13:coarse0,5,18,30","[2, 3, 7, 12, 13, 0, 5, 18, 30]",0,PASS,Completed the full matched RGB-D sequence,130.016837975003,0,,,1341848067.8628,2486,2486,2488,0.9991961414790996,0.12945814008930512,0.10870800566742214,0.08116195467949511,0.27302173678707525,0.07029921435687503,3.577894451633923,3.406165864549877,5.436060872922743,0.004621908627942553,0.02432811553436554,0.23158688534464417,0.934909764725301,0.12658946257232276,0.10860030366771908,0.9870291650917596,0.11248582459091057,0.09722307128914615,0.9903673138812984,254,0.112486,0.097223,0.006932,2486,7.2143584999999995,8.644182749999999,0,0.845,0.993,22550.0,0.005386,0,/home/melody/code/individual_project/channel_selection_results/step_r_c2f_grid_completion/unet/per_dataset/fr3_long_office_household_flashlight/artifacts/unet_c2f_b_fine05_coarse03/replicate_0.all_frames.tum.txt,/home/melody/code/individual_project/channel_selection_results/step_r_c2f_grid_completion/unet/per_dataset/fr3_long_office_household_flashlight/artifacts/unet_c2f_b_fine05_coarse03/replicate_0.keyframes.tum.txt,/home/melody/code/individual_project/channel_selection_results/step_r_c2f_grid_completion/unet/per_dataset/fr3_long_office_household_flashlight/artifacts/unet_c2f_b_fine05_coarse03/replicate_0.log,2026-08-26T03:27:55.466019+00:00
9,fr3_long_office_household_flashlight,fr3_long_office_household,flashlight,Step-R:new,unet_c2f_b_fine05_coarse04,c2f,40,unet_c2f_b_fine05_coarse04,Step-R full-grid C2F-B; F5 × C4,"unet:c2f:B:fine2,3,7,12,13:coarse0,5,6,18,30","[2, 3, 7, 12, 13, 0, 5, 6, 18, 30]",0,PASS,Completed the full matched RGB-D sequence,129.71390515199892,0,,,1341848067.8628,2486,2486,2488,0.9991961414790996,0.12499904569564153,0.1052889844194886,0.0780088236117327,0.2595518523398199,0.06737203562854374,3.4703605282844685,3.318606481972382,5.237094156854923,0.0046118059997654805,0.02413648224730362,0.23156880369044572,0.9250821059831393,0.12231247677811784,0.10511034202682301,0.9876573096807116,0.10866278945320348,0.09384943163740399,0.9908766653570946,255,0.108663,0.093849,0.006853,2486,7.210663,8.64446575,0,0.855,0.993,22550.0,0.005385,0,/home/melody/code/individual_project/channel_selection_results/step_r_c2f_grid_completion/unet/per_dataset/fr3_long_office_household_flashlight/artifacts/unet_c2f_b_fine05_coarse04/replicate_0.all_frames.tum.txt,/home/melody/code/individual_project/channel_selection_results/step_r_c2f_grid_completion/unet/per_dataset/fr3_long_office_household_flashlight/artifacts/unet_c2f_b_fine05_coarse04/replicate_0.keyframes.tum.txt,/home/melody/code/individual_project/channel_selection_results/step_r_c2f_grid_completion/unet/per_dataset/fr3_long_office_household_flashlight/artifacts/unet_c2f_b_fine05_coarse04/replicate_0.log,2026-08-26T03:30:05.910820+00:00
