_XSERVTransmkdir: Owner of /tmp/.X11-unix should be set to root
libEGL warning: failed to open /dev/dri/card4: Permission denied

libEGL warning: failed to open /dev/dri/card3: Permission denied

libEGL warning: failed to open /dev/dri/card2: Permission denied

libEGL warning: failed to open /dev/dri/card1: Permission denied

libEGL warning: failed to open /dev/dri/card4: Permission denied

libEGL warning: failed to open /dev/dri/card3: Permission denied

libEGL warning: failed to open /dev/dri/card2: Permission denied

libEGL warning: failed to open /dev/dri/card1: Permission denied

libEGL warning: failed to open /dev/dri/card4: Permission denied

libEGL warning: failed to open /dev/dri/card3: Permission denied

libEGL warning: failed to open /dev/dri/card2: Permission denied

libEGL warning: failed to open /dev/dri/card1: Permission denied

The XKEYBOARD keymap compiler (xkbcomp) reports:
> Warning:          Could not resolve keysym XF86CameraAccessEnable
> Warning:          Could not resolve keysym XF86CameraAccessDisable
> Warning:          Could not resolve keysym XF86CameraAccessToggle
> Warning:          Could not resolve keysym XF86NextElement
> Warning:          Could not resolve keysym XF86PreviousElement
> Warning:          Could not resolve keysym XF86AutopilotEngageToggle
> Warning:          Could not resolve keysym XF86MarkWaypoint
> Warning:          Could not resolve keysym XF86Sos
> Warning:          Could not resolve keysym XF86NavChart
> Warning:          Could not resolve keysym XF86FishingChart
> Warning:          Could not resolve keysym XF86SingleRangeRadar
> Warning:          Could not resolve keysym XF86DualRangeRadar
> Warning:          Could not resolve keysym XF86RadarOverlay
> Warning:          Could not resolve keysym XF86TraditionalSonar
> Warning:          Could not resolve keysym XF86ClearvuSonar
> Warning:          Could not resolve keysym XF86SidevuSonar
> Warning:          Could not resolve keysym XF86NavInfo
Errors from xkbcomp are not fatal to the X server
/vol/bitbucket/mz325/envs/como/lib/python3.10/site-packages/lightning_lite/utilities/cloud_io.py:48: FutureWarning: You are using `torch.load` with `weights_only=False` (the current default value), which uses the default pickle module implicitly. It is possible to construct malicious pickle data which will execute arbitrary code during unpickling (See https://github.com/pytorch/pytorch/blob/main/SECURITY.md#untrusted-models for more details). In a future release, the default value for `weights_only` will be flipped to `True`. This limits the functions that could be executed during unpickling. Arbitrary objects will no longer be allowed to be loaded via this mode unless they are explicitly allowlisted by the user via `torch.serialization.add_safe_globals`. We recommend you start setting `weights_only=True` for any use case where you don't have full control of the loaded file. Please open an issue on GitHub for any issues related to this experimental feature.
  return torch.load(f, map_location=map_location)
libEGL warning: failed to open /dev/dri/card4: Permission denied

libEGL warning: failed to open /dev/dri/card3: Permission denied

libEGL warning: failed to open /dev/dri/card2: Permission denied

libEGL warning: failed to open /dev/dri/card1: Permission denied

libEGL warning: failed to open /dev/dri/card4: Permission denied

libEGL warning: failed to open /dev/dri/card3: Permission denied

libEGL warning: failed to open /dev/dri/card2: Permission denied

libEGL warning: failed to open /dev/dri/card1: Permission denied

libEGL warning: failed to open /dev/dri/card4: Permission denied

libEGL warning: failed to open /dev/dri/card3: Permission denied

libEGL warning: failed to open /dev/dri/card2: Permission denied

libEGL warning: failed to open /dev/dri/card1: Permission denied

The XKEYBOARD keymap compiler (xkbcomp) reports:
> Warning:          Could not resolve keysym XF86CameraAccessEnable
> Warning:          Could not resolve keysym XF86CameraAccessDisable
> Warning:          Could not resolve keysym XF86CameraAccessToggle
> Warning:          Could not resolve keysym XF86NextElement
> Warning:          Could not resolve keysym XF86PreviousElement
> Warning:          Could not resolve keysym XF86AutopilotEngageToggle
> Warning:          Could not resolve keysym XF86MarkWaypoint
> Warning:          Could not resolve keysym XF86Sos
> Warning:          Could not resolve keysym XF86NavChart
> Warning:          Could not resolve keysym XF86FishingChart
> Warning:          Could not resolve keysym XF86SingleRangeRadar
> Warning:          Could not resolve keysym XF86DualRangeRadar
> Warning:          Could not resolve keysym XF86RadarOverlay
> Warning:          Could not resolve keysym XF86TraditionalSonar
> Warning:          Could not resolve keysym XF86ClearvuSonar
> Warning:          Could not resolve keysym XF86SidevuSonar
> Warning:          Could not resolve keysym XF86NavInfo
Errors from xkbcomp are not fatal to the X server
_XSERVTransmkdir: Owner of /tmp/.X11-unix should be set to root
libEGL warning: failed to open /dev/dri/card4: Permission denied

libEGL warning: failed to open /dev/dri/card3: Permission denied

libEGL warning: failed to open /dev/dri/card2: Permission denied

libEGL warning: failed to open /dev/dri/card1: Permission denied

libEGL warning: failed to open /dev/dri/card4: Permission denied

libEGL warning: failed to open /dev/dri/card3: Permission denied

libEGL warning: failed to open /dev/dri/card2: Permission denied

libEGL warning: failed to open /dev/dri/card1: Permission denied

libEGL warning: failed to open /dev/dri/card4: Permission denied

libEGL warning: failed to open /dev/dri/card3: Permission denied

libEGL warning: failed to open /dev/dri/card2: Permission denied

libEGL warning: failed to open /dev/dri/card1: Permission denied

The XKEYBOARD keymap compiler (xkbcomp) reports:
> Warning:          Could not resolve keysym XF86CameraAccessEnable
> Warning:          Could not resolve keysym XF86CameraAccessDisable
> Warning:          Could not resolve keysym XF86CameraAccessToggle
> Warning:          Could not resolve keysym XF86NextElement
> Warning:          Could not resolve keysym XF86PreviousElement
> Warning:          Could not resolve keysym XF86AutopilotEngageToggle
> Warning:          Could not resolve keysym XF86MarkWaypoint
> Warning:          Could not resolve keysym XF86Sos
> Warning:          Could not resolve keysym XF86NavChart
> Warning:          Could not resolve keysym XF86FishingChart
> Warning:          Could not resolve keysym XF86SingleRangeRadar
> Warning:          Could not resolve keysym XF86DualRangeRadar
> Warning:          Could not resolve keysym XF86RadarOverlay
> Warning:          Could not resolve keysym XF86TraditionalSonar
> Warning:          Could not resolve keysym XF86ClearvuSonar
> Warning:          Could not resolve keysym XF86SidevuSonar
> Warning:          Could not resolve keysym XF86NavInfo
Errors from xkbcomp are not fatal to the X server
/vol/bitbucket/mz325/envs/como/lib/python3.10/site-packages/lightning_lite/utilities/cloud_io.py:48: FutureWarning: You are using `torch.load` with `weights_only=False` (the current default value), which uses the default pickle module implicitly. It is possible to construct malicious pickle data which will execute arbitrary code during unpickling (See https://github.com/pytorch/pytorch/blob/main/SECURITY.md#untrusted-models for more details). In a future release, the default value for `weights_only` will be flipped to `True`. This limits the functions that could be executed during unpickling. Arbitrary objects will no longer be allowed to be loaded via this mode unless they are explicitly allowlisted by the user via `torch.serialization.add_safe_globals`. We recommend you start setting `weights_only=True` for any use case where you don't have full control of the loaded file. Please open an issue on GitHub for any issues related to this experimental feature.
  return torch.load(f, map_location=map_location)
libEGL warning: failed to open /dev/dri/card4: Permission denied

libEGL warning: failed to open /dev/dri/card3: Permission denied

libEGL warning: failed to open /dev/dri/card2: Permission denied

libEGL warning: failed to open /dev/dri/card1: Permission denied

libEGL warning: failed to open /dev/dri/card4: Permission denied

libEGL warning: failed to open /dev/dri/card3: Permission denied

libEGL warning: failed to open /dev/dri/card2: Permission denied

libEGL warning: failed to open /dev/dri/card1: Permission denied

libEGL warning: failed to open /dev/dri/card4: Permission denied

libEGL warning: failed to open /dev/dri/card3: Permission denied

libEGL warning: failed to open /dev/dri/card2: Permission denied

libEGL warning: failed to open /dev/dri/card1: Permission denied

The XKEYBOARD keymap compiler (xkbcomp) reports:
> Warning:          Could not resolve keysym XF86CameraAccessEnable
> Warning:          Could not resolve keysym XF86CameraAccessDisable
> Warning:          Could not resolve keysym XF86CameraAccessToggle
> Warning:          Could not resolve keysym XF86NextElement
> Warning:          Could not resolve keysym XF86PreviousElement
> Warning:          Could not resolve keysym XF86AutopilotEngageToggle
> Warning:          Could not resolve keysym XF86MarkWaypoint
> Warning:          Could not resolve keysym XF86Sos
> Warning:          Could not resolve keysym XF86NavChart
> Warning:          Could not resolve keysym XF86FishingChart
> Warning:          Could not resolve keysym XF86SingleRangeRadar
> Warning:          Could not resolve keysym XF86DualRangeRadar
> Warning:          Could not resolve keysym XF86RadarOverlay
> Warning:          Could not resolve keysym XF86TraditionalSonar
> Warning:          Could not resolve keysym XF86ClearvuSonar
> Warning:          Could not resolve keysym XF86SidevuSonar
> Warning:          Could not resolve keysym XF86NavInfo
Errors from xkbcomp are not fatal to the X server
_XSERVTransmkdir: Owner of /tmp/.X11-unix should be set to root
libEGL warning: failed to open /dev/dri/card4: Permission denied

libEGL warning: failed to open /dev/dri/card3: Permission denied

libEGL warning: failed to open /dev/dri/card2: Permission denied

libEGL warning: failed to open /dev/dri/card1: Permission denied

libEGL warning: failed to open /dev/dri/card4: Permission denied

libEGL warning: failed to open /dev/dri/card3: Permission denied

libEGL warning: failed to open /dev/dri/card2: Permission denied

libEGL warning: failed to open /dev/dri/card1: Permission denied

libEGL warning: failed to open /dev/dri/card4: Permission denied

libEGL warning: failed to open /dev/dri/card3: Permission denied

libEGL warning: failed to open /dev/dri/card2: Permission denied

libEGL warning: failed to open /dev/dri/card1: Permission denied

The XKEYBOARD keymap compiler (xkbcomp) reports:
> Warning:          Could not resolve keysym XF86CameraAccessEnable
> Warning:          Could not resolve keysym XF86CameraAccessDisable
> Warning:          Could not resolve keysym XF86CameraAccessToggle
> Warning:          Could not resolve keysym XF86NextElement
> Warning:          Could not resolve keysym XF86PreviousElement
> Warning:          Could not resolve keysym XF86AutopilotEngageToggle
> Warning:          Could not resolve keysym XF86MarkWaypoint
> Warning:          Could not resolve keysym XF86Sos
> Warning:          Could not resolve keysym XF86NavChart
> Warning:          Could not resolve keysym XF86FishingChart
> Warning:          Could not resolve keysym XF86SingleRangeRadar
> Warning:          Could not resolve keysym XF86DualRangeRadar
> Warning:          Could not resolve keysym XF86RadarOverlay
> Warning:          Could not resolve keysym XF86TraditionalSonar
> Warning:          Could not resolve keysym XF86ClearvuSonar
> Warning:          Could not resolve keysym XF86SidevuSonar
> Warning:          Could not resolve keysym XF86NavInfo
Errors from xkbcomp are not fatal to the X server
/vol/bitbucket/mz325/envs/como/lib/python3.10/site-packages/lightning_lite/utilities/cloud_io.py:48: FutureWarning: You are using `torch.load` with `weights_only=False` (the current default value), which uses the default pickle module implicitly. It is possible to construct malicious pickle data which will execute arbitrary code during unpickling (See https://github.com/pytorch/pytorch/blob/main/SECURITY.md#untrusted-models for more details). In a future release, the default value for `weights_only` will be flipped to `True`. This limits the functions that could be executed during unpickling. Arbitrary objects will no longer be allowed to be loaded via this mode unless they are explicitly allowlisted by the user via `torch.serialization.add_safe_globals`. We recommend you start setting `weights_only=True` for any use case where you don't have full control of the loaded file. Please open an issue on GitHub for any issues related to this experimental feature.
  return torch.load(f, map_location=map_location)
libEGL warning: failed to open /dev/dri/card4: Permission denied

libEGL warning: failed to open /dev/dri/card3: Permission denied

libEGL warning: failed to open /dev/dri/card2: Permission denied

libEGL warning: failed to open /dev/dri/card1: Permission denied

libEGL warning: failed to open /dev/dri/card4: Permission denied

libEGL warning: failed to open /dev/dri/card3: Permission denied

libEGL warning: failed to open /dev/dri/card2: Permission denied

libEGL warning: failed to open /dev/dri/card1: Permission denied

libEGL warning: failed to open /dev/dri/card4: Permission denied

libEGL warning: failed to open /dev/dri/card3: Permission denied

libEGL warning: failed to open /dev/dri/card2: Permission denied

libEGL warning: failed to open /dev/dri/card1: Permission denied

The XKEYBOARD keymap compiler (xkbcomp) reports:
> Warning:          Could not resolve keysym XF86CameraAccessEnable
> Warning:          Could not resolve keysym XF86CameraAccessDisable
> Warning:          Could not resolve keysym XF86CameraAccessToggle
> Warning:          Could not resolve keysym XF86NextElement
> Warning:          Could not resolve keysym XF86PreviousElement
> Warning:          Could not resolve keysym XF86AutopilotEngageToggle
> Warning:          Could not resolve keysym XF86MarkWaypoint
> Warning:          Could not resolve keysym XF86Sos
> Warning:          Could not resolve keysym XF86NavChart
> Warning:          Could not resolve keysym XF86FishingChart
> Warning:          Could not resolve keysym XF86SingleRangeRadar
> Warning:          Could not resolve keysym XF86DualRangeRadar
> Warning:          Could not resolve keysym XF86RadarOverlay
> Warning:          Could not resolve keysym XF86TraditionalSonar
> Warning:          Could not resolve keysym XF86ClearvuSonar
> Warning:          Could not resolve keysym XF86SidevuSonar
> Warning:          Could not resolve keysym XF86NavInfo
Errors from xkbcomp are not fatal to the X server
_XSERVTransmkdir: Owner of /tmp/.X11-unix should be set to root
libEGL warning: failed to open /dev/dri/card4: Permission denied

libEGL warning: failed to open /dev/dri/card3: Permission denied

libEGL warning: failed to open /dev/dri/card2: Permission denied

libEGL warning: failed to open /dev/dri/card1: Permission denied

libEGL warning: failed to open /dev/dri/card4: Permission denied

libEGL warning: failed to open /dev/dri/card3: Permission denied

libEGL warning: failed to open /dev/dri/card2: Permission denied

libEGL warning: failed to open /dev/dri/card1: Permission denied

libEGL warning: failed to open /dev/dri/card4: Permission denied

libEGL warning: failed to open /dev/dri/card3: Permission denied

libEGL warning: failed to open /dev/dri/card2: Permission denied

libEGL warning: failed to open /dev/dri/card1: Permission denied

The XKEYBOARD keymap compiler (xkbcomp) reports:
> Warning:          Could not resolve keysym XF86CameraAccessEnable
> Warning:          Could not resolve keysym XF86CameraAccessDisable
> Warning:          Could not resolve keysym XF86CameraAccessToggle
> Warning:          Could not resolve keysym XF86NextElement
> Warning:          Could not resolve keysym XF86PreviousElement
> Warning:          Could not resolve keysym XF86AutopilotEngageToggle
> Warning:          Could not resolve keysym XF86MarkWaypoint
> Warning:          Could not resolve keysym XF86Sos
> Warning:          Could not resolve keysym XF86NavChart
> Warning:          Could not resolve keysym XF86FishingChart
> Warning:          Could not resolve keysym XF86SingleRangeRadar
> Warning:          Could not resolve keysym XF86DualRangeRadar
> Warning:          Could not resolve keysym XF86RadarOverlay
> Warning:          Could not resolve keysym XF86TraditionalSonar
> Warning:          Could not resolve keysym XF86ClearvuSonar
> Warning:          Could not resolve keysym XF86SidevuSonar
> Warning:          Could not resolve keysym XF86NavInfo
Errors from xkbcomp are not fatal to the X server
/vol/bitbucket/mz325/envs/como/lib/python3.10/site-packages/lightning_lite/utilities/cloud_io.py:48: FutureWarning: You are using `torch.load` with `weights_only=False` (the current default value), which uses the default pickle module implicitly. It is possible to construct malicious pickle data which will execute arbitrary code during unpickling (See https://github.com/pytorch/pytorch/blob/main/SECURITY.md#untrusted-models for more details). In a future release, the default value for `weights_only` will be flipped to `True`. This limits the functions that could be executed during unpickling. Arbitrary objects will no longer be allowed to be loaded via this mode unless they are explicitly allowlisted by the user via `torch.serialization.add_safe_globals`. We recommend you start setting `weights_only=True` for any use case where you don't have full control of the loaded file. Please open an issue on GitHub for any issues related to this experimental feature.
  return torch.load(f, map_location=map_location)
libEGL warning: failed to open /dev/dri/card4: Permission denied

libEGL warning: failed to open /dev/dri/card3: Permission denied

libEGL warning: failed to open /dev/dri/card2: Permission denied

libEGL warning: failed to open /dev/dri/card1: Permission denied

libEGL warning: failed to open /dev/dri/card4: Permission denied

libEGL warning: failed to open /dev/dri/card3: Permission denied

libEGL warning: failed to open /dev/dri/card2: Permission denied

libEGL warning: failed to open /dev/dri/card1: Permission denied

libEGL warning: failed to open /dev/dri/card4: Permission denied

libEGL warning: failed to open /dev/dri/card3: Permission denied

libEGL warning: failed to open /dev/dri/card2: Permission denied

libEGL warning: failed to open /dev/dri/card1: Permission denied

The XKEYBOARD keymap compiler (xkbcomp) reports:
> Warning:          Could not resolve keysym XF86CameraAccessEnable
> Warning:          Could not resolve keysym XF86CameraAccessDisable
> Warning:          Could not resolve keysym XF86CameraAccessToggle
> Warning:          Could not resolve keysym XF86NextElement
> Warning:          Could not resolve keysym XF86PreviousElement
> Warning:          Could not resolve keysym XF86AutopilotEngageToggle
> Warning:          Could not resolve keysym XF86MarkWaypoint
> Warning:          Could not resolve keysym XF86Sos
> Warning:          Could not resolve keysym XF86NavChart
> Warning:          Could not resolve keysym XF86FishingChart
> Warning:          Could not resolve keysym XF86SingleRangeRadar
> Warning:          Could not resolve keysym XF86DualRangeRadar
> Warning:          Could not resolve keysym XF86RadarOverlay
> Warning:          Could not resolve keysym XF86TraditionalSonar
> Warning:          Could not resolve keysym XF86ClearvuSonar
> Warning:          Could not resolve keysym XF86SidevuSonar
> Warning:          Could not resolve keysym XF86NavInfo
Errors from xkbcomp are not fatal to the X server
_XSERVTransmkdir: Owner of /tmp/.X11-unix should be set to root
libEGL warning: failed to open /dev/dri/card4: Permission denied

libEGL warning: failed to open /dev/dri/card3: Permission denied

libEGL warning: failed to open /dev/dri/card2: Permission denied

libEGL warning: failed to open /dev/dri/card1: Permission denied

libEGL warning: failed to open /dev/dri/card4: Permission denied

libEGL warning: failed to open /dev/dri/card3: Permission denied

libEGL warning: failed to open /dev/dri/card2: Permission denied

libEGL warning: failed to open /dev/dri/card1: Permission denied

libEGL warning: failed to open /dev/dri/card4: Permission denied

libEGL warning: failed to open /dev/dri/card3: Permission denied

libEGL warning: failed to open /dev/dri/card2: Permission denied

libEGL warning: failed to open /dev/dri/card1: Permission denied

The XKEYBOARD keymap compiler (xkbcomp) reports:
> Warning:          Could not resolve keysym XF86CameraAccessEnable
> Warning:          Could not resolve keysym XF86CameraAccessDisable
> Warning:          Could not resolve keysym XF86CameraAccessToggle
> Warning:          Could not resolve keysym XF86NextElement
> Warning:          Could not resolve keysym XF86PreviousElement
> Warning:          Could not resolve keysym XF86AutopilotEngageToggle
> Warning:          Could not resolve keysym XF86MarkWaypoint
> Warning:          Could not resolve keysym XF86Sos
> Warning:          Could not resolve keysym XF86NavChart
> Warning:          Could not resolve keysym XF86FishingChart
> Warning:          Could not resolve keysym XF86SingleRangeRadar
> Warning:          Could not resolve keysym XF86DualRangeRadar
> Warning:          Could not resolve keysym XF86RadarOverlay
> Warning:          Could not resolve keysym XF86TraditionalSonar
> Warning:          Could not resolve keysym XF86ClearvuSonar
> Warning:          Could not resolve keysym XF86SidevuSonar
> Warning:          Could not resolve keysym XF86NavInfo
Errors from xkbcomp are not fatal to the X server
/vol/bitbucket/mz325/envs/como/lib/python3.10/site-packages/lightning_lite/utilities/cloud_io.py:48: FutureWarning: You are using `torch.load` with `weights_only=False` (the current default value), which uses the default pickle module implicitly. It is possible to construct malicious pickle data which will execute arbitrary code during unpickling (See https://github.com/pytorch/pytorch/blob/main/SECURITY.md#untrusted-models for more details). In a future release, the default value for `weights_only` will be flipped to `True`. This limits the functions that could be executed during unpickling. Arbitrary objects will no longer be allowed to be loaded via this mode unless they are explicitly allowlisted by the user via `torch.serialization.add_safe_globals`. We recommend you start setting `weights_only=True` for any use case where you don't have full control of the loaded file. Please open an issue on GitHub for any issues related to this experimental feature.
  return torch.load(f, map_location=map_location)
libEGL warning: failed to open /dev/dri/card4: Permission denied

libEGL warning: failed to open /dev/dri/card3: Permission denied

libEGL warning: failed to open /dev/dri/card2: Permission denied

libEGL warning: failed to open /dev/dri/card1: Permission denied

libEGL warning: failed to open /dev/dri/card4: Permission denied

libEGL warning: failed to open /dev/dri/card3: Permission denied

libEGL warning: failed to open /dev/dri/card2: Permission denied

libEGL warning: failed to open /dev/dri/card1: Permission denied

libEGL warning: failed to open /dev/dri/card4: Permission denied

libEGL warning: failed to open /dev/dri/card3: Permission denied

libEGL warning: failed to open /dev/dri/card2: Permission denied

libEGL warning: failed to open /dev/dri/card1: Permission denied

The XKEYBOARD keymap compiler (xkbcomp) reports:
> Warning:          Could not resolve keysym XF86CameraAccessEnable
> Warning:          Could not resolve keysym XF86CameraAccessDisable
> Warning:          Could not resolve keysym XF86CameraAccessToggle
> Warning:          Could not resolve keysym XF86NextElement
> Warning:          Could not resolve keysym XF86PreviousElement
> Warning:          Could not resolve keysym XF86AutopilotEngageToggle
> Warning:          Could not resolve keysym XF86MarkWaypoint
> Warning:          Could not resolve keysym XF86Sos
> Warning:          Could not resolve keysym XF86NavChart
> Warning:          Could not resolve keysym XF86FishingChart
> Warning:          Could not resolve keysym XF86SingleRangeRadar
> Warning:          Could not resolve keysym XF86DualRangeRadar
> Warning:          Could not resolve keysym XF86RadarOverlay
> Warning:          Could not resolve keysym XF86TraditionalSonar
> Warning:          Could not resolve keysym XF86ClearvuSonar
> Warning:          Could not resolve keysym XF86SidevuSonar
> Warning:          Could not resolve keysym XF86NavInfo
Errors from xkbcomp are not fatal to the X server
/var/spool/slurm/d/job259377/slurm_script: line 87: 1125505 Segmentation fault      timeout 300 python como/como_dataset.py --dataset_type=tum --dataset_dir="${DATASET_DIR}"
_XSERVTransmkdir: Owner of /tmp/.X11-unix should be set to root
libEGL warning: failed to open /dev/dri/card4: Permission denied

libEGL warning: failed to open /dev/dri/card3: Permission denied

libEGL warning: failed to open /dev/dri/card2: Permission denied

libEGL warning: failed to open /dev/dri/card1: Permission denied

libEGL warning: failed to open /dev/dri/card4: Permission denied

libEGL warning: failed to open /dev/dri/card3: Permission denied

libEGL warning: failed to open /dev/dri/card2: Permission denied

libEGL warning: failed to open /dev/dri/card1: Permission denied

libEGL warning: failed to open /dev/dri/card4: Permission denied

libEGL warning: failed to open /dev/dri/card3: Permission denied

libEGL warning: failed to open /dev/dri/card2: Permission denied

libEGL warning: failed to open /dev/dri/card1: Permission denied

The XKEYBOARD keymap compiler (xkbcomp) reports:
> Warning:          Could not resolve keysym XF86CameraAccessEnable
> Warning:          Could not resolve keysym XF86CameraAccessDisable
> Warning:          Could not resolve keysym XF86CameraAccessToggle
> Warning:          Could not resolve keysym XF86NextElement
> Warning:          Could not resolve keysym XF86PreviousElement
> Warning:          Could not resolve keysym XF86AutopilotEngageToggle
> Warning:          Could not resolve keysym XF86MarkWaypoint
> Warning:          Could not resolve keysym XF86Sos
> Warning:          Could not resolve keysym XF86NavChart
> Warning:          Could not resolve keysym XF86FishingChart
> Warning:          Could not resolve keysym XF86SingleRangeRadar
> Warning:          Could not resolve keysym XF86DualRangeRadar
> Warning:          Could not resolve keysym XF86RadarOverlay
> Warning:          Could not resolve keysym XF86TraditionalSonar
> Warning:          Could not resolve keysym XF86ClearvuSonar
> Warning:          Could not resolve keysym XF86SidevuSonar
> Warning:          Could not resolve keysym XF86NavInfo
Errors from xkbcomp are not fatal to the X server
/vol/bitbucket/mz325/envs/como/lib/python3.10/site-packages/lightning_lite/utilities/cloud_io.py:48: FutureWarning: You are using `torch.load` with `weights_only=False` (the current default value), which uses the default pickle module implicitly. It is possible to construct malicious pickle data which will execute arbitrary code during unpickling (See https://github.com/pytorch/pytorch/blob/main/SECURITY.md#untrusted-models for more details). In a future release, the default value for `weights_only` will be flipped to `True`. This limits the functions that could be executed during unpickling. Arbitrary objects will no longer be allowed to be loaded via this mode unless they are explicitly allowlisted by the user via `torch.serialization.add_safe_globals`. We recommend you start setting `weights_only=True` for any use case where you don't have full control of the loaded file. Please open an issue on GitHub for any issues related to this experimental feature.
  return torch.load(f, map_location=map_location)
libEGL warning: failed to open /dev/dri/card4: Permission denied

libEGL warning: failed to open /dev/dri/card3: Permission denied

libEGL warning: failed to open /dev/dri/card2: Permission denied

libEGL warning: failed to open /dev/dri/card1: Permission denied

libEGL warning: failed to open /dev/dri/card4: Permission denied

libEGL warning: failed to open /dev/dri/card3: Permission denied

libEGL warning: failed to open /dev/dri/card2: Permission denied

libEGL warning: failed to open /dev/dri/card1: Permission denied

libEGL warning: failed to open /dev/dri/card4: Permission denied

libEGL warning: failed to open /dev/dri/card3: Permission denied

libEGL warning: failed to open /dev/dri/card2: Permission denied

libEGL warning: failed to open /dev/dri/card1: Permission denied

The XKEYBOARD keymap compiler (xkbcomp) reports:
> Warning:          Could not resolve keysym XF86CameraAccessEnable
> Warning:          Could not resolve keysym XF86CameraAccessDisable
> Warning:          Could not resolve keysym XF86CameraAccessToggle
> Warning:          Could not resolve keysym XF86NextElement
> Warning:          Could not resolve keysym XF86PreviousElement
> Warning:          Could not resolve keysym XF86AutopilotEngageToggle
> Warning:          Could not resolve keysym XF86MarkWaypoint
> Warning:          Could not resolve keysym XF86Sos
> Warning:          Could not resolve keysym XF86NavChart
> Warning:          Could not resolve keysym XF86FishingChart
> Warning:          Could not resolve keysym XF86SingleRangeRadar
> Warning:          Could not resolve keysym XF86DualRangeRadar
> Warning:          Could not resolve keysym XF86RadarOverlay
> Warning:          Could not resolve keysym XF86TraditionalSonar
> Warning:          Could not resolve keysym XF86ClearvuSonar
> Warning:          Could not resolve keysym XF86SidevuSonar
> Warning:          Could not resolve keysym XF86NavInfo
Errors from xkbcomp are not fatal to the X server
_XSERVTransmkdir: Owner of /tmp/.X11-unix should be set to root
libEGL warning: failed to open /dev/dri/card4: Permission denied

libEGL warning: failed to open /dev/dri/card3: Permission denied

libEGL warning: failed to open /dev/dri/card2: Permission denied

libEGL warning: failed to open /dev/dri/card1: Permission denied

libEGL warning: failed to open /dev/dri/card4: Permission denied

libEGL warning: failed to open /dev/dri/card3: Permission denied

libEGL warning: failed to open /dev/dri/card2: Permission denied

libEGL warning: failed to open /dev/dri/card1: Permission denied

libEGL warning: failed to open /dev/dri/card4: Permission denied

libEGL warning: failed to open /dev/dri/card3: Permission denied

libEGL warning: failed to open /dev/dri/card2: Permission denied

libEGL warning: failed to open /dev/dri/card1: Permission denied

The XKEYBOARD keymap compiler (xkbcomp) reports:
> Warning:          Could not resolve keysym XF86CameraAccessEnable
> Warning:          Could not resolve keysym XF86CameraAccessDisable
> Warning:          Could not resolve keysym XF86CameraAccessToggle
> Warning:          Could not resolve keysym XF86NextElement
> Warning:          Could not resolve keysym XF86PreviousElement
> Warning:          Could not resolve keysym XF86AutopilotEngageToggle
> Warning:          Could not resolve keysym XF86MarkWaypoint
> Warning:          Could not resolve keysym XF86Sos
> Warning:          Could not resolve keysym XF86NavChart
> Warning:          Could not resolve keysym XF86FishingChart
> Warning:          Could not resolve keysym XF86SingleRangeRadar
> Warning:          Could not resolve keysym XF86DualRangeRadar
> Warning:          Could not resolve keysym XF86RadarOverlay
> Warning:          Could not resolve keysym XF86TraditionalSonar
> Warning:          Could not resolve keysym XF86ClearvuSonar
> Warning:          Could not resolve keysym XF86SidevuSonar
> Warning:          Could not resolve keysym XF86NavInfo
Errors from xkbcomp are not fatal to the X server
/vol/bitbucket/mz325/envs/como/lib/python3.10/site-packages/lightning_lite/utilities/cloud_io.py:48: FutureWarning: You are using `torch.load` with `weights_only=False` (the current default value), which uses the default pickle module implicitly. It is possible to construct malicious pickle data which will execute arbitrary code during unpickling (See https://github.com/pytorch/pytorch/blob/main/SECURITY.md#untrusted-models for more details). In a future release, the default value for `weights_only` will be flipped to `True`. This limits the functions that could be executed during unpickling. Arbitrary objects will no longer be allowed to be loaded via this mode unless they are explicitly allowlisted by the user via `torch.serialization.add_safe_globals`. We recommend you start setting `weights_only=True` for any use case where you don't have full control of the loaded file. Please open an issue on GitHub for any issues related to this experimental feature.
  return torch.load(f, map_location=map_location)
libEGL warning: failed to open /dev/dri/card4: Permission denied

libEGL warning: failed to open /dev/dri/card3: Permission denied

libEGL warning: failed to open /dev/dri/card2: Permission denied

libEGL warning: failed to open /dev/dri/card1: Permission denied

libEGL warning: failed to open /dev/dri/card4: Permission denied

libEGL warning: failed to open /dev/dri/card3: Permission denied

libEGL warning: failed to open /dev/dri/card2: Permission denied

libEGL warning: failed to open /dev/dri/card1: Permission denied

libEGL warning: failed to open /dev/dri/card4: Permission denied

libEGL warning: failed to open /dev/dri/card3: Permission denied

libEGL warning: failed to open /dev/dri/card2: Permission denied

libEGL warning: failed to open /dev/dri/card1: Permission denied

The XKEYBOARD keymap compiler (xkbcomp) reports:
> Warning:          Could not resolve keysym XF86CameraAccessEnable
> Warning:          Could not resolve keysym XF86CameraAccessDisable
> Warning:          Could not resolve keysym XF86CameraAccessToggle
> Warning:          Could not resolve keysym XF86NextElement
> Warning:          Could not resolve keysym XF86PreviousElement
> Warning:          Could not resolve keysym XF86AutopilotEngageToggle
> Warning:          Could not resolve keysym XF86MarkWaypoint
> Warning:          Could not resolve keysym XF86Sos
> Warning:          Could not resolve keysym XF86NavChart
> Warning:          Could not resolve keysym XF86FishingChart
> Warning:          Could not resolve keysym XF86SingleRangeRadar
> Warning:          Could not resolve keysym XF86DualRangeRadar
> Warning:          Could not resolve keysym XF86RadarOverlay
> Warning:          Could not resolve keysym XF86TraditionalSonar
> Warning:          Could not resolve keysym XF86ClearvuSonar
> Warning:          Could not resolve keysym XF86SidevuSonar
> Warning:          Could not resolve keysym XF86NavInfo
Errors from xkbcomp are not fatal to the X server
_XSERVTransmkdir: Owner of /tmp/.X11-unix should be set to root
libEGL warning: failed to open /dev/dri/card4: Permission denied

libEGL warning: failed to open /dev/dri/card3: Permission denied

libEGL warning: failed to open /dev/dri/card2: Permission denied

libEGL warning: failed to open /dev/dri/card1: Permission denied

libEGL warning: failed to open /dev/dri/card4: Permission denied

libEGL warning: failed to open /dev/dri/card3: Permission denied

libEGL warning: failed to open /dev/dri/card2: Permission denied

libEGL warning: failed to open /dev/dri/card1: Permission denied

libEGL warning: failed to open /dev/dri/card4: Permission denied

libEGL warning: failed to open /dev/dri/card3: Permission denied

libEGL warning: failed to open /dev/dri/card2: Permission denied

libEGL warning: failed to open /dev/dri/card1: Permission denied

The XKEYBOARD keymap compiler (xkbcomp) reports:
> Warning:          Could not resolve keysym XF86CameraAccessEnable
> Warning:          Could not resolve keysym XF86CameraAccessDisable
> Warning:          Could not resolve keysym XF86CameraAccessToggle
> Warning:          Could not resolve keysym XF86NextElement
> Warning:          Could not resolve keysym XF86PreviousElement
> Warning:          Could not resolve keysym XF86AutopilotEngageToggle
> Warning:          Could not resolve keysym XF86MarkWaypoint
> Warning:          Could not resolve keysym XF86Sos
> Warning:          Could not resolve keysym XF86NavChart
> Warning:          Could not resolve keysym XF86FishingChart
> Warning:          Could not resolve keysym XF86SingleRangeRadar
> Warning:          Could not resolve keysym XF86DualRangeRadar
> Warning:          Could not resolve keysym XF86RadarOverlay
> Warning:          Could not resolve keysym XF86TraditionalSonar
> Warning:          Could not resolve keysym XF86ClearvuSonar
> Warning:          Could not resolve keysym XF86SidevuSonar
> Warning:          Could not resolve keysym XF86NavInfo
Errors from xkbcomp are not fatal to the X server
/vol/bitbucket/mz325/envs/como/lib/python3.10/site-packages/lightning_lite/utilities/cloud_io.py:48: FutureWarning: You are using `torch.load` with `weights_only=False` (the current default value), which uses the default pickle module implicitly. It is possible to construct malicious pickle data which will execute arbitrary code during unpickling (See https://github.com/pytorch/pytorch/blob/main/SECURITY.md#untrusted-models for more details). In a future release, the default value for `weights_only` will be flipped to `True`. This limits the functions that could be executed during unpickling. Arbitrary objects will no longer be allowed to be loaded via this mode unless they are explicitly allowlisted by the user via `torch.serialization.add_safe_globals`. We recommend you start setting `weights_only=True` for any use case where you don't have full control of the loaded file. Please open an issue on GitHub for any issues related to this experimental feature.
  return torch.load(f, map_location=map_location)
libEGL warning: failed to open /dev/dri/card4: Permission denied

libEGL warning: failed to open /dev/dri/card3: Permission denied

libEGL warning: failed to open /dev/dri/card2: Permission denied

libEGL warning: failed to open /dev/dri/card1: Permission denied

libEGL warning: failed to open /dev/dri/card4: Permission denied

libEGL warning: failed to open /dev/dri/card3: Permission denied

libEGL warning: failed to open /dev/dri/card2: Permission denied

libEGL warning: failed to open /dev/dri/card1: Permission denied

libEGL warning: failed to open /dev/dri/card4: Permission denied

libEGL warning: failed to open /dev/dri/card3: Permission denied

libEGL warning: failed to open /dev/dri/card2: Permission denied

libEGL warning: failed to open /dev/dri/card1: Permission denied

The XKEYBOARD keymap compiler (xkbcomp) reports:
> Warning:          Could not resolve keysym XF86CameraAccessEnable
> Warning:          Could not resolve keysym XF86CameraAccessDisable
> Warning:          Could not resolve keysym XF86CameraAccessToggle
> Warning:          Could not resolve keysym XF86NextElement
> Warning:          Could not resolve keysym XF86PreviousElement
> Warning:          Could not resolve keysym XF86AutopilotEngageToggle
> Warning:          Could not resolve keysym XF86MarkWaypoint
> Warning:          Could not resolve keysym XF86Sos
> Warning:          Could not resolve keysym XF86NavChart
> Warning:          Could not resolve keysym XF86FishingChart
> Warning:          Could not resolve keysym XF86SingleRangeRadar
> Warning:          Could not resolve keysym XF86DualRangeRadar
> Warning:          Could not resolve keysym XF86RadarOverlay
> Warning:          Could not resolve keysym XF86TraditionalSonar
> Warning:          Could not resolve keysym XF86ClearvuSonar
> Warning:          Could not resolve keysym XF86SidevuSonar
> Warning:          Could not resolve keysym XF86NavInfo
Errors from xkbcomp are not fatal to the X server
_XSERVTransmkdir: Owner of /tmp/.X11-unix should be set to root
libEGL warning: failed to open /dev/dri/card4: Permission denied

libEGL warning: failed to open /dev/dri/card3: Permission denied

libEGL warning: failed to open /dev/dri/card2: Permission denied

libEGL warning: failed to open /dev/dri/card1: Permission denied

libEGL warning: failed to open /dev/dri/card4: Permission denied

libEGL warning: failed to open /dev/dri/card3: Permission denied

libEGL warning: failed to open /dev/dri/card2: Permission denied

libEGL warning: failed to open /dev/dri/card1: Permission denied

libEGL warning: failed to open /dev/dri/card4: Permission denied

libEGL warning: failed to open /dev/dri/card3: Permission denied

libEGL warning: failed to open /dev/dri/card2: Permission denied

libEGL warning: failed to open /dev/dri/card1: Permission denied

The XKEYBOARD keymap compiler (xkbcomp) reports:
> Warning:          Could not resolve keysym XF86CameraAccessEnable
> Warning:          Could not resolve keysym XF86CameraAccessDisable
> Warning:          Could not resolve keysym XF86CameraAccessToggle
> Warning:          Could not resolve keysym XF86NextElement
> Warning:          Could not resolve keysym XF86PreviousElement
> Warning:          Could not resolve keysym XF86AutopilotEngageToggle
> Warning:          Could not resolve keysym XF86MarkWaypoint
> Warning:          Could not resolve keysym XF86Sos
> Warning:          Could not resolve keysym XF86NavChart
> Warning:          Could not resolve keysym XF86FishingChart
> Warning:          Could not resolve keysym XF86SingleRangeRadar
> Warning:          Could not resolve keysym XF86DualRangeRadar
> Warning:          Could not resolve keysym XF86RadarOverlay
> Warning:          Could not resolve keysym XF86TraditionalSonar
> Warning:          Could not resolve keysym XF86ClearvuSonar
> Warning:          Could not resolve keysym XF86SidevuSonar
> Warning:          Could not resolve keysym XF86NavInfo
Errors from xkbcomp are not fatal to the X server
/vol/bitbucket/mz325/envs/como/lib/python3.10/site-packages/lightning_lite/utilities/cloud_io.py:48: FutureWarning: You are using `torch.load` with `weights_only=False` (the current default value), which uses the default pickle module implicitly. It is possible to construct malicious pickle data which will execute arbitrary code during unpickling (See https://github.com/pytorch/pytorch/blob/main/SECURITY.md#untrusted-models for more details). In a future release, the default value for `weights_only` will be flipped to `True`. This limits the functions that could be executed during unpickling. Arbitrary objects will no longer be allowed to be loaded via this mode unless they are explicitly allowlisted by the user via `torch.serialization.add_safe_globals`. We recommend you start setting `weights_only=True` for any use case where you don't have full control of the loaded file. Please open an issue on GitHub for any issues related to this experimental feature.
  return torch.load(f, map_location=map_location)
libEGL warning: failed to open /dev/dri/card4: Permission denied

libEGL warning: failed to open /dev/dri/card3: Permission denied

libEGL warning: failed to open /dev/dri/card2: Permission denied

libEGL warning: failed to open /dev/dri/card1: Permission denied

libEGL warning: failed to open /dev/dri/card4: Permission denied

libEGL warning: failed to open /dev/dri/card3: Permission denied

libEGL warning: failed to open /dev/dri/card2: Permission denied

libEGL warning: failed to open /dev/dri/card1: Permission denied

libEGL warning: failed to open /dev/dri/card4: Permission denied

libEGL warning: failed to open /dev/dri/card3: Permission denied

libEGL warning: failed to open /dev/dri/card2: Permission denied

libEGL warning: failed to open /dev/dri/card1: Permission denied

The XKEYBOARD keymap compiler (xkbcomp) reports:
> Warning:          Could not resolve keysym XF86CameraAccessEnable
> Warning:          Could not resolve keysym XF86CameraAccessDisable
> Warning:          Could not resolve keysym XF86CameraAccessToggle
> Warning:          Could not resolve keysym XF86NextElement
> Warning:          Could not resolve keysym XF86PreviousElement
> Warning:          Could not resolve keysym XF86AutopilotEngageToggle
> Warning:          Could not resolve keysym XF86MarkWaypoint
> Warning:          Could not resolve keysym XF86Sos
> Warning:          Could not resolve keysym XF86NavChart
> Warning:          Could not resolve keysym XF86FishingChart
> Warning:          Could not resolve keysym XF86SingleRangeRadar
> Warning:          Could not resolve keysym XF86DualRangeRadar
> Warning:          Could not resolve keysym XF86RadarOverlay
> Warning:          Could not resolve keysym XF86TraditionalSonar
> Warning:          Could not resolve keysym XF86ClearvuSonar
> Warning:          Could not resolve keysym XF86SidevuSonar
> Warning:          Could not resolve keysym XF86NavInfo
Errors from xkbcomp are not fatal to the X server
_XSERVTransmkdir: Owner of /tmp/.X11-unix should be set to root
libEGL warning: failed to open /dev/dri/card4: Permission denied

libEGL warning: failed to open /dev/dri/card3: Permission denied

libEGL warning: failed to open /dev/dri/card2: Permission denied

libEGL warning: failed to open /dev/dri/card1: Permission denied

libEGL warning: failed to open /dev/dri/card4: Permission denied

libEGL warning: failed to open /dev/dri/card3: Permission denied

libEGL warning: failed to open /dev/dri/card2: Permission denied

libEGL warning: failed to open /dev/dri/card1: Permission denied

libEGL warning: failed to open /dev/dri/card4: Permission denied

libEGL warning: failed to open /dev/dri/card3: Permission denied

libEGL warning: failed to open /dev/dri/card2: Permission denied

libEGL warning: failed to open /dev/dri/card1: Permission denied

The XKEYBOARD keymap compiler (xkbcomp) reports:
> Warning:          Could not resolve keysym XF86CameraAccessEnable
> Warning:          Could not resolve keysym XF86CameraAccessDisable
> Warning:          Could not resolve keysym XF86CameraAccessToggle
> Warning:          Could not resolve keysym XF86NextElement
> Warning:          Could not resolve keysym XF86PreviousElement
> Warning:          Could not resolve keysym XF86AutopilotEngageToggle
> Warning:          Could not resolve keysym XF86MarkWaypoint
> Warning:          Could not resolve keysym XF86Sos
> Warning:          Could not resolve keysym XF86NavChart
> Warning:          Could not resolve keysym XF86FishingChart
> Warning:          Could not resolve keysym XF86SingleRangeRadar
> Warning:          Could not resolve keysym XF86DualRangeRadar
> Warning:          Could not resolve keysym XF86RadarOverlay
> Warning:          Could not resolve keysym XF86TraditionalSonar
> Warning:          Could not resolve keysym XF86ClearvuSonar
> Warning:          Could not resolve keysym XF86SidevuSonar
> Warning:          Could not resolve keysym XF86NavInfo
Errors from xkbcomp are not fatal to the X server
/vol/bitbucket/mz325/envs/como/lib/python3.10/site-packages/lightning_lite/utilities/cloud_io.py:48: FutureWarning: You are using `torch.load` with `weights_only=False` (the current default value), which uses the default pickle module implicitly. It is possible to construct malicious pickle data which will execute arbitrary code during unpickling (See https://github.com/pytorch/pytorch/blob/main/SECURITY.md#untrusted-models for more details). In a future release, the default value for `weights_only` will be flipped to `True`. This limits the functions that could be executed during unpickling. Arbitrary objects will no longer be allowed to be loaded via this mode unless they are explicitly allowlisted by the user via `torch.serialization.add_safe_globals`. We recommend you start setting `weights_only=True` for any use case where you don't have full control of the loaded file. Please open an issue on GitHub for any issues related to this experimental feature.
  return torch.load(f, map_location=map_location)
libEGL warning: failed to open /dev/dri/card4: Permission denied

libEGL warning: failed to open /dev/dri/card3: Permission denied

libEGL warning: failed to open /dev/dri/card2: Permission denied

libEGL warning: failed to open /dev/dri/card1: Permission denied

libEGL warning: failed to open /dev/dri/card4: Permission denied

libEGL warning: failed to open /dev/dri/card3: Permission denied

libEGL warning: failed to open /dev/dri/card2: Permission denied

libEGL warning: failed to open /dev/dri/card1: Permission denied

libEGL warning: failed to open /dev/dri/card4: Permission denied

libEGL warning: failed to open /dev/dri/card3: Permission denied

libEGL warning: failed to open /dev/dri/card2: Permission denied

libEGL warning: failed to open /dev/dri/card1: Permission denied

The XKEYBOARD keymap compiler (xkbcomp) reports:
> Warning:          Could not resolve keysym XF86CameraAccessEnable
> Warning:          Could not resolve keysym XF86CameraAccessDisable
> Warning:          Could not resolve keysym XF86CameraAccessToggle
> Warning:          Could not resolve keysym XF86NextElement
> Warning:          Could not resolve keysym XF86PreviousElement
> Warning:          Could not resolve keysym XF86AutopilotEngageToggle
> Warning:          Could not resolve keysym XF86MarkWaypoint
> Warning:          Could not resolve keysym XF86Sos
> Warning:          Could not resolve keysym XF86NavChart
> Warning:          Could not resolve keysym XF86FishingChart
> Warning:          Could not resolve keysym XF86SingleRangeRadar
> Warning:          Could not resolve keysym XF86DualRangeRadar
> Warning:          Could not resolve keysym XF86RadarOverlay
> Warning:          Could not resolve keysym XF86TraditionalSonar
> Warning:          Could not resolve keysym XF86ClearvuSonar
> Warning:          Could not resolve keysym XF86SidevuSonar
> Warning:          Could not resolve keysym XF86NavInfo
Errors from xkbcomp are not fatal to the X server
_XSERVTransmkdir: Owner of /tmp/.X11-unix should be set to root
libEGL warning: failed to open /dev/dri/card4: Permission denied

libEGL warning: failed to open /dev/dri/card3: Permission denied

libEGL warning: failed to open /dev/dri/card2: Permission denied

libEGL warning: failed to open /dev/dri/card1: Permission denied

libEGL warning: failed to open /dev/dri/card4: Permission denied

libEGL warning: failed to open /dev/dri/card3: Permission denied

libEGL warning: failed to open /dev/dri/card2: Permission denied

libEGL warning: failed to open /dev/dri/card1: Permission denied

libEGL warning: failed to open /dev/dri/card4: Permission denied

libEGL warning: failed to open /dev/dri/card3: Permission denied

libEGL warning: failed to open /dev/dri/card2: Permission denied

libEGL warning: failed to open /dev/dri/card1: Permission denied

The XKEYBOARD keymap compiler (xkbcomp) reports:
> Warning:          Could not resolve keysym XF86CameraAccessEnable
> Warning:          Could not resolve keysym XF86CameraAccessDisable
> Warning:          Could not resolve keysym XF86CameraAccessToggle
> Warning:          Could not resolve keysym XF86NextElement
> Warning:          Could not resolve keysym XF86PreviousElement
> Warning:          Could not resolve keysym XF86AutopilotEngageToggle
> Warning:          Could not resolve keysym XF86MarkWaypoint
> Warning:          Could not resolve keysym XF86Sos
> Warning:          Could not resolve keysym XF86NavChart
> Warning:          Could not resolve keysym XF86FishingChart
> Warning:          Could not resolve keysym XF86SingleRangeRadar
> Warning:          Could not resolve keysym XF86DualRangeRadar
> Warning:          Could not resolve keysym XF86RadarOverlay
> Warning:          Could not resolve keysym XF86TraditionalSonar
> Warning:          Could not resolve keysym XF86ClearvuSonar
> Warning:          Could not resolve keysym XF86SidevuSonar
> Warning:          Could not resolve keysym XF86NavInfo
Errors from xkbcomp are not fatal to the X server
/vol/bitbucket/mz325/envs/como/lib/python3.10/site-packages/lightning_lite/utilities/cloud_io.py:48: FutureWarning: You are using `torch.load` with `weights_only=False` (the current default value), which uses the default pickle module implicitly. It is possible to construct malicious pickle data which will execute arbitrary code during unpickling (See https://github.com/pytorch/pytorch/blob/main/SECURITY.md#untrusted-models for more details). In a future release, the default value for `weights_only` will be flipped to `True`. This limits the functions that could be executed during unpickling. Arbitrary objects will no longer be allowed to be loaded via this mode unless they are explicitly allowlisted by the user via `torch.serialization.add_safe_globals`. We recommend you start setting `weights_only=True` for any use case where you don't have full control of the loaded file. Please open an issue on GitHub for any issues related to this experimental feature.
  return torch.load(f, map_location=map_location)
libEGL warning: failed to open /dev/dri/card4: Permission denied

libEGL warning: failed to open /dev/dri/card3: Permission denied

libEGL warning: failed to open /dev/dri/card2: Permission denied

libEGL warning: failed to open /dev/dri/card1: Permission denied

libEGL warning: failed to open /dev/dri/card4: Permission denied

libEGL warning: failed to open /dev/dri/card3: Permission denied

libEGL warning: failed to open /dev/dri/card2: Permission denied

libEGL warning: failed to open /dev/dri/card1: Permission denied

libEGL warning: failed to open /dev/dri/card4: Permission denied

libEGL warning: failed to open /dev/dri/card3: Permission denied

libEGL warning: failed to open /dev/dri/card2: Permission denied

libEGL warning: failed to open /dev/dri/card1: Permission denied

The XKEYBOARD keymap compiler (xkbcomp) reports:
> Warning:          Could not resolve keysym XF86CameraAccessEnable
> Warning:          Could not resolve keysym XF86CameraAccessDisable
> Warning:          Could not resolve keysym XF86CameraAccessToggle
> Warning:          Could not resolve keysym XF86NextElement
> Warning:          Could not resolve keysym XF86PreviousElement
> Warning:          Could not resolve keysym XF86AutopilotEngageToggle
> Warning:          Could not resolve keysym XF86MarkWaypoint
> Warning:          Could not resolve keysym XF86Sos
> Warning:          Could not resolve keysym XF86NavChart
> Warning:          Could not resolve keysym XF86FishingChart
> Warning:          Could not resolve keysym XF86SingleRangeRadar
> Warning:          Could not resolve keysym XF86DualRangeRadar
> Warning:          Could not resolve keysym XF86RadarOverlay
> Warning:          Could not resolve keysym XF86TraditionalSonar
> Warning:          Could not resolve keysym XF86ClearvuSonar
> Warning:          Could not resolve keysym XF86SidevuSonar
> Warning:          Could not resolve keysym XF86NavInfo
Errors from xkbcomp are not fatal to the X server
_XSERVTransmkdir: Owner of /tmp/.X11-unix should be set to root
libEGL warning: failed to open /dev/dri/card4: Permission denied

libEGL warning: failed to open /dev/dri/card3: Permission denied

libEGL warning: failed to open /dev/dri/card2: Permission denied

libEGL warning: failed to open /dev/dri/card1: Permission denied

libEGL warning: failed to open /dev/dri/card4: Permission denied

libEGL warning: failed to open /dev/dri/card3: Permission denied

libEGL warning: failed to open /dev/dri/card2: Permission denied

libEGL warning: failed to open /dev/dri/card1: Permission denied

libEGL warning: failed to open /dev/dri/card4: Permission denied

libEGL warning: failed to open /dev/dri/card3: Permission denied

libEGL warning: failed to open /dev/dri/card2: Permission denied

libEGL warning: failed to open /dev/dri/card1: Permission denied

The XKEYBOARD keymap compiler (xkbcomp) reports:
> Warning:          Could not resolve keysym XF86CameraAccessEnable
> Warning:          Could not resolve keysym XF86CameraAccessDisable
> Warning:          Could not resolve keysym XF86CameraAccessToggle
> Warning:          Could not resolve keysym XF86NextElement
> Warning:          Could not resolve keysym XF86PreviousElement
> Warning:          Could not resolve keysym XF86AutopilotEngageToggle
> Warning:          Could not resolve keysym XF86MarkWaypoint
> Warning:          Could not resolve keysym XF86Sos
> Warning:          Could not resolve keysym XF86NavChart
> Warning:          Could not resolve keysym XF86FishingChart
> Warning:          Could not resolve keysym XF86SingleRangeRadar
> Warning:          Could not resolve keysym XF86DualRangeRadar
> Warning:          Could not resolve keysym XF86RadarOverlay
> Warning:          Could not resolve keysym XF86TraditionalSonar
> Warning:          Could not resolve keysym XF86ClearvuSonar
> Warning:          Could not resolve keysym XF86SidevuSonar
> Warning:          Could not resolve keysym XF86NavInfo
Errors from xkbcomp are not fatal to the X server
/vol/bitbucket/mz325/envs/como/lib/python3.10/site-packages/lightning_lite/utilities/cloud_io.py:48: FutureWarning: You are using `torch.load` with `weights_only=False` (the current default value), which uses the default pickle module implicitly. It is possible to construct malicious pickle data which will execute arbitrary code during unpickling (See https://github.com/pytorch/pytorch/blob/main/SECURITY.md#untrusted-models for more details). In a future release, the default value for `weights_only` will be flipped to `True`. This limits the functions that could be executed during unpickling. Arbitrary objects will no longer be allowed to be loaded via this mode unless they are explicitly allowlisted by the user via `torch.serialization.add_safe_globals`. We recommend you start setting `weights_only=True` for any use case where you don't have full control of the loaded file. Please open an issue on GitHub for any issues related to this experimental feature.
  return torch.load(f, map_location=map_location)
libEGL warning: failed to open /dev/dri/card4: Permission denied

libEGL warning: failed to open /dev/dri/card3: Permission denied

libEGL warning: failed to open /dev/dri/card2: Permission denied

libEGL warning: failed to open /dev/dri/card1: Permission denied

libEGL warning: failed to open /dev/dri/card4: Permission denied

libEGL warning: failed to open /dev/dri/card3: Permission denied

libEGL warning: failed to open /dev/dri/card2: Permission denied

libEGL warning: failed to open /dev/dri/card1: Permission denied

libEGL warning: failed to open /dev/dri/card4: Permission denied

libEGL warning: failed to open /dev/dri/card3: Permission denied

libEGL warning: failed to open /dev/dri/card2: Permission denied

libEGL warning: failed to open /dev/dri/card1: Permission denied

The XKEYBOARD keymap compiler (xkbcomp) reports:
> Warning:          Could not resolve keysym XF86CameraAccessEnable
> Warning:          Could not resolve keysym XF86CameraAccessDisable
> Warning:          Could not resolve keysym XF86CameraAccessToggle
> Warning:          Could not resolve keysym XF86NextElement
> Warning:          Could not resolve keysym XF86PreviousElement
> Warning:          Could not resolve keysym XF86AutopilotEngageToggle
> Warning:          Could not resolve keysym XF86MarkWaypoint
> Warning:          Could not resolve keysym XF86Sos
> Warning:          Could not resolve keysym XF86NavChart
> Warning:          Could not resolve keysym XF86FishingChart
> Warning:          Could not resolve keysym XF86SingleRangeRadar
> Warning:          Could not resolve keysym XF86DualRangeRadar
> Warning:          Could not resolve keysym XF86RadarOverlay
> Warning:          Could not resolve keysym XF86TraditionalSonar
> Warning:          Could not resolve keysym XF86ClearvuSonar
> Warning:          Could not resolve keysym XF86SidevuSonar
> Warning:          Could not resolve keysym XF86NavInfo
Errors from xkbcomp are not fatal to the X server
_XSERVTransmkdir: Owner of /tmp/.X11-unix should be set to root
libEGL warning: failed to open /dev/dri/card4: Permission denied

libEGL warning: failed to open /dev/dri/card3: Permission denied

libEGL warning: failed to open /dev/dri/card2: Permission denied

libEGL warning: failed to open /dev/dri/card1: Permission denied

libEGL warning: failed to open /dev/dri/card4: Permission denied

libEGL warning: failed to open /dev/dri/card3: Permission denied

libEGL warning: failed to open /dev/dri/card2: Permission denied

libEGL warning: failed to open /dev/dri/card1: Permission denied

libEGL warning: failed to open /dev/dri/card4: Permission denied

libEGL warning: failed to open /dev/dri/card3: Permission denied

libEGL warning: failed to open /dev/dri/card2: Permission denied

libEGL warning: failed to open /dev/dri/card1: Permission denied

The XKEYBOARD keymap compiler (xkbcomp) reports:
> Warning:          Could not resolve keysym XF86CameraAccessEnable
> Warning:          Could not resolve keysym XF86CameraAccessDisable
> Warning:          Could not resolve keysym XF86CameraAccessToggle
> Warning:          Could not resolve keysym XF86NextElement
> Warning:          Could not resolve keysym XF86PreviousElement
> Warning:          Could not resolve keysym XF86AutopilotEngageToggle
> Warning:          Could not resolve keysym XF86MarkWaypoint
> Warning:          Could not resolve keysym XF86Sos
> Warning:          Could not resolve keysym XF86NavChart
> Warning:          Could not resolve keysym XF86FishingChart
> Warning:          Could not resolve keysym XF86SingleRangeRadar
> Warning:          Could not resolve keysym XF86DualRangeRadar
> Warning:          Could not resolve keysym XF86RadarOverlay
> Warning:          Could not resolve keysym XF86TraditionalSonar
> Warning:          Could not resolve keysym XF86ClearvuSonar
> Warning:          Could not resolve keysym XF86SidevuSonar
> Warning:          Could not resolve keysym XF86NavInfo
Errors from xkbcomp are not fatal to the X server
/vol/bitbucket/mz325/envs/como/lib/python3.10/site-packages/lightning_lite/utilities/cloud_io.py:48: FutureWarning: You are using `torch.load` with `weights_only=False` (the current default value), which uses the default pickle module implicitly. It is possible to construct malicious pickle data which will execute arbitrary code during unpickling (See https://github.com/pytorch/pytorch/blob/main/SECURITY.md#untrusted-models for more details). In a future release, the default value for `weights_only` will be flipped to `True`. This limits the functions that could be executed during unpickling. Arbitrary objects will no longer be allowed to be loaded via this mode unless they are explicitly allowlisted by the user via `torch.serialization.add_safe_globals`. We recommend you start setting `weights_only=True` for any use case where you don't have full control of the loaded file. Please open an issue on GitHub for any issues related to this experimental feature.
  return torch.load(f, map_location=map_location)
libEGL warning: failed to open /dev/dri/card4: Permission denied

libEGL warning: failed to open /dev/dri/card3: Permission denied

libEGL warning: failed to open /dev/dri/card2: Permission denied

libEGL warning: failed to open /dev/dri/card1: Permission denied

libEGL warning: failed to open /dev/dri/card4: Permission denied

libEGL warning: failed to open /dev/dri/card3: Permission denied

libEGL warning: failed to open /dev/dri/card2: Permission denied

libEGL warning: failed to open /dev/dri/card1: Permission denied

libEGL warning: failed to open /dev/dri/card4: Permission denied

libEGL warning: failed to open /dev/dri/card3: Permission denied

libEGL warning: failed to open /dev/dri/card2: Permission denied

libEGL warning: failed to open /dev/dri/card1: Permission denied

The XKEYBOARD keymap compiler (xkbcomp) reports:
> Warning:          Could not resolve keysym XF86CameraAccessEnable
> Warning:          Could not resolve keysym XF86CameraAccessDisable
> Warning:          Could not resolve keysym XF86CameraAccessToggle
> Warning:          Could not resolve keysym XF86NextElement
> Warning:          Could not resolve keysym XF86PreviousElement
> Warning:          Could not resolve keysym XF86AutopilotEngageToggle
> Warning:          Could not resolve keysym XF86MarkWaypoint
> Warning:          Could not resolve keysym XF86Sos
> Warning:          Could not resolve keysym XF86NavChart
> Warning:          Could not resolve keysym XF86FishingChart
> Warning:          Could not resolve keysym XF86SingleRangeRadar
> Warning:          Could not resolve keysym XF86DualRangeRadar
> Warning:          Could not resolve keysym XF86RadarOverlay
> Warning:          Could not resolve keysym XF86TraditionalSonar
> Warning:          Could not resolve keysym XF86ClearvuSonar
> Warning:          Could not resolve keysym XF86SidevuSonar
> Warning:          Could not resolve keysym XF86NavInfo
Errors from xkbcomp are not fatal to the X server
_XSERVTransmkdir: Owner of /tmp/.X11-unix should be set to root
libEGL warning: failed to open /dev/dri/card4: Permission denied

libEGL warning: failed to open /dev/dri/card3: Permission denied

libEGL warning: failed to open /dev/dri/card2: Permission denied

libEGL warning: failed to open /dev/dri/card1: Permission denied

libEGL warning: failed to open /dev/dri/card4: Permission denied

libEGL warning: failed to open /dev/dri/card3: Permission denied

libEGL warning: failed to open /dev/dri/card2: Permission denied

libEGL warning: failed to open /dev/dri/card1: Permission denied

libEGL warning: failed to open /dev/dri/card4: Permission denied

libEGL warning: failed to open /dev/dri/card3: Permission denied

libEGL warning: failed to open /dev/dri/card2: Permission denied

libEGL warning: failed to open /dev/dri/card1: Permission denied

The XKEYBOARD keymap compiler (xkbcomp) reports:
> Warning:          Could not resolve keysym XF86CameraAccessEnable
> Warning:          Could not resolve keysym XF86CameraAccessDisable
> Warning:          Could not resolve keysym XF86CameraAccessToggle
> Warning:          Could not resolve keysym XF86NextElement
> Warning:          Could not resolve keysym XF86PreviousElement
> Warning:          Could not resolve keysym XF86AutopilotEngageToggle
> Warning:          Could not resolve keysym XF86MarkWaypoint
> Warning:          Could not resolve keysym XF86Sos
> Warning:          Could not resolve keysym XF86NavChart
> Warning:          Could not resolve keysym XF86FishingChart
> Warning:          Could not resolve keysym XF86SingleRangeRadar
> Warning:          Could not resolve keysym XF86DualRangeRadar
> Warning:          Could not resolve keysym XF86RadarOverlay
> Warning:          Could not resolve keysym XF86TraditionalSonar
> Warning:          Could not resolve keysym XF86ClearvuSonar
> Warning:          Could not resolve keysym XF86SidevuSonar
> Warning:          Could not resolve keysym XF86NavInfo
Errors from xkbcomp are not fatal to the X server
/vol/bitbucket/mz325/envs/como/lib/python3.10/site-packages/lightning_lite/utilities/cloud_io.py:48: FutureWarning: You are using `torch.load` with `weights_only=False` (the current default value), which uses the default pickle module implicitly. It is possible to construct malicious pickle data which will execute arbitrary code during unpickling (See https://github.com/pytorch/pytorch/blob/main/SECURITY.md#untrusted-models for more details). In a future release, the default value for `weights_only` will be flipped to `True`. This limits the functions that could be executed during unpickling. Arbitrary objects will no longer be allowed to be loaded via this mode unless they are explicitly allowlisted by the user via `torch.serialization.add_safe_globals`. We recommend you start setting `weights_only=True` for any use case where you don't have full control of the loaded file. Please open an issue on GitHub for any issues related to this experimental feature.
  return torch.load(f, map_location=map_location)
libEGL warning: failed to open /dev/dri/card4: Permission denied

libEGL warning: failed to open /dev/dri/card3: Permission denied

libEGL warning: failed to open /dev/dri/card2: Permission denied

libEGL warning: failed to open /dev/dri/card1: Permission denied

libEGL warning: failed to open /dev/dri/card4: Permission denied

libEGL warning: failed to open /dev/dri/card3: Permission denied

libEGL warning: failed to open /dev/dri/card2: Permission denied

libEGL warning: failed to open /dev/dri/card1: Permission denied

libEGL warning: failed to open /dev/dri/card4: Permission denied

libEGL warning: failed to open /dev/dri/card3: Permission denied

libEGL warning: failed to open /dev/dri/card2: Permission denied

libEGL warning: failed to open /dev/dri/card1: Permission denied

The XKEYBOARD keymap compiler (xkbcomp) reports:
> Warning:          Could not resolve keysym XF86CameraAccessEnable
> Warning:          Could not resolve keysym XF86CameraAccessDisable
> Warning:          Could not resolve keysym XF86CameraAccessToggle
> Warning:          Could not resolve keysym XF86NextElement
> Warning:          Could not resolve keysym XF86PreviousElement
> Warning:          Could not resolve keysym XF86AutopilotEngageToggle
> Warning:          Could not resolve keysym XF86MarkWaypoint
> Warning:          Could not resolve keysym XF86Sos
> Warning:          Could not resolve keysym XF86NavChart
> Warning:          Could not resolve keysym XF86FishingChart
> Warning:          Could not resolve keysym XF86SingleRangeRadar
> Warning:          Could not resolve keysym XF86DualRangeRadar
> Warning:          Could not resolve keysym XF86RadarOverlay
> Warning:          Could not resolve keysym XF86TraditionalSonar
> Warning:          Could not resolve keysym XF86ClearvuSonar
> Warning:          Could not resolve keysym XF86SidevuSonar
> Warning:          Could not resolve keysym XF86NavInfo
Errors from xkbcomp are not fatal to the X server
_XSERVTransmkdir: Owner of /tmp/.X11-unix should be set to root
libEGL warning: failed to open /dev/dri/card4: Permission denied

libEGL warning: failed to open /dev/dri/card3: Permission denied

libEGL warning: failed to open /dev/dri/card2: Permission denied

libEGL warning: failed to open /dev/dri/card1: Permission denied

libEGL warning: failed to open /dev/dri/card4: Permission denied

libEGL warning: failed to open /dev/dri/card3: Permission denied

libEGL warning: failed to open /dev/dri/card2: Permission denied

libEGL warning: failed to open /dev/dri/card1: Permission denied

libEGL warning: failed to open /dev/dri/card4: Permission denied

libEGL warning: failed to open /dev/dri/card3: Permission denied

libEGL warning: failed to open /dev/dri/card2: Permission denied

libEGL warning: failed to open /dev/dri/card1: Permission denied

The XKEYBOARD keymap compiler (xkbcomp) reports:
> Warning:          Could not resolve keysym XF86CameraAccessEnable
> Warning:          Could not resolve keysym XF86CameraAccessDisable
> Warning:          Could not resolve keysym XF86CameraAccessToggle
> Warning:          Could not resolve keysym XF86NextElement
> Warning:          Could not resolve keysym XF86PreviousElement
> Warning:          Could not resolve keysym XF86AutopilotEngageToggle
> Warning:          Could not resolve keysym XF86MarkWaypoint
> Warning:          Could not resolve keysym XF86Sos
> Warning:          Could not resolve keysym XF86NavChart
> Warning:          Could not resolve keysym XF86FishingChart
> Warning:          Could not resolve keysym XF86SingleRangeRadar
> Warning:          Could not resolve keysym XF86DualRangeRadar
> Warning:          Could not resolve keysym XF86RadarOverlay
> Warning:          Could not resolve keysym XF86TraditionalSonar
> Warning:          Could not resolve keysym XF86ClearvuSonar
> Warning:          Could not resolve keysym XF86SidevuSonar
> Warning:          Could not resolve keysym XF86NavInfo
Errors from xkbcomp are not fatal to the X server
/vol/bitbucket/mz325/envs/como/lib/python3.10/site-packages/lightning_lite/utilities/cloud_io.py:48: FutureWarning: You are using `torch.load` with `weights_only=False` (the current default value), which uses the default pickle module implicitly. It is possible to construct malicious pickle data which will execute arbitrary code during unpickling (See https://github.com/pytorch/pytorch/blob/main/SECURITY.md#untrusted-models for more details). In a future release, the default value for `weights_only` will be flipped to `True`. This limits the functions that could be executed during unpickling. Arbitrary objects will no longer be allowed to be loaded via this mode unless they are explicitly allowlisted by the user via `torch.serialization.add_safe_globals`. We recommend you start setting `weights_only=True` for any use case where you don't have full control of the loaded file. Please open an issue on GitHub for any issues related to this experimental feature.
  return torch.load(f, map_location=map_location)
libEGL warning: failed to open /dev/dri/card4: Permission denied

libEGL warning: failed to open /dev/dri/card3: Permission denied

libEGL warning: failed to open /dev/dri/card2: Permission denied

libEGL warning: failed to open /dev/dri/card1: Permission denied

libEGL warning: failed to open /dev/dri/card4: Permission denied

libEGL warning: failed to open /dev/dri/card3: Permission denied

libEGL warning: failed to open /dev/dri/card2: Permission denied

libEGL warning: failed to open /dev/dri/card1: Permission denied

libEGL warning: failed to open /dev/dri/card4: Permission denied

libEGL warning: failed to open /dev/dri/card3: Permission denied

libEGL warning: failed to open /dev/dri/card2: Permission denied

libEGL warning: failed to open /dev/dri/card1: Permission denied

The XKEYBOARD keymap compiler (xkbcomp) reports:
> Warning:          Could not resolve keysym XF86CameraAccessEnable
> Warning:          Could not resolve keysym XF86CameraAccessDisable
> Warning:          Could not resolve keysym XF86CameraAccessToggle
> Warning:          Could not resolve keysym XF86NextElement
> Warning:          Could not resolve keysym XF86PreviousElement
> Warning:          Could not resolve keysym XF86AutopilotEngageToggle
> Warning:          Could not resolve keysym XF86MarkWaypoint
> Warning:          Could not resolve keysym XF86Sos
> Warning:          Could not resolve keysym XF86NavChart
> Warning:          Could not resolve keysym XF86FishingChart
> Warning:          Could not resolve keysym XF86SingleRangeRadar
> Warning:          Could not resolve keysym XF86DualRangeRadar
> Warning:          Could not resolve keysym XF86RadarOverlay
> Warning:          Could not resolve keysym XF86TraditionalSonar
> Warning:          Could not resolve keysym XF86ClearvuSonar
> Warning:          Could not resolve keysym XF86SidevuSonar
> Warning:          Could not resolve keysym XF86NavInfo
Errors from xkbcomp are not fatal to the X server
_XSERVTransmkdir: Owner of /tmp/.X11-unix should be set to root
libEGL warning: failed to open /dev/dri/card4: Permission denied

libEGL warning: failed to open /dev/dri/card3: Permission denied

libEGL warning: failed to open /dev/dri/card2: Permission denied

libEGL warning: failed to open /dev/dri/card1: Permission denied

libEGL warning: failed to open /dev/dri/card4: Permission denied

libEGL warning: failed to open /dev/dri/card3: Permission denied

libEGL warning: failed to open /dev/dri/card2: Permission denied

libEGL warning: failed to open /dev/dri/card1: Permission denied

libEGL warning: failed to open /dev/dri/card4: Permission denied

libEGL warning: failed to open /dev/dri/card3: Permission denied

libEGL warning: failed to open /dev/dri/card2: Permission denied

libEGL warning: failed to open /dev/dri/card1: Permission denied

The XKEYBOARD keymap compiler (xkbcomp) reports:
> Warning:          Could not resolve keysym XF86CameraAccessEnable
> Warning:          Could not resolve keysym XF86CameraAccessDisable
> Warning:          Could not resolve keysym XF86CameraAccessToggle
> Warning:          Could not resolve keysym XF86NextElement
> Warning:          Could not resolve keysym XF86PreviousElement
> Warning:          Could not resolve keysym XF86AutopilotEngageToggle
> Warning:          Could not resolve keysym XF86MarkWaypoint
> Warning:          Could not resolve keysym XF86Sos
> Warning:          Could not resolve keysym XF86NavChart
> Warning:          Could not resolve keysym XF86FishingChart
> Warning:          Could not resolve keysym XF86SingleRangeRadar
> Warning:          Could not resolve keysym XF86DualRangeRadar
> Warning:          Could not resolve keysym XF86RadarOverlay
> Warning:          Could not resolve keysym XF86TraditionalSonar
> Warning:          Could not resolve keysym XF86ClearvuSonar
> Warning:          Could not resolve keysym XF86SidevuSonar
> Warning:          Could not resolve keysym XF86NavInfo
Errors from xkbcomp are not fatal to the X server
/vol/bitbucket/mz325/envs/como/lib/python3.10/site-packages/lightning_lite/utilities/cloud_io.py:48: FutureWarning: You are using `torch.load` with `weights_only=False` (the current default value), which uses the default pickle module implicitly. It is possible to construct malicious pickle data which will execute arbitrary code during unpickling (See https://github.com/pytorch/pytorch/blob/main/SECURITY.md#untrusted-models for more details). In a future release, the default value for `weights_only` will be flipped to `True`. This limits the functions that could be executed during unpickling. Arbitrary objects will no longer be allowed to be loaded via this mode unless they are explicitly allowlisted by the user via `torch.serialization.add_safe_globals`. We recommend you start setting `weights_only=True` for any use case where you don't have full control of the loaded file. Please open an issue on GitHub for any issues related to this experimental feature.
  return torch.load(f, map_location=map_location)
libEGL warning: failed to open /dev/dri/card4: Permission denied

libEGL warning: failed to open /dev/dri/card3: Permission denied

libEGL warning: failed to open /dev/dri/card2: Permission denied

libEGL warning: failed to open /dev/dri/card1: Permission denied

libEGL warning: failed to open /dev/dri/card4: Permission denied

libEGL warning: failed to open /dev/dri/card3: Permission denied

libEGL warning: failed to open /dev/dri/card2: Permission denied

libEGL warning: failed to open /dev/dri/card1: Permission denied

libEGL warning: failed to open /dev/dri/card4: Permission denied

libEGL warning: failed to open /dev/dri/card3: Permission denied

libEGL warning: failed to open /dev/dri/card2: Permission denied

libEGL warning: failed to open /dev/dri/card1: Permission denied

The XKEYBOARD keymap compiler (xkbcomp) reports:
> Warning:          Could not resolve keysym XF86CameraAccessEnable
> Warning:          Could not resolve keysym XF86CameraAccessDisable
> Warning:          Could not resolve keysym XF86CameraAccessToggle
> Warning:          Could not resolve keysym XF86NextElement
> Warning:          Could not resolve keysym XF86PreviousElement
> Warning:          Could not resolve keysym XF86AutopilotEngageToggle
> Warning:          Could not resolve keysym XF86MarkWaypoint
> Warning:          Could not resolve keysym XF86Sos
> Warning:          Could not resolve keysym XF86NavChart
> Warning:          Could not resolve keysym XF86FishingChart
> Warning:          Could not resolve keysym XF86SingleRangeRadar
> Warning:          Could not resolve keysym XF86DualRangeRadar
> Warning:          Could not resolve keysym XF86RadarOverlay
> Warning:          Could not resolve keysym XF86TraditionalSonar
> Warning:          Could not resolve keysym XF86ClearvuSonar
> Warning:          Could not resolve keysym XF86SidevuSonar
> Warning:          Could not resolve keysym XF86NavInfo
Errors from xkbcomp are not fatal to the X server
_XSERVTransmkdir: Owner of /tmp/.X11-unix should be set to root
libEGL warning: failed to open /dev/dri/card4: Permission denied

libEGL warning: failed to open /dev/dri/card3: Permission denied

libEGL warning: failed to open /dev/dri/card2: Permission denied

libEGL warning: failed to open /dev/dri/card1: Permission denied

libEGL warning: failed to open /dev/dri/card4: Permission denied

libEGL warning: failed to open /dev/dri/card3: Permission denied

libEGL warning: failed to open /dev/dri/card2: Permission denied

libEGL warning: failed to open /dev/dri/card1: Permission denied

libEGL warning: failed to open /dev/dri/card4: Permission denied

libEGL warning: failed to open /dev/dri/card3: Permission denied

libEGL warning: failed to open /dev/dri/card2: Permission denied

libEGL warning: failed to open /dev/dri/card1: Permission denied

The XKEYBOARD keymap compiler (xkbcomp) reports:
> Warning:          Could not resolve keysym XF86CameraAccessEnable
> Warning:          Could not resolve keysym XF86CameraAccessDisable
> Warning:          Could not resolve keysym XF86CameraAccessToggle
> Warning:          Could not resolve keysym XF86NextElement
> Warning:          Could not resolve keysym XF86PreviousElement
> Warning:          Could not resolve keysym XF86AutopilotEngageToggle
> Warning:          Could not resolve keysym XF86MarkWaypoint
> Warning:          Could not resolve keysym XF86Sos
> Warning:          Could not resolve keysym XF86NavChart
> Warning:          Could not resolve keysym XF86FishingChart
> Warning:          Could not resolve keysym XF86SingleRangeRadar
> Warning:          Could not resolve keysym XF86DualRangeRadar
> Warning:          Could not resolve keysym XF86RadarOverlay
> Warning:          Could not resolve keysym XF86TraditionalSonar
> Warning:          Could not resolve keysym XF86ClearvuSonar
> Warning:          Could not resolve keysym XF86SidevuSonar
> Warning:          Could not resolve keysym XF86NavInfo
Errors from xkbcomp are not fatal to the X server
/vol/bitbucket/mz325/envs/como/lib/python3.10/site-packages/lightning_lite/utilities/cloud_io.py:48: FutureWarning: You are using `torch.load` with `weights_only=False` (the current default value), which uses the default pickle module implicitly. It is possible to construct malicious pickle data which will execute arbitrary code during unpickling (See https://github.com/pytorch/pytorch/blob/main/SECURITY.md#untrusted-models for more details). In a future release, the default value for `weights_only` will be flipped to `True`. This limits the functions that could be executed during unpickling. Arbitrary objects will no longer be allowed to be loaded via this mode unless they are explicitly allowlisted by the user via `torch.serialization.add_safe_globals`. We recommend you start setting `weights_only=True` for any use case where you don't have full control of the loaded file. Please open an issue on GitHub for any issues related to this experimental feature.
  return torch.load(f, map_location=map_location)
libEGL warning: failed to open /dev/dri/card4: Permission denied

libEGL warning: failed to open /dev/dri/card3: Permission denied

libEGL warning: failed to open /dev/dri/card2: Permission denied

libEGL warning: failed to open /dev/dri/card1: Permission denied

libEGL warning: failed to open /dev/dri/card4: Permission denied

libEGL warning: failed to open /dev/dri/card3: Permission denied

libEGL warning: failed to open /dev/dri/card2: Permission denied

libEGL warning: failed to open /dev/dri/card1: Permission denied

libEGL warning: failed to open /dev/dri/card4: Permission denied

libEGL warning: failed to open /dev/dri/card3: Permission denied

libEGL warning: failed to open /dev/dri/card2: Permission denied

libEGL warning: failed to open /dev/dri/card1: Permission denied

The XKEYBOARD keymap compiler (xkbcomp) reports:
> Warning:          Could not resolve keysym XF86CameraAccessEnable
> Warning:          Could not resolve keysym XF86CameraAccessDisable
> Warning:          Could not resolve keysym XF86CameraAccessToggle
> Warning:          Could not resolve keysym XF86NextElement
> Warning:          Could not resolve keysym XF86PreviousElement
> Warning:          Could not resolve keysym XF86AutopilotEngageToggle
> Warning:          Could not resolve keysym XF86MarkWaypoint
> Warning:          Could not resolve keysym XF86Sos
> Warning:          Could not resolve keysym XF86NavChart
> Warning:          Could not resolve keysym XF86FishingChart
> Warning:          Could not resolve keysym XF86SingleRangeRadar
> Warning:          Could not resolve keysym XF86DualRangeRadar
> Warning:          Could not resolve keysym XF86RadarOverlay
> Warning:          Could not resolve keysym XF86TraditionalSonar
> Warning:          Could not resolve keysym XF86ClearvuSonar
> Warning:          Could not resolve keysym XF86SidevuSonar
> Warning:          Could not resolve keysym XF86NavInfo
Errors from xkbcomp are not fatal to the X server
_XSERVTransmkdir: Owner of /tmp/.X11-unix should be set to root
libEGL warning: failed to open /dev/dri/card4: Permission denied

libEGL warning: failed to open /dev/dri/card3: Permission denied

libEGL warning: failed to open /dev/dri/card2: Permission denied

libEGL warning: failed to open /dev/dri/card1: Permission denied

libEGL warning: failed to open /dev/dri/card4: Permission denied

libEGL warning: failed to open /dev/dri/card3: Permission denied

libEGL warning: failed to open /dev/dri/card2: Permission denied

libEGL warning: failed to open /dev/dri/card1: Permission denied

libEGL warning: failed to open /dev/dri/card4: Permission denied

libEGL warning: failed to open /dev/dri/card3: Permission denied

libEGL warning: failed to open /dev/dri/card2: Permission denied

libEGL warning: failed to open /dev/dri/card1: Permission denied

The XKEYBOARD keymap compiler (xkbcomp) reports:
> Warning:          Could not resolve keysym XF86CameraAccessEnable
> Warning:          Could not resolve keysym XF86CameraAccessDisable
> Warning:          Could not resolve keysym XF86CameraAccessToggle
> Warning:          Could not resolve keysym XF86NextElement
> Warning:          Could not resolve keysym XF86PreviousElement
> Warning:          Could not resolve keysym XF86AutopilotEngageToggle
> Warning:          Could not resolve keysym XF86MarkWaypoint
> Warning:          Could not resolve keysym XF86Sos
> Warning:          Could not resolve keysym XF86NavChart
> Warning:          Could not resolve keysym XF86FishingChart
> Warning:          Could not resolve keysym XF86SingleRangeRadar
> Warning:          Could not resolve keysym XF86DualRangeRadar
> Warning:          Could not resolve keysym XF86RadarOverlay
> Warning:          Could not resolve keysym XF86TraditionalSonar
> Warning:          Could not resolve keysym XF86ClearvuSonar
> Warning:          Could not resolve keysym XF86SidevuSonar
> Warning:          Could not resolve keysym XF86NavInfo
Errors from xkbcomp are not fatal to the X server
/vol/bitbucket/mz325/envs/como/lib/python3.10/site-packages/lightning_lite/utilities/cloud_io.py:48: FutureWarning: You are using `torch.load` with `weights_only=False` (the current default value), which uses the default pickle module implicitly. It is possible to construct malicious pickle data which will execute arbitrary code during unpickling (See https://github.com/pytorch/pytorch/blob/main/SECURITY.md#untrusted-models for more details). In a future release, the default value for `weights_only` will be flipped to `True`. This limits the functions that could be executed during unpickling. Arbitrary objects will no longer be allowed to be loaded via this mode unless they are explicitly allowlisted by the user via `torch.serialization.add_safe_globals`. We recommend you start setting `weights_only=True` for any use case where you don't have full control of the loaded file. Please open an issue on GitHub for any issues related to this experimental feature.
  return torch.load(f, map_location=map_location)
libEGL warning: failed to open /dev/dri/card4: Permission denied

libEGL warning: failed to open /dev/dri/card3: Permission denied

libEGL warning: failed to open /dev/dri/card2: Permission denied

libEGL warning: failed to open /dev/dri/card1: Permission denied

libEGL warning: failed to open /dev/dri/card4: Permission denied

libEGL warning: failed to open /dev/dri/card3: Permission denied

libEGL warning: failed to open /dev/dri/card2: Permission denied

libEGL warning: failed to open /dev/dri/card1: Permission denied

libEGL warning: failed to open /dev/dri/card4: Permission denied

libEGL warning: failed to open /dev/dri/card3: Permission denied

libEGL warning: failed to open /dev/dri/card2: Permission denied

libEGL warning: failed to open /dev/dri/card1: Permission denied

The XKEYBOARD keymap compiler (xkbcomp) reports:
> Warning:          Could not resolve keysym XF86CameraAccessEnable
> Warning:          Could not resolve keysym XF86CameraAccessDisable
> Warning:          Could not resolve keysym XF86CameraAccessToggle
> Warning:          Could not resolve keysym XF86NextElement
> Warning:          Could not resolve keysym XF86PreviousElement
> Warning:          Could not resolve keysym XF86AutopilotEngageToggle
> Warning:          Could not resolve keysym XF86MarkWaypoint
> Warning:          Could not resolve keysym XF86Sos
> Warning:          Could not resolve keysym XF86NavChart
> Warning:          Could not resolve keysym XF86FishingChart
> Warning:          Could not resolve keysym XF86SingleRangeRadar
> Warning:          Could not resolve keysym XF86DualRangeRadar
> Warning:          Could not resolve keysym XF86RadarOverlay
> Warning:          Could not resolve keysym XF86TraditionalSonar
> Warning:          Could not resolve keysym XF86ClearvuSonar
> Warning:          Could not resolve keysym XF86SidevuSonar
> Warning:          Could not resolve keysym XF86NavInfo
Errors from xkbcomp are not fatal to the X server
_XSERVTransmkdir: Owner of /tmp/.X11-unix should be set to root
libEGL warning: failed to open /dev/dri/card4: Permission denied

libEGL warning: failed to open /dev/dri/card3: Permission denied

libEGL warning: failed to open /dev/dri/card2: Permission denied

libEGL warning: failed to open /dev/dri/card1: Permission denied

libEGL warning: failed to open /dev/dri/card4: Permission denied

libEGL warning: failed to open /dev/dri/card3: Permission denied

libEGL warning: failed to open /dev/dri/card2: Permission denied

libEGL warning: failed to open /dev/dri/card1: Permission denied

libEGL warning: failed to open /dev/dri/card4: Permission denied

libEGL warning: failed to open /dev/dri/card3: Permission denied

libEGL warning: failed to open /dev/dri/card2: Permission denied

libEGL warning: failed to open /dev/dri/card1: Permission denied

The XKEYBOARD keymap compiler (xkbcomp) reports:
> Warning:          Could not resolve keysym XF86CameraAccessEnable
> Warning:          Could not resolve keysym XF86CameraAccessDisable
> Warning:          Could not resolve keysym XF86CameraAccessToggle
> Warning:          Could not resolve keysym XF86NextElement
> Warning:          Could not resolve keysym XF86PreviousElement
> Warning:          Could not resolve keysym XF86AutopilotEngageToggle
> Warning:          Could not resolve keysym XF86MarkWaypoint
> Warning:          Could not resolve keysym XF86Sos
> Warning:          Could not resolve keysym XF86NavChart
> Warning:          Could not resolve keysym XF86FishingChart
> Warning:          Could not resolve keysym XF86SingleRangeRadar
> Warning:          Could not resolve keysym XF86DualRangeRadar
> Warning:          Could not resolve keysym XF86RadarOverlay
> Warning:          Could not resolve keysym XF86TraditionalSonar
> Warning:          Could not resolve keysym XF86ClearvuSonar
> Warning:          Could not resolve keysym XF86SidevuSonar
> Warning:          Could not resolve keysym XF86NavInfo
Errors from xkbcomp are not fatal to the X server
/vol/bitbucket/mz325/envs/como/lib/python3.10/site-packages/lightning_lite/utilities/cloud_io.py:48: FutureWarning: You are using `torch.load` with `weights_only=False` (the current default value), which uses the default pickle module implicitly. It is possible to construct malicious pickle data which will execute arbitrary code during unpickling (See https://github.com/pytorch/pytorch/blob/main/SECURITY.md#untrusted-models for more details). In a future release, the default value for `weights_only` will be flipped to `True`. This limits the functions that could be executed during unpickling. Arbitrary objects will no longer be allowed to be loaded via this mode unless they are explicitly allowlisted by the user via `torch.serialization.add_safe_globals`. We recommend you start setting `weights_only=True` for any use case where you don't have full control of the loaded file. Please open an issue on GitHub for any issues related to this experimental feature.
  return torch.load(f, map_location=map_location)
libEGL warning: failed to open /dev/dri/card4: Permission denied

libEGL warning: failed to open /dev/dri/card3: Permission denied

libEGL warning: failed to open /dev/dri/card2: Permission denied

libEGL warning: failed to open /dev/dri/card1: Permission denied

libEGL warning: failed to open /dev/dri/card4: Permission denied

libEGL warning: failed to open /dev/dri/card3: Permission denied

libEGL warning: failed to open /dev/dri/card2: Permission denied

libEGL warning: failed to open /dev/dri/card1: Permission denied

libEGL warning: failed to open /dev/dri/card4: Permission denied

libEGL warning: failed to open /dev/dri/card3: Permission denied

libEGL warning: failed to open /dev/dri/card2: Permission denied

libEGL warning: failed to open /dev/dri/card1: Permission denied

The XKEYBOARD keymap compiler (xkbcomp) reports:
> Warning:          Could not resolve keysym XF86CameraAccessEnable
> Warning:          Could not resolve keysym XF86CameraAccessDisable
> Warning:          Could not resolve keysym XF86CameraAccessToggle
> Warning:          Could not resolve keysym XF86NextElement
> Warning:          Could not resolve keysym XF86PreviousElement
> Warning:          Could not resolve keysym XF86AutopilotEngageToggle
> Warning:          Could not resolve keysym XF86MarkWaypoint
> Warning:          Could not resolve keysym XF86Sos
> Warning:          Could not resolve keysym XF86NavChart
> Warning:          Could not resolve keysym XF86FishingChart
> Warning:          Could not resolve keysym XF86SingleRangeRadar
> Warning:          Could not resolve keysym XF86DualRangeRadar
> Warning:          Could not resolve keysym XF86RadarOverlay
> Warning:          Could not resolve keysym XF86TraditionalSonar
> Warning:          Could not resolve keysym XF86ClearvuSonar
> Warning:          Could not resolve keysym XF86SidevuSonar
> Warning:          Could not resolve keysym XF86NavInfo
Errors from xkbcomp are not fatal to the X server
_XSERVTransmkdir: Owner of /tmp/.X11-unix should be set to root
libEGL warning: failed to open /dev/dri/card4: Permission denied

libEGL warning: failed to open /dev/dri/card3: Permission denied

libEGL warning: failed to open /dev/dri/card2: Permission denied

libEGL warning: failed to open /dev/dri/card1: Permission denied

libEGL warning: failed to open /dev/dri/card4: Permission denied

libEGL warning: failed to open /dev/dri/card3: Permission denied

libEGL warning: failed to open /dev/dri/card2: Permission denied

libEGL warning: failed to open /dev/dri/card1: Permission denied

libEGL warning: failed to open /dev/dri/card4: Permission denied

libEGL warning: failed to open /dev/dri/card3: Permission denied

libEGL warning: failed to open /dev/dri/card2: Permission denied

libEGL warning: failed to open /dev/dri/card1: Permission denied

The XKEYBOARD keymap compiler (xkbcomp) reports:
> Warning:          Could not resolve keysym XF86CameraAccessEnable
> Warning:          Could not resolve keysym XF86CameraAccessDisable
> Warning:          Could not resolve keysym XF86CameraAccessToggle
> Warning:          Could not resolve keysym XF86NextElement
> Warning:          Could not resolve keysym XF86PreviousElement
> Warning:          Could not resolve keysym XF86AutopilotEngageToggle
> Warning:          Could not resolve keysym XF86MarkWaypoint
> Warning:          Could not resolve keysym XF86Sos
> Warning:          Could not resolve keysym XF86NavChart
> Warning:          Could not resolve keysym XF86FishingChart
> Warning:          Could not resolve keysym XF86SingleRangeRadar
> Warning:          Could not resolve keysym XF86DualRangeRadar
> Warning:          Could not resolve keysym XF86RadarOverlay
> Warning:          Could not resolve keysym XF86TraditionalSonar
> Warning:          Could not resolve keysym XF86ClearvuSonar
> Warning:          Could not resolve keysym XF86SidevuSonar
> Warning:          Could not resolve keysym XF86NavInfo
Errors from xkbcomp are not fatal to the X server
/vol/bitbucket/mz325/envs/como/lib/python3.10/site-packages/lightning_lite/utilities/cloud_io.py:48: FutureWarning: You are using `torch.load` with `weights_only=False` (the current default value), which uses the default pickle module implicitly. It is possible to construct malicious pickle data which will execute arbitrary code during unpickling (See https://github.com/pytorch/pytorch/blob/main/SECURITY.md#untrusted-models for more details). In a future release, the default value for `weights_only` will be flipped to `True`. This limits the functions that could be executed during unpickling. Arbitrary objects will no longer be allowed to be loaded via this mode unless they are explicitly allowlisted by the user via `torch.serialization.add_safe_globals`. We recommend you start setting `weights_only=True` for any use case where you don't have full control of the loaded file. Please open an issue on GitHub for any issues related to this experimental feature.
  return torch.load(f, map_location=map_location)
libEGL warning: failed to open /dev/dri/card4: Permission denied

libEGL warning: failed to open /dev/dri/card3: Permission denied

libEGL warning: failed to open /dev/dri/card2: Permission denied

libEGL warning: failed to open /dev/dri/card1: Permission denied

libEGL warning: failed to open /dev/dri/card4: Permission denied

libEGL warning: failed to open /dev/dri/card3: Permission denied

libEGL warning: failed to open /dev/dri/card2: Permission denied

libEGL warning: failed to open /dev/dri/card1: Permission denied

libEGL warning: failed to open /dev/dri/card4: Permission denied

libEGL warning: failed to open /dev/dri/card3: Permission denied

libEGL warning: failed to open /dev/dri/card2: Permission denied

libEGL warning: failed to open /dev/dri/card1: Permission denied

The XKEYBOARD keymap compiler (xkbcomp) reports:
> Warning:          Could not resolve keysym XF86CameraAccessEnable
> Warning:          Could not resolve keysym XF86CameraAccessDisable
> Warning:          Could not resolve keysym XF86CameraAccessToggle
> Warning:          Could not resolve keysym XF86NextElement
> Warning:          Could not resolve keysym XF86PreviousElement
> Warning:          Could not resolve keysym XF86AutopilotEngageToggle
> Warning:          Could not resolve keysym XF86MarkWaypoint
> Warning:          Could not resolve keysym XF86Sos
> Warning:          Could not resolve keysym XF86NavChart
> Warning:          Could not resolve keysym XF86FishingChart
> Warning:          Could not resolve keysym XF86SingleRangeRadar
> Warning:          Could not resolve keysym XF86DualRangeRadar
> Warning:          Could not resolve keysym XF86RadarOverlay
> Warning:          Could not resolve keysym XF86TraditionalSonar
> Warning:          Could not resolve keysym XF86ClearvuSonar
> Warning:          Could not resolve keysym XF86SidevuSonar
> Warning:          Could not resolve keysym XF86NavInfo
Errors from xkbcomp are not fatal to the X server
_XSERVTransmkdir: Owner of /tmp/.X11-unix should be set to root
libEGL warning: failed to open /dev/dri/card4: Permission denied

libEGL warning: failed to open /dev/dri/card3: Permission denied

libEGL warning: failed to open /dev/dri/card2: Permission denied

libEGL warning: failed to open /dev/dri/card1: Permission denied

libEGL warning: failed to open /dev/dri/card4: Permission denied

libEGL warning: failed to open /dev/dri/card3: Permission denied

libEGL warning: failed to open /dev/dri/card2: Permission denied

libEGL warning: failed to open /dev/dri/card1: Permission denied

libEGL warning: failed to open /dev/dri/card4: Permission denied

libEGL warning: failed to open /dev/dri/card3: Permission denied

libEGL warning: failed to open /dev/dri/card2: Permission denied

libEGL warning: failed to open /dev/dri/card1: Permission denied

The XKEYBOARD keymap compiler (xkbcomp) reports:
> Warning:          Could not resolve keysym XF86CameraAccessEnable
> Warning:          Could not resolve keysym XF86CameraAccessDisable
> Warning:          Could not resolve keysym XF86CameraAccessToggle
> Warning:          Could not resolve keysym XF86NextElement
> Warning:          Could not resolve keysym XF86PreviousElement
> Warning:          Could not resolve keysym XF86AutopilotEngageToggle
> Warning:          Could not resolve keysym XF86MarkWaypoint
> Warning:          Could not resolve keysym XF86Sos
> Warning:          Could not resolve keysym XF86NavChart
> Warning:          Could not resolve keysym XF86FishingChart
> Warning:          Could not resolve keysym XF86SingleRangeRadar
> Warning:          Could not resolve keysym XF86DualRangeRadar
> Warning:          Could not resolve keysym XF86RadarOverlay
> Warning:          Could not resolve keysym XF86TraditionalSonar
> Warning:          Could not resolve keysym XF86ClearvuSonar
> Warning:          Could not resolve keysym XF86SidevuSonar
> Warning:          Could not resolve keysym XF86NavInfo
Errors from xkbcomp are not fatal to the X server
/vol/bitbucket/mz325/envs/como/lib/python3.10/site-packages/lightning_lite/utilities/cloud_io.py:48: FutureWarning: You are using `torch.load` with `weights_only=False` (the current default value), which uses the default pickle module implicitly. It is possible to construct malicious pickle data which will execute arbitrary code during unpickling (See https://github.com/pytorch/pytorch/blob/main/SECURITY.md#untrusted-models for more details). In a future release, the default value for `weights_only` will be flipped to `True`. This limits the functions that could be executed during unpickling. Arbitrary objects will no longer be allowed to be loaded via this mode unless they are explicitly allowlisted by the user via `torch.serialization.add_safe_globals`. We recommend you start setting `weights_only=True` for any use case where you don't have full control of the loaded file. Please open an issue on GitHub for any issues related to this experimental feature.
  return torch.load(f, map_location=map_location)
libEGL warning: failed to open /dev/dri/card4: Permission denied

libEGL warning: failed to open /dev/dri/card3: Permission denied

libEGL warning: failed to open /dev/dri/card2: Permission denied

libEGL warning: failed to open /dev/dri/card1: Permission denied

libEGL warning: failed to open /dev/dri/card4: Permission denied

libEGL warning: failed to open /dev/dri/card3: Permission denied

libEGL warning: failed to open /dev/dri/card2: Permission denied

libEGL warning: failed to open /dev/dri/card1: Permission denied

libEGL warning: failed to open /dev/dri/card4: Permission denied

libEGL warning: failed to open /dev/dri/card3: Permission denied

libEGL warning: failed to open /dev/dri/card2: Permission denied

libEGL warning: failed to open /dev/dri/card1: Permission denied

The XKEYBOARD keymap compiler (xkbcomp) reports:
> Warning:          Could not resolve keysym XF86CameraAccessEnable
> Warning:          Could not resolve keysym XF86CameraAccessDisable
> Warning:          Could not resolve keysym XF86CameraAccessToggle
> Warning:          Could not resolve keysym XF86NextElement
> Warning:          Could not resolve keysym XF86PreviousElement
> Warning:          Could not resolve keysym XF86AutopilotEngageToggle
> Warning:          Could not resolve keysym XF86MarkWaypoint
> Warning:          Could not resolve keysym XF86Sos
> Warning:          Could not resolve keysym XF86NavChart
> Warning:          Could not resolve keysym XF86FishingChart
> Warning:          Could not resolve keysym XF86SingleRangeRadar
> Warning:          Could not resolve keysym XF86DualRangeRadar
> Warning:          Could not resolve keysym XF86RadarOverlay
> Warning:          Could not resolve keysym XF86TraditionalSonar
> Warning:          Could not resolve keysym XF86ClearvuSonar
> Warning:          Could not resolve keysym XF86SidevuSonar
> Warning:          Could not resolve keysym XF86NavInfo
Errors from xkbcomp are not fatal to the X server
_XSERVTransmkdir: Owner of /tmp/.X11-unix should be set to root
libEGL warning: failed to open /dev/dri/card4: Permission denied

libEGL warning: failed to open /dev/dri/card3: Permission denied

libEGL warning: failed to open /dev/dri/card2: Permission denied

libEGL warning: failed to open /dev/dri/card1: Permission denied

libEGL warning: failed to open /dev/dri/card4: Permission denied

libEGL warning: failed to open /dev/dri/card3: Permission denied

libEGL warning: failed to open /dev/dri/card2: Permission denied

libEGL warning: failed to open /dev/dri/card1: Permission denied

libEGL warning: failed to open /dev/dri/card4: Permission denied

libEGL warning: failed to open /dev/dri/card3: Permission denied

libEGL warning: failed to open /dev/dri/card2: Permission denied

libEGL warning: failed to open /dev/dri/card1: Permission denied

The XKEYBOARD keymap compiler (xkbcomp) reports:
> Warning:          Could not resolve keysym XF86CameraAccessEnable
> Warning:          Could not resolve keysym XF86CameraAccessDisable
> Warning:          Could not resolve keysym XF86CameraAccessToggle
> Warning:          Could not resolve keysym XF86NextElement
> Warning:          Could not resolve keysym XF86PreviousElement
> Warning:          Could not resolve keysym XF86AutopilotEngageToggle
> Warning:          Could not resolve keysym XF86MarkWaypoint
> Warning:          Could not resolve keysym XF86Sos
> Warning:          Could not resolve keysym XF86NavChart
> Warning:          Could not resolve keysym XF86FishingChart
> Warning:          Could not resolve keysym XF86SingleRangeRadar
> Warning:          Could not resolve keysym XF86DualRangeRadar
> Warning:          Could not resolve keysym XF86RadarOverlay
> Warning:          Could not resolve keysym XF86TraditionalSonar
> Warning:          Could not resolve keysym XF86ClearvuSonar
> Warning:          Could not resolve keysym XF86SidevuSonar
> Warning:          Could not resolve keysym XF86NavInfo
Errors from xkbcomp are not fatal to the X server
/vol/bitbucket/mz325/envs/como/lib/python3.10/site-packages/lightning_lite/utilities/cloud_io.py:48: FutureWarning: You are using `torch.load` with `weights_only=False` (the current default value), which uses the default pickle module implicitly. It is possible to construct malicious pickle data which will execute arbitrary code during unpickling (See https://github.com/pytorch/pytorch/blob/main/SECURITY.md#untrusted-models for more details). In a future release, the default value for `weights_only` will be flipped to `True`. This limits the functions that could be executed during unpickling. Arbitrary objects will no longer be allowed to be loaded via this mode unless they are explicitly allowlisted by the user via `torch.serialization.add_safe_globals`. We recommend you start setting `weights_only=True` for any use case where you don't have full control of the loaded file. Please open an issue on GitHub for any issues related to this experimental feature.
  return torch.load(f, map_location=map_location)
libEGL warning: failed to open /dev/dri/card4: Permission denied

libEGL warning: failed to open /dev/dri/card3: Permission denied

libEGL warning: failed to open /dev/dri/card2: Permission denied

libEGL warning: failed to open /dev/dri/card1: Permission denied

libEGL warning: failed to open /dev/dri/card4: Permission denied

libEGL warning: failed to open /dev/dri/card3: Permission denied

libEGL warning: failed to open /dev/dri/card2: Permission denied

libEGL warning: failed to open /dev/dri/card1: Permission denied

libEGL warning: failed to open /dev/dri/card4: Permission denied

libEGL warning: failed to open /dev/dri/card3: Permission denied

libEGL warning: failed to open /dev/dri/card2: Permission denied

libEGL warning: failed to open /dev/dri/card1: Permission denied

The XKEYBOARD keymap compiler (xkbcomp) reports:
> Warning:          Could not resolve keysym XF86CameraAccessEnable
> Warning:          Could not resolve keysym XF86CameraAccessDisable
> Warning:          Could not resolve keysym XF86CameraAccessToggle
> Warning:          Could not resolve keysym XF86NextElement
> Warning:          Could not resolve keysym XF86PreviousElement
> Warning:          Could not resolve keysym XF86AutopilotEngageToggle
> Warning:          Could not resolve keysym XF86MarkWaypoint
> Warning:          Could not resolve keysym XF86Sos
> Warning:          Could not resolve keysym XF86NavChart
> Warning:          Could not resolve keysym XF86FishingChart
> Warning:          Could not resolve keysym XF86SingleRangeRadar
> Warning:          Could not resolve keysym XF86DualRangeRadar
> Warning:          Could not resolve keysym XF86RadarOverlay
> Warning:          Could not resolve keysym XF86TraditionalSonar
> Warning:          Could not resolve keysym XF86ClearvuSonar
> Warning:          Could not resolve keysym XF86SidevuSonar
> Warning:          Could not resolve keysym XF86NavInfo
Errors from xkbcomp are not fatal to the X server
_XSERVTransmkdir: Owner of /tmp/.X11-unix should be set to root
libEGL warning: failed to open /dev/dri/card4: Permission denied

libEGL warning: failed to open /dev/dri/card3: Permission denied

libEGL warning: failed to open /dev/dri/card2: Permission denied

libEGL warning: failed to open /dev/dri/card1: Permission denied

libEGL warning: failed to open /dev/dri/card4: Permission denied

libEGL warning: failed to open /dev/dri/card3: Permission denied

libEGL warning: failed to open /dev/dri/card2: Permission denied

libEGL warning: failed to open /dev/dri/card1: Permission denied

libEGL warning: failed to open /dev/dri/card4: Permission denied

libEGL warning: failed to open /dev/dri/card3: Permission denied

libEGL warning: failed to open /dev/dri/card2: Permission denied

libEGL warning: failed to open /dev/dri/card1: Permission denied

The XKEYBOARD keymap compiler (xkbcomp) reports:
> Warning:          Could not resolve keysym XF86CameraAccessEnable
> Warning:          Could not resolve keysym XF86CameraAccessDisable
> Warning:          Could not resolve keysym XF86CameraAccessToggle
> Warning:          Could not resolve keysym XF86NextElement
> Warning:          Could not resolve keysym XF86PreviousElement
> Warning:          Could not resolve keysym XF86AutopilotEngageToggle
> Warning:          Could not resolve keysym XF86MarkWaypoint
> Warning:          Could not resolve keysym XF86Sos
> Warning:          Could not resolve keysym XF86NavChart
> Warning:          Could not resolve keysym XF86FishingChart
> Warning:          Could not resolve keysym XF86SingleRangeRadar
> Warning:          Could not resolve keysym XF86DualRangeRadar
> Warning:          Could not resolve keysym XF86RadarOverlay
> Warning:          Could not resolve keysym XF86TraditionalSonar
> Warning:          Could not resolve keysym XF86ClearvuSonar
> Warning:          Could not resolve keysym XF86SidevuSonar
> Warning:          Could not resolve keysym XF86NavInfo
Errors from xkbcomp are not fatal to the X server
/vol/bitbucket/mz325/envs/como/lib/python3.10/site-packages/lightning_lite/utilities/cloud_io.py:48: FutureWarning: You are using `torch.load` with `weights_only=False` (the current default value), which uses the default pickle module implicitly. It is possible to construct malicious pickle data which will execute arbitrary code during unpickling (See https://github.com/pytorch/pytorch/blob/main/SECURITY.md#untrusted-models for more details). In a future release, the default value for `weights_only` will be flipped to `True`. This limits the functions that could be executed during unpickling. Arbitrary objects will no longer be allowed to be loaded via this mode unless they are explicitly allowlisted by the user via `torch.serialization.add_safe_globals`. We recommend you start setting `weights_only=True` for any use case where you don't have full control of the loaded file. Please open an issue on GitHub for any issues related to this experimental feature.
  return torch.load(f, map_location=map_location)
libEGL warning: failed to open /dev/dri/card4: Permission denied

libEGL warning: failed to open /dev/dri/card3: Permission denied

libEGL warning: failed to open /dev/dri/card2: Permission denied

libEGL warning: failed to open /dev/dri/card1: Permission denied

libEGL warning: failed to open /dev/dri/card4: Permission denied

libEGL warning: failed to open /dev/dri/card3: Permission denied

libEGL warning: failed to open /dev/dri/card2: Permission denied

libEGL warning: failed to open /dev/dri/card1: Permission denied

libEGL warning: failed to open /dev/dri/card4: Permission denied

libEGL warning: failed to open /dev/dri/card3: Permission denied

libEGL warning: failed to open /dev/dri/card2: Permission denied

libEGL warning: failed to open /dev/dri/card1: Permission denied

The XKEYBOARD keymap compiler (xkbcomp) reports:
> Warning:          Could not resolve keysym XF86CameraAccessEnable
> Warning:          Could not resolve keysym XF86CameraAccessDisable
> Warning:          Could not resolve keysym XF86CameraAccessToggle
> Warning:          Could not resolve keysym XF86NextElement
> Warning:          Could not resolve keysym XF86PreviousElement
> Warning:          Could not resolve keysym XF86AutopilotEngageToggle
> Warning:          Could not resolve keysym XF86MarkWaypoint
> Warning:          Could not resolve keysym XF86Sos
> Warning:          Could not resolve keysym XF86NavChart
> Warning:          Could not resolve keysym XF86FishingChart
> Warning:          Could not resolve keysym XF86SingleRangeRadar
> Warning:          Could not resolve keysym XF86DualRangeRadar
> Warning:          Could not resolve keysym XF86RadarOverlay
> Warning:          Could not resolve keysym XF86TraditionalSonar
> Warning:          Could not resolve keysym XF86ClearvuSonar
> Warning:          Could not resolve keysym XF86SidevuSonar
> Warning:          Could not resolve keysym XF86NavInfo
Errors from xkbcomp are not fatal to the X server
/var/spool/slurm/d/job259377/slurm_script: line 87: 1137707 Segmentation fault      timeout 300 python como/como_dataset.py --dataset_type=tum --dataset_dir="${DATASET_DIR}"
_XSERVTransmkdir: Owner of /tmp/.X11-unix should be set to root
libEGL warning: failed to open /dev/dri/card4: Permission denied

libEGL warning: failed to open /dev/dri/card3: Permission denied

libEGL warning: failed to open /dev/dri/card2: Permission denied

libEGL warning: failed to open /dev/dri/card1: Permission denied

libEGL warning: failed to open /dev/dri/card4: Permission denied

libEGL warning: failed to open /dev/dri/card3: Permission denied

libEGL warning: failed to open /dev/dri/card2: Permission denied

libEGL warning: failed to open /dev/dri/card1: Permission denied

libEGL warning: failed to open /dev/dri/card4: Permission denied

libEGL warning: failed to open /dev/dri/card3: Permission denied

libEGL warning: failed to open /dev/dri/card2: Permission denied

libEGL warning: failed to open /dev/dri/card1: Permission denied

The XKEYBOARD keymap compiler (xkbcomp) reports:
> Warning:          Could not resolve keysym XF86CameraAccessEnable
> Warning:          Could not resolve keysym XF86CameraAccessDisable
> Warning:          Could not resolve keysym XF86CameraAccessToggle
> Warning:          Could not resolve keysym XF86NextElement
> Warning:          Could not resolve keysym XF86PreviousElement
> Warning:          Could not resolve keysym XF86AutopilotEngageToggle
> Warning:          Could not resolve keysym XF86MarkWaypoint
> Warning:          Could not resolve keysym XF86Sos
> Warning:          Could not resolve keysym XF86NavChart
> Warning:          Could not resolve keysym XF86FishingChart
> Warning:          Could not resolve keysym XF86SingleRangeRadar
> Warning:          Could not resolve keysym XF86DualRangeRadar
> Warning:          Could not resolve keysym XF86RadarOverlay
> Warning:          Could not resolve keysym XF86TraditionalSonar
> Warning:          Could not resolve keysym XF86ClearvuSonar
> Warning:          Could not resolve keysym XF86SidevuSonar
> Warning:          Could not resolve keysym XF86NavInfo
Errors from xkbcomp are not fatal to the X server
/vol/bitbucket/mz325/envs/como/lib/python3.10/site-packages/lightning_lite/utilities/cloud_io.py:48: FutureWarning: You are using `torch.load` with `weights_only=False` (the current default value), which uses the default pickle module implicitly. It is possible to construct malicious pickle data which will execute arbitrary code during unpickling (See https://github.com/pytorch/pytorch/blob/main/SECURITY.md#untrusted-models for more details). In a future release, the default value for `weights_only` will be flipped to `True`. This limits the functions that could be executed during unpickling. Arbitrary objects will no longer be allowed to be loaded via this mode unless they are explicitly allowlisted by the user via `torch.serialization.add_safe_globals`. We recommend you start setting `weights_only=True` for any use case where you don't have full control of the loaded file. Please open an issue on GitHub for any issues related to this experimental feature.
  return torch.load(f, map_location=map_location)
libEGL warning: failed to open /dev/dri/card4: Permission denied

libEGL warning: failed to open /dev/dri/card3: Permission denied

libEGL warning: failed to open /dev/dri/card2: Permission denied

libEGL warning: failed to open /dev/dri/card1: Permission denied

libEGL warning: failed to open /dev/dri/card4: Permission denied

libEGL warning: failed to open /dev/dri/card3: Permission denied

libEGL warning: failed to open /dev/dri/card2: Permission denied

libEGL warning: failed to open /dev/dri/card1: Permission denied

libEGL warning: failed to open /dev/dri/card4: Permission denied

libEGL warning: failed to open /dev/dri/card3: Permission denied

libEGL warning: failed to open /dev/dri/card2: Permission denied

libEGL warning: failed to open /dev/dri/card1: Permission denied

The XKEYBOARD keymap compiler (xkbcomp) reports:
> Warning:          Could not resolve keysym XF86CameraAccessEnable
> Warning:          Could not resolve keysym XF86CameraAccessDisable
> Warning:          Could not resolve keysym XF86CameraAccessToggle
> Warning:          Could not resolve keysym XF86NextElement
> Warning:          Could not resolve keysym XF86PreviousElement
> Warning:          Could not resolve keysym XF86AutopilotEngageToggle
> Warning:          Could not resolve keysym XF86MarkWaypoint
> Warning:          Could not resolve keysym XF86Sos
> Warning:          Could not resolve keysym XF86NavChart
> Warning:          Could not resolve keysym XF86FishingChart
> Warning:          Could not resolve keysym XF86SingleRangeRadar
> Warning:          Could not resolve keysym XF86DualRangeRadar
> Warning:          Could not resolve keysym XF86RadarOverlay
> Warning:          Could not resolve keysym XF86TraditionalSonar
> Warning:          Could not resolve keysym XF86ClearvuSonar
> Warning:          Could not resolve keysym XF86SidevuSonar
> Warning:          Could not resolve keysym XF86NavInfo
Errors from xkbcomp are not fatal to the X server
_XSERVTransmkdir: Owner of /tmp/.X11-unix should be set to root
libEGL warning: failed to open /dev/dri/card4: Permission denied

libEGL warning: failed to open /dev/dri/card3: Permission denied

libEGL warning: failed to open /dev/dri/card2: Permission denied

libEGL warning: failed to open /dev/dri/card1: Permission denied

libEGL warning: failed to open /dev/dri/card4: Permission denied

libEGL warning: failed to open /dev/dri/card3: Permission denied

libEGL warning: failed to open /dev/dri/card2: Permission denied

libEGL warning: failed to open /dev/dri/card1: Permission denied

libEGL warning: failed to open /dev/dri/card4: Permission denied

libEGL warning: failed to open /dev/dri/card3: Permission denied

libEGL warning: failed to open /dev/dri/card2: Permission denied

libEGL warning: failed to open /dev/dri/card1: Permission denied

The XKEYBOARD keymap compiler (xkbcomp) reports:
> Warning:          Could not resolve keysym XF86CameraAccessEnable
> Warning:          Could not resolve keysym XF86CameraAccessDisable
> Warning:          Could not resolve keysym XF86CameraAccessToggle
> Warning:          Could not resolve keysym XF86NextElement
> Warning:          Could not resolve keysym XF86PreviousElement
> Warning:          Could not resolve keysym XF86AutopilotEngageToggle
> Warning:          Could not resolve keysym XF86MarkWaypoint
> Warning:          Could not resolve keysym XF86Sos
> Warning:          Could not resolve keysym XF86NavChart
> Warning:          Could not resolve keysym XF86FishingChart
> Warning:          Could not resolve keysym XF86SingleRangeRadar
> Warning:          Could not resolve keysym XF86DualRangeRadar
> Warning:          Could not resolve keysym XF86RadarOverlay
> Warning:          Could not resolve keysym XF86TraditionalSonar
> Warning:          Could not resolve keysym XF86ClearvuSonar
> Warning:          Could not resolve keysym XF86SidevuSonar
> Warning:          Could not resolve keysym XF86NavInfo
Errors from xkbcomp are not fatal to the X server
/vol/bitbucket/mz325/envs/como/lib/python3.10/site-packages/lightning_lite/utilities/cloud_io.py:48: FutureWarning: You are using `torch.load` with `weights_only=False` (the current default value), which uses the default pickle module implicitly. It is possible to construct malicious pickle data which will execute arbitrary code during unpickling (See https://github.com/pytorch/pytorch/blob/main/SECURITY.md#untrusted-models for more details). In a future release, the default value for `weights_only` will be flipped to `True`. This limits the functions that could be executed during unpickling. Arbitrary objects will no longer be allowed to be loaded via this mode unless they are explicitly allowlisted by the user via `torch.serialization.add_safe_globals`. We recommend you start setting `weights_only=True` for any use case where you don't have full control of the loaded file. Please open an issue on GitHub for any issues related to this experimental feature.
  return torch.load(f, map_location=map_location)
libEGL warning: failed to open /dev/dri/card4: Permission denied

libEGL warning: failed to open /dev/dri/card3: Permission denied

libEGL warning: failed to open /dev/dri/card2: Permission denied

libEGL warning: failed to open /dev/dri/card1: Permission denied

libEGL warning: failed to open /dev/dri/card4: Permission denied

libEGL warning: failed to open /dev/dri/card3: Permission denied

libEGL warning: failed to open /dev/dri/card2: Permission denied

libEGL warning: failed to open /dev/dri/card1: Permission denied

libEGL warning: failed to open /dev/dri/card4: Permission denied

libEGL warning: failed to open /dev/dri/card3: Permission denied

libEGL warning: failed to open /dev/dri/card2: Permission denied

libEGL warning: failed to open /dev/dri/card1: Permission denied

The XKEYBOARD keymap compiler (xkbcomp) reports:
> Warning:          Could not resolve keysym XF86CameraAccessEnable
> Warning:          Could not resolve keysym XF86CameraAccessDisable
> Warning:          Could not resolve keysym XF86CameraAccessToggle
> Warning:          Could not resolve keysym XF86NextElement
> Warning:          Could not resolve keysym XF86PreviousElement
> Warning:          Could not resolve keysym XF86AutopilotEngageToggle
> Warning:          Could not resolve keysym XF86MarkWaypoint
> Warning:          Could not resolve keysym XF86Sos
> Warning:          Could not resolve keysym XF86NavChart
> Warning:          Could not resolve keysym XF86FishingChart
> Warning:          Could not resolve keysym XF86SingleRangeRadar
> Warning:          Could not resolve keysym XF86DualRangeRadar
> Warning:          Could not resolve keysym XF86RadarOverlay
> Warning:          Could not resolve keysym XF86TraditionalSonar
> Warning:          Could not resolve keysym XF86ClearvuSonar
> Warning:          Could not resolve keysym XF86SidevuSonar
> Warning:          Could not resolve keysym XF86NavInfo
Errors from xkbcomp are not fatal to the X server
_XSERVTransmkdir: Owner of /tmp/.X11-unix should be set to root
libEGL warning: failed to open /dev/dri/card4: Permission denied

libEGL warning: failed to open /dev/dri/card3: Permission denied

libEGL warning: failed to open /dev/dri/card2: Permission denied

libEGL warning: failed to open /dev/dri/card1: Permission denied

libEGL warning: failed to open /dev/dri/card4: Permission denied

libEGL warning: failed to open /dev/dri/card3: Permission denied

libEGL warning: failed to open /dev/dri/card2: Permission denied

libEGL warning: failed to open /dev/dri/card1: Permission denied

libEGL warning: failed to open /dev/dri/card4: Permission denied

libEGL warning: failed to open /dev/dri/card3: Permission denied

libEGL warning: failed to open /dev/dri/card2: Permission denied

libEGL warning: failed to open /dev/dri/card1: Permission denied

The XKEYBOARD keymap compiler (xkbcomp) reports:
> Warning:          Could not resolve keysym XF86CameraAccessEnable
> Warning:          Could not resolve keysym XF86CameraAccessDisable
> Warning:          Could not resolve keysym XF86CameraAccessToggle
> Warning:          Could not resolve keysym XF86NextElement
> Warning:          Could not resolve keysym XF86PreviousElement
> Warning:          Could not resolve keysym XF86AutopilotEngageToggle
> Warning:          Could not resolve keysym XF86MarkWaypoint
> Warning:          Could not resolve keysym XF86Sos
> Warning:          Could not resolve keysym XF86NavChart
> Warning:          Could not resolve keysym XF86FishingChart
> Warning:          Could not resolve keysym XF86SingleRangeRadar
> Warning:          Could not resolve keysym XF86DualRangeRadar
> Warning:          Could not resolve keysym XF86RadarOverlay
> Warning:          Could not resolve keysym XF86TraditionalSonar
> Warning:          Could not resolve keysym XF86ClearvuSonar
> Warning:          Could not resolve keysym XF86SidevuSonar
> Warning:          Could not resolve keysym XF86NavInfo
Errors from xkbcomp are not fatal to the X server
/vol/bitbucket/mz325/envs/como/lib/python3.10/site-packages/lightning_lite/utilities/cloud_io.py:48: FutureWarning: You are using `torch.load` with `weights_only=False` (the current default value), which uses the default pickle module implicitly. It is possible to construct malicious pickle data which will execute arbitrary code during unpickling (See https://github.com/pytorch/pytorch/blob/main/SECURITY.md#untrusted-models for more details). In a future release, the default value for `weights_only` will be flipped to `True`. This limits the functions that could be executed during unpickling. Arbitrary objects will no longer be allowed to be loaded via this mode unless they are explicitly allowlisted by the user via `torch.serialization.add_safe_globals`. We recommend you start setting `weights_only=True` for any use case where you don't have full control of the loaded file. Please open an issue on GitHub for any issues related to this experimental feature.
  return torch.load(f, map_location=map_location)
libEGL warning: failed to open /dev/dri/card4: Permission denied

libEGL warning: failed to open /dev/dri/card3: Permission denied

libEGL warning: failed to open /dev/dri/card2: Permission denied

libEGL warning: failed to open /dev/dri/card1: Permission denied

libEGL warning: failed to open /dev/dri/card4: Permission denied

libEGL warning: failed to open /dev/dri/card3: Permission denied

libEGL warning: failed to open /dev/dri/card2: Permission denied

libEGL warning: failed to open /dev/dri/card1: Permission denied

libEGL warning: failed to open /dev/dri/card4: Permission denied

libEGL warning: failed to open /dev/dri/card3: Permission denied

libEGL warning: failed to open /dev/dri/card2: Permission denied

libEGL warning: failed to open /dev/dri/card1: Permission denied

The XKEYBOARD keymap compiler (xkbcomp) reports:
> Warning:          Could not resolve keysym XF86CameraAccessEnable
> Warning:          Could not resolve keysym XF86CameraAccessDisable
> Warning:          Could not resolve keysym XF86CameraAccessToggle
> Warning:          Could not resolve keysym XF86NextElement
> Warning:          Could not resolve keysym XF86PreviousElement
> Warning:          Could not resolve keysym XF86AutopilotEngageToggle
> Warning:          Could not resolve keysym XF86MarkWaypoint
> Warning:          Could not resolve keysym XF86Sos
> Warning:          Could not resolve keysym XF86NavChart
> Warning:          Could not resolve keysym XF86FishingChart
> Warning:          Could not resolve keysym XF86SingleRangeRadar
> Warning:          Could not resolve keysym XF86DualRangeRadar
> Warning:          Could not resolve keysym XF86RadarOverlay
> Warning:          Could not resolve keysym XF86TraditionalSonar
> Warning:          Could not resolve keysym XF86ClearvuSonar
> Warning:          Could not resolve keysym XF86SidevuSonar
> Warning:          Could not resolve keysym XF86NavInfo
Errors from xkbcomp are not fatal to the X server
_XSERVTransmkdir: Owner of /tmp/.X11-unix should be set to root
libEGL warning: failed to open /dev/dri/card4: Permission denied

libEGL warning: failed to open /dev/dri/card3: Permission denied

libEGL warning: failed to open /dev/dri/card2: Permission denied

libEGL warning: failed to open /dev/dri/card1: Permission denied

libEGL warning: failed to open /dev/dri/card4: Permission denied

libEGL warning: failed to open /dev/dri/card3: Permission denied

libEGL warning: failed to open /dev/dri/card2: Permission denied

libEGL warning: failed to open /dev/dri/card1: Permission denied

libEGL warning: failed to open /dev/dri/card4: Permission denied

libEGL warning: failed to open /dev/dri/card3: Permission denied

libEGL warning: failed to open /dev/dri/card2: Permission denied

libEGL warning: failed to open /dev/dri/card1: Permission denied

The XKEYBOARD keymap compiler (xkbcomp) reports:
> Warning:          Could not resolve keysym XF86CameraAccessEnable
> Warning:          Could not resolve keysym XF86CameraAccessDisable
> Warning:          Could not resolve keysym XF86CameraAccessToggle
> Warning:          Could not resolve keysym XF86NextElement
> Warning:          Could not resolve keysym XF86PreviousElement
> Warning:          Could not resolve keysym XF86AutopilotEngageToggle
> Warning:          Could not resolve keysym XF86MarkWaypoint
> Warning:          Could not resolve keysym XF86Sos
> Warning:          Could not resolve keysym XF86NavChart
> Warning:          Could not resolve keysym XF86FishingChart
> Warning:          Could not resolve keysym XF86SingleRangeRadar
> Warning:          Could not resolve keysym XF86DualRangeRadar
> Warning:          Could not resolve keysym XF86RadarOverlay
> Warning:          Could not resolve keysym XF86TraditionalSonar
> Warning:          Could not resolve keysym XF86ClearvuSonar
> Warning:          Could not resolve keysym XF86SidevuSonar
> Warning:          Could not resolve keysym XF86NavInfo
Errors from xkbcomp are not fatal to the X server
/vol/bitbucket/mz325/envs/como/lib/python3.10/site-packages/lightning_lite/utilities/cloud_io.py:48: FutureWarning: You are using `torch.load` with `weights_only=False` (the current default value), which uses the default pickle module implicitly. It is possible to construct malicious pickle data which will execute arbitrary code during unpickling (See https://github.com/pytorch/pytorch/blob/main/SECURITY.md#untrusted-models for more details). In a future release, the default value for `weights_only` will be flipped to `True`. This limits the functions that could be executed during unpickling. Arbitrary objects will no longer be allowed to be loaded via this mode unless they are explicitly allowlisted by the user via `torch.serialization.add_safe_globals`. We recommend you start setting `weights_only=True` for any use case where you don't have full control of the loaded file. Please open an issue on GitHub for any issues related to this experimental feature.
  return torch.load(f, map_location=map_location)
libEGL warning: failed to open /dev/dri/card4: Permission denied

libEGL warning: failed to open /dev/dri/card3: Permission denied

libEGL warning: failed to open /dev/dri/card2: Permission denied

libEGL warning: failed to open /dev/dri/card1: Permission denied

libEGL warning: failed to open /dev/dri/card4: Permission denied

libEGL warning: failed to open /dev/dri/card3: Permission denied

libEGL warning: failed to open /dev/dri/card2: Permission denied

libEGL warning: failed to open /dev/dri/card1: Permission denied

libEGL warning: failed to open /dev/dri/card4: Permission denied

libEGL warning: failed to open /dev/dri/card3: Permission denied

libEGL warning: failed to open /dev/dri/card2: Permission denied

libEGL warning: failed to open /dev/dri/card1: Permission denied

The XKEYBOARD keymap compiler (xkbcomp) reports:
> Warning:          Could not resolve keysym XF86CameraAccessEnable
> Warning:          Could not resolve keysym XF86CameraAccessDisable
> Warning:          Could not resolve keysym XF86CameraAccessToggle
> Warning:          Could not resolve keysym XF86NextElement
> Warning:          Could not resolve keysym XF86PreviousElement
> Warning:          Could not resolve keysym XF86AutopilotEngageToggle
> Warning:          Could not resolve keysym XF86MarkWaypoint
> Warning:          Could not resolve keysym XF86Sos
> Warning:          Could not resolve keysym XF86NavChart
> Warning:          Could not resolve keysym XF86FishingChart
> Warning:          Could not resolve keysym XF86SingleRangeRadar
> Warning:          Could not resolve keysym XF86DualRangeRadar
> Warning:          Could not resolve keysym XF86RadarOverlay
> Warning:          Could not resolve keysym XF86TraditionalSonar
> Warning:          Could not resolve keysym XF86ClearvuSonar
> Warning:          Could not resolve keysym XF86SidevuSonar
> Warning:          Could not resolve keysym XF86NavInfo
Errors from xkbcomp are not fatal to the X server
_XSERVTransmkdir: Owner of /tmp/.X11-unix should be set to root
libEGL warning: failed to open /dev/dri/card4: Permission denied

libEGL warning: failed to open /dev/dri/card3: Permission denied

libEGL warning: failed to open /dev/dri/card2: Permission denied

libEGL warning: failed to open /dev/dri/card1: Permission denied

libEGL warning: failed to open /dev/dri/card4: Permission denied

libEGL warning: failed to open /dev/dri/card3: Permission denied

libEGL warning: failed to open /dev/dri/card2: Permission denied

libEGL warning: failed to open /dev/dri/card1: Permission denied

libEGL warning: failed to open /dev/dri/card4: Permission denied

libEGL warning: failed to open /dev/dri/card3: Permission denied

libEGL warning: failed to open /dev/dri/card2: Permission denied

libEGL warning: failed to open /dev/dri/card1: Permission denied

The XKEYBOARD keymap compiler (xkbcomp) reports:
> Warning:          Could not resolve keysym XF86CameraAccessEnable
> Warning:          Could not resolve keysym XF86CameraAccessDisable
> Warning:          Could not resolve keysym XF86CameraAccessToggle
> Warning:          Could not resolve keysym XF86NextElement
> Warning:          Could not resolve keysym XF86PreviousElement
> Warning:          Could not resolve keysym XF86AutopilotEngageToggle
> Warning:          Could not resolve keysym XF86MarkWaypoint
> Warning:          Could not resolve keysym XF86Sos
> Warning:          Could not resolve keysym XF86NavChart
> Warning:          Could not resolve keysym XF86FishingChart
> Warning:          Could not resolve keysym XF86SingleRangeRadar
> Warning:          Could not resolve keysym XF86DualRangeRadar
> Warning:          Could not resolve keysym XF86RadarOverlay
> Warning:          Could not resolve keysym XF86TraditionalSonar
> Warning:          Could not resolve keysym XF86ClearvuSonar
> Warning:          Could not resolve keysym XF86SidevuSonar
> Warning:          Could not resolve keysym XF86NavInfo
Errors from xkbcomp are not fatal to the X server
/vol/bitbucket/mz325/envs/como/lib/python3.10/site-packages/lightning_lite/utilities/cloud_io.py:48: FutureWarning: You are using `torch.load` with `weights_only=False` (the current default value), which uses the default pickle module implicitly. It is possible to construct malicious pickle data which will execute arbitrary code during unpickling (See https://github.com/pytorch/pytorch/blob/main/SECURITY.md#untrusted-models for more details). In a future release, the default value for `weights_only` will be flipped to `True`. This limits the functions that could be executed during unpickling. Arbitrary objects will no longer be allowed to be loaded via this mode unless they are explicitly allowlisted by the user via `torch.serialization.add_safe_globals`. We recommend you start setting `weights_only=True` for any use case where you don't have full control of the loaded file. Please open an issue on GitHub for any issues related to this experimental feature.
  return torch.load(f, map_location=map_location)
libEGL warning: failed to open /dev/dri/card4: Permission denied

libEGL warning: failed to open /dev/dri/card3: Permission denied

libEGL warning: failed to open /dev/dri/card2: Permission denied

libEGL warning: failed to open /dev/dri/card1: Permission denied

libEGL warning: failed to open /dev/dri/card4: Permission denied

libEGL warning: failed to open /dev/dri/card3: Permission denied

libEGL warning: failed to open /dev/dri/card2: Permission denied

libEGL warning: failed to open /dev/dri/card1: Permission denied

libEGL warning: failed to open /dev/dri/card4: Permission denied

libEGL warning: failed to open /dev/dri/card3: Permission denied

libEGL warning: failed to open /dev/dri/card2: Permission denied

libEGL warning: failed to open /dev/dri/card1: Permission denied

The XKEYBOARD keymap compiler (xkbcomp) reports:
> Warning:          Could not resolve keysym XF86CameraAccessEnable
> Warning:          Could not resolve keysym XF86CameraAccessDisable
> Warning:          Could not resolve keysym XF86CameraAccessToggle
> Warning:          Could not resolve keysym XF86NextElement
> Warning:          Could not resolve keysym XF86PreviousElement
> Warning:          Could not resolve keysym XF86AutopilotEngageToggle
> Warning:          Could not resolve keysym XF86MarkWaypoint
> Warning:          Could not resolve keysym XF86Sos
> Warning:          Could not resolve keysym XF86NavChart
> Warning:          Could not resolve keysym XF86FishingChart
> Warning:          Could not resolve keysym XF86SingleRangeRadar
> Warning:          Could not resolve keysym XF86DualRangeRadar
> Warning:          Could not resolve keysym XF86RadarOverlay
> Warning:          Could not resolve keysym XF86TraditionalSonar
> Warning:          Could not resolve keysym XF86ClearvuSonar
> Warning:          Could not resolve keysym XF86SidevuSonar
> Warning:          Could not resolve keysym XF86NavInfo
Errors from xkbcomp are not fatal to the X server
_XSERVTransmkdir: Owner of /tmp/.X11-unix should be set to root
libEGL warning: failed to open /dev/dri/card4: Permission denied

libEGL warning: failed to open /dev/dri/card3: Permission denied

libEGL warning: failed to open /dev/dri/card2: Permission denied

libEGL warning: failed to open /dev/dri/card1: Permission denied

libEGL warning: failed to open /dev/dri/card4: Permission denied

libEGL warning: failed to open /dev/dri/card3: Permission denied

libEGL warning: failed to open /dev/dri/card2: Permission denied

libEGL warning: failed to open /dev/dri/card1: Permission denied

libEGL warning: failed to open /dev/dri/card4: Permission denied

libEGL warning: failed to open /dev/dri/card3: Permission denied

libEGL warning: failed to open /dev/dri/card2: Permission denied

libEGL warning: failed to open /dev/dri/card1: Permission denied

The XKEYBOARD keymap compiler (xkbcomp) reports:
> Warning:          Could not resolve keysym XF86CameraAccessEnable
> Warning:          Could not resolve keysym XF86CameraAccessDisable
> Warning:          Could not resolve keysym XF86CameraAccessToggle
> Warning:          Could not resolve keysym XF86NextElement
> Warning:          Could not resolve keysym XF86PreviousElement
> Warning:          Could not resolve keysym XF86AutopilotEngageToggle
> Warning:          Could not resolve keysym XF86MarkWaypoint
> Warning:          Could not resolve keysym XF86Sos
> Warning:          Could not resolve keysym XF86NavChart
> Warning:          Could not resolve keysym XF86FishingChart
> Warning:          Could not resolve keysym XF86SingleRangeRadar
> Warning:          Could not resolve keysym XF86DualRangeRadar
> Warning:          Could not resolve keysym XF86RadarOverlay
> Warning:          Could not resolve keysym XF86TraditionalSonar
> Warning:          Could not resolve keysym XF86ClearvuSonar
> Warning:          Could not resolve keysym XF86SidevuSonar
> Warning:          Could not resolve keysym XF86NavInfo
Errors from xkbcomp are not fatal to the X server
/vol/bitbucket/mz325/envs/como/lib/python3.10/site-packages/lightning_lite/utilities/cloud_io.py:48: FutureWarning: You are using `torch.load` with `weights_only=False` (the current default value), which uses the default pickle module implicitly. It is possible to construct malicious pickle data which will execute arbitrary code during unpickling (See https://github.com/pytorch/pytorch/blob/main/SECURITY.md#untrusted-models for more details). In a future release, the default value for `weights_only` will be flipped to `True`. This limits the functions that could be executed during unpickling. Arbitrary objects will no longer be allowed to be loaded via this mode unless they are explicitly allowlisted by the user via `torch.serialization.add_safe_globals`. We recommend you start setting `weights_only=True` for any use case where you don't have full control of the loaded file. Please open an issue on GitHub for any issues related to this experimental feature.
  return torch.load(f, map_location=map_location)
libEGL warning: failed to open /dev/dri/card4: Permission denied

libEGL warning: failed to open /dev/dri/card3: Permission denied

libEGL warning: failed to open /dev/dri/card2: Permission denied

libEGL warning: failed to open /dev/dri/card1: Permission denied

libEGL warning: failed to open /dev/dri/card4: Permission denied

libEGL warning: failed to open /dev/dri/card3: Permission denied

libEGL warning: failed to open /dev/dri/card2: Permission denied

libEGL warning: failed to open /dev/dri/card1: Permission denied

libEGL warning: failed to open /dev/dri/card4: Permission denied

libEGL warning: failed to open /dev/dri/card3: Permission denied

libEGL warning: failed to open /dev/dri/card2: Permission denied

libEGL warning: failed to open /dev/dri/card1: Permission denied

The XKEYBOARD keymap compiler (xkbcomp) reports:
> Warning:          Could not resolve keysym XF86CameraAccessEnable
> Warning:          Could not resolve keysym XF86CameraAccessDisable
> Warning:          Could not resolve keysym XF86CameraAccessToggle
> Warning:          Could not resolve keysym XF86NextElement
> Warning:          Could not resolve keysym XF86PreviousElement
> Warning:          Could not resolve keysym XF86AutopilotEngageToggle
> Warning:          Could not resolve keysym XF86MarkWaypoint
> Warning:          Could not resolve keysym XF86Sos
> Warning:          Could not resolve keysym XF86NavChart
> Warning:          Could not resolve keysym XF86FishingChart
> Warning:          Could not resolve keysym XF86SingleRangeRadar
> Warning:          Could not resolve keysym XF86DualRangeRadar
> Warning:          Could not resolve keysym XF86RadarOverlay
> Warning:          Could not resolve keysym XF86TraditionalSonar
> Warning:          Could not resolve keysym XF86ClearvuSonar
> Warning:          Could not resolve keysym XF86SidevuSonar
> Warning:          Could not resolve keysym XF86NavInfo
Errors from xkbcomp are not fatal to the X server
_XSERVTransmkdir: Owner of /tmp/.X11-unix should be set to root
libEGL warning: failed to open /dev/dri/card4: Permission denied

libEGL warning: failed to open /dev/dri/card3: Permission denied

libEGL warning: failed to open /dev/dri/card2: Permission denied

libEGL warning: failed to open /dev/dri/card1: Permission denied

libEGL warning: failed to open /dev/dri/card4: Permission denied

libEGL warning: failed to open /dev/dri/card3: Permission denied

libEGL warning: failed to open /dev/dri/card2: Permission denied

libEGL warning: failed to open /dev/dri/card1: Permission denied

libEGL warning: failed to open /dev/dri/card4: Permission denied

libEGL warning: failed to open /dev/dri/card3: Permission denied

libEGL warning: failed to open /dev/dri/card2: Permission denied

libEGL warning: failed to open /dev/dri/card1: Permission denied

The XKEYBOARD keymap compiler (xkbcomp) reports:
> Warning:          Could not resolve keysym XF86CameraAccessEnable
> Warning:          Could not resolve keysym XF86CameraAccessDisable
> Warning:          Could not resolve keysym XF86CameraAccessToggle
> Warning:          Could not resolve keysym XF86NextElement
> Warning:          Could not resolve keysym XF86PreviousElement
> Warning:          Could not resolve keysym XF86AutopilotEngageToggle
> Warning:          Could not resolve keysym XF86MarkWaypoint
> Warning:          Could not resolve keysym XF86Sos
> Warning:          Could not resolve keysym XF86NavChart
> Warning:          Could not resolve keysym XF86FishingChart
> Warning:          Could not resolve keysym XF86SingleRangeRadar
> Warning:          Could not resolve keysym XF86DualRangeRadar
> Warning:          Could not resolve keysym XF86RadarOverlay
> Warning:          Could not resolve keysym XF86TraditionalSonar
> Warning:          Could not resolve keysym XF86ClearvuSonar
> Warning:          Could not resolve keysym XF86SidevuSonar
> Warning:          Could not resolve keysym XF86NavInfo
Errors from xkbcomp are not fatal to the X server
/vol/bitbucket/mz325/envs/como/lib/python3.10/site-packages/lightning_lite/utilities/cloud_io.py:48: FutureWarning: You are using `torch.load` with `weights_only=False` (the current default value), which uses the default pickle module implicitly. It is possible to construct malicious pickle data which will execute arbitrary code during unpickling (See https://github.com/pytorch/pytorch/blob/main/SECURITY.md#untrusted-models for more details). In a future release, the default value for `weights_only` will be flipped to `True`. This limits the functions that could be executed during unpickling. Arbitrary objects will no longer be allowed to be loaded via this mode unless they are explicitly allowlisted by the user via `torch.serialization.add_safe_globals`. We recommend you start setting `weights_only=True` for any use case where you don't have full control of the loaded file. Please open an issue on GitHub for any issues related to this experimental feature.
  return torch.load(f, map_location=map_location)
libEGL warning: failed to open /dev/dri/card4: Permission denied

libEGL warning: failed to open /dev/dri/card3: Permission denied

libEGL warning: failed to open /dev/dri/card2: Permission denied

libEGL warning: failed to open /dev/dri/card1: Permission denied

libEGL warning: failed to open /dev/dri/card4: Permission denied

libEGL warning: failed to open /dev/dri/card3: Permission denied

libEGL warning: failed to open /dev/dri/card2: Permission denied

libEGL warning: failed to open /dev/dri/card1: Permission denied

libEGL warning: failed to open /dev/dri/card4: Permission denied

libEGL warning: failed to open /dev/dri/card3: Permission denied

libEGL warning: failed to open /dev/dri/card2: Permission denied

libEGL warning: failed to open /dev/dri/card1: Permission denied

The XKEYBOARD keymap compiler (xkbcomp) reports:
> Warning:          Could not resolve keysym XF86CameraAccessEnable
> Warning:          Could not resolve keysym XF86CameraAccessDisable
> Warning:          Could not resolve keysym XF86CameraAccessToggle
> Warning:          Could not resolve keysym XF86NextElement
> Warning:          Could not resolve keysym XF86PreviousElement
> Warning:          Could not resolve keysym XF86AutopilotEngageToggle
> Warning:          Could not resolve keysym XF86MarkWaypoint
> Warning:          Could not resolve keysym XF86Sos
> Warning:          Could not resolve keysym XF86NavChart
> Warning:          Could not resolve keysym XF86FishingChart
> Warning:          Could not resolve keysym XF86SingleRangeRadar
> Warning:          Could not resolve keysym XF86DualRangeRadar
> Warning:          Could not resolve keysym XF86RadarOverlay
> Warning:          Could not resolve keysym XF86TraditionalSonar
> Warning:          Could not resolve keysym XF86ClearvuSonar
> Warning:          Could not resolve keysym XF86SidevuSonar
> Warning:          Could not resolve keysym XF86NavInfo
Errors from xkbcomp are not fatal to the X server
_XSERVTransmkdir: Owner of /tmp/.X11-unix should be set to root
libEGL warning: failed to open /dev/dri/card4: Permission denied

libEGL warning: failed to open /dev/dri/card3: Permission denied

libEGL warning: failed to open /dev/dri/card2: Permission denied

libEGL warning: failed to open /dev/dri/card1: Permission denied

libEGL warning: failed to open /dev/dri/card4: Permission denied

libEGL warning: failed to open /dev/dri/card3: Permission denied

libEGL warning: failed to open /dev/dri/card2: Permission denied

libEGL warning: failed to open /dev/dri/card1: Permission denied

libEGL warning: failed to open /dev/dri/card4: Permission denied

libEGL warning: failed to open /dev/dri/card3: Permission denied

libEGL warning: failed to open /dev/dri/card2: Permission denied

libEGL warning: failed to open /dev/dri/card1: Permission denied

The XKEYBOARD keymap compiler (xkbcomp) reports:
> Warning:          Could not resolve keysym XF86CameraAccessEnable
> Warning:          Could not resolve keysym XF86CameraAccessDisable
> Warning:          Could not resolve keysym XF86CameraAccessToggle
> Warning:          Could not resolve keysym XF86NextElement
> Warning:          Could not resolve keysym XF86PreviousElement
> Warning:          Could not resolve keysym XF86AutopilotEngageToggle
> Warning:          Could not resolve keysym XF86MarkWaypoint
> Warning:          Could not resolve keysym XF86Sos
> Warning:          Could not resolve keysym XF86NavChart
> Warning:          Could not resolve keysym XF86FishingChart
> Warning:          Could not resolve keysym XF86SingleRangeRadar
> Warning:          Could not resolve keysym XF86DualRangeRadar
> Warning:          Could not resolve keysym XF86RadarOverlay
> Warning:          Could not resolve keysym XF86TraditionalSonar
> Warning:          Could not resolve keysym XF86ClearvuSonar
> Warning:          Could not resolve keysym XF86SidevuSonar
> Warning:          Could not resolve keysym XF86NavInfo
Errors from xkbcomp are not fatal to the X server
/vol/bitbucket/mz325/envs/como/lib/python3.10/site-packages/lightning_lite/utilities/cloud_io.py:48: FutureWarning: You are using `torch.load` with `weights_only=False` (the current default value), which uses the default pickle module implicitly. It is possible to construct malicious pickle data which will execute arbitrary code during unpickling (See https://github.com/pytorch/pytorch/blob/main/SECURITY.md#untrusted-models for more details). In a future release, the default value for `weights_only` will be flipped to `True`. This limits the functions that could be executed during unpickling. Arbitrary objects will no longer be allowed to be loaded via this mode unless they are explicitly allowlisted by the user via `torch.serialization.add_safe_globals`. We recommend you start setting `weights_only=True` for any use case where you don't have full control of the loaded file. Please open an issue on GitHub for any issues related to this experimental feature.
  return torch.load(f, map_location=map_location)
Exception in thread UpdateMain:
Traceback (most recent call last):
  File "/vol/bitbucket/mz325/envs/como/lib/python3.10/threading.py", line 1016, in _bootstrap_inner
    self.run()
  File "/vol/bitbucket/mz325/envs/como/lib/python3.10/threading.py", line 953, in run
    self._target(*self._args, **self._kwargs)
  File "/vol/bitbucket/mz325/individual_project/como/como/gui/GuiWindow.py", line 630, in update_main
    self.iter(timestamp, rgb, depth, pose_gt)
  File "/vol/bitbucket/mz325/individual_project/como/como/odom/sequential/ComoSeq.py", line 80, in iter
    self.iter_with_sensor_depth_mapping(timestamp, rgb, depth)
  File "/vol/bitbucket/mz325/individual_project/como/como/odom/sequential/ComoSeq.py", line 413, in iter_with_sensor_depth_mapping
    track_data_viz, track_data_map = self.tracking.track(track_data_in)
  File "/vol/bitbucket/mz325/individual_project/como/como/odom/sequential/TrackingSeq.py", line 9, in track
    return self.handle_frame(data)
  File "/vol/bitbucket/mz325/individual_project/como/como/odom/Tracking.py", line 500, in handle_frame
    self.T_curr_kf, self.aff_curr_kf = photo_tracking_pyr(
  File "/vol/bitbucket/mz325/individual_project/como/como/odom/frontend/photo_tracking.py", line 40, in photo_tracking_pyr
    Tji, aff, debug_level = photo_level_tracking(
  File "/vol/bitbucket/mz325/individual_project/como/como/odom/frontend/photo_tracking.py", line 242, in photo_level_tracking
    tracking_iter(
  File "/vol/bitbucket/mz325/individual_project/como/como/odom/frontend/photo_tracking.py", line 180, in tracking_iter
    "valid_ratio": float(valid_count.detach().cpu().item()) / float(total_count),
ZeroDivisionError: float division by zero
N5utils18PostconditionPanicE
in RenderableManager::Builder::Result filament::RenderableManager::Builder::build(filament::Engine &, utils::Entity):236
reason: [entity=793] AABB can't be empty, unless culling is disabled and the object is not a shadow caster/receiver
#0	pybind.cpython-310-x86_64-linux-gnu.so     0x760c63446cd0 (null) + 129795577113808
#1	pybind.cpython-310-x86_64-linux-gnu.so     0x760c6339dc3a (null) + 129795576421434
#2	pybind.cpython-310-x86_64-linux-gnu.so     0x760c591c4647 (null) + 129795406710343
#3	pybind.cpython-310-x86_64-linux-gnu.so     0x760c591c7517 (null) + 129795406722327
#4	pybind.cpython-310-x86_64-linux-gnu.so     0x760c5916522a (null) + 129795406320170
#5	pybind.cpython-310-x86_64-linux-gnu.so     0x760c5625b17c (null) + 129795356995964
#6	pybind.cpython-310-x86_64-linux-gnu.so     0x760c56628cda (null) + 129795360984282
#7	python                              0x59a909a05446 (null) + 98582545847366
#8	python                              0x59a9099fe97b _PyObject_MakeTpCall + 619
#9	python                              0x59a909a116e6 (null) + 98582545897190
#10	python                              0x59a9099fa022 _PyEval_EvalFrameDefault + 19474
#11	python                              0x59a909a058cc _PyFunction_Vectorcall + 108
#12	python                              0x59a9099f5b3c _PyEval_EvalFrameDefault + 1836
#13	python                              0x59a909a058cc _PyFunction_Vectorcall + 108
#14	pybind.cpython-310-x86_64-linux-gnu.so     0x760c564fdb81 (null) + 129795359759233
#15	pybind.cpython-310-x86_64-linux-gnu.so     0x760c562e5178 (null) + 129795357561208
#16	pybind.cpython-310-x86_64-linux-gnu.so     0x760c591d2405 (null) + 129795406767109
#17	pybind.cpython-310-x86_64-linux-gnu.so     0x760c591d282d (null) + 129795406768173


Traceback (most recent call last):
  File "/vol/bitbucket/mz325/individual_project/como/como/como_dataset.py", line 37, in <module>
    main(dataset)
  File "/vol/bitbucket/mz325/individual_project/como/como/como_dataset.py", line 25, in main
    app.run()
  File "/vol/bitbucket/mz325/individual_project/como/como/odom/sequential/ComoSeq.py", line 425, in <lambda>
    self.window, lambda: self.update_pose_render(tracked_pose)
  File "/vol/bitbucket/mz325/individual_project/como/como/gui/GuiWindow.py", line 524, in update_pose_render
    self.widget3d.scene.add_geometry("est_traj", est_traj_geo, self.line_mat)
RuntimeError: Caught an unknown exception!
libEGL warning: failed to open /dev/dri/card4: Permission denied

libEGL warning: failed to open /dev/dri/card3: Permission denied

libEGL warning: failed to open /dev/dri/card2: Permission denied

libEGL warning: failed to open /dev/dri/card1: Permission denied

libEGL warning: failed to open /dev/dri/card4: Permission denied

libEGL warning: failed to open /dev/dri/card3: Permission denied

libEGL warning: failed to open /dev/dri/card2: Permission denied

libEGL warning: failed to open /dev/dri/card1: Permission denied

libEGL warning: failed to open /dev/dri/card4: Permission denied

libEGL warning: failed to open /dev/dri/card3: Permission denied

libEGL warning: failed to open /dev/dri/card2: Permission denied

libEGL warning: failed to open /dev/dri/card1: Permission denied

The XKEYBOARD keymap compiler (xkbcomp) reports:
> Warning:          Could not resolve keysym XF86CameraAccessEnable
> Warning:          Could not resolve keysym XF86CameraAccessDisable
> Warning:          Could not resolve keysym XF86CameraAccessToggle
> Warning:          Could not resolve keysym XF86NextElement
> Warning:          Could not resolve keysym XF86PreviousElement
> Warning:          Could not resolve keysym XF86AutopilotEngageToggle
> Warning:          Could not resolve keysym XF86MarkWaypoint
> Warning:          Could not resolve keysym XF86Sos
> Warning:          Could not resolve keysym XF86NavChart
> Warning:          Could not resolve keysym XF86FishingChart
> Warning:          Could not resolve keysym XF86SingleRangeRadar
> Warning:          Could not resolve keysym XF86DualRangeRadar
> Warning:          Could not resolve keysym XF86RadarOverlay
> Warning:          Could not resolve keysym XF86TraditionalSonar
> Warning:          Could not resolve keysym XF86ClearvuSonar
> Warning:          Could not resolve keysym XF86SidevuSonar
> Warning:          Could not resolve keysym XF86NavInfo
Errors from xkbcomp are not fatal to the X server
_XSERVTransmkdir: Owner of /tmp/.X11-unix should be set to root
libEGL warning: failed to open /dev/dri/card4: Permission denied

libEGL warning: failed to open /dev/dri/card3: Permission denied

libEGL warning: failed to open /dev/dri/card2: Permission denied

libEGL warning: failed to open /dev/dri/card1: Permission denied

libEGL warning: failed to open /dev/dri/card4: Permission denied

libEGL warning: failed to open /dev/dri/card3: Permission denied

libEGL warning: failed to open /dev/dri/card2: Permission denied

libEGL warning: failed to open /dev/dri/card1: Permission denied

libEGL warning: failed to open /dev/dri/card4: Permission denied

libEGL warning: failed to open /dev/dri/card3: Permission denied

libEGL warning: failed to open /dev/dri/card2: Permission denied

libEGL warning: failed to open /dev/dri/card1: Permission denied

The XKEYBOARD keymap compiler (xkbcomp) reports:
> Warning:          Could not resolve keysym XF86CameraAccessEnable
> Warning:          Could not resolve keysym XF86CameraAccessDisable
> Warning:          Could not resolve keysym XF86CameraAccessToggle
> Warning:          Could not resolve keysym XF86NextElement
> Warning:          Could not resolve keysym XF86PreviousElement
> Warning:          Could not resolve keysym XF86AutopilotEngageToggle
> Warning:          Could not resolve keysym XF86MarkWaypoint
> Warning:          Could not resolve keysym XF86Sos
> Warning:          Could not resolve keysym XF86NavChart
> Warning:          Could not resolve keysym XF86FishingChart
> Warning:          Could not resolve keysym XF86SingleRangeRadar
> Warning:          Could not resolve keysym XF86DualRangeRadar
> Warning:          Could not resolve keysym XF86RadarOverlay
> Warning:          Could not resolve keysym XF86TraditionalSonar
> Warning:          Could not resolve keysym XF86ClearvuSonar
> Warning:          Could not resolve keysym XF86SidevuSonar
> Warning:          Could not resolve keysym XF86NavInfo
Errors from xkbcomp are not fatal to the X server
/vol/bitbucket/mz325/envs/como/lib/python3.10/site-packages/lightning_lite/utilities/cloud_io.py:48: FutureWarning: You are using `torch.load` with `weights_only=False` (the current default value), which uses the default pickle module implicitly. It is possible to construct malicious pickle data which will execute arbitrary code during unpickling (See https://github.com/pytorch/pytorch/blob/main/SECURITY.md#untrusted-models for more details). In a future release, the default value for `weights_only` will be flipped to `True`. This limits the functions that could be executed during unpickling. Arbitrary objects will no longer be allowed to be loaded via this mode unless they are explicitly allowlisted by the user via `torch.serialization.add_safe_globals`. We recommend you start setting `weights_only=True` for any use case where you don't have full control of the loaded file. Please open an issue on GitHub for any issues related to this experimental feature.
  return torch.load(f, map_location=map_location)
Exception in thread UpdateMain:
Traceback (most recent call last):
  File "/vol/bitbucket/mz325/envs/como/lib/python3.10/threading.py", line 1016, in _bootstrap_inner
    self.run()
  File "/vol/bitbucket/mz325/envs/como/lib/python3.10/threading.py", line 953, in run
    self._target(*self._args, **self._kwargs)
  File "/vol/bitbucket/mz325/individual_project/como/como/gui/GuiWindow.py", line 630, in update_main
    self.iter(timestamp, rgb, depth, pose_gt)
  File "/vol/bitbucket/mz325/individual_project/como/como/odom/sequential/ComoSeq.py", line 80, in iter
    self.iter_with_sensor_depth_mapping(timestamp, rgb, depth)
  File "/vol/bitbucket/mz325/individual_project/como/como/odom/sequential/ComoSeq.py", line 413, in iter_with_sensor_depth_mapping
    track_data_viz, track_data_map = self.tracking.track(track_data_in)
  File "/vol/bitbucket/mz325/individual_project/como/como/odom/sequential/TrackingSeq.py", line 9, in track
    return self.handle_frame(data)
  File "/vol/bitbucket/mz325/individual_project/como/como/odom/Tracking.py", line 500, in handle_frame
    self.T_curr_kf, self.aff_curr_kf = photo_tracking_pyr(
  File "/vol/bitbucket/mz325/individual_project/como/como/odom/frontend/photo_tracking.py", line 40, in photo_tracking_pyr
    Tji, aff, debug_level = photo_level_tracking(
  File "/vol/bitbucket/mz325/individual_project/como/como/odom/frontend/photo_tracking.py", line 242, in photo_level_tracking
    tracking_iter(
  File "/vol/bitbucket/mz325/individual_project/como/como/odom/frontend/photo_tracking.py", line 180, in tracking_iter
    "valid_ratio": float(valid_count.detach().cpu().item()) / float(total_count),
ZeroDivisionError: float division by zero
N5utils18PostconditionPanicE
in RenderableManager::Builder::Result filament::RenderableManager::Builder::build(filament::Engine &, utils::Entity):236
reason: [entity=795] AABB can't be empty, unless culling is disabled and the object is not a shadow caster/receiver
#0	pybind.cpython-310-x86_64-linux-gnu.so     0x7bba50746cd0 (null) + 136040143940816
#1	pybind.cpython-310-x86_64-linux-gnu.so     0x7bba5069dc3a (null) + 136040143248442
#2	pybind.cpython-310-x86_64-linux-gnu.so     0x7bba464c4647 (null) + 136039973537351
#3	pybind.cpython-310-x86_64-linux-gnu.so     0x7bba464c7517 (null) + 136039973549335
#4	pybind.cpython-310-x86_64-linux-gnu.so     0x7bba4646522a (null) + 136039973147178
#5	pybind.cpython-310-x86_64-linux-gnu.so     0x7bba4355b17c (null) + 136039923822972
#6	pybind.cpython-310-x86_64-linux-gnu.so     0x7bba43928cda (null) + 136039927811290
#7	python                              0x5656e738c446 (null) + 94931246433350
#8	python                              0x5656e738597b _PyObject_MakeTpCall + 619
#9	python                              0x5656e73986e6 (null) + 94931246483174
#10	python                              0x5656e7381022 _PyEval_EvalFrameDefault + 19474
#11	python                              0x5656e738c8cc _PyFunction_Vectorcall + 108
#12	python                              0x5656e737cb3c _PyEval_EvalFrameDefault + 1836
#13	python                              0x5656e738c8cc _PyFunction_Vectorcall + 108
#14	pybind.cpython-310-x86_64-linux-gnu.so     0x7bba437fdb81 (null) + 136039926586241
#15	pybind.cpython-310-x86_64-linux-gnu.so     0x7bba435e5178 (null) + 136039924388216
#16	pybind.cpython-310-x86_64-linux-gnu.so     0x7bba464d2405 (null) + 136039973594117
#17	pybind.cpython-310-x86_64-linux-gnu.so     0x7bba464d282d (null) + 136039973595181


Traceback (most recent call last):
  File "/vol/bitbucket/mz325/individual_project/como/como/como_dataset.py", line 37, in <module>
    main(dataset)
  File "/vol/bitbucket/mz325/individual_project/como/como/como_dataset.py", line 25, in main
    app.run()
  File "/vol/bitbucket/mz325/individual_project/como/como/odom/sequential/ComoSeq.py", line 425, in <lambda>
    self.window, lambda: self.update_pose_render(tracked_pose)
  File "/vol/bitbucket/mz325/individual_project/como/como/gui/GuiWindow.py", line 524, in update_pose_render
    self.widget3d.scene.add_geometry("est_traj", est_traj_geo, self.line_mat)
RuntimeError: Caught an unknown exception!
libEGL warning: failed to open /dev/dri/card4: Permission denied

libEGL warning: failed to open /dev/dri/card3: Permission denied

libEGL warning: failed to open /dev/dri/card2: Permission denied

libEGL warning: failed to open /dev/dri/card1: Permission denied

libEGL warning: failed to open /dev/dri/card4: Permission denied

libEGL warning: failed to open /dev/dri/card3: Permission denied

libEGL warning: failed to open /dev/dri/card2: Permission denied

libEGL warning: failed to open /dev/dri/card1: Permission denied

libEGL warning: failed to open /dev/dri/card4: Permission denied

libEGL warning: failed to open /dev/dri/card3: Permission denied

libEGL warning: failed to open /dev/dri/card2: Permission denied

libEGL warning: failed to open /dev/dri/card1: Permission denied

The XKEYBOARD keymap compiler (xkbcomp) reports:
> Warning:          Could not resolve keysym XF86CameraAccessEnable
> Warning:          Could not resolve keysym XF86CameraAccessDisable
> Warning:          Could not resolve keysym XF86CameraAccessToggle
> Warning:          Could not resolve keysym XF86NextElement
> Warning:          Could not resolve keysym XF86PreviousElement
> Warning:          Could not resolve keysym XF86AutopilotEngageToggle
> Warning:          Could not resolve keysym XF86MarkWaypoint
> Warning:          Could not resolve keysym XF86Sos
> Warning:          Could not resolve keysym XF86NavChart
> Warning:          Could not resolve keysym XF86FishingChart
> Warning:          Could not resolve keysym XF86SingleRangeRadar
> Warning:          Could not resolve keysym XF86DualRangeRadar
> Warning:          Could not resolve keysym XF86RadarOverlay
> Warning:          Could not resolve keysym XF86TraditionalSonar
> Warning:          Could not resolve keysym XF86ClearvuSonar
> Warning:          Could not resolve keysym XF86SidevuSonar
> Warning:          Could not resolve keysym XF86NavInfo
Errors from xkbcomp are not fatal to the X server
_XSERVTransmkdir: Owner of /tmp/.X11-unix should be set to root
libEGL warning: failed to open /dev/dri/card4: Permission denied

libEGL warning: failed to open /dev/dri/card3: Permission denied

libEGL warning: failed to open /dev/dri/card2: Permission denied

libEGL warning: failed to open /dev/dri/card1: Permission denied

libEGL warning: failed to open /dev/dri/card4: Permission denied

libEGL warning: failed to open /dev/dri/card3: Permission denied

libEGL warning: failed to open /dev/dri/card2: Permission denied

libEGL warning: failed to open /dev/dri/card1: Permission denied

libEGL warning: failed to open /dev/dri/card4: Permission denied

libEGL warning: failed to open /dev/dri/card3: Permission denied

libEGL warning: failed to open /dev/dri/card2: Permission denied

libEGL warning: failed to open /dev/dri/card1: Permission denied

The XKEYBOARD keymap compiler (xkbcomp) reports:
> Warning:          Could not resolve keysym XF86CameraAccessEnable
> Warning:          Could not resolve keysym XF86CameraAccessDisable
> Warning:          Could not resolve keysym XF86CameraAccessToggle
> Warning:          Could not resolve keysym XF86NextElement
> Warning:          Could not resolve keysym XF86PreviousElement
> Warning:          Could not resolve keysym XF86AutopilotEngageToggle
> Warning:          Could not resolve keysym XF86MarkWaypoint
> Warning:          Could not resolve keysym XF86Sos
> Warning:          Could not resolve keysym XF86NavChart
> Warning:          Could not resolve keysym XF86FishingChart
> Warning:          Could not resolve keysym XF86SingleRangeRadar
> Warning:          Could not resolve keysym XF86DualRangeRadar
> Warning:          Could not resolve keysym XF86RadarOverlay
> Warning:          Could not resolve keysym XF86TraditionalSonar
> Warning:          Could not resolve keysym XF86ClearvuSonar
> Warning:          Could not resolve keysym XF86SidevuSonar
> Warning:          Could not resolve keysym XF86NavInfo
Errors from xkbcomp are not fatal to the X server
/vol/bitbucket/mz325/envs/como/lib/python3.10/site-packages/lightning_lite/utilities/cloud_io.py:48: FutureWarning: You are using `torch.load` with `weights_only=False` (the current default value), which uses the default pickle module implicitly. It is possible to construct malicious pickle data which will execute arbitrary code during unpickling (See https://github.com/pytorch/pytorch/blob/main/SECURITY.md#untrusted-models for more details). In a future release, the default value for `weights_only` will be flipped to `True`. This limits the functions that could be executed during unpickling. Arbitrary objects will no longer be allowed to be loaded via this mode unless they are explicitly allowlisted by the user via `torch.serialization.add_safe_globals`. We recommend you start setting `weights_only=True` for any use case where you don't have full control of the loaded file. Please open an issue on GitHub for any issues related to this experimental feature.
  return torch.load(f, map_location=map_location)
Exception in thread UpdateMain:
Traceback (most recent call last):
  File "/vol/bitbucket/mz325/envs/como/lib/python3.10/threading.py", line 1016, in _bootstrap_inner
    self.run()
  File "/vol/bitbucket/mz325/envs/como/lib/python3.10/threading.py", line 953, in run
    self._target(*self._args, **self._kwargs)
  File "/vol/bitbucket/mz325/individual_project/como/como/gui/GuiWindow.py", line 630, in update_main
    self.iter(timestamp, rgb, depth, pose_gt)
  File "/vol/bitbucket/mz325/individual_project/como/como/odom/sequential/ComoSeq.py", line 80, in iter
    self.iter_with_sensor_depth_mapping(timestamp, rgb, depth)
  File "/vol/bitbucket/mz325/individual_project/como/como/odom/sequential/ComoSeq.py", line 413, in iter_with_sensor_depth_mapping
    track_data_viz, track_data_map = self.tracking.track(track_data_in)
  File "/vol/bitbucket/mz325/individual_project/como/como/odom/sequential/TrackingSeq.py", line 9, in track
    return self.handle_frame(data)
  File "/vol/bitbucket/mz325/individual_project/como/como/odom/Tracking.py", line 500, in handle_frame
    self.T_curr_kf, self.aff_curr_kf = photo_tracking_pyr(
  File "/vol/bitbucket/mz325/individual_project/como/como/odom/frontend/photo_tracking.py", line 40, in photo_tracking_pyr
    Tji, aff, debug_level = photo_level_tracking(
  File "/vol/bitbucket/mz325/individual_project/como/como/odom/frontend/photo_tracking.py", line 242, in photo_level_tracking
    tracking_iter(
  File "/vol/bitbucket/mz325/individual_project/como/como/odom/frontend/photo_tracking.py", line 180, in tracking_iter
    "valid_ratio": float(valid_count.detach().cpu().item()) / float(total_count),
ZeroDivisionError: float division by zero
N5utils18PostconditionPanicE
in RenderableManager::Builder::Result filament::RenderableManager::Builder::build(filament::Engine &, utils::Entity):236
reason: [entity=793] AABB can't be empty, unless culling is disabled and the object is not a shadow caster/receiver
#0	pybind.cpython-310-x86_64-linux-gnu.so     0x70dbbdb46cd0 (null) + 124089082866896
#1	pybind.cpython-310-x86_64-linux-gnu.so     0x70dbbda9dc3a (null) + 124089082174522
#2	pybind.cpython-310-x86_64-linux-gnu.so     0x70dbb38c4647 (null) + 124088912463431
#3	pybind.cpython-310-x86_64-linux-gnu.so     0x70dbb38c7517 (null) + 124088912475415
#4	pybind.cpython-310-x86_64-linux-gnu.so     0x70dbb386522a (null) + 124088912073258
#5	pybind.cpython-310-x86_64-linux-gnu.so     0x70dbb095b17c (null) + 124088862749052
#6	pybind.cpython-310-x86_64-linux-gnu.so     0x70dbb0d28cda (null) + 124088866737370
#7	python                              0x55e895770446 (null) + 94457428378694
#8	python                              0x55e89576997b _PyObject_MakeTpCall + 619
#9	python                              0x55e89577c6e6 (null) + 94457428428518
#10	python                              0x55e895765022 _PyEval_EvalFrameDefault + 19474
#11	python                              0x55e8957708cc _PyFunction_Vectorcall + 108
#12	python                              0x55e895760b3c _PyEval_EvalFrameDefault + 1836
#13	python                              0x55e8957708cc _PyFunction_Vectorcall + 108
#14	pybind.cpython-310-x86_64-linux-gnu.so     0x70dbb0bfdb81 (null) + 124088865512321
#15	pybind.cpython-310-x86_64-linux-gnu.so     0x70dbb09e5178 (null) + 124088863314296
#16	pybind.cpython-310-x86_64-linux-gnu.so     0x70dbb38d2405 (null) + 124088912520197
#17	pybind.cpython-310-x86_64-linux-gnu.so     0x70dbb38d282d (null) + 124088912521261


Traceback (most recent call last):
  File "/vol/bitbucket/mz325/individual_project/como/como/como_dataset.py", line 37, in <module>
    main(dataset)
  File "/vol/bitbucket/mz325/individual_project/como/como/como_dataset.py", line 25, in main
    app.run()
  File "/vol/bitbucket/mz325/individual_project/como/como/odom/sequential/ComoSeq.py", line 425, in <lambda>
    self.window, lambda: self.update_pose_render(tracked_pose)
  File "/vol/bitbucket/mz325/individual_project/como/como/gui/GuiWindow.py", line 524, in update_pose_render
    self.widget3d.scene.add_geometry("est_traj", est_traj_geo, self.line_mat)
RuntimeError: Caught an unknown exception!
libEGL warning: failed to open /dev/dri/card4: Permission denied

libEGL warning: failed to open /dev/dri/card3: Permission denied

libEGL warning: failed to open /dev/dri/card2: Permission denied

libEGL warning: failed to open /dev/dri/card1: Permission denied

libEGL warning: failed to open /dev/dri/card4: Permission denied

libEGL warning: failed to open /dev/dri/card3: Permission denied

libEGL warning: failed to open /dev/dri/card2: Permission denied

libEGL warning: failed to open /dev/dri/card1: Permission denied

libEGL warning: failed to open /dev/dri/card4: Permission denied

libEGL warning: failed to open /dev/dri/card3: Permission denied

libEGL warning: failed to open /dev/dri/card2: Permission denied

libEGL warning: failed to open /dev/dri/card1: Permission denied

The XKEYBOARD keymap compiler (xkbcomp) reports:
> Warning:          Could not resolve keysym XF86CameraAccessEnable
> Warning:          Could not resolve keysym XF86CameraAccessDisable
> Warning:          Could not resolve keysym XF86CameraAccessToggle
> Warning:          Could not resolve keysym XF86NextElement
> Warning:          Could not resolve keysym XF86PreviousElement
> Warning:          Could not resolve keysym XF86AutopilotEngageToggle
> Warning:          Could not resolve keysym XF86MarkWaypoint
> Warning:          Could not resolve keysym XF86Sos
> Warning:          Could not resolve keysym XF86NavChart
> Warning:          Could not resolve keysym XF86FishingChart
> Warning:          Could not resolve keysym XF86SingleRangeRadar
> Warning:          Could not resolve keysym XF86DualRangeRadar
> Warning:          Could not resolve keysym XF86RadarOverlay
> Warning:          Could not resolve keysym XF86TraditionalSonar
> Warning:          Could not resolve keysym XF86ClearvuSonar
> Warning:          Could not resolve keysym XF86SidevuSonar
> Warning:          Could not resolve keysym XF86NavInfo
Errors from xkbcomp are not fatal to the X server
_XSERVTransmkdir: Owner of /tmp/.X11-unix should be set to root
libEGL warning: failed to open /dev/dri/card4: Permission denied

libEGL warning: failed to open /dev/dri/card3: Permission denied

libEGL warning: failed to open /dev/dri/card2: Permission denied

libEGL warning: failed to open /dev/dri/card1: Permission denied

libEGL warning: failed to open /dev/dri/card4: Permission denied

libEGL warning: failed to open /dev/dri/card3: Permission denied

libEGL warning: failed to open /dev/dri/card2: Permission denied

libEGL warning: failed to open /dev/dri/card1: Permission denied

libEGL warning: failed to open /dev/dri/card4: Permission denied

libEGL warning: failed to open /dev/dri/card3: Permission denied

libEGL warning: failed to open /dev/dri/card2: Permission denied

libEGL warning: failed to open /dev/dri/card1: Permission denied

The XKEYBOARD keymap compiler (xkbcomp) reports:
> Warning:          Could not resolve keysym XF86CameraAccessEnable
> Warning:          Could not resolve keysym XF86CameraAccessDisable
> Warning:          Could not resolve keysym XF86CameraAccessToggle
> Warning:          Could not resolve keysym XF86NextElement
> Warning:          Could not resolve keysym XF86PreviousElement
> Warning:          Could not resolve keysym XF86AutopilotEngageToggle
> Warning:          Could not resolve keysym XF86MarkWaypoint
> Warning:          Could not resolve keysym XF86Sos
> Warning:          Could not resolve keysym XF86NavChart
> Warning:          Could not resolve keysym XF86FishingChart
> Warning:          Could not resolve keysym XF86SingleRangeRadar
> Warning:          Could not resolve keysym XF86DualRangeRadar
> Warning:          Could not resolve keysym XF86RadarOverlay
> Warning:          Could not resolve keysym XF86TraditionalSonar
> Warning:          Could not resolve keysym XF86ClearvuSonar
> Warning:          Could not resolve keysym XF86SidevuSonar
> Warning:          Could not resolve keysym XF86NavInfo
Errors from xkbcomp are not fatal to the X server
/vol/bitbucket/mz325/envs/como/lib/python3.10/site-packages/lightning_lite/utilities/cloud_io.py:48: FutureWarning: You are using `torch.load` with `weights_only=False` (the current default value), which uses the default pickle module implicitly. It is possible to construct malicious pickle data which will execute arbitrary code during unpickling (See https://github.com/pytorch/pytorch/blob/main/SECURITY.md#untrusted-models for more details). In a future release, the default value for `weights_only` will be flipped to `True`. This limits the functions that could be executed during unpickling. Arbitrary objects will no longer be allowed to be loaded via this mode unless they are explicitly allowlisted by the user via `torch.serialization.add_safe_globals`. We recommend you start setting `weights_only=True` for any use case where you don't have full control of the loaded file. Please open an issue on GitHub for any issues related to this experimental feature.
  return torch.load(f, map_location=map_location)
Exception in thread UpdateMain:
Traceback (most recent call last):
  File "/vol/bitbucket/mz325/envs/como/lib/python3.10/threading.py", line 1016, in _bootstrap_inner
    self.run()
  File "/vol/bitbucket/mz325/envs/como/lib/python3.10/threading.py", line 953, in run
    self._target(*self._args, **self._kwargs)
  File "/vol/bitbucket/mz325/individual_project/como/como/gui/GuiWindow.py", line 630, in update_main
    self.iter(timestamp, rgb, depth, pose_gt)
  File "/vol/bitbucket/mz325/individual_project/como/como/odom/sequential/ComoSeq.py", line 80, in iter
    self.iter_with_sensor_depth_mapping(timestamp, rgb, depth)
  File "/vol/bitbucket/mz325/individual_project/como/como/odom/sequential/ComoSeq.py", line 413, in iter_with_sensor_depth_mapping
    track_data_viz, track_data_map = self.tracking.track(track_data_in)
  File "/vol/bitbucket/mz325/individual_project/como/como/odom/sequential/TrackingSeq.py", line 9, in track
    return self.handle_frame(data)
  File "/vol/bitbucket/mz325/individual_project/como/como/odom/Tracking.py", line 500, in handle_frame
    self.T_curr_kf, self.aff_curr_kf = photo_tracking_pyr(
  File "/vol/bitbucket/mz325/individual_project/como/como/odom/frontend/photo_tracking.py", line 40, in photo_tracking_pyr
    Tji, aff, debug_level = photo_level_tracking(
  File "/vol/bitbucket/mz325/individual_project/como/como/odom/frontend/photo_tracking.py", line 242, in photo_level_tracking
    tracking_iter(
  File "/vol/bitbucket/mz325/individual_project/como/como/odom/frontend/photo_tracking.py", line 180, in tracking_iter
    "valid_ratio": float(valid_count.detach().cpu().item()) / float(total_count),
ZeroDivisionError: float division by zero
N5utils18PostconditionPanicE
in RenderableManager::Builder::Result filament::RenderableManager::Builder::build(filament::Engine &, utils::Entity):236
reason: [entity=793] AABB can't be empty, unless culling is disabled and the object is not a shadow caster/receiver
#0	pybind.cpython-310-x86_64-linux-gnu.so     0x732cd3346cd0 (null) + 126636359183568
#1	pybind.cpython-310-x86_64-linux-gnu.so     0x732cd329dc3a (null) + 126636358491194
#2	pybind.cpython-310-x86_64-linux-gnu.so     0x732cc90c4647 (null) + 126636188780103
#3	pybind.cpython-310-x86_64-linux-gnu.so     0x732cc90c7517 (null) + 126636188792087
#4	pybind.cpython-310-x86_64-linux-gnu.so     0x732cc906522a (null) + 126636188389930
#5	pybind.cpython-310-x86_64-linux-gnu.so     0x732cc615b17c (null) + 126636139065724
#6	pybind.cpython-310-x86_64-linux-gnu.so     0x732cc6528cda (null) + 126636143054042
#7	python                              0x648611399446 (null) + 110526977381446
#8	python                              0x64861139297b _PyObject_MakeTpCall + 619
#9	python                              0x6486113a56e6 (null) + 110526977431270
#10	python                              0x64861138e022 _PyEval_EvalFrameDefault + 19474
#11	python                              0x6486113998cc _PyFunction_Vectorcall + 108
#12	python                              0x648611389b3c _PyEval_EvalFrameDefault + 1836
#13	python                              0x6486113998cc _PyFunction_Vectorcall + 108
#14	pybind.cpython-310-x86_64-linux-gnu.so     0x732cc63fdb81 (null) + 126636141828993
#15	pybind.cpython-310-x86_64-linux-gnu.so     0x732cc61e5178 (null) + 126636139630968
#16	pybind.cpython-310-x86_64-linux-gnu.so     0x732cc90d2405 (null) + 126636188836869
#17	pybind.cpython-310-x86_64-linux-gnu.so     0x732cc90d282d (null) + 126636188837933


Traceback (most recent call last):
  File "/vol/bitbucket/mz325/individual_project/como/como/como_dataset.py", line 37, in <module>
    main(dataset)
  File "/vol/bitbucket/mz325/individual_project/como/como/como_dataset.py", line 25, in main
    app.run()
  File "/vol/bitbucket/mz325/individual_project/como/como/odom/sequential/ComoSeq.py", line 425, in <lambda>
    self.window, lambda: self.update_pose_render(tracked_pose)
  File "/vol/bitbucket/mz325/individual_project/como/como/gui/GuiWindow.py", line 524, in update_pose_render
    self.widget3d.scene.add_geometry("est_traj", est_traj_geo, self.line_mat)
RuntimeError: Caught an unknown exception!
libEGL warning: failed to open /dev/dri/card4: Permission denied

libEGL warning: failed to open /dev/dri/card3: Permission denied

libEGL warning: failed to open /dev/dri/card2: Permission denied

libEGL warning: failed to open /dev/dri/card1: Permission denied

libEGL warning: failed to open /dev/dri/card4: Permission denied

libEGL warning: failed to open /dev/dri/card3: Permission denied

libEGL warning: failed to open /dev/dri/card2: Permission denied

libEGL warning: failed to open /dev/dri/card1: Permission denied

libEGL warning: failed to open /dev/dri/card4: Permission denied

libEGL warning: failed to open /dev/dri/card3: Permission denied

libEGL warning: failed to open /dev/dri/card2: Permission denied

libEGL warning: failed to open /dev/dri/card1: Permission denied

The XKEYBOARD keymap compiler (xkbcomp) reports:
> Warning:          Could not resolve keysym XF86CameraAccessEnable
> Warning:          Could not resolve keysym XF86CameraAccessDisable
> Warning:          Could not resolve keysym XF86CameraAccessToggle
> Warning:          Could not resolve keysym XF86NextElement
> Warning:          Could not resolve keysym XF86PreviousElement
> Warning:          Could not resolve keysym XF86AutopilotEngageToggle
> Warning:          Could not resolve keysym XF86MarkWaypoint
> Warning:          Could not resolve keysym XF86Sos
> Warning:          Could not resolve keysym XF86NavChart
> Warning:          Could not resolve keysym XF86FishingChart
> Warning:          Could not resolve keysym XF86SingleRangeRadar
> Warning:          Could not resolve keysym XF86DualRangeRadar
> Warning:          Could not resolve keysym XF86RadarOverlay
> Warning:          Could not resolve keysym XF86TraditionalSonar
> Warning:          Could not resolve keysym XF86ClearvuSonar
> Warning:          Could not resolve keysym XF86SidevuSonar
> Warning:          Could not resolve keysym XF86NavInfo
Errors from xkbcomp are not fatal to the X server
_XSERVTransmkdir: Owner of /tmp/.X11-unix should be set to root
libEGL warning: failed to open /dev/dri/card4: Permission denied

libEGL warning: failed to open /dev/dri/card3: Permission denied

libEGL warning: failed to open /dev/dri/card2: Permission denied

libEGL warning: failed to open /dev/dri/card1: Permission denied

libEGL warning: failed to open /dev/dri/card4: Permission denied

libEGL warning: failed to open /dev/dri/card3: Permission denied

libEGL warning: failed to open /dev/dri/card2: Permission denied

libEGL warning: failed to open /dev/dri/card1: Permission denied

libEGL warning: failed to open /dev/dri/card4: Permission denied

libEGL warning: failed to open /dev/dri/card3: Permission denied

libEGL warning: failed to open /dev/dri/card2: Permission denied

libEGL warning: failed to open /dev/dri/card1: Permission denied

The XKEYBOARD keymap compiler (xkbcomp) reports:
> Warning:          Could not resolve keysym XF86CameraAccessEnable
> Warning:          Could not resolve keysym XF86CameraAccessDisable
> Warning:          Could not resolve keysym XF86CameraAccessToggle
> Warning:          Could not resolve keysym XF86NextElement
> Warning:          Could not resolve keysym XF86PreviousElement
> Warning:          Could not resolve keysym XF86AutopilotEngageToggle
> Warning:          Could not resolve keysym XF86MarkWaypoint
> Warning:          Could not resolve keysym XF86Sos
> Warning:          Could not resolve keysym XF86NavChart
> Warning:          Could not resolve keysym XF86FishingChart
> Warning:          Could not resolve keysym XF86SingleRangeRadar
> Warning:          Could not resolve keysym XF86DualRangeRadar
> Warning:          Could not resolve keysym XF86RadarOverlay
> Warning:          Could not resolve keysym XF86TraditionalSonar
> Warning:          Could not resolve keysym XF86ClearvuSonar
> Warning:          Could not resolve keysym XF86SidevuSonar
> Warning:          Could not resolve keysym XF86NavInfo
Errors from xkbcomp are not fatal to the X server
/vol/bitbucket/mz325/envs/como/lib/python3.10/site-packages/lightning_lite/utilities/cloud_io.py:48: FutureWarning: You are using `torch.load` with `weights_only=False` (the current default value), which uses the default pickle module implicitly. It is possible to construct malicious pickle data which will execute arbitrary code during unpickling (See https://github.com/pytorch/pytorch/blob/main/SECURITY.md#untrusted-models for more details). In a future release, the default value for `weights_only` will be flipped to `True`. This limits the functions that could be executed during unpickling. Arbitrary objects will no longer be allowed to be loaded via this mode unless they are explicitly allowlisted by the user via `torch.serialization.add_safe_globals`. We recommend you start setting `weights_only=True` for any use case where you don't have full control of the loaded file. Please open an issue on GitHub for any issues related to this experimental feature.
  return torch.load(f, map_location=map_location)
Exception in thread UpdateMain:
Traceback (most recent call last):
  File "/vol/bitbucket/mz325/envs/como/lib/python3.10/threading.py", line 1016, in _bootstrap_inner
    self.run()
  File "/vol/bitbucket/mz325/envs/como/lib/python3.10/threading.py", line 953, in run
    self._target(*self._args, **self._kwargs)
  File "/vol/bitbucket/mz325/individual_project/como/como/gui/GuiWindow.py", line 630, in update_main
    self.iter(timestamp, rgb, depth, pose_gt)
  File "/vol/bitbucket/mz325/individual_project/como/como/odom/sequential/ComoSeq.py", line 80, in iter
    self.iter_with_sensor_depth_mapping(timestamp, rgb, depth)
  File "/vol/bitbucket/mz325/individual_project/como/como/odom/sequential/ComoSeq.py", line 413, in iter_with_sensor_depth_mapping
    track_data_viz, track_data_map = self.tracking.track(track_data_in)
  File "/vol/bitbucket/mz325/individual_project/como/como/odom/sequential/TrackingSeq.py", line 9, in track
    return self.handle_frame(data)
  File "/vol/bitbucket/mz325/individual_project/como/como/odom/Tracking.py", line 500, in handle_frame
    self.T_curr_kf, self.aff_curr_kf = photo_tracking_pyr(
  File "/vol/bitbucket/mz325/individual_project/como/como/odom/frontend/photo_tracking.py", line 40, in photo_tracking_pyr
    Tji, aff, debug_level = photo_level_tracking(
  File "/vol/bitbucket/mz325/individual_project/como/como/odom/frontend/photo_tracking.py", line 242, in photo_level_tracking
    tracking_iter(
  File "/vol/bitbucket/mz325/individual_project/como/como/odom/frontend/photo_tracking.py", line 180, in tracking_iter
    "valid_ratio": float(valid_count.detach().cpu().item()) / float(total_count),
ZeroDivisionError: float division by zero
N5utils18PostconditionPanicE
in RenderableManager::Builder::Result filament::RenderableManager::Builder::build(filament::Engine &, utils::Entity):236
reason: [entity=795] AABB can't be empty, unless culling is disabled and the object is not a shadow caster/receiver
#0	pybind.cpython-310-x86_64-linux-gnu.so     0x7cb9fd246cd0 (null) + 137138257816784
#1	pybind.cpython-310-x86_64-linux-gnu.so     0x7cb9fd19dc3a (null) + 137138257124410
#2	pybind.cpython-310-x86_64-linux-gnu.so     0x7cb9f2fc4647 (null) + 137138087413319
#3	pybind.cpython-310-x86_64-linux-gnu.so     0x7cb9f2fc7517 (null) + 137138087425303
#4	pybind.cpython-310-x86_64-linux-gnu.so     0x7cb9f2f6522a (null) + 137138087023146
#5	pybind.cpython-310-x86_64-linux-gnu.so     0x7cb9f005b17c (null) + 137138037698940
#6	pybind.cpython-310-x86_64-linux-gnu.so     0x7cb9f0428cda (null) + 137138041687258
#7	python                              0x61ce44e1f446 (null) + 107538546816070
#8	python                              0x61ce44e1897b _PyObject_MakeTpCall + 619
#9	python                              0x61ce44e2b6e6 (null) + 107538546865894
#10	python                              0x61ce44e14022 _PyEval_EvalFrameDefault + 19474
#11	python                              0x61ce44e1f8cc _PyFunction_Vectorcall + 108
#12	python                              0x61ce44e0fb3c _PyEval_EvalFrameDefault + 1836
#13	python                              0x61ce44e1f8cc _PyFunction_Vectorcall + 108
#14	pybind.cpython-310-x86_64-linux-gnu.so     0x7cb9f02fdb81 (null) + 137138040462209
#15	pybind.cpython-310-x86_64-linux-gnu.so     0x7cb9f00e5178 (null) + 137138038264184
#16	pybind.cpython-310-x86_64-linux-gnu.so     0x7cb9f2fd2405 (null) + 137138087470085
#17	pybind.cpython-310-x86_64-linux-gnu.so     0x7cb9f2fd282d (null) + 137138087471149


Traceback (most recent call last):
  File "/vol/bitbucket/mz325/individual_project/como/como/como_dataset.py", line 37, in <module>
    main(dataset)
  File "/vol/bitbucket/mz325/individual_project/como/como/como_dataset.py", line 25, in main
    app.run()
  File "/vol/bitbucket/mz325/individual_project/como/como/odom/sequential/ComoSeq.py", line 425, in <lambda>
    self.window, lambda: self.update_pose_render(tracked_pose)
  File "/vol/bitbucket/mz325/individual_project/como/como/gui/GuiWindow.py", line 524, in update_pose_render
    self.widget3d.scene.add_geometry("est_traj", est_traj_geo, self.line_mat)
RuntimeError: Caught an unknown exception!
libEGL warning: failed to open /dev/dri/card4: Permission denied

libEGL warning: failed to open /dev/dri/card3: Permission denied

libEGL warning: failed to open /dev/dri/card2: Permission denied

libEGL warning: failed to open /dev/dri/card1: Permission denied

libEGL warning: failed to open /dev/dri/card4: Permission denied

libEGL warning: failed to open /dev/dri/card3: Permission denied

libEGL warning: failed to open /dev/dri/card2: Permission denied

libEGL warning: failed to open /dev/dri/card1: Permission denied

libEGL warning: failed to open /dev/dri/card4: Permission denied

libEGL warning: failed to open /dev/dri/card3: Permission denied

libEGL warning: failed to open /dev/dri/card2: Permission denied

libEGL warning: failed to open /dev/dri/card1: Permission denied

The XKEYBOARD keymap compiler (xkbcomp) reports:
> Warning:          Could not resolve keysym XF86CameraAccessEnable
> Warning:          Could not resolve keysym XF86CameraAccessDisable
> Warning:          Could not resolve keysym XF86CameraAccessToggle
> Warning:          Could not resolve keysym XF86NextElement
> Warning:          Could not resolve keysym XF86PreviousElement
> Warning:          Could not resolve keysym XF86AutopilotEngageToggle
> Warning:          Could not resolve keysym XF86MarkWaypoint
> Warning:          Could not resolve keysym XF86Sos
> Warning:          Could not resolve keysym XF86NavChart
> Warning:          Could not resolve keysym XF86FishingChart
> Warning:          Could not resolve keysym XF86SingleRangeRadar
> Warning:          Could not resolve keysym XF86DualRangeRadar
> Warning:          Could not resolve keysym XF86RadarOverlay
> Warning:          Could not resolve keysym XF86TraditionalSonar
> Warning:          Could not resolve keysym XF86ClearvuSonar
> Warning:          Could not resolve keysym XF86SidevuSonar
> Warning:          Could not resolve keysym XF86NavInfo
Errors from xkbcomp are not fatal to the X server
_XSERVTransmkdir: Owner of /tmp/.X11-unix should be set to root
libEGL warning: failed to open /dev/dri/card4: Permission denied

libEGL warning: failed to open /dev/dri/card3: Permission denied

libEGL warning: failed to open /dev/dri/card2: Permission denied

libEGL warning: failed to open /dev/dri/card1: Permission denied

libEGL warning: failed to open /dev/dri/card4: Permission denied

libEGL warning: failed to open /dev/dri/card3: Permission denied

libEGL warning: failed to open /dev/dri/card2: Permission denied

libEGL warning: failed to open /dev/dri/card1: Permission denied

libEGL warning: failed to open /dev/dri/card4: Permission denied

libEGL warning: failed to open /dev/dri/card3: Permission denied

libEGL warning: failed to open /dev/dri/card2: Permission denied

libEGL warning: failed to open /dev/dri/card1: Permission denied

The XKEYBOARD keymap compiler (xkbcomp) reports:
> Warning:          Could not resolve keysym XF86CameraAccessEnable
> Warning:          Could not resolve keysym XF86CameraAccessDisable
> Warning:          Could not resolve keysym XF86CameraAccessToggle
> Warning:          Could not resolve keysym XF86NextElement
> Warning:          Could not resolve keysym XF86PreviousElement
> Warning:          Could not resolve keysym XF86AutopilotEngageToggle
> Warning:          Could not resolve keysym XF86MarkWaypoint
> Warning:          Could not resolve keysym XF86Sos
> Warning:          Could not resolve keysym XF86NavChart
> Warning:          Could not resolve keysym XF86FishingChart
> Warning:          Could not resolve keysym XF86SingleRangeRadar
> Warning:          Could not resolve keysym XF86DualRangeRadar
> Warning:          Could not resolve keysym XF86RadarOverlay
> Warning:          Could not resolve keysym XF86TraditionalSonar
> Warning:          Could not resolve keysym XF86ClearvuSonar
> Warning:          Could not resolve keysym XF86SidevuSonar
> Warning:          Could not resolve keysym XF86NavInfo
Errors from xkbcomp are not fatal to the X server
/vol/bitbucket/mz325/envs/como/lib/python3.10/site-packages/lightning_lite/utilities/cloud_io.py:48: FutureWarning: You are using `torch.load` with `weights_only=False` (the current default value), which uses the default pickle module implicitly. It is possible to construct malicious pickle data which will execute arbitrary code during unpickling (See https://github.com/pytorch/pytorch/blob/main/SECURITY.md#untrusted-models for more details). In a future release, the default value for `weights_only` will be flipped to `True`. This limits the functions that could be executed during unpickling. Arbitrary objects will no longer be allowed to be loaded via this mode unless they are explicitly allowlisted by the user via `torch.serialization.add_safe_globals`. We recommend you start setting `weights_only=True` for any use case where you don't have full control of the loaded file. Please open an issue on GitHub for any issues related to this experimental feature.
  return torch.load(f, map_location=map_location)
Exception in thread UpdateMain:
Traceback (most recent call last):
  File "/vol/bitbucket/mz325/envs/como/lib/python3.10/threading.py", line 1016, in _bootstrap_inner
    self.run()
  File "/vol/bitbucket/mz325/envs/como/lib/python3.10/threading.py", line 953, in run
    self._target(*self._args, **self._kwargs)
  File "/vol/bitbucket/mz325/individual_project/como/como/gui/GuiWindow.py", line 630, in update_main
    self.iter(timestamp, rgb, depth, pose_gt)
  File "/vol/bitbucket/mz325/individual_project/como/como/odom/sequential/ComoSeq.py", line 80, in iter
    self.iter_with_sensor_depth_mapping(timestamp, rgb, depth)
  File "/vol/bitbucket/mz325/individual_project/como/como/odom/sequential/ComoSeq.py", line 413, in iter_with_sensor_depth_mapping
    track_data_viz, track_data_map = self.tracking.track(track_data_in)
  File "/vol/bitbucket/mz325/individual_project/como/como/odom/sequential/TrackingSeq.py", line 9, in track
    return self.handle_frame(data)
  File "/vol/bitbucket/mz325/individual_project/como/como/odom/Tracking.py", line 500, in handle_frame
    self.T_curr_kf, self.aff_curr_kf = photo_tracking_pyr(
  File "/vol/bitbucket/mz325/individual_project/como/como/odom/frontend/photo_tracking.py", line 40, in photo_tracking_pyr
    Tji, aff, debug_level = photo_level_tracking(
  File "/vol/bitbucket/mz325/individual_project/como/como/odom/frontend/photo_tracking.py", line 242, in photo_level_tracking
    tracking_iter(
  File "/vol/bitbucket/mz325/individual_project/como/como/odom/frontend/photo_tracking.py", line 180, in tracking_iter
    "valid_ratio": float(valid_count.detach().cpu().item()) / float(total_count),
ZeroDivisionError: float division by zero
N5utils18PostconditionPanicE
in RenderableManager::Builder::Result filament::RenderableManager::Builder::build(filament::Engine &, utils::Entity):236
reason: [entity=790] AABB can't be empty, unless culling is disabled and the object is not a shadow caster/receiver
#0	pybind.cpython-310-x86_64-linux-gnu.so     0x752a86446cd0 (null) + 128825501707472
#1	pybind.cpython-310-x86_64-linux-gnu.so     0x752a8639dc3a (null) + 128825501015098
#2	pybind.cpython-310-x86_64-linux-gnu.so     0x752a7c1c4647 (null) + 128825331304007
#3	pybind.cpython-310-x86_64-linux-gnu.so     0x752a7c1c7517 (null) + 128825331315991
#4	pybind.cpython-310-x86_64-linux-gnu.so     0x752a7c16522a (null) + 128825330913834
#5	pybind.cpython-310-x86_64-linux-gnu.so     0x752a7925b17c (null) + 128825281589628
#6	pybind.cpython-310-x86_64-linux-gnu.so     0x752a79628cda (null) + 128825285577946
#7	python                              0x556c2452f446 (null) + 93922954245190
#8	python                              0x556c2452897b _PyObject_MakeTpCall + 619
#9	python                              0x556c2453b6e6 (null) + 93922954295014
#10	python                              0x556c24524022 _PyEval_EvalFrameDefault + 19474
#11	python                              0x556c2452f8cc _PyFunction_Vectorcall + 108
#12	python                              0x556c2451fb3c _PyEval_EvalFrameDefault + 1836
#13	python                              0x556c2452f8cc _PyFunction_Vectorcall + 108
#14	pybind.cpython-310-x86_64-linux-gnu.so     0x752a794fdb81 (null) + 128825284352897
#15	pybind.cpython-310-x86_64-linux-gnu.so     0x752a792e5178 (null) + 128825282154872
#16	pybind.cpython-310-x86_64-linux-gnu.so     0x752a7c1d2405 (null) + 128825331360773
#17	pybind.cpython-310-x86_64-linux-gnu.so     0x752a7c1d282d (null) + 128825331361837


Traceback (most recent call last):
  File "/vol/bitbucket/mz325/individual_project/como/como/como_dataset.py", line 37, in <module>
    main(dataset)
  File "/vol/bitbucket/mz325/individual_project/como/como/como_dataset.py", line 25, in main
    app.run()
  File "/vol/bitbucket/mz325/individual_project/como/como/odom/sequential/ComoSeq.py", line 425, in <lambda>
    self.window, lambda: self.update_pose_render(tracked_pose)
  File "/vol/bitbucket/mz325/individual_project/como/como/gui/GuiWindow.py", line 524, in update_pose_render
    self.widget3d.scene.add_geometry("est_traj", est_traj_geo, self.line_mat)
RuntimeError: Caught an unknown exception!
libEGL warning: failed to open /dev/dri/card4: Permission denied

libEGL warning: failed to open /dev/dri/card3: Permission denied

libEGL warning: failed to open /dev/dri/card2: Permission denied

libEGL warning: failed to open /dev/dri/card1: Permission denied

libEGL warning: failed to open /dev/dri/card4: Permission denied

libEGL warning: failed to open /dev/dri/card3: Permission denied

libEGL warning: failed to open /dev/dri/card2: Permission denied

libEGL warning: failed to open /dev/dri/card1: Permission denied

libEGL warning: failed to open /dev/dri/card4: Permission denied

libEGL warning: failed to open /dev/dri/card3: Permission denied

libEGL warning: failed to open /dev/dri/card2: Permission denied

libEGL warning: failed to open /dev/dri/card1: Permission denied

The XKEYBOARD keymap compiler (xkbcomp) reports:
> Warning:          Could not resolve keysym XF86CameraAccessEnable
> Warning:          Could not resolve keysym XF86CameraAccessDisable
> Warning:          Could not resolve keysym XF86CameraAccessToggle
> Warning:          Could not resolve keysym XF86NextElement
> Warning:          Could not resolve keysym XF86PreviousElement
> Warning:          Could not resolve keysym XF86AutopilotEngageToggle
> Warning:          Could not resolve keysym XF86MarkWaypoint
> Warning:          Could not resolve keysym XF86Sos
> Warning:          Could not resolve keysym XF86NavChart
> Warning:          Could not resolve keysym XF86FishingChart
> Warning:          Could not resolve keysym XF86SingleRangeRadar
> Warning:          Could not resolve keysym XF86DualRangeRadar
> Warning:          Could not resolve keysym XF86RadarOverlay
> Warning:          Could not resolve keysym XF86TraditionalSonar
> Warning:          Could not resolve keysym XF86ClearvuSonar
> Warning:          Could not resolve keysym XF86SidevuSonar
> Warning:          Could not resolve keysym XF86NavInfo
Errors from xkbcomp are not fatal to the X server
_XSERVTransmkdir: Owner of /tmp/.X11-unix should be set to root
libEGL warning: failed to open /dev/dri/card4: Permission denied

libEGL warning: failed to open /dev/dri/card3: Permission denied

libEGL warning: failed to open /dev/dri/card2: Permission denied

libEGL warning: failed to open /dev/dri/card1: Permission denied

libEGL warning: failed to open /dev/dri/card4: Permission denied

libEGL warning: failed to open /dev/dri/card3: Permission denied

libEGL warning: failed to open /dev/dri/card2: Permission denied

libEGL warning: failed to open /dev/dri/card1: Permission denied

libEGL warning: failed to open /dev/dri/card4: Permission denied

libEGL warning: failed to open /dev/dri/card3: Permission denied

libEGL warning: failed to open /dev/dri/card2: Permission denied

libEGL warning: failed to open /dev/dri/card1: Permission denied

The XKEYBOARD keymap compiler (xkbcomp) reports:
> Warning:          Could not resolve keysym XF86CameraAccessEnable
> Warning:          Could not resolve keysym XF86CameraAccessDisable
> Warning:          Could not resolve keysym XF86CameraAccessToggle
> Warning:          Could not resolve keysym XF86NextElement
> Warning:          Could not resolve keysym XF86PreviousElement
> Warning:          Could not resolve keysym XF86AutopilotEngageToggle
> Warning:          Could not resolve keysym XF86MarkWaypoint
> Warning:          Could not resolve keysym XF86Sos
> Warning:          Could not resolve keysym XF86NavChart
> Warning:          Could not resolve keysym XF86FishingChart
> Warning:          Could not resolve keysym XF86SingleRangeRadar
> Warning:          Could not resolve keysym XF86DualRangeRadar
> Warning:          Could not resolve keysym XF86RadarOverlay
> Warning:          Could not resolve keysym XF86TraditionalSonar
> Warning:          Could not resolve keysym XF86ClearvuSonar
> Warning:          Could not resolve keysym XF86SidevuSonar
> Warning:          Could not resolve keysym XF86NavInfo
Errors from xkbcomp are not fatal to the X server
/vol/bitbucket/mz325/envs/como/lib/python3.10/site-packages/lightning_lite/utilities/cloud_io.py:48: FutureWarning: You are using `torch.load` with `weights_only=False` (the current default value), which uses the default pickle module implicitly. It is possible to construct malicious pickle data which will execute arbitrary code during unpickling (See https://github.com/pytorch/pytorch/blob/main/SECURITY.md#untrusted-models for more details). In a future release, the default value for `weights_only` will be flipped to `True`. This limits the functions that could be executed during unpickling. Arbitrary objects will no longer be allowed to be loaded via this mode unless they are explicitly allowlisted by the user via `torch.serialization.add_safe_globals`. We recommend you start setting `weights_only=True` for any use case where you don't have full control of the loaded file. Please open an issue on GitHub for any issues related to this experimental feature.
  return torch.load(f, map_location=map_location)
Exception in thread UpdateMain:
Traceback (most recent call last):
  File "/vol/bitbucket/mz325/envs/como/lib/python3.10/threading.py", line 1016, in _bootstrap_inner
    self.run()
  File "/vol/bitbucket/mz325/envs/como/lib/python3.10/threading.py", line 953, in run
    self._target(*self._args, **self._kwargs)
  File "/vol/bitbucket/mz325/individual_project/como/como/gui/GuiWindow.py", line 630, in update_main
    self.iter(timestamp, rgb, depth, pose_gt)
  File "/vol/bitbucket/mz325/individual_project/como/como/odom/sequential/ComoSeq.py", line 80, in iter
    self.iter_with_sensor_depth_mapping(timestamp, rgb, depth)
  File "/vol/bitbucket/mz325/individual_project/como/como/odom/sequential/ComoSeq.py", line 413, in iter_with_sensor_depth_mapping
    track_data_viz, track_data_map = self.tracking.track(track_data_in)
  File "/vol/bitbucket/mz325/individual_project/como/como/odom/sequential/TrackingSeq.py", line 9, in track
    return self.handle_frame(data)
  File "/vol/bitbucket/mz325/individual_project/como/como/odom/Tracking.py", line 500, in handle_frame
    self.T_curr_kf, self.aff_curr_kf = photo_tracking_pyr(
  File "/vol/bitbucket/mz325/individual_project/como/como/odom/frontend/photo_tracking.py", line 40, in photo_tracking_pyr
    Tji, aff, debug_level = photo_level_tracking(
  File "/vol/bitbucket/mz325/individual_project/como/como/odom/frontend/photo_tracking.py", line 242, in photo_level_tracking
    tracking_iter(
  File "/vol/bitbucket/mz325/individual_project/como/como/odom/frontend/photo_tracking.py", line 180, in tracking_iter
    "valid_ratio": float(valid_count.detach().cpu().item()) / float(total_count),
ZeroDivisionError: float division by zero
N5utils18PostconditionPanicE
in RenderableManager::Builder::Result filament::RenderableManager::Builder::build(filament::Engine &, utils::Entity):236
reason: [entity=788] AABB can't be empty, unless culling is disabled and the object is not a shadow caster/receiver
#0	pybind.cpython-310-x86_64-linux-gnu.so     0x7b68d2546cd0 (null) + 135690135563472
#1	pybind.cpython-310-x86_64-linux-gnu.so     0x7b68d249dc3a (null) + 135690134871098
#2	pybind.cpython-310-x86_64-linux-gnu.so     0x7b68c82c4647 (null) + 135689965160007
#3	pybind.cpython-310-x86_64-linux-gnu.so     0x7b68c82c7517 (null) + 135689965171991
#4	pybind.cpython-310-x86_64-linux-gnu.so     0x7b68c826522a (null) + 135689964769834
#5	pybind.cpython-310-x86_64-linux-gnu.so     0x7b68c535b17c (null) + 135689915445628
#6	pybind.cpython-310-x86_64-linux-gnu.so     0x7b68c5728cda (null) + 135689919433946
#7	python                              0x55addefd5446 (null) + 94205258847302
#8	python                              0x55addefce97b _PyObject_MakeTpCall + 619
#9	python                              0x55addefe16e6 (null) + 94205258897126
#10	python                              0x55addefca022 _PyEval_EvalFrameDefault + 19474
#11	python                              0x55addefd58cc _PyFunction_Vectorcall + 108
#12	python                              0x55addefc5b3c _PyEval_EvalFrameDefault + 1836
#13	python                              0x55addefd58cc _PyFunction_Vectorcall + 108
#14	pybind.cpython-310-x86_64-linux-gnu.so     0x7b68c55fdb81 (null) + 135689918208897
#15	pybind.cpython-310-x86_64-linux-gnu.so     0x7b68c53e5178 (null) + 135689916010872
#16	pybind.cpython-310-x86_64-linux-gnu.so     0x7b68c82d2405 (null) + 135689965216773
#17	pybind.cpython-310-x86_64-linux-gnu.so     0x7b68c82d282d (null) + 135689965217837


Traceback (most recent call last):
  File "/vol/bitbucket/mz325/individual_project/como/como/como_dataset.py", line 37, in <module>
    main(dataset)
  File "/vol/bitbucket/mz325/individual_project/como/como/como_dataset.py", line 25, in main
    app.run()
  File "/vol/bitbucket/mz325/individual_project/como/como/odom/sequential/ComoSeq.py", line 425, in <lambda>
    self.window, lambda: self.update_pose_render(tracked_pose)
  File "/vol/bitbucket/mz325/individual_project/como/como/gui/GuiWindow.py", line 524, in update_pose_render
    self.widget3d.scene.add_geometry("est_traj", est_traj_geo, self.line_mat)
RuntimeError: Caught an unknown exception!
libEGL warning: failed to open /dev/dri/card4: Permission denied

libEGL warning: failed to open /dev/dri/card3: Permission denied

libEGL warning: failed to open /dev/dri/card2: Permission denied

libEGL warning: failed to open /dev/dri/card1: Permission denied

libEGL warning: failed to open /dev/dri/card4: Permission denied

libEGL warning: failed to open /dev/dri/card3: Permission denied

libEGL warning: failed to open /dev/dri/card2: Permission denied

libEGL warning: failed to open /dev/dri/card1: Permission denied

libEGL warning: failed to open /dev/dri/card4: Permission denied

libEGL warning: failed to open /dev/dri/card3: Permission denied

libEGL warning: failed to open /dev/dri/card2: Permission denied

libEGL warning: failed to open /dev/dri/card1: Permission denied

The XKEYBOARD keymap compiler (xkbcomp) reports:
> Warning:          Could not resolve keysym XF86CameraAccessEnable
> Warning:          Could not resolve keysym XF86CameraAccessDisable
> Warning:          Could not resolve keysym XF86CameraAccessToggle
> Warning:          Could not resolve keysym XF86NextElement
> Warning:          Could not resolve keysym XF86PreviousElement
> Warning:          Could not resolve keysym XF86AutopilotEngageToggle
> Warning:          Could not resolve keysym XF86MarkWaypoint
> Warning:          Could not resolve keysym XF86Sos
> Warning:          Could not resolve keysym XF86NavChart
> Warning:          Could not resolve keysym XF86FishingChart
> Warning:          Could not resolve keysym XF86SingleRangeRadar
> Warning:          Could not resolve keysym XF86DualRangeRadar
> Warning:          Could not resolve keysym XF86RadarOverlay
> Warning:          Could not resolve keysym XF86TraditionalSonar
> Warning:          Could not resolve keysym XF86ClearvuSonar
> Warning:          Could not resolve keysym XF86SidevuSonar
> Warning:          Could not resolve keysym XF86NavInfo
Errors from xkbcomp are not fatal to the X server
_XSERVTransmkdir: Owner of /tmp/.X11-unix should be set to root
libEGL warning: failed to open /dev/dri/card4: Permission denied

libEGL warning: failed to open /dev/dri/card3: Permission denied

libEGL warning: failed to open /dev/dri/card2: Permission denied

libEGL warning: failed to open /dev/dri/card1: Permission denied

libEGL warning: failed to open /dev/dri/card4: Permission denied

libEGL warning: failed to open /dev/dri/card3: Permission denied

libEGL warning: failed to open /dev/dri/card2: Permission denied

libEGL warning: failed to open /dev/dri/card1: Permission denied

libEGL warning: failed to open /dev/dri/card4: Permission denied

libEGL warning: failed to open /dev/dri/card3: Permission denied

libEGL warning: failed to open /dev/dri/card2: Permission denied

libEGL warning: failed to open /dev/dri/card1: Permission denied

The XKEYBOARD keymap compiler (xkbcomp) reports:
> Warning:          Could not resolve keysym XF86CameraAccessEnable
> Warning:          Could not resolve keysym XF86CameraAccessDisable
> Warning:          Could not resolve keysym XF86CameraAccessToggle
> Warning:          Could not resolve keysym XF86NextElement
> Warning:          Could not resolve keysym XF86PreviousElement
> Warning:          Could not resolve keysym XF86AutopilotEngageToggle
> Warning:          Could not resolve keysym XF86MarkWaypoint
> Warning:          Could not resolve keysym XF86Sos
> Warning:          Could not resolve keysym XF86NavChart
> Warning:          Could not resolve keysym XF86FishingChart
> Warning:          Could not resolve keysym XF86SingleRangeRadar
> Warning:          Could not resolve keysym XF86DualRangeRadar
> Warning:          Could not resolve keysym XF86RadarOverlay
> Warning:          Could not resolve keysym XF86TraditionalSonar
> Warning:          Could not resolve keysym XF86ClearvuSonar
> Warning:          Could not resolve keysym XF86SidevuSonar
> Warning:          Could not resolve keysym XF86NavInfo
Errors from xkbcomp are not fatal to the X server
/vol/bitbucket/mz325/envs/como/lib/python3.10/site-packages/lightning_lite/utilities/cloud_io.py:48: FutureWarning: You are using `torch.load` with `weights_only=False` (the current default value), which uses the default pickle module implicitly. It is possible to construct malicious pickle data which will execute arbitrary code during unpickling (See https://github.com/pytorch/pytorch/blob/main/SECURITY.md#untrusted-models for more details). In a future release, the default value for `weights_only` will be flipped to `True`. This limits the functions that could be executed during unpickling. Arbitrary objects will no longer be allowed to be loaded via this mode unless they are explicitly allowlisted by the user via `torch.serialization.add_safe_globals`. We recommend you start setting `weights_only=True` for any use case where you don't have full control of the loaded file. Please open an issue on GitHub for any issues related to this experimental feature.
  return torch.load(f, map_location=map_location)
Exception in thread UpdateMain:
Traceback (most recent call last):
  File "/vol/bitbucket/mz325/envs/como/lib/python3.10/threading.py", line 1016, in _bootstrap_inner
    self.run()
  File "/vol/bitbucket/mz325/envs/como/lib/python3.10/threading.py", line 953, in run
    self._target(*self._args, **self._kwargs)
  File "/vol/bitbucket/mz325/individual_project/como/como/gui/GuiWindow.py", line 630, in update_main
    self.iter(timestamp, rgb, depth, pose_gt)
  File "/vol/bitbucket/mz325/individual_project/como/como/odom/sequential/ComoSeq.py", line 80, in iter
    self.iter_with_sensor_depth_mapping(timestamp, rgb, depth)
  File "/vol/bitbucket/mz325/individual_project/como/como/odom/sequential/ComoSeq.py", line 413, in iter_with_sensor_depth_mapping
    track_data_viz, track_data_map = self.tracking.track(track_data_in)
  File "/vol/bitbucket/mz325/individual_project/como/como/odom/sequential/TrackingSeq.py", line 9, in track
    return self.handle_frame(data)
  File "/vol/bitbucket/mz325/individual_project/como/como/odom/Tracking.py", line 500, in handle_frame
    self.T_curr_kf, self.aff_curr_kf = photo_tracking_pyr(
  File "/vol/bitbucket/mz325/individual_project/como/como/odom/frontend/photo_tracking.py", line 40, in photo_tracking_pyr
    Tji, aff, debug_level = photo_level_tracking(
  File "/vol/bitbucket/mz325/individual_project/como/como/odom/frontend/photo_tracking.py", line 242, in photo_level_tracking
    tracking_iter(
  File "/vol/bitbucket/mz325/individual_project/como/como/odom/frontend/photo_tracking.py", line 180, in tracking_iter
    "valid_ratio": float(valid_count.detach().cpu().item()) / float(total_count),
ZeroDivisionError: float division by zero
N5utils18PostconditionPanicE
in RenderableManager::Builder::Result filament::RenderableManager::Builder::build(filament::Engine &, utils::Entity):236
reason: [entity=790] AABB can't be empty, unless culling is disabled and the object is not a shadow caster/receiver
#0	pybind.cpython-310-x86_64-linux-gnu.so     0x75acaa846cd0 (null) + 129384455630032
#1	pybind.cpython-310-x86_64-linux-gnu.so     0x75acaa79dc3a (null) + 129384454937658
#2	pybind.cpython-310-x86_64-linux-gnu.so     0x75aca05c4647 (null) + 129384285226567
#3	pybind.cpython-310-x86_64-linux-gnu.so     0x75aca05c7517 (null) + 129384285238551
#4	pybind.cpython-310-x86_64-linux-gnu.so     0x75aca056522a (null) + 129384284836394
#5	pybind.cpython-310-x86_64-linux-gnu.so     0x75ac9d65b17c (null) + 129384235512188
#6	pybind.cpython-310-x86_64-linux-gnu.so     0x75ac9da28cda (null) + 129384239500506
#7	python                              0x5b4296018446 (null) + 100341542650950
#8	python                              0x5b429601197b _PyObject_MakeTpCall + 619
#9	python                              0x5b42960246e6 (null) + 100341542700774
#10	python                              0x5b429600d022 _PyEval_EvalFrameDefault + 19474
#11	python                              0x5b42960188cc _PyFunction_Vectorcall + 108
#12	python                              0x5b4296008b3c _PyEval_EvalFrameDefault + 1836
#13	python                              0x5b42960188cc _PyFunction_Vectorcall + 108
#14	pybind.cpython-310-x86_64-linux-gnu.so     0x75ac9d8fdb81 (null) + 129384238275457
#15	pybind.cpython-310-x86_64-linux-gnu.so     0x75ac9d6e5178 (null) + 129384236077432
#16	pybind.cpython-310-x86_64-linux-gnu.so     0x75aca05d2405 (null) + 129384285283333
#17	pybind.cpython-310-x86_64-linux-gnu.so     0x75aca05d282d (null) + 129384285284397


Traceback (most recent call last):
  File "/vol/bitbucket/mz325/individual_project/como/como/como_dataset.py", line 37, in <module>
    main(dataset)
  File "/vol/bitbucket/mz325/individual_project/como/como/como_dataset.py", line 25, in main
    app.run()
  File "/vol/bitbucket/mz325/individual_project/como/como/odom/sequential/ComoSeq.py", line 425, in <lambda>
    self.window, lambda: self.update_pose_render(tracked_pose)
  File "/vol/bitbucket/mz325/individual_project/como/como/gui/GuiWindow.py", line 524, in update_pose_render
    self.widget3d.scene.add_geometry("est_traj", est_traj_geo, self.line_mat)
RuntimeError: Caught an unknown exception!
libEGL warning: failed to open /dev/dri/card4: Permission denied

libEGL warning: failed to open /dev/dri/card3: Permission denied

libEGL warning: failed to open /dev/dri/card2: Permission denied

libEGL warning: failed to open /dev/dri/card1: Permission denied

libEGL warning: failed to open /dev/dri/card4: Permission denied

libEGL warning: failed to open /dev/dri/card3: Permission denied

libEGL warning: failed to open /dev/dri/card2: Permission denied

libEGL warning: failed to open /dev/dri/card1: Permission denied

libEGL warning: failed to open /dev/dri/card4: Permission denied

libEGL warning: failed to open /dev/dri/card3: Permission denied

libEGL warning: failed to open /dev/dri/card2: Permission denied

libEGL warning: failed to open /dev/dri/card1: Permission denied

The XKEYBOARD keymap compiler (xkbcomp) reports:
> Warning:          Could not resolve keysym XF86CameraAccessEnable
> Warning:          Could not resolve keysym XF86CameraAccessDisable
> Warning:          Could not resolve keysym XF86CameraAccessToggle
> Warning:          Could not resolve keysym XF86NextElement
> Warning:          Could not resolve keysym XF86PreviousElement
> Warning:          Could not resolve keysym XF86AutopilotEngageToggle
> Warning:          Could not resolve keysym XF86MarkWaypoint
> Warning:          Could not resolve keysym XF86Sos
> Warning:          Could not resolve keysym XF86NavChart
> Warning:          Could not resolve keysym XF86FishingChart
> Warning:          Could not resolve keysym XF86SingleRangeRadar
> Warning:          Could not resolve keysym XF86DualRangeRadar
> Warning:          Could not resolve keysym XF86RadarOverlay
> Warning:          Could not resolve keysym XF86TraditionalSonar
> Warning:          Could not resolve keysym XF86ClearvuSonar
> Warning:          Could not resolve keysym XF86SidevuSonar
> Warning:          Could not resolve keysym XF86NavInfo
Errors from xkbcomp are not fatal to the X server
_XSERVTransmkdir: Owner of /tmp/.X11-unix should be set to root
libEGL warning: failed to open /dev/dri/card4: Permission denied

libEGL warning: failed to open /dev/dri/card3: Permission denied

libEGL warning: failed to open /dev/dri/card2: Permission denied

libEGL warning: failed to open /dev/dri/card1: Permission denied

libEGL warning: failed to open /dev/dri/card4: Permission denied

libEGL warning: failed to open /dev/dri/card3: Permission denied

libEGL warning: failed to open /dev/dri/card2: Permission denied

libEGL warning: failed to open /dev/dri/card1: Permission denied

libEGL warning: failed to open /dev/dri/card4: Permission denied

libEGL warning: failed to open /dev/dri/card3: Permission denied

libEGL warning: failed to open /dev/dri/card2: Permission denied

libEGL warning: failed to open /dev/dri/card1: Permission denied

The XKEYBOARD keymap compiler (xkbcomp) reports:
> Warning:          Could not resolve keysym XF86CameraAccessEnable
> Warning:          Could not resolve keysym XF86CameraAccessDisable
> Warning:          Could not resolve keysym XF86CameraAccessToggle
> Warning:          Could not resolve keysym XF86NextElement
> Warning:          Could not resolve keysym XF86PreviousElement
> Warning:          Could not resolve keysym XF86AutopilotEngageToggle
> Warning:          Could not resolve keysym XF86MarkWaypoint
> Warning:          Could not resolve keysym XF86Sos
> Warning:          Could not resolve keysym XF86NavChart
> Warning:          Could not resolve keysym XF86FishingChart
> Warning:          Could not resolve keysym XF86SingleRangeRadar
> Warning:          Could not resolve keysym XF86DualRangeRadar
> Warning:          Could not resolve keysym XF86RadarOverlay
> Warning:          Could not resolve keysym XF86TraditionalSonar
> Warning:          Could not resolve keysym XF86ClearvuSonar
> Warning:          Could not resolve keysym XF86SidevuSonar
> Warning:          Could not resolve keysym XF86NavInfo
Errors from xkbcomp are not fatal to the X server
/vol/bitbucket/mz325/envs/como/lib/python3.10/site-packages/lightning_lite/utilities/cloud_io.py:48: FutureWarning: You are using `torch.load` with `weights_only=False` (the current default value), which uses the default pickle module implicitly. It is possible to construct malicious pickle data which will execute arbitrary code during unpickling (See https://github.com/pytorch/pytorch/blob/main/SECURITY.md#untrusted-models for more details). In a future release, the default value for `weights_only` will be flipped to `True`. This limits the functions that could be executed during unpickling. Arbitrary objects will no longer be allowed to be loaded via this mode unless they are explicitly allowlisted by the user via `torch.serialization.add_safe_globals`. We recommend you start setting `weights_only=True` for any use case where you don't have full control of the loaded file. Please open an issue on GitHub for any issues related to this experimental feature.
  return torch.load(f, map_location=map_location)
Exception in thread UpdateMain:
Traceback (most recent call last):
  File "/vol/bitbucket/mz325/envs/como/lib/python3.10/threading.py", line 1016, in _bootstrap_inner
    self.run()
  File "/vol/bitbucket/mz325/envs/como/lib/python3.10/threading.py", line 953, in run
    self._target(*self._args, **self._kwargs)
  File "/vol/bitbucket/mz325/individual_project/como/como/gui/GuiWindow.py", line 630, in update_main
    self.iter(timestamp, rgb, depth, pose_gt)
  File "/vol/bitbucket/mz325/individual_project/como/como/odom/sequential/ComoSeq.py", line 80, in iter
    self.iter_with_sensor_depth_mapping(timestamp, rgb, depth)
  File "/vol/bitbucket/mz325/individual_project/como/como/odom/sequential/ComoSeq.py", line 413, in iter_with_sensor_depth_mapping
    track_data_viz, track_data_map = self.tracking.track(track_data_in)
  File "/vol/bitbucket/mz325/individual_project/como/como/odom/sequential/TrackingSeq.py", line 9, in track
    return self.handle_frame(data)
  File "/vol/bitbucket/mz325/individual_project/como/como/odom/Tracking.py", line 500, in handle_frame
    self.T_curr_kf, self.aff_curr_kf = photo_tracking_pyr(
  File "/vol/bitbucket/mz325/individual_project/como/como/odom/frontend/photo_tracking.py", line 40, in photo_tracking_pyr
    Tji, aff, debug_level = photo_level_tracking(
  File "/vol/bitbucket/mz325/individual_project/como/como/odom/frontend/photo_tracking.py", line 242, in photo_level_tracking
    tracking_iter(
  File "/vol/bitbucket/mz325/individual_project/como/como/odom/frontend/photo_tracking.py", line 180, in tracking_iter
    "valid_ratio": float(valid_count.detach().cpu().item()) / float(total_count),
ZeroDivisionError: float division by zero
N5utils18PostconditionPanicE
in RenderableManager::Builder::Result filament::RenderableManager::Builder::build(filament::Engine &, utils::Entity):236
reason: [entity=790] AABB can't be empty, unless culling is disabled and the object is not a shadow caster/receiver
#0	pybind.cpython-310-x86_64-linux-gnu.so     0x7b811dd46cd0 (null) + 135794481458384
#1	pybind.cpython-310-x86_64-linux-gnu.so     0x7b811dc9dc3a (null) + 135794480766010
#2	pybind.cpython-310-x86_64-linux-gnu.so     0x7b8113ac4647 (null) + 135794311054919
#3	pybind.cpython-310-x86_64-linux-gnu.so     0x7b8113ac7517 (null) + 135794311066903
#4	pybind.cpython-310-x86_64-linux-gnu.so     0x7b8113a6522a (null) + 135794310664746
#5	pybind.cpython-310-x86_64-linux-gnu.so     0x7b8110b5b17c (null) + 135794261340540
#6	pybind.cpython-310-x86_64-linux-gnu.so     0x7b8110f28cda (null) + 135794265328858
#7	python                              0x649799983446 (null) + 110602279728198
#8	python                              0x64979997c97b _PyObject_MakeTpCall + 619
#9	python                              0x64979998f6e6 (null) + 110602279778022
#10	python                              0x649799978022 _PyEval_EvalFrameDefault + 19474
#11	python                              0x6497999838cc _PyFunction_Vectorcall + 108
#12	python                              0x649799973b3c _PyEval_EvalFrameDefault + 1836
#13	python                              0x6497999838cc _PyFunction_Vectorcall + 108
#14	pybind.cpython-310-x86_64-linux-gnu.so     0x7b8110dfdb81 (null) + 135794264103809
#15	pybind.cpython-310-x86_64-linux-gnu.so     0x7b8110be5178 (null) + 135794261905784
#16	pybind.cpython-310-x86_64-linux-gnu.so     0x7b8113ad2405 (null) + 135794311111685
#17	pybind.cpython-310-x86_64-linux-gnu.so     0x7b8113ad282d (null) + 135794311112749


Traceback (most recent call last):
  File "/vol/bitbucket/mz325/individual_project/como/como/como_dataset.py", line 37, in <module>
    main(dataset)
  File "/vol/bitbucket/mz325/individual_project/como/como/como_dataset.py", line 25, in main
    app.run()
  File "/vol/bitbucket/mz325/individual_project/como/como/odom/sequential/ComoSeq.py", line 425, in <lambda>
    self.window, lambda: self.update_pose_render(tracked_pose)
  File "/vol/bitbucket/mz325/individual_project/como/como/gui/GuiWindow.py", line 524, in update_pose_render
    self.widget3d.scene.add_geometry("est_traj", est_traj_geo, self.line_mat)
RuntimeError: Caught an unknown exception!
libEGL warning: failed to open /dev/dri/card4: Permission denied

libEGL warning: failed to open /dev/dri/card3: Permission denied

libEGL warning: failed to open /dev/dri/card2: Permission denied

libEGL warning: failed to open /dev/dri/card1: Permission denied

libEGL warning: failed to open /dev/dri/card4: Permission denied

libEGL warning: failed to open /dev/dri/card3: Permission denied

libEGL warning: failed to open /dev/dri/card2: Permission denied

libEGL warning: failed to open /dev/dri/card1: Permission denied

libEGL warning: failed to open /dev/dri/card4: Permission denied

libEGL warning: failed to open /dev/dri/card3: Permission denied

libEGL warning: failed to open /dev/dri/card2: Permission denied

libEGL warning: failed to open /dev/dri/card1: Permission denied

The XKEYBOARD keymap compiler (xkbcomp) reports:
> Warning:          Could not resolve keysym XF86CameraAccessEnable
> Warning:          Could not resolve keysym XF86CameraAccessDisable
> Warning:          Could not resolve keysym XF86CameraAccessToggle
> Warning:          Could not resolve keysym XF86NextElement
> Warning:          Could not resolve keysym XF86PreviousElement
> Warning:          Could not resolve keysym XF86AutopilotEngageToggle
> Warning:          Could not resolve keysym XF86MarkWaypoint
> Warning:          Could not resolve keysym XF86Sos
> Warning:          Could not resolve keysym XF86NavChart
> Warning:          Could not resolve keysym XF86FishingChart
> Warning:          Could not resolve keysym XF86SingleRangeRadar
> Warning:          Could not resolve keysym XF86DualRangeRadar
> Warning:          Could not resolve keysym XF86RadarOverlay
> Warning:          Could not resolve keysym XF86TraditionalSonar
> Warning:          Could not resolve keysym XF86ClearvuSonar
> Warning:          Could not resolve keysym XF86SidevuSonar
> Warning:          Could not resolve keysym XF86NavInfo
Errors from xkbcomp are not fatal to the X server
_XSERVTransmkdir: Owner of /tmp/.X11-unix should be set to root
libEGL warning: failed to open /dev/dri/card4: Permission denied

libEGL warning: failed to open /dev/dri/card3: Permission denied

libEGL warning: failed to open /dev/dri/card2: Permission denied

libEGL warning: failed to open /dev/dri/card1: Permission denied

libEGL warning: failed to open /dev/dri/card4: Permission denied

libEGL warning: failed to open /dev/dri/card3: Permission denied

libEGL warning: failed to open /dev/dri/card2: Permission denied

libEGL warning: failed to open /dev/dri/card1: Permission denied

libEGL warning: failed to open /dev/dri/card4: Permission denied

libEGL warning: failed to open /dev/dri/card3: Permission denied

libEGL warning: failed to open /dev/dri/card2: Permission denied

libEGL warning: failed to open /dev/dri/card1: Permission denied

The XKEYBOARD keymap compiler (xkbcomp) reports:
> Warning:          Could not resolve keysym XF86CameraAccessEnable
> Warning:          Could not resolve keysym XF86CameraAccessDisable
> Warning:          Could not resolve keysym XF86CameraAccessToggle
> Warning:          Could not resolve keysym XF86NextElement
> Warning:          Could not resolve keysym XF86PreviousElement
> Warning:          Could not resolve keysym XF86AutopilotEngageToggle
> Warning:          Could not resolve keysym XF86MarkWaypoint
> Warning:          Could not resolve keysym XF86Sos
> Warning:          Could not resolve keysym XF86NavChart
> Warning:          Could not resolve keysym XF86FishingChart
> Warning:          Could not resolve keysym XF86SingleRangeRadar
> Warning:          Could not resolve keysym XF86DualRangeRadar
> Warning:          Could not resolve keysym XF86RadarOverlay
> Warning:          Could not resolve keysym XF86TraditionalSonar
> Warning:          Could not resolve keysym XF86ClearvuSonar
> Warning:          Could not resolve keysym XF86SidevuSonar
> Warning:          Could not resolve keysym XF86NavInfo
Errors from xkbcomp are not fatal to the X server
/vol/bitbucket/mz325/envs/como/lib/python3.10/site-packages/lightning_lite/utilities/cloud_io.py:48: FutureWarning: You are using `torch.load` with `weights_only=False` (the current default value), which uses the default pickle module implicitly. It is possible to construct malicious pickle data which will execute arbitrary code during unpickling (See https://github.com/pytorch/pytorch/blob/main/SECURITY.md#untrusted-models for more details). In a future release, the default value for `weights_only` will be flipped to `True`. This limits the functions that could be executed during unpickling. Arbitrary objects will no longer be allowed to be loaded via this mode unless they are explicitly allowlisted by the user via `torch.serialization.add_safe_globals`. We recommend you start setting `weights_only=True` for any use case where you don't have full control of the loaded file. Please open an issue on GitHub for any issues related to this experimental feature.
  return torch.load(f, map_location=map_location)
Exception in thread UpdateMain:
Traceback (most recent call last):
  File "/vol/bitbucket/mz325/envs/como/lib/python3.10/threading.py", line 1016, in _bootstrap_inner
    self.run()
  File "/vol/bitbucket/mz325/envs/como/lib/python3.10/threading.py", line 953, in run
    self._target(*self._args, **self._kwargs)
  File "/vol/bitbucket/mz325/individual_project/como/como/gui/GuiWindow.py", line 630, in update_main
    self.iter(timestamp, rgb, depth, pose_gt)
  File "/vol/bitbucket/mz325/individual_project/como/como/odom/sequential/ComoSeq.py", line 80, in iter
    self.iter_with_sensor_depth_mapping(timestamp, rgb, depth)
  File "/vol/bitbucket/mz325/individual_project/como/como/odom/sequential/ComoSeq.py", line 413, in iter_with_sensor_depth_mapping
    track_data_viz, track_data_map = self.tracking.track(track_data_in)
  File "/vol/bitbucket/mz325/individual_project/como/como/odom/sequential/TrackingSeq.py", line 9, in track
    return self.handle_frame(data)
  File "/vol/bitbucket/mz325/individual_project/como/como/odom/Tracking.py", line 500, in handle_frame
    self.T_curr_kf, self.aff_curr_kf = photo_tracking_pyr(
  File "/vol/bitbucket/mz325/individual_project/como/como/odom/frontend/photo_tracking.py", line 40, in photo_tracking_pyr
    Tji, aff, debug_level = photo_level_tracking(
  File "/vol/bitbucket/mz325/individual_project/como/como/odom/frontend/photo_tracking.py", line 242, in photo_level_tracking
    tracking_iter(
  File "/vol/bitbucket/mz325/individual_project/como/como/odom/frontend/photo_tracking.py", line 180, in tracking_iter
    "valid_ratio": float(valid_count.detach().cpu().item()) / float(total_count),
ZeroDivisionError: float division by zero
N5utils18PostconditionPanicE
in RenderableManager::Builder::Result filament::RenderableManager::Builder::build(filament::Engine &, utils::Entity):236
reason: [entity=790] AABB can't be empty, unless culling is disabled and the object is not a shadow caster/receiver
#0	pybind.cpython-310-x86_64-linux-gnu.so     0x7e583cb46cd0 (null) + 138917440679120
#1	pybind.cpython-310-x86_64-linux-gnu.so     0x7e583ca9dc3a (null) + 138917439986746
#2	pybind.cpython-310-x86_64-linux-gnu.so     0x7e58328c4647 (null) + 138917270275655
#3	pybind.cpython-310-x86_64-linux-gnu.so     0x7e58328c7517 (null) + 138917270287639
#4	pybind.cpython-310-x86_64-linux-gnu.so     0x7e583286522a (null) + 138917269885482
#5	pybind.cpython-310-x86_64-linux-gnu.so     0x7e582f95b17c (null) + 138917220561276
#6	pybind.cpython-310-x86_64-linux-gnu.so     0x7e582fd28cda (null) + 138917224549594
#7	python                              0x5ed2f3e0d446 (null) + 104260127740998
#8	python                              0x5ed2f3e0697b _PyObject_MakeTpCall + 619
#9	python                              0x5ed2f3e196e6 (null) + 104260127790822
#10	python                              0x5ed2f3e02022 _PyEval_EvalFrameDefault + 19474
#11	python                              0x5ed2f3e0d8cc _PyFunction_Vectorcall + 108
#12	python                              0x5ed2f3dfdb3c _PyEval_EvalFrameDefault + 1836
#13	python                              0x5ed2f3e0d8cc _PyFunction_Vectorcall + 108
#14	pybind.cpython-310-x86_64-linux-gnu.so     0x7e582fbfdb81 (null) + 138917223324545
#15	pybind.cpython-310-x86_64-linux-gnu.so     0x7e582f9e5178 (null) + 138917221126520
#16	pybind.cpython-310-x86_64-linux-gnu.so     0x7e58328d2405 (null) + 138917270332421
#17	pybind.cpython-310-x86_64-linux-gnu.so     0x7e58328d282d (null) + 138917270333485


Traceback (most recent call last):
  File "/vol/bitbucket/mz325/individual_project/como/como/como_dataset.py", line 37, in <module>
    main(dataset)
  File "/vol/bitbucket/mz325/individual_project/como/como/como_dataset.py", line 25, in main
    app.run()
  File "/vol/bitbucket/mz325/individual_project/como/como/odom/sequential/ComoSeq.py", line 425, in <lambda>
    self.window, lambda: self.update_pose_render(tracked_pose)
  File "/vol/bitbucket/mz325/individual_project/como/como/gui/GuiWindow.py", line 524, in update_pose_render
    self.widget3d.scene.add_geometry("est_traj", est_traj_geo, self.line_mat)
RuntimeError: Caught an unknown exception!
libEGL warning: failed to open /dev/dri/card4: Permission denied

libEGL warning: failed to open /dev/dri/card3: Permission denied

libEGL warning: failed to open /dev/dri/card2: Permission denied

libEGL warning: failed to open /dev/dri/card1: Permission denied

libEGL warning: failed to open /dev/dri/card4: Permission denied

libEGL warning: failed to open /dev/dri/card3: Permission denied

libEGL warning: failed to open /dev/dri/card2: Permission denied

libEGL warning: failed to open /dev/dri/card1: Permission denied

libEGL warning: failed to open /dev/dri/card4: Permission denied

libEGL warning: failed to open /dev/dri/card3: Permission denied

libEGL warning: failed to open /dev/dri/card2: Permission denied

libEGL warning: failed to open /dev/dri/card1: Permission denied

The XKEYBOARD keymap compiler (xkbcomp) reports:
> Warning:          Could not resolve keysym XF86CameraAccessEnable
> Warning:          Could not resolve keysym XF86CameraAccessDisable
> Warning:          Could not resolve keysym XF86CameraAccessToggle
> Warning:          Could not resolve keysym XF86NextElement
> Warning:          Could not resolve keysym XF86PreviousElement
> Warning:          Could not resolve keysym XF86AutopilotEngageToggle
> Warning:          Could not resolve keysym XF86MarkWaypoint
> Warning:          Could not resolve keysym XF86Sos
> Warning:          Could not resolve keysym XF86NavChart
> Warning:          Could not resolve keysym XF86FishingChart
> Warning:          Could not resolve keysym XF86SingleRangeRadar
> Warning:          Could not resolve keysym XF86DualRangeRadar
> Warning:          Could not resolve keysym XF86RadarOverlay
> Warning:          Could not resolve keysym XF86TraditionalSonar
> Warning:          Could not resolve keysym XF86ClearvuSonar
> Warning:          Could not resolve keysym XF86SidevuSonar
> Warning:          Could not resolve keysym XF86NavInfo
Errors from xkbcomp are not fatal to the X server
