libEGL warning: failed to open /dev/dri/card3: Permission denied

libEGL warning: failed to open /dev/dri/card2: Permission denied

libEGL warning: failed to open /dev/dri/card1: Permission denied

libEGL warning: failed to open /dev/dri/card3: Permission denied

libEGL warning: failed to open /dev/dri/card2: Permission denied

libEGL warning: failed to open /dev/dri/card1: Permission denied

libEGL warning: failed to open /dev/dri/card3: Permission denied

libEGL warning: failed to open /dev/dri/card2: Permission denied

libEGL warning: failed to open /dev/dri/card1: Permission denied

The XKEYBOARD keymap compiler (xkbcomp) reports:
> Warning:          Could not resolve keysym XF86CameraAccessEnable
> Warning:          Could not resolve keysym XF86CameraAccessDisable
> Warning:          Could not resolve keysym XF86CameraAccessToggle
> Warning:          Could not resolve keysym XF86NextElement
> Warning:          Could not resolve keysym XF86PreviousElement
> Warning:          Could not resolve keysym XF86AutopilotEngageToggle
> Warning:          Could not resolve keysym XF86MarkWaypoint
> Warning:          Could not resolve keysym XF86Sos
> Warning:          Could not resolve keysym XF86NavChart
> Warning:          Could not resolve keysym XF86FishingChart
> Warning:          Could not resolve keysym XF86SingleRangeRadar
> Warning:          Could not resolve keysym XF86DualRangeRadar
> Warning:          Could not resolve keysym XF86RadarOverlay
> Warning:          Could not resolve keysym XF86TraditionalSonar
> Warning:          Could not resolve keysym XF86ClearvuSonar
> Warning:          Could not resolve keysym XF86SidevuSonar
> Warning:          Could not resolve keysym XF86NavInfo
Errors from xkbcomp are not fatal to the X server
/vol/bitbucket/mz325/envs/como/lib/python3.10/site-packages/lightning_lite/utilities/cloud_io.py:48: FutureWarning: You are using `torch.load` with `weights_only=False` (the current default value), which uses the default pickle module implicitly. It is possible to construct malicious pickle data which will execute arbitrary code during unpickling (See https://github.com/pytorch/pytorch/blob/main/SECURITY.md#untrusted-models for more details). In a future release, the default value for `weights_only` will be flipped to `True`. This limits the functions that could be executed during unpickling. Arbitrary objects will no longer be allowed to be loaded via this mode unless they are explicitly allowlisted by the user via `torch.serialization.add_safe_globals`. We recommend you start setting `weights_only=True` for any use case where you don't have full control of the loaded file. Please open an issue on GitHub for any issues related to this experimental feature.
  return torch.load(f, map_location=map_location)
/vol/bitbucket/mz325/individual_project/como/como/geometry/lie_algebra.py:168: UserWarning: Using torch.cross without specifying the dim arg is deprecated.
Please either pass the dim explicitly or simply use torch.linalg.cross.
The default value of dim will change to agree with that of linalg.cross in a future release. (Triggered internally at /opt/conda/conda-bld/pytorch_1729647382455/work/aten/src/ATen/native/Cross.cpp:62.)
  wnorm_x_t = torch.cross(w_norm, t)
libEGL warning: failed to open /dev/dri/card3: Permission denied

libEGL warning: failed to open /dev/dri/card2: Permission denied

libEGL warning: failed to open /dev/dri/card1: Permission denied

libEGL warning: failed to open /dev/dri/card3: Permission denied

libEGL warning: failed to open /dev/dri/card2: Permission denied

libEGL warning: failed to open /dev/dri/card1: Permission denied

libEGL warning: failed to open /dev/dri/card3: Permission denied

libEGL warning: failed to open /dev/dri/card2: Permission denied

libEGL warning: failed to open /dev/dri/card1: Permission denied

The XKEYBOARD keymap compiler (xkbcomp) reports:
> Warning:          Could not resolve keysym XF86CameraAccessEnable
> Warning:          Could not resolve keysym XF86CameraAccessDisable
> Warning:          Could not resolve keysym XF86CameraAccessToggle
> Warning:          Could not resolve keysym XF86NextElement
> Warning:          Could not resolve keysym XF86PreviousElement
> Warning:          Could not resolve keysym XF86AutopilotEngageToggle
> Warning:          Could not resolve keysym XF86MarkWaypoint
> Warning:          Could not resolve keysym XF86Sos
> Warning:          Could not resolve keysym XF86NavChart
> Warning:          Could not resolve keysym XF86FishingChart
> Warning:          Could not resolve keysym XF86SingleRangeRadar
> Warning:          Could not resolve keysym XF86DualRangeRadar
> Warning:          Could not resolve keysym XF86RadarOverlay
> Warning:          Could not resolve keysym XF86TraditionalSonar
> Warning:          Could not resolve keysym XF86ClearvuSonar
> Warning:          Could not resolve keysym XF86SidevuSonar
> Warning:          Could not resolve keysym XF86NavInfo
Errors from xkbcomp are not fatal to the X server
libEGL warning: failed to open /dev/dri/card3: Permission denied

libEGL warning: failed to open /dev/dri/card2: Permission denied

libEGL warning: failed to open /dev/dri/card1: Permission denied

libEGL warning: failed to open /dev/dri/card3: Permission denied

libEGL warning: failed to open /dev/dri/card2: Permission denied

libEGL warning: failed to open /dev/dri/card1: Permission denied

libEGL warning: failed to open /dev/dri/card3: Permission denied

libEGL warning: failed to open /dev/dri/card2: Permission denied

libEGL warning: failed to open /dev/dri/card1: Permission denied

The XKEYBOARD keymap compiler (xkbcomp) reports:
> Warning:          Could not resolve keysym XF86CameraAccessEnable
> Warning:          Could not resolve keysym XF86CameraAccessDisable
> Warning:          Could not resolve keysym XF86CameraAccessToggle
> Warning:          Could not resolve keysym XF86NextElement
> Warning:          Could not resolve keysym XF86PreviousElement
> Warning:          Could not resolve keysym XF86AutopilotEngageToggle
> Warning:          Could not resolve keysym XF86MarkWaypoint
> Warning:          Could not resolve keysym XF86Sos
> Warning:          Could not resolve keysym XF86NavChart
> Warning:          Could not resolve keysym XF86FishingChart
> Warning:          Could not resolve keysym XF86SingleRangeRadar
> Warning:          Could not resolve keysym XF86DualRangeRadar
> Warning:          Could not resolve keysym XF86RadarOverlay
> Warning:          Could not resolve keysym XF86TraditionalSonar
> Warning:          Could not resolve keysym XF86ClearvuSonar
> Warning:          Could not resolve keysym XF86SidevuSonar
> Warning:          Could not resolve keysym XF86NavInfo
Errors from xkbcomp are not fatal to the X server
/vol/bitbucket/mz325/envs/como/lib/python3.10/site-packages/lightning_lite/utilities/cloud_io.py:48: FutureWarning: You are using `torch.load` with `weights_only=False` (the current default value), which uses the default pickle module implicitly. It is possible to construct malicious pickle data which will execute arbitrary code during unpickling (See https://github.com/pytorch/pytorch/blob/main/SECURITY.md#untrusted-models for more details). In a future release, the default value for `weights_only` will be flipped to `True`. This limits the functions that could be executed during unpickling. Arbitrary objects will no longer be allowed to be loaded via this mode unless they are explicitly allowlisted by the user via `torch.serialization.add_safe_globals`. We recommend you start setting `weights_only=True` for any use case where you don't have full control of the loaded file. Please open an issue on GitHub for any issues related to this experimental feature.
  return torch.load(f, map_location=map_location)
/vol/bitbucket/mz325/individual_project/como/como/geometry/lie_algebra.py:168: UserWarning: Using torch.cross without specifying the dim arg is deprecated.
Please either pass the dim explicitly or simply use torch.linalg.cross.
The default value of dim will change to agree with that of linalg.cross in a future release. (Triggered internally at /opt/conda/conda-bld/pytorch_1729647382455/work/aten/src/ATen/native/Cross.cpp:62.)
  wnorm_x_t = torch.cross(w_norm, t)
libEGL warning: failed to open /dev/dri/card3: Permission denied

libEGL warning: failed to open /dev/dri/card2: Permission denied

libEGL warning: failed to open /dev/dri/card1: Permission denied

libEGL warning: failed to open /dev/dri/card3: Permission denied

libEGL warning: failed to open /dev/dri/card2: Permission denied

libEGL warning: failed to open /dev/dri/card1: Permission denied

libEGL warning: failed to open /dev/dri/card3: Permission denied

libEGL warning: failed to open /dev/dri/card2: Permission denied

libEGL warning: failed to open /dev/dri/card1: Permission denied

The XKEYBOARD keymap compiler (xkbcomp) reports:
> Warning:          Could not resolve keysym XF86CameraAccessEnable
> Warning:          Could not resolve keysym XF86CameraAccessDisable
> Warning:          Could not resolve keysym XF86CameraAccessToggle
> Warning:          Could not resolve keysym XF86NextElement
> Warning:          Could not resolve keysym XF86PreviousElement
> Warning:          Could not resolve keysym XF86AutopilotEngageToggle
> Warning:          Could not resolve keysym XF86MarkWaypoint
> Warning:          Could not resolve keysym XF86Sos
> Warning:          Could not resolve keysym XF86NavChart
> Warning:          Could not resolve keysym XF86FishingChart
> Warning:          Could not resolve keysym XF86SingleRangeRadar
> Warning:          Could not resolve keysym XF86DualRangeRadar
> Warning:          Could not resolve keysym XF86RadarOverlay
> Warning:          Could not resolve keysym XF86TraditionalSonar
> Warning:          Could not resolve keysym XF86ClearvuSonar
> Warning:          Could not resolve keysym XF86SidevuSonar
> Warning:          Could not resolve keysym XF86NavInfo
Errors from xkbcomp are not fatal to the X server
libEGL warning: failed to open /dev/dri/card3: Permission denied

libEGL warning: failed to open /dev/dri/card2: Permission denied

libEGL warning: failed to open /dev/dri/card1: Permission denied

libEGL warning: failed to open /dev/dri/card3: Permission denied

libEGL warning: failed to open /dev/dri/card2: Permission denied

libEGL warning: failed to open /dev/dri/card1: Permission denied

libEGL warning: failed to open /dev/dri/card3: Permission denied

libEGL warning: failed to open /dev/dri/card2: Permission denied

libEGL warning: failed to open /dev/dri/card1: Permission denied

The XKEYBOARD keymap compiler (xkbcomp) reports:
> Warning:          Could not resolve keysym XF86CameraAccessEnable
> Warning:          Could not resolve keysym XF86CameraAccessDisable
> Warning:          Could not resolve keysym XF86CameraAccessToggle
> Warning:          Could not resolve keysym XF86NextElement
> Warning:          Could not resolve keysym XF86PreviousElement
> Warning:          Could not resolve keysym XF86AutopilotEngageToggle
> Warning:          Could not resolve keysym XF86MarkWaypoint
> Warning:          Could not resolve keysym XF86Sos
> Warning:          Could not resolve keysym XF86NavChart
> Warning:          Could not resolve keysym XF86FishingChart
> Warning:          Could not resolve keysym XF86SingleRangeRadar
> Warning:          Could not resolve keysym XF86DualRangeRadar
> Warning:          Could not resolve keysym XF86RadarOverlay
> Warning:          Could not resolve keysym XF86TraditionalSonar
> Warning:          Could not resolve keysym XF86ClearvuSonar
> Warning:          Could not resolve keysym XF86SidevuSonar
> Warning:          Could not resolve keysym XF86NavInfo
Errors from xkbcomp are not fatal to the X server
/vol/bitbucket/mz325/envs/como/lib/python3.10/site-packages/lightning_lite/utilities/cloud_io.py:48: FutureWarning: You are using `torch.load` with `weights_only=False` (the current default value), which uses the default pickle module implicitly. It is possible to construct malicious pickle data which will execute arbitrary code during unpickling (See https://github.com/pytorch/pytorch/blob/main/SECURITY.md#untrusted-models for more details). In a future release, the default value for `weights_only` will be flipped to `True`. This limits the functions that could be executed during unpickling. Arbitrary objects will no longer be allowed to be loaded via this mode unless they are explicitly allowlisted by the user via `torch.serialization.add_safe_globals`. We recommend you start setting `weights_only=True` for any use case where you don't have full control of the loaded file. Please open an issue on GitHub for any issues related to this experimental feature.
  return torch.load(f, map_location=map_location)
/vol/bitbucket/mz325/individual_project/como/como/geometry/lie_algebra.py:168: UserWarning: Using torch.cross without specifying the dim arg is deprecated.
Please either pass the dim explicitly or simply use torch.linalg.cross.
The default value of dim will change to agree with that of linalg.cross in a future release. (Triggered internally at /opt/conda/conda-bld/pytorch_1729647382455/work/aten/src/ATen/native/Cross.cpp:62.)
  wnorm_x_t = torch.cross(w_norm, t)
libEGL warning: failed to open /dev/dri/card3: Permission denied

libEGL warning: failed to open /dev/dri/card2: Permission denied

libEGL warning: failed to open /dev/dri/card1: Permission denied

libEGL warning: failed to open /dev/dri/card3: Permission denied

libEGL warning: failed to open /dev/dri/card2: Permission denied

libEGL warning: failed to open /dev/dri/card1: Permission denied

libEGL warning: failed to open /dev/dri/card3: Permission denied

libEGL warning: failed to open /dev/dri/card2: Permission denied

libEGL warning: failed to open /dev/dri/card1: Permission denied

The XKEYBOARD keymap compiler (xkbcomp) reports:
> Warning:          Could not resolve keysym XF86CameraAccessEnable
> Warning:          Could not resolve keysym XF86CameraAccessDisable
> Warning:          Could not resolve keysym XF86CameraAccessToggle
> Warning:          Could not resolve keysym XF86NextElement
> Warning:          Could not resolve keysym XF86PreviousElement
> Warning:          Could not resolve keysym XF86AutopilotEngageToggle
> Warning:          Could not resolve keysym XF86MarkWaypoint
> Warning:          Could not resolve keysym XF86Sos
> Warning:          Could not resolve keysym XF86NavChart
> Warning:          Could not resolve keysym XF86FishingChart
> Warning:          Could not resolve keysym XF86SingleRangeRadar
> Warning:          Could not resolve keysym XF86DualRangeRadar
> Warning:          Could not resolve keysym XF86RadarOverlay
> Warning:          Could not resolve keysym XF86TraditionalSonar
> Warning:          Could not resolve keysym XF86ClearvuSonar
> Warning:          Could not resolve keysym XF86SidevuSonar
> Warning:          Could not resolve keysym XF86NavInfo
Errors from xkbcomp are not fatal to the X server
libEGL warning: failed to open /dev/dri/card3: Permission denied

libEGL warning: failed to open /dev/dri/card2: Permission denied

libEGL warning: failed to open /dev/dri/card1: Permission denied

libEGL warning: failed to open /dev/dri/card3: Permission denied

libEGL warning: failed to open /dev/dri/card2: Permission denied

libEGL warning: failed to open /dev/dri/card1: Permission denied

libEGL warning: failed to open /dev/dri/card3: Permission denied

libEGL warning: failed to open /dev/dri/card2: Permission denied

libEGL warning: failed to open /dev/dri/card1: Permission denied

The XKEYBOARD keymap compiler (xkbcomp) reports:
> Warning:          Could not resolve keysym XF86CameraAccessEnable
> Warning:          Could not resolve keysym XF86CameraAccessDisable
> Warning:          Could not resolve keysym XF86CameraAccessToggle
> Warning:          Could not resolve keysym XF86NextElement
> Warning:          Could not resolve keysym XF86PreviousElement
> Warning:          Could not resolve keysym XF86AutopilotEngageToggle
> Warning:          Could not resolve keysym XF86MarkWaypoint
> Warning:          Could not resolve keysym XF86Sos
> Warning:          Could not resolve keysym XF86NavChart
> Warning:          Could not resolve keysym XF86FishingChart
> Warning:          Could not resolve keysym XF86SingleRangeRadar
> Warning:          Could not resolve keysym XF86DualRangeRadar
> Warning:          Could not resolve keysym XF86RadarOverlay
> Warning:          Could not resolve keysym XF86TraditionalSonar
> Warning:          Could not resolve keysym XF86ClearvuSonar
> Warning:          Could not resolve keysym XF86SidevuSonar
> Warning:          Could not resolve keysym XF86NavInfo
Errors from xkbcomp are not fatal to the X server
/vol/bitbucket/mz325/envs/como/lib/python3.10/site-packages/lightning_lite/utilities/cloud_io.py:48: FutureWarning: You are using `torch.load` with `weights_only=False` (the current default value), which uses the default pickle module implicitly. It is possible to construct malicious pickle data which will execute arbitrary code during unpickling (See https://github.com/pytorch/pytorch/blob/main/SECURITY.md#untrusted-models for more details). In a future release, the default value for `weights_only` will be flipped to `True`. This limits the functions that could be executed during unpickling. Arbitrary objects will no longer be allowed to be loaded via this mode unless they are explicitly allowlisted by the user via `torch.serialization.add_safe_globals`. We recommend you start setting `weights_only=True` for any use case where you don't have full control of the loaded file. Please open an issue on GitHub for any issues related to this experimental feature.
  return torch.load(f, map_location=map_location)
/vol/bitbucket/mz325/individual_project/como/como/geometry/lie_algebra.py:168: UserWarning: Using torch.cross without specifying the dim arg is deprecated.
Please either pass the dim explicitly or simply use torch.linalg.cross.
The default value of dim will change to agree with that of linalg.cross in a future release. (Triggered internally at /opt/conda/conda-bld/pytorch_1729647382455/work/aten/src/ATen/native/Cross.cpp:62.)
  wnorm_x_t = torch.cross(w_norm, t)
libEGL warning: failed to open /dev/dri/card3: Permission denied

libEGL warning: failed to open /dev/dri/card2: Permission denied

libEGL warning: failed to open /dev/dri/card1: Permission denied

libEGL warning: failed to open /dev/dri/card3: Permission denied

libEGL warning: failed to open /dev/dri/card2: Permission denied

libEGL warning: failed to open /dev/dri/card1: Permission denied

libEGL warning: failed to open /dev/dri/card3: Permission denied

libEGL warning: failed to open /dev/dri/card2: Permission denied

libEGL warning: failed to open /dev/dri/card1: Permission denied

The XKEYBOARD keymap compiler (xkbcomp) reports:
> Warning:          Could not resolve keysym XF86CameraAccessEnable
> Warning:          Could not resolve keysym XF86CameraAccessDisable
> Warning:          Could not resolve keysym XF86CameraAccessToggle
> Warning:          Could not resolve keysym XF86NextElement
> Warning:          Could not resolve keysym XF86PreviousElement
> Warning:          Could not resolve keysym XF86AutopilotEngageToggle
> Warning:          Could not resolve keysym XF86MarkWaypoint
> Warning:          Could not resolve keysym XF86Sos
> Warning:          Could not resolve keysym XF86NavChart
> Warning:          Could not resolve keysym XF86FishingChart
> Warning:          Could not resolve keysym XF86SingleRangeRadar
> Warning:          Could not resolve keysym XF86DualRangeRadar
> Warning:          Could not resolve keysym XF86RadarOverlay
> Warning:          Could not resolve keysym XF86TraditionalSonar
> Warning:          Could not resolve keysym XF86ClearvuSonar
> Warning:          Could not resolve keysym XF86SidevuSonar
> Warning:          Could not resolve keysym XF86NavInfo
Errors from xkbcomp are not fatal to the X server
libEGL warning: failed to open /dev/dri/card3: Permission denied

libEGL warning: failed to open /dev/dri/card2: Permission denied

libEGL warning: failed to open /dev/dri/card1: Permission denied

libEGL warning: failed to open /dev/dri/card3: Permission denied

libEGL warning: failed to open /dev/dri/card2: Permission denied

libEGL warning: failed to open /dev/dri/card1: Permission denied

libEGL warning: failed to open /dev/dri/card3: Permission denied

libEGL warning: failed to open /dev/dri/card2: Permission denied

libEGL warning: failed to open /dev/dri/card1: Permission denied

The XKEYBOARD keymap compiler (xkbcomp) reports:
> Warning:          Could not resolve keysym XF86CameraAccessEnable
> Warning:          Could not resolve keysym XF86CameraAccessDisable
> Warning:          Could not resolve keysym XF86CameraAccessToggle
> Warning:          Could not resolve keysym XF86NextElement
> Warning:          Could not resolve keysym XF86PreviousElement
> Warning:          Could not resolve keysym XF86AutopilotEngageToggle
> Warning:          Could not resolve keysym XF86MarkWaypoint
> Warning:          Could not resolve keysym XF86Sos
> Warning:          Could not resolve keysym XF86NavChart
> Warning:          Could not resolve keysym XF86FishingChart
> Warning:          Could not resolve keysym XF86SingleRangeRadar
> Warning:          Could not resolve keysym XF86DualRangeRadar
> Warning:          Could not resolve keysym XF86RadarOverlay
> Warning:          Could not resolve keysym XF86TraditionalSonar
> Warning:          Could not resolve keysym XF86ClearvuSonar
> Warning:          Could not resolve keysym XF86SidevuSonar
> Warning:          Could not resolve keysym XF86NavInfo
Errors from xkbcomp are not fatal to the X server
/vol/bitbucket/mz325/envs/como/lib/python3.10/site-packages/lightning_lite/utilities/cloud_io.py:48: FutureWarning: You are using `torch.load` with `weights_only=False` (the current default value), which uses the default pickle module implicitly. It is possible to construct malicious pickle data which will execute arbitrary code during unpickling (See https://github.com/pytorch/pytorch/blob/main/SECURITY.md#untrusted-models for more details). In a future release, the default value for `weights_only` will be flipped to `True`. This limits the functions that could be executed during unpickling. Arbitrary objects will no longer be allowed to be loaded via this mode unless they are explicitly allowlisted by the user via `torch.serialization.add_safe_globals`. We recommend you start setting `weights_only=True` for any use case where you don't have full control of the loaded file. Please open an issue on GitHub for any issues related to this experimental feature.
  return torch.load(f, map_location=map_location)
/vol/bitbucket/mz325/individual_project/como/como/geometry/lie_algebra.py:168: UserWarning: Using torch.cross without specifying the dim arg is deprecated.
Please either pass the dim explicitly or simply use torch.linalg.cross.
The default value of dim will change to agree with that of linalg.cross in a future release. (Triggered internally at /opt/conda/conda-bld/pytorch_1729647382455/work/aten/src/ATen/native/Cross.cpp:62.)
  wnorm_x_t = torch.cross(w_norm, t)
libEGL warning: failed to open /dev/dri/card3: Permission denied

libEGL warning: failed to open /dev/dri/card2: Permission denied

libEGL warning: failed to open /dev/dri/card1: Permission denied

libEGL warning: failed to open /dev/dri/card3: Permission denied

libEGL warning: failed to open /dev/dri/card2: Permission denied

libEGL warning: failed to open /dev/dri/card1: Permission denied

libEGL warning: failed to open /dev/dri/card3: Permission denied

libEGL warning: failed to open /dev/dri/card2: Permission denied

libEGL warning: failed to open /dev/dri/card1: Permission denied

The XKEYBOARD keymap compiler (xkbcomp) reports:
> Warning:          Could not resolve keysym XF86CameraAccessEnable
> Warning:          Could not resolve keysym XF86CameraAccessDisable
> Warning:          Could not resolve keysym XF86CameraAccessToggle
> Warning:          Could not resolve keysym XF86NextElement
> Warning:          Could not resolve keysym XF86PreviousElement
> Warning:          Could not resolve keysym XF86AutopilotEngageToggle
> Warning:          Could not resolve keysym XF86MarkWaypoint
> Warning:          Could not resolve keysym XF86Sos
> Warning:          Could not resolve keysym XF86NavChart
> Warning:          Could not resolve keysym XF86FishingChart
> Warning:          Could not resolve keysym XF86SingleRangeRadar
> Warning:          Could not resolve keysym XF86DualRangeRadar
> Warning:          Could not resolve keysym XF86RadarOverlay
> Warning:          Could not resolve keysym XF86TraditionalSonar
> Warning:          Could not resolve keysym XF86ClearvuSonar
> Warning:          Could not resolve keysym XF86SidevuSonar
> Warning:          Could not resolve keysym XF86NavInfo
Errors from xkbcomp are not fatal to the X server
libEGL warning: failed to open /dev/dri/card3: Permission denied

libEGL warning: failed to open /dev/dri/card2: Permission denied

libEGL warning: failed to open /dev/dri/card1: Permission denied

libEGL warning: failed to open /dev/dri/card3: Permission denied

libEGL warning: failed to open /dev/dri/card2: Permission denied

libEGL warning: failed to open /dev/dri/card1: Permission denied

libEGL warning: failed to open /dev/dri/card3: Permission denied

libEGL warning: failed to open /dev/dri/card2: Permission denied

libEGL warning: failed to open /dev/dri/card1: Permission denied

The XKEYBOARD keymap compiler (xkbcomp) reports:
> Warning:          Could not resolve keysym XF86CameraAccessEnable
> Warning:          Could not resolve keysym XF86CameraAccessDisable
> Warning:          Could not resolve keysym XF86CameraAccessToggle
> Warning:          Could not resolve keysym XF86NextElement
> Warning:          Could not resolve keysym XF86PreviousElement
> Warning:          Could not resolve keysym XF86AutopilotEngageToggle
> Warning:          Could not resolve keysym XF86MarkWaypoint
> Warning:          Could not resolve keysym XF86Sos
> Warning:          Could not resolve keysym XF86NavChart
> Warning:          Could not resolve keysym XF86FishingChart
> Warning:          Could not resolve keysym XF86SingleRangeRadar
> Warning:          Could not resolve keysym XF86DualRangeRadar
> Warning:          Could not resolve keysym XF86RadarOverlay
> Warning:          Could not resolve keysym XF86TraditionalSonar
> Warning:          Could not resolve keysym XF86ClearvuSonar
> Warning:          Could not resolve keysym XF86SidevuSonar
> Warning:          Could not resolve keysym XF86NavInfo
Errors from xkbcomp are not fatal to the X server
/vol/bitbucket/mz325/envs/como/lib/python3.10/site-packages/lightning_lite/utilities/cloud_io.py:48: FutureWarning: You are using `torch.load` with `weights_only=False` (the current default value), which uses the default pickle module implicitly. It is possible to construct malicious pickle data which will execute arbitrary code during unpickling (See https://github.com/pytorch/pytorch/blob/main/SECURITY.md#untrusted-models for more details). In a future release, the default value for `weights_only` will be flipped to `True`. This limits the functions that could be executed during unpickling. Arbitrary objects will no longer be allowed to be loaded via this mode unless they are explicitly allowlisted by the user via `torch.serialization.add_safe_globals`. We recommend you start setting `weights_only=True` for any use case where you don't have full control of the loaded file. Please open an issue on GitHub for any issues related to this experimental feature.
  return torch.load(f, map_location=map_location)
/vol/bitbucket/mz325/individual_project/como/como/geometry/lie_algebra.py:168: UserWarning: Using torch.cross without specifying the dim arg is deprecated.
Please either pass the dim explicitly or simply use torch.linalg.cross.
The default value of dim will change to agree with that of linalg.cross in a future release. (Triggered internally at /opt/conda/conda-bld/pytorch_1729647382455/work/aten/src/ATen/native/Cross.cpp:62.)
  wnorm_x_t = torch.cross(w_norm, t)
libEGL warning: failed to open /dev/dri/card3: Permission denied

libEGL warning: failed to open /dev/dri/card2: Permission denied

libEGL warning: failed to open /dev/dri/card1: Permission denied

libEGL warning: failed to open /dev/dri/card3: Permission denied

libEGL warning: failed to open /dev/dri/card2: Permission denied

libEGL warning: failed to open /dev/dri/card1: Permission denied

libEGL warning: failed to open /dev/dri/card3: Permission denied

libEGL warning: failed to open /dev/dri/card2: Permission denied

libEGL warning: failed to open /dev/dri/card1: Permission denied

The XKEYBOARD keymap compiler (xkbcomp) reports:
> Warning:          Could not resolve keysym XF86CameraAccessEnable
> Warning:          Could not resolve keysym XF86CameraAccessDisable
> Warning:          Could not resolve keysym XF86CameraAccessToggle
> Warning:          Could not resolve keysym XF86NextElement
> Warning:          Could not resolve keysym XF86PreviousElement
> Warning:          Could not resolve keysym XF86AutopilotEngageToggle
> Warning:          Could not resolve keysym XF86MarkWaypoint
> Warning:          Could not resolve keysym XF86Sos
> Warning:          Could not resolve keysym XF86NavChart
> Warning:          Could not resolve keysym XF86FishingChart
> Warning:          Could not resolve keysym XF86SingleRangeRadar
> Warning:          Could not resolve keysym XF86DualRangeRadar
> Warning:          Could not resolve keysym XF86RadarOverlay
> Warning:          Could not resolve keysym XF86TraditionalSonar
> Warning:          Could not resolve keysym XF86ClearvuSonar
> Warning:          Could not resolve keysym XF86SidevuSonar
> Warning:          Could not resolve keysym XF86NavInfo
Errors from xkbcomp are not fatal to the X server
libEGL warning: failed to open /dev/dri/card3: Permission denied

libEGL warning: failed to open /dev/dri/card2: Permission denied

libEGL warning: failed to open /dev/dri/card1: Permission denied

libEGL warning: failed to open /dev/dri/card3: Permission denied

libEGL warning: failed to open /dev/dri/card2: Permission denied

libEGL warning: failed to open /dev/dri/card1: Permission denied

libEGL warning: failed to open /dev/dri/card3: Permission denied

libEGL warning: failed to open /dev/dri/card2: Permission denied

libEGL warning: failed to open /dev/dri/card1: Permission denied

The XKEYBOARD keymap compiler (xkbcomp) reports:
> Warning:          Could not resolve keysym XF86CameraAccessEnable
> Warning:          Could not resolve keysym XF86CameraAccessDisable
> Warning:          Could not resolve keysym XF86CameraAccessToggle
> Warning:          Could not resolve keysym XF86NextElement
> Warning:          Could not resolve keysym XF86PreviousElement
> Warning:          Could not resolve keysym XF86AutopilotEngageToggle
> Warning:          Could not resolve keysym XF86MarkWaypoint
> Warning:          Could not resolve keysym XF86Sos
> Warning:          Could not resolve keysym XF86NavChart
> Warning:          Could not resolve keysym XF86FishingChart
> Warning:          Could not resolve keysym XF86SingleRangeRadar
> Warning:          Could not resolve keysym XF86DualRangeRadar
> Warning:          Could not resolve keysym XF86RadarOverlay
> Warning:          Could not resolve keysym XF86TraditionalSonar
> Warning:          Could not resolve keysym XF86ClearvuSonar
> Warning:          Could not resolve keysym XF86SidevuSonar
> Warning:          Could not resolve keysym XF86NavInfo
Errors from xkbcomp are not fatal to the X server
/vol/bitbucket/mz325/envs/como/lib/python3.10/site-packages/lightning_lite/utilities/cloud_io.py:48: FutureWarning: You are using `torch.load` with `weights_only=False` (the current default value), which uses the default pickle module implicitly. It is possible to construct malicious pickle data which will execute arbitrary code during unpickling (See https://github.com/pytorch/pytorch/blob/main/SECURITY.md#untrusted-models for more details). In a future release, the default value for `weights_only` will be flipped to `True`. This limits the functions that could be executed during unpickling. Arbitrary objects will no longer be allowed to be loaded via this mode unless they are explicitly allowlisted by the user via `torch.serialization.add_safe_globals`. We recommend you start setting `weights_only=True` for any use case where you don't have full control of the loaded file. Please open an issue on GitHub for any issues related to this experimental feature.
  return torch.load(f, map_location=map_location)
/vol/bitbucket/mz325/individual_project/como/como/geometry/lie_algebra.py:168: UserWarning: Using torch.cross without specifying the dim arg is deprecated.
Please either pass the dim explicitly or simply use torch.linalg.cross.
The default value of dim will change to agree with that of linalg.cross in a future release. (Triggered internally at /opt/conda/conda-bld/pytorch_1729647382455/work/aten/src/ATen/native/Cross.cpp:62.)
  wnorm_x_t = torch.cross(w_norm, t)
libEGL warning: failed to open /dev/dri/card3: Permission denied

libEGL warning: failed to open /dev/dri/card2: Permission denied

libEGL warning: failed to open /dev/dri/card1: Permission denied

libEGL warning: failed to open /dev/dri/card3: Permission denied

libEGL warning: failed to open /dev/dri/card2: Permission denied

libEGL warning: failed to open /dev/dri/card1: Permission denied

libEGL warning: failed to open /dev/dri/card3: Permission denied

libEGL warning: failed to open /dev/dri/card2: Permission denied

libEGL warning: failed to open /dev/dri/card1: Permission denied

The XKEYBOARD keymap compiler (xkbcomp) reports:
> Warning:          Could not resolve keysym XF86CameraAccessEnable
> Warning:          Could not resolve keysym XF86CameraAccessDisable
> Warning:          Could not resolve keysym XF86CameraAccessToggle
> Warning:          Could not resolve keysym XF86NextElement
> Warning:          Could not resolve keysym XF86PreviousElement
> Warning:          Could not resolve keysym XF86AutopilotEngageToggle
> Warning:          Could not resolve keysym XF86MarkWaypoint
> Warning:          Could not resolve keysym XF86Sos
> Warning:          Could not resolve keysym XF86NavChart
> Warning:          Could not resolve keysym XF86FishingChart
> Warning:          Could not resolve keysym XF86SingleRangeRadar
> Warning:          Could not resolve keysym XF86DualRangeRadar
> Warning:          Could not resolve keysym XF86RadarOverlay
> Warning:          Could not resolve keysym XF86TraditionalSonar
> Warning:          Could not resolve keysym XF86ClearvuSonar
> Warning:          Could not resolve keysym XF86SidevuSonar
> Warning:          Could not resolve keysym XF86NavInfo
Errors from xkbcomp are not fatal to the X server
libEGL warning: failed to open /dev/dri/card3: Permission denied

libEGL warning: failed to open /dev/dri/card2: Permission denied

libEGL warning: failed to open /dev/dri/card1: Permission denied

libEGL warning: failed to open /dev/dri/card3: Permission denied

libEGL warning: failed to open /dev/dri/card2: Permission denied

libEGL warning: failed to open /dev/dri/card1: Permission denied

libEGL warning: failed to open /dev/dri/card3: Permission denied

libEGL warning: failed to open /dev/dri/card2: Permission denied

libEGL warning: failed to open /dev/dri/card1: Permission denied

The XKEYBOARD keymap compiler (xkbcomp) reports:
> Warning:          Could not resolve keysym XF86CameraAccessEnable
> Warning:          Could not resolve keysym XF86CameraAccessDisable
> Warning:          Could not resolve keysym XF86CameraAccessToggle
> Warning:          Could not resolve keysym XF86NextElement
> Warning:          Could not resolve keysym XF86PreviousElement
> Warning:          Could not resolve keysym XF86AutopilotEngageToggle
> Warning:          Could not resolve keysym XF86MarkWaypoint
> Warning:          Could not resolve keysym XF86Sos
> Warning:          Could not resolve keysym XF86NavChart
> Warning:          Could not resolve keysym XF86FishingChart
> Warning:          Could not resolve keysym XF86SingleRangeRadar
> Warning:          Could not resolve keysym XF86DualRangeRadar
> Warning:          Could not resolve keysym XF86RadarOverlay
> Warning:          Could not resolve keysym XF86TraditionalSonar
> Warning:          Could not resolve keysym XF86ClearvuSonar
> Warning:          Could not resolve keysym XF86SidevuSonar
> Warning:          Could not resolve keysym XF86NavInfo
Errors from xkbcomp are not fatal to the X server
/vol/bitbucket/mz325/envs/como/lib/python3.10/site-packages/lightning_lite/utilities/cloud_io.py:48: FutureWarning: You are using `torch.load` with `weights_only=False` (the current default value), which uses the default pickle module implicitly. It is possible to construct malicious pickle data which will execute arbitrary code during unpickling (See https://github.com/pytorch/pytorch/blob/main/SECURITY.md#untrusted-models for more details). In a future release, the default value for `weights_only` will be flipped to `True`. This limits the functions that could be executed during unpickling. Arbitrary objects will no longer be allowed to be loaded via this mode unless they are explicitly allowlisted by the user via `torch.serialization.add_safe_globals`. We recommend you start setting `weights_only=True` for any use case where you don't have full control of the loaded file. Please open an issue on GitHub for any issues related to this experimental feature.
  return torch.load(f, map_location=map_location)
/vol/bitbucket/mz325/individual_project/como/como/geometry/lie_algebra.py:168: UserWarning: Using torch.cross without specifying the dim arg is deprecated.
Please either pass the dim explicitly or simply use torch.linalg.cross.
The default value of dim will change to agree with that of linalg.cross in a future release. (Triggered internally at /opt/conda/conda-bld/pytorch_1729647382455/work/aten/src/ATen/native/Cross.cpp:62.)
  wnorm_x_t = torch.cross(w_norm, t)
libEGL warning: failed to open /dev/dri/card3: Permission denied

libEGL warning: failed to open /dev/dri/card2: Permission denied

libEGL warning: failed to open /dev/dri/card1: Permission denied

libEGL warning: failed to open /dev/dri/card3: Permission denied

libEGL warning: failed to open /dev/dri/card2: Permission denied

libEGL warning: failed to open /dev/dri/card1: Permission denied

libEGL warning: failed to open /dev/dri/card3: Permission denied

libEGL warning: failed to open /dev/dri/card2: Permission denied

libEGL warning: failed to open /dev/dri/card1: Permission denied

The XKEYBOARD keymap compiler (xkbcomp) reports:
> Warning:          Could not resolve keysym XF86CameraAccessEnable
> Warning:          Could not resolve keysym XF86CameraAccessDisable
> Warning:          Could not resolve keysym XF86CameraAccessToggle
> Warning:          Could not resolve keysym XF86NextElement
> Warning:          Could not resolve keysym XF86PreviousElement
> Warning:          Could not resolve keysym XF86AutopilotEngageToggle
> Warning:          Could not resolve keysym XF86MarkWaypoint
> Warning:          Could not resolve keysym XF86Sos
> Warning:          Could not resolve keysym XF86NavChart
> Warning:          Could not resolve keysym XF86FishingChart
> Warning:          Could not resolve keysym XF86SingleRangeRadar
> Warning:          Could not resolve keysym XF86DualRangeRadar
> Warning:          Could not resolve keysym XF86RadarOverlay
> Warning:          Could not resolve keysym XF86TraditionalSonar
> Warning:          Could not resolve keysym XF86ClearvuSonar
> Warning:          Could not resolve keysym XF86SidevuSonar
> Warning:          Could not resolve keysym XF86NavInfo
Errors from xkbcomp are not fatal to the X server
libEGL warning: failed to open /dev/dri/card3: Permission denied

libEGL warning: failed to open /dev/dri/card2: Permission denied

libEGL warning: failed to open /dev/dri/card1: Permission denied

libEGL warning: failed to open /dev/dri/card3: Permission denied

libEGL warning: failed to open /dev/dri/card2: Permission denied

libEGL warning: failed to open /dev/dri/card1: Permission denied

libEGL warning: failed to open /dev/dri/card3: Permission denied

libEGL warning: failed to open /dev/dri/card2: Permission denied

libEGL warning: failed to open /dev/dri/card1: Permission denied

The XKEYBOARD keymap compiler (xkbcomp) reports:
> Warning:          Could not resolve keysym XF86CameraAccessEnable
> Warning:          Could not resolve keysym XF86CameraAccessDisable
> Warning:          Could not resolve keysym XF86CameraAccessToggle
> Warning:          Could not resolve keysym XF86NextElement
> Warning:          Could not resolve keysym XF86PreviousElement
> Warning:          Could not resolve keysym XF86AutopilotEngageToggle
> Warning:          Could not resolve keysym XF86MarkWaypoint
> Warning:          Could not resolve keysym XF86Sos
> Warning:          Could not resolve keysym XF86NavChart
> Warning:          Could not resolve keysym XF86FishingChart
> Warning:          Could not resolve keysym XF86SingleRangeRadar
> Warning:          Could not resolve keysym XF86DualRangeRadar
> Warning:          Could not resolve keysym XF86RadarOverlay
> Warning:          Could not resolve keysym XF86TraditionalSonar
> Warning:          Could not resolve keysym XF86ClearvuSonar
> Warning:          Could not resolve keysym XF86SidevuSonar
> Warning:          Could not resolve keysym XF86NavInfo
Errors from xkbcomp are not fatal to the X server
/vol/bitbucket/mz325/envs/como/lib/python3.10/site-packages/lightning_lite/utilities/cloud_io.py:48: FutureWarning: You are using `torch.load` with `weights_only=False` (the current default value), which uses the default pickle module implicitly. It is possible to construct malicious pickle data which will execute arbitrary code during unpickling (See https://github.com/pytorch/pytorch/blob/main/SECURITY.md#untrusted-models for more details). In a future release, the default value for `weights_only` will be flipped to `True`. This limits the functions that could be executed during unpickling. Arbitrary objects will no longer be allowed to be loaded via this mode unless they are explicitly allowlisted by the user via `torch.serialization.add_safe_globals`. We recommend you start setting `weights_only=True` for any use case where you don't have full control of the loaded file. Please open an issue on GitHub for any issues related to this experimental feature.
  return torch.load(f, map_location=map_location)
/vol/bitbucket/mz325/individual_project/como/como/geometry/lie_algebra.py:168: UserWarning: Using torch.cross without specifying the dim arg is deprecated.
Please either pass the dim explicitly or simply use torch.linalg.cross.
The default value of dim will change to agree with that of linalg.cross in a future release. (Triggered internally at /opt/conda/conda-bld/pytorch_1729647382455/work/aten/src/ATen/native/Cross.cpp:62.)
  wnorm_x_t = torch.cross(w_norm, t)
libEGL warning: failed to open /dev/dri/card3: Permission denied

libEGL warning: failed to open /dev/dri/card2: Permission denied

libEGL warning: failed to open /dev/dri/card1: Permission denied

libEGL warning: failed to open /dev/dri/card3: Permission denied

libEGL warning: failed to open /dev/dri/card2: Permission denied

libEGL warning: failed to open /dev/dri/card1: Permission denied

libEGL warning: failed to open /dev/dri/card3: Permission denied

libEGL warning: failed to open /dev/dri/card2: Permission denied

libEGL warning: failed to open /dev/dri/card1: Permission denied

The XKEYBOARD keymap compiler (xkbcomp) reports:
> Warning:          Could not resolve keysym XF86CameraAccessEnable
> Warning:          Could not resolve keysym XF86CameraAccessDisable
> Warning:          Could not resolve keysym XF86CameraAccessToggle
> Warning:          Could not resolve keysym XF86NextElement
> Warning:          Could not resolve keysym XF86PreviousElement
> Warning:          Could not resolve keysym XF86AutopilotEngageToggle
> Warning:          Could not resolve keysym XF86MarkWaypoint
> Warning:          Could not resolve keysym XF86Sos
> Warning:          Could not resolve keysym XF86NavChart
> Warning:          Could not resolve keysym XF86FishingChart
> Warning:          Could not resolve keysym XF86SingleRangeRadar
> Warning:          Could not resolve keysym XF86DualRangeRadar
> Warning:          Could not resolve keysym XF86RadarOverlay
> Warning:          Could not resolve keysym XF86TraditionalSonar
> Warning:          Could not resolve keysym XF86ClearvuSonar
> Warning:          Could not resolve keysym XF86SidevuSonar
> Warning:          Could not resolve keysym XF86NavInfo
Errors from xkbcomp are not fatal to the X server
libEGL warning: failed to open /dev/dri/card3: Permission denied

libEGL warning: failed to open /dev/dri/card2: Permission denied

libEGL warning: failed to open /dev/dri/card1: Permission denied

libEGL warning: failed to open /dev/dri/card3: Permission denied

libEGL warning: failed to open /dev/dri/card2: Permission denied

libEGL warning: failed to open /dev/dri/card1: Permission denied

libEGL warning: failed to open /dev/dri/card3: Permission denied

libEGL warning: failed to open /dev/dri/card2: Permission denied

libEGL warning: failed to open /dev/dri/card1: Permission denied

The XKEYBOARD keymap compiler (xkbcomp) reports:
> Warning:          Could not resolve keysym XF86CameraAccessEnable
> Warning:          Could not resolve keysym XF86CameraAccessDisable
> Warning:          Could not resolve keysym XF86CameraAccessToggle
> Warning:          Could not resolve keysym XF86NextElement
> Warning:          Could not resolve keysym XF86PreviousElement
> Warning:          Could not resolve keysym XF86AutopilotEngageToggle
> Warning:          Could not resolve keysym XF86MarkWaypoint
> Warning:          Could not resolve keysym XF86Sos
> Warning:          Could not resolve keysym XF86NavChart
> Warning:          Could not resolve keysym XF86FishingChart
> Warning:          Could not resolve keysym XF86SingleRangeRadar
> Warning:          Could not resolve keysym XF86DualRangeRadar
> Warning:          Could not resolve keysym XF86RadarOverlay
> Warning:          Could not resolve keysym XF86TraditionalSonar
> Warning:          Could not resolve keysym XF86ClearvuSonar
> Warning:          Could not resolve keysym XF86SidevuSonar
> Warning:          Could not resolve keysym XF86NavInfo
Errors from xkbcomp are not fatal to the X server
/vol/bitbucket/mz325/envs/como/lib/python3.10/site-packages/lightning_lite/utilities/cloud_io.py:48: FutureWarning: You are using `torch.load` with `weights_only=False` (the current default value), which uses the default pickle module implicitly. It is possible to construct malicious pickle data which will execute arbitrary code during unpickling (See https://github.com/pytorch/pytorch/blob/main/SECURITY.md#untrusted-models for more details). In a future release, the default value for `weights_only` will be flipped to `True`. This limits the functions that could be executed during unpickling. Arbitrary objects will no longer be allowed to be loaded via this mode unless they are explicitly allowlisted by the user via `torch.serialization.add_safe_globals`. We recommend you start setting `weights_only=True` for any use case where you don't have full control of the loaded file. Please open an issue on GitHub for any issues related to this experimental feature.
  return torch.load(f, map_location=map_location)
/vol/bitbucket/mz325/individual_project/como/como/geometry/lie_algebra.py:168: UserWarning: Using torch.cross without specifying the dim arg is deprecated.
Please either pass the dim explicitly or simply use torch.linalg.cross.
The default value of dim will change to agree with that of linalg.cross in a future release. (Triggered internally at /opt/conda/conda-bld/pytorch_1729647382455/work/aten/src/ATen/native/Cross.cpp:62.)
  wnorm_x_t = torch.cross(w_norm, t)
libEGL warning: failed to open /dev/dri/card3: Permission denied

libEGL warning: failed to open /dev/dri/card2: Permission denied

libEGL warning: failed to open /dev/dri/card1: Permission denied

libEGL warning: failed to open /dev/dri/card3: Permission denied

libEGL warning: failed to open /dev/dri/card2: Permission denied

libEGL warning: failed to open /dev/dri/card1: Permission denied

libEGL warning: failed to open /dev/dri/card3: Permission denied

libEGL warning: failed to open /dev/dri/card2: Permission denied

libEGL warning: failed to open /dev/dri/card1: Permission denied

The XKEYBOARD keymap compiler (xkbcomp) reports:
> Warning:          Could not resolve keysym XF86CameraAccessEnable
> Warning:          Could not resolve keysym XF86CameraAccessDisable
> Warning:          Could not resolve keysym XF86CameraAccessToggle
> Warning:          Could not resolve keysym XF86NextElement
> Warning:          Could not resolve keysym XF86PreviousElement
> Warning:          Could not resolve keysym XF86AutopilotEngageToggle
> Warning:          Could not resolve keysym XF86MarkWaypoint
> Warning:          Could not resolve keysym XF86Sos
> Warning:          Could not resolve keysym XF86NavChart
> Warning:          Could not resolve keysym XF86FishingChart
> Warning:          Could not resolve keysym XF86SingleRangeRadar
> Warning:          Could not resolve keysym XF86DualRangeRadar
> Warning:          Could not resolve keysym XF86RadarOverlay
> Warning:          Could not resolve keysym XF86TraditionalSonar
> Warning:          Could not resolve keysym XF86ClearvuSonar
> Warning:          Could not resolve keysym XF86SidevuSonar
> Warning:          Could not resolve keysym XF86NavInfo
Errors from xkbcomp are not fatal to the X server
libEGL warning: failed to open /dev/dri/card3: Permission denied

libEGL warning: failed to open /dev/dri/card2: Permission denied

libEGL warning: failed to open /dev/dri/card1: Permission denied

libEGL warning: failed to open /dev/dri/card3: Permission denied

libEGL warning: failed to open /dev/dri/card2: Permission denied

libEGL warning: failed to open /dev/dri/card1: Permission denied

libEGL warning: failed to open /dev/dri/card3: Permission denied

libEGL warning: failed to open /dev/dri/card2: Permission denied

libEGL warning: failed to open /dev/dri/card1: Permission denied

The XKEYBOARD keymap compiler (xkbcomp) reports:
> Warning:          Could not resolve keysym XF86CameraAccessEnable
> Warning:          Could not resolve keysym XF86CameraAccessDisable
> Warning:          Could not resolve keysym XF86CameraAccessToggle
> Warning:          Could not resolve keysym XF86NextElement
> Warning:          Could not resolve keysym XF86PreviousElement
> Warning:          Could not resolve keysym XF86AutopilotEngageToggle
> Warning:          Could not resolve keysym XF86MarkWaypoint
> Warning:          Could not resolve keysym XF86Sos
> Warning:          Could not resolve keysym XF86NavChart
> Warning:          Could not resolve keysym XF86FishingChart
> Warning:          Could not resolve keysym XF86SingleRangeRadar
> Warning:          Could not resolve keysym XF86DualRangeRadar
> Warning:          Could not resolve keysym XF86RadarOverlay
> Warning:          Could not resolve keysym XF86TraditionalSonar
> Warning:          Could not resolve keysym XF86ClearvuSonar
> Warning:          Could not resolve keysym XF86SidevuSonar
> Warning:          Could not resolve keysym XF86NavInfo
Errors from xkbcomp are not fatal to the X server
/vol/bitbucket/mz325/envs/como/lib/python3.10/site-packages/lightning_lite/utilities/cloud_io.py:48: FutureWarning: You are using `torch.load` with `weights_only=False` (the current default value), which uses the default pickle module implicitly. It is possible to construct malicious pickle data which will execute arbitrary code during unpickling (See https://github.com/pytorch/pytorch/blob/main/SECURITY.md#untrusted-models for more details). In a future release, the default value for `weights_only` will be flipped to `True`. This limits the functions that could be executed during unpickling. Arbitrary objects will no longer be allowed to be loaded via this mode unless they are explicitly allowlisted by the user via `torch.serialization.add_safe_globals`. We recommend you start setting `weights_only=True` for any use case where you don't have full control of the loaded file. Please open an issue on GitHub for any issues related to this experimental feature.
  return torch.load(f, map_location=map_location)
/vol/bitbucket/mz325/individual_project/como/como/geometry/lie_algebra.py:168: UserWarning: Using torch.cross without specifying the dim arg is deprecated.
Please either pass the dim explicitly or simply use torch.linalg.cross.
The default value of dim will change to agree with that of linalg.cross in a future release. (Triggered internally at /opt/conda/conda-bld/pytorch_1729647382455/work/aten/src/ATen/native/Cross.cpp:62.)
  wnorm_x_t = torch.cross(w_norm, t)
libEGL warning: failed to open /dev/dri/card3: Permission denied

libEGL warning: failed to open /dev/dri/card2: Permission denied

libEGL warning: failed to open /dev/dri/card1: Permission denied

libEGL warning: failed to open /dev/dri/card3: Permission denied

libEGL warning: failed to open /dev/dri/card2: Permission denied

libEGL warning: failed to open /dev/dri/card1: Permission denied

libEGL warning: failed to open /dev/dri/card3: Permission denied

libEGL warning: failed to open /dev/dri/card2: Permission denied

libEGL warning: failed to open /dev/dri/card1: Permission denied

The XKEYBOARD keymap compiler (xkbcomp) reports:
> Warning:          Could not resolve keysym XF86CameraAccessEnable
> Warning:          Could not resolve keysym XF86CameraAccessDisable
> Warning:          Could not resolve keysym XF86CameraAccessToggle
> Warning:          Could not resolve keysym XF86NextElement
> Warning:          Could not resolve keysym XF86PreviousElement
> Warning:          Could not resolve keysym XF86AutopilotEngageToggle
> Warning:          Could not resolve keysym XF86MarkWaypoint
> Warning:          Could not resolve keysym XF86Sos
> Warning:          Could not resolve keysym XF86NavChart
> Warning:          Could not resolve keysym XF86FishingChart
> Warning:          Could not resolve keysym XF86SingleRangeRadar
> Warning:          Could not resolve keysym XF86DualRangeRadar
> Warning:          Could not resolve keysym XF86RadarOverlay
> Warning:          Could not resolve keysym XF86TraditionalSonar
> Warning:          Could not resolve keysym XF86ClearvuSonar
> Warning:          Could not resolve keysym XF86SidevuSonar
> Warning:          Could not resolve keysym XF86NavInfo
Errors from xkbcomp are not fatal to the X server
libEGL warning: failed to open /dev/dri/card3: Permission denied

libEGL warning: failed to open /dev/dri/card2: Permission denied

libEGL warning: failed to open /dev/dri/card1: Permission denied

libEGL warning: failed to open /dev/dri/card3: Permission denied

libEGL warning: failed to open /dev/dri/card2: Permission denied

libEGL warning: failed to open /dev/dri/card1: Permission denied

libEGL warning: failed to open /dev/dri/card3: Permission denied

libEGL warning: failed to open /dev/dri/card2: Permission denied

libEGL warning: failed to open /dev/dri/card1: Permission denied

The XKEYBOARD keymap compiler (xkbcomp) reports:
> Warning:          Could not resolve keysym XF86CameraAccessEnable
> Warning:          Could not resolve keysym XF86CameraAccessDisable
> Warning:          Could not resolve keysym XF86CameraAccessToggle
> Warning:          Could not resolve keysym XF86NextElement
> Warning:          Could not resolve keysym XF86PreviousElement
> Warning:          Could not resolve keysym XF86AutopilotEngageToggle
> Warning:          Could not resolve keysym XF86MarkWaypoint
> Warning:          Could not resolve keysym XF86Sos
> Warning:          Could not resolve keysym XF86NavChart
> Warning:          Could not resolve keysym XF86FishingChart
> Warning:          Could not resolve keysym XF86SingleRangeRadar
> Warning:          Could not resolve keysym XF86DualRangeRadar
> Warning:          Could not resolve keysym XF86RadarOverlay
> Warning:          Could not resolve keysym XF86TraditionalSonar
> Warning:          Could not resolve keysym XF86ClearvuSonar
> Warning:          Could not resolve keysym XF86SidevuSonar
> Warning:          Could not resolve keysym XF86NavInfo
Errors from xkbcomp are not fatal to the X server
/vol/bitbucket/mz325/envs/como/lib/python3.10/site-packages/lightning_lite/utilities/cloud_io.py:48: FutureWarning: You are using `torch.load` with `weights_only=False` (the current default value), which uses the default pickle module implicitly. It is possible to construct malicious pickle data which will execute arbitrary code during unpickling (See https://github.com/pytorch/pytorch/blob/main/SECURITY.md#untrusted-models for more details). In a future release, the default value for `weights_only` will be flipped to `True`. This limits the functions that could be executed during unpickling. Arbitrary objects will no longer be allowed to be loaded via this mode unless they are explicitly allowlisted by the user via `torch.serialization.add_safe_globals`. We recommend you start setting `weights_only=True` for any use case where you don't have full control of the loaded file. Please open an issue on GitHub for any issues related to this experimental feature.
  return torch.load(f, map_location=map_location)
/vol/bitbucket/mz325/individual_project/como/como/geometry/lie_algebra.py:168: UserWarning: Using torch.cross without specifying the dim arg is deprecated.
Please either pass the dim explicitly or simply use torch.linalg.cross.
The default value of dim will change to agree with that of linalg.cross in a future release. (Triggered internally at /opt/conda/conda-bld/pytorch_1729647382455/work/aten/src/ATen/native/Cross.cpp:62.)
  wnorm_x_t = torch.cross(w_norm, t)
libEGL warning: failed to open /dev/dri/card3: Permission denied

libEGL warning: failed to open /dev/dri/card2: Permission denied

libEGL warning: failed to open /dev/dri/card1: Permission denied

libEGL warning: failed to open /dev/dri/card3: Permission denied

libEGL warning: failed to open /dev/dri/card2: Permission denied

libEGL warning: failed to open /dev/dri/card1: Permission denied

libEGL warning: failed to open /dev/dri/card3: Permission denied

libEGL warning: failed to open /dev/dri/card2: Permission denied

libEGL warning: failed to open /dev/dri/card1: Permission denied

The XKEYBOARD keymap compiler (xkbcomp) reports:
> Warning:          Could not resolve keysym XF86CameraAccessEnable
> Warning:          Could not resolve keysym XF86CameraAccessDisable
> Warning:          Could not resolve keysym XF86CameraAccessToggle
> Warning:          Could not resolve keysym XF86NextElement
> Warning:          Could not resolve keysym XF86PreviousElement
> Warning:          Could not resolve keysym XF86AutopilotEngageToggle
> Warning:          Could not resolve keysym XF86MarkWaypoint
> Warning:          Could not resolve keysym XF86Sos
> Warning:          Could not resolve keysym XF86NavChart
> Warning:          Could not resolve keysym XF86FishingChart
> Warning:          Could not resolve keysym XF86SingleRangeRadar
> Warning:          Could not resolve keysym XF86DualRangeRadar
> Warning:          Could not resolve keysym XF86RadarOverlay
> Warning:          Could not resolve keysym XF86TraditionalSonar
> Warning:          Could not resolve keysym XF86ClearvuSonar
> Warning:          Could not resolve keysym XF86SidevuSonar
> Warning:          Could not resolve keysym XF86NavInfo
Errors from xkbcomp are not fatal to the X server
libEGL warning: failed to open /dev/dri/card3: Permission denied

libEGL warning: failed to open /dev/dri/card2: Permission denied

libEGL warning: failed to open /dev/dri/card1: Permission denied

libEGL warning: failed to open /dev/dri/card3: Permission denied

libEGL warning: failed to open /dev/dri/card2: Permission denied

libEGL warning: failed to open /dev/dri/card1: Permission denied

libEGL warning: failed to open /dev/dri/card3: Permission denied

libEGL warning: failed to open /dev/dri/card2: Permission denied

libEGL warning: failed to open /dev/dri/card1: Permission denied

The XKEYBOARD keymap compiler (xkbcomp) reports:
> Warning:          Could not resolve keysym XF86CameraAccessEnable
> Warning:          Could not resolve keysym XF86CameraAccessDisable
> Warning:          Could not resolve keysym XF86CameraAccessToggle
> Warning:          Could not resolve keysym XF86NextElement
> Warning:          Could not resolve keysym XF86PreviousElement
> Warning:          Could not resolve keysym XF86AutopilotEngageToggle
> Warning:          Could not resolve keysym XF86MarkWaypoint
> Warning:          Could not resolve keysym XF86Sos
> Warning:          Could not resolve keysym XF86NavChart
> Warning:          Could not resolve keysym XF86FishingChart
> Warning:          Could not resolve keysym XF86SingleRangeRadar
> Warning:          Could not resolve keysym XF86DualRangeRadar
> Warning:          Could not resolve keysym XF86RadarOverlay
> Warning:          Could not resolve keysym XF86TraditionalSonar
> Warning:          Could not resolve keysym XF86ClearvuSonar
> Warning:          Could not resolve keysym XF86SidevuSonar
> Warning:          Could not resolve keysym XF86NavInfo
Errors from xkbcomp are not fatal to the X server
/vol/bitbucket/mz325/envs/como/lib/python3.10/site-packages/lightning_lite/utilities/cloud_io.py:48: FutureWarning: You are using `torch.load` with `weights_only=False` (the current default value), which uses the default pickle module implicitly. It is possible to construct malicious pickle data which will execute arbitrary code during unpickling (See https://github.com/pytorch/pytorch/blob/main/SECURITY.md#untrusted-models for more details). In a future release, the default value for `weights_only` will be flipped to `True`. This limits the functions that could be executed during unpickling. Arbitrary objects will no longer be allowed to be loaded via this mode unless they are explicitly allowlisted by the user via `torch.serialization.add_safe_globals`. We recommend you start setting `weights_only=True` for any use case where you don't have full control of the loaded file. Please open an issue on GitHub for any issues related to this experimental feature.
  return torch.load(f, map_location=map_location)
/vol/bitbucket/mz325/individual_project/como/como/geometry/lie_algebra.py:168: UserWarning: Using torch.cross without specifying the dim arg is deprecated.
Please either pass the dim explicitly or simply use torch.linalg.cross.
The default value of dim will change to agree with that of linalg.cross in a future release. (Triggered internally at /opt/conda/conda-bld/pytorch_1729647382455/work/aten/src/ATen/native/Cross.cpp:62.)
  wnorm_x_t = torch.cross(w_norm, t)
libEGL warning: failed to open /dev/dri/card3: Permission denied

libEGL warning: failed to open /dev/dri/card2: Permission denied

libEGL warning: failed to open /dev/dri/card1: Permission denied

libEGL warning: failed to open /dev/dri/card3: Permission denied

libEGL warning: failed to open /dev/dri/card2: Permission denied

libEGL warning: failed to open /dev/dri/card1: Permission denied

libEGL warning: failed to open /dev/dri/card3: Permission denied

libEGL warning: failed to open /dev/dri/card2: Permission denied

libEGL warning: failed to open /dev/dri/card1: Permission denied

The XKEYBOARD keymap compiler (xkbcomp) reports:
> Warning:          Could not resolve keysym XF86CameraAccessEnable
> Warning:          Could not resolve keysym XF86CameraAccessDisable
> Warning:          Could not resolve keysym XF86CameraAccessToggle
> Warning:          Could not resolve keysym XF86NextElement
> Warning:          Could not resolve keysym XF86PreviousElement
> Warning:          Could not resolve keysym XF86AutopilotEngageToggle
> Warning:          Could not resolve keysym XF86MarkWaypoint
> Warning:          Could not resolve keysym XF86Sos
> Warning:          Could not resolve keysym XF86NavChart
> Warning:          Could not resolve keysym XF86FishingChart
> Warning:          Could not resolve keysym XF86SingleRangeRadar
> Warning:          Could not resolve keysym XF86DualRangeRadar
> Warning:          Could not resolve keysym XF86RadarOverlay
> Warning:          Could not resolve keysym XF86TraditionalSonar
> Warning:          Could not resolve keysym XF86ClearvuSonar
> Warning:          Could not resolve keysym XF86SidevuSonar
> Warning:          Could not resolve keysym XF86NavInfo
Errors from xkbcomp are not fatal to the X server
libEGL warning: failed to open /dev/dri/card3: Permission denied

libEGL warning: failed to open /dev/dri/card2: Permission denied

libEGL warning: failed to open /dev/dri/card1: Permission denied

libEGL warning: failed to open /dev/dri/card3: Permission denied

libEGL warning: failed to open /dev/dri/card2: Permission denied

libEGL warning: failed to open /dev/dri/card1: Permission denied

libEGL warning: failed to open /dev/dri/card3: Permission denied

libEGL warning: failed to open /dev/dri/card2: Permission denied

libEGL warning: failed to open /dev/dri/card1: Permission denied

The XKEYBOARD keymap compiler (xkbcomp) reports:
> Warning:          Could not resolve keysym XF86CameraAccessEnable
> Warning:          Could not resolve keysym XF86CameraAccessDisable
> Warning:          Could not resolve keysym XF86CameraAccessToggle
> Warning:          Could not resolve keysym XF86NextElement
> Warning:          Could not resolve keysym XF86PreviousElement
> Warning:          Could not resolve keysym XF86AutopilotEngageToggle
> Warning:          Could not resolve keysym XF86MarkWaypoint
> Warning:          Could not resolve keysym XF86Sos
> Warning:          Could not resolve keysym XF86NavChart
> Warning:          Could not resolve keysym XF86FishingChart
> Warning:          Could not resolve keysym XF86SingleRangeRadar
> Warning:          Could not resolve keysym XF86DualRangeRadar
> Warning:          Could not resolve keysym XF86RadarOverlay
> Warning:          Could not resolve keysym XF86TraditionalSonar
> Warning:          Could not resolve keysym XF86ClearvuSonar
> Warning:          Could not resolve keysym XF86SidevuSonar
> Warning:          Could not resolve keysym XF86NavInfo
Errors from xkbcomp are not fatal to the X server
/vol/bitbucket/mz325/envs/como/lib/python3.10/site-packages/lightning_lite/utilities/cloud_io.py:48: FutureWarning: You are using `torch.load` with `weights_only=False` (the current default value), which uses the default pickle module implicitly. It is possible to construct malicious pickle data which will execute arbitrary code during unpickling (See https://github.com/pytorch/pytorch/blob/main/SECURITY.md#untrusted-models for more details). In a future release, the default value for `weights_only` will be flipped to `True`. This limits the functions that could be executed during unpickling. Arbitrary objects will no longer be allowed to be loaded via this mode unless they are explicitly allowlisted by the user via `torch.serialization.add_safe_globals`. We recommend you start setting `weights_only=True` for any use case where you don't have full control of the loaded file. Please open an issue on GitHub for any issues related to this experimental feature.
  return torch.load(f, map_location=map_location)
/vol/bitbucket/mz325/individual_project/como/como/geometry/lie_algebra.py:168: UserWarning: Using torch.cross without specifying the dim arg is deprecated.
Please either pass the dim explicitly or simply use torch.linalg.cross.
The default value of dim will change to agree with that of linalg.cross in a future release. (Triggered internally at /opt/conda/conda-bld/pytorch_1729647382455/work/aten/src/ATen/native/Cross.cpp:62.)
  wnorm_x_t = torch.cross(w_norm, t)
libEGL warning: failed to open /dev/dri/card3: Permission denied

libEGL warning: failed to open /dev/dri/card2: Permission denied

libEGL warning: failed to open /dev/dri/card1: Permission denied

libEGL warning: failed to open /dev/dri/card3: Permission denied

libEGL warning: failed to open /dev/dri/card2: Permission denied

libEGL warning: failed to open /dev/dri/card1: Permission denied

libEGL warning: failed to open /dev/dri/card3: Permission denied

libEGL warning: failed to open /dev/dri/card2: Permission denied

libEGL warning: failed to open /dev/dri/card1: Permission denied

The XKEYBOARD keymap compiler (xkbcomp) reports:
> Warning:          Could not resolve keysym XF86CameraAccessEnable
> Warning:          Could not resolve keysym XF86CameraAccessDisable
> Warning:          Could not resolve keysym XF86CameraAccessToggle
> Warning:          Could not resolve keysym XF86NextElement
> Warning:          Could not resolve keysym XF86PreviousElement
> Warning:          Could not resolve keysym XF86AutopilotEngageToggle
> Warning:          Could not resolve keysym XF86MarkWaypoint
> Warning:          Could not resolve keysym XF86Sos
> Warning:          Could not resolve keysym XF86NavChart
> Warning:          Could not resolve keysym XF86FishingChart
> Warning:          Could not resolve keysym XF86SingleRangeRadar
> Warning:          Could not resolve keysym XF86DualRangeRadar
> Warning:          Could not resolve keysym XF86RadarOverlay
> Warning:          Could not resolve keysym XF86TraditionalSonar
> Warning:          Could not resolve keysym XF86ClearvuSonar
> Warning:          Could not resolve keysym XF86SidevuSonar
> Warning:          Could not resolve keysym XF86NavInfo
Errors from xkbcomp are not fatal to the X server
libEGL warning: failed to open /dev/dri/card3: Permission denied

libEGL warning: failed to open /dev/dri/card2: Permission denied

libEGL warning: failed to open /dev/dri/card1: Permission denied

libEGL warning: failed to open /dev/dri/card3: Permission denied

libEGL warning: failed to open /dev/dri/card2: Permission denied

libEGL warning: failed to open /dev/dri/card1: Permission denied

libEGL warning: failed to open /dev/dri/card3: Permission denied

libEGL warning: failed to open /dev/dri/card2: Permission denied

libEGL warning: failed to open /dev/dri/card1: Permission denied

The XKEYBOARD keymap compiler (xkbcomp) reports:
> Warning:          Could not resolve keysym XF86CameraAccessEnable
> Warning:          Could not resolve keysym XF86CameraAccessDisable
> Warning:          Could not resolve keysym XF86CameraAccessToggle
> Warning:          Could not resolve keysym XF86NextElement
> Warning:          Could not resolve keysym XF86PreviousElement
> Warning:          Could not resolve keysym XF86AutopilotEngageToggle
> Warning:          Could not resolve keysym XF86MarkWaypoint
> Warning:          Could not resolve keysym XF86Sos
> Warning:          Could not resolve keysym XF86NavChart
> Warning:          Could not resolve keysym XF86FishingChart
> Warning:          Could not resolve keysym XF86SingleRangeRadar
> Warning:          Could not resolve keysym XF86DualRangeRadar
> Warning:          Could not resolve keysym XF86RadarOverlay
> Warning:          Could not resolve keysym XF86TraditionalSonar
> Warning:          Could not resolve keysym XF86ClearvuSonar
> Warning:          Could not resolve keysym XF86SidevuSonar
> Warning:          Could not resolve keysym XF86NavInfo
Errors from xkbcomp are not fatal to the X server
/vol/bitbucket/mz325/envs/como/lib/python3.10/site-packages/lightning_lite/utilities/cloud_io.py:48: FutureWarning: You are using `torch.load` with `weights_only=False` (the current default value), which uses the default pickle module implicitly. It is possible to construct malicious pickle data which will execute arbitrary code during unpickling (See https://github.com/pytorch/pytorch/blob/main/SECURITY.md#untrusted-models for more details). In a future release, the default value for `weights_only` will be flipped to `True`. This limits the functions that could be executed during unpickling. Arbitrary objects will no longer be allowed to be loaded via this mode unless they are explicitly allowlisted by the user via `torch.serialization.add_safe_globals`. We recommend you start setting `weights_only=True` for any use case where you don't have full control of the loaded file. Please open an issue on GitHub for any issues related to this experimental feature.
  return torch.load(f, map_location=map_location)
/vol/bitbucket/mz325/individual_project/como/como/geometry/lie_algebra.py:168: UserWarning: Using torch.cross without specifying the dim arg is deprecated.
Please either pass the dim explicitly or simply use torch.linalg.cross.
The default value of dim will change to agree with that of linalg.cross in a future release. (Triggered internally at /opt/conda/conda-bld/pytorch_1729647382455/work/aten/src/ATen/native/Cross.cpp:62.)
  wnorm_x_t = torch.cross(w_norm, t)
libEGL warning: failed to open /dev/dri/card3: Permission denied

libEGL warning: failed to open /dev/dri/card2: Permission denied

libEGL warning: failed to open /dev/dri/card1: Permission denied

libEGL warning: failed to open /dev/dri/card3: Permission denied

libEGL warning: failed to open /dev/dri/card2: Permission denied

libEGL warning: failed to open /dev/dri/card1: Permission denied

libEGL warning: failed to open /dev/dri/card3: Permission denied

libEGL warning: failed to open /dev/dri/card2: Permission denied

libEGL warning: failed to open /dev/dri/card1: Permission denied

The XKEYBOARD keymap compiler (xkbcomp) reports:
> Warning:          Could not resolve keysym XF86CameraAccessEnable
> Warning:          Could not resolve keysym XF86CameraAccessDisable
> Warning:          Could not resolve keysym XF86CameraAccessToggle
> Warning:          Could not resolve keysym XF86NextElement
> Warning:          Could not resolve keysym XF86PreviousElement
> Warning:          Could not resolve keysym XF86AutopilotEngageToggle
> Warning:          Could not resolve keysym XF86MarkWaypoint
> Warning:          Could not resolve keysym XF86Sos
> Warning:          Could not resolve keysym XF86NavChart
> Warning:          Could not resolve keysym XF86FishingChart
> Warning:          Could not resolve keysym XF86SingleRangeRadar
> Warning:          Could not resolve keysym XF86DualRangeRadar
> Warning:          Could not resolve keysym XF86RadarOverlay
> Warning:          Could not resolve keysym XF86TraditionalSonar
> Warning:          Could not resolve keysym XF86ClearvuSonar
> Warning:          Could not resolve keysym XF86SidevuSonar
> Warning:          Could not resolve keysym XF86NavInfo
Errors from xkbcomp are not fatal to the X server
libEGL warning: failed to open /dev/dri/card3: Permission denied

libEGL warning: failed to open /dev/dri/card2: Permission denied

libEGL warning: failed to open /dev/dri/card1: Permission denied

libEGL warning: failed to open /dev/dri/card3: Permission denied

libEGL warning: failed to open /dev/dri/card2: Permission denied

libEGL warning: failed to open /dev/dri/card1: Permission denied

libEGL warning: failed to open /dev/dri/card3: Permission denied

libEGL warning: failed to open /dev/dri/card2: Permission denied

libEGL warning: failed to open /dev/dri/card1: Permission denied

The XKEYBOARD keymap compiler (xkbcomp) reports:
> Warning:          Could not resolve keysym XF86CameraAccessEnable
> Warning:          Could not resolve keysym XF86CameraAccessDisable
> Warning:          Could not resolve keysym XF86CameraAccessToggle
> Warning:          Could not resolve keysym XF86NextElement
> Warning:          Could not resolve keysym XF86PreviousElement
> Warning:          Could not resolve keysym XF86AutopilotEngageToggle
> Warning:          Could not resolve keysym XF86MarkWaypoint
> Warning:          Could not resolve keysym XF86Sos
> Warning:          Could not resolve keysym XF86NavChart
> Warning:          Could not resolve keysym XF86FishingChart
> Warning:          Could not resolve keysym XF86SingleRangeRadar
> Warning:          Could not resolve keysym XF86DualRangeRadar
> Warning:          Could not resolve keysym XF86RadarOverlay
> Warning:          Could not resolve keysym XF86TraditionalSonar
> Warning:          Could not resolve keysym XF86ClearvuSonar
> Warning:          Could not resolve keysym XF86SidevuSonar
> Warning:          Could not resolve keysym XF86NavInfo
Errors from xkbcomp are not fatal to the X server
/vol/bitbucket/mz325/envs/como/lib/python3.10/site-packages/lightning_lite/utilities/cloud_io.py:48: FutureWarning: You are using `torch.load` with `weights_only=False` (the current default value), which uses the default pickle module implicitly. It is possible to construct malicious pickle data which will execute arbitrary code during unpickling (See https://github.com/pytorch/pytorch/blob/main/SECURITY.md#untrusted-models for more details). In a future release, the default value for `weights_only` will be flipped to `True`. This limits the functions that could be executed during unpickling. Arbitrary objects will no longer be allowed to be loaded via this mode unless they are explicitly allowlisted by the user via `torch.serialization.add_safe_globals`. We recommend you start setting `weights_only=True` for any use case where you don't have full control of the loaded file. Please open an issue on GitHub for any issues related to this experimental feature.
  return torch.load(f, map_location=map_location)
/vol/bitbucket/mz325/individual_project/como/como/geometry/lie_algebra.py:168: UserWarning: Using torch.cross without specifying the dim arg is deprecated.
Please either pass the dim explicitly or simply use torch.linalg.cross.
The default value of dim will change to agree with that of linalg.cross in a future release. (Triggered internally at /opt/conda/conda-bld/pytorch_1729647382455/work/aten/src/ATen/native/Cross.cpp:62.)
  wnorm_x_t = torch.cross(w_norm, t)
libEGL warning: failed to open /dev/dri/card3: Permission denied

libEGL warning: failed to open /dev/dri/card2: Permission denied

libEGL warning: failed to open /dev/dri/card1: Permission denied

libEGL warning: failed to open /dev/dri/card3: Permission denied

libEGL warning: failed to open /dev/dri/card2: Permission denied

libEGL warning: failed to open /dev/dri/card1: Permission denied

libEGL warning: failed to open /dev/dri/card3: Permission denied

libEGL warning: failed to open /dev/dri/card2: Permission denied

libEGL warning: failed to open /dev/dri/card1: Permission denied

The XKEYBOARD keymap compiler (xkbcomp) reports:
> Warning:          Could not resolve keysym XF86CameraAccessEnable
> Warning:          Could not resolve keysym XF86CameraAccessDisable
> Warning:          Could not resolve keysym XF86CameraAccessToggle
> Warning:          Could not resolve keysym XF86NextElement
> Warning:          Could not resolve keysym XF86PreviousElement
> Warning:          Could not resolve keysym XF86AutopilotEngageToggle
> Warning:          Could not resolve keysym XF86MarkWaypoint
> Warning:          Could not resolve keysym XF86Sos
> Warning:          Could not resolve keysym XF86NavChart
> Warning:          Could not resolve keysym XF86FishingChart
> Warning:          Could not resolve keysym XF86SingleRangeRadar
> Warning:          Could not resolve keysym XF86DualRangeRadar
> Warning:          Could not resolve keysym XF86RadarOverlay
> Warning:          Could not resolve keysym XF86TraditionalSonar
> Warning:          Could not resolve keysym XF86ClearvuSonar
> Warning:          Could not resolve keysym XF86SidevuSonar
> Warning:          Could not resolve keysym XF86NavInfo
Errors from xkbcomp are not fatal to the X server
timeout: the monitored command dumped core
/var/spool/slurm/d/job249973/slurm_script: line 78: 2471392 Segmentation fault      timeout 900 python como/como_dataset.py --dataset_type=tum --dataset_dir="${DATASET_DIR}"
libEGL warning: failed to open /dev/dri/card3: Permission denied

libEGL warning: failed to open /dev/dri/card2: Permission denied

libEGL warning: failed to open /dev/dri/card1: Permission denied

libEGL warning: failed to open /dev/dri/card3: Permission denied

libEGL warning: failed to open /dev/dri/card2: Permission denied

libEGL warning: failed to open /dev/dri/card1: Permission denied

libEGL warning: failed to open /dev/dri/card3: Permission denied

libEGL warning: failed to open /dev/dri/card2: Permission denied

libEGL warning: failed to open /dev/dri/card1: Permission denied

The XKEYBOARD keymap compiler (xkbcomp) reports:
> Warning:          Could not resolve keysym XF86CameraAccessEnable
> Warning:          Could not resolve keysym XF86CameraAccessDisable
> Warning:          Could not resolve keysym XF86CameraAccessToggle
> Warning:          Could not resolve keysym XF86NextElement
> Warning:          Could not resolve keysym XF86PreviousElement
> Warning:          Could not resolve keysym XF86AutopilotEngageToggle
> Warning:          Could not resolve keysym XF86MarkWaypoint
> Warning:          Could not resolve keysym XF86Sos
> Warning:          Could not resolve keysym XF86NavChart
> Warning:          Could not resolve keysym XF86FishingChart
> Warning:          Could not resolve keysym XF86SingleRangeRadar
> Warning:          Could not resolve keysym XF86DualRangeRadar
> Warning:          Could not resolve keysym XF86RadarOverlay
> Warning:          Could not resolve keysym XF86TraditionalSonar
> Warning:          Could not resolve keysym XF86ClearvuSonar
> Warning:          Could not resolve keysym XF86SidevuSonar
> Warning:          Could not resolve keysym XF86NavInfo
Errors from xkbcomp are not fatal to the X server
/vol/bitbucket/mz325/envs/como/lib/python3.10/site-packages/lightning_lite/utilities/cloud_io.py:48: FutureWarning: You are using `torch.load` with `weights_only=False` (the current default value), which uses the default pickle module implicitly. It is possible to construct malicious pickle data which will execute arbitrary code during unpickling (See https://github.com/pytorch/pytorch/blob/main/SECURITY.md#untrusted-models for more details). In a future release, the default value for `weights_only` will be flipped to `True`. This limits the functions that could be executed during unpickling. Arbitrary objects will no longer be allowed to be loaded via this mode unless they are explicitly allowlisted by the user via `torch.serialization.add_safe_globals`. We recommend you start setting `weights_only=True` for any use case where you don't have full control of the loaded file. Please open an issue on GitHub for any issues related to this experimental feature.
  return torch.load(f, map_location=map_location)
/vol/bitbucket/mz325/individual_project/como/como/geometry/lie_algebra.py:168: UserWarning: Using torch.cross without specifying the dim arg is deprecated.
Please either pass the dim explicitly or simply use torch.linalg.cross.
The default value of dim will change to agree with that of linalg.cross in a future release. (Triggered internally at /opt/conda/conda-bld/pytorch_1729647382455/work/aten/src/ATen/native/Cross.cpp:62.)
  wnorm_x_t = torch.cross(w_norm, t)
N5utils18PostconditionPanicE
in RenderableManager::Builder::Result filament::RenderableManager::Builder::build(filament::Engine &, utils::Entity):236
reason: [entity=752] AABB can't be empty, unless culling is disabled and the object is not a shadow caster/receiver
#0	pybind.cpython-310-x86_64-linux-gnu.so     0x7f2c01e46cd0 (null) + 139826987035856
#1	pybind.cpython-310-x86_64-linux-gnu.so     0x7f2c01d9dc3a (null) + 139826986343482
#2	pybind.cpython-310-x86_64-linux-gnu.so     0x7f2bf7bc4647 (null) + 139826816632391
#3	pybind.cpython-310-x86_64-linux-gnu.so     0x7f2bf7bc7517 (null) + 139826816644375
#4	pybind.cpython-310-x86_64-linux-gnu.so     0x7f2bf7b6522a (null) + 139826816242218
#5	pybind.cpython-310-x86_64-linux-gnu.so     0x7f2bf4c5b17c (null) + 139826766918012
#6	pybind.cpython-310-x86_64-linux-gnu.so     0x7f2bf5028cda (null) + 139826770906330
#7	python                              0x5d83aba9a446 (null) + 102820102120518
#8	python                              0x5d83aba9397b _PyObject_MakeTpCall + 619
#9	python                              0x5d83abaa66e6 (null) + 102820102170342
#10	python                              0x5d83aba8f022 _PyEval_EvalFrameDefault + 19474
#11	python                              0x5d83aba9a8cc _PyFunction_Vectorcall + 108
#12	python                              0x5d83aba8ab3c _PyEval_EvalFrameDefault + 1836
#13	python                              0x5d83aba9a8cc _PyFunction_Vectorcall + 108
#14	pybind.cpython-310-x86_64-linux-gnu.so     0x7f2bf4efdb81 (null) + 139826769681281
#15	pybind.cpython-310-x86_64-linux-gnu.so     0x7f2bf4ce5178 (null) + 139826767483256
#16	pybind.cpython-310-x86_64-linux-gnu.so     0x7f2bf7bd2405 (null) + 139826816689157
#17	pybind.cpython-310-x86_64-linux-gnu.so     0x7f2bf7bd282d (null) + 139826816690221


Traceback (most recent call last):
  File "/vol/bitbucket/mz325/individual_project/como/como/como_dataset.py", line 37, in <module>
    main(dataset)
  File "/vol/bitbucket/mz325/individual_project/como/como/como_dataset.py", line 25, in main
    app.run()
  File "/vol/bitbucket/mz325/individual_project/como/como/odom/sequential/ComoSeq.py", line 62, in <lambda>
    self.window, lambda: self.update_pose_render(tracked_pose)
  File "/vol/bitbucket/mz325/individual_project/como/como/gui/GuiWindow.py", line 521, in update_pose_render
    self.widget3d.scene.add_geometry("est_traj", est_traj_geo, self.line_mat)
RuntimeError: Caught an unknown exception!
/vol/bitbucket/mz325/envs/como/lib/python3.10/site-packages/numpy/linalg/linalg.py:2180: RuntimeWarning: invalid value encountered in det
  r = _umath_linalg.det(a, signature=signature)
Exception in thread UpdateMain:
Traceback (most recent call last):
  File "/vol/bitbucket/mz325/envs/como/lib/python3.10/threading.py", line 1016, in _bootstrap_inner
    self.run()
  File "/vol/bitbucket/mz325/envs/como/lib/python3.10/threading.py", line 953, in run
    self._target(*self._args, **self._kwargs)
  File "/vol/bitbucket/mz325/individual_project/como/como/gui/GuiWindow.py", line 598, in update_main
    self._on_close()
  File "/vol/bitbucket/mz325/individual_project/como/como/gui/GuiWindow.py", line 375, in _on_close
    self.save_traj()
  File "/vol/bitbucket/mz325/individual_project/como/como/gui/GuiWindow.py", line 365, in save_traj
    save_traj(filename, kf_timestamps, kf_poses)
  File "/vol/bitbucket/mz325/individual_project/como/como/utils/io.py", line 8, in save_traj
    tq = pose_to_tq(poses[i, :, :])
  File "/vol/bitbucket/mz325/individual_project/como/como/geometry/lie_algebra.py", line 13, in pose_to_tq
    q = Rotation.from_matrix(pose[:3, :3]).as_quat()
  File "_rotation.pyx", line 1152, in scipy.spatial.transform._rotation.Rotation.from_matrix
  File "/vol/bitbucket/mz325/envs/como/lib/python3.10/site-packages/numpy/linalg/linalg.py", line 1681, in svd
    u, s, vh = gufunc(a, signature=signature, extobj=extobj)
  File "/vol/bitbucket/mz325/envs/como/lib/python3.10/site-packages/numpy/linalg/linalg.py", line 121, in _raise_linalgerror_svd_nonconvergence
    raise LinAlgError("SVD did not converge")
numpy.linalg.LinAlgError: SVD did not converge
libEGL warning: failed to open /dev/dri/card3: Permission denied

libEGL warning: failed to open /dev/dri/card2: Permission denied

libEGL warning: failed to open /dev/dri/card1: Permission denied

libEGL warning: failed to open /dev/dri/card3: Permission denied

libEGL warning: failed to open /dev/dri/card2: Permission denied

libEGL warning: failed to open /dev/dri/card1: Permission denied

libEGL warning: failed to open /dev/dri/card3: Permission denied

libEGL warning: failed to open /dev/dri/card2: Permission denied

libEGL warning: failed to open /dev/dri/card1: Permission denied

The XKEYBOARD keymap compiler (xkbcomp) reports:
> Warning:          Could not resolve keysym XF86CameraAccessEnable
> Warning:          Could not resolve keysym XF86CameraAccessDisable
> Warning:          Could not resolve keysym XF86CameraAccessToggle
> Warning:          Could not resolve keysym XF86NextElement
> Warning:          Could not resolve keysym XF86PreviousElement
> Warning:          Could not resolve keysym XF86AutopilotEngageToggle
> Warning:          Could not resolve keysym XF86MarkWaypoint
> Warning:          Could not resolve keysym XF86Sos
> Warning:          Could not resolve keysym XF86NavChart
> Warning:          Could not resolve keysym XF86FishingChart
> Warning:          Could not resolve keysym XF86SingleRangeRadar
> Warning:          Could not resolve keysym XF86DualRangeRadar
> Warning:          Could not resolve keysym XF86RadarOverlay
> Warning:          Could not resolve keysym XF86TraditionalSonar
> Warning:          Could not resolve keysym XF86ClearvuSonar
> Warning:          Could not resolve keysym XF86SidevuSonar
> Warning:          Could not resolve keysym XF86NavInfo
Errors from xkbcomp are not fatal to the X server
libEGL warning: failed to open /dev/dri/card3: Permission denied

libEGL warning: failed to open /dev/dri/card2: Permission denied

libEGL warning: failed to open /dev/dri/card1: Permission denied

libEGL warning: failed to open /dev/dri/card3: Permission denied

libEGL warning: failed to open /dev/dri/card2: Permission denied

libEGL warning: failed to open /dev/dri/card1: Permission denied

libEGL warning: failed to open /dev/dri/card3: Permission denied

libEGL warning: failed to open /dev/dri/card2: Permission denied

libEGL warning: failed to open /dev/dri/card1: Permission denied

The XKEYBOARD keymap compiler (xkbcomp) reports:
> Warning:          Could not resolve keysym XF86CameraAccessEnable
> Warning:          Could not resolve keysym XF86CameraAccessDisable
> Warning:          Could not resolve keysym XF86CameraAccessToggle
> Warning:          Could not resolve keysym XF86NextElement
> Warning:          Could not resolve keysym XF86PreviousElement
> Warning:          Could not resolve keysym XF86AutopilotEngageToggle
> Warning:          Could not resolve keysym XF86MarkWaypoint
> Warning:          Could not resolve keysym XF86Sos
> Warning:          Could not resolve keysym XF86NavChart
> Warning:          Could not resolve keysym XF86FishingChart
> Warning:          Could not resolve keysym XF86SingleRangeRadar
> Warning:          Could not resolve keysym XF86DualRangeRadar
> Warning:          Could not resolve keysym XF86RadarOverlay
> Warning:          Could not resolve keysym XF86TraditionalSonar
> Warning:          Could not resolve keysym XF86ClearvuSonar
> Warning:          Could not resolve keysym XF86SidevuSonar
> Warning:          Could not resolve keysym XF86NavInfo
Errors from xkbcomp are not fatal to the X server
/vol/bitbucket/mz325/envs/como/lib/python3.10/site-packages/lightning_lite/utilities/cloud_io.py:48: FutureWarning: You are using `torch.load` with `weights_only=False` (the current default value), which uses the default pickle module implicitly. It is possible to construct malicious pickle data which will execute arbitrary code during unpickling (See https://github.com/pytorch/pytorch/blob/main/SECURITY.md#untrusted-models for more details). In a future release, the default value for `weights_only` will be flipped to `True`. This limits the functions that could be executed during unpickling. Arbitrary objects will no longer be allowed to be loaded via this mode unless they are explicitly allowlisted by the user via `torch.serialization.add_safe_globals`. We recommend you start setting `weights_only=True` for any use case where you don't have full control of the loaded file. Please open an issue on GitHub for any issues related to this experimental feature.
  return torch.load(f, map_location=map_location)
/vol/bitbucket/mz325/individual_project/como/como/geometry/lie_algebra.py:168: UserWarning: Using torch.cross without specifying the dim arg is deprecated.
Please either pass the dim explicitly or simply use torch.linalg.cross.
The default value of dim will change to agree with that of linalg.cross in a future release. (Triggered internally at /opt/conda/conda-bld/pytorch_1729647382455/work/aten/src/ATen/native/Cross.cpp:62.)
  wnorm_x_t = torch.cross(w_norm, t)
libEGL warning: failed to open /dev/dri/card3: Permission denied

libEGL warning: failed to open /dev/dri/card2: Permission denied

libEGL warning: failed to open /dev/dri/card1: Permission denied

libEGL warning: failed to open /dev/dri/card3: Permission denied

libEGL warning: failed to open /dev/dri/card2: Permission denied

libEGL warning: failed to open /dev/dri/card1: Permission denied

libEGL warning: failed to open /dev/dri/card3: Permission denied

libEGL warning: failed to open /dev/dri/card2: Permission denied

libEGL warning: failed to open /dev/dri/card1: Permission denied

The XKEYBOARD keymap compiler (xkbcomp) reports:
> Warning:          Could not resolve keysym XF86CameraAccessEnable
> Warning:          Could not resolve keysym XF86CameraAccessDisable
> Warning:          Could not resolve keysym XF86CameraAccessToggle
> Warning:          Could not resolve keysym XF86NextElement
> Warning:          Could not resolve keysym XF86PreviousElement
> Warning:          Could not resolve keysym XF86AutopilotEngageToggle
> Warning:          Could not resolve keysym XF86MarkWaypoint
> Warning:          Could not resolve keysym XF86Sos
> Warning:          Could not resolve keysym XF86NavChart
> Warning:          Could not resolve keysym XF86FishingChart
> Warning:          Could not resolve keysym XF86SingleRangeRadar
> Warning:          Could not resolve keysym XF86DualRangeRadar
> Warning:          Could not resolve keysym XF86RadarOverlay
> Warning:          Could not resolve keysym XF86TraditionalSonar
> Warning:          Could not resolve keysym XF86ClearvuSonar
> Warning:          Could not resolve keysym XF86SidevuSonar
> Warning:          Could not resolve keysym XF86NavInfo
Errors from xkbcomp are not fatal to the X server
libEGL warning: failed to open /dev/dri/card3: Permission denied

libEGL warning: failed to open /dev/dri/card2: Permission denied

libEGL warning: failed to open /dev/dri/card1: Permission denied

libEGL warning: failed to open /dev/dri/card3: Permission denied

libEGL warning: failed to open /dev/dri/card2: Permission denied

libEGL warning: failed to open /dev/dri/card1: Permission denied

libEGL warning: failed to open /dev/dri/card3: Permission denied

libEGL warning: failed to open /dev/dri/card2: Permission denied

libEGL warning: failed to open /dev/dri/card1: Permission denied

The XKEYBOARD keymap compiler (xkbcomp) reports:
> Warning:          Could not resolve keysym XF86CameraAccessEnable
> Warning:          Could not resolve keysym XF86CameraAccessDisable
> Warning:          Could not resolve keysym XF86CameraAccessToggle
> Warning:          Could not resolve keysym XF86NextElement
> Warning:          Could not resolve keysym XF86PreviousElement
> Warning:          Could not resolve keysym XF86AutopilotEngageToggle
> Warning:          Could not resolve keysym XF86MarkWaypoint
> Warning:          Could not resolve keysym XF86Sos
> Warning:          Could not resolve keysym XF86NavChart
> Warning:          Could not resolve keysym XF86FishingChart
> Warning:          Could not resolve keysym XF86SingleRangeRadar
> Warning:          Could not resolve keysym XF86DualRangeRadar
> Warning:          Could not resolve keysym XF86RadarOverlay
> Warning:          Could not resolve keysym XF86TraditionalSonar
> Warning:          Could not resolve keysym XF86ClearvuSonar
> Warning:          Could not resolve keysym XF86SidevuSonar
> Warning:          Could not resolve keysym XF86NavInfo
Errors from xkbcomp are not fatal to the X server
/vol/bitbucket/mz325/envs/como/lib/python3.10/site-packages/lightning_lite/utilities/cloud_io.py:48: FutureWarning: You are using `torch.load` with `weights_only=False` (the current default value), which uses the default pickle module implicitly. It is possible to construct malicious pickle data which will execute arbitrary code during unpickling (See https://github.com/pytorch/pytorch/blob/main/SECURITY.md#untrusted-models for more details). In a future release, the default value for `weights_only` will be flipped to `True`. This limits the functions that could be executed during unpickling. Arbitrary objects will no longer be allowed to be loaded via this mode unless they are explicitly allowlisted by the user via `torch.serialization.add_safe_globals`. We recommend you start setting `weights_only=True` for any use case where you don't have full control of the loaded file. Please open an issue on GitHub for any issues related to this experimental feature.
  return torch.load(f, map_location=map_location)
/vol/bitbucket/mz325/individual_project/como/como/geometry/lie_algebra.py:168: UserWarning: Using torch.cross without specifying the dim arg is deprecated.
Please either pass the dim explicitly or simply use torch.linalg.cross.
The default value of dim will change to agree with that of linalg.cross in a future release. (Triggered internally at /opt/conda/conda-bld/pytorch_1729647382455/work/aten/src/ATen/native/Cross.cpp:62.)
  wnorm_x_t = torch.cross(w_norm, t)
libEGL warning: failed to open /dev/dri/card3: Permission denied

libEGL warning: failed to open /dev/dri/card2: Permission denied

libEGL warning: failed to open /dev/dri/card1: Permission denied

libEGL warning: failed to open /dev/dri/card3: Permission denied

libEGL warning: failed to open /dev/dri/card2: Permission denied

libEGL warning: failed to open /dev/dri/card1: Permission denied

libEGL warning: failed to open /dev/dri/card3: Permission denied

libEGL warning: failed to open /dev/dri/card2: Permission denied

libEGL warning: failed to open /dev/dri/card1: Permission denied

The XKEYBOARD keymap compiler (xkbcomp) reports:
> Warning:          Could not resolve keysym XF86CameraAccessEnable
> Warning:          Could not resolve keysym XF86CameraAccessDisable
> Warning:          Could not resolve keysym XF86CameraAccessToggle
> Warning:          Could not resolve keysym XF86NextElement
> Warning:          Could not resolve keysym XF86PreviousElement
> Warning:          Could not resolve keysym XF86AutopilotEngageToggle
> Warning:          Could not resolve keysym XF86MarkWaypoint
> Warning:          Could not resolve keysym XF86Sos
> Warning:          Could not resolve keysym XF86NavChart
> Warning:          Could not resolve keysym XF86FishingChart
> Warning:          Could not resolve keysym XF86SingleRangeRadar
> Warning:          Could not resolve keysym XF86DualRangeRadar
> Warning:          Could not resolve keysym XF86RadarOverlay
> Warning:          Could not resolve keysym XF86TraditionalSonar
> Warning:          Could not resolve keysym XF86ClearvuSonar
> Warning:          Could not resolve keysym XF86SidevuSonar
> Warning:          Could not resolve keysym XF86NavInfo
Errors from xkbcomp are not fatal to the X server
libEGL warning: failed to open /dev/dri/card3: Permission denied

libEGL warning: failed to open /dev/dri/card2: Permission denied

libEGL warning: failed to open /dev/dri/card1: Permission denied

libEGL warning: failed to open /dev/dri/card3: Permission denied

libEGL warning: failed to open /dev/dri/card2: Permission denied

libEGL warning: failed to open /dev/dri/card1: Permission denied

libEGL warning: failed to open /dev/dri/card3: Permission denied

libEGL warning: failed to open /dev/dri/card2: Permission denied

libEGL warning: failed to open /dev/dri/card1: Permission denied

The XKEYBOARD keymap compiler (xkbcomp) reports:
> Warning:          Could not resolve keysym XF86CameraAccessEnable
> Warning:          Could not resolve keysym XF86CameraAccessDisable
> Warning:          Could not resolve keysym XF86CameraAccessToggle
> Warning:          Could not resolve keysym XF86NextElement
> Warning:          Could not resolve keysym XF86PreviousElement
> Warning:          Could not resolve keysym XF86AutopilotEngageToggle
> Warning:          Could not resolve keysym XF86MarkWaypoint
> Warning:          Could not resolve keysym XF86Sos
> Warning:          Could not resolve keysym XF86NavChart
> Warning:          Could not resolve keysym XF86FishingChart
> Warning:          Could not resolve keysym XF86SingleRangeRadar
> Warning:          Could not resolve keysym XF86DualRangeRadar
> Warning:          Could not resolve keysym XF86RadarOverlay
> Warning:          Could not resolve keysym XF86TraditionalSonar
> Warning:          Could not resolve keysym XF86ClearvuSonar
> Warning:          Could not resolve keysym XF86SidevuSonar
> Warning:          Could not resolve keysym XF86NavInfo
Errors from xkbcomp are not fatal to the X server
/vol/bitbucket/mz325/envs/como/lib/python3.10/site-packages/lightning_lite/utilities/cloud_io.py:48: FutureWarning: You are using `torch.load` with `weights_only=False` (the current default value), which uses the default pickle module implicitly. It is possible to construct malicious pickle data which will execute arbitrary code during unpickling (See https://github.com/pytorch/pytorch/blob/main/SECURITY.md#untrusted-models for more details). In a future release, the default value for `weights_only` will be flipped to `True`. This limits the functions that could be executed during unpickling. Arbitrary objects will no longer be allowed to be loaded via this mode unless they are explicitly allowlisted by the user via `torch.serialization.add_safe_globals`. We recommend you start setting `weights_only=True` for any use case where you don't have full control of the loaded file. Please open an issue on GitHub for any issues related to this experimental feature.
  return torch.load(f, map_location=map_location)
/vol/bitbucket/mz325/individual_project/como/como/geometry/lie_algebra.py:168: UserWarning: Using torch.cross without specifying the dim arg is deprecated.
Please either pass the dim explicitly or simply use torch.linalg.cross.
The default value of dim will change to agree with that of linalg.cross in a future release. (Triggered internally at /opt/conda/conda-bld/pytorch_1729647382455/work/aten/src/ATen/native/Cross.cpp:62.)
  wnorm_x_t = torch.cross(w_norm, t)
libEGL warning: failed to open /dev/dri/card3: Permission denied

libEGL warning: failed to open /dev/dri/card2: Permission denied

libEGL warning: failed to open /dev/dri/card1: Permission denied

libEGL warning: failed to open /dev/dri/card3: Permission denied

libEGL warning: failed to open /dev/dri/card2: Permission denied

libEGL warning: failed to open /dev/dri/card1: Permission denied

libEGL warning: failed to open /dev/dri/card3: Permission denied

libEGL warning: failed to open /dev/dri/card2: Permission denied

libEGL warning: failed to open /dev/dri/card1: Permission denied

The XKEYBOARD keymap compiler (xkbcomp) reports:
> Warning:          Could not resolve keysym XF86CameraAccessEnable
> Warning:          Could not resolve keysym XF86CameraAccessDisable
> Warning:          Could not resolve keysym XF86CameraAccessToggle
> Warning:          Could not resolve keysym XF86NextElement
> Warning:          Could not resolve keysym XF86PreviousElement
> Warning:          Could not resolve keysym XF86AutopilotEngageToggle
> Warning:          Could not resolve keysym XF86MarkWaypoint
> Warning:          Could not resolve keysym XF86Sos
> Warning:          Could not resolve keysym XF86NavChart
> Warning:          Could not resolve keysym XF86FishingChart
> Warning:          Could not resolve keysym XF86SingleRangeRadar
> Warning:          Could not resolve keysym XF86DualRangeRadar
> Warning:          Could not resolve keysym XF86RadarOverlay
> Warning:          Could not resolve keysym XF86TraditionalSonar
> Warning:          Could not resolve keysym XF86ClearvuSonar
> Warning:          Could not resolve keysym XF86SidevuSonar
> Warning:          Could not resolve keysym XF86NavInfo
Errors from xkbcomp are not fatal to the X server
