libEGL warning: failed to open /dev/dri/card3: Permission denied

libEGL warning: failed to open /dev/dri/card2: Permission denied

libEGL warning: failed to open /dev/dri/card1: Permission denied

libEGL warning: failed to open /dev/dri/card3: Permission denied

libEGL warning: failed to open /dev/dri/card2: Permission denied

libEGL warning: failed to open /dev/dri/card1: Permission denied

libEGL warning: failed to open /dev/dri/card3: Permission denied

libEGL warning: failed to open /dev/dri/card2: Permission denied

libEGL warning: failed to open /dev/dri/card1: Permission denied

The XKEYBOARD keymap compiler (xkbcomp) reports:
> Warning:          Could not resolve keysym XF86CameraAccessEnable
> Warning:          Could not resolve keysym XF86CameraAccessDisable
> Warning:          Could not resolve keysym XF86CameraAccessToggle
> Warning:          Could not resolve keysym XF86NextElement
> Warning:          Could not resolve keysym XF86PreviousElement
> Warning:          Could not resolve keysym XF86AutopilotEngageToggle
> Warning:          Could not resolve keysym XF86MarkWaypoint
> Warning:          Could not resolve keysym XF86Sos
> Warning:          Could not resolve keysym XF86NavChart
> Warning:          Could not resolve keysym XF86FishingChart
> Warning:          Could not resolve keysym XF86SingleRangeRadar
> Warning:          Could not resolve keysym XF86DualRangeRadar
> Warning:          Could not resolve keysym XF86RadarOverlay
> Warning:          Could not resolve keysym XF86TraditionalSonar
> Warning:          Could not resolve keysym XF86ClearvuSonar
> Warning:          Could not resolve keysym XF86SidevuSonar
> Warning:          Could not resolve keysym XF86NavInfo
Errors from xkbcomp are not fatal to the X server
/vol/bitbucket/mz325/envs/como/lib/python3.10/site-packages/lightning_lite/utilities/cloud_io.py:48: FutureWarning: You are using `torch.load` with `weights_only=False` (the current default value), which uses the default pickle module implicitly. It is possible to construct malicious pickle data which will execute arbitrary code during unpickling (See https://github.com/pytorch/pytorch/blob/main/SECURITY.md#untrusted-models for more details). In a future release, the default value for `weights_only` will be flipped to `True`. This limits the functions that could be executed during unpickling. Arbitrary objects will no longer be allowed to be loaded via this mode unless they are explicitly allowlisted by the user via `torch.serialization.add_safe_globals`. We recommend you start setting `weights_only=True` for any use case where you don't have full control of the loaded file. Please open an issue on GitHub for any issues related to this experimental feature.
  return torch.load(f, map_location=map_location)
/vol/bitbucket/mz325/individual_project/como/como/geometry/lie_algebra.py:168: UserWarning: Using torch.cross without specifying the dim arg is deprecated.
Please either pass the dim explicitly or simply use torch.linalg.cross.
The default value of dim will change to agree with that of linalg.cross in a future release. (Triggered internally at /opt/conda/conda-bld/pytorch_1729647382455/work/aten/src/ATen/native/Cross.cpp:62.)
  wnorm_x_t = torch.cross(w_norm, t)
libEGL warning: failed to open /dev/dri/card3: Permission denied

libEGL warning: failed to open /dev/dri/card2: Permission denied

libEGL warning: failed to open /dev/dri/card1: Permission denied

libEGL warning: failed to open /dev/dri/card3: Permission denied

libEGL warning: failed to open /dev/dri/card2: Permission denied

libEGL warning: failed to open /dev/dri/card1: Permission denied

libEGL warning: failed to open /dev/dri/card3: Permission denied

libEGL warning: failed to open /dev/dri/card2: Permission denied

libEGL warning: failed to open /dev/dri/card1: Permission denied

The XKEYBOARD keymap compiler (xkbcomp) reports:
> Warning:          Could not resolve keysym XF86CameraAccessEnable
> Warning:          Could not resolve keysym XF86CameraAccessDisable
> Warning:          Could not resolve keysym XF86CameraAccessToggle
> Warning:          Could not resolve keysym XF86NextElement
> Warning:          Could not resolve keysym XF86PreviousElement
> Warning:          Could not resolve keysym XF86AutopilotEngageToggle
> Warning:          Could not resolve keysym XF86MarkWaypoint
> Warning:          Could not resolve keysym XF86Sos
> Warning:          Could not resolve keysym XF86NavChart
> Warning:          Could not resolve keysym XF86FishingChart
> Warning:          Could not resolve keysym XF86SingleRangeRadar
> Warning:          Could not resolve keysym XF86DualRangeRadar
> Warning:          Could not resolve keysym XF86RadarOverlay
> Warning:          Could not resolve keysym XF86TraditionalSonar
> Warning:          Could not resolve keysym XF86ClearvuSonar
> Warning:          Could not resolve keysym XF86SidevuSonar
> Warning:          Could not resolve keysym XF86NavInfo
Errors from xkbcomp are not fatal to the X server
/var/spool/slurm/d/job252207/slurm_script: line 91: 742395 Segmentation fault      timeout 500 python como/como_dataset.py --dataset_type=tum --dataset_dir="${DATASET_DIR}"
/vol/bitbucket/mz325/envs/como/lib/python3.10/site-packages/lightning_lite/utilities/cloud_io.py:48: FutureWarning: You are using `torch.load` with `weights_only=False` (the current default value), which uses the default pickle module implicitly. It is possible to construct malicious pickle data which will execute arbitrary code during unpickling (See https://github.com/pytorch/pytorch/blob/main/SECURITY.md#untrusted-models for more details). In a future release, the default value for `weights_only` will be flipped to `True`. This limits the functions that could be executed during unpickling. Arbitrary objects will no longer be allowed to be loaded via this mode unless they are explicitly allowlisted by the user via `torch.serialization.add_safe_globals`. We recommend you start setting `weights_only=True` for any use case where you don't have full control of the loaded file. Please open an issue on GitHub for any issues related to this experimental feature.
  return torch.load(f, map_location=map_location)
/vol/bitbucket/mz325/individual_project/como/como/geometry/lie_algebra.py:168: UserWarning: Using torch.cross without specifying the dim arg is deprecated.
Please either pass the dim explicitly or simply use torch.linalg.cross.
The default value of dim will change to agree with that of linalg.cross in a future release. (Triggered internally at /opt/conda/conda-bld/pytorch_1729647382455/work/aten/src/ATen/native/Cross.cpp:62.)
  wnorm_x_t = torch.cross(w_norm, t)
libEGL warning: failed to open /dev/dri/card3: Permission denied

libEGL warning: failed to open /dev/dri/card2: Permission denied

libEGL warning: failed to open /dev/dri/card1: Permission denied

libEGL warning: failed to open /dev/dri/card3: Permission denied

libEGL warning: failed to open /dev/dri/card2: Permission denied

libEGL warning: failed to open /dev/dri/card1: Permission denied

libEGL warning: failed to open /dev/dri/card3: Permission denied

libEGL warning: failed to open /dev/dri/card2: Permission denied

libEGL warning: failed to open /dev/dri/card1: Permission denied

The XKEYBOARD keymap compiler (xkbcomp) reports:
> Warning:          Could not resolve keysym XF86CameraAccessEnable
> Warning:          Could not resolve keysym XF86CameraAccessDisable
> Warning:          Could not resolve keysym XF86CameraAccessToggle
> Warning:          Could not resolve keysym XF86NextElement
> Warning:          Could not resolve keysym XF86PreviousElement
> Warning:          Could not resolve keysym XF86AutopilotEngageToggle
> Warning:          Could not resolve keysym XF86MarkWaypoint
> Warning:          Could not resolve keysym XF86Sos
> Warning:          Could not resolve keysym XF86NavChart
> Warning:          Could not resolve keysym XF86FishingChart
> Warning:          Could not resolve keysym XF86SingleRangeRadar
> Warning:          Could not resolve keysym XF86DualRangeRadar
> Warning:          Could not resolve keysym XF86RadarOverlay
> Warning:          Could not resolve keysym XF86TraditionalSonar
> Warning:          Could not resolve keysym XF86ClearvuSonar
> Warning:          Could not resolve keysym XF86SidevuSonar
> Warning:          Could not resolve keysym XF86NavInfo
Errors from xkbcomp are not fatal to the X server
/vol/bitbucket/mz325/envs/como/lib/python3.10/site-packages/lightning_lite/utilities/cloud_io.py:48: FutureWarning: You are using `torch.load` with `weights_only=False` (the current default value), which uses the default pickle module implicitly. It is possible to construct malicious pickle data which will execute arbitrary code during unpickling (See https://github.com/pytorch/pytorch/blob/main/SECURITY.md#untrusted-models for more details). In a future release, the default value for `weights_only` will be flipped to `True`. This limits the functions that could be executed during unpickling. Arbitrary objects will no longer be allowed to be loaded via this mode unless they are explicitly allowlisted by the user via `torch.serialization.add_safe_globals`. We recommend you start setting `weights_only=True` for any use case where you don't have full control of the loaded file. Please open an issue on GitHub for any issues related to this experimental feature.
  return torch.load(f, map_location=map_location)
/vol/bitbucket/mz325/individual_project/como/como/geometry/lie_algebra.py:168: UserWarning: Using torch.cross without specifying the dim arg is deprecated.
Please either pass the dim explicitly or simply use torch.linalg.cross.
The default value of dim will change to agree with that of linalg.cross in a future release. (Triggered internally at /opt/conda/conda-bld/pytorch_1729647382455/work/aten/src/ATen/native/Cross.cpp:62.)
  wnorm_x_t = torch.cross(w_norm, t)
libEGL warning: failed to open /dev/dri/card3: Permission denied

libEGL warning: failed to open /dev/dri/card2: Permission denied

libEGL warning: failed to open /dev/dri/card1: Permission denied

libEGL warning: failed to open /dev/dri/card3: Permission denied

libEGL warning: failed to open /dev/dri/card2: Permission denied

libEGL warning: failed to open /dev/dri/card1: Permission denied

libEGL warning: failed to open /dev/dri/card3: Permission denied

libEGL warning: failed to open /dev/dri/card2: Permission denied

libEGL warning: failed to open /dev/dri/card1: Permission denied

The XKEYBOARD keymap compiler (xkbcomp) reports:
> Warning:          Could not resolve keysym XF86CameraAccessEnable
> Warning:          Could not resolve keysym XF86CameraAccessDisable
> Warning:          Could not resolve keysym XF86CameraAccessToggle
> Warning:          Could not resolve keysym XF86NextElement
> Warning:          Could not resolve keysym XF86PreviousElement
> Warning:          Could not resolve keysym XF86AutopilotEngageToggle
> Warning:          Could not resolve keysym XF86MarkWaypoint
> Warning:          Could not resolve keysym XF86Sos
> Warning:          Could not resolve keysym XF86NavChart
> Warning:          Could not resolve keysym XF86FishingChart
> Warning:          Could not resolve keysym XF86SingleRangeRadar
> Warning:          Could not resolve keysym XF86DualRangeRadar
> Warning:          Could not resolve keysym XF86RadarOverlay
> Warning:          Could not resolve keysym XF86TraditionalSonar
> Warning:          Could not resolve keysym XF86ClearvuSonar
> Warning:          Could not resolve keysym XF86SidevuSonar
> Warning:          Could not resolve keysym XF86NavInfo
Errors from xkbcomp are not fatal to the X server
/vol/bitbucket/mz325/envs/como/lib/python3.10/site-packages/lightning_lite/utilities/cloud_io.py:48: FutureWarning: You are using `torch.load` with `weights_only=False` (the current default value), which uses the default pickle module implicitly. It is possible to construct malicious pickle data which will execute arbitrary code during unpickling (See https://github.com/pytorch/pytorch/blob/main/SECURITY.md#untrusted-models for more details). In a future release, the default value for `weights_only` will be flipped to `True`. This limits the functions that could be executed during unpickling. Arbitrary objects will no longer be allowed to be loaded via this mode unless they are explicitly allowlisted by the user via `torch.serialization.add_safe_globals`. We recommend you start setting `weights_only=True` for any use case where you don't have full control of the loaded file. Please open an issue on GitHub for any issues related to this experimental feature.
  return torch.load(f, map_location=map_location)
/vol/bitbucket/mz325/individual_project/como/como/geometry/lie_algebra.py:168: UserWarning: Using torch.cross without specifying the dim arg is deprecated.
Please either pass the dim explicitly or simply use torch.linalg.cross.
The default value of dim will change to agree with that of linalg.cross in a future release. (Triggered internally at /opt/conda/conda-bld/pytorch_1729647382455/work/aten/src/ATen/native/Cross.cpp:62.)
  wnorm_x_t = torch.cross(w_norm, t)
libEGL warning: failed to open /dev/dri/card3: Permission denied

libEGL warning: failed to open /dev/dri/card2: Permission denied

libEGL warning: failed to open /dev/dri/card1: Permission denied

libEGL warning: failed to open /dev/dri/card3: Permission denied

libEGL warning: failed to open /dev/dri/card2: Permission denied

libEGL warning: failed to open /dev/dri/card1: Permission denied

libEGL warning: failed to open /dev/dri/card3: Permission denied

libEGL warning: failed to open /dev/dri/card2: Permission denied

libEGL warning: failed to open /dev/dri/card1: Permission denied

The XKEYBOARD keymap compiler (xkbcomp) reports:
> Warning:          Could not resolve keysym XF86CameraAccessEnable
> Warning:          Could not resolve keysym XF86CameraAccessDisable
> Warning:          Could not resolve keysym XF86CameraAccessToggle
> Warning:          Could not resolve keysym XF86NextElement
> Warning:          Could not resolve keysym XF86PreviousElement
> Warning:          Could not resolve keysym XF86AutopilotEngageToggle
> Warning:          Could not resolve keysym XF86MarkWaypoint
> Warning:          Could not resolve keysym XF86Sos
> Warning:          Could not resolve keysym XF86NavChart
> Warning:          Could not resolve keysym XF86FishingChart
> Warning:          Could not resolve keysym XF86SingleRangeRadar
> Warning:          Could not resolve keysym XF86DualRangeRadar
> Warning:          Could not resolve keysym XF86RadarOverlay
> Warning:          Could not resolve keysym XF86TraditionalSonar
> Warning:          Could not resolve keysym XF86ClearvuSonar
> Warning:          Could not resolve keysym XF86SidevuSonar
> Warning:          Could not resolve keysym XF86NavInfo
Errors from xkbcomp are not fatal to the X server
/vol/bitbucket/mz325/envs/como/lib/python3.10/site-packages/lightning_lite/utilities/cloud_io.py:48: FutureWarning: You are using `torch.load` with `weights_only=False` (the current default value), which uses the default pickle module implicitly. It is possible to construct malicious pickle data which will execute arbitrary code during unpickling (See https://github.com/pytorch/pytorch/blob/main/SECURITY.md#untrusted-models for more details). In a future release, the default value for `weights_only` will be flipped to `True`. This limits the functions that could be executed during unpickling. Arbitrary objects will no longer be allowed to be loaded via this mode unless they are explicitly allowlisted by the user via `torch.serialization.add_safe_globals`. We recommend you start setting `weights_only=True` for any use case where you don't have full control of the loaded file. Please open an issue on GitHub for any issues related to this experimental feature.
  return torch.load(f, map_location=map_location)
/vol/bitbucket/mz325/individual_project/como/como/geometry/lie_algebra.py:168: UserWarning: Using torch.cross without specifying the dim arg is deprecated.
Please either pass the dim explicitly or simply use torch.linalg.cross.
The default value of dim will change to agree with that of linalg.cross in a future release. (Triggered internally at /opt/conda/conda-bld/pytorch_1729647382455/work/aten/src/ATen/native/Cross.cpp:62.)
  wnorm_x_t = torch.cross(w_norm, t)
libEGL warning: failed to open /dev/dri/card3: Permission denied

libEGL warning: failed to open /dev/dri/card2: Permission denied

libEGL warning: failed to open /dev/dri/card1: Permission denied

libEGL warning: failed to open /dev/dri/card3: Permission denied

libEGL warning: failed to open /dev/dri/card2: Permission denied

libEGL warning: failed to open /dev/dri/card1: Permission denied

libEGL warning: failed to open /dev/dri/card3: Permission denied

libEGL warning: failed to open /dev/dri/card2: Permission denied

libEGL warning: failed to open /dev/dri/card1: Permission denied

The XKEYBOARD keymap compiler (xkbcomp) reports:
> Warning:          Could not resolve keysym XF86CameraAccessEnable
> Warning:          Could not resolve keysym XF86CameraAccessDisable
> Warning:          Could not resolve keysym XF86CameraAccessToggle
> Warning:          Could not resolve keysym XF86NextElement
> Warning:          Could not resolve keysym XF86PreviousElement
> Warning:          Could not resolve keysym XF86AutopilotEngageToggle
> Warning:          Could not resolve keysym XF86MarkWaypoint
> Warning:          Could not resolve keysym XF86Sos
> Warning:          Could not resolve keysym XF86NavChart
> Warning:          Could not resolve keysym XF86FishingChart
> Warning:          Could not resolve keysym XF86SingleRangeRadar
> Warning:          Could not resolve keysym XF86DualRangeRadar
> Warning:          Could not resolve keysym XF86RadarOverlay
> Warning:          Could not resolve keysym XF86TraditionalSonar
> Warning:          Could not resolve keysym XF86ClearvuSonar
> Warning:          Could not resolve keysym XF86SidevuSonar
> Warning:          Could not resolve keysym XF86NavInfo
Errors from xkbcomp are not fatal to the X server
/vol/bitbucket/mz325/envs/como/lib/python3.10/site-packages/lightning_lite/utilities/cloud_io.py:48: FutureWarning: You are using `torch.load` with `weights_only=False` (the current default value), which uses the default pickle module implicitly. It is possible to construct malicious pickle data which will execute arbitrary code during unpickling (See https://github.com/pytorch/pytorch/blob/main/SECURITY.md#untrusted-models for more details). In a future release, the default value for `weights_only` will be flipped to `True`. This limits the functions that could be executed during unpickling. Arbitrary objects will no longer be allowed to be loaded via this mode unless they are explicitly allowlisted by the user via `torch.serialization.add_safe_globals`. We recommend you start setting `weights_only=True` for any use case where you don't have full control of the loaded file. Please open an issue on GitHub for any issues related to this experimental feature.
  return torch.load(f, map_location=map_location)
/vol/bitbucket/mz325/individual_project/como/como/geometry/lie_algebra.py:168: UserWarning: Using torch.cross without specifying the dim arg is deprecated.
Please either pass the dim explicitly or simply use torch.linalg.cross.
The default value of dim will change to agree with that of linalg.cross in a future release. (Triggered internally at /opt/conda/conda-bld/pytorch_1729647382455/work/aten/src/ATen/native/Cross.cpp:62.)
  wnorm_x_t = torch.cross(w_norm, t)
N5utils18PostconditionPanicE
in RenderableManager::Builder::Result filament::RenderableManager::Builder::build(filament::Engine &, utils::Entity):236
reason: [entity=52] AABB can't be empty, unless culling is disabled and the object is not a shadow caster/receiver
#0	pybind.cpython-310-x86_64-linux-gnu.so     0x70f587892cd0 (null) + 124199843212496
#1	pybind.cpython-310-x86_64-linux-gnu.so     0x70f5877e9c3a (null) + 124199842520122
#2	pybind.cpython-310-x86_64-linux-gnu.so     0x70f57d610647 (null) + 124199672809031
#3	pybind.cpython-310-x86_64-linux-gnu.so     0x70f57d613517 (null) + 124199672821015
#4	pybind.cpython-310-x86_64-linux-gnu.so     0x70f57d5b122a (null) + 124199672418858
#5	pybind.cpython-310-x86_64-linux-gnu.so     0x70f57a6a717c (null) + 124199623094652
#6	pybind.cpython-310-x86_64-linux-gnu.so     0x70f57aa74cda (null) + 124199627082970
#7	python                              0x61a95c2f5446 (null) + 107380023972934
#8	python                              0x61a95c2ee97b _PyObject_MakeTpCall + 619
#9	python                              0x61a95c3016e6 (null) + 107380024022758
#10	python                              0x61a95c2ea022 _PyEval_EvalFrameDefault + 19474
#11	python                              0x61a95c2f58cc _PyFunction_Vectorcall + 108
#12	python                              0x61a95c2e5b3c _PyEval_EvalFrameDefault + 1836
#13	python                              0x61a95c2f58cc _PyFunction_Vectorcall + 108
#14	pybind.cpython-310-x86_64-linux-gnu.so     0x70f57a949b81 (null) + 124199625857921
#15	pybind.cpython-310-x86_64-linux-gnu.so     0x70f57a731178 (null) + 124199623659896
#16	pybind.cpython-310-x86_64-linux-gnu.so     0x70f57d61e405 (null) + 124199672865797
#17	pybind.cpython-310-x86_64-linux-gnu.so     0x70f57d61e82d (null) + 124199672866861


Traceback (most recent call last):
  File "/vol/bitbucket/mz325/individual_project/como/como/como_dataset.py", line 37, in <module>
    main(dataset)
  File "/vol/bitbucket/mz325/individual_project/como/como/como_dataset.py", line 25, in main
    app.run()
  File "/vol/bitbucket/mz325/individual_project/como/como/odom/sequential/ComoSeq.py", line 67, in <lambda>
    self.window, lambda: self.update_pose_render(tracked_pose)
  File "/vol/bitbucket/mz325/individual_project/como/como/gui/GuiWindow.py", line 521, in update_pose_render
    self.widget3d.scene.add_geometry("est_traj", est_traj_geo, self.line_mat)
RuntimeError: Caught an unknown exception!
/vol/bitbucket/mz325/envs/como/lib/python3.10/site-packages/numpy/linalg/linalg.py:2180: RuntimeWarning: invalid value encountered in det
  r = _umath_linalg.det(a, signature=signature)
Exception in thread UpdateMain:
Traceback (most recent call last):
  File "/vol/bitbucket/mz325/envs/como/lib/python3.10/threading.py", line 1016, in _bootstrap_inner
    self.run()
  File "/vol/bitbucket/mz325/envs/como/lib/python3.10/threading.py", line 953, in run
    self._target(*self._args, **self._kwargs)
  File "/vol/bitbucket/mz325/individual_project/como/como/gui/GuiWindow.py", line 598, in update_main
    self._on_close()
  File "/vol/bitbucket/mz325/individual_project/como/como/gui/GuiWindow.py", line 375, in _on_close
    self.save_traj()
  File "/vol/bitbucket/mz325/individual_project/como/como/gui/GuiWindow.py", line 365, in save_traj
    save_traj(filename, kf_timestamps, kf_poses)
  File "/vol/bitbucket/mz325/individual_project/como/como/utils/io.py", line 8, in save_traj
    tq = pose_to_tq(poses[i, :, :])
  File "/vol/bitbucket/mz325/individual_project/como/como/geometry/lie_algebra.py", line 13, in pose_to_tq
    q = Rotation.from_matrix(pose[:3, :3]).as_quat()
  File "_rotation.pyx", line 1152, in scipy.spatial.transform._rotation.Rotation.from_matrix
  File "/vol/bitbucket/mz325/envs/como/lib/python3.10/site-packages/numpy/linalg/linalg.py", line 1681, in svd
    u, s, vh = gufunc(a, signature=signature, extobj=extobj)
  File "/vol/bitbucket/mz325/envs/como/lib/python3.10/site-packages/numpy/linalg/linalg.py", line 121, in _raise_linalgerror_svd_nonconvergence
    raise LinAlgError("SVD did not converge")
numpy.linalg.LinAlgError: SVD did not converge
libEGL warning: failed to open /dev/dri/card3: Permission denied

libEGL warning: failed to open /dev/dri/card2: Permission denied

libEGL warning: failed to open /dev/dri/card1: Permission denied

libEGL warning: failed to open /dev/dri/card3: Permission denied

libEGL warning: failed to open /dev/dri/card2: Permission denied

libEGL warning: failed to open /dev/dri/card1: Permission denied

libEGL warning: failed to open /dev/dri/card3: Permission denied

libEGL warning: failed to open /dev/dri/card2: Permission denied

libEGL warning: failed to open /dev/dri/card1: Permission denied

The XKEYBOARD keymap compiler (xkbcomp) reports:
> Warning:          Could not resolve keysym XF86CameraAccessEnable
> Warning:          Could not resolve keysym XF86CameraAccessDisable
> Warning:          Could not resolve keysym XF86CameraAccessToggle
> Warning:          Could not resolve keysym XF86NextElement
> Warning:          Could not resolve keysym XF86PreviousElement
> Warning:          Could not resolve keysym XF86AutopilotEngageToggle
> Warning:          Could not resolve keysym XF86MarkWaypoint
> Warning:          Could not resolve keysym XF86Sos
> Warning:          Could not resolve keysym XF86NavChart
> Warning:          Could not resolve keysym XF86FishingChart
> Warning:          Could not resolve keysym XF86SingleRangeRadar
> Warning:          Could not resolve keysym XF86DualRangeRadar
> Warning:          Could not resolve keysym XF86RadarOverlay
> Warning:          Could not resolve keysym XF86TraditionalSonar
> Warning:          Could not resolve keysym XF86ClearvuSonar
> Warning:          Could not resolve keysym XF86SidevuSonar
> Warning:          Could not resolve keysym XF86NavInfo
Errors from xkbcomp are not fatal to the X server
/vol/bitbucket/mz325/envs/como/lib/python3.10/site-packages/lightning_lite/utilities/cloud_io.py:48: FutureWarning: You are using `torch.load` with `weights_only=False` (the current default value), which uses the default pickle module implicitly. It is possible to construct malicious pickle data which will execute arbitrary code during unpickling (See https://github.com/pytorch/pytorch/blob/main/SECURITY.md#untrusted-models for more details). In a future release, the default value for `weights_only` will be flipped to `True`. This limits the functions that could be executed during unpickling. Arbitrary objects will no longer be allowed to be loaded via this mode unless they are explicitly allowlisted by the user via `torch.serialization.add_safe_globals`. We recommend you start setting `weights_only=True` for any use case where you don't have full control of the loaded file. Please open an issue on GitHub for any issues related to this experimental feature.
  return torch.load(f, map_location=map_location)
/vol/bitbucket/mz325/individual_project/como/como/geometry/lie_algebra.py:168: UserWarning: Using torch.cross without specifying the dim arg is deprecated.
Please either pass the dim explicitly or simply use torch.linalg.cross.
The default value of dim will change to agree with that of linalg.cross in a future release. (Triggered internally at /opt/conda/conda-bld/pytorch_1729647382455/work/aten/src/ATen/native/Cross.cpp:62.)
  wnorm_x_t = torch.cross(w_norm, t)
N5utils18PostconditionPanicE
in RenderableManager::Builder::Result filament::RenderableManager::Builder::build(filament::Engine &, utils::Entity):236
reason: [entity=52] AABB can't be empty, unless culling is disabled and the object is not a shadow caster/receiver
#0	pybind.cpython-310-x86_64-linux-gnu.so     0x7e6ae8e4acd0 (null) + 138997638933712
#1	pybind.cpython-310-x86_64-linux-gnu.so     0x7e6ae8da1c3a (null) + 138997638241338
#2	pybind.cpython-310-x86_64-linux-gnu.so     0x7e6adebc8647 (null) + 138997468530247
#3	pybind.cpython-310-x86_64-linux-gnu.so     0x7e6adebcb517 (null) + 138997468542231
#4	pybind.cpython-310-x86_64-linux-gnu.so     0x7e6adeb6922a (null) + 138997468140074
#5	pybind.cpython-310-x86_64-linux-gnu.so     0x7e6adbc5f17c (null) + 138997418815868
#6	pybind.cpython-310-x86_64-linux-gnu.so     0x7e6adc02ccda (null) + 138997422804186
#7	python                              0x6419d1fff446 (null) + 110062060172358
#8	python                              0x6419d1ff897b _PyObject_MakeTpCall + 619
#9	python                              0x6419d200b6e6 (null) + 110062060222182
#10	python                              0x6419d1ff4022 _PyEval_EvalFrameDefault + 19474
#11	python                              0x6419d1fff8cc _PyFunction_Vectorcall + 108
#12	python                              0x6419d1fefb3c _PyEval_EvalFrameDefault + 1836
#13	python                              0x6419d1fff8cc _PyFunction_Vectorcall + 108
#14	pybind.cpython-310-x86_64-linux-gnu.so     0x7e6adbf01b81 (null) + 138997421579137
#15	pybind.cpython-310-x86_64-linux-gnu.so     0x7e6adbce9178 (null) + 138997419381112
#16	pybind.cpython-310-x86_64-linux-gnu.so     0x7e6adebd6405 (null) + 138997468587013
#17	pybind.cpython-310-x86_64-linux-gnu.so     0x7e6adebd682d (null) + 138997468588077


Traceback (most recent call last):
  File "/vol/bitbucket/mz325/individual_project/como/como/como_dataset.py", line 37, in <module>
    main(dataset)
  File "/vol/bitbucket/mz325/individual_project/como/como/como_dataset.py", line 25, in main
    app.run()
  File "/vol/bitbucket/mz325/individual_project/como/como/odom/sequential/ComoSeq.py", line 67, in <lambda>
    self.window, lambda: self.update_pose_render(tracked_pose)
  File "/vol/bitbucket/mz325/individual_project/como/como/gui/GuiWindow.py", line 521, in update_pose_render
    self.widget3d.scene.add_geometry("est_traj", est_traj_geo, self.line_mat)
RuntimeError: Caught an unknown exception!
/vol/bitbucket/mz325/envs/como/lib/python3.10/site-packages/numpy/linalg/linalg.py:2180: RuntimeWarning: invalid value encountered in det
  r = _umath_linalg.det(a, signature=signature)
Exception in thread UpdateMain:
Traceback (most recent call last):
  File "/vol/bitbucket/mz325/envs/como/lib/python3.10/threading.py", line 1016, in _bootstrap_inner
    self.run()
  File "/vol/bitbucket/mz325/envs/como/lib/python3.10/threading.py", line 953, in run
    self._target(*self._args, **self._kwargs)
  File "/vol/bitbucket/mz325/individual_project/como/como/gui/GuiWindow.py", line 598, in update_main
    self._on_close()
  File "/vol/bitbucket/mz325/individual_project/como/como/gui/GuiWindow.py", line 375, in _on_close
    self.save_traj()
  File "/vol/bitbucket/mz325/individual_project/como/como/gui/GuiWindow.py", line 365, in save_traj
    save_traj(filename, kf_timestamps, kf_poses)
  File "/vol/bitbucket/mz325/individual_project/como/como/utils/io.py", line 8, in save_traj
    tq = pose_to_tq(poses[i, :, :])
  File "/vol/bitbucket/mz325/individual_project/como/como/geometry/lie_algebra.py", line 13, in pose_to_tq
    q = Rotation.from_matrix(pose[:3, :3]).as_quat()
  File "_rotation.pyx", line 1152, in scipy.spatial.transform._rotation.Rotation.from_matrix
  File "/vol/bitbucket/mz325/envs/como/lib/python3.10/site-packages/numpy/linalg/linalg.py", line 1681, in svd
    u, s, vh = gufunc(a, signature=signature, extobj=extobj)
  File "/vol/bitbucket/mz325/envs/como/lib/python3.10/site-packages/numpy/linalg/linalg.py", line 121, in _raise_linalgerror_svd_nonconvergence
    raise LinAlgError("SVD did not converge")
numpy.linalg.LinAlgError: SVD did not converge
libEGL warning: failed to open /dev/dri/card3: Permission denied

libEGL warning: failed to open /dev/dri/card2: Permission denied

libEGL warning: failed to open /dev/dri/card1: Permission denied

libEGL warning: failed to open /dev/dri/card3: Permission denied

libEGL warning: failed to open /dev/dri/card2: Permission denied

libEGL warning: failed to open /dev/dri/card1: Permission denied

libEGL warning: failed to open /dev/dri/card3: Permission denied

libEGL warning: failed to open /dev/dri/card2: Permission denied

libEGL warning: failed to open /dev/dri/card1: Permission denied

The XKEYBOARD keymap compiler (xkbcomp) reports:
> Warning:          Could not resolve keysym XF86CameraAccessEnable
> Warning:          Could not resolve keysym XF86CameraAccessDisable
> Warning:          Could not resolve keysym XF86CameraAccessToggle
> Warning:          Could not resolve keysym XF86NextElement
> Warning:          Could not resolve keysym XF86PreviousElement
> Warning:          Could not resolve keysym XF86AutopilotEngageToggle
> Warning:          Could not resolve keysym XF86MarkWaypoint
> Warning:          Could not resolve keysym XF86Sos
> Warning:          Could not resolve keysym XF86NavChart
> Warning:          Could not resolve keysym XF86FishingChart
> Warning:          Could not resolve keysym XF86SingleRangeRadar
> Warning:          Could not resolve keysym XF86DualRangeRadar
> Warning:          Could not resolve keysym XF86RadarOverlay
> Warning:          Could not resolve keysym XF86TraditionalSonar
> Warning:          Could not resolve keysym XF86ClearvuSonar
> Warning:          Could not resolve keysym XF86SidevuSonar
> Warning:          Could not resolve keysym XF86NavInfo
Errors from xkbcomp are not fatal to the X server
/vol/bitbucket/mz325/envs/como/lib/python3.10/site-packages/lightning_lite/utilities/cloud_io.py:48: FutureWarning: You are using `torch.load` with `weights_only=False` (the current default value), which uses the default pickle module implicitly. It is possible to construct malicious pickle data which will execute arbitrary code during unpickling (See https://github.com/pytorch/pytorch/blob/main/SECURITY.md#untrusted-models for more details). In a future release, the default value for `weights_only` will be flipped to `True`. This limits the functions that could be executed during unpickling. Arbitrary objects will no longer be allowed to be loaded via this mode unless they are explicitly allowlisted by the user via `torch.serialization.add_safe_globals`. We recommend you start setting `weights_only=True` for any use case where you don't have full control of the loaded file. Please open an issue on GitHub for any issues related to this experimental feature.
  return torch.load(f, map_location=map_location)
/vol/bitbucket/mz325/individual_project/como/como/geometry/lie_algebra.py:168: UserWarning: Using torch.cross without specifying the dim arg is deprecated.
Please either pass the dim explicitly or simply use torch.linalg.cross.
The default value of dim will change to agree with that of linalg.cross in a future release. (Triggered internally at /opt/conda/conda-bld/pytorch_1729647382455/work/aten/src/ATen/native/Cross.cpp:62.)
  wnorm_x_t = torch.cross(w_norm, t)
N5utils18PostconditionPanicE
in RenderableManager::Builder::Result filament::RenderableManager::Builder::build(filament::Engine &, utils::Entity):236
reason: [entity=52] AABB can't be empty, unless culling is disabled and the object is not a shadow caster/receiver
#0	pybind.cpython-310-x86_64-linux-gnu.so     0x7bcc9f24acd0 (null) + 136118773525712
#1	pybind.cpython-310-x86_64-linux-gnu.so     0x7bcc9f1a1c3a (null) + 136118772833338
#2	pybind.cpython-310-x86_64-linux-gnu.so     0x7bcc94fc8647 (null) + 136118603122247
#3	pybind.cpython-310-x86_64-linux-gnu.so     0x7bcc94fcb517 (null) + 136118603134231
#4	pybind.cpython-310-x86_64-linux-gnu.so     0x7bcc94f6922a (null) + 136118602732074
#5	pybind.cpython-310-x86_64-linux-gnu.so     0x7bcc9205f17c (null) + 136118553407868
#6	pybind.cpython-310-x86_64-linux-gnu.so     0x7bcc9242ccda (null) + 136118557396186
#7	python                              0x588a53d0c446 (null) + 97351134921798
#8	python                              0x588a53d0597b _PyObject_MakeTpCall + 619
#9	python                              0x588a53d186e6 (null) + 97351134971622
#10	python                              0x588a53d01022 _PyEval_EvalFrameDefault + 19474
#11	python                              0x588a53d0c8cc _PyFunction_Vectorcall + 108
#12	python                              0x588a53cfcb3c _PyEval_EvalFrameDefault + 1836
#13	python                              0x588a53d0c8cc _PyFunction_Vectorcall + 108
#14	pybind.cpython-310-x86_64-linux-gnu.so     0x7bcc92301b81 (null) + 136118556171137
#15	pybind.cpython-310-x86_64-linux-gnu.so     0x7bcc920e9178 (null) + 136118553973112
#16	pybind.cpython-310-x86_64-linux-gnu.so     0x7bcc94fd6405 (null) + 136118603179013
#17	pybind.cpython-310-x86_64-linux-gnu.so     0x7bcc94fd682d (null) + 136118603180077


Traceback (most recent call last):
  File "/vol/bitbucket/mz325/individual_project/como/como/como_dataset.py", line 37, in <module>
    main(dataset)
  File "/vol/bitbucket/mz325/individual_project/como/como/como_dataset.py", line 25, in main
    app.run()
  File "/vol/bitbucket/mz325/individual_project/como/como/odom/sequential/ComoSeq.py", line 67, in <lambda>
    self.window, lambda: self.update_pose_render(tracked_pose)
  File "/vol/bitbucket/mz325/individual_project/como/como/gui/GuiWindow.py", line 521, in update_pose_render
    self.widget3d.scene.add_geometry("est_traj", est_traj_geo, self.line_mat)
RuntimeError: Caught an unknown exception!
/vol/bitbucket/mz325/envs/como/lib/python3.10/site-packages/numpy/linalg/linalg.py:2180: RuntimeWarning: invalid value encountered in det
  r = _umath_linalg.det(a, signature=signature)
Exception in thread UpdateMain:
Traceback (most recent call last):
  File "/vol/bitbucket/mz325/envs/como/lib/python3.10/threading.py", line 1016, in _bootstrap_inner
    self.run()
  File "/vol/bitbucket/mz325/envs/como/lib/python3.10/threading.py", line 953, in run
    self._target(*self._args, **self._kwargs)
  File "/vol/bitbucket/mz325/individual_project/como/como/gui/GuiWindow.py", line 598, in update_main
    self._on_close()
  File "/vol/bitbucket/mz325/individual_project/como/como/gui/GuiWindow.py", line 375, in _on_close
    self.save_traj()
  File "/vol/bitbucket/mz325/individual_project/como/como/gui/GuiWindow.py", line 365, in save_traj
    save_traj(filename, kf_timestamps, kf_poses)
  File "/vol/bitbucket/mz325/individual_project/como/como/utils/io.py", line 8, in save_traj
    tq = pose_to_tq(poses[i, :, :])
  File "/vol/bitbucket/mz325/individual_project/como/como/geometry/lie_algebra.py", line 13, in pose_to_tq
    q = Rotation.from_matrix(pose[:3, :3]).as_quat()
  File "_rotation.pyx", line 1152, in scipy.spatial.transform._rotation.Rotation.from_matrix
  File "/vol/bitbucket/mz325/envs/como/lib/python3.10/site-packages/numpy/linalg/linalg.py", line 1681, in svd
    u, s, vh = gufunc(a, signature=signature, extobj=extobj)
  File "/vol/bitbucket/mz325/envs/como/lib/python3.10/site-packages/numpy/linalg/linalg.py", line 121, in _raise_linalgerror_svd_nonconvergence
    raise LinAlgError("SVD did not converge")
numpy.linalg.LinAlgError: SVD did not converge
libEGL warning: failed to open /dev/dri/card3: Permission denied

libEGL warning: failed to open /dev/dri/card2: Permission denied

libEGL warning: failed to open /dev/dri/card1: Permission denied

libEGL warning: failed to open /dev/dri/card3: Permission denied

libEGL warning: failed to open /dev/dri/card2: Permission denied

libEGL warning: failed to open /dev/dri/card1: Permission denied

libEGL warning: failed to open /dev/dri/card3: Permission denied

libEGL warning: failed to open /dev/dri/card2: Permission denied

libEGL warning: failed to open /dev/dri/card1: Permission denied

The XKEYBOARD keymap compiler (xkbcomp) reports:
> Warning:          Could not resolve keysym XF86CameraAccessEnable
> Warning:          Could not resolve keysym XF86CameraAccessDisable
> Warning:          Could not resolve keysym XF86CameraAccessToggle
> Warning:          Could not resolve keysym XF86NextElement
> Warning:          Could not resolve keysym XF86PreviousElement
> Warning:          Could not resolve keysym XF86AutopilotEngageToggle
> Warning:          Could not resolve keysym XF86MarkWaypoint
> Warning:          Could not resolve keysym XF86Sos
> Warning:          Could not resolve keysym XF86NavChart
> Warning:          Could not resolve keysym XF86FishingChart
> Warning:          Could not resolve keysym XF86SingleRangeRadar
> Warning:          Could not resolve keysym XF86DualRangeRadar
> Warning:          Could not resolve keysym XF86RadarOverlay
> Warning:          Could not resolve keysym XF86TraditionalSonar
> Warning:          Could not resolve keysym XF86ClearvuSonar
> Warning:          Could not resolve keysym XF86SidevuSonar
> Warning:          Could not resolve keysym XF86NavInfo
Errors from xkbcomp are not fatal to the X server
/vol/bitbucket/mz325/envs/como/lib/python3.10/site-packages/lightning_lite/utilities/cloud_io.py:48: FutureWarning: You are using `torch.load` with `weights_only=False` (the current default value), which uses the default pickle module implicitly. It is possible to construct malicious pickle data which will execute arbitrary code during unpickling (See https://github.com/pytorch/pytorch/blob/main/SECURITY.md#untrusted-models for more details). In a future release, the default value for `weights_only` will be flipped to `True`. This limits the functions that could be executed during unpickling. Arbitrary objects will no longer be allowed to be loaded via this mode unless they are explicitly allowlisted by the user via `torch.serialization.add_safe_globals`. We recommend you start setting `weights_only=True` for any use case where you don't have full control of the loaded file. Please open an issue on GitHub for any issues related to this experimental feature.
  return torch.load(f, map_location=map_location)
/vol/bitbucket/mz325/individual_project/como/como/geometry/lie_algebra.py:168: UserWarning: Using torch.cross without specifying the dim arg is deprecated.
Please either pass the dim explicitly or simply use torch.linalg.cross.
The default value of dim will change to agree with that of linalg.cross in a future release. (Triggered internally at /opt/conda/conda-bld/pytorch_1729647382455/work/aten/src/ATen/native/Cross.cpp:62.)
  wnorm_x_t = torch.cross(w_norm, t)
N5utils18PostconditionPanicE
in RenderableManager::Builder::Result filament::RenderableManager::Builder::build(filament::Engine &, utils::Entity):236
reason: [entity=52] AABB can't be empty, unless culling is disabled and the object is not a shadow caster/receiver
#0	pybind.cpython-310-x86_64-linux-gnu.so     0x7e76ce292cd0 (null) + 139048730045648
#1	pybind.cpython-310-x86_64-linux-gnu.so     0x7e76ce1e9c3a (null) + 139048729353274
#2	pybind.cpython-310-x86_64-linux-gnu.so     0x7e76c4010647 (null) + 139048559642183
#3	pybind.cpython-310-x86_64-linux-gnu.so     0x7e76c4013517 (null) + 139048559654167
#4	pybind.cpython-310-x86_64-linux-gnu.so     0x7e76c3fb122a (null) + 139048559252010
#5	pybind.cpython-310-x86_64-linux-gnu.so     0x7e76c10a717c (null) + 139048509927804
#6	pybind.cpython-310-x86_64-linux-gnu.so     0x7e76c1474cda (null) + 139048513916122
#7	python                              0x6108fe7f5446 (null) + 106691257390150
#8	python                              0x6108fe7ee97b _PyObject_MakeTpCall + 619
#9	python                              0x6108fe8016e6 (null) + 106691257439974
#10	python                              0x6108fe7ea022 _PyEval_EvalFrameDefault + 19474
#11	python                              0x6108fe7f58cc _PyFunction_Vectorcall + 108
#12	python                              0x6108fe7e5b3c _PyEval_EvalFrameDefault + 1836
#13	python                              0x6108fe7f58cc _PyFunction_Vectorcall + 108
#14	pybind.cpython-310-x86_64-linux-gnu.so     0x7e76c1349b81 (null) + 139048512691073
#15	pybind.cpython-310-x86_64-linux-gnu.so     0x7e76c1131178 (null) + 139048510493048
#16	pybind.cpython-310-x86_64-linux-gnu.so     0x7e76c401e405 (null) + 139048559698949
#17	pybind.cpython-310-x86_64-linux-gnu.so     0x7e76c401e82d (null) + 139048559700013


Traceback (most recent call last):
  File "/vol/bitbucket/mz325/individual_project/como/como/como_dataset.py", line 37, in <module>
    main(dataset)
  File "/vol/bitbucket/mz325/individual_project/como/como/como_dataset.py", line 25, in main
    app.run()
  File "/vol/bitbucket/mz325/individual_project/como/como/odom/sequential/ComoSeq.py", line 67, in <lambda>
    self.window, lambda: self.update_pose_render(tracked_pose)
  File "/vol/bitbucket/mz325/individual_project/como/como/gui/GuiWindow.py", line 521, in update_pose_render
    self.widget3d.scene.add_geometry("est_traj", est_traj_geo, self.line_mat)
RuntimeError: Caught an unknown exception!
/vol/bitbucket/mz325/envs/como/lib/python3.10/site-packages/numpy/linalg/linalg.py:2180: RuntimeWarning: invalid value encountered in det
  r = _umath_linalg.det(a, signature=signature)
Exception in thread UpdateMain:
Traceback (most recent call last):
  File "/vol/bitbucket/mz325/envs/como/lib/python3.10/threading.py", line 1016, in _bootstrap_inner
    self.run()
  File "/vol/bitbucket/mz325/envs/como/lib/python3.10/threading.py", line 953, in run
    self._target(*self._args, **self._kwargs)
  File "/vol/bitbucket/mz325/individual_project/como/como/gui/GuiWindow.py", line 598, in update_main
    self._on_close()
  File "/vol/bitbucket/mz325/individual_project/como/como/gui/GuiWindow.py", line 375, in _on_close
    self.save_traj()
  File "/vol/bitbucket/mz325/individual_project/como/como/gui/GuiWindow.py", line 365, in save_traj
    save_traj(filename, kf_timestamps, kf_poses)
  File "/vol/bitbucket/mz325/individual_project/como/como/utils/io.py", line 8, in save_traj
    tq = pose_to_tq(poses[i, :, :])
  File "/vol/bitbucket/mz325/individual_project/como/como/geometry/lie_algebra.py", line 13, in pose_to_tq
    q = Rotation.from_matrix(pose[:3, :3]).as_quat()
  File "_rotation.pyx", line 1152, in scipy.spatial.transform._rotation.Rotation.from_matrix
  File "/vol/bitbucket/mz325/envs/como/lib/python3.10/site-packages/numpy/linalg/linalg.py", line 1681, in svd
    u, s, vh = gufunc(a, signature=signature, extobj=extobj)
  File "/vol/bitbucket/mz325/envs/como/lib/python3.10/site-packages/numpy/linalg/linalg.py", line 121, in _raise_linalgerror_svd_nonconvergence
    raise LinAlgError("SVD did not converge")
numpy.linalg.LinAlgError: SVD did not converge
libEGL warning: failed to open /dev/dri/card3: Permission denied

libEGL warning: failed to open /dev/dri/card2: Permission denied

libEGL warning: failed to open /dev/dri/card1: Permission denied

libEGL warning: failed to open /dev/dri/card3: Permission denied

libEGL warning: failed to open /dev/dri/card2: Permission denied

libEGL warning: failed to open /dev/dri/card1: Permission denied

libEGL warning: failed to open /dev/dri/card3: Permission denied

libEGL warning: failed to open /dev/dri/card2: Permission denied

libEGL warning: failed to open /dev/dri/card1: Permission denied

The XKEYBOARD keymap compiler (xkbcomp) reports:
> Warning:          Could not resolve keysym XF86CameraAccessEnable
> Warning:          Could not resolve keysym XF86CameraAccessDisable
> Warning:          Could not resolve keysym XF86CameraAccessToggle
> Warning:          Could not resolve keysym XF86NextElement
> Warning:          Could not resolve keysym XF86PreviousElement
> Warning:          Could not resolve keysym XF86AutopilotEngageToggle
> Warning:          Could not resolve keysym XF86MarkWaypoint
> Warning:          Could not resolve keysym XF86Sos
> Warning:          Could not resolve keysym XF86NavChart
> Warning:          Could not resolve keysym XF86FishingChart
> Warning:          Could not resolve keysym XF86SingleRangeRadar
> Warning:          Could not resolve keysym XF86DualRangeRadar
> Warning:          Could not resolve keysym XF86RadarOverlay
> Warning:          Could not resolve keysym XF86TraditionalSonar
> Warning:          Could not resolve keysym XF86ClearvuSonar
> Warning:          Could not resolve keysym XF86SidevuSonar
> Warning:          Could not resolve keysym XF86NavInfo
Errors from xkbcomp are not fatal to the X server
/vol/bitbucket/mz325/envs/como/lib/python3.10/site-packages/lightning_lite/utilities/cloud_io.py:48: FutureWarning: You are using `torch.load` with `weights_only=False` (the current default value), which uses the default pickle module implicitly. It is possible to construct malicious pickle data which will execute arbitrary code during unpickling (See https://github.com/pytorch/pytorch/blob/main/SECURITY.md#untrusted-models for more details). In a future release, the default value for `weights_only` will be flipped to `True`. This limits the functions that could be executed during unpickling. Arbitrary objects will no longer be allowed to be loaded via this mode unless they are explicitly allowlisted by the user via `torch.serialization.add_safe_globals`. We recommend you start setting `weights_only=True` for any use case where you don't have full control of the loaded file. Please open an issue on GitHub for any issues related to this experimental feature.
  return torch.load(f, map_location=map_location)
/vol/bitbucket/mz325/individual_project/como/como/geometry/lie_algebra.py:168: UserWarning: Using torch.cross without specifying the dim arg is deprecated.
Please either pass the dim explicitly or simply use torch.linalg.cross.
The default value of dim will change to agree with that of linalg.cross in a future release. (Triggered internally at /opt/conda/conda-bld/pytorch_1729647382455/work/aten/src/ATen/native/Cross.cpp:62.)
  wnorm_x_t = torch.cross(w_norm, t)
N5utils18PostconditionPanicE
in RenderableManager::Builder::Result filament::RenderableManager::Builder::build(filament::Engine &, utils::Entity):236
reason: [entity=52] AABB can't be empty, unless culling is disabled and the object is not a shadow caster/receiver
#0	pybind.cpython-310-x86_64-linux-gnu.so     0x735250792cd0 (null) + 126797374631120
#1	pybind.cpython-310-x86_64-linux-gnu.so     0x7352506e9c3a (null) + 126797373938746
#2	pybind.cpython-310-x86_64-linux-gnu.so     0x735246510647 (null) + 126797204227655
#3	pybind.cpython-310-x86_64-linux-gnu.so     0x735246513517 (null) + 126797204239639
#4	pybind.cpython-310-x86_64-linux-gnu.so     0x7352464b122a (null) + 126797203837482
#5	pybind.cpython-310-x86_64-linux-gnu.so     0x7352435a717c (null) + 126797154513276
#6	pybind.cpython-310-x86_64-linux-gnu.so     0x735243974cda (null) + 126797158501594
#7	python                              0x60531248c446 (null) + 105909905310790
#8	python                              0x60531248597b _PyObject_MakeTpCall + 619
#9	python                              0x6053124986e6 (null) + 105909905360614
#10	python                              0x605312481022 _PyEval_EvalFrameDefault + 19474
#11	python                              0x60531248c8cc _PyFunction_Vectorcall + 108
#12	python                              0x60531247cb3c _PyEval_EvalFrameDefault + 1836
#13	python                              0x60531248c8cc _PyFunction_Vectorcall + 108
#14	pybind.cpython-310-x86_64-linux-gnu.so     0x735243849b81 (null) + 126797157276545
#15	pybind.cpython-310-x86_64-linux-gnu.so     0x735243631178 (null) + 126797155078520
#16	pybind.cpython-310-x86_64-linux-gnu.so     0x73524651e405 (null) + 126797204284421
#17	pybind.cpython-310-x86_64-linux-gnu.so     0x73524651e82d (null) + 126797204285485


Traceback (most recent call last):
  File "/vol/bitbucket/mz325/individual_project/como/como/como_dataset.py", line 37, in <module>
    main(dataset)
  File "/vol/bitbucket/mz325/individual_project/como/como/como_dataset.py", line 25, in main
    app.run()
  File "/vol/bitbucket/mz325/individual_project/como/como/odom/sequential/ComoSeq.py", line 67, in <lambda>
    self.window, lambda: self.update_pose_render(tracked_pose)
  File "/vol/bitbucket/mz325/individual_project/como/como/gui/GuiWindow.py", line 521, in update_pose_render
    self.widget3d.scene.add_geometry("est_traj", est_traj_geo, self.line_mat)
RuntimeError: Caught an unknown exception!
/vol/bitbucket/mz325/envs/como/lib/python3.10/site-packages/numpy/linalg/linalg.py:2180: RuntimeWarning: invalid value encountered in det
  r = _umath_linalg.det(a, signature=signature)
Exception in thread UpdateMain:
Traceback (most recent call last):
  File "/vol/bitbucket/mz325/envs/como/lib/python3.10/threading.py", line 1016, in _bootstrap_inner
    self.run()
  File "/vol/bitbucket/mz325/envs/como/lib/python3.10/threading.py", line 953, in run
    self._target(*self._args, **self._kwargs)
  File "/vol/bitbucket/mz325/individual_project/como/como/gui/GuiWindow.py", line 598, in update_main
    self._on_close()
  File "/vol/bitbucket/mz325/individual_project/como/como/gui/GuiWindow.py", line 375, in _on_close
    self.save_traj()
  File "/vol/bitbucket/mz325/individual_project/como/como/gui/GuiWindow.py", line 365, in save_traj
    save_traj(filename, kf_timestamps, kf_poses)
  File "/vol/bitbucket/mz325/individual_project/como/como/utils/io.py", line 8, in save_traj
    tq = pose_to_tq(poses[i, :, :])
  File "/vol/bitbucket/mz325/individual_project/como/como/geometry/lie_algebra.py", line 13, in pose_to_tq
    q = Rotation.from_matrix(pose[:3, :3]).as_quat()
  File "_rotation.pyx", line 1152, in scipy.spatial.transform._rotation.Rotation.from_matrix
  File "/vol/bitbucket/mz325/envs/como/lib/python3.10/site-packages/numpy/linalg/linalg.py", line 1681, in svd
    u, s, vh = gufunc(a, signature=signature, extobj=extobj)
  File "/vol/bitbucket/mz325/envs/como/lib/python3.10/site-packages/numpy/linalg/linalg.py", line 121, in _raise_linalgerror_svd_nonconvergence
    raise LinAlgError("SVD did not converge")
numpy.linalg.LinAlgError: SVD did not converge
libEGL warning: failed to open /dev/dri/card3: Permission denied

libEGL warning: failed to open /dev/dri/card2: Permission denied

libEGL warning: failed to open /dev/dri/card1: Permission denied

libEGL warning: failed to open /dev/dri/card3: Permission denied

libEGL warning: failed to open /dev/dri/card2: Permission denied

libEGL warning: failed to open /dev/dri/card1: Permission denied

libEGL warning: failed to open /dev/dri/card3: Permission denied

libEGL warning: failed to open /dev/dri/card2: Permission denied

libEGL warning: failed to open /dev/dri/card1: Permission denied

The XKEYBOARD keymap compiler (xkbcomp) reports:
> Warning:          Could not resolve keysym XF86CameraAccessEnable
> Warning:          Could not resolve keysym XF86CameraAccessDisable
> Warning:          Could not resolve keysym XF86CameraAccessToggle
> Warning:          Could not resolve keysym XF86NextElement
> Warning:          Could not resolve keysym XF86PreviousElement
> Warning:          Could not resolve keysym XF86AutopilotEngageToggle
> Warning:          Could not resolve keysym XF86MarkWaypoint
> Warning:          Could not resolve keysym XF86Sos
> Warning:          Could not resolve keysym XF86NavChart
> Warning:          Could not resolve keysym XF86FishingChart
> Warning:          Could not resolve keysym XF86SingleRangeRadar
> Warning:          Could not resolve keysym XF86DualRangeRadar
> Warning:          Could not resolve keysym XF86RadarOverlay
> Warning:          Could not resolve keysym XF86TraditionalSonar
> Warning:          Could not resolve keysym XF86ClearvuSonar
> Warning:          Could not resolve keysym XF86SidevuSonar
> Warning:          Could not resolve keysym XF86NavInfo
Errors from xkbcomp are not fatal to the X server
/var/spool/slurm/d/job252207/slurm_script: line 91: 750328 Segmentation fault      timeout 500 python como/como_dataset.py --dataset_type=tum --dataset_dir="${DATASET_DIR}"
/vol/bitbucket/mz325/envs/como/lib/python3.10/site-packages/lightning_lite/utilities/cloud_io.py:48: FutureWarning: You are using `torch.load` with `weights_only=False` (the current default value), which uses the default pickle module implicitly. It is possible to construct malicious pickle data which will execute arbitrary code during unpickling (See https://github.com/pytorch/pytorch/blob/main/SECURITY.md#untrusted-models for more details). In a future release, the default value for `weights_only` will be flipped to `True`. This limits the functions that could be executed during unpickling. Arbitrary objects will no longer be allowed to be loaded via this mode unless they are explicitly allowlisted by the user via `torch.serialization.add_safe_globals`. We recommend you start setting `weights_only=True` for any use case where you don't have full control of the loaded file. Please open an issue on GitHub for any issues related to this experimental feature.
  return torch.load(f, map_location=map_location)
/vol/bitbucket/mz325/individual_project/como/como/geometry/lie_algebra.py:168: UserWarning: Using torch.cross without specifying the dim arg is deprecated.
Please either pass the dim explicitly or simply use torch.linalg.cross.
The default value of dim will change to agree with that of linalg.cross in a future release. (Triggered internally at /opt/conda/conda-bld/pytorch_1729647382455/work/aten/src/ATen/native/Cross.cpp:62.)
  wnorm_x_t = torch.cross(w_norm, t)
Fatal Python error: take_gil: PyMUTEX_LOCK(gil->mutex) failed
Python runtime state: finalizing (tstate=0x0000642fe2ff3d50)

libEGL warning: failed to open /dev/dri/card3: Permission denied

libEGL warning: failed to open /dev/dri/card2: Permission denied

libEGL warning: failed to open /dev/dri/card1: Permission denied

libEGL warning: failed to open /dev/dri/card3: Permission denied

libEGL warning: failed to open /dev/dri/card2: Permission denied

libEGL warning: failed to open /dev/dri/card1: Permission denied

libEGL warning: failed to open /dev/dri/card3: Permission denied

libEGL warning: failed to open /dev/dri/card2: Permission denied

libEGL warning: failed to open /dev/dri/card1: Permission denied

The XKEYBOARD keymap compiler (xkbcomp) reports:
> Warning:          Could not resolve keysym XF86CameraAccessEnable
> Warning:          Could not resolve keysym XF86CameraAccessDisable
> Warning:          Could not resolve keysym XF86CameraAccessToggle
> Warning:          Could not resolve keysym XF86NextElement
> Warning:          Could not resolve keysym XF86PreviousElement
> Warning:          Could not resolve keysym XF86AutopilotEngageToggle
> Warning:          Could not resolve keysym XF86MarkWaypoint
> Warning:          Could not resolve keysym XF86Sos
> Warning:          Could not resolve keysym XF86NavChart
> Warning:          Could not resolve keysym XF86FishingChart
> Warning:          Could not resolve keysym XF86SingleRangeRadar
> Warning:          Could not resolve keysym XF86DualRangeRadar
> Warning:          Could not resolve keysym XF86RadarOverlay
> Warning:          Could not resolve keysym XF86TraditionalSonar
> Warning:          Could not resolve keysym XF86ClearvuSonar
> Warning:          Could not resolve keysym XF86SidevuSonar
> Warning:          Could not resolve keysym XF86NavInfo
Errors from xkbcomp are not fatal to the X server
/var/spool/slurm/d/job252207/slurm_script: line 91: 750662 Aborted                 timeout 500 python como/como_dataset.py --dataset_type=tum --dataset_dir="${DATASET_DIR}"
/vol/bitbucket/mz325/envs/como/lib/python3.10/site-packages/lightning_lite/utilities/cloud_io.py:48: FutureWarning: You are using `torch.load` with `weights_only=False` (the current default value), which uses the default pickle module implicitly. It is possible to construct malicious pickle data which will execute arbitrary code during unpickling (See https://github.com/pytorch/pytorch/blob/main/SECURITY.md#untrusted-models for more details). In a future release, the default value for `weights_only` will be flipped to `True`. This limits the functions that could be executed during unpickling. Arbitrary objects will no longer be allowed to be loaded via this mode unless they are explicitly allowlisted by the user via `torch.serialization.add_safe_globals`. We recommend you start setting `weights_only=True` for any use case where you don't have full control of the loaded file. Please open an issue on GitHub for any issues related to this experimental feature.
  return torch.load(f, map_location=map_location)
/vol/bitbucket/mz325/individual_project/como/como/geometry/lie_algebra.py:168: UserWarning: Using torch.cross without specifying the dim arg is deprecated.
Please either pass the dim explicitly or simply use torch.linalg.cross.
The default value of dim will change to agree with that of linalg.cross in a future release. (Triggered internally at /opt/conda/conda-bld/pytorch_1729647382455/work/aten/src/ATen/native/Cross.cpp:62.)
  wnorm_x_t = torch.cross(w_norm, t)
libEGL warning: failed to open /dev/dri/card3: Permission denied

libEGL warning: failed to open /dev/dri/card2: Permission denied

libEGL warning: failed to open /dev/dri/card1: Permission denied

libEGL warning: failed to open /dev/dri/card3: Permission denied

libEGL warning: failed to open /dev/dri/card2: Permission denied

libEGL warning: failed to open /dev/dri/card1: Permission denied

libEGL warning: failed to open /dev/dri/card3: Permission denied

libEGL warning: failed to open /dev/dri/card2: Permission denied

libEGL warning: failed to open /dev/dri/card1: Permission denied

The XKEYBOARD keymap compiler (xkbcomp) reports:
> Warning:          Could not resolve keysym XF86CameraAccessEnable
> Warning:          Could not resolve keysym XF86CameraAccessDisable
> Warning:          Could not resolve keysym XF86CameraAccessToggle
> Warning:          Could not resolve keysym XF86NextElement
> Warning:          Could not resolve keysym XF86PreviousElement
> Warning:          Could not resolve keysym XF86AutopilotEngageToggle
> Warning:          Could not resolve keysym XF86MarkWaypoint
> Warning:          Could not resolve keysym XF86Sos
> Warning:          Could not resolve keysym XF86NavChart
> Warning:          Could not resolve keysym XF86FishingChart
> Warning:          Could not resolve keysym XF86SingleRangeRadar
> Warning:          Could not resolve keysym XF86DualRangeRadar
> Warning:          Could not resolve keysym XF86RadarOverlay
> Warning:          Could not resolve keysym XF86TraditionalSonar
> Warning:          Could not resolve keysym XF86ClearvuSonar
> Warning:          Could not resolve keysym XF86SidevuSonar
> Warning:          Could not resolve keysym XF86NavInfo
Errors from xkbcomp are not fatal to the X server
/vol/bitbucket/mz325/envs/como/lib/python3.10/site-packages/lightning_lite/utilities/cloud_io.py:48: FutureWarning: You are using `torch.load` with `weights_only=False` (the current default value), which uses the default pickle module implicitly. It is possible to construct malicious pickle data which will execute arbitrary code during unpickling (See https://github.com/pytorch/pytorch/blob/main/SECURITY.md#untrusted-models for more details). In a future release, the default value for `weights_only` will be flipped to `True`. This limits the functions that could be executed during unpickling. Arbitrary objects will no longer be allowed to be loaded via this mode unless they are explicitly allowlisted by the user via `torch.serialization.add_safe_globals`. We recommend you start setting `weights_only=True` for any use case where you don't have full control of the loaded file. Please open an issue on GitHub for any issues related to this experimental feature.
  return torch.load(f, map_location=map_location)
/vol/bitbucket/mz325/individual_project/como/como/geometry/lie_algebra.py:168: UserWarning: Using torch.cross without specifying the dim arg is deprecated.
Please either pass the dim explicitly or simply use torch.linalg.cross.
The default value of dim will change to agree with that of linalg.cross in a future release. (Triggered internally at /opt/conda/conda-bld/pytorch_1729647382455/work/aten/src/ATen/native/Cross.cpp:62.)
  wnorm_x_t = torch.cross(w_norm, t)
libEGL warning: failed to open /dev/dri/card3: Permission denied

libEGL warning: failed to open /dev/dri/card2: Permission denied

libEGL warning: failed to open /dev/dri/card1: Permission denied

libEGL warning: failed to open /dev/dri/card3: Permission denied

libEGL warning: failed to open /dev/dri/card2: Permission denied

libEGL warning: failed to open /dev/dri/card1: Permission denied

libEGL warning: failed to open /dev/dri/card3: Permission denied

libEGL warning: failed to open /dev/dri/card2: Permission denied

libEGL warning: failed to open /dev/dri/card1: Permission denied

The XKEYBOARD keymap compiler (xkbcomp) reports:
> Warning:          Could not resolve keysym XF86CameraAccessEnable
> Warning:          Could not resolve keysym XF86CameraAccessDisable
> Warning:          Could not resolve keysym XF86CameraAccessToggle
> Warning:          Could not resolve keysym XF86NextElement
> Warning:          Could not resolve keysym XF86PreviousElement
> Warning:          Could not resolve keysym XF86AutopilotEngageToggle
> Warning:          Could not resolve keysym XF86MarkWaypoint
> Warning:          Could not resolve keysym XF86Sos
> Warning:          Could not resolve keysym XF86NavChart
> Warning:          Could not resolve keysym XF86FishingChart
> Warning:          Could not resolve keysym XF86SingleRangeRadar
> Warning:          Could not resolve keysym XF86DualRangeRadar
> Warning:          Could not resolve keysym XF86RadarOverlay
> Warning:          Could not resolve keysym XF86TraditionalSonar
> Warning:          Could not resolve keysym XF86ClearvuSonar
> Warning:          Could not resolve keysym XF86SidevuSonar
> Warning:          Could not resolve keysym XF86NavInfo
Errors from xkbcomp are not fatal to the X server
/vol/bitbucket/mz325/envs/como/lib/python3.10/site-packages/lightning_lite/utilities/cloud_io.py:48: FutureWarning: You are using `torch.load` with `weights_only=False` (the current default value), which uses the default pickle module implicitly. It is possible to construct malicious pickle data which will execute arbitrary code during unpickling (See https://github.com/pytorch/pytorch/blob/main/SECURITY.md#untrusted-models for more details). In a future release, the default value for `weights_only` will be flipped to `True`. This limits the functions that could be executed during unpickling. Arbitrary objects will no longer be allowed to be loaded via this mode unless they are explicitly allowlisted by the user via `torch.serialization.add_safe_globals`. We recommend you start setting `weights_only=True` for any use case where you don't have full control of the loaded file. Please open an issue on GitHub for any issues related to this experimental feature.
  return torch.load(f, map_location=map_location)
/vol/bitbucket/mz325/individual_project/como/como/geometry/lie_algebra.py:168: UserWarning: Using torch.cross without specifying the dim arg is deprecated.
Please either pass the dim explicitly or simply use torch.linalg.cross.
The default value of dim will change to agree with that of linalg.cross in a future release. (Triggered internally at /opt/conda/conda-bld/pytorch_1729647382455/work/aten/src/ATen/native/Cross.cpp:62.)
  wnorm_x_t = torch.cross(w_norm, t)
libEGL warning: failed to open /dev/dri/card3: Permission denied

libEGL warning: failed to open /dev/dri/card2: Permission denied

libEGL warning: failed to open /dev/dri/card1: Permission denied

libEGL warning: failed to open /dev/dri/card3: Permission denied

libEGL warning: failed to open /dev/dri/card2: Permission denied

libEGL warning: failed to open /dev/dri/card1: Permission denied

libEGL warning: failed to open /dev/dri/card3: Permission denied

libEGL warning: failed to open /dev/dri/card2: Permission denied

libEGL warning: failed to open /dev/dri/card1: Permission denied

The XKEYBOARD keymap compiler (xkbcomp) reports:
> Warning:          Could not resolve keysym XF86CameraAccessEnable
> Warning:          Could not resolve keysym XF86CameraAccessDisable
> Warning:          Could not resolve keysym XF86CameraAccessToggle
> Warning:          Could not resolve keysym XF86NextElement
> Warning:          Could not resolve keysym XF86PreviousElement
> Warning:          Could not resolve keysym XF86AutopilotEngageToggle
> Warning:          Could not resolve keysym XF86MarkWaypoint
> Warning:          Could not resolve keysym XF86Sos
> Warning:          Could not resolve keysym XF86NavChart
> Warning:          Could not resolve keysym XF86FishingChart
> Warning:          Could not resolve keysym XF86SingleRangeRadar
> Warning:          Could not resolve keysym XF86DualRangeRadar
> Warning:          Could not resolve keysym XF86RadarOverlay
> Warning:          Could not resolve keysym XF86TraditionalSonar
> Warning:          Could not resolve keysym XF86ClearvuSonar
> Warning:          Could not resolve keysym XF86SidevuSonar
> Warning:          Could not resolve keysym XF86NavInfo
Errors from xkbcomp are not fatal to the X server
/vol/bitbucket/mz325/envs/como/lib/python3.10/site-packages/lightning_lite/utilities/cloud_io.py:48: FutureWarning: You are using `torch.load` with `weights_only=False` (the current default value), which uses the default pickle module implicitly. It is possible to construct malicious pickle data which will execute arbitrary code during unpickling (See https://github.com/pytorch/pytorch/blob/main/SECURITY.md#untrusted-models for more details). In a future release, the default value for `weights_only` will be flipped to `True`. This limits the functions that could be executed during unpickling. Arbitrary objects will no longer be allowed to be loaded via this mode unless they are explicitly allowlisted by the user via `torch.serialization.add_safe_globals`. We recommend you start setting `weights_only=True` for any use case where you don't have full control of the loaded file. Please open an issue on GitHub for any issues related to this experimental feature.
  return torch.load(f, map_location=map_location)
/vol/bitbucket/mz325/individual_project/como/como/geometry/lie_algebra.py:168: UserWarning: Using torch.cross without specifying the dim arg is deprecated.
Please either pass the dim explicitly or simply use torch.linalg.cross.
The default value of dim will change to agree with that of linalg.cross in a future release. (Triggered internally at /opt/conda/conda-bld/pytorch_1729647382455/work/aten/src/ATen/native/Cross.cpp:62.)
  wnorm_x_t = torch.cross(w_norm, t)
libEGL warning: failed to open /dev/dri/card3: Permission denied

libEGL warning: failed to open /dev/dri/card2: Permission denied

libEGL warning: failed to open /dev/dri/card1: Permission denied

libEGL warning: failed to open /dev/dri/card3: Permission denied

libEGL warning: failed to open /dev/dri/card2: Permission denied

libEGL warning: failed to open /dev/dri/card1: Permission denied

libEGL warning: failed to open /dev/dri/card3: Permission denied

libEGL warning: failed to open /dev/dri/card2: Permission denied

libEGL warning: failed to open /dev/dri/card1: Permission denied

The XKEYBOARD keymap compiler (xkbcomp) reports:
> Warning:          Could not resolve keysym XF86CameraAccessEnable
> Warning:          Could not resolve keysym XF86CameraAccessDisable
> Warning:          Could not resolve keysym XF86CameraAccessToggle
> Warning:          Could not resolve keysym XF86NextElement
> Warning:          Could not resolve keysym XF86PreviousElement
> Warning:          Could not resolve keysym XF86AutopilotEngageToggle
> Warning:          Could not resolve keysym XF86MarkWaypoint
> Warning:          Could not resolve keysym XF86Sos
> Warning:          Could not resolve keysym XF86NavChart
> Warning:          Could not resolve keysym XF86FishingChart
> Warning:          Could not resolve keysym XF86SingleRangeRadar
> Warning:          Could not resolve keysym XF86DualRangeRadar
> Warning:          Could not resolve keysym XF86RadarOverlay
> Warning:          Could not resolve keysym XF86TraditionalSonar
> Warning:          Could not resolve keysym XF86ClearvuSonar
> Warning:          Could not resolve keysym XF86SidevuSonar
> Warning:          Could not resolve keysym XF86NavInfo
Errors from xkbcomp are not fatal to the X server
/vol/bitbucket/mz325/envs/como/lib/python3.10/site-packages/lightning_lite/utilities/cloud_io.py:48: FutureWarning: You are using `torch.load` with `weights_only=False` (the current default value), which uses the default pickle module implicitly. It is possible to construct malicious pickle data which will execute arbitrary code during unpickling (See https://github.com/pytorch/pytorch/blob/main/SECURITY.md#untrusted-models for more details). In a future release, the default value for `weights_only` will be flipped to `True`. This limits the functions that could be executed during unpickling. Arbitrary objects will no longer be allowed to be loaded via this mode unless they are explicitly allowlisted by the user via `torch.serialization.add_safe_globals`. We recommend you start setting `weights_only=True` for any use case where you don't have full control of the loaded file. Please open an issue on GitHub for any issues related to this experimental feature.
  return torch.load(f, map_location=map_location)
/vol/bitbucket/mz325/individual_project/como/como/geometry/lie_algebra.py:168: UserWarning: Using torch.cross without specifying the dim arg is deprecated.
Please either pass the dim explicitly or simply use torch.linalg.cross.
The default value of dim will change to agree with that of linalg.cross in a future release. (Triggered internally at /opt/conda/conda-bld/pytorch_1729647382455/work/aten/src/ATen/native/Cross.cpp:62.)
  wnorm_x_t = torch.cross(w_norm, t)
libEGL warning: failed to open /dev/dri/card3: Permission denied

libEGL warning: failed to open /dev/dri/card2: Permission denied

libEGL warning: failed to open /dev/dri/card1: Permission denied

libEGL warning: failed to open /dev/dri/card3: Permission denied

libEGL warning: failed to open /dev/dri/card2: Permission denied

libEGL warning: failed to open /dev/dri/card1: Permission denied

libEGL warning: failed to open /dev/dri/card3: Permission denied

libEGL warning: failed to open /dev/dri/card2: Permission denied

libEGL warning: failed to open /dev/dri/card1: Permission denied

The XKEYBOARD keymap compiler (xkbcomp) reports:
> Warning:          Could not resolve keysym XF86CameraAccessEnable
> Warning:          Could not resolve keysym XF86CameraAccessDisable
> Warning:          Could not resolve keysym XF86CameraAccessToggle
> Warning:          Could not resolve keysym XF86NextElement
> Warning:          Could not resolve keysym XF86PreviousElement
> Warning:          Could not resolve keysym XF86AutopilotEngageToggle
> Warning:          Could not resolve keysym XF86MarkWaypoint
> Warning:          Could not resolve keysym XF86Sos
> Warning:          Could not resolve keysym XF86NavChart
> Warning:          Could not resolve keysym XF86FishingChart
> Warning:          Could not resolve keysym XF86SingleRangeRadar
> Warning:          Could not resolve keysym XF86DualRangeRadar
> Warning:          Could not resolve keysym XF86RadarOverlay
> Warning:          Could not resolve keysym XF86TraditionalSonar
> Warning:          Could not resolve keysym XF86ClearvuSonar
> Warning:          Could not resolve keysym XF86SidevuSonar
> Warning:          Could not resolve keysym XF86NavInfo
Errors from xkbcomp are not fatal to the X server
/vol/bitbucket/mz325/envs/como/lib/python3.10/site-packages/lightning_lite/utilities/cloud_io.py:48: FutureWarning: You are using `torch.load` with `weights_only=False` (the current default value), which uses the default pickle module implicitly. It is possible to construct malicious pickle data which will execute arbitrary code during unpickling (See https://github.com/pytorch/pytorch/blob/main/SECURITY.md#untrusted-models for more details). In a future release, the default value for `weights_only` will be flipped to `True`. This limits the functions that could be executed during unpickling. Arbitrary objects will no longer be allowed to be loaded via this mode unless they are explicitly allowlisted by the user via `torch.serialization.add_safe_globals`. We recommend you start setting `weights_only=True` for any use case where you don't have full control of the loaded file. Please open an issue on GitHub for any issues related to this experimental feature.
  return torch.load(f, map_location=map_location)
/vol/bitbucket/mz325/individual_project/como/como/geometry/lie_algebra.py:168: UserWarning: Using torch.cross without specifying the dim arg is deprecated.
Please either pass the dim explicitly or simply use torch.linalg.cross.
The default value of dim will change to agree with that of linalg.cross in a future release. (Triggered internally at /opt/conda/conda-bld/pytorch_1729647382455/work/aten/src/ATen/native/Cross.cpp:62.)
  wnorm_x_t = torch.cross(w_norm, t)
libEGL warning: failed to open /dev/dri/card3: Permission denied

libEGL warning: failed to open /dev/dri/card2: Permission denied

libEGL warning: failed to open /dev/dri/card1: Permission denied

libEGL warning: failed to open /dev/dri/card3: Permission denied

libEGL warning: failed to open /dev/dri/card2: Permission denied

libEGL warning: failed to open /dev/dri/card1: Permission denied

libEGL warning: failed to open /dev/dri/card3: Permission denied

libEGL warning: failed to open /dev/dri/card2: Permission denied

libEGL warning: failed to open /dev/dri/card1: Permission denied

The XKEYBOARD keymap compiler (xkbcomp) reports:
> Warning:          Could not resolve keysym XF86CameraAccessEnable
> Warning:          Could not resolve keysym XF86CameraAccessDisable
> Warning:          Could not resolve keysym XF86CameraAccessToggle
> Warning:          Could not resolve keysym XF86NextElement
> Warning:          Could not resolve keysym XF86PreviousElement
> Warning:          Could not resolve keysym XF86AutopilotEngageToggle
> Warning:          Could not resolve keysym XF86MarkWaypoint
> Warning:          Could not resolve keysym XF86Sos
> Warning:          Could not resolve keysym XF86NavChart
> Warning:          Could not resolve keysym XF86FishingChart
> Warning:          Could not resolve keysym XF86SingleRangeRadar
> Warning:          Could not resolve keysym XF86DualRangeRadar
> Warning:          Could not resolve keysym XF86RadarOverlay
> Warning:          Could not resolve keysym XF86TraditionalSonar
> Warning:          Could not resolve keysym XF86ClearvuSonar
> Warning:          Could not resolve keysym XF86SidevuSonar
> Warning:          Could not resolve keysym XF86NavInfo
Errors from xkbcomp are not fatal to the X server
/vol/bitbucket/mz325/envs/como/lib/python3.10/site-packages/lightning_lite/utilities/cloud_io.py:48: FutureWarning: You are using `torch.load` with `weights_only=False` (the current default value), which uses the default pickle module implicitly. It is possible to construct malicious pickle data which will execute arbitrary code during unpickling (See https://github.com/pytorch/pytorch/blob/main/SECURITY.md#untrusted-models for more details). In a future release, the default value for `weights_only` will be flipped to `True`. This limits the functions that could be executed during unpickling. Arbitrary objects will no longer be allowed to be loaded via this mode unless they are explicitly allowlisted by the user via `torch.serialization.add_safe_globals`. We recommend you start setting `weights_only=True` for any use case where you don't have full control of the loaded file. Please open an issue on GitHub for any issues related to this experimental feature.
  return torch.load(f, map_location=map_location)
/vol/bitbucket/mz325/individual_project/como/como/geometry/lie_algebra.py:168: UserWarning: Using torch.cross without specifying the dim arg is deprecated.
Please either pass the dim explicitly or simply use torch.linalg.cross.
The default value of dim will change to agree with that of linalg.cross in a future release. (Triggered internally at /opt/conda/conda-bld/pytorch_1729647382455/work/aten/src/ATen/native/Cross.cpp:62.)
  wnorm_x_t = torch.cross(w_norm, t)
libEGL warning: failed to open /dev/dri/card3: Permission denied

libEGL warning: failed to open /dev/dri/card2: Permission denied

libEGL warning: failed to open /dev/dri/card1: Permission denied

libEGL warning: failed to open /dev/dri/card3: Permission denied

libEGL warning: failed to open /dev/dri/card2: Permission denied

libEGL warning: failed to open /dev/dri/card1: Permission denied

libEGL warning: failed to open /dev/dri/card3: Permission denied

libEGL warning: failed to open /dev/dri/card2: Permission denied

libEGL warning: failed to open /dev/dri/card1: Permission denied

The XKEYBOARD keymap compiler (xkbcomp) reports:
> Warning:          Could not resolve keysym XF86CameraAccessEnable
> Warning:          Could not resolve keysym XF86CameraAccessDisable
> Warning:          Could not resolve keysym XF86CameraAccessToggle
> Warning:          Could not resolve keysym XF86NextElement
> Warning:          Could not resolve keysym XF86PreviousElement
> Warning:          Could not resolve keysym XF86AutopilotEngageToggle
> Warning:          Could not resolve keysym XF86MarkWaypoint
> Warning:          Could not resolve keysym XF86Sos
> Warning:          Could not resolve keysym XF86NavChart
> Warning:          Could not resolve keysym XF86FishingChart
> Warning:          Could not resolve keysym XF86SingleRangeRadar
> Warning:          Could not resolve keysym XF86DualRangeRadar
> Warning:          Could not resolve keysym XF86RadarOverlay
> Warning:          Could not resolve keysym XF86TraditionalSonar
> Warning:          Could not resolve keysym XF86ClearvuSonar
> Warning:          Could not resolve keysym XF86SidevuSonar
> Warning:          Could not resolve keysym XF86NavInfo
Errors from xkbcomp are not fatal to the X server
/vol/bitbucket/mz325/envs/como/lib/python3.10/site-packages/lightning_lite/utilities/cloud_io.py:48: FutureWarning: You are using `torch.load` with `weights_only=False` (the current default value), which uses the default pickle module implicitly. It is possible to construct malicious pickle data which will execute arbitrary code during unpickling (See https://github.com/pytorch/pytorch/blob/main/SECURITY.md#untrusted-models for more details). In a future release, the default value for `weights_only` will be flipped to `True`. This limits the functions that could be executed during unpickling. Arbitrary objects will no longer be allowed to be loaded via this mode unless they are explicitly allowlisted by the user via `torch.serialization.add_safe_globals`. We recommend you start setting `weights_only=True` for any use case where you don't have full control of the loaded file. Please open an issue on GitHub for any issues related to this experimental feature.
  return torch.load(f, map_location=map_location)
/vol/bitbucket/mz325/individual_project/como/como/geometry/lie_algebra.py:168: UserWarning: Using torch.cross without specifying the dim arg is deprecated.
Please either pass the dim explicitly or simply use torch.linalg.cross.
The default value of dim will change to agree with that of linalg.cross in a future release. (Triggered internally at /opt/conda/conda-bld/pytorch_1729647382455/work/aten/src/ATen/native/Cross.cpp:62.)
  wnorm_x_t = torch.cross(w_norm, t)
libEGL warning: failed to open /dev/dri/card3: Permission denied

libEGL warning: failed to open /dev/dri/card2: Permission denied

libEGL warning: failed to open /dev/dri/card1: Permission denied

libEGL warning: failed to open /dev/dri/card3: Permission denied

libEGL warning: failed to open /dev/dri/card2: Permission denied

libEGL warning: failed to open /dev/dri/card1: Permission denied

libEGL warning: failed to open /dev/dri/card3: Permission denied

libEGL warning: failed to open /dev/dri/card2: Permission denied

libEGL warning: failed to open /dev/dri/card1: Permission denied

The XKEYBOARD keymap compiler (xkbcomp) reports:
> Warning:          Could not resolve keysym XF86CameraAccessEnable
> Warning:          Could not resolve keysym XF86CameraAccessDisable
> Warning:          Could not resolve keysym XF86CameraAccessToggle
> Warning:          Could not resolve keysym XF86NextElement
> Warning:          Could not resolve keysym XF86PreviousElement
> Warning:          Could not resolve keysym XF86AutopilotEngageToggle
> Warning:          Could not resolve keysym XF86MarkWaypoint
> Warning:          Could not resolve keysym XF86Sos
> Warning:          Could not resolve keysym XF86NavChart
> Warning:          Could not resolve keysym XF86FishingChart
> Warning:          Could not resolve keysym XF86SingleRangeRadar
> Warning:          Could not resolve keysym XF86DualRangeRadar
> Warning:          Could not resolve keysym XF86RadarOverlay
> Warning:          Could not resolve keysym XF86TraditionalSonar
> Warning:          Could not resolve keysym XF86ClearvuSonar
> Warning:          Could not resolve keysym XF86SidevuSonar
> Warning:          Could not resolve keysym XF86NavInfo
Errors from xkbcomp are not fatal to the X server
/vol/bitbucket/mz325/envs/como/lib/python3.10/site-packages/lightning_lite/utilities/cloud_io.py:48: FutureWarning: You are using `torch.load` with `weights_only=False` (the current default value), which uses the default pickle module implicitly. It is possible to construct malicious pickle data which will execute arbitrary code during unpickling (See https://github.com/pytorch/pytorch/blob/main/SECURITY.md#untrusted-models for more details). In a future release, the default value for `weights_only` will be flipped to `True`. This limits the functions that could be executed during unpickling. Arbitrary objects will no longer be allowed to be loaded via this mode unless they are explicitly allowlisted by the user via `torch.serialization.add_safe_globals`. We recommend you start setting `weights_only=True` for any use case where you don't have full control of the loaded file. Please open an issue on GitHub for any issues related to this experimental feature.
  return torch.load(f, map_location=map_location)
/vol/bitbucket/mz325/individual_project/como/como/geometry/lie_algebra.py:168: UserWarning: Using torch.cross without specifying the dim arg is deprecated.
Please either pass the dim explicitly or simply use torch.linalg.cross.
The default value of dim will change to agree with that of linalg.cross in a future release. (Triggered internally at /opt/conda/conda-bld/pytorch_1729647382455/work/aten/src/ATen/native/Cross.cpp:62.)
  wnorm_x_t = torch.cross(w_norm, t)
libEGL warning: failed to open /dev/dri/card3: Permission denied

libEGL warning: failed to open /dev/dri/card2: Permission denied

libEGL warning: failed to open /dev/dri/card1: Permission denied

libEGL warning: failed to open /dev/dri/card3: Permission denied

libEGL warning: failed to open /dev/dri/card2: Permission denied

libEGL warning: failed to open /dev/dri/card1: Permission denied

libEGL warning: failed to open /dev/dri/card3: Permission denied

libEGL warning: failed to open /dev/dri/card2: Permission denied

libEGL warning: failed to open /dev/dri/card1: Permission denied

The XKEYBOARD keymap compiler (xkbcomp) reports:
> Warning:          Could not resolve keysym XF86CameraAccessEnable
> Warning:          Could not resolve keysym XF86CameraAccessDisable
> Warning:          Could not resolve keysym XF86CameraAccessToggle
> Warning:          Could not resolve keysym XF86NextElement
> Warning:          Could not resolve keysym XF86PreviousElement
> Warning:          Could not resolve keysym XF86AutopilotEngageToggle
> Warning:          Could not resolve keysym XF86MarkWaypoint
> Warning:          Could not resolve keysym XF86Sos
> Warning:          Could not resolve keysym XF86NavChart
> Warning:          Could not resolve keysym XF86FishingChart
> Warning:          Could not resolve keysym XF86SingleRangeRadar
> Warning:          Could not resolve keysym XF86DualRangeRadar
> Warning:          Could not resolve keysym XF86RadarOverlay
> Warning:          Could not resolve keysym XF86TraditionalSonar
> Warning:          Could not resolve keysym XF86ClearvuSonar
> Warning:          Could not resolve keysym XF86SidevuSonar
> Warning:          Could not resolve keysym XF86NavInfo
Errors from xkbcomp are not fatal to the X server
/vol/bitbucket/mz325/envs/como/lib/python3.10/site-packages/lightning_lite/utilities/cloud_io.py:48: FutureWarning: You are using `torch.load` with `weights_only=False` (the current default value), which uses the default pickle module implicitly. It is possible to construct malicious pickle data which will execute arbitrary code during unpickling (See https://github.com/pytorch/pytorch/blob/main/SECURITY.md#untrusted-models for more details). In a future release, the default value for `weights_only` will be flipped to `True`. This limits the functions that could be executed during unpickling. Arbitrary objects will no longer be allowed to be loaded via this mode unless they are explicitly allowlisted by the user via `torch.serialization.add_safe_globals`. We recommend you start setting `weights_only=True` for any use case where you don't have full control of the loaded file. Please open an issue on GitHub for any issues related to this experimental feature.
  return torch.load(f, map_location=map_location)
/vol/bitbucket/mz325/individual_project/como/como/geometry/lie_algebra.py:168: UserWarning: Using torch.cross without specifying the dim arg is deprecated.
Please either pass the dim explicitly or simply use torch.linalg.cross.
The default value of dim will change to agree with that of linalg.cross in a future release. (Triggered internally at /opt/conda/conda-bld/pytorch_1729647382455/work/aten/src/ATen/native/Cross.cpp:62.)
  wnorm_x_t = torch.cross(w_norm, t)
libEGL warning: failed to open /dev/dri/card3: Permission denied

libEGL warning: failed to open /dev/dri/card2: Permission denied

libEGL warning: failed to open /dev/dri/card1: Permission denied

libEGL warning: failed to open /dev/dri/card3: Permission denied

libEGL warning: failed to open /dev/dri/card2: Permission denied

libEGL warning: failed to open /dev/dri/card1: Permission denied

libEGL warning: failed to open /dev/dri/card3: Permission denied

libEGL warning: failed to open /dev/dri/card2: Permission denied

libEGL warning: failed to open /dev/dri/card1: Permission denied

The XKEYBOARD keymap compiler (xkbcomp) reports:
> Warning:          Could not resolve keysym XF86CameraAccessEnable
> Warning:          Could not resolve keysym XF86CameraAccessDisable
> Warning:          Could not resolve keysym XF86CameraAccessToggle
> Warning:          Could not resolve keysym XF86NextElement
> Warning:          Could not resolve keysym XF86PreviousElement
> Warning:          Could not resolve keysym XF86AutopilotEngageToggle
> Warning:          Could not resolve keysym XF86MarkWaypoint
> Warning:          Could not resolve keysym XF86Sos
> Warning:          Could not resolve keysym XF86NavChart
> Warning:          Could not resolve keysym XF86FishingChart
> Warning:          Could not resolve keysym XF86SingleRangeRadar
> Warning:          Could not resolve keysym XF86DualRangeRadar
> Warning:          Could not resolve keysym XF86RadarOverlay
> Warning:          Could not resolve keysym XF86TraditionalSonar
> Warning:          Could not resolve keysym XF86ClearvuSonar
> Warning:          Could not resolve keysym XF86SidevuSonar
> Warning:          Could not resolve keysym XF86NavInfo
Errors from xkbcomp are not fatal to the X server
/vol/bitbucket/mz325/envs/como/lib/python3.10/site-packages/lightning_lite/utilities/cloud_io.py:48: FutureWarning: You are using `torch.load` with `weights_only=False` (the current default value), which uses the default pickle module implicitly. It is possible to construct malicious pickle data which will execute arbitrary code during unpickling (See https://github.com/pytorch/pytorch/blob/main/SECURITY.md#untrusted-models for more details). In a future release, the default value for `weights_only` will be flipped to `True`. This limits the functions that could be executed during unpickling. Arbitrary objects will no longer be allowed to be loaded via this mode unless they are explicitly allowlisted by the user via `torch.serialization.add_safe_globals`. We recommend you start setting `weights_only=True` for any use case where you don't have full control of the loaded file. Please open an issue on GitHub for any issues related to this experimental feature.
  return torch.load(f, map_location=map_location)
/vol/bitbucket/mz325/individual_project/como/como/geometry/lie_algebra.py:168: UserWarning: Using torch.cross without specifying the dim arg is deprecated.
Please either pass the dim explicitly or simply use torch.linalg.cross.
The default value of dim will change to agree with that of linalg.cross in a future release. (Triggered internally at /opt/conda/conda-bld/pytorch_1729647382455/work/aten/src/ATen/native/Cross.cpp:62.)
  wnorm_x_t = torch.cross(w_norm, t)
libEGL warning: failed to open /dev/dri/card3: Permission denied

libEGL warning: failed to open /dev/dri/card2: Permission denied

libEGL warning: failed to open /dev/dri/card1: Permission denied

libEGL warning: failed to open /dev/dri/card3: Permission denied

libEGL warning: failed to open /dev/dri/card2: Permission denied

libEGL warning: failed to open /dev/dri/card1: Permission denied

libEGL warning: failed to open /dev/dri/card3: Permission denied

libEGL warning: failed to open /dev/dri/card2: Permission denied

libEGL warning: failed to open /dev/dri/card1: Permission denied

The XKEYBOARD keymap compiler (xkbcomp) reports:
> Warning:          Could not resolve keysym XF86CameraAccessEnable
> Warning:          Could not resolve keysym XF86CameraAccessDisable
> Warning:          Could not resolve keysym XF86CameraAccessToggle
> Warning:          Could not resolve keysym XF86NextElement
> Warning:          Could not resolve keysym XF86PreviousElement
> Warning:          Could not resolve keysym XF86AutopilotEngageToggle
> Warning:          Could not resolve keysym XF86MarkWaypoint
> Warning:          Could not resolve keysym XF86Sos
> Warning:          Could not resolve keysym XF86NavChart
> Warning:          Could not resolve keysym XF86FishingChart
> Warning:          Could not resolve keysym XF86SingleRangeRadar
> Warning:          Could not resolve keysym XF86DualRangeRadar
> Warning:          Could not resolve keysym XF86RadarOverlay
> Warning:          Could not resolve keysym XF86TraditionalSonar
> Warning:          Could not resolve keysym XF86ClearvuSonar
> Warning:          Could not resolve keysym XF86SidevuSonar
> Warning:          Could not resolve keysym XF86NavInfo
Errors from xkbcomp are not fatal to the X server
/vol/bitbucket/mz325/envs/como/lib/python3.10/site-packages/lightning_lite/utilities/cloud_io.py:48: FutureWarning: You are using `torch.load` with `weights_only=False` (the current default value), which uses the default pickle module implicitly. It is possible to construct malicious pickle data which will execute arbitrary code during unpickling (See https://github.com/pytorch/pytorch/blob/main/SECURITY.md#untrusted-models for more details). In a future release, the default value for `weights_only` will be flipped to `True`. This limits the functions that could be executed during unpickling. Arbitrary objects will no longer be allowed to be loaded via this mode unless they are explicitly allowlisted by the user via `torch.serialization.add_safe_globals`. We recommend you start setting `weights_only=True` for any use case where you don't have full control of the loaded file. Please open an issue on GitHub for any issues related to this experimental feature.
  return torch.load(f, map_location=map_location)
/vol/bitbucket/mz325/individual_project/como/como/geometry/lie_algebra.py:168: UserWarning: Using torch.cross without specifying the dim arg is deprecated.
Please either pass the dim explicitly or simply use torch.linalg.cross.
The default value of dim will change to agree with that of linalg.cross in a future release. (Triggered internally at /opt/conda/conda-bld/pytorch_1729647382455/work/aten/src/ATen/native/Cross.cpp:62.)
  wnorm_x_t = torch.cross(w_norm, t)
libEGL warning: failed to open /dev/dri/card3: Permission denied

libEGL warning: failed to open /dev/dri/card2: Permission denied

libEGL warning: failed to open /dev/dri/card1: Permission denied

libEGL warning: failed to open /dev/dri/card3: Permission denied

libEGL warning: failed to open /dev/dri/card2: Permission denied

libEGL warning: failed to open /dev/dri/card1: Permission denied

libEGL warning: failed to open /dev/dri/card3: Permission denied

libEGL warning: failed to open /dev/dri/card2: Permission denied

libEGL warning: failed to open /dev/dri/card1: Permission denied

The XKEYBOARD keymap compiler (xkbcomp) reports:
> Warning:          Could not resolve keysym XF86CameraAccessEnable
> Warning:          Could not resolve keysym XF86CameraAccessDisable
> Warning:          Could not resolve keysym XF86CameraAccessToggle
> Warning:          Could not resolve keysym XF86NextElement
> Warning:          Could not resolve keysym XF86PreviousElement
> Warning:          Could not resolve keysym XF86AutopilotEngageToggle
> Warning:          Could not resolve keysym XF86MarkWaypoint
> Warning:          Could not resolve keysym XF86Sos
> Warning:          Could not resolve keysym XF86NavChart
> Warning:          Could not resolve keysym XF86FishingChart
> Warning:          Could not resolve keysym XF86SingleRangeRadar
> Warning:          Could not resolve keysym XF86DualRangeRadar
> Warning:          Could not resolve keysym XF86RadarOverlay
> Warning:          Could not resolve keysym XF86TraditionalSonar
> Warning:          Could not resolve keysym XF86ClearvuSonar
> Warning:          Could not resolve keysym XF86SidevuSonar
> Warning:          Could not resolve keysym XF86NavInfo
Errors from xkbcomp are not fatal to the X server
/vol/bitbucket/mz325/envs/como/lib/python3.10/site-packages/lightning_lite/utilities/cloud_io.py:48: FutureWarning: You are using `torch.load` with `weights_only=False` (the current default value), which uses the default pickle module implicitly. It is possible to construct malicious pickle data which will execute arbitrary code during unpickling (See https://github.com/pytorch/pytorch/blob/main/SECURITY.md#untrusted-models for more details). In a future release, the default value for `weights_only` will be flipped to `True`. This limits the functions that could be executed during unpickling. Arbitrary objects will no longer be allowed to be loaded via this mode unless they are explicitly allowlisted by the user via `torch.serialization.add_safe_globals`. We recommend you start setting `weights_only=True` for any use case where you don't have full control of the loaded file. Please open an issue on GitHub for any issues related to this experimental feature.
  return torch.load(f, map_location=map_location)
/vol/bitbucket/mz325/individual_project/como/como/geometry/lie_algebra.py:168: UserWarning: Using torch.cross without specifying the dim arg is deprecated.
Please either pass the dim explicitly or simply use torch.linalg.cross.
The default value of dim will change to agree with that of linalg.cross in a future release. (Triggered internally at /opt/conda/conda-bld/pytorch_1729647382455/work/aten/src/ATen/native/Cross.cpp:62.)
  wnorm_x_t = torch.cross(w_norm, t)
libEGL warning: failed to open /dev/dri/card3: Permission denied

libEGL warning: failed to open /dev/dri/card2: Permission denied

libEGL warning: failed to open /dev/dri/card1: Permission denied

libEGL warning: failed to open /dev/dri/card3: Permission denied

libEGL warning: failed to open /dev/dri/card2: Permission denied

libEGL warning: failed to open /dev/dri/card1: Permission denied

libEGL warning: failed to open /dev/dri/card3: Permission denied

libEGL warning: failed to open /dev/dri/card2: Permission denied

libEGL warning: failed to open /dev/dri/card1: Permission denied

The XKEYBOARD keymap compiler (xkbcomp) reports:
> Warning:          Could not resolve keysym XF86CameraAccessEnable
> Warning:          Could not resolve keysym XF86CameraAccessDisable
> Warning:          Could not resolve keysym XF86CameraAccessToggle
> Warning:          Could not resolve keysym XF86NextElement
> Warning:          Could not resolve keysym XF86PreviousElement
> Warning:          Could not resolve keysym XF86AutopilotEngageToggle
> Warning:          Could not resolve keysym XF86MarkWaypoint
> Warning:          Could not resolve keysym XF86Sos
> Warning:          Could not resolve keysym XF86NavChart
> Warning:          Could not resolve keysym XF86FishingChart
> Warning:          Could not resolve keysym XF86SingleRangeRadar
> Warning:          Could not resolve keysym XF86DualRangeRadar
> Warning:          Could not resolve keysym XF86RadarOverlay
> Warning:          Could not resolve keysym XF86TraditionalSonar
> Warning:          Could not resolve keysym XF86ClearvuSonar
> Warning:          Could not resolve keysym XF86SidevuSonar
> Warning:          Could not resolve keysym XF86NavInfo
Errors from xkbcomp are not fatal to the X server
/vol/bitbucket/mz325/envs/como/lib/python3.10/site-packages/lightning_lite/utilities/cloud_io.py:48: FutureWarning: You are using `torch.load` with `weights_only=False` (the current default value), which uses the default pickle module implicitly. It is possible to construct malicious pickle data which will execute arbitrary code during unpickling (See https://github.com/pytorch/pytorch/blob/main/SECURITY.md#untrusted-models for more details). In a future release, the default value for `weights_only` will be flipped to `True`. This limits the functions that could be executed during unpickling. Arbitrary objects will no longer be allowed to be loaded via this mode unless they are explicitly allowlisted by the user via `torch.serialization.add_safe_globals`. We recommend you start setting `weights_only=True` for any use case where you don't have full control of the loaded file. Please open an issue on GitHub for any issues related to this experimental feature.
  return torch.load(f, map_location=map_location)
/vol/bitbucket/mz325/individual_project/como/como/geometry/lie_algebra.py:168: UserWarning: Using torch.cross without specifying the dim arg is deprecated.
Please either pass the dim explicitly or simply use torch.linalg.cross.
The default value of dim will change to agree with that of linalg.cross in a future release. (Triggered internally at /opt/conda/conda-bld/pytorch_1729647382455/work/aten/src/ATen/native/Cross.cpp:62.)
  wnorm_x_t = torch.cross(w_norm, t)
libEGL warning: failed to open /dev/dri/card3: Permission denied

libEGL warning: failed to open /dev/dri/card2: Permission denied

libEGL warning: failed to open /dev/dri/card1: Permission denied

libEGL warning: failed to open /dev/dri/card3: Permission denied

libEGL warning: failed to open /dev/dri/card2: Permission denied

libEGL warning: failed to open /dev/dri/card1: Permission denied

libEGL warning: failed to open /dev/dri/card3: Permission denied

libEGL warning: failed to open /dev/dri/card2: Permission denied

libEGL warning: failed to open /dev/dri/card1: Permission denied

The XKEYBOARD keymap compiler (xkbcomp) reports:
> Warning:          Could not resolve keysym XF86CameraAccessEnable
> Warning:          Could not resolve keysym XF86CameraAccessDisable
> Warning:          Could not resolve keysym XF86CameraAccessToggle
> Warning:          Could not resolve keysym XF86NextElement
> Warning:          Could not resolve keysym XF86PreviousElement
> Warning:          Could not resolve keysym XF86AutopilotEngageToggle
> Warning:          Could not resolve keysym XF86MarkWaypoint
> Warning:          Could not resolve keysym XF86Sos
> Warning:          Could not resolve keysym XF86NavChart
> Warning:          Could not resolve keysym XF86FishingChart
> Warning:          Could not resolve keysym XF86SingleRangeRadar
> Warning:          Could not resolve keysym XF86DualRangeRadar
> Warning:          Could not resolve keysym XF86RadarOverlay
> Warning:          Could not resolve keysym XF86TraditionalSonar
> Warning:          Could not resolve keysym XF86ClearvuSonar
> Warning:          Could not resolve keysym XF86SidevuSonar
> Warning:          Could not resolve keysym XF86NavInfo
Errors from xkbcomp are not fatal to the X server
/vol/bitbucket/mz325/envs/como/lib/python3.10/site-packages/lightning_lite/utilities/cloud_io.py:48: FutureWarning: You are using `torch.load` with `weights_only=False` (the current default value), which uses the default pickle module implicitly. It is possible to construct malicious pickle data which will execute arbitrary code during unpickling (See https://github.com/pytorch/pytorch/blob/main/SECURITY.md#untrusted-models for more details). In a future release, the default value for `weights_only` will be flipped to `True`. This limits the functions that could be executed during unpickling. Arbitrary objects will no longer be allowed to be loaded via this mode unless they are explicitly allowlisted by the user via `torch.serialization.add_safe_globals`. We recommend you start setting `weights_only=True` for any use case where you don't have full control of the loaded file. Please open an issue on GitHub for any issues related to this experimental feature.
  return torch.load(f, map_location=map_location)
/vol/bitbucket/mz325/individual_project/como/como/geometry/lie_algebra.py:168: UserWarning: Using torch.cross without specifying the dim arg is deprecated.
Please either pass the dim explicitly or simply use torch.linalg.cross.
The default value of dim will change to agree with that of linalg.cross in a future release. (Triggered internally at /opt/conda/conda-bld/pytorch_1729647382455/work/aten/src/ATen/native/Cross.cpp:62.)
  wnorm_x_t = torch.cross(w_norm, t)
libEGL warning: failed to open /dev/dri/card3: Permission denied

libEGL warning: failed to open /dev/dri/card2: Permission denied

libEGL warning: failed to open /dev/dri/card1: Permission denied

libEGL warning: failed to open /dev/dri/card3: Permission denied

libEGL warning: failed to open /dev/dri/card2: Permission denied

libEGL warning: failed to open /dev/dri/card1: Permission denied

libEGL warning: failed to open /dev/dri/card3: Permission denied

libEGL warning: failed to open /dev/dri/card2: Permission denied

libEGL warning: failed to open /dev/dri/card1: Permission denied

The XKEYBOARD keymap compiler (xkbcomp) reports:
> Warning:          Could not resolve keysym XF86CameraAccessEnable
> Warning:          Could not resolve keysym XF86CameraAccessDisable
> Warning:          Could not resolve keysym XF86CameraAccessToggle
> Warning:          Could not resolve keysym XF86NextElement
> Warning:          Could not resolve keysym XF86PreviousElement
> Warning:          Could not resolve keysym XF86AutopilotEngageToggle
> Warning:          Could not resolve keysym XF86MarkWaypoint
> Warning:          Could not resolve keysym XF86Sos
> Warning:          Could not resolve keysym XF86NavChart
> Warning:          Could not resolve keysym XF86FishingChart
> Warning:          Could not resolve keysym XF86SingleRangeRadar
> Warning:          Could not resolve keysym XF86DualRangeRadar
> Warning:          Could not resolve keysym XF86RadarOverlay
> Warning:          Could not resolve keysym XF86TraditionalSonar
> Warning:          Could not resolve keysym XF86ClearvuSonar
> Warning:          Could not resolve keysym XF86SidevuSonar
> Warning:          Could not resolve keysym XF86NavInfo
Errors from xkbcomp are not fatal to the X server
/vol/bitbucket/mz325/envs/como/lib/python3.10/site-packages/lightning_lite/utilities/cloud_io.py:48: FutureWarning: You are using `torch.load` with `weights_only=False` (the current default value), which uses the default pickle module implicitly. It is possible to construct malicious pickle data which will execute arbitrary code during unpickling (See https://github.com/pytorch/pytorch/blob/main/SECURITY.md#untrusted-models for more details). In a future release, the default value for `weights_only` will be flipped to `True`. This limits the functions that could be executed during unpickling. Arbitrary objects will no longer be allowed to be loaded via this mode unless they are explicitly allowlisted by the user via `torch.serialization.add_safe_globals`. We recommend you start setting `weights_only=True` for any use case where you don't have full control of the loaded file. Please open an issue on GitHub for any issues related to this experimental feature.
  return torch.load(f, map_location=map_location)
/vol/bitbucket/mz325/individual_project/como/como/geometry/lie_algebra.py:168: UserWarning: Using torch.cross without specifying the dim arg is deprecated.
Please either pass the dim explicitly or simply use torch.linalg.cross.
The default value of dim will change to agree with that of linalg.cross in a future release. (Triggered internally at /opt/conda/conda-bld/pytorch_1729647382455/work/aten/src/ATen/native/Cross.cpp:62.)
  wnorm_x_t = torch.cross(w_norm, t)
libEGL warning: failed to open /dev/dri/card3: Permission denied

libEGL warning: failed to open /dev/dri/card2: Permission denied

libEGL warning: failed to open /dev/dri/card1: Permission denied

libEGL warning: failed to open /dev/dri/card3: Permission denied

libEGL warning: failed to open /dev/dri/card2: Permission denied

libEGL warning: failed to open /dev/dri/card1: Permission denied

libEGL warning: failed to open /dev/dri/card3: Permission denied

libEGL warning: failed to open /dev/dri/card2: Permission denied

libEGL warning: failed to open /dev/dri/card1: Permission denied

The XKEYBOARD keymap compiler (xkbcomp) reports:
> Warning:          Could not resolve keysym XF86CameraAccessEnable
> Warning:          Could not resolve keysym XF86CameraAccessDisable
> Warning:          Could not resolve keysym XF86CameraAccessToggle
> Warning:          Could not resolve keysym XF86NextElement
> Warning:          Could not resolve keysym XF86PreviousElement
> Warning:          Could not resolve keysym XF86AutopilotEngageToggle
> Warning:          Could not resolve keysym XF86MarkWaypoint
> Warning:          Could not resolve keysym XF86Sos
> Warning:          Could not resolve keysym XF86NavChart
> Warning:          Could not resolve keysym XF86FishingChart
> Warning:          Could not resolve keysym XF86SingleRangeRadar
> Warning:          Could not resolve keysym XF86DualRangeRadar
> Warning:          Could not resolve keysym XF86RadarOverlay
> Warning:          Could not resolve keysym XF86TraditionalSonar
> Warning:          Could not resolve keysym XF86ClearvuSonar
> Warning:          Could not resolve keysym XF86SidevuSonar
> Warning:          Could not resolve keysym XF86NavInfo
Errors from xkbcomp are not fatal to the X server
/vol/bitbucket/mz325/envs/como/lib/python3.10/site-packages/lightning_lite/utilities/cloud_io.py:48: FutureWarning: You are using `torch.load` with `weights_only=False` (the current default value), which uses the default pickle module implicitly. It is possible to construct malicious pickle data which will execute arbitrary code during unpickling (See https://github.com/pytorch/pytorch/blob/main/SECURITY.md#untrusted-models for more details). In a future release, the default value for `weights_only` will be flipped to `True`. This limits the functions that could be executed during unpickling. Arbitrary objects will no longer be allowed to be loaded via this mode unless they are explicitly allowlisted by the user via `torch.serialization.add_safe_globals`. We recommend you start setting `weights_only=True` for any use case where you don't have full control of the loaded file. Please open an issue on GitHub for any issues related to this experimental feature.
  return torch.load(f, map_location=map_location)
/vol/bitbucket/mz325/individual_project/como/como/geometry/lie_algebra.py:168: UserWarning: Using torch.cross without specifying the dim arg is deprecated.
Please either pass the dim explicitly or simply use torch.linalg.cross.
The default value of dim will change to agree with that of linalg.cross in a future release. (Triggered internally at /opt/conda/conda-bld/pytorch_1729647382455/work/aten/src/ATen/native/Cross.cpp:62.)
  wnorm_x_t = torch.cross(w_norm, t)
libEGL warning: failed to open /dev/dri/card3: Permission denied

libEGL warning: failed to open /dev/dri/card2: Permission denied

libEGL warning: failed to open /dev/dri/card1: Permission denied

libEGL warning: failed to open /dev/dri/card3: Permission denied

libEGL warning: failed to open /dev/dri/card2: Permission denied

libEGL warning: failed to open /dev/dri/card1: Permission denied

libEGL warning: failed to open /dev/dri/card3: Permission denied

libEGL warning: failed to open /dev/dri/card2: Permission denied

libEGL warning: failed to open /dev/dri/card1: Permission denied

The XKEYBOARD keymap compiler (xkbcomp) reports:
> Warning:          Could not resolve keysym XF86CameraAccessEnable
> Warning:          Could not resolve keysym XF86CameraAccessDisable
> Warning:          Could not resolve keysym XF86CameraAccessToggle
> Warning:          Could not resolve keysym XF86NextElement
> Warning:          Could not resolve keysym XF86PreviousElement
> Warning:          Could not resolve keysym XF86AutopilotEngageToggle
> Warning:          Could not resolve keysym XF86MarkWaypoint
> Warning:          Could not resolve keysym XF86Sos
> Warning:          Could not resolve keysym XF86NavChart
> Warning:          Could not resolve keysym XF86FishingChart
> Warning:          Could not resolve keysym XF86SingleRangeRadar
> Warning:          Could not resolve keysym XF86DualRangeRadar
> Warning:          Could not resolve keysym XF86RadarOverlay
> Warning:          Could not resolve keysym XF86TraditionalSonar
> Warning:          Could not resolve keysym XF86ClearvuSonar
> Warning:          Could not resolve keysym XF86SidevuSonar
> Warning:          Could not resolve keysym XF86NavInfo
Errors from xkbcomp are not fatal to the X server
/vol/bitbucket/mz325/envs/como/lib/python3.10/site-packages/lightning_lite/utilities/cloud_io.py:48: FutureWarning: You are using `torch.load` with `weights_only=False` (the current default value), which uses the default pickle module implicitly. It is possible to construct malicious pickle data which will execute arbitrary code during unpickling (See https://github.com/pytorch/pytorch/blob/main/SECURITY.md#untrusted-models for more details). In a future release, the default value for `weights_only` will be flipped to `True`. This limits the functions that could be executed during unpickling. Arbitrary objects will no longer be allowed to be loaded via this mode unless they are explicitly allowlisted by the user via `torch.serialization.add_safe_globals`. We recommend you start setting `weights_only=True` for any use case where you don't have full control of the loaded file. Please open an issue on GitHub for any issues related to this experimental feature.
  return torch.load(f, map_location=map_location)
/vol/bitbucket/mz325/individual_project/como/como/geometry/lie_algebra.py:168: UserWarning: Using torch.cross without specifying the dim arg is deprecated.
Please either pass the dim explicitly or simply use torch.linalg.cross.
The default value of dim will change to agree with that of linalg.cross in a future release. (Triggered internally at /opt/conda/conda-bld/pytorch_1729647382455/work/aten/src/ATen/native/Cross.cpp:62.)
  wnorm_x_t = torch.cross(w_norm, t)
libEGL warning: failed to open /dev/dri/card3: Permission denied

libEGL warning: failed to open /dev/dri/card2: Permission denied

libEGL warning: failed to open /dev/dri/card1: Permission denied

libEGL warning: failed to open /dev/dri/card3: Permission denied

libEGL warning: failed to open /dev/dri/card2: Permission denied

libEGL warning: failed to open /dev/dri/card1: Permission denied

libEGL warning: failed to open /dev/dri/card3: Permission denied

libEGL warning: failed to open /dev/dri/card2: Permission denied

libEGL warning: failed to open /dev/dri/card1: Permission denied

The XKEYBOARD keymap compiler (xkbcomp) reports:
> Warning:          Could not resolve keysym XF86CameraAccessEnable
> Warning:          Could not resolve keysym XF86CameraAccessDisable
> Warning:          Could not resolve keysym XF86CameraAccessToggle
> Warning:          Could not resolve keysym XF86NextElement
> Warning:          Could not resolve keysym XF86PreviousElement
> Warning:          Could not resolve keysym XF86AutopilotEngageToggle
> Warning:          Could not resolve keysym XF86MarkWaypoint
> Warning:          Could not resolve keysym XF86Sos
> Warning:          Could not resolve keysym XF86NavChart
> Warning:          Could not resolve keysym XF86FishingChart
> Warning:          Could not resolve keysym XF86SingleRangeRadar
> Warning:          Could not resolve keysym XF86DualRangeRadar
> Warning:          Could not resolve keysym XF86RadarOverlay
> Warning:          Could not resolve keysym XF86TraditionalSonar
> Warning:          Could not resolve keysym XF86ClearvuSonar
> Warning:          Could not resolve keysym XF86SidevuSonar
> Warning:          Could not resolve keysym XF86NavInfo
Errors from xkbcomp are not fatal to the X server
/vol/bitbucket/mz325/envs/como/lib/python3.10/site-packages/lightning_lite/utilities/cloud_io.py:48: FutureWarning: You are using `torch.load` with `weights_only=False` (the current default value), which uses the default pickle module implicitly. It is possible to construct malicious pickle data which will execute arbitrary code during unpickling (See https://github.com/pytorch/pytorch/blob/main/SECURITY.md#untrusted-models for more details). In a future release, the default value for `weights_only` will be flipped to `True`. This limits the functions that could be executed during unpickling. Arbitrary objects will no longer be allowed to be loaded via this mode unless they are explicitly allowlisted by the user via `torch.serialization.add_safe_globals`. We recommend you start setting `weights_only=True` for any use case where you don't have full control of the loaded file. Please open an issue on GitHub for any issues related to this experimental feature.
  return torch.load(f, map_location=map_location)
/vol/bitbucket/mz325/individual_project/como/como/geometry/lie_algebra.py:168: UserWarning: Using torch.cross without specifying the dim arg is deprecated.
Please either pass the dim explicitly or simply use torch.linalg.cross.
The default value of dim will change to agree with that of linalg.cross in a future release. (Triggered internally at /opt/conda/conda-bld/pytorch_1729647382455/work/aten/src/ATen/native/Cross.cpp:62.)
  wnorm_x_t = torch.cross(w_norm, t)
libEGL warning: failed to open /dev/dri/card3: Permission denied

libEGL warning: failed to open /dev/dri/card2: Permission denied

libEGL warning: failed to open /dev/dri/card1: Permission denied

libEGL warning: failed to open /dev/dri/card3: Permission denied

libEGL warning: failed to open /dev/dri/card2: Permission denied

libEGL warning: failed to open /dev/dri/card1: Permission denied

libEGL warning: failed to open /dev/dri/card3: Permission denied

libEGL warning: failed to open /dev/dri/card2: Permission denied

libEGL warning: failed to open /dev/dri/card1: Permission denied

The XKEYBOARD keymap compiler (xkbcomp) reports:
> Warning:          Could not resolve keysym XF86CameraAccessEnable
> Warning:          Could not resolve keysym XF86CameraAccessDisable
> Warning:          Could not resolve keysym XF86CameraAccessToggle
> Warning:          Could not resolve keysym XF86NextElement
> Warning:          Could not resolve keysym XF86PreviousElement
> Warning:          Could not resolve keysym XF86AutopilotEngageToggle
> Warning:          Could not resolve keysym XF86MarkWaypoint
> Warning:          Could not resolve keysym XF86Sos
> Warning:          Could not resolve keysym XF86NavChart
> Warning:          Could not resolve keysym XF86FishingChart
> Warning:          Could not resolve keysym XF86SingleRangeRadar
> Warning:          Could not resolve keysym XF86DualRangeRadar
> Warning:          Could not resolve keysym XF86RadarOverlay
> Warning:          Could not resolve keysym XF86TraditionalSonar
> Warning:          Could not resolve keysym XF86ClearvuSonar
> Warning:          Could not resolve keysym XF86SidevuSonar
> Warning:          Could not resolve keysym XF86NavInfo
Errors from xkbcomp are not fatal to the X server
/vol/bitbucket/mz325/envs/como/lib/python3.10/site-packages/lightning_lite/utilities/cloud_io.py:48: FutureWarning: You are using `torch.load` with `weights_only=False` (the current default value), which uses the default pickle module implicitly. It is possible to construct malicious pickle data which will execute arbitrary code during unpickling (See https://github.com/pytorch/pytorch/blob/main/SECURITY.md#untrusted-models for more details). In a future release, the default value for `weights_only` will be flipped to `True`. This limits the functions that could be executed during unpickling. Arbitrary objects will no longer be allowed to be loaded via this mode unless they are explicitly allowlisted by the user via `torch.serialization.add_safe_globals`. We recommend you start setting `weights_only=True` for any use case where you don't have full control of the loaded file. Please open an issue on GitHub for any issues related to this experimental feature.
  return torch.load(f, map_location=map_location)
/vol/bitbucket/mz325/individual_project/como/como/geometry/lie_algebra.py:168: UserWarning: Using torch.cross without specifying the dim arg is deprecated.
Please either pass the dim explicitly or simply use torch.linalg.cross.
The default value of dim will change to agree with that of linalg.cross in a future release. (Triggered internally at /opt/conda/conda-bld/pytorch_1729647382455/work/aten/src/ATen/native/Cross.cpp:62.)
  wnorm_x_t = torch.cross(w_norm, t)
N5utils18PostconditionPanicE
in RenderableManager::Builder::Result filament::RenderableManager::Builder::build(filament::Engine &, utils::Entity):236
reason: [entity=403] AABB can't be empty, unless culling is disabled and the object is not a shadow caster/receiver
#0	pybind.cpython-310-x86_64-linux-gnu.so     0x730be328ecd0 (null) + 126494892944592
#1	pybind.cpython-310-x86_64-linux-gnu.so     0x730be31e5c3a (null) + 126494892252218
#2	pybind.cpython-310-x86_64-linux-gnu.so     0x730bd900c647 (null) + 126494722541127
#3	pybind.cpython-310-x86_64-linux-gnu.so     0x730bd900f517 (null) + 126494722553111
#4	pybind.cpython-310-x86_64-linux-gnu.so     0x730bd8fad22a (null) + 126494722150954
#5	pybind.cpython-310-x86_64-linux-gnu.so     0x730bd60a317c (null) + 126494672826748
#6	pybind.cpython-310-x86_64-linux-gnu.so     0x730bd6470cda (null) + 126494676815066
#7	python                              0x58f329e50446 (null) + 97801403171910
#8	python                              0x58f329e4997b _PyObject_MakeTpCall + 619
#9	python                              0x58f329e5c6e6 (null) + 97801403221734
#10	python                              0x58f329e45022 _PyEval_EvalFrameDefault + 19474
#11	python                              0x58f329e508cc _PyFunction_Vectorcall + 108
#12	python                              0x58f329e40b3c _PyEval_EvalFrameDefault + 1836
#13	python                              0x58f329e508cc _PyFunction_Vectorcall + 108
#14	pybind.cpython-310-x86_64-linux-gnu.so     0x730bd6345b81 (null) + 126494675590017
#15	pybind.cpython-310-x86_64-linux-gnu.so     0x730bd612d178 (null) + 126494673391992
#16	pybind.cpython-310-x86_64-linux-gnu.so     0x730bd901a405 (null) + 126494722597893
#17	pybind.cpython-310-x86_64-linux-gnu.so     0x730bd901a82d (null) + 126494722598957


Traceback (most recent call last):
  File "/vol/bitbucket/mz325/individual_project/como/como/como_dataset.py", line 37, in <module>
    main(dataset)
  File "/vol/bitbucket/mz325/individual_project/como/como/como_dataset.py", line 25, in main
    app.run()
  File "/vol/bitbucket/mz325/individual_project/como/como/odom/sequential/ComoSeq.py", line 67, in <lambda>
    self.window, lambda: self.update_pose_render(tracked_pose)
  File "/vol/bitbucket/mz325/individual_project/como/como/gui/GuiWindow.py", line 521, in update_pose_render
    self.widget3d.scene.add_geometry("est_traj", est_traj_geo, self.line_mat)
RuntimeError: Caught an unknown exception!
/vol/bitbucket/mz325/envs/como/lib/python3.10/site-packages/numpy/linalg/linalg.py:2180: RuntimeWarning: invalid value encountered in det
  r = _umath_linalg.det(a, signature=signature)
Exception in thread UpdateMain:
Traceback (most recent call last):
  File "/vol/bitbucket/mz325/envs/como/lib/python3.10/threading.py", line 1016, in _bootstrap_inner
    self.run()
  File "/vol/bitbucket/mz325/envs/como/lib/python3.10/threading.py", line 953, in run
    self._target(*self._args, **self._kwargs)
  File "/vol/bitbucket/mz325/individual_project/como/como/gui/GuiWindow.py", line 598, in update_main
    self._on_close()
  File "/vol/bitbucket/mz325/individual_project/como/como/gui/GuiWindow.py", line 375, in _on_close
    self.save_traj()
  File "/vol/bitbucket/mz325/individual_project/como/como/gui/GuiWindow.py", line 365, in save_traj
    save_traj(filename, kf_timestamps, kf_poses)
  File "/vol/bitbucket/mz325/individual_project/como/como/utils/io.py", line 8, in save_traj
    tq = pose_to_tq(poses[i, :, :])
  File "/vol/bitbucket/mz325/individual_project/como/como/geometry/lie_algebra.py", line 13, in pose_to_tq
    q = Rotation.from_matrix(pose[:3, :3]).as_quat()
  File "_rotation.pyx", line 1152, in scipy.spatial.transform._rotation.Rotation.from_matrix
  File "/vol/bitbucket/mz325/envs/como/lib/python3.10/site-packages/numpy/linalg/linalg.py", line 1681, in svd
    u, s, vh = gufunc(a, signature=signature, extobj=extobj)
  File "/vol/bitbucket/mz325/envs/como/lib/python3.10/site-packages/numpy/linalg/linalg.py", line 121, in _raise_linalgerror_svd_nonconvergence
    raise LinAlgError("SVD did not converge")
numpy.linalg.LinAlgError: SVD did not converge
libEGL warning: failed to open /dev/dri/card3: Permission denied

libEGL warning: failed to open /dev/dri/card2: Permission denied

libEGL warning: failed to open /dev/dri/card1: Permission denied

libEGL warning: failed to open /dev/dri/card3: Permission denied

libEGL warning: failed to open /dev/dri/card2: Permission denied

libEGL warning: failed to open /dev/dri/card1: Permission denied

libEGL warning: failed to open /dev/dri/card3: Permission denied

libEGL warning: failed to open /dev/dri/card2: Permission denied

libEGL warning: failed to open /dev/dri/card1: Permission denied

The XKEYBOARD keymap compiler (xkbcomp) reports:
> Warning:          Could not resolve keysym XF86CameraAccessEnable
> Warning:          Could not resolve keysym XF86CameraAccessDisable
> Warning:          Could not resolve keysym XF86CameraAccessToggle
> Warning:          Could not resolve keysym XF86NextElement
> Warning:          Could not resolve keysym XF86PreviousElement
> Warning:          Could not resolve keysym XF86AutopilotEngageToggle
> Warning:          Could not resolve keysym XF86MarkWaypoint
> Warning:          Could not resolve keysym XF86Sos
> Warning:          Could not resolve keysym XF86NavChart
> Warning:          Could not resolve keysym XF86FishingChart
> Warning:          Could not resolve keysym XF86SingleRangeRadar
> Warning:          Could not resolve keysym XF86DualRangeRadar
> Warning:          Could not resolve keysym XF86RadarOverlay
> Warning:          Could not resolve keysym XF86TraditionalSonar
> Warning:          Could not resolve keysym XF86ClearvuSonar
> Warning:          Could not resolve keysym XF86SidevuSonar
> Warning:          Could not resolve keysym XF86NavInfo
Errors from xkbcomp are not fatal to the X server
/vol/bitbucket/mz325/envs/como/lib/python3.10/site-packages/lightning_lite/utilities/cloud_io.py:48: FutureWarning: You are using `torch.load` with `weights_only=False` (the current default value), which uses the default pickle module implicitly. It is possible to construct malicious pickle data which will execute arbitrary code during unpickling (See https://github.com/pytorch/pytorch/blob/main/SECURITY.md#untrusted-models for more details). In a future release, the default value for `weights_only` will be flipped to `True`. This limits the functions that could be executed during unpickling. Arbitrary objects will no longer be allowed to be loaded via this mode unless they are explicitly allowlisted by the user via `torch.serialization.add_safe_globals`. We recommend you start setting `weights_only=True` for any use case where you don't have full control of the loaded file. Please open an issue on GitHub for any issues related to this experimental feature.
  return torch.load(f, map_location=map_location)
/vol/bitbucket/mz325/individual_project/como/como/geometry/lie_algebra.py:168: UserWarning: Using torch.cross without specifying the dim arg is deprecated.
Please either pass the dim explicitly or simply use torch.linalg.cross.
The default value of dim will change to agree with that of linalg.cross in a future release. (Triggered internally at /opt/conda/conda-bld/pytorch_1729647382455/work/aten/src/ATen/native/Cross.cpp:62.)
  wnorm_x_t = torch.cross(w_norm, t)
N5utils18PostconditionPanicE
in RenderableManager::Builder::Result filament::RenderableManager::Builder::build(filament::Engine &, utils::Entity):236
reason: [entity=434] AABB can't be empty, unless culling is disabled and the object is not a shadow caster/receiver
#0	pybind.cpython-310-x86_64-linux-gnu.so     0x7058f6192cd0 (null) + 123527388277968
#1	pybind.cpython-310-x86_64-linux-gnu.so     0x7058f60e9c3a (null) + 123527387585594
#2	pybind.cpython-310-x86_64-linux-gnu.so     0x7058ebf10647 (null) + 123527217874503
#3	pybind.cpython-310-x86_64-linux-gnu.so     0x7058ebf13517 (null) + 123527217886487
#4	pybind.cpython-310-x86_64-linux-gnu.so     0x7058ebeb122a (null) + 123527217484330
#5	pybind.cpython-310-x86_64-linux-gnu.so     0x7058e8fa717c (null) + 123527168160124
#6	pybind.cpython-310-x86_64-linux-gnu.so     0x7058e9374cda (null) + 123527172148442
#7	python                              0x58ce9016e446 (null) + 97644203926598
#8	python                              0x58ce9016797b _PyObject_MakeTpCall + 619
#9	python                              0x58ce9017a6e6 (null) + 97644203976422
#10	python                              0x58ce90163022 _PyEval_EvalFrameDefault + 19474
#11	python                              0x58ce9016e8cc _PyFunction_Vectorcall + 108
#12	python                              0x58ce9015eb3c _PyEval_EvalFrameDefault + 1836
#13	python                              0x58ce9016e8cc _PyFunction_Vectorcall + 108
#14	pybind.cpython-310-x86_64-linux-gnu.so     0x7058e9249b81 (null) + 123527170923393
#15	pybind.cpython-310-x86_64-linux-gnu.so     0x7058e9031178 (null) + 123527168725368
#16	pybind.cpython-310-x86_64-linux-gnu.so     0x7058ebf1e405 (null) + 123527217931269
#17	pybind.cpython-310-x86_64-linux-gnu.so     0x7058ebf1e82d (null) + 123527217932333


Traceback (most recent call last):
  File "/vol/bitbucket/mz325/individual_project/como/como/como_dataset.py", line 37, in <module>
    main(dataset)
  File "/vol/bitbucket/mz325/individual_project/como/como/como_dataset.py", line 25, in main
    app.run()
  File "/vol/bitbucket/mz325/individual_project/como/como/odom/sequential/ComoSeq.py", line 67, in <lambda>
    self.window, lambda: self.update_pose_render(tracked_pose)
  File "/vol/bitbucket/mz325/individual_project/como/como/gui/GuiWindow.py", line 521, in update_pose_render
    self.widget3d.scene.add_geometry("est_traj", est_traj_geo, self.line_mat)
RuntimeError: Caught an unknown exception!
/vol/bitbucket/mz325/envs/como/lib/python3.10/site-packages/numpy/linalg/linalg.py:2180: RuntimeWarning: invalid value encountered in det
  r = _umath_linalg.det(a, signature=signature)
Exception in thread UpdateMain:
Traceback (most recent call last):
  File "/vol/bitbucket/mz325/envs/como/lib/python3.10/threading.py", line 1016, in _bootstrap_inner
    self.run()
  File "/vol/bitbucket/mz325/envs/como/lib/python3.10/threading.py", line 953, in run
    self._target(*self._args, **self._kwargs)
  File "/vol/bitbucket/mz325/individual_project/como/como/gui/GuiWindow.py", line 598, in update_main
    self._on_close()
  File "/vol/bitbucket/mz325/individual_project/como/como/gui/GuiWindow.py", line 375, in _on_close
    self.save_traj()
  File "/vol/bitbucket/mz325/individual_project/como/como/gui/GuiWindow.py", line 365, in save_traj
    save_traj(filename, kf_timestamps, kf_poses)
  File "/vol/bitbucket/mz325/individual_project/como/como/utils/io.py", line 8, in save_traj
    tq = pose_to_tq(poses[i, :, :])
  File "/vol/bitbucket/mz325/individual_project/como/como/geometry/lie_algebra.py", line 13, in pose_to_tq
    q = Rotation.from_matrix(pose[:3, :3]).as_quat()
  File "_rotation.pyx", line 1152, in scipy.spatial.transform._rotation.Rotation.from_matrix
  File "/vol/bitbucket/mz325/envs/como/lib/python3.10/site-packages/numpy/linalg/linalg.py", line 1681, in svd
    u, s, vh = gufunc(a, signature=signature, extobj=extobj)
  File "/vol/bitbucket/mz325/envs/como/lib/python3.10/site-packages/numpy/linalg/linalg.py", line 121, in _raise_linalgerror_svd_nonconvergence
    raise LinAlgError("SVD did not converge")
numpy.linalg.LinAlgError: SVD did not converge
libEGL warning: failed to open /dev/dri/card3: Permission denied

libEGL warning: failed to open /dev/dri/card2: Permission denied

libEGL warning: failed to open /dev/dri/card1: Permission denied

libEGL warning: failed to open /dev/dri/card3: Permission denied

libEGL warning: failed to open /dev/dri/card2: Permission denied

libEGL warning: failed to open /dev/dri/card1: Permission denied

libEGL warning: failed to open /dev/dri/card3: Permission denied

libEGL warning: failed to open /dev/dri/card2: Permission denied

libEGL warning: failed to open /dev/dri/card1: Permission denied

The XKEYBOARD keymap compiler (xkbcomp) reports:
> Warning:          Could not resolve keysym XF86CameraAccessEnable
> Warning:          Could not resolve keysym XF86CameraAccessDisable
> Warning:          Could not resolve keysym XF86CameraAccessToggle
> Warning:          Could not resolve keysym XF86NextElement
> Warning:          Could not resolve keysym XF86PreviousElement
> Warning:          Could not resolve keysym XF86AutopilotEngageToggle
> Warning:          Could not resolve keysym XF86MarkWaypoint
> Warning:          Could not resolve keysym XF86Sos
> Warning:          Could not resolve keysym XF86NavChart
> Warning:          Could not resolve keysym XF86FishingChart
> Warning:          Could not resolve keysym XF86SingleRangeRadar
> Warning:          Could not resolve keysym XF86DualRangeRadar
> Warning:          Could not resolve keysym XF86RadarOverlay
> Warning:          Could not resolve keysym XF86TraditionalSonar
> Warning:          Could not resolve keysym XF86ClearvuSonar
> Warning:          Could not resolve keysym XF86SidevuSonar
> Warning:          Could not resolve keysym XF86NavInfo
Errors from xkbcomp are not fatal to the X server
/vol/bitbucket/mz325/envs/como/lib/python3.10/site-packages/lightning_lite/utilities/cloud_io.py:48: FutureWarning: You are using `torch.load` with `weights_only=False` (the current default value), which uses the default pickle module implicitly. It is possible to construct malicious pickle data which will execute arbitrary code during unpickling (See https://github.com/pytorch/pytorch/blob/main/SECURITY.md#untrusted-models for more details). In a future release, the default value for `weights_only` will be flipped to `True`. This limits the functions that could be executed during unpickling. Arbitrary objects will no longer be allowed to be loaded via this mode unless they are explicitly allowlisted by the user via `torch.serialization.add_safe_globals`. We recommend you start setting `weights_only=True` for any use case where you don't have full control of the loaded file. Please open an issue on GitHub for any issues related to this experimental feature.
  return torch.load(f, map_location=map_location)
/vol/bitbucket/mz325/individual_project/como/como/geometry/lie_algebra.py:168: UserWarning: Using torch.cross without specifying the dim arg is deprecated.
Please either pass the dim explicitly or simply use torch.linalg.cross.
The default value of dim will change to agree with that of linalg.cross in a future release. (Triggered internally at /opt/conda/conda-bld/pytorch_1729647382455/work/aten/src/ATen/native/Cross.cpp:62.)
  wnorm_x_t = torch.cross(w_norm, t)
N5utils18PostconditionPanicE
in RenderableManager::Builder::Result filament::RenderableManager::Builder::build(filament::Engine &, utils::Entity):236
reason: [entity=450] AABB can't be empty, unless culling is disabled and the object is not a shadow caster/receiver
#0	pybind.cpython-310-x86_64-linux-gnu.so     0x788d1de46cd0 (null) + 132547487231184
#1	pybind.cpython-310-x86_64-linux-gnu.so     0x788d1dd9dc3a (null) + 132547486538810
#2	pybind.cpython-310-x86_64-linux-gnu.so     0x788d13bc4647 (null) + 132547316827719
#3	pybind.cpython-310-x86_64-linux-gnu.so     0x788d13bc7517 (null) + 132547316839703
#4	pybind.cpython-310-x86_64-linux-gnu.so     0x788d13b6522a (null) + 132547316437546
#5	pybind.cpython-310-x86_64-linux-gnu.so     0x788d10c5b17c (null) + 132547267113340
#6	pybind.cpython-310-x86_64-linux-gnu.so     0x788d11028cda (null) + 132547271101658
#7	python                              0x56e78b8f2446 (null) + 95552478848070
#8	python                              0x56e78b8eb97b _PyObject_MakeTpCall + 619
#9	python                              0x56e78b8fe6e6 (null) + 95552478897894
#10	python                              0x56e78b8e7022 _PyEval_EvalFrameDefault + 19474
#11	python                              0x56e78b8f28cc _PyFunction_Vectorcall + 108
#12	python                              0x56e78b8e2b3c _PyEval_EvalFrameDefault + 1836
#13	python                              0x56e78b8f28cc _PyFunction_Vectorcall + 108
#14	pybind.cpython-310-x86_64-linux-gnu.so     0x788d10efdb81 (null) + 132547269876609
#15	pybind.cpython-310-x86_64-linux-gnu.so     0x788d10ce5178 (null) + 132547267678584
#16	pybind.cpython-310-x86_64-linux-gnu.so     0x788d13bd2405 (null) + 132547316884485
#17	pybind.cpython-310-x86_64-linux-gnu.so     0x788d13bd282d (null) + 132547316885549


Traceback (most recent call last):
  File "/vol/bitbucket/mz325/individual_project/como/como/como_dataset.py", line 37, in <module>
    main(dataset)
  File "/vol/bitbucket/mz325/individual_project/como/como/como_dataset.py", line 25, in main
    app.run()
  File "/vol/bitbucket/mz325/individual_project/como/como/odom/sequential/ComoSeq.py", line 67, in <lambda>
    self.window, lambda: self.update_pose_render(tracked_pose)
  File "/vol/bitbucket/mz325/individual_project/como/como/gui/GuiWindow.py", line 521, in update_pose_render
    self.widget3d.scene.add_geometry("est_traj", est_traj_geo, self.line_mat)
RuntimeError: Caught an unknown exception!
/vol/bitbucket/mz325/envs/como/lib/python3.10/site-packages/numpy/linalg/linalg.py:2180: RuntimeWarning: invalid value encountered in det
  r = _umath_linalg.det(a, signature=signature)
Exception in thread UpdateMain:
Traceback (most recent call last):
  File "/vol/bitbucket/mz325/envs/como/lib/python3.10/threading.py", line 1016, in _bootstrap_inner
    self.run()
  File "/vol/bitbucket/mz325/envs/como/lib/python3.10/threading.py", line 953, in run
    self._target(*self._args, **self._kwargs)
  File "/vol/bitbucket/mz325/individual_project/como/como/gui/GuiWindow.py", line 598, in update_main
    self._on_close()
  File "/vol/bitbucket/mz325/individual_project/como/como/gui/GuiWindow.py", line 375, in _on_close
    self.save_traj()
  File "/vol/bitbucket/mz325/individual_project/como/como/gui/GuiWindow.py", line 365, in save_traj
    save_traj(filename, kf_timestamps, kf_poses)
  File "/vol/bitbucket/mz325/individual_project/como/como/utils/io.py", line 8, in save_traj
    tq = pose_to_tq(poses[i, :, :])
  File "/vol/bitbucket/mz325/individual_project/como/como/geometry/lie_algebra.py", line 13, in pose_to_tq
    q = Rotation.from_matrix(pose[:3, :3]).as_quat()
  File "_rotation.pyx", line 1152, in scipy.spatial.transform._rotation.Rotation.from_matrix
  File "/vol/bitbucket/mz325/envs/como/lib/python3.10/site-packages/numpy/linalg/linalg.py", line 1681, in svd
    u, s, vh = gufunc(a, signature=signature, extobj=extobj)
  File "/vol/bitbucket/mz325/envs/como/lib/python3.10/site-packages/numpy/linalg/linalg.py", line 121, in _raise_linalgerror_svd_nonconvergence
    raise LinAlgError("SVD did not converge")
numpy.linalg.LinAlgError: SVD did not converge
libEGL warning: failed to open /dev/dri/card3: Permission denied

libEGL warning: failed to open /dev/dri/card2: Permission denied

libEGL warning: failed to open /dev/dri/card1: Permission denied

libEGL warning: failed to open /dev/dri/card3: Permission denied

libEGL warning: failed to open /dev/dri/card2: Permission denied

libEGL warning: failed to open /dev/dri/card1: Permission denied

libEGL warning: failed to open /dev/dri/card3: Permission denied

libEGL warning: failed to open /dev/dri/card2: Permission denied

libEGL warning: failed to open /dev/dri/card1: Permission denied

The XKEYBOARD keymap compiler (xkbcomp) reports:
> Warning:          Could not resolve keysym XF86CameraAccessEnable
> Warning:          Could not resolve keysym XF86CameraAccessDisable
> Warning:          Could not resolve keysym XF86CameraAccessToggle
> Warning:          Could not resolve keysym XF86NextElement
> Warning:          Could not resolve keysym XF86PreviousElement
> Warning:          Could not resolve keysym XF86AutopilotEngageToggle
> Warning:          Could not resolve keysym XF86MarkWaypoint
> Warning:          Could not resolve keysym XF86Sos
> Warning:          Could not resolve keysym XF86NavChart
> Warning:          Could not resolve keysym XF86FishingChart
> Warning:          Could not resolve keysym XF86SingleRangeRadar
> Warning:          Could not resolve keysym XF86DualRangeRadar
> Warning:          Could not resolve keysym XF86RadarOverlay
> Warning:          Could not resolve keysym XF86TraditionalSonar
> Warning:          Could not resolve keysym XF86ClearvuSonar
> Warning:          Could not resolve keysym XF86SidevuSonar
> Warning:          Could not resolve keysym XF86NavInfo
Errors from xkbcomp are not fatal to the X server
/vol/bitbucket/mz325/envs/como/lib/python3.10/site-packages/lightning_lite/utilities/cloud_io.py:48: FutureWarning: You are using `torch.load` with `weights_only=False` (the current default value), which uses the default pickle module implicitly. It is possible to construct malicious pickle data which will execute arbitrary code during unpickling (See https://github.com/pytorch/pytorch/blob/main/SECURITY.md#untrusted-models for more details). In a future release, the default value for `weights_only` will be flipped to `True`. This limits the functions that could be executed during unpickling. Arbitrary objects will no longer be allowed to be loaded via this mode unless they are explicitly allowlisted by the user via `torch.serialization.add_safe_globals`. We recommend you start setting `weights_only=True` for any use case where you don't have full control of the loaded file. Please open an issue on GitHub for any issues related to this experimental feature.
  return torch.load(f, map_location=map_location)
/vol/bitbucket/mz325/individual_project/como/como/geometry/lie_algebra.py:168: UserWarning: Using torch.cross without specifying the dim arg is deprecated.
Please either pass the dim explicitly or simply use torch.linalg.cross.
The default value of dim will change to agree with that of linalg.cross in a future release. (Triggered internally at /opt/conda/conda-bld/pytorch_1729647382455/work/aten/src/ATen/native/Cross.cpp:62.)
  wnorm_x_t = torch.cross(w_norm, t)
libEGL warning: failed to open /dev/dri/card3: Permission denied

libEGL warning: failed to open /dev/dri/card2: Permission denied

libEGL warning: failed to open /dev/dri/card1: Permission denied

libEGL warning: failed to open /dev/dri/card3: Permission denied

libEGL warning: failed to open /dev/dri/card2: Permission denied

libEGL warning: failed to open /dev/dri/card1: Permission denied

libEGL warning: failed to open /dev/dri/card3: Permission denied

libEGL warning: failed to open /dev/dri/card2: Permission denied

libEGL warning: failed to open /dev/dri/card1: Permission denied

The XKEYBOARD keymap compiler (xkbcomp) reports:
> Warning:          Could not resolve keysym XF86CameraAccessEnable
> Warning:          Could not resolve keysym XF86CameraAccessDisable
> Warning:          Could not resolve keysym XF86CameraAccessToggle
> Warning:          Could not resolve keysym XF86NextElement
> Warning:          Could not resolve keysym XF86PreviousElement
> Warning:          Could not resolve keysym XF86AutopilotEngageToggle
> Warning:          Could not resolve keysym XF86MarkWaypoint
> Warning:          Could not resolve keysym XF86Sos
> Warning:          Could not resolve keysym XF86NavChart
> Warning:          Could not resolve keysym XF86FishingChart
> Warning:          Could not resolve keysym XF86SingleRangeRadar
> Warning:          Could not resolve keysym XF86DualRangeRadar
> Warning:          Could not resolve keysym XF86RadarOverlay
> Warning:          Could not resolve keysym XF86TraditionalSonar
> Warning:          Could not resolve keysym XF86ClearvuSonar
> Warning:          Could not resolve keysym XF86SidevuSonar
> Warning:          Could not resolve keysym XF86NavInfo
Errors from xkbcomp are not fatal to the X server
/vol/bitbucket/mz325/envs/como/lib/python3.10/site-packages/lightning_lite/utilities/cloud_io.py:48: FutureWarning: You are using `torch.load` with `weights_only=False` (the current default value), which uses the default pickle module implicitly. It is possible to construct malicious pickle data which will execute arbitrary code during unpickling (See https://github.com/pytorch/pytorch/blob/main/SECURITY.md#untrusted-models for more details). In a future release, the default value for `weights_only` will be flipped to `True`. This limits the functions that could be executed during unpickling. Arbitrary objects will no longer be allowed to be loaded via this mode unless they are explicitly allowlisted by the user via `torch.serialization.add_safe_globals`. We recommend you start setting `weights_only=True` for any use case where you don't have full control of the loaded file. Please open an issue on GitHub for any issues related to this experimental feature.
  return torch.load(f, map_location=map_location)
/vol/bitbucket/mz325/individual_project/como/como/geometry/lie_algebra.py:168: UserWarning: Using torch.cross without specifying the dim arg is deprecated.
Please either pass the dim explicitly or simply use torch.linalg.cross.
The default value of dim will change to agree with that of linalg.cross in a future release. (Triggered internally at /opt/conda/conda-bld/pytorch_1729647382455/work/aten/src/ATen/native/Cross.cpp:62.)
  wnorm_x_t = torch.cross(w_norm, t)
libEGL warning: failed to open /dev/dri/card3: Permission denied

libEGL warning: failed to open /dev/dri/card2: Permission denied

libEGL warning: failed to open /dev/dri/card1: Permission denied

libEGL warning: failed to open /dev/dri/card3: Permission denied

libEGL warning: failed to open /dev/dri/card2: Permission denied

libEGL warning: failed to open /dev/dri/card1: Permission denied

libEGL warning: failed to open /dev/dri/card3: Permission denied

libEGL warning: failed to open /dev/dri/card2: Permission denied

libEGL warning: failed to open /dev/dri/card1: Permission denied

The XKEYBOARD keymap compiler (xkbcomp) reports:
> Warning:          Could not resolve keysym XF86CameraAccessEnable
> Warning:          Could not resolve keysym XF86CameraAccessDisable
> Warning:          Could not resolve keysym XF86CameraAccessToggle
> Warning:          Could not resolve keysym XF86NextElement
> Warning:          Could not resolve keysym XF86PreviousElement
> Warning:          Could not resolve keysym XF86AutopilotEngageToggle
> Warning:          Could not resolve keysym XF86MarkWaypoint
> Warning:          Could not resolve keysym XF86Sos
> Warning:          Could not resolve keysym XF86NavChart
> Warning:          Could not resolve keysym XF86FishingChart
> Warning:          Could not resolve keysym XF86SingleRangeRadar
> Warning:          Could not resolve keysym XF86DualRangeRadar
> Warning:          Could not resolve keysym XF86RadarOverlay
> Warning:          Could not resolve keysym XF86TraditionalSonar
> Warning:          Could not resolve keysym XF86ClearvuSonar
> Warning:          Could not resolve keysym XF86SidevuSonar
> Warning:          Could not resolve keysym XF86NavInfo
Errors from xkbcomp are not fatal to the X server
/vol/bitbucket/mz325/envs/como/lib/python3.10/site-packages/lightning_lite/utilities/cloud_io.py:48: FutureWarning: You are using `torch.load` with `weights_only=False` (the current default value), which uses the default pickle module implicitly. It is possible to construct malicious pickle data which will execute arbitrary code during unpickling (See https://github.com/pytorch/pytorch/blob/main/SECURITY.md#untrusted-models for more details). In a future release, the default value for `weights_only` will be flipped to `True`. This limits the functions that could be executed during unpickling. Arbitrary objects will no longer be allowed to be loaded via this mode unless they are explicitly allowlisted by the user via `torch.serialization.add_safe_globals`. We recommend you start setting `weights_only=True` for any use case where you don't have full control of the loaded file. Please open an issue on GitHub for any issues related to this experimental feature.
  return torch.load(f, map_location=map_location)
/vol/bitbucket/mz325/individual_project/como/como/geometry/lie_algebra.py:168: UserWarning: Using torch.cross without specifying the dim arg is deprecated.
Please either pass the dim explicitly or simply use torch.linalg.cross.
The default value of dim will change to agree with that of linalg.cross in a future release. (Triggered internally at /opt/conda/conda-bld/pytorch_1729647382455/work/aten/src/ATen/native/Cross.cpp:62.)
  wnorm_x_t = torch.cross(w_norm, t)
libEGL warning: failed to open /dev/dri/card3: Permission denied

libEGL warning: failed to open /dev/dri/card2: Permission denied

libEGL warning: failed to open /dev/dri/card1: Permission denied

libEGL warning: failed to open /dev/dri/card3: Permission denied

libEGL warning: failed to open /dev/dri/card2: Permission denied

libEGL warning: failed to open /dev/dri/card1: Permission denied

libEGL warning: failed to open /dev/dri/card3: Permission denied

libEGL warning: failed to open /dev/dri/card2: Permission denied

libEGL warning: failed to open /dev/dri/card1: Permission denied

The XKEYBOARD keymap compiler (xkbcomp) reports:
> Warning:          Could not resolve keysym XF86CameraAccessEnable
> Warning:          Could not resolve keysym XF86CameraAccessDisable
> Warning:          Could not resolve keysym XF86CameraAccessToggle
> Warning:          Could not resolve keysym XF86NextElement
> Warning:          Could not resolve keysym XF86PreviousElement
> Warning:          Could not resolve keysym XF86AutopilotEngageToggle
> Warning:          Could not resolve keysym XF86MarkWaypoint
> Warning:          Could not resolve keysym XF86Sos
> Warning:          Could not resolve keysym XF86NavChart
> Warning:          Could not resolve keysym XF86FishingChart
> Warning:          Could not resolve keysym XF86SingleRangeRadar
> Warning:          Could not resolve keysym XF86DualRangeRadar
> Warning:          Could not resolve keysym XF86RadarOverlay
> Warning:          Could not resolve keysym XF86TraditionalSonar
> Warning:          Could not resolve keysym XF86ClearvuSonar
> Warning:          Could not resolve keysym XF86SidevuSonar
> Warning:          Could not resolve keysym XF86NavInfo
Errors from xkbcomp are not fatal to the X server
/vol/bitbucket/mz325/envs/como/lib/python3.10/site-packages/lightning_lite/utilities/cloud_io.py:48: FutureWarning: You are using `torch.load` with `weights_only=False` (the current default value), which uses the default pickle module implicitly. It is possible to construct malicious pickle data which will execute arbitrary code during unpickling (See https://github.com/pytorch/pytorch/blob/main/SECURITY.md#untrusted-models for more details). In a future release, the default value for `weights_only` will be flipped to `True`. This limits the functions that could be executed during unpickling. Arbitrary objects will no longer be allowed to be loaded via this mode unless they are explicitly allowlisted by the user via `torch.serialization.add_safe_globals`. We recommend you start setting `weights_only=True` for any use case where you don't have full control of the loaded file. Please open an issue on GitHub for any issues related to this experimental feature.
  return torch.load(f, map_location=map_location)
/vol/bitbucket/mz325/individual_project/como/como/geometry/lie_algebra.py:168: UserWarning: Using torch.cross without specifying the dim arg is deprecated.
Please either pass the dim explicitly or simply use torch.linalg.cross.
The default value of dim will change to agree with that of linalg.cross in a future release. (Triggered internally at /opt/conda/conda-bld/pytorch_1729647382455/work/aten/src/ATen/native/Cross.cpp:62.)
  wnorm_x_t = torch.cross(w_norm, t)
libEGL warning: failed to open /dev/dri/card3: Permission denied

libEGL warning: failed to open /dev/dri/card2: Permission denied

libEGL warning: failed to open /dev/dri/card1: Permission denied

libEGL warning: failed to open /dev/dri/card3: Permission denied

libEGL warning: failed to open /dev/dri/card2: Permission denied

libEGL warning: failed to open /dev/dri/card1: Permission denied

libEGL warning: failed to open /dev/dri/card3: Permission denied

libEGL warning: failed to open /dev/dri/card2: Permission denied

libEGL warning: failed to open /dev/dri/card1: Permission denied

The XKEYBOARD keymap compiler (xkbcomp) reports:
> Warning:          Could not resolve keysym XF86CameraAccessEnable
> Warning:          Could not resolve keysym XF86CameraAccessDisable
> Warning:          Could not resolve keysym XF86CameraAccessToggle
> Warning:          Could not resolve keysym XF86NextElement
> Warning:          Could not resolve keysym XF86PreviousElement
> Warning:          Could not resolve keysym XF86AutopilotEngageToggle
> Warning:          Could not resolve keysym XF86MarkWaypoint
> Warning:          Could not resolve keysym XF86Sos
> Warning:          Could not resolve keysym XF86NavChart
> Warning:          Could not resolve keysym XF86FishingChart
> Warning:          Could not resolve keysym XF86SingleRangeRadar
> Warning:          Could not resolve keysym XF86DualRangeRadar
> Warning:          Could not resolve keysym XF86RadarOverlay
> Warning:          Could not resolve keysym XF86TraditionalSonar
> Warning:          Could not resolve keysym XF86ClearvuSonar
> Warning:          Could not resolve keysym XF86SidevuSonar
> Warning:          Could not resolve keysym XF86NavInfo
Errors from xkbcomp are not fatal to the X server
/vol/bitbucket/mz325/envs/como/lib/python3.10/site-packages/lightning_lite/utilities/cloud_io.py:48: FutureWarning: You are using `torch.load` with `weights_only=False` (the current default value), which uses the default pickle module implicitly. It is possible to construct malicious pickle data which will execute arbitrary code during unpickling (See https://github.com/pytorch/pytorch/blob/main/SECURITY.md#untrusted-models for more details). In a future release, the default value for `weights_only` will be flipped to `True`. This limits the functions that could be executed during unpickling. Arbitrary objects will no longer be allowed to be loaded via this mode unless they are explicitly allowlisted by the user via `torch.serialization.add_safe_globals`. We recommend you start setting `weights_only=True` for any use case where you don't have full control of the loaded file. Please open an issue on GitHub for any issues related to this experimental feature.
  return torch.load(f, map_location=map_location)
/vol/bitbucket/mz325/individual_project/como/como/geometry/lie_algebra.py:168: UserWarning: Using torch.cross without specifying the dim arg is deprecated.
Please either pass the dim explicitly or simply use torch.linalg.cross.
The default value of dim will change to agree with that of linalg.cross in a future release. (Triggered internally at /opt/conda/conda-bld/pytorch_1729647382455/work/aten/src/ATen/native/Cross.cpp:62.)
  wnorm_x_t = torch.cross(w_norm, t)
libEGL warning: failed to open /dev/dri/card3: Permission denied

libEGL warning: failed to open /dev/dri/card2: Permission denied

libEGL warning: failed to open /dev/dri/card1: Permission denied

libEGL warning: failed to open /dev/dri/card3: Permission denied

libEGL warning: failed to open /dev/dri/card2: Permission denied

libEGL warning: failed to open /dev/dri/card1: Permission denied

libEGL warning: failed to open /dev/dri/card3: Permission denied

libEGL warning: failed to open /dev/dri/card2: Permission denied

libEGL warning: failed to open /dev/dri/card1: Permission denied

The XKEYBOARD keymap compiler (xkbcomp) reports:
> Warning:          Could not resolve keysym XF86CameraAccessEnable
> Warning:          Could not resolve keysym XF86CameraAccessDisable
> Warning:          Could not resolve keysym XF86CameraAccessToggle
> Warning:          Could not resolve keysym XF86NextElement
> Warning:          Could not resolve keysym XF86PreviousElement
> Warning:          Could not resolve keysym XF86AutopilotEngageToggle
> Warning:          Could not resolve keysym XF86MarkWaypoint
> Warning:          Could not resolve keysym XF86Sos
> Warning:          Could not resolve keysym XF86NavChart
> Warning:          Could not resolve keysym XF86FishingChart
> Warning:          Could not resolve keysym XF86SingleRangeRadar
> Warning:          Could not resolve keysym XF86DualRangeRadar
> Warning:          Could not resolve keysym XF86RadarOverlay
> Warning:          Could not resolve keysym XF86TraditionalSonar
> Warning:          Could not resolve keysym XF86ClearvuSonar
> Warning:          Could not resolve keysym XF86SidevuSonar
> Warning:          Could not resolve keysym XF86NavInfo
Errors from xkbcomp are not fatal to the X server
/vol/bitbucket/mz325/envs/como/lib/python3.10/site-packages/lightning_lite/utilities/cloud_io.py:48: FutureWarning: You are using `torch.load` with `weights_only=False` (the current default value), which uses the default pickle module implicitly. It is possible to construct malicious pickle data which will execute arbitrary code during unpickling (See https://github.com/pytorch/pytorch/blob/main/SECURITY.md#untrusted-models for more details). In a future release, the default value for `weights_only` will be flipped to `True`. This limits the functions that could be executed during unpickling. Arbitrary objects will no longer be allowed to be loaded via this mode unless they are explicitly allowlisted by the user via `torch.serialization.add_safe_globals`. We recommend you start setting `weights_only=True` for any use case where you don't have full control of the loaded file. Please open an issue on GitHub for any issues related to this experimental feature.
  return torch.load(f, map_location=map_location)
/vol/bitbucket/mz325/individual_project/como/como/geometry/lie_algebra.py:168: UserWarning: Using torch.cross without specifying the dim arg is deprecated.
Please either pass the dim explicitly or simply use torch.linalg.cross.
The default value of dim will change to agree with that of linalg.cross in a future release. (Triggered internally at /opt/conda/conda-bld/pytorch_1729647382455/work/aten/src/ATen/native/Cross.cpp:62.)
  wnorm_x_t = torch.cross(w_norm, t)
libEGL warning: failed to open /dev/dri/card3: Permission denied

libEGL warning: failed to open /dev/dri/card2: Permission denied

libEGL warning: failed to open /dev/dri/card1: Permission denied

libEGL warning: failed to open /dev/dri/card3: Permission denied

libEGL warning: failed to open /dev/dri/card2: Permission denied

libEGL warning: failed to open /dev/dri/card1: Permission denied

libEGL warning: failed to open /dev/dri/card3: Permission denied

libEGL warning: failed to open /dev/dri/card2: Permission denied

libEGL warning: failed to open /dev/dri/card1: Permission denied

The XKEYBOARD keymap compiler (xkbcomp) reports:
> Warning:          Could not resolve keysym XF86CameraAccessEnable
> Warning:          Could not resolve keysym XF86CameraAccessDisable
> Warning:          Could not resolve keysym XF86CameraAccessToggle
> Warning:          Could not resolve keysym XF86NextElement
> Warning:          Could not resolve keysym XF86PreviousElement
> Warning:          Could not resolve keysym XF86AutopilotEngageToggle
> Warning:          Could not resolve keysym XF86MarkWaypoint
> Warning:          Could not resolve keysym XF86Sos
> Warning:          Could not resolve keysym XF86NavChart
> Warning:          Could not resolve keysym XF86FishingChart
> Warning:          Could not resolve keysym XF86SingleRangeRadar
> Warning:          Could not resolve keysym XF86DualRangeRadar
> Warning:          Could not resolve keysym XF86RadarOverlay
> Warning:          Could not resolve keysym XF86TraditionalSonar
> Warning:          Could not resolve keysym XF86ClearvuSonar
> Warning:          Could not resolve keysym XF86SidevuSonar
> Warning:          Could not resolve keysym XF86NavInfo
Errors from xkbcomp are not fatal to the X server
/vol/bitbucket/mz325/envs/como/lib/python3.10/site-packages/lightning_lite/utilities/cloud_io.py:48: FutureWarning: You are using `torch.load` with `weights_only=False` (the current default value), which uses the default pickle module implicitly. It is possible to construct malicious pickle data which will execute arbitrary code during unpickling (See https://github.com/pytorch/pytorch/blob/main/SECURITY.md#untrusted-models for more details). In a future release, the default value for `weights_only` will be flipped to `True`. This limits the functions that could be executed during unpickling. Arbitrary objects will no longer be allowed to be loaded via this mode unless they are explicitly allowlisted by the user via `torch.serialization.add_safe_globals`. We recommend you start setting `weights_only=True` for any use case where you don't have full control of the loaded file. Please open an issue on GitHub for any issues related to this experimental feature.
  return torch.load(f, map_location=map_location)
/vol/bitbucket/mz325/individual_project/como/como/geometry/lie_algebra.py:168: UserWarning: Using torch.cross without specifying the dim arg is deprecated.
Please either pass the dim explicitly or simply use torch.linalg.cross.
The default value of dim will change to agree with that of linalg.cross in a future release. (Triggered internally at /opt/conda/conda-bld/pytorch_1729647382455/work/aten/src/ATen/native/Cross.cpp:62.)
  wnorm_x_t = torch.cross(w_norm, t)
libEGL warning: failed to open /dev/dri/card3: Permission denied

libEGL warning: failed to open /dev/dri/card2: Permission denied

libEGL warning: failed to open /dev/dri/card1: Permission denied

libEGL warning: failed to open /dev/dri/card3: Permission denied

libEGL warning: failed to open /dev/dri/card2: Permission denied

libEGL warning: failed to open /dev/dri/card1: Permission denied

libEGL warning: failed to open /dev/dri/card3: Permission denied

libEGL warning: failed to open /dev/dri/card2: Permission denied

libEGL warning: failed to open /dev/dri/card1: Permission denied

The XKEYBOARD keymap compiler (xkbcomp) reports:
> Warning:          Could not resolve keysym XF86CameraAccessEnable
> Warning:          Could not resolve keysym XF86CameraAccessDisable
> Warning:          Could not resolve keysym XF86CameraAccessToggle
> Warning:          Could not resolve keysym XF86NextElement
> Warning:          Could not resolve keysym XF86PreviousElement
> Warning:          Could not resolve keysym XF86AutopilotEngageToggle
> Warning:          Could not resolve keysym XF86MarkWaypoint
> Warning:          Could not resolve keysym XF86Sos
> Warning:          Could not resolve keysym XF86NavChart
> Warning:          Could not resolve keysym XF86FishingChart
> Warning:          Could not resolve keysym XF86SingleRangeRadar
> Warning:          Could not resolve keysym XF86DualRangeRadar
> Warning:          Could not resolve keysym XF86RadarOverlay
> Warning:          Could not resolve keysym XF86TraditionalSonar
> Warning:          Could not resolve keysym XF86ClearvuSonar
> Warning:          Could not resolve keysym XF86SidevuSonar
> Warning:          Could not resolve keysym XF86NavInfo
Errors from xkbcomp are not fatal to the X server
/vol/bitbucket/mz325/envs/como/lib/python3.10/site-packages/lightning_lite/utilities/cloud_io.py:48: FutureWarning: You are using `torch.load` with `weights_only=False` (the current default value), which uses the default pickle module implicitly. It is possible to construct malicious pickle data which will execute arbitrary code during unpickling (See https://github.com/pytorch/pytorch/blob/main/SECURITY.md#untrusted-models for more details). In a future release, the default value for `weights_only` will be flipped to `True`. This limits the functions that could be executed during unpickling. Arbitrary objects will no longer be allowed to be loaded via this mode unless they are explicitly allowlisted by the user via `torch.serialization.add_safe_globals`. We recommend you start setting `weights_only=True` for any use case where you don't have full control of the loaded file. Please open an issue on GitHub for any issues related to this experimental feature.
  return torch.load(f, map_location=map_location)
/vol/bitbucket/mz325/individual_project/como/como/geometry/lie_algebra.py:168: UserWarning: Using torch.cross without specifying the dim arg is deprecated.
Please either pass the dim explicitly or simply use torch.linalg.cross.
The default value of dim will change to agree with that of linalg.cross in a future release. (Triggered internally at /opt/conda/conda-bld/pytorch_1729647382455/work/aten/src/ATen/native/Cross.cpp:62.)
  wnorm_x_t = torch.cross(w_norm, t)
libEGL warning: failed to open /dev/dri/card3: Permission denied

libEGL warning: failed to open /dev/dri/card2: Permission denied

libEGL warning: failed to open /dev/dri/card1: Permission denied

libEGL warning: failed to open /dev/dri/card3: Permission denied

libEGL warning: failed to open /dev/dri/card2: Permission denied

libEGL warning: failed to open /dev/dri/card1: Permission denied

libEGL warning: failed to open /dev/dri/card3: Permission denied

libEGL warning: failed to open /dev/dri/card2: Permission denied

libEGL warning: failed to open /dev/dri/card1: Permission denied

The XKEYBOARD keymap compiler (xkbcomp) reports:
> Warning:          Could not resolve keysym XF86CameraAccessEnable
> Warning:          Could not resolve keysym XF86CameraAccessDisable
> Warning:          Could not resolve keysym XF86CameraAccessToggle
> Warning:          Could not resolve keysym XF86NextElement
> Warning:          Could not resolve keysym XF86PreviousElement
> Warning:          Could not resolve keysym XF86AutopilotEngageToggle
> Warning:          Could not resolve keysym XF86MarkWaypoint
> Warning:          Could not resolve keysym XF86Sos
> Warning:          Could not resolve keysym XF86NavChart
> Warning:          Could not resolve keysym XF86FishingChart
> Warning:          Could not resolve keysym XF86SingleRangeRadar
> Warning:          Could not resolve keysym XF86DualRangeRadar
> Warning:          Could not resolve keysym XF86RadarOverlay
> Warning:          Could not resolve keysym XF86TraditionalSonar
> Warning:          Could not resolve keysym XF86ClearvuSonar
> Warning:          Could not resolve keysym XF86SidevuSonar
> Warning:          Could not resolve keysym XF86NavInfo
Errors from xkbcomp are not fatal to the X server
/vol/bitbucket/mz325/envs/como/lib/python3.10/site-packages/lightning_lite/utilities/cloud_io.py:48: FutureWarning: You are using `torch.load` with `weights_only=False` (the current default value), which uses the default pickle module implicitly. It is possible to construct malicious pickle data which will execute arbitrary code during unpickling (See https://github.com/pytorch/pytorch/blob/main/SECURITY.md#untrusted-models for more details). In a future release, the default value for `weights_only` will be flipped to `True`. This limits the functions that could be executed during unpickling. Arbitrary objects will no longer be allowed to be loaded via this mode unless they are explicitly allowlisted by the user via `torch.serialization.add_safe_globals`. We recommend you start setting `weights_only=True` for any use case where you don't have full control of the loaded file. Please open an issue on GitHub for any issues related to this experimental feature.
  return torch.load(f, map_location=map_location)
/vol/bitbucket/mz325/individual_project/como/como/geometry/lie_algebra.py:168: UserWarning: Using torch.cross without specifying the dim arg is deprecated.
Please either pass the dim explicitly or simply use torch.linalg.cross.
The default value of dim will change to agree with that of linalg.cross in a future release. (Triggered internally at /opt/conda/conda-bld/pytorch_1729647382455/work/aten/src/ATen/native/Cross.cpp:62.)
  wnorm_x_t = torch.cross(w_norm, t)
libEGL warning: failed to open /dev/dri/card3: Permission denied

libEGL warning: failed to open /dev/dri/card2: Permission denied

libEGL warning: failed to open /dev/dri/card1: Permission denied

libEGL warning: failed to open /dev/dri/card3: Permission denied

libEGL warning: failed to open /dev/dri/card2: Permission denied

libEGL warning: failed to open /dev/dri/card1: Permission denied

libEGL warning: failed to open /dev/dri/card3: Permission denied

libEGL warning: failed to open /dev/dri/card2: Permission denied

libEGL warning: failed to open /dev/dri/card1: Permission denied

The XKEYBOARD keymap compiler (xkbcomp) reports:
> Warning:          Could not resolve keysym XF86CameraAccessEnable
> Warning:          Could not resolve keysym XF86CameraAccessDisable
> Warning:          Could not resolve keysym XF86CameraAccessToggle
> Warning:          Could not resolve keysym XF86NextElement
> Warning:          Could not resolve keysym XF86PreviousElement
> Warning:          Could not resolve keysym XF86AutopilotEngageToggle
> Warning:          Could not resolve keysym XF86MarkWaypoint
> Warning:          Could not resolve keysym XF86Sos
> Warning:          Could not resolve keysym XF86NavChart
> Warning:          Could not resolve keysym XF86FishingChart
> Warning:          Could not resolve keysym XF86SingleRangeRadar
> Warning:          Could not resolve keysym XF86DualRangeRadar
> Warning:          Could not resolve keysym XF86RadarOverlay
> Warning:          Could not resolve keysym XF86TraditionalSonar
> Warning:          Could not resolve keysym XF86ClearvuSonar
> Warning:          Could not resolve keysym XF86SidevuSonar
> Warning:          Could not resolve keysym XF86NavInfo
Errors from xkbcomp are not fatal to the X server
/vol/bitbucket/mz325/envs/como/lib/python3.10/site-packages/lightning_lite/utilities/cloud_io.py:48: FutureWarning: You are using `torch.load` with `weights_only=False` (the current default value), which uses the default pickle module implicitly. It is possible to construct malicious pickle data which will execute arbitrary code during unpickling (See https://github.com/pytorch/pytorch/blob/main/SECURITY.md#untrusted-models for more details). In a future release, the default value for `weights_only` will be flipped to `True`. This limits the functions that could be executed during unpickling. Arbitrary objects will no longer be allowed to be loaded via this mode unless they are explicitly allowlisted by the user via `torch.serialization.add_safe_globals`. We recommend you start setting `weights_only=True` for any use case where you don't have full control of the loaded file. Please open an issue on GitHub for any issues related to this experimental feature.
  return torch.load(f, map_location=map_location)
/vol/bitbucket/mz325/individual_project/como/como/geometry/lie_algebra.py:168: UserWarning: Using torch.cross without specifying the dim arg is deprecated.
Please either pass the dim explicitly or simply use torch.linalg.cross.
The default value of dim will change to agree with that of linalg.cross in a future release. (Triggered internally at /opt/conda/conda-bld/pytorch_1729647382455/work/aten/src/ATen/native/Cross.cpp:62.)
  wnorm_x_t = torch.cross(w_norm, t)
libEGL warning: failed to open /dev/dri/card3: Permission denied

libEGL warning: failed to open /dev/dri/card2: Permission denied

libEGL warning: failed to open /dev/dri/card1: Permission denied

libEGL warning: failed to open /dev/dri/card3: Permission denied

libEGL warning: failed to open /dev/dri/card2: Permission denied

libEGL warning: failed to open /dev/dri/card1: Permission denied

libEGL warning: failed to open /dev/dri/card3: Permission denied

libEGL warning: failed to open /dev/dri/card2: Permission denied

libEGL warning: failed to open /dev/dri/card1: Permission denied

The XKEYBOARD keymap compiler (xkbcomp) reports:
> Warning:          Could not resolve keysym XF86CameraAccessEnable
> Warning:          Could not resolve keysym XF86CameraAccessDisable
> Warning:          Could not resolve keysym XF86CameraAccessToggle
> Warning:          Could not resolve keysym XF86NextElement
> Warning:          Could not resolve keysym XF86PreviousElement
> Warning:          Could not resolve keysym XF86AutopilotEngageToggle
> Warning:          Could not resolve keysym XF86MarkWaypoint
> Warning:          Could not resolve keysym XF86Sos
> Warning:          Could not resolve keysym XF86NavChart
> Warning:          Could not resolve keysym XF86FishingChart
> Warning:          Could not resolve keysym XF86SingleRangeRadar
> Warning:          Could not resolve keysym XF86DualRangeRadar
> Warning:          Could not resolve keysym XF86RadarOverlay
> Warning:          Could not resolve keysym XF86TraditionalSonar
> Warning:          Could not resolve keysym XF86ClearvuSonar
> Warning:          Could not resolve keysym XF86SidevuSonar
> Warning:          Could not resolve keysym XF86NavInfo
Errors from xkbcomp are not fatal to the X server
/vol/bitbucket/mz325/envs/como/lib/python3.10/site-packages/lightning_lite/utilities/cloud_io.py:48: FutureWarning: You are using `torch.load` with `weights_only=False` (the current default value), which uses the default pickle module implicitly. It is possible to construct malicious pickle data which will execute arbitrary code during unpickling (See https://github.com/pytorch/pytorch/blob/main/SECURITY.md#untrusted-models for more details). In a future release, the default value for `weights_only` will be flipped to `True`. This limits the functions that could be executed during unpickling. Arbitrary objects will no longer be allowed to be loaded via this mode unless they are explicitly allowlisted by the user via `torch.serialization.add_safe_globals`. We recommend you start setting `weights_only=True` for any use case where you don't have full control of the loaded file. Please open an issue on GitHub for any issues related to this experimental feature.
  return torch.load(f, map_location=map_location)
/vol/bitbucket/mz325/individual_project/como/como/geometry/lie_algebra.py:168: UserWarning: Using torch.cross without specifying the dim arg is deprecated.
Please either pass the dim explicitly or simply use torch.linalg.cross.
The default value of dim will change to agree with that of linalg.cross in a future release. (Triggered internally at /opt/conda/conda-bld/pytorch_1729647382455/work/aten/src/ATen/native/Cross.cpp:62.)
  wnorm_x_t = torch.cross(w_norm, t)
libEGL warning: failed to open /dev/dri/card3: Permission denied

libEGL warning: failed to open /dev/dri/card2: Permission denied

libEGL warning: failed to open /dev/dri/card1: Permission denied

libEGL warning: failed to open /dev/dri/card3: Permission denied

libEGL warning: failed to open /dev/dri/card2: Permission denied

libEGL warning: failed to open /dev/dri/card1: Permission denied

libEGL warning: failed to open /dev/dri/card3: Permission denied

libEGL warning: failed to open /dev/dri/card2: Permission denied

libEGL warning: failed to open /dev/dri/card1: Permission denied

The XKEYBOARD keymap compiler (xkbcomp) reports:
> Warning:          Could not resolve keysym XF86CameraAccessEnable
> Warning:          Could not resolve keysym XF86CameraAccessDisable
> Warning:          Could not resolve keysym XF86CameraAccessToggle
> Warning:          Could not resolve keysym XF86NextElement
> Warning:          Could not resolve keysym XF86PreviousElement
> Warning:          Could not resolve keysym XF86AutopilotEngageToggle
> Warning:          Could not resolve keysym XF86MarkWaypoint
> Warning:          Could not resolve keysym XF86Sos
> Warning:          Could not resolve keysym XF86NavChart
> Warning:          Could not resolve keysym XF86FishingChart
> Warning:          Could not resolve keysym XF86SingleRangeRadar
> Warning:          Could not resolve keysym XF86DualRangeRadar
> Warning:          Could not resolve keysym XF86RadarOverlay
> Warning:          Could not resolve keysym XF86TraditionalSonar
> Warning:          Could not resolve keysym XF86ClearvuSonar
> Warning:          Could not resolve keysym XF86SidevuSonar
> Warning:          Could not resolve keysym XF86NavInfo
Errors from xkbcomp are not fatal to the X server
/vol/bitbucket/mz325/envs/como/lib/python3.10/site-packages/lightning_lite/utilities/cloud_io.py:48: FutureWarning: You are using `torch.load` with `weights_only=False` (the current default value), which uses the default pickle module implicitly. It is possible to construct malicious pickle data which will execute arbitrary code during unpickling (See https://github.com/pytorch/pytorch/blob/main/SECURITY.md#untrusted-models for more details). In a future release, the default value for `weights_only` will be flipped to `True`. This limits the functions that could be executed during unpickling. Arbitrary objects will no longer be allowed to be loaded via this mode unless they are explicitly allowlisted by the user via `torch.serialization.add_safe_globals`. We recommend you start setting `weights_only=True` for any use case where you don't have full control of the loaded file. Please open an issue on GitHub for any issues related to this experimental feature.
  return torch.load(f, map_location=map_location)
/vol/bitbucket/mz325/individual_project/como/como/geometry/lie_algebra.py:168: UserWarning: Using torch.cross without specifying the dim arg is deprecated.
Please either pass the dim explicitly or simply use torch.linalg.cross.
The default value of dim will change to agree with that of linalg.cross in a future release. (Triggered internally at /opt/conda/conda-bld/pytorch_1729647382455/work/aten/src/ATen/native/Cross.cpp:62.)
  wnorm_x_t = torch.cross(w_norm, t)
libEGL warning: failed to open /dev/dri/card3: Permission denied

libEGL warning: failed to open /dev/dri/card2: Permission denied

libEGL warning: failed to open /dev/dri/card1: Permission denied

libEGL warning: failed to open /dev/dri/card3: Permission denied

libEGL warning: failed to open /dev/dri/card2: Permission denied

libEGL warning: failed to open /dev/dri/card1: Permission denied

libEGL warning: failed to open /dev/dri/card3: Permission denied

libEGL warning: failed to open /dev/dri/card2: Permission denied

libEGL warning: failed to open /dev/dri/card1: Permission denied

The XKEYBOARD keymap compiler (xkbcomp) reports:
> Warning:          Could not resolve keysym XF86CameraAccessEnable
> Warning:          Could not resolve keysym XF86CameraAccessDisable
> Warning:          Could not resolve keysym XF86CameraAccessToggle
> Warning:          Could not resolve keysym XF86NextElement
> Warning:          Could not resolve keysym XF86PreviousElement
> Warning:          Could not resolve keysym XF86AutopilotEngageToggle
> Warning:          Could not resolve keysym XF86MarkWaypoint
> Warning:          Could not resolve keysym XF86Sos
> Warning:          Could not resolve keysym XF86NavChart
> Warning:          Could not resolve keysym XF86FishingChart
> Warning:          Could not resolve keysym XF86SingleRangeRadar
> Warning:          Could not resolve keysym XF86DualRangeRadar
> Warning:          Could not resolve keysym XF86RadarOverlay
> Warning:          Could not resolve keysym XF86TraditionalSonar
> Warning:          Could not resolve keysym XF86ClearvuSonar
> Warning:          Could not resolve keysym XF86SidevuSonar
> Warning:          Could not resolve keysym XF86NavInfo
Errors from xkbcomp are not fatal to the X server
/vol/bitbucket/mz325/envs/como/lib/python3.10/site-packages/lightning_lite/utilities/cloud_io.py:48: FutureWarning: You are using `torch.load` with `weights_only=False` (the current default value), which uses the default pickle module implicitly. It is possible to construct malicious pickle data which will execute arbitrary code during unpickling (See https://github.com/pytorch/pytorch/blob/main/SECURITY.md#untrusted-models for more details). In a future release, the default value for `weights_only` will be flipped to `True`. This limits the functions that could be executed during unpickling. Arbitrary objects will no longer be allowed to be loaded via this mode unless they are explicitly allowlisted by the user via `torch.serialization.add_safe_globals`. We recommend you start setting `weights_only=True` for any use case where you don't have full control of the loaded file. Please open an issue on GitHub for any issues related to this experimental feature.
  return torch.load(f, map_location=map_location)
/vol/bitbucket/mz325/individual_project/como/como/geometry/lie_algebra.py:168: UserWarning: Using torch.cross without specifying the dim arg is deprecated.
Please either pass the dim explicitly or simply use torch.linalg.cross.
The default value of dim will change to agree with that of linalg.cross in a future release. (Triggered internally at /opt/conda/conda-bld/pytorch_1729647382455/work/aten/src/ATen/native/Cross.cpp:62.)
  wnorm_x_t = torch.cross(w_norm, t)
libEGL warning: failed to open /dev/dri/card3: Permission denied

libEGL warning: failed to open /dev/dri/card2: Permission denied

libEGL warning: failed to open /dev/dri/card1: Permission denied

libEGL warning: failed to open /dev/dri/card3: Permission denied

libEGL warning: failed to open /dev/dri/card2: Permission denied

libEGL warning: failed to open /dev/dri/card1: Permission denied

libEGL warning: failed to open /dev/dri/card3: Permission denied

libEGL warning: failed to open /dev/dri/card2: Permission denied

libEGL warning: failed to open /dev/dri/card1: Permission denied

The XKEYBOARD keymap compiler (xkbcomp) reports:
> Warning:          Could not resolve keysym XF86CameraAccessEnable
> Warning:          Could not resolve keysym XF86CameraAccessDisable
> Warning:          Could not resolve keysym XF86CameraAccessToggle
> Warning:          Could not resolve keysym XF86NextElement
> Warning:          Could not resolve keysym XF86PreviousElement
> Warning:          Could not resolve keysym XF86AutopilotEngageToggle
> Warning:          Could not resolve keysym XF86MarkWaypoint
> Warning:          Could not resolve keysym XF86Sos
> Warning:          Could not resolve keysym XF86NavChart
> Warning:          Could not resolve keysym XF86FishingChart
> Warning:          Could not resolve keysym XF86SingleRangeRadar
> Warning:          Could not resolve keysym XF86DualRangeRadar
> Warning:          Could not resolve keysym XF86RadarOverlay
> Warning:          Could not resolve keysym XF86TraditionalSonar
> Warning:          Could not resolve keysym XF86ClearvuSonar
> Warning:          Could not resolve keysym XF86SidevuSonar
> Warning:          Could not resolve keysym XF86NavInfo
Errors from xkbcomp are not fatal to the X server
/vol/bitbucket/mz325/envs/como/lib/python3.10/site-packages/lightning_lite/utilities/cloud_io.py:48: FutureWarning: You are using `torch.load` with `weights_only=False` (the current default value), which uses the default pickle module implicitly. It is possible to construct malicious pickle data which will execute arbitrary code during unpickling (See https://github.com/pytorch/pytorch/blob/main/SECURITY.md#untrusted-models for more details). In a future release, the default value for `weights_only` will be flipped to `True`. This limits the functions that could be executed during unpickling. Arbitrary objects will no longer be allowed to be loaded via this mode unless they are explicitly allowlisted by the user via `torch.serialization.add_safe_globals`. We recommend you start setting `weights_only=True` for any use case where you don't have full control of the loaded file. Please open an issue on GitHub for any issues related to this experimental feature.
  return torch.load(f, map_location=map_location)
/vol/bitbucket/mz325/individual_project/como/como/geometry/lie_algebra.py:168: UserWarning: Using torch.cross without specifying the dim arg is deprecated.
Please either pass the dim explicitly or simply use torch.linalg.cross.
The default value of dim will change to agree with that of linalg.cross in a future release. (Triggered internally at /opt/conda/conda-bld/pytorch_1729647382455/work/aten/src/ATen/native/Cross.cpp:62.)
  wnorm_x_t = torch.cross(w_norm, t)
libEGL warning: failed to open /dev/dri/card3: Permission denied

libEGL warning: failed to open /dev/dri/card2: Permission denied

libEGL warning: failed to open /dev/dri/card1: Permission denied

libEGL warning: failed to open /dev/dri/card3: Permission denied

libEGL warning: failed to open /dev/dri/card2: Permission denied

libEGL warning: failed to open /dev/dri/card1: Permission denied

libEGL warning: failed to open /dev/dri/card3: Permission denied

libEGL warning: failed to open /dev/dri/card2: Permission denied

libEGL warning: failed to open /dev/dri/card1: Permission denied

The XKEYBOARD keymap compiler (xkbcomp) reports:
> Warning:          Could not resolve keysym XF86CameraAccessEnable
> Warning:          Could not resolve keysym XF86CameraAccessDisable
> Warning:          Could not resolve keysym XF86CameraAccessToggle
> Warning:          Could not resolve keysym XF86NextElement
> Warning:          Could not resolve keysym XF86PreviousElement
> Warning:          Could not resolve keysym XF86AutopilotEngageToggle
> Warning:          Could not resolve keysym XF86MarkWaypoint
> Warning:          Could not resolve keysym XF86Sos
> Warning:          Could not resolve keysym XF86NavChart
> Warning:          Could not resolve keysym XF86FishingChart
> Warning:          Could not resolve keysym XF86SingleRangeRadar
> Warning:          Could not resolve keysym XF86DualRangeRadar
> Warning:          Could not resolve keysym XF86RadarOverlay
> Warning:          Could not resolve keysym XF86TraditionalSonar
> Warning:          Could not resolve keysym XF86ClearvuSonar
> Warning:          Could not resolve keysym XF86SidevuSonar
> Warning:          Could not resolve keysym XF86NavInfo
Errors from xkbcomp are not fatal to the X server
/vol/bitbucket/mz325/envs/como/lib/python3.10/site-packages/lightning_lite/utilities/cloud_io.py:48: FutureWarning: You are using `torch.load` with `weights_only=False` (the current default value), which uses the default pickle module implicitly. It is possible to construct malicious pickle data which will execute arbitrary code during unpickling (See https://github.com/pytorch/pytorch/blob/main/SECURITY.md#untrusted-models for more details). In a future release, the default value for `weights_only` will be flipped to `True`. This limits the functions that could be executed during unpickling. Arbitrary objects will no longer be allowed to be loaded via this mode unless they are explicitly allowlisted by the user via `torch.serialization.add_safe_globals`. We recommend you start setting `weights_only=True` for any use case where you don't have full control of the loaded file. Please open an issue on GitHub for any issues related to this experimental feature.
  return torch.load(f, map_location=map_location)
/vol/bitbucket/mz325/individual_project/como/como/geometry/lie_algebra.py:168: UserWarning: Using torch.cross without specifying the dim arg is deprecated.
Please either pass the dim explicitly or simply use torch.linalg.cross.
The default value of dim will change to agree with that of linalg.cross in a future release. (Triggered internally at /opt/conda/conda-bld/pytorch_1729647382455/work/aten/src/ATen/native/Cross.cpp:62.)
  wnorm_x_t = torch.cross(w_norm, t)
libEGL warning: failed to open /dev/dri/card3: Permission denied

libEGL warning: failed to open /dev/dri/card2: Permission denied

libEGL warning: failed to open /dev/dri/card1: Permission denied

libEGL warning: failed to open /dev/dri/card3: Permission denied

libEGL warning: failed to open /dev/dri/card2: Permission denied

libEGL warning: failed to open /dev/dri/card1: Permission denied

libEGL warning: failed to open /dev/dri/card3: Permission denied

libEGL warning: failed to open /dev/dri/card2: Permission denied

libEGL warning: failed to open /dev/dri/card1: Permission denied

The XKEYBOARD keymap compiler (xkbcomp) reports:
> Warning:          Could not resolve keysym XF86CameraAccessEnable
> Warning:          Could not resolve keysym XF86CameraAccessDisable
> Warning:          Could not resolve keysym XF86CameraAccessToggle
> Warning:          Could not resolve keysym XF86NextElement
> Warning:          Could not resolve keysym XF86PreviousElement
> Warning:          Could not resolve keysym XF86AutopilotEngageToggle
> Warning:          Could not resolve keysym XF86MarkWaypoint
> Warning:          Could not resolve keysym XF86Sos
> Warning:          Could not resolve keysym XF86NavChart
> Warning:          Could not resolve keysym XF86FishingChart
> Warning:          Could not resolve keysym XF86SingleRangeRadar
> Warning:          Could not resolve keysym XF86DualRangeRadar
> Warning:          Could not resolve keysym XF86RadarOverlay
> Warning:          Could not resolve keysym XF86TraditionalSonar
> Warning:          Could not resolve keysym XF86ClearvuSonar
> Warning:          Could not resolve keysym XF86SidevuSonar
> Warning:          Could not resolve keysym XF86NavInfo
Errors from xkbcomp are not fatal to the X server
/vol/bitbucket/mz325/envs/como/lib/python3.10/site-packages/lightning_lite/utilities/cloud_io.py:48: FutureWarning: You are using `torch.load` with `weights_only=False` (the current default value), which uses the default pickle module implicitly. It is possible to construct malicious pickle data which will execute arbitrary code during unpickling (See https://github.com/pytorch/pytorch/blob/main/SECURITY.md#untrusted-models for more details). In a future release, the default value for `weights_only` will be flipped to `True`. This limits the functions that could be executed during unpickling. Arbitrary objects will no longer be allowed to be loaded via this mode unless they are explicitly allowlisted by the user via `torch.serialization.add_safe_globals`. We recommend you start setting `weights_only=True` for any use case where you don't have full control of the loaded file. Please open an issue on GitHub for any issues related to this experimental feature.
  return torch.load(f, map_location=map_location)
/vol/bitbucket/mz325/individual_project/como/como/geometry/lie_algebra.py:168: UserWarning: Using torch.cross without specifying the dim arg is deprecated.
Please either pass the dim explicitly or simply use torch.linalg.cross.
The default value of dim will change to agree with that of linalg.cross in a future release. (Triggered internally at /opt/conda/conda-bld/pytorch_1729647382455/work/aten/src/ATen/native/Cross.cpp:62.)
  wnorm_x_t = torch.cross(w_norm, t)
libEGL warning: failed to open /dev/dri/card3: Permission denied

libEGL warning: failed to open /dev/dri/card2: Permission denied

libEGL warning: failed to open /dev/dri/card1: Permission denied

libEGL warning: failed to open /dev/dri/card3: Permission denied

libEGL warning: failed to open /dev/dri/card2: Permission denied

libEGL warning: failed to open /dev/dri/card1: Permission denied

libEGL warning: failed to open /dev/dri/card3: Permission denied

libEGL warning: failed to open /dev/dri/card2: Permission denied

libEGL warning: failed to open /dev/dri/card1: Permission denied

The XKEYBOARD keymap compiler (xkbcomp) reports:
> Warning:          Could not resolve keysym XF86CameraAccessEnable
> Warning:          Could not resolve keysym XF86CameraAccessDisable
> Warning:          Could not resolve keysym XF86CameraAccessToggle
> Warning:          Could not resolve keysym XF86NextElement
> Warning:          Could not resolve keysym XF86PreviousElement
> Warning:          Could not resolve keysym XF86AutopilotEngageToggle
> Warning:          Could not resolve keysym XF86MarkWaypoint
> Warning:          Could not resolve keysym XF86Sos
> Warning:          Could not resolve keysym XF86NavChart
> Warning:          Could not resolve keysym XF86FishingChart
> Warning:          Could not resolve keysym XF86SingleRangeRadar
> Warning:          Could not resolve keysym XF86DualRangeRadar
> Warning:          Could not resolve keysym XF86RadarOverlay
> Warning:          Could not resolve keysym XF86TraditionalSonar
> Warning:          Could not resolve keysym XF86ClearvuSonar
> Warning:          Could not resolve keysym XF86SidevuSonar
> Warning:          Could not resolve keysym XF86NavInfo
Errors from xkbcomp are not fatal to the X server
/vol/bitbucket/mz325/envs/como/lib/python3.10/site-packages/lightning_lite/utilities/cloud_io.py:48: FutureWarning: You are using `torch.load` with `weights_only=False` (the current default value), which uses the default pickle module implicitly. It is possible to construct malicious pickle data which will execute arbitrary code during unpickling (See https://github.com/pytorch/pytorch/blob/main/SECURITY.md#untrusted-models for more details). In a future release, the default value for `weights_only` will be flipped to `True`. This limits the functions that could be executed during unpickling. Arbitrary objects will no longer be allowed to be loaded via this mode unless they are explicitly allowlisted by the user via `torch.serialization.add_safe_globals`. We recommend you start setting `weights_only=True` for any use case where you don't have full control of the loaded file. Please open an issue on GitHub for any issues related to this experimental feature.
  return torch.load(f, map_location=map_location)
/vol/bitbucket/mz325/individual_project/como/como/geometry/lie_algebra.py:168: UserWarning: Using torch.cross without specifying the dim arg is deprecated.
Please either pass the dim explicitly or simply use torch.linalg.cross.
The default value of dim will change to agree with that of linalg.cross in a future release. (Triggered internally at /opt/conda/conda-bld/pytorch_1729647382455/work/aten/src/ATen/native/Cross.cpp:62.)
  wnorm_x_t = torch.cross(w_norm, t)
libEGL warning: failed to open /dev/dri/card3: Permission denied

libEGL warning: failed to open /dev/dri/card2: Permission denied

libEGL warning: failed to open /dev/dri/card1: Permission denied

libEGL warning: failed to open /dev/dri/card3: Permission denied

libEGL warning: failed to open /dev/dri/card2: Permission denied

libEGL warning: failed to open /dev/dri/card1: Permission denied

libEGL warning: failed to open /dev/dri/card3: Permission denied

libEGL warning: failed to open /dev/dri/card2: Permission denied

libEGL warning: failed to open /dev/dri/card1: Permission denied

The XKEYBOARD keymap compiler (xkbcomp) reports:
> Warning:          Could not resolve keysym XF86CameraAccessEnable
> Warning:          Could not resolve keysym XF86CameraAccessDisable
> Warning:          Could not resolve keysym XF86CameraAccessToggle
> Warning:          Could not resolve keysym XF86NextElement
> Warning:          Could not resolve keysym XF86PreviousElement
> Warning:          Could not resolve keysym XF86AutopilotEngageToggle
> Warning:          Could not resolve keysym XF86MarkWaypoint
> Warning:          Could not resolve keysym XF86Sos
> Warning:          Could not resolve keysym XF86NavChart
> Warning:          Could not resolve keysym XF86FishingChart
> Warning:          Could not resolve keysym XF86SingleRangeRadar
> Warning:          Could not resolve keysym XF86DualRangeRadar
> Warning:          Could not resolve keysym XF86RadarOverlay
> Warning:          Could not resolve keysym XF86TraditionalSonar
> Warning:          Could not resolve keysym XF86ClearvuSonar
> Warning:          Could not resolve keysym XF86SidevuSonar
> Warning:          Could not resolve keysym XF86NavInfo
Errors from xkbcomp are not fatal to the X server
/vol/bitbucket/mz325/envs/como/lib/python3.10/site-packages/lightning_lite/utilities/cloud_io.py:48: FutureWarning: You are using `torch.load` with `weights_only=False` (the current default value), which uses the default pickle module implicitly. It is possible to construct malicious pickle data which will execute arbitrary code during unpickling (See https://github.com/pytorch/pytorch/blob/main/SECURITY.md#untrusted-models for more details). In a future release, the default value for `weights_only` will be flipped to `True`. This limits the functions that could be executed during unpickling. Arbitrary objects will no longer be allowed to be loaded via this mode unless they are explicitly allowlisted by the user via `torch.serialization.add_safe_globals`. We recommend you start setting `weights_only=True` for any use case where you don't have full control of the loaded file. Please open an issue on GitHub for any issues related to this experimental feature.
  return torch.load(f, map_location=map_location)
/vol/bitbucket/mz325/individual_project/como/como/geometry/lie_algebra.py:168: UserWarning: Using torch.cross without specifying the dim arg is deprecated.
Please either pass the dim explicitly or simply use torch.linalg.cross.
The default value of dim will change to agree with that of linalg.cross in a future release. (Triggered internally at /opt/conda/conda-bld/pytorch_1729647382455/work/aten/src/ATen/native/Cross.cpp:62.)
  wnorm_x_t = torch.cross(w_norm, t)
libEGL warning: failed to open /dev/dri/card3: Permission denied

libEGL warning: failed to open /dev/dri/card2: Permission denied

libEGL warning: failed to open /dev/dri/card1: Permission denied

libEGL warning: failed to open /dev/dri/card3: Permission denied

libEGL warning: failed to open /dev/dri/card2: Permission denied

libEGL warning: failed to open /dev/dri/card1: Permission denied

libEGL warning: failed to open /dev/dri/card3: Permission denied

libEGL warning: failed to open /dev/dri/card2: Permission denied

libEGL warning: failed to open /dev/dri/card1: Permission denied

The XKEYBOARD keymap compiler (xkbcomp) reports:
> Warning:          Could not resolve keysym XF86CameraAccessEnable
> Warning:          Could not resolve keysym XF86CameraAccessDisable
> Warning:          Could not resolve keysym XF86CameraAccessToggle
> Warning:          Could not resolve keysym XF86NextElement
> Warning:          Could not resolve keysym XF86PreviousElement
> Warning:          Could not resolve keysym XF86AutopilotEngageToggle
> Warning:          Could not resolve keysym XF86MarkWaypoint
> Warning:          Could not resolve keysym XF86Sos
> Warning:          Could not resolve keysym XF86NavChart
> Warning:          Could not resolve keysym XF86FishingChart
> Warning:          Could not resolve keysym XF86SingleRangeRadar
> Warning:          Could not resolve keysym XF86DualRangeRadar
> Warning:          Could not resolve keysym XF86RadarOverlay
> Warning:          Could not resolve keysym XF86TraditionalSonar
> Warning:          Could not resolve keysym XF86ClearvuSonar
> Warning:          Could not resolve keysym XF86SidevuSonar
> Warning:          Could not resolve keysym XF86NavInfo
Errors from xkbcomp are not fatal to the X server
/vol/bitbucket/mz325/envs/como/lib/python3.10/site-packages/lightning_lite/utilities/cloud_io.py:48: FutureWarning: You are using `torch.load` with `weights_only=False` (the current default value), which uses the default pickle module implicitly. It is possible to construct malicious pickle data which will execute arbitrary code during unpickling (See https://github.com/pytorch/pytorch/blob/main/SECURITY.md#untrusted-models for more details). In a future release, the default value for `weights_only` will be flipped to `True`. This limits the functions that could be executed during unpickling. Arbitrary objects will no longer be allowed to be loaded via this mode unless they are explicitly allowlisted by the user via `torch.serialization.add_safe_globals`. We recommend you start setting `weights_only=True` for any use case where you don't have full control of the loaded file. Please open an issue on GitHub for any issues related to this experimental feature.
  return torch.load(f, map_location=map_location)
/vol/bitbucket/mz325/individual_project/como/como/geometry/lie_algebra.py:168: UserWarning: Using torch.cross without specifying the dim arg is deprecated.
Please either pass the dim explicitly or simply use torch.linalg.cross.
The default value of dim will change to agree with that of linalg.cross in a future release. (Triggered internally at /opt/conda/conda-bld/pytorch_1729647382455/work/aten/src/ATen/native/Cross.cpp:62.)
  wnorm_x_t = torch.cross(w_norm, t)
libEGL warning: failed to open /dev/dri/card3: Permission denied

libEGL warning: failed to open /dev/dri/card2: Permission denied

libEGL warning: failed to open /dev/dri/card1: Permission denied

libEGL warning: failed to open /dev/dri/card3: Permission denied

libEGL warning: failed to open /dev/dri/card2: Permission denied

libEGL warning: failed to open /dev/dri/card1: Permission denied

libEGL warning: failed to open /dev/dri/card3: Permission denied

libEGL warning: failed to open /dev/dri/card2: Permission denied

libEGL warning: failed to open /dev/dri/card1: Permission denied

The XKEYBOARD keymap compiler (xkbcomp) reports:
> Warning:          Could not resolve keysym XF86CameraAccessEnable
> Warning:          Could not resolve keysym XF86CameraAccessDisable
> Warning:          Could not resolve keysym XF86CameraAccessToggle
> Warning:          Could not resolve keysym XF86NextElement
> Warning:          Could not resolve keysym XF86PreviousElement
> Warning:          Could not resolve keysym XF86AutopilotEngageToggle
> Warning:          Could not resolve keysym XF86MarkWaypoint
> Warning:          Could not resolve keysym XF86Sos
> Warning:          Could not resolve keysym XF86NavChart
> Warning:          Could not resolve keysym XF86FishingChart
> Warning:          Could not resolve keysym XF86SingleRangeRadar
> Warning:          Could not resolve keysym XF86DualRangeRadar
> Warning:          Could not resolve keysym XF86RadarOverlay
> Warning:          Could not resolve keysym XF86TraditionalSonar
> Warning:          Could not resolve keysym XF86ClearvuSonar
> Warning:          Could not resolve keysym XF86SidevuSonar
> Warning:          Could not resolve keysym XF86NavInfo
Errors from xkbcomp are not fatal to the X server
/vol/bitbucket/mz325/envs/como/lib/python3.10/site-packages/lightning_lite/utilities/cloud_io.py:48: FutureWarning: You are using `torch.load` with `weights_only=False` (the current default value), which uses the default pickle module implicitly. It is possible to construct malicious pickle data which will execute arbitrary code during unpickling (See https://github.com/pytorch/pytorch/blob/main/SECURITY.md#untrusted-models for more details). In a future release, the default value for `weights_only` will be flipped to `True`. This limits the functions that could be executed during unpickling. Arbitrary objects will no longer be allowed to be loaded via this mode unless they are explicitly allowlisted by the user via `torch.serialization.add_safe_globals`. We recommend you start setting `weights_only=True` for any use case where you don't have full control of the loaded file. Please open an issue on GitHub for any issues related to this experimental feature.
  return torch.load(f, map_location=map_location)
/vol/bitbucket/mz325/individual_project/como/como/geometry/lie_algebra.py:168: UserWarning: Using torch.cross without specifying the dim arg is deprecated.
Please either pass the dim explicitly or simply use torch.linalg.cross.
The default value of dim will change to agree with that of linalg.cross in a future release. (Triggered internally at /opt/conda/conda-bld/pytorch_1729647382455/work/aten/src/ATen/native/Cross.cpp:62.)
  wnorm_x_t = torch.cross(w_norm, t)
libEGL warning: failed to open /dev/dri/card3: Permission denied

libEGL warning: failed to open /dev/dri/card2: Permission denied

libEGL warning: failed to open /dev/dri/card1: Permission denied

libEGL warning: failed to open /dev/dri/card3: Permission denied

libEGL warning: failed to open /dev/dri/card2: Permission denied

libEGL warning: failed to open /dev/dri/card1: Permission denied

libEGL warning: failed to open /dev/dri/card3: Permission denied

libEGL warning: failed to open /dev/dri/card2: Permission denied

libEGL warning: failed to open /dev/dri/card1: Permission denied

The XKEYBOARD keymap compiler (xkbcomp) reports:
> Warning:          Could not resolve keysym XF86CameraAccessEnable
> Warning:          Could not resolve keysym XF86CameraAccessDisable
> Warning:          Could not resolve keysym XF86CameraAccessToggle
> Warning:          Could not resolve keysym XF86NextElement
> Warning:          Could not resolve keysym XF86PreviousElement
> Warning:          Could not resolve keysym XF86AutopilotEngageToggle
> Warning:          Could not resolve keysym XF86MarkWaypoint
> Warning:          Could not resolve keysym XF86Sos
> Warning:          Could not resolve keysym XF86NavChart
> Warning:          Could not resolve keysym XF86FishingChart
> Warning:          Could not resolve keysym XF86SingleRangeRadar
> Warning:          Could not resolve keysym XF86DualRangeRadar
> Warning:          Could not resolve keysym XF86RadarOverlay
> Warning:          Could not resolve keysym XF86TraditionalSonar
> Warning:          Could not resolve keysym XF86ClearvuSonar
> Warning:          Could not resolve keysym XF86SidevuSonar
> Warning:          Could not resolve keysym XF86NavInfo
Errors from xkbcomp are not fatal to the X server
/vol/bitbucket/mz325/envs/como/lib/python3.10/site-packages/lightning_lite/utilities/cloud_io.py:48: FutureWarning: You are using `torch.load` with `weights_only=False` (the current default value), which uses the default pickle module implicitly. It is possible to construct malicious pickle data which will execute arbitrary code during unpickling (See https://github.com/pytorch/pytorch/blob/main/SECURITY.md#untrusted-models for more details). In a future release, the default value for `weights_only` will be flipped to `True`. This limits the functions that could be executed during unpickling. Arbitrary objects will no longer be allowed to be loaded via this mode unless they are explicitly allowlisted by the user via `torch.serialization.add_safe_globals`. We recommend you start setting `weights_only=True` for any use case where you don't have full control of the loaded file. Please open an issue on GitHub for any issues related to this experimental feature.
  return torch.load(f, map_location=map_location)
/vol/bitbucket/mz325/individual_project/como/como/geometry/lie_algebra.py:168: UserWarning: Using torch.cross without specifying the dim arg is deprecated.
Please either pass the dim explicitly or simply use torch.linalg.cross.
The default value of dim will change to agree with that of linalg.cross in a future release. (Triggered internally at /opt/conda/conda-bld/pytorch_1729647382455/work/aten/src/ATen/native/Cross.cpp:62.)
  wnorm_x_t = torch.cross(w_norm, t)
Fatal Python error: take_gil: PyMUTEX_LOCK(gil->mutex) failed
Python runtime state: finalizing (tstate=0x0000621957448d50)

libEGL warning: failed to open /dev/dri/card3: Permission denied

libEGL warning: failed to open /dev/dri/card2: Permission denied

libEGL warning: failed to open /dev/dri/card1: Permission denied

libEGL warning: failed to open /dev/dri/card3: Permission denied

libEGL warning: failed to open /dev/dri/card2: Permission denied

libEGL warning: failed to open /dev/dri/card1: Permission denied

libEGL warning: failed to open /dev/dri/card3: Permission denied

libEGL warning: failed to open /dev/dri/card2: Permission denied

libEGL warning: failed to open /dev/dri/card1: Permission denied

The XKEYBOARD keymap compiler (xkbcomp) reports:
> Warning:          Could not resolve keysym XF86CameraAccessEnable
> Warning:          Could not resolve keysym XF86CameraAccessDisable
> Warning:          Could not resolve keysym XF86CameraAccessToggle
> Warning:          Could not resolve keysym XF86NextElement
> Warning:          Could not resolve keysym XF86PreviousElement
> Warning:          Could not resolve keysym XF86AutopilotEngageToggle
> Warning:          Could not resolve keysym XF86MarkWaypoint
> Warning:          Could not resolve keysym XF86Sos
> Warning:          Could not resolve keysym XF86NavChart
> Warning:          Could not resolve keysym XF86FishingChart
> Warning:          Could not resolve keysym XF86SingleRangeRadar
> Warning:          Could not resolve keysym XF86DualRangeRadar
> Warning:          Could not resolve keysym XF86RadarOverlay
> Warning:          Could not resolve keysym XF86TraditionalSonar
> Warning:          Could not resolve keysym XF86ClearvuSonar
> Warning:          Could not resolve keysym XF86SidevuSonar
> Warning:          Could not resolve keysym XF86NavInfo
Errors from xkbcomp are not fatal to the X server
/var/spool/slurm/d/job252207/slurm_script: line 91: 787557 Aborted                 timeout 500 python como/como_dataset.py --dataset_type=tum --dataset_dir="${DATASET_DIR}"
/vol/bitbucket/mz325/envs/como/lib/python3.10/site-packages/lightning_lite/utilities/cloud_io.py:48: FutureWarning: You are using `torch.load` with `weights_only=False` (the current default value), which uses the default pickle module implicitly. It is possible to construct malicious pickle data which will execute arbitrary code during unpickling (See https://github.com/pytorch/pytorch/blob/main/SECURITY.md#untrusted-models for more details). In a future release, the default value for `weights_only` will be flipped to `True`. This limits the functions that could be executed during unpickling. Arbitrary objects will no longer be allowed to be loaded via this mode unless they are explicitly allowlisted by the user via `torch.serialization.add_safe_globals`. We recommend you start setting `weights_only=True` for any use case where you don't have full control of the loaded file. Please open an issue on GitHub for any issues related to this experimental feature.
  return torch.load(f, map_location=map_location)
/vol/bitbucket/mz325/individual_project/como/como/geometry/lie_algebra.py:168: UserWarning: Using torch.cross without specifying the dim arg is deprecated.
Please either pass the dim explicitly or simply use torch.linalg.cross.
The default value of dim will change to agree with that of linalg.cross in a future release. (Triggered internally at /opt/conda/conda-bld/pytorch_1729647382455/work/aten/src/ATen/native/Cross.cpp:62.)
  wnorm_x_t = torch.cross(w_norm, t)
libEGL warning: failed to open /dev/dri/card3: Permission denied

libEGL warning: failed to open /dev/dri/card2: Permission denied

libEGL warning: failed to open /dev/dri/card1: Permission denied

libEGL warning: failed to open /dev/dri/card3: Permission denied

libEGL warning: failed to open /dev/dri/card2: Permission denied

libEGL warning: failed to open /dev/dri/card1: Permission denied

libEGL warning: failed to open /dev/dri/card3: Permission denied

libEGL warning: failed to open /dev/dri/card2: Permission denied

libEGL warning: failed to open /dev/dri/card1: Permission denied

The XKEYBOARD keymap compiler (xkbcomp) reports:
> Warning:          Could not resolve keysym XF86CameraAccessEnable
> Warning:          Could not resolve keysym XF86CameraAccessDisable
> Warning:          Could not resolve keysym XF86CameraAccessToggle
> Warning:          Could not resolve keysym XF86NextElement
> Warning:          Could not resolve keysym XF86PreviousElement
> Warning:          Could not resolve keysym XF86AutopilotEngageToggle
> Warning:          Could not resolve keysym XF86MarkWaypoint
> Warning:          Could not resolve keysym XF86Sos
> Warning:          Could not resolve keysym XF86NavChart
> Warning:          Could not resolve keysym XF86FishingChart
> Warning:          Could not resolve keysym XF86SingleRangeRadar
> Warning:          Could not resolve keysym XF86DualRangeRadar
> Warning:          Could not resolve keysym XF86RadarOverlay
> Warning:          Could not resolve keysym XF86TraditionalSonar
> Warning:          Could not resolve keysym XF86ClearvuSonar
> Warning:          Could not resolve keysym XF86SidevuSonar
> Warning:          Could not resolve keysym XF86NavInfo
Errors from xkbcomp are not fatal to the X server
/vol/bitbucket/mz325/envs/como/lib/python3.10/site-packages/lightning_lite/utilities/cloud_io.py:48: FutureWarning: You are using `torch.load` with `weights_only=False` (the current default value), which uses the default pickle module implicitly. It is possible to construct malicious pickle data which will execute arbitrary code during unpickling (See https://github.com/pytorch/pytorch/blob/main/SECURITY.md#untrusted-models for more details). In a future release, the default value for `weights_only` will be flipped to `True`. This limits the functions that could be executed during unpickling. Arbitrary objects will no longer be allowed to be loaded via this mode unless they are explicitly allowlisted by the user via `torch.serialization.add_safe_globals`. We recommend you start setting `weights_only=True` for any use case where you don't have full control of the loaded file. Please open an issue on GitHub for any issues related to this experimental feature.
  return torch.load(f, map_location=map_location)
/vol/bitbucket/mz325/individual_project/como/como/geometry/lie_algebra.py:168: UserWarning: Using torch.cross without specifying the dim arg is deprecated.
Please either pass the dim explicitly or simply use torch.linalg.cross.
The default value of dim will change to agree with that of linalg.cross in a future release. (Triggered internally at /opt/conda/conda-bld/pytorch_1729647382455/work/aten/src/ATen/native/Cross.cpp:62.)
  wnorm_x_t = torch.cross(w_norm, t)
libEGL warning: failed to open /dev/dri/card3: Permission denied

libEGL warning: failed to open /dev/dri/card2: Permission denied

libEGL warning: failed to open /dev/dri/card1: Permission denied

libEGL warning: failed to open /dev/dri/card3: Permission denied

libEGL warning: failed to open /dev/dri/card2: Permission denied

libEGL warning: failed to open /dev/dri/card1: Permission denied

libEGL warning: failed to open /dev/dri/card3: Permission denied

libEGL warning: failed to open /dev/dri/card2: Permission denied

libEGL warning: failed to open /dev/dri/card1: Permission denied

The XKEYBOARD keymap compiler (xkbcomp) reports:
> Warning:          Could not resolve keysym XF86CameraAccessEnable
> Warning:          Could not resolve keysym XF86CameraAccessDisable
> Warning:          Could not resolve keysym XF86CameraAccessToggle
> Warning:          Could not resolve keysym XF86NextElement
> Warning:          Could not resolve keysym XF86PreviousElement
> Warning:          Could not resolve keysym XF86AutopilotEngageToggle
> Warning:          Could not resolve keysym XF86MarkWaypoint
> Warning:          Could not resolve keysym XF86Sos
> Warning:          Could not resolve keysym XF86NavChart
> Warning:          Could not resolve keysym XF86FishingChart
> Warning:          Could not resolve keysym XF86SingleRangeRadar
> Warning:          Could not resolve keysym XF86DualRangeRadar
> Warning:          Could not resolve keysym XF86RadarOverlay
> Warning:          Could not resolve keysym XF86TraditionalSonar
> Warning:          Could not resolve keysym XF86ClearvuSonar
> Warning:          Could not resolve keysym XF86SidevuSonar
> Warning:          Could not resolve keysym XF86NavInfo
Errors from xkbcomp are not fatal to the X server
/vol/bitbucket/mz325/envs/como/lib/python3.10/site-packages/lightning_lite/utilities/cloud_io.py:48: FutureWarning: You are using `torch.load` with `weights_only=False` (the current default value), which uses the default pickle module implicitly. It is possible to construct malicious pickle data which will execute arbitrary code during unpickling (See https://github.com/pytorch/pytorch/blob/main/SECURITY.md#untrusted-models for more details). In a future release, the default value for `weights_only` will be flipped to `True`. This limits the functions that could be executed during unpickling. Arbitrary objects will no longer be allowed to be loaded via this mode unless they are explicitly allowlisted by the user via `torch.serialization.add_safe_globals`. We recommend you start setting `weights_only=True` for any use case where you don't have full control of the loaded file. Please open an issue on GitHub for any issues related to this experimental feature.
  return torch.load(f, map_location=map_location)
/vol/bitbucket/mz325/individual_project/como/como/geometry/lie_algebra.py:168: UserWarning: Using torch.cross without specifying the dim arg is deprecated.
Please either pass the dim explicitly or simply use torch.linalg.cross.
The default value of dim will change to agree with that of linalg.cross in a future release. (Triggered internally at /opt/conda/conda-bld/pytorch_1729647382455/work/aten/src/ATen/native/Cross.cpp:62.)
  wnorm_x_t = torch.cross(w_norm, t)
N5utils18PostconditionPanicE
in RenderableManager::Builder::Result filament::RenderableManager::Builder::build(filament::Engine &, utils::Entity):236
reason: [entity=411] AABB can't be empty, unless culling is disabled and the object is not a shadow caster/receiver
#0	pybind.cpython-310-x86_64-linux-gnu.so     0x773a7fc46cd0 (null) + 131093135387856
#1	pybind.cpython-310-x86_64-linux-gnu.so     0x773a7fb9dc3a (null) + 131093134695482
#2	pybind.cpython-310-x86_64-linux-gnu.so     0x773a759c4647 (null) + 131092964984391
#3	pybind.cpython-310-x86_64-linux-gnu.so     0x773a759c7517 (null) + 131092964996375
#4	pybind.cpython-310-x86_64-linux-gnu.so     0x773a7596522a (null) + 131092964594218
#5	pybind.cpython-310-x86_64-linux-gnu.so     0x773a72a5b17c (null) + 131092915270012
#6	pybind.cpython-310-x86_64-linux-gnu.so     0x773a72e28cda (null) + 131092919258330
#7	python                              0x5d3889ecf446 (null) + 102497413559366
#8	python                              0x5d3889ec897b _PyObject_MakeTpCall + 619
#9	python                              0x5d3889edb6e6 (null) + 102497413609190
#10	python                              0x5d3889ec4022 _PyEval_EvalFrameDefault + 19474
#11	python                              0x5d3889ecf8cc _PyFunction_Vectorcall + 108
#12	python                              0x5d3889ebfb3c _PyEval_EvalFrameDefault + 1836
#13	python                              0x5d3889ecf8cc _PyFunction_Vectorcall + 108
#14	pybind.cpython-310-x86_64-linux-gnu.so     0x773a72cfdb81 (null) + 131092918033281
#15	pybind.cpython-310-x86_64-linux-gnu.so     0x773a72ae5178 (null) + 131092915835256
#16	pybind.cpython-310-x86_64-linux-gnu.so     0x773a759d2405 (null) + 131092965041157
#17	pybind.cpython-310-x86_64-linux-gnu.so     0x773a759d282d (null) + 131092965042221


Traceback (most recent call last):
  File "/vol/bitbucket/mz325/individual_project/como/como/como_dataset.py", line 37, in <module>
    main(dataset)
  File "/vol/bitbucket/mz325/individual_project/como/como/como_dataset.py", line 25, in main
    app.run()
  File "/vol/bitbucket/mz325/individual_project/como/como/odom/sequential/ComoSeq.py", line 67, in <lambda>
    self.window, lambda: self.update_pose_render(tracked_pose)
  File "/vol/bitbucket/mz325/individual_project/como/como/gui/GuiWindow.py", line 521, in update_pose_render
    self.widget3d.scene.add_geometry("est_traj", est_traj_geo, self.line_mat)
RuntimeError: Caught an unknown exception!
/vol/bitbucket/mz325/envs/como/lib/python3.10/site-packages/numpy/linalg/linalg.py:2180: RuntimeWarning: invalid value encountered in det
  r = _umath_linalg.det(a, signature=signature)
Exception in thread UpdateMain:
Traceback (most recent call last):
  File "/vol/bitbucket/mz325/envs/como/lib/python3.10/threading.py", line 1016, in _bootstrap_inner
    self.run()
  File "/vol/bitbucket/mz325/envs/como/lib/python3.10/threading.py", line 953, in run
    self._target(*self._args, **self._kwargs)
  File "/vol/bitbucket/mz325/individual_project/como/como/gui/GuiWindow.py", line 598, in update_main
    self._on_close()
  File "/vol/bitbucket/mz325/individual_project/como/como/gui/GuiWindow.py", line 375, in _on_close
    self.save_traj()
  File "/vol/bitbucket/mz325/individual_project/como/como/gui/GuiWindow.py", line 365, in save_traj
    save_traj(filename, kf_timestamps, kf_poses)
  File "/vol/bitbucket/mz325/individual_project/como/como/utils/io.py", line 8, in save_traj
    tq = pose_to_tq(poses[i, :, :])
  File "/vol/bitbucket/mz325/individual_project/como/como/geometry/lie_algebra.py", line 13, in pose_to_tq
    q = Rotation.from_matrix(pose[:3, :3]).as_quat()
  File "_rotation.pyx", line 1152, in scipy.spatial.transform._rotation.Rotation.from_matrix
  File "/vol/bitbucket/mz325/envs/como/lib/python3.10/site-packages/numpy/linalg/linalg.py", line 1681, in svd
    u, s, vh = gufunc(a, signature=signature, extobj=extobj)
  File "/vol/bitbucket/mz325/envs/como/lib/python3.10/site-packages/numpy/linalg/linalg.py", line 121, in _raise_linalgerror_svd_nonconvergence
    raise LinAlgError("SVD did not converge")
numpy.linalg.LinAlgError: SVD did not converge
libEGL warning: failed to open /dev/dri/card3: Permission denied

libEGL warning: failed to open /dev/dri/card2: Permission denied

libEGL warning: failed to open /dev/dri/card1: Permission denied

libEGL warning: failed to open /dev/dri/card3: Permission denied

libEGL warning: failed to open /dev/dri/card2: Permission denied

libEGL warning: failed to open /dev/dri/card1: Permission denied

libEGL warning: failed to open /dev/dri/card3: Permission denied

libEGL warning: failed to open /dev/dri/card2: Permission denied

libEGL warning: failed to open /dev/dri/card1: Permission denied

The XKEYBOARD keymap compiler (xkbcomp) reports:
> Warning:          Could not resolve keysym XF86CameraAccessEnable
> Warning:          Could not resolve keysym XF86CameraAccessDisable
> Warning:          Could not resolve keysym XF86CameraAccessToggle
> Warning:          Could not resolve keysym XF86NextElement
> Warning:          Could not resolve keysym XF86PreviousElement
> Warning:          Could not resolve keysym XF86AutopilotEngageToggle
> Warning:          Could not resolve keysym XF86MarkWaypoint
> Warning:          Could not resolve keysym XF86Sos
> Warning:          Could not resolve keysym XF86NavChart
> Warning:          Could not resolve keysym XF86FishingChart
> Warning:          Could not resolve keysym XF86SingleRangeRadar
> Warning:          Could not resolve keysym XF86DualRangeRadar
> Warning:          Could not resolve keysym XF86RadarOverlay
> Warning:          Could not resolve keysym XF86TraditionalSonar
> Warning:          Could not resolve keysym XF86ClearvuSonar
> Warning:          Could not resolve keysym XF86SidevuSonar
> Warning:          Could not resolve keysym XF86NavInfo
Errors from xkbcomp are not fatal to the X server
/vol/bitbucket/mz325/envs/como/lib/python3.10/site-packages/lightning_lite/utilities/cloud_io.py:48: FutureWarning: You are using `torch.load` with `weights_only=False` (the current default value), which uses the default pickle module implicitly. It is possible to construct malicious pickle data which will execute arbitrary code during unpickling (See https://github.com/pytorch/pytorch/blob/main/SECURITY.md#untrusted-models for more details). In a future release, the default value for `weights_only` will be flipped to `True`. This limits the functions that could be executed during unpickling. Arbitrary objects will no longer be allowed to be loaded via this mode unless they are explicitly allowlisted by the user via `torch.serialization.add_safe_globals`. We recommend you start setting `weights_only=True` for any use case where you don't have full control of the loaded file. Please open an issue on GitHub for any issues related to this experimental feature.
  return torch.load(f, map_location=map_location)
/vol/bitbucket/mz325/individual_project/como/como/geometry/lie_algebra.py:168: UserWarning: Using torch.cross without specifying the dim arg is deprecated.
Please either pass the dim explicitly or simply use torch.linalg.cross.
The default value of dim will change to agree with that of linalg.cross in a future release. (Triggered internally at /opt/conda/conda-bld/pytorch_1729647382455/work/aten/src/ATen/native/Cross.cpp:62.)
  wnorm_x_t = torch.cross(w_norm, t)
N5utils18PostconditionPanicE
in RenderableManager::Builder::Result filament::RenderableManager::Builder::build(filament::Engine &, utils::Entity):236
reason: [entity=813] AABB can't be empty, unless culling is disabled and the object is not a shadow caster/receiver
#0	pybind.cpython-310-x86_64-linux-gnu.so     0x741eadf46cd0 (null) + 127675116317904
#1	pybind.cpython-310-x86_64-linux-gnu.so     0x741eade9dc3a (null) + 127675115625530
#2	pybind.cpython-310-x86_64-linux-gnu.so     0x741ea3cc4647 (null) + 127674945914439
#3	pybind.cpython-310-x86_64-linux-gnu.so     0x741ea3cc7517 (null) + 127674945926423
#4	pybind.cpython-310-x86_64-linux-gnu.so     0x741ea3c6522a (null) + 127674945524266
#5	pybind.cpython-310-x86_64-linux-gnu.so     0x741ea0d5b17c (null) + 127674896200060
#6	pybind.cpython-310-x86_64-linux-gnu.so     0x741ea1128cda (null) + 127674900188378
#7	python                              0x5e8410c22446 (null) + 103921309852742
#8	python                              0x5e8410c1b97b _PyObject_MakeTpCall + 619
#9	python                              0x5e8410c2e6e6 (null) + 103921309902566
#10	python                              0x5e8410c17022 _PyEval_EvalFrameDefault + 19474
#11	python                              0x5e8410c228cc _PyFunction_Vectorcall + 108
#12	python                              0x5e8410c12b3c _PyEval_EvalFrameDefault + 1836
#13	python                              0x5e8410c228cc _PyFunction_Vectorcall + 108
#14	pybind.cpython-310-x86_64-linux-gnu.so     0x741ea0ffdb81 (null) + 127674898963329
#15	pybind.cpython-310-x86_64-linux-gnu.so     0x741ea0de5178 (null) + 127674896765304
#16	pybind.cpython-310-x86_64-linux-gnu.so     0x741ea3cd2405 (null) + 127674945971205
#17	pybind.cpython-310-x86_64-linux-gnu.so     0x741ea3cd282d (null) + 127674945972269


Traceback (most recent call last):
  File "/vol/bitbucket/mz325/individual_project/como/como/como_dataset.py", line 37, in <module>
    main(dataset)
  File "/vol/bitbucket/mz325/individual_project/como/como/como_dataset.py", line 25, in main
    app.run()
  File "/vol/bitbucket/mz325/individual_project/como/como/odom/sequential/ComoSeq.py", line 67, in <lambda>
    self.window, lambda: self.update_pose_render(tracked_pose)
  File "/vol/bitbucket/mz325/individual_project/como/como/gui/GuiWindow.py", line 521, in update_pose_render
    self.widget3d.scene.add_geometry("est_traj", est_traj_geo, self.line_mat)
RuntimeError: Caught an unknown exception!
/vol/bitbucket/mz325/envs/como/lib/python3.10/site-packages/numpy/linalg/linalg.py:2180: RuntimeWarning: invalid value encountered in det
  r = _umath_linalg.det(a, signature=signature)
Exception in thread UpdateMain:
Traceback (most recent call last):
  File "/vol/bitbucket/mz325/envs/como/lib/python3.10/threading.py", line 1016, in _bootstrap_inner
    self.run()
  File "/vol/bitbucket/mz325/envs/como/lib/python3.10/threading.py", line 953, in run
    self._target(*self._args, **self._kwargs)
  File "/vol/bitbucket/mz325/individual_project/como/como/gui/GuiWindow.py", line 598, in update_main
    self._on_close()
  File "/vol/bitbucket/mz325/individual_project/como/como/gui/GuiWindow.py", line 375, in _on_close
    self.save_traj()
  File "/vol/bitbucket/mz325/individual_project/como/como/gui/GuiWindow.py", line 365, in save_traj
    save_traj(filename, kf_timestamps, kf_poses)
  File "/vol/bitbucket/mz325/individual_project/como/como/utils/io.py", line 8, in save_traj
    tq = pose_to_tq(poses[i, :, :])
  File "/vol/bitbucket/mz325/individual_project/como/como/geometry/lie_algebra.py", line 13, in pose_to_tq
    q = Rotation.from_matrix(pose[:3, :3]).as_quat()
  File "_rotation.pyx", line 1152, in scipy.spatial.transform._rotation.Rotation.from_matrix
  File "/vol/bitbucket/mz325/envs/como/lib/python3.10/site-packages/numpy/linalg/linalg.py", line 1681, in svd
    u, s, vh = gufunc(a, signature=signature, extobj=extobj)
  File "/vol/bitbucket/mz325/envs/como/lib/python3.10/site-packages/numpy/linalg/linalg.py", line 121, in _raise_linalgerror_svd_nonconvergence
    raise LinAlgError("SVD did not converge")
numpy.linalg.LinAlgError: SVD did not converge
libEGL warning: failed to open /dev/dri/card3: Permission denied

libEGL warning: failed to open /dev/dri/card2: Permission denied

libEGL warning: failed to open /dev/dri/card1: Permission denied

libEGL warning: failed to open /dev/dri/card3: Permission denied

libEGL warning: failed to open /dev/dri/card2: Permission denied

libEGL warning: failed to open /dev/dri/card1: Permission denied

libEGL warning: failed to open /dev/dri/card3: Permission denied

libEGL warning: failed to open /dev/dri/card2: Permission denied

libEGL warning: failed to open /dev/dri/card1: Permission denied

The XKEYBOARD keymap compiler (xkbcomp) reports:
> Warning:          Could not resolve keysym XF86CameraAccessEnable
> Warning:          Could not resolve keysym XF86CameraAccessDisable
> Warning:          Could not resolve keysym XF86CameraAccessToggle
> Warning:          Could not resolve keysym XF86NextElement
> Warning:          Could not resolve keysym XF86PreviousElement
> Warning:          Could not resolve keysym XF86AutopilotEngageToggle
> Warning:          Could not resolve keysym XF86MarkWaypoint
> Warning:          Could not resolve keysym XF86Sos
> Warning:          Could not resolve keysym XF86NavChart
> Warning:          Could not resolve keysym XF86FishingChart
> Warning:          Could not resolve keysym XF86SingleRangeRadar
> Warning:          Could not resolve keysym XF86DualRangeRadar
> Warning:          Could not resolve keysym XF86RadarOverlay
> Warning:          Could not resolve keysym XF86TraditionalSonar
> Warning:          Could not resolve keysym XF86ClearvuSonar
> Warning:          Could not resolve keysym XF86SidevuSonar
> Warning:          Could not resolve keysym XF86NavInfo
Errors from xkbcomp are not fatal to the X server
/vol/bitbucket/mz325/envs/como/lib/python3.10/site-packages/lightning_lite/utilities/cloud_io.py:48: FutureWarning: You are using `torch.load` with `weights_only=False` (the current default value), which uses the default pickle module implicitly. It is possible to construct malicious pickle data which will execute arbitrary code during unpickling (See https://github.com/pytorch/pytorch/blob/main/SECURITY.md#untrusted-models for more details). In a future release, the default value for `weights_only` will be flipped to `True`. This limits the functions that could be executed during unpickling. Arbitrary objects will no longer be allowed to be loaded via this mode unless they are explicitly allowlisted by the user via `torch.serialization.add_safe_globals`. We recommend you start setting `weights_only=True` for any use case where you don't have full control of the loaded file. Please open an issue on GitHub for any issues related to this experimental feature.
  return torch.load(f, map_location=map_location)
/vol/bitbucket/mz325/individual_project/como/como/geometry/lie_algebra.py:168: UserWarning: Using torch.cross without specifying the dim arg is deprecated.
Please either pass the dim explicitly or simply use torch.linalg.cross.
The default value of dim will change to agree with that of linalg.cross in a future release. (Triggered internally at /opt/conda/conda-bld/pytorch_1729647382455/work/aten/src/ATen/native/Cross.cpp:62.)
  wnorm_x_t = torch.cross(w_norm, t)
N5utils18PostconditionPanicE
in RenderableManager::Builder::Result filament::RenderableManager::Builder::build(filament::Engine &, utils::Entity):236
reason: [entity=798] AABB can't be empty, unless culling is disabled and the object is not a shadow caster/receiver
#0	pybind.cpython-310-x86_64-linux-gnu.so     0x7da840346cd0 (null) + 138161585155280
#1	pybind.cpython-310-x86_64-linux-gnu.so     0x7da84029dc3a (null) + 138161584462906
#2	pybind.cpython-310-x86_64-linux-gnu.so     0x7da8360c4647 (null) + 138161414751815
#3	pybind.cpython-310-x86_64-linux-gnu.so     0x7da8360c7517 (null) + 138161414763799
#4	pybind.cpython-310-x86_64-linux-gnu.so     0x7da83606522a (null) + 138161414361642
#5	pybind.cpython-310-x86_64-linux-gnu.so     0x7da83315b17c (null) + 138161365037436
#6	pybind.cpython-310-x86_64-linux-gnu.so     0x7da833528cda (null) + 138161369025754
#7	python                              0x61152021b446 (null) + 106743361287238
#8	python                              0x61152021497b _PyObject_MakeTpCall + 619
#9	python                              0x6115202276e6 (null) + 106743361337062
#10	python                              0x611520210022 _PyEval_EvalFrameDefault + 19474
#11	python                              0x61152021b8cc _PyFunction_Vectorcall + 108
#12	python                              0x61152020bb3c _PyEval_EvalFrameDefault + 1836
#13	python                              0x61152021b8cc _PyFunction_Vectorcall + 108
#14	pybind.cpython-310-x86_64-linux-gnu.so     0x7da8333fdb81 (null) + 138161367800705
#15	pybind.cpython-310-x86_64-linux-gnu.so     0x7da8331e5178 (null) + 138161365602680
#16	pybind.cpython-310-x86_64-linux-gnu.so     0x7da8360d2405 (null) + 138161414808581
#17	pybind.cpython-310-x86_64-linux-gnu.so     0x7da8360d282d (null) + 138161414809645


Traceback (most recent call last):
  File "/vol/bitbucket/mz325/individual_project/como/como/como_dataset.py", line 37, in <module>
    main(dataset)
  File "/vol/bitbucket/mz325/individual_project/como/como/como_dataset.py", line 25, in main
    app.run()
  File "/vol/bitbucket/mz325/individual_project/como/como/odom/sequential/ComoSeq.py", line 67, in <lambda>
    self.window, lambda: self.update_pose_render(tracked_pose)
  File "/vol/bitbucket/mz325/individual_project/como/como/gui/GuiWindow.py", line 521, in update_pose_render
    self.widget3d.scene.add_geometry("est_traj", est_traj_geo, self.line_mat)
RuntimeError: Caught an unknown exception!
/vol/bitbucket/mz325/envs/como/lib/python3.10/site-packages/numpy/linalg/linalg.py:2180: RuntimeWarning: invalid value encountered in det
  r = _umath_linalg.det(a, signature=signature)
Exception in thread UpdateMain:
Traceback (most recent call last):
  File "/vol/bitbucket/mz325/envs/como/lib/python3.10/threading.py", line 1016, in _bootstrap_inner
    self.run()
  File "/vol/bitbucket/mz325/envs/como/lib/python3.10/threading.py", line 953, in run
    self._target(*self._args, **self._kwargs)
  File "/vol/bitbucket/mz325/individual_project/como/como/gui/GuiWindow.py", line 598, in update_main
    self._on_close()
  File "/vol/bitbucket/mz325/individual_project/como/como/gui/GuiWindow.py", line 375, in _on_close
    self.save_traj()
  File "/vol/bitbucket/mz325/individual_project/como/como/gui/GuiWindow.py", line 365, in save_traj
    save_traj(filename, kf_timestamps, kf_poses)
  File "/vol/bitbucket/mz325/individual_project/como/como/utils/io.py", line 8, in save_traj
    tq = pose_to_tq(poses[i, :, :])
  File "/vol/bitbucket/mz325/individual_project/como/como/geometry/lie_algebra.py", line 13, in pose_to_tq
    q = Rotation.from_matrix(pose[:3, :3]).as_quat()
  File "_rotation.pyx", line 1152, in scipy.spatial.transform._rotation.Rotation.from_matrix
  File "/vol/bitbucket/mz325/envs/como/lib/python3.10/site-packages/numpy/linalg/linalg.py", line 1681, in svd
    u, s, vh = gufunc(a, signature=signature, extobj=extobj)
  File "/vol/bitbucket/mz325/envs/como/lib/python3.10/site-packages/numpy/linalg/linalg.py", line 121, in _raise_linalgerror_svd_nonconvergence
    raise LinAlgError("SVD did not converge")
numpy.linalg.LinAlgError: SVD did not converge
libEGL warning: failed to open /dev/dri/card3: Permission denied

libEGL warning: failed to open /dev/dri/card2: Permission denied

libEGL warning: failed to open /dev/dri/card1: Permission denied

libEGL warning: failed to open /dev/dri/card3: Permission denied

libEGL warning: failed to open /dev/dri/card2: Permission denied

libEGL warning: failed to open /dev/dri/card1: Permission denied

libEGL warning: failed to open /dev/dri/card3: Permission denied

libEGL warning: failed to open /dev/dri/card2: Permission denied

libEGL warning: failed to open /dev/dri/card1: Permission denied

The XKEYBOARD keymap compiler (xkbcomp) reports:
> Warning:          Could not resolve keysym XF86CameraAccessEnable
> Warning:          Could not resolve keysym XF86CameraAccessDisable
> Warning:          Could not resolve keysym XF86CameraAccessToggle
> Warning:          Could not resolve keysym XF86NextElement
> Warning:          Could not resolve keysym XF86PreviousElement
> Warning:          Could not resolve keysym XF86AutopilotEngageToggle
> Warning:          Could not resolve keysym XF86MarkWaypoint
> Warning:          Could not resolve keysym XF86Sos
> Warning:          Could not resolve keysym XF86NavChart
> Warning:          Could not resolve keysym XF86FishingChart
> Warning:          Could not resolve keysym XF86SingleRangeRadar
> Warning:          Could not resolve keysym XF86DualRangeRadar
> Warning:          Could not resolve keysym XF86RadarOverlay
> Warning:          Could not resolve keysym XF86TraditionalSonar
> Warning:          Could not resolve keysym XF86ClearvuSonar
> Warning:          Could not resolve keysym XF86SidevuSonar
> Warning:          Could not resolve keysym XF86NavInfo
Errors from xkbcomp are not fatal to the X server
/var/spool/slurm/d/job252207/slurm_script: line 91: 792492 Segmentation fault      timeout 500 python como/como_dataset.py --dataset_type=tum --dataset_dir="${DATASET_DIR}"
/vol/bitbucket/mz325/envs/como/lib/python3.10/site-packages/lightning_lite/utilities/cloud_io.py:48: FutureWarning: You are using `torch.load` with `weights_only=False` (the current default value), which uses the default pickle module implicitly. It is possible to construct malicious pickle data which will execute arbitrary code during unpickling (See https://github.com/pytorch/pytorch/blob/main/SECURITY.md#untrusted-models for more details). In a future release, the default value for `weights_only` will be flipped to `True`. This limits the functions that could be executed during unpickling. Arbitrary objects will no longer be allowed to be loaded via this mode unless they are explicitly allowlisted by the user via `torch.serialization.add_safe_globals`. We recommend you start setting `weights_only=True` for any use case where you don't have full control of the loaded file. Please open an issue on GitHub for any issues related to this experimental feature.
  return torch.load(f, map_location=map_location)
/vol/bitbucket/mz325/individual_project/como/como/geometry/lie_algebra.py:168: UserWarning: Using torch.cross without specifying the dim arg is deprecated.
Please either pass the dim explicitly or simply use torch.linalg.cross.
The default value of dim will change to agree with that of linalg.cross in a future release. (Triggered internally at /opt/conda/conda-bld/pytorch_1729647382455/work/aten/src/ATen/native/Cross.cpp:62.)
  wnorm_x_t = torch.cross(w_norm, t)
libEGL warning: failed to open /dev/dri/card3: Permission denied

libEGL warning: failed to open /dev/dri/card2: Permission denied

libEGL warning: failed to open /dev/dri/card1: Permission denied

libEGL warning: failed to open /dev/dri/card3: Permission denied

libEGL warning: failed to open /dev/dri/card2: Permission denied

libEGL warning: failed to open /dev/dri/card1: Permission denied

libEGL warning: failed to open /dev/dri/card3: Permission denied

libEGL warning: failed to open /dev/dri/card2: Permission denied

libEGL warning: failed to open /dev/dri/card1: Permission denied

The XKEYBOARD keymap compiler (xkbcomp) reports:
> Warning:          Could not resolve keysym XF86CameraAccessEnable
> Warning:          Could not resolve keysym XF86CameraAccessDisable
> Warning:          Could not resolve keysym XF86CameraAccessToggle
> Warning:          Could not resolve keysym XF86NextElement
> Warning:          Could not resolve keysym XF86PreviousElement
> Warning:          Could not resolve keysym XF86AutopilotEngageToggle
> Warning:          Could not resolve keysym XF86MarkWaypoint
> Warning:          Could not resolve keysym XF86Sos
> Warning:          Could not resolve keysym XF86NavChart
> Warning:          Could not resolve keysym XF86FishingChart
> Warning:          Could not resolve keysym XF86SingleRangeRadar
> Warning:          Could not resolve keysym XF86DualRangeRadar
> Warning:          Could not resolve keysym XF86RadarOverlay
> Warning:          Could not resolve keysym XF86TraditionalSonar
> Warning:          Could not resolve keysym XF86ClearvuSonar
> Warning:          Could not resolve keysym XF86SidevuSonar
> Warning:          Could not resolve keysym XF86NavInfo
Errors from xkbcomp are not fatal to the X server
/vol/bitbucket/mz325/envs/como/lib/python3.10/site-packages/lightning_lite/utilities/cloud_io.py:48: FutureWarning: You are using `torch.load` with `weights_only=False` (the current default value), which uses the default pickle module implicitly. It is possible to construct malicious pickle data which will execute arbitrary code during unpickling (See https://github.com/pytorch/pytorch/blob/main/SECURITY.md#untrusted-models for more details). In a future release, the default value for `weights_only` will be flipped to `True`. This limits the functions that could be executed during unpickling. Arbitrary objects will no longer be allowed to be loaded via this mode unless they are explicitly allowlisted by the user via `torch.serialization.add_safe_globals`. We recommend you start setting `weights_only=True` for any use case where you don't have full control of the loaded file. Please open an issue on GitHub for any issues related to this experimental feature.
  return torch.load(f, map_location=map_location)
/vol/bitbucket/mz325/individual_project/como/como/geometry/lie_algebra.py:168: UserWarning: Using torch.cross without specifying the dim arg is deprecated.
Please either pass the dim explicitly or simply use torch.linalg.cross.
The default value of dim will change to agree with that of linalg.cross in a future release. (Triggered internally at /opt/conda/conda-bld/pytorch_1729647382455/work/aten/src/ATen/native/Cross.cpp:62.)
  wnorm_x_t = torch.cross(w_norm, t)
libEGL warning: failed to open /dev/dri/card3: Permission denied

libEGL warning: failed to open /dev/dri/card2: Permission denied

libEGL warning: failed to open /dev/dri/card1: Permission denied

libEGL warning: failed to open /dev/dri/card3: Permission denied

libEGL warning: failed to open /dev/dri/card2: Permission denied

libEGL warning: failed to open /dev/dri/card1: Permission denied

libEGL warning: failed to open /dev/dri/card3: Permission denied

libEGL warning: failed to open /dev/dri/card2: Permission denied

libEGL warning: failed to open /dev/dri/card1: Permission denied

The XKEYBOARD keymap compiler (xkbcomp) reports:
> Warning:          Could not resolve keysym XF86CameraAccessEnable
> Warning:          Could not resolve keysym XF86CameraAccessDisable
> Warning:          Could not resolve keysym XF86CameraAccessToggle
> Warning:          Could not resolve keysym XF86NextElement
> Warning:          Could not resolve keysym XF86PreviousElement
> Warning:          Could not resolve keysym XF86AutopilotEngageToggle
> Warning:          Could not resolve keysym XF86MarkWaypoint
> Warning:          Could not resolve keysym XF86Sos
> Warning:          Could not resolve keysym XF86NavChart
> Warning:          Could not resolve keysym XF86FishingChart
> Warning:          Could not resolve keysym XF86SingleRangeRadar
> Warning:          Could not resolve keysym XF86DualRangeRadar
> Warning:          Could not resolve keysym XF86RadarOverlay
> Warning:          Could not resolve keysym XF86TraditionalSonar
> Warning:          Could not resolve keysym XF86ClearvuSonar
> Warning:          Could not resolve keysym XF86SidevuSonar
> Warning:          Could not resolve keysym XF86NavInfo
Errors from xkbcomp are not fatal to the X server
/var/spool/slurm/d/job252207/slurm_script: line 91: 793833 Segmentation fault      timeout 500 python como/como_dataset.py --dataset_type=tum --dataset_dir="${DATASET_DIR}"
/vol/bitbucket/mz325/envs/como/lib/python3.10/site-packages/lightning_lite/utilities/cloud_io.py:48: FutureWarning: You are using `torch.load` with `weights_only=False` (the current default value), which uses the default pickle module implicitly. It is possible to construct malicious pickle data which will execute arbitrary code during unpickling (See https://github.com/pytorch/pytorch/blob/main/SECURITY.md#untrusted-models for more details). In a future release, the default value for `weights_only` will be flipped to `True`. This limits the functions that could be executed during unpickling. Arbitrary objects will no longer be allowed to be loaded via this mode unless they are explicitly allowlisted by the user via `torch.serialization.add_safe_globals`. We recommend you start setting `weights_only=True` for any use case where you don't have full control of the loaded file. Please open an issue on GitHub for any issues related to this experimental feature.
  return torch.load(f, map_location=map_location)
/vol/bitbucket/mz325/individual_project/como/como/geometry/lie_algebra.py:168: UserWarning: Using torch.cross without specifying the dim arg is deprecated.
Please either pass the dim explicitly or simply use torch.linalg.cross.
The default value of dim will change to agree with that of linalg.cross in a future release. (Triggered internally at /opt/conda/conda-bld/pytorch_1729647382455/work/aten/src/ATen/native/Cross.cpp:62.)
  wnorm_x_t = torch.cross(w_norm, t)
libEGL warning: failed to open /dev/dri/card3: Permission denied

libEGL warning: failed to open /dev/dri/card2: Permission denied

libEGL warning: failed to open /dev/dri/card1: Permission denied

libEGL warning: failed to open /dev/dri/card3: Permission denied

libEGL warning: failed to open /dev/dri/card2: Permission denied

libEGL warning: failed to open /dev/dri/card1: Permission denied

libEGL warning: failed to open /dev/dri/card3: Permission denied

libEGL warning: failed to open /dev/dri/card2: Permission denied

libEGL warning: failed to open /dev/dri/card1: Permission denied

The XKEYBOARD keymap compiler (xkbcomp) reports:
> Warning:          Could not resolve keysym XF86CameraAccessEnable
> Warning:          Could not resolve keysym XF86CameraAccessDisable
> Warning:          Could not resolve keysym XF86CameraAccessToggle
> Warning:          Could not resolve keysym XF86NextElement
> Warning:          Could not resolve keysym XF86PreviousElement
> Warning:          Could not resolve keysym XF86AutopilotEngageToggle
> Warning:          Could not resolve keysym XF86MarkWaypoint
> Warning:          Could not resolve keysym XF86Sos
> Warning:          Could not resolve keysym XF86NavChart
> Warning:          Could not resolve keysym XF86FishingChart
> Warning:          Could not resolve keysym XF86SingleRangeRadar
> Warning:          Could not resolve keysym XF86DualRangeRadar
> Warning:          Could not resolve keysym XF86RadarOverlay
> Warning:          Could not resolve keysym XF86TraditionalSonar
> Warning:          Could not resolve keysym XF86ClearvuSonar
> Warning:          Could not resolve keysym XF86SidevuSonar
> Warning:          Could not resolve keysym XF86NavInfo
Errors from xkbcomp are not fatal to the X server
/vol/bitbucket/mz325/envs/como/lib/python3.10/site-packages/lightning_lite/utilities/cloud_io.py:48: FutureWarning: You are using `torch.load` with `weights_only=False` (the current default value), which uses the default pickle module implicitly. It is possible to construct malicious pickle data which will execute arbitrary code during unpickling (See https://github.com/pytorch/pytorch/blob/main/SECURITY.md#untrusted-models for more details). In a future release, the default value for `weights_only` will be flipped to `True`. This limits the functions that could be executed during unpickling. Arbitrary objects will no longer be allowed to be loaded via this mode unless they are explicitly allowlisted by the user via `torch.serialization.add_safe_globals`. We recommend you start setting `weights_only=True` for any use case where you don't have full control of the loaded file. Please open an issue on GitHub for any issues related to this experimental feature.
  return torch.load(f, map_location=map_location)
/vol/bitbucket/mz325/individual_project/como/como/geometry/lie_algebra.py:168: UserWarning: Using torch.cross without specifying the dim arg is deprecated.
Please either pass the dim explicitly or simply use torch.linalg.cross.
The default value of dim will change to agree with that of linalg.cross in a future release. (Triggered internally at /opt/conda/conda-bld/pytorch_1729647382455/work/aten/src/ATen/native/Cross.cpp:62.)
  wnorm_x_t = torch.cross(w_norm, t)
libEGL warning: failed to open /dev/dri/card3: Permission denied

libEGL warning: failed to open /dev/dri/card2: Permission denied

libEGL warning: failed to open /dev/dri/card1: Permission denied

libEGL warning: failed to open /dev/dri/card3: Permission denied

libEGL warning: failed to open /dev/dri/card2: Permission denied

libEGL warning: failed to open /dev/dri/card1: Permission denied

libEGL warning: failed to open /dev/dri/card3: Permission denied

libEGL warning: failed to open /dev/dri/card2: Permission denied

libEGL warning: failed to open /dev/dri/card1: Permission denied

The XKEYBOARD keymap compiler (xkbcomp) reports:
> Warning:          Could not resolve keysym XF86CameraAccessEnable
> Warning:          Could not resolve keysym XF86CameraAccessDisable
> Warning:          Could not resolve keysym XF86CameraAccessToggle
> Warning:          Could not resolve keysym XF86NextElement
> Warning:          Could not resolve keysym XF86PreviousElement
> Warning:          Could not resolve keysym XF86AutopilotEngageToggle
> Warning:          Could not resolve keysym XF86MarkWaypoint
> Warning:          Could not resolve keysym XF86Sos
> Warning:          Could not resolve keysym XF86NavChart
> Warning:          Could not resolve keysym XF86FishingChart
> Warning:          Could not resolve keysym XF86SingleRangeRadar
> Warning:          Could not resolve keysym XF86DualRangeRadar
> Warning:          Could not resolve keysym XF86RadarOverlay
> Warning:          Could not resolve keysym XF86TraditionalSonar
> Warning:          Could not resolve keysym XF86ClearvuSonar
> Warning:          Could not resolve keysym XF86SidevuSonar
> Warning:          Could not resolve keysym XF86NavInfo
Errors from xkbcomp are not fatal to the X server
/vol/bitbucket/mz325/envs/como/lib/python3.10/site-packages/lightning_lite/utilities/cloud_io.py:48: FutureWarning: You are using `torch.load` with `weights_only=False` (the current default value), which uses the default pickle module implicitly. It is possible to construct malicious pickle data which will execute arbitrary code during unpickling (See https://github.com/pytorch/pytorch/blob/main/SECURITY.md#untrusted-models for more details). In a future release, the default value for `weights_only` will be flipped to `True`. This limits the functions that could be executed during unpickling. Arbitrary objects will no longer be allowed to be loaded via this mode unless they are explicitly allowlisted by the user via `torch.serialization.add_safe_globals`. We recommend you start setting `weights_only=True` for any use case where you don't have full control of the loaded file. Please open an issue on GitHub for any issues related to this experimental feature.
  return torch.load(f, map_location=map_location)
/vol/bitbucket/mz325/individual_project/como/como/geometry/lie_algebra.py:168: UserWarning: Using torch.cross without specifying the dim arg is deprecated.
Please either pass the dim explicitly or simply use torch.linalg.cross.
The default value of dim will change to agree with that of linalg.cross in a future release. (Triggered internally at /opt/conda/conda-bld/pytorch_1729647382455/work/aten/src/ATen/native/Cross.cpp:62.)
  wnorm_x_t = torch.cross(w_norm, t)
libEGL warning: failed to open /dev/dri/card3: Permission denied

libEGL warning: failed to open /dev/dri/card2: Permission denied

libEGL warning: failed to open /dev/dri/card1: Permission denied

libEGL warning: failed to open /dev/dri/card3: Permission denied

libEGL warning: failed to open /dev/dri/card2: Permission denied

libEGL warning: failed to open /dev/dri/card1: Permission denied

libEGL warning: failed to open /dev/dri/card3: Permission denied

libEGL warning: failed to open /dev/dri/card2: Permission denied

libEGL warning: failed to open /dev/dri/card1: Permission denied

The XKEYBOARD keymap compiler (xkbcomp) reports:
> Warning:          Could not resolve keysym XF86CameraAccessEnable
> Warning:          Could not resolve keysym XF86CameraAccessDisable
> Warning:          Could not resolve keysym XF86CameraAccessToggle
> Warning:          Could not resolve keysym XF86NextElement
> Warning:          Could not resolve keysym XF86PreviousElement
> Warning:          Could not resolve keysym XF86AutopilotEngageToggle
> Warning:          Could not resolve keysym XF86MarkWaypoint
> Warning:          Could not resolve keysym XF86Sos
> Warning:          Could not resolve keysym XF86NavChart
> Warning:          Could not resolve keysym XF86FishingChart
> Warning:          Could not resolve keysym XF86SingleRangeRadar
> Warning:          Could not resolve keysym XF86DualRangeRadar
> Warning:          Could not resolve keysym XF86RadarOverlay
> Warning:          Could not resolve keysym XF86TraditionalSonar
> Warning:          Could not resolve keysym XF86ClearvuSonar
> Warning:          Could not resolve keysym XF86SidevuSonar
> Warning:          Could not resolve keysym XF86NavInfo
Errors from xkbcomp are not fatal to the X server
/vol/bitbucket/mz325/envs/como/lib/python3.10/site-packages/lightning_lite/utilities/cloud_io.py:48: FutureWarning: You are using `torch.load` with `weights_only=False` (the current default value), which uses the default pickle module implicitly. It is possible to construct malicious pickle data which will execute arbitrary code during unpickling (See https://github.com/pytorch/pytorch/blob/main/SECURITY.md#untrusted-models for more details). In a future release, the default value for `weights_only` will be flipped to `True`. This limits the functions that could be executed during unpickling. Arbitrary objects will no longer be allowed to be loaded via this mode unless they are explicitly allowlisted by the user via `torch.serialization.add_safe_globals`. We recommend you start setting `weights_only=True` for any use case where you don't have full control of the loaded file. Please open an issue on GitHub for any issues related to this experimental feature.
  return torch.load(f, map_location=map_location)
/vol/bitbucket/mz325/individual_project/como/como/geometry/lie_algebra.py:168: UserWarning: Using torch.cross without specifying the dim arg is deprecated.
Please either pass the dim explicitly or simply use torch.linalg.cross.
The default value of dim will change to agree with that of linalg.cross in a future release. (Triggered internally at /opt/conda/conda-bld/pytorch_1729647382455/work/aten/src/ATen/native/Cross.cpp:62.)
  wnorm_x_t = torch.cross(w_norm, t)
libEGL warning: failed to open /dev/dri/card3: Permission denied

libEGL warning: failed to open /dev/dri/card2: Permission denied

libEGL warning: failed to open /dev/dri/card1: Permission denied

libEGL warning: failed to open /dev/dri/card3: Permission denied

libEGL warning: failed to open /dev/dri/card2: Permission denied

libEGL warning: failed to open /dev/dri/card1: Permission denied

libEGL warning: failed to open /dev/dri/card3: Permission denied

libEGL warning: failed to open /dev/dri/card2: Permission denied

libEGL warning: failed to open /dev/dri/card1: Permission denied

The XKEYBOARD keymap compiler (xkbcomp) reports:
> Warning:          Could not resolve keysym XF86CameraAccessEnable
> Warning:          Could not resolve keysym XF86CameraAccessDisable
> Warning:          Could not resolve keysym XF86CameraAccessToggle
> Warning:          Could not resolve keysym XF86NextElement
> Warning:          Could not resolve keysym XF86PreviousElement
> Warning:          Could not resolve keysym XF86AutopilotEngageToggle
> Warning:          Could not resolve keysym XF86MarkWaypoint
> Warning:          Could not resolve keysym XF86Sos
> Warning:          Could not resolve keysym XF86NavChart
> Warning:          Could not resolve keysym XF86FishingChart
> Warning:          Could not resolve keysym XF86SingleRangeRadar
> Warning:          Could not resolve keysym XF86DualRangeRadar
> Warning:          Could not resolve keysym XF86RadarOverlay
> Warning:          Could not resolve keysym XF86TraditionalSonar
> Warning:          Could not resolve keysym XF86ClearvuSonar
> Warning:          Could not resolve keysym XF86SidevuSonar
> Warning:          Could not resolve keysym XF86NavInfo
Errors from xkbcomp are not fatal to the X server
/vol/bitbucket/mz325/envs/como/lib/python3.10/site-packages/lightning_lite/utilities/cloud_io.py:48: FutureWarning: You are using `torch.load` with `weights_only=False` (the current default value), which uses the default pickle module implicitly. It is possible to construct malicious pickle data which will execute arbitrary code during unpickling (See https://github.com/pytorch/pytorch/blob/main/SECURITY.md#untrusted-models for more details). In a future release, the default value for `weights_only` will be flipped to `True`. This limits the functions that could be executed during unpickling. Arbitrary objects will no longer be allowed to be loaded via this mode unless they are explicitly allowlisted by the user via `torch.serialization.add_safe_globals`. We recommend you start setting `weights_only=True` for any use case where you don't have full control of the loaded file. Please open an issue on GitHub for any issues related to this experimental feature.
  return torch.load(f, map_location=map_location)
/vol/bitbucket/mz325/individual_project/como/como/geometry/lie_algebra.py:168: UserWarning: Using torch.cross without specifying the dim arg is deprecated.
Please either pass the dim explicitly or simply use torch.linalg.cross.
The default value of dim will change to agree with that of linalg.cross in a future release. (Triggered internally at /opt/conda/conda-bld/pytorch_1729647382455/work/aten/src/ATen/native/Cross.cpp:62.)
  wnorm_x_t = torch.cross(w_norm, t)
libEGL warning: failed to open /dev/dri/card3: Permission denied

libEGL warning: failed to open /dev/dri/card2: Permission denied

libEGL warning: failed to open /dev/dri/card1: Permission denied

libEGL warning: failed to open /dev/dri/card3: Permission denied

libEGL warning: failed to open /dev/dri/card2: Permission denied

libEGL warning: failed to open /dev/dri/card1: Permission denied

libEGL warning: failed to open /dev/dri/card3: Permission denied

libEGL warning: failed to open /dev/dri/card2: Permission denied

libEGL warning: failed to open /dev/dri/card1: Permission denied

The XKEYBOARD keymap compiler (xkbcomp) reports:
> Warning:          Could not resolve keysym XF86CameraAccessEnable
> Warning:          Could not resolve keysym XF86CameraAccessDisable
> Warning:          Could not resolve keysym XF86CameraAccessToggle
> Warning:          Could not resolve keysym XF86NextElement
> Warning:          Could not resolve keysym XF86PreviousElement
> Warning:          Could not resolve keysym XF86AutopilotEngageToggle
> Warning:          Could not resolve keysym XF86MarkWaypoint
> Warning:          Could not resolve keysym XF86Sos
> Warning:          Could not resolve keysym XF86NavChart
> Warning:          Could not resolve keysym XF86FishingChart
> Warning:          Could not resolve keysym XF86SingleRangeRadar
> Warning:          Could not resolve keysym XF86DualRangeRadar
> Warning:          Could not resolve keysym XF86RadarOverlay
> Warning:          Could not resolve keysym XF86TraditionalSonar
> Warning:          Could not resolve keysym XF86ClearvuSonar
> Warning:          Could not resolve keysym XF86SidevuSonar
> Warning:          Could not resolve keysym XF86NavInfo
Errors from xkbcomp are not fatal to the X server
/vol/bitbucket/mz325/envs/como/lib/python3.10/site-packages/lightning_lite/utilities/cloud_io.py:48: FutureWarning: You are using `torch.load` with `weights_only=False` (the current default value), which uses the default pickle module implicitly. It is possible to construct malicious pickle data which will execute arbitrary code during unpickling (See https://github.com/pytorch/pytorch/blob/main/SECURITY.md#untrusted-models for more details). In a future release, the default value for `weights_only` will be flipped to `True`. This limits the functions that could be executed during unpickling. Arbitrary objects will no longer be allowed to be loaded via this mode unless they are explicitly allowlisted by the user via `torch.serialization.add_safe_globals`. We recommend you start setting `weights_only=True` for any use case where you don't have full control of the loaded file. Please open an issue on GitHub for any issues related to this experimental feature.
  return torch.load(f, map_location=map_location)
/vol/bitbucket/mz325/individual_project/como/como/geometry/lie_algebra.py:168: UserWarning: Using torch.cross without specifying the dim arg is deprecated.
Please either pass the dim explicitly or simply use torch.linalg.cross.
The default value of dim will change to agree with that of linalg.cross in a future release. (Triggered internally at /opt/conda/conda-bld/pytorch_1729647382455/work/aten/src/ATen/native/Cross.cpp:62.)
  wnorm_x_t = torch.cross(w_norm, t)
libEGL warning: failed to open /dev/dri/card3: Permission denied

libEGL warning: failed to open /dev/dri/card2: Permission denied

libEGL warning: failed to open /dev/dri/card1: Permission denied

libEGL warning: failed to open /dev/dri/card3: Permission denied

libEGL warning: failed to open /dev/dri/card2: Permission denied

libEGL warning: failed to open /dev/dri/card1: Permission denied

libEGL warning: failed to open /dev/dri/card3: Permission denied

libEGL warning: failed to open /dev/dri/card2: Permission denied

libEGL warning: failed to open /dev/dri/card1: Permission denied

The XKEYBOARD keymap compiler (xkbcomp) reports:
> Warning:          Could not resolve keysym XF86CameraAccessEnable
> Warning:          Could not resolve keysym XF86CameraAccessDisable
> Warning:          Could not resolve keysym XF86CameraAccessToggle
> Warning:          Could not resolve keysym XF86NextElement
> Warning:          Could not resolve keysym XF86PreviousElement
> Warning:          Could not resolve keysym XF86AutopilotEngageToggle
> Warning:          Could not resolve keysym XF86MarkWaypoint
> Warning:          Could not resolve keysym XF86Sos
> Warning:          Could not resolve keysym XF86NavChart
> Warning:          Could not resolve keysym XF86FishingChart
> Warning:          Could not resolve keysym XF86SingleRangeRadar
> Warning:          Could not resolve keysym XF86DualRangeRadar
> Warning:          Could not resolve keysym XF86RadarOverlay
> Warning:          Could not resolve keysym XF86TraditionalSonar
> Warning:          Could not resolve keysym XF86ClearvuSonar
> Warning:          Could not resolve keysym XF86SidevuSonar
> Warning:          Could not resolve keysym XF86NavInfo
Errors from xkbcomp are not fatal to the X server
/vol/bitbucket/mz325/envs/como/lib/python3.10/site-packages/lightning_lite/utilities/cloud_io.py:48: FutureWarning: You are using `torch.load` with `weights_only=False` (the current default value), which uses the default pickle module implicitly. It is possible to construct malicious pickle data which will execute arbitrary code during unpickling (See https://github.com/pytorch/pytorch/blob/main/SECURITY.md#untrusted-models for more details). In a future release, the default value for `weights_only` will be flipped to `True`. This limits the functions that could be executed during unpickling. Arbitrary objects will no longer be allowed to be loaded via this mode unless they are explicitly allowlisted by the user via `torch.serialization.add_safe_globals`. We recommend you start setting `weights_only=True` for any use case where you don't have full control of the loaded file. Please open an issue on GitHub for any issues related to this experimental feature.
  return torch.load(f, map_location=map_location)
/vol/bitbucket/mz325/individual_project/como/como/geometry/lie_algebra.py:168: UserWarning: Using torch.cross without specifying the dim arg is deprecated.
Please either pass the dim explicitly or simply use torch.linalg.cross.
The default value of dim will change to agree with that of linalg.cross in a future release. (Triggered internally at /opt/conda/conda-bld/pytorch_1729647382455/work/aten/src/ATen/native/Cross.cpp:62.)
  wnorm_x_t = torch.cross(w_norm, t)
libEGL warning: failed to open /dev/dri/card3: Permission denied

libEGL warning: failed to open /dev/dri/card2: Permission denied

libEGL warning: failed to open /dev/dri/card1: Permission denied

libEGL warning: failed to open /dev/dri/card3: Permission denied

libEGL warning: failed to open /dev/dri/card2: Permission denied

libEGL warning: failed to open /dev/dri/card1: Permission denied

libEGL warning: failed to open /dev/dri/card3: Permission denied

libEGL warning: failed to open /dev/dri/card2: Permission denied

libEGL warning: failed to open /dev/dri/card1: Permission denied

The XKEYBOARD keymap compiler (xkbcomp) reports:
> Warning:          Could not resolve keysym XF86CameraAccessEnable
> Warning:          Could not resolve keysym XF86CameraAccessDisable
> Warning:          Could not resolve keysym XF86CameraAccessToggle
> Warning:          Could not resolve keysym XF86NextElement
> Warning:          Could not resolve keysym XF86PreviousElement
> Warning:          Could not resolve keysym XF86AutopilotEngageToggle
> Warning:          Could not resolve keysym XF86MarkWaypoint
> Warning:          Could not resolve keysym XF86Sos
> Warning:          Could not resolve keysym XF86NavChart
> Warning:          Could not resolve keysym XF86FishingChart
> Warning:          Could not resolve keysym XF86SingleRangeRadar
> Warning:          Could not resolve keysym XF86DualRangeRadar
> Warning:          Could not resolve keysym XF86RadarOverlay
> Warning:          Could not resolve keysym XF86TraditionalSonar
> Warning:          Could not resolve keysym XF86ClearvuSonar
> Warning:          Could not resolve keysym XF86SidevuSonar
> Warning:          Could not resolve keysym XF86NavInfo
Errors from xkbcomp are not fatal to the X server
/vol/bitbucket/mz325/envs/como/lib/python3.10/site-packages/lightning_lite/utilities/cloud_io.py:48: FutureWarning: You are using `torch.load` with `weights_only=False` (the current default value), which uses the default pickle module implicitly. It is possible to construct malicious pickle data which will execute arbitrary code during unpickling (See https://github.com/pytorch/pytorch/blob/main/SECURITY.md#untrusted-models for more details). In a future release, the default value for `weights_only` will be flipped to `True`. This limits the functions that could be executed during unpickling. Arbitrary objects will no longer be allowed to be loaded via this mode unless they are explicitly allowlisted by the user via `torch.serialization.add_safe_globals`. We recommend you start setting `weights_only=True` for any use case where you don't have full control of the loaded file. Please open an issue on GitHub for any issues related to this experimental feature.
  return torch.load(f, map_location=map_location)
/vol/bitbucket/mz325/individual_project/como/como/geometry/lie_algebra.py:168: UserWarning: Using torch.cross without specifying the dim arg is deprecated.
Please either pass the dim explicitly or simply use torch.linalg.cross.
The default value of dim will change to agree with that of linalg.cross in a future release. (Triggered internally at /opt/conda/conda-bld/pytorch_1729647382455/work/aten/src/ATen/native/Cross.cpp:62.)
  wnorm_x_t = torch.cross(w_norm, t)
libEGL warning: failed to open /dev/dri/card3: Permission denied

libEGL warning: failed to open /dev/dri/card2: Permission denied

libEGL warning: failed to open /dev/dri/card1: Permission denied

libEGL warning: failed to open /dev/dri/card3: Permission denied

libEGL warning: failed to open /dev/dri/card2: Permission denied

libEGL warning: failed to open /dev/dri/card1: Permission denied

libEGL warning: failed to open /dev/dri/card3: Permission denied

libEGL warning: failed to open /dev/dri/card2: Permission denied

libEGL warning: failed to open /dev/dri/card1: Permission denied

The XKEYBOARD keymap compiler (xkbcomp) reports:
> Warning:          Could not resolve keysym XF86CameraAccessEnable
> Warning:          Could not resolve keysym XF86CameraAccessDisable
> Warning:          Could not resolve keysym XF86CameraAccessToggle
> Warning:          Could not resolve keysym XF86NextElement
> Warning:          Could not resolve keysym XF86PreviousElement
> Warning:          Could not resolve keysym XF86AutopilotEngageToggle
> Warning:          Could not resolve keysym XF86MarkWaypoint
> Warning:          Could not resolve keysym XF86Sos
> Warning:          Could not resolve keysym XF86NavChart
> Warning:          Could not resolve keysym XF86FishingChart
> Warning:          Could not resolve keysym XF86SingleRangeRadar
> Warning:          Could not resolve keysym XF86DualRangeRadar
> Warning:          Could not resolve keysym XF86RadarOverlay
> Warning:          Could not resolve keysym XF86TraditionalSonar
> Warning:          Could not resolve keysym XF86ClearvuSonar
> Warning:          Could not resolve keysym XF86SidevuSonar
> Warning:          Could not resolve keysym XF86NavInfo
Errors from xkbcomp are not fatal to the X server
/vol/bitbucket/mz325/envs/como/lib/python3.10/site-packages/lightning_lite/utilities/cloud_io.py:48: FutureWarning: You are using `torch.load` with `weights_only=False` (the current default value), which uses the default pickle module implicitly. It is possible to construct malicious pickle data which will execute arbitrary code during unpickling (See https://github.com/pytorch/pytorch/blob/main/SECURITY.md#untrusted-models for more details). In a future release, the default value for `weights_only` will be flipped to `True`. This limits the functions that could be executed during unpickling. Arbitrary objects will no longer be allowed to be loaded via this mode unless they are explicitly allowlisted by the user via `torch.serialization.add_safe_globals`. We recommend you start setting `weights_only=True` for any use case where you don't have full control of the loaded file. Please open an issue on GitHub for any issues related to this experimental feature.
  return torch.load(f, map_location=map_location)
/vol/bitbucket/mz325/individual_project/como/como/geometry/lie_algebra.py:168: UserWarning: Using torch.cross without specifying the dim arg is deprecated.
Please either pass the dim explicitly or simply use torch.linalg.cross.
The default value of dim will change to agree with that of linalg.cross in a future release. (Triggered internally at /opt/conda/conda-bld/pytorch_1729647382455/work/aten/src/ATen/native/Cross.cpp:62.)
  wnorm_x_t = torch.cross(w_norm, t)
libEGL warning: failed to open /dev/dri/card3: Permission denied

libEGL warning: failed to open /dev/dri/card2: Permission denied

libEGL warning: failed to open /dev/dri/card1: Permission denied

libEGL warning: failed to open /dev/dri/card3: Permission denied

libEGL warning: failed to open /dev/dri/card2: Permission denied

libEGL warning: failed to open /dev/dri/card1: Permission denied

libEGL warning: failed to open /dev/dri/card3: Permission denied

libEGL warning: failed to open /dev/dri/card2: Permission denied

libEGL warning: failed to open /dev/dri/card1: Permission denied

The XKEYBOARD keymap compiler (xkbcomp) reports:
> Warning:          Could not resolve keysym XF86CameraAccessEnable
> Warning:          Could not resolve keysym XF86CameraAccessDisable
> Warning:          Could not resolve keysym XF86CameraAccessToggle
> Warning:          Could not resolve keysym XF86NextElement
> Warning:          Could not resolve keysym XF86PreviousElement
> Warning:          Could not resolve keysym XF86AutopilotEngageToggle
> Warning:          Could not resolve keysym XF86MarkWaypoint
> Warning:          Could not resolve keysym XF86Sos
> Warning:          Could not resolve keysym XF86NavChart
> Warning:          Could not resolve keysym XF86FishingChart
> Warning:          Could not resolve keysym XF86SingleRangeRadar
> Warning:          Could not resolve keysym XF86DualRangeRadar
> Warning:          Could not resolve keysym XF86RadarOverlay
> Warning:          Could not resolve keysym XF86TraditionalSonar
> Warning:          Could not resolve keysym XF86ClearvuSonar
> Warning:          Could not resolve keysym XF86SidevuSonar
> Warning:          Could not resolve keysym XF86NavInfo
Errors from xkbcomp are not fatal to the X server
/var/spool/slurm/d/job252207/slurm_script: line 91: 801318 Segmentation fault      timeout 500 python como/como_dataset.py --dataset_type=tum --dataset_dir="${DATASET_DIR}"
