libEGL warning: failed to open /dev/dri/card8: Permission denied

libEGL warning: failed to open /dev/dri/card7: Permission denied

libEGL warning: failed to open /dev/dri/card6: Permission denied

libEGL warning: failed to open /dev/dri/card5: Permission denied

libEGL warning: failed to open /dev/dri/card4: Permission denied

libEGL warning: failed to open /dev/dri/card3: Permission denied

libEGL warning: failed to open /dev/dri/card2: Permission denied

libEGL warning: failed to open /dev/dri/card1: Permission denied

libEGL warning: failed to open /dev/dri/card8: Permission denied

libEGL warning: failed to open /dev/dri/card7: Permission denied

libEGL warning: failed to open /dev/dri/card6: Permission denied

libEGL warning: failed to open /dev/dri/card5: Permission denied

libEGL warning: failed to open /dev/dri/card4: Permission denied

libEGL warning: failed to open /dev/dri/card3: Permission denied

libEGL warning: failed to open /dev/dri/card2: Permission denied

libEGL warning: failed to open /dev/dri/card1: Permission denied

libEGL warning: failed to open /dev/dri/card8: Permission denied

libEGL warning: failed to open /dev/dri/card7: Permission denied

libEGL warning: failed to open /dev/dri/card6: Permission denied

libEGL warning: failed to open /dev/dri/card5: Permission denied

libEGL warning: failed to open /dev/dri/card4: Permission denied

libEGL warning: failed to open /dev/dri/card3: Permission denied

libEGL warning: failed to open /dev/dri/card2: Permission denied

libEGL warning: failed to open /dev/dri/card1: Permission denied

The XKEYBOARD keymap compiler (xkbcomp) reports:
> Warning:          Could not resolve keysym XF86CameraAccessEnable
> Warning:          Could not resolve keysym XF86CameraAccessDisable
> Warning:          Could not resolve keysym XF86CameraAccessToggle
> Warning:          Could not resolve keysym XF86NextElement
> Warning:          Could not resolve keysym XF86PreviousElement
> Warning:          Could not resolve keysym XF86AutopilotEngageToggle
> Warning:          Could not resolve keysym XF86MarkWaypoint
> Warning:          Could not resolve keysym XF86Sos
> Warning:          Could not resolve keysym XF86NavChart
> Warning:          Could not resolve keysym XF86FishingChart
> Warning:          Could not resolve keysym XF86SingleRangeRadar
> Warning:          Could not resolve keysym XF86DualRangeRadar
> Warning:          Could not resolve keysym XF86RadarOverlay
> Warning:          Could not resolve keysym XF86TraditionalSonar
> Warning:          Could not resolve keysym XF86ClearvuSonar
> Warning:          Could not resolve keysym XF86SidevuSonar
> Warning:          Could not resolve keysym XF86NavInfo
Errors from xkbcomp are not fatal to the X server
/vol/bitbucket/mz325/envs/como/lib/python3.10/site-packages/lightning_lite/utilities/cloud_io.py:48: FutureWarning: You are using `torch.load` with `weights_only=False` (the current default value), which uses the default pickle module implicitly. It is possible to construct malicious pickle data which will execute arbitrary code during unpickling (See https://github.com/pytorch/pytorch/blob/main/SECURITY.md#untrusted-models for more details). In a future release, the default value for `weights_only` will be flipped to `True`. This limits the functions that could be executed during unpickling. Arbitrary objects will no longer be allowed to be loaded via this mode unless they are explicitly allowlisted by the user via `torch.serialization.add_safe_globals`. We recommend you start setting `weights_only=True` for any use case where you don't have full control of the loaded file. Please open an issue on GitHub for any issues related to this experimental feature.
  return torch.load(f, map_location=map_location)
libEGL warning: failed to open /dev/dri/card8: Permission denied

libEGL warning: failed to open /dev/dri/card7: Permission denied

libEGL warning: failed to open /dev/dri/card6: Permission denied

libEGL warning: failed to open /dev/dri/card5: Permission denied

libEGL warning: failed to open /dev/dri/card4: Permission denied

libEGL warning: failed to open /dev/dri/card3: Permission denied

libEGL warning: failed to open /dev/dri/card2: Permission denied

libEGL warning: failed to open /dev/dri/card1: Permission denied

libEGL warning: failed to open /dev/dri/card8: Permission denied

libEGL warning: failed to open /dev/dri/card7: Permission denied

libEGL warning: failed to open /dev/dri/card6: Permission denied

libEGL warning: failed to open /dev/dri/card5: Permission denied

libEGL warning: failed to open /dev/dri/card4: Permission denied

libEGL warning: failed to open /dev/dri/card3: Permission denied

libEGL warning: failed to open /dev/dri/card2: Permission denied

libEGL warning: failed to open /dev/dri/card1: Permission denied

libEGL warning: failed to open /dev/dri/card8: Permission denied

libEGL warning: failed to open /dev/dri/card7: Permission denied

libEGL warning: failed to open /dev/dri/card6: Permission denied

libEGL warning: failed to open /dev/dri/card5: Permission denied

libEGL warning: failed to open /dev/dri/card4: Permission denied

libEGL warning: failed to open /dev/dri/card3: Permission denied

libEGL warning: failed to open /dev/dri/card2: Permission denied

libEGL warning: failed to open /dev/dri/card1: Permission denied

The XKEYBOARD keymap compiler (xkbcomp) reports:
> Warning:          Could not resolve keysym XF86CameraAccessEnable
> Warning:          Could not resolve keysym XF86CameraAccessDisable
> Warning:          Could not resolve keysym XF86CameraAccessToggle
> Warning:          Could not resolve keysym XF86NextElement
> Warning:          Could not resolve keysym XF86PreviousElement
> Warning:          Could not resolve keysym XF86AutopilotEngageToggle
> Warning:          Could not resolve keysym XF86MarkWaypoint
> Warning:          Could not resolve keysym XF86Sos
> Warning:          Could not resolve keysym XF86NavChart
> Warning:          Could not resolve keysym XF86FishingChart
> Warning:          Could not resolve keysym XF86SingleRangeRadar
> Warning:          Could not resolve keysym XF86DualRangeRadar
> Warning:          Could not resolve keysym XF86RadarOverlay
> Warning:          Could not resolve keysym XF86TraditionalSonar
> Warning:          Could not resolve keysym XF86ClearvuSonar
> Warning:          Could not resolve keysym XF86SidevuSonar
> Warning:          Could not resolve keysym XF86NavInfo
Errors from xkbcomp are not fatal to the X server
libEGL warning: failed to open /dev/dri/card8: Permission denied

libEGL warning: failed to open /dev/dri/card7: Permission denied

libEGL warning: failed to open /dev/dri/card6: Permission denied

libEGL warning: failed to open /dev/dri/card5: Permission denied

libEGL warning: failed to open /dev/dri/card4: Permission denied

libEGL warning: failed to open /dev/dri/card3: Permission denied

libEGL warning: failed to open /dev/dri/card2: Permission denied

libEGL warning: failed to open /dev/dri/card1: Permission denied

libEGL warning: failed to open /dev/dri/card8: Permission denied

libEGL warning: failed to open /dev/dri/card7: Permission denied

libEGL warning: failed to open /dev/dri/card6: Permission denied

libEGL warning: failed to open /dev/dri/card5: Permission denied

libEGL warning: failed to open /dev/dri/card4: Permission denied

libEGL warning: failed to open /dev/dri/card3: Permission denied

libEGL warning: failed to open /dev/dri/card2: Permission denied

libEGL warning: failed to open /dev/dri/card1: Permission denied

libEGL warning: failed to open /dev/dri/card8: Permission denied

libEGL warning: failed to open /dev/dri/card7: Permission denied

libEGL warning: failed to open /dev/dri/card6: Permission denied

libEGL warning: failed to open /dev/dri/card5: Permission denied

libEGL warning: failed to open /dev/dri/card4: Permission denied

libEGL warning: failed to open /dev/dri/card3: Permission denied

libEGL warning: failed to open /dev/dri/card2: Permission denied

libEGL warning: failed to open /dev/dri/card1: Permission denied

The XKEYBOARD keymap compiler (xkbcomp) reports:
> Warning:          Could not resolve keysym XF86CameraAccessEnable
> Warning:          Could not resolve keysym XF86CameraAccessDisable
> Warning:          Could not resolve keysym XF86CameraAccessToggle
> Warning:          Could not resolve keysym XF86NextElement
> Warning:          Could not resolve keysym XF86PreviousElement
> Warning:          Could not resolve keysym XF86AutopilotEngageToggle
> Warning:          Could not resolve keysym XF86MarkWaypoint
> Warning:          Could not resolve keysym XF86Sos
> Warning:          Could not resolve keysym XF86NavChart
> Warning:          Could not resolve keysym XF86FishingChart
> Warning:          Could not resolve keysym XF86SingleRangeRadar
> Warning:          Could not resolve keysym XF86DualRangeRadar
> Warning:          Could not resolve keysym XF86RadarOverlay
> Warning:          Could not resolve keysym XF86TraditionalSonar
> Warning:          Could not resolve keysym XF86ClearvuSonar
> Warning:          Could not resolve keysym XF86SidevuSonar
> Warning:          Could not resolve keysym XF86NavInfo
Errors from xkbcomp are not fatal to the X server
/vol/bitbucket/mz325/envs/como/lib/python3.10/site-packages/lightning_lite/utilities/cloud_io.py:48: FutureWarning: You are using `torch.load` with `weights_only=False` (the current default value), which uses the default pickle module implicitly. It is possible to construct malicious pickle data which will execute arbitrary code during unpickling (See https://github.com/pytorch/pytorch/blob/main/SECURITY.md#untrusted-models for more details). In a future release, the default value for `weights_only` will be flipped to `True`. This limits the functions that could be executed during unpickling. Arbitrary objects will no longer be allowed to be loaded via this mode unless they are explicitly allowlisted by the user via `torch.serialization.add_safe_globals`. We recommend you start setting `weights_only=True` for any use case where you don't have full control of the loaded file. Please open an issue on GitHub for any issues related to this experimental feature.
  return torch.load(f, map_location=map_location)
libEGL warning: failed to open /dev/dri/card8: Permission denied

libEGL warning: failed to open /dev/dri/card7: Permission denied

libEGL warning: failed to open /dev/dri/card6: Permission denied

libEGL warning: failed to open /dev/dri/card5: Permission denied

libEGL warning: failed to open /dev/dri/card4: Permission denied

libEGL warning: failed to open /dev/dri/card3: Permission denied

libEGL warning: failed to open /dev/dri/card2: Permission denied

libEGL warning: failed to open /dev/dri/card1: Permission denied

libEGL warning: failed to open /dev/dri/card8: Permission denied

libEGL warning: failed to open /dev/dri/card7: Permission denied

libEGL warning: failed to open /dev/dri/card6: Permission denied

libEGL warning: failed to open /dev/dri/card5: Permission denied

libEGL warning: failed to open /dev/dri/card4: Permission denied

libEGL warning: failed to open /dev/dri/card3: Permission denied

libEGL warning: failed to open /dev/dri/card2: Permission denied

libEGL warning: failed to open /dev/dri/card1: Permission denied

libEGL warning: failed to open /dev/dri/card8: Permission denied

libEGL warning: failed to open /dev/dri/card7: Permission denied

libEGL warning: failed to open /dev/dri/card6: Permission denied

libEGL warning: failed to open /dev/dri/card5: Permission denied

libEGL warning: failed to open /dev/dri/card4: Permission denied

libEGL warning: failed to open /dev/dri/card3: Permission denied

libEGL warning: failed to open /dev/dri/card2: Permission denied

libEGL warning: failed to open /dev/dri/card1: Permission denied

The XKEYBOARD keymap compiler (xkbcomp) reports:
> Warning:          Could not resolve keysym XF86CameraAccessEnable
> Warning:          Could not resolve keysym XF86CameraAccessDisable
> Warning:          Could not resolve keysym XF86CameraAccessToggle
> Warning:          Could not resolve keysym XF86NextElement
> Warning:          Could not resolve keysym XF86PreviousElement
> Warning:          Could not resolve keysym XF86AutopilotEngageToggle
> Warning:          Could not resolve keysym XF86MarkWaypoint
> Warning:          Could not resolve keysym XF86Sos
> Warning:          Could not resolve keysym XF86NavChart
> Warning:          Could not resolve keysym XF86FishingChart
> Warning:          Could not resolve keysym XF86SingleRangeRadar
> Warning:          Could not resolve keysym XF86DualRangeRadar
> Warning:          Could not resolve keysym XF86RadarOverlay
> Warning:          Could not resolve keysym XF86TraditionalSonar
> Warning:          Could not resolve keysym XF86ClearvuSonar
> Warning:          Could not resolve keysym XF86SidevuSonar
> Warning:          Could not resolve keysym XF86NavInfo
Errors from xkbcomp are not fatal to the X server
libEGL warning: failed to open /dev/dri/card8: Permission denied

libEGL warning: failed to open /dev/dri/card7: Permission denied

libEGL warning: failed to open /dev/dri/card6: Permission denied

libEGL warning: failed to open /dev/dri/card5: Permission denied

libEGL warning: failed to open /dev/dri/card4: Permission denied

libEGL warning: failed to open /dev/dri/card3: Permission denied

libEGL warning: failed to open /dev/dri/card2: Permission denied

libEGL warning: failed to open /dev/dri/card1: Permission denied

libEGL warning: failed to open /dev/dri/card8: Permission denied

libEGL warning: failed to open /dev/dri/card7: Permission denied

libEGL warning: failed to open /dev/dri/card6: Permission denied

libEGL warning: failed to open /dev/dri/card5: Permission denied

libEGL warning: failed to open /dev/dri/card4: Permission denied

libEGL warning: failed to open /dev/dri/card3: Permission denied

libEGL warning: failed to open /dev/dri/card2: Permission denied

libEGL warning: failed to open /dev/dri/card1: Permission denied

libEGL warning: failed to open /dev/dri/card8: Permission denied

libEGL warning: failed to open /dev/dri/card7: Permission denied

libEGL warning: failed to open /dev/dri/card6: Permission denied

libEGL warning: failed to open /dev/dri/card5: Permission denied

libEGL warning: failed to open /dev/dri/card4: Permission denied

libEGL warning: failed to open /dev/dri/card3: Permission denied

libEGL warning: failed to open /dev/dri/card2: Permission denied

libEGL warning: failed to open /dev/dri/card1: Permission denied

The XKEYBOARD keymap compiler (xkbcomp) reports:
> Warning:          Could not resolve keysym XF86CameraAccessEnable
> Warning:          Could not resolve keysym XF86CameraAccessDisable
> Warning:          Could not resolve keysym XF86CameraAccessToggle
> Warning:          Could not resolve keysym XF86NextElement
> Warning:          Could not resolve keysym XF86PreviousElement
> Warning:          Could not resolve keysym XF86AutopilotEngageToggle
> Warning:          Could not resolve keysym XF86MarkWaypoint
> Warning:          Could not resolve keysym XF86Sos
> Warning:          Could not resolve keysym XF86NavChart
> Warning:          Could not resolve keysym XF86FishingChart
> Warning:          Could not resolve keysym XF86SingleRangeRadar
> Warning:          Could not resolve keysym XF86DualRangeRadar
> Warning:          Could not resolve keysym XF86RadarOverlay
> Warning:          Could not resolve keysym XF86TraditionalSonar
> Warning:          Could not resolve keysym XF86ClearvuSonar
> Warning:          Could not resolve keysym XF86SidevuSonar
> Warning:          Could not resolve keysym XF86NavInfo
Errors from xkbcomp are not fatal to the X server
/vol/bitbucket/mz325/envs/como/lib/python3.10/site-packages/lightning_lite/utilities/cloud_io.py:48: FutureWarning: You are using `torch.load` with `weights_only=False` (the current default value), which uses the default pickle module implicitly. It is possible to construct malicious pickle data which will execute arbitrary code during unpickling (See https://github.com/pytorch/pytorch/blob/main/SECURITY.md#untrusted-models for more details). In a future release, the default value for `weights_only` will be flipped to `True`. This limits the functions that could be executed during unpickling. Arbitrary objects will no longer be allowed to be loaded via this mode unless they are explicitly allowlisted by the user via `torch.serialization.add_safe_globals`. We recommend you start setting `weights_only=True` for any use case where you don't have full control of the loaded file. Please open an issue on GitHub for any issues related to this experimental feature.
  return torch.load(f, map_location=map_location)
libEGL warning: failed to open /dev/dri/card8: Permission denied

libEGL warning: failed to open /dev/dri/card7: Permission denied

libEGL warning: failed to open /dev/dri/card6: Permission denied

libEGL warning: failed to open /dev/dri/card5: Permission denied

libEGL warning: failed to open /dev/dri/card4: Permission denied

libEGL warning: failed to open /dev/dri/card3: Permission denied

libEGL warning: failed to open /dev/dri/card2: Permission denied

libEGL warning: failed to open /dev/dri/card1: Permission denied

libEGL warning: failed to open /dev/dri/card8: Permission denied

libEGL warning: failed to open /dev/dri/card7: Permission denied

libEGL warning: failed to open /dev/dri/card6: Permission denied

libEGL warning: failed to open /dev/dri/card5: Permission denied

libEGL warning: failed to open /dev/dri/card4: Permission denied

libEGL warning: failed to open /dev/dri/card3: Permission denied

libEGL warning: failed to open /dev/dri/card2: Permission denied

libEGL warning: failed to open /dev/dri/card1: Permission denied

libEGL warning: failed to open /dev/dri/card8: Permission denied

libEGL warning: failed to open /dev/dri/card7: Permission denied

libEGL warning: failed to open /dev/dri/card6: Permission denied

libEGL warning: failed to open /dev/dri/card5: Permission denied

libEGL warning: failed to open /dev/dri/card4: Permission denied

libEGL warning: failed to open /dev/dri/card3: Permission denied

libEGL warning: failed to open /dev/dri/card2: Permission denied

libEGL warning: failed to open /dev/dri/card1: Permission denied

The XKEYBOARD keymap compiler (xkbcomp) reports:
> Warning:          Could not resolve keysym XF86CameraAccessEnable
> Warning:          Could not resolve keysym XF86CameraAccessDisable
> Warning:          Could not resolve keysym XF86CameraAccessToggle
> Warning:          Could not resolve keysym XF86NextElement
> Warning:          Could not resolve keysym XF86PreviousElement
> Warning:          Could not resolve keysym XF86AutopilotEngageToggle
> Warning:          Could not resolve keysym XF86MarkWaypoint
> Warning:          Could not resolve keysym XF86Sos
> Warning:          Could not resolve keysym XF86NavChart
> Warning:          Could not resolve keysym XF86FishingChart
> Warning:          Could not resolve keysym XF86SingleRangeRadar
> Warning:          Could not resolve keysym XF86DualRangeRadar
> Warning:          Could not resolve keysym XF86RadarOverlay
> Warning:          Could not resolve keysym XF86TraditionalSonar
> Warning:          Could not resolve keysym XF86ClearvuSonar
> Warning:          Could not resolve keysym XF86SidevuSonar
> Warning:          Could not resolve keysym XF86NavInfo
Errors from xkbcomp are not fatal to the X server
libEGL warning: failed to open /dev/dri/card8: Permission denied

libEGL warning: failed to open /dev/dri/card7: Permission denied

libEGL warning: failed to open /dev/dri/card6: Permission denied

libEGL warning: failed to open /dev/dri/card5: Permission denied

libEGL warning: failed to open /dev/dri/card4: Permission denied

libEGL warning: failed to open /dev/dri/card3: Permission denied

libEGL warning: failed to open /dev/dri/card2: Permission denied

libEGL warning: failed to open /dev/dri/card1: Permission denied

libEGL warning: failed to open /dev/dri/card8: Permission denied

libEGL warning: failed to open /dev/dri/card7: Permission denied

libEGL warning: failed to open /dev/dri/card6: Permission denied

libEGL warning: failed to open /dev/dri/card5: Permission denied

libEGL warning: failed to open /dev/dri/card4: Permission denied

libEGL warning: failed to open /dev/dri/card3: Permission denied

libEGL warning: failed to open /dev/dri/card2: Permission denied

libEGL warning: failed to open /dev/dri/card1: Permission denied

libEGL warning: failed to open /dev/dri/card8: Permission denied

libEGL warning: failed to open /dev/dri/card7: Permission denied

libEGL warning: failed to open /dev/dri/card6: Permission denied

libEGL warning: failed to open /dev/dri/card5: Permission denied

libEGL warning: failed to open /dev/dri/card4: Permission denied

libEGL warning: failed to open /dev/dri/card3: Permission denied

libEGL warning: failed to open /dev/dri/card2: Permission denied

libEGL warning: failed to open /dev/dri/card1: Permission denied

The XKEYBOARD keymap compiler (xkbcomp) reports:
> Warning:          Could not resolve keysym XF86CameraAccessEnable
> Warning:          Could not resolve keysym XF86CameraAccessDisable
> Warning:          Could not resolve keysym XF86CameraAccessToggle
> Warning:          Could not resolve keysym XF86NextElement
> Warning:          Could not resolve keysym XF86PreviousElement
> Warning:          Could not resolve keysym XF86AutopilotEngageToggle
> Warning:          Could not resolve keysym XF86MarkWaypoint
> Warning:          Could not resolve keysym XF86Sos
> Warning:          Could not resolve keysym XF86NavChart
> Warning:          Could not resolve keysym XF86FishingChart
> Warning:          Could not resolve keysym XF86SingleRangeRadar
> Warning:          Could not resolve keysym XF86DualRangeRadar
> Warning:          Could not resolve keysym XF86RadarOverlay
> Warning:          Could not resolve keysym XF86TraditionalSonar
> Warning:          Could not resolve keysym XF86ClearvuSonar
> Warning:          Could not resolve keysym XF86SidevuSonar
> Warning:          Could not resolve keysym XF86NavInfo
Errors from xkbcomp are not fatal to the X server
/vol/bitbucket/mz325/envs/como/lib/python3.10/site-packages/lightning_lite/utilities/cloud_io.py:48: FutureWarning: You are using `torch.load` with `weights_only=False` (the current default value), which uses the default pickle module implicitly. It is possible to construct malicious pickle data which will execute arbitrary code during unpickling (See https://github.com/pytorch/pytorch/blob/main/SECURITY.md#untrusted-models for more details). In a future release, the default value for `weights_only` will be flipped to `True`. This limits the functions that could be executed during unpickling. Arbitrary objects will no longer be allowed to be loaded via this mode unless they are explicitly allowlisted by the user via `torch.serialization.add_safe_globals`. We recommend you start setting `weights_only=True` for any use case where you don't have full control of the loaded file. Please open an issue on GitHub for any issues related to this experimental feature.
  return torch.load(f, map_location=map_location)
libEGL warning: failed to open /dev/dri/card8: Permission denied

libEGL warning: failed to open /dev/dri/card7: Permission denied

libEGL warning: failed to open /dev/dri/card6: Permission denied

libEGL warning: failed to open /dev/dri/card5: Permission denied

libEGL warning: failed to open /dev/dri/card4: Permission denied

libEGL warning: failed to open /dev/dri/card3: Permission denied

libEGL warning: failed to open /dev/dri/card2: Permission denied

libEGL warning: failed to open /dev/dri/card1: Permission denied

libEGL warning: failed to open /dev/dri/card8: Permission denied

libEGL warning: failed to open /dev/dri/card7: Permission denied

libEGL warning: failed to open /dev/dri/card6: Permission denied

libEGL warning: failed to open /dev/dri/card5: Permission denied

libEGL warning: failed to open /dev/dri/card4: Permission denied

libEGL warning: failed to open /dev/dri/card3: Permission denied

libEGL warning: failed to open /dev/dri/card2: Permission denied

libEGL warning: failed to open /dev/dri/card1: Permission denied

libEGL warning: failed to open /dev/dri/card8: Permission denied

libEGL warning: failed to open /dev/dri/card7: Permission denied

libEGL warning: failed to open /dev/dri/card6: Permission denied

libEGL warning: failed to open /dev/dri/card5: Permission denied

libEGL warning: failed to open /dev/dri/card4: Permission denied

libEGL warning: failed to open /dev/dri/card3: Permission denied

libEGL warning: failed to open /dev/dri/card2: Permission denied

libEGL warning: failed to open /dev/dri/card1: Permission denied

The XKEYBOARD keymap compiler (xkbcomp) reports:
> Warning:          Could not resolve keysym XF86CameraAccessEnable
> Warning:          Could not resolve keysym XF86CameraAccessDisable
> Warning:          Could not resolve keysym XF86CameraAccessToggle
> Warning:          Could not resolve keysym XF86NextElement
> Warning:          Could not resolve keysym XF86PreviousElement
> Warning:          Could not resolve keysym XF86AutopilotEngageToggle
> Warning:          Could not resolve keysym XF86MarkWaypoint
> Warning:          Could not resolve keysym XF86Sos
> Warning:          Could not resolve keysym XF86NavChart
> Warning:          Could not resolve keysym XF86FishingChart
> Warning:          Could not resolve keysym XF86SingleRangeRadar
> Warning:          Could not resolve keysym XF86DualRangeRadar
> Warning:          Could not resolve keysym XF86RadarOverlay
> Warning:          Could not resolve keysym XF86TraditionalSonar
> Warning:          Could not resolve keysym XF86ClearvuSonar
> Warning:          Could not resolve keysym XF86SidevuSonar
> Warning:          Could not resolve keysym XF86NavInfo
Errors from xkbcomp are not fatal to the X server
libEGL warning: failed to open /dev/dri/card8: Permission denied

libEGL warning: failed to open /dev/dri/card7: Permission denied

libEGL warning: failed to open /dev/dri/card6: Permission denied

libEGL warning: failed to open /dev/dri/card5: Permission denied

libEGL warning: failed to open /dev/dri/card4: Permission denied

libEGL warning: failed to open /dev/dri/card3: Permission denied

libEGL warning: failed to open /dev/dri/card2: Permission denied

libEGL warning: failed to open /dev/dri/card1: Permission denied

libEGL warning: failed to open /dev/dri/card8: Permission denied

libEGL warning: failed to open /dev/dri/card7: Permission denied

libEGL warning: failed to open /dev/dri/card6: Permission denied

libEGL warning: failed to open /dev/dri/card5: Permission denied

libEGL warning: failed to open /dev/dri/card4: Permission denied

libEGL warning: failed to open /dev/dri/card3: Permission denied

libEGL warning: failed to open /dev/dri/card2: Permission denied

libEGL warning: failed to open /dev/dri/card1: Permission denied

libEGL warning: failed to open /dev/dri/card8: Permission denied

libEGL warning: failed to open /dev/dri/card7: Permission denied

libEGL warning: failed to open /dev/dri/card6: Permission denied

libEGL warning: failed to open /dev/dri/card5: Permission denied

libEGL warning: failed to open /dev/dri/card4: Permission denied

libEGL warning: failed to open /dev/dri/card3: Permission denied

libEGL warning: failed to open /dev/dri/card2: Permission denied

libEGL warning: failed to open /dev/dri/card1: Permission denied

The XKEYBOARD keymap compiler (xkbcomp) reports:
> Warning:          Could not resolve keysym XF86CameraAccessEnable
> Warning:          Could not resolve keysym XF86CameraAccessDisable
> Warning:          Could not resolve keysym XF86CameraAccessToggle
> Warning:          Could not resolve keysym XF86NextElement
> Warning:          Could not resolve keysym XF86PreviousElement
> Warning:          Could not resolve keysym XF86AutopilotEngageToggle
> Warning:          Could not resolve keysym XF86MarkWaypoint
> Warning:          Could not resolve keysym XF86Sos
> Warning:          Could not resolve keysym XF86NavChart
> Warning:          Could not resolve keysym XF86FishingChart
> Warning:          Could not resolve keysym XF86SingleRangeRadar
> Warning:          Could not resolve keysym XF86DualRangeRadar
> Warning:          Could not resolve keysym XF86RadarOverlay
> Warning:          Could not resolve keysym XF86TraditionalSonar
> Warning:          Could not resolve keysym XF86ClearvuSonar
> Warning:          Could not resolve keysym XF86SidevuSonar
> Warning:          Could not resolve keysym XF86NavInfo
Errors from xkbcomp are not fatal to the X server
/vol/bitbucket/mz325/envs/como/lib/python3.10/site-packages/lightning_lite/utilities/cloud_io.py:48: FutureWarning: You are using `torch.load` with `weights_only=False` (the current default value), which uses the default pickle module implicitly. It is possible to construct malicious pickle data which will execute arbitrary code during unpickling (See https://github.com/pytorch/pytorch/blob/main/SECURITY.md#untrusted-models for more details). In a future release, the default value for `weights_only` will be flipped to `True`. This limits the functions that could be executed during unpickling. Arbitrary objects will no longer be allowed to be loaded via this mode unless they are explicitly allowlisted by the user via `torch.serialization.add_safe_globals`. We recommend you start setting `weights_only=True` for any use case where you don't have full control of the loaded file. Please open an issue on GitHub for any issues related to this experimental feature.
  return torch.load(f, map_location=map_location)
libEGL warning: failed to open /dev/dri/card8: Permission denied

libEGL warning: failed to open /dev/dri/card7: Permission denied

libEGL warning: failed to open /dev/dri/card6: Permission denied

libEGL warning: failed to open /dev/dri/card5: Permission denied

libEGL warning: failed to open /dev/dri/card4: Permission denied

libEGL warning: failed to open /dev/dri/card3: Permission denied

libEGL warning: failed to open /dev/dri/card2: Permission denied

libEGL warning: failed to open /dev/dri/card1: Permission denied

libEGL warning: failed to open /dev/dri/card8: Permission denied

libEGL warning: failed to open /dev/dri/card7: Permission denied

libEGL warning: failed to open /dev/dri/card6: Permission denied

libEGL warning: failed to open /dev/dri/card5: Permission denied

libEGL warning: failed to open /dev/dri/card4: Permission denied

libEGL warning: failed to open /dev/dri/card3: Permission denied

libEGL warning: failed to open /dev/dri/card2: Permission denied

libEGL warning: failed to open /dev/dri/card1: Permission denied

libEGL warning: failed to open /dev/dri/card8: Permission denied

libEGL warning: failed to open /dev/dri/card7: Permission denied

libEGL warning: failed to open /dev/dri/card6: Permission denied

libEGL warning: failed to open /dev/dri/card5: Permission denied

libEGL warning: failed to open /dev/dri/card4: Permission denied

libEGL warning: failed to open /dev/dri/card3: Permission denied

libEGL warning: failed to open /dev/dri/card2: Permission denied

libEGL warning: failed to open /dev/dri/card1: Permission denied

The XKEYBOARD keymap compiler (xkbcomp) reports:
> Warning:          Could not resolve keysym XF86CameraAccessEnable
> Warning:          Could not resolve keysym XF86CameraAccessDisable
> Warning:          Could not resolve keysym XF86CameraAccessToggle
> Warning:          Could not resolve keysym XF86NextElement
> Warning:          Could not resolve keysym XF86PreviousElement
> Warning:          Could not resolve keysym XF86AutopilotEngageToggle
> Warning:          Could not resolve keysym XF86MarkWaypoint
> Warning:          Could not resolve keysym XF86Sos
> Warning:          Could not resolve keysym XF86NavChart
> Warning:          Could not resolve keysym XF86FishingChart
> Warning:          Could not resolve keysym XF86SingleRangeRadar
> Warning:          Could not resolve keysym XF86DualRangeRadar
> Warning:          Could not resolve keysym XF86RadarOverlay
> Warning:          Could not resolve keysym XF86TraditionalSonar
> Warning:          Could not resolve keysym XF86ClearvuSonar
> Warning:          Could not resolve keysym XF86SidevuSonar
> Warning:          Could not resolve keysym XF86NavInfo
Errors from xkbcomp are not fatal to the X server
libEGL warning: failed to open /dev/dri/card8: Permission denied

libEGL warning: failed to open /dev/dri/card7: Permission denied

libEGL warning: failed to open /dev/dri/card6: Permission denied

libEGL warning: failed to open /dev/dri/card5: Permission denied

libEGL warning: failed to open /dev/dri/card4: Permission denied

libEGL warning: failed to open /dev/dri/card3: Permission denied

libEGL warning: failed to open /dev/dri/card2: Permission denied

libEGL warning: failed to open /dev/dri/card1: Permission denied

libEGL warning: failed to open /dev/dri/card8: Permission denied

libEGL warning: failed to open /dev/dri/card7: Permission denied

libEGL warning: failed to open /dev/dri/card6: Permission denied

libEGL warning: failed to open /dev/dri/card5: Permission denied

libEGL warning: failed to open /dev/dri/card4: Permission denied

libEGL warning: failed to open /dev/dri/card3: Permission denied

libEGL warning: failed to open /dev/dri/card2: Permission denied

libEGL warning: failed to open /dev/dri/card1: Permission denied

libEGL warning: failed to open /dev/dri/card8: Permission denied

libEGL warning: failed to open /dev/dri/card7: Permission denied

libEGL warning: failed to open /dev/dri/card6: Permission denied

libEGL warning: failed to open /dev/dri/card5: Permission denied

libEGL warning: failed to open /dev/dri/card4: Permission denied

libEGL warning: failed to open /dev/dri/card3: Permission denied

libEGL warning: failed to open /dev/dri/card2: Permission denied

libEGL warning: failed to open /dev/dri/card1: Permission denied

The XKEYBOARD keymap compiler (xkbcomp) reports:
> Warning:          Could not resolve keysym XF86CameraAccessEnable
> Warning:          Could not resolve keysym XF86CameraAccessDisable
> Warning:          Could not resolve keysym XF86CameraAccessToggle
> Warning:          Could not resolve keysym XF86NextElement
> Warning:          Could not resolve keysym XF86PreviousElement
> Warning:          Could not resolve keysym XF86AutopilotEngageToggle
> Warning:          Could not resolve keysym XF86MarkWaypoint
> Warning:          Could not resolve keysym XF86Sos
> Warning:          Could not resolve keysym XF86NavChart
> Warning:          Could not resolve keysym XF86FishingChart
> Warning:          Could not resolve keysym XF86SingleRangeRadar
> Warning:          Could not resolve keysym XF86DualRangeRadar
> Warning:          Could not resolve keysym XF86RadarOverlay
> Warning:          Could not resolve keysym XF86TraditionalSonar
> Warning:          Could not resolve keysym XF86ClearvuSonar
> Warning:          Could not resolve keysym XF86SidevuSonar
> Warning:          Could not resolve keysym XF86NavInfo
Errors from xkbcomp are not fatal to the X server
/vol/bitbucket/mz325/envs/como/lib/python3.10/site-packages/lightning_lite/utilities/cloud_io.py:48: FutureWarning: You are using `torch.load` with `weights_only=False` (the current default value), which uses the default pickle module implicitly. It is possible to construct malicious pickle data which will execute arbitrary code during unpickling (See https://github.com/pytorch/pytorch/blob/main/SECURITY.md#untrusted-models for more details). In a future release, the default value for `weights_only` will be flipped to `True`. This limits the functions that could be executed during unpickling. Arbitrary objects will no longer be allowed to be loaded via this mode unless they are explicitly allowlisted by the user via `torch.serialization.add_safe_globals`. We recommend you start setting `weights_only=True` for any use case where you don't have full control of the loaded file. Please open an issue on GitHub for any issues related to this experimental feature.
  return torch.load(f, map_location=map_location)
libEGL warning: failed to open /dev/dri/card8: Permission denied

libEGL warning: failed to open /dev/dri/card7: Permission denied

libEGL warning: failed to open /dev/dri/card6: Permission denied

libEGL warning: failed to open /dev/dri/card5: Permission denied

libEGL warning: failed to open /dev/dri/card4: Permission denied

libEGL warning: failed to open /dev/dri/card3: Permission denied

libEGL warning: failed to open /dev/dri/card2: Permission denied

libEGL warning: failed to open /dev/dri/card1: Permission denied

libEGL warning: failed to open /dev/dri/card8: Permission denied

libEGL warning: failed to open /dev/dri/card7: Permission denied

libEGL warning: failed to open /dev/dri/card6: Permission denied

libEGL warning: failed to open /dev/dri/card5: Permission denied

libEGL warning: failed to open /dev/dri/card4: Permission denied

libEGL warning: failed to open /dev/dri/card3: Permission denied

libEGL warning: failed to open /dev/dri/card2: Permission denied

libEGL warning: failed to open /dev/dri/card1: Permission denied

libEGL warning: failed to open /dev/dri/card8: Permission denied

libEGL warning: failed to open /dev/dri/card7: Permission denied

libEGL warning: failed to open /dev/dri/card6: Permission denied

libEGL warning: failed to open /dev/dri/card5: Permission denied

libEGL warning: failed to open /dev/dri/card4: Permission denied

libEGL warning: failed to open /dev/dri/card3: Permission denied

libEGL warning: failed to open /dev/dri/card2: Permission denied

libEGL warning: failed to open /dev/dri/card1: Permission denied

The XKEYBOARD keymap compiler (xkbcomp) reports:
> Warning:          Could not resolve keysym XF86CameraAccessEnable
> Warning:          Could not resolve keysym XF86CameraAccessDisable
> Warning:          Could not resolve keysym XF86CameraAccessToggle
> Warning:          Could not resolve keysym XF86NextElement
> Warning:          Could not resolve keysym XF86PreviousElement
> Warning:          Could not resolve keysym XF86AutopilotEngageToggle
> Warning:          Could not resolve keysym XF86MarkWaypoint
> Warning:          Could not resolve keysym XF86Sos
> Warning:          Could not resolve keysym XF86NavChart
> Warning:          Could not resolve keysym XF86FishingChart
> Warning:          Could not resolve keysym XF86SingleRangeRadar
> Warning:          Could not resolve keysym XF86DualRangeRadar
> Warning:          Could not resolve keysym XF86RadarOverlay
> Warning:          Could not resolve keysym XF86TraditionalSonar
> Warning:          Could not resolve keysym XF86ClearvuSonar
> Warning:          Could not resolve keysym XF86SidevuSonar
> Warning:          Could not resolve keysym XF86NavInfo
Errors from xkbcomp are not fatal to the X server
libEGL warning: failed to open /dev/dri/card8: Permission denied

libEGL warning: failed to open /dev/dri/card7: Permission denied

libEGL warning: failed to open /dev/dri/card6: Permission denied

libEGL warning: failed to open /dev/dri/card5: Permission denied

libEGL warning: failed to open /dev/dri/card4: Permission denied

libEGL warning: failed to open /dev/dri/card3: Permission denied

libEGL warning: failed to open /dev/dri/card2: Permission denied

libEGL warning: failed to open /dev/dri/card1: Permission denied

libEGL warning: failed to open /dev/dri/card8: Permission denied

libEGL warning: failed to open /dev/dri/card7: Permission denied

libEGL warning: failed to open /dev/dri/card6: Permission denied

libEGL warning: failed to open /dev/dri/card5: Permission denied

libEGL warning: failed to open /dev/dri/card4: Permission denied

libEGL warning: failed to open /dev/dri/card3: Permission denied

libEGL warning: failed to open /dev/dri/card2: Permission denied

libEGL warning: failed to open /dev/dri/card1: Permission denied

libEGL warning: failed to open /dev/dri/card8: Permission denied

libEGL warning: failed to open /dev/dri/card7: Permission denied

libEGL warning: failed to open /dev/dri/card6: Permission denied

libEGL warning: failed to open /dev/dri/card5: Permission denied

libEGL warning: failed to open /dev/dri/card4: Permission denied

libEGL warning: failed to open /dev/dri/card3: Permission denied

libEGL warning: failed to open /dev/dri/card2: Permission denied

libEGL warning: failed to open /dev/dri/card1: Permission denied

The XKEYBOARD keymap compiler (xkbcomp) reports:
> Warning:          Could not resolve keysym XF86CameraAccessEnable
> Warning:          Could not resolve keysym XF86CameraAccessDisable
> Warning:          Could not resolve keysym XF86CameraAccessToggle
> Warning:          Could not resolve keysym XF86NextElement
> Warning:          Could not resolve keysym XF86PreviousElement
> Warning:          Could not resolve keysym XF86AutopilotEngageToggle
> Warning:          Could not resolve keysym XF86MarkWaypoint
> Warning:          Could not resolve keysym XF86Sos
> Warning:          Could not resolve keysym XF86NavChart
> Warning:          Could not resolve keysym XF86FishingChart
> Warning:          Could not resolve keysym XF86SingleRangeRadar
> Warning:          Could not resolve keysym XF86DualRangeRadar
> Warning:          Could not resolve keysym XF86RadarOverlay
> Warning:          Could not resolve keysym XF86TraditionalSonar
> Warning:          Could not resolve keysym XF86ClearvuSonar
> Warning:          Could not resolve keysym XF86SidevuSonar
> Warning:          Could not resolve keysym XF86NavInfo
Errors from xkbcomp are not fatal to the X server
/vol/bitbucket/mz325/envs/como/lib/python3.10/site-packages/lightning_lite/utilities/cloud_io.py:48: FutureWarning: You are using `torch.load` with `weights_only=False` (the current default value), which uses the default pickle module implicitly. It is possible to construct malicious pickle data which will execute arbitrary code during unpickling (See https://github.com/pytorch/pytorch/blob/main/SECURITY.md#untrusted-models for more details). In a future release, the default value for `weights_only` will be flipped to `True`. This limits the functions that could be executed during unpickling. Arbitrary objects will no longer be allowed to be loaded via this mode unless they are explicitly allowlisted by the user via `torch.serialization.add_safe_globals`. We recommend you start setting `weights_only=True` for any use case where you don't have full control of the loaded file. Please open an issue on GitHub for any issues related to this experimental feature.
  return torch.load(f, map_location=map_location)
libEGL warning: failed to open /dev/dri/card8: Permission denied

libEGL warning: failed to open /dev/dri/card7: Permission denied

libEGL warning: failed to open /dev/dri/card6: Permission denied

libEGL warning: failed to open /dev/dri/card5: Permission denied

libEGL warning: failed to open /dev/dri/card4: Permission denied

libEGL warning: failed to open /dev/dri/card3: Permission denied

libEGL warning: failed to open /dev/dri/card2: Permission denied

libEGL warning: failed to open /dev/dri/card1: Permission denied

libEGL warning: failed to open /dev/dri/card8: Permission denied

libEGL warning: failed to open /dev/dri/card7: Permission denied

libEGL warning: failed to open /dev/dri/card6: Permission denied

libEGL warning: failed to open /dev/dri/card5: Permission denied

libEGL warning: failed to open /dev/dri/card4: Permission denied

libEGL warning: failed to open /dev/dri/card3: Permission denied

libEGL warning: failed to open /dev/dri/card2: Permission denied

libEGL warning: failed to open /dev/dri/card1: Permission denied

libEGL warning: failed to open /dev/dri/card8: Permission denied

libEGL warning: failed to open /dev/dri/card7: Permission denied

libEGL warning: failed to open /dev/dri/card6: Permission denied

libEGL warning: failed to open /dev/dri/card5: Permission denied

libEGL warning: failed to open /dev/dri/card4: Permission denied

libEGL warning: failed to open /dev/dri/card3: Permission denied

libEGL warning: failed to open /dev/dri/card2: Permission denied

libEGL warning: failed to open /dev/dri/card1: Permission denied

The XKEYBOARD keymap compiler (xkbcomp) reports:
> Warning:          Could not resolve keysym XF86CameraAccessEnable
> Warning:          Could not resolve keysym XF86CameraAccessDisable
> Warning:          Could not resolve keysym XF86CameraAccessToggle
> Warning:          Could not resolve keysym XF86NextElement
> Warning:          Could not resolve keysym XF86PreviousElement
> Warning:          Could not resolve keysym XF86AutopilotEngageToggle
> Warning:          Could not resolve keysym XF86MarkWaypoint
> Warning:          Could not resolve keysym XF86Sos
> Warning:          Could not resolve keysym XF86NavChart
> Warning:          Could not resolve keysym XF86FishingChart
> Warning:          Could not resolve keysym XF86SingleRangeRadar
> Warning:          Could not resolve keysym XF86DualRangeRadar
> Warning:          Could not resolve keysym XF86RadarOverlay
> Warning:          Could not resolve keysym XF86TraditionalSonar
> Warning:          Could not resolve keysym XF86ClearvuSonar
> Warning:          Could not resolve keysym XF86SidevuSonar
> Warning:          Could not resolve keysym XF86NavInfo
Errors from xkbcomp are not fatal to the X server
libEGL warning: failed to open /dev/dri/card8: Permission denied

libEGL warning: failed to open /dev/dri/card7: Permission denied

libEGL warning: failed to open /dev/dri/card6: Permission denied

libEGL warning: failed to open /dev/dri/card5: Permission denied

libEGL warning: failed to open /dev/dri/card4: Permission denied

libEGL warning: failed to open /dev/dri/card3: Permission denied

libEGL warning: failed to open /dev/dri/card2: Permission denied

libEGL warning: failed to open /dev/dri/card1: Permission denied

libEGL warning: failed to open /dev/dri/card8: Permission denied

libEGL warning: failed to open /dev/dri/card7: Permission denied

libEGL warning: failed to open /dev/dri/card6: Permission denied

libEGL warning: failed to open /dev/dri/card5: Permission denied

libEGL warning: failed to open /dev/dri/card4: Permission denied

libEGL warning: failed to open /dev/dri/card3: Permission denied

libEGL warning: failed to open /dev/dri/card2: Permission denied

libEGL warning: failed to open /dev/dri/card1: Permission denied

libEGL warning: failed to open /dev/dri/card8: Permission denied

libEGL warning: failed to open /dev/dri/card7: Permission denied

libEGL warning: failed to open /dev/dri/card6: Permission denied

libEGL warning: failed to open /dev/dri/card5: Permission denied

libEGL warning: failed to open /dev/dri/card4: Permission denied

libEGL warning: failed to open /dev/dri/card3: Permission denied

libEGL warning: failed to open /dev/dri/card2: Permission denied

libEGL warning: failed to open /dev/dri/card1: Permission denied

The XKEYBOARD keymap compiler (xkbcomp) reports:
> Warning:          Could not resolve keysym XF86CameraAccessEnable
> Warning:          Could not resolve keysym XF86CameraAccessDisable
> Warning:          Could not resolve keysym XF86CameraAccessToggle
> Warning:          Could not resolve keysym XF86NextElement
> Warning:          Could not resolve keysym XF86PreviousElement
> Warning:          Could not resolve keysym XF86AutopilotEngageToggle
> Warning:          Could not resolve keysym XF86MarkWaypoint
> Warning:          Could not resolve keysym XF86Sos
> Warning:          Could not resolve keysym XF86NavChart
> Warning:          Could not resolve keysym XF86FishingChart
> Warning:          Could not resolve keysym XF86SingleRangeRadar
> Warning:          Could not resolve keysym XF86DualRangeRadar
> Warning:          Could not resolve keysym XF86RadarOverlay
> Warning:          Could not resolve keysym XF86TraditionalSonar
> Warning:          Could not resolve keysym XF86ClearvuSonar
> Warning:          Could not resolve keysym XF86SidevuSonar
> Warning:          Could not resolve keysym XF86NavInfo
Errors from xkbcomp are not fatal to the X server
/vol/bitbucket/mz325/envs/como/lib/python3.10/site-packages/lightning_lite/utilities/cloud_io.py:48: FutureWarning: You are using `torch.load` with `weights_only=False` (the current default value), which uses the default pickle module implicitly. It is possible to construct malicious pickle data which will execute arbitrary code during unpickling (See https://github.com/pytorch/pytorch/blob/main/SECURITY.md#untrusted-models for more details). In a future release, the default value for `weights_only` will be flipped to `True`. This limits the functions that could be executed during unpickling. Arbitrary objects will no longer be allowed to be loaded via this mode unless they are explicitly allowlisted by the user via `torch.serialization.add_safe_globals`. We recommend you start setting `weights_only=True` for any use case where you don't have full control of the loaded file. Please open an issue on GitHub for any issues related to this experimental feature.
  return torch.load(f, map_location=map_location)
libEGL warning: failed to open /dev/dri/card8: Permission denied

libEGL warning: failed to open /dev/dri/card7: Permission denied

libEGL warning: failed to open /dev/dri/card6: Permission denied

libEGL warning: failed to open /dev/dri/card5: Permission denied

libEGL warning: failed to open /dev/dri/card4: Permission denied

libEGL warning: failed to open /dev/dri/card3: Permission denied

libEGL warning: failed to open /dev/dri/card2: Permission denied

libEGL warning: failed to open /dev/dri/card1: Permission denied

libEGL warning: failed to open /dev/dri/card8: Permission denied

libEGL warning: failed to open /dev/dri/card7: Permission denied

libEGL warning: failed to open /dev/dri/card6: Permission denied

libEGL warning: failed to open /dev/dri/card5: Permission denied

libEGL warning: failed to open /dev/dri/card4: Permission denied

libEGL warning: failed to open /dev/dri/card3: Permission denied

libEGL warning: failed to open /dev/dri/card2: Permission denied

libEGL warning: failed to open /dev/dri/card1: Permission denied

libEGL warning: failed to open /dev/dri/card8: Permission denied

libEGL warning: failed to open /dev/dri/card7: Permission denied

libEGL warning: failed to open /dev/dri/card6: Permission denied

libEGL warning: failed to open /dev/dri/card5: Permission denied

libEGL warning: failed to open /dev/dri/card4: Permission denied

libEGL warning: failed to open /dev/dri/card3: Permission denied

libEGL warning: failed to open /dev/dri/card2: Permission denied

libEGL warning: failed to open /dev/dri/card1: Permission denied

The XKEYBOARD keymap compiler (xkbcomp) reports:
> Warning:          Could not resolve keysym XF86CameraAccessEnable
> Warning:          Could not resolve keysym XF86CameraAccessDisable
> Warning:          Could not resolve keysym XF86CameraAccessToggle
> Warning:          Could not resolve keysym XF86NextElement
> Warning:          Could not resolve keysym XF86PreviousElement
> Warning:          Could not resolve keysym XF86AutopilotEngageToggle
> Warning:          Could not resolve keysym XF86MarkWaypoint
> Warning:          Could not resolve keysym XF86Sos
> Warning:          Could not resolve keysym XF86NavChart
> Warning:          Could not resolve keysym XF86FishingChart
> Warning:          Could not resolve keysym XF86SingleRangeRadar
> Warning:          Could not resolve keysym XF86DualRangeRadar
> Warning:          Could not resolve keysym XF86RadarOverlay
> Warning:          Could not resolve keysym XF86TraditionalSonar
> Warning:          Could not resolve keysym XF86ClearvuSonar
> Warning:          Could not resolve keysym XF86SidevuSonar
> Warning:          Could not resolve keysym XF86NavInfo
Errors from xkbcomp are not fatal to the X server
libEGL warning: failed to open /dev/dri/card8: Permission denied

libEGL warning: failed to open /dev/dri/card7: Permission denied

libEGL warning: failed to open /dev/dri/card6: Permission denied

libEGL warning: failed to open /dev/dri/card5: Permission denied

libEGL warning: failed to open /dev/dri/card4: Permission denied

libEGL warning: failed to open /dev/dri/card3: Permission denied

libEGL warning: failed to open /dev/dri/card2: Permission denied

libEGL warning: failed to open /dev/dri/card1: Permission denied

libEGL warning: failed to open /dev/dri/card8: Permission denied

libEGL warning: failed to open /dev/dri/card7: Permission denied

libEGL warning: failed to open /dev/dri/card6: Permission denied

libEGL warning: failed to open /dev/dri/card5: Permission denied

libEGL warning: failed to open /dev/dri/card4: Permission denied

libEGL warning: failed to open /dev/dri/card3: Permission denied

libEGL warning: failed to open /dev/dri/card2: Permission denied

libEGL warning: failed to open /dev/dri/card1: Permission denied

libEGL warning: failed to open /dev/dri/card8: Permission denied

libEGL warning: failed to open /dev/dri/card7: Permission denied

libEGL warning: failed to open /dev/dri/card6: Permission denied

libEGL warning: failed to open /dev/dri/card5: Permission denied

libEGL warning: failed to open /dev/dri/card4: Permission denied

libEGL warning: failed to open /dev/dri/card3: Permission denied

libEGL warning: failed to open /dev/dri/card2: Permission denied

libEGL warning: failed to open /dev/dri/card1: Permission denied

The XKEYBOARD keymap compiler (xkbcomp) reports:
> Warning:          Could not resolve keysym XF86CameraAccessEnable
> Warning:          Could not resolve keysym XF86CameraAccessDisable
> Warning:          Could not resolve keysym XF86CameraAccessToggle
> Warning:          Could not resolve keysym XF86NextElement
> Warning:          Could not resolve keysym XF86PreviousElement
> Warning:          Could not resolve keysym XF86AutopilotEngageToggle
> Warning:          Could not resolve keysym XF86MarkWaypoint
> Warning:          Could not resolve keysym XF86Sos
> Warning:          Could not resolve keysym XF86NavChart
> Warning:          Could not resolve keysym XF86FishingChart
> Warning:          Could not resolve keysym XF86SingleRangeRadar
> Warning:          Could not resolve keysym XF86DualRangeRadar
> Warning:          Could not resolve keysym XF86RadarOverlay
> Warning:          Could not resolve keysym XF86TraditionalSonar
> Warning:          Could not resolve keysym XF86ClearvuSonar
> Warning:          Could not resolve keysym XF86SidevuSonar
> Warning:          Could not resolve keysym XF86NavInfo
Errors from xkbcomp are not fatal to the X server
/vol/bitbucket/mz325/envs/como/lib/python3.10/site-packages/lightning_lite/utilities/cloud_io.py:48: FutureWarning: You are using `torch.load` with `weights_only=False` (the current default value), which uses the default pickle module implicitly. It is possible to construct malicious pickle data which will execute arbitrary code during unpickling (See https://github.com/pytorch/pytorch/blob/main/SECURITY.md#untrusted-models for more details). In a future release, the default value for `weights_only` will be flipped to `True`. This limits the functions that could be executed during unpickling. Arbitrary objects will no longer be allowed to be loaded via this mode unless they are explicitly allowlisted by the user via `torch.serialization.add_safe_globals`. We recommend you start setting `weights_only=True` for any use case where you don't have full control of the loaded file. Please open an issue on GitHub for any issues related to this experimental feature.
  return torch.load(f, map_location=map_location)
libEGL warning: failed to open /dev/dri/card8: Permission denied

libEGL warning: failed to open /dev/dri/card7: Permission denied

libEGL warning: failed to open /dev/dri/card6: Permission denied

libEGL warning: failed to open /dev/dri/card5: Permission denied

libEGL warning: failed to open /dev/dri/card4: Permission denied

libEGL warning: failed to open /dev/dri/card3: Permission denied

libEGL warning: failed to open /dev/dri/card2: Permission denied

libEGL warning: failed to open /dev/dri/card1: Permission denied

libEGL warning: failed to open /dev/dri/card8: Permission denied

libEGL warning: failed to open /dev/dri/card7: Permission denied

libEGL warning: failed to open /dev/dri/card6: Permission denied

libEGL warning: failed to open /dev/dri/card5: Permission denied

libEGL warning: failed to open /dev/dri/card4: Permission denied

libEGL warning: failed to open /dev/dri/card3: Permission denied

libEGL warning: failed to open /dev/dri/card2: Permission denied

libEGL warning: failed to open /dev/dri/card1: Permission denied

libEGL warning: failed to open /dev/dri/card8: Permission denied

libEGL warning: failed to open /dev/dri/card7: Permission denied

libEGL warning: failed to open /dev/dri/card6: Permission denied

libEGL warning: failed to open /dev/dri/card5: Permission denied

libEGL warning: failed to open /dev/dri/card4: Permission denied

libEGL warning: failed to open /dev/dri/card3: Permission denied

libEGL warning: failed to open /dev/dri/card2: Permission denied

libEGL warning: failed to open /dev/dri/card1: Permission denied

The XKEYBOARD keymap compiler (xkbcomp) reports:
> Warning:          Could not resolve keysym XF86CameraAccessEnable
> Warning:          Could not resolve keysym XF86CameraAccessDisable
> Warning:          Could not resolve keysym XF86CameraAccessToggle
> Warning:          Could not resolve keysym XF86NextElement
> Warning:          Could not resolve keysym XF86PreviousElement
> Warning:          Could not resolve keysym XF86AutopilotEngageToggle
> Warning:          Could not resolve keysym XF86MarkWaypoint
> Warning:          Could not resolve keysym XF86Sos
> Warning:          Could not resolve keysym XF86NavChart
> Warning:          Could not resolve keysym XF86FishingChart
> Warning:          Could not resolve keysym XF86SingleRangeRadar
> Warning:          Could not resolve keysym XF86DualRangeRadar
> Warning:          Could not resolve keysym XF86RadarOverlay
> Warning:          Could not resolve keysym XF86TraditionalSonar
> Warning:          Could not resolve keysym XF86ClearvuSonar
> Warning:          Could not resolve keysym XF86SidevuSonar
> Warning:          Could not resolve keysym XF86NavInfo
Errors from xkbcomp are not fatal to the X server
libEGL warning: failed to open /dev/dri/card8: Permission denied

libEGL warning: failed to open /dev/dri/card7: Permission denied

libEGL warning: failed to open /dev/dri/card6: Permission denied

libEGL warning: failed to open /dev/dri/card5: Permission denied

libEGL warning: failed to open /dev/dri/card4: Permission denied

libEGL warning: failed to open /dev/dri/card3: Permission denied

libEGL warning: failed to open /dev/dri/card2: Permission denied

libEGL warning: failed to open /dev/dri/card1: Permission denied

libEGL warning: failed to open /dev/dri/card8: Permission denied

libEGL warning: failed to open /dev/dri/card7: Permission denied

libEGL warning: failed to open /dev/dri/card6: Permission denied

libEGL warning: failed to open /dev/dri/card5: Permission denied

libEGL warning: failed to open /dev/dri/card4: Permission denied

libEGL warning: failed to open /dev/dri/card3: Permission denied

libEGL warning: failed to open /dev/dri/card2: Permission denied

libEGL warning: failed to open /dev/dri/card1: Permission denied

libEGL warning: failed to open /dev/dri/card8: Permission denied

libEGL warning: failed to open /dev/dri/card7: Permission denied

libEGL warning: failed to open /dev/dri/card6: Permission denied

libEGL warning: failed to open /dev/dri/card5: Permission denied

libEGL warning: failed to open /dev/dri/card4: Permission denied

libEGL warning: failed to open /dev/dri/card3: Permission denied

libEGL warning: failed to open /dev/dri/card2: Permission denied

libEGL warning: failed to open /dev/dri/card1: Permission denied

The XKEYBOARD keymap compiler (xkbcomp) reports:
> Warning:          Could not resolve keysym XF86CameraAccessEnable
> Warning:          Could not resolve keysym XF86CameraAccessDisable
> Warning:          Could not resolve keysym XF86CameraAccessToggle
> Warning:          Could not resolve keysym XF86NextElement
> Warning:          Could not resolve keysym XF86PreviousElement
> Warning:          Could not resolve keysym XF86AutopilotEngageToggle
> Warning:          Could not resolve keysym XF86MarkWaypoint
> Warning:          Could not resolve keysym XF86Sos
> Warning:          Could not resolve keysym XF86NavChart
> Warning:          Could not resolve keysym XF86FishingChart
> Warning:          Could not resolve keysym XF86SingleRangeRadar
> Warning:          Could not resolve keysym XF86DualRangeRadar
> Warning:          Could not resolve keysym XF86RadarOverlay
> Warning:          Could not resolve keysym XF86TraditionalSonar
> Warning:          Could not resolve keysym XF86ClearvuSonar
> Warning:          Could not resolve keysym XF86SidevuSonar
> Warning:          Could not resolve keysym XF86NavInfo
Errors from xkbcomp are not fatal to the X server
/vol/bitbucket/mz325/envs/como/lib/python3.10/site-packages/lightning_lite/utilities/cloud_io.py:48: FutureWarning: You are using `torch.load` with `weights_only=False` (the current default value), which uses the default pickle module implicitly. It is possible to construct malicious pickle data which will execute arbitrary code during unpickling (See https://github.com/pytorch/pytorch/blob/main/SECURITY.md#untrusted-models for more details). In a future release, the default value for `weights_only` will be flipped to `True`. This limits the functions that could be executed during unpickling. Arbitrary objects will no longer be allowed to be loaded via this mode unless they are explicitly allowlisted by the user via `torch.serialization.add_safe_globals`. We recommend you start setting `weights_only=True` for any use case where you don't have full control of the loaded file. Please open an issue on GitHub for any issues related to this experimental feature.
  return torch.load(f, map_location=map_location)
libEGL warning: failed to open /dev/dri/card8: Permission denied

libEGL warning: failed to open /dev/dri/card7: Permission denied

libEGL warning: failed to open /dev/dri/card6: Permission denied

libEGL warning: failed to open /dev/dri/card5: Permission denied

libEGL warning: failed to open /dev/dri/card4: Permission denied

libEGL warning: failed to open /dev/dri/card3: Permission denied

libEGL warning: failed to open /dev/dri/card2: Permission denied

libEGL warning: failed to open /dev/dri/card1: Permission denied

libEGL warning: failed to open /dev/dri/card8: Permission denied

libEGL warning: failed to open /dev/dri/card7: Permission denied

libEGL warning: failed to open /dev/dri/card6: Permission denied

libEGL warning: failed to open /dev/dri/card5: Permission denied

libEGL warning: failed to open /dev/dri/card4: Permission denied

libEGL warning: failed to open /dev/dri/card3: Permission denied

libEGL warning: failed to open /dev/dri/card2: Permission denied

libEGL warning: failed to open /dev/dri/card1: Permission denied

libEGL warning: failed to open /dev/dri/card8: Permission denied

libEGL warning: failed to open /dev/dri/card7: Permission denied

libEGL warning: failed to open /dev/dri/card6: Permission denied

libEGL warning: failed to open /dev/dri/card5: Permission denied

libEGL warning: failed to open /dev/dri/card4: Permission denied

libEGL warning: failed to open /dev/dri/card3: Permission denied

libEGL warning: failed to open /dev/dri/card2: Permission denied

libEGL warning: failed to open /dev/dri/card1: Permission denied

The XKEYBOARD keymap compiler (xkbcomp) reports:
> Warning:          Could not resolve keysym XF86CameraAccessEnable
> Warning:          Could not resolve keysym XF86CameraAccessDisable
> Warning:          Could not resolve keysym XF86CameraAccessToggle
> Warning:          Could not resolve keysym XF86NextElement
> Warning:          Could not resolve keysym XF86PreviousElement
> Warning:          Could not resolve keysym XF86AutopilotEngageToggle
> Warning:          Could not resolve keysym XF86MarkWaypoint
> Warning:          Could not resolve keysym XF86Sos
> Warning:          Could not resolve keysym XF86NavChart
> Warning:          Could not resolve keysym XF86FishingChart
> Warning:          Could not resolve keysym XF86SingleRangeRadar
> Warning:          Could not resolve keysym XF86DualRangeRadar
> Warning:          Could not resolve keysym XF86RadarOverlay
> Warning:          Could not resolve keysym XF86TraditionalSonar
> Warning:          Could not resolve keysym XF86ClearvuSonar
> Warning:          Could not resolve keysym XF86SidevuSonar
> Warning:          Could not resolve keysym XF86NavInfo
Errors from xkbcomp are not fatal to the X server
libEGL warning: failed to open /dev/dri/card8: Permission denied

libEGL warning: failed to open /dev/dri/card7: Permission denied

libEGL warning: failed to open /dev/dri/card6: Permission denied

libEGL warning: failed to open /dev/dri/card5: Permission denied

libEGL warning: failed to open /dev/dri/card4: Permission denied

libEGL warning: failed to open /dev/dri/card3: Permission denied

libEGL warning: failed to open /dev/dri/card2: Permission denied

libEGL warning: failed to open /dev/dri/card1: Permission denied

libEGL warning: failed to open /dev/dri/card8: Permission denied

libEGL warning: failed to open /dev/dri/card7: Permission denied

libEGL warning: failed to open /dev/dri/card6: Permission denied

libEGL warning: failed to open /dev/dri/card5: Permission denied

libEGL warning: failed to open /dev/dri/card4: Permission denied

libEGL warning: failed to open /dev/dri/card3: Permission denied

libEGL warning: failed to open /dev/dri/card2: Permission denied

libEGL warning: failed to open /dev/dri/card1: Permission denied

libEGL warning: failed to open /dev/dri/card8: Permission denied

libEGL warning: failed to open /dev/dri/card7: Permission denied

libEGL warning: failed to open /dev/dri/card6: Permission denied

libEGL warning: failed to open /dev/dri/card5: Permission denied

libEGL warning: failed to open /dev/dri/card4: Permission denied

libEGL warning: failed to open /dev/dri/card3: Permission denied

libEGL warning: failed to open /dev/dri/card2: Permission denied

libEGL warning: failed to open /dev/dri/card1: Permission denied

The XKEYBOARD keymap compiler (xkbcomp) reports:
> Warning:          Could not resolve keysym XF86CameraAccessEnable
> Warning:          Could not resolve keysym XF86CameraAccessDisable
> Warning:          Could not resolve keysym XF86CameraAccessToggle
> Warning:          Could not resolve keysym XF86NextElement
> Warning:          Could not resolve keysym XF86PreviousElement
> Warning:          Could not resolve keysym XF86AutopilotEngageToggle
> Warning:          Could not resolve keysym XF86MarkWaypoint
> Warning:          Could not resolve keysym XF86Sos
> Warning:          Could not resolve keysym XF86NavChart
> Warning:          Could not resolve keysym XF86FishingChart
> Warning:          Could not resolve keysym XF86SingleRangeRadar
> Warning:          Could not resolve keysym XF86DualRangeRadar
> Warning:          Could not resolve keysym XF86RadarOverlay
> Warning:          Could not resolve keysym XF86TraditionalSonar
> Warning:          Could not resolve keysym XF86ClearvuSonar
> Warning:          Could not resolve keysym XF86SidevuSonar
> Warning:          Could not resolve keysym XF86NavInfo
Errors from xkbcomp are not fatal to the X server
/vol/bitbucket/mz325/envs/como/lib/python3.10/site-packages/lightning_lite/utilities/cloud_io.py:48: FutureWarning: You are using `torch.load` with `weights_only=False` (the current default value), which uses the default pickle module implicitly. It is possible to construct malicious pickle data which will execute arbitrary code during unpickling (See https://github.com/pytorch/pytorch/blob/main/SECURITY.md#untrusted-models for more details). In a future release, the default value for `weights_only` will be flipped to `True`. This limits the functions that could be executed during unpickling. Arbitrary objects will no longer be allowed to be loaded via this mode unless they are explicitly allowlisted by the user via `torch.serialization.add_safe_globals`. We recommend you start setting `weights_only=True` for any use case where you don't have full control of the loaded file. Please open an issue on GitHub for any issues related to this experimental feature.
  return torch.load(f, map_location=map_location)
libEGL warning: failed to open /dev/dri/card8: Permission denied

libEGL warning: failed to open /dev/dri/card7: Permission denied

libEGL warning: failed to open /dev/dri/card6: Permission denied

libEGL warning: failed to open /dev/dri/card5: Permission denied

libEGL warning: failed to open /dev/dri/card4: Permission denied

libEGL warning: failed to open /dev/dri/card3: Permission denied

libEGL warning: failed to open /dev/dri/card2: Permission denied

libEGL warning: failed to open /dev/dri/card1: Permission denied

libEGL warning: failed to open /dev/dri/card8: Permission denied

libEGL warning: failed to open /dev/dri/card7: Permission denied

libEGL warning: failed to open /dev/dri/card6: Permission denied

libEGL warning: failed to open /dev/dri/card5: Permission denied

libEGL warning: failed to open /dev/dri/card4: Permission denied

libEGL warning: failed to open /dev/dri/card3: Permission denied

libEGL warning: failed to open /dev/dri/card2: Permission denied

libEGL warning: failed to open /dev/dri/card1: Permission denied

libEGL warning: failed to open /dev/dri/card8: Permission denied

libEGL warning: failed to open /dev/dri/card7: Permission denied

libEGL warning: failed to open /dev/dri/card6: Permission denied

libEGL warning: failed to open /dev/dri/card5: Permission denied

libEGL warning: failed to open /dev/dri/card4: Permission denied

libEGL warning: failed to open /dev/dri/card3: Permission denied

libEGL warning: failed to open /dev/dri/card2: Permission denied

libEGL warning: failed to open /dev/dri/card1: Permission denied

The XKEYBOARD keymap compiler (xkbcomp) reports:
> Warning:          Could not resolve keysym XF86CameraAccessEnable
> Warning:          Could not resolve keysym XF86CameraAccessDisable
> Warning:          Could not resolve keysym XF86CameraAccessToggle
> Warning:          Could not resolve keysym XF86NextElement
> Warning:          Could not resolve keysym XF86PreviousElement
> Warning:          Could not resolve keysym XF86AutopilotEngageToggle
> Warning:          Could not resolve keysym XF86MarkWaypoint
> Warning:          Could not resolve keysym XF86Sos
> Warning:          Could not resolve keysym XF86NavChart
> Warning:          Could not resolve keysym XF86FishingChart
> Warning:          Could not resolve keysym XF86SingleRangeRadar
> Warning:          Could not resolve keysym XF86DualRangeRadar
> Warning:          Could not resolve keysym XF86RadarOverlay
> Warning:          Could not resolve keysym XF86TraditionalSonar
> Warning:          Could not resolve keysym XF86ClearvuSonar
> Warning:          Could not resolve keysym XF86SidevuSonar
> Warning:          Could not resolve keysym XF86NavInfo
Errors from xkbcomp are not fatal to the X server
libEGL warning: failed to open /dev/dri/card8: Permission denied

libEGL warning: failed to open /dev/dri/card7: Permission denied

libEGL warning: failed to open /dev/dri/card6: Permission denied

libEGL warning: failed to open /dev/dri/card5: Permission denied

libEGL warning: failed to open /dev/dri/card4: Permission denied

libEGL warning: failed to open /dev/dri/card3: Permission denied

libEGL warning: failed to open /dev/dri/card2: Permission denied

libEGL warning: failed to open /dev/dri/card1: Permission denied

libEGL warning: failed to open /dev/dri/card8: Permission denied

libEGL warning: failed to open /dev/dri/card7: Permission denied

libEGL warning: failed to open /dev/dri/card6: Permission denied

libEGL warning: failed to open /dev/dri/card5: Permission denied

libEGL warning: failed to open /dev/dri/card4: Permission denied

libEGL warning: failed to open /dev/dri/card3: Permission denied

libEGL warning: failed to open /dev/dri/card2: Permission denied

libEGL warning: failed to open /dev/dri/card1: Permission denied

libEGL warning: failed to open /dev/dri/card8: Permission denied

libEGL warning: failed to open /dev/dri/card7: Permission denied

libEGL warning: failed to open /dev/dri/card6: Permission denied

libEGL warning: failed to open /dev/dri/card5: Permission denied

libEGL warning: failed to open /dev/dri/card4: Permission denied

libEGL warning: failed to open /dev/dri/card3: Permission denied

libEGL warning: failed to open /dev/dri/card2: Permission denied

libEGL warning: failed to open /dev/dri/card1: Permission denied

The XKEYBOARD keymap compiler (xkbcomp) reports:
> Warning:          Could not resolve keysym XF86CameraAccessEnable
> Warning:          Could not resolve keysym XF86CameraAccessDisable
> Warning:          Could not resolve keysym XF86CameraAccessToggle
> Warning:          Could not resolve keysym XF86NextElement
> Warning:          Could not resolve keysym XF86PreviousElement
> Warning:          Could not resolve keysym XF86AutopilotEngageToggle
> Warning:          Could not resolve keysym XF86MarkWaypoint
> Warning:          Could not resolve keysym XF86Sos
> Warning:          Could not resolve keysym XF86NavChart
> Warning:          Could not resolve keysym XF86FishingChart
> Warning:          Could not resolve keysym XF86SingleRangeRadar
> Warning:          Could not resolve keysym XF86DualRangeRadar
> Warning:          Could not resolve keysym XF86RadarOverlay
> Warning:          Could not resolve keysym XF86TraditionalSonar
> Warning:          Could not resolve keysym XF86ClearvuSonar
> Warning:          Could not resolve keysym XF86SidevuSonar
> Warning:          Could not resolve keysym XF86NavInfo
Errors from xkbcomp are not fatal to the X server
/vol/bitbucket/mz325/envs/como/lib/python3.10/site-packages/lightning_lite/utilities/cloud_io.py:48: FutureWarning: You are using `torch.load` with `weights_only=False` (the current default value), which uses the default pickle module implicitly. It is possible to construct malicious pickle data which will execute arbitrary code during unpickling (See https://github.com/pytorch/pytorch/blob/main/SECURITY.md#untrusted-models for more details). In a future release, the default value for `weights_only` will be flipped to `True`. This limits the functions that could be executed during unpickling. Arbitrary objects will no longer be allowed to be loaded via this mode unless they are explicitly allowlisted by the user via `torch.serialization.add_safe_globals`. We recommend you start setting `weights_only=True` for any use case where you don't have full control of the loaded file. Please open an issue on GitHub for any issues related to this experimental feature.
  return torch.load(f, map_location=map_location)
libEGL warning: failed to open /dev/dri/card8: Permission denied

libEGL warning: failed to open /dev/dri/card7: Permission denied

libEGL warning: failed to open /dev/dri/card6: Permission denied

libEGL warning: failed to open /dev/dri/card5: Permission denied

libEGL warning: failed to open /dev/dri/card4: Permission denied

libEGL warning: failed to open /dev/dri/card3: Permission denied

libEGL warning: failed to open /dev/dri/card2: Permission denied

libEGL warning: failed to open /dev/dri/card1: Permission denied

libEGL warning: failed to open /dev/dri/card8: Permission denied

libEGL warning: failed to open /dev/dri/card7: Permission denied

libEGL warning: failed to open /dev/dri/card6: Permission denied

libEGL warning: failed to open /dev/dri/card5: Permission denied

libEGL warning: failed to open /dev/dri/card4: Permission denied

libEGL warning: failed to open /dev/dri/card3: Permission denied

libEGL warning: failed to open /dev/dri/card2: Permission denied

libEGL warning: failed to open /dev/dri/card1: Permission denied

libEGL warning: failed to open /dev/dri/card8: Permission denied

libEGL warning: failed to open /dev/dri/card7: Permission denied

libEGL warning: failed to open /dev/dri/card6: Permission denied

libEGL warning: failed to open /dev/dri/card5: Permission denied

libEGL warning: failed to open /dev/dri/card4: Permission denied

libEGL warning: failed to open /dev/dri/card3: Permission denied

libEGL warning: failed to open /dev/dri/card2: Permission denied

libEGL warning: failed to open /dev/dri/card1: Permission denied

The XKEYBOARD keymap compiler (xkbcomp) reports:
> Warning:          Could not resolve keysym XF86CameraAccessEnable
> Warning:          Could not resolve keysym XF86CameraAccessDisable
> Warning:          Could not resolve keysym XF86CameraAccessToggle
> Warning:          Could not resolve keysym XF86NextElement
> Warning:          Could not resolve keysym XF86PreviousElement
> Warning:          Could not resolve keysym XF86AutopilotEngageToggle
> Warning:          Could not resolve keysym XF86MarkWaypoint
> Warning:          Could not resolve keysym XF86Sos
> Warning:          Could not resolve keysym XF86NavChart
> Warning:          Could not resolve keysym XF86FishingChart
> Warning:          Could not resolve keysym XF86SingleRangeRadar
> Warning:          Could not resolve keysym XF86DualRangeRadar
> Warning:          Could not resolve keysym XF86RadarOverlay
> Warning:          Could not resolve keysym XF86TraditionalSonar
> Warning:          Could not resolve keysym XF86ClearvuSonar
> Warning:          Could not resolve keysym XF86SidevuSonar
> Warning:          Could not resolve keysym XF86NavInfo
Errors from xkbcomp are not fatal to the X server
libEGL warning: failed to open /dev/dri/card8: Permission denied

libEGL warning: failed to open /dev/dri/card7: Permission denied

libEGL warning: failed to open /dev/dri/card6: Permission denied

libEGL warning: failed to open /dev/dri/card5: Permission denied

libEGL warning: failed to open /dev/dri/card4: Permission denied

libEGL warning: failed to open /dev/dri/card3: Permission denied

libEGL warning: failed to open /dev/dri/card2: Permission denied

libEGL warning: failed to open /dev/dri/card1: Permission denied

libEGL warning: failed to open /dev/dri/card8: Permission denied

libEGL warning: failed to open /dev/dri/card7: Permission denied

libEGL warning: failed to open /dev/dri/card6: Permission denied

libEGL warning: failed to open /dev/dri/card5: Permission denied

libEGL warning: failed to open /dev/dri/card4: Permission denied

libEGL warning: failed to open /dev/dri/card3: Permission denied

libEGL warning: failed to open /dev/dri/card2: Permission denied

libEGL warning: failed to open /dev/dri/card1: Permission denied

libEGL warning: failed to open /dev/dri/card8: Permission denied

libEGL warning: failed to open /dev/dri/card7: Permission denied

libEGL warning: failed to open /dev/dri/card6: Permission denied

libEGL warning: failed to open /dev/dri/card5: Permission denied

libEGL warning: failed to open /dev/dri/card4: Permission denied

libEGL warning: failed to open /dev/dri/card3: Permission denied

libEGL warning: failed to open /dev/dri/card2: Permission denied

libEGL warning: failed to open /dev/dri/card1: Permission denied

The XKEYBOARD keymap compiler (xkbcomp) reports:
> Warning:          Could not resolve keysym XF86CameraAccessEnable
> Warning:          Could not resolve keysym XF86CameraAccessDisable
> Warning:          Could not resolve keysym XF86CameraAccessToggle
> Warning:          Could not resolve keysym XF86NextElement
> Warning:          Could not resolve keysym XF86PreviousElement
> Warning:          Could not resolve keysym XF86AutopilotEngageToggle
> Warning:          Could not resolve keysym XF86MarkWaypoint
> Warning:          Could not resolve keysym XF86Sos
> Warning:          Could not resolve keysym XF86NavChart
> Warning:          Could not resolve keysym XF86FishingChart
> Warning:          Could not resolve keysym XF86SingleRangeRadar
> Warning:          Could not resolve keysym XF86DualRangeRadar
> Warning:          Could not resolve keysym XF86RadarOverlay
> Warning:          Could not resolve keysym XF86TraditionalSonar
> Warning:          Could not resolve keysym XF86ClearvuSonar
> Warning:          Could not resolve keysym XF86SidevuSonar
> Warning:          Could not resolve keysym XF86NavInfo
Errors from xkbcomp are not fatal to the X server
/vol/bitbucket/mz325/envs/como/lib/python3.10/site-packages/lightning_lite/utilities/cloud_io.py:48: FutureWarning: You are using `torch.load` with `weights_only=False` (the current default value), which uses the default pickle module implicitly. It is possible to construct malicious pickle data which will execute arbitrary code during unpickling (See https://github.com/pytorch/pytorch/blob/main/SECURITY.md#untrusted-models for more details). In a future release, the default value for `weights_only` will be flipped to `True`. This limits the functions that could be executed during unpickling. Arbitrary objects will no longer be allowed to be loaded via this mode unless they are explicitly allowlisted by the user via `torch.serialization.add_safe_globals`. We recommend you start setting `weights_only=True` for any use case where you don't have full control of the loaded file. Please open an issue on GitHub for any issues related to this experimental feature.
  return torch.load(f, map_location=map_location)
libEGL warning: failed to open /dev/dri/card8: Permission denied

libEGL warning: failed to open /dev/dri/card7: Permission denied

libEGL warning: failed to open /dev/dri/card6: Permission denied

libEGL warning: failed to open /dev/dri/card5: Permission denied

libEGL warning: failed to open /dev/dri/card4: Permission denied

libEGL warning: failed to open /dev/dri/card3: Permission denied

libEGL warning: failed to open /dev/dri/card2: Permission denied

libEGL warning: failed to open /dev/dri/card1: Permission denied

libEGL warning: failed to open /dev/dri/card8: Permission denied

libEGL warning: failed to open /dev/dri/card7: Permission denied

libEGL warning: failed to open /dev/dri/card6: Permission denied

libEGL warning: failed to open /dev/dri/card5: Permission denied

libEGL warning: failed to open /dev/dri/card4: Permission denied

libEGL warning: failed to open /dev/dri/card3: Permission denied

libEGL warning: failed to open /dev/dri/card2: Permission denied

libEGL warning: failed to open /dev/dri/card1: Permission denied

libEGL warning: failed to open /dev/dri/card8: Permission denied

libEGL warning: failed to open /dev/dri/card7: Permission denied

libEGL warning: failed to open /dev/dri/card6: Permission denied

libEGL warning: failed to open /dev/dri/card5: Permission denied

libEGL warning: failed to open /dev/dri/card4: Permission denied

libEGL warning: failed to open /dev/dri/card3: Permission denied

libEGL warning: failed to open /dev/dri/card2: Permission denied

libEGL warning: failed to open /dev/dri/card1: Permission denied

The XKEYBOARD keymap compiler (xkbcomp) reports:
> Warning:          Could not resolve keysym XF86CameraAccessEnable
> Warning:          Could not resolve keysym XF86CameraAccessDisable
> Warning:          Could not resolve keysym XF86CameraAccessToggle
> Warning:          Could not resolve keysym XF86NextElement
> Warning:          Could not resolve keysym XF86PreviousElement
> Warning:          Could not resolve keysym XF86AutopilotEngageToggle
> Warning:          Could not resolve keysym XF86MarkWaypoint
> Warning:          Could not resolve keysym XF86Sos
> Warning:          Could not resolve keysym XF86NavChart
> Warning:          Could not resolve keysym XF86FishingChart
> Warning:          Could not resolve keysym XF86SingleRangeRadar
> Warning:          Could not resolve keysym XF86DualRangeRadar
> Warning:          Could not resolve keysym XF86RadarOverlay
> Warning:          Could not resolve keysym XF86TraditionalSonar
> Warning:          Could not resolve keysym XF86ClearvuSonar
> Warning:          Could not resolve keysym XF86SidevuSonar
> Warning:          Could not resolve keysym XF86NavInfo
Errors from xkbcomp are not fatal to the X server
libEGL warning: failed to open /dev/dri/card8: Permission denied

libEGL warning: failed to open /dev/dri/card7: Permission denied

libEGL warning: failed to open /dev/dri/card6: Permission denied

libEGL warning: failed to open /dev/dri/card5: Permission denied

libEGL warning: failed to open /dev/dri/card4: Permission denied

libEGL warning: failed to open /dev/dri/card3: Permission denied

libEGL warning: failed to open /dev/dri/card2: Permission denied

libEGL warning: failed to open /dev/dri/card1: Permission denied

libEGL warning: failed to open /dev/dri/card8: Permission denied

libEGL warning: failed to open /dev/dri/card7: Permission denied

libEGL warning: failed to open /dev/dri/card6: Permission denied

libEGL warning: failed to open /dev/dri/card5: Permission denied

libEGL warning: failed to open /dev/dri/card4: Permission denied

libEGL warning: failed to open /dev/dri/card3: Permission denied

libEGL warning: failed to open /dev/dri/card2: Permission denied

libEGL warning: failed to open /dev/dri/card1: Permission denied

libEGL warning: failed to open /dev/dri/card8: Permission denied

libEGL warning: failed to open /dev/dri/card7: Permission denied

libEGL warning: failed to open /dev/dri/card6: Permission denied

libEGL warning: failed to open /dev/dri/card5: Permission denied

libEGL warning: failed to open /dev/dri/card4: Permission denied

libEGL warning: failed to open /dev/dri/card3: Permission denied

libEGL warning: failed to open /dev/dri/card2: Permission denied

libEGL warning: failed to open /dev/dri/card1: Permission denied

The XKEYBOARD keymap compiler (xkbcomp) reports:
> Warning:          Could not resolve keysym XF86CameraAccessEnable
> Warning:          Could not resolve keysym XF86CameraAccessDisable
> Warning:          Could not resolve keysym XF86CameraAccessToggle
> Warning:          Could not resolve keysym XF86NextElement
> Warning:          Could not resolve keysym XF86PreviousElement
> Warning:          Could not resolve keysym XF86AutopilotEngageToggle
> Warning:          Could not resolve keysym XF86MarkWaypoint
> Warning:          Could not resolve keysym XF86Sos
> Warning:          Could not resolve keysym XF86NavChart
> Warning:          Could not resolve keysym XF86FishingChart
> Warning:          Could not resolve keysym XF86SingleRangeRadar
> Warning:          Could not resolve keysym XF86DualRangeRadar
> Warning:          Could not resolve keysym XF86RadarOverlay
> Warning:          Could not resolve keysym XF86TraditionalSonar
> Warning:          Could not resolve keysym XF86ClearvuSonar
> Warning:          Could not resolve keysym XF86SidevuSonar
> Warning:          Could not resolve keysym XF86NavInfo
Errors from xkbcomp are not fatal to the X server
/vol/bitbucket/mz325/envs/como/lib/python3.10/site-packages/lightning_lite/utilities/cloud_io.py:48: FutureWarning: You are using `torch.load` with `weights_only=False` (the current default value), which uses the default pickle module implicitly. It is possible to construct malicious pickle data which will execute arbitrary code during unpickling (See https://github.com/pytorch/pytorch/blob/main/SECURITY.md#untrusted-models for more details). In a future release, the default value for `weights_only` will be flipped to `True`. This limits the functions that could be executed during unpickling. Arbitrary objects will no longer be allowed to be loaded via this mode unless they are explicitly allowlisted by the user via `torch.serialization.add_safe_globals`. We recommend you start setting `weights_only=True` for any use case where you don't have full control of the loaded file. Please open an issue on GitHub for any issues related to this experimental feature.
  return torch.load(f, map_location=map_location)
libEGL warning: failed to open /dev/dri/card8: Permission denied

libEGL warning: failed to open /dev/dri/card7: Permission denied

libEGL warning: failed to open /dev/dri/card6: Permission denied

libEGL warning: failed to open /dev/dri/card5: Permission denied

libEGL warning: failed to open /dev/dri/card4: Permission denied

libEGL warning: failed to open /dev/dri/card3: Permission denied

libEGL warning: failed to open /dev/dri/card2: Permission denied

libEGL warning: failed to open /dev/dri/card1: Permission denied

libEGL warning: failed to open /dev/dri/card8: Permission denied

libEGL warning: failed to open /dev/dri/card7: Permission denied

libEGL warning: failed to open /dev/dri/card6: Permission denied

libEGL warning: failed to open /dev/dri/card5: Permission denied

libEGL warning: failed to open /dev/dri/card4: Permission denied

libEGL warning: failed to open /dev/dri/card3: Permission denied

libEGL warning: failed to open /dev/dri/card2: Permission denied

libEGL warning: failed to open /dev/dri/card1: Permission denied

libEGL warning: failed to open /dev/dri/card8: Permission denied

libEGL warning: failed to open /dev/dri/card7: Permission denied

libEGL warning: failed to open /dev/dri/card6: Permission denied

libEGL warning: failed to open /dev/dri/card5: Permission denied

libEGL warning: failed to open /dev/dri/card4: Permission denied

libEGL warning: failed to open /dev/dri/card3: Permission denied

libEGL warning: failed to open /dev/dri/card2: Permission denied

libEGL warning: failed to open /dev/dri/card1: Permission denied

The XKEYBOARD keymap compiler (xkbcomp) reports:
> Warning:          Could not resolve keysym XF86CameraAccessEnable
> Warning:          Could not resolve keysym XF86CameraAccessDisable
> Warning:          Could not resolve keysym XF86CameraAccessToggle
> Warning:          Could not resolve keysym XF86NextElement
> Warning:          Could not resolve keysym XF86PreviousElement
> Warning:          Could not resolve keysym XF86AutopilotEngageToggle
> Warning:          Could not resolve keysym XF86MarkWaypoint
> Warning:          Could not resolve keysym XF86Sos
> Warning:          Could not resolve keysym XF86NavChart
> Warning:          Could not resolve keysym XF86FishingChart
> Warning:          Could not resolve keysym XF86SingleRangeRadar
> Warning:          Could not resolve keysym XF86DualRangeRadar
> Warning:          Could not resolve keysym XF86RadarOverlay
> Warning:          Could not resolve keysym XF86TraditionalSonar
> Warning:          Could not resolve keysym XF86ClearvuSonar
> Warning:          Could not resolve keysym XF86SidevuSonar
> Warning:          Could not resolve keysym XF86NavInfo
Errors from xkbcomp are not fatal to the X server
libEGL warning: failed to open /dev/dri/card8: Permission denied

libEGL warning: failed to open /dev/dri/card7: Permission denied

libEGL warning: failed to open /dev/dri/card6: Permission denied

libEGL warning: failed to open /dev/dri/card5: Permission denied

libEGL warning: failed to open /dev/dri/card4: Permission denied

libEGL warning: failed to open /dev/dri/card3: Permission denied

libEGL warning: failed to open /dev/dri/card2: Permission denied

libEGL warning: failed to open /dev/dri/card1: Permission denied

libEGL warning: failed to open /dev/dri/card8: Permission denied

libEGL warning: failed to open /dev/dri/card7: Permission denied

libEGL warning: failed to open /dev/dri/card6: Permission denied

libEGL warning: failed to open /dev/dri/card5: Permission denied

libEGL warning: failed to open /dev/dri/card4: Permission denied

libEGL warning: failed to open /dev/dri/card3: Permission denied

libEGL warning: failed to open /dev/dri/card2: Permission denied

libEGL warning: failed to open /dev/dri/card1: Permission denied

libEGL warning: failed to open /dev/dri/card8: Permission denied

libEGL warning: failed to open /dev/dri/card7: Permission denied

libEGL warning: failed to open /dev/dri/card6: Permission denied

libEGL warning: failed to open /dev/dri/card5: Permission denied

libEGL warning: failed to open /dev/dri/card4: Permission denied

libEGL warning: failed to open /dev/dri/card3: Permission denied

libEGL warning: failed to open /dev/dri/card2: Permission denied

libEGL warning: failed to open /dev/dri/card1: Permission denied

The XKEYBOARD keymap compiler (xkbcomp) reports:
> Warning:          Could not resolve keysym XF86CameraAccessEnable
> Warning:          Could not resolve keysym XF86CameraAccessDisable
> Warning:          Could not resolve keysym XF86CameraAccessToggle
> Warning:          Could not resolve keysym XF86NextElement
> Warning:          Could not resolve keysym XF86PreviousElement
> Warning:          Could not resolve keysym XF86AutopilotEngageToggle
> Warning:          Could not resolve keysym XF86MarkWaypoint
> Warning:          Could not resolve keysym XF86Sos
> Warning:          Could not resolve keysym XF86NavChart
> Warning:          Could not resolve keysym XF86FishingChart
> Warning:          Could not resolve keysym XF86SingleRangeRadar
> Warning:          Could not resolve keysym XF86DualRangeRadar
> Warning:          Could not resolve keysym XF86RadarOverlay
> Warning:          Could not resolve keysym XF86TraditionalSonar
> Warning:          Could not resolve keysym XF86ClearvuSonar
> Warning:          Could not resolve keysym XF86SidevuSonar
> Warning:          Could not resolve keysym XF86NavInfo
Errors from xkbcomp are not fatal to the X server
/vol/bitbucket/mz325/envs/como/lib/python3.10/site-packages/lightning_lite/utilities/cloud_io.py:48: FutureWarning: You are using `torch.load` with `weights_only=False` (the current default value), which uses the default pickle module implicitly. It is possible to construct malicious pickle data which will execute arbitrary code during unpickling (See https://github.com/pytorch/pytorch/blob/main/SECURITY.md#untrusted-models for more details). In a future release, the default value for `weights_only` will be flipped to `True`. This limits the functions that could be executed during unpickling. Arbitrary objects will no longer be allowed to be loaded via this mode unless they are explicitly allowlisted by the user via `torch.serialization.add_safe_globals`. We recommend you start setting `weights_only=True` for any use case where you don't have full control of the loaded file. Please open an issue on GitHub for any issues related to this experimental feature.
  return torch.load(f, map_location=map_location)
libEGL warning: failed to open /dev/dri/card8: Permission denied

libEGL warning: failed to open /dev/dri/card7: Permission denied

libEGL warning: failed to open /dev/dri/card6: Permission denied

libEGL warning: failed to open /dev/dri/card5: Permission denied

libEGL warning: failed to open /dev/dri/card4: Permission denied

libEGL warning: failed to open /dev/dri/card3: Permission denied

libEGL warning: failed to open /dev/dri/card2: Permission denied

libEGL warning: failed to open /dev/dri/card1: Permission denied

libEGL warning: failed to open /dev/dri/card8: Permission denied

libEGL warning: failed to open /dev/dri/card7: Permission denied

libEGL warning: failed to open /dev/dri/card6: Permission denied

libEGL warning: failed to open /dev/dri/card5: Permission denied

libEGL warning: failed to open /dev/dri/card4: Permission denied

libEGL warning: failed to open /dev/dri/card3: Permission denied

libEGL warning: failed to open /dev/dri/card2: Permission denied

libEGL warning: failed to open /dev/dri/card1: Permission denied

libEGL warning: failed to open /dev/dri/card8: Permission denied

libEGL warning: failed to open /dev/dri/card7: Permission denied

libEGL warning: failed to open /dev/dri/card6: Permission denied

libEGL warning: failed to open /dev/dri/card5: Permission denied

libEGL warning: failed to open /dev/dri/card4: Permission denied

libEGL warning: failed to open /dev/dri/card3: Permission denied

libEGL warning: failed to open /dev/dri/card2: Permission denied

libEGL warning: failed to open /dev/dri/card1: Permission denied

The XKEYBOARD keymap compiler (xkbcomp) reports:
> Warning:          Could not resolve keysym XF86CameraAccessEnable
> Warning:          Could not resolve keysym XF86CameraAccessDisable
> Warning:          Could not resolve keysym XF86CameraAccessToggle
> Warning:          Could not resolve keysym XF86NextElement
> Warning:          Could not resolve keysym XF86PreviousElement
> Warning:          Could not resolve keysym XF86AutopilotEngageToggle
> Warning:          Could not resolve keysym XF86MarkWaypoint
> Warning:          Could not resolve keysym XF86Sos
> Warning:          Could not resolve keysym XF86NavChart
> Warning:          Could not resolve keysym XF86FishingChart
> Warning:          Could not resolve keysym XF86SingleRangeRadar
> Warning:          Could not resolve keysym XF86DualRangeRadar
> Warning:          Could not resolve keysym XF86RadarOverlay
> Warning:          Could not resolve keysym XF86TraditionalSonar
> Warning:          Could not resolve keysym XF86ClearvuSonar
> Warning:          Could not resolve keysym XF86SidevuSonar
> Warning:          Could not resolve keysym XF86NavInfo
Errors from xkbcomp are not fatal to the X server
libEGL warning: failed to open /dev/dri/card8: Permission denied

libEGL warning: failed to open /dev/dri/card7: Permission denied

libEGL warning: failed to open /dev/dri/card6: Permission denied

libEGL warning: failed to open /dev/dri/card5: Permission denied

libEGL warning: failed to open /dev/dri/card4: Permission denied

libEGL warning: failed to open /dev/dri/card3: Permission denied

libEGL warning: failed to open /dev/dri/card2: Permission denied

libEGL warning: failed to open /dev/dri/card1: Permission denied

libEGL warning: failed to open /dev/dri/card8: Permission denied

libEGL warning: failed to open /dev/dri/card7: Permission denied

libEGL warning: failed to open /dev/dri/card6: Permission denied

libEGL warning: failed to open /dev/dri/card5: Permission denied

libEGL warning: failed to open /dev/dri/card4: Permission denied

libEGL warning: failed to open /dev/dri/card3: Permission denied

libEGL warning: failed to open /dev/dri/card2: Permission denied

libEGL warning: failed to open /dev/dri/card1: Permission denied

libEGL warning: failed to open /dev/dri/card8: Permission denied

libEGL warning: failed to open /dev/dri/card7: Permission denied

libEGL warning: failed to open /dev/dri/card6: Permission denied

libEGL warning: failed to open /dev/dri/card5: Permission denied

libEGL warning: failed to open /dev/dri/card4: Permission denied

libEGL warning: failed to open /dev/dri/card3: Permission denied

libEGL warning: failed to open /dev/dri/card2: Permission denied

libEGL warning: failed to open /dev/dri/card1: Permission denied

The XKEYBOARD keymap compiler (xkbcomp) reports:
> Warning:          Could not resolve keysym XF86CameraAccessEnable
> Warning:          Could not resolve keysym XF86CameraAccessDisable
> Warning:          Could not resolve keysym XF86CameraAccessToggle
> Warning:          Could not resolve keysym XF86NextElement
> Warning:          Could not resolve keysym XF86PreviousElement
> Warning:          Could not resolve keysym XF86AutopilotEngageToggle
> Warning:          Could not resolve keysym XF86MarkWaypoint
> Warning:          Could not resolve keysym XF86Sos
> Warning:          Could not resolve keysym XF86NavChart
> Warning:          Could not resolve keysym XF86FishingChart
> Warning:          Could not resolve keysym XF86SingleRangeRadar
> Warning:          Could not resolve keysym XF86DualRangeRadar
> Warning:          Could not resolve keysym XF86RadarOverlay
> Warning:          Could not resolve keysym XF86TraditionalSonar
> Warning:          Could not resolve keysym XF86ClearvuSonar
> Warning:          Could not resolve keysym XF86SidevuSonar
> Warning:          Could not resolve keysym XF86NavInfo
Errors from xkbcomp are not fatal to the X server
/vol/bitbucket/mz325/envs/como/lib/python3.10/site-packages/lightning_lite/utilities/cloud_io.py:48: FutureWarning: You are using `torch.load` with `weights_only=False` (the current default value), which uses the default pickle module implicitly. It is possible to construct malicious pickle data which will execute arbitrary code during unpickling (See https://github.com/pytorch/pytorch/blob/main/SECURITY.md#untrusted-models for more details). In a future release, the default value for `weights_only` will be flipped to `True`. This limits the functions that could be executed during unpickling. Arbitrary objects will no longer be allowed to be loaded via this mode unless they are explicitly allowlisted by the user via `torch.serialization.add_safe_globals`. We recommend you start setting `weights_only=True` for any use case where you don't have full control of the loaded file. Please open an issue on GitHub for any issues related to this experimental feature.
  return torch.load(f, map_location=map_location)
libEGL warning: failed to open /dev/dri/card8: Permission denied

libEGL warning: failed to open /dev/dri/card7: Permission denied

libEGL warning: failed to open /dev/dri/card6: Permission denied

libEGL warning: failed to open /dev/dri/card5: Permission denied

libEGL warning: failed to open /dev/dri/card4: Permission denied

libEGL warning: failed to open /dev/dri/card3: Permission denied

libEGL warning: failed to open /dev/dri/card2: Permission denied

libEGL warning: failed to open /dev/dri/card1: Permission denied

libEGL warning: failed to open /dev/dri/card8: Permission denied

libEGL warning: failed to open /dev/dri/card7: Permission denied

libEGL warning: failed to open /dev/dri/card6: Permission denied

libEGL warning: failed to open /dev/dri/card5: Permission denied

libEGL warning: failed to open /dev/dri/card4: Permission denied

libEGL warning: failed to open /dev/dri/card3: Permission denied

libEGL warning: failed to open /dev/dri/card2: Permission denied

libEGL warning: failed to open /dev/dri/card1: Permission denied

libEGL warning: failed to open /dev/dri/card8: Permission denied

libEGL warning: failed to open /dev/dri/card7: Permission denied

libEGL warning: failed to open /dev/dri/card6: Permission denied

libEGL warning: failed to open /dev/dri/card5: Permission denied

libEGL warning: failed to open /dev/dri/card4: Permission denied

libEGL warning: failed to open /dev/dri/card3: Permission denied

libEGL warning: failed to open /dev/dri/card2: Permission denied

libEGL warning: failed to open /dev/dri/card1: Permission denied

The XKEYBOARD keymap compiler (xkbcomp) reports:
> Warning:          Could not resolve keysym XF86CameraAccessEnable
> Warning:          Could not resolve keysym XF86CameraAccessDisable
> Warning:          Could not resolve keysym XF86CameraAccessToggle
> Warning:          Could not resolve keysym XF86NextElement
> Warning:          Could not resolve keysym XF86PreviousElement
> Warning:          Could not resolve keysym XF86AutopilotEngageToggle
> Warning:          Could not resolve keysym XF86MarkWaypoint
> Warning:          Could not resolve keysym XF86Sos
> Warning:          Could not resolve keysym XF86NavChart
> Warning:          Could not resolve keysym XF86FishingChart
> Warning:          Could not resolve keysym XF86SingleRangeRadar
> Warning:          Could not resolve keysym XF86DualRangeRadar
> Warning:          Could not resolve keysym XF86RadarOverlay
> Warning:          Could not resolve keysym XF86TraditionalSonar
> Warning:          Could not resolve keysym XF86ClearvuSonar
> Warning:          Could not resolve keysym XF86SidevuSonar
> Warning:          Could not resolve keysym XF86NavInfo
Errors from xkbcomp are not fatal to the X server
/var/spool/slurm/d/job260383/slurm_script: line 169: 679283 Segmentation fault      timeout 900 python como/como_dataset.py --dataset_type=tum --dataset_dir="${DS_PATH}"
libEGL warning: failed to open /dev/dri/card8: Permission denied

libEGL warning: failed to open /dev/dri/card7: Permission denied

libEGL warning: failed to open /dev/dri/card6: Permission denied

libEGL warning: failed to open /dev/dri/card5: Permission denied

libEGL warning: failed to open /dev/dri/card4: Permission denied

libEGL warning: failed to open /dev/dri/card3: Permission denied

libEGL warning: failed to open /dev/dri/card2: Permission denied

libEGL warning: failed to open /dev/dri/card1: Permission denied

libEGL warning: failed to open /dev/dri/card8: Permission denied

libEGL warning: failed to open /dev/dri/card7: Permission denied

libEGL warning: failed to open /dev/dri/card6: Permission denied

libEGL warning: failed to open /dev/dri/card5: Permission denied

libEGL warning: failed to open /dev/dri/card4: Permission denied

libEGL warning: failed to open /dev/dri/card3: Permission denied

libEGL warning: failed to open /dev/dri/card2: Permission denied

libEGL warning: failed to open /dev/dri/card1: Permission denied

libEGL warning: failed to open /dev/dri/card8: Permission denied

libEGL warning: failed to open /dev/dri/card7: Permission denied

libEGL warning: failed to open /dev/dri/card6: Permission denied

libEGL warning: failed to open /dev/dri/card5: Permission denied

libEGL warning: failed to open /dev/dri/card4: Permission denied

libEGL warning: failed to open /dev/dri/card3: Permission denied

libEGL warning: failed to open /dev/dri/card2: Permission denied

libEGL warning: failed to open /dev/dri/card1: Permission denied

The XKEYBOARD keymap compiler (xkbcomp) reports:
> Warning:          Could not resolve keysym XF86CameraAccessEnable
> Warning:          Could not resolve keysym XF86CameraAccessDisable
> Warning:          Could not resolve keysym XF86CameraAccessToggle
> Warning:          Could not resolve keysym XF86NextElement
> Warning:          Could not resolve keysym XF86PreviousElement
> Warning:          Could not resolve keysym XF86AutopilotEngageToggle
> Warning:          Could not resolve keysym XF86MarkWaypoint
> Warning:          Could not resolve keysym XF86Sos
> Warning:          Could not resolve keysym XF86NavChart
> Warning:          Could not resolve keysym XF86FishingChart
> Warning:          Could not resolve keysym XF86SingleRangeRadar
> Warning:          Could not resolve keysym XF86DualRangeRadar
> Warning:          Could not resolve keysym XF86RadarOverlay
> Warning:          Could not resolve keysym XF86TraditionalSonar
> Warning:          Could not resolve keysym XF86ClearvuSonar
> Warning:          Could not resolve keysym XF86SidevuSonar
> Warning:          Could not resolve keysym XF86NavInfo
Errors from xkbcomp are not fatal to the X server
/vol/bitbucket/mz325/envs/como/lib/python3.10/site-packages/lightning_lite/utilities/cloud_io.py:48: FutureWarning: You are using `torch.load` with `weights_only=False` (the current default value), which uses the default pickle module implicitly. It is possible to construct malicious pickle data which will execute arbitrary code during unpickling (See https://github.com/pytorch/pytorch/blob/main/SECURITY.md#untrusted-models for more details). In a future release, the default value for `weights_only` will be flipped to `True`. This limits the functions that could be executed during unpickling. Arbitrary objects will no longer be allowed to be loaded via this mode unless they are explicitly allowlisted by the user via `torch.serialization.add_safe_globals`. We recommend you start setting `weights_only=True` for any use case where you don't have full control of the loaded file. Please open an issue on GitHub for any issues related to this experimental feature.
  return torch.load(f, map_location=map_location)
libEGL warning: failed to open /dev/dri/card8: Permission denied

libEGL warning: failed to open /dev/dri/card7: Permission denied

libEGL warning: failed to open /dev/dri/card6: Permission denied

libEGL warning: failed to open /dev/dri/card5: Permission denied

libEGL warning: failed to open /dev/dri/card4: Permission denied

libEGL warning: failed to open /dev/dri/card3: Permission denied

libEGL warning: failed to open /dev/dri/card2: Permission denied

libEGL warning: failed to open /dev/dri/card1: Permission denied

libEGL warning: failed to open /dev/dri/card8: Permission denied

libEGL warning: failed to open /dev/dri/card7: Permission denied

libEGL warning: failed to open /dev/dri/card6: Permission denied

libEGL warning: failed to open /dev/dri/card5: Permission denied

libEGL warning: failed to open /dev/dri/card4: Permission denied

libEGL warning: failed to open /dev/dri/card3: Permission denied

libEGL warning: failed to open /dev/dri/card2: Permission denied

libEGL warning: failed to open /dev/dri/card1: Permission denied

libEGL warning: failed to open /dev/dri/card8: Permission denied

libEGL warning: failed to open /dev/dri/card7: Permission denied

libEGL warning: failed to open /dev/dri/card6: Permission denied

libEGL warning: failed to open /dev/dri/card5: Permission denied

libEGL warning: failed to open /dev/dri/card4: Permission denied

libEGL warning: failed to open /dev/dri/card3: Permission denied

libEGL warning: failed to open /dev/dri/card2: Permission denied

libEGL warning: failed to open /dev/dri/card1: Permission denied

The XKEYBOARD keymap compiler (xkbcomp) reports:
> Warning:          Could not resolve keysym XF86CameraAccessEnable
> Warning:          Could not resolve keysym XF86CameraAccessDisable
> Warning:          Could not resolve keysym XF86CameraAccessToggle
> Warning:          Could not resolve keysym XF86NextElement
> Warning:          Could not resolve keysym XF86PreviousElement
> Warning:          Could not resolve keysym XF86AutopilotEngageToggle
> Warning:          Could not resolve keysym XF86MarkWaypoint
> Warning:          Could not resolve keysym XF86Sos
> Warning:          Could not resolve keysym XF86NavChart
> Warning:          Could not resolve keysym XF86FishingChart
> Warning:          Could not resolve keysym XF86SingleRangeRadar
> Warning:          Could not resolve keysym XF86DualRangeRadar
> Warning:          Could not resolve keysym XF86RadarOverlay
> Warning:          Could not resolve keysym XF86TraditionalSonar
> Warning:          Could not resolve keysym XF86ClearvuSonar
> Warning:          Could not resolve keysym XF86SidevuSonar
> Warning:          Could not resolve keysym XF86NavInfo
Errors from xkbcomp are not fatal to the X server
/var/spool/slurm/d/job260383/slurm_script: line 169: 701262 Segmentation fault      timeout 900 python como/como_dataset.py --dataset_type=tum --dataset_dir="${DS_PATH}"
libEGL warning: failed to open /dev/dri/card8: Permission denied

libEGL warning: failed to open /dev/dri/card7: Permission denied

libEGL warning: failed to open /dev/dri/card6: Permission denied

libEGL warning: failed to open /dev/dri/card5: Permission denied

libEGL warning: failed to open /dev/dri/card4: Permission denied

libEGL warning: failed to open /dev/dri/card3: Permission denied

libEGL warning: failed to open /dev/dri/card2: Permission denied

libEGL warning: failed to open /dev/dri/card1: Permission denied

libEGL warning: failed to open /dev/dri/card8: Permission denied

libEGL warning: failed to open /dev/dri/card7: Permission denied

libEGL warning: failed to open /dev/dri/card6: Permission denied

libEGL warning: failed to open /dev/dri/card5: Permission denied

libEGL warning: failed to open /dev/dri/card4: Permission denied

libEGL warning: failed to open /dev/dri/card3: Permission denied

libEGL warning: failed to open /dev/dri/card2: Permission denied

libEGL warning: failed to open /dev/dri/card1: Permission denied

libEGL warning: failed to open /dev/dri/card8: Permission denied

libEGL warning: failed to open /dev/dri/card7: Permission denied

libEGL warning: failed to open /dev/dri/card6: Permission denied

libEGL warning: failed to open /dev/dri/card5: Permission denied

libEGL warning: failed to open /dev/dri/card4: Permission denied

libEGL warning: failed to open /dev/dri/card3: Permission denied

libEGL warning: failed to open /dev/dri/card2: Permission denied

libEGL warning: failed to open /dev/dri/card1: Permission denied

The XKEYBOARD keymap compiler (xkbcomp) reports:
> Warning:          Could not resolve keysym XF86CameraAccessEnable
> Warning:          Could not resolve keysym XF86CameraAccessDisable
> Warning:          Could not resolve keysym XF86CameraAccessToggle
> Warning:          Could not resolve keysym XF86NextElement
> Warning:          Could not resolve keysym XF86PreviousElement
> Warning:          Could not resolve keysym XF86AutopilotEngageToggle
> Warning:          Could not resolve keysym XF86MarkWaypoint
> Warning:          Could not resolve keysym XF86Sos
> Warning:          Could not resolve keysym XF86NavChart
> Warning:          Could not resolve keysym XF86FishingChart
> Warning:          Could not resolve keysym XF86SingleRangeRadar
> Warning:          Could not resolve keysym XF86DualRangeRadar
> Warning:          Could not resolve keysym XF86RadarOverlay
> Warning:          Could not resolve keysym XF86TraditionalSonar
> Warning:          Could not resolve keysym XF86ClearvuSonar
> Warning:          Could not resolve keysym XF86SidevuSonar
> Warning:          Could not resolve keysym XF86NavInfo
Errors from xkbcomp are not fatal to the X server
/vol/bitbucket/mz325/envs/como/lib/python3.10/site-packages/lightning_lite/utilities/cloud_io.py:48: FutureWarning: You are using `torch.load` with `weights_only=False` (the current default value), which uses the default pickle module implicitly. It is possible to construct malicious pickle data which will execute arbitrary code during unpickling (See https://github.com/pytorch/pytorch/blob/main/SECURITY.md#untrusted-models for more details). In a future release, the default value for `weights_only` will be flipped to `True`. This limits the functions that could be executed during unpickling. Arbitrary objects will no longer be allowed to be loaded via this mode unless they are explicitly allowlisted by the user via `torch.serialization.add_safe_globals`. We recommend you start setting `weights_only=True` for any use case where you don't have full control of the loaded file. Please open an issue on GitHub for any issues related to this experimental feature.
  return torch.load(f, map_location=map_location)
libEGL warning: failed to open /dev/dri/card8: Permission denied

libEGL warning: failed to open /dev/dri/card7: Permission denied

libEGL warning: failed to open /dev/dri/card6: Permission denied

libEGL warning: failed to open /dev/dri/card5: Permission denied

libEGL warning: failed to open /dev/dri/card4: Permission denied

libEGL warning: failed to open /dev/dri/card3: Permission denied

libEGL warning: failed to open /dev/dri/card2: Permission denied

libEGL warning: failed to open /dev/dri/card1: Permission denied

libEGL warning: failed to open /dev/dri/card8: Permission denied

libEGL warning: failed to open /dev/dri/card7: Permission denied

libEGL warning: failed to open /dev/dri/card6: Permission denied

libEGL warning: failed to open /dev/dri/card5: Permission denied

libEGL warning: failed to open /dev/dri/card4: Permission denied

libEGL warning: failed to open /dev/dri/card3: Permission denied

libEGL warning: failed to open /dev/dri/card2: Permission denied

libEGL warning: failed to open /dev/dri/card1: Permission denied

libEGL warning: failed to open /dev/dri/card8: Permission denied

libEGL warning: failed to open /dev/dri/card7: Permission denied

libEGL warning: failed to open /dev/dri/card6: Permission denied

libEGL warning: failed to open /dev/dri/card5: Permission denied

libEGL warning: failed to open /dev/dri/card4: Permission denied

libEGL warning: failed to open /dev/dri/card3: Permission denied

libEGL warning: failed to open /dev/dri/card2: Permission denied

libEGL warning: failed to open /dev/dri/card1: Permission denied

The XKEYBOARD keymap compiler (xkbcomp) reports:
> Warning:          Could not resolve keysym XF86CameraAccessEnable
> Warning:          Could not resolve keysym XF86CameraAccessDisable
> Warning:          Could not resolve keysym XF86CameraAccessToggle
> Warning:          Could not resolve keysym XF86NextElement
> Warning:          Could not resolve keysym XF86PreviousElement
> Warning:          Could not resolve keysym XF86AutopilotEngageToggle
> Warning:          Could not resolve keysym XF86MarkWaypoint
> Warning:          Could not resolve keysym XF86Sos
> Warning:          Could not resolve keysym XF86NavChart
> Warning:          Could not resolve keysym XF86FishingChart
> Warning:          Could not resolve keysym XF86SingleRangeRadar
> Warning:          Could not resolve keysym XF86DualRangeRadar
> Warning:          Could not resolve keysym XF86RadarOverlay
> Warning:          Could not resolve keysym XF86TraditionalSonar
> Warning:          Could not resolve keysym XF86ClearvuSonar
> Warning:          Could not resolve keysym XF86SidevuSonar
> Warning:          Could not resolve keysym XF86NavInfo
Errors from xkbcomp are not fatal to the X server
/var/spool/slurm/d/job260383/slurm_script: line 169: 708218 Segmentation fault      timeout 900 python como/como_dataset.py --dataset_type=tum --dataset_dir="${DS_PATH}"
libEGL warning: failed to open /dev/dri/card8: Permission denied

libEGL warning: failed to open /dev/dri/card7: Permission denied

libEGL warning: failed to open /dev/dri/card6: Permission denied

libEGL warning: failed to open /dev/dri/card5: Permission denied

libEGL warning: failed to open /dev/dri/card4: Permission denied

libEGL warning: failed to open /dev/dri/card3: Permission denied

libEGL warning: failed to open /dev/dri/card2: Permission denied

libEGL warning: failed to open /dev/dri/card1: Permission denied

libEGL warning: failed to open /dev/dri/card8: Permission denied

libEGL warning: failed to open /dev/dri/card7: Permission denied

libEGL warning: failed to open /dev/dri/card6: Permission denied

libEGL warning: failed to open /dev/dri/card5: Permission denied

libEGL warning: failed to open /dev/dri/card4: Permission denied

libEGL warning: failed to open /dev/dri/card3: Permission denied

libEGL warning: failed to open /dev/dri/card2: Permission denied

libEGL warning: failed to open /dev/dri/card1: Permission denied

libEGL warning: failed to open /dev/dri/card8: Permission denied

libEGL warning: failed to open /dev/dri/card7: Permission denied

libEGL warning: failed to open /dev/dri/card6: Permission denied

libEGL warning: failed to open /dev/dri/card5: Permission denied

libEGL warning: failed to open /dev/dri/card4: Permission denied

libEGL warning: failed to open /dev/dri/card3: Permission denied

libEGL warning: failed to open /dev/dri/card2: Permission denied

libEGL warning: failed to open /dev/dri/card1: Permission denied

The XKEYBOARD keymap compiler (xkbcomp) reports:
> Warning:          Could not resolve keysym XF86CameraAccessEnable
> Warning:          Could not resolve keysym XF86CameraAccessDisable
> Warning:          Could not resolve keysym XF86CameraAccessToggle
> Warning:          Could not resolve keysym XF86NextElement
> Warning:          Could not resolve keysym XF86PreviousElement
> Warning:          Could not resolve keysym XF86AutopilotEngageToggle
> Warning:          Could not resolve keysym XF86MarkWaypoint
> Warning:          Could not resolve keysym XF86Sos
> Warning:          Could not resolve keysym XF86NavChart
> Warning:          Could not resolve keysym XF86FishingChart
> Warning:          Could not resolve keysym XF86SingleRangeRadar
> Warning:          Could not resolve keysym XF86DualRangeRadar
> Warning:          Could not resolve keysym XF86RadarOverlay
> Warning:          Could not resolve keysym XF86TraditionalSonar
> Warning:          Could not resolve keysym XF86ClearvuSonar
> Warning:          Could not resolve keysym XF86SidevuSonar
> Warning:          Could not resolve keysym XF86NavInfo
Errors from xkbcomp are not fatal to the X server
/vol/bitbucket/mz325/envs/como/lib/python3.10/site-packages/lightning_lite/utilities/cloud_io.py:48: FutureWarning: You are using `torch.load` with `weights_only=False` (the current default value), which uses the default pickle module implicitly. It is possible to construct malicious pickle data which will execute arbitrary code during unpickling (See https://github.com/pytorch/pytorch/blob/main/SECURITY.md#untrusted-models for more details). In a future release, the default value for `weights_only` will be flipped to `True`. This limits the functions that could be executed during unpickling. Arbitrary objects will no longer be allowed to be loaded via this mode unless they are explicitly allowlisted by the user via `torch.serialization.add_safe_globals`. We recommend you start setting `weights_only=True` for any use case where you don't have full control of the loaded file. Please open an issue on GitHub for any issues related to this experimental feature.
  return torch.load(f, map_location=map_location)
libEGL warning: failed to open /dev/dri/card8: Permission denied

libEGL warning: failed to open /dev/dri/card7: Permission denied

libEGL warning: failed to open /dev/dri/card6: Permission denied

libEGL warning: failed to open /dev/dri/card5: Permission denied

libEGL warning: failed to open /dev/dri/card4: Permission denied

libEGL warning: failed to open /dev/dri/card3: Permission denied

libEGL warning: failed to open /dev/dri/card2: Permission denied

libEGL warning: failed to open /dev/dri/card1: Permission denied

libEGL warning: failed to open /dev/dri/card8: Permission denied

libEGL warning: failed to open /dev/dri/card7: Permission denied

libEGL warning: failed to open /dev/dri/card6: Permission denied

libEGL warning: failed to open /dev/dri/card5: Permission denied

libEGL warning: failed to open /dev/dri/card4: Permission denied

libEGL warning: failed to open /dev/dri/card3: Permission denied

libEGL warning: failed to open /dev/dri/card2: Permission denied

libEGL warning: failed to open /dev/dri/card1: Permission denied

libEGL warning: failed to open /dev/dri/card8: Permission denied

libEGL warning: failed to open /dev/dri/card7: Permission denied

libEGL warning: failed to open /dev/dri/card6: Permission denied

libEGL warning: failed to open /dev/dri/card5: Permission denied

libEGL warning: failed to open /dev/dri/card4: Permission denied

libEGL warning: failed to open /dev/dri/card3: Permission denied

libEGL warning: failed to open /dev/dri/card2: Permission denied

libEGL warning: failed to open /dev/dri/card1: Permission denied

The XKEYBOARD keymap compiler (xkbcomp) reports:
> Warning:          Could not resolve keysym XF86CameraAccessEnable
> Warning:          Could not resolve keysym XF86CameraAccessDisable
> Warning:          Could not resolve keysym XF86CameraAccessToggle
> Warning:          Could not resolve keysym XF86NextElement
> Warning:          Could not resolve keysym XF86PreviousElement
> Warning:          Could not resolve keysym XF86AutopilotEngageToggle
> Warning:          Could not resolve keysym XF86MarkWaypoint
> Warning:          Could not resolve keysym XF86Sos
> Warning:          Could not resolve keysym XF86NavChart
> Warning:          Could not resolve keysym XF86FishingChart
> Warning:          Could not resolve keysym XF86SingleRangeRadar
> Warning:          Could not resolve keysym XF86DualRangeRadar
> Warning:          Could not resolve keysym XF86RadarOverlay
> Warning:          Could not resolve keysym XF86TraditionalSonar
> Warning:          Could not resolve keysym XF86ClearvuSonar
> Warning:          Could not resolve keysym XF86SidevuSonar
> Warning:          Could not resolve keysym XF86NavInfo
Errors from xkbcomp are not fatal to the X server
/var/spool/slurm/d/job260383/slurm_script: line 169: 712877 Segmentation fault      timeout 900 python como/como_dataset.py --dataset_type=tum --dataset_dir="${DS_PATH}"
libEGL warning: failed to open /dev/dri/card8: Permission denied

libEGL warning: failed to open /dev/dri/card7: Permission denied

libEGL warning: failed to open /dev/dri/card6: Permission denied

libEGL warning: failed to open /dev/dri/card5: Permission denied

libEGL warning: failed to open /dev/dri/card4: Permission denied

libEGL warning: failed to open /dev/dri/card3: Permission denied

libEGL warning: failed to open /dev/dri/card2: Permission denied

libEGL warning: failed to open /dev/dri/card1: Permission denied

libEGL warning: failed to open /dev/dri/card8: Permission denied

libEGL warning: failed to open /dev/dri/card7: Permission denied

libEGL warning: failed to open /dev/dri/card6: Permission denied

libEGL warning: failed to open /dev/dri/card5: Permission denied

libEGL warning: failed to open /dev/dri/card4: Permission denied

libEGL warning: failed to open /dev/dri/card3: Permission denied

libEGL warning: failed to open /dev/dri/card2: Permission denied

libEGL warning: failed to open /dev/dri/card1: Permission denied

libEGL warning: failed to open /dev/dri/card8: Permission denied

libEGL warning: failed to open /dev/dri/card7: Permission denied

libEGL warning: failed to open /dev/dri/card6: Permission denied

libEGL warning: failed to open /dev/dri/card5: Permission denied

libEGL warning: failed to open /dev/dri/card4: Permission denied

libEGL warning: failed to open /dev/dri/card3: Permission denied

libEGL warning: failed to open /dev/dri/card2: Permission denied

libEGL warning: failed to open /dev/dri/card1: Permission denied

The XKEYBOARD keymap compiler (xkbcomp) reports:
> Warning:          Could not resolve keysym XF86CameraAccessEnable
> Warning:          Could not resolve keysym XF86CameraAccessDisable
> Warning:          Could not resolve keysym XF86CameraAccessToggle
> Warning:          Could not resolve keysym XF86NextElement
> Warning:          Could not resolve keysym XF86PreviousElement
> Warning:          Could not resolve keysym XF86AutopilotEngageToggle
> Warning:          Could not resolve keysym XF86MarkWaypoint
> Warning:          Could not resolve keysym XF86Sos
> Warning:          Could not resolve keysym XF86NavChart
> Warning:          Could not resolve keysym XF86FishingChart
> Warning:          Could not resolve keysym XF86SingleRangeRadar
> Warning:          Could not resolve keysym XF86DualRangeRadar
> Warning:          Could not resolve keysym XF86RadarOverlay
> Warning:          Could not resolve keysym XF86TraditionalSonar
> Warning:          Could not resolve keysym XF86ClearvuSonar
> Warning:          Could not resolve keysym XF86SidevuSonar
> Warning:          Could not resolve keysym XF86NavInfo
Errors from xkbcomp are not fatal to the X server
/vol/bitbucket/mz325/envs/como/lib/python3.10/site-packages/lightning_lite/utilities/cloud_io.py:48: FutureWarning: You are using `torch.load` with `weights_only=False` (the current default value), which uses the default pickle module implicitly. It is possible to construct malicious pickle data which will execute arbitrary code during unpickling (See https://github.com/pytorch/pytorch/blob/main/SECURITY.md#untrusted-models for more details). In a future release, the default value for `weights_only` will be flipped to `True`. This limits the functions that could be executed during unpickling. Arbitrary objects will no longer be allowed to be loaded via this mode unless they are explicitly allowlisted by the user via `torch.serialization.add_safe_globals`. We recommend you start setting `weights_only=True` for any use case where you don't have full control of the loaded file. Please open an issue on GitHub for any issues related to this experimental feature.
  return torch.load(f, map_location=map_location)
libEGL warning: failed to open /dev/dri/card8: Permission denied

libEGL warning: failed to open /dev/dri/card7: Permission denied

libEGL warning: failed to open /dev/dri/card6: Permission denied

libEGL warning: failed to open /dev/dri/card5: Permission denied

libEGL warning: failed to open /dev/dri/card4: Permission denied

libEGL warning: failed to open /dev/dri/card3: Permission denied

libEGL warning: failed to open /dev/dri/card2: Permission denied

libEGL warning: failed to open /dev/dri/card1: Permission denied

libEGL warning: failed to open /dev/dri/card8: Permission denied

libEGL warning: failed to open /dev/dri/card7: Permission denied

libEGL warning: failed to open /dev/dri/card6: Permission denied

libEGL warning: failed to open /dev/dri/card5: Permission denied

libEGL warning: failed to open /dev/dri/card4: Permission denied

libEGL warning: failed to open /dev/dri/card3: Permission denied

libEGL warning: failed to open /dev/dri/card2: Permission denied

libEGL warning: failed to open /dev/dri/card1: Permission denied

libEGL warning: failed to open /dev/dri/card8: Permission denied

libEGL warning: failed to open /dev/dri/card7: Permission denied

libEGL warning: failed to open /dev/dri/card6: Permission denied

libEGL warning: failed to open /dev/dri/card5: Permission denied

libEGL warning: failed to open /dev/dri/card4: Permission denied

libEGL warning: failed to open /dev/dri/card3: Permission denied

libEGL warning: failed to open /dev/dri/card2: Permission denied

libEGL warning: failed to open /dev/dri/card1: Permission denied

The XKEYBOARD keymap compiler (xkbcomp) reports:
> Warning:          Could not resolve keysym XF86CameraAccessEnable
> Warning:          Could not resolve keysym XF86CameraAccessDisable
> Warning:          Could not resolve keysym XF86CameraAccessToggle
> Warning:          Could not resolve keysym XF86NextElement
> Warning:          Could not resolve keysym XF86PreviousElement
> Warning:          Could not resolve keysym XF86AutopilotEngageToggle
> Warning:          Could not resolve keysym XF86MarkWaypoint
> Warning:          Could not resolve keysym XF86Sos
> Warning:          Could not resolve keysym XF86NavChart
> Warning:          Could not resolve keysym XF86FishingChart
> Warning:          Could not resolve keysym XF86SingleRangeRadar
> Warning:          Could not resolve keysym XF86DualRangeRadar
> Warning:          Could not resolve keysym XF86RadarOverlay
> Warning:          Could not resolve keysym XF86TraditionalSonar
> Warning:          Could not resolve keysym XF86ClearvuSonar
> Warning:          Could not resolve keysym XF86SidevuSonar
> Warning:          Could not resolve keysym XF86NavInfo
Errors from xkbcomp are not fatal to the X server
/var/spool/slurm/d/job260383/slurm_script: line 169: 719417 Segmentation fault      timeout 900 python como/como_dataset.py --dataset_type=tum --dataset_dir="${DS_PATH}"
libEGL warning: failed to open /dev/dri/card8: Permission denied

libEGL warning: failed to open /dev/dri/card7: Permission denied

libEGL warning: failed to open /dev/dri/card6: Permission denied

libEGL warning: failed to open /dev/dri/card5: Permission denied

libEGL warning: failed to open /dev/dri/card4: Permission denied

libEGL warning: failed to open /dev/dri/card3: Permission denied

libEGL warning: failed to open /dev/dri/card2: Permission denied

libEGL warning: failed to open /dev/dri/card1: Permission denied

libEGL warning: failed to open /dev/dri/card8: Permission denied

libEGL warning: failed to open /dev/dri/card7: Permission denied

libEGL warning: failed to open /dev/dri/card6: Permission denied

libEGL warning: failed to open /dev/dri/card5: Permission denied

libEGL warning: failed to open /dev/dri/card4: Permission denied

libEGL warning: failed to open /dev/dri/card3: Permission denied

libEGL warning: failed to open /dev/dri/card2: Permission denied

libEGL warning: failed to open /dev/dri/card1: Permission denied

libEGL warning: failed to open /dev/dri/card8: Permission denied

libEGL warning: failed to open /dev/dri/card7: Permission denied

libEGL warning: failed to open /dev/dri/card6: Permission denied

libEGL warning: failed to open /dev/dri/card5: Permission denied

libEGL warning: failed to open /dev/dri/card4: Permission denied

libEGL warning: failed to open /dev/dri/card3: Permission denied

libEGL warning: failed to open /dev/dri/card2: Permission denied

libEGL warning: failed to open /dev/dri/card1: Permission denied

The XKEYBOARD keymap compiler (xkbcomp) reports:
> Warning:          Could not resolve keysym XF86CameraAccessEnable
> Warning:          Could not resolve keysym XF86CameraAccessDisable
> Warning:          Could not resolve keysym XF86CameraAccessToggle
> Warning:          Could not resolve keysym XF86NextElement
> Warning:          Could not resolve keysym XF86PreviousElement
> Warning:          Could not resolve keysym XF86AutopilotEngageToggle
> Warning:          Could not resolve keysym XF86MarkWaypoint
> Warning:          Could not resolve keysym XF86Sos
> Warning:          Could not resolve keysym XF86NavChart
> Warning:          Could not resolve keysym XF86FishingChart
> Warning:          Could not resolve keysym XF86SingleRangeRadar
> Warning:          Could not resolve keysym XF86DualRangeRadar
> Warning:          Could not resolve keysym XF86RadarOverlay
> Warning:          Could not resolve keysym XF86TraditionalSonar
> Warning:          Could not resolve keysym XF86ClearvuSonar
> Warning:          Could not resolve keysym XF86SidevuSonar
> Warning:          Could not resolve keysym XF86NavInfo
Errors from xkbcomp are not fatal to the X server
/vol/bitbucket/mz325/envs/como/lib/python3.10/site-packages/lightning_lite/utilities/cloud_io.py:48: FutureWarning: You are using `torch.load` with `weights_only=False` (the current default value), which uses the default pickle module implicitly. It is possible to construct malicious pickle data which will execute arbitrary code during unpickling (See https://github.com/pytorch/pytorch/blob/main/SECURITY.md#untrusted-models for more details). In a future release, the default value for `weights_only` will be flipped to `True`. This limits the functions that could be executed during unpickling. Arbitrary objects will no longer be allowed to be loaded via this mode unless they are explicitly allowlisted by the user via `torch.serialization.add_safe_globals`. We recommend you start setting `weights_only=True` for any use case where you don't have full control of the loaded file. Please open an issue on GitHub for any issues related to this experimental feature.
  return torch.load(f, map_location=map_location)
libEGL warning: failed to open /dev/dri/card8: Permission denied

libEGL warning: failed to open /dev/dri/card7: Permission denied

libEGL warning: failed to open /dev/dri/card6: Permission denied

libEGL warning: failed to open /dev/dri/card5: Permission denied

libEGL warning: failed to open /dev/dri/card4: Permission denied

libEGL warning: failed to open /dev/dri/card3: Permission denied

libEGL warning: failed to open /dev/dri/card2: Permission denied

libEGL warning: failed to open /dev/dri/card1: Permission denied

libEGL warning: failed to open /dev/dri/card8: Permission denied

libEGL warning: failed to open /dev/dri/card7: Permission denied

libEGL warning: failed to open /dev/dri/card6: Permission denied

libEGL warning: failed to open /dev/dri/card5: Permission denied

libEGL warning: failed to open /dev/dri/card4: Permission denied

libEGL warning: failed to open /dev/dri/card3: Permission denied

libEGL warning: failed to open /dev/dri/card2: Permission denied

libEGL warning: failed to open /dev/dri/card1: Permission denied

libEGL warning: failed to open /dev/dri/card8: Permission denied

libEGL warning: failed to open /dev/dri/card7: Permission denied

libEGL warning: failed to open /dev/dri/card6: Permission denied

libEGL warning: failed to open /dev/dri/card5: Permission denied

libEGL warning: failed to open /dev/dri/card4: Permission denied

libEGL warning: failed to open /dev/dri/card3: Permission denied

libEGL warning: failed to open /dev/dri/card2: Permission denied

libEGL warning: failed to open /dev/dri/card1: Permission denied

The XKEYBOARD keymap compiler (xkbcomp) reports:
> Warning:          Could not resolve keysym XF86CameraAccessEnable
> Warning:          Could not resolve keysym XF86CameraAccessDisable
> Warning:          Could not resolve keysym XF86CameraAccessToggle
> Warning:          Could not resolve keysym XF86NextElement
> Warning:          Could not resolve keysym XF86PreviousElement
> Warning:          Could not resolve keysym XF86AutopilotEngageToggle
> Warning:          Could not resolve keysym XF86MarkWaypoint
> Warning:          Could not resolve keysym XF86Sos
> Warning:          Could not resolve keysym XF86NavChart
> Warning:          Could not resolve keysym XF86FishingChart
> Warning:          Could not resolve keysym XF86SingleRangeRadar
> Warning:          Could not resolve keysym XF86DualRangeRadar
> Warning:          Could not resolve keysym XF86RadarOverlay
> Warning:          Could not resolve keysym XF86TraditionalSonar
> Warning:          Could not resolve keysym XF86ClearvuSonar
> Warning:          Could not resolve keysym XF86SidevuSonar
> Warning:          Could not resolve keysym XF86NavInfo
Errors from xkbcomp are not fatal to the X server
libEGL warning: failed to open /dev/dri/card8: Permission denied

libEGL warning: failed to open /dev/dri/card7: Permission denied

libEGL warning: failed to open /dev/dri/card6: Permission denied

libEGL warning: failed to open /dev/dri/card5: Permission denied

libEGL warning: failed to open /dev/dri/card4: Permission denied

libEGL warning: failed to open /dev/dri/card3: Permission denied

libEGL warning: failed to open /dev/dri/card2: Permission denied

libEGL warning: failed to open /dev/dri/card1: Permission denied

libEGL warning: failed to open /dev/dri/card8: Permission denied

libEGL warning: failed to open /dev/dri/card7: Permission denied

libEGL warning: failed to open /dev/dri/card6: Permission denied

libEGL warning: failed to open /dev/dri/card5: Permission denied

libEGL warning: failed to open /dev/dri/card4: Permission denied

libEGL warning: failed to open /dev/dri/card3: Permission denied

libEGL warning: failed to open /dev/dri/card2: Permission denied

libEGL warning: failed to open /dev/dri/card1: Permission denied

libEGL warning: failed to open /dev/dri/card8: Permission denied

libEGL warning: failed to open /dev/dri/card7: Permission denied

libEGL warning: failed to open /dev/dri/card6: Permission denied

libEGL warning: failed to open /dev/dri/card5: Permission denied

libEGL warning: failed to open /dev/dri/card4: Permission denied

libEGL warning: failed to open /dev/dri/card3: Permission denied

libEGL warning: failed to open /dev/dri/card2: Permission denied

libEGL warning: failed to open /dev/dri/card1: Permission denied

The XKEYBOARD keymap compiler (xkbcomp) reports:
> Warning:          Could not resolve keysym XF86CameraAccessEnable
> Warning:          Could not resolve keysym XF86CameraAccessDisable
> Warning:          Could not resolve keysym XF86CameraAccessToggle
> Warning:          Could not resolve keysym XF86NextElement
> Warning:          Could not resolve keysym XF86PreviousElement
> Warning:          Could not resolve keysym XF86AutopilotEngageToggle
> Warning:          Could not resolve keysym XF86MarkWaypoint
> Warning:          Could not resolve keysym XF86Sos
> Warning:          Could not resolve keysym XF86NavChart
> Warning:          Could not resolve keysym XF86FishingChart
> Warning:          Could not resolve keysym XF86SingleRangeRadar
> Warning:          Could not resolve keysym XF86DualRangeRadar
> Warning:          Could not resolve keysym XF86RadarOverlay
> Warning:          Could not resolve keysym XF86TraditionalSonar
> Warning:          Could not resolve keysym XF86ClearvuSonar
> Warning:          Could not resolve keysym XF86SidevuSonar
> Warning:          Could not resolve keysym XF86NavInfo
Errors from xkbcomp are not fatal to the X server
/vol/bitbucket/mz325/envs/como/lib/python3.10/site-packages/lightning_lite/utilities/cloud_io.py:48: FutureWarning: You are using `torch.load` with `weights_only=False` (the current default value), which uses the default pickle module implicitly. It is possible to construct malicious pickle data which will execute arbitrary code during unpickling (See https://github.com/pytorch/pytorch/blob/main/SECURITY.md#untrusted-models for more details). In a future release, the default value for `weights_only` will be flipped to `True`. This limits the functions that could be executed during unpickling. Arbitrary objects will no longer be allowed to be loaded via this mode unless they are explicitly allowlisted by the user via `torch.serialization.add_safe_globals`. We recommend you start setting `weights_only=True` for any use case where you don't have full control of the loaded file. Please open an issue on GitHub for any issues related to this experimental feature.
  return torch.load(f, map_location=map_location)
libEGL warning: failed to open /dev/dri/card8: Permission denied

libEGL warning: failed to open /dev/dri/card7: Permission denied

libEGL warning: failed to open /dev/dri/card6: Permission denied

libEGL warning: failed to open /dev/dri/card5: Permission denied

libEGL warning: failed to open /dev/dri/card4: Permission denied

libEGL warning: failed to open /dev/dri/card3: Permission denied

libEGL warning: failed to open /dev/dri/card2: Permission denied

libEGL warning: failed to open /dev/dri/card1: Permission denied

libEGL warning: failed to open /dev/dri/card8: Permission denied

libEGL warning: failed to open /dev/dri/card7: Permission denied

libEGL warning: failed to open /dev/dri/card6: Permission denied

libEGL warning: failed to open /dev/dri/card5: Permission denied

libEGL warning: failed to open /dev/dri/card4: Permission denied

libEGL warning: failed to open /dev/dri/card3: Permission denied

libEGL warning: failed to open /dev/dri/card2: Permission denied

libEGL warning: failed to open /dev/dri/card1: Permission denied

libEGL warning: failed to open /dev/dri/card8: Permission denied

libEGL warning: failed to open /dev/dri/card7: Permission denied

libEGL warning: failed to open /dev/dri/card6: Permission denied

libEGL warning: failed to open /dev/dri/card5: Permission denied

libEGL warning: failed to open /dev/dri/card4: Permission denied

libEGL warning: failed to open /dev/dri/card3: Permission denied

libEGL warning: failed to open /dev/dri/card2: Permission denied

libEGL warning: failed to open /dev/dri/card1: Permission denied

The XKEYBOARD keymap compiler (xkbcomp) reports:
> Warning:          Could not resolve keysym XF86CameraAccessEnable
> Warning:          Could not resolve keysym XF86CameraAccessDisable
> Warning:          Could not resolve keysym XF86CameraAccessToggle
> Warning:          Could not resolve keysym XF86NextElement
> Warning:          Could not resolve keysym XF86PreviousElement
> Warning:          Could not resolve keysym XF86AutopilotEngageToggle
> Warning:          Could not resolve keysym XF86MarkWaypoint
> Warning:          Could not resolve keysym XF86Sos
> Warning:          Could not resolve keysym XF86NavChart
> Warning:          Could not resolve keysym XF86FishingChart
> Warning:          Could not resolve keysym XF86SingleRangeRadar
> Warning:          Could not resolve keysym XF86DualRangeRadar
> Warning:          Could not resolve keysym XF86RadarOverlay
> Warning:          Could not resolve keysym XF86TraditionalSonar
> Warning:          Could not resolve keysym XF86ClearvuSonar
> Warning:          Could not resolve keysym XF86SidevuSonar
> Warning:          Could not resolve keysym XF86NavInfo
Errors from xkbcomp are not fatal to the X server
libEGL warning: failed to open /dev/dri/card8: Permission denied

libEGL warning: failed to open /dev/dri/card7: Permission denied

libEGL warning: failed to open /dev/dri/card6: Permission denied

libEGL warning: failed to open /dev/dri/card5: Permission denied

libEGL warning: failed to open /dev/dri/card4: Permission denied

libEGL warning: failed to open /dev/dri/card3: Permission denied

libEGL warning: failed to open /dev/dri/card2: Permission denied

libEGL warning: failed to open /dev/dri/card1: Permission denied

libEGL warning: failed to open /dev/dri/card8: Permission denied

libEGL warning: failed to open /dev/dri/card7: Permission denied

libEGL warning: failed to open /dev/dri/card6: Permission denied

libEGL warning: failed to open /dev/dri/card5: Permission denied

libEGL warning: failed to open /dev/dri/card4: Permission denied

libEGL warning: failed to open /dev/dri/card3: Permission denied

libEGL warning: failed to open /dev/dri/card2: Permission denied

libEGL warning: failed to open /dev/dri/card1: Permission denied

libEGL warning: failed to open /dev/dri/card8: Permission denied

libEGL warning: failed to open /dev/dri/card7: Permission denied

libEGL warning: failed to open /dev/dri/card6: Permission denied

libEGL warning: failed to open /dev/dri/card5: Permission denied

libEGL warning: failed to open /dev/dri/card4: Permission denied

libEGL warning: failed to open /dev/dri/card3: Permission denied

libEGL warning: failed to open /dev/dri/card2: Permission denied

libEGL warning: failed to open /dev/dri/card1: Permission denied

The XKEYBOARD keymap compiler (xkbcomp) reports:
> Warning:          Could not resolve keysym XF86CameraAccessEnable
> Warning:          Could not resolve keysym XF86CameraAccessDisable
> Warning:          Could not resolve keysym XF86CameraAccessToggle
> Warning:          Could not resolve keysym XF86NextElement
> Warning:          Could not resolve keysym XF86PreviousElement
> Warning:          Could not resolve keysym XF86AutopilotEngageToggle
> Warning:          Could not resolve keysym XF86MarkWaypoint
> Warning:          Could not resolve keysym XF86Sos
> Warning:          Could not resolve keysym XF86NavChart
> Warning:          Could not resolve keysym XF86FishingChart
> Warning:          Could not resolve keysym XF86SingleRangeRadar
> Warning:          Could not resolve keysym XF86DualRangeRadar
> Warning:          Could not resolve keysym XF86RadarOverlay
> Warning:          Could not resolve keysym XF86TraditionalSonar
> Warning:          Could not resolve keysym XF86ClearvuSonar
> Warning:          Could not resolve keysym XF86SidevuSonar
> Warning:          Could not resolve keysym XF86NavInfo
Errors from xkbcomp are not fatal to the X server
/vol/bitbucket/mz325/envs/como/lib/python3.10/site-packages/lightning_lite/utilities/cloud_io.py:48: FutureWarning: You are using `torch.load` with `weights_only=False` (the current default value), which uses the default pickle module implicitly. It is possible to construct malicious pickle data which will execute arbitrary code during unpickling (See https://github.com/pytorch/pytorch/blob/main/SECURITY.md#untrusted-models for more details). In a future release, the default value for `weights_only` will be flipped to `True`. This limits the functions that could be executed during unpickling. Arbitrary objects will no longer be allowed to be loaded via this mode unless they are explicitly allowlisted by the user via `torch.serialization.add_safe_globals`. We recommend you start setting `weights_only=True` for any use case where you don't have full control of the loaded file. Please open an issue on GitHub for any issues related to this experimental feature.
  return torch.load(f, map_location=map_location)
libEGL warning: failed to open /dev/dri/card8: Permission denied

libEGL warning: failed to open /dev/dri/card7: Permission denied

libEGL warning: failed to open /dev/dri/card6: Permission denied

libEGL warning: failed to open /dev/dri/card5: Permission denied

libEGL warning: failed to open /dev/dri/card4: Permission denied

libEGL warning: failed to open /dev/dri/card3: Permission denied

libEGL warning: failed to open /dev/dri/card2: Permission denied

libEGL warning: failed to open /dev/dri/card1: Permission denied

libEGL warning: failed to open /dev/dri/card8: Permission denied

libEGL warning: failed to open /dev/dri/card7: Permission denied

libEGL warning: failed to open /dev/dri/card6: Permission denied

libEGL warning: failed to open /dev/dri/card5: Permission denied

libEGL warning: failed to open /dev/dri/card4: Permission denied

libEGL warning: failed to open /dev/dri/card3: Permission denied

libEGL warning: failed to open /dev/dri/card2: Permission denied

libEGL warning: failed to open /dev/dri/card1: Permission denied

libEGL warning: failed to open /dev/dri/card8: Permission denied

libEGL warning: failed to open /dev/dri/card7: Permission denied

libEGL warning: failed to open /dev/dri/card6: Permission denied

libEGL warning: failed to open /dev/dri/card5: Permission denied

libEGL warning: failed to open /dev/dri/card4: Permission denied

libEGL warning: failed to open /dev/dri/card3: Permission denied

libEGL warning: failed to open /dev/dri/card2: Permission denied

libEGL warning: failed to open /dev/dri/card1: Permission denied

The XKEYBOARD keymap compiler (xkbcomp) reports:
> Warning:          Could not resolve keysym XF86CameraAccessEnable
> Warning:          Could not resolve keysym XF86CameraAccessDisable
> Warning:          Could not resolve keysym XF86CameraAccessToggle
> Warning:          Could not resolve keysym XF86NextElement
> Warning:          Could not resolve keysym XF86PreviousElement
> Warning:          Could not resolve keysym XF86AutopilotEngageToggle
> Warning:          Could not resolve keysym XF86MarkWaypoint
> Warning:          Could not resolve keysym XF86Sos
> Warning:          Could not resolve keysym XF86NavChart
> Warning:          Could not resolve keysym XF86FishingChart
> Warning:          Could not resolve keysym XF86SingleRangeRadar
> Warning:          Could not resolve keysym XF86DualRangeRadar
> Warning:          Could not resolve keysym XF86RadarOverlay
> Warning:          Could not resolve keysym XF86TraditionalSonar
> Warning:          Could not resolve keysym XF86ClearvuSonar
> Warning:          Could not resolve keysym XF86SidevuSonar
> Warning:          Could not resolve keysym XF86NavInfo
Errors from xkbcomp are not fatal to the X server
libEGL warning: failed to open /dev/dri/card8: Permission denied

libEGL warning: failed to open /dev/dri/card7: Permission denied

libEGL warning: failed to open /dev/dri/card6: Permission denied

libEGL warning: failed to open /dev/dri/card5: Permission denied

libEGL warning: failed to open /dev/dri/card4: Permission denied

libEGL warning: failed to open /dev/dri/card3: Permission denied

libEGL warning: failed to open /dev/dri/card2: Permission denied

libEGL warning: failed to open /dev/dri/card1: Permission denied

libEGL warning: failed to open /dev/dri/card8: Permission denied

libEGL warning: failed to open /dev/dri/card7: Permission denied

libEGL warning: failed to open /dev/dri/card6: Permission denied

libEGL warning: failed to open /dev/dri/card5: Permission denied

libEGL warning: failed to open /dev/dri/card4: Permission denied

libEGL warning: failed to open /dev/dri/card3: Permission denied

libEGL warning: failed to open /dev/dri/card2: Permission denied

libEGL warning: failed to open /dev/dri/card1: Permission denied

libEGL warning: failed to open /dev/dri/card8: Permission denied

libEGL warning: failed to open /dev/dri/card7: Permission denied

libEGL warning: failed to open /dev/dri/card6: Permission denied

libEGL warning: failed to open /dev/dri/card5: Permission denied

libEGL warning: failed to open /dev/dri/card4: Permission denied

libEGL warning: failed to open /dev/dri/card3: Permission denied

libEGL warning: failed to open /dev/dri/card2: Permission denied

libEGL warning: failed to open /dev/dri/card1: Permission denied

The XKEYBOARD keymap compiler (xkbcomp) reports:
> Warning:          Could not resolve keysym XF86CameraAccessEnable
> Warning:          Could not resolve keysym XF86CameraAccessDisable
> Warning:          Could not resolve keysym XF86CameraAccessToggle
> Warning:          Could not resolve keysym XF86NextElement
> Warning:          Could not resolve keysym XF86PreviousElement
> Warning:          Could not resolve keysym XF86AutopilotEngageToggle
> Warning:          Could not resolve keysym XF86MarkWaypoint
> Warning:          Could not resolve keysym XF86Sos
> Warning:          Could not resolve keysym XF86NavChart
> Warning:          Could not resolve keysym XF86FishingChart
> Warning:          Could not resolve keysym XF86SingleRangeRadar
> Warning:          Could not resolve keysym XF86DualRangeRadar
> Warning:          Could not resolve keysym XF86RadarOverlay
> Warning:          Could not resolve keysym XF86TraditionalSonar
> Warning:          Could not resolve keysym XF86ClearvuSonar
> Warning:          Could not resolve keysym XF86SidevuSonar
> Warning:          Could not resolve keysym XF86NavInfo
Errors from xkbcomp are not fatal to the X server
/vol/bitbucket/mz325/envs/como/lib/python3.10/site-packages/lightning_lite/utilities/cloud_io.py:48: FutureWarning: You are using `torch.load` with `weights_only=False` (the current default value), which uses the default pickle module implicitly. It is possible to construct malicious pickle data which will execute arbitrary code during unpickling (See https://github.com/pytorch/pytorch/blob/main/SECURITY.md#untrusted-models for more details). In a future release, the default value for `weights_only` will be flipped to `True`. This limits the functions that could be executed during unpickling. Arbitrary objects will no longer be allowed to be loaded via this mode unless they are explicitly allowlisted by the user via `torch.serialization.add_safe_globals`. We recommend you start setting `weights_only=True` for any use case where you don't have full control of the loaded file. Please open an issue on GitHub for any issues related to this experimental feature.
  return torch.load(f, map_location=map_location)
libEGL warning: failed to open /dev/dri/card8: Permission denied

libEGL warning: failed to open /dev/dri/card7: Permission denied

libEGL warning: failed to open /dev/dri/card6: Permission denied

libEGL warning: failed to open /dev/dri/card5: Permission denied

libEGL warning: failed to open /dev/dri/card4: Permission denied

libEGL warning: failed to open /dev/dri/card3: Permission denied

libEGL warning: failed to open /dev/dri/card2: Permission denied

libEGL warning: failed to open /dev/dri/card1: Permission denied

libEGL warning: failed to open /dev/dri/card8: Permission denied

libEGL warning: failed to open /dev/dri/card7: Permission denied

libEGL warning: failed to open /dev/dri/card6: Permission denied

libEGL warning: failed to open /dev/dri/card5: Permission denied

libEGL warning: failed to open /dev/dri/card4: Permission denied

libEGL warning: failed to open /dev/dri/card3: Permission denied

libEGL warning: failed to open /dev/dri/card2: Permission denied

libEGL warning: failed to open /dev/dri/card1: Permission denied

libEGL warning: failed to open /dev/dri/card8: Permission denied

libEGL warning: failed to open /dev/dri/card7: Permission denied

libEGL warning: failed to open /dev/dri/card6: Permission denied

libEGL warning: failed to open /dev/dri/card5: Permission denied

libEGL warning: failed to open /dev/dri/card4: Permission denied

libEGL warning: failed to open /dev/dri/card3: Permission denied

libEGL warning: failed to open /dev/dri/card2: Permission denied

libEGL warning: failed to open /dev/dri/card1: Permission denied

The XKEYBOARD keymap compiler (xkbcomp) reports:
> Warning:          Could not resolve keysym XF86CameraAccessEnable
> Warning:          Could not resolve keysym XF86CameraAccessDisable
> Warning:          Could not resolve keysym XF86CameraAccessToggle
> Warning:          Could not resolve keysym XF86NextElement
> Warning:          Could not resolve keysym XF86PreviousElement
> Warning:          Could not resolve keysym XF86AutopilotEngageToggle
> Warning:          Could not resolve keysym XF86MarkWaypoint
> Warning:          Could not resolve keysym XF86Sos
> Warning:          Could not resolve keysym XF86NavChart
> Warning:          Could not resolve keysym XF86FishingChart
> Warning:          Could not resolve keysym XF86SingleRangeRadar
> Warning:          Could not resolve keysym XF86DualRangeRadar
> Warning:          Could not resolve keysym XF86RadarOverlay
> Warning:          Could not resolve keysym XF86TraditionalSonar
> Warning:          Could not resolve keysym XF86ClearvuSonar
> Warning:          Could not resolve keysym XF86SidevuSonar
> Warning:          Could not resolve keysym XF86NavInfo
Errors from xkbcomp are not fatal to the X server
libEGL warning: failed to open /dev/dri/card8: Permission denied

libEGL warning: failed to open /dev/dri/card7: Permission denied

libEGL warning: failed to open /dev/dri/card6: Permission denied

libEGL warning: failed to open /dev/dri/card5: Permission denied

libEGL warning: failed to open /dev/dri/card4: Permission denied

libEGL warning: failed to open /dev/dri/card3: Permission denied

libEGL warning: failed to open /dev/dri/card2: Permission denied

libEGL warning: failed to open /dev/dri/card1: Permission denied

libEGL warning: failed to open /dev/dri/card8: Permission denied

libEGL warning: failed to open /dev/dri/card7: Permission denied

libEGL warning: failed to open /dev/dri/card6: Permission denied

libEGL warning: failed to open /dev/dri/card5: Permission denied

libEGL warning: failed to open /dev/dri/card4: Permission denied

libEGL warning: failed to open /dev/dri/card3: Permission denied

libEGL warning: failed to open /dev/dri/card2: Permission denied

libEGL warning: failed to open /dev/dri/card1: Permission denied

libEGL warning: failed to open /dev/dri/card8: Permission denied

libEGL warning: failed to open /dev/dri/card7: Permission denied

libEGL warning: failed to open /dev/dri/card6: Permission denied

libEGL warning: failed to open /dev/dri/card5: Permission denied

libEGL warning: failed to open /dev/dri/card4: Permission denied

libEGL warning: failed to open /dev/dri/card3: Permission denied

libEGL warning: failed to open /dev/dri/card2: Permission denied

libEGL warning: failed to open /dev/dri/card1: Permission denied

The XKEYBOARD keymap compiler (xkbcomp) reports:
> Warning:          Could not resolve keysym XF86CameraAccessEnable
> Warning:          Could not resolve keysym XF86CameraAccessDisable
> Warning:          Could not resolve keysym XF86CameraAccessToggle
> Warning:          Could not resolve keysym XF86NextElement
> Warning:          Could not resolve keysym XF86PreviousElement
> Warning:          Could not resolve keysym XF86AutopilotEngageToggle
> Warning:          Could not resolve keysym XF86MarkWaypoint
> Warning:          Could not resolve keysym XF86Sos
> Warning:          Could not resolve keysym XF86NavChart
> Warning:          Could not resolve keysym XF86FishingChart
> Warning:          Could not resolve keysym XF86SingleRangeRadar
> Warning:          Could not resolve keysym XF86DualRangeRadar
> Warning:          Could not resolve keysym XF86RadarOverlay
> Warning:          Could not resolve keysym XF86TraditionalSonar
> Warning:          Could not resolve keysym XF86ClearvuSonar
> Warning:          Could not resolve keysym XF86SidevuSonar
> Warning:          Could not resolve keysym XF86NavInfo
Errors from xkbcomp are not fatal to the X server
/vol/bitbucket/mz325/envs/como/lib/python3.10/site-packages/lightning_lite/utilities/cloud_io.py:48: FutureWarning: You are using `torch.load` with `weights_only=False` (the current default value), which uses the default pickle module implicitly. It is possible to construct malicious pickle data which will execute arbitrary code during unpickling (See https://github.com/pytorch/pytorch/blob/main/SECURITY.md#untrusted-models for more details). In a future release, the default value for `weights_only` will be flipped to `True`. This limits the functions that could be executed during unpickling. Arbitrary objects will no longer be allowed to be loaded via this mode unless they are explicitly allowlisted by the user via `torch.serialization.add_safe_globals`. We recommend you start setting `weights_only=True` for any use case where you don't have full control of the loaded file. Please open an issue on GitHub for any issues related to this experimental feature.
  return torch.load(f, map_location=map_location)
libEGL warning: failed to open /dev/dri/card8: Permission denied

libEGL warning: failed to open /dev/dri/card7: Permission denied

libEGL warning: failed to open /dev/dri/card6: Permission denied

libEGL warning: failed to open /dev/dri/card5: Permission denied

libEGL warning: failed to open /dev/dri/card4: Permission denied

libEGL warning: failed to open /dev/dri/card3: Permission denied

libEGL warning: failed to open /dev/dri/card2: Permission denied

libEGL warning: failed to open /dev/dri/card1: Permission denied

libEGL warning: failed to open /dev/dri/card8: Permission denied

libEGL warning: failed to open /dev/dri/card7: Permission denied

libEGL warning: failed to open /dev/dri/card6: Permission denied

libEGL warning: failed to open /dev/dri/card5: Permission denied

libEGL warning: failed to open /dev/dri/card4: Permission denied

libEGL warning: failed to open /dev/dri/card3: Permission denied

libEGL warning: failed to open /dev/dri/card2: Permission denied

libEGL warning: failed to open /dev/dri/card1: Permission denied

libEGL warning: failed to open /dev/dri/card8: Permission denied

libEGL warning: failed to open /dev/dri/card7: Permission denied

libEGL warning: failed to open /dev/dri/card6: Permission denied

libEGL warning: failed to open /dev/dri/card5: Permission denied

libEGL warning: failed to open /dev/dri/card4: Permission denied

libEGL warning: failed to open /dev/dri/card3: Permission denied

libEGL warning: failed to open /dev/dri/card2: Permission denied

libEGL warning: failed to open /dev/dri/card1: Permission denied

The XKEYBOARD keymap compiler (xkbcomp) reports:
> Warning:          Could not resolve keysym XF86CameraAccessEnable
> Warning:          Could not resolve keysym XF86CameraAccessDisable
> Warning:          Could not resolve keysym XF86CameraAccessToggle
> Warning:          Could not resolve keysym XF86NextElement
> Warning:          Could not resolve keysym XF86PreviousElement
> Warning:          Could not resolve keysym XF86AutopilotEngageToggle
> Warning:          Could not resolve keysym XF86MarkWaypoint
> Warning:          Could not resolve keysym XF86Sos
> Warning:          Could not resolve keysym XF86NavChart
> Warning:          Could not resolve keysym XF86FishingChart
> Warning:          Could not resolve keysym XF86SingleRangeRadar
> Warning:          Could not resolve keysym XF86DualRangeRadar
> Warning:          Could not resolve keysym XF86RadarOverlay
> Warning:          Could not resolve keysym XF86TraditionalSonar
> Warning:          Could not resolve keysym XF86ClearvuSonar
> Warning:          Could not resolve keysym XF86SidevuSonar
> Warning:          Could not resolve keysym XF86NavInfo
Errors from xkbcomp are not fatal to the X server
libEGL warning: failed to open /dev/dri/card8: Permission denied

libEGL warning: failed to open /dev/dri/card7: Permission denied

libEGL warning: failed to open /dev/dri/card6: Permission denied

libEGL warning: failed to open /dev/dri/card5: Permission denied

libEGL warning: failed to open /dev/dri/card4: Permission denied

libEGL warning: failed to open /dev/dri/card3: Permission denied

libEGL warning: failed to open /dev/dri/card2: Permission denied

libEGL warning: failed to open /dev/dri/card1: Permission denied

libEGL warning: failed to open /dev/dri/card8: Permission denied

libEGL warning: failed to open /dev/dri/card7: Permission denied

libEGL warning: failed to open /dev/dri/card6: Permission denied

libEGL warning: failed to open /dev/dri/card5: Permission denied

libEGL warning: failed to open /dev/dri/card4: Permission denied

libEGL warning: failed to open /dev/dri/card3: Permission denied

libEGL warning: failed to open /dev/dri/card2: Permission denied

libEGL warning: failed to open /dev/dri/card1: Permission denied

libEGL warning: failed to open /dev/dri/card8: Permission denied

libEGL warning: failed to open /dev/dri/card7: Permission denied

libEGL warning: failed to open /dev/dri/card6: Permission denied

libEGL warning: failed to open /dev/dri/card5: Permission denied

libEGL warning: failed to open /dev/dri/card4: Permission denied

libEGL warning: failed to open /dev/dri/card3: Permission denied

libEGL warning: failed to open /dev/dri/card2: Permission denied

libEGL warning: failed to open /dev/dri/card1: Permission denied

The XKEYBOARD keymap compiler (xkbcomp) reports:
> Warning:          Could not resolve keysym XF86CameraAccessEnable
> Warning:          Could not resolve keysym XF86CameraAccessDisable
> Warning:          Could not resolve keysym XF86CameraAccessToggle
> Warning:          Could not resolve keysym XF86NextElement
> Warning:          Could not resolve keysym XF86PreviousElement
> Warning:          Could not resolve keysym XF86AutopilotEngageToggle
> Warning:          Could not resolve keysym XF86MarkWaypoint
> Warning:          Could not resolve keysym XF86Sos
> Warning:          Could not resolve keysym XF86NavChart
> Warning:          Could not resolve keysym XF86FishingChart
> Warning:          Could not resolve keysym XF86SingleRangeRadar
> Warning:          Could not resolve keysym XF86DualRangeRadar
> Warning:          Could not resolve keysym XF86RadarOverlay
> Warning:          Could not resolve keysym XF86TraditionalSonar
> Warning:          Could not resolve keysym XF86ClearvuSonar
> Warning:          Could not resolve keysym XF86SidevuSonar
> Warning:          Could not resolve keysym XF86NavInfo
Errors from xkbcomp are not fatal to the X server
/vol/bitbucket/mz325/envs/como/lib/python3.10/site-packages/lightning_lite/utilities/cloud_io.py:48: FutureWarning: You are using `torch.load` with `weights_only=False` (the current default value), which uses the default pickle module implicitly. It is possible to construct malicious pickle data which will execute arbitrary code during unpickling (See https://github.com/pytorch/pytorch/blob/main/SECURITY.md#untrusted-models for more details). In a future release, the default value for `weights_only` will be flipped to `True`. This limits the functions that could be executed during unpickling. Arbitrary objects will no longer be allowed to be loaded via this mode unless they are explicitly allowlisted by the user via `torch.serialization.add_safe_globals`. We recommend you start setting `weights_only=True` for any use case where you don't have full control of the loaded file. Please open an issue on GitHub for any issues related to this experimental feature.
  return torch.load(f, map_location=map_location)
N5utils18PostconditionPanicE
in RenderableManager::Builder::Result filament::RenderableManager::Builder::build(filament::Engine &, utils::Entity):236
reason: [entity=2890] AABB can't be empty, unless culling is disabled and the object is not a shadow caster/receiver
#0	pybind.cpython-310-x86_64-linux-gnu.so     0x729d98146cd0 (null) + 126021186907344
#1	pybind.cpython-310-x86_64-linux-gnu.so     0x729d9809dc3a (null) + 126021186214970
#2	pybind.cpython-310-x86_64-linux-gnu.so     0x729d8dec4647 (null) + 126021016503879
#3	pybind.cpython-310-x86_64-linux-gnu.so     0x729d8dec7517 (null) + 126021016515863
#4	pybind.cpython-310-x86_64-linux-gnu.so     0x729d8de6522a (null) + 126021016113706
#5	pybind.cpython-310-x86_64-linux-gnu.so     0x729d8af5b17c (null) + 126020966789500
#6	pybind.cpython-310-x86_64-linux-gnu.so     0x729d8b328cda (null) + 126020970777818
#7	python                              0x5f847aef9446 (null) + 105022602843206
#8	python                              0x5f847aef297b _PyObject_MakeTpCall + 619
#9	python                              0x5f847af056e6 (null) + 105022602893030
#10	python                              0x5f847aeee022 _PyEval_EvalFrameDefault + 19474
#11	python                              0x5f847aef98cc _PyFunction_Vectorcall + 108
#12	python                              0x5f847aee9b3c _PyEval_EvalFrameDefault + 1836
#13	python                              0x5f847aef98cc _PyFunction_Vectorcall + 108
#14	pybind.cpython-310-x86_64-linux-gnu.so     0x729d8b1fdb81 (null) + 126020969552769
#15	pybind.cpython-310-x86_64-linux-gnu.so     0x729d8afe5178 (null) + 126020967354744
#16	pybind.cpython-310-x86_64-linux-gnu.so     0x729d8ded2405 (null) + 126021016560645
#17	pybind.cpython-310-x86_64-linux-gnu.so     0x729d8ded282d (null) + 126021016561709


Traceback (most recent call last):
  File "/vol/bitbucket/mz325/individual_project/como/como/como_dataset.py", line 37, in <module>
    main(dataset)
  File "/vol/bitbucket/mz325/individual_project/como/como/como_dataset.py", line 25, in main
    app.run()
  File "/vol/bitbucket/mz325/individual_project/como/como/odom/sequential/ComoSeq.py", line 425, in <lambda>
    self.window, lambda: self.update_pose_render(tracked_pose)
  File "/vol/bitbucket/mz325/individual_project/como/como/gui/GuiWindow.py", line 538, in update_pose_render
    self.widget3d.scene.add_geometry("est_traj", est_traj_geo, self.line_mat)
RuntimeError: Caught an unknown exception!
Exception in thread UpdateMain:
Traceback (most recent call last):
  File "/vol/bitbucket/mz325/envs/como/lib/python3.10/threading.py", line 1016, in _bootstrap_inner
    self.run()
  File "/vol/bitbucket/mz325/envs/como/lib/python3.10/threading.py", line 953, in run
    self._target(*self._args, **self._kwargs)
  File "/vol/bitbucket/mz325/individual_project/como/como/gui/GuiWindow.py", line 675, in update_main
    self._on_close()
  File "/vol/bitbucket/mz325/individual_project/como/como/gui/GuiWindow.py", line 392, in _on_close
    self.save_traj()
  File "/vol/bitbucket/mz325/individual_project/como/como/gui/GuiWindow.py", line 382, in save_traj
    save_traj(filename, kf_timestamps, kf_poses)
  File "/vol/bitbucket/mz325/individual_project/como/como/utils/io.py", line 8, in save_traj
    tq = pose_to_tq(poses[i, :, :])
  File "/vol/bitbucket/mz325/individual_project/como/como/geometry/lie_algebra.py", line 13, in pose_to_tq
    q = Rotation.from_matrix(pose[:3, :3]).as_quat()
  File "_rotation.pyx", line 1136, in scipy.spatial.transform._rotation.Rotation.from_matrix
ValueError: Non-positive determinant (left-handed or null coordinate frame) in rotation matrix 0: [[-1.  0.  0.]
 [ 0. -1.  0.]
 [ 0.  0. -1.]].
libEGL warning: failed to open /dev/dri/card8: Permission denied

libEGL warning: failed to open /dev/dri/card7: Permission denied

libEGL warning: failed to open /dev/dri/card6: Permission denied

libEGL warning: failed to open /dev/dri/card5: Permission denied

libEGL warning: failed to open /dev/dri/card4: Permission denied

libEGL warning: failed to open /dev/dri/card3: Permission denied

libEGL warning: failed to open /dev/dri/card2: Permission denied

libEGL warning: failed to open /dev/dri/card1: Permission denied

libEGL warning: failed to open /dev/dri/card8: Permission denied

libEGL warning: failed to open /dev/dri/card7: Permission denied

libEGL warning: failed to open /dev/dri/card6: Permission denied

libEGL warning: failed to open /dev/dri/card5: Permission denied

libEGL warning: failed to open /dev/dri/card4: Permission denied

libEGL warning: failed to open /dev/dri/card3: Permission denied

libEGL warning: failed to open /dev/dri/card2: Permission denied

libEGL warning: failed to open /dev/dri/card1: Permission denied

libEGL warning: failed to open /dev/dri/card8: Permission denied

libEGL warning: failed to open /dev/dri/card7: Permission denied

libEGL warning: failed to open /dev/dri/card6: Permission denied

libEGL warning: failed to open /dev/dri/card5: Permission denied

libEGL warning: failed to open /dev/dri/card4: Permission denied

libEGL warning: failed to open /dev/dri/card3: Permission denied

libEGL warning: failed to open /dev/dri/card2: Permission denied

libEGL warning: failed to open /dev/dri/card1: Permission denied

The XKEYBOARD keymap compiler (xkbcomp) reports:
> Warning:          Could not resolve keysym XF86CameraAccessEnable
> Warning:          Could not resolve keysym XF86CameraAccessDisable
> Warning:          Could not resolve keysym XF86CameraAccessToggle
> Warning:          Could not resolve keysym XF86NextElement
> Warning:          Could not resolve keysym XF86PreviousElement
> Warning:          Could not resolve keysym XF86AutopilotEngageToggle
> Warning:          Could not resolve keysym XF86MarkWaypoint
> Warning:          Could not resolve keysym XF86Sos
> Warning:          Could not resolve keysym XF86NavChart
> Warning:          Could not resolve keysym XF86FishingChart
> Warning:          Could not resolve keysym XF86SingleRangeRadar
> Warning:          Could not resolve keysym XF86DualRangeRadar
> Warning:          Could not resolve keysym XF86RadarOverlay
> Warning:          Could not resolve keysym XF86TraditionalSonar
> Warning:          Could not resolve keysym XF86ClearvuSonar
> Warning:          Could not resolve keysym XF86SidevuSonar
> Warning:          Could not resolve keysym XF86NavInfo
Errors from xkbcomp are not fatal to the X server
libEGL warning: failed to open /dev/dri/card8: Permission denied

libEGL warning: failed to open /dev/dri/card7: Permission denied

libEGL warning: failed to open /dev/dri/card6: Permission denied

libEGL warning: failed to open /dev/dri/card5: Permission denied

libEGL warning: failed to open /dev/dri/card4: Permission denied

libEGL warning: failed to open /dev/dri/card3: Permission denied

libEGL warning: failed to open /dev/dri/card2: Permission denied

libEGL warning: failed to open /dev/dri/card1: Permission denied

libEGL warning: failed to open /dev/dri/card8: Permission denied

libEGL warning: failed to open /dev/dri/card7: Permission denied

libEGL warning: failed to open /dev/dri/card6: Permission denied

libEGL warning: failed to open /dev/dri/card5: Permission denied

libEGL warning: failed to open /dev/dri/card4: Permission denied

libEGL warning: failed to open /dev/dri/card3: Permission denied

libEGL warning: failed to open /dev/dri/card2: Permission denied

libEGL warning: failed to open /dev/dri/card1: Permission denied

libEGL warning: failed to open /dev/dri/card8: Permission denied

libEGL warning: failed to open /dev/dri/card7: Permission denied

libEGL warning: failed to open /dev/dri/card6: Permission denied

libEGL warning: failed to open /dev/dri/card5: Permission denied

libEGL warning: failed to open /dev/dri/card4: Permission denied

libEGL warning: failed to open /dev/dri/card3: Permission denied

libEGL warning: failed to open /dev/dri/card2: Permission denied

libEGL warning: failed to open /dev/dri/card1: Permission denied

The XKEYBOARD keymap compiler (xkbcomp) reports:
> Warning:          Could not resolve keysym XF86CameraAccessEnable
> Warning:          Could not resolve keysym XF86CameraAccessDisable
> Warning:          Could not resolve keysym XF86CameraAccessToggle
> Warning:          Could not resolve keysym XF86NextElement
> Warning:          Could not resolve keysym XF86PreviousElement
> Warning:          Could not resolve keysym XF86AutopilotEngageToggle
> Warning:          Could not resolve keysym XF86MarkWaypoint
> Warning:          Could not resolve keysym XF86Sos
> Warning:          Could not resolve keysym XF86NavChart
> Warning:          Could not resolve keysym XF86FishingChart
> Warning:          Could not resolve keysym XF86SingleRangeRadar
> Warning:          Could not resolve keysym XF86DualRangeRadar
> Warning:          Could not resolve keysym XF86RadarOverlay
> Warning:          Could not resolve keysym XF86TraditionalSonar
> Warning:          Could not resolve keysym XF86ClearvuSonar
> Warning:          Could not resolve keysym XF86SidevuSonar
> Warning:          Could not resolve keysym XF86NavInfo
Errors from xkbcomp are not fatal to the X server
/vol/bitbucket/mz325/envs/como/lib/python3.10/site-packages/lightning_lite/utilities/cloud_io.py:48: FutureWarning: You are using `torch.load` with `weights_only=False` (the current default value), which uses the default pickle module implicitly. It is possible to construct malicious pickle data which will execute arbitrary code during unpickling (See https://github.com/pytorch/pytorch/blob/main/SECURITY.md#untrusted-models for more details). In a future release, the default value for `weights_only` will be flipped to `True`. This limits the functions that could be executed during unpickling. Arbitrary objects will no longer be allowed to be loaded via this mode unless they are explicitly allowlisted by the user via `torch.serialization.add_safe_globals`. We recommend you start setting `weights_only=True` for any use case where you don't have full control of the loaded file. Please open an issue on GitHub for any issues related to this experimental feature.
  return torch.load(f, map_location=map_location)
libEGL warning: failed to open /dev/dri/card8: Permission denied

libEGL warning: failed to open /dev/dri/card7: Permission denied

libEGL warning: failed to open /dev/dri/card6: Permission denied

libEGL warning: failed to open /dev/dri/card5: Permission denied

libEGL warning: failed to open /dev/dri/card4: Permission denied

libEGL warning: failed to open /dev/dri/card3: Permission denied

libEGL warning: failed to open /dev/dri/card2: Permission denied

libEGL warning: failed to open /dev/dri/card1: Permission denied

libEGL warning: failed to open /dev/dri/card8: Permission denied

libEGL warning: failed to open /dev/dri/card7: Permission denied

libEGL warning: failed to open /dev/dri/card6: Permission denied

libEGL warning: failed to open /dev/dri/card5: Permission denied

libEGL warning: failed to open /dev/dri/card4: Permission denied

libEGL warning: failed to open /dev/dri/card3: Permission denied

libEGL warning: failed to open /dev/dri/card2: Permission denied

libEGL warning: failed to open /dev/dri/card1: Permission denied

libEGL warning: failed to open /dev/dri/card8: Permission denied

libEGL warning: failed to open /dev/dri/card7: Permission denied

libEGL warning: failed to open /dev/dri/card6: Permission denied

libEGL warning: failed to open /dev/dri/card5: Permission denied

libEGL warning: failed to open /dev/dri/card4: Permission denied

libEGL warning: failed to open /dev/dri/card3: Permission denied

libEGL warning: failed to open /dev/dri/card2: Permission denied

libEGL warning: failed to open /dev/dri/card1: Permission denied

The XKEYBOARD keymap compiler (xkbcomp) reports:
> Warning:          Could not resolve keysym XF86CameraAccessEnable
> Warning:          Could not resolve keysym XF86CameraAccessDisable
> Warning:          Could not resolve keysym XF86CameraAccessToggle
> Warning:          Could not resolve keysym XF86NextElement
> Warning:          Could not resolve keysym XF86PreviousElement
> Warning:          Could not resolve keysym XF86AutopilotEngageToggle
> Warning:          Could not resolve keysym XF86MarkWaypoint
> Warning:          Could not resolve keysym XF86Sos
> Warning:          Could not resolve keysym XF86NavChart
> Warning:          Could not resolve keysym XF86FishingChart
> Warning:          Could not resolve keysym XF86SingleRangeRadar
> Warning:          Could not resolve keysym XF86DualRangeRadar
> Warning:          Could not resolve keysym XF86RadarOverlay
> Warning:          Could not resolve keysym XF86TraditionalSonar
> Warning:          Could not resolve keysym XF86ClearvuSonar
> Warning:          Could not resolve keysym XF86SidevuSonar
> Warning:          Could not resolve keysym XF86NavInfo
Errors from xkbcomp are not fatal to the X server
libEGL warning: failed to open /dev/dri/card8: Permission denied

libEGL warning: failed to open /dev/dri/card7: Permission denied

libEGL warning: failed to open /dev/dri/card6: Permission denied

libEGL warning: failed to open /dev/dri/card5: Permission denied

libEGL warning: failed to open /dev/dri/card4: Permission denied

libEGL warning: failed to open /dev/dri/card3: Permission denied

libEGL warning: failed to open /dev/dri/card2: Permission denied

libEGL warning: failed to open /dev/dri/card1: Permission denied

libEGL warning: failed to open /dev/dri/card8: Permission denied

libEGL warning: failed to open /dev/dri/card7: Permission denied

libEGL warning: failed to open /dev/dri/card6: Permission denied

libEGL warning: failed to open /dev/dri/card5: Permission denied

libEGL warning: failed to open /dev/dri/card4: Permission denied

libEGL warning: failed to open /dev/dri/card3: Permission denied

libEGL warning: failed to open /dev/dri/card2: Permission denied

libEGL warning: failed to open /dev/dri/card1: Permission denied

libEGL warning: failed to open /dev/dri/card8: Permission denied

libEGL warning: failed to open /dev/dri/card7: Permission denied

libEGL warning: failed to open /dev/dri/card6: Permission denied

libEGL warning: failed to open /dev/dri/card5: Permission denied

libEGL warning: failed to open /dev/dri/card4: Permission denied

libEGL warning: failed to open /dev/dri/card3: Permission denied

libEGL warning: failed to open /dev/dri/card2: Permission denied

libEGL warning: failed to open /dev/dri/card1: Permission denied

The XKEYBOARD keymap compiler (xkbcomp) reports:
> Warning:          Could not resolve keysym XF86CameraAccessEnable
> Warning:          Could not resolve keysym XF86CameraAccessDisable
> Warning:          Could not resolve keysym XF86CameraAccessToggle
> Warning:          Could not resolve keysym XF86NextElement
> Warning:          Could not resolve keysym XF86PreviousElement
> Warning:          Could not resolve keysym XF86AutopilotEngageToggle
> Warning:          Could not resolve keysym XF86MarkWaypoint
> Warning:          Could not resolve keysym XF86Sos
> Warning:          Could not resolve keysym XF86NavChart
> Warning:          Could not resolve keysym XF86FishingChart
> Warning:          Could not resolve keysym XF86SingleRangeRadar
> Warning:          Could not resolve keysym XF86DualRangeRadar
> Warning:          Could not resolve keysym XF86RadarOverlay
> Warning:          Could not resolve keysym XF86TraditionalSonar
> Warning:          Could not resolve keysym XF86ClearvuSonar
> Warning:          Could not resolve keysym XF86SidevuSonar
> Warning:          Could not resolve keysym XF86NavInfo
Errors from xkbcomp are not fatal to the X server
/vol/bitbucket/mz325/envs/como/lib/python3.10/site-packages/lightning_lite/utilities/cloud_io.py:48: FutureWarning: You are using `torch.load` with `weights_only=False` (the current default value), which uses the default pickle module implicitly. It is possible to construct malicious pickle data which will execute arbitrary code during unpickling (See https://github.com/pytorch/pytorch/blob/main/SECURITY.md#untrusted-models for more details). In a future release, the default value for `weights_only` will be flipped to `True`. This limits the functions that could be executed during unpickling. Arbitrary objects will no longer be allowed to be loaded via this mode unless they are explicitly allowlisted by the user via `torch.serialization.add_safe_globals`. We recommend you start setting `weights_only=True` for any use case where you don't have full control of the loaded file. Please open an issue on GitHub for any issues related to this experimental feature.
  return torch.load(f, map_location=map_location)
libEGL warning: failed to open /dev/dri/card8: Permission denied

libEGL warning: failed to open /dev/dri/card7: Permission denied

libEGL warning: failed to open /dev/dri/card6: Permission denied

libEGL warning: failed to open /dev/dri/card5: Permission denied

libEGL warning: failed to open /dev/dri/card4: Permission denied

libEGL warning: failed to open /dev/dri/card3: Permission denied

libEGL warning: failed to open /dev/dri/card2: Permission denied

libEGL warning: failed to open /dev/dri/card1: Permission denied

libEGL warning: failed to open /dev/dri/card8: Permission denied

libEGL warning: failed to open /dev/dri/card7: Permission denied

libEGL warning: failed to open /dev/dri/card6: Permission denied

libEGL warning: failed to open /dev/dri/card5: Permission denied

libEGL warning: failed to open /dev/dri/card4: Permission denied

libEGL warning: failed to open /dev/dri/card3: Permission denied

libEGL warning: failed to open /dev/dri/card2: Permission denied

libEGL warning: failed to open /dev/dri/card1: Permission denied

libEGL warning: failed to open /dev/dri/card8: Permission denied

libEGL warning: failed to open /dev/dri/card7: Permission denied

libEGL warning: failed to open /dev/dri/card6: Permission denied

libEGL warning: failed to open /dev/dri/card5: Permission denied

libEGL warning: failed to open /dev/dri/card4: Permission denied

libEGL warning: failed to open /dev/dri/card3: Permission denied

libEGL warning: failed to open /dev/dri/card2: Permission denied

libEGL warning: failed to open /dev/dri/card1: Permission denied

The XKEYBOARD keymap compiler (xkbcomp) reports:
> Warning:          Could not resolve keysym XF86CameraAccessEnable
> Warning:          Could not resolve keysym XF86CameraAccessDisable
> Warning:          Could not resolve keysym XF86CameraAccessToggle
> Warning:          Could not resolve keysym XF86NextElement
> Warning:          Could not resolve keysym XF86PreviousElement
> Warning:          Could not resolve keysym XF86AutopilotEngageToggle
> Warning:          Could not resolve keysym XF86MarkWaypoint
> Warning:          Could not resolve keysym XF86Sos
> Warning:          Could not resolve keysym XF86NavChart
> Warning:          Could not resolve keysym XF86FishingChart
> Warning:          Could not resolve keysym XF86SingleRangeRadar
> Warning:          Could not resolve keysym XF86DualRangeRadar
> Warning:          Could not resolve keysym XF86RadarOverlay
> Warning:          Could not resolve keysym XF86TraditionalSonar
> Warning:          Could not resolve keysym XF86ClearvuSonar
> Warning:          Could not resolve keysym XF86SidevuSonar
> Warning:          Could not resolve keysym XF86NavInfo
Errors from xkbcomp are not fatal to the X server
libEGL warning: failed to open /dev/dri/card8: Permission denied

libEGL warning: failed to open /dev/dri/card7: Permission denied

libEGL warning: failed to open /dev/dri/card6: Permission denied

libEGL warning: failed to open /dev/dri/card5: Permission denied

libEGL warning: failed to open /dev/dri/card4: Permission denied

libEGL warning: failed to open /dev/dri/card3: Permission denied

libEGL warning: failed to open /dev/dri/card2: Permission denied

libEGL warning: failed to open /dev/dri/card1: Permission denied

libEGL warning: failed to open /dev/dri/card8: Permission denied

libEGL warning: failed to open /dev/dri/card7: Permission denied

libEGL warning: failed to open /dev/dri/card6: Permission denied

libEGL warning: failed to open /dev/dri/card5: Permission denied

libEGL warning: failed to open /dev/dri/card4: Permission denied

libEGL warning: failed to open /dev/dri/card3: Permission denied

libEGL warning: failed to open /dev/dri/card2: Permission denied

libEGL warning: failed to open /dev/dri/card1: Permission denied

libEGL warning: failed to open /dev/dri/card8: Permission denied

libEGL warning: failed to open /dev/dri/card7: Permission denied

libEGL warning: failed to open /dev/dri/card6: Permission denied

libEGL warning: failed to open /dev/dri/card5: Permission denied

libEGL warning: failed to open /dev/dri/card4: Permission denied

libEGL warning: failed to open /dev/dri/card3: Permission denied

libEGL warning: failed to open /dev/dri/card2: Permission denied

libEGL warning: failed to open /dev/dri/card1: Permission denied

The XKEYBOARD keymap compiler (xkbcomp) reports:
> Warning:          Could not resolve keysym XF86CameraAccessEnable
> Warning:          Could not resolve keysym XF86CameraAccessDisable
> Warning:          Could not resolve keysym XF86CameraAccessToggle
> Warning:          Could not resolve keysym XF86NextElement
> Warning:          Could not resolve keysym XF86PreviousElement
> Warning:          Could not resolve keysym XF86AutopilotEngageToggle
> Warning:          Could not resolve keysym XF86MarkWaypoint
> Warning:          Could not resolve keysym XF86Sos
> Warning:          Could not resolve keysym XF86NavChart
> Warning:          Could not resolve keysym XF86FishingChart
> Warning:          Could not resolve keysym XF86SingleRangeRadar
> Warning:          Could not resolve keysym XF86DualRangeRadar
> Warning:          Could not resolve keysym XF86RadarOverlay
> Warning:          Could not resolve keysym XF86TraditionalSonar
> Warning:          Could not resolve keysym XF86ClearvuSonar
> Warning:          Could not resolve keysym XF86SidevuSonar
> Warning:          Could not resolve keysym XF86NavInfo
Errors from xkbcomp are not fatal to the X server
/vol/bitbucket/mz325/envs/como/lib/python3.10/site-packages/lightning_lite/utilities/cloud_io.py:48: FutureWarning: You are using `torch.load` with `weights_only=False` (the current default value), which uses the default pickle module implicitly. It is possible to construct malicious pickle data which will execute arbitrary code during unpickling (See https://github.com/pytorch/pytorch/blob/main/SECURITY.md#untrusted-models for more details). In a future release, the default value for `weights_only` will be flipped to `True`. This limits the functions that could be executed during unpickling. Arbitrary objects will no longer be allowed to be loaded via this mode unless they are explicitly allowlisted by the user via `torch.serialization.add_safe_globals`. We recommend you start setting `weights_only=True` for any use case where you don't have full control of the loaded file. Please open an issue on GitHub for any issues related to this experimental feature.
  return torch.load(f, map_location=map_location)
libEGL warning: failed to open /dev/dri/card8: Permission denied

libEGL warning: failed to open /dev/dri/card7: Permission denied

libEGL warning: failed to open /dev/dri/card6: Permission denied

libEGL warning: failed to open /dev/dri/card5: Permission denied

libEGL warning: failed to open /dev/dri/card4: Permission denied

libEGL warning: failed to open /dev/dri/card3: Permission denied

libEGL warning: failed to open /dev/dri/card2: Permission denied

libEGL warning: failed to open /dev/dri/card1: Permission denied

libEGL warning: failed to open /dev/dri/card8: Permission denied

libEGL warning: failed to open /dev/dri/card7: Permission denied

libEGL warning: failed to open /dev/dri/card6: Permission denied

libEGL warning: failed to open /dev/dri/card5: Permission denied

libEGL warning: failed to open /dev/dri/card4: Permission denied

libEGL warning: failed to open /dev/dri/card3: Permission denied

libEGL warning: failed to open /dev/dri/card2: Permission denied

libEGL warning: failed to open /dev/dri/card1: Permission denied

libEGL warning: failed to open /dev/dri/card8: Permission denied

libEGL warning: failed to open /dev/dri/card7: Permission denied

libEGL warning: failed to open /dev/dri/card6: Permission denied

libEGL warning: failed to open /dev/dri/card5: Permission denied

libEGL warning: failed to open /dev/dri/card4: Permission denied

libEGL warning: failed to open /dev/dri/card3: Permission denied

libEGL warning: failed to open /dev/dri/card2: Permission denied

libEGL warning: failed to open /dev/dri/card1: Permission denied

The XKEYBOARD keymap compiler (xkbcomp) reports:
> Warning:          Could not resolve keysym XF86CameraAccessEnable
> Warning:          Could not resolve keysym XF86CameraAccessDisable
> Warning:          Could not resolve keysym XF86CameraAccessToggle
> Warning:          Could not resolve keysym XF86NextElement
> Warning:          Could not resolve keysym XF86PreviousElement
> Warning:          Could not resolve keysym XF86AutopilotEngageToggle
> Warning:          Could not resolve keysym XF86MarkWaypoint
> Warning:          Could not resolve keysym XF86Sos
> Warning:          Could not resolve keysym XF86NavChart
> Warning:          Could not resolve keysym XF86FishingChart
> Warning:          Could not resolve keysym XF86SingleRangeRadar
> Warning:          Could not resolve keysym XF86DualRangeRadar
> Warning:          Could not resolve keysym XF86RadarOverlay
> Warning:          Could not resolve keysym XF86TraditionalSonar
> Warning:          Could not resolve keysym XF86ClearvuSonar
> Warning:          Could not resolve keysym XF86SidevuSonar
> Warning:          Could not resolve keysym XF86NavInfo
Errors from xkbcomp are not fatal to the X server
libEGL warning: failed to open /dev/dri/card8: Permission denied

libEGL warning: failed to open /dev/dri/card7: Permission denied

libEGL warning: failed to open /dev/dri/card6: Permission denied

libEGL warning: failed to open /dev/dri/card5: Permission denied

libEGL warning: failed to open /dev/dri/card4: Permission denied

libEGL warning: failed to open /dev/dri/card3: Permission denied

libEGL warning: failed to open /dev/dri/card2: Permission denied

libEGL warning: failed to open /dev/dri/card1: Permission denied

libEGL warning: failed to open /dev/dri/card8: Permission denied

libEGL warning: failed to open /dev/dri/card7: Permission denied

libEGL warning: failed to open /dev/dri/card6: Permission denied

libEGL warning: failed to open /dev/dri/card5: Permission denied

libEGL warning: failed to open /dev/dri/card4: Permission denied

libEGL warning: failed to open /dev/dri/card3: Permission denied

libEGL warning: failed to open /dev/dri/card2: Permission denied

libEGL warning: failed to open /dev/dri/card1: Permission denied

libEGL warning: failed to open /dev/dri/card8: Permission denied

libEGL warning: failed to open /dev/dri/card7: Permission denied

libEGL warning: failed to open /dev/dri/card6: Permission denied

libEGL warning: failed to open /dev/dri/card5: Permission denied

libEGL warning: failed to open /dev/dri/card4: Permission denied

libEGL warning: failed to open /dev/dri/card3: Permission denied

libEGL warning: failed to open /dev/dri/card2: Permission denied

libEGL warning: failed to open /dev/dri/card1: Permission denied

The XKEYBOARD keymap compiler (xkbcomp) reports:
> Warning:          Could not resolve keysym XF86CameraAccessEnable
> Warning:          Could not resolve keysym XF86CameraAccessDisable
> Warning:          Could not resolve keysym XF86CameraAccessToggle
> Warning:          Could not resolve keysym XF86NextElement
> Warning:          Could not resolve keysym XF86PreviousElement
> Warning:          Could not resolve keysym XF86AutopilotEngageToggle
> Warning:          Could not resolve keysym XF86MarkWaypoint
> Warning:          Could not resolve keysym XF86Sos
> Warning:          Could not resolve keysym XF86NavChart
> Warning:          Could not resolve keysym XF86FishingChart
> Warning:          Could not resolve keysym XF86SingleRangeRadar
> Warning:          Could not resolve keysym XF86DualRangeRadar
> Warning:          Could not resolve keysym XF86RadarOverlay
> Warning:          Could not resolve keysym XF86TraditionalSonar
> Warning:          Could not resolve keysym XF86ClearvuSonar
> Warning:          Could not resolve keysym XF86SidevuSonar
> Warning:          Could not resolve keysym XF86NavInfo
Errors from xkbcomp are not fatal to the X server
/vol/bitbucket/mz325/envs/como/lib/python3.10/site-packages/lightning_lite/utilities/cloud_io.py:48: FutureWarning: You are using `torch.load` with `weights_only=False` (the current default value), which uses the default pickle module implicitly. It is possible to construct malicious pickle data which will execute arbitrary code during unpickling (See https://github.com/pytorch/pytorch/blob/main/SECURITY.md#untrusted-models for more details). In a future release, the default value for `weights_only` will be flipped to `True`. This limits the functions that could be executed during unpickling. Arbitrary objects will no longer be allowed to be loaded via this mode unless they are explicitly allowlisted by the user via `torch.serialization.add_safe_globals`. We recommend you start setting `weights_only=True` for any use case where you don't have full control of the loaded file. Please open an issue on GitHub for any issues related to this experimental feature.
  return torch.load(f, map_location=map_location)
libEGL warning: failed to open /dev/dri/card8: Permission denied

libEGL warning: failed to open /dev/dri/card7: Permission denied

libEGL warning: failed to open /dev/dri/card6: Permission denied

libEGL warning: failed to open /dev/dri/card5: Permission denied

libEGL warning: failed to open /dev/dri/card4: Permission denied

libEGL warning: failed to open /dev/dri/card3: Permission denied

libEGL warning: failed to open /dev/dri/card2: Permission denied

libEGL warning: failed to open /dev/dri/card1: Permission denied

libEGL warning: failed to open /dev/dri/card8: Permission denied

libEGL warning: failed to open /dev/dri/card7: Permission denied

libEGL warning: failed to open /dev/dri/card6: Permission denied

libEGL warning: failed to open /dev/dri/card5: Permission denied

libEGL warning: failed to open /dev/dri/card4: Permission denied

libEGL warning: failed to open /dev/dri/card3: Permission denied

libEGL warning: failed to open /dev/dri/card2: Permission denied

libEGL warning: failed to open /dev/dri/card1: Permission denied

libEGL warning: failed to open /dev/dri/card8: Permission denied

libEGL warning: failed to open /dev/dri/card7: Permission denied

libEGL warning: failed to open /dev/dri/card6: Permission denied

libEGL warning: failed to open /dev/dri/card5: Permission denied

libEGL warning: failed to open /dev/dri/card4: Permission denied

libEGL warning: failed to open /dev/dri/card3: Permission denied

libEGL warning: failed to open /dev/dri/card2: Permission denied

libEGL warning: failed to open /dev/dri/card1: Permission denied

The XKEYBOARD keymap compiler (xkbcomp) reports:
> Warning:          Could not resolve keysym XF86CameraAccessEnable
> Warning:          Could not resolve keysym XF86CameraAccessDisable
> Warning:          Could not resolve keysym XF86CameraAccessToggle
> Warning:          Could not resolve keysym XF86NextElement
> Warning:          Could not resolve keysym XF86PreviousElement
> Warning:          Could not resolve keysym XF86AutopilotEngageToggle
> Warning:          Could not resolve keysym XF86MarkWaypoint
> Warning:          Could not resolve keysym XF86Sos
> Warning:          Could not resolve keysym XF86NavChart
> Warning:          Could not resolve keysym XF86FishingChart
> Warning:          Could not resolve keysym XF86SingleRangeRadar
> Warning:          Could not resolve keysym XF86DualRangeRadar
> Warning:          Could not resolve keysym XF86RadarOverlay
> Warning:          Could not resolve keysym XF86TraditionalSonar
> Warning:          Could not resolve keysym XF86ClearvuSonar
> Warning:          Could not resolve keysym XF86SidevuSonar
> Warning:          Could not resolve keysym XF86NavInfo
Errors from xkbcomp are not fatal to the X server
