channel,ch_0,ch_1,ch_2,ch_3,ch_4,ch_5,ch_6,ch_7,ch_8,ch_9,ch_10,ch_11,ch_12,ch_13,ch_14,ch_15,ch_16,ch_17,ch_18,ch_19,ch_20,ch_21,ch_22,ch_23,ch_24,ch_25,ch_26,ch_27,ch_28,ch_29,ch_30,ch_31,ch_32,ch_33,ch_34,ch_35,ch_36,ch_37,ch_38,ch_39,ch_40,ch_41,ch_42,ch_43,ch_44,ch_45,ch_46,ch_47,ch_48,ch_49,ch_50,ch_51,ch_52,ch_53,ch_54,ch_55,ch_56,ch_57,ch_58,ch_59,ch_60,ch_61,ch_62,ch_63,ch_64,ch_65,ch_66,ch_67,ch_68,ch_69,ch_70,ch_71,ch_72,ch_73,ch_74,ch_75,ch_76,ch_77,ch_78,ch_79,ch_80,ch_81,ch_82,ch_83,ch_84,ch_85,ch_86,ch_87,ch_88,ch_89,ch_90,ch_91,ch_92,ch_93,ch_94,ch_95,ch_96,ch_97,ch_98,ch_99,ch_100,ch_101,ch_102,ch_103,ch_104,ch_105,ch_106,ch_107,ch_108,ch_109,ch_110,ch_111,ch_112,ch_113,ch_114,ch_115,ch_116,ch_117,ch_118,ch_119,ch_120,ch_121,ch_122,ch_123,ch_124,ch_125,ch_126,ch_127
0,1.00000000,0.12922063,0.10136786,0.02255159,0.06714629,0.08700638,0.03210383,0.02857383,0.05549332,0.03089411,0.10256100,0.06654394,0.33311847,0.04280630,0.03346946,0.20867722,0.15298951,0.11359856,0.21951170,0.03110445,0.04959583,0.02768379,0.16849890,0.06289234,0.13585499,0.01677034,0.14200482,0.20563741,0.12525845,0.05789474,0.04612197,0.08905569,0.19955175,0.11645870,0.10567020,0.11276183,0.02356954,0.05956753,0.10655116,0.05602331,0.02542161,0.05454254,0.30436182,0.08122803,0.19496652,0.11806379,0.05491563,0.05112902,0.03546742,0.07540488,0.05985771,0.07586962,0.02579262,0.04094611,0.09903184,0.31579521,0.09939232,0.24795806,0.07434945,0.13749045,0.07379197,0.06408060,0.05563697,0.09858388,0.04873737,0.02363839,0.03258075,0.04757455,0.06627654,0.03199988,0.02632706,0.04935955,0.08980772,0.08237202,0.04846348,0.01705538,0.05550221,0.02445557,0.02882428,0.08799015,0.12835437,0.04147090,0.07443084,0.14252108,0.03300579,0.14723259,0.04510310,0.03608679,0.04517116,0.26802230,0.09416537,0.08328693,0.07222123,0.06252699,0.30740994,0.05041084,0.01569846,0.03561453,0.05065900,0.05669279,0.10829273,0.18914589,0.06294918,0.06084483,0.50179940,0.04194045,0.02376784,0.01759485,0.02036506,0.03092745,0.04760870,0.02408598,0.15433666,0.02040930,0.05692898,0.19163449,0.06279974,0.03471208,0.02847602,0.06463448,0.04805387,0.27926511,0.12992811,0.04516736,0.11692324,0.00996288,0.06225806,0.10338216
1,0.12922063,1.00000000,0.10533345,0.08942483,0.13208911,0.01951653,0.03238954,0.04305426,0.02844283,0.06016401,0.16033340,0.03505890,0.07149841,0.27061987,0.14573044,0.01557836,0.12282851,0.02225392,0.05599412,0.09002072,0.07669978,0.14828888,0.14086400,0.03055178,0.03691310,0.22818077,0.10117697,0.14725056,0.09326842,0.02633716,0.02520834,0.02438968,0.11145359,0.15478738,0.12157570,0.03200388,0.04556732,0.06464310,0.03987544,0.06378908,0.06219444,0.15126085,0.11090675,0.10285866,0.09199341,0.13356256,0.02452009,0.03732601,0.02797114,0.02036602,0.14191541,0.01454260,0.02357061,0.04093102,0.03448515,0.02821945,0.07506624,0.10986744,0.02590658,0.06429668,0.04737952,0.05609139,0.11035688,0.18540753,0.02757246,0.20358896,0.04675231,0.03732390,0.10162150,0.01815220,0.04483193,0.24059412,0.02070783,0.13194656,0.15164581,0.07479041,0.01904997,0.02279373,0.10880651,0.02688293,0.14493971,0.04914718,0.15719277,0.15900749,0.04323302,0.16699602,0.15229511,0.02928021,0.11813919,0.10176072,0.12413099,0.26606351,0.14064346,0.05768881,0.18288265,0.03128558,0.03484557,0.03656531,0.02107919,0.01749511,0.05026674,0.02952814,0.17727101,0.06602094,0.15961874,0.01762020,0.09625805,0.09844466,0.04117997,0.06161271,0.05218778,0.04249528,0.13958734,0.03082904,0.01496701,0.07627350,0.07398306,0.02812044,0.10479602,0.03139067,0.02309916,0.11047416,0.14344352,0.20809768,0.13463269,0.03095798,0.14297238,0.03277609
2,0.10136786,0.10533345,1.00000000,0.11688256,0.05945167,0.28369594,0.03711864,0.04131843,0.12407357,0.03922608,0.11831240,0.03946587,0.01627862,0.08586596,0.05793017,0.19060299,0.03948147,0.02611724,0.28101379,0.07282072,0.01139162,0.03866582,0.13633336,0.05888493,0.09461807,0.15303028,0.15918915,0.07898746,0.07703707,0.08101134,0.07641444,0.23181763,0.04269127,0.02623425,0.06300689,0.11407073,0.17167246,0.05582726,0.07062368,0.02699846,0.03204813,0.18221545,0.13198288,0.11728520,0.11905332,0.03799676,0.06856820,0.08870292,0.12775144,0.05016328,0.02631993,0.07220676,0.13061321,0.12481201,0.18429163,0.11498521,0.06578325,0.04279102,0.20868643,0.02684823,0.12192981,0.02046189,0.23941028,0.26249874,0.07373439,0.07699195,0.05067789,0.02199765,0.12963644,0.07698061,0.10100870,0.06836056,0.12976319,0.01608676,0.10677306,0.05124339,0.23567283,0.08462621,0.09172948,0.18758482,0.03867453,0.03479739,0.19573578,0.07680966,0.06807593,0.12712760,0.02557391,0.03392071,0.01784546,0.01837624,0.09215613,0.01934837,0.01592505,0.11629742,0.02261890,0.07248448,0.02216212,0.12636077,0.09736985,0.27643311,0.01826952,0.23278959,0.04319351,0.03509884,0.02211535,0.13913415,0.13041657,0.05315496,0.11139732,0.11926395,0.13657343,0.13600641,0.18679059,0.24317649,0.05661352,0.04021188,0.11814777,0.05239280,0.03926319,0.05889601,0.08086356,0.22720081,0.16285516,0.02159870,0.08691841,0.02734960,0.01790538,0.17324838
3,0.02255159,0.08942483,0.11688256,1.00000000,0.04850073,0.11277540,0.02304251,0.15192741,0.05310795,0.07371526,0.39718074,0.03573626,0.05567029,0.06646660,0.20315096,0.25060242,0.02259042,0.02487914,0.28002143,0.09123574,0.10391006,0.14987895,0.07350767,0.07853977,0.02833965,0.02431469,0.03801931,0.16076232,0.03555703,0.10140549,0.02525406,0.02702040,0.13968894,0.09919345,0.15533555,0.16719469,0.06982961,0.11178954,0.02244093,0.05116370,0.12144589,0.14867231,0.20959088,0.08360332,0.17945033,0.08906861,0.09592675,0.13636160,0.09592855,0.05796564,0.35900629,0.12171127,0.02940221,0.03921905,0.04381239,0.11742208,0.07894009,0.32759356,0.08603430,0.14986217,0.08304746,0.09045844,0.03529478,0.10891148,0.02791218,0.06836227,0.07917683,0.12491101,0.10391439,0.02214281,0.12016819,0.24749026,0.10700023,0.04126620,0.13432515,0.01278756,0.05172474,0.04612007,0.08512856,0.11638481,0.17427887,0.06468344,0.01567617,0.28041896,0.12036477,0.20961714,0.08515006,0.03159446,0.14574927,0.03737349,0.11255342,0.13500348,0.30245075,0.03281924,0.29082149,0.02298415,0.17840552,0.03847119,0.08761324,0.13781020,0.02732592,0.18137857,0.14594540,0.06323841,0.14192751,0.14694619,0.08329152,0.02899835,0.02634374,0.09194498,0.05427186,0.11113079,0.12546286,0.05887049,0.01495422,0.04802590,0.07075775,0.02104192,0.05014610,0.15793878,0.03072463,0.42807508,0.16759047,0.08547041,0.30834800,0.22391841,0.06512399,0.15734503
4,0.06714629,0.13208911,0.05945167,0.04850073,1.00000000,0.04572013,0.06045123,0.04234286,0.03413004,0.13076086,0.21720764,0.04021379,0.03120526,0.15023236,0.11716628,0.11154506,0.10710897,0.06515075,0.11621746,0.06793121,0.07373919,0.02190875,0.02299293,0.01466944,0.10523105,0.03579292,0.04354614,0.15452567,0.03657119,0.13055813,0.02382126,0.04546801,0.04027212,0.03422916,0.02178994,0.08227898,0.02681350,0.09015086,0.06212597,0.03061983,0.06799203,0.02829917,0.06704245,0.12498339,0.08671160,0.03713580,0.02414604,0.05575101,0.03417367,0.03145120,0.02716162,0.10486349,0.02313348,0.02548907,0.04617538,0.08835693,0.06358328,0.04585353,0.02888046,0.08500342,0.03976901,0.01549560,0.02540561,0.06186791,0.07009870,0.18333308,0.03012193,0.02061318,0.03966087,0.02928679,0.02669043,0.09300162,0.02793823,0.04312274,0.05023481,0.02172710,0.02342485,0.03894045,0.06100732,0.07617946,0.03221370,0.03870128,0.04516978,0.06529963,0.04978391,0.18488249,0.08598071,0.04108886,0.08009574,0.05293027,0.02086749,0.03008376,0.02661188,0.05477005,0.04721683,0.05078598,0.10471183,0.07893173,0.04393229,0.11124604,0.05797651,0.05753916,0.02876515,0.03212122,0.02641482,0.07811557,0.01556993,0.03068627,0.03177738,0.11939000,0.05148018,0.14962122,0.02337402,0.02636905,0.02696382,0.11162627,0.03169950,0.01869980,0.03429056,0.04974064,0.07625798,0.04116964,0.12991752,0.06414850,0.13408175,0.03284289,0.11412588,0.05022473
5,0.08700638,0.01951653,0.28369594,0.11277540,0.04572013,1.00000000,0.01513350,0.06676275,0.12633401,0.07634394,0.08954733,0.03302124,0.03851313,0.10108050,0.09984039,0.26235911,0.10639623,0.04718089,0.24615595,0.12469813,0.01814131,0.02034811,0.10021771,0.07686715,0.10695792,0.04497135,0.06387598,0.02323326,0.04470448,0.12601736,0.11186392,0.21868543,0.05337470,0.03148031,0.01190375,0.03157724,0.20838431,0.05472488,0.02421943,0.07420395,0.03787740,0.22335702,0.08642456,0.09048682,0.11989991,0.04287370,0.04412711,0.19196343,0.07556461,0.12433001,0.01962030,0.03667979,0.03089160,0.14239949,0.03565367,0.09328534,0.03410779,0.02991909,0.10782428,0.04123704,0.07583572,0.02632809,0.02716386,0.12309122,0.13724136,0.08002958,0.07840657,0.08392269,0.15744790,0.02093086,0.13023508,0.02812454,0.03957953,0.04682562,0.05708691,0.05195973,0.11527221,0.02827537,0.03861780,0.04374396,0.02413663,0.06996267,0.03450373,0.11037310,0.14384806,0.18143836,0.06637345,0.04199129,0.10426127,0.03293493,0.05866618,0.05029501,0.02067810,0.13422650,0.02748691,0.21507797,0.08663020,0.12099655,0.15381423,0.23480041,0.02342389,0.18527269,0.02732885,0.03792503,0.01594039,0.15462157,0.22433960,0.11316317,0.01821582,0.15922996,0.02276788,0.12697762,0.20700714,0.30654225,0.03659296,0.06084428,0.01664876,0.08720152,0.08786294,0.02793509,0.04418287,0.17439958,0.05267327,0.03946675,0.03127143,0.02130834,0.02657857,0.03816975
6,0.03210383,0.03238954,0.03711864,0.02304251,0.06045123,0.01513350,1.00000000,0.06869127,0.03297856,0.04464038,0.07552638,0.14314172,0.03253904,0.04711212,0.20392689,0.02717781,0.02891304,0.04164006,0.12019625,0.03576314,0.01207384,0.04461981,0.04950650,0.14114231,0.15797862,0.03191784,0.02948865,0.05405295,0.16820794,0.19239032,0.04896961,0.06044522,0.15250242,0.10605839,0.07844032,0.03218755,0.02212265,0.11021549,0.05893014,0.03774273,0.03029833,0.07024846,0.01254920,0.14717504,0.03443513,0.03589190,0.15234628,0.02428255,0.08075158,0.04091303,0.05809545,0.03330122,0.11578307,0.14156091,0.02860561,0.04972291,0.11379284,0.03976030,0.04175820,0.09874715,0.10166249,0.08378864,0.02181181,0.04657211,0.01843314,0.06594113,0.04557920,0.01823687,0.07352769,0.14880536,0.10682684,0.03412016,0.05717923,0.08920322,0.03158166,0.02443435,0.01527384,0.14953242,0.11864291,0.02899629,0.02296834,0.02685626,0.06057397,0.15006240,0.12674356,0.09678926,0.03146341,0.04507848,0.02147010,0.07059257,0.04170117,0.07250494,0.02811042,0.19840461,0.05485486,0.06900647,0.02573298,0.03959013,0.03975873,0.09705648,0.19938046,0.02533374,0.01517910,0.07352887,0.02778515,0.08363314,0.06129032,0.07572624,0.26050681,0.01706271,0.07628828,0.08996449,0.04961925,0.05928190,0.04863843,0.08231430,0.02355712,0.04450110,0.01915963,0.04568511,0.05016667,0.05117102,0.01718631,0.02960566,0.07150932,0.02616413,0.06839465,0.03149369
7,0.02857383,0.04305426,0.04131843,0.15192741,0.04234286,0.06676275,0.06869127,1.00000000,0.17278248,0.06185039,0.14161670,0.03668001,0.07238398,0.04529062,0.22084361,0.12761003,0.03170768,0.09944664,0.13049698,0.06004943,0.01363786,0.05001215,0.05683232,0.03101803,0.07999658,0.08017679,0.23217237,0.06026558,0.02697398,0.11934800,0.07233508,0.02138723,0.08878595,0.03435878,0.01761585,0.01465278,0.11410221,0.03044948,0.03061648,0.05318015,0.17343530,0.25877744,0.08409075,0.04859808,0.04066665,0.36728328,0.03269606,0.10552710,0.08473638,0.02927053,0.03877508,0.06725828,0.10466722,0.03233885,0.02270237,0.04293624,0.03163855,0.05199250,0.04672214,0.06197920,0.14854833,0.02843996,0.08261342,0.15936863,0.06045483,0.05092306,0.06649653,0.15516694,0.02661669,0.02674751,0.05986199,0.02279340,0.05824213,0.07161005,0.05039688,0.06729542,0.05672286,0.09357625,0.04201878,0.09317189,0.04263610,0.03871316,0.14017835,0.18242575,0.14672029,0.05151481,0.08994566,0.08220650,0.13116768,0.04765622,0.01007476,0.02307303,0.03543313,0.14421982,0.03786799,0.03416869,0.03344315,0.03471620,0.12848781,0.08790690,0.14216527,0.02099019,0.15895577,0.21098402,0.01939437,0.11707519,0.02925386,0.03878817,0.10354152,0.12146910,0.01430894,0.10229449,0.02452195,0.07378103,0.01792302,0.04185731,0.03841580,0.04708556,0.02774536,0.06710345,0.02643149,0.17491129,0.03976312,0.03119860,0.06854466,0.02205084,0.05054877,0.09279463
8,0.05549332,0.02844283,0.12407357,0.05310795,0.03413004,0.12633401,0.03297856,0.17278248,1.00000000,0.06018729,0.06179504,0.04139773,0.22582245,0.05575985,0.05608398,0.35388067,0.03489605,0.01914927,0.27505887,0.09375088,0.01672522,0.05831755,0.11355421,0.17540002,0.17053828,0.14412645,0.30529362,0.09601563,0.02046515,0.11957337,0.04055724,0.03110692,0.09252432,0.12807608,0.07941721,0.01580529,0.09162369,0.05368231,0.04174981,0.02775459,0.22533929,0.17067787,0.28626403,0.05881992,0.10630357,0.21169892,0.13710842,0.02269184,0.08381838,0.01460572,0.01898306,0.11197218,0.05288880,0.03509394,0.02980169,0.23150524,0.13259275,0.01797401,0.03649700,0.08278830,0.17326075,0.20586605,0.12347375,0.05840618,0.02876381,0.05984475,0.03566800,0.13996860,0.05196849,0.01587676,0.02442244,0.12726444,0.12444776,0.01980027,0.06292519,0.01568733,0.13488548,0.05292888,0.08407910,0.09592558,0.05467700,0.12250368,0.20346904,0.03014456,0.11420593,0.15571873,0.08655667,0.09483963,0.12779970,0.07843202,0.03960682,0.07157056,0.04629591,0.01953668,0.06626080,0.04107285,0.12276639,0.22243109,0.09536961,0.04039504,0.06855302,0.06303966,0.13928656,0.04343780,0.02737436,0.22120321,0.04458112,0.07398013,0.05405691,0.09689640,0.06398562,0.06750442,0.11574633,0.05935049,0.21397074,0.05781256,0.09699391,0.02805789,0.07885899,0.14735933,0.02784863,0.27824455,0.16718581,0.04706205,0.04396795,0.04959077,0.02299012,0.01841984
9,0.03089411,0.06016401,0.03922608,0.07371526,0.13076086,0.07634394,0.04464038,0.06185039,0.06018729,1.00000000,0.04477363,0.05004589,0.06480362,0.12674388,0.03892619,0.17179090,0.03129215,0.04478668,0.07654408,0.02933142,0.01328617,0.04278268,0.07087977,0.05639530,0.37410319,0.06504925,0.16130167,0.05320897,0.04887961,0.06456048,0.06585126,0.07587737,0.02936275,0.04012041,0.02993812,0.09158134,0.06108458,0.21080333,0.09956563,0.04798911,0.09554961,0.07985531,0.03981118,0.06265815,0.05383898,0.04906113,0.02476010,0.03587227,0.03764660,0.03890827,0.03250082,0.04511436,0.04320741,0.11754772,0.05814525,0.12897786,0.03077488,0.07810000,0.02263055,0.03575405,0.07192748,0.07064082,0.04462601,0.06051541,0.05520292,0.05365023,0.03960267,0.03491373,0.06024342,0.03044378,0.03693420,0.03340728,0.06003533,0.03669800,0.05300770,0.05600823,0.06433535,0.05239268,0.02966030,0.06982438,0.04409335,0.06982252,0.05919735,0.05475990,0.12618038,0.08354032,0.06505783,0.07907179,0.09147163,0.06182560,0.08102530,0.01905253,0.03884447,0.06322058,0.05943408,0.08332408,0.01460741,0.09252746,0.13299704,0.06549229,0.06021007,0.05960602,0.10342726,0.05421364,0.03100410,0.04646067,0.03856637,0.11277719,0.04669025,0.05524036,0.06096052,0.14573668,0.07610174,0.06385082,0.02595261,0.05906366,0.05482887,0.03738407,0.02275453,0.06340820,0.05272341,0.09296516,0.04041449,0.02678946,0.13970889,0.03437680,0.04525952,0.05954098
10,0.10256100,0.16033340,0.11831240,0.39718074,0.21720764,0.08954733,0.07552638,0.14161670,0.06179504,0.04477363,1.00000000,0.03864786,0.05522547,0.20612510,0.31723464,0.13818727,0.16580778,0.02422526,0.27773026,0.05718166,0.04597768,0.09113234,0.18651246,0.07347034,0.03710283,0.03514335,0.03316268,0.24575317,0.03174010,0.18752842,0.03451586,0.04938019,0.10455896,0.06105208,0.13688767,0.17235023,0.03039057,0.03616646,0.10096605,0.05266728,0.04122551,0.13917562,0.13132122,0.17732862,0.13061437,0.19324753,0.02427386,0.13820241,0.08452885,0.07745530,0.34090504,0.10836336,0.02081252,0.03806941,0.04422505,0.06939551,0.03470256,0.15094467,0.04962942,0.11733066,0.09232312,0.05165593,0.02657560,0.12677795,0.05776563,0.07208572,0.03993808,0.12128774,0.03102471,0.05393443,0.03639778,0.12913665,0.05406012,0.11415588,0.07473881,0.02571370,0.05310198,0.04893110,0.07330827,0.07644102,0.12059987,0.03527102,0.02925888,0.22034793,0.11191392,0.42245364,0.04406297,0.04206911,0.13224211,0.06313512,0.16336074,0.04334141,0.16289547,0.02054425,0.18019545,0.04230208,0.05533934,0.06496275,0.07271943,0.08746129,0.14417782,0.18841904,0.21745947,0.04648212,0.13592780,0.08038501,0.02829840,0.04451121,0.07504389,0.07471079,0.03723111,0.03775735,0.13796359,0.07221204,0.10334381,0.12648696,0.08041349,0.03350312,0.07527258,0.08125611,0.06103752,0.30761006,0.11836940,0.10317378,0.22366130,0.13754573,0.12862569,0.10194306
11,0.06654394,0.03505890,0.03946587,0.03573626,0.04021379,0.03302124,0.14314172,0.03668001,0.04139773,0.05004589,0.03864786,1.00000000,0.06836154,0.10371882,0.11731000,0.07413800,0.03601680,0.01892355,0.03419428,0.08663367,0.07222396,0.06483335,0.06718484,0.01975237,0.18980038,0.02143124,0.05189352,0.02462180,0.20695527,0.14586726,0.03410783,0.01858091,0.28115505,0.11617802,0.08397815,0.03620416,0.19892088,0.11534837,0.02762777,0.03583822,0.04855195,0.05240108,0.04626424,0.14054373,0.02807018,0.13025114,0.02265238,0.18818492,0.02973937,0.14172028,0.12358466,0.02836718,0.03890701,0.08892033,0.02391209,0.05916703,0.07118693,0.03871697,0.03813056,0.09454879,0.04199973,0.02879923,0.02069752,0.04910133,0.03652872,0.10941368,0.03670349,0.09036466,0.06646727,0.01874776,0.06121639,0.01627867,0.04633400,0.25107178,0.09303275,0.15803632,0.06449212,0.03088275,0.09787254,0.06832469,0.01556052,0.03668192,0.01273545,0.03469858,0.18221948,0.02921783,0.09708875,0.02367214,0.04103209,0.09947787,0.01205334,0.06310003,0.02369607,0.02455133,0.04859662,0.02644688,0.07661016,0.11823176,0.07660133,0.09457003,0.15459633,0.03010766,0.02725278,0.03881729,0.08452608,0.18538699,0.02691123,0.05432644,0.08096357,0.07909861,0.02529510,0.10601608,0.03528637,0.03376847,0.04149967,0.05859363,0.09124970,0.05424479,0.01585528,0.05603994,0.10122070,0.03548055,0.04976252,0.03721090,0.02486587,0.07784463,0.09373107,0.03393878
12,0.33311847,0.07149841,0.01627862,0.05567029,0.03120526,0.03851313,0.03253904,0.07238398,0.22582245,0.06480362,0.05522547,0.06836154,1.00000000,0.02330197,0.07459131,0.09643640,0.06513705,0.06270785,0.14984423,0.06383412,0.02255108,0.03057002,0.20768940,0.12334541,0.21451280,0.02721675,0.24611628,0.02097099,0.06145505,0.02253272,0.05460593,0.02267710,0.15985480,0.15703720,0.10649838,0.05670142,0.01537867,0.09516919,0.10058809,0.02095879,0.07158021,0.02908508,0.26336125,0.03598239,0.13747227,0.03762751,0.22070602,0.01510067,0.06996187,0.04504668,0.05787829,0.06305905,0.02050899,0.04656676,0.03027290,0.35898763,0.10183857,0.16948891,0.01877052,0.11348206,0.05746751,0.10529447,0.04698324,0.02670669,0.02051921,0.02646571,0.04336891,0.04097382,0.03894415,0.01771961,0.03499214,0.07369573,0.04589997,0.07524171,0.02148644,0.02154110,0.02453454,0.08905120,0.10917987,0.01951048,0.06723416,0.02177168,0.08692585,0.06089141,0.02525173,0.05596485,0.02966823,0.04630535,0.05019052,0.30932659,0.06744336,0.11841889,0.03142425,0.02619797,0.22103441,0.00866884,0.08439933,0.19544488,0.04846025,0.05026859,0.02002501,0.09620494,0.03385399,0.13280925,0.32395416,0.03070835,0.02537912,0.06084238,0.01644046,0.02494776,0.01180099,0.02170806,0.11472615,0.01564243,0.19004989,0.18352988,0.05368695,0.03354386,0.01634992,0.03159312,0.04619418,0.18399215,0.11113095,0.01827375,0.03675651,0.03655948,0.02358163,0.01664962
13,0.04280630,0.27061987,0.08586596,0.06646660,0.15023236,0.10108050,0.04711212,0.04529062,0.05575985,0.12674388,0.20612510,0.10371882,0.02330197,1.00000000,0.08205871,0.02526421,0.03996627,0.02127875,0.04816898,0.03586511,0.04787921,0.13457298,0.01734578,0.10439596,0.10678580,0.08844274,0.04875900,0.11980166,0.03084881,0.02253962,0.12706360,0.08843512,0.10392674,0.21704739,0.14824849,0.05464216,0.10883579,0.06748171,0.02679666,0.01957618,0.10291825,0.07673801,0.02582590,0.10200863,0.02104198,0.22485283,0.03553917,0.01992176,0.02340414,0.01880579,0.13539861,0.09607166,0.02241274,0.02618308,0.09629929,0.03897432,0.03446832,0.03380871,0.03887077,0.05941162,0.14301267,0.15006313,0.13865003,0.08864622,0.01975033,0.15326065,0.06792907,0.09036393,0.13912942,0.11370946,0.02179709,0.05615670,0.07232574,0.11227501,0.02286240,0.02152241,0.03150637,0.09606571,0.01942590,0.10035208,0.02966353,0.06423751,0.05445540,0.02720134,0.03603724,0.08391652,0.04250476,0.06784528,0.09571117,0.09416221,0.01592076,0.16789822,0.04939757,0.03400982,0.11659469,0.07791291,0.03644125,0.03793342,0.04603126,0.12010892,0.21299332,0.07308553,0.10895859,0.06118967,0.10963607,0.08429885,0.08053659,0.01758169,0.03559917,0.12353823,0.02847865,0.15837972,0.02622181,0.07156813,0.05287713,0.06156314,0.07746004,0.03345710,0.02276525,0.04009125,0.20449430,0.07153537,0.04174685,0.11840694,0.10841131,0.08360817,0.04712170,0.05433933
14,0.03346946,0.14573044,0.05793017,0.20315096,0.11716628,0.09984039,0.20392689,0.22084361,0.05608398,0.03892619,0.31723464,0.11731000,0.07459131,0.08205871,1.00000000,0.14139727,0.10779983,0.12543491,0.06808655,0.10664111,0.02967197,0.04866843,0.12114190,0.07369423,0.13389131,0.12818772,0.10976567,0.08580165,0.29483408,0.37028590,0.02377135,0.03455149,0.15096897,0.07087792,0.04028563,0.09630277,0.07046247,0.02373725,0.02795237,0.03144919,0.15123782,0.11405034,0.15726632,0.07508948,0.08902235,0.10556101,0.03171923,0.11692040,0.07133251,0.01647963,0.13873520,0.09912066,0.02949395,0.07351877,0.06614895,0.13659039,0.08843434,0.07279458,0.03723313,0.05688217,0.03632801,0.04373397,0.03783982,0.01753836,0.03081037,0.08401118,0.02937254,0.25601310,0.02547950,0.07408193,0.02285693,0.06144537,0.02503182,0.10293975,0.17539650,0.02239999,0.05938707,0.06476759,0.04098424,0.08019862,0.16094416,0.05948522,0.14830470,0.28568149,0.32425880,0.32110214,0.07961924,0.07063363,0.16360065,0.13812289,0.14781258,0.08616094,0.13874051,0.02167440,0.12006399,0.03288339,0.02585841,0.10769143,0.04079038,0.23871997,0.06392587,0.11485650,0.04476638,0.17826004,0.03742798,0.26583064,0.07801835,0.11933453,0.04166073,0.03497169,0.09919406,0.21781582,0.09342308,0.07849886,0.16112635,0.08716641,0.04243581,0.05174232,0.04468805,0.05795848,0.05527829,0.23956248,0.10637757,0.09015271,0.16704486,0.10698643,0.11390352,0.04478917
15,0.20867722,0.01557836,0.19060299,0.25060242,0.11154506,0.26235911,0.02717781,0.12761003,0.35388067,0.17179090,0.13818727,0.07413800,0.09643640,0.02526421,0.14139727,1.00000000,0.08030916,0.03465986,0.50220907,0.05098594,0.02201952,0.07816543,0.05929452,0.18416137,0.26375335,0.02894688,0.23006323,0.15905769,0.05946446,0.25600722,0.03718123,0.04749054,0.14575692,0.13789693,0.05328534,0.01800873,0.14973709,0.04671928,0.02660392,0.04933333,0.27998680,0.31647682,0.39399701,0.14394979,0.21881367,0.10112181,0.15072045,0.23405567,0.11912201,0.05446409,0.02826352,0.16325888,0.02270443,0.15351108,0.08050654,0.29915398,0.10651083,0.01797582,0.05570086,0.16494609,0.23355541,0.23521861,0.12991115,0.08995853,0.07289933,0.11619116,0.13410805,0.27183807,0.10292557,0.04419235,0.13591149,0.17273942,0.23636389,0.03211392,0.03588564,0.05604365,0.13481358,0.07987099,0.08391690,0.15359962,0.10818492,0.10143335,0.06617375,0.26099381,0.33247435,0.25966999,0.18805481,0.14406168,0.02450404,0.04120682,0.01915445,0.02656657,0.03317926,0.14355239,0.12378936,0.03604237,0.05694836,0.10856572,0.20452671,0.11247583,0.05960160,0.11906058,0.06218199,0.14266238,0.03721493,0.30502751,0.17505258,0.06530794,0.05935834,0.30234092,0.09520839,0.13765500,0.18576583,0.12740579,0.14133331,0.07573783,0.08792666,0.04117636,0.03664286,0.25708121,0.08709978,0.47742355,0.18420735,0.02775492,0.13406414,0.02667444,0.05169907,0.15608160
16,0.15298951,0.12282851,0.03948147,0.02259042,0.10710897,0.10639623,0.02891304,0.03170768,0.03489605,0.03129215,0.16580778,0.03601680,0.06513705,0.03996627,0.10779983,0.08030916,1.00000000,0.22447832,0.13164988,0.03282938,0.04292671,0.06436774,0.05712992,0.05976336,0.04575240,0.04149854,0.08851014,0.15265627,0.03155910,0.08613528,0.03781170,0.03708619,0.08636668,0.03550872,0.02759990,0.04762036,0.05025576,0.02575756,0.07616235,0.02319541,0.04102217,0.09419314,0.12821628,0.05670466,0.06797285,0.02862886,0.02915793,0.17306527,0.05882772,0.19355041,0.07716450,0.19546098,0.02209055,0.03475672,0.05217739,0.10606189,0.02418930,0.03245906,0.01713945,0.05862101,0.07553843,0.05747942,0.03919987,0.01920575,0.05264829,0.05598714,0.01590653,0.07984777,0.01630913,0.11450650,0.11188877,0.04804734,0.02813409,0.05802803,0.03541059,0.16928913,0.01391614,0.11691006,0.06900601,0.02113410,0.02343436,0.02969510,0.02379406,0.04445764,0.07967380,0.25421587,0.02146590,0.04571221,0.09221029,0.02049032,0.02612201,0.01642053,0.05776140,0.09770182,0.04272287,0.02568473,0.03661992,0.04135261,0.07957289,0.02275237,0.03254613,0.06251504,0.02453268,0.04117725,0.03765815,0.02959554,0.10213907,0.10358149,0.08250116,0.06480040,0.04918893,0.02862003,0.06059279,0.09858869,0.03502758,0.08736867,0.07359114,0.02667058,0.12894136,0.10240659,0.01753439,0.05518155,0.10041268,0.08418980,0.01936287,0.02037966,0.22977884,0.05403128
17,0.11359856,0.02225392,0.02611724,0.02487914,0.06515075,0.04718089,0.04164006,0.09944664,0.01914927,0.04478668,0.02422526,0.01892355,0.06270785,0.02127875,0.12543491,0.03465986,0.22447832,1.00000000,0.10647781,0.06638625,0.01851101,0.12161713,0.05295497,0.04152072,0.11847906,0.07879029,0.03425122,0.03265266,0.11853474,0.08587264,0.02737531,0.02104319,0.12460162,0.11791058,0.06253325,0.01607924,0.05856402,0.07590885,0.18094121,0.04017605,0.05677521,0.03274347,0.08504748,0.03190792,0.10054569,0.10782614,0.08759779,0.17046826,0.03215004,0.04483483,0.01677083,0.01732267,0.02273534,0.07814465,0.06887175,0.10519283,0.03045206,0.07170871,0.02456694,0.11569770,0.06058149,0.01916710,0.01149829,0.11336733,0.01813200,0.11425819,0.03154938,0.04423401,0.02205182,0.02801199,0.04145836,0.02208592,0.01719243,0.08844458,0.02373290,0.09874909,0.03906484,0.03301918,0.07586771,0.03239682,0.04795775,0.05369678,0.02630629,0.03284699,0.05135363,0.06423484,0.03057216,0.03123927,0.01337224,0.15555908,0.02058586,0.05536048,0.03531417,0.27894711,0.05033350,0.04137077,0.02529514,0.03507422,0.09346415,0.08698201,0.20578414,0.02044733,0.05268445,0.27152449,0.10129970,0.05825537,0.14148104,0.10636242,0.11455743,0.04369915,0.04502257,0.07482980,0.09900686,0.06548525,0.06271402,0.05931943,0.02889847,0.02515127,0.02986039,0.03661775,0.05092730,0.07618707,0.06219425,0.02371810,0.02805506,0.07958004,0.03874750,0.02739358
18,0.21951170,0.05599412,0.28101379,0.28002143,0.11621746,0.24615595,0.12019625,0.13049698,0.27505887,0.07654408,0.27773026,0.03419428,0.14984423,0.04816898,0.06808655,0.50220907,0.13164988,0.10647781,1.00000000,0.10771906,0.04259257,0.15393522,0.14423189,0.20523462,0.24199910,0.02980557,0.22020680,0.14748988,0.19460306,0.17530473,0.04624768,0.13518256,0.05964341,0.20372030,0.14251611,0.08647854,0.14744020,0.04771420,0.07597980,0.05105274,0.25626212,0.42164513,0.31542090,0.27371404,0.08521682,0.11198069,0.23971517,0.14728534,0.19265714,0.13085410,0.11631867,0.23111917,0.06113029,0.21259728,0.04793450,0.30812699,0.18853870,0.11256473,0.05914714,0.23374401,0.27062237,0.13860348,0.16274223,0.16872166,0.04988360,0.13027456,0.03589812,0.21577394,0.16040190,0.02234896,0.15002659,0.15517756,0.19660079,0.06689754,0.03786793,0.03247059,0.19644296,0.04866866,0.16453972,0.22717533,0.09188792,0.12907930,0.13751221,0.23980279,0.19875655,0.28408843,0.06237559,0.11440749,0.04651767,0.07013392,0.02382458,0.02681615,0.05803222,0.21934943,0.06295334,0.05078907,0.07921824,0.17531250,0.17769805,0.16181961,0.07759126,0.27338308,0.13027546,0.05118602,0.10710539,0.24779245,0.13215664,0.04722792,0.05531462,0.30532211,0.12349835,0.11509988,0.31447935,0.20930278,0.20220014,0.11850599,0.18449846,0.02917950,0.05233894,0.19842115,0.05394058,0.50940120,0.21286654,0.03069794,0.19404685,0.07791600,0.08310071,0.20686866
19,0.03110445,0.09002072,0.07282072,0.09123574,0.06793121,0.12469813,0.03576314,0.06004943,0.09375088,0.02933142,0.05718166,0.08663367,0.06383412,0.03586511,0.10664111,0.05098594,0.03282938,0.06638625,0.10771906,1.00000000,0.02322322,0.03321350,0.14069070,0.14564134,0.04434377,0.12788779,0.04080705,0.09686013,0.04202587,0.03913388,0.07952858,0.06548411,0.07309778,0.06213016,0.07946070,0.09644924,0.06194933,0.14711329,0.03232092,0.03353063,0.07766422,0.04557049,0.11359332,0.09566052,0.07328644,0.05029476,0.04142629,0.08595301,0.04577651,0.03968046,0.04841951,0.18307480,0.17308307,0.02572465,0.05658126,0.06744700,0.04059738,0.04286089,0.09254362,0.10853302,0.07072553,0.08820310,0.08899865,0.01987920,0.06872192,0.04786050,0.16100302,0.04148820,0.09486680,0.09051813,0.05205767,0.19894269,0.02784691,0.02576780,0.06550391,0.07454485,0.11127540,0.05454811,0.11260450,0.02085252,0.12198181,0.03144047,0.03058016,0.03533171,0.05955184,0.06701215,0.09107745,0.02945847,0.15038472,0.08315232,0.11713713,0.14679943,0.23206764,0.08456277,0.10993333,0.05697767,0.26804000,0.13264942,0.08808896,0.05073627,0.04025856,0.08210197,0.06795111,0.03114440,0.03550830,0.08584346,0.08048514,0.02405045,0.03782253,0.04658052,0.03999753,0.09082727,0.08628072,0.04418684,0.08859953,0.05210910,0.08385015,0.01035181,0.16448978,0.03523070,0.04575161,0.11320575,0.11553970,0.07678753,0.07793550,0.09206930,0.02766519,0.02350777
20,0.04959583,0.07669978,0.01139162,0.10391006,0.07373919,0.01814131,0.01207384,0.01363786,0.01672522,0.01328617,0.04597768,0.07222396,0.02255108,0.04787921,0.02967197,0.02201952,0.04292671,0.01851101,0.04259257,0.02322322,1.00000000,0.01895634,0.07738198,0.01068633,0.07525542,0.01863057,0.06547447,0.02405981,0.04544131,0.03413241,0.01505048,0.01241414,0.08814870,0.02586552,0.05049004,0.06582569,0.02065199,0.05955318,0.07029787,0.02394064,0.03255738,0.02421234,0.01955606,0.22523020,0.03743884,0.05070688,0.02111104,0.03673959,0.00932010,0.03581917,0.07551262,0.01220438,0.01282804,0.04085497,0.00984964,0.02015847,0.02969497,0.14264873,0.01456726,0.02730492,0.02764239,0.01227748,0.00923892,0.02154217,0.01538604,0.10616679,0.02583827,0.02050401,0.01742350,0.01653650,0.03238084,0.01556949,0.01717033,0.06278841,0.02637167,0.00906665,0.01475440,0.04379351,0.34264958,0.01374988,0.02404157,0.01018544,0.01494049,0.03387577,0.06701487,0.12733066,0.04428827,0.01475302,0.01879665,0.01868666,0.03321070,0.03592489,0.01417878,0.00991991,0.10962721,0.02566756,0.05031833,0.13524270,0.01096663,0.01422915,0.08554059,0.04846527,0.03127987,0.05453023,0.03451307,0.03555773,0.01430503,0.01528057,0.02870740,0.04113722,0.02784440,0.03186986,0.03955547,0.01724867,0.33427525,0.08738075,0.01911736,0.01275183,0.02339158,0.11755508,0.05147769,0.01789750,0.03712178,0.05786105,0.02565348,0.01360819,0.08718555,0.02753269
21,0.02768379,0.14828888,0.03866582,0.14987895,0.02190875,0.02034811,0.04461981,0.05001215,0.05831755,0.04278268,0.09113234,0.06483335,0.03057002,0.13457298,0.04866843,0.07816543,0.06436774,0.12161713,0.15393522,0.03321350,0.01895634,1.00000000,0.04951443,0.19406655,0.07850812,0.12358338,0.01868078,0.09481320,0.01966561,0.02685863,0.02326662,0.13431039,0.03995030,0.10738783,0.10197543,0.03238487,0.25874865,0.03421064,0.01133926,0.01474704,0.04733153,0.06283511,0.11379080,0.06031719,0.03454506,0.01513968,0.04602160,0.05582896,0.10248966,0.12495010,0.08887903,0.08529482,0.08502587,0.01696542,0.02170756,0.02492701,0.05171771,0.05279866,0.01845470,0.19590767,0.07768559,0.09766062,0.09204200,0.02397821,0.01498734,0.01867293,0.13567755,0.09057505,0.07328904,0.03129335,0.03020926,0.08308196,0.08679464,0.01722369,0.10991162,0.26282859,0.17269546,0.04613064,0.10726974,0.09132667,0.06046176,0.05045089,0.06053320,0.14544198,0.03700068,0.05717886,0.04757180,0.05700401,0.02117067,0.02063067,0.02884435,0.10462053,0.14504671,0.20482494,0.05815729,0.06828864,0.03804380,0.04713586,0.13142058,0.04035889,0.09012133,0.01824226,0.02588503,0.07120281,0.06016526,0.07393923,0.18179974,0.03827336,0.15204012,0.04523722,0.02540534,0.07061192,0.02894281,0.11764426,0.02995344,0.02179151,0.04897412,0.02986766,0.02527095,0.01508482,0.05319612,0.17420220,0.15017386,0.03026976,0.08263796,0.06723287,0.05115698,0.20959213
22,0.16849890,0.14086400,0.13633336,0.07350767,0.02299293,0.10021771,0.04950650,0.05683232,0.11355421,0.07087977,0.18651246,0.06718484,0.20768940,0.01734578,0.12114190,0.05929452,0.05712992,0.05295497,0.14423189,0.14069070,0.07738198,0.04951443,1.00000000,0.08347075,0.27602831,0.02072176,0.12272908,0.12722868,0.06471534,0.13374951,0.02154620,0.09393927,0.21318793,0.18890077,0.29729858,0.19127148,0.03441067,0.21483631,0.16655478,0.06532238,0.03532600,0.02779039,0.16673815,0.23531264,0.30981624,0.04134638,0.13515645,0.06068149,0.09569688,0.08274737,0.10753873,0.09483614,0.03579588,0.14879265,0.08196299,0.26688713,0.13125938,0.09575990,0.07828213,0.17030129,0.06407920,0.07619730,0.01361893,0.10504177,0.02805998,0.02518284,0.11396220,0.02014248,0.15623733,0.02451191,0.06987611,0.19238934,0.05133864,0.16398025,0.16393481,0.02618418,0.05697565,0.15205407,0.31751668,0.09289584,0.34243739,0.03526275,0.17074123,0.28423813,0.01878222,0.11714532,0.12250851,0.02089734,0.05180769,0.07801141,0.31093907,0.30069268,0.15582599,0.10681367,0.16432802,0.09834070,0.20454925,0.31999993,0.07040156,0.12034933,0.11727459,0.33111304,0.08355036,0.14035560,0.17798677,0.02137483,0.05015003,0.01518888,0.06870536,0.03844962,0.04023993,0.08949107,0.26057780,0.07055771,0.14405039,0.06016524,0.03606591,0.11442094,0.03660819,0.02956705,0.02528616,0.32044873,0.15717566,0.11857148,0.06459090,0.17667989,0.03128794,0.09568428
23,0.06289234,0.03055178,0.05888493,0.07853977,0.01466944,0.07686715,0.14114231,0.03101803,0.17540002,0.05639530,0.07347034,0.01975237,0.12334541,0.10439596,0.07369423,0.18416137,0.05976336,0.04152072,0.20523462,0.14564134,0.01068633,0.19406655,0.08347075,1.00000000,0.06686115,0.04647712,0.04809795,0.06749119,0.03938801,0.03529238,0.08999131,0.09034832,0.03422596,0.22844176,0.07645358,0.02751640,0.04571121,0.04800543,0.05800801,0.18234742,0.16441600,0.13809592,0.09522539,0.10858504,0.03938852,0.03160786,0.06374358,0.03159542,0.02799891,0.04899821,0.06092515,0.09203231,0.02912094,0.06919695,0.07374926,0.09814093,0.03408738,0.06109594,0.21696901,0.03327271,0.15276691,0.20954387,0.02355745,0.02763235,0.16023067,0.02168729,0.07661660,0.12639758,0.02022892,0.01544166,0.01411337,0.06105555,0.09892896,0.03105943,0.10288757,0.07065578,0.02203637,0.02627506,0.07420041,0.09016192,0.05801683,0.16395253,0.02648591,0.06557287,0.07591876,0.09313250,0.01359971,0.40598100,0.02465405,0.04631184,0.06532717,0.09501696,0.17981894,0.13793263,0.05685039,0.06870939,0.07927432,0.06688881,0.10426636,0.14470330,0.05289202,0.06731628,0.02821216,0.01699199,0.08686282,0.08455741,0.02136396,0.07948810,0.11665359,0.12772565,0.03707770,0.12003078,0.27195010,0.02019890,0.03552603,0.01999239,0.02056135,0.03134693,0.02352806,0.05683210,0.04500585,0.16053966,0.04420468,0.02376313,0.13449487,0.03752104,0.03884348,0.09710638
24,0.13585499,0.03691310,0.09461807,0.02833965,0.10523105,0.10695792,0.15797862,0.07999658,0.17053828,0.37410319,0.03710283,0.18980038,0.21451280,0.10678580,0.13389131,0.26375335,0.04575240,0.11847906,0.24199910,0.04434377,0.07525542,0.07850812,0.27602831,0.06686115,1.00000000,0.05599837,0.30433795,0.14831701,0.27200168,0.13278055,0.05033015,0.05581321,0.23732184,0.10198343,0.13135222,0.02619423,0.04860888,0.21593204,0.17323409,0.03427771,0.06598344,0.08294155,0.12926613,0.27974063,0.16734955,0.03679887,0.13637704,0.09161724,0.13169730,0.05650947,0.11747028,0.08982460,0.02960872,0.30111238,0.11825982,0.29998416,0.11948457,0.02603193,0.03530114,0.18283112,0.14615010,0.13681190,0.05496656,0.11390954,0.05738496,0.03379793,0.06275450,0.03259260,0.22401413,0.03241399,0.11958464,0.12056702,0.07523343,0.21765372,0.05835306,0.03916123,0.06795853,0.11417621,0.19716999,0.07426345,0.03001774,0.04064090,0.11878338,0.11973111,0.04041759,0.02638525,0.16647072,0.04740306,0.08483993,0.15225109,0.05648496,0.08384766,0.03147879,0.19042453,0.04593366,0.04827470,0.16373041,0.33165359,0.13921830,0.03779966,0.19099954,0.15307948,0.07601449,0.18123546,0.14303979,0.03800698,0.03022537,0.02666685,0.06624219,0.04740748,0.07045700,0.05522800,0.17153259,0.03205328,0.10002605,0.13933709,0.05290281,0.11202336,0.02187247,0.05012986,0.05453368,0.12408347,0.15103236,0.07949533,0.04958390,0.10016738,0.03335471,0.05696345
25,0.01677034,0.22818077,0.15303028,0.02431469,0.03579292,0.04497135,0.03191784,0.08017679,0.14412645,0.06504925,0.03514335,0.02143124,0.02721675,0.08844274,0.12818772,0.02894688,0.04149854,0.07879029,0.02980557,0.12788779,0.01863057,0.12358338,0.02072176,0.04647712,0.05599837,1.00000000,0.10631315,0.06626978,0.02400193,0.03962211,0.02780774,0.02155058,0.04072690,0.03439019,0.01647153,0.05830546,0.01998767,0.07882610,0.02193495,0.01696970,0.02762827,0.09846298,0.05332997,0.02581727,0.05295844,0.05409582,0.02276935,0.02554801,0.02567899,0.13555630,0.07168774,0.10528996,0.03919984,0.02711827,0.15276076,0.01862525,0.03030474,0.02101503,0.08646272,0.02917660,0.05776100,0.01712903,0.12231858,0.25379235,0.02810452,0.04630828,0.01992290,0.03233355,0.08920420,0.04899421,0.04222609,0.02353444,0.14872169,0.18306217,0.02202920,0.03816038,0.10255164,0.15432999,0.04134594,0.09865309,0.03185182,0.02118865,0.12811598,0.08471636,0.10232526,0.06445181,0.04505850,0.02132821,0.02353229,0.02913186,0.06552801,0.10813652,0.05488361,0.04489296,0.03742516,0.08435665,0.02655784,0.03171787,0.03005807,0.07575041,0.02256620,0.04689385,0.10700847,0.07475716,0.02958285,0.02056943,0.06130002,0.08839357,0.08793139,0.02047346,0.24732545,0.10997038,0.03041539,0.07698753,0.04533704,0.05198037,0.16267449,0.02136612,0.09096731,0.09415417,0.05389595,0.02873369,0.11092191,0.04081983,0.02590063,0.05342025,0.02636196,0.06848355
26,0.14200482,0.10117697,0.15918915,0.03801931,0.04354614,0.06387598,0.02948865,0.23217237,0.30529362,0.16130167,0.03316268,0.05189352,0.24611628,0.04875900,0.10976567,0.23006323,0.08851014,0.03425122,0.22020680,0.04080705,0.06547447,0.01868078,0.12272908,0.04809795,0.30433795,0.10631315,1.00000000,0.16705221,0.12772232,0.03823276,0.04941465,0.04789963,0.07213974,0.14327595,0.09471867,0.01183342,0.01748291,0.03345405,0.10387982,0.02269343,0.19950397,0.11622366,0.16147658,0.14010829,0.09085965,0.07424988,0.06346788,0.03001309,0.06218938,0.07420840,0.01665750,0.02094744,0.05383956,0.03009764,0.08074657,0.28296465,0.09976201,0.02387676,0.02925842,0.05993900,0.15561754,0.18868637,0.15518869,0.02586026,0.03520006,0.04728153,0.02629500,0.03342257,0.02497171,0.03946730,0.01989741,0.02866287,0.10511154,0.07455416,0.02273789,0.02521622,0.05309607,0.03791691,0.12801972,0.02555335,0.02747104,0.10182478,0.30149293,0.02796657,0.03151270,0.17184807,0.01589702,0.09654416,0.10889377,0.04582788,0.05483137,0.01933512,0.04161172,0.02703991,0.08296108,0.08098304,0.04393160,0.25817090,0.09046611,0.05308899,0.07558594,0.04718954,0.07548189,0.15492612,0.06123384,0.11469641,0.01250010,0.02110372,0.15236181,0.05323501,0.11515042,0.04766389,0.06021044,0.06206062,0.19424853,0.08640906,0.22712649,0.02155953,0.05978942,0.02868820,0.03717269,0.19062521,0.06779988,0.02567705,0.07843968,0.02534471,0.10916539,0.05450852
27,0.20563741,0.14725056,0.07898746,0.16076232,0.15452567,0.02323326,0.05405295,0.06026558,0.09601563,0.05320897,0.24575317,0.02462180,0.02097099,0.11980166,0.08580165,0.15905769,0.15265627,0.03265266,0.14748988,0.09686013,0.02405981,0.09481320,0.12722868,0.06749119,0.14831701,0.06626978,0.16705221,1.00000000,0.02948541,0.08815397,0.11600192,0.06263621,0.11770150,0.08772507,0.10245383,0.03337404,0.02101701,0.05972989,0.07321776,0.07877032,0.09965359,0.09664229,0.21333371,0.09481896,0.07429223,0.04592813,0.19354588,0.07463540,0.08279447,0.01475173,0.17556468,0.10497662,0.03903817,0.02744024,0.04720000,0.04189614,0.06971908,0.10916933,0.07868803,0.15455511,0.13810909,0.07151368,0.05514932,0.08321886,0.09243611,0.06454453,0.02740130,0.09018956,0.01364612,0.04100404,0.02475682,0.09565647,0.10600147,0.04735973,0.02862714,0.02602153,0.07476962,0.02482881,0.14339119,0.09896112,0.08641034,0.03162806,0.05373730,0.09206158,0.02941883,0.22949564,0.06808841,0.02944128,0.02707361,0.03038594,0.10376736,0.06287135,0.08387662,0.02892239,0.26318312,0.04686715,0.10596000,0.24110165,0.12237678,0.03707532,0.11242504,0.10197280,0.11210409,0.01582738,0.12398298,0.10457295,0.01695179,0.03162032,0.04759963,0.05827922,0.03200089,0.02099462,0.05915345,0.01524008,0.05811540,0.08016168,0.03755063,0.02905247,0.02316474,0.06060945,0.03224779,0.18168372,0.11563120,0.10068169,0.09770606,0.05843174,0.09512619,0.06745336
28,0.12525845,0.09326842,0.07703707,0.03555703,0.03657119,0.04470448,0.16820794,0.02697398,0.02046515,0.04887961,0.03174010,0.20695527,0.06145505,0.03084881,0.29483408,0.05946446,0.03155910,0.11853474,0.19460306,0.04202587,0.04544131,0.01966561,0.06471534,0.03938801,0.27200168,0.02400193,0.12772232,0.02948541,1.00000000,0.26030362,0.05180264,0.05390206,0.27239901,0.09141589,0.05949040,0.01540584,0.04198538,0.05320326,0.09838580,0.04256380,0.06367404,0.15668666,0.05141370,0.20713481,0.04903933,0.08745871,0.13244289,0.06836428,0.02992619,0.09883691,0.23059294,0.03236087,0.03352756,0.19899057,0.14244163,0.08733255,0.07861976,0.05508567,0.03852146,0.09736305,0.11204476,0.03055039,0.03376387,0.18134737,0.06300928,0.02111149,0.05837318,0.09720130,0.11620852,0.02679681,0.09467594,0.04442368,0.05456159,0.16205354,0.11741112,0.05954684,0.01874702,0.04317310,0.15997374,0.07154635,0.04441300,0.07246185,0.05039348,0.09959614,0.20270452,0.20933616,0.08734804,0.06192613,0.10002772,0.10151639,0.03568794,0.05080575,0.04536150,0.05889907,0.02218064,0.06103288,0.05224613,0.23362693,0.07093236,0.09239697,0.20505624,0.10450767,0.05486146,0.10631178,0.14814720,0.06440514,0.01671147,0.14786048,0.04625415,0.05074573,0.12226729,0.16312906,0.12003103,0.01088176,0.02696692,0.15229183,0.06716004,0.05738610,0.11350504,0.04173138,0.06180611,0.04309872,0.04361071,0.08007480,0.05007934,0.03464903,0.03814402,0.11019281
29,0.05789474,0.02633716,0.08101134,0.10140549,0.13055813,0.12601736,0.19239032,0.11934800,0.11957337,0.06456048,0.18752842,0.14586726,0.02253272,0.02253962,0.37028590,0.25600722,0.08613528,0.08587264,0.17530473,0.03913388,0.03413241,0.02685863,0.13374951,0.03529238,0.13278055,0.03962211,0.03823276,0.08815397,0.26030362,1.00000000,0.07541947,0.03071996,0.16986075,0.11202022,0.13064283,0.04569766,0.15520763,0.06014422,0.05003658,0.05909711,0.10598426,0.29444930,0.08926524,0.04611138,0.08271979,0.06872161,0.04069446,0.08867137,0.07690419,0.02102693,0.05229884,0.03581690,0.04680867,0.19539627,0.03145690,0.04690501,0.03288587,0.03178360,0.03001836,0.11209628,0.07631864,0.04021398,0.03733804,0.04690567,0.07667561,0.04014690,0.05668798,0.15455303,0.01490927,0.11680204,0.03548411,0.03697167,0.06707942,0.15724419,0.05623034,0.09007040,0.07983154,0.17145264,0.04629368,0.06299105,0.04288942,0.10625703,0.05444350,0.03840834,0.31375268,0.41400173,0.31969225,0.04901498,0.03351718,0.16744304,0.14232358,0.14862555,0.06023289,0.07034668,0.08827063,0.07644951,0.02096206,0.02948206,0.06557712,0.22392438,0.11023597,0.02979557,0.06970292,0.16633666,0.15132204,0.40857333,0.13129385,0.14396334,0.12741646,0.21076223,0.02012809,0.19128120,0.04338973,0.04827413,0.08398774,0.06470942,0.03513268,0.14871210,0.03996272,0.11041723,0.05994779,0.10201449,0.07587875,0.04437935,0.06547718,0.08045423,0.08404889,0.06773421
30,0.04612197,0.02520834,0.07641444,0.02525406,0.02382126,0.11186392,0.04896961,0.07233508,0.04055724,0.06585126,0.03451586,0.03410783,0.05460593,0.12706360,0.02377135,0.03718123,0.03781170,0.02737531,0.04624768,0.07952858,0.01505048,0.02326662,0.02154620,0.08999131,0.05033015,0.02780774,0.04941465,0.11600192,0.05180264,0.07541947,1.00000000,0.12953687,0.06075571,0.10961673,0.05634844,0.02366074,0.15302196,0.04056429,0.03670725,0.26378572,0.21988416,0.03066977,0.06426717,0.03903485,0.02415035,0.04446348,0.03058356,0.03527339,0.17267329,0.07202756,0.02831316,0.10976289,0.04076685,0.02822344,0.04921199,0.04701841,0.05083422,0.04109629,0.12253481,0.30726683,0.09053972,0.14064118,0.07088829,0.03538493,0.27112496,0.01675347,0.05154600,0.08622209,0.09250487,0.06209864,0.02970429,0.01560726,0.12156135,0.01959185,0.09351910,0.01829017,0.06649294,0.11990283,0.02763942,0.08371221,0.05999848,0.08469556,0.02132350,0.03232982,0.03323968,0.05108123,0.01545326,0.15672848,0.04900415,0.03297964,0.05146606,0.02532775,0.02555656,0.09169945,0.06127907,0.05215268,0.05366110,0.08783308,0.04125914,0.22530589,0.05042334,0.08899860,0.06909697,0.03183416,0.07398584,0.02595107,0.07722943,0.03765754,0.01852966,0.05073588,0.09974150,0.14695507,0.08393519,0.08557267,0.02459331,0.07632560,0.03857159,0.03229376,0.06209190,0.03372271,0.04240860,0.08913329,0.03438481,0.04922630,0.03548241,0.02266916,0.02388266,0.08584523
31,0.08905569,0.02438968,0.23181763,0.02702040,0.04546801,0.21868543,0.06044522,0.02138723,0.03110692,0.07587737,0.04938019,0.01858091,0.02267710,0.08843512,0.03455149,0.04749054,0.03708619,0.02104319,0.13518256,0.06548411,0.01241414,0.13431039,0.09393927,0.09034832,0.05581321,0.02155058,0.04789963,0.06263621,0.05390206,0.03071996,0.12953687,1.00000000,0.02218374,0.03112849,0.03870742,0.08730011,0.03835397,0.02844621,0.07441553,0.19990261,0.07060940,0.03196832,0.03391510,0.02304015,0.08537395,0.07411608,0.02430814,0.02372921,0.02973324,0.14792958,0.02283857,0.10063157,0.04462294,0.12293901,0.05376773,0.06645964,0.04205097,0.06572128,0.18249811,0.13991602,0.01866766,0.06381246,0.04674317,0.18022016,0.17929932,0.06697617,0.16469568,0.09762779,0.02998174,0.09567161,0.03621704,0.03426438,0.04508204,0.11119215,0.02361751,0.06512308,0.04433382,0.01658405,0.02102179,0.14001535,0.03066500,0.15184024,0.09610671,0.02027931,0.03617426,0.05655660,0.01451973,0.03578201,0.02807655,0.03245083,0.06030092,0.04149455,0.03693986,0.09239835,0.03372329,0.34498882,0.03755113,0.03683062,0.04467401,0.22107363,0.01869909,0.17275612,0.02550647,0.05261705,0.02126136,0.03781774,0.07239491,0.03990781,0.10919535,0.03666608,0.12247863,0.07171594,0.28028741,0.27110666,0.02225463,0.02848535,0.17337300,0.11546221,0.05175259,0.04726224,0.02295181,0.06291860,0.04657690,0.03863170,0.03254563,0.01802878,0.02808682,0.03656831
32,0.19955175,0.11145359,0.04269127,0.13968894,0.04027212,0.05337470,0.15250242,0.08878595,0.09252432,0.02936275,0.10455896,0.28115505,0.15985480,0.10392674,0.15096897,0.14575692,0.08636668,0.12460162,0.05964341,0.07309778,0.08814870,0.03995030,0.21318793,0.03422596,0.23732184,0.04072690,0.07213974,0.11770150,0.27239901,0.16986075,0.06075571,0.02218374,1.00000000,0.08755615,0.11205010,0.02940986,0.13013843,0.02170764,0.19627377,0.04065288,0.13692653,0.10860446,0.05623881,0.16316721,0.02036383,0.07392962,0.03468285,0.04898470,0.03020684,0.04489269,0.15056929,0.05039559,0.03417683,0.02582068,0.02683416,0.14086902,0.05952282,0.03487786,0.09713820,0.08425684,0.06357326,0.02296906,0.01455085,0.01782342,0.05056436,0.05153535,0.04385076,0.09671197,0.07765530,0.07317421,0.02754508,0.03925139,0.06577732,0.26855779,0.08943914,0.01057210,0.04038050,0.16310066,0.23635109,0.04881425,0.02976353,0.05807187,0.02610891,0.02618226,0.35853618,0.02454367,0.17052275,0.03563324,0.07986206,0.07035093,0.03296062,0.06007027,0.03588482,0.03562999,0.14153959,0.08291534,0.01166976,0.17659266,0.04172015,0.14242618,0.32290232,0.03834233,0.01778090,0.23182896,0.12331248,0.35565257,0.15859136,0.13105139,0.23867743,0.05953732,0.02101537,0.23211125,0.07248732,0.03399069,0.11164157,0.13123651,0.03230776,0.06818902,0.01955338,0.31229168,0.15214020,0.08557083,0.05700342,0.12358316,0.06495309,0.02078442,0.26110545,0.03217427
33,0.11645870,0.15478738,0.02623425,0.09919345,0.03422916,0.03148031,0.10605839,0.03435878,0.12807608,0.04012041,0.06105208,0.11617802,0.15703720,0.21704739,0.07087792,0.13789693,0.03550872,0.11791058,0.20372030,0.06213016,0.02586552,0.10738783,0.18890077,0.22844176,0.10198343,0.03439019,0.14327595,0.08772507,0.09141589,0.11202022,0.10961673,0.03112849,0.08755615,1.00000000,0.23709790,0.03948210,0.06476764,0.05560586,0.04648662,0.08248230,0.26063472,0.06308790,0.15642552,0.18596666,0.17373207,0.04728245,0.19618468,0.04073664,0.07344697,0.03166726,0.10491386,0.02312083,0.10856408,0.09747955,0.08148484,0.17206168,0.11509256,0.10487718,0.02307967,0.17164817,0.07364918,0.04473142,0.25536335,0.07196861,0.03113614,0.02918233,0.05233043,0.04343709,0.07437213,0.01976756,0.02911133,0.08569232,0.03360295,0.12479534,0.12395246,0.05550405,0.02030215,0.02867283,0.16603693,0.06866142,0.23800194,0.05359976,0.10291548,0.15560837,0.07301204,0.03283715,0.07909454,0.27139926,0.02531261,0.09206106,0.23676834,0.23925313,0.11609791,0.17813435,0.15197271,0.04681834,0.09436737,0.20477274,0.13055825,0.26589170,0.06775221,0.16544372,0.03306960,0.06371157,0.15946087,0.03398102,0.04888315,0.06682357,0.04452568,0.02872760,0.05371825,0.11768533,0.21066847,0.03822083,0.11463806,0.06410101,0.24286747,0.06414004,0.05662862,0.13686775,0.09894618,0.38643593,0.07956636,0.04008424,0.22471492,0.16819513,0.02247274,0.04992174
34,0.10567020,0.12157570,0.06300689,0.15533555,0.02178994,0.01190375,0.07844032,0.01761585,0.07941721,0.02993812,0.13688767,0.08397815,0.10649838,0.14824849,0.04028563,0.05328534,0.02759990,0.06253325,0.14251611,0.07946070,0.05049004,0.10197543,0.29729858,0.07645358,0.13135222,0.01647153,0.09471867,0.10245383,0.05949040,0.13064283,0.05634844,0.03870742,0.11205010,0.23709790,1.00000000,0.09953171,0.01295173,0.10321616,0.13546705,0.03093724,0.03167714,0.01837424,0.14432521,0.13241011,0.23911484,0.06583307,0.11957759,0.03779634,0.10254188,0.11868040,0.16382897,0.01540987,0.03394305,0.06744112,0.12324121,0.08127029,0.09831864,0.10854797,0.06131791,0.13994753,0.05812394,0.18444324,0.04801676,0.04957623,0.04063392,0.01510337,0.14191298,0.02334716,0.08212310,0.05850650,0.05970409,0.14737359,0.02438764,0.08126570,0.09356310,0.01653509,0.06143239,0.03148402,0.15222919,0.01673478,0.19102153,0.02944301,0.09559180,0.20548797,0.01848915,0.05965402,0.06704411,0.01783741,0.04908519,0.07224978,0.22638735,0.30689597,0.12140836,0.13111016,0.16614825,0.05311631,0.14537522,0.15441296,0.06906537,0.04172485,0.06832076,0.22149815,0.01891670,0.07852918,0.14668606,0.01961867,0.01935469,0.07468334,0.10133304,0.01311712,0.05543122,0.01539962,0.05878817,0.01652124,0.05931327,0.10425907,0.15154393,0.03198387,0.01591555,0.03725436,0.20044509,0.24576396,0.13191490,0.07839945,0.08137429,0.19100717,0.01930783,0.02227387
35,0.11276183,0.03200388,0.11407073,0.16719469,0.08227898,0.03157724,0.03218755,0.01465278,0.01580529,0.09158134,0.17235023,0.03620416,0.05670142,0.05464216,0.09630277,0.01800873,0.04762036,0.01607924,0.08647854,0.09644924,0.06582569,0.03238487,0.19127148,0.02751640,0.02619423,0.05830546,0.01183342,0.03337404,0.01540584,0.04569766,0.02366074,0.08730011,0.02940986,0.03948210,0.09953171,1.00000000,0.03468323,0.07802092,0.14353004,0.03734431,0.03471405,0.03127617,0.12480618,0.06238762,0.13962150,0.04230796,0.09214216,0.02323661,0.02916288,0.05794840,0.01708880,0.02555515,0.03016683,0.01689915,0.04866616,0.08098629,0.02970555,0.12987953,0.07231006,0.01210774,0.03751352,0.03637645,0.02846383,0.08926135,0.04106375,0.02964352,0.03454462,0.06506059,0.04195209,0.04494829,0.02259586,0.06467885,0.02191066,0.02188302,0.06037932,0.01711698,0.04481109,0.02305669,0.11138035,0.10214458,0.17965087,0.02902280,0.12251740,0.11745264,0.05928573,0.08882330,0.02955674,0.02061301,0.12179153,0.06168380,0.17420691,0.04891847,0.23137069,0.04080325,0.14726549,0.05355666,0.07449450,0.07399459,0.09301818,0.17991775,0.02781987,0.23252633,0.01495690,0.02510436,0.09620929,0.05065696,0.03594456,0.02172100,0.01915636,0.11882108,0.01375176,0.07713307,0.12129661,0.01804475,0.08464458,0.04607266,0.02289709,0.01744467,0.13733290,0.03654865,0.02427347,0.17072193,0.06255408,0.04551044,0.21973294,0.07232614,0.04077575,0.06756879
36,0.02356954,0.04556732,0.17167246,0.06982961,0.02681350,0.20838431,0.02212265,0.11410221,0.09162369,0.06108458,0.03039057,0.19892088,0.01537867,0.10883579,0.07046247,0.14973709,0.05025576,0.05856402,0.14744020,0.06194933,0.02065199,0.25874865,0.03441067,0.04571121,0.04860888,0.01998767,0.01748291,0.02101701,0.04198538,0.15520763,0.15302196,0.03835397,0.13013843,0.06476764,0.01295173,0.03468323,1.00000000,0.15333831,0.03928071,0.04715861,0.05258938,0.19653168,0.08764261,0.06826750,0.07301196,0.03988598,0.01970373,0.03557368,0.05357505,0.03454619,0.04756782,0.02916527,0.02257527,0.02978376,0.03018147,0.01676240,0.03382625,0.01388535,0.07016510,0.07365300,0.02409786,0.02724119,0.01998402,0.07097504,0.09255619,0.11859769,0.06407788,0.08364122,0.07146770,0.05982610,0.02015685,0.01201919,0.18696630,0.16847731,0.09893100,0.37048000,0.28097147,0.05833999,0.02640039,0.19738412,0.08930974,0.03625105,0.05425153,0.12257123,0.23412742,0.08973049,0.10292290,0.03062617,0.07841980,0.05083077,0.02651823,0.10022365,0.04586603,0.24594837,0.04408358,0.09595051,0.05394755,0.04664867,0.23386467,0.25509724,0.06302440,0.08751093,0.02824572,0.05170474,0.04334749,0.30097356,0.17201900,0.02492638,0.03726636,0.18661615,0.02537239,0.13692391,0.03493458,0.11183081,0.02902578,0.03686805,0.03991459,0.02498577,0.06601888,0.01946986,0.07814775,0.09624270,0.10493331,0.06726669,0.03203269,0.05193856,0.04281695,0.08393066
37,0.05956753,0.06464310,0.05582726,0.11178954,0.09015086,0.05472488,0.11021549,0.03044948,0.05368231,0.21080333,0.03616646,0.11534837,0.09516919,0.06748171,0.02373725,0.04671928,0.02575756,0.07590885,0.04771420,0.14711329,0.05955318,0.03421064,0.21483631,0.04800543,0.21593204,0.07882610,0.03345405,0.05972989,0.05320326,0.06014422,0.04056429,0.02844621,0.02170764,0.05560586,0.10321616,0.07802092,0.15333831,1.00000000,0.13649020,0.02978567,0.03360662,0.11440051,0.08330600,0.08020853,0.14306799,0.07309346,0.04445614,0.02721549,0.02005411,0.02833249,0.02813848,0.14790079,0.07551311,0.07753394,0.05218294,0.10263622,0.10513585,0.08222135,0.02636450,0.09716367,0.05167314,0.04212312,0.05324183,0.03284338,0.02511556,0.01895751,0.06826240,0.02253777,0.10282543,0.01877037,0.03352651,0.16413799,0.07733779,0.14010379,0.03877957,0.08274499,0.05326746,0.12016627,0.14899835,0.01989785,0.12030418,0.04443341,0.05871566,0.12166518,0.02241723,0.03166593,0.02373424,0.03440694,0.05426384,0.16488110,0.06052617,0.19340223,0.23785061,0.07181634,0.14981818,0.02754965,0.11520544,0.06537298,0.05806349,0.05188126,0.19782330,0.13814422,0.08455209,0.12119661,0.12362134,0.03380261,0.10237576,0.02858607,0.10944895,0.14739835,0.08732377,0.11676960,0.09800818,0.02089761,0.08786665,0.02277345,0.08554856,0.04030710,0.05088280,0.04447588,0.02122806,0.08496864,0.16877699,0.12088372,0.02776551,0.11551845,0.04246448,0.03329148
38,0.10655116,0.03987544,0.07062368,0.02244093,0.06212597,0.02421943,0.05893014,0.03061648,0.04174981,0.09956563,0.10096605,0.02762777,0.10058809,0.02679666,0.02795237,0.02660392,0.07616235,0.18094121,0.07597980,0.03232092,0.07029787,0.01133926,0.16655478,0.05800801,0.17323409,0.02193495,0.10387982,0.07321776,0.09838580,0.05003658,0.03670725,0.07441553,0.19627377,0.04648662,0.13546705,0.14353004,0.03928071,0.13649020,1.00000000,0.08205326,0.07805212,0.04393023,0.07703976,0.09467258,0.08375614,0.09304455,0.08318090,0.04176775,0.03669881,0.05779418,0.02283631,0.02158042,0.01460604,0.02890826,0.06500991,0.13276759,0.02357591,0.02114303,0.07273789,0.04193943,0.03383864,0.02637415,0.03441805,0.02586436,0.04032527,0.09966305,0.16907638,0.02387427,0.04891910,0.02351926,0.02839639,0.09550270,0.03187346,0.04186466,0.03422478,0.01529449,0.02870283,0.06886956,0.16488738,0.06250822,0.03045157,0.05022604,0.08384556,0.02864403,0.10670616,0.10639375,0.08893161,0.04406914,0.04729151,0.15850577,0.02708963,0.04365070,0.01556377,0.09687653,0.11603241,0.03736147,0.03744435,0.12315651,0.04759115,0.06949221,0.14564937,0.14286357,0.01814749,0.29110128,0.07109389,0.03355181,0.09057779,0.01952561,0.08857653,0.08104385,0.01937934,0.08183539,0.03452246,0.03322493,0.10992774,0.14302124,0.12772885,0.02101522,0.02167195,0.15352720,0.14944409,0.04683174,0.11628312,0.08081929,0.02986145,0.06068628,0.18049979,0.09736072
39,0.05602331,0.06378908,0.02699846,0.05116370,0.03061983,0.07420395,0.03774273,0.05318015,0.02775459,0.04798911,0.05266728,0.03583822,0.02095879,0.01957618,0.03144919,0.04933333,0.02319541,0.04017605,0.05105274,0.03353063,0.02394064,0.01474704,0.06532238,0.18234742,0.03427771,0.01696970,0.02269343,0.07877032,0.04256380,0.05909711,0.26378572,0.19990261,0.04065288,0.08248230,0.03093724,0.03734431,0.04715861,0.02978567,0.08205326,1.00000000,0.08605675,0.04660702,0.07759251,0.05198957,0.05846864,0.07285959,0.04200516,0.06195804,0.26950172,0.05435994,0.03363903,0.18977505,0.03772828,0.05061354,0.09155021,0.03336405,0.04124495,0.02178473,0.04525147,0.26167536,0.04928665,0.02773815,0.07181020,0.02474786,0.39345971,0.02882222,0.15755394,0.06293502,0.04187317,0.03092106,0.04704731,0.02473763,0.19528496,0.06117313,0.10727868,0.05741886,0.03418690,0.06703082,0.05221970,0.26431334,0.03839482,0.28003022,0.04217850,0.03291239,0.04273135,0.04295179,0.05063495,0.22979766,0.04341627,0.03890635,0.02619061,0.05161528,0.03328954,0.08448134,0.08818969,0.27271250,0.03047939,0.04230203,0.03072261,0.10751880,0.02176306,0.08372696,0.05718315,0.03634059,0.01212269,0.02845978,0.02972012,0.04779944,0.02970269,0.03049230,0.13945681,0.04263854,0.29409623,0.07654348,0.06236513,0.03150785,0.03009085,0.05990927,0.02198805,0.07029787,0.04104088,0.05776403,0.05493338,0.04431057,0.03890029,0.02597444,0.04288922,0.20062020
40,0.02542161,0.06219444,0.03204813,0.12144589,0.06799203,0.03787740,0.03029833,0.17343530,0.22533929,0.09554961,0.04122551,0.04855195,0.07158021,0.10291825,0.15123782,0.27998680,0.04102217,0.05677521,0.25626212,0.07766422,0.03255738,0.04733153,0.03532600,0.16441600,0.06598344,0.02762827,0.19950397,0.09965359,0.06367404,0.10598426,0.21988416,0.07060940,0.13692653,0.26063472,0.03167714,0.03471405,0.05258938,0.03360662,0.07805212,0.08605675,1.00000000,0.22429168,0.23697723,0.12985831,0.03980055,0.05007290,0.15571338,0.03483383,0.05010607,0.06777272,0.03225045,0.11221288,0.08106998,0.02836796,0.03926654,0.14362717,0.13247104,0.02899517,0.03606710,0.16398197,0.19793478,0.23701625,0.24360111,0.05400911,0.07308677,0.06999491,0.06275488,0.19004941,0.10097539,0.03496701,0.02608346,0.08841316,0.15471536,0.01766807,0.11231357,0.07183806,0.03012686,0.11237098,0.05977336,0.05636868,0.13184780,0.28160638,0.11729720,0.16504571,0.15697582,0.06304371,0.05071236,0.25045916,0.13963994,0.02160185,0.07759218,0.05035475,0.04521972,0.08595479,0.02211210,0.15889966,0.03650610,0.12166199,0.06558363,0.16429253,0.06521347,0.10932600,0.07626490,0.15682197,0.05843242,0.27125591,0.04099207,0.03232874,0.09387988,0.07532103,0.05775332,0.06720826,0.11675039,0.16761407,0.07254353,0.07603517,0.14383504,0.02776763,0.02445434,0.26983005,0.11580001,0.35890830,0.11540042,0.05717437,0.19075617,0.06594609,0.03849068,0.05870204
41,0.05454254,0.15126085,0.18221545,0.14867231,0.02829917,0.22335702,0.07024846,0.25877744,0.17067787,0.07985531,0.13917562,0.05240108,0.02908508,0.07673801,0.11405034,0.31647682,0.09419314,0.03274347,0.42164513,0.04557049,0.02421234,0.06283511,0.02779039,0.13809592,0.08294155,0.09846298,0.11622366,0.09664229,0.15668666,0.29444930,0.03066977,0.03196832,0.10860446,0.06308790,0.01837424,0.03127617,0.19653168,0.11440051,0.04393023,0.04660702,0.22429168,1.00000000,0.12900534,0.23461080,0.02585206,0.04826806,0.12673603,0.14814657,0.23738845,0.12877962,0.05933990,0.18142974,0.11237468,0.04171149,0.06212792,0.09288475,0.04455770,0.04028379,0.04460173,0.10931917,0.30774832,0.02909959,0.11208194,0.06042620,0.03751602,0.13885744,0.07839850,0.27895790,0.13529144,0.10913686,0.14702612,0.02226025,0.14492655,0.08215026,0.05815937,0.07873104,0.20308386,0.02620430,0.03806842,0.17651188,0.09440996,0.14099930,0.05144533,0.08597036,0.32479993,0.20618430,0.13650143,0.11001444,0.11062007,0.19390315,0.05447336,0.14519790,0.06027132,0.09804570,0.07363571,0.02738590,0.02349687,0.12324870,0.27934614,0.14268023,0.04407907,0.09177443,0.06272809,0.26336735,0.02801559,0.40041310,0.23981678,0.03408044,0.04889202,0.39646745,0.04198268,0.11962492,0.07752271,0.20171165,0.09889903,0.03888757,0.08370672,0.09253437,0.02807902,0.09962177,0.09243514,0.25927368,0.03662828,0.15237728,0.11561184,0.04155697,0.03012187,0.11353454
42,0.30436182,0.11090675,0.13198288,0.20959088,0.06704245,0.08642456,0.01254920,0.08409075,0.28626403,0.03981118,0.13132122,0.04626424,0.26336125,0.02582590,0.15726632,0.39399701,0.12821628,0.08504748,0.31542090,0.11359332,0.01955606,0.11379080,0.16673815,0.09522539,0.12926613,0.05332997,0.16147658,0.21333371,0.05141370,0.08926524,0.06426717,0.03391510,0.05623881,0.15642552,0.14432521,0.12480618,0.08764261,0.08330600,0.07703976,0.07759251,0.23697723,0.12900534,1.00000000,0.06898920,0.22666085,0.02439768,0.14335147,0.02864603,0.11720753,0.02644860,0.03799977,0.14198522,0.01975703,0.03917040,0.04560972,0.28320312,0.17499265,0.10480383,0.02797353,0.25721627,0.15799205,0.17806494,0.11145444,0.11217654,0.03590734,0.07072089,0.06023588,0.18481395,0.05797510,0.02604008,0.02625280,0.26640999,0.15113202,0.03639068,0.17139240,0.04189937,0.10334351,0.03665791,0.12822491,0.13207008,0.21728848,0.12217430,0.11132315,0.34389400,0.11933745,0.18062297,0.04334254,0.05923599,0.03345497,0.20983861,0.11866635,0.19797203,0.16477978,0.11349281,0.27661580,0.04595998,0.09422269,0.12431790,0.12384177,0.08313776,0.02109754,0.16184923,0.02145666,0.07195579,0.25703594,0.19825529,0.05070867,0.04829414,0.02023299,0.12321930,0.06973611,0.09280638,0.12801529,0.07971109,0.23329070,0.09057204,0.08550769,0.02393362,0.03305719,0.10607652,0.02807399,0.45800713,0.26144242,0.02605451,0.26046395,0.17642137,0.04467527,0.10613814
43,0.08122803,0.10285866,0.11728520,0.08360332,0.12498339,0.09048682,0.14717504,0.04859808,0.05881992,0.06265815,0.17732862,0.14054373,0.03598239,0.10200863,0.07508948,0.14394979,0.05670466,0.03190792,0.27371404,0.09566052,0.22523020,0.06031719,0.23531264,0.10858504,0.27974063,0.02581727,0.14010829,0.09481896,0.20713481,0.04611138,0.03903485,0.02304015,0.16316721,0.18596666,0.13241011,0.06238762,0.06826750,0.08020853,0.09467258,0.05198957,0.12985831,0.23461080,0.06898920,1.00000000,0.09765272,0.05485572,0.22760710,0.13466144,0.09892365,0.14528063,0.10847647,0.10121043,0.12248426,0.12608284,0.04181310,0.22287217,0.13038035,0.06913857,0.03183273,0.22227418,0.14954522,0.09239002,0.07204634,0.06749818,0.03627065,0.03022785,0.06746855,0.02777054,0.16245615,0.02738625,0.15465799,0.08106910,0.04875989,0.13863492,0.06071505,0.02629168,0.06626308,0.04391574,0.31711787,0.07671671,0.08963151,0.02878546,0.13720459,0.20931430,0.02541813,0.09731847,0.12589878,0.07500653,0.05687426,0.04173067,0.10885035,0.08035330,0.03131218,0.05789499,0.04655851,0.03944815,0.19925708,0.32994425,0.11141282,0.06541327,0.12062864,0.15203848,0.02955614,0.03152904,0.05780485,0.04248076,0.07657232,0.03839869,0.04588544,0.04317477,0.03178765,0.07964121,0.17776841,0.09187212,0.23928228,0.16148360,0.12664524,0.04814443,0.03537665,0.03237117,0.04775696,0.23125041,0.08063355,0.02449535,0.09195095,0.12542154,0.13461410,0.09107067
44,0.19496652,0.09199341,0.11905332,0.17945033,0.08671160,0.11989991,0.03443513,0.04066665,0.10630357,0.05383898,0.13061437,0.02807018,0.13747227,0.02104198,0.08902235,0.21881367,0.06797285,0.10054569,0.08521682,0.07328644,0.03743884,0.03454506,0.30981624,0.03938852,0.16734955,0.05295844,0.09085965,0.07429223,0.04903933,0.08271979,0.02415035,0.08537395,0.02036383,0.17373207,0.23911484,0.13962150,0.07301196,0.14306799,0.08375614,0.05846864,0.03980055,0.02585206,0.22666085,0.09765272,1.00000000,0.05650610,0.11801578,0.06488014,0.08637008,0.09863789,0.04837462,0.11030126,0.02455088,0.18222073,0.03538183,0.25247151,0.07520655,0.07855323,0.04814990,0.17849052,0.06517748,0.15235034,0.02504263,0.10373472,0.07799186,0.03233420,0.03210220,0.06250583,0.13065782,0.02351566,0.05492551,0.20007688,0.06682122,0.07106255,0.07879987,0.01711178,0.05603670,0.03693207,0.15044962,0.13060522,0.09635130,0.04723422,0.12325914,0.32986647,0.09343036,0.04968601,0.06975804,0.02829687,0.06899634,0.13991992,0.33650821,0.14745343,0.16991535,0.09906043,0.16252454,0.05925520,0.15472156,0.10626379,0.12202917,0.09787226,0.06900346,0.24489585,0.03946242,0.05316203,0.15953515,0.07084725,0.05667387,0.04084631,0.04644964,0.02961417,0.02201704,0.08847047,0.16121441,0.04066361,0.07033478,0.14197204,0.03107331,0.08783148,0.01741108,0.12152857,0.02724347,0.26803613,0.18637922,0.05376926,0.12386850,0.13557671,0.02316608,0.11037309
45,0.11806379,0.13356256,0.03799676,0.08906861,0.03713580,0.04287370,0.03589190,0.36728328,0.21169892,0.04906113,0.19324753,0.13025114,0.03762751,0.22485283,0.10556101,0.10112181,0.02862886,0.10782614,0.11198069,0.05029476,0.05070688,0.01513968,0.04134638,0.03160786,0.03679887,0.05409582,0.07424988,0.04592813,0.08745871,0.06872161,0.04446348,0.07411608,0.07392962,0.04728245,0.06583307,0.04230796,0.03988598,0.07309346,0.09304455,0.07285959,0.05007290,0.04826806,0.02439768,0.05485572,0.05650610,1.00000000,0.02057149,0.14514512,0.03426906,0.05988982,0.08114332,0.03445155,0.03187475,0.05118005,0.08347159,0.02950988,0.05255825,0.07869110,0.02682756,0.04843461,0.06087142,0.02682114,0.03054478,0.17810927,0.05487973,0.08644187,0.04126649,0.06513297,0.05422803,0.07027704,0.06450225,0.01475906,0.05219242,0.07871240,0.06405137,0.02679594,0.03821239,0.03857474,0.05170442,0.05355207,0.07612283,0.06837924,0.10952438,0.04658324,0.03997203,0.09496173,0.03916436,0.04553892,0.09905912,0.09527597,0.02031761,0.04324775,0.02594860,0.10277295,0.09654974,0.02473032,0.03302353,0.06691119,0.04850685,0.06008086,0.24570808,0.06642118,0.36277348,0.04186970,0.07755717,0.06627473,0.03533083,0.04156343,0.04878524,0.06775713,0.08405773,0.07411237,0.05715369,0.01705911,0.02782727,0.10932300,0.08521845,0.03691621,0.04403223,0.04677188,0.07607835,0.10451953,0.03597336,0.08952578,0.01215126,0.02833101,0.05785374,0.09937102
46,0.05491563,0.02452009,0.06856820,0.09592675,0.02414604,0.04412711,0.15234628,0.03269606,0.13710842,0.02476010,0.02427386,0.02265238,0.22070602,0.03553917,0.03171923,0.15072045,0.02915793,0.08759779,0.23971517,0.04142629,0.02111104,0.04602160,0.13515645,0.06374358,0.13637704,0.02276935,0.06346788,0.19354588,0.13244289,0.04069446,0.03058356,0.02430814,0.03468285,0.19618468,0.11957759,0.09214216,0.01970373,0.04445614,0.08318090,0.04200516,0.15571338,0.12673603,0.14335147,0.22760710,0.11801578,0.02057149,1.00000000,0.02980570,0.05699882,0.06743398,0.04771567,0.04746200,0.09302805,0.05959586,0.02741684,0.18159348,0.09194203,0.04773396,0.06544960,0.15432189,0.10850421,0.13914123,0.07812001,0.07041647,0.02200453,0.08427028,0.05183481,0.03037525,0.07844673,0.02037788,0.13831635,0.08564875,0.08693267,0.09007365,0.07983187,0.01621753,0.06542496,0.02672882,0.10615303,0.04743797,0.06523540,0.04576511,0.06911825,0.17502114,0.02986132,0.04820598,0.03312632,0.08184552,0.04732146,0.12684841,0.06487719,0.11774986,0.03901435,0.10213947,0.11619455,0.01920387,0.10915017,0.10509273,0.02780135,0.03532155,0.03072492,0.09652954,0.01587724,0.03025456,0.03285939,0.08633287,0.02941814,0.06723884,0.02936802,0.05470898,0.04964823,0.04594128,0.12419447,0.04462963,0.14243369,0.10656888,0.11876105,0.02429664,0.04369201,0.15659744,0.03794178,0.24497086,0.15553880,0.02736188,0.07767487,0.15042621,0.13201821,0.07076956
47,0.05112902,0.03732601,0.08870292,0.13636160,0.05575101,0.19196343,0.02428255,0.10552710,0.02269184,0.03587227,0.13820241,0.18818492,0.01510067,0.01992176,0.11692040,0.23405567,0.17306527,0.17046826,0.14728534,0.08595301,0.03673959,0.05582896,0.06068149,0.03159542,0.09161724,0.02554801,0.03001309,0.07463540,0.06836428,0.08867137,0.03527339,0.02372921,0.04898470,0.04073664,0.03779634,0.02323661,0.03557368,0.02721549,0.04176775,0.06195804,0.03483383,0.14814657,0.02864603,0.13466144,0.06488014,0.14514512,0.02980570,1.00000000,0.11694621,0.10589981,0.09069232,0.05608978,0.02961938,0.08063857,0.04021242,0.03522068,0.03397176,0.02058967,0.03130398,0.09282251,0.06283349,0.03070144,0.04298314,0.06362367,0.03642864,0.01837180,0.04089752,0.09240858,0.20273343,0.05034571,0.21656072,0.01638079,0.12842667,0.02034412,0.01954701,0.11395863,0.08680618,0.02691432,0.07009230,0.13871427,0.02244174,0.07124709,0.05736704,0.14982700,0.04377519,0.09137237,0.01564920,0.02780866,0.03417973,0.03058752,0.01772183,0.01829917,0.02508212,0.16634324,0.04131944,0.05681743,0.11760265,0.11942368,0.11662345,0.14153300,0.02334366,0.18421307,0.06471781,0.08583668,0.02230212,0.07034178,0.18426231,0.02160726,0.06412114,0.07246868,0.02706240,0.07326779,0.08071265,0.02598048,0.02433717,0.03591616,0.03015526,0.03315118,0.05046818,0.03952271,0.03389264,0.12402587,0.02327700,0.06794168,0.02615299,0.02708250,0.07104462,0.16834582
48,0.03546742,0.02797114,0.12775144,0.09592855,0.03417367,0.07556461,0.08075158,0.08473638,0.08381838,0.03764660,0.08452885,0.02973937,0.06996187,0.02340414,0.07133251,0.11912201,0.05882772,0.03215004,0.19265714,0.04577651,0.00932010,0.10248966,0.09569688,0.02799891,0.13169730,0.02567899,0.06218938,0.08279447,0.02992619,0.07690419,0.17267329,0.02973324,0.03020684,0.07344697,0.10254188,0.02916288,0.05357505,0.02005411,0.03669881,0.26950172,0.05010607,0.23738845,0.11720753,0.09892365,0.08637008,0.03426906,0.05699882,0.11694621,1.00000000,0.15438741,0.05187279,0.18442547,0.08241465,0.04723102,0.10650331,0.05676956,0.04819009,0.02394781,0.09225383,0.13129324,0.17536025,0.04636217,0.05869324,0.04987738,0.12647466,0.03380500,0.13357298,0.23389073,0.09360676,0.11375696,0.10913666,0.06161601,0.28596443,0.02808443,0.03057448,0.04816739,0.16163814,0.03188969,0.03683429,0.16205084,0.02771744,0.23025183,0.05346985,0.14107132,0.05124896,0.09305594,0.03223694,0.12785688,0.03846871,0.06785618,0.02898991,0.03658333,0.03647478,0.06442671,0.02518814,0.06141149,0.04820580,0.07630523,0.11919299,0.09543014,0.03108658,0.09129372,0.05815280,0.06809290,0.04068897,0.07233138,0.05607245,0.04707738,0.08629186,0.16463953,0.10411489,0.03613590,0.03051233,0.03291306,0.05563886,0.02629772,0.09943689,0.04445515,0.05575095,0.08320840,0.03100406,0.12870747,0.06531146,0.03946652,0.02756354,0.04705699,0.02298074,0.11532573
49,0.07540488,0.02036602,0.05016328,0.05796564,0.03145120,0.12433001,0.04091303,0.02927053,0.01460572,0.03890827,0.07745530,0.14172028,0.04504668,0.01880579,0.01647963,0.05446409,0.19355041,0.04483483,0.13085410,0.03968046,0.03581917,0.12495010,0.08274737,0.04899821,0.05650947,0.13555630,0.07420840,0.01475173,0.09883691,0.02102693,0.07202756,0.14792958,0.04489269,0.03166726,0.11868040,0.05794840,0.03454619,0.02833249,0.05779418,0.05435994,0.06777272,0.12877962,0.02644860,0.14528063,0.09863789,0.05988982,0.06743398,0.10589981,0.15438741,1.00000000,0.04884122,0.08399004,0.05582138,0.03918244,0.19381213,0.05166295,0.09001230,0.05149974,0.06186860,0.01371372,0.06791970,0.02167475,0.02712218,0.03699718,0.02841820,0.05526365,0.04831339,0.03628615,0.06743143,0.09755312,0.14220920,0.00999363,0.04225757,0.06710670,0.03613202,0.13604695,0.01653484,0.10876265,0.02809502,0.03244415,0.04052656,0.06275327,0.02495364,0.06958726,0.03500221,0.10819304,0.02129202,0.03492946,0.02403644,0.02176634,0.05453008,0.01284876,0.02597737,0.03192887,0.04117031,0.06601040,0.09897134,0.08014723,0.12683131,0.12846288,0.01367303,0.20307192,0.06414589,0.07370333,0.02506740,0.05060475,0.18028010,0.02968051,0.08042531,0.04597658,0.03514720,0.03969669,0.03915099,0.13518719,0.07608736,0.05085030,0.08027144,0.02594723,0.01595177,0.03717621,0.13531744,0.09819070,0.03638925,0.02040318,0.02647921,0.02945670,0.06711845,0.05874985
50,0.05985771,0.14191541,0.02631993,0.35900629,0.02716162,0.01962030,0.05809545,0.03877508,0.01898306,0.03250082,0.34090504,0.12358466,0.05787829,0.13539861,0.13873520,0.02826352,0.07716450,0.01677083,0.11631867,0.04841951,0.07551262,0.08887903,0.10753873,0.06092515,0.11747028,0.07168774,0.01665750,0.17556468,0.23059294,0.05229884,0.02831316,0.02283857,0.15056929,0.10491386,0.16382897,0.01708880,0.04756782,0.02813848,0.02283631,0.03363903,0.03225045,0.05933990,0.03799977,0.10847647,0.04837462,0.08114332,0.04771567,0.09069232,0.05187279,0.04884122,1.00000000,0.01976062,0.03104828,0.11173894,0.03647220,0.14579524,0.05692801,0.33808947,0.02404143,0.10723244,0.07426666,0.05754167,0.02750404,0.07681765,0.03535722,0.04528546,0.03014886,0.02859991,0.08091916,0.05176649,0.11820884,0.05050351,0.03136709,0.17729636,0.02242152,0.01528577,0.04679264,0.07938023,0.09275277,0.02757617,0.03576967,0.02107070,0.02557340,0.11114289,0.08068961,0.08829024,0.02597814,0.04269494,0.05745171,0.05207903,0.05212431,0.09353122,0.06199259,0.04362129,0.15820315,0.06287748,0.09730124,0.05724166,0.04857646,0.04805961,0.09837188,0.08439931,0.10987909,0.02617017,0.10390852,0.01538355,0.01329620,0.07179325,0.11958697,0.06310876,0.07908703,0.06403476,0.07479888,0.01727564,0.08390498,0.14326234,0.10605164,0.02543008,0.02390989,0.04845686,0.06470060,0.11263146,0.05307207,0.15642956,0.02137276,0.07991974,0.03482506,0.08938148
51,0.07586962,0.01454260,0.07220676,0.12171127,0.10486349,0.03667979,0.03330122,0.06725828,0.11197218,0.04511436,0.10836336,0.02836718,0.06305905,0.09607166,0.09912066,0.16325888,0.19546098,0.01732267,0.23111917,0.18307480,0.01220438,0.08529482,0.09483614,0.09203231,0.08982460,0.10528996,0.02094744,0.10497662,0.03236087,0.03581690,0.10976289,0.10063157,0.05039559,0.02312083,0.01540987,0.02555515,0.02916527,0.14790079,0.02158042,0.18977505,0.11221288,0.18142974,0.14198522,0.10121043,0.11030126,0.03445155,0.04746200,0.05608978,0.18442547,0.08399004,0.01976062,1.00000000,0.06268260,0.02549146,0.01988811,0.10970590,0.14498764,0.01808825,0.05366354,0.20472169,0.13233447,0.02605474,0.07579748,0.04068720,0.15678225,0.06788056,0.08590160,0.11895513,0.12447128,0.06133372,0.07488362,0.14944667,0.16087329,0.02791634,0.07395668,0.16727430,0.04464982,0.08412050,0.04948731,0.21482512,0.03850561,0.05064096,0.04036706,0.11718050,0.07448135,0.05888333,0.02279330,0.08407036,0.01360063,0.02430804,0.05541003,0.02008502,0.08962148,0.02688004,0.04885708,0.07440512,0.15063706,0.13426267,0.10476896,0.11720283,0.02284309,0.16460896,0.02289446,0.05970215,0.03923419,0.07599092,0.02251631,0.02184542,0.13947815,0.10889269,0.07528470,0.11357629,0.03286238,0.11484425,0.06290673,0.02245688,0.05499393,0.02192677,0.03022797,0.07152653,0.08969767,0.17279063,0.17368267,0.03830519,0.07710797,0.06696223,0.03155278,0.02607070
52,0.02579262,0.02357061,0.13061321,0.02940221,0.02313348,0.03089160,0.11578307,0.10466722,0.05288880,0.04320741,0.02081252,0.03890701,0.02050899,0.02241274,0.02949395,0.02270443,0.02209055,0.02273534,0.06113029,0.17308307,0.01282804,0.08502587,0.03579588,0.02912094,0.02960872,0.03919984,0.05383956,0.03903817,0.03352756,0.04680867,0.04076685,0.04462294,0.03417683,0.10856408,0.03394305,0.03016683,0.02257527,0.07551311,0.01460604,0.03772828,0.08106998,0.11237468,0.01975703,0.12248426,0.02455088,0.03187475,0.09302805,0.02961938,0.08241465,0.05582138,0.03104828,0.06268260,1.00000000,0.03088176,0.02995155,0.02822233,0.14281645,0.01608106,0.12481787,0.07405645,0.05353191,0.01777701,0.19050317,0.09863913,0.02026569,0.03086602,0.03419156,0.04679248,0.02472848,0.15673266,0.04292645,0.01596282,0.01257788,0.01158430,0.14655016,0.04073396,0.02172845,0.12568107,0.03855462,0.08149357,0.03294476,0.03984611,0.03376098,0.17850545,0.02532545,0.05830286,0.08801110,0.02158108,0.01679070,0.02605768,0.01753364,0.01648206,0.02598511,0.03064308,0.04375763,0.02498017,0.22702745,0.03793421,0.05877274,0.03468543,0.05614740,0.04551367,0.02212005,0.03143560,0.00932478,0.02780741,0.08061048,0.07338347,0.02598731,0.02637697,0.05473413,0.02920170,0.02867890,0.17645133,0.02146208,0.02929623,0.13845885,0.02735930,0.05271039,0.03661855,0.02105241,0.04139050,0.03108152,0.01822470,0.01129754,0.01707022,0.02813824,0.13798830
53,0.04094611,0.04093102,0.12481201,0.03921905,0.02548907,0.14239949,0.14156091,0.03233885,0.03509394,0.11754772,0.03806941,0.08892033,0.04656676,0.02618308,0.07351877,0.15351108,0.03475672,0.07814465,0.21259728,0.02572465,0.04085497,0.01696542,0.14879265,0.06919695,0.30111238,0.02711827,0.03009764,0.02744024,0.19899057,0.19539627,0.02822344,0.12293901,0.02582068,0.09747955,0.06744112,0.01689915,0.02978376,0.07753394,0.02890826,0.05061354,0.02836796,0.04171149,0.03917040,0.12608284,0.18222073,0.05118005,0.05959586,0.08063857,0.04723102,0.03918244,0.11173894,0.02549146,0.03088176,1.00000000,0.10252199,0.17289090,0.05030688,0.01966292,0.04359822,0.06407917,0.07479724,0.10354069,0.04877895,0.17732975,0.02562625,0.08295196,0.05915073,0.02103767,0.14772409,0.02118388,0.08949584,0.06565283,0.02187239,0.12709145,0.02811066,0.01570217,0.01934295,0.04774379,0.04832856,0.02551121,0.04525058,0.02772591,0.05544148,0.09969582,0.02704891,0.07714328,0.20241210,0.03544396,0.02314590,0.03694052,0.08760957,0.05973160,0.05135020,0.14669657,0.19014682,0.10988940,0.13481250,0.14554296,0.04116096,0.02190240,0.09855662,0.13994834,0.02583295,0.04942419,0.07483631,0.05596814,0.04332341,0.08117263,0.04022563,0.03159706,0.06518811,0.03290004,0.27753493,0.05626366,0.09749682,0.18101019,0.03517693,0.11047931,0.03260092,0.14158896,0.03537766,0.07848071,0.05013762,0.03147238,0.02281411,0.11529298,0.25027508,0.03056681
54,0.09903184,0.03448515,0.18429163,0.04381239,0.04617538,0.03565367,0.02860561,0.02270237,0.02980169,0.05814525,0.04422505,0.02391209,0.03027290,0.09629929,0.06614895,0.08050654,0.05217739,0.06887175,0.04793450,0.05658126,0.00984964,0.02170756,0.08196299,0.07374926,0.11825982,0.15276076,0.08074657,0.04720000,0.14244163,0.03145690,0.04921199,0.05376773,0.02683416,0.08148484,0.12324121,0.04866616,0.03018147,0.05218294,0.06500991,0.09155021,0.03926654,0.06212792,0.04560972,0.04181310,0.03538183,0.08347159,0.02741684,0.04021242,0.10650331,0.19381213,0.03647220,0.01988811,0.02995155,0.10252199,1.00000000,0.17839035,0.04493316,0.02334745,0.03462603,0.05683483,0.05584709,0.02329110,0.08861779,0.13805823,0.15738708,0.04445215,0.21594515,0.08377685,0.04880485,0.15972248,0.02918768,0.03677903,0.16916436,0.10465801,0.04410328,0.02969457,0.06088300,0.04834925,0.10640601,0.15928054,0.04584605,0.10354684,0.10987684,0.04269792,0.03311503,0.07103604,0.03684621,0.04718167,0.04989554,0.02581222,0.05749432,0.04137608,0.02480275,0.05228980,0.01636554,0.05246639,0.12074830,0.06196038,0.05059177,0.06665159,0.03460540,0.07327345,0.05277004,0.14742208,0.04024927,0.05953515,0.06811199,0.04607406,0.14720324,0.08625891,0.01943373,0.03900698,0.09409776,0.03119027,0.02474216,0.02863669,0.15027510,0.14337166,0.09412575,0.03111433,0.30993801,0.04270517,0.05328466,0.03962506,0.02607727,0.03032927,0.08209679,0.09685323
55,0.31579521,0.02821945,0.11498521,0.11742208,0.08835693,0.09328534,0.04972291,0.04293624,0.23150524,0.12897786,0.06939551,0.05916703,0.35898763,0.03897432,0.13659039,0.29915398,0.10606189,0.10519283,0.30812699,0.06744700,0.02015847,0.02492701,0.26688713,0.09814093,0.29998416,0.01862525,0.28296465,0.04189614,0.08733255,0.04690501,0.04701841,0.06645964,0.14086902,0.17206168,0.08127029,0.08098629,0.01676240,0.10263622,0.13276759,0.03336405,0.14362717,0.09288475,0.28320312,0.22287217,0.25247151,0.02950988,0.18159348,0.03522068,0.05676956,0.05166295,0.14579524,0.10970590,0.02822233,0.17289090,0.17839035,1.00000000,0.14268713,0.08179562,0.03746333,0.17775249,0.12590040,0.16613716,0.08319274,0.07193591,0.05555025,0.02910519,0.06247235,0.08502274,0.04890599,0.02596299,0.05534848,0.11816176,0.09164463,0.05916716,0.03461851,0.03404205,0.02383058,0.08818509,0.27793184,0.09328100,0.14851211,0.02750040,0.19645581,0.17590687,0.07560375,0.03973323,0.11519410,0.07595010,0.02990207,0.23276086,0.13989522,0.09014381,0.04254432,0.12744874,0.03089457,0.04356901,0.03491825,0.27304155,0.10889691,0.04485669,0.06968147,0.18121818,0.08150313,0.12163614,0.03929066,0.03854638,0.02228399,0.05601221,0.03293566,0.03075077,0.03307555,0.05410445,0.21607134,0.05995145,0.44040659,0.17411846,0.04526486,0.06224443,0.03320695,0.05308065,0.06054430,0.27948487,0.14587046,0.02301714,0.10309907,0.03955160,0.03190136,0.07367714
56,0.09939232,0.07506624,0.06578325,0.07894009,0.06358328,0.03410779,0.11379284,0.03163855,0.13259275,0.03077488,0.03470256,0.07118693,0.10183857,0.03446832,0.08843434,0.10651083,0.02418930,0.03045206,0.18853870,0.04059738,0.02969497,0.05171771,0.13125938,0.03408738,0.11948457,0.03030474,0.09976201,0.06971908,0.07861976,0.03288587,0.05083422,0.04205097,0.05952282,0.11509256,0.09831864,0.02970555,0.03382625,0.10513585,0.02357591,0.04124495,0.13247104,0.04455770,0.17499265,0.13038035,0.07520655,0.05255825,0.09194203,0.03397176,0.04819009,0.09001230,0.05692801,0.14498764,0.14281645,0.05030688,0.04493316,0.14268713,1.00000000,0.06885603,0.06541294,0.18325850,0.07488003,0.09209090,0.10354568,0.03176246,0.01664182,0.09123520,0.04970466,0.03964858,0.04206295,0.09830856,0.11775991,0.11350918,0.02502392,0.16782534,0.03242849,0.09622084,0.01448323,0.18063265,0.13898280,0.02804029,0.15690047,0.05043437,0.11407419,0.32240468,0.02213698,0.05997853,0.13268661,0.04921688,0.09202066,0.09078285,0.04679916,0.19818845,0.12133831,0.13267572,0.07280208,0.02824951,0.03403598,0.04359405,0.03924536,0.07097532,0.02246638,0.09183362,0.06898280,0.01838493,0.11154719,0.03929812,0.13049965,0.03104873,0.13144335,0.04012983,0.04191699,0.03886352,0.08342412,0.19246314,0.12750697,0.07696934,0.05748771,0.04340045,0.06619413,0.09070724,0.03248212,0.24485570,0.16673511,0.06689484,0.09536894,0.24303825,0.08531736,0.03028399
57,0.24795806,0.10986744,0.04279102,0.32759356,0.04585353,0.02991909,0.03976030,0.05199250,0.01797401,0.07810000,0.15094467,0.03871697,0.16948891,0.03380871,0.07279458,0.01797582,0.03245906,0.07170871,0.11256473,0.04286089,0.14264873,0.05279866,0.09575990,0.06109594,0.02603193,0.02101503,0.02387676,0.10916933,0.05508567,0.03178360,0.04109629,0.06572128,0.03487786,0.10487718,0.10854797,0.12987953,0.01388535,0.08222135,0.02114303,0.02178473,0.02899517,0.04028379,0.10480383,0.06913857,0.07855323,0.07869110,0.04773396,0.02058967,0.02394781,0.05149974,0.33808947,0.01808825,0.01608106,0.01966292,0.02334745,0.08179562,0.06885603,1.00000000,0.01725932,0.03309267,0.05110918,0.05958343,0.06518114,0.09317168,0.03826743,0.02177248,0.02060739,0.02144551,0.02504964,0.01608023,0.04251660,0.02905549,0.02535003,0.10446677,0.03092004,0.02946266,0.01156059,0.02787447,0.04020611,0.02770460,0.10587840,0.04270472,0.01823234,0.08859570,0.04597221,0.10010472,0.04504363,0.06921057,0.09203224,0.06846026,0.10160801,0.10772731,0.16314422,0.01917658,0.26111901,0.03808832,0.03132474,0.06447092,0.01874460,0.03127746,0.12562694,0.07931378,0.14050932,0.02372932,0.44190660,0.03166622,0.02099402,0.02426936,0.05392201,0.04218530,0.07736966,0.07897852,0.13584375,0.02420698,0.06483406,0.10834104,0.08377210,0.02501416,0.10723615,0.02826212,0.10031198,0.19764411,0.07857794,0.15859935,0.07453646,0.03949929,0.06318681,0.04888511
58,0.07434945,0.02590658,0.20868643,0.08603430,0.02888046,0.10782428,0.04175820,0.04672214,0.03649700,0.02263055,0.04962942,0.03813056,0.01877052,0.03887077,0.03723313,0.05570086,0.01713945,0.02456694,0.05914714,0.09254362,0.01456726,0.01845470,0.07828213,0.21696901,0.03530114,0.08646272,0.02925842,0.07868803,0.03852146,0.03001836,0.12253481,0.18249811,0.09713820,0.02307967,0.06131791,0.07231006,0.07016510,0.02636450,0.07273789,0.04525147,0.03606710,0.04460173,0.02797353,0.03183273,0.04814990,0.02682756,0.06544960,0.03130398,0.09225383,0.06186860,0.02404143,0.05366354,0.12481787,0.04359822,0.03462603,0.03746333,0.06541294,0.01725932,1.00000000,0.08068599,0.03389621,0.07247178,0.20653632,0.09826559,0.19723652,0.04595475,0.19303137,0.07721052,0.10637097,0.03953361,0.06876324,0.13260004,0.02743974,0.07710257,0.14842074,0.03382318,0.06429800,0.04293153,0.02523771,0.05035876,0.05789196,0.04469027,0.07628469,0.05503374,0.03023569,0.03032862,0.03920143,0.03772905,0.03098854,0.02794801,0.01986078,0.06419732,0.04987439,0.06176348,0.04688321,0.07154849,0.03830079,0.03208331,0.03188907,0.14539593,0.05608228,0.12176125,0.05125476,0.07131754,0.02724117,0.03645616,0.05777181,0.04838477,0.11018886,0.04830343,0.12249608,0.10983983,0.02502171,0.21886936,0.01854604,0.02582653,0.12250081,0.02417694,0.05588593,0.05614104,0.03313444,0.04924358,0.20855555,0.07844575,0.03151947,0.06148463,0.04124939,0.11956725
59,0.13749045,0.06429668,0.02684823,0.14986217,0.08500342,0.04123704,0.09874715,0.06197920,0.08278830,0.03575405,0.11733066,0.09454879,0.11348206,0.05941162,0.05688217,0.16494609,0.05862101,0.11569770,0.23374401,0.10853302,0.02730492,0.19590767,0.17030129,0.03327271,0.18283112,0.02917660,0.05993900,0.15455511,0.09736305,0.11209628,0.30726683,0.13991602,0.08425684,0.17164817,0.13994753,0.01210774,0.07365300,0.09716367,0.04193943,0.26167536,0.16398197,0.10931917,0.25721627,0.22227418,0.17849052,0.04843461,0.15432189,0.09282251,0.13129324,0.01371372,0.10723244,0.20472169,0.07405645,0.06407917,0.05683483,0.17775249,0.18325850,0.03309267,0.08068599,1.00000000,0.10192703,0.08663666,0.02229795,0.02406452,0.18979050,0.03856921,0.17039785,0.13466772,0.11272920,0.14162239,0.08875132,0.13267612,0.12275453,0.07979047,0.09809541,0.02123342,0.07937977,0.08915840,0.23457521,0.16602752,0.20421481,0.04903184,0.08002007,0.25883240,0.04560401,0.03565900,0.12514582,0.10813248,0.09198243,0.06680875,0.11597836,0.15814897,0.15405987,0.09306553,0.16572207,0.02588212,0.13651162,0.27743569,0.12114893,0.04456640,0.07633028,0.09727015,0.02823146,0.03821104,0.16043949,0.03024782,0.03304057,0.03183988,0.13264617,0.02670506,0.02090381,0.05076103,0.09899084,0.02999071,0.11997104,0.12198847,0.02938288,0.06364661,0.02504006,0.05375113,0.06147107,0.28055656,0.13949448,0.03082849,0.18934396,0.14838740,0.03569338,0.17759022
60,0.07379197,0.04737952,0.12192981,0.08304746,0.03976901,0.07583572,0.10166249,0.14854833,0.17326075,0.07192748,0.09232312,0.04199973,0.05746751,0.14301267,0.03632801,0.23355541,0.07553843,0.06058149,0.27062237,0.07072553,0.02764239,0.07768559,0.06407920,0.15276691,0.14615010,0.05776100,0.15561754,0.13810909,0.11204476,0.07631864,0.09053972,0.01866766,0.06357326,0.07364918,0.05812394,0.03751352,0.02409786,0.05167314,0.03383864,0.04928665,0.19793478,0.30774832,0.15799205,0.14954522,0.06517748,0.06087142,0.10850421,0.06283349,0.17536025,0.06791970,0.07426666,0.13233447,0.05353191,0.07479724,0.05584709,0.12590040,0.07488003,0.05110918,0.03389621,0.10192703,1.00000000,0.16435009,0.12761012,0.13342038,0.08902285,0.05763445,0.05831547,0.28063840,0.11552337,0.14773481,0.09632101,0.06150020,0.21093202,0.04155325,0.03517886,0.03962687,0.09886631,0.02911937,0.07055424,0.15769789,0.07188910,0.15428272,0.06809238,0.12844560,0.05022866,0.11086754,0.02728121,0.15875758,0.11142367,0.09257382,0.03178630,0.03279033,0.02768477,0.13327789,0.04898049,0.06104051,0.03087868,0.15728435,0.07664587,0.12329704,0.04347702,0.07984503,0.08771739,0.06007051,0.04020354,0.20115042,0.03400287,0.11437210,0.15084732,0.24303854,0.18923709,0.06153873,0.12244217,0.10891698,0.07130858,0.02495640,0.21236509,0.05912803,0.08716084,0.08846603,0.09795274,0.22002882,0.04667066,0.08919285,0.03484114,0.04780619,0.03941176,0.09523363
61,0.06408060,0.05609139,0.02046189,0.09045844,0.01549560,0.02632809,0.08378864,0.02843996,0.20586605,0.07064082,0.05165593,0.02879923,0.10529447,0.15006313,0.04373397,0.23521861,0.05747942,0.01916710,0.13860348,0.08820310,0.01227748,0.09766062,0.07619730,0.20954387,0.13681190,0.01712903,0.18868637,0.07151368,0.03055039,0.04021398,0.14064118,0.06381246,0.02296906,0.04473142,0.18444324,0.03637645,0.02724119,0.04212312,0.02637415,0.02773815,0.23701625,0.02909959,0.17806494,0.09239002,0.15235034,0.02682114,0.13914123,0.03070144,0.04636217,0.02167475,0.05754167,0.02605474,0.01777701,0.10354069,0.02329110,0.16613716,0.09209090,0.05958343,0.07247178,0.08663666,0.16435009,1.00000000,0.16278708,0.04489137,0.04437783,0.02498758,0.03453083,0.12277011,0.05659930,0.02004119,0.02971367,0.07614367,0.07406460,0.05622619,0.05533150,0.03447495,0.02704960,0.05573146,0.08504924,0.01498062,0.15194541,0.16200182,0.07614487,0.17841414,0.03775852,0.03230599,0.01873230,0.23675922,0.08114251,0.06011397,0.16652974,0.13281873,0.10182180,0.05656342,0.06030610,0.06507877,0.06130058,0.10279825,0.10804890,0.12452352,0.04193030,0.11981482,0.03220260,0.05749953,0.09345336,0.06880946,0.03449618,0.04040084,0.01153121,0.06173717,0.10149027,0.09006692,0.11585437,0.01007662,0.06129697,0.04054321,0.10555724,0.02224825,0.04727440,0.17041907,0.05681912,0.30361485,0.01479373,0.02987299,0.10292245,0.12927143,0.03334484,0.02588602
62,0.05563697,0.11035688,0.23941028,0.03529478,0.02540561,0.02716386,0.02181181,0.08261342,0.12347375,0.04462601,0.02657560,0.02069752,0.04698324,0.13865003,0.03783982,0.12991115,0.03919987,0.01149829,0.16274223,0.08899865,0.00923892,0.09204200,0.01361893,0.02355745,0.05496656,0.12231858,0.15518869,0.05514932,0.03376387,0.03733804,0.07088829,0.04674317,0.01455085,0.25536335,0.04801676,0.02846383,0.01998402,0.05324183,0.03441805,0.07181020,0.24360111,0.11208194,0.11145444,0.07204634,0.02504263,0.03054478,0.07812001,0.04298314,0.05869324,0.02712218,0.02750404,0.07579748,0.19050317,0.04877895,0.08861779,0.08319274,0.10354568,0.06518114,0.20653632,0.02229795,0.12761012,0.16278708,1.00000000,0.11250095,0.09265912,0.02162283,0.09028599,0.05807129,0.06469072,0.02846716,0.02520245,0.01003986,0.03717025,0.10297661,0.07083933,0.02111727,0.01913145,0.11690597,0.06814779,0.03381902,0.05138631,0.13409631,0.07365942,0.08156261,0.06231768,0.04287305,0.02075013,0.23612404,0.02241706,0.01922369,0.06056262,0.03429791,0.03681564,0.06229180,0.02470431,0.07104559,0.09572843,0.03605893,0.07919128,0.11175269,0.02244528,0.07168461,0.07428035,0.01666997,0.04868655,0.10679875,0.01991409,0.03620232,0.07520679,0.06852589,0.12611951,0.06847933,0.12539756,0.16462784,0.04014073,0.01664479,0.13413590,0.01199000,0.02905095,0.10265274,0.02536061,0.20388572,0.04977933,0.01871329,0.10522164,0.03549381,0.03589866,0.03950331
63,0.09858388,0.18540753,0.26249874,0.10891148,0.06186791,0.12309122,0.04657211,0.15936863,0.05840618,0.06051541,0.12677795,0.04910133,0.02670669,0.08864622,0.01753836,0.08995853,0.01920575,0.11336733,0.16872166,0.01987920,0.02154217,0.02397821,0.10504177,0.02763235,0.11390954,0.25379235,0.02586026,0.08321886,0.18134737,0.04690567,0.03538493,0.18022016,0.01782342,0.07196861,0.04957623,0.08926135,0.07097504,0.03284338,0.02586436,0.02474786,0.05400911,0.06042620,0.11217654,0.06749818,0.10373472,0.17810927,0.07041647,0.06362367,0.04987738,0.03699718,0.07681765,0.04068720,0.09863913,0.17732975,0.13805823,0.07193591,0.03176246,0.09317168,0.09826559,0.02406452,0.13342038,0.04489137,0.11250095,1.00000000,0.03283472,0.03779970,0.02906119,0.03312963,0.01610324,0.11298604,0.05472494,0.08536831,0.19294111,0.13316417,0.02142937,0.03122075,0.07231814,0.13946022,0.06956594,0.13365416,0.06088566,0.04083490,0.03051057,0.04220328,0.03548530,0.04205527,0.04537677,0.06430605,0.04482051,0.12008705,0.08446587,0.04210626,0.03360520,0.12029407,0.03676324,0.02433396,0.16372216,0.14295056,0.06979656,0.05897452,0.13585123,0.11757182,0.18530065,0.03172353,0.06047080,0.05120402,0.02023805,0.12033054,0.09559999,0.05923031,0.30247390,0.05154292,0.15430942,0.08159392,0.03376639,0.06423159,0.13090941,0.05725977,0.06019538,0.11388328,0.01652293,0.18481246,0.13132152,0.04509290,0.06738138,0.09790920,0.05051655,0.11182114
64,0.04873737,0.02757246,0.07373439,0.02791218,0.07009870,0.13724136,0.01843314,0.06045483,0.02876381,0.05520292,0.05776563,0.03652872,0.02051921,0.01975033,0.03081037,0.07289933,0.05264829,0.01813200,0.04988360,0.06872192,0.01538604,0.01498734,0.02805998,0.16023067,0.05738496,0.02810452,0.03520006,0.09243611,0.06300928,0.07667561,0.27112496,0.17929932,0.05056436,0.03113614,0.04063392,0.04106375,0.09255619,0.02511556,0.04032527,0.39345971,0.07308677,0.03751602,0.03590734,0.03627065,0.07799186,0.05487973,0.02200453,0.03642864,0.12647466,0.02841820,0.03535722,0.15678225,0.02026569,0.02562625,0.15738708,0.05555025,0.01664182,0.03826743,0.19723652,0.18979050,0.08902285,0.04437783,0.09265912,0.03283472,1.00000000,0.04688183,0.04352243,0.06252997,0.05059300,0.01948306,0.03139952,0.06838512,0.19201058,0.02788374,0.15795057,0.02627573,0.04458690,0.03518943,0.03932156,0.16564788,0.03354608,0.15317407,0.04134432,0.04274917,0.03456876,0.03599771,0.02431061,0.18679367,0.09311654,0.04976399,0.06382535,0.03584652,0.03363464,0.09209974,0.08271314,0.17278321,0.04111605,0.04889267,0.07065733,0.05645475,0.02699863,0.05476341,0.04906674,0.03806890,0.02454428,0.07299109,0.01848835,0.05436181,0.03095010,0.04755538,0.09874944,0.11599472,0.11288570,0.10701613,0.03526442,0.02929309,0.04477728,0.12468470,0.02170895,0.03205982,0.09651601,0.05956487,0.04902933,0.03686915,0.04293460,0.02386559,0.05327367,0.19700396
65,0.02363839,0.20358896,0.07699195,0.06836227,0.18333308,0.08002958,0.06594113,0.05092306,0.05984475,0.05365023,0.07208572,0.10941368,0.02646571,0.15326065,0.08401118,0.11619116,0.05598714,0.11425819,0.13027456,0.04786050,0.10616679,0.01867293,0.02518284,0.02168729,0.03379793,0.04630828,0.04728153,0.06454453,0.02111149,0.04014690,0.01675347,0.06697617,0.05153535,0.02918233,0.01510337,0.02964352,0.11859769,0.01895751,0.09966305,0.02882222,0.06999491,0.13885744,0.07072089,0.03022785,0.03233420,0.08644187,0.08427028,0.01837180,0.03380500,0.05526365,0.04528546,0.06788056,0.03086602,0.08295196,0.04445215,0.02910519,0.09123520,0.02177248,0.04595475,0.03856921,0.05763445,0.02498758,0.02162283,0.03779970,0.04688183,1.00000000,0.02236196,0.06486224,0.14350089,0.02213645,0.04114271,0.02971408,0.07290961,0.01087392,0.06398050,0.04742816,0.08092099,0.05805541,0.01759804,0.07218796,0.06469720,0.02444087,0.03838369,0.14147574,0.05119364,0.15869391,0.08217239,0.02993457,0.05481237,0.02302929,0.02205376,0.03290831,0.02288132,0.13386981,0.05553227,0.07812563,0.05236994,0.01838327,0.02801939,0.14239618,0.01734774,0.12416665,0.10023537,0.06114472,0.01928425,0.04225602,0.02472559,0.03230119,0.01857944,0.09481190,0.02951378,0.11749518,0.05577616,0.08491719,0.05422043,0.05747933,0.02432388,0.02945223,0.03607286,0.20177835,0.07548733,0.12652533,0.03121944,0.12779805,0.04184951,0.07760334,0.09500626,0.05797488
66,0.03258075,0.04675231,0.05067789,0.07917683,0.03012193,0.07840657,0.04557920,0.06649653,0.03566800,0.03960267,0.03993808,0.03670349,0.04336891,0.06792907,0.02937254,0.13410805,0.01590653,0.03154938,0.03589812,0.16100302,0.02583827,0.13567755,0.11396220,0.07661660,0.06275450,0.01992290,0.02629500,0.02740130,0.05837318,0.05668798,0.05154600,0.16469568,0.04385076,0.05233043,0.14191298,0.03454462,0.06407788,0.06826240,0.16907638,0.15755394,0.06275488,0.07839850,0.06023588,0.06746855,0.03210220,0.04126649,0.05183481,0.04089752,0.13357298,0.04831339,0.03014886,0.08590160,0.03419156,0.05915073,0.21594515,0.06247235,0.04970466,0.02060739,0.19303137,0.17039785,0.05831547,0.03453083,0.09028599,0.02906119,0.04352243,0.02236196,1.00000000,0.03442135,0.12975717,0.05854313,0.05560917,0.21773666,0.07020074,0.02444034,0.15459719,0.03920919,0.07873952,0.02785650,0.10878375,0.03302843,0.04146050,0.04579997,0.04305555,0.10153930,0.14268327,0.06648128,0.08224551,0.21668100,0.06667501,0.09141263,0.01191780,0.15693162,0.04970290,0.05091492,0.09315225,0.10069543,0.15130430,0.11091621,0.06409136,0.07454604,0.04524162,0.08390741,0.08033513,0.08060552,0.04204652,0.03772372,0.10793987,0.06526656,0.07345837,0.09153721,0.05710316,0.10943761,0.21144044,0.02929977,0.03789711,0.02454276,0.06746119,0.08191551,0.06844962,0.10032673,0.14284754,0.08711173,0.23348299,0.08392332,0.04117499,0.12992351,0.08430231,0.06790175
67,0.04757455,0.03732390,0.02199765,0.12491101,0.02061318,0.08392269,0.01823687,0.15516694,0.13996860,0.03491373,0.12128774,0.09036466,0.04097382,0.09036393,0.25601310,0.27183807,0.07984777,0.04423401,0.21577394,0.04148820,0.02050401,0.09057505,0.02014248,0.12639758,0.03259260,0.03233355,0.03342257,0.09018956,0.09720130,0.15455303,0.08622209,0.09762779,0.09671197,0.04343709,0.02334716,0.06506059,0.08364122,0.02253777,0.02387427,0.06293502,0.19004941,0.27895790,0.18481395,0.02777054,0.06250583,0.06513297,0.03037525,0.09240858,0.23389073,0.03628615,0.02859991,0.11895513,0.04679248,0.02103767,0.08377685,0.08502274,0.03964858,0.02144551,0.07721052,0.13466772,0.28063840,0.12277011,0.05807129,0.03312963,0.06252997,0.06486224,0.03442135,1.00000000,0.02819404,0.22986302,0.04410213,0.02571811,0.14544027,0.08049648,0.04553285,0.04728469,0.14511082,0.03183161,0.02794816,0.12847145,0.01935612,0.04252445,0.02966934,0.24664435,0.26200968,0.20662658,0.02991332,0.07446546,0.06829562,0.07436626,0.02211618,0.01545308,0.03602093,0.09268397,0.03260022,0.03820743,0.09257744,0.05303816,0.10118759,0.03301016,0.03354552,0.03599239,0.09088857,0.16830015,0.01394921,0.29889435,0.07444875,0.02660685,0.17419618,0.33677059,0.02285982,0.08323698,0.02601591,0.02076723,0.05463260,0.05221659,0.02100976,0.06144371,0.16881588,0.06234739,0.05265511,0.17082977,0.06426367,0.03382443,0.02128292,0.01585732,0.05512020,0.03838354
68,0.06627654,0.10162150,0.12963644,0.10391439,0.03966087,0.15744790,0.07352769,0.02661669,0.05196849,0.06024342,0.03102471,0.06646727,0.03894415,0.13912942,0.02547950,0.10292557,0.01630913,0.02205182,0.16040190,0.09486680,0.01742350,0.07328904,0.15623733,0.02022892,0.22401413,0.08920420,0.02497171,0.01364612,0.11620852,0.01490927,0.09250487,0.02998174,0.07765530,0.07437213,0.08212310,0.04195209,0.07146770,0.10282543,0.04891910,0.04187317,0.10097539,0.13529144,0.05797510,0.16245615,0.13065782,0.05422803,0.07844673,0.20273343,0.09360676,0.06743143,0.08091916,0.12447128,0.02472848,0.14772409,0.04880485,0.04890599,0.04206295,0.02504964,0.10637097,0.11272920,0.11552337,0.05659930,0.06469072,0.01610324,0.05059300,0.14350089,0.12975717,0.02819404,1.00000000,0.05949815,0.17934555,0.11577666,0.03812594,0.02567604,0.03998114,0.12196991,0.14644453,0.08471057,0.08343223,0.18741259,0.04250934,0.07230660,0.05579579,0.09187680,0.03905529,0.05108872,0.05848480,0.05040010,0.12678614,0.01713156,0.01718709,0.01278184,0.08536573,0.08193193,0.03273704,0.13236055,0.13418758,0.13747925,0.04045653,0.21704908,0.02233854,0.30242044,0.11260346,0.02662921,0.03151527,0.04312536,0.07237925,0.03852184,0.18753873,0.03281961,0.02856356,0.15843299,0.06666608,0.03044842,0.04208671,0.12819222,0.02770310,0.06872600,0.01975265,0.02378343,0.03765167,0.04315095,0.12867485,0.02703891,0.02102202,0.03946602,0.03283015,0.16556865
69,0.03199988,0.01815220,0.07698061,0.02214281,0.02928679,0.02093086,0.14880536,0.02674751,0.01587676,0.03044378,0.05393443,0.01874776,0.01771961,0.11370946,0.07408193,0.04419235,0.11450650,0.02801199,0.02234896,0.09051813,0.01653650,0.03129335,0.02451191,0.01544166,0.03241399,0.04899421,0.03946730,0.04100404,0.02679681,0.11680204,0.06209864,0.09567161,0.07317421,0.01976756,0.05850650,0.04494829,0.05982610,0.01877037,0.02351926,0.03092106,0.03496701,0.10913686,0.02604008,0.02738625,0.02351566,0.07027704,0.02037788,0.05034571,0.11375696,0.09755312,0.05176649,0.06133372,0.15673266,0.02118388,0.15972248,0.02596299,0.09830856,0.01608023,0.03953361,0.14162239,0.14773481,0.02004119,0.02846716,0.11298604,0.01948306,0.02213645,0.05854313,0.22986302,0.05949815,1.00000000,0.08639389,0.01141675,0.06952059,0.02607756,0.02139831,0.02413633,0.05518903,0.30848303,0.01727699,0.02364431,0.01786970,0.02043317,0.02515009,0.11595564,0.04848333,0.03168276,0.12085979,0.04881142,0.09914094,0.03377614,0.03169030,0.02356120,0.04667811,0.10173386,0.07397954,0.06892417,0.02604984,0.03971513,0.06894082,0.09259419,0.01563398,0.02050126,0.01988378,0.10746831,0.03463541,0.04455703,0.02572119,0.14051580,0.35095394,0.11134775,0.08437920,0.02510212,0.02746952,0.02453736,0.01722399,0.04033161,0.07103569,0.02053970,0.16138607,0.02577780,0.02726484,0.04740862,0.04712652,0.02872639,0.06221457,0.01060304,0.03399706,0.03056274
70,0.02632706,0.04483193,0.10100870,0.12016819,0.02669043,0.13023508,0.10682684,0.05986199,0.02442244,0.03693420,0.03639778,0.06121639,0.03499214,0.02179709,0.02285693,0.13591149,0.11188877,0.04145836,0.15002659,0.05205767,0.03238084,0.03020926,0.06987611,0.01411337,0.11958464,0.04222609,0.01989741,0.02475682,0.09467594,0.03548411,0.02970429,0.03621704,0.02754508,0.02911133,0.05970409,0.02259586,0.02015685,0.03352651,0.02839639,0.04704731,0.02608346,0.14702612,0.02625280,0.15465799,0.05492551,0.06450225,0.13831635,0.21656072,0.10913666,0.14220920,0.11820884,0.07488362,0.04292645,0.08949584,0.02918768,0.05534848,0.11775991,0.04251660,0.06876324,0.08875132,0.09632101,0.02971367,0.02520245,0.05472494,0.03139952,0.04114271,0.05560917,0.04410213,0.17934555,0.08639389,1.00000000,0.03151798,0.08146362,0.03874120,0.03388126,0.03062505,0.07048944,0.09174498,0.02861241,0.07829919,0.01892845,0.03665459,0.03265185,0.12872960,0.03081848,0.03542256,0.02045272,0.01909293,0.02501351,0.01795408,0.02222212,0.02030723,0.01308464,0.03931251,0.01916818,0.07507148,0.06890328,0.15538567,0.07770264,0.06843548,0.02440140,0.12368651,0.02177386,0.07445210,0.01644629,0.02792031,0.08323273,0.05221035,0.04549009,0.07381479,0.01851164,0.03931236,0.09125745,0.09396211,0.07301550,0.05066491,0.04238304,0.03925918,0.02963473,0.05216923,0.01981354,0.11638048,0.06704643,0.02080327,0.01456568,0.06688794,0.07777424,0.12568603
71,0.04935955,0.24059412,0.06836056,0.24749026,0.09300162,0.02812454,0.03412016,0.02279340,0.12726444,0.03340728,0.12913665,0.01627867,0.07369573,0.05615670,0.06144537,0.17273942,0.04804734,0.02208592,0.15517756,0.19894269,0.01556949,0.08308196,0.19238934,0.06105555,0.12056702,0.02353444,0.02866287,0.09565647,0.04442368,0.03697167,0.01560726,0.03426438,0.03925139,0.08569232,0.14737359,0.06467885,0.01201919,0.16413799,0.09550270,0.02473763,0.08841316,0.02226025,0.26640999,0.08106910,0.20007688,0.01475906,0.08564875,0.01638079,0.06161601,0.00999363,0.05050351,0.14944667,0.01596282,0.06565283,0.03677903,0.11816176,0.11350918,0.02905549,0.13260004,0.13267612,0.06150020,0.07614367,0.01003986,0.08536831,0.06838512,0.02971408,0.21773666,0.02571811,0.11577666,0.01141675,0.03151798,1.00000000,0.04152877,0.03388457,0.19323313,0.06837505,0.01761111,0.10724708,0.11254527,0.01509966,0.12407269,0.06073784,0.17936257,0.23005037,0.01335302,0.17375088,0.10759218,0.02842356,0.02145168,0.15001157,0.08546689,0.35298216,0.16542935,0.07425466,0.16364735,0.02544226,0.13809156,0.16101721,0.05383516,0.04381672,0.02650317,0.14892837,0.02676466,0.03979649,0.09132385,0.08308257,0.02292970,0.07618177,0.01788830,0.04866231,0.03514775,0.14216560,0.10536300,0.10122924,0.06809913,0.04998725,0.02260156,0.02344738,0.06870326,0.05273011,0.06523839,0.22226155,0.32726532,0.12776394,0.21483576,0.16065732,0.04099584,0.01412040
72,0.08980772,0.02070783,0.12976319,0.10700023,0.02793823,0.03957953,0.05717923,0.05824213,0.12444776,0.06003533,0.05406012,0.04633400,0.04589997,0.07232574,0.02503182,0.23636389,0.02813409,0.01719243,0.19660079,0.02784691,0.01717033,0.08679464,0.05133864,0.09892896,0.07523343,0.14872169,0.10511154,0.10600147,0.05456159,0.06707942,0.12156135,0.04508204,0.06577732,0.03360295,0.02438764,0.02191066,0.18696630,0.07733779,0.03187346,0.19528496,0.15471536,0.14492655,0.15113202,0.04875989,0.06682122,0.05219242,0.08693267,0.12842667,0.28596443,0.04225757,0.03136709,0.16087329,0.01257788,0.02187239,0.16916436,0.09164463,0.02502392,0.02535003,0.02743974,0.12275453,0.21093202,0.07406460,0.03717025,0.19294111,0.19201058,0.07290961,0.07020074,0.14544027,0.03812594,0.06952059,0.08146362,0.04152877,1.00000000,0.02907948,0.02735224,0.10007278,0.17371845,0.11152156,0.05272862,0.31747952,0.01768183,0.07481431,0.09518752,0.10014006,0.05551077,0.05774558,0.08497825,0.12261502,0.01853126,0.02080959,0.02223658,0.03267822,0.05861720,0.02804532,0.04623591,0.08761613,0.01908524,0.14740014,0.07072416,0.06803314,0.04983961,0.08090325,0.13286269,0.02257125,0.02234167,0.14679411,0.03087556,0.03471084,0.10959627,0.14673480,0.03586796,0.04094060,0.05460973,0.03829957,0.09483740,0.03568828,0.10605399,0.02554597,0.02189454,0.13497719,0.12123410,0.22134474,0.18480571,0.05834699,0.04416789,0.02466734,0.05999652,0.24590345
73,0.08237202,0.13194656,0.01608676,0.04126620,0.04312274,0.04682562,0.08920322,0.07161005,0.01980027,0.03669800,0.11415588,0.25107178,0.07524171,0.11227501,0.10293975,0.03211392,0.05802803,0.08844458,0.06689754,0.02576780,0.06278841,0.01722369,0.16398025,0.03105943,0.21765372,0.18306217,0.07455416,0.04735973,0.16205354,0.15724419,0.01959185,0.11119215,0.26855779,0.12479534,0.08126570,0.02188302,0.16847731,0.14010379,0.04186466,0.06117313,0.01766807,0.08215026,0.03639068,0.13863492,0.07106255,0.07871240,0.09007365,0.02034412,0.02808443,0.06710670,0.17729636,0.02791634,0.01158430,0.12709145,0.10465801,0.05916716,0.16782534,0.10446677,0.07710257,0.07979047,0.04155325,0.05622619,0.10297661,0.13316417,0.02788374,0.01087392,0.02444034,0.08049648,0.02567604,0.02607756,0.03874120,0.03388457,0.02907948,1.00000000,0.01671313,0.06609233,0.05481523,0.09471015,0.12525325,0.04069666,0.04526236,0.02024678,0.06757489,0.09223783,0.15193905,0.02291896,0.08680043,0.01795754,0.02754664,0.07708687,0.02919288,0.19912675,0.03031566,0.03758758,0.05935631,0.04145829,0.07752684,0.08525287,0.03848270,0.08863240,0.15432614,0.06016427,0.02130443,0.08251251,0.11882214,0.16932854,0.07747219,0.04875005,0.03074501,0.06176590,0.15696734,0.13217273,0.13814211,0.02820379,0.04973910,0.06397930,0.12117136,0.06529827,0.07209356,0.03817170,0.03314483,0.07585290,0.08350509,0.08641345,0.02039863,0.18142723,0.01834010,0.02126748
74,0.04846348,0.15164581,0.10677306,0.13432515,0.05023481,0.05708691,0.03158166,0.05039688,0.06292519,0.05300770,0.07473881,0.09303275,0.02148644,0.02286240,0.17539650,0.03588564,0.03541059,0.02373290,0.03786793,0.06550391,0.02637167,0.10991162,0.16393481,0.10288757,0.05835306,0.02202920,0.02273789,0.02862714,0.11741112,0.05623034,0.09351910,0.02361751,0.08943914,0.12395246,0.09356310,0.06037932,0.09893100,0.03877957,0.03422478,0.10727868,0.11231357,0.05815937,0.17139240,0.06071505,0.07879987,0.06405137,0.07983187,0.01954701,0.03057448,0.03613202,0.02242152,0.07395668,0.14655016,0.02811066,0.04410328,0.03461851,0.03242849,0.03092004,0.14842074,0.09809541,0.03517886,0.05533150,0.07083933,0.02142937,0.15795057,0.06398050,0.15459719,0.04553285,0.03998114,0.02139831,0.03388126,0.19323313,0.02735224,0.01671313,1.00000000,0.03701948,0.05601691,0.04299404,0.06168959,0.03022435,0.13835540,0.05038582,0.08401465,0.23233470,0.06225844,0.05582314,0.05885020,0.08331113,0.04845324,0.02891397,0.16235337,0.17711860,0.16483502,0.03695961,0.03706781,0.03214599,0.04274510,0.05523989,0.06864886,0.09415696,0.05732109,0.07419873,0.05856029,0.02779652,0.04542452,0.03608938,0.04355148,0.09248491,0.04884414,0.03892318,0.03706285,0.19566646,0.17100412,0.05737465,0.02097452,0.09420537,0.01767566,0.07108162,0.05783054,0.04464194,0.02404073,0.18594055,0.16292614,0.08399104,0.11723983,0.12239885,0.06967344,0.03881433
75,0.01705538,0.07479041,0.05124339,0.01278756,0.02172710,0.05195973,0.02443435,0.06729542,0.01568733,0.05600823,0.02571370,0.15803632,0.02154110,0.02152241,0.02239999,0.05604365,0.16928913,0.09874909,0.03247059,0.07454485,0.00906665,0.26282859,0.02618418,0.07065578,0.03916123,0.03816038,0.02521622,0.02602153,0.05954684,0.09007040,0.01829017,0.06512308,0.01057210,0.05550405,0.01653509,0.01711698,0.37048000,0.08274499,0.01529449,0.05741886,0.07183806,0.07873104,0.04189937,0.02629168,0.01711178,0.02679594,0.01621753,0.11395863,0.04816739,0.13604695,0.01528577,0.16727430,0.04073396,0.01570217,0.02969457,0.03404205,0.09622084,0.02946266,0.03382318,0.02123342,0.03962687,0.03447495,0.02111727,0.03122075,0.02627573,0.04742816,0.03920919,0.04728469,0.12196991,0.02413633,0.03062505,0.06837505,0.10007278,0.06609233,0.03701948,1.00000000,0.12431013,0.08793232,0.01619730,0.11131279,0.06244209,0.03933075,0.04370785,0.03543448,0.12281106,0.02584855,0.04543204,0.02025374,0.07833400,0.03266306,0.05924811,0.04692078,0.03832421,0.09184138,0.04279247,0.06924407,0.07496941,0.03883068,0.08781273,0.09108959,0.01794074,0.02812389,0.03175712,0.02403856,0.02419628,0.15772295,0.13149649,0.03820054,0.05009019,0.05446306,0.04412188,0.04843466,0.04907150,0.12803534,0.01897107,0.02093206,0.07861808,0.02510598,0.01437392,0.04923579,0.02207909,0.04731435,0.02296124,0.08176565,0.05288639,0.06957212,0.05402984,0.12221774
76,0.05550221,0.01904997,0.23567283,0.05172474,0.02342485,0.11527221,0.01527384,0.05672286,0.13488548,0.06433535,0.05310198,0.06449212,0.02453454,0.03150637,0.05938707,0.13481358,0.01391614,0.03906484,0.19644296,0.11127540,0.01475440,0.17269546,0.05697565,0.02203637,0.06795853,0.10255164,0.05309607,0.07476962,0.01874702,0.07983154,0.06649294,0.04433382,0.04038050,0.02030215,0.06143239,0.04481109,0.28097147,0.05326746,0.02870283,0.03418690,0.03012686,0.20308386,0.10334351,0.06626308,0.05603670,0.03821239,0.06542496,0.08680618,0.16163814,0.01653484,0.04679264,0.04464982,0.02172845,0.01934295,0.06088300,0.02383058,0.01448323,0.01156059,0.06429800,0.07937977,0.09886631,0.02704960,0.01913145,0.07231814,0.04458690,0.08092099,0.07873952,0.14511082,0.14644453,0.05518903,0.07048944,0.01761111,0.17371845,0.05481523,0.05601691,0.12431013,1.00000000,0.03912504,0.06533684,0.32326442,0.03152707,0.06594539,0.05345735,0.15309492,0.11310815,0.12771231,0.02106813,0.06570476,0.11129595,0.03164946,0.01729257,0.01540203,0.06776787,0.25157300,0.01890140,0.10578115,0.01594513,0.08865570,0.14220101,0.21566841,0.02800587,0.14506906,0.03025467,0.03979148,0.01559469,0.13862389,0.07066369,0.07441168,0.08961169,0.20425361,0.02443993,0.08472860,0.02764857,0.06659415,0.06150454,0.07089175,0.02267333,0.01996588,0.11147398,0.05003815,0.02362177,0.13094544,0.15666917,0.06151498,0.01387280,0.01465277,0.02276532,0.16309129
77,0.02445557,0.02279373,0.08462621,0.04612007,0.03894045,0.02827537,0.14953242,0.09357625,0.05292888,0.05239268,0.04893110,0.03088275,0.08905120,0.09606571,0.06476759,0.07987099,0.11691006,0.03301918,0.04866866,0.05454811,0.04379351,0.04613064,0.15205407,0.02627506,0.11417621,0.15432999,0.03791691,0.02482881,0.04317310,0.17145264,0.11990283,0.01658405,0.16310066,0.02867283,0.03148402,0.02305669,0.05833999,0.12016627,0.06886956,0.06703082,0.11237098,0.02620430,0.03665791,0.04391574,0.03693207,0.03857474,0.02672882,0.02691432,0.03188969,0.10876265,0.07938023,0.08412050,0.12568107,0.04774379,0.04834925,0.08818509,0.18063265,0.02787447,0.04293153,0.08915840,0.02911937,0.05573146,0.11690597,0.13946022,0.03518943,0.05805541,0.02785650,0.03183161,0.08471057,0.30848303,0.09174498,0.10724708,0.11152156,0.09471015,0.04299404,0.08793232,0.03912504,1.00000000,0.06083907,0.03117237,0.05100934,0.12720774,0.03346417,0.15117525,0.08688629,0.04942454,0.17550236,0.03897068,0.02957732,0.03860043,0.02959830,0.08486634,0.04879874,0.11800268,0.02560771,0.10238484,0.03952108,0.10396689,0.09290783,0.04913606,0.06211603,0.10834210,0.09724633,0.05332292,0.08324832,0.18257777,0.08125325,0.11155167,0.19343251,0.04341185,0.06843279,0.04090623,0.05870465,0.11254448,0.05428268,0.03500666,0.06507086,0.05246902,0.10214268,0.04261160,0.04880539,0.07218932,0.02869616,0.09075692,0.03523768,0.05686701,0.03712862,0.10845228
78,0.02882428,0.10880651,0.09172948,0.08512856,0.06100732,0.03861780,0.11864291,0.04201878,0.08407910,0.02966030,0.07330827,0.09787254,0.10917987,0.01942590,0.04098424,0.08391690,0.06900601,0.07586771,0.16453972,0.11260450,0.34264958,0.10726974,0.31751668,0.07420041,0.19716999,0.04134594,0.12801972,0.14339119,0.15997374,0.04629368,0.02763942,0.02102179,0.23635109,0.16603693,0.15222919,0.11138035,0.02640039,0.14899835,0.16488738,0.05221970,0.05977336,0.03806842,0.12822491,0.31711787,0.15044962,0.05170442,0.10615303,0.07009230,0.03683429,0.02809502,0.09275277,0.04948731,0.03855462,0.04832856,0.10640601,0.27793184,0.13898280,0.04020611,0.02523771,0.23457521,0.07055424,0.08504924,0.06814779,0.06956594,0.03932156,0.01759804,0.10878375,0.02794816,0.08343223,0.01727699,0.02861241,0.11254527,0.05272862,0.12525325,0.06168959,0.01619730,0.06533684,0.06083907,1.00000000,0.08613215,0.21580212,0.01656102,0.14062695,0.21376894,0.08418150,0.04609396,0.09370653,0.04963506,0.03629265,0.13627398,0.21169533,0.19315833,0.08965273,0.15485443,0.24321795,0.04979341,0.09664437,0.34366006,0.03286936,0.03941737,0.16659120,0.17761049,0.04972234,0.15465102,0.03338069,0.01348242,0.10226579,0.02489148,0.04946984,0.06823932,0.01885001,0.02335218,0.14295918,0.04629276,0.50866675,0.17286645,0.04473318,0.08109719,0.03691135,0.06521074,0.04017594,0.24781233,0.15142421,0.08765794,0.08142525,0.14879414,0.09273819,0.10347676
79,0.08799015,0.02688293,0.18758482,0.11638481,0.07617946,0.04374396,0.02899629,0.09317189,0.09592558,0.06982438,0.07644102,0.06832469,0.01951048,0.10035208,0.08019862,0.15359962,0.02113410,0.03239682,0.22717533,0.02085252,0.01374988,0.09132667,0.09289584,0.09016192,0.07426345,0.09865309,0.02555335,0.09896112,0.07154635,0.06299105,0.08371221,0.14001535,0.04881425,0.06866142,0.01673478,0.10214458,0.19738412,0.01989785,0.06250822,0.26431334,0.05636868,0.17651188,0.13207008,0.07671671,0.13060522,0.05355207,0.04743797,0.13871427,0.16205084,0.03244415,0.02757617,0.21482512,0.08149357,0.02551121,0.15928054,0.09328100,0.02804029,0.02770460,0.05035876,0.16602752,0.15769789,0.01498062,0.03381902,0.13365416,0.16564788,0.07218796,0.03302843,0.12847145,0.18741259,0.02364431,0.07829919,0.01509966,0.31747952,0.04069666,0.03022435,0.11131279,0.32326442,0.03117237,0.08613215,1.00000000,0.04151426,0.28930885,0.07924406,0.14210996,0.10797723,0.06067293,0.03277627,0.06211652,0.02831612,0.04519320,0.03577144,0.03062942,0.04050021,0.07378273,0.04322545,0.14233232,0.05653710,0.10903891,0.11799705,0.26476693,0.01458756,0.29325026,0.03924485,0.04614376,0.01683458,0.13179825,0.05349504,0.02904388,0.11177954,0.06752400,0.02651362,0.10068894,0.07552938,0.02965190,0.09458283,0.05127839,0.05652625,0.03173487,0.01899175,0.07986263,0.11022469,0.15951532,0.15986736,0.05993295,0.05403837,0.01366750,0.04434090,0.38331723
80,0.12835437,0.14493971,0.03867453,0.17427887,0.03221370,0.02413663,0.02296834,0.04263610,0.05467700,0.04409335,0.12059987,0.01556052,0.06723416,0.02966353,0.16094416,0.10818492,0.02343436,0.04795775,0.09188792,0.12198181,0.02404157,0.06046176,0.34243739,0.05801683,0.03001774,0.03185182,0.02747104,0.08641034,0.04441300,0.04288942,0.05999848,0.03066500,0.02976353,0.23800194,0.19102153,0.17965087,0.08930974,0.12030418,0.03045157,0.03839482,0.13184780,0.09440996,0.21728848,0.08963151,0.09635130,0.07612283,0.06523540,0.02244174,0.02771744,0.04052656,0.03576967,0.03850561,0.03294476,0.04525058,0.04584605,0.14851211,0.15690047,0.10587840,0.05789196,0.20421481,0.07188910,0.15194541,0.05138631,0.06088566,0.03354608,0.06469720,0.04146050,0.01935612,0.04250934,0.01786970,0.01892845,0.12407269,0.01768183,0.04526236,0.13835540,0.06244209,0.03152707,0.05100934,0.21580212,0.04151426,1.00000000,0.02703845,0.16770440,0.24816574,0.05842079,0.03992356,0.12541783,0.08391653,0.21234594,0.11008309,0.33407789,0.29021311,0.31990898,0.09068249,0.20442010,0.03556374,0.14882362,0.17442936,0.03380749,0.08016712,0.06771769,0.17563099,0.01696747,0.04092712,0.17229205,0.03014474,0.09423616,0.05570120,0.02455255,0.06422837,0.02527156,0.03396173,0.21812728,0.01540010,0.09545766,0.06289835,0.04988839,0.05761188,0.07784022,0.11500018,0.03545687,0.40339896,0.02932670,0.07910001,0.26465952,0.17298335,0.05147690,0.07009631
81,0.04147090,0.04914718,0.03479739,0.06468344,0.03870128,0.06996267,0.02685626,0.03871316,0.12250368,0.06982252,0.03527102,0.03668192,0.02177168,0.06423751,0.05948522,0.10143335,0.02969510,0.05369678,0.12907930,0.03144047,0.01018544,0.05045089,0.03526275,0.16395253,0.04064090,0.02118865,0.10182478,0.03162806,0.07246185,0.10625703,0.08469556,0.15184024,0.05807187,0.05359976,0.02944301,0.02902280,0.03625105,0.04443341,0.05022604,0.28003022,0.28160638,0.14099930,0.12217430,0.02878546,0.04723422,0.06837924,0.04576511,0.07124709,0.23025183,0.06275327,0.02107070,0.05064096,0.03984611,0.02772591,0.10354684,0.02750040,0.05043437,0.04270472,0.04469027,0.04903184,0.15428272,0.16200182,0.13409631,0.04083490,0.15317407,0.02444087,0.04579997,0.04252445,0.07230660,0.02043317,0.03665459,0.06073784,0.07481431,0.02024678,0.05038582,0.03933075,0.06594539,0.12720774,0.01656102,0.28930885,0.02703845,1.00000000,0.05228116,0.03204183,0.08442359,0.09897245,0.05384475,0.08928183,0.02580547,0.02969838,0.03747540,0.02234909,0.02502540,0.04412746,0.02694036,0.19533069,0.05729920,0.04570967,0.03737138,0.12864804,0.02101767,0.07321189,0.08097473,0.18020147,0.02054258,0.18070200,0.03203541,0.02330415,0.03852484,0.09579081,0.16260311,0.02157206,0.09743802,0.15543678,0.02927249,0.06524572,0.17545587,0.02953872,0.04194044,0.06349495,0.04748987,0.12274519,0.02554865,0.02604252,0.05878948,0.03550372,0.05365275,0.18002170
82,0.07443084,0.15719277,0.19573578,0.01567617,0.04516978,0.03450373,0.06057397,0.14017835,0.20346904,0.05919735,0.02925888,0.01273545,0.08692585,0.05445540,0.14830470,0.06617375,0.02379406,0.02630629,0.13751221,0.03058016,0.01494049,0.06053320,0.17074123,0.02648591,0.11878338,0.12811598,0.30149293,0.05373730,0.05039348,0.05444350,0.02132350,0.09610671,0.02610891,0.10291548,0.09559180,0.12251740,0.05425153,0.05871566,0.08384556,0.04217850,0.11729720,0.05144533,0.11132315,0.13720459,0.12325914,0.10952438,0.06911825,0.05736704,0.05346985,0.02495364,0.02557340,0.04036706,0.03376098,0.05544148,0.10987684,0.19645581,0.11407419,0.01823234,0.07628469,0.08002007,0.06809238,0.07614487,0.07365942,0.03051057,0.04134432,0.03838369,0.04305555,0.02966934,0.05579579,0.02515009,0.03265185,0.17936257,0.09518752,0.06757489,0.08401465,0.04370785,0.05345735,0.03346417,0.14062695,0.07924406,0.16770440,0.05228116,1.00000000,0.10017703,0.07759456,0.04592819,0.19262078,0.04252805,0.05252197,0.06837627,0.11908831,0.11041678,0.06666882,0.08841917,0.02447387,0.04118523,0.11867819,0.19083643,0.07404865,0.06289235,0.05756555,0.09993348,0.03542854,0.09530118,0.04683380,0.04491441,0.07830054,0.08047789,0.06667799,0.03591536,0.11046779,0.02304134,0.16325177,0.05772157,0.10209853,0.04420623,0.09539019,0.04568776,0.05812376,0.14467219,0.06368238,0.18017945,0.09427695,0.03133336,0.21683121,0.03494884,0.06311592,0.04360928
83,0.14252108,0.15900749,0.07680966,0.28041896,0.06529963,0.11037310,0.15006240,0.18242575,0.03014456,0.05475990,0.22034793,0.03469858,0.06089141,0.02720134,0.28568149,0.26099381,0.04445764,0.03284699,0.23980279,0.03533171,0.03387577,0.14544198,0.28423813,0.06557287,0.11973111,0.08471636,0.02796657,0.09206158,0.09959614,0.03840834,0.03232982,0.02027931,0.02618226,0.15560837,0.20548797,0.11745264,0.12257123,0.12166518,0.02864403,0.03291239,0.16504571,0.08597036,0.34389400,0.20931430,0.32986647,0.04658324,0.17502114,0.14982700,0.14107132,0.06958726,0.11114289,0.11718050,0.17850545,0.09969582,0.04269792,0.17590687,0.32240468,0.08859570,0.05503374,0.25883240,0.12844560,0.17841414,0.08156261,0.04220328,0.04274917,0.14147574,0.10153930,0.24664435,0.09187680,0.11595564,0.12872960,0.23005037,0.10014006,0.09223783,0.23233470,0.03543448,0.15309492,0.15117525,0.21376894,0.14210996,0.24816574,0.03204183,0.10017703,1.00000000,0.10788806,0.11862591,0.06863568,0.05223081,0.18260029,0.05839407,0.21797410,0.24374048,0.17922613,0.22707540,0.09406430,0.07649682,0.02858600,0.05348387,0.12425314,0.17248261,0.06481543,0.26048136,0.06961446,0.08444714,0.15049516,0.13152874,0.05841283,0.05961809,0.18995219,0.05329791,0.02385364,0.17382985,0.15928334,0.18542558,0.07805589,0.07111377,0.03497943,0.06674957,0.07588941,0.14045870,0.05299324,0.42355686,0.23464558,0.09070230,0.19383776,0.24745330,0.07984552,0.12890491
84,0.03300579,0.04323302,0.06807593,0.12036477,0.04978391,0.14384806,0.12674356,0.14672029,0.11420593,0.12618038,0.11191392,0.18221948,0.02525173,0.03603724,0.32425880,0.33247435,0.07967380,0.05135363,0.19875655,0.05955184,0.06701487,0.03700068,0.01878222,0.07591876,0.04041759,0.10232526,0.03151270,0.02941883,0.20270452,0.31375268,0.03323968,0.03617426,0.35853618,0.07301204,0.01848915,0.05928573,0.23412742,0.02241723,0.10670616,0.04273135,0.15697582,0.32479993,0.11933745,0.02541813,0.09343036,0.03997203,0.02986132,0.04377519,0.05124896,0.03500221,0.08068961,0.07448135,0.02532545,0.02704891,0.03311503,0.07560375,0.02213698,0.04597221,0.03023569,0.04560401,0.05022866,0.03775852,0.06231768,0.03548530,0.03456876,0.05119364,0.14268327,0.26200968,0.03905529,0.04848333,0.03081848,0.01335302,0.05551077,0.15193905,0.06225844,0.12281106,0.11310815,0.08688629,0.08418150,0.10797723,0.05842079,0.08442359,0.07759456,0.10788806,1.00000000,0.20555931,0.23691379,0.07436241,0.05982815,0.16403183,0.03850356,0.07882328,0.02019642,0.05455974,0.07151983,0.03883418,0.03131487,0.06786111,0.13792312,0.16939011,0.16255668,0.05776839,0.02366144,0.24963550,0.06383616,0.39255139,0.15439367,0.17351934,0.05715166,0.24524456,0.02226523,0.22285831,0.04217649,0.07244173,0.02505029,0.01900284,0.04471930,0.04304115,0.01966978,0.19054309,0.12784658,0.20315051,0.03020937,0.10724933,0.07788440,0.02974494,0.07881096,0.07020094
85,0.14723259,0.16699602,0.12712760,0.20961714,0.18488249,0.18143836,0.09678926,0.05151481,0.15571873,0.08354032,0.42245364,0.02921783,0.05596485,0.08391652,0.32110214,0.25966999,0.25421587,0.06423484,0.28408843,0.06701215,0.12733066,0.05717886,0.11714532,0.09313250,0.02638525,0.06445181,0.17184807,0.22949564,0.20933616,0.41400173,0.05108123,0.05655660,0.02454367,0.03283715,0.05965402,0.08882330,0.08973049,0.03166593,0.10639375,0.04295179,0.06304371,0.20618430,0.18062297,0.09731847,0.04968601,0.09496173,0.04820598,0.09137237,0.09305594,0.10819304,0.08829024,0.05888333,0.05830286,0.07714328,0.07103604,0.03973323,0.05997853,0.10010472,0.03032862,0.03565900,0.11086754,0.03230599,0.04287305,0.04205527,0.03599771,0.15869391,0.06648128,0.20662658,0.05108872,0.03168276,0.03542256,0.17375088,0.05774558,0.02291896,0.05582314,0.02584855,0.12771231,0.04942454,0.04609396,0.06067293,0.03992356,0.09897245,0.04592819,0.11862591,0.20555931,1.00000000,0.09528402,0.03900891,0.09046450,0.09770794,0.03954984,0.01832630,0.04784803,0.07087173,0.20001766,0.04570768,0.04650833,0.10755263,0.07926200,0.08898208,0.05318702,0.11433318,0.12795623,0.02845382,0.04263675,0.18186983,0.11547171,0.07062677,0.03504094,0.18664244,0.04955069,0.05191075,0.11898832,0.07642756,0.08550254,0.15237272,0.11560689,0.04962308,0.09879518,0.21139805,0.07078297,0.24777079,0.14522123,0.11993314,0.11108544,0.01768808,0.19196944,0.06677943
86,0.04510310,0.15229511,0.02557391,0.08515006,0.08598071,0.06637345,0.03146341,0.08994566,0.08655667,0.06505783,0.04406297,0.09708875,0.02966823,0.04250476,0.07961924,0.18805481,0.02146590,0.03057216,0.06237559,0.09107745,0.04428827,0.04757180,0.12250851,0.01359971,0.16647072,0.04505850,0.01589702,0.06808841,0.08734804,0.31969225,0.01545326,0.01451973,0.17052275,0.07909454,0.06704411,0.02955674,0.10292290,0.02373424,0.08893161,0.05063495,0.05071236,0.13650143,0.04334254,0.12589878,0.06975804,0.03916436,0.03312632,0.01564920,0.03223694,0.02129202,0.02597814,0.02279330,0.08801110,0.20241210,0.03684621,0.11519410,0.13268661,0.04504363,0.03920143,0.12514582,0.02728121,0.01873230,0.02075013,0.04537677,0.02431061,0.08217239,0.08224551,0.02991332,0.05848480,0.12085979,0.02045272,0.10759218,0.08497825,0.08680043,0.05885020,0.04543204,0.02106813,0.17550236,0.09370653,0.03277627,0.12541783,0.05384475,0.19262078,0.06863568,0.23691379,0.09528402,1.00000000,0.02791995,0.06364927,0.13033566,0.09969535,0.16568474,0.12921196,0.09188990,0.13503122,0.05918383,0.07621732,0.16764078,0.04251341,0.11593528,0.06493913,0.04542971,0.09296373,0.08763859,0.07401390,0.25849858,0.12387469,0.13482100,0.10908070,0.15702046,0.03285398,0.02719364,0.09293363,0.03232072,0.06720072,0.23124361,0.03016400,0.10193982,0.03439659,0.04875750,0.10632905,0.11958978,0.02307732,0.10872103,0.06306569,0.12445713,0.04578293,0.02185699
87,0.03608679,0.02928021,0.03392071,0.03159446,0.04108886,0.04199129,0.04507848,0.08220650,0.09483963,0.07907179,0.04206911,0.02367214,0.04630535,0.06784528,0.07063363,0.14406168,0.04571221,0.03123927,0.11440749,0.02945847,0.01475302,0.05700401,0.02089734,0.40598100,0.04740306,0.02132821,0.09654416,0.02944128,0.06192613,0.04901498,0.15672848,0.03578201,0.03563324,0.27139926,0.01783741,0.02061301,0.03062617,0.03440694,0.04406914,0.22979766,0.25045916,0.11001444,0.05923599,0.07500653,0.02829687,0.04553892,0.08184552,0.02780866,0.12785688,0.03492946,0.04269494,0.08407036,0.02158108,0.03544396,0.04718167,0.07595010,0.04921688,0.06921057,0.03772905,0.10813248,0.15875758,0.23675922,0.23612404,0.06430605,0.18679367,0.02993457,0.21668100,0.07446546,0.05040010,0.04881142,0.01909293,0.02842356,0.12261502,0.01795754,0.08331113,0.02025374,0.06570476,0.03897068,0.04963506,0.06211652,0.08391653,0.08928183,0.04252805,0.05223081,0.07436241,0.03900891,0.02791995,1.00000000,0.03830720,0.03978505,0.09003999,0.01431121,0.04929648,0.14248261,0.03116222,0.12387583,0.03081217,0.03931662,0.07549004,0.21502684,0.04102463,0.10182088,0.06209528,0.04860261,0.05810465,0.06572889,0.05858555,0.04726221,0.01798270,0.05326330,0.14284968,0.14261605,0.21430635,0.04991313,0.03147877,0.02920072,0.07092215,0.02154247,0.08493534,0.07460605,0.05757377,0.18057130,0.06636634,0.04230768,0.11892205,0.04716983,0.02677060,0.08373965
88,0.04517116,0.11813919,0.01784546,0.14574927,0.08009574,0.10426127,0.02147010,0.13116768,0.12779970,0.09147163,0.13224211,0.04103209,0.05019052,0.09571117,0.16360065,0.02450404,0.09221029,0.01337224,0.04651767,0.15038472,0.01879665,0.02117067,0.05180769,0.02465405,0.08483993,0.02353229,0.10889377,0.02707361,0.10002772,0.03351718,0.04900415,0.02807655,0.07986206,0.02531261,0.04908519,0.12179153,0.07841980,0.05426384,0.04729151,0.04341627,0.13963994,0.11062007,0.03345497,0.05687426,0.06899634,0.09905912,0.04732146,0.03417973,0.03846871,0.02403644,0.05745171,0.01360063,0.01679070,0.02314590,0.04989554,0.02990207,0.09202066,0.09203224,0.03098854,0.09198243,0.11142367,0.08114251,0.02241706,0.04482051,0.09311654,0.05481237,0.06667501,0.06829562,0.12678614,0.09914094,0.02501351,0.02145168,0.01853126,0.02754664,0.04845324,0.07833400,0.11129595,0.02957732,0.03629265,0.02831612,0.21234594,0.02580547,0.05252197,0.18260029,0.05982815,0.09046450,0.06364927,0.03830720,1.00000000,0.04500166,0.11533089,0.09983726,0.26010567,0.03558929,0.05096142,0.02499353,0.04372409,0.08067781,0.08055800,0.11797518,0.01771126,0.04929956,0.06832349,0.09182921,0.06049043,0.03150162,0.03176406,0.03862148,0.03272033,0.16443886,0.04062489,0.07710189,0.06259719,0.02979876,0.03127268,0.03301613,0.03210424,0.02656227,0.14452472,0.21302649,0.07855110,0.13862598,0.09386533,0.10612893,0.18672740,0.07936805,0.06129352,0.03657662
89,0.26802230,0.10176072,0.01837624,0.03737349,0.05293027,0.03293493,0.07059257,0.04765622,0.07843202,0.06182560,0.06313512,0.09947787,0.30932659,0.09416221,0.13812289,0.04120682,0.02049032,0.15555908,0.07013392,0.08315232,0.01868666,0.02063067,0.07801141,0.04631184,0.15225109,0.02913186,0.04582788,0.03038594,0.10151639,0.16744304,0.03297964,0.03245083,0.07035093,0.09206106,0.07224978,0.06168380,0.05083077,0.16488110,0.15850577,0.03890635,0.02160185,0.19390315,0.20983861,0.04173067,0.13991992,0.09527597,0.12684841,0.03058752,0.06785618,0.02176634,0.05207903,0.02430804,0.02605768,0.03694052,0.02581222,0.23276086,0.09078285,0.06846026,0.02794801,0.06680875,0.09257382,0.06011397,0.01922369,0.12008705,0.04976399,0.02302929,0.09141263,0.07436626,0.01713156,0.03377614,0.01795408,0.15001157,0.02080959,0.07708687,0.02891397,0.03266306,0.03164946,0.03860043,0.13627398,0.04519320,0.11008309,0.02969838,0.06837627,0.05839407,0.16403183,0.09770794,0.13033566,0.03978505,0.04500166,1.00000000,0.03858485,0.16037571,0.08321323,0.12883115,0.19252768,0.03033725,0.09952998,0.03891601,0.05262163,0.05044863,0.17305674,0.06924376,0.03782181,0.15956007,0.22492446,0.10084135,0.10177486,0.06510144,0.02365846,0.07785350,0.02200528,0.02778214,0.10950483,0.03378260,0.15671244,0.21144678,0.03223881,0.04544562,0.03914429,0.02661909,0.13556379,0.09188849,0.18639319,0.08868165,0.05888312,0.11083896,0.05117361,0.01954449
90,0.09416537,0.12413099,0.09215613,0.11255342,0.02086749,0.05866618,0.04170117,0.01007476,0.03960682,0.08102530,0.16336074,0.01205334,0.06744336,0.01592076,0.14781258,0.01915445,0.02612201,0.02058586,0.02382458,0.11713713,0.03321070,0.02884435,0.31093907,0.06532717,0.05648496,0.06552801,0.05483137,0.10376736,0.03568794,0.14232358,0.05146606,0.06030092,0.03296062,0.23676834,0.22638735,0.17420691,0.02651823,0.06052617,0.02708963,0.02619061,0.07759218,0.05447336,0.11866635,0.10885035,0.33650821,0.02031761,0.06487719,0.01772183,0.02898991,0.05453008,0.05212431,0.05541003,0.01753364,0.08760957,0.05749432,0.13989522,0.04679916,0.10160801,0.01986078,0.11597836,0.03178630,0.16652974,0.06056262,0.08446587,0.06382535,0.02205376,0.01191780,0.02211618,0.01718709,0.03169030,0.02222212,0.08546689,0.02223658,0.02919288,0.16235337,0.05924811,0.01729257,0.02959830,0.21169533,0.03577144,0.33407789,0.03747540,0.11908831,0.21797410,0.03850356,0.03954984,0.09969535,0.09003999,0.11533089,0.03858485,1.00000000,0.18842953,0.26263502,0.05999120,0.14517900,0.03815470,0.09693404,0.15974350,0.09594035,0.04211399,0.04562384,0.12143123,0.02138554,0.03553153,0.09647765,0.02597456,0.00929889,0.03434540,0.02151415,0.08542891,0.02167882,0.01638780,0.18051249,0.05249848,0.05684042,0.07005773,0.03567833,0.09911948,0.05189725,0.02740972,0.02416502,0.28100017,0.05837548,0.05452760,0.26211673,0.14680237,0.02723842,0.03794558
91,0.08328693,0.26606351,0.01934837,0.13500348,0.03008376,0.05029501,0.07250494,0.02307303,0.07157056,0.01905253,0.04334141,0.06310003,0.11841889,0.16789822,0.08616094,0.02656657,0.01642053,0.05536048,0.02681615,0.14679943,0.03592489,0.10462053,0.30069268,0.09501696,0.08384766,0.10813652,0.01933512,0.06287135,0.05080575,0.14862555,0.02532775,0.04149455,0.06007027,0.23925313,0.30689597,0.04891847,0.10022365,0.19340223,0.04365070,0.05161528,0.05035475,0.14519790,0.19797203,0.08035330,0.14745343,0.04324775,0.11774986,0.01829917,0.03658333,0.01284876,0.09353122,0.02008502,0.01648206,0.05973160,0.04137608,0.09014381,0.19818845,0.10772731,0.06419732,0.15814897,0.03279033,0.13281873,0.03429791,0.04210626,0.03584652,0.03290831,0.15693162,0.01545308,0.01278184,0.02356120,0.02030723,0.35298216,0.03267822,0.19912675,0.17711860,0.04692078,0.01540203,0.08486634,0.19315833,0.03062942,0.29021311,0.02234909,0.11041678,0.24374048,0.07882328,0.01832630,0.16568474,0.01431121,0.09983726,0.16037571,0.18842953,1.00000000,0.28282005,0.08662415,0.21803714,0.02512284,0.13391426,0.10851717,0.03975157,0.05541787,0.06827703,0.07567596,0.05827996,0.08967061,0.19487730,0.03085132,0.10508633,0.09267302,0.04869010,0.06026720,0.01434323,0.01711536,0.08623032,0.01201960,0.08586888,0.02899858,0.03988154,0.02869555,0.03118869,0.06953344,0.11447953,0.21258837,0.19980711,0.11033870,0.12668654,0.33721209,0.02251876,0.01487283
92,0.07222123,0.14064346,0.01592505,0.30245075,0.02661188,0.02067810,0.02811042,0.03543313,0.04629591,0.03884447,0.16289547,0.02369607,0.03142425,0.04939757,0.13874051,0.03317926,0.05776140,0.03531417,0.05803222,0.23206764,0.01417878,0.14504671,0.15582599,0.17981894,0.03147879,0.05488361,0.04161172,0.08387662,0.04536150,0.06023289,0.02555656,0.03693986,0.03588482,0.11609791,0.12140836,0.23137069,0.04586603,0.23785061,0.01556377,0.03328954,0.04521972,0.06027132,0.16477978,0.03131218,0.16991535,0.02594860,0.03901435,0.02508212,0.03647478,0.02597737,0.06199259,0.08962148,0.02598511,0.05135020,0.02480275,0.04254432,0.12133831,0.16314422,0.04987439,0.15405987,0.02768477,0.10182180,0.03681564,0.03360520,0.03363464,0.02288132,0.04970290,0.03602093,0.08536573,0.04667811,0.01308464,0.16542935,0.05861720,0.03031566,0.16483502,0.03832421,0.06776787,0.04879874,0.08965273,0.04050021,0.31990898,0.02502540,0.06666882,0.17922613,0.02019642,0.04784803,0.12921196,0.04929648,0.26010567,0.08321323,0.26263502,0.28282005,1.00000000,0.04829933,0.21017997,0.03757681,0.16286483,0.07497079,0.02608515,0.07497258,0.07936863,0.11853392,0.03290990,0.02360235,0.14118057,0.02506391,0.03930105,0.04408085,0.12554514,0.10233949,0.07887166,0.06726638,0.12941495,0.02674735,0.05296682,0.02214880,0.04776804,0.03833407,0.14371255,0.06066754,0.03036674,0.20895459,0.11891656,0.09524286,0.38992950,0.22727814,0.03156136,0.03369118
93,0.06252699,0.05768881,0.11629742,0.03281924,0.05477005,0.13422650,0.19840461,0.14421982,0.01953668,0.06322058,0.02054425,0.02455133,0.02619797,0.03400982,0.02167440,0.14355239,0.09770182,0.27894711,0.21934943,0.08456277,0.00991991,0.20482494,0.10681367,0.13793263,0.19042453,0.04489296,0.02703991,0.02892239,0.05889907,0.07034668,0.09169945,0.09239835,0.03562999,0.17813435,0.13111016,0.04080325,0.24594837,0.07181634,0.09687653,0.08448134,0.08595479,0.09804570,0.11349281,0.05789499,0.09906043,0.10277295,0.10213947,0.16634324,0.06442671,0.03192887,0.04362129,0.02688004,0.03064308,0.14669657,0.05228980,0.12744874,0.13267572,0.01917658,0.06176348,0.09306553,0.13327789,0.05656342,0.06229180,0.12029407,0.09209974,0.13386981,0.05091492,0.09268397,0.08193193,0.10173386,0.03931251,0.07425466,0.02804532,0.03758758,0.03695961,0.09184138,0.25157300,0.11800268,0.15485443,0.07378273,0.09068249,0.04412746,0.08841917,0.22707540,0.05455974,0.07087173,0.09188990,0.14248261,0.03558929,0.12883115,0.05999120,0.08662415,0.04829933,1.00000000,0.03813487,0.16084319,0.05616722,0.04627689,0.15784058,0.03895244,0.09206051,0.08837475,0.03450848,0.07832076,0.10544530,0.08520564,0.21604319,0.11066429,0.18319970,0.07757105,0.03177612,0.03661321,0.15773416,0.14905263,0.04973957,0.06670974,0.04198292,0.05995081,0.07036171,0.14581504,0.03079591,0.21690369,0.15520255,0.02311720,0.04933164,0.08594029,0.03889147,0.05625331
94,0.30740994,0.18288265,0.02261890,0.29082149,0.04721683,0.02748691,0.05485486,0.03786799,0.06626080,0.05943408,0.18019545,0.04859662,0.22103441,0.11659469,0.12006399,0.12378936,0.04272287,0.05033350,0.06295334,0.10993333,0.10962721,0.05815729,0.16432802,0.05685039,0.04593366,0.03742516,0.08296108,0.26318312,0.02218064,0.08827063,0.06127907,0.03372329,0.14153959,0.15197271,0.16614825,0.14726549,0.04408358,0.14981818,0.11603241,0.08818969,0.02211210,0.07363571,0.27661580,0.04655851,0.16252454,0.09654974,0.11619455,0.04131944,0.02518814,0.04117031,0.15820315,0.04885708,0.04375763,0.19014682,0.01636554,0.03089457,0.07280208,0.26111901,0.04688321,0.16572207,0.04898049,0.06030610,0.02470431,0.03676324,0.08271314,0.05553227,0.09315225,0.03260022,0.03273704,0.07397954,0.01916818,0.16364735,0.04623591,0.05935631,0.03706781,0.04279247,0.01890140,0.02560771,0.24321795,0.04322545,0.20442010,0.02694036,0.02447387,0.09406430,0.07151983,0.20001766,0.13503122,0.03116222,0.05096142,0.19252768,0.14517900,0.21803714,0.21017997,0.03813487,1.00000000,0.01978742,0.10789575,0.06916875,0.02099045,0.03498245,0.09989840,0.09019540,0.02063404,0.10328689,0.16158617,0.04201719,0.02461261,0.04441698,0.05255908,0.06058728,0.02386913,0.03856992,0.04904043,0.04400264,0.32620794,0.09993749,0.05806125,0.02845368,0.04972891,0.07844625,0.08568156,0.25346768,0.14444628,0.11184320,0.21977663,0.13001658,0.17370969,0.08509795
95,0.05041084,0.03128558,0.07248448,0.02298415,0.05078598,0.21507797,0.06900647,0.03416869,0.04107285,0.08332408,0.04230208,0.02644688,0.00866884,0.07791291,0.03288339,0.03604237,0.02568473,0.04137077,0.05078907,0.05697767,0.02566756,0.06828864,0.09834070,0.06870939,0.04827470,0.08435665,0.08098304,0.04686715,0.06103288,0.07644951,0.05215268,0.34498882,0.08291534,0.04681834,0.05311631,0.05355666,0.09595051,0.02754965,0.03736147,0.27271250,0.15889966,0.02738590,0.04595998,0.03944815,0.05925520,0.02473032,0.01920387,0.05681743,0.06141149,0.06601040,0.06287748,0.07440512,0.02498017,0.10988940,0.05246639,0.04356901,0.02824951,0.03808832,0.07154849,0.02588212,0.06104051,0.06507877,0.07104559,0.02433396,0.17278321,0.07812563,0.10069543,0.03820743,0.13236055,0.06892417,0.07507148,0.02544226,0.08761613,0.04145829,0.03214599,0.06924407,0.10578115,0.10238484,0.04979341,0.14233232,0.03556374,0.19533069,0.04118523,0.07649682,0.03883418,0.04570768,0.05918383,0.12387583,0.02499353,0.03033725,0.03815470,0.02512284,0.03757681,0.16084319,0.01978742,1.00000000,0.04169154,0.04300163,0.06033158,0.13921922,0.05333389,0.16755545,0.08358185,0.03057226,0.03991484,0.04988650,0.04766870,0.03554368,0.11367527,0.04038794,0.04596308,0.03730387,0.18903582,0.04350191,0.02679784,0.06277650,0.02474730,0.15742600,0.01511481,0.02799198,0.02228789,0.02542261,0.04738762,0.02821242,0.02823331,0.02520232,0.02930245,0.06717766
96,0.01569846,0.03484557,0.02216212,0.17840552,0.10471183,0.08663020,0.02573298,0.03344315,0.12276639,0.01460741,0.05533934,0.07661016,0.08439933,0.03644125,0.02585841,0.05694836,0.03661992,0.02529514,0.07921824,0.26804000,0.05031833,0.03804380,0.20454925,0.07927432,0.16373041,0.02655784,0.04393160,0.10596000,0.05224613,0.02096206,0.05366110,0.03755113,0.01166976,0.09436737,0.14537522,0.07449450,0.05394755,0.11520544,0.03744435,0.03047939,0.03650610,0.02349687,0.09422269,0.19925708,0.15472156,0.03302353,0.10915017,0.11760265,0.04820580,0.09897134,0.09730124,0.15063706,0.22702745,0.13481250,0.12074830,0.03491825,0.03403598,0.03132474,0.03830079,0.13651162,0.03087868,0.06130058,0.09572843,0.16372216,0.04111605,0.05236994,0.15130430,0.09257744,0.13418758,0.02604984,0.06890328,0.13809156,0.01908524,0.07752684,0.04274510,0.07496941,0.01594513,0.03952108,0.09664437,0.05653710,0.14882362,0.05729920,0.11867819,0.02858600,0.03131487,0.04650833,0.07621732,0.03081217,0.04372409,0.09952998,0.09693404,0.13391426,0.16286483,0.05616722,0.10789575,0.04169154,1.00000000,0.32567292,0.07714142,0.09202270,0.04880757,0.14168188,0.04971011,0.02352713,0.07268132,0.02260941,0.08767144,0.06998163,0.04756014,0.02603827,0.11371058,0.06627528,0.13075522,0.05889551,0.05368633,0.06012185,0.02524725,0.07346781,0.01465611,0.11886927,0.05354437,0.13256136,0.06598923,0.04503962,0.10328551,0.14665727,0.06364342,0.03205067
97,0.03561453,0.03656531,0.12636077,0.03847119,0.07893173,0.12099655,0.03959013,0.03471620,0.22243109,0.09252746,0.06496275,0.11823176,0.19544488,0.03793342,0.10769143,0.10856572,0.04135261,0.03507422,0.17531250,0.13264942,0.13524270,0.04713586,0.31999993,0.06688881,0.33165359,0.03171787,0.25817090,0.24110165,0.23362693,0.02948206,0.08783308,0.03683062,0.17659266,0.20477274,0.15441296,0.07399459,0.04664867,0.06537298,0.12315651,0.04230203,0.12166199,0.12324870,0.12431790,0.32994425,0.10626379,0.06691119,0.10509273,0.11942368,0.07630523,0.08014723,0.05724166,0.13426267,0.03793421,0.14554296,0.06196038,0.27304155,0.04359405,0.06447092,0.03208331,0.27743569,0.15728435,0.10279825,0.03605893,0.14295056,0.04889267,0.01838327,0.11091621,0.05303816,0.13747925,0.03971513,0.15538567,0.16101721,0.14740014,0.08525287,0.05523989,0.03883068,0.08865570,0.10396689,0.34366006,0.10903891,0.17442936,0.04570967,0.19083643,0.05348387,0.06786111,0.10755263,0.16764078,0.03931662,0.08067781,0.03891601,0.15974350,0.10851717,0.07497079,0.04627689,0.06916875,0.04300163,0.32567292,1.00000000,0.11806569,0.04324398,0.07898057,0.13642177,0.02967536,0.09650455,0.06130541,0.02762697,0.01650660,0.08721296,0.06844240,0.04784741,0.09547573,0.04459801,0.15612292,0.04909713,0.25302827,0.14638802,0.09854588,0.06743230,0.03090140,0.03563668,0.04136202,0.25340664,0.10626061,0.03637421,0.12060861,0.13142549,0.09703727,0.08991045
98,0.05065900,0.02107919,0.09736985,0.08761324,0.04393229,0.15381423,0.03975873,0.12848781,0.09536961,0.13299704,0.07271943,0.07660133,0.04846025,0.04603126,0.04079038,0.20452671,0.07957289,0.09346415,0.17769805,0.08808896,0.01096663,0.13142058,0.07040156,0.10426636,0.13921830,0.03005807,0.09046611,0.12237678,0.07093236,0.06557712,0.04125914,0.04467401,0.04172015,0.13055825,0.06906537,0.09301818,0.23386467,0.05806349,0.04759115,0.03072261,0.06558363,0.27934614,0.12384177,0.11141282,0.12202917,0.04850685,0.02780135,0.11662345,0.11919299,0.12683131,0.04857646,0.10476896,0.05877274,0.04116096,0.05059177,0.10889691,0.03924536,0.01874460,0.03188907,0.12114893,0.07664587,0.10804890,0.07919128,0.06979656,0.07065733,0.02801939,0.06409136,0.10118759,0.04045653,0.06894082,0.07770264,0.05383516,0.07072416,0.03848270,0.06864886,0.08781273,0.14220101,0.09290783,0.03286936,0.11799705,0.03380749,0.03737138,0.07404865,0.12425314,0.13792312,0.07926200,0.04251341,0.07549004,0.08055800,0.05262163,0.09594035,0.03975157,0.02608515,0.15784058,0.02099045,0.06033158,0.07714142,0.11806569,1.00000000,0.04336291,0.03809423,0.05965994,0.02453694,0.05214814,0.03467030,0.03496856,0.12393473,0.09434663,0.08094821,0.18084367,0.02358819,0.02214924,0.08088963,0.11529206,0.04277334,0.01954450,0.03153010,0.04065836,0.06131341,0.12191096,0.04642049,0.15103450,0.03108322,0.05135943,0.08345885,0.05082574,0.02904986,0.07018526
99,0.05669279,0.01749511,0.27643311,0.13781020,0.11124604,0.23480041,0.09705648,0.08790690,0.04039504,0.06549229,0.08746129,0.09457003,0.05026859,0.12010892,0.23871997,0.11247583,0.02275237,0.08698201,0.16181961,0.05073627,0.01422915,0.04035889,0.12034933,0.14470330,0.03779966,0.07575041,0.05308899,0.03707532,0.09239697,0.22392438,0.22530589,0.22107363,0.14242618,0.26589170,0.04172485,0.17991775,0.25509724,0.05188126,0.06949221,0.10751880,0.16429253,0.14268023,0.08313776,0.06541327,0.09787226,0.06008086,0.03532155,0.14153300,0.09543014,0.12846288,0.04805961,0.11720283,0.03468543,0.02190240,0.06665159,0.04485669,0.07097532,0.03127746,0.14539593,0.04456640,0.12329704,0.12452352,0.11175269,0.05897452,0.05645475,0.14239618,0.07454604,0.03301016,0.21704908,0.09259419,0.06843548,0.04381672,0.06803314,0.08863240,0.09415696,0.09108959,0.21566841,0.04913606,0.03941737,0.26476693,0.08016712,0.12864804,0.06289235,0.17248261,0.16939011,0.08898208,0.11593528,0.21502684,0.11797518,0.05044863,0.04211399,0.05541787,0.07497258,0.03895244,0.03498245,0.13921922,0.09202270,0.04324398,0.04336291,1.00000000,0.06831673,0.40031010,0.08013567,0.05183613,0.05654147,0.14212090,0.16214634,0.08215156,0.06252631,0.04284619,0.07508622,0.40949464,0.08297060,0.13792452,0.06458408,0.03257266,0.11148107,0.04624495,0.03249507,0.07450269,0.12463181,0.13759355,0.11252198,0.03678514,0.07357939,0.02868296,0.07311849,0.24297729
100,0.10829273,0.05026674,0.01826952,0.02732592,0.05797651,0.02342389,0.19938046,0.14216527,0.06855302,0.06021007,0.14417782,0.15459633,0.02002501,0.21299332,0.06392587,0.05960160,0.03254613,0.20578414,0.07759126,0.04025856,0.08554059,0.09012133,0.11727459,0.05289202,0.19099954,0.02256620,0.07558594,0.11242504,0.20505624,0.11023597,0.05042334,0.01869909,0.32290232,0.06775221,0.06832076,0.02781987,0.06302440,0.19782330,0.14564937,0.02176306,0.06521347,0.04407907,0.02109754,0.12062864,0.06900346,0.24570808,0.03072492,0.02334366,0.03108658,0.01367303,0.09837188,0.02284309,0.05614740,0.09855662,0.03460540,0.06968147,0.02246638,0.12562694,0.05608228,0.07633028,0.04347702,0.04193030,0.02244528,0.13585123,0.02699863,0.01734774,0.04524162,0.03354552,0.02233854,0.01563398,0.02440140,0.02650317,0.04983961,0.15432614,0.05732109,0.01794074,0.02800587,0.06211603,0.16659120,0.01458756,0.06771769,0.02101767,0.05756555,0.06481543,0.16255668,0.05318702,0.06493913,0.04102463,0.01771126,0.17305674,0.04562384,0.06827703,0.07936863,0.09206051,0.09989840,0.05333389,0.04880757,0.07898057,0.03809423,0.06831673,1.00000000,0.07911628,0.08512247,0.12193585,0.13502654,0.19804171,0.13660693,0.06845254,0.23232371,0.03580496,0.03688136,0.11803922,0.08208165,0.01857265,0.06216865,0.07385880,0.02643147,0.05024878,0.08759344,0.17149611,0.10189623,0.03584652,0.03140860,0.09057468,0.01860892,0.07703300,0.08315018,0.03765411
101,0.18914589,0.02952814,0.23278959,0.18137857,0.05753916,0.18527269,0.02533374,0.02099019,0.06303966,0.05960602,0.18841904,0.03010766,0.09620494,0.07308553,0.11485650,0.11906058,0.06251504,0.02044733,0.27338308,0.08210197,0.04846527,0.01824226,0.33111304,0.06731628,0.15307948,0.04689385,0.04718954,0.10197280,0.10450767,0.02979557,0.08899860,0.17275612,0.03834233,0.16544372,0.22149815,0.23252633,0.08751093,0.13814422,0.14286357,0.08372696,0.10932600,0.09177443,0.16184923,0.15203848,0.24489585,0.06642118,0.09652954,0.18421307,0.09129372,0.20307192,0.08439931,0.16460896,0.04551367,0.13994834,0.07327345,0.18121818,0.09183362,0.07931378,0.12176125,0.09727015,0.07984503,0.11981482,0.07168461,0.11757182,0.05476341,0.12416665,0.08390741,0.03599239,0.30242044,0.02050126,0.12368651,0.14892837,0.08090325,0.06016427,0.07419873,0.02812389,0.14506906,0.10834210,0.17761049,0.29325026,0.17563099,0.07321189,0.09993348,0.26048136,0.05776839,0.11433318,0.04542971,0.10182088,0.04929956,0.06924376,0.12143123,0.07567596,0.11853392,0.08837475,0.09019540,0.16755545,0.14168188,0.13642177,0.05965994,0.40031010,0.07911628,1.00000000,0.06030492,0.04278076,0.10970119,0.06879850,0.09513500,0.03680546,0.16410233,0.05194838,0.02853159,0.18034838,0.13466279,0.08964897,0.09661750,0.14074267,0.03097885,0.04689424,0.01062794,0.04261760,0.05193164,0.22878498,0.12251978,0.05063941,0.04172516,0.11034729,0.03977939,0.23523048
102,0.06294918,0.17727101,0.04319351,0.14594540,0.02876515,0.02732885,0.01517910,0.15895577,0.13928656,0.10342726,0.21745947,0.02725278,0.03385399,0.10895859,0.04476638,0.06218199,0.02453268,0.05268445,0.13027546,0.06795111,0.03127987,0.02588503,0.08355036,0.02821216,0.07601449,0.10700847,0.07548189,0.11210409,0.05486146,0.06970292,0.06909697,0.02550647,0.01778090,0.03306960,0.01891670,0.01495690,0.02824572,0.08455209,0.01814749,0.05718315,0.07626490,0.06272809,0.02145666,0.02955614,0.03946242,0.36277348,0.01587724,0.06471781,0.05815280,0.06414589,0.10987909,0.02289446,0.02212005,0.02583295,0.05277004,0.08150313,0.06898280,0.14050932,0.05125476,0.02823146,0.08771739,0.03220260,0.07428035,0.18530065,0.04906674,0.10023537,0.08033513,0.09088857,0.11260346,0.01988378,0.02177386,0.02676466,0.13286269,0.02130443,0.05856029,0.03175712,0.03025467,0.09724633,0.04972234,0.03924485,0.01696747,0.08097473,0.03542854,0.06961446,0.02366144,0.12795623,0.09296373,0.06209528,0.06832349,0.03782181,0.02138554,0.05827996,0.03290990,0.03450848,0.02063404,0.08358185,0.04971011,0.02967536,0.02453694,0.08013567,0.08512247,0.06030492,1.00000000,0.03381561,0.05178636,0.06334960,0.03945099,0.05932612,0.03397299,0.07282302,0.08711427,0.14512908,0.03348864,0.03955922,0.07089634,0.04738794,0.08215605,0.03793596,0.01620487,0.03539868,0.02857161,0.14247121,0.02278735,0.03780867,0.04890646,0.03282890,0.07406573,0.04928029
103,0.06084483,0.06602094,0.03509884,0.06323841,0.03212122,0.03792503,0.07352887,0.21098402,0.04343780,0.05421364,0.04648212,0.03881729,0.13280925,0.06118967,0.17826004,0.14266238,0.04117725,0.27152449,0.05118602,0.03114440,0.05453023,0.07120281,0.14035560,0.01699199,0.18123546,0.07475716,0.15492612,0.01582738,0.10631178,0.16633666,0.03183416,0.05261705,0.23182896,0.06371157,0.07852918,0.02510436,0.05170474,0.12119661,0.29110128,0.03634059,0.15682197,0.26336735,0.07195579,0.03152904,0.05316203,0.04186970,0.03025456,0.08583668,0.06809290,0.07370333,0.02617017,0.05970215,0.03143560,0.04942419,0.14742208,0.12163614,0.01838493,0.02372932,0.07131754,0.03821104,0.06007051,0.05749953,0.01666997,0.03172353,0.03806890,0.06114472,0.08060552,0.16830015,0.02662921,0.10746831,0.07445210,0.03979649,0.02257125,0.08251251,0.02779652,0.02403856,0.03979148,0.05332292,0.15465102,0.04614376,0.04092712,0.18020147,0.09530118,0.08444714,0.24963550,0.02845382,0.08763859,0.04860261,0.09182921,0.15956007,0.03553153,0.08967061,0.02360235,0.07832076,0.10328689,0.03057226,0.02352713,0.09650455,0.05214814,0.05183613,0.12193585,0.04278076,0.03381561,1.00000000,0.07660557,0.19732681,0.18642700,0.03618596,0.03138903,0.16562231,0.03696285,0.09698996,0.05171389,0.06412849,0.07118738,0.05222839,0.03101060,0.07117589,0.03779127,0.16258271,0.08875328,0.08653159,0.06903389,0.08597708,0.03406256,0.04607953,0.12590089,0.02440407
104,0.50179940,0.15961874,0.02211535,0.14192751,0.02641482,0.01594039,0.02778515,0.01939437,0.02737436,0.03100410,0.13592780,0.08452608,0.32395416,0.10963607,0.03742798,0.03721493,0.03765815,0.10129970,0.10710539,0.03550830,0.03451307,0.06016526,0.17798677,0.08686282,0.14303979,0.02958285,0.06123384,0.12398298,0.14814720,0.15132204,0.07398584,0.02126136,0.12331248,0.15946087,0.14668606,0.09620929,0.04334749,0.12362134,0.07109389,0.01212269,0.05843242,0.02801559,0.25703594,0.05780485,0.15953515,0.07755717,0.03285939,0.02230212,0.04068897,0.02506740,0.10390852,0.03923419,0.00932478,0.07483631,0.04024927,0.03929066,0.11154719,0.44190660,0.02724117,0.16043949,0.04020354,0.09345336,0.04868655,0.06047080,0.02454428,0.01928425,0.04204652,0.01394921,0.03151527,0.03463541,0.01644629,0.09132385,0.02234167,0.11882214,0.04542452,0.02419628,0.01559469,0.08324832,0.03338069,0.01683458,0.17229205,0.02054258,0.04683380,0.15049516,0.06383616,0.04263675,0.07401390,0.05810465,0.06049043,0.22492446,0.09647765,0.19487730,0.14118057,0.10544530,0.16158617,0.03991484,0.07268132,0.06130541,0.03467030,0.05654147,0.13502654,0.10970119,0.05178636,0.07660557,1.00000000,0.02660615,0.07185249,0.05664347,0.06206440,0.04613130,0.02090266,0.04547627,0.16949293,0.01479080,0.12386647,0.17655219,0.04582069,0.03400964,0.03205580,0.05125384,0.05609835,0.26594013,0.10704364,0.04315635,0.15277937,0.09629899,0.03850118,0.01917081
105,0.04194045,0.01762020,0.13913415,0.14694619,0.07811557,0.15462157,0.08363314,0.11707519,0.22120321,0.04646067,0.08038501,0.18538699,0.03070835,0.08429885,0.26583064,0.30502751,0.02959554,0.05825537,0.24779245,0.08584346,0.03555773,0.07393923,0.02137483,0.08455741,0.03800698,0.02056943,0.11469641,0.10457295,0.06440514,0.40857333,0.02595107,0.03781774,0.35565257,0.03398102,0.01961867,0.05065696,0.30097356,0.03380261,0.03355181,0.02845978,0.27125591,0.40041310,0.19825529,0.04248076,0.07084725,0.06627473,0.08633287,0.07034178,0.07233138,0.05060475,0.01538355,0.07599092,0.02780741,0.05596814,0.05953515,0.03854638,0.03929812,0.03166622,0.03645616,0.03024782,0.20115042,0.06880946,0.10679875,0.05120402,0.07299109,0.04225602,0.03772372,0.29889435,0.04312536,0.04455703,0.02792031,0.08308257,0.14679411,0.16932854,0.03608938,0.15772295,0.13862389,0.18257777,0.01348242,0.13179825,0.03014474,0.18070200,0.04491441,0.13152874,0.39255139,0.18186983,0.25849858,0.06572889,0.03150162,0.10084135,0.02597456,0.03085132,0.02506391,0.08520564,0.04201719,0.04988650,0.02260941,0.02762697,0.03496856,0.14212090,0.19804171,0.06879850,0.06334960,0.19732681,0.02660615,1.00000000,0.05842352,0.02499698,0.05451148,0.24095614,0.06450626,0.21126527,0.04036495,0.10095701,0.07750694,0.04418183,0.07197550,0.08432932,0.08259636,0.18255270,0.10779691,0.24109170,0.15639299,0.06060302,0.07758126,0.01089496,0.07496537,0.05928757
106,0.02376784,0.09625805,0.13041657,0.08329152,0.01556993,0.22433960,0.06129032,0.02925386,0.04458112,0.03856637,0.02829840,0.02691123,0.02537912,0.08053659,0.07801835,0.17505258,0.10213907,0.14148104,0.13215664,0.08048514,0.01430503,0.18179974,0.05015003,0.02136396,0.03022537,0.06130002,0.01250010,0.01695179,0.01671147,0.13129385,0.07722943,0.07239491,0.15859136,0.04888315,0.01935469,0.03594456,0.17201900,0.10237576,0.09057779,0.02972012,0.04099207,0.23981678,0.05070867,0.07657232,0.05667387,0.03533083,0.02941814,0.18426231,0.05607245,0.18028010,0.01329620,0.02251631,0.08061048,0.04332341,0.06811199,0.02228399,0.13049965,0.02099402,0.05777181,0.03304057,0.03400287,0.03449618,0.01991409,0.02023805,0.01848835,0.02472559,0.10793987,0.07444875,0.07237925,0.02572119,0.08323273,0.02292970,0.03087556,0.07747219,0.04355148,0.13149649,0.07066369,0.08125325,0.10226579,0.05349504,0.09423616,0.03203541,0.07830054,0.05841283,0.15439367,0.11547171,0.12387469,0.05858555,0.03176406,0.10177486,0.00929889,0.10508633,0.03930105,0.21604319,0.02461261,0.04766870,0.08767144,0.01650660,0.12393473,0.16214634,0.13660693,0.09513500,0.03945099,0.18642700,0.07185249,0.05842352,1.00000000,0.02366206,0.09459115,0.19241376,0.11166982,0.12856743,0.01780332,0.06860822,0.01119980,0.01126739,0.02682893,0.01583912,0.03956252,0.07571008,0.08703591,0.03518773,0.02106954,0.05331323,0.01242945,0.06244333,0.02919428,0.06921378
107,0.01759485,0.09844466,0.05315496,0.02899835,0.03068627,0.11316317,0.07572624,0.03878817,0.07398013,0.11277719,0.04451121,0.05432644,0.06084238,0.01758169,0.11933453,0.06530794,0.10358149,0.10636242,0.04722792,0.02405045,0.01528057,0.03827336,0.01518888,0.07948810,0.02666685,0.08839357,0.02110372,0.03162032,0.14786048,0.14396334,0.03765754,0.03990781,0.13105139,0.06682357,0.07468334,0.02172100,0.02492638,0.02858607,0.01952561,0.04779944,0.03232874,0.03408044,0.04829414,0.03839869,0.04084631,0.04156343,0.06723884,0.02160726,0.04707738,0.02968051,0.07179325,0.02184542,0.07338347,0.08117263,0.04607406,0.05601221,0.03104873,0.02426936,0.04838477,0.03183988,0.11437210,0.04040084,0.03620232,0.12033054,0.05436181,0.03230119,0.06526656,0.02660685,0.03852184,0.14051580,0.05221035,0.07618177,0.03471084,0.04875005,0.09248491,0.03820054,0.07441168,0.11155167,0.02489148,0.02904388,0.05570120,0.02330415,0.08047789,0.05961809,0.17351934,0.07062677,0.13482100,0.04726221,0.03862148,0.06510144,0.03434540,0.09267302,0.04408085,0.11066429,0.04441698,0.03554368,0.06998163,0.08721296,0.09434663,0.08215156,0.06845254,0.03680546,0.05932612,0.03618596,0.05664347,0.02499698,0.02366206,1.00000000,0.11426791,0.02985192,0.07082419,0.02623555,0.09338112,0.08880761,0.02301271,0.08242582,0.02265491,0.02836115,0.08163349,0.03839556,0.03013927,0.04352581,0.06838758,0.04715503,0.06479187,0.08134338,0.10933761,0.02610172
108,0.02036506,0.04117997,0.11139732,0.02634374,0.03177738,0.01821582,0.26050681,0.10354152,0.05405691,0.04669025,0.07504389,0.08096357,0.01644046,0.03559917,0.04166073,0.05935834,0.08250116,0.11455743,0.05531462,0.03782253,0.02870740,0.15204012,0.06870536,0.11665359,0.06624219,0.08793139,0.15236181,0.04759963,0.04625415,0.12741646,0.01852966,0.10919535,0.23867743,0.04452568,0.10133304,0.01915636,0.03726636,0.10944895,0.08857653,0.02970269,0.09387988,0.04889202,0.02023299,0.04588544,0.04644964,0.04878524,0.02936802,0.06412114,0.08629186,0.08042531,0.11958697,0.13947815,0.02598731,0.04022563,0.14720324,0.03293566,0.13144335,0.05392201,0.11018886,0.13264617,0.15084732,0.01153121,0.07520679,0.09559999,0.03095010,0.01857944,0.07345837,0.17419618,0.18753873,0.35095394,0.04549009,0.01788830,0.10959627,0.03074501,0.04884414,0.05009019,0.08961169,0.19343251,0.04946984,0.11177954,0.02455255,0.03852484,0.06667799,0.18995219,0.05715166,0.03504094,0.10908070,0.01798270,0.03272033,0.02365846,0.02151415,0.04869010,0.12554514,0.18319970,0.05255908,0.11367527,0.04756014,0.06844240,0.08094821,0.06252631,0.23232371,0.16410233,0.03397299,0.03138903,0.06206440,0.05451148,0.09459115,0.11426791,1.00000000,0.03412026,0.17651460,0.04294019,0.04575159,0.02103870,0.02003764,0.02464984,0.15933537,0.02422667,0.10305261,0.06679947,0.07470450,0.05193025,0.01763126,0.03579348,0.05816030,0.05510545,0.03767533,0.01826643
109,0.03092745,0.06161271,0.11926395,0.09194498,0.11939000,0.15922996,0.01706271,0.12146910,0.09689640,0.05524036,0.07471079,0.07909861,0.02494776,0.12353823,0.03497169,0.30234092,0.06480040,0.04369915,0.30532211,0.04658052,0.04113722,0.04523722,0.03844962,0.12772565,0.04740748,0.02047346,0.05323501,0.05827922,0.05074573,0.21076223,0.05073588,0.03666608,0.05953732,0.02872760,0.01311712,0.11882108,0.18661615,0.14739835,0.08104385,0.03049230,0.07532103,0.39646745,0.12321930,0.04317477,0.02961417,0.06775713,0.05470898,0.07246868,0.16463953,0.04597658,0.06310876,0.10889269,0.02637697,0.03159706,0.08625891,0.03075077,0.04012983,0.04218530,0.04830343,0.02670506,0.24303854,0.06173717,0.06852589,0.05923031,0.04755538,0.09481190,0.09153721,0.33677059,0.03281961,0.11134775,0.07381479,0.04866231,0.14673480,0.06176590,0.03892318,0.05446306,0.20425361,0.04341185,0.06823932,0.06752400,0.06422837,0.09579081,0.03591536,0.05329791,0.24524456,0.18664244,0.15702046,0.05326330,0.16443886,0.07785350,0.08542891,0.06026720,0.10233949,0.07757105,0.06058728,0.04038794,0.02603827,0.04784741,0.18084367,0.04284619,0.03580496,0.05194838,0.07282302,0.16562231,0.04613130,0.24095614,0.19241376,0.02985192,0.03412026,1.00000000,0.12743606,0.04537524,0.05391369,0.10760596,0.03417889,0.02800672,0.09310733,0.06884433,0.09224676,0.10325772,0.04290220,0.12780929,0.03932919,0.12747739,0.07173847,0.02741605,0.07212667,0.03321262
110,0.04760870,0.05218778,0.13657343,0.05427186,0.05148018,0.02276788,0.07628828,0.01430894,0.06398562,0.06096052,0.03723111,0.02529510,0.01180099,0.02847865,0.09919406,0.09520839,0.04918893,0.04502257,0.12349835,0.03999753,0.02784440,0.02540534,0.04023993,0.03707770,0.07045700,0.24732545,0.11515042,0.03200089,0.12226729,0.02012809,0.09974150,0.12247863,0.02101537,0.05371825,0.05543122,0.01375176,0.02537239,0.08732377,0.01937934,0.13945681,0.05775332,0.04198268,0.06973611,0.03178765,0.02201704,0.08405773,0.04964823,0.02706240,0.10411489,0.03514720,0.07908703,0.07528470,0.05473413,0.06518811,0.01943373,0.03307555,0.04191699,0.07736966,0.12249608,0.02090381,0.18923709,0.10149027,0.12611951,0.30247390,0.09874944,0.02951378,0.05710316,0.02285982,0.02856356,0.08437920,0.01851164,0.03514775,0.03586796,0.15696734,0.03706285,0.04412188,0.02443993,0.06843279,0.01885001,0.02651362,0.02527156,0.16260311,0.11046779,0.02385364,0.02226523,0.04955069,0.03285398,0.14284968,0.04062489,0.02200528,0.02167882,0.01434323,0.07887166,0.03177612,0.02386913,0.04596308,0.11371058,0.09547573,0.02358819,0.07508622,0.03688136,0.02853159,0.08711427,0.03696285,0.02090266,0.06450626,0.11166982,0.07082419,0.17651460,0.12743606,1.00000000,0.10243395,0.08533581,0.06068643,0.03965279,0.03068329,0.31197593,0.03548723,0.02223530,0.14378071,0.02769015,0.12452601,0.02554083,0.02018880,0.01560077,0.01392764,0.02753263,0.03333182
111,0.02408598,0.04249528,0.13600641,0.11113079,0.14962122,0.12697762,0.08996449,0.10229449,0.06750442,0.14573668,0.03775735,0.10601608,0.02170806,0.15837972,0.21781582,0.13765500,0.02862003,0.07482980,0.11509988,0.09082727,0.03186986,0.07061192,0.08949107,0.12003078,0.05522800,0.10997038,0.04766389,0.02099462,0.16312906,0.19128120,0.14695507,0.07171594,0.23211125,0.11768533,0.01539962,0.07713307,0.13692391,0.11676960,0.08183539,0.04263854,0.06720826,0.11962492,0.09280638,0.07964121,0.08847047,0.07411237,0.04594128,0.07326779,0.03613590,0.03969669,0.06403476,0.11357629,0.02920170,0.03290004,0.03900698,0.05410445,0.03886352,0.07897852,0.10983983,0.05076103,0.06153873,0.09006692,0.06847933,0.05154292,0.11599472,0.11749518,0.10943761,0.08323698,0.15843299,0.02510212,0.03931236,0.14216560,0.04094060,0.13217273,0.19566646,0.04843466,0.08472860,0.04090623,0.02335218,0.10068894,0.03396173,0.02157206,0.02304134,0.17382985,0.22285831,0.05191075,0.02719364,0.14261605,0.07710189,0.02778214,0.01638780,0.01711536,0.06726638,0.03661321,0.03856992,0.03730387,0.06627528,0.04459801,0.02214924,0.40949464,0.11803922,0.18034838,0.14512908,0.09698996,0.04547627,0.21126527,0.12856743,0.02623555,0.04294019,0.04537524,0.10243395,1.00000000,0.03766523,0.09875520,0.03479180,0.06519452,0.15726939,0.03305995,0.08555941,0.03255790,0.17248166,0.07121926,0.15428324,0.02106537,0.05325983,0.05599000,0.04079634,0.08135905
112,0.15433666,0.13958734,0.18679059,0.12546286,0.02337402,0.20700714,0.04961925,0.02452195,0.11574633,0.07610174,0.13796359,0.03528637,0.11472615,0.02622181,0.09342308,0.18576583,0.06059279,0.09900686,0.31447935,0.08628072,0.03955547,0.02894281,0.26057780,0.27195010,0.17153259,0.03041539,0.06021044,0.05915345,0.12003103,0.04338973,0.08393519,0.28028741,0.07248732,0.21066847,0.05878817,0.12129661,0.03493458,0.09800818,0.03452246,0.29409623,0.11675039,0.07752271,0.12801529,0.17776841,0.16121441,0.05715369,0.12419447,0.08071265,0.03051233,0.03915099,0.07479888,0.03286238,0.02867890,0.27753493,0.09409776,0.21607134,0.08342412,0.13584375,0.02502171,0.09899084,0.12244217,0.11585437,0.12539756,0.15430942,0.11288570,0.05577616,0.21144044,0.02601591,0.06666608,0.02746952,0.09125745,0.10536300,0.05460973,0.13814211,0.17100412,0.04907150,0.02764857,0.05870465,0.14295918,0.07552938,0.21812728,0.09743802,0.16325177,0.15928334,0.04217649,0.11898832,0.09293363,0.21430635,0.06259719,0.10950483,0.18051249,0.08623032,0.12941495,0.15773416,0.04904043,0.18903582,0.13075522,0.15612292,0.08088963,0.08297060,0.08208165,0.13466279,0.03348864,0.05171389,0.16949293,0.04036495,0.01780332,0.09338112,0.04575159,0.05391369,0.08533581,0.03766523,1.00000000,0.10702698,0.07281189,0.10069953,0.02517370,0.03209723,0.03292155,0.09044795,0.03564379,0.29671019,0.08146577,0.09381270,0.17974557,0.09998626,0.03915381,0.06957239
113,0.02040930,0.03082904,0.24317649,0.05887049,0.02636905,0.30654225,0.05928190,0.07378103,0.05935049,0.06385082,0.07221204,0.03376847,0.01564243,0.07156813,0.07849886,0.12740579,0.09858869,0.06548525,0.20930278,0.04418684,0.01724867,0.11764426,0.07055771,0.02019890,0.03205328,0.07698753,0.06206062,0.01524008,0.01088176,0.04827413,0.08557267,0.27110666,0.03399069,0.03822083,0.01652124,0.01804475,0.11183081,0.02089761,0.03322493,0.07654348,0.16761407,0.20171165,0.07971109,0.09187212,0.04066361,0.01705911,0.04462963,0.02598048,0.03291306,0.13518719,0.01727564,0.11484425,0.17645133,0.05626366,0.03119027,0.05995145,0.19246314,0.02420698,0.21886936,0.02999071,0.10891698,0.01007662,0.16462784,0.08159392,0.10701613,0.08491719,0.02929977,0.02076723,0.03044842,0.02453736,0.09396211,0.10122924,0.03829957,0.02820379,0.05737465,0.12803534,0.06659415,0.11254448,0.04629276,0.02965190,0.01540010,0.15543678,0.05772157,0.18542558,0.07244173,0.07642756,0.03232072,0.04991313,0.02979876,0.03378260,0.05249848,0.01201960,0.02674735,0.14905263,0.04400264,0.04350191,0.05889551,0.04909713,0.11529206,0.13792452,0.01857265,0.08964897,0.03955922,0.06412849,0.01479080,0.10095701,0.06860822,0.08880761,0.02103870,0.10760596,0.06068643,0.09875520,0.10702698,1.00000000,0.01507317,0.01521466,0.09628406,0.03985019,0.07135233,0.04742940,0.04211938,0.17383522,0.06850621,0.02570538,0.06945886,0.05659904,0.02166703,0.02794736
114,0.05692898,0.01496701,0.05661352,0.01495422,0.02696382,0.03659296,0.04863843,0.01792302,0.21397074,0.02595261,0.10334381,0.04149967,0.19004989,0.05287713,0.16112635,0.14133331,0.03502758,0.06271402,0.20220014,0.08859953,0.33427525,0.02995344,0.14405039,0.03552603,0.10002605,0.04533704,0.19424853,0.05811540,0.02696692,0.08398774,0.02459331,0.02225463,0.11164157,0.11463806,0.05931327,0.08464458,0.02902578,0.08786665,0.10992774,0.06236513,0.07254353,0.09889903,0.23329070,0.23928228,0.07033478,0.02782727,0.14243369,0.02433717,0.05563886,0.07608736,0.08390498,0.06290673,0.02146208,0.09749682,0.02474216,0.44040659,0.12750697,0.06483406,0.01854604,0.11997104,0.07130858,0.06129697,0.04014073,0.03376639,0.03526442,0.05422043,0.03789711,0.05463260,0.04208671,0.01722399,0.07301550,0.06809913,0.09483740,0.04973910,0.02097452,0.01897107,0.06150454,0.05428268,0.50866675,0.09458283,0.09545766,0.02927249,0.10209853,0.07805589,0.02505029,0.08550254,0.06720072,0.03147877,0.03127268,0.15671244,0.05684042,0.08586888,0.05296682,0.04973957,0.32620794,0.02679784,0.05368633,0.25302827,0.04277334,0.06458408,0.06216865,0.09661750,0.07089634,0.07118738,0.12386647,0.07750694,0.01119980,0.02301271,0.02003764,0.03417889,0.03965279,0.03479180,0.07281189,0.01507317,1.00000000,0.08588703,0.05498221,0.03721707,0.05095684,0.04282235,0.02689537,0.19786727,0.11897250,0.02887957,0.06676839,0.04236003,0.03794879,0.07247704
115,0.19163449,0.07627350,0.04021188,0.04802590,0.11162627,0.06084428,0.08231430,0.04185731,0.05781256,0.05906366,0.12648696,0.05859363,0.18352988,0.06156314,0.08716641,0.07573783,0.08736867,0.05931943,0.11850599,0.05210910,0.08738075,0.02179151,0.06016524,0.01999239,0.13933709,0.05198037,0.08640906,0.08016168,0.15229183,0.06470942,0.07632560,0.02848535,0.13123651,0.06410101,0.10425907,0.04607266,0.03686805,0.02277345,0.14302124,0.03150785,0.07603517,0.03888757,0.09057204,0.16148360,0.14197204,0.10932300,0.10656888,0.03591616,0.02629772,0.05085030,0.14326234,0.02245688,0.02929623,0.18101019,0.02863669,0.17411846,0.07696934,0.10834104,0.02582653,0.12198847,0.02495640,0.04054321,0.01664479,0.06423159,0.02929309,0.05747933,0.02454276,0.05221659,0.12819222,0.04033161,0.05066491,0.04998725,0.03568828,0.06397930,0.09420537,0.02093206,0.07089175,0.03500666,0.17286645,0.05127839,0.06289835,0.06524572,0.04420623,0.07111377,0.01900284,0.15237272,0.23124361,0.02920072,0.03301613,0.21144678,0.07005773,0.02899858,0.02214880,0.06670974,0.09993749,0.06277650,0.06012185,0.14638802,0.01954450,0.03257266,0.07385880,0.14074267,0.04738794,0.05222839,0.17655219,0.04418183,0.01126739,0.08242582,0.02464984,0.02800672,0.03068329,0.06519452,0.10069953,0.01521466,0.08588703,1.00000000,0.02267322,0.08787273,0.01545718,0.12759182,0.17509197,0.06272025,0.10971843,0.15309486,0.03105296,0.06330387,0.04608357,0.02228801
116,0.06279974,0.07398306,0.11814777,0.07075775,0.03169950,0.01664876,0.02355712,0.03841580,0.09699391,0.05482887,0.08041349,0.09124970,0.05368695,0.07746004,0.04243581,0.08792666,0.07359114,0.02889847,0.18449846,0.08385015,0.01911736,0.04897412,0.03606591,0.02056135,0.05290281,0.16267449,0.22712649,0.03755063,0.06716004,0.03513268,0.03857159,0.17337300,0.03230776,0.24286747,0.15154393,0.02289709,0.03991459,0.08554856,0.12772885,0.03009085,0.14383504,0.08370672,0.08550769,0.12664524,0.03107331,0.08521845,0.11876105,0.03015526,0.09943689,0.08027144,0.10605164,0.05499393,0.13845885,0.03517693,0.15027510,0.04526486,0.05748771,0.08377210,0.12250081,0.02938288,0.21236509,0.10555724,0.13413590,0.13090941,0.04477728,0.02432388,0.06746119,0.02100976,0.02770310,0.07103569,0.04238304,0.02260156,0.10605399,0.12117136,0.01767566,0.07861808,0.02267333,0.06507086,0.04473318,0.05652625,0.04988839,0.17545587,0.09539019,0.03497943,0.04471930,0.11560689,0.03016400,0.07092215,0.03210424,0.03223881,0.03567833,0.03988154,0.04776804,0.04198292,0.05806125,0.02474730,0.02524725,0.09854588,0.03153010,0.11148107,0.02643147,0.03097885,0.08215605,0.03101060,0.04582069,0.07197550,0.02682893,0.02265491,0.15933537,0.09310733,0.31197593,0.15726939,0.02517370,0.09628406,0.05498221,0.02267322,1.00000000,0.02951007,0.02753743,0.13344763,0.10518000,0.23246703,0.02251975,0.04117376,0.03820622,0.06620634,0.02866960,0.10554237
117,0.03471208,0.02812044,0.05239280,0.02104192,0.01869980,0.08720152,0.04450110,0.04708556,0.02805789,0.03738407,0.03350312,0.05424479,0.03354386,0.03345710,0.05174232,0.04117636,0.02667058,0.02515127,0.02917950,0.01035181,0.01275183,0.02986766,0.11442094,0.03134693,0.11202336,0.02136612,0.02155953,0.02905247,0.05738610,0.14871210,0.03229376,0.11546221,0.06818902,0.06414004,0.03198387,0.01744467,0.02498577,0.04030710,0.02101522,0.05990927,0.02776763,0.09253437,0.02393362,0.04814443,0.08783148,0.03691621,0.02429664,0.03315118,0.04445515,0.02594723,0.02543008,0.02192677,0.02735930,0.11047931,0.14337166,0.06224443,0.04340045,0.02501416,0.02417694,0.06364661,0.05912803,0.02224825,0.01199000,0.05725977,0.12468470,0.02945223,0.08191551,0.06144371,0.06872600,0.02053970,0.03925918,0.02344738,0.02554597,0.06529827,0.07108162,0.02510598,0.01996588,0.05246902,0.08109719,0.03173487,0.05761188,0.02953872,0.04568776,0.06674957,0.04304115,0.04962308,0.10193982,0.02154247,0.02656227,0.04544562,0.09911948,0.02869555,0.03833407,0.05995081,0.02845368,0.15742600,0.07346781,0.06743230,0.04065836,0.04624495,0.05024878,0.04689424,0.03793596,0.07117589,0.03400964,0.08432932,0.01583912,0.02836115,0.02422667,0.06884433,0.03548723,0.03305995,0.03209723,0.03985019,0.03721707,0.08787273,0.02951007,1.00000000,0.02000327,0.02903503,0.03124874,0.04952716,0.01456990,0.05822861,0.02471386,0.02707179,0.03059410,0.02356787
118,0.02847602,0.10479602,0.03926319,0.05014610,0.03429056,0.08786294,0.01915963,0.02774536,0.07885899,0.02275453,0.07527258,0.01585528,0.01634992,0.02276525,0.04468805,0.03664286,0.12894136,0.02986039,0.05233894,0.16448978,0.02339158,0.02527095,0.03660819,0.02352806,0.02187247,0.09096731,0.05978942,0.02316474,0.11350504,0.03996272,0.06209190,0.05175259,0.01955338,0.05662862,0.01591555,0.13733290,0.06601888,0.05088280,0.02167195,0.02198805,0.02445434,0.02807902,0.03305719,0.03537665,0.01741108,0.04403223,0.04369201,0.05046818,0.05575095,0.01595177,0.02390989,0.03022797,0.05271039,0.03260092,0.09412575,0.03320695,0.06619413,0.10723615,0.05588593,0.02504006,0.08716084,0.04727440,0.02905095,0.06019538,0.02170895,0.03607286,0.06844962,0.16881588,0.01975265,0.16138607,0.02963473,0.06870326,0.02189454,0.07209356,0.05783054,0.01437392,0.11147398,0.10214268,0.03691135,0.01899175,0.07784022,0.04194044,0.05812376,0.07588941,0.01966978,0.09879518,0.03439659,0.08493534,0.14452472,0.03914429,0.05189725,0.03118869,0.14371255,0.07036171,0.04972891,0.01511481,0.01465611,0.03090140,0.06131341,0.03249507,0.08759344,0.01062794,0.01620487,0.03779127,0.03205580,0.08259636,0.03956252,0.08163349,0.10305261,0.09224676,0.02223530,0.08555941,0.03292155,0.07135233,0.05095684,0.01545718,0.02753743,0.02000327,1.00000000,0.02292176,0.06958821,0.06091897,0.04806376,0.02347374,0.11115397,0.02365667,0.08653200,0.02128354
119,0.06463448,0.03139067,0.05889601,0.15793878,0.04974064,0.02793509,0.04568511,0.06710345,0.14735933,0.06340820,0.08125611,0.05603994,0.03159312,0.04009125,0.05795848,0.25708121,0.10240659,0.03661775,0.19842115,0.03523070,0.11755508,0.01508482,0.02956705,0.05683210,0.05012986,0.09415417,0.02868820,0.06060945,0.04173138,0.11041723,0.03372271,0.04726224,0.31229168,0.13686775,0.03725436,0.03654865,0.01946986,0.04447588,0.15352720,0.07029787,0.26983005,0.09962177,0.10607652,0.03237117,0.12152857,0.04677188,0.15659744,0.03952271,0.08320840,0.03717621,0.04845686,0.07152653,0.03661855,0.14158896,0.03111433,0.05308065,0.09070724,0.02826212,0.05614104,0.05375113,0.08846603,0.17041907,0.10265274,0.11388328,0.03205982,0.20177835,0.10032673,0.06234739,0.02378343,0.02577780,0.05216923,0.05273011,0.13497719,0.03817170,0.04464194,0.04923579,0.05003815,0.04261160,0.06521074,0.07986263,0.11500018,0.06349495,0.14467219,0.14045870,0.19054309,0.21139805,0.04875750,0.07460605,0.21302649,0.02661909,0.02740972,0.06953344,0.06066754,0.14581504,0.07844625,0.02799198,0.11886927,0.03563668,0.12191096,0.07450269,0.17149611,0.04261760,0.03539868,0.16258271,0.05125384,0.18255270,0.07571008,0.03839556,0.06679947,0.10325772,0.14378071,0.03255790,0.09044795,0.04742940,0.04282235,0.12759182,0.13344763,0.02903503,0.02292176,1.00000000,0.18677142,0.31685910,0.03851340,0.16500014,0.07771468,0.07969902,0.17817259,0.03296806
120,0.04805387,0.02309916,0.08086356,0.03072463,0.07625798,0.04418287,0.05016667,0.02643149,0.02784863,0.05272341,0.06103752,0.10122070,0.04619418,0.20449430,0.05527829,0.08709978,0.01753439,0.05092730,0.05394058,0.04575161,0.05147769,0.05319612,0.02528616,0.04500585,0.05453368,0.05389595,0.03717269,0.03224779,0.06180611,0.05994779,0.04240860,0.02295181,0.15214020,0.09894618,0.20044509,0.02427347,0.07814775,0.02122806,0.14944409,0.04104088,0.11580001,0.09243514,0.02807399,0.04775696,0.02724347,0.07607835,0.03794178,0.03389264,0.03100406,0.13531744,0.06470060,0.08969767,0.02105241,0.03537766,0.30993801,0.06054430,0.03248212,0.10031198,0.03313444,0.06147107,0.09795274,0.05681912,0.02536061,0.01652293,0.09651601,0.07548733,0.14284754,0.05265511,0.03765167,0.02726484,0.01981354,0.06523839,0.12123410,0.03314483,0.02404073,0.02207909,0.02362177,0.04880539,0.04017594,0.11022469,0.03545687,0.04748987,0.06368238,0.05299324,0.12784658,0.07078297,0.10632905,0.05757377,0.07855110,0.13556379,0.02416502,0.11447953,0.03036674,0.03079591,0.08568156,0.02228789,0.05354437,0.04136202,0.04642049,0.12463181,0.10189623,0.05193164,0.02857161,0.08875328,0.05609835,0.10779691,0.08703591,0.03013927,0.07470450,0.04290220,0.02769015,0.17248166,0.03564379,0.04211938,0.02689537,0.17509197,0.10518000,0.03124874,0.06958821,0.18677142,1.00000000,0.07031344,0.02200401,0.15371120,0.04267113,0.10665904,0.06430653,0.05925433
121,0.27926511,0.11047416,0.22720081,0.42807508,0.04116964,0.17439958,0.05117102,0.17491129,0.27824455,0.09296516,0.30761006,0.03548055,0.18399215,0.07153537,0.23956248,0.47742355,0.05518155,0.07618707,0.50940120,0.11320575,0.01789750,0.17420220,0.32044873,0.16053966,0.12408347,0.02873369,0.19062521,0.18168372,0.04309872,0.10201449,0.08913329,0.06291860,0.08557083,0.38643593,0.24576396,0.17072193,0.09624270,0.08496864,0.04683174,0.05776403,0.35890830,0.25927368,0.45800713,0.23125041,0.26803613,0.10451953,0.24497086,0.12402587,0.12870747,0.09819070,0.11263146,0.17279063,0.04139050,0.07848071,0.04270517,0.27948487,0.24485570,0.19764411,0.04924358,0.28055656,0.22002882,0.30361485,0.20388572,0.18481246,0.05956487,0.12652533,0.08711173,0.17082977,0.04315095,0.04740862,0.11638048,0.22226155,0.22134474,0.07585290,0.18594055,0.04731435,0.13094544,0.07218932,0.24781233,0.15951532,0.40339896,0.12274519,0.18017945,0.42355686,0.20315051,0.24777079,0.11958978,0.18057130,0.13862598,0.09188849,0.28100017,0.21258837,0.20895459,0.21690369,0.25346768,0.02542261,0.13256136,0.25340664,0.15103450,0.13759355,0.03584652,0.22878498,0.14247121,0.08653159,0.26594013,0.24109170,0.03518773,0.04352581,0.05193025,0.12780929,0.12452601,0.07121926,0.29671019,0.17383522,0.19786727,0.06272025,0.23246703,0.04952716,0.06091897,0.31685910,0.07031344,1.00000000,0.21996297,0.02889050,0.36458847,0.22600281,0.11101648,0.13994604
122,0.12992811,0.14344352,0.16285516,0.16759047,0.12991752,0.05267327,0.01718631,0.03976312,0.16718581,0.04041449,0.11836940,0.04976252,0.11113095,0.04174685,0.10637757,0.18420735,0.10041268,0.06219425,0.21286654,0.11553970,0.03712178,0.15017386,0.15717566,0.04420468,0.15103236,0.11092191,0.06779988,0.11563120,0.04361071,0.07587875,0.03438481,0.04657690,0.05700342,0.07956636,0.13191490,0.06255408,0.10493331,0.16877699,0.11628312,0.05493338,0.11540042,0.03662828,0.26144242,0.08063355,0.18637922,0.03597336,0.15553880,0.02327700,0.06531146,0.03638925,0.05307207,0.17368267,0.03108152,0.05013762,0.05328466,0.14587046,0.16673511,0.07857794,0.20855555,0.13949448,0.04667066,0.01479373,0.04977933,0.13132152,0.04902933,0.03121944,0.23348299,0.06426367,0.12867485,0.04712652,0.06704643,0.32726532,0.18480571,0.08350509,0.16292614,0.02296124,0.15666917,0.02869616,0.15142421,0.15986736,0.02932670,0.02554865,0.09427695,0.23464558,0.03020937,0.14522123,0.02307732,0.06636634,0.09386533,0.18639319,0.05837548,0.19980711,0.11891656,0.15520255,0.14444628,0.04738762,0.06598923,0.10626061,0.03108322,0.11252198,0.03140860,0.12251978,0.02278735,0.06903389,0.10704364,0.15639299,0.02106954,0.06838758,0.01763126,0.03932919,0.02554083,0.15428324,0.08146577,0.06850621,0.11897250,0.10971843,0.02251975,0.01456990,0.04806376,0.03851340,0.02200401,0.21996297,1.00000000,0.13040741,0.11897384,0.15221974,0.05386735,0.16923171
123,0.04516736,0.20809768,0.02159870,0.08547041,0.06414850,0.03946675,0.02960566,0.03119860,0.04706205,0.02678946,0.10317378,0.03721090,0.01827375,0.11840694,0.09015271,0.02775492,0.08418980,0.02371810,0.03069794,0.07678753,0.05786105,0.03026976,0.11857148,0.02376313,0.07949533,0.04081983,0.02567705,0.10068169,0.08007480,0.04437935,0.04922630,0.03863170,0.12358316,0.04008424,0.07839945,0.04551044,0.06726669,0.12088372,0.08081929,0.04431057,0.05717437,0.15237728,0.02605451,0.02449535,0.05376926,0.08952578,0.02736188,0.06794168,0.03946652,0.02040318,0.15642956,0.03830519,0.01822470,0.03147238,0.03962506,0.02301714,0.06689484,0.15859935,0.07844575,0.03082849,0.08919285,0.02987299,0.01871329,0.04509290,0.03686915,0.12779805,0.08392332,0.03382443,0.02703891,0.02872639,0.02080327,0.12776394,0.05834699,0.08641345,0.08399104,0.08176565,0.06151498,0.09075692,0.08765794,0.05993295,0.07910001,0.02604252,0.03133336,0.09070230,0.10724933,0.11993314,0.10872103,0.04230768,0.10612893,0.08868165,0.05452760,0.11033870,0.09524286,0.02311720,0.11184320,0.02821242,0.04503962,0.03637421,0.05135943,0.03678514,0.09057468,0.05063941,0.03780867,0.08597708,0.04315635,0.06060302,0.05331323,0.04715503,0.03579348,0.12747739,0.02018880,0.02106537,0.09381270,0.02570538,0.02887957,0.15309486,0.04117376,0.05822861,0.02347374,0.16500014,0.15371120,0.02889050,0.13040741,1.00000000,0.02108838,0.03358290,0.06402582,0.02425756
124,0.11692324,0.13463269,0.08691841,0.30834800,0.13408175,0.03127143,0.07150932,0.06854466,0.04396795,0.13970889,0.22366130,0.02486587,0.03675651,0.10841131,0.16704486,0.13406414,0.01936287,0.02805506,0.19404685,0.07793550,0.02565348,0.08263796,0.06459090,0.13449487,0.04958390,0.02590063,0.07843968,0.09770606,0.05007934,0.06547718,0.03548241,0.03254563,0.06495309,0.22471492,0.08137429,0.21973294,0.03203269,0.02776551,0.02986145,0.03890029,0.19075617,0.11561184,0.26046395,0.09195095,0.12386850,0.01215126,0.07767487,0.02615299,0.02756354,0.02647921,0.02137276,0.07710797,0.01129754,0.02281411,0.02607727,0.10309907,0.09536894,0.07453646,0.03151947,0.18934396,0.03484114,0.10292245,0.10522164,0.06738138,0.04293460,0.04184951,0.04117499,0.02128292,0.02102202,0.06221457,0.01456568,0.21483576,0.04416789,0.02039863,0.11723983,0.05288639,0.01387280,0.03523768,0.08142525,0.05403837,0.26465952,0.05878948,0.21683121,0.19383776,0.07788440,0.11108544,0.06306569,0.11892205,0.18672740,0.05888312,0.26211673,0.12668654,0.38992950,0.04933164,0.21977663,0.02823331,0.10328551,0.12060861,0.08345885,0.07357939,0.01860892,0.04172516,0.04890646,0.03406256,0.15277937,0.07758126,0.01242945,0.06479187,0.05816030,0.07173847,0.01560077,0.05325983,0.17974557,0.06945886,0.06676839,0.03105296,0.03820622,0.02471386,0.11115397,0.07771468,0.04267113,0.36458847,0.11897384,0.02108838,1.00000000,0.13594893,0.06457988,0.04372711
125,0.00996288,0.03095798,0.02734960,0.22391841,0.03284289,0.02130834,0.02616413,0.02205084,0.04959077,0.03437680,0.13754573,0.07784463,0.03655948,0.08360817,0.10698643,0.02667444,0.02037966,0.07958004,0.07791600,0.09206930,0.01360819,0.06723287,0.17667989,0.03752104,0.10016738,0.05342025,0.02534471,0.05843174,0.03464903,0.08045423,0.02266916,0.01802878,0.02078442,0.16819513,0.19100717,0.07232614,0.05193856,0.11551845,0.06068628,0.02597444,0.06594609,0.04155697,0.17642137,0.12542154,0.13557671,0.02833101,0.15042621,0.02708250,0.04705699,0.02945670,0.07991974,0.06696223,0.01707022,0.11529298,0.03032927,0.03955160,0.24303825,0.03949929,0.06148463,0.14838740,0.04780619,0.12927143,0.03549381,0.09790920,0.02386559,0.07760334,0.12992351,0.01585732,0.03946602,0.01060304,0.06688794,0.16065732,0.02466734,0.18142723,0.12239885,0.06957212,0.01465277,0.05686701,0.14879414,0.01366750,0.17298335,0.03550372,0.03494884,0.24745330,0.02974494,0.01768808,0.12445713,0.04716983,0.07936805,0.11083896,0.14680237,0.33721209,0.22727814,0.08594029,0.13001658,0.02520232,0.14665727,0.13142549,0.05082574,0.02868296,0.07703300,0.11034729,0.03282890,0.04607953,0.09629899,0.01089496,0.06244333,0.08134338,0.05510545,0.02741605,0.01392764,0.05599000,0.09998626,0.05659904,0.04236003,0.06330387,0.06620634,0.02707179,0.02365667,0.07969902,0.10665904,0.22600281,0.15221974,0.03358290,0.13594893,1.00000000,0.05080519,0.01800320
126,0.06225806,0.14297238,0.01790538,0.06512399,0.11412588,0.02657857,0.06839465,0.05054877,0.02299012,0.04525952,0.12862569,0.09373107,0.02358163,0.04712170,0.11390352,0.05169907,0.22977884,0.03874750,0.08310071,0.02766519,0.08718555,0.05115698,0.03128794,0.03884348,0.03335471,0.02636196,0.10916539,0.09512619,0.03814402,0.08404889,0.02388266,0.02808682,0.26110545,0.02247274,0.01930783,0.04077575,0.04281695,0.04246448,0.18049979,0.04288922,0.03849068,0.03012187,0.04467527,0.13461410,0.02316608,0.05785374,0.13201821,0.07104462,0.02298074,0.06711845,0.03482506,0.03155278,0.02813824,0.25027508,0.08209679,0.03190136,0.08531736,0.06318681,0.04124939,0.03569338,0.03941176,0.03334484,0.03589866,0.05051655,0.05327367,0.09500626,0.08430231,0.05512020,0.03283015,0.03399706,0.07777424,0.04099584,0.05999652,0.01834010,0.06967344,0.05402984,0.02276532,0.03712862,0.09273819,0.04434090,0.05147690,0.05365275,0.06311592,0.07984552,0.07881096,0.19196944,0.04578293,0.02677060,0.06129352,0.05117361,0.02723842,0.02251876,0.03156136,0.03889147,0.17370969,0.02930245,0.06364342,0.09703727,0.02904986,0.07311849,0.08315018,0.03977939,0.07406573,0.12590089,0.03850118,0.07496537,0.02919428,0.10933761,0.03767533,0.07212667,0.02753263,0.04079634,0.03915381,0.02166703,0.03794879,0.04608357,0.02866960,0.03059410,0.08653200,0.17817259,0.06430653,0.11101648,0.05386735,0.06402582,0.06457988,0.05080519,1.00000000,0.04672308
127,0.10338216,0.03277609,0.17324838,0.15734503,0.05022473,0.03816975,0.03149369,0.09279463,0.01841984,0.05954098,0.10194306,0.03393878,0.01664962,0.05433933,0.04478917,0.15608160,0.05403128,0.02739358,0.20686866,0.02350777,0.02753269,0.20959213,0.09568428,0.09710638,0.05696345,0.06848355,0.05450852,0.06745336,0.11019281,0.06773421,0.08584523,0.03656831,0.03217427,0.04992174,0.02227387,0.06756879,0.08393066,0.03329148,0.09736072,0.20062020,0.05870204,0.11353454,0.10613814,0.09107067,0.11037309,0.09937102,0.07076956,0.16834582,0.11532573,0.05874985,0.08938148,0.02607070,0.13798830,0.03056681,0.09685323,0.07367714,0.03028399,0.04888511,0.11956725,0.17759022,0.09523363,0.02588602,0.03950331,0.11182114,0.19700396,0.05797488,0.06790175,0.03838354,0.16556865,0.03056274,0.12568603,0.01412040,0.24590345,0.02126748,0.03881433,0.12221774,0.16309129,0.10845228,0.10347676,0.38331723,0.07009631,0.18002170,0.04360928,0.12890491,0.07020094,0.06677943,0.02185699,0.08373965,0.03657662,0.01954449,0.03794558,0.01487283,0.03369118,0.05625331,0.08509795,0.06717766,0.03205067,0.08991045,0.07018526,0.24297729,0.03765411,0.23523048,0.04928029,0.02440407,0.01917081,0.05928757,0.06921378,0.02610172,0.01826643,0.03321262,0.03333182,0.08135905,0.06957239,0.02794736,0.07247704,0.02228801,0.10554237,0.02356787,0.02128354,0.03296806,0.05925433,0.13994604,0.16923171,0.02425756,0.04372711,0.01800320,0.04672308,1.00000000
