channel,ch_0,ch_1,ch_2,ch_3,ch_4,ch_5,ch_6,ch_7,ch_8,ch_9,ch_10,ch_11,ch_12,ch_13,ch_14,ch_15,ch_16,ch_17,ch_18,ch_19,ch_20,ch_21,ch_22,ch_23,ch_24,ch_25,ch_26,ch_27,ch_28,ch_29,ch_30,ch_31,ch_32,ch_33,ch_34,ch_35,ch_36,ch_37,ch_38,ch_39,ch_40,ch_41,ch_42,ch_43,ch_44,ch_45,ch_46,ch_47,ch_48,ch_49,ch_50,ch_51,ch_52,ch_53,ch_54,ch_55,ch_56,ch_57,ch_58,ch_59,ch_60,ch_61,ch_62,ch_63,ch_64,ch_65,ch_66,ch_67,ch_68,ch_69,ch_70,ch_71,ch_72,ch_73,ch_74,ch_75,ch_76,ch_77,ch_78,ch_79,ch_80,ch_81,ch_82,ch_83,ch_84,ch_85,ch_86,ch_87,ch_88,ch_89,ch_90,ch_91,ch_92,ch_93,ch_94,ch_95,ch_96,ch_97,ch_98,ch_99,ch_100,ch_101,ch_102,ch_103,ch_104,ch_105,ch_106,ch_107,ch_108,ch_109,ch_110,ch_111,ch_112,ch_113,ch_114,ch_115,ch_116,ch_117,ch_118,ch_119,ch_120,ch_121,ch_122,ch_123,ch_124,ch_125,ch_126,ch_127
0,1.00000000,0.14198709,0.10838169,0.04517200,0.06885090,0.09888855,0.03210383,0.05963677,0.09549339,0.05393897,0.12901580,0.09429576,0.35920870,0.04682713,0.12628017,0.21433313,0.15307245,0.12551975,0.21951170,0.03600132,0.04959583,0.03303470,0.18071970,0.06289234,0.15100993,0.04967111,0.17210835,0.20563741,0.17861602,0.08986048,0.06406812,0.08905569,0.22911879,0.13034594,0.10911924,0.11382176,0.02977210,0.05956753,0.12167524,0.06149066,0.05544804,0.05454254,0.30436182,0.08474787,0.21232624,0.14255214,0.08693920,0.07083970,0.03546742,0.09980522,0.06627594,0.07644133,0.02579262,0.07779069,0.12629080,0.31579521,0.10523711,0.24795806,0.07434945,0.15760702,0.08918688,0.07791407,0.06569228,0.12731707,0.06490172,0.04071890,0.03258075,0.04757455,0.07939240,0.03199988,0.03033629,0.04935955,0.09440964,0.09017256,0.05019244,0.01796212,0.06660704,0.03732850,0.02882428,0.09834650,0.12835437,0.04490432,0.07664323,0.14252108,0.05858359,0.19718900,0.06247167,0.03608679,0.04662752,0.28991988,0.10403375,0.09014910,0.08204225,0.08149579,0.31998700,0.07421802,0.02431517,0.03827883,0.08424002,0.05669279,0.12104051,0.18914589,0.07246763,0.08070443,0.51382339,0.04194045,0.03064971,0.04230165,0.02546816,0.03092745,0.05720960,0.03066863,0.15716258,0.03102119,0.05692898,0.19163449,0.08217277,0.04938200,0.04039451,0.06463448,0.04805387,0.29745537,0.13195577,0.04920790,0.11910773,0.02512159,0.08396399,0.12041083
1,0.14198709,1.00000000,0.11419275,0.10751355,0.14351216,0.02936109,0.03238954,0.04305426,0.02844283,0.06016401,0.18547148,0.06237184,0.09675927,0.28004378,0.14636734,0.03330118,0.12282851,0.03300146,0.06291395,0.09002072,0.08526315,0.16076598,0.17028654,0.03930296,0.04564414,0.23410946,0.12928152,0.14988911,0.09326842,0.02633716,0.02520834,0.02438968,0.13159724,0.18218026,0.14602962,0.03790613,0.04556732,0.06863960,0.04588487,0.06417830,0.09846504,0.18264313,0.11828406,0.12556429,0.10997088,0.15841739,0.02633364,0.04826958,0.02797114,0.02923228,0.16052359,0.01454260,0.04098428,0.05587195,0.06139029,0.04577976,0.09233594,0.12002349,0.02641188,0.10089289,0.05437992,0.08019161,0.12217575,0.19413601,0.02757246,0.20358896,0.05766827,0.04876874,0.10162150,0.02347334,0.04483193,0.24059412,0.02129798,0.15464368,0.18158162,0.07479041,0.01904997,0.03203447,0.13411188,0.02688293,0.16718154,0.04914718,0.15719277,0.17099331,0.04323302,0.16699602,0.15229511,0.03864652,0.17226309,0.12966934,0.13556299,0.26774201,0.17971221,0.07512493,0.20450634,0.03354081,0.03931323,0.06431579,0.04527058,0.02438975,0.06650710,0.05769917,0.18305288,0.08551541,0.18733791,0.03991940,0.09767431,0.10165735,0.05390263,0.08079945,0.06029857,0.04249528,0.15660134,0.04751037,0.02472871,0.07725082,0.08871734,0.03933427,0.10479602,0.03139067,0.03573729,0.15052783,0.14759988,0.20809768,0.14410263,0.03095798,0.15340260,0.03277609
2,0.10838169,0.11419275,1.00000000,0.12269679,0.05994517,0.29730392,0.03711864,0.06148834,0.12536162,0.03922608,0.13238028,0.04264123,0.02709508,0.08586596,0.06186456,0.19313458,0.05110611,0.03014740,0.28101379,0.07696196,0.01139162,0.05773852,0.14778024,0.05888493,0.10686058,0.16707614,0.16679007,0.08810222,0.10697290,0.08101134,0.07641444,0.23181763,0.04269127,0.03331183,0.06464767,0.11407073,0.17782474,0.07534316,0.08575563,0.02699846,0.06713940,0.18221545,0.14198475,0.12811641,0.11910906,0.06300696,0.07558222,0.08870292,0.13193907,0.06283812,0.02986737,0.07238245,0.13835710,0.12481201,0.18429163,0.11498521,0.06578325,0.04279102,0.20868643,0.02838557,0.13489296,0.02215723,0.24177477,0.27956593,0.07373439,0.09368315,0.05067789,0.02552573,0.14695811,0.07698061,0.10333590,0.06836056,0.14269057,0.02544399,0.14059216,0.05292726,0.23567283,0.08462621,0.09797113,0.18914104,0.03867453,0.03479739,0.19573578,0.08130771,0.07061288,0.12787037,0.02557391,0.03804676,0.02226341,0.02130056,0.09215613,0.01997617,0.01592505,0.11777084,0.03846558,0.08525987,0.02427974,0.14347847,0.12923045,0.27643311,0.02422744,0.23540746,0.05428566,0.03909976,0.04513215,0.13913415,0.13546675,0.06580442,0.11139732,0.11926395,0.13657343,0.13600641,0.18887800,0.24317649,0.06470743,0.05993089,0.12709115,0.06420824,0.04988044,0.07075281,0.09905697,0.22963086,0.17394598,0.03906559,0.08942475,0.04469623,0.01790538,0.18284537
3,0.04517200,0.10751355,0.12269679,1.00000000,0.05111532,0.12789339,0.02304251,0.16279677,0.06472740,0.07371526,0.39718074,0.04544458,0.06437251,0.06646660,0.20315096,0.25060242,0.03363535,0.03569026,0.28002143,0.09946283,0.10517602,0.15835100,0.09275541,0.09989370,0.05676481,0.02959765,0.04153312,0.16346769,0.04109346,0.10140549,0.03390916,0.03205169,0.13968894,0.12367783,0.16903478,0.19327378,0.09033592,0.11603770,0.03539775,0.05150222,0.13008463,0.14867231,0.24781567,0.08360332,0.20304093,0.08906861,0.10430332,0.15097636,0.09592855,0.06159847,0.36890113,0.12196855,0.03199923,0.07096867,0.04381239,0.11742208,0.07894009,0.35504556,0.08603430,0.17921841,0.09940098,0.11443755,0.04271473,0.12296723,0.02791218,0.07188042,0.07917683,0.12665091,0.12133476,0.03124996,0.12225956,0.27375275,0.11414772,0.04758745,0.16144261,0.01592415,0.05172474,0.04612007,0.11744175,0.13855654,0.17490521,0.06468344,0.02793269,0.28455234,0.12036477,0.21969345,0.09363055,0.04103823,0.14986196,0.03737349,0.14017659,0.16523460,0.32992303,0.03281924,0.29091650,0.02525573,0.18806508,0.06224635,0.10288268,0.13781020,0.03268467,0.19239935,0.14594540,0.06323841,0.14192751,0.14694619,0.09226593,0.03739972,0.02634374,0.09194498,0.05427186,0.11113079,0.15990454,0.05887049,0.04093437,0.05087500,0.07504511,0.03023874,0.05103749,0.15919638,0.03072463,0.43104118,0.20328382,0.08547041,0.32006431,0.22391841,0.06555149,0.15842301
4,0.06885090,0.14351216,0.05994517,0.05111532,1.00000000,0.04717956,0.06045123,0.04234286,0.03673800,0.13076086,0.21720764,0.05211754,0.04100104,0.15613994,0.11716628,0.11154506,0.11847430,0.06515075,0.11621746,0.06793121,0.07817040,0.02190875,0.02542900,0.01466944,0.11351123,0.03579292,0.06263518,0.17698640,0.03657119,0.13055813,0.02382126,0.04546801,0.04027212,0.03422916,0.02385128,0.08444521,0.02835370,0.09015086,0.07342216,0.03675326,0.08938347,0.04343484,0.06704245,0.16906485,0.08671160,0.06205396,0.03680781,0.05713643,0.03417367,0.03145120,0.02716162,0.10632718,0.02313348,0.03230511,0.05797393,0.08835693,0.07660644,0.04585353,0.03395858,0.10084037,0.04972207,0.01727294,0.02540561,0.06186791,0.07009870,0.18333308,0.03012193,0.04073753,0.03992213,0.05290669,0.02987142,0.09300162,0.02804820,0.04312274,0.05023481,0.03433526,0.02342485,0.03894045,0.06601012,0.07979074,0.03221370,0.03870128,0.06156455,0.06529963,0.04978391,0.18488249,0.08598071,0.04108886,0.10602592,0.08454774,0.02285143,0.03072128,0.04474024,0.05477005,0.06839719,0.05078598,0.12287766,0.10355514,0.04424493,0.11324793,0.07553381,0.07653181,0.05193074,0.03212122,0.03830499,0.07811557,0.01867459,0.03400357,0.03177738,0.13710254,0.05148018,0.14962122,0.02627861,0.03878208,0.03343838,0.12467285,0.03169950,0.01869980,0.03429056,0.04974064,0.09403912,0.05261479,0.12991752,0.06414850,0.13408175,0.03284289,0.13962469,0.05022473
5,0.09888855,0.02936109,0.29730392,0.12789339,0.04717956,1.00000000,0.02182556,0.07583129,0.12633401,0.07634394,0.08954733,0.04654661,0.04917854,0.10501634,0.09984039,0.28006417,0.10639623,0.04718089,0.25246370,0.12797281,0.01986035,0.02604533,0.10021771,0.08294331,0.11745458,0.05316079,0.06387598,0.02323326,0.06307336,0.12601736,0.11186392,0.21868543,0.05337470,0.03850876,0.01486577,0.03298610,0.20991310,0.07479371,0.02703103,0.08044548,0.04394264,0.22335702,0.08813637,0.09048682,0.12966773,0.04352991,0.04999889,0.19813588,0.08868514,0.12433001,0.03506113,0.05164041,0.03658491,0.14578374,0.03672894,0.09328534,0.03428907,0.03244533,0.12297704,0.04123704,0.09410761,0.02632809,0.02950674,0.13046789,0.13724136,0.10728130,0.07840657,0.08834615,0.16817996,0.02093086,0.16914530,0.03538939,0.05858225,0.04682562,0.09783731,0.07377341,0.14039829,0.04724199,0.04045093,0.06347899,0.02840969,0.06996267,0.03450373,0.11553429,0.14384806,0.18562351,0.07076386,0.05079497,0.10426127,0.03293493,0.06485396,0.05029501,0.02310297,0.13422650,0.02748691,0.21668470,0.08991526,0.13003376,0.18105540,0.23803452,0.02342389,0.19251311,0.03267144,0.03792503,0.04186465,0.15462157,0.22433960,0.11346813,0.02160619,0.15922996,0.02276788,0.12697762,0.21593623,0.30654225,0.04390131,0.07113756,0.02661641,0.11191525,0.10243469,0.04192398,0.06323003,0.18052514,0.06751319,0.08082640,0.03361128,0.02236340,0.03312456,0.05183448
6,0.03210383,0.03238954,0.03711864,0.02304251,0.06045123,0.02182556,1.00000000,0.06869127,0.04444402,0.04464038,0.07552638,0.14727166,0.05302896,0.04711212,0.20392689,0.02717781,0.02891304,0.06075559,0.12019625,0.04188713,0.01406384,0.04597437,0.06422570,0.14492719,0.15797862,0.03191784,0.02948865,0.05405295,0.16820794,0.19888209,0.09260447,0.06044522,0.18172553,0.10754132,0.08141272,0.03218755,0.02951225,0.11021549,0.06950469,0.03963824,0.03053230,0.07024846,0.02009821,0.16850942,0.03443513,0.05629457,0.15234628,0.02428255,0.08075158,0.04507479,0.06125648,0.03716563,0.11578307,0.14156091,0.02860561,0.09339967,0.12804742,0.03976030,0.05237466,0.12548044,0.12255394,0.08378864,0.02278903,0.04657211,0.01843314,0.06916512,0.05599869,0.02525268,0.09289036,0.14880536,0.11219002,0.04293733,0.05717923,0.09479112,0.04221367,0.02901091,0.01963274,0.17762718,0.12008294,0.02899629,0.03169404,0.02701901,0.06057397,0.15006240,0.15609258,0.09678926,0.03628198,0.04507848,0.02265009,0.07434285,0.04170117,0.07387422,0.02811042,0.19840461,0.05485486,0.07467330,0.02573298,0.05447006,0.05584826,0.09705648,0.20624027,0.03884026,0.01633427,0.07553691,0.03650404,0.10659895,0.06354682,0.11272622,0.26144171,0.01964048,0.07628828,0.09427424,0.05521072,0.05959123,0.07380684,0.08235615,0.03349379,0.05629089,0.03871863,0.04837323,0.05016667,0.05117102,0.01718631,0.02960566,0.07150932,0.02616413,0.06839465,0.03149369
7,0.05963677,0.04305426,0.06148834,0.16279677,0.04234286,0.07583129,0.06869127,1.00000000,0.17278248,0.08720307,0.14161670,0.04521494,0.07238398,0.04529062,0.22084361,0.13890657,0.03170768,0.09944664,0.16063082,0.08108504,0.02005247,0.06635354,0.06140638,0.04493813,0.07999658,0.09815875,0.23217237,0.06026558,0.03619100,0.14960822,0.07962973,0.02319447,0.09346834,0.04671043,0.02480751,0.02534723,0.11649846,0.03044948,0.03061648,0.05318015,0.17343530,0.25877744,0.09214158,0.05561878,0.04565850,0.36728328,0.05224299,0.10552710,0.08473638,0.02927053,0.03881506,0.08209696,0.11189410,0.03798482,0.02270237,0.04436939,0.04126133,0.05199250,0.05037374,0.06197920,0.19565061,0.04389551,0.08491728,0.15936863,0.06045483,0.08082666,0.08444978,0.17941710,0.02661669,0.04657255,0.05986199,0.02768239,0.06610972,0.07378943,0.08861322,0.07000969,0.05979891,0.09357625,0.04201878,0.10321375,0.04263610,0.06600350,0.16025600,0.19720536,0.14672029,0.05826721,0.09641811,0.11560702,0.13249466,0.05028445,0.02176407,0.02307303,0.03989349,0.15110016,0.03786799,0.03416869,0.05025324,0.03912064,0.13148992,0.08947287,0.14216527,0.02466497,0.15895577,0.21098402,0.02821132,0.11707519,0.03587357,0.04520901,0.10975061,0.13216574,0.03725043,0.10229449,0.03797514,0.07378103,0.01792302,0.04185731,0.05431835,0.04708556,0.04795600,0.08670641,0.05584292,0.17491129,0.03976312,0.05975812,0.07926525,0.02401389,0.05054877,0.09279463
8,0.09549339,0.02844283,0.12536162,0.06472740,0.03673800,0.12633401,0.04444402,0.17278248,1.00000000,0.06054197,0.06179504,0.04522866,0.24485192,0.05575985,0.05769207,0.35388067,0.03851342,0.03318654,0.28738201,0.09375088,0.01672522,0.07215932,0.13397926,0.18924868,0.17462087,0.16039246,0.30529362,0.13502401,0.03342528,0.11957337,0.06895768,0.03110692,0.09252432,0.13255715,0.09499359,0.02180896,0.09162369,0.05368231,0.04719963,0.03241082,0.24734430,0.17067787,0.28626403,0.05881992,0.10630357,0.21169892,0.13710842,0.02269184,0.08381838,0.01670273,0.02453342,0.11294792,0.05324987,0.05152044,0.02980169,0.23183754,0.13395894,0.03233763,0.03816423,0.10812382,0.19270255,0.22155987,0.12673250,0.07561773,0.02876381,0.07167042,0.03566800,0.13996860,0.06327455,0.03267764,0.02442244,0.14046188,0.13080615,0.01980027,0.10134949,0.01568733,0.13601388,0.06141067,0.08791868,0.09902059,0.06421400,0.13087875,0.20346904,0.03243004,0.11420593,0.15853253,0.11810346,0.10154788,0.12779970,0.07843202,0.04646055,0.07157056,0.06516968,0.02024964,0.09076524,0.04107285,0.13847482,0.22243109,0.10981497,0.04750804,0.06855302,0.07068233,0.13928656,0.04343780,0.03188418,0.22120321,0.04458112,0.09892000,0.05405691,0.09689640,0.06805669,0.07464823,0.12610231,0.06634498,0.21397074,0.05781256,0.11500108,0.02885949,0.09987551,0.14735933,0.06229945,0.28884804,0.16718581,0.07073469,0.06415246,0.05492387,0.07052913,0.02749164
9,0.05393897,0.06016401,0.03922608,0.07371526,0.13076086,0.07634394,0.04464038,0.08720307,0.06054197,1.00000000,0.04477363,0.05004589,0.06480362,0.14140612,0.03892619,0.17179090,0.03708319,0.04513659,0.07654408,0.02933142,0.01328617,0.04917075,0.07087977,0.07245663,0.37410319,0.07663000,0.16130167,0.05320897,0.04887961,0.07455588,0.07816602,0.07587737,0.04748273,0.04012041,0.03973220,0.09476373,0.07493907,0.21080333,0.11082693,0.05958231,0.09554961,0.07985531,0.07044686,0.06462827,0.05383898,0.06002499,0.03083978,0.03587227,0.03764660,0.03890827,0.03250082,0.04511436,0.05603639,0.11754772,0.05814525,0.12897786,0.04183538,0.08624675,0.02263055,0.04810039,0.08230849,0.08982731,0.06729840,0.07434669,0.05545674,0.07621445,0.04665094,0.03491373,0.06024342,0.04921164,0.03693420,0.04398865,0.06776752,0.03669800,0.09362042,0.05804987,0.06433535,0.05239268,0.02966030,0.06982438,0.04409335,0.07890290,0.05919735,0.06689582,0.12769599,0.08777373,0.06505783,0.10812133,0.09157619,0.06668869,0.10835662,0.02748177,0.04999487,0.06322058,0.05943408,0.08332408,0.01842274,0.09353885,0.13299704,0.09068479,0.06021007,0.05960602,0.10342726,0.09309522,0.05136206,0.04646067,0.03856637,0.16401571,0.04991074,0.06063769,0.07063124,0.14573668,0.07610174,0.06385082,0.03253815,0.05906366,0.05482887,0.03738407,0.03227740,0.06340820,0.07278569,0.11181113,0.04041449,0.04831388,0.16248770,0.03590829,0.07301505,0.05954098
10,0.12901580,0.18547148,0.13238028,0.39718074,0.21720764,0.08954733,0.07552638,0.14161670,0.06179504,0.04477363,1.00000000,0.03962810,0.05522547,0.20612510,0.31723464,0.16882449,0.16977566,0.04406923,0.28585285,0.05748894,0.06395505,0.10446765,0.19908187,0.09219798,0.07623135,0.03514335,0.04431955,0.24575317,0.05045614,0.18752842,0.06740571,0.05286966,0.12457274,0.09881344,0.16309598,0.18143848,0.04197935,0.03616646,0.11822011,0.05266728,0.05681713,0.13917562,0.13507067,0.17732862,0.14659998,0.19324753,0.03689461,0.13820241,0.09408432,0.08504014,0.34224346,0.12080380,0.02081252,0.04336420,0.05356064,0.06939551,0.04855096,0.15863217,0.04962942,0.13734347,0.11365914,0.06536706,0.04537620,0.14925060,0.05897670,0.07208572,0.03993808,0.12128774,0.03102471,0.05393443,0.06339721,0.13058260,0.07472344,0.13084485,0.09575456,0.02595593,0.05310198,0.04893110,0.10554636,0.08790772,0.14702362,0.04317909,0.03927444,0.22034793,0.11191392,0.42245364,0.04406297,0.04741817,0.16440031,0.06313512,0.18445770,0.06015805,0.21014473,0.02054425,0.18598840,0.04637610,0.05794401,0.08184377,0.10845476,0.08746129,0.16730976,0.20028745,0.21745947,0.04648212,0.17017438,0.08038501,0.02829840,0.06239638,0.08024412,0.07471079,0.04412499,0.03775735,0.14400187,0.08010541,0.10334381,0.12648696,0.09824831,0.04059058,0.07854919,0.08125611,0.06103752,0.33391726,0.13541527,0.10317378,0.25514889,0.15378405,0.12862569,0.10877556
11,0.09429576,0.06237184,0.04264123,0.04544458,0.05211754,0.04654661,0.14727166,0.04521494,0.04522866,0.05004589,0.03962810,1.00000000,0.08903989,0.11363031,0.13018723,0.07583569,0.05172866,0.02382931,0.03419428,0.08907206,0.07997368,0.06784277,0.07773519,0.01975237,0.18980038,0.02143124,0.07495981,0.03388239,0.24146467,0.18183339,0.04259195,0.01858091,0.29665938,0.11789515,0.08723130,0.03620416,0.20642927,0.11534837,0.03056945,0.03644885,0.04855195,0.09116582,0.04673767,0.14947641,0.03449965,0.14790350,0.03295936,0.18818492,0.02979150,0.16027483,0.14415123,0.02964691,0.04258739,0.08892033,0.04099608,0.05916703,0.09391288,0.06423388,0.04074647,0.11392374,0.06663103,0.02879923,0.03058559,0.05070271,0.03652872,0.10941368,0.03670349,0.11582287,0.06646727,0.01874776,0.07112558,0.02066486,0.04679024,0.25342214,0.09303275,0.15803632,0.06449212,0.04868289,0.10156891,0.06832469,0.02857576,0.03668192,0.02197371,0.03693497,0.20253713,0.02921783,0.10007960,0.02791162,0.04103209,0.12332776,0.01625740,0.06310003,0.02769969,0.03304759,0.08922730,0.04224667,0.08263552,0.12084601,0.08915238,0.09457003,0.15898822,0.04347770,0.04740486,0.07328194,0.11600643,0.23316832,0.02691123,0.06638338,0.08205403,0.09809167,0.03235508,0.10601608,0.04691109,0.03933488,0.05830972,0.05859363,0.10428523,0.07265973,0.02425868,0.05603994,0.10122070,0.03548055,0.04976252,0.06485036,0.02486587,0.07784463,0.11448535,0.04453008
12,0.35920870,0.09675927,0.02709508,0.06437251,0.04100104,0.04917854,0.05302896,0.07238398,0.24485192,0.06480362,0.05522547,0.08903989,1.00000000,0.03108736,0.07459131,0.11049122,0.07944076,0.07591847,0.15222031,0.06383412,0.02255108,0.03057002,0.21318187,0.12427069,0.21451280,0.04183116,0.24611628,0.03043757,0.11227047,0.06926072,0.08428578,0.02267710,0.18322431,0.17526719,0.11945258,0.06717789,0.02253628,0.09516919,0.10538997,0.02095879,0.08407050,0.02908508,0.26862872,0.04830410,0.15815078,0.04111613,0.22070602,0.02152689,0.06996187,0.05622998,0.05787829,0.06305905,0.02781315,0.04875506,0.03912366,0.35898763,0.12758777,0.19225611,0.01877052,0.13596043,0.06173188,0.12229269,0.06465002,0.03435705,0.02187668,0.02646571,0.06228753,0.04097382,0.03894415,0.02196554,0.03715502,0.08485804,0.04589997,0.09106585,0.05807756,0.02777932,0.02718611,0.10584865,0.11971420,0.02565807,0.07429038,0.02177168,0.08692585,0.06390458,0.06359185,0.12745231,0.03276788,0.05025256,0.05019052,0.30932659,0.08283211,0.12468843,0.04801940,0.04621153,0.24466075,0.02094758,0.09019702,0.23337737,0.07834426,0.05026859,0.04824897,0.10766895,0.03385399,0.13652378,0.36337841,0.03070835,0.02537912,0.08023484,0.01644046,0.03129049,0.01932083,0.02170806,0.13036008,0.02800599,0.19004989,0.18352988,0.06864057,0.04036263,0.02715819,0.04038461,0.04619418,0.20187908,0.11381768,0.03207043,0.04874342,0.05603565,0.03954649,0.02184991
13,0.04682713,0.28004378,0.08586596,0.06646660,0.15613994,0.10501634,0.04711212,0.04529062,0.05575985,0.14140612,0.20612510,0.11363031,0.03108736,1.00000000,0.08205871,0.02889345,0.03996627,0.02541162,0.06402093,0.04348446,0.05516163,0.13457298,0.01734578,0.10628226,0.13512385,0.09296997,0.07996073,0.11980166,0.03428695,0.02253962,0.12706360,0.08843512,0.12857783,0.21704739,0.16010381,0.05464216,0.10883579,0.08594485,0.02791945,0.02873999,0.10291825,0.09254000,0.03885383,0.11004896,0.03231633,0.22877356,0.05298791,0.03103671,0.03069251,0.03453986,0.14588434,0.09607166,0.02481828,0.04355080,0.09629929,0.03897432,0.05109255,0.03532960,0.04170683,0.07137899,0.15099277,0.15006313,0.13865003,0.08864622,0.03437005,0.15326065,0.06792907,0.09294830,0.13912942,0.11402750,0.02234215,0.06559148,0.07232574,0.13634810,0.02852069,0.02152241,0.03150637,0.09606571,0.03976504,0.10035208,0.05204663,0.06423751,0.05445540,0.02720134,0.03603724,0.08391652,0.05249404,0.06784528,0.10382305,0.10064700,0.01592076,0.16789822,0.06093628,0.03400982,0.12582430,0.07791291,0.03644125,0.04342970,0.04926421,0.12010892,0.22171307,0.07308553,0.10895859,0.09264986,0.11686365,0.09383710,0.09238732,0.02535779,0.03559917,0.14283483,0.03078345,0.15837972,0.02796556,0.07439286,0.05287713,0.06156314,0.07783963,0.03345710,0.02547799,0.04009125,0.20449430,0.08497960,0.04174685,0.11840694,0.10841131,0.08360817,0.08250873,0.05433933
14,0.12628017,0.14636734,0.06186456,0.20315096,0.11716628,0.09984039,0.20392689,0.22084361,0.05769207,0.03892619,0.31723464,0.13018723,0.07459131,0.08205871,1.00000000,0.15369946,0.10779983,0.12972245,0.06808655,0.10664111,0.04072835,0.05312186,0.12114190,0.07673356,0.13389131,0.13310447,0.10976567,0.08580165,0.29483408,0.37028590,0.04673094,0.03524041,0.15813202,0.07532403,0.05766465,0.09630277,0.08736593,0.05043995,0.03345841,0.03144919,0.18476352,0.11405034,0.15726632,0.07508948,0.10254499,0.10556101,0.06295116,0.11692040,0.07133251,0.02613330,0.13873520,0.09979716,0.05096033,0.07351877,0.07894222,0.13659039,0.09602232,0.07279458,0.03826137,0.05688217,0.04598818,0.08182894,0.03783982,0.02163346,0.03948889,0.08766980,0.02949508,0.25601310,0.03303350,0.07408193,0.02921383,0.06144537,0.03161905,0.10666007,0.17539650,0.03749781,0.06465580,0.06951155,0.04835609,0.08684389,0.16094416,0.06400767,0.14830470,0.30343992,0.33342570,0.32110214,0.08036982,0.07063363,0.17662920,0.13812289,0.15621507,0.08616094,0.15457198,0.04239815,0.12006399,0.03288339,0.02585841,0.10769143,0.05666448,0.23871997,0.06392587,0.11485650,0.04476638,0.17826004,0.12765118,0.26583064,0.08253330,0.11933453,0.06254926,0.03497169,0.12023260,0.22286138,0.09399073,0.07849886,0.16213527,0.10901052,0.04663347,0.05174232,0.05363337,0.11016294,0.10425576,0.27882531,0.11634621,0.09015271,0.17378940,0.12478535,0.13880131,0.04478917
15,0.21433313,0.03330118,0.19313458,0.25060242,0.11154506,0.28006417,0.02717781,0.13890657,0.35388067,0.17179090,0.16882449,0.07583569,0.11049122,0.02889345,0.15369946,1.00000000,0.10724968,0.04576340,0.50246477,0.05107090,0.02201952,0.08491953,0.08017956,0.19252896,0.30502886,0.03378497,0.23973191,0.16001150,0.08645754,0.25600722,0.04848415,0.05550220,0.14575692,0.15125951,0.05328534,0.03550417,0.16223770,0.04671928,0.03961231,0.04933333,0.30225456,0.31647682,0.39399701,0.14567904,0.21881367,0.10112181,0.15738034,0.23647377,0.12106481,0.07209748,0.03850570,0.16325888,0.02270443,0.17840497,0.09122102,0.30710691,0.11720940,0.03104663,0.05570086,0.19471690,0.27093798,0.23521861,0.13516209,0.12682101,0.09037884,0.12117366,0.13410805,0.27183807,0.12499052,0.04419235,0.14146236,0.17273942,0.24261764,0.03211392,0.07913026,0.07662115,0.14919463,0.07987099,0.10912551,0.20230246,0.13036387,0.10143335,0.06617375,0.26099381,0.33247435,0.28604907,0.18967956,0.14570609,0.02450404,0.09226278,0.03571679,0.02922978,0.06596123,0.16156724,0.15470958,0.07313389,0.06152638,0.12848212,0.22673947,0.11494873,0.05960160,0.13960829,0.07131425,0.14266238,0.04814619,0.30502751,0.18962468,0.08143222,0.05935834,0.30234092,0.10237318,0.13765500,0.20925564,0.13838404,0.14133331,0.08205096,0.09008954,0.06881376,0.06295566,0.26925772,0.12218719,0.47742355,0.20797384,0.05845210,0.13406414,0.05300363,0.05581892,0.17012590
16,0.15307245,0.12282851,0.05110611,0.03363535,0.11847430,0.10639623,0.02891304,0.03170768,0.03851342,0.03708319,0.16977566,0.05172866,0.07944076,0.03996627,0.10779983,0.10724968,1.00000000,0.24868333,0.13561967,0.03774791,0.06272139,0.06436774,0.06433549,0.05976336,0.06986617,0.04509845,0.10236563,0.15265627,0.05163073,0.08613528,0.04068340,0.03708619,0.11318193,0.05169156,0.04455215,0.05062549,0.05128688,0.03646618,0.09226386,0.02942786,0.04205737,0.09419314,0.13701287,0.07082124,0.07003969,0.04630651,0.03375020,0.17306527,0.06427128,0.20837994,0.09226861,0.19546098,0.03078876,0.03475672,0.05217739,0.11488393,0.05270570,0.04248371,0.01713945,0.07239896,0.08031145,0.05747942,0.03992061,0.02611120,0.07051308,0.05598714,0.01590653,0.07984777,0.01909375,0.11749956,0.11188877,0.04804734,0.02890720,0.06013282,0.05449425,0.16928913,0.01928769,0.14542958,0.07713859,0.04258626,0.02675630,0.03932552,0.02379406,0.05151457,0.09655963,0.25421587,0.02710353,0.04983028,0.09221029,0.04694623,0.03255156,0.02511849,0.05776140,0.10029354,0.05448039,0.02568473,0.04527780,0.06799278,0.11749602,0.03934811,0.04820637,0.07799400,0.04964294,0.04932793,0.05723813,0.02959554,0.10342740,0.10358149,0.08250116,0.06480040,0.05022675,0.02862003,0.06409175,0.10540989,0.04477265,0.08736867,0.08512174,0.03277075,0.14738473,0.10240659,0.03464301,0.07018211,0.10060456,0.08418980,0.02273329,0.02369740,0.23895736,0.06460615
17,0.12551975,0.03300146,0.03014740,0.03569026,0.06515075,0.04718089,0.06075559,0.09944664,0.03318654,0.04513659,0.04406923,0.02382931,0.07591847,0.02541162,0.12972245,0.04576340,0.24868333,1.00000000,0.10753897,0.07589367,0.03455919,0.12699810,0.06323359,0.04442128,0.13794921,0.08488466,0.03622692,0.05947069,0.15940176,0.11884277,0.04861321,0.02788534,0.16381755,0.14977616,0.10039869,0.02133858,0.05903593,0.07590885,0.22105512,0.06044313,0.05677521,0.07296452,0.10512507,0.04246250,0.10497555,0.12196651,0.11250136,0.17046826,0.03314340,0.04483483,0.02617338,0.03064915,0.02428674,0.07814465,0.09718237,0.11715931,0.04024326,0.07170871,0.02456694,0.15634724,0.07419296,0.02113413,0.02753134,0.12451215,0.03135964,0.13967592,0.03154938,0.05880467,0.03367577,0.03200302,0.04700691,0.03083814,0.04589937,0.10407166,0.03430434,0.11118104,0.05145814,0.04433183,0.10180648,0.04269178,0.06457397,0.06140479,0.03144350,0.04521647,0.10156447,0.06479262,0.03978499,0.04308345,0.01337224,0.15867639,0.03053051,0.05648836,0.06009263,0.27894711,0.07423067,0.05039309,0.03094280,0.05579898,0.13157243,0.10186304,0.20578414,0.04119550,0.06010890,0.27152449,0.12607180,0.09728627,0.14148104,0.11939111,0.11963716,0.06378172,0.05669591,0.08939616,0.11093498,0.06548525,0.07758901,0.05931943,0.05689648,0.03093585,0.03319971,0.04243955,0.06543900,0.09224112,0.07722738,0.03396029,0.04145224,0.09534251,0.06218085,0.03829848
18,0.21951170,0.06291395,0.28101379,0.28002143,0.11621746,0.25246370,0.12019625,0.16063082,0.28738201,0.07654408,0.28585285,0.03419428,0.15222031,0.06402093,0.06808655,0.50246477,0.13561967,0.10753897,1.00000000,0.12545103,0.04635090,0.16315106,0.15399532,0.21096319,0.27224779,0.03319481,0.23189253,0.16349551,0.19462425,0.17530473,0.05089012,0.13907605,0.05964341,0.22284251,0.14533994,0.10219944,0.16015404,0.04771420,0.08453865,0.05105274,0.27511156,0.42164513,0.31542090,0.27371404,0.08521682,0.11198069,0.23971517,0.15462402,0.19265714,0.14411208,0.13896689,0.23111917,0.06113029,0.22868800,0.05416550,0.30812699,0.18853870,0.11256473,0.05914714,0.25036213,0.29340839,0.13860348,0.17299335,0.21979323,0.05384312,0.14901294,0.03589812,0.21577394,0.17934161,0.02234896,0.16098128,0.15517756,0.22150967,0.08206228,0.05682400,0.04393455,0.20022354,0.05190725,0.16453972,0.22769938,0.09188792,0.12907930,0.13751221,0.24315128,0.19875655,0.29964083,0.08160226,0.11688663,0.04651767,0.07442257,0.03725799,0.02681615,0.06363115,0.21934943,0.07396635,0.05184055,0.09444241,0.19161800,0.21159381,0.16181961,0.07759126,0.27338308,0.13027546,0.05118602,0.11516656,0.24779245,0.14065140,0.06948439,0.05721459,0.30532211,0.13481817,0.12090342,0.31549060,0.20930278,0.20220014,0.11850599,0.19394517,0.04277056,0.05233894,0.20893368,0.09517854,0.50940120,0.24181125,0.06268592,0.19404685,0.08232690,0.11481090,0.21555778
19,0.03600132,0.09002072,0.07696196,0.09946283,0.06793121,0.12797281,0.04188713,0.08108504,0.09375088,0.02933142,0.05748894,0.08907206,0.06383412,0.04348446,0.10664111,0.05107090,0.03774791,0.07589367,0.12545103,1.00000000,0.03027239,0.04068219,0.14069070,0.14564134,0.05204034,0.12788779,0.06249788,0.11662751,0.05303372,0.03913388,0.08895786,0.06548411,0.07309778,0.06213016,0.08216859,0.10714402,0.07074915,0.15312199,0.03655359,0.03353063,0.07766422,0.04557049,0.12046403,0.09566052,0.07328644,0.06092149,0.04142629,0.09199917,0.04755617,0.04267948,0.06035884,0.18307480,0.18213397,0.04179589,0.07413527,0.06744700,0.05221368,0.05268836,0.10091195,0.10853302,0.08627299,0.09403239,0.09267737,0.01987920,0.06872192,0.05629669,0.17837685,0.04148820,0.11608416,0.12193100,0.05308726,0.19894269,0.03732596,0.03269398,0.07097892,0.08992385,0.11127540,0.06757484,0.11260450,0.02760737,0.12198181,0.03144047,0.05490804,0.04116937,0.09241217,0.08494984,0.09107745,0.04877163,0.15038472,0.08315232,0.11713713,0.14679943,0.23206764,0.09899685,0.10993333,0.07944811,0.26804000,0.13264942,0.11888251,0.05668753,0.04357580,0.09510843,0.06795111,0.03114440,0.04589568,0.10834105,0.08048514,0.02828852,0.05099799,0.06857636,0.04985143,0.09519853,0.08628072,0.05744861,0.08859953,0.06801032,0.09159410,0.01838592,0.17420444,0.03642432,0.08317557,0.13826285,0.11553970,0.09921098,0.07793550,0.09206930,0.04456124,0.03595597
20,0.04959583,0.08526315,0.01139162,0.10517602,0.07817040,0.01986035,0.01406384,0.02005247,0.01672522,0.01328617,0.06395505,0.07997368,0.02255108,0.05516163,0.04072835,0.02201952,0.06272139,0.03455919,0.04635090,0.03027239,1.00000000,0.02183375,0.08203538,0.01344009,0.09414306,0.02279490,0.07507843,0.03334825,0.05678627,0.03413241,0.01505048,0.01241414,0.09837753,0.03384168,0.05049004,0.07070690,0.02284921,0.05955318,0.07973562,0.03499604,0.03255738,0.04108088,0.02055456,0.24175104,0.03743884,0.06007786,0.02712074,0.04265761,0.02032434,0.03610985,0.10662900,0.01220438,0.01742729,0.04527541,0.02140986,0.02567964,0.03761925,0.14763582,0.01456726,0.03424336,0.03477990,0.01227748,0.00923892,0.03240307,0.01787393,0.11090408,0.02583827,0.03934341,0.02020917,0.02389220,0.04294993,0.02133669,0.01801573,0.06914018,0.04315439,0.00906665,0.01739334,0.05781512,0.36012506,0.01909626,0.03964618,0.01018544,0.01575297,0.03783991,0.06701487,0.13015524,0.04428827,0.01641358,0.01879665,0.03407692,0.03639754,0.03712788,0.02968514,0.01586107,0.13247052,0.03600227,0.05174731,0.14168623,0.03366854,0.01775602,0.09556217,0.06017542,0.03300934,0.06549175,0.03451307,0.04525480,0.01430503,0.02095708,0.03100450,0.05098899,0.03379333,0.04002731,0.05516941,0.01807794,0.36034772,0.09395325,0.02905401,0.02403129,0.02880248,0.11755508,0.05147769,0.02698703,0.04315097,0.05786105,0.02610978,0.01360819,0.11398816,0.03510855
21,0.03303470,0.16076598,0.05773852,0.15835100,0.02190875,0.02604533,0.04597437,0.06635354,0.07215932,0.04917075,0.10446765,0.06784277,0.03057002,0.13457298,0.05312186,0.08491953,0.06436774,0.12699810,0.16315106,0.04068219,0.02183375,1.00000000,0.05727506,0.19965830,0.08855948,0.12476449,0.02366826,0.11032453,0.03089181,0.03390537,0.02545556,0.13458033,0.05261281,0.12194485,0.11280167,0.03238487,0.27119780,0.05542730,0.01338874,0.01474704,0.05481652,0.06283511,0.12914076,0.06031719,0.04022294,0.02686899,0.05849947,0.07283766,0.10546835,0.12495010,0.09569415,0.08529482,0.10397042,0.01791538,0.02170756,0.03167777,0.05555214,0.05279866,0.02468249,0.19709402,0.08085598,0.09953913,0.09551823,0.03545968,0.02192497,0.03399996,0.13567755,0.09057505,0.08471843,0.03557196,0.03427164,0.09176576,0.10292483,0.01809295,0.13620052,0.26282859,0.17269546,0.06027757,0.10726974,0.09824095,0.06046176,0.05045089,0.06053320,0.14990476,0.03700068,0.06129831,0.04757180,0.06561575,0.02117067,0.02845696,0.03629877,0.11318624,0.16222569,0.20796750,0.07495278,0.07770828,0.04495000,0.05786821,0.17593366,0.04180658,0.09225900,0.02011262,0.02588503,0.07881741,0.06194303,0.07393923,0.18407044,0.04797032,0.15287729,0.04523722,0.03488711,0.07813153,0.03603501,0.11764426,0.02995344,0.02765733,0.05328169,0.03118787,0.03251537,0.02678824,0.05319612,0.17916323,0.16208577,0.03026976,0.10500209,0.07359325,0.05990956,0.21718729
22,0.18071970,0.17028654,0.14778024,0.09275541,0.02542900,0.10021771,0.06422570,0.06140638,0.13397926,0.07087977,0.19908187,0.07773519,0.21318187,0.01734578,0.12114190,0.08017956,0.06433549,0.06323359,0.15399532,0.14069070,0.08203538,0.05727506,1.00000000,0.09385256,0.29073632,0.02292678,0.14379209,0.15312360,0.08368573,0.14538118,0.02154620,0.09393927,0.21318793,0.21414919,0.30260643,0.19764026,0.03663259,0.21483631,0.18480286,0.07029273,0.04950350,0.03842169,0.17700902,0.25744110,0.32279715,0.04134638,0.14730577,0.06237910,0.09569688,0.09269775,0.12495527,0.09483614,0.03579588,0.14879265,0.09764045,0.26688713,0.13859281,0.09949255,0.07892832,0.18178724,0.07894990,0.08386713,0.02035517,0.12694663,0.02805998,0.03158093,0.11396220,0.03173629,0.16281119,0.02451191,0.08369011,0.19238934,0.05208992,0.16809908,0.19960028,0.02618418,0.05981403,0.16880453,0.32213861,0.09966247,0.34791258,0.04407194,0.17074123,0.29577535,0.01878222,0.12866017,0.12250851,0.02951734,0.07765511,0.09901860,0.31830466,0.30069268,0.18784150,0.11916372,0.19539835,0.09834070,0.20454925,0.31999993,0.10826522,0.12595326,0.14361382,0.33427352,0.08355036,0.15582234,0.19518837,0.02231047,0.05015003,0.05131618,0.07181820,0.05682521,0.04023993,0.08949107,0.26789445,0.07693139,0.14405039,0.06016524,0.04403510,0.14280808,0.03711418,0.03891373,0.03650133,0.32788259,0.15885553,0.11857148,0.07735498,0.17940629,0.03265309,0.09767854
23,0.06289234,0.03930296,0.05888493,0.09989370,0.01466944,0.08294331,0.14492719,0.04493813,0.18924868,0.07245663,0.09219798,0.01975237,0.12427069,0.10628226,0.07673356,0.19252896,0.05976336,0.04442128,0.21096319,0.14564134,0.01344009,0.19965830,0.09385256,1.00000000,0.07042219,0.04647712,0.06092943,0.07967548,0.05558363,0.03529238,0.08999131,0.09557293,0.04461247,0.24021655,0.08743803,0.02751640,0.06275122,0.04800543,0.05800801,0.18234742,0.17481348,0.13809592,0.11641575,0.10858504,0.03938852,0.03293849,0.07016204,0.03401741,0.02799891,0.04899821,0.07122545,0.09203231,0.04065247,0.06919695,0.07374926,0.11521368,0.04005000,0.06313939,0.21696901,0.04357246,0.18130313,0.22387344,0.03392133,0.03845260,0.16023067,0.03420623,0.07661660,0.12927467,0.02865347,0.01784801,0.02434303,0.07739155,0.09892896,0.03105943,0.12643197,0.07566077,0.02669599,0.04424101,0.07420041,0.09016192,0.05801683,0.17317760,0.02870722,0.09568426,0.07591876,0.11234736,0.02317386,0.40598100,0.02465405,0.04631184,0.07984176,0.10599722,0.18843840,0.15647846,0.06224632,0.08817908,0.07927432,0.06782873,0.12997341,0.14470330,0.05289202,0.06731628,0.03487291,0.01912694,0.10823222,0.08455741,0.02246824,0.10918089,0.14100811,0.12772565,0.04338280,0.12062156,0.27261609,0.02019890,0.04635895,0.01999239,0.02056135,0.03363367,0.03460424,0.07420807,0.04500585,0.16053966,0.04420468,0.03366684,0.13449487,0.04042442,0.04655381,0.09710638
24,0.15100993,0.04564414,0.10686058,0.05676481,0.11351123,0.11745458,0.15797862,0.07999658,0.17462087,0.37410319,0.07623135,0.18980038,0.21451280,0.13512385,0.13389131,0.30502886,0.06986617,0.13794921,0.27224779,0.05204034,0.09414306,0.08855948,0.29073632,0.07042219,1.00000000,0.05630772,0.31144845,0.16901694,0.27498561,0.14302467,0.05424077,0.05657781,0.24511464,0.13786292,0.14516243,0.03269507,0.05189202,0.21593204,0.20006347,0.03427771,0.10114287,0.08294155,0.12926613,0.28392380,0.16734955,0.04701116,0.13637704,0.12808265,0.13169730,0.09015421,0.14898804,0.09409910,0.02960872,0.30111238,0.14093174,0.29998416,0.13009390,0.04530572,0.03530114,0.23709151,0.17243066,0.13681190,0.07187632,0.12500040,0.07236965,0.03739036,0.07325483,0.04346224,0.24703115,0.03241399,0.12857777,0.12433878,0.08337723,0.22484714,0.07003763,0.04303174,0.07351531,0.13455349,0.22563443,0.09966221,0.05554018,0.04843976,0.11878338,0.11973111,0.08085296,0.02638525,0.16647072,0.04740306,0.08483993,0.15225109,0.05696683,0.08490656,0.05925642,0.19491351,0.07962061,0.06134899,0.17848592,0.33165359,0.18103275,0.04493470,0.20066071,0.16874790,0.07601449,0.20277786,0.15965879,0.05565680,0.03061356,0.03229994,0.06624219,0.05904613,0.08610529,0.06720165,0.20433348,0.03781866,0.11707832,0.13933709,0.06593168,0.12714052,0.02780179,0.05767196,0.05453368,0.12949519,0.15103236,0.07949533,0.04958390,0.10050419,0.05782466,0.07856822
25,0.04967111,0.23410946,0.16707614,0.02959765,0.03579292,0.05316079,0.03191784,0.09815875,0.16039246,0.07663000,0.03514335,0.02143124,0.04183116,0.09296997,0.13310447,0.03378497,0.04509845,0.08488466,0.03319481,0.12788779,0.02279490,0.12476449,0.02292678,0.04647712,0.05630772,1.00000000,0.13513345,0.07345990,0.03270587,0.03962211,0.03298961,0.03616691,0.07029413,0.05198181,0.01979527,0.05830546,0.03727197,0.09165676,0.02193495,0.02390474,0.03079857,0.09846298,0.06952333,0.02581727,0.05295844,0.05461856,0.02759516,0.03147944,0.02804863,0.13555630,0.07168774,0.10528996,0.03919984,0.03696049,0.16048893,0.03888245,0.06129468,0.02567914,0.08646272,0.05536508,0.07856472,0.01712903,0.14638431,0.27937031,0.02810452,0.04851193,0.02384641,0.04261390,0.08920420,0.05109035,0.04222609,0.02353444,0.15433055,0.19305804,0.03545573,0.03816038,0.10255164,0.15432999,0.05917659,0.09865309,0.04182809,0.02227186,0.12811598,0.08471636,0.10671520,0.06741416,0.04753830,0.03313563,0.02773496,0.03312030,0.06552801,0.10813652,0.05488361,0.04594463,0.05582403,0.08435665,0.02756582,0.04157811,0.03598629,0.07575041,0.02391320,0.04689385,0.11863960,0.07475716,0.03897571,0.02366957,0.06130002,0.08839357,0.08793139,0.03219483,0.24732545,0.11710079,0.03041539,0.07698753,0.05832529,0.05198037,0.17693606,0.02229258,0.09096731,0.12069727,0.06997466,0.04138131,0.11092191,0.04235588,0.02590063,0.05779061,0.02636196,0.07392934
26,0.17210835,0.12928152,0.16679007,0.04153312,0.06263518,0.06387598,0.02948865,0.23217237,0.30529362,0.16130167,0.04431955,0.07495981,0.24611628,0.07996073,0.10976567,0.23973191,0.10236563,0.03622692,0.23189253,0.06249788,0.07507843,0.02366826,0.14379209,0.06092943,0.31144845,0.13513345,1.00000000,0.19405109,0.15583161,0.03823276,0.08017732,0.08149491,0.09208774,0.15063477,0.10456932,0.01806644,0.01939998,0.03345405,0.13305181,0.02751705,0.21970358,0.11622366,0.16147658,0.16882524,0.09794296,0.07483959,0.06994322,0.03985477,0.06218938,0.08138093,0.03832666,0.02094744,0.06227677,0.04276469,0.10416419,0.28296465,0.11277010,0.02843121,0.03007017,0.08335437,0.17191599,0.18868637,0.16803807,0.03133404,0.03520006,0.04728153,0.02629500,0.03342257,0.02497171,0.03946730,0.02458800,0.03208121,0.10597618,0.09463313,0.05822609,0.03531726,0.07221551,0.05319440,0.12803334,0.03427690,0.04113982,0.10182478,0.30149293,0.03117895,0.03151270,0.18439701,0.02264169,0.12663808,0.10889377,0.05705131,0.06665216,0.01933512,0.04161172,0.03900710,0.11360967,0.08098304,0.04393160,0.25817090,0.11665691,0.05308899,0.07558594,0.07254045,0.09003024,0.15993932,0.09265574,0.11469641,0.02298260,0.02721697,0.15236181,0.05664285,0.12770997,0.04795023,0.07617567,0.08301896,0.19424853,0.08640906,0.24385449,0.04238611,0.07230210,0.04051747,0.04110818,0.20223024,0.06779988,0.04163276,0.09146656,0.02534471,0.12583125,0.07323093
27,0.20563741,0.14988911,0.08810222,0.16346769,0.17698640,0.02323326,0.05405295,0.06026558,0.13502401,0.05320897,0.24575317,0.03388239,0.03043757,0.11980166,0.08580165,0.16001150,0.15265627,0.05947069,0.16349551,0.11662751,0.03334825,0.11032453,0.15312360,0.07967548,0.16901694,0.07345990,0.19405109,1.00000000,0.04233831,0.08815397,0.15572159,0.06614086,0.11770150,0.11733323,0.10911466,0.05347285,0.02101701,0.05972989,0.10164239,0.07877032,0.12707743,0.10427637,0.22765717,0.09481896,0.08800560,0.04592813,0.19354588,0.07463540,0.08279447,0.02692499,0.18529838,0.10497662,0.04557089,0.03111466,0.07194583,0.05913535,0.07046077,0.12117430,0.07868803,0.17969364,0.16550185,0.07713364,0.07731681,0.09464039,0.12241241,0.06454453,0.03305646,0.09018956,0.02390449,0.04691242,0.02706282,0.09565647,0.10600147,0.06184222,0.05573259,0.02894430,0.07476962,0.02482881,0.14899775,0.09896112,0.09827082,0.03865040,0.06023625,0.09206158,0.05230468,0.22949564,0.07446863,0.03619488,0.03164170,0.06004417,0.11542898,0.07106925,0.10663934,0.02984949,0.26500556,0.04686715,0.12138276,0.24802816,0.12635395,0.03707532,0.12557083,0.10197280,0.11210409,0.03708488,0.14615598,0.10457295,0.02486243,0.03208526,0.06013738,0.05827922,0.04643735,0.02099462,0.08465149,0.02637331,0.07804944,0.09388866,0.07514563,0.02905247,0.02502289,0.06060945,0.04054124,0.19042227,0.12820722,0.10068169,0.10159831,0.07956950,0.09512619,0.07963400
28,0.17861602,0.09326842,0.10697290,0.04109346,0.03657119,0.06307336,0.16820794,0.03619100,0.03342528,0.04887961,0.05045614,0.24146467,0.11227047,0.03428695,0.29483408,0.08645754,0.05163073,0.15940176,0.19462425,0.05303372,0.05678627,0.03089181,0.08368573,0.05558363,0.27498561,0.03270587,0.15583161,0.04233831,1.00000000,0.27255362,0.07778830,0.07604718,0.30562225,0.12842524,0.06555140,0.03283513,0.04198538,0.06207877,0.14237964,0.04256380,0.06662917,0.15668666,0.05141370,0.21222673,0.06076194,0.10797180,0.15460122,0.09631030,0.03809677,0.10842906,0.25359729,0.03606841,0.04256376,0.19899057,0.17512697,0.09662354,0.07861976,0.08147421,0.04927186,0.12280588,0.16602451,0.03055039,0.04510936,0.21404102,0.06300928,0.02111149,0.05837318,0.10086543,0.12665647,0.03151915,0.09472837,0.04442368,0.05960256,0.17451417,0.11741112,0.06665073,0.03006526,0.07545657,0.15997374,0.07847963,0.05058068,0.07246185,0.05829577,0.09959614,0.20781720,0.20933616,0.08734804,0.08410361,0.10002772,0.12733056,0.04772373,0.05080575,0.04536150,0.08142063,0.04933655,0.07458888,0.07546619,0.24304780,0.11796466,0.09239697,0.21393293,0.14668164,0.07507257,0.13616115,0.18730560,0.09343360,0.02826549,0.17243567,0.04671627,0.07684977,0.13488859,0.16312906,0.14097051,0.03012471,0.02817280,0.15229183,0.08222613,0.07380399,0.11350504,0.10309296,0.06180611,0.07946227,0.04361071,0.10625011,0.05007934,0.03560583,0.07871944,0.12376883
29,0.08986048,0.02633716,0.08101134,0.10140549,0.13055813,0.12601736,0.19888209,0.14960822,0.11957337,0.07455588,0.18752842,0.18183339,0.06926072,0.02253962,0.37028590,0.25600722,0.08613528,0.11884277,0.17530473,0.03913388,0.03413241,0.03390537,0.14538118,0.03529238,0.14302467,0.03962211,0.03823276,0.08815397,0.27255362,1.00000000,0.09838622,0.03071996,0.24694555,0.12878063,0.15674359,0.04569766,0.15520763,0.07518193,0.08600394,0.06206704,0.13938624,0.33362997,0.08926524,0.04611138,0.13345069,0.06872161,0.06232035,0.08867137,0.07985038,0.05289421,0.09420283,0.03581690,0.05516866,0.19539627,0.06089158,0.07272337,0.05781434,0.05626419,0.03001836,0.12313341,0.07631864,0.06044423,0.03733804,0.05893683,0.07667561,0.04544578,0.07370400,0.18567871,0.02360365,0.11680204,0.04224198,0.03904809,0.06707942,0.18209250,0.07697386,0.09367575,0.07983154,0.18993616,0.07857077,0.06299105,0.08542411,0.12362924,0.08416788,0.03840834,0.35128108,0.41400173,0.31969225,0.04901498,0.03861476,0.17365499,0.19322042,0.16541970,0.07769449,0.08282058,0.08827063,0.08342381,0.04164769,0.04832855,0.06633192,0.22392438,0.15031397,0.04797792,0.06970292,0.19855440,0.15132204,0.42180032,0.14967641,0.18338948,0.13890420,0.21901032,0.02478462,0.22492996,0.05093194,0.04827413,0.08398774,0.08067334,0.03703224,0.14871210,0.04255351,0.12452104,0.09292656,0.10201449,0.07587875,0.09616857,0.06547718,0.08994178,0.08404889,0.06773421
30,0.06406812,0.02520834,0.07641444,0.03390916,0.02382126,0.11186392,0.09260447,0.07962973,0.06895768,0.07816602,0.06740571,0.04259195,0.08428578,0.12706360,0.04673094,0.04848415,0.04068340,0.04861321,0.05089012,0.08895786,0.01505048,0.02545556,0.02154620,0.08999131,0.05424077,0.03298961,0.08017732,0.15572159,0.07778830,0.09838622,1.00000000,0.12953687,0.09316246,0.12771784,0.07289115,0.02366074,0.15302196,0.04068412,0.03677119,0.26378572,0.22248411,0.04881519,0.09354901,0.06492685,0.04897162,0.05811359,0.05655475,0.03527339,0.18008214,0.07202756,0.03901075,0.11840223,0.05613373,0.03364898,0.04988786,0.07924014,0.07201711,0.04159247,0.12253481,0.30935296,0.11502787,0.19607884,0.09216676,0.03538493,0.27362311,0.03558026,0.05154600,0.08622209,0.09250487,0.08417128,0.02970429,0.01579015,0.13898131,0.03158934,0.09798099,0.02197205,0.06649294,0.11990283,0.06264226,0.08371221,0.06668641,0.08484494,0.02132350,0.03925757,0.07767753,0.05108123,0.01545326,0.15672848,0.08082155,0.06681865,0.06926534,0.03779838,0.03116446,0.09169945,0.07779118,0.05215268,0.05366110,0.10707963,0.04981151,0.22530589,0.07818504,0.08899860,0.06909697,0.03222464,0.11236908,0.03226474,0.08978961,0.06867765,0.02137272,0.07526434,0.09974150,0.15220700,0.08393519,0.08557267,0.03972224,0.08816232,0.03857159,0.03229376,0.06323394,0.03372271,0.05370967,0.11251869,0.03438481,0.07317761,0.04683805,0.04322509,0.02388266,0.08584523
31,0.08905569,0.02438968,0.23181763,0.03205169,0.04546801,0.21868543,0.06044522,0.02319447,0.03110692,0.07587737,0.05286966,0.01858091,0.02267710,0.08843512,0.03524041,0.05550220,0.03708619,0.02788534,0.13907605,0.06548411,0.01241414,0.13458033,0.09393927,0.09557293,0.05657781,0.03616691,0.08149491,0.06614086,0.07604718,0.03071996,0.12953687,1.00000000,0.02218374,0.03112849,0.04056654,0.08730011,0.03890771,0.02844621,0.07441553,0.19990261,0.07060940,0.03196832,0.03530405,0.03348993,0.09785408,0.07768475,0.02692379,0.02372921,0.03301542,0.15028748,0.02735744,0.10063157,0.04462294,0.13635018,0.05376773,0.07079165,0.04372458,0.06703848,0.18263480,0.13991602,0.01866766,0.06381246,0.05970376,0.20166317,0.17929932,0.07280928,0.16518958,0.09762779,0.03861305,0.12340825,0.04428890,0.03426438,0.04508204,0.11272695,0.02590379,0.06512308,0.05708668,0.02714511,0.02102179,0.14001535,0.03331239,0.15184024,0.09610671,0.02027931,0.03649606,0.06817209,0.03120868,0.03578201,0.03463404,0.03245083,0.06984791,0.04380526,0.04855229,0.09239835,0.03372329,0.34498882,0.05672391,0.05661446,0.04467401,0.22442308,0.01869909,0.17275612,0.03401600,0.05261705,0.02785645,0.03828246,0.09059604,0.03990781,0.11816800,0.04214988,0.12870806,0.07171594,0.28028741,0.27202845,0.03333795,0.02848535,0.19707647,0.11546221,0.05270940,0.05787895,0.03105732,0.08882224,0.05062756,0.03863170,0.03254563,0.02000103,0.03019179,0.04164857
32,0.22911879,0.13159724,0.04269127,0.13968894,0.04027212,0.05337470,0.18172553,0.09346834,0.09252432,0.04748273,0.12457274,0.29665938,0.18322431,0.12857783,0.15813202,0.14575692,0.11318193,0.16381755,0.05964341,0.07309778,0.09837753,0.05261281,0.21318793,0.04461247,0.24511464,0.07029413,0.09208774,0.11770150,0.30562225,0.24694555,0.09316246,0.02218374,1.00000000,0.11705568,0.11750200,0.02953141,0.13013843,0.02170764,0.19627377,0.04065288,0.13692653,0.14428890,0.05623881,0.17151357,0.03496004,0.11725987,0.03897460,0.05015907,0.03020684,0.06033488,0.15056929,0.05039559,0.03740107,0.07797359,0.05689386,0.15496638,0.08930525,0.03487786,0.09713820,0.10755521,0.10084458,0.03501987,0.01455085,0.02129032,0.05056436,0.06308547,0.04667970,0.11035033,0.07765530,0.07359222,0.02754508,0.03925139,0.06577732,0.27002320,0.09737119,0.02341772,0.04038050,0.18167010,0.24037415,0.04994336,0.04573647,0.06580656,0.02733015,0.03689868,0.35853618,0.05507390,0.17052275,0.04242532,0.07986206,0.10269906,0.04858572,0.06743374,0.03982527,0.07072571,0.14429125,0.11539481,0.01166976,0.17659266,0.08150534,0.14242618,0.35412309,0.05551108,0.01778090,0.24741596,0.14568174,0.38835692,0.15859136,0.13331798,0.23867743,0.11077009,0.02557507,0.23211125,0.07837642,0.03399069,0.12518142,0.13123651,0.04037814,0.09594838,0.02886852,0.31229168,0.15214020,0.08557083,0.05700342,0.12358316,0.06495309,0.02371341,0.27559012,0.03217427
33,0.13034594,0.18218026,0.03331183,0.12367783,0.03422916,0.03850876,0.10754132,0.04671043,0.13255715,0.04012041,0.09881344,0.11789515,0.17526719,0.21704739,0.07532403,0.15125951,0.05169156,0.14977616,0.22284251,0.06213016,0.03384168,0.12194485,0.21414919,0.24021655,0.13786292,0.05198181,0.15063477,0.11733323,0.12842524,0.12878063,0.12771784,0.03112849,0.11705568,1.00000000,0.25142133,0.03948210,0.07081081,0.05560586,0.08326331,0.08248230,0.27659869,0.06308790,0.17620063,0.18596666,0.19233800,0.05890023,0.19618468,0.04105969,0.07344697,0.03744146,0.13553208,0.02991300,0.10856408,0.09747955,0.08148484,0.18736070,0.13296810,0.11778974,0.02307967,0.19355103,0.09286654,0.06631547,0.25536335,0.10083285,0.03113614,0.03292062,0.05233043,0.04343709,0.07631305,0.01976756,0.03394453,0.10968599,0.03462797,0.13612130,0.16387990,0.05550405,0.02485148,0.03271993,0.18412855,0.06866142,0.23800194,0.05359976,0.10291548,0.16157547,0.07318503,0.06998608,0.07909454,0.27286929,0.06163024,0.11264481,0.24362734,0.23995791,0.14044592,0.18048608,0.18013084,0.06885831,0.10789116,0.21541901,0.15654637,0.26589170,0.09375454,0.16544372,0.05042194,0.08434190,0.19400328,0.03398102,0.04888315,0.10181281,0.04452568,0.02872760,0.05371825,0.11768533,0.24781197,0.04734051,0.11895548,0.06432506,0.24286747,0.07537945,0.05662862,0.14035290,0.09894618,0.38756457,0.10430270,0.05184466,0.25321910,0.18761514,0.05492600,0.04992174
34,0.10911924,0.14602962,0.06464767,0.16903478,0.02385128,0.01486577,0.08141272,0.02480751,0.09499359,0.03973220,0.16309598,0.08723130,0.11945258,0.16010381,0.05766465,0.05328534,0.04455215,0.10039869,0.14533994,0.08216859,0.05049004,0.11280167,0.30260643,0.08743803,0.14516243,0.01979527,0.10456932,0.10911466,0.06555140,0.15674359,0.07289115,0.04056654,0.11750200,0.25142133,1.00000000,0.10313049,0.01630470,0.10321616,0.14955452,0.04107685,0.03971007,0.03577197,0.17084569,0.13241011,0.26192153,0.06583307,0.12417600,0.03780456,0.10450129,0.12962951,0.17127684,0.01616785,0.04019636,0.06744112,0.12324121,0.09278570,0.10483156,0.11592885,0.06262537,0.15502435,0.06512816,0.21636985,0.06158214,0.06403461,0.04063392,0.02084140,0.14545214,0.02334716,0.08275986,0.05850650,0.05970409,0.16767399,0.02916624,0.08559330,0.12753570,0.01672171,0.06143239,0.04053649,0.15458004,0.01673478,0.19102153,0.03860624,0.09559180,0.21367419,0.02898120,0.07457672,0.06704411,0.01942571,0.07409891,0.08810669,0.23227490,0.31233111,0.14825457,0.13287279,0.17936033,0.06286903,0.14537522,0.15441296,0.09759445,0.04410000,0.08171430,0.22334245,0.02972489,0.08699887,0.16771150,0.02440247,0.01935469,0.09648098,0.10133304,0.02132159,0.05543122,0.01539962,0.06484947,0.02249549,0.07025565,0.10425907,0.15235379,0.03607836,0.01851720,0.04076792,0.20044509,0.24722037,0.14250648,0.07839945,0.09692971,0.19100717,0.02517251,0.03022672
35,0.11382176,0.03790613,0.11407073,0.19327378,0.08444521,0.03298610,0.03218755,0.02534723,0.02180896,0.09476373,0.18143848,0.03620416,0.06717789,0.05464216,0.09630277,0.03550417,0.05062549,0.02133858,0.10219944,0.10714402,0.07070690,0.03238487,0.19764026,0.02751640,0.03269507,0.05830546,0.01806644,0.05347285,0.03283513,0.04569766,0.02366074,0.08730011,0.02953141,0.03948210,0.10313049,1.00000000,0.04039410,0.08080778,0.16391921,0.04210919,0.03471405,0.04198759,0.14307611,0.06722192,0.14963773,0.05825105,0.09521955,0.02533972,0.02916288,0.08496453,0.02688141,0.02555515,0.03122150,0.02271845,0.06660551,0.08329616,0.03310183,0.14296979,0.07231006,0.03107333,0.04680539,0.05985074,0.03695753,0.10204386,0.04106375,0.03425858,0.03887969,0.06752251,0.04195209,0.04494829,0.02372005,0.06940947,0.03072009,0.03173464,0.07676733,0.02671251,0.04481109,0.02359477,0.13746126,0.10453767,0.22360075,0.03334661,0.12251740,0.15516120,0.06415258,0.12569016,0.02955674,0.02061301,0.15773243,0.12897542,0.18497632,0.06613084,0.25089455,0.04080325,0.14990023,0.06211640,0.08840460,0.08788903,0.09301818,0.17991775,0.02931049,0.25095686,0.02761405,0.04100280,0.11787287,0.05065696,0.03594456,0.03151539,0.01915636,0.12080911,0.02095061,0.07713307,0.17387144,0.01804475,0.09776744,0.06129517,0.02379674,0.01744467,0.13733290,0.03971040,0.02829758,0.20198612,0.08195722,0.04551044,0.22420882,0.07326542,0.04077575,0.09548140
36,0.02977210,0.04556732,0.17782474,0.09033592,0.02835370,0.20991310,0.02951225,0.11649846,0.09162369,0.07493907,0.04197935,0.20642927,0.02253628,0.10883579,0.08736593,0.16223770,0.05128688,0.05903593,0.16015404,0.07074915,0.02284921,0.27119780,0.03663259,0.06275122,0.05189202,0.03727197,0.01939998,0.02101701,0.04198538,0.15520763,0.15302196,0.03890771,0.13013843,0.07081081,0.01630470,0.04039410,1.00000000,0.17109209,0.04019382,0.04715861,0.05302872,0.21660656,0.08990638,0.06826750,0.09143464,0.03988598,0.01970373,0.03564010,0.07538959,0.03454619,0.04756782,0.03819514,0.02257527,0.02978376,0.03197453,0.03213254,0.03697800,0.01798820,0.07642081,0.07365300,0.06863207,0.04482885,0.02365947,0.08220255,0.09725367,0.16257009,0.06407788,0.08364122,0.08808020,0.06126328,0.02523751,0.01976115,0.19928518,0.16847731,0.13313365,0.37048000,0.28183126,0.05833999,0.02667167,0.21387234,0.10151333,0.03801875,0.05425153,0.14542788,0.23412742,0.08973049,0.10328673,0.03179626,0.08963227,0.05432006,0.02651823,0.10022365,0.04586603,0.25136828,0.04408358,0.13632458,0.05394755,0.05324040,0.24581613,0.26630658,0.06302440,0.09537067,0.03343501,0.05170474,0.06877994,0.30939895,0.17591909,0.03552319,0.03831551,0.18661615,0.03144813,0.13692391,0.04837709,0.11697407,0.02902578,0.04616426,0.03991459,0.04074800,0.07442413,0.01946986,0.08309733,0.11949912,0.10544153,0.09282301,0.04249085,0.05193856,0.06324872,0.10226606
37,0.05956753,0.06863960,0.07534316,0.11603770,0.09015086,0.07479371,0.11021549,0.03044948,0.05368231,0.21080333,0.03616646,0.11534837,0.09516919,0.08594485,0.05043995,0.04671928,0.03646618,0.07590885,0.04771420,0.15312199,0.05955318,0.05542730,0.21483631,0.04800543,0.21593204,0.09165676,0.03345405,0.05972989,0.06207877,0.07518193,0.04068412,0.02844621,0.02170764,0.05560586,0.10321616,0.08080778,0.17109209,1.00000000,0.13649020,0.02978567,0.03360662,0.16141185,0.08330600,0.08020853,0.14306799,0.07309346,0.04445614,0.02721549,0.02005411,0.02930928,0.03199559,0.14790079,0.08592182,0.07753394,0.05218294,0.10263622,0.10513585,0.08222135,0.02982660,0.09716367,0.10756822,0.04212312,0.06137960,0.05729148,0.03995240,0.02570134,0.08063926,0.03558096,0.10282543,0.01877037,0.03352651,0.16413799,0.11069588,0.14010379,0.03877957,0.09909663,0.07784972,0.12016627,0.14899835,0.03914317,0.12030418,0.04443341,0.05871566,0.12166518,0.02986898,0.03229567,0.02373424,0.04855744,0.07714916,0.16488110,0.06052617,0.19707599,0.24051785,0.07181634,0.14981818,0.02754965,0.11520544,0.06537298,0.06497934,0.05188126,0.19782330,0.13814422,0.09407479,0.12119661,0.12362134,0.03380261,0.10237576,0.02858607,0.10944895,0.15874667,0.11004113,0.14672458,0.09800818,0.03211182,0.08786665,0.03706419,0.10407151,0.04030710,0.05088280,0.04447588,0.02435595,0.08496864,0.16877699,0.14929324,0.02776551,0.11551845,0.04246448,0.05421413
38,0.12167524,0.04588487,0.08575563,0.03539775,0.07342216,0.02703103,0.06950469,0.03061648,0.04719963,0.11082693,0.11822011,0.03056945,0.10538997,0.02791945,0.03345841,0.03961231,0.09226386,0.22105512,0.08453865,0.03655359,0.07973562,0.01338874,0.18480286,0.05800801,0.20006347,0.02193495,0.13305181,0.10164239,0.14237964,0.08600394,0.03677119,0.07441553,0.19627377,0.08326331,0.14955452,0.16391921,0.04019382,0.13649020,1.00000000,0.08820612,0.07805212,0.07617822,0.09375574,0.10025754,0.11079532,0.10628474,0.10744718,0.04176775,0.04256476,0.08235825,0.03316766,0.02322689,0.02114684,0.03463911,0.06500991,0.14365768,0.03157934,0.04500720,0.07273789,0.08466288,0.05345485,0.02637415,0.03441805,0.04932987,0.04032527,0.09966305,0.17667389,0.03188734,0.04891910,0.02541793,0.02839639,0.09550270,0.04629714,0.05773197,0.05355912,0.01529449,0.03912648,0.09329338,0.17741826,0.09090859,0.04740690,0.05959599,0.08512659,0.03814811,0.12819561,0.10639375,0.09262773,0.04406914,0.04729151,0.18905908,0.04021025,0.05571444,0.03017722,0.10723794,0.13007173,0.03736147,0.04360275,0.15291938,0.04759115,0.06949221,0.16336781,0.16703585,0.03012714,0.30250326,0.09973051,0.05327186,0.09388247,0.03548440,0.08857653,0.10120542,0.03853082,0.08183539,0.04543112,0.03643730,0.11106580,0.16287997,0.15153834,0.03293152,0.03242275,0.15352720,0.14944409,0.05242489,0.11628312,0.08081929,0.04350682,0.07270163,0.18049979,0.12389112
39,0.06149066,0.06417830,0.02699846,0.05150222,0.03675326,0.08044548,0.03963824,0.05318015,0.03241082,0.05958231,0.05266728,0.03644885,0.02095879,0.02873999,0.03144919,0.04933333,0.02942786,0.06044313,0.05105274,0.03353063,0.03499604,0.01474704,0.07029273,0.18234742,0.03427771,0.02390474,0.02751705,0.07877032,0.04256380,0.06206704,0.26378572,0.19990261,0.04065288,0.08248230,0.04107685,0.04210919,0.04715861,0.02978567,0.08820612,1.00000000,0.08605675,0.04660702,0.09571351,0.05573118,0.07659081,0.08681314,0.05307864,0.07027192,0.27974898,0.05564617,0.04182932,0.19044523,0.03772828,0.05061354,0.09155021,0.03336405,0.04316656,0.02178473,0.04525147,0.26167536,0.04928665,0.03381592,0.07212691,0.02474786,0.39345971,0.03075072,0.16675058,0.06293502,0.04300787,0.03092106,0.05035791,0.03299921,0.20108606,0.06117313,0.10727868,0.05741886,0.03418690,0.06981623,0.05531991,0.26574183,0.03839482,0.28003022,0.04217850,0.03291239,0.05664939,0.05425777,0.05063495,0.22979766,0.04341627,0.04361013,0.03773228,0.05161528,0.04660380,0.09430435,0.08818969,0.27271250,0.03047939,0.04503192,0.04003752,0.10751880,0.02406143,0.08409195,0.06385902,0.05420359,0.01212269,0.02845978,0.02972012,0.04779944,0.02970269,0.03049230,0.13945681,0.08045672,0.29409623,0.07681736,0.07151880,0.03715798,0.03009085,0.05990927,0.03019258,0.07841705,0.05008849,0.07483493,0.05493338,0.04555207,0.03890029,0.02597444,0.07081151,0.20062020
40,0.05544804,0.09846504,0.06713940,0.13008463,0.08938347,0.04394264,0.03053230,0.17343530,0.24734430,0.09554961,0.05681713,0.04855195,0.08407050,0.10291825,0.18476352,0.30225456,0.04205737,0.05677521,0.27511156,0.07766422,0.03255738,0.05481652,0.04950350,0.17481348,0.10114287,0.03079857,0.21970358,0.12707743,0.06662917,0.13938624,0.22248411,0.07060940,0.13692653,0.27659869,0.03971007,0.03471405,0.05302872,0.03360662,0.07805212,0.08605675,1.00000000,0.22429168,0.25201246,0.15542798,0.06524454,0.05210562,0.15895784,0.03483383,0.05010607,0.06777272,0.03815994,0.11604669,0.08118395,0.03565854,0.04005015,0.15773973,0.13247104,0.04463059,0.04841770,0.17691332,0.26240468,0.25896713,0.25706506,0.08005264,0.07308677,0.07213916,0.06843702,0.21454844,0.10097539,0.03496701,0.02608346,0.10803375,0.17211509,0.01766807,0.18516344,0.07183806,0.03012686,0.11237098,0.08168338,0.05636868,0.14809769,0.29513052,0.11729720,0.19939816,0.15697582,0.06818806,0.07600509,0.26726633,0.15609956,0.04884867,0.09957482,0.05404888,0.06165593,0.10278057,0.05499337,0.15889966,0.03650610,0.14122579,0.09073462,0.16429253,0.06521347,0.10932600,0.11245261,0.15682197,0.07151711,0.27125591,0.04099207,0.05880060,0.09387988,0.07532103,0.07683264,0.06863891,0.14868206,0.18069269,0.09381345,0.07603517,0.18205482,0.02776763,0.04455131,0.26983005,0.14209980,0.37858927,0.13857624,0.06898112,0.20647106,0.07838711,0.03849068,0.05870204
41,0.05454254,0.18264313,0.18221545,0.14867231,0.04343484,0.22335702,0.07024846,0.25877744,0.17067787,0.07985531,0.13917562,0.09116582,0.02908508,0.09254000,0.11405034,0.31647682,0.09419314,0.07296452,0.42164513,0.04557049,0.04108088,0.06283511,0.03842169,0.13809592,0.08294155,0.09846298,0.11622366,0.10427637,0.15668666,0.33362997,0.04881519,0.03196832,0.14428890,0.06308790,0.03577197,0.04198759,0.21660656,0.16141185,0.07617822,0.04660702,0.22429168,1.00000000,0.12900534,0.23461080,0.04829025,0.06182148,0.12815949,0.14814657,0.23738845,0.12877962,0.06305608,0.18142974,0.11237468,0.07341089,0.07771492,0.09288475,0.04455770,0.04894037,0.04460569,0.10931917,0.30774832,0.02909959,0.11208194,0.06156268,0.03834837,0.14457086,0.09400408,0.32295907,0.13529144,0.10913686,0.14702612,0.03479774,0.14492655,0.09740226,0.05815937,0.10121173,0.20308386,0.02657654,0.06673696,0.17651188,0.13683781,0.14099930,0.05144533,0.08597036,0.32479993,0.20618430,0.15399712,0.11001444,0.11062007,0.22528867,0.08411058,0.16493566,0.07507096,0.09804570,0.10199508,0.02738590,0.03600219,0.12324870,0.27934614,0.14268023,0.07249584,0.09177443,0.06586379,0.26528728,0.04284682,0.40041310,0.24211058,0.04674003,0.04889202,0.41152984,0.04198268,0.14378223,0.07752271,0.20171165,0.11536023,0.03888757,0.08370672,0.09253437,0.04087928,0.09962177,0.10853216,0.25927368,0.05014772,0.15237728,0.11561184,0.05841209,0.07483755,0.11353454
42,0.30436182,0.11828406,0.14198475,0.24781567,0.06704245,0.08813637,0.02009821,0.09214158,0.28626403,0.07044686,0.13507067,0.04673767,0.26862872,0.03885383,0.15726632,0.39399701,0.13701287,0.10512507,0.31542090,0.12046403,0.02055456,0.12914076,0.17700902,0.11641575,0.12926613,0.06952333,0.16147658,0.22765717,0.05141370,0.08926524,0.09354901,0.03530405,0.05623881,0.17620063,0.17084569,0.14307611,0.08990638,0.08330600,0.09375574,0.09571351,0.25201246,0.12900534,1.00000000,0.06898920,0.22666085,0.03562307,0.15945044,0.03219258,0.11720753,0.02992759,0.03884569,0.14198522,0.02421197,0.04910442,0.04942464,0.28320312,0.17499265,0.11358956,0.03244956,0.28407058,0.19070569,0.21250769,0.12540245,0.13381723,0.03959859,0.09255539,0.06779684,0.18481395,0.06052039,0.02604008,0.03462630,0.26640999,0.17378113,0.05097830,0.20722988,0.04189937,0.11589134,0.03988054,0.15944646,0.13355741,0.21728848,0.12380570,0.11132315,0.35287374,0.11933745,0.20351401,0.04680024,0.08295351,0.03345497,0.22743255,0.12297777,0.20606188,0.18449582,0.12355201,0.28580248,0.04743990,0.11056919,0.12431790,0.13264324,0.08313776,0.03730689,0.17455073,0.03035163,0.07195579,0.26918706,0.19825529,0.05070867,0.10457585,0.02023299,0.12321930,0.07723116,0.09280638,0.17082986,0.08865193,0.23329070,0.10796760,0.10014206,0.02393362,0.06015408,0.13726598,0.03584388,0.48851171,0.28478140,0.04739176,0.26877636,0.20632845,0.05520559,0.11670460
43,0.08474787,0.12556429,0.12811641,0.08360332,0.16906485,0.09048682,0.16850942,0.05561878,0.05881992,0.06462827,0.17732862,0.14947641,0.04830410,0.11004896,0.07508948,0.14567904,0.07082124,0.04246250,0.27371404,0.09566052,0.24175104,0.06031719,0.25744110,0.10858504,0.28392380,0.02581727,0.16882524,0.09481896,0.21222673,0.04611138,0.06492685,0.03348993,0.17151357,0.18596666,0.13241011,0.06722192,0.06826750,0.08020853,0.10025754,0.05573118,0.15542798,0.23461080,0.06898920,1.00000000,0.09765272,0.08226530,0.22760710,0.13466144,0.09892365,0.14942163,0.11945087,0.10121043,0.12248426,0.12608284,0.04426682,0.22573376,0.13245597,0.07771842,0.03183273,0.22866584,0.15643403,0.09239002,0.07204634,0.08148947,0.03627065,0.03675302,0.06746855,0.02777054,0.16245615,0.03568221,0.15465799,0.08210614,0.04875989,0.13863492,0.10124187,0.03798802,0.06626308,0.07355011,0.31711787,0.07671671,0.09041706,0.02878546,0.13850382,0.20931430,0.02832933,0.09731847,0.12589878,0.07500653,0.06418841,0.04173067,0.10885035,0.08035330,0.05064395,0.05789499,0.07832187,0.05867779,0.19925708,0.32994425,0.12547383,0.07780108,0.12709072,0.16277397,0.02955614,0.05736789,0.05830617,0.06108536,0.08073295,0.03902317,0.04588544,0.04317477,0.03225360,0.07964121,0.17776841,0.09187212,0.24426275,0.16148360,0.12664524,0.05688271,0.03537665,0.05923275,0.04775696,0.23125041,0.08592799,0.03660346,0.09195095,0.12542154,0.14154939,0.09848328
44,0.21232624,0.10997088,0.11910906,0.20304093,0.08671160,0.12966773,0.03443513,0.04565850,0.10630357,0.05383898,0.14659998,0.03449965,0.15815078,0.03231633,0.10254499,0.21881367,0.07003969,0.10497555,0.08521682,0.07328644,0.03743884,0.04022294,0.32279715,0.03938852,0.16734955,0.05295844,0.09794296,0.08800560,0.06076194,0.13345069,0.04897162,0.09785408,0.03496004,0.19233800,0.26192153,0.14963773,0.09143464,0.14306799,0.11079532,0.07659081,0.06524454,0.04829025,0.22666085,0.09765272,1.00000000,0.06204241,0.12794942,0.06488014,0.08637008,0.12300295,0.06099262,0.11120640,0.03062085,0.18222073,0.06584097,0.25743932,0.08153643,0.08176305,0.04920215,0.19775823,0.06636204,0.17266652,0.03492335,0.11940412,0.10523566,0.05592888,0.03210220,0.07066058,0.13065782,0.02924746,0.05492551,0.20337242,0.07001119,0.08440371,0.13607880,0.01711178,0.05603670,0.04799744,0.15588747,0.13137728,0.10891902,0.07405743,0.12325914,0.34761524,0.09343036,0.14832409,0.06975804,0.03224371,0.10493296,0.16846080,0.38278967,0.16790073,0.20075206,0.09906043,0.18128797,0.06682135,0.15472156,0.10626379,0.14785042,0.09787226,0.06900346,0.24611923,0.03946242,0.05450452,0.22239341,0.07084725,0.05672032,0.09951826,0.05504885,0.05744182,0.02201704,0.08847047,0.16121441,0.04066361,0.07033478,0.14197204,0.03852631,0.08783148,0.02956142,0.13281277,0.04074055,0.26803613,0.19639543,0.06005530,0.16458914,0.15240389,0.03727701,0.12387355
45,0.14255214,0.15841739,0.06300696,0.08906861,0.06205396,0.04352991,0.05629457,0.36728328,0.21169892,0.06002499,0.19324753,0.14790350,0.04111613,0.22877356,0.10556101,0.10112181,0.04630651,0.12196651,0.11198069,0.06092149,0.06007786,0.02686899,0.04134638,0.03293849,0.04701116,0.05461856,0.07483959,0.04592813,0.10797180,0.06872161,0.05811359,0.07768475,0.11725987,0.05890023,0.06583307,0.05825105,0.03988598,0.07309346,0.10628474,0.08681314,0.05210562,0.06182148,0.03562307,0.08226530,0.06204241,1.00000000,0.05907042,0.15534812,0.03957801,0.06980969,0.09119014,0.04280210,0.03542449,0.05403571,0.09191516,0.04832155,0.05255825,0.10282796,0.02682756,0.06319879,0.07644458,0.02682114,0.03939221,0.19443755,0.07118012,0.08644187,0.04126649,0.10020357,0.05422803,0.07368131,0.07510194,0.01475906,0.06269042,0.10250798,0.08042543,0.02882479,0.03821239,0.04386148,0.06904408,0.06374262,0.08438662,0.06956340,0.11016732,0.04658324,0.07912400,0.09496173,0.06419079,0.04553892,0.12790573,0.12954926,0.03282505,0.05768200,0.02670305,0.10560243,0.12895086,0.03000605,0.05193658,0.12220077,0.07679462,0.06017493,0.25484490,0.10043392,0.36368978,0.05644985,0.10439017,0.11646529,0.04107875,0.04156343,0.04878524,0.07354112,0.08405773,0.07599986,0.06564480,0.03142226,0.03804994,0.13326624,0.11822094,0.04857107,0.06280902,0.04677188,0.07607835,0.10748131,0.03634531,0.09493237,0.02809045,0.05187874,0.14014314,0.10760149
46,0.08693920,0.02633364,0.07558222,0.10430332,0.03680781,0.04999889,0.15234628,0.05224299,0.13710842,0.03083978,0.03689461,0.03295936,0.22070602,0.05298791,0.06295116,0.15738034,0.03375020,0.11250136,0.23971517,0.04142629,0.02712074,0.05849947,0.14730577,0.07016204,0.13637704,0.02759516,0.06994322,0.19354588,0.15460122,0.06232035,0.05655475,0.02692379,0.03897460,0.19618468,0.12417600,0.09521955,0.01970373,0.04445614,0.10744718,0.05307864,0.15895784,0.12815949,0.15945044,0.22760710,0.12794942,0.05907042,1.00000000,0.02980570,0.05699882,0.07551324,0.05917866,0.04749960,0.10901339,0.05959586,0.02741684,0.18635955,0.09194203,0.06757683,0.06544960,0.17425770,0.12582383,0.13914123,0.08510719,0.11916621,0.03750491,0.08427028,0.05183481,0.03298055,0.07844673,0.03119098,0.13831635,0.09094402,0.09380221,0.09888694,0.12289239,0.01621753,0.07066332,0.05396006,0.12576333,0.06195270,0.07164317,0.04576511,0.06911825,0.19887340,0.03288517,0.06054010,0.03312632,0.08617726,0.07340229,0.14434326,0.07054980,0.12009497,0.05458226,0.10213947,0.13884944,0.02502830,0.12503952,0.11904232,0.06452540,0.03532155,0.04368253,0.11242329,0.04183787,0.03605967,0.05424193,0.08768903,0.03648213,0.09741647,0.02936802,0.07594051,0.04964823,0.04594128,0.14581797,0.05131432,0.14604467,0.12177154,0.11876105,0.03423743,0.04369201,0.15659744,0.04053987,0.24497086,0.16542149,0.03477709,0.09073228,0.15042621,0.13201821,0.08953384
47,0.07083970,0.04826958,0.08870292,0.15097636,0.05713643,0.19813588,0.02428255,0.10552710,0.02269184,0.03587227,0.13820241,0.18818492,0.02152689,0.03103671,0.11692040,0.23647377,0.17306527,0.17046826,0.15462402,0.09199917,0.04265761,0.07283766,0.06237910,0.03401741,0.12808265,0.03147944,0.03985477,0.07463540,0.09631030,0.08867137,0.03527339,0.02372921,0.05015907,0.04105969,0.03780456,0.02533972,0.03564010,0.02721549,0.04176775,0.07027192,0.03483383,0.14814657,0.03219258,0.13466144,0.06488014,0.15534812,0.02980570,1.00000000,0.11694621,0.11231145,0.09098794,0.06177115,0.04394639,0.08063857,0.04600515,0.04322493,0.03912921,0.03000392,0.03130398,0.14129728,0.08180359,0.03089415,0.04328985,0.07951052,0.05140364,0.03951630,0.04089752,0.09240858,0.21525255,0.05693648,0.25002837,0.01729442,0.14471596,0.02844533,0.05018314,0.11395863,0.08680618,0.02799783,0.08375666,0.17175978,0.02635934,0.09386298,0.08011027,0.15795393,0.04945379,0.09137237,0.02629190,0.02780866,0.03417973,0.05092019,0.02169204,0.02184786,0.04326789,0.16634324,0.06491686,0.06352710,0.11760265,0.12675890,0.13160612,0.14153300,0.03257601,0.18905464,0.06626554,0.08583668,0.03632398,0.07034178,0.18426231,0.02160726,0.06412114,0.07246868,0.03305509,0.07326779,0.08071265,0.02598048,0.03315955,0.03591616,0.03015526,0.03315118,0.07322158,0.06918225,0.06013655,0.12493810,0.03966162,0.07548127,0.03070779,0.03272376,0.08329046,0.17199308
48,0.03546742,0.02797114,0.13193907,0.09592855,0.03417367,0.08868514,0.08075158,0.08473638,0.08381838,0.03764660,0.09408432,0.02979150,0.06996187,0.03069251,0.07133251,0.12106481,0.06427128,0.03314340,0.19265714,0.04755617,0.02032434,0.10546835,0.09569688,0.02799891,0.13169730,0.02804863,0.06218938,0.08279447,0.03809677,0.07985038,0.18008214,0.03301542,0.03020684,0.07344697,0.10450129,0.02916288,0.07538959,0.02005411,0.04256476,0.27974898,0.05010607,0.23738845,0.11720753,0.09892365,0.08637008,0.03957801,0.05699882,0.11694621,1.00000000,0.15823440,0.05771656,0.18600835,0.08663744,0.04723102,0.10650331,0.05676956,0.04819009,0.02394781,0.09239762,0.13129324,0.18064395,0.04636217,0.06246442,0.05765767,0.15562437,0.03380500,0.13357298,0.23389073,0.09758987,0.11794539,0.10913666,0.06403317,0.28596443,0.02808443,0.03612960,0.05090527,0.16343360,0.04086248,0.03683429,0.16538912,0.02801595,0.23025183,0.05346985,0.14107132,0.06014900,0.10061104,0.04439993,0.12785688,0.03846871,0.07675016,0.02935855,0.03658333,0.04545265,0.06878285,0.03048247,0.06951754,0.04820580,0.07630523,0.11919299,0.09543014,0.04821181,0.09129372,0.06569187,0.07542740,0.05120637,0.07233138,0.06296051,0.04707738,0.08629186,0.16463953,0.11105318,0.03613590,0.03051233,0.03291306,0.05563886,0.03149105,0.09943689,0.04633739,0.06075707,0.08320840,0.04339920,0.12870747,0.07539542,0.04692118,0.03467310,0.04705699,0.02298074,0.11532573
49,0.09980522,0.02923228,0.06283812,0.06159847,0.03145120,0.12433001,0.04507479,0.02927053,0.01670273,0.03890827,0.08504014,0.16027483,0.05622998,0.03453986,0.02613330,0.07209748,0.20837994,0.04483483,0.14411208,0.04267948,0.03610985,0.12495010,0.09269775,0.04899821,0.09015421,0.13555630,0.08138093,0.02692499,0.10842906,0.05289421,0.07202756,0.15028748,0.06033488,0.03744146,0.12962951,0.08496453,0.03454619,0.02930928,0.08235825,0.05564617,0.06777272,0.12877962,0.02992759,0.14942163,0.12300295,0.06980969,0.07551324,0.11231145,0.15823440,1.00000000,0.06845715,0.09625849,0.06174909,0.04534055,0.19381213,0.08274627,0.10817384,0.07881258,0.06186860,0.02392526,0.07032950,0.02321283,0.02763350,0.04813946,0.04059075,0.05526365,0.04831339,0.03908170,0.07155859,0.09755312,0.14663520,0.01018900,0.04301444,0.07379133,0.04728235,0.13604695,0.02672502,0.14591289,0.04439777,0.03733256,0.05387460,0.08414853,0.02495364,0.08345880,0.04156822,0.11513883,0.02539585,0.03492946,0.02746788,0.03715997,0.06131477,0.01652419,0.02597737,0.03460782,0.06381428,0.08109802,0.09897134,0.09698660,0.15212622,0.12846288,0.02522684,0.21073219,0.07185008,0.07370333,0.04089876,0.07536284,0.18028010,0.03854597,0.08042531,0.04597658,0.03877148,0.06116741,0.06645763,0.13518719,0.08476175,0.05668280,0.09077531,0.03207359,0.02841658,0.04631489,0.13531744,0.11863668,0.03638925,0.03381046,0.03552877,0.03756955,0.07974330,0.09052105
50,0.06627594,0.16052359,0.02986737,0.36890113,0.02716162,0.03506113,0.06125648,0.03881506,0.02453342,0.03250082,0.34224346,0.14415123,0.05787829,0.14588434,0.13873520,0.03850570,0.09226861,0.02617338,0.13896689,0.06035884,0.10662900,0.09569415,0.12495527,0.07122545,0.14898804,0.07168774,0.03832666,0.18529838,0.25359729,0.09420283,0.03901075,0.02735744,0.15056929,0.13553208,0.17127684,0.02688141,0.04756782,0.03199559,0.03316766,0.04182932,0.03815994,0.06305608,0.03884569,0.11945087,0.06099262,0.09119014,0.05917866,0.09098794,0.05771656,0.06845715,1.00000000,0.02429513,0.03391219,0.11653481,0.03647220,0.14579524,0.05925527,0.33808947,0.03066691,0.12501432,0.10233220,0.06593414,0.03226453,0.10376358,0.04330404,0.06250319,0.03014886,0.03022058,0.08584355,0.05176649,0.12285081,0.06358968,0.04424305,0.18049221,0.03157515,0.02532501,0.05820235,0.08336350,0.11642343,0.04833859,0.05732062,0.02306068,0.03021900,0.12227818,0.08421912,0.08829024,0.02773947,0.05716471,0.07610770,0.05207903,0.05904806,0.10097852,0.08366776,0.04767970,0.20915678,0.08091762,0.09730124,0.06417863,0.07883623,0.04805961,0.11683102,0.09962548,0.10987909,0.02953774,0.11738042,0.03346765,0.01329620,0.07760327,0.11958697,0.06310876,0.08255613,0.07629199,0.09756172,0.01771611,0.08390498,0.14326234,0.11808623,0.05501360,0.02599881,0.04845686,0.06470060,0.11669342,0.07225017,0.15642956,0.02213590,0.07991974,0.04605370,0.10265905
51,0.07644133,0.01454260,0.07238245,0.12196855,0.10632718,0.05164041,0.03716563,0.08209696,0.11294792,0.04511436,0.12080380,0.02964691,0.06305905,0.09607166,0.09979716,0.16325888,0.19546098,0.03064915,0.23111917,0.18307480,0.01220438,0.08529482,0.09483614,0.09203231,0.09409910,0.10528996,0.02094744,0.10497662,0.03606841,0.03581690,0.11840223,0.10063157,0.05039559,0.02991300,0.01616785,0.02555515,0.03819514,0.14790079,0.02322689,0.19044523,0.11604669,0.18142974,0.14198522,0.10121043,0.11120640,0.04280210,0.04749960,0.06177115,0.18600835,0.09625849,0.02429513,1.00000000,0.06268260,0.02615035,0.02613184,0.10970590,0.14498764,0.01808825,0.05366354,0.20882872,0.14047316,0.02700415,0.07579748,0.05286571,0.16511594,0.08479716,0.08590160,0.11895513,0.13543138,0.07350885,0.08078884,0.15307754,0.17249781,0.02791634,0.07395668,0.16727430,0.04913304,0.10716560,0.05102815,0.22397763,0.04184319,0.05748520,0.04036706,0.13216375,0.07448135,0.06949012,0.02279330,0.08407036,0.01893352,0.02482537,0.05633168,0.02640303,0.09963395,0.02844946,0.06241691,0.07440512,0.15063706,0.13426267,0.12667681,0.12088047,0.03267153,0.16638838,0.02717039,0.05970215,0.04511297,0.07599092,0.02449881,0.03976672,0.14722192,0.10889269,0.07588036,0.11357629,0.03286238,0.11604124,0.06625990,0.02682340,0.05499393,0.02192677,0.04483709,0.07705621,0.12263397,0.17279063,0.18236953,0.05596801,0.09495805,0.07326379,0.04132053,0.03528969
52,0.02579262,0.04098428,0.13835710,0.03199923,0.02313348,0.03658491,0.11578307,0.11189410,0.05324987,0.05603639,0.02081252,0.04258739,0.02781315,0.02481828,0.05096033,0.02270443,0.03078876,0.02428674,0.06113029,0.18213397,0.01742729,0.10397042,0.03579588,0.04065247,0.02960872,0.03919984,0.06227677,0.04557089,0.04256376,0.05516866,0.05613373,0.04462294,0.03740107,0.10856408,0.04019636,0.03122150,0.02257527,0.08592182,0.02114684,0.03772828,0.08118395,0.11237468,0.02421197,0.12248426,0.03062085,0.03542449,0.10901339,0.04394639,0.08663744,0.06174909,0.03391219,0.06268260,1.00000000,0.03088176,0.02995155,0.02908420,0.14431426,0.02203567,0.12481787,0.09199908,0.06767355,0.02326448,0.19190641,0.09863913,0.02026569,0.04439425,0.03419156,0.04679248,0.02805073,0.16891065,0.04548252,0.01775872,0.01924583,0.01158430,0.20275989,0.04124741,0.03290312,0.15283588,0.03855462,0.08149357,0.03613559,0.03984611,0.04500823,0.18459508,0.04506409,0.06006805,0.08801110,0.02727382,0.01880227,0.02659535,0.01753364,0.02792375,0.02598511,0.03219505,0.04375763,0.02498017,0.23440064,0.03793421,0.08210510,0.03614262,0.06583929,0.04551367,0.02876404,0.03932307,0.01468321,0.05595444,0.08061048,0.10895893,0.03392484,0.02777988,0.05473413,0.03752163,0.03388998,0.17645133,0.02282503,0.03238610,0.13845885,0.02956478,0.07858552,0.04751245,0.05834919,0.05465454,0.04804450,0.03323354,0.02834247,0.01807860,0.02813824,0.14781678
53,0.07779069,0.05587195,0.12481201,0.07096867,0.03230511,0.14578374,0.14156091,0.03798482,0.05152044,0.11754772,0.04336420,0.08892033,0.04875506,0.04355080,0.07351877,0.17840497,0.03475672,0.07814465,0.22868800,0.04179589,0.04527541,0.01791538,0.14879265,0.06919695,0.30111238,0.03696049,0.04276469,0.03111466,0.19899057,0.19539627,0.03364898,0.13635018,0.07797359,0.09747955,0.06744112,0.02271845,0.02978376,0.07753394,0.03463911,0.05061354,0.03565854,0.07341089,0.04910442,0.12608284,0.18222073,0.05403571,0.05959586,0.08063857,0.04723102,0.04534055,0.11653481,0.02615035,0.03088176,1.00000000,0.10252199,0.17289090,0.05030688,0.02344474,0.04359822,0.07273610,0.07479724,0.10354069,0.05020802,0.17965303,0.02562625,0.08295196,0.05915073,0.03864622,0.14929646,0.02118388,0.08949584,0.07449305,0.02828446,0.12709145,0.05258249,0.01916359,0.02334242,0.04774379,0.04900360,0.02838762,0.04582396,0.03690505,0.06724927,0.09969582,0.04795374,0.07714328,0.20241210,0.03544396,0.03102866,0.03915952,0.08760957,0.05973160,0.07297456,0.14669657,0.19481009,0.10988940,0.13518563,0.14943573,0.04116096,0.02190240,0.09855662,0.13994834,0.03052630,0.04942419,0.07483631,0.07583716,0.04426916,0.08117263,0.04022563,0.05038463,0.06518811,0.03290004,0.27753493,0.05626366,0.09749682,0.18101019,0.04361512,0.11674142,0.03260092,0.14158896,0.03537766,0.07848071,0.07082892,0.07756557,0.03327103,0.11529298,0.25027508,0.03056681
54,0.12629080,0.06139029,0.18429163,0.04381239,0.05797393,0.03672894,0.02860561,0.02270237,0.02980169,0.05814525,0.05356064,0.04099608,0.03912366,0.09629929,0.07894222,0.09122102,0.05217739,0.09718237,0.05416550,0.07413527,0.02140986,0.02170756,0.09764045,0.07374926,0.14093174,0.16048893,0.10416419,0.07194583,0.17512697,0.06089158,0.04988786,0.05376773,0.05689386,0.08148484,0.12324121,0.06660551,0.03197453,0.05218294,0.06500991,0.09155021,0.04005015,0.07771492,0.04942464,0.04426682,0.06584097,0.09191516,0.02741684,0.04600515,0.10650331,0.19381213,0.03647220,0.02613184,0.02995155,0.10252199,1.00000000,0.18252604,0.05973592,0.02560531,0.07392658,0.08758050,0.06481067,0.03032826,0.09843052,0.15124717,0.15738708,0.06121215,0.21594515,0.10421980,0.04980731,0.15972248,0.04837010,0.03677903,0.19000997,0.13974790,0.08099259,0.03751008,0.06088300,0.07717617,0.12124023,0.17001702,0.08535403,0.10354684,0.12110658,0.05680032,0.07031439,0.07103604,0.04271535,0.04718167,0.04989554,0.03882849,0.06678358,0.04137608,0.04117581,0.06045629,0.03237012,0.05246639,0.12074830,0.10398240,0.06593350,0.06720267,0.04905745,0.10350494,0.08713493,0.15215115,0.05489282,0.08908536,0.06826420,0.05954597,0.14720324,0.11256031,0.02295364,0.03900698,0.10470775,0.03355166,0.04087491,0.03554029,0.15027510,0.15528196,0.09412575,0.03792276,0.31982070,0.04291489,0.06312786,0.05220888,0.02607727,0.03032927,0.08209679,0.10386957
55,0.31579521,0.04577976,0.11498521,0.11742208,0.08835693,0.09328534,0.09339967,0.04436939,0.23183754,0.12897786,0.06939551,0.05916703,0.35898763,0.03897432,0.13659039,0.30710691,0.11488393,0.11715931,0.30812699,0.06744700,0.02567964,0.03167777,0.26688713,0.11521368,0.29998416,0.03888245,0.28296465,0.05913535,0.09662354,0.07272337,0.07924014,0.07079165,0.15496638,0.18736070,0.09278570,0.08329616,0.03213254,0.10263622,0.14365768,0.03336405,0.15773973,0.09288475,0.28320312,0.22573376,0.25743932,0.04832155,0.18635955,0.04322493,0.05676956,0.08274627,0.14579524,0.10970590,0.02908420,0.17289090,0.18252604,1.00000000,0.16646773,0.08248251,0.03746333,0.19708742,0.14548889,0.17350662,0.10055502,0.09377596,0.05555025,0.04447462,0.06247235,0.08502274,0.06580926,0.03043242,0.07236210,0.11954735,0.10016890,0.08199693,0.06544057,0.03783016,0.04461015,0.09962330,0.27793184,0.10323429,0.15392967,0.02794001,0.19645581,0.18337889,0.07560375,0.08355241,0.11519410,0.08281864,0.02990207,0.23918334,0.15050630,0.09658331,0.05606744,0.15822160,0.05661611,0.04863195,0.03491825,0.27304155,0.11916800,0.04485669,0.07047018,0.19113694,0.08150313,0.12879020,0.07522517,0.03854638,0.03216992,0.08880165,0.03466396,0.03075077,0.04386820,0.06425130,0.24750103,0.06921723,0.44040659,0.17411846,0.04603174,0.07651539,0.03320695,0.06158315,0.06964717,0.29281116,0.14877018,0.04942185,0.10629298,0.05584928,0.05438895,0.07367714
56,0.10523711,0.09233594,0.06578325,0.07894009,0.07660644,0.03428907,0.12804742,0.04126133,0.13395894,0.04183538,0.04855096,0.09391288,0.12758777,0.05109255,0.09602232,0.11720940,0.05270570,0.04024326,0.18853870,0.05221368,0.03761925,0.05555214,0.13859281,0.04005000,0.13009390,0.06129468,0.11277010,0.07046077,0.07861976,0.05781434,0.07201711,0.04372458,0.08930525,0.13296810,0.10483156,0.03310183,0.03697800,0.10513585,0.03157934,0.04316656,0.13247104,0.04455770,0.17499265,0.13245597,0.08153643,0.05255825,0.09194203,0.03912921,0.04819009,0.10817384,0.05925527,0.14498764,0.14431426,0.05030688,0.05973592,0.16646773,1.00000000,0.06885603,0.07105540,0.19263792,0.08754386,0.09209090,0.11468143,0.03176246,0.02914341,0.10202772,0.05579576,0.03964858,0.05530942,0.09830856,0.11775991,0.11350918,0.03062645,0.17801219,0.09667847,0.09622084,0.02491302,0.19970272,0.16606678,0.04129119,0.16874067,0.05043437,0.11407419,0.32240468,0.03699022,0.09036029,0.13268661,0.07521363,0.09202066,0.11453778,0.06202376,0.19818845,0.13839981,0.15948646,0.09715018,0.03928591,0.03403598,0.06583963,0.05319255,0.07382302,0.03962479,0.11759263,0.06898280,0.02905628,0.12663826,0.03929812,0.13164791,0.05861338,0.13144335,0.07360130,0.04191699,0.04258305,0.08342412,0.19388796,0.16152249,0.07696934,0.06057488,0.06139241,0.07364222,0.09070724,0.03248212,0.24661008,0.16673511,0.06689484,0.09536894,0.24712536,0.08531736,0.03672545
57,0.24795806,0.12002349,0.04279102,0.35504556,0.04585353,0.03244533,0.03976030,0.05199250,0.03233763,0.08624675,0.15863217,0.06423388,0.19225611,0.03532960,0.07279458,0.03104663,0.04248371,0.07170871,0.11256473,0.05268836,0.14763582,0.05279866,0.09949255,0.06313939,0.04530572,0.02567914,0.02843121,0.12117430,0.08147421,0.05626419,0.04159247,0.06703848,0.03487786,0.11778974,0.11592885,0.14296979,0.01798820,0.08222135,0.04500720,0.02178473,0.04463059,0.04894037,0.11358956,0.07771842,0.08176305,0.10282796,0.06757683,0.03000392,0.02394781,0.07881258,0.33808947,0.01808825,0.02203567,0.02344474,0.02560531,0.08248251,0.06885603,1.00000000,0.01725932,0.04180670,0.06066004,0.08964936,0.06518114,0.11220793,0.03826743,0.03583539,0.02418735,0.02476882,0.03303703,0.02452536,0.04505409,0.03499429,0.02535003,0.10542747,0.05182897,0.03679571,0.01757116,0.03586609,0.09103820,0.02770460,0.11305469,0.04270472,0.02780692,0.08859570,0.06438445,0.12350407,0.04504363,0.06921057,0.10948794,0.09793496,0.11897014,0.11889531,0.17709869,0.01917658,0.30083978,0.04680604,0.05676241,0.06601393,0.03878576,0.03127746,0.12733760,0.09025170,0.14122936,0.03868892,0.44309467,0.03166622,0.02687410,0.03573296,0.05921559,0.05027382,0.07736966,0.10651165,0.15715283,0.02420698,0.10029259,0.11379708,0.09775099,0.02696368,0.10723615,0.03807906,0.10031198,0.20047057,0.10173663,0.15859935,0.08202993,0.04014269,0.06706107,0.05080827
58,0.07434945,0.02641188,0.20868643,0.08603430,0.03395858,0.12297704,0.05237466,0.05037374,0.03816423,0.02263055,0.04962942,0.04074647,0.01877052,0.04170683,0.03826137,0.05570086,0.01713945,0.02456694,0.05914714,0.10091195,0.01456726,0.02468249,0.07892832,0.21696901,0.03530114,0.08646272,0.03007017,0.07868803,0.04927186,0.03001836,0.12253481,0.18263480,0.09713820,0.02307967,0.06262537,0.07231006,0.07642081,0.02982660,0.07273789,0.04525147,0.04841770,0.04460569,0.03244956,0.03183273,0.04920215,0.02682756,0.06544960,0.03130398,0.09239762,0.06186860,0.03066691,0.05366354,0.12481787,0.04359822,0.07392658,0.03746333,0.07105540,0.01725932,1.00000000,0.08068599,0.04082385,0.07341492,0.20653632,0.10009010,0.20170915,0.06810503,0.19303137,0.07721052,0.12059140,0.04167456,0.08055309,0.13902475,0.02743974,0.07710257,0.14842074,0.03382318,0.06459937,0.05086909,0.02523771,0.06957440,0.05789196,0.04904161,0.08609959,0.05503374,0.03023569,0.03032862,0.03920143,0.04078472,0.03575326,0.03796037,0.03316646,0.06419732,0.04987439,0.06176348,0.04688321,0.07215077,0.03830079,0.03208331,0.03839890,0.14870185,0.05608228,0.13442717,0.05125476,0.07508148,0.04229009,0.05423477,0.05777181,0.05108546,0.11018886,0.04830343,0.12249608,0.10983983,0.02502171,0.21910205,0.01854604,0.02582653,0.12250081,0.02417694,0.06735986,0.05614104,0.03313444,0.06182400,0.21182024,0.07844575,0.03151947,0.06541578,0.05122820,0.12267677
59,0.15760702,0.10089289,0.02838557,0.17921841,0.10084037,0.04123704,0.12548044,0.06197920,0.10812382,0.04810039,0.13734347,0.11392374,0.13596043,0.07137899,0.05688217,0.19471690,0.07239896,0.15634724,0.25036213,0.10853302,0.03424336,0.19709402,0.18178724,0.04357246,0.23709151,0.05536508,0.08335437,0.17969364,0.12280588,0.12313341,0.30935296,0.13991602,0.10755521,0.19355103,0.15502435,0.03107333,0.07365300,0.09716367,0.08466288,0.26167536,0.17691332,0.10931917,0.28407058,0.22866584,0.19775823,0.06319879,0.17425770,0.14129728,0.13129324,0.02392526,0.12501432,0.20882872,0.09199908,0.07273610,0.08758050,0.19708742,0.19263792,0.04180670,0.08068599,1.00000000,0.11297348,0.11225618,0.03157765,0.03394388,0.21163395,0.05098706,0.17039785,0.13466772,0.12462573,0.14162239,0.09840293,0.14875820,0.13647316,0.09506549,0.10077649,0.02338881,0.07998878,0.11033390,0.25801218,0.17878115,0.20421481,0.04903184,0.08002007,0.27990338,0.04560401,0.04860387,0.12514582,0.10813248,0.10730240,0.09814969,0.11801465,0.15978307,0.18995091,0.10453638,0.19763051,0.04355820,0.13651162,0.29279649,0.15444565,0.04456640,0.08273971,0.14989440,0.03630677,0.05920317,0.17754892,0.03567782,0.03812406,0.05852725,0.14822845,0.04387856,0.02450120,0.05489709,0.09899084,0.03215452,0.14830519,0.12838623,0.03292547,0.07538950,0.04189108,0.05725427,0.08114152,0.28676003,0.15563154,0.04047896,0.21206002,0.16514662,0.04029939,0.18751368
60,0.08918688,0.05437992,0.13489296,0.09940098,0.04972207,0.09410761,0.12255394,0.19565061,0.19270255,0.08230849,0.11365914,0.06663103,0.06173188,0.15099277,0.04598818,0.27093798,0.08031145,0.07419296,0.29340839,0.08627299,0.03477990,0.08085598,0.07894990,0.18130313,0.17243066,0.07856472,0.17191599,0.16550185,0.16602451,0.07631864,0.11502787,0.01866766,0.10084458,0.09286654,0.06512816,0.04680539,0.06863207,0.10756822,0.05345485,0.04928665,0.26240468,0.30774832,0.19070569,0.15643403,0.06636204,0.07644458,0.12582383,0.08180359,0.18064395,0.07032950,0.10233220,0.14047316,0.06767355,0.07479724,0.06481067,0.14548889,0.08754386,0.06066004,0.04082385,0.11297348,1.00000000,0.16733915,0.14298084,0.16599783,0.11345008,0.09299971,0.05831547,0.28063840,0.13887313,0.15709415,0.10933174,0.07146996,0.22902063,0.05519064,0.06996821,0.04225279,0.11355284,0.05669546,0.10737394,0.17482084,0.08537798,0.15967903,0.06809238,0.16694057,0.06562723,0.13493480,0.03644158,0.19236511,0.11142367,0.09257382,0.04460514,0.04574145,0.04246192,0.15685612,0.07880748,0.06104051,0.03300237,0.18823779,0.14446311,0.12329704,0.04604846,0.10414603,0.10941937,0.06474139,0.06100550,0.20115042,0.03400287,0.13770768,0.16750945,0.24303854,0.21031639,0.08126096,0.15417382,0.12020768,0.09741816,0.02559824,0.22650918,0.07876682,0.12207691,0.14287849,0.13602203,0.24188206,0.06935142,0.11766635,0.04675902,0.06404889,0.04972928,0.11337529
61,0.07791407,0.08019161,0.02215723,0.11443755,0.01727294,0.02632809,0.08378864,0.04389551,0.22155987,0.08982731,0.06536706,0.02879923,0.12229269,0.15006313,0.08182894,0.23521861,0.05747942,0.02113413,0.13860348,0.09403239,0.01227748,0.09953913,0.08386713,0.22387344,0.13681190,0.01712903,0.18868637,0.07713364,0.03055039,0.06044423,0.19607884,0.06381246,0.03501987,0.06631547,0.21636985,0.05985074,0.04482885,0.04212312,0.02637415,0.03381592,0.25896713,0.02909959,0.21250769,0.09239002,0.17266652,0.02682114,0.13914123,0.03089415,0.04636217,0.02321283,0.06593414,0.02700415,0.02326448,0.10354069,0.03032826,0.17350662,0.09209090,0.08964936,0.07341492,0.11225618,0.16733915,1.00000000,0.17514446,0.07133880,0.07901757,0.04029161,0.03982290,0.12277011,0.05659930,0.02004119,0.03164233,0.09456645,0.08826168,0.05622619,0.11703581,0.03722776,0.02707366,0.05573146,0.08630623,0.01498062,0.16062877,0.16200182,0.07614487,0.20126081,0.03775852,0.05192996,0.02024608,0.23688163,0.11735001,0.06932004,0.19439209,0.16076893,0.12969708,0.05971672,0.09151379,0.06507877,0.06130058,0.10279825,0.12420482,0.12939827,0.04936336,0.12495446,0.04120327,0.05749953,0.13645141,0.06880946,0.04462650,0.07802851,0.01153121,0.06173717,0.10149027,0.09006692,0.12297124,0.01007662,0.07292531,0.04542843,0.10648120,0.02224825,0.04842897,0.17625523,0.06021261,0.34185821,0.02713969,0.05263692,0.11184153,0.12927143,0.04080837,0.03533219
62,0.06569228,0.12217575,0.24177477,0.04271473,0.02540561,0.02950674,0.02278903,0.08491728,0.12673250,0.06729840,0.04537620,0.03058559,0.06465002,0.13865003,0.03783982,0.13516209,0.03992061,0.02753134,0.17299335,0.09267737,0.00923892,0.09551823,0.02035517,0.03392133,0.07187632,0.14638431,0.16803807,0.07731681,0.04510936,0.03733804,0.09216676,0.05970376,0.01455085,0.25536335,0.06158214,0.03695753,0.02365947,0.06137960,0.03441805,0.07212691,0.25706506,0.11208194,0.12540245,0.07204634,0.03492335,0.03939221,0.08510719,0.04328985,0.06246442,0.02763350,0.03226453,0.07579748,0.19190641,0.05020802,0.09843052,0.10055502,0.11468143,0.06518114,0.20653632,0.03157765,0.14298084,0.17514446,1.00000000,0.13225713,0.09265912,0.04063949,0.09028599,0.05807129,0.06469072,0.02846716,0.03397272,0.01432416,0.04020517,0.11790635,0.09885284,0.02671572,0.01913753,0.11690597,0.06890008,0.03487394,0.05454028,0.13420942,0.07365942,0.08738314,0.06231768,0.06247229,0.04058484,0.23711243,0.02440075,0.01922369,0.07225569,0.03752105,0.03681564,0.06967387,0.03876713,0.07104559,0.09572843,0.03605893,0.10314712,0.11175269,0.03048886,0.07168461,0.07551039,0.01666997,0.06197622,0.10679875,0.01991409,0.06033073,0.07520679,0.06852589,0.13490966,0.06847933,0.14284611,0.16462784,0.04404161,0.02212981,0.14389513,0.02199527,0.02905095,0.10687242,0.04391243,0.21777084,0.06430773,0.02700640,0.10950671,0.04263304,0.04143194,0.03950331
63,0.12731707,0.19413601,0.27956593,0.12296723,0.06186791,0.13046789,0.04657211,0.15936863,0.07561773,0.07434669,0.14925060,0.05070271,0.03435705,0.08864622,0.02163346,0.12682101,0.02611120,0.12451215,0.21979323,0.01987920,0.03240307,0.03545968,0.12694663,0.03845260,0.12500040,0.27937031,0.03133404,0.09464039,0.21404102,0.05893683,0.03538493,0.20166317,0.02129032,0.10083285,0.06403461,0.10204386,0.08220255,0.05729148,0.04932987,0.02474786,0.08005264,0.06156268,0.13381723,0.08148947,0.11940412,0.19443755,0.11916621,0.07951052,0.05765767,0.04813946,0.10376358,0.05286571,0.09863913,0.17965303,0.15124717,0.09377596,0.03176246,0.11220793,0.10009010,0.03394388,0.16599783,0.07133880,0.13225713,1.00000000,0.03283472,0.05483748,0.02906119,0.03312963,0.02118409,0.11298604,0.08108316,0.09426588,0.22948906,0.14767289,0.06586391,0.03122075,0.08695270,0.13946022,0.08831626,0.14835906,0.06935179,0.05998504,0.03051057,0.04220328,0.06201979,0.05604764,0.04537677,0.08908956,0.04550787,0.14232054,0.09659560,0.04210626,0.04906882,0.12742262,0.06344534,0.02873936,0.18341777,0.16389611,0.13138697,0.05897452,0.13585123,0.12227963,0.20620316,0.04295517,0.07251700,0.05120402,0.02023805,0.14211470,0.09559999,0.07223176,0.32548445,0.06446434,0.18531254,0.09189118,0.04768924,0.07113916,0.18706015,0.06163193,0.06019538,0.14462796,0.05670244,0.23059846,0.14894572,0.04509290,0.08518482,0.10096557,0.05051655,0.14735621
64,0.06490172,0.02757246,0.07373439,0.02791218,0.07009870,0.13724136,0.01843314,0.06045483,0.02876381,0.05545674,0.05897670,0.03652872,0.02187668,0.03437005,0.03948889,0.09037884,0.07051308,0.03135964,0.05384312,0.06872192,0.01787393,0.02192497,0.02805998,0.16023067,0.07236965,0.02810452,0.03520006,0.12241241,0.06300928,0.07667561,0.27362311,0.17929932,0.05056436,0.03113614,0.04063392,0.04106375,0.09725367,0.03995240,0.04032527,0.39345971,0.07308677,0.03834837,0.03959859,0.03627065,0.10523566,0.07118012,0.03750491,0.05140364,0.15562437,0.04059075,0.04330404,0.16511594,0.02026569,0.02562625,0.15738708,0.05555025,0.02914341,0.03826743,0.20170915,0.21163395,0.11345008,0.07901757,0.09265912,0.03283472,1.00000000,0.05207797,0.04352243,0.08655678,0.05059300,0.02821382,0.03139952,0.06838512,0.24149719,0.02911146,0.15795057,0.03090642,0.04458690,0.04819907,0.05082292,0.17389694,0.05290171,0.15410337,0.04134432,0.04807673,0.03636247,0.03939297,0.02827358,0.18679367,0.09311654,0.06550209,0.08622721,0.03689931,0.04027849,0.09209974,0.09897058,0.17278321,0.04206868,0.04889267,0.07065733,0.06101362,0.02798819,0.05476341,0.06584743,0.04442149,0.03136526,0.07299109,0.01848835,0.05436181,0.03095010,0.04755538,0.09874944,0.14864859,0.11288570,0.10701613,0.03526442,0.03612775,0.04477728,0.12468470,0.02946422,0.03205982,0.09651601,0.06927978,0.04902933,0.03686915,0.04746574,0.02386559,0.06575243,0.21651891
65,0.04071890,0.20358896,0.09368315,0.07188042,0.18333308,0.10728130,0.06916512,0.08082666,0.07167042,0.07621445,0.07208572,0.10941368,0.02646571,0.15326065,0.08766980,0.12117366,0.05598714,0.13967592,0.14901294,0.05629669,0.11090408,0.03399996,0.03158093,0.03420623,0.03739036,0.04851193,0.04728153,0.06454453,0.02111149,0.04544578,0.03558026,0.07280928,0.06308547,0.03292062,0.02084140,0.03425858,0.16257009,0.02570134,0.09966305,0.03075072,0.07213916,0.14457086,0.09255539,0.03675302,0.05592888,0.08644187,0.08427028,0.03951630,0.03380500,0.05526365,0.06250319,0.08479716,0.04439425,0.08295196,0.06121215,0.04447462,0.10202772,0.03583539,0.06810503,0.05098706,0.09299971,0.04029161,0.04063949,0.05483748,0.05207797,1.00000000,0.02236196,0.06511880,0.15909915,0.02444635,0.05762749,0.03635704,0.08050811,0.01087392,0.13931540,0.06206001,0.09715013,0.09115817,0.02274632,0.09424822,0.06917237,0.03687739,0.05260869,0.17210156,0.05119364,0.15869391,0.08671997,0.04740077,0.05481237,0.02977704,0.03530845,0.03290831,0.04198256,0.15295219,0.05553227,0.08915496,0.05236994,0.02228785,0.07853807,0.16979896,0.02151978,0.13464445,0.10023537,0.06728163,0.03549818,0.05249013,0.02472559,0.07438213,0.02558512,0.09481190,0.04659033,0.11749518,0.05716204,0.10560240,0.05422043,0.06001497,0.02619424,0.05616692,0.03607286,0.20177835,0.11681713,0.13404007,0.03278387,0.13378704,0.05620658,0.07760334,0.10987844,0.06184401
66,0.03258075,0.05766827,0.05067789,0.07917683,0.03012193,0.07840657,0.05599869,0.08444978,0.03566800,0.04665094,0.03993808,0.03670349,0.06228753,0.06792907,0.02949508,0.13410805,0.01590653,0.03154938,0.03589812,0.17837685,0.02583827,0.13567755,0.11396220,0.07661660,0.07325483,0.02384641,0.02629500,0.03305646,0.05837318,0.07370400,0.05154600,0.16518958,0.04667970,0.05233043,0.14545214,0.03887969,0.06407788,0.08063926,0.17667389,0.16675058,0.06843702,0.09400408,0.06779684,0.06746855,0.03210220,0.04126649,0.05183481,0.04089752,0.13357298,0.04831339,0.03014886,0.08590160,0.03419156,0.05915073,0.21594515,0.06247235,0.05579576,0.02418735,0.19303137,0.17039785,0.05831547,0.03982290,0.09028599,0.02906119,0.04352243,0.02236196,1.00000000,0.05618271,0.12975717,0.05854313,0.05998974,0.22264457,0.07020074,0.02617016,0.16225263,0.04223472,0.07873952,0.05126695,0.10917987,0.03302843,0.06229781,0.05458530,0.04591041,0.10153930,0.14268327,0.06750985,0.08224551,0.21668100,0.09336216,0.09387067,0.02748970,0.16493016,0.05064975,0.05091492,0.10685202,0.10069543,0.16537026,0.11091621,0.06409136,0.07506904,0.04524162,0.11151968,0.08033513,0.09804238,0.05036495,0.03772372,0.13847445,0.07555415,0.07370275,0.09153721,0.05710316,0.10943761,0.21144044,0.02929977,0.03789711,0.02497349,0.08468094,0.08191551,0.07109191,0.13257813,0.16973475,0.08711173,0.25090069,0.08392332,0.04117499,0.13870576,0.08500843,0.07226995
67,0.04757455,0.04876874,0.02552573,0.12665091,0.04073753,0.08834615,0.02525268,0.17941710,0.13996860,0.03491373,0.12128774,0.11582287,0.04097382,0.09294830,0.25601310,0.27183807,0.07984777,0.05880467,0.21577394,0.04148820,0.03934341,0.09057505,0.03173629,0.12927467,0.04346224,0.04261390,0.03342257,0.09018956,0.10086543,0.18567871,0.08622209,0.09762779,0.11035033,0.04343709,0.02334716,0.06752251,0.08364122,0.03558096,0.03188734,0.06293502,0.21454844,0.32295907,0.18481395,0.02777054,0.07066058,0.10020357,0.03298055,0.09240858,0.23389073,0.03908170,0.03022058,0.11895513,0.04679248,0.03864622,0.10421980,0.08502274,0.03964858,0.02476882,0.07721052,0.13466772,0.28063840,0.12277011,0.05807129,0.03312963,0.08655678,0.06511880,0.05618271,1.00000000,0.02841974,0.23598474,0.04410213,0.02571811,0.14544027,0.08909519,0.05580234,0.06010626,0.14511082,0.03183161,0.02794816,0.12847145,0.04061078,0.06819596,0.05320594,0.24664435,0.26200968,0.20662658,0.04699245,0.07446546,0.08158742,0.08076457,0.02974073,0.01731477,0.04392412,0.11179402,0.03260022,0.03820743,0.09257744,0.07189803,0.10350043,0.05396124,0.04108932,0.03599239,0.09088857,0.16830015,0.03872342,0.29889435,0.08348007,0.04152501,0.17419618,0.35852730,0.03336933,0.09513302,0.03124649,0.02991146,0.05463260,0.06511392,0.02100976,0.06144371,0.16881588,0.10310242,0.05990294,0.17082977,0.06426367,0.04994167,0.02128292,0.01615873,0.06163555,0.03838354
68,0.07939240,0.10162150,0.14695811,0.12133476,0.03992213,0.16817996,0.09289036,0.02661669,0.06327455,0.06024342,0.03102471,0.06646727,0.03894415,0.13912942,0.03303350,0.12499052,0.01909375,0.03367577,0.17934161,0.11608416,0.02020917,0.08471843,0.16281119,0.02865347,0.24703115,0.08920420,0.02497171,0.02390449,0.12665647,0.02360365,0.09250487,0.03861305,0.07765530,0.07631305,0.08275986,0.04195209,0.08808020,0.10282543,0.04891910,0.04300787,0.10097539,0.13529144,0.06052039,0.16245615,0.13065782,0.05422803,0.07844673,0.21525255,0.09758987,0.07155859,0.08584355,0.13543138,0.02805073,0.14929646,0.04980731,0.06580926,0.05530942,0.03303703,0.12059140,0.12462573,0.13887313,0.05659930,0.06469072,0.02118409,0.05059300,0.15909915,0.12975717,0.02841974,1.00000000,0.05949815,0.19001533,0.11577666,0.05430516,0.02567604,0.05520295,0.12196991,0.15761879,0.11255959,0.08343223,0.19723737,0.04401459,0.08185253,0.07192969,0.10178846,0.04141930,0.05108872,0.05848480,0.05040010,0.12678614,0.02664641,0.01820170,0.02069501,0.09071033,0.09341884,0.04695949,0.14785919,0.13418758,0.13747925,0.07900787,0.21747437,0.02970666,0.30242044,0.11260346,0.02965013,0.03453415,0.04312536,0.07757953,0.04755305,0.20458330,0.03654983,0.03909314,0.15843299,0.06666608,0.03044842,0.04945046,0.13069326,0.03733239,0.10523504,0.02993914,0.03403807,0.03765167,0.05247491,0.15095538,0.03687230,0.02102202,0.03946602,0.03567171,0.16776557
69,0.03199988,0.02347334,0.07698061,0.03124996,0.05290669,0.02093086,0.14880536,0.04657255,0.03267764,0.04921164,0.05393443,0.01874776,0.02196554,0.11402750,0.07408193,0.04419235,0.11749956,0.03200302,0.02234896,0.12193100,0.02389220,0.03557196,0.02451191,0.01784801,0.03241399,0.05109035,0.03946730,0.04691242,0.03151915,0.11680204,0.08417128,0.12340825,0.07359222,0.01976756,0.05850650,0.04494829,0.06126328,0.01877037,0.02541793,0.03092106,0.03496701,0.10913686,0.02604008,0.03568221,0.02924746,0.07368131,0.03119098,0.05693648,0.11794539,0.09755312,0.05176649,0.07350885,0.16891065,0.02118388,0.15972248,0.03043242,0.09830856,0.02452536,0.04167456,0.14162239,0.15709415,0.02004119,0.02846716,0.11298604,0.02821382,0.02444635,0.05854313,0.23598474,0.05949815,1.00000000,0.08907657,0.01141675,0.06952059,0.02607756,0.03346376,0.02698433,0.05518903,0.31131619,0.01918493,0.02364431,0.03098407,0.02535029,0.04748581,0.11595564,0.06782113,0.03552494,0.13023111,0.04881142,0.09914094,0.03377614,0.03169030,0.02356120,0.04667811,0.10173386,0.07397954,0.06892417,0.03691716,0.05222666,0.07470696,0.10590433,0.01622885,0.02050126,0.02255140,0.11425743,0.03463541,0.05990304,0.03284765,0.15025342,0.35924160,0.11134775,0.09043309,0.02752234,0.03455287,0.02574740,0.01933013,0.04033161,0.07477453,0.02053970,0.16774341,0.03829022,0.05141635,0.04740862,0.06023470,0.03747464,0.06221457,0.01500759,0.04074475,0.03056274
70,0.03033629,0.04483193,0.10333590,0.12225956,0.02987142,0.16914530,0.11219002,0.05986199,0.02442244,0.03693420,0.06339721,0.07112558,0.03715502,0.02234215,0.02921383,0.14146236,0.11188877,0.04700691,0.16098128,0.05308726,0.04294993,0.03427164,0.08369011,0.02434303,0.12857777,0.04222609,0.02458800,0.02706282,0.09472837,0.04224198,0.02970429,0.04428890,0.02754508,0.03394453,0.05970409,0.02372005,0.02523751,0.03352651,0.02839639,0.05035791,0.02608346,0.14702612,0.03462630,0.15465799,0.05492551,0.07510194,0.13831635,0.25002837,0.10913666,0.14663520,0.12285081,0.08078884,0.04548252,0.08949584,0.04837010,0.07236210,0.11775991,0.04505409,0.08055309,0.09840293,0.10933174,0.03164233,0.03397272,0.08108316,0.03139952,0.05762749,0.05998974,0.04410213,0.19001533,0.08907657,1.00000000,0.05045786,0.08800493,0.05576188,0.05226305,0.03751822,0.07519559,0.10339464,0.05517206,0.09326859,0.01892845,0.05395083,0.03265185,0.14195080,0.03090870,0.03542256,0.03322001,0.02392608,0.03109672,0.02844959,0.02980778,0.02972070,0.02469799,0.04103856,0.03966236,0.08323862,0.06926619,0.16636258,0.11590207,0.08329712,0.02440140,0.14428042,0.02869425,0.07445210,0.03194510,0.03437274,0.10650995,0.05606451,0.04615144,0.08032925,0.02439664,0.04415843,0.11046131,0.10128797,0.08455208,0.05066491,0.04238304,0.05925926,0.05262289,0.06602141,0.03728097,0.12128309,0.09782184,0.03581443,0.01456568,0.06778890,0.07777424,0.13336340
71,0.04935955,0.24059412,0.06836056,0.27375275,0.09300162,0.03538939,0.04293733,0.02768239,0.14046188,0.04398865,0.13058260,0.02066486,0.08485804,0.06559148,0.06144537,0.17273942,0.04804734,0.03083814,0.15517756,0.19894269,0.02133669,0.09176576,0.19238934,0.07739155,0.12433878,0.02353444,0.03208121,0.09565647,0.04442368,0.03904809,0.01579015,0.03426438,0.03925139,0.10968599,0.16767399,0.06940947,0.01976115,0.16413799,0.09550270,0.03299921,0.10803375,0.03479774,0.26640999,0.08210614,0.20337242,0.01475906,0.09094402,0.01729442,0.06403317,0.01018900,0.06358968,0.15307754,0.01775872,0.07449305,0.03677903,0.11954735,0.11350918,0.03499429,0.13902475,0.14875820,0.07146996,0.09456645,0.01432416,0.09426588,0.06838512,0.03635704,0.22264457,0.02571811,0.11577666,0.01141675,0.05045786,1.00000000,0.04566009,0.03755970,0.21648200,0.07728023,0.02139091,0.10872635,0.11254527,0.01971945,0.12430592,0.06073784,0.17936257,0.24398541,0.02320721,0.17375088,0.10759218,0.02842356,0.02346746,0.15899657,0.09650911,0.36527854,0.18443274,0.07743673,0.16364735,0.02544226,0.13809156,0.16641586,0.07558322,0.05671187,0.03500820,0.16417119,0.02676466,0.04915223,0.10741302,0.08308257,0.02995121,0.10070854,0.01788830,0.04866231,0.03514775,0.14216560,0.13509268,0.10954721,0.06825416,0.04998725,0.02804228,0.02479166,0.08174158,0.05310081,0.06523839,0.23114230,0.33814996,0.12776394,0.23228115,0.18031076,0.04099584,0.02121489
72,0.09440964,0.02129798,0.14269057,0.11414772,0.02804820,0.05858225,0.05717923,0.06610972,0.13080615,0.06776752,0.07472344,0.04679024,0.04589997,0.07232574,0.03161905,0.24261764,0.02890720,0.04589937,0.22150967,0.03732596,0.01801573,0.10292483,0.05208992,0.09892896,0.08337723,0.15433055,0.10597618,0.10600147,0.05960256,0.06707942,0.13898131,0.04508204,0.06577732,0.03462797,0.02916624,0.03072009,0.19928518,0.11069588,0.04629714,0.20108606,0.17211509,0.14492655,0.17378113,0.04875989,0.07001119,0.06269042,0.09380221,0.14471596,0.28596443,0.04301444,0.04424305,0.17249781,0.01924583,0.02828446,0.19000997,0.10016890,0.03062645,0.02535003,0.02743974,0.13647316,0.22902063,0.08826168,0.04020517,0.22948906,0.24149719,0.08050811,0.07020074,0.14544027,0.05430516,0.06952059,0.08800493,0.04566009,1.00000000,0.02907948,0.05046700,0.10007278,0.17371845,0.11152156,0.05272862,0.34192348,0.02006574,0.07481431,0.09518752,0.11727515,0.05825251,0.07839309,0.09506068,0.12261502,0.01853126,0.03355577,0.03986962,0.03267822,0.05861720,0.03252235,0.06237191,0.08761613,0.02123470,0.15109788,0.09527893,0.06803314,0.04983961,0.08506434,0.14581716,0.02257125,0.03461407,0.14679411,0.03087556,0.04324916,0.10959627,0.14673480,0.04185460,0.04094060,0.06127185,0.03891516,0.09638923,0.03568828,0.10999434,0.03508357,0.02189454,0.14433292,0.15651584,0.22951227,0.20091671,0.07188489,0.06251969,0.02970824,0.05999652,0.27219099
73,0.09017256,0.15464368,0.02544399,0.04758745,0.04312274,0.04682562,0.09479112,0.07378943,0.01980027,0.03669800,0.13084485,0.25342214,0.09106585,0.13634810,0.10666007,0.03211392,0.06013282,0.10407166,0.08206228,0.03269398,0.06914018,0.01809295,0.16809908,0.03105943,0.22484714,0.19305804,0.09463313,0.06184222,0.17451417,0.18209250,0.03158934,0.11272695,0.27002320,0.13612130,0.08559330,0.03173464,0.16847731,0.14010379,0.05773197,0.06117313,0.01766807,0.09740226,0.05097830,0.13863492,0.08440371,0.10250798,0.09888694,0.02844533,0.02808443,0.07379133,0.18049221,0.02791634,0.01158430,0.12709145,0.13974790,0.08199693,0.17801219,0.10542747,0.07710257,0.09506549,0.05519064,0.05622619,0.11790635,0.14767289,0.02911146,0.01087392,0.02617016,0.08909519,0.02567604,0.02607756,0.05576188,0.03755970,0.02907948,1.00000000,0.02802643,0.06609233,0.05481523,0.09995468,0.14173193,0.04069666,0.05267643,0.02024678,0.06757489,0.09223783,0.15195242,0.02382333,0.08680043,0.02208678,0.04234229,0.09515748,0.03868650,0.19912675,0.04742887,0.04315491,0.08788866,0.04539479,0.07963468,0.08525287,0.06138784,0.09298453,0.16111213,0.06334810,0.03572949,0.10767928,0.12483285,0.17631029,0.07753800,0.05309183,0.03264117,0.07688809,0.15885164,0.13217273,0.14620548,0.03358974,0.06194200,0.06655993,0.12293723,0.06772691,0.07209356,0.03817170,0.03314483,0.09139769,0.09341554,0.08641345,0.02039863,0.18142723,0.03948056,0.02713602
74,0.05019244,0.18158162,0.14059216,0.16144261,0.05023481,0.09783731,0.04221367,0.08861322,0.10134949,0.09362042,0.09575456,0.09303275,0.05807756,0.02852069,0.17539650,0.07913026,0.05449425,0.03430434,0.05682400,0.07097892,0.04315439,0.13620052,0.19960028,0.12643197,0.07003763,0.03545573,0.05822609,0.05573259,0.11741112,0.07697386,0.09798099,0.02590379,0.09737119,0.16387990,0.12753570,0.07676733,0.13313365,0.03877957,0.05355912,0.10727868,0.18516344,0.05815937,0.20722988,0.10124187,0.13607880,0.08042543,0.12289239,0.05018314,0.03612960,0.04728235,0.03157515,0.07395668,0.20275989,0.05258249,0.08099259,0.06544057,0.09667847,0.05182897,0.14842074,0.10077649,0.06996821,0.11703581,0.09885284,0.06586391,0.15795057,0.13931540,0.16225263,0.05580234,0.05520295,0.03346376,0.05226305,0.21648200,0.05046700,0.02802643,1.00000000,0.03701948,0.08953415,0.06219121,0.11338742,0.04088099,0.19739869,0.05637164,0.08401465,0.28631616,0.08104878,0.11821540,0.06140680,0.12230651,0.09124732,0.07073380,0.20389786,0.20541716,0.19910499,0.09612272,0.06816679,0.06250122,0.04274510,0.12169600,0.10187174,0.10009927,0.06003501,0.15382832,0.05856029,0.05284748,0.08174157,0.07663770,0.05044689,0.15153539,0.04884414,0.06445336,0.06159163,0.19566646,0.19776259,0.10185013,0.07527967,0.09420537,0.03933236,0.07553518,0.11806887,0.06568929,0.07033378,0.25499421,0.20791575,0.09218226,0.15355903,0.14260240,0.07070071,0.03881433
75,0.01796212,0.07479041,0.05292726,0.01592415,0.03433526,0.07377341,0.02901091,0.07000969,0.01568733,0.05804987,0.02595593,0.15803632,0.02777932,0.02152241,0.03749781,0.07662115,0.16928913,0.11118104,0.04393455,0.08992385,0.00906665,0.26282859,0.02618418,0.07566077,0.04303174,0.03816038,0.03531726,0.02894430,0.06665073,0.09367575,0.02197205,0.06512308,0.02341772,0.05550405,0.01672171,0.02671251,0.37048000,0.09909663,0.01529449,0.05741886,0.07183806,0.10121173,0.04189937,0.03798802,0.01711178,0.02882479,0.01621753,0.11395863,0.05090527,0.13604695,0.02532501,0.16727430,0.04124741,0.01916359,0.03751008,0.03783016,0.09622084,0.03679571,0.03382318,0.02338881,0.04225279,0.03722776,0.02671572,0.03122075,0.03090642,0.06206001,0.04223472,0.06010626,0.12196991,0.02698433,0.03751822,0.07728023,0.10007278,0.06609233,0.03701948,1.00000000,0.12431013,0.08793232,0.01619730,0.11131279,0.06244209,0.03933075,0.06051546,0.03543448,0.13306731,0.02769541,0.04543204,0.02709283,0.07833400,0.04701193,0.06425667,0.05488535,0.04071619,0.09184138,0.04279247,0.06924407,0.07496941,0.03984256,0.08781273,0.09108959,0.02118057,0.02812389,0.03401750,0.02675739,0.02419628,0.15772295,0.13149649,0.05320399,0.05009019,0.06336880,0.05167925,0.04843466,0.04907150,0.12803534,0.02688560,0.02206220,0.07861808,0.02682186,0.01437392,0.04923579,0.02910372,0.04731435,0.02861748,0.09254374,0.05643139,0.06957212,0.06397978,0.12221774
76,0.06660704,0.01904997,0.23567283,0.05172474,0.02342485,0.14039829,0.01963274,0.05979891,0.13601388,0.06433535,0.05310198,0.06449212,0.02718611,0.03150637,0.06465580,0.14919463,0.01928769,0.05145814,0.20022354,0.11127540,0.01739334,0.17269546,0.05981403,0.02669599,0.07351531,0.10255164,0.07221551,0.07476962,0.03006526,0.07983154,0.06649294,0.05708668,0.04038050,0.02485148,0.06143239,0.04481109,0.28183126,0.07784972,0.03912648,0.03418690,0.03012686,0.20308386,0.11589134,0.06626308,0.05603670,0.03821239,0.07066332,0.08680618,0.16343360,0.02672502,0.05820235,0.04913304,0.03290312,0.02334242,0.06088300,0.04461015,0.02491302,0.01757116,0.06459937,0.07998878,0.11355284,0.02707366,0.01913753,0.08695270,0.04458690,0.09715013,0.07873952,0.14511082,0.15761879,0.05518903,0.07519559,0.02139091,0.17371845,0.05481523,0.08953415,0.12431013,1.00000000,0.04909993,0.06828812,0.32326442,0.03152707,0.08162995,0.05345735,0.15605223,0.11310815,0.12771231,0.03056591,0.06570476,0.11129595,0.03385776,0.02328382,0.01540203,0.06776787,0.28553593,0.03112157,0.13094629,0.02230566,0.09518386,0.17077520,0.21566841,0.03081478,0.14992714,0.03042388,0.03979148,0.02074471,0.13862389,0.07301635,0.08653946,0.09097809,0.20425361,0.02443993,0.08472860,0.03561363,0.08279539,0.06496035,0.07089175,0.02353919,0.02680175,0.12668601,0.06958775,0.03323520,0.14693849,0.16580243,0.08725578,0.01634415,0.02885588,0.03049993,0.17162588
77,0.03732850,0.03203447,0.08462621,0.04612007,0.03894045,0.04724199,0.17762718,0.09357625,0.06141067,0.05239268,0.04893110,0.04868289,0.10584865,0.09606571,0.06951155,0.07987099,0.14542958,0.04433183,0.05190725,0.06757484,0.05781512,0.06027757,0.16880453,0.04424101,0.13455349,0.15432999,0.05319440,0.02482881,0.07545657,0.18993616,0.11990283,0.02714511,0.18167010,0.03271993,0.04053649,0.02359477,0.05833999,0.12016627,0.09329338,0.06981623,0.11237098,0.02657654,0.03988054,0.07355011,0.04799744,0.04386148,0.05396006,0.02799783,0.04086248,0.14591289,0.08336350,0.10716560,0.15283588,0.04774379,0.07717617,0.09962330,0.19970272,0.03586609,0.05086909,0.11033390,0.05669546,0.05573146,0.11690597,0.13946022,0.04819907,0.09115817,0.05126695,0.03183161,0.11255959,0.31131619,0.10339464,0.10872635,0.11152156,0.09995468,0.06219121,0.08793232,0.04909993,1.00000000,0.08394450,0.04363383,0.08293094,0.12720774,0.04205129,0.18266301,0.11848126,0.07872635,0.17550236,0.03897068,0.02957732,0.06480093,0.04894118,0.10136833,0.07566814,0.15466082,0.04531466,0.13298234,0.03952108,0.11271888,0.14073239,0.05377027,0.08436176,0.13726637,0.09724633,0.06491063,0.10269063,0.19974124,0.08582266,0.13549829,0.21301523,0.05000836,0.06843279,0.04896158,0.07516879,0.11906378,0.07689628,0.03500666,0.07606082,0.07314788,0.11698040,0.06433985,0.10223268,0.07740105,0.02869616,0.09075692,0.03523768,0.06252849,0.04753689,0.12314037
78,0.02882428,0.13411188,0.09797113,0.11744175,0.06601012,0.04045093,0.12008294,0.04201878,0.08791868,0.02966030,0.10554636,0.10156891,0.11971420,0.03976504,0.04835609,0.10912551,0.07713859,0.10180648,0.16453972,0.11260450,0.36012506,0.10726974,0.32213861,0.07420041,0.22563443,0.05917659,0.12803334,0.14899775,0.15997374,0.07857077,0.06264226,0.02102179,0.24037415,0.18412855,0.15458004,0.13746126,0.02667167,0.14899835,0.17741826,0.05531991,0.08168338,0.06673696,0.15944646,0.31711787,0.15588747,0.06904408,0.12576333,0.08375666,0.03683429,0.04439777,0.11642343,0.05102815,0.03855462,0.04900360,0.12124023,0.27793184,0.16606678,0.09103820,0.02523771,0.25801218,0.10737394,0.08630623,0.06890008,0.08831626,0.05082292,0.02274632,0.10917987,0.02794816,0.08343223,0.01918493,0.05517206,0.11254527,0.05272862,0.14173193,0.11338742,0.01619730,0.06828812,0.08394450,1.00000000,0.08613215,0.22670540,0.02473041,0.14062695,0.21376894,0.08597203,0.07829881,0.09370653,0.04963506,0.05567639,0.15280408,0.22351994,0.19315833,0.11956849,0.15485443,0.25793093,0.07931422,0.10994248,0.34366006,0.05400029,0.03941737,0.17838104,0.19311836,0.04972234,0.18142006,0.03338069,0.03927792,0.10226579,0.04144714,0.05768981,0.07766391,0.03588634,0.03106249,0.16637422,0.05233829,0.51355886,0.17286645,0.04662061,0.09435748,0.03747865,0.08384018,0.04017594,0.26083863,0.16392457,0.08765794,0.08301598,0.16173571,0.09273819,0.10347676
79,0.09834650,0.02688293,0.18914104,0.13855654,0.07979074,0.06347899,0.02899629,0.10321375,0.09902059,0.06982438,0.08790772,0.06832469,0.02565807,0.10035208,0.08684389,0.20230246,0.04258626,0.04269178,0.22769938,0.02760737,0.01909626,0.09824095,0.09966247,0.09016192,0.09966221,0.09865309,0.03427690,0.09896112,0.07847963,0.06299105,0.08371221,0.14001535,0.04994336,0.06866142,0.01673478,0.10453767,0.21387234,0.03914317,0.09090859,0.26574183,0.05636868,0.17651188,0.13355741,0.07671671,0.13137728,0.06374262,0.06195270,0.17175978,0.16538912,0.03733256,0.04833859,0.22397763,0.08149357,0.02838762,0.17001702,0.10323429,0.04129119,0.02770460,0.06957440,0.17878115,0.17482084,0.01498062,0.03487394,0.14835906,0.17389694,0.09424822,0.03302843,0.12847145,0.19723737,0.02364431,0.09326859,0.01971945,0.34192348,0.04069666,0.04088099,0.11131279,0.32326442,0.04363383,0.08613215,1.00000000,0.04151426,0.30279624,0.07924406,0.15776989,0.10797723,0.06254818,0.03776060,0.06470874,0.03479627,0.05455055,0.04908646,0.03258868,0.06369951,0.09862703,0.06096662,0.14233232,0.07050481,0.11037710,0.14170252,0.26476693,0.01906173,0.30652177,0.03992900,0.04877000,0.03104290,0.13179825,0.05758414,0.03190300,0.11177954,0.06752400,0.02781135,0.10068894,0.07552938,0.02965190,0.10805704,0.05127839,0.05652625,0.03640705,0.02592942,0.11598563,0.14102557,0.16359463,0.18833414,0.08118673,0.07015114,0.02304837,0.04434090,0.39238352
80,0.12835437,0.16718154,0.03867453,0.17490521,0.03221370,0.02840969,0.03169404,0.04263610,0.06421400,0.04409335,0.14702362,0.02857576,0.07429038,0.05204663,0.16094416,0.13036387,0.02675630,0.06457397,0.09188792,0.12198181,0.03964618,0.06046176,0.34791258,0.05801683,0.05554018,0.04182809,0.04113982,0.09827082,0.05058068,0.08542411,0.06668641,0.03331239,0.04573647,0.23800194,0.19102153,0.22360075,0.10151333,0.12030418,0.04740690,0.03839482,0.14809769,0.13683781,0.21728848,0.09041706,0.10891902,0.08438662,0.07164317,0.02635934,0.02801595,0.05387460,0.05732062,0.04184319,0.03613559,0.04582396,0.08535403,0.15392967,0.16874067,0.11305469,0.05789196,0.20421481,0.08537798,0.16062877,0.05454028,0.06935179,0.05290171,0.06917237,0.06229781,0.04061078,0.04401459,0.03098407,0.01892845,0.12430592,0.02006574,0.05267643,0.19739869,0.06244209,0.03152707,0.08293094,0.22670540,0.04151426,1.00000000,0.04554201,0.17117339,0.24816574,0.08839059,0.06130140,0.12541783,0.08391653,0.22427171,0.13653421,0.34232378,0.29021311,0.35270512,0.11065114,0.21685758,0.04089984,0.15612829,0.18582822,0.04672543,0.08016712,0.10335115,0.19621098,0.02084826,0.06482576,0.17229205,0.06664452,0.10011232,0.06628317,0.02455255,0.09580165,0.02923518,0.04044043,0.21872395,0.01725150,0.12021779,0.06289835,0.04988839,0.07053900,0.07784022,0.11500018,0.04147418,0.42071459,0.03581253,0.07910001,0.26465952,0.17298335,0.05238767,0.08613610
81,0.04490432,0.04914718,0.03479739,0.06468344,0.03870128,0.06996267,0.02701901,0.06600350,0.13087875,0.07890290,0.04317909,0.03668192,0.02177168,0.06423751,0.06400767,0.10143335,0.03932552,0.06140479,0.12907930,0.03144047,0.01018544,0.05045089,0.04407194,0.17317760,0.04843976,0.02227186,0.10182478,0.03865040,0.07246185,0.12362924,0.08484494,0.15184024,0.06580656,0.05359976,0.03860624,0.03334661,0.03801875,0.04443341,0.05959599,0.28003022,0.29513052,0.14099930,0.12380570,0.02878546,0.07405743,0.06956340,0.04576511,0.09386298,0.23025183,0.08414853,0.02306068,0.05748520,0.03984611,0.03690505,0.10354684,0.02794001,0.05043437,0.04270472,0.04904161,0.04903184,0.15967903,0.16200182,0.13420942,0.05998504,0.15410337,0.03687739,0.05458530,0.06819596,0.08185253,0.02535029,0.05395083,0.06073784,0.07481431,0.02024678,0.05637164,0.03933075,0.08162995,0.12720774,0.02473041,0.30279624,0.04554201,1.00000000,0.05251361,0.04434752,0.08442359,0.11771955,0.06979073,0.09519334,0.02580547,0.03921296,0.03985374,0.03042430,0.03469828,0.04660640,0.03015700,0.19533069,0.05750819,0.04570967,0.03997283,0.15046726,0.02101767,0.09092560,0.08177888,0.18417592,0.03801893,0.18070200,0.03203541,0.02979359,0.03968644,0.09579081,0.17409825,0.02157206,0.09743802,0.15543678,0.03320708,0.06524572,0.17545587,0.02953872,0.04567744,0.07242373,0.04836964,0.12274519,0.02786586,0.02661883,0.05878948,0.03979475,0.05365275,0.18021457
82,0.07664323,0.15719277,0.19573578,0.02793269,0.06156455,0.03450373,0.06057397,0.16025600,0.20346904,0.05919735,0.03927444,0.02197371,0.08692585,0.05445540,0.14830470,0.06617375,0.02379406,0.03144350,0.13751221,0.05490804,0.01575297,0.06053320,0.17074123,0.02870722,0.11878338,0.12811598,0.30149293,0.06023625,0.05829577,0.08416788,0.02132350,0.09610671,0.02733015,0.10291548,0.09559180,0.12251740,0.05425153,0.05871566,0.08512659,0.04217850,0.11729720,0.05144533,0.11132315,0.13850382,0.12325914,0.11016732,0.06911825,0.08011027,0.05346985,0.02495364,0.03021900,0.04036706,0.04500823,0.06724927,0.12110658,0.19645581,0.11407419,0.02780692,0.08609959,0.08002007,0.06809238,0.07614487,0.07365942,0.03051057,0.04134432,0.05260869,0.04591041,0.05320594,0.07192969,0.04748581,0.03265185,0.17936257,0.09518752,0.06757489,0.08401465,0.06051546,0.05345735,0.04205129,0.14062695,0.07924406,0.17117339,0.05251361,1.00000000,0.10790674,0.11240283,0.07458055,0.22816789,0.04807938,0.06217235,0.07146131,0.12820587,0.12265072,0.08139028,0.08841917,0.02447387,0.04812940,0.13058771,0.19083643,0.07404865,0.06355821,0.05756555,0.09993348,0.04674875,0.10036889,0.05167775,0.04491441,0.08354501,0.09220327,0.06667799,0.04738142,0.11046779,0.02304134,0.16325177,0.05772157,0.10209853,0.06160701,0.09764935,0.04963024,0.05812376,0.14467219,0.07269371,0.18017945,0.09427695,0.06138539,0.21683121,0.03494884,0.06311592,0.04360928
83,0.14252108,0.17099331,0.08130771,0.28455234,0.06529963,0.11553429,0.15006240,0.19720536,0.03243004,0.06689582,0.22034793,0.03693497,0.06390458,0.02720134,0.30343992,0.26099381,0.05151457,0.04521647,0.24315128,0.04116937,0.03783991,0.14990476,0.29577535,0.09568426,0.11973111,0.08471636,0.03117895,0.09206158,0.09959614,0.03840834,0.03925757,0.02027931,0.03689868,0.16157547,0.21367419,0.15516120,0.14542788,0.12166518,0.03814811,0.03291239,0.19939816,0.08597036,0.35287374,0.20931430,0.34761524,0.04658324,0.19887340,0.15795393,0.14107132,0.08345880,0.12227818,0.13216375,0.18459508,0.09969582,0.05680032,0.18337889,0.32240468,0.08859570,0.05503374,0.27990338,0.16694057,0.20126081,0.08738314,0.04220328,0.04807673,0.17210156,0.10153930,0.24664435,0.10178846,0.11595564,0.14195080,0.24398541,0.11727515,0.09223783,0.28631616,0.03543448,0.15605223,0.18266301,0.21376894,0.15776989,0.24816574,0.04434752,0.10790674,1.00000000,0.10788806,0.11862591,0.06863568,0.06263101,0.22239581,0.08454451,0.23638684,0.26947296,0.21116421,0.24523234,0.11768650,0.09270051,0.04153658,0.06090720,0.16094735,0.17945586,0.08449709,0.26826102,0.08004489,0.08444714,0.15670538,0.13152874,0.06043605,0.10833634,0.18995219,0.06546897,0.02800231,0.17382985,0.18056901,0.20203702,0.08649996,0.07111377,0.03848486,0.07993085,0.10277759,0.15830296,0.09149306,0.43321872,0.26687258,0.09070230,0.20677908,0.24929518,0.07984552,0.12890491
84,0.05858359,0.04323302,0.07061288,0.12036477,0.04978391,0.14384806,0.15609258,0.14672029,0.11420593,0.12769599,0.11191392,0.20253713,0.06359185,0.03603724,0.33342570,0.33247435,0.09655963,0.10156447,0.19875655,0.09241217,0.06701487,0.03700068,0.01878222,0.07591876,0.08085296,0.10671520,0.03151270,0.05230468,0.20781720,0.35128108,0.07767753,0.03649606,0.35853618,0.07318503,0.02898120,0.06415258,0.23412742,0.02986898,0.12819561,0.05664939,0.15697582,0.32479993,0.11933745,0.02832933,0.09343036,0.07912400,0.03288517,0.04945379,0.06014900,0.04156822,0.08421912,0.07448135,0.04506409,0.04795374,0.07031439,0.07560375,0.03699022,0.06438445,0.03023569,0.04560401,0.06562723,0.03775852,0.06231768,0.06201979,0.03636247,0.05119364,0.14268327,0.26200968,0.04141930,0.06782113,0.03090870,0.02320721,0.05825251,0.15195242,0.08104878,0.13306731,0.11310815,0.11848126,0.08597203,0.10797723,0.08839059,0.08442359,0.11240283,0.10788806,1.00000000,0.20555931,0.23691379,0.07436241,0.07805407,0.19429377,0.03850356,0.08575025,0.02019642,0.05455974,0.07878438,0.04569191,0.04255306,0.07860708,0.13792312,0.19698989,0.19744363,0.07370519,0.04008697,0.25855908,0.07595915,0.40362734,0.15584207,0.17422538,0.06945765,0.24524456,0.03143611,0.26059154,0.04893164,0.07244173,0.03563288,0.01900284,0.05435771,0.04304421,0.02868041,0.19054309,0.12784658,0.20315051,0.04476351,0.10724933,0.07788440,0.04640086,0.07881096,0.07020094
85,0.19718900,0.16699602,0.12787037,0.21969345,0.18488249,0.18562351,0.09678926,0.05826721,0.15853253,0.08777373,0.42245364,0.02921783,0.12745231,0.08391652,0.32110214,0.28604907,0.25421587,0.06479262,0.29964083,0.08494984,0.13015524,0.06129831,0.12866017,0.11234736,0.02638525,0.06741416,0.18439701,0.22949564,0.20933616,0.41400173,0.05108123,0.06817209,0.05507390,0.06998608,0.07457672,0.12569016,0.08973049,0.03229567,0.10639375,0.05425777,0.06818806,0.20618430,0.20351401,0.09731847,0.14832409,0.09496173,0.06054010,0.09137237,0.10061104,0.11513883,0.08829024,0.06949012,0.06006805,0.07714328,0.07103604,0.08355241,0.09036029,0.12350407,0.03032862,0.04860387,0.13493480,0.05192996,0.06247229,0.05604764,0.03939297,0.15869391,0.06750985,0.20662658,0.05108872,0.03552494,0.03542256,0.17375088,0.07839309,0.02382333,0.11821540,0.02769541,0.12771231,0.07872635,0.07829881,0.06254818,0.06130140,0.11771955,0.07458055,0.11862591,0.20555931,1.00000000,0.09528402,0.06086254,0.09046450,0.09770794,0.06289463,0.03803180,0.06828733,0.07555475,0.20052558,0.04570768,0.05792329,0.13528869,0.09984329,0.08898208,0.05631616,0.11641191,0.12795623,0.02845382,0.16877016,0.18186983,0.11547171,0.12938270,0.03504094,0.18664244,0.06289408,0.06284186,0.12907609,0.08025606,0.09454033,0.15237272,0.12687129,0.04962308,0.09879518,0.21139805,0.07078297,0.28671059,0.17598298,0.11993314,0.12558588,0.01948822,0.19196944,0.07352810
86,0.06247167,0.15229511,0.02557391,0.09363055,0.08598071,0.07076386,0.03628198,0.09641811,0.11810346,0.06505783,0.04406297,0.10007960,0.03276788,0.05249404,0.08036982,0.18967956,0.02710353,0.03978499,0.08160226,0.09107745,0.04428827,0.04757180,0.12250851,0.02317386,0.16647072,0.04753830,0.02264169,0.07446863,0.08734804,0.31969225,0.01545326,0.03120868,0.17052275,0.07909454,0.06704411,0.02955674,0.10328673,0.02373424,0.09262773,0.05063495,0.07600509,0.15399712,0.04680024,0.12589878,0.06975804,0.06419079,0.03312632,0.02629190,0.04439993,0.02539585,0.02773947,0.02279330,0.08801110,0.20241210,0.04271535,0.11519410,0.13268661,0.04504363,0.03920143,0.12514582,0.03644158,0.02024608,0.04058484,0.04537677,0.02827358,0.08671997,0.08224551,0.04699245,0.05848480,0.13023111,0.03322001,0.10759218,0.09506068,0.08680043,0.06140680,0.04543204,0.03056591,0.17550236,0.09370653,0.03776060,0.12541783,0.06979073,0.22816789,0.06863568,0.23691379,0.09528402,1.00000000,0.02791995,0.06364927,0.13033566,0.09969535,0.16568474,0.12921196,0.09188990,0.13503122,0.05918383,0.07621732,0.16764078,0.04812832,0.12823603,0.06493913,0.04542971,0.09450124,0.08763859,0.09309129,0.25849858,0.12387469,0.13482100,0.10908070,0.15702046,0.03485903,0.04727203,0.09293363,0.03492161,0.06810386,0.24493223,0.03522147,0.10193982,0.03439659,0.07000904,0.12003979,0.14337690,0.02307732,0.14483076,0.06306569,0.12445713,0.06875906,0.03677454
87,0.03608679,0.03864652,0.03804676,0.04103823,0.04108886,0.05079497,0.04507848,0.11560702,0.10154788,0.10812133,0.04741817,0.02791162,0.05025256,0.06784528,0.07063363,0.14570609,0.04983028,0.04308345,0.11688663,0.04877163,0.01641358,0.06561575,0.02951734,0.40598100,0.04740306,0.03313563,0.12663808,0.03619488,0.08410361,0.04901498,0.15672848,0.03578201,0.04242532,0.27286929,0.01942571,0.02061301,0.03179626,0.04855744,0.04406914,0.22979766,0.26726633,0.11001444,0.08295351,0.07500653,0.03224371,0.04553892,0.08617726,0.02780866,0.12785688,0.03492946,0.05716471,0.08407036,0.02727382,0.03544396,0.04718167,0.08281864,0.07521363,0.06921057,0.04078472,0.10813248,0.19236511,0.23688163,0.23711243,0.08908956,0.18679367,0.04740077,0.21668100,0.07446546,0.05040010,0.04881142,0.02392608,0.02842356,0.12261502,0.02208678,0.12230651,0.02709283,0.06570476,0.03897068,0.04963506,0.06470874,0.08391653,0.09519334,0.04807938,0.06263101,0.07436241,0.06086254,0.02791995,1.00000000,0.03869687,0.03978505,0.09751960,0.02544504,0.06219095,0.16274185,0.03892948,0.12387583,0.03283149,0.04177880,0.09943298,0.21502684,0.04102463,0.10182088,0.06681737,0.04860261,0.06169477,0.06572889,0.05858555,0.07816762,0.03143573,0.05326330,0.14284968,0.14261605,0.23563442,0.06302412,0.03547967,0.02920072,0.08114853,0.02154247,0.08493534,0.09186801,0.05757377,0.19797489,0.06636634,0.04505214,0.12191299,0.04907861,0.03410595,0.08373965
88,0.04662752,0.17226309,0.02226341,0.14986196,0.10602592,0.10426127,0.02265009,0.13249466,0.12779970,0.09157619,0.16440031,0.04103209,0.05019052,0.10382305,0.17662920,0.02450404,0.09221029,0.01337224,0.04651767,0.15038472,0.01879665,0.02117067,0.07765511,0.02465405,0.08483993,0.02773496,0.10889377,0.03164170,0.10002772,0.03861476,0.08082155,0.03463404,0.07986206,0.06163024,0.07409891,0.15773243,0.08963227,0.07714916,0.04729151,0.04341627,0.15609956,0.11062007,0.03345497,0.06418841,0.10493296,0.12790573,0.07340229,0.03417973,0.03846871,0.02746788,0.07610770,0.01893352,0.01880227,0.03102866,0.04989554,0.02990207,0.09202066,0.10948794,0.03575326,0.10730240,0.11142367,0.11735001,0.02440075,0.04550787,0.09311654,0.05481237,0.09336216,0.08158742,0.12678614,0.09914094,0.03109672,0.02346746,0.01853126,0.04234229,0.09124732,0.07833400,0.11129595,0.02957732,0.05567639,0.03479627,0.22427171,0.02580547,0.06217235,0.22239581,0.07805407,0.09046450,0.06364927,0.03869687,1.00000000,0.04500166,0.13508442,0.12457408,0.29884130,0.04377303,0.06460535,0.02499353,0.04372409,0.08067781,0.08174184,0.11797518,0.02458254,0.08347172,0.06832349,0.09182921,0.07675450,0.03150162,0.04481580,0.03862148,0.04369701,0.16443886,0.05842663,0.07710189,0.09025944,0.02979876,0.03127268,0.03557275,0.03210424,0.02656227,0.14452472,0.22524077,0.09179051,0.17325640,0.11522783,0.13413411,0.21913557,0.07936805,0.06129352,0.03657662
89,0.28991988,0.12966934,0.02130056,0.03737349,0.08454774,0.03293493,0.07434285,0.05028445,0.07843202,0.06668869,0.06313512,0.12332776,0.30932659,0.10064700,0.13812289,0.09226278,0.04694623,0.15867639,0.07442257,0.08315232,0.03407692,0.02845696,0.09901860,0.04631184,0.15225109,0.03312030,0.05705131,0.06004417,0.12733056,0.17365499,0.06681865,0.03245083,0.10269906,0.11264481,0.08810669,0.12897542,0.05432006,0.16488110,0.18905908,0.04361013,0.04884867,0.22528867,0.22743255,0.04173067,0.16846080,0.12954926,0.14434326,0.05092019,0.07675016,0.03715997,0.05207903,0.02482537,0.02659535,0.03915952,0.03882849,0.23918334,0.11453778,0.09793496,0.03796037,0.09814969,0.09257382,0.06932004,0.01922369,0.14232054,0.06550209,0.02977704,0.09387067,0.08076457,0.02664641,0.03377614,0.02844959,0.15899657,0.03355577,0.09515748,0.07073380,0.04701193,0.03385776,0.06480093,0.15280408,0.05455055,0.13653421,0.03921296,0.07146131,0.08454451,0.19429377,0.09770794,0.13033566,0.03978505,0.04500166,1.00000000,0.07886434,0.17107287,0.09376811,0.12883115,0.24522771,0.03500254,0.12897173,0.06788409,0.05262163,0.05044863,0.19535261,0.09498318,0.03782181,0.17674130,0.24759160,0.12986596,0.10511901,0.10447778,0.02365846,0.08154334,0.02574779,0.06343713,0.14138146,0.03583949,0.16609263,0.22568086,0.03223881,0.06182787,0.03914429,0.04465275,0.13556379,0.10551578,0.19014165,0.09479959,0.07918133,0.13821962,0.05601082,0.03074837
90,0.10403375,0.13556299,0.09215613,0.14017659,0.02285143,0.06485396,0.04170117,0.02176407,0.04646055,0.10835662,0.18445770,0.01625740,0.08283211,0.01592076,0.15621507,0.03571679,0.03255156,0.03053051,0.03725799,0.11713713,0.03639754,0.03629877,0.31830466,0.07984176,0.05696683,0.06552801,0.06665216,0.11542898,0.04772373,0.19322042,0.06926534,0.06984791,0.04858572,0.24362734,0.23227490,0.18497632,0.02651823,0.06052617,0.04021025,0.03773228,0.09957482,0.08411058,0.12297777,0.10885035,0.38278967,0.03282505,0.07054980,0.02169204,0.02935855,0.06131477,0.05904806,0.05633168,0.01753364,0.08760957,0.06678358,0.15050630,0.06202376,0.11897014,0.03316646,0.11801465,0.04460514,0.19439209,0.07225569,0.09659560,0.08622721,0.03530845,0.02748970,0.02974073,0.01820170,0.03169030,0.02980778,0.09650911,0.03986962,0.03868650,0.20389786,0.06425667,0.02328382,0.04894118,0.22351994,0.04908646,0.34232378,0.03985374,0.12820587,0.23638684,0.03850356,0.06289463,0.09969535,0.09751960,0.13508442,0.07886434,1.00000000,0.22365719,0.29079980,0.07077406,0.16415933,0.04930377,0.10466762,0.16646221,0.11190683,0.04411104,0.05826415,0.17268318,0.02138554,0.04796092,0.13806222,0.02664790,0.01996773,0.05501241,0.02151415,0.08661865,0.02781705,0.02278715,0.20130640,0.05412493,0.05954833,0.07816835,0.03567833,0.09911948,0.05189725,0.03057984,0.04178786,0.29464737,0.07578440,0.05472847,0.28393841,0.16740561,0.03145892,0.04454056
91,0.09014910,0.26774201,0.01997617,0.16523460,0.03072128,0.05029501,0.07387422,0.02307303,0.07157056,0.02748177,0.06015805,0.06310003,0.12468843,0.16789822,0.08616094,0.02922978,0.02511849,0.05648836,0.02681615,0.14679943,0.03712788,0.11318624,0.30069268,0.10599722,0.08490656,0.10813652,0.01933512,0.07106925,0.05080575,0.16541970,0.03779838,0.04380526,0.06743374,0.23995791,0.31233111,0.06613084,0.10022365,0.19707599,0.05571444,0.05161528,0.05404888,0.16493566,0.20606188,0.08035330,0.16790073,0.05768200,0.12009497,0.02184786,0.03658333,0.01652419,0.10097852,0.02640303,0.02792375,0.05973160,0.04137608,0.09658331,0.19818845,0.11889531,0.06419732,0.15978307,0.04574145,0.16076893,0.03752105,0.04210626,0.03689931,0.03290831,0.16493016,0.01731477,0.02069501,0.02356120,0.02972070,0.36527854,0.03267822,0.19912675,0.20541716,0.05488535,0.01540203,0.10136833,0.19315833,0.03258868,0.29021311,0.03042430,0.12265072,0.26947296,0.08575025,0.03803180,0.16568474,0.02544504,0.12457408,0.17107287,0.22365719,1.00000000,0.30590647,0.08662415,0.24298847,0.03280117,0.13391426,0.10851717,0.05766717,0.05681349,0.08243360,0.12341431,0.05827996,0.09374097,0.20694044,0.04468595,0.10508633,0.12080307,0.05372073,0.07276018,0.01898394,0.01980887,0.11163850,0.01201960,0.09855968,0.02899858,0.03988154,0.02869555,0.03679540,0.06953344,0.11447953,0.22654757,0.21498373,0.11033870,0.13573796,0.34140891,0.03293191,0.01965679
92,0.08204225,0.17971221,0.01592505,0.32992303,0.04474024,0.02310297,0.02811042,0.03989349,0.06516968,0.04999487,0.21014473,0.02769969,0.04801940,0.06093628,0.15457198,0.06596123,0.05776140,0.06009263,0.06363115,0.23206764,0.02968514,0.16222569,0.18784150,0.18843840,0.05925642,0.05488361,0.04161172,0.10663934,0.04536150,0.07769449,0.03116446,0.04855229,0.03982527,0.14044592,0.14825457,0.25089455,0.04586603,0.24051785,0.03017722,0.04660380,0.06165593,0.07507096,0.18449582,0.05064395,0.20075206,0.02670305,0.05458226,0.04326789,0.04545265,0.02597737,0.08366776,0.09963395,0.02598511,0.07297456,0.04117581,0.05606744,0.13839981,0.17709869,0.04987439,0.18995091,0.04246192,0.12969708,0.03681564,0.04906882,0.04027849,0.04198256,0.05064975,0.04392412,0.09071033,0.04667811,0.02469799,0.18443274,0.05861720,0.04742887,0.19910499,0.04071619,0.06776787,0.07566814,0.11956849,0.06369951,0.35270512,0.03469828,0.08139028,0.21116421,0.02019642,0.06828733,0.12921196,0.06219095,0.29884130,0.09376811,0.29079980,0.30590647,1.00000000,0.04957407,0.22934467,0.05657285,0.17333956,0.08698905,0.06382058,0.07811765,0.10358860,0.15959397,0.03290990,0.03076758,0.16795611,0.03445481,0.04147907,0.06026073,0.13282073,0.10233949,0.07887166,0.06726638,0.14597458,0.02674735,0.08898851,0.02636137,0.04776804,0.05145515,0.14371255,0.06947441,0.03981051,0.25220898,0.14669763,0.09682333,0.42042792,0.23724091,0.04454588,0.04279657
93,0.08149579,0.07512493,0.11777084,0.03281924,0.05477005,0.13422650,0.19840461,0.15110016,0.02024964,0.06322058,0.02054425,0.03304759,0.04621153,0.03400982,0.04239815,0.16156724,0.10029354,0.27894711,0.21934943,0.09899685,0.01586107,0.20796750,0.11916372,0.15647846,0.19491351,0.04594463,0.03900710,0.02984949,0.08142063,0.08282058,0.09169945,0.09239835,0.07072571,0.18048608,0.13287279,0.04080325,0.25136828,0.07181634,0.10723794,0.09430435,0.10278057,0.09804570,0.12355201,0.05789499,0.09906043,0.10560243,0.10213947,0.16634324,0.06878285,0.03460782,0.04767970,0.02844946,0.03219505,0.14669657,0.06045629,0.15822160,0.15948646,0.01917658,0.06176348,0.10453638,0.15685612,0.05971672,0.06967387,0.12742262,0.09209974,0.15295219,0.05091492,0.11179402,0.09341884,0.10173386,0.04103856,0.07743673,0.03252235,0.04315491,0.09612272,0.09184138,0.28553593,0.15466082,0.15485443,0.09862703,0.11065114,0.04660640,0.08841917,0.24523234,0.05455974,0.07555475,0.09188990,0.16274185,0.04377303,0.12883115,0.07077406,0.08662415,0.04957407,1.00000000,0.03813487,0.16687223,0.05616722,0.06628081,0.20446067,0.06672665,0.09906153,0.10154788,0.03450848,0.08490738,0.10862057,0.08520564,0.21604319,0.12982693,0.18925387,0.07757105,0.04425729,0.03661321,0.16852996,0.15913120,0.05652664,0.07830437,0.04198292,0.08781406,0.09141485,0.14688173,0.04460426,0.22468817,0.15650094,0.03343287,0.05712818,0.08594029,0.03889147,0.06059152
94,0.31998700,0.20450634,0.03846558,0.29091650,0.06839719,0.02748691,0.05485486,0.03786799,0.09076524,0.05943408,0.18598840,0.08922730,0.24466075,0.12582430,0.12006399,0.15470958,0.05448039,0.07423067,0.07396635,0.10993333,0.13247052,0.07495278,0.19539835,0.06224632,0.07962061,0.05582403,0.11360967,0.26500556,0.04933655,0.08827063,0.07779118,0.03372329,0.14429125,0.18013084,0.17936033,0.14990023,0.04408358,0.14981818,0.13007173,0.08818969,0.05499337,0.10199508,0.28580248,0.07832187,0.18128797,0.12895086,0.13884944,0.06491686,0.03048247,0.06381428,0.20915678,0.06241691,0.04375763,0.19481009,0.03237012,0.05661611,0.09715018,0.30083978,0.04688321,0.19763051,0.07880748,0.09151379,0.03876713,0.06344534,0.09897058,0.05553227,0.10685202,0.03260022,0.04695949,0.07397954,0.03966236,0.16364735,0.06237191,0.08788866,0.06816679,0.04279247,0.03112157,0.04531466,0.25793093,0.06096662,0.21685758,0.03015700,0.02447387,0.11768650,0.07878438,0.20052558,0.13503122,0.03892948,0.06460535,0.24522771,0.16415933,0.24298847,0.22934467,0.03813487,1.00000000,0.01978742,0.11459156,0.09765479,0.05180315,0.03873367,0.12531455,0.13045934,0.03675503,0.12563105,0.17869163,0.06551418,0.02760540,0.06048599,0.05862691,0.08103918,0.03110541,0.05212599,0.08475502,0.04400264,0.33670887,0.10070085,0.07668676,0.04940495,0.04972891,0.07844625,0.08568156,0.30186254,0.17718305,0.11184320,0.21977663,0.15035856,0.17490983,0.11357071
95,0.07421802,0.03354081,0.08525987,0.02525573,0.05078598,0.21668470,0.07467330,0.03416869,0.04107285,0.08332408,0.04637610,0.04224667,0.02094758,0.07791291,0.03288339,0.07313389,0.02568473,0.05039309,0.05184055,0.07944811,0.03600227,0.07770828,0.09834070,0.08817908,0.06134899,0.08435665,0.08098304,0.04686715,0.07458888,0.08342381,0.05215268,0.34498882,0.11539481,0.06885831,0.06286903,0.06211640,0.13632458,0.02754965,0.03736147,0.27271250,0.15889966,0.02738590,0.04743990,0.05867779,0.06682135,0.03000605,0.02502830,0.06352710,0.06951754,0.08109802,0.08091762,0.07440512,0.02498017,0.10988940,0.05246639,0.04863195,0.03928591,0.04680604,0.07215077,0.04355820,0.06104051,0.06507877,0.07104559,0.02873936,0.17278321,0.08915496,0.10069543,0.03820743,0.14785919,0.06892417,0.08323862,0.02544226,0.08761613,0.04539479,0.06250122,0.06924407,0.13094629,0.13298234,0.07931422,0.14233232,0.04089984,0.19533069,0.04812940,0.09270051,0.04569191,0.04570768,0.05918383,0.12387583,0.02499353,0.03500254,0.04930377,0.03280117,0.05657285,0.16687223,0.01978742,1.00000000,0.04169154,0.04766528,0.11529179,0.14377230,0.06866932,0.17822614,0.08358185,0.03057226,0.05165689,0.05744613,0.05863567,0.04463458,0.12973696,0.05010999,0.04596308,0.04355577,0.19643393,0.05014348,0.02685442,0.06643916,0.02474730,0.16447441,0.02998517,0.02799198,0.04180834,0.03248131,0.04738762,0.03723171,0.02823331,0.03173809,0.02930245,0.06717766
96,0.02431517,0.03931323,0.02427974,0.18806508,0.12287766,0.08991526,0.02573298,0.05025324,0.13847482,0.01842274,0.05794401,0.08263552,0.09019702,0.03644125,0.02585841,0.06152638,0.04527780,0.03094280,0.09444241,0.26804000,0.05174731,0.04495000,0.20454925,0.07927432,0.17848592,0.02756582,0.04393160,0.12138276,0.07546619,0.04164769,0.05366110,0.05672391,0.01166976,0.10789116,0.14537522,0.08840460,0.05394755,0.11520544,0.04360275,0.03047939,0.03650610,0.03600219,0.11056919,0.19925708,0.15472156,0.05193658,0.12503952,0.11760265,0.04820580,0.09897134,0.09730124,0.15063706,0.23440064,0.13518563,0.12074830,0.03491825,0.03403598,0.05676241,0.03830079,0.13651162,0.03300237,0.06130058,0.09572843,0.18341777,0.04206868,0.05236994,0.16537026,0.09257744,0.13418758,0.03691716,0.06926619,0.13809156,0.02123470,0.07963468,0.04274510,0.07496941,0.02230566,0.03952108,0.10994248,0.07050481,0.15612829,0.05750819,0.13058771,0.04153658,0.04255306,0.05792329,0.07621732,0.03283149,0.04372409,0.12897173,0.10466762,0.13391426,0.17333956,0.05616722,0.11459156,0.04169154,1.00000000,0.33858460,0.08159125,0.09748590,0.05423533,0.14168188,0.05026113,0.04447778,0.07871155,0.02480190,0.08767144,0.06998163,0.04756014,0.02603827,0.11371058,0.06627528,0.14417294,0.05996031,0.07021056,0.07047059,0.03862200,0.07347664,0.01465611,0.13916039,0.05354437,0.13566692,0.07702896,0.04606756,0.10328551,0.14665727,0.06967410,0.04281132
97,0.03827883,0.06431579,0.14347847,0.06224635,0.10355514,0.13003376,0.05447006,0.03912064,0.22243109,0.09353885,0.08184377,0.12084601,0.23337737,0.04342970,0.10769143,0.12848212,0.06799278,0.05579898,0.19161800,0.13264942,0.14168623,0.05786821,0.31999993,0.06782873,0.33165359,0.04157811,0.25817090,0.24802816,0.24304780,0.04832855,0.10707963,0.05661446,0.17659266,0.21541901,0.15441296,0.08788903,0.05324040,0.06537298,0.15291938,0.04503192,0.14122579,0.12324870,0.12431790,0.32994425,0.10626379,0.12220077,0.11904232,0.12675890,0.07630523,0.09698660,0.06417863,0.13426267,0.03793421,0.14943573,0.10398240,0.27304155,0.06583963,0.06601393,0.03208331,0.29279649,0.18823779,0.10279825,0.03605893,0.16389611,0.04889267,0.02228785,0.11091621,0.07189803,0.13747925,0.05222666,0.16636258,0.16641586,0.15109788,0.08525287,0.12169600,0.03984256,0.09518386,0.11271888,0.34366006,0.11037710,0.18582822,0.04570967,0.19083643,0.06090720,0.07860708,0.13528869,0.16764078,0.04177880,0.08067781,0.06788409,0.16646221,0.10851717,0.08698905,0.06628081,0.09765479,0.04766528,0.33858460,1.00000000,0.14343627,0.04324398,0.08946714,0.15597835,0.07844462,0.12994722,0.07638481,0.03209570,0.04185810,0.10298811,0.06844240,0.04893630,0.09547573,0.05295942,0.18195021,0.06799538,0.26555899,0.16931856,0.09854588,0.07897374,0.04439964,0.03563668,0.04528116,0.25340664,0.11721902,0.07262226,0.13468707,0.14385802,0.09703727,0.11021174
98,0.08424002,0.04527058,0.12923045,0.10288268,0.04424493,0.18105540,0.05584826,0.13148992,0.10981497,0.13299704,0.10845476,0.08915238,0.07834426,0.04926421,0.05666448,0.22673947,0.11749602,0.13157243,0.21159381,0.11888251,0.03366854,0.17593366,0.10826522,0.12997341,0.18103275,0.03598629,0.11665691,0.12635395,0.11796466,0.06633192,0.04981151,0.04467401,0.08150534,0.15654637,0.09759445,0.09301818,0.24581613,0.06497934,0.04759115,0.04003752,0.09073462,0.27934614,0.13264324,0.12547383,0.14785042,0.07679462,0.06452540,0.13160612,0.11919299,0.15212622,0.07883623,0.12667681,0.08210510,0.04116096,0.06593350,0.11916800,0.05319255,0.03878576,0.03839890,0.15444565,0.14446311,0.12420482,0.10314712,0.13138697,0.07065733,0.07853807,0.06409136,0.10350043,0.07900787,0.07470696,0.11590207,0.07558322,0.09527893,0.06138784,0.10187174,0.08781273,0.17077520,0.14073239,0.05400029,0.14170252,0.04672543,0.03997283,0.07404865,0.16094735,0.13792312,0.09984329,0.04812832,0.09943298,0.08174184,0.05262163,0.11190683,0.05766717,0.06382058,0.20446067,0.05180315,0.11529179,0.08159125,0.14343627,1.00000000,0.04530320,0.06738115,0.07757461,0.02862717,0.05214814,0.06497443,0.03496856,0.12393473,0.14153248,0.10833450,0.18084367,0.03654736,0.02331376,0.13205013,0.14029874,0.06367691,0.01954450,0.03921708,0.05931972,0.10043876,0.12191096,0.08140406,0.21653640,0.04130342,0.06859179,0.10301754,0.06997854,0.03228151,0.09669693
99,0.05669279,0.02438975,0.27643311,0.13781020,0.11324793,0.23803452,0.09705648,0.08947287,0.04750804,0.09068479,0.08746129,0.09457003,0.05026859,0.12010892,0.23871997,0.11494873,0.03934811,0.10186304,0.16181961,0.05668753,0.01775602,0.04180658,0.12595326,0.14470330,0.04493470,0.07575041,0.05308899,0.03707532,0.09239697,0.22392438,0.22530589,0.22442308,0.14242618,0.26589170,0.04410000,0.17991775,0.26630658,0.05188126,0.06949221,0.10751880,0.16429253,0.14268023,0.08313776,0.07780108,0.09787226,0.06017493,0.03532155,0.14153300,0.09543014,0.12846288,0.04805961,0.12088047,0.03614262,0.02190240,0.06720267,0.04485669,0.07382302,0.03127746,0.14870185,0.04456640,0.12329704,0.12939827,0.11175269,0.05897452,0.06101362,0.16979896,0.07506904,0.05396124,0.21747437,0.10590433,0.08329712,0.05671187,0.06803314,0.09298453,0.10009927,0.09108959,0.21566841,0.05377027,0.03941737,0.26476693,0.08016712,0.15046726,0.06355821,0.17945586,0.19698989,0.08898208,0.12823603,0.21502684,0.11797518,0.05044863,0.04411104,0.05681349,0.07811765,0.06672665,0.03873367,0.14377230,0.09748590,0.04324398,0.04530320,1.00000000,0.06831673,0.40254799,0.08013567,0.05183613,0.07695296,0.14212090,0.16214634,0.09158912,0.06252631,0.04284619,0.08107795,0.40949464,0.09289242,0.13792452,0.07152191,0.03300489,0.11148107,0.04624495,0.03595714,0.07450269,0.12463181,0.14324252,0.11252198,0.05404593,0.07537696,0.03802697,0.09580684,0.24297729
100,0.12104051,0.06650710,0.02422744,0.03268467,0.07553381,0.02342389,0.20624027,0.14216527,0.06855302,0.06021007,0.16730976,0.15898822,0.04824897,0.22171307,0.06392587,0.05960160,0.04820637,0.20578414,0.07759126,0.04357580,0.09556217,0.09225900,0.14361382,0.05289202,0.20066071,0.02391320,0.07558594,0.12557083,0.21393293,0.15031397,0.07818504,0.01869909,0.35412309,0.09375454,0.08171430,0.02931049,0.06302440,0.19782330,0.16336781,0.02406143,0.06521347,0.07249584,0.03730689,0.12709072,0.06900346,0.25484490,0.04368253,0.03257601,0.04821181,0.02522684,0.11683102,0.03267153,0.06583929,0.09855662,0.04905745,0.07047018,0.03962479,0.12733760,0.05608228,0.08273971,0.04604846,0.04936336,0.03048886,0.13585123,0.02798819,0.02151978,0.04524162,0.04108932,0.02970666,0.01622885,0.02440140,0.03500820,0.04983961,0.16111213,0.06003501,0.02118057,0.03081478,0.08436176,0.17838104,0.01906173,0.10335115,0.02101767,0.05756555,0.08449709,0.19744363,0.05631616,0.06493913,0.04102463,0.02458254,0.19535261,0.05826415,0.08243360,0.10358860,0.09906153,0.12531455,0.06866932,0.05423533,0.08946714,0.06738115,0.06831673,1.00000000,0.09288090,0.08512247,0.13412222,0.14458956,0.22659461,0.14512137,0.07267089,0.24939802,0.05723922,0.03984068,0.11803922,0.08293952,0.01935573,0.08232641,0.07632156,0.02762917,0.07387668,0.08759344,0.17149611,0.10189623,0.05243008,0.03140860,0.09057468,0.02001817,0.08265886,0.09674270,0.04120727
101,0.18914589,0.05769917,0.23540746,0.19239935,0.07653181,0.19251311,0.03884026,0.02466497,0.07068233,0.05960602,0.20028745,0.04347770,0.10766895,0.07308553,0.11485650,0.13960829,0.07799400,0.04119550,0.27338308,0.09510843,0.06017542,0.02011262,0.33427352,0.06731628,0.16874790,0.04689385,0.07254045,0.10197280,0.14668164,0.04797792,0.08899860,0.17275612,0.05551108,0.16544372,0.22334245,0.25095686,0.09537067,0.13814422,0.16703585,0.08409195,0.10932600,0.09177443,0.17455073,0.16277397,0.24611923,0.10043392,0.11242329,0.18905464,0.09129372,0.21073219,0.09962548,0.16638838,0.04551367,0.13994834,0.10350494,0.19113694,0.11759263,0.09025170,0.13442717,0.14989440,0.10414603,0.12495446,0.07168461,0.12227963,0.05476341,0.13464445,0.11151968,0.03599239,0.30242044,0.02050126,0.14428042,0.16417119,0.08506434,0.06334810,0.15382832,0.02812389,0.14992714,0.13726637,0.19311836,0.30652177,0.19621098,0.09092560,0.09993348,0.26826102,0.07370519,0.11641191,0.04542971,0.10182088,0.08347172,0.09498318,0.17268318,0.12341431,0.15959397,0.10154788,0.13045934,0.17822614,0.14168188,0.15597835,0.07757461,0.40254799,0.09288090,1.00000000,0.06030492,0.05467632,0.11287248,0.06879850,0.09513500,0.04657561,0.17060480,0.05194838,0.03599016,0.18034838,0.13794589,0.09726830,0.12364087,0.14074267,0.03279312,0.05657048,0.03989901,0.06797916,0.08840632,0.22878498,0.15216298,0.05063941,0.05345138,0.11686508,0.05692486,0.23523048
102,0.07246763,0.18305288,0.05428566,0.14594540,0.05193074,0.03267144,0.01633427,0.15895577,0.13928656,0.10342726,0.21745947,0.04740486,0.03385399,0.10895859,0.04476638,0.07131425,0.04964294,0.06010890,0.13027546,0.06795111,0.03300934,0.02588503,0.08355036,0.03487291,0.07601449,0.11863960,0.09003024,0.11210409,0.07507257,0.06970292,0.06909697,0.03401600,0.01778090,0.05042194,0.02972489,0.02761405,0.03343501,0.09407479,0.03012714,0.06385902,0.11245261,0.06586379,0.03035163,0.02955614,0.03946242,0.36368978,0.04183787,0.06626554,0.06569187,0.07185008,0.10987909,0.02717039,0.02876404,0.03052630,0.08713493,0.08150313,0.06898280,0.14122936,0.05125476,0.03630677,0.10941937,0.04120327,0.07551039,0.20620316,0.06584743,0.10023537,0.08033513,0.09088857,0.11260346,0.02255140,0.02869425,0.02676466,0.14581716,0.03572949,0.05856029,0.03401750,0.03042388,0.09724633,0.04972234,0.03992900,0.02084826,0.08177888,0.04674875,0.08004489,0.04008697,0.12795623,0.09450124,0.06681737,0.06832349,0.03782181,0.02138554,0.05827996,0.03290990,0.03450848,0.03675503,0.08358185,0.05026113,0.07844462,0.02862717,0.08013567,0.08512247,0.06030492,1.00000000,0.03770839,0.07163572,0.06334960,0.04223838,0.06307202,0.03415374,0.07282302,0.12415971,0.14512908,0.03499368,0.03955922,0.07089634,0.04738794,0.10736336,0.03793596,0.01620487,0.04895461,0.04151972,0.14247121,0.02278735,0.04391423,0.04890646,0.03282890,0.09065296,0.04928029
103,0.08070443,0.08551541,0.03909976,0.06323841,0.03212122,0.03792503,0.07553691,0.21098402,0.04343780,0.09309522,0.04648212,0.07328194,0.13652378,0.09264986,0.17826004,0.14266238,0.04932793,0.27152449,0.05118602,0.03114440,0.06549175,0.07881741,0.15582234,0.01912694,0.20277786,0.07475716,0.15993932,0.03708488,0.13616115,0.19855440,0.03222464,0.05261705,0.24741596,0.08434190,0.08699887,0.04100280,0.05170474,0.12119661,0.30250326,0.05420359,0.15682197,0.26528728,0.07195579,0.05736789,0.05450452,0.05644985,0.03605967,0.08583668,0.07542740,0.07370333,0.02953774,0.05970215,0.03932307,0.04942419,0.15215115,0.12879020,0.02905628,0.03868892,0.07508148,0.05920317,0.06474139,0.05749953,0.01666997,0.04295517,0.04442149,0.06728163,0.09804238,0.16830015,0.02965013,0.11425743,0.07445210,0.04915223,0.02257125,0.10767928,0.05284748,0.02675739,0.03979148,0.06491063,0.18142006,0.04877000,0.06482576,0.18417592,0.10036889,0.08444714,0.25855908,0.02845382,0.08763859,0.04860261,0.09182921,0.17674130,0.04796092,0.09374097,0.03076758,0.08490738,0.12563105,0.03057226,0.04447778,0.12994722,0.05214814,0.05183613,0.13412222,0.05467632,0.03770839,1.00000000,0.09929444,0.19895034,0.18642700,0.04078949,0.03138903,0.17078900,0.03696285,0.12957908,0.06542642,0.06412849,0.07582812,0.05222839,0.03101060,0.07300185,0.03824838,0.16258271,0.09249841,0.08653159,0.06903389,0.08597708,0.03406256,0.06203464,0.12939051,0.03293998
104,0.51382339,0.18733791,0.04513215,0.14192751,0.03830499,0.04186465,0.03650404,0.02821132,0.03188418,0.05136206,0.17017438,0.11600643,0.36337841,0.11686365,0.12765118,0.04814619,0.05723813,0.12607180,0.11516656,0.04589568,0.03451307,0.06194303,0.19518837,0.10823222,0.15965879,0.03897571,0.09265574,0.14615598,0.18730560,0.15132204,0.11236908,0.02785645,0.14568174,0.19400328,0.16771150,0.11787287,0.06877994,0.12362134,0.09973051,0.01212269,0.07151711,0.04284682,0.26918706,0.05830617,0.22239341,0.10439017,0.05424193,0.03632398,0.05120637,0.04089876,0.11738042,0.04511297,0.01468321,0.07483631,0.05489282,0.07522517,0.12663826,0.44309467,0.04229009,0.17754892,0.06100550,0.13645141,0.06197622,0.07251700,0.03136526,0.03549818,0.05036495,0.03872342,0.03453415,0.03463541,0.03194510,0.10741302,0.03461407,0.12483285,0.08174157,0.02419628,0.02074471,0.10269063,0.03338069,0.03104290,0.17229205,0.03801893,0.05167775,0.15670538,0.07595915,0.16877016,0.09309129,0.06169477,0.07675450,0.24759160,0.13806222,0.20694044,0.16795611,0.10862057,0.17869163,0.05165689,0.07871155,0.07638481,0.06497443,0.07695296,0.14458956,0.11287248,0.07163572,0.09929444,1.00000000,0.04290219,0.07185249,0.09794681,0.07306220,0.04971874,0.02797777,0.04809863,0.18191075,0.01671331,0.12386647,0.17655219,0.05159494,0.04084603,0.04972821,0.06775009,0.05609835,0.27314287,0.12409720,0.04951665,0.16913614,0.12588254,0.06654088,0.02672161
105,0.04194045,0.03991940,0.13913415,0.14694619,0.07811557,0.15462157,0.10659895,0.11707519,0.22120321,0.04646067,0.08038501,0.23316832,0.03070835,0.09383710,0.26583064,0.30502751,0.02959554,0.09728627,0.24779245,0.10834105,0.04525480,0.07393923,0.02231047,0.08455741,0.05565680,0.02366957,0.11469641,0.10457295,0.09343360,0.42180032,0.03226474,0.03828246,0.38835692,0.03398102,0.02440247,0.05065696,0.30939895,0.03380261,0.05327186,0.02845978,0.27125591,0.40041310,0.19825529,0.06108536,0.07084725,0.11646529,0.08768903,0.07034178,0.07233138,0.07536284,0.03346765,0.07599092,0.05595444,0.07583716,0.08908536,0.03854638,0.03929812,0.03166622,0.05423477,0.03567782,0.20115042,0.06880946,0.10679875,0.05120402,0.07299109,0.05249013,0.03772372,0.29889435,0.04312536,0.05990304,0.03437274,0.08308257,0.14679411,0.17631029,0.07663770,0.15772295,0.13862389,0.19974124,0.03927792,0.13179825,0.06664452,0.18070200,0.04491441,0.13152874,0.40362734,0.18186983,0.25849858,0.06572889,0.03150162,0.12986596,0.02664790,0.04468595,0.03445481,0.08520564,0.06551418,0.05744613,0.02480190,0.03209570,0.03496856,0.14212090,0.22659461,0.06879850,0.06334960,0.19895034,0.04290219,1.00000000,0.05842352,0.06933558,0.07694274,0.24095614,0.06450626,0.25075188,0.04036495,0.10095701,0.07750694,0.04845449,0.07197550,0.08607252,0.08259636,0.18255270,0.10779691,0.24109170,0.15639299,0.06060302,0.07758126,0.02345376,0.12696035,0.05928757
106,0.03064971,0.09767431,0.13546675,0.09226593,0.01867459,0.22433960,0.06354682,0.03587357,0.04458112,0.03856637,0.02829840,0.02691123,0.02537912,0.09238732,0.08253330,0.18962468,0.10342740,0.14148104,0.14065140,0.08048514,0.01430503,0.18407044,0.05015003,0.02246824,0.03061356,0.06130002,0.02298260,0.02486243,0.02826549,0.14967641,0.08978961,0.09059604,0.15859136,0.04888315,0.01935469,0.03594456,0.17591909,0.10237576,0.09388247,0.02972012,0.04099207,0.24211058,0.05070867,0.08073295,0.05672032,0.04107875,0.03648213,0.18426231,0.06296051,0.18028010,0.01329620,0.02449881,0.08061048,0.04426916,0.06826420,0.03216992,0.13164791,0.02687410,0.05777181,0.03812406,0.03400287,0.04462650,0.01991409,0.02023805,0.01848835,0.02472559,0.13847445,0.08348007,0.07757953,0.03284765,0.10650995,0.02995121,0.03087556,0.07753800,0.05044689,0.13149649,0.07301635,0.08582266,0.10226579,0.05758414,0.10011232,0.03203541,0.08354501,0.06043605,0.15584207,0.11547171,0.12387469,0.05858555,0.04481580,0.10511901,0.01996773,0.10508633,0.04147907,0.21604319,0.02760540,0.05863567,0.08767144,0.04185810,0.12393473,0.16214634,0.14512137,0.09513500,0.04223838,0.18642700,0.07185249,0.05842352,1.00000000,0.03294952,0.09459115,0.20371932,0.11166982,0.13496067,0.02165638,0.06860822,0.01119980,0.01660181,0.02682893,0.02400925,0.04361027,0.09483019,0.08703591,0.04751621,0.02106954,0.05331323,0.01637893,0.06244333,0.03404550,0.06921378
107,0.04230165,0.10165735,0.06580442,0.03739972,0.03400357,0.11346813,0.11272622,0.04520901,0.09892000,0.16401571,0.06239638,0.06638338,0.08023484,0.02535779,0.11933453,0.08143222,0.10358149,0.11939111,0.06948439,0.02828852,0.02095708,0.04797032,0.05131618,0.10918089,0.03229994,0.08839357,0.02721697,0.03208526,0.17243567,0.18338948,0.06867765,0.03990781,0.13331798,0.10181281,0.09648098,0.03151539,0.03552319,0.02858607,0.03548440,0.04779944,0.05880060,0.04674003,0.10457585,0.03902317,0.09951826,0.04156343,0.09741647,0.02160726,0.04707738,0.03854597,0.07760327,0.03976672,0.10895893,0.08117263,0.05954597,0.08880165,0.05861338,0.03573296,0.05108546,0.05852725,0.13770768,0.07802851,0.06033073,0.14211470,0.05436181,0.07438213,0.07555415,0.04152501,0.04755305,0.15025342,0.05606451,0.10070854,0.04324916,0.05309183,0.15153539,0.05320399,0.08653946,0.13549829,0.04144714,0.03190300,0.06628317,0.02979359,0.09220327,0.10833634,0.17422538,0.12938270,0.13482100,0.07816762,0.03862148,0.10447778,0.05501241,0.12080307,0.06026073,0.12982693,0.06048599,0.04463458,0.06998163,0.10298811,0.14153248,0.09158912,0.07267089,0.04657561,0.06307202,0.04078949,0.09794681,0.06933558,0.03294952,1.00000000,0.13400638,0.04003901,0.07857394,0.03653134,0.10808519,0.10713696,0.04166426,0.08242582,0.02659288,0.03594119,0.12309399,0.07357940,0.04634199,0.07537107,0.09774941,0.06066967,0.09594958,0.10301507,0.10933761,0.03383759
108,0.02546816,0.05390263,0.11139732,0.02634374,0.03177738,0.02160619,0.26144171,0.10975061,0.05405691,0.04991074,0.08024412,0.08205403,0.01644046,0.03559917,0.06254926,0.05935834,0.08250116,0.11963716,0.05721459,0.05099799,0.03100450,0.15287729,0.07181820,0.14100811,0.06624219,0.08793139,0.15236181,0.06013738,0.04671627,0.13890420,0.02137272,0.11816800,0.23867743,0.04452568,0.10133304,0.01915636,0.03831551,0.10944895,0.08857653,0.02970269,0.09387988,0.04889202,0.02023299,0.04588544,0.05504885,0.04878524,0.02936802,0.06412114,0.08629186,0.08042531,0.11958697,0.14722192,0.03392484,0.04022563,0.14720324,0.03466396,0.13144335,0.05921559,0.11018886,0.14822845,0.16750945,0.01153121,0.07520679,0.09559999,0.03095010,0.02558512,0.07370275,0.17419618,0.20458330,0.35924160,0.04615144,0.01788830,0.10959627,0.03264117,0.04884414,0.05009019,0.09097809,0.21301523,0.05768981,0.11177954,0.02455255,0.03968644,0.06667799,0.18995219,0.06945765,0.03504094,0.10908070,0.03143573,0.04369701,0.02365846,0.02151415,0.05372073,0.13282073,0.18925387,0.05862691,0.12973696,0.04756014,0.06844240,0.10833450,0.06252631,0.24939802,0.17060480,0.03415374,0.03138903,0.07306220,0.07694274,0.09459115,0.13400638,1.00000000,0.03412026,0.17651460,0.04412771,0.04575159,0.02631242,0.02003764,0.02974600,0.15933537,0.02912034,0.11755665,0.06679947,0.07470450,0.05193025,0.01763126,0.04259764,0.05816030,0.05510545,0.03883663,0.02291045
109,0.03092745,0.08079945,0.11926395,0.09194498,0.13710254,0.15922996,0.01964048,0.13216574,0.09689640,0.06063769,0.07471079,0.09809167,0.03129049,0.14283483,0.03497169,0.30234092,0.06480040,0.06378172,0.30532211,0.06857636,0.05098899,0.04523722,0.05682521,0.12772565,0.05904613,0.03219483,0.05664285,0.05827922,0.07684977,0.21901032,0.07526434,0.04214988,0.11077009,0.02872760,0.02132159,0.12080911,0.18661615,0.15874667,0.10120542,0.03049230,0.07532103,0.41152984,0.12321930,0.04317477,0.05744182,0.07354112,0.07594051,0.07246868,0.16463953,0.04597658,0.06310876,0.10889269,0.02777988,0.05038463,0.11256031,0.03075077,0.07360130,0.05027382,0.04830343,0.04387856,0.24303854,0.06173717,0.06852589,0.07223176,0.04755538,0.09481190,0.09153721,0.35852730,0.03654983,0.11134775,0.08032925,0.04866231,0.14673480,0.07688809,0.06445336,0.06336880,0.20425361,0.05000836,0.07766391,0.06752400,0.09580165,0.09579081,0.04738142,0.06546897,0.24524456,0.18664244,0.15702046,0.05326330,0.16443886,0.08154334,0.08661865,0.07276018,0.10233949,0.07757105,0.08103918,0.05010999,0.02603827,0.04893630,0.18084367,0.04284619,0.05723922,0.05194838,0.07282302,0.17078900,0.04971874,0.24095614,0.20371932,0.04003901,0.03412026,1.00000000,0.12743606,0.06611406,0.05391369,0.10760596,0.05993239,0.06053605,0.09310733,0.06884433,0.10026763,0.13340917,0.07006919,0.12780929,0.04054581,0.13561246,0.07942824,0.03849720,0.07212667,0.05574749
110,0.05720960,0.06029857,0.13657343,0.05427186,0.05148018,0.02276788,0.07628828,0.03725043,0.06805669,0.07063124,0.04412499,0.03235508,0.01932083,0.03078345,0.12023260,0.10237318,0.05022675,0.05669591,0.13481817,0.04985143,0.03379333,0.03488711,0.04023993,0.04338280,0.08610529,0.24732545,0.12770997,0.04643735,0.13488859,0.02478462,0.09974150,0.12870806,0.02557507,0.05371825,0.05543122,0.02095061,0.03144813,0.11004113,0.03853082,0.13945681,0.07683264,0.04198268,0.07723116,0.03225360,0.02201704,0.08405773,0.04964823,0.03305509,0.11105318,0.03877148,0.08255613,0.07588036,0.05473413,0.06518811,0.02295364,0.04386820,0.04191699,0.07736966,0.12249608,0.02450120,0.21031639,0.10149027,0.13490966,0.32548445,0.09874944,0.04659033,0.05710316,0.03336933,0.03909314,0.09043309,0.02439664,0.03514775,0.04185460,0.15885164,0.06159163,0.05167925,0.02443993,0.06843279,0.03588634,0.02781135,0.02923518,0.17409825,0.11046779,0.02800231,0.03143611,0.06289408,0.03485903,0.14284968,0.05842663,0.02574779,0.02781705,0.01898394,0.07887166,0.04425729,0.03110541,0.04596308,0.11371058,0.09547573,0.03654736,0.08107795,0.03984068,0.03599016,0.12415971,0.03696285,0.02797777,0.06450626,0.11166982,0.07857394,0.17651460,0.12743606,1.00000000,0.12584233,0.09359670,0.06340864,0.04324196,0.03068329,0.33449066,0.03675140,0.02223530,0.15336281,0.03098135,0.12452601,0.03317106,0.02237580,0.01740772,0.01460804,0.03613300,0.03912419
111,0.03066863,0.04249528,0.13600641,0.11113079,0.14962122,0.12697762,0.09427424,0.10229449,0.07464823,0.14573668,0.03775735,0.10601608,0.02170806,0.15837972,0.22286138,0.13765500,0.02862003,0.08939616,0.12090342,0.09519853,0.04002731,0.07813153,0.08949107,0.12062156,0.06720165,0.11710079,0.04795023,0.02099462,0.16312906,0.22492996,0.15220700,0.07171594,0.23211125,0.11768533,0.01539962,0.07713307,0.13692391,0.14672458,0.08183539,0.08045672,0.06863891,0.14378223,0.09280638,0.07964121,0.08847047,0.07599986,0.04594128,0.07326779,0.03613590,0.06116741,0.07629199,0.11357629,0.03752163,0.03290004,0.03900698,0.06425130,0.04258305,0.10651165,0.10983983,0.05489709,0.08126096,0.09006692,0.06847933,0.06446434,0.14864859,0.11749518,0.10943761,0.09513302,0.15843299,0.02752234,0.04415843,0.14216560,0.04094060,0.13217273,0.19566646,0.04843466,0.08472860,0.04896158,0.03106249,0.10068894,0.04044043,0.02157206,0.02304134,0.17382985,0.26059154,0.06284186,0.04727203,0.14261605,0.07710189,0.06343713,0.02278715,0.01980887,0.06726638,0.03661321,0.05212599,0.04355577,0.06627528,0.05295942,0.02331376,0.40949464,0.11803922,0.18034838,0.14512908,0.12957908,0.04809863,0.25075188,0.13496067,0.03653134,0.04412771,0.06611406,0.12584233,1.00000000,0.04682515,0.09875520,0.04927077,0.06519452,0.16138177,0.03318359,0.08555941,0.03504919,0.17248166,0.08281115,0.15428324,0.03989904,0.05325983,0.05599000,0.08427371,0.08386467
112,0.15716258,0.15660134,0.18887800,0.15990454,0.02627861,0.21593623,0.05521072,0.03797514,0.12610231,0.07610174,0.14400187,0.04691109,0.13036008,0.02796556,0.09399073,0.20925564,0.06409175,0.11093498,0.31549060,0.08628072,0.05516941,0.03603501,0.26789445,0.27261609,0.20433348,0.03041539,0.07617567,0.08465149,0.14097051,0.05093194,0.08393519,0.28028741,0.07837642,0.24781197,0.06484947,0.17387144,0.04837709,0.09800818,0.04543112,0.29409623,0.14868206,0.07752271,0.17082986,0.17776841,0.16121441,0.06564480,0.14581797,0.08071265,0.03051233,0.06645763,0.09756172,0.03286238,0.03388998,0.27753493,0.10470775,0.24750103,0.08342412,0.15715283,0.02502171,0.09899084,0.15417382,0.12297124,0.14284611,0.18531254,0.11288570,0.05716204,0.21144044,0.03124649,0.06666608,0.03455287,0.11046131,0.13509268,0.06127185,0.14620548,0.19776259,0.04907150,0.03561363,0.07516879,0.16637422,0.07552938,0.21872395,0.09743802,0.16325177,0.18056901,0.04893164,0.12907609,0.09293363,0.23563442,0.09025944,0.14138146,0.20130640,0.11163850,0.14597458,0.16852996,0.08475502,0.19643393,0.14417294,0.18195021,0.13205013,0.09289242,0.08293952,0.13794589,0.03499368,0.06542642,0.18191075,0.04036495,0.02165638,0.10808519,0.04575159,0.05391369,0.09359670,0.04682515,1.00000000,0.11347899,0.10354170,0.10383850,0.02517370,0.03209723,0.04440819,0.11184610,0.04638927,0.33275336,0.11605960,0.09381270,0.18590342,0.10569831,0.03915381,0.07389345
113,0.03102119,0.04751037,0.24317649,0.05887049,0.03878208,0.30654225,0.05959123,0.07378103,0.06634498,0.06385082,0.08010541,0.03933488,0.02800599,0.07439286,0.07849886,0.13838404,0.10540989,0.06548525,0.20930278,0.05744861,0.01807794,0.11764426,0.07693139,0.02019890,0.03781866,0.07698753,0.08301896,0.02637331,0.03012471,0.04827413,0.08557267,0.27202845,0.03399069,0.04734051,0.02249549,0.01804475,0.11697407,0.03211182,0.03643730,0.07681736,0.18069269,0.20171165,0.08865193,0.09187212,0.04066361,0.03142226,0.05131432,0.02598048,0.03291306,0.13518719,0.01771611,0.11604124,0.17645133,0.05626366,0.03355166,0.06921723,0.19388796,0.02420698,0.21910205,0.03215452,0.12020768,0.01007662,0.16462784,0.09189118,0.10701613,0.10560240,0.02929977,0.02991146,0.03044842,0.02574740,0.10128797,0.10954721,0.03891516,0.03358974,0.10185013,0.12803534,0.08279539,0.11906378,0.05233829,0.02965190,0.01725150,0.15543678,0.05772157,0.20203702,0.07244173,0.08025606,0.03492161,0.06302412,0.02979876,0.03583949,0.05412493,0.01201960,0.02674735,0.15913120,0.04400264,0.05014348,0.05996031,0.06799538,0.14029874,0.13792452,0.01935573,0.09726830,0.03955922,0.06412849,0.01671331,0.10095701,0.06860822,0.10713696,0.02631242,0.10760596,0.06340864,0.09875520,0.11347899,1.00000000,0.02002647,0.01976726,0.10006339,0.04463607,0.09142014,0.04742940,0.08302404,0.18209147,0.06998637,0.02570538,0.08775178,0.06797621,0.02569143,0.02794736
114,0.05692898,0.02472871,0.06470743,0.04093437,0.03343838,0.04390131,0.07380684,0.01792302,0.21397074,0.03253815,0.10334381,0.05830972,0.19004989,0.05287713,0.16213527,0.14133331,0.04477265,0.07758901,0.20220014,0.08859953,0.36034772,0.02995344,0.14405039,0.04635895,0.11707832,0.05832529,0.19424853,0.07804944,0.02817280,0.08398774,0.03972224,0.03333795,0.12518142,0.11895548,0.07025565,0.09776744,0.02902578,0.08786665,0.11106580,0.07151880,0.09381345,0.11536023,0.23329070,0.24426275,0.07033478,0.03804994,0.14604467,0.03315955,0.05563886,0.08476175,0.08390498,0.06625990,0.02282503,0.09749682,0.04087491,0.44040659,0.16152249,0.10029259,0.01854604,0.14830519,0.09741816,0.07292531,0.04404161,0.04768924,0.03526442,0.05422043,0.03789711,0.05463260,0.04945046,0.01933013,0.08455208,0.06825416,0.09638923,0.06194200,0.07527967,0.02688560,0.06496035,0.07689628,0.51355886,0.10805704,0.12021779,0.03320708,0.10209853,0.08649996,0.03563288,0.09454033,0.06810386,0.03547967,0.03127268,0.16609263,0.05954833,0.09855968,0.08898851,0.05652664,0.33670887,0.02685442,0.07021056,0.26555899,0.06367691,0.07152191,0.08232641,0.12364087,0.07089634,0.07582812,0.12386647,0.07750694,0.01119980,0.04166426,0.02003764,0.05993239,0.04324196,0.04927077,0.10354170,0.02002647,1.00000000,0.08588703,0.06124275,0.04150315,0.05095684,0.06326219,0.02851151,0.19786727,0.13555995,0.04460508,0.06829982,0.06019046,0.03794879,0.09484743
115,0.19163449,0.07725082,0.05993089,0.05087500,0.12467285,0.07113756,0.08235615,0.04185731,0.05781256,0.05906366,0.12648696,0.05859363,0.18352988,0.06156314,0.10901052,0.08205096,0.08736867,0.05931943,0.11850599,0.06801032,0.09395325,0.02765733,0.06016524,0.01999239,0.13933709,0.05198037,0.08640906,0.09388866,0.15229183,0.08067334,0.08816232,0.02848535,0.13123651,0.06432506,0.10425907,0.06129517,0.04616426,0.03706419,0.16287997,0.03715798,0.07603517,0.03888757,0.10796760,0.16148360,0.14197204,0.13326624,0.12177154,0.03591616,0.03149105,0.05668280,0.14326234,0.02682340,0.03238610,0.18101019,0.03554029,0.17411846,0.07696934,0.11379708,0.02582653,0.12838623,0.02559824,0.04542843,0.02212981,0.07113916,0.03612775,0.06001497,0.02497349,0.06511392,0.13069326,0.04033161,0.05066491,0.04998725,0.03568828,0.06655993,0.09420537,0.02206220,0.07089175,0.03500666,0.17286645,0.05127839,0.06289835,0.06524572,0.06160701,0.07111377,0.01900284,0.15237272,0.24493223,0.02920072,0.03557275,0.22568086,0.07816835,0.02899858,0.02636137,0.07830437,0.10070085,0.06643916,0.07047059,0.16931856,0.01954450,0.03300489,0.07632156,0.14074267,0.04738794,0.05222839,0.17655219,0.04845449,0.01660181,0.08242582,0.02974600,0.06053605,0.03068329,0.06519452,0.10383850,0.01976726,0.08588703,1.00000000,0.02345101,0.09154814,0.02112686,0.12759182,0.17509197,0.06640309,0.10971843,0.15309486,0.03105296,0.08771135,0.04608357,0.02741728
116,0.08217277,0.08871734,0.12709115,0.07504511,0.03169950,0.02661641,0.03349379,0.05431835,0.11500108,0.05482887,0.09824831,0.10428523,0.06864057,0.07783963,0.04663347,0.09008954,0.08512174,0.05689648,0.19394517,0.09159410,0.02905401,0.05328169,0.04403510,0.02056135,0.06593168,0.17693606,0.24385449,0.07514563,0.08222613,0.03703224,0.03857159,0.19707647,0.04037814,0.24286747,0.15235379,0.02379674,0.03991459,0.10407151,0.15153834,0.03009085,0.18205482,0.08370672,0.10014206,0.12664524,0.03852631,0.11822094,0.11876105,0.03015526,0.09943689,0.09077531,0.11808623,0.05499393,0.13845885,0.04361512,0.15027510,0.04603174,0.06057488,0.09775099,0.12250081,0.03292547,0.22650918,0.10648120,0.14389513,0.18706015,0.04477728,0.02619424,0.08468094,0.02100976,0.03733239,0.07477453,0.04238304,0.02804228,0.10999434,0.12293723,0.03933236,0.07861808,0.02353919,0.07606082,0.04662061,0.05652625,0.04988839,0.17545587,0.09764935,0.03848486,0.05435771,0.12687129,0.03522147,0.08114853,0.03210424,0.03223881,0.03567833,0.03988154,0.04776804,0.04198292,0.07668676,0.02474730,0.03862200,0.09854588,0.03921708,0.11148107,0.02762917,0.03279312,0.10736336,0.03101060,0.05159494,0.07197550,0.02682893,0.02659288,0.15933537,0.09310733,0.33449066,0.16138177,0.02517370,0.10006339,0.06124275,0.02345101,1.00000000,0.03735523,0.02753743,0.14522862,0.10518000,0.24158636,0.02663660,0.04842151,0.04395625,0.07408924,0.02866960,0.11416633
117,0.04938200,0.03933427,0.06420824,0.03023874,0.01869980,0.11191525,0.05629089,0.04708556,0.02885949,0.03738407,0.04059058,0.07265973,0.04036263,0.03345710,0.05174232,0.06881376,0.03277075,0.03093585,0.04277056,0.01838592,0.02403129,0.03118787,0.14280808,0.03363367,0.12714052,0.02229258,0.04238611,0.02905247,0.07380399,0.14871210,0.03229376,0.11546221,0.09594838,0.07537945,0.03607836,0.01744467,0.04074800,0.04030710,0.03293152,0.05990927,0.02776763,0.09253437,0.02393362,0.05688271,0.08783148,0.04857107,0.03423743,0.03315118,0.04633739,0.03207359,0.05501360,0.02192677,0.02956478,0.11674142,0.15528196,0.07651539,0.06139241,0.02696368,0.02417694,0.07538950,0.07876682,0.02224825,0.02199527,0.06163193,0.12468470,0.05616692,0.08191551,0.06144371,0.10523504,0.02053970,0.05925926,0.02479166,0.03508357,0.06772691,0.07553518,0.02682186,0.02680175,0.07314788,0.09435748,0.03640705,0.07053900,0.02953872,0.04963024,0.07993085,0.04304421,0.04962308,0.10193982,0.02154247,0.02656227,0.06182787,0.09911948,0.02869555,0.05145515,0.08781406,0.04940495,0.16447441,0.07347664,0.07897374,0.05931972,0.04624495,0.07387668,0.05657048,0.03793596,0.07300185,0.04084603,0.08607252,0.02400925,0.03594119,0.02912034,0.06884433,0.03675140,0.03318359,0.03209723,0.04463607,0.04150315,0.09154814,0.03735523,1.00000000,0.02000327,0.02903503,0.03687995,0.06295709,0.01961727,0.05822861,0.02471386,0.03634247,0.03297050,0.03283309
118,0.04039451,0.10479602,0.04988044,0.05103749,0.03429056,0.10243469,0.03871863,0.04795600,0.09987551,0.03227740,0.07854919,0.02425868,0.02715819,0.02547799,0.05363337,0.06295566,0.14738473,0.03319971,0.05233894,0.17420444,0.02880248,0.03251537,0.03711418,0.03460424,0.02780179,0.09096731,0.07230210,0.02502289,0.11350504,0.04255351,0.06323394,0.05270940,0.02886852,0.05662862,0.01851720,0.13733290,0.07442413,0.05088280,0.03242275,0.03019258,0.04455131,0.04087928,0.06015408,0.03537665,0.02956142,0.06280902,0.04369201,0.07322158,0.06075707,0.02841658,0.02599881,0.04483709,0.07858552,0.03260092,0.09412575,0.03320695,0.07364222,0.10723615,0.06735986,0.04189108,0.12207691,0.04842897,0.02905095,0.06019538,0.02946422,0.03607286,0.07109191,0.16881588,0.02993914,0.16774341,0.05262289,0.08174158,0.02189454,0.07209356,0.11806887,0.01437392,0.12668601,0.11698040,0.03747865,0.02592942,0.07784022,0.04567744,0.05812376,0.10277759,0.02868041,0.09879518,0.03439659,0.08493534,0.14452472,0.03914429,0.05189725,0.03679540,0.14371255,0.09141485,0.04972891,0.02998517,0.01465611,0.04439964,0.10043876,0.03595714,0.08759344,0.03989901,0.01620487,0.03824838,0.04972821,0.08259636,0.04361027,0.12309399,0.11755665,0.10026763,0.02223530,0.08555941,0.04440819,0.09142014,0.05095684,0.02112686,0.02753743,0.02000327,1.00000000,0.04054552,0.09640266,0.06091897,0.06688471,0.03584186,0.11115397,0.03360257,0.09164184,0.02650406
119,0.06463448,0.03139067,0.07075281,0.15919638,0.04974064,0.04192398,0.04837323,0.08670641,0.14735933,0.06340820,0.08125611,0.05603994,0.04038461,0.04009125,0.11016294,0.26925772,0.10240659,0.04243955,0.20893368,0.03642432,0.11755508,0.02678824,0.03891373,0.07420807,0.05767196,0.12069727,0.04051747,0.06060945,0.10309296,0.12452104,0.03372271,0.05787895,0.31229168,0.14035290,0.04076792,0.03971040,0.01946986,0.04447588,0.15352720,0.07841705,0.26983005,0.09962177,0.13726598,0.05923275,0.13281277,0.04677188,0.15659744,0.06918225,0.08320840,0.04631489,0.04845686,0.07705621,0.04751245,0.14158896,0.03792276,0.06158315,0.09070724,0.03807906,0.05614104,0.05725427,0.14287849,0.17625523,0.10687242,0.14462796,0.03205982,0.20177835,0.13257813,0.10310242,0.03403807,0.03829022,0.06602141,0.05310081,0.14433292,0.03817170,0.06568929,0.04923579,0.06958775,0.06433985,0.08384018,0.11598563,0.11500018,0.07242373,0.14467219,0.15830296,0.19054309,0.21139805,0.07000904,0.09186801,0.22524077,0.04465275,0.03057984,0.06953344,0.06947441,0.14688173,0.07844625,0.02799198,0.13916039,0.03563668,0.12191096,0.07450269,0.17149611,0.06797916,0.04895461,0.16258271,0.06775009,0.18255270,0.09483019,0.07357940,0.06679947,0.13340917,0.15336281,0.03504919,0.11184610,0.04742940,0.06326219,0.12759182,0.14522862,0.02903503,0.04054552,1.00000000,0.21556446,0.31685910,0.04878767,0.16500014,0.10245773,0.08417617,0.17817259,0.05093503
120,0.04805387,0.03573729,0.09905697,0.03072463,0.09403912,0.06323003,0.05016667,0.05584292,0.06229945,0.07278569,0.06103752,0.10122070,0.04619418,0.20449430,0.10425576,0.12218719,0.03464301,0.06543900,0.09517854,0.08317557,0.05147769,0.05319612,0.03650133,0.04500585,0.05453368,0.06997466,0.04110818,0.04054124,0.06180611,0.09292656,0.05370967,0.03105732,0.15214020,0.09894618,0.20044509,0.02829758,0.08309733,0.02435595,0.14944409,0.05008849,0.14209980,0.10853216,0.03584388,0.04775696,0.04074055,0.07607835,0.04053987,0.06013655,0.04339920,0.13531744,0.06470060,0.12263397,0.05834919,0.03537766,0.31982070,0.06964717,0.03248212,0.10031198,0.03313444,0.08114152,0.13602203,0.06021261,0.04391243,0.05670244,0.09651601,0.11681713,0.16973475,0.05990294,0.03765167,0.05141635,0.03728097,0.06523839,0.15651584,0.03314483,0.07033378,0.02910372,0.03323520,0.10223268,0.04017594,0.14102557,0.04147418,0.04836964,0.07269371,0.09149306,0.12784658,0.07078297,0.12003979,0.05757377,0.09179051,0.13556379,0.04178786,0.11447953,0.03981051,0.04460426,0.08568156,0.04180834,0.05354437,0.04528116,0.08140406,0.12463181,0.10189623,0.08840632,0.04151972,0.09249841,0.05609835,0.10779691,0.08703591,0.04634199,0.07470450,0.07006919,0.03098135,0.17248166,0.04638927,0.08302404,0.02851151,0.17509197,0.10518000,0.03687995,0.09640266,0.21556446,1.00000000,0.07087055,0.02371785,0.16013950,0.05237161,0.10665904,0.06430653,0.08655516
121,0.29745537,0.15052783,0.22963086,0.43104118,0.05261479,0.18052514,0.05117102,0.17491129,0.28884804,0.11181113,0.33391726,0.03548055,0.20187908,0.08497960,0.27882531,0.47742355,0.07018211,0.09224112,0.50940120,0.13826285,0.02698703,0.17916323,0.32788259,0.16053966,0.12949519,0.04138131,0.20223024,0.19042227,0.07946227,0.10201449,0.11251869,0.08882224,0.08557083,0.38756457,0.24722037,0.20198612,0.11949912,0.08496864,0.05242489,0.07483493,0.37858927,0.25927368,0.48851171,0.23125041,0.26803613,0.10748131,0.24497086,0.12493810,0.12870747,0.11863668,0.11669342,0.17279063,0.05465454,0.07848071,0.04291489,0.29281116,0.24661008,0.20047057,0.06182400,0.28676003,0.24188206,0.34185821,0.21777084,0.23059846,0.06927978,0.13404007,0.08711173,0.17082977,0.05247491,0.04740862,0.12128309,0.23114230,0.22951227,0.09139769,0.25499421,0.04731435,0.14693849,0.07740105,0.26083863,0.16359463,0.42071459,0.12274519,0.18017945,0.43321872,0.20315051,0.28671059,0.14337690,0.19797489,0.17325640,0.10551578,0.29464737,0.22654757,0.25220898,0.22468817,0.30186254,0.03248131,0.13566692,0.25340664,0.21653640,0.14324252,0.05243008,0.22878498,0.14247121,0.08653159,0.27314287,0.24109170,0.04751621,0.07537107,0.05193025,0.12780929,0.12452601,0.08281115,0.33275336,0.18209147,0.19786727,0.06640309,0.24158636,0.06295709,0.06091897,0.31685910,0.07087055,1.00000000,0.24007122,0.06675927,0.38110596,0.24343142,0.12461683,0.15337935
122,0.13195577,0.14759988,0.17394598,0.20328382,0.12991752,0.06751319,0.01718631,0.03976312,0.16718581,0.04041449,0.13541527,0.04976252,0.11381768,0.04174685,0.11634621,0.20797384,0.10060456,0.07722738,0.24181125,0.11553970,0.04315097,0.16208577,0.15885553,0.04420468,0.15103236,0.11092191,0.06779988,0.12820722,0.04361071,0.07587875,0.03438481,0.05062756,0.05700342,0.10430270,0.14250648,0.08195722,0.10544153,0.16877699,0.11628312,0.05493338,0.13857624,0.05014772,0.28478140,0.08592799,0.19639543,0.03634531,0.16542149,0.03966162,0.07539542,0.03638925,0.07225017,0.18236953,0.04804450,0.07082892,0.06312786,0.14877018,0.16673511,0.10173663,0.21182024,0.15563154,0.06935142,0.02713969,0.06430773,0.14894572,0.04902933,0.03278387,0.25090069,0.06426367,0.15095538,0.06023470,0.09782184,0.33814996,0.20091671,0.09341554,0.20791575,0.02861748,0.16580243,0.02869616,0.16392457,0.18833414,0.03581253,0.02786586,0.09427695,0.26687258,0.04476351,0.17598298,0.02307732,0.06636634,0.11522783,0.19014165,0.07578440,0.21498373,0.14669763,0.15650094,0.17718305,0.04738762,0.07702896,0.11721902,0.04130342,0.11252198,0.03140860,0.15216298,0.02278735,0.06903389,0.12409720,0.15639299,0.02106954,0.09774941,0.01763126,0.04054581,0.03317106,0.15428324,0.11605960,0.06998637,0.13555995,0.10971843,0.02663660,0.01961727,0.06688471,0.04878767,0.02371785,0.24007122,1.00000000,0.13040741,0.14474830,0.16951802,0.06916213,0.18462519
123,0.04920790,0.20809768,0.03906559,0.08547041,0.06414850,0.08082640,0.02960566,0.05975812,0.07073469,0.04831388,0.10317378,0.06485036,0.03207043,0.11840694,0.09015271,0.05845210,0.08418980,0.03396029,0.06268592,0.09921098,0.05786105,0.03026976,0.11857148,0.03366684,0.07949533,0.04235588,0.04163276,0.10068169,0.10625011,0.09616857,0.07317761,0.03863170,0.12358316,0.05184466,0.07839945,0.04551044,0.09282301,0.14929324,0.08081929,0.04555207,0.06898112,0.15237728,0.04739176,0.03660346,0.06005530,0.09493237,0.03477709,0.07548127,0.04692118,0.03381046,0.15642956,0.05596801,0.03323354,0.07756557,0.05220888,0.04942185,0.06689484,0.15859935,0.07844575,0.04047896,0.11766635,0.05263692,0.02700640,0.04509290,0.03686915,0.13378704,0.08392332,0.04994167,0.03687230,0.03747464,0.03581443,0.12776394,0.07188489,0.08641345,0.09218226,0.09254374,0.08725578,0.09075692,0.08765794,0.08118673,0.07910001,0.02661883,0.06138539,0.09070230,0.10724933,0.11993314,0.14483076,0.04505214,0.13413411,0.09479959,0.05472847,0.11033870,0.09682333,0.03343287,0.11184320,0.03723171,0.04606756,0.07262226,0.06859179,0.05404593,0.09057468,0.05063941,0.04391423,0.08597708,0.04951665,0.06060302,0.05331323,0.06066967,0.04259764,0.13561246,0.02237580,0.03989904,0.09381270,0.02570538,0.04460508,0.15309486,0.04842151,0.05822861,0.03584186,0.16500014,0.16013950,0.06675927,0.13040741,1.00000000,0.03019423,0.04398771,0.06402582,0.03280413
124,0.11910773,0.14410263,0.08942475,0.32006431,0.13408175,0.03361128,0.07150932,0.07926525,0.06415246,0.16248770,0.25514889,0.02486587,0.04874342,0.10841131,0.17378940,0.13406414,0.02273329,0.04145224,0.19404685,0.07793550,0.02610978,0.10500209,0.07735498,0.13449487,0.04958390,0.02590063,0.09146656,0.10159831,0.05007934,0.06547718,0.04683805,0.03254563,0.06495309,0.25321910,0.09692971,0.22420882,0.04249085,0.02776551,0.04350682,0.03890029,0.20647106,0.11561184,0.26877636,0.09195095,0.16458914,0.02809045,0.09073228,0.03070779,0.03467310,0.03552877,0.02213590,0.09495805,0.02834247,0.03327103,0.02607727,0.10629298,0.09536894,0.08202993,0.03151947,0.21206002,0.04675902,0.11184153,0.10950671,0.08518482,0.04746574,0.05620658,0.04117499,0.02128292,0.02102202,0.06221457,0.01456568,0.23228115,0.06251969,0.02039863,0.15355903,0.05643139,0.01634415,0.03523768,0.08301598,0.07015114,0.26465952,0.05878948,0.21683121,0.20677908,0.07788440,0.12558588,0.06306569,0.12191299,0.21913557,0.07918133,0.28393841,0.13573796,0.42042792,0.05712818,0.21977663,0.02823331,0.10328551,0.13468707,0.10301754,0.07537696,0.02001817,0.05345138,0.04890646,0.03406256,0.16913614,0.07758126,0.01637893,0.09594958,0.05816030,0.07942824,0.01740772,0.05325983,0.18590342,0.08775178,0.06829982,0.03105296,0.04395625,0.02471386,0.11115397,0.10245773,0.05237161,0.38110596,0.14474830,0.03019423,1.00000000,0.16308105,0.06457988,0.05139392
125,0.02512159,0.03095798,0.04469623,0.22391841,0.03284289,0.02236340,0.02616413,0.02401389,0.05492387,0.03590829,0.15378405,0.07784463,0.05603565,0.08360817,0.12478535,0.05300363,0.02369740,0.09534251,0.08232690,0.09206930,0.01360819,0.07359325,0.17940629,0.04042442,0.10050419,0.05779061,0.02534471,0.07956950,0.03560583,0.08994178,0.04322509,0.02000103,0.02371341,0.18761514,0.19100717,0.07326542,0.05193856,0.11551845,0.07270163,0.02597444,0.07838711,0.05841209,0.20632845,0.12542154,0.15240389,0.05187874,0.15042621,0.03272376,0.04705699,0.03756955,0.07991974,0.07326379,0.01807860,0.11529298,0.03032927,0.05584928,0.24712536,0.04014269,0.06541578,0.16514662,0.06404889,0.12927143,0.04263304,0.10096557,0.02386559,0.07760334,0.13870576,0.01615873,0.03946602,0.01500759,0.06778890,0.18031076,0.02970824,0.18142723,0.14260240,0.06957212,0.02885588,0.06252849,0.16173571,0.02304837,0.17298335,0.03979475,0.03494884,0.24929518,0.04640086,0.01948822,0.12445713,0.04907861,0.07936805,0.13821962,0.16740561,0.34140891,0.23724091,0.08594029,0.15035856,0.03173809,0.14665727,0.14385802,0.06997854,0.03802697,0.08265886,0.11686508,0.03282890,0.06203464,0.12588254,0.02345376,0.06244333,0.10301507,0.05510545,0.03849720,0.01460804,0.05599000,0.10569831,0.06797621,0.06019046,0.08771135,0.07408924,0.03634247,0.03360257,0.08417617,0.10665904,0.24343142,0.16951802,0.04398771,0.16308105,1.00000000,0.05080519,0.02302872
126,0.08396399,0.15340260,0.01790538,0.06555149,0.13962469,0.03312456,0.06839465,0.05054877,0.07052913,0.07301505,0.12862569,0.11448535,0.03954649,0.08250873,0.13880131,0.05581892,0.23895736,0.06218085,0.11481090,0.04456124,0.11398816,0.05990956,0.03265309,0.04655381,0.05782466,0.02636196,0.12583125,0.09512619,0.07871944,0.08404889,0.02388266,0.03019179,0.27559012,0.05492600,0.02517251,0.04077575,0.06324872,0.04246448,0.18049979,0.07081151,0.03849068,0.07483755,0.05520559,0.14154939,0.03727701,0.14014314,0.13201821,0.08329046,0.02298074,0.07974330,0.04605370,0.04132053,0.02813824,0.25027508,0.08209679,0.05438895,0.08531736,0.06706107,0.05122820,0.04029939,0.04972928,0.04080837,0.04143194,0.05051655,0.06575243,0.10987844,0.08500843,0.06163555,0.03567171,0.04074475,0.07777424,0.04099584,0.05999652,0.03948056,0.07070071,0.06397978,0.03049993,0.04753689,0.09273819,0.04434090,0.05238767,0.05365275,0.06311592,0.07984552,0.07881096,0.19196944,0.06875906,0.03410595,0.06129352,0.05601082,0.03145892,0.03293191,0.04454588,0.03889147,0.17490983,0.02930245,0.06967410,0.09703727,0.03228151,0.09580684,0.09674270,0.05692486,0.09065296,0.12939051,0.06654088,0.12696035,0.03404550,0.10933761,0.03883663,0.07212667,0.03613300,0.08427371,0.03915381,0.02569143,0.03794879,0.04608357,0.02866960,0.03297050,0.09164184,0.17817259,0.06430653,0.12461683,0.06916213,0.06402582,0.06457988,0.05080519,1.00000000,0.04672308
127,0.12041083,0.03277609,0.18284537,0.15842301,0.05022473,0.05183448,0.03149369,0.09279463,0.02749164,0.05954098,0.10877556,0.04453008,0.02184991,0.05433933,0.04478917,0.17012590,0.06460615,0.03829848,0.21555778,0.03595597,0.03510855,0.21718729,0.09767854,0.09710638,0.07856822,0.07392934,0.07323093,0.07963400,0.12376883,0.06773421,0.08584523,0.04164857,0.03217427,0.04992174,0.03022672,0.09548140,0.10226606,0.05421413,0.12389112,0.20062020,0.05870204,0.11353454,0.11670460,0.09848328,0.12387355,0.10760149,0.08953384,0.17199308,0.11532573,0.09052105,0.10265905,0.03528969,0.14781678,0.03056681,0.10386957,0.07367714,0.03672545,0.05080827,0.12267677,0.18751368,0.11337529,0.03533219,0.03950331,0.14735621,0.21651891,0.06184401,0.07226995,0.03838354,0.16776557,0.03056274,0.13336340,0.02121489,0.27219099,0.02713602,0.03881433,0.12221774,0.17162588,0.12314037,0.10347676,0.39238352,0.08613610,0.18021457,0.04360928,0.12890491,0.07020094,0.07352810,0.03677454,0.08373965,0.03657662,0.03074837,0.04454056,0.01965679,0.04279657,0.06059152,0.11357071,0.06717766,0.04281132,0.11021174,0.09669693,0.24297729,0.04120727,0.23523048,0.04928029,0.03293998,0.02672161,0.05928757,0.06921378,0.03383759,0.02291045,0.05574749,0.03912419,0.08386467,0.07389345,0.02794736,0.09484743,0.02741728,0.11416633,0.03283309,0.02650406,0.05093503,0.08655516,0.15337935,0.18462519,0.03280413,0.05139392,0.02302872,0.04672308,1.00000000
