1311868164.4309 0.0003 0.0009 -0.0037 -0.0023 -0.0024 -0.0017 1.0000
1311868164.4631 0.0037 0.0027 -0.0073 -0.0045 -0.0033 -0.0048 1.0000
1311868164.4991 0.0055 0.0039 -0.0092 -0.0060 -0.0016 -0.0082 0.9999
1311868164.5310 0.0072 0.0032 -0.0111 -0.0065 0.0014 -0.0099 0.9999
1311868164.5630 0.0098 0.0033 -0.0142 -0.0062 0.0037 -0.0110 0.9999
1311868164.5991 0.0123 0.0041 -0.0179 -0.0050 0.0046 -0.0127 0.9999
1311868164.6311 0.0161 0.0028 -0.0229 -0.0038 0.0051 -0.0136 0.9999
1311868164.6631 0.0196 0.0035 -0.0268 -0.0030 0.0041 -0.0136 0.9999
1311868164.6990 0.0236 0.0029 -0.0304 -0.0032 0.0021 -0.0135 0.9999
1311868164.7310 0.0287 0.0021 -0.0317 -0.0032 0.0002 -0.0129 0.9999
1311868164.7631 0.0335 0.0017 -0.0358 -0.0010 -0.0013 -0.0123 0.9999
1311868164.7991 0.0384 0.0009 -0.0368 0.0015 -0.0020 -0.0127 0.9999
1311868164.8310 0.0441 -0.0006 -0.0394 0.0053 -0.0020 -0.0132 0.9999
1311868164.8631 0.0521 -0.0012 -0.0421 0.0085 -0.0014 -0.0144 0.9999
1311868164.8991 0.0583 -0.0027 -0.0446 0.0119 0.0002 -0.0150 0.9998
1311868164.9309 0.0641 -0.0020 -0.0482 0.0148 0.0015 -0.0171 0.9997
1311868164.9631 0.0688 0.0001 -0.0530 0.0148 0.0018 -0.0190 0.9997
1311868164.9990 0.0736 -0.0028 -0.0537 0.0121 0.0002 -0.0192 0.9997
1311868165.0311 0.0811 -0.0032 -0.0550 0.0120 -0.0033 -0.0189 0.9997
1311868165.0631 0.0896 -0.0025 -0.0592 0.0121 -0.0072 -0.0201 0.9997
1311868165.0992 0.0991 -0.0043 -0.0622 0.0115 -0.0106 -0.0230 0.9996
1311868165.1310 0.1078 -0.0043 -0.0644 0.0135 -0.0128 -0.0250 0.9995
1311868165.1631 0.1170 -0.0022 -0.0686 0.0161 -0.0150 -0.0284 0.9994
1311868165.1991 0.1254 -0.0004 -0.0740 0.0172 -0.0166 -0.0309 0.9992
1311868165.2312 0.1336 0.0008 -0.0793 0.0168 -0.0174 -0.0326 0.9992
1311868165.2630 0.1398 0.0033 -0.0823 0.0155 -0.0191 -0.0339 0.9991
1311868165.2991 0.1479 0.0073 -0.0866 0.0132 -0.0228 -0.0352 0.9990
1311868165.3312 0.1581 0.0088 -0.0889 0.0095 -0.0276 -0.0364 0.9989
1311868165.3631 0.1666 0.0081 -0.0913 0.0079 -0.0307 -0.0374 0.9988
1311868165.3992 0.1740 0.0104 -0.0940 0.0079 -0.0321 -0.0385 0.9987
1311868165.4310 0.1809 0.0152 -0.0984 0.0065 -0.0326 -0.0392 0.9987
1311868165.4631 0.1854 0.0171 -0.1013 0.0017 -0.0327 -0.0370 0.9988
1311868165.4992 0.1896 0.0178 -0.1034 -0.0032 -0.0340 -0.0347 0.9988
1311868165.5311 0.1959 0.0195 -0.1039 -0.0075 -0.0355 -0.0333 0.9988
1311868165.5631 0.1999 0.0192 -0.1064 -0.0109 -0.0350 -0.0320 0.9988
1311868165.5992 0.2041 0.0182 -0.1089 -0.0116 -0.0346 -0.0330 0.9988
1311868165.6312 0.2099 0.0203 -0.1131 -0.0102 -0.0338 -0.0348 0.9988
1311868165.6633 0.2168 0.0207 -0.1159 -0.0096 -0.0321 -0.0357 0.9988
1311868165.6992 0.2211 0.0219 -0.1202 -0.0081 -0.0296 -0.0363 0.9989
1311868165.7312 0.2252 0.0245 -0.1260 -0.0068 -0.0280 -0.0371 0.9989
1311868165.7631 0.2290 0.0262 -0.1325 -0.0073 -0.0256 -0.0369 0.9990
1311868165.7991 0.2300 0.0290 -0.1387 -0.0089 -0.0221 -0.0350 0.9991
1311868165.8312 0.2319 0.0299 -0.1450 -0.0113 -0.0196 -0.0342 0.9992
1311868165.8632 0.2345 0.0316 -0.1514 -0.0142 -0.0170 -0.0348 0.9992
1311868165.8992 0.2358 0.0318 -0.1559 -0.0162 -0.0135 -0.0348 0.9992
1311868165.9312 0.2360 0.0317 -0.1612 -0.0164 -0.0097 -0.0337 0.9992
1311868165.9632 0.2356 0.0330 -0.1683 -0.0159 -0.0062 -0.0330 0.9993
1311868165.9991 0.2344 0.0365 -0.1780 -0.0168 -0.0031 -0.0315 0.9994
1311868166.0312 0.2348 0.0368 -0.1868 -0.0194 0.0000 -0.0278 0.9994
1311868166.0631 0.2343 0.0421 -0.1936 -0.0220 0.0031 -0.0239 0.9995
1311868166.0992 0.2316 0.0433 -0.2014 -0.0270 0.0054 -0.0227 0.9994
1311868166.1313 0.2295 0.0472 -0.2058 -0.0296 0.0065 -0.0233 0.9993
1311868166.1632 0.2278 0.0535 -0.2128 -0.0319 0.0074 -0.0238 0.9992
1311868166.1992 0.2266 0.0566 -0.2225 -0.0363 0.0092 -0.0243 0.9990
1311868166.2311 0.2262 0.0593 -0.2279 -0.0402 0.0111 -0.0233 0.9989
1311868166.2632 0.2258 0.0639 -0.2370 -0.0441 0.0136 -0.0217 0.9987
1311868166.2992 0.2260 0.0690 -0.2448 -0.0487 0.0167 -0.0180 0.9985
1311868166.3312 0.2280 0.0763 -0.2462 -0.0537 0.0183 -0.0154 0.9983
1311868166.3631 0.2273 0.0811 -0.2523 -0.0584 0.0187 -0.0157 0.9980
1311868166.3992 0.2282 0.0837 -0.2572 -0.0622 0.0190 -0.0164 0.9978
1311868166.4312 0.2315 0.0885 -0.2627 -0.0639 0.0201 -0.0182 0.9976
1311868166.4630 0.2355 0.0902 -0.2696 -0.0659 0.0224 -0.0191 0.9974
1311868166.4992 0.2360 0.0938 -0.2720 -0.0662 0.0265 -0.0188 0.9973
1311868166.5313 0.2394 0.0962 -0.2746 -0.0666 0.0282 -0.0188 0.9972
1311868166.5631 0.2428 0.0980 -0.2784 -0.0660 0.0288 -0.0193 0.9972
1311868166.5992 0.2448 0.0993 -0.2842 -0.0653 0.0291 -0.0197 0.9972
1311868166.6313 0.2472 0.0998 -0.2878 -0.0651 0.0288 -0.0194 0.9973
1311868166.6633 0.2540 0.1003 -0.2913 -0.0645 0.0279 -0.0188 0.9973
1311868166.6993 0.2611 0.0997 -0.2963 -0.0641 0.0270 -0.0170 0.9974
1311868166.7311 0.2635 0.1004 -0.2981 -0.0632 0.0271 -0.0159 0.9975
1311868166.7633 0.2714 0.1007 -0.3018 -0.0615 0.0253 -0.0151 0.9977
1311868166.7992 0.2755 0.1018 -0.3035 -0.0598 0.0241 -0.0157 0.9978
1311868166.8312 0.2833 0.1015 -0.3065 -0.0588 0.0219 -0.0165 0.9979
1311868166.8632 0.2922 0.1037 -0.3091 -0.0573 0.0189 -0.0176 0.9980
1311868166.8993 0.3030 0.1017 -0.3095 -0.0562 0.0157 -0.0203 0.9981
1311868166.9312 0.3138 0.0996 -0.3128 -0.0550 0.0134 -0.0222 0.9981
1311868166.9633 0.3267 0.1004 -0.3134 -0.0531 0.0104 -0.0247 0.9982
1311868166.9993 0.3387 0.1018 -0.3130 -0.0513 0.0071 -0.0282 0.9983
1311868167.0311 0.3505 0.1020 -0.3134 -0.0511 0.0027 -0.0312 0.9982
1311868167.0632 0.3636 0.1027 -0.3135 -0.0510 -0.0022 -0.0346 0.9981
1311868167.0993 0.3753 0.1026 -0.3131 -0.0509 -0.0064 -0.0369 0.9980
1311868167.1632 0.3956 0.1013 -0.3134 -0.0508 -0.0143 -0.0417 0.9977
1311868167.1993 0.4066 0.1001 -0.3117 -0.0494 -0.0189 -0.0447 0.9976
1311868167.2313 0.4191 0.1019 -0.3120 -0.0471 -0.0245 -0.0479 0.9974
1311868167.2633 0.4316 0.0998 -0.3132 -0.0466 -0.0300 -0.0514 0.9971
1311868167.2991 0.4441 0.0988 -0.3145 -0.0453 -0.0340 -0.0540 0.9969
1311868167.3311 0.4527 0.0991 -0.3166 -0.0447 -0.0359 -0.0557 0.9968
1311868167.3633 0.4614 0.0985 -0.3191 -0.0449 -0.0376 -0.0576 0.9966
1311868167.3992 0.4690 0.0984 -0.3186 -0.0453 -0.0390 -0.0583 0.9965
1311868167.4312 0.4772 0.0984 -0.3177 -0.0458 -0.0412 -0.0587 0.9964
1311868167.4633 0.4846 0.0980 -0.3186 -0.0462 -0.0437 -0.0580 0.9963
1311868167.4991 0.4922 0.0971 -0.3170 -0.0463 -0.0465 -0.0587 0.9961
1311868167.5313 0.5000 0.0963 -0.3186 -0.0455 -0.0487 -0.0599 0.9960
1311868167.5632 0.5067 0.0967 -0.3191 -0.0449 -0.0494 -0.0603 0.9959
1311868167.5992 0.5139 0.0967 -0.3195 -0.0447 -0.0503 -0.0603 0.9959
1311868167.6315 0.5175 0.0960 -0.3177 -0.0450 -0.0511 -0.0603 0.9959
1311868167.6634 0.5229 0.0956 -0.3186 -0.0451 -0.0526 -0.0604 0.9958
1311868167.6992 0.5255 0.0951 -0.3197 -0.0461 -0.0533 -0.0609 0.9957
1311868167.7312 0.5318 0.0970 -0.3156 -0.0480 -0.0548 -0.0614 0.9954
1311868167.7633 0.5339 0.0940 -0.3160 -0.0498 -0.0549 -0.0619 0.9953
1311868167.7992 0.5394 0.0925 -0.3135 -0.0515 -0.0558 -0.0617 0.9952
1311868167.8631 0.5458 0.0908 -0.3072 -0.0530 -0.0551 -0.0617 0.9952
1311868167.8994 0.5493 0.0875 -0.3033 -0.0520 -0.0545 -0.0590 0.9954
1311868167.9312 0.5519 0.0860 -0.3014 -0.0500 -0.0551 -0.0563 0.9956
1311868167.9993 0.5600 0.0830 -0.2982 -0.0490 -0.0568 -0.0520 0.9958
1311868168.0313 0.5620 0.0806 -0.2945 -0.0494 -0.0571 -0.0500 0.9959
1311868168.0632 0.5655 0.0771 -0.2915 -0.0500 -0.0574 -0.0498 0.9959
1311868168.0993 0.5665 0.0735 -0.2870 -0.0494 -0.0568 -0.0500 0.9959
1311868168.1312 0.5676 0.0726 -0.2817 -0.0478 -0.0567 -0.0507 0.9960
1311868168.1633 0.5699 0.0726 -0.2776 -0.0462 -0.0570 -0.0518 0.9960
1311868168.1992 0.5708 0.0718 -0.2727 -0.0451 -0.0573 -0.0536 0.9959
1311868168.2633 0.5727 0.0683 -0.2630 -0.0463 -0.0578 -0.0567 0.9956
1311868168.2996 0.5730 0.0646 -0.2569 -0.0481 -0.0589 -0.0571 0.9955
1311868168.3312 0.5707 0.0644 -0.2485 -0.0491 -0.0599 -0.0583 0.9953
1311868168.3632 0.5698 0.0564 -0.2411 -0.0513 -0.0612 -0.0588 0.9951
1311868168.3994 0.5682 0.0509 -0.2326 -0.0500 -0.0622 -0.0602 0.9950
1311868168.4312 0.5676 0.0448 -0.2272 -0.0475 -0.0634 -0.0626 0.9949
1311868168.4633 0.5666 0.0377 -0.2199 -0.0443 -0.0636 -0.0642 0.9949
1311868168.4993 0.5654 0.0299 -0.2116 -0.0404 -0.0640 -0.0644 0.9950
1311868168.5633 0.5611 0.0262 -0.2024 -0.0333 -0.0666 -0.0639 0.9952
1311868168.5994 0.5587 0.0250 -0.1947 -0.0330 -0.0680 -0.0628 0.9952
1311868168.6633 0.5566 0.0178 -0.1829 -0.0313 -0.0702 -0.0633 0.9950
1311868168.6996 0.5565 0.0167 -0.1780 -0.0302 -0.0699 -0.0641 0.9950
1311868168.7633 0.5558 0.0169 -0.1659 -0.0294 -0.0706 -0.0627 0.9951
1311868168.7994 0.5533 0.0162 -0.1600 -0.0302 -0.0719 -0.0619 0.9950
1311868168.8312 0.5509 0.0157 -0.1544 -0.0306 -0.0736 -0.0612 0.9949
1311868168.8993 0.5504 0.0114 -0.1434 -0.0282 -0.0777 -0.0648 0.9945
1311868168.9312 0.5509 0.0061 -0.1365 -0.0263 -0.0794 -0.0676 0.9942
1311868168.9633 0.5512 0.0028 -0.1312 -0.0237 -0.0816 -0.0702 0.9939
1311868168.9994 0.5494 -0.0003 -0.1263 -0.0210 -0.0844 -0.0728 0.9936
1311868169.0312 0.5501 -0.0053 -0.1208 -0.0189 -0.0880 -0.0746 0.9931
1311868169.0634 0.5505 -0.0091 -0.1151 -0.0164 -0.0916 -0.0756 0.9928
1311868169.0993 0.5518 -0.0129 -0.1087 -0.0133 -0.0955 -0.0767 0.9924
1311868169.1312 0.5523 -0.0159 -0.1044 -0.0097 -0.0993 -0.0789 0.9919
1311868169.1995 0.5558 -0.0219 -0.0887 -0.0039 -0.1099 -0.0855 0.9902
1311868169.2314 0.5583 -0.0263 -0.0820 -0.0012 -0.1160 -0.0890 0.9893
1311868169.2633 0.5611 -0.0307 -0.0756 0.0011 -0.1219 -0.0919 0.9883
1311868169.2995 0.5621 -0.0350 -0.0668 0.0035 -0.1273 -0.0960 0.9872
1311868169.3313 0.5650 -0.0411 -0.0587 0.0069 -0.1332 -0.1008 0.9859
1311868169.3635 0.5681 -0.0469 -0.0514 0.0110 -0.1389 -0.1059 0.9846
1311868169.3994 0.5706 -0.0521 -0.0440 0.0153 -0.1451 -0.1110 0.9831
1311868169.4314 0.5739 -0.0585 -0.0373 0.0184 -0.1520 -0.1148 0.9815
1311868169.4632 0.5771 -0.0648 -0.0306 0.0216 -0.1587 -0.1184 0.9800
1311868169.4993 0.5814 -0.0718 -0.0260 0.0244 -0.1645 -0.1234 0.9783
1311868169.5314 0.5864 -0.0801 -0.0216 0.0274 -0.1686 -0.1282 0.9769
1311868169.5635 0.5908 -0.0881 -0.0162 0.0311 -0.1714 -0.1329 0.9757
1311868169.5994 0.5940 -0.0925 -0.0105 0.0362 -0.1733 -0.1365 0.9747
1311868169.6313 0.5967 -0.0960 -0.0059 0.0400 -0.1768 -0.1397 0.9734
1311868169.6632 0.5999 -0.1000 -0.0026 0.0428 -0.1824 -0.1422 0.9719
1311868169.6995 0.6042 -0.1041 0.0003 0.0444 -0.1885 -0.1447 0.9703
1311868169.7313 0.6114 -0.1092 0.0011 0.0456 -0.1934 -0.1470 0.9690
1311868169.7634 0.6175 -0.1147 0.0049 0.0463 -0.1956 -0.1477 0.9684
1311868169.7994 0.6203 -0.1179 0.0082 0.0487 -0.1966 -0.1464 0.9683
1311868169.8314 0.6238 -0.1196 0.0105 0.0502 -0.1983 -0.1466 0.9678
1311868169.8634 0.6283 -0.1220 0.0128 0.0503 -0.2000 -0.1471 0.9674
1311868169.8994 0.6327 -0.1244 0.0152 0.0507 -0.2014 -0.1464 0.9672
1311868169.9313 0.6386 -0.1271 0.0159 0.0501 -0.2018 -0.1456 0.9673
1311868169.9634 0.6436 -0.1330 0.0205 0.0499 -0.2013 -0.1442 0.9676
1311868169.9994 0.6468 -0.1368 0.0211 0.0520 -0.2000 -0.1399 0.9683
1311868170.0313 0.6526 -0.1371 0.0194 0.0533 -0.2004 -0.1345 0.9690
1311868170.0635 0.6555 -0.1393 0.0195 0.0525 -0.2017 -0.1324 0.9690
1311868170.0994 0.6589 -0.1447 0.0188 0.0534 -0.2043 -0.1296 0.9688
1311868170.1313 0.6669 -0.1468 0.0145 0.0558 -0.2068 -0.1271 0.9685
1311868170.1634 0.6742 -0.1468 0.0106 0.0577 -0.2074 -0.1266 0.9683
1311868170.1993 0.6799 -0.1471 0.0078 0.0580 -0.2073 -0.1247 0.9686
1311868170.2315 0.6857 -0.1472 0.0034 0.0576 -0.2073 -0.1214 0.9690
1311868170.2635 0.6916 -0.1457 -0.0011 0.0564 -0.2077 -0.1193 0.9692
1311868170.2994 0.6959 -0.1470 -0.0047 0.0550 -0.2079 -0.1212 0.9690
1311868170.3313 0.7033 -0.1449 -0.0108 0.0553 -0.2077 -0.1235 0.9688
1311868170.3634 0.7088 -0.1409 -0.0179 0.0551 -0.2067 -0.1258 0.9687
1311868170.3994 0.7131 -0.1368 -0.0235 0.0541 -0.2061 -0.1291 0.9685
1311868170.4313 0.7165 -0.1338 -0.0292 0.0533 -0.2067 -0.1322 0.9680
1311868170.4634 0.7233 -0.1303 -0.0354 0.0521 -0.2084 -0.1356 0.9672
1311868170.4995 0.7289 -0.1271 -0.0410 0.0510 -0.2089 -0.1380 0.9668
1311868170.5315 0.7343 -0.1238 -0.0468 0.0497 -0.2092 -0.1382 0.9668
1311868170.5633 0.7394 -0.1219 -0.0514 0.0491 -0.2096 -0.1377 0.9668
1311868170.5993 0.7452 -0.1180 -0.0587 0.0487 -0.2098 -0.1386 0.9666
1311868170.6315 0.7519 -0.1161 -0.0637 0.0467 -0.2098 -0.1398 0.9666
1311868170.6634 0.7605 -0.1141 -0.0683 0.0451 -0.2093 -0.1386 0.9669
1311868170.6994 0.7658 -0.1114 -0.0719 0.0427 -0.2085 -0.1374 0.9674
1311868170.7314 0.7697 -0.1095 -0.0748 0.0401 -0.2090 -0.1368 0.9675
1311868170.7635 0.7764 -0.1091 -0.0771 0.0370 -0.2105 -0.1360 0.9674
1311868170.7994 0.7807 -0.1099 -0.0800 0.0355 -0.2113 -0.1354 0.9673
1311868170.8313 0.7852 -0.1091 -0.0832 0.0350 -0.2117 -0.1357 0.9672
1311868170.8634 0.7910 -0.1081 -0.0876 0.0344 -0.2124 -0.1356 0.9671
1311868170.8994 0.7977 -0.1087 -0.0897 0.0337 -0.2125 -0.1349 0.9672
1311868170.9314 0.8044 -0.1101 -0.0915 0.0340 -0.2120 -0.1351 0.9673
1311868170.9634 0.8111 -0.1109 -0.0902 0.0365 -0.2104 -0.1383 0.9671
1311868170.9995 0.8138 -0.1080 -0.0939 0.0400 -0.2094 -0.1383 0.9672
1311868171.0315 0.8197 -0.1048 -0.0991 0.0398 -0.2119 -0.1382 0.9666
1311868171.0634 0.8251 -0.1035 -0.1009 0.0379 -0.2152 -0.1400 0.9657
1311868171.0994 0.8318 -0.1046 -0.1018 0.0363 -0.2181 -0.1406 0.9651
1311868171.1315 0.8390 -0.1061 -0.1034 0.0353 -0.2200 -0.1412 0.9646
1311868171.1634 0.8442 -0.1048 -0.1053 0.0349 -0.2204 -0.1421 0.9644
1311868171.1994 0.8484 -0.1048 -0.1043 0.0350 -0.2206 -0.1427 0.9642
1311868171.2314 0.8533 -0.1034 -0.1054 0.0354 -0.2214 -0.1437 0.9639
1311868171.2634 0.8586 -0.1033 -0.1048 0.0348 -0.2228 -0.1458 0.9633
1311868171.2994 0.8644 -0.1038 -0.1036 0.0346 -0.2249 -0.1475 0.9625
1311868171.3314 0.8712 -0.1026 -0.1047 0.0343 -0.2275 -0.1494 0.9616
1311868171.3635 0.8768 -0.1034 -0.1037 0.0336 -0.2297 -0.1528 0.9606
1311868171.3994 0.8849 -0.1035 -0.1039 0.0338 -0.2322 -0.1567 0.9594
1311868171.4635 0.8992 -0.1025 -0.1044 0.0334 -0.2365 -0.1611 0.9576
1311868171.4995 0.9066 -0.1014 -0.1029 0.0325 -0.2395 -0.1646 0.9563
1311868171.5315 0.9168 -0.1037 -0.1042 0.0320 -0.2421 -0.1683 0.9550
1311868171.5634 0.9253 -0.1041 -0.1034 0.0320 -0.2430 -0.1707 0.9543
1311868171.5995 0.9343 -0.1040 -0.1042 0.0318 -0.2438 -0.1721 0.9539
1311868171.6315 0.9407 -0.1026 -0.1031 0.0314 -0.2446 -0.1736 0.9534
1311868171.6634 0.9481 -0.1011 -0.1027 0.0308 -0.2464 -0.1761 0.9525
1311868171.6994 0.9563 -0.1009 -0.1015 0.0293 -0.2484 -0.1795 0.9514
1311868171.7315 0.9653 -0.0992 -0.1010 0.0284 -0.2497 -0.1820 0.9507
1311868171.7635 0.9721 -0.0977 -0.0987 0.0275 -0.2503 -0.1846 0.9500
1311868171.7995 0.9811 -0.0942 -0.0987 0.0264 -0.2509 -0.1872 0.9494
1311868171.8314 0.9899 -0.0929 -0.0972 0.0243 -0.2506 -0.1896 0.9490
1311868171.8996 1.0046 -0.0890 -0.0897 0.0190 -0.2507 -0.1926 0.9485
1311868171.9315 1.0102 -0.0879 -0.0848 0.0164 -0.2516 -0.1941 0.9480
1311868171.9996 1.0260 -0.0876 -0.0798 0.0124 -0.2526 -0.1972 0.9472
1311868172.0315 1.0330 -0.0858 -0.0772 0.0113 -0.2520 -0.1985 0.9471
1311868172.0634 1.0380 -0.0830 -0.0742 0.0099 -0.2520 -0.1985 0.9471
1311868172.0995 1.0441 -0.0812 -0.0725 0.0069 -0.2529 -0.1986 0.9469
1311868172.1315 1.0512 -0.0804 -0.0692 0.0040 -0.2537 -0.1985 0.9467
1311868172.1636 1.0572 -0.0803 -0.0669 0.0009 -0.2537 -0.1988 0.9466
1311868172.1998 1.0633 -0.0801 -0.0624 -0.0018 -0.2534 -0.1994 0.9466
1311868172.2635 1.0759 -0.0798 -0.0570 -0.0051 -0.2527 -0.2020 0.9462
1311868172.2995 1.0804 -0.0779 -0.0536 -0.0071 -0.2520 -0.2032 0.9461
1311868172.3635 1.0908 -0.0750 -0.0483 -0.0128 -0.2517 -0.2070 0.9453
1311868172.3995 1.0969 -0.0756 -0.0454 -0.0160 -0.2511 -0.2087 0.9451
1311868172.4635 1.1075 -0.0733 -0.0386 -0.0210 -0.2466 -0.2125 0.9453
1311868172.4995 1.1117 -0.0717 -0.0330 -0.0232 -0.2444 -0.2148 0.9453
1311868172.5636 1.1191 -0.0670 -0.0246 -0.0279 -0.2404 -0.2158 0.9460
1311868172.5996 1.1235 -0.0656 -0.0187 -0.0310 -0.2394 -0.2161 0.9461
1311868172.6316 1.1282 -0.0642 -0.0137 -0.0340 -0.2382 -0.2168 0.9461
1311868172.6636 1.1326 -0.0636 -0.0086 -0.0375 -0.2364 -0.2166 0.9465
1311868172.6996 1.1367 -0.0624 -0.0025 -0.0419 -0.2342 -0.2155 0.9471
1311868172.7635 1.1441 -0.0605 0.0139 -0.0524 -0.2298 -0.2145 0.9479
1311868172.7996 1.1469 -0.0601 0.0248 -0.0571 -0.2276 -0.2149 0.9480
1311868172.8635 1.1498 -0.0585 0.0443 -0.0641 -0.2245 -0.2173 0.9478
1311868172.8995 1.1484 -0.0565 0.0543 -0.0667 -0.2238 -0.2183 0.9475
1311868172.9316 1.1524 -0.0603 0.0634 -0.0696 -0.2249 -0.2192 0.9468
1311868172.9636 1.1514 -0.0612 0.0736 -0.0713 -0.2245 -0.2202 0.9466
1311868172.9996 1.1521 -0.0649 0.0836 -0.0717 -0.2245 -0.2217 0.9462
1311868173.0675 1.1565 -0.0720 0.0968 -0.0724 -0.2217 -0.2250 0.9460
1311868173.0996 1.1572 -0.0757 0.1042 -0.0730 -0.2202 -0.2254 0.9462
1311868173.1315 1.1591 -0.0779 0.1115 -0.0742 -0.2200 -0.2263 0.9460
1311868173.1675 1.1574 -0.0834 0.1210 -0.0760 -0.2198 -0.2286 0.9453
1311868173.1996 1.1549 -0.0864 0.1300 -0.0744 -0.2196 -0.2313 0.9449
1311868173.2315 1.1573 -0.0939 0.1343 -0.0723 -0.2203 -0.2350 0.9439
1311868173.2677 1.1598 -0.1000 0.1398 -0.0699 -0.2200 -0.2364 0.9438
1311868173.2997 1.1597 -0.1028 0.1425 -0.0678 -0.2184 -0.2338 0.9450
1311868173.3315 1.1623 -0.1056 0.1466 -0.0675 -0.2192 -0.2309 0.9455
1311868173.3677 1.1620 -0.1077 0.1523 -0.0679 -0.2206 -0.2296 0.9455
1311868173.3996 1.1625 -0.1120 0.1585 -0.0679 -0.2224 -0.2295 0.9451
1311868173.4316 1.1671 -0.1179 0.1624 -0.0670 -0.2240 -0.2299 0.9447
1311868173.4676 1.1678 -0.1208 0.1676 -0.0659 -0.2238 -0.2295 0.9449
1311868173.5316 1.1751 -0.1256 0.1767 -0.0646 -0.2259 -0.2261 0.9453
1311868173.5676 1.1771 -0.1283 0.1820 -0.0660 -0.2271 -0.2255 0.9451
1311868173.6316 1.1808 -0.1316 0.1929 -0.0670 -0.2287 -0.2256 0.9446
1311868173.6680 1.1824 -0.1360 0.1994 -0.0672 -0.2300 -0.2263 0.9441
1311868173.6997 1.1827 -0.1365 0.2059 -0.0665 -0.2318 -0.2259 0.9438
1311868173.7316 1.1848 -0.1396 0.2120 -0.0659 -0.2353 -0.2272 0.9427
1311868173.7676 1.1873 -0.1441 0.2177 -0.0652 -0.2393 -0.2295 0.9412
1311868173.7995 1.1891 -0.1494 0.2241 -0.0634 -0.2430 -0.2310 0.9400
1311868173.8316 1.1928 -0.1549 0.2300 -0.0614 -0.2481 -0.2320 0.9385
1311868173.8675 1.1965 -0.1588 0.2352 -0.0592 -0.2543 -0.2353 0.9362
1311868173.9316 1.2056 -0.1715 0.2430 -0.0537 -0.2650 -0.2454 0.9310
1311868173.9676 1.2090 -0.1762 0.2476 -0.0497 -0.2694 -0.2504 0.9286
1311868173.9997 1.2135 -0.1799 0.2506 -0.0453 -0.2742 -0.2560 0.9259
1311868174.0317 1.2188 -0.1850 0.2524 -0.0424 -0.2790 -0.2606 0.9233
1311868174.0677 1.2237 -0.1903 0.2569 -0.0407 -0.2834 -0.2630 0.9213
1311868174.0995 1.2299 -0.1964 0.2603 -0.0400 -0.2878 -0.2646 0.9196
1311868174.1317 1.2373 -0.2029 0.2653 -0.0397 -0.2917 -0.2669 0.9177
1311868174.1679 1.2423 -0.2125 0.2727 -0.0387 -0.2945 -0.2695 0.9160
1311868174.2316 1.2521 -0.2196 0.2809 -0.0340 -0.2977 -0.2723 0.9144
1311868174.2678 1.2560 -0.2217 0.2835 -0.0315 -0.2992 -0.2748 0.9132
1311868174.2997 1.2622 -0.2260 0.2870 -0.0300 -0.3015 -0.2768 0.9119
1311868174.3318 1.2664 -0.2279 0.2898 -0.0293 -0.3034 -0.2783 0.9108
1311868174.3680 1.2717 -0.2317 0.2942 -0.0294 -0.3060 -0.2795 0.9096
1311868174.3997 1.2758 -0.2344 0.2967 -0.0291 -0.3080 -0.2810 0.9085
1311868174.4318 1.2795 -0.2376 0.3006 -0.0291 -0.3099 -0.2821 0.9075
1311868174.4676 1.2817 -0.2375 0.3058 -0.0285 -0.3123 -0.2824 0.9066
1311868174.4997 1.2818 -0.2360 0.3085 -0.0274 -0.3149 -0.2836 0.9053
1311868174.5317 1.2842 -0.2385 0.3106 -0.0274 -0.3181 -0.2853 0.9037
1311868174.5676 1.2903 -0.2464 0.3186 -0.0286 -0.3224 -0.2848 0.9023
1311868174.5997 1.2921 -0.2488 0.3214 -0.0288 -0.3245 -0.2840 0.9018
1311868174.6318 1.2937 -0.2518 0.3257 -0.0288 -0.3262 -0.2820 0.9018
1311868174.6678 1.2933 -0.2548 0.3297 -0.0286 -0.3273 -0.2798 0.9021
1311868174.6996 1.2928 -0.2566 0.3332 -0.0278 -0.3287 -0.2775 0.9023
1311868174.7316 1.2915 -0.2638 0.3399 -0.0268 -0.3308 -0.2768 0.9018
1311868174.7677 1.2908 -0.2681 0.3424 -0.0237 -0.3321 -0.2764 0.9015
1311868174.7998 1.2901 -0.2707 0.3450 -0.0201 -0.3332 -0.2749 0.9017
1311868174.8318 1.2885 -0.2758 0.3485 -0.0176 -0.3345 -0.2734 0.9017
1311868174.8678 1.2874 -0.2809 0.3514 -0.0146 -0.3358 -0.2727 0.9015
1311868174.8997 1.2875 -0.2881 0.3557 -0.0117 -0.3367 -0.2720 0.9014
1311868174.9318 1.2835 -0.2942 0.3588 -0.0085 -0.3354 -0.2713 0.9021
1311868174.9677 1.2797 -0.2953 0.3616 -0.0040 -0.3340 -0.2691 0.9033
1311868174.9998 1.2766 -0.2982 0.3662 -0.0005 -0.3338 -0.2678 0.9038
1311868175.0317 1.2722 -0.3036 0.3704 0.0029 -0.3342 -0.2681 0.9036
1311868175.0677 1.2685 -0.3086 0.3744 0.0070 -0.3341 -0.2688 0.9034
1311868175.0996 1.2646 -0.3128 0.3778 0.0102 -0.3340 -0.2686 0.9034
1311868175.1317 1.2567 -0.3187 0.3840 0.0140 -0.3347 -0.2684 0.9032
1311868175.1678 1.2474 -0.3274 0.3901 0.0197 -0.3361 -0.2691 0.9024
1311868175.1996 1.2396 -0.3392 0.3941 0.0293 -0.3374 -0.2706 0.9012
1311868175.2318 1.2368 -0.3466 0.3970 0.0418 -0.3384 -0.2695 0.9006
1311868175.2678 1.2332 -0.3492 0.4001 0.0525 -0.3393 -0.2656 0.9009
1311868175.3000 1.2302 -0.3484 0.4036 0.0597 -0.3418 -0.2596 0.9012
1311868175.3319 1.2282 -0.3481 0.4066 0.0617 -0.3460 -0.2537 0.9012
1311868175.3677 1.2250 -0.3549 0.4120 0.0604 -0.3510 -0.2491 0.9006
1311868175.4000 1.2208 -0.3610 0.4177 0.0610 -0.3547 -0.2457 0.9001
1311868175.4320 1.2177 -0.3668 0.4234 0.0632 -0.3573 -0.2423 0.8998
1311868175.4677 1.2148 -0.3754 0.4295 0.0664 -0.3591 -0.2391 0.8997
1311868175.4998 1.2132 -0.3795 0.4362 0.0719 -0.3605 -0.2355 0.8997
1311868175.5318 1.2120 -0.3819 0.4401 0.0756 -0.3619 -0.2320 0.8997
1311868175.5678 1.2082 -0.3819 0.4450 0.0776 -0.3640 -0.2282 0.8997
1311868175.5999 1.2083 -0.3874 0.4515 0.0774 -0.3686 -0.2256 0.8985
1311868175.6318 1.2083 -0.3952 0.4580 0.0785 -0.3723 -0.2258 0.8968
1311868175.6677 1.2086 -0.4016 0.4631 0.0817 -0.3742 -0.2259 0.8957
1311868175.6998 1.2088 -0.4074 0.4687 0.0854 -0.3753 -0.2250 0.8951
1311868175.7317 1.2092 -0.4102 0.4721 0.0890 -0.3764 -0.2244 0.8945
1311868175.7676 1.2090 -0.4154 0.4775 0.0914 -0.3788 -0.2247 0.8931
1311868175.7998 1.2110 -0.4225 0.4816 0.0932 -0.3822 -0.2247 0.8915
1311868175.8318 1.2129 -0.4262 0.4869 0.0945 -0.3858 -0.2253 0.8897
1311868175.8677 1.2153 -0.4339 0.4914 0.0955 -0.3897 -0.2262 0.8876
1311868175.8997 1.2184 -0.4406 0.4979 0.0970 -0.3938 -0.2271 0.8854
1311868175.9316 1.2220 -0.4459 0.5033 0.0985 -0.3975 -0.2286 0.8832
1311868175.9679 1.2246 -0.4494 0.5067 0.0999 -0.4010 -0.2309 0.8809
1311868175.9999 1.2278 -0.4528 0.5111 0.1002 -0.4053 -0.2329 0.8783
1311868176.0320 1.2320 -0.4571 0.5159 0.1002 -0.4100 -0.2363 0.8752
1311868176.0679 1.2381 -0.4630 0.5220 0.1009 -0.4146 -0.2413 0.8716
1311868176.0998 1.2434 -0.4673 0.5278 0.1019 -0.4184 -0.2467 0.8681
1311868176.1317 1.2473 -0.4735 0.5336 0.1023 -0.4218 -0.2518 0.8650
1311868176.1680 1.2532 -0.4771 0.5400 0.1035 -0.4254 -0.2562 0.8618
1311868176.1999 1.2605 -0.4824 0.5470 0.1032 -0.4285 -0.2596 0.8593
1311868176.2319 1.2683 -0.4866 0.5533 0.1016 -0.4312 -0.2624 0.8573
1311868176.2678 1.2753 -0.4905 0.5602 0.0990 -0.4336 -0.2650 0.8556
1311868176.2998 1.2807 -0.4948 0.5673 0.0970 -0.4352 -0.2686 0.8538
1311868176.3319 1.2877 -0.4989 0.5748 0.0954 -0.4360 -0.2725 0.8524
1311868176.3678 1.2940 -0.5001 0.5810 0.0942 -0.4358 -0.2756 0.8516
1311868176.3999 1.2986 -0.5010 0.5892 0.0913 -0.4359 -0.2775 0.8513
1311868176.4317 1.3037 -0.5022 0.5963 0.0873 -0.4360 -0.2794 0.8510
1311868176.4679 1.3082 -0.5038 0.6042 0.0828 -0.4360 -0.2813 0.8509
1311868176.4998 1.3115 -0.5069 0.6106 0.0790 -0.4354 -0.2828 0.8510
1311868176.5319 1.3155 -0.5082 0.6179 0.0761 -0.4351 -0.2843 0.8509
1311868176.5678 1.3194 -0.5100 0.6237 0.0742 -0.4350 -0.2871 0.8502
1311868176.6021 1.3217 -0.5111 0.6280 0.0731 -0.4347 -0.2896 0.8496
1311868176.6317 1.3261 -0.5093 0.6335 0.0709 -0.4352 -0.2897 0.8495
1311868176.6678 1.3276 -0.5126 0.6378 0.0673 -0.4357 -0.2895 0.8496
1311868176.6998 1.3311 -0.5123 0.6433 0.0650 -0.4366 -0.2884 0.8497
1311868176.7318 1.3328 -0.5164 0.6485 0.0626 -0.4369 -0.2888 0.8496
1311868176.7678 1.3329 -0.5202 0.6522 0.0626 -0.4369 -0.2894 0.8494
1311868176.7997 1.3358 -0.5211 0.6551 0.0642 -0.4372 -0.2900 0.8489
1311868176.8319 1.3379 -0.5232 0.6589 0.0643 -0.4373 -0.2902 0.8488
1311868176.8678 1.3396 -0.5241 0.6640 0.0634 -0.4376 -0.2896 0.8489
1311868176.8998 1.3399 -0.5285 0.6712 0.0616 -0.4374 -0.2894 0.8492
1311868176.9318 1.3404 -0.5318 0.6769 0.0611 -0.4361 -0.2893 0.8500
1311868176.9679 1.3396 -0.5330 0.6822 0.0618 -0.4347 -0.2899 0.8504
1311868176.9999 1.3401 -0.5345 0.6882 0.0624 -0.4344 -0.2910 0.8501
1311868177.0320 1.3392 -0.5347 0.6929 0.0620 -0.4338 -0.2923 0.8500
1311868177.0679 1.3371 -0.5349 0.6982 0.0608 -0.4335 -0.2936 0.8498
1311868177.0997 1.3329 -0.5376 0.7048 0.0599 -0.4330 -0.2962 0.8492
1311868177.1319 1.3319 -0.5425 0.7129 0.0601 -0.4319 -0.2981 0.8491
1311868177.1681 1.3286 -0.5459 0.7191 0.0620 -0.4296 -0.3003 0.8494
1311868177.1999 1.3252 -0.5493 0.7243 0.0643 -0.4269 -0.3024 0.8498
1311868177.2319 1.3238 -0.5515 0.7298 0.0660 -0.4250 -0.3038 0.8501
1311868177.2678 1.3214 -0.5523 0.7356 0.0665 -0.4238 -0.3041 0.8506
1311868177.2999 1.3172 -0.5535 0.7413 0.0649 -0.4237 -0.3045 0.8506
1311868177.3317 1.3129 -0.5565 0.7470 0.0636 -0.4242 -0.3057 0.8500
1311868177.3679 1.3101 -0.5609 0.7538 0.0630 -0.4248 -0.3064 0.8495
1311868177.4000 1.3066 -0.5682 0.7611 0.0648 -0.4244 -0.3081 0.8490
1311868177.4318 1.3051 -0.5708 0.7663 0.0686 -0.4226 -0.3096 0.8490
1311868177.4678 1.3046 -0.5727 0.7712 0.0697 -0.4206 -0.3090 0.8501
1311868177.4998 1.3045 -0.5706 0.7764 0.0686 -0.4190 -0.3066 0.8519
1311868177.5318 1.3050 -0.5678 0.7832 0.0645 -0.4189 -0.3062 0.8524
1311868177.5679 1.3024 -0.5706 0.7899 0.0588 -0.4187 -0.3085 0.8521
1311868177.5997 1.3004 -0.5717 0.7964 0.0553 -0.4181 -0.3110 0.8517
1311868177.6321 1.2987 -0.5747 0.8037 0.0543 -0.4171 -0.3147 0.8509
1311868177.6679 1.2990 -0.5754 0.8104 0.0548 -0.4156 -0.3179 0.8504
1311868177.6999 1.2979 -0.5782 0.8158 0.0547 -0.4142 -0.3197 0.8504
1311868177.7320 1.2994 -0.5758 0.8202 0.0535 -0.4142 -0.3199 0.8504
1311868177.7679 1.2991 -0.5775 0.8254 0.0503 -0.4157 -0.3205 0.8497
1311868177.7999 1.2975 -0.5792 0.8307 0.0479 -0.4187 -0.3211 0.8481
1311868177.8320 1.3005 -0.5799 0.8361 0.0469 -0.4233 -0.3227 0.8453
1311868177.8678 1.3032 -0.5839 0.8423 0.0458 -0.4274 -0.3255 0.8422
1311868177.8999 1.3075 -0.5861 0.8489 0.0454 -0.4308 -0.3274 0.8397
1311868177.9319 1.3123 -0.5878 0.8544 0.0455 -0.4341 -0.3302 0.8370
1311868177.9679 1.3146 -0.5911 0.8598 0.0448 -0.4373 -0.3350 0.8334
1311868178.0001 1.3193 -0.5925 0.8642 0.0448 -0.4409 -0.3384 0.8301
1311868178.0320 1.3241 -0.5917 0.8682 0.0435 -0.4452 -0.3416 0.8266
1311868178.0680 1.3277 -0.5927 0.8738 0.0409 -0.4500 -0.3453 0.8225
1311868178.1000 1.3334 -0.5956 0.8792 0.0387 -0.4551 -0.3497 0.8180
1311868178.1320 1.3393 -0.6006 0.8842 0.0382 -0.4595 -0.3554 0.8131
1311868178.1680 1.3448 -0.6050 0.8893 0.0389 -0.4625 -0.3594 0.8096
1311868178.1999 1.3511 -0.6095 0.8942 0.0399 -0.4640 -0.3628 0.8071
1311868178.2320 1.3572 -0.6144 0.8990 0.0425 -0.4640 -0.3659 0.8056
1311868178.2680 1.3630 -0.6171 0.9031 0.0457 -0.4628 -0.3684 0.8050
1311868178.2998 1.3697 -0.6163 0.9052 0.0484 -0.4621 -0.3707 0.8042
1311868178.3322 1.3751 -0.6146 0.9074 0.0488 -0.4632 -0.3721 0.8029
1311868178.3680 1.3810 -0.6125 0.9099 0.0469 -0.4657 -0.3741 0.8006
1311868178.4001 1.3856 -0.6137 0.9119 0.0423 -0.4685 -0.3759 0.7984
1311868178.4322 1.3890 -0.6149 0.9139 0.0381 -0.4714 -0.3762 0.7967
1311868178.4679 1.3955 -0.6155 0.9159 0.0347 -0.4750 -0.3761 0.7948
1311868178.5001 1.3997 -0.6179 0.9181 0.0304 -0.4777 -0.3767 0.7931
1311868178.5319 1.4045 -0.6203 0.9194 0.0275 -0.4800 -0.3757 0.7923
1311868178.5679 1.4105 -0.6189 0.9199 0.0265 -0.4818 -0.3755 0.7913
1311868178.6001 1.4165 -0.6213 0.9201 0.0252 -0.4834 -0.3757 0.7903
1311868178.6320 1.4215 -0.6219 0.9193 0.0242 -0.4844 -0.3751 0.7900
1311868178.6680 1.4290 -0.6207 0.9168 0.0234 -0.4859 -0.3749 0.7892
1311868178.6999 1.4361 -0.6194 0.9157 0.0215 -0.4875 -0.3756 0.7879
1311868178.7319 1.4429 -0.6206 0.9140 0.0200 -0.4884 -0.3760 0.7872
1311868178.7679 1.4492 -0.6207 0.9120 0.0192 -0.4889 -0.3758 0.7870
1311868178.8000 1.4570 -0.6207 0.9092 0.0191 -0.4895 -0.3759 0.7866
1311868178.8320 1.4668 -0.6191 0.9057 0.0184 -0.4899 -0.3753 0.7866
1311868178.8679 1.4764 -0.6177 0.9021 0.0163 -0.4901 -0.3743 0.7870
1311868178.9000 1.4846 -0.6175 0.8998 0.0145 -0.4900 -0.3740 0.7872
1311868178.9323 1.4936 -0.6170 0.8961 0.0143 -0.4901 -0.3743 0.7871
1311868178.9679 1.5038 -0.6178 0.8927 0.0146 -0.4903 -0.3748 0.7867
1311868179.0000 1.5155 -0.6187 0.8887 0.0150 -0.4893 -0.3748 0.7873
1311868179.0322 1.5277 -0.6176 0.8823 0.0150 -0.4874 -0.3734 0.7891
1311868179.0678 1.5392 -0.6151 0.8773 0.0130 -0.4859 -0.3722 0.7907
1311868179.1001 1.5486 -0.6125 0.8711 0.0097 -0.4854 -0.3714 0.7914
1311868179.1320 1.5579 -0.6116 0.8664 0.0066 -0.4862 -0.3723 0.7905
1311868179.1680 1.5674 -0.6151 0.8649 0.0060 -0.4876 -0.3753 0.7883
1311868179.2002 1.5796 -0.6159 0.8613 0.0089 -0.4874 -0.3781 0.7870
1311868179.2320 1.5944 -0.6151 0.8545 0.0111 -0.4851 -0.3808 0.7871
1311868179.2681 1.6082 -0.6132 0.8482 0.0093 -0.4813 -0.3809 0.7894
1311868179.3005 1.6173 -0.6113 0.8429 0.0039 -0.4774 -0.3783 0.7931
1311868179.3331 1.6260 -0.6073 0.8407 -0.0014 -0.4760 -0.3768 0.7947
1311868179.3681 1.6334 -0.6079 0.8393 -0.0059 -0.4761 -0.3782 0.7939
1311868179.4001 1.6440 -0.6089 0.8380 -0.0090 -0.4764 -0.3802 0.7927
1311868179.4322 1.6526 -0.6132 0.8407 -0.0112 -0.4755 -0.3819 0.7924
1311868179.4680 1.6631 -0.6155 0.8401 -0.0109 -0.4722 -0.3829 0.7939
1311868179.5001 1.6722 -0.6150 0.8377 -0.0103 -0.4683 -0.3828 0.7963
1311868179.5322 1.6808 -0.6145 0.8330 -0.0112 -0.4647 -0.3825 0.7985
1311868179.5680 1.6879 -0.6114 0.8304 -0.0133 -0.4624 -0.3827 0.7997
1311868179.6002 1.6959 -0.6107 0.8296 -0.0160 -0.4608 -0.3833 0.8003
1311868179.6320 1.7035 -0.6109 0.8315 -0.0175 -0.4593 -0.3842 0.8007
1311868179.6682 1.7112 -0.6145 0.8315 -0.0184 -0.4570 -0.3852 0.8015
1311868179.7002 1.7205 -0.6154 0.8297 -0.0183 -0.4545 -0.3853 0.8029
1311868179.7322 1.7278 -0.6163 0.8300 -0.0185 -0.4524 -0.3858 0.8038
1311868179.7683 1.7358 -0.6172 0.8298 -0.0191 -0.4512 -0.3856 0.8046
1311868179.8001 1.7438 -0.6173 0.8281 -0.0197 -0.4507 -0.3857 0.8048
1311868179.8321 1.7509 -0.6188 0.8304 -0.0206 -0.4515 -0.3871 0.8037
1311868179.8678 1.7582 -0.6220 0.8307 -0.0211 -0.4521 -0.3885 0.8026
1311868179.8999 1.7656 -0.6235 0.8314 -0.0209 -0.4529 -0.3905 0.8012
1311868179.9320 1.7725 -0.6268 0.8334 -0.0209 -0.4540 -0.3921 0.7998
1311868179.9680 1.7788 -0.6277 0.8363 -0.0204 -0.4557 -0.3929 0.7985
1311868180.0000 1.7864 -0.6301 0.8353 -0.0203 -0.4581 -0.3950 0.7961
1311868180.0319 1.7939 -0.6339 0.8365 -0.0207 -0.4608 -0.3977 0.7931
1311868180.0681 1.8029 -0.6372 0.8380 -0.0213 -0.4628 -0.3997 0.7910
1311868180.1001 1.8104 -0.6422 0.8405 -0.0234 -0.4636 -0.4003 0.7901
1311868180.1319 1.8187 -0.6436 0.8427 -0.0250 -0.4641 -0.4005 0.7897
1311868180.1681 1.8248 -0.6488 0.8456 -0.0275 -0.4649 -0.4021 0.7883
1311868180.2000 1.8314 -0.6505 0.8473 -0.0290 -0.4658 -0.4020 0.7878
1311868180.2322 1.8385 -0.6521 0.8503 -0.0306 -0.4670 -0.4025 0.7867
1311868180.2680 1.8464 -0.6553 0.8526 -0.0322 -0.4683 -0.4036 0.7853
1311868180.3000 1.8536 -0.6553 0.8540 -0.0336 -0.4692 -0.4042 0.7845
1311868180.3319 1.8595 -0.6574 0.8567 -0.0357 -0.4706 -0.4057 0.7827
1311868180.3681 1.8654 -0.6599 0.8609 -0.0372 -0.4723 -0.4078 0.7805
1311868180.4001 1.8712 -0.6614 0.8633 -0.0391 -0.4735 -0.4088 0.7792
1311868180.4320 1.8776 -0.6618 0.8651 -0.0410 -0.4749 -0.4096 0.7778
1311868180.4681 1.8827 -0.6615 0.8674 -0.0436 -0.4757 -0.4109 0.7765
1311868180.5001 1.8878 -0.6632 0.8703 -0.0461 -0.4768 -0.4116 0.7753
1311868180.5319 1.8911 -0.6658 0.8715 -0.0486 -0.4773 -0.4133 0.7740
1311868180.5680 1.8942 -0.6657 0.8760 -0.0493 -0.4780 -0.4144 0.7729
1311868180.6000 1.8975 -0.6670 0.8776 -0.0497 -0.4777 -0.4153 0.7725
1311868180.6321 1.9026 -0.6688 0.8764 -0.0503 -0.4771 -0.4162 0.7724
1311868180.6682 1.9058 -0.6698 0.8792 -0.0515 -0.4767 -0.4164 0.7725
1311868180.7002 1.9098 -0.6717 0.8824 -0.0525 -0.4769 -0.4157 0.7726
1311868180.7321 1.9133 -0.6750 0.8852 -0.0531 -0.4770 -0.4157 0.7726
1311868180.7682 1.9151 -0.6784 0.8859 -0.0532 -0.4765 -0.4153 0.7731
1311868180.8002 1.9193 -0.6815 0.8897 -0.0523 -0.4765 -0.4150 0.7733
1311868180.8320 1.9221 -0.6851 0.8922 -0.0516 -0.4758 -0.4147 0.7739
1311868180.8680 1.9243 -0.6884 0.8935 -0.0505 -0.4749 -0.4138 0.7750
1311868180.9000 1.9282 -0.6917 0.8957 -0.0497 -0.4740 -0.4129 0.7761
1311868180.9321 1.9290 -0.6944 0.8988 -0.0490 -0.4728 -0.4115 0.7777
1311868180.9680 1.9297 -0.6943 0.9008 -0.0479 -0.4715 -0.4098 0.7794
1311868181.0000 1.9319 -0.6980 0.9024 -0.0474 -0.4710 -0.4086 0.7804
1311868181.0322 1.9318 -0.7001 0.9058 -0.0465 -0.4702 -0.4082 0.7811
1311868181.0682 1.9327 -0.7060 0.9073 -0.0457 -0.4688 -0.4075 0.7823
1311868181.1001 1.9345 -0.7061 0.9070 -0.0444 -0.4667 -0.4065 0.7842
1311868181.1320 1.9341 -0.7090 0.9101 -0.0442 -0.4654 -0.4063 0.7851
1311868181.1680 1.9344 -0.7094 0.9113 -0.0432 -0.4643 -0.4061 0.7859
1311868181.2000 1.9345 -0.7110 0.9125 -0.0434 -0.4634 -0.4060 0.7865
1311868181.2321 1.9338 -0.7128 0.9148 -0.0434 -0.4626 -0.4066 0.7866
1311868181.2680 1.9330 -0.7142 0.9203 -0.0440 -0.4622 -0.4069 0.7867
1311868181.3001 1.9298 -0.7166 0.9220 -0.0446 -0.4609 -0.4085 0.7866
1311868181.3321 1.9271 -0.7179 0.9265 -0.0442 -0.4601 -0.4098 0.7864
1311868181.3680 1.9250 -0.7205 0.9303 -0.0434 -0.4591 -0.4114 0.7862
1311868181.4001 1.9222 -0.7201 0.9334 -0.0423 -0.4576 -0.4118 0.7869
1311868181.4324 1.9194 -0.7208 0.9350 -0.0423 -0.4565 -0.4111 0.7879
1311868181.4680 1.9172 -0.7207 0.9360 -0.0431 -0.4559 -0.4104 0.7886
1311868181.5003 1.9135 -0.7229 0.9392 -0.0446 -0.4557 -0.4103 0.7886
1311868181.5322 1.9076 -0.7256 0.9441 -0.0461 -0.4552 -0.4112 0.7884
1311868181.5682 1.9010 -0.7271 0.9491 -0.0457 -0.4542 -0.4120 0.7886
1311868181.6001 1.8963 -0.7273 0.9532 -0.0441 -0.4536 -0.4130 0.7885
1311868181.6324 1.8900 -0.7274 0.9564 -0.0432 -0.4526 -0.4130 0.7892
1311868181.6680 1.8835 -0.7277 0.9615 -0.0434 -0.4522 -0.4118 0.7900
1311868181.7000 1.8755 -0.7285 0.9647 -0.0444 -0.4517 -0.4100 0.7911
1311868181.7326 1.8673 -0.7320 0.9689 -0.0456 -0.4522 -0.4087 0.7915
1311868181.7681 1.8585 -0.7328 0.9742 -0.0456 -0.4526 -0.4084 0.7914
1311868181.8001 1.8483 -0.7385 0.9803 -0.0452 -0.4527 -0.4086 0.7913
1311868181.8322 1.8407 -0.7395 0.9852 -0.0427 -0.4524 -0.4083 0.7917
1311868181.8681 1.8334 -0.7432 0.9883 -0.0414 -0.4520 -0.4083 0.7920
1311868181.9002 1.8231 -0.7454 0.9926 -0.0406 -0.4507 -0.4092 0.7923
1311868181.9321 1.8135 -0.7485 0.9957 -0.0398 -0.4494 -0.4088 0.7933
1311868181.9682 1.8016 -0.7498 1.0006 -0.0393 -0.4484 -0.4085 0.7940
1311868182.0002 1.7891 -0.7529 1.0043 -0.0378 -0.4483 -0.4087 0.7941
1311868182.0322 1.7787 -0.7543 1.0073 -0.0359 -0.4490 -0.4082 0.7941
1311868182.0682 1.7694 -0.7561 1.0121 -0.0347 -0.4502 -0.4073 0.7938
1311868182.1002 1.7584 -0.7615 1.0157 -0.0352 -0.4508 -0.4064 0.7940
1311868182.1362 1.7487 -0.7645 1.0207 -0.0354 -0.4510 -0.4049 0.7946
1311868182.1681 1.7396 -0.7645 1.0267 -0.0347 -0.4506 -0.4029 0.7958
1311868182.2003 1.7311 -0.7666 1.0305 -0.0347 -0.4501 -0.4022 0.7965
1311868182.2362 1.7195 -0.7680 1.0371 -0.0343 -0.4498 -0.4014 0.7971
1311868182.2681 1.7131 -0.7708 1.0397 -0.0331 -0.4497 -0.4015 0.7972
1311868182.3002 1.7064 -0.7721 1.0456 -0.0327 -0.4492 -0.4012 0.7976
1311868182.3362 1.6994 -0.7721 1.0514 -0.0330 -0.4480 -0.3997 0.7990
1311868182.3682 1.6916 -0.7729 1.0555 -0.0339 -0.4468 -0.3985 0.8003
1311868182.4003 1.6818 -0.7748 1.0621 -0.0344 -0.4463 -0.3983 0.8006
1311868182.4361 1.6717 -0.7757 1.0674 -0.0334 -0.4463 -0.3987 0.8005
1311868182.4681 1.6617 -0.7776 1.0738 -0.0316 -0.4470 -0.3982 0.8004
1311868182.5009 1.6508 -0.7795 1.0786 -0.0291 -0.4475 -0.3965 0.8010
1311868182.5361 1.6421 -0.7829 1.0820 -0.0262 -0.4495 -0.3949 0.8008
1311868182.5680 1.6318 -0.7868 1.0877 -0.0235 -0.4523 -0.3941 0.7998
1311868182.6003 1.6202 -0.7910 1.0932 -0.0207 -0.4552 -0.3923 0.7990
1311868182.6363 1.6103 -0.7962 1.0985 -0.0173 -0.4591 -0.3907 0.7977
1311868182.6680 1.6002 -0.8018 1.1034 -0.0132 -0.4632 -0.3905 0.7955
1311868182.7003 1.5893 -0.8078 1.1084 -0.0091 -0.4673 -0.3901 0.7933
1311868182.7362 1.5805 -0.8116 1.1145 -0.0049 -0.4721 -0.3890 0.7911
1311868182.7683 1.5726 -0.8146 1.1225 -0.0015 -0.4778 -0.3895 0.7874
1311868182.8002 1.5626 -0.8211 1.1298 0.0002 -0.4828 -0.3912 0.7835
1311868182.8362 1.5532 -0.8256 1.1390 0.0021 -0.4878 -0.3914 0.7803
1311868182.8682 1.5448 -0.8285 1.1475 0.0039 -0.4929 -0.3923 0.7767
1311868182.9002 1.5335 -0.8336 1.1552 0.0055 -0.4977 -0.3953 0.7720
1311868182.9363 1.5230 -0.8398 1.1624 0.0082 -0.5028 -0.3984 0.7670
1311868182.9681 1.5115 -0.8474 1.1705 0.0114 -0.5076 -0.4024 0.7617
1311868183.0003 1.5002 -0.8562 1.1790 0.0144 -0.5115 -0.4055 0.7575
1311868183.0363 1.4874 -0.8645 1.1853 0.0166 -0.5142 -0.4076 0.7544
1311868183.0683 1.4762 -0.8712 1.1910 0.0191 -0.5175 -0.4084 0.7517
1311868183.1006 1.4654 -0.8769 1.1968 0.0223 -0.5215 -0.4106 0.7476
1311868183.1362 1.4550 -0.8838 1.2025 0.0263 -0.5257 -0.4153 0.7419
1311868183.1682 1.4425 -0.8933 1.2083 0.0303 -0.5296 -0.4197 0.7365
1311868183.2003 1.4341 -0.8987 1.2123 0.0348 -0.5329 -0.4232 0.7319
1311868183.2363 1.4248 -0.9043 1.2179 0.0375 -0.5356 -0.4278 0.7271
1311868183.2684 1.4142 -0.9099 1.2229 0.0392 -0.5375 -0.4316 0.7234
1311868183.3004 1.4025 -0.9140 1.2250 0.0411 -0.5398 -0.4345 0.7199
1311868183.3363 1.3948 -0.9149 1.2277 0.0441 -0.5435 -0.4374 0.7151
1311868183.3685 1.3838 -0.9203 1.2310 0.0461 -0.5472 -0.4417 0.7095
1311868183.4002 1.3740 -0.9257 1.2343 0.0479 -0.5508 -0.4439 0.7052
1311868183.4362 1.3683 -0.9271 1.2388 0.0476 -0.5544 -0.4433 0.7028
1311868183.4682 1.3600 -0.9277 1.2403 0.0435 -0.5575 -0.4426 0.7010
1311868183.5003 1.3517 -0.9277 1.2405 0.0382 -0.5624 -0.4414 0.6982
1311868183.5363 1.3461 -0.9274 1.2442 0.0311 -0.5685 -0.4403 0.6943
1311868183.5684 1.3344 -0.9331 1.2493 0.0227 -0.5735 -0.4404 0.6904
1311868183.6002 1.3236 -0.9382 1.2537 0.0174 -0.5779 -0.4390 0.6877
1311868183.6362 1.3155 -0.9418 1.2605 0.0133 -0.5811 -0.4375 0.6861
1311868183.6686 1.3032 -0.9474 1.2668 0.0094 -0.5821 -0.4357 0.6865
1311868183.7002 1.2934 -0.9496 1.2720 0.0084 -0.5823 -0.4333 0.6878
1311868183.7364 1.2836 -0.9525 1.2772 0.0089 -0.5813 -0.4332 0.6887
1311868183.7682 1.2743 -0.9549 1.2791 0.0108 -0.5799 -0.4339 0.6895
1311868183.8004 1.2681 -0.9542 1.2804 0.0120 -0.5787 -0.4351 0.6896
1311868183.8362 1.2589 -0.9556 1.2814 0.0114 -0.5782 -0.4367 0.6891
1311868183.8685 1.2503 -0.9577 1.2839 0.0100 -0.5787 -0.4374 0.6883
1311868183.9002 1.2400 -0.9603 1.2876 0.0089 -0.5788 -0.4385 0.6875
1311868183.9363 1.2281 -0.9641 1.2909 0.0089 -0.5783 -0.4396 0.6872
1311868183.9685 1.2122 -0.9720 1.2951 0.0112 -0.5780 -0.4406 0.6867
1311868184.0004 1.2007 -0.9775 1.2979 0.0174 -0.5774 -0.4406 0.6871
1311868184.0363 1.1887 -0.9833 1.2998 0.0224 -0.5764 -0.4383 0.6893
1311868184.0703 1.1807 -0.9857 1.2994 0.0264 -0.5757 -0.4342 0.6924
1311868184.1007 1.1719 -0.9862 1.2993 0.0284 -0.5758 -0.4307 0.6943
1311868184.1368 1.1623 -0.9896 1.3011 0.0291 -0.5771 -0.4284 0.6947
1311868184.1690 1.1527 -0.9934 1.3038 0.0304 -0.5786 -0.4258 0.6949
1311868184.2005 1.1470 -0.9976 1.3079 0.0319 -0.5801 -0.4233 0.6952
1311868184.2364 1.1397 -1.0019 1.3135 0.0325 -0.5800 -0.4214 0.6964
1311868184.2685 1.1325 -1.0041 1.3165 0.0342 -0.5785 -0.4201 0.6984
1311868184.3006 1.1260 -1.0044 1.3199 0.0357 -0.5770 -0.4204 0.6994
1311868184.3363 1.1176 -1.0051 1.3220 0.0367 -0.5760 -0.4223 0.6989
1311868184.3682 1.1091 -1.0066 1.3242 0.0373 -0.5766 -0.4238 0.6975
1311868184.4003 1.1016 -1.0100 1.3275 0.0367 -0.5779 -0.4245 0.6960
1311868184.4363 1.0915 -1.0150 1.3315 0.0356 -0.5796 -0.4240 0.6950
1311868184.4684 1.0815 -1.0194 1.3350 0.0365 -0.5811 -0.4231 0.6942
1311868184.5004 1.0734 -1.0225 1.3384 0.0390 -0.5832 -0.4214 0.6934
1311868184.5363 1.0683 -1.0240 1.3435 0.0411 -0.5858 -0.4194 0.6923
1311868184.5684 1.0614 -1.0254 1.3472 0.0412 -0.5882 -0.4183 0.6909
1311868184.6004 1.0530 -1.0271 1.3507 0.0402 -0.5912 -0.4184 0.6884
1311868184.6363 1.0450 -1.0308 1.3538 0.0386 -0.5952 -0.4191 0.6845
1311868184.6684 1.0347 -1.0360 1.3570 0.0378 -0.5997 -0.4207 0.6797
1311868184.7007 1.0258 -1.0411 1.3619 0.0394 -0.6049 -0.4222 0.6740
1311868184.7365 1.0174 -1.0481 1.3672 0.0417 -0.6093 -0.4247 0.6683
1311868184.7685 1.0073 -1.0566 1.3707 0.0445 -0.6128 -0.4262 0.6639
1311868184.8004 0.9983 -1.0641 1.3732 0.0484 -0.6164 -0.4269 0.6599
1311868184.8363 0.9916 -1.0722 1.3759 0.0519 -0.6204 -0.4273 0.6556
1311868184.8687 0.9841 -1.0793 1.3805 0.0540 -0.6243 -0.4273 0.6517
1311868184.9004 0.9778 -1.0857 1.3839 0.0559 -0.6277 -0.4280 0.6478
1311868184.9363 0.9701 -1.0934 1.3880 0.0567 -0.6304 -0.4297 0.6440
1311868184.9684 0.9613 -1.0995 1.3918 0.0588 -0.6325 -0.4311 0.6407
1311868185.0004 0.9574 -1.1049 1.3950 0.0618 -0.6345 -0.4333 0.6371
1311868185.0364 0.9497 -1.1106 1.3984 -0.0638 0.6357 0.4358 -0.6340
1311868185.0684 0.9437 -1.1151 1.4006 -0.0672 0.6373 0.4377 -0.6306
1311868185.1009 0.9397 -1.1173 1.4047 -0.0691 0.6391 0.4401 -0.6270
1311868185.1365 0.9324 -1.1217 1.4088 -0.0678 0.6407 0.4413 -0.6246
1311868185.1686 0.9241 -1.1244 1.4113 -0.0663 0.6428 0.4402 -0.6234
1311868185.2008 0.9163 -1.1274 1.4148 -0.0655 0.6452 0.4400 -0.6211
1311868185.2364 0.9078 -1.1329 1.4186 -0.0656 0.6473 0.4405 -0.6186
1311868185.2685 0.8993 -1.1368 1.4210 -0.0672 0.6490 0.4390 -0.6177
1311868185.3005 0.8901 -1.1398 1.4233 -0.0702 0.6511 0.4363 -0.6171
1311868185.3379 0.8854 -1.1423 1.4264 -0.0734 0.6531 0.4339 -0.6162
1311868185.3685 0.8786 -1.1448 1.4320 -0.0748 0.6546 0.4317 -0.6161
1311868185.4012 0.8721 -1.1478 1.4371 -0.0749 0.6552 0.4287 -0.6175
1311868185.4364 0.8653 -1.1505 1.4410 -0.0754 0.6547 0.4258 -0.6200
1311868185.4686 0.8582 -1.1514 1.4446 -0.0779 0.6533 0.4244 -0.6221
1311868185.5004 0.8506 -1.1543 1.4464 -0.0830 0.6521 0.4234 -0.6234
1311868185.5364 0.8470 -1.1559 1.4505 -0.0883 0.6509 0.4218 -0.6250
1311868185.5685 0.8405 -1.1562 1.4508 -0.0920 0.6497 0.4200 -0.6269
1311868185.6004 0.8336 -1.1570 1.4506 -0.0966 0.6503 0.4183 -0.6267
1311868185.6364 0.8290 -1.1603 1.4549 -0.1004 0.6516 0.4173 -0.6254
1311868185.6686 0.8239 -1.1657 1.4582 -0.1029 0.6526 0.4150 -0.6255
1311868185.7020 0.8198 -1.1692 1.4602 -0.1043 0.6530 0.4108 -0.6277
1311868185.7367 0.8151 -1.1707 1.4619 -0.1054 0.6533 0.4069 -0.6296
1311868185.7686 0.8095 -1.1734 1.4640 -0.1059 0.6543 0.4030 -0.6311
1311868185.8004 0.8080 -1.1742 1.4669 -0.1055 0.6557 0.3992 -0.6321
1311868185.8368 0.8047 -1.1740 1.4698 -0.1032 0.6571 0.3968 -0.6325
1311868185.8684 0.8000 -1.1725 1.4729 -0.1000 0.6589 0.3963 -0.6315
1311868185.9004 0.7948 -1.1733 1.4768 -0.0971 0.6604 0.3985 -0.6290
1311868185.9365 0.7872 -1.1762 1.4807 -0.0951 0.6617 0.4011 -0.6263
1311868185.9684 0.7815 -1.1769 1.4849 -0.0946 0.6630 0.4030 -0.6238
1311868186.0004 0.7760 -1.1788 1.4892 -0.0938 0.6646 0.4051 -0.6208
1311868186.0365 0.7716 -1.1804 1.4933 -0.0939 0.6662 0.4075 -0.6175
1311868186.0687 0.7672 -1.1819 1.4977 -0.0938 0.6676 0.4110 -0.6136
1311868186.1032 0.7633 -1.1849 1.5023 -0.0937 0.6694 0.4144 -0.6094
1311868186.1366 0.7601 -1.1868 1.5076 -0.0930 0.6714 0.4169 -0.6055
1311868186.1685 0.7589 -1.1876 1.5122 -0.0909 0.6739 0.4189 -0.6018
1311868186.2004 0.7556 -1.1883 1.5165 -0.0877 0.6766 0.4219 -0.5971
1311868186.2377 0.7520 -1.1903 1.5213 -0.0849 0.6797 0.4266 -0.5907
1311868186.2687 0.7497 -1.1919 1.5265 -0.0832 0.6834 0.4304 -0.5838
1311868186.3004 0.7470 -1.1930 1.5321 -0.0812 0.6870 0.4336 -0.5775
1311868186.3364 0.7466 -1.1931 1.5370 -0.0799 0.6907 0.4370 -0.5707
1311868186.3684 0.7456 -1.1937 1.5430 -0.0777 0.6941 0.4411 -0.5635
1311868186.4005 0.7431 -1.1967 1.5492 -0.0751 0.6971 0.4452 -0.5570
1311868186.4365 0.7423 -1.1988 1.5555 -0.0730 0.6989 0.4485 -0.5523
1311868186.4685 0.7425 -1.2018 1.5610 -0.0703 0.7001 0.4507 -0.5493
1311868186.5005 0.7427 -1.2028 1.5652 -0.0669 0.7011 0.4524 -0.5471
1311868186.5371 0.7442 -1.2029 1.5686 -0.0629 0.7027 0.4540 -0.5443
1311868186.5685 0.7453 -1.2037 1.5719 -0.0579 0.7041 0.4558 -0.5415
1311868186.6006 0.7450 -1.2058 1.5750 -0.0547 0.7054 0.4577 -0.5384
1311868186.6365 0.7483 -1.2087 1.5794 -0.0542 0.7066 0.4595 -0.5354
1311868186.6686 0.7507 -1.2114 1.5826 -0.0542 0.7068 0.4602 -0.5346
1311868186.7025 0.7552 -1.2123 1.5845 -0.0551 0.7068 0.4604 -0.5342
1311868186.7367 0.7614 -1.2126 1.5866 -0.0557 0.7070 0.4615 -0.5330
1311868186.7685 0.7692 -1.2131 1.5882 -0.0555 0.7074 0.4631 -0.5310
1311868186.8005 0.7756 -1.2137 1.5909 -0.0532 0.7084 0.4643 -0.5289
1311868186.8367 0.7820 -1.2141 1.5930 -0.0503 0.7089 0.4662 -0.5268
1311868186.8693 0.7880 -1.2163 1.5951 -0.0469 0.7092 0.4680 -0.5253
1311868186.9005 0.7941 -1.2183 1.5962 -0.0448 0.7093 0.4686 -0.5247
1311868186.9364 0.8005 -1.2195 1.5986 -0.0448 0.7091 0.4695 -0.5241
1311868186.9686 0.8059 -1.2226 1.6010 -0.0448 0.7088 0.4694 -0.5247
1311868187.0005 0.8127 -1.2251 1.6017 -0.0451 0.7080 0.4692 -0.5259
1311868187.0367 0.8211 -1.2274 1.6019 -0.0451 0.7072 0.4686 -0.5274
1311868187.0685 0.8302 -1.2295 1.6033 -0.0431 0.7063 0.4679 -0.5294
1311868187.1017 0.8373 -1.2319 1.6041 -0.0404 0.7049 0.4684 -0.5312
1311868187.1366 0.8442 -1.2340 1.6053 -0.0388 0.7033 0.4688 -0.5330
1311868187.1690 0.8531 -1.2353 1.6060 -0.0388 0.7019 0.4693 -0.5345
1311868187.2013 0.8641 -1.2370 1.6075 -0.0391 0.6998 0.4710 -0.5356
1311868187.2364 0.8737 -1.2378 1.6097 -0.0377 0.6970 0.4735 -0.5372
1311868187.2688 0.8831 -1.2380 1.6113 -0.0354 0.6940 0.4767 -0.5384
1311868187.3005 0.8920 -1.2375 1.6116 -0.0329 0.6913 0.4811 -0.5380
1311868187.3366 0.8977 -1.2394 1.6138 -0.0308 0.6895 0.4860 -0.5362
1311868187.3684 0.9016 -1.2454 1.6175 -0.0287 0.6876 0.4887 -0.5362
1311868187.4005 0.9080 -1.2494 1.6220 -0.0293 0.6848 0.4900 -0.5386
1311868187.4367 0.9141 -1.2545 1.6252 -0.0308 0.6815 0.4907 -0.5420
1311868187.4686 0.9229 -1.2576 1.6280 -0.0324 0.6786 0.4903 -0.5458
1311868187.5005 0.9305 -1.2603 1.6299 -0.0325 0.6759 0.4908 -0.5488
1311868187.5376 0.9372 -1.2630 1.6319 -0.0323 0.6743 0.4915 -0.5502
1311868187.5685 0.9421 -1.2667 1.6359 -0.0321 0.6735 0.4924 -0.5503
1311868187.6005 0.9469 -1.2707 1.6403 -0.0323 0.6727 0.4929 -0.5509
1311868187.6365 0.9513 -1.2744 1.6442 -0.0316 0.6718 0.4925 -0.5523
1311868187.6687 0.9551 -1.2771 1.6484 -0.0305 0.6716 0.4919 -0.5533
1311868187.7006 0.9595 -1.2788 1.6516 -0.0297 0.6716 0.4918 -0.5533
1311868187.7365 0.9635 -1.2815 1.6567 -0.0273 0.6721 0.4921 -0.5526
1311868187.7687 0.9647 -1.2858 1.6609 -0.0251 0.6722 0.4925 -0.5522
1311868187.8005 0.9679 -1.2894 1.6655 -0.0244 0.6728 0.4926 -0.5515
1311868187.8375 0.9689 -1.2928 1.6706 -0.0247 0.6736 0.4936 -0.5495
1311868187.8686 0.9710 -1.2971 1.6765 -0.0263 0.6750 0.4951 -0.5464
1311868187.9005 0.9741 -1.3026 1.6832 -0.0275 0.6766 0.4966 -0.5430
1311868187.9366 0.9758 -1.3076 1.6902 -0.0281 0.6780 0.4979 -0.5401
1311868187.9685 0.9779 -1.3120 1.6959 -0.0286 0.6799 0.4988 -0.5368
1311868188.0007 0.9815 -1.3170 1.7044 -0.0288 0.6825 0.5003 -0.5320
1311868188.0367 0.9834 -1.3220 1.7139 -0.0277 0.6845 0.5021 -0.5278
1311868188.0685 0.9855 -1.3272 1.7227 -0.0260 0.6860 0.5035 -0.5246
1311868188.1004 0.9883 -1.3322 1.7324 -0.0232 0.6878 0.5048 -0.5211
1311868188.1367 0.9902 -1.3373 1.7418 -0.0196 0.6892 0.5067 -0.5176
1311868188.1698 0.9917 -1.3419 1.7523 -0.0155 0.6906 0.5089 -0.5137
1311868188.2006 0.9916 -1.3476 1.7650 -0.0116 0.6915 0.5121 -0.5093
1311868188.2365 0.9914 -1.3529 1.7770 -0.0102 0.6916 0.5158 -0.5055
1311868188.2686 0.9930 -1.3562 1.7904 -0.0110 0.6909 0.5209 -0.5012
1311868188.3009 0.9951 -1.3589 1.8026 -0.0123 0.6894 0.5266 -0.4973
1311868188.3368 0.9975 -1.3603 1.8142 -0.0132 0.6870 0.5327 -0.4941
1311868188.3685 0.9984 -1.3614 1.8241 -0.0127 0.6841 0.5381 -0.4922
1311868188.4005 0.9990 -1.3614 1.8320 -0.0117 0.6816 0.5420 -0.4914
1311868188.4371 1.0020 -1.3611 1.8381 -0.0098 0.6799 0.5447 -0.4908
1311868188.4686 1.0045 -1.3605 1.8416 -0.0056 0.6790 0.5465 -0.4901
1311868188.5025 1.0072 -1.3612 1.8440 -0.0005 0.6797 0.5474 -0.4882
1311868188.5375 1.0119 -1.3633 1.8477 0.0042 0.6817 0.5476 -0.4852
1311868188.5687 1.0171 -1.3674 1.8522 0.0089 0.6836 0.5478 -0.4822
1311868188.6014 1.0218 -1.3709 1.8566 0.0127 0.6846 0.5480 -0.4806
1311868188.6375 1.0282 -1.3737 1.8607 0.0149 0.6845 0.5483 -0.4802
1311868188.6687 1.0366 -1.3761 1.8632 0.0165 0.6836 0.5494 -0.4801
1311868188.7035 1.0441 -1.3788 1.8655 0.0185 0.6825 0.5511 -0.4797
1311868188.7366 1.0534 -1.3811 1.8685 0.0207 0.6814 0.5526 -0.4795
1311868188.7687 1.0614 -1.3837 1.8705 0.0233 0.6797 0.5544 -0.4797
1311868188.8007 1.0708 -1.3866 1.8737 0.0249 0.6781 0.5564 -0.4796
1311868188.8365 1.0805 -1.3885 1.8760 0.0261 0.6760 0.5587 -0.4798
1311868188.8685 1.0924 -1.3897 1.8764 0.0281 0.6738 0.5598 -0.4815
1311868188.9007 1.1066 -1.3896 1.8763 0.0311 0.6726 0.5602 -0.4825
1311868188.9365 1.1210 -1.3896 1.8787 0.0361 0.6720 0.5609 -0.4823
1311868188.9687 1.1329 -1.3911 1.8801 0.0442 0.6706 0.5614 -0.4829
1311868189.0006 1.1437 -1.3918 1.8815 0.0522 0.6692 0.5620 -0.4833
1311868189.0369 1.1535 -1.3925 1.8854 0.0579 0.6680 0.5633 -0.4829
1311868189.0686 1.1606 -1.3932 1.8878 0.0608 0.6653 0.5654 -0.4838
1311868189.1006 1.1652 -1.3958 1.8917 0.0600 0.6632 0.5667 -0.4852
1311868189.1366 1.1766 -1.4006 1.8925 0.0549 0.6612 0.5684 -0.4865
1311868189.1686 1.1916 -1.4047 1.8931 0.0510 0.6587 0.5706 -0.4878
1311868189.2012 1.2049 -1.4085 1.8950 0.0502 0.6561 0.5721 -0.4896
1311868189.2383 1.2194 -1.4110 1.8959 0.0509 0.6528 0.5741 -0.4916
1311868189.2687 1.2284 -1.4146 1.8974 0.0536 0.6493 0.5770 -0.4925
1311868189.3023 1.2359 -1.4178 1.8968 0.0550 0.6465 0.5796 -0.4930
1311868189.3379 1.2455 -1.4222 1.8981 0.0544 0.6450 0.5819 -0.4923
1311868189.3684 1.2534 -1.4266 1.9008 0.0545 0.6431 0.5839 -0.4925
1311868189.4005 1.2619 -1.4313 1.9012 0.0547 0.6405 0.5855 -0.4939
1311868189.4367 1.2704 -1.4351 1.9041 0.0547 0.6383 0.5869 -0.4950
1311868189.4688 1.2782 -1.4387 1.9054 0.0561 0.6361 0.5877 -0.4968
1311868189.5006 1.2866 -1.4410 1.9076 0.0572 0.6344 0.5886 -0.4978
1311868189.5366 1.2924 -1.4445 1.9097 0.0572 0.6332 0.5909 -0.4966
1311868189.5687 1.2960 -1.4477 1.9131 0.0569 0.6327 0.5930 -0.4947
1311868189.6019 1.3032 -1.4505 1.9151 0.0568 0.6322 0.5934 -0.4950
1311868189.6367 1.3092 -1.4548 1.9167 0.0586 0.6316 0.5937 -0.4951
1311868189.6687 1.3163 -1.4583 1.9212 0.0611 0.6315 0.5939 -0.4947
1311868189.7044 1.3207 -1.4605 1.9247 0.0628 0.6309 0.5945 -0.4946
1311868189.7366 1.3242 -1.4642 1.9302 0.0641 0.6301 0.5944 -0.4955
1311868189.7689 1.3276 -1.4688 1.9378 0.0641 0.6292 0.5944 -0.4967
1311868189.8029 1.3291 -1.4735 1.9440 0.0637 0.6273 0.5948 -0.4986
1311868189.8366 1.3321 -1.4797 1.9496 0.0623 0.6257 0.5947 -0.5010
1311868189.8687 1.3362 -1.4861 1.9547 0.0618 0.6241 0.5942 -0.5036
1311868189.9020 1.3382 -1.4922 1.9617 0.0622 0.6233 0.5938 -0.5049
1311868189.9367 1.3409 -1.4984 1.9672 0.0630 0.6223 0.5941 -0.5058
1311868189.9686 1.3444 -1.5035 1.9737 0.0627 0.6217 0.5943 -0.5064
1311868190.0020 1.3450 -1.5092 1.9812 0.0621 0.6210 0.5944 -0.5071
1311868190.0367 1.3468 -1.5159 1.9864 0.0608 0.6201 0.5943 -0.5085
1311868190.0686 1.3491 -1.5237 1.9925 0.0598 0.6197 0.5941 -0.5094
1311868190.1041 1.3530 -1.5326 1.9984 0.0597 0.6197 0.5937 -0.5098
1311868190.1367 1.3559 -1.5405 2.0035 0.0609 0.6199 0.5935 -0.5097
1311868190.1688 1.3588 -1.5472 2.0096 0.0619 0.6201 0.5930 -0.5099
1311868190.2024 1.3597 -1.5538 2.0161 0.0620 0.6204 0.5928 -0.5098
1311868190.2368 1.3603 -1.5603 2.0214 0.0606 0.6201 0.5928 -0.5102
1311868190.2686 1.3639 -1.5671 2.0265 0.0588 0.6194 0.5924 -0.5118
1311868190.3025 1.3667 -1.5734 2.0318 0.0576 0.6183 0.5919 -0.5138
1311868190.3367 1.3696 -1.5804 2.0355 0.0566 0.6174 0.5918 -0.5153
1311868190.3692 1.3729 -1.5865 2.0409 0.0557 0.6173 0.5915 -0.5158
1311868190.4020 1.3750 -1.5930 2.0463 0.0565 0.6175 0.5907 -0.5163
1311868190.4366 1.3777 -1.5987 2.0518 0.0571 0.6180 0.5900 -0.5165
1311868190.4689 1.3777 -1.6039 2.0578 0.0574 0.6181 0.5894 -0.5170
1311868190.5031 1.3800 -1.6088 2.0631 0.0564 0.6178 0.5885 -0.5185
1311868190.5366 1.3829 -1.6146 2.0695 0.0551 0.6172 0.5881 -0.5198
1311868190.5686 1.3834 -1.6200 2.0734 0.0547 0.6153 0.5887 -0.5215
1311868190.6044 1.3834 -1.6246 2.0762 0.0536 0.6139 0.5891 -0.5227
1311868190.6366 1.3845 -1.6299 2.0797 0.0525 0.6138 0.5887 -0.5234
1311868190.6687 1.3860 -1.6341 2.0817 0.0518 0.6138 0.5887 -0.5234
1311868190.7089 1.3852 -1.6377 2.0847 0.0514 0.6146 0.5885 -0.5228
1311868190.7367 1.3874 -1.6402 2.0870 0.0510 0.6155 0.5873 -0.5232
1311868190.7714 1.3902 -1.6443 2.0878 0.0513 0.6165 0.5855 -0.5239
1311868190.8024 1.3924 -1.6474 2.0889 0.0520 0.6173 0.5845 -0.5240
1311868190.8366 1.3950 -1.6497 2.0914 0.0529 0.6182 0.5836 -0.5239
1311868190.8704 1.3974 -1.6519 2.0934 0.0536 0.6184 0.5833 -0.5238
1311868190.9023 1.3974 -1.6532 2.0996 0.0537 0.6190 0.5834 -0.5231
1311868190.9366 1.3991 -1.6555 2.1036 0.0538 0.6186 0.5837 -0.5232
1311868190.9703 1.3993 -1.6583 2.1066 0.0549 0.6172 0.5847 -0.5236
1311868191.0043 1.4002 -1.6593 2.1107 0.0561 0.6159 0.5854 -0.5242
1311868191.0366 1.4021 -1.6601 2.1124 0.0571 0.6144 0.5864 -0.5248
1311868191.0750 1.4002 -1.6623 2.1160 0.0583 0.6136 0.5876 -0.5243
1311868191.1029 1.3996 -1.6639 2.1166 0.0588 0.6126 0.5885 -0.5244
1311868191.1367 1.3968 -1.6663 2.1217 0.0592 0.6130 0.5886 -0.5238
1311868191.1704 1.3969 -1.6673 2.1231 0.0591 0.6129 0.5888 -0.5237
1311868191.2047 1.3950 -1.6686 2.1237 0.0588 0.6129 0.5892 -0.5232
1311868191.2369 1.3947 -1.6712 2.1238 0.0583 0.6131 0.5891 -0.5231
1311868191.2705 1.3941 -1.6724 2.1251 0.0581 0.6136 0.5883 -0.5234
1311868191.3051 1.3958 -1.6733 2.1233 0.0566 0.6138 0.5880 -0.5238
1311868191.3368 1.3959 -1.6757 2.1222 0.0551 0.6140 0.5883 -0.5234
1311868191.3702 1.3974 -1.6773 2.1214 0.0541 0.6140 0.5879 -0.5239
1311868191.4080 1.3983 -1.6787 2.1213 0.0533 0.6140 0.5873 -0.5246
1311868191.4367 1.3965 -1.6815 2.1231 0.0527 0.6145 0.5871 -0.5243
1311868191.4700 1.3949 -1.6846 2.1252 0.0517 0.6151 0.5871 -0.5237
1311868191.5056 1.3945 -1.6869 2.1256 0.0511 0.6149 0.5869 -0.5242
1311868191.5368 1.3937 -1.6901 2.1268 0.0505 0.6151 0.5871 -0.5238
1311868191.5702 1.3951 -1.6917 2.1276 0.0491 0.6149 0.5873 -0.5240
1311868191.6047 1.3925 -1.6940 2.1301 0.0477 0.6145 0.5883 -0.5234
1311868191.6369 1.3879 -1.6963 2.1307 0.0463 0.6139 0.5887 -0.5238
1311868191.6708 1.3878 -1.6985 2.1323 0.0451 0.6141 0.5880 -0.5245
1311868191.7051 1.3860 -1.7005 2.1337 0.0462 0.6136 0.5877 -0.5254
1311868191.7368 1.3831 -1.7015 2.1345 0.0477 0.6130 0.5871 -0.5265
1311868191.7716 1.3780 -1.7019 2.1361 0.0490 0.6127 0.5869 -0.5270
1311868191.8048 1.3753 -1.7034 2.1367 0.0488 0.6126 0.5866 -0.5274
1311868191.8367 1.3726 -1.7040 2.1377 0.0489 0.6124 0.5865 -0.5279
1311868191.8722 1.3694 -1.7048 2.1383 0.0483 0.6123 0.5866 -0.5279
1311868191.9047 1.3679 -1.7046 2.1381 0.0479 0.6120 0.5864 -0.5285
1311868191.9367 1.3638 -1.7051 2.1384 0.0491 0.6112 0.5859 -0.5299
1311868191.9703 1.3592 -1.7053 2.1396 0.0496 0.6103 0.5859 -0.5309
1311868192.0052 1.3546 -1.7047 2.1410 0.0490 0.6098 0.5861 -0.5313
1311868192.0383 1.3517 -1.7046 2.1404 0.0480 0.6088 0.5865 -0.5321
1311868192.0706 1.3460 -1.7041 2.1420 0.0477 0.6083 0.5870 -0.5321
1311868192.1056 1.3408 -1.7037 2.1409 0.0477 0.6077 0.5873 -0.5324
1311868192.1394 1.3356 -1.7024 2.1413 0.0475 0.6075 0.5874 -0.5326
1311868192.1737 1.3313 -1.7015 2.1406 0.0472 0.6071 0.5873 -0.5332
1311868192.2047 1.3272 -1.7002 2.1398 0.0475 0.6063 0.5871 -0.5343
1311868192.2405 1.3223 -1.6985 2.1395 0.0476 0.6051 0.5871 -0.5356
1311868192.2717 1.3160 -1.6979 2.1392 0.0473 0.6039 0.5868 -0.5373
1311868192.3047 1.3082 -1.6976 2.1373 0.0471 0.6028 0.5867 -0.5387
1311868192.3425 1.3039 -1.6961 2.1345 0.0450 0.6029 0.5865 -0.5391
1311868192.3702 1.2973 -1.6953 2.1318 0.0425 0.6033 0.5873 -0.5379
1311868192.4047 1.2918 -1.6945 2.1304 0.0407 0.6040 0.5869 -0.5377
1311868192.4385 1.2847 -1.6932 2.1279 0.0402 0.6041 0.5858 -0.5389
1311868192.4714 1.2784 -1.6927 2.1266 0.0401 0.6044 0.5840 -0.5404
1311868192.5047 1.2692 -1.6922 2.1244 0.0397 0.6043 0.5832 -0.5414
1311868192.5409 1.2629 -1.6904 2.1211 0.0383 0.6044 0.5821 -0.5425
1311868192.5712 1.2559 -1.6886 2.1175 0.0378 0.6051 0.5812 -0.5427
1311868192.6048 1.2515 -1.6862 2.1138 0.0373 0.6062 0.5811 -0.5417
1311868192.6411 1.2447 -1.6826 2.1113 0.0377 0.6078 0.5810 -0.5400
1311868192.6703 1.2384 -1.6802 2.1091 0.0373 0.6095 0.5810 -0.5382
1311868192.7048 1.2333 -1.6781 2.1052 0.0370 0.6102 0.5807 -0.5376
1311868192.7394 1.2284 -1.6758 2.1022 0.0371 0.6107 0.5805 -0.5373
1311868192.7700 1.2209 -1.6735 2.1006 0.0378 0.6117 0.5797 -0.5370
1311868192.8048 1.2155 -1.6713 2.0971 0.0376 0.6129 0.5793 -0.5361
1311868192.8380 1.2105 -1.6696 2.0943 0.0369 0.6144 0.5787 -0.5350
1311868192.8706 1.2068 -1.6683 2.0921 0.0359 0.6158 0.5778 -0.5345
1311868192.9047 1.2007 -1.6674 2.0905 0.0352 0.6173 0.5772 -0.5334
1311868192.9405 1.1979 -1.6670 2.0881 0.0339 0.6191 0.5763 -0.5325
1311868192.9703 1.1946 -1.6665 2.0846 0.0341 0.6201 0.5760 -0.5316
1311868193.0048 1.1919 -1.6664 2.0825 0.0346 0.6215 0.5757 -0.5302
1311868193.0381 1.1866 -1.6666 2.0810 0.0347 0.6231 0.5760 -0.5280
1311868193.0703 1.1815 -1.6678 2.0791 0.0340 0.6247 0.5768 -0.5252
1311868193.1053 1.1775 -1.6681 2.0772 0.0322 0.6266 0.5771 -0.5228
1311868193.1407 1.1750 -1.6691 2.0749 0.0310 0.6283 0.5775 -0.5203
1311868193.1726 1.1712 -1.6697 2.0729 0.0307 0.6299 0.5777 -0.5182
1311868193.2051 1.1706 -1.6679 2.0709 0.0332 0.6322 0.5764 -0.5167
1311868193.2385 1.1690 -1.6671 2.0692 0.0381 0.6348 0.5774 -0.5120
1311868193.2705 1.1649 -1.6684 2.0697 0.0433 0.6370 0.5798 -0.5063
1311868193.3090 1.1568 -1.6705 2.0705 0.0469 0.6387 0.5816 -0.5015
1311868193.3408 1.1520 -1.6718 2.0687 0.0477 0.6402 0.5827 -0.4983
1311868193.3709 1.1486 -1.6742 2.0678 0.0480 0.6413 0.5848 -0.4944
1311868193.4093 1.1386 -1.6755 2.0670 0.0483 0.6423 0.5870 -0.4905
1311868193.4390 1.1360 -1.6780 2.0650 0.0466 0.6441 0.5879 -0.4871
1311868193.4732 1.1313 -1.6801 2.0644 0.0450 0.6456 0.5896 -0.4832
1311868193.5078 1.1235 -1.6822 2.0626 0.0425 0.6473 0.5912 -0.4793
1311868193.5412 1.1188 -1.6857 2.0609 0.0384 0.6499 0.5917 -0.4755
1311868193.5738 1.1162 -1.6892 2.0598 0.0334 0.6523 0.5921 -0.4720
1311868193.6060 1.1135 -1.6922 2.0590 0.0300 0.6543 0.5922 -0.4694
1311868193.6403 1.1098 -1.6952 2.0570 0.0277 0.6561 0.5924 -0.4668
1311868193.6702 1.1060 -1.6975 2.0551 0.0256 0.6581 0.5921 -0.4644
1311868193.7101 1.1024 -1.7001 2.0543 0.0245 0.6603 0.5912 -0.4624
1311868193.7383 1.0985 -1.7019 2.0531 0.0232 0.6624 0.5903 -0.4607
1311868193.7716 1.0955 -1.7044 2.0518 0.0211 0.6645 0.5891 -0.4592
1311868193.8094 1.0919 -1.7064 2.0522 0.0190 0.6665 0.5882 -0.4578
1311868193.8381 1.0861 -1.7092 2.0516 0.0168 0.6679 0.5870 -0.4572
1311868193.8732 1.0841 -1.7115 2.0502 0.0141 0.6689 0.5851 -0.4584
1311868193.9094 1.0812 -1.7135 2.0499 0.0126 0.6701 0.5828 -0.4596
1311868193.9381 1.0785 -1.7158 2.0461 0.0119 0.6712 0.5810 -0.4602
1311868193.9728 1.0789 -1.7179 2.0454 0.0116 0.6729 0.5798 -0.4591
1311868194.0092 1.0761 -1.7207 2.0442 0.0122 0.6740 0.5796 -0.4578
1311868194.0382 1.0756 -1.7231 2.0429 0.0126 0.6746 0.5794 -0.4571
1311868194.0714 1.0739 -1.7256 2.0416 0.0132 0.6750 0.5798 -0.4562
1311868194.1087 1.0731 -1.7272 2.0430 0.0132 0.6753 0.5800 -0.4553
1311868194.1406 1.0735 -1.7302 2.0424 0.0134 0.6737 0.5820 -0.4553
1311868194.1727 1.0698 -1.7302 2.0399 0.0149 0.6716 0.5844 -0.4553
1311868194.2095 1.0670 -1.7306 2.0347 0.0155 0.6713 0.5853 -0.4545
1311868194.2430 1.0667 -1.7330 2.0345 0.0159 0.6726 0.5855 -0.4522
1311868194.2700 1.0631 -1.7336 2.0338 0.0164 0.6729 0.5864 -0.4508
1311868194.3094 1.0580 -1.7346 2.0306 0.0164 0.6736 0.5856 -0.4507
1311868194.3392 1.0572 -1.7365 2.0306 0.0157 0.6752 0.5834 -0.4511
1311868194.3702 1.0527 -1.7384 2.0294 0.0153 0.6762 0.5817 -0.4518
1311868194.4082 1.0510 -1.7407 2.0271 0.0145 0.6770 0.5795 -0.4534
1311868194.4399 1.0504 -1.7422 2.0267 0.0139 0.6784 0.5770 -0.4546
1311868194.4689 1.0486 -1.7448 2.0240 0.0126 0.6790 0.5760 -0.4550
1311868194.5089 1.0464 -1.7469 2.0229 0.0106 0.6800 0.5744 -0.4557
1311868194.5384 1.0465 -1.7479 2.0214 0.0081 0.6808 0.5721 -0.4573
1311868194.5689 1.0462 -1.7507 2.0190 0.0062 0.6812 0.5709 -0.4583
1311868194.6095 1.0459 -1.7519 2.0172 0.0045 0.6818 0.5695 -0.4592
1311868194.6450 1.0445 -1.7532 2.0150 0.0033 0.6825 0.5682 -0.4598
1311868194.6690 1.0444 -1.7550 2.0140 0.0024 0.6836 0.5666 -0.4601
1311868194.7101 1.0433 -1.7568 2.0128 0.0029 0.6843 0.5656 -0.4602
1311868194.7410 1.0425 -1.7587 2.0119 0.0043 0.6855 0.5641 -0.4603
1311868194.7690 1.0425 -1.7600 2.0100 0.0065 0.6869 0.5629 -0.4597
1311868194.8069 1.0429 -1.7622 2.0096 0.0091 0.6888 0.5623 -0.4575
1311868194.8423 1.0381 -1.7641 2.0101 0.0120 0.6904 0.5621 -0.4552
1311868194.8690 1.0357 -1.7668 2.0111 0.0124 0.6922 0.5609 -0.4540
1311868194.9092 1.0345 -1.7704 2.0132 0.0120 0.6932 0.5599 -0.4537
1311868194.9427 1.0314 -1.7741 2.0140 0.0108 0.6933 0.5595 -0.4540
1311868194.9689 1.0308 -1.7771 2.0153 0.0096 0.6939 0.5573 -0.4559
1311868195.0092 1.0323 -1.7812 2.0168 0.0090 0.6944 0.5558 -0.4569
1311868195.0387 1.0312 -1.7844 2.0194 0.0090 0.6948 0.5554 -0.4568
1311868195.0690 1.0302 -1.7890 2.0205 0.0088 0.6951 0.5549 -0.4570
1311868195.1095 1.0291 -1.7937 2.0245 0.0085 0.6952 0.5547 -0.4571
1311868195.1397 1.0274 -1.7977 2.0280 0.0074 0.6948 0.5549 -0.4574
1311868195.1689 1.0251 -1.8017 2.0317 0.0054 0.6944 0.5550 -0.4580
1311868195.2087 1.0250 -1.8069 2.0354 0.0035 0.6941 0.5548 -0.4588
1311868195.2384 1.0248 -1.8111 2.0385 0.0022 0.6933 0.5546 -0.4601
1311868195.2691 1.0232 -1.8157 2.0409 0.0014 0.6929 0.5543 -0.4611
1311868195.3140 1.0245 -1.8214 2.0452 0.0007 0.6930 0.5539 -0.4614
1311868195.3407 1.0241 -1.8256 2.0502 0.0008 0.6929 0.5538 -0.4618
1311868195.3690 1.0236 -1.8305 2.0548 0.0010 0.6926 0.5535 -0.4626
1311868195.4094 1.0242 -1.8357 2.0605 0.0008 0.6924 0.5531 -0.4634
1311868195.4418 1.0235 -1.8397 2.0673 -0.0007 0.6917 0.5535 -0.4638
1311868195.4692 1.0241 -1.8441 2.0727 -0.0032 0.6905 0.5541 -0.4649
1311868195.5090 1.0258 -1.8479 2.0790 -0.0057 0.6890 0.5543 -0.4669
1311868195.5408 1.0272 -1.8507 2.0850 -0.0073 0.6873 0.5544 -0.4693
1311868195.5692 1.0321 -1.8532 2.0902 -0.0074 0.6858 0.5545 -0.4714
1311868195.6070 1.0341 -1.8558 2.0961 -0.0059 0.6842 0.5559 -0.4719
1311868195.6414 1.0352 -1.8589 2.1014 -0.0046 0.6826 0.5580 -0.4719
1311868195.6690 1.0370 -1.8616 2.1087 -0.0031 0.6806 0.5605 -0.4717
1311868195.7101 1.0373 -1.8640 2.1139 -0.0024 0.6784 0.5633 -0.4717
1311868195.7373 1.0379 -1.8663 2.1208 -0.0021 0.6765 0.5656 -0.4717
1311868195.7690 1.0376 -1.8684 2.1271 -0.0025 0.6743 0.5676 -0.4724
1311868195.8088 1.0387 -1.8709 2.1332 -0.0034 0.6725 0.5679 -0.4746
1311868195.8371 1.0397 -1.8727 2.1400 -0.0052 0.6705 0.5676 -0.4776
1311868195.8691 1.0431 -1.8753 2.1447 -0.0073 0.6684 0.5666 -0.4819
1311868195.9065 1.0474 -1.8777 2.1493 -0.0085 0.6665 0.5652 -0.4861
1311868195.9370 1.0534 -1.8789 2.1537 -0.0085 0.6649 0.5640 -0.4896
1311868195.9690 1.0616 -1.8792 2.1553 -0.0066 0.6635 0.5637 -0.4919
1311868196.0093 1.0690 -1.8812 2.1597 -0.0032 0.6627 0.5646 -0.4920
1311868196.0369 1.0732 -1.8836 2.1631 0.0005 0.6609 0.5667 -0.4920
1311868196.0690 1.0774 -1.8864 2.1664 0.0030 0.6591 0.5681 -0.4927
1311868196.1078 1.0806 -1.8884 2.1697 0.0049 0.6568 0.5693 -0.4944
1311868196.1371 1.0864 -1.8900 2.1733 0.0057 0.6545 0.5697 -0.4971
1311868196.1689 1.0900 -1.8920 2.1768 0.0069 0.6518 0.5704 -0.4997
1311868196.2083 1.0950 -1.8942 2.1785 0.0070 0.6490 0.5706 -0.5033
1311868196.2370 1.1021 -1.8952 2.1803 0.0063 0.6469 0.5703 -0.5063
1311868196.2691 1.1068 -1.8969 2.1831 0.0077 0.6449 0.5703 -0.5087
1311868196.3074 1.1129 -1.8986 2.1853 0.0094 0.6433 0.5691 -0.5120
1311868196.3371 1.1200 -1.9000 2.1867 0.0124 0.6414 0.5677 -0.5159
1311868196.3691 1.1269 -1.9018 2.1886 0.0156 0.6396 0.5665 -0.5193
1311868196.4101 1.1323 -1.9029 2.1897 0.0180 0.6377 0.5663 -0.5218
1311868196.4372 1.1397 -1.9056 2.1930 0.0203 0.6363 0.5660 -0.5239
1311868196.4690 1.1460 -1.9054 2.1946 0.0223 0.6337 0.5663 -0.5265
1311868196.5078 1.1522 -1.9061 2.1976 0.0253 0.6316 0.5665 -0.5288
1311868196.5371 1.1570 -1.9067 2.2005 0.0290 0.6293 0.5661 -0.5316
1311868196.5691 1.1641 -1.9082 2.2036 0.0328 0.6272 0.5657 -0.5344
1311868196.6101 1.1686 -1.9089 2.2069 0.0364 0.6247 0.5665 -0.5363
1311868196.6370 1.1725 -1.9108 2.2117 0.0400 0.6225 0.5662 -0.5388
1311868196.6690 1.1762 -1.9122 2.2148 0.0435 0.6200 0.5662 -0.5414
1311868196.7097 1.1786 -1.9140 2.2201 0.0452 0.6181 0.5664 -0.5432
1311868196.7371 1.1815 -1.9164 2.2240 0.0450 0.6162 0.5660 -0.5458
1311868196.7691 1.1860 -1.9202 2.2284 0.0444 0.6141 0.5652 -0.5491
1311868196.8076 1.1902 -1.9240 2.2322 0.0447 0.6113 0.5653 -0.5520
1311868196.8370 1.1933 -1.9280 2.2334 0.0438 0.6087 0.5661 -0.5541
1311868196.8690 1.1952 -1.9341 2.2378 0.0429 0.6073 0.5665 -0.5554
1311868196.9096 1.1969 -1.9393 2.2435 0.0426 0.6064 0.5656 -0.5573
1311868196.9370 1.1989 -1.9445 2.2475 0.0426 0.6057 0.5648 -0.5588
1311868196.9692 1.2038 -1.9510 2.2516 0.0417 0.6058 0.5647 -0.5589
1311868197.0051 1.2032 -1.9556 2.2571 0.0412 0.6064 0.5653 -0.5577
1311868197.0370 1.2054 -1.9606 2.2631 0.0402 0.6077 0.5655 -0.5561
1311868197.0691 1.2075 -1.9655 2.2701 0.0401 0.6087 0.5660 -0.5545
1311868197.1050 1.2097 -1.9706 2.2764 0.0396 0.6091 0.5681 -0.5519
1311868197.1370 1.2104 -1.9759 2.2851 0.0394 0.6094 0.5707 -0.5490
1311868197.1690 1.2110 -1.9811 2.2914 0.0392 0.6087 0.5735 -0.5468
1311868197.2051 1.2106 -1.9854 2.2979 0.0393 0.6085 0.5767 -0.5437
1311868197.2372 1.2104 -1.9895 2.3041 0.0390 0.6088 0.5802 -0.5396
1311868197.2692 1.2102 -1.9947 2.3108 0.0400 0.6095 0.5830 -0.5358
1311868197.3051 1.2100 -1.9997 2.3177 0.0400 0.6106 0.5863 -0.5308
1311868197.3373 1.2110 -2.0051 2.3243 0.0393 0.6116 0.5900 -0.5257
1311868197.3691 1.2100 -2.0108 2.3319 0.0386 0.6122 0.5930 -0.5216
1311868197.4052 1.2101 -2.0166 2.3377 0.0379 0.6119 0.5956 -0.5190
1311868197.4370 1.2099 -2.0213 2.3452 0.0379 0.6120 0.5977 -0.5165
1311868197.4692 1.2088 -2.0259 2.3530 0.0385 0.6123 0.6000 -0.5135
1311868197.5052 1.2087 -2.0308 2.3611 0.0395 0.6128 0.6020 -0.5105
1311868197.5370 1.2071 -2.0360 2.3694 0.0416 0.6127 0.6035 -0.5085
1311868197.5692 1.2047 -2.0406 2.3788 0.0447 0.6126 0.6041 -0.5077
1311868197.6052 1.2031 -2.0445 2.3864 0.0473 0.6120 0.6050 -0.5072
1311868197.6371 1.2029 -2.0476 2.3942 0.0492 0.6118 0.6059 -0.5062
1311868197.6691 1.2030 -2.0514 2.4014 0.0504 0.6115 0.6077 -0.5042
1311868197.7052 1.2029 -2.0539 2.4104 0.0519 0.6114 0.6087 -0.5029
1311868197.7373 1.2022 -2.0565 2.4164 0.0525 0.6105 0.6107 -0.5015
1311868197.7692 1.2004 -2.0597 2.4240 0.0528 0.6106 0.6121 -0.4998
1311868197.8054 1.2010 -2.0627 2.4287 0.0537 0.6095 0.6130 -0.4999
1311868197.8372 1.2011 -2.0649 2.4339 0.0565 0.6089 0.6122 -0.5013
1311868197.8691 1.2009 -2.0661 2.4396 0.0595 0.6086 0.6123 -0.5012
1311868197.9052 1.2013 -2.0692 2.4445 0.0626 0.6078 0.6125 -0.5015
1311868197.9372 1.2005 -2.0706 2.4513 0.0655 0.6068 0.6130 -0.5017
1311868197.9692 1.1966 -2.0720 2.4569 0.0671 0.6053 0.6141 -0.5020
1311868198.0052 1.1945 -2.0749 2.4621 0.0660 0.6041 0.6152 -0.5022
1311868198.0371 1.1926 -2.0774 2.4656 0.0645 0.6026 0.6162 -0.5031
1311868198.0692 1.1893 -2.0786 2.4699 0.0639 0.6016 0.6159 -0.5046
1311868198.1054 1.1876 -2.0798 2.4730 0.0644 0.6011 0.6153 -0.5060
1311868198.1372 1.1868 -2.0824 2.4762 0.0649 0.6009 0.6152 -0.5062
1311868198.1692 1.1828 -2.0837 2.4806 0.0657 0.6010 0.6152 -0.5061
1311868198.2053 1.1805 -2.0861 2.4840 0.0657 0.6009 0.6150 -0.5063
1311868198.2372 1.1770 -2.0875 2.4886 0.0654 0.6006 0.6144 -0.5074
1311868198.2692 1.1753 -2.0902 2.4906 0.0648 0.5992 0.6137 -0.5101
1311868198.3051 1.1745 -2.0898 2.4943 0.0652 0.5980 0.6122 -0.5132
1311868198.3372 1.1711 -2.0888 2.4989 0.0667 0.5976 0.6117 -0.5141
1311868198.3692 1.1675 -2.0884 2.5014 0.0692 0.5969 0.6122 -0.5140
1311868198.4051 1.1626 -2.0903 2.5043 0.0710 0.5965 0.6132 -0.5130
1311868198.4372 1.1556 -2.0903 2.5077 0.0711 0.5964 0.6136 -0.5126
1311868198.4692 1.1508 -2.0920 2.5105 0.0711 0.5961 0.6136 -0.5129
1311868198.5053 1.1441 -2.0919 2.5148 0.0697 0.5962 0.6142 -0.5122
1311868198.5373 1.1399 -2.0922 2.5155 0.0681 0.5958 0.6152 -0.5119
1311868198.5692 1.1355 -2.0906 2.5169 0.0669 0.5955 0.6162 -0.5111
1311868198.6051 1.1289 -2.0927 2.5194 0.0662 0.5956 0.6175 -0.5095
1311868198.6372 1.1232 -2.0924 2.5222 0.0658 0.5961 0.6185 -0.5077
1311868198.6691 1.1196 -2.0925 2.5229 0.0654 0.5962 0.6196 -0.5064
1311868198.7050 1.1152 -2.0916 2.5231 0.0660 0.5958 0.6206 -0.5054
1311868198.7372 1.1099 -2.0910 2.5238 0.0672 0.5958 0.6215 -0.5042
1311868198.7691 1.1057 -2.0919 2.5242 0.0687 0.5957 0.6229 -0.5023
1311868198.8051 1.1003 -2.0908 2.5245 0.0687 0.5961 0.6246 -0.4999
1311868198.8372 1.0960 -2.0910 2.5262 0.0673 0.5969 0.6263 -0.4969
1311868198.8692 1.0888 -2.0910 2.5278 0.0659 0.5979 0.6281 -0.4937
1311868198.9051 1.0841 -2.0926 2.5276 0.0647 0.5989 0.6288 -0.4917
1311868198.9371 1.0781 -2.0913 2.5296 0.0645 0.6005 0.6287 -0.4899
1311868198.9692 1.0720 -2.0926 2.5321 0.0655 0.6019 0.6285 -0.4883
1311868199.0051 1.0669 -2.0944 2.5334 0.0657 0.6024 0.6289 -0.4871
1311868199.0372 1.0626 -2.0946 2.5359 0.0649 0.6031 0.6292 -0.4860
1311868199.0692 1.0571 -2.0938 2.5379 0.0640 0.6031 0.6302 -0.4849
1311868199.1051 1.0494 -2.0948 2.5401 0.0638 0.6031 0.6308 -0.4841
1311868199.1372 1.0467 -2.0933 2.5402 0.0635 0.6033 0.6301 -0.4848
1311868199.1693 1.0428 -2.0926 2.5417 0.0649 0.6044 0.6294 -0.4841
1311868199.2052 1.0382 -2.0939 2.5450 0.0672 0.6055 0.6293 -0.4825
1311868199.2372 1.0318 -2.0944 2.5478 0.0693 0.6062 0.6293 -0.4813
1311868199.2693 1.0293 -2.0948 2.5490 0.0707 0.6062 0.6290 -0.4815
1311868199.3052 1.0239 -2.0954 2.5507 0.0712 0.6065 0.6297 -0.4802
1311868199.3373 1.0177 -2.0956 2.5531 0.0708 0.6071 0.6305 -0.4785
1311868199.3694 1.0134 -2.0965 2.5548 0.0708 0.6077 0.6303 -0.4780
1311868199.4052 1.0106 -2.0959 2.5564 0.0721 0.6084 0.6293 -0.4781
1311868199.4372 1.0069 -2.0941 2.5579 0.0743 0.6091 0.6289 -0.4775
1311868199.4694 1.0020 -2.0937 2.5578 0.0763 0.6098 0.6287 -0.4765
1311868199.5053 0.9980 -2.0944 2.5596 0.0773 0.6113 0.6285 -0.4747
1311868199.5373 0.9950 -2.0936 2.5605 0.0769 0.6126 0.6288 -0.4726
1311868199.5693 0.9915 -2.0931 2.5632 0.0774 0.6146 0.6288 -0.4701
1311868199.6053 0.9899 -2.0927 2.5637 0.0777 0.6160 0.6295 -0.4671
1311868199.6372 0.9875 -2.0925 2.5647 0.0781 0.6179 0.6306 -0.4631
1311868199.6692 0.9842 -2.0934 2.5660 0.0788 0.6199 0.6321 -0.4582
1311868199.7053 0.9806 -2.0936 2.5676 0.0790 0.6216 0.6335 -0.4540
1311868199.7372 0.9750 -2.0957 2.5709 0.0797 0.6233 0.6345 -0.4499
1311868199.7691 0.9710 -2.0968 2.5739 0.0804 0.6244 0.6354 -0.4470
1311868199.8053 0.9654 -2.0970 2.5768 0.0807 0.6257 0.6366 -0.4436
1311868199.8372 0.9608 -2.0995 2.5796 0.0813 0.6270 0.6380 -0.4396
1311868199.8692 0.9552 -2.0999 2.5823 0.0805 0.6289 0.6394 -0.4349
1311868199.9052 0.9502 -2.1034 2.5848 0.0787 0.6310 0.6413 -0.4295
1311868199.9372 0.9449 -2.1075 2.5882 0.0767 0.6331 0.6423 -0.4251
1311868199.9693 0.9405 -2.1094 2.5907 0.0753 0.6351 0.6423 -0.4224
1311868200.0052 0.9370 -2.1133 2.5940 0.0756 0.6372 0.6423 -0.4192
1311868200.0376 0.9330 -2.1189 2.5985 0.0777 0.6389 0.6430 -0.4152
1311868200.0694 0.9286 -2.1217 2.6033 0.0789 0.6402 0.6442 -0.4110
1311868200.1052 0.9232 -2.1270 2.6076 0.0785 0.6414 0.6459 -0.4065
1311868200.1373 0.9165 -2.1321 2.6129 0.0755 0.6427 0.6484 -0.4011
1311868200.1694 0.9129 -2.1383 2.6170 0.0718 0.6432 0.6502 -0.3980
1311868200.2055 0.9070 -2.1439 2.6228 0.0704 0.6439 0.6509 -0.3960
1311868200.2372 0.9024 -2.1485 2.6288 0.0710 0.6446 0.6515 -0.3937
1311868200.2734 0.8977 -2.1544 2.6341 0.0720 0.6453 0.6528 -0.3903
1311868200.3052 0.8917 -2.1608 2.6389 0.0729 0.6457 0.6547 -0.3861
1311868200.3372 0.8872 -2.1662 2.6444 0.0728 0.6462 0.6559 -0.3832
1311868200.3734 0.8828 -2.1718 2.6495 0.0722 0.6464 0.6572 -0.3808
1311868200.4052 0.8790 -2.1778 2.6550 0.0718 0.6464 0.6587 -0.3784
1311868200.4373 0.8760 -2.1820 2.6608 0.0724 0.6464 0.6599 -0.3762
1311868200.4733 0.8723 -2.1878 2.6667 0.0747 0.6461 0.6615 -0.3734
1311868200.5053 0.8672 -2.1921 2.6731 0.0766 0.6465 0.6628 -0.3700
1311868200.5372 0.8625 -2.1965 2.6788 0.0765 0.6468 0.6644 -0.3666
1311868200.5733 0.8584 -2.2011 2.6848 0.0748 0.6470 0.6656 -0.3642
1311868200.6052 0.8549 -2.2066 2.6894 0.0737 0.6466 0.6664 -0.3638
1311868200.6374 0.8505 -2.2105 2.6956 0.0746 0.6469 0.6660 -0.3640
1311868200.6735 0.8483 -2.2136 2.7016 0.0760 0.6475 0.6654 -0.3634
1311868200.7053 0.8474 -2.2174 2.7077 0.0769 0.6482 0.6653 -0.3623
1311868200.7376 0.8434 -2.2201 2.7119 0.0782 0.6485 0.6654 -0.3614
1311868200.7734 0.8410 -2.2233 2.7169 0.0788 0.6488 0.6653 -0.3609
1311868200.8052 0.8382 -2.2279 2.7203 0.0789 0.6487 0.6658 -0.3600
1311868200.8374 0.8349 -2.2306 2.7241 0.0798 0.6488 0.6660 -0.3594
1311868200.8732 0.8326 -2.2327 2.7280 0.0803 0.6493 0.6659 -0.3586
1311868200.9052 0.8318 -2.2344 2.7321 0.0803 0.6503 0.6655 -0.3575
1311868200.9374 0.8289 -2.2389 2.7348 0.0812 0.6511 0.6654 -0.3561
1311868200.9734 0.8273 -2.2409 2.7389 0.0821 0.6523 0.6645 -0.3552
1311868201.0053 0.8259 -2.2435 2.7420 0.0829 0.6531 0.6642 -0.3541
1311868201.0374 0.8236 -2.2466 2.7432 0.0835 0.6534 0.6643 -0.3531
1311868201.0732 0.8209 -2.2474 2.7469 0.0838 0.6541 0.6637 -0.3531
1311868201.1054 0.8175 -2.2495 2.7498 0.0847 0.6539 0.6632 -0.3541
1311868201.1375 0.8144 -2.2507 2.7523 0.0851 0.6542 0.6625 -0.3547
1311868201.1735 0.8129 -2.2509 2.7525 0.0844 0.6547 0.6625 -0.3540
1311868201.2053 0.8110 -2.2523 2.7551 0.0845 0.6560 0.6618 -0.3528
1311868201.2374 0.8078 -2.2556 2.7569 0.0853 0.6565 0.6617 -0.3520
1311868201.2734 0.8040 -2.2548 2.7581 0.0856 0.6563 0.6617 -0.3522
1311868201.3053 0.8015 -2.2566 2.7601 0.0857 0.6561 0.6617 -0.3527
1311868201.3375 0.7986 -2.2566 2.7611 0.0862 0.6553 0.6619 -0.3536
1311868201.3733 0.7958 -2.2568 2.7627 0.0865 0.6549 0.6618 -0.3545
1311868201.4053 0.7920 -2.2559 2.7637 0.0861 0.6547 0.6620 -0.3545
1311868201.4374 0.7889 -2.2561 2.7645 0.0854 0.6546 0.6623 -0.3543
1311868201.4732 0.7859 -2.2554 2.7647 0.0852 0.6545 0.6621 -0.3549
1311868201.5053 0.7837 -2.2556 2.7666 0.0856 0.6546 0.6618 -0.3553
1311868201.5375 0.7814 -2.2557 2.7673 0.0859 0.6547 0.6618 -0.3550
1311868201.5734 0.7795 -2.2556 2.7674 0.0860 0.6547 0.6622 -0.3541
1311868201.6054 0.7753 -2.2552 2.7678 0.0852 0.6549 0.6628 -0.3528
1311868201.6374 0.7728 -2.2547 2.7696 0.0835 0.6558 0.6627 -0.3519
1311868201.6735 0.7714 -2.2556 2.7701 0.0824 0.6565 0.6622 -0.3516
1311868201.7054 0.7675 -2.2558 2.7704 0.0826 0.6570 0.6621 -0.3511
1311868201.7374 0.7638 -2.2545 2.7707 0.0833 0.6572 0.6621 -0.3505
1311868201.7735 0.7621 -2.2569 2.7719 0.0841 0.6570 0.6624 -0.3500
1311868201.8053 0.7587 -2.2558 2.7734 0.0844 0.6567 0.6630 -0.3492
1311868201.8374 0.7558 -2.2550 2.7745 0.0850 0.6563 0.6638 -0.3484
1311868201.8733 0.7522 -2.2545 2.7752 0.0845 0.6557 0.6655 -0.3464
1311868201.9053 0.7498 -2.2565 2.7768 0.0831 0.6552 0.6672 -0.3444
1311868201.9375 0.7461 -2.2561 2.7789 0.0820 0.6546 0.6688 -0.3428
1311868201.9733 0.7407 -2.2547 2.7805 0.0817 0.6539 0.6700 -0.3417
1311868202.0053 0.7392 -2.2548 2.7828 0.0805 0.6534 0.6710 -0.3411
1311868202.0375 0.7353 -2.2543 2.7838 0.0799 0.6526 0.6722 -0.3404
1311868202.0733 0.7320 -2.2547 2.7868 0.0799 0.6524 0.6727 -0.3398
1311868202.1053 0.7299 -2.2552 2.7888 0.0807 0.6519 0.6733 -0.3394
1311868202.1376 0.7248 -2.2561 2.7930 0.0820 0.6516 0.6746 -0.3370
1311868202.1733 0.7209 -2.2581 2.7953 0.0822 0.6511 0.6764 -0.3345
1311868202.2053 0.7176 -2.2572 2.7957 0.0811 0.6503 0.6785 -0.3320
1311868202.2375 0.7138 -2.2619 2.8001 0.0809 0.6501 0.6804 -0.3283
1311868202.2733 0.7065 -2.2620 2.8017 0.0818 0.6489 0.6835 -0.3242
1311868202.3053 0.7017 -2.2632 2.8047 0.0818 0.6483 0.6854 -0.3215
1311868202.3374 0.6959 -2.2638 2.8080 0.0826 0.6479 0.6865 -0.3195
1311868202.3733 0.6912 -2.2634 2.8100 0.0835 0.6472 0.6871 -0.3196
1311868202.4053 0.6856 -2.2652 2.8131 0.0841 0.6473 0.6869 -0.3194
1311868202.4374 0.6806 -2.2667 2.8159 0.0840 0.6476 0.6872 -0.3185
1311868202.4734 0.6757 -2.2691 2.8185 0.0830 0.6480 0.6877 -0.3167
1311868202.5054 0.6699 -2.2726 2.8216 0.0817 0.6479 0.6888 -0.3148
1311868202.5375 0.6627 -2.2745 2.8241 0.0789 0.6474 0.6903 -0.3133
1311868202.5734 0.6562 -2.2776 2.8275 0.0760 0.6470 0.6907 -0.3138
1311868202.6054 0.6500 -2.2791 2.8298 0.0744 0.6465 0.6906 -0.3155
1311868202.6374 0.6451 -2.2826 2.8335 0.0745 0.6469 0.6899 -0.3163
1311868202.6737 0.6403 -2.2841 2.8349 0.0751 0.6472 0.6898 -0.3159
1311868202.7055 0.6318 -2.2869 2.8370 0.0744 0.6482 0.6900 -0.3135
1311868202.7373 0.6270 -2.2883 2.8383 0.0717 0.6491 0.6898 -0.3126
1311868202.7734 0.6204 -2.2911 2.8385 0.0680 0.6500 0.6894 -0.3125
1311868202.8054 0.6140 -2.2921 2.8407 0.0650 0.6516 0.6879 -0.3130
1311868202.8376 0.6103 -2.2955 2.8419 0.0633 0.6533 0.6860 -0.3141
1311868202.8734 0.6058 -2.2971 2.8421 0.0641 0.6544 0.6846 -0.3146
1311868202.9054 0.6007 -2.2982 2.8427 0.0649 0.6563 0.6834 -0.3132
1311868202.9376 0.5950 -2.2988 2.8409 0.0641 0.6587 0.6826 -0.3099
1311868202.9734 0.5915 -2.3005 2.8398 0.0624 0.6613 0.6817 -0.3067
1311868203.0056 0.5877 -2.3011 2.8384 0.0608 0.6638 0.6806 -0.3041
1311868203.0376 0.5845 -2.2998 2.8364 0.0601 0.6657 0.6790 -0.3037
1311868203.0734 0.5825 -2.3027 2.8346 0.0604 0.6677 0.6774 -0.3029
1311868203.1056 0.5800 -2.3003 2.8322 0.0628 0.6690 0.6766 -0.3011
1311868203.1375 0.5805 -2.2982 2.8299 0.0678 0.6717 0.6743 -0.2993
1311868203.1735 0.5782 -2.2967 2.8255 0.0750 0.6742 0.6731 -0.2944
1311868203.2054 0.5723 -2.2972 2.8191 0.0789 0.6770 0.6726 -0.2881
1311868203.2375 0.5675 -2.3003 2.8135 0.0805 0.6798 0.6711 -0.2845
1311868203.2735 0.5629 -2.3013 2.8084 0.0804 0.6823 0.6694 -0.2826
1311868203.3055 0.5587 -2.3019 2.8011 0.0789 0.6849 0.6677 -0.2809
1311868203.3375 0.5553 -2.3041 2.7959 0.0757 0.6880 0.6659 -0.2785
1311868203.3736 0.5507 -2.3068 2.7891 0.0723 0.6909 0.6642 -0.2760
1311868203.4055 0.5473 -2.3089 2.7825 0.0687 0.6940 0.6624 -0.2735
1311868203.4377 0.5453 -2.3145 2.7781 0.0666 0.6965 0.6615 -0.2698
1311868203.5055 0.5400 -2.3162 2.7669 0.0677 0.6990 0.6628 -0.2597
1311868203.5374 0.5354 -2.3177 2.7593 0.0708 0.7005 0.6630 -0.2545
1311868203.5735 0.5305 -2.3210 2.7559 0.0716 0.7026 0.6628 -0.2487
1311868203.6054 0.5253 -2.3231 2.7502 0.0705 0.7036 0.6637 -0.2442
1311868203.6736 0.5145 -2.3221 2.7414 0.0703 0.7060 0.6614 -0.2433
1311868203.7055 0.5099 -2.3269 2.7393 0.0696 0.7075 0.6609 -0.2405
1311868203.7376 0.5039 -2.3281 2.7356 0.0688 0.7076 0.6622 -0.2369
1311868203.7737 0.4974 -2.3298 2.7302 0.0697 0.7075 0.6631 -0.2343
1311868203.8055 0.4937 -2.3364 2.7276 0.0717 0.7078 0.6640 -0.2302
1311868203.8375 0.4882 -2.3428 2.7275 0.0737 0.7062 0.6678 -0.2231
1311868203.9056 0.4695 -2.3351 2.7144 0.0732 0.7006 0.6779 -0.2103
1311868203.9377 0.4610 -2.3373 2.7085 0.0732 0.7017 0.6773 -0.2086
1311868203.9736 0.4510 -2.3403 2.7046 0.0721 0.7026 0.6767 -0.2077
1311868204.0055 0.4436 -2.3402 2.6973 0.0697 0.7042 0.6750 -0.2087
1311868204.0376 0.4376 -2.3480 2.6937 0.0687 0.7070 0.6726 -0.2077
1311868204.0736 0.4296 -2.3526 2.6903 0.0671 0.7083 0.6724 -0.2040
1311868204.1055 0.4220 -2.3525 2.6835 0.0662 0.7095 0.6719 -0.2018
1311868204.1377 0.4157 -2.3571 2.6803 0.0668 0.7114 0.6707 -0.1990
1311868204.1737 0.4065 -2.3592 2.6745 0.0685 0.7122 0.6705 -0.1963
1311868204.2055 0.3986 -2.3626 2.6713 0.0696 0.7139 0.6688 -0.1953
1311868204.2377 0.3899 -2.3667 2.6661 0.0700 0.7147 0.6682 -0.1945
1311868204.2736 0.3839 -2.3694 2.6657 0.0696 0.7155 0.6677 -0.1933
1311868204.3055 0.3785 -2.3725 2.6631 0.0698 0.7155 0.6684 -0.1908
1311868204.3377 0.3709 -2.3757 2.6599 0.0698 0.7147 0.6704 -0.1869
1311868204.3736 0.3652 -2.3773 2.6569 0.0705 0.7138 0.6722 -0.1836
1311868204.4057 0.3587 -2.3773 2.6536 0.0723 0.7130 0.6737 -0.1804
1311868204.4377 0.3531 -2.3825 2.6528 0.0739 0.7127 0.6749 -0.1762
1311868204.4735 0.3454 -2.3828 2.6498 0.0747 0.7108 0.6779 -0.1719
1311868204.5378 0.3310 -2.3872 2.6412 0.0719 0.7102 0.6802 -0.1668
1311868204.5737 0.3233 -2.3884 2.6383 0.0698 0.7105 0.6799 -0.1677
1311868204.6057 0.3183 -2.3929 2.6358 0.0673 0.7116 0.6784 -0.1699
1311868204.6376 0.3108 -2.3983 2.6320 0.0653 0.7117 0.6782 -0.1711
1311868204.6737 0.3067 -2.4034 2.6308 0.0618 0.7125 0.6775 -0.1716
1311868204.7055 0.3028 -2.4075 2.6297 0.0594 0.7127 0.6777 -0.1709
1311868204.7377 0.2987 -2.4110 2.6262 0.0578 0.7126 0.6784 -0.1695
1311868204.7737 0.2954 -2.4130 2.6255 0.0586 0.7128 0.6782 -0.1690
1311868204.8376 0.2925 -2.4219 2.6210 0.0655 0.7123 0.6788 -0.1658
1311868204.8736 0.2872 -2.4233 2.6174 0.0707 0.7120 0.6801 -0.1600
1311868204.9057 0.2814 -2.4262 2.6155 0.0749 0.7129 0.6799 -0.1543
1311868204.9377 0.2722 -2.4282 2.6117 0.0766 0.7134 0.6803 -0.1499
1311868205.0060 0.2553 -2.4365 2.6038 0.0711 0.7154 0.6776 -0.1550
1311868205.0377 0.2512 -2.4422 2.6016 0.0681 0.7161 0.6758 -0.1606
1311868205.0736 0.2488 -2.4452 2.5988 0.0658 0.7167 0.6742 -0.1658
1311868205.1376 0.2432 -2.4536 2.5941 0.0644 0.7194 0.6705 -0.1696
1311868205.1736 0.2422 -2.4561 2.5924 0.0634 0.7209 0.6689 -0.1699
1311868205.2056 0.2380 -2.4580 2.5908 0.0628 0.7226 0.6671 -0.1699
1311868205.2378 0.2341 -2.4611 2.5877 0.0618 0.7234 0.6661 -0.1706
1311868205.2736 0.2316 -2.4643 2.5873 0.0599 0.7249 0.6646 -0.1707
1311868205.3056 0.2281 -2.4651 2.5840 0.0573 0.7262 0.6634 -0.1708
1311868205.3378 0.2271 -2.4688 2.5822 0.0552 0.7281 0.6613 -0.1719
1311868205.3735 0.2264 -2.4713 2.5810 0.0545 0.7300 0.6593 -0.1718
1311868205.4057 0.2263 -2.4744 2.5786 0.0545 0.7324 0.6569 -0.1705
1311868205.4377 0.2249 -2.4757 2.5772 0.0563 0.7347 0.6547 -0.1686
1311868205.4736 0.2215 -2.4774 2.5732 0.0580 0.7377 0.6514 -0.1674
1311868205.5057 0.2208 -2.4783 2.5708 0.0589 0.7419 0.6467 -0.1670
1311868205.5377 0.2190 -2.4812 2.5677 0.0602 0.7465 0.6415 -0.1664
1311868205.5736 0.2166 -2.4853 2.5663 0.0612 0.7514 0.6355 -0.1665
1311868205.6055 0.2156 -2.4904 2.5670 0.0616 0.7553 0.6308 -0.1668
1311868205.6377 0.2146 -2.4939 2.5674 0.0615 0.7578 0.6278 -0.1668
1311868205.7056 0.2105 -2.4970 2.5628 0.0572 0.7607 0.6241 -0.1691
1311868205.7378 0.2115 -2.5003 2.5638 0.0565 0.7616 0.6221 -0.1724
1311868205.7736 0.2100 -2.5003 2.5607 0.0561 0.7616 0.6218 -0.1738
1311868205.8057 0.2086 -2.5022 2.5590 0.0552 0.7620 0.6212 -0.1747
1311868205.8376 0.2065 -2.5025 2.5560 0.0546 0.7618 0.6210 -0.1763
1311868205.9056 0.2040 -2.5024 2.5510 0.0541 0.7636 0.6177 -0.1800
1311868205.9378 0.2021 -2.5020 2.5491 0.0535 0.7651 0.6157 -0.1809
1311868205.9737 0.2007 -2.5031 2.5477 0.0520 0.7662 0.6143 -0.1812
1311868206.0056 0.1997 -2.5016 2.5433 0.0506 0.7672 0.6131 -0.1815
1311868206.0380 0.1966 -2.5027 2.5407 0.0491 0.7688 0.6112 -0.1819
1311868206.1057 0.1926 -2.5043 2.5334 0.0489 0.7713 0.6069 -0.1855
1311868206.1377 0.1906 -2.5068 2.5296 0.0506 0.7731 0.6040 -0.1868
1311868206.1738 0.1866 -2.5095 2.5262 0.0509 0.7751 0.6013 -0.1870
1311868206.2057 0.1808 -2.5120 2.5239 0.0493 0.7770 0.5985 -0.1891
1311868206.2379 0.1789 -2.5133 2.5243 0.0472 0.7781 0.5959 -0.1930
1311868206.3056 0.1777 -2.5132 2.5213 0.0409 0.7786 0.5938 -0.1987
1311868206.3377 0.1783 -2.5129 2.5210 0.0400 0.7791 0.5928 -0.2000
1311868206.4056 0.1779 -2.5088 2.5223 0.0394 0.7784 0.5937 -0.2001
1311868206.4377 0.1770 -2.5057 2.5232 0.0384 0.7780 0.5942 -0.2003
1311868206.4737 0.1784 -2.5023 2.5259 0.0388 0.7775 0.5948 -0.2008
1311868206.5058 0.1812 -2.4975 2.5294 0.0410 0.7766 0.5958 -0.2006
1311868206.5377 0.1816 -2.4940 2.5303 0.0420 0.7754 0.5982 -0.1979
1311868206.5737 0.1800 -2.4890 2.5330 0.0412 0.7740 0.6010 -0.1949
1311868206.6378 0.1779 -2.4812 2.5390 0.0353 0.7715 0.6060 -0.1906
1311868206.6738 0.1760 -2.4777 2.5403 0.0313 0.7697 0.6089 -0.1894
1311868206.7057 0.1770 -2.4735 2.5433 0.0274 0.7689 0.6103 -0.1886
1311868206.7377 0.1797 -2.4702 2.5487 0.0262 0.7684 0.6114 -0.1872
1311868206.8057 0.1798 -2.4636 2.5562 0.0282 0.7672 0.6146 -0.1814
1311868206.8377 0.1763 -2.4605 2.5584 0.0286 0.7665 0.6165 -0.1778
1311868206.8737 0.1742 -2.4593 2.5629 0.0279 0.7664 0.6174 -0.1753
1311868206.9060 0.1732 -2.4560 2.5683 0.0269 0.7659 0.6184 -0.1739
1311868206.9381 0.1723 -2.4543 2.5720 0.0265 0.7661 0.6185 -0.1731
1311868206.9737 0.1720 -2.4531 2.5800 0.0269 0.7659 0.6194 -0.1704
1311868207.0057 0.1685 -2.4513 2.5829 0.0272 0.7649 0.6216 -0.1665
1311868207.0738 0.1601 -2.4479 2.5907 0.0249 0.7641 0.6238 -0.1624
1311868207.1057 0.1604 -2.4477 2.5969 0.0230 0.7644 0.6239 -0.1613
1311868207.1377 0.1589 -2.4476 2.6029 0.0220 0.7644 0.6247 -0.1582
1311868207.2058 0.1536 -2.4477 2.6119 0.0214 0.7640 0.6269 -0.1513
1311868207.2378 0.1522 -2.4467 2.6174 0.0213 0.7640 0.6275 -0.1485
1311868207.2738 0.1484 -2.4468 2.6229 0.0227 0.7637 0.6285 -0.1455
1311868207.3057 0.1448 -2.4473 2.6275 0.0241 0.7634 0.6294 -0.1430
1311868207.3379 0.1409 -2.4469 2.6336 0.0265 0.7631 0.6301 -0.1410
1311868207.4058 0.1344 -2.4450 2.6440 0.0318 0.7625 0.6315 -0.1372
1311868207.4380 0.1289 -2.4441 2.6491 0.0350 0.7613 0.6329 -0.1363
1311868207.4736 0.1234 -2.4426 2.6538 0.0370 0.7606 0.6336 -0.1366
1311868207.5057 0.1181 -2.4419 2.6602 0.0366 0.7604 0.6337 -0.1369
1311868207.5378 0.1139 -2.4411 2.6660 0.0350 0.7597 0.6347 -0.1373
1311868207.5739 0.1108 -2.4400 2.6722 0.0342 0.7594 0.6348 -0.1386
1311868207.6057 0.1079 -2.4376 2.6790 0.0343 0.7587 0.6354 -0.1394
1311868207.6377 0.1057 -2.4363 2.6865 0.0344 0.7582 0.6360 -0.1394
1311868207.6738 0.1027 -2.4345 2.6908 0.0345 0.7569 0.6377 -0.1388
1311868207.7058 0.0989 -2.4320 2.6967 0.0340 0.7561 0.6388 -0.1385
1311868207.7378 0.0947 -2.4313 2.7020 0.0330 0.7549 0.6403 -0.1381
1311868207.7737 0.0903 -2.4307 2.7069 0.0319 0.7536 0.6418 -0.1382
1311868207.8058 0.0885 -2.4273 2.7123 0.0317 0.7526 0.6428 -0.1393
1311868207.8379 0.0837 -2.4254 2.7179 0.0324 0.7515 0.6438 -0.1402
1311868207.8739 0.0793 -2.4249 2.7230 0.0312 0.7503 0.6451 -0.1413
1311868207.9057 0.0769 -2.4238 2.7280 0.0298 0.7491 0.6463 -0.1426
1311868207.9378 0.0744 -2.4232 2.7340 0.0281 0.7481 0.6472 -0.1436
1311868207.9738 0.0730 -2.4216 2.7397 0.0276 0.7472 0.6481 -0.1448
1311868208.0058 0.0709 -2.4223 2.7463 0.0277 0.7466 0.6486 -0.1451
1311868208.0377 0.0696 -2.4222 2.7528 0.0274 0.7459 0.6494 -0.1456
1311868208.0737 0.0681 -2.4220 2.7597 0.0266 0.7452 0.6504 -0.1451
1311868208.1377 0.0639 -2.4232 2.7706 0.0233 0.7428 0.6536 -0.1433
1311868208.1738 0.0603 -2.4247 2.7738 0.0213 0.7407 0.6562 -0.1424
1311868208.2378 0.0590 -2.4245 2.7866 0.0176 0.7384 0.6587 -0.1431
1311868208.2739 0.0572 -2.4247 2.7917 0.0166 0.7369 0.6604 -0.1430
1311868208.3378 0.0559 -2.4250 2.8044 0.0172 0.7352 0.6625 -0.1422
1311868208.3738 0.0543 -2.4254 2.8106 0.0188 0.7344 0.6636 -0.1412
1311868208.4379 0.0487 -2.4276 2.8213 0.0216 0.7323 0.6661 -0.1398
1311868208.4739 0.0460 -2.4271 2.8259 0.0229 0.7309 0.6676 -0.1399
1311868208.5379 0.0413 -2.4266 2.8358 0.0241 0.7298 0.6686 -0.1410
1311868208.5739 0.0390 -2.4252 2.8407 0.0238 0.7301 0.6683 -0.1407
1311868208.6378 0.0332 -2.4287 2.8527 0.0268 0.7292 0.6693 -0.1398
1311868208.6739 0.0297 -2.4277 2.8571 0.0289 0.7269 0.6717 -0.1398
1311868208.7378 0.0238 -2.4254 2.8690 0.0329 0.7234 0.6753 -0.1402
1311868208.7740 0.0189 -2.4254 2.8735 0.0334 0.7210 0.6779 -0.1396
1311868208.8378 0.0163 -2.4185 2.8839 0.0346 0.7173 0.6812 -0.1424
1311868208.8738 0.0149 -2.4167 2.8895 0.0355 0.7151 0.6834 -0.1426
1311868208.9377 0.0120 -2.4086 2.8959 0.0377 0.7118 0.6865 -0.1438
1311868208.9738 0.0095 -2.4073 2.8991 0.0393 0.7104 0.6877 -0.1446
1311868209.0378 0.0033 -2.4010 2.9081 0.0381 0.7082 0.6899 -0.1453
1311868209.0738 0.0042 -2.3957 2.9128 0.0364 0.7070 0.6908 -0.1471
1311868209.1378 0.0018 -2.3867 2.9209 0.0373 0.7035 0.6936 -0.1506
1311868209.1738 0.0001 -2.3839 2.9255 0.0374 0.7021 0.6950 -0.1502
1311868209.2378 -0.0019 -2.3706 2.9295 0.0375 0.6987 0.6989 -0.1482
1311868209.2738 -0.0037 -2.3643 2.9319 0.0376 0.6980 0.6998 -0.1472
1311868209.3058 -0.0075 -2.3614 2.9323 0.0381 0.6968 0.7011 -0.1464
1311868209.3419 -0.0099 -2.3536 2.9331 0.0387 0.6956 0.7020 -0.1476
1311868209.4058 -0.0180 -2.3443 2.9395 0.0435 0.6938 0.7026 -0.1522
1311868209.4420 -0.0206 -2.3376 2.9414 0.0457 0.6925 0.7034 -0.1535
1311868209.5058 -0.0265 -2.3236 2.9427 0.0481 0.6925 0.7029 -0.1549
1311868209.5418 -0.0319 -2.3212 2.9447 0.0489 0.6931 0.7027 -0.1533
1311868209.6060 -0.0380 -2.3086 2.9444 0.0498 0.6935 0.7027 -0.1513
1311868209.6421 -0.0412 -2.3046 2.9446 0.0525 0.6931 0.7028 -0.1511
1311868209.7059 -0.0510 -2.2960 2.9447 0.0565 0.6929 0.7039 -0.1456
1311868209.7420 -0.0533 -2.2891 2.9421 0.0563 0.6926 0.7044 -0.1448
1311868209.8058 -0.0647 -2.2862 2.9395 0.0528 0.6929 0.7049 -0.1424
1311868209.8419 -0.0664 -2.2817 2.9410 0.0492 0.6932 0.7047 -0.1432
1311868209.9058 -0.0693 -2.2720 2.9424 0.0436 0.6939 0.7040 -0.1451
1311868209.9421 -0.0683 -2.2680 2.9467 0.0429 0.6959 0.7019 -0.1458
1311868210.0059 -0.0691 -2.2607 2.9450 0.0440 0.6972 0.7008 -0.1446
1311868210.0420 -0.0715 -2.2595 2.9477 0.0454 0.6988 0.6994 -0.1433
1311868210.0738 -0.0718 -2.2560 2.9469 0.0455 0.6993 0.6990 -0.1423
1311868210.1059 -0.0769 -2.2544 2.9498 0.0457 0.7005 0.6983 -0.1401
1311868210.1419 -0.0798 -2.2526 2.9490 0.0441 0.7003 0.6988 -0.1390
1311868210.1739 -0.0788 -2.2472 2.9497 0.0419 0.7007 0.6985 -0.1392
1311868210.2058 -0.0807 -2.2464 2.9516 0.0415 0.7013 0.6980 -0.1385
1311868210.2419 -0.0798 -2.2434 2.9521 0.0411 0.7010 0.6984 -0.1382
1311868210.3060 -0.0817 -2.2391 2.9565 0.0436 0.7007 0.6989 -0.1364
1311868210.3419 -0.0844 -2.2376 2.9575 0.0451 0.6996 0.7004 -0.1342
1311868210.4059 -0.0878 -2.2334 2.9591 0.0465 0.6976 0.7028 -0.1316
1311868210.4420 -0.0919 -2.2315 2.9610 0.0469 0.6965 0.7040 -0.1302
1311868210.4739 -0.0933 -2.2297 2.9589 0.0466 0.6954 0.7053 -0.1297
1311868210.5059 -0.0897 -2.2255 2.9594 0.0460 0.6956 0.7049 -0.1308
1311868210.5419 -0.0897 -2.2231 2.9596 0.0475 0.6961 0.7044 -0.1307
1311868210.5739 -0.0909 -2.2230 2.9636 0.0503 0.6969 0.7035 -0.1301
1311868210.6060 -0.0919 -2.2214 2.9622 0.0528 0.6965 0.7038 -0.1296
1311868210.6420 -0.0960 -2.2213 2.9647 0.0550 0.6969 0.7036 -0.1278
1311868210.6739 -0.0977 -2.2205 2.9628 0.0551 0.6965 0.7042 -0.1261
1311868210.7059 -0.0994 -2.2197 2.9624 0.0538 0.6971 0.7041 -0.1243
1311868210.7421 -0.1005 -2.2190 2.9635 0.0523 0.6981 0.7035 -0.1230
1311868210.7740 -0.1013 -2.2182 2.9639 0.0509 0.6992 0.7027 -0.1213
1311868210.8059 -0.1033 -2.2195 2.9632 0.0496 0.7002 0.7023 -0.1185
1311868210.8419 -0.1032 -2.2185 2.9636 0.0485 0.7015 0.7015 -0.1164
1311868210.8740 -0.1063 -2.2193 2.9658 0.0484 0.7033 0.7000 -0.1141
1311868210.9058 -0.1097 -2.2212 2.9673 0.0491 0.7042 0.6996 -0.1108
1311868210.9420 -0.1121 -2.2204 2.9672 0.0492 0.7047 0.6995 -0.1078
1311868210.9742 -0.1184 -2.2221 2.9670 0.0500 0.7050 0.6995 -0.1051
1311868211.0058 -0.1243 -2.2236 2.9682 0.0503 0.7048 0.7001 -0.1028
1311868211.0419 -0.1303 -2.2223 2.9695 0.0486 0.7048 0.7006 -0.1007
1311868211.0740 -0.1376 -2.2238 2.9712 0.0473 0.7048 0.7009 -0.0991
1311868211.1060 -0.1432 -2.2229 2.9750 0.0459 0.7053 0.7006 -0.0978
1311868211.1420 -0.1470 -2.2231 2.9765 0.0452 0.7054 0.7007 -0.0969
1311868211.1741 -0.1497 -2.2222 2.9782 0.0454 0.7053 0.7008 -0.0966
1311868211.2058 -0.1558 -2.2231 2.9809 0.0468 0.7057 0.7005 -0.0959
1311868211.2420 -0.1613 -2.2239 2.9853 0.0479 0.7057 0.7006 -0.0940
1311868211.2741 -0.1663 -2.2248 2.9856 0.0475 0.7049 0.7018 -0.0916
1311868211.3061 -0.1756 -2.2276 2.9894 0.0467 0.7048 0.7023 -0.0884
1311868211.3422 -0.1821 -2.2280 2.9910 0.0440 0.7045 0.7030 -0.0864
1311868211.3741 -0.1901 -2.2298 2.9944 0.0425 0.7044 0.7033 -0.0859
1311868211.4061 -0.1981 -2.2330 2.9999 0.0424 0.7046 0.7031 -0.0858
1311868211.4422 -0.2057 -2.2350 3.0037 0.0424 0.7043 0.7036 -0.0845
1311868211.4739 -0.2122 -2.2365 3.0065 0.0417 0.7042 0.7039 -0.0828
1311868211.5059 -0.2214 -2.2389 3.0099 0.0410 0.7045 0.7039 -0.0805
1311868211.5419 -0.2291 -2.2413 3.0126 0.0398 0.7047 0.7040 -0.0786
1311868211.5740 -0.2372 -2.2433 3.0160 0.0388 0.7051 0.7038 -0.0772
1311868211.6060 -0.2415 -2.2449 3.0201 0.0378 0.7056 0.7034 -0.0769
1311868211.6420 -0.2484 -2.2474 3.0263 0.0380 0.7059 0.7032 -0.0757
1311868211.6740 -0.2553 -2.2494 3.0307 0.0384 0.7058 0.7035 -0.0742
1311868211.7060 -0.2657 -2.2530 3.0346 0.0389 0.7053 0.7042 -0.0717
1311868211.7421 -0.2727 -2.2550 3.0370 0.0383 0.7043 0.7053 -0.0706
1311868211.7740 -0.2752 -2.2564 3.0404 0.0367 0.7037 0.7060 -0.0713
1311868211.8062 -0.2799 -2.2574 3.0453 0.0364 0.7034 0.7061 -0.0725
1311868211.8421 -0.2815 -2.2581 3.0496 0.0363 0.7033 0.7061 -0.0742
1311868211.8739 -0.2879 -2.2607 3.0526 0.0372 0.7027 0.7066 -0.0738
1311868211.9060 -0.2938 -2.2618 3.0552 0.0379 0.7020 0.7074 -0.0732
1311868211.9423 -0.2975 -2.2631 3.0603 0.0383 0.7019 0.7074 -0.0740
1311868211.9740 -0.3045 -2.2659 3.0621 0.0382 0.7011 0.7082 -0.0741
1311868212.0059 -0.3091 -2.2684 3.0652 0.0367 0.7004 0.7090 -0.0745
1311868212.0422 -0.3150 -2.2693 3.0678 0.0356 0.6998 0.7095 -0.0755
1311868212.0740 -0.3193 -2.2707 3.0735 0.0357 0.6998 0.7093 -0.0772
1311868212.1059 -0.3223 -2.2743 3.0754 0.0356 0.6988 0.7102 -0.0778
1311868212.1421 -0.3278 -2.2741 3.0763 0.0350 0.6976 0.7115 -0.0770
1311868212.1740 -0.3282 -2.2743 3.0797 0.0340 0.6977 0.7113 -0.0788
1311868212.2061 -0.3348 -2.2774 3.0787 0.0339 0.6969 0.7120 -0.0795
1311868212.2423 -0.3390 -2.2784 3.0871 0.0345 0.6979 0.7109 -0.0800
1311868212.2743 -0.3448 -2.2797 3.0887 0.0346 0.6981 0.7108 -0.0794
1311868212.3060 -0.3487 -2.2806 3.0890 0.0340 0.6981 0.7108 -0.0791
1311868212.3421 -0.3520 -2.2828 3.0939 0.0332 0.6989 0.7100 -0.0792
1311868212.3742 -0.3568 -2.2833 3.0921 0.0324 0.6986 0.7103 -0.0802
1311868212.4061 -0.3614 -2.2847 3.0958 0.0337 0.6989 0.7096 -0.0831
1311868212.4421 -0.3699 -2.2861 3.0998 0.0352 0.6993 0.7089 -0.0845
1311868212.4740 -0.3736 -2.2847 3.1001 0.0354 0.6994 0.7087 -0.0863
1311868212.5060 -0.3808 -2.2850 3.1005 0.0366 0.6999 0.7079 -0.0876
1311868212.5422 -0.3810 -2.2846 3.1000 0.0360 0.7002 0.7075 -0.0888
1311868212.5740 -0.3867 -2.2846 3.1017 0.0358 0.7010 0.7067 -0.0892
1311868212.6061 -0.3885 -2.2849 3.1025 0.0357 0.7017 0.7057 -0.0916
1311868212.6421 -0.3896 -2.2855 3.1030 0.0356 0.7018 0.7052 -0.0946
1311868212.6742 -0.3940 -2.2838 3.1029 0.0354 0.7020 0.7048 -0.0959
1311868212.7069 -0.3954 -2.2834 3.1034 0.0347 0.7027 0.7039 -0.0976
1311868212.7422 -0.4027 -2.2847 3.1006 0.0346 0.7028 0.7038 -0.0974
1311868212.7739 -0.4034 -2.2842 3.1004 0.0336 0.7030 0.7035 -0.0984
1311868212.8060 -0.4067 -2.2840 3.0989 0.0327 0.7032 0.7033 -0.0990
1311868212.8421 -0.4093 -2.2835 3.0987 0.0319 0.7033 0.7032 -0.0995
1311868212.8741 -0.4130 -2.2828 3.0959 0.0306 0.7031 0.7034 -0.0996
1311868212.9062 -0.4190 -2.2830 3.0966 0.0291 0.7035 0.7032 -0.0990
1311868212.9421 -0.4194 -2.2803 3.0945 0.0273 0.7035 0.7031 -0.1005
1311868212.9742 -0.4193 -2.2805 3.0932 0.0263 0.7040 0.7023 -0.1023
1311868213.0062 -0.4208 -2.2787 3.0937 0.0271 0.7042 0.7019 -0.1031
1311868213.0422 -0.4267 -2.2760 3.0962 0.0289 0.7051 0.7011 -0.1021
1311868213.0740 -0.4352 -2.2746 3.0943 0.0308 0.7051 0.7014 -0.0999
1311868213.1061 -0.4361 -2.2728 3.0923 0.0303 0.7052 0.7014 -0.0990
1311868213.1421 -0.4397 -2.2702 3.0891 0.0292 0.7056 0.7013 -0.0969
1311868213.1742 -0.4422 -2.2674 3.0871 0.0280 0.7066 0.7006 -0.0952
1311868213.2063 -0.4442 -2.2657 3.0864 0.0270 0.7083 0.6992 -0.0932
1311868213.2422 -0.4484 -2.2628 3.0834 0.0272 0.7097 0.6981 -0.0910
1311868213.2740 -0.4533 -2.2598 3.0813 0.0279 0.7113 0.6967 -0.0887
1311868213.3062 -0.4569 -2.2595 3.0773 0.0271 0.7127 0.6957 -0.0862
1311868213.3424 -0.4621 -2.2587 3.0740 0.0264 0.7137 0.6949 -0.0840
1311868213.3744 -0.4639 -2.2574 3.0753 0.0260 0.7147 0.6939 -0.0833
1311868213.4060 -0.4666 -2.2550 3.0737 0.0263 0.7147 0.6940 -0.0826
1311868213.4423 -0.4706 -2.2523 3.0721 0.0274 0.7145 0.6943 -0.0816
1311868213.4745 -0.4754 -2.2498 3.0709 0.0272 0.7145 0.6946 -0.0792
1311868213.5063 -0.4806 -2.2480 3.0704 0.0262 0.7144 0.6951 -0.0763
1311868213.5422 -0.4817 -2.2447 3.0672 0.0239 0.7140 0.6957 -0.0746
1311868213.5743 -0.4854 -2.2434 3.0677 0.0224 0.7143 0.6957 -0.0725
1311868213.6084 -0.4872 -2.2404 3.0662 0.0207 0.7144 0.6959 -0.0705
1311868213.6421 -0.4894 -2.2377 3.0641 0.0190 0.7144 0.6961 -0.0688
1311868213.6742 -0.4926 -2.2340 3.0622 0.0174 0.7152 0.6954 -0.0677
1311868213.7063 -0.4961 -2.2312 3.0601 0.0167 0.7160 0.6947 -0.0671
1311868213.7422 -0.4987 -2.2295 3.0595 0.0171 0.7169 0.6937 -0.0672
1311868213.7741 -0.5014 -2.2272 3.0591 0.0194 0.7176 0.6929 -0.0676
1311868213.8062 -0.5053 -2.2262 3.0552 0.0222 0.7177 0.6927 -0.0681
1311868213.8422 -0.5081 -2.2246 3.0536 0.0238 0.7182 0.6921 -0.0679
1311868213.8741 -0.5099 -2.2221 3.0513 0.0241 0.7188 0.6915 -0.0678
1311868213.9063 -0.5162 -2.2215 3.0502 0.0244 0.7196 0.6907 -0.0670
1311868213.9422 -0.5172 -2.2202 3.0480 0.0239 0.7203 0.6900 -0.0669
1311868213.9741 -0.5185 -2.2180 3.0494 0.0229 0.7223 0.6880 -0.0662
1311868214.0063 -0.5170 -2.2163 3.0497 0.0222 0.7246 0.6857 -0.0651
1311868214.0422 -0.5215 -2.2170 3.0492 0.0238 0.7263 0.6841 -0.0621
1311868214.0741 -0.5207 -2.2155 3.0482 0.0254 0.7275 0.6829 -0.0615
1311868214.1062 -0.5249 -2.2135 3.0482 0.0305 0.7280 0.6821 -0.0610
1311868214.1423 -0.5340 -2.2140 3.0471 0.0353 0.7277 0.6825 -0.0588
1311868214.1740 -0.5360 -2.2118 3.0429 0.0399 0.7268 0.6832 -0.0578
1311868214.2063 -0.5366 -2.2113 3.0427 0.0427 0.7270 0.6831 -0.0551
1311868214.2422 -0.5384 -2.2096 3.0407 0.0432 0.7273 0.6830 -0.0518
1311868214.2742 -0.5418 -2.2097 3.0374 0.0428 0.7275 0.6829 -0.0499
1311868214.3064 -0.5433 -2.2091 3.0374 0.0419 0.7284 0.6820 -0.0508
1311868214.3423 -0.5444 -2.2075 3.0379 0.0414 0.7291 0.6812 -0.0516
1311868214.3742 -0.5451 -2.2064 3.0380 0.0413 0.7294 0.6809 -0.0513
1311868214.4062 -0.5463 -2.2050 3.0384 0.0428 0.7297 0.6805 -0.0506
1311868214.4422 -0.5497 -2.2031 3.0374 0.0447 0.7301 0.6802 -0.0484
1311868214.4743 -0.5525 -2.2032 3.0358 0.0449 0.7305 0.6799 -0.0455
1311868214.5066 -0.5541 -2.2030 3.0368 0.0430 0.7313 0.6793 -0.0422
1311868214.5423 -0.5564 -2.2015 3.0336 0.0413 0.7315 0.6794 -0.0406
1311868214.5744 -0.5586 -2.2005 3.0351 0.0406 0.7326 0.6783 -0.0393
1311868214.6064 -0.5606 -2.1989 3.0354 0.0403 0.7333 0.6777 -0.0363
1311868214.6423 -0.5638 -2.1966 3.0342 0.0407 0.7340 0.6772 -0.0318
1311868214.6744 -0.5686 -2.1965 3.0333 0.0415 0.7346 0.6766 -0.0273
1311868214.7062 -0.5697 -2.1945 3.0337 0.0417 0.7358 0.6755 -0.0244
1311868214.7423 -0.5726 -2.1927 3.0317 0.0417 0.7366 0.6747 -0.0207
1311868214.7745 -0.5777 -2.1922 3.0317 0.0413 0.7379 0.6735 -0.0160
1311868214.8065 -0.5784 -2.1900 3.0319 0.0394 0.7395 0.6719 -0.0111
1311868214.8423 -0.5804 -2.1889 3.0312 0.0375 0.7412 0.6702 -0.0060
1311868214.8743 -0.5827 -2.1899 3.0301 0.0367 0.7426 0.6688 -0.0016
1311868214.9063 -0.5853 -2.1898 3.0294 0.0379 0.7428 0.6684 0.0026
1311868214.9422 -0.5896 -2.1886 3.0290 0.0389 0.7427 0.6684 0.0075
1311868214.9744 -0.5929 -2.1875 3.0291 0.0375 0.7428 0.6683 0.0129
1311868215.0064 -0.5965 -2.1869 3.0281 0.0336 0.7434 0.6678 0.0179
1311868215.0422 -0.5973 -2.1873 3.0282 0.0292 0.7442 0.6670 0.0204
1311868215.0742 -0.6011 -2.1864 3.0261 0.0266 0.7447 0.6665 0.0228
1311868215.1062 -0.6040 -2.1856 3.0243 0.0258 0.7454 0.6656 0.0248
1311868215.1423 -0.6071 -2.1858 3.0241 0.0253 0.7466 0.6642 0.0283
1311868215.1743 -0.6107 -2.1868 3.0215 0.0241 0.7473 0.6633 0.0331
1311868215.2064 -0.6128 -2.1878 3.0200 0.0227 0.7479 0.6624 0.0364
1311868215.2423 -0.6169 -2.1862 3.0179 0.0215 0.7486 0.6615 0.0396
1311868215.2744 -0.6191 -2.1893 3.0176 0.0196 0.7492 0.6608 0.0417
1311868215.3064 -0.6202 -2.1880 3.0138 0.0179 0.7492 0.6607 0.0433
1311868215.3425 -0.6251 -2.1896 3.0111 0.0178 0.7494 0.6603 0.0458
1311868215.3742 -0.6270 -2.1887 3.0087 0.0174 0.7489 0.6607 0.0486
1311868215.4064 -0.6232 -2.1886 3.0059 0.0162 0.7492 0.6603 0.0499
1311868215.4423 -0.6242 -2.1884 3.0043 0.0166 0.7499 0.6593 0.0519
1311868215.4745 -0.6268 -2.1883 2.9975 0.0158 0.7499 0.6591 0.0546
1311868215.5063 -0.6270 -2.1884 2.9959 0.0137 0.7515 0.6571 0.0569
1311868215.5423 -0.6268 -2.1904 2.9926 0.0127 0.7525 0.6558 0.0581
1311868215.5741 -0.6269 -2.1912 2.9892 0.0137 0.7531 0.6552 0.0582
1311868215.6062 -0.6279 -2.1893 2.9848 0.0149 0.7541 0.6539 0.0589
1311868215.6424 -0.6297 -2.1905 2.9800 0.0158 0.7561 0.6513 0.0619
1311868215.6745 -0.6301 -2.1918 2.9770 0.0157 0.7575 0.6492 0.0672
1311868215.7065 -0.6303 -2.1933 2.9723 0.0152 0.7582 0.6478 0.0724
1311868215.7422 -0.6312 -2.1945 2.9661 0.0155 0.7583 0.6473 0.0761
1311868215.7747 -0.6302 -2.1935 2.9633 0.0149 0.7591 0.6460 0.0787
1311868215.8066 -0.6307 -2.1944 2.9605 0.0136 0.7603 0.6442 0.0823
1311868215.8423 -0.6280 -2.1937 2.9573 0.0128 0.7612 0.6430 0.0835
1311868215.8742 -0.6276 -2.1950 2.9542 0.0141 0.7622 0.6418 0.0838
1311868215.9064 -0.6263 -2.1941 2.9509 0.0151 0.7627 0.6410 0.0852
1311868215.9424 -0.6263 -2.1959 2.9466 0.0161 0.7634 0.6397 0.0872
1311868215.9743 -0.6271 -2.1974 2.9420 0.0168 0.7637 0.6391 0.0890
1311868216.0065 -0.6259 -2.1992 2.9377 0.0173 0.7639 0.6389 0.0893
1311868216.0425 -0.6265 -2.2000 2.9323 0.0185 0.7640 0.6386 0.0897
1311868216.0742 -0.6269 -2.2014 2.9276 0.0186 0.7645 0.6380 0.0904
1311868216.1063 -0.6257 -2.2031 2.9217 0.0189 0.7650 0.6377 0.0886
1311868216.1424 -0.6269 -2.2040 2.9172 0.0201 0.7665 0.6361 0.0863
1311868216.1742 -0.6280 -2.2067 2.9154 0.0210 0.7682 0.6341 0.0859
1311868216.2063 -0.6285 -2.2083 2.9133 0.0211 0.7688 0.6331 0.0871
1311868216.2429 -0.6299 -2.2080 2.9059 0.0228 0.7692 0.6327 0.0870
1311868216.2759 -0.6316 -2.2104 2.9031 0.0243 0.7706 0.6308 0.0870
1311868216.3067 -0.6316 -2.2121 2.9027 0.0243 0.7716 0.6294 0.0885
1311868216.3426 -0.6327 -2.2136 2.8998 0.0240 0.7719 0.6286 0.0918
1311868216.3743 -0.6324 -2.2149 2.8979 0.0245 0.7720 0.6281 0.0940
1311868216.4067 -0.6322 -2.2148 2.8965 0.0253 0.7723 0.6278 0.0936
1311868216.4423 -0.6324 -2.2140 2.8946 0.0248 0.7729 0.6273 0.0919
1311868216.4744 -0.6345 -2.2151 2.8910 0.0229 0.7737 0.6267 0.0899
1311868216.5064 -0.6353 -2.2149 2.8890 0.0217 0.7749 0.6257 0.0873
1311868216.5424 -0.6370 -2.2170 2.8866 0.0209 0.7756 0.6251 0.0853
1311868216.5743 -0.6402 -2.2168 2.8810 0.0221 0.7759 0.6249 0.0835
1311868216.6065 -0.6407 -2.2186 2.8799 0.0240 0.7770 0.6237 0.0823
1311868216.6425 -0.6445 -2.2188 2.8767 0.0259 0.7775 0.6228 0.0833
1311868216.6743 -0.6459 -2.2212 2.8739 0.0279 0.7789 0.6208 0.0845
1311868216.7066 -0.6483 -2.2224 2.8721 0.0303 0.7799 0.6191 0.0865
1311868216.7425 -0.6500 -2.2226 2.8684 0.0315 0.7815 0.6170 0.0869
1311868216.7743 -0.6519 -2.2260 2.8669 0.0326 0.7840 0.6139 0.0860
1311868216.8064 -0.6534 -2.2277 2.8654 0.0328 0.7862 0.6112 0.0855
1311868216.8425 -0.6537 -2.2297 2.8640 0.0323 0.7882 0.6086 0.0857
1311868216.8744 -0.6561 -2.2322 2.8630 0.0317 0.7892 0.6072 0.0864
1311868216.9064 -0.6581 -2.2329 2.8600 0.0299 0.7902 0.6060 0.0865
1311868216.9424 -0.6586 -2.2359 2.8578 0.0286 0.7913 0.6048 0.0848
1311868216.9746 -0.6604 -2.2361 2.8564 0.0284 0.7922 0.6039 0.0832
1311868217.0064 -0.6611 -2.2394 2.8558 0.0275 0.7927 0.6034 0.0826
1311868217.0424 -0.6612 -2.2415 2.8565 0.0257 0.7924 0.6039 0.0823
1311868217.0746 -0.6621 -2.2425 2.8551 0.0248 0.7911 0.6058 0.0808
1311868217.1067 -0.6644 -2.2419 2.8503 0.0242 0.7908 0.6065 0.0789
1311868217.1437 -0.6655 -2.2442 2.8492 0.0233 0.7924 0.6047 0.0772
1311868217.1746 -0.6674 -2.2454 2.8465 0.0228 0.7939 0.6029 0.0757
1311868217.2066 -0.6675 -2.2465 2.8430 0.0230 0.7966 0.5996 0.0734
1311868217.2424 -0.6676 -2.2512 2.8441 0.0226 0.7996 0.5957 0.0726
1311868217.2747 -0.6690 -2.2543 2.8443 0.0226 0.8017 0.5929 0.0724
1311868217.3073 -0.6700 -2.2572 2.8441 0.0231 0.8034 0.5907 0.0711
1311868217.3425 -0.6708 -2.2603 2.8434 0.0235 0.8054 0.5882 0.0699
1311868217.3743 -0.6715 -2.2630 2.8450 0.0232 0.8069 0.5861 0.0698
1311868217.4067 -0.6719 -2.2651 2.8436 0.0219 0.8080 0.5846 0.0706
1311868217.4425 -0.6729 -2.2668 2.8441 0.0199 0.8090 0.5831 0.0717
1311868217.4751 -0.6733 -2.2667 2.8433 0.0180 0.8093 0.5826 0.0720
1311868217.5066 -0.6739 -2.2668 2.8429 0.0185 0.8096 0.5824 0.0712
1311868217.5423 -0.6734 -2.2662 2.8429 0.0202 0.8091 0.5831 0.0705
1311868217.5743 -0.6724 -2.2651 2.8440 0.0208 0.8086 0.5836 0.0711
1311868217.6063 -0.6727 -2.2628 2.8435 0.0206 0.8078 0.5847 0.0714
1311868217.6424 -0.6724 -2.2605 2.8428 0.0207 0.8072 0.5857 0.0706
1311868217.6744 -0.6720 -2.2583 2.8418 0.0206 0.8065 0.5867 0.0699
1311868217.7064 -0.6714 -2.2558 2.8407 0.0203 0.8063 0.5870 0.0698
1311868217.7424 -0.6705 -2.2542 2.8408 0.0202 0.8063 0.5870 0.0698
1311868217.7755 -0.6698 -2.2519 2.8406 0.0201 0.8059 0.5875 0.0699
1311868217.8068 -0.6687 -2.2495 2.8401 0.0195 0.8058 0.5877 0.0698
1311868217.8425 -0.6681 -2.2474 2.8386 0.0183 0.8059 0.5876 0.0696
1311868217.8743 -0.6683 -2.2457 2.8377 0.0167 0.8066 0.5868 0.0693
1311868217.9065 -0.6679 -2.2440 2.8361 0.0153 0.8074 0.5859 0.0685
1311868217.9425 -0.6682 -2.2429 2.8351 0.0146 0.8083 0.5847 0.0678
1311868217.9751 -0.6671 -2.2421 2.8349 0.0151 0.8091 0.5836 0.0669
1311868218.0064 -0.6650 -2.2406 2.8359 0.0169 0.8103 0.5819 0.0667
1311868218.0424 -0.6639 -2.2409 2.8375 0.0178 0.8109 0.5808 0.0688
1311868218.0747 -0.6623 -2.2385 2.8363 0.0179 0.8114 0.5800 0.0707
1311868218.1065 -0.6617 -2.2368 2.8366 0.0183 0.8123 0.5786 0.0717
1311868218.1425 -0.6611 -2.2351 2.8374 0.0186 0.8130 0.5774 0.0722
1311868218.1746 -0.6600 -2.2337 2.8392 0.0184 0.8134 0.5769 0.0727
1311868218.2065 -0.6583 -2.2304 2.8409 0.0187 0.8132 0.5771 0.0726
1311868218.2425 -0.6564 -2.2274 2.8432 0.0204 0.8128 0.5777 0.0727
1311868218.2746 -0.6552 -2.2244 2.8450 0.0229 0.8118 0.5789 0.0738
1311868218.3065 -0.6553 -2.2212 2.8470 0.0250 0.8108 0.5799 0.0750
1311868218.3426 -0.6559 -2.2182 2.8491 0.0260 0.8100 0.5810 0.0753
1311868218.3748 -0.6562 -2.2158 2.8489 0.0260 0.8096 0.5816 0.0751
1311868218.4105 -0.6568 -2.2141 2.8512 0.0255 0.8096 0.5817 0.0747
1311868218.4425 -0.6585 -2.2113 2.8516 0.0262 0.8093 0.5822 0.0733
1311868218.4745 -0.6601 -2.2108 2.8543 0.0282 0.8092 0.5824 0.0716
1311868218.5104 -0.6620 -2.2090 2.8571 0.0299 0.8085 0.5835 0.0709
1311868218.5424 -0.6631 -2.2068 2.8589 0.0305 0.8077 0.5845 0.0706
1311868218.5744 -0.6650 -2.2050 2.8580 0.0317 0.8074 0.5852 0.0689
1311868218.6104 -0.6664 -2.2044 2.8605 0.0325 0.8087 0.5834 0.0678
1311868218.6425 -0.6679 -2.2042 2.8636 0.0319 0.8096 0.5820 0.0689
1311868218.6745 -0.6684 -2.2034 2.8651 0.0326 0.8100 0.5812 0.0713
1311868218.7104 -0.6689 -2.2031 2.8671 0.0352 0.8099 0.5807 0.0747
1311868218.7425 -0.6701 -2.2027 2.8689 0.0375 0.8100 0.5799 0.0782
1311868218.7745 -0.6719 -2.2026 2.8702 0.0385 0.8103 0.5790 0.0813
1311868218.8103 -0.6736 -2.2024 2.8729 0.0371 0.8108 0.5781 0.0834
1311868218.8424 -0.6760 -2.2023 2.8750 0.0355 0.8112 0.5776 0.0842
1311868218.8747 -0.6779 -2.2032 2.8790 0.0328 0.8111 0.5779 0.0846
1311868218.9103 -0.6802 -2.2027 2.8830 0.0291 0.8104 0.5789 0.0855
1311868218.9424 -0.6829 -2.2017 2.8857 0.0262 0.8084 0.5817 0.0860
1311868218.9745 -0.6864 -2.1998 2.8865 0.0236 0.8069 0.5838 0.0868
1311868219.0107 -0.6898 -2.1981 2.8886 0.0197 0.8063 0.5844 0.0887
1311868219.0428 -0.6920 -2.1961 2.8918 0.0163 0.8063 0.5844 0.0896
1311868219.0747 -0.6938 -2.1942 2.8944 0.0155 0.8062 0.5845 0.0896
1311868219.1107 -0.6963 -2.1908 2.8964 0.0167 0.8061 0.5847 0.0895
1311868219.1424 -0.6967 -2.1870 2.9012 0.0185 0.8060 0.5849 0.0893
1311868219.1745 -0.6969 -2.1835 2.9052 0.0196 0.8059 0.5849 0.0893
1311868219.2104 -0.6979 -2.1794 2.9097 0.0201 0.8058 0.5852 0.0887
1311868219.2426 -0.6989 -2.1747 2.9131 0.0217 0.8052 0.5862 0.0869
1311868219.2745 -0.6999 -2.1705 2.9175 0.0237 0.8047 0.5871 0.0848
1311868219.3106 -0.7009 -2.1662 2.9215 0.0250 0.8035 0.5888 0.0840
1311868219.3429 -0.7016 -2.1618 2.9258 0.0258 0.8022 0.5906 0.0838
1311868219.3746 -0.7026 -2.1576 2.9295 0.0262 0.8003 0.5931 0.0846
1311868219.4104 -0.7043 -2.1526 2.9315 0.0277 0.7979 0.5960 0.0857
1311868219.4425 -0.7060 -2.1479 2.9332 0.0313 0.7954 0.5989 0.0874
1311868219.4744 -0.7068 -2.1439 2.9375 0.0346 0.7931 0.6014 0.0902
1311868219.5105 -0.7075 -2.1394 2.9423 0.0372 0.7900 0.6047 0.0937
1311868219.5433 -0.7088 -2.1338 2.9451 0.0401 0.7872 0.6078 0.0958
1311868219.5748 -0.7100 -2.1295 2.9498 0.0422 0.7854 0.6099 0.0969
1311868219.6107 -0.7113 -2.1239 2.9548 0.0437 0.7835 0.6121 0.0977
1311868219.6429 -0.7129 -2.1197 2.9573 0.0458 0.7817 0.6143 0.0980
1311868219.6744 -0.7147 -2.1156 2.9597 0.0504 0.7797 0.6163 0.0982
1311868219.7108 -0.7175 -2.1107 2.9635 0.0548 0.7782 0.6175 0.1002
1311868219.7426 -0.7181 -2.1078 2.9691 0.0565 0.7774 0.6179 0.1033
1311868219.7745 -0.7190 -2.1036 2.9732 0.0565 0.7768 0.6181 0.1066
1311868219.8104 -0.7193 -2.0996 2.9773 0.0569 0.7770 0.6175 0.1088
1311868219.8428 -0.7202 -2.0956 2.9818 0.0581 0.7774 0.6164 0.1109
1311868219.8745 -0.7202 -2.0939 2.9853 0.0590 0.7776 0.6159 0.1122
1311868219.9106 -0.7202 -2.0917 2.9893 0.0605 0.7770 0.6162 0.1136
1311868219.9426 -0.7217 -2.0876 2.9918 0.0628 0.7764 0.6165 0.1153
1311868219.9749 -0.7219 -2.0861 2.9960 0.0653 0.7757 0.6167 0.1173
1311868220.0106 -0.7219 -2.0835 3.0004 0.0677 0.7746 0.6174 0.1191
1311868220.0428 -0.7209 -2.0817 3.0058 0.0694 0.7732 0.6187 0.1204
1311868220.0747 -0.7225 -2.0790 3.0114 0.0713 0.7708 0.6211 0.1226
1311868220.1106 -0.7215 -2.0741 3.0198 0.0712 0.7690 0.6230 0.1243
1311868220.1426 -0.7225 -2.0703 3.0218 0.0719 0.7666 0.6256 0.1258
1311868220.1747 -0.7235 -2.0677 3.0259 0.0726 0.7647 0.6275 0.1272
1311868220.2105 -0.7242 -2.0665 3.0304 0.0734 0.7623 0.6301 0.1282
1311868220.2425 -0.7256 -2.0612 3.0338 0.0753 0.7601 0.6324 0.1292
1311868220.2749 -0.7267 -2.0593 3.0392 0.0759 0.7588 0.6335 0.1310
1311868220.3107 -0.7268 -2.0560 3.0457 0.0749 0.7572 0.6350 0.1335
1311868220.3428 -0.7272 -2.0516 3.0521 0.0731 0.7568 0.6352 0.1356
1311868220.3750 -0.7286 -2.0511 3.0552 0.0714 0.7560 0.6359 0.1377
1311868220.4105 -0.7300 -2.0491 3.0618 0.0695 0.7550 0.6368 0.1405
1311868220.4426 -0.7308 -2.0481 3.0665 0.0678 0.7531 0.6386 0.1428
1311868220.4748 -0.7339 -2.0474 3.0685 0.0667 0.7508 0.6409 0.1454
1311868220.5109 -0.7346 -2.0472 3.0724 0.0659 0.7486 0.6431 0.1472
1311868220.5426 -0.7353 -2.0465 3.0776 0.0654 0.7461 0.6457 0.1489
1311868220.5745 -0.7368 -2.0446 3.0825 0.0644 0.7431 0.6489 0.1502
1311868220.6113 -0.7369 -2.0437 3.0860 0.0637 0.7406 0.6519 0.1498
1311868220.6426 -0.7394 -2.0431 3.0886 0.0624 0.7379 0.6550 0.1501
1311868220.6746 -0.7419 -2.0404 3.0936 0.0608 0.7364 0.6568 0.1505
1311868220.7106 -0.7431 -2.0399 3.0978 0.0603 0.7352 0.6583 0.1497
1311868220.7427 -0.7460 -2.0409 3.1017 0.0611 0.7335 0.6601 0.1500
1311868220.7745 -0.7480 -2.0403 3.1057 0.0620 0.7314 0.6622 0.1511
1311868220.8108 -0.7486 -2.0391 3.1103 0.0630 0.7301 0.6634 0.1511
1311868220.8427 -0.7503 -2.0399 3.1135 0.0644 0.7288 0.6649 0.1506
1311868220.8748 -0.7521 -2.0397 3.1168 0.0645 0.7272 0.6666 0.1508
1311868220.9107 -0.7553 -2.0386 3.1186 0.0638 0.7260 0.6677 0.1514
1311868220.9430 -0.7595 -2.0382 3.1205 0.0633 0.7261 0.6678 0.1513
1311868220.9749 -0.7605 -2.0393 3.1249 0.0619 0.7265 0.6675 0.1510
1311868221.0105 -0.7622 -2.0394 3.1287 0.0607 0.7263 0.6677 0.1518
1311868221.0426 -0.7667 -2.0395 3.1282 0.0603 0.7252 0.6685 0.1534
1311868221.0748 -0.7668 -2.0411 3.1310 0.0598 0.7254 0.6683 0.1538
1311868221.1106 -0.7681 -2.0419 3.1351 0.0594 0.7251 0.6685 0.1544
1311868221.1427 -0.7702 -2.0406 3.1360 0.0595 0.7242 0.6694 0.1545
1311868221.1746 -0.7719 -2.0404 3.1379 0.0597 0.7244 0.6694 0.1539
1311868221.2106 -0.7732 -2.0413 3.1414 0.0594 0.7246 0.6692 0.1537
1311868221.2427 -0.7744 -2.0399 3.1443 0.0586 0.7249 0.6688 0.1540
1311868221.2750 -0.7755 -2.0408 3.1462 0.0578 0.7257 0.6680 0.1543
1311868221.3114 -0.7763 -2.0425 3.1483 0.0571 0.7263 0.6674 0.1544
1311868221.3428 -0.7784 -2.0433 3.1487 0.0559 0.7258 0.6678 0.1553
1311868221.3749 -0.7807 -2.0425 3.1511 0.0553 0.7263 0.6672 0.1559
1311868221.4107 -0.7828 -2.0428 3.1532 0.0545 0.7274 0.6661 0.1558
1311868221.4428 -0.7832 -2.0456 3.1534 0.0535 0.7279 0.6657 0.1555
1311868221.4747 -0.7847 -2.0473 3.1555 0.0527 0.7277 0.6658 0.1562
1311868221.5110 -0.7858 -2.0474 3.1573 0.0519 0.7276 0.6659 0.1563
1311868221.5430 -0.7866 -2.0495 3.1580 0.0517 0.7277 0.6661 0.1554
1311868221.5747 -0.7874 -2.0505 3.1596 0.0519 0.7273 0.6667 0.1547
1311868221.6107 -0.7879 -2.0515 3.1612 0.0524 0.7273 0.6668 0.1536
1311868221.6426 -0.7882 -2.0516 3.1629 0.0532 0.7275 0.6669 0.1522
1311868221.6746 -0.7887 -2.0521 3.1646 0.0538 0.7282 0.6663 0.1509
1311868221.7115 -0.7900 -2.0535 3.1654 0.0541 0.7282 0.6665 0.1502
1311868221.7428 -0.7911 -2.0521 3.1654 0.0549 0.7285 0.6665 0.1484
1311868221.7759 -0.7940 -2.0550 3.1658 0.0553 0.7290 0.6662 0.1473
1311868221.8108 -0.7930 -2.0563 3.1643 0.0542 0.7285 0.6671 0.1457
1311868221.8427 -0.7922 -2.0580 3.1662 0.0536 0.7288 0.6676 0.1426
1311868221.8746 -0.7944 -2.0594 3.1650 0.0547 0.7279 0.6691 0.1397
1311868221.9108 -0.7969 -2.0588 3.1657 0.0566 0.7270 0.6704 0.1374
1311868221.9427 -0.7999 -2.0580 3.1661 0.0577 0.7272 0.6701 0.1370
1311868221.9753 -0.8031 -2.0575 3.1663 0.0578 0.7279 0.6692 0.1377
1311868222.0107 -0.8027 -2.0580 3.1667 0.0568 0.7289 0.6684 0.1365
1311868222.0428 -0.8051 -2.0593 3.1654 0.0561 0.7294 0.6682 0.1357
1311868222.0771 -0.8062 -2.0604 3.1662 0.0555 0.7290 0.6687 0.1351
1311868222.1107 -0.8101 -2.0580 3.1645 0.0561 0.7286 0.6691 0.1350
1311868222.1429 -0.8113 -2.0581 3.1656 0.0565 0.7293 0.6686 0.1340
1311868222.1750 -0.8123 -2.0581 3.1647 0.0553 0.7292 0.6690 0.1331
1311868222.2108 -0.8146 -2.0555 3.1640 0.0543 0.7298 0.6686 0.1315
1311868222.2427 -0.8168 -2.0565 3.1640 0.0542 0.7300 0.6688 0.1298
1311868222.2757 -0.8194 -2.0556 3.1629 0.0540 0.7294 0.6695 0.1294
1311868222.3109 -0.8208 -2.0539 3.1622 0.0537 0.7291 0.6700 0.1288
1311868222.3430 -0.8226 -2.0534 3.1619 0.0543 0.7284 0.6709 0.1279
1311868222.3753 -0.8266 -2.0517 3.1614 0.0554 0.7276 0.6718 0.1273
1311868222.4108 -0.8298 -2.0494 3.1610 0.0563 0.7274 0.6721 0.1266
1311868222.4427 -0.8327 -2.0480 3.1594 0.0572 0.7274 0.6721 0.1263
1311868222.4747 -0.8370 -2.0452 3.1576 0.0568 0.7272 0.6721 0.1276
1311868222.5108 -0.8402 -2.0439 3.1577 0.0560 0.7276 0.6713 0.1296
1311868222.5428 -0.8466 -2.0418 3.1550 0.0549 0.7273 0.6710 0.1338
1311868222.5747 -0.8497 -2.0394 3.1531 0.0534 0.7275 0.6701 0.1374
1311868222.6107 -0.8506 -2.0394 3.1523 0.0522 0.7277 0.6694 0.1404
1311868222.6430 -0.8533 -2.0381 3.1504 0.0508 0.7268 0.6697 0.1440
1311868222.6749 -0.8522 -2.0385 3.1510 0.0489 0.7266 0.6697 0.1453
1311868222.7108 -0.8584 -2.0370 3.1465 0.0499 0.7242 0.6718 0.1472
1311868222.7428 -0.8581 -2.0347 3.1482 0.0505 0.7231 0.6728 0.1480
1311868222.7749 -0.8638 -2.0309 3.1462 0.0514 0.7222 0.6730 0.1515
1311868222.8109 -0.8666 -2.0293 3.1440 0.0508 0.7217 0.6728 0.1549
1311868222.8429 -0.8682 -2.0284 3.1425 0.0496 0.7213 0.6728 0.1570
1311868222.8756 -0.8714 -2.0285 3.1415 0.0486 0.7204 0.6737 0.1576
1311868222.9107 -0.8719 -2.0269 3.1428 0.0473 0.7201 0.6742 0.1568
1311868222.9432 -0.8779 -2.0245 3.1387 0.0479 0.7191 0.6750 0.1578
1311868222.9748 -0.8794 -2.0227 3.1389 0.0478 0.7198 0.6739 0.1594
1311868223.0124 -0.8881 -2.0212 3.1336 0.0481 0.7189 0.6736 0.1647
1311868223.0438 -0.8890 -2.0196 3.1346 0.0471 0.7194 0.6726 0.1669
1311868223.0765 -0.8905 -2.0192 3.1324 0.0472 0.7203 0.6717 0.1668
1311868223.1109 -0.8918 -2.0205 3.1310 0.0466 0.7205 0.6714 0.1672
1311868223.1437 -0.8996 -2.0159 3.1266 0.0473 0.7199 0.6713 0.1700
1311868223.1748 -0.8998 -2.0172 3.1273 0.0472 0.7208 0.6701 0.1707
1311868223.2109 -0.9020 -2.0171 3.1255 0.0471 0.7201 0.6703 0.1732
1311868223.2427 -0.9089 -2.0140 3.1233 0.0482 0.7190 0.6706 0.1763
1311868223.2753 -0.9046 -2.0148 3.1262 0.0475 0.7196 0.6702 0.1753
1311868223.3107 -0.9093 -2.0130 3.1241 0.0475 0.7189 0.6706 0.1767
1311868223.3434 -0.9139 -2.0098 3.1220 0.0471 0.7186 0.6707 0.1777
1311868223.3755 -0.9163 -2.0068 3.1224 0.0465 0.7195 0.6696 0.1784
1311868223.4108 -0.9240 -2.0044 3.1180 0.0475 0.7191 0.6692 0.1811
1311868223.4441 -0.9211 -2.0048 3.1198 0.0473 0.7201 0.6682 0.1810
1311868223.4791 -0.9258 -2.0026 3.1177 0.0485 0.7200 0.6678 0.1825
1311868223.5112 -0.9259 -2.0046 3.1174 0.0483 0.7202 0.6679 0.1816
1311868223.5428 -0.9316 -2.0034 3.1147 0.0488 0.7195 0.6688 0.1809
1311868223.5763 -0.9334 -2.0000 3.1146 0.0489 0.7209 0.6679 0.1785
1311868223.6108 -0.9413 -2.0003 3.1096 0.0504 0.7213 0.6669 0.1797
1311868223.6427 -0.9412 -2.0010 3.1079 0.0508 0.7214 0.6665 0.1807
1311868223.6748 -0.9400 -2.0023 3.1106 0.0515 0.7226 0.6654 0.1804
1311868223.7109 -0.9413 -2.0039 3.1105 0.0532 0.7227 0.6652 0.1800
1311868223.7429 -0.9454 -2.0023 3.1065 0.0551 0.7217 0.6661 0.1803
1311868223.7749 -0.9439 -2.0038 3.1093 0.0557 0.7221 0.6660 0.1788
1311868223.8110 -0.9456 -2.0023 3.1109 0.0563 0.7222 0.6658 0.1787
1311868223.8428 -0.9533 -1.9991 3.1042 0.0576 0.7211 0.6662 0.1810
1311868223.8748 -0.9518 -2.0030 3.1072 0.0581 0.7215 0.6660 0.1803
1311868223.9109 -0.9520 -2.0039 3.1093 0.0600 0.7211 0.6663 0.1803
1311868223.9430 -0.9569 -2.0022 3.1114 0.0618 0.7208 0.6662 0.1813
1311868223.9751 -0.9633 -2.0009 3.1066 0.0641 0.7198 0.6669 0.1814
1311868224.0108 -0.9683 -1.9990 3.1056 0.0661 0.7202 0.6667 0.1803
1311868224.0437 -0.9721 -1.9979 3.1071 0.0678 0.7210 0.6659 0.1795
1311868224.0756 -0.9724 -1.9995 3.1096 0.0683 0.7219 0.6649 0.1793
1311868224.1108 -0.9753 -2.0011 3.1099 0.0690 0.7221 0.6643 0.1805
1311868224.1453 -0.9795 -2.0014 3.1100 0.0691 0.7220 0.6640 0.1820
1311868224.1748 -0.9829 -2.0004 3.1119 0.0680 0.7227 0.6629 0.1833
1311868224.2114 -0.9869 -2.0012 3.1107 0.0661 0.7229 0.6626 0.1846
1311868224.2429 -0.9914 -2.0004 3.1116 0.0646 0.7234 0.6619 0.1857
1311868224.2774 -0.9976 -1.9992 3.1095 0.0640 0.7240 0.6605 0.1882
1311868224.3115 -1.0030 -1.9982 3.1078 0.0629 0.7249 0.6585 0.1923
1311868224.3429 -1.0068 -1.9988 3.1061 0.0621 0.7258 0.6568 0.1950
1311868224.3749 -1.0116 -2.0000 3.1050 0.0618 0.7272 0.6548 0.1964
1311868224.4109 -1.0177 -2.0030 3.1046 0.0622 0.7273 0.6543 0.1976
1311868224.4429 -1.0214 -2.0035 3.1050 0.0623 0.7267 0.6547 0.1983
1311868224.4750 -1.0273 -2.0033 3.1051 0.0627 0.7265 0.6546 0.1995
1311868224.5118 -1.0347 -2.0030 3.1062 0.0616 0.7264 0.6538 0.2027
1311868224.5453 -1.0433 -2.0001 3.1037 0.0595 0.7261 0.6531 0.2068
1311868224.5747 -1.0482 -2.0007 3.1056 0.0567 0.7269 0.6520 0.2081
1311868224.6112 -1.0550 -2.0023 3.1044 0.0551 0.7271 0.6518 0.2084
1311868224.6431 -1.0628 -2.0018 3.1029 0.0552 0.7270 0.6517 0.2087
1311868224.6749 -1.0714 -2.0010 3.1005 0.0562 0.7267 0.6517 0.2099
1311868224.7108 -1.0816 -2.0006 3.0985 0.0570 0.7260 0.6516 0.2123
1311868224.7428 -1.0867 -2.0016 3.0988 0.0563 0.7256 0.6519 0.2130
1311868224.7756 -1.0916 -2.0018 3.0998 0.0550 0.7256 0.6523 0.2122
1311868224.8123 -1.0979 -2.0034 3.0995 0.0537 0.7255 0.6527 0.2117
1311868224.8427 -1.1040 -2.0028 3.1005 0.0523 0.7250 0.6531 0.2121
1311868224.8749 -1.1111 -2.0001 3.0993 0.0509 0.7250 0.6529 0.2136
1311868224.9121 -1.1161 -2.0007 3.1000 0.0495 0.7258 0.6517 0.2146
1311868224.9431 -1.1226 -1.9999 3.1001 0.0484 0.7263 0.6506 0.2163
1311868224.9783 -1.1277 -2.0006 3.0997 0.0472 0.7271 0.6496 0.2172
1311868225.0120 -1.1333 -1.9997 3.0965 0.0470 0.7274 0.6490 0.2179
1311868225.0454 -1.1388 -2.0015 3.0976 0.0473 0.7285 0.6477 0.2179
1311868225.0761 -1.1442 -2.0013 3.0962 0.0477 0.7290 0.6469 0.2189
1311868225.1112 -1.1504 -1.9997 3.0945 0.0482 0.7294 0.6458 0.2204
1311868225.1439 -1.1543 -2.0021 3.0942 0.0483 0.7299 0.6451 0.2208
1311868225.1760 -1.1578 -2.0048 3.0959 0.0482 0.7303 0.6447 0.2208
1311868225.2116 -1.1626 -2.0063 3.0963 0.0481 0.7301 0.6447 0.2212
1311868225.2429 -1.1669 -2.0063 3.0960 0.0480 0.7296 0.6450 0.2220
1311868225.2750 -1.1723 -2.0050 3.0965 0.0475 0.7294 0.6448 0.2234
1311868225.3108 -1.1757 -2.0076 3.0968 0.0464 0.7289 0.6451 0.2244
1311868225.3429 -1.1829 -2.0053 3.0967 0.0459 0.7286 0.6448 0.2263
1311868225.3794 -1.1864 -2.0069 3.0979 0.0457 0.7284 0.6449 0.2266
1311868225.4109 -1.1903 -2.0076 3.1017 0.0458 0.7284 0.6449 0.2271
1311868225.4434 -1.1948 -2.0076 3.1010 0.0463 0.7277 0.6453 0.2276
1311868225.4793 -1.1983 -2.0076 3.1028 0.0463 0.7275 0.6453 0.2283
1311868225.5109 -1.2021 -2.0072 3.1041 0.0465 0.7277 0.6448 0.2291
1311868225.5429 -1.2072 -2.0065 3.1047 0.0465 0.7279 0.6442 0.2303
1311868225.5764 -1.2101 -2.0086 3.1076 0.0462 0.7286 0.6433 0.2307
1311868225.6121 -1.2142 -2.0090 3.1077 0.0466 0.7286 0.6429 0.2317
1311868225.6442 -1.2181 -2.0102 3.1083 0.0477 0.7283 0.6427 0.2328
1311868225.6789 -1.2212 -2.0099 3.1106 0.0491 0.7279 0.6425 0.2342
1311868225.7113 -1.2237 -2.0122 3.1099 0.0502 0.7265 0.6435 0.2357
1311868225.7463 -1.2280 -2.0101 3.1115 0.0510 0.7257 0.6436 0.2377
1311868225.7769 -1.2308 -2.0099 3.1144 0.0512 0.7260 0.6429 0.2387
1311868225.8109 -1.2343 -2.0106 3.1147 0.0518 0.7255 0.6429 0.2403
1311868225.8429 -1.2364 -2.0103 3.1156 0.0521 0.7252 0.6425 0.2420
1311868225.8802 -1.2403 -2.0105 3.1167 0.0522 0.7249 0.6421 0.2439
1311868225.9108 -1.2441 -2.0102 3.1178 0.0524 0.7247 0.6420 0.2448
1311868225.9431 -1.2461 -2.0098 3.1181 0.0521 0.7246 0.6421 0.2448
1311868225.9770 -1.2491 -2.0092 3.1187 0.0521 0.7248 0.6419 0.2449
1311868226.0109 -1.2525 -2.0099 3.1193 0.0525 0.7247 0.6418 0.2453
1311868226.0438 -1.2569 -2.0073 3.1187 0.0522 0.7245 0.6410 0.2479
1311868226.0798 -1.2592 -2.0077 3.1179 0.0517 0.7242 0.6405 0.2502
1311868226.1151 -1.2611 -2.0111 3.1214 0.0501 0.7247 0.6399 0.2507
1311868226.1445 -1.2645 -2.0100 3.1192 0.0483 0.7243 0.6405 0.2509
1311868226.1789 -1.2649 -2.0099 3.1201 0.0472 0.7248 0.6410 0.2481
1311868226.2109 -1.2711 -2.0069 3.1158 0.0478 0.7245 0.6416 0.2473
1311868226.2473 -1.2760 -2.0029 3.1136 0.0476 0.7249 0.6408 0.2483
1311868226.2776 -1.2809 -2.0025 3.1121 0.0471 0.7262 0.6390 0.2491
1311868226.3110 -1.2832 -2.0053 3.1122 0.0455 0.7276 0.6381 0.2478
1311868226.3452 -1.2851 -2.0080 3.1135 0.0445 0.7285 0.6383 0.2448
1311868226.3816 -1.2884 -2.0059 3.1096 0.0455 0.7287 0.6392 0.2416
1311868226.4110 -1.2924 -2.0053 3.1100 0.0469 0.7288 0.6399 0.2391
1311868226.4441 -1.2962 -2.0032 3.1080 0.0480 0.7288 0.6405 0.2373
1311868226.4811 -1.3000 -2.0022 3.1063 0.0486 0.7292 0.6408 0.2353
1311868226.5110 -1.3043 -1.9997 3.1040 0.0488 0.7293 0.6411 0.2341
1311868226.5435 -1.3085 -1.9978 3.0987 0.0490 0.7295 0.6411 0.2333
1311868226.5766 -1.3131 -1.9980 3.0961 0.0495 0.7294 0.6411 0.2334
1311868226.6109 -1.3170 -1.9937 3.0921 0.0489 0.7295 0.6407 0.2343
1311868226.6443 -1.3223 -1.9921 3.0866 0.0475 0.7298 0.6405 0.2343
1311868226.6763 -1.3259 -1.9896 3.0827 0.0462 0.7305 0.6402 0.2331
1311868226.7111 -1.3304 -1.9899 3.0808 0.0457 0.7310 0.6400 0.2322
1311868226.7458 -1.3361 -1.9876 3.0728 0.0467 0.7290 0.6419 0.2331
1311868226.7785 -1.3418 -1.9822 3.0655 0.0492 0.7275 0.6429 0.2345
1311868226.8108 -1.3449 -1.9791 3.0613 0.0509 0.7270 0.6429 0.2359
1311868226.8443 -1.3505 -1.9743 3.0564 0.0514 0.7269 0.6415 0.2396
1311868226.8792 -1.3541 -1.9706 3.0488 0.0504 0.7277 0.6394 0.2431
1311868226.9109 -1.3594 -1.9689 3.0431 0.0497 0.7291 0.6370 0.2453
1311868226.9442 -1.3637 -1.9682 3.0350 0.0495 0.7295 0.6363 0.2457
1311868226.9763 -1.3677 -1.9657 3.0275 0.0499 0.7300 0.6360 0.2450
1311868227.0109 -1.3705 -1.9645 3.0261 0.0501 0.7314 0.6350 0.2434
1311868227.0471 -1.3764 -1.9609 3.0163 0.0502 0.7310 0.6352 0.2441
1311868227.0771 -1.3806 -1.9563 3.0101 0.0492 0.7320 0.6340 0.2445
1311868227.1109 -1.3866 -1.9544 3.0046 0.0465 0.7334 0.6320 0.2459
1311868227.1445 -1.3891 -1.9496 2.9967 0.0431 0.7349 0.6301 0.2471
1311868227.1791 -1.3940 -1.9496 2.9893 0.0425 0.7359 0.6288 0.2477
1311868227.2109 -1.3952 -1.9486 2.9844 0.0440 0.7358 0.6288 0.2476
1311868227.2474 -1.4008 -1.9432 2.9738 0.0486 0.7344 0.6293 0.2494
1311868227.2766 -1.4034 -1.9425 2.9732 0.0515 0.7349 0.6282 0.2504
1311868227.3117 -1.4061 -1.9405 2.9686 0.0533 0.7344 0.6282 0.2514
1311868227.3479 -1.4108 -1.9374 2.9615 0.0543 0.7345 0.6279 0.2516
1311868227.3778 -1.4145 -1.9344 2.9580 0.0552 0.7359 0.6262 0.2514
1311868227.4114 -1.4173 -1.9320 2.9544 0.0548 0.7365 0.6251 0.2525
1311868227.4467 -1.4196 -1.9315 2.9490 0.0553 0.7364 0.6247 0.2540
1311868227.4790 -1.4221 -1.9309 2.9468 0.0567 0.7363 0.6239 0.2556
1311868227.5109 -1.4242 -1.9280 2.9449 0.0579 0.7361 0.6234 0.2573
1311868227.5474 -1.4269 -1.9238 2.9414 0.0591 0.7360 0.6225 0.2594
1311868227.5791 -1.4298 -1.9234 2.9381 0.0590 0.7360 0.6213 0.2622
1311868227.6109 -1.4328 -1.9226 2.9363 0.0590 0.7357 0.6205 0.2651
1311868227.6443 -1.4360 -1.9194 2.9336 0.0596 0.7352 0.6198 0.2678
1311868227.6790 -1.4394 -1.9153 2.9287 0.0599 0.7345 0.6188 0.2721
1311868227.7110 -1.4427 -1.9143 2.9241 0.0591 0.7333 0.6181 0.2769
1311868227.7443 -1.4469 -1.9119 2.9209 0.0595 0.7324 0.6173 0.2810
1311868227.7792 -1.4501 -1.9102 2.9194 0.0602 0.7319 0.6162 0.2845
1311868227.8137 -1.4548 -1.9090 2.9149 0.0611 0.7300 0.6161 0.2894
1311868227.8443 -1.4582 -1.9075 2.9146 0.0610 0.7289 0.6153 0.2939
1311868227.8792 -1.4615 -1.9044 2.9126 0.0607 0.7282 0.6140 0.2984
1311868227.9125 -1.4655 -1.9030 2.9116 0.0590 0.7278 0.6120 0.3037
1311868227.9462 -1.4697 -1.9022 2.9087 0.0576 0.7272 0.6103 0.3089
1311868227.9793 -1.4743 -1.9018 2.9071 0.0567 0.7266 0.6086 0.3137
1311868228.0147 -1.4807 -1.9039 2.9048 0.0569 0.7250 0.6082 0.3181
1311868228.0449 -1.4854 -1.9017 2.9025 0.0575 0.7228 0.6083 0.3227
1311868228.0790 -1.4911 -1.8993 2.9000 0.0583 0.7211 0.6079 0.3273
1311868228.1127 -1.4977 -1.8983 2.8982 0.0578 0.7200 0.6066 0.3321
1311868228.1462 -1.5029 -1.8962 2.8959 0.0571 0.7193 0.6055 0.3358
1311868228.1790 -1.5078 -1.8964 2.8937 0.0566 0.7191 0.6042 0.3385
1311868228.2147 -1.5152 -1.8957 2.8914 0.0562 0.7190 0.6023 0.3423
1311868228.2461 -1.5206 -1.8977 2.8893 0.0555 0.7184 0.6010 0.3459
1311868228.2800 -1.5272 -1.8974 2.8881 0.0554 0.7178 0.5996 0.3496
1311868228.3124 -1.5339 -1.8978 2.8874 0.0556 0.7176 0.5980 0.3526
1311868228.3444 -1.5397 -1.8980 2.8856 0.0557 0.7169 0.5972 0.3553
1311868228.3790 -1.5470 -1.9011 2.8856 0.0549 0.7166 0.5967 0.3569
1311868228.4124 -1.5534 -1.8999 2.8834 0.0550 0.7162 0.5970 0.3572
1311868228.4445 -1.5608 -1.8997 2.8804 0.0560 0.7156 0.5976 0.3573
1311868228.4796 -1.5672 -1.8979 2.8783 0.0562 0.7149 0.5973 0.3591
1311868228.5152 -1.5725 -1.8971 2.8779 0.0545 0.7147 0.5962 0.3617
1311868228.5458 -1.5802 -1.8964 2.8775 0.0519 0.7152 0.5940 0.3646
1311868228.5796 -1.5871 -1.9007 2.8765 0.0489 0.7155 0.5932 0.3658
1311868228.6124 -1.5935 -1.9005 2.8747 0.0459 0.7156 0.5930 0.3662
1311868228.6453 -1.6014 -1.8998 2.8715 0.0440 0.7156 0.5928 0.3668
1311868228.6790 -1.6078 -1.8989 2.8691 0.0422 0.7151 0.5921 0.3690
1311868228.7149 -1.6140 -1.8998 2.8668 0.0410 0.7140 0.5921 0.3714
1311868228.7465 -1.6208 -1.8980 2.8637 0.0412 0.7131 0.5915 0.3741
1311868228.7791 -1.6275 -1.8986 2.8626 0.0406 0.7128 0.5906 0.3761
1311868228.8150 -1.6336 -1.9009 2.8628 0.0397 0.7125 0.5905 0.3769
1311868228.8447 -1.6407 -1.8990 2.8608 0.0392 0.7124 0.5901 0.3779
1311868228.8793 -1.6466 -1.8986 2.8595 0.0379 0.7124 0.5897 0.3787
1311868228.9127 -1.6520 -1.8984 2.8584 0.0360 0.7127 0.5892 0.3790
1311868228.9447 -1.6584 -1.8978 2.8574 0.0357 0.7131 0.5892 0.3782
1311868228.9791 -1.6635 -1.8972 2.8548 0.0367 0.7132 0.5901 0.3765
1311868229.0127 -1.6674 -1.8954 2.8522 0.0381 0.7129 0.5913 0.3752
1311868229.0445 -1.6711 -1.8914 2.8492 0.0395 0.7132 0.5919 0.3733
1311868229.0806 -1.6738 -1.8896 2.8450 0.0410 0.7143 0.5923 0.3704
1311868229.1155 -1.6784 -1.8866 2.8424 0.0439 0.7158 0.5921 0.3676
1311868229.1483 -1.6806 -1.8841 2.8373 0.0463 0.7169 0.5915 0.3662
1311868229.1841 -1.6843 -1.8838 2.8326 0.0467 0.7175 0.5900 0.3674
1311868229.2165 -1.6841 -1.8813 2.8289 0.0450 0.7188 0.5877 0.3686
1311868229.2490 -1.6868 -1.8821 2.8237 0.0446 0.7207 0.5856 0.3683
1311868229.2812 -1.6891 -1.8872 2.8205 0.0441 0.7213 0.5860 0.3665
1311868229.3152 -1.6902 -1.8941 2.8189 0.0426 0.7200 0.5888 0.3647
1311868229.3503 -1.6886 -1.8879 2.8118 0.0411 0.7163 0.5934 0.3648
1311868229.3810 -1.6877 -1.8861 2.8051 0.0420 0.7136 0.5970 0.3642
1311868229.4131 -1.6866 -1.8874 2.7974 0.0447 0.7080 0.6028 0.3653
1311868229.4448 -1.6827 -1.8793 2.7906 0.0462 0.7032 0.6062 0.3686
1311868229.4824 -1.6803 -1.8743 2.7857 0.0469 0.7022 0.6061 0.3707
1311868229.5126 -1.6777 -1.8707 2.7792 0.0463 0.7024 0.6057 0.3710
1311868229.5478 -1.6757 -1.8695 2.7738 0.0434 0.7047 0.6037 0.3702
1311868229.5806 -1.6728 -1.8700 2.7626 0.0399 0.7057 0.6038 0.3685
1311868229.6134 -1.6689 -1.8688 2.7514 0.0386 0.7059 0.6051 0.3661
1311868229.6475 -1.6661 -1.8667 2.7427 0.0390 0.7056 0.6060 0.3652
1311868229.6815 -1.6624 -1.8643 2.7329 0.0380 0.7046 0.6064 0.3667
1311868229.7125 -1.6592 -1.8629 2.7239 0.0368 0.7038 0.6067 0.3677
1311868229.7487 -1.6547 -1.8586 2.7140 0.0375 0.7034 0.6068 0.3682
1311868229.7825 -1.6519 -1.8604 2.7025 0.0376 0.7027 0.6076 0.3682
1311868229.8127 -1.6448 -1.8561 2.6939 0.0385 0.7031 0.6079 0.3669
1311868229.8445 -1.6402 -1.8552 2.6807 0.0409 0.7020 0.6091 0.3667
1311868229.8834 -1.6364 -1.8530 2.6742 0.0428 0.7032 0.6078 0.3665
1311868229.9145 -1.6327 -1.8562 2.6660 0.0445 0.7036 0.6076 0.3657
1311868229.9444 -1.6289 -1.8539 2.6582 0.0435 0.7036 0.6072 0.3665
1311868229.9824 -1.6234 -1.8510 2.6479 0.0434 0.7044 0.6062 0.3667
1311868230.0125 -1.6210 -1.8554 2.6389 0.0437 0.7041 0.6067 0.3665
1311868230.0470 -1.6167 -1.8531 2.6306 0.0427 0.7031 0.6079 0.3664
1311868230.0832 -1.6107 -1.8515 2.6184 0.0436 0.7021 0.6097 0.3653
1311868230.1136 -1.6090 -1.8542 2.6129 0.0431 0.7019 0.6104 0.3645
1311868230.1474 -1.6040 -1.8479 2.6064 0.0410 0.7029 0.6104 0.3629
1311868230.1806 -1.5996 -1.8434 2.5988 0.0408 0.7067 0.6079 0.3597
1311868230.2149 -1.5986 -1.8487 2.5906 0.0395 0.7104 0.6054 0.3567
1311868230.2454 -1.5964 -1.8489 2.5829 0.0372 0.7123 0.6044 0.3548
1311868230.2830 -1.5928 -1.8468 2.5747 0.0366 0.7142 0.6025 0.3544
1311868230.3125 -1.5941 -1.8522 2.5687 0.0355 0.7143 0.6017 0.3555
1311868230.3433 -1.5899 -1.8478 2.5603 0.0372 0.7127 0.6036 0.3555
1311868230.3821 -1.5880 -1.8517 2.5532 0.0397 0.7109 0.6053 0.3559
1311868230.4142 -1.5882 -1.8543 2.5450 0.0398 0.7072 0.6084 0.3580
1311868230.4432 -1.5858 -1.8531 2.5377 0.0423 0.7024 0.6142 0.3571
1311868230.4843 -1.5827 -1.8475 2.5292 0.0487 0.6982 0.6196 0.3553
1311868230.5127 -1.5789 -1.8423 2.5189 0.0541 0.6960 0.6234 0.3521
1311868230.5433 -1.5758 -1.8360 2.5083 0.0576 0.6968 0.6249 0.3474
1311868230.5820 -1.5775 -1.8379 2.5010 0.0579 0.7003 0.6241 0.3417
1311868230.6136 -1.5756 -1.8331 2.4942 0.0558 0.7025 0.6244 0.3368
1311868230.6434 -1.5716 -1.8254 2.4856 0.0580 0.7063 0.6211 0.3346
1311868230.6828 -1.5712 -1.8249 2.4787 0.0599 0.7096 0.6170 0.3349
1311868230.7131 -1.5680 -1.8211 2.4732 0.0631 0.7132 0.6124 0.3353
1311868230.7432 -1.5693 -1.8225 2.4659 0.0656 0.7159 0.6074 0.3379
1311868230.7832 -1.5704 -1.8225 2.4607 0.0643 0.7183 0.6037 0.3399
1311868230.8125 -1.5711 -1.8228 2.4545 0.0618 0.7200 0.6015 0.3407
1311868230.8432 -1.5711 -1.8230 2.4486 0.0590 0.7209 0.6006 0.3407
1311868230.8845 -1.5721 -1.8236 2.4443 0.0554 0.7203 0.6016 0.3408
1311868230.9128 -1.5698 -1.8185 2.4375 0.0503 0.7189 0.6026 0.3427
1311868230.9434 -1.5681 -1.8148 2.4292 0.0464 0.7191 0.6015 0.3448
1311868230.9839 -1.5674 -1.8119 2.4226 0.0440 0.7202 0.5998 0.3459
1311868231.0127 -1.5666 -1.8097 2.4168 0.0417 0.7225 0.5970 0.3462
1311868231.0434 -1.5655 -1.8074 2.4101 0.0380 0.7251 0.5935 0.3472
1311868231.0840 -1.5653 -1.8064 2.4025 0.0356 0.7282 0.5898 0.3474
1311868231.1155 -1.5663 -1.8079 2.3970 0.0350 0.7313 0.5867 0.3461
1311868231.1432 -1.5694 -1.8125 2.3933 0.0316 0.7318 0.5856 0.3472
1311868231.1806 -1.5698 -1.8119 2.3873 0.0246 0.7294 0.5867 0.3509
1311868231.2154 -1.5686 -1.8089 2.3801 0.0189 0.7272 0.5885 0.3529
1311868231.2431 -1.5675 -1.8073 2.3735 0.0153 0.7251 0.5917 0.3520
1311868231.2844 -1.5654 -1.8060 2.3668 0.0114 0.7226 0.5950 0.3517
1311868231.3133 -1.5633 -1.8040 2.3630 0.0062 0.7206 0.5966 0.3532
1311868231.3432 -1.5608 -1.8021 2.3579 0.0012 0.7181 0.5984 0.3554
1311868231.3807 -1.5584 -1.7996 2.3529 -0.0032 0.7152 0.6005 0.3575
1311868231.4129 -1.5545 -1.7957 2.3464 -0.0063 0.7130 0.6027 0.3582
1311868231.4432 -1.5494 -1.7910 2.3399 -0.0067 0.7131 0.6037 0.3564
1311868231.4816 -1.5479 -1.7934 2.3333 -0.0066 0.7133 0.6044 0.3548
1311868231.5142 -1.5436 -1.7914 2.3291 -0.0072 0.7134 0.6044 0.3546
1311868231.5432 -1.5390 -1.7902 2.3246 -0.0072 0.7141 0.6034 0.3549
1311868231.5830 -1.5341 -1.7899 2.3194 -0.0074 0.7143 0.6021 0.3566
1311868231.6112 -1.5289 -1.7895 2.3140 -0.0079 0.7151 0.6000 0.3587
1311868231.6432 -1.5263 -1.7910 2.3100 -0.0088 0.7165 0.5973 0.3601
1311868231.6839 -1.5225 -1.7906 2.3047 -0.0116 0.7172 0.5962 0.3607
1311868231.7113 -1.5160 -1.7894 2.2999 -0.0137 0.7180 0.5963 0.3588
1311868231.7433 -1.5104 -1.7918 2.2942 -0.0149 0.7188 0.5963 0.3571
1311868231.7827 -1.5072 -1.7939 2.2902 -0.0162 0.7191 0.5963 0.3565
1311868231.8112 -1.5016 -1.7946 2.2868 -0.0158 0.7188 0.5980 0.3543
1311868231.8432 -1.4968 -1.7957 2.2847 -0.0134 0.7179 0.6001 0.3526
1311868231.8835 -1.4907 -1.7963 2.2799 -0.0118 0.7158 0.6022 0.3533
1311868231.9112 -1.4861 -1.7973 2.2748 -0.0115 0.7150 0.6019 0.3555
1311868231.9432 -1.4821 -1.7982 2.2711 -0.0119 0.7151 0.6008 0.3571
1311868231.9814 -1.4789 -1.7993 2.2672 -0.0134 0.7153 0.5999 0.3583
1311868232.0113 -1.4732 -1.7999 2.2624 -0.0157 0.7154 0.5990 0.3594
1311868232.0433 -1.4689 -1.8033 2.2581 -0.0178 0.7153 0.5980 0.3611
1311868232.0845 -1.4639 -1.8059 2.2536 -0.0195 0.7146 0.5978 0.3627
1311868232.1112 -1.4587 -1.8056 2.2506 -0.0203 0.7139 0.5972 0.3649
1311868232.1432 -1.4530 -1.8061 2.2457 -0.0210 0.7134 0.5969 0.3665
1311868232.1807 -1.4483 -1.8078 2.2418 -0.0205 0.7134 0.5970 0.3663
1311868232.2114 -1.4431 -1.8087 2.2386 -0.0200 0.7128 0.5979 0.3662
1311868232.2432 -1.4369 -1.8093 2.2330 -0.0193 0.7120 0.5986 0.3665
1311868232.2810 -1.4332 -1.8103 2.2297 -0.0190 0.7123 0.5982 0.3666
1311868232.3113 -1.4286 -1.8111 2.2274 -0.0179 0.7119 0.5990 0.3662
1311868232.3432 -1.4228 -1.8101 2.2228 -0.0179 0.7110 0.5998 0.3665
1311868232.3806 -1.4183 -1.8098 2.2182 -0.0172 0.7119 0.5999 0.3648
1311868232.4114 -1.4135 -1.8115 2.2139 -0.0153 0.7129 0.6009 0.3612
1311868232.4433 -1.4096 -1.8118 2.2110 -0.0138 0.7149 0.6004 0.3581
1311868232.4826 -1.4055 -1.8125 2.2075 -0.0133 0.7166 0.6000 0.3553
1311868232.5113 -1.4003 -1.8126 2.2056 -0.0138 0.7188 0.5989 0.3528
1311868232.5433 -1.3967 -1.8156 2.2023 -0.0139 0.7201 0.5988 0.3503
1311868232.5831 -1.3912 -1.8164 2.2001 -0.0137 0.7211 0.5986 0.3487
1311868232.6115 -1.3871 -1.8175 2.1972 -0.0130 0.7223 0.5972 0.3485
1311868232.6434 -1.3838 -1.8189 2.1959 -0.0114 0.7230 0.5966 0.3481
1311868232.6834 -1.3788 -1.8202 2.1929 -0.0096 0.7233 0.5963 0.3481
1311868232.7113 -1.3764 -1.8222 2.1907 -0.0066 0.7242 0.5952 0.3481
1311868232.7440 -1.3740 -1.8241 2.1881 -0.0044 0.7248 0.5942 0.3487
1311868232.7793 -1.3726 -1.8255 2.1868 -0.0043 0.7260 0.5919 0.3499
1311868232.8116 -1.3692 -1.8263 2.1842 -0.0059 0.7274 0.5896 0.3509
1311868232.8433 -1.3667 -1.8273 2.1844 -0.0070 0.7296 0.5867 0.3512
1311868232.8794 -1.3634 -1.8291 2.1842 -0.0077 0.7312 0.5846 0.3514
1311868232.9115 -1.3600 -1.8306 2.1844 -0.0071 0.7326 0.5824 0.3521
1311868232.9433 -1.3573 -1.8320 2.1848 -0.0055 0.7338 0.5804 0.3532
1311868232.9795 -1.3565 -1.8341 2.1855 -0.0040 0.7342 0.5789 0.3547
1311868233.0113 -1.3542 -1.8350 2.1859 -0.0027 0.7342 0.5780 0.3562
1311868233.0436 -1.3514 -1.8353 2.1858 -0.0015 0.7338 0.5766 0.3591
1311868233.0796 -1.3521 -1.8371 2.1872 -0.0006 0.7337 0.5748 0.3623
1311868233.1113 -1.3517 -1.8375 2.1862 -0.0008 0.7332 0.5737 0.3649
1311868233.1435 -1.3514 -1.8371 2.1843 -0.0007 0.7341 0.5720 0.3659
1311868233.1797 -1.3521 -1.8397 2.1856 0.0006 0.7361 0.5700 0.3650
1311868233.2114 -1.3528 -1.8401 2.1868 0.0018 0.7367 0.5694 0.3649
1311868233.2436 -1.3520 -1.8401 2.1864 0.0028 0.7369 0.5683 0.3661
1311868233.2797 -1.3547 -1.8413 2.1865 0.0049 0.7373 0.5672 0.3670
1311868233.3114 -1.3557 -1.8420 2.1876 0.0082 0.7374 0.5674 0.3663
1311868233.3435 -1.3570 -1.8410 2.1900 0.0120 0.7367 0.5676 0.3673
1311868233.3794 -1.3587 -1.8406 2.1916 0.0140 0.7356 0.5666 0.3709
1311868233.4114 -1.3630 -1.8412 2.1930 0.0152 0.7342 0.5653 0.3757
1311868233.4433 -1.3680 -1.8392 2.1941 0.0150 0.7332 0.5644 0.3791
1311868233.4794 -1.3715 -1.8376 2.1945 0.0147 0.7334 0.5634 0.3802
1311868233.5114 -1.3776 -1.8365 2.1969 0.0141 0.7340 0.5624 0.3805
1311868233.5434 -1.3831 -1.8348 2.1993 0.0133 0.7342 0.5624 0.3800
1311868233.5795 -1.3874 -1.8325 2.2004 0.0127 0.7339 0.5630 0.3799
1311868233.6115 -1.3934 -1.8309 2.2026 0.0126 0.7338 0.5630 0.3800
1311868233.6433 -1.3987 -1.8294 2.2028 0.0118 0.7332 0.5632 0.3810
1311868233.6795 -1.4047 -1.8288 2.2048 0.0111 0.7329 0.5625 0.3826
1311868233.7115 -1.4119 -1.8263 2.2063 0.0105 0.7322 0.5618 0.3849
1311868233.7434 -1.4185 -1.8244 2.2076 0.0107 0.7319 0.5611 0.3865
1311868233.7796 -1.4286 -1.8238 2.2095 0.0104 0.7309 0.5609 0.3887
1311868233.8115 -1.4341 -1.8219 2.2095 0.0103 0.7295 0.5621 0.3896
1311868233.8436 -1.4424 -1.8215 2.2092 0.0115 0.7281 0.5631 0.3908
1311868233.8795 -1.4508 -1.8185 2.2087 0.0119 0.7273 0.5627 0.3928
1311868233.9115 -1.4604 -1.8166 2.2089 0.0116 0.7273 0.5622 0.3935
1311868233.9435 -1.4685 -1.8162 2.2090 0.0112 0.7276 0.5630 0.3918
1311868233.9793 -1.4759 -1.8143 2.2085 0.0108 0.7272 0.5640 0.3911
1311868234.0115 -1.4834 -1.8142 2.2079 0.0106 0.7266 0.5649 0.3910
1311868234.0434 -1.4907 -1.8131 2.2079 0.0098 0.7264 0.5644 0.3920
1311868234.0796 -1.4988 -1.8141 2.2069 0.0082 0.7266 0.5631 0.3936
1311868234.1116 -1.5064 -1.8136 2.2048 0.0065 0.7271 0.5617 0.3948
1311868234.1435 -1.5155 -1.8150 2.2051 0.0046 0.7293 0.5581 0.3958
1311868234.1794 -1.5248 -1.8185 2.2065 0.0028 0.7309 0.5552 0.3969
1311868234.2115 -1.5332 -1.8206 2.2085 0.0020 0.7317 0.5529 0.3986
1311868234.2436 -1.5412 -1.8237 2.2092 0.0016 0.7317 0.5510 0.4013
1311868234.2794 -1.5505 -1.8254 2.2115 0.0003 0.7315 0.5483 0.4052
1311868234.3115 -1.5582 -1.8268 2.2110 -0.0014 0.7316 0.5458 0.4085
1311868234.3435 -1.5679 -1.8292 2.2127 -0.0031 0.7327 0.5424 0.4111
1311868234.3796 -1.5769 -1.8325 2.2147 -0.0052 0.7332 0.5401 0.4132
1311868234.4116 -1.5857 -1.8350 2.2168 -0.0064 0.7331 0.5386 0.4151
1311868234.4435 -1.5940 -1.8365 2.2198 -0.0079 0.7328 0.5377 0.4169
1311868234.4795 -1.6029 -1.8390 2.2215 -0.0092 0.7323 0.5370 0.4187
1311868234.5116 -1.6111 -1.8403 2.2237 -0.0106 0.7316 0.5367 0.4203
1311868234.5436 -1.6199 -1.8420 2.2239 -0.0116 0.7309 0.5366 0.4216
1311868234.5794 -1.6287 -1.8432 2.2260 -0.0131 0.7307 0.5362 0.4224
1311868234.6117 -1.6380 -1.8453 2.2274 -0.0150 0.7303 0.5365 0.4227
1311868234.6435 -1.6467 -1.8476 2.2294 -0.0162 0.7300 0.5370 0.4225
1311868234.6795 -1.6546 -1.8480 2.2324 -0.0175 0.7296 0.5375 0.4224
1311868234.7114 -1.6625 -1.8491 2.2351 -0.0185 0.7289 0.5384 0.4225
1311868234.7436 -1.6691 -1.8483 2.2368 -0.0195 0.7280 0.5394 0.4228
1311868234.7795 -1.6779 -1.8500 2.2379 -0.0202 0.7275 0.5398 0.4231
1311868234.8117 -1.6848 -1.8501 2.2390 -0.0211 0.7268 0.5407 0.4231
1311868234.8435 -1.6932 -1.8506 2.2396 -0.0213 0.7265 0.5409 0.4233
1311868234.8794 -1.7010 -1.8508 2.2413 -0.0216 0.7262 0.5408 0.4238
1311868234.9115 -1.7106 -1.8524 2.2439 -0.0225 0.7255 0.5412 0.4245
1311868234.9436 -1.7164 -1.8515 2.2459 -0.0235 0.7243 0.5427 0.4247
1311868234.9795 -1.7238 -1.8513 2.2478 -0.0240 0.7233 0.5435 0.4253
1311868235.0116 -1.7324 -1.8511 2.2491 -0.0253 0.7222 0.5441 0.4263
1311868235.0437 -1.7395 -1.8508 2.2495 -0.0267 0.7207 0.5457 0.4267
1311868235.0797 -1.7486 -1.8495 2.2510 -0.0272 0.7197 0.5470 0.4268
1311868235.1116 -1.7557 -1.8499 2.2509 -0.0285 0.7185 0.5489 0.4263
1311868235.1436 -1.7631 -1.8484 2.2527 -0.0286 0.7179 0.5499 0.4259
1311868235.1797 -1.7701 -1.8483 2.2536 -0.0281 0.7165 0.5521 0.4254
1311868235.2115 -1.7783 -1.8464 2.2551 -0.0274 0.7153 0.5537 0.4254
1311868235.2436 -1.7838 -1.8436 2.2552 -0.0283 0.7144 0.5549 0.4253
1311868235.2797 -1.7897 -1.8418 2.2551 -0.0275 0.7142 0.5564 0.4239
1311868235.3117 -1.7957 -1.8395 2.2558 -0.0261 0.7144 0.5571 0.4227
1311868235.3437 -1.8021 -1.8367 2.2563 -0.0252 0.7153 0.5564 0.4222
1311868235.3798 -1.8080 -1.8344 2.2562 -0.0240 0.7165 0.5558 0.4208
1311868235.4115 -1.8146 -1.8340 2.2556 -0.0231 0.7174 0.5558 0.4194
1311868235.4437 -1.8216 -1.8322 2.2573 -0.0233 0.7180 0.5559 0.4182
1311868235.4796 -1.8249 -1.8283 2.2581 -0.0237 0.7185 0.5561 0.4172
1311868235.5117 -1.8308 -1.8256 2.2590 -0.0236 0.7189 0.5557 0.4169
1311868235.5436 -1.8328 -1.8202 2.2589 -0.0248 0.7192 0.5557 0.4163
1311868235.5797 -1.8354 -1.8161 2.2570 -0.0254 0.7207 0.5550 0.4146
1311868235.6118 -1.8395 -1.8136 2.2556 -0.0268 0.7231 0.5539 0.4118
1311868235.6435 -1.8437 -1.8108 2.2548 -0.0287 0.7259 0.5528 0.4083
1311868235.6797 -1.8474 -1.8081 2.2553 -0.0307 0.7283 0.5518 0.4052
1311868235.7116 -1.8502 -1.8054 2.2554 -0.0319 0.7300 0.5509 0.4033
1311868235.7439 -1.8550 -1.8028 2.2560 -0.0333 0.7305 0.5502 0.4032
1311868235.7795 -1.8581 -1.7979 2.2573 -0.0338 0.7304 0.5498 0.4039
1311868235.8119 -1.8621 -1.7937 2.2587 -0.0325 0.7294 0.5500 0.4054
1311868235.8437 -1.8661 -1.7888 2.2587 -0.0324 0.7275 0.5502 0.4087
1311868235.8796 -1.8665 -1.7839 2.2593 -0.0331 0.7261 0.5507 0.4103
1311868235.9116 -1.8681 -1.7803 2.2586 -0.0324 0.7255 0.5513 0.4107
1311868235.9437 -1.8725 -1.7774 2.2570 -0.0319 0.7246 0.5519 0.4116
1311868235.9796 -1.8732 -1.7702 2.2581 -0.0316 0.7244 0.5521 0.4116
1311868236.0117 -1.8733 -1.7659 2.2567 -0.0296 0.7244 0.5523 0.4115
1311868236.0437 -1.8793 -1.7622 2.2557 -0.0267 0.7235 0.5520 0.4136
1311868236.0796 -1.8808 -1.7577 2.2549 -0.0257 0.7218 0.5518 0.4170
1311868236.1118 -1.8837 -1.7522 2.2522 -0.0246 0.7201 0.5513 0.4207
1311868236.1437 -1.8875 -1.7494 2.2501 -0.0239 0.7190 0.5514 0.4225
1311868236.1796 -1.8892 -1.7446 2.2486 -0.0226 0.7172 0.5532 0.4231
1311868236.2117 -1.8896 -1.7409 2.2475 -0.0208 0.7161 0.5545 0.4234
1311868236.2436 -1.8940 -1.7388 2.2465 -0.0201 0.7139 0.5553 0.4262
1311868236.2795 -1.8980 -1.7345 2.2448 -0.0218 0.7105 0.5565 0.4301
1311868236.3116 -1.8971 -1.7292 2.2444 -0.0244 0.7087 0.5572 0.4320
1311868236.3438 -1.8974 -1.7245 2.2426 -0.0271 0.7085 0.5562 0.4336
1311868236.3795 -1.8988 -1.7213 2.2422 -0.0309 0.7089 0.5542 0.4351
1311868236.4129 -1.9007 -1.7169 2.2417 -0.0342 0.7093 0.5530 0.4358
1311868236.4435 -1.9032 -1.7127 2.2409 -0.0353 0.7094 0.5531 0.4354
1311868236.4796 -1.9044 -1.7077 2.2405 -0.0357 0.7091 0.5539 0.4349
1311868236.5116 -1.9060 -1.7027 2.2400 -0.0342 0.7085 0.5546 0.4352
1311868236.5437 -1.9083 -1.6977 2.2380 -0.0326 0.7074 0.5544 0.4372
1311868236.5797 -1.9096 -1.6939 2.2383 -0.0302 0.7073 0.5537 0.4384
1311868236.6116 -1.9111 -1.6899 2.2376 -0.0267 0.7066 0.5532 0.4404
1311868236.6477 -1.9133 -1.6869 2.2362 -0.0247 0.7058 0.5520 0.4432
1311868236.6796 -1.9135 -1.6833 2.2372 -0.0228 0.7063 0.5497 0.4454
1311868236.7117 -1.9174 -1.6815 2.2365 -0.0213 0.7063 0.5484 0.4472
1311868236.7476 -1.9171 -1.6790 2.2373 -0.0204 0.7070 0.5472 0.4475
1311868236.7796 -1.9198 -1.6776 2.2379 -0.0191 0.7076 0.5462 0.4479
1311868236.8117 -1.9219 -1.6752 2.2386 -0.0186 0.7077 0.5455 0.4485
1311868236.8476 -1.9250 -1.6726 2.2387 -0.0180 0.7071 0.5450 0.4502
1311868236.8795 -1.9294 -1.6693 2.2397 -0.0176 0.7054 0.5447 0.4531
1311868236.9118 -1.9310 -1.6646 2.2398 -0.0172 0.7033 0.5451 0.4559
1311868236.9476 -1.9338 -1.6629 2.2394 -0.0170 0.7012 0.5464 0.4576
1311868236.9796 -1.9362 -1.6575 2.2402 -0.0152 0.6995 0.5484 0.4580
1311868237.0116 -1.9359 -1.6523 2.2395 -0.0128 0.6986 0.5501 0.4573
1311868237.0478 -1.9408 -1.6488 2.2389 -0.0099 0.6984 0.5503 0.4576
1311868237.0797 -1.9435 -1.6460 2.2389 -0.0096 0.6978 0.5502 0.4585
1311868237.1116 -1.9453 -1.6423 2.2384 -0.0083 0.6974 0.5501 0.4592
1311868237.1477 -1.9498 -1.6404 2.2373 -0.0060 0.6965 0.5504 0.4604
1311868237.1795 -1.9512 -1.6368 2.2363 -0.0044 0.6953 0.5507 0.4619
1311868237.2117 -1.9538 -1.6339 2.2341 -0.0025 0.6946 0.5500 0.4636
1311868237.2477 -1.9579 -1.6321 2.2328 -0.0012 0.6940 0.5492 0.4655
1311868237.2797 -1.9620 -1.6308 2.2306 -0.0008 0.6935 0.5484 0.4673
1311868237.3117 -1.9671 -1.6291 2.2277 -0.0008 0.6928 0.5477 0.4690
1311868237.3477 -1.9733 -1.6287 2.2245 -0.0017 0.6919 0.5470 0.4712
1311868237.3800 -1.9791 -1.6262 2.2225 -0.0039 0.6907 0.5466 0.4734
1311868237.4118 -1.9826 -1.6231 2.2189 -0.0055 0.6899 0.5468 0.4744
1311868237.4477 -1.9896 -1.6214 2.2157 -0.0064 0.6891 0.5468 0.4755
1311868237.4797 -1.9957 -1.6194 2.2124 -0.0078 0.6881 0.5462 0.4776
1311868237.5117 -2.0013 -1.6183 2.2085 -0.0098 0.6868 0.5455 0.4803
1311868237.5477 -2.0095 -1.6187 2.2042 -0.0125 0.6848 0.5443 0.4845
1311868237.5797 -2.0156 -1.6176 2.2014 -0.0165 0.6825 0.5433 0.4885
1311868237.6116 -2.0204 -1.6143 2.1971 -0.0206 0.6816 0.5416 0.4916
1311868237.6477 -2.0284 -1.6127 2.1921 -0.0249 0.6816 0.5390 0.4943
1311868237.6796 -2.0365 -1.6120 2.1880 -0.0300 0.6813 0.5369 0.4967
1311868237.7119 -2.0422 -1.6090 2.1852 -0.0338 0.6806 0.5350 0.4994
1311868237.7477 -2.0517 -1.6082 2.1809 -0.0340 0.6787 0.5340 0.5031
1311868237.7796 -2.0588 -1.6075 2.1778 -0.0332 0.6755 0.5346 0.5068
1311868237.8118 -2.0615 -1.6064 2.1754 -0.0326 0.6731 0.5351 0.5094
1311868237.8477 -2.0702 -1.6059 2.1711 -0.0310 0.6713 0.5349 0.5121
1311868237.8797 -2.0788 -1.6050 2.1669 -0.0307 0.6697 0.5346 0.5145
1311868237.9118 -2.0865 -1.6047 2.1641 -0.0308 0.6686 0.5350 0.5155
1311868237.9477 -2.0908 -1.6040 2.1619 -0.0314 0.6670 0.5368 0.5157
1311868237.9796 -2.0991 -1.6031 2.1589 -0.0312 0.6660 0.5377 0.5161
1311868238.0117 -2.1058 -1.6035 2.1560 -0.0315 0.6645 0.5393 0.5163
1311868238.0477 -2.1124 -1.6010 2.1529 -0.0319 0.6624 0.5409 0.5174
1311868238.0798 -2.1175 -1.5991 2.1519 -0.0326 0.6610 0.5423 0.5176
1311868238.1117 -2.1247 -1.5962 2.1487 -0.0327 0.6596 0.5434 0.5183
1311868238.1477 -2.1283 -1.5947 2.1480 -0.0333 0.6585 0.5441 0.5189
1311868238.1798 -2.1322 -1.5943 2.1466 -0.0342 0.6571 0.5442 0.5205
1311868238.2117 -2.1367 -1.5932 2.1449 -0.0347 0.6558 0.5441 0.5221
1311868238.2478 -2.1410 -1.5911 2.1421 -0.0349 0.6543 0.5451 0.5230
1311868238.2797 -2.1417 -1.5897 2.1412 -0.0349 0.6539 0.5466 0.5220
1311868238.3117 -2.1456 -1.5874 2.1382 -0.0351 0.6539 0.5468 0.5218
1311868238.3477 -2.1481 -1.5843 2.1363 -0.0357 0.6547 0.5465 0.5211
1311868238.3796 -2.1517 -1.5820 2.1320 -0.0365 0.6554 0.5456 0.5211
1311868238.4118 -2.1547 -1.5803 2.1292 -0.0374 0.6554 0.5448 0.5218
1311868238.4476 -2.1567 -1.5751 2.1267 -0.0367 0.6556 0.5438 0.5226
1311868238.4796 -2.1616 -1.5751 2.1235 -0.0349 0.6553 0.5443 0.5226
1311868238.5116 -2.1628 -1.5718 2.1216 -0.0331 0.6550 0.5443 0.5231
1311868238.5476 -2.1656 -1.5709 2.1196 -0.0316 0.6542 0.5452 0.5233
1311868238.5797 -2.1666 -1.5696 2.1171 -0.0305 0.6530 0.5466 0.5233
1311868238.6119 -2.1665 -1.5665 2.1154 -0.0304 0.6526 0.5475 0.5229
1311868238.6477 -2.1699 -1.5642 2.1125 -0.0328 0.6531 0.5476 0.5220
1311868238.6798 -2.1715 -1.5615 2.1105 -0.0367 0.6544 0.5471 0.5206
1311868238.7118 -2.1748 -1.5590 2.1076 -0.0404 0.6549 0.5475 0.5194
1311868238.7477 -2.1763 -1.5544 2.1040 -0.0426 0.6544 0.5494 0.5178
1311868238.7797 -2.1762 -1.5485 2.1011 -0.0434 0.6539 0.5518 0.5159
1311868238.8117 -2.1759 -1.5472 2.0992 -0.0438 0.6540 0.5546 0.5126
1311868238.8477 -2.1765 -1.5406 2.0939 -0.0431 0.6533 0.5571 0.5109
1311868238.8797 -2.1809 -1.5347 2.0887 -0.0420 0.6522 0.5584 0.5109
1311868238.9118 -2.1803 -1.5297 2.0854 -0.0415 0.6512 0.5601 0.5104
1311868238.9477 -2.1810 -1.5234 2.0819 -0.0394 0.6506 0.5613 0.5100
1311868238.9797 -2.1824 -1.5218 2.0783 -0.0383 0.6499 0.5629 0.5092
1311868239.0118 -2.1809 -1.5176 2.0767 -0.0387 0.6490 0.5633 0.5099
1311868239.0479 -2.1798 -1.5138 2.0741 -0.0390 0.6494 0.5608 0.5121
1311868239.0798 -2.1795 -1.5127 2.0712 -0.0407 0.6506 0.5566 0.5150
1311868239.1119 -2.1805 -1.5098 2.0668 -0.0443 0.6512 0.5520 0.5189
1311868239.1477 -2.1791 -1.5062 2.0641 -0.0471 0.6523 0.5476 0.5219
1311868239.1800 -2.1823 -1.5038 2.0595 -0.0461 0.6522 0.5458 0.5241
1311868239.2120 -2.1859 -1.4987 2.0550 -0.0428 0.6495 0.5465 0.5270
1311868239.2477 -2.1854 -1.4982 2.0541 -0.0407 0.6471 0.5471 0.5294
1311868239.2796 -2.1861 -1.4951 2.0518 -0.0382 0.6440 0.5479 0.5325
1311868239.3117 -2.1866 -1.4921 2.0487 -0.0359 0.6413 0.5487 0.5351
1311868239.3477 -2.1853 -1.4892 2.0465 -0.0344 0.6389 0.5494 0.5374
1311868239.3797 -2.1868 -1.4827 2.0423 -0.0321 0.6365 0.5493 0.5404
1311868239.4117 -2.1865 -1.4804 2.0401 -0.0307 0.6344 0.5501 0.5422
1311868239.4478 -2.1877 -1.4790 2.0385 -0.0297 0.6325 0.5516 0.5430
1311868239.4798 -2.1869 -1.4770 2.0378 -0.0298 0.6303 0.5536 0.5435
1311868239.5118 -2.1836 -1.4738 2.0378 -0.0303 0.6290 0.5547 0.5438
1311868239.5478 -2.1831 -1.4694 2.0365 -0.0310 0.6284 0.5542 0.5451
1311868239.5798 -2.1843 -1.4675 2.0345 -0.0336 0.6280 0.5515 0.5481
1311868239.6119 -2.1861 -1.4646 2.0325 -0.0361 0.6267 0.5493 0.5516
1311868239.6478 -2.1870 -1.4622 2.0309 -0.0377 0.6249 0.5476 0.5551
1311868239.6798 -2.1888 -1.4599 2.0297 -0.0385 0.6228 0.5475 0.5575
1311868239.7118 -2.1894 -1.4574 2.0271 -0.0380 0.6203 0.5489 0.5589
1311868239.7479 -2.1915 -1.4554 2.0240 -0.0390 0.6175 0.5496 0.5613
1311868239.7798 -2.1910 -1.4524 2.0230 -0.0416 0.6155 0.5487 0.5642
1311868239.8119 -2.1926 -1.4493 2.0222 -0.0435 0.6145 0.5468 0.5670
1311868239.8477 -2.1957 -1.4480 2.0202 -0.0440 0.6133 0.5453 0.5698
1311868239.8798 -2.2003 -1.4433 2.0160 -0.0422 0.6102 0.5447 0.5737
1311868239.9120 -2.2053 -1.4381 2.0110 -0.0388 0.6065 0.5449 0.5777
1311868239.9479 -2.2083 -1.4375 2.0087 -0.0363 0.6037 0.5453 0.5804
1311868239.9799 -2.2136 -1.4387 2.0063 -0.0354 0.6018 0.5447 0.5830
1311868240.0122 -2.2194 -1.4405 2.0017 -0.0371 0.5995 0.5441 0.5858
1311868240.0480 -2.2234 -1.4388 1.9996 -0.0405 0.5981 0.5427 0.5882
1311868240.0799 -2.2277 -1.4378 1.9973 -0.0445 0.5983 0.5412 0.5891
1311868240.1118 -2.2329 -1.4375 1.9931 -0.0468 0.5983 0.5414 0.5888
1311868240.1478 -2.2400 -1.4335 1.9872 -0.0472 0.5977 0.5409 0.5899
1311868240.1800 -2.2462 -1.4307 1.9794 -0.0472 0.5960 0.5407 0.5917
1311868240.2119 -2.2543 -1.4281 1.9732 -0.0472 0.5944 0.5397 0.5943
1311868240.2478 -2.2598 -1.4274 1.9689 -0.0476 0.5938 0.5388 0.5956
1311868240.2798 -2.2673 -1.4286 1.9631 -0.0495 0.5922 0.5379 0.5979
1311868240.3119 -2.2747 -1.4300 1.9596 -0.0538 0.5909 0.5364 0.6002
1311868240.3477 -2.2785 -1.4258 1.9550 -0.0579 0.5903 0.5350 0.6016
1311868240.3798 -2.2841 -1.4256 1.9512 -0.0607 0.5910 0.5342 0.6014
1311868240.4121 -2.2937 -1.4246 1.9465 -0.0636 0.5906 0.5326 0.6029
1311868240.4479 -2.2997 -1.4247 1.9430 -0.0681 0.5891 0.5312 0.6052
1311868240.4800 -2.3036 -1.4235 1.9415 -0.0726 0.5884 0.5295 0.6068
1311868240.5122 -2.3084 -1.4240 1.9390 -0.0763 0.5881 0.5282 0.6077
1311868240.5477 -2.3136 -1.4226 1.9367 -0.0788 0.5866 0.5270 0.6100
1311868240.5797 -2.3163 -1.4226 1.9362 -0.0809 0.5853 0.5263 0.6114
1311868240.6118 -2.3225 -1.4224 1.9353 -0.0803 0.5847 0.5272 0.6114
1311868240.6479 -2.3270 -1.4220 1.9331 -0.0790 0.5830 0.5293 0.6113
1311868240.6798 -2.3323 -1.4220 1.9338 -0.0775 0.5816 0.5319 0.6106
1311868240.7119 -2.3362 -1.4180 1.9333 -0.0758 0.5812 0.5329 0.6103
1311868240.7480 -2.3434 -1.4147 1.9305 -0.0735 0.5814 0.5330 0.6103
1311868240.7799 -2.3471 -1.4136 1.9285 -0.0733 0.5809 0.5333 0.6105
1311868240.8119 -2.3512 -1.4146 1.9277 -0.0735 0.5809 0.5335 0.6104
1311868240.8798 -2.3555 -1.4117 1.9209 -0.0739 0.5817 0.5359 0.6075
1311868240.9120 -2.3599 -1.4175 1.9165 -0.0755 0.5816 0.5389 0.6046
1311868240.9479 -2.3627 -1.4193 1.9103 -0.0786 0.5791 0.5428 0.6032
1311868240.9800 -2.3604 -1.4199 1.9078 -0.0822 0.5763 0.5484 0.6003
1311868241.0120 -2.3570 -1.4169 1.9048 -0.0832 0.5760 0.5503 0.5987
1311868241.0479 -2.3555 -1.4173 1.9018 -0.0846 0.5763 0.5501 0.5985
1311868241.0800 -2.3505 -1.4151 1.8996 -0.0857 0.5769 0.5483 0.5993
1311868241.1118 -2.3476 -1.4151 1.8956 -0.0849 0.5795 0.5459 0.5992
1311868241.1480 -2.3441 -1.4175 1.8890 -0.0840 0.5809 0.5446 0.5991
1311868241.1798 -2.3391 -1.4177 1.8828 -0.0837 0.5821 0.5428 0.5996
1311868241.2119 -2.3362 -1.4250 1.8723 -0.0845 0.5821 0.5426 0.5997
1311868241.2478 -2.3316 -1.4301 1.8633 -0.0873 0.5803 0.5441 0.5996
1311868241.2800 -2.3239 -1.4273 1.8616 -0.0873 0.5813 0.5454 0.5975
1311868241.3118 -2.3172 -1.4310 1.8515 -0.0859 0.5808 0.5489 0.5950
1311868241.3482 -2.3100 -1.4357 1.8447 -0.0846 0.5798 0.5515 0.5938
1311868241.3800 -2.3017 -1.4377 1.8402 -0.0838 0.5797 0.5513 0.5941
1311868241.4119 -2.2982 -1.4399 1.8358 -0.0821 0.5807 0.5502 0.5945
1311868241.4478 -2.2926 -1.4404 1.8310 -0.0805 0.5810 0.5500 0.5946
1311868241.4799 -2.2870 -1.4422 1.8245 -0.0782 0.5813 0.5499 0.5947
1311868241.5122 -2.2822 -1.4425 1.8190 -0.0746 0.5814 0.5500 0.5949
1311868241.5799 -2.2689 -1.4494 1.8022 -0.0705 0.5807 0.5537 0.5927
1311868241.6120 -2.2634 -1.4477 1.7954 -0.0700 0.5804 0.5542 0.5925
1311868241.6480 -2.2565 -1.4511 1.7896 -0.0697 0.5811 0.5540 0.5921
1311868241.6800 -2.2524 -1.4527 1.7840 -0.0682 0.5809 0.5540 0.5924
1311868241.7126 -2.2505 -1.4527 1.7779 -0.0664 0.5801 0.5541 0.5934
1311868241.7480 -2.2466 -1.4532 1.7731 -0.0647 0.5791 0.5534 0.5952
1311868241.7799 -2.2388 -1.4559 1.7644 -0.0653 0.5774 0.5522 0.5978
1311868241.8118 -2.2354 -1.4583 1.7584 -0.0667 0.5769 0.5501 0.6001
1311868241.8480 -2.2306 -1.4555 1.7524 -0.0681 0.5775 0.5460 0.6032
1311868241.8799 -2.2266 -1.4595 1.7442 -0.0710 0.5779 0.5415 0.6064
1311868241.9120 -2.2217 -1.4573 1.7380 -0.0725 0.5784 0.5366 0.6102
1311868241.9478 -2.2210 -1.4594 1.7319 -0.0723 0.5792 0.5321 0.6134
1311868241.9799 -2.2209 -1.4585 1.7243 -0.0717 0.5778 0.5289 0.6175
1311868242.0119 -2.2174 -1.4604 1.7177 -0.0709 0.5760 0.5278 0.6202
1311868242.0479 -2.2177 -1.4610 1.7092 -0.0698 0.5732 0.5266 0.6240
1311868242.0800 -2.2162 -1.4649 1.7034 -0.0712 0.5698 0.5257 0.6276
1311868242.1119 -2.2146 -1.4630 1.6944 -0.0715 0.5665 0.5248 0.6314
1311868242.1479 -2.2137 -1.4643 1.6872 -0.0729 0.5643 0.5233 0.6344
1311868242.1800 -2.2118 -1.4635 1.6816 -0.0753 0.5629 0.5197 0.6383
1311868242.2122 -2.2122 -1.4623 1.6757 -0.0771 0.5624 0.5161 0.6414
1311868242.2479 -2.2146 -1.4638 1.6698 -0.0769 0.5624 0.5133 0.6437
1311868242.2800 -2.2166 -1.4656 1.6651 -0.0775 0.5607 0.5115 0.6465
1311868242.3121 -2.2174 -1.4659 1.6612 -0.0771 0.5589 0.5104 0.6490
1311868242.3479 -2.2180 -1.4666 1.6557 -0.0746 0.5563 0.5105 0.6514
1311868242.3799 -2.2199 -1.4660 1.6509 -0.0716 0.5530 0.5111 0.6541
1311868242.4120 -2.2191 -1.4646 1.6491 -0.0692 0.5508 0.5108 0.6564
1311868242.4479 -2.2193 -1.4640 1.6439 -0.0671 0.5492 0.5090 0.6594
1311868242.4800 -2.2195 -1.4648 1.6409 -0.0686 0.5483 0.5049 0.6631
1311868242.5120 -2.2191 -1.4640 1.6378 -0.0697 0.5484 0.5007 0.6661
1311868242.5801 -2.2199 -1.4617 1.6334 -0.0684 0.5464 0.4995 0.6688
1311868242.6123 -2.2225 -1.4633 1.6299 -0.0652 0.5431 0.5011 0.6705
1311868242.6799 -2.2233 -1.4597 1.6299 -0.0621 0.5361 0.4997 0.6775
1311868242.7123 -2.2200 -1.4527 1.6308 -0.0617 0.5359 0.4969 0.6798
1311868242.7479 -2.2198 -1.4537 1.6296 -0.0617 0.5401 0.4936 0.6788
1311868242.7800 -2.2212 -1.4537 1.6283 -0.0615 0.5453 0.4911 0.6765
1311868242.8480 -2.2246 -1.4518 1.6182 -0.0596 0.5509 0.4912 0.6721
1311868242.8799 -2.2234 -1.4480 1.6163 -0.0601 0.5517 0.4912 0.6714
1311868242.9120 -2.2236 -1.4475 1.6149 -0.0605 0.5538 0.4891 0.6711
1311868242.9481 -2.2253 -1.4447 1.6125 -0.0625 0.5551 0.4876 0.6709
1311868243.0122 -2.2227 -1.4388 1.6080 -0.0591 0.5591 0.4900 0.6662
1311868243.0481 -2.2250 -1.4362 1.6043 -0.0559 0.5596 0.4912 0.6652
1311868243.0800 -2.2251 -1.4344 1.6020 -0.0539 0.5586 0.4942 0.6639
1311868243.1119 -2.2238 -1.4306 1.6001 -0.0515 0.5587 0.4968 0.6621
1311868243.1481 -2.2247 -1.4300 1.5977 -0.0514 0.5592 0.4974 0.6613
1311868243.1801 -2.2225 -1.4263 1.5963 -0.0522 0.5600 0.4959 0.6616
1311868243.2120 -2.2240 -1.4260 1.5926 -0.0532 0.5619 0.4929 0.6622
1311868243.2481 -2.2245 -1.4245 1.5898 -0.0531 0.5630 0.4917 0.6622
1311868243.2800 -2.2246 -1.4232 1.5871 -0.0517 0.5627 0.4920 0.6623
1311868243.3120 -2.2272 -1.4220 1.5826 -0.0496 0.5611 0.4918 0.6639
1311868243.3481 -2.2283 -1.4218 1.5810 -0.0493 0.5589 0.4907 0.6666
1311868243.4119 -2.2308 -1.4172 1.5729 -0.0505 0.5571 0.4846 0.6725
1311868243.4482 -2.2313 -1.4132 1.5701 -0.0530 0.5575 0.4812 0.6744
1311868243.4801 -2.2335 -1.4118 1.5647 -0.0549 0.5586 0.4787 0.6751
1311868243.5481 -2.2385 -1.4098 1.5560 -0.0577 0.5577 0.4747 0.6784
1311868243.5800 -2.2413 -1.4085 1.5516 -0.0579 0.5543 0.4732 0.6823
1311868243.6120 -2.2466 -1.4085 1.5452 -0.0586 0.5487 0.4713 0.6880
1311868243.6481 -2.2508 -1.4066 1.5396 -0.0602 0.5422 0.4706 0.6935
1311868243.6800 -2.2552 -1.4048 1.5331 -0.0625 0.5366 0.4697 0.6982
1311868243.7120 -2.2591 -1.4010 1.5266 -0.0658 0.5323 0.4681 0.7024
1311868243.7479 -2.2641 -1.3961 1.5179 -0.0705 0.5292 0.4651 0.7062
1311868243.7800 -2.2686 -1.3915 1.5116 -0.0747 0.5281 0.4637 0.7075
1311868243.8119 -2.2727 -1.3889 1.5039 -0.0773 0.5271 0.4656 0.7067
1311868243.8482 -2.2765 -1.3845 1.4961 -0.0783 0.5254 0.4680 0.7063
1311868243.8801 -2.2798 -1.3806 1.4907 -0.0789 0.5226 0.4684 0.7080
1311868243.9121 -2.2848 -1.3799 1.4846 -0.0800 0.5188 0.4672 0.7115
1311868243.9482 -2.2899 -1.3801 1.4793 -0.0806 0.5146 0.4658 0.7153
1311868243.9800 -2.2946 -1.3779 1.4728 -0.0802 0.5092 0.4653 0.7196
1311868244.0121 -2.2975 -1.3732 1.4680 -0.0799 0.5045 0.4639 0.7238
1311868244.0481 -2.3000 -1.3708 1.4634 -0.0800 0.5009 0.4629 0.7269
1311868244.0801 -2.3025 -1.3650 1.4600 -0.0777 0.4990 0.4621 0.7290
1311868244.1122 -2.3068 -1.3637 1.4543 -0.0753 0.4979 0.4605 0.7310
1311868244.1481 -2.3109 -1.3609 1.4497 -0.0741 0.4968 0.4583 0.7332
1311868244.2120 -2.3195 -1.3561 1.4418 -0.0733 0.4971 0.4517 0.7372
1311868244.2480 -2.3259 -1.3524 1.4385 -0.0734 0.4954 0.4498 0.7395
1311868244.3122 -2.3423 -1.3497 1.4316 -0.0761 0.4859 0.4466 0.7474
1311868244.3483 -2.3476 -1.3452 1.4315 -0.0790 0.4813 0.4469 0.7499
1311868244.3800 -2.3494 -1.3383 1.4276 -0.0796 0.4796 0.4479 0.7503
1311868244.4121 -2.3552 -1.3357 1.4272 -0.0803 0.4815 0.4480 0.7490
1311868244.4482 -2.3549 -1.3273 1.4221 -0.0814 0.4824 0.4491 0.7476
1311868244.4801 -2.3595 -1.3246 1.4173 -0.0819 0.4855 0.4489 0.7457
1311868244.5123 -2.3660 -1.3203 1.4140 -0.0824 0.4877 0.4478 0.7448
1311868244.5483 -2.3704 -1.3167 1.4104 -0.0831 0.4888 0.4466 0.7448
1311868244.5801 -2.3751 -1.3159 1.4048 -0.0832 0.4890 0.4466 0.7446
1311868244.6123 -2.3785 -1.3114 1.4043 -0.0828 0.4879 0.4477 0.7448
1311868244.6482 -2.3835 -1.3072 1.3990 -0.0814 0.4849 0.4474 0.7471
1311868244.7121 -2.3874 -1.2975 1.3976 -0.0832 0.4803 0.4488 0.7490
1311868244.7483 -2.3876 -1.2920 1.3927 -0.0834 0.4814 0.4514 0.7467
1311868244.7800 -2.3885 -1.2850 1.3908 -0.0823 0.4844 0.4545 0.7429
1311868244.8121 -2.3913 -1.2847 1.3864 -0.0841 0.4867 0.4589 0.7386
1311868244.8481 -2.3893 -1.2728 1.3830 -0.0848 0.4884 0.4611 0.7360
1311868244.8804 -2.3907 -1.2704 1.3813 -0.0863 0.4915 0.4614 0.7335
1311868244.9122 -2.3930 -1.2692 1.3771 -0.0903 0.4926 0.4613 0.7324
1311868244.9481 -2.3945 -1.2640 1.3725 -0.0931 0.4932 0.4605 0.7321
1311868244.9801 -2.3953 -1.2583 1.3670 -0.0954 0.4929 0.4604 0.7321
1311868245.0123 -2.3988 -1.2549 1.3687 -0.0993 0.4930 0.4604 0.7315
1311868245.0483 -2.3956 -1.2479 1.3683 -0.1026 0.4915 0.4606 0.7320
1311868245.0802 -2.3907 -1.2388 1.3673 -0.1041 0.4920 0.4587 0.7326
1311868245.1123 -2.3916 -1.2358 1.3642 -0.1055 0.4937 0.4573 0.7321
1311868245.1482 -2.3887 -1.2273 1.3618 -0.1062 0.4962 0.4571 0.7304
1311868245.1799 -2.3887 -1.2243 1.3589 -0.1064 0.5004 0.4556 0.7285
1311868245.2122 -2.3846 -1.2185 1.3508 -0.1048 0.5008 0.4546 0.7291
1311868245.2483 -2.3873 -1.2186 1.3445 -0.1023 0.4993 0.4545 0.7305
1311868245.2802 -2.3820 -1.2113 1.3425 -0.0991 0.4951 0.4548 0.7336
1311868245.3122 -2.3799 -1.2072 1.3392 -0.0959 0.4918 0.4536 0.7370
1311868245.3482 -2.3766 -1.2003 1.3363 -0.0935 0.4897 0.4524 0.7394
1311868245.3801 -2.3723 -1.1953 1.3306 -0.0914 0.4892 0.4502 0.7414
1311868245.4122 -2.3747 -1.1948 1.3240 -0.0905 0.4888 0.4474 0.7435
1311868245.4482 -2.3731 -1.1871 1.3195 -0.0885 0.4871 0.4467 0.7452
1311868245.4801 -2.3688 -1.1823 1.3172 -0.0850 0.4862 0.4473 0.7459
1311868245.5123 -2.3726 -1.1823 1.3055 -0.0810 0.4831 0.4470 0.7485
1311868245.5482 -2.3733 -1.1727 1.3023 -0.0779 0.4794 0.4453 0.7522
1311868245.5803 -2.3740 -1.1658 1.2989 -0.0754 0.4775 0.4432 0.7549
1311868245.6123 -2.3816 -1.1663 1.2948 -0.0757 0.4781 0.4429 0.7547
1311868245.6482 -2.3811 -1.1593 1.2914 -0.0772 0.4790 0.4459 0.7522
1311868245.6802 -2.3783 -1.1517 1.2889 -0.0784 0.4814 0.4492 0.7485
1311868245.7161 -2.3801 -1.1465 1.2834 -0.0780 0.4839 0.4522 0.7452
1311868245.7482 -2.3782 -1.1394 1.2726 -0.0757 0.4820 0.4575 0.7434
1311868245.7802 -2.3784 -1.1323 1.2661 -0.0726 0.4786 0.4618 0.7432
1311868245.8163 -2.3788 -1.1266 1.2615 -0.0704 0.4743 0.4645 0.7446
1311868245.8482 -2.3819 -1.1216 1.2542 -0.0690 0.4702 0.4665 0.7460
1311868245.8802 -2.3829 -1.1152 1.2508 -0.0689 0.4665 0.4686 0.7470
1311868245.9162 -2.3864 -1.1081 1.2454 -0.0700 0.4642 0.4688 0.7482
1311868245.9482 -2.3858 -1.1026 1.2378 -0.0720 0.4623 0.4686 0.7494
1311868245.9803 -2.3927 -1.0957 1.2304 -0.0742 0.4599 0.4675 0.7513
1311868246.0161 -2.3931 -1.0901 1.2273 -0.0777 0.4579 0.4661 0.7530
1311868246.0482 -2.3962 -1.0883 1.2205 -0.0819 0.4552 0.4634 0.7559
1311868246.0803 -2.3994 -1.0839 1.2156 -0.0855 0.4518 0.4613 0.7588
1311868246.1162 -2.4030 -1.0819 1.2122 -0.0875 0.4490 0.4611 0.7604
1311868246.1482 -2.4084 -1.0798 1.2054 -0.0889 0.4452 0.4613 0.7623
1311868246.1802 -2.4116 -1.0760 1.1993 -0.0905 0.4412 0.4618 0.7641
1311868246.2161 -2.4157 -1.0712 1.1966 -0.0918 0.4405 0.4608 0.7650
1311868246.2481 -2.4214 -1.0696 1.1884 -0.0929 0.4404 0.4617 0.7644
1311868246.2802 -2.4250 -1.0632 1.1800 -0.0932 0.4402 0.4619 0.7644
1311868246.3162 -2.4290 -1.0585 1.1735 -0.0948 0.4405 0.4603 0.7649
1311868246.3481 -2.4314 -1.0585 1.1684 -0.0959 0.4406 0.4600 0.7649
1311868246.3802 -2.4417 -1.0603 1.1627 -0.0968 0.4396 0.4592 0.7658
1311868246.4161 -2.4436 -1.0557 1.1583 -0.0977 0.4366 0.4596 0.7672
1311868246.4483 -2.4527 -1.0550 1.1538 -0.0991 0.4357 0.4599 0.7673
1311868246.4804 -2.4584 -1.0517 1.1462 -0.1004 0.4351 0.4608 0.7670
1311868246.5162 -2.4618 -1.0468 1.1414 -0.1019 0.4346 0.4620 0.7664
1311868246.5484 -2.4678 -1.0462 1.1344 -0.1033 0.4343 0.4624 0.7661
1311868246.5802 -2.4743 -1.0438 1.1301 -0.1052 0.4335 0.4630 0.7659
1311868246.6161 -2.4801 -1.0400 1.1252 -0.1073 0.4339 0.4627 0.7656
1311868246.6483 -2.4851 -1.0377 1.1198 -0.1081 0.4342 0.4645 0.7642
1311868246.6803 -2.4887 -1.0354 1.1155 -0.1102 0.4334 0.4668 0.7630
1311868246.7163 -2.4927 -1.0315 1.1147 -0.1112 0.4342 0.4683 0.7615
1311868246.7489 -2.4975 -1.0304 1.1080 -0.1115 0.4348 0.4699 0.7601
1311868246.7804 -2.5001 -1.0260 1.1078 -0.1129 0.4354 0.4693 0.7599
1311868246.8162 -2.5056 -1.0246 1.1027 -0.1137 0.4364 0.4684 0.7597
1311868246.8484 -2.5096 -1.0255 1.0961 -0.1153 0.4375 0.4680 0.7592
1311868246.8803 -2.5154 -1.0261 1.0937 -0.1155 0.4397 0.4693 0.7571
1311868246.9162 -2.5156 -1.0228 1.0887 -0.1154 0.4405 0.4704 0.7559
1311868246.9482 -2.5206 -1.0200 1.0833 -0.1149 0.4418 0.4700 0.7554
1311868246.9803 -2.5227 -1.0177 1.0812 -0.1155 0.4433 0.4690 0.7551
1311868247.0162 -2.5254 -1.0164 1.0771 -0.1156 0.4451 0.4696 0.7537
1311868247.0484 -2.5266 -1.0149 1.0757 -0.1155 0.4471 0.4713 0.7514
1311868247.0802 -2.5245 -1.0136 1.0708 -0.1162 0.4481 0.4723 0.7501
1311868247.1163 -2.5229 -1.0129 1.0720 -0.1161 0.4504 0.4733 0.7481
1311868247.1484 -2.5232 -1.0135 1.0654 -0.1155 0.4509 0.4747 0.7470
1311868247.1803 -2.5200 -1.0126 1.0660 -0.1155 0.4506 0.4752 0.7469
1311868247.2164 -2.5155 -1.0116 1.0620 -0.1151 0.4494 0.4749 0.7478
1311868247.2482 -2.5099 -1.0113 1.0580 -0.1149 0.4487 0.4748 0.7483
1311868247.2803 -2.5105 -1.0119 1.0542 -0.1134 0.4493 0.4754 0.7478
1311868247.3163 -2.5048 -1.0095 1.0497 -0.1134 0.4482 0.4760 0.7481
1311868247.3483 -2.4968 -1.0071 1.0457 -0.1141 0.4475 0.4756 0.7487
1311868247.3806 -2.4937 -1.0069 1.0424 -0.1150 0.4486 0.4734 0.7493
1311868247.4163 -2.4888 -1.0044 1.0409 -0.1162 0.4493 0.4718 0.7497
1311868247.4483 -2.4806 -1.0057 1.0365 -0.1175 0.4492 0.4713 0.7499
1311868247.4804 -2.4738 -1.0044 1.0326 -0.1180 0.4480 0.4703 0.7511
1311868247.5161 -2.4635 -1.0043 1.0325 -0.1186 0.4478 0.4691 0.7519
1311868247.5485 -2.4582 -1.0031 1.0329 -0.1173 0.4485 0.4685 0.7521
1311868247.5802 -2.4473 -1.0013 1.0288 -0.1160 0.4470 0.4692 0.7527
1311868247.6164 -2.4379 -1.0007 1.0257 -0.1138 0.4462 0.4694 0.7534
1311868247.6482 -2.4320 -0.9986 1.0250 -0.1109 0.4463 0.4688 0.7541
1311868247.6804 -2.4256 -0.9980 1.0230 -0.1083 0.4462 0.4699 0.7539
1311868247.7162 -2.4181 -0.9966 1.0209 -0.1065 0.4457 0.4702 0.7543
1311868247.7483 -2.4093 -0.9943 1.0146 -0.1060 0.4442 0.4696 0.7556
1311868247.7804 -2.3999 -0.9928 1.0127 -0.1068 0.4444 0.4671 0.7569
1311868247.8162 -2.3904 -0.9937 1.0075 -0.1087 0.4451 0.4646 0.7578
1311868247.8484 -2.3829 -0.9909 1.0092 -0.1097 0.4474 0.4609 0.7585
1311868247.8802 -2.3711 -0.9888 1.0079 -0.1110 0.4485 0.4589 0.7589
1311868247.9162 -2.3579 -0.9883 1.0050 -0.1115 0.4488 0.4576 0.7594
1311868247.9482 -2.3491 -0.9884 1.0009 -0.1108 0.4488 0.4576 0.7595
1311868247.9802 -2.3375 -0.9894 0.9990 -0.1105 0.4484 0.4586 0.7592
1311868248.0162 -2.3291 -0.9874 0.9979 -0.1092 0.4484 0.4594 0.7589
1311868248.0482 -2.3208 -0.9853 0.9967 -0.1076 0.4478 0.4589 0.7598
1311868248.0803 -2.3139 -0.9828 0.9945 -0.1047 0.4465 0.4577 0.7617
1311868248.1162 -2.3055 -0.9819 0.9934 -0.1032 0.4436 0.4575 0.7637
1311868248.1483 -2.2995 -0.9779 0.9919 -0.1022 0.4408 0.4569 0.7658
1311868248.1804 -2.2893 -0.9780 0.9909 -0.1021 0.4391 0.4582 0.7660
1311868248.2164 -2.2826 -0.9757 0.9850 -0.0996 0.4378 0.4592 0.7665
1311868248.2483 -2.2744 -0.9739 0.9786 -0.0994 0.4340 0.4609 0.7677
1311868248.2803 -2.2633 -0.9705 0.9785 -0.1007 0.4320 0.4597 0.7694
1311868248.3162 -2.2574 -0.9672 0.9738 -0.1009 0.4313 0.4573 0.7711
1311868248.3483 -2.2512 -0.9657 0.9691 -0.1031 0.4302 0.4559 0.7723
1311868248.3805 -2.2435 -0.9627 0.9678 -0.1051 0.4288 0.4554 0.7731
1311868248.4163 -2.2332 -0.9605 0.9642 -0.1064 0.4268 0.4555 0.7740
1311868248.4484 -2.2256 -0.9568 0.9541 -0.1061 0.4232 0.4554 0.7761
1311868248.4804 -2.2185 -0.9537 0.9546 -0.1076 0.4203 0.4548 0.7778
1311868248.5163 -2.2091 -0.9508 0.9526 -0.1075 0.4172 0.4536 0.7801
1311868248.5483 -2.1995 -0.9464 0.9483 -0.1077 0.4133 0.4519 0.7832
1311868248.5803 -2.1904 -0.9431 0.9426 -0.1078 0.4102 0.4492 0.7863
1311868248.6164 -2.1857 -0.9408 0.9365 -0.1084 0.4081 0.4458 0.7893
1311868248.6485 -2.1782 -0.9384 0.9333 -0.1122 0.4066 0.4415 0.7919
1311868248.6804 -2.1673 -0.9355 0.9268 -0.1160 0.4071 0.4360 0.7942
1311868248.7165 -2.1600 -0.9351 0.9165 -0.1199 0.4064 0.4318 0.7963
1311868248.7485 -2.1512 -0.9303 0.9103 -0.1248 0.4027 0.4281 0.7994
1311868248.7803 -2.1391 -0.9313 0.9042 -0.1275 0.3982 0.4274 0.8016
1311868248.8165 -2.1330 -0.9299 0.8968 -0.1280 0.3923 0.4278 0.8042
1311868248.8483 -2.1237 -0.9286 0.8917 -0.1289 0.3858 0.4297 0.8062
1311868248.8804 -2.1124 -0.9275 0.8858 -0.1287 0.3805 0.4327 0.8071
1311868248.9165 -2.1048 -0.9251 0.8785 -0.1287 0.3785 0.4340 0.8073
1311868248.9483 -2.0957 -0.9218 0.8740 -0.1293 0.3808 0.4342 0.8060
1311868248.9804 -2.0898 -0.9174 0.8669 -0.1299 0.3845 0.4329 0.8049
1311868249.0165 -2.0829 -0.9170 0.8650 -0.1322 0.3886 0.4319 0.8031
1311868249.0483 -2.0753 -0.9142 0.8607 -0.1329 0.3925 0.4300 0.8021
1311868249.0807 -2.0733 -0.9147 0.8547 -0.1345 0.3951 0.4286 0.8013
1311868249.1163 -2.0659 -0.9105 0.8515 -0.1363 0.3951 0.4292 0.8007
1311868249.1485 -2.0597 -0.9083 0.8489 -0.1375 0.3957 0.4290 0.8003
1311868249.1805 -2.0540 -0.9050 0.8452 -0.1392 0.3952 0.4280 0.8008
1311868249.2164 -2.0449 -0.9018 0.8465 -0.1404 0.3964 0.4278 0.8001
1311868249.2482 -2.0377 -0.9008 0.8437 -0.1397 0.3979 0.4283 0.7992
1311868249.2807 -2.0307 -0.8989 0.8395 -0.1391 0.3978 0.4284 0.7993
1311868249.3166 -2.0255 -0.8979 0.8397 -0.1383 0.3983 0.4276 0.7996
1311868249.3484 -2.0173 -0.8981 0.8388 -0.1371 0.3987 0.4268 0.8000
1311868249.3806 -2.0096 -0.9001 0.8370 -0.1362 0.3990 0.4269 0.8000
1311868249.4165 -2.0042 -0.8992 0.8358 -0.1346 0.3996 0.4261 0.8004
1311868249.4483 -1.9966 -0.8990 0.8381 -0.1330 0.4004 0.4262 0.8002
1311868249.4804 -1.9916 -0.8990 0.8373 -0.1310 0.4018 0.4256 0.8002
1311868249.5163 -1.9867 -0.8993 0.8375 -0.1302 0.4044 0.4235 0.8001
1311868249.5483 -1.9775 -0.8982 0.8396 -0.1294 0.4077 0.4205 0.8001
1311868249.5803 -1.9689 -0.9021 0.8369 -0.1293 0.4099 0.4179 0.8004
1311868249.6163 -1.9613 -0.9031 0.8361 -0.1278 0.4114 0.4176 0.8001
1311868249.6484 -1.9579 -0.9026 0.8371 -0.1255 0.4124 0.4179 0.7997
1311868249.6807 -1.9488 -0.9036 0.8372 -0.1260 0.4107 0.4181 0.8004
1311868249.7163 -1.9431 -0.9032 0.8385 -0.1262 0.4094 0.4184 0.8009
1311868249.7483 -1.9353 -0.9019 0.8418 -0.1265 0.4087 0.4193 0.8007
1311868249.7807 -1.9234 -0.9042 0.8414 -0.1267 0.4082 0.4201 0.8005
1311868249.8166 -1.9169 -0.9021 0.8439 -0.1260 0.4095 0.4190 0.8006
1311868249.8483 -1.9072 -0.9042 0.8475 -0.1259 0.4116 0.4178 0.8001
1311868249.8805 -1.8994 -0.9061 0.8500 -0.1246 0.4143 0.4176 0.7990
1311868249.9166 -1.8898 -0.9070 0.8510 -0.1236 0.4161 0.4177 0.7982
1311868249.9483 -1.8828 -0.9063 0.8557 -0.1213 0.4192 0.4173 0.7971
1311868249.9803 -1.8722 -0.9109 0.8540 -0.1203 0.4206 0.4169 0.7968
1311868250.0164 -1.8661 -0.9128 0.8557 -0.1186 0.4231 0.4154 0.7965
1311868250.0486 -1.8580 -0.9146 0.8588 -0.1178 0.4256 0.4140 0.7960
1311868250.0805 -1.8503 -0.9176 0.8621 -0.1172 0.4277 0.4126 0.7956
1311868250.1165 -1.8409 -0.9202 0.8651 -0.1170 0.4295 0.4100 0.7961
1311868250.1486 -1.8339 -0.9231 0.8675 -0.1165 0.4309 0.4080 0.7964
1311868250.1805 -1.8243 -0.9263 0.8716 -0.1157 0.4306 0.4086 0.7964
1311868250.2164 -1.8196 -0.9278 0.8746 -0.1131 0.4298 0.4095 0.7967
1311868250.2486 -1.8110 -0.9294 0.8789 -0.1115 0.4281 0.4098 0.7977
1311868250.2804 -1.8041 -0.9306 0.8805 -0.1092 0.4274 0.4096 0.7985
1311868250.3165 -1.7979 -0.9315 0.8828 -0.1059 0.4275 0.4105 0.7985
1311868250.3490 -1.7921 -0.9353 0.8830 -0.1039 0.4274 0.4113 0.7984
1311868250.3806 -1.7851 -0.9357 0.8849 -0.1026 0.4277 0.4093 0.7994
1311868250.4164 -1.7803 -0.9346 0.8870 -0.1008 0.4289 0.4067 0.8003
1311868250.4483 -1.7737 -0.9374 0.8873 -0.1000 0.4292 0.4057 0.8007
1311868250.4804 -1.7682 -0.9416 0.8879 -0.0996 0.4294 0.4048 0.8012
1311868250.5164 -1.7621 -0.9444 0.8914 -0.1000 0.4293 0.4020 0.8025
1311868250.5487 -1.7587 -0.9454 0.8953 -0.0979 0.4275 0.4027 0.8034
1311868250.5804 -1.7531 -0.9472 0.8982 -0.0952 0.4241 0.4058 0.8040
1311868250.6164 -1.7449 -0.9503 0.8976 -0.0933 0.4209 0.4085 0.8045
1311868250.6488 -1.7394 -0.9527 0.8960 -0.0920 0.4199 0.4079 0.8055
1311868250.6805 -1.7336 -0.9542 0.8941 -0.0913 0.4210 0.4057 0.8062
1311868250.7165 -1.7305 -0.9567 0.8960 -0.0895 0.4238 0.4050 0.8052
1311868250.7484 -1.7278 -0.9607 0.8960 -0.0880 0.4251 0.4043 0.8050
1311868250.7806 -1.7246 -0.9641 0.8973 -0.0873 0.4254 0.4018 0.8062
1311868250.8164 -1.7201 -0.9655 0.8986 -0.0857 0.4250 0.3997 0.8076
1311868250.8484 -1.7172 -0.9686 0.8976 -0.0833 0.4254 0.3983 0.8083
1311868250.8805 -1.7173 -0.9683 0.8978 -0.0813 0.4263 0.3969 0.8088
1311868250.9164 -1.7131 -0.9707 0.8972 -0.0819 0.4269 0.3952 0.8092
1311868250.9487 -1.7094 -0.9734 0.8959 -0.0807 0.4291 0.3920 0.8098
1311868250.9805 -1.7131 -0.9747 0.8980 -0.0777 0.4319 0.3877 0.8106
1311868251.0164 -1.7151 -0.9756 0.8998 -0.0768 0.4313 0.3845 0.8125
1311868251.0486 -1.7170 -0.9758 0.9009 -0.0761 0.4291 0.3824 0.8148
1311868251.0805 -1.7175 -0.9741 0.9001 -0.0759 0.4256 0.3818 0.8169
1311868251.1165 -1.7156 -0.9727 0.8986 -0.0762 0.4231 0.3824 0.8179
1311868251.1484 -1.7166 -0.9708 0.8969 -0.0758 0.4230 0.3834 0.8175
1311868251.1806 -1.7167 -0.9695 0.8954 -0.0769 0.4241 0.3837 0.8167
1311868251.2164 -1.7176 -0.9677 0.8933 -0.0785 0.4258 0.3821 0.8164
1311868251.2484 -1.7194 -0.9654 0.8927 -0.0807 0.4274 0.3803 0.8162
1311868251.2804 -1.7208 -0.9637 0.8923 -0.0832 0.4281 0.3783 0.8165
1311868251.3169 -1.7221 -0.9610 0.8908 -0.0848 0.4280 0.3764 0.8173
1311868251.3485 -1.7248 -0.9571 0.8888 -0.0859 0.4280 0.3762 0.8172
1311868251.3808 -1.7268 -0.9540 0.8866 -0.0865 0.4284 0.3776 0.8163
1311868251.4169 -1.7269 -0.9503 0.8842 -0.0871 0.4281 0.3786 0.8160
1311868251.4488 -1.7279 -0.9495 0.8819 -0.0877 0.4279 0.3781 0.8163
1311868251.4806 -1.7320 -0.9442 0.8776 -0.0879 0.4271 0.3785 0.8165
1311868251.5165 -1.7331 -0.9440 0.8735 -0.0891 0.4263 0.3801 0.8160
1311868251.5487 -1.7343 -0.9384 0.8698 -0.0896 0.4250 0.3817 0.8159
1311868251.5808 -1.7350 -0.9376 0.8646 -0.0899 0.4249 0.3831 0.8152
1311868251.6166 -1.7388 -0.9335 0.8597 -0.0882 0.4252 0.3847 0.8145
1311868251.6490 -1.7404 -0.9315 0.8535 -0.0869 0.4248 0.3852 0.8146
1311868251.6811 -1.7447 -0.9294 0.8468 -0.0863 0.4242 0.3841 0.8155
1311868251.7165 -1.7475 -0.9268 0.8403 -0.0878 0.4232 0.3820 0.8169
1311868251.7487 -1.7500 -0.9233 0.8327 -0.0894 0.4226 0.3787 0.8185
1311868251.7806 -1.7512 -0.9198 0.8251 -0.0911 0.4232 0.3762 0.8192
1311868251.8167 -1.7555 -0.9173 0.8174 -0.0923 0.4241 0.3767 0.8184
1311868251.8487 -1.7552 -0.9135 0.8137 -0.0936 0.4237 0.3773 0.8182
1311868251.8812 -1.7601 -0.9095 0.8049 -0.0936 0.4225 0.3784 0.8183
1311868251.9166 -1.7572 -0.9062 0.7962 -0.0957 0.4199 0.3784 0.8194
1311868251.9488 -1.7602 -0.9007 0.7883 -0.0960 0.4190 0.3775 0.8202
1311868251.9805 -1.7602 -0.8960 0.7795 -0.0969 0.4179 0.3763 0.8212
1311868252.0166 -1.7614 -0.8930 0.7700 -0.0960 0.4185 0.3752 0.8215
1311868252.0487 -1.7657 -0.8893 0.7616 -0.0953 0.4194 0.3734 0.8219
1311868252.0811 -1.7655 -0.8865 0.7521 -0.0967 0.4185 0.3717 0.8230
1311868252.1167 -1.7667 -0.8837 0.7429 -0.0970 0.4172 0.3705 0.8242
1311868252.1487 -1.7685 -0.8785 0.7346 -0.0968 0.4154 0.3684 0.8260
1311868252.1806 -1.7716 -0.8718 0.7240 -0.0972 0.4136 0.3653 0.8283
1311868252.2167 -1.7717 -0.8691 0.7153 -0.0987 0.4131 0.3624 0.8296
1311868252.2491 -1.7756 -0.8659 0.7048 -0.0999 0.4132 0.3584 0.8312
1311868252.2807 -1.7769 -0.8616 0.6958 -0.1023 0.4126 0.3534 0.8333
1311868252.3166 -1.7819 -0.8591 0.6862 -0.1043 0.4131 0.3482 0.8350
1311868252.3486 -1.7850 -0.8523 0.6747 -0.1064 0.4121 0.3447 0.8367
1311868252.3807 -1.7886 -0.8457 0.6671 -0.1077 0.4114 0.3425 0.8378
1311868252.4167 -1.7920 -0.8416 0.6605 -0.1096 0.4098 0.3422 0.8384
1311868252.4488 -1.7952 -0.8362 0.6531 -0.1102 0.4071 0.3431 0.8393
1311868252.4806 -1.7977 -0.8310 0.6438 -0.1110 0.4034 0.3457 0.8399
1311868252.5166 -1.7975 -0.8263 0.6361 -0.1118 0.4000 0.3483 0.8403
1311868252.5500 -1.8001 -0.8187 0.6279 -0.1109 0.3972 0.3500 0.8411
1311868252.5807 -1.8019 -0.8116 0.6183 -0.1116 0.3942 0.3512 0.8419
1311868252.6166 -1.8029 -0.8019 0.6070 -0.1118 0.3920 0.3527 0.8423
1311868252.6491 -1.8053 -0.7967 0.5987 -0.1136 0.3913 0.3545 0.8416
1311868252.6807 -1.8082 -0.7913 0.5924 -0.1158 0.3915 0.3544 0.8413
1311868252.7166 -1.8080 -0.7844 0.5844 -0.1176 0.3911 0.3547 0.8411
1311868252.7487 -1.8098 -0.7777 0.5778 -0.1183 0.3908 0.3561 0.8405
1311868252.7807 -1.8115 -0.7697 0.5709 -0.1189 0.3895 0.3580 0.8402
1311868252.8167 -1.8124 -0.7635 0.5637 -0.1200 0.3880 0.3595 0.8401
1311868252.8487 -1.8126 -0.7604 0.5578 -0.1218 0.3870 0.3605 0.8399
1311868252.8807 -1.8124 -0.7532 0.5527 -0.1221 0.3867 0.3623 0.8392
1311868252.9166 -1.8124 -0.7468 0.5462 -0.1220 0.3863 0.3640 0.8387
1311868252.9487 -1.8128 -0.7405 0.5419 -0.1226 0.3858 0.3641 0.8388
1311868252.9807 -1.8105 -0.7384 0.5354 -0.1235 0.3852 0.3652 0.8384
1311868253.0167 -1.8103 -0.7349 0.5317 -0.1232 0.3854 0.3670 0.8376
1311868253.0488 -1.8088 -0.7289 0.5260 -0.1234 0.3843 0.3678 0.8377
1311868253.0808 -1.8059 -0.7256 0.5220 -0.1230 0.3847 0.3690 0.8371
1311868253.1167 -1.8046 -0.7187 0.5164 -0.1214 0.3852 0.3708 0.8363
1311868253.1488 -1.8034 -0.7126 0.5109 -0.1214 0.3854 0.3723 0.8355
1311868253.1819 -1.8003 -0.7078 0.5043 -0.1228 0.3852 0.3749 0.8342
1311868253.2166 -1.7986 -0.7035 0.5025 -0.1241 0.3864 0.3756 0.8332
1311868253.2487 -1.7953 -0.6982 0.4958 -0.1266 0.3858 0.3746 0.8335
1311868253.2807 -1.7938 -0.6927 0.4925 -0.1294 0.3874 0.3722 0.8335
1311868253.3167 -1.7889 -0.6890 0.4851 -0.1315 0.3882 0.3728 0.8325
1311868253.3488 -1.7850 -0.6827 0.4810 -0.1325 0.3895 0.3735 0.8314
1311868253.3811 -1.7808 -0.6785 0.4758 -0.1331 0.3895 0.3739 0.8311
1311868253.4168 -1.7775 -0.6726 0.4734 -0.1340 0.3900 0.3735 0.8309
1311868253.4487 -1.7725 -0.6682 0.4670 -0.1344 0.3902 0.3746 0.8303
1311868253.4809 -1.7683 -0.6650 0.4614 -0.1352 0.3899 0.3769 0.8292
1311868253.5167 -1.7626 -0.6570 0.4559 -0.1359 0.3891 0.3775 0.8292
1311868253.5485 -1.7565 -0.6531 0.4527 -0.1367 0.3887 0.3772 0.8294
1311868253.5815 -1.7506 -0.6486 0.4500 -0.1366 0.3883 0.3764 0.8300
1311868253.6167 -1.7437 -0.6435 0.4475 -0.1352 0.3878 0.3750 0.8311
1311868253.6487 -1.7394 -0.6390 0.4454 -0.1321 0.3883 0.3743 0.8316
1311868253.6806 -1.7348 -0.6320 0.4405 -0.1271 0.3874 0.3743 0.8329
1311868253.7168 -1.7321 -0.6307 0.4341 -0.1248 0.3847 0.3746 0.8343
1311868253.7488 -1.7284 -0.6244 0.4329 -0.1237 0.3832 0.3749 0.8351
1311868253.7808 -1.7256 -0.6178 0.4269 -0.1220 0.3826 0.3762 0.8350
1311868253.8167 -1.7219 -0.6153 0.4234 -0.1222 0.3826 0.3778 0.8342
1311868253.8487 -1.7179 -0.6112 0.4198 -0.1221 0.3827 0.3784 0.8340
1311868253.8810 -1.7146 -0.6064 0.4151 -0.1217 0.3816 0.3789 0.8342
1311868253.9169 -1.7119 -0.5993 0.4101 -0.1217 0.3797 0.3802 0.8345
1311868253.9488 -1.7071 -0.5930 0.4058 -0.1218 0.3782 0.3806 0.8350
1311868253.9807 -1.7036 -0.5889 0.4007 -0.1220 0.3768 0.3808 0.8355
1311868254.0167 -1.7002 -0.5864 0.3957 -0.1232 0.3759 0.3790 0.8366
1311868254.0492 -1.6961 -0.5820 0.3914 -0.1240 0.3753 0.3764 0.8379
1311868254.0808 -1.6929 -0.5742 0.3866 -0.1236 0.3746 0.3735 0.8396
1311868254.1168 -1.6909 -0.5699 0.3827 -0.1240 0.3739 0.3714 0.8408
1311868254.1486 -1.6881 -0.5635 0.3783 -0.1241 0.3720 0.3690 0.8427
1311868254.1808 -1.6858 -0.5573 0.3718 -0.1236 0.3682 0.3684 0.8447
1311868254.2167 -1.6849 -0.5521 0.3684 -0.1235 0.3652 0.3671 0.8465
1311868254.2489 -1.6807 -0.5442 0.3616 -0.1222 0.3601 0.3673 0.8488
1311868254.2812 -1.6777 -0.5393 0.3536 -0.1222 0.3543 0.3682 0.8509
1311868254.3167 -1.6739 -0.5332 0.3467 -0.1227 0.3492 0.3674 0.8532
1311868254.3488 -1.6711 -0.5254 0.3389 -0.1223 0.3449 0.3669 0.8553
1311868254.3809 -1.6654 -0.5201 0.3296 -0.1243 0.3398 0.3657 0.8575
1311868254.4169 -1.6644 -0.5153 0.3219 -0.1263 0.3363 0.3630 0.8597
1311868254.4489 -1.6611 -0.5063 0.3147 -0.1277 0.3327 0.3586 0.8628
1311868254.4812 -1.6590 -0.5039 0.3068 -0.1302 0.3289 0.3548 0.8654
1311868254.5167 -1.6592 -0.4985 0.2991 -0.1315 0.3244 0.3522 0.8680
1311868254.5489 -1.6602 -0.4945 0.2924 -0.1330 0.3199 0.3515 0.8697
1311868254.5809 -1.6593 -0.4890 0.2859 -0.1352 0.3147 0.3497 0.8720
1311868254.6168 -1.6583 -0.4848 0.2773 -0.1377 0.3101 0.3480 0.8740
1311868254.6487 -1.6564 -0.4804 0.2694 -0.1404 0.3067 0.3467 0.8752
1311868254.6809 -1.6565 -0.4770 0.2614 -0.1426 0.3052 0.3452 0.8760
1311868254.7168 -1.6544 -0.4686 0.2544 -0.1434 0.3024 0.3450 0.8769
1311868254.7488 -1.6532 -0.4607 0.2483 -0.1442 0.2994 0.3454 0.8776
1311868254.7849 -1.6513 -0.4545 0.2406 -0.1450 0.2954 0.3459 0.8787
1311868254.8169 -1.6499 -0.4497 0.2357 -0.1465 0.2922 0.3460 0.8794
1311868254.8489 -1.6460 -0.4416 0.2270 -0.1469 0.2890 0.3454 0.8807
1311868254.8852 -1.6495 -0.4411 0.2224 -0.1488 0.2895 0.3458 0.8800
1311868254.9170 -1.6441 -0.4308 0.2142 -0.1486 0.2867 0.3469 0.8806
1311868254.9490 -1.6443 -0.4286 0.2070 -0.1495 0.2849 0.3486 0.8803
1311868254.9848 -1.6435 -0.4222 0.2040 -0.1498 0.2833 0.3483 0.8809
1311868255.0169 -1.6445 -0.4173 0.1947 -0.1497 0.2812 0.3488 0.8814
1311868255.0493 -1.6428 -0.4126 0.1905 -0.1502 0.2795 0.3490 0.8818
1311868255.0850 -1.6420 -0.4068 0.1862 -0.1496 0.2785 0.3484 0.8824
1311868255.1167 -1.6415 -0.4036 0.1785 -0.1488 0.2770 0.3485 0.8830
1311868255.1488 -1.6453 -0.4041 0.1735 -0.1490 0.2761 0.3489 0.8831
1311868255.1851 -1.6434 -0.3961 0.1686 -0.1482 0.2736 0.3485 0.8842
1311868255.2169 -1.6417 -0.3894 0.1639 -0.1475 0.2722 0.3472 0.8852
1311868255.2487 -1.6403 -0.3870 0.1579 -0.1478 0.2708 0.3465 0.8859
1311868255.2850 -1.6437 -0.3873 0.1559 -0.1480 0.2715 0.3471 0.8854
1311868255.3170 -1.6448 -0.3876 0.1502 -0.1483 0.2709 0.3481 0.8852
1311868255.3490 -1.6414 -0.3786 0.1463 -0.1475 0.2691 0.3471 0.8862
1311868255.3848 -1.6390 -0.3768 0.1409 -0.1474 0.2686 0.3476 0.8862
1311868255.4175 -1.6368 -0.3741 0.1381 -0.1471 0.2688 0.3485 0.8858
1311868255.4490 -1.6335 -0.3698 0.1352 -0.1455 0.2687 0.3482 0.8862
1311868255.4848 -1.6310 -0.3650 0.1318 -0.1439 0.2682 0.3473 0.8870
1311868255.5171 -1.6330 -0.3669 0.1292 -0.1425 0.2687 0.3481 0.8868
1311868255.5489 -1.6287 -0.3650 0.1264 -0.1414 0.2674 0.3490 0.8869
1311868255.5858 -1.6274 -0.3643 0.1241 -0.1418 0.2671 0.3504 0.8865
1311868255.6169 -1.6207 -0.3578 0.1205 -0.1418 0.2664 0.3509 0.8864
1311868255.6493 -1.6179 -0.3576 0.1161 -0.1429 0.2671 0.3519 0.8856
1311868255.6849 -1.6114 -0.3526 0.1139 -0.1445 0.2667 0.3505 0.8861
1311868255.7169 -1.6067 -0.3499 0.1101 -0.1455 0.2664 0.3487 0.8867
1311868255.7488 -1.6039 -0.3464 0.1071 -0.1455 0.2665 0.3472 0.8873
1311868255.7850 -1.5971 -0.3399 0.1035 -0.1459 0.2649 0.3457 0.8883
1311868255.8175 -1.5913 -0.3344 0.1006 -0.1465 0.2643 0.3452 0.8885
1311868255.8488 -1.5835 -0.3286 0.1001 -0.1470 0.2639 0.3455 0.8885
1311868255.8850 -1.5769 -0.3254 0.0958 -0.1469 0.2641 0.3456 0.8884
1311868255.9169 -1.5724 -0.3279 0.0932 -0.1476 0.2650 0.3471 0.8874
1311868255.9489 -1.5656 -0.3263 0.0903 -0.1477 0.2644 0.3487 0.8870
1311868255.9848 -1.5592 -0.3197 0.0884 -0.1466 0.2630 0.3483 0.8877
1311868256.0175 -1.5514 -0.3163 0.0844 -0.1471 0.2613 0.3475 0.8885
1311868256.0489 -1.5451 -0.3116 0.0816 -0.1468 0.2601 0.3464 0.8893
1311868256.0848 -1.5381 -0.3086 0.0785 -0.1474 0.2588 0.3440 0.8905
1311868256.1173 -1.5304 -0.3039 0.0755 -0.1474 0.2589 0.3399 0.8920
1311868256.1497 -1.5216 -0.3016 0.0726 -0.1473 0.2590 0.3370 0.8931
1311868256.1848 -1.5156 -0.3006 0.0677 -0.1466 0.2588 0.3353 0.8939
1311868256.2169 -1.5086 -0.2983 0.0640 -0.1469 0.2576 0.3343 0.8946
1311868256.2489 -1.4984 -0.2959 0.0601 -0.1484 0.2558 0.3331 0.8953
1311868256.2848 -1.4918 -0.2921 0.0593 -0.1488 0.2563 0.3310 0.8959
1311868256.3168 -1.4827 -0.2881 0.0564 -0.1482 0.2568 0.3281 0.8969
1311868256.3489 -1.4746 -0.2867 0.0532 -0.1469 0.2578 0.3260 0.8976
1311868256.3855 -1.4679 -0.2851 0.0507 -0.1454 0.2587 0.3228 0.8988
1311868256.4177 -1.4570 -0.2832 0.0474 -0.1437 0.2581 0.3213 0.8997
1311868256.4489 -1.4517 -0.2826 0.0440 -0.1411 0.2586 0.3220 0.8997
1311868256.4849 -1.4416 -0.2807 0.0395 -0.1391 0.2563 0.3228 0.9004
1311868256.5172 -1.4365 -0.2770 0.0369 -0.1355 0.2557 0.3235 0.9009
1311868256.5488 -1.4316 -0.2769 0.0338 -0.1334 0.2554 0.3238 0.9012
1311868256.5849 -1.4232 -0.2744 0.0328 -0.1315 0.2551 0.3235 0.9017
1311868256.6169 -1.4151 -0.2705 0.0302 -0.1286 0.2558 0.3232 0.9020
1311868256.6491 -1.4113 -0.2688 0.0248 -0.1257 0.2573 0.3243 0.9016
1311868256.6849 -1.4026 -0.2668 0.0222 -0.1250 0.2578 0.3237 0.9018
1311868256.7171 -1.3963 -0.2641 0.0192 -0.1234 0.2572 0.3240 0.9020
1311868256.7491 -1.3901 -0.2610 0.0218 -0.1224 0.2576 0.3215 0.9029
1311868256.7852 -1.3840 -0.2592 0.0163 -0.1212 0.2554 0.3205 0.9041
1311868256.8168 -1.3808 -0.2581 0.0138 -0.1194 0.2537 0.3185 0.9055
1311868256.8489 -1.3773 -0.2548 0.0145 -0.1180 0.2513 0.3148 0.9076
1311868256.8850 -1.3734 -0.2549 0.0109 -0.1177 0.2486 0.3120 0.9094
1311868256.9169 -1.3660 -0.2541 0.0091 -0.1182 0.2464 0.3091 0.9109
1311868256.9492 -1.3584 -0.2517 0.0041 -0.1184 0.2444 0.3061 0.9124
1311868256.9849 -1.3523 -0.2517 0.0039 -0.1189 0.2441 0.3040 0.9132
1311868257.0171 -1.3453 -0.2496 0.0023 -0.1173 0.2429 0.3025 0.9142
1311868257.0492 -1.3400 -0.2480 0.0008 -0.1161 0.2402 0.2992 0.9161
1311868257.0852 -1.3345 -0.2459 -0.0006 -0.1153 0.2367 0.2950 0.9185
1311868257.1170 -1.3281 -0.2466 -0.0046 -0.1147 0.2335 0.2906 0.9208
1311868257.1492 -1.3229 -0.2465 -0.0081 -0.1146 0.2312 0.2870 0.9225
1311868257.1850 -1.3169 -0.2457 -0.0113 -0.1145 0.2294 0.2843 0.9238
1311868257.2168 -1.3110 -0.2462 -0.0173 -0.1153 0.2271 0.2828 0.9248
1311868257.2489 -1.3057 -0.2452 -0.0230 -0.1175 0.2244 0.2805 0.9258
1311868257.2849 -1.2995 -0.2444 -0.0260 -0.1207 0.2223 0.2772 0.9269
1311868257.3170 -1.2911 -0.2431 -0.0317 -0.1233 0.2201 0.2739 0.9281
1311868257.3490 -1.2849 -0.2432 -0.0360 -0.1267 0.2181 0.2714 0.9288
1311868257.3849 -1.2789 -0.2419 -0.0367 -0.1291 0.2156 0.2690 0.9298
1311868257.4168 -1.2677 -0.2409 -0.0393 -0.1289 0.2106 0.2678 0.9313
1311868257.4491 -1.2620 -0.2432 -0.0442 -0.1287 0.2070 0.2657 0.9327
1311868257.4850 -1.2549 -0.2438 -0.0480 -0.1285 0.2043 0.2635 0.9340
1311868257.5168 -1.2413 -0.2457 -0.0550 -0.1280 0.2002 0.2620 0.9353
1311868257.5495 -1.2393 -0.2451 -0.0585 -0.1262 0.1995 0.2584 0.9368
1311868257.5853 -1.2334 -0.2443 -0.0600 -0.1253 0.1983 0.2526 0.9387
1311868257.6180 -1.2291 -0.2447 -0.0648 -0.1237 0.1968 0.2485 0.9403
1311868257.6491 -1.2240 -0.2443 -0.0671 -0.1220 0.1941 0.2460 0.9418
1311868257.6849 -1.2196 -0.2454 -0.0719 -0.1209 0.1909 0.2444 0.9430
1311868257.7180 -1.2143 -0.2463 -0.0747 -0.1212 0.1876 0.2438 0.9438
1311868257.7496 -1.2083 -0.2472 -0.0756 -0.1206 0.1858 0.2422 0.9446
1311868257.7855 -1.2020 -0.2492 -0.0805 -0.1201 0.1845 0.2387 0.9458
1311868257.8169 -1.1966 -0.2505 -0.0818 -0.1208 0.1844 0.2329 0.9472
1311868257.8492 -1.1908 -0.2530 -0.0840 -0.1204 0.1859 0.2281 0.9481
1311868257.8853 -1.1856 -0.2563 -0.0854 -0.1199 0.1867 0.2250 0.9487
1311868257.9170 -1.1823 -0.2601 -0.0873 -0.1211 0.1855 0.2219 0.9496
1311868257.9490 -1.1749 -0.2625 -0.0887 -0.1219 0.1814 0.2193 0.9509
1311868257.9852 -1.1728 -0.2643 -0.0896 -0.1235 0.1766 0.2197 0.9515
1311868258.0168 -1.1660 -0.2675 -0.0862 -0.1269 0.1695 0.2207 0.9521
1311868258.0489 -1.1629 -0.2680 -0.0783 -0.1272 0.1633 0.2207 0.9531
1311868258.0862 -1.1534 -0.2724 -0.0786 -0.1267 0.1538 0.2204 0.9548
1311868258.1176 -1.1481 -0.2747 -0.0773 -0.1270 0.1463 0.2186 0.9564
1311868258.1493 -1.1415 -0.2786 -0.0746 -0.1290 0.1400 0.2175 0.9573
1311868258.1851 -1.1344 -0.2828 -0.0741 -0.1311 0.1362 0.2164 0.9578
1311868258.2169 -1.1260 -0.2876 -0.0721 -0.1334 0.1360 0.2153 0.9578
1311868258.2518 -1.1189 -0.2910 -0.0721 -0.1348 0.1386 0.2127 0.9578
1311868258.2852 -1.1114 -0.2937 -0.0715 -0.1366 0.1419 0.2109 0.9575
1311868258.3172 -1.1054 -0.2990 -0.0701 -0.1402 0.1439 0.2098 0.9569
1311868258.3491 -1.0972 -0.3017 -0.0627 -0.1420 0.1438 0.2103 0.9565
1311868258.3850 -1.0897 -0.3059 -0.0582 -0.1422 0.1426 0.2101 0.9567
1311868258.4170 -1.0831 -0.3108 -0.0558 -0.1432 0.1417 0.2062 0.9576
1311868258.4491 -1.0757 -0.3166 -0.0520 -0.1434 0.1427 0.2011 0.9584
1311868258.4849 -1.0677 -0.3238 -0.0497 -0.1432 0.1454 0.1973 0.9589
1311868258.5173 -1.0578 -0.3301 -0.0478 -0.1420 0.1477 0.1944 0.9593
1311868258.5493 -1.0470 -0.3372 -0.0449 -0.1410 0.1496 0.1920 0.9596
1311868258.5851 -1.0400 -0.3426 -0.0409 -0.1379 0.1523 0.1923 0.9596
1311868258.6169 -1.0349 -0.3457 -0.0371 -0.1347 0.1531 0.1945 0.9595
1311868258.6489 -1.0286 -0.3486 -0.0309 -0.1318 0.1524 0.1975 0.9594
1311868258.6851 -1.0204 -0.3551 -0.0264 -0.1279 0.1503 0.2006 0.9596
1311868258.7169 -1.0138 -0.3577 -0.0247 -0.1242 0.1469 0.2029 0.9601
1311868258.7490 -1.0080 -0.3611 -0.0207 -0.1216 0.1439 0.2065 0.9601
1311868258.7850 -0.9999 -0.3641 -0.0185 -0.1198 0.1397 0.2101 0.9602
1311868258.8170 -0.9923 -0.3683 -0.0144 -0.1187 0.1374 0.2093 0.9608
1311868258.8489 -0.9848 -0.3736 -0.0140 -0.1178 0.1369 0.2070 0.9615
1311868258.8856 -0.9779 -0.3769 -0.0129 -0.1169 0.1381 0.2036 0.9622
1311868258.9177 -0.9711 -0.3798 -0.0112 -0.1160 0.1397 0.2009 0.9626
1311868258.9499 -0.9643 -0.3820 -0.0055 -0.1146 0.1396 0.1993 0.9631
1311868258.9851 -0.9578 -0.3839 -0.0033 -0.1125 0.1375 0.1972 0.9641
1311868259.0170 -0.9492 -0.3857 -0.0015 -0.1119 0.1346 0.1936 0.9654
1311868259.0489 -0.9428 -0.3880 -0.0002 -0.1113 0.1342 0.1891 0.9664
1311868259.0852 -0.9351 -0.3888 0.0036 -0.1114 0.1343 0.1851 0.9671
1311868259.1169 -0.9287 -0.3897 0.0082 -0.1102 0.1341 0.1821 0.9678
1311868259.1492 -0.9218 -0.3915 0.0139 -0.1088 0.1328 0.1797 0.9686
1311868259.1857 -0.9138 -0.3923 0.0188 -0.1056 0.1299 0.1769 0.9699
1311868259.2170 -0.9052 -0.3943 0.0186 -0.1026 0.1266 0.1734 0.9713
1311868259.2490 -0.8978 -0.3956 0.0196 -0.0997 0.1248 0.1706 0.9723
1311868259.2850 -0.8906 -0.3956 0.0178 -0.0985 0.1234 0.1679 0.9731
1311868259.3170 -0.8838 -0.3943 0.0201 -0.0979 0.1221 0.1649 0.9738
1311868259.3502 -0.8770 -0.3944 0.0217 -0.0981 0.1196 0.1624 0.9745
1311868259.3851 -0.8668 -0.3975 0.0217 -0.0986 0.1166 0.1592 0.9754
1311868259.4171 -0.8558 -0.3994 0.0213 -0.0982 0.1155 0.1545 0.9763
1311868259.4491 -0.8452 -0.4012 0.0183 -0.0968 0.1167 0.1510 0.9768
1311868259.4852 -0.8358 -0.4016 0.0173 -0.0956 0.1193 0.1478 0.9771
1311868259.5172 -0.8297 -0.4001 0.0175 -0.0934 0.1222 0.1440 0.9776
1311868259.5495 -0.8243 -0.3962 0.0152 -0.0923 0.1229 0.1394 0.9782
1311868259.5851 -0.8173 -0.3948 0.0149 -0.0931 0.1226 0.1340 0.9790
1311868259.6171 -0.8106 -0.3934 0.0139 -0.0938 0.1225 0.1294 0.9795
1311868259.6493 -0.8050 -0.3918 0.0128 -0.0945 0.1227 0.1276 0.9797
1311868259.6850 -0.8006 -0.3892 0.0136 -0.0949 0.1223 0.1287 0.9795
1311868259.7171 -0.7948 -0.3879 0.0154 -0.0951 0.1205 0.1310 0.9794
1311868259.7490 -0.7879 -0.3878 0.0142 -0.0938 0.1176 0.1323 0.9797
1311868259.7850 -0.7824 -0.3845 0.0128 -0.0920 0.1148 0.1322 0.9802
1311868259.8180 -0.7759 -0.3841 0.0119 -0.0908 0.1126 0.1299 0.9809
1311868259.8492 -0.7691 -0.3839 0.0092 -0.0889 0.1114 0.1266 0.9817
1311868259.8852 -0.7646 -0.3825 0.0047 -0.0875 0.1119 0.1246 0.9820
1311868259.9175 -0.7632 -0.3804 0.0041 -0.0869 0.1138 0.1252 0.9817
1311868259.9491 -0.7608 -0.3794 0.0056 -0.0859 0.1142 0.1268 0.9816
1311868259.9850 -0.7611 -0.3757 0.0045 -0.0839 0.1130 0.1285 0.9817
1311868260.0171 -0.7599 -0.3735 0.0040 -0.0841 0.1104 0.1302 0.9817
1311868260.0491 -0.7573 -0.3731 0.0050 -0.0842 0.1079 0.1298 0.9820
1311868260.0853 -0.7554 -0.3712 0.0004 -0.0843 0.1063 0.1290 0.9823
1311868260.1170 -0.7547 -0.3697 -0.0002 -0.0854 0.1067 0.1290 0.9822
1311868260.1491 -0.7544 -0.3692 0.0001 -0.0869 0.1075 0.1285 0.9820
1311868260.1849 -0.7551 -0.3652 -0.0017 -0.0881 0.1083 0.1290 0.9818
1311868260.2170 -0.7576 -0.3634 0.0010 -0.0904 0.1091 0.1311 0.9812
1311868260.2491 -0.7591 -0.3629 0.0030 -0.0925 0.1087 0.1339 0.9807
1311868260.2850 -0.7608 -0.3618 0.0056 -0.0938 0.1079 0.1357 0.9804
1311868260.3172 -0.7632 -0.3615 0.0072 -0.0946 0.1072 0.1370 0.9802
1311868260.3492 -0.7671 -0.3603 0.0092 -0.0951 0.1061 0.1398 0.9799
1311868260.3859 -0.7698 -0.3609 0.0127 -0.0953 0.1039 0.1429 0.9796
1311868260.4172 -0.7712 -0.3609 0.0139 -0.0941 0.1017 0.1437 0.9799
1311868260.4492 -0.7729 -0.3616 0.0131 -0.0941 0.1002 0.1419 0.9803
1311868260.4851 -0.7752 -0.3630 0.0142 -0.0942 0.1001 0.1394 0.9807
1311868260.5172 -0.7787 -0.3634 0.0161 -0.0938 0.1006 0.1379 0.9808
1311868260.5493 -0.7831 -0.3627 0.0179 -0.0927 0.1009 0.1381 0.9809
1311868260.5885 -0.7885 -0.3631 0.0212 -0.0923 0.1003 0.1389 0.9809
1311868260.6170 -0.7925 -0.3629 0.0237 -0.0914 0.0981 0.1398 0.9811
1311868260.6492 -0.7954 -0.3633 0.0260 -0.0912 0.0951 0.1400 0.9813
1311868260.6852 -0.7976 -0.3645 0.0268 -0.0917 0.0925 0.1387 0.9817
1311868260.7170 -0.7981 -0.3657 0.0273 -0.0926 0.0907 0.1375 0.9820
1311868260.7491 -0.8008 -0.3670 0.0302 -0.0938 0.0903 0.1375 0.9819
1311868260.7850 -0.8030 -0.3675 0.0335 -0.0939 0.0900 0.1383 0.9818
1311868260.8174 -0.8057 -0.3676 0.0356 -0.0938 0.0892 0.1390 0.9818
1311868260.8494 -0.8095 -0.3674 0.0375 -0.0934 0.0878 0.1391 0.9819
1311868260.8851 -0.8117 -0.3675 0.0380 -0.0940 0.0858 0.1390 0.9821
1311868260.9170 -0.8120 -0.3685 0.0394 -0.0948 0.0842 0.1382 0.9823
1311868260.9492 -0.8129 -0.3696 0.0391 -0.0951 0.0839 0.1376 0.9823
1311868260.9857 -0.8151 -0.3699 0.0408 -0.0949 0.0846 0.1380 0.9822
1311868261.0171 -0.8179 -0.3706 0.0417 -0.0946 0.0847 0.1386 0.9822
1311868261.0494 -0.8195 -0.3711 0.0428 -0.0946 0.0838 0.1379 0.9824
1311868261.0851 -0.8200 -0.3714 0.0424 -0.0945 0.0826 0.1363 0.9827
1311868261.1175 -0.8208 -0.3721 0.0421 -0.0945 0.0822 0.1349 0.9829
1311868261.1492 -0.8212 -0.3719 0.0416 -0.0946 0.0822 0.1335 0.9831
1311868261.1851 -0.8212 -0.3736 0.0412 -0.0955 0.0830 0.1318 0.9832
1311868261.2173 -0.8229 -0.3731 0.0417 -0.0959 0.0843 0.1313 0.9831
1311868261.2507 -0.8237 -0.3732 0.0440 -0.0963 0.0853 0.1323 0.9828
1311868261.2852 -0.8255 -0.3735 0.0456 -0.0956 0.0858 0.1337 0.9827
1311868261.3173 -0.8279 -0.3731 0.0461 -0.0948 0.0848 0.1333 0.9829
1311868261.3505 -0.8279 -0.3728 0.0453 -0.0947 0.0822 0.1323 0.9832
1311868261.3852 -0.8276 -0.3725 0.0460 -0.0951 0.0805 0.1323 0.9833
1311868261.4172 -0.8266 -0.3743 0.0456 -0.0956 0.0798 0.1335 0.9832
1311868261.4509 -0.8249 -0.3757 0.0454 -0.0958 0.0799 0.1350 0.9830
1311868261.4853 -0.8259 -0.3757 0.0461 -0.0952 0.0807 0.1356 0.9829
1311868261.5173 -0.8272 -0.3756 0.0466 -0.0946 0.0807 0.1356 0.9829
1311868261.5536 -0.8275 -0.3751 0.0466 -0.0942 0.0796 0.1344 0.9832
1311868261.5863 -0.8273 -0.3758 0.0461 -0.0946 0.0788 0.1335 0.9834
1311868261.6172 -0.8269 -0.3759 0.0453 -0.0950 0.0787 0.1335 0.9833
1311868261.6541 -0.8265 -0.3754 0.0453 -0.0956 0.0792 0.1339 0.9832
1311868261.6852 -0.8266 -0.3755 0.0468 -0.0961 0.0798 0.1337 0.9831
1311868261.7195 -0.8275 -0.3753 0.0472 -0.0969 0.0796 0.1331 0.9831
1311868261.7517 -0.8278 -0.3757 0.0479 -0.0979 0.0788 0.1324 0.9832
1311868261.7871 -0.8286 -0.3749 0.0476 -0.0983 0.0781 0.1315 0.9833
1311868261.8172 -0.8279 -0.3746 0.0483 -0.0989 0.0778 0.1309 0.9834
1311868261.8530 -0.8282 -0.3732 0.0477 -0.0991 0.0781 0.1313 0.9833
1311868261.8851 -0.8287 -0.3743 0.0484 -0.1006 0.0785 0.1316 0.9831
1311868261.9171 -0.8286 -0.3744 0.0496 -0.1014 0.0787 0.1317 0.9829
1311868261.9535 -0.8280 -0.3749 0.0507 -0.1020 0.0784 0.1318 0.9829
1311868261.9853 -0.8288 -0.3744 0.0508 -0.1016 0.0781 0.1319 0.9829
1311868262.0180 -0.8288 -0.3742 0.0512 -0.1018 0.0772 0.1317 0.9830
1311868262.0536 -0.8280 -0.3749 0.0509 -0.1015 0.0764 0.1316 0.9831
1311868262.0854 -0.8272 -0.3752 0.0503 -0.1014 0.0762 0.1315 0.9832
1311868262.1179 -0.8274 -0.3755 0.0494 -0.1007 0.0769 0.1319 0.9831
1311868262.1505 -0.8275 -0.3746 0.0491 -0.1004 0.0772 0.1322 0.9831
1311868262.1855 -0.8277 -0.3746 0.0494 -0.1004 0.0775 0.1317 0.9831
1311868262.2173 -0.8270 -0.3756 0.0484 -0.1009 0.0776 0.1314 0.9831
1311868262.2532 -0.8276 -0.3749 0.0489 -0.1006 0.0785 0.1315 0.9831
1311868262.2874 -0.8270 -0.3752 0.0494 -0.1001 0.0793 0.1320 0.9830
1311868262.3173 -0.8280 -0.3732 0.0485 -0.0997 0.0797 0.1327 0.9829
1311868262.3511 -0.8289 -0.3745 0.0506 -0.1004 0.0794 0.1330 0.9828
1311868262.3861 -0.8298 -0.3746 0.0490 -0.0997 0.0783 0.1339 0.9829
1311868262.4192 -0.8284 -0.3752 0.0492 -0.1001 0.0772 0.1346 0.9828
1311868262.4530 -0.8270 -0.3757 0.0484 -0.1002 0.0770 0.1339 0.9829
1311868262.4852 -0.8285 -0.3760 0.0483 -0.1000 0.0782 0.1330 0.9829
1311868262.5215 -0.8286 -0.3754 0.0478 -0.1000 0.0790 0.1334 0.9828
1311868262.5510 -0.8289 -0.3765 0.0490 -0.1004 0.0798 0.1342 0.9826
1311868262.5851 -0.8283 -0.3762 0.0491 -0.1002 0.0797 0.1344 0.9826
1311868262.6217 -0.8285 -0.3763 0.0489 -0.0999 0.0800 0.1343 0.9826
1311868262.6508 -0.8279 -0.3767 0.0490 -0.0997 0.0802 0.1348 0.9826
1311868262.6853 -0.8275 -0.3768 0.0491 -0.0992 0.0804 0.1359 0.9825
1311868262.7212 -0.8274 -0.3768 0.0492 -0.0990 0.0807 0.1359 0.9825
1311868262.7505 -0.8271 -0.3763 0.0489 -0.0985 0.0808 0.1355 0.9826
1311868262.7852 -0.8270 -0.3762 0.0486 -0.0986 0.0806 0.1355 0.9826
1311868262.8216 -0.8276 -0.3760 0.0484 -0.0986 0.0807 0.1360 0.9825
1311868262.8506 -0.8276 -0.3758 0.0490 -0.0989 0.0805 0.1362 0.9824
1311868262.8853 -0.8278 -0.3761 0.0492 -0.0987 0.0804 0.1361 0.9825
1311868262.9227 -0.8282 -0.3756 0.0486 -0.0985 0.0799 0.1364 0.9825
1311868262.9507 -0.8281 -0.3750 0.0487 -0.0987 0.0797 0.1367 0.9825
1311868262.9856 -0.8274 -0.3759 0.0485 -0.0991 0.0795 0.1371 0.9824
1311868263.0207 -0.8277 -0.3759 0.0485 -0.0991 0.0798 0.1371 0.9824
1311868263.0533 -0.8275 -0.3759 0.0483 -0.0991 0.0798 0.1365 0.9824
1311868263.0852 -0.8283 -0.3749 0.0485 -0.0987 0.0799 0.1363 0.9825
1311868263.1214 -0.8284 -0.3748 0.0482 -0.0991 0.0796 0.1361 0.9825
1311868263.1543 -0.8276 -0.3754 0.0475 -0.0998 0.0792 0.1365 0.9824
1311868263.1855 -0.8271 -0.3753 0.0479 -0.1005 0.0794 0.1368 0.9823
