1341847980.7869 -0.0035 -0.0031 0.0021 -0.0003 0.0002 -0.0008 1.0000
1341847980.8230 -0.0027 -0.0016 0.0005 0.0009 -0.0001 -0.0014 1.0000
1341847980.8547 -0.0029 -0.0006 -0.0006 0.0012 0.0003 -0.0018 1.0000
1341847980.8907 -0.0053 -0.0011 -0.0005 0.0012 0.0008 -0.0020 1.0000
1341847980.9230 -0.0056 -0.0011 -0.0015 0.0015 0.0005 -0.0025 1.0000
1341847980.9546 -0.0047 0.0002 -0.0027 0.0015 0.0007 -0.0028 1.0000
1341847980.9907 -0.0090 -0.0008 -0.0014 0.0012 0.0017 -0.0029 1.0000
1341847981.0227 -0.0092 0.0001 -0.0032 0.0016 0.0015 -0.0028 1.0000
1341847981.0547 -0.0097 0.0002 -0.0028 0.0015 0.0015 -0.0029 1.0000
1341847981.0907 -0.0101 -0.0002 -0.0027 0.0016 0.0020 -0.0030 1.0000
1341847981.1230 -0.0123 -0.0007 -0.0043 0.0018 0.0030 -0.0028 1.0000
1341847981.1586 -0.0147 0.0004 -0.0052 0.0016 0.0033 -0.0016 1.0000
1341847981.1906 -0.0178 -0.0004 -0.0043 0.0012 0.0036 -0.0000 1.0000
1341847981.2230 -0.0213 -0.0021 -0.0043 0.0015 0.0038 0.0015 1.0000
1341847981.2587 -0.0216 -0.0005 -0.0071 0.0019 0.0030 0.0032 1.0000
1341847981.2908 -0.0218 -0.0016 -0.0065 0.0017 0.0028 0.0036 1.0000
1341847981.3229 -0.0234 -0.0008 -0.0075 0.0023 0.0041 0.0035 1.0000
1341847981.3587 -0.0287 -0.0001 -0.0089 0.0026 0.0055 0.0039 1.0000
1341847981.3908 -0.0351 -0.0008 -0.0089 0.0025 0.0061 0.0048 1.0000
1341847981.4267 -0.0383 -0.0014 -0.0107 0.0030 0.0058 0.0060 1.0000
1341847981.4588 -0.0403 0.0007 -0.0140 0.0034 0.0054 0.0067 1.0000
1341847981.4907 -0.0445 0.0009 -0.0140 0.0033 0.0059 0.0069 1.0000
1341847981.5270 -0.0496 0.0012 -0.0162 0.0039 0.0068 0.0065 0.9999
1341847981.5587 -0.0538 0.0028 -0.0180 0.0039 0.0076 0.0060 0.9999
1341847981.5949 -0.0604 0.0014 -0.0172 0.0042 0.0092 0.0054 0.9999
1341847981.6267 -0.0665 0.0033 -0.0222 0.0054 0.0104 0.0057 0.9999
1341847981.6587 -0.0683 0.0085 -0.0254 0.0051 0.0102 0.0056 0.9999
1341847981.6947 -0.0778 0.0056 -0.0234 0.0044 0.0120 0.0051 0.9999
1341847981.7266 -0.0808 0.0108 -0.0288 0.0047 0.0122 0.0059 0.9999
1341847981.7588 -0.0886 0.0112 -0.0283 0.0035 0.0129 0.0059 0.9999
1341847981.7947 -0.0913 0.0144 -0.0319 0.0028 0.0127 0.0057 0.9999
1341847981.8267 -0.0970 0.0179 -0.0317 0.0014 0.0133 0.0055 0.9999
1341847981.8627 -0.1108 0.0150 -0.0270 0.0009 0.0150 0.0047 0.9999
1341847981.8946 -0.1076 0.0191 -0.0373 0.0010 0.0125 0.0049 0.9999
1341847981.9266 -0.1147 0.0218 -0.0348 -0.0016 0.0123 0.0049 0.9999
1341847981.9948 -0.1258 0.0192 -0.0306 -0.0029 0.0128 0.0046 0.9999
1341847982.0627 -0.1368 0.0169 -0.0302 -0.0009 0.0128 0.0021 0.9999
1341847982.0948 -0.1396 0.0184 -0.0339 -0.0000 0.0122 0.0010 0.9999
1341847982.1307 -0.1523 0.0111 -0.0269 0.0002 0.0130 0.0001 0.9999
1341847982.1627 -0.1505 0.0154 -0.0357 0.0040 0.0104 0.0014 0.9999
1341847982.1947 -0.1426 0.0199 -0.0425 0.0035 0.0081 0.0024 1.0000
1341847982.2306 -0.1470 0.0160 -0.0367 0.0014 0.0105 0.0023 0.9999
1341847982.2627 -0.1494 0.0128 -0.0363 0.0020 0.0126 0.0015 0.9999
1341847982.2950 -0.1534 0.0133 -0.0367 0.0026 0.0153 0.0007 0.9999
1341847982.3307 -0.1667 0.0088 -0.0323 0.0037 0.0187 0.0029 0.9998
1341847982.3989 -0.1764 0.0085 -0.0364 0.0086 0.0162 0.0082 0.9998
1341847982.4308 -0.1704 0.0073 -0.0398 0.0094 0.0150 0.0094 0.9998
1341847982.4626 -0.1695 0.0070 -0.0406 0.0101 0.0174 0.0103 0.9997
1341847982.4986 -0.1731 0.0092 -0.0446 0.0102 0.0204 0.0104 0.9997
1341847982.5308 -0.1804 0.0074 -0.0432 0.0085 0.0229 0.0107 0.9996
1341847982.5667 -0.1817 0.0091 -0.0455 0.0072 0.0242 0.0120 0.9996
1341847982.5987 -0.1871 0.0083 -0.0423 0.0045 0.0272 0.0135 0.9995
1341847982.6307 -0.1927 0.0049 -0.0404 0.0031 0.0302 0.0136 0.9994
1341847982.6666 -0.1980 0.0061 -0.0402 0.0021 0.0330 0.0141 0.9994
1341847982.6986 -0.2018 0.0049 -0.0393 0.0006 0.0361 0.0145 0.9992
1341847982.7307 -0.2114 0.0020 -0.0360 -0.0008 0.0406 0.0143 0.9991
1341847982.7667 -0.2238 0.0002 -0.0337 -0.0006 0.0442 0.0154 0.9989
1341847982.7987 -0.2322 0.0006 -0.0335 -0.0004 0.0463 0.0170 0.9988
1341847982.8347 -0.2449 -0.0045 -0.0294 -0.0002 0.0488 0.0171 0.9987
1341847982.8667 -0.2569 -0.0075 -0.0288 0.0020 0.0501 0.0181 0.9986
1341847982.8987 -0.2671 -0.0021 -0.0335 0.0046 0.0496 0.0198 0.9986
1341847982.9348 -0.2786 0.0022 -0.0360 0.0043 0.0480 0.0218 0.9986
1341847982.9667 -0.2844 0.0002 -0.0343 0.0027 0.0463 0.0226 0.9987
1341847982.9988 -0.2862 0.0006 -0.0361 0.0017 0.0464 0.0215 0.9987
1341847983.0347 -0.3026 -0.0001 -0.0342 0.0001 0.0493 0.0211 0.9986
1341847983.0667 -0.3153 -0.0002 -0.0338 -0.0010 0.0497 0.0221 0.9985
1341847983.1028 -0.3224 -0.0012 -0.0309 -0.0022 0.0493 0.0231 0.9985
1341847983.1347 -0.3388 -0.0059 -0.0264 -0.0023 0.0505 0.0241 0.9984
1341847983.1667 -0.3498 -0.0065 -0.0288 -0.0011 0.0497 0.0251 0.9984
1341847983.2027 -0.3612 -0.0039 -0.0303 -0.0006 0.0487 0.0263 0.9985
1341847983.2347 -0.3637 -0.0033 -0.0332 -0.0013 0.0470 0.0272 0.9985
1341847983.2668 -0.3660 -0.0002 -0.0380 -0.0030 0.0466 0.0267 0.9986
1341847983.3027 -0.3785 -0.0010 -0.0330 -0.0055 0.0494 0.0259 0.9984
1341847983.3347 -0.3877 -0.0039 -0.0307 -0.0071 0.0521 0.0252 0.9983
1341847983.3709 -0.4008 -0.0079 -0.0263 -0.0075 0.0556 0.0244 0.9981
1341847983.4027 -0.4132 -0.0074 -0.0298 -0.0063 0.0565 0.0258 0.9980
1341847983.4347 -0.4219 -0.0065 -0.0320 -0.0074 0.0549 0.0287 0.9981
1341847983.4707 -0.4302 -0.0102 -0.0267 -0.0083 0.0547 0.0280 0.9981
1341847983.5028 -0.4351 -0.0114 -0.0295 -0.0068 0.0568 0.0251 0.9980
1341847983.5348 -0.4462 -0.0106 -0.0340 -0.0064 0.0611 0.0237 0.9978
1341847983.5707 -0.4628 -0.0104 -0.0328 -0.0068 0.0644 0.0239 0.9976
1341847983.6027 -0.4769 -0.0142 -0.0313 -0.0063 0.0655 0.0244 0.9975
1341847983.6387 -0.4864 -0.0137 -0.0348 -0.0047 0.0663 0.0248 0.9975
1341847983.7029 -0.5154 -0.0138 -0.0404 0.0002 0.0696 0.0267 0.9972
1341847983.7387 -0.5289 -0.0127 -0.0439 0.0013 0.0692 0.0285 0.9972
1341847983.7707 -0.5411 -0.0132 -0.0458 0.0024 0.0689 0.0300 0.9972
1341847983.8067 -0.5520 -0.0153 -0.0459 0.0037 0.0700 0.0296 0.9971
1341847983.8387 -0.5729 -0.0138 -0.0473 0.0076 0.0724 0.0296 0.9969
1341847983.8707 -0.5859 -0.0073 -0.0574 0.0098 0.0708 0.0326 0.9969
1341847983.9067 -0.6016 -0.0069 -0.0551 0.0102 0.0690 0.0354 0.9969
1341847983.9388 -0.6085 -0.0022 -0.0624 0.0109 0.0669 0.0366 0.9970
1341847983.9708 -0.6197 -0.0002 -0.0627 0.0096 0.0685 0.0355 0.9970
1341847984.0067 -0.6355 0.0013 -0.0623 0.0088 0.0712 0.0347 0.9968
1341847984.0387 -0.6465 0.0045 -0.0646 0.0076 0.0733 0.0346 0.9967
1341847984.0747 -0.6573 0.0112 -0.0698 0.0060 0.0755 0.0334 0.9966
1341847984.1068 -0.6760 0.0120 -0.0635 0.0017 0.0792 0.0323 0.9963
1341847984.1387 -0.6957 0.0105 -0.0553 0.0006 0.0822 0.0312 0.9961
1341847984.1748 -0.6987 0.0161 -0.0672 -0.0013 0.0810 0.0293 0.9963
1341847984.2067 -0.7213 0.0179 -0.0541 -0.0055 0.0845 0.0280 0.9960
1341847984.2387 -0.7380 0.0192 -0.0484 -0.0062 0.0842 0.0287 0.9960
1341847984.2748 -0.7453 0.0219 -0.0477 -0.0081 0.0822 0.0294 0.9961
1341847984.3067 -0.7565 0.0231 -0.0413 -0.0105 0.0825 0.0293 0.9961
1341847984.3431 -0.7701 0.0231 -0.0340 -0.0123 0.0828 0.0296 0.9961
1341847984.4067 -0.7910 0.0247 -0.0226 -0.0160 0.0793 0.0328 0.9962
1341847984.4429 -0.8015 0.0225 -0.0102 -0.0177 0.0793 0.0339 0.9961
1341847984.4746 -0.8111 0.0222 -0.0031 -0.0173 0.0796 0.0335 0.9961
1341847984.5067 -0.8212 0.0206 0.0064 -0.0181 0.0805 0.0329 0.9960
1341847984.5427 -0.8280 0.0195 0.0130 -0.0183 0.0822 0.0335 0.9959
1341847984.5748 -0.8375 0.0185 0.0237 -0.0199 0.0854 0.0338 0.9956
1341847984.6108 -0.8505 0.0110 0.0415 -0.0197 0.0863 0.0329 0.9955
1341847984.6427 -0.8611 0.0091 0.0499 -0.0168 0.0854 0.0344 0.9956
1341847984.6748 -0.8678 0.0076 0.0582 -0.0160 0.0850 0.0356 0.9956
1341847984.7107 -0.8774 -0.0001 0.0755 -0.0153 0.0849 0.0352 0.9956
1341847984.7434 -0.8861 -0.0028 0.0854 -0.0122 0.0844 0.0353 0.9957
1341847984.7789 -0.8950 -0.0049 0.0947 -0.0113 0.0851 0.0363 0.9956
1341847984.8106 -0.9035 -0.0116 0.1120 -0.0108 0.0860 0.0381 0.9955
1341847984.8427 -0.9104 -0.0178 0.1264 -0.0080 0.0862 0.0396 0.9955
1341847984.8788 -0.9186 -0.0204 0.1341 -0.0057 0.0869 0.0414 0.9953
1341847984.9106 -0.9264 -0.0237 0.1417 -0.0056 0.0866 0.0443 0.9952
1341847984.9431 -0.9338 -0.0284 0.1542 -0.0068 0.0851 0.0477 0.9952
1341847984.9792 -0.9378 -0.0327 0.1653 -0.0079 0.0830 0.0505 0.9952
1341847985.0106 -0.9393 -0.0361 0.1759 -0.0099 0.0827 0.0515 0.9952
1341847985.0466 -0.9417 -0.0419 0.1897 -0.0128 0.0856 0.0521 0.9949
1341847985.0787 -0.9476 -0.0480 0.2024 -0.0137 0.0895 0.0517 0.9946
1341847985.1108 -0.9525 -0.0536 0.2133 -0.0151 0.0924 0.0531 0.9942
1341847985.1468 -0.9559 -0.0603 0.2251 -0.0159 0.0950 0.0548 0.9938
1341847985.1787 -0.9604 -0.0673 0.2379 -0.0163 0.0984 0.0558 0.9934
1341847985.2108 -0.9650 -0.0757 0.2499 -0.0156 0.1009 0.0560 0.9932
1341847985.2467 -0.9676 -0.0800 0.2548 -0.0149 0.1035 0.0567 0.9929
1341847985.2789 -0.9726 -0.0878 0.2680 -0.0156 0.1071 0.0567 0.9925
1341847985.3146 -0.9780 -0.0957 0.2803 -0.0142 0.1104 0.0566 0.9922
1341847985.3468 -0.9837 -0.0992 0.2846 -0.0131 0.1124 0.0569 0.9919
1341847985.3788 -0.9876 -0.1038 0.2936 -0.0144 0.1138 0.0571 0.9918
1341847985.4146 -0.9917 -0.1111 0.3082 -0.0153 0.1168 0.0575 0.9914
1341847985.4469 -0.9969 -0.1161 0.3183 -0.0141 0.1195 0.0576 0.9911
1341847985.4787 -1.0021 -0.1194 0.3268 -0.0136 0.1211 0.0588 0.9908
1341847985.5147 -1.0056 -0.1234 0.3387 -0.0141 0.1228 0.0596 0.9905
1341847985.5468 -1.0093 -0.1294 0.3512 -0.0149 0.1258 0.0604 0.9901
1341847985.5826 -1.0148 -0.1363 0.3662 -0.0144 0.1292 0.0612 0.9896
1341847985.6148 -1.0210 -0.1404 0.3768 -0.0124 0.1315 0.0628 0.9893
1341847985.6471 -1.0258 -0.1475 0.3911 -0.0109 0.1340 0.0647 0.9888
1341847985.6828 -1.0318 -0.1525 0.4025 -0.0085 0.1366 0.0668 0.9883
1341847985.7147 -1.0392 -0.1576 0.4151 -0.0048 0.1383 0.0701 0.9879
1341847985.7470 -1.0448 -0.1633 0.4248 -0.0014 0.1397 0.0726 0.9875
1341847985.7828 -1.0513 -0.1695 0.4381 0.0016 0.1426 0.0745 0.9870
1341847985.8147 -1.0581 -0.1766 0.4495 0.0084 0.1450 0.0775 0.9864
1341847985.8507 -1.0648 -0.1796 0.4536 0.0152 0.1461 0.0807 0.9859
1341847985.8828 -1.0690 -0.1815 0.4560 0.0152 0.1462 0.0842 0.9855
1341847985.9150 -1.0738 -0.1893 0.4695 0.0123 0.1492 0.0870 0.9849
1341847985.9508 -1.0786 -0.1981 0.4819 0.0112 0.1543 0.0865 0.9842
1341847985.9827 -1.0848 -0.2040 0.4917 0.0118 0.1593 0.0863 0.9834
1341847986.0188 -1.0904 -0.2085 0.4992 0.0124 0.1619 0.0884 0.9828
1341847986.0520 -1.0951 -0.2151 0.5088 0.0115 0.1633 0.0914 0.9823
1341847986.0826 -1.0993 -0.2221 0.5200 0.0112 0.1649 0.0927 0.9819
1341847986.1187 -1.1013 -0.2265 0.5266 0.0104 0.1674 0.0926 0.9815
1341847986.1506 -1.1041 -0.2313 0.5361 0.0080 0.1717 0.0932 0.9807
1341847986.1826 -1.1090 -0.2420 0.5527 0.0064 0.1765 0.0936 0.9798
1341847986.2187 -1.1132 -0.2484 0.5628 0.0082 0.1795 0.0942 0.9792
1341847986.2506 -1.1163 -0.2552 0.5720 0.0092 0.1822 0.0963 0.9785
1341847986.2867 -1.1190 -0.2641 0.5841 0.0099 0.1855 0.0975 0.9777
1341847986.3262 -1.1215 -0.2699 0.5958 0.0125 0.1890 0.0987 0.9769
1341847986.3592 -1.1240 -0.2759 0.6048 0.0146 0.1921 0.1008 0.9761
1341847986.3945 -1.1254 -0.2797 0.6146 0.0152 0.1948 0.1028 0.9753
1341847986.4259 -1.1275 -0.2861 0.6271 0.0149 0.1979 0.1041 0.9746
1341847986.4577 -1.1291 -0.2904 0.6377 0.0144 0.2013 0.1051 0.9738
1341847986.4937 -1.1326 -0.2991 0.6534 0.0130 0.2048 0.1065 0.9729
1341847986.5258 -1.1352 -0.3056 0.6658 0.0136 0.2070 0.1077 0.9723
1341847986.5617 -1.1364 -0.3086 0.6764 0.0132 0.2090 0.1084 0.9718
1341847986.5937 -1.1388 -0.3174 0.6925 0.0111 0.2129 0.1087 0.9710
1341847986.6257 -1.1418 -0.3277 0.7086 0.0112 0.2170 0.1090 0.9700
1341847986.6619 -1.1439 -0.3289 0.7170 0.0134 0.2187 0.1117 0.9693
1341847986.6937 -1.1464 -0.3334 0.7304 0.0137 0.2198 0.1162 0.9685
1341847986.7259 -1.1481 -0.3384 0.7412 0.0144 0.2200 0.1214 0.9678
1341847986.7626 -1.1489 -0.3413 0.7501 0.0138 0.2200 0.1252 0.9673
1341847986.7938 -1.1489 -0.3463 0.7599 0.0104 0.2218 0.1277 0.9666
1341847986.8298 -1.1523 -0.3557 0.7764 0.0070 0.2258 0.1293 0.9655
1341847986.8867 -1.1572 -0.3610 0.7971 0.0058 0.2273 0.1346 0.9645
1341847986.9227 -1.1587 -0.3677 0.8091 0.0032 0.2279 0.1380 0.9639
1341847986.9547 -1.1595 -0.3746 0.8213 0.0008 0.2296 0.1394 0.9632
1341847986.9906 -1.1615 -0.3794 0.8342 -0.0006 0.2323 0.1405 0.9624
1341847987.0229 -1.1636 -0.3838 0.8438 -0.0010 0.2344 0.1427 0.9616
1341847987.0546 -1.1656 -0.3858 0.8524 -0.0022 0.2352 0.1454 0.9610
1341847987.0912 -1.1668 -0.3927 0.8650 -0.0049 0.2365 0.1470 0.9604
1341847987.1232 -1.1673 -0.4009 0.8775 -0.0071 0.2402 0.1462 0.9596
1341847987.1907 -1.1708 -0.4047 0.8971 -0.0100 0.2501 0.1442 0.9574
1341847987.2593 -1.1764 -0.4118 0.9196 -0.0124 0.2569 0.1471 0.9551
1341847987.2907 -1.1777 -0.4190 0.9299 -0.0144 0.2618 0.1465 0.9538
1341847987.3228 -1.1807 -0.4236 0.9411 -0.0147 0.2687 0.1449 0.9521
1341847987.3907 -1.1894 -0.4323 0.9648 -0.0107 0.2814 0.1399 0.9493
1341847987.4228 -1.1933 -0.4330 0.9726 -0.0078 0.2876 0.1383 0.9477
1341847987.4586 -1.1995 -0.4316 0.9867 -0.0036 0.2940 0.1384 0.9457
1341847987.4908 -1.2053 -0.4297 0.9962 0.0027 0.2974 0.1400 0.9444
1341847987.5268 -1.2093 -0.4236 0.9946 0.0050 0.2983 0.1432 0.9437
1341847987.5587 -1.2141 -0.4337 1.0157 0.0023 0.3048 0.1447 0.9414
1341847987.5908 -1.2202 -0.4302 1.0250 0.0079 0.3095 0.1467 0.9395
1341847987.6269 -1.2262 -0.4235 1.0297 0.0116 0.3114 0.1511 0.9381
1341847987.6589 -1.2308 -0.4254 1.0414 0.0107 0.3139 0.1537 0.9369
1341847987.6916 -1.2367 -0.4238 1.0525 0.0114 0.3161 0.1557 0.9358
1341847987.7267 -1.2417 -0.4258 1.0666 0.0116 0.3171 0.1577 0.9351
1341847987.7587 -1.2459 -0.4253 1.0741 0.0130 0.3174 0.1617 0.9343
1341847987.7947 -1.2513 -0.4257 1.0853 0.0134 0.3180 0.1655 0.9334
1341847987.8267 -1.2569 -0.4266 1.0963 0.0145 0.3181 0.1689 0.9328
1341847987.8659 -1.2616 -0.4299 1.1067 0.0137 0.3178 0.1705 0.9326
1341847987.8978 -1.2679 -0.4310 1.1179 0.0153 0.3185 0.1725 0.9320
1341847987.9337 -1.2731 -0.4360 1.1293 0.0159 0.3179 0.1729 0.9321
1341847987.9658 -1.2773 -0.4408 1.1385 0.0169 0.3184 0.1701 0.9324
1341847987.9978 -1.2831 -0.4417 1.1459 0.0186 0.3193 0.1681 0.9324
1341847988.0338 -1.2873 -0.4478 1.1585 0.0186 0.3214 0.1645 0.9324
1341847988.0657 -1.2932 -0.4495 1.1684 0.0219 0.3228 0.1608 0.9325
1341847988.0982 -1.2971 -0.4516 1.1749 0.0241 0.3234 0.1565 0.9329
1341847988.1338 -1.3010 -0.4528 1.1834 0.0256 0.3260 0.1532 0.9325
1341847988.1658 -1.3075 -0.4469 1.1896 0.0306 0.3272 0.1539 0.9319
1341847988.2017 -1.3124 -0.4427 1.1948 0.0316 0.3251 0.1578 0.9319
1341847988.2338 -1.3133 -0.4490 1.2052 0.0276 0.3247 0.1599 0.9318
1341847988.2657 -1.3144 -0.4536 1.2158 0.0263 0.3270 0.1596 0.9311
1341847988.3018 -1.3186 -0.4487 1.2200 0.0284 0.3281 0.1609 0.9304
1341847988.3337 -1.3216 -0.4467 1.2273 0.0273 0.3281 0.1645 0.9298
1341847988.3697 -1.3224 -0.4503 1.2377 0.0252 0.3291 0.1668 0.9291
1341847988.4017 -1.3267 -0.4467 1.2454 0.0277 0.3297 0.1706 0.9281
1341847988.4340 -1.3282 -0.4503 1.2532 0.0263 0.3291 0.1737 0.9278
1341847988.4697 -1.3294 -0.4554 1.2595 0.0255 0.3313 0.1723 0.9273
1341847988.5025 -1.3344 -0.4497 1.2612 0.0284 0.3337 0.1732 0.9262
1341847988.5378 -1.3404 -0.4445 1.2654 0.0297 0.3342 0.1776 0.9251
1341847988.5697 -1.3436 -0.4464 1.2710 0.0271 0.3330 0.1797 0.9253
1341847988.6018 -1.3464 -0.4501 1.2740 0.0232 0.3337 0.1787 0.9253
1341847988.6378 -1.3502 -0.4512 1.2790 0.0200 0.3363 0.1772 0.9247
1341847988.6698 -1.3550 -0.4506 1.2840 0.0188 0.3383 0.1760 0.9242
1341847988.7062 -1.3601 -0.4509 1.2870 0.0173 0.3397 0.1762 0.9237
1341847988.7379 -1.3650 -0.4522 1.2916 0.0168 0.3414 0.1782 0.9227
1341847988.7697 -1.3709 -0.4535 1.2956 0.0175 0.3419 0.1821 0.9218
1341847988.8061 -1.3763 -0.4572 1.2976 0.0177 0.3421 0.1843 0.9212
1341847988.8379 -1.3829 -0.4585 1.2964 0.0168 0.3432 0.1860 0.9205
1341847988.8739 -1.3882 -0.4631 1.3006 0.0137 0.3463 0.1861 0.9194
1341847988.9378 -1.4045 -0.4648 1.3037 0.0138 0.3504 0.1890 0.9173
1341847988.9987 -1.4210 -0.4698 1.3099 0.0119 0.3531 0.1943 0.9151
1341847989.0347 -1.4305 -0.4718 1.3101 0.0104 0.3528 0.1965 0.9148
1341847989.0667 -1.4369 -0.4804 1.3162 0.0062 0.3544 0.1962 0.9143
1341847989.0988 -1.4461 -0.4870 1.3223 0.0067 0.3561 0.1945 0.9139
1341847989.1347 -1.4564 -0.4896 1.3228 0.0107 0.3555 0.1954 0.9140
1341847989.1667 -1.4661 -0.4960 1.3250 0.0127 0.3554 0.1964 0.9138
1341847989.2027 -1.4779 -0.4986 1.3266 0.0165 0.3538 0.1970 0.9142
1341847989.2347 -1.4882 -0.5032 1.3272 0.0187 0.3510 0.1973 0.9152
1341847989.2667 -1.4981 -0.5102 1.3283 0.0183 0.3497 0.1951 0.9162
1341847989.3028 -1.5089 -0.5140 1.3293 0.0177 0.3483 0.1910 0.9176
1341847989.3349 -1.5196 -0.5176 1.3298 0.0162 0.3468 0.1872 0.9189
1341847989.3667 -1.5281 -0.5247 1.3320 0.0118 0.3466 0.1817 0.9202
1341847989.4028 -1.5361 -0.5305 1.3349 0.0087 0.3481 0.1765 0.9206
1341847989.4348 -1.5460 -0.5338 1.3365 0.0101 0.3486 0.1728 0.9211
1341847989.4707 -1.5560 -0.5355 1.3327 0.0099 0.3480 0.1709 0.9217
1341847989.5026 -1.5634 -0.5400 1.3349 0.0075 0.3491 0.1712 0.9213
1341847989.5347 -1.5723 -0.5435 1.3380 0.0085 0.3491 0.1726 0.9210
1341847989.5707 -1.5799 -0.5478 1.3353 0.0076 0.3482 0.1727 0.9213
1341847989.6028 -1.5844 -0.5567 1.3403 0.0038 0.3511 0.1714 0.9205
1341847989.6347 -1.5924 -0.5605 1.3407 0.0050 0.3546 0.1683 0.9197
1341847989.6706 -1.6033 -0.5581 1.3372 0.0064 0.3569 0.1680 0.9189
1341847989.7026 -1.6105 -0.5615 1.3406 0.0047 0.3585 0.1685 0.9182
1341847989.7389 -1.6186 -0.5653 1.3416 0.0038 0.3609 0.1672 0.9175
1341847989.7707 -1.6289 -0.5650 1.3403 0.0032 0.3629 0.1672 0.9167
1341847989.8029 -1.6380 -0.5667 1.3423 0.0020 0.3644 0.1678 0.9160
1341847989.8388 -1.6475 -0.5701 1.3440 0.0011 0.3659 0.1687 0.9152
1341847989.8710 -1.6566 -0.5760 1.3470 0.0004 0.3687 0.1667 0.9145
1341847989.9027 -1.6703 -0.5735 1.3451 0.0039 0.3707 0.1674 0.9135
1341847989.9389 -1.6842 -0.5736 1.3456 0.0060 0.3702 0.1714 0.9130
1341847989.9707 -1.6947 -0.5803 1.3476 0.0059 0.3692 0.1727 0.9131
1341847990.0069 -1.7060 -0.5845 1.3464 0.0053 0.3706 0.1717 0.9128
1341847990.0390 -1.7188 -0.5859 1.3477 0.0055 0.3729 0.1714 0.9119
1341847990.0707 -1.7317 -0.5878 1.3492 0.0067 0.3732 0.1706 0.9119
1341847990.1067 -1.7437 -0.5901 1.3479 0.0069 0.3733 0.1708 0.9118
1341847990.1392 -1.7551 -0.5929 1.3498 0.0074 0.3744 0.1717 0.9112
1341847990.1711 -1.7683 -0.5941 1.3508 0.0104 0.3737 0.1728 0.9112
1341847990.2070 -1.7815 -0.5959 1.3492 0.0128 0.3715 0.1740 0.9119
1341847990.2389 -1.7932 -0.5982 1.3485 0.0126 0.3707 0.1755 0.9119
1341847990.2747 -1.8038 -0.6030 1.3525 0.0131 0.3706 0.1760 0.9119
1341847990.3067 -1.8170 -0.6034 1.3501 0.0143 0.3694 0.1754 0.9125
1341847990.3391 -1.8280 -0.6060 1.3521 0.0127 0.3698 0.1754 0.9123
1341847990.3747 -1.8384 -0.6077 1.3552 0.0130 0.3699 0.1752 0.9123
1341847990.4068 -1.8513 -0.6069 1.3536 0.0135 0.3687 0.1754 0.9128
1341847990.4426 -1.8605 -0.6081 1.3558 0.0111 0.3684 0.1780 0.9124
1341847990.4746 -1.8679 -0.6121 1.3614 0.0103 0.3685 0.1778 0.9124
1341847990.5068 -1.8782 -0.6116 1.3604 0.0102 0.3685 0.1777 0.9124
1341847990.5428 -1.8872 -0.6113 1.3622 0.0093 0.3696 0.1810 0.9114
1341847990.5747 -1.8949 -0.6134 1.3662 0.0096 0.3695 0.1840 0.9108
1341847990.6428 -1.9107 -0.6170 1.3689 0.0074 0.3719 0.1852 0.9096
1341847990.6748 -1.9196 -0.6174 1.3715 0.0076 0.3739 0.1877 0.9082
1341847990.7108 -1.9293 -0.6180 1.3734 0.0095 0.3739 0.1913 0.9075
1341847990.7427 -1.9384 -0.6184 1.3729 0.0095 0.3735 0.1956 0.9067
1341847990.7747 -1.9421 -0.6239 1.3800 0.0079 0.3746 0.1982 0.9057
1341847990.8108 -1.9500 -0.6256 1.3815 0.0099 0.3767 0.1987 0.9047
1341847990.8427 -1.9597 -0.6255 1.3817 0.0104 0.3783 0.2005 0.9036
1341847990.8747 -1.9650 -0.6287 1.3863 0.0089 0.3800 0.2015 0.9027
1341847990.9108 -1.9717 -0.6313 1.3894 0.0087 0.3822 0.2018 0.9017
1341847990.9427 -1.9788 -0.6336 1.3914 0.0072 0.3846 0.2016 0.9008
1341847990.9788 -1.9833 -0.6375 1.3967 0.0056 0.3874 0.2018 0.8995
1341847991.0108 -1.9897 -0.6400 1.4009 0.0069 0.3894 0.2018 0.8987
1341847991.0428 -1.9966 -0.6423 1.4028 0.0073 0.3912 0.2028 0.8976
1341847991.0787 -2.0019 -0.6464 1.4084 0.0076 0.3934 0.2048 0.8962
1341847991.1113 -2.0084 -0.6499 1.4123 0.0092 0.3948 0.2068 0.8951
1341847991.1428 -2.0145 -0.6538 1.4164 0.0091 0.3963 0.2073 0.8943
1341847991.1788 -2.0203 -0.6574 1.4229 0.0090 0.3990 0.2082 0.8930
1341847991.2107 -2.0270 -0.6621 1.4295 0.0102 0.4013 0.2086 0.8918
1341847991.2468 -2.0362 -0.6640 1.4343 0.0110 0.4030 0.2081 0.8912
1341847991.2787 -2.0417 -0.6682 1.4422 0.0110 0.4056 0.2088 0.8898
1341847991.3108 -2.0515 -0.6696 1.4479 0.0145 0.4076 0.2109 0.8883
1341847991.3467 -2.0648 -0.6688 1.4508 0.0187 0.4059 0.2157 0.8879
1341847991.3788 -2.0723 -0.6721 1.4547 0.0185 0.4037 0.2220 0.8874
1341847991.4147 -2.0745 -0.6799 1.4643 0.0149 0.4045 0.2255 0.8862
1341847991.4467 -2.0801 -0.6841 1.4713 0.0125 0.4070 0.2259 0.8850
1341847991.4788 -2.0852 -0.6872 1.4777 0.0106 0.4100 0.2267 0.8834
1341847991.5147 -2.0912 -0.6896 1.4844 0.0101 0.4127 0.2287 0.8816
1341847991.5467 -2.0978 -0.6914 1.4888 0.0111 0.4143 0.2319 0.8800
1341847991.5788 -2.1033 -0.6942 1.4918 0.0116 0.4155 0.2369 0.8781
1341847991.6149 -2.1053 -0.6985 1.4973 0.0120 0.4177 0.2418 0.8758
1341847991.6467 -2.1063 -0.7039 1.5012 0.0127 0.4213 0.2457 0.8729
1341847991.6899 -2.1093 -0.7101 1.5041 0.0125 0.4268 0.2479 0.8696
1341847991.7468 -2.1216 -0.7152 1.5068 0.0147 0.4339 0.2520 0.8649
1341847991.7827 -2.1237 -0.7207 1.5102 0.0133 0.4366 0.2549 0.8627
1341847991.8147 -2.1231 -0.7288 1.5163 0.0112 0.4405 0.2555 0.8606
1341847991.8467 -2.1260 -0.7341 1.5199 0.0113 0.4452 0.2537 0.8586
1341847991.8828 -2.1345 -0.7347 1.5203 0.0123 0.4489 0.2543 0.8565
1341847991.9158 -2.1384 -0.7400 1.5257 0.0126 0.4509 0.2567 0.8548
1341847991.9508 -2.1413 -0.7466 1.5302 0.0121 0.4527 0.2567 0.8538
1341847991.9828 -2.1439 -0.7521 1.5356 0.0105 0.4559 0.2552 0.8526
1341847992.0147 -2.1491 -0.7569 1.5405 0.0097 0.4601 0.2542 0.8507
1341847992.0506 -2.1584 -0.7584 1.5434 0.0102 0.4623 0.2542 0.8494
1341847992.0828 -2.1619 -0.7644 1.5513 0.0087 0.4638 0.2544 0.8486
1341847992.1148 -2.1669 -0.7690 1.5572 0.0081 0.4661 0.2539 0.8475
1341847992.1508 -2.1734 -0.7732 1.5636 0.0083 0.4688 0.2543 0.8459
1341847992.1828 -2.1828 -0.7758 1.5690 0.0092 0.4702 0.2551 0.8448
1341847992.2187 -2.1864 -0.7819 1.5777 0.0088 0.4720 0.2563 0.8435
1341847992.2507 -2.1929 -0.7870 1.5834 0.0083 0.4753 0.2560 0.8417
1341847992.3187 -2.2087 -0.7948 1.5972 0.0096 0.4825 0.2574 0.8372
1341847992.3507 -2.2187 -0.7978 1.6019 0.0104 0.4849 0.2590 0.8353
1341847992.3829 -2.2257 -0.8021 1.6096 0.0110 0.4873 0.2616 0.8331
1341847992.4189 -2.2327 -0.8079 1.6161 0.0124 0.4898 0.2644 0.8307
1341847992.4508 -2.2444 -0.8111 1.6203 0.0136 0.4922 0.2666 0.8286
1341847992.4867 -2.2526 -0.8155 1.6272 0.0143 0.4942 0.2700 0.8263
1341847992.5187 -2.2598 -0.8225 1.6353 0.0146 0.4962 0.2719 0.8244
1341847992.5506 -2.2705 -0.8264 1.6407 0.0153 0.4980 0.2724 0.8231
1341847992.5867 -2.2816 -0.8301 1.6470 0.0146 0.4996 0.2734 0.8219
1341847992.6188 -2.2895 -0.8344 1.6547 0.0137 0.5011 0.2746 0.8206
1341847992.6547 -2.2994 -0.8387 1.6622 0.0132 0.5023 0.2763 0.8192
1341847992.6868 -2.3046 -0.8447 1.6710 0.0120 0.5034 0.2770 0.8184
1341847992.7187 -2.3107 -0.8491 1.6787 0.0123 0.5055 0.2763 0.8173
1341847992.7548 -2.3237 -0.8505 1.6832 0.0141 0.5069 0.2775 0.8160
1341847992.7866 -2.3304 -0.8556 1.6913 0.0138 0.5072 0.2787 0.8154
1341847992.8187 -2.3360 -0.8601 1.6970 0.0124 0.5081 0.2778 0.8151
1341847992.8549 -2.3447 -0.8624 1.7015 0.0107 0.5100 0.2777 0.8141
1341847992.8866 -2.3501 -0.8655 1.7093 0.0088 0.5115 0.2789 0.8127
1341847992.9227 -2.3538 -0.8704 1.7168 0.0079 0.5123 0.2801 0.8118
1341847992.9546 -2.3573 -0.8739 1.7228 0.0069 0.5135 0.2804 0.8109
1341847992.9867 -2.3595 -0.8786 1.7315 0.0069 0.5156 0.2814 0.8093
1341847993.0227 -2.3689 -0.8808 1.7367 0.0081 0.5167 0.2822 0.8083
1341847993.0548 -2.3716 -0.8848 1.7448 0.0070 0.5175 0.2832 0.8074
1341847993.0868 -2.3768 -0.8887 1.7520 0.0058 0.5189 0.2832 0.8065
1341847993.1227 -2.3812 -0.8916 1.7599 0.0037 0.5205 0.2830 0.8056
1341847993.1547 -2.3823 -0.8960 1.7690 0.0014 0.5225 0.2827 0.8044
1341847993.1908 -2.3825 -0.9004 1.7778 0.0011 0.5252 0.2829 0.8026
1341847993.2227 -2.3876 -0.9039 1.7849 0.0040 0.5274 0.2845 0.8005
1341847993.2618 -2.3933 -0.9077 1.7926 0.0072 0.5283 0.2867 0.7991
1341847993.3228 -2.3963 -0.9200 1.8089 0.0100 0.5316 0.2887 0.7962
1341847993.3547 -2.4024 -0.9240 1.8168 0.0106 0.5339 0.2894 0.7944
1341847993.3907 -2.4028 -0.9294 1.8267 0.0098 0.5363 0.2899 0.7926
1341847993.4227 -2.4052 -0.9332 1.8365 0.0093 0.5393 0.2903 0.7904
1341847993.4588 -2.4072 -0.9383 1.8463 0.0101 0.5420 0.2915 0.7881
1341847993.4907 -2.4121 -0.9418 1.8558 0.0124 0.5439 0.2937 0.7860
1341847993.5227 -2.4187 -0.9454 1.8642 0.0144 0.5447 0.2968 0.7842
1341847993.5587 -2.4227 -0.9494 1.8738 0.0149 0.5450 0.3010 0.7824
1341847993.5910 -2.4261 -0.9549 1.8852 0.0140 0.5453 0.3038 0.7811
1341847993.6268 -2.4291 -0.9596 1.8946 0.0125 0.5454 0.3058 0.7803
1341847993.6589 -2.4360 -0.9630 1.9035 0.0099 0.5455 0.3079 0.7794
1341847993.6907 -2.4349 -0.9680 1.9156 0.0053 0.5453 0.3104 0.7787
1341847993.7271 -2.4280 -0.9754 1.9271 0.0010 0.5466 0.3100 0.7779
1341847993.7909 -2.4335 -0.9840 1.9455 -0.0021 0.5529 0.3086 0.7740
1341847993.8267 -2.4364 -0.9891 1.9550 -0.0020 0.5532 0.3098 0.7733
1341847993.8589 -2.4383 -0.9952 1.9626 -0.0038 0.5535 0.3099 0.7730
1341847993.9017 -2.4369 -1.0003 1.9717 -0.0065 0.5549 0.3099 0.7720
1341847993.9337 -2.4375 -1.0075 1.9803 -0.0062 0.5564 0.3101 0.7708
1341847993.9658 -2.4430 -1.0133 1.9858 -0.0076 0.5573 0.3093 0.7705
1341847994.0020 -2.4377 -1.0186 1.9926 -0.0108 0.5599 0.3088 0.7688
1341847994.0340 -2.4354 -1.0271 2.0017 -0.0100 0.5638 0.3080 0.7663
1341847994.0657 -2.4449 -1.0324 2.0049 -0.0076 0.5655 0.3080 0.7650
1341847994.1018 -2.4425 -1.0372 2.0128 -0.0078 0.5674 0.3089 0.7633
1341847994.1339 -2.4409 -1.0441 2.0203 -0.0064 0.5700 0.3083 0.7616
1341847994.1697 -2.4492 -1.0496 2.0248 -0.0036 0.5725 0.3078 0.7599
1341847994.2017 -2.4524 -1.0539 2.0314 -0.0017 0.5742 0.3102 0.7577
1341847994.2336 -2.4500 -1.0618 2.0399 0.0021 0.5760 0.3124 0.7554
1341847994.2697 -2.4594 -1.0678 2.0444 0.0051 0.5784 0.3115 0.7540
1341847994.3018 -2.4643 -1.0726 2.0522 0.0048 0.5807 0.3118 0.7520
1341847994.3338 -2.4625 -1.0806 2.0613 0.0062 0.5834 0.3123 0.7498
1341847994.3697 -2.4716 -1.0874 2.0687 0.0087 0.5858 0.3114 0.7482
1341847994.4017 -2.4760 -1.0932 2.0770 0.0104 0.5875 0.3123 0.7465
1341847994.4338 -2.4801 -1.1009 2.0874 0.0134 0.5892 0.3139 0.7444
1341847994.4697 -2.4887 -1.1082 2.0971 0.0159 0.5904 0.3147 0.7430
1341847994.5017 -2.4941 -1.1136 2.1074 0.0169 0.5916 0.3159 0.7415
1341847994.5377 -2.4972 -1.1208 2.1177 0.0185 0.5932 0.3175 0.7396
1341847994.5697 -2.5068 -1.1263 2.1271 0.0202 0.5945 0.3189 0.7379
1341847994.6017 -2.5127 -1.1311 2.1372 0.0192 0.5958 0.3213 0.7358
1341847994.6378 -2.5132 -1.1368 2.1484 0.0184 0.5971 0.3236 0.7338
1341847994.6697 -2.5197 -1.1427 2.1587 0.0190 0.5982 0.3248 0.7323
1341847994.7016 -2.5271 -1.1475 2.1683 0.0170 0.5992 0.3262 0.7309
1341847994.7698 -2.5271 -1.1588 2.1893 0.0152 0.6037 0.3275 0.7267
1341847994.8313 -2.5465 -1.1690 2.2064 0.0093 0.6077 0.3332 0.7208
1341847994.8668 -2.5439 -1.1733 2.2177 0.0076 0.6076 0.3369 0.7193
1341847994.8987 -2.5479 -1.1773 2.2261 0.0068 0.6078 0.3386 0.7182
1341847994.9307 -2.5505 -1.1806 2.2339 0.0035 0.6091 0.3389 0.7170
1341847994.9667 -2.5471 -1.1831 2.2431 0.0019 0.6114 0.3400 0.7146
1341847994.9987 -2.5507 -1.1883 2.2504 0.0032 0.6138 0.3415 0.7117
1341847995.0308 -2.5556 -1.1913 2.2576 0.0033 0.6163 0.3441 0.7084
1341847995.0667 -2.5491 -1.1946 2.2661 0.0036 0.6186 0.3463 0.7052
1341847995.0987 -2.5520 -1.1993 2.2718 0.0057 0.6221 0.3467 0.7019
1341847995.1349 -2.5580 -1.2035 2.2781 0.0058 0.6255 0.3477 0.6985
1341847995.1666 -2.5540 -1.2080 2.2863 0.0066 0.6281 0.3489 0.6955
1341847995.1988 -2.5580 -1.2127 2.2924 0.0084 0.6308 0.3485 0.6932
1341847995.2347 -2.5635 -1.2181 2.2986 0.0085 0.6330 0.3491 0.6909
1341847995.2668 -2.5601 -1.2221 2.3064 0.0089 0.6345 0.3504 0.6889
1341847995.2988 -2.5605 -1.2281 2.3132 0.0114 0.6369 0.3509 0.6864
1341847995.3347 -2.5698 -1.2329 2.3196 0.0116 0.6387 0.3511 0.6846
1341847995.3667 -2.5649 -1.2359 2.3274 0.0101 0.6402 0.3522 0.6827
1341847995.4028 -2.5670 -1.2413 2.3356 0.0101 0.6420 0.3516 0.6812
1341847995.4347 -2.5698 -1.2455 2.3443 0.0091 0.6432 0.3518 0.6800
1341847995.4668 -2.5656 -1.2491 2.3525 0.0082 0.6446 0.3522 0.6785
1341847995.5027 -2.5653 -1.2545 2.3620 0.0097 0.6460 0.3524 0.6770
1341847995.5348 -2.5688 -1.2602 2.3700 0.0128 0.6453 0.3543 0.6767
1341847995.5667 -2.5718 -1.2633 2.3778 0.0161 0.6440 0.3589 0.6755
1341847995.6027 -2.5717 -1.2667 2.3871 0.0175 0.6425 0.3635 0.6743
1341847995.6348 -2.5698 -1.2692 2.3944 0.0166 0.6418 0.3660 0.6737
1341847995.6708 -2.5679 -1.2717 2.4014 0.0146 0.6422 0.3681 0.6722
1341847995.7028 -2.5662 -1.2746 2.4088 0.0128 0.6431 0.3714 0.6696
1341847995.7348 -2.5588 -1.2778 2.4150 0.0122 0.6429 0.3742 0.6682
1341847995.7707 -2.5594 -1.2807 2.4211 0.0126 0.6433 0.3750 0.6674
1341847995.8028 -2.5576 -1.2826 2.4274 0.0121 0.6443 0.3765 0.6656
1341847995.8388 -2.5543 -1.2857 2.4334 0.0122 0.6451 0.3769 0.6646
1341847995.8706 -2.5566 -1.2890 2.4382 0.0127 0.6460 0.3764 0.6640
1341847995.9028 -2.5596 -1.2908 2.4443 0.0107 0.6476 0.3763 0.6625
1341847995.9387 -2.5522 -1.2931 2.4479 0.0097 0.6488 0.3774 0.6607
1341847995.9707 -2.5546 -1.2971 2.4510 0.0110 0.6510 0.3773 0.6585
1341847996.0027 -2.5579 -1.2995 2.4551 0.0094 0.6532 0.3771 0.6565
1341847996.0388 -2.5510 -1.3012 2.4567 0.0086 0.6548 0.3778 0.6545
1341847996.0707 -2.5512 -1.3058 2.4590 0.0107 0.6569 0.3776 0.6526
1341847996.1067 -2.5569 -1.3086 2.4620 0.0112 0.6587 0.3766 0.6512
1341847996.1388 -2.5521 -1.3094 2.4638 0.0107 0.6608 0.3768 0.6490
1341847996.1707 -2.5510 -1.3130 2.4667 0.0127 0.6641 0.3761 0.6460
1341847996.2066 -2.5593 -1.3161 2.4712 0.0128 0.6670 0.3738 0.6443
1341847996.2390 -2.5605 -1.3178 2.4746 0.0118 0.6688 0.3742 0.6422
1341847996.2708 -2.5600 -1.3202 2.4782 0.0125 0.6701 0.3763 0.6397
1341847996.3389 -2.5631 -1.3243 2.4849 0.0134 0.6725 0.3779 0.6362
1341847996.3747 -2.5623 -1.3256 2.4885 0.0128 0.6744 0.3788 0.6337
1341847996.4067 -2.5620 -1.3289 2.4922 0.0141 0.6764 0.3801 0.6307
1341847996.4386 -2.5676 -1.3319 2.4968 0.0152 0.6783 0.3811 0.6280
1341847996.4748 -2.5653 -1.3344 2.5018 0.0151 0.6796 0.3825 0.6257
1341847996.5067 -2.5641 -1.3382 2.5061 0.0177 0.6812 0.3832 0.6236
1341847996.5388 -2.5727 -1.3421 2.5123 0.0194 0.6831 0.3830 0.6216
1341847996.5748 -2.5760 -1.3444 2.5193 0.0181 0.6837 0.3844 0.6201
1341847996.6071 -2.5731 -1.3474 2.5245 0.0182 0.6843 0.3859 0.6184
1341847996.6428 -2.5834 -1.3505 2.5332 0.0180 0.6853 0.3869 0.6168
1341847996.6748 -2.5820 -1.3506 2.5413 0.0146 0.6852 0.3891 0.6156
1341847996.7069 -2.5793 -1.3504 2.5466 0.0130 0.6872 0.3898 0.6129
1341847996.7427 -2.5868 -1.3537 2.5549 0.0086 0.6906 0.3898 0.6092
1341847996.7747 -2.5833 -1.3547 2.5627 0.0043 0.6925 0.3912 0.6061
1341847996.8068 -2.5842 -1.3589 2.5690 0.0047 0.6941 0.3937 0.6027
1341847996.8428 -2.5890 -1.3632 2.5770 0.0050 0.6953 0.3955 0.6000
1341847996.8748 -2.5882 -1.3671 2.5852 0.0051 0.6955 0.3976 0.5984
1341847996.9108 -2.5896 -1.3729 2.5932 0.0073 0.6960 0.3985 0.5972
1341847996.9427 -2.5950 -1.3783 2.6029 0.0098 0.6963 0.3998 0.5960
1341847996.9748 -2.5938 -1.3834 2.6112 0.0116 0.6967 0.4001 0.5953
1341847997.0107 -2.6007 -1.3897 2.6219 0.0138 0.6980 0.3991 0.5944
1341847997.0427 -2.6036 -1.3952 2.6326 0.0143 0.6985 0.3990 0.5939
1341847997.0787 -2.6058 -1.4015 2.6425 0.0156 0.6989 0.3988 0.5935
1341847997.1430 -2.6108 -1.4118 2.6640 0.0143 0.7000 0.3966 0.5937
1341847997.1788 -2.6119 -1.4177 2.6739 0.0144 0.7003 0.3951 0.5944
1341847997.2109 -2.6182 -1.4229 2.6850 0.0139 0.7007 0.3936 0.5949
1341847997.2430 -2.6196 -1.4276 2.6946 0.0126 0.7007 0.3938 0.5948
1341847997.2788 -2.6194 -1.4325 2.7032 0.0120 0.7006 0.3948 0.5943
1341847997.3114 -2.6196 -1.4366 2.7115 0.0109 0.7008 0.3949 0.5940
1341847997.3466 -2.6148 -1.4401 2.7169 0.0100 0.7020 0.3949 0.5926
1341847997.3787 -2.6166 -1.4465 2.7246 0.0101 0.7043 0.3942 0.5903
1341847997.4108 -2.6141 -1.4515 2.7319 0.0097 0.7061 0.3943 0.5881
1341847997.4467 -2.6066 -1.4570 2.7375 0.0105 0.7082 0.3932 0.5863
1341847997.4788 -2.6140 -1.4643 2.7445 0.0118 0.7114 0.3915 0.5836
1341847997.5109 -2.6108 -1.4693 2.7525 0.0108 0.7138 0.3919 0.5803
1341847997.5466 -2.6047 -1.4752 2.7599 0.0105 0.7157 0.3916 0.5782
1341847997.5787 -2.6027 -1.4805 2.7670 0.0102 0.7179 0.3901 0.5765
1341847997.6147 -2.6001 -1.4859 2.7748 0.0087 0.7208 0.3886 0.5739
1341847997.6470 -2.5929 -1.4940 2.7832 0.0084 0.7230 0.3882 0.5713
1341847997.6788 -2.5894 -1.5024 2.7929 0.0104 0.7243 0.3873 0.5703
1341847997.7146 -2.5863 -1.5077 2.8020 0.0116 0.7256 0.3858 0.5696
1341847997.7466 -2.5800 -1.5130 2.8108 0.0120 0.7280 0.3842 0.5677
1341847997.7787 -2.5765 -1.5214 2.8213 0.0132 0.7306 0.3826 0.5654
1341847997.8469 -2.5704 -1.5360 2.8423 0.0169 0.7329 0.3829 0.5621
1341847997.8826 -2.5687 -1.5416 2.8532 0.0188 0.7339 0.3850 0.5593
1341847997.9152 -2.5605 -1.5480 2.8623 0.0200 0.7342 0.3876 0.5571
1341847997.9470 -2.5569 -1.5551 2.8727 0.0221 0.7345 0.3899 0.5549
1341847997.9827 -2.5497 -1.5609 2.8818 0.0231 0.7343 0.3920 0.5537
1341847998.0149 -2.5436 -1.5673 2.8901 0.0243 0.7348 0.3928 0.5524
1341847998.0508 -2.5396 -1.5741 2.9005 0.0256 0.7354 0.3936 0.5511
1341847998.0826 -2.5357 -1.5817 2.9126 0.0272 0.7347 0.3949 0.5509
1341847998.1223 -2.5336 -1.5876 2.9222 0.0289 0.7327 0.3971 0.5520
1341847998.1541 -2.5298 -1.5911 2.9312 0.0283 0.7320 0.3980 0.5523
1341847998.1857 -2.5227 -1.5969 2.9402 0.0261 0.7315 0.3976 0.5533
1341847998.2538 -2.5139 -1.6074 2.9566 0.0232 0.7311 0.3971 0.5544
1341847998.3188 -2.5048 -1.6206 2.9735 0.0224 0.7300 0.3954 0.5570
1341847998.3512 -2.5019 -1.6252 2.9842 0.0214 0.7290 0.3958 0.5580
1341847998.3827 -2.4944 -1.6303 2.9926 0.0204 0.7274 0.3959 0.5601
1341847998.4192 -2.4940 -1.6342 3.0032 0.0183 0.7272 0.3939 0.5618
1341847998.4508 -2.4898 -1.6398 3.0147 0.0148 0.7269 0.3931 0.5629
1341847998.4840 -2.4844 -1.6460 3.0248 0.0131 0.7253 0.3935 0.5647
1341847998.5187 -2.4827 -1.6507 3.0367 0.0111 0.7245 0.3929 0.5662
1341847998.5507 -2.4766 -1.6552 3.0462 0.0079 0.7239 0.3922 0.5675
1341847998.5867 -2.4733 -1.6609 3.0576 0.0064 0.7239 0.3918 0.5679
1341847998.6188 -2.4710 -1.6664 3.0694 0.0053 0.7234 0.3916 0.5686
1341847998.6507 -2.4724 -1.6711 3.0822 0.0029 0.7237 0.3912 0.5686
1341847998.6869 -2.4654 -1.6751 3.0934 0.0003 0.7241 0.3919 0.5675
1341847998.7187 -2.4604 -1.6812 3.1043 0.0013 0.7242 0.3926 0.5669
1341847998.7508 -2.4635 -1.6870 3.1193 0.0019 0.7243 0.3927 0.5668
1341847998.7868 -2.4590 -1.6903 3.1287 0.0015 0.7237 0.3945 0.5662
1341847998.8188 -2.4577 -1.6938 3.1400 0.0021 0.7253 0.3944 0.5644
1341847998.8547 -2.4567 -1.6995 3.1541 -0.0001 0.7268 0.3936 0.5629
1341847998.8867 -2.4547 -1.7067 3.1647 -0.0005 0.7265 0.3952 0.5621
1341847998.9187 -2.4547 -1.7119 3.1793 0.0010 0.7257 0.3983 0.5610
1341847998.9548 -2.4538 -1.7145 3.1913 0.0009 0.7247 0.4015 0.5601
1341847998.9867 -2.4481 -1.7182 3.2016 -0.0004 0.7234 0.4034 0.5603
1341847999.0188 -2.4472 -1.7209 3.2110 -0.0003 0.7230 0.4046 0.5599
1341847999.0549 -2.4463 -1.7256 3.2245 -0.0008 0.7237 0.4060 0.5580
1341847999.0868 -2.4441 -1.7286 3.2345 -0.0026 0.7223 0.4080 0.5585
1341847999.1227 -2.4402 -1.7313 3.2427 -0.0036 0.7216 0.4094 0.5582
1341847999.1549 -2.4394 -1.7333 3.2511 -0.0044 0.7228 0.4101 0.5562
1341847999.1867 -2.4335 -1.7355 3.2587 -0.0050 0.7248 0.4110 0.5530
1341847999.2227 -2.4286 -1.7385 3.2655 -0.0051 0.7274 0.4097 0.5505
1341847999.2910 -2.4233 -1.7493 3.2812 -0.0006 0.7348 0.4089 0.5412
1341847999.3227 -2.4187 -1.7574 3.2899 0.0040 0.7360 0.4115 0.5376
1341847999.3549 -2.4169 -1.7610 3.2965 0.0087 0.7366 0.4128 0.5356
1341847999.3908 -2.4169 -1.7646 3.3048 0.0113 0.7390 0.4130 0.5321
1341847999.4239 -2.4115 -1.7669 3.3087 0.0117 0.7415 0.4131 0.5285
1341847999.4549 -2.4066 -1.7710 3.3138 0.0127 0.7448 0.4124 0.5244
1341847999.4909 -2.4059 -1.7744 3.3186 0.0141 0.7484 0.4119 0.5197
1341847999.5227 -2.4004 -1.7800 3.3251 0.0171 0.7522 0.4157 0.5110
1341847999.5589 -2.3932 -1.7851 3.3313 0.0213 0.7543 0.4189 0.5050
1341847999.5907 -2.3896 -1.7858 3.3381 0.0233 0.7564 0.4195 0.5013
1341847999.6229 -2.3845 -1.7867 3.3430 0.0229 0.7591 0.4204 0.4965
1341847999.6588 -2.3723 -1.7906 3.3450 0.0236 0.7614 0.4221 0.4914
1341847999.6911 -2.3686 -1.7940 3.3534 0.0256 0.7641 0.4220 0.4872
1341847999.7227 -2.3606 -1.7954 3.3594 0.0248 0.7659 0.4230 0.4836
1341847999.7588 -2.3474 -1.7963 3.3593 0.0258 0.7676 0.4242 0.4799
1341847999.7910 -2.3403 -1.7990 3.3668 0.0280 0.7707 0.4237 0.4751
1341847999.8267 -2.3348 -1.8017 3.3735 0.0287 0.7725 0.4246 0.4712
1341847999.8588 -2.3265 -1.8023 3.3767 0.0303 0.7743 0.4280 0.4652
1341847999.8977 -2.3195 -1.8044 3.3829 0.0322 0.7757 0.4323 0.4586
1341847999.9588 -2.3028 -1.8028 3.3902 0.0328 0.7771 0.4409 0.4479
1341847999.9908 -2.2926 -1.8033 3.3930 0.0327 0.7775 0.4460 0.4422
1341848000.0267 -2.2821 -1.8026 3.3943 0.0331 0.7778 0.4494 0.4381
1341848000.0587 -2.2769 -1.8015 3.3988 0.0321 0.7786 0.4519 0.4342
1341848000.0948 -2.2675 -1.8002 3.3999 0.0299 0.7790 0.4561 0.4293
1341848000.1267 -2.2588 -1.7985 3.4014 0.0281 0.7801 0.4591 0.4241
1341848000.1586 -2.2518 -1.7986 3.4048 0.0249 0.7813 0.4619 0.4190
1341848000.1948 -2.2416 -1.7988 3.4047 0.0227 0.7816 0.4652 0.4149
1341848000.2271 -2.2348 -1.7993 3.4067 0.0222 0.7820 0.4681 0.4111
1341848000.2670 -2.2258 -1.7967 3.4070 0.0205 0.7821 0.4707 0.4079
1341848000.3271 -2.2125 -1.7981 3.4114 0.0193 0.7832 0.4753 0.4004
1341848000.3627 -2.2038 -1.7961 3.4127 0.0183 0.7824 0.4781 0.3987
1341848000.3947 -2.1950 -1.7921 3.4111 0.0185 0.7826 0.4797 0.3963
1341848000.4268 -2.1889 -1.7939 3.4145 0.0184 0.7833 0.4811 0.3932
1341848000.4627 -2.1803 -1.7906 3.4156 0.0171 0.7834 0.4825 0.3914
1341848000.4947 -2.1702 -1.7863 3.4134 0.0161 0.7844 0.4828 0.3890
1341848000.5308 -2.1618 -1.7888 3.4157 0.0161 0.7858 0.4831 0.3860
1341848000.5628 -2.1531 -1.7874 3.4155 0.0166 0.7864 0.4832 0.3846
1341848000.5948 -2.1442 -1.7852 3.4140 0.0174 0.7880 0.4829 0.3816
1341848000.6306 -2.1353 -1.7863 3.4147 0.0177 0.7899 0.4823 0.3783
1341848000.6627 -2.1262 -1.7860 3.4137 0.0186 0.7918 0.4814 0.3753
1341848000.6954 -2.1181 -1.7884 3.4161 0.0192 0.7943 0.4810 0.3706
1341848000.7308 -2.1076 -1.7898 3.4178 0.0198 0.7962 0.4811 0.3664
1341848000.7627 -2.0975 -1.7906 3.4177 0.0218 0.7978 0.4813 0.3626
1341848000.7987 -2.0885 -1.7936 3.4199 0.0246 0.7994 0.4816 0.3584
1341848000.8307 -2.0772 -1.7935 3.4208 0.0268 0.8006 0.4816 0.3555
1341848000.8628 -2.0684 -1.7951 3.4220 0.0283 0.8029 0.4805 0.3518
1341848000.8987 -2.0594 -1.7995 3.4256 0.0295 0.8045 0.4811 0.3471
1341848000.9307 -2.0491 -1.8025 3.4290 0.0316 0.8049 0.4823 0.3443
1341848000.9632 -2.0388 -1.8020 3.4305 0.0325 0.8056 0.4825 0.3423
1341848000.9988 -2.0276 -1.8032 3.4326 0.0322 0.8068 0.4821 0.3401
1341848001.0307 -2.0171 -1.8059 3.4350 0.0335 0.8076 0.4827 0.3372
1341848001.0670 -2.0064 -1.8074 3.4378 0.0352 0.8079 0.4837 0.3347
1341848001.0988 -1.9955 -1.8081 3.4392 0.0368 0.8082 0.4849 0.3323
1341848001.1307 -1.9842 -1.8061 3.4403 0.0383 0.8091 0.4851 0.3294
1341848001.2060 -1.9641 -1.8055 3.4453 0.0365 0.8117 0.4842 0.3245
1341848001.2668 -1.9431 -1.8017 3.4496 0.0296 0.8153 0.4822 0.3192
1341848001.2991 -1.9330 -1.7994 3.4509 0.0280 0.8172 0.4817 0.3154
1341848001.3348 -1.9233 -1.7967 3.4522 0.0266 0.8192 0.4816 0.3102
1341848001.3667 -1.9133 -1.7951 3.4537 0.0232 0.8215 0.4811 0.3053
1341848001.3993 -1.9039 -1.7921 3.4526 0.0208 0.8232 0.4811 0.3009
1341848001.4347 -1.8941 -1.7885 3.4516 0.0209 0.8252 0.4816 0.2946
1341848001.4667 -1.8865 -1.7882 3.4516 0.0190 0.8270 0.4822 0.2886
1341848001.5027 -1.8774 -1.7835 3.4512 0.0153 0.8287 0.4829 0.2827
1341848001.5349 -1.8668 -1.7778 3.4466 0.0145 0.8307 0.4829 0.2767
1341848001.5670 -1.8586 -1.7757 3.4450 0.0140 0.8342 0.4812 0.2691
1341848001.6029 -1.8527 -1.7755 3.4458 0.0115 0.8364 0.4818 0.2609
1341848001.6347 -1.8418 -1.7697 3.4421 0.0107 0.8382 0.4825 0.2540
1341848001.6666 -1.8328 -1.7675 3.4401 0.0118 0.8406 0.4812 0.2484
1341848001.7349 -1.8157 -1.7631 3.4356 0.0097 0.8432 0.4816 0.2388
1341848001.7707 -1.8047 -1.7596 3.4320 0.0115 0.8455 0.4800 0.2338
1341848001.8028 -1.7996 -1.7625 3.4311 0.0121 0.8469 0.4798 0.2290
1341848001.8348 -1.7911 -1.7604 3.4292 0.0111 0.8473 0.4822 0.2223
1341848001.8707 -1.7782 -1.7553 3.4250 0.0123 0.8486 0.4824 0.2169
1341848001.9027 -1.7726 -1.7599 3.4237 0.0100 0.8496 0.4821 0.2137
1341848001.9347 -1.7645 -1.7568 3.4238 0.0110 0.8497 0.4845 0.2076
1341848001.9707 -1.7520 -1.7530 3.4183 0.0148 0.8500 0.4857 0.2033
1341848002.0027 -1.7456 -1.7558 3.4155 0.0167 0.8505 0.4865 0.1993
1341848002.0389 -1.7359 -1.7531 3.4121 0.0183 0.8504 0.4885 0.1947
1341848002.0708 -1.7257 -1.7497 3.4060 0.0199 0.8512 0.4890 0.1898
1341848002.1027 -1.7172 -1.7499 3.4070 0.0219 0.8522 0.4886 0.1858
1341848002.1387 -1.7079 -1.7491 3.4009 0.0206 0.8521 0.4895 0.1842
1341848002.1718 -1.6995 -1.7455 3.3982 0.0209 0.8526 0.4906 0.1791
1341848002.2027 -1.6895 -1.7431 3.3972 0.0225 0.8533 0.4910 0.1742
1341848002.2387 -1.6801 -1.7420 3.3940 0.0216 0.8535 0.4916 0.1715
1341848002.2708 -1.6721 -1.7400 3.3921 0.0186 0.8539 0.4923 0.1677
1341848002.3067 -1.6635 -1.7364 3.3920 0.0164 0.8542 0.4932 0.1641
1341848002.3389 -1.6552 -1.7318 3.3890 0.0152 0.8539 0.4950 0.1599
1341848002.3708 -1.6499 -1.7297 3.3893 0.0143 0.8538 0.4969 0.1546
1341848002.4068 -1.6384 -1.7212 3.3866 0.0154 0.8536 0.4985 0.1504
1341848002.4388 -1.6313 -1.7203 3.3820 0.0138 0.8540 0.4985 0.1482
1341848002.4747 -1.6264 -1.7191 3.3857 0.0129 0.8539 0.4997 0.1446
1341848002.5068 -1.6164 -1.7107 3.3809 0.0127 0.8533 0.5015 0.1425
1341848002.5388 -1.6101 -1.7107 3.3792 0.0110 0.8531 0.5027 0.1391
1341848002.5747 -1.6043 -1.7073 3.3812 0.0092 0.8524 0.5048 0.1360
1341848002.6068 -1.5947 -1.6994 3.3781 0.0077 0.8517 0.5065 0.1344
1341848002.6394 -1.5869 -1.6964 3.3764 0.0044 0.8516 0.5071 0.1331
1341848002.6747 -1.5816 -1.6954 3.3814 0.0028 0.8509 0.5087 0.1311
1341848002.7138 -1.5705 -1.6855 3.3782 0.0023 0.8496 0.5111 0.1306
1341848002.7748 -1.5566 -1.6811 3.3802 -0.0012 0.8476 0.5148 0.1282
1341848002.8068 -1.5460 -1.6713 3.3782 0.0008 0.8473 0.5159 0.1263
1341848002.8428 -1.5368 -1.6700 3.3786 0.0023 0.8479 0.5148 0.1266
1341848002.8752 -1.5289 -1.6674 3.3782 0.0032 0.8482 0.5140 0.1281
1341848002.9067 -1.5194 -1.6649 3.3782 0.0044 0.8486 0.5132 0.1283
1341848002.9433 -1.5107 -1.6643 3.3805 0.0053 0.8492 0.5110 0.1328
1341848002.9746 -1.5017 -1.6628 3.3798 0.0046 0.8488 0.5104 0.1378
1341848003.0109 -1.4907 -1.6568 3.3761 0.0038 0.8491 0.5096 0.1391
1341848003.0426 -1.4819 -1.6571 3.3765 0.0045 0.8505 0.5069 0.1402
1341848003.0750 -1.4756 -1.6594 3.3808 0.0033 0.8510 0.5052 0.1433
1341848003.1106 -1.4655 -1.6543 3.3789 0.0023 0.8503 0.5060 0.1447
1341848003.1426 -1.4554 -1.6518 3.3762 -0.0000 0.8509 0.5050 0.1449
1341848003.2429 -1.4321 -1.6481 3.3795 -0.0082 0.8526 0.5021 0.1445
1341848003.2789 -1.4230 -1.6441 3.3787 -0.0098 0.8525 0.5016 0.1468
1341848003.3107 -1.4143 -1.6413 3.3780 -0.0132 0.8527 0.5009 0.1480
1341848003.3427 -1.4053 -1.6377 3.3783 -0.0153 0.8532 0.4992 0.1500
1341848003.3790 -1.3958 -1.6362 3.3787 -0.0186 0.8541 0.4967 0.1534
1341848003.4108 -1.3885 -1.6359 3.3822 -0.0204 0.8543 0.4946 0.1584
1341848003.4427 -1.3784 -1.6313 3.3821 -0.0199 0.8538 0.4940 0.1632
1341848003.4787 -1.3692 -1.6319 3.3846 -0.0201 0.8532 0.4929 0.1694
1341848003.5107 -1.3589 -1.6279 3.3842 -0.0222 0.8517 0.4924 0.1783
1341848003.5469 -1.3490 -1.6224 3.3827 -0.0229 0.8509 0.4921 0.1822
1341848003.5787 -1.3411 -1.6201 3.3819 -0.0210 0.8504 0.4913 0.1872
1341848003.6179 -1.3334 -1.6178 3.3810 -0.0201 0.8495 0.4899 0.1947
1341848003.6500 -1.3255 -1.6146 3.3799 -0.0200 0.8486 0.4889 0.2011
1341848003.6858 -1.3176 -1.6104 3.3756 -0.0205 0.8481 0.4874 0.2066
1341848003.7179 -1.3092 -1.6103 3.3758 -0.0236 0.8482 0.4849 0.2121
1341848003.7538 -1.3024 -1.6078 3.3760 -0.0258 0.8474 0.4837 0.2176
1341848003.7858 -1.2951 -1.6026 3.3712 -0.0242 0.8459 0.4838 0.2231
1341848003.8179 -1.2879 -1.6013 3.3712 -0.0247 0.8450 0.4830 0.2282
1341848003.8540 -1.2819 -1.5935 3.3654 -0.0254 0.8436 0.4830 0.2332
1341848003.8858 -1.2742 -1.5901 3.3618 -0.0271 0.8433 0.4822 0.2356
1341848003.9217 -1.2645 -1.5895 3.3593 -0.0279 0.8422 0.4821 0.2399
1341848003.9538 -1.2602 -1.5812 3.3567 -0.0271 0.8412 0.4811 0.2452
1341848003.9858 -1.2507 -1.5767 3.3496 -0.0272 0.8397 0.4829 0.2470
1341848004.0216 -1.2426 -1.5724 3.3441 -0.0255 0.8390 0.4818 0.2516
1341848004.0538 -1.2375 -1.5664 3.3434 -0.0259 0.8389 0.4803 0.2547
1341848004.0897 -1.2276 -1.5620 3.3348 -0.0253 0.8367 0.4831 0.2566
1341848004.1217 -1.2205 -1.5569 3.3291 -0.0242 0.8358 0.4821 0.2616
1341848004.1537 -1.2119 -1.5532 3.3264 -0.0240 0.8349 0.4818 0.2650
1341848004.1898 -1.2044 -1.5482 3.3220 -0.0220 0.8334 0.4823 0.2691
1341848004.2218 -1.1977 -1.5420 3.3181 -0.0226 0.8317 0.4822 0.2744
1341848004.2578 -1.1898 -1.5354 3.3132 -0.0244 0.8303 0.4815 0.2795
1341848004.2898 -1.1797 -1.5341 3.3119 -0.0256 0.8291 0.4816 0.2828
1341848004.3218 -1.1712 -1.5298 3.3099 -0.0268 0.8266 0.4816 0.2900
1341848004.3579 -1.1641 -1.5230 3.3074 -0.0274 0.8245 0.4807 0.2971
1341848004.3898 -1.1564 -1.5175 3.3057 -0.0302 0.8225 0.4804 0.3031
1341848004.4219 -1.1472 -1.5130 3.3029 -0.0329 0.8200 0.4804 0.3094
1341848004.4578 -1.1398 -1.5082 3.3034 -0.0353 0.8183 0.4793 0.3155
1341848004.4898 -1.1320 -1.5034 3.3022 -0.0375 0.8158 0.4797 0.3209
1341848004.5257 -1.1238 -1.5003 3.3026 -0.0392 0.8134 0.4808 0.3250
1341848004.5578 -1.1171 -1.4960 3.3018 -0.0390 0.8104 0.4825 0.3300
1341848004.5898 -1.1120 -1.4908 3.3021 -0.0406 0.8078 0.4842 0.3338
1341848004.6258 -1.1036 -1.4865 3.2994 -0.0425 0.8049 0.4858 0.3380
1341848004.6579 -1.1003 -1.4825 3.3029 -0.0440 0.8036 0.4852 0.3420
1341848004.6899 -1.0927 -1.4793 3.3024 -0.0462 0.8002 0.4889 0.3442
1341848004.7258 -1.0863 -1.4748 3.2995 -0.0465 0.7972 0.4905 0.3490
1341848004.7577 -1.0842 -1.4708 3.3013 -0.0479 0.7959 0.4892 0.3535
1341848004.7897 -1.0779 -1.4680 3.3020 -0.0507 0.7937 0.4909 0.3557
1341848004.8258 -1.0713 -1.4665 3.3008 -0.0503 0.7914 0.4926 0.3584
1341848004.8577 -1.0702 -1.4635 3.3031 -0.0505 0.7899 0.4921 0.3625
1341848004.8898 -1.0650 -1.4613 3.3020 -0.0516 0.7879 0.4935 0.3647
1341848004.9258 -1.0612 -1.4606 3.3037 -0.0523 0.7865 0.4935 0.3675
1341848004.9578 -1.0570 -1.4599 3.3055 -0.0528 0.7851 0.4937 0.3703
1341848004.9938 -1.0558 -1.4570 3.3053 -0.0520 0.7829 0.4941 0.3745
1341848005.0257 -1.0528 -1.4556 3.3056 -0.0534 0.7815 0.4938 0.3776
1341848005.0577 -1.0492 -1.4547 3.3047 -0.0550 0.7801 0.4927 0.3816
1341848005.0939 -1.0486 -1.4533 3.3093 -0.0551 0.7802 0.4907 0.3840
1341848005.1257 -1.0431 -1.4532 3.3100 -0.0561 0.7780 0.4924 0.3862
1341848005.1577 -1.0396 -1.4540 3.3104 -0.0538 0.7762 0.4925 0.3899
1341848005.1937 -1.0400 -1.4511 3.3105 -0.0524 0.7746 0.4913 0.3947
1341848005.2257 -1.0376 -1.4497 3.3115 -0.0534 0.7738 0.4903 0.3975
1341848005.2577 -1.0312 -1.4510 3.3140 -0.0551 0.7731 0.4893 0.3999
1341848005.2937 -1.0311 -1.4491 3.3160 -0.0540 0.7718 0.4871 0.4050
1341848005.3259 -1.0287 -1.4469 3.3175 -0.0550 0.7702 0.4872 0.4078
1341848005.3577 -1.0214 -1.4502 3.3185 -0.0561 0.7685 0.4877 0.4104
1341848005.3937 -1.0194 -1.4490 3.3216 -0.0541 0.7672 0.4858 0.4152
1341848005.4257 -1.0198 -1.4462 3.3230 -0.0529 0.7654 0.4856 0.4190
1341848005.4618 -1.0124 -1.4485 3.3236 -0.0551 0.7636 0.4864 0.4212
1341848005.4937 -1.0112 -1.4483 3.3281 -0.0539 0.7626 0.4848 0.4248
1341848005.5258 -1.0082 -1.4463 3.3279 -0.0545 0.7601 0.4856 0.4283
1341848005.5618 -1.0030 -1.4477 3.3283 -0.0555 0.7584 0.4854 0.4314
1341848005.5937 -1.0003 -1.4472 3.3304 -0.0556 0.7572 0.4842 0.4348
1341848005.6298 -0.9969 -1.4475 3.3313 -0.0561 0.7556 0.4835 0.4383
1341848005.6618 -0.9928 -1.4483 3.3332 -0.0569 0.7546 0.4823 0.4412
1341848005.6938 -0.9878 -1.4500 3.3343 -0.0567 0.7532 0.4815 0.4447
1341848005.7297 -0.9863 -1.4502 3.3348 -0.0557 0.7520 0.4794 0.4490
1341848005.7617 -0.9821 -1.4514 3.3362 -0.0566 0.7515 0.4775 0.4517
1341848005.7979 -0.9766 -1.4549 3.3401 -0.0556 0.7510 0.4760 0.4542
1341848005.8299 -0.9767 -1.4547 3.3421 -0.0532 0.7494 0.4746 0.4587
1341848005.8617 -0.9730 -1.4549 3.3426 -0.0535 0.7477 0.4741 0.4620
1341848005.8978 -0.9680 -1.4580 3.3447 -0.0530 0.7471 0.4727 0.4644
1341848005.9297 -0.9677 -1.4587 3.3488 -0.0512 0.7462 0.4704 0.4682
1341848005.9657 -0.9648 -1.4585 3.3497 -0.0517 0.7446 0.4694 0.4717
1341848005.9978 -0.9594 -1.4614 3.3514 -0.0517 0.7439 0.4682 0.4740
1341848006.0298 -0.9560 -1.4633 3.3541 -0.0495 0.7432 0.4651 0.4785
1341848006.0658 -0.9562 -1.4623 3.3562 -0.0484 0.7422 0.4620 0.4831
1341848006.0979 -0.9498 -1.4642 3.3539 -0.0479 0.7411 0.4606 0.4862
1341848006.1337 -0.9476 -1.4669 3.3572 -0.0449 0.7423 0.4559 0.4889
1341848006.1658 -0.9460 -1.4684 3.3610 -0.0407 0.7424 0.4537 0.4913
1341848006.1976 -0.9432 -1.4688 3.3621 -0.0373 0.7413 0.4524 0.4944
1341848006.2338 -0.9389 -1.4707 3.3629 -0.0348 0.7402 0.4498 0.4985
1341848006.2658 -0.9381 -1.4700 3.3656 -0.0322 0.7401 0.4461 0.5021
1341848006.3018 -0.9339 -1.4719 3.3694 -0.0304 0.7395 0.4448 0.5044
1341848006.3337 -0.9300 -1.4737 3.3720 -0.0273 0.7376 0.4438 0.5082
1341848006.3660 -0.9309 -1.4706 3.3736 -0.0265 0.7360 0.4407 0.5132
1341848006.4018 -0.9252 -1.4728 3.3752 -0.0282 0.7353 0.4409 0.5140
1341848006.4337 -0.9208 -1.4764 3.3793 -0.0271 0.7346 0.4403 0.5154
1341848006.4697 -0.9198 -1.4751 3.3829 -0.0259 0.7333 0.4397 0.5180
1341848006.5017 -0.9146 -1.4772 3.3845 -0.0265 0.7318 0.4410 0.5189
1341848006.5337 -0.9096 -1.4800 3.3855 -0.0260 0.7307 0.4407 0.5208
1341848006.5697 -0.9088 -1.4809 3.3906 -0.0255 0.7309 0.4390 0.5219
1341848006.6018 -0.9038 -1.4831 3.3932 -0.0259 0.7302 0.4399 0.5221
1341848006.6378 -0.8983 -1.4880 3.3953 -0.0247 0.7298 0.4399 0.5228
1341848006.6701 -0.8986 -1.4881 3.4018 -0.0243 0.7304 0.4375 0.5240
1341848006.7018 -0.8922 -1.4906 3.4029 -0.0253 0.7298 0.4389 0.5236
1341848006.7378 -0.8878 -1.4962 3.4077 -0.0240 0.7306 0.4384 0.5229
1341848006.7697 -0.8845 -1.4987 3.4118 -0.0220 0.7305 0.4388 0.5228
1341848006.8019 -0.8812 -1.5026 3.4151 -0.0200 0.7307 0.4391 0.5223
1341848006.8376 -0.8774 -1.5059 3.4186 -0.0189 0.7312 0.4396 0.5213
1341848006.8707 -0.8734 -1.5115 3.4219 -0.0170 0.7319 0.4398 0.5202
1341848006.9018 -0.8710 -1.5146 3.4262 -0.0155 0.7331 0.4390 0.5193
1341848006.9377 -0.8674 -1.5189 3.4289 -0.0144 0.7346 0.4385 0.5176
1341848006.9697 -0.8658 -1.5234 3.4347 -0.0130 0.7372 0.4378 0.5146
1341848007.0058 -0.8628 -1.5297 3.4398 -0.0107 0.7389 0.4393 0.5109
1341848007.0378 -0.8618 -1.5341 3.4450 -0.0076 0.7404 0.4407 0.5075
1341848007.0697 -0.8610 -1.5368 3.4496 -0.0068 0.7419 0.4423 0.5039
1341848007.1057 -0.8576 -1.5421 3.4536 -0.0072 0.7437 0.4443 0.4995
1341848007.1379 -0.8555 -1.5488 3.4601 -0.0068 0.7459 0.4449 0.4957
1341848007.1697 -0.8555 -1.5524 3.4673 -0.0063 0.7476 0.4457 0.4923
1341848007.2057 -0.8529 -1.5579 3.4722 -0.0062 0.7487 0.4483 0.4882
1341848007.2379 -0.8512 -1.5657 3.4798 -0.0046 0.7502 0.4505 0.4841
1341848007.2989 -0.8468 -1.5750 3.4889 -0.0017 0.7500 0.4558 0.4794
1341848007.3314 -0.8457 -1.5798 3.4948 -0.0007 0.7518 0.4547 0.4775
1341848007.3667 -0.8432 -1.5855 3.5004 -0.0017 0.7535 0.4531 0.4764
1341848007.3987 -0.8414 -1.5926 3.5081 -0.0016 0.7551 0.4518 0.4751
1341848007.4348 -0.8378 -1.6002 3.5126 -0.0003 0.7556 0.4514 0.4746
1341848007.4667 -0.8394 -1.6034 3.5216 0.0004 0.7573 0.4491 0.4742
1341848007.4988 -0.8371 -1.6075 3.5273 -0.0003 0.7581 0.4507 0.4713
1341848007.5348 -0.8306 -1.6185 3.5326 0.0003 0.7583 0.4529 0.4689
1341848007.5667 -0.8308 -1.6212 3.5386 0.0020 0.7586 0.4524 0.4689
1341848007.5987 -0.8280 -1.6214 3.5405 0.0002 0.7597 0.4527 0.4669
1341848007.6348 -0.8221 -1.6318 3.5462 -0.0010 0.7620 0.4537 0.4621
1341848007.6667 -0.8222 -1.6376 3.5550 0.0024 0.7631 0.4566 0.4574
1341848007.7028 -0.8183 -1.6402 3.5582 0.0044 0.7625 0.4632 0.4517
1341848007.7346 -0.8071 -1.6473 3.5517 0.0061 0.7621 0.4678 0.4476
1341848007.7669 -0.8076 -1.6517 3.5623 0.0075 0.7668 0.4635 0.4440
1341848007.8029 -0.8056 -1.6554 3.5706 0.0060 0.7689 0.4644 0.4395
1341848007.8350 -0.7983 -1.6621 3.5726 0.0071 0.7693 0.4684 0.4345
1341848007.8667 -0.7957 -1.6626 3.5776 0.0082 0.7713 0.4689 0.4304
1341848007.9028 -0.7934 -1.6622 3.5829 0.0058 0.7739 0.4703 0.4242
1341848007.9349 -0.7830 -1.6758 3.5854 0.0059 0.7751 0.4761 0.4153
1341848007.9707 -0.7776 -1.6844 3.5923 0.0104 0.7757 0.4778 0.4121
1341848008.0027 -0.7769 -1.6818 3.5984 0.0134 0.7771 0.4782 0.4090
1341848008.0348 -0.7714 -1.6852 3.6026 0.0128 0.7783 0.4810 0.4033
1341848008.0708 -0.7646 -1.6923 3.6093 0.0125 0.7796 0.4827 0.3988
1341848008.1032 -0.7602 -1.6926 3.6131 0.0128 0.7802 0.4842 0.3958
1341848008.1388 -0.7534 -1.6953 3.6166 0.0116 0.7819 0.4852 0.3913
1341848008.1711 -0.7474 -1.7006 3.6231 0.0114 0.7837 0.4858 0.3869
1341848008.2027 -0.7415 -1.7047 3.6301 0.0130 0.7847 0.4881 0.3818
1341848008.2387 -0.7361 -1.7059 3.6367 0.0138 0.7852 0.4905 0.3777
1341848008.2707 -0.7297 -1.7088 3.6410 0.0136 0.7854 0.4938 0.3731
1341848008.3027 -0.7231 -1.7126 3.6465 0.0135 0.7859 0.4966 0.3682
1341848008.3388 -0.7156 -1.7173 3.6511 0.0137 0.7860 0.4994 0.3640
1341848008.3707 -0.7101 -1.7188 3.6562 0.0132 0.7867 0.5006 0.3610
1341848008.4389 -0.6964 -1.7301 3.6639 0.0139 0.7883 0.5045 0.3520
1341848008.4708 -0.6917 -1.7331 3.6705 0.0152 0.7893 0.5054 0.3483
1341848008.5069 -0.6866 -1.7352 3.6723 0.0159 0.7897 0.5076 0.3441
1341848008.5388 -0.6792 -1.7442 3.6759 0.0171 0.7908 0.5096 0.3386
1341848008.5707 -0.6746 -1.7491 3.6822 0.0197 0.7914 0.5106 0.3355
1341848008.6067 -0.6703 -1.7517 3.6854 0.0218 0.7915 0.5131 0.3314
1341848008.6387 -0.6635 -1.7578 3.6859 0.0233 0.7918 0.5153 0.3271
1341848008.6746 -0.6587 -1.7619 3.6912 0.0245 0.7928 0.5157 0.3239
1341848008.7068 -0.6536 -1.7631 3.6909 0.0250 0.7937 0.5165 0.3206
1341848008.7387 -0.6479 -1.7704 3.6964 0.0242 0.7958 0.5159 0.3161
1341848008.7751 -0.6426 -1.7736 3.7002 0.0230 0.7966 0.5159 0.3142
1341848008.8069 -0.6373 -1.7765 3.7013 0.0222 0.7978 0.5158 0.3115
1341848008.8388 -0.6331 -1.7812 3.7075 0.0205 0.7995 0.5150 0.3086
1341848008.8746 -0.6276 -1.7854 3.7105 0.0202 0.7999 0.5164 0.3052
1341848008.9067 -0.6223 -1.7870 3.7127 0.0210 0.8004 0.5175 0.3018
1341848008.9431 -0.6188 -1.7873 3.7147 0.0199 0.8018 0.5175 0.2983
1341848008.9747 -0.6117 -1.7946 3.7190 0.0177 0.8031 0.5181 0.2937
1341848009.0068 -0.6050 -1.7995 3.7247 0.0183 0.8037 0.5189 0.2907
1341848009.0427 -0.6021 -1.7982 3.7314 0.0178 0.8043 0.5192 0.2885
1341848009.1108 -0.5900 -1.7999 3.7330 0.0163 0.8054 0.5211 0.2821
1341848009.1427 -0.5871 -1.7979 3.7362 0.0139 0.8077 0.5195 0.2785
1341848009.1747 -0.5806 -1.7994 3.7392 0.0127 0.8102 0.5193 0.2717
1341848009.2107 -0.5763 -1.8026 3.7476 0.0140 0.8118 0.5210 0.2634
1341848009.2429 -0.5709 -1.8028 3.7509 0.0162 0.8110 0.5257 0.2561
1341848009.2747 -0.5667 -1.7993 3.7512 0.0172 0.8111 0.5288 0.2494
1341848009.3109 -0.5621 -1.7991 3.7547 0.0153 0.8128 0.5297 0.2418
1341848009.3429 -0.5530 -1.8050 3.7586 0.0139 0.8130 0.5330 0.2339
1341848009.3787 -0.5481 -1.8037 3.7627 0.0150 0.8136 0.5341 0.2292
1341848009.4429 -0.5347 -1.8055 3.7684 0.0133 0.8138 0.5382 0.2189
1341848009.4790 -0.5298 -1.8048 3.7742 0.0133 0.8144 0.5386 0.2154
1341848009.5106 -0.5218 -1.8051 3.7751 0.0119 0.8136 0.5411 0.2126
1341848009.5428 -0.5151 -1.8043 3.7759 0.0115 0.8142 0.5407 0.2111
1341848009.5788 -0.5087 -1.8041 3.7826 0.0101 0.8153 0.5398 0.2092
1341848009.6110 -0.4997 -1.8043 3.7807 0.0088 0.8144 0.5415 0.2083
1341848009.6469 -0.4913 -1.8040 3.7815 0.0082 0.8155 0.5397 0.2088
1341848009.6787 -0.4844 -1.8015 3.7863 0.0063 0.8172 0.5368 0.2098
1341848009.7108 -0.4754 -1.8012 3.7881 0.0041 0.8178 0.5359 0.2098
1341848009.7468 -0.4638 -1.8024 3.7856 0.0037 0.8179 0.5357 0.2097
1341848009.7788 -0.4568 -1.7998 3.7913 0.0041 0.8197 0.5324 0.2112
1341848009.8107 -0.4495 -1.7977 3.7941 0.0044 0.8200 0.5321 0.2106
1341848009.8468 -0.4378 -1.7988 3.7928 0.0060 0.8188 0.5347 0.2089
1341848009.8787 -0.4326 -1.7937 3.7930 0.0078 0.8189 0.5337 0.2109
1341848009.9148 -0.4264 -1.7886 3.7926 0.0062 0.8187 0.5338 0.2116
1341848009.9470 -0.4155 -1.7896 3.7879 0.0050 0.8181 0.5351 0.2105
1341848009.9789 -0.4049 -1.7883 3.7858 0.0050 0.8184 0.5340 0.2120
1341848010.0148 -0.3999 -1.7822 3.7881 0.0061 0.8193 0.5322 0.2131
1341848010.0468 -0.3928 -1.7780 3.7830 0.0065 0.8185 0.5339 0.2120
1341848010.0826 -0.3844 -1.7743 3.7789 0.0062 0.8184 0.5344 0.2112
1341848010.1147 -0.3781 -1.7684 3.7772 0.0060 0.8187 0.5345 0.2097
1341848010.1468 -0.3694 -1.7650 3.7711 0.0056 0.8171 0.5379 0.2071
1341848010.1827 -0.3611 -1.7602 3.7596 0.0063 0.8159 0.5403 0.2058
1341848010.2147 -0.3554 -1.7539 3.7538 0.0066 0.8167 0.5396 0.2044
1341848010.2468 -0.3472 -1.7501 3.7463 0.0067 0.8166 0.5410 0.2013
1341848010.2827 -0.3403 -1.7455 3.7398 0.0080 0.8166 0.5417 0.1989
1341848010.3148 -0.3343 -1.7397 3.7300 0.0092 0.8158 0.5438 0.1966
1341848010.3511 -0.3279 -1.7355 3.7217 0.0090 0.8159 0.5443 0.1948
1341848010.3828 -0.3206 -1.7329 3.7165 0.0094 0.8162 0.5449 0.1916
1341848010.4147 -0.3169 -1.7273 3.7075 0.0108 0.8151 0.5472 0.1902
1341848010.4509 -0.3128 -1.7228 3.6975 0.0109 0.8146 0.5486 0.1880
1341848010.4831 -0.3083 -1.7188 3.6919 0.0111 0.8155 0.5484 0.1849
1341848010.5148 -0.3030 -1.7159 3.6892 0.0109 0.8156 0.5498 0.1803
1341848010.5506 -0.2980 -1.7128 3.6732 0.0113 0.8131 0.5540 0.1783
1341848010.5829 -0.2968 -1.7081 3.6710 0.0116 0.8152 0.5517 0.1760
1341848010.6187 -0.2930 -1.7045 3.6664 0.0097 0.8147 0.5536 0.1722
1341848010.6510 -0.2854 -1.7058 3.6544 0.0101 0.8136 0.5564 0.1682
1341848010.6826 -0.2865 -1.7006 3.6538 0.0113 0.8153 0.5542 0.1672
1341848010.7188 -0.2849 -1.6995 3.6480 0.0101 0.8148 0.5559 0.1642
1341848010.7509 -0.2821 -1.6988 3.6391 0.0096 0.8141 0.5578 0.1611
1341848010.7827 -0.2813 -1.6969 3.6302 0.0106 0.8146 0.5581 0.1578
1341848010.8188 -0.2787 -1.6968 3.6283 0.0113 0.8168 0.5561 0.1532
1341848010.8508 -0.2773 -1.6953 3.6227 0.0118 0.8169 0.5569 0.1496
1341848010.8867 -0.2735 -1.6954 3.6170 0.0130 0.8175 0.5571 0.1454
1341848010.9188 -0.2750 -1.6916 3.6154 0.0136 0.8188 0.5556 0.1435
1341848010.9508 -0.2721 -1.6896 3.6109 0.0126 0.8194 0.5559 0.1396
1341848010.9868 -0.2681 -1.6885 3.6091 0.0122 0.8203 0.5552 0.1363
1341848011.0187 -0.2656 -1.6868 3.6078 0.0125 0.8206 0.5553 0.1343
1341848011.0510 -0.2653 -1.6860 3.6013 0.0136 0.8197 0.5570 0.1324
1341848011.0867 -0.2625 -1.6856 3.5993 0.0138 0.8203 0.5569 0.1292
1341848011.1187 -0.2604 -1.6850 3.5979 0.0140 0.8206 0.5571 0.1266
1341848011.1546 -0.2581 -1.6848 3.5959 0.0153 0.8205 0.5578 0.1238
1341848011.1867 -0.2586 -1.6810 3.5976 0.0158 0.8213 0.5570 0.1226
1341848011.2191 -0.2597 -1.6805 3.5905 0.0141 0.8196 0.5598 0.1212
1341848011.2547 -0.2549 -1.6798 3.5872 0.0116 0.8205 0.5595 0.1169
1341848011.2866 -0.2525 -1.6790 3.5862 0.0109 0.8212 0.5591 0.1136
1341848011.3227 -0.2503 -1.6766 3.5822 0.0108 0.8215 0.5596 0.1091
1341848011.3547 -0.2457 -1.6768 3.5773 0.0115 0.8221 0.5596 0.1044
1341848011.3867 -0.2454 -1.6752 3.5808 0.0128 0.8239 0.5576 0.1007
1341848011.4227 -0.2423 -1.6732 3.5737 0.0132 0.8225 0.5603 0.0964
1341848011.4547 -0.2421 -1.6720 3.5706 0.0145 0.8235 0.5595 0.0927
1341848011.4868 -0.2406 -1.6702 3.5722 0.0138 0.8245 0.5589 0.0877
1341848011.5229 -0.2360 -1.6670 3.5701 0.0138 0.8241 0.5604 0.0820
1341848011.5547 -0.2336 -1.6646 3.5652 0.0148 0.8237 0.5614 0.0783
1341848011.5909 -0.2352 -1.6621 3.5658 0.0145 0.8245 0.5604 0.0767
1341848011.6227 -0.2319 -1.6590 3.5642 0.0131 0.8242 0.5616 0.0718
1341848011.6549 -0.2279 -1.6568 3.5607 0.0136 0.8239 0.5625 0.0679
1341848011.6908 -0.2299 -1.6533 3.5609 0.0145 0.8239 0.5627 0.0665
1341848011.7226 -0.2329 -1.6500 3.5568 0.0136 0.8228 0.5646 0.0640
1341848011.7548 -0.2292 -1.6466 3.5526 0.0111 0.8219 0.5664 0.0592
1341848011.7908 -0.2286 -1.6430 3.5495 0.0116 0.8214 0.5676 0.0554
1341848011.8227 -0.2288 -1.6389 3.5445 0.0129 0.8201 0.5698 0.0506
1341848011.8588 -0.2269 -1.6351 3.5385 0.0143 0.8194 0.5712 0.0457
1341848011.8907 -0.2279 -1.6310 3.5373 0.0156 0.8197 0.5709 0.0429
1341848011.9229 -0.2274 -1.6280 3.5311 0.0163 0.8182 0.5733 0.0398
1341848011.9588 -0.2295 -1.6245 3.5250 0.0179 0.8180 0.5736 0.0381
1341848011.9908 -0.2308 -1.6192 3.5253 0.0163 0.8190 0.5723 0.0369
1341848012.0227 -0.2295 -1.6148 3.5197 0.0140 0.8179 0.5742 0.0352
1341848012.0589 -0.2306 -1.6102 3.5140 0.0131 0.8170 0.5754 0.0345
1341848012.0908 -0.2320 -1.6046 3.5075 0.0114 0.8162 0.5766 0.0339
1341848012.1269 -0.2302 -1.5991 3.5002 0.0095 0.8157 0.5775 0.0324
1341848012.1910 -0.2270 -1.5868 3.4908 0.0091 0.8150 0.5785 0.0334
1341848012.2267 -0.2275 -1.5805 3.4835 0.0088 0.8134 0.5805 0.0352
1341848012.2587 -0.2263 -1.5740 3.4770 0.0072 0.8126 0.5816 0.0377
1341848012.2952 -0.2278 -1.5674 3.4717 0.0056 0.8116 0.5827 0.0412
1341848012.3269 -0.2284 -1.5612 3.4626 0.0023 0.8099 0.5849 0.0444
1341848012.3588 -0.2268 -1.5544 3.4565 -0.0018 0.8098 0.5848 0.0468
1341848012.3947 -0.2251 -1.5471 3.4532 -0.0048 0.8094 0.5852 0.0491
1341848012.4268 -0.2249 -1.5407 3.4426 -0.0072 0.8068 0.5885 0.0521
1341848012.4588 -0.2242 -1.5347 3.4329 -0.0093 0.8058 0.5896 0.0542
1341848012.4947 -0.2224 -1.5284 3.4285 -0.0121 0.8061 0.5890 0.0558
1341848012.5268 -0.2190 -1.5230 3.4206 -0.0148 0.8044 0.5912 0.0574
1341848012.5627 -0.2172 -1.5177 3.4097 -0.0161 0.8030 0.5926 0.0610
1341848012.5947 -0.2180 -1.5118 3.4075 -0.0189 0.8043 0.5902 0.0657
1341848012.6268 -0.2125 -1.5071 3.4009 -0.0238 0.8034 0.5911 0.0677
1341848012.6628 -0.2073 -1.5026 3.3964 -0.0255 0.8033 0.5909 0.0704
1341848012.6953 -0.2075 -1.4971 3.3928 -0.0263 0.8028 0.5907 0.0766
1341848012.7269 -0.2060 -1.4929 3.3874 -0.0301 0.8018 0.5912 0.0821
1341848012.7627 -0.1987 -1.4895 3.3828 -0.0341 0.8012 0.5913 0.0853
1341848012.7947 -0.1940 -1.4851 3.3818 -0.0353 0.8013 0.5902 0.0913
1341848012.8307 -0.1959 -1.4809 3.3755 -0.0369 0.7993 0.5911 0.1016
1341848012.8628 -0.1939 -1.4780 3.3675 -0.0413 0.7988 0.5902 0.1089
1341848012.8947 -0.1907 -1.4736 3.3704 -0.0461 0.8017 0.5848 0.1148
1341848012.9308 -0.1884 -1.4701 3.3671 -0.0487 0.8010 0.5842 0.1215
1341848012.9628 -0.1894 -1.4670 3.3633 -0.0514 0.8010 0.5824 0.1288
1341848012.9948 -0.1864 -1.4630 3.3654 -0.0560 0.8024 0.5790 0.1335
1341848013.0309 -0.1833 -1.4598 3.3645 -0.0580 0.8015 0.5787 0.1391
1341848013.0627 -0.1810 -1.4570 3.3604 -0.0592 0.8003 0.5787 0.1452
1341848013.0988 -0.1785 -1.4542 3.3608 -0.0608 0.8009 0.5761 0.1516
1341848013.1308 -0.1752 -1.4520 3.3633 -0.0616 0.8009 0.5744 0.1574
1341848013.1628 -0.1700 -1.4506 3.3628 -0.0608 0.7994 0.5750 0.1631
1341848013.1987 -0.1704 -1.4473 3.3634 -0.0572 0.7980 0.5749 0.1714
1341848013.2309 -0.1707 -1.4449 3.3637 -0.0559 0.7969 0.5745 0.1780
1341848013.2627 -0.1648 -1.4430 3.3677 -0.0564 0.7961 0.5742 0.1824
1341848013.2987 -0.1660 -1.4408 3.3660 -0.0536 0.7930 0.5759 0.1916
1341848013.3308 -0.1664 -1.4388 3.3659 -0.0552 0.7916 0.5750 0.1992
1341848013.3667 -0.1621 -1.4370 3.3701 -0.0593 0.7912 0.5731 0.2051
1341848013.3987 -0.1566 -1.4356 3.3774 -0.0611 0.7904 0.5721 0.2102
1341848013.4309 -0.1523 -1.4324 3.3818 -0.0605 0.7873 0.5737 0.2179
1341848013.4670 -0.1520 -1.4322 3.3759 -0.0601 0.7816 0.5774 0.2283
1341848013.4988 -0.1497 -1.4311 3.3760 -0.0633 0.7802 0.5757 0.2362
1341848013.5348 -0.1437 -1.4299 3.3811 -0.0681 0.7802 0.5723 0.2431
1341848013.5667 -0.1369 -1.4290 3.3842 -0.0709 0.7787 0.5706 0.2510
1341848013.5988 -0.1360 -1.4287 3.3879 -0.0702 0.7777 0.5680 0.2601
1341848013.6348 -0.1305 -1.4277 3.3886 -0.0713 0.7754 0.5680 0.2664
1341848013.6667 -0.1246 -1.4275 3.3863 -0.0719 0.7734 0.5665 0.2753
1341848013.6988 -0.1239 -1.4279 3.3881 -0.0717 0.7739 0.5613 0.2844
1341848013.7346 -0.1192 -1.4281 3.3897 -0.0737 0.7743 0.5569 0.2914
1341848013.7668 -0.1154 -1.4282 3.3940 -0.0739 0.7755 0.5520 0.2973
1341848013.8027 -0.1128 -1.4282 3.3982 -0.0728 0.7754 0.5490 0.3033
1341848013.8348 -0.1109 -1.4269 3.3983 -0.0726 0.7732 0.5481 0.3107
1341848013.8668 -0.1065 -1.4265 3.3965 -0.0736 0.7718 0.5465 0.3167
1341848013.9027 -0.1045 -1.4259 3.4014 -0.0746 0.7725 0.5419 0.3224
1341848013.9667 -0.0952 -1.4247 3.4050 -0.0762 0.7689 0.5402 0.3334
1341848014.0027 -0.0900 -1.4243 3.4067 -0.0767 0.7673 0.5391 0.3388
1341848014.0349 -0.0845 -1.4237 3.4091 -0.0772 0.7649 0.5378 0.3460
1341848014.0710 -0.0824 -1.4216 3.4077 -0.0781 0.7613 0.5364 0.3557
1341848014.1027 -0.0783 -1.4192 3.4089 -0.0823 0.7593 0.5339 0.3630
1341848014.1347 -0.0691 -1.4196 3.4130 -0.0867 0.7576 0.5321 0.3680
1341848014.1707 -0.0636 -1.4177 3.4158 -0.0881 0.7543 0.5312 0.3756
1341848014.2027 -0.0553 -1.4163 3.4145 -0.0910 0.7502 0.5313 0.3829
1341848014.2348 -0.0447 -1.4174 3.4175 -0.0931 0.7489 0.5282 0.3892
1341848014.2707 -0.0398 -1.4155 3.4229 -0.0939 0.7468 0.5245 0.3980
1341848014.3027 -0.0298 -1.4161 3.4243 -0.0941 0.7438 0.5244 0.4035
1341848014.3387 -0.0211 -1.4168 3.4279 -0.0939 0.7414 0.5223 0.4108
1341848014.3706 -0.0143 -1.4155 3.4319 -0.0944 0.7378 0.5191 0.4211
1341848014.4388 0.0026 -1.4157 3.4389 -0.0971 0.7328 0.5115 0.4381
1341848014.4708 0.0107 -1.4151 3.4411 -0.0980 0.7290 0.5071 0.4492
1341848014.5066 0.0166 -1.4160 3.4478 -0.0991 0.7274 0.5013 0.4581
1341848014.5387 0.0266 -1.4168 3.4470 -0.1004 0.7222 0.4986 0.4688
1341848014.5708 0.0320 -1.4176 3.4500 -0.0994 0.7216 0.4918 0.4770
1341848014.6069 0.0374 -1.4191 3.4594 -0.0987 0.7206 0.4865 0.4841
1341848014.6387 0.0457 -1.4214 3.4598 -0.0969 0.7161 0.4859 0.4916
1341848014.6708 0.0540 -1.4233 3.4622 -0.0951 0.7140 0.4826 0.4983
1341848014.7068 0.0607 -1.4240 3.4633 -0.0935 0.7118 0.4777 0.5063
1341848014.7387 0.0679 -1.4263 3.4662 -0.0925 0.7116 0.4730 0.5112
1341848014.7747 0.0755 -1.4311 3.4737 -0.0892 0.7110 0.4705 0.5150
1341848014.8067 0.0811 -1.4310 3.4747 -0.0835 0.7071 0.4700 0.5216
1341848014.8387 0.0877 -1.4323 3.4768 -0.0806 0.7045 0.4685 0.5269
1341848014.8747 0.0958 -1.4345 3.4802 -0.0790 0.7016 0.4660 0.5333
1341848014.9066 0.0995 -1.4333 3.4818 -0.0758 0.6984 0.4628 0.5407
1341848014.9387 0.1055 -1.4333 3.4853 -0.0740 0.6955 0.4631 0.5443
1341848014.9747 0.1110 -1.4332 3.4880 -0.0714 0.6911 0.4638 0.5497
1341848015.0067 0.1086 -1.4291 3.4857 -0.0695 0.6851 0.4634 0.5578
1341848015.0426 0.1108 -1.4239 3.4875 -0.0738 0.6801 0.4641 0.5626
1341848015.0749 0.1185 -1.4231 3.4886 -0.0823 0.6750 0.4640 0.5678
1341848015.1068 0.1243 -1.4210 3.4910 -0.0893 0.6714 0.4618 0.5727
1341848015.1427 0.1279 -1.4189 3.4935 -0.0933 0.6679 0.4614 0.5765
1341848015.1747 0.1364 -1.4177 3.4967 -0.0965 0.6637 0.4630 0.5795
1341848015.2072 0.1401 -1.4152 3.4959 -0.0968 0.6584 0.4627 0.5857
1341848015.2435 0.1451 -1.4128 3.4962 -0.0995 0.6543 0.4608 0.5913
1341848015.2748 0.1510 -1.4119 3.5003 -0.1009 0.6510 0.4590 0.5962
1341848015.3106 0.1545 -1.4108 3.5006 -0.0991 0.6451 0.4567 0.6045
1341848015.3429 0.1575 -1.4084 3.5003 -0.0977 0.6397 0.4545 0.6121
1341848015.3747 0.1615 -1.4074 3.5023 -0.0963 0.6340 0.4538 0.6187
1341848015.4107 0.1654 -1.4066 3.5015 -0.0941 0.6272 0.4526 0.6268
1341848015.4428 0.1672 -1.4047 3.5002 -0.0925 0.6206 0.4510 0.6347
1341848015.4750 0.1713 -1.4034 3.5002 -0.0927 0.6140 0.4479 0.6432
1341848015.5109 0.1746 -1.4032 3.5011 -0.0929 0.6089 0.4429 0.6515
1341848015.5428 0.1728 -1.4022 3.5004 -0.0894 0.6024 0.4408 0.6595
1341848015.5818 0.1779 -1.4017 3.5011 -0.0904 0.5940 0.4392 0.6679
1341848015.6178 0.1810 -1.4016 3.5016 -0.0916 0.5879 0.4326 0.6773
1341848015.6501 0.1808 -1.4011 3.5017 -0.0919 0.5818 0.4271 0.6860
1341848015.6858 0.1851 -1.4008 3.5042 -0.0935 0.5763 0.4233 0.6928
1341848015.7181 0.1880 -1.4012 3.5066 -0.0925 0.5724 0.4168 0.7001
1341848015.7498 0.1876 -1.4018 3.5064 -0.0892 0.5673 0.4127 0.7070
1341848015.7858 0.1909 -1.4031 3.5081 -0.0875 0.5619 0.4096 0.7133
1341848015.8179 0.1921 -1.4050 3.5072 -0.0862 0.5580 0.4036 0.7199
1341848015.8538 0.1913 -1.4063 3.5084 -0.0838 0.5546 0.3996 0.7250
1341848015.8857 0.1929 -1.4071 3.5066 -0.0830 0.5493 0.3945 0.7319
1341848015.9178 0.1941 -1.4082 3.5066 -0.0844 0.5468 0.3876 0.7374
1341848015.9540 0.1948 -1.4098 3.5096 -0.0835 0.5457 0.3794 0.7425
1341848015.9867 0.1925 -1.4121 3.5096 -0.0806 0.5436 0.3743 0.7470
1341848016.0217 0.1921 -1.4128 3.5100 -0.0775 0.5400 0.3716 0.7512
1341848016.0539 0.1936 -1.4135 3.5110 -0.0756 0.5376 0.3658 0.7559
1341848016.0857 0.1901 -1.4143 3.5095 -0.0726 0.5359 0.3605 0.7600
1341848016.1218 0.1879 -1.4142 3.5087 -0.0722 0.5331 0.3580 0.7632
1341848016.1538 0.1894 -1.4148 3.5088 -0.0745 0.5311 0.3553 0.7656
1341848016.1858 0.1867 -1.4148 3.5078 -0.0749 0.5300 0.3528 0.7675
1341848016.2217 0.1853 -1.4146 3.5084 -0.0757 0.5285 0.3527 0.7685
1341848016.2537 0.1882 -1.4167 3.5105 -0.0772 0.5280 0.3521 0.7690
1341848016.2900 0.1833 -1.4175 3.5071 -0.0770 0.5283 0.3504 0.7695
1341848016.3220 0.1822 -1.4172 3.5085 -0.0780 0.5305 0.3536 0.7664
1341848016.3537 0.1852 -1.4194 3.5117 -0.0759 0.5329 0.3574 0.7632
1341848016.3898 0.1789 -1.4207 3.5107 -0.0719 0.5344 0.3595 0.7616
1341848016.4217 0.1793 -1.4226 3.5136 -0.0699 0.5360 0.3648 0.7581
1341848016.4539 0.1787 -1.4244 3.5153 -0.0665 0.5380 0.3681 0.7555
1341848016.4901 0.1775 -1.4267 3.5177 -0.0633 0.5400 0.3684 0.7541
1341848016.5218 0.1748 -1.4288 3.5194 -0.0617 0.5427 0.3680 0.7525
1341848016.5542 0.1733 -1.4305 3.5227 -0.0576 0.5455 0.3691 0.7503
1341848016.5898 0.1695 -1.4333 3.5244 -0.0538 0.5457 0.3686 0.7506
1341848016.6219 0.1669 -1.4353 3.5268 -0.0513 0.5467 0.3712 0.7488
1341848016.6578 0.1661 -1.4384 3.5318 -0.0462 0.5471 0.3754 0.7467
1341848016.6899 0.1602 -1.4421 3.5331 -0.0431 0.5456 0.3761 0.7477
1341848016.7578 0.1610 -1.4488 3.5426 -0.0444 0.5477 0.3753 0.7465
1341848016.8188 0.1486 -1.4554 3.5505 -0.0417 0.5488 0.3744 0.7463
1341848016.8508 0.1466 -1.4597 3.5551 -0.0418 0.5484 0.3747 0.7464
1341848016.8828 0.1400 -1.4628 3.5589 -0.0414 0.5491 0.3744 0.7461
1341848016.9189 0.1361 -1.4663 3.5646 -0.0408 0.5489 0.3766 0.7452
1341848016.9507 0.1332 -1.4703 3.5693 -0.0415 0.5486 0.3769 0.7452
1341848016.9867 0.1268 -1.4736 3.5728 -0.0430 0.5498 0.3756 0.7448
1341848017.0187 0.1229 -1.4776 3.5792 -0.0438 0.5517 0.3768 0.7428
1341848017.0508 0.1172 -1.4812 3.5822 -0.0430 0.5524 0.3777 0.7418
1341848017.0868 0.1129 -1.4845 3.5857 -0.0441 0.5544 0.3789 0.7397
1341848017.1186 0.1084 -1.4888 3.5884 -0.0443 0.5574 0.3799 0.7369
1341848017.1507 0.1022 -1.4923 3.5911 -0.0429 0.5611 0.3819 0.7332
1341848017.1869 0.0975 -1.4963 3.5945 -0.0421 0.5646 0.3843 0.7293
1341848017.2188 0.0947 -1.5005 3.5971 -0.0411 0.5686 0.3856 0.7255
1341848017.2547 0.0860 -1.5052 3.5986 -0.0385 0.5733 0.3860 0.7218
1341848017.2866 0.0809 -1.5094 3.6027 -0.0356 0.5777 0.3886 0.7170
1341848017.3187 0.0814 -1.5152 3.6057 -0.0319 0.5813 0.3886 0.7142
1341848017.3547 0.0669 -1.5209 3.6049 -0.0259 0.5867 0.3850 0.7119
1341848017.3868 0.0586 -1.5239 3.6071 -0.0235 0.5913 0.3866 0.7074
1341848017.4188 0.0533 -1.5296 3.6096 -0.0184 0.5954 0.3896 0.7024
1341848017.4548 0.0409 -1.5325 3.6102 -0.0152 0.5978 0.3910 0.6996
1341848017.4867 0.0400 -1.5367 3.6126 -0.0153 0.6008 0.3932 0.6959
1341848017.5227 0.0329 -1.5400 3.6138 -0.0141 0.6041 0.3922 0.6936
1341848017.5548 0.0255 -1.5427 3.6147 -0.0128 0.6079 0.3918 0.6905
1341848017.5878 0.0219 -1.5449 3.6173 -0.0117 0.6109 0.3930 0.6872
1341848017.6227 0.0170 -1.5487 3.6172 -0.0094 0.6140 0.3927 0.6847
1341848017.6548 0.0108 -1.5503 3.6190 -0.0076 0.6172 0.3935 0.6813
1341848017.6868 0.0131 -1.5548 3.6202 -0.0058 0.6202 0.3935 0.6786
1341848017.7228 0.0011 -1.5575 3.6201 -0.0007 0.6239 0.3919 0.6762
1341848017.7548 0.0015 -1.5605 3.6236 0.0014 0.6261 0.3943 0.6727
1341848017.7907 -0.0014 -1.5646 3.6238 0.0055 0.6280 0.3934 0.6714
1341848017.8228 -0.0092 -1.5672 3.6246 0.0082 0.6309 0.3917 0.6697
1341848017.8547 -0.0131 -1.5703 3.6279 0.0093 0.6328 0.3920 0.6677
1341848017.8907 -0.0174 -1.5734 3.6294 0.0105 0.6339 0.3920 0.6666
1341848017.9228 -0.0239 -1.5749 3.6307 0.0107 0.6353 0.3921 0.6652
1341848017.9586 -0.0226 -1.5769 3.6336 0.0087 0.6370 0.3924 0.6635
1341848017.9907 -0.0309 -1.5798 3.6358 0.0102 0.6386 0.3920 0.6622
1341848018.0227 -0.0329 -1.5799 3.6381 0.0092 0.6392 0.3943 0.6602
1341848018.0588 -0.0317 -1.5819 3.6387 0.0076 0.6411 0.3952 0.6579
1341848018.0909 -0.0373 -1.5837 3.6416 0.0073 0.6442 0.3948 0.6550
1341848018.1227 -0.0392 -1.5861 3.6459 0.0071 0.6460 0.3981 0.6513
1341848018.1591 -0.0365 -1.5888 3.6481 0.0084 0.6470 0.4017 0.6480
1341848018.1908 -0.0411 -1.5906 3.6496 0.0089 0.6495 0.4019 0.6454
1341848018.2267 -0.0406 -1.5935 3.6540 0.0070 0.6523 0.4030 0.6419
1341848018.2588 -0.0424 -1.5980 3.6587 0.0088 0.6544 0.4054 0.6382
1341848018.2907 -0.0447 -1.6012 3.6635 0.0102 0.6556 0.4085 0.6350
1341848018.3339 -0.0435 -1.6037 3.6663 0.0086 0.6573 0.4104 0.6320
1341848018.3672 -0.0414 -1.6083 3.6719 0.0066 0.6615 0.4100 0.6279
1341848018.3977 -0.0460 -1.6132 3.6789 0.0074 0.6648 0.4100 0.6244
1341848018.4338 -0.0482 -1.6179 3.6866 0.0103 0.6660 0.4151 0.6197
1341848018.4657 -0.0474 -1.6218 3.6932 0.0136 0.6665 0.4210 0.6151
1341848018.5018 -0.0476 -1.6253 3.6986 0.0144 0.6685 0.4231 0.6114
1341848018.5345 -0.0502 -1.6304 3.7076 0.0150 0.6719 0.4243 0.6069
1341848018.5658 -0.0520 -1.6343 3.7159 0.0155 0.6738 0.4265 0.6031
1341848018.6017 -0.0512 -1.6388 3.7223 0.0152 0.6761 0.4277 0.5998
1341848018.6337 -0.0556 -1.6431 3.7309 0.0148 0.6799 0.4278 0.5954
1341848018.6698 -0.0562 -1.6500 3.7414 0.0143 0.6821 0.4302 0.5911
1341848018.7018 -0.0588 -1.6547 3.7494 0.0143 0.6832 0.4328 0.5880
1341848018.7339 -0.0564 -1.6609 3.7569 0.0122 0.6853 0.4341 0.5846
1341848018.7697 -0.0591 -1.6684 3.7660 0.0113 0.6877 0.4337 0.5821
1341848018.8022 -0.0585 -1.6749 3.7753 0.0110 0.6889 0.4347 0.5799
1341848018.8338 -0.0566 -1.6805 3.7810 0.0107 0.6902 0.4343 0.5787
1341848018.8698 -0.0583 -1.6885 3.7882 0.0115 0.6931 0.4322 0.5768
1341848018.9020 -0.0623 -1.6958 3.7975 0.0134 0.6949 0.4323 0.5745
1341848018.9338 -0.0602 -1.7025 3.8052 0.0163 0.6949 0.4353 0.5721
1341848018.9697 -0.0645 -1.7091 3.8093 0.0184 0.6953 0.4357 0.5714
1341848019.0023 -0.0659 -1.7147 3.8157 0.0167 0.6969 0.4360 0.5692
1341848019.0698 -0.0685 -1.7279 3.8264 0.0170 0.7002 0.4348 0.5660
1341848019.1308 -0.0700 -1.7387 3.8370 0.0147 0.7043 0.4355 0.5604
1341848019.1627 -0.0741 -1.7448 3.8441 0.0155 0.7063 0.4370 0.5567
1341848019.1986 -0.0763 -1.7494 3.8497 0.0148 0.7080 0.4393 0.5528
1341848019.2311 -0.0745 -1.7543 3.8553 0.0129 0.7107 0.4407 0.5482
1341848019.2627 -0.0777 -1.7615 3.8639 0.0122 0.7140 0.4403 0.5442
1341848019.2987 -0.0842 -1.7670 3.8732 0.0115 0.7164 0.4417 0.5399
1341848019.3307 -0.0804 -1.7721 3.8802 0.0095 0.7185 0.4442 0.5351
1341848019.3627 -0.0858 -1.7792 3.8891 0.0097 0.7218 0.4438 0.5310
1341848019.3987 -0.0904 -1.7854 3.9001 0.0079 0.7246 0.4449 0.5262
1341848019.4310 -0.0874 -1.7921 3.9090 0.0067 0.7269 0.4463 0.5219
1341848019.4670 -0.0929 -1.7980 3.9178 0.0063 0.7303 0.4446 0.5186
1341848019.4988 -0.0927 -1.8057 3.9292 0.0056 0.7339 0.4448 0.5133
1341848019.5308 -0.0965 -1.8154 3.9405 0.0092 0.7364 0.4457 0.5089
1341848019.5671 -0.1004 -1.8222 3.9534 0.0115 0.7381 0.4477 0.5047
1341848019.5987 -0.0980 -1.8281 3.9625 0.0119 0.7392 0.4488 0.5020
1341848019.6307 -0.1030 -1.8354 3.9746 0.0121 0.7419 0.4481 0.4987
1341848019.6669 -0.1037 -1.8433 3.9888 0.0121 0.7432 0.4499 0.4951
1341848019.6987 -0.1031 -1.8479 3.9978 0.0129 0.7429 0.4521 0.4934
1341848019.7348 -0.1045 -1.8522 4.0056 0.0119 0.7446 0.4524 0.4906
1341848019.7667 -0.1035 -1.8591 4.0151 0.0100 0.7471 0.4524 0.4869
1341848019.7987 -0.1052 -1.8662 4.0250 0.0108 0.7485 0.4534 0.4838
1341848019.8347 -0.1053 -1.8706 4.0309 0.0118 0.7497 0.4548 0.4805
1341848019.8988 -0.1062 -1.8820 4.0442 0.0135 0.7542 0.4563 0.4720
1341848019.9348 -0.1074 -1.8869 4.0524 0.0157 0.7558 0.4590 0.4667
1341848019.9667 -0.1049 -1.8888 4.0564 0.0174 0.7572 0.4619 0.4615
1341848020.0028 -0.1033 -1.8909 4.0603 0.0175 0.7598 0.4629 0.4562
1341848020.0347 -0.1040 -1.8961 4.0675 0.0166 0.7631 0.4630 0.4506
1341848020.0667 -0.1012 -1.9016 4.0749 0.0174 0.7649 0.4655 0.4450
1341848020.1028 -0.0999 -1.9049 4.0803 0.0192 0.7662 0.4671 0.4408
1341848020.1348 -0.0986 -1.9062 4.0849 0.0180 0.7687 0.4674 0.4363
1341848020.1708 -0.0951 -1.9118 4.0912 0.0157 0.7719 0.4669 0.4311
1341848020.2027 -0.0951 -1.9177 4.0988 0.0155 0.7742 0.4672 0.4266
1341848020.2349 -0.0921 -1.9202 4.1038 0.0150 0.7763 0.4685 0.4214
1341848020.2712 -0.0862 -1.9233 4.1071 0.0144 0.7790 0.4688 0.4162
1341848020.3028 -0.0848 -1.9297 4.1147 0.0148 0.7820 0.4685 0.4109
1341848020.3349 -0.0820 -1.9343 4.1208 0.0156 0.7843 0.4695 0.4053
1341848020.3708 -0.0749 -1.9364 4.1246 0.0166 0.7868 0.4704 0.3994
1341848020.4388 -0.0655 -1.9431 4.1356 0.0173 0.7929 0.4692 0.3884
1341848020.4712 -0.0584 -1.9463 4.1391 0.0174 0.7969 0.4675 0.3822
1341848020.5027 -0.0576 -1.9553 4.1481 0.0196 0.8007 0.4662 0.3757
1341848020.5387 -0.0541 -1.9611 4.1568 0.0222 0.8030 0.4678 0.3685
1341848020.5708 -0.0478 -1.9651 4.1624 0.0250 0.8047 0.4696 0.3624
1341848020.6028 -0.0465 -1.9711 4.1716 0.0267 0.8064 0.4710 0.3565
1341848020.6389 -0.0416 -1.9766 4.1801 0.0280 0.8068 0.4751 0.3501
1341848020.6708 -0.0317 -1.9763 4.1828 0.0295 0.8072 0.4776 0.3456
1341848020.7067 -0.0314 -1.9814 4.1903 0.0287 0.8090 0.4773 0.3420
1341848020.7390 -0.0251 -1.9870 4.1972 0.0266 0.8096 0.4800 0.3368
1341848020.7708 -0.0161 -1.9912 4.2015 0.0288 0.8094 0.4829 0.3331
1341848020.8072 -0.0142 -1.9942 4.2069 0.0302 0.8095 0.4843 0.3306
1341848020.8391 -0.0059 -1.9960 4.2099 0.0285 0.8101 0.4858 0.3270
1341848020.8710 0.0006 -2.0017 4.2130 0.0283 0.8110 0.4859 0.3246
1341848020.9066 0.0023 -2.0107 4.2214 0.0298 0.8117 0.4868 0.3214
1341848020.9388 0.0102 -2.0112 4.2236 0.0303 0.8118 0.4887 0.3182
1341848020.9749 0.0172 -2.0140 4.2248 0.0299 0.8133 0.4880 0.3156
1341848021.0066 0.0197 -2.0213 4.2324 0.0293 0.8149 0.4872 0.3126
1341848021.0396 0.0256 -2.0253 4.2374 0.0300 0.8153 0.4892 0.3084
1341848021.0748 0.0341 -2.0274 4.2401 0.0311 0.8158 0.4907 0.3045
1341848021.1067 0.0380 -2.0286 4.2438 0.0304 0.8170 0.4905 0.3016
1341848021.1428 0.0457 -2.0324 4.2490 0.0283 0.8186 0.4909 0.2967
1341848021.1750 0.0537 -2.0365 4.2535 0.0283 0.8197 0.4916 0.2926
1341848021.2067 0.0596 -2.0397 4.2606 0.0289 0.8209 0.4922 0.2882
1341848021.2427 0.0680 -2.0377 4.2598 0.0276 0.8225 0.4919 0.2841
1341848021.2749 0.0759 -2.0440 4.2676 0.0264 0.8255 0.4906 0.2777
1341848021.3073 0.0844 -2.0477 4.2719 0.0277 0.8274 0.4903 0.2724
1341848021.3434 0.0930 -2.0484 4.2734 0.0288 0.8301 0.4889 0.2665
1341848021.3848 0.1015 -2.0528 4.2770 0.0285 0.8343 0.4854 0.2598
1341848021.4143 0.1073 -2.0629 4.2862 0.0305 0.8378 0.4835 0.2517
1341848021.4557 0.1184 -2.0668 4.2893 0.0340 0.8401 0.4833 0.2437
1341848021.4879 0.1252 -2.0733 4.2951 0.0375 0.8431 0.4813 0.2367
1341848021.5147 0.1336 -2.0815 4.3028 0.0398 0.8452 0.4809 0.2298
1341848021.5508 0.1418 -2.0880 4.3104 0.0425 0.8463 0.4814 0.2241
1341848021.6178 0.1596 -2.0934 4.3204 0.0373 0.8492 0.4797 0.2175
1341848021.6788 0.1801 -2.1000 4.3300 0.0295 0.8522 0.4783 0.2098
1341848021.7107 0.1870 -2.1075 4.3387 0.0299 0.8530 0.4783 0.2065
1341848021.7428 0.1955 -2.1085 4.3421 0.0304 0.8530 0.4802 0.2024
1341848021.7787 0.2048 -2.1106 4.3442 0.0308 0.8535 0.4811 0.1979
1341848021.8109 0.2120 -2.1123 4.3501 0.0296 0.8540 0.4818 0.1939
1341848021.8446 0.2224 -2.1113 4.3494 0.0266 0.8544 0.4832 0.1892
1341848021.8789 0.2340 -2.1144 4.3518 0.0249 0.8555 0.4831 0.1846
1341848021.9106 0.2443 -2.1159 4.3536 0.0242 0.8564 0.4829 0.1813
1341848021.9467 0.2555 -2.1165 4.3528 0.0232 0.8575 0.4823 0.1778
1341848021.9787 0.2659 -2.1192 4.3544 0.0223 0.8593 0.4804 0.1742
1341848022.0108 0.2756 -2.1228 4.3572 0.0212 0.8607 0.4792 0.1709
1341848022.0467 0.2861 -2.1239 4.3575 0.0207 0.8618 0.4787 0.1666
1341848022.0787 0.2971 -2.1258 4.3588 0.0203 0.8629 0.4782 0.1623
1341848022.1110 0.3070 -2.1251 4.3576 0.0188 0.8639 0.4779 0.1578
1341848022.1467 0.3206 -2.1256 4.3556 0.0175 0.8651 0.4774 0.1528
1341848022.1790 0.3311 -2.1261 4.3544 0.0168 0.8666 0.4760 0.1486
1341848022.2148 0.3428 -2.1259 4.3519 0.0162 0.8680 0.4750 0.1438
1341848022.2468 0.3527 -2.1271 4.3472 0.0165 0.8699 0.4733 0.1379
1341848022.2788 0.3620 -2.1322 4.3505 0.0196 0.8715 0.4723 0.1309
1341848022.3148 0.3750 -2.1310 4.3454 0.0244 0.8716 0.4736 0.1238
1341848022.3541 0.3837 -2.1305 4.3392 0.0261 0.8731 0.4722 0.1184
1341848022.3872 0.3925 -2.1352 4.3408 0.0264 0.8749 0.4707 0.1113
1341848022.4178 0.4059 -2.1367 4.3335 0.0288 0.8753 0.4712 0.1048
1341848022.4542 0.4141 -2.1380 4.3289 0.0302 0.8771 0.4686 0.1008
1341848022.4856 0.4214 -2.1415 4.3280 0.0296 0.8788 0.4666 0.0955
1341848022.5217 0.4335 -2.1451 4.3240 0.0310 0.8794 0.4667 0.0894
1341848022.5542 0.4432 -2.1472 4.3190 0.0332 0.8802 0.4657 0.0855
1341848022.5861 0.4468 -2.1504 4.3171 0.0327 0.8812 0.4643 0.0821
1341848022.6218 0.4589 -2.1513 4.3110 0.0314 0.8819 0.4642 0.0754
1341848022.6542 0.4692 -2.1552 4.3053 0.0330 0.8832 0.4625 0.0707
1341848022.6903 0.4710 -2.1595 4.3086 0.0352 0.8838 0.4617 0.0663
1341848022.7217 0.4778 -2.1599 4.3040 0.0349 0.8828 0.4647 0.0588
1341848022.7830 0.4944 -2.1616 4.2999 0.0359 0.8829 0.4658 0.0478
1341848022.8148 0.5017 -2.1599 4.2961 0.0330 0.8810 0.4703 0.0396
1341848022.8508 0.5187 -2.1571 4.2875 0.0305 0.8804 0.4722 0.0319
1341848022.8827 0.5199 -2.1592 4.2925 0.0303 0.8799 0.4733 0.0274
1341848022.9188 0.5186 -2.1613 4.2950 0.0271 0.8756 0.4819 0.0190
1341848022.9508 0.5335 -2.1553 4.2673 0.0218 0.8730 0.4871 0.0101
1341848022.9827 0.5370 -2.1558 4.2762 0.0138 0.8776 0.4792 0.0046
1341848023.0188 0.5456 -2.1601 4.2790 0.0096 0.8756 0.4829 -0.0071
1341848023.0508 0.5629 -2.1570 4.2689 0.0121 0.8730 0.4871 -0.0193
1341848023.0827 0.5716 -2.1570 4.2646 0.0163 0.8730 0.4867 -0.0259
1341848023.1188 0.5751 -2.1592 4.2654 0.0178 0.8721 0.4879 -0.0333
1341848023.1510 0.5905 -2.1523 4.2552 0.0164 0.8709 0.4892 -0.0440
1341848023.1867 0.6013 -2.1544 4.2588 0.0174 0.8714 0.4876 -0.0519
1341848023.2187 0.6077 -2.1562 4.2626 0.0206 0.8686 0.4915 -0.0595
1341848023.2868 0.6314 -2.1450 4.2557 0.0187 0.8630 0.4996 -0.0734
1341848023.3188 0.6377 -2.1421 4.2532 0.0127 0.8607 0.5030 -0.0776
1341848023.3548 0.6501 -2.1377 4.2507 0.0078 0.8585 0.5057 -0.0850
1341848023.3869 0.6628 -2.1324 4.2471 0.0055 0.8569 0.5075 -0.0902
1341848023.4187 0.6694 -2.1308 4.2469 0.0060 0.8553 0.5095 -0.0943
1341848023.4547 0.6784 -2.1262 4.2431 0.0071 0.8528 0.5125 -0.1006
1341848023.4871 0.6882 -2.1197 4.2372 0.0081 0.8513 0.5138 -0.1057
1341848023.5187 0.6911 -2.1167 4.2330 0.0075 0.8504 0.5147 -0.1088
1341848023.5551 0.6984 -2.1125 4.2280 0.0046 0.8498 0.5145 -0.1145
1341848023.5868 0.7092 -2.1077 4.2215 0.0034 0.8497 0.5135 -0.1194
1341848023.6228 0.7145 -2.1067 4.2170 0.0051 0.8498 0.5124 -0.1232
1341848023.6872 0.7274 -2.1011 4.2054 0.0043 0.8494 0.5104 -0.1340
1341848023.7227 0.7355 -2.0975 4.1991 0.0059 0.8496 0.5087 -0.1395
1341848023.7547 0.7395 -2.0964 4.1959 0.0070 0.8492 0.5083 -0.1430
1341848023.7869 0.7434 -2.0905 4.1849 0.0054 0.8480 0.5090 -0.1475
1341848023.8228 0.7506 -2.0883 4.1801 0.0035 0.8482 0.5070 -0.1529
1341848023.8548 0.7559 -2.0834 4.1722 0.0034 0.8472 0.5074 -0.1572
1341848023.8907 0.7606 -2.0784 4.1629 0.0032 0.8464 0.5072 -0.1620
1341848023.9228 0.7650 -2.0734 4.1516 0.0019 0.8461 0.5063 -0.1665
1341848023.9548 0.7692 -2.0710 4.1429 0.0019 0.8462 0.5044 -0.1721
1341848023.9907 0.7748 -2.0700 4.1376 0.0051 0.8451 0.5037 -0.1792
1341848024.0227 0.7809 -2.0642 4.1274 0.0100 0.8429 0.5049 -0.1860
1341848024.0547 0.7856 -2.0588 4.1160 0.0130 0.8420 0.5046 -0.1903
1341848024.1228 0.7933 -2.0552 4.1030 0.0186 0.8401 0.5039 -0.1997
1341848024.1588 0.7980 -2.0483 4.0921 0.0214 0.8387 0.5043 -0.2044
1341848024.1909 0.7991 -2.0470 4.0853 0.0232 0.8390 0.5029 -0.2067
1341848024.2228 0.8004 -2.0466 4.0835 0.0236 0.8374 0.5037 -0.2109
1341848024.2588 0.8059 -2.0367 4.0704 0.0239 0.8346 0.5054 -0.2177
1341848024.2908 0.8097 -2.0337 4.0669 0.0255 0.8343 0.5045 -0.2209
1341848024.3227 0.8104 -2.0324 4.0607 0.0252 0.8316 0.5076 -0.2238
1341848024.3587 0.8139 -2.0257 4.0501 0.0227 0.8294 0.5093 -0.2285
1341848024.3909 0.8172 -2.0227 4.0437 0.0210 0.8286 0.5089 -0.2323
1341848024.4268 0.8219 -2.0185 4.0396 0.0206 0.8273 0.5091 -0.2367
1341848024.4588 0.8252 -2.0138 4.0315 0.0205 0.8254 0.5105 -0.2403
1341848024.4910 0.8281 -2.0115 4.0283 0.0203 0.8241 0.5108 -0.2440
1341848024.5268 0.8339 -2.0057 4.0228 0.0186 0.8218 0.5123 -0.2486
1341848024.5586 0.8396 -1.9989 4.0150 0.0176 0.8202 0.5134 -0.2519
1341848024.5947 0.8435 -1.9975 4.0125 0.0180 0.8191 0.5136 -0.2549
1341848024.6267 0.8485 -1.9922 4.0075 0.0165 0.8166 0.5155 -0.2591
1341848024.6587 0.8548 -1.9850 4.0000 0.0155 0.8147 0.5161 -0.2639
1341848024.6948 0.8610 -1.9827 3.9984 0.0166 0.8136 0.5157 -0.2679
1341848024.7271 0.8677 -1.9765 3.9933 0.0171 0.8109 0.5178 -0.2722
1341848024.7589 0.8738 -1.9692 3.9841 0.0168 0.8090 0.5184 -0.2764
1341848024.7947 0.8807 -1.9680 3.9825 0.0162 0.8087 0.5170 -0.2802
1341848024.8267 0.8897 -1.9617 3.9769 0.0156 0.8070 0.5171 -0.2850
1341848024.8628 0.8991 -1.9568 3.9707 0.0178 0.8064 0.5154 -0.2894
1341848024.8948 0.9079 -1.9557 3.9687 0.0207 0.8061 0.5139 -0.2928
1341848024.9268 0.9170 -1.9511 3.9632 0.0226 0.8049 0.5130 -0.2975
1341848024.9627 0.9271 -1.9488 3.9600 0.0248 0.8049 0.5110 -0.3008
1341848024.9947 0.9372 -1.9503 3.9605 0.0275 0.8038 0.5108 -0.3037
1341848025.0269 0.9456 -1.9442 3.9544 0.0292 0.8011 0.5124 -0.3079
1341848025.0626 0.9536 -1.9413 3.9508 0.0287 0.8006 0.5117 -0.3105
1341848025.1311 0.9731 -1.9335 3.9439 0.0262 0.7970 0.5125 -0.3185
1341848025.1631 0.9825 -1.9304 3.9404 0.0284 0.7966 0.5108 -0.3220
1341848025.1949 0.9910 -1.9303 3.9399 0.0300 0.7954 0.5109 -0.3247
1341848025.2306 0.9986 -1.9247 3.9333 0.0309 0.7931 0.5114 -0.3294
1341848025.2627 1.0076 -1.9212 3.9294 0.0321 0.7929 0.5097 -0.3324
1341848025.2947 1.0151 -1.9214 3.9279 0.0329 0.7923 0.5096 -0.3340
1341848025.3307 1.0213 -1.9184 3.9219 0.0319 0.7906 0.5105 -0.3365
1341848025.3630 1.0291 -1.9159 3.9180 0.0309 0.7904 0.5095 -0.3387
1341848025.3988 1.0368 -1.9145 3.9159 0.0323 0.7897 0.5091 -0.3409
1341848025.4307 1.0397 -1.9146 3.9107 0.0333 0.7877 0.5109 -0.3425
1341848025.4628 1.0453 -1.9126 3.9057 0.0308 0.7868 0.5107 -0.3451
1341848025.4987 1.0523 -1.9115 3.9032 0.0290 0.7862 0.5103 -0.3473
1341848025.5308 1.0582 -1.9081 3.8985 0.0293 0.7847 0.5107 -0.3500
1341848025.5668 1.0628 -1.9057 3.8943 0.0292 0.7836 0.5107 -0.3525
1341848025.5987 1.0687 -1.9031 3.8911 0.0277 0.7827 0.5107 -0.3548
1341848025.6307 1.0744 -1.9004 3.8875 0.0276 0.7815 0.5107 -0.3572
1341848025.6667 1.0787 -1.8976 3.8839 0.0286 0.7804 0.5108 -0.3596
1341848025.6988 1.0838 -1.8959 3.8820 0.0280 0.7789 0.5110 -0.3625
1341848025.7307 1.0878 -1.8908 3.8760 0.0263 0.7769 0.5123 -0.3651
1341848025.7667 1.0924 -1.8871 3.8711 0.0252 0.7764 0.5115 -0.3674
1341848025.7989 1.0979 -1.8863 3.8690 0.0260 0.7759 0.5103 -0.3701
1341848025.8348 1.1020 -1.8813 3.8631 0.0274 0.7744 0.5103 -0.3731
1341848025.8667 1.1067 -1.8786 3.8588 0.0293 0.7742 0.5086 -0.3756
1341848025.8987 1.1120 -1.8768 3.8563 0.0311 0.7735 0.5077 -0.3782
1341848025.9348 1.1155 -1.8725 3.8509 0.0326 0.7720 0.5077 -0.3811
1341848025.9671 1.1210 -1.8696 3.8476 0.0334 0.7715 0.5064 -0.3838
1341848025.9987 1.1265 -1.8658 3.8449 0.0347 0.7699 0.5064 -0.3867
1341848026.0346 1.1301 -1.8597 3.8376 0.0363 0.7680 0.5066 -0.3903
1341848026.0669 1.1354 -1.8571 3.8337 0.0373 0.7676 0.5047 -0.3933
1341848026.1028 1.1422 -1.8550 3.8316 0.0383 0.7660 0.5041 -0.3970
1341848026.1347 1.1470 -1.8486 3.8236 0.0415 0.7637 0.5041 -0.4011
1341848026.1667 1.1531 -1.8477 3.8210 0.0448 0.7634 0.5025 -0.4035
1341848026.2028 1.1593 -1.8438 3.8187 0.0463 0.7613 0.5027 -0.4069
1341848026.2349 1.1643 -1.8379 3.8116 0.0479 0.7586 0.5032 -0.4112
1341848026.2670 1.1705 -1.8389 3.8097 0.0516 0.7573 0.5028 -0.4135
1341848026.3029 1.1754 -1.8312 3.8055 0.0550 0.7545 0.5037 -0.4171
1341848026.3348 1.1784 -1.8269 3.7999 0.0556 0.7529 0.5036 -0.4201
1341848026.3710 1.1851 -1.8243 3.7965 0.0554 0.7522 0.5023 -0.4228
1341848026.4027 1.1900 -1.8205 3.7925 0.0572 0.7510 0.5015 -0.4256
1341848026.4347 1.1939 -1.8170 3.7875 0.0593 0.7502 0.4999 -0.4286
1341848026.4708 1.1984 -1.8144 3.7849 0.0602 0.7503 0.4977 -0.4308
1341848026.5027 1.2025 -1.8110 3.7809 0.0602 0.7494 0.4965 -0.4340
1341848026.5347 1.2074 -1.8084 3.7758 0.0597 0.7486 0.4951 -0.4369
1341848026.5708 1.2123 -1.8065 3.7709 0.0584 0.7486 0.4941 -0.4382
1341848026.6027 1.2183 -1.8043 3.7681 0.0562 0.7486 0.4935 -0.4393
1341848026.6420 1.2235 -1.8011 3.7630 0.0560 0.7475 0.4932 -0.4415
1341848026.7028 1.2340 -1.7978 3.7534 0.0552 0.7473 0.4920 -0.4432
1341848026.7388 1.2422 -1.7944 3.7498 0.0539 0.7472 0.4913 -0.4443
1341848026.7708 1.2490 -1.7940 3.7459 0.0544 0.7464 0.4922 -0.4445
1341848026.8067 1.2570 -1.7906 3.7413 0.0546 0.7456 0.4931 -0.4450
1341848026.8387 1.2641 -1.7876 3.7373 0.0541 0.7452 0.4943 -0.4443
1341848026.8780 1.2727 -1.7850 3.7339 0.0529 0.7446 0.4952 -0.4445
1341848026.9389 1.2918 -1.7780 3.7244 0.0513 0.7437 0.4968 -0.4443
1341848026.9707 1.3031 -1.7759 3.7217 0.0509 0.7438 0.4973 -0.4436
1341848027.0068 1.3117 -1.7725 3.7185 0.0505 0.7434 0.4982 -0.4435
1341848027.0387 1.3229 -1.7697 3.7139 0.0509 0.7430 0.4973 -0.4449
1341848027.0748 1.3351 -1.7699 3.7133 0.0516 0.7431 0.4971 -0.4449
1341848027.1067 1.3428 -1.7673 3.7090 0.0528 0.7415 0.4977 -0.4468
1341848027.1387 1.3530 -1.7666 3.7044 0.0530 0.7419 0.4954 -0.4487
1341848027.1748 1.3656 -1.7659 3.7035 0.0517 0.7427 0.4937 -0.4494
1341848027.2072 1.3757 -1.7646 3.7014 0.0520 0.7423 0.4925 -0.4514
1341848027.2387 1.3868 -1.7638 3.6978 0.0523 0.7416 0.4911 -0.4541
1341848027.2747 1.3979 -1.7632 3.6960 0.0521 0.7418 0.4899 -0.4550
1341848027.3067 1.4087 -1.7625 3.6936 0.0521 0.7416 0.4886 -0.4567
1341848027.3428 1.4194 -1.7617 3.6901 0.0527 0.7417 0.4871 -0.4582
1341848027.3749 1.4297 -1.7614 3.6870 0.0534 0.7430 0.4848 -0.4584
1341848027.4068 1.4410 -1.7611 3.6851 0.0529 0.7445 0.4828 -0.4581
1341848027.4430 1.4508 -1.7597 3.6807 0.0527 0.7460 0.4809 -0.4576
1341848027.4748 1.4618 -1.7595 3.6785 0.0516 0.7487 0.4784 -0.4560
1341848027.5067 1.4730 -1.7588 3.6752 0.0508 0.7508 0.4768 -0.4543
1341848027.5433 1.4823 -1.7575 3.6717 0.0507 0.7531 0.4753 -0.4522
1341848027.5747 1.4918 -1.7570 3.6692 0.0497 0.7553 0.4739 -0.4499
1341848027.6107 1.5010 -1.7559 3.6665 0.0486 0.7566 0.4733 -0.4484
1341848027.6427 1.5091 -1.7548 3.6627 0.0485 0.7578 0.4728 -0.4470
1341848027.6747 1.5172 -1.7536 3.6609 0.0479 0.7590 0.4727 -0.4452
1341848027.7110 1.5239 -1.7514 3.6567 0.0482 0.7588 0.4732 -0.4449
1341848027.7428 1.5305 -1.7490 3.6511 0.0481 0.7591 0.4737 -0.4439
1341848027.7788 1.5363 -1.7464 3.6468 0.0470 0.7604 0.4738 -0.4417
1341848027.8107 1.5445 -1.7441 3.6429 0.0457 0.7612 0.4739 -0.4404
1341848027.8428 1.5516 -1.7411 3.6380 0.0452 0.7612 0.4753 -0.4389
1341848027.8787 1.5557 -1.7367 3.6321 0.0447 0.7617 0.4767 -0.4366
1341848027.9111 1.5623 -1.7343 3.6273 0.0432 0.7626 0.4774 -0.4344
1341848027.9427 1.5677 -1.7307 3.6228 0.0417 0.7625 0.4792 -0.4326
1341848027.9788 1.5714 -1.7266 3.6137 0.0402 0.7631 0.4803 -0.4306
1341848028.0110 1.5768 -1.7244 3.6109 0.0386 0.7651 0.4793 -0.4282
1341848028.0467 1.5818 -1.7214 3.6049 0.0376 0.7655 0.4795 -0.4274
1341848028.0790 1.5865 -1.7181 3.5966 0.0379 0.7666 0.4784 -0.4266
1341848028.1110 1.5918 -1.7159 3.5926 0.0389 0.7686 0.4767 -0.4250
1341848028.1506 1.5930 -1.7132 3.5868 0.0400 0.7690 0.4759 -0.4249
1341848028.1860 1.5966 -1.7104 3.5766 0.0398 0.7698 0.4743 -0.4254
1341848028.2542 1.6057 -1.7041 3.5660 0.0406 0.7705 0.4719 -0.4266
1341848028.3149 1.6114 -1.6988 3.5537 0.0412 0.7715 0.4690 -0.4279
1341848028.3790 1.6190 -1.6911 3.5379 0.0420 0.7708 0.4669 -0.4314
1341848028.4146 1.6228 -1.6881 3.5301 0.0425 0.7711 0.4654 -0.4326
1341848028.4476 1.6267 -1.6847 3.5223 0.0420 0.7706 0.4643 -0.4344
1341848028.4828 1.6327 -1.6804 3.5148 0.0424 0.7709 0.4623 -0.4361
1341848028.5147 1.6396 -1.6762 3.5094 0.0452 0.7709 0.4609 -0.4373
1341848028.5466 1.6437 -1.6739 3.4972 0.0466 0.7696 0.4625 -0.4378
1341848028.5827 1.6502 -1.6706 3.4904 0.0457 0.7701 0.4617 -0.4380
1341848028.6146 1.6585 -1.6656 3.4836 0.0458 0.7698 0.4619 -0.4382
1341848028.6538 1.6631 -1.6620 3.4733 0.0468 0.7692 0.4631 -0.4379
1341848028.7218 1.6754 -1.6545 3.4591 0.0475 0.7695 0.4623 -0.4380
1341848028.7829 1.6855 -1.6464 3.4411 0.0491 0.7695 0.4615 -0.4387
1341848028.8148 1.6908 -1.6429 3.4336 0.0485 0.7696 0.4616 -0.4385
1341848028.8508 1.6962 -1.6386 3.4261 0.0485 0.7701 0.4609 -0.4384
1341848028.8827 1.7029 -1.6351 3.4217 0.0496 0.7708 0.4603 -0.4377
1341848028.9148 1.7084 -1.6317 3.4150 0.0516 0.7701 0.4614 -0.4375
1341848028.9509 1.7133 -1.6282 3.4068 0.0528 0.7692 0.4628 -0.4375
1341848028.9827 1.7173 -1.6247 3.3973 0.0528 0.7683 0.4644 -0.4373
1341848029.0187 1.7216 -1.6212 3.3890 0.0509 0.7679 0.4654 -0.4371
1341848029.0829 1.7313 -1.6145 3.3773 0.0479 0.7676 0.4651 -0.4383
1341848029.1188 1.7361 -1.6112 3.3721 0.0486 0.7672 0.4652 -0.4389
1341848029.1507 1.7400 -1.6075 3.3662 0.0482 0.7660 0.4666 -0.4395
1341848029.1827 1.7443 -1.6035 3.3609 0.0471 0.7646 0.4680 -0.4406
1341848029.2187 1.7490 -1.5998 3.3551 0.0464 0.7635 0.4692 -0.4413
1341848029.2506 1.7537 -1.5963 3.3491 0.0447 0.7626 0.4704 -0.4416
1341848029.2870 1.7588 -1.5929 3.3444 0.0421 0.7617 0.4711 -0.4429
1341848029.3202 1.7652 -1.5896 3.3399 0.0406 0.7601 0.4715 -0.4453
1341848029.3510 1.7700 -1.5857 3.3326 0.0418 0.7594 0.4709 -0.4471
1341848029.3869 1.7770 -1.5832 3.3287 0.0415 0.7594 0.4698 -0.4483
1341848029.4188 1.7832 -1.5802 3.3233 0.0407 0.7576 0.4701 -0.4509
1341848029.4508 1.7898 -1.5774 3.3177 0.0408 0.7570 0.4688 -0.4534
1341848029.4868 1.7970 -1.5751 3.3133 0.0403 0.7564 0.4680 -0.4552
1341848029.5189 1.8044 -1.5725 3.3087 0.0389 0.7553 0.4670 -0.4582
1341848029.5547 1.8125 -1.5700 3.3026 0.0393 0.7545 0.4649 -0.4615
1341848029.5870 1.8225 -1.5683 3.2993 0.0404 0.7547 0.4624 -0.4636
1341848029.6187 1.8315 -1.5664 3.2953 0.0415 0.7533 0.4612 -0.4671
1341848029.6553 1.8385 -1.5634 3.2883 0.0423 0.7514 0.4602 -0.4710
1341848029.6868 1.8483 -1.5614 3.2850 0.0424 0.7511 0.4581 -0.4735
1341848029.7188 1.8580 -1.5598 3.2825 0.0424 0.7491 0.4577 -0.4770
1341848029.7548 1.8648 -1.5566 3.2756 0.0431 0.7468 0.4576 -0.4807
1341848029.7869 1.8749 -1.5552 3.2726 0.0433 0.7464 0.4556 -0.4832
1341848029.8228 1.8840 -1.5532 3.2693 0.0437 0.7445 0.4555 -0.4861
1341848029.8548 1.8917 -1.5502 3.2646 0.0440 0.7426 0.4550 -0.4895
1341848029.8880 1.9008 -1.5483 3.2610 0.0451 0.7412 0.4537 -0.4926
1341848029.9228 1.9094 -1.5458 3.2586 0.0460 0.7398 0.4532 -0.4952
1341848029.9546 1.9159 -1.5421 3.2545 0.0466 0.7375 0.4533 -0.4984
1341848029.9908 1.9244 -1.5398 3.2510 0.0465 0.7362 0.4524 -0.5013
1341848030.0229 1.9331 -1.5373 3.2485 0.0469 0.7345 0.4523 -0.5037
1341848030.0548 1.9394 -1.5334 3.2443 0.0470 0.7328 0.4525 -0.5060
1341848030.0908 1.9456 -1.5303 3.2403 0.0468 0.7314 0.4520 -0.5086
1341848030.1228 1.9533 -1.5280 3.2375 0.0460 0.7300 0.4517 -0.5108
1341848030.1549 1.9591 -1.5247 3.2333 0.0462 0.7280 0.4518 -0.5136
1341848030.1907 1.9647 -1.5217 3.2300 0.0459 0.7265 0.4515 -0.5160
1341848030.2227 1.9691 -1.5191 3.2260 0.0454 0.7241 0.4517 -0.5191
1341848030.2589 1.9746 -1.5166 3.2223 0.0443 0.7218 0.4517 -0.5225
1341848030.2909 1.9797 -1.5133 3.2180 0.0446 0.7193 0.4519 -0.5258
1341848030.3228 1.9845 -1.5104 3.2143 0.0444 0.7174 0.4520 -0.5282
1341848030.3589 1.9892 -1.5064 3.2102 0.0442 0.7141 0.4530 -0.5319
1341848030.3908 1.9921 -1.5028 3.2044 0.0439 0.7117 0.4530 -0.5352
1341848030.4228 1.9982 -1.4996 3.2020 0.0436 0.7097 0.4529 -0.5378
1341848030.4589 2.0008 -1.4951 3.1958 0.0441 0.7074 0.4528 -0.5410
1341848030.4908 2.0066 -1.4918 3.1927 0.0435 0.7061 0.4528 -0.5427
1341848030.5267 2.0092 -1.4861 3.1871 0.0433 0.7039 0.4531 -0.5453
1341848030.5658 2.0127 -1.4815 3.1821 0.0432 0.7023 0.4519 -0.5484
1341848030.6270 2.0217 -1.4742 3.1724 0.0444 0.6985 0.4497 -0.5549
1341848030.6589 2.0246 -1.4695 3.1652 0.0461 0.6971 0.4475 -0.5582
1341848030.6907 2.0295 -1.4659 3.1593 0.0471 0.6966 0.4451 -0.5608
1341848030.7268 2.0339 -1.4617 3.1537 0.0475 0.6952 0.4434 -0.5637
1341848030.7588 2.0364 -1.4576 3.1463 0.0480 0.6934 0.4412 -0.5677
1341848030.7947 2.0421 -1.4545 3.1406 0.0472 0.6922 0.4386 -0.5712
1341848030.8275 2.0468 -1.4503 3.1335 0.0471 0.6909 0.4360 -0.5748
1341848030.8598 2.0541 -1.4482 3.1273 0.0488 0.6898 0.4324 -0.5787
1341848030.8947 2.0604 -1.4452 3.1206 0.0531 0.6878 0.4290 -0.5831
1341848030.9267 2.0633 -1.4411 3.1111 0.0568 0.6865 0.4259 -0.5866
1341848030.9587 2.0672 -1.4378 3.1022 0.0565 0.6859 0.4227 -0.5897
1341848030.9947 2.0740 -1.4364 3.0953 0.0562 0.6842 0.4195 -0.5939
1341848031.0267 2.0812 -1.4323 3.0863 0.0576 0.6835 0.4163 -0.5968
1341848031.0628 2.0868 -1.4298 3.0786 0.0610 0.6839 0.4124 -0.5987
1341848031.0948 2.0938 -1.4268 3.0713 0.0632 0.6828 0.4097 -0.6017
1341848031.1268 2.0986 -1.4232 3.0616 0.0646 0.6822 0.4081 -0.6032
1341848031.1629 2.1055 -1.4198 3.0538 0.0663 0.6830 0.4059 -0.6036
1341848031.1947 2.1110 -1.4168 3.0472 0.0677 0.6827 0.4048 -0.6046
1341848031.2310 2.1154 -1.4129 3.0391 0.0688 0.6816 0.4046 -0.6058
1341848031.2627 2.1217 -1.4098 3.0319 0.0699 0.6815 0.4035 -0.6065
1341848031.2947 2.1274 -1.4071 3.0259 0.0729 0.6804 0.4038 -0.6072
1341848031.3308 2.1282 -1.4032 3.0183 0.0745 0.6793 0.4041 -0.6080
1341848031.3630 2.1313 -1.4014 3.0114 0.0737 0.6789 0.4034 -0.6090
1341848031.3948 2.1355 -1.3997 3.0062 0.0722 0.6781 0.4032 -0.6102
1341848031.4306 2.1389 -1.3979 3.0001 0.0714 0.6769 0.4027 -0.6120
1341848031.4722 2.1427 -1.3967 2.9950 0.0702 0.6763 0.4016 -0.6135
1341848031.5021 2.1471 -1.3946 2.9908 0.0682 0.6747 0.4023 -0.6151
1341848031.5629 2.1557 -1.3927 2.9818 0.0662 0.6716 0.4005 -0.6199
1341848031.5987 2.1592 -1.3908 2.9787 0.0663 0.6692 0.4001 -0.6227
1341848031.6308 2.1625 -1.3899 2.9735 0.0659 0.6675 0.3992 -0.6251
1341848031.6628 2.1678 -1.3885 2.9702 0.0648 0.6664 0.3981 -0.6271
1341848031.6988 2.1725 -1.3864 2.9664 0.0638 0.6644 0.3971 -0.6299
1341848031.7307 2.1749 -1.3851 2.9609 0.0624 0.6632 0.3955 -0.6323
1341848031.7667 2.1828 -1.3846 2.9579 0.0600 0.6626 0.3931 -0.6347
1341848031.7987 2.1898 -1.3827 2.9544 0.0596 0.6602 0.3916 -0.6381
1341848031.8308 2.1937 -1.3809 2.9505 0.0608 0.6582 0.3885 -0.6420
1341848031.8667 2.1999 -1.3809 2.9468 0.0605 0.6562 0.3861 -0.6454
1341848031.8987 2.2047 -1.3794 2.9424 0.0586 0.6540 0.3849 -0.6486
1341848031.9308 2.2123 -1.3797 2.9376 0.0589 0.6526 0.3817 -0.6519
1341848031.9667 2.2196 -1.3778 2.9337 -0.0595 -0.6511 -0.3801 0.6542
1341848031.9987 2.2229 -1.3755 2.9290 -0.0582 -0.6488 -0.3795 0.6570
1341848032.0347 2.2310 -1.3749 2.9238 -0.0559 -0.6475 -0.3782 0.6593
1341848032.0667 2.2402 -1.3725 2.9200 -0.0556 -0.6460 -0.3769 0.6614
1341848032.0987 2.2459 -1.3697 2.9134 -0.0563 -0.6448 -0.3759 0.6632
1341848032.1347 2.2532 -1.3675 2.9093 -0.0555 -0.6448 -0.3754 0.6635
1341848032.1670 2.2604 -1.3643 2.9052 -0.0550 -0.6433 -0.3752 0.6651
1341848032.2030 2.2657 -1.3614 2.8989 -0.0554 -0.6426 -0.3745 0.6662
1341848032.2347 2.2739 -1.3588 2.8955 -0.0555 -0.6426 -0.3736 0.6666
1341848032.2667 2.2802 -1.3551 2.8920 -0.0554 -0.6407 -0.3742 0.6681
1341848032.3028 2.2828 -1.3533 2.8855 -0.0550 -0.6398 -0.3742 0.6690
1341848032.3346 2.2922 -1.3514 2.8838 -0.0543 -0.6398 -0.3729 0.6698
1341848032.3667 2.2951 -1.3472 2.8802 -0.0542 -0.6376 -0.3735 0.6715
1341848032.4030 2.2983 -1.3464 2.8751 -0.0532 -0.6368 -0.3720 0.6732
1341848032.4347 2.3066 -1.3450 2.8715 -0.0523 -0.6362 -0.3702 0.6749
1341848032.4708 2.3118 -1.3432 2.8670 -0.0517 -0.6356 -0.3695 0.6758
1341848032.5030 2.3169 -1.3413 2.8620 -0.0516 -0.6355 -0.3683 0.6766
1341848032.5347 2.3231 -1.3393 2.8583 -0.0514 -0.6353 -0.3665 0.6778
1341848032.5709 2.3273 -1.3370 2.8526 -0.0511 -0.6345 -0.3658 0.6790
1341848032.6030 2.3318 -1.3355 2.8447 -0.0500 -0.6354 -0.3644 0.6790
1341848032.6347 2.3362 -1.3339 2.8400 -0.0485 -0.6366 -0.3624 0.6790
1341848032.6708 2.3421 -1.3326 2.8341 -0.0463 -0.6367 -0.3611 0.6797
1341848032.7028 2.3472 -1.3310 2.8263 -0.0446 -0.6372 -0.3601 0.6799
1341848032.7387 2.3553 -1.3294 2.8208 -0.0448 -0.6381 -0.3581 0.6802
1341848032.7707 2.3607 -1.3256 2.8153 -0.0450 -0.6377 -0.3584 0.6804
1341848032.8029 2.3612 -1.3235 2.8064 -0.0449 -0.6375 -0.3587 0.6804
1341848032.8388 2.3691 -1.3212 2.8005 -0.0442 -0.6391 -0.3575 0.6795
1341848032.8707 2.3726 -1.3168 2.7952 -0.0452 -0.6389 -0.3574 0.6797
1341848032.9027 2.3735 -1.3134 2.7876 -0.0463 -0.6385 -0.3564 0.6805
1341848032.9388 2.3795 -1.3097 2.7818 -0.0460 -0.6381 -0.3559 0.6812
1341848032.9708 2.3799 -1.3045 2.7757 -0.0456 -0.6367 -0.3571 0.6819
1341848033.0067 2.3800 -1.3013 2.7685 -0.0455 -0.6355 -0.3566 0.6834
1341848033.0392 2.3817 -1.2980 2.7619 -0.0455 -0.6349 -0.3552 0.6846
1341848033.0708 2.3813 -1.2940 2.7563 -0.0442 -0.6341 -0.3545 0.6858
1341848033.1069 2.3819 -1.2907 2.7492 -0.0425 -0.6325 -0.3531 0.6881
1341848033.1391 2.3845 -1.2883 2.7414 -0.0424 -0.6317 -0.3503 0.6903
1341848033.1707 2.3897 -1.2847 2.7362 -0.0445 -0.6306 -0.3479 0.6923
1341848033.2069 2.3889 -1.2801 2.7297 -0.0471 -0.6285 -0.3466 0.6947
1341848033.2387 2.3886 -1.2766 2.7229 -0.0472 -0.6265 -0.3454 0.6971
1341848033.2749 2.3940 -1.2737 2.7168 -0.0464 -0.6249 -0.3451 0.6988
1341848033.3067 2.3934 -1.2701 2.7108 -0.0474 -0.6224 -0.3450 0.7009
1341848033.3388 2.3953 -1.2676 2.7039 -0.0484 -0.6205 -0.3435 0.7033
1341848033.3748 2.3987 -1.2630 2.6982 -0.0484 -0.6185 -0.3440 0.7049
1341848033.4068 2.3954 -1.2600 2.6909 -0.0485 -0.6167 -0.3447 0.7061
1341848033.4431 2.3985 -1.2567 2.6843 -0.0482 -0.6162 -0.3430 0.7073
1341848033.4747 2.4012 -1.2527 2.6786 -0.0485 -0.6149 -0.3424 0.7088
1341848033.5068 2.4008 -1.2491 2.6723 -0.0488 -0.6135 -0.3421 0.7100
1341848033.5429 2.4015 -1.2465 2.6659 -0.0490 -0.6133 -0.3408 0.7109
1341848033.5748 2.4050 -1.2431 2.6613 -0.0494 -0.6123 -0.3392 0.7125
1341848033.6069 2.4049 -1.2408 2.6554 -0.0511 -0.6101 -0.3379 0.7149
1341848033.6429 2.4054 -1.2390 2.6489 -0.0522 -0.6097 -0.3365 0.7158
1341848033.6749 2.4077 -1.2368 2.6445 -0.0524 -0.6090 -0.3357 0.7167
1341848033.7108 2.4087 -1.2345 2.6384 -0.0535 -0.6074 -0.3350 0.7184
1341848033.7428 2.4073 -1.2338 2.6312 -0.0546 -0.6073 -0.3332 0.7191
1341848033.7748 2.4112 -1.2311 2.6267 -0.0532 -0.6076 -0.3321 0.7195
1341848033.8111 2.4127 -1.2284 2.6220 -0.0530 -0.6055 -0.3315 0.7216
1341848033.8428 2.4139 -1.2277 2.6163 -0.0543 -0.6043 -0.3298 0.7233
1341848033.8749 2.4174 -1.2253 2.6118 -0.0549 -0.6037 -0.3286 0.7243
1341848033.9112 2.4161 -1.2223 2.6089 -0.0549 -0.6012 -0.3275 0.7268
1341848033.9428 2.4160 -1.2207 2.6048 -0.0524 -0.5980 -0.3257 0.7304
1341848033.9789 2.4176 -1.2200 2.6002 -0.0488 -0.5956 -0.3235 0.7337
1341848034.0108 2.4209 -1.2191 2.5968 -0.0453 -0.5926 -0.3209 0.7374
1341848034.0427 2.4259 -1.2197 2.5928 -0.0431 -0.5884 -0.3178 0.7423
1341848034.0788 2.4284 -1.2197 2.5881 -0.0439 -0.5855 -0.3141 0.7460
1341848034.1108 2.4290 -1.2184 2.5849 -0.0438 -0.5843 -0.3098 0.7488
1341848034.1427 2.4325 -1.2182 2.5834 -0.0412 -0.5799 -0.3057 0.7540
1341848034.1788 2.4377 -1.2180 2.5782 -0.0385 -0.5760 -0.3034 0.7580
1341848034.2107 2.4434 -1.2180 2.5740 -0.0381 -0.5746 -0.3003 0.7604
1341848034.2467 2.4494 -1.2166 2.5710 -0.0396 -0.5716 -0.2968 0.7640
1341848034.2787 2.4507 -1.2161 2.5662 -0.0397 -0.5686 -0.2943 0.7671
1341848034.3181 2.4566 -1.2159 2.5616 -0.0382 -0.5672 -0.2916 0.7693
1341848034.3538 2.4632 -1.2140 2.5566 -0.0386 -0.5648 -0.2884 0.7722
1341848034.3862 2.4680 -1.2129 2.5503 -0.0399 -0.5633 -0.2856 0.7743
1341848034.4218 2.4739 -1.2105 2.5457 -0.0400 -0.5624 -0.2838 0.7756
1341848034.4538 2.4794 -1.2076 2.5398 -0.0402 -0.5604 -0.2829 0.7774
1341848034.4857 2.4842 -1.2049 2.5321 -0.0399 -0.5594 -0.2820 0.7784
1341848034.5217 2.4899 -1.2015 2.5257 -0.0386 -0.5596 -0.2822 0.7783
1341848034.5537 2.4970 -1.1966 2.5189 -0.0377 -0.5585 -0.2824 0.7790
1341848034.5858 2.5035 -1.1920 2.5109 -0.0384 -0.5582 -0.2827 0.7791
1341848034.6538 2.5149 -1.1815 2.4987 -0.0410 -0.5568 -0.2846 0.7793
1341848034.7152 2.5247 -1.1727 2.4843 -0.0425 -0.5546 -0.2852 0.7806
1341848034.7467 2.5310 -1.1668 2.4787 -0.0437 -0.5547 -0.2855 0.7803
1341848034.7828 2.5340 -1.1609 2.4737 -0.0453 -0.5535 -0.2857 0.7810
1341848034.8147 2.5379 -1.1568 2.4669 -0.0456 -0.5527 -0.2855 0.7817
1341848034.8469 2.5432 -1.1515 2.4622 -0.0451 -0.5528 -0.2870 0.7810
1341848034.8827 2.5456 -1.1475 2.4579 -0.0464 -0.5513 -0.2871 0.7820
1341848034.9148 2.5490 -1.1438 2.4534 -0.0468 -0.5500 -0.2874 0.7828
1341848034.9515 2.5508 -1.1395 2.4496 -0.0465 -0.5483 -0.2883 0.7836
1341848034.9830 2.5531 -1.1357 2.4455 -0.0466 -0.5463 -0.2884 0.7850
1341848035.0149 2.5552 -1.1318 2.4412 -0.0476 -0.5444 -0.2883 0.7863
1341848035.0509 2.5558 -1.1274 2.4371 -0.0486 -0.5432 -0.2881 0.7872
1341848035.0843 2.5567 -1.1242 2.4326 -0.0482 -0.5423 -0.2881 0.7878
1341848035.1189 2.5614 -1.1198 2.4280 -0.0479 -0.5406 -0.2888 0.7887
1341848035.2189 2.5632 -1.1071 2.4134 -0.0494 -0.5376 -0.2894 0.7905
1341848035.2843 2.5616 -1.1005 2.4010 -0.0497 -0.5367 -0.2887 0.7913
1341848035.3199 2.5634 -1.0973 2.3959 -0.0498 -0.5363 -0.2866 0.7923
1341848035.3510 2.5631 -1.0947 2.3886 -0.0501 -0.5360 -0.2852 0.7930
1341848035.4227 2.5657 -1.0885 2.3753 -0.0510 -0.5357 -0.2806 0.7948
1341848035.4868 2.5650 -1.0824 2.3602 -0.0516 -0.5354 -0.2762 0.7965
1341848035.5186 2.5669 -1.0781 2.3529 -0.0533 -0.5349 -0.2741 0.7974
1341848035.5509 2.5622 -1.0741 2.3466 -0.0556 -0.5341 -0.2706 0.7990
1341848035.5867 2.5624 -1.0702 2.3396 -0.0547 -0.5341 -0.2674 0.8001
1341848035.6188 2.5655 -1.0663 2.3322 -0.0542 -0.5325 -0.2656 0.8019
1341848035.6547 2.5641 -1.0620 2.3248 -0.0561 -0.5300 -0.2627 0.8043
1341848035.6867 2.5661 -1.0586 2.3174 -0.0584 -0.5284 -0.2596 0.8062
1341848035.7188 2.5660 -1.0538 2.3121 -0.0607 -0.5248 -0.2582 0.8088
1341848035.7560 2.5608 -1.0493 2.3057 -0.0621 -0.5222 -0.2564 0.8110
1341848035.7867 2.5625 -1.0462 2.2995 -0.0617 -0.5208 -0.2554 0.8123
1341848035.8188 2.5602 -1.0416 2.2945 -0.0623 -0.5173 -0.2546 0.8147
1341848035.8547 2.5575 -1.0400 2.2865 -0.0631 -0.5151 -0.2522 0.8168
1341848035.8867 2.5591 -1.0376 2.2786 -0.0642 -0.5146 -0.2493 0.8179
1341848035.9228 2.5569 -1.0341 2.2723 -0.0656 -0.5136 -0.2469 0.8191
1341848035.9546 2.5557 -1.0315 2.2643 -0.0664 -0.5136 -0.2440 0.8199
1341848035.9867 2.5593 -1.0285 2.2560 -0.0680 -0.5142 -0.2411 0.8203
1341848036.0228 2.5601 -1.0245 2.2498 -0.0712 -0.5138 -0.2391 0.8208
1341848036.0549 2.5553 -1.0203 2.2443 -0.0733 -0.5129 -0.2377 0.8216
1341848036.0870 2.5565 -1.0176 2.2375 -0.0732 -0.5119 -0.2369 0.8225
1341848036.1227 2.5578 -1.0137 2.2307 -0.0731 -0.5098 -0.2384 0.8233
1341848036.1548 2.5524 -1.0096 2.2246 -0.0743 -0.5076 -0.2385 0.8245
1341848036.1908 2.5510 -1.0072 2.2184 -0.0742 -0.5066 -0.2377 0.8254
1341848036.2233 2.5511 -1.0036 2.2113 -0.0735 -0.5050 -0.2382 0.8263
1341848036.2547 2.5473 -0.9996 2.2063 -0.0719 -0.5040 -0.2393 0.8268
1341848036.2908 2.5475 -0.9960 2.2009 -0.0693 -0.5017 -0.2400 0.8282
1341848036.3549 2.5443 -0.9889 2.1861 -0.0686 -0.4976 -0.2406 0.8305
1341848036.3908 2.5431 -0.9861 2.1808 -0.0691 -0.4972 -0.2393 0.8311
1341848036.4588 2.5406 -0.9771 2.1666 -0.0672 -0.4930 -0.2388 0.8339
1341848036.4912 2.5415 -0.9730 2.1580 -0.0658 -0.4931 -0.2387 0.8340
1341848036.5227 2.5383 -0.9684 2.1515 -0.0650 -0.4924 -0.2383 0.8346
1341848036.5589 2.5375 -0.9640 2.1437 -0.0634 -0.4915 -0.2370 0.8356
1341848036.5907 2.5363 -0.9599 2.1363 -0.0622 -0.4902 -0.2354 0.8369
1341848036.6268 2.5344 -0.9555 2.1272 -0.0623 -0.4881 -0.2321 0.8390
1341848036.6587 2.5325 -0.9513 2.1184 -0.0613 -0.4875 -0.2289 0.8404
1341848036.6912 2.5320 -0.9474 2.1086 -0.0587 -0.4866 -0.2265 0.8417
1341848036.7268 2.5342 -0.9440 2.0974 -0.0575 -0.4852 -0.2235 0.8434
1341848036.7589 2.5323 -0.9388 2.0870 -0.0573 -0.4838 -0.2201 0.8451
1341848036.7907 2.5326 -0.9350 2.0772 -0.0551 -0.4829 -0.2174 0.8465
1341848036.8270 2.5362 -0.9305 2.0658 -0.0534 -0.4805 -0.2161 0.8483
1341848036.8586 2.5357 -0.9261 2.0548 -0.0542 -0.4778 -0.2133 0.8504
1341848036.9268 2.5342 -0.9175 2.0344 -0.0545 -0.4745 -0.2076 0.8537
1341848036.9587 2.5346 -0.9125 2.0235 -0.0513 -0.4731 -0.2064 0.8549
1341848036.9948 2.5371 -0.9077 2.0116 -0.0501 -0.4711 -0.2041 0.8566
1341848037.0268 2.5351 -0.9026 2.0006 -0.0481 -0.4702 -0.2033 0.8575
1341848037.0610 2.5331 -0.8978 1.9919 -0.0446 -0.4702 -0.2026 0.8578
1341848037.0947 2.5358 -0.8931 1.9795 -0.0416 -0.4696 -0.2001 0.8589
1341848037.1267 2.5359 -0.8873 1.9684 -0.0402 -0.4698 -0.1981 0.8593
1341848037.1628 2.5311 -0.8858 1.9580 -0.0373 -0.4706 -0.1960 0.8595
1341848037.1947 2.5318 -0.8805 1.9456 -0.0292 -0.4748 -0.1940 0.8579
1341848037.2270 2.5359 -0.8737 1.9338 -0.0258 -0.4767 -0.1907 0.8577
1341848037.2637 2.5326 -0.8708 1.9193 -0.0238 -0.4787 -0.1880 0.8573
1341848037.2952 2.5351 -0.8651 1.9108 -0.0180 -0.4831 -0.1877 0.8550
1341848037.3269 2.5375 -0.8592 1.9023 -0.0170 -0.4831 -0.1877 0.8550
1341848037.3627 2.5318 -0.8565 1.8913 -0.0168 -0.4827 -0.1875 0.8553
1341848037.3951 2.5304 -0.8518 1.8824 -0.0130 -0.4839 -0.1885 0.8545
1341848037.4309 2.5297 -0.8470 1.8734 -0.0104 -0.4835 -0.1895 0.8545
1341848037.4628 2.5276 -0.8424 1.8612 -0.0094 -0.4829 -0.1897 0.8548
1341848037.5307 2.5239 -0.8320 1.8458 -0.0071 -0.4835 -0.1908 0.8542
1341848037.5630 2.5191 -0.8278 1.8360 -0.0068 -0.4816 -0.1928 0.8549
1341848037.5958 2.5162 -0.8233 1.8273 -0.0058 -0.4815 -0.1931 0.8549
1341848037.6308 2.5139 -0.8170 1.8213 -0.0054 -0.4800 -0.1941 0.8555
1341848037.6627 2.5081 -0.8133 1.8140 -0.0049 -0.4769 -0.1956 0.8569
1341848037.6987 2.5030 -0.8093 1.8060 -0.0034 -0.4750 -0.1964 0.8577
1341848037.7310 2.4999 -0.8045 1.7994 -0.0028 -0.4729 -0.1956 0.8591
1341848037.7698 2.4963 -0.7995 1.7910 -0.0034 -0.4702 -0.1948 0.8608
1341848037.8378 2.4864 -0.7903 1.7777 -0.0019 -0.4671 -0.1917 0.8632
1341848037.8989 2.4768 -0.7777 1.7653 -0.0090 -0.4610 -0.1881 0.8672
1341848037.9309 2.4729 -0.7726 1.7591 -0.0111 -0.4568 -0.1872 0.8696
1341848037.9669 2.4690 -0.7660 1.7502 -0.0137 -0.4526 -0.1871 0.8718
1341848037.9986 2.4620 -0.7614 1.7431 -0.0162 -0.4498 -0.1867 0.8733
1341848038.0309 2.4586 -0.7561 1.7374 -0.0173 -0.4471 -0.1865 0.8746
1341848038.0668 2.4548 -0.7493 1.7320 -0.0196 -0.4428 -0.1867 0.8767
1341848038.0987 2.4487 -0.7443 1.7249 -0.0226 -0.4387 -0.1859 0.8789
1341848038.1347 2.4428 -0.7402 1.7183 -0.0240 -0.4360 -0.1859 0.8802
1341848038.1667 2.4390 -0.7352 1.7139 -0.0242 -0.4331 -0.1871 0.8814
1341848038.1987 2.4338 -0.7310 1.7067 -0.0260 -0.4296 -0.1862 0.8832
1341848038.2347 2.4265 -0.7270 1.7007 -0.0270 -0.4282 -0.1846 0.8842
1341848038.2741 2.4236 -0.7226 1.6947 -0.0259 -0.4264 -0.1844 0.8852
1341848038.3065 2.4197 -0.7183 1.6872 -0.0259 -0.4240 -0.1851 0.8862
1341848038.3419 2.4119 -0.7152 1.6828 -0.0261 -0.4222 -0.1844 0.8871
1341848038.3741 2.4097 -0.7115 1.6755 -0.0241 -0.4199 -0.1849 0.8882
1341848038.4098 2.4033 -0.7080 1.6663 -0.0227 -0.4173 -0.1866 0.8891
1341848038.4418 2.3999 -0.7053 1.6591 -0.0225 -0.4170 -0.1846 0.8897
1341848038.4739 2.3974 -0.7018 1.6527 -0.0228 -0.4156 -0.1838 0.8905
1341848038.5102 2.3888 -0.6995 1.6472 -0.0220 -0.4136 -0.1842 0.8913
1341848038.5669 2.3839 -0.6934 1.6307 -0.0153 -0.4122 -0.1818 0.8927
1341848038.6030 2.3787 -0.6884 1.6206 -0.0136 -0.4109 -0.1824 0.8931
1341848038.6347 2.3767 -0.6847 1.6108 -0.0123 -0.4116 -0.1816 0.8930
1341848038.6707 2.3773 -0.6791 1.6005 -0.0118 -0.4109 -0.1818 0.8933
1341848038.7029 2.3693 -0.6751 1.5951 -0.0118 -0.4105 -0.1825 0.8934
1341848038.7348 2.3670 -0.6718 1.5881 -0.0092 -0.4108 -0.1825 0.8932
1341848038.7707 2.3682 -0.6654 1.5768 -0.0077 -0.4091 -0.1823 0.8941
1341848038.8028 2.3647 -0.6592 1.5655 -0.0092 -0.4086 -0.1811 0.8945
1341848038.8388 2.3611 -0.6556 1.5615 -0.0093 -0.4092 -0.1788 0.8947
1341848038.8711 2.3636 -0.6501 1.5512 -0.0073 -0.4066 -0.1781 0.8960
1341848038.9028 2.3620 -0.6427 1.5386 -0.0085 -0.4033 -0.1767 0.8978
1341848038.9388 2.3593 -0.6386 1.5314 -0.0102 -0.4031 -0.1730 0.8986
1341848038.9708 2.3632 -0.6317 1.5228 -0.0105 -0.4005 -0.1713 0.9001
1341848039.0026 2.3613 -0.6250 1.5152 -0.0117 -0.3959 -0.1718 0.9020
1341848039.0389 2.3573 -0.6220 1.5082 -0.0114 -0.3937 -0.1691 0.9035
1341848039.0708 2.3620 -0.6145 1.4961 -0.0107 -0.3915 -0.1669 0.9049
1341848039.1068 2.3589 -0.6104 1.4886 -0.0120 -0.3898 -0.1658 0.9058
1341848039.1387 2.3588 -0.6068 1.4822 -0.0117 -0.3892 -0.1632 0.9065
1341848039.1707 2.3621 -0.5997 1.4704 -0.0120 -0.3864 -0.1619 0.9079
1341848039.2068 2.3579 -0.5967 1.4638 -0.0128 -0.3847 -0.1613 0.9087
1341848039.2389 2.3584 -0.5922 1.4550 -0.0109 -0.3842 -0.1594 0.9093
1341848039.2710 2.3627 -0.5850 1.4444 -0.0102 -0.3823 -0.1589 0.9102
1341848039.3067 2.3593 -0.5823 1.4385 -0.0118 -0.3810 -0.1579 0.9109
1341848039.3389 2.3598 -0.5789 1.4312 -0.0117 -0.3806 -0.1560 0.9114
1341848039.3748 2.3615 -0.5739 1.4237 -0.0113 -0.3793 -0.1566 0.9119
1341848039.4069 2.3594 -0.5703 1.4189 -0.0116 -0.3773 -0.1570 0.9126
1341848039.4389 2.3584 -0.5649 1.4105 -0.0117 -0.3757 -0.1569 0.9133
1341848039.4749 2.3571 -0.5607 1.4049 -0.0124 -0.3739 -0.1577 0.9139
1341848039.5071 2.3526 -0.5584 1.4030 -0.0126 -0.3719 -0.1584 0.9146
1341848039.5387 2.3496 -0.5558 1.3959 -0.0114 -0.3698 -0.1587 0.9154
1341848039.5749 2.3467 -0.5494 1.3854 -0.0106 -0.3685 -0.1590 0.9159
1341848039.6067 2.3434 -0.5467 1.3824 -0.0105 -0.3685 -0.1590 0.9159
1341848039.6427 2.3399 -0.5436 1.3777 -0.0091 -0.3659 -0.1599 0.9168
1341848039.6748 2.3348 -0.5385 1.3674 -0.0068 -0.3639 -0.1608 0.9174
1341848039.7072 2.3333 -0.5329 1.3605 -0.0065 -0.3642 -0.1601 0.9174
1341848039.7429 2.3293 -0.5292 1.3578 -0.0065 -0.3627 -0.1608 0.9179
1341848039.7753 2.3226 -0.5259 1.3531 -0.0049 -0.3600 -0.1619 0.9188
1341848039.8069 2.3179 -0.5209 1.3460 -0.0025 -0.3588 -0.1621 0.9192
1341848039.8433 2.3156 -0.5159 1.3401 -0.0019 -0.3570 -0.1620 0.9200
1341848039.8818 2.3069 -0.5129 1.3368 -0.0016 -0.3548 -0.1612 0.9209
1341848039.9434 2.2998 -0.5021 1.3202 -0.0007 -0.3515 -0.1569 0.9229
1341848039.9748 2.2902 -0.4980 1.3167 -0.0029 -0.3503 -0.1548 0.9238
1341848040.0107 2.2842 -0.4953 1.3121 -0.0025 -0.3500 -0.1523 0.9243
1341848040.0428 2.2816 -0.4875 1.3023 -0.0029 -0.3476 -0.1509 0.9254
1341848040.0787 2.2740 -0.4827 1.2968 -0.0060 -0.3451 -0.1487 0.9267
1341848040.1108 2.2682 -0.4777 1.2940 -0.0085 -0.3427 -0.1470 0.9278
1341848040.1427 2.2631 -0.4750 1.2889 -0.0101 -0.3388 -0.1465 0.9293
1341848040.1788 2.2564 -0.4680 1.2773 -0.0113 -0.3350 -0.1466 0.9307
1341848040.2110 2.2516 -0.4633 1.2737 -0.0147 -0.3330 -0.1448 0.9316
1341848040.2427 2.2441 -0.4602 1.2675 -0.0178 -0.3292 -0.1434 0.9332
1341848040.2789 2.2335 -0.4596 1.2650 -0.0189 -0.3256 -0.1429 0.9345
1341848040.3107 2.2295 -0.4563 1.2570 -0.0179 -0.3239 -0.1399 0.9355
1341848040.3469 2.2270 -0.4516 1.2469 -0.0203 -0.3216 -0.1366 0.9367
1341848040.3788 2.2173 -0.4515 1.2480 -0.0230 -0.3199 -0.1343 0.9376
1341848040.4109 2.2109 -0.4519 1.2435 -0.0217 -0.3185 -0.1307 0.9386
1341848040.4467 2.2078 -0.4478 1.2325 -0.0207 -0.3169 -0.1273 0.9397
1341848040.4787 2.2012 -0.4471 1.2275 -0.0216 -0.3161 -0.1240 0.9404
1341848040.5178 2.1953 -0.4471 1.2231 -0.0202 -0.3154 -0.1225 0.9408
1341848040.5789 2.1873 -0.4412 1.2035 -0.0182 -0.3126 -0.1212 0.9419
1341848040.6149 2.1804 -0.4415 1.2004 -0.0191 -0.3115 -0.1197 0.9425
1341848040.6468 2.1773 -0.4410 1.1966 -0.0176 -0.3097 -0.1196 0.9431
1341848040.6790 2.1714 -0.4419 1.1958 -0.0167 -0.3057 -0.1186 0.9446
1341848040.7147 2.1684 -0.4436 1.1933 -0.0134 -0.3001 -0.1165 0.9467
1341848040.7468 2.1617 -0.4425 1.1883 -0.0088 -0.2925 -0.1154 0.9492
1341848040.7788 2.1600 -0.4398 1.1809 -0.0048 -0.2875 -0.1142 0.9509
1341848040.8147 2.1566 -0.4373 1.1749 -0.0038 -0.2805 -0.1125 0.9532
1341848040.8469 2.1480 -0.4355 1.1700 -0.0025 -0.2755 -0.1111 0.9549
1341848040.8828 2.1446 -0.4336 1.1668 0.0000 -0.2712 -0.1097 0.9563
1341848040.9147 2.1396 -0.4288 1.1584 0.0007 -0.2653 -0.1071 0.9582
1341848040.9469 2.1322 -0.4280 1.1577 0.0003 -0.2621 -0.1039 0.9594
1341848040.9845 2.1320 -0.4238 1.1509 0.0010 -0.2573 -0.1009 0.9611
1341848041.0226 2.1232 -0.4170 1.1444 -0.0009 -0.2525 -0.0970 0.9627
1341848041.0589 2.1172 -0.4166 1.1459 -0.0029 -0.2515 -0.0915 0.9635
1341848041.0943 2.1209 -0.4114 1.1385 -0.0039 -0.2472 -0.0878 0.9650
1341848041.1222 2.1152 -0.4045 1.1351 -0.0073 -0.2419 -0.0849 0.9665
1341848041.1900 2.1063 -0.3983 1.1285 -0.0140 -0.2356 -0.0742 0.9689
1341848041.2507 2.0953 -0.3905 1.1229 -0.0179 -0.2304 -0.0696 0.9704
1341848041.2831 2.0920 -0.3851 1.1181 -0.0212 -0.2274 -0.0684 0.9712
1341848041.3193 2.0783 -0.3846 1.1223 -0.0235 -0.2249 -0.0667 0.9718
1341848041.3555 2.0762 -0.3820 1.1163 -0.0225 -0.2223 -0.0655 0.9725
1341848041.3849 2.0692 -0.3771 1.1153 -0.0226 -0.2185 -0.0666 0.9733
1341848041.4188 2.0592 -0.3764 1.1175 -0.0231 -0.2142 -0.0639 0.9744
1341848041.4508 2.0595 -0.3707 1.1082 -0.0237 -0.2111 -0.0615 0.9753
1341848041.4828 2.0512 -0.3680 1.1093 -0.0269 -0.2078 -0.0625 0.9758
1341848041.5188 2.0401 -0.3693 1.1152 -0.0291 -0.2032 -0.0609 0.9768
1341848041.5507 2.0353 -0.3680 1.1108 -0.0288 -0.1978 -0.0610 0.9779
1341848041.5868 2.0243 -0.3640 1.1108 -0.0286 -0.1932 -0.0620 0.9788
1341848041.6187 2.0144 -0.3632 1.1119 -0.0284 -0.1897 -0.0609 0.9795
1341848041.6510 2.0059 -0.3592 1.1071 -0.0278 -0.1864 -0.0601 0.9802
1341848041.6868 1.9917 -0.3587 1.1108 -0.0274 -0.1842 -0.0588 0.9807
1341848041.7188 1.9844 -0.3560 1.1068 -0.0262 -0.1817 -0.0562 0.9814
1341848041.7508 1.9712 -0.3544 1.1066 -0.0265 -0.1794 -0.0527 0.9820
1341848041.7867 1.9599 -0.3539 1.1053 -0.0259 -0.1781 -0.0493 0.9824
1341848041.8187 1.9486 -0.3522 1.1014 -0.0250 -0.1775 -0.0454 0.9828
1341848041.8547 1.9416 -0.3510 1.0991 -0.0250 -0.1780 -0.0427 0.9828
1341848041.8867 1.9285 -0.3525 1.1030 -0.0262 -0.1763 -0.0398 0.9832
1341848041.9187 1.9140 -0.3559 1.1050 -0.0247 -0.1748 -0.0365 0.9836
1341848041.9950 1.8984 -0.3525 1.0933 -0.0250 -0.1713 -0.0300 0.9844
1341848042.0189 1.8829 -0.3594 1.1030 -0.0270 -0.1699 -0.0254 0.9848
1341848042.0546 1.8797 -0.3607 1.0978 -0.0247 -0.1689 -0.0241 0.9850
1341848042.0895 1.8720 -0.3576 1.0962 -0.0259 -0.1666 -0.0224 0.9854
1341848042.1229 1.8553 -0.3633 1.1019 -0.0283 -0.1643 -0.0183 0.9858
1341848042.1548 1.8509 -0.3648 1.0988 -0.0270 -0.1628 -0.0176 0.9861
1341848042.1867 1.8408 -0.3643 1.0998 -0.0269 -0.1591 -0.0186 0.9867
1341848042.2229 1.8280 -0.3650 1.1012 -0.0278 -0.1554 -0.0158 0.9873
1341848042.2548 1.8228 -0.3658 1.0998 -0.0276 -0.1533 -0.0159 0.9877
1341848042.2907 1.8126 -0.3651 1.1000 -0.0279 -0.1480 -0.0184 0.9884
1341848042.3228 1.7983 -0.3636 1.1030 -0.0279 -0.1436 -0.0167 0.9891
1341848042.3550 1.7930 -0.3590 1.0985 -0.0287 -0.1418 -0.0128 0.9894
1341848042.3907 1.7827 -0.3599 1.1016 -0.0317 -0.1390 -0.0119 0.9897
1341848042.4297 1.7693 -0.3609 1.1059 -0.0328 -0.1344 -0.0097 0.9903
1341848042.4909 1.7577 -0.3524 1.1004 -0.0343 -0.1275 -0.0041 0.9912
1341848042.5227 1.7418 -0.3550 1.1087 -0.0372 -0.1224 -0.0015 0.9918
1341848042.5587 1.7366 -0.3544 1.1062 -0.0363 -0.1181 0.0016 0.9923
1341848042.5908 1.7288 -0.3491 1.1040 -0.0368 -0.1137 0.0041 0.9928
1341848042.6227 1.7117 -0.3509 1.1114 -0.0378 -0.1086 0.0086 0.9933
1341848042.6587 1.7071 -0.3488 1.1060 -0.0347 -0.1057 0.0117 0.9937
1341848042.6978 1.6987 -0.3444 1.1032 -0.0341 -0.1005 0.0145 0.9942
1341848042.7298 1.6851 -0.3428 1.1033 -0.0343 -0.0952 0.0212 0.9946
1341848042.7616 1.6826 -0.3392 1.0975 -0.0346 -0.0925 0.0265 0.9948
1341848042.7980 1.6772 -0.3380 1.0970 -0.0361 -0.0879 0.0284 0.9951
1341848042.8297 1.6669 -0.3359 1.0979 -0.0368 -0.0812 0.0307 0.9955
1341848042.8617 1.6605 -0.3327 1.0953 -0.0375 -0.0759 0.0343 0.9958
1341848042.8978 1.6529 -0.3298 1.0925 -0.0386 -0.0712 0.0367 0.9960
1341848042.9299 1.6412 -0.3301 1.0969 -0.0390 -0.0669 0.0380 0.9963
1341848042.9657 1.6362 -0.3285 1.0945 -0.0370 -0.0631 0.0405 0.9965
1341848042.9980 1.6300 -0.3245 1.0905 -0.0364 -0.0600 0.0439 0.9966
1341848043.0303 1.6239 -0.3237 1.0895 -0.0377 -0.0576 0.0474 0.9965
1341848043.0657 1.6186 -0.3227 1.0879 -0.0387 -0.0543 0.0495 0.9965
1341848043.0979 1.6094 -0.3216 1.0890 -0.0397 -0.0504 0.0502 0.9967
1341848043.1340 1.6003 -0.3214 1.0899 -0.0400 -0.0469 0.0518 0.9968
1341848043.1658 1.5935 -0.3189 1.0875 -0.0406 -0.0437 0.0532 0.9968
1341848043.2019 1.5776 -0.3199 1.0928 -0.0412 -0.0398 0.0525 0.9970
1341848043.2339 1.5687 -0.3219 1.0972 -0.0392 -0.0372 0.0532 0.9971
1341848043.2657 1.5627 -0.3190 1.0906 -0.0379 -0.0338 0.0558 0.9971
1341848043.3018 1.5513 -0.3203 1.0944 -0.0384 -0.0307 0.0566 0.9972
1341848043.3340 1.5401 -0.3219 1.0972 -0.0370 -0.0270 0.0576 0.9973
1341848043.3698 1.5333 -0.3187 1.0956 -0.0355 -0.0250 0.0595 0.9973
1341848043.4017 1.5198 -0.3213 1.1001 -0.0357 -0.0234 0.0601 0.9973
1341848043.4339 1.5122 -0.3221 1.1000 -0.0351 -0.0223 0.0612 0.9973
1341848043.4696 1.5016 -0.3234 1.1024 -0.0355 -0.0190 0.0627 0.9972
1341848043.5017 1.4860 -0.3257 1.1082 -0.0358 -0.0153 0.0665 0.9970
1341848043.5378 1.4773 -0.3280 1.1108 -0.0345 -0.0158 0.0683 0.9969
1341848043.5697 1.4708 -0.3274 1.1106 -0.0346 -0.0143 0.0716 0.9967
1341848043.6018 1.4571 -0.3271 1.1146 -0.0352 -0.0124 0.0738 0.9966
1341848043.6378 1.4476 -0.3279 1.1176 -0.0368 -0.0117 0.0755 0.9964
1341848043.6701 1.4375 -0.3309 1.1236 -0.0384 -0.0098 0.0770 0.9962
1341848043.7020 1.4262 -0.3334 1.1287 -0.0389 -0.0077 0.0775 0.9962
1341848043.7378 1.4169 -0.3332 1.1321 -0.0390 -0.0067 0.0791 0.9961
1341848043.7698 1.4062 -0.3332 1.1372 -0.0415 -0.0043 0.0824 0.9957
1341848043.8058 1.3944 -0.3412 1.1460 -0.0446 -0.0018 0.0845 0.9954
1341848043.8379 1.3847 -0.3459 1.1537 -0.0430 0.0001 0.0845 0.9955
1341848043.8697 1.3789 -0.3438 1.1530 -0.0406 0.0018 0.0852 0.9955
1341848043.9057 1.3639 -0.3468 1.1584 -0.0426 0.0044 0.0868 0.9953
1341848043.9380 1.3562 -0.3503 1.1654 -0.0424 0.0040 0.0874 0.9953
1341848043.9698 1.3521 -0.3503 1.1647 -0.0420 0.0055 0.0860 0.9954
1341848044.0059 1.3398 -0.3542 1.1716 -0.0440 0.0087 0.0850 0.9954
1341848044.0377 1.3274 -0.3601 1.1798 -0.0434 0.0098 0.0857 0.9953
1341848044.0738 1.3246 -0.3573 1.1742 -0.0413 0.0096 0.0863 0.9954
1341848044.1058 1.3112 -0.3584 1.1803 -0.0438 0.0114 0.0865 0.9952
1341848044.1377 1.3017 -0.3624 1.1886 -0.0438 0.0111 0.0882 0.9951
1341848044.1738 1.2977 -0.3625 1.1867 -0.0437 0.0118 0.0883 0.9951
1341848044.2057 1.2894 -0.3659 1.1932 -0.0451 0.0149 0.0881 0.9950
1341848044.2378 1.2794 -0.3672 1.1973 -0.0446 0.0169 0.0896 0.9948
1341848044.2738 1.2751 -0.3664 1.1986 -0.0444 0.0177 0.0906 0.9947
1341848044.3057 1.2665 -0.3688 1.2032 -0.0460 0.0205 0.0913 0.9945
1341848044.3378 1.2587 -0.3717 1.2079 -0.0464 0.0228 0.0919 0.9944
1341848044.3737 1.2528 -0.3711 1.2095 -0.0461 0.0246 0.0945 0.9941
1341848044.4059 1.2475 -0.3723 1.2139 -0.0477 0.0270 0.0968 0.9938
1341848044.4417 1.2411 -0.3747 1.2195 -0.0487 0.0308 0.1005 0.9933
1341848044.4737 1.2365 -0.3752 1.2233 -0.0488 0.0340 0.1039 0.9928
1341848044.5057 1.2328 -0.3767 1.2273 -0.0498 0.0383 0.1076 0.9922
1341848044.5419 1.2269 -0.3788 1.2326 -0.0507 0.0436 0.1114 0.9915
1341848044.5738 1.2193 -0.3802 1.2379 -0.0506 0.0488 0.1151 0.9909
1341848044.6058 1.2145 -0.3794 1.2425 -0.0497 0.0528 0.1194 0.9902
1341848044.6417 1.2069 -0.3798 1.2453 -0.0505 0.0581 0.1248 0.9892
1341848044.7060 1.1936 -0.3842 1.2562 -0.0501 0.0655 0.1328 0.9877
1341848044.7710 1.1781 -0.3881 1.2639 -0.0478 0.0737 0.1398 0.9863
1341848044.8028 1.1738 -0.3853 1.2621 -0.0456 0.0753 0.1411 0.9861
1341848044.8349 1.1641 -0.3874 1.2697 -0.0466 0.0794 0.1433 0.9854
1341848044.8707 1.1541 -0.3904 1.2748 -0.0445 0.0825 0.1478 0.9846
1341848044.9027 1.1462 -0.3891 1.2734 -0.0418 0.0832 0.1505 0.9842
1341848044.9708 1.1281 -0.3910 1.2790 -0.0410 0.0859 0.1572 0.9830
1341848045.0026 1.1226 -0.3874 1.2778 -0.0401 0.0841 0.1593 0.9828
1341848045.0387 1.1155 -0.3864 1.2811 -0.0429 0.0844 0.1606 0.9825
1341848045.0708 1.1093 -0.3918 1.2885 -0.0462 0.0852 0.1607 0.9822
1341848045.1028 1.1045 -0.3898 1.2909 -0.0456 0.0867 0.1605 0.9822
1341848045.1388 1.0958 -0.3918 1.2959 -0.0484 0.0898 0.1607 0.9817
1341848045.1708 1.0866 -0.3981 1.3055 -0.0503 0.0916 0.1614 0.9813
1341848045.2027 1.0821 -0.3964 1.3071 -0.0482 0.0921 0.1606 0.9815
1341848045.2389 1.0753 -0.4014 1.3135 -0.0502 0.0945 0.1588 0.9815
1341848045.2708 1.0663 -0.4043 1.3202 -0.0493 0.0961 0.1598 0.9812
1341848045.3068 1.0606 -0.4036 1.3214 -0.0488 0.0958 0.1600 0.9812
1341848045.3387 1.0546 -0.4084 1.3296 -0.0514 0.0972 0.1579 0.9813
1341848045.3708 1.0446 -0.4135 1.3390 -0.0513 0.1000 0.1570 0.9812
1341848045.4067 1.0359 -0.4136 1.3402 -0.0505 0.1000 0.1568 0.9812
1341848045.4387 1.0263 -0.4152 1.3478 -0.0528 0.0995 0.1565 0.9812
1341848045.4747 1.0212 -0.4216 1.3581 -0.0552 0.0976 0.1557 0.9814
1341848045.5389 1.0083 -0.4308 1.3730 -0.0557 0.0985 0.1533 0.9817
1341848045.6069 0.9946 -0.4319 1.3838 -0.0533 0.0953 0.1535 0.9821
1341848045.6459 0.9894 -0.4335 1.3915 -0.0541 0.0937 0.1529 0.9823
1341848045.7070 0.9730 -0.4425 1.4095 -0.0553 0.0925 0.1491 0.9829
1341848045.7431 0.9694 -0.4406 1.4132 -0.0541 0.0898 0.1481 0.9834
1341848045.7748 0.9610 -0.4450 1.4229 -0.0569 0.0898 0.1465 0.9835
1341848045.8076 0.9531 -0.4506 1.4353 -0.0573 0.0881 0.1450 0.9838
1341848045.8429 0.9498 -0.4491 1.4384 -0.0546 0.0845 0.1433 0.9845
1341848045.8748 0.9425 -0.4501 1.4421 -0.0567 0.0843 0.1407 0.9848
1341848045.9068 0.9322 -0.4574 1.4577 -0.0604 0.0844 0.1404 0.9846
1341848045.9428 0.9260 -0.4574 1.4650 -0.0567 0.0790 0.1388 0.9855
1341848045.9748 0.9231 -0.4554 1.4664 -0.0552 0.0745 0.1349 0.9865
1341848046.0108 0.9122 -0.4606 1.4753 -0.0575 0.0747 0.1317 0.9868
1341848046.0428 0.9054 -0.4609 1.4816 -0.0558 0.0697 0.1300 0.9875
1341848046.0747 0.9013 -0.4563 1.4841 -0.0536 0.0637 0.1265 0.9885
1341848046.1108 0.8952 -0.4561 1.4907 -0.0560 0.0623 0.1227 0.9889
1341848046.1428 0.8892 -0.4614 1.4993 -0.0577 0.0606 0.1202 0.9892
1341848046.1818 0.8838 -0.4564 1.4991 -0.0538 0.0572 0.1155 0.9902
1341848046.2197 0.8749 -0.4548 1.5001 -0.0560 0.0567 0.1120 0.9905
1341848046.2497 0.8658 -0.4592 1.5072 -0.0597 0.0548 0.1095 0.9907
1341848046.2836 0.8605 -0.4555 1.5089 -0.0581 0.0507 0.1061 0.9914
1341848046.3177 0.8547 -0.4538 1.5118 -0.0590 0.0487 0.1020 0.9918
1341848046.3497 0.8447 -0.4560 1.5149 -0.0610 0.0487 0.1000 0.9919
1341848046.3823 0.8399 -0.4535 1.5167 -0.0602 0.0447 0.0979 0.9924
1341848046.4178 0.8349 -0.4469 1.5160 -0.0597 0.0427 0.0946 0.9928
1341848046.4498 0.8242 -0.4506 1.5199 -0.0642 0.0446 0.0933 0.9926
1341848046.4858 0.8171 -0.4474 1.5204 -0.0634 0.0422 0.0911 0.9929
1341848046.5178 0.8110 -0.4433 1.5203 -0.0643 0.0405 0.0880 0.9932
1341848046.5497 0.8011 -0.4477 1.5207 -0.0679 0.0408 0.0862 0.9931
1341848046.5861 0.7950 -0.4466 1.5194 -0.0664 0.0367 0.0847 0.9935
1341848046.6178 0.7881 -0.4380 1.5163 -0.0630 0.0348 0.0818 0.9940
1341848046.6537 0.7772 -0.4436 1.5140 -0.0667 0.0352 0.0817 0.9938
1341848046.7149 0.7628 -0.4322 1.5074 -0.0605 0.0279 0.0803 0.9945
1341848046.7469 0.7557 -0.4331 1.5042 -0.0615 0.0269 0.0797 0.9946
1341848046.7787 0.7470 -0.4310 1.5009 -0.0598 0.0256 0.0790 0.9948
1341848046.8147 0.7408 -0.4223 1.4958 -0.0562 0.0233 0.0772 0.9952
1341848046.8469 0.7338 -0.4214 1.4921 -0.0580 0.0236 0.0767 0.9951
1341848046.8788 0.7253 -0.4183 1.4884 -0.0573 0.0240 0.0766 0.9951
1341848046.9151 0.7190 -0.4146 1.4837 -0.0572 0.0233 0.0765 0.9952
1341848046.9469 0.7118 -0.4129 1.4795 -0.0578 0.0232 0.0767 0.9951
1341848046.9828 0.7046 -0.4081 1.4746 -0.0567 0.0224 0.0764 0.9952
1341848047.0151 0.6972 -0.4029 1.4700 -0.0572 0.0223 0.0759 0.9952
1341848047.0479 0.6893 -0.4030 1.4671 -0.0593 0.0223 0.0757 0.9951
1341848047.0899 0.6822 -0.3959 1.4615 -0.0573 0.0209 0.0744 0.9954
1341848047.1476 0.6659 -0.3909 1.4542 -0.0615 0.0205 0.0736 0.9952
1341848047.2149 0.6488 -0.3830 1.4442 -0.0604 0.0191 0.0696 0.9956
1341848047.2507 0.6388 -0.3826 1.4393 -0.0629 0.0176 0.0696 0.9954
1341848047.2828 0.6334 -0.3809 1.4352 -0.0638 0.0136 0.0691 0.9955
1341848047.3148 0.6265 -0.3790 1.4306 -0.0637 0.0119 0.0668 0.9957
1341848047.3506 0.6140 -0.3774 1.4248 -0.0635 0.0119 0.0654 0.9958
1341848047.3830 0.6046 -0.3763 1.4195 -0.0633 0.0083 0.0656 0.9958
1341848047.4148 0.5989 -0.3742 1.4147 -0.0626 0.0043 0.0636 0.9960
1341848047.4508 0.5899 -0.3740 1.4093 -0.0614 0.0025 0.0618 0.9962
1341848047.4826 0.5802 -0.3676 1.4031 -0.0585 0.0006 0.0609 0.9964
1341848047.5187 0.5719 -0.3663 1.3989 -0.0595 -0.0020 0.0595 0.9964
1341848047.5508 0.5645 -0.3687 1.3951 -0.0607 -0.0044 0.0585 0.9964
1341848047.5830 0.5593 -0.3656 1.3907 -0.0587 -0.0073 0.0570 0.9966
1341848047.6190 0.5522 -0.3644 1.3874 -0.0589 -0.0074 0.0554 0.9967
1341848047.6508 0.5380 -0.3702 1.3828 -0.0602 -0.0064 0.0551 0.9966
1341848047.6897 0.5346 -0.3630 1.3789 -0.0560 -0.0117 0.0547 0.9969
1341848047.7508 0.5196 -0.3617 1.3738 -0.0578 -0.0120 0.0535 0.9968
1341848047.7867 0.5083 -0.3627 1.3710 -0.0586 -0.0112 0.0530 0.9968
1341848047.8188 0.5040 -0.3598 1.3687 -0.0577 -0.0139 0.0518 0.9969
1341848047.8508 0.4977 -0.3588 1.3672 -0.0586 -0.0128 0.0502 0.9969
1341848047.8869 0.4859 -0.3632 1.3652 -0.0599 -0.0103 0.0494 0.9969
1341848047.9189 0.4769 -0.3607 1.3621 -0.0576 -0.0106 0.0498 0.9970
1341848047.9547 0.4715 -0.3575 1.3598 -0.0570 -0.0118 0.0495 0.9971
1341848047.9868 0.4623 -0.3628 1.3594 -0.0593 -0.0094 0.0492 0.9970
1341848048.0189 0.4496 -0.3626 1.3555 -0.0568 -0.0083 0.0490 0.9971
1341848048.0549 0.4467 -0.3569 1.3536 -0.0546 -0.0110 0.0491 0.9972
1341848048.0868 0.4383 -0.3578 1.3519 -0.0560 -0.0087 0.0488 0.9972
1341848048.1188 0.4262 -0.3608 1.3501 -0.0567 -0.0064 0.0491 0.9972
1341848048.1547 0.4218 -0.3571 1.3482 -0.0545 -0.0076 0.0508 0.9972
1341848048.1867 0.4152 -0.3572 1.3466 -0.0549 -0.0051 0.0507 0.9972
1341848048.2230 0.4010 -0.3646 1.3450 -0.0566 -0.0011 0.0513 0.9971
1341848048.2550 0.3986 -0.3626 1.3434 -0.0524 -0.0026 0.0545 0.9971
1341848048.2866 0.3928 -0.3574 1.3399 -0.0496 -0.0004 0.0534 0.9973
1341848048.3228 0.3800 -0.3609 1.3377 -0.0515 0.0039 0.0537 0.9972
1341848048.3547 0.3746 -0.3631 1.3354 -0.0507 0.0045 0.0555 0.9972
1341848048.3867 0.3681 -0.3619 1.3319 -0.0489 0.0064 0.0528 0.9974
1341848048.4226 0.3575 -0.3658 1.3298 -0.0486 0.0097 0.0521 0.9974
1341848048.4549 0.3503 -0.3619 1.3253 -0.0439 0.0107 0.0528 0.9976
1341848048.4907 0.3428 -0.3596 1.3212 -0.0431 0.0116 0.0531 0.9976
1341848048.5228 0.3339 -0.3656 1.3214 -0.0443 0.0131 0.0539 0.9975
1341848048.5550 0.3276 -0.3668 1.3184 -0.0408 0.0137 0.0544 0.9976
1341848048.5906 0.3193 -0.3640 1.3137 -0.0368 0.0142 0.0543 0.9977
1341848048.6227 0.3138 -0.3655 1.3122 -0.0354 0.0137 0.0557 0.9977
1341848048.6587 0.3078 -0.3698 1.3093 -0.0333 0.0147 0.0570 0.9977
1341848048.6908 0.3016 -0.3656 1.3043 -0.0283 0.0144 0.0569 0.9979
1341848048.7227 0.2955 -0.3670 1.3026 -0.0271 0.0146 0.0586 0.9978
1341848048.7588 0.2911 -0.3685 1.3000 -0.0247 0.0147 0.0597 0.9978
1341848048.7912 0.2851 -0.3675 1.2967 -0.0219 0.0153 0.0595 0.9979
1341848048.8227 0.2761 -0.3725 1.2947 -0.0210 0.0166 0.0594 0.9979
1341848048.8587 0.2723 -0.3703 1.2907 -0.0169 0.0150 0.0579 0.9981
1341848048.8910 0.2647 -0.3739 1.2882 -0.0156 0.0158 0.0560 0.9982
1341848048.9268 0.2554 -0.3753 1.2844 -0.0122 0.0157 0.0535 0.9984
1341848048.9590 0.2485 -0.3745 1.2801 -0.0086 0.0140 0.0520 0.9985
1341848048.9908 0.2412 -0.3785 1.2771 -0.0067 0.0130 0.0513 0.9986
1341848049.0267 0.2372 -0.3819 1.2742 -0.0033 0.0112 0.0487 0.9987
1341848049.0588 0.2311 -0.3780 1.2680 0.0031 0.0112 0.0454 0.9989
1341848049.0907 0.2194 -0.3758 1.2624 0.0059 0.0117 0.0451 0.9989
1341848049.1268 0.2141 -0.3776 1.2596 0.0068 0.0088 0.0455 0.9989
1341848049.1589 0.2122 -0.3782 1.2558 0.0085 0.0072 0.0437 0.9990
1341848049.1947 0.2019 -0.3771 1.2517 0.0113 0.0090 0.0412 0.9990
1341848049.2267 0.1933 -0.3718 1.2451 0.0139 0.0080 0.0408 0.9990
1341848049.2588 0.1876 -0.3723 1.2430 0.0130 0.0063 0.0405 0.9991
1341848049.2947 0.1829 -0.3725 1.2392 0.0141 0.0063 0.0386 0.9991
1341848049.3268 0.1734 -0.3687 1.2336 0.0162 0.0081 0.0379 0.9991
1341848049.3588 0.1650 -0.3650 1.2278 0.0168 0.0079 0.0397 0.9990
1341848049.3948 0.1571 -0.3711 1.2251 0.0144 0.0082 0.0411 0.9990
1341848049.4268 0.1535 -0.3659 1.2195 0.0185 0.0081 0.0415 0.9989
1341848049.4627 0.1460 -0.3596 1.2133 0.0203 0.0099 0.0435 0.9988
1341848049.4947 0.1328 -0.3674 1.2092 0.0178 0.0124 0.0466 0.9987
1341848049.5268 0.1339 -0.3568 1.2026 0.0229 0.0097 0.0480 0.9985
1341848049.5628 0.1229 -0.3548 1.1968 0.0223 0.0133 0.0490 0.9985
1341848049.5948 0.1087 -0.3556 1.1916 0.0213 0.0144 0.0509 0.9984
1341848049.6268 0.1052 -0.3512 1.1863 0.0225 0.0116 0.0524 0.9983
1341848049.6627 0.0991 -0.3455 1.1792 0.0233 0.0121 0.0511 0.9983
1341848049.6951 0.0828 -0.3429 1.1737 0.0224 0.0142 0.0506 0.9984
1341848049.7308 0.0725 -0.3409 1.1673 0.0213 0.0109 0.0516 0.9984
1341848049.7627 0.0693 -0.3355 1.1611 0.0209 0.0063 0.0494 0.9985
1341848049.7947 0.0570 -0.3340 1.1566 0.0196 0.0077 0.0474 0.9987
1341848049.8308 0.0444 -0.3292 1.1506 0.0202 0.0057 0.0467 0.9987
1341848049.8698 0.0405 -0.3200 1.1431 0.0203 0.0009 0.0467 0.9987
1341848049.9308 0.0189 -0.3248 1.1363 0.0168 0.0006 0.0419 0.9990
1341848049.9630 0.0110 -0.3142 1.1297 0.0202 -0.0025 0.0409 0.9990
1341848049.9988 0.0042 -0.3105 1.1250 0.0189 -0.0056 0.0407 0.9990
1341848050.0308 -0.0068 -0.3141 1.1231 0.0162 -0.0074 0.0391 0.9991
1341848050.0627 -0.0103 -0.3096 1.1194 0.0181 -0.0115 0.0367 0.9991
1341848050.0987 -0.0173 -0.3036 1.1147 0.0187 -0.0130 0.0358 0.9991
1341848050.1307 -0.0293 -0.3053 1.1129 0.0166 -0.0152 0.0335 0.9992
1341848050.1667 -0.0280 -0.2982 1.1093 0.0182 -0.0205 0.0308 0.9992
1341848050.1987 -0.0401 -0.2976 1.1079 0.0163 -0.0196 0.0273 0.9993
1341848050.2308 -0.0522 -0.2958 1.1066 0.0161 -0.0218 0.0245 0.9993
1341848050.2667 -0.0539 -0.2920 1.1032 0.0162 -0.0268 0.0227 0.9993
1341848050.2988 -0.0620 -0.2916 1.1015 0.0146 -0.0279 0.0181 0.9993
1341848050.3307 -0.0748 -0.2909 1.1012 0.0147 -0.0293 0.0148 0.9994
1341848050.3667 -0.0779 -0.2845 1.0970 0.0161 -0.0342 0.0138 0.9992
1341848050.3987 -0.0835 -0.2844 1.0947 0.0140 -0.0377 0.0103 0.9991
1341848050.4348 -0.0950 -0.2867 1.0946 0.0122 -0.0391 0.0076 0.9991
1341848050.4667 -0.0982 -0.2843 1.0919 0.0129 -0.0440 0.0050 0.9989
1341848050.4988 -0.1047 -0.2868 1.0906 0.0122 -0.0470 0.0002 0.9988
1341848050.5348 -0.1122 -0.2850 1.0888 0.0137 -0.0488 -0.0028 0.9987
1341848050.5668 -0.1203 -0.2806 1.0862 0.0154 -0.0519 -0.0044 0.9985
1341848050.5988 -0.1261 -0.2784 1.0835 0.0149 -0.0570 -0.0065 0.9982
1341848050.6348 -0.1341 -0.2841 1.0841 0.0127 -0.0600 -0.0103 0.9981
1341848050.6668 -0.1399 -0.2806 1.0812 0.0156 -0.0634 -0.0128 0.9978
1341848050.7028 -0.1481 -0.2780 1.0792 0.0165 -0.0669 -0.0148 0.9975
1341848050.7348 -0.1567 -0.2743 1.0764 0.0177 -0.0703 -0.0148 0.9973
1341848050.7669 -0.1632 -0.2748 1.0749 0.0163 -0.0754 -0.0161 0.9969
1341848050.8029 -0.1716 -0.2775 1.0748 0.0158 -0.0794 -0.0190 0.9965
1341848050.8348 -0.1761 -0.2734 1.0708 0.0180 -0.0838 -0.0210 0.9961
1341848050.8707 -0.1846 -0.2717 1.0692 0.0173 -0.0866 -0.0236 0.9958
1341848050.9027 -0.1951 -0.2752 1.0706 0.0162 -0.0905 -0.0268 0.9954
1341848050.9348 -0.1986 -0.2736 1.0673 0.0182 -0.0945 -0.0299 0.9949
1341848050.9709 -0.2083 -0.2714 1.0662 0.0192 -0.0964 -0.0331 0.9946
1341848051.0028 -0.2181 -0.2714 1.0655 0.0201 -0.0993 -0.0347 0.9943
1341848051.0350 -0.2227 -0.2682 1.0617 0.0218 -0.1032 -0.0353 0.9938
1341848051.0708 -0.2300 -0.2693 1.0610 0.0216 -0.1063 -0.0379 0.9934
1341848051.1027 -0.2374 -0.2675 1.0597 0.0237 -0.1089 -0.0394 0.9930
1341848051.1387 -0.2417 -0.2651 1.0552 0.0253 -0.1119 -0.0407 0.9926
1341848051.1707 -0.2490 -0.2638 1.0528 0.0255 -0.1131 -0.0409 0.9924
1341848051.2387 -0.2582 -0.2677 1.0519 0.0260 -0.1210 -0.0414 0.9914
1341848051.2708 -0.2619 -0.2700 1.0512 0.0280 -0.1237 -0.0444 0.9909
1341848051.3027 -0.2665 -0.2699 1.0495 0.0319 -0.1251 -0.0463 0.9906
1341848051.3387 -0.2720 -0.2688 1.0476 0.0357 -0.1276 -0.0469 0.9901
1341848051.3709 -0.2728 -0.2678 1.0441 0.0388 -0.1330 -0.0492 0.9891
1341848051.4067 -0.2743 -0.2673 1.0420 0.0405 -0.1350 -0.0509 0.9887
1341848051.4400 -0.2776 -0.2663 1.0412 0.0428 -0.1379 -0.0528 0.9881
1341848051.4709 -0.2783 -0.2649 1.0385 0.0447 -0.1416 -0.0554 0.9874
1341848051.5067 -0.2805 -0.2628 1.0366 0.0456 -0.1453 -0.0595 0.9865
1341848051.5389 -0.2839 -0.2660 1.0410 0.0466 -0.1503 -0.0652 0.9854
1341848051.5707 -0.2828 -0.2629 1.0376 0.0525 -0.1548 -0.0725 0.9839
1341848051.6068 -0.2877 -0.2609 1.0348 0.0546 -0.1578 -0.0788 0.9828
1341848051.6389 -0.2907 -0.2630 1.0382 0.0578 -0.1653 -0.0869 0.9807
1341848051.6747 -0.2892 -0.2568 1.0299 0.0637 -0.1695 -0.0900 0.9793
1341848051.7067 -0.2931 -0.2530 1.0262 0.0636 -0.1743 -0.0936 0.9782
1341848051.7388 -0.2946 -0.2539 1.0277 0.0640 -0.1817 -0.0988 0.9763
1341848051.7748 -0.2913 -0.2494 1.0212 0.0666 -0.1869 -0.1017 0.9748
1341848051.8067 -0.2931 -0.2483 1.0236 0.0679 -0.1901 -0.1101 0.9732
1341848051.8388 -0.2936 -0.2481 1.0236 0.0732 -0.1927 -0.1198 0.9712
1341848051.8750 -0.2880 -0.2408 1.0107 0.0770 -0.1940 -0.1235 0.9701
1341848051.9067 -0.2900 -0.2379 1.0091 0.0742 -0.1953 -0.1295 0.9693
1341848051.9427 -0.2877 -0.2386 1.0097 0.0727 -0.1999 -0.1348 0.9678
1341848051.9748 -0.2788 -0.2315 1.0016 0.0730 -0.2004 -0.1382 0.9672
1341848052.0068 -0.2780 -0.2315 1.0042 0.0691 -0.1993 -0.1421 0.9671
1341848052.0428 -0.2744 -0.2329 1.0072 0.0691 -0.1999 -0.1452 0.9665
1341848052.0749 -0.2654 -0.2259 0.9990 0.0715 -0.1975 -0.1484 0.9664
1341848052.1430 -0.2598 -0.2265 1.0003 0.0703 -0.1927 -0.1554 0.9663
1341848052.1781 -0.2498 -0.2193 0.9903 0.0719 -0.1908 -0.1595 0.9659
1341848052.2114 -0.2469 -0.2198 0.9935 0.0693 -0.1878 -0.1629 0.9661
1341848052.2429 -0.2414 -0.2183 0.9919 0.0709 -0.1864 -0.1666 0.9657
1341848052.3111 -0.2287 -0.2125 0.9836 0.0674 -0.1813 -0.1720 0.9659
1341848052.3429 -0.2223 -0.2125 0.9835 0.0683 -0.1803 -0.1750 0.9655
1341848052.3795 -0.2126 -0.2086 0.9764 0.0692 -0.1772 -0.1765 0.9658
1341848052.4123 -0.2111 -0.2070 0.9734 0.0669 -0.1735 -0.1766 0.9666
1341848052.4447 -0.2060 -0.2090 0.9758 0.0673 -0.1747 -0.1791 0.9658
1341848052.4815 -0.1953 -0.2061 0.9692 0.0697 -0.1722 -0.1799 0.9660
1341848052.5433 -0.1845 -0.2016 0.9598 0.0731 -0.1687 -0.1828 0.9658
1341848052.5792 -0.1734 -0.1969 0.9519 0.0728 -0.1667 -0.1851 0.9657
1341848052.6177 -0.1710 -0.1980 0.9551 0.0714 -0.1633 -0.1903 0.9654
1341848052.6787 -0.1531 -0.1921 0.9437 0.0764 -0.1610 -0.1998 0.9635
1341848052.7108 -0.1470 -0.1912 0.9388 0.0751 -0.1585 -0.2015 0.9637
1341848052.7468 -0.1414 -0.1907 0.9323 0.0732 -0.1586 -0.1992 0.9643
1341848052.7787 -0.1285 -0.1854 0.9245 0.0714 -0.1591 -0.1976 0.9646
1341848052.8109 -0.1219 -0.1863 0.9283 0.0680 -0.1563 -0.1983 0.9652
1341848052.8469 -0.1166 -0.1912 0.9296 0.0699 -0.1534 -0.2015 0.9649
1341848052.8788 -0.1025 -0.1833 0.9166 0.0744 -0.1493 -0.2019 0.9651
1341848052.9147 -0.0967 -0.1811 0.9108 0.0725 -0.1439 -0.2018 0.9661
1341848052.9467 -0.0928 -0.1831 0.9114 0.0718 -0.1411 -0.2010 0.9667
1341848052.9787 -0.0811 -0.1800 0.9025 0.0728 -0.1379 -0.1995 0.9674
1341848053.0148 -0.0749 -0.1798 0.9012 0.0717 -0.1318 -0.1988 0.9685
1341848053.0467 -0.0711 -0.1800 0.8986 0.0725 -0.1277 -0.1962 0.9695
1341848053.0827 -0.0569 -0.1770 0.8882 0.0729 -0.1252 -0.1938 0.9703
1341848053.1148 -0.0507 -0.1796 0.8878 0.0708 -0.1184 -0.1928 0.9715
1341848053.1470 -0.0453 -0.1788 0.8835 0.0715 -0.1125 -0.1895 0.9728
1341848053.1832 -0.0358 -0.1750 0.8754 0.0711 -0.1094 -0.1859 0.9739
1341848053.2148 -0.0304 -0.1785 0.8776 0.0692 -0.1050 -0.1841 0.9748
1341848053.2480 -0.0245 -0.1802 0.8755 0.0712 -0.1005 -0.1827 0.9754
1341848053.2898 -0.0158 -0.1765 0.8682 0.0735 -0.0971 -0.1800 0.9761
1341848053.3217 -0.0082 -0.1757 0.8637 0.0735 -0.0935 -0.1757 0.9772
1341848053.3538 -0.0021 -0.1761 0.8599 0.0734 -0.0892 -0.1718 0.9783
1341848053.3861 0.0042 -0.1758 0.8558 0.0738 -0.0857 -0.1686 0.9792
1341848053.4218 0.0138 -0.1734 0.8492 0.0742 -0.0818 -0.1644 0.9802
1341848053.4537 0.0199 -0.1688 0.8448 0.0732 -0.0762 -0.1590 0.9816
1341848053.4857 0.0233 -0.1667 0.8416 0.0711 -0.0731 -0.1546 0.9827
1341848053.5217 0.0303 -0.1683 0.8374 0.0689 -0.0706 -0.1516 0.9835
1341848053.5539 0.0388 -0.1647 0.8310 0.0675 -0.0649 -0.1481 0.9845
1341848053.5897 0.0408 -0.1618 0.8291 0.0649 -0.0586 -0.1432 0.9858
1341848053.6219 0.0477 -0.1574 0.8243 0.0621 -0.0553 -0.1360 0.9872
1341848053.6538 0.0567 -0.1576 0.8193 0.0568 -0.0497 -0.1296 0.9887
1341848053.6897 0.0559 -0.1588 0.8207 0.0530 -0.0416 -0.1256 0.9898
1341848053.7217 0.0604 -0.1566 0.8172 0.0518 -0.0363 -0.1199 0.9908
1341848053.7580 0.0687 -0.1551 0.8124 0.0494 -0.0306 -0.1143 0.9917
1341848053.7899 0.0666 -0.1570 0.8126 0.0468 -0.0223 -0.1093 0.9927
1341848053.8216 0.0704 -0.1578 0.8090 0.0467 -0.0160 -0.1031 0.9934
1341848053.8578 0.0750 -0.1557 0.8044 0.0461 -0.0096 -0.0964 0.9942
1341848053.8898 0.0725 -0.1562 0.8017 0.0446 -0.0032 -0.0891 0.9950
1341848053.9511 0.0760 -0.1596 0.7903 0.0474 0.0038 -0.0771 0.9959
1341848053.9868 0.0704 -0.1588 0.7862 0.0482 0.0096 -0.0711 0.9963
1341848054.0510 0.0748 -0.1542 0.7703 0.0487 0.0081 -0.0521 0.9974
1341848054.0868 0.0737 -0.1543 0.7639 0.0459 0.0099 -0.0454 0.9979
1341848054.1189 0.0662 -0.1546 0.7592 0.0442 0.0112 -0.0382 0.9982
1341848054.1550 0.0710 -0.1527 0.7503 0.0427 0.0090 -0.0314 0.9986
1341848054.1867 0.0675 -0.1546 0.7441 0.0395 0.0099 -0.0293 0.9987
1341848054.2190 0.0592 -0.1618 0.7396 0.0380 0.0121 -0.0284 0.9988
1341848054.2548 0.0585 -0.1629 0.7310 0.0407 0.0132 -0.0292 0.9987
1341848054.2868 0.0649 -0.1499 0.7197 0.0445 0.0133 -0.0289 0.9985
1341848054.3229 0.0604 -0.1469 0.7119 0.0396 0.0162 -0.0274 0.9987
1341848054.3548 0.0494 -0.1516 0.7075 0.0359 0.0187 -0.0262 0.9988
1341848054.3871 0.0565 -0.1460 0.6968 0.0355 0.0173 -0.0260 0.9989
1341848054.4229 0.0496 -0.1457 0.6914 0.0317 0.0211 -0.0256 0.9989
1341848054.4547 0.0365 -0.1477 0.6880 0.0298 0.0233 -0.0238 0.9990
1341848054.4869 0.0376 -0.1454 0.6796 0.0299 0.0200 -0.0219 0.9991
1341848054.5227 0.0407 -0.1474 0.6726 0.0280 0.0199 -0.0207 0.9992
1341848054.5549 0.0338 -0.1519 0.6685 0.0284 0.0235 -0.0186 0.9991
1341848054.5908 0.0372 -0.1480 0.6591 0.0310 0.0237 -0.0162 0.9991
1341848054.6227 0.0381 -0.1456 0.6511 0.0303 0.0238 -0.0150 0.9991
1341848054.6564 0.0377 -0.1480 0.6462 0.0292 0.0246 -0.0130 0.9992
1341848054.6910 0.0444 -0.1483 0.6379 0.0291 0.0270 -0.0104 0.9992
1341848054.7227 0.0403 -0.1506 0.6331 0.0298 0.0313 -0.0115 0.9990
1341848054.7547 0.0387 -0.1498 0.6268 0.0322 0.0343 -0.0100 0.9988
1341848054.7909 0.0411 -0.1478 0.6193 0.0350 0.0358 -0.0070 0.9987
1341848054.8229 0.0457 -0.1424 0.6113 0.0368 0.0378 -0.0022 0.9986
1341848054.8589 0.0408 -0.1446 0.6062 0.0363 0.0414 0.0034 0.9985
1341848054.8909 0.0442 -0.1451 0.5990 0.0385 0.0416 0.0073 0.9984
1341848054.9228 0.0499 -0.1408 0.5914 0.0413 0.0436 0.0121 0.9981
1341848054.9587 0.0478 -0.1367 0.5834 0.0423 0.0470 0.0167 0.9979
1341848054.9911 0.0415 -0.1405 0.5784 0.0433 0.0486 0.0183 0.9977
1341848055.0230 0.0496 -0.1363 0.5678 0.0468 0.0488 0.0194 0.9975
1341848055.0587 0.0469 -0.1326 0.5594 0.0488 0.0533 0.0217 0.9971
1341848055.0907 0.0386 -0.1309 0.5518 0.0511 0.0555 0.0249 0.9968
1341848055.1270 0.0437 -0.1222 0.5392 0.0539 0.0541 0.0288 0.9967
1341848055.1592 0.0455 -0.1215 0.5296 0.0534 0.0562 0.0309 0.9965
1341848055.1910 0.0364 -0.1224 0.5212 0.0549 0.0610 0.0326 0.9961
1341848055.2268 0.0325 -0.1126 0.5078 0.0590 0.0614 0.0351 0.9957
1341848055.2589 0.0350 -0.1029 0.4941 0.0597 0.0600 0.0368 0.9957
1341848055.2947 0.0284 -0.1026 0.4851 0.0585 0.0614 0.0388 0.9956
1341848055.3268 0.0243 -0.0979 0.4726 0.0598 0.0613 0.0407 0.9955
1341848055.3589 0.0220 -0.0914 0.4602 0.0606 0.0617 0.0401 0.9954
1341848055.3947 0.0216 -0.0841 0.4480 0.0606 0.0636 0.0390 0.9954
1341848055.4268 0.0131 -0.0813 0.4393 0.0602 0.0673 0.0385 0.9952
1341848055.4588 0.0088 -0.0745 0.4277 0.0613 0.0688 0.0390 0.9950
1341848055.4947 0.0068 -0.0663 0.4163 0.0610 0.0705 0.0405 0.9948
1341848055.5267 -0.0004 -0.0645 0.4088 0.0599 0.0736 0.0409 0.9946
1341848055.5626 -0.0046 -0.0622 0.3992 0.0609 0.0760 0.0414 0.9944
1341848055.5947 -0.0059 -0.0523 0.3870 0.0620 0.0786 0.0421 0.9941
1341848055.6267 -0.0141 -0.0470 0.3803 0.0611 0.0823 0.0432 0.9938
1341848055.6630 -0.0221 -0.0450 0.3730 0.0608 0.0838 0.0447 0.9936
1341848055.6948 -0.0161 -0.0363 0.3608 0.0612 0.0848 0.0452 0.9935
1341848055.7268 -0.0177 -0.0298 0.3531 0.0585 0.0915 0.0470 0.9930
1341848055.7628 -0.0366 -0.0351 0.3536 0.0562 0.0974 0.0502 0.9924
1341848055.7950 -0.0362 -0.0317 0.3449 0.0579 0.0971 0.0534 0.9922
1341848055.8308 -0.0367 -0.0290 0.3393 0.0579 0.1003 0.0567 0.9917
1341848055.8628 -0.0454 -0.0315 0.3367 0.0589 0.1047 0.0605 0.9909
1341848055.8948 -0.0513 -0.0289 0.3306 0.0614 0.1070 0.0633 0.9903
1341848055.9307 -0.0565 -0.0238 0.3251 0.0628 0.1094 0.0641 0.9899
1341848055.9628 -0.0668 -0.0229 0.3225 0.0635 0.1117 0.0660 0.9895
1341848055.9947 -0.0732 -0.0160 0.3165 0.0643 0.1120 0.0691 0.9892
1341848056.0307 -0.0824 -0.0135 0.3140 0.0624 0.1135 0.0709 0.9890
1341848056.0628 -0.0943 -0.0162 0.3133 0.0615 0.1148 0.0726 0.9888
1341848056.0988 -0.1025 -0.0128 0.3096 0.0620 0.1154 0.0737 0.9886
1341848056.1306 -0.1138 -0.0127 0.3085 0.0619 0.1173 0.0745 0.9884
1341848056.1627 -0.1304 -0.0125 0.3079 0.0629 0.1187 0.0746 0.9881
1341848056.1987 -0.1441 -0.0082 0.3049 0.0642 0.1174 0.0757 0.9881
1341848056.2307 -0.1566 -0.0043 0.3023 0.0637 0.1161 0.0773 0.9882
1341848056.2639 -0.1741 -0.0055 0.3041 0.0630 0.1154 0.0769 0.9883
1341848056.2988 -0.1840 -0.0038 0.3009 0.0634 0.1132 0.0768 0.9886
1341848056.3307 -0.1977 0.0014 0.2985 0.0631 0.1132 0.0779 0.9885
1341848056.3667 -0.2178 0.0001 0.3019 0.0621 0.1130 0.0795 0.9885
1341848056.3987 -0.2356 0.0050 0.2981 0.0624 0.1097 0.0816 0.9886
1341848056.4307 -0.2451 0.0124 0.2926 0.0586 0.1054 0.0861 0.9890
1341848056.4668 -0.2648 0.0137 0.2941 0.0519 0.1041 0.0927 0.9889
1341848056.4989 -0.2826 0.0102 0.2965 0.0477 0.1016 0.0936 0.9893
1341848056.5348 -0.2917 0.0124 0.2930 0.0451 0.0996 0.0928 0.9897
1341848056.5667 -0.3082 0.0113 0.2961 0.0423 0.1003 0.0927 0.9897
1341848056.5989 -0.3288 0.0112 0.2963 0.0411 0.0994 0.0954 0.9896
1341848056.6348 -0.3430 0.0165 0.2931 0.0391 0.0944 0.0971 0.9900
1341848056.6668 -0.3554 0.0131 0.2963 0.0352 0.0912 0.0991 0.9903
1341848056.6989 -0.3676 0.0114 0.2959 0.0344 0.0890 0.0992 0.9905
1341848056.7348 -0.3813 0.0141 0.2961 0.0336 0.0872 0.0967 0.9909
1341848056.7667 -0.3944 0.0127 0.2964 0.0327 0.0848 0.0955 0.9913
1341848056.8029 -0.4018 0.0174 0.2919 0.0312 0.0821 0.0936 0.9917
1341848056.8350 -0.4150 0.0136 0.2953 0.0285 0.0810 0.0916 0.9921
1341848056.8667 -0.4252 0.0096 0.2989 0.0284 0.0793 0.0913 0.9923
1341848056.9027 -0.4283 0.0123 0.2953 0.0291 0.0787 0.0907 0.9923
1341848056.9347 -0.4381 0.0124 0.2967 0.0273 0.0815 0.0887 0.9923
1341848056.9668 -0.4520 0.0087 0.2996 0.0268 0.0833 0.0885 0.9922
1341848057.0027 -0.4563 0.0130 0.2959 0.0269 0.0828 0.0889 0.9922
1341848057.0348 -0.4647 0.0132 0.2964 0.0239 0.0861 0.0884 0.9921
1341848057.0710 -0.4808 0.0101 0.3018 0.0226 0.0892 0.0868 0.9920
1341848057.1028 -0.4889 0.0126 0.2991 0.0228 0.0890 0.0856 0.9921
1341848057.1347 -0.4981 0.0164 0.2960 0.0204 0.0908 0.0862 0.9919
1341848057.1707 -0.5137 0.0136 0.3022 0.0176 0.0926 0.0853 0.9919
1341848057.2026 -0.5224 0.0151 0.3008 0.0176 0.0928 0.0824 0.9921
1341848057.2347 -0.5317 0.0204 0.2971 0.0160 0.0952 0.0811 0.9920
1341848057.2708 -0.5476 0.0236 0.2989 0.0129 0.0974 0.0818 0.9918
1341848057.3029 -0.5592 0.0244 0.3020 0.0106 0.0972 0.0815 0.9919
1341848057.3388 -0.5683 0.0273 0.2996 0.0085 0.0988 0.0810 0.9918
1341848057.3708 -0.5834 0.0308 0.3008 0.0053 0.1022 0.0821 0.9914
1341848057.4027 -0.5980 0.0310 0.3047 0.0038 0.1036 0.0830 0.9911
1341848057.4389 -0.6074 0.0348 0.3014 0.0031 0.1054 0.0836 0.9909
1341848057.4707 -0.6220 0.0379 0.3022 0.0007 0.1104 0.0864 0.9901
1341848057.5067 -0.6396 0.0384 0.3026 0.0004 0.1127 0.0898 0.9896
1341848057.5388 -0.6521 0.0435 0.2981 -0.0001 0.1125 0.0918 0.9894
1341848057.5711 -0.6634 0.0467 0.2959 -0.0031 0.1146 0.0949 0.9889
1341848057.6067 -0.6758 0.0471 0.2979 -0.0066 0.1181 0.0987 0.9881
1341848057.6388 -0.6877 0.0474 0.2973 -0.0081 0.1216 0.1013 0.9874
1341848057.6709 -0.6995 0.0500 0.2967 -0.0099 0.1264 0.1040 0.9865
1341848057.7068 -0.7142 0.0491 0.2979 -0.0110 0.1313 0.1085 0.9853
1341848057.7389 -0.7273 0.0509 0.2938 -0.0107 0.1330 0.1101 0.9849
1341848057.7750 -0.7405 0.0549 0.2933 -0.0112 0.1355 0.1123 0.9843
1341848057.8068 -0.7555 0.0541 0.2945 -0.0118 0.1388 0.1183 0.9832
1341848057.8388 -0.7691 0.0539 0.2926 -0.0100 0.1390 0.1236 0.9825
1341848057.8748 -0.7801 0.0558 0.2907 -0.0089 0.1396 0.1251 0.9822
1341848057.9068 -0.7944 0.0572 0.2887 -0.0087 0.1412 0.1255 0.9820
1341848057.9388 -0.8093 0.0596 0.2864 -0.0089 0.1406 0.1277 0.9818
1341848057.9753 -0.8198 0.0597 0.2867 -0.0106 0.1391 0.1299 0.9817
1341848058.0068 -0.8321 0.0562 0.2901 -0.0111 0.1376 0.1298 0.9819
1341848058.0428 -0.8448 0.0558 0.2929 -0.0083 0.1348 0.1287 0.9824
1341848058.0760 -0.8583 0.0562 0.2892 -0.0067 0.1327 0.1286 0.9828
1341848058.1068 -0.8702 0.0546 0.2937 -0.0066 0.1300 0.1278 0.9832
1341848058.1427 -0.8846 0.0521 0.2969 -0.0039 0.1270 0.1261 0.9838
1341848058.1747 -0.8977 0.0532 0.2957 -0.0019 0.1238 0.1237 0.9846
1341848058.2071 -0.9107 0.0521 0.2970 -0.0018 0.1223 0.1216 0.9850
1341848058.2427 -0.9234 0.0515 0.3012 -0.0006 0.1193 0.1185 0.9858
1341848058.2747 -0.9351 0.0521 0.3085 0.0020 0.1181 0.1170 0.9861
1341848058.3107 -0.9448 0.0496 0.3107 0.0054 0.1193 0.1149 0.9862
1341848058.3432 -0.9595 0.0501 0.3093 0.0085 0.1188 0.1113 0.9866
1341848058.3749 -0.9698 0.0507 0.3097 0.0095 0.1185 0.1129 0.9865
1341848058.4107 -0.9820 0.0487 0.3094 0.0079 0.1182 0.1151 0.9863
1341848058.4428 -0.9909 0.0480 0.3170 0.0077 0.1177 0.1172 0.9861
1341848058.4747 -0.9969 0.0472 0.3248 0.0097 0.1178 0.1194 0.9858
1341848058.5430 -1.0177 0.0423 0.3284 0.0134 0.1225 0.1251 0.9845
1341848058.5789 -1.0246 0.0418 0.3324 0.0144 0.1221 0.1296 0.9839
1341848058.6108 -1.0292 0.0392 0.3375 0.0140 0.1246 0.1324 0.9832
1341848058.6431 -1.0416 0.0352 0.3404 0.0135 0.1281 0.1330 0.9827
1341848058.6787 -1.0460 0.0344 0.3512 0.0159 0.1281 0.1329 0.9827
1341848058.7107 -1.0488 0.0336 0.3505 0.0196 0.1321 0.1321 0.9822
1341848058.7468 -1.0643 0.0320 0.3500 0.0187 0.1388 0.1299 0.9816
1341848058.7787 -1.0765 0.0323 0.3542 0.0179 0.1382 0.1325 0.9813
1341848058.8109 -1.0803 0.0317 0.3598 0.0176 0.1359 0.1367 0.9811
1341848058.8468 -1.0808 0.0314 0.3649 0.0162 0.1376 0.1376 0.9807
1341848058.8796 -1.0888 0.0284 0.3704 0.0167 0.1413 0.1400 0.9799
1341848058.9468 -1.0967 0.0259 0.3754 0.0171 0.1436 0.1447 0.9789
1341848058.9789 -1.0996 0.0220 0.3807 0.0182 0.1461 0.1460 0.9783
1341848059.0147 -1.1036 0.0206 0.3815 0.0215 0.1476 0.1469 0.9779
1341848059.0467 -1.1064 0.0211 0.3816 0.0229 0.1497 0.1476 0.9774
1341848059.0788 -1.1070 0.0198 0.3852 0.0231 0.1530 0.1478 0.9769
1341848059.1147 -1.1107 0.0185 0.3861 0.0237 0.1574 0.1469 0.9763
1341848059.1467 -1.1147 0.0188 0.3861 0.0234 0.1604 0.1468 0.9758
1341848059.1787 -1.1143 0.0183 0.3894 0.0234 0.1624 0.1465 0.9755
1341848059.2147 -1.1136 0.0182 0.3921 0.0241 0.1662 0.1457 0.9750
1341848059.2468 -1.1140 0.0189 0.3931 0.0263 0.1710 0.1459 0.9740
1341848059.2827 -1.1161 0.0178 0.3942 0.0283 0.1742 0.1477 0.9732
1341848059.3147 -1.1157 0.0190 0.3928 0.0312 0.1769 0.1499 0.9722
1341848059.3468 -1.1172 0.0196 0.3892 0.0316 0.1795 0.1519 0.9714
1341848059.3827 -1.1171 0.0188 0.3937 0.0326 0.1809 0.1539 0.9708
1341848059.4147 -1.1155 0.0187 0.3919 0.0351 0.1834 0.1548 0.9701
1341848059.4468 -1.1151 0.0194 0.3893 0.0355 0.1876 0.1541 0.9694
1341848059.4827 -1.1171 0.0216 0.3895 0.0362 0.1914 0.1547 0.9686
1341848059.5147 -1.1189 0.0211 0.3886 0.0372 0.1928 0.1573 0.9678
1341848059.5508 -1.1172 0.0221 0.3876 0.0375 0.1942 0.1572 0.9675
1341848059.5827 -1.1183 0.0208 0.3888 0.0384 0.1979 0.1580 0.9667
1341848059.6147 -1.1224 0.0211 0.3868 0.0415 0.1986 0.1595 0.9661
1341848059.6507 -1.1240 0.0212 0.3837 0.0434 0.1974 0.1608 0.9661
1341848059.6827 -1.1226 0.0227 0.3825 0.0431 0.1984 0.1589 0.9662
1341848059.7187 -1.1258 0.0212 0.3847 0.0429 0.2016 0.1586 0.9656
1341848059.7509 -1.1296 0.0203 0.3850 0.0456 0.2017 0.1587 0.9654
1341848059.7828 -1.1305 0.0240 0.3806 0.0466 0.2016 0.1573 0.9656
1341848059.8188 -1.1310 0.0234 0.3835 0.0445 0.2045 0.1570 0.9652
1341848059.8507 -1.1348 0.0196 0.3851 0.0465 0.2062 0.1569 0.9647
1341848059.8827 -1.1380 0.0214 0.3805 0.0497 0.2060 0.1549 0.9649
1341848059.9188 -1.1405 0.0230 0.3799 0.0512 0.2054 0.1540 0.9651
1341848059.9508 -1.1415 0.0240 0.3798 0.0529 0.2051 0.1546 0.9650
1341848059.9868 -1.1438 0.0210 0.3792 0.0549 0.2046 0.1549 0.9649
1341848060.0187 -1.1424 0.0231 0.3795 0.0577 0.2047 0.1518 0.9653
1341848060.0507 -1.1426 0.0211 0.3803 0.0609 0.2076 0.1497 0.9648
1341848060.0868 -1.1503 0.0225 0.3761 0.0653 0.2079 0.1478 0.9647
1341848060.1188 -1.1484 0.0259 0.3738 0.0684 0.2050 0.1450 0.9655
1341848060.1508 -1.1445 0.0300 0.3702 0.0686 0.2066 0.1428 0.9655
1341848060.1869 -1.1491 0.0270 0.3742 0.0687 0.2090 0.1418 0.9651
1341848060.2189 -1.1470 0.0276 0.3738 0.0722 0.2080 0.1388 0.9655
1341848060.2548 -1.1424 0.0367 0.3674 0.0727 0.2099 0.1364 0.9654
1341848060.2875 -1.1446 0.0340 0.3721 0.0705 0.2128 0.1360 0.9650
1341848060.3189 -1.1443 0.0322 0.3716 0.0727 0.2122 0.1349 0.9651
1341848060.3546 -1.1387 0.0403 0.3661 0.0730 0.2121 0.1314 0.9656
1341848060.3873 -1.1371 0.0381 0.3700 0.0709 0.2153 0.1298 0.9653
1341848060.4186 -1.1388 0.0375 0.3703 0.0729 0.2152 0.1283 0.9654
1341848060.4548 -1.1324 0.0426 0.3680 0.0744 0.2139 0.1252 0.9659
1341848060.4867 -1.1288 0.0426 0.3687 0.0734 0.2170 0.1219 0.9657
1341848060.5229 -1.1297 0.0398 0.3734 0.0756 0.2184 0.1196 0.9655
1341848060.5547 -1.1236 0.0445 0.3686 0.0796 0.2177 0.1168 0.9657
1341848060.5867 -1.1187 0.0498 0.3652 0.0790 0.2204 0.1143 0.9655
1341848060.6227 -1.1201 0.0450 0.3715 0.0789 0.2229 0.1143 0.9649
1341848060.6561 -1.1170 0.0483 0.3672 0.0823 0.2211 0.1137 0.9651
1341848060.6873 -1.1097 0.0532 0.3637 0.0821 0.2211 0.1129 0.9652
1341848060.7232 -1.1112 0.0481 0.3684 0.0818 0.2230 0.1136 0.9647
1341848060.7579 -1.1112 0.0485 0.3673 0.0844 0.2205 0.1138 0.9650
1341848060.7909 -1.1073 0.0504 0.3653 0.0853 0.2175 0.1139 0.9656
1341848060.8240 -1.1056 0.0470 0.3680 0.0859 0.2156 0.1138 0.9660
1341848060.8624 -1.1026 0.0462 0.3676 0.0882 0.2124 0.1133 0.9666
1341848060.9231 -1.0938 0.0446 0.3689 0.0900 0.2074 0.1140 0.9674
1341848060.9608 -1.0884 0.0436 0.3687 0.0918 0.2047 0.1137 0.9679
1341848060.9969 -1.0830 0.0432 0.3689 0.0927 0.2027 0.1143 0.9681
1341848061.0306 -1.0778 0.0395 0.3702 0.0934 0.2005 0.1146 0.9685
1341848061.0622 -1.0696 0.0379 0.3700 0.0937 0.1989 0.1139 0.9689
1341848061.1006 -1.0628 0.0319 0.3737 0.0941 0.1991 0.1132 0.9689
1341848061.1298 -1.0570 0.0254 0.3747 0.0967 0.1992 0.1120 0.9687
1341848061.1979 -1.0442 0.0178 0.3746 0.1019 0.1993 0.1117 0.9682
1341848061.2594 -1.0321 0.0161 0.3708 0.1088 0.1982 0.1115 0.9677
1341848061.2909 -1.0249 0.0079 0.3725 0.1099 0.1977 0.1122 0.9676
1341848061.3266 -1.0194 0.0078 0.3706 0.1135 0.1978 0.1130 0.9671
1341848061.3589 -1.0132 0.0063 0.3705 0.1147 0.1983 0.1128 0.9668
1341848061.3908 -1.0092 0.0038 0.3701 0.1164 0.1988 0.1144 0.9664
1341848061.4269 -1.0038 0.0045 0.3688 0.1178 0.1982 0.1158 0.9661
1341848061.4588 -0.9977 0.0030 0.3693 0.1174 0.1990 0.1171 0.9659
1341848061.4947 -0.9958 -0.0025 0.3710 0.1180 0.2004 0.1163 0.9656
1341848061.5267 -0.9917 0.0012 0.3690 0.1201 0.2002 0.1160 0.9654
1341848061.5588 -0.9866 0.0045 0.3678 0.1196 0.2003 0.1169 0.9653
1341848061.5947 -0.9836 -0.0019 0.3711 0.1180 0.2019 0.1174 0.9652
1341848061.6267 -0.9812 -0.0027 0.3708 0.1198 0.2023 0.1170 0.9649
1341848061.6588 -0.9741 0.0040 0.3678 0.1200 0.2029 0.1165 0.9648
1341848061.6949 -0.9740 -0.0028 0.3718 0.1180 0.2057 0.1173 0.9644
1341848061.7267 -0.9732 -0.0033 0.3712 0.1196 0.2053 0.1178 0.9642
1341848061.7628 -0.9668 0.0008 0.3693 0.1191 0.2057 0.1167 0.9643
1341848061.7948 -0.9670 -0.0036 0.3723 0.1177 0.2080 0.1162 0.9640
1341848061.8267 -0.9668 -0.0037 0.3727 0.1184 0.2079 0.1165 0.9639
1341848061.8629 -0.9635 0.0006 0.3717 0.1179 0.2075 0.1161 0.9641
1341848061.8948 -0.9630 -0.0046 0.3755 0.1154 0.2085 0.1153 0.9643
1341848061.9307 -0.9621 -0.0052 0.3771 0.1159 0.2084 0.1140 0.9644
1341848061.9628 -0.9602 -0.0018 0.3769 0.1155 0.2078 0.1137 0.9646
1341848061.9972 -0.9608 -0.0038 0.3805 0.1137 0.2072 0.1135 0.9650
1341848062.0307 -0.9569 -0.0058 0.3834 0.1125 0.2056 0.1115 0.9657
1341848062.0633 -0.9552 -0.0053 0.3851 0.1115 0.2055 0.1097 0.9661
1341848062.0949 -0.9543 -0.0068 0.3888 0.1101 0.2038 0.1085 0.9667
1341848062.1308 -0.9508 -0.0079 0.3914 0.1087 0.2016 0.1081 0.9674
1341848062.1634 -0.9489 -0.0126 0.3958 0.1074 0.2006 0.1048 0.9681
1341848062.1987 -0.9458 -0.0127 0.3979 0.1074 0.1995 0.1004 0.9688
1341848062.2308 -0.9456 -0.0102 0.3995 0.1073 0.1981 0.0987 0.9693
1341848062.2628 -0.9440 -0.0085 0.4017 0.1056 0.1946 0.0989 0.9702
1341848062.2993 -0.9416 -0.0116 0.4050 0.1034 0.1923 0.0979 0.9710
1341848062.3308 -0.9367 -0.0132 0.4074 0.1023 0.1909 0.0960 0.9715
1341848062.3628 -0.9385 -0.0155 0.4100 0.1024 0.1902 0.0947 0.9718
1341848062.3988 -0.9340 -0.0130 0.4101 0.1035 0.1866 0.0944 0.9724
1341848062.4308 -0.9311 -0.0119 0.4102 0.1031 0.1846 0.0967 0.9726
1341848062.4669 -0.9298 -0.0131 0.4120 0.1026 0.1820 0.0981 0.9730
1341848062.4987 -0.9264 -0.0146 0.4129 0.1027 0.1791 0.1007 0.9733
1341848062.5307 -0.9220 -0.0128 0.4112 0.1029 0.1772 0.1008 0.9736
1341848062.5669 -0.9168 -0.0112 0.4118 0.1018 0.1767 0.1010 0.9738
1341848062.5988 -0.9183 -0.0138 0.4137 0.1020 0.1748 0.1033 0.9738
1341848062.6308 -0.9110 -0.0089 0.4103 0.1024 0.1703 0.1058 0.9743
1341848062.6667 -0.9037 -0.0120 0.4121 0.1005 0.1693 0.1063 0.9747
1341848062.6987 -0.9002 -0.0169 0.4132 0.1016 0.1690 0.1058 0.9746
1341848062.7349 -0.8932 -0.0102 0.4088 0.1039 0.1666 0.1057 0.9748
1341848062.7668 -0.8861 -0.0081 0.4085 0.1022 0.1655 0.1068 0.9751
1341848062.7987 -0.8837 -0.0152 0.4108 0.1016 0.1646 0.1071 0.9752
1341848062.8348 -0.8770 -0.0092 0.4066 0.1033 0.1612 0.1059 0.9758
1341848062.8668 -0.8681 -0.0074 0.4057 0.1013 0.1597 0.1047 0.9764
1341848062.8991 -0.8665 -0.0131 0.4082 0.0996 0.1591 0.1029 0.9768
1341848062.9350 -0.8595 -0.0126 0.4058 0.1006 0.1559 0.0978 0.9778
1341848062.9669 -0.8482 -0.0071 0.4030 0.0996 0.1549 0.0933 0.9785
1341848063.0029 -0.8464 -0.0118 0.4059 0.0973 0.1550 0.0927 0.9787
1341848063.0350 -0.8398 -0.0133 0.4051 0.0979 0.1503 0.0919 0.9795
1341848063.0667 -0.8283 -0.0121 0.4037 0.0977 0.1476 0.0910 0.9800
1341848063.1028 -0.8213 -0.0168 0.4046 0.0980 0.1465 0.0894 0.9803
1341848063.1350 -0.8147 -0.0124 0.4005 0.0997 0.1435 0.0888 0.9806
1341848063.1707 -0.8054 -0.0118 0.4000 0.0987 0.1398 0.0889 0.9812
1341848063.2027 -0.7968 -0.0154 0.4006 0.0979 0.1379 0.0882 0.9816
1341848063.2350 -0.7878 -0.0154 0.3992 0.0988 0.1366 0.0847 0.9820
1341848063.2708 -0.7775 -0.0131 0.3981 0.0988 0.1362 0.0820 0.9823
1341848063.3028 -0.7727 -0.0131 0.3972 0.0981 0.1363 0.0798 0.9826
1341848063.3349 -0.7664 -0.0131 0.3976 0.0973 0.1338 0.0769 0.9832
1341848063.3707 -0.7538 -0.0102 0.3962 0.0956 0.1327 0.0752 0.9837
1341848063.4027 -0.7483 -0.0117 0.3975 0.0933 0.1344 0.0719 0.9839
1341848063.4393 -0.7438 -0.0136 0.4006 0.0917 0.1345 0.0692 0.9842
1341848063.4707 -0.7315 -0.0079 0.3975 0.0910 0.1334 0.0674 0.9846
1341848063.5028 -0.7263 -0.0097 0.4023 0.0862 0.1359 0.0664 0.9847
1341848063.5418 -0.7233 -0.0185 0.4092 0.0853 0.1358 0.0673 0.9848
1341848063.5778 -0.7122 -0.0095 0.4045 0.0869 0.1338 0.0690 0.9848
1341848063.6097 -0.7076 -0.0110 0.4097 0.0829 0.1344 0.0706 0.9849
1341848063.6430 -0.7042 -0.0161 0.4150 0.0820 0.1331 0.0715 0.9851
1341848063.6780 -0.6953 -0.0088 0.4113 0.0816 0.1306 0.0719 0.9855
1341848063.7099 -0.6913 -0.0085 0.4160 0.0768 0.1294 0.0728 0.9859
1341848063.7458 -0.6876 -0.0150 0.4242 0.0741 0.1271 0.0729 0.9864
1341848063.7778 -0.6780 -0.0134 0.4251 0.0737 0.1250 0.0699 0.9869
1341848063.8098 -0.6727 -0.0159 0.4315 0.0715 0.1254 0.0684 0.9872
1341848063.8457 -0.6687 -0.0222 0.4380 0.0716 0.1234 0.0676 0.9875
1341848063.8779 -0.6563 -0.0198 0.4393 0.0723 0.1207 0.0669 0.9878
1341848063.9138 -0.6471 -0.0295 0.4489 0.0705 0.1224 0.0640 0.9879
1341848063.9458 -0.6438 -0.0366 0.4556 0.0730 0.1239 0.0609 0.9877
1341848063.9779 -0.6367 -0.0355 0.4601 0.0764 0.1208 0.0621 0.9878
1341848064.0140 -0.6260 -0.0376 0.4654 0.0764 0.1181 0.0636 0.9880
1341848064.0458 -0.6221 -0.0507 0.4775 0.0760 0.1173 0.0620 0.9882
1341848064.0817 -0.6091 -0.0503 0.4793 0.0796 0.1143 0.0598 0.9884
1341848064.1137 -0.5953 -0.0497 0.4835 0.0787 0.1143 0.0602 0.9885
1341848064.1458 -0.5945 -0.0603 0.4976 0.0772 0.1153 0.0618 0.9884
1341848064.1818 -0.5824 -0.0638 0.5011 0.0788 0.1112 0.0638 0.9886
1341848064.2139 -0.5647 -0.0645 0.5033 0.0781 0.1096 0.0634 0.9889
1341848064.2498 -0.5551 -0.0744 0.5168 0.0769 0.1127 0.0627 0.9887
1341848064.2830 -0.5472 -0.0798 0.5234 0.0795 0.1126 0.0624 0.9885
1341848064.3138 -0.5285 -0.0757 0.5234 0.0809 0.1104 0.0628 0.9886
1341848064.3498 -0.5166 -0.0848 0.5338 0.0792 0.1120 0.0623 0.9886
1341848064.3826 -0.5031 -0.0885 0.5374 0.0807 0.1125 0.0620 0.9884
1341848064.4181 -0.4890 -0.0858 0.5378 0.0809 0.1125 0.0619 0.9884
1341848064.4498 -0.4785 -0.0941 0.5484 0.0778 0.1133 0.0589 0.9888
1341848064.4818 -0.4659 -0.1040 0.5554 0.0779 0.1144 0.0546 0.9889
1341848064.5180 -0.4516 -0.1043 0.5557 0.0800 0.1150 0.0524 0.9887
1341848064.5497 -0.4420 -0.1083 0.5620 0.0803 0.1157 0.0527 0.9886
1341848064.5817 -0.4335 -0.1153 0.5676 0.0819 0.1150 0.0549 0.9885
1341848064.6177 -0.4203 -0.1148 0.5651 0.0846 0.1131 0.0556 0.9884
1341848064.6497 -0.4104 -0.1138 0.5657 0.0858 0.1126 0.0569 0.9883
1341848064.6858 -0.4051 -0.1150 0.5685 0.0860 0.1105 0.0596 0.9884
1341848064.7499 -0.3833 -0.1159 0.5679 0.0844 0.1095 0.0570 0.9888
1341848064.8107 -0.3710 -0.1162 0.5705 0.0857 0.1064 0.0561 0.9890
1341848064.8427 -0.3624 -0.1167 0.5718 0.0842 0.1047 0.0559 0.9894
1341848064.8788 -0.3582 -0.1210 0.5768 0.0839 0.1040 0.0569 0.9894
1341848064.9108 -0.3482 -0.1170 0.5725 0.0852 0.1004 0.0597 0.9895
1341848064.9469 -0.3386 -0.1154 0.5719 0.0835 0.0983 0.0626 0.9897
1341848064.9788 -0.3333 -0.1229 0.5793 0.0821 0.0977 0.0639 0.9898
1341848065.0108 -0.3214 -0.1206 0.5744 0.0845 0.0956 0.0649 0.9897
1341848065.0468 -0.3116 -0.1159 0.5731 0.0839 0.0950 0.0657 0.9898
1341848065.0787 -0.3101 -0.1211 0.5798 0.0828 0.0942 0.0677 0.9898
1341848065.1107 -0.2957 -0.1179 0.5754 0.0835 0.0900 0.0697 0.9900
1341848065.1467 -0.2887 -0.1180 0.5784 0.0820 0.0903 0.0695 0.9901
1341848065.1788 -0.2833 -0.1287 0.5844 0.0826 0.0899 0.0683 0.9902
1341848065.2148 -0.2713 -0.1193 0.5778 0.0872 0.0879 0.0678 0.9900
1341848065.2468 -0.2622 -0.1137 0.5767 0.0858 0.0864 0.0657 0.9904
1341848065.2787 -0.2566 -0.1247 0.5818 0.0838 0.0866 0.0647 0.9906
1341848065.3148 -0.2473 -0.1194 0.5780 0.0866 0.0848 0.0628 0.9906
1341848065.3468 -0.2379 -0.1196 0.5782 0.0859 0.0836 0.0601 0.9910
1341848065.3828 -0.2279 -0.1224 0.5771 0.0865 0.0828 0.0596 0.9910
1341848065.4149 -0.2210 -0.1200 0.5775 0.0876 0.0819 0.0582 0.9911
1341848065.4467 -0.2111 -0.1254 0.5786 0.0876 0.0807 0.0548 0.9914
1341848065.4828 -0.1983 -0.1241 0.5755 0.0898 0.0802 0.0536 0.9913
1341848065.5147 -0.1918 -0.1231 0.5762 0.0909 0.0801 0.0533 0.9912
1341848065.5469 -0.1838 -0.1258 0.5769 0.0908 0.0786 0.0523 0.9914
1341848065.5827 -0.1724 -0.1276 0.5758 0.0921 0.0778 0.0509 0.9914
1341848065.6148 -0.1678 -0.1257 0.5760 0.0931 0.0776 0.0497 0.9914
1341848065.6829 -0.1557 -0.1292 0.5769 0.0935 0.0733 0.0468 0.9918
1341848065.7148 -0.1455 -0.1232 0.5728 0.0944 0.0709 0.0449 0.9920
1341848065.7507 -0.1465 -0.1232 0.5749 0.0928 0.0699 0.0428 0.9923
1341848065.7827 -0.1415 -0.1238 0.5750 0.0921 0.0652 0.0399 0.9928
1341848065.8147 -0.1298 -0.1200 0.5713 0.0915 0.0620 0.0365 0.9932
1341848065.8507 -0.1309 -0.1206 0.5740 0.0896 0.0617 0.0306 0.9936
1341848065.9187 -0.1260 -0.1113 0.5689 0.0872 0.0491 0.0291 0.9946
1341848065.9508 -0.1195 -0.1117 0.5710 0.0825 0.0435 0.0256 0.9953
1341848065.9828 -0.1200 -0.1168 0.5752 0.0799 0.0402 0.0219 0.9958
1341848066.0188 -0.1104 -0.1100 0.5705 0.0800 0.0345 0.0184 0.9960
1341848066.0507 -0.1046 -0.1081 0.5721 0.0768 0.0315 0.0146 0.9964
1341848066.0828 -0.1031 -0.1125 0.5750 0.0746 0.0290 0.0141 0.9967
1341848066.1187 -0.0990 -0.1101 0.5750 0.0746 0.0246 0.0139 0.9968
1341848066.1510 -0.0879 -0.1085 0.5745 0.0729 0.0197 0.0122 0.9971
1341848066.1868 -0.0836 -0.1107 0.5772 0.0704 0.0191 0.0127 0.9973
1341848066.2187 -0.0840 -0.1142 0.5805 0.0696 0.0163 0.0119 0.9974
1341848066.2508 -0.0706 -0.1132 0.5797 0.0697 0.0120 0.0107 0.9974
1341848066.2867 -0.0652 -0.1157 0.5831 0.0685 0.0116 0.0087 0.9975
1341848066.3187 -0.0614 -0.1231 0.5874 0.0687 0.0108 0.0076 0.9976
1341848066.3548 -0.0501 -0.1217 0.5884 0.0710 0.0086 0.0074 0.9974
1341848066.3868 -0.0435 -0.1263 0.5925 0.0712 0.0083 0.0064 0.9974
1341848066.4188 -0.0409 -0.1317 0.5971 0.0728 0.0077 0.0062 0.9973
1341848066.4547 -0.0316 -0.1309 0.5989 0.0753 0.0042 0.0053 0.9971
1341848066.4869 -0.0219 -0.1312 0.6021 0.0755 0.0019 0.0035 0.9971
1341848066.5228 -0.0189 -0.1366 0.6074 0.0748 0.0010 0.0014 0.9972
1341848066.5551 -0.0129 -0.1398 0.6110 0.0760 -0.0019 -0.0020 0.9971
1341848066.6235 0.0037 -0.1473 0.6204 0.0774 -0.0028 -0.0106 0.9969
1341848066.6552 0.0116 -0.1494 0.6247 0.0794 -0.0046 -0.0136 0.9967
1341848066.6977 0.0225 -0.1502 0.6285 0.0804 -0.0054 -0.0162 0.9966
1341848066.7325 0.0262 -0.1587 0.6351 0.0808 -0.0052 -0.0194 0.9965
1341848066.7644 0.0365 -0.1624 0.6385 0.0836 -0.0062 -0.0219 0.9962
1341848066.7953 0.0460 -0.1609 0.6406 0.0864 -0.0059 -0.0261 0.9959
1341848066.8334 0.0485 -0.1645 0.6458 0.0871 -0.0060 -0.0298 0.9957
1341848066.8621 0.0614 -0.1635 0.6463 0.0886 -0.0085 -0.0310 0.9955
1341848066.9050 0.0691 -0.1620 0.6487 0.0878 -0.0088 -0.0329 0.9956
1341848066.9302 0.0701 -0.1687 0.6548 0.0865 -0.0095 -0.0345 0.9956
1341848066.9979 0.0936 -0.1658 0.6560 0.0863 -0.0111 -0.0385 0.9955
1341848067.0547 0.1033 -0.1718 0.6618 0.0856 -0.0127 -0.0421 0.9954
1341848067.0909 0.1075 -0.1750 0.6646 0.0847 -0.0112 -0.0443 0.9954
1341848067.1230 0.1052 -0.1834 0.6675 0.0856 -0.0110 -0.0455 0.9952
1341848067.1588 0.1163 -0.1793 0.6658 0.0896 -0.0132 -0.0450 0.9949
1341848067.1911 0.1197 -0.1768 0.6667 0.0903 -0.0131 -0.0448 0.9948
1341848067.2229 0.1230 -0.1821 0.6680 0.0901 -0.0140 -0.0435 0.9949
1341848067.2587 0.1330 -0.1790 0.6669 0.0917 -0.0151 -0.0415 0.9948
1341848067.3228 0.1375 -0.1817 0.6685 0.0908 -0.0146 -0.0365 0.9951
1341848067.3587 0.1469 -0.1793 0.6671 0.0915 -0.0165 -0.0336 0.9951
1341848067.3907 0.1535 -0.1798 0.6676 0.0905 -0.0151 -0.0313 0.9953
1341848067.4269 0.1535 -0.1819 0.6677 0.0903 -0.0134 -0.0286 0.9954
1341848067.4587 0.1624 -0.1772 0.6654 0.0911 -0.0140 -0.0254 0.9954
1341848067.4915 0.1687 -0.1746 0.6649 0.0891 -0.0125 -0.0229 0.9957
1341848067.5267 0.1675 -0.1784 0.6654 0.0874 -0.0101 -0.0219 0.9959
1341848067.5588 0.1763 -0.1752 0.6629 0.0878 -0.0099 -0.0215 0.9959
1341848067.5947 0.1806 -0.1762 0.6629 0.0866 -0.0067 -0.0229 0.9960
1341848067.6267 0.1767 -0.1827 0.6631 0.0868 -0.0034 -0.0240 0.9959
1341848067.6590 0.1839 -0.1800 0.6601 0.0901 -0.0035 -0.0233 0.9957
1341848067.6949 0.1888 -0.1790 0.6585 0.0911 -0.0017 -0.0224 0.9956
1341848067.7267 0.1865 -0.1842 0.6568 0.0925 -0.0004 -0.0205 0.9955
1341848067.7587 0.1970 -0.1787 0.6533 0.0961 -0.0014 -0.0185 0.9952
1341848067.7948 0.2001 -0.1769 0.6517 0.0967 0.0010 -0.0167 0.9952
1341848067.8268 0.1991 -0.1813 0.6504 0.0973 0.0021 -0.0142 0.9951
1341848067.8628 0.2094 -0.1763 0.6466 0.0996 0.0018 -0.0123 0.9950
