step,beam,channel,subset,bqs,marginal
1,seed,0,[0],0.46977743128177796,0.46977743128177796
1,seed,1,[1],0.3728878079193319,0.3728878079193319
1,seed,2,[2],0.4239571225016168,0.4239571225016168
1,seed,3,[3],0.49407897511964877,0.49407897511964877
1,seed,4,[4],0.30964639243817754,0.30964639243817754
1,seed,5,[5],0.42580005458551434,0.42580005458551434
1,seed,6,[6],0.4744781584459751,0.4744781584459751
1,seed,7,[7],0.4196794375523557,0.4196794375523557
1,seed,8,[8],0.43257915710871403,0.43257915710871403
1,seed,9,[9],0.42704273013747235,0.42704273013747235
1,seed,10,[10],0.4841216250200434,0.4841216250200434
1,seed,11,[11],0.4814382220418884,0.4814382220418884
1,seed,12,[12],0.41849550048779893,0.41849550048779893
1,seed,13,[13],0.5253628331274777,0.5253628331274777
1,seed,14,[14],0.47686839049891877,0.47686839049891877
1,seed,15,[15],0.33639083839527945,0.33639083839527945
1,seed,16,[16],0.4521704767590375,0.4521704767590375
1,seed,17,[17],0.5634441328325115,0.5634441328325115
1,seed,18,[18],0.5313424876116126,0.5313424876116126
1,seed,19,[19],0.5380825948279173,0.5380825948279173
1,seed,20,[20],0.47034454129361764,0.47034454129361764
1,seed,21,[21],0.42234126599866006,0.42234126599866006
1,seed,22,[22],0.4281696983559796,0.4281696983559796
1,seed,23,[23],0.44069274501196787,0.44069274501196787
1,seed,24,[24],0.4849489542061543,0.4849489542061543
1,seed,25,[25],0.4673622657522424,0.4673622657522424
1,seed,26,[26],0.42187880221742297,0.42187880221742297
1,seed,27,[27],0.49518247267804444,0.49518247267804444
1,seed,28,[28],0.37810323038305715,0.37810323038305715
1,seed,29,[29],0.4903273896421369,0.4903273896421369
1,seed,30,[30],0.4619948432081301,0.4619948432081301
1,seed,31,[31],0.4871877470855565,0.4871877470855565
1,seed,32,[32],0.3708834769266226,0.3708834769266226
1,seed,33,[33],0.5349867415611601,0.5349867415611601
1,seed,34,[34],0.5502917169380402,0.5502917169380402
1,seed,35,[35],0.559903826675599,0.559903826675599
1,seed,36,[36],0.5008093382834373,0.5008093382834373
1,seed,37,[37],0.5279372210424753,0.5279372210424753
1,seed,38,[38],0.5129985265092583,0.5129985265092583
1,seed,39,[39],0.5376070681007736,0.5376070681007736
1,seed,40,[40],0.5444591158209632,0.5444591158209632
1,seed,41,[41],0.3891975553923122,0.3891975553923122
1,seed,42,[42],0.5080994115248649,0.5080994115248649
1,seed,43,[43],0.5390057250224497,0.5390057250224497
1,seed,44,[44],0.4838792551533487,0.4838792551533487
1,seed,45,[45],0.5787853750363797,0.5787853750363797
1,seed,46,[46],0.5200747466410778,0.5200747466410778
1,seed,47,[47],0.372708478287658,0.372708478287658
1,seed,48,[48],0.3349903551259988,0.3349903551259988
1,seed,49,[49],0.46803971643185616,0.46803971643185616
1,seed,50,[50],0.5339765910777543,0.5339765910777543
1,seed,51,[51],0.558961425430295,0.558961425430295
1,seed,52,[52],0.4813072048855711,0.4813072048855711
1,seed,53,[53],0.5357727804261811,0.5357727804261811
1,seed,54,[54],0.5357849714162585,0.5357849714162585
1,seed,55,[55],0.4204901452246344,0.4204901452246344
1,seed,56,[56],0.5363446354403063,0.5363446354403063
1,seed,57,[57],0.41091772357741435,0.41091772357741435
1,seed,58,[58],0.6339880118787415,0.6339880118787415
1,seed,59,[59],0.5066265461491707,0.5066265461491707
1,seed,60,[60],0.542966878336938,0.542966878336938
1,seed,61,[61],0.5508271610467412,0.5508271610467412
1,seed,62,[62],0.46872657300324416,0.46872657300324416
1,seed,63,[63],0.2802697273926852,0.2802697273926852
1,seed,64,[64],0.4378829417314793,0.4378829417314793
1,seed,65,[65],0.4795414331970122,0.4795414331970122
1,seed,66,[66],0.5489136872690299,0.5489136872690299
1,seed,67,[67],0.6023735278618918,0.6023735278618918
1,seed,68,[68],0.36526896810037857,0.36526896810037857
1,seed,69,[69],0.44863430581897845,0.44863430581897845
1,seed,70,[70],0.4120060451738634,0.4120060451738634
1,seed,71,[71],0.49781323657709853,0.49781323657709853
1,seed,72,[72],0.25655664404633965,0.25655664404633965
1,seed,73,[73],0.41525815279706874,0.41525815279706874
1,seed,74,[74],0.3859149707350011,0.3859149707350011
1,seed,75,[75],0.6648425741818136,0.6648425741818136
1,seed,76,[76],0.4171295152974243,0.4171295152974243
1,seed,77,[77],0.383485089457213,0.383485089457213
1,seed,78,[78],0.4595023780140733,0.4595023780140733
1,seed,79,[79],0.2149939375269574,0.2149939375269574
1,seed,80,[80],0.4313004526485819,0.4313004526485819
1,seed,81,[81],0.5405382001789232,0.5405382001789232
1,seed,82,[82],0.39373360524530887,0.39373360524530887
1,seed,83,[83],0.5980379771240625,0.5980379771240625
1,seed,84,[84],0.4511114069148728,0.4511114069148728
1,seed,85,[85],0.4716703831332642,0.4716703831332642
1,seed,86,[86],0.46114843518452314,0.46114843518452314
1,seed,87,[87],0.48377836332946844,0.48377836332946844
1,seed,88,[88],0.5525355381262408,0.5525355381262408
1,seed,89,[89],0.4258245697274049,0.4258245697274049
1,seed,90,[90],0.5021750044252077,0.5021750044252077
1,seed,91,[91],0.4736253820334299,0.4736253820334299
1,seed,92,[92],0.4906325487937495,0.4906325487937495
1,seed,93,[93],0.5320541721227495,0.5320541721227495
1,seed,94,[94],0.5306479754494443,0.5306479754494443
1,seed,95,[95],0.44994545423772875,0.44994545423772875
1,seed,96,[96],0.49209675441280537,0.49209675441280537
1,seed,97,[97],0.5228321009899121,0.5228321009899121
1,seed,98,[98],0.6191787217144088,0.6191787217144088
1,seed,99,[99],0.5153259702452948,0.5153259702452948
1,seed,100,[100],0.38809432268623595,0.38809432268623595
1,seed,101,[101],0.5320473002265039,0.5320473002265039
1,seed,102,[102],0.4191280616641284,0.4191280616641284
1,seed,103,[103],0.5220180827394721,0.5220180827394721
1,seed,104,[104],0.5439942474133849,0.5439942474133849
1,seed,105,[105],0.3747463847945428,0.3747463847945428
1,seed,106,[106],0.5437775339572835,0.5437775339572835
1,seed,107,[107],0.5255530285166068,0.5255530285166068
1,seed,108,[108],0.4592047398739687,0.4592047398739687
1,seed,109,[109],0.5776665139551482,0.5776665139551482
1,seed,110,[110],0.4194411399505497,0.4194411399505497
1,seed,111,[111],0.36749732893915993,0.36749732893915993
1,seed,112,[112],0.6653688895924722,0.6653688895924722
1,seed,113,[113],0.4873371372990813,0.4873371372990813
1,seed,114,[114],0.35774260868810437,0.35774260868810437
1,seed,115,[115],0.5420822224710747,0.5420822224710747
1,seed,116,[116],0.4700936919884149,0.4700936919884149
1,seed,117,[117],0.5638206633865934,0.5638206633865934
1,seed,118,[118],0.40778883945611005,0.40778883945611005
1,seed,119,[119],0.4368618100811965,0.4368618100811965
1,seed,120,[120],0.5674624365901807,0.5674624365901807
1,seed,121,[121],0.6024894759951258,0.6024894759951258
1,seed,122,[122],0.42873981640323783,0.42873981640323783
1,seed,123,[123],0.5088116177437996,0.5088116177437996
1,seed,124,[124],0.5315932327515634,0.5315932327515634
1,seed,125,[125],0.40684853009867555,0.40684853009867555
1,seed,126,[126],0.45875828961876225,0.45875828961876225
1,seed,127,[127],0.4277844421250017,0.4277844421250017
2,beam1(seed=ch112),0,"[112, 0]",0.6438405259767626,-0.021528
2,beam1(seed=ch112),1,"[112, 1]",0.6199287498632515,-0.04544
2,beam1(seed=ch112),2,"[112, 2]",0.5647321669993878,-0.100637
2,beam1(seed=ch112),3,"[112, 3]",0.5693620053572186,-0.096007
2,beam1(seed=ch112),4,"[112, 4]",0.559987278953614,-0.105382
2,beam1(seed=ch112),5,"[112, 5]",0.50518973146279,-0.160179
2,beam1(seed=ch112),6,"[112, 6]",0.560169937362786,-0.105199
2,beam1(seed=ch112),7,"[112, 7]",0.586005379631996,-0.079364
2,beam1(seed=ch112),8,"[112, 8]",0.534371467564455,-0.130997
2,beam1(seed=ch112),9,"[112, 9]",0.6089440926605987,-0.056425
2,beam1(seed=ch112),10,"[112, 10]",0.6048076111329201,-0.060561
2,beam1(seed=ch112),11,"[112, 11]",0.6377922477004939,-0.027577
2,beam1(seed=ch112),12,"[112, 12]",0.6304428667467412,-0.034926
2,beam1(seed=ch112),13,"[112, 13]",0.6364565297766972,-0.028912
2,beam1(seed=ch112),14,"[112, 14]",0.6054558425216264,-0.059913
2,beam1(seed=ch112),15,"[112, 15]",0.5643066957475394,-0.101062
2,beam1(seed=ch112),16,"[112, 16]",0.5936969026898649,-0.071672
2,beam1(seed=ch112),17,"[112, 17]",0.6517471226005962,-0.013622
2,beam1(seed=ch112),18,"[112, 18]",0.642576903528572,-0.022792
2,beam1(seed=ch112),19,"[112, 19]",0.6364436442254751,-0.028925
2,beam1(seed=ch112),20,"[112, 20]",0.6437040522125506,-0.021665
2,beam1(seed=ch112),21,"[112, 21]",0.5160775010195396,-0.149291
2,beam1(seed=ch112),22,"[112, 22]",0.58193984826455,-0.083429
2,beam1(seed=ch112),23,"[112, 23]",0.5392176362698549,-0.126151
2,beam1(seed=ch112),24,"[112, 24]",0.5981542553006245,-0.067215
2,beam1(seed=ch112),25,"[112, 25]",0.5361855770835017,-0.129183
2,beam1(seed=ch112),26,"[112, 26]",0.5655773000398915,-0.099792
2,beam1(seed=ch112),27,"[112, 27]",0.6524021706563912,-0.012967
2,beam1(seed=ch112),28,"[112, 28]",0.594707887799746,-0.070661
2,beam1(seed=ch112),29,"[112, 29]",0.6116473999179449,-0.053721
2,beam1(seed=ch112),30,"[112, 30]",0.6021419908711194,-0.063227
2,beam1(seed=ch112),31,"[112, 31]",0.5794019093594555,-0.085967
2,beam1(seed=ch112),32,"[112, 32]",0.5696531299858579,-0.095716
2,beam1(seed=ch112),33,"[112, 33]",0.6416081847494668,-0.023761
2,beam1(seed=ch112),34,"[112, 34]",0.661946376345337,-0.003423
2,beam1(seed=ch112),35,"[112, 35]",0.5963253570133319,-0.069044
2,beam1(seed=ch112),36,"[112, 36]",0.5949663480406684,-0.070403
2,beam1(seed=ch112),37,"[112, 37]",0.5948433460157888,-0.070526
2,beam1(seed=ch112),38,"[112, 38]",0.6459996866698973,-0.019369
2,beam1(seed=ch112),39,"[112, 39]",0.6451515365146001,-0.020217
2,beam1(seed=ch112),40,"[112, 40]",0.6496090948837961,-0.01576
2,beam1(seed=ch112),41,"[112, 41]",0.588063273390797,-0.077306
2,beam1(seed=ch112),42,"[112, 42]",0.6183702563602043,-0.046999
2,beam1(seed=ch112),43,"[112, 43]",0.6679496919990352,0.002581
2,beam1(seed=ch112),44,"[112, 44]",0.656807561078202,-0.008561
2,beam1(seed=ch112),45,"[112, 45]",0.6566552248551505,-0.008714
2,beam1(seed=ch112),46,"[112, 46]",0.642187546938785,-0.023181
2,beam1(seed=ch112),47,"[112, 47]",0.5699996596724868,-0.095369
2,beam1(seed=ch112),48,"[112, 48]",0.505118894987233,-0.16025
2,beam1(seed=ch112),49,"[112, 49]",0.580451400350548,-0.084917
2,beam1(seed=ch112),50,"[112, 50]",0.6396738019478064,-0.025695
2,beam1(seed=ch112),51,"[112, 51]",0.5937714113930345,-0.071597
2,beam1(seed=ch112),52,"[112, 52]",0.5769393826128941,-0.08843
2,beam1(seed=ch112),53,"[112, 53]",0.6393341487565118,-0.026035
2,beam1(seed=ch112),54,"[112, 54]",0.6545556166747167,-0.010813
2,beam1(seed=ch112),55,"[112, 55]",0.642340135964057,-0.023029
2,beam1(seed=ch112),56,"[112, 56]",0.6098263124505638,-0.055543
2,beam1(seed=ch112),57,"[112, 57]",0.6475093714205564,-0.01786
2,beam1(seed=ch112),58,"[112, 58]",0.6545969292150097,-0.010772
2,beam1(seed=ch112),59,"[112, 59]",0.6381510749613765,-0.027218
2,beam1(seed=ch112),60,"[112, 60]",0.5982269846547424,-0.067142
2,beam1(seed=ch112),61,"[112, 61]",0.6592644348960708,-0.006104
2,beam1(seed=ch112),62,"[112, 62]",0.5448865998299739,-0.120482
2,beam1(seed=ch112),63,"[112, 63]",0.6028857329589525,-0.062483
2,beam1(seed=ch112),64,"[112, 64]",0.5903119431471558,-0.075057
2,beam1(seed=ch112),65,"[112, 65]",0.6268173453541093,-0.038552
2,beam1(seed=ch112),66,"[112, 66]",0.6561740008879959,-0.009195
2,beam1(seed=ch112),67,"[112, 67]",0.6566517790809702,-0.008717
2,beam1(seed=ch112),68,"[112, 68]",0.5483709552611451,-0.116998
2,beam1(seed=ch112),69,"[112, 69]",0.522028243737447,-0.143341
2,beam1(seed=ch112),70,"[112, 70]",0.6298911522694998,-0.035478
2,beam1(seed=ch112),71,"[112, 71]",0.5770523373465954,-0.088317
2,beam1(seed=ch112),72,"[112, 72]",0.37501632841446647,-0.290353
2,beam1(seed=ch112),73,"[112, 73]",0.5435999828310594,-0.121769
2,beam1(seed=ch112),74,"[112, 74]",0.6321586731024466,-0.03321
2,beam1(seed=ch112),75,"[112, 75]",0.6698076194465329,0.004439
2,beam1(seed=ch112),76,"[112, 76]",0.48754655088788634,-0.177822
2,beam1(seed=ch112),77,"[112, 77]",0.5714453020942205,-0.093924
2,beam1(seed=ch112),78,"[112, 78]",0.6442469524913731,-0.021122
2,beam1(seed=ch112),79,"[112, 79]",0.35298505503028665,-0.312384
2,beam1(seed=ch112),80,"[112, 80]",0.6105420967849542,-0.054827
2,beam1(seed=ch112),81,"[112, 81]",0.6401247311986249,-0.025244
2,beam1(seed=ch112),82,"[112, 82]",0.6272409191243724,-0.038128
2,beam1(seed=ch112),83,"[112, 83]",0.6399388441126103,-0.02543
2,beam1(seed=ch112),84,"[112, 84]",0.630416513395563,-0.034952
2,beam1(seed=ch112),85,"[112, 85]",0.6515997179676347,-0.013769
2,beam1(seed=ch112),86,"[112, 86]",0.6049570294892578,-0.060412
2,beam1(seed=ch112),87,"[112, 87]",0.6065638812142893,-0.058805
2,beam1(seed=ch112),88,"[112, 88]",0.6147940367836625,-0.050575
2,beam1(seed=ch112),89,"[112, 89]",0.6076835407034202,-0.057685
2,beam1(seed=ch112),90,"[112, 90]",0.6145952182420907,-0.050774
2,beam1(seed=ch112),91,"[112, 91]",0.5716878192796195,-0.093681
2,beam1(seed=ch112),92,"[112, 92]",0.5654746944446815,-0.099894
2,beam1(seed=ch112),93,"[112, 93]",0.6437379404365509,-0.021631
2,beam1(seed=ch112),94,"[112, 94]",0.6529842199645307,-0.012385
2,beam1(seed=ch112),95,"[112, 95]",0.6048087763831284,-0.06056
2,beam1(seed=ch112),96,"[112, 96]",0.593577791321688,-0.071791
2,beam1(seed=ch112),97,"[112, 97]",0.6570632571073185,-0.008306
2,beam1(seed=ch112),98,"[112, 98]",0.6492898948993155,-0.016079
2,beam1(seed=ch112),99,"[112, 99]",0.6306583684757011,-0.034711
2,beam1(seed=ch112),100,"[112, 100]",0.6103649295645942,-0.055004
2,beam1(seed=ch112),101,"[112, 101]",0.6643542060020058,-0.001015
2,beam1(seed=ch112),102,"[112, 102]",0.5979754865264018,-0.067393
2,beam1(seed=ch112),103,"[112, 103]",0.6282274558343435,-0.037141
2,beam1(seed=ch112),104,"[112, 104]",0.6450301389535387,-0.020339
2,beam1(seed=ch112),105,"[112, 105]",0.552005381958905,-0.113364
2,beam1(seed=ch112),106,"[112, 106]",0.6185248500385555,-0.046844
2,beam1(seed=ch112),107,"[112, 107]",0.6601145824130429,-0.005254
2,beam1(seed=ch112),108,"[112, 108]",0.5472876983546281,-0.118081
2,beam1(seed=ch112),109,"[112, 109]",0.6282532753945962,-0.037116
2,beam1(seed=ch112),110,"[112, 110]",0.5271977825951859,-0.138171
2,beam1(seed=ch112),111,"[112, 111]",0.5113738904591706,-0.153995
2,beam1(seed=ch112),113,"[112, 113]",0.563303716299895,-0.102065
2,beam1(seed=ch112),114,"[112, 114]",0.6162845477238585,-0.049084
2,beam1(seed=ch112),115,"[112, 115]",0.6077017498143926,-0.057667
2,beam1(seed=ch112),116,"[112, 116]",0.6040857679849208,-0.061283
2,beam1(seed=ch112),117,"[112, 117]",0.6554586222977442,-0.00991
2,beam1(seed=ch112),118,"[112, 118]",0.5223957182503121,-0.142973
2,beam1(seed=ch112),119,"[112, 119]",0.6115146244986619,-0.053854
2,beam1(seed=ch112),120,"[112, 120]",0.6570974364411722,-0.008271
2,beam1(seed=ch112),121,"[112, 121]",0.6651353125774155,-0.000234
2,beam1(seed=ch112),122,"[112, 122]",0.5846693418032067,-0.0807
2,beam1(seed=ch112),123,"[112, 123]",0.6611476055580867,-0.004221
2,beam1(seed=ch112),124,"[112, 124]",0.5921340747020717,-0.073235
2,beam1(seed=ch112),125,"[112, 125]",0.5821831849646475,-0.083186
2,beam1(seed=ch112),126,"[112, 126]",0.6490964436636963,-0.016272
2,beam1(seed=ch112),127,"[112, 127]",0.5225723502862045,-0.142797
2,beam2(seed=ch75),0,"[75, 0]",0.6495748283823072,-0.015268
2,beam2(seed=ch75),1,"[75, 1]",0.6316858736715858,-0.033157
2,beam2(seed=ch75),2,"[75, 2]",0.5807431602738051,-0.084099
2,beam2(seed=ch75),3,"[75, 3]",0.5894549969458991,-0.075388
2,beam2(seed=ch75),4,"[75, 4]",0.5777120944307474,-0.08713
2,beam2(seed=ch75),5,"[75, 5]",0.5087599642244238,-0.156083
2,beam2(seed=ch75),6,"[75, 6]",0.5903183493056714,-0.074524
2,beam2(seed=ch75),7,"[75, 7]",0.6072517616956613,-0.057591
2,beam2(seed=ch75),8,"[75, 8]",0.5641954552105475,-0.100647
2,beam2(seed=ch75),9,"[75, 9]",0.6329091479835867,-0.031933
2,beam2(seed=ch75),10,"[75, 10]",0.6228639047845786,-0.041979
2,beam2(seed=ch75),11,"[75, 11]",0.6463544919237452,-0.018488
2,beam2(seed=ch75),12,"[75, 12]",0.6475846417541397,-0.017258
2,beam2(seed=ch75),13,"[75, 13]",0.6435805598875114,-0.021262
2,beam2(seed=ch75),14,"[75, 14]",0.6228900898540647,-0.041952
2,beam2(seed=ch75),15,"[75, 15]",0.5981067634224655,-0.066736
2,beam2(seed=ch75),16,"[75, 16]",0.6087423196441017,-0.0561
2,beam2(seed=ch75),17,"[75, 17]",0.654669421163954,-0.010173
2,beam2(seed=ch75),18,"[75, 18]",0.6468759529472496,-0.017967
2,beam2(seed=ch75),19,"[75, 19]",0.6484432373776078,-0.016399
2,beam2(seed=ch75),20,"[75, 20]",0.6548876356682688,-0.009955
2,beam2(seed=ch75),21,"[75, 21]",0.5430330870494888,-0.121809
2,beam2(seed=ch75),22,"[75, 22]",0.6041771230217216,-0.060665
2,beam2(seed=ch75),23,"[75, 23]",0.5543065403998676,-0.110536
2,beam2(seed=ch75),24,"[75, 24]",0.6198646195560342,-0.044978
2,beam2(seed=ch75),25,"[75, 25]",0.5632332433350331,-0.101609
2,beam2(seed=ch75),26,"[75, 26]",0.5986055514614467,-0.066237
2,beam2(seed=ch75),27,"[75, 27]",0.660089864232236,-0.004753
2,beam2(seed=ch75),28,"[75, 28]",0.614933301734704,-0.049909
2,beam2(seed=ch75),29,"[75, 29]",0.6341366890253327,-0.030706
2,beam2(seed=ch75),30,"[75, 30]",0.6226994891779812,-0.042143
2,beam2(seed=ch75),31,"[75, 31]",0.6096669405307066,-0.055176
2,beam2(seed=ch75),32,"[75, 32]",0.59921171373741,-0.065631
2,beam2(seed=ch75),33,"[75, 33]",0.6510300342277142,-0.013813
2,beam2(seed=ch75),34,"[75, 34]",0.6651335038358022,0.000291
2,beam2(seed=ch75),35,"[75, 35]",0.5974228232331982,-0.06742
2,beam2(seed=ch75),36,"[75, 36]",0.6016696846283465,-0.063173
2,beam2(seed=ch75),37,"[75, 37]",0.612902360805949,-0.05194
2,beam2(seed=ch75),38,"[75, 38]",0.6546986266729768,-0.010144
2,beam2(seed=ch75),39,"[75, 39]",0.652229729603889,-0.012613
2,beam2(seed=ch75),40,"[75, 40]",0.667943634380916,0.003101
2,beam2(seed=ch75),41,"[75, 41]",0.6124693206142882,-0.052373
2,beam2(seed=ch75),42,"[75, 42]",0.6358551513775427,-0.028987
2,beam2(seed=ch75),43,"[75, 43]",0.6690400389175701,0.004197
2,beam2(seed=ch75),44,"[75, 44]",0.6669319954337422,0.002089
2,beam2(seed=ch75),45,"[75, 45]",0.6644510561226932,-0.000392
2,beam2(seed=ch75),46,"[75, 46]",0.6545860556502873,-0.010257
2,beam2(seed=ch75),47,"[75, 47]",0.5907149837015452,-0.074128
2,beam2(seed=ch75),48,"[75, 48]",0.5331929205077858,-0.13165
2,beam2(seed=ch75),49,"[75, 49]",0.5820678587150627,-0.082775
2,beam2(seed=ch75),50,"[75, 50]",0.6507531281308594,-0.014089
2,beam2(seed=ch75),51,"[75, 51]",0.596900527448768,-0.067942
2,beam2(seed=ch75),52,"[75, 52]",0.607219156899326,-0.057623
2,beam2(seed=ch75),53,"[75, 53]",0.6534961415962396,-0.011346
2,beam2(seed=ch75),54,"[75, 54]",0.6604540907543083,-0.004388
2,beam2(seed=ch75),55,"[75, 55]",0.6565996693427157,-0.008243
2,beam2(seed=ch75),56,"[75, 56]",0.6317001341378814,-0.033142
2,beam2(seed=ch75),57,"[75, 57]",0.6514138875866994,-0.013429
2,beam2(seed=ch75),58,"[75, 58]",0.6639360920269407,-0.000906
2,beam2(seed=ch75),59,"[75, 59]",0.652903974547493,-0.011939
2,beam2(seed=ch75),60,"[75, 60]",0.6069955764936168,-0.057847
2,beam2(seed=ch75),61,"[75, 61]",0.674263349992478,0.009421
2,beam2(seed=ch75),62,"[75, 62]",0.570471888318439,-0.094371
2,beam2(seed=ch75),63,"[75, 63]",0.6234385189878935,-0.041404
2,beam2(seed=ch75),64,"[75, 64]",0.6067540921098462,-0.058088
2,beam2(seed=ch75),65,"[75, 65]",0.6415087334476528,-0.023334
2,beam2(seed=ch75),66,"[75, 66]",0.6577079649749487,-0.007135
2,beam2(seed=ch75),67,"[75, 67]",0.6735241840919044,0.008682
2,beam2(seed=ch75),68,"[75, 68]",0.5685438253730694,-0.096299
2,beam2(seed=ch75),69,"[75, 69]",0.5417854418627824,-0.123057
2,beam2(seed=ch75),70,"[75, 70]",0.6393118562378881,-0.025531
2,beam2(seed=ch75),71,"[75, 71]",0.6134603084909098,-0.051382
2,beam2(seed=ch75),72,"[75, 72]",0.40626783778865505,-0.258575
2,beam2(seed=ch75),73,"[75, 73]",0.5815840803951693,-0.083258
2,beam2(seed=ch75),74,"[75, 74]",0.6377576499401373,-0.027085
2,beam2(seed=ch75),76,"[75, 76]",0.5036152714405482,-0.161227
2,beam2(seed=ch75),77,"[75, 77]",0.595368152066452,-0.069474
2,beam2(seed=ch75),78,"[75, 78]",0.6494270438759142,-0.015416
2,beam2(seed=ch75),79,"[75, 79]",0.39133854838747545,-0.273504
2,beam2(seed=ch75),80,"[75, 80]",0.6406590103502154,-0.024184
2,beam2(seed=ch75),81,"[75, 81]",0.6550525900634981,-0.00979
2,beam2(seed=ch75),82,"[75, 82]",0.6396051474104331,-0.025237
2,beam2(seed=ch75),83,"[75, 83]",0.6491538622384563,-0.015689
2,beam2(seed=ch75),84,"[75, 84]",0.6476204478284135,-0.017222
2,beam2(seed=ch75),85,"[75, 85]",0.6595750382967391,-0.005268
2,beam2(seed=ch75),86,"[75, 86]",0.6271043289672229,-0.037738
2,beam2(seed=ch75),87,"[75, 87]",0.6239517954286833,-0.040891
2,beam2(seed=ch75),88,"[75, 88]",0.6333422567997226,-0.0315
2,beam2(seed=ch75),89,"[75, 89]",0.6289522090827565,-0.03589
2,beam2(seed=ch75),90,"[75, 90]",0.6355339987697399,-0.029309
2,beam2(seed=ch75),91,"[75, 91]",0.5895140137871664,-0.075329
2,beam2(seed=ch75),92,"[75, 92]",0.582719838730239,-0.082123
2,beam2(seed=ch75),93,"[75, 93]",0.6523520173660041,-0.012491
2,beam2(seed=ch75),94,"[75, 94]",0.6674113123943256,0.002569
2,beam2(seed=ch75),95,"[75, 95]",0.6223520915835183,-0.04249
2,beam2(seed=ch75),96,"[75, 96]",0.6078715410704729,-0.056971
2,beam2(seed=ch75),97,"[75, 97]",0.6604056376908529,-0.004437
2,beam2(seed=ch75),98,"[75, 98]",0.6502864597034786,-0.014556
2,beam2(seed=ch75),99,"[75, 99]",0.6352100675058544,-0.029633
2,beam2(seed=ch75),100,"[75, 100]",0.6352576421862585,-0.029585
2,beam2(seed=ch75),101,"[75, 101]",0.6664339423567017,0.001591
2,beam2(seed=ch75),102,"[75, 102]",0.6110177135714312,-0.053825
2,beam2(seed=ch75),103,"[75, 103]",0.6355095746446607,-0.029333
2,beam2(seed=ch75),104,"[75, 104]",0.6504187115043986,-0.014424
2,beam2(seed=ch75),105,"[75, 105]",0.5675312929869666,-0.097311
2,beam2(seed=ch75),106,"[75, 106]",0.6280924015969839,-0.03675
2,beam2(seed=ch75),107,"[75, 107]",0.6646478143476952,-0.000195
2,beam2(seed=ch75),108,"[75, 108]",0.588202551554181,-0.07664
2,beam2(seed=ch75),109,"[75, 109]",0.6274978399118007,-0.037345
2,beam2(seed=ch75),110,"[75, 110]",0.5594623104957667,-0.10538
2,beam2(seed=ch75),111,"[75, 111]",0.5396863954580108,-0.125156
2,beam2(seed=ch75),112,"[75, 112]",0.6698075748682335,0.004965
2,beam2(seed=ch75),113,"[75, 113]",0.5804703972854652,-0.084372
2,beam2(seed=ch75),114,"[75, 114]",0.6349609825800138,-0.029882
2,beam2(seed=ch75),115,"[75, 115]",0.615330447099929,-0.049512
2,beam2(seed=ch75),116,"[75, 116]",0.6393942893764345,-0.025448
2,beam2(seed=ch75),117,"[75, 117]",0.6561768184503068,-0.008666
2,beam2(seed=ch75),118,"[75, 118]",0.5464874206970274,-0.118355
2,beam2(seed=ch75),119,"[75, 119]",0.6224896932779161,-0.042353
2,beam2(seed=ch75),120,"[75, 120]",0.6609220192106592,-0.003921
2,beam2(seed=ch75),121,"[75, 121]",0.6670872800602392,0.002245
2,beam2(seed=ch75),122,"[75, 122]",0.6040817293110141,-0.060761
2,beam2(seed=ch75),123,"[75, 123]",0.6611379450448214,-0.003705
2,beam2(seed=ch75),124,"[75, 124]",0.6101739091290834,-0.054669
2,beam2(seed=ch75),125,"[75, 125]",0.6049363812446857,-0.059906
2,beam2(seed=ch75),126,"[75, 126]",0.6544836661026745,-0.010359
2,beam2(seed=ch75),127,"[75, 127]",0.5419366629463481,-0.122906
2,beam3(seed=ch58),0,"[58, 0]",0.6252107803605007,-0.008777
2,beam3(seed=ch58),1,"[58, 1]",0.6086559527782972,-0.025332
2,beam3(seed=ch58),2,"[58, 2]",0.5809325360570476,-0.053055
2,beam3(seed=ch58),3,"[58, 3]",0.5861231149882352,-0.047865
2,beam3(seed=ch58),4,"[58, 4]",0.5440710186097292,-0.089917
2,beam3(seed=ch58),5,"[58, 5]",0.5241895199988414,-0.109798
2,beam3(seed=ch58),6,"[58, 6]",0.5697793662558562,-0.064209
2,beam3(seed=ch58),7,"[58, 7]",0.5824465127321481,-0.051541
2,beam3(seed=ch58),8,"[58, 8]",0.5329633669678517,-0.101025
2,beam3(seed=ch58),9,"[58, 9]",0.6181183913644908,-0.01587
2,beam3(seed=ch58),10,"[58, 10]",0.6112346132134796,-0.022753
2,beam3(seed=ch58),11,"[58, 11]",0.6306501935271759,-0.003338
2,beam3(seed=ch58),12,"[58, 12]",0.6156338280283193,-0.018354
2,beam3(seed=ch58),13,"[58, 13]",0.6349506963972068,0.000963
2,beam3(seed=ch58),14,"[58, 14]",0.6061824988483873,-0.027806
2,beam3(seed=ch58),15,"[58, 15]",0.598315709795567,-0.035672
2,beam3(seed=ch58),16,"[58, 16]",0.6004479787886783,-0.03354
2,beam3(seed=ch58),17,"[58, 17]",0.6444780807401912,0.01049
2,beam3(seed=ch58),18,"[58, 18]",0.6216106905482481,-0.012377
2,beam3(seed=ch58),19,"[58, 19]",0.6247646979505055,-0.009223
2,beam3(seed=ch58),20,"[58, 20]",0.6383619221082037,0.004374
2,beam3(seed=ch58),21,"[58, 21]",0.5418330529336927,-0.092155
2,beam3(seed=ch58),22,"[58, 22]",0.5948463346129594,-0.039142
2,beam3(seed=ch58),23,"[58, 23]",0.5638694540003222,-0.070119
2,beam3(seed=ch58),24,"[58, 24]",0.6076392476759822,-0.026349
2,beam3(seed=ch58),25,"[58, 25]",0.5577041697198429,-0.076284
2,beam3(seed=ch58),26,"[58, 26]",0.5719020042334366,-0.062086
2,beam3(seed=ch58),27,"[58, 27]",0.6336902114730295,-0.000298
2,beam3(seed=ch58),28,"[58, 28]",0.5905511005285116,-0.043437
2,beam3(seed=ch58),29,"[58, 29]",0.6055522658660664,-0.028436
2,beam3(seed=ch58),30,"[58, 30]",0.6005800360507244,-0.033408
2,beam3(seed=ch58),31,"[58, 31]",0.5873304723580469,-0.046658
2,beam3(seed=ch58),32,"[58, 32]",0.5813030962866389,-0.052685
2,beam3(seed=ch58),33,"[58, 33]",0.6214724868991722,-0.012516
2,beam3(seed=ch58),34,"[58, 34]",0.6378018134854397,0.003814
2,beam3(seed=ch58),35,"[58, 35]",0.6069331446051893,-0.027055
2,beam3(seed=ch58),36,"[58, 36]",0.6019383579436575,-0.03205
2,beam3(seed=ch58),37,"[58, 37]",0.5921520341563098,-0.041836
2,beam3(seed=ch58),38,"[58, 38]",0.6327683351140013,-0.00122
2,beam3(seed=ch58),39,"[58, 39]",0.63422558700495,0.000238
2,beam3(seed=ch58),40,"[58, 40]",0.6342125950698567,0.000225
2,beam3(seed=ch58),41,"[58, 41]",0.6104554285676607,-0.023533
2,beam3(seed=ch58),42,"[58, 42]",0.6085596752619103,-0.025428
2,beam3(seed=ch58),43,"[58, 43]",0.63445476341454,0.000467
2,beam3(seed=ch58),44,"[58, 44]",0.6424046972547104,0.008417
2,beam3(seed=ch58),45,"[58, 45]",0.6314097331421433,-0.002578
2,beam3(seed=ch58),46,"[58, 46]",0.6279411635426149,-0.006047
2,beam3(seed=ch58),47,"[58, 47]",0.5866946448535871,-0.047293
2,beam3(seed=ch58),48,"[58, 48]",0.5308620602477978,-0.103126
2,beam3(seed=ch58),49,"[58, 49]",0.5828847670490609,-0.051103
2,beam3(seed=ch58),50,"[58, 50]",0.6272340341249724,-0.006754
2,beam3(seed=ch58),51,"[58, 51]",0.6050909581986544,-0.028897
2,beam3(seed=ch58),52,"[58, 52]",0.6008670106597828,-0.033121
2,beam3(seed=ch58),53,"[58, 53]",0.6349451435047583,0.000957
2,beam3(seed=ch58),54,"[58, 54]",0.6289778849984874,-0.00501
2,beam3(seed=ch58),55,"[58, 55]",0.6315248686546627,-0.002463
2,beam3(seed=ch58),56,"[58, 56]",0.6097619816595835,-0.024226
2,beam3(seed=ch58),57,"[58, 57]",0.6260680982062963,-0.00792
2,beam3(seed=ch58),59,"[58, 59]",0.61699860267133,-0.016989
2,beam3(seed=ch58),60,"[58, 60]",0.5916068424395157,-0.042381
2,beam3(seed=ch58),61,"[58, 61]",0.6556426226635812,0.021655
2,beam3(seed=ch58),62,"[58, 62]",0.5699236355674073,-0.064064
2,beam3(seed=ch58),63,"[58, 63]",0.5991208202791761,-0.034867
2,beam3(seed=ch58),64,"[58, 64]",0.5995405062258482,-0.034448
2,beam3(seed=ch58),65,"[58, 65]",0.6295350581203464,-0.004453
2,beam3(seed=ch58),66,"[58, 66]",0.6354551061813258,0.001467
2,beam3(seed=ch58),67,"[58, 67]",0.6486420651127742,0.014654
2,beam3(seed=ch58),68,"[58, 68]",0.5652666917092056,-0.068721
2,beam3(seed=ch58),69,"[58, 69]",0.5411507473755299,-0.092837
2,beam3(seed=ch58),70,"[58, 70]",0.6046437499875799,-0.029344
2,beam3(seed=ch58),71,"[58, 71]",0.5905624965393704,-0.043426
2,beam3(seed=ch58),72,"[58, 72]",0.41758325530152113,-0.216405
2,beam3(seed=ch58),73,"[58, 73]",0.5643499397742545,-0.069638
2,beam3(seed=ch58),74,"[58, 74]",0.6145228684310939,-0.019465
2,beam3(seed=ch58),75,"[58, 75]",0.6639361137162405,0.029948
2,beam3(seed=ch58),76,"[58, 76]",0.5096145184504209,-0.124373
2,beam3(seed=ch58),77,"[58, 77]",0.5831760036084619,-0.050812
2,beam3(seed=ch58),78,"[58, 78]",0.627563996303343,-0.006424
2,beam3(seed=ch58),79,"[58, 79]",0.40870746100648364,-0.225281
2,beam3(seed=ch58),80,"[58, 80]",0.6251365311489147,-0.008851
2,beam3(seed=ch58),81,"[58, 81]",0.628970745768143,-0.005017
2,beam3(seed=ch58),82,"[58, 82]",0.6034775996868968,-0.03051
2,beam3(seed=ch58),83,"[58, 83]",0.6347814420507297,0.000793
2,beam3(seed=ch58),84,"[58, 84]",0.6227766765621064,-0.011211
2,beam3(seed=ch58),85,"[58, 85]",0.6337311060188864,-0.000257
2,beam3(seed=ch58),86,"[58, 86]",0.6133014195910363,-0.020687
2,beam3(seed=ch58),87,"[58, 87]",0.6012375181514318,-0.03275
2,beam3(seed=ch58),88,"[58, 88]",0.6133706677139127,-0.020617
2,beam3(seed=ch58),89,"[58, 89]",0.6036215751542476,-0.030366
2,beam3(seed=ch58),90,"[58, 90]",0.6142367008550182,-0.019751
2,beam3(seed=ch58),91,"[58, 91]",0.5800349464207968,-0.053953
2,beam3(seed=ch58),92,"[58, 92]",0.5728713368994367,-0.061117
2,beam3(seed=ch58),93,"[58, 93]",0.6177168827259147,-0.016271
2,beam3(seed=ch58),94,"[58, 94]",0.6443387205220803,0.010351
2,beam3(seed=ch58),95,"[58, 95]",0.6127132626690651,-0.021275
2,beam3(seed=ch58),96,"[58, 96]",0.586794764013951,-0.047193
2,beam3(seed=ch58),97,"[58, 97]",0.6270885374316297,-0.006899
2,beam3(seed=ch58),98,"[58, 98]",0.6400733597989173,0.006085
2,beam3(seed=ch58),99,"[58, 99]",0.6181087347353734,-0.015879
2,beam3(seed=ch58),100,"[58, 100]",0.6090889732738498,-0.024899
2,beam3(seed=ch58),101,"[58, 101]",0.6525631934590249,0.018575
2,beam3(seed=ch58),102,"[58, 102]",0.5801331760873376,-0.053855
2,beam3(seed=ch58),103,"[58, 103]",0.6297551121305455,-0.004233
2,beam3(seed=ch58),104,"[58, 104]",0.6389916557529822,0.005004
2,beam3(seed=ch58),105,"[58, 105]",0.5793123581641861,-0.054676
2,beam3(seed=ch58),106,"[58, 106]",0.6268895975688407,-0.007098
2,beam3(seed=ch58),107,"[58, 107]",0.6379219830118456,0.003934
2,beam3(seed=ch58),108,"[58, 108]",0.559733304976503,-0.074255
2,beam3(seed=ch58),109,"[58, 109]",0.6060717551120692,-0.027916
2,beam3(seed=ch58),110,"[58, 110]",0.5498485045509125,-0.08414
2,beam3(seed=ch58),111,"[58, 111]",0.5393779062844472,-0.09461
2,beam3(seed=ch58),112,"[58, 112]",0.6545968374864951,0.020609
2,beam3(seed=ch58),113,"[58, 113]",0.5759377479160873,-0.05805
2,beam3(seed=ch58),114,"[58, 114]",0.6046733820058012,-0.029315
2,beam3(seed=ch58),115,"[58, 115]",0.6029499084751733,-0.031038
2,beam3(seed=ch58),116,"[58, 116]",0.6089573101131958,-0.025031
2,beam3(seed=ch58),117,"[58, 117]",0.6310178326214047,-0.00297
2,beam3(seed=ch58),118,"[58, 118]",0.5393362715878544,-0.094652
2,beam3(seed=ch58),119,"[58, 119]",0.5960240643020007,-0.037964
2,beam3(seed=ch58),120,"[58, 120]",0.6373466948309271,0.003359
2,beam3(seed=ch58),121,"[58, 121]",0.6376189102423131,0.003631
2,beam3(seed=ch58),122,"[58, 122]",0.5803385765191519,-0.053649
2,beam3(seed=ch58),123,"[58, 123]",0.6329999104768697,-0.000988
2,beam3(seed=ch58),124,"[58, 124]",0.58116753206224,-0.05282
2,beam3(seed=ch58),125,"[58, 125]",0.5910358035877764,-0.042952
2,beam3(seed=ch58),126,"[58, 126]",0.6306312484475243,-0.003357
2,beam3(seed=ch58),127,"[58, 127]",0.5418492505952146,-0.092139
3,beam1(seed=ch112),0,"[112, 75, 0]",0.6605064438542266,-0.009301
3,beam1(seed=ch112),1,"[112, 75, 1]",0.6525325711217876,-0.017275
3,beam1(seed=ch112),2,"[112, 75, 2]",0.6141714066538279,-0.055636
3,beam1(seed=ch112),3,"[112, 75, 3]",0.6148001473381571,-0.055007
3,beam1(seed=ch112),4,"[112, 75, 4]",0.6167516040522665,-0.053056
3,beam1(seed=ch112),5,"[112, 75, 5]",0.5587833870417539,-0.111024
3,beam1(seed=ch112),6,"[112, 75, 6]",0.6117333050259046,-0.058074
3,beam1(seed=ch112),7,"[112, 75, 7]",0.6381254415675145,-0.031682
3,beam1(seed=ch112),8,"[112, 75, 8]",0.596177884366535,-0.07363
3,beam1(seed=ch112),9,"[112, 75, 9]",0.6520550275979285,-0.017753
3,beam1(seed=ch112),10,"[112, 75, 10]",0.64492299260817,-0.024885
3,beam1(seed=ch112),11,"[112, 75, 11]",0.6627976527359262,-0.00701
3,beam1(seed=ch112),12,"[112, 75, 12]",0.6567292094060435,-0.013078
3,beam1(seed=ch112),13,"[112, 75, 13]",0.6625200387625735,-0.007288
3,beam1(seed=ch112),14,"[112, 75, 14]",0.6434669776548192,-0.026341
3,beam1(seed=ch112),15,"[112, 75, 15]",0.6310111477436695,-0.038796
3,beam1(seed=ch112),16,"[112, 75, 16]",0.6443223679376294,-0.025485
3,beam1(seed=ch112),17,"[112, 75, 17]",0.6653125567872197,-0.004495
3,beam1(seed=ch112),18,"[112, 75, 18]",0.6614343337654759,-0.008373
3,beam1(seed=ch112),19,"[112, 75, 19]",0.6613358450808432,-0.008472
3,beam1(seed=ch112),20,"[112, 75, 20]",0.6658063877417237,-0.004001
3,beam1(seed=ch112),21,"[112, 75, 21]",0.5820588264892493,-0.087749
3,beam1(seed=ch112),22,"[112, 75, 22]",0.6360275003937638,-0.03378
3,beam1(seed=ch112),23,"[112, 75, 23]",0.5994818700323437,-0.070326
3,beam1(seed=ch112),24,"[112, 75, 24]",0.6384630922793396,-0.031345
3,beam1(seed=ch112),25,"[112, 75, 25]",0.5941400647198402,-0.075668
3,beam1(seed=ch112),26,"[112, 75, 26]",0.628949439511345,-0.040858
3,beam1(seed=ch112),27,"[112, 75, 27]",0.6666314619616687,-0.003176
3,beam1(seed=ch112),28,"[112, 75, 28]",0.6389216657540836,-0.030886
3,beam1(seed=ch112),29,"[112, 75, 29]",0.6463289623689207,-0.023479
3,beam1(seed=ch112),30,"[112, 75, 30]",0.6409390344914828,-0.028869
3,beam1(seed=ch112),31,"[112, 75, 31]",0.6271937949121342,-0.042614
3,beam1(seed=ch112),32,"[112, 75, 32]",0.6250640892481785,-0.044744
3,beam1(seed=ch112),33,"[112, 75, 33]",0.6595013871857339,-0.010306
3,beam1(seed=ch112),34,"[112, 75, 34]",0.6692285796802018,-0.000579
3,beam1(seed=ch112),35,"[112, 75, 35]",0.6171411987677764,-0.052666
3,beam1(seed=ch112),36,"[112, 75, 36]",0.635131294388638,-0.034676
3,beam1(seed=ch112),37,"[112, 75, 37]",0.6337931182588639,-0.036015
3,beam1(seed=ch112),38,"[112, 75, 38]",0.663139008278383,-0.006669
3,beam1(seed=ch112),39,"[112, 75, 39]",0.6605842702595952,-0.009223
3,beam1(seed=ch112),40,"[112, 75, 40]",0.6731157396520647,0.003308
3,beam1(seed=ch112),41,"[112, 75, 41]",0.6448117165115511,-0.024996
3,beam1(seed=ch112),42,"[112, 75, 42]",0.65100646013004,-0.018801
3,beam1(seed=ch112),43,"[112, 75, 43]",0.6718184297232122,0.002011
3,beam1(seed=ch112),44,"[112, 75, 44]",0.6695368923769197,-0.000271
3,beam1(seed=ch112),45,"[112, 75, 45]",0.6680434935512612,-0.001764
3,beam1(seed=ch112),46,"[112, 75, 46]",0.6636990045648571,-0.006109
3,beam1(seed=ch112),47,"[112, 75, 47]",0.6341660309711841,-0.035642
3,beam1(seed=ch112),48,"[112, 75, 48]",0.5855423574257959,-0.084265
3,beam1(seed=ch112),49,"[112, 75, 49]",0.6168125134857881,-0.052995
3,beam1(seed=ch112),50,"[112, 75, 50]",0.659270453065368,-0.010537
3,beam1(seed=ch112),51,"[112, 75, 51]",0.622537428735232,-0.04727
3,beam1(seed=ch112),52,"[112, 75, 52]",0.6304834200235039,-0.039324
3,beam1(seed=ch112),53,"[112, 75, 53]",0.6599818065322968,-0.009826
3,beam1(seed=ch112),54,"[112, 75, 54]",0.670009939082323,0.000202
3,beam1(seed=ch112),55,"[112, 75, 55]",0.6636191179429716,-0.006189
3,beam1(seed=ch112),56,"[112, 75, 56]",0.6435527545725507,-0.026255
3,beam1(seed=ch112),57,"[112, 75, 57]",0.6607570276933656,-0.009051
3,beam1(seed=ch112),58,"[112, 75, 58]",0.6652372506684309,-0.00457
3,beam1(seed=ch112),59,"[112, 75, 59]",0.6609690422739942,-0.008839
3,beam1(seed=ch112),60,"[112, 75, 60]",0.6303009021372168,-0.039507
3,beam1(seed=ch112),61,"[112, 75, 61]",0.6725862214329289,0.002779
3,beam1(seed=ch112),62,"[112, 75, 62]",0.5989520753846592,-0.070856
3,beam1(seed=ch112),63,"[112, 75, 63]",0.6515411005154104,-0.018267
3,beam1(seed=ch112),64,"[112, 75, 64]",0.6386138080313656,-0.031194
3,beam1(seed=ch112),65,"[112, 75, 65]",0.6526339078015309,-0.017174
3,beam1(seed=ch112),66,"[112, 75, 66]",0.6651512781979123,-0.004656
3,beam1(seed=ch112),67,"[112, 75, 67]",0.6728347236488245,0.003027
3,beam1(seed=ch112),68,"[112, 75, 68]",0.6161995930798306,-0.053608
3,beam1(seed=ch112),69,"[112, 75, 69]",0.5807516862222925,-0.089056
3,beam1(seed=ch112),70,"[112, 75, 70]",0.6661899642098489,-0.003618
3,beam1(seed=ch112),71,"[112, 75, 71]",0.6235808621368251,-0.046227
3,beam1(seed=ch112),72,"[112, 75, 72]",0.47852631040094007,-0.191281
3,beam1(seed=ch112),73,"[112, 75, 73]",0.6094309421863494,-0.060377
3,beam1(seed=ch112),74,"[112, 75, 74]",0.6538312825501188,-0.015976
3,beam1(seed=ch112),76,"[112, 75, 76]",0.5477405200503932,-0.122067
3,beam1(seed=ch112),77,"[112, 75, 77]",0.6291195295551466,-0.040688
3,beam1(seed=ch112),78,"[112, 75, 78]",0.6612252213870611,-0.008582
3,beam1(seed=ch112),79,"[112, 75, 79]",0.4653801111552597,-0.204428
3,beam1(seed=ch112),80,"[112, 75, 80]",0.6560786191765122,-0.013729
3,beam1(seed=ch112),81,"[112, 75, 81]",0.6645630582909733,-0.005245
3,beam1(seed=ch112),82,"[112, 75, 82]",0.6564752625924938,-0.013332
3,beam1(seed=ch112),83,"[112, 75, 83]",0.6569139639262088,-0.012894
3,beam1(seed=ch112),84,"[112, 75, 84]",0.6583990666956417,-0.011409
3,beam1(seed=ch112),85,"[112, 75, 85]",0.6657067153148173,-0.004101
3,beam1(seed=ch112),86,"[112, 75, 86]",0.6470619374592086,-0.022746
3,beam1(seed=ch112),87,"[112, 75, 87]",0.6455624869205315,-0.024245
3,beam1(seed=ch112),88,"[112, 75, 88]",0.6540117361366478,-0.015796
3,beam1(seed=ch112),89,"[112, 75, 89]",0.6444792331794742,-0.025328
3,beam1(seed=ch112),90,"[112, 75, 90]",0.6466420459226441,-0.023166
3,beam1(seed=ch112),91,"[112, 75, 91]",0.6162330931171103,-0.053575
3,beam1(seed=ch112),92,"[112, 75, 92]",0.6125110058880037,-0.057297
3,beam1(seed=ch112),93,"[112, 75, 93]",0.6600370815798282,-0.009771
3,beam1(seed=ch112),94,"[112, 75, 94]",0.6710953749359192,0.001288
3,beam1(seed=ch112),95,"[112, 75, 95]",0.6408819050894747,-0.028926
3,beam1(seed=ch112),96,"[112, 75, 96]",0.6379500047973152,-0.031858
3,beam1(seed=ch112),97,"[112, 75, 97]",0.6678146222892599,-0.001993
3,beam1(seed=ch112),98,"[112, 75, 98]",0.6693481409086596,-0.000459
3,beam1(seed=ch112),99,"[112, 75, 99]",0.6527804801505063,-0.017027
3,beam1(seed=ch112),100,"[112, 75, 100]",0.6483325375821393,-0.021475
3,beam1(seed=ch112),101,"[112, 75, 101]",0.6707683861526393,0.000961
3,beam1(seed=ch112),102,"[112, 75, 102]",0.6355444726819874,-0.034263
3,beam1(seed=ch112),103,"[112, 75, 103]",0.6595743920418766,-0.010233
3,beam1(seed=ch112),104,"[112, 75, 104]",0.6616544053729436,-0.008153
3,beam1(seed=ch112),105,"[112, 75, 105]",0.6103658170360015,-0.059442
3,beam1(seed=ch112),106,"[112, 75, 106]",0.6474227322884858,-0.022385
3,beam1(seed=ch112),107,"[112, 75, 107]",0.6691474766944991,-0.00066
3,beam1(seed=ch112),108,"[112, 75, 108]",0.6149348349979162,-0.054873
3,beam1(seed=ch112),109,"[112, 75, 109]",0.6483397690327893,-0.021468
3,beam1(seed=ch112),110,"[112, 75, 110]",0.5976352705691207,-0.072172
3,beam1(seed=ch112),111,"[112, 75, 111]",0.5869612576207708,-0.082846
3,beam1(seed=ch112),113,"[112, 75, 113]",0.6145310895373572,-0.055277
3,beam1(seed=ch112),114,"[112, 75, 114]",0.6504660539928044,-0.019342
3,beam1(seed=ch112),115,"[112, 75, 115]",0.6342003057511335,-0.035607
3,beam1(seed=ch112),116,"[112, 75, 116]",0.6581539436526397,-0.011654
3,beam1(seed=ch112),117,"[112, 75, 117]",0.6649394141624887,-0.004868
3,beam1(seed=ch112),118,"[112, 75, 118]",0.5904531493675075,-0.079354
3,beam1(seed=ch112),119,"[112, 75, 119]",0.6478039115329336,-0.022004
3,beam1(seed=ch112),120,"[112, 75, 120]",0.6661413660368278,-0.003666
3,beam1(seed=ch112),121,"[112, 75, 121]",0.670599131554594,0.000792
3,beam1(seed=ch112),122,"[112, 75, 122]",0.6329825681775088,-0.036825
3,beam1(seed=ch112),123,"[112, 75, 123]",0.6677346925553581,-0.002073
3,beam1(seed=ch112),124,"[112, 75, 124]",0.6321482372874667,-0.037659
3,beam1(seed=ch112),125,"[112, 75, 125]",0.6307243682304469,-0.039083
3,beam1(seed=ch112),126,"[112, 75, 126]",0.6626920642283605,-0.007116
3,beam1(seed=ch112),127,"[112, 75, 127]",0.5889703049339705,-0.080837
3,beam2(seed=ch75),0,"[75, 61, 0]",0.6608148945716565,-0.013448
3,beam2(seed=ch75),1,"[75, 61, 1]",0.6463410938152538,-0.027922
3,beam2(seed=ch75),2,"[75, 61, 2]",0.601624148737457,-0.072639
3,beam2(seed=ch75),3,"[75, 61, 3]",0.6018558425828475,-0.072408
3,beam2(seed=ch75),4,"[75, 61, 4]",0.6109499456857116,-0.063313
3,beam2(seed=ch75),5,"[75, 61, 5]",0.5299536342912743,-0.14431
3,beam2(seed=ch75),6,"[75, 61, 6]",0.5981763993836711,-0.076087
3,beam2(seed=ch75),7,"[75, 61, 7]",0.629130884927652,-0.045132
3,beam2(seed=ch75),8,"[75, 61, 8]",0.5845836738169863,-0.08968
3,beam2(seed=ch75),9,"[75, 61, 9]",0.6487579654896033,-0.025505
3,beam2(seed=ch75),10,"[75, 61, 10]",0.6290998963333815,-0.045163
3,beam2(seed=ch75),11,"[75, 61, 11]",0.654759032219197,-0.019504
3,beam2(seed=ch75),12,"[75, 61, 12]",0.6576161138840765,-0.016647
3,beam2(seed=ch75),13,"[75, 61, 13]",0.6500380283469664,-0.024225
3,beam2(seed=ch75),14,"[75, 61, 14]",0.6335855884553232,-0.040678
3,beam2(seed=ch75),15,"[75, 61, 15]",0.6168632346493336,-0.0574
3,beam2(seed=ch75),16,"[75, 61, 16]",0.6202016655622177,-0.054062
3,beam2(seed=ch75),17,"[75, 61, 17]",0.6616681116920863,-0.012595
3,beam2(seed=ch75),18,"[75, 61, 18]",0.6574513579959073,-0.016812
3,beam2(seed=ch75),19,"[75, 61, 19]",0.6537182100298693,-0.020545
3,beam2(seed=ch75),20,"[75, 61, 20]",0.6568413363448242,-0.017422
3,beam2(seed=ch75),21,"[75, 61, 21]",0.5675203149347344,-0.106743
3,beam2(seed=ch75),22,"[75, 61, 22]",0.6181516122984497,-0.056112
3,beam2(seed=ch75),23,"[75, 61, 23]",0.5681713493250613,-0.106092
3,beam2(seed=ch75),24,"[75, 61, 24]",0.6256059637929662,-0.048657
3,beam2(seed=ch75),25,"[75, 61, 25]",0.5763097919829423,-0.097954
3,beam2(seed=ch75),26,"[75, 61, 26]",0.6074743920384281,-0.066789
3,beam2(seed=ch75),27,"[75, 61, 27]",0.6631331633432853,-0.01113
3,beam2(seed=ch75),28,"[75, 61, 28]",0.6284150411465779,-0.045848
3,beam2(seed=ch75),29,"[75, 61, 29]",0.643636055188022,-0.030627
3,beam2(seed=ch75),30,"[75, 61, 30]",0.6410884330891367,-0.033175
3,beam2(seed=ch75),31,"[75, 61, 31]",0.6178664447647052,-0.056397
3,beam2(seed=ch75),32,"[75, 61, 32]",0.6166441615638688,-0.057619
3,beam2(seed=ch75),33,"[75, 61, 33]",0.6627738597572579,-0.011489
3,beam2(seed=ch75),34,"[75, 61, 34]",0.6693292806222366,-0.004934
3,beam2(seed=ch75),35,"[75, 61, 35]",0.6113120582088467,-0.062951
3,beam2(seed=ch75),36,"[75, 61, 36]",0.61873269988202,-0.055531
3,beam2(seed=ch75),37,"[75, 61, 37]",0.6229732078004442,-0.05129
3,beam2(seed=ch75),38,"[75, 61, 38]",0.6660556064608438,-0.008208
3,beam2(seed=ch75),39,"[75, 61, 39]",0.663021448797115,-0.011242
3,beam2(seed=ch75),40,"[75, 61, 40]",0.6674463475370953,-0.006817
3,beam2(seed=ch75),41,"[75, 61, 41]",0.6224196184260316,-0.051844
3,beam2(seed=ch75),42,"[75, 61, 42]",0.6406857414863335,-0.033578
3,beam2(seed=ch75),43,"[75, 61, 43]",0.6747762983091157,0.000513
3,beam2(seed=ch75),44,"[75, 61, 44]",0.6709833692434535,-0.00328
3,beam2(seed=ch75),45,"[75, 61, 45]",0.6718709484846596,-0.002392
3,beam2(seed=ch75),46,"[75, 61, 46]",0.661295133188785,-0.012968
3,beam2(seed=ch75),47,"[75, 61, 47]",0.6098496923591207,-0.064414
3,beam2(seed=ch75),48,"[75, 61, 48]",0.5534113536561304,-0.120852
3,beam2(seed=ch75),49,"[75, 61, 49]",0.6085142462878335,-0.065749
3,beam2(seed=ch75),50,"[75, 61, 50]",0.6575069991708586,-0.016756
3,beam2(seed=ch75),51,"[75, 61, 51]",0.6106494954610556,-0.063614
3,beam2(seed=ch75),52,"[75, 61, 52]",0.6131438874725151,-0.061119
3,beam2(seed=ch75),53,"[75, 61, 53]",0.6619577088891836,-0.012306
3,beam2(seed=ch75),54,"[75, 61, 54]",0.6671674002744172,-0.007096
3,beam2(seed=ch75),55,"[75, 61, 55]",0.6630971761429563,-0.011166
3,beam2(seed=ch75),56,"[75, 61, 56]",0.6390205260713804,-0.035243
3,beam2(seed=ch75),57,"[75, 61, 57]",0.6667406964608135,-0.007523
3,beam2(seed=ch75),58,"[75, 61, 58]",0.6703358003099306,-0.003928
3,beam2(seed=ch75),59,"[75, 61, 59]",0.6609509548340315,-0.013312
3,beam2(seed=ch75),60,"[75, 61, 60]",0.6170812200609931,-0.057182
3,beam2(seed=ch75),62,"[75, 61, 62]",0.5892175417405194,-0.085046
3,beam2(seed=ch75),63,"[75, 61, 63]",0.6363233071602271,-0.03794
3,beam2(seed=ch75),64,"[75, 61, 64]",0.6292551474050349,-0.045008
3,beam2(seed=ch75),65,"[75, 61, 65]",0.6544912141381367,-0.019772
3,beam2(seed=ch75),66,"[75, 61, 66]",0.6675695551285152,-0.006694
3,beam2(seed=ch75),67,"[75, 61, 67]",0.6714795775658644,-0.002784
3,beam2(seed=ch75),68,"[75, 61, 68]",0.5947554645427993,-0.079508
3,beam2(seed=ch75),69,"[75, 61, 69]",0.5521881379119306,-0.122075
3,beam2(seed=ch75),70,"[75, 61, 70]",0.6478128916027471,-0.02645
3,beam2(seed=ch75),71,"[75, 61, 71]",0.6134475024969528,-0.060816
3,beam2(seed=ch75),72,"[75, 61, 72]",0.4365899090570633,-0.237673
3,beam2(seed=ch75),73,"[75, 61, 73]",0.5980790218361247,-0.076184
3,beam2(seed=ch75),74,"[75, 61, 74]",0.6634096838918464,-0.010854
3,beam2(seed=ch75),76,"[75, 61, 76]",0.5247506899787137,-0.149513
3,beam2(seed=ch75),77,"[75, 61, 77]",0.6129234513997072,-0.06134
3,beam2(seed=ch75),78,"[75, 61, 78]",0.6605374263644631,-0.013726
3,beam2(seed=ch75),79,"[75, 61, 79]",0.4244997319380644,-0.249764
3,beam2(seed=ch75),80,"[75, 61, 80]",0.6395560227764349,-0.034707
3,beam2(seed=ch75),81,"[75, 61, 81]",0.658881583584819,-0.015382
3,beam2(seed=ch75),82,"[75, 61, 82]",0.6543031597895765,-0.01996
3,beam2(seed=ch75),83,"[75, 61, 83]",0.6594575573510236,-0.014806
3,beam2(seed=ch75),84,"[75, 61, 84]",0.6583524511042407,-0.015911
3,beam2(seed=ch75),85,"[75, 61, 85]",0.6715061835345529,-0.002757
3,beam2(seed=ch75),86,"[75, 61, 86]",0.6305577866815154,-0.043706
3,beam2(seed=ch75),87,"[75, 61, 87]",0.6350086537700295,-0.039255
3,beam2(seed=ch75),88,"[75, 61, 88]",0.6354623070954066,-0.038801
3,beam2(seed=ch75),89,"[75, 61, 89]",0.6461173929616236,-0.028146
3,beam2(seed=ch75),90,"[75, 61, 90]",0.644961440754602,-0.029302
3,beam2(seed=ch75),91,"[75, 61, 91]",0.6080939326529181,-0.066169
3,beam2(seed=ch75),92,"[75, 61, 92]",0.5993407310927967,-0.074923
3,beam2(seed=ch75),93,"[75, 61, 93]",0.6597462555081661,-0.014517
3,beam2(seed=ch75),94,"[75, 61, 94]",0.6646162619347225,-0.009647
3,beam2(seed=ch75),95,"[75, 61, 95]",0.6314136057698709,-0.04285
3,beam2(seed=ch75),96,"[75, 61, 96]",0.629784291965438,-0.044479
3,beam2(seed=ch75),97,"[75, 61, 97]",0.6694228741469299,-0.00484
3,beam2(seed=ch75),98,"[75, 61, 98]",0.6475250904566205,-0.026738
3,beam2(seed=ch75),99,"[75, 61, 99]",0.6532529799451319,-0.02101
3,beam2(seed=ch75),100,"[75, 61, 100]",0.6461378018893349,-0.028126
3,beam2(seed=ch75),101,"[75, 61, 101]",0.6700229598752125,-0.00424
3,beam2(seed=ch75),102,"[75, 61, 102]",0.6381541637329063,-0.036109
3,beam2(seed=ch75),103,"[75, 61, 103]",0.641587263038847,-0.032676
3,beam2(seed=ch75),104,"[75, 61, 104]",0.6594162368100304,-0.014847
3,beam2(seed=ch75),105,"[75, 61, 105]",0.5964072606378902,-0.077856
3,beam2(seed=ch75),106,"[75, 61, 106]",0.6380424052281468,-0.036221
3,beam2(seed=ch75),107,"[75, 61, 107]",0.6727523620177402,-0.001511
3,beam2(seed=ch75),108,"[75, 61, 108]",0.6053885055096206,-0.068875
3,beam2(seed=ch75),109,"[75, 61, 109]",0.6274158970807914,-0.046847
3,beam2(seed=ch75),110,"[75, 61, 110]",0.5794671606265612,-0.094796
3,beam2(seed=ch75),111,"[75, 61, 111]",0.5686286032624268,-0.105635
3,beam2(seed=ch75),112,"[75, 61, 112]",0.6725862231236567,-0.001677
3,beam2(seed=ch75),113,"[75, 61, 113]",0.5912003422938514,-0.083063
3,beam2(seed=ch75),114,"[75, 61, 114]",0.646990181219217,-0.027273
3,beam2(seed=ch75),115,"[75, 61, 115]",0.6292475301113765,-0.045016
3,beam2(seed=ch75),116,"[75, 61, 116]",0.6400008825589498,-0.034262
3,beam2(seed=ch75),117,"[75, 61, 117]",0.6644022039449435,-0.009861
3,beam2(seed=ch75),118,"[75, 61, 118]",0.563070433417466,-0.111193
3,beam2(seed=ch75),119,"[75, 61, 119]",0.6361272862619897,-0.038136
3,beam2(seed=ch75),120,"[75, 61, 120]",0.6691910197543477,-0.005072
3,beam2(seed=ch75),121,"[75, 61, 121]",0.6746664181614553,0.000403
3,beam2(seed=ch75),122,"[75, 61, 122]",0.6233942392419797,-0.050869
3,beam2(seed=ch75),123,"[75, 61, 123]",0.6725249703889336,-0.001738
3,beam2(seed=ch75),124,"[75, 61, 124]",0.6191894799846495,-0.055074
3,beam2(seed=ch75),125,"[75, 61, 125]",0.6210146874957095,-0.053249
3,beam2(seed=ch75),126,"[75, 61, 126]",0.6699240102495692,-0.004339
3,beam2(seed=ch75),127,"[75, 61, 127]",0.5588610405749712,-0.115402
3,beam3(seed=ch58),0,"[58, 75, 0]",0.6566564264900623,-0.00728
3,beam3(seed=ch58),1,"[58, 75, 1]",0.6500747652857481,-0.013861
3,beam3(seed=ch58),2,"[58, 75, 2]",0.6260776903123635,-0.037858
3,beam3(seed=ch58),3,"[58, 75, 3]",0.6196795570592695,-0.044257
3,beam3(seed=ch58),4,"[58, 75, 4]",0.6155619660145839,-0.048374
3,beam3(seed=ch58),5,"[58, 75, 5]",0.5579763701273057,-0.10596
3,beam3(seed=ch58),6,"[58, 75, 6]",0.6185445685644588,-0.045392
3,beam3(seed=ch58),7,"[58, 75, 7]",0.6285799364073636,-0.035356
3,beam3(seed=ch58),8,"[58, 75, 8]",0.5924401246166079,-0.071496
3,beam3(seed=ch58),9,"[58, 75, 9]",0.6511394332583964,-0.012797
3,beam3(seed=ch58),10,"[58, 75, 10]",0.6455466205878322,-0.018389
3,beam3(seed=ch58),11,"[58, 75, 11]",0.6589907155484027,-0.004945
3,beam3(seed=ch58),12,"[58, 75, 12]",0.6527242536507989,-0.011212
3,beam3(seed=ch58),13,"[58, 75, 13]",0.6607471389601899,-0.003189
3,beam3(seed=ch58),14,"[58, 75, 14]",0.6425479919915111,-0.021388
3,beam3(seed=ch58),15,"[58, 75, 15]",0.6335759535751123,-0.03036
3,beam3(seed=ch58),16,"[58, 75, 16]",0.6465623920853348,-0.017374
3,beam3(seed=ch58),17,"[58, 75, 17]",0.6648824160157488,0.000946
3,beam3(seed=ch58),18,"[58, 75, 18]",0.6579771017477674,-0.005959
3,beam3(seed=ch58),19,"[58, 75, 19]",0.6586121235878775,-0.005324
3,beam3(seed=ch58),20,"[58, 75, 20]",0.6615601844688052,-0.002376
3,beam3(seed=ch58),21,"[58, 75, 21]",0.5850076600852031,-0.078928
3,beam3(seed=ch58),22,"[58, 75, 22]",0.6369363099060668,-0.027
3,beam3(seed=ch58),23,"[58, 75, 23]",0.6053048774510814,-0.058631
3,beam3(seed=ch58),24,"[58, 75, 24]",0.6430664791354157,-0.02087
3,beam3(seed=ch58),25,"[58, 75, 25]",0.5980621944186961,-0.065874
3,beam3(seed=ch58),26,"[58, 75, 26]",0.626742022911416,-0.037194
3,beam3(seed=ch58),27,"[58, 75, 27]",0.662484329065207,-0.001452
3,beam3(seed=ch58),28,"[58, 75, 28]",0.639150320332983,-0.024786
3,beam3(seed=ch58),29,"[58, 75, 29]",0.6435506645023382,-0.020385
3,beam3(seed=ch58),30,"[58, 75, 30]",0.6397135745779384,-0.024223
3,beam3(seed=ch58),31,"[58, 75, 31]",0.6296550110948294,-0.034281
3,beam3(seed=ch58),32,"[58, 75, 32]",0.6296122018561655,-0.034324
3,beam3(seed=ch58),33,"[58, 75, 33]",0.654298163781218,-0.009638
3,beam3(seed=ch58),34,"[58, 75, 34]",0.6670268416260394,0.003091
3,beam3(seed=ch58),35,"[58, 75, 35]",0.6231625031243393,-0.040774
3,beam3(seed=ch58),36,"[58, 75, 36]",0.6373687474027032,-0.026567
3,beam3(seed=ch58),37,"[58, 75, 37]",0.6287405548641971,-0.035196
3,beam3(seed=ch58),38,"[58, 75, 38]",0.6581365928097581,-0.0058
3,beam3(seed=ch58),39,"[58, 75, 39]",0.659765980498607,-0.00417
3,beam3(seed=ch58),40,"[58, 75, 40]",0.6657492197651383,0.001813
3,beam3(seed=ch58),41,"[58, 75, 41]",0.6470872746198453,-0.016849
3,beam3(seed=ch58),42,"[58, 75, 42]",0.6504865493485826,-0.01345
3,beam3(seed=ch58),43,"[58, 75, 43]",0.6664862723881736,0.00255
3,beam3(seed=ch58),44,"[58, 75, 44]",0.6653406827023364,0.001405
3,beam3(seed=ch58),45,"[58, 75, 45]",0.6629158758356003,-0.00102
3,beam3(seed=ch58),46,"[58, 75, 46]",0.6580084937278033,-0.005928
3,beam3(seed=ch58),47,"[58, 75, 47]",0.6378655464959521,-0.026071
3,beam3(seed=ch58),48,"[58, 75, 48]",0.5942250281335181,-0.069711
3,beam3(seed=ch58),49,"[58, 75, 49]",0.6177854001678382,-0.046151
3,beam3(seed=ch58),50,"[58, 75, 50]",0.6575060844599682,-0.00643
3,beam3(seed=ch58),51,"[58, 75, 51]",0.623201581293835,-0.040735
3,beam3(seed=ch58),52,"[58, 75, 52]",0.636614953438115,-0.027321
3,beam3(seed=ch58),53,"[58, 75, 53]",0.6571547969032021,-0.006781
3,beam3(seed=ch58),54,"[58, 75, 54]",0.6613474774999436,-0.002589
3,beam3(seed=ch58),55,"[58, 75, 55]",0.6606151868300829,-0.003321
3,beam3(seed=ch58),56,"[58, 75, 56]",0.6429330901197897,-0.021003
3,beam3(seed=ch58),57,"[58, 75, 57]",0.6562720831952712,-0.007664
3,beam3(seed=ch58),59,"[58, 75, 59]",0.6548537741090762,-0.009082
3,beam3(seed=ch58),60,"[58, 75, 60]",0.6255367280117567,-0.038399
3,beam3(seed=ch58),61,"[58, 75, 61]",0.6703357383649932,0.0064
3,beam3(seed=ch58),62,"[58, 75, 62]",0.6059331778707635,-0.058003
3,beam3(seed=ch58),63,"[58, 75, 63]",0.6476976426548819,-0.016238
3,beam3(seed=ch58),64,"[58, 75, 64]",0.63965629525068,-0.02428
3,beam3(seed=ch58),65,"[58, 75, 65]",0.6526508355033459,-0.011285
3,beam3(seed=ch58),66,"[58, 75, 66]",0.6618793285804743,-0.002057
3,beam3(seed=ch58),67,"[58, 75, 67]",0.6675972086195943,0.003661
3,beam3(seed=ch58),68,"[58, 75, 68]",0.6187935274616618,-0.045143
3,beam3(seed=ch58),69,"[58, 75, 69]",0.5902405905756947,-0.073696
3,beam3(seed=ch58),70,"[58, 75, 70]",0.6603238247064362,-0.003612
3,beam3(seed=ch58),71,"[58, 75, 71]",0.6255314057455906,-0.038405
3,beam3(seed=ch58),72,"[58, 75, 72]",0.4924615244143611,-0.171475
3,beam3(seed=ch58),73,"[58, 75, 73]",0.6162512382408416,-0.047685
3,beam3(seed=ch58),74,"[58, 75, 74]",0.6498958849054758,-0.01404
3,beam3(seed=ch58),76,"[58, 75, 76]",0.5581298226692379,-0.105806
3,beam3(seed=ch58),77,"[58, 75, 77]",0.6306385563324906,-0.033298
3,beam3(seed=ch58),78,"[58, 75, 78]",0.657079816413774,-0.006856
3,beam3(seed=ch58),79,"[58, 75, 79]",0.4918380503006021,-0.172098
3,beam3(seed=ch58),80,"[58, 75, 80]",0.656025931277239,-0.00791
3,beam3(seed=ch58),81,"[58, 75, 81]",0.6571577387188945,-0.006778
3,beam3(seed=ch58),82,"[58, 75, 82]",0.652122418444773,-0.011814
3,beam3(seed=ch58),83,"[58, 75, 83]",0.6537280417658978,-0.010208
3,beam3(seed=ch58),84,"[58, 75, 84]",0.6538572742899297,-0.010079
3,beam3(seed=ch58),85,"[58, 75, 85]",0.6587822556475483,-0.005154
3,beam3(seed=ch58),86,"[58, 75, 86]",0.6459052156875155,-0.018031
3,beam3(seed=ch58),87,"[58, 75, 87]",0.6396895675887373,-0.024247
3,beam3(seed=ch58),88,"[58, 75, 88]",0.6484956080140254,-0.015441
3,beam3(seed=ch58),89,"[58, 75, 89]",0.6445359605767758,-0.0194
3,beam3(seed=ch58),90,"[58, 75, 90]",0.6470277978228696,-0.016908
3,beam3(seed=ch58),91,"[58, 75, 91]",0.6172881389097492,-0.046648
3,beam3(seed=ch58),92,"[58, 75, 92]",0.6145494688545323,-0.049387
3,beam3(seed=ch58),93,"[58, 75, 93]",0.6561463157776297,-0.00779
3,beam3(seed=ch58),94,"[58, 75, 94]",0.6670946230917857,0.003159
3,beam3(seed=ch58),95,"[58, 75, 95]",0.6462643097170455,-0.017672
3,beam3(seed=ch58),96,"[58, 75, 96]",0.6276457607506782,-0.03629
3,beam3(seed=ch58),97,"[58, 75, 97]",0.6613832601172885,-0.002553
3,beam3(seed=ch58),98,"[58, 75, 98]",0.6618268024466576,-0.002109
3,beam3(seed=ch58),99,"[58, 75, 99]",0.6526888978444533,-0.011247
3,beam3(seed=ch58),100,"[58, 75, 100]",0.6480277580349633,-0.015908
3,beam3(seed=ch58),101,"[58, 75, 101]",0.6682703963384671,0.004334
3,beam3(seed=ch58),102,"[58, 75, 102]",0.6300335089260912,-0.033903
3,beam3(seed=ch58),103,"[58, 75, 103]",0.6585581596840201,-0.005378
3,beam3(seed=ch58),104,"[58, 75, 104]",0.6617487791936268,-0.002187
3,beam3(seed=ch58),105,"[58, 75, 105]",0.6168385981936021,-0.047098
3,beam3(seed=ch58),106,"[58, 75, 106]",0.6492645350917552,-0.014672
3,beam3(seed=ch58),107,"[58, 75, 107]",0.659654663482172,-0.004281
3,beam3(seed=ch58),108,"[58, 75, 108]",0.6147725565471807,-0.049164
3,beam3(seed=ch58),109,"[58, 75, 109]",0.6385983696921532,-0.025338
3,beam3(seed=ch58),110,"[58, 75, 110]",0.6010099231308323,-0.062926
3,beam3(seed=ch58),111,"[58, 75, 111]",0.594433295183217,-0.069503
3,beam3(seed=ch58),112,"[58, 75, 112]",0.6652371143258766,0.001301
3,beam3(seed=ch58),113,"[58, 75, 113]",0.606287430568658,-0.057649
3,beam3(seed=ch58),114,"[58, 75, 114]",0.6477155567382393,-0.016221
3,beam3(seed=ch58),115,"[58, 75, 115]",0.6313098804803148,-0.032626
3,beam3(seed=ch58),116,"[58, 75, 116]",0.6527782664105867,-0.011158
3,beam3(seed=ch58),117,"[58, 75, 117]",0.6619507522644633,-0.001985
3,beam3(seed=ch58),118,"[58, 75, 118]",0.5988893564586425,-0.065047
3,beam3(seed=ch58),119,"[58, 75, 119]",0.643278428585453,-0.020658
3,beam3(seed=ch58),120,"[58, 75, 120]",0.6634086779569475,-0.000527
3,beam3(seed=ch58),121,"[58, 75, 121]",0.6654487672052769,0.001513
3,beam3(seed=ch58),122,"[58, 75, 122]",0.6313379637349968,-0.032598
3,beam3(seed=ch58),123,"[58, 75, 123]",0.6634381112329237,-0.000498
3,beam3(seed=ch58),124,"[58, 75, 124]",0.6239276575821204,-0.040008
3,beam3(seed=ch58),125,"[58, 75, 125]",0.6308961910538642,-0.03304
3,beam3(seed=ch58),126,"[58, 75, 126]",0.6580071633232148,-0.005929
3,beam3(seed=ch58),127,"[58, 75, 127]",0.5856064781620827,-0.07833
4,beam1(seed=ch112),0,"[112, 75, 40, 0]",0.6647011195223,-0.008415
4,beam1(seed=ch112),1,"[112, 75, 40, 1]",0.6524985487686566,-0.020617
4,beam1(seed=ch112),2,"[112, 75, 40, 2]",0.6378413427472126,-0.035274
4,beam1(seed=ch112),3,"[112, 75, 40, 3]",0.6165130025299344,-0.056603
4,beam1(seed=ch112),4,"[112, 75, 40, 4]",0.6341425973259086,-0.038973
4,beam1(seed=ch112),5,"[112, 75, 40, 5]",0.5890953933805063,-0.08402
4,beam1(seed=ch112),6,"[112, 75, 40, 6]",0.619606199272753,-0.05351
4,beam1(seed=ch112),7,"[112, 75, 40, 7]",0.6377263998122944,-0.035389
4,beam1(seed=ch112),8,"[112, 75, 40, 8]",0.602597243244422,-0.070518
4,beam1(seed=ch112),9,"[112, 75, 40, 9]",0.6548321148002899,-0.018284
4,beam1(seed=ch112),10,"[112, 75, 40, 10]",0.6422738374978104,-0.030842
4,beam1(seed=ch112),11,"[112, 75, 40, 11]",0.659868571834155,-0.013247
4,beam1(seed=ch112),12,"[112, 75, 40, 12]",0.6596904985649186,-0.013425
4,beam1(seed=ch112),13,"[112, 75, 40, 13]",0.6612809853444327,-0.011835
4,beam1(seed=ch112),14,"[112, 75, 40, 14]",0.6425786795514503,-0.030537
4,beam1(seed=ch112),15,"[112, 75, 40, 15]",0.6360276846767176,-0.037088
4,beam1(seed=ch112),16,"[112, 75, 40, 16]",0.642051741616179,-0.031064
4,beam1(seed=ch112),17,"[112, 75, 40, 17]",0.6672222035253478,-0.005894
4,beam1(seed=ch112),18,"[112, 75, 40, 18]",0.6601394169768066,-0.012976
4,beam1(seed=ch112),19,"[112, 75, 40, 19]",0.6578114080250502,-0.015304
4,beam1(seed=ch112),20,"[112, 75, 40, 20]",0.6624788480845564,-0.010637
4,beam1(seed=ch112),21,"[112, 75, 40, 21]",0.5989756854800351,-0.07414
4,beam1(seed=ch112),22,"[112, 75, 40, 22]",0.6359955854386183,-0.03712
4,beam1(seed=ch112),23,"[112, 75, 40, 23]",0.6097894865043807,-0.063326
4,beam1(seed=ch112),24,"[112, 75, 40, 24]",0.6393979820712237,-0.033718
4,beam1(seed=ch112),25,"[112, 75, 40, 25]",0.604029019767857,-0.069087
4,beam1(seed=ch112),26,"[112, 75, 40, 26]",0.62615874876363,-0.046957
4,beam1(seed=ch112),27,"[112, 75, 40, 27]",0.665607162733326,-0.007509
4,beam1(seed=ch112),28,"[112, 75, 40, 28]",0.6444447625376912,-0.028671
4,beam1(seed=ch112),29,"[112, 75, 40, 29]",0.6506627318442271,-0.022453
4,beam1(seed=ch112),30,"[112, 75, 40, 30]",0.6463024371480287,-0.026813
4,beam1(seed=ch112),31,"[112, 75, 40, 31]",0.630672758833578,-0.042443
4,beam1(seed=ch112),32,"[112, 75, 40, 32]",0.634964171262338,-0.038152
4,beam1(seed=ch112),33,"[112, 75, 40, 33]",0.6652898037800437,-0.007826
4,beam1(seed=ch112),34,"[112, 75, 40, 34]",0.6727041035409598,-0.000412
4,beam1(seed=ch112),35,"[112, 75, 40, 35]",0.6299622799067577,-0.043153
4,beam1(seed=ch112),36,"[112, 75, 40, 36]",0.6388088984368372,-0.034307
4,beam1(seed=ch112),37,"[112, 75, 40, 37]",0.6331812431226104,-0.039934
4,beam1(seed=ch112),38,"[112, 75, 40, 38]",0.665956096899868,-0.00716
4,beam1(seed=ch112),39,"[112, 75, 40, 39]",0.6675080855436064,-0.005608
4,beam1(seed=ch112),41,"[112, 75, 40, 41]",0.6444428250290818,-0.028673
4,beam1(seed=ch112),42,"[112, 75, 40, 42]",0.6473791682001068,-0.025737
4,beam1(seed=ch112),43,"[112, 75, 40, 43]",0.6748546598631826,0.001739
4,beam1(seed=ch112),44,"[112, 75, 40, 44]",0.669048649925719,-0.004067
4,beam1(seed=ch112),45,"[112, 75, 40, 45]",0.6681334020868089,-0.004982
4,beam1(seed=ch112),46,"[112, 75, 40, 46]",0.6595386380941893,-0.013577
4,beam1(seed=ch112),47,"[112, 75, 40, 47]",0.6340033232014876,-0.039112
4,beam1(seed=ch112),48,"[112, 75, 40, 48]",0.5901955074377961,-0.08292
4,beam1(seed=ch112),49,"[112, 75, 40, 49]",0.6307442877944964,-0.042371
4,beam1(seed=ch112),50,"[112, 75, 40, 50]",0.6630410919820379,-0.010075
4,beam1(seed=ch112),51,"[112, 75, 40, 51]",0.633988270631484,-0.039127
4,beam1(seed=ch112),52,"[112, 75, 40, 52]",0.6285815560764846,-0.044534
4,beam1(seed=ch112),53,"[112, 75, 40, 53]",0.6637757746378702,-0.00934
4,beam1(seed=ch112),54,"[112, 75, 40, 54]",0.6651370775907471,-0.007979
4,beam1(seed=ch112),55,"[112, 75, 40, 55]",0.6643702144008186,-0.008746
4,beam1(seed=ch112),56,"[112, 75, 40, 56]",0.649666347984539,-0.023449
4,beam1(seed=ch112),57,"[112, 75, 40, 57]",0.6679235570877498,-0.005192
4,beam1(seed=ch112),58,"[112, 75, 40, 58]",0.6686150529055137,-0.004501
4,beam1(seed=ch112),59,"[112, 75, 40, 59]",0.6599275766330924,-0.013188
4,beam1(seed=ch112),60,"[112, 75, 40, 60]",0.6328822097792435,-0.040234
4,beam1(seed=ch112),61,"[112, 75, 40, 61]",0.6720740951979147,-0.001042
4,beam1(seed=ch112),62,"[112, 75, 40, 62]",0.6186066660954695,-0.054509
4,beam1(seed=ch112),63,"[112, 75, 40, 63]",0.6486438025280603,-0.024472
4,beam1(seed=ch112),64,"[112, 75, 40, 64]",0.6391190221410268,-0.033997
4,beam1(seed=ch112),65,"[112, 75, 40, 65]",0.6616107904780141,-0.011505
4,beam1(seed=ch112),66,"[112, 75, 40, 66]",0.6676075033266227,-0.005508
4,beam1(seed=ch112),67,"[112, 75, 40, 67]",0.6693731779670266,-0.003743
4,beam1(seed=ch112),68,"[112, 75, 40, 68]",0.6206432743091213,-0.052472
4,beam1(seed=ch112),69,"[112, 75, 40, 69]",0.5841041933333786,-0.089012
4,beam1(seed=ch112),70,"[112, 75, 40, 70]",0.6659959740470418,-0.00712
4,beam1(seed=ch112),71,"[112, 75, 40, 71]",0.6238027985085852,-0.049313
4,beam1(seed=ch112),72,"[112, 75, 40, 72]",0.49463452680805875,-0.178481
4,beam1(seed=ch112),73,"[112, 75, 40, 73]",0.6220368797693593,-0.051079
4,beam1(seed=ch112),74,"[112, 75, 40, 74]",0.6632077820567908,-0.009908
4,beam1(seed=ch112),76,"[112, 75, 40, 76]",0.5602739490907629,-0.112842
4,beam1(seed=ch112),77,"[112, 75, 40, 77]",0.6319042712081825,-0.041211
4,beam1(seed=ch112),78,"[112, 75, 40, 78]",0.6628290934308797,-0.010287
4,beam1(seed=ch112),79,"[112, 75, 40, 79]",0.4950448008083472,-0.178071
4,beam1(seed=ch112),80,"[112, 75, 40, 80]",0.6532428050548934,-0.019873
4,beam1(seed=ch112),81,"[112, 75, 40, 81]",0.6595240128162635,-0.013592
4,beam1(seed=ch112),82,"[112, 75, 40, 82]",0.6559001561784313,-0.017216
4,beam1(seed=ch112),83,"[112, 75, 40, 83]",0.6622137068153034,-0.010902
4,beam1(seed=ch112),84,"[112, 75, 40, 84]",0.6607638835435666,-0.012352
4,beam1(seed=ch112),85,"[112, 75, 40, 85]",0.6682151115978575,-0.004901
4,beam1(seed=ch112),86,"[112, 75, 40, 86]",0.6446616738791532,-0.028454
4,beam1(seed=ch112),87,"[112, 75, 40, 87]",0.6430429572824993,-0.030073
4,beam1(seed=ch112),88,"[112, 75, 40, 88]",0.6458039279179678,-0.027312
4,beam1(seed=ch112),89,"[112, 75, 40, 89]",0.6525056772056924,-0.02061
4,beam1(seed=ch112),90,"[112, 75, 40, 90]",0.6562686198192531,-0.016847
4,beam1(seed=ch112),91,"[112, 75, 40, 91]",0.6245478311466744,-0.048568
4,beam1(seed=ch112),92,"[112, 75, 40, 92]",0.6147415669917397,-0.058374
4,beam1(seed=ch112),93,"[112, 75, 40, 93]",0.6633226580840399,-0.009793
4,beam1(seed=ch112),94,"[112, 75, 40, 94]",0.6661408264345257,-0.006975
4,beam1(seed=ch112),95,"[112, 75, 40, 95]",0.6531658686145969,-0.01995
4,beam1(seed=ch112),96,"[112, 75, 40, 96]",0.6525350534345027,-0.020581
4,beam1(seed=ch112),97,"[112, 75, 40, 97]",0.6665015903114969,-0.006614
4,beam1(seed=ch112),98,"[112, 75, 40, 98]",0.6620201878307878,-0.011096
4,beam1(seed=ch112),99,"[112, 75, 40, 99]",0.6612925317259887,-0.011823
4,beam1(seed=ch112),100,"[112, 75, 40, 100]",0.6546797298102278,-0.018436
4,beam1(seed=ch112),101,"[112, 75, 40, 101]",0.6712480977649286,-0.001868
4,beam1(seed=ch112),102,"[112, 75, 40, 102]",0.6453939231609062,-0.027722
4,beam1(seed=ch112),103,"[112, 75, 40, 103]",0.6542737195776263,-0.018842
4,beam1(seed=ch112),104,"[112, 75, 40, 104]",0.6633875882214675,-0.009728
4,beam1(seed=ch112),105,"[112, 75, 40, 105]",0.618247907202105,-0.054868
4,beam1(seed=ch112),106,"[112, 75, 40, 106]",0.649936413150758,-0.023179
4,beam1(seed=ch112),107,"[112, 75, 40, 107]",0.6701399586692712,-0.002976
4,beam1(seed=ch112),108,"[112, 75, 40, 108]",0.6186105818629066,-0.054505
4,beam1(seed=ch112),109,"[112, 75, 40, 109]",0.6446343869550354,-0.028481
4,beam1(seed=ch112),110,"[112, 75, 40, 110]",0.6157856165557976,-0.05733
4,beam1(seed=ch112),111,"[112, 75, 40, 111]",0.6000174483708236,-0.073098
4,beam1(seed=ch112),113,"[112, 75, 40, 113]",0.6203749789392342,-0.052741
4,beam1(seed=ch112),114,"[112, 75, 40, 114]",0.6531301502177045,-0.019986
4,beam1(seed=ch112),115,"[112, 75, 40, 115]",0.6431757372804567,-0.02994
4,beam1(seed=ch112),116,"[112, 75, 40, 116]",0.6464250142680066,-0.026691
4,beam1(seed=ch112),117,"[112, 75, 40, 117]",0.667945900445959,-0.00517
4,beam1(seed=ch112),118,"[112, 75, 40, 118]",0.5933987941452694,-0.079717
4,beam1(seed=ch112),119,"[112, 75, 40, 119]",0.6473078587248728,-0.025808
4,beam1(seed=ch112),120,"[112, 75, 40, 120]",0.6701161660762542,-0.003
4,beam1(seed=ch112),121,"[112, 75, 40, 121]",0.6725504397621602,-0.000565
4,beam1(seed=ch112),122,"[112, 75, 40, 122]",0.6372317104955876,-0.035884
4,beam1(seed=ch112),123,"[112, 75, 40, 123]",0.6696997230466689,-0.003416
4,beam1(seed=ch112),124,"[112, 75, 40, 124]",0.6320923910610736,-0.041023
4,beam1(seed=ch112),125,"[112, 75, 40, 125]",0.6354853914333737,-0.03763
4,beam1(seed=ch112),126,"[112, 75, 40, 126]",0.669458429064084,-0.003657
4,beam1(seed=ch112),127,"[112, 75, 40, 127]",0.5996105106761079,-0.073505
4,beam2(seed=ch75),0,"[75, 61, 43, 0]",0.663236311054549,-0.01154
4,beam2(seed=ch75),1,"[75, 61, 43, 1]",0.6479758537136898,-0.0268
4,beam2(seed=ch75),2,"[75, 61, 43, 2]",0.6070935321253957,-0.067683
4,beam2(seed=ch75),3,"[75, 61, 43, 3]",0.6084394896573333,-0.066337
4,beam2(seed=ch75),4,"[75, 61, 43, 4]",0.6144126216142549,-0.060364
4,beam2(seed=ch75),5,"[75, 61, 43, 5]",0.5324494738328108,-0.142327
4,beam2(seed=ch75),6,"[75, 61, 43, 6]",0.6016228874630408,-0.073153
4,beam2(seed=ch75),7,"[75, 61, 43, 7]",0.6343302397501781,-0.040446
4,beam2(seed=ch75),8,"[75, 61, 43, 8]",0.5896168369913632,-0.085159
4,beam2(seed=ch75),9,"[75, 61, 43, 9]",0.6563972755798259,-0.018379
4,beam2(seed=ch75),10,"[75, 61, 43, 10]",0.6342273576313188,-0.040549
4,beam2(seed=ch75),11,"[75, 61, 43, 11]",0.6574965822715755,-0.01728
4,beam2(seed=ch75),12,"[75, 61, 43, 12]",0.659996739930798,-0.01478
4,beam2(seed=ch75),13,"[75, 61, 43, 13]",0.6522578769243516,-0.022518
4,beam2(seed=ch75),14,"[75, 61, 43, 14]",0.6363396582076445,-0.038437
4,beam2(seed=ch75),15,"[75, 61, 43, 15]",0.6269623707947998,-0.047814
4,beam2(seed=ch75),16,"[75, 61, 43, 16]",0.6264807963969842,-0.048296
4,beam2(seed=ch75),17,"[75, 61, 43, 17]",0.6622347377852826,-0.012542
4,beam2(seed=ch75),18,"[75, 61, 43, 18]",0.6597744125559151,-0.015002
4,beam2(seed=ch75),19,"[75, 61, 43, 19]",0.6578162434306578,-0.01696
4,beam2(seed=ch75),20,"[75, 61, 43, 20]",0.6574677872016694,-0.017309
4,beam2(seed=ch75),21,"[75, 61, 43, 21]",0.5713249809996486,-0.103451
4,beam2(seed=ch75),22,"[75, 61, 43, 22]",0.6260947113897388,-0.048682
4,beam2(seed=ch75),23,"[75, 61, 43, 23]",0.5751967832819481,-0.09958
4,beam2(seed=ch75),24,"[75, 61, 43, 24]",0.6316067134002377,-0.04317
4,beam2(seed=ch75),25,"[75, 61, 43, 25]",0.5804292319077038,-0.094347
4,beam2(seed=ch75),26,"[75, 61, 43, 26]",0.6122177090740863,-0.062559
4,beam2(seed=ch75),27,"[75, 61, 43, 27]",0.6631025627431875,-0.011674
4,beam2(seed=ch75),28,"[75, 61, 43, 28]",0.6302893245425858,-0.044487
4,beam2(seed=ch75),29,"[75, 61, 43, 29]",0.6466214664610282,-0.028155
4,beam2(seed=ch75),30,"[75, 61, 43, 30]",0.6463135572135433,-0.028463
4,beam2(seed=ch75),31,"[75, 61, 43, 31]",0.6205297502265562,-0.054247
4,beam2(seed=ch75),32,"[75, 61, 43, 32]",0.6210442618995476,-0.053732
4,beam2(seed=ch75),33,"[75, 61, 43, 33]",0.6645047631826604,-0.010272
4,beam2(seed=ch75),34,"[75, 61, 43, 34]",0.6690275718271894,-0.005749
4,beam2(seed=ch75),35,"[75, 61, 43, 35]",0.6161336958335438,-0.058643
4,beam2(seed=ch75),36,"[75, 61, 43, 36]",0.6272679913420086,-0.047508
4,beam2(seed=ch75),37,"[75, 61, 43, 37]",0.628064696391851,-0.046712
4,beam2(seed=ch75),38,"[75, 61, 43, 38]",0.6682914324210134,-0.006485
4,beam2(seed=ch75),39,"[75, 61, 43, 39]",0.6660448979430499,-0.008731
4,beam2(seed=ch75),40,"[75, 61, 43, 40]",0.6688674152811944,-0.005909
4,beam2(seed=ch75),41,"[75, 61, 43, 41]",0.6298688237365564,-0.044907
4,beam2(seed=ch75),42,"[75, 61, 43, 42]",0.6437767113854348,-0.031
4,beam2(seed=ch75),44,"[75, 61, 43, 44]",0.6711379399996071,-0.003638
4,beam2(seed=ch75),45,"[75, 61, 43, 45]",0.6709192577612658,-0.003857
4,beam2(seed=ch75),46,"[75, 61, 43, 46]",0.663866939350074,-0.010909
4,beam2(seed=ch75),47,"[75, 61, 43, 47]",0.6195987349459178,-0.055178
4,beam2(seed=ch75),48,"[75, 61, 43, 48]",0.5645913574913001,-0.110185
4,beam2(seed=ch75),49,"[75, 61, 43, 49]",0.617267725414124,-0.057509
4,beam2(seed=ch75),50,"[75, 61, 43, 50]",0.6582604411465981,-0.016516
4,beam2(seed=ch75),51,"[75, 61, 43, 51]",0.6121773816102403,-0.062599
4,beam2(seed=ch75),52,"[75, 61, 43, 52]",0.6175887614291957,-0.057188
4,beam2(seed=ch75),53,"[75, 61, 43, 53]",0.6651918576540368,-0.009584
4,beam2(seed=ch75),54,"[75, 61, 43, 54]",0.6696425691342426,-0.005134
4,beam2(seed=ch75),55,"[75, 61, 43, 55]",0.6638554456307795,-0.010921
4,beam2(seed=ch75),56,"[75, 61, 43, 56]",0.6420163766782062,-0.03276
4,beam2(seed=ch75),57,"[75, 61, 43, 57]",0.6693387836918072,-0.005438
4,beam2(seed=ch75),58,"[75, 61, 43, 58]",0.6706143674179778,-0.004162
4,beam2(seed=ch75),59,"[75, 61, 43, 59]",0.6636330633997668,-0.011143
4,beam2(seed=ch75),60,"[75, 61, 43, 60]",0.6234735538327039,-0.051303
4,beam2(seed=ch75),62,"[75, 61, 43, 62]",0.5958535494468662,-0.078923
4,beam2(seed=ch75),63,"[75, 61, 43, 63]",0.6402534437414336,-0.034523
4,beam2(seed=ch75),64,"[75, 61, 43, 64]",0.6363183630379198,-0.038458
4,beam2(seed=ch75),65,"[75, 61, 43, 65]",0.6560740007104541,-0.018702
4,beam2(seed=ch75),66,"[75, 61, 43, 66]",0.6670964682581269,-0.00768
4,beam2(seed=ch75),67,"[75, 61, 43, 67]",0.6733466978939079,-0.00143
4,beam2(seed=ch75),68,"[75, 61, 43, 68]",0.5989711938420513,-0.075805
4,beam2(seed=ch75),69,"[75, 61, 43, 69]",0.558796592666603,-0.11598
4,beam2(seed=ch75),70,"[75, 61, 43, 70]",0.6486681910773202,-0.026108
4,beam2(seed=ch75),71,"[75, 61, 43, 71]",0.6199796196625362,-0.054797
4,beam2(seed=ch75),72,"[75, 61, 43, 72]",0.4482882745751424,-0.226488
4,beam2(seed=ch75),73,"[75, 61, 43, 73]",0.6036699060969458,-0.071106
4,beam2(seed=ch75),74,"[75, 61, 43, 74]",0.6662609510930794,-0.008515
4,beam2(seed=ch75),76,"[75, 61, 43, 76]",0.5328236012113823,-0.141953
4,beam2(seed=ch75),77,"[75, 61, 43, 77]",0.6184336698006275,-0.056343
4,beam2(seed=ch75),78,"[75, 61, 43, 78]",0.6617164006011191,-0.01306
4,beam2(seed=ch75),79,"[75, 61, 43, 79]",0.43727916271029355,-0.237497
4,beam2(seed=ch75),80,"[75, 61, 43, 80]",0.64657181723532,-0.028204
4,beam2(seed=ch75),81,"[75, 61, 43, 81]",0.6612874896580776,-0.013489
4,beam2(seed=ch75),82,"[75, 61, 43, 82]",0.6561331662827771,-0.018643
4,beam2(seed=ch75),83,"[75, 61, 43, 83]",0.6622213241299837,-0.012555
4,beam2(seed=ch75),84,"[75, 61, 43, 84]",0.6644812033416921,-0.010295
4,beam2(seed=ch75),85,"[75, 61, 43, 85]",0.6716507505512851,-0.003126
4,beam2(seed=ch75),86,"[75, 61, 43, 86]",0.6348193186494504,-0.039957
4,beam2(seed=ch75),87,"[75, 61, 43, 87]",0.6379506872644332,-0.036826
4,beam2(seed=ch75),88,"[75, 61, 43, 88]",0.6393954653485929,-0.035381
4,beam2(seed=ch75),89,"[75, 61, 43, 89]",0.649208595444928,-0.025568
4,beam2(seed=ch75),90,"[75, 61, 43, 90]",0.6476275227042602,-0.027149
4,beam2(seed=ch75),91,"[75, 61, 43, 91]",0.6160461631466757,-0.05873
4,beam2(seed=ch75),92,"[75, 61, 43, 92]",0.6061496924119621,-0.068627
4,beam2(seed=ch75),93,"[75, 61, 43, 93]",0.6608178846822955,-0.013958
4,beam2(seed=ch75),94,"[75, 61, 43, 94]",0.6650381778612934,-0.009738
4,beam2(seed=ch75),95,"[75, 61, 43, 95]",0.6350509269828574,-0.039725
4,beam2(seed=ch75),96,"[75, 61, 43, 96]",0.6317468200984329,-0.043029
4,beam2(seed=ch75),97,"[75, 61, 43, 97]",0.6713825713205805,-0.003394
4,beam2(seed=ch75),98,"[75, 61, 43, 98]",0.6498573961456982,-0.024919
4,beam2(seed=ch75),99,"[75, 61, 43, 99]",0.654230301511627,-0.020546
4,beam2(seed=ch75),100,"[75, 61, 43, 100]",0.6482009745966223,-0.026575
4,beam2(seed=ch75),101,"[75, 61, 43, 101]",0.6709477303586454,-0.003829
4,beam2(seed=ch75),102,"[75, 61, 43, 102]",0.6431838748854963,-0.031592
4,beam2(seed=ch75),103,"[75, 61, 43, 103]",0.6469485996555265,-0.027828
4,beam2(seed=ch75),104,"[75, 61, 43, 104]",0.6618844279959304,-0.012892
4,beam2(seed=ch75),105,"[75, 61, 43, 105]",0.6024946980259391,-0.072282
4,beam2(seed=ch75),106,"[75, 61, 43, 106]",0.6429044511237233,-0.031872
4,beam2(seed=ch75),107,"[75, 61, 43, 107]",0.6720447566970417,-0.002732
4,beam2(seed=ch75),108,"[75, 61, 43, 108]",0.6106675192217791,-0.064109
4,beam2(seed=ch75),109,"[75, 61, 43, 109]",0.6323982646547218,-0.042378
4,beam2(seed=ch75),110,"[75, 61, 43, 110]",0.5841470357359436,-0.090629
4,beam2(seed=ch75),111,"[75, 61, 43, 111]",0.5778387605313082,-0.096938
4,beam2(seed=ch75),112,"[75, 61, 43, 112]",0.6738251482489984,-0.000951
4,beam2(seed=ch75),113,"[75, 61, 43, 113]",0.5940440979065982,-0.080732
4,beam2(seed=ch75),114,"[75, 61, 43, 114]",0.6503349579063386,-0.024441
4,beam2(seed=ch75),115,"[75, 61, 43, 115]",0.6352481516201716,-0.039528
4,beam2(seed=ch75),116,"[75, 61, 43, 116]",0.6451277311744477,-0.029649
4,beam2(seed=ch75),117,"[75, 61, 43, 117]",0.6659143210708299,-0.008862
4,beam2(seed=ch75),118,"[75, 61, 43, 118]",0.5718329407054153,-0.102943
4,beam2(seed=ch75),119,"[75, 61, 43, 119]",0.6392523160300997,-0.035524
4,beam2(seed=ch75),120,"[75, 61, 43, 120]",0.6702843649481353,-0.004492
4,beam2(seed=ch75),121,"[75, 61, 43, 121]",0.6747252913954037,-5.1e-05
4,beam2(seed=ch75),122,"[75, 61, 43, 122]",0.6291365875245474,-0.04564
4,beam2(seed=ch75),123,"[75, 61, 43, 123]",0.6729371493871663,-0.001839
4,beam2(seed=ch75),124,"[75, 61, 43, 124]",0.6183072517949466,-0.056469
4,beam2(seed=ch75),125,"[75, 61, 43, 125]",0.6271095352824022,-0.047667
4,beam2(seed=ch75),126,"[75, 61, 43, 126]",0.6731117271333522,-0.001665
4,beam2(seed=ch75),127,"[75, 61, 43, 127]",0.5612697415410595,-0.113507
4,beam3(seed=ch58),0,"[58, 75, 61, 0]",0.6631446719653405,-0.007191
4,beam3(seed=ch58),1,"[58, 75, 61, 1]",0.6551101634193656,-0.015226
4,beam3(seed=ch58),2,"[58, 75, 61, 2]",0.6339181152736557,-0.036418
4,beam3(seed=ch58),3,"[58, 75, 61, 3]",0.6270088932571971,-0.043327
4,beam3(seed=ch58),4,"[58, 75, 61, 4]",0.6303051540879423,-0.040031
4,beam3(seed=ch58),5,"[58, 75, 61, 5]",0.5700592742659929,-0.100276
4,beam3(seed=ch58),6,"[58, 75, 61, 6]",0.6228701423622871,-0.047466
4,beam3(seed=ch58),7,"[58, 75, 61, 7]",0.6430208219425508,-0.027315
4,beam3(seed=ch58),8,"[58, 75, 61, 8]",0.6050357490321572,-0.0653
4,beam3(seed=ch58),9,"[58, 75, 61, 9]",0.6618008158333838,-0.008535
4,beam3(seed=ch58),10,"[58, 75, 61, 10]",0.6503494677345187,-0.019986
4,beam3(seed=ch58),11,"[58, 75, 61, 11]",0.6637223444515353,-0.006613
4,beam3(seed=ch58),12,"[58, 75, 61, 12]",0.6609017677320316,-0.009434
4,beam3(seed=ch58),13,"[58, 75, 61, 13]",0.6639119498290933,-0.006424
4,beam3(seed=ch58),14,"[58, 75, 61, 14]",0.6476944970833202,-0.022641
4,beam3(seed=ch58),15,"[58, 75, 61, 15]",0.6434312470044554,-0.026904
4,beam3(seed=ch58),16,"[58, 75, 61, 16]",0.650361926482431,-0.019974
4,beam3(seed=ch58),17,"[58, 75, 61, 17]",0.668309194218356,-0.002027
4,beam3(seed=ch58),18,"[58, 75, 61, 18]",0.6625036722038995,-0.007832
4,beam3(seed=ch58),19,"[58, 75, 61, 19]",0.6620855585673144,-0.00825
4,beam3(seed=ch58),20,"[58, 75, 61, 20]",0.6646075053511987,-0.005728
4,beam3(seed=ch58),21,"[58, 75, 61, 21]",0.59806298322363,-0.072273
4,beam3(seed=ch58),22,"[58, 75, 61, 22]",0.6452784127354436,-0.025057
4,beam3(seed=ch58),23,"[58, 75, 61, 23]",0.61561044449626,-0.054725
4,beam3(seed=ch58),24,"[58, 75, 61, 24]",0.651319725765154,-0.019016
4,beam3(seed=ch58),25,"[58, 75, 61, 25]",0.6086177221659484,-0.061718
4,beam3(seed=ch58),26,"[58, 75, 61, 26]",0.6329198948220204,-0.037416
4,beam3(seed=ch58),27,"[58, 75, 61, 27]",0.6660524222848533,-0.004283
4,beam3(seed=ch58),28,"[58, 75, 61, 28]",0.6449222397133649,-0.025413
4,beam3(seed=ch58),29,"[58, 75, 61, 29]",0.6504825188649618,-0.019853
4,beam3(seed=ch58),30,"[58, 75, 61, 30]",0.6510640733069712,-0.019272
4,beam3(seed=ch58),31,"[58, 75, 61, 31]",0.6336976160993595,-0.036638
4,beam3(seed=ch58),32,"[58, 75, 61, 32]",0.6363421336114637,-0.033994
4,beam3(seed=ch58),33,"[58, 75, 61, 33]",0.6633328066802898,-0.007003
4,beam3(seed=ch58),34,"[58, 75, 61, 34]",0.669702543642416,-0.000633
4,beam3(seed=ch58),35,"[58, 75, 61, 35]",0.6321195043318969,-0.038216
4,beam3(seed=ch58),36,"[58, 75, 61, 36]",0.6444618853556903,-0.025874
4,beam3(seed=ch58),37,"[58, 75, 61, 37]",0.636482181251635,-0.033854
4,beam3(seed=ch58),38,"[58, 75, 61, 38]",0.6666833239782893,-0.003652
4,beam3(seed=ch58),39,"[58, 75, 61, 39]",0.6652178904829994,-0.005118
4,beam3(seed=ch58),40,"[58, 75, 61, 40]",0.6670514376927132,-0.003284
4,beam3(seed=ch58),41,"[58, 75, 61, 41]",0.650800333497888,-0.019535
4,beam3(seed=ch58),42,"[58, 75, 61, 42]",0.653987184864196,-0.016349
4,beam3(seed=ch58),43,"[58, 75, 61, 43]",0.6706143680421794,0.000279
4,beam3(seed=ch58),44,"[58, 75, 61, 44]",0.6701601673070705,-0.000176
4,beam3(seed=ch58),45,"[58, 75, 61, 45]",0.6664847225214882,-0.003851
4,beam3(seed=ch58),46,"[58, 75, 61, 46]",0.6627526335342617,-0.007583
4,beam3(seed=ch58),47,"[58, 75, 61, 47]",0.6454527524863385,-0.024883
4,beam3(seed=ch58),48,"[58, 75, 61, 48]",0.6030294492002896,-0.067306
4,beam3(seed=ch58),49,"[58, 75, 61, 49]",0.6315058954737854,-0.03883
4,beam3(seed=ch58),50,"[58, 75, 61, 50]",0.6617782059795043,-0.008558
4,beam3(seed=ch58),51,"[58, 75, 61, 51]",0.6303314102587658,-0.040004
4,beam3(seed=ch58),52,"[58, 75, 61, 52]",0.6392598149007264,-0.031076
4,beam3(seed=ch58),53,"[58, 75, 61, 53]",0.6648906704632583,-0.005445
4,beam3(seed=ch58),54,"[58, 75, 61, 54]",0.6665428286116195,-0.003793
4,beam3(seed=ch58),55,"[58, 75, 61, 55]",0.6651577926797106,-0.005178
4,beam3(seed=ch58),56,"[58, 75, 61, 56]",0.648429479899906,-0.021906
4,beam3(seed=ch58),57,"[58, 75, 61, 57]",0.6662985518834748,-0.004037
4,beam3(seed=ch58),59,"[58, 75, 61, 59]",0.6622727703462088,-0.008063
4,beam3(seed=ch58),60,"[58, 75, 61, 60]",0.6326460468112082,-0.03769
4,beam3(seed=ch58),62,"[58, 75, 61, 62]",0.617701092203652,-0.052635
4,beam3(seed=ch58),63,"[58, 75, 61, 63]",0.653137830770598,-0.017198
4,beam3(seed=ch58),64,"[58, 75, 61, 64]",0.6471308064175131,-0.023205
4,beam3(seed=ch58),65,"[58, 75, 61, 65]",0.6606182861146915,-0.009717
4,beam3(seed=ch58),66,"[58, 75, 61, 66]",0.6664305090856814,-0.003905
4,beam3(seed=ch58),67,"[58, 75, 61, 67]",0.6706528381732659,0.000317
4,beam3(seed=ch58),68,"[58, 75, 61, 68]",0.6258573188340549,-0.044478
4,beam3(seed=ch58),69,"[58, 75, 61, 69]",0.5940639032174999,-0.076272
4,beam3(seed=ch58),70,"[58, 75, 61, 70]",0.6658274826837597,-0.004508
4,beam3(seed=ch58),71,"[58, 75, 61, 71]",0.632911693942505,-0.037424
4,beam3(seed=ch58),72,"[58, 75, 61, 72]",0.5084515478820614,-0.161884
4,beam3(seed=ch58),73,"[58, 75, 61, 73]",0.623317492678271,-0.047018
4,beam3(seed=ch58),74,"[58, 75, 61, 74]",0.6626059491998415,-0.00773
4,beam3(seed=ch58),76,"[58, 75, 61, 76]",0.571901222562086,-0.098435
4,beam3(seed=ch58),77,"[58, 75, 61, 77]",0.6376830354792946,-0.032653
4,beam3(seed=ch58),78,"[58, 75, 61, 78]",0.6627836072058507,-0.007552
4,beam3(seed=ch58),79,"[58, 75, 61, 79]",0.5117562017666526,-0.15858
4,beam3(seed=ch58),80,"[58, 75, 61, 80]",0.659080139969882,-0.011256
4,beam3(seed=ch58),81,"[58, 75, 61, 81]",0.6616849911917017,-0.008651
4,beam3(seed=ch58),82,"[58, 75, 61, 82]",0.6601479919078501,-0.010188
4,beam3(seed=ch58),83,"[58, 75, 61, 83]",0.6621472146947133,-0.008189
4,beam3(seed=ch58),84,"[58, 75, 61, 84]",0.6636258319417024,-0.00671
4,beam3(seed=ch58),85,"[58, 75, 61, 85]",0.6686273489420823,-0.001708
4,beam3(seed=ch58),86,"[58, 75, 61, 86]",0.6479312193338513,-0.022405
4,beam3(seed=ch58),87,"[58, 75, 61, 87]",0.646408761156307,-0.023927
4,beam3(seed=ch58),88,"[58, 75, 61, 88]",0.6500958604352621,-0.02024
4,beam3(seed=ch58),89,"[58, 75, 61, 89]",0.6540029821752937,-0.016333
4,beam3(seed=ch58),90,"[58, 75, 61, 90]",0.6546597453987535,-0.015676
4,beam3(seed=ch58),91,"[58, 75, 61, 91]",0.6282977387044273,-0.042038
4,beam3(seed=ch58),92,"[58, 75, 61, 92]",0.6243536357006861,-0.045982
4,beam3(seed=ch58),93,"[58, 75, 61, 93]",0.6608046000156924,-0.009531
4,beam3(seed=ch58),94,"[58, 75, 61, 94]",0.6688116470598855,-0.001524
4,beam3(seed=ch58),95,"[58, 75, 61, 95]",0.6515917756419722,-0.018744
4,beam3(seed=ch58),96,"[58, 75, 61, 96]",0.6395385018186811,-0.030797
4,beam3(seed=ch58),97,"[58, 75, 61, 97]",0.6669892263988242,-0.003347
4,beam3(seed=ch58),98,"[58, 75, 61, 98]",0.6597748071972225,-0.010561
4,beam3(seed=ch58),99,"[58, 75, 61, 99]",0.658579183224492,-0.011757
4,beam3(seed=ch58),100,"[58, 75, 61, 100]",0.6542961421609015,-0.01604
4,beam3(seed=ch58),101,"[58, 75, 61, 101]",0.6720729435489479,0.001737
4,beam3(seed=ch58),102,"[58, 75, 61, 102]",0.6432834225132382,-0.027052
4,beam3(seed=ch58),103,"[58, 75, 61, 103]",0.6600329452117906,-0.010303
4,beam3(seed=ch58),104,"[58, 75, 61, 104]",0.6651150504490179,-0.005221
4,beam3(seed=ch58),105,"[58, 75, 61, 105]",0.6265894796168665,-0.043746
4,beam3(seed=ch58),106,"[58, 75, 61, 106]",0.6533921986349916,-0.016944
4,beam3(seed=ch58),107,"[58, 75, 61, 107]",0.6697419994962648,-0.000594
4,beam3(seed=ch58),108,"[58, 75, 61, 108]",0.6254319170736852,-0.044904
4,beam3(seed=ch58),109,"[58, 75, 61, 109]",0.6432666329005521,-0.027069
4,beam3(seed=ch58),110,"[58, 75, 61, 110]",0.6115377449340166,-0.058798
4,beam3(seed=ch58),111,"[58, 75, 61, 111]",0.6082226658541183,-0.062113
4,beam3(seed=ch58),112,"[58, 75, 61, 112]",0.6704117887209046,7.6e-05
4,beam3(seed=ch58),113,"[58, 75, 61, 113]",0.6149787846182113,-0.055357
4,beam3(seed=ch58),114,"[58, 75, 61, 114]",0.655818747385228,-0.014517
4,beam3(seed=ch58),115,"[58, 75, 61, 115]",0.6408672580634017,-0.029468
4,beam3(seed=ch58),116,"[58, 75, 61, 116]",0.6548051354746041,-0.015531
4,beam3(seed=ch58),117,"[58, 75, 61, 117]",0.6661519842393632,-0.004184
4,beam3(seed=ch58),118,"[58, 75, 61, 118]",0.6048369792546069,-0.065499
4,beam3(seed=ch58),119,"[58, 75, 61, 119]",0.6512883405789978,-0.019047
4,beam3(seed=ch58),120,"[58, 75, 61, 120]",0.6677966892572439,-0.002539
4,beam3(seed=ch58),121,"[58, 75, 61, 121]",0.670088757387397,-0.000247
4,beam3(seed=ch58),122,"[58, 75, 61, 122]",0.6426442174909339,-0.027692
4,beam3(seed=ch58),123,"[58, 75, 61, 123]",0.6689165046179983,-0.001419
4,beam3(seed=ch58),124,"[58, 75, 61, 124]",0.6295714568853149,-0.040764
4,beam3(seed=ch58),125,"[58, 75, 61, 125]",0.6409313243440551,-0.029404
4,beam3(seed=ch58),126,"[58, 75, 61, 126]",0.6684883790455488,-0.001847
4,beam3(seed=ch58),127,"[58, 75, 61, 127]",0.6024362290374181,-0.0679
5,beam1(seed=ch112),0,"[112, 75, 40, 43, 0]",0.6664220428464943,-0.008433
5,beam1(seed=ch112),1,"[112, 75, 40, 43, 1]",0.6551422962935312,-0.019712
5,beam1(seed=ch112),2,"[112, 75, 40, 43, 2]",0.6404706298667181,-0.034384
5,beam1(seed=ch112),3,"[112, 75, 40, 43, 3]",0.620857569910528,-0.053997
5,beam1(seed=ch112),4,"[112, 75, 40, 43, 4]",0.6365662580767869,-0.038288
5,beam1(seed=ch112),5,"[112, 75, 40, 43, 5]",0.5904069969478759,-0.084448
5,beam1(seed=ch112),6,"[112, 75, 40, 43, 6]",0.6225653549560405,-0.052289
5,beam1(seed=ch112),7,"[112, 75, 40, 43, 7]",0.6409533464751795,-0.033901
5,beam1(seed=ch112),8,"[112, 75, 40, 43, 8]",0.6059423162855532,-0.068912
5,beam1(seed=ch112),9,"[112, 75, 40, 43, 9]",0.6587245344615488,-0.01613
5,beam1(seed=ch112),10,"[112, 75, 40, 43, 10]",0.6459651970568914,-0.028889
5,beam1(seed=ch112),11,"[112, 75, 40, 43, 11]",0.6626372362744162,-0.012217
5,beam1(seed=ch112),12,"[112, 75, 40, 43, 12]",0.6618421568092556,-0.013013
5,beam1(seed=ch112),13,"[112, 75, 40, 43, 13]",0.6627648233023322,-0.01209
5,beam1(seed=ch112),14,"[112, 75, 40, 43, 14]",0.6457511131903927,-0.029104
5,beam1(seed=ch112),15,"[112, 75, 40, 43, 15]",0.6406041330968939,-0.034251
5,beam1(seed=ch112),16,"[112, 75, 40, 43, 16]",0.6452329011540122,-0.029622
5,beam1(seed=ch112),17,"[112, 75, 40, 43, 17]",0.6691810152015564,-0.005674
5,beam1(seed=ch112),18,"[112, 75, 40, 43, 18]",0.6623542814102987,-0.0125
5,beam1(seed=ch112),19,"[112, 75, 40, 43, 19]",0.6603175560893152,-0.014537
5,beam1(seed=ch112),20,"[112, 75, 40, 43, 20]",0.6644606707558316,-0.010394
5,beam1(seed=ch112),21,"[112, 75, 40, 43, 21]",0.6039199347647124,-0.070935
5,beam1(seed=ch112),22,"[112, 75, 40, 43, 22]",0.640353133290499,-0.034502
5,beam1(seed=ch112),23,"[112, 75, 40, 43, 23]",0.6139014350295883,-0.060953
5,beam1(seed=ch112),24,"[112, 75, 40, 43, 24]",0.6434386047243521,-0.031416
5,beam1(seed=ch112),25,"[112, 75, 40, 43, 25]",0.6088712770712045,-0.065983
5,beam1(seed=ch112),26,"[112, 75, 40, 43, 26]",0.6292266136316567,-0.045628
5,beam1(seed=ch112),27,"[112, 75, 40, 43, 27]",0.6671574412192592,-0.007697
5,beam1(seed=ch112),28,"[112, 75, 40, 43, 28]",0.6463786387044832,-0.028476
5,beam1(seed=ch112),29,"[112, 75, 40, 43, 29]",0.6526464836199539,-0.022208
5,beam1(seed=ch112),30,"[112, 75, 40, 43, 30]",0.6495407539328006,-0.025314
5,beam1(seed=ch112),31,"[112, 75, 40, 43, 31]",0.6335024527115514,-0.041352
5,beam1(seed=ch112),32,"[112, 75, 40, 43, 32]",0.6381094769902578,-0.036745
5,beam1(seed=ch112),33,"[112, 75, 40, 43, 33]",0.6669716121857034,-0.007883
5,beam1(seed=ch112),34,"[112, 75, 40, 43, 34]",0.673983325857821,-0.000871
5,beam1(seed=ch112),35,"[112, 75, 40, 43, 35]",0.6332179368291933,-0.041637
5,beam1(seed=ch112),36,"[112, 75, 40, 43, 36]",0.6438515803345833,-0.031003
5,beam1(seed=ch112),37,"[112, 75, 40, 43, 37]",0.6364934208288501,-0.038361
5,beam1(seed=ch112),38,"[112, 75, 40, 43, 38]",0.6680097882505286,-0.006845
5,beam1(seed=ch112),39,"[112, 75, 40, 43, 39]",0.6694200940158324,-0.005435
5,beam1(seed=ch112),41,"[112, 75, 40, 43, 41]",0.6491234081538014,-0.025731
5,beam1(seed=ch112),42,"[112, 75, 40, 43, 42]",0.6502393170842838,-0.024615
5,beam1(seed=ch112),44,"[112, 75, 40, 43, 44]",0.6711418472234443,-0.003713
5,beam1(seed=ch112),45,"[112, 75, 40, 43, 45]",0.6697090465654393,-0.005146
5,beam1(seed=ch112),46,"[112, 75, 40, 43, 46]",0.6618345203283856,-0.01302
5,beam1(seed=ch112),47,"[112, 75, 40, 43, 47]",0.6389566719045567,-0.035898
5,beam1(seed=ch112),48,"[112, 75, 40, 43, 48]",0.5968366530888302,-0.078018
5,beam1(seed=ch112),49,"[112, 75, 40, 43, 49]",0.6354872839750528,-0.039367
5,beam1(seed=ch112),50,"[112, 75, 40, 43, 50]",0.6646529792272454,-0.010202
5,beam1(seed=ch112),51,"[112, 75, 40, 43, 51]",0.6355070554815685,-0.039348
5,beam1(seed=ch112),52,"[112, 75, 40, 43, 52]",0.6323200431999835,-0.042535
5,beam1(seed=ch112),53,"[112, 75, 40, 43, 53]",0.6659766352311344,-0.008878
5,beam1(seed=ch112),54,"[112, 75, 40, 43, 54]",0.6673756692489242,-0.007479
5,beam1(seed=ch112),55,"[112, 75, 40, 43, 55]",0.6663729915639526,-0.008482
5,beam1(seed=ch112),56,"[112, 75, 40, 43, 56]",0.6516466779932348,-0.023208
5,beam1(seed=ch112),57,"[112, 75, 40, 43, 57]",0.6697757014221192,-0.005079
5,beam1(seed=ch112),58,"[112, 75, 40, 43, 58]",0.6695221409393636,-0.005333
5,beam1(seed=ch112),59,"[112, 75, 40, 43, 59]",0.6623140653364991,-0.012541
5,beam1(seed=ch112),60,"[112, 75, 40, 43, 60]",0.6372509271759051,-0.037604
5,beam1(seed=ch112),61,"[112, 75, 40, 43, 61]",0.6735401735655385,-0.001314
5,beam1(seed=ch112),62,"[112, 75, 40, 43, 62]",0.6220194550676827,-0.052835
5,beam1(seed=ch112),63,"[112, 75, 40, 43, 63]",0.6516967550870221,-0.023158
5,beam1(seed=ch112),64,"[112, 75, 40, 43, 64]",0.6432991111754176,-0.031556
5,beam1(seed=ch112),65,"[112, 75, 40, 43, 65]",0.6635479319777986,-0.011307
5,beam1(seed=ch112),66,"[112, 75, 40, 43, 66]",0.6691804562987197,-0.005674
5,beam1(seed=ch112),67,"[112, 75, 40, 43, 67]",0.6711691112643678,-0.003686
5,beam1(seed=ch112),68,"[112, 75, 40, 43, 68]",0.6241959436474284,-0.050659
5,beam1(seed=ch112),69,"[112, 75, 40, 43, 69]",0.5884567216248536,-0.086398
5,beam1(seed=ch112),70,"[112, 75, 40, 43, 70]",0.6658052414369753,-0.009049
5,beam1(seed=ch112),71,"[112, 75, 40, 43, 71]",0.6281301340118229,-0.046725
5,beam1(seed=ch112),72,"[112, 75, 40, 43, 72]",0.5033729329230004,-0.171482
5,beam1(seed=ch112),73,"[112, 75, 40, 43, 73]",0.6253073932588011,-0.049547
5,beam1(seed=ch112),74,"[112, 75, 40, 43, 74]",0.6654848702221327,-0.00937
5,beam1(seed=ch112),76,"[112, 75, 40, 43, 76]",0.5664710547125744,-0.108384
5,beam1(seed=ch112),77,"[112, 75, 40, 43, 77]",0.6357326443649978,-0.039122
5,beam1(seed=ch112),78,"[112, 75, 40, 43, 78]",0.6648449856960071,-0.01001
5,beam1(seed=ch112),79,"[112, 75, 40, 43, 79]",0.5036705538551994,-0.171184
5,beam1(seed=ch112),80,"[112, 75, 40, 43, 80]",0.6565092350833766,-0.018345
5,beam1(seed=ch112),81,"[112, 75, 40, 43, 81]",0.6617059328230942,-0.013149
5,beam1(seed=ch112),82,"[112, 75, 40, 43, 82]",0.6587310862367087,-0.016124
5,beam1(seed=ch112),83,"[112, 75, 40, 43, 83]",0.6641218841988739,-0.010733
5,beam1(seed=ch112),84,"[112, 75, 40, 43, 84]",0.6640158976180704,-0.010839
5,beam1(seed=ch112),85,"[112, 75, 40, 43, 85]",0.6703567738462123,-0.004498
5,beam1(seed=ch112),86,"[112, 75, 40, 43, 86]",0.6471366590610507,-0.027718
5,beam1(seed=ch112),87,"[112, 75, 40, 43, 87]",0.6457511397092085,-0.029104
5,beam1(seed=ch112),88,"[112, 75, 40, 43, 88]",0.6482506348226212,-0.026604
5,beam1(seed=ch112),89,"[112, 75, 40, 43, 89]",0.6548284465639554,-0.020026
5,beam1(seed=ch112),90,"[112, 75, 40, 43, 90]",0.6579670406214952,-0.016888
5,beam1(seed=ch112),91,"[112, 75, 40, 43, 91]",0.6291841214373177,-0.045671
5,beam1(seed=ch112),92,"[112, 75, 40, 43, 92]",0.6190758677454555,-0.055779
5,beam1(seed=ch112),93,"[112, 75, 40, 43, 93]",0.6645079158784888,-0.010347
5,beam1(seed=ch112),94,"[112, 75, 40, 43, 94]",0.6680618868954903,-0.006793
5,beam1(seed=ch112),95,"[112, 75, 40, 43, 95]",0.6556254408007123,-0.019229
5,beam1(seed=ch112),96,"[112, 75, 40, 43, 96]",0.6534802451097003,-0.021374
5,beam1(seed=ch112),97,"[112, 75, 40, 43, 97]",0.6684900941399807,-0.006365
5,beam1(seed=ch112),98,"[112, 75, 40, 43, 98]",0.6636349131484486,-0.01122
5,beam1(seed=ch112),99,"[112, 75, 40, 43, 99]",0.6629713198406167,-0.011883
5,beam1(seed=ch112),100,"[112, 75, 40, 43, 100]",0.656820155702812,-0.018035
5,beam1(seed=ch112),101,"[112, 75, 40, 43, 101]",0.6733165790844413,-0.001538
5,beam1(seed=ch112),102,"[112, 75, 40, 43, 102]",0.6488728419963815,-0.025982
5,beam1(seed=ch112),103,"[112, 75, 40, 43, 103]",0.6573732321840382,-0.017481
5,beam1(seed=ch112),104,"[112, 75, 40, 43, 104]",0.6655325744617651,-0.009322
5,beam1(seed=ch112),105,"[112, 75, 40, 43, 105]",0.6225972388716139,-0.052257
5,beam1(seed=ch112),106,"[112, 75, 40, 43, 106]",0.6530081234617233,-0.021847
5,beam1(seed=ch112),107,"[112, 75, 40, 43, 107]",0.6720145886317266,-0.00284
5,beam1(seed=ch112),108,"[112, 75, 40, 43, 108]",0.6222455372451073,-0.052609
5,beam1(seed=ch112),109,"[112, 75, 40, 43, 109]",0.6474948108865958,-0.02736
5,beam1(seed=ch112),110,"[112, 75, 40, 43, 110]",0.6184972626547653,-0.056357
5,beam1(seed=ch112),111,"[112, 75, 40, 43, 111]",0.6058739201582745,-0.068981
5,beam1(seed=ch112),113,"[112, 75, 40, 43, 113]",0.6226117592549775,-0.052243
5,beam1(seed=ch112),114,"[112, 75, 40, 43, 114]",0.6558093751484669,-0.019045
5,beam1(seed=ch112),115,"[112, 75, 40, 43, 115]",0.6468585421965346,-0.027996
5,beam1(seed=ch112),116,"[112, 75, 40, 43, 116]",0.6494738468925865,-0.025381
5,beam1(seed=ch112),117,"[112, 75, 40, 43, 117]",0.6688739348867896,-0.005981
5,beam1(seed=ch112),118,"[112, 75, 40, 43, 118]",0.5986884989627271,-0.076166
5,beam1(seed=ch112),119,"[112, 75, 40, 43, 119]",0.6498861859568912,-0.024968
5,beam1(seed=ch112),120,"[112, 75, 40, 43, 120]",0.671549929477026,-0.003305
5,beam1(seed=ch112),121,"[112, 75, 40, 43, 121]",0.6742349835194734,-0.00062
5,beam1(seed=ch112),122,"[112, 75, 40, 43, 122]",0.6406534347212575,-0.034201
5,beam1(seed=ch112),123,"[112, 75, 40, 43, 123]",0.6717275700745171,-0.003127
5,beam1(seed=ch112),124,"[112, 75, 40, 43, 124]",0.6336833180769469,-0.041171
5,beam1(seed=ch112),125,"[112, 75, 40, 43, 125]",0.6390380995427584,-0.035817
5,beam1(seed=ch112),126,"[112, 75, 40, 43, 126]",0.6717022869153398,-0.003152
5,beam1(seed=ch112),127,"[112, 75, 40, 43, 127]",0.60400501715131,-0.07085
5,beam2(seed=ch75),0,"[75, 61, 43, 0]",0.663236311054549,-0.01154
5,beam2(seed=ch75),1,"[75, 61, 43, 1]",0.6479758537136898,-0.0268
5,beam2(seed=ch75),2,"[75, 61, 43, 2]",0.6070935321253957,-0.067683
5,beam2(seed=ch75),3,"[75, 61, 43, 3]",0.6084394896573333,-0.066337
5,beam2(seed=ch75),4,"[75, 61, 43, 4]",0.6144126216142549,-0.060364
5,beam2(seed=ch75),5,"[75, 61, 43, 5]",0.5324494738328108,-0.142327
5,beam2(seed=ch75),6,"[75, 61, 43, 6]",0.6016228874630408,-0.073153
5,beam2(seed=ch75),7,"[75, 61, 43, 7]",0.6343302397501781,-0.040446
5,beam2(seed=ch75),8,"[75, 61, 43, 8]",0.5896168369913632,-0.085159
5,beam2(seed=ch75),9,"[75, 61, 43, 9]",0.6563972755798259,-0.018379
5,beam2(seed=ch75),10,"[75, 61, 43, 10]",0.6342273576313188,-0.040549
5,beam2(seed=ch75),11,"[75, 61, 43, 11]",0.6574965822715755,-0.01728
5,beam2(seed=ch75),12,"[75, 61, 43, 12]",0.659996739930798,-0.01478
5,beam2(seed=ch75),13,"[75, 61, 43, 13]",0.6522578769243516,-0.022518
5,beam2(seed=ch75),14,"[75, 61, 43, 14]",0.6363396582076445,-0.038437
5,beam2(seed=ch75),15,"[75, 61, 43, 15]",0.6269623707947998,-0.047814
5,beam2(seed=ch75),16,"[75, 61, 43, 16]",0.6264807963969842,-0.048296
5,beam2(seed=ch75),17,"[75, 61, 43, 17]",0.6622347377852826,-0.012542
5,beam2(seed=ch75),18,"[75, 61, 43, 18]",0.6597744125559151,-0.015002
5,beam2(seed=ch75),19,"[75, 61, 43, 19]",0.6578162434306578,-0.01696
5,beam2(seed=ch75),20,"[75, 61, 43, 20]",0.6574677872016694,-0.017309
5,beam2(seed=ch75),21,"[75, 61, 43, 21]",0.5713249809996486,-0.103451
5,beam2(seed=ch75),22,"[75, 61, 43, 22]",0.6260947113897388,-0.048682
5,beam2(seed=ch75),23,"[75, 61, 43, 23]",0.5751967832819481,-0.09958
5,beam2(seed=ch75),24,"[75, 61, 43, 24]",0.6316067134002377,-0.04317
5,beam2(seed=ch75),25,"[75, 61, 43, 25]",0.5804292319077038,-0.094347
5,beam2(seed=ch75),26,"[75, 61, 43, 26]",0.6122177090740863,-0.062559
5,beam2(seed=ch75),27,"[75, 61, 43, 27]",0.6631025627431875,-0.011674
5,beam2(seed=ch75),28,"[75, 61, 43, 28]",0.6302893245425858,-0.044487
5,beam2(seed=ch75),29,"[75, 61, 43, 29]",0.6466214664610282,-0.028155
5,beam2(seed=ch75),30,"[75, 61, 43, 30]",0.6463135572135433,-0.028463
5,beam2(seed=ch75),31,"[75, 61, 43, 31]",0.6205297502265562,-0.054247
5,beam2(seed=ch75),32,"[75, 61, 43, 32]",0.6210442618995476,-0.053732
5,beam2(seed=ch75),33,"[75, 61, 43, 33]",0.6645047631826604,-0.010272
5,beam2(seed=ch75),34,"[75, 61, 43, 34]",0.6690275718271894,-0.005749
5,beam2(seed=ch75),35,"[75, 61, 43, 35]",0.6161336958335438,-0.058643
5,beam2(seed=ch75),36,"[75, 61, 43, 36]",0.6272679913420086,-0.047508
5,beam2(seed=ch75),37,"[75, 61, 43, 37]",0.628064696391851,-0.046712
5,beam2(seed=ch75),38,"[75, 61, 43, 38]",0.6682914324210134,-0.006485
5,beam2(seed=ch75),39,"[75, 61, 43, 39]",0.6660448979430499,-0.008731
5,beam2(seed=ch75),40,"[75, 61, 43, 40]",0.6688674152811944,-0.005909
5,beam2(seed=ch75),41,"[75, 61, 43, 41]",0.6298688237365564,-0.044907
5,beam2(seed=ch75),42,"[75, 61, 43, 42]",0.6437767113854348,-0.031
5,beam2(seed=ch75),44,"[75, 61, 43, 44]",0.6711379399996071,-0.003638
5,beam2(seed=ch75),45,"[75, 61, 43, 45]",0.6709192577612658,-0.003857
5,beam2(seed=ch75),46,"[75, 61, 43, 46]",0.663866939350074,-0.010909
5,beam2(seed=ch75),47,"[75, 61, 43, 47]",0.6195987349459178,-0.055178
5,beam2(seed=ch75),48,"[75, 61, 43, 48]",0.5645913574913001,-0.110185
5,beam2(seed=ch75),49,"[75, 61, 43, 49]",0.617267725414124,-0.057509
5,beam2(seed=ch75),50,"[75, 61, 43, 50]",0.6582604411465981,-0.016516
5,beam2(seed=ch75),51,"[75, 61, 43, 51]",0.6121773816102403,-0.062599
5,beam2(seed=ch75),52,"[75, 61, 43, 52]",0.6175887614291957,-0.057188
5,beam2(seed=ch75),53,"[75, 61, 43, 53]",0.6651918576540368,-0.009584
5,beam2(seed=ch75),54,"[75, 61, 43, 54]",0.6696425691342426,-0.005134
5,beam2(seed=ch75),55,"[75, 61, 43, 55]",0.6638554456307795,-0.010921
5,beam2(seed=ch75),56,"[75, 61, 43, 56]",0.6420163766782062,-0.03276
5,beam2(seed=ch75),57,"[75, 61, 43, 57]",0.6693387836918072,-0.005438
5,beam2(seed=ch75),58,"[75, 61, 43, 58]",0.6706143674179778,-0.004162
5,beam2(seed=ch75),59,"[75, 61, 43, 59]",0.6636330633997668,-0.011143
5,beam2(seed=ch75),60,"[75, 61, 43, 60]",0.6234735538327039,-0.051303
5,beam2(seed=ch75),62,"[75, 61, 43, 62]",0.5958535494468662,-0.078923
5,beam2(seed=ch75),63,"[75, 61, 43, 63]",0.6402534437414336,-0.034523
5,beam2(seed=ch75),64,"[75, 61, 43, 64]",0.6363183630379198,-0.038458
5,beam2(seed=ch75),65,"[75, 61, 43, 65]",0.6560740007104541,-0.018702
5,beam2(seed=ch75),66,"[75, 61, 43, 66]",0.6670964682581269,-0.00768
5,beam2(seed=ch75),67,"[75, 61, 43, 67]",0.6733466978939079,-0.00143
5,beam2(seed=ch75),68,"[75, 61, 43, 68]",0.5989711938420513,-0.075805
5,beam2(seed=ch75),69,"[75, 61, 43, 69]",0.558796592666603,-0.11598
5,beam2(seed=ch75),70,"[75, 61, 43, 70]",0.6486681910773202,-0.026108
5,beam2(seed=ch75),71,"[75, 61, 43, 71]",0.6199796196625362,-0.054797
5,beam2(seed=ch75),72,"[75, 61, 43, 72]",0.4482882745751424,-0.226488
5,beam2(seed=ch75),73,"[75, 61, 43, 73]",0.6036699060969458,-0.071106
5,beam2(seed=ch75),74,"[75, 61, 43, 74]",0.6662609510930794,-0.008515
5,beam2(seed=ch75),76,"[75, 61, 43, 76]",0.5328236012113823,-0.141953
5,beam2(seed=ch75),77,"[75, 61, 43, 77]",0.6184336698006275,-0.056343
5,beam2(seed=ch75),78,"[75, 61, 43, 78]",0.6617164006011191,-0.01306
5,beam2(seed=ch75),79,"[75, 61, 43, 79]",0.43727916271029355,-0.237497
5,beam2(seed=ch75),80,"[75, 61, 43, 80]",0.64657181723532,-0.028204
5,beam2(seed=ch75),81,"[75, 61, 43, 81]",0.6612874896580776,-0.013489
5,beam2(seed=ch75),82,"[75, 61, 43, 82]",0.6561331662827771,-0.018643
5,beam2(seed=ch75),83,"[75, 61, 43, 83]",0.6622213241299837,-0.012555
5,beam2(seed=ch75),84,"[75, 61, 43, 84]",0.6644812033416921,-0.010295
5,beam2(seed=ch75),85,"[75, 61, 43, 85]",0.6716507505512851,-0.003126
5,beam2(seed=ch75),86,"[75, 61, 43, 86]",0.6348193186494504,-0.039957
5,beam2(seed=ch75),87,"[75, 61, 43, 87]",0.6379506872644332,-0.036826
5,beam2(seed=ch75),88,"[75, 61, 43, 88]",0.6393954653485929,-0.035381
5,beam2(seed=ch75),89,"[75, 61, 43, 89]",0.649208595444928,-0.025568
5,beam2(seed=ch75),90,"[75, 61, 43, 90]",0.6476275227042602,-0.027149
5,beam2(seed=ch75),91,"[75, 61, 43, 91]",0.6160461631466757,-0.05873
5,beam2(seed=ch75),92,"[75, 61, 43, 92]",0.6061496924119621,-0.068627
5,beam2(seed=ch75),93,"[75, 61, 43, 93]",0.6608178846822955,-0.013958
5,beam2(seed=ch75),94,"[75, 61, 43, 94]",0.6650381778612934,-0.009738
5,beam2(seed=ch75),95,"[75, 61, 43, 95]",0.6350509269828574,-0.039725
5,beam2(seed=ch75),96,"[75, 61, 43, 96]",0.6317468200984329,-0.043029
5,beam2(seed=ch75),97,"[75, 61, 43, 97]",0.6713825713205805,-0.003394
5,beam2(seed=ch75),98,"[75, 61, 43, 98]",0.6498573961456982,-0.024919
5,beam2(seed=ch75),99,"[75, 61, 43, 99]",0.654230301511627,-0.020546
5,beam2(seed=ch75),100,"[75, 61, 43, 100]",0.6482009745966223,-0.026575
5,beam2(seed=ch75),101,"[75, 61, 43, 101]",0.6709477303586454,-0.003829
5,beam2(seed=ch75),102,"[75, 61, 43, 102]",0.6431838748854963,-0.031592
5,beam2(seed=ch75),103,"[75, 61, 43, 103]",0.6469485996555265,-0.027828
5,beam2(seed=ch75),104,"[75, 61, 43, 104]",0.6618844279959304,-0.012892
5,beam2(seed=ch75),105,"[75, 61, 43, 105]",0.6024946980259391,-0.072282
5,beam2(seed=ch75),106,"[75, 61, 43, 106]",0.6429044511237233,-0.031872
5,beam2(seed=ch75),107,"[75, 61, 43, 107]",0.6720447566970417,-0.002732
5,beam2(seed=ch75),108,"[75, 61, 43, 108]",0.6106675192217791,-0.064109
5,beam2(seed=ch75),109,"[75, 61, 43, 109]",0.6323982646547218,-0.042378
5,beam2(seed=ch75),110,"[75, 61, 43, 110]",0.5841470357359436,-0.090629
5,beam2(seed=ch75),111,"[75, 61, 43, 111]",0.5778387605313082,-0.096938
5,beam2(seed=ch75),112,"[75, 61, 43, 112]",0.6738251482489984,-0.000951
5,beam2(seed=ch75),113,"[75, 61, 43, 113]",0.5940440979065982,-0.080732
5,beam2(seed=ch75),114,"[75, 61, 43, 114]",0.6503349579063386,-0.024441
5,beam2(seed=ch75),115,"[75, 61, 43, 115]",0.6352481516201716,-0.039528
5,beam2(seed=ch75),116,"[75, 61, 43, 116]",0.6451277311744477,-0.029649
5,beam2(seed=ch75),117,"[75, 61, 43, 117]",0.6659143210708299,-0.008862
5,beam2(seed=ch75),118,"[75, 61, 43, 118]",0.5718329407054153,-0.102943
5,beam2(seed=ch75),119,"[75, 61, 43, 119]",0.6392523160300997,-0.035524
5,beam2(seed=ch75),120,"[75, 61, 43, 120]",0.6702843649481353,-0.004492
5,beam2(seed=ch75),121,"[75, 61, 43, 121]",0.6747252913954037,-5.1e-05
5,beam2(seed=ch75),122,"[75, 61, 43, 122]",0.6291365875245474,-0.04564
5,beam2(seed=ch75),123,"[75, 61, 43, 123]",0.6729371493871663,-0.001839
5,beam2(seed=ch75),124,"[75, 61, 43, 124]",0.6183072517949466,-0.056469
5,beam2(seed=ch75),125,"[75, 61, 43, 125]",0.6271095352824022,-0.047667
5,beam2(seed=ch75),126,"[75, 61, 43, 126]",0.6731117271333522,-0.001665
5,beam2(seed=ch75),127,"[75, 61, 43, 127]",0.5612697415410595,-0.113507
5,beam3(seed=ch58),0,"[58, 75, 61, 101, 0]",0.6640922617658933,-0.007981
5,beam3(seed=ch58),1,"[58, 75, 61, 101, 1]",0.6551604670744238,-0.016912
5,beam3(seed=ch58),2,"[58, 75, 61, 101, 2]",0.6391351449150198,-0.032938
5,beam3(seed=ch58),3,"[58, 75, 61, 101, 3]",0.6273170060445726,-0.044756
5,beam3(seed=ch58),4,"[58, 75, 61, 101, 4]",0.639205794388631,-0.032867
5,beam3(seed=ch58),5,"[58, 75, 61, 101, 5]",0.582164955964343,-0.089908
5,beam3(seed=ch58),6,"[58, 75, 61, 101, 6]",0.6266683116984455,-0.045405
5,beam3(seed=ch58),7,"[58, 75, 61, 101, 7]",0.6433031802038536,-0.02877
5,beam3(seed=ch58),8,"[58, 75, 61, 101, 8]",0.613092656236697,-0.05898
5,beam3(seed=ch58),9,"[58, 75, 61, 101, 9]",0.6615710036533557,-0.010502
5,beam3(seed=ch58),10,"[58, 75, 61, 101, 10]",0.6488177831377073,-0.023255
5,beam3(seed=ch58),11,"[58, 75, 61, 101, 11]",0.66194982928411,-0.010123
5,beam3(seed=ch58),12,"[58, 75, 61, 101, 12]",0.6617220900612828,-0.010351
5,beam3(seed=ch58),13,"[58, 75, 61, 101, 13]",0.659968117591316,-0.012105
5,beam3(seed=ch58),14,"[58, 75, 61, 101, 14]",0.6476201760186971,-0.024453
5,beam3(seed=ch58),15,"[58, 75, 61, 101, 15]",0.6442721448195422,-0.027801
5,beam3(seed=ch58),16,"[58, 75, 61, 101, 16]",0.6452841518048134,-0.026789
5,beam3(seed=ch58),17,"[58, 75, 61, 101, 17]",0.6682864605311926,-0.003786
5,beam3(seed=ch58),18,"[58, 75, 61, 101, 18]",0.661841634328367,-0.010231
5,beam3(seed=ch58),19,"[58, 75, 61, 101, 19]",0.6610797477923381,-0.010993
5,beam3(seed=ch58),20,"[58, 75, 61, 101, 20]",0.6636559200024472,-0.008417
5,beam3(seed=ch58),21,"[58, 75, 61, 101, 21]",0.6066554782689896,-0.065417
5,beam3(seed=ch58),22,"[58, 75, 61, 101, 22]",0.6427517012099239,-0.029321
5,beam3(seed=ch58),23,"[58, 75, 61, 101, 23]",0.6146944092208072,-0.057379
5,beam3(seed=ch58),24,"[58, 75, 61, 101, 24]",0.6509627820486654,-0.02111
5,beam3(seed=ch58),25,"[58, 75, 61, 101, 25]",0.6086338882503983,-0.063439
5,beam3(seed=ch58),26,"[58, 75, 61, 101, 26]",0.6328069801583253,-0.039266
5,beam3(seed=ch58),27,"[58, 75, 61, 101, 27]",0.6663222329674096,-0.005751
5,beam3(seed=ch58),28,"[58, 75, 61, 101, 28]",0.646638212482602,-0.025435
5,beam3(seed=ch58),29,"[58, 75, 61, 101, 29]",0.6534355299792071,-0.018637
5,beam3(seed=ch58),30,"[58, 75, 61, 101, 30]",0.6518439195891665,-0.020229
5,beam3(seed=ch58),31,"[58, 75, 61, 101, 31]",0.6366324353012164,-0.035441
5,beam3(seed=ch58),32,"[58, 75, 61, 101, 32]",0.6395705100355727,-0.032502
5,beam3(seed=ch58),33,"[58, 75, 61, 101, 33]",0.6642025491442224,-0.00787
5,beam3(seed=ch58),34,"[58, 75, 61, 101, 34]",0.6704485885821798,-0.001624
5,beam3(seed=ch58),35,"[58, 75, 61, 101, 35]",0.6325572330173459,-0.039516
5,beam3(seed=ch58),36,"[58, 75, 61, 101, 36]",0.6439491921443837,-0.028124
5,beam3(seed=ch58),37,"[58, 75, 61, 101, 37]",0.6392964731433836,-0.032776
5,beam3(seed=ch58),38,"[58, 75, 61, 101, 38]",0.6664626777517956,-0.00561
5,beam3(seed=ch58),39,"[58, 75, 61, 101, 39]",0.6678805205869589,-0.004192
5,beam3(seed=ch58),40,"[58, 75, 61, 101, 40]",0.6669189887185971,-0.005154
5,beam3(seed=ch58),41,"[58, 75, 61, 101, 41]",0.6474992649395309,-0.024574
5,beam3(seed=ch58),42,"[58, 75, 61, 101, 42]",0.6538148309570345,-0.018258
5,beam3(seed=ch58),43,"[58, 75, 61, 101, 43]",0.6725703156240608,0.000497
5,beam3(seed=ch58),44,"[58, 75, 61, 101, 44]",0.6699213238059284,-0.002152
5,beam3(seed=ch58),45,"[58, 75, 61, 101, 45]",0.6681037082847908,-0.003969
5,beam3(seed=ch58),46,"[58, 75, 61, 101, 46]",0.6628277729221012,-0.009245
5,beam3(seed=ch58),47,"[58, 75, 61, 101, 47]",0.642273780148213,-0.029799
5,beam3(seed=ch58),48,"[58, 75, 61, 101, 48]",0.6016122144386615,-0.070461
5,beam3(seed=ch58),49,"[58, 75, 61, 101, 49]",0.634417865120088,-0.037655
5,beam3(seed=ch58),50,"[58, 75, 61, 101, 50]",0.6632112023461372,-0.008862
5,beam3(seed=ch58),51,"[58, 75, 61, 101, 51]",0.6341328748606501,-0.03794
5,beam3(seed=ch58),52,"[58, 75, 61, 101, 52]",0.6390413903513115,-0.033032
5,beam3(seed=ch58),53,"[58, 75, 61, 101, 53]",0.6655332643613753,-0.00654
5,beam3(seed=ch58),54,"[58, 75, 61, 101, 54]",0.6657305236202381,-0.006342
5,beam3(seed=ch58),55,"[58, 75, 61, 101, 55]",0.6656150230143983,-0.006458
5,beam3(seed=ch58),56,"[58, 75, 61, 101, 56]",0.6510768624342661,-0.020996
5,beam3(seed=ch58),57,"[58, 75, 61, 101, 57]",0.6678174390030154,-0.004256
5,beam3(seed=ch58),59,"[58, 75, 61, 101, 59]",0.6626825939643805,-0.00939
5,beam3(seed=ch58),60,"[58, 75, 61, 101, 60]",0.6346187321922758,-0.037454
5,beam3(seed=ch58),62,"[58, 75, 61, 101, 62]",0.6219067905550584,-0.050166
5,beam3(seed=ch58),63,"[58, 75, 61, 101, 63]",0.6520971971600316,-0.019976
5,beam3(seed=ch58),64,"[58, 75, 61, 101, 64]",0.646322349637026,-0.025751
5,beam3(seed=ch58),65,"[58, 75, 61, 101, 65]",0.6613699694519701,-0.010703
5,beam3(seed=ch58),66,"[58, 75, 61, 101, 66]",0.666924004672697,-0.005149
5,beam3(seed=ch58),67,"[58, 75, 61, 101, 67]",0.6712153774456938,-0.000858
5,beam3(seed=ch58),68,"[58, 75, 61, 101, 68]",0.6262389889363609,-0.045834
5,beam3(seed=ch58),69,"[58, 75, 61, 101, 69]",0.5921747112457162,-0.079898
5,beam3(seed=ch58),70,"[58, 75, 61, 101, 70]",0.664144743629519,-0.007928
5,beam3(seed=ch58),71,"[58, 75, 61, 101, 71]",0.6327900083553945,-0.039283
5,beam3(seed=ch58),72,"[58, 75, 61, 101, 72]",0.5162867241715782,-0.155786
5,beam3(seed=ch58),73,"[58, 75, 61, 101, 73]",0.6272020007124851,-0.044871
5,beam3(seed=ch58),74,"[58, 75, 61, 101, 74]",0.6651262648889826,-0.006947
5,beam3(seed=ch58),76,"[58, 75, 61, 101, 76]",0.5727881816693174,-0.099285
5,beam3(seed=ch58),77,"[58, 75, 61, 101, 77]",0.6372994566697231,-0.034773
5,beam3(seed=ch58),78,"[58, 75, 61, 101, 78]",0.6632910017306919,-0.008782
5,beam3(seed=ch58),79,"[58, 75, 61, 101, 79]",0.5169040176682661,-0.155169
5,beam3(seed=ch58),80,"[58, 75, 61, 101, 80]",0.6574453800301767,-0.014628
5,beam3(seed=ch58),81,"[58, 75, 61, 101, 81]",0.6618384617625148,-0.010234
5,beam3(seed=ch58),82,"[58, 75, 61, 101, 82]",0.6590655600093815,-0.013007
5,beam3(seed=ch58),83,"[58, 75, 61, 101, 83]",0.6625740991677826,-0.009499
5,beam3(seed=ch58),84,"[58, 75, 61, 101, 84]",0.663133142194784,-0.00894
5,beam3(seed=ch58),85,"[58, 75, 61, 101, 85]",0.6696422007714861,-0.002431
5,beam3(seed=ch58),86,"[58, 75, 61, 101, 86]",0.6482598464149172,-0.023813
5,beam3(seed=ch58),87,"[58, 75, 61, 101, 87]",0.6464515535552073,-0.025621
5,beam3(seed=ch58),88,"[58, 75, 61, 101, 88]",0.6490708573538239,-0.023002
5,beam3(seed=ch58),89,"[58, 75, 61, 101, 89]",0.6553097371471656,-0.016763
5,beam3(seed=ch58),90,"[58, 75, 61, 101, 90]",0.6574308166916102,-0.014642
5,beam3(seed=ch58),91,"[58, 75, 61, 101, 91]",0.6309669855888075,-0.041106
5,beam3(seed=ch58),92,"[58, 75, 61, 101, 92]",0.6246395862575694,-0.047433
5,beam3(seed=ch58),93,"[58, 75, 61, 101, 93]",0.6630925828518968,-0.00898
5,beam3(seed=ch58),94,"[58, 75, 61, 101, 94]",0.6682452889651853,-0.003828
5,beam3(seed=ch58),95,"[58, 75, 61, 101, 95]",0.6548881851799255,-0.017185
5,beam3(seed=ch58),96,"[58, 75, 61, 101, 96]",0.6503803872252343,-0.021693
5,beam3(seed=ch58),97,"[58, 75, 61, 101, 97]",0.6671093303510276,-0.004964
5,beam3(seed=ch58),98,"[58, 75, 61, 101, 98]",0.6588241033841022,-0.013249
5,beam3(seed=ch58),99,"[58, 75, 61, 101, 99]",0.6605130581848007,-0.01156
5,beam3(seed=ch58),100,"[58, 75, 61, 101, 100]",0.6562710419303709,-0.015802
5,beam3(seed=ch58),102,"[58, 75, 61, 101, 102]",0.649551899648121,-0.022521
5,beam3(seed=ch58),103,"[58, 75, 61, 101, 103]",0.657127989881943,-0.014945
5,beam3(seed=ch58),104,"[58, 75, 61, 101, 104]",0.6647165159520145,-0.007356
5,beam3(seed=ch58),105,"[58, 75, 61, 101, 105]",0.6277985834791593,-0.044274
5,beam3(seed=ch58),106,"[58, 75, 61, 101, 106]",0.6525104977023564,-0.019562
5,beam3(seed=ch58),107,"[58, 75, 61, 101, 107]",0.6703278611277433,-0.001745
5,beam3(seed=ch58),108,"[58, 75, 61, 101, 108]",0.628298925584291,-0.043774
5,beam3(seed=ch58),109,"[58, 75, 61, 101, 109]",0.6440938241496148,-0.027979
5,beam3(seed=ch58),110,"[58, 75, 61, 101, 110]",0.619365932183517,-0.052707
5,beam3(seed=ch58),111,"[58, 75, 61, 101, 111]",0.6106309203810905,-0.061442
5,beam3(seed=ch58),112,"[58, 75, 61, 101, 112]",0.6712299032875513,-0.000843
5,beam3(seed=ch58),113,"[58, 75, 61, 101, 113]",0.6220771898741104,-0.049996
5,beam3(seed=ch58),114,"[58, 75, 61, 101, 114]",0.6560997614244509,-0.015973
5,beam3(seed=ch58),115,"[58, 75, 61, 101, 115]",0.6450060327527747,-0.027067
5,beam3(seed=ch58),116,"[58, 75, 61, 101, 116]",0.6547097258435642,-0.017363
5,beam3(seed=ch58),117,"[58, 75, 61, 101, 117]",0.6670711740192588,-0.005002
5,beam3(seed=ch58),118,"[58, 75, 61, 101, 118]",0.6045511286936571,-0.067522
5,beam3(seed=ch58),119,"[58, 75, 61, 101, 119]",0.6505178800921496,-0.021555
5,beam3(seed=ch58),120,"[58, 75, 61, 101, 120]",0.6689045287072767,-0.003168
5,beam3(seed=ch58),121,"[58, 75, 61, 101, 121]",0.6715967486909419,-0.000476
5,beam3(seed=ch58),122,"[58, 75, 61, 101, 122]",0.6423141328498073,-0.029759
5,beam3(seed=ch58),123,"[58, 75, 61, 101, 123]",0.6697672020167705,-0.002306
5,beam3(seed=ch58),124,"[58, 75, 61, 101, 124]",0.6356237772002096,-0.036449
5,beam3(seed=ch58),125,"[58, 75, 61, 101, 125]",0.6406080180408796,-0.031465
5,beam3(seed=ch58),126,"[58, 75, 61, 101, 126]",0.6693522625853066,-0.002721
5,beam3(seed=ch58),127,"[58, 75, 61, 101, 127]",0.6064270890042198,-0.065646
6,beam1(seed=ch112),0,"[112, 75, 40, 43, 0]",0.6664220428464943,-0.008433
6,beam1(seed=ch112),1,"[112, 75, 40, 43, 1]",0.6551422962935312,-0.019712
6,beam1(seed=ch112),2,"[112, 75, 40, 43, 2]",0.6404706298667181,-0.034384
6,beam1(seed=ch112),3,"[112, 75, 40, 43, 3]",0.620857569910528,-0.053997
6,beam1(seed=ch112),4,"[112, 75, 40, 43, 4]",0.6365662580767869,-0.038288
6,beam1(seed=ch112),5,"[112, 75, 40, 43, 5]",0.5904069969478759,-0.084448
6,beam1(seed=ch112),6,"[112, 75, 40, 43, 6]",0.6225653549560405,-0.052289
6,beam1(seed=ch112),7,"[112, 75, 40, 43, 7]",0.6409533464751795,-0.033901
6,beam1(seed=ch112),8,"[112, 75, 40, 43, 8]",0.6059423162855532,-0.068912
6,beam1(seed=ch112),9,"[112, 75, 40, 43, 9]",0.6587245344615488,-0.01613
6,beam1(seed=ch112),10,"[112, 75, 40, 43, 10]",0.6459651970568914,-0.028889
6,beam1(seed=ch112),11,"[112, 75, 40, 43, 11]",0.6626372362744162,-0.012217
6,beam1(seed=ch112),12,"[112, 75, 40, 43, 12]",0.6618421568092556,-0.013013
6,beam1(seed=ch112),13,"[112, 75, 40, 43, 13]",0.6627648233023322,-0.01209
6,beam1(seed=ch112),14,"[112, 75, 40, 43, 14]",0.6457511131903927,-0.029104
6,beam1(seed=ch112),15,"[112, 75, 40, 43, 15]",0.6406041330968939,-0.034251
6,beam1(seed=ch112),16,"[112, 75, 40, 43, 16]",0.6452329011540122,-0.029622
6,beam1(seed=ch112),17,"[112, 75, 40, 43, 17]",0.6691810152015564,-0.005674
6,beam1(seed=ch112),18,"[112, 75, 40, 43, 18]",0.6623542814102987,-0.0125
6,beam1(seed=ch112),19,"[112, 75, 40, 43, 19]",0.6603175560893152,-0.014537
6,beam1(seed=ch112),20,"[112, 75, 40, 43, 20]",0.6644606707558316,-0.010394
6,beam1(seed=ch112),21,"[112, 75, 40, 43, 21]",0.6039199347647124,-0.070935
6,beam1(seed=ch112),22,"[112, 75, 40, 43, 22]",0.640353133290499,-0.034502
6,beam1(seed=ch112),23,"[112, 75, 40, 43, 23]",0.6139014350295883,-0.060953
6,beam1(seed=ch112),24,"[112, 75, 40, 43, 24]",0.6434386047243521,-0.031416
6,beam1(seed=ch112),25,"[112, 75, 40, 43, 25]",0.6088712770712045,-0.065983
6,beam1(seed=ch112),26,"[112, 75, 40, 43, 26]",0.6292266136316567,-0.045628
6,beam1(seed=ch112),27,"[112, 75, 40, 43, 27]",0.6671574412192592,-0.007697
6,beam1(seed=ch112),28,"[112, 75, 40, 43, 28]",0.6463786387044832,-0.028476
6,beam1(seed=ch112),29,"[112, 75, 40, 43, 29]",0.6526464836199539,-0.022208
6,beam1(seed=ch112),30,"[112, 75, 40, 43, 30]",0.6495407539328006,-0.025314
6,beam1(seed=ch112),31,"[112, 75, 40, 43, 31]",0.6335024527115514,-0.041352
6,beam1(seed=ch112),32,"[112, 75, 40, 43, 32]",0.6381094769902578,-0.036745
6,beam1(seed=ch112),33,"[112, 75, 40, 43, 33]",0.6669716121857034,-0.007883
6,beam1(seed=ch112),34,"[112, 75, 40, 43, 34]",0.673983325857821,-0.000871
6,beam1(seed=ch112),35,"[112, 75, 40, 43, 35]",0.6332179368291933,-0.041637
6,beam1(seed=ch112),36,"[112, 75, 40, 43, 36]",0.6438515803345833,-0.031003
6,beam1(seed=ch112),37,"[112, 75, 40, 43, 37]",0.6364934208288501,-0.038361
6,beam1(seed=ch112),38,"[112, 75, 40, 43, 38]",0.6680097882505286,-0.006845
6,beam1(seed=ch112),39,"[112, 75, 40, 43, 39]",0.6694200940158324,-0.005435
6,beam1(seed=ch112),41,"[112, 75, 40, 43, 41]",0.6491234081538014,-0.025731
6,beam1(seed=ch112),42,"[112, 75, 40, 43, 42]",0.6502393170842838,-0.024615
6,beam1(seed=ch112),44,"[112, 75, 40, 43, 44]",0.6711418472234443,-0.003713
6,beam1(seed=ch112),45,"[112, 75, 40, 43, 45]",0.6697090465654393,-0.005146
6,beam1(seed=ch112),46,"[112, 75, 40, 43, 46]",0.6618345203283856,-0.01302
6,beam1(seed=ch112),47,"[112, 75, 40, 43, 47]",0.6389566719045567,-0.035898
6,beam1(seed=ch112),48,"[112, 75, 40, 43, 48]",0.5968366530888302,-0.078018
6,beam1(seed=ch112),49,"[112, 75, 40, 43, 49]",0.6354872839750528,-0.039367
6,beam1(seed=ch112),50,"[112, 75, 40, 43, 50]",0.6646529792272454,-0.010202
6,beam1(seed=ch112),51,"[112, 75, 40, 43, 51]",0.6355070554815685,-0.039348
6,beam1(seed=ch112),52,"[112, 75, 40, 43, 52]",0.6323200431999835,-0.042535
6,beam1(seed=ch112),53,"[112, 75, 40, 43, 53]",0.6659766352311344,-0.008878
6,beam1(seed=ch112),54,"[112, 75, 40, 43, 54]",0.6673756692489242,-0.007479
6,beam1(seed=ch112),55,"[112, 75, 40, 43, 55]",0.6663729915639526,-0.008482
6,beam1(seed=ch112),56,"[112, 75, 40, 43, 56]",0.6516466779932348,-0.023208
6,beam1(seed=ch112),57,"[112, 75, 40, 43, 57]",0.6697757014221192,-0.005079
6,beam1(seed=ch112),58,"[112, 75, 40, 43, 58]",0.6695221409393636,-0.005333
6,beam1(seed=ch112),59,"[112, 75, 40, 43, 59]",0.6623140653364991,-0.012541
6,beam1(seed=ch112),60,"[112, 75, 40, 43, 60]",0.6372509271759051,-0.037604
6,beam1(seed=ch112),61,"[112, 75, 40, 43, 61]",0.6735401735655385,-0.001314
6,beam1(seed=ch112),62,"[112, 75, 40, 43, 62]",0.6220194550676827,-0.052835
6,beam1(seed=ch112),63,"[112, 75, 40, 43, 63]",0.6516967550870221,-0.023158
6,beam1(seed=ch112),64,"[112, 75, 40, 43, 64]",0.6432991111754176,-0.031556
6,beam1(seed=ch112),65,"[112, 75, 40, 43, 65]",0.6635479319777986,-0.011307
6,beam1(seed=ch112),66,"[112, 75, 40, 43, 66]",0.6691804562987197,-0.005674
6,beam1(seed=ch112),67,"[112, 75, 40, 43, 67]",0.6711691112643678,-0.003686
6,beam1(seed=ch112),68,"[112, 75, 40, 43, 68]",0.6241959436474284,-0.050659
6,beam1(seed=ch112),69,"[112, 75, 40, 43, 69]",0.5884567216248536,-0.086398
6,beam1(seed=ch112),70,"[112, 75, 40, 43, 70]",0.6658052414369753,-0.009049
6,beam1(seed=ch112),71,"[112, 75, 40, 43, 71]",0.6281301340118229,-0.046725
6,beam1(seed=ch112),72,"[112, 75, 40, 43, 72]",0.5033729329230004,-0.171482
6,beam1(seed=ch112),73,"[112, 75, 40, 43, 73]",0.6253073932588011,-0.049547
6,beam1(seed=ch112),74,"[112, 75, 40, 43, 74]",0.6654848702221327,-0.00937
6,beam1(seed=ch112),76,"[112, 75, 40, 43, 76]",0.5664710547125744,-0.108384
6,beam1(seed=ch112),77,"[112, 75, 40, 43, 77]",0.6357326443649978,-0.039122
6,beam1(seed=ch112),78,"[112, 75, 40, 43, 78]",0.6648449856960071,-0.01001
6,beam1(seed=ch112),79,"[112, 75, 40, 43, 79]",0.5036705538551994,-0.171184
6,beam1(seed=ch112),80,"[112, 75, 40, 43, 80]",0.6565092350833766,-0.018345
6,beam1(seed=ch112),81,"[112, 75, 40, 43, 81]",0.6617059328230942,-0.013149
6,beam1(seed=ch112),82,"[112, 75, 40, 43, 82]",0.6587310862367087,-0.016124
6,beam1(seed=ch112),83,"[112, 75, 40, 43, 83]",0.6641218841988739,-0.010733
6,beam1(seed=ch112),84,"[112, 75, 40, 43, 84]",0.6640158976180704,-0.010839
6,beam1(seed=ch112),85,"[112, 75, 40, 43, 85]",0.6703567738462123,-0.004498
6,beam1(seed=ch112),86,"[112, 75, 40, 43, 86]",0.6471366590610507,-0.027718
6,beam1(seed=ch112),87,"[112, 75, 40, 43, 87]",0.6457511397092085,-0.029104
6,beam1(seed=ch112),88,"[112, 75, 40, 43, 88]",0.6482506348226212,-0.026604
6,beam1(seed=ch112),89,"[112, 75, 40, 43, 89]",0.6548284465639554,-0.020026
6,beam1(seed=ch112),90,"[112, 75, 40, 43, 90]",0.6579670406214952,-0.016888
6,beam1(seed=ch112),91,"[112, 75, 40, 43, 91]",0.6291841214373177,-0.045671
6,beam1(seed=ch112),92,"[112, 75, 40, 43, 92]",0.6190758677454555,-0.055779
6,beam1(seed=ch112),93,"[112, 75, 40, 43, 93]",0.6645079158784888,-0.010347
6,beam1(seed=ch112),94,"[112, 75, 40, 43, 94]",0.6680618868954903,-0.006793
6,beam1(seed=ch112),95,"[112, 75, 40, 43, 95]",0.6556254408007123,-0.019229
6,beam1(seed=ch112),96,"[112, 75, 40, 43, 96]",0.6534802451097003,-0.021374
6,beam1(seed=ch112),97,"[112, 75, 40, 43, 97]",0.6684900941399807,-0.006365
6,beam1(seed=ch112),98,"[112, 75, 40, 43, 98]",0.6636349131484486,-0.01122
6,beam1(seed=ch112),99,"[112, 75, 40, 43, 99]",0.6629713198406167,-0.011883
6,beam1(seed=ch112),100,"[112, 75, 40, 43, 100]",0.656820155702812,-0.018035
6,beam1(seed=ch112),101,"[112, 75, 40, 43, 101]",0.6733165790844413,-0.001538
6,beam1(seed=ch112),102,"[112, 75, 40, 43, 102]",0.6488728419963815,-0.025982
6,beam1(seed=ch112),103,"[112, 75, 40, 43, 103]",0.6573732321840382,-0.017481
6,beam1(seed=ch112),104,"[112, 75, 40, 43, 104]",0.6655325744617651,-0.009322
6,beam1(seed=ch112),105,"[112, 75, 40, 43, 105]",0.6225972388716139,-0.052257
6,beam1(seed=ch112),106,"[112, 75, 40, 43, 106]",0.6530081234617233,-0.021847
6,beam1(seed=ch112),107,"[112, 75, 40, 43, 107]",0.6720145886317266,-0.00284
6,beam1(seed=ch112),108,"[112, 75, 40, 43, 108]",0.6222455372451073,-0.052609
6,beam1(seed=ch112),109,"[112, 75, 40, 43, 109]",0.6474948108865958,-0.02736
6,beam1(seed=ch112),110,"[112, 75, 40, 43, 110]",0.6184972626547653,-0.056357
6,beam1(seed=ch112),111,"[112, 75, 40, 43, 111]",0.6058739201582745,-0.068981
6,beam1(seed=ch112),113,"[112, 75, 40, 43, 113]",0.6226117592549775,-0.052243
6,beam1(seed=ch112),114,"[112, 75, 40, 43, 114]",0.6558093751484669,-0.019045
6,beam1(seed=ch112),115,"[112, 75, 40, 43, 115]",0.6468585421965346,-0.027996
6,beam1(seed=ch112),116,"[112, 75, 40, 43, 116]",0.6494738468925865,-0.025381
6,beam1(seed=ch112),117,"[112, 75, 40, 43, 117]",0.6688739348867896,-0.005981
6,beam1(seed=ch112),118,"[112, 75, 40, 43, 118]",0.5986884989627271,-0.076166
6,beam1(seed=ch112),119,"[112, 75, 40, 43, 119]",0.6498861859568912,-0.024968
6,beam1(seed=ch112),120,"[112, 75, 40, 43, 120]",0.671549929477026,-0.003305
6,beam1(seed=ch112),121,"[112, 75, 40, 43, 121]",0.6742349835194734,-0.00062
6,beam1(seed=ch112),122,"[112, 75, 40, 43, 122]",0.6406534347212575,-0.034201
6,beam1(seed=ch112),123,"[112, 75, 40, 43, 123]",0.6717275700745171,-0.003127
6,beam1(seed=ch112),124,"[112, 75, 40, 43, 124]",0.6336833180769469,-0.041171
6,beam1(seed=ch112),125,"[112, 75, 40, 43, 125]",0.6390380995427584,-0.035817
6,beam1(seed=ch112),126,"[112, 75, 40, 43, 126]",0.6717022869153398,-0.003152
6,beam1(seed=ch112),127,"[112, 75, 40, 43, 127]",0.60400501715131,-0.07085
6,beam2(seed=ch75),0,"[75, 61, 43, 0]",0.663236311054549,-0.01154
6,beam2(seed=ch75),1,"[75, 61, 43, 1]",0.6479758537136898,-0.0268
6,beam2(seed=ch75),2,"[75, 61, 43, 2]",0.6070935321253957,-0.067683
6,beam2(seed=ch75),3,"[75, 61, 43, 3]",0.6084394896573333,-0.066337
6,beam2(seed=ch75),4,"[75, 61, 43, 4]",0.6144126216142549,-0.060364
6,beam2(seed=ch75),5,"[75, 61, 43, 5]",0.5324494738328108,-0.142327
6,beam2(seed=ch75),6,"[75, 61, 43, 6]",0.6016228874630408,-0.073153
6,beam2(seed=ch75),7,"[75, 61, 43, 7]",0.6343302397501781,-0.040446
6,beam2(seed=ch75),8,"[75, 61, 43, 8]",0.5896168369913632,-0.085159
6,beam2(seed=ch75),9,"[75, 61, 43, 9]",0.6563972755798259,-0.018379
6,beam2(seed=ch75),10,"[75, 61, 43, 10]",0.6342273576313188,-0.040549
6,beam2(seed=ch75),11,"[75, 61, 43, 11]",0.6574965822715755,-0.01728
6,beam2(seed=ch75),12,"[75, 61, 43, 12]",0.659996739930798,-0.01478
6,beam2(seed=ch75),13,"[75, 61, 43, 13]",0.6522578769243516,-0.022518
6,beam2(seed=ch75),14,"[75, 61, 43, 14]",0.6363396582076445,-0.038437
6,beam2(seed=ch75),15,"[75, 61, 43, 15]",0.6269623707947998,-0.047814
6,beam2(seed=ch75),16,"[75, 61, 43, 16]",0.6264807963969842,-0.048296
6,beam2(seed=ch75),17,"[75, 61, 43, 17]",0.6622347377852826,-0.012542
6,beam2(seed=ch75),18,"[75, 61, 43, 18]",0.6597744125559151,-0.015002
6,beam2(seed=ch75),19,"[75, 61, 43, 19]",0.6578162434306578,-0.01696
6,beam2(seed=ch75),20,"[75, 61, 43, 20]",0.6574677872016694,-0.017309
6,beam2(seed=ch75),21,"[75, 61, 43, 21]",0.5713249809996486,-0.103451
6,beam2(seed=ch75),22,"[75, 61, 43, 22]",0.6260947113897388,-0.048682
6,beam2(seed=ch75),23,"[75, 61, 43, 23]",0.5751967832819481,-0.09958
6,beam2(seed=ch75),24,"[75, 61, 43, 24]",0.6316067134002377,-0.04317
6,beam2(seed=ch75),25,"[75, 61, 43, 25]",0.5804292319077038,-0.094347
6,beam2(seed=ch75),26,"[75, 61, 43, 26]",0.6122177090740863,-0.062559
6,beam2(seed=ch75),27,"[75, 61, 43, 27]",0.6631025627431875,-0.011674
6,beam2(seed=ch75),28,"[75, 61, 43, 28]",0.6302893245425858,-0.044487
6,beam2(seed=ch75),29,"[75, 61, 43, 29]",0.6466214664610282,-0.028155
6,beam2(seed=ch75),30,"[75, 61, 43, 30]",0.6463135572135433,-0.028463
6,beam2(seed=ch75),31,"[75, 61, 43, 31]",0.6205297502265562,-0.054247
6,beam2(seed=ch75),32,"[75, 61, 43, 32]",0.6210442618995476,-0.053732
6,beam2(seed=ch75),33,"[75, 61, 43, 33]",0.6645047631826604,-0.010272
6,beam2(seed=ch75),34,"[75, 61, 43, 34]",0.6690275718271894,-0.005749
6,beam2(seed=ch75),35,"[75, 61, 43, 35]",0.6161336958335438,-0.058643
6,beam2(seed=ch75),36,"[75, 61, 43, 36]",0.6272679913420086,-0.047508
6,beam2(seed=ch75),37,"[75, 61, 43, 37]",0.628064696391851,-0.046712
6,beam2(seed=ch75),38,"[75, 61, 43, 38]",0.6682914324210134,-0.006485
6,beam2(seed=ch75),39,"[75, 61, 43, 39]",0.6660448979430499,-0.008731
6,beam2(seed=ch75),40,"[75, 61, 43, 40]",0.6688674152811944,-0.005909
6,beam2(seed=ch75),41,"[75, 61, 43, 41]",0.6298688237365564,-0.044907
6,beam2(seed=ch75),42,"[75, 61, 43, 42]",0.6437767113854348,-0.031
6,beam2(seed=ch75),44,"[75, 61, 43, 44]",0.6711379399996071,-0.003638
6,beam2(seed=ch75),45,"[75, 61, 43, 45]",0.6709192577612658,-0.003857
6,beam2(seed=ch75),46,"[75, 61, 43, 46]",0.663866939350074,-0.010909
6,beam2(seed=ch75),47,"[75, 61, 43, 47]",0.6195987349459178,-0.055178
6,beam2(seed=ch75),48,"[75, 61, 43, 48]",0.5645913574913001,-0.110185
6,beam2(seed=ch75),49,"[75, 61, 43, 49]",0.617267725414124,-0.057509
6,beam2(seed=ch75),50,"[75, 61, 43, 50]",0.6582604411465981,-0.016516
6,beam2(seed=ch75),51,"[75, 61, 43, 51]",0.6121773816102403,-0.062599
6,beam2(seed=ch75),52,"[75, 61, 43, 52]",0.6175887614291957,-0.057188
6,beam2(seed=ch75),53,"[75, 61, 43, 53]",0.6651918576540368,-0.009584
6,beam2(seed=ch75),54,"[75, 61, 43, 54]",0.6696425691342426,-0.005134
6,beam2(seed=ch75),55,"[75, 61, 43, 55]",0.6638554456307795,-0.010921
6,beam2(seed=ch75),56,"[75, 61, 43, 56]",0.6420163766782062,-0.03276
6,beam2(seed=ch75),57,"[75, 61, 43, 57]",0.6693387836918072,-0.005438
6,beam2(seed=ch75),58,"[75, 61, 43, 58]",0.6706143674179778,-0.004162
6,beam2(seed=ch75),59,"[75, 61, 43, 59]",0.6636330633997668,-0.011143
6,beam2(seed=ch75),60,"[75, 61, 43, 60]",0.6234735538327039,-0.051303
6,beam2(seed=ch75),62,"[75, 61, 43, 62]",0.5958535494468662,-0.078923
6,beam2(seed=ch75),63,"[75, 61, 43, 63]",0.6402534437414336,-0.034523
6,beam2(seed=ch75),64,"[75, 61, 43, 64]",0.6363183630379198,-0.038458
6,beam2(seed=ch75),65,"[75, 61, 43, 65]",0.6560740007104541,-0.018702
6,beam2(seed=ch75),66,"[75, 61, 43, 66]",0.6670964682581269,-0.00768
6,beam2(seed=ch75),67,"[75, 61, 43, 67]",0.6733466978939079,-0.00143
6,beam2(seed=ch75),68,"[75, 61, 43, 68]",0.5989711938420513,-0.075805
6,beam2(seed=ch75),69,"[75, 61, 43, 69]",0.558796592666603,-0.11598
6,beam2(seed=ch75),70,"[75, 61, 43, 70]",0.6486681910773202,-0.026108
6,beam2(seed=ch75),71,"[75, 61, 43, 71]",0.6199796196625362,-0.054797
6,beam2(seed=ch75),72,"[75, 61, 43, 72]",0.4482882745751424,-0.226488
6,beam2(seed=ch75),73,"[75, 61, 43, 73]",0.6036699060969458,-0.071106
6,beam2(seed=ch75),74,"[75, 61, 43, 74]",0.6662609510930794,-0.008515
6,beam2(seed=ch75),76,"[75, 61, 43, 76]",0.5328236012113823,-0.141953
6,beam2(seed=ch75),77,"[75, 61, 43, 77]",0.6184336698006275,-0.056343
6,beam2(seed=ch75),78,"[75, 61, 43, 78]",0.6617164006011191,-0.01306
6,beam2(seed=ch75),79,"[75, 61, 43, 79]",0.43727916271029355,-0.237497
6,beam2(seed=ch75),80,"[75, 61, 43, 80]",0.64657181723532,-0.028204
6,beam2(seed=ch75),81,"[75, 61, 43, 81]",0.6612874896580776,-0.013489
6,beam2(seed=ch75),82,"[75, 61, 43, 82]",0.6561331662827771,-0.018643
6,beam2(seed=ch75),83,"[75, 61, 43, 83]",0.6622213241299837,-0.012555
6,beam2(seed=ch75),84,"[75, 61, 43, 84]",0.6644812033416921,-0.010295
6,beam2(seed=ch75),85,"[75, 61, 43, 85]",0.6716507505512851,-0.003126
6,beam2(seed=ch75),86,"[75, 61, 43, 86]",0.6348193186494504,-0.039957
6,beam2(seed=ch75),87,"[75, 61, 43, 87]",0.6379506872644332,-0.036826
6,beam2(seed=ch75),88,"[75, 61, 43, 88]",0.6393954653485929,-0.035381
6,beam2(seed=ch75),89,"[75, 61, 43, 89]",0.649208595444928,-0.025568
6,beam2(seed=ch75),90,"[75, 61, 43, 90]",0.6476275227042602,-0.027149
6,beam2(seed=ch75),91,"[75, 61, 43, 91]",0.6160461631466757,-0.05873
6,beam2(seed=ch75),92,"[75, 61, 43, 92]",0.6061496924119621,-0.068627
6,beam2(seed=ch75),93,"[75, 61, 43, 93]",0.6608178846822955,-0.013958
6,beam2(seed=ch75),94,"[75, 61, 43, 94]",0.6650381778612934,-0.009738
6,beam2(seed=ch75),95,"[75, 61, 43, 95]",0.6350509269828574,-0.039725
6,beam2(seed=ch75),96,"[75, 61, 43, 96]",0.6317468200984329,-0.043029
6,beam2(seed=ch75),97,"[75, 61, 43, 97]",0.6713825713205805,-0.003394
6,beam2(seed=ch75),98,"[75, 61, 43, 98]",0.6498573961456982,-0.024919
6,beam2(seed=ch75),99,"[75, 61, 43, 99]",0.654230301511627,-0.020546
6,beam2(seed=ch75),100,"[75, 61, 43, 100]",0.6482009745966223,-0.026575
6,beam2(seed=ch75),101,"[75, 61, 43, 101]",0.6709477303586454,-0.003829
6,beam2(seed=ch75),102,"[75, 61, 43, 102]",0.6431838748854963,-0.031592
6,beam2(seed=ch75),103,"[75, 61, 43, 103]",0.6469485996555265,-0.027828
6,beam2(seed=ch75),104,"[75, 61, 43, 104]",0.6618844279959304,-0.012892
6,beam2(seed=ch75),105,"[75, 61, 43, 105]",0.6024946980259391,-0.072282
6,beam2(seed=ch75),106,"[75, 61, 43, 106]",0.6429044511237233,-0.031872
6,beam2(seed=ch75),107,"[75, 61, 43, 107]",0.6720447566970417,-0.002732
6,beam2(seed=ch75),108,"[75, 61, 43, 108]",0.6106675192217791,-0.064109
6,beam2(seed=ch75),109,"[75, 61, 43, 109]",0.6323982646547218,-0.042378
6,beam2(seed=ch75),110,"[75, 61, 43, 110]",0.5841470357359436,-0.090629
6,beam2(seed=ch75),111,"[75, 61, 43, 111]",0.5778387605313082,-0.096938
6,beam2(seed=ch75),112,"[75, 61, 43, 112]",0.6738251482489984,-0.000951
6,beam2(seed=ch75),113,"[75, 61, 43, 113]",0.5940440979065982,-0.080732
6,beam2(seed=ch75),114,"[75, 61, 43, 114]",0.6503349579063386,-0.024441
6,beam2(seed=ch75),115,"[75, 61, 43, 115]",0.6352481516201716,-0.039528
6,beam2(seed=ch75),116,"[75, 61, 43, 116]",0.6451277311744477,-0.029649
6,beam2(seed=ch75),117,"[75, 61, 43, 117]",0.6659143210708299,-0.008862
6,beam2(seed=ch75),118,"[75, 61, 43, 118]",0.5718329407054153,-0.102943
6,beam2(seed=ch75),119,"[75, 61, 43, 119]",0.6392523160300997,-0.035524
6,beam2(seed=ch75),120,"[75, 61, 43, 120]",0.6702843649481353,-0.004492
6,beam2(seed=ch75),121,"[75, 61, 43, 121]",0.6747252913954037,-5.1e-05
6,beam2(seed=ch75),122,"[75, 61, 43, 122]",0.6291365875245474,-0.04564
6,beam2(seed=ch75),123,"[75, 61, 43, 123]",0.6729371493871663,-0.001839
6,beam2(seed=ch75),124,"[75, 61, 43, 124]",0.6183072517949466,-0.056469
6,beam2(seed=ch75),125,"[75, 61, 43, 125]",0.6271095352824022,-0.047667
6,beam2(seed=ch75),126,"[75, 61, 43, 126]",0.6731117271333522,-0.001665
6,beam2(seed=ch75),127,"[75, 61, 43, 127]",0.5612697415410595,-0.113507
6,beam3(seed=ch58),0,"[58, 75, 61, 101, 43, 0]",0.6648781086426361,-0.007692
6,beam3(seed=ch58),1,"[58, 75, 61, 101, 43, 1]",0.656543853622462,-0.016026
6,beam3(seed=ch58),2,"[58, 75, 61, 101, 43, 2]",0.6406217824908212,-0.031949
6,beam3(seed=ch58),3,"[58, 75, 61, 101, 43, 3]",0.6305422513415474,-0.042028
6,beam3(seed=ch58),4,"[58, 75, 61, 101, 43, 4]",0.6404658689157824,-0.032104
6,beam3(seed=ch58),5,"[58, 75, 61, 101, 43, 5]",0.5832553412944037,-0.089315
6,beam3(seed=ch58),6,"[58, 75, 61, 101, 43, 6]",0.6278965896324579,-0.044674
6,beam3(seed=ch58),7,"[58, 75, 61, 101, 43, 7]",0.6456214028842844,-0.026949
6,beam3(seed=ch58),8,"[58, 75, 61, 101, 43, 8]",0.615441601639019,-0.057129
6,beam3(seed=ch58),9,"[58, 75, 61, 101, 43, 9]",0.6643065838409498,-0.008264
6,beam3(seed=ch58),10,"[58, 75, 61, 101, 43, 10]",0.6502409114689098,-0.022329
6,beam3(seed=ch58),11,"[58, 75, 61, 101, 43, 11]",0.6634776327917823,-0.009093
6,beam3(seed=ch58),12,"[58, 75, 61, 101, 43, 12]",0.6625903304741866,-0.00998
6,beam3(seed=ch58),13,"[58, 75, 61, 101, 43, 13]",0.6604649017152695,-0.012105
6,beam3(seed=ch58),14,"[58, 75, 61, 101, 43, 14]",0.6493850330028964,-0.023185
6,beam3(seed=ch58),15,"[58, 75, 61, 101, 43, 15]",0.6462288665838881,-0.026341
6,beam3(seed=ch58),16,"[58, 75, 61, 101, 43, 16]",0.6473568821569448,-0.025213
6,beam3(seed=ch58),17,"[58, 75, 61, 101, 43, 17]",0.6684368490996948,-0.004133
6,beam3(seed=ch58),18,"[58, 75, 61, 101, 43, 18]",0.6626959960590174,-0.009874
6,beam3(seed=ch58),19,"[58, 75, 61, 101, 43, 19]",0.662563077421757,-0.010007
6,beam3(seed=ch58),20,"[58, 75, 61, 101, 43, 20]",0.6633990282808783,-0.009171
6,beam3(seed=ch58),21,"[58, 75, 61, 101, 43, 21]",0.6086757345508854,-0.063895
6,beam3(seed=ch58),22,"[58, 75, 61, 101, 43, 22]",0.6455086904108501,-0.027062
6,beam3(seed=ch58),23,"[58, 75, 61, 101, 43, 23]",0.6172335073252797,-0.055337
6,beam3(seed=ch58),24,"[58, 75, 61, 101, 43, 24]",0.6535295801084193,-0.019041
6,beam3(seed=ch58),25,"[58, 75, 61, 101, 43, 25]",0.6119061461794127,-0.060664
6,beam3(seed=ch58),26,"[58, 75, 61, 101, 43, 26]",0.6342436339652867,-0.038327
6,beam3(seed=ch58),27,"[58, 75, 61, 101, 43, 27]",0.6667223654141774,-0.005848
6,beam3(seed=ch58),28,"[58, 75, 61, 101, 43, 28]",0.6478458340353518,-0.024724
6,beam3(seed=ch58),29,"[58, 75, 61, 101, 43, 29]",0.6543618925430608,-0.018208
6,beam3(seed=ch58),30,"[58, 75, 61, 101, 43, 30]",0.6542307069028664,-0.01834
6,beam3(seed=ch58),31,"[58, 75, 61, 101, 43, 31]",0.6384854158174896,-0.034085
6,beam3(seed=ch58),32,"[58, 75, 61, 101, 43, 32]",0.6412480946454694,-0.031322
6,beam3(seed=ch58),33,"[58, 75, 61, 101, 43, 33]",0.6648899778565375,-0.00768
6,beam3(seed=ch58),34,"[58, 75, 61, 101, 43, 34]",0.6708046842033153,-0.001766
6,beam3(seed=ch58),35,"[58, 75, 61, 101, 43, 35]",0.6352024001798167,-0.037368
6,beam3(seed=ch58),36,"[58, 75, 61, 101, 43, 36]",0.6483935676595265,-0.024177
6,beam3(seed=ch58),37,"[58, 75, 61, 101, 43, 37]",0.6420740023479359,-0.030496
6,beam3(seed=ch58),38,"[58, 75, 61, 101, 43, 38]",0.6675222228447012,-0.005048
6,beam3(seed=ch58),39,"[58, 75, 61, 101, 43, 39]",0.6686901811639775,-0.00388
6,beam3(seed=ch58),40,"[58, 75, 61, 101, 43, 40]",0.6681404173003354,-0.00443
6,beam3(seed=ch58),41,"[58, 75, 61, 101, 43, 41]",0.650821415184778,-0.021749
6,beam3(seed=ch58),42,"[58, 75, 61, 101, 43, 42]",0.6551572671200665,-0.017413
6,beam3(seed=ch58),44,"[58, 75, 61, 101, 43, 44]",0.6708862086322732,-0.001684
6,beam3(seed=ch58),45,"[58, 75, 61, 101, 43, 45]",0.668768697431626,-0.003802
6,beam3(seed=ch58),46,"[58, 75, 61, 101, 43, 46]",0.6640296454011395,-0.008541
6,beam3(seed=ch58),47,"[58, 75, 61, 101, 43, 47]",0.6463807347997147,-0.02619
6,beam3(seed=ch58),48,"[58, 75, 61, 101, 43, 48]",0.6071954908992715,-0.065375
6,beam3(seed=ch58),49,"[58, 75, 61, 101, 43, 49]",0.6384753472238508,-0.034095
6,beam3(seed=ch58),50,"[58, 75, 61, 101, 43, 50]",0.6640848790663714,-0.008485
6,beam3(seed=ch58),51,"[58, 75, 61, 101, 43, 51]",0.635526610001078,-0.037044
6,beam3(seed=ch58),52,"[58, 75, 61, 101, 43, 52]",0.6410192978693001,-0.031551
6,beam3(seed=ch58),53,"[58, 75, 61, 101, 43, 53]",0.6666867429773335,-0.005884
6,beam3(seed=ch58),54,"[58, 75, 61, 101, 43, 54]",0.6669957912258787,-0.005575
6,beam3(seed=ch58),55,"[58, 75, 61, 101, 43, 55]",0.6663920021725366,-0.006178
6,beam3(seed=ch58),56,"[58, 75, 61, 101, 43, 56]",0.6523782821612432,-0.020192
6,beam3(seed=ch58),57,"[58, 75, 61, 101, 43, 57]",0.6688779440252267,-0.003692
6,beam3(seed=ch58),59,"[58, 75, 61, 101, 43, 59]",0.6638931336972608,-0.008677
6,beam3(seed=ch58),60,"[58, 75, 61, 101, 43, 60]",0.6386836449843784,-0.033887
6,beam3(seed=ch58),62,"[58, 75, 61, 101, 43, 62]",0.6245099612522882,-0.04806
6,beam3(seed=ch58),63,"[58, 75, 61, 101, 43, 63]",0.6538088547636982,-0.018761
6,beam3(seed=ch58),64,"[58, 75, 61, 101, 43, 64]",0.6489816272834157,-0.023589
6,beam3(seed=ch58),65,"[58, 75, 61, 101, 43, 65]",0.662431660601775,-0.010139
6,beam3(seed=ch58),66,"[58, 75, 61, 101, 43, 66]",0.6676814099419578,-0.004889
6,beam3(seed=ch58),67,"[58, 75, 61, 101, 43, 67]",0.6717895900241047,-0.000781
6,beam3(seed=ch58),68,"[58, 75, 61, 101, 43, 68]",0.6288036863361375,-0.043767
6,beam3(seed=ch58),69,"[58, 75, 61, 101, 43, 69]",0.5957278160530006,-0.076842
6,beam3(seed=ch58),70,"[58, 75, 61, 101, 43, 70]",0.663323957816187,-0.009246
6,beam3(seed=ch58),71,"[58, 75, 61, 101, 43, 71]",0.6357753628242766,-0.036795
6,beam3(seed=ch58),72,"[58, 75, 61, 101, 43, 72]",0.5225259644891658,-0.150044
6,beam3(seed=ch58),73,"[58, 75, 61, 101, 43, 73]",0.6293720405754772,-0.043198
6,beam3(seed=ch58),74,"[58, 75, 61, 101, 43, 74]",0.6663454261578818,-0.006225
6,beam3(seed=ch58),76,"[58, 75, 61, 101, 43, 76]",0.5785186180484723,-0.094052
6,beam3(seed=ch58),77,"[58, 75, 61, 101, 43, 77]",0.6397189739278656,-0.032851
6,beam3(seed=ch58),78,"[58, 75, 61, 101, 43, 78]",0.664184510707038,-0.008386
6,beam3(seed=ch58),79,"[58, 75, 61, 101, 43, 79]",0.5238520146081581,-0.148718
6,beam3(seed=ch58),80,"[58, 75, 61, 101, 43, 80]",0.6591737799475135,-0.013397
6,beam3(seed=ch58),81,"[58, 75, 61, 101, 43, 81]",0.6626955021252601,-0.009875
6,beam3(seed=ch58),82,"[58, 75, 61, 101, 43, 82]",0.6608942146848041,-0.011676
6,beam3(seed=ch58),83,"[58, 75, 61, 101, 43, 83]",0.663805346642709,-0.008765
6,beam3(seed=ch58),84,"[58, 75, 61, 101, 43, 84]",0.6652964426358516,-0.007274
6,beam3(seed=ch58),85,"[58, 75, 61, 101, 43, 85]",0.6705963908293102,-0.001974
6,beam3(seed=ch58),86,"[58, 75, 61, 101, 43, 86]",0.6493236141756324,-0.023247
6,beam3(seed=ch58),87,"[58, 75, 61, 101, 43, 87]",0.6483074512747461,-0.024263
6,beam3(seed=ch58),88,"[58, 75, 61, 101, 43, 88]",0.6510764060046135,-0.021494
6,beam3(seed=ch58),89,"[58, 75, 61, 101, 43, 89]",0.6565148381009773,-0.016055
6,beam3(seed=ch58),90,"[58, 75, 61, 101, 43, 90]",0.6581649914798293,-0.014405
6,beam3(seed=ch58),91,"[58, 75, 61, 101, 43, 91]",0.6346792101390762,-0.037891
6,beam3(seed=ch58),92,"[58, 75, 61, 101, 43, 92]",0.6281856280132744,-0.044385
6,beam3(seed=ch58),93,"[58, 75, 61, 101, 43, 93]",0.6634629819929059,-0.009107
6,beam3(seed=ch58),94,"[58, 75, 61, 101, 43, 94]",0.6676335814524027,-0.004937
6,beam3(seed=ch58),95,"[58, 75, 61, 101, 43, 95]",0.6550855344350578,-0.017485
6,beam3(seed=ch58),96,"[58, 75, 61, 101, 43, 96]",0.6509603318590241,-0.02161
6,beam3(seed=ch58),97,"[58, 75, 61, 101, 43, 97]",0.6681733582570248,-0.004397
6,beam3(seed=ch58),98,"[58, 75, 61, 101, 43, 98]",0.6605397047646924,-0.012031
6,beam3(seed=ch58),99,"[58, 75, 61, 101, 43, 99]",0.6613908929476523,-0.011179
6,beam3(seed=ch58),100,"[58, 75, 61, 101, 43, 100]",0.6575436791717051,-0.015027
6,beam3(seed=ch58),102,"[58, 75, 61, 101, 43, 102]",0.6521445050520296,-0.020426
6,beam3(seed=ch58),103,"[58, 75, 61, 101, 43, 103]",0.6594541865958807,-0.013116
6,beam3(seed=ch58),104,"[58, 75, 61, 101, 43, 104]",0.6658136275668765,-0.006757
6,beam3(seed=ch58),105,"[58, 75, 61, 101, 43, 105]",0.6302426137145802,-0.042328
6,beam3(seed=ch58),106,"[58, 75, 61, 101, 43, 106]",0.6544849248303596,-0.018085
6,beam3(seed=ch58),107,"[58, 75, 61, 101, 43, 107]",0.6710788128947104,-0.001492
6,beam3(seed=ch58),108,"[58, 75, 61, 101, 43, 108]",0.6308073046931999,-0.041763
6,beam3(seed=ch58),109,"[58, 75, 61, 101, 43, 109]",0.647079245712617,-0.025491
6,beam3(seed=ch58),110,"[58, 75, 61, 101, 43, 110]",0.62154309421841,-0.051027
6,beam3(seed=ch58),111,"[58, 75, 61, 101, 43, 111]",0.6145182495522897,-0.058052
6,beam3(seed=ch58),112,"[58, 75, 61, 101, 43, 112]",0.6719011234644053,-0.000669
6,beam3(seed=ch58),113,"[58, 75, 61, 101, 43, 113]",0.623185883847216,-0.049384
6,beam3(seed=ch58),114,"[58, 75, 61, 101, 43, 114]",0.6573105302827901,-0.01526
6,beam3(seed=ch58),115,"[58, 75, 61, 101, 43, 115]",0.6485107183101712,-0.02406
6,beam3(seed=ch58),116,"[58, 75, 61, 101, 43, 116]",0.6564671364219782,-0.016103
6,beam3(seed=ch58),117,"[58, 75, 61, 101, 43, 117]",0.6673367184771722,-0.005234
6,beam3(seed=ch58),118,"[58, 75, 61, 101, 43, 118]",0.6086937819574407,-0.063877
6,beam3(seed=ch58),119,"[58, 75, 61, 101, 43, 119]",0.651963969560099,-0.020606
6,beam3(seed=ch58),120,"[58, 75, 61, 101, 43, 120]",0.6695573655212309,-0.003013
6,beam3(seed=ch58),121,"[58, 75, 61, 101, 43, 121]",0.672135605268408,-0.000435
6,beam3(seed=ch58),122,"[58, 75, 61, 101, 43, 122]",0.6444500469064529,-0.02812
6,beam3(seed=ch58),123,"[58, 75, 61, 101, 43, 123]",0.6708829849322226,-0.001687
6,beam3(seed=ch58),124,"[58, 75, 61, 101, 43, 124]",0.6360286493160541,-0.036542
6,beam3(seed=ch58),125,"[58, 75, 61, 101, 43, 125]",0.643092746334088,-0.029478
6,beam3(seed=ch58),126,"[58, 75, 61, 101, 43, 126]",0.6704875227808387,-0.002083
6,beam3(seed=ch58),127,"[58, 75, 61, 101, 43, 127]",0.608566607898672,-0.064004
