1341847980.7869 -0.0017 -0.0002 0.0008 0.0000 -0.0001 -0.0002 1.0000
1341847980.8230 -0.0021 -0.0028 -0.0001 0.0001 -0.0001 -0.0013 1.0000
1341847980.8547 -0.0029 -0.0012 -0.0009 0.0005 0.0003 -0.0017 1.0000
1341847980.8907 -0.0049 -0.0013 -0.0010 0.0006 0.0007 -0.0018 1.0000
1341847980.9230 -0.0061 -0.0021 -0.0017 0.0009 0.0007 -0.0027 1.0000
1341847980.9546 -0.0049 -0.0007 -0.0032 0.0010 0.0007 -0.0029 1.0000
1341847980.9907 -0.0072 0.0002 -0.0022 0.0009 0.0013 -0.0023 1.0000
1341847981.0227 -0.0077 -0.0002 -0.0032 0.0011 0.0012 -0.0024 1.0000
1341847981.0547 -0.0090 0.0005 -0.0030 0.0010 0.0013 -0.0025 1.0000
1341847981.0907 -0.0096 0.0006 -0.0042 0.0014 0.0020 -0.0032 1.0000
1341847981.1230 -0.0113 -0.0002 -0.0049 0.0016 0.0028 -0.0030 1.0000
1341847981.1586 -0.0130 0.0014 -0.0058 0.0013 0.0030 -0.0016 1.0000
1341847981.1906 -0.0144 -0.0017 -0.0047 0.0003 0.0029 0.0002 1.0000
1341847981.2230 -0.0181 -0.0001 -0.0042 0.0016 0.0032 0.0019 1.0000
1341847981.2587 -0.0167 0.0014 -0.0072 0.0020 0.0021 0.0038 1.0000
1341847981.2908 -0.0177 -0.0006 -0.0069 0.0017 0.0020 0.0042 1.0000
1341847981.3229 -0.0180 0.0012 -0.0081 0.0026 0.0029 0.0042 1.0000
1341847981.3587 -0.0212 0.0020 -0.0094 0.0029 0.0039 0.0045 1.0000
1341847981.3908 -0.0250 0.0009 -0.0096 0.0025 0.0041 0.0053 1.0000
1341847981.4267 -0.0305 -0.0008 -0.0111 0.0027 0.0043 0.0058 1.0000
1341847981.4588 -0.0372 0.0011 -0.0151 0.0033 0.0048 0.0068 1.0000
1341847981.4907 -0.0407 0.0010 -0.0158 0.0031 0.0052 0.0071 1.0000
1341847981.5270 -0.0455 0.0020 -0.0184 0.0038 0.0061 0.0066 1.0000
1341847981.5587 -0.0522 0.0028 -0.0197 0.0038 0.0073 0.0060 0.9999
1341847981.5949 -0.0518 -0.0004 -0.0210 0.0035 0.0077 0.0053 1.0000
1341847981.6267 -0.0607 0.0038 -0.0242 0.0054 0.0092 0.0059 0.9999
1341847981.6587 -0.0632 0.0083 -0.0268 0.0048 0.0092 0.0060 0.9999
1341847981.6947 -0.0698 0.0030 -0.0261 0.0035 0.0105 0.0053 0.9999
1341847981.7266 -0.0766 0.0074 -0.0286 0.0039 0.0115 0.0060 0.9999
1341847981.7588 -0.0810 0.0088 -0.0308 0.0029 0.0114 0.0063 0.9999
1341847981.7947 -0.0841 0.0141 -0.0327 0.0026 0.0113 0.0059 0.9999
1341847981.8267 -0.0923 0.0139 -0.0323 0.0006 0.0125 0.0056 0.9999
1341847981.8627 -0.0943 0.0121 -0.0290 0.0005 0.0116 0.0057 0.9999
1341847981.8946 -0.0979 0.0154 -0.0380 0.0002 0.0106 0.0055 0.9999
1341847981.9266 -0.1093 0.0248 -0.0355 -0.0008 0.0113 0.0052 0.9999
1341847981.9948 -0.1151 0.0185 -0.0363 -0.0029 0.0107 0.0054 0.9999
1341847982.0627 -0.1314 0.0117 -0.0327 -0.0023 0.0116 0.0022 0.9999
1341847982.0948 -0.1274 0.0246 -0.0353 0.0011 0.0096 0.0018 1.0000
1341847982.1307 -0.1417 0.0189 -0.0311 0.0020 0.0109 0.0013 0.9999
1341847982.1627 -0.1355 0.0130 -0.0382 0.0033 0.0073 0.0021 1.0000
1341847982.1947 -0.1253 0.0069 -0.0447 0.0008 0.0045 0.0027 1.0000
1341847982.2306 -0.1386 0.0123 -0.0423 0.0006 0.0088 0.0023 1.0000
1341847982.2627 -0.1404 0.0010 -0.0388 -0.0005 0.0107 0.0012 0.9999
1341847982.2950 -0.1494 0.0056 -0.0405 0.0008 0.0144 0.0006 0.9999
1341847982.3307 -0.1550 0.0092 -0.0404 0.0036 0.0162 0.0035 0.9999
1341847982.3989 -0.1623 -0.0014 -0.0419 0.0063 0.0133 0.0085 0.9999
1341847982.4308 -0.1361 -0.0023 -0.0490 0.0072 0.0078 0.0109 0.9999
1341847982.4626 -0.1636 0.0058 -0.0463 0.0099 0.0163 0.0100 0.9998
1341847982.4986 -0.1670 0.0079 -0.0488 0.0100 0.0192 0.0100 0.9997
1341847982.5308 -0.1793 0.0091 -0.0436 0.0086 0.0226 0.0107 0.9997
1341847982.5667 -0.1778 0.0154 -0.0458 0.0088 0.0233 0.0121 0.9996
1341847982.5987 -0.1849 0.0111 -0.0439 0.0049 0.0268 0.0128 0.9995
1341847982.6307 -0.1879 0.0123 -0.0434 0.0047 0.0292 0.0130 0.9995
1341847982.6666 -0.1937 0.0078 -0.0428 0.0026 0.0321 0.0141 0.9994
1341847982.6986 -0.1974 0.0066 -0.0396 0.0005 0.0350 0.0147 0.9993
1341847982.7307 -0.2062 0.0061 -0.0384 -0.0003 0.0395 0.0145 0.9991
1341847982.7667 -0.2160 0.0033 -0.0357 -0.0004 0.0425 0.0156 0.9990
1341847982.7987 -0.2245 0.0031 -0.0357 -0.0003 0.0447 0.0170 0.9989
1341847982.8347 -0.2332 -0.0016 -0.0344 0.0001 0.0463 0.0175 0.9988
1341847982.8667 -0.2468 -0.0002 -0.0346 0.0034 0.0481 0.0183 0.9987
1341847982.8987 -0.2603 -0.0001 -0.0354 0.0046 0.0481 0.0202 0.9986
1341847982.9348 -0.2723 0.0073 -0.0366 0.0051 0.0468 0.0219 0.9987
1341847982.9667 -0.2727 0.0103 -0.0366 0.0045 0.0439 0.0230 0.9988
1341847982.9988 -0.2696 0.0052 -0.0417 0.0025 0.0427 0.0220 0.9988
1341847983.0347 -0.2972 0.0036 -0.0366 0.0006 0.0482 0.0210 0.9986
1341847983.0667 -0.3080 0.0092 -0.0362 0.0007 0.0482 0.0221 0.9986
1341847983.1028 -0.3037 -0.0018 -0.0415 -0.0026 0.0451 0.0240 0.9987
1341847983.1347 -0.3202 -0.0060 -0.0355 -0.0026 0.0465 0.0248 0.9986
1341847983.1667 -0.3306 0.0012 -0.0387 0.0001 0.0454 0.0258 0.9986
1341847983.2027 -0.3471 0.0026 -0.0349 0.0003 0.0457 0.0266 0.9986
1341847983.2347 -0.3468 0.0014 -0.0426 -0.0007 0.0431 0.0275 0.9987
1341847983.2668 -0.3600 0.0037 -0.0420 -0.0026 0.0452 0.0268 0.9986
1341847983.3027 -0.3627 -0.0036 -0.0402 -0.0066 0.0459 0.0259 0.9986
1341847983.3347 -0.3775 -0.0040 -0.0375 -0.0077 0.0499 0.0247 0.9984
1341847983.3709 -0.3865 -0.0056 -0.0358 -0.0079 0.0523 0.0248 0.9983
1341847983.4027 -0.3990 -0.0089 -0.0350 -0.0078 0.0534 0.0259 0.9982
1341847983.4347 -0.4152 -0.0084 -0.0379 -0.0083 0.0537 0.0274 0.9981
1341847983.4707 -0.4189 -0.0081 -0.0372 -0.0083 0.0525 0.0268 0.9982
1341847983.5028 -0.4201 -0.0147 -0.0411 -0.0086 0.0536 0.0246 0.9982
1341847983.5348 -0.4302 -0.0102 -0.0444 -0.0073 0.0577 0.0233 0.9980
1341847983.5707 -0.4486 -0.0079 -0.0422 -0.0073 0.0613 0.0236 0.9978
1341847983.6027 -0.4559 -0.0126 -0.0430 -0.0070 0.0612 0.0244 0.9978
1341847983.6387 -0.4684 -0.0192 -0.0475 -0.0062 0.0626 0.0248 0.9977
1341847983.7029 -0.5022 -0.0228 -0.0511 -0.0022 0.0669 0.0259 0.9974
1341847983.7387 -0.5109 -0.0170 -0.0577 -0.0003 0.0653 0.0279 0.9975
1341847983.7707 -0.5223 -0.0194 -0.0622 0.0004 0.0647 0.0299 0.9975
1341847983.8067 -0.5409 -0.0139 -0.0585 0.0033 0.0675 0.0293 0.9973
1341847983.8387 -0.5570 -0.0136 -0.0609 0.0069 0.0690 0.0297 0.9971
1341847983.8707 -0.5673 -0.0071 -0.0676 0.0090 0.0672 0.0325 0.9972
1341847983.9067 -0.5849 -0.0050 -0.0668 0.0099 0.0656 0.0356 0.9972
1341847983.9388 -0.5902 0.0004 -0.0749 0.0107 0.0630 0.0368 0.9973
1341847983.9708 -0.5997 -0.0031 -0.0781 0.0081 0.0642 0.0357 0.9973
1341847984.0067 -0.6158 0.0011 -0.0764 0.0080 0.0671 0.0347 0.9971
1341847984.0387 -0.6250 0.0013 -0.0814 0.0061 0.0688 0.0342 0.9970
1341847984.0747 -0.6374 0.0098 -0.0845 0.0049 0.0712 0.0334 0.9969
1341847984.1068 -0.6550 0.0156 -0.0788 0.0017 0.0747 0.0322 0.9967
1341847984.1387 -0.6742 0.0067 -0.0712 -0.0013 0.0777 0.0307 0.9965
1341847984.1748 -0.6813 0.0197 -0.0796 -0.0012 0.0772 0.0298 0.9966
1341847984.2067 -0.6956 0.0155 -0.0714 -0.0067 0.0791 0.0278 0.9965
1341847984.2387 -0.7179 0.0201 -0.0644 -0.0069 0.0800 0.0288 0.9964
1341847984.2748 -0.7227 0.0230 -0.0650 -0.0089 0.0773 0.0296 0.9965
1341847984.3067 -0.7345 0.0244 -0.0603 -0.0104 0.0782 0.0285 0.9965
1341847984.3431 -0.7485 0.0228 -0.0511 -0.0136 0.0780 0.0296 0.9964
1341847984.4067 -0.7685 0.0306 -0.0396 -0.0159 0.0744 0.0327 0.9966
1341847984.4429 -0.7796 0.0210 -0.0323 -0.0192 0.0746 0.0330 0.9965
1341847984.4746 -0.7895 0.0231 -0.0240 -0.0182 0.0750 0.0328 0.9965
1341847984.5067 -0.8009 0.0150 -0.0148 -0.0206 0.0763 0.0317 0.9964
1341847984.5427 -0.8079 0.0131 -0.0086 -0.0210 0.0780 0.0319 0.9962
1341847984.5748 -0.8144 0.0177 0.0003 -0.0212 0.0802 0.0332 0.9960
1341847984.6108 -0.8313 0.0098 0.0182 -0.0211 0.0821 0.0326 0.9959
1341847984.6427 -0.8408 0.0095 0.0307 -0.0178 0.0811 0.0339 0.9960
1341847984.6748 -0.8455 0.0114 0.0383 -0.0163 0.0800 0.0352 0.9960
1341847984.7107 -0.8584 0.0012 0.0520 -0.0162 0.0807 0.0349 0.9960
1341847984.7434 -0.8647 0.0021 0.0624 -0.0122 0.0796 0.0348 0.9961
1341847984.7789 -0.8720 -0.0052 0.0677 -0.0127 0.0799 0.0352 0.9961
1341847984.8106 -0.8817 -0.0113 0.0863 -0.0121 0.0810 0.0370 0.9960
1341847984.8427 -0.8905 -0.0155 0.1031 -0.0089 0.0816 0.0386 0.9959
1341847984.8788 -0.8978 -0.0172 0.1101 -0.0063 0.0821 0.0401 0.9958
1341847984.9106 -0.9075 -0.0201 0.1170 -0.0063 0.0824 0.0425 0.9957
1341847984.9431 -0.9120 -0.0263 0.1282 -0.0077 0.0801 0.0469 0.9957
1341847984.9792 -0.9171 -0.0302 0.1405 -0.0086 0.0782 0.0494 0.9957
1341847985.0106 -0.9175 -0.0296 0.1505 -0.0099 0.0776 0.0500 0.9957
1341847985.0466 -0.9195 -0.0380 0.1634 -0.0134 0.0803 0.0507 0.9954
1341847985.0787 -0.9254 -0.0418 0.1766 -0.0138 0.0841 0.0502 0.9951
1341847985.1108 -0.9313 -0.0476 0.1864 -0.0153 0.0871 0.0517 0.9947
1341847985.1468 -0.9355 -0.0547 0.1970 -0.0162 0.0899 0.0533 0.9944
1341847985.1787 -0.9396 -0.0584 0.2117 -0.0157 0.0931 0.0546 0.9940
1341847985.2108 -0.9429 -0.0676 0.2224 -0.0152 0.0953 0.0545 0.9938
1341847985.2467 -0.9457 -0.0708 0.2257 -0.0144 0.0979 0.0550 0.9936
1341847985.2789 -0.9504 -0.0781 0.2394 -0.0150 0.1014 0.0553 0.9932
1341847985.3146 -0.9571 -0.0884 0.2513 -0.0143 0.1050 0.0548 0.9929
1341847985.3468 -0.9627 -0.0892 0.2581 -0.0123 0.1071 0.0556 0.9926
1341847985.3788 -0.9668 -0.0954 0.2666 -0.0140 0.1084 0.0556 0.9925
1341847985.4146 -0.9703 -0.0999 0.2805 -0.0143 0.1112 0.0559 0.9921
1341847985.4469 -0.9758 -0.1088 0.2920 -0.0144 0.1140 0.0559 0.9918
1341847985.4787 -0.9809 -0.1088 0.3012 -0.0126 0.1157 0.0571 0.9916
1341847985.5147 -0.9827 -0.1165 0.3098 -0.0144 0.1167 0.0576 0.9914
1341847985.5468 -0.9865 -0.1213 0.3227 -0.0149 0.1197 0.0584 0.9910
1341847985.5826 -0.9935 -0.1246 0.3369 -0.0133 0.1234 0.0595 0.9905
1341847985.6148 -0.9989 -0.1254 0.3494 -0.0107 0.1255 0.0613 0.9901
1341847985.6471 -1.0033 -0.1357 0.3622 -0.0100 0.1278 0.0632 0.9897
1341847985.6828 -1.0099 -0.1345 0.3735 -0.0060 0.1304 0.0655 0.9893
1341847985.7147 -1.0160 -0.1439 0.3863 -0.0034 0.1319 0.0689 0.9889
1341847985.7470 -1.0206 -0.1484 0.3947 0.0002 0.1328 0.0713 0.9886
1341847985.7828 -1.0274 -0.1541 0.4062 0.0034 0.1357 0.0729 0.9881
1341847985.8147 -1.0342 -0.1596 0.4184 0.0100 0.1381 0.0757 0.9875
1341847985.8507 -1.0408 -0.1637 0.4240 0.0170 0.1392 0.0796 0.9869
1341847985.8828 -1.0465 -0.1668 0.4257 0.0168 0.1396 0.0827 0.9866
1341847985.9150 -1.0488 -0.1731 0.4364 0.0140 0.1418 0.0852 0.9861
1341847985.9508 -1.0523 -0.1829 0.4472 0.0126 0.1464 0.0847 0.9855
1341847985.9827 -1.0612 -0.1847 0.4590 0.0144 0.1520 0.0846 0.9846
1341847986.0188 -1.0648 -0.1866 0.4679 0.0158 0.1542 0.0869 0.9841
1341847986.0520 -1.0690 -0.1937 0.4766 0.0148 0.1554 0.0901 0.9836
1341847986.0826 -1.0733 -0.1997 0.4855 0.0146 0.1567 0.0914 0.9833
1341847986.1187 -1.0745 -0.2009 0.4902 0.0144 0.1584 0.0916 0.9830
1341847986.1506 -1.0784 -0.2081 0.4989 0.0119 0.1634 0.0913 0.9823
1341847986.1826 -1.0835 -0.2169 0.5169 0.0106 0.1681 0.0923 0.9814
1341847986.2187 -1.0864 -0.2266 0.5270 0.0113 0.1709 0.0932 0.9808
1341847986.2506 -1.0877 -0.2285 0.5347 0.0135 0.1729 0.0952 0.9802
1341847986.2867 -1.0927 -0.2372 0.5471 0.0144 0.1767 0.0964 0.9794
1341847986.3262 -1.0935 -0.2502 0.5586 0.0149 0.1798 0.0974 0.9788
1341847986.3592 -1.0968 -0.2502 0.5671 0.0189 0.1829 0.0999 0.9779
1341847986.3945 -1.0993 -0.2535 0.5780 0.0192 0.1855 0.1019 0.9772
1341847986.4259 -1.1012 -0.2606 0.5893 0.0190 0.1886 0.1034 0.9764
1341847986.4577 -1.1025 -0.2650 0.6001 0.0187 0.1919 0.1044 0.9757
1341847986.4937 -1.1060 -0.2679 0.6149 0.0189 0.1952 0.1059 0.9748
1341847986.5258 -1.1077 -0.2771 0.6271 0.0188 0.1972 0.1070 0.9743
1341847986.5617 -1.1099 -0.2792 0.6381 0.0188 0.1994 0.1078 0.9738
1341847986.5937 -1.1128 -0.2928 0.6533 0.0152 0.2035 0.1075 0.9730
1341847986.6257 -1.1150 -0.2994 0.6686 0.0163 0.2071 0.1082 0.9722
1341847986.6619 -1.1158 -0.2997 0.6774 0.0188 0.2085 0.1112 0.9715
1341847986.6937 -1.1187 -0.2997 0.6892 0.0203 0.2095 0.1150 0.9708
1341847986.7259 -1.1209 -0.3056 0.7009 0.0207 0.2098 0.1205 0.9701
1341847986.7626 -1.1218 -0.3128 0.7111 0.0192 0.2098 0.1247 0.9696
1341847986.7938 -1.1223 -0.3174 0.7204 0.0158 0.2115 0.1271 0.9689
1341847986.8298 -1.1251 -0.3269 0.7355 0.0123 0.2151 0.1290 0.9680
1341847986.8867 -1.1303 -0.3314 0.7578 0.0115 0.2168 0.1344 0.9668
1341847986.9227 -1.1315 -0.3378 0.7690 0.0088 0.2171 0.1377 0.9663
1341847986.9547 -1.1331 -0.3440 0.7810 0.0068 0.2189 0.1391 0.9658
1341847986.9906 -1.1354 -0.3494 0.7930 0.0052 0.2216 0.1402 0.9650
1341847987.0229 -1.1379 -0.3539 0.8032 0.0048 0.2238 0.1425 0.9641
1341847987.0546 -1.1395 -0.3556 0.8122 0.0038 0.2245 0.1453 0.9636
1341847987.0912 -1.1414 -0.3630 0.8236 0.0009 0.2259 0.1467 0.9630
1341847987.1232 -1.1429 -0.3662 0.8345 0.0003 0.2289 0.1468 0.9623
1341847987.1907 -1.1468 -0.3746 0.8551 -0.0039 0.2395 0.1443 0.9601
1341847987.2593 -1.1533 -0.3800 0.8781 -0.0056 0.2465 0.1467 0.9580
1341847987.2907 -1.1550 -0.3873 0.8872 -0.0076 0.2513 0.1459 0.9568
1341847987.3228 -1.1569 -0.3936 0.8977 -0.0086 0.2577 0.1447 0.9553
1341847987.3907 -1.1645 -0.4000 0.9223 -0.0034 0.2701 0.1402 0.9526
1341847987.4228 -1.1682 -0.4005 0.9286 -0.0003 0.2761 0.1385 0.9511
1341847987.4586 -1.1750 -0.3963 0.9446 0.0048 0.2825 0.1395 0.9491
1341847987.4908 -1.1803 -0.3929 0.9534 0.0118 0.2856 0.1416 0.9478
1341847987.5268 -1.1845 -0.3902 0.9523 0.0129 0.2867 0.1445 0.9470
1341847987.5587 -1.1892 -0.4040 0.9731 0.0087 0.2933 0.1451 0.9449
1341847987.5908 -1.1956 -0.3958 0.9816 0.0159 0.2977 0.1478 0.9430
1341847987.6269 -1.2014 -0.3915 0.9889 0.0191 0.3001 0.1523 0.9415
1341847987.6589 -1.2062 -0.3887 0.9967 0.0197 0.3015 0.1559 0.9404
1341847987.6916 -1.2115 -0.3895 1.0103 0.0196 0.3042 0.1575 0.9393
1341847987.7267 -1.2175 -0.3902 1.0235 0.0203 0.3051 0.1595 0.9387
1341847987.7587 -1.2214 -0.3903 1.0305 0.0215 0.3052 0.1636 0.9379
1341847987.7947 -1.2268 -0.3909 1.0426 0.0219 0.3060 0.1673 0.9370
1341847987.8267 -1.2318 -0.3912 1.0527 0.0231 0.3056 0.1710 0.9364
1341847987.8659 -1.2374 -0.3953 1.0635 0.0221 0.3056 0.1725 0.9361
1341847987.8978 -1.2419 -0.3976 1.0726 0.0232 0.3054 0.1743 0.9358
1341847987.9337 -1.2435 -0.4068 1.0787 0.0221 0.3028 0.1750 0.9366
1341847987.9658 -1.2524 -0.4088 1.0948 0.0243 0.3060 0.1721 0.9360
1341847987.9978 -1.2584 -0.4084 1.1017 0.0264 0.3068 0.1701 0.9361
1341847988.0338 -1.2624 -0.4139 1.1135 0.0268 0.3087 0.1667 0.9361
1341847988.0657 -1.2686 -0.4161 1.1240 0.0301 0.3103 0.1630 0.9361
1341847988.0982 -1.2732 -0.4195 1.1297 0.0320 0.3109 0.1584 0.9366
1341847988.1338 -1.2776 -0.4225 1.1388 0.0330 0.3138 0.1548 0.9362
1341847988.1658 -1.2831 -0.4156 1.1452 0.0383 0.3146 0.1559 0.9356
1341847988.2017 -1.2883 -0.4120 1.1516 0.0393 0.3128 0.1598 0.9354
1341847988.2338 -1.2890 -0.4173 1.1598 0.0357 0.3119 0.1616 0.9356
1341847988.2657 -1.2915 -0.4237 1.1710 0.0336 0.3146 0.1609 0.9349
1341847988.3018 -1.2952 -0.4195 1.1751 0.0356 0.3156 0.1622 0.9343
1341847988.3337 -1.2987 -0.4187 1.1825 0.0339 0.3157 0.1656 0.9337
1341847988.3697 -1.2992 -0.4227 1.1917 0.0313 0.3162 0.1682 0.9331
1341847988.4017 -1.3043 -0.4189 1.2005 0.0342 0.3172 0.1718 0.9320
1341847988.4340 -1.3062 -0.4214 1.2072 0.0331 0.3163 0.1754 0.9317
1341847988.4697 -1.3078 -0.4257 1.2128 0.0326 0.3186 0.1738 0.9313
1341847988.5025 -1.3133 -0.4215 1.2154 0.0350 0.3213 0.1745 0.9301
1341847988.5378 -1.3183 -0.4174 1.2204 0.0359 0.3217 0.1794 0.9290
1341847988.5697 -1.3217 -0.4175 1.2256 0.0341 0.3203 0.1816 0.9291
1341847988.6018 -1.3255 -0.4193 1.2267 0.0311 0.3207 0.1805 0.9293
1341847988.6378 -1.3294 -0.4204 1.2318 0.0277 0.3233 0.1790 0.9288
1341847988.6698 -1.3343 -0.4208 1.2382 0.0262 0.3258 0.1779 0.9282
1341847988.7062 -1.3386 -0.4208 1.2414 0.0249 0.3271 0.1778 0.9278
1341847988.7379 -1.3432 -0.4218 1.2462 0.0243 0.3286 0.1801 0.9268
1341847988.7697 -1.3485 -0.4241 1.2508 0.0245 0.3293 0.1835 0.9259
1341847988.8061 -1.3544 -0.4278 1.2524 0.0248 0.3296 0.1858 0.9253
1341847988.8379 -1.3618 -0.4295 1.2504 0.0238 0.3306 0.1879 0.9246
1341847988.8739 -1.3672 -0.4335 1.2541 0.0209 0.3336 0.1878 0.9236
1341847988.9378 -1.3835 -0.4336 1.2568 0.0219 0.3374 0.1914 0.9214
1341847988.9987 -1.3991 -0.4373 1.2627 0.0201 0.3399 0.1968 0.9194
1341847989.0347 -1.4087 -0.4406 1.2625 0.0181 0.3397 0.1987 0.9191
1341847989.0667 -1.4156 -0.4481 1.2684 0.0143 0.3414 0.1984 0.9186
1341847989.0988 -1.4234 -0.4545 1.2760 0.0147 0.3433 0.1968 0.9183
1341847989.1347 -1.4340 -0.4568 1.2767 0.0188 0.3428 0.1977 0.9182
1341847989.1667 -1.4434 -0.4624 1.2775 0.0209 0.3425 0.1991 0.9180
1341847989.2027 -1.4550 -0.4639 1.2797 0.0254 0.3408 0.1998 0.9183
1341847989.2347 -1.4646 -0.4694 1.2801 0.0272 0.3379 0.2000 0.9193
1341847989.2667 -1.4754 -0.4766 1.2807 0.0271 0.3366 0.1984 0.9201
1341847989.3028 -1.4864 -0.4803 1.2821 0.0268 0.3354 0.1939 0.9215
1341847989.3349 -1.4969 -0.4864 1.2831 0.0244 0.3342 0.1901 0.9228
1341847989.3667 -1.5050 -0.4936 1.2842 0.0200 0.3337 0.1844 0.9242
1341847989.4028 -1.5141 -0.4991 1.2875 0.0171 0.3358 0.1791 0.9246
1341847989.4348 -1.5233 -0.5016 1.2895 0.0189 0.3364 0.1755 0.9250
1341847989.4707 -1.5343 -0.5052 1.2851 0.0181 0.3358 0.1737 0.9256
1341847989.5026 -1.5413 -0.5096 1.2860 0.0159 0.3367 0.1735 0.9253
1341847989.5347 -1.5493 -0.5105 1.2896 0.0178 0.3367 0.1753 0.9250
1341847989.5707 -1.5575 -0.5170 1.2870 0.0160 0.3358 0.1752 0.9253
1341847989.6028 -1.5633 -0.5243 1.2901 0.0129 0.3385 0.1738 0.9247
1341847989.6347 -1.5703 -0.5277 1.2912 0.0141 0.3419 0.1713 0.9239
1341847989.6706 -1.5803 -0.5274 1.2881 0.0148 0.3444 0.1707 0.9231
1341847989.7026 -1.5876 -0.5310 1.2906 0.0129 0.3459 0.1712 0.9224
1341847989.7389 -1.5951 -0.5346 1.2913 0.0120 0.3481 0.1698 0.9219
1341847989.7707 -1.6051 -0.5347 1.2913 0.0115 0.3504 0.1700 0.9210
1341847989.8029 -1.6141 -0.5355 1.2935 0.0106 0.3519 0.1708 0.9203
1341847989.8388 -1.6239 -0.5392 1.2948 0.0095 0.3536 0.1716 0.9195
1341847989.8710 -1.6321 -0.5432 1.2984 0.0097 0.3562 0.1703 0.9187
1341847989.9027 -1.6455 -0.5421 1.2966 0.0127 0.3584 0.1709 0.9177
1341847989.9389 -1.6576 -0.5405 1.2973 0.0156 0.3578 0.1751 0.9171
1341847989.9707 -1.6688 -0.5461 1.2986 0.0158 0.3566 0.1767 0.9173
1341847990.0069 -1.6805 -0.5525 1.2974 0.0143 0.3582 0.1752 0.9169
1341847990.0390 -1.6928 -0.5524 1.2982 0.0152 0.3603 0.1753 0.9161
1341847990.0707 -1.7049 -0.5544 1.2989 0.0162 0.3604 0.1747 0.9161
1341847990.1067 -1.7170 -0.5586 1.2974 0.0157 0.3607 0.1745 0.9161
1341847990.1392 -1.7280 -0.5604 1.2993 0.0165 0.3617 0.1756 0.9155
1341847990.1711 -1.7398 -0.5608 1.3006 0.0199 0.3610 0.1770 0.9154
1341847990.2070 -1.7528 -0.5628 1.2993 0.0223 0.3589 0.1782 0.9159
1341847990.2389 -1.7663 -0.5667 1.2965 0.0214 0.3580 0.1794 0.9161
1341847990.2747 -1.7763 -0.5688 1.3002 0.0226 0.3578 0.1804 0.9159
1341847990.3067 -1.7882 -0.5727 1.2989 0.0228 0.3567 0.1796 0.9165
1341847990.3391 -1.8000 -0.5738 1.2988 0.0218 0.3567 0.1794 0.9166
1341847990.3747 -1.8099 -0.5741 1.3016 0.0227 0.3567 0.1797 0.9165
1341847990.4068 -1.8214 -0.5755 1.3012 0.0226 0.3557 0.1796 0.9169
1341847990.4426 -1.8316 -0.5769 1.3026 0.0199 0.3555 0.1818 0.9166
1341847990.4746 -1.8388 -0.5785 1.3078 0.0200 0.3554 0.1821 0.9166
1341847990.5068 -1.8501 -0.5799 1.3060 0.0193 0.3555 0.1816 0.9166
1341847990.5428 -1.8583 -0.5813 1.3080 0.0175 0.3565 0.1847 0.9157
1341847990.5747 -1.8657 -0.5802 1.3117 0.0189 0.3563 0.1881 0.9150
1341847990.6428 -1.8815 -0.5861 1.3142 0.0157 0.3587 0.1888 0.9140
1341847990.6748 -1.8896 -0.5850 1.3169 0.0166 0.3607 0.1915 0.9127
1341847990.7108 -1.8972 -0.5881 1.3183 0.0172 0.3603 0.1952 0.9120
1341847990.7427 -1.9095 -0.5877 1.3163 0.0175 0.3601 0.1994 0.9112
1341847990.7747 -1.9136 -0.5916 1.3231 0.0165 0.3611 0.2021 0.9102
1341847990.8108 -1.9213 -0.5938 1.3243 0.0183 0.3632 0.2027 0.9092
1341847990.8427 -1.9309 -0.5945 1.3236 0.0185 0.3646 0.2044 0.9083
1341847990.8747 -1.9363 -0.5966 1.3289 0.0174 0.3664 0.2054 0.9073
1341847990.9108 -1.9426 -0.5995 1.3316 0.0172 0.3685 0.2057 0.9064
1341847990.9427 -1.9493 -0.6034 1.3337 0.0150 0.3710 0.2053 0.9055
1341847990.9788 -1.9537 -0.6052 1.3377 0.0140 0.3734 0.2057 0.9044
1341847991.0108 -1.9599 -0.6094 1.3425 0.0146 0.3757 0.2057 0.9035
1341847991.0428 -1.9677 -0.6119 1.3437 0.0152 0.3775 0.2066 0.9025
1341847991.0787 -1.9708 -0.6142 1.3466 0.0161 0.3786 0.2091 0.9015
1341847991.1113 -1.9779 -0.6178 1.3508 0.0176 0.3800 0.2111 0.9004
1341847991.1428 -1.9830 -0.6225 1.3542 0.0168 0.3813 0.2113 0.8998
1341847991.1788 -1.9896 -0.6263 1.3600 0.0167 0.3839 0.2122 0.8985
1341847991.2107 -1.9959 -0.6299 1.3667 0.0187 0.3860 0.2136 0.8972
1341847991.2468 -2.0059 -0.6311 1.3711 0.0201 0.3879 0.2128 0.8966
1341847991.2787 -2.0109 -0.6356 1.3788 0.0198 0.3904 0.2134 0.8954
1341847991.3108 -2.0213 -0.6371 1.3834 0.0230 0.3922 0.2158 0.8939
1341847991.3467 -2.0338 -0.6383 1.3869 0.0267 0.3906 0.2207 0.8933
1341847991.3788 -2.0416 -0.6426 1.3922 0.0260 0.3886 0.2267 0.8927
1341847991.4147 -2.0443 -0.6494 1.4011 0.0226 0.3896 0.2299 0.8915
1341847991.4467 -2.0498 -0.6529 1.4062 0.0205 0.3917 0.2303 0.8906
1341847991.4788 -2.0560 -0.6566 1.4125 0.0183 0.3949 0.2309 0.8891
1341847991.5147 -2.0619 -0.6595 1.4183 0.0177 0.3974 0.2332 0.8873
1341847991.5467 -2.0677 -0.6621 1.4208 0.0183 0.3985 0.2367 0.8859
1341847991.5788 -2.0721 -0.6670 1.4241 0.0178 0.3998 0.2413 0.8841
1341847991.6149 -2.0753 -0.6699 1.4294 0.0185 0.4020 0.2456 0.8819
1341847991.6467 -2.0779 -0.6752 1.4312 0.0190 0.4054 0.2494 0.8793
1341847991.6899 -2.0791 -0.6809 1.4348 0.0189 0.4109 0.2516 0.8761
1341847991.7468 -2.0917 -0.6857 1.4366 0.0212 0.4179 0.2563 0.8713
1341847991.7827 -2.0939 -0.6915 1.4399 0.0198 0.4206 0.2595 0.8691
1341847991.8147 -2.0937 -0.6984 1.4448 0.0180 0.4243 0.2601 0.8672
1341847991.8467 -2.0961 -0.7039 1.4481 0.0181 0.4291 0.2584 0.8653
1341847991.8828 -2.1044 -0.7045 1.4481 0.0189 0.4324 0.2594 0.8634
1341847991.9158 -2.1091 -0.7090 1.4535 0.0196 0.4344 0.2618 0.8616
1341847991.9508 -2.1111 -0.7166 1.4560 0.0191 0.4359 0.2623 0.8607
1341847991.9828 -2.1150 -0.7217 1.4620 0.0176 0.4397 0.2601 0.8595
1341847992.0147 -2.1199 -0.7269 1.4672 0.0165 0.4439 0.2591 0.8576
1341847992.0506 -2.1287 -0.7291 1.4695 0.0168 0.4459 0.2593 0.8565
1341847992.0828 -2.1330 -0.7340 1.4771 0.0160 0.4475 0.2596 0.8556
1341847992.1148 -2.1374 -0.7393 1.4822 0.0149 0.4496 0.2591 0.8547
1341847992.1508 -2.1453 -0.7428 1.4892 0.0153 0.4525 0.2595 0.8530
1341847992.1828 -2.1538 -0.7464 1.4949 0.0158 0.4541 0.2601 0.8520
1341847992.2187 -2.1593 -0.7522 1.5027 0.0154 0.4558 0.2612 0.8508
1341847992.2507 -2.1659 -0.7554 1.5056 0.0152 0.4582 0.2611 0.8495
1341847992.3187 -2.1813 -0.7632 1.5174 0.0163 0.4648 0.2630 0.8453
1341847992.3507 -2.1925 -0.7659 1.5210 0.0175 0.4672 0.2647 0.8434
1341847992.3829 -2.2002 -0.7703 1.5276 0.0182 0.4696 0.2674 0.8412
1341847992.4189 -2.2052 -0.7768 1.5341 0.0186 0.4721 0.2697 0.8391
1341847992.4508 -2.2178 -0.7797 1.5387 0.0202 0.4747 0.2721 0.8368
1341847992.4867 -2.2258 -0.7843 1.5446 0.0208 0.4765 0.2756 0.8346
1341847992.5187 -2.2336 -0.7901 1.5510 0.0216 0.4782 0.2779 0.8329
1341847992.5506 -2.2443 -0.7954 1.5567 0.0219 0.4802 0.2784 0.8315
1341847992.5867 -2.2550 -0.7986 1.5614 0.0217 0.4817 0.2794 0.8303
1341847992.6188 -2.2645 -0.8025 1.5690 0.0209 0.4832 0.2808 0.8290
1341847992.6547 -2.2714 -0.8092 1.5757 0.0191 0.4842 0.2823 0.8280
1341847992.6868 -2.2781 -0.8157 1.5836 0.0181 0.4853 0.2830 0.8271
1341847992.7187 -2.2843 -0.8203 1.5909 0.0180 0.4873 0.2823 0.8261
1341847992.7548 -2.3001 -0.8198 1.5967 0.0209 0.4892 0.2836 0.8245
1341847992.7866 -2.3060 -0.8251 1.6028 0.0206 0.4891 0.2852 0.8240
1341847992.8187 -2.3103 -0.8303 1.6071 0.0192 0.4897 0.2845 0.8239
1341847992.8549 -2.3191 -0.8334 1.6116 0.0169 0.4917 0.2836 0.8231
1341847992.8866 -2.3234 -0.8354 1.6207 0.0157 0.4932 0.2856 0.8216
1341847992.9227 -2.3272 -0.8412 1.6259 0.0148 0.4936 0.2872 0.8208
1341847992.9546 -2.3316 -0.8450 1.6311 0.0135 0.4949 0.2870 0.8201
1341847992.9867 -2.3351 -0.8489 1.6389 0.0140 0.4970 0.2883 0.8183
1341847993.0227 -2.3416 -0.8524 1.6435 0.0143 0.4978 0.2889 0.8176
1341847993.0548 -2.3477 -0.8568 1.6502 0.0139 0.4989 0.2900 0.8166
1341847993.0868 -2.3539 -0.8596 1.6579 0.0130 0.5005 0.2901 0.8156
1341847993.1227 -2.3557 -0.8636 1.6675 0.0100 0.5020 0.2896 0.8149
1341847993.1547 -2.3563 -0.8688 1.6726 0.0081 0.5033 0.2901 0.8139
1341847993.1908 -2.3591 -0.8723 1.6822 0.0080 0.5064 0.2901 0.8120
1341847993.2227 -2.3658 -0.8745 1.6885 0.0114 0.5087 0.2917 0.8099
1341847993.2618 -2.3703 -0.8811 1.6968 0.0133 0.5098 0.2936 0.8085
1341847993.3228 -2.3724 -0.8963 1.7116 0.0149 0.5128 0.2956 0.8059
1341847993.3547 -2.3786 -0.9001 1.7195 0.0156 0.5151 0.2962 0.8041
1341847993.3907 -2.3800 -0.9050 1.7288 0.0150 0.5175 0.2967 0.8024
1341847993.4227 -2.3839 -0.9089 1.7381 0.0148 0.5205 0.2974 0.8003
1341847993.4588 -2.3858 -0.9128 1.7484 0.0161 0.5233 0.2988 0.7979
1341847993.4907 -2.3917 -0.9156 1.7589 0.0187 0.5254 0.3010 0.7956
1341847993.5227 -2.3968 -0.9219 1.7656 0.0197 0.5259 0.3043 0.7940
1341847993.5587 -2.3996 -0.9261 1.7737 0.0204 0.5260 0.3088 0.7922
1341847993.5910 -2.4051 -0.9296 1.7851 0.0198 0.5264 0.3108 0.7912
1341847993.6268 -2.4069 -0.9362 1.7949 0.0177 0.5264 0.3132 0.7903
1341847993.6589 -2.4149 -0.9394 1.8046 0.0150 0.5266 0.3152 0.7893
1341847993.6907 -2.4155 -0.9444 1.8157 0.0108 0.5262 0.3177 0.7887
1341847993.7271 -2.4112 -0.9509 1.8268 0.0069 0.5278 0.3170 0.7880
1341847993.7909 -2.4158 -0.9613 1.8406 0.0041 0.5329 0.3170 0.7845
1341847993.8267 -2.4185 -0.9666 1.8491 0.0040 0.5332 0.3177 0.7840
1341847993.8589 -2.4223 -0.9724 1.8581 0.0022 0.5341 0.3173 0.7836
1341847993.9017 -2.4220 -0.9754 1.8666 -0.0002 0.5352 0.3172 0.7829
1341847993.9337 -2.4236 -0.9836 1.8757 0.0006 0.5372 0.3176 0.7814
1341847993.9658 -2.4290 -0.9908 1.8812 -0.0016 0.5382 0.3164 0.7812
1341847994.0020 -2.4250 -0.9956 1.8892 -0.0050 0.5412 0.3153 0.7795
1341847994.0340 -2.4210 -1.0041 1.8927 -0.0041 0.5435 0.3163 0.7776
1341847994.0657 -2.4310 -1.0111 1.8986 -0.0018 0.5462 0.3158 0.7758
1341847994.1018 -2.4301 -1.0152 1.9059 -0.0020 0.5481 0.3164 0.7743
1341847994.1339 -2.4276 -1.0229 1.9116 -0.0007 0.5503 0.3164 0.7727
1341847994.1697 -2.4340 -1.0286 1.9160 0.0021 0.5527 0.3161 0.7711
1341847994.2017 -2.4376 -1.0329 1.9218 0.0035 0.5542 0.3182 0.7692
1341847994.2336 -2.4377 -1.0398 1.9299 0.0077 0.5560 0.3206 0.7668
1341847994.2697 -2.4452 -1.0470 1.9337 0.0106 0.5583 0.3200 0.7654
1341847994.3018 -2.4501 -1.0528 1.9394 0.0101 0.5603 0.3206 0.7636
1341847994.3338 -2.4478 -1.0603 1.9466 0.0116 0.5625 0.3218 0.7615
1341847994.3697 -2.4587 -1.0674 1.9553 0.0136 0.5653 0.3204 0.7600
1341847994.4017 -2.4641 -1.0727 1.9607 0.0160 0.5667 0.3217 0.7584
1341847994.4338 -2.4687 -1.0811 1.9734 0.0189 0.5690 0.3231 0.7560
1341847994.4697 -2.4773 -1.0879 1.9825 0.0214 0.5701 0.3238 0.7548
1341847994.5017 -2.4817 -1.0934 1.9916 0.0222 0.5711 0.3250 0.7535
1341847994.5377 -2.4851 -1.1020 2.0006 0.0236 0.5725 0.3270 0.7515
1341847994.5697 -2.4947 -1.1079 2.0104 0.0250 0.5740 0.3281 0.7498
1341847994.6017 -2.5020 -1.1112 2.0196 0.0247 0.5752 0.3304 0.7479
1341847994.6378 -2.5031 -1.1180 2.0307 0.0232 0.5765 0.3326 0.7460
1341847994.6697 -2.5095 -1.1247 2.0402 0.0236 0.5777 0.3335 0.7446
1341847994.7016 -2.5185 -1.1282 2.0481 0.0218 0.5785 0.3347 0.7436
1341847994.7698 -2.5191 -1.1394 2.0688 0.0198 0.5828 0.3361 0.7396
1341847994.8313 -2.5407 -1.1446 2.0876 0.0151 0.5874 0.3407 0.7339
1341847994.8668 -2.5382 -1.1492 2.0977 0.0134 0.5869 0.3447 0.7324
1341847994.8987 -2.5436 -1.1545 2.1045 0.0123 0.5872 0.3459 0.7317
1341847994.9307 -2.5480 -1.1569 2.1135 0.0091 0.5887 0.3459 0.7305
1341847994.9667 -2.5463 -1.1616 2.1214 0.0072 0.5909 0.3472 0.7282
1341847994.9987 -2.5490 -1.1651 2.1291 0.0089 0.5934 0.3487 0.7254
1341847995.0308 -2.5515 -1.1693 2.1343 0.0088 0.5955 0.3516 0.7223
1341847995.0667 -2.5500 -1.1731 2.1421 0.0089 0.5978 0.3536 0.7193
1341847995.0987 -2.5524 -1.1761 2.1494 0.0112 0.6014 0.3541 0.7161
1341847995.1349 -2.5572 -1.1816 2.1559 0.0110 0.6051 0.3552 0.7125
1341847995.1666 -2.5555 -1.1859 2.1631 0.0117 0.6075 0.3563 0.7098
1341847995.1988 -2.5584 -1.1902 2.1698 0.0138 0.6104 0.3561 0.7074
1341847995.2347 -2.5617 -1.1945 2.1757 0.0135 0.6124 0.3565 0.7055
1341847995.2668 -2.5612 -1.1982 2.1825 0.0138 0.6137 0.3576 0.7038
1341847995.2988 -2.5616 -1.2051 2.1875 0.0170 0.6160 0.3593 0.7009
1341847995.3347 -2.5659 -1.2089 2.1914 0.0168 0.6172 0.3595 0.6997
1341847995.3667 -2.5642 -1.2133 2.1996 0.0158 0.6191 0.3606 0.6974
1341847995.4028 -2.5645 -1.2180 2.2065 0.0153 0.6206 0.3601 0.6964
1341847995.4347 -2.5678 -1.2237 2.2133 0.0148 0.6216 0.3611 0.6949
1341847995.4668 -2.5654 -1.2282 2.2208 0.0140 0.6230 0.3616 0.6935
1341847995.5027 -2.5670 -1.2328 2.2312 0.0148 0.6244 0.3610 0.6925
1341847995.5348 -2.5727 -1.2381 2.2428 0.0182 0.6242 0.3628 0.6917
1341847995.5667 -2.5744 -1.2422 2.2479 0.0211 0.6226 0.3673 0.6906
1341847995.6027 -2.5768 -1.2464 2.2579 0.0226 0.6212 0.3720 0.6893
1341847995.6348 -2.5723 -1.2480 2.2649 0.0217 0.6202 0.3747 0.6888
1341847995.6708 -2.5711 -1.2506 2.2731 0.0193 0.6207 0.3766 0.6874
1341847995.7028 -2.5698 -1.2532 2.2793 0.0173 0.6214 0.3797 0.6852
1341847995.7348 -2.5637 -1.2565 2.2881 0.0168 0.6216 0.3824 0.6834
1341847995.7707 -2.5650 -1.2604 2.2943 0.0168 0.6220 0.3830 0.6827
1341847995.8028 -2.5636 -1.2615 2.3003 0.0164 0.6231 0.3842 0.6811
1341847995.8388 -2.5643 -1.2653 2.3061 0.0165 0.6239 0.3846 0.6802
1341847995.8706 -2.5656 -1.2688 2.3117 0.0168 0.6246 0.3844 0.6796
1341847995.9028 -2.5627 -1.2684 2.3132 0.0150 0.6259 0.3840 0.6787
1341847995.9387 -2.5631 -1.2714 2.3169 0.0145 0.6272 0.3847 0.6770
1341847995.9707 -2.5626 -1.2742 2.3232 0.0151 0.6295 0.3847 0.6749
1341847996.0027 -2.5684 -1.2792 2.3276 0.0131 0.6320 0.3843 0.6729
1341847996.0388 -2.5588 -1.2782 2.3294 0.0130 0.6335 0.3855 0.6707
1341847996.0707 -2.5630 -1.2843 2.3331 0.0155 0.6361 0.3853 0.6683
1341847996.1067 -2.5662 -1.2875 2.3357 0.0152 0.6378 0.3843 0.6672
1341847996.1388 -2.5667 -1.2894 2.3384 0.0148 0.6396 0.3846 0.6654
1341847996.1707 -2.5696 -1.2940 2.3412 0.0166 0.6436 0.3832 0.6623
1341847996.2066 -2.5736 -1.2960 2.3467 0.0165 0.6464 0.3814 0.6607
1341847996.2390 -2.5758 -1.2979 2.3496 0.0151 0.6483 0.3812 0.6589
1341847996.2708 -2.5737 -1.2995 2.3526 0.0161 0.6496 0.3836 0.6563
1341847996.3389 -2.5776 -1.3035 2.3592 0.0176 0.6520 0.3857 0.6525
1341847996.3747 -2.5789 -1.3063 2.3624 0.0169 0.6540 0.3864 0.6502
1341847996.4067 -2.5801 -1.3093 2.3673 0.0177 0.6560 0.3875 0.6475
1341847996.4386 -2.5851 -1.3111 2.3722 0.0194 0.6580 0.3887 0.6447
1341847996.4748 -2.5844 -1.3151 2.3774 0.0193 0.6594 0.3904 0.6422
1341847996.5067 -2.5796 -1.3179 2.3796 0.0215 0.6605 0.3913 0.6404
1341847996.5388 -2.5891 -1.3219 2.3864 0.0234 0.6627 0.3910 0.6383
1341847996.5748 -2.5938 -1.3262 2.3930 0.0213 0.6631 0.3923 0.6371
1341847996.6071 -2.5934 -1.3298 2.3973 0.0213 0.6638 0.3933 0.6358
1341847996.6428 -2.6011 -1.3307 2.4072 0.0216 0.6648 0.3948 0.6338
1341847996.6748 -2.6037 -1.3319 2.4164 0.0182 0.6648 0.3968 0.6327
1341847996.7069 -2.5986 -1.3338 2.4176 0.0158 0.6664 0.3978 0.6304
1341847996.7427 -2.6103 -1.3353 2.4286 0.0118 0.6701 0.3972 0.6269
1341847996.7747 -2.6054 -1.3367 2.4361 0.0076 0.6722 0.3988 0.6238
1341847996.8068 -2.6070 -1.3408 2.4439 0.0082 0.6739 0.4014 0.6202
1341847996.8428 -2.6093 -1.3446 2.4501 0.0085 0.6752 0.4033 0.6176
1341847996.8748 -2.6116 -1.3462 2.4614 0.0098 0.6755 0.4059 0.6155
1341847996.9108 -2.6094 -1.3547 2.4629 0.0104 0.6752 0.4070 0.6151
1341847996.9427 -2.6187 -1.3609 2.4728 0.0129 0.6756 0.4080 0.6140
1341847996.9748 -2.6178 -1.3642 2.4842 0.0150 0.6766 0.4076 0.6131
1341847997.0107 -2.6232 -1.3711 2.4954 0.0169 0.6779 0.4069 0.6120
1341847997.0427 -2.6280 -1.3763 2.5043 0.0181 0.6783 0.4072 0.6114
1341847997.0787 -2.6284 -1.3819 2.5132 0.0192 0.6785 0.4070 0.6112
1341847997.1430 -2.6384 -1.3964 2.5363 0.0179 0.6800 0.4050 0.6110
1341847997.1788 -2.6396 -1.4030 2.5461 0.0181 0.6800 0.4040 0.6116
1341847997.2109 -2.6398 -1.4060 2.5515 0.0176 0.6798 0.4030 0.6125
1341847997.2430 -2.6513 -1.4138 2.5666 0.0164 0.6807 0.4019 0.6123
1341847997.2788 -2.6470 -1.4160 2.5743 0.0155 0.6807 0.4024 0.6119
1341847997.3114 -2.6450 -1.4225 2.5785 0.0141 0.6802 0.4035 0.6117
1341847997.3466 -2.6400 -1.4264 2.5831 0.0130 0.6814 0.4034 0.6106
1341847997.3787 -2.6485 -1.4317 2.5970 0.0136 0.6848 0.4015 0.6080
1341847997.4108 -2.6500 -1.4386 2.6060 0.0135 0.6868 0.4019 0.6055
1341847997.4467 -2.6388 -1.4441 2.6063 0.0139 0.6878 0.4019 0.6043
1341847997.4788 -2.6441 -1.4516 2.6108 0.0152 0.6909 0.4006 0.6016
1341847997.5109 -2.6406 -1.4569 2.6178 0.0142 0.6932 0.4011 0.5987
1341847997.5466 -2.6368 -1.4632 2.6279 0.0132 0.6954 0.4002 0.5967
1341847997.5787 -2.6411 -1.4673 2.6427 0.0143 0.6991 0.3978 0.5940
1341847997.6147 -2.6430 -1.4748 2.6522 0.0129 0.7017 0.3968 0.5916
1341847997.6470 -2.6327 -1.4824 2.6559 0.0124 0.7040 0.3960 0.5894
1341847997.6788 -2.6339 -1.4889 2.6687 0.0150 0.7051 0.3956 0.5883
1341847997.7146 -2.6291 -1.4948 2.6764 0.0163 0.7069 0.3934 0.5876
1341847997.7466 -2.6197 -1.5024 2.6797 0.0164 0.7083 0.3934 0.5860
1341847997.7787 -2.6198 -1.5072 2.7003 0.0180 0.7124 0.3900 0.5831
1341847997.8469 -2.6146 -1.5241 2.7176 0.0218 0.7142 0.3912 0.5801
1341847997.8826 -2.6113 -1.5319 2.7278 0.0225 0.7152 0.3933 0.5773
1341847997.9152 -2.6082 -1.5408 2.7378 0.0232 0.7157 0.3951 0.5754
1341847997.9470 -2.6014 -1.5466 2.7462 0.0252 0.7156 0.3981 0.5734
1341847997.9827 -2.5942 -1.5518 2.7553 0.0265 0.7154 0.4004 0.5721
1341847998.0149 -2.5907 -1.5597 2.7664 0.0278 0.7161 0.4011 0.5705
1341847998.0508 -2.5870 -1.5651 2.7773 0.0294 0.7167 0.4018 0.5693
1341847998.0826 -2.5825 -1.5724 2.7893 0.0308 0.7162 0.4028 0.5691
1341847998.1223 -2.5789 -1.5786 2.7959 0.0325 0.7137 0.4056 0.5701
1341847998.1541 -2.5795 -1.5853 2.8079 0.0317 0.7133 0.4062 0.5703
1341847998.1857 -2.5709 -1.5893 2.8164 0.0296 0.7128 0.4057 0.5713
1341847998.2538 -2.5618 -1.5999 2.8308 0.0265 0.7123 0.4050 0.5727
1341847998.3188 -2.5535 -1.6134 2.8484 0.0264 0.7110 0.4038 0.5751
1341847998.3512 -2.5498 -1.6169 2.8582 0.0253 0.7106 0.4032 0.5761
1341847998.3827 -2.5464 -1.6270 2.8714 0.0235 0.7088 0.4037 0.5780
1341847998.4192 -2.5426 -1.6265 2.8821 0.0222 0.7086 0.4016 0.5797
1341847998.4508 -2.5392 -1.6332 2.8887 0.0185 0.7078 0.4009 0.5813
1341847998.4840 -2.5331 -1.6377 2.8984 0.0172 0.7062 0.4012 0.5832
1341847998.5187 -2.5334 -1.6439 2.9128 0.0150 0.7056 0.4003 0.5845
1341847998.5507 -2.5272 -1.6478 2.9206 0.0119 0.7048 0.3995 0.5860
1341847998.5867 -2.5243 -1.6533 2.9330 0.0105 0.7050 0.3989 0.5863
1341847998.6188 -2.5249 -1.6623 2.9470 0.0091 0.7046 0.3987 0.5869
1341847998.6507 -2.5235 -1.6636 2.9577 0.0071 0.7047 0.3983 0.5871
1341847998.6869 -2.5200 -1.6709 2.9705 0.0043 0.7053 0.3990 0.5860
1341847998.7187 -2.5171 -1.6791 2.9808 0.0049 0.7053 0.3998 0.5854
1341847998.7508 -2.5169 -1.6845 2.9897 0.0052 0.7049 0.4000 0.5858
1341847998.7868 -2.5162 -1.6859 3.0084 0.0059 0.7053 0.4012 0.5844
1341847998.8188 -2.5154 -1.6909 3.0178 0.0057 0.7066 0.4011 0.5829
1341847998.8547 -2.5159 -1.6975 3.0293 0.0038 0.7080 0.4004 0.5817
1341847998.8867 -2.5131 -1.7044 3.0407 0.0034 0.7077 0.4023 0.5808
1341847998.9187 -2.5149 -1.7092 3.0527 0.0046 0.7064 0.4052 0.5803
1341847998.9548 -2.5161 -1.7139 3.0691 0.0046 0.7059 0.4083 0.5788
1341847998.9867 -2.5069 -1.7152 3.0732 0.0032 0.7040 0.4107 0.5794
1341847999.0188 -2.5104 -1.7206 3.0923 0.0035 0.7046 0.4113 0.5782
1341847999.0549 -2.5105 -1.7242 3.1039 0.0034 0.7052 0.4126 0.5766
1341847999.0868 -2.5062 -1.7295 3.1095 0.0008 0.7036 0.4145 0.5772
1341847999.1227 -2.5050 -1.7321 3.1240 0.0001 0.7028 0.4164 0.5767
1341847999.1549 -2.5038 -1.7367 3.1250 -0.0020 0.7033 0.4170 0.5758
1341847999.1867 -2.5001 -1.7402 3.1335 -0.0023 0.7054 0.4180 0.5724
1341847999.2227 -2.4942 -1.7401 3.1445 -0.0012 0.7086 0.4169 0.5692
1341847999.2910 -2.4901 -1.7510 3.1604 0.0026 0.7161 0.4159 0.5606
1341847999.3227 -2.4868 -1.7609 3.1728 0.0077 0.7179 0.4188 0.5560
1341847999.3549 -2.4848 -1.7637 3.1728 0.0124 0.7175 0.4208 0.5550
1341847999.3908 -2.4844 -1.7666 3.1788 0.0147 0.7195 0.4211 0.5520
1341847999.4239 -2.4775 -1.7679 3.1852 0.0153 0.7226 0.4213 0.5479
1341847999.4549 -2.4749 -1.7722 3.1843 0.0167 0.7248 0.4212 0.5449
1341847999.4909 -2.4747 -1.7741 3.1948 0.0179 0.7290 0.4201 0.5402
1341847999.5227 -2.4691 -1.7800 3.1958 0.0202 0.7322 0.4243 0.5324
1341847999.5589 -2.4627 -1.7865 3.2027 0.0252 0.7346 0.4284 0.5256
1341847999.5907 -2.4607 -1.7873 3.2082 0.0269 0.7364 0.4289 0.5225
1341847999.6229 -2.4546 -1.7880 3.2138 0.0260 0.7395 0.4295 0.5178
1341847999.6588 -2.4435 -1.7912 3.2163 0.0273 0.7418 0.4317 0.5126
1341847999.6911 -2.4395 -1.7941 3.2251 0.0289 0.7446 0.4314 0.5085
1341847999.7227 -2.4322 -1.7941 3.2311 0.0281 0.7464 0.4322 0.5053
1341847999.7588 -2.4198 -1.7947 3.2327 0.0291 0.7479 0.4337 0.5017
1341847999.7910 -2.4134 -1.7999 3.2365 0.0313 0.7507 0.4338 0.4973
1341847999.8267 -2.4071 -1.8016 3.2427 0.0318 0.7526 0.4347 0.4936
1341847999.8588 -2.3982 -1.7990 3.2490 0.0338 0.7549 0.4376 0.4874
1341847999.8977 -2.3919 -1.8026 3.2558 0.0350 0.7565 0.4418 0.4809
1341847999.9588 -2.3753 -1.8010 3.2654 0.0351 0.7582 0.4501 0.4703
1341847999.9908 -2.3660 -1.7993 3.2619 0.0355 0.7576 0.4561 0.4656
1341848000.0267 -2.3565 -1.8008 3.2637 0.0358 0.7580 0.4595 0.4615
1341848000.0587 -2.3510 -1.7992 3.2695 0.0342 0.7590 0.4618 0.4577
1341848000.0948 -2.3404 -1.7954 3.2731 0.0323 0.7597 0.4656 0.4528
1341848000.1267 -2.3332 -1.7951 3.2722 0.0302 0.7604 0.4693 0.4479
1341848000.1586 -2.3268 -1.7957 3.2754 0.0269 0.7616 0.4721 0.4431
1341848000.1948 -2.3166 -1.7956 3.2767 0.0245 0.7621 0.4752 0.4391
1341848000.2271 -2.3097 -1.7954 3.2766 0.0241 0.7621 0.4784 0.4355
1341848000.2670 -2.2998 -1.7941 3.2756 0.0223 0.7621 0.4812 0.4326
1341848000.3271 -2.2877 -1.7960 3.2826 0.0205 0.7636 0.4856 0.4252
1341848000.3627 -2.2783 -1.7920 3.2858 0.0200 0.7630 0.4883 0.4231
1341848000.3947 -2.2682 -1.7896 3.2819 0.0199 0.7627 0.4908 0.4208
1341848000.4268 -2.2627 -1.7899 3.2850 0.0200 0.7633 0.4921 0.4180
1341848000.4627 -2.2546 -1.7863 3.2897 0.0186 0.7639 0.4929 0.4161
1341848000.4947 -2.2449 -1.7837 3.2885 0.0174 0.7650 0.4933 0.4138
1341848000.5308 -2.2378 -1.7853 3.2888 0.0176 0.7661 0.4937 0.4111
1341848000.5628 -2.2286 -1.7845 3.2874 0.0180 0.7664 0.4939 0.4103
1341848000.5948 -2.2186 -1.7826 3.2868 0.0187 0.7682 0.4941 0.4067
1341848000.6306 -2.2132 -1.7840 3.2899 0.0191 0.7704 0.4928 0.4041
1341848000.6627 -2.2024 -1.7851 3.2897 0.0196 0.7724 0.4924 0.4007
1341848000.6954 -2.1961 -1.7851 3.2951 0.0209 0.7755 0.4912 0.3961
1341848000.7308 -2.1864 -1.7846 3.2984 0.0221 0.7773 0.4915 0.3920
1341848000.7627 -2.1779 -1.7876 3.2955 0.0232 0.7785 0.4918 0.3892
1341848000.7987 -2.1692 -1.7903 3.3015 0.0264 0.7809 0.4917 0.3845
1341848000.8307 -2.1579 -1.7909 3.3014 0.0288 0.7820 0.4922 0.3813
1341848000.8628 -2.1488 -1.7939 3.3014 0.0297 0.7841 0.4914 0.3779
1341848000.8987 -2.1401 -1.7972 3.3061 0.0313 0.7859 0.4920 0.3732
1341848000.9307 -2.1305 -1.7991 3.3098 0.0333 0.7863 0.4931 0.3708
1341848000.9632 -2.1211 -1.8001 3.3081 0.0340 0.7863 0.4940 0.3694
1341848000.9988 -2.1095 -1.8011 3.3128 0.0340 0.7880 0.4934 0.3667
1341848001.0307 -2.1003 -1.8038 3.3168 0.0351 0.7889 0.4937 0.3642
1341848001.0670 -2.0915 -1.8048 3.3201 0.0366 0.7892 0.4945 0.3623
1341848001.0988 -2.0799 -1.8043 3.3239 0.0385 0.7899 0.4952 0.3596
1341848001.1307 -2.0702 -1.8047 3.3260 0.0394 0.7907 0.4956 0.3571
1341848001.2060 -2.0480 -1.8059 3.3289 0.0377 0.7931 0.4958 0.3519
1341848001.2668 -2.0291 -1.8030 3.3318 0.0311 0.7962 0.4942 0.3476
1341848001.2991 -2.0188 -1.7996 3.3374 0.0295 0.7989 0.4929 0.3434
1341848001.3348 -2.0112 -1.7988 3.3388 0.0280 0.8008 0.4931 0.3388
1341848001.3667 -1.9995 -1.7962 3.3405 0.0246 0.8032 0.4926 0.3339
1341848001.3993 -1.9918 -1.7944 3.3365 0.0221 0.8043 0.4933 0.3305
1341848001.4347 -1.9822 -1.7914 3.3385 0.0224 0.8066 0.4938 0.3240
1341848001.4667 -1.9729 -1.7906 3.3393 0.0201 0.8088 0.4943 0.3178
1341848001.5027 -1.9657 -1.7859 3.3373 0.0164 0.8105 0.4950 0.3128
1341848001.5349 -1.9553 -1.7825 3.3334 0.0153 0.8124 0.4955 0.3070
1341848001.5670 -1.9472 -1.7814 3.3380 0.0148 0.8169 0.4931 0.2988
1341848001.6029 -1.9408 -1.7802 3.3365 0.0118 0.8192 0.4939 0.2911
1341848001.6347 -1.9311 -1.7739 3.3317 0.0117 0.8208 0.4951 0.2847
1341848001.6666 -1.9227 -1.7739 3.3287 0.0125 0.8230 0.4944 0.2796
1341848001.7349 -1.9049 -1.7674 3.3310 0.0110 0.8268 0.4938 0.2692
1341848001.7707 -1.8931 -1.7657 3.3237 0.0124 0.8284 0.4935 0.2646
1341848001.8028 -1.8876 -1.7683 3.3214 0.0129 0.8299 0.4936 0.2598
1341848001.8348 -1.8785 -1.7657 3.3215 0.0113 0.8308 0.4955 0.2532
1341848001.8707 -1.8656 -1.7610 3.3189 0.0127 0.8322 0.4959 0.2478
1341848001.9027 -1.8601 -1.7664 3.3173 0.0106 0.8332 0.4959 0.2446
1341848001.9347 -1.8535 -1.7636 3.3170 0.0114 0.8332 0.4983 0.2395
1341848001.9707 -1.8416 -1.7599 3.3160 0.0152 0.8341 0.4989 0.2349
1341848002.0027 -1.8363 -1.7618 3.3118 0.0169 0.8344 0.4998 0.2317
1341848002.0389 -1.8254 -1.7597 3.3087 0.0183 0.8343 0.5022 0.2267
1341848002.0708 -1.8138 -1.7571 3.3048 0.0201 0.8354 0.5029 0.2210
1341848002.1027 -1.8059 -1.7562 3.3051 0.0220 0.8365 0.5025 0.2175
1341848002.1387 -1.7956 -1.7556 3.3001 0.0203 0.8365 0.5032 0.2159
1341848002.1718 -1.7887 -1.7527 3.2976 0.0205 0.8370 0.5044 0.2113
1341848002.2027 -1.7796 -1.7508 3.2973 0.0221 0.8378 0.5049 0.2066
1341848002.2387 -1.7689 -1.7492 3.2935 0.0211 0.8380 0.5058 0.2037
1341848002.2708 -1.7614 -1.7481 3.2925 0.0179 0.8386 0.5063 0.2002
1341848002.3067 -1.7551 -1.7441 3.2931 0.0163 0.8389 0.5069 0.1975
1341848002.3389 -1.7448 -1.7398 3.2883 0.0146 0.8382 0.5098 0.1932
1341848002.3708 -1.7383 -1.7350 3.2918 0.0139 0.8390 0.5107 0.1873
1341848002.4068 -1.7275 -1.7284 3.2868 0.0142 0.8382 0.5132 0.1839
1341848002.4388 -1.7190 -1.7281 3.2844 0.0126 0.8388 0.5132 0.1812
1341848002.4747 -1.7130 -1.7237 3.2870 0.0116 0.8389 0.5144 0.1776
1341848002.5068 -1.7069 -1.7172 3.2810 0.0115 0.8376 0.5165 0.1776
1341848002.5388 -1.7033 -1.7184 3.2781 0.0099 0.8372 0.5180 0.1753
1341848002.5747 -1.6941 -1.7131 3.2856 0.0081 0.8377 0.5188 0.1704
1341848002.6068 -1.6815 -1.7054 3.2820 0.0062 0.8367 0.5213 0.1680
1341848002.6394 -1.6759 -1.7028 3.2807 0.0039 0.8367 0.5215 0.1672
1341848002.6747 -1.6700 -1.7003 3.2851 0.0020 0.8359 0.5234 0.1653
1341848002.7138 -1.6567 -1.6895 3.2852 0.0010 0.8350 0.5250 0.1645
1341848002.7748 -1.6449 -1.6856 3.2866 -0.0023 0.8328 0.5290 0.1630
1341848002.8068 -1.6328 -1.6775 3.2836 -0.0009 0.8320 0.5309 0.1608
1341848002.8428 -1.6234 -1.6758 3.2853 0.0010 0.8328 0.5298 0.1606
1341848002.8752 -1.6160 -1.6743 3.2888 0.0021 0.8335 0.5283 0.1620
1341848002.9067 -1.6029 -1.6697 3.2899 0.0029 0.8343 0.5272 0.1614
1341848002.9433 -1.5944 -1.6729 3.2908 0.0037 0.8340 0.5263 0.1655
1341848002.9746 -1.5880 -1.6704 3.2918 0.0036 0.8338 0.5247 0.1714
1341848003.0109 -1.5791 -1.6667 3.2915 0.0035 0.8344 0.5234 0.1727
1341848003.0426 -1.5700 -1.6685 3.2906 0.0044 0.8353 0.5217 0.1736
1341848003.0750 -1.5639 -1.6719 3.2980 0.0038 0.8361 0.5194 0.1766
1341848003.1106 -1.5528 -1.6672 3.2962 0.0019 0.8353 0.5201 0.1783
1341848003.1426 -1.5439 -1.6651 3.2940 -0.0002 0.8358 0.5190 0.1789
1341848003.2429 -1.5181 -1.6616 3.2983 -0.0089 0.8376 0.5162 0.1784
1341848003.2789 -1.5094 -1.6588 3.2985 -0.0100 0.8374 0.5158 0.1804
1341848003.3107 -1.4997 -1.6550 3.2987 -0.0137 0.8378 0.5146 0.1818
1341848003.3427 -1.4912 -1.6522 3.2996 -0.0154 0.8382 0.5132 0.1838
1341848003.3790 -1.4824 -1.6513 3.3004 -0.0183 0.8389 0.5106 0.1875
1341848003.4108 -1.4769 -1.6549 3.3039 -0.0199 0.8383 0.5096 0.1926
1341848003.4427 -1.4676 -1.6533 3.3060 -0.0197 0.8376 0.5091 0.1974
1341848003.4787 -1.4554 -1.6529 3.3075 -0.0192 0.8367 0.5086 0.2022
1341848003.5107 -1.4518 -1.6432 3.3067 -0.0191 0.8352 0.5061 0.2146
1341848003.5469 -1.4414 -1.6417 3.3073 -0.0217 0.8339 0.5061 0.2192
1341848003.5787 -1.4326 -1.6394 3.3078 -0.0199 0.8331 0.5057 0.2230
1341848003.6179 -1.4242 -1.6390 3.3053 -0.0191 0.8314 0.5051 0.2308
1341848003.6500 -1.4149 -1.6351 3.3064 -0.0189 0.8309 0.5033 0.2366
1341848003.6858 -1.4068 -1.6348 3.3033 -0.0192 0.8299 0.5024 0.2418
1341848003.7179 -1.4003 -1.6323 3.3025 -0.0212 0.8297 0.4994 0.2484
1341848003.7538 -1.3954 -1.6282 3.3030 -0.0228 0.8288 0.4974 0.2552
1341848003.7858 -1.3908 -1.6221 3.2991 -0.0206 0.8273 0.4967 0.2617
1341848003.8179 -1.3999 -1.6123 3.2952 -0.0162 0.8251 0.4933 0.2749
1341848003.8540 -1.3927 -1.6068 3.2931 -0.0171 0.8241 0.4929 0.2785
1341848003.8858 -1.3832 -1.6041 3.2887 -0.0193 0.8233 0.4927 0.2811
1341848003.9217 -1.3743 -1.6032 3.2862 -0.0196 0.8219 0.4923 0.2860
1341848003.9538 -1.3702 -1.5960 3.2845 -0.0189 0.8205 0.4911 0.2919
1341848003.9858 -1.3607 -1.5930 3.2791 -0.0187 0.8190 0.4929 0.2931
1341848004.0216 -1.3502 -1.5885 3.2750 -0.0177 0.8183 0.4916 0.2973
1341848004.0538 -1.3454 -1.5832 3.2749 -0.0178 0.8181 0.4899 0.3007
1341848004.0897 -1.3335 -1.5791 3.2690 -0.0180 0.8164 0.4922 0.3017
1341848004.1217 -1.3270 -1.5707 3.2636 -0.0163 0.8153 0.4902 0.3079
1341848004.1537 -1.3192 -1.5645 3.2628 -0.0162 0.8148 0.4885 0.3119
1341848004.1898 -1.3097 -1.5631 3.2587 -0.0144 0.8125 0.4901 0.3152
1341848004.2218 -1.3019 -1.5571 3.2570 -0.0147 0.8112 0.4893 0.3199
1341848004.2578 -1.2929 -1.5511 3.2510 -0.0166 0.8090 0.4895 0.3251
1341848004.2898 -1.2830 -1.5482 3.2519 -0.0181 0.8083 0.4880 0.3288
1341848004.3218 -1.2721 -1.5468 3.2514 -0.0196 0.8056 0.4885 0.3347
1341848004.3579 -1.2653 -1.5402 3.2490 -0.0198 0.8030 0.4876 0.3420
1341848004.3898 -1.2570 -1.5354 3.2487 -0.0224 0.8010 0.4869 0.3475
1341848004.4219 -1.2467 -1.5305 3.2470 -0.0254 0.7986 0.4866 0.3534
1341848004.4578 -1.2390 -1.5263 3.2494 -0.0275 0.7971 0.4845 0.3592
1341848004.4898 -1.2316 -1.5222 3.2481 -0.0296 0.7940 0.4851 0.3652
1341848004.5257 -1.2236 -1.5203 3.2490 -0.0315 0.7912 0.4862 0.3696
1341848004.5578 -1.2168 -1.5160 3.2493 -0.0312 0.7881 0.4874 0.3746
1341848004.5898 -1.2107 -1.5112 3.2506 -0.0331 0.7855 0.4888 0.3781
1341848004.6258 -1.2026 -1.5049 3.2478 -0.0345 0.7825 0.4901 0.3826
1341848004.6579 -1.1994 -1.5018 3.2522 -0.0364 0.7813 0.4886 0.3867
1341848004.6899 -1.1919 -1.4980 3.2513 -0.0384 0.7774 0.4924 0.3895
1341848004.7258 -1.1844 -1.4916 3.2510 -0.0381 0.7752 0.4930 0.3931
1341848004.7577 -1.1820 -1.4889 3.2511 -0.0399 0.7728 0.4925 0.3983
1341848004.7897 -1.1763 -1.4857 3.2521 -0.0426 0.7706 0.4938 0.4007
1341848004.8258 -1.1699 -1.4837 3.2518 -0.0416 0.7682 0.4953 0.4034
1341848004.8577 -1.1692 -1.4812 3.2549 -0.0418 0.7668 0.4940 0.4077
1341848004.8898 -1.1640 -1.4785 3.2520 -0.0425 0.7639 0.4965 0.4101
1341848004.9258 -1.1604 -1.4789 3.2560 -0.0436 0.7630 0.4957 0.4125
1341848004.9578 -1.1558 -1.4771 3.2574 -0.0435 0.7613 0.4963 0.4150
1341848004.9938 -1.1544 -1.4746 3.2563 -0.0431 0.7585 0.4967 0.4195
1341848005.0257 -1.1514 -1.4716 3.2596 -0.0437 0.7585 0.4952 0.4213
1341848005.0577 -1.1484 -1.4728 3.2596 -0.0466 0.7569 0.4933 0.4260
1341848005.0939 -1.1484 -1.4722 3.2625 -0.0464 0.7561 0.4919 0.4292
1341848005.1257 -1.1419 -1.4717 3.2626 -0.0463 0.7535 0.4946 0.4306
1341848005.1577 -1.1386 -1.4728 3.2625 -0.0443 0.7514 0.4951 0.4341
1341848005.1937 -1.1393 -1.4703 3.2629 -0.0428 0.7498 0.4937 0.4385
1341848005.2257 -1.1377 -1.4690 3.2653 -0.0438 0.7491 0.4917 0.4417
1341848005.2577 -1.1322 -1.4723 3.2675 -0.0456 0.7481 0.4910 0.4440
1341848005.2937 -1.1311 -1.4692 3.2701 -0.0444 0.7468 0.4885 0.4491
1341848005.3259 -1.1283 -1.4671 3.2728 -0.0458 0.7455 0.4879 0.4517
1341848005.3577 -1.1231 -1.4731 3.2768 -0.0486 0.7449 0.4867 0.4538
1341848005.3937 -1.1195 -1.4699 3.2763 -0.0446 0.7418 0.4869 0.4591
1341848005.4257 -1.1187 -1.4680 3.2827 -0.0452 0.7415 0.4843 0.4621
1341848005.4618 -1.1141 -1.4681 3.2815 -0.0459 0.7390 0.4851 0.4652
1341848005.4937 -1.1122 -1.4677 3.2831 -0.0442 0.7370 0.4849 0.4688
1341848005.5258 -1.1100 -1.4668 3.2889 -0.0459 0.7363 0.4829 0.4718
1341848005.5618 -1.1049 -1.4692 3.2884 -0.0472 0.7340 0.4832 0.4749
1341848005.5937 -1.1024 -1.4692 3.2909 -0.0473 0.7327 0.4819 0.4783
1341848005.6298 -1.0982 -1.4696 3.2915 -0.0478 0.7308 0.4814 0.4815
1341848005.6618 -1.0954 -1.4703 3.2940 -0.0481 0.7299 0.4799 0.4844
1341848005.6938 -1.0910 -1.4717 3.2949 -0.0474 0.7281 0.4790 0.4881
1341848005.7297 -1.0893 -1.4709 3.2945 -0.0454 0.7264 0.4773 0.4924
1341848005.7617 -1.0869 -1.4729 3.2970 -0.0463 0.7261 0.4750 0.4949
1341848005.7979 -1.0810 -1.4769 3.2990 -0.0453 0.7248 0.4743 0.4977
1341848005.8299 -1.0803 -1.4762 3.3023 -0.0429 0.7234 0.4722 0.5019
1341848005.8617 -1.0786 -1.4765 3.3034 -0.0425 0.7218 0.4716 0.5047
1341848005.8978 -1.0749 -1.4807 3.3046 -0.0428 0.7207 0.4702 0.5076
1341848005.9297 -1.0744 -1.4810 3.3091 -0.0401 0.7200 0.4677 0.5111
1341848005.9657 -1.0718 -1.4801 3.3109 -0.0404 0.7185 0.4662 0.5146
1341848005.9978 -1.0723 -1.4814 3.3140 -0.0403 0.7178 0.4643 0.5173
1341848006.0298 -1.0642 -1.4875 3.3136 -0.0383 0.7159 0.4629 0.5213
1341848006.0658 -1.0630 -1.4874 3.3177 -0.0379 0.7151 0.4594 0.5255
1341848006.0979 -1.0597 -1.4900 3.3153 -0.0372 0.7140 0.4575 0.5287
1341848006.1337 -1.0542 -1.4912 3.3196 -0.0345 0.7153 0.4526 0.5313
1341848006.1658 -1.0527 -1.4938 3.3218 -0.0297 0.7146 0.4515 0.5335
1341848006.1976 -1.0519 -1.4946 3.3228 -0.0261 0.7134 0.4502 0.5364
1341848006.2338 -1.0475 -1.4970 3.3231 -0.0234 0.7118 0.4483 0.5403
1341848006.2658 -1.0459 -1.4954 3.3266 -0.0207 0.7116 0.4442 0.5440
1341848006.3018 -1.0435 -1.4994 3.3307 -0.0190 0.7111 0.4423 0.5462
1341848006.3337 -1.0381 -1.5003 3.3334 -0.0156 0.7087 0.4418 0.5498
1341848006.3660 -1.0385 -1.4970 3.3359 -0.0151 0.7072 0.4382 0.5547
1341848006.4018 -1.0334 -1.4989 3.3379 -0.0168 0.7064 0.4381 0.5556
1341848006.4337 -1.0305 -1.5032 3.3424 -0.0154 0.7061 0.4370 0.5570
1341848006.4697 -1.0294 -1.5027 3.3461 -0.0147 0.7045 0.4364 0.5595
1341848006.5017 -1.0261 -1.5052 3.3484 -0.0149 0.7035 0.4375 0.5600
1341848006.5337 -1.0207 -1.5071 3.3503 -0.0144 0.7020 0.4371 0.5621
1341848006.5697 -1.0194 -1.5087 3.3547 -0.0143 0.7018 0.4357 0.5634
1341848006.6018 -1.0157 -1.5107 3.3581 -0.0140 0.7013 0.4366 0.5634
1341848006.6378 -1.0123 -1.5185 3.3583 -0.0133 0.7003 0.4371 0.5642
1341848006.6701 -1.0125 -1.5172 3.3660 -0.0130 0.7012 0.4338 0.5657
1341848006.7018 -1.0066 -1.5216 3.3678 -0.0144 0.7007 0.4354 0.5650
1341848006.7378 -1.0034 -1.5259 3.3703 -0.0120 0.7010 0.4356 0.5645
1341848006.7697 -1.0005 -1.5301 3.3745 -0.0105 0.7007 0.4363 0.5644
1341848006.8019 -0.9992 -1.5333 3.3806 -0.0091 0.7014 0.4358 0.5639
1341848006.8376 -0.9940 -1.5372 3.3835 -0.0076 0.7019 0.4364 0.5629
1341848006.8707 -0.9893 -1.5438 3.3862 -0.0056 0.7022 0.4376 0.5616
1341848006.9018 -0.9877 -1.5463 3.3908 -0.0038 0.7037 0.4364 0.5606
1341848006.9377 -0.9849 -1.5503 3.3950 -0.0033 0.7055 0.4354 0.5592
1341848006.9697 -0.9844 -1.5540 3.4006 -0.0016 0.7080 0.4349 0.5565
1341848007.0058 -0.9831 -1.5616 3.4043 0.0002 0.7094 0.4364 0.5534
1341848007.0378 -0.9822 -1.5661 3.4106 0.0030 0.7113 0.4379 0.5498
1341848007.0697 -0.9815 -1.5691 3.4160 0.0036 0.7131 0.4395 0.5462
1341848007.1057 -0.9785 -1.5754 3.4198 0.0032 0.7150 0.4420 0.5417
1341848007.1379 -0.9779 -1.5815 3.4257 0.0038 0.7171 0.4426 0.5384
1341848007.1697 -0.9787 -1.5851 3.4327 0.0041 0.7190 0.4434 0.5352
1341848007.2057 -0.9765 -1.5902 3.4378 0.0042 0.7203 0.4461 0.5312
1341848007.2379 -0.9754 -1.5988 3.4453 0.0056 0.7218 0.4485 0.5271
1341848007.2989 -0.9736 -1.6078 3.4539 0.0080 0.7217 0.4535 0.5229
1341848007.3314 -0.9725 -1.6144 3.4585 0.0092 0.7232 0.4535 0.5207
1341848007.3667 -0.9716 -1.6204 3.4653 0.0084 0.7252 0.4517 0.5196
1341848007.3987 -0.9705 -1.6279 3.4734 0.0085 0.7268 0.4505 0.5184
1341848007.4348 -0.9689 -1.6361 3.4748 0.0103 0.7268 0.4512 0.5178
1341848007.4667 -0.9713 -1.6397 3.4842 0.0106 0.7286 0.4482 0.5178
1341848007.4988 -0.9689 -1.6441 3.4910 0.0099 0.7298 0.4500 0.5146
1341848007.5348 -0.9649 -1.6566 3.4947 0.0107 0.7295 0.4528 0.5125
1341848007.5667 -0.9639 -1.6585 3.5026 0.0118 0.7303 0.4517 0.5123
1341848007.5987 -0.9622 -1.6596 3.5062 0.0098 0.7318 0.4515 0.5104
1341848007.6348 -0.9573 -1.6684 3.5112 0.0090 0.7338 0.4530 0.5062
1341848007.6667 -0.9585 -1.6756 3.5178 0.0117 0.7348 0.4561 0.5019
1341848007.7028 -0.9551 -1.6787 3.5238 0.0133 0.7348 0.4623 0.4961
1341848007.7346 -0.9443 -1.6867 3.5179 0.0147 0.7345 0.4672 0.4919
1341848007.7669 -0.9456 -1.6914 3.5283 0.0162 0.7394 0.4632 0.4884
1341848007.8029 -0.9446 -1.6952 3.5360 0.0148 0.7415 0.4643 0.4841
1341848007.8350 -0.9380 -1.7025 3.5373 0.0159 0.7418 0.4688 0.4793
1341848007.8667 -0.9359 -1.7036 3.5449 0.0165 0.7443 0.4689 0.4753
1341848007.9028 -0.9328 -1.7032 3.5509 0.0135 0.7472 0.4701 0.4696
1341848007.9349 -0.9243 -1.7168 3.5531 0.0137 0.7486 0.4760 0.4613
1341848007.9707 -0.9199 -1.7263 3.5592 0.0182 0.7490 0.4785 0.4580
1341848008.0027 -0.9202 -1.7250 3.5649 0.0208 0.7502 0.4792 0.4550
1341848008.0348 -0.9146 -1.7283 3.5699 0.0203 0.7518 0.4823 0.4493
1341848008.0708 -0.9096 -1.7369 3.5765 0.0200 0.7531 0.4843 0.4448
1341848008.1032 -0.9056 -1.7375 3.5815 0.0200 0.7541 0.4856 0.4418
1341848008.1388 -0.9000 -1.7414 3.5855 0.0187 0.7560 0.4866 0.4374
1341848008.1711 -0.8950 -1.7465 3.5897 0.0184 0.7573 0.4879 0.4338
1341848008.2027 -0.8902 -1.7516 3.5975 0.0198 0.7587 0.4901 0.4287
1341848008.2387 -0.8856 -1.7540 3.6049 0.0203 0.7593 0.4928 0.4246
1341848008.2707 -0.8799 -1.7567 3.6107 0.0200 0.7598 0.4958 0.4201
1341848008.3027 -0.8739 -1.7611 3.6160 0.0197 0.7604 0.4989 0.4153
1341848008.3388 -0.8664 -1.7657 3.6217 0.0199 0.7607 0.5019 0.4110
1341848008.3707 -0.8614 -1.7677 3.6265 0.0192 0.7615 0.5031 0.4082
1341848008.4389 -0.8492 -1.7795 3.6350 0.0198 0.7633 0.5073 0.3995
1341848008.4708 -0.8462 -1.7831 3.6410 0.0209 0.7641 0.5084 0.3965
1341848008.5069 -0.8407 -1.7861 3.6437 0.0215 0.7649 0.5109 0.3917
1341848008.5388 -0.8345 -1.7948 3.6465 0.0230 0.7658 0.5133 0.3866
1341848008.5707 -0.8298 -1.7999 3.6553 0.0249 0.7671 0.5139 0.3832
1341848008.6067 -0.8266 -1.8046 3.6596 0.0262 0.7673 0.5163 0.3794
1341848008.6387 -0.8203 -1.8098 3.6584 0.0281 0.7673 0.5193 0.3753
1341848008.6746 -0.8164 -1.8147 3.6655 0.0290 0.7688 0.5193 0.3719
1341848008.7068 -0.8111 -1.8169 3.6666 0.0291 0.7699 0.5200 0.3687
1341848008.7387 -0.8062 -1.8239 3.6700 0.0288 0.7717 0.5203 0.3645
1341848008.7751 -0.8017 -1.8273 3.6738 0.0277 0.7726 0.5204 0.3627
1341848008.8069 -0.7969 -1.8308 3.6756 0.0268 0.7739 0.5203 0.3602
1341848008.8388 -0.7934 -1.8365 3.6827 0.0249 0.7760 0.5193 0.3572
1341848008.8746 -0.7880 -1.8407 3.6861 0.0246 0.7766 0.5209 0.3536
1341848008.9067 -0.7833 -1.8431 3.6881 0.0254 0.7770 0.5223 0.3503
1341848008.9431 -0.7790 -1.8441 3.6918 0.0239 0.7789 0.5221 0.3467
1341848008.9747 -0.7732 -1.8518 3.6960 0.0219 0.7803 0.5229 0.3423
1341848009.0068 -0.7682 -1.8575 3.7008 0.0225 0.7807 0.5240 0.3397
1341848009.0427 -0.7645 -1.8572 3.7100 0.0213 0.7820 0.5239 0.3371
1341848009.1108 -0.7532 -1.8596 3.7134 0.0198 0.7836 0.5256 0.3307
1341848009.1427 -0.7499 -1.8580 3.7160 0.0176 0.7858 0.5245 0.3274
1341848009.1747 -0.7442 -1.8583 3.7162 0.0164 0.7876 0.5252 0.3217
1341848009.2107 -0.7402 -1.8674 3.7242 0.0165 0.7894 0.5280 0.3127
1341848009.2429 -0.7385 -1.8669 3.7303 0.0192 0.7895 0.5318 0.3058
1341848009.2747 -0.7330 -1.8608 3.7325 0.0195 0.7902 0.5344 0.2994
1341848009.3109 -0.7294 -1.8625 3.7348 0.0175 0.7919 0.5360 0.2921
1341848009.3429 -0.7211 -1.8689 3.7384 0.0167 0.7922 0.5398 0.2841
1341848009.3787 -0.7171 -1.8663 3.7430 0.0177 0.7929 0.5409 0.2800
1341848009.4429 -0.7041 -1.8670 3.7502 0.0160 0.7936 0.5449 0.2701
1341848009.4790 -0.7005 -1.8690 3.7574 0.0157 0.7949 0.5449 0.2665
1341848009.5106 -0.6929 -1.8639 3.7551 0.0146 0.7932 0.5481 0.2651
1341848009.5428 -0.6922 -1.8639 3.7560 0.0157 0.7938 0.5473 0.2647
1341848009.5788 -0.6801 -1.8645 3.7627 0.0125 0.7949 0.5472 0.2620
1341848009.6110 -0.6695 -1.8650 3.7669 0.0113 0.7955 0.5473 0.2600
1341848009.6469 -0.6714 -1.8733 3.7613 0.0115 0.7946 0.5477 0.2618
1341848009.6787 -0.6514 -1.8681 3.7744 0.0082 0.7982 0.5432 0.2601
1341848009.7108 -0.6514 -1.8733 3.7747 0.0071 0.7979 0.5432 0.2612
1341848009.7468 -0.6398 -1.8697 3.7695 0.0076 0.7973 0.5435 0.2623
1341848009.7788 -0.6318 -1.8731 3.7791 0.0069 0.7997 0.5401 0.2624
1341848009.8107 -0.6255 -1.8729 3.7803 0.0075 0.7991 0.5407 0.2625
1341848009.8468 -0.6125 -1.8682 3.7774 0.0096 0.7977 0.5433 0.2615
1341848009.8787 -0.6049 -1.8638 3.7800 0.0108 0.7983 0.5419 0.2626
1341848009.9148 -0.5989 -1.8590 3.7826 0.0094 0.7985 0.5412 0.2634
1341848009.9470 -0.6021 -1.8717 3.7764 0.0102 0.7962 0.5445 0.2634
1341848009.9789 -0.5769 -1.8635 3.7776 0.0075 0.7981 0.5420 0.2629
1341848010.0148 -0.5697 -1.8543 3.7820 0.0087 0.7994 0.5395 0.2643
1341848010.0468 -0.5627 -1.8556 3.7778 0.0089 0.7983 0.5420 0.2626
1341848010.0826 -0.5533 -1.8491 3.7746 0.0089 0.7985 0.5418 0.2623
1341848010.1147 -0.5477 -1.8437 3.7730 0.0088 0.7986 0.5422 0.2612
1341848010.1468 -0.5389 -1.8387 3.7687 0.0083 0.7975 0.5451 0.2586
1341848010.1827 -0.5304 -1.8368 3.7573 0.0084 0.7959 0.5480 0.2574
1341848010.2147 -0.5222 -1.8319 3.7517 0.0087 0.7964 0.5480 0.2557
1341848010.2468 -0.5139 -1.8260 3.7459 0.0091 0.7967 0.5488 0.2528
1341848010.2827 -0.5086 -1.8188 3.7397 0.0111 0.7970 0.5492 0.2512
1341848010.3148 -0.4981 -1.8182 3.7294 0.0109 0.7957 0.5526 0.2476
1341848010.3511 -0.4909 -1.8129 3.7233 0.0105 0.7963 0.5526 0.2459
1341848010.3828 -0.4844 -1.8086 3.7201 0.0113 0.7972 0.5525 0.2432
1341848010.4147 -0.4790 -1.8045 3.7111 0.0122 0.7958 0.5551 0.2416
1341848010.4509 -0.4722 -1.8021 3.6997 0.0118 0.7948 0.5576 0.2392
1341848010.4831 -0.4636 -1.7957 3.6962 0.0118 0.7963 0.5572 0.2351
1341848010.5148 -0.4607 -1.7905 3.6953 0.0120 0.7970 0.5577 0.2314
1341848010.5506 -0.4544 -1.7907 3.6778 0.0118 0.7938 0.5632 0.2294
1341848010.5829 -0.4526 -1.7862 3.6742 0.0125 0.7958 0.5613 0.2271
1341848010.6187 -0.4474 -1.7830 3.6682 0.0096 0.7946 0.5644 0.2237
1341848010.6510 -0.4387 -1.7825 3.6642 0.0099 0.7957 0.5646 0.2190
1341848010.6826 -0.4399 -1.7788 3.6604 0.0110 0.7966 0.5636 0.2185
1341848010.7188 -0.4353 -1.7776 3.6563 0.0085 0.7967 0.5648 0.2150
1341848010.7509 -0.4340 -1.7760 3.6468 0.0091 0.7959 0.5669 0.2123
1341848010.7827 -0.4323 -1.7718 3.6403 0.0098 0.7970 0.5664 0.2093
1341848010.8188 -0.4290 -1.7703 3.6384 0.0105 0.7996 0.5645 0.2046
1341848010.8508 -0.4277 -1.7639 3.6389 0.0116 0.8019 0.5625 0.2009
1341848010.8867 -0.4233 -1.7662 3.6312 0.0123 0.8017 0.5641 0.1971
1341848010.9188 -0.4237 -1.7656 3.6261 0.0128 0.8017 0.5649 0.1951
1341848010.9508 -0.4209 -1.7609 3.6267 0.0118 0.8043 0.5624 0.1912
1341848010.9868 -0.4166 -1.7598 3.6257 0.0108 0.8053 0.5621 0.1883
1341848011.0187 -0.4143 -1.7579 3.6230 0.0118 0.8053 0.5628 0.1863
1341848011.0510 -0.4141 -1.7540 3.6187 0.0131 0.8053 0.5633 0.1846
1341848011.0867 -0.4118 -1.7533 3.6161 0.0134 0.8057 0.5636 0.1817
1341848011.1187 -0.4098 -1.7518 3.6154 0.0138 0.8064 0.5634 0.1792
1341848011.1546 -0.4071 -1.7512 3.6146 0.0151 0.8067 0.5638 0.1763
1341848011.1867 -0.4073 -1.7489 3.6160 0.0155 0.8073 0.5634 0.1750
1341848011.2191 -0.4047 -1.7478 3.6104 0.0116 0.8062 0.5655 0.1732
1341848011.2547 -0.4024 -1.7455 3.6068 0.0110 0.8071 0.5654 0.1695
1341848011.2866 -0.3978 -1.7444 3.6084 0.0095 0.8088 0.5643 0.1653
1341848011.3227 -0.3957 -1.7429 3.6033 0.0093 0.8088 0.5654 0.1613
1341848011.3547 -0.3906 -1.7416 3.6015 0.0097 0.8105 0.5643 0.1567
1341848011.3867 -0.3896 -1.7429 3.6014 0.0107 0.8113 0.5643 0.1528
1341848011.4227 -0.3861 -1.7377 3.5987 0.0111 0.8114 0.5653 0.1484
1341848011.4547 -0.3852 -1.7348 3.5966 0.0138 0.8127 0.5645 0.1438
1341848011.4868 -0.3823 -1.7345 3.5990 0.0117 0.8141 0.5637 0.1390
1341848011.5229 -0.3791 -1.7315 3.5949 0.0112 0.8133 0.5660 0.1345
1341848011.5547 -0.3761 -1.7286 3.5906 0.0125 0.8132 0.5670 0.1306
1341848011.5909 -0.3768 -1.7273 3.5912 0.0119 0.8141 0.5662 0.1288
1341848011.6227 -0.3744 -1.7255 3.5888 0.0102 0.8136 0.5679 0.1246
1341848011.6549 -0.3699 -1.7221 3.5868 0.0112 0.8138 0.5684 0.1202
1341848011.6908 -0.3695 -1.7189 3.5883 0.0111 0.8143 0.5682 0.1183
1341848011.7226 -0.3715 -1.7142 3.5853 0.0101 0.8138 0.5695 0.1155
1341848011.7548 -0.3682 -1.7102 3.5812 0.0081 0.8131 0.5714 0.1108
1341848011.7908 -0.3669 -1.7082 3.5781 0.0080 0.8126 0.5729 0.1070
1341848011.8227 -0.3663 -1.7022 3.5740 0.0088 0.8118 0.5747 0.1026
1341848011.8588 -0.3660 -1.6972 3.5681 0.0114 0.8114 0.5762 0.0980
1341848011.8907 -0.3664 -1.6941 3.5664 0.0126 0.8115 0.5765 0.0952
1341848011.9229 -0.3624 -1.6933 3.5653 0.0107 0.8115 0.5770 0.0917
1341848011.9588 -0.3652 -1.6860 3.5564 0.0146 0.8105 0.5787 0.0899
1341848011.9908 -0.3681 -1.6837 3.5532 0.0134 0.8103 0.5790 0.0893
1341848012.0227 -0.3656 -1.6786 3.5498 0.0102 0.8101 0.5796 0.0877
1341848012.0589 -0.3628 -1.6745 3.5452 0.0083 0.8097 0.5805 0.0858
1341848012.0908 -0.3644 -1.6688 3.5398 0.0069 0.8092 0.5813 0.0853
1341848012.1269 -0.3623 -1.6649 3.5314 0.0052 0.8082 0.5829 0.0837
1341848012.1910 -0.3565 -1.6519 3.5212 0.0041 0.8073 0.5840 0.0848
1341848012.2267 -0.3607 -1.6433 3.5131 0.0057 0.8055 0.5861 0.0881
1341848012.2587 -0.3547 -1.6394 3.5065 0.0025 0.8043 0.5875 0.0891
1341848012.2952 -0.3558 -1.6346 3.5028 0.0002 0.8037 0.5878 0.0928
1341848012.3269 -0.3528 -1.6270 3.4957 -0.0038 0.8025 0.5890 0.0951
1341848012.3588 -0.3513 -1.6194 3.4887 -0.0076 0.8021 0.5890 0.0982
1341848012.3947 -0.3498 -1.6135 3.4884 -0.0097 0.8025 0.5882 0.0997
1341848012.4268 -0.3461 -1.6071 3.4772 -0.0136 0.7994 0.5918 0.1024
1341848012.4588 -0.3438 -1.6046 3.4725 -0.0153 0.7993 0.5918 0.1028
1341848012.4947 -0.3434 -1.5936 3.4626 -0.0176 0.7985 0.5922 0.1069
1341848012.5268 -0.3368 -1.5897 3.4557 -0.0216 0.7969 0.5941 0.1075
1341848012.5627 -0.3339 -1.5841 3.4457 -0.0225 0.7955 0.5953 0.1108
1341848012.5947 -0.3335 -1.5775 3.4438 -0.0256 0.7969 0.5925 0.1154
1341848012.6268 -0.3295 -1.5756 3.4346 -0.0290 0.7948 0.5946 0.1175
1341848012.6628 -0.3229 -1.5702 3.4303 -0.0306 0.7945 0.5945 0.1202
1341848012.6953 -0.3224 -1.5646 3.4272 -0.0323 0.7939 0.5938 0.1269
1341848012.7269 -0.3190 -1.5605 3.4230 -0.0364 0.7930 0.5937 0.1316
1341848012.7627 -0.3119 -1.5584 3.4173 -0.0400 0.7916 0.5946 0.1348
1341848012.7947 -0.3064 -1.5527 3.4176 -0.0405 0.7920 0.5930 0.1395
1341848012.8307 -0.3082 -1.5487 3.4124 -0.0424 0.7900 0.5928 0.1508
1341848012.8628 -0.3057 -1.5447 3.4046 -0.0466 0.7893 0.5914 0.1584
1341848012.8947 -0.3028 -1.5403 3.4088 -0.0509 0.7923 0.5853 0.1644
1341848012.9308 -0.3018 -1.5363 3.4038 -0.0524 0.7908 0.5851 0.1718
1341848012.9628 -0.3028 -1.5323 3.4017 -0.0548 0.7913 0.5821 0.1792
1341848012.9948 -0.2986 -1.5285 3.4038 -0.0597 0.7925 0.5785 0.1837
1341848013.0309 -0.2950 -1.5267 3.4024 -0.0616 0.7911 0.5786 0.1888
1341848013.0627 -0.2931 -1.5242 3.3982 -0.0625 0.7895 0.5785 0.1953
1341848013.0988 -0.2902 -1.5213 3.3989 -0.0640 0.7899 0.5756 0.2014
1341848013.1308 -0.2875 -1.5165 3.4036 -0.0645 0.7906 0.5725 0.2072
1341848013.1628 -0.2820 -1.5143 3.4056 -0.0630 0.7899 0.5721 0.2114
1341848013.1987 -0.2832 -1.5135 3.4043 -0.0594 0.7872 0.5728 0.2207
1341848013.2309 -0.2823 -1.5111 3.4038 -0.0593 0.7853 0.5727 0.2277
1341848013.2627 -0.2760 -1.5102 3.4090 -0.0588 0.7845 0.5726 0.2307
1341848013.2987 -0.2778 -1.5065 3.4070 -0.0564 0.7810 0.5736 0.2404
1341848013.3308 -0.2786 -1.5044 3.4077 -0.0580 0.7796 0.5721 0.2483
1341848013.3667 -0.2737 -1.5025 3.4137 -0.0622 0.7796 0.5693 0.2535
1341848013.3987 -0.2687 -1.5018 3.4203 -0.0638 0.7780 0.5689 0.2589
1341848013.4309 -0.2653 -1.4990 3.4243 -0.0628 0.7743 0.5705 0.2665
1341848013.4670 -0.2623 -1.5044 3.4165 -0.0640 0.7669 0.5759 0.2758
1341848013.4988 -0.2602 -1.5025 3.4173 -0.0665 0.7657 0.5736 0.2833
1341848013.5348 -0.2534 -1.5012 3.4241 -0.0719 0.7659 0.5694 0.2897
1341848013.5667 -0.2470 -1.5007 3.4271 -0.0744 0.7640 0.5677 0.2974
1341848013.5988 -0.2474 -1.4990 3.4313 -0.0730 0.7630 0.5642 0.3068
1341848013.6348 -0.2411 -1.5001 3.4322 -0.0750 0.7601 0.5646 0.3130
1341848013.6667 -0.2351 -1.4994 3.4303 -0.0755 0.7577 0.5627 0.3218
1341848013.6988 -0.2342 -1.4998 3.4322 -0.0749 0.7580 0.5574 0.3304
1341848013.7346 -0.2309 -1.5006 3.4338 -0.0764 0.7579 0.5527 0.3381
1341848013.7668 -0.2272 -1.5012 3.4384 -0.0762 0.7590 0.5477 0.3437
1341848013.8027 -0.2234 -1.4996 3.4445 -0.0764 0.7592 0.5440 0.3491
1341848013.8348 -0.2217 -1.4995 3.4441 -0.0756 0.7564 0.5433 0.3564
1341848013.8668 -0.2169 -1.4995 3.4430 -0.0769 0.7548 0.5415 0.3621
1341848013.9027 -0.2170 -1.4976 3.4481 -0.0770 0.7555 0.5360 0.3688
1341848013.9667 -0.2070 -1.4960 3.4536 -0.0789 0.7520 0.5336 0.3789
1341848014.0027 -0.2023 -1.4963 3.4555 -0.0790 0.7500 0.5325 0.3843
1341848014.0349 -0.1971 -1.4958 3.4585 -0.0796 0.7475 0.5308 0.3915
1341848014.0710 -0.1949 -1.4933 3.4573 -0.0803 0.7436 0.5290 0.4010
1341848014.1027 -0.1903 -1.4919 3.4587 -0.0847 0.7412 0.5264 0.4079
1341848014.1347 -0.1813 -1.4920 3.4649 -0.0886 0.7402 0.5241 0.4118
1341848014.1707 -0.1759 -1.4908 3.4677 -0.0902 0.7363 0.5230 0.4197
1341848014.2027 -0.1670 -1.4900 3.4672 -0.0934 0.7320 0.5230 0.4266
1341848014.2348 -0.1581 -1.4896 3.4714 -0.0951 0.7306 0.5190 0.4334
1341848014.2707 -0.1535 -1.4871 3.4780 -0.0956 0.7285 0.5146 0.4420
1341848014.3027 -0.1444 -1.4859 3.4826 -0.0960 0.7263 0.5129 0.4475
1341848014.3387 -0.1368 -1.4874 3.4857 -0.0952 0.7231 0.5111 0.4548
1341848014.3706 -0.1295 -1.4884 3.4904 -0.0962 0.7190 0.5081 0.4643
1341848014.4388 -0.1133 -1.4882 3.4986 -0.0982 0.7132 0.5000 0.4813
1341848014.4708 -0.1050 -1.4895 3.5015 -0.0995 0.7090 0.4957 0.4917
1341848014.5066 -0.1000 -1.4889 3.5085 -0.1000 0.7069 0.4889 0.5013
1341848014.5387 -0.0896 -1.4921 3.5098 -0.1020 0.7018 0.4858 0.5110
1341848014.5708 -0.0853 -1.4928 3.5132 -0.1003 0.7008 0.4787 0.5194
1341848014.6069 -0.0799 -1.4949 3.5248 -0.1000 0.7001 0.4731 0.5254
1341848014.6387 -0.0735 -1.4960 3.5248 -0.0972 0.6950 0.4722 0.5335
1341848014.6708 -0.0659 -1.4998 3.5261 -0.0953 0.6919 0.4695 0.5402
1341848014.7068 -0.0588 -1.5002 3.5291 -0.0936 0.6899 0.4639 0.5479
1341848014.7387 -0.0528 -1.5035 3.5309 -0.0922 0.6888 0.4596 0.5530
1341848014.7747 -0.0441 -1.5072 3.5410 -0.0893 0.6886 0.4565 0.5563
1341848014.8067 -0.0407 -1.5064 3.5426 -0.0830 0.6845 0.4552 0.5633
1341848014.8387 -0.0344 -1.5099 3.5435 -0.0805 0.6809 0.4549 0.5683
1341848014.8747 -0.0271 -1.5116 3.5475 -0.0782 0.6776 0.4520 0.5748
1341848014.9066 -0.0252 -1.5076 3.5477 -0.0733 0.6735 0.4481 0.5833
1341848014.9387 -0.0188 -1.5081 3.5517 -0.0718 0.6703 0.4486 0.5868
1341848014.9747 -0.0133 -1.5080 3.5561 -0.0693 0.6661 0.4490 0.5916
1341848015.0067 -0.0148 -1.5032 3.5548 -0.0677 0.6604 0.4475 0.5992
1341848015.0426 -0.0096 -1.5000 3.5570 -0.0744 0.6549 0.4486 0.6035
1341848015.0749 -0.0031 -1.4997 3.5583 -0.0824 0.6498 0.4482 0.6084
1341848015.1068 0.0025 -1.4962 3.5594 -0.0882 0.6456 0.4457 0.6138
1341848015.1427 0.0057 -1.4944 3.5634 -0.0925 0.6424 0.4447 0.6173
1341848015.1747 0.0132 -1.4940 3.5643 -0.0954 0.6369 0.4466 0.6211
1341848015.2072 0.0176 -1.4913 3.5671 -0.0961 0.6328 0.4456 0.6259
1341848015.2435 0.0216 -1.4878 3.5659 -0.0975 0.6278 0.4437 0.6320
1341848015.2748 0.0271 -1.4880 3.5713 -0.0988 0.6245 0.4418 0.6364
1341848015.3106 0.0321 -1.4868 3.5717 -0.0977 0.6180 0.4397 0.6444
1341848015.3429 0.0357 -1.4863 3.5726 -0.0974 0.6126 0.4373 0.6512
1341848015.3747 0.0381 -1.4834 3.5731 -0.0938 0.6060 0.4367 0.6582
1341848015.4107 0.0420 -1.4823 3.5739 -0.0920 0.5994 0.4350 0.6656
1341848015.4428 0.0435 -1.4811 3.5732 -0.0904 0.5928 0.4330 0.6730
1341848015.4750 0.0475 -1.4794 3.5729 -0.0900 0.5855 0.4296 0.6815
1341848015.5109 0.0514 -1.4806 3.5742 -0.0909 0.5802 0.4250 0.6888
1341848015.5428 0.0482 -1.4770 3.5730 -0.0852 0.5733 0.4226 0.6968
1341848015.5818 0.0544 -1.4780 3.5731 -0.0875 0.5639 0.4210 0.7050
1341848015.6178 0.0573 -1.4786 3.5748 -0.0888 0.5580 0.4141 0.7136
1341848015.6501 0.0570 -1.4786 3.5753 -0.0895 0.5520 0.4075 0.7220
1341848015.6858 0.0625 -1.4800 3.5797 -0.0926 0.5466 0.4035 0.7279
1341848015.7181 0.0661 -1.4819 3.5822 -0.0923 0.5422 0.3980 0.7342
1341848015.7498 0.0652 -1.4816 3.5814 -0.0883 0.5365 0.3932 0.7415
1341848015.7858 0.0679 -1.4827 3.5828 -0.0860 0.5307 0.3901 0.7475
1341848015.8179 0.0694 -1.4861 3.5828 -0.0858 0.5268 0.3840 0.7534
1341848015.8538 0.0681 -1.4876 3.5851 -0.0835 0.5239 0.3795 0.7580
1341848015.8857 0.0690 -1.4891 3.5832 -0.0824 0.5184 0.3744 0.7644
1341848015.9178 0.0712 -1.4909 3.5832 -0.0844 0.5155 0.3675 0.7695
1341848015.9540 0.0715 -1.4922 3.5859 -0.0828 0.5140 0.3596 0.7743
1341848015.9867 0.0688 -1.4954 3.5878 -0.0805 0.5129 0.3544 0.7777
1341848016.0217 0.0685 -1.4943 3.5862 -0.0763 0.5076 0.3512 0.7830
1341848016.0539 0.0713 -1.4967 3.5879 -0.0760 0.5051 0.3456 0.7872
1341848016.0857 0.0676 -1.4981 3.5878 -0.0730 0.5040 0.3410 0.7902
1341848016.1218 0.0655 -1.4973 3.5859 -0.0728 0.5002 0.3373 0.7942
1341848016.1538 0.0664 -1.4981 3.5862 -0.0749 0.4985 0.3344 0.7963
1341848016.1858 0.0653 -1.4979 3.5854 -0.0756 0.4970 0.3316 0.7983
1341848016.2217 0.0640 -1.4978 3.5844 -0.0761 0.4954 0.3315 0.7993
1341848016.2537 0.0653 -1.4984 3.5857 -0.0763 0.4947 0.3311 0.7999
1341848016.2900 0.0621 -1.4990 3.5838 -0.0766 0.4953 0.3293 0.8002
1341848016.3220 0.0609 -1.4988 3.5843 -0.0778 0.4973 0.3330 0.7974
1341848016.3537 0.0633 -1.5017 3.5859 -0.0764 0.4987 0.3362 0.7952
1341848016.3898 0.0585 -1.5015 3.5841 -0.0723 0.4996 0.3386 0.7941
1341848016.4217 0.0593 -1.5041 3.5850 -0.0714 0.5001 0.3436 0.7916
1341848016.4539 0.0577 -1.5057 3.5869 -0.0677 0.5023 0.3473 0.7890
1341848016.4901 0.0554 -1.5063 3.5863 -0.0640 0.5026 0.3469 0.7893
1341848016.5218 0.0526 -1.5073 3.5864 -0.0618 0.5044 0.3467 0.7884
1341848016.5542 0.0510 -1.5085 3.5883 -0.0579 0.5065 0.3477 0.7869
1341848016.5898 0.0459 -1.5111 3.5913 -0.0530 0.5077 0.3481 0.7863
1341848016.6219 0.0429 -1.5125 3.5928 -0.0505 0.5085 0.3503 0.7850
1341848016.6578 0.0404 -1.5156 3.5968 -0.0458 0.5084 0.3546 0.7834
1341848016.6899 0.0353 -1.5201 3.5991 -0.0440 0.5068 0.3549 0.7844
1341848016.7578 0.0341 -1.5258 3.6053 -0.0451 0.5074 0.3540 0.7843
1341848016.8188 0.0219 -1.5320 3.6148 -0.0427 0.5094 0.3526 0.7838
1341848016.8508 0.0193 -1.5333 3.6098 -0.0403 0.5039 0.3537 0.7870
1341848016.8828 0.0134 -1.5368 3.6122 -0.0404 0.5042 0.3537 0.7868
1341848016.9189 0.0087 -1.5384 3.6183 -0.0397 0.5044 0.3546 0.7863
1341848016.9507 0.0045 -1.5427 3.6216 -0.0397 0.5037 0.3557 0.7863
1341848016.9867 -0.0029 -1.5452 3.6236 -0.0408 0.5048 0.3542 0.7862
1341848017.0187 -0.0083 -1.5490 3.6285 -0.0409 0.5064 0.3565 0.7841
1341848017.0508 -0.0141 -1.5525 3.6299 -0.0408 0.5068 0.3567 0.7837
1341848017.0868 -0.0193 -1.5548 3.6299 -0.0412 0.5074 0.3580 0.7827
1341848017.1186 -0.0235 -1.5577 3.6316 -0.0415 0.5098 0.3584 0.7810
1341848017.1507 -0.0320 -1.5604 3.6336 -0.0394 0.5139 0.3606 0.7774
1341848017.1869 -0.0348 -1.5609 3.6268 -0.0380 0.5115 0.3628 0.7780
1341848017.2188 -0.0380 -1.5644 3.6262 -0.0371 0.5137 0.3643 0.7759
1341848017.2547 -0.0475 -1.5687 3.6272 -0.0345 0.5193 0.3644 0.7722
1341848017.2866 -0.0538 -1.5727 3.6291 -0.0313 0.5234 0.3678 0.7679
1341848017.3187 -0.0534 -1.5760 3.6238 -0.0282 0.5221 0.3674 0.7692
1341848017.3547 -0.0680 -1.5807 3.6227 -0.0205 0.5288 0.3650 0.7660
1341848017.3868 -0.0758 -1.5840 3.6230 -0.0191 0.5330 0.3668 0.7622
1341848017.4188 -0.0825 -1.5881 3.6246 -0.0132 0.5375 0.3707 0.7573
1341848017.4548 -0.0944 -1.5898 3.6238 -0.0106 0.5399 0.3721 0.7550
1341848017.4867 -0.0966 -1.5944 3.6260 -0.0108 0.5433 0.3745 0.7513
1341848017.5227 -0.1036 -1.5971 3.6252 -0.0094 0.5464 0.3736 0.7495
1341848017.5548 -0.1110 -1.5991 3.6253 -0.0079 0.5506 0.3734 0.7465
1341848017.5878 -0.1140 -1.6023 3.6266 -0.0081 0.5530 0.3746 0.7441
1341848017.6227 -0.1205 -1.6059 3.6253 -0.0049 0.5564 0.3751 0.7414
1341848017.6548 -0.1267 -1.6050 3.6242 -0.0019 0.5590 0.3767 0.7387
1341848017.6868 -0.1242 -1.6112 3.6263 -0.0015 0.5624 0.3768 0.7360
1341848017.7228 -0.1373 -1.6124 3.6249 0.0044 0.5663 0.3754 0.7338
1341848017.7548 -0.1372 -1.6150 3.6275 0.0071 0.5683 0.3787 0.7304
1341848017.7907 -0.1406 -1.6199 3.6267 0.0107 0.5701 0.3782 0.7293
1341848017.8228 -0.1489 -1.6219 3.6265 0.0136 0.5729 0.3766 0.7278
1341848017.8547 -0.1531 -1.6243 3.6281 0.0147 0.5745 0.3772 0.7263
1341848017.8907 -0.1574 -1.6268 3.6286 0.0162 0.5756 0.3775 0.7252
1341848017.9228 -0.1640 -1.6275 3.6299 0.0163 0.5774 0.3773 0.7238
1341848017.9586 -0.1638 -1.6311 3.6321 0.0139 0.5791 0.3777 0.7223
1341848017.9907 -0.1723 -1.6312 3.6334 0.0166 0.5808 0.3776 0.7210
1341848018.0227 -0.1748 -1.6327 3.6355 0.0144 0.5816 0.3798 0.7192
1341848018.0588 -0.1738 -1.6358 3.6363 0.0125 0.5838 0.3805 0.7171
1341848018.0909 -0.1798 -1.6361 3.6382 0.0128 0.5872 0.3803 0.7145
1341848018.1227 -0.1827 -1.6379 3.6410 0.0134 0.5887 0.3846 0.7109
1341848018.1591 -0.1813 -1.6423 3.6435 0.0132 0.5900 0.3875 0.7082
1341848018.1908 -0.1857 -1.6436 3.6444 0.0138 0.5926 0.3881 0.7057
1341848018.2267 -0.1864 -1.6468 3.6477 0.0124 0.5955 0.3895 0.7025
1341848018.2588 -0.1884 -1.6506 3.6525 0.0143 0.5979 0.3926 0.6987
1341848018.2907 -0.1916 -1.6533 3.6565 0.0155 0.5991 0.3959 0.6958
1341848018.3339 -0.1917 -1.6567 3.6591 0.0136 0.6011 0.3977 0.6930
1341848018.3672 -0.1908 -1.6619 3.6637 0.0118 0.6054 0.3977 0.6894
1341848018.3977 -0.1963 -1.6661 3.6704 0.0126 0.6088 0.3978 0.6862
1341848018.4338 -0.1985 -1.6704 3.6791 0.0149 0.6107 0.4030 0.6815
1341848018.4657 -0.1997 -1.6750 3.6839 0.0175 0.6109 0.4095 0.6774
1341848018.5018 -0.2016 -1.6785 3.6890 0.0184 0.6131 0.4119 0.6739
1341848018.5345 -0.2055 -1.6836 3.6969 0.0190 0.6166 0.4135 0.6697
1341848018.5658 -0.2090 -1.6874 3.7041 0.0195 0.6185 0.4159 0.6664
1341848018.6017 -0.2110 -1.6917 3.7069 0.0196 0.6196 0.4173 0.6645
1341848018.6337 -0.2150 -1.6970 3.7189 0.0182 0.6254 0.4173 0.6591
1341848018.6698 -0.2172 -1.7032 3.7286 0.0183 0.6279 0.4204 0.6547
1341848018.7018 -0.2221 -1.7081 3.7349 0.0180 0.6287 0.4229 0.6524
1341848018.7339 -0.2219 -1.7143 3.7410 0.0167 0.6309 0.4244 0.6493
1341848018.7697 -0.2270 -1.7226 3.7483 0.0165 0.6331 0.4250 0.6468
1341848018.8022 -0.2278 -1.7290 3.7588 0.0156 0.6349 0.4255 0.6447
1341848018.8338 -0.2277 -1.7364 3.7622 0.0151 0.6355 0.4257 0.6439
1341848018.8698 -0.2309 -1.7432 3.7702 0.0163 0.6390 0.4234 0.6420
1341848018.9020 -0.2351 -1.7511 3.7766 0.0175 0.6399 0.4242 0.6405
1341848018.9338 -0.2334 -1.7546 3.7779 0.0204 0.6376 0.4282 0.6401
1341848018.9697 -0.2413 -1.7640 3.7887 0.0223 0.6409 0.4274 0.6372
1341848019.0023 -0.2439 -1.7691 3.7948 0.0210 0.6428 0.4279 0.6350
1341848019.0698 -0.2482 -1.7824 3.8065 0.0206 0.6471 0.4261 0.6319
1341848019.1308 -0.2523 -1.7928 3.8136 0.0189 0.6507 0.4277 0.6272
1341848019.1627 -0.2570 -1.7992 3.8201 0.0186 0.6530 0.4290 0.6239
1341848019.1986 -0.2616 -1.8029 3.8294 0.0177 0.6563 0.4302 0.6196
1341848019.2311 -0.2620 -1.8092 3.8327 0.0166 0.6587 0.4328 0.6153
1341848019.2627 -0.2669 -1.8173 3.8400 0.0155 0.6621 0.4325 0.6118
1341848019.2987 -0.2746 -1.8217 3.8484 0.0150 0.6649 0.4341 0.6076
1341848019.3307 -0.2733 -1.8285 3.8537 0.0136 0.6670 0.4373 0.6030
1341848019.3627 -0.2808 -1.8366 3.8624 0.0131 0.6708 0.4367 0.5993
1341848019.3987 -0.2874 -1.8415 3.8725 0.0118 0.6741 0.4380 0.5947
1341848019.4310 -0.2868 -1.8495 3.8801 0.0107 0.6764 0.4399 0.5906
1341848019.4670 -0.2938 -1.8571 3.8868 0.0098 0.6797 0.4388 0.5877
1341848019.4988 -0.2951 -1.8639 3.8974 0.0096 0.6836 0.4393 0.5827
1341848019.5308 -0.2998 -1.8724 3.9063 0.0135 0.6859 0.4412 0.5786
1341848019.5671 -0.3067 -1.8803 3.9172 0.0154 0.6875 0.4435 0.5748
1341848019.5987 -0.3075 -1.8887 3.9265 0.0156 0.6888 0.4450 0.5720
1341848019.6307 -0.3151 -1.8955 3.9366 0.0164 0.6915 0.4447 0.5691
1341848019.6669 -0.3179 -1.9043 3.9509 0.0164 0.6931 0.4469 0.5654
1341848019.6987 -0.3189 -1.9079 3.9602 0.0167 0.6932 0.4488 0.5638
1341848019.7348 -0.3224 -1.9146 3.9645 0.0161 0.6942 0.4503 0.5613
1341848019.7667 -0.3233 -1.9217 3.9768 0.0136 0.6979 0.4493 0.5575
1341848019.7987 -0.3273 -1.9299 3.9840 0.0140 0.6990 0.4507 0.5551
1341848019.8347 -0.3292 -1.9356 3.9906 0.0146 0.7005 0.4522 0.5519
1341848019.8988 -0.3319 -1.9457 4.0026 0.0168 0.7055 0.4546 0.5434
1341848019.9348 -0.3337 -1.9489 4.0107 0.0183 0.7074 0.4572 0.5387
1341848019.9667 -0.3335 -1.9528 4.0145 0.0196 0.7089 0.4604 0.5340
1341848020.0028 -0.3335 -1.9568 4.0190 0.0198 0.7118 0.4620 0.5287
1341848020.0347 -0.3348 -1.9604 4.0253 0.0189 0.7156 0.4622 0.5234
1341848020.0667 -0.3341 -1.9681 4.0335 0.0190 0.7179 0.4646 0.5181
1341848020.1028 -0.3343 -1.9719 4.0377 0.0210 0.7190 0.4673 0.5141
1341848020.1348 -0.3335 -1.9734 4.0435 0.0196 0.7221 0.4673 0.5097
1341848020.1708 -0.3317 -1.9805 4.0464 0.0178 0.7250 0.4679 0.5051
1341848020.2027 -0.3325 -1.9850 4.0532 0.0182 0.7276 0.4687 0.5006
1341848020.2349 -0.3324 -1.9901 4.0553 0.0170 0.7292 0.4705 0.4967
1341848020.2712 -0.3252 -1.9897 4.0625 0.0170 0.7332 0.4704 0.4908
1341848020.3028 -0.3250 -1.9971 4.0732 0.0162 0.7372 0.4694 0.4857
1341848020.3349 -0.3228 -2.0013 4.0763 0.0164 0.7390 0.4709 0.4815
1341848020.3708 -0.3165 -2.0033 4.0821 0.0182 0.7423 0.4723 0.4750
1341848020.4388 -0.3122 -2.0158 4.0931 0.0193 0.7488 0.4726 0.4643
1341848020.4712 -0.3047 -2.0176 4.0982 0.0192 0.7536 0.4708 0.4584
1341848020.5027 -0.3094 -2.0305 4.1045 0.0217 0.7571 0.4706 0.4526
1341848020.5387 -0.3039 -2.0335 4.1159 0.0233 0.7608 0.4716 0.4453
1341848020.5708 -0.2979 -2.0368 4.1211 0.0251 0.7625 0.4736 0.4402
1341848020.6028 -0.3007 -2.0469 4.1310 0.0276 0.7646 0.4760 0.4336
1341848020.6389 -0.2961 -2.0521 4.1393 0.0284 0.7652 0.4806 0.4274
1341848020.6708 -0.2877 -2.0531 4.1419 0.0297 0.7656 0.4836 0.4232
1341848020.7067 -0.2893 -2.0586 4.1493 0.0290 0.7676 0.4834 0.4199
1341848020.7390 -0.2837 -2.0661 4.1591 0.0263 0.7690 0.4859 0.4145
1341848020.7708 -0.2753 -2.0680 4.1638 0.0285 0.7690 0.4889 0.4109
1341848020.8072 -0.2749 -2.0727 4.1684 0.0296 0.7690 0.4908 0.4085
1341848020.8391 -0.2680 -2.0749 4.1705 0.0278 0.7695 0.4926 0.4056
1341848020.8710 -0.2627 -2.0829 4.1736 0.0278 0.7704 0.4932 0.4030
1341848020.9066 -0.2615 -2.0898 4.1836 0.0290 0.7718 0.4936 0.3997
1341848020.9388 -0.2539 -2.0900 4.1865 0.0294 0.7723 0.4954 0.3966
1341848020.9749 -0.2503 -2.0963 4.1886 0.0286 0.7734 0.4952 0.3947
1341848021.0066 -0.2501 -2.1039 4.1911 0.0291 0.7741 0.4961 0.3922
1341848021.0396 -0.2418 -2.1053 4.1994 0.0284 0.7757 0.4968 0.3881
1341848021.0748 -0.2361 -2.1104 4.2035 0.0293 0.7764 0.4984 0.3846
1341848021.1067 -0.2333 -2.1133 4.2092 0.0289 0.7781 0.4985 0.3812
1341848021.1428 -0.2274 -2.1184 4.2146 0.0266 0.7799 0.4991 0.3768
1341848021.1750 -0.2199 -2.1238 4.2199 0.0268 0.7812 0.5003 0.3724
1341848021.2067 -0.2151 -2.1266 4.2288 0.0272 0.7831 0.5007 0.3680
1341848021.2427 -0.2062 -2.1245 4.2277 0.0262 0.7847 0.5009 0.3642
1341848021.2749 -0.2026 -2.1350 4.2358 0.0247 0.7880 0.4999 0.3585
1341848021.3073 -0.1962 -2.1406 4.2391 0.0263 0.7895 0.5009 0.3536
1341848021.3434 -0.1884 -2.1442 4.2425 0.0268 0.7928 0.4996 0.3481
1341848021.3848 -0.1809 -2.1486 4.2482 0.0276 0.7978 0.4965 0.3410
1341848021.4143 -0.1786 -2.1628 4.2551 0.0298 0.8011 0.4959 0.3338
1341848021.4557 -0.1670 -2.1648 4.2600 0.0328 0.8044 0.4959 0.3256
1341848021.4879 -0.1632 -2.1741 4.2636 0.0368 0.8071 0.4953 0.3193
1341848021.5147 -0.1570 -2.1819 4.2715 0.0396 0.8094 0.4956 0.3125
1341848021.5508 -0.1516 -2.1911 4.2786 0.0415 0.8106 0.4967 0.3075
1341848021.6178 -0.1380 -2.1994 4.2878 0.0369 0.8134 0.4958 0.3019
1341848021.6788 -0.1207 -2.2107 4.2989 0.0296 0.8170 0.4948 0.2945
1341848021.7107 -0.1138 -2.2187 4.3100 0.0290 0.8187 0.4943 0.2910
1341848021.7428 -0.1055 -2.2163 4.3139 0.0298 0.8189 0.4963 0.2868
1341848021.7787 -0.0971 -2.2189 4.3175 0.0293 0.8198 0.4969 0.2832
1341848021.8109 -0.0921 -2.2239 4.3245 0.0293 0.8206 0.4981 0.2786
1341848021.8446 -0.0812 -2.2227 4.3233 0.0265 0.8209 0.5003 0.2740
1341848021.8789 -0.0718 -2.2284 4.3278 0.0252 0.8226 0.5000 0.2697
1341848021.9106 -0.0632 -2.2303 4.3335 0.0240 0.8243 0.4989 0.2668
1341848021.9467 -0.0511 -2.2295 4.3340 0.0226 0.8256 0.4985 0.2634
1341848021.9787 -0.0423 -2.2360 4.3354 0.0221 0.8273 0.4975 0.2600
1341848022.0108 -0.0315 -2.2351 4.3414 0.0206 0.8297 0.4954 0.2566
1341848022.0467 -0.0251 -2.2383 4.3398 0.0206 0.8300 0.4962 0.2538
1341848022.0787 -0.0136 -2.2419 4.3435 0.0213 0.8320 0.4956 0.2484
1341848022.1110 -0.0032 -2.2407 4.3500 0.0186 0.8347 0.4934 0.2441
1341848022.1467 0.0123 -2.2414 4.3463 0.0174 0.8356 0.4943 0.2390
1341848022.1790 0.0202 -2.2464 4.3456 0.0173 0.8369 0.4938 0.2354
1341848022.2148 0.0330 -2.2472 4.3431 0.0159 0.8386 0.4933 0.2307
1341848022.2468 0.0393 -2.2511 4.3357 0.0176 0.8399 0.4933 0.2256
1341848022.2788 0.0459 -2.2544 4.3397 0.0219 0.8419 0.4928 0.2189
1341848022.3148 0.0598 -2.2553 4.3373 0.0255 0.8425 0.4946 0.2121
1341848022.3541 0.0700 -2.2562 4.3339 0.0273 0.8445 0.4936 0.2063
1341848022.3872 0.0760 -2.2599 4.3355 0.0280 0.8467 0.4923 0.1999
1341848022.4178 0.0907 -2.2631 4.3299 0.0305 0.8475 0.4934 0.1931
1341848022.4542 0.0995 -2.2660 4.3267 0.0310 0.8495 0.4913 0.1896
1341848022.4856 0.1058 -2.2702 4.3276 0.0311 0.8520 0.4890 0.1843
1341848022.5217 0.1178 -2.2736 4.3234 0.0320 0.8525 0.4901 0.1788
1341848022.5542 0.1255 -2.2768 4.3214 0.0360 0.8538 0.4892 0.1746
1341848022.5861 0.1319 -2.2810 4.3189 0.0333 0.8550 0.4883 0.1715
1341848022.6218 0.1448 -2.2822 4.3152 0.0324 0.8565 0.4882 0.1645
1341848022.6542 0.1541 -2.2865 4.3123 0.0337 0.8582 0.4864 0.1606
1341848022.6903 0.1582 -2.2915 4.3103 0.0345 0.8584 0.4875 0.1560
1341848022.7217 0.1628 -2.2925 4.3106 0.0355 0.8584 0.4897 0.1485
1341848022.7830 0.1809 -2.2940 4.3091 0.0352 0.8593 0.4912 0.1377
1341848022.8148 0.1862 -2.2919 4.3081 0.0322 0.8584 0.4952 0.1301
1341848022.8508 0.1999 -2.2924 4.3024 0.0313 0.8582 0.4973 0.1230
1341848022.8827 0.2004 -2.2952 4.3079 0.0308 0.8583 0.4983 0.1185
1341848022.9188 0.2056 -2.2866 4.3071 0.0228 0.8545 0.5073 0.1090
1341848022.9508 0.2269 -2.2839 4.2809 0.0168 0.8526 0.5127 0.1000
1341848022.9827 0.2267 -2.2917 4.2898 0.0113 0.8577 0.5053 0.0942
1341848023.0188 0.2320 -2.2969 4.2922 0.0067 0.8563 0.5097 0.0838
1341848023.0508 0.2517 -2.2907 4.2850 0.0081 0.8545 0.5144 0.0716
1341848023.0827 0.2608 -2.2922 4.2813 0.0126 0.8548 0.5148 0.0646
1341848023.1188 0.2666 -2.2917 4.2822 0.0124 0.8545 0.5162 0.0568
1341848023.1510 0.2775 -2.2910 4.2760 0.0126 0.8539 0.5182 0.0471
1341848023.1867 0.2859 -2.2945 4.2812 0.0142 0.8550 0.5170 0.0394
1341848023.2187 0.2944 -2.2940 4.2847 0.0148 0.8526 0.5214 0.0315
1341848023.2868 0.3169 -2.2860 4.2822 0.0125 0.8477 0.5300 0.0180
1341848023.3188 0.3224 -2.2839 4.2816 0.0064 0.8459 0.5331 0.0145
1341848023.3548 0.3378 -2.2816 4.2803 -0.0000 0.8443 0.5358 0.0067
1341848023.3869 0.3483 -2.2765 4.2811 -0.0007 0.8435 0.5371 0.0017
1341848023.4187 0.3559 -2.2755 4.2803 -0.0014 0.8417 0.5399 -0.0022
1341848023.4547 0.3649 -2.2700 4.2788 -0.0005 0.8398 0.5429 -0.0084
1341848023.4871 0.3770 -2.2692 4.2759 -0.0009 0.8387 0.5444 -0.0137
1341848023.5187 0.3816 -2.2640 4.2745 -0.0018 0.8386 0.5444 -0.0170
1341848023.5551 0.3865 -2.2581 4.2733 -0.0030 0.8389 0.5439 -0.0220
1341848023.5868 0.3974 -2.2539 4.2639 -0.0034 0.8384 0.5445 -0.0265
1341848023.6228 0.4031 -2.2507 4.2665 -0.0013 0.8400 0.5416 -0.0310
1341848023.6872 0.4229 -2.2507 4.2534 -0.0056 0.8397 0.5413 -0.0420
1341848023.7227 0.4297 -2.2468 4.2503 -0.0027 0.8406 0.5396 -0.0474
1341848023.7547 0.4349 -2.2452 4.2485 -0.0021 0.8406 0.5393 -0.0508
1341848023.7869 0.4411 -2.2387 4.2391 -0.0039 0.8399 0.5398 -0.0555
1341848023.8228 0.4484 -2.2354 4.2363 -0.0050 0.8410 0.5375 -0.0609
1341848023.8548 0.4559 -2.2326 4.2321 -0.0060 0.8406 0.5378 -0.0652
1341848023.8907 0.4627 -2.2279 4.2217 -0.0069 0.8397 0.5386 -0.0695
1341848023.9228 0.4674 -2.2176 4.2096 -0.0057 0.8398 0.5377 -0.0746
1341848023.9548 0.4744 -2.2169 4.2039 -0.0069 0.8406 0.5356 -0.0803
1341848023.9907 0.4795 -2.2152 4.2006 -0.0031 0.8402 0.5352 -0.0875
1341848024.0227 0.4879 -2.2078 4.1921 0.0010 0.8386 0.5366 -0.0944
1341848024.0547 0.4942 -2.2034 4.1823 0.0038 0.8379 0.5368 -0.0987
1341848024.1228 0.5034 -2.2008 4.1703 0.0095 0.8364 0.5373 -0.1084
1341848024.1588 0.5113 -2.1921 4.1605 0.0125 0.8352 0.5379 -0.1136
1341848024.1909 0.5124 -2.1918 4.1545 0.0139 0.8357 0.5368 -0.1156
1341848024.2228 0.5159 -2.1895 4.1534 0.0133 0.8348 0.5371 -0.1204
1341848024.2588 0.5240 -2.1792 4.1418 0.0133 0.8323 0.5394 -0.1270
1341848024.2908 0.5279 -2.1777 4.1401 0.0148 0.8323 0.5387 -0.1300
1341848024.3227 0.5290 -2.1727 4.1351 0.0148 0.8303 0.5409 -0.1334
1341848024.3587 0.5352 -2.1658 4.1260 0.0117 0.8285 0.5426 -0.1381
1341848024.3909 0.5368 -2.1628 4.1202 0.0108 0.8282 0.5423 -0.1412
1341848024.4268 0.5440 -2.1594 4.1170 0.0095 0.8271 0.5427 -0.1458
1341848024.4588 0.5487 -2.1567 4.1097 0.0094 0.8252 0.5445 -0.1497
1341848024.4910 0.5508 -2.1525 4.1068 0.0095 0.8243 0.5449 -0.1532
1341848024.5268 0.5588 -2.1475 4.1034 0.0072 0.8226 0.5462 -0.1579
1341848024.5586 0.5664 -2.1418 4.0979 0.0060 0.8212 0.5474 -0.1612
1341848024.5947 0.5712 -2.1411 4.0970 0.0055 0.8207 0.5473 -0.1642
1341848024.6267 0.5741 -2.1365 4.0900 0.0046 0.8178 0.5506 -0.1674
1341848024.6587 0.5851 -2.1314 4.0863 0.0025 0.8166 0.5507 -0.1728
1341848024.6948 0.5907 -2.1284 4.0869 0.0036 0.8163 0.5499 -0.1770
1341848024.7271 0.5991 -2.1204 4.0831 0.0042 0.8138 0.5520 -0.1818
1341848024.7589 0.6049 -2.1146 4.0757 0.0046 0.8122 0.5531 -0.1854
1341848024.7947 0.6127 -2.1150 4.0754 0.0036 0.8122 0.5519 -0.1894
1341848024.8267 0.6230 -2.1079 4.0709 0.0026 0.8107 0.5523 -0.1941
1341848024.8628 0.6336 -2.1031 4.0679 0.0048 0.8109 0.5504 -0.1988
1341848024.8948 0.6423 -2.1033 4.0669 0.0077 0.8106 0.5495 -0.2023
1341848024.9268 0.6513 -2.0998 4.0633 0.0097 0.8097 0.5491 -0.2068
1341848024.9627 0.6619 -2.0977 4.0619 0.0119 0.8099 0.5474 -0.2101
1341848024.9947 0.6706 -2.0995 4.0645 0.0144 0.8092 0.5475 -0.2129
1341848025.0269 0.6800 -2.0934 4.0595 0.0155 0.8066 0.5496 -0.2170
1341848025.0626 0.6882 -2.0914 4.0579 0.0151 0.8065 0.5487 -0.2197
1341848025.1311 0.7085 -2.0851 4.0557 0.0129 0.8039 0.5492 -0.2277
1341848025.1631 0.7181 -2.0840 4.0542 0.0151 0.8037 0.5481 -0.2312
1341848025.1949 0.7245 -2.0855 4.0545 0.0168 0.8025 0.5488 -0.2337
1341848025.2306 0.7340 -2.0808 4.0493 0.0174 0.8004 0.5497 -0.2385
1341848025.2627 0.7441 -2.0770 4.0466 0.0182 0.8005 0.5482 -0.2416
1341848025.2947 0.7525 -2.0763 4.0468 0.0189 0.8001 0.5479 -0.2435
1341848025.3307 0.7589 -2.0751 4.0426 0.0180 0.7987 0.5488 -0.2460
1341848025.3630 0.7675 -2.0732 4.0400 0.0170 0.7987 0.5480 -0.2480
1341848025.3988 0.7744 -2.0746 4.0386 0.0182 0.7979 0.5483 -0.2499
1341848025.4307 0.7762 -2.0776 4.0341 0.0195 0.7959 0.5507 -0.2509
1341848025.4628 0.7837 -2.0762 4.0305 0.0165 0.7953 0.5503 -0.2538
1341848025.4987 0.7885 -2.0748 4.0288 0.0154 0.7950 0.5501 -0.2552
1341848025.5308 0.7956 -2.0715 4.0267 0.0153 0.7942 0.5496 -0.2587
1341848025.5668 0.8018 -2.0697 4.0232 0.0150 0.7933 0.5498 -0.2611
1341848025.5987 0.8080 -2.0648 4.0223 0.0135 0.7931 0.5490 -0.2635
1341848025.6307 0.8156 -2.0618 4.0196 0.0130 0.7920 0.5494 -0.2658
1341848025.6667 0.8196 -2.0613 4.0153 0.0136 0.7904 0.5508 -0.2677
1341848025.6988 0.8236 -2.0650 4.0142 0.0133 0.7891 0.5516 -0.2700
1341848025.7307 0.8312 -2.0586 4.0103 0.0104 0.7875 0.5521 -0.2736
1341848025.7667 0.8358 -2.0547 4.0058 0.0097 0.7874 0.5515 -0.2754
1341848025.7989 0.8419 -2.0542 4.0053 0.0108 0.7870 0.5504 -0.2786
1341848025.8348 0.8468 -2.0477 4.0015 0.0125 0.7860 0.5501 -0.2817
1341848025.8667 0.8508 -2.0435 3.9989 0.0156 0.7864 0.5481 -0.2844
1341848025.8987 0.8574 -2.0417 3.9974 0.0167 0.7856 0.5477 -0.2874
1341848025.9348 0.8617 -2.0413 3.9931 0.0179 0.7843 0.5481 -0.2901
1341848025.9671 0.8675 -2.0391 3.9904 0.0183 0.7838 0.5476 -0.2924
1341848025.9987 0.8731 -2.0303 3.9903 0.0202 0.7831 0.5466 -0.2960
1341848026.0346 0.8789 -2.0279 3.9827 0.0209 0.7808 0.5481 -0.2992
1341848026.0669 0.8852 -2.0259 3.9801 0.0222 0.7807 0.5464 -0.3025
1341848026.1028 0.8912 -2.0219 3.9800 0.0235 0.7797 0.5455 -0.3064
1341848026.1347 0.8980 -2.0163 3.9732 0.0265 0.7775 0.5461 -0.3108
1341848026.1667 0.9048 -2.0158 3.9717 0.0296 0.7773 0.5449 -0.3132
1341848026.2028 0.9094 -2.0128 3.9714 0.0313 0.7756 0.5454 -0.3163
1341848026.2349 0.9165 -2.0087 3.9652 0.0330 0.7729 0.5464 -0.3208
1341848026.2670 0.9244 -2.0054 3.9660 0.0365 0.7723 0.5451 -0.3242
1341848026.3029 0.9296 -2.0027 3.9614 0.0393 0.7690 0.5478 -0.3271
1341848026.3348 0.9338 -2.0018 3.9565 0.0395 0.7675 0.5483 -0.3297
1341848026.3710 0.9397 -2.0008 3.9539 0.0395 0.7669 0.5477 -0.3321
1341848026.4027 0.9462 -1.9930 3.9526 0.0417 0.7665 0.5460 -0.3357
1341848026.4347 0.9517 -1.9916 3.9471 0.0433 0.7655 0.5454 -0.3387
1341848026.4708 0.9563 -1.9905 3.9452 0.0445 0.7656 0.5437 -0.3409
1341848026.5027 0.9604 -1.9882 3.9428 0.0448 0.7651 0.5426 -0.3439
1341848026.5347 0.9670 -1.9865 3.9380 0.0438 0.7644 0.5416 -0.3470
1341848026.5708 0.9725 -1.9828 3.9349 0.0427 0.7649 0.5402 -0.3482
1341848026.6027 0.9770 -1.9819 3.9340 0.0411 0.7653 0.5395 -0.3487
1341848026.6420 0.9841 -1.9798 3.9298 0.0405 0.7643 0.5394 -0.3511
1341848026.7028 0.9971 -1.9724 3.9232 0.0398 0.7648 0.5373 -0.3533
1341848026.7388 1.0037 -1.9721 3.9208 0.0390 0.7647 0.5372 -0.3538
1341848026.7708 1.0126 -1.9721 3.9177 0.0385 0.7638 0.5384 -0.3539
1341848026.8067 1.0220 -1.9670 3.9166 0.0384 0.7635 0.5385 -0.3544
1341848026.8387 1.0292 -1.9629 3.9147 0.0378 0.7634 0.5386 -0.3546
1341848026.8780 1.0367 -1.9645 3.9110 0.0364 0.7622 0.5412 -0.3533
1341848026.9389 1.0601 -1.9554 3.9080 0.0354 0.7622 0.5410 -0.3537
1341848026.9707 1.0704 -1.9563 3.9071 0.0354 0.7622 0.5418 -0.3525
1341848027.0068 1.0774 -1.9565 3.9045 0.0344 0.7613 0.5440 -0.3512
1341848027.0387 1.0899 -1.9539 3.9026 0.0352 0.7613 0.5428 -0.3531
1341848027.0748 1.1024 -1.9544 3.9048 0.0363 0.7615 0.5422 -0.3533
1341848027.1067 1.1104 -1.9516 3.9029 0.0378 0.7603 0.5423 -0.3555
1341848027.1387 1.1225 -1.9531 3.8993 0.0371 0.7607 0.5407 -0.3573
1341848027.1748 1.1327 -1.9553 3.8997 0.0368 0.7613 0.5397 -0.3574
1341848027.2072 1.1442 -1.9540 3.8998 0.0369 0.7611 0.5384 -0.3598
1341848027.2387 1.1550 -1.9553 3.8984 0.0375 0.7607 0.5372 -0.3624
1341848027.2747 1.1676 -1.9559 3.8984 0.0371 0.7611 0.5360 -0.3635
1341848027.3067 1.1783 -1.9566 3.8982 0.0373 0.7611 0.5347 -0.3652
1341848027.3428 1.1901 -1.9568 3.8965 0.0376 0.7614 0.5334 -0.3666
1341848027.3749 1.1993 -1.9592 3.8940 0.0383 0.7622 0.5322 -0.3666
1341848027.4068 1.2124 -1.9607 3.8945 0.0380 0.7640 0.5297 -0.3663
1341848027.4430 1.2220 -1.9581 3.8918 0.0388 0.7655 0.5279 -0.3659
1341848027.4748 1.2326 -1.9609 3.8924 0.0376 0.7684 0.5253 -0.3635
1341848027.5067 1.2443 -1.9630 3.8902 0.0380 0.7700 0.5244 -0.3615
1341848027.5433 1.2548 -1.9612 3.8889 0.0378 0.7723 0.5222 -0.3598
1341848027.5747 1.2647 -1.9633 3.8882 0.0374 0.7745 0.5207 -0.3572
1341848027.6107 1.2737 -1.9643 3.8866 0.0363 0.7756 0.5204 -0.3554
1341848027.6427 1.2802 -1.9643 3.8838 0.0367 0.7765 0.5203 -0.3535
1341848027.6747 1.2875 -1.9664 3.8831 0.0362 0.7774 0.5207 -0.3509
1341848027.7110 1.2978 -1.9616 3.8819 0.0369 0.7777 0.5197 -0.3517
1341848027.7428 1.3062 -1.9586 3.8785 0.0368 0.7782 0.5195 -0.3510
1341848027.7788 1.3097 -1.9623 3.8733 0.0360 0.7786 0.5213 -0.3476
1341848027.8107 1.3189 -1.9596 3.8719 0.0346 0.7795 0.5210 -0.3460
1341848027.8428 1.3283 -1.9544 3.8688 0.0337 0.7796 0.5217 -0.3447
1341848027.8787 1.3310 -1.9536 3.8657 0.0336 0.7802 0.5234 -0.3409
1341848027.9111 1.3395 -1.9527 3.8613 0.0319 0.7806 0.5241 -0.3389
1341848027.9427 1.3462 -1.9490 3.8582 0.0308 0.7807 0.5253 -0.3372
1341848027.9788 1.3510 -1.9455 3.8511 0.0299 0.7812 0.5260 -0.3348
1341848028.0110 1.3580 -1.9424 3.8495 0.0278 0.7831 0.5250 -0.3321
1341848028.0467 1.3647 -1.9407 3.8439 0.0263 0.7833 0.5253 -0.3312
1341848028.0790 1.3704 -1.9373 3.8382 0.0285 0.7848 0.5232 -0.3309
1341848028.1110 1.3765 -1.9349 3.8346 0.0291 0.7863 0.5223 -0.3288
1341848028.1506 1.3784 -1.9346 3.8281 0.0301 0.7864 0.5224 -0.3284
1341848028.1860 1.3844 -1.9328 3.8188 0.0298 0.7872 0.5208 -0.3290
1341848028.2542 1.3951 -1.9279 3.8099 0.0316 0.7880 0.5187 -0.3302
1341848028.3149 1.4038 -1.9185 3.8025 0.0321 0.7903 0.5143 -0.3316
1341848028.3790 1.4150 -1.9099 3.7896 0.0328 0.7897 0.5126 -0.3354
1341848028.4146 1.4195 -1.9073 3.7828 0.0335 0.7903 0.5112 -0.3361
1341848028.4476 1.4264 -1.9035 3.7758 0.0331 0.7902 0.5098 -0.3385
1341848028.4828 1.4333 -1.8993 3.7709 0.0342 0.7908 0.5076 -0.3404
1341848028.5147 1.4408 -1.8961 3.7642 0.0373 0.7901 0.5078 -0.3413
1341848028.5466 1.4465 -1.8929 3.7564 0.0385 0.7896 0.5082 -0.3417
1341848028.5827 1.4539 -1.8923 3.7491 0.0369 0.7896 0.5086 -0.3413
1341848028.6146 1.4633 -1.8864 3.7453 0.0382 0.7897 0.5080 -0.3420
1341848028.6538 1.4714 -1.8819 3.7366 0.0387 0.7891 0.5087 -0.3421
1341848028.7218 1.4866 -1.8763 3.7263 0.0394 0.7897 0.5079 -0.3419
1341848028.7829 1.5020 -1.8666 3.7127 0.0403 0.7899 0.5068 -0.3428
1341848028.8148 1.5089 -1.8635 3.7055 0.0401 0.7898 0.5071 -0.3427
1341848028.8508 1.5141 -1.8606 3.6963 0.0407 0.7897 0.5073 -0.3424
1341848028.8827 1.5221 -1.8565 3.6960 0.0419 0.7909 0.5060 -0.3416
1341848028.9148 1.5274 -1.8564 3.6898 0.0439 0.7900 0.5078 -0.3408
1341848028.9509 1.5361 -1.8509 3.6820 0.0452 0.7890 0.5084 -0.3420
1341848028.9827 1.5423 -1.8478 3.6754 0.0446 0.7884 0.5098 -0.3413
1341848029.0187 1.5488 -1.8457 3.6678 0.0424 0.7879 0.5110 -0.3411
1341848029.0829 1.5580 -1.8411 3.6605 0.0401 0.7883 0.5106 -0.3410
1341848029.1188 1.5655 -1.8375 3.6527 0.0401 0.7869 0.5118 -0.3423
1341848029.1507 1.5708 -1.8365 3.6507 0.0402 0.7866 0.5118 -0.3431
1341848029.1827 1.5766 -1.8326 3.6471 0.0374 0.7850 0.5145 -0.3430
1341848029.2187 1.5804 -1.8303 3.6423 0.0390 0.7841 0.5149 -0.3443
1341848029.2506 1.5872 -1.8274 3.6361 0.0370 0.7831 0.5161 -0.3451
1341848029.2870 1.5954 -1.8236 3.6321 0.0329 0.7824 0.5167 -0.3462
1341848029.3202 1.6022 -1.8200 3.6282 0.0308 0.7808 0.5178 -0.3483
1341848029.3510 1.6086 -1.8165 3.6219 0.0327 0.7803 0.5169 -0.3505
1341848029.3869 1.6169 -1.8156 3.6219 0.0318 0.7808 0.5159 -0.3510
1341848029.4188 1.6230 -1.8126 3.6193 0.0311 0.7798 0.5159 -0.3534
1341848029.4508 1.6298 -1.8104 3.6153 0.0310 0.7792 0.5152 -0.3556
1341848029.4868 1.6387 -1.8088 3.6107 0.0301 0.7785 0.5149 -0.3576
1341848029.5189 1.6462 -1.8074 3.6087 0.0290 0.7779 0.5139 -0.3604
1341848029.5547 1.6551 -1.8062 3.6052 0.0305 0.7778 0.5114 -0.3641
1341848029.5870 1.6650 -1.8064 3.6037 0.0319 0.7781 0.5093 -0.3662
1341848029.6187 1.6753 -1.8053 3.6021 0.0326 0.7772 0.5082 -0.3696
1341848029.6553 1.6849 -1.8024 3.5968 0.0331 0.7757 0.5071 -0.3742
1341848029.6868 1.6941 -1.8011 3.5931 0.0326 0.7751 0.5063 -0.3765
1341848029.7188 1.7043 -1.8017 3.5950 0.0330 0.7742 0.5052 -0.3799
1341848029.7548 1.7123 -1.7995 3.5890 0.0343 0.7719 0.5054 -0.3841
1341848029.7869 1.7225 -1.7993 3.5889 0.0343 0.7720 0.5036 -0.3863
1341848029.8228 1.7325 -1.7970 3.5879 0.0340 0.7706 0.5035 -0.3893
1341848029.8548 1.7424 -1.7945 3.5845 0.0340 0.7689 0.5030 -0.3932
1341848029.8880 1.7509 -1.7939 3.5826 0.0358 0.7678 0.5019 -0.3965
1341848029.9228 1.7597 -1.7937 3.5833 0.0367 0.7669 0.5013 -0.3990
1341848029.9546 1.7668 -1.7894 3.5798 0.0367 0.7647 0.5020 -0.4022
1341848029.9908 1.7759 -1.7887 3.5789 0.0367 0.7638 0.5011 -0.4051
1341848030.0229 1.7855 -1.7873 3.5779 0.0372 0.7623 0.5012 -0.4078
1341848030.0548 1.7926 -1.7834 3.5751 0.0369 0.7608 0.5015 -0.4102
1341848030.0908 1.7992 -1.7826 3.5724 0.0370 0.7596 0.5012 -0.4128
1341848030.1228 1.8072 -1.7817 3.5725 0.0362 0.7588 0.5009 -0.4148
1341848030.1549 1.8143 -1.7766 3.5695 0.0355 0.7570 0.5013 -0.4176
1341848030.1907 1.8200 -1.7750 3.5674 0.0351 0.7560 0.5009 -0.4199
1341848030.2227 1.8270 -1.7725 3.5669 0.0343 0.7543 0.5008 -0.4231
1341848030.2589 1.8327 -1.7710 3.5618 0.0329 0.7516 0.5020 -0.4266
1341848030.2909 1.8381 -1.7700 3.5595 0.0334 0.7497 0.5021 -0.4298
1341848030.3228 1.8461 -1.7659 3.5584 0.0324 0.7485 0.5015 -0.4327
1341848030.3589 1.8498 -1.7644 3.5540 0.0327 0.7450 0.5034 -0.4364
1341848030.3908 1.8555 -1.7610 3.5502 0.0319 0.7432 0.5032 -0.4398
1341848030.4228 1.8628 -1.7591 3.5494 0.0314 0.7418 0.5028 -0.4426
1341848030.4589 1.8662 -1.7538 3.5439 0.0319 0.7395 0.5033 -0.4459
1341848030.4908 1.8715 -1.7539 3.5401 0.0314 0.7379 0.5044 -0.4473
1341848030.5267 1.8771 -1.7482 3.5393 0.0309 0.7370 0.5034 -0.4499
1341848030.5658 1.8823 -1.7439 3.5358 0.0304 0.7359 0.5025 -0.4529
1341848030.6270 1.8928 -1.7371 3.5259 0.0319 0.7320 0.5014 -0.4601
1341848030.6589 1.8968 -1.7324 3.5195 0.0338 0.7309 0.4995 -0.4638
1341848030.6907 1.9034 -1.7294 3.5156 0.0348 0.7308 0.4972 -0.4665
1341848030.7268 1.9085 -1.7275 3.5137 0.0354 0.7302 0.4958 -0.4687
1341848030.7588 1.9125 -1.7229 3.5067 0.0360 0.7287 0.4938 -0.4731
1341848030.7947 1.9177 -1.7209 3.5032 0.0354 0.7279 0.4922 -0.4760
1341848030.8275 1.9239 -1.7176 3.4966 0.0358 0.7270 0.4895 -0.4802
1341848030.8598 1.9332 -1.7151 3.4940 0.0370 0.7267 0.4861 -0.4840
1341848030.8947 1.9403 -1.7130 3.4879 0.0414 0.7248 0.4837 -0.4889
1341848030.9267 1.9466 -1.7094 3.4797 0.0455 0.7237 0.4806 -0.4932
1341848030.9587 1.9534 -1.7071 3.4723 0.0452 0.7235 0.4775 -0.4964
1341848030.9947 1.9614 -1.7064 3.4663 0.0451 0.7223 0.4745 -0.5011
1341848031.0267 1.9689 -1.7045 3.4580 0.0468 0.7215 0.4728 -0.5038
1341848031.0628 1.9767 -1.7021 3.4532 0.0505 0.7223 0.4689 -0.5058
1341848031.0948 1.9867 -1.6992 3.4480 0.0526 0.7216 0.4660 -0.5093
1341848031.1268 1.9938 -1.6949 3.4398 0.0543 0.7213 0.4641 -0.5112
1341848031.1629 2.0015 -1.6933 3.4341 0.0564 0.7221 0.4626 -0.5113
1341848031.1947 2.0085 -1.6914 3.4291 0.0579 0.7217 0.4619 -0.5123
1341848031.2310 2.0137 -1.6887 3.4211 0.0591 0.7206 0.4622 -0.5135
1341848031.2627 2.0225 -1.6875 3.4153 0.0604 0.7204 0.4616 -0.5142
1341848031.2947 2.0270 -1.6854 3.4087 0.0641 0.7187 0.4624 -0.5153
1341848031.3308 2.0287 -1.6810 3.4003 0.0648 0.7175 0.4629 -0.5164
1341848031.3630 2.0364 -1.6829 3.3969 0.0637 0.7177 0.4626 -0.5166
1341848031.3948 2.0400 -1.6823 3.3932 0.0626 0.7170 0.4628 -0.5175
1341848031.4306 2.0439 -1.6807 3.3880 0.0621 0.7160 0.4626 -0.5191
1341848031.4722 2.0496 -1.6752 3.3842 0.0606 0.7158 0.4605 -0.5214
1341848031.5021 2.0554 -1.6773 3.3815 0.0581 0.7145 0.4620 -0.5222
1341848031.5629 2.0660 -1.6726 3.3746 0.0560 0.7123 0.4586 -0.5284
1341848031.5987 2.0689 -1.6713 3.3723 0.0562 0.7102 0.4586 -0.5312
1341848031.6308 2.0734 -1.6705 3.3681 0.0559 0.7088 0.4577 -0.5338
1341848031.6628 2.0801 -1.6715 3.3647 0.0549 0.7076 0.4568 -0.5363
1341848031.6988 2.0843 -1.6732 3.3604 0.0542 0.7058 0.4570 -0.5386
1341848031.7307 2.0902 -1.6672 3.3579 0.0525 0.7054 0.4541 -0.5418
1341848031.7667 2.0967 -1.6723 3.3553 0.0509 0.7049 0.4526 -0.5438
1341848031.7987 2.1047 -1.6712 3.3531 0.0502 0.7028 0.4514 -0.5474
1341848031.8308 2.1109 -1.6675 3.3513 0.0508 0.7015 0.4481 -0.5518
1341848031.8667 2.1173 -1.6695 3.3483 0.0511 0.6998 0.4459 -0.5557
1341848031.8987 2.1232 -1.6671 3.3465 0.0488 0.6984 0.4443 -0.5590
1341848031.9308 2.1317 -1.6659 3.3423 0.0489 0.6972 0.4409 -0.5631
1341848031.9667 2.1379 -1.6666 3.3398 0.0490 0.6962 0.4403 -0.5649
1341848031.9987 2.1435 -1.6680 3.3351 0.0479 0.6940 0.4402 -0.5677
1341848032.0347 2.1515 -1.6688 3.3311 0.0462 0.6928 0.4394 -0.5700
1341848032.0667 2.1621 -1.6636 3.3309 0.0463 0.6920 0.4366 -0.5730
1341848032.0987 2.1674 -1.6627 3.3262 0.0471 0.6911 0.4361 -0.5745
1341848032.1347 2.1753 -1.6607 3.3219 0.0459 0.6908 0.4358 -0.5751
1341848032.1670 2.1842 -1.6578 3.3198 0.0454 0.6896 0.4354 -0.5770
1341848032.2030 2.1920 -1.6554 3.3147 0.0457 0.6890 0.4345 -0.5783
1341848032.2347 2.1976 -1.6559 3.3114 0.0455 0.6887 0.4347 -0.5785
1341848032.2667 2.2053 -1.6524 3.3094 0.0451 0.6872 0.4349 -0.5802
1341848032.3028 2.2092 -1.6522 3.3049 0.0449 0.6865 0.4349 -0.5810
1341848032.3346 2.2133 -1.6531 3.3029 0.0445 0.6862 0.4349 -0.5814
1341848032.3667 2.2220 -1.6442 3.3022 0.0436 0.6849 0.4333 -0.5842
1341848032.4030 2.2229 -1.6501 3.2952 0.0437 0.6837 0.4339 -0.5852
1341848032.4347 2.2342 -1.6465 3.2949 0.0423 0.6836 0.4314 -0.5872
1341848032.4708 2.2374 -1.6472 3.2918 0.0421 0.6831 0.4315 -0.5877
1341848032.5030 2.2437 -1.6485 3.2868 0.0422 0.6828 0.4312 -0.5883
1341848032.5347 2.2507 -1.6464 3.2843 0.0419 0.6827 0.4296 -0.5896
1341848032.5709 2.2578 -1.6435 3.2806 0.0414 0.6824 0.4282 -0.5910
1341848032.6030 2.2632 -1.6382 3.2739 0.0408 0.6833 0.4256 -0.5919
1341848032.6347 2.2696 -1.6400 3.2688 0.0399 0.6844 0.4239 -0.5918
1341848032.6708 2.2791 -1.6395 3.2666 0.0384 0.6850 0.4225 -0.5923
1341848032.7028 2.2806 -1.6390 3.2570 0.0368 0.6853 0.4216 -0.5927
1341848032.7387 2.2884 -1.6397 3.2532 0.0374 0.6861 0.4205 -0.5925
1341848032.7707 2.2995 -1.6351 3.2508 0.0378 0.6860 0.4198 -0.5930
1341848032.8029 2.3023 -1.6323 3.2406 0.0378 0.6855 0.4198 -0.5936
1341848032.8388 2.3131 -1.6288 3.2388 0.0360 0.6878 0.4184 -0.5921
1341848032.8707 2.3146 -1.6221 3.2337 0.0375 0.6873 0.4183 -0.5927
1341848032.9027 2.3203 -1.6225 3.2267 0.0379 0.6869 0.4182 -0.5931
1341848032.9388 2.3220 -1.6191 3.2222 0.0378 0.6867 0.4181 -0.5935
1341848032.9708 2.3262 -1.6067 3.2192 0.0379 0.6858 0.4167 -0.5955
1341848033.0067 2.3274 -1.6036 3.2127 0.0378 0.6848 0.4163 -0.5969
1341848033.0392 2.3305 -1.6056 3.2060 0.0381 0.6843 0.4162 -0.5976
1341848033.0708 2.3340 -1.6088 3.1988 0.0364 0.6833 0.4175 -0.5978
1341848033.1069 2.3333 -1.5988 3.1913 0.0347 0.6817 0.4155 -0.6011
1341848033.1391 2.3394 -1.5990 3.1875 0.0351 0.6819 0.4124 -0.6030
1341848033.1707 2.3429 -1.5969 3.1828 0.0379 0.6808 0.4110 -0.6051
1341848033.2069 2.3456 -1.5897 3.1766 0.0393 0.6788 0.4097 -0.6081
1341848033.2387 2.3496 -1.5902 3.1712 0.0392 0.6774 0.4095 -0.6098
1341848033.2749 2.3526 -1.5883 3.1657 0.0384 0.6759 0.4096 -0.6115
1341848033.3067 2.3542 -1.5766 3.1606 0.0394 0.6737 0.4075 -0.6153
1341848033.3388 2.3574 -1.5790 3.1549 0.0404 0.6722 0.4074 -0.6169
1341848033.3748 2.3609 -1.5767 3.1493 0.0406 0.6701 0.4086 -0.6183
1341848033.4068 2.3606 -1.5716 3.1420 0.0400 0.6685 0.4090 -0.6198
1341848033.4431 2.3630 -1.5686 3.1366 0.0402 0.6682 0.4075 -0.6211
1341848033.4747 2.3681 -1.5639 3.1326 0.0404 0.6671 0.4066 -0.6229
1341848033.5068 2.3705 -1.5612 3.1285 0.0405 0.6664 0.4064 -0.6238
1341848033.5429 2.3746 -1.5555 3.1191 0.0405 0.6655 0.4046 -0.6259
1341848033.5748 2.3775 -1.5564 3.1153 0.0404 0.6647 0.4048 -0.6267
1341848033.6069 2.3792 -1.5531 3.1109 0.0427 0.6629 0.4030 -0.6295
1341848033.6429 2.3808 -1.5513 3.1054 0.0441 0.6626 0.4019 -0.6305
1341848033.6749 2.3846 -1.5489 3.1006 0.0440 0.6618 0.4012 -0.6317
1341848033.7108 2.3864 -1.5492 3.0943 0.0453 0.6602 0.4012 -0.6333
1341848033.7428 2.3871 -1.5441 3.0882 0.0459 0.6604 0.3988 -0.6346
1341848033.7748 2.3935 -1.5430 3.0842 0.0446 0.6607 0.3979 -0.6350
1341848033.8111 2.3974 -1.5395 3.0802 0.0439 0.6589 0.3971 -0.6373
1341848033.8428 2.3997 -1.5388 3.0748 0.0453 0.6579 0.3957 -0.6391
1341848033.8749 2.4039 -1.5375 3.0709 0.0463 0.6572 0.3948 -0.6404
1341848033.9112 2.4036 -1.5355 3.0697 0.0461 0.6552 0.3943 -0.6427
1341848033.9428 2.4037 -1.5324 3.0672 0.0441 0.6528 0.3923 -0.6465
1341848033.9789 2.4110 -1.5350 3.0619 0.0403 0.6510 0.3908 -0.6495
1341848034.0108 2.4137 -1.5352 3.0581 -0.0362 -0.6484 -0.3878 0.6542
1341848034.0427 2.4189 -1.5295 3.0550 -0.0332 -0.6448 -0.3834 0.6604
1341848034.0788 2.4208 -1.5308 3.0523 -0.0345 -0.6428 -0.3807 0.6638
1341848034.1108 2.4255 -1.5314 3.0491 -0.0344 -0.6417 -0.3766 0.6672
1341848034.1427 2.4246 -1.5351 3.0479 -0.0332 -0.6378 -0.3729 0.6731
1341848034.1788 2.4352 -1.5291 3.0438 -0.0286 -0.6350 -0.3690 0.6781
1341848034.2107 2.4383 -1.5341 3.0403 -0.0294 -0.6337 -0.3674 0.6801
1341848034.2467 2.4453 -1.5303 3.0376 -0.0306 -0.6307 -0.3635 0.6849
1341848034.2787 2.4509 -1.5321 3.0332 -0.0308 -0.6283 -0.3618 0.6880
1341848034.3181 2.4551 -1.5320 3.0322 -0.0299 -0.6277 -0.3583 0.6905
1341848034.3538 2.4631 -1.5297 3.0279 -0.0298 -0.6255 -0.3555 0.6938
1341848034.3862 2.4693 -1.5283 3.0223 -0.0311 -0.6242 -0.3525 0.6965
1341848034.4218 2.4748 -1.5300 3.0190 -0.0318 -0.6233 -0.3517 0.6977
1341848034.4538 2.4805 -1.5262 3.0148 -0.0320 -0.6216 -0.3506 0.6998
1341848034.4857 2.4865 -1.5249 3.0090 -0.0320 -0.6209 -0.3498 0.7008
1341848034.5217 2.4944 -1.5199 3.0035 -0.0303 -0.6210 -0.3495 0.7009
1341848034.5537 2.5005 -1.5181 2.9980 -0.0295 -0.6200 -0.3500 0.7016
1341848034.5858 2.5098 -1.5071 2.9928 -0.0296 -0.6199 -0.3492 0.7021
1341848034.6538 2.5275 -1.5035 2.9823 -0.0319 -0.6181 -0.3526 0.7019
1341848034.7152 2.5384 -1.4981 2.9718 -0.0338 -0.6161 -0.3538 0.7029
1341848034.7467 2.5503 -1.4897 2.9669 -0.0341 -0.6160 -0.3533 0.7033
1341848034.7828 2.5565 -1.4856 2.9642 -0.0352 -0.6149 -0.3541 0.7037
1341848034.8147 2.5595 -1.4770 2.9591 -0.0359 -0.6143 -0.3531 0.7048
1341848034.8469 2.5658 -1.4722 2.9570 -0.0348 -0.6144 -0.3540 0.7043
1341848034.8827 2.5653 -1.4725 2.9532 -0.0373 -0.6129 -0.3558 0.7046
1341848034.9148 2.5712 -1.4707 2.9496 -0.0368 -0.6116 -0.3558 0.7057
1341848034.9515 2.5772 -1.4587 2.9474 -0.0358 -0.6103 -0.3558 0.7068
1341848034.9830 2.5762 -1.4654 2.9467 -0.0374 -0.6089 -0.3574 0.7072
1341848035.0149 2.5862 -1.4513 2.9389 -0.0366 -0.6064 -0.3558 0.7101
1341848035.0509 2.5825 -1.4560 2.9391 -0.0390 -0.6058 -0.3575 0.7097
1341848035.0843 2.5863 -1.4579 2.9364 -0.0391 -0.6054 -0.3582 0.7097
1341848035.1189 2.5875 -1.4528 2.9373 -0.0398 -0.6045 -0.3586 0.7102
1341848035.2189 2.6013 -1.4324 2.9163 -0.0389 -0.6003 -0.3581 0.7141
1341848035.2843 2.6054 -1.4289 2.9037 -0.0390 -0.5994 -0.3577 0.7150
1341848035.3199 2.6095 -1.4275 2.8992 -0.0391 -0.5992 -0.3570 0.7155
1341848035.3510 2.6097 -1.4209 2.8931 -0.0391 -0.5990 -0.3549 0.7167
1341848035.4227 2.6162 -1.4174 2.8818 -0.0411 -0.5994 -0.3506 0.7184
1341848035.4868 2.6219 -1.4060 2.8661 -0.0416 -0.5995 -0.3457 0.7207
1341848035.5186 2.6228 -1.4016 2.8621 -0.0439 -0.5993 -0.3434 0.7218
1341848035.5509 2.6187 -1.3972 2.8555 -0.0467 -0.5984 -0.3401 0.7239
1341848035.5867 2.6191 -1.3939 2.8495 -0.0461 -0.5987 -0.3373 0.7250
1341848035.6188 2.6246 -1.3903 2.8422 -0.0455 -0.5971 -0.3355 0.7272
1341848035.6547 2.6241 -1.3889 2.8383 -0.0480 -0.5956 -0.3336 0.7292
1341848035.6867 2.6283 -1.3877 2.8325 -0.0505 -0.5944 -0.3314 0.7310
1341848035.7188 2.6289 -1.3804 2.8265 -0.0521 -0.5907 -0.3302 0.7344
1341848035.7560 2.6234 -1.3781 2.8231 -0.0542 -0.5891 -0.3291 0.7360
1341848035.7867 2.6267 -1.3775 2.8182 -0.0539 -0.5880 -0.3288 0.7371
1341848035.8188 2.6276 -1.3719 2.8128 -0.0542 -0.5848 -0.3279 0.7399
1341848035.8547 2.6302 -1.3715 2.8060 -0.0551 -0.5834 -0.3262 0.7417
1341848035.8867 2.6318 -1.3639 2.7989 -0.0555 -0.5828 -0.3224 0.7438
1341848035.9228 2.6304 -1.3647 2.7929 -0.0580 -0.5821 -0.3210 0.7448
1341848035.9546 2.6298 -1.3660 2.7888 -0.0593 -0.5828 -0.3199 0.7446
1341848035.9867 2.6322 -1.3589 2.7800 -0.0618 -0.5830 -0.3157 0.7461
1341848036.0228 2.6382 -1.3550 2.7744 -0.0646 -0.5827 -0.3141 0.7467
1341848036.0549 2.6359 -1.3494 2.7668 -0.0664 -0.5815 -0.3128 0.7481
1341848036.0870 2.6390 -1.3487 2.7611 -0.0663 -0.5808 -0.3127 0.7487
1341848036.1227 2.6400 -1.3474 2.7575 -0.0662 -0.5793 -0.3149 0.7489
1341848036.1548 2.6353 -1.3420 2.7512 -0.0679 -0.5772 -0.3147 0.7505
1341848036.1908 2.6347 -1.3427 2.7474 -0.0679 -0.5769 -0.3150 0.7506
1341848036.2233 2.6382 -1.3354 2.7376 -0.0669 -0.5747 -0.3143 0.7527
1341848036.2547 2.6377 -1.3285 2.7307 -0.0646 -0.5735 -0.3147 0.7536
1341848036.2908 2.6409 -1.3257 2.7227 -0.0616 -0.5710 -0.3155 0.7554
1341848036.3549 2.6386 -1.3214 2.7158 -0.0617 -0.5689 -0.3166 0.7565
1341848036.3908 2.6318 -1.3307 2.7247 -0.0642 -0.5716 -0.3178 0.7538
1341848036.4588 2.6397 -1.3114 2.7003 -0.0604 -0.5657 -0.3153 0.7595
1341848036.4912 2.6393 -1.3087 2.6937 -0.0601 -0.5660 -0.3156 0.7593
1341848036.5227 2.6401 -1.3062 2.6874 -0.0599 -0.5657 -0.3153 0.7596
1341848036.5589 2.6482 -1.2948 2.6776 -0.0562 -0.5649 -0.3126 0.7616
1341848036.5907 2.6425 -1.2956 2.6728 -0.0559 -0.5638 -0.3118 0.7627
1341848036.6268 2.6460 -1.2956 2.6642 -0.0566 -0.5625 -0.3101 0.7644
1341848036.6587 2.6476 -1.2858 2.6545 -0.0556 -0.5619 -0.3054 0.7668
1341848036.6912 2.6486 -1.2792 2.6458 -0.0527 -0.5616 -0.3024 0.7684
1341848036.7268 2.6558 -1.2799 2.6353 -0.0521 -0.5607 -0.3002 0.7700
1341848036.7589 2.6558 -1.2712 2.6248 -0.0519 -0.5594 -0.2961 0.7725
1341848036.7907 2.6584 -1.2668 2.6165 -0.0502 -0.5589 -0.2928 0.7742
1341848036.8270 2.6643 -1.2659 2.6065 -0.0486 -0.5570 -0.2925 0.7758
1341848036.8586 2.6671 -1.2639 2.5974 -0.0499 -0.5550 -0.2904 0.7779
1341848036.9268 2.6708 -1.2499 2.5771 -0.0495 -0.5519 -0.2842 0.7824
1341848036.9587 2.6776 -1.2455 2.5646 -0.0463 -0.5507 -0.2828 0.7839
1341848036.9948 2.6796 -1.2416 2.5570 -0.0459 -0.5495 -0.2804 0.7857
1341848037.0268 2.6804 -1.2373 2.5475 -0.0443 -0.5492 -0.2794 0.7863
1341848037.0610 2.6828 -1.2311 2.5386 -0.0404 -0.5494 -0.2785 0.7868
1341848037.0947 2.6854 -1.2323 2.5288 -0.0399 -0.5494 -0.2764 0.7875
1341848037.1267 2.6929 -1.2222 2.5169 -0.0374 -0.5498 -0.2733 0.7884
1341848037.1628 2.6897 -1.2189 2.5056 -0.0341 -0.5509 -0.2708 0.7886
1341848037.1947 2.6850 -1.2167 2.4926 -0.0285 -0.5546 -0.2689 0.7870
1341848037.2270 2.6993 -1.2077 2.4867 -0.0244 -0.5581 -0.2644 0.7861
1341848037.2637 2.7003 -1.2025 2.4730 -0.0230 -0.5603 -0.2609 0.7858
1341848037.2952 2.7063 -1.1999 2.4626 -0.0176 -0.5647 -0.2605 0.7829
1341848037.3269 2.7129 -1.1931 2.4560 -0.0161 -0.5650 -0.2605 0.7827
1341848037.3627 2.7090 -1.1899 2.4452 -0.0165 -0.5648 -0.2599 0.7831
1341848037.3951 2.7089 -1.1836 2.4369 -0.0122 -0.5660 -0.2608 0.7820
1341848037.4309 2.7114 -1.1795 2.4292 -0.0098 -0.5661 -0.2614 0.7818
1341848037.4628 2.7125 -1.1750 2.4157 -0.0090 -0.5654 -0.2615 0.7822
1341848037.5307 2.7173 -1.1636 2.3988 -0.0061 -0.5660 -0.2627 0.7814
1341848037.5630 2.7161 -1.1605 2.3885 -0.0061 -0.5644 -0.2645 0.7820
1341848037.5958 2.7133 -1.1523 2.3803 -0.0043 -0.5642 -0.2646 0.7821
1341848037.6308 2.7134 -1.1467 2.3735 -0.0040 -0.5626 -0.2657 0.7828
1341848037.6627 2.7102 -1.1441 2.3674 -0.0036 -0.5602 -0.2671 0.7841
1341848037.6987 2.7083 -1.1379 2.3578 -0.0015 -0.5584 -0.2679 0.7851
1341848037.7310 2.7084 -1.1312 2.3506 -0.0006 -0.5564 -0.2667 0.7870
1341848037.7698 2.7075 -1.1242 2.3432 -0.0002 -0.5542 -0.2658 0.7888
1341848037.8378 2.7044 -1.1219 2.3249 -0.0006 -0.5510 -0.2647 0.7914
1341848037.8989 2.6966 -1.1068 2.3135 -0.0075 -0.5452 -0.2613 0.7965
1341848037.9309 2.6933 -1.1009 2.3080 -0.0095 -0.5413 -0.2606 0.7994
1341848037.9669 2.6928 -1.0926 2.3003 -0.0114 -0.5374 -0.2606 0.8020
1341848037.9986 2.6900 -1.0872 2.2906 -0.0135 -0.5345 -0.2609 0.8038
1341848038.0309 2.6866 -1.0803 2.2855 -0.0148 -0.5319 -0.2607 0.8056
1341848038.0668 2.6852 -1.0733 2.2792 -0.0166 -0.5276 -0.2614 0.8081
1341848038.0987 2.6808 -1.0704 2.2722 -0.0198 -0.5237 -0.2614 0.8106
1341848038.1347 2.6774 -1.0664 2.2663 -0.0211 -0.5214 -0.2618 0.8119
1341848038.1667 2.6770 -1.0607 2.2573 -0.0206 -0.5179 -0.2630 0.8137
1341848038.1987 2.6731 -1.0543 2.2518 -0.0220 -0.5150 -0.2617 0.8160
1341848038.2347 2.6685 -1.0522 2.2461 -0.0240 -0.5140 -0.2604 0.8170
1341848038.2741 2.6673 -1.0490 2.2410 -0.0229 -0.5127 -0.2606 0.8177
1341848038.3065 2.6661 -1.0425 2.2330 -0.0223 -0.5103 -0.2612 0.8190
1341848038.3419 2.6629 -1.0364 2.2241 -0.0220 -0.5082 -0.2604 0.8206
1341848038.3741 2.6582 -1.0375 2.2233 -0.0210 -0.5073 -0.2615 0.8209
1341848038.4098 2.6572 -1.0292 2.2096 -0.0192 -0.5043 -0.2620 0.8226
1341848038.4418 2.6552 -1.0260 2.2011 -0.0187 -0.5039 -0.2602 0.8234
1341848038.4739 2.6537 -1.0260 2.2000 -0.0196 -0.5037 -0.2604 0.8235
1341848038.5102 2.6484 -1.0260 2.1998 -0.0189 -0.5036 -0.2608 0.8234
1341848038.5669 2.6498 -1.0143 2.1682 -0.0112 -0.4998 -0.2580 0.8268
1341848038.6030 2.6460 -1.0178 2.1705 -0.0117 -0.5016 -0.2595 0.8252
1341848038.6347 2.6465 -0.9995 2.1492 -0.0083 -0.4996 -0.2565 0.8274
1341848038.6707 2.6487 -0.9971 2.1396 -0.0080 -0.4989 -0.2576 0.8275
1341848038.7029 2.6432 -0.9963 2.1348 -0.0088 -0.4990 -0.2584 0.8272
1341848038.7348 2.6474 -0.9829 2.1215 -0.0039 -0.4985 -0.2571 0.8279
1341848038.7707 2.6473 -0.9791 2.1155 -0.0032 -0.4974 -0.2570 0.8286
1341848038.8028 2.6483 -0.9703 2.1043 -0.0036 -0.4969 -0.2556 0.8293
1341848038.8388 2.6491 -0.9707 2.0961 -0.0046 -0.4973 -0.2548 0.8293
1341848038.8711 2.6519 -0.9643 2.0867 -0.0028 -0.4947 -0.2540 0.8311
1341848038.9028 2.6529 -0.9552 2.0792 -0.0040 -0.4923 -0.2516 0.8332
1341848038.9388 2.6561 -0.9502 2.0684 -0.0056 -0.4919 -0.2485 0.8344
1341848038.9708 2.6629 -0.9420 2.0598 -0.0054 -0.4892 -0.2468 0.8365
1341848039.0026 2.6648 -0.9370 2.0541 -0.0070 -0.4853 -0.2471 0.8387
1341848039.0389 2.6619 -0.9357 2.0477 -0.0073 -0.4835 -0.2450 0.8403
1341848039.0708 2.6680 -0.9273 2.0359 -0.0063 -0.4811 -0.2429 0.8423
1341848039.1068 2.6683 -0.9210 2.0315 -0.0067 -0.4801 -0.2415 0.8433
1341848039.1387 2.6711 -0.9217 2.0215 -0.0074 -0.4790 -0.2403 0.8443
1341848039.1707 2.6748 -0.9100 2.0138 -0.0069 -0.4766 -0.2382 0.8462
1341848039.2068 2.6731 -0.9064 2.0074 -0.0079 -0.4752 -0.2372 0.8473
1341848039.2389 2.6766 -0.9051 1.9958 -0.0066 -0.4745 -0.2363 0.8479
1341848039.2710 2.6825 -0.9029 1.9919 -0.0067 -0.4735 -0.2359 0.8486
1341848039.3067 2.6825 -0.8951 1.9833 -0.0073 -0.4719 -0.2345 0.8499
1341848039.3389 2.6870 -0.8892 1.9740 -0.0070 -0.4713 -0.2324 0.8508
1341848039.3748 2.6895 -0.8856 1.9691 -0.0062 -0.4703 -0.2335 0.8510
1341848039.4069 2.6900 -0.8812 1.9644 -0.0068 -0.4685 -0.2335 0.8520
1341848039.4389 2.6927 -0.8764 1.9559 -0.0070 -0.4671 -0.2333 0.8529
1341848039.4749 2.6909 -0.8724 1.9518 -0.0073 -0.4653 -0.2345 0.8535
1341848039.5071 2.6887 -0.8686 1.9481 -0.0075 -0.4633 -0.2349 0.8545
1341848039.5387 2.6880 -0.8636 1.9417 -0.0054 -0.4615 -0.2349 0.8554
1341848039.5749 2.6900 -0.8600 1.9361 -0.0054 -0.4616 -0.2352 0.8553
1341848039.6067 2.6888 -0.8545 1.9289 -0.0048 -0.4609 -0.2352 0.8557
1341848039.6427 2.6887 -0.8528 1.9263 -0.0033 -0.4592 -0.2361 0.8564
1341848039.6748 2.6850 -0.8507 1.9209 -0.0018 -0.4585 -0.2368 0.8565
1341848039.7072 2.6856 -0.8386 1.9041 -0.0007 -0.4568 -0.2355 0.8578
1341848039.7429 2.6839 -0.8318 1.9012 0.0007 -0.4555 -0.2359 0.8584
1341848039.7753 2.6766 -0.8319 1.8956 0.0009 -0.4530 -0.2368 0.8595
1341848039.8069 2.6778 -0.8242 1.8887 0.0033 -0.4526 -0.2362 0.8599
1341848039.8433 2.6754 -0.8213 1.8845 0.0036 -0.4510 -0.2362 0.8607
1341848039.8818 2.6695 -0.8200 1.8799 0.0030 -0.4493 -0.2355 0.8618
1341848039.9434 2.6673 -0.8077 1.8604 0.0042 -0.4459 -0.2328 0.8643
1341848039.9748 2.6620 -0.8045 1.8565 0.0021 -0.4451 -0.2307 0.8652
1341848040.0107 2.6547 -0.8007 1.8527 0.0023 -0.4450 -0.2287 0.8658
1341848040.0428 2.6571 -0.7988 1.8459 0.0008 -0.4436 -0.2283 0.8666
1341848040.0787 2.6511 -0.7887 1.8414 -0.0011 -0.4412 -0.2260 0.8685
1341848040.1108 2.6456 -0.7725 1.8273 -0.0022 -0.4365 -0.2234 0.8715
1341848040.1427 2.6418 -0.7719 1.8226 -0.0040 -0.4329 -0.2232 0.8734
1341848040.1788 2.6389 -0.7653 1.8155 -0.0052 -0.4303 -0.2239 0.8745
1341848040.2110 2.6354 -0.7598 1.8109 -0.0087 -0.4280 -0.2223 0.8760
1341848040.2427 2.6323 -0.7566 1.8044 -0.0115 -0.4247 -0.2217 0.8777
1341848040.2789 2.6249 -0.7563 1.8070 -0.0126 -0.4228 -0.2212 0.8787
1341848040.3107 2.6235 -0.7565 1.7992 -0.0132 -0.4217 -0.2187 0.8799
1341848040.3469 2.6243 -0.7518 1.7895 -0.0148 -0.4196 -0.2167 0.8814
1341848040.3788 2.6158 -0.7456 1.7876 -0.0168 -0.4177 -0.2138 0.8829
1341848040.4109 2.6100 -0.7484 1.7797 -0.0168 -0.4161 -0.2107 0.8844
1341848040.4467 2.6095 -0.7433 1.7704 -0.0162 -0.4151 -0.2066 0.8859
1341848040.4787 2.6065 -0.7431 1.7652 -0.0175 -0.4148 -0.2037 0.8866
1341848040.5178 2.6036 -0.7402 1.7620 -0.0157 -0.4148 -0.2020 0.8870
1341848040.5789 2.6015 -0.7362 1.7428 -0.0142 -0.4129 -0.2008 0.8883
1341848040.6149 2.5951 -0.7318 1.7359 -0.0144 -0.4112 -0.1991 0.8894
1341848040.6468 2.5958 -0.7381 1.7311 -0.0141 -0.4099 -0.1997 0.8899
1341848040.6790 2.5894 -0.7378 1.7289 -0.0130 -0.4062 -0.1988 0.8918
1341848040.7147 2.5862 -0.7414 1.7213 -0.0098 -0.4004 -0.1976 0.8947
1341848040.7468 2.5803 -0.7372 1.7145 -0.0050 -0.3934 -0.1951 0.8984
1341848040.7788 2.5832 -0.7281 1.7070 0.0009 -0.3891 -0.1932 0.9007
1341848040.8147 2.5822 -0.7288 1.7004 0.0011 -0.3830 -0.1921 0.9035
1341848040.8469 2.5735 -0.7217 1.6969 0.0033 -0.3783 -0.1896 0.9060
1341848040.8828 2.5748 -0.7265 1.6928 0.0052 -0.3748 -0.1888 0.9076
1341848040.9147 2.5723 -0.7241 1.6852 0.0051 -0.3698 -0.1866 0.9102
1341848040.9469 2.5653 -0.7214 1.6835 0.0046 -0.3669 -0.1836 0.9119
1341848040.9845 2.5625 -0.7179 1.6762 0.0051 -0.3616 -0.1810 0.9146
1341848041.0226 2.5582 -0.6933 1.6711 0.0067 -0.3573 -0.1749 0.9174
1341848041.0589 2.5533 -0.7031 1.6694 0.0016 -0.3565 -0.1709 0.9185
1341848041.0943 2.5576 -0.6939 1.6661 0.0022 -0.3522 -0.1678 0.9207
1341848041.1222 2.5530 -0.6862 1.6604 -0.0014 -0.3467 -0.1651 0.9233
1341848041.1900 2.5482 -0.6813 1.6521 -0.0094 -0.3406 -0.1557 0.9272
1341848041.2507 2.5411 -0.6704 1.6446 -0.0131 -0.3355 -0.1515 0.9297
1341848041.2831 2.5373 -0.6658 1.6400 -0.0167 -0.3321 -0.1504 0.9310
1341848041.3193 2.5267 -0.6728 1.6416 -0.0211 -0.3303 -0.1500 0.9316
1341848041.3555 2.5273 -0.6603 1.6337 -0.0175 -0.3275 -0.1481 0.9330
1341848041.3849 2.5217 -0.6654 1.6355 -0.0200 -0.3249 -0.1501 0.9335
1341848041.4188 2.5117 -0.6645 1.6321 -0.0211 -0.3202 -0.1474 0.9356
1341848041.4508 2.5147 -0.6560 1.6235 -0.0207 -0.3171 -0.1453 0.9370
1341848041.4828 2.5087 -0.6513 1.6291 -0.0229 -0.3150 -0.1468 0.9374
1341848041.5188 2.4952 -0.6384 1.6219 -0.0221 -0.3080 -0.1443 0.9401
1341848041.5507 2.4910 -0.6380 1.6186 -0.0217 -0.3031 -0.1448 0.9416
1341848041.5868 2.4819 -0.6305 1.6150 -0.0210 -0.2986 -0.1448 0.9431
1341848041.6187 2.4789 -0.6296 1.6125 -0.0213 -0.2965 -0.1437 0.9439
1341848041.6510 2.4707 -0.6281 1.6085 -0.0216 -0.2935 -0.1429 0.9450
1341848041.6868 2.4614 -0.6278 1.6099 -0.0216 -0.2928 -0.1423 0.9453
1341848041.7188 2.4510 -0.6218 1.6069 -0.0202 -0.2900 -0.1391 0.9466
1341848041.7508 2.4391 -0.6236 1.6032 -0.0219 -0.2877 -0.1361 0.9477
1341848041.7867 2.4277 -0.6064 1.5951 -0.0177 -0.2852 -0.1311 0.9493
1341848041.8187 2.4150 -0.6093 1.5936 -0.0188 -0.2853 -0.1282 0.9496
1341848041.8547 2.4101 -0.6087 1.5872 -0.0197 -0.2857 -0.1255 0.9499
1341848041.8867 2.3994 -0.6057 1.5847 -0.0201 -0.2839 -0.1230 0.9507
1341848041.9187 2.3911 -0.6174 1.5826 -0.0213 -0.2840 -0.1205 0.9510
1341848041.9950 2.3758 -0.6118 1.5726 -0.0223 -0.2809 -0.1143 0.9526
1341848042.0189 2.3602 -0.6125 1.5759 -0.0238 -0.2794 -0.1094 0.9536
1341848042.0546 2.3541 -0.6093 1.5670 -0.0209 -0.2773 -0.1075 0.9545
1341848042.0895 2.3449 -0.6059 1.5603 -0.0224 -0.2740 -0.1063 0.9556
1341848042.1229 2.3331 -0.6095 1.5636 -0.0250 -0.2731 -0.1027 0.9562
1341848042.1548 2.3290 -0.6106 1.5575 -0.0239 -0.2714 -0.1015 0.9568
1341848042.1867 2.3209 -0.6081 1.5572 -0.0237 -0.2685 -0.1021 0.9576
1341848042.2229 2.3046 -0.6070 1.5562 -0.0247 -0.2641 -0.0994 0.9590
1341848042.2548 2.3007 -0.6074 1.5531 -0.0241 -0.2621 -0.1001 0.9595
1341848042.2907 2.2923 -0.6048 1.5550 -0.0230 -0.2577 -0.1025 0.9605
1341848042.3228 2.2798 -0.6002 1.5521 -0.0231 -0.2535 -0.1003 0.9619
1341848042.3550 2.2749 -0.5955 1.5504 -0.0246 -0.2522 -0.0967 0.9625
1341848042.3907 2.2678 -0.5947 1.5476 -0.0273 -0.2493 -0.0962 0.9633
1341848042.4297 2.2496 -0.5885 1.5482 -0.0271 -0.2436 -0.0935 0.9650
1341848042.4909 2.2426 -0.5873 1.5450 -0.0309 -0.2381 -0.0892 0.9667
1341848042.5227 2.2239 -0.5847 1.5471 -0.0330 -0.2321 -0.0867 0.9683
1341848042.5587 2.2226 -0.5840 1.5463 -0.0323 -0.2292 -0.0836 0.9692
1341848042.5908 2.2129 -0.5752 1.5416 -0.0323 -0.2239 -0.0809 0.9707
1341848042.6227 2.1980 -0.5791 1.5490 -0.0347 -0.2205 -0.0769 0.9717
1341848042.6587 2.1975 -0.5763 1.5420 -0.0317 -0.2183 -0.0734 0.9726
1341848042.6978 2.1918 -0.5667 1.5390 -0.0298 -0.2138 -0.0703 0.9739
1341848042.7298 2.1811 -0.5635 1.5368 -0.0311 -0.2095 -0.0634 0.9752
1341848042.7616 2.1806 -0.5625 1.5304 -0.0321 -0.2070 -0.0593 0.9760
1341848042.7980 2.1754 -0.5555 1.5270 -0.0321 -0.2018 -0.0568 0.9773
1341848042.8297 2.1687 -0.5541 1.5271 -0.0334 -0.1961 -0.0542 0.9785
1341848042.8617 2.1655 -0.5549 1.5226 -0.0355 -0.1912 -0.0511 0.9796
1341848042.8978 2.1579 -0.5520 1.5194 -0.0365 -0.1864 -0.0495 0.9806
1341848042.9299 2.1461 -0.5507 1.5229 -0.0363 -0.1826 -0.0487 0.9813
1341848042.9657 2.1449 -0.5482 1.5216 -0.0348 -0.1800 -0.0450 0.9820
1341848042.9980 2.1394 -0.5418 1.5150 -0.0342 -0.1766 -0.0413 0.9828
1341848043.0303 2.1288 -0.5371 1.5108 -0.0347 -0.1726 -0.0379 0.9836
1341848043.0657 2.1293 -0.5401 1.5102 -0.0368 -0.1708 -0.0368 0.9839
1341848043.0979 2.1192 -0.5382 1.5070 -0.0382 -0.1663 -0.0356 0.9847
1341848043.1340 2.1100 -0.5345 1.5055 -0.0377 -0.1628 -0.0339 0.9853
1341848043.1658 2.1050 -0.5315 1.5046 -0.0379 -0.1601 -0.0329 0.9858
1341848043.2019 2.0905 -0.5327 1.5056 -0.0389 -0.1569 -0.0339 0.9863
1341848043.2339 2.0864 -0.5348 1.5032 -0.0385 -0.1553 -0.0318 0.9866
1341848043.2657 2.0790 -0.5303 1.4973 -0.0372 -0.1516 -0.0294 0.9873
1341848043.3018 2.0717 -0.5325 1.4976 -0.0383 -0.1496 -0.0286 0.9876
1341848043.3340 2.0561 -0.5267 1.4995 -0.0345 -0.1451 -0.0272 0.9884
1341848043.3698 2.0532 -0.5265 1.4935 -0.0344 -0.1434 -0.0256 0.9887
1341848043.4017 2.0416 -0.5275 1.4926 -0.0351 -0.1424 -0.0246 0.9889
1341848043.4339 2.0385 -0.5312 1.4917 -0.0360 -0.1428 -0.0235 0.9888
1341848043.4696 2.0257 -0.5298 1.4927 -0.0357 -0.1391 -0.0224 0.9894
1341848043.5017 2.0087 -0.5345 1.4907 -0.0381 -0.1348 -0.0185 0.9900
1341848043.5378 1.9975 -0.5374 1.4903 -0.0373 -0.1347 -0.0175 0.9900
1341848043.5697 1.9937 -0.5350 1.4895 -0.0373 -0.1340 -0.0144 0.9902
1341848043.6018 1.9797 -0.5324 1.4919 -0.0382 -0.1325 -0.0123 0.9904
1341848043.6378 1.9680 -0.5285 1.4926 -0.0386 -0.1309 -0.0107 0.9906
1341848043.6701 1.9527 -0.5285 1.4965 -0.0395 -0.1280 -0.0099 0.9909
1341848043.7020 1.9361 -0.5263 1.4961 -0.0391 -0.1244 -0.0091 0.9914
1341848043.7378 1.9270 -0.5258 1.4951 -0.0398 -0.1233 -0.0076 0.9915
1341848043.7698 1.9290 -0.5286 1.5031 -0.0435 -0.1255 -0.0049 0.9911
1341848043.8058 1.9140 -0.5328 1.5091 -0.0461 -0.1227 -0.0034 0.9914
1341848043.8379 1.8981 -0.5435 1.5076 -0.0470 -0.1185 -0.0041 0.9918
1341848043.8697 1.8955 -0.5357 1.5092 -0.0432 -0.1185 -0.0022 0.9920
1341848043.9057 1.8835 -0.5380 1.5113 -0.0455 -0.1169 -0.0010 0.9921
1341848043.9380 1.8732 -0.5390 1.5130 -0.0452 -0.1168 -0.0002 0.9921
1341848043.9698 1.8675 -0.5351 1.5126 -0.0434 -0.1150 -0.0013 0.9924
1341848044.0059 1.8516 -0.5405 1.5156 -0.0462 -0.1111 -0.0030 0.9927
1341848044.0377 1.8399 -0.5465 1.5146 -0.0468 -0.1102 -0.0020 0.9928
1341848044.0738 1.8393 -0.5424 1.5127 -0.0444 -0.1112 -0.0014 0.9928
1341848044.1058 1.8213 -0.5383 1.5179 -0.0459 -0.1086 -0.0004 0.9930
1341848044.1377 1.8132 -0.5441 1.5200 -0.0472 -0.1095 0.0006 0.9929
1341848044.1738 1.8095 -0.5416 1.5195 -0.0463 -0.1090 0.0005 0.9930
1341848044.2057 1.7997 -0.5434 1.5223 -0.0474 -0.1058 0.0004 0.9933
1341848044.2378 1.7894 -0.5455 1.5225 -0.0478 -0.1037 0.0017 0.9935
1341848044.2738 1.7849 -0.5433 1.5236 -0.0474 -0.1030 0.0027 0.9935
1341848044.3057 1.7748 -0.5452 1.5263 -0.0490 -0.1000 0.0027 0.9938
1341848044.3378 1.7648 -0.5470 1.5265 -0.0493 -0.0972 0.0033 0.9940
1341848044.3737 1.7555 -0.5435 1.5272 -0.0486 -0.0944 0.0062 0.9943
1341848044.4059 1.7553 -0.5450 1.5329 -0.0505 -0.0942 0.0078 0.9942
1341848044.4417 1.7468 -0.5466 1.5353 -0.0517 -0.0899 0.0110 0.9946
1341848044.4737 1.7449 -0.5474 1.5385 -0.0523 -0.0879 0.0143 0.9947
1341848044.5057 1.7410 -0.5492 1.5429 -0.0536 -0.0840 0.0178 0.9949
1341848044.5419 1.7296 -0.5496 1.5450 -0.0543 -0.0770 0.0214 0.9953
1341848044.5738 1.7275 -0.5501 1.5489 -0.0540 -0.0749 0.0248 0.9954
1341848044.6058 1.7183 -0.5477 1.5536 -0.0536 -0.0695 0.0298 0.9957
1341848044.6417 1.7070 -0.5463 1.5538 -0.0545 -0.0626 0.0352 0.9959
1341848044.7060 1.6890 -0.5456 1.5625 -0.0536 -0.0550 0.0436 0.9961
1341848044.7710 1.6759 -0.5475 1.5654 -0.0521 -0.0484 0.0513 0.9961
1341848044.8028 1.6703 -0.5418 1.5652 -0.0492 -0.0467 0.0529 0.9963
1341848044.8349 1.6592 -0.5452 1.5675 -0.0510 -0.0420 0.0545 0.9963
1341848044.8707 1.6522 -0.5495 1.5701 -0.0506 -0.0406 0.0594 0.9961
1341848044.9027 1.6426 -0.5447 1.5678 -0.0473 -0.0393 0.0626 0.9961
1341848044.9708 1.6264 -0.5459 1.5682 -0.0481 -0.0375 0.0693 0.9957
1341848045.0026 1.6210 -0.5418 1.5659 -0.0479 -0.0390 0.0716 0.9955
1341848045.0387 1.6151 -0.5394 1.5688 -0.0505 -0.0392 0.0721 0.9953
1341848045.0708 1.6059 -0.5418 1.5744 -0.0528 -0.0379 0.0713 0.9953
1341848045.1028 1.6007 -0.5399 1.5745 -0.0524 -0.0362 0.0716 0.9954
1341848045.1388 1.5919 -0.5377 1.5792 -0.0540 -0.0337 0.0712 0.9954
1341848045.1708 1.5792 -0.5417 1.5865 -0.0555 -0.0316 0.0716 0.9954
1341848045.2027 1.5743 -0.5424 1.5839 -0.0546 -0.0307 0.0712 0.9955
1341848045.2389 1.5650 -0.5448 1.5886 -0.0554 -0.0280 0.0688 0.9957
1341848045.2708 1.5550 -0.5456 1.5946 -0.0545 -0.0271 0.0702 0.9957
1341848045.3068 1.5480 -0.5441 1.5925 -0.0540 -0.0266 0.0701 0.9957
1341848045.3387 1.5397 -0.5467 1.5988 -0.0559 -0.0253 0.0682 0.9958
1341848045.3708 1.5291 -0.5521 1.6040 -0.0563 -0.0229 0.0671 0.9959
1341848045.4067 1.5229 -0.5512 1.6017 -0.0552 -0.0236 0.0657 0.9960
1341848045.4387 1.5074 -0.5556 1.6067 -0.0597 -0.0224 0.0661 0.9958
1341848045.4747 1.4980 -0.5596 1.6155 -0.0614 -0.0238 0.0652 0.9957
1341848045.5389 1.4809 -0.5671 1.6254 -0.0620 -0.0228 0.0626 0.9958
1341848045.6069 1.4663 -0.5676 1.6355 -0.0604 -0.0272 0.0626 0.9958
1341848045.6459 1.4551 -0.5686 1.6388 -0.0612 -0.0266 0.0618 0.9959
1341848045.7070 1.4329 -0.5724 1.6535 -0.0612 -0.0278 0.0585 0.9960
1341848045.7431 1.4338 -0.5719 1.6560 -0.0612 -0.0328 0.0576 0.9959
1341848045.7748 1.4274 -0.5761 1.6619 -0.0645 -0.0342 0.0555 0.9958
1341848045.8076 1.4123 -0.5767 1.6743 -0.0634 -0.0349 0.0544 0.9959
1341848045.8429 1.4116 -0.5666 1.6823 -0.0575 -0.0410 0.0535 0.9961
1341848045.8748 1.4020 -0.5705 1.6825 -0.0607 -0.0399 0.0501 0.9961
1341848045.9068 1.3878 -0.5749 1.6943 -0.0641 -0.0399 0.0495 0.9959
1341848045.9428 1.3789 -0.5729 1.7021 -0.0606 -0.0455 0.0497 0.9959
1341848045.9748 1.3737 -0.5692 1.7057 -0.0584 -0.0493 0.0457 0.9960
1341848046.0108 1.3630 -0.5702 1.7101 -0.0594 -0.0506 0.0426 0.9960
1341848046.0428 1.3566 -0.5717 1.7139 -0.0587 -0.0559 0.0408 0.9959
1341848046.0747 1.3519 -0.5655 1.7159 -0.0560 -0.0619 0.0377 0.9958
1341848046.1108 1.3468 -0.5657 1.7225 -0.0587 -0.0646 0.0332 0.9956
1341848046.1428 1.3384 -0.5712 1.7278 -0.0609 -0.0662 0.0306 0.9955
1341848046.1818 1.3350 -0.5632 1.7282 -0.0555 -0.0706 0.0264 0.9956
1341848046.2197 1.3272 -0.5600 1.7272 -0.0575 -0.0712 0.0230 0.9955
1341848046.2497 1.3154 -0.5630 1.7303 -0.0609 -0.0723 0.0197 0.9953
1341848046.2836 1.3096 -0.5588 1.7305 -0.0594 -0.0762 0.0164 0.9952
1341848046.3177 1.3038 -0.5578 1.7310 -0.0605 -0.0781 0.0116 0.9950
1341848046.3497 1.2995 -0.5570 1.7336 -0.0617 -0.0809 0.0102 0.9948
1341848046.3823 1.2883 -0.5517 1.7325 -0.0599 -0.0821 0.0082 0.9948
1341848046.4178 1.2826 -0.5428 1.7337 -0.0586 -0.0835 0.0053 0.9948
1341848046.4498 1.2749 -0.5513 1.7317 -0.0653 -0.0824 0.0020 0.9945
1341848046.4858 1.2692 -0.5439 1.7305 -0.0633 -0.0855 0.0008 0.9943
1341848046.5178 1.2633 -0.5384 1.7288 -0.0637 -0.0869 -0.0025 0.9942
1341848046.5497 1.2543 -0.5395 1.7274 -0.0663 -0.0868 -0.0044 0.9940
1341848046.5861 1.2479 -0.5358 1.7249 -0.0643 -0.0904 -0.0051 0.9938
1341848046.6178 1.2449 -0.5292 1.7197 -0.0618 -0.0934 -0.0086 0.9937
1341848046.6537 1.2360 -0.5304 1.7151 -0.0642 -0.0933 -0.0085 0.9935
1341848046.7149 1.2246 -0.5179 1.7049 -0.0592 -0.1008 -0.0092 0.9931
1341848046.7469 1.2188 -0.5173 1.6996 -0.0601 -0.1017 -0.0099 0.9929
1341848046.7787 1.2136 -0.5160 1.6942 -0.0595 -0.1041 -0.0102 0.9927
1341848046.8147 1.2095 -0.5064 1.6877 -0.0558 -0.1063 -0.0121 0.9927
1341848046.8469 1.2038 -0.5027 1.6819 -0.0567 -0.1057 -0.0126 0.9927
1341848046.8788 1.2006 -0.5042 1.6774 -0.0586 -0.1069 -0.0130 0.9925
1341848046.9151 1.1945 -0.4949 1.6703 -0.0562 -0.1068 -0.0129 0.9926
1341848046.9469 1.1907 -0.4934 1.6640 -0.0576 -0.1075 -0.0127 0.9925
1341848046.9828 1.1862 -0.4866 1.6590 -0.0563 -0.1088 -0.0127 0.9924
1341848047.0151 1.1826 -0.4824 1.6523 -0.0575 -0.1093 -0.0132 0.9923
1341848047.0479 1.1738 -0.4808 1.6472 -0.0594 -0.1081 -0.0137 0.9923
1341848047.0899 1.1707 -0.4716 1.6396 -0.0570 -0.1103 -0.0145 0.9922
1341848047.1476 1.1594 -0.4648 1.6287 -0.0614 -0.1109 -0.0158 0.9918
1341848047.2149 1.1466 -0.4549 1.6139 -0.0601 -0.1122 -0.0197 0.9917
1341848047.2507 1.1395 -0.4533 1.6072 -0.0628 -0.1138 -0.0198 0.9913
1341848047.2828 1.1338 -0.4480 1.6006 -0.0626 -0.1169 -0.0204 0.9910
1341848047.3148 1.1287 -0.4454 1.5944 -0.0625 -0.1184 -0.0230 0.9907
1341848047.3506 1.1193 -0.4421 1.5857 -0.0623 -0.1187 -0.0239 0.9907
1341848047.3830 1.1135 -0.4405 1.5784 -0.0629 -0.1231 -0.0237 0.9901
1341848047.4148 1.1096 -0.4383 1.5721 -0.0626 -0.1270 -0.0257 0.9896
1341848047.4508 1.1019 -0.4354 1.5641 -0.0606 -0.1285 -0.0271 0.9895
1341848047.4826 1.0971 -0.4288 1.5566 -0.0582 -0.1316 -0.0277 0.9892
1341848047.5187 1.0897 -0.4260 1.5498 -0.0593 -0.1337 -0.0294 0.9888
1341848047.5508 1.0882 -0.4267 1.5485 -0.0598 -0.1379 -0.0301 0.9882
1341848047.5830 1.0815 -0.4251 1.5390 -0.0593 -0.1396 -0.0318 0.9879
1341848047.6190 1.0742 -0.4201 1.5350 -0.0580 -0.1392 -0.0333 0.9880
1341848047.6508 1.0686 -0.4246 1.5313 -0.0594 -0.1411 -0.0329 0.9877
1341848047.6897 1.0639 -0.4181 1.5228 -0.0563 -0.1451 -0.0333 0.9873
1341848047.7508 1.0475 -0.4112 1.5127 -0.0564 -0.1438 -0.0351 0.9874
1341848047.7867 1.0413 -0.4124 1.5065 -0.0579 -0.1444 -0.0356 0.9872
1341848047.8188 1.0369 -0.4102 1.5018 -0.0576 -0.1465 -0.0372 0.9868
1341848047.8508 1.0319 -0.4081 1.4989 -0.0581 -0.1455 -0.0390 0.9869
1341848047.8869 1.0209 -0.4091 1.4941 -0.0586 -0.1432 -0.0394 0.9872
1341848047.9189 1.0127 -0.4055 1.4887 -0.0565 -0.1433 -0.0388 0.9873
1341848047.9547 1.0094 -0.4016 1.4857 -0.0559 -0.1448 -0.0393 0.9871
1341848047.9868 1.0004 -0.4041 1.4823 -0.0573 -0.1423 -0.0394 0.9874
1341848048.0189 0.9856 -0.4018 1.4735 -0.0556 -0.1398 -0.0398 0.9878
1341848048.0549 0.9882 -0.3997 1.4736 -0.0548 -0.1448 -0.0396 0.9871
1341848048.0868 0.9821 -0.3982 1.4710 -0.0551 -0.1430 -0.0396 0.9874
1341848048.1188 0.9724 -0.4001 1.4670 -0.0561 -0.1413 -0.0391 0.9876
1341848048.1547 0.9651 -0.3946 1.4617 -0.0539 -0.1409 -0.0377 0.9878
1341848048.1867 0.9604 -0.3911 1.4594 -0.0530 -0.1389 -0.0371 0.9882
1341848048.2230 0.9451 -0.3983 1.4519 -0.0554 -0.1341 -0.0374 0.9887
1341848048.2550 0.9435 -0.3943 1.4497 -0.0510 -0.1361 -0.0337 0.9888
1341848048.2866 0.9404 -0.3874 1.4467 -0.0477 -0.1348 -0.0339 0.9891
1341848048.3228 0.9278 -0.3900 1.4422 -0.0500 -0.1303 -0.0339 0.9896
1341848048.3547 0.9241 -0.3916 1.4370 -0.0495 -0.1300 -0.0322 0.9898
1341848048.3867 0.9196 -0.3900 1.4306 -0.0472 -0.1283 -0.0348 0.9900
1341848048.4226 0.9096 -0.3929 1.4250 -0.0468 -0.1251 -0.0354 0.9904
1341848048.4549 0.9040 -0.3870 1.4188 -0.0418 -0.1243 -0.0341 0.9908
1341848048.4907 0.8982 -0.3852 1.4157 -0.0414 -0.1232 -0.0342 0.9909
1341848048.5228 0.8872 -0.3901 1.4107 -0.0433 -0.1210 -0.0337 0.9911
1341848048.5550 0.8826 -0.3881 1.4063 -0.0387 -0.1212 -0.0322 0.9914
1341848048.5906 0.8769 -0.3842 1.3976 -0.0349 -0.1211 -0.0318 0.9915
1341848048.6227 0.8732 -0.3800 1.3954 -0.0317 -0.1226 -0.0289 0.9915
1341848048.6587 0.8671 -0.3840 1.3920 -0.0298 -0.1215 -0.0274 0.9918
1341848048.6908 0.8629 -0.3816 1.3844 -0.0262 -0.1221 -0.0275 0.9918
1341848048.7227 0.8569 -0.3814 1.3814 -0.0250 -0.1218 -0.0258 0.9919
1341848048.7588 0.8541 -0.3851 1.3771 -0.0240 -0.1222 -0.0247 0.9919
1341848048.7912 0.8491 -0.3813 1.3728 -0.0203 -0.1217 -0.0243 0.9921
1341848048.8227 0.8404 -0.3850 1.3684 -0.0196 -0.1205 -0.0242 0.9922
1341848048.8587 0.8378 -0.3771 1.3638 -0.0133 -0.1224 -0.0242 0.9921
1341848048.8910 0.8309 -0.3794 1.3600 -0.0115 -0.1218 -0.0259 0.9922
1341848048.9268 0.8242 -0.3787 1.3550 -0.0074 -0.1225 -0.0272 0.9921
1341848048.9590 0.8131 -0.3740 1.3484 -0.0031 -0.1224 -0.0292 0.9920
1341848048.9908 0.8081 -0.3781 1.3426 -0.0017 -0.1242 -0.0296 0.9918
1341848049.0267 0.8062 -0.3810 1.3392 0.0020 -0.1268 -0.0313 0.9914
1341848049.0588 0.8036 -0.3762 1.3323 0.0089 -0.1277 -0.0330 0.9912
1341848049.0907 0.7944 -0.3725 1.3231 0.0115 -0.1274 -0.0334 0.9912
1341848049.1268 0.7915 -0.3736 1.3189 0.0121 -0.1309 -0.0327 0.9908
1341848049.1589 0.7882 -0.3746 1.3147 0.0135 -0.1317 -0.0348 0.9906
1341848049.1947 0.7806 -0.3694 1.3087 0.0178 -0.1306 -0.0364 0.9906
1341848049.2267 0.7744 -0.3642 1.3004 0.0198 -0.1315 -0.0368 0.9904
1341848049.2588 0.7698 -0.3640 1.2961 0.0188 -0.1332 -0.0373 0.9902
1341848049.2947 0.7650 -0.3639 1.2908 0.0198 -0.1327 -0.0395 0.9902
1341848049.3268 0.7592 -0.3576 1.2835 0.0227 -0.1315 -0.0396 0.9903
1341848049.3588 0.7532 -0.3515 1.2771 0.0239 -0.1315 -0.0375 0.9903
1341848049.3948 0.7443 -0.3524 1.2720 0.0226 -0.1308 -0.0362 0.9905
1341848049.4268 0.7469 -0.3519 1.2651 0.0244 -0.1327 -0.0349 0.9902
1341848049.4627 0.7401 -0.3448 1.2575 0.0261 -0.1301 -0.0331 0.9906
1341848049.4947 0.7268 -0.3481 1.2498 0.0242 -0.1271 -0.0306 0.9911
1341848049.5268 0.7318 -0.3379 1.2438 0.0287 -0.1306 -0.0286 0.9906
1341848049.5628 0.7212 -0.3409 1.2350 0.0257 -0.1261 -0.0281 0.9913
1341848049.5948 0.7120 -0.3315 1.2276 0.0277 -0.1259 -0.0248 0.9914
1341848049.6268 0.7108 -0.3283 1.2218 0.0277 -0.1289 -0.0234 0.9910
1341848049.6627 0.7083 -0.3208 1.2133 0.0291 -0.1287 -0.0245 0.9910
1341848049.6951 0.6935 -0.3184 1.2022 0.0273 -0.1261 -0.0259 0.9913
1341848049.7308 0.6895 -0.3084 1.1947 0.0284 -0.1304 -0.0225 0.9908
1341848049.7627 0.6839 -0.3120 1.1871 0.0241 -0.1332 -0.0281 0.9904
1341848049.7947 0.6769 -0.3012 1.1798 0.0264 -0.1329 -0.0287 0.9904
1341848049.8308 0.6640 -0.2953 1.1697 0.0265 -0.1334 -0.0298 0.9903
1341848049.8698 0.6642 -0.2850 1.1638 0.0264 -0.1386 -0.0294 0.9896
1341848049.9308 0.6473 -0.2891 1.1506 0.0224 -0.1396 -0.0352 0.9893
1341848049.9630 0.6439 -0.2789 1.1430 0.0252 -0.1432 -0.0355 0.9887
1341848049.9988 0.6389 -0.2736 1.1363 0.0238 -0.1460 -0.0363 0.9883
1341848050.0308 0.6286 -0.2777 1.1309 0.0202 -0.1476 -0.0386 0.9881
1341848050.0627 0.6271 -0.2763 1.1275 0.0207 -0.1519 -0.0406 0.9874
1341848050.0987 0.6236 -0.2644 1.1205 0.0235 -0.1537 -0.0407 0.9870
1341848050.1307 0.6093 -0.2663 1.1152 0.0206 -0.1545 -0.0443 0.9868
1341848050.1667 0.6129 -0.2587 1.1129 0.0224 -0.1600 -0.0465 0.9858
1341848050.1987 0.6026 -0.2545 1.1079 0.0217 -0.1591 -0.0502 0.9857
1341848050.2308 0.5895 -0.2510 1.1039 0.0214 -0.1605 -0.0534 0.9854
1341848050.2667 0.5916 -0.2479 1.1004 0.0213 -0.1662 -0.0554 0.9843
1341848050.2988 0.5841 -0.2457 1.0962 0.0204 -0.1670 -0.0600 0.9839
1341848050.3307 0.5745 -0.2420 1.0934 0.0212 -0.1694 -0.0622 0.9834
1341848050.3667 0.5734 -0.2388 1.0879 0.0210 -0.1741 -0.0639 0.9824
1341848050.3987 0.5645 -0.2338 1.0843 0.0206 -0.1756 -0.0677 0.9819
1341848050.4348 0.5561 -0.2321 1.0815 0.0204 -0.1775 -0.0693 0.9815
1341848050.4667 0.5533 -0.2305 1.0782 0.0204 -0.1825 -0.0723 0.9803
1341848050.4988 0.5439 -0.2323 1.0747 0.0197 -0.1841 -0.0779 0.9796
1341848050.5348 0.5390 -0.2294 1.0703 0.0215 -0.1864 -0.0807 0.9789
1341848050.5668 0.5324 -0.2250 1.0666 0.0225 -0.1895 -0.0818 0.9782
1341848050.5988 0.5280 -0.2206 1.0630 0.0225 -0.1944 -0.0835 0.9771
1341848050.6348 0.5210 -0.2274 1.0592 0.0199 -0.1976 -0.0884 0.9761
1341848050.6668 0.5156 -0.2241 1.0551 0.0223 -0.2006 -0.0912 0.9752
1341848050.7028 0.5090 -0.2203 1.0508 0.0232 -0.2041 -0.0925 0.9743
1341848050.7348 0.5024 -0.2170 1.0465 0.0234 -0.2078 -0.0932 0.9734
1341848050.7669 0.4962 -0.2165 1.0435 0.0217 -0.2126 -0.0939 0.9724
1341848050.8029 0.4879 -0.2178 1.0406 0.0209 -0.2164 -0.0967 0.9713
1341848050.8348 0.4831 -0.2150 1.0366 0.0224 -0.2202 -0.0995 0.9701
1341848050.8707 0.4787 -0.2126 1.0326 0.0217 -0.2240 -0.1014 0.9691
1341848050.9027 0.4675 -0.2099 1.0310 0.0224 -0.2275 -0.1040 0.9680
1341848050.9348 0.4651 -0.2123 1.0259 0.0228 -0.2314 -0.1082 0.9665
1341848050.9709 0.4550 -0.2042 1.0236 0.0256 -0.2327 -0.1100 0.9660
1341848051.0028 0.4479 -0.2040 1.0203 0.0261 -0.2364 -0.1120 0.9648
1341848051.0350 0.4461 -0.2023 1.0148 0.0268 -0.2407 -0.1124 0.9637
1341848051.0708 0.4370 -0.1991 1.0133 0.0278 -0.2428 -0.1147 0.9629
1341848051.1027 0.4321 -0.1976 1.0095 0.0293 -0.2462 -0.1163 0.9618
1341848051.1387 0.4315 -0.1927 1.0053 0.0319 -0.2500 -0.1173 0.9606
1341848051.1707 0.4262 -0.1907 1.0021 0.0319 -0.2517 -0.1176 0.9601
1341848051.2387 0.4176 -0.1919 0.9970 0.0319 -0.2592 -0.1176 0.9581
1341848051.2708 0.4133 -0.1938 0.9957 0.0340 -0.2617 -0.1210 0.9569
1341848051.3027 0.4102 -0.1909 0.9927 0.0392 -0.2635 -0.1222 0.9561
1341848051.3387 0.4058 -0.1904 0.9899 0.0421 -0.2664 -0.1215 0.9552
1341848051.3709 0.4061 -0.1885 0.9858 0.0456 -0.2718 -0.1234 0.9533
1341848051.4067 0.4043 -0.1912 0.9830 0.0458 -0.2736 -0.1256 0.9525
1341848051.4400 0.4033 -0.1876 0.9824 0.0489 -0.2771 -0.1264 0.9512
1341848051.4709 0.4025 -0.1883 0.9804 0.0499 -0.2807 -0.1292 0.9498
1341848051.5067 0.4014 -0.1858 0.9794 0.0509 -0.2846 -0.1319 0.9482
1341848051.5389 0.3965 -0.1845 0.9802 0.0536 -0.2886 -0.1378 0.9460
1341848051.5707 0.3983 -0.1858 0.9761 0.0585 -0.2932 -0.1446 0.9433
1341848051.6068 0.3942 -0.1831 0.9747 0.0614 -0.2964 -0.1500 0.9412
1341848051.6389 0.3911 -0.1850 0.9755 0.0646 -0.3035 -0.1578 0.9375
1341848051.6747 0.3955 -0.1810 0.9685 0.0700 -0.3083 -0.1601 0.9351
1341848051.7067 0.3919 -0.1755 0.9646 0.0700 -0.3121 -0.1624 0.9334
1341848051.7388 0.3905 -0.1739 0.9637 0.0712 -0.3188 -0.1675 0.9302
1341848051.7748 0.3946 -0.1713 0.9570 0.0734 -0.3234 -0.1707 0.9278
1341848051.8067 0.3932 -0.1687 0.9582 0.0760 -0.3262 -0.1789 0.9251
1341848051.8388 0.3919 -0.1702 0.9578 0.0815 -0.3286 -0.1880 0.9220
1341848051.8750 0.4009 -0.1628 0.9493 0.0865 -0.3302 -0.1911 0.9203
1341848051.9067 0.4014 -0.1599 0.9488 0.0845 -0.3318 -0.1962 0.9188
1341848051.9427 0.4030 -0.1590 0.9490 0.0842 -0.3354 -0.2022 0.9163
1341848051.9748 0.4142 -0.1512 0.9417 0.0856 -0.3352 -0.2057 0.9154
1341848052.0068 0.4140 -0.1536 0.9445 0.0816 -0.3338 -0.2104 0.9152
1341848052.0428 0.4166 -0.1519 0.9463 0.0833 -0.3334 -0.2138 0.9144
1341848052.0749 0.4291 -0.1475 0.9417 0.0858 -0.3319 -0.2162 0.9142
1341848052.1430 0.4342 -0.1493 0.9446 0.0858 -0.3271 -0.2229 0.9143
1341848052.1781 0.4472 -0.1428 0.9386 0.0887 -0.3252 -0.2269 0.9137
1341848052.2114 0.4500 -0.1444 0.9410 0.0864 -0.3221 -0.2302 0.9142
1341848052.2429 0.4566 -0.1445 0.9409 0.0882 -0.3210 -0.2338 0.9135
1341848052.3111 0.4701 -0.1411 0.9377 0.0858 -0.3156 -0.2391 0.9143
1341848052.3429 0.4779 -0.1413 0.9363 0.0873 -0.3145 -0.2419 0.9137
1341848052.3795 0.4882 -0.1381 0.9336 0.0892 -0.3113 -0.2439 0.9141
1341848052.4123 0.4909 -0.1383 0.9319 0.0865 -0.3078 -0.2431 0.9158
1341848052.4447 0.4957 -0.1407 0.9346 0.0872 -0.3091 -0.2459 0.9145
1341848052.4815 0.5049 -0.1376 0.9305 0.0908 -0.3053 -0.2477 0.9150
1341848052.5433 0.5190 -0.1367 0.9254 0.0938 -0.3028 -0.2489 0.9152
1341848052.5792 0.5332 -0.1320 0.9214 0.0949 -0.3011 -0.2513 0.9150
1341848052.6177 0.5338 -0.1347 0.9233 0.0939 -0.2969 -0.2565 0.9150
1341848052.6787 0.5550 -0.1313 0.9179 0.1005 -0.2948 -0.2651 0.9125
1341848052.7108 0.5618 -0.1304 0.9161 0.1001 -0.2922 -0.2667 0.9129
1341848052.7468 0.5676 -0.1320 0.9126 0.0973 -0.2924 -0.2644 0.9139
1341848052.7787 0.5852 -0.1276 0.9067 0.0956 -0.2928 -0.2636 0.9141
1341848052.8109 0.5888 -0.1325 0.9110 0.0915 -0.2895 -0.2651 0.9152
1341848052.8469 0.5941 -0.1371 0.9110 0.0944 -0.2867 -0.2679 0.9149
1341848052.8788 0.6086 -0.1312 0.9019 0.0991 -0.2818 -0.2688 0.9157
1341848052.9147 0.6158 -0.1304 0.8989 0.0974 -0.2768 -0.2681 0.9176
1341848052.9467 0.6204 -0.1348 0.8983 0.0961 -0.2742 -0.2671 0.9188
1341848052.9787 0.6345 -0.1313 0.8949 0.0982 -0.2712 -0.2665 0.9197
1341848053.0148 0.6400 -0.1330 0.8939 0.0970 -0.2648 -0.2657 0.9219
1341848053.0467 0.6448 -0.1339 0.8932 0.0978 -0.2613 -0.2627 0.9237
1341848053.0827 0.6606 -0.1307 0.8887 0.0992 -0.2587 -0.2609 0.9247
1341848053.1148 0.6670 -0.1335 0.8876 0.0977 -0.2518 -0.2603 0.9270
1341848053.1470 0.6719 -0.1338 0.8872 0.0982 -0.2463 -0.2563 0.9295
1341848053.1832 0.6829 -0.1312 0.8832 0.0978 -0.2434 -0.2529 0.9312
1341848053.2148 0.6900 -0.1356 0.8844 0.0959 -0.2395 -0.2512 0.9329
1341848053.2480 0.6944 -0.1377 0.8843 0.0983 -0.2349 -0.2496 0.9343
1341848053.2898 0.7040 -0.1365 0.8799 0.1001 -0.2315 -0.2468 0.9357
1341848053.3217 0.7118 -0.1380 0.8772 0.0994 -0.2282 -0.2432 0.9375
1341848053.3538 0.7195 -0.1381 0.8754 0.0998 -0.2241 -0.2390 0.9395
1341848053.3861 0.7256 -0.1383 0.8736 0.1001 -0.2206 -0.2357 0.9411
1341848053.4218 0.7370 -0.1399 0.8681 0.0995 -0.2169 -0.2325 0.9429
1341848053.4537 0.7434 -0.1347 0.8666 0.0985 -0.2112 -0.2267 0.9457
1341848053.4857 0.7467 -0.1354 0.8649 0.0953 -0.2082 -0.2223 0.9477
1341848053.5217 0.7546 -0.1376 0.8609 0.0931 -0.2054 -0.2200 0.9491
1341848053.5539 0.7684 -0.1343 0.8587 0.0924 -0.2009 -0.2169 0.9508
1341848053.5897 0.7703 -0.1337 0.8569 0.0890 -0.1946 -0.2121 0.9535
1341848053.6219 0.7784 -0.1289 0.8554 0.0859 -0.1913 -0.2057 0.9559
1341848053.6538 0.7864 -0.1275 0.8534 0.0812 -0.1846 -0.2007 0.9587
1341848053.6897 0.7857 -0.1325 0.8528 0.0763 -0.1769 -0.1969 0.9613
1341848053.7217 0.7883 -0.1326 0.8488 0.0739 -0.1710 -0.1918 0.9636
1341848053.7580 0.7998 -0.1324 0.8466 0.0715 -0.1659 -0.1866 0.9657
1341848053.7899 0.7937 -0.1339 0.8453 0.0686 -0.1565 -0.1819 0.9684
1341848053.8216 0.7999 -0.1348 0.8436 0.0685 -0.1510 -0.1759 0.9703
1341848053.8578 0.8065 -0.1319 0.8407 0.0681 -0.1450 -0.1689 0.9725
1341848053.8898 0.8038 -0.1328 0.8377 0.0658 -0.1385 -0.1618 0.9748
1341848053.9511 0.8081 -0.1364 0.8272 0.0674 -0.1316 -0.1496 0.9776
1341848053.9868 0.8069 -0.1329 0.8239 0.0687 -0.1269 -0.1430 0.9792
1341848054.0510 0.8146 -0.1307 0.8095 0.0661 -0.1283 -0.1247 0.9816
1341848054.0868 0.8142 -0.1296 0.8039 0.0628 -0.1263 -0.1181 0.9829
1341848054.1189 0.8098 -0.1296 0.7971 0.0600 -0.1254 -0.1111 0.9840
1341848054.1550 0.8168 -0.1253 0.7908 0.0584 -0.1276 -0.1042 0.9846
1341848054.1867 0.8119 -0.1282 0.7832 0.0543 -0.1256 -0.1025 0.9853
1341848054.2190 0.8068 -0.1338 0.7763 0.0529 -0.1241 -0.1019 0.9856
1341848054.2548 0.8060 -0.1376 0.7668 0.0549 -0.1225 -0.1026 0.9856
1341848054.2868 0.8151 -0.1254 0.7589 0.0588 -0.1221 -0.1022 0.9855
1341848054.3229 0.8146 -0.1184 0.7511 0.0551 -0.1194 -0.1008 0.9862
1341848054.3548 0.8055 -0.1223 0.7440 0.0510 -0.1169 -0.0999 0.9868
1341848054.3871 0.8140 -0.1223 0.7342 0.0493 -0.1176 -0.1006 0.9867
1341848054.4229 0.8126 -0.1168 0.7281 0.0471 -0.1146 -0.1000 0.9872
1341848054.4547 0.8034 -0.1164 0.7219 0.0452 -0.1131 -0.0981 0.9877
1341848054.4869 0.8039 -0.1168 0.7134 0.0440 -0.1155 -0.0966 0.9876
1341848054.5227 0.8073 -0.1209 0.7070 0.0419 -0.1152 -0.0962 0.9878
1341848054.5549 0.8024 -0.1230 0.6997 0.0422 -0.1118 -0.0951 0.9883
1341848054.5908 0.8057 -0.1191 0.6938 0.0444 -0.1113 -0.0911 0.9886
1341848054.6227 0.8112 -0.1189 0.6853 0.0432 -0.1116 -0.0906 0.9887
1341848054.6564 0.8141 -0.1177 0.6803 0.0430 -0.1113 -0.0883 0.9889
1341848054.6910 0.8218 -0.1184 0.6730 0.0429 -0.1086 -0.0860 0.9894
1341848054.7227 0.8185 -0.1231 0.6673 0.0430 -0.1044 -0.0870 0.9898
1341848054.7547 0.8201 -0.1209 0.6618 0.0459 -0.1020 -0.0848 0.9901
1341848054.7909 0.8253 -0.1238 0.6546 0.0472 -0.1010 -0.0819 0.9904
1341848054.8229 0.8334 -0.1188 0.6472 0.0485 -0.0993 -0.0773 0.9909
1341848054.8589 0.8274 -0.1186 0.6419 0.0481 -0.0952 -0.0710 0.9918
1341848054.8909 0.8330 -0.1218 0.6360 0.0490 -0.0953 -0.0672 0.9920
1341848054.9228 0.8433 -0.1187 0.6296 0.0513 -0.0940 -0.0623 0.9923
1341848054.9587 0.8410 -0.1166 0.6195 0.0514 -0.0899 -0.0586 0.9929
1341848054.9911 0.8353 -0.1172 0.6157 0.0525 -0.0886 -0.0556 0.9931
1341848055.0230 0.8497 -0.1147 0.6059 0.0560 -0.0891 -0.0545 0.9929
1341848055.0587 0.8474 -0.1138 0.5979 0.0571 -0.0843 -0.0519 0.9935
1341848055.0907 0.8431 -0.1089 0.5889 0.0599 -0.0827 -0.0477 0.9936
1341848055.1270 0.8514 -0.1026 0.5779 0.0616 -0.0840 -0.0441 0.9936
1341848055.1592 0.8566 -0.1015 0.5695 0.0611 -0.0819 -0.0421 0.9939
1341848055.1910 0.8494 -0.1023 0.5586 0.0623 -0.0773 -0.0400 0.9943
1341848055.2268 0.8489 -0.0910 0.5461 0.0665 -0.0768 -0.0369 0.9941
1341848055.2589 0.8552 -0.0833 0.5339 0.0664 -0.0779 -0.0354 0.9941
1341848055.2947 0.8504 -0.0818 0.5231 0.0650 -0.0762 -0.0334 0.9944
1341848055.3268 0.8499 -0.0809 0.5119 0.0651 -0.0761 -0.0324 0.9944
1341848055.3589 0.8538 -0.0751 0.5004 0.0660 -0.0763 -0.0325 0.9944
1341848055.3947 0.8551 -0.0620 0.4887 0.0675 -0.0740 -0.0329 0.9944
1341848055.4268 0.8503 -0.0576 0.4761 0.0677 -0.0702 -0.0336 0.9947
1341848055.4588 0.8519 -0.0534 0.4649 0.0682 -0.0692 -0.0331 0.9947
1341848055.4947 0.8519 -0.0411 0.4533 0.0686 -0.0669 -0.0314 0.9949
1341848055.5267 0.8462 -0.0398 0.4424 0.0672 -0.0633 -0.0318 0.9952
1341848055.5626 0.8481 -0.0377 0.4316 0.0682 -0.0617 -0.0307 0.9953
1341848055.5947 0.8512 -0.0257 0.4197 0.0696 -0.0592 -0.0298 0.9954
1341848055.6267 0.8484 -0.0165 0.4104 0.0698 -0.0561 -0.0280 0.9956
1341848055.6630 0.8427 -0.0103 0.4021 0.0697 -0.0546 -0.0262 0.9957
1341848055.6948 0.8521 -0.0099 0.3930 0.0687 -0.0532 -0.0268 0.9959
1341848055.7268 0.8562 -0.0041 0.3834 0.0661 -0.0469 -0.0248 0.9964
1341848055.7628 0.8390 -0.0017 0.3787 0.0649 -0.0413 -0.0209 0.9968
1341848055.7950 0.8373 -0.0015 0.3714 0.0653 -0.0405 -0.0190 0.9969
1341848055.8308 0.8385 0.0007 0.3652 0.0649 -0.0372 -0.0157 0.9971
1341848055.8628 0.8320 0.0014 0.3602 0.0663 -0.0333 -0.0109 0.9972
1341848055.8948 0.8261 0.0068 0.3533 0.0688 -0.0307 -0.0082 0.9971
1341848055.9307 0.8230 0.0116 0.3474 0.0702 -0.0283 -0.0072 0.9971
1341848055.9628 0.8132 0.0124 0.3414 0.0701 -0.0259 -0.0061 0.9972
1341848055.9947 0.8102 0.0175 0.3357 0.0704 -0.0255 -0.0035 0.9972
1341848056.0307 0.8062 0.0233 0.3313 0.0688 -0.0249 -0.0003 0.9973
1341848056.0628 0.7966 0.0223 0.3280 0.0678 -0.0239 0.0015 0.9974
1341848056.0988 0.7875 0.0270 0.3207 0.0680 -0.0228 0.0024 0.9974
1341848056.1306 0.7782 0.0292 0.3171 0.0680 -0.0211 0.0035 0.9975
1341848056.1627 0.7620 0.0324 0.3122 0.0691 -0.0196 0.0039 0.9974
1341848056.1987 0.7493 0.0389 0.3081 0.0702 -0.0209 0.0046 0.9973
1341848056.2307 0.7381 0.0471 0.3009 0.0699 -0.0220 0.0069 0.9973
1341848056.2639 0.7235 0.0486 0.2981 0.0691 -0.0232 0.0063 0.9973
1341848056.2988 0.7138 0.0513 0.2945 0.0694 -0.0252 0.0062 0.9973
1341848056.3307 0.7063 0.0565 0.2882 0.0693 -0.0256 0.0074 0.9972
1341848056.3667 0.6815 0.0639 0.2870 0.0681 -0.0254 0.0092 0.9973
1341848056.3987 0.6691 0.0669 0.2785 0.0675 -0.0287 0.0104 0.9972
1341848056.4307 0.6604 0.0849 0.2730 0.0645 -0.0328 0.0151 0.9973
1341848056.4668 0.6451 0.0841 0.2698 0.0561 -0.0337 0.0191 0.9977
1341848056.4989 0.6236 0.0852 0.2692 0.0516 -0.0359 0.0215 0.9978
1341848056.5348 0.6176 0.0868 0.2604 0.0484 -0.0381 0.0197 0.9979
1341848056.5667 0.6018 0.0877 0.2587 0.0451 -0.0375 0.0190 0.9981
1341848056.5989 0.5868 0.0881 0.2496 0.0440 -0.0380 0.0207 0.9981
1341848056.6348 0.5709 0.0971 0.2471 0.0413 -0.0426 0.0223 0.9980
1341848056.6668 0.5617 0.0944 0.2478 0.0362 -0.0469 0.0241 0.9980
1341848056.6989 0.5486 0.0975 0.2444 0.0359 -0.0488 0.0248 0.9979
1341848056.7348 0.5361 0.1003 0.2423 0.0348 -0.0507 0.0219 0.9979
1341848056.7667 0.5259 0.0993 0.2327 0.0336 -0.0530 0.0194 0.9978
1341848056.8029 0.5176 0.1109 0.2331 0.0336 -0.0555 0.0192 0.9977
1341848056.8350 0.5042 0.1046 0.2298 0.0301 -0.0558 0.0159 0.9979
1341848056.8667 0.4940 0.1046 0.2285 0.0303 -0.0579 0.0156 0.9977
1341848056.9027 0.4916 0.1031 0.2260 0.0300 -0.0582 0.0145 0.9977
1341848056.9347 0.4873 0.1051 0.2203 0.0294 -0.0560 0.0122 0.9979
1341848056.9668 0.4709 0.1051 0.2202 0.0293 -0.0539 0.0120 0.9980
1341848057.0027 0.4646 0.1099 0.2156 0.0292 -0.0536 0.0120 0.9981
1341848057.0348 0.4619 0.1106 0.2146 0.0263 -0.0515 0.0120 0.9983
1341848057.0710 0.4422 0.1115 0.2151 0.0255 -0.0477 0.0102 0.9985
1341848057.1028 0.4350 0.1159 0.2135 0.0264 -0.0481 0.0091 0.9985
1341848057.1347 0.4272 0.1216 0.2084 0.0239 -0.0461 0.0096 0.9986
1341848057.1707 0.4130 0.1209 0.2061 0.0211 -0.0444 0.0079 0.9988
1341848057.2026 0.4045 0.1245 0.2053 0.0220 -0.0443 0.0052 0.9988
1341848057.2347 0.3954 0.1313 0.1996 0.0206 -0.0415 0.0040 0.9989
1341848057.2708 0.3817 0.1355 0.1972 0.0173 -0.0391 0.0042 0.9991
1341848057.3029 0.3689 0.1378 0.1956 0.0150 -0.0388 0.0030 0.9991
1341848057.3388 0.3615 0.1412 0.1904 0.0128 -0.0370 0.0015 0.9992
1341848057.3708 0.3485 0.1482 0.1885 0.0099 -0.0338 0.0031 0.9994
1341848057.4027 0.3367 0.1450 0.1856 0.0073 -0.0325 0.0032 0.9994
1341848057.4389 0.3256 0.1573 0.1816 0.0082 -0.0302 0.0036 0.9995
1341848057.4707 0.3136 0.1587 0.1779 0.0051 -0.0253 0.0061 0.9996
1341848057.5067 0.2958 0.1633 0.1794 0.0043 -0.0231 0.0100 0.9997
1341848057.5388 0.2870 0.1659 0.1690 0.0028 -0.0231 0.0112 0.9997
1341848057.5711 0.2769 0.1714 0.1620 -0.0006 -0.0206 0.0140 0.9997
1341848057.6067 0.2650 0.1769 0.1628 -0.0035 -0.0171 0.0179 0.9997
1341848057.6388 0.2533 0.1801 0.1568 -0.0048 -0.0132 0.0204 0.9997
1341848057.6709 0.2427 0.1848 0.1536 -0.0065 -0.0083 0.0230 0.9997
1341848057.7068 0.2277 0.1844 0.1480 -0.0082 -0.0028 0.0266 0.9996
1341848057.7389 0.2166 0.1906 0.1422 -0.0074 -0.0012 0.0290 0.9996
1341848057.7750 0.2090 0.1962 0.1392 -0.0081 0.0002 0.0314 0.9995
1341848057.8068 0.1947 0.1944 0.1336 -0.0102 0.0037 0.0369 0.9993
1341848057.8388 0.1795 0.2005 0.1306 -0.0081 0.0044 0.0429 0.9990
1341848057.8748 0.1702 0.2020 0.1245 -0.0077 0.0050 0.0444 0.9990
1341848057.9068 0.1569 0.2063 0.1196 -0.0073 0.0065 0.0451 0.9989
1341848057.9388 0.1447 0.2102 0.1140 -0.0081 0.0058 0.0475 0.9988
1341848057.9753 0.1333 0.2133 0.1121 -0.0098 0.0047 0.0494 0.9987
1341848058.0068 0.1187 0.2118 0.1130 -0.0103 0.0038 0.0496 0.9987
1341848058.0428 0.1037 0.2112 0.1081 -0.0082 0.0014 0.0485 0.9988
1341848058.0760 0.0920 0.2171 0.1032 -0.0058 -0.0010 0.0488 0.9988
1341848058.1068 0.0798 0.2172 0.1014 -0.0055 -0.0034 0.0482 0.9988
1341848058.1427 0.0643 0.2179 0.1046 -0.0035 -0.0072 0.0471 0.9989
1341848058.1747 0.0535 0.2237 0.0970 -0.0003 -0.0105 0.0446 0.9989
1341848058.2071 0.0392 0.2247 0.0950 0.0001 -0.0119 0.0427 0.9990
1341848058.2427 0.0285 0.2240 0.1022 0.0003 -0.0161 0.0406 0.9990
1341848058.2747 0.0159 0.2249 0.0976 0.0028 -0.0172 0.0371 0.9992
1341848058.3107 0.0034 0.2254 0.0976 0.0071 -0.0157 0.0358 0.9992
1341848058.3432 -0.0089 0.2299 0.0926 0.0111 -0.0166 0.0330 0.9993
1341848058.3749 -0.0192 0.2318 0.0872 0.0116 -0.0172 0.0347 0.9992
1341848058.4107 -0.0297 0.2349 0.0878 0.0107 -0.0177 0.0377 0.9991
1341848058.4428 -0.0393 0.2336 0.0923 0.0094 -0.0183 0.0392 0.9990
1341848058.4747 -0.0450 0.2332 0.0983 0.0109 -0.0190 0.0414 0.9989
1341848058.5430 -0.0720 0.2303 0.0942 0.0139 -0.0128 0.0476 0.9987
1341848058.5789 -0.0807 0.2310 0.0938 0.0143 -0.0127 0.0511 0.9985
1341848058.6108 -0.0859 0.2288 0.0975 0.0137 -0.0107 0.0544 0.9984
1341848058.6431 -0.0974 0.2301 0.0992 0.0142 -0.0076 0.0556 0.9983
1341848058.6787 -0.1062 0.2286 0.1065 0.0161 -0.0071 0.0546 0.9984
1341848058.7107 -0.1030 0.2314 0.1045 0.0206 -0.0050 0.0543 0.9983
1341848058.7468 -0.1210 0.2349 0.1034 0.0214 0.0021 0.0535 0.9983
1341848058.7787 -0.1257 0.2411 0.1060 0.0210 -0.0005 0.0566 0.9982
1341848058.8109 -0.1371 0.2342 0.1078 0.0186 -0.0008 0.0598 0.9980
1341848058.8468 -0.1405 0.2342 0.1111 0.0172 0.0014 0.0597 0.9981
1341848058.8796 -0.1438 0.2341 0.1162 0.0178 0.0032 0.0623 0.9979
1341848058.9468 -0.1585 0.2303 0.1160 0.0175 0.0071 0.0674 0.9975
1341848058.9789 -0.1625 0.2274 0.1198 0.0185 0.0096 0.0686 0.9974
1341848059.0147 -0.1669 0.2292 0.1204 0.0223 0.0108 0.0701 0.9972
1341848059.0467 -0.1680 0.2305 0.1197 0.0239 0.0123 0.0714 0.9971
1341848059.0788 -0.1700 0.2298 0.1223 0.0245 0.0157 0.0716 0.9970
1341848059.1147 -0.1738 0.2286 0.1229 0.0254 0.0200 0.0708 0.9970
1341848059.1467 -0.1754 0.2293 0.1241 0.0254 0.0223 0.0714 0.9969
1341848059.1787 -0.1758 0.2298 0.1252 0.0255 0.0243 0.0710 0.9969
1341848059.2147 -0.1782 0.2300 0.1271 0.0267 0.0287 0.0698 0.9968
1341848059.2468 -0.1758 0.2283 0.1267 0.0286 0.0330 0.0704 0.9966
1341848059.2827 -0.1817 0.2315 0.1284 0.0314 0.0367 0.0725 0.9962
1341848059.3147 -0.1794 0.2282 0.1257 0.0333 0.0390 0.0750 0.9959
1341848059.3468 -0.1806 0.2312 0.1229 0.0341 0.0417 0.0773 0.9956
1341848059.3827 -0.1812 0.2298 0.1276 0.0347 0.0431 0.0792 0.9953
1341848059.4147 -0.1792 0.2287 0.1250 0.0372 0.0455 0.0803 0.9950
1341848059.4468 -0.1780 0.2300 0.1226 0.0383 0.0497 0.0799 0.9948
1341848059.4827 -0.1788 0.2307 0.1237 0.0384 0.0531 0.0810 0.9946
1341848059.5147 -0.1798 0.2322 0.1256 0.0395 0.0542 0.0840 0.9942
1341848059.5508 -0.1785 0.2326 0.1225 0.0400 0.0559 0.0839 0.9941
1341848059.5827 -0.1797 0.2333 0.1213 0.0417 0.0597 0.0847 0.9937
1341848059.6147 -0.1827 0.2316 0.1217 0.0436 0.0601 0.0870 0.9934
1341848059.6507 -0.1829 0.2364 0.1200 0.0466 0.0587 0.0891 0.9932
1341848059.6827 -0.1820 0.2335 0.1142 0.0456 0.0599 0.0866 0.9934
1341848059.7187 -0.1853 0.2359 0.1172 0.0467 0.0632 0.0863 0.9932
1341848059.7509 -0.1890 0.2342 0.1171 0.0488 0.0629 0.0872 0.9930
1341848059.7828 -0.1885 0.2390 0.1119 0.0504 0.0628 0.0860 0.9930
1341848059.8188 -0.1893 0.2349 0.1120 0.0476 0.0659 0.0846 0.9931
1341848059.8507 -0.1947 0.2329 0.1138 0.0503 0.0678 0.0853 0.9928
1341848059.8827 -0.1971 0.2391 0.1109 0.0544 0.0672 0.0844 0.9927
1341848059.9188 -0.1982 0.2386 0.1084 0.0555 0.0665 0.0832 0.9928
1341848059.9508 -0.1988 0.2393 0.1086 0.0568 0.0661 0.0835 0.9927
1341848059.9868 -0.2005 0.2378 0.1084 0.0586 0.0651 0.0848 0.9925
1341848060.0187 -0.1993 0.2363 0.1064 0.0611 0.0652 0.0809 0.9927
1341848060.0507 -0.2004 0.2354 0.1065 0.0652 0.0679 0.0798 0.9924
1341848060.0868 -0.2049 0.2394 0.1037 0.0704 0.0676 0.0794 0.9920
1341848060.1188 -0.2034 0.2412 0.1015 0.0732 0.0646 0.0764 0.9923
1341848060.1508 -0.2003 0.2415 0.0966 0.0731 0.0668 0.0737 0.9924
1341848060.1869 -0.2037 0.2433 0.1008 0.0744 0.0687 0.0735 0.9921
1341848060.2189 -0.2015 0.2420 0.1001 0.0777 0.0674 0.0708 0.9922
1341848060.2548 -0.1944 0.2488 0.0957 0.0784 0.0691 0.0684 0.9922
1341848060.2875 -0.1983 0.2485 0.0985 0.0770 0.0724 0.0679 0.9921
1341848060.3189 -0.1972 0.2449 0.1006 0.0787 0.0714 0.0674 0.9921
1341848060.3546 -0.1907 0.2531 0.0962 0.0800 0.0715 0.0635 0.9922
1341848060.3873 -0.1903 0.2505 0.0995 0.0783 0.0749 0.0617 0.9922
1341848060.4186 -0.1913 0.2491 0.1009 0.0800 0.0746 0.0610 0.9921
1341848060.4548 -0.1854 0.2521 0.0982 0.0817 0.0736 0.0571 0.9923
1341848060.4867 -0.1821 0.2517 0.0998 0.0815 0.0766 0.0539 0.9923
1341848060.5229 -0.1840 0.2474 0.1048 0.0834 0.0779 0.0521 0.9921
1341848060.5547 -0.1775 0.2495 0.1002 0.0875 0.0771 0.0494 0.9920
1341848060.5867 -0.1710 0.2553 0.1009 0.0878 0.0799 0.0467 0.9918
1341848060.6227 -0.1740 0.2505 0.1047 0.0877 0.0822 0.0472 0.9916
1341848060.6561 -0.1702 0.2535 0.1034 0.0912 0.0803 0.0473 0.9915
1341848060.6873 -0.1642 0.2550 0.1022 0.0907 0.0810 0.0459 0.9915
1341848060.7232 -0.1642 0.2541 0.1054 0.0912 0.0821 0.0475 0.9913
1341848060.7579 -0.1636 0.2543 0.1056 0.0936 0.0793 0.0484 0.9913
1341848060.7909 -0.1592 0.2548 0.1049 0.0941 0.0763 0.0481 0.9915
1341848060.8240 -0.1576 0.2524 0.1072 0.0947 0.0741 0.0482 0.9916
1341848060.8624 -0.1559 0.2505 0.1076 0.0966 0.0709 0.0481 0.9916
1341848060.9231 -0.1481 0.2476 0.1107 0.0979 0.0656 0.0485 0.9918
1341848060.9608 -0.1433 0.2463 0.1119 0.0998 0.0627 0.0484 0.9919
1341848060.9969 -0.1381 0.2443 0.1139 0.1003 0.0606 0.0491 0.9919
1341848061.0306 -0.1347 0.2397 0.1164 0.1007 0.0585 0.0495 0.9920
1341848061.0622 -0.1274 0.2363 0.1184 0.1009 0.0568 0.0482 0.9921
1341848061.1006 -0.1224 0.2304 0.1226 0.1017 0.0570 0.0478 0.9920
1341848061.1298 -0.1188 0.2262 0.1256 0.1051 0.0570 0.0474 0.9917
1341848061.1979 -0.1069 0.2140 0.1293 0.1098 0.0565 0.0479 0.9912
1341848061.2594 -0.0954 0.2128 0.1297 0.1173 0.0551 0.0489 0.9904
1341848061.2909 -0.0915 0.2031 0.1332 0.1179 0.0548 0.0494 0.9903
1341848061.3266 -0.0842 0.2022 0.1315 0.1215 0.0543 0.0509 0.9898
1341848061.3589 -0.0786 0.1986 0.1321 0.1226 0.0548 0.0508 0.9896
1341848061.3908 -0.0750 0.1942 0.1349 0.1238 0.0553 0.0527 0.9894
1341848061.4269 -0.0695 0.1970 0.1344 0.1257 0.0545 0.0545 0.9891
1341848061.4588 -0.0657 0.1969 0.1350 0.1257 0.0556 0.0554 0.9890
1341848061.4947 -0.0632 0.1878 0.1407 0.1255 0.0565 0.0554 0.9889
1341848061.5267 -0.0593 0.1954 0.1370 0.1291 0.0565 0.0555 0.9885
1341848061.5588 -0.0535 0.1930 0.1382 0.1270 0.0563 0.0563 0.9887
1341848061.5947 -0.0510 0.1859 0.1432 0.1253 0.0579 0.0564 0.9888
1341848061.6267 -0.0503 0.1913 0.1427 0.1290 0.0586 0.0563 0.9883
1341848061.6588 -0.0424 0.1951 0.1402 0.1292 0.0595 0.0554 0.9883
1341848061.6949 -0.0439 0.1843 0.1436 0.1263 0.0625 0.0557 0.9885
1341848061.7267 -0.0441 0.1903 0.1473 0.1293 0.0620 0.0574 0.9880
1341848061.7628 -0.0376 0.1913 0.1445 0.1286 0.0627 0.0558 0.9881
1341848061.7948 -0.0378 0.1854 0.1471 0.1269 0.0647 0.0553 0.9883
1341848061.8267 -0.0375 0.1876 0.1499 0.1282 0.0644 0.0563 0.9881
1341848061.8629 -0.0339 0.1872 0.1477 0.1269 0.0643 0.0550 0.9883
1341848061.8948 -0.0341 0.1830 0.1524 0.1247 0.0652 0.0541 0.9886
1341848061.9307 -0.0343 0.1836 0.1548 0.1257 0.0651 0.0531 0.9885
1341848061.9628 -0.0320 0.1856 0.1551 0.1251 0.0646 0.0525 0.9886
1341848061.9972 -0.0308 0.1856 0.1588 0.1237 0.0633 0.0531 0.9889
1341848062.0307 -0.0296 0.1823 0.1623 0.1225 0.0621 0.0504 0.9892
1341848062.0633 -0.0285 0.1837 0.1658 0.1221 0.0620 0.0487 0.9894
1341848062.0949 -0.0287 0.1831 0.1710 0.1211 0.0604 0.0477 0.9897
1341848062.1308 -0.0261 0.1783 0.1722 0.1188 0.0583 0.0463 0.9901
1341848062.1634 -0.0273 0.1763 0.1778 0.1185 0.0575 0.0433 0.9903
1341848062.1987 -0.0246 0.1750 0.1803 0.1189 0.0563 0.0387 0.9906
1341848062.2308 -0.0245 0.1765 0.1854 0.1189 0.0550 0.0372 0.9907
1341848062.2628 -0.0237 0.1769 0.1865 0.1166 0.0517 0.0366 0.9912
1341848062.2993 -0.0220 0.1726 0.1896 0.1142 0.0493 0.0351 0.9916
1341848062.3308 -0.0193 0.1701 0.1915 0.1132 0.0482 0.0329 0.9919
1341848062.3628 -0.0210 0.1695 0.1955 0.1139 0.0473 0.0322 0.9918
1341848062.3988 -0.0174 0.1704 0.1958 0.1144 0.0437 0.0315 0.9920
1341848062.4308 -0.0150 0.1717 0.1973 0.1137 0.0419 0.0338 0.9921
1341848062.4669 -0.0136 0.1694 0.1996 0.1124 0.0391 0.0351 0.9923
1341848062.4987 -0.0116 0.1683 0.2018 0.1124 0.0363 0.0377 0.9923
1341848062.5307 -0.0063 0.1689 0.1998 0.1123 0.0340 0.0379 0.9924
1341848062.5669 -0.0029 0.1686 0.2002 0.1107 0.0342 0.0373 0.9926
1341848062.5988 -0.0028 0.1672 0.2040 0.1106 0.0319 0.0398 0.9926
1341848062.6308 0.0050 0.1737 0.2026 0.1112 0.0272 0.0431 0.9925
1341848062.6667 0.0089 0.1644 0.2036 0.1075 0.0269 0.0418 0.9930
1341848062.6987 0.0131 0.1629 0.2066 0.1099 0.0263 0.0419 0.9927
1341848062.7349 0.0197 0.1634 0.2038 0.1107 0.0242 0.0414 0.9927
1341848062.7668 0.0285 0.1693 0.2061 0.1101 0.0226 0.0434 0.9927
1341848062.7987 0.0303 0.1619 0.2102 0.1094 0.0217 0.0435 0.9928
1341848062.8348 0.0372 0.1639 0.2072 0.1102 0.0184 0.0420 0.9928
1341848062.8668 0.0468 0.1646 0.2079 0.1083 0.0167 0.0408 0.9931
1341848062.8991 0.0463 0.1598 0.2118 0.1070 0.0165 0.0384 0.9934
1341848062.9350 0.0516 0.1584 0.2120 0.1081 0.0138 0.0334 0.9935
1341848062.9669 0.0643 0.1642 0.2114 0.1084 0.0125 0.0291 0.9936
1341848063.0029 0.0650 0.1601 0.2165 0.1064 0.0128 0.0284 0.9938
1341848063.0350 0.0715 0.1557 0.2180 0.1063 0.0080 0.0272 0.9939
1341848063.0667 0.0829 0.1546 0.2186 0.1059 0.0052 0.0259 0.9940
1341848063.1028 0.0881 0.1497 0.2217 0.1064 0.0043 0.0243 0.9940
1341848063.1350 0.0965 0.1532 0.2208 0.1080 0.0010 0.0244 0.9938
1341848063.1707 0.1049 0.1523 0.2227 0.1069 -0.0025 0.0242 0.9940
1341848063.2027 0.1121 0.1479 0.2252 0.1062 -0.0043 0.0232 0.9941
1341848063.2350 0.1224 0.1448 0.2256 0.1069 -0.0061 0.0198 0.9941
1341848063.2708 0.1322 0.1453 0.2268 0.1073 -0.0062 0.0167 0.9941
1341848063.3028 0.1365 0.1464 0.2285 0.1074 -0.0060 0.0150 0.9941
1341848063.3349 0.1427 0.1451 0.2306 0.1067 -0.0085 0.0120 0.9942
1341848063.3707 0.1550 0.1451 0.2323 0.1050 -0.0095 0.0097 0.9944
1341848063.4027 0.1599 0.1419 0.2344 0.1031 -0.0076 0.0061 0.9946
1341848063.4393 0.1637 0.1401 0.2388 0.1021 -0.0075 0.0032 0.9947
1341848063.4707 0.1750 0.1433 0.2389 0.1015 -0.0080 0.0010 0.9948
1341848063.5028 0.1787 0.1430 0.2466 0.0977 -0.0054 -0.0004 0.9952
1341848063.5418 0.1790 0.1339 0.2538 0.0967 -0.0055 0.0005 0.9953
1341848063.5778 0.1911 0.1402 0.2522 0.0978 -0.0074 0.0024 0.9952
1341848063.6097 0.1950 0.1403 0.2584 0.0941 -0.0068 0.0037 0.9955
1341848063.6430 0.1968 0.1332 0.2646 0.0926 -0.0083 0.0044 0.9957
1341848063.6780 0.2063 0.1391 0.2650 0.0921 -0.0106 0.0050 0.9957
1341848063.7099 0.2086 0.1376 0.2701 0.0867 -0.0112 0.0049 0.9962
1341848063.7458 0.2094 0.1301 0.2780 0.0841 -0.0131 0.0038 0.9964
1341848063.7778 0.2178 0.1287 0.2793 0.0835 -0.0151 0.0005 0.9964
1341848063.8098 0.2206 0.1273 0.2868 0.0818 -0.0147 -0.0006 0.9965
1341848063.8457 0.2212 0.1237 0.2970 0.0825 -0.0167 -0.0010 0.9964
1341848063.8779 0.2318 0.1218 0.2998 0.0825 -0.0191 -0.0023 0.9964
1341848063.9138 0.2369 0.1088 0.3080 0.0807 -0.0172 -0.0061 0.9966
1341848063.9458 0.2386 0.1030 0.3188 0.0844 -0.0164 -0.0075 0.9963
1341848063.9779 0.2451 0.1009 0.3259 0.0868 -0.0199 -0.0061 0.9960
1341848064.0140 0.2539 0.0967 0.3316 0.0864 -0.0226 -0.0051 0.9960
1341848064.0458 0.2496 0.0852 0.3451 0.0865 -0.0228 -0.0065 0.9960
1341848064.0817 0.2615 0.0824 0.3515 0.0899 -0.0262 -0.0079 0.9956
1341848064.1137 0.2726 0.0802 0.3596 0.0889 -0.0258 -0.0077 0.9957
1341848064.1458 0.2697 0.0701 0.3717 0.0871 -0.0251 -0.0064 0.9959
1341848064.1818 0.2779 0.0639 0.3800 0.0882 -0.0289 -0.0044 0.9957
1341848064.2139 0.2923 0.0633 0.3841 0.0882 -0.0302 -0.0047 0.9956
1341848064.2498 0.2960 0.0525 0.4002 0.0873 -0.0271 -0.0055 0.9958
1341848064.2830 0.3023 0.0411 0.4137 0.0889 -0.0277 -0.0051 0.9956
1341848064.3138 0.3191 0.0435 0.4178 0.0906 -0.0295 -0.0054 0.9954
1341848064.3498 0.3252 0.0307 0.4276 0.0884 -0.0273 -0.0064 0.9957
1341848064.3826 0.3391 0.0277 0.4382 0.0910 -0.0277 -0.0053 0.9954
1341848064.4181 0.3523 0.0287 0.4411 0.0912 -0.0276 -0.0056 0.9954
1341848064.4498 0.3568 0.0187 0.4562 0.0886 -0.0262 -0.0091 0.9957
1341848064.4818 0.3659 0.0073 0.4656 0.0894 -0.0255 -0.0125 0.9956
1341848064.5180 0.3779 0.0032 0.4692 0.0916 -0.0245 -0.0154 0.9954
1341848064.5497 0.3861 0.0026 0.4786 0.0930 -0.0243 -0.0133 0.9953
1341848064.5817 0.3906 -0.0097 0.4873 0.0932 -0.0248 -0.0118 0.9953
1341848064.6177 0.4017 -0.0077 0.4904 0.0968 -0.0264 -0.0105 0.9949
1341848064.6497 0.4127 -0.0122 0.4918 0.0966 -0.0274 -0.0093 0.9949
1341848064.6858 0.4186 -0.0131 0.4952 0.0965 -0.0300 -0.0062 0.9949
1341848064.7499 0.4386 -0.0173 0.5014 0.0954 -0.0306 -0.0094 0.9949
1341848064.8107 0.4496 -0.0217 0.5074 0.0959 -0.0338 -0.0101 0.9948
1341848064.8427 0.4587 -0.0218 0.5106 0.0948 -0.0357 -0.0106 0.9948
1341848064.8788 0.4613 -0.0276 0.5145 0.0941 -0.0364 -0.0097 0.9948
1341848064.9108 0.4721 -0.0257 0.5153 0.0946 -0.0401 -0.0067 0.9947
1341848064.9469 0.4814 -0.0239 0.5183 0.0930 -0.0421 -0.0037 0.9948
1341848064.9788 0.4842 -0.0339 0.5229 0.0909 -0.0427 -0.0030 0.9949
1341848065.0108 0.4954 -0.0340 0.5229 0.0928 -0.0445 -0.0020 0.9947
1341848065.0468 0.5071 -0.0305 0.5243 0.0922 -0.0453 -0.0013 0.9947
1341848065.0787 0.5050 -0.0354 0.5320 0.0910 -0.0458 0.0008 0.9948
1341848065.1107 0.5207 -0.0360 0.5302 0.0906 -0.0501 0.0024 0.9946
1341848065.1467 0.5274 -0.0360 0.5354 0.0894 -0.0499 0.0023 0.9947
1341848065.1788 0.5274 -0.0465 0.5446 0.0904 -0.0499 0.0012 0.9947
1341848065.2148 0.5413 -0.0409 0.5408 0.0944 -0.0521 0.0008 0.9942
1341848065.2468 0.5511 -0.0348 0.5447 0.0936 -0.0536 -0.0011 0.9942
1341848065.2787 0.5523 -0.0480 0.5505 0.0913 -0.0529 -0.0023 0.9944
1341848065.3148 0.5644 -0.0447 0.5494 0.0942 -0.0554 -0.0037 0.9940
1341848065.3468 0.5737 -0.0472 0.5526 0.0937 -0.0566 -0.0068 0.9940
1341848065.3828 0.5819 -0.0504 0.5528 0.0945 -0.0571 -0.0073 0.9939
1341848065.4149 0.5888 -0.0491 0.5555 0.0957 -0.0579 -0.0088 0.9937
1341848065.4467 0.5988 -0.0574 0.5580 0.0958 -0.0596 -0.0121 0.9935
1341848065.4828 0.6125 -0.0603 0.5565 0.0976 -0.0600 -0.0141 0.9933
1341848065.5147 0.6178 -0.0590 0.5602 0.0990 -0.0602 -0.0132 0.9932
1341848065.5469 0.6239 -0.0622 0.5649 0.0992 -0.0616 -0.0141 0.9931
1341848065.5827 0.6357 -0.0658 0.5642 0.1006 -0.0624 -0.0157 0.9928
1341848065.6148 0.6399 -0.0639 0.5666 0.1019 -0.0627 -0.0163 0.9927
1341848065.6829 0.6513 -0.0703 0.5699 0.1020 -0.0670 -0.0194 0.9923
1341848065.7148 0.6624 -0.0664 0.5696 0.1029 -0.0693 -0.0214 0.9920
1341848065.7507 0.6624 -0.0663 0.5700 0.1015 -0.0703 -0.0238 0.9921
1341848065.7827 0.6669 -0.0700 0.5703 0.1004 -0.0746 -0.0273 0.9918
1341848065.8147 0.6763 -0.0649 0.5742 0.1007 -0.0777 -0.0303 0.9914
1341848065.8507 0.6760 -0.0641 0.5769 0.0999 -0.0782 -0.0356 0.9913
1341848065.9187 0.6823 -0.0570 0.5784 0.0968 -0.0901 -0.0372 0.9905
1341848065.9508 0.6881 -0.0574 0.5798 0.0922 -0.0955 -0.0414 0.9903
1341848065.9828 0.6881 -0.0661 0.5805 0.0888 -0.0987 -0.0462 0.9901
1341848066.0188 0.6991 -0.0618 0.5817 0.0890 -0.1038 -0.0494 0.9894
1341848066.0507 0.7028 -0.0586 0.5840 0.0865 -0.1071 -0.0537 0.9890
1341848066.0828 0.6999 -0.0609 0.5875 0.0846 -0.1087 -0.0542 0.9890
1341848066.1187 0.7033 -0.0596 0.5894 0.0844 -0.1129 -0.0545 0.9885
1341848066.1510 0.7140 -0.0583 0.5925 0.0834 -0.1174 -0.0570 0.9879
1341848066.1868 0.7145 -0.0598 0.5971 0.0805 -0.1175 -0.0561 0.9882
1341848066.2187 0.7137 -0.0624 0.6002 0.0799 -0.1203 -0.0566 0.9879
1341848066.2508 0.7266 -0.0659 0.6039 0.0794 -0.1246 -0.0582 0.9873
1341848066.2867 0.7348 -0.0690 0.6084 0.0787 -0.1259 -0.0594 0.9871
1341848066.3187 0.7332 -0.0742 0.6118 0.0795 -0.1258 -0.0616 0.9869
1341848066.3548 0.7423 -0.0791 0.6154 0.0802 -0.1278 -0.0620 0.9866
1341848066.3868 0.7460 -0.0825 0.6198 0.0810 -0.1280 -0.0621 0.9865
1341848066.4188 0.7461 -0.0845 0.6249 0.0835 -0.1285 -0.0627 0.9862
1341848066.4547 0.7577 -0.0912 0.6286 0.0843 -0.1330 -0.0633 0.9855
1341848066.4869 0.7654 -0.0937 0.6340 0.0843 -0.1351 -0.0652 0.9851
1341848066.5228 0.7651 -0.0987 0.6399 0.0839 -0.1358 -0.0675 0.9849
1341848066.5551 0.7699 -0.1023 0.6464 0.0857 -0.1387 -0.0703 0.9841
1341848066.6235 0.7825 -0.1116 0.6592 0.0883 -0.1397 -0.0789 0.9831
1341848066.6552 0.7874 -0.1151 0.6651 0.0905 -0.1412 -0.0818 0.9824
1341848066.6977 0.7968 -0.1169 0.6718 0.0920 -0.1422 -0.0840 0.9820
1341848066.7325 0.7974 -0.1260 0.6796 0.0928 -0.1420 -0.0870 0.9817
1341848066.7644 0.8063 -0.1305 0.6863 0.0960 -0.1434 -0.0887 0.9810
1341848066.7953 0.8150 -0.1308 0.6916 0.0993 -0.1433 -0.0922 0.9804
1341848066.8334 0.8151 -0.1357 0.6967 0.1003 -0.1433 -0.0959 0.9799
1341848066.8621 0.8287 -0.1377 0.7007 0.1015 -0.1461 -0.0969 0.9793
1341848066.9050 0.8347 -0.1365 0.7053 0.1017 -0.1462 -0.0989 0.9790
1341848066.9302 0.8302 -0.1413 0.7114 0.1006 -0.1460 -0.1001 0.9791
1341848066.9979 0.8566 -0.1435 0.7197 0.1006 -0.1486 -0.1041 0.9782
1341848067.0547 0.8626 -0.1521 0.7269 0.0998 -0.1498 -0.1083 0.9777
1341848067.0909 0.8656 -0.1554 0.7307 0.0996 -0.1483 -0.1104 0.9777
1341848067.1230 0.8614 -0.1622 0.7342 0.1009 -0.1481 -0.1110 0.9775
1341848067.1588 0.8711 -0.1616 0.7344 0.1041 -0.1501 -0.1107 0.9769
1341848067.1911 0.8737 -0.1603 0.7356 0.1046 -0.1498 -0.1105 0.9769
1341848067.2229 0.8780 -0.1658 0.7377 0.1042 -0.1513 -0.1093 0.9769
1341848067.2587 0.8870 -0.1643 0.7382 0.1054 -0.1522 -0.1071 0.9769
1341848067.3228 0.8892 -0.1677 0.7413 0.1038 -0.1513 -0.1027 0.9776
1341848067.3587 0.9021 -0.1661 0.7424 0.1042 -0.1541 -0.0994 0.9775
1341848067.3907 0.9086 -0.1671 0.7422 0.1031 -0.1526 -0.0972 0.9781
1341848067.4269 0.9074 -0.1698 0.7444 0.1025 -0.1509 -0.0946 0.9787
1341848067.4587 0.9158 -0.1668 0.7446 0.1027 -0.1514 -0.0915 0.9789
1341848067.4915 0.9226 -0.1643 0.7457 0.1009 -0.1497 -0.0891 0.9795
1341848067.5267 0.9199 -0.1687 0.7464 0.0991 -0.1470 -0.0884 0.9802
1341848067.5588 0.9306 -0.1662 0.7449 0.0998 -0.1469 -0.0882 0.9801
1341848067.5947 0.9326 -0.1657 0.7464 0.0995 -0.1432 -0.0897 0.9806
1341848067.6267 0.9269 -0.1699 0.7466 0.1004 -0.1398 -0.0904 0.9809
1341848067.6590 0.9369 -0.1716 0.7451 0.1026 -0.1408 -0.0894 0.9806
1341848067.6949 0.9435 -0.1726 0.7457 0.1034 -0.1396 -0.0882 0.9808
1341848067.7267 0.9406 -0.1765 0.7442 0.1050 -0.1382 -0.0855 0.9811
1341848067.7587 0.9544 -0.1742 0.7435 0.1079 -0.1401 -0.0831 0.9807
1341848067.7948 0.9560 -0.1749 0.7414 0.1078 -0.1372 -0.0823 0.9812
1341848067.8268 0.9558 -0.1799 0.7412 0.1076 -0.1367 -0.0787 0.9816
1341848067.8628 0.9663 -0.1746 0.7408 0.1102 -0.1368 -0.0769 0.9814
