1311868164.4309 0.0009 0.0012 -0.0031 -0.0022 -0.0026 -0.0016 1.0000
1311868164.4631 0.0035 0.0026 -0.0065 -0.0044 -0.0033 -0.0042 1.0000
1311868164.4991 0.0065 0.0022 -0.0086 -0.0064 -0.0017 -0.0071 1.0000
1311868164.5310 0.0082 0.0023 -0.0115 -0.0068 0.0014 -0.0092 0.9999
1311868164.5630 0.0096 0.0022 -0.0142 -0.0064 0.0039 -0.0108 0.9999
1311868164.5991 0.0117 0.0017 -0.0174 -0.0052 0.0049 -0.0126 0.9999
1311868164.6311 0.0137 0.0020 -0.0217 -0.0033 0.0059 -0.0135 0.9999
1311868164.6631 0.0160 0.0023 -0.0268 -0.0023 0.0052 -0.0139 0.9999
1311868164.6990 0.0195 0.0032 -0.0310 -0.0022 0.0032 -0.0137 0.9999
1311868164.7310 0.0242 0.0008 -0.0326 -0.0024 0.0014 -0.0128 0.9999
1311868164.7631 0.0294 -0.0001 -0.0361 -0.0003 -0.0002 -0.0123 0.9999
1311868164.7991 0.0351 -0.0016 -0.0380 0.0019 -0.0009 -0.0126 0.9999
1311868164.8310 0.0408 -0.0030 -0.0410 0.0055 -0.0007 -0.0132 0.9999
1311868164.8631 0.0481 -0.0032 -0.0437 0.0087 0.0003 -0.0142 0.9999
1311868164.8991 0.0542 -0.0044 -0.0463 0.0120 0.0019 -0.0148 0.9998
1311868164.9309 0.0603 -0.0026 -0.0505 0.0150 0.0030 -0.0164 0.9997
1311868164.9631 0.0668 0.0016 -0.0544 0.0155 0.0031 -0.0186 0.9997
1311868164.9990 0.0734 -0.0003 -0.0558 0.0130 0.0010 -0.0190 0.9997
1311868165.0311 0.0815 -0.0017 -0.0581 0.0127 -0.0028 -0.0186 0.9997
1311868165.0631 0.0902 -0.0011 -0.0619 0.0127 -0.0067 -0.0203 0.9997
1311868165.0992 0.0998 -0.0024 -0.0646 0.0120 -0.0100 -0.0235 0.9996
1311868165.1310 0.1083 -0.0043 -0.0681 0.0137 -0.0121 -0.0256 0.9995
1311868165.1631 0.1175 -0.0027 -0.0736 0.0163 -0.0142 -0.0285 0.9994
1311868165.1991 0.1272 -0.0001 -0.0787 0.0176 -0.0160 -0.0315 0.9992
1311868165.2312 0.1368 0.0026 -0.0830 0.0174 -0.0171 -0.0332 0.9992
1311868165.2630 0.1447 0.0050 -0.0867 0.0161 -0.0192 -0.0344 0.9991
1311868165.2991 0.1533 0.0085 -0.0906 0.0139 -0.0231 -0.0358 0.9990
1311868165.3312 0.1624 0.0101 -0.0929 0.0104 -0.0276 -0.0372 0.9989
1311868165.3631 0.1725 0.0092 -0.0944 0.0085 -0.0309 -0.0379 0.9988
1311868165.3992 0.1818 0.0119 -0.0979 0.0084 -0.0326 -0.0391 0.9987
1311868165.4310 0.1902 0.0162 -0.1018 0.0071 -0.0333 -0.0396 0.9986
1311868165.4631 0.1980 0.0198 -0.1041 0.0028 -0.0342 -0.0373 0.9987
1311868165.4992 0.2049 0.0210 -0.1063 -0.0022 -0.0361 -0.0348 0.9987
1311868165.5311 0.2123 0.0217 -0.1080 -0.0068 -0.0376 -0.0331 0.9987
1311868165.5631 0.2188 0.0215 -0.1100 -0.0099 -0.0377 -0.0322 0.9987
1311868165.5992 0.2244 0.0205 -0.1113 -0.0108 -0.0374 -0.0333 0.9987
1311868165.6312 0.2301 0.0216 -0.1160 -0.0095 -0.0365 -0.0353 0.9987
1311868165.6633 0.2360 0.0227 -0.1198 -0.0084 -0.0345 -0.0366 0.9987
1311868165.6992 0.2402 0.0234 -0.1249 -0.0068 -0.0320 -0.0371 0.9988
1311868165.7312 0.2433 0.0253 -0.1319 -0.0055 -0.0299 -0.0382 0.9988
1311868165.7631 0.2469 0.0277 -0.1388 -0.0060 -0.0273 -0.0380 0.9989
1311868165.7991 0.2490 0.0298 -0.1447 -0.0077 -0.0240 -0.0364 0.9990
1311868165.8312 0.2510 0.0323 -0.1508 -0.0095 -0.0216 -0.0358 0.9991
1311868165.8632 0.2534 0.0362 -0.1566 -0.0113 -0.0188 -0.0368 0.9991
1311868165.8992 0.2554 0.0394 -0.1615 -0.0123 -0.0156 -0.0372 0.9991
1311868165.9312 0.2574 0.0423 -0.1664 -0.0116 -0.0122 -0.0362 0.9992
1311868165.9632 0.2591 0.0456 -0.1744 -0.0107 -0.0093 -0.0356 0.9993
1311868165.9991 0.2612 0.0514 -0.1815 -0.0111 -0.0070 -0.0347 0.9993
1311868166.0312 0.2639 0.0583 -0.1877 -0.0120 -0.0043 -0.0312 0.9994
1311868166.0631 0.2677 0.0662 -0.1952 -0.0141 -0.0024 -0.0275 0.9995
1311868166.0992 0.2696 0.0742 -0.1998 -0.0173 -0.0011 -0.0273 0.9995
1311868166.1313 0.2686 0.0797 -0.2044 -0.0191 -0.0001 -0.0278 0.9994
1311868166.1632 0.2701 0.0880 -0.2121 -0.0208 0.0002 -0.0288 0.9994
1311868166.1992 0.2699 0.0966 -0.2189 -0.0238 0.0021 -0.0293 0.9993
1311868166.2311 0.2712 0.1045 -0.2230 -0.0264 0.0039 -0.0281 0.9992
1311868166.2632 0.2731 0.1123 -0.2290 -0.0296 0.0060 -0.0269 0.9992
1311868166.2992 0.2767 0.1213 -0.2337 -0.0332 0.0082 -0.0235 0.9991
1311868166.3312 0.2771 0.1272 -0.2385 -0.0383 0.0101 -0.0211 0.9990
1311868166.3631 0.2794 0.1341 -0.2424 -0.0425 0.0098 -0.0215 0.9988
1311868166.3992 0.2816 0.1419 -0.2455 -0.0445 0.0101 -0.0229 0.9987
1311868166.4312 0.2834 0.1459 -0.2514 -0.0461 0.0117 -0.0246 0.9986
1311868166.4630 0.2857 0.1515 -0.2553 -0.0471 0.0150 -0.0255 0.9985
1311868166.4992 0.2896 0.1540 -0.2589 -0.0476 0.0180 -0.0251 0.9984
1311868166.5313 0.2928 0.1585 -0.2618 -0.0474 0.0196 -0.0249 0.9984
1311868166.5631 0.2970 0.1602 -0.2640 -0.0469 0.0200 -0.0258 0.9984
1311868166.5992 0.3014 0.1619 -0.2677 -0.0464 0.0197 -0.0255 0.9984
1311868166.6313 0.3053 0.1620 -0.2702 -0.0463 0.0191 -0.0255 0.9984
1311868166.6633 0.3102 0.1611 -0.2741 -0.0463 0.0184 -0.0250 0.9984
1311868166.6993 0.3157 0.1599 -0.2758 -0.0459 0.0179 -0.0237 0.9985
1311868166.7311 0.3244 0.1506 -0.2753 -0.0474 0.0164 -0.0243 0.9984
1311868166.7633 0.3290 0.1386 -0.2767 -0.0489 0.0152 -0.0253 0.9984
1311868166.7992 0.3310 0.1249 -0.2768 -0.0509 0.0142 -0.0263 0.9983
1311868166.8312 0.3355 0.1126 -0.2781 -0.0525 0.0126 -0.0281 0.9981
1311868166.8632 0.3395 0.0940 -0.2731 -0.0561 0.0105 -0.0324 0.9978
1311868166.8993 0.3483 0.0795 -0.2719 -0.0584 0.0076 -0.0367 0.9976
1311868166.9312 0.3630 0.0922 -0.2797 -0.0531 0.0046 -0.0369 0.9979
1311868166.9633 0.3744 0.0922 -0.2805 -0.0512 0.0021 -0.0396 0.9979
1311868166.9993 0.3864 0.0924 -0.2825 -0.0496 -0.0011 -0.0425 0.9979
1311868167.0311 0.3987 0.0929 -0.2830 -0.0493 -0.0056 -0.0459 0.9977
1311868167.0632 0.4120 0.0922 -0.2833 -0.0496 -0.0106 -0.0490 0.9975
1311868167.0993 0.4252 0.0910 -0.2841 -0.0498 -0.0152 -0.0511 0.9973
1311868167.1632 0.4510 0.0889 -0.2822 -0.0498 -0.0245 -0.0562 0.9969
1311868167.1993 0.4623 0.0881 -0.2812 -0.0482 -0.0293 -0.0589 0.9967
1311868167.2313 0.4746 0.0872 -0.2828 -0.0466 -0.0350 -0.0619 0.9964
1311868167.2633 0.4866 0.0862 -0.2830 -0.0457 -0.0402 -0.0652 0.9960
1311868167.2991 0.4988 0.0848 -0.2835 -0.0446 -0.0441 -0.0680 0.9957
1311868167.3311 0.5102 0.0841 -0.2850 -0.0441 -0.0467 -0.0699 0.9955
1311868167.3633 0.5204 0.0837 -0.2850 -0.0443 -0.0488 -0.0718 0.9952
1311868167.3992 0.5290 0.0840 -0.2854 -0.0446 -0.0502 -0.0724 0.9951
1311868167.4312 0.5382 0.0837 -0.2840 -0.0452 -0.0527 -0.0720 0.9950
1311868167.4633 0.5465 0.0828 -0.2840 -0.0457 -0.0555 -0.0715 0.9948
1311868167.4991 0.5542 0.0818 -0.2829 -0.0459 -0.0584 -0.0721 0.9946
1311868167.5313 0.5615 0.0808 -0.2832 -0.0450 -0.0604 -0.0737 0.9944
1311868167.5632 0.5684 0.0802 -0.2841 -0.0445 -0.0612 -0.0741 0.9944
1311868167.5992 0.5741 0.0803 -0.2848 -0.0444 -0.0618 -0.0739 0.9944
1311868167.6315 0.5794 0.0795 -0.2835 -0.0446 -0.0630 -0.0740 0.9943
1311868167.6634 0.5852 0.0795 -0.2831 -0.0448 -0.0645 -0.0741 0.9942
1311868167.6992 0.5910 0.0789 -0.2830 -0.0459 -0.0659 -0.0744 0.9940
1311868167.7312 0.5955 0.0784 -0.2819 -0.0479 -0.0670 -0.0750 0.9938
1311868167.7633 0.5988 0.0777 -0.2793 -0.0495 -0.0674 -0.0757 0.9936
1311868167.7992 0.6034 0.0768 -0.2779 -0.0511 -0.0681 -0.0753 0.9935
1311868167.8631 0.6108 0.0733 -0.2713 -0.0526 -0.0675 -0.0754 0.9935
1311868167.8994 0.6137 0.0700 -0.2661 -0.0518 -0.0669 -0.0729 0.9937
1311868167.9312 0.6174 0.0685 -0.2640 -0.0497 -0.0679 -0.0702 0.9940
1311868167.9993 0.6243 0.0633 -0.2622 -0.0493 -0.0694 -0.0657 0.9942
1311868168.0313 0.6272 0.0607 -0.2589 -0.0498 -0.0699 -0.0638 0.9943
1311868168.0632 0.6306 0.0581 -0.2545 -0.0501 -0.0701 -0.0633 0.9943
1311868168.0993 0.6316 0.0554 -0.2498 -0.0493 -0.0697 -0.0635 0.9943
1311868168.1312 0.6333 0.0531 -0.2458 -0.0481 -0.0697 -0.0644 0.9943
1311868168.1633 0.6344 0.0510 -0.2416 -0.0467 -0.0698 -0.0657 0.9943
1311868168.1992 0.6355 0.0489 -0.2371 -0.0461 -0.0702 -0.0675 0.9942
1311868168.2633 0.6363 0.0446 -0.2279 -0.0475 -0.0705 -0.0707 0.9939
1311868168.2996 0.6364 0.0412 -0.2213 -0.0494 -0.0716 -0.0712 0.9937
1311868168.3312 0.6359 0.0374 -0.2152 -0.0514 -0.0731 -0.0720 0.9934
1311868168.3632 0.6342 0.0306 -0.2061 -0.0531 -0.0744 -0.0729 0.9931
1311868168.3994 0.6327 0.0241 -0.1983 -0.0519 -0.0755 -0.0741 0.9930
1311868168.4312 0.6315 0.0177 -0.1910 -0.0495 -0.0768 -0.0769 0.9928
1311868168.4633 0.6298 0.0110 -0.1847 -0.0460 -0.0769 -0.0786 0.9929
1311868168.4993 0.6282 0.0048 -0.1784 -0.0419 -0.0774 -0.0785 0.9930
1311868168.5633 0.6257 -0.0024 -0.1692 -0.0359 -0.0805 -0.0777 0.9931
1311868168.5994 0.6247 -0.0056 -0.1621 -0.0359 -0.0824 -0.0765 0.9930
1311868168.6633 0.6243 -0.0137 -0.1490 -0.0344 -0.0852 -0.0770 0.9928
1311868168.6996 0.6262 -0.0164 -0.1441 -0.0335 -0.0854 -0.0775 0.9928
1311868168.7633 0.6257 -0.0181 -0.1322 -0.0330 -0.0863 -0.0758 0.9928
1311868168.7994 0.6265 -0.0206 -0.1261 -0.0344 -0.0886 -0.0751 0.9926
1311868168.8312 0.6273 -0.0238 -0.1197 -0.0355 -0.0913 -0.0743 0.9924
1311868168.8993 0.6302 -0.0316 -0.1088 -0.0342 -0.0965 -0.0779 0.9917
1311868168.9312 0.6311 -0.0358 -0.1026 -0.0322 -0.0984 -0.0803 0.9914
1311868168.9633 0.6321 -0.0389 -0.0966 -0.0296 -0.1011 -0.0829 0.9910
1311868168.9994 0.6334 -0.0428 -0.0909 -0.0272 -0.1046 -0.0854 0.9905
1311868169.0312 0.6353 -0.0479 -0.0855 -0.0253 -0.1086 -0.0871 0.9899
1311868169.0634 0.6380 -0.0534 -0.0802 -0.0234 -0.1127 -0.0878 0.9895
1311868169.0993 0.6401 -0.0594 -0.0742 -0.0208 -0.1169 -0.0891 0.9889
1311868169.1312 0.6423 -0.0638 -0.0685 -0.0178 -0.1213 -0.0914 0.9882
1311868169.1995 0.6466 -0.0732 -0.0553 -0.0129 -0.1326 -0.0979 0.9862
1311868169.2314 0.6496 -0.0791 -0.0487 -0.0107 -0.1389 -0.1014 0.9850
1311868169.2633 0.6532 -0.0848 -0.0421 -0.0088 -0.1452 -0.1041 0.9839
1311868169.2995 0.6565 -0.0917 -0.0344 -0.0072 -0.1514 -0.1078 0.9826
1311868169.3313 0.6600 -0.0995 -0.0264 -0.0043 -0.1577 -0.1126 0.9810
1311868169.3635 0.6634 -0.1068 -0.0193 -0.0005 -0.1637 -0.1177 0.9795
1311868169.3994 0.6664 -0.1133 -0.0128 0.0035 -0.1702 -0.1227 0.9777
1311868169.4314 0.6697 -0.1204 -0.0057 0.0065 -0.1774 -0.1266 0.9759
1311868169.4632 0.6732 -0.1281 0.0005 0.0093 -0.1844 -0.1302 0.9741
1311868169.4993 0.6782 -0.1363 0.0063 0.0119 -0.1906 -0.1349 0.9723
1311868169.5314 0.6833 -0.1453 0.0117 0.0148 -0.1950 -0.1396 0.9707
1311868169.5635 0.6881 -0.1544 0.0171 0.0183 -0.1980 -0.1440 0.9694
1311868169.5994 0.6918 -0.1607 0.0220 0.0231 -0.2003 -0.1478 0.9682
1311868169.6313 0.6936 -0.1643 0.0262 0.0269 -0.2038 -0.1511 0.9669
1311868169.6632 0.6969 -0.1692 0.0300 0.0294 -0.2096 -0.1539 0.9652
1311868169.6995 0.7021 -0.1741 0.0332 0.0307 -0.2160 -0.1559 0.9634
1311868169.7313 0.7106 -0.1804 0.0362 0.0317 -0.2214 -0.1578 0.9618
1311868169.7634 0.7178 -0.1872 0.0409 0.0322 -0.2240 -0.1581 0.9612
1311868169.7994 0.7215 -0.1915 0.0440 0.0342 -0.2253 -0.1570 0.9610
1311868169.8314 0.7257 -0.1940 0.0461 0.0355 -0.2273 -0.1570 0.9604
1311868169.8634 0.7311 -0.1979 0.0489 0.0355 -0.2293 -0.1577 0.9598
1311868169.8994 0.7362 -0.2023 0.0510 0.0355 -0.2310 -0.1569 0.9596
1311868169.9313 0.7431 -0.2061 0.0534 0.0346 -0.2316 -0.1559 0.9596
1311868169.9634 0.7479 -0.2126 0.0565 0.0344 -0.2311 -0.1544 0.9600
1311868169.9994 0.7522 -0.2176 0.0575 0.0361 -0.2302 -0.1503 0.9608
1311868170.0313 0.7574 -0.2175 0.0554 0.0373 -0.2303 -0.1451 0.9615
1311868170.0635 0.7612 -0.2204 0.0553 0.0363 -0.2318 -0.1425 0.9616
1311868170.0994 0.7653 -0.2265 0.0545 0.0370 -0.2346 -0.1400 0.9612
1311868170.1313 0.7742 -0.2286 0.0515 0.0394 -0.2373 -0.1375 0.9608
1311868170.1634 0.7821 -0.2303 0.0487 0.0409 -0.2381 -0.1368 0.9607
1311868170.1993 0.7887 -0.2317 0.0458 0.0410 -0.2381 -0.1346 0.9610
1311868170.2315 0.7951 -0.2325 0.0423 0.0405 -0.2381 -0.1311 0.9615
1311868170.2635 0.8009 -0.2307 0.0377 0.0392 -0.2382 -0.1289 0.9618
1311868170.2994 0.8069 -0.2322 0.0347 0.0379 -0.2388 -0.1308 0.9615
1311868170.3313 0.8146 -0.2306 0.0296 0.0382 -0.2385 -0.1330 0.9612
1311868170.3634 0.8209 -0.2277 0.0238 0.0378 -0.2377 -0.1350 0.9612
1311868170.3994 0.8259 -0.2247 0.0186 0.0368 -0.2371 -0.1381 0.9609
1311868170.4313 0.8297 -0.2219 0.0129 0.0359 -0.2377 -0.1412 0.9603
1311868170.4634 0.8371 -0.2193 0.0074 0.0347 -0.2395 -0.1443 0.9595
1311868170.4995 0.8443 -0.2179 0.0027 0.0334 -0.2403 -0.1466 0.9590
1311868170.5315 0.8505 -0.2158 -0.0025 0.0319 -0.2407 -0.1470 0.9589
1311868170.5633 0.8561 -0.2153 -0.0066 0.0310 -0.2412 -0.1467 0.9588
1311868170.5993 0.8637 -0.2123 -0.0130 0.0304 -0.2418 -0.1473 0.9586
1311868170.6315 0.8719 -0.2119 -0.0169 0.0283 -0.2420 -0.1484 0.9584
1311868170.6634 0.8790 -0.2110 -0.0210 0.0266 -0.2410 -0.1475 0.9589
1311868170.6994 0.8846 -0.2087 -0.0247 0.0242 -0.2401 -0.1463 0.9594
1311868170.7314 0.8893 -0.2074 -0.0281 0.0216 -0.2406 -0.1459 0.9594
1311868170.7635 0.8955 -0.2074 -0.0308 0.0185 -0.2420 -0.1454 0.9591
1311868170.7994 0.9017 -0.2090 -0.0328 0.0168 -0.2432 -0.1450 0.9589
1311868170.8313 0.9080 -0.2094 -0.0354 0.0160 -0.2438 -0.1452 0.9587
1311868170.8634 0.9147 -0.2099 -0.0386 0.0150 -0.2448 -0.1452 0.9585
1311868170.8994 0.9219 -0.2118 -0.0394 0.0139 -0.2449 -0.1446 0.9586
1311868170.9314 0.9287 -0.2119 -0.0414 0.0147 -0.2444 -0.1449 0.9587
1311868170.9634 0.9352 -0.2143 -0.0410 0.0171 -0.2428 -0.1480 0.9586
1311868170.9995 0.9381 -0.2114 -0.0443 0.0206 -0.2416 -0.1484 0.9587
1311868171.0315 0.9434 -0.2074 -0.0474 0.0204 -0.2441 -0.1480 0.9582
1311868171.0634 0.9497 -0.2073 -0.0479 0.0182 -0.2477 -0.1495 0.9571
1311868171.0994 0.9569 -0.2088 -0.0483 0.0165 -0.2507 -0.1501 0.9562
1311868171.1315 0.9649 -0.2103 -0.0490 0.0155 -0.2527 -0.1507 0.9556
1311868171.1634 0.9725 -0.2113 -0.0492 0.0146 -0.2536 -0.1515 0.9552
1311868171.1994 0.9777 -0.2113 -0.0474 0.0147 -0.2541 -0.1524 0.9550
1311868171.2314 0.9840 -0.2095 -0.0480 0.0153 -0.2551 -0.1536 0.9545
1311868171.2634 0.9902 -0.2090 -0.0473 0.0148 -0.2567 -0.1559 0.9537
1311868171.2994 0.9956 -0.2081 -0.0458 0.0149 -0.2588 -0.1581 0.9528
1311868171.3314 1.0028 -0.2073 -0.0452 0.0144 -0.2614 -0.1599 0.9518
1311868171.3635 1.0093 -0.2063 -0.0430 0.0143 -0.2640 -0.1634 0.9505
1311868171.3994 1.0178 -0.2058 -0.0416 0.0148 -0.2665 -0.1674 0.9491
1311868171.4635 1.0344 -0.2044 -0.0390 0.0148 -0.2713 -0.1713 0.9470
1311868171.4995 1.0424 -0.2046 -0.0363 0.0135 -0.2745 -0.1745 0.9455
1311868171.5315 1.0526 -0.2062 -0.0356 0.0133 -0.2771 -0.1782 0.9441
1311868171.5634 1.0621 -0.2063 -0.0336 0.0135 -0.2782 -0.1806 0.9433
1311868171.5995 1.0718 -0.2063 -0.0323 0.0133 -0.2792 -0.1821 0.9427
1311868171.6315 1.0802 -0.2058 -0.0295 0.0128 -0.2805 -0.1835 0.9421
1311868171.6634 1.0891 -0.2051 -0.0284 0.0119 -0.2826 -0.1857 0.9410
1311868171.6994 1.0991 -0.2056 -0.0263 0.0106 -0.2849 -0.1888 0.9397
1311868171.7315 1.1088 -0.2054 -0.0233 0.0094 -0.2865 -0.1909 0.9388
1311868171.7635 1.1177 -0.2051 -0.0203 0.0084 -0.2876 -0.1930 0.9381
1311868171.7995 1.1277 -0.2041 -0.0180 0.0069 -0.2885 -0.1955 0.9373
1311868171.8314 1.1376 -0.2035 -0.0148 0.0050 -0.2885 -0.1974 0.9369
1311868171.8996 1.1542 -0.1995 -0.0070 0.0001 -0.2890 -0.2003 0.9362
1311868171.9315 1.1618 -0.1986 -0.0018 -0.0024 -0.2904 -0.2014 0.9355
1311868171.9996 1.1782 -0.1978 0.0064 -0.0060 -0.2916 -0.2044 0.9344
1311868172.0315 1.1856 -0.1971 0.0099 -0.0073 -0.2912 -0.2055 0.9343
1311868172.0634 1.1920 -0.1955 0.0128 -0.0089 -0.2915 -0.2055 0.9342
1311868172.0995 1.1999 -0.1943 0.0154 -0.0117 -0.2928 -0.2055 0.9338
1311868172.1315 1.2080 -0.1935 0.0190 -0.0144 -0.2937 -0.2054 0.9334
1311868172.1636 1.2155 -0.1923 0.0221 -0.0169 -0.2940 -0.2057 0.9333
1311868172.1998 1.2221 -0.1915 0.0263 -0.0193 -0.2936 -0.2061 0.9332
1311868172.2635 1.2336 -0.1896 0.0317 -0.0222 -0.2927 -0.2091 0.9328
1311868172.2995 1.2389 -0.1885 0.0334 -0.0242 -0.2921 -0.2104 0.9327
1311868172.3635 1.2495 -0.1863 0.0392 -0.0298 -0.2919 -0.2142 0.9317
1311868172.3995 1.2555 -0.1861 0.0431 -0.0325 -0.2912 -0.2160 0.9314
1311868172.4635 1.2655 -0.1849 0.0520 -0.0374 -0.2867 -0.2202 0.9316
1311868172.4995 1.2690 -0.1836 0.0571 -0.0396 -0.2845 -0.2231 0.9315
1311868172.5636 1.2771 -0.1816 0.0665 -0.0446 -0.2808 -0.2242 0.9321
1311868172.5996 1.2812 -0.1799 0.0718 -0.0476 -0.2797 -0.2248 0.9322
1311868172.6316 1.2862 -0.1787 0.0784 -0.0507 -0.2788 -0.2255 0.9321
1311868172.6636 1.2913 -0.1778 0.0841 -0.0541 -0.2772 -0.2252 0.9325
1311868172.6996 1.2956 -0.1766 0.0907 -0.0585 -0.2750 -0.2246 0.9330
1311868172.7635 1.3036 -0.1755 0.1074 -0.0693 -0.2709 -0.2238 0.9337
1311868172.7996 1.3062 -0.1744 0.1170 -0.0738 -0.2688 -0.2248 0.9337
1311868172.8635 1.3098 -0.1739 0.1368 -0.0810 -0.2663 -0.2274 0.9332
1311868172.8995 1.3102 -0.1739 0.1464 -0.0839 -0.2662 -0.2285 0.9327
1311868172.9316 1.3111 -0.1752 0.1560 -0.0864 -0.2667 -0.2297 0.9320
1311868172.9636 1.3103 -0.1772 0.1670 -0.0884 -0.2668 -0.2308 0.9315
1311868172.9996 1.3107 -0.1804 0.1764 -0.0887 -0.2667 -0.2324 0.9311
1311868173.0675 1.3148 -0.1880 0.1926 -0.0894 -0.2644 -0.2353 0.9310
1311868173.0996 1.3153 -0.1916 0.2000 -0.0901 -0.2631 -0.2357 0.9312
1311868173.1315 1.3172 -0.1948 0.2065 -0.0916 -0.2629 -0.2367 0.9308
1311868173.1675 1.3159 -0.1996 0.2164 -0.0929 -0.2632 -0.2391 0.9300
1311868173.1996 1.3124 -0.2034 0.2253 -0.0916 -0.2631 -0.2421 0.9294
1311868173.2315 1.3142 -0.2092 0.2311 -0.0889 -0.2640 -0.2453 0.9286
1311868173.2677 1.3140 -0.2151 0.2375 -0.0867 -0.2633 -0.2467 0.9286
1311868173.2997 1.3166 -0.2202 0.2419 -0.0851 -0.2627 -0.2440 0.9296
1311868173.3315 1.3187 -0.2233 0.2457 -0.0852 -0.2633 -0.2411 0.9302
1311868173.3677 1.3194 -0.2267 0.2517 -0.0859 -0.2651 -0.2399 0.9300
1311868173.3996 1.3209 -0.2318 0.2585 -0.0860 -0.2673 -0.2397 0.9294
1311868173.4316 1.3230 -0.2360 0.2631 -0.0850 -0.2684 -0.2399 0.9291
1311868173.4676 1.3254 -0.2414 0.2702 -0.0844 -0.2690 -0.2393 0.9291
1311868173.5316 1.3316 -0.2460 0.2792 -0.0834 -0.2708 -0.2358 0.9296
1311868173.5676 1.3344 -0.2493 0.2854 -0.0848 -0.2724 -0.2351 0.9292
1311868173.6316 1.3392 -0.2551 0.2988 -0.0865 -0.2748 -0.2351 0.9283
1311868173.6680 1.3397 -0.2576 0.3057 -0.0863 -0.2760 -0.2356 0.9278
1311868173.6997 1.3409 -0.2594 0.3119 -0.0860 -0.2782 -0.2352 0.9273
1311868173.7316 1.3423 -0.2622 0.3184 -0.0855 -0.2818 -0.2361 0.9260
1311868173.7676 1.3449 -0.2677 0.3253 -0.0850 -0.2862 -0.2383 0.9242
1311868173.7995 1.3459 -0.2734 0.3321 -0.0834 -0.2900 -0.2397 0.9228
1311868173.8316 1.3480 -0.2767 0.3377 -0.0810 -0.2948 -0.2402 0.9213
1311868173.8675 1.3510 -0.2809 0.3425 -0.0787 -0.3007 -0.2432 0.9188
1311868173.9316 1.3582 -0.2942 0.3531 -0.0730 -0.3115 -0.2531 0.9130
1311868173.9676 1.3619 -0.2997 0.3582 -0.0686 -0.3162 -0.2581 0.9103
1311868173.9997 1.3663 -0.3048 0.3622 -0.0643 -0.3212 -0.2635 0.9073
1311868174.0317 1.3721 -0.3110 0.3663 -0.0614 -0.3265 -0.2676 0.9045
1311868174.0677 1.3777 -0.3177 0.3720 -0.0601 -0.3313 -0.2693 0.9023
1311868174.0995 1.3844 -0.3239 0.3773 -0.0593 -0.3360 -0.2704 0.9003
1311868174.1317 1.3905 -0.3296 0.3834 -0.0588 -0.3397 -0.2726 0.8982
1311868174.1679 1.3940 -0.3372 0.3913 -0.0574 -0.3424 -0.2749 0.8966
1311868174.2316 1.4048 -0.3459 0.4022 -0.0526 -0.3463 -0.2777 0.8945
1311868174.2678 1.4104 -0.3503 0.4073 -0.0506 -0.3487 -0.2794 0.8932
1311868174.2997 1.4159 -0.3538 0.4126 -0.0488 -0.3509 -0.2810 0.8919
1311868174.3318 1.4219 -0.3573 0.4176 -0.0482 -0.3535 -0.2820 0.8906
1311868174.3680 1.4261 -0.3602 0.4224 -0.0481 -0.3559 -0.2834 0.8892
1311868174.3997 1.4308 -0.3644 0.4276 -0.0479 -0.3584 -0.2849 0.8877
1311868174.4318 1.4360 -0.3686 0.4331 -0.0480 -0.3610 -0.2858 0.8864
1311868174.4676 1.4379 -0.3700 0.4379 -0.0478 -0.3633 -0.2862 0.8854
1311868174.4997 1.4395 -0.3699 0.4413 -0.0470 -0.3665 -0.2869 0.8838
1311868174.5317 1.4423 -0.3728 0.4446 -0.0470 -0.3698 -0.2881 0.8821
1311868174.5676 1.4446 -0.3756 0.4489 -0.0471 -0.3726 -0.2879 0.8810
1311868174.5997 1.4462 -0.3779 0.4529 -0.0473 -0.3748 -0.2870 0.8803
1311868174.6318 1.4483 -0.3822 0.4577 -0.0477 -0.3768 -0.2852 0.8800
1311868174.6678 1.4481 -0.3858 0.4627 -0.0479 -0.3782 -0.2827 0.8802
1311868174.6996 1.4480 -0.3889 0.4676 -0.0475 -0.3800 -0.2805 0.8802
1311868174.7316 1.4466 -0.3947 0.4730 -0.0464 -0.3819 -0.2799 0.8796
1311868174.7677 1.4462 -0.4007 0.4772 -0.0437 -0.3838 -0.2793 0.8791
1311868174.7998 1.4448 -0.4050 0.4805 -0.0407 -0.3849 -0.2779 0.8792
1311868174.8318 1.4424 -0.4094 0.4844 -0.0382 -0.3862 -0.2764 0.8792
1311868174.8678 1.4413 -0.4148 0.4879 -0.0353 -0.3876 -0.2754 0.8790
1311868174.8997 1.4408 -0.4225 0.4918 -0.0328 -0.3886 -0.2746 0.8789
1311868174.9318 1.4374 -0.4279 0.4962 -0.0295 -0.3878 -0.2734 0.8798
1311868174.9677 1.4345 -0.4316 0.4998 -0.0257 -0.3869 -0.2710 0.8810
1311868174.9998 1.4298 -0.4343 0.5035 -0.0224 -0.3865 -0.2698 0.8817
1311868175.0317 1.4248 -0.4394 0.5074 -0.0190 -0.3868 -0.2700 0.8816
1311868175.0677 1.4207 -0.4443 0.5105 -0.0150 -0.3867 -0.2704 0.8815
1311868175.0996 1.4152 -0.4484 0.5141 -0.0118 -0.3864 -0.2704 0.8817
1311868175.1317 1.4069 -0.4540 0.5184 -0.0083 -0.3870 -0.2701 0.8816
1311868175.1678 1.3976 -0.4626 0.5228 -0.0026 -0.3885 -0.2707 0.8808
1311868175.1996 1.3890 -0.4742 0.5269 0.0069 -0.3899 -0.2716 0.8798
1311868175.2318 1.3846 -0.4800 0.5307 0.0197 -0.3910 -0.2699 0.8797
1311868175.2678 1.3797 -0.4836 0.5339 0.0299 -0.3919 -0.2658 0.8803
1311868175.3000 1.3758 -0.4838 0.5372 0.0364 -0.3943 -0.2596 0.8808
1311868175.3319 1.3732 -0.4844 0.5413 0.0377 -0.3985 -0.2534 0.8807
1311868175.3677 1.3686 -0.4900 0.5471 0.0363 -0.4032 -0.2487 0.8799
1311868175.4000 1.3647 -0.4972 0.5533 0.0363 -0.4071 -0.2447 0.8792
1311868175.4320 1.3615 -0.5037 0.5601 0.0380 -0.4101 -0.2409 0.8788
1311868175.4677 1.3574 -0.5108 0.5670 0.0413 -0.4117 -0.2373 0.8789
1311868175.4998 1.3550 -0.5144 0.5731 0.0465 -0.4129 -0.2335 0.8791
1311868175.5318 1.3525 -0.5158 0.5780 0.0503 -0.4142 -0.2296 0.8793
1311868175.5678 1.3501 -0.5167 0.5827 0.0516 -0.4167 -0.2255 0.8791
1311868175.5999 1.3480 -0.5198 0.5882 0.0518 -0.4206 -0.2230 0.8779
1311868175.6318 1.3468 -0.5268 0.5955 0.0528 -0.4242 -0.2228 0.8761
1311868175.6677 1.3464 -0.5339 0.6024 0.0559 -0.4263 -0.2227 0.8750
1311868175.6998 1.3461 -0.5397 0.6082 0.0597 -0.4275 -0.2217 0.8744
1311868175.7317 1.3457 -0.5421 0.6131 0.0633 -0.4286 -0.2210 0.8737
1311868175.7676 1.3445 -0.5464 0.6185 0.0658 -0.4309 -0.2214 0.8723
1311868175.7998 1.3453 -0.5509 0.6237 0.0680 -0.4342 -0.2211 0.8706
1311868175.8318 1.3468 -0.5545 0.6298 0.0691 -0.4379 -0.2210 0.8687
1311868175.8677 1.3484 -0.5615 0.6355 0.0702 -0.4419 -0.2215 0.8665
1311868175.8997 1.3515 -0.5680 0.6420 0.0717 -0.4459 -0.2222 0.8641
1311868175.9316 1.3554 -0.5728 0.6486 0.0732 -0.4498 -0.2230 0.8617
1311868175.9679 1.3577 -0.5780 0.6545 0.0742 -0.4538 -0.2247 0.8591
1311868175.9999 1.3618 -0.5818 0.6606 0.0748 -0.4585 -0.2264 0.8561
1311868176.0320 1.3658 -0.5869 0.6675 0.0748 -0.4633 -0.2297 0.8526
1311868176.0679 1.3705 -0.5930 0.6747 0.0757 -0.4679 -0.2349 0.8486
1311868176.0998 1.3758 -0.5984 0.6823 0.0768 -0.4721 -0.2400 0.8447
1311868176.1317 1.3797 -0.6047 0.6898 0.0777 -0.4758 -0.2452 0.8411
1311868176.1680 1.3856 -0.6095 0.6976 0.0789 -0.4796 -0.2497 0.8375
1311868176.1999 1.3920 -0.6146 0.7064 0.0789 -0.4829 -0.2533 0.8345
1311868176.2319 1.3986 -0.6180 0.7153 0.0774 -0.4858 -0.2556 0.8323
1311868176.2678 1.4039 -0.6224 0.7245 0.0747 -0.4883 -0.2580 0.8303
1311868176.2998 1.4092 -0.6274 0.7344 0.0727 -0.4904 -0.2611 0.8283
1311868176.3319 1.4157 -0.6317 0.7454 0.0713 -0.4917 -0.2647 0.8265
1311868176.3678 1.4214 -0.6348 0.7554 0.0699 -0.4922 -0.2677 0.8253
1311868176.3999 1.4273 -0.6354 0.7651 0.0674 -0.4927 -0.2697 0.8246
1311868176.4317 1.4331 -0.6356 0.7756 0.0636 -0.4935 -0.2714 0.8239
1311868176.4679 1.4375 -0.6379 0.7860 0.0590 -0.4939 -0.2737 0.8232
1311868176.4998 1.4410 -0.6418 0.7951 0.0551 -0.4940 -0.2749 0.8230
1311868176.5319 1.4452 -0.6421 0.8033 0.0527 -0.4939 -0.2766 0.8227
1311868176.5678 1.4481 -0.6440 0.8109 0.0511 -0.4940 -0.2795 0.8218
1311868176.6021 1.4510 -0.6457 0.8173 0.0499 -0.4943 -0.2816 0.8209
1311868176.6317 1.4552 -0.6459 0.8244 0.0474 -0.4952 -0.2821 0.8203
1311868176.6678 1.4560 -0.6488 0.8304 0.0440 -0.4959 -0.2820 0.8201
1311868176.6998 1.4590 -0.6503 0.8369 0.0412 -0.4969 -0.2815 0.8198
1311868176.7318 1.4596 -0.6537 0.8431 0.0390 -0.4972 -0.2821 0.8196
1311868176.7678 1.4589 -0.6580 0.8478 0.0391 -0.4974 -0.2828 0.8192
1311868176.7997 1.4613 -0.6595 0.8525 0.0407 -0.4980 -0.2832 0.8186
1311868176.8319 1.4628 -0.6613 0.8576 0.0408 -0.4982 -0.2834 0.8184
1311868176.8678 1.4646 -0.6624 0.8631 0.0397 -0.4986 -0.2829 0.8184
1311868176.8998 1.4645 -0.6654 0.8697 0.0380 -0.4982 -0.2829 0.8187
1311868176.9318 1.4639 -0.6677 0.8752 0.0374 -0.4967 -0.2831 0.8196
1311868176.9679 1.4621 -0.6692 0.8794 0.0380 -0.4952 -0.2841 0.8201
1311868176.9999 1.4619 -0.6695 0.8845 0.0389 -0.4947 -0.2856 0.8199
1311868177.0320 1.4607 -0.6705 0.8899 0.0382 -0.4943 -0.2868 0.8197
1311868177.0679 1.4587 -0.6710 0.8962 0.0368 -0.4943 -0.2882 0.8193
1311868177.0997 1.4558 -0.6745 0.9042 0.0357 -0.4944 -0.2907 0.8184
1311868177.1319 1.4533 -0.6804 0.9114 0.0355 -0.4933 -0.2931 0.8182
1311868177.1681 1.4495 -0.6844 0.9190 0.0375 -0.4914 -0.2952 0.8185
1311868177.1999 1.4455 -0.6884 0.9248 0.0397 -0.4892 -0.2974 0.8190
1311868177.2319 1.4421 -0.6904 0.9310 0.0415 -0.4875 -0.2987 0.8194
1311868177.2678 1.4385 -0.6918 0.9362 0.0415 -0.4864 -0.2993 0.8198
1311868177.2999 1.4335 -0.6933 0.9430 0.0395 -0.4865 -0.2998 0.8197
1311868177.3317 1.4282 -0.6967 0.9500 0.0381 -0.4874 -0.3010 0.8188
1311868177.3679 1.4238 -0.7029 0.9568 0.0370 -0.4880 -0.3021 0.8181
1311868177.4000 1.4206 -0.7099 0.9641 0.0390 -0.4878 -0.3036 0.8175
1311868177.4318 1.4192 -0.7141 0.9703 0.0420 -0.4866 -0.3044 0.8178
1311868177.4678 1.4191 -0.7174 0.9757 0.0426 -0.4850 -0.3037 0.8190
1311868177.4998 1.4192 -0.7163 0.9817 0.0407 -0.4839 -0.3016 0.8205
1311868177.5318 1.4189 -0.7131 0.9889 0.0366 -0.4839 -0.3015 0.8207
1311868177.5679 1.4155 -0.7150 0.9953 0.0314 -0.4836 -0.3044 0.8200
1311868177.5997 1.4134 -0.7169 1.0033 0.0281 -0.4835 -0.3070 0.8193
1311868177.6321 1.4109 -0.7200 1.0108 0.0270 -0.4827 -0.3105 0.8185
1311868177.6679 1.4101 -0.7227 1.0178 0.0270 -0.4815 -0.3138 0.8179
1311868177.6999 1.4091 -0.7242 1.0235 0.0269 -0.4803 -0.3154 0.8180
1311868177.7320 1.4086 -0.7221 1.0296 0.0254 -0.4805 -0.3158 0.8177
1311868177.7679 1.4078 -0.7233 1.0347 0.0224 -0.4821 -0.3165 0.8166
1311868177.7999 1.4062 -0.7247 1.0397 0.0200 -0.4852 -0.3173 0.8146
1311868177.8320 1.4081 -0.7268 1.0460 0.0189 -0.4896 -0.3195 0.8111
1311868177.8678 1.4106 -0.7310 1.0518 0.0181 -0.4936 -0.3223 0.8076
1311868177.8999 1.4142 -0.7342 1.0580 0.0176 -0.4967 -0.3246 0.8047
1311868177.9319 1.4182 -0.7355 1.0637 0.0181 -0.4999 -0.3277 0.8015
1311868177.9679 1.4198 -0.7376 1.0695 0.0179 -0.5029 -0.3319 0.7978
1311868178.0001 1.4239 -0.7404 1.0742 0.0177 -0.5064 -0.3352 0.7943
1311868178.0320 1.4273 -0.7395 1.0815 0.0165 -0.5112 -0.3381 0.7900
1311868178.0680 1.4315 -0.7419 1.0873 0.0139 -0.5161 -0.3419 0.7852
1311868178.1000 1.4353 -0.7441 1.0933 0.0123 -0.5208 -0.3465 0.7801
1311868178.1320 1.4391 -0.7488 1.0996 0.0124 -0.5250 -0.3520 0.7748
1311868178.1680 1.4438 -0.7530 1.1057 0.0133 -0.5279 -0.3556 0.7712
1311868178.1999 1.4485 -0.7578 1.1124 0.0143 -0.5295 -0.3588 0.7686
1311868178.2320 1.4535 -0.7636 1.1190 0.0169 -0.5296 -0.3618 0.7670
1311868178.2680 1.4590 -0.7659 1.1243 0.0204 -0.5287 -0.3641 0.7665
1311868178.2998 1.4647 -0.7662 1.1279 0.0229 -0.5281 -0.3661 0.7659
1311868178.3322 1.4694 -0.7651 1.1311 0.0231 -0.5293 -0.3675 0.7643
1311868178.3680 1.4754 -0.7641 1.1348 0.0211 -0.5319 -0.3692 0.7618
1311868178.4001 1.4795 -0.7654 1.1389 0.0167 -0.5349 -0.3711 0.7589
1311868178.4322 1.4825 -0.7673 1.1421 0.0125 -0.5378 -0.3715 0.7567
1311868178.4679 1.4886 -0.7674 1.1456 0.0091 -0.5412 -0.3712 0.7544
1311868178.5001 1.4927 -0.7688 1.1491 0.0052 -0.5438 -0.3718 0.7523
1311868178.5319 1.4971 -0.7705 1.1513 0.0023 -0.5460 -0.3708 0.7512
1311868178.5679 1.5032 -0.7713 1.1526 0.0008 -0.5479 -0.3705 0.7500
1311868178.6001 1.5090 -0.7721 1.1544 0.0000 -0.5494 -0.3706 0.7489
1311868178.6320 1.5145 -0.7721 1.1545 -0.0009 -0.5505 -0.3701 0.7483
1311868178.6680 1.5220 -0.7711 1.1535 -0.0018 -0.5519 -0.3699 0.7474
1311868178.6999 1.5287 -0.7711 1.1533 -0.0039 -0.5535 -0.3704 0.7460
1311868178.7319 1.5352 -0.7722 1.1532 -0.0054 -0.5544 -0.3708 0.7450
1311868178.7679 1.5423 -0.7725 1.1518 -0.0061 -0.5548 -0.3709 0.7447
1311868178.8000 1.5510 -0.7723 1.1503 -0.0061 -0.5555 -0.3707 0.7442
1311868178.8320 1.5603 -0.7718 1.1484 -0.0071 -0.5559 -0.3703 0.7442
1311868178.8679 1.5700 -0.7715 1.1466 -0.0095 -0.5561 -0.3694 0.7444
1311868178.9000 1.5783 -0.7723 1.1443 -0.0113 -0.5559 -0.3694 0.7446
1311868178.9323 1.5875 -0.7727 1.1415 -0.0116 -0.5559 -0.3698 0.7444
1311868178.9679 1.5984 -0.7740 1.1395 -0.0112 -0.5561 -0.3703 0.7440
1311868179.0000 1.6092 -0.7754 1.1379 -0.0109 -0.5551 -0.3703 0.7448
1311868179.0322 1.6215 -0.7750 1.1340 -0.0110 -0.5532 -0.3691 0.7467
1311868179.0678 1.6338 -0.7731 1.1298 -0.0129 -0.5516 -0.3681 0.7483
1311868179.1001 1.6448 -0.7713 1.1250 -0.0162 -0.5512 -0.3675 0.7489
1311868179.1320 1.6553 -0.7708 1.1219 -0.0190 -0.5521 -0.3686 0.7476
1311868179.1680 1.6643 -0.7735 1.1210 -0.0190 -0.5532 -0.3717 0.7453
1311868179.2002 1.6771 -0.7752 1.1193 -0.0159 -0.5531 -0.3742 0.7442
1311868179.2320 1.6919 -0.7745 1.1170 -0.0134 -0.5513 -0.3761 0.7446
1311868179.2681 1.7055 -0.7733 1.1145 -0.0153 -0.5477 -0.3764 0.7471
1311868179.3005 1.7155 -0.7711 1.1111 -0.0205 -0.5440 -0.3744 0.7506
1311868179.3331 1.7249 -0.7682 1.1084 -0.0259 -0.5423 -0.3736 0.7521
1311868179.3681 1.7331 -0.7683 1.1080 -0.0301 -0.5425 -0.3754 0.7509
1311868179.4001 1.7433 -0.7699 1.1084 -0.0330 -0.5427 -0.3773 0.7497
1311868179.4322 1.7518 -0.7735 1.1110 -0.0347 -0.5416 -0.3792 0.7495
1311868179.4680 1.7617 -0.7760 1.1122 -0.0344 -0.5385 -0.3803 0.7511
1311868179.5001 1.7701 -0.7764 1.1115 -0.0338 -0.5347 -0.3805 0.7538
1311868179.5322 1.7808 -0.7753 1.1089 -0.0343 -0.5315 -0.3804 0.7561
1311868179.5680 1.7902 -0.7749 1.1079 -0.0365 -0.5295 -0.3811 0.7570
1311868179.6002 1.7977 -0.7749 1.1096 -0.0391 -0.5281 -0.3822 0.7573
1311868179.6320 1.8052 -0.7765 1.1122 -0.0406 -0.5266 -0.3833 0.7577
1311868179.6682 1.8121 -0.7782 1.1147 -0.0410 -0.5246 -0.3842 0.7586
1311868179.7002 1.8213 -0.7797 1.1154 -0.0407 -0.5223 -0.3846 0.7600
1311868179.7322 1.8289 -0.7809 1.1162 -0.0408 -0.5204 -0.3853 0.7610
1311868179.7683 1.8368 -0.7821 1.1173 -0.0413 -0.5192 -0.3854 0.7617
1311868179.8001 1.8444 -0.7836 1.1179 -0.0420 -0.5190 -0.3857 0.7616
1311868179.8321 1.8523 -0.7855 1.1195 -0.0427 -0.5196 -0.3872 0.7605
1311868179.8678 1.8585 -0.7881 1.1221 -0.0428 -0.5204 -0.3888 0.7591
1311868179.8999 1.8654 -0.7905 1.1250 -0.0426 -0.5214 -0.3907 0.7575
1311868179.9320 1.8721 -0.7938 1.1283 -0.0425 -0.5226 -0.3922 0.7559
1311868179.9680 1.8778 -0.7953 1.1304 -0.0420 -0.5239 -0.3933 0.7544
1311868180.0000 1.8854 -0.7979 1.1316 -0.0418 -0.5263 -0.3948 0.7519
1311868180.0319 1.8923 -0.8017 1.1356 -0.0420 -0.5292 -0.3973 0.7486
1311868180.0681 1.9003 -0.8066 1.1402 -0.0429 -0.5315 -0.3988 0.7460
1311868180.1001 1.9072 -0.8109 1.1445 -0.0446 -0.5323 -0.3997 0.7449
1311868180.1319 1.9146 -0.8140 1.1479 -0.0466 -0.5327 -0.4002 0.7442
1311868180.1681 1.9201 -0.8170 1.1527 -0.0488 -0.5335 -0.4012 0.7430
1311868180.2000 1.9260 -0.8204 1.1570 -0.0506 -0.5347 -0.4013 0.7419
1311868180.2322 1.9341 -0.8235 1.1614 -0.0524 -0.5363 -0.4016 0.7406
1311868180.2680 1.9403 -0.8260 1.1653 -0.0540 -0.5374 -0.4026 0.7391
1311868180.3000 1.9479 -0.8277 1.1681 -0.0556 -0.5385 -0.4031 0.7379
1311868180.3319 1.9529 -0.8297 1.1725 -0.0576 -0.5399 -0.4046 0.7359
1311868180.3681 1.9599 -0.8313 1.1772 -0.0588 -0.5416 -0.4060 0.7338
1311868180.4001 1.9651 -0.8329 1.1807 -0.0607 -0.5428 -0.4070 0.7321
1311868180.4320 1.9721 -0.8338 1.1842 -0.0624 -0.5443 -0.4080 0.7303
1311868180.4681 1.9775 -0.8350 1.1886 -0.0650 -0.5456 -0.4093 0.7284
1311868180.5001 1.9815 -0.8358 1.1916 -0.0674 -0.5464 -0.4101 0.7271
1311868180.5319 1.9850 -0.8369 1.1953 -0.0692 -0.5470 -0.4118 0.7255
1311868180.5680 1.9877 -0.8388 1.1997 -0.0701 -0.5477 -0.4133 0.7241
1311868180.6000 1.9915 -0.8405 1.2046 -0.0703 -0.5481 -0.4141 0.7233
1311868180.6321 1.9962 -0.8421 1.2050 -0.0709 -0.5475 -0.4149 0.7232
1311868180.6682 1.9984 -0.8437 1.2087 -0.0721 -0.5473 -0.4153 0.7230
1311868180.7002 2.0017 -0.8453 1.2111 -0.0730 -0.5472 -0.4149 0.7233
1311868180.7321 2.0040 -0.8479 1.2151 -0.0737 -0.5473 -0.4151 0.7230
1311868180.7682 2.0057 -0.8508 1.2186 -0.0735 -0.5472 -0.4148 0.7233
1311868180.8002 2.0089 -0.8536 1.2218 -0.0728 -0.5471 -0.4143 0.7237
1311868180.8320 2.0107 -0.8569 1.2248 -0.0719 -0.5465 -0.4141 0.7244
1311868180.8680 2.0128 -0.8595 1.2272 -0.0707 -0.5456 -0.4133 0.7256
1311868180.9000 2.0169 -0.8636 1.2323 -0.0702 -0.5454 -0.4122 0.7264
1311868180.9321 2.0165 -0.8655 1.2348 -0.0697 -0.5439 -0.4110 0.7283
1311868180.9680 2.0177 -0.8689 1.2375 -0.0696 -0.5432 -0.4092 0.7298
1311868181.0000 2.0181 -0.8721 1.2386 -0.0691 -0.5424 -0.4083 0.7310
1311868181.0322 2.0190 -0.8758 1.2454 -0.0686 -0.5425 -0.4076 0.7313
1311868181.0682 2.0186 -0.8785 1.2469 -0.0675 -0.5408 -0.4067 0.7332
1311868181.1001 2.0202 -0.8813 1.2505 -0.0671 -0.5396 -0.4056 0.7347
1311868181.1320 2.0189 -0.8825 1.2517 -0.0665 -0.5379 -0.4056 0.7360
1311868181.1680 2.0202 -0.8853 1.2572 -0.0662 -0.5379 -0.4049 0.7364
1311868181.2000 2.0188 -0.8865 1.2580 -0.0663 -0.5368 -0.4054 0.7369
1311868181.2321 2.0183 -0.8884 1.2598 -0.0664 -0.5361 -0.4058 0.7372
1311868181.2680 2.0172 -0.8894 1.2626 -0.0669 -0.5352 -0.4065 0.7374
1311868181.3001 2.0135 -0.8899 1.2658 -0.0671 -0.5343 -0.4076 0.7375
1311868181.3321 2.0108 -0.8911 1.2694 -0.0666 -0.5334 -0.4090 0.7374
1311868181.3680 2.0074 -0.8926 1.2723 -0.0656 -0.5323 -0.4105 0.7374
1311868181.4001 2.0037 -0.8932 1.2750 -0.0647 -0.5310 -0.4113 0.7380
1311868181.4324 2.0002 -0.8941 1.2766 -0.0650 -0.5299 -0.4108 0.7391
1311868181.4680 1.9976 -0.8950 1.2783 -0.0662 -0.5295 -0.4101 0.7397
1311868181.5003 1.9937 -0.8963 1.2811 -0.0676 -0.5294 -0.4103 0.7395
1311868181.5322 1.9878 -0.8976 1.2864 -0.0686 -0.5290 -0.4112 0.7392
1311868181.5682 1.9800 -0.8988 1.2903 -0.0681 -0.5281 -0.4123 0.7392
1311868181.6001 1.9742 -0.8998 1.2936 -0.0669 -0.5276 -0.4132 0.7392
1311868181.6324 1.9674 -0.9009 1.2969 -0.0664 -0.5269 -0.4133 0.7397
1311868181.6680 1.9607 -0.9020 1.2997 -0.0669 -0.5264 -0.4125 0.7405
1311868181.7000 1.9517 -0.9023 1.3033 -0.0683 -0.5262 -0.4108 0.7414
1311868181.7326 1.9432 -0.9040 1.3060 -0.0692 -0.5264 -0.4097 0.7418
1311868181.7681 1.9339 -0.9059 1.3107 -0.0696 -0.5270 -0.4095 0.7414
1311868181.8001 1.9226 -0.9085 1.3156 -0.0688 -0.5271 -0.4095 0.7415
1311868181.8322 1.9130 -0.9100 1.3185 -0.0669 -0.5266 -0.4090 0.7422
1311868181.8681 1.9057 -0.9124 1.3210 -0.0653 -0.5263 -0.4091 0.7426
1311868181.9002 1.8949 -0.9143 1.3248 -0.0646 -0.5253 -0.4098 0.7429
1311868181.9321 1.8838 -0.9168 1.3272 -0.0640 -0.5241 -0.4098 0.7439
1311868181.9682 1.8718 -0.9184 1.3297 -0.0636 -0.5232 -0.4098 0.7445
1311868182.0002 1.8589 -0.9206 1.3324 -0.0620 -0.5232 -0.4100 0.7445
1311868182.0322 1.8473 -0.9223 1.3338 -0.0605 -0.5239 -0.4095 0.7445
1311868182.0682 1.8367 -0.9252 1.3368 -0.0600 -0.5250 -0.4086 0.7441
1311868182.1002 1.8254 -0.9266 1.3398 -0.0598 -0.5256 -0.4075 0.7444
1311868182.1362 1.8152 -0.9285 1.3441 -0.0601 -0.5258 -0.4059 0.7451
1311868182.1681 1.8043 -0.9300 1.3475 -0.0603 -0.5252 -0.4044 0.7463
1311868182.2003 1.7951 -0.9309 1.3512 -0.0605 -0.5249 -0.4034 0.7470
1311868182.2362 1.7836 -0.9324 1.3558 -0.0600 -0.5248 -0.4030 0.7474
1311868182.2681 1.7766 -0.9340 1.3594 -0.0591 -0.5249 -0.4024 0.7477
1311868182.3002 1.7689 -0.9361 1.3648 -0.0594 -0.5246 -0.4021 0.7481
1311868182.3362 1.7602 -0.9374 1.3692 -0.0604 -0.5234 -0.4009 0.7495
1311868182.3682 1.7518 -0.9380 1.3735 -0.0616 -0.5224 -0.3999 0.7506
1311868182.4003 1.7409 -0.9385 1.3788 -0.0619 -0.5220 -0.3999 0.7508
1311868182.4361 1.7302 -0.9395 1.3836 -0.0610 -0.5224 -0.4003 0.7505
1311868182.4681 1.7189 -0.9426 1.3888 -0.0597 -0.5231 -0.4000 0.7502
1311868182.5009 1.7068 -0.9448 1.3924 -0.0578 -0.5237 -0.3983 0.7508
1311868182.5361 1.6978 -0.9490 1.3956 -0.0554 -0.5260 -0.3965 0.7504
1311868182.5680 1.6867 -0.9524 1.3999 -0.0530 -0.5288 -0.3955 0.7491
1311868182.6003 1.6740 -0.9567 1.4041 -0.0506 -0.5317 -0.3936 0.7482
1311868182.6363 1.6627 -0.9613 1.4087 -0.0477 -0.5356 -0.3916 0.7467
1311868182.6680 1.6513 -0.9657 1.4138 -0.0439 -0.5400 -0.3905 0.7443
1311868182.7003 1.6388 -0.9701 1.4184 -0.0401 -0.5440 -0.3893 0.7422
1311868182.7362 1.6289 -0.9730 1.4229 -0.0362 -0.5486 -0.3878 0.7398
1311868182.7683 1.6196 -0.9749 1.4293 -0.0328 -0.5541 -0.3877 0.7359
1311868182.8002 1.6074 -0.9785 1.4359 -0.0306 -0.5590 -0.3891 0.7316
1311868182.8362 1.5960 -0.9814 1.4425 -0.0287 -0.5635 -0.3889 0.7283
1311868182.8682 1.5861 -0.9822 1.4495 -0.0265 -0.5684 -0.3897 0.7242
1311868182.9002 1.5759 -0.9796 1.4577 -0.0232 -0.5735 -0.3908 0.7196
1311868182.9363 1.5642 -0.9797 1.4645 -0.0193 -0.5785 -0.3927 0.7146
1311868182.9681 1.5518 -0.9795 1.4701 -0.0146 -0.5826 -0.3950 0.7102
1311868183.0003 1.5399 -0.9813 1.4764 -0.0102 -0.5858 -0.3968 0.7066
1311868183.0363 1.5274 -0.9842 1.4823 -0.0067 -0.5886 -0.3975 0.7039
1311868183.0683 1.5151 -0.9867 1.4871 -0.0034 -0.5915 -0.3978 0.7013
1311868183.1006 1.5046 -0.9881 1.4927 0.0012 -0.5957 -0.3991 0.6970
1311868183.1362 1.4933 -0.9908 1.4985 0.0063 -0.5997 -0.4027 0.6914
1311868183.1682 1.4800 -0.9961 1.5015 0.0114 -0.6031 -0.4061 0.6865
1311868183.2003 1.4710 -0.9976 1.5059 0.0168 -0.6062 -0.4087 0.6820
1311868183.2363 1.4621 -0.9985 1.5100 0.0210 -0.6086 -0.4120 0.6778
1311868183.2684 1.4517 -1.0003 1.5140 0.0239 -0.6104 -0.4150 0.6742
1311868183.3004 1.4406 -1.0007 1.5177 0.0268 -0.6133 -0.4167 0.6704
1311868183.3363 1.4344 -0.9998 1.5212 0.0305 -0.6173 -0.4185 0.6655
1311868183.3685 1.4245 -1.0007 1.5227 0.0342 -0.6206 -0.4217 0.6601
1311868183.4002 1.4161 -1.0018 1.5256 0.0372 -0.6241 -0.4225 0.6562
1311868183.4362 1.4102 -1.0016 1.5272 0.0365 -0.6269 -0.4215 0.6542
1311868183.4682 1.4037 -1.0008 1.5305 0.0325 -0.6307 -0.4197 0.6519
1311868183.5003 1.3982 -1.0007 1.5342 0.0273 -0.6363 -0.4173 0.6482
1311868183.5363 1.3956 -0.9988 1.5377 0.0214 -0.6417 -0.4158 0.6441
1311868183.5684 1.3858 -0.9986 1.5417 -0.0151 0.6461 0.4154 -0.6402
1311868183.6002 1.3766 -0.9980 1.5487 -0.0114 0.6509 0.4129 -0.6370
1311868183.6362 1.3691 -0.9953 1.5544 -0.0089 0.6536 0.4106 -0.6357
1311868183.6686 1.3552 -0.9966 1.5601 -0.0057 0.6545 0.4088 -0.6360
1311868183.7002 1.3476 -0.9950 1.5642 -0.0061 0.6549 0.4060 -0.6374
1311868183.7364 1.3380 -0.9953 1.5674 -0.0074 0.6539 0.4060 -0.6384
1311868183.7682 1.3290 -0.9960 1.5674 -0.0095 0.6524 0.4065 -0.6396
1311868183.8004 1.3234 -0.9954 1.5678 -0.0110 0.6514 0.4075 -0.6399
1311868183.8362 1.3136 -0.9968 1.5660 -0.0105 0.6506 0.4095 -0.6394
1311868183.8685 1.3044 -0.9985 1.5672 -0.0091 0.6511 0.4103 -0.6385
1311868183.9002 1.2932 -1.0019 1.5689 -0.0080 0.6511 0.4117 -0.6376
1311868183.9363 1.2806 -1.0063 1.5705 -0.0079 0.6506 0.4130 -0.6372
1311868183.9685 1.2647 -1.0134 1.5717 -0.0105 0.6502 0.4140 -0.6370
1311868184.0004 1.2524 -1.0193 1.5733 -0.0165 0.6497 0.4136 -0.6376
1311868184.0363 1.2397 -1.0258 1.5729 -0.0212 0.6486 0.4113 -0.6401
1311868184.0703 1.2314 -1.0288 1.5720 -0.0246 0.6480 0.4070 -0.6433
1311868184.1007 1.2227 -1.0314 1.5708 -0.0256 0.6482 0.4035 -0.6453
1311868184.1368 1.2123 -1.0352 1.5712 -0.0257 0.6493 0.4011 -0.6457
1311868184.1690 1.2020 -1.0402 1.5724 -0.0264 0.6507 0.3984 -0.6459
1311868184.2005 1.1943 -1.0433 1.5763 -0.0277 0.6520 0.3958 -0.6461
1311868184.2364 1.1852 -1.0470 1.5813 -0.0279 0.6519 0.3940 -0.6473
1311868184.2685 1.1772 -1.0496 1.5841 -0.0291 0.6506 0.3926 -0.6494
1311868184.3006 1.1716 -1.0497 1.5860 0.0307 -0.6492 -0.3927 0.6506
1311868184.3363 1.1635 -1.0513 1.5864 0.0317 -0.6483 -0.3948 0.6503
1311868184.3682 1.1550 -1.0534 1.5874 -0.0323 0.6489 0.3963 -0.6487
1311868184.4003 1.1461 -1.0563 1.5907 -0.0316 0.6504 0.3968 -0.6470
1311868184.4363 1.1354 -1.0608 1.5942 -0.0306 0.6521 0.3962 -0.6456
1311868184.4684 1.1240 -1.0660 1.5978 -0.0310 0.6539 0.3951 -0.6445
1311868184.5004 1.1150 -1.0695 1.6007 -0.0331 0.6560 0.3931 -0.6435
1311868184.5363 1.1080 -1.0713 1.6052 -0.0346 0.6584 0.3911 -0.6421
1311868184.5684 1.1009 -1.0730 1.6086 -0.0346 0.6608 0.3899 -0.6404
1311868184.6004 1.0927 -1.0749 1.6111 -0.0335 0.6637 0.3897 -0.6376
1311868184.6363 1.0843 -1.0777 1.6141 -0.0321 0.6677 0.3900 -0.6333
1311868184.6684 1.0732 -1.0828 1.6176 -0.0313 0.6722 0.3911 -0.6278
1311868184.7007 1.0633 -1.0886 1.6215 -0.0328 0.6771 0.3921 -0.6218
1311868184.7365 1.0528 -1.0953 1.6270 -0.0351 0.6814 0.3940 -0.6158
1311868184.7685 1.0408 -1.1046 1.6308 -0.0377 0.6849 0.3951 -0.6110
1311868184.8004 1.0309 -1.1127 1.6331 -0.0415 0.6884 0.3952 -0.6068
1311868184.8363 1.0223 -1.1208 1.6362 -0.0449 0.6922 0.3951 -0.6023
1311868184.8687 1.0138 -1.1287 1.6398 -0.0467 0.6958 0.3950 -0.5980
1311868184.9004 1.0059 -1.1353 1.6437 -0.0485 0.6991 0.3955 -0.5937
1311868184.9363 0.9960 -1.1429 1.6482 -0.0492 0.7017 0.3969 -0.5896
1311868184.9684 0.9866 -1.1499 1.6512 -0.0512 0.7038 0.3980 -0.5862
1311868185.0004 0.9799 -1.1548 1.6552 -0.0540 0.7057 0.3996 -0.5826
1311868185.0364 0.9706 -1.1604 1.6582 -0.0561 0.7068 0.4019 -0.5794
1311868185.0684 0.9637 -1.1643 1.6600 -0.0598 0.7084 0.4035 -0.5760
1311868185.1009 0.9590 -1.1657 1.6639 -0.0622 0.7100 0.4056 -0.5723
1311868185.1365 0.9493 -1.1702 1.6662 -0.0608 0.7114 0.4070 -0.5697
1311868185.1686 0.9413 -1.1733 1.6675 -0.0591 0.7134 0.4060 -0.5681
1311868185.2008 0.9338 -1.1758 1.6697 -0.0585 0.7156 0.4057 -0.5656
1311868185.2364 0.9235 -1.1807 1.6728 -0.0586 0.7175 0.4059 -0.5630
1311868185.2685 0.9130 -1.1863 1.6745 -0.0595 0.7192 0.4044 -0.5618
1311868185.3005 0.9042 -1.1906 1.6752 -0.0620 0.7211 0.4014 -0.5612
1311868185.3379 0.8991 -1.1927 1.6785 -0.0651 0.7231 0.3985 -0.5604
1311868185.3685 0.8919 -1.1952 1.6823 -0.0663 0.7243 0.3965 -0.5602
1311868185.4012 0.8844 -1.1978 1.6863 -0.0661 0.7248 0.3936 -0.5616
1311868185.4364 0.8768 -1.1999 1.6896 -0.0662 0.7244 0.3907 -0.5641
1311868185.4686 0.8689 -1.2015 1.6926 -0.0682 0.7233 0.3893 -0.5663
1311868185.5004 0.8598 -1.2053 1.6934 -0.0730 0.7221 0.3882 -0.5679
1311868185.5364 0.8565 -1.2064 1.6967 -0.0783 0.7209 0.3864 -0.5700
1311868185.5685 0.8491 -1.2072 1.6952 -0.0816 0.7197 0.3847 -0.5722
1311868185.6004 0.8430 -1.2091 1.6939 -0.0858 0.7202 0.3826 -0.5723
1311868185.6364 0.8389 -1.2117 1.6966 -0.0900 0.7213 0.3816 -0.5710
1311868185.6686 0.8320 -1.2170 1.6976 -0.0922 0.7218 0.3795 -0.5714
1311868185.7020 0.8269 -1.2199 1.6993 -0.0932 0.7221 0.3752 -0.5736
1311868185.7367 0.8213 -1.2219 1.7009 -0.0934 0.7226 0.3712 -0.5756
1311868185.7686 0.8154 -1.2246 1.7014 -0.0937 0.7232 0.3676 -0.5771
1311868185.8004 0.8128 -1.2243 1.7040 -0.0931 0.7244 0.3639 -0.5780
1311868185.8368 0.8091 -1.2241 1.7062 -0.0903 0.7258 0.3615 -0.5782
1311868185.8684 0.8057 -1.2234 1.7095 -0.0867 0.7277 0.3606 -0.5770
1311868185.9004 0.8001 -1.2238 1.7137 -0.0837 0.7294 0.3624 -0.5742
1311868185.9365 0.7930 -1.2261 1.7165 -0.0821 0.7305 0.3649 -0.5713
1311868185.9684 0.7879 -1.2272 1.7190 -0.0817 0.7317 0.3668 -0.5687
1311868186.0004 0.7822 -1.2285 1.7216 -0.0815 0.7330 0.3691 -0.5655
1311868186.0365 0.7779 -1.2300 1.7247 -0.0819 0.7345 0.3713 -0.5621
1311868186.0687 0.7732 -1.2309 1.7294 -0.0819 0.7360 0.3743 -0.5581
1311868186.1032 0.7681 -1.2338 1.7335 -0.0822 0.7376 0.3778 -0.5536
1311868186.1366 0.7646 -1.2362 1.7383 -0.0817 0.7395 0.3806 -0.5492
1311868186.1685 0.7624 -1.2379 1.7430 -0.0798 0.7418 0.3827 -0.5449
1311868186.2004 0.7588 -1.2387 1.7479 -0.0766 0.7445 0.3853 -0.5398
1311868186.2377 0.7542 -1.2400 1.7527 -0.0741 0.7474 0.3895 -0.5331
1311868186.2687 0.7500 -1.2425 1.7576 -0.0726 0.7508 0.3937 -0.5254
1311868186.3004 0.7462 -1.2446 1.7628 -0.0708 0.7541 0.3971 -0.5183
1311868186.3364 0.7446 -1.2451 1.7677 -0.0696 0.7575 0.4003 -0.5110
1311868186.3684 0.7426 -1.2459 1.7739 -0.0679 0.7607 0.4044 -0.5032
1311868186.4005 0.7392 -1.2481 1.7803 -0.0661 0.7634 0.4083 -0.4961
1311868186.4365 0.7362 -1.2496 1.7878 -0.0644 0.7653 0.4116 -0.4906
1311868186.4685 0.7342 -1.2510 1.7940 -0.0622 0.7664 0.4139 -0.4872
1311868186.5005 0.7342 -1.2514 1.7983 -0.0592 0.7673 0.4156 -0.4848
1311868186.5371 0.7352 -1.2517 1.8024 -0.0555 0.7688 0.4172 -0.4814
1311868186.5685 0.7352 -1.2521 1.8073 -0.0507 0.7703 0.4190 -0.4780
1311868186.6006 0.7339 -1.2542 1.8109 -0.0476 0.7716 0.4209 -0.4745
1311868186.6365 0.7343 -1.2560 1.8160 -0.0470 0.7726 0.4226 -0.4716
1311868186.6686 0.7352 -1.2590 1.8202 -0.0471 0.7728 0.4236 -0.4703
1311868186.7025 0.7407 -1.2603 1.8232 -0.0482 0.7729 0.4238 -0.4698
1311868186.7367 0.7468 -1.2606 1.8265 -0.0491 0.7731 0.4249 -0.4684
1311868186.7685 0.7532 -1.2610 1.8293 -0.0490 0.7734 0.4265 -0.4665
1311868186.8005 0.7596 -1.2613 1.8323 -0.0472 0.7740 0.4279 -0.4643
1311868186.8367 0.7657 -1.2614 1.8359 -0.0446 0.7745 0.4297 -0.4621
1311868186.8693 0.7700 -1.2628 1.8391 -0.0414 0.7746 0.4317 -0.4602
1311868186.9005 0.7741 -1.2650 1.8414 -0.0394 0.7747 0.4328 -0.4593
1311868186.9364 0.7793 -1.2670 1.8446 -0.0392 0.7745 0.4339 -0.4586
1311868186.9686 0.7844 -1.2696 1.8473 -0.0395 0.7740 0.4344 -0.4591
1311868187.0005 0.7912 -1.2718 1.8491 -0.0400 0.7732 0.4343 -0.4604
1311868187.0367 0.7991 -1.2740 1.8514 -0.0399 0.7726 0.4337 -0.4621
1311868187.0685 0.8083 -1.2757 1.8536 -0.0381 0.7715 0.4335 -0.4641
1311868187.1017 0.8151 -1.2780 1.8560 -0.0355 0.7702 0.4341 -0.4659
1311868187.1366 0.8219 -1.2804 1.8580 -0.0339 0.7687 0.4348 -0.4678
1311868187.1690 0.8296 -1.2823 1.8600 -0.0337 0.7674 0.4355 -0.4694
1311868187.2013 0.8396 -1.2827 1.8642 -0.0342 0.7656 0.4370 -0.4708
1311868187.2364 0.8492 -1.2830 1.8682 -0.0333 0.7630 0.4399 -0.4724
1311868187.2688 0.8592 -1.2830 1.8701 -0.0316 0.7600 0.4436 -0.4739
1311868187.3005 0.8682 -1.2828 1.8714 -0.0298 0.7575 0.4486 -0.4734
1311868187.3366 0.8734 -1.2856 1.8749 -0.0279 0.7558 0.4537 -0.4714
1311868187.3684 0.8756 -1.2906 1.8805 -0.0263 0.7541 0.4565 -0.4713
1311868187.4005 0.8801 -1.2947 1.8865 -0.0267 0.7517 0.4579 -0.4739
1311868187.4367 0.8845 -1.2989 1.8905 -0.0282 0.7486 0.4589 -0.4777
1311868187.4686 0.8923 -1.3020 1.8945 -0.0297 0.7459 0.4589 -0.4818
1311868187.5005 0.8990 -1.3046 1.8979 -0.0298 0.7435 0.4596 -0.4848
1311868187.5376 0.9048 -1.3075 1.9009 -0.0296 0.7420 0.4605 -0.4863
1311868187.5685 0.9086 -1.3107 1.9055 -0.0296 0.7411 0.4617 -0.4865
1311868187.6005 0.9114 -1.3145 1.9103 -0.0297 0.7402 0.4625 -0.4872
1311868187.6365 0.9153 -1.3175 1.9145 -0.0291 0.7393 0.4624 -0.4886
1311868187.6687 0.9187 -1.3198 1.9183 -0.0281 0.7388 0.4622 -0.4897
1311868187.7006 0.9229 -1.3224 1.9223 -0.0271 0.7388 0.4624 -0.4896
1311868187.7365 0.9257 -1.3248 1.9278 -0.0249 0.7391 0.4630 -0.4886
1311868187.7687 0.9259 -1.3291 1.9328 -0.0227 0.7393 0.4637 -0.4878
1311868187.8005 0.9282 -1.3328 1.9382 -0.0219 0.7398 0.4640 -0.4868
1311868187.8375 0.9292 -1.3364 1.9437 -0.0223 0.7405 0.4650 -0.4847
1311868187.8686 0.9315 -1.3402 1.9497 -0.0246 0.7417 0.4664 -0.4814
1311868187.9005 0.9333 -1.3445 1.9573 -0.0264 0.7431 0.4677 -0.4779
1311868187.9366 0.9343 -1.3485 1.9650 -0.0274 0.7444 0.4688 -0.4748
1311868187.9685 0.9361 -1.3524 1.9717 -0.0284 0.7461 0.4696 -0.4711
1311868188.0007 0.9381 -1.3561 1.9816 -0.0289 0.7486 0.4708 -0.4660
1311868188.0367 0.9374 -1.3611 1.9925 -0.0278 0.7505 0.4725 -0.4613
1311868188.0685 0.9371 -1.3656 2.0023 -0.0262 0.7518 0.4739 -0.4577
1311868188.1004 0.9377 -1.3696 2.0129 -0.0236 0.7535 0.4752 -0.4537
1311868188.1367 0.9373 -1.3736 2.0241 -0.0202 0.7549 0.4770 -0.4496
1311868188.1698 0.9375 -1.3770 2.0357 -0.0165 0.7562 0.4792 -0.4452
1311868188.2006 0.9349 -1.3804 2.0497 -0.0132 0.7571 0.4823 -0.4404
1311868188.2365 0.9326 -1.3836 2.0624 -0.0126 0.7572 0.4860 -0.4363
1311868188.2686 0.9317 -1.3849 2.0765 -0.0141 0.7565 0.4907 -0.4320
1311868188.3009 0.9312 -1.3859 2.0899 -0.0161 0.7552 0.4962 -0.4280
1311868188.3368 0.9310 -1.3859 2.1029 -0.0176 0.7531 0.5021 -0.4248
1311868188.3685 0.9301 -1.3860 2.1136 -0.0179 0.7506 0.5075 -0.4228
1311868188.4005 0.9297 -1.3861 2.1210 -0.0172 0.7483 0.5118 -0.4217
1311868188.4371 0.9315 -1.3860 2.1277 -0.0155 0.7467 0.5149 -0.4208
1311868188.4686 0.9337 -1.3856 2.1316 -0.0116 0.7458 0.5172 -0.4197
1311868188.5025 0.9368 -1.3865 2.1348 -0.0069 0.7464 0.5184 -0.4172
1311868188.5375 0.9404 -1.3889 2.1394 -0.0022 0.7481 0.5190 -0.4136
1311868188.5687 0.9443 -1.3918 2.1453 0.0024 0.7497 0.5193 -0.4103
1311868188.6014 0.9481 -1.3953 2.1512 0.0060 0.7506 0.5195 -0.4083
1311868188.6375 0.9536 -1.3980 2.1569 0.0082 0.7505 0.5200 -0.4077
1311868188.6687 0.9611 -1.4002 2.1616 0.0097 0.7499 0.5210 -0.4075
1311868188.7035 0.9685 -1.4024 2.1659 0.0114 0.7490 0.5227 -0.4070
1311868188.7366 0.9768 -1.4048 2.1711 0.0135 0.7480 0.5243 -0.4066
1311868188.7687 0.9840 -1.4074 2.1755 0.0161 0.7466 0.5262 -0.4068
1311868188.8007 0.9937 -1.4098 2.1809 0.0171 0.7451 0.5283 -0.4067
1311868188.8365 1.0029 -1.4123 2.1855 0.0182 0.7433 0.5308 -0.4068
1311868188.8685 1.0136 -1.4144 2.1890 0.0204 0.7414 0.5322 -0.4082
1311868188.9007 1.0265 -1.4160 2.1920 0.0237 0.7404 0.5331 -0.4087
1311868188.9365 1.0388 -1.4181 2.1967 0.0292 0.7396 0.5345 -0.4079
1311868188.9687 1.0500 -1.4202 2.2007 0.0373 0.7382 0.5358 -0.4082
1311868189.0006 1.0595 -1.4228 2.2044 0.0457 0.7368 0.5374 -0.4078
1311868189.0369 1.0687 -1.4244 2.2086 0.0510 0.7351 0.5396 -0.4073
1311868189.0686 1.0771 -1.4254 2.2105 0.0531 0.7321 0.5423 -0.4087
1311868189.1006 1.0832 -1.4262 2.2137 0.0509 0.7300 0.5438 -0.4108
1311868189.1366 1.0945 -1.4302 2.2173 0.0460 0.7285 0.5447 -0.4129
1311868189.1686 1.1071 -1.4338 2.2210 0.0423 0.7263 0.5466 -0.4146
1311868189.2012 1.1172 -1.4383 2.2255 0.0424 0.7239 0.5482 -0.4166
1311868189.2383 1.1283 -1.4413 2.2292 0.0438 0.7209 0.5507 -0.4185
1311868189.2687 1.1368 -1.4435 2.2341 0.0456 0.7180 0.5537 -0.4192
1311868189.3023 1.1446 -1.4456 2.2369 0.0460 0.7160 0.5562 -0.4194
1311868189.3379 1.1524 -1.4486 2.2410 0.0452 0.7147 0.5584 -0.4188
1311868189.3684 1.1612 -1.4508 2.2434 0.0444 0.7124 0.5603 -0.4201
1311868189.4005 1.1692 -1.4536 2.2478 0.0438 0.7106 0.5617 -0.4215
1311868189.4367 1.1765 -1.4566 2.2522 0.0439 0.7085 0.5632 -0.4229
1311868189.4688 1.1820 -1.4608 2.2547 0.0458 0.7063 0.5647 -0.4246
1311868189.5006 1.1901 -1.4632 2.2593 0.0468 0.7049 0.5653 -0.4258
1311868189.5366 1.1962 -1.4658 2.2643 0.0462 0.7043 0.5673 -0.4243
1311868189.5687 1.2007 -1.4672 2.2680 0.0452 0.7037 0.5690 -0.4230
1311868189.6019 1.2045 -1.4707 2.2731 0.0458 0.7034 0.5696 -0.4227
1311868189.6367 1.2104 -1.4757 2.2776 0.0478 0.7033 0.5696 -0.4227
1311868189.6687 1.2152 -1.4793 2.2835 0.0503 0.7030 0.5704 -0.4218
1311868189.7044 1.2180 -1.4817 2.2893 0.0519 0.7027 0.5710 -0.4213
1311868189.7366 1.2196 -1.4845 2.2955 0.0531 0.7020 0.5712 -0.4221
1311868189.7689 1.2223 -1.4886 2.3018 0.0529 0.7006 0.5716 -0.4239
1311868189.8029 1.2230 -1.4920 2.3081 0.0519 0.6988 0.5722 -0.4261
1311868189.8366 1.2255 -1.4978 2.3142 0.0508 0.6974 0.5720 -0.4289
1311868189.8687 1.2280 -1.5037 2.3167 0.0503 0.6951 0.5723 -0.4321
1311868189.9020 1.2310 -1.5090 2.3229 0.0503 0.6941 0.5723 -0.4339
1311868189.9367 1.2322 -1.5144 2.3305 0.0510 0.6935 0.5723 -0.4347
1311868189.9686 1.2332 -1.5197 2.3382 0.0512 0.6929 0.5726 -0.4352
1311868190.0020 1.2316 -1.5247 2.3463 0.0507 0.6923 0.5729 -0.4358
1311868190.0367 1.2314 -1.5313 2.3539 0.0496 0.6919 0.5726 -0.4369
1311868190.0686 1.2330 -1.5385 2.3610 0.0486 0.6916 0.5722 -0.4380
1311868190.1041 1.2350 -1.5459 2.3675 0.0488 0.6915 0.5719 -0.4386
1311868190.1367 1.2370 -1.5528 2.3738 0.0498 0.6916 0.5718 -0.4385
1311868190.1688 1.2362 -1.5593 2.3829 0.0513 0.6923 0.5713 -0.4379
1311868190.2024 1.2355 -1.5657 2.3906 0.0514 0.6926 0.5711 -0.4376
1311868190.2368 1.2348 -1.5720 2.3982 0.0500 0.6927 0.5708 -0.4379
1311868190.2686 1.2373 -1.5786 2.4055 0.0485 0.6924 0.5700 -0.4396
1311868190.3025 1.2381 -1.5848 2.4128 0.0477 0.6917 0.5695 -0.4414
1311868190.3367 1.2391 -1.5911 2.4192 0.0468 0.6913 0.5692 -0.4427
1311868190.3692 1.2410 -1.5970 2.4253 0.0462 0.6912 0.5689 -0.4433
1311868190.4020 1.2421 -1.6029 2.4315 0.0468 0.6914 0.5683 -0.4437
1311868190.4366 1.2424 -1.6085 2.4388 0.0478 0.6919 0.5675 -0.4437
1311868190.4689 1.2414 -1.6133 2.4453 0.0482 0.6921 0.5670 -0.4440
1311868190.5031 1.2405 -1.6188 2.4536 0.0478 0.6924 0.5660 -0.4449
1311868190.5366 1.2422 -1.6243 2.4601 0.0468 0.6917 0.5656 -0.4466
1311868190.5686 1.2422 -1.6287 2.4658 0.0462 0.6902 0.5662 -0.4483
1311868190.6044 1.2399 -1.6326 2.4704 0.0452 0.6893 0.5665 -0.4494
1311868190.6366 1.2414 -1.6372 2.4736 0.0440 0.6891 0.5660 -0.4504
1311868190.6687 1.2422 -1.6411 2.4768 0.0433 0.6892 0.5660 -0.4503
1311868190.7089 1.2423 -1.6444 2.4801 0.0425 0.6900 0.5654 -0.4499
1311868190.7367 1.2425 -1.6478 2.4832 0.0426 0.6908 0.5643 -0.4500
1311868190.7714 1.2443 -1.6512 2.4853 0.0432 0.6919 0.5625 -0.4505
1311868190.8024 1.2457 -1.6542 2.4882 0.0441 0.6929 0.5614 -0.4504
1311868190.8366 1.2466 -1.6570 2.4923 0.0454 0.6939 0.5603 -0.4501
1311868190.8704 1.2474 -1.6588 2.4969 0.0464 0.6945 0.5598 -0.4496
1311868190.9023 1.2468 -1.6608 2.5010 0.0468 0.6944 0.5602 -0.4491
1311868190.9366 1.2475 -1.6625 2.5053 0.0468 0.6940 0.5606 -0.4493
1311868190.9703 1.2484 -1.6638 2.5096 0.0474 0.6930 0.5614 -0.4498
1311868191.0043 1.2484 -1.6647 2.5134 0.0486 0.6918 0.5624 -0.4503
1311868191.0366 1.2477 -1.6656 2.5157 0.0500 0.6904 0.5637 -0.4507
1311868191.0750 1.2460 -1.6668 2.5190 0.0509 0.6896 0.5648 -0.4504
1311868191.1029 1.2444 -1.6676 2.5209 0.0509 0.6889 0.5658 -0.4502
1311868191.1367 1.2437 -1.6692 2.5229 0.0509 0.6886 0.5661 -0.4503
1311868191.1704 1.2431 -1.6704 2.5249 0.0508 0.6886 0.5664 -0.4500
1311868191.2047 1.2412 -1.6720 2.5256 0.0503 0.6886 0.5668 -0.4494
1311868191.2369 1.2411 -1.6737 2.5270 0.0498 0.6891 0.5663 -0.4494
1311868191.2705 1.2400 -1.6751 2.5276 0.0494 0.6894 0.5659 -0.4495
1311868191.3051 1.2395 -1.6774 2.5288 0.0488 0.6901 0.5652 -0.4494
1311868191.3368 1.2387 -1.6790 2.5299 0.0475 0.6907 0.5649 -0.4490
1311868191.3702 1.2389 -1.6811 2.5309 0.0467 0.6910 0.5643 -0.4494
1311868191.4080 1.2377 -1.6833 2.5321 0.0465 0.6912 0.5637 -0.4497
1311868191.4367 1.2365 -1.6853 2.5333 0.0457 0.6916 0.5635 -0.4496
1311868191.4700 1.2353 -1.6879 2.5345 0.0445 0.6920 0.5635 -0.4491
1311868191.5056 1.2348 -1.6903 2.5352 0.0439 0.6919 0.5633 -0.4495
1311868191.5368 1.2336 -1.6925 2.5367 0.0433 0.6921 0.5631 -0.4494
1311868191.5702 1.2326 -1.6947 2.5389 0.0423 0.6921 0.5634 -0.4492
1311868191.6047 1.2289 -1.6967 2.5413 0.0410 0.6918 0.5643 -0.4486
1311868191.6369 1.2257 -1.6984 2.5413 0.0392 0.6914 0.5646 -0.4491
1311868191.6708 1.2254 -1.7010 2.5424 0.0381 0.6915 0.5639 -0.4499
1311868191.7051 1.2255 -1.7020 2.5420 0.0389 0.6906 0.5638 -0.4513
1311868191.7368 1.2211 -1.7033 2.5437 0.0409 0.6904 0.5634 -0.4519
1311868191.7716 1.2164 -1.7038 2.5444 0.0421 0.6901 0.5633 -0.4524
1311868191.8048 1.2142 -1.7046 2.5437 0.0420 0.6899 0.5631 -0.4531
1311868191.8367 1.2103 -1.7053 2.5449 0.0421 0.6898 0.5630 -0.4532
1311868191.8722 1.2069 -1.7061 2.5442 0.0416 0.6897 0.5632 -0.4533
1311868191.9047 1.2041 -1.7065 2.5452 0.0416 0.6897 0.5630 -0.4535
1311868191.9367 1.2001 -1.7061 2.5456 0.0426 0.6892 0.5625 -0.4547
1311868191.9703 1.1965 -1.7057 2.5461 0.0430 0.6884 0.5625 -0.4559
1311868192.0052 1.1916 -1.7050 2.5458 0.0424 0.6877 0.5628 -0.4565
1311868192.0383 1.1883 -1.7044 2.5451 0.0415 0.6870 0.5633 -0.4572
1311868192.0706 1.1836 -1.7036 2.5439 0.0410 0.6863 0.5638 -0.4577
1311868192.1056 1.1799 -1.7026 2.5424 0.0407 0.6858 0.5639 -0.4582
1311868192.1394 1.1743 -1.7016 2.5414 0.0405 0.6855 0.5641 -0.4584
1311868192.1737 1.1708 -1.7004 2.5397 0.0401 0.6851 0.5640 -0.4593
1311868192.2047 1.1673 -1.6992 2.5378 0.0405 0.6844 0.5639 -0.4604
1311868192.2405 1.1612 -1.6979 2.5366 0.0408 0.6834 0.5642 -0.4615
1311868192.2717 1.1559 -1.6971 2.5343 0.0406 0.6821 0.5641 -0.4636
1311868192.3047 1.1494 -1.6960 2.5314 0.0402 0.6813 0.5638 -0.4652
1311868192.3425 1.1438 -1.6958 2.5276 0.0386 0.6813 0.5638 -0.4653
1311868192.3702 1.1378 -1.6954 2.5240 0.0362 0.6819 0.5641 -0.4643
1311868192.4047 1.1329 -1.6950 2.5203 0.0344 0.6822 0.5639 -0.4641
1311868192.4385 1.1268 -1.6944 2.5163 0.0340 0.6824 0.5628 -0.4653
1311868192.4714 1.1205 -1.6938 2.5126 0.0343 0.6824 0.5614 -0.4669
1311868192.5047 1.1139 -1.6926 2.5088 0.0335 0.6825 0.5603 -0.4682
1311868192.5409 1.1076 -1.6914 2.5040 0.0325 0.6826 0.5592 -0.4694
1311868192.5712 1.1034 -1.6895 2.4986 0.0318 0.6832 0.5582 -0.4698
1311868192.6048 1.0996 -1.6875 2.4931 0.0315 0.6841 0.5578 -0.4689
1311868192.6411 1.0938 -1.6850 2.4881 0.0319 0.6852 0.5579 -0.4671
1311868192.6703 1.0874 -1.6828 2.4839 0.0317 0.6866 0.5579 -0.4651
1311868192.7048 1.0832 -1.6811 2.4793 0.0314 0.6873 0.5575 -0.4645
1311868192.7394 1.0788 -1.6790 2.4751 0.0318 0.6878 0.5571 -0.4643
1311868192.7700 1.0724 -1.6767 2.4711 0.0321 0.6885 0.5566 -0.4638
1311868192.8048 1.0685 -1.6749 2.4662 0.0319 0.6895 0.5561 -0.4631
1311868192.8380 1.0635 -1.6737 2.4625 0.0314 0.6909 0.5554 -0.4617
1311868192.8706 1.0605 -1.6726 2.4596 0.0304 0.6922 0.5544 -0.4610
1311868192.9047 1.0557 -1.6716 2.4561 0.0296 0.6935 0.5534 -0.4603
1311868192.9405 1.0535 -1.6717 2.4521 0.0285 0.6948 0.5526 -0.4594
1311868192.9703 1.0508 -1.6715 2.4490 0.0287 0.6960 0.5520 -0.4582
1311868193.0048 1.0477 -1.6719 2.4458 0.0293 0.6971 0.5519 -0.4566
1311868193.0381 1.0430 -1.6726 2.4426 0.0295 0.6983 0.5522 -0.4545
1311868193.0703 1.0389 -1.6736 2.4403 0.0284 0.6998 0.5527 -0.4517
1311868193.1053 1.0347 -1.6749 2.4367 0.0267 0.7013 0.5530 -0.4491
1311868193.1407 1.0320 -1.6764 2.4343 0.0256 0.7028 0.5532 -0.4465
1311868193.1726 1.0295 -1.6770 2.4314 0.0251 0.7042 0.5531 -0.4445
1311868193.2051 1.0302 -1.6768 2.4275 0.0274 0.7058 0.5525 -0.4425
1311868193.2385 1.0295 -1.6768 2.4250 0.0320 0.7079 0.5536 -0.4375
1311868193.2705 1.0242 -1.6787 2.4244 0.0371 0.7093 0.5565 -0.4311
1311868193.3090 1.0153 -1.6802 2.4236 0.0402 0.7105 0.5586 -0.4260
1311868193.3408 1.0105 -1.6819 2.4218 0.0410 0.7119 0.5595 -0.4224
1311868193.3709 1.0067 -1.6838 2.4212 0.0409 0.7129 0.5614 -0.4183
1311868193.4093 0.9973 -1.6859 2.4182 0.0409 0.7135 0.5635 -0.4143
1311868193.4390 0.9954 -1.6886 2.4161 0.0390 0.7152 0.5639 -0.4111
1311868193.4732 0.9900 -1.6908 2.4151 0.0371 0.7165 0.5655 -0.4068
1311868193.5078 0.9830 -1.6931 2.4118 0.0341 0.7179 0.5667 -0.4030
1311868193.5412 0.9788 -1.6966 2.4091 0.0297 0.7202 0.5667 -0.3991
1311868193.5738 0.9758 -1.7005 2.4073 0.0247 0.7222 0.5668 -0.3957
1311868193.6060 0.9739 -1.7048 2.4040 0.0212 0.7235 0.5669 -0.3935
1311868193.6403 0.9707 -1.7075 2.4013 0.0187 0.7250 0.5668 -0.3909
1311868193.6702 0.9676 -1.7101 2.3985 0.0166 0.7267 0.5663 -0.3886
1311868193.7101 0.9647 -1.7126 2.3971 0.0152 0.7286 0.5653 -0.3865
1311868193.7383 0.9608 -1.7150 2.3947 0.0140 0.7304 0.5642 -0.3847
1311868193.7716 0.9578 -1.7175 2.3931 0.0119 0.7324 0.5628 -0.3830
1311868193.8094 0.9548 -1.7194 2.3922 0.0097 0.7339 0.5618 -0.3817
1311868193.8381 0.9505 -1.7218 2.3905 0.0074 0.7352 0.5601 -0.3817
1311868193.8732 0.9512 -1.7250 2.3871 0.0041 0.7359 0.5582 -0.3833
1311868193.9094 0.9506 -1.7282 2.3831 0.0026 0.7363 0.5565 -0.3849
1311868193.9381 0.9490 -1.7311 2.3796 0.0023 0.7376 0.5545 -0.3853
1311868193.9728 0.9488 -1.7344 2.3775 0.0024 0.7388 0.5535 -0.3843
1311868194.0092 0.9473 -1.7366 2.3768 0.0026 0.7400 0.5529 -0.3830
1311868194.0382 0.9473 -1.7391 2.3755 0.0030 0.7406 0.5526 -0.3823
1311868194.0714 0.9458 -1.7408 2.3750 0.0033 0.7411 0.5527 -0.3812
1311868194.1087 0.9455 -1.7432 2.3762 0.0029 0.7413 0.5530 -0.3803
1311868194.1406 0.9466 -1.7451 2.3759 0.0027 0.7396 0.5551 -0.3806
1311868194.1727 0.9433 -1.7454 2.3738 0.0040 0.7379 0.5575 -0.3804
1311868194.2095 0.9408 -1.7463 2.3699 0.0046 0.7381 0.5581 -0.3792
1311868194.2430 0.9411 -1.7480 2.3697 0.0044 0.7391 0.5584 -0.3767
1311868194.2700 0.9386 -1.7490 2.3678 0.0044 0.7392 0.5593 -0.3752
1311868194.3094 0.9347 -1.7498 2.3662 0.0043 0.7403 0.5579 -0.3750
1311868194.3392 0.9341 -1.7523 2.3656 0.0038 0.7416 0.5560 -0.3753
1311868194.3702 0.9313 -1.7535 2.3655 0.0030 0.7428 0.5539 -0.3760
1311868194.4082 0.9309 -1.7562 2.3638 0.0022 0.7437 0.5517 -0.3776
1311868194.4399 0.9303 -1.7582 2.3633 0.0019 0.7449 0.5494 -0.3786
1311868194.4689 0.9286 -1.7601 2.3630 0.0004 0.7459 0.5478 -0.3788
1311868194.5089 0.9260 -1.7615 2.3625 -0.0016 0.7469 0.5460 -0.3795
1311868194.5384 0.9256 -1.7636 2.3624 -0.0035 0.7480 0.5434 -0.3810
1311868194.5689 0.9255 -1.7658 2.3620 -0.0053 0.7487 0.5418 -0.3819
1311868194.6095 0.9245 -1.7678 2.3611 -0.0067 0.7495 0.5402 -0.3827
1311868194.6450 0.9236 -1.7698 2.3605 -0.0076 0.7504 0.5385 -0.3832
1311868194.6690 0.9237 -1.7722 2.3595 -0.0083 0.7513 0.5370 -0.3834
1311868194.7101 0.9244 -1.7740 2.3585 -0.0079 0.7522 0.5357 -0.3837
1311868194.7410 0.9247 -1.7756 2.3575 -0.0065 0.7533 0.5341 -0.3837
1311868194.7690 0.9262 -1.7769 2.3560 -0.0046 0.7547 0.5329 -0.3827
1311868194.8069 0.9263 -1.7797 2.3561 -0.0019 0.7563 0.5323 -0.3803
1311868194.8423 0.9241 -1.7804 2.3569 0.0003 0.7579 0.5316 -0.3782
1311868194.8690 0.9230 -1.7828 2.3584 0.0007 0.7596 0.5298 -0.3771
1311868194.9092 0.9214 -1.7846 2.3626 -0.0001 0.7609 0.5282 -0.3769
1311868194.9427 0.9181 -1.7862 2.3649 -0.0013 0.7614 0.5270 -0.3776
1311868194.9689 0.9179 -1.7891 2.3654 -0.0025 0.7618 0.5250 -0.3795
1311868195.0092 0.9184 -1.7923 2.3675 -0.0029 0.7624 0.5233 -0.3806
1311868195.0387 0.9172 -1.7951 2.3701 -0.0030 0.7628 0.5227 -0.3807
1311868195.0690 0.9155 -1.7985 2.3722 -0.0032 0.7632 0.5218 -0.3812
1311868195.1095 0.9153 -1.8020 2.3768 -0.0038 0.7634 0.5211 -0.3816
1311868195.1397 0.9128 -1.8051 2.3805 -0.0050 0.7631 0.5212 -0.3821
1311868195.1689 0.9109 -1.8089 2.3835 -0.0073 0.7628 0.5211 -0.3829
1311868195.2087 0.9106 -1.8126 2.3877 -0.0094 0.7627 0.5204 -0.3840
1311868195.2384 0.9099 -1.8161 2.3921 -0.0104 0.7623 0.5198 -0.3855
1311868195.2691 0.9089 -1.8200 2.3951 -0.0114 0.7621 0.5191 -0.3867
1311868195.3140 0.9100 -1.8242 2.4009 -0.0122 0.7624 0.5183 -0.3873
1311868195.3407 0.9090 -1.8277 2.4060 -0.0119 0.7621 0.5182 -0.3879
1311868195.3690 0.9078 -1.8318 2.4114 -0.0116 0.7620 0.5177 -0.3889
1311868195.4094 0.9073 -1.8359 2.4176 -0.0118 0.7617 0.5174 -0.3897
1311868195.4418 0.9056 -1.8399 2.4243 -0.0130 0.7611 0.5178 -0.3904
1311868195.4692 0.9049 -1.8436 2.4305 -0.0156 0.7600 0.5184 -0.3916
1311868195.5090 0.9045 -1.8470 2.4378 -0.0179 0.7588 0.5187 -0.3936
1311868195.5408 0.9052 -1.8500 2.4434 -0.0194 0.7571 0.5191 -0.3962
1311868195.5692 0.9086 -1.8525 2.4493 -0.0193 0.7558 0.5193 -0.3984
1311868195.6070 0.9097 -1.8547 2.4562 -0.0177 0.7545 0.5206 -0.3992
1311868195.6414 0.9102 -1.8568 2.4631 -0.0167 0.7532 0.5225 -0.3993
1311868195.6690 0.9108 -1.8580 2.4714 -0.0156 0.7514 0.5251 -0.3993
1311868195.7101 0.9104 -1.8595 2.4778 -0.0153 0.7495 0.5278 -0.3994
1311868195.7373 0.9108 -1.8610 2.4850 -0.0154 0.7477 0.5301 -0.3996
1311868195.7690 0.9097 -1.8623 2.4919 -0.0158 0.7459 0.5318 -0.4007
1311868195.8088 0.9097 -1.8637 2.4987 -0.0168 0.7443 0.5323 -0.4030
1311868195.8371 0.9093 -1.8652 2.5052 -0.0183 0.7425 0.5322 -0.4063
1311868195.8691 0.9116 -1.8670 2.5112 -0.0202 0.7409 0.5310 -0.4107
1311868195.9065 0.9153 -1.8688 2.5167 -0.0210 0.7393 0.5297 -0.4152
1311868195.9370 0.9216 -1.8702 2.5216 -0.0211 0.7379 0.5287 -0.4189
1311868195.9690 0.9283 -1.8707 2.5259 -0.0189 0.7370 0.5286 -0.4208
1311868196.0093 0.9346 -1.8724 2.5323 -0.0152 0.7363 0.5296 -0.4208
1311868196.0369 0.9371 -1.8737 2.5379 -0.0116 0.7349 0.5320 -0.4205
1311868196.0690 0.9408 -1.8754 2.5429 -0.0093 0.7334 0.5335 -0.4213
1311868196.1078 0.9443 -1.8767 2.5473 -0.0077 0.7314 0.5347 -0.4232
1311868196.1371 0.9490 -1.8779 2.5520 -0.0068 0.7293 0.5355 -0.4259
1311868196.1689 0.9528 -1.8790 2.5562 -0.0058 0.7268 0.5363 -0.4290
1311868196.2083 0.9568 -1.8800 2.5599 -0.0057 0.7245 0.5366 -0.4325
1311868196.2370 0.9640 -1.8814 2.5628 -0.0061 0.7227 0.5363 -0.4359
1311868196.2691 0.9695 -1.8824 2.5664 -0.0051 0.7209 0.5365 -0.4387
1311868196.3074 0.9753 -1.8835 2.5695 -0.0028 0.7194 0.5355 -0.4423
1311868196.3371 0.9815 -1.8847 2.5730 0.0004 0.7179 0.5345 -0.4460
1311868196.3691 0.9874 -1.8862 2.5764 0.0037 0.7164 0.5338 -0.4492
1311868196.4101 0.9930 -1.8869 2.5792 0.0065 0.7148 0.5336 -0.4520
1311868196.4372 0.9999 -1.8883 2.5836 0.0087 0.7134 0.5336 -0.4542
1311868196.4690 1.0060 -1.8887 2.5874 0.0108 0.7113 0.5343 -0.4566
1311868196.5078 1.0118 -1.8892 2.5913 0.0138 0.7093 0.5348 -0.4590
1311868196.5371 1.0160 -1.8892 2.5951 0.0174 0.7073 0.5350 -0.4617
1311868196.5691 1.0225 -1.8899 2.5997 0.0215 0.7054 0.5349 -0.4646
1311868196.6101 1.0250 -1.8897 2.6049 0.0253 0.7033 0.5360 -0.4663
1311868196.6370 1.0291 -1.8905 2.6101 0.0287 0.7012 0.5361 -0.4691
1311868196.6690 1.0326 -1.8912 2.6148 0.0319 0.6992 0.5365 -0.4715
1311868196.7097 1.0335 -1.8927 2.6203 0.0336 0.6974 0.5371 -0.4733
1311868196.7371 1.0345 -1.8949 2.6258 0.0339 0.6958 0.5368 -0.4760
1311868196.7691 1.0384 -1.8982 2.6318 0.0336 0.6941 0.5360 -0.4795
1311868196.8076 1.0412 -1.9011 2.6386 0.0339 0.6921 0.5360 -0.4823
1311868196.8370 1.0417 -1.9042 2.6436 0.0334 0.6903 0.5366 -0.4841
1311868196.8690 1.0422 -1.9082 2.6500 0.0324 0.6893 0.5368 -0.4854
1311868196.9096 1.0431 -1.9125 2.6564 0.0322 0.6885 0.5359 -0.4875
1311868196.9370 1.0437 -1.9166 2.6624 0.0324 0.6882 0.5349 -0.4890
1311868196.9692 1.0460 -1.9213 2.6695 0.0316 0.6887 0.5345 -0.4889
1311868197.0051 1.0457 -1.9247 2.6750 0.0302 0.6892 0.5352 -0.4875
1311868197.0370 1.0467 -1.9298 2.6824 0.0293 0.6905 0.5351 -0.4858
1311868197.0691 1.0469 -1.9343 2.6898 0.0291 0.6913 0.5358 -0.4839
1311868197.1050 1.0478 -1.9390 2.6985 0.0286 0.6919 0.5374 -0.4813
1311868197.1370 1.0455 -1.9432 2.7066 0.0280 0.6918 0.5402 -0.4783
1311868197.1690 1.0447 -1.9470 2.7147 0.0277 0.6913 0.5427 -0.4762
1311868197.2051 1.0426 -1.9505 2.7217 0.0272 0.6911 0.5459 -0.4729
1311868197.2372 1.0407 -1.9543 2.7289 0.0266 0.6914 0.5492 -0.4687
1311868197.2692 1.0387 -1.9579 2.7362 0.0269 0.6919 0.5519 -0.4647
1311868197.3051 1.0376 -1.9622 2.7433 0.0268 0.6928 0.5549 -0.4599
1311868197.3373 1.0356 -1.9669 2.7506 0.0257 0.6935 0.5585 -0.4544
1311868197.3691 1.0331 -1.9717 2.7588 0.0245 0.6940 0.5614 -0.4502
1311868197.4052 1.0309 -1.9760 2.7670 0.0234 0.6940 0.5636 -0.4473
1311868197.4370 1.0293 -1.9797 2.7750 0.0229 0.6940 0.5656 -0.4448
1311868197.4692 1.0273 -1.9834 2.7833 0.0228 0.6942 0.5679 -0.4416
1311868197.5052 1.0250 -1.9873 2.7917 0.0235 0.6945 0.5701 -0.4384
1311868197.5370 1.0217 -1.9913 2.8000 0.0255 0.6943 0.5718 -0.4364
1311868197.5692 1.0190 -1.9957 2.8085 0.0280 0.6939 0.5728 -0.4355
1311868197.6052 1.0159 -1.9982 2.8158 0.0303 0.6932 0.5740 -0.4349
1311868197.6371 1.0140 -2.0015 2.8233 0.0322 0.6929 0.5752 -0.4336
1311868197.6691 1.0119 -2.0045 2.8312 0.0335 0.6926 0.5770 -0.4315
1311868197.7052 1.0108 -2.0072 2.8372 0.0343 0.6918 0.5789 -0.4303
1311868197.7373 1.0086 -2.0087 2.8438 0.0347 0.6910 0.5807 -0.4291
1311868197.7692 1.0069 -2.0108 2.8501 0.0343 0.6907 0.5824 -0.4274
1311868197.8054 1.0046 -2.0124 2.8568 0.0357 0.6901 0.5830 -0.4274
1311868197.8372 1.0033 -2.0135 2.8628 0.0384 0.6897 0.5825 -0.4284
1311868197.8691 1.0022 -2.0154 2.8688 0.0416 0.6893 0.5829 -0.4281
1311868197.9052 1.0006 -2.0168 2.8746 0.0449 0.6887 0.5834 -0.4281
1311868197.9372 0.9988 -2.0184 2.8808 0.0479 0.6877 0.5842 -0.4283
1311868197.9692 0.9940 -2.0181 2.8858 0.0488 0.6863 0.5857 -0.4285
1311868198.0052 0.9907 -2.0189 2.8901 0.0476 0.6852 0.5866 -0.4291
1311868198.0371 0.9880 -2.0202 2.8946 0.0462 0.6840 0.5873 -0.4302
1311868198.0692 0.9847 -2.0209 2.8974 0.0455 0.6830 0.5872 -0.4320
1311868198.1054 0.9835 -2.0227 2.9010 0.0459 0.6827 0.5866 -0.4333
1311868198.1372 0.9812 -2.0245 2.9039 0.0467 0.6824 0.5866 -0.4336
1311868198.1692 0.9774 -2.0253 2.9068 0.0470 0.6823 0.5868 -0.4335
1311868198.2053 0.9743 -2.0268 2.9100 0.0472 0.6823 0.5865 -0.4338
1311868198.2372 0.9700 -2.0272 2.9131 0.0468 0.6819 0.5861 -0.4352
1311868198.2692 0.9668 -2.0280 2.9165 0.0468 0.6810 0.5850 -0.4380
1311868198.3051 0.9641 -2.0281 2.9200 0.0476 0.6801 0.5839 -0.4407
1311868198.3372 0.9618 -2.0289 2.9231 0.0495 0.6795 0.5837 -0.4417
1311868198.3692 0.9573 -2.0285 2.9261 0.0518 0.6791 0.5844 -0.4411
1311868198.4051 0.9509 -2.0277 2.9284 0.0530 0.6788 0.5856 -0.4400
1311868198.4372 0.9434 -2.0265 2.9296 0.0532 0.6785 0.5859 -0.4398
1311868198.4692 0.9382 -2.0276 2.9325 0.0531 0.6784 0.5859 -0.4400
1311868198.5053 0.9316 -2.0270 2.9334 0.0516 0.6781 0.5865 -0.4399
1311868198.5373 0.9261 -2.0278 2.9350 0.0501 0.6781 0.5872 -0.4391
1311868198.5692 0.9208 -2.0285 2.9365 0.0489 0.6779 0.5885 -0.4379
1311868198.6051 0.9144 -2.0275 2.9367 0.0476 0.6778 0.5894 -0.4368
1311868198.6372 0.9097 -2.0285 2.9378 0.0468 0.6781 0.5905 -0.4350
1311868198.6691 0.9048 -2.0292 2.9382 0.0465 0.6781 0.5917 -0.4334
1311868198.7050 0.8996 -2.0288 2.9382 0.0473 0.6779 0.5928 -0.4321
1311868198.7372 0.8946 -2.0289 2.9380 0.0485 0.6779 0.5937 -0.4308
1311868198.7691 0.8899 -2.0292 2.9387 0.0499 0.6780 0.5950 -0.4286
1311868198.8051 0.8826 -2.0277 2.9380 0.0496 0.6783 0.5969 -0.4256
1311868198.8372 0.8777 -2.0286 2.9386 0.0480 0.6789 0.5986 -0.4225
1311868198.8692 0.8704 -2.0270 2.9384 0.0460 0.6796 0.6001 -0.4195
1311868198.9051 0.8651 -2.0280 2.9387 0.0448 0.6808 0.6003 -0.4173
1311868198.9371 0.8596 -2.0281 2.9390 0.0449 0.6820 0.6002 -0.4155
1311868198.9692 0.8543 -2.0296 2.9400 0.0454 0.6831 0.6000 -0.4138
1311868199.0051 0.8479 -2.0294 2.9407 0.0454 0.6837 0.6003 -0.4125
1311868199.0372 0.8427 -2.0308 2.9419 0.0447 0.6842 0.6008 -0.4111
1311868199.0692 0.8369 -2.0304 2.9431 0.0436 0.6841 0.6017 -0.4099
1311868199.1051 0.8300 -2.0288 2.9435 0.0431 0.6841 0.6019 -0.4097
1311868199.1372 0.8254 -2.0289 2.9443 0.0436 0.6846 0.6013 -0.4097
1311868199.1693 0.8208 -2.0291 2.9450 0.0451 0.6856 0.6009 -0.4085
1311868199.2052 0.8167 -2.0298 2.9467 0.0470 0.6863 0.6010 -0.4069
1311868199.2372 0.8120 -2.0296 2.9475 0.0488 0.6867 0.6009 -0.4062
1311868199.2693 0.8080 -2.0301 2.9486 0.0504 0.6868 0.6009 -0.4059
1311868199.3052 0.8036 -2.0298 2.9493 0.0504 0.6869 0.6014 -0.4050
1311868199.3373 0.8010 -2.0312 2.9497 0.0494 0.6871 0.6016 -0.4044
1311868199.3694 0.7989 -2.0325 2.9505 0.0495 0.6876 0.6008 -0.4048
1311868199.4052 0.8513 -2.0973 2.9478 0.0498 0.6829 0.6001 -0.4136
1311868199.4372 0.8478 -2.0957 2.9486 0.0518 0.6836 0.5997 -0.4127
1311868199.4694 0.8570 -2.1150 2.9523 0.0536 0.6838 0.5992 -0.4129
1311868199.5053 0.8427 -2.0988 2.9505 0.0539 0.6857 0.5990 -0.4100
1311868199.5373 0.8289 -2.0892 2.9510 0.0541 0.6874 0.5997 -0.4060
1311868199.5693 0.8257 -2.0896 2.9541 0.0546 0.6893 0.5993 -0.4034
1311868199.6053 0.8282 -2.0998 2.9553 0.0556 0.6901 0.6002 -0.4006
1311868199.6372 0.8122 -2.0890 2.9602 0.0566 0.6933 0.6012 -0.3933
1311868199.6692 0.8241 -2.1131 2.9670 0.0570 0.6946 0.6020 -0.3897
1311868199.7053 0.8009 -2.0866 2.9650 0.0566 0.6974 0.6033 -0.3827
1311868199.7372 0.7970 -2.0880 2.9666 0.0566 0.6986 0.6040 -0.3792
1311868199.7691 0.7923 -2.0897 2.9687 0.0571 0.6994 0.6050 -0.3762
1311868199.8053 0.7868 -2.0909 2.9705 0.0574 0.7003 0.6062 -0.3726
1311868199.8372 0.7815 -2.0930 2.9729 0.0574 0.7014 0.6075 -0.3682
1311868199.8692 0.7747 -2.0935 2.9750 0.0562 0.7030 0.6088 -0.3632
1311868199.9052 0.7694 -2.0963 2.9774 0.0538 0.7049 0.6102 -0.3576
1311868199.9372 0.7627 -2.0984 2.9803 0.0518 0.7067 0.6107 -0.3533
1311868199.9693 0.7565 -2.1022 2.9831 0.0511 0.7086 0.6104 -0.3502
1311868200.0052 0.7518 -2.1073 2.9866 0.0515 0.7104 0.6104 -0.3466
1311868200.0376 0.7467 -2.1129 2.9906 0.0532 0.7116 0.6114 -0.3421
1311868200.0694 0.7397 -2.1154 2.9944 0.0545 0.7125 0.6128 -0.3375
1311868200.1052 0.7335 -2.1189 2.9984 0.0530 0.7135 0.6144 -0.3326
1311868200.1373 0.7279 -2.1216 3.0025 0.0486 0.7144 0.6161 -0.3281
1311868200.1694 0.7216 -2.1256 3.0068 0.0449 0.7149 0.6174 -0.3252
1311868200.2055 0.7155 -2.1321 3.0119 0.0439 0.7153 0.6180 -0.3233
1311868200.2372 0.7120 -2.1343 3.0169 0.0434 0.7158 0.6181 -0.3219
1311868200.2734 0.7064 -2.1388 3.0220 0.0440 0.7164 0.6193 -0.3183
1311868200.3052 0.7008 -2.1428 3.0277 0.0442 0.7168 0.6208 -0.3144
1311868200.3372 0.6943 -2.1465 3.0325 0.0440 0.7171 0.6220 -0.3114
1311868200.3734 0.6889 -2.1510 3.0383 0.0431 0.7173 0.6230 -0.3090
1311868200.4052 0.6838 -2.1554 3.0438 0.0425 0.7172 0.6243 -0.3066
1311868200.4373 0.6799 -2.1604 3.0497 0.0431 0.7170 0.6256 -0.3045
1311868200.4733 0.6750 -2.1637 3.0555 0.0448 0.7167 0.6271 -0.3016
1311868200.5053 0.6696 -2.1665 3.0608 0.0460 0.7167 0.6286 -0.2984
1311868200.5372 0.6640 -2.1699 3.0659 0.0454 0.7168 0.6302 -0.2950
1311868200.5733 0.6588 -2.1736 3.0717 0.0436 0.7169 0.6311 -0.2929
1311868200.6052 0.6538 -2.1772 3.0771 0.0425 0.7168 0.6315 -0.2924
1311868200.6374 0.6494 -2.1804 3.0828 0.0433 0.7170 0.6312 -0.2927
1311868200.6735 0.6455 -2.1844 3.0883 0.0448 0.7175 0.6310 -0.2917
1311868200.7053 0.6418 -2.1879 3.0933 0.0462 0.7177 0.6313 -0.2902
1311868200.7376 0.6373 -2.1900 3.0976 0.0472 0.7180 0.6313 -0.2892
1311868200.7734 0.6338 -2.1937 3.1023 0.0476 0.7182 0.6314 -0.2884
1311868200.8052 0.6306 -2.1964 3.1068 0.0476 0.7184 0.6315 -0.2876
1311868200.8374 0.6273 -2.1990 3.1110 0.0482 0.7186 0.6316 -0.2870
1311868200.8732 0.6244 -2.2011 3.1146 0.0488 0.7189 0.6316 -0.2862
1311868200.9052 0.6214 -2.2027 3.1181 0.0490 0.7196 0.6314 -0.2847
1311868200.9374 0.6187 -2.2050 3.1215 0.0496 0.7206 0.6309 -0.2835
1311868200.9734 0.6165 -2.2074 3.1244 0.0506 0.7213 0.6304 -0.2825
1311868201.0053 0.6140 -2.2097 3.1274 0.0515 0.7220 0.6302 -0.2810
1311868201.0374 0.6109 -2.2104 3.1296 0.0521 0.7225 0.6300 -0.2800
1311868201.0732 0.6080 -2.2126 3.1320 0.0525 0.7228 0.6296 -0.2800
1311868201.1054 0.6049 -2.2132 3.1341 0.0533 0.7226 0.6292 -0.2813
1311868201.1375 0.6020 -2.2142 3.1356 0.0536 0.7229 0.6286 -0.2819
1311868201.1735 0.5995 -2.2144 3.1370 0.0530 0.7236 0.6282 -0.2809
1311868201.2053 0.5970 -2.2164 3.1383 0.0529 0.7246 0.6277 -0.2796
1311868201.2374 0.5943 -2.2180 3.1401 0.0536 0.7250 0.6275 -0.2789
1311868201.2734 0.5908 -2.2183 3.1410 0.0538 0.7249 0.6275 -0.2791
1311868201.3053 0.5877 -2.2197 3.1425 0.0540 0.7247 0.6275 -0.2796
1311868201.3375 0.5842 -2.2191 3.1430 0.0547 0.7240 0.6277 -0.2807
1311868201.3733 0.5807 -2.2192 3.1439 0.0551 0.7236 0.6278 -0.2815
1311868201.4053 0.5775 -2.2185 3.1443 0.0547 0.7234 0.6280 -0.2816
1311868201.4374 0.5748 -2.2181 3.1447 0.0539 0.7234 0.6280 -0.2816
1311868201.4732 0.5722 -2.2182 3.1452 0.0535 0.7236 0.6277 -0.2821
1311868201.5053 0.5696 -2.2186 3.1460 0.0541 0.7235 0.6275 -0.2825
1311868201.5375 0.5672 -2.2185 3.1461 0.0546 0.7235 0.6276 -0.2823
1311868201.5734 0.5643 -2.2177 3.1462 0.0544 0.7236 0.6280 -0.2811
1311868201.6054 0.5610 -2.2170 3.1460 0.0533 0.7239 0.6283 -0.2800
1311868201.6374 0.5580 -2.2156 3.1460 0.0517 0.7244 0.6282 -0.2792
1311868201.6735 0.5551 -2.2160 3.1460 0.0507 0.7250 0.6278 -0.2787
1311868201.7054 0.5524 -2.2162 3.1468 0.0509 0.7256 0.6273 -0.2782
1311868201.7374 0.5491 -2.2165 3.1471 0.0520 0.7257 0.6273 -0.2777
1311868201.7735 0.5462 -2.2175 3.1478 0.0525 0.7256 0.6278 -0.2769
1311868201.8053 0.5426 -2.2165 3.1482 0.0528 0.7252 0.6285 -0.2762
1311868201.8374 0.5393 -2.2172 3.1487 0.0532 0.7247 0.6295 -0.2752
1311868201.8733 0.5358 -2.2167 3.1493 0.0522 0.7241 0.6311 -0.2731
1311868201.9053 0.5329 -2.2163 3.1499 0.0506 0.7234 0.6328 -0.2714
1311868201.9375 0.5295 -2.2152 3.1505 0.0493 0.7227 0.6341 -0.2704
1311868201.9733 0.5254 -2.2145 3.1512 0.0483 0.7221 0.6354 -0.2695
1311868202.0053 0.5217 -2.2151 3.1525 0.0473 0.7215 0.6364 -0.2686
1311868202.0375 0.5178 -2.2142 3.1533 0.0467 0.7208 0.6375 -0.2681
1311868202.0733 0.5136 -2.2155 3.1555 0.0470 0.7205 0.6381 -0.2675
1311868202.1053 0.5099 -2.2170 3.1577 0.0478 0.7200 0.6390 -0.2666
1311868202.1376 0.5060 -2.2178 3.1596 0.0486 0.7193 0.6405 -0.2647
1311868202.1733 0.5018 -2.2182 3.1613 0.0482 0.7186 0.6423 -0.2623
1311868202.2053 0.4976 -2.2181 3.1630 0.0469 0.7182 0.6439 -0.2596
1311868202.2375 0.4947 -2.2220 3.1667 0.0464 0.7177 0.6457 -0.2566
1311868202.2733 0.4900 -2.2204 3.1679 0.0459 0.7165 0.6484 -0.2533
1311868202.3053 0.4841 -2.2200 3.1698 0.0458 0.7157 0.6503 -0.2505
1311868202.3374 0.4785 -2.2200 3.1715 0.0463 0.7150 0.6516 -0.2490
1311868202.3733 0.4725 -2.2189 3.1727 0.0471 0.7144 0.6523 -0.2488
1311868202.4053 0.4665 -2.2198 3.1746 0.0477 0.7144 0.6523 -0.2487
1311868202.4374 0.4610 -2.2213 3.1766 0.0472 0.7146 0.6526 -0.2475
1311868202.4734 0.4545 -2.2243 3.1792 0.0462 0.7151 0.6529 -0.2453
1311868202.5054 0.4490 -2.2282 3.1816 0.0449 0.7147 0.6539 -0.2440
1311868202.5375 0.4428 -2.2291 3.1827 0.0419 0.7140 0.6550 -0.2436
1311868202.5734 0.4356 -2.2305 3.1845 0.0390 0.7137 0.6553 -0.2443
1311868202.6054 0.4293 -2.2323 3.1865 0.0376 0.7136 0.6549 -0.2461
1311868202.6374 0.4231 -2.2359 3.1894 0.0379 0.7139 0.6543 -0.2467
1311868202.6737 0.4168 -2.2371 3.1902 0.0381 0.7142 0.6544 -0.2456
1311868202.7055 0.4101 -2.2396 3.1916 0.0374 0.7150 0.6541 -0.2440
1311868202.7373 0.4035 -2.2412 3.1916 0.0348 0.7157 0.6540 -0.2427
1311868202.7734 0.3968 -2.2427 3.1916 0.0312 0.7167 0.6530 -0.2428
1311868202.8054 0.3906 -2.2443 3.1918 0.0280 0.7180 0.6515 -0.2434
1311868202.8376 0.3848 -2.2482 3.1932 0.0271 0.7198 0.6493 -0.2441
1311868202.8734 0.3793 -2.2508 3.1939 0.0280 0.7211 0.6479 -0.2439
1311868202.9054 0.3749 -2.2512 3.1932 0.0287 0.7228 0.6465 -0.2425
1311868202.9376 0.3707 -2.2516 3.1916 0.0278 0.7250 0.6453 -0.2394
1311868202.9734 0.3672 -2.2527 3.1898 0.0260 0.7272 0.6441 -0.2360
1311868203.0056 0.3638 -2.2536 3.1874 0.0245 0.7292 0.6428 -0.2336
1311868203.0376 0.3607 -2.2536 3.1845 0.0237 0.7310 0.6410 -0.2328
1311868203.0734 0.3588 -2.2576 3.1839 0.0245 0.7330 0.6391 -0.2317
1311868203.1056 0.3571 -2.2575 3.1821 0.0275 0.7342 0.6383 -0.2298
1311868203.1375 0.3565 -2.2564 3.1786 0.0327 0.7363 0.6366 -0.2271
1311868203.1735 0.3542 -2.2593 3.1757 0.0395 0.7385 0.6358 -0.2208
1311868203.2054 0.3506 -2.2571 3.1674 0.0430 0.7405 0.6353 -0.2148
1311868203.2375 0.3469 -2.2593 3.1604 0.0443 0.7427 0.6339 -0.2111
1311868203.2735 0.3435 -2.2611 3.1535 0.0438 0.7447 0.6324 -0.2087
1311868203.3055 0.3402 -2.2627 3.1466 0.0422 0.7472 0.6302 -0.2068
1311868203.3375 0.3375 -2.2658 3.1403 0.0390 0.7497 0.6282 -0.2043
1311868203.3736 0.3348 -2.2682 3.1328 0.0352 0.7525 0.6260 -0.2016
1311868203.4055 0.3326 -2.2722 3.1264 0.0320 0.7551 0.6237 -0.1993
1311868203.4377 0.3313 -2.2793 3.1223 0.0302 0.7573 0.6224 -0.1957
1311868203.5055 0.3279 -2.2840 3.1108 0.0308 0.7588 0.6237 -0.1851
1311868203.5374 0.3249 -2.2851 3.1033 0.0337 0.7600 0.6238 -0.1796
1311868203.5735 0.3194 -2.2879 3.0982 0.0341 0.7614 0.6238 -0.1734
1311868203.6054 0.3145 -2.2906 3.0932 0.0328 0.7622 0.6241 -0.1689
1311868203.6736 0.3047 -2.2915 3.0810 0.0330 0.7640 0.6221 -0.1677
1311868203.7055 0.3003 -2.2975 3.0786 0.0321 0.7651 0.6216 -0.1649
1311868203.7376 0.2948 -2.3004 3.0741 0.0310 0.7650 0.6228 -0.1612
1311868203.7737 0.2903 -2.3022 3.0680 0.0316 0.7648 0.6236 -0.1588
1311868203.8055 0.2857 -2.3111 3.0652 0.0340 0.7645 0.6249 -0.1545
1311868203.8375 0.2793 -2.3203 3.0646 0.0357 0.7623 0.6292 -0.1474
1311868203.9056 0.2634 -2.3119 3.0450 0.0325 0.7559 0.6399 -0.1348
1311868203.9377 0.2552 -2.3156 3.0377 0.0324 0.7566 0.6394 -0.1328
1311868203.9736 0.2462 -2.3174 3.0323 0.0311 0.7576 0.6386 -0.1318
1311868204.0055 0.2389 -2.3172 3.0236 0.0289 0.7592 0.6366 -0.1325
1311868204.0376 0.2330 -2.3271 3.0195 0.0282 0.7615 0.6341 -0.1312
1311868204.0736 0.2247 -2.3323 3.0144 0.0268 0.7623 0.6339 -0.1277
1311868204.1055 0.2179 -2.3346 3.0063 0.0257 0.7632 0.6335 -0.1251
1311868204.1377 0.2113 -2.3417 3.0017 0.0267 0.7644 0.6325 -0.1219
1311868204.1737 0.2029 -2.3440 2.9940 0.0279 0.7650 0.6324 -0.1188
1311868204.2055 0.1943 -2.3481 2.9884 0.0294 0.7662 0.6312 -0.1173
1311868204.2377 0.1863 -2.3532 2.9842 0.0299 0.7671 0.6302 -0.1164
1311868204.2736 0.1796 -2.3589 2.9798 0.0295 0.7672 0.6304 -0.1150
1311868204.3055 0.1734 -2.3631 2.9763 0.0298 0.7668 0.6313 -0.1123
1311868204.3377 0.1666 -2.3665 2.9723 0.0294 0.7658 0.6332 -0.1084
1311868204.3736 0.1608 -2.3698 2.9679 0.0299 0.7645 0.6353 -0.1050
1311868204.4057 0.1552 -2.3711 2.9627 0.0313 0.7634 0.6371 -0.1017
1311868204.4377 0.1488 -2.3767 2.9613 0.0329 0.7627 0.6385 -0.0975
1311868204.4735 0.1420 -2.3769 2.9576 0.0328 0.7607 0.6416 -0.0932
1311868204.5378 0.1271 -2.3816 2.9478 0.0296 0.7599 0.6434 -0.0878
1311868204.5737 0.1208 -2.3825 2.9421 0.0272 0.7600 0.6432 -0.0889
1311868204.6057 0.1156 -2.3872 2.9394 0.0253 0.7613 0.6415 -0.0911
1311868204.6376 0.1104 -2.3908 2.9369 0.0229 0.7620 0.6405 -0.0927
1311868204.6737 0.1058 -2.3970 2.9344 0.0197 0.7626 0.6398 -0.0932
1311868204.7055 0.1015 -2.4030 2.9321 0.0170 0.7626 0.6400 -0.0924
1311868204.7377 0.0975 -2.4070 2.9281 0.0156 0.7623 0.6406 -0.0912
1311868204.7737 0.0930 -2.4114 2.9247 0.0165 0.7620 0.6411 -0.0903
1311868204.8376 0.0891 -2.4244 2.9208 0.0233 0.7610 0.6426 -0.0863
1311868204.8736 0.0838 -2.4258 2.9151 0.0283 0.7598 0.6446 -0.0800
1311868204.9057 0.0766 -2.4303 2.9113 0.0322 0.7599 0.6450 -0.0735
1311868204.9377 0.0663 -2.4318 2.9073 0.0337 0.7602 0.6451 -0.0689
1311868205.0060 0.0449 -2.4468 2.8961 0.0298 0.7622 0.6425 -0.0734
1311868205.0377 0.0410 -2.4525 2.8932 0.0275 0.7633 0.6406 -0.0792
1311868205.0736 0.0382 -2.4552 2.8901 0.0256 0.7643 0.6388 -0.0841
1311868205.1376 0.0324 -2.4647 2.8852 0.0249 0.7671 0.6350 -0.0875
1311868205.1736 0.0299 -2.4662 2.8817 0.0244 0.7683 0.6337 -0.0875
1311868205.2056 0.0265 -2.4698 2.8786 0.0241 0.7696 0.6320 -0.0875
1311868205.2378 0.0225 -2.4739 2.8756 0.0231 0.7707 0.6307 -0.0880
1311868205.2736 0.0196 -2.4770 2.8741 0.0215 0.7718 0.6293 -0.0881
1311868205.3056 0.0173 -2.4786 2.8708 0.0190 0.7732 0.6277 -0.0884
1311868205.3378 0.0155 -2.4818 2.8700 0.0176 0.7752 0.6251 -0.0894
1311868205.3735 0.0154 -2.4836 2.8673 0.0167 0.7767 0.6233 -0.0889
1311868205.4057 0.0153 -2.4859 2.8671 0.0173 0.7792 0.6203 -0.0875
1311868205.4377 0.0139 -2.4875 2.8648 0.0193 0.7811 0.6182 -0.0854
1311868205.4736 0.0129 -2.4871 2.8607 0.0209 0.7840 0.6147 -0.0842
1311868205.5057 0.0124 -2.4877 2.8585 0.0221 0.7879 0.6098 -0.0831
1311868205.5377 0.0106 -2.4899 2.8559 0.0241 0.7922 0.6043 -0.0820
1311868205.5736 0.0079 -2.4939 2.8537 0.0260 0.7965 0.5985 -0.0819
1311868205.6055 0.0061 -2.4987 2.8533 0.0273 0.7999 0.5940 -0.0819
1311868205.6377 0.0035 -2.5022 2.8527 0.0277 0.8018 0.5914 -0.0815
1311868205.7056 0.0007 -2.5038 2.8490 0.0241 0.8050 0.5868 -0.0843
1311868205.7378 0.0017 -2.5070 2.8494 0.0235 0.8060 0.5850 -0.0875
1311868205.7736 0.0011 -2.5078 2.8467 0.0228 0.8063 0.5844 -0.0889
1311868205.8057 0.0002 -2.5092 2.8451 0.0221 0.8068 0.5836 -0.0900
1311868205.8376 -0.0010 -2.5089 2.8419 0.0214 0.8068 0.5832 -0.0917
1311868205.9056 -0.0019 -2.5111 2.8356 0.0214 0.8087 0.5800 -0.0954
1311868205.9378 -0.0036 -2.5123 2.8323 0.0211 0.8099 0.5782 -0.0963
1311868205.9737 -0.0043 -2.5138 2.8310 0.0197 0.8110 0.5767 -0.0967
1311868206.0056 -0.0055 -2.5145 2.8265 0.0184 0.8119 0.5754 -0.0968
1311868206.0380 -0.0082 -2.5162 2.8230 0.0173 0.8132 0.5735 -0.0975
1311868206.1057 -0.0103 -2.5200 2.8139 0.0175 0.8156 0.5695 -0.1008
1311868206.1377 -0.0114 -2.5228 2.8095 0.0197 0.8173 0.5668 -0.1020
1311868206.1738 -0.0160 -2.5240 2.8049 0.0208 0.8191 0.5641 -0.1022
1311868206.2057 -0.0234 -2.5260 2.8015 0.0202 0.8209 0.5611 -0.1042
1311868206.2379 -0.0239 -2.5278 2.8014 0.0183 0.8222 0.5585 -0.1083
1311868206.3056 -0.0237 -2.5283 2.7963 0.0124 0.8229 0.5564 -0.1145
1311868206.3377 -0.0215 -2.5288 2.7960 0.0114 0.8235 0.5552 -0.1161
1311868206.4056 -0.0228 -2.5246 2.7967 0.0109 0.8229 0.5561 -0.1162
1311868206.4377 -0.0232 -2.5224 2.7962 0.0098 0.8222 0.5569 -0.1168
1311868206.4737 -0.0212 -2.5195 2.7980 0.0099 0.8216 0.5578 -0.1173
1311868206.5058 -0.0183 -2.5155 2.8001 0.0116 0.8206 0.5593 -0.1170
1311868206.5377 -0.0184 -2.5107 2.8014 0.0126 0.8195 0.5614 -0.1144
1311868206.5737 -0.0198 -2.5057 2.8037 0.0112 0.8181 0.5641 -0.1115
1311868206.6378 -0.0228 -2.4967 2.8085 0.0046 0.8155 0.5686 -0.1077
1311868206.6738 -0.0239 -2.4917 2.8088 0.0002 0.8139 0.5711 -0.1071
1311868206.7057 -0.0224 -2.4889 2.8108 -0.0039 0.8130 0.5724 -0.1067
1311868206.7377 -0.0199 -2.4855 2.8147 -0.0056 0.8123 0.5736 -0.1053
1311868206.8057 -0.0208 -2.4773 2.8211 -0.0041 0.8106 0.5770 -0.0995
1311868206.8377 -0.0242 -2.4730 2.8233 -0.0041 0.8099 0.5787 -0.0959
1311868206.8737 -0.0280 -2.4706 2.8268 -0.0049 0.8096 0.5795 -0.0934
1311868206.9060 -0.0313 -2.4668 2.8304 -0.0057 0.8090 0.5806 -0.0919
1311868206.9381 -0.0328 -2.4648 2.8336 -0.0065 0.8089 0.5808 -0.0908
1311868206.9737 -0.0338 -2.4625 2.8414 -0.0064 0.8086 0.5817 -0.0882
1311868207.0057 -0.0369 -2.4596 2.8439 -0.0064 0.8075 0.5837 -0.0845
1311868207.0738 -0.0479 -2.4555 2.8491 -0.0090 0.8065 0.5857 -0.0804
1311868207.1057 -0.0487 -2.4555 2.8548 -0.0113 0.8065 0.5858 -0.0791
1311868207.1377 -0.0511 -2.4547 2.8599 -0.0124 0.8062 0.5866 -0.0761
1311868207.2058 -0.0583 -2.4530 2.8686 -0.0135 0.8055 0.5884 -0.0693
1311868207.2378 -0.0611 -2.4528 2.8731 -0.0136 0.8051 0.5892 -0.0664
1311868207.2738 -0.0651 -2.4515 2.8775 -0.0126 0.8046 0.5903 -0.0634
1311868207.3057 -0.0690 -2.4506 2.8809 -0.0114 0.8040 0.5913 -0.0610
1311868207.3379 -0.0735 -2.4496 2.8858 -0.0093 0.8035 0.5923 -0.0588
1311868207.4058 -0.0833 -2.4467 2.8954 -0.0040 0.8026 0.5941 -0.0546
1311868207.4380 -0.0895 -2.4444 2.8995 -0.0010 0.8015 0.5956 -0.0535
1311868207.4736 -0.0962 -2.4419 2.9021 0.0007 0.8007 0.5967 -0.0536
1311868207.5057 -0.1023 -2.4413 2.9075 0.0002 0.8005 0.5969 -0.0539
1311868207.5378 -0.1070 -2.4390 2.9118 -0.0015 0.7998 0.5978 -0.0546
1311868207.5739 -0.1107 -2.4383 2.9168 -0.0024 0.7994 0.5981 -0.0559
1311868207.6057 -0.1142 -2.4362 2.9221 -0.0025 0.7988 0.5989 -0.0569
1311868207.6377 -0.1173 -2.4347 2.9281 -0.0026 0.7983 0.5996 -0.0570
1311868207.6738 -0.1215 -2.4320 2.9325 -0.0028 0.7971 0.6011 -0.0565
1311868207.7058 -0.1256 -2.4293 2.9365 -0.0036 0.7963 0.6023 -0.0564
1311868207.7378 -0.1300 -2.4269 2.9415 -0.0050 0.7953 0.6035 -0.0564
1311868207.7737 -0.1332 -2.4244 2.9448 -0.0066 0.7942 0.6050 -0.0570
1311868207.8058 -0.1359 -2.4225 2.9483 -0.0070 0.7931 0.6063 -0.0580
1311868207.8379 -0.1409 -2.4207 2.9526 -0.0067 0.7921 0.6074 -0.0589
1311868207.8739 -0.1445 -2.4190 2.9566 -0.0083 0.7911 0.6086 -0.0604
1311868207.9057 -0.1471 -2.4179 2.9608 -0.0100 0.7901 0.6097 -0.0619
1311868207.9378 -0.1501 -2.4176 2.9650 -0.0117 0.7892 0.6108 -0.0631
1311868207.9738 -0.1514 -2.4172 2.9683 -0.0128 0.7881 0.6120 -0.0644
1311868208.0058 -0.1544 -2.4173 2.9729 -0.0131 0.7874 0.6129 -0.0647
1311868208.0377 -0.1568 -2.4170 2.9770 -0.0138 0.7865 0.6140 -0.0652
1311868208.0737 -0.1596 -2.4178 2.9823 -0.0148 0.7855 0.6152 -0.0648
1311868208.1377 -0.1651 -2.4173 2.9926 -0.0188 0.7833 0.6181 -0.0633
1311868208.1738 -0.1679 -2.4165 2.9973 -0.0216 0.7817 0.6201 -0.0629
1311868208.2378 -0.1718 -2.4166 3.0076 -0.0259 0.7793 0.6228 -0.0637
1311868208.2739 -0.1728 -2.4164 3.0130 -0.0275 0.7781 0.6243 -0.0642
1311868208.3378 -0.1761 -2.4164 3.0247 -0.0270 0.7762 0.6266 -0.0637
1311868208.3738 -0.1781 -2.4163 3.0296 -0.0258 0.7753 0.6280 -0.0626
1311868208.4379 -0.1855 -2.4161 3.0407 -0.0230 0.7734 0.6306 -0.0614
1311868208.4739 -0.1890 -2.4155 3.0444 -0.0221 0.7721 0.6322 -0.0614
1311868208.5379 -0.1959 -2.4136 3.0535 -0.0211 0.7711 0.6333 -0.0625
1311868208.5739 -0.1991 -2.4122 3.0573 -0.0213 0.7712 0.6331 -0.0623
1311868208.6378 -0.2102 -2.4143 3.0726 -0.0174 0.7710 0.6336 -0.0611
1311868208.6739 -0.2141 -2.4114 3.0770 -0.0154 0.7691 0.6360 -0.0613
1311868208.7378 -0.2211 -2.4077 3.0854 -0.0123 0.7654 0.6405 -0.0617
1311868208.7740 -0.2261 -2.4060 3.0904 -0.0124 0.7634 0.6429 -0.0613
1311868208.8378 -0.2311 -2.4001 3.0979 -0.0115 0.7597 0.6470 -0.0640
1311868208.8738 -0.2343 -2.3981 3.1034 -0.0108 0.7578 0.6492 -0.0641
1311868208.9377 -0.2379 -2.3884 3.1104 -0.0088 0.7551 0.6522 -0.0656
1311868208.9738 -0.2401 -2.3844 3.1139 -0.0072 0.7541 0.6533 -0.0666
1311868209.0378 -0.2456 -2.3760 3.1197 -0.0094 0.7520 0.6556 -0.0678
1311868209.0738 -0.2478 -2.3727 3.1245 -0.0104 0.7510 0.6565 -0.0695
1311868209.1378 -0.2517 -2.3630 3.1315 -0.0099 0.7481 0.6595 -0.0729
1311868209.1738 -0.2549 -2.3597 3.1361 -0.0095 0.7469 0.6609 -0.0726
1311868209.2378 -0.2562 -2.3455 3.1377 -0.0104 0.7434 0.6650 -0.0708
1311868209.2738 -0.2580 -2.3390 3.1380 -0.0105 0.7425 0.6660 -0.0700
1311868209.3058 -0.2611 -2.3343 3.1391 -0.0102 0.7416 0.6671 -0.0695
1311868209.3419 -0.2623 -2.3264 3.1379 -0.0096 0.7405 0.6682 -0.0711
1311868209.4058 -0.2716 -2.3167 3.1426 -0.0044 0.7392 0.6693 -0.0755
1311868209.4420 -0.2748 -2.3098 3.1447 -0.0023 0.7384 0.6700 -0.0767
1311868209.5058 -0.2806 -2.2944 3.1427 0.0000 0.7385 0.6698 -0.0778
1311868209.5418 -0.2877 -2.2915 3.1449 0.0010 0.7392 0.6692 -0.0756
1311868209.6060 -0.2946 -2.2801 3.1433 0.0024 0.7395 0.6691 -0.0736
1311868209.6421 -0.2993 -2.2757 3.1428 0.0053 0.7391 0.6696 -0.0728
1311868209.7059 -0.3076 -2.2678 3.1384 0.0086 0.7381 0.6713 -0.0672
1311868209.7420 -0.3096 -2.2618 3.1338 0.0080 0.7376 0.6720 -0.0661
1311868209.8058 -0.3184 -2.2557 3.1284 0.0039 0.7377 0.6721 -0.0643
1311868209.8419 -0.3206 -2.2520 3.1285 0.0005 0.7380 0.6717 -0.0652
1311868209.9058 -0.3218 -2.2419 3.1267 -0.0055 0.7387 0.6707 -0.0676
1311868209.9421 -0.3240 -2.2398 3.1301 -0.0057 0.7404 0.6687 -0.0674
1311868210.0059 -0.3249 -2.2319 3.1305 -0.0040 0.7422 0.6669 -0.0661
1311868210.0420 -0.3276 -2.2307 3.1312 -0.0024 0.7432 0.6660 -0.0647
1311868210.0738 -0.3285 -2.2262 3.1305 -0.0024 0.7438 0.6655 -0.0632
1311868210.1059 -0.3319 -2.2254 3.1310 -0.0029 0.7444 0.6649 -0.0614
1311868210.1419 -0.3341 -2.2226 3.1301 -0.0045 0.7444 0.6650 -0.0605
1311868210.1739 -0.3336 -2.2176 3.1308 -0.0065 0.7448 0.6644 -0.0608
1311868210.2058 -0.3364 -2.2166 3.1331 -0.0067 0.7455 0.6637 -0.0600
1311868210.2419 -0.3368 -2.2136 3.1346 -0.0069 0.7454 0.6639 -0.0595
1311868210.3060 -0.3396 -2.2092 3.1383 -0.0044 0.7449 0.6646 -0.0575
1311868210.3419 -0.3418 -2.2079 3.1399 -0.0031 0.7439 0.6660 -0.0556
1311868210.4059 -0.3445 -2.2033 3.1392 -0.0022 0.7415 0.6688 -0.0533
1311868210.4420 -0.3462 -2.2014 3.1400 -0.0024 0.7403 0.6702 -0.0525
1311868210.4739 -0.3453 -2.1972 3.1386 -0.0032 0.7396 0.6710 -0.0526
1311868210.5059 -0.3449 -2.1941 3.1391 -0.0031 0.7398 0.6707 -0.0530
1311868210.5419 -0.3457 -2.1929 3.1405 -0.0014 0.7404 0.6701 -0.0526
1311868210.5739 -0.3495 -2.1931 3.1420 0.0016 0.7406 0.6700 -0.0514
1311868210.6060 -0.3528 -2.1917 3.1434 0.0045 0.7408 0.6698 -0.0502
1311868210.6420 -0.3734 -2.1894 3.1559 0.0092 0.7426 0.6681 -0.0453
1311868210.6739 -0.3824 -2.1865 3.1580 0.0097 0.7429 0.6680 -0.0419
1311868210.7059 -0.3869 -2.1874 3.1576 0.0088 0.7432 0.6678 -0.0396
1311868210.7421 -0.3867 -2.1866 3.1556 0.0067 0.7437 0.6674 -0.0383
1311868210.7740 -0.3916 -2.1857 3.1601 0.0057 0.7454 0.6656 -0.0358
1311868210.8059 -0.3919 -2.1865 3.1574 0.0041 0.7458 0.6654 -0.0333
1311868210.8419 -0.3940 -2.1873 3.1547 0.0032 0.7463 0.6649 -0.0306
1311868210.8740 -0.3964 -2.1878 3.1553 0.0030 0.7476 0.6636 -0.0281
1311868210.9058 -0.4041 -2.1888 3.1573 0.0044 0.7483 0.6629 -0.0240
1311868210.9420 -0.4045 -2.1880 3.1543 0.0041 0.7481 0.6632 -0.0214
1311868210.9742 -0.4125 -2.1887 3.1571 0.0056 0.7489 0.6624 -0.0188
1311868211.0058 -0.4195 -2.1892 3.1559 0.0055 0.7482 0.6633 -0.0161
1311868211.0419 -0.4229 -2.1899 3.1530 0.0029 0.7475 0.6641 -0.0145
1311868211.0740 -0.4292 -2.1894 3.1546 0.0014 0.7475 0.6641 -0.0134
1311868211.1060 -0.4105 -2.1907 3.1422 -0.0037 0.7457 0.6660 -0.0167
1311868211.1420 -0.4149 -2.1913 3.1437 -0.0045 0.7458 0.6660 -0.0159
1311868211.1741 -0.4178 -2.1910 3.1425 -0.0043 0.7452 0.6666 -0.0155
1311868211.2058 -0.4257 -2.1923 3.1443 -0.0025 0.7454 0.6664 -0.0144
1311868211.2420 -0.4357 -2.1948 3.1464 -0.0011 0.7449 0.6670 -0.0115
1311868211.2741 -0.4447 -2.1961 3.1467 -0.0012 0.7442 0.6679 -0.0082
1311868211.3061 -0.4544 -2.1976 3.1473 -0.0026 0.7435 0.6687 -0.0049
1311868211.3422 -0.4608 -2.1988 3.1472 -0.0055 0.7430 0.6693 -0.0033
1311868211.3741 -0.4679 -2.1998 3.1488 -0.0072 0.7428 0.6695 -0.0032
1311868211.4061 -0.4795 -2.2020 3.1529 -0.0066 0.7430 0.6693 -0.0026
1311868211.4422 -0.4907 -2.2033 3.1558 -0.0063 0.7427 0.6696 -0.0005
1311868211.4739 -0.4981 -2.2040 3.1568 -0.0072 0.7424 0.6699 0.0012
1311868211.5059 -0.5074 -2.2052 3.1584 -0.0081 0.7425 0.6698 0.0034
1311868211.5419 -0.5158 -2.2072 3.1595 -0.0094 0.7425 0.6698 0.0053
1311868211.5740 -0.5222 -2.2081 3.1601 -0.0108 0.7424 0.6698 0.0062
1311868211.6060 -0.5294 -2.2101 3.1631 -0.0114 0.7428 0.6694 0.0069
1311868211.6420 -0.5372 -2.2118 3.1664 -0.0111 0.7427 0.6695 0.0082
1311868211.6740 -0.5447 -2.2136 3.1689 -0.0111 0.7423 0.6699 0.0097
1311868211.7060 -0.5534 -2.2158 3.1714 -0.0110 0.7416 0.6707 0.0114
1311868211.7421 -0.5611 -2.2165 3.1727 -0.0119 0.7407 0.6716 0.0125
1311868211.7740 -0.5681 -2.2182 3.1752 -0.0129 0.7401 0.6723 0.0126
1311868211.8062 -0.5740 -2.2185 3.1774 -0.0135 0.7396 0.6728 0.0116
1311868211.8421 -0.5820 -2.2196 3.1812 -0.0128 0.7396 0.6728 0.0111
1311868211.8739 -0.5904 -2.2225 3.1853 -0.0115 0.7394 0.6730 0.0116
1311868211.9060 -0.5974 -2.2233 3.1872 -0.0108 0.7386 0.6739 0.0124
1311868211.9423 -0.6051 -2.2245 3.1893 -0.0102 0.7382 0.6744 0.0125
1311868211.9740 -0.6138 -2.2272 3.1918 -0.0102 0.7378 0.6748 0.0127
1311868212.0059 -0.6197 -2.2283 3.1932 -0.0117 0.7370 0.6757 0.0122
1311868212.0422 -0.6246 -2.2284 3.1958 -0.0127 0.7368 0.6759 0.0107
1311868212.0740 -0.6312 -2.2306 3.1987 -0.0123 0.7365 0.6763 0.0093
1311868212.1059 -0.6419 -2.2329 3.2033 -0.0112 0.7361 0.6767 0.0101
1311868212.1421 -0.6436 -2.2325 3.2024 -0.0127 0.7349 0.6780 0.0101
1311868212.1740 -0.6468 -2.2330 3.2025 -0.0137 0.7346 0.6783 0.0089
1311868212.2061 -0.6532 -2.2350 3.2052 -0.0133 0.7348 0.6782 0.0078
1311868212.2423 -0.6576 -2.2358 3.2061 -0.0136 0.7346 0.6783 0.0077
1311868212.2743 -0.6622 -2.2367 3.2067 -0.0137 0.7347 0.6783 0.0081
1311868212.3060 -0.6672 -2.2379 3.2072 -0.0140 0.7349 0.6780 0.0084
1311868212.3421 -0.6722 -2.2395 3.2073 -0.0150 0.7350 0.6779 0.0088
1311868212.3742 -0.6749 -2.2396 3.2080 -0.0157 0.7353 0.6775 0.0072
1311868212.4061 -0.6797 -2.2395 3.2089 -0.0145 0.7355 0.6773 0.0043
1311868212.4421 -0.6862 -2.2406 3.2096 -0.0133 0.7357 0.6771 0.0025
1311868212.4740 -0.6882 -2.2393 3.2075 -0.0134 0.7357 0.6772 0.0004
1311868212.5060 -0.6936 -2.2396 3.2069 -0.0126 0.7363 0.6765 -0.0009
1311868212.5422 -0.6975 -2.2405 3.2063 -0.0129 0.7368 0.6760 -0.0014
1311868212.5740 -0.7015 -2.2398 3.2055 -0.0134 0.7373 0.6755 -0.0020
1311868212.6061 -0.7034 -2.2398 3.2039 -0.0134 0.7378 0.6749 -0.0043
1311868212.6421 -0.7096 -2.2405 3.2032 -0.0125 0.7381 0.6746 -0.0062
1311868212.6742 -0.7120 -2.2393 3.2010 -0.0131 0.7382 0.6745 -0.0078
1311868212.7069 -0.7156 -2.2388 3.1999 -0.0133 0.7387 0.6738 -0.0088
1311868212.7422 -0.7200 -2.2390 3.1986 -0.0135 0.7393 0.6732 -0.0093
1311868212.7739 -0.7229 -2.2389 3.1978 -0.0142 0.7396 0.6729 -0.0099
1311868212.8060 -0.7272 -2.2380 3.1963 -0.0144 0.7399 0.6724 -0.0103
1311868212.8421 -0.7313 -2.2379 3.1940 -0.0149 0.7398 0.6726 -0.0104
1311868212.8741 -0.7340 -2.2368 3.1916 -0.0163 0.7399 0.6724 -0.0107
1311868212.9062 -0.7384 -2.2369 3.1901 -0.0176 0.7400 0.6723 -0.0108
1311868212.9421 -0.7402 -2.2341 3.1856 -0.0195 0.7398 0.6724 -0.0115
1311868212.9742 -0.7433 -2.2338 3.1867 -0.0197 0.7409 0.6712 -0.0126
1311868213.0062 -0.7476 -2.2327 3.1857 -0.0187 0.7410 0.6711 -0.0127
1311868213.0422 -0.7502 -2.2310 3.1844 -0.0173 0.7412 0.6709 -0.0123
1311868213.0740 -0.7548 -2.2296 3.1805 -0.0161 0.7408 0.6714 -0.0107
1311868213.1061 -0.7586 -2.2280 3.1750 -0.0166 0.7405 0.6718 -0.0087
1311868213.1421 -0.7620 -2.2260 3.1710 -0.0178 0.7407 0.6715 -0.0066
1311868213.1742 -0.7643 -2.2234 3.1661 -0.0195 0.7412 0.6710 -0.0044
1311868213.2063 -0.7661 -2.2212 3.1626 -0.0202 0.7423 0.6697 -0.0024
1311868213.2422 -0.7700 -2.2190 3.1590 -0.0199 0.7434 0.6686 0.0002
1311868213.2740 -0.7731 -2.2163 3.1530 -0.0196 0.7442 0.6676 0.0026
1311868213.3062 -0.7791 -2.2158 3.1493 -0.0198 0.7455 0.6662 0.0057
1311868213.3424 -0.7839 -2.2144 3.1452 -0.0204 0.7464 0.6652 0.0082
1311868213.3744 -0.7895 -2.2135 3.1438 -0.0201 0.7470 0.6645 0.0096
1311868213.4060 -0.7932 -2.2110 3.1413 -0.0194 0.7468 0.6647 0.0105
1311868213.4423 -0.7983 -2.2089 3.1376 -0.0183 0.7463 0.6653 0.0121
1311868213.4745 -0.8050 -2.2071 3.1331 -0.0185 0.7456 0.6660 0.0153
1311868213.5063 -0.8097 -2.2053 3.1289 -0.0201 0.7448 0.6667 0.0183
1311868213.5422 -0.8130 -2.2027 3.1253 -0.0220 0.7443 0.6671 0.0204
1311868213.5743 -0.8170 -2.2004 3.1223 -0.0235 0.7440 0.6674 0.0225
1311868213.6084 -0.8214 -2.1984 3.1190 -0.0250 0.7437 0.6676 0.0253
1311868213.6421 -0.8238 -2.1950 3.1138 -0.0272 0.7433 0.6679 0.0275
1311868213.6742 -0.8262 -2.1920 3.1099 -0.0289 0.7437 0.6672 0.0286
1311868213.7063 -0.8296 -2.1896 3.1080 -0.0291 0.7446 0.6662 0.0292
1311868213.7422 -0.8324 -2.1869 3.1063 -0.0282 0.7454 0.6654 0.0293
1311868213.7741 -0.8356 -2.1846 3.1047 -0.0255 0.7459 0.6649 0.0290
1311868213.8062 -0.8392 -2.1825 3.1011 -0.0226 0.7461 0.6648 0.0289
1311868213.8422 -0.8442 -2.1811 3.0972 -0.0204 0.7463 0.6646 0.0296
1311868213.8741 -0.8476 -2.1799 3.0928 -0.0200 0.7465 0.6644 0.0305
1311868213.9063 -0.8511 -2.1786 3.0896 -0.0199 0.7470 0.6638 0.0310
1311868213.9422 -0.8543 -2.1775 3.0862 -0.0202 0.7476 0.6631 0.0318
1311868213.9741 -0.8560 -2.1755 3.0823 -0.0214 0.7486 0.6618 0.0331
1311868214.0063 -0.8566 -2.1749 3.0809 -0.0214 0.7504 0.6597 0.0348
1311868214.0422 -0.8599 -2.1750 3.0808 -0.0198 0.7518 0.6580 0.0378
1311868214.0741 -0.8616 -2.1742 3.0810 -0.0171 0.7529 0.6568 0.0389
1311868214.1062 -0.8638 -2.1741 3.0817 -0.0124 0.7534 0.6563 0.0390
1311868214.1423 -0.8674 -2.1737 3.0801 -0.0078 0.7529 0.6569 0.0397
1311868214.1740 -0.8693 -2.1716 3.0793 -0.0034 0.7526 0.6572 0.0410
1311868214.2063 -0.8738 -2.1710 3.0750 -0.0002 0.7517 0.6580 0.0450
1311868214.2422 -0.8753 -2.1689 3.0703 -0.0002 0.7514 0.6581 0.0486
1311868214.2742 -0.8774 -2.1679 3.0671 -0.0006 0.7515 0.6578 0.0503
1311868214.3064 -0.8793 -2.1665 3.0648 -0.0012 0.7521 0.6571 0.0497
1311868214.3423 -0.8828 -2.1662 3.0636 -0.0015 0.7525 0.6567 0.0495
1311868214.3742 -0.8853 -2.1656 3.0640 -0.0011 0.7529 0.6563 0.0501
1311868214.4062 -0.8865 -2.1637 3.0625 0.0006 0.7527 0.6563 0.0510
1311868214.4422 -0.8891 -2.1625 3.0601 0.0022 0.7527 0.6562 0.0531
1311868214.4743 -0.8936 -2.1624 3.0579 0.0023 0.7529 0.6557 0.0568
1311868214.5066 -0.8964 -2.1620 3.0563 0.0007 0.7530 0.6553 0.0601
1311868214.5423 -0.8976 -2.1598 3.0536 -0.0011 0.7533 0.6548 0.0617
1311868214.5744 -0.9014 -2.1596 3.0533 -0.0016 0.7539 0.6540 0.0634
1311868214.6064 -0.9043 -2.1581 3.0513 -0.0018 0.7539 0.6535 0.0668
1311868214.6423 -0.9075 -2.1569 3.0499 -0.0015 0.7542 0.6528 0.0713
1311868214.6744 -0.9105 -2.1552 3.0464 -0.0011 0.7541 0.6524 0.0757
1311868214.7062 -0.9151 -2.1543 3.0438 -0.0006 0.7543 0.6517 0.0797
1311868214.7423 -0.9190 -2.1528 3.0405 -0.0005 0.7547 0.6508 0.0837
1311868214.7745 -0.9247 -2.1522 3.0368 -0.0011 0.7549 0.6497 0.0889
1311868214.8065 -0.9277 -2.1506 3.0339 -0.0027 0.7556 0.6482 0.0945
1311868214.8423 -0.9298 -2.1490 3.0318 -0.0045 0.7566 0.6462 0.0998
1311868214.8743 -0.9363 -2.1494 3.0296 -0.0039 0.7572 0.6447 0.1049
1311868214.9063 -0.9406 -2.1494 3.0276 -0.0025 0.7568 0.6444 0.1095
1311868214.9422 -0.9460 -2.1481 3.0251 -0.0018 0.7559 0.6445 0.1149
1311868214.9744 -0.9502 -2.1462 3.0221 -0.0034 0.7552 0.6443 0.1207
1311868215.0064 -0.9537 -2.1442 3.0187 -0.0074 0.7551 0.6434 0.1258
1311868215.0422 -0.9571 -2.1443 3.0158 -0.0115 0.7554 0.6424 0.1289
1311868215.0742 -0.9604 -2.1437 3.0131 -0.0138 0.7556 0.6416 0.1311
1311868215.1062 -0.9644 -2.1428 3.0092 -0.0144 0.7559 0.6407 0.1337
1311868215.1423 -0.9693 -2.1433 3.0061 -0.0146 0.7562 0.6395 0.1377
1311868215.1743 -0.9736 -2.1435 3.0017 -0.0155 0.7562 0.6384 0.1427
1311868215.2064 -0.9778 -2.1440 2.9980 -0.0166 0.7562 0.6374 0.1467
1311868215.2423 -0.9798 -2.1435 2.9942 -0.0179 0.7564 0.6366 0.1495
1311868215.2744 -0.9854 -2.1451 2.9898 -0.0192 0.7561 0.6361 0.1525
1311868215.3064 -0.9856 -2.1436 2.9856 -0.0209 0.7561 0.6358 0.1541
1311868215.3425 -0.9888 -2.1462 2.9822 -0.0212 0.7559 0.6354 0.1562
1311868215.3742 -0.9927 -2.1455 2.9765 -0.0216 0.7546 0.6360 0.1598
1311868215.4064 -0.9923 -2.1444 2.9703 -0.0220 0.7541 0.6360 0.1622
1311868215.4423 -0.9896 -2.1460 2.9703 -0.0222 0.7548 0.6349 0.1633
1311868215.4745 -0.9910 -2.1456 2.9654 -0.0230 0.7550 0.6339 0.1661
1311868215.5063 -0.9909 -2.1460 2.9601 -0.0249 0.7558 0.6323 0.1685
1311868215.5423 -0.9914 -2.1490 2.9546 -0.0252 0.7561 0.6314 0.1700
1311868215.5741 -0.9913 -2.1500 2.9484 -0.0241 0.7561 0.6314 0.1704
1311868215.6062 -0.9913 -2.1484 2.9432 -0.0227 0.7568 0.6303 0.1713
1311868215.6424 -0.9933 -2.1508 2.9365 -0.0214 0.7580 0.6281 0.1749
1311868215.6745 -0.9934 -2.1524 2.9317 -0.0216 0.7584 0.6260 0.1804
1311868215.7065 -0.9933 -2.1546 2.9266 -0.0215 0.7583 0.6246 0.1854
1311868215.7422 -0.9929 -2.1556 2.9216 -0.0215 0.7583 0.6236 0.1890
1311868215.7747 -0.9923 -2.1550 2.9182 -0.0220 0.7587 0.6222 0.1920
1311868215.8066 -0.9924 -2.1558 2.9142 -0.0229 0.7592 0.6204 0.1955
1311868215.8423 -0.9895 -2.1558 2.9102 -0.0235 0.7597 0.6193 0.1967
1311868215.8742 -0.9907 -2.1580 2.9059 -0.0214 0.7601 0.6187 0.1975
1311868215.9064 -0.9900 -2.1567 2.9032 -0.0203 0.7605 0.6177 0.1994
1311868215.9424 -0.9897 -2.1575 2.9000 -0.0190 0.7611 0.6162 0.2015
1311868215.9743 -0.9886 -2.1597 2.8933 -0.0184 0.7608 0.6161 0.2030
1311868216.0065 -0.9870 -2.1621 2.8881 -0.0178 0.7606 0.6163 0.2033
1311868216.0425 -0.9861 -2.1628 2.8831 -0.0166 0.7608 0.6159 0.2037
1311868216.0742 -0.9834 -2.1654 2.8758 -0.0169 0.7607 0.6159 0.2040
1311868216.1063 -0.9808 -2.1671 2.8709 -0.0165 0.7615 0.6156 0.2022
1311868216.1424 -0.9815 -2.1679 2.8650 -0.0150 0.7630 0.6145 0.2003
1311868216.1742 -0.9843 -2.1715 2.8600 -0.0137 0.7639 0.6131 0.2007
1311868216.2063 -0.9844 -2.1739 2.8551 -0.0131 0.7638 0.6129 0.2017
1311868216.2429 -0.9834 -2.1740 2.8503 -0.0116 0.7647 0.6120 0.2015
1311868216.2759 -0.9857 -2.1771 2.8451 -0.0098 0.7655 0.6108 0.2021
1311868216.3067 -0.9873 -2.1792 2.8419 -0.0096 0.7656 0.6099 0.2043
1311868216.3426 -0.9890 -2.1808 2.8376 -0.0093 0.7653 0.6092 0.2078
1311868216.3743 -0.9879 -2.1820 2.8343 -0.0086 0.7648 0.6092 0.2097
1311868216.4067 -0.9865 -2.1820 2.8298 -0.0082 0.7645 0.6096 0.2094
1311868216.4423 -0.9858 -2.1822 2.8246 -0.0090 0.7649 0.6097 0.2076
1311868216.4744 -0.9876 -2.1830 2.8210 -0.0102 0.7662 0.6088 0.2056
1311868216.5064 -0.9883 -2.1840 2.8168 -0.0113 0.7671 0.6084 0.2033
1311868216.5424 -0.9915 -2.1859 2.8108 -0.0115 0.7675 0.6083 0.2018
1311868216.5743 -0.9958 -2.1862 2.8053 -0.0097 0.7679 0.6082 0.2006
1311868216.6065 -0.9987 -2.1887 2.8019 -0.0071 0.7686 0.6076 0.2001
1311868216.6425 -1.0011 -2.1889 2.7986 -0.0052 0.7690 0.6068 0.2010
1311868216.6743 -1.0043 -2.1911 2.7942 -0.0024 0.7698 0.6052 0.2030
1311868216.7066 -1.0044 -2.1931 2.7909 -0.0002 0.7703 0.6040 0.2046
1311868216.7425 -1.0035 -2.1935 2.7867 0.0013 0.7719 0.6020 0.2046
1311868216.7743 -1.0060 -2.1967 2.7823 0.0030 0.7739 0.5997 0.2038
1311868216.8064 -1.0085 -2.1987 2.7793 0.0037 0.7758 0.5972 0.2038
1311868216.8425 -1.0101 -2.2021 2.7755 0.0038 0.7771 0.5952 0.2045
1311868216.8744 -1.0098 -2.2050 2.7722 0.0028 0.7779 0.5941 0.2048
1311868216.9064 -1.0102 -2.2058 2.7680 0.0012 0.7787 0.5930 0.2047
1311868216.9424 -1.0111 -2.2086 2.7650 0.0001 0.7801 0.5918 0.2033
1311868216.9746 -1.0118 -2.2107 2.7623 0.0001 0.7808 0.5914 0.2014
1311868217.0064 -1.0128 -2.2143 2.7614 -0.0006 0.7814 0.5908 0.2008
1311868217.0424 -1.0146 -2.2166 2.7605 -0.0023 0.7809 0.5915 0.2006
1311868217.0746 -1.0148 -2.2171 2.7571 -0.0036 0.7796 0.5937 0.1993
1311868217.1067 -1.0149 -2.2159 2.7500 -0.0045 0.7793 0.5947 0.1975
1311868217.1437 -1.0154 -2.2186 2.7466 -0.0051 0.7807 0.5934 0.1958
1311868217.1746 -1.0163 -2.2196 2.7428 -0.0055 0.7823 0.5918 0.1945
1311868217.2066 -1.0160 -2.2216 2.7373 -0.0047 0.7848 0.5891 0.1925
1311868217.2424 -1.0177 -2.2262 2.7381 -0.0042 0.7879 0.5852 0.1919
1311868217.2747 -1.0185 -2.2288 2.7364 -0.0039 0.7896 0.5829 0.1918
1311868217.3073 -1.0197 -2.2310 2.7341 -0.0031 0.7912 0.5811 0.1907
1311868217.3425 -1.0206 -2.2341 2.7325 -0.0024 0.7930 0.5790 0.1895
1311868217.3743 -1.0217 -2.2365 2.7331 -0.0024 0.7944 0.5771 0.1895
1311868217.4067 -1.0220 -2.2379 2.7314 -0.0034 0.7954 0.5755 0.1903
1311868217.4425 -1.0235 -2.2394 2.7315 -0.0051 0.7964 0.5736 0.1914
1311868217.4751 -1.0242 -2.2393 2.7301 -0.0069 0.7968 0.5730 0.1917
1311868217.5066 -1.0239 -2.2397 2.7299 -0.0065 0.7972 0.5728 0.1907
1311868217.5423 -1.0235 -2.2393 2.7302 -0.0048 0.7967 0.5737 0.1901
1311868217.5743 -1.0232 -2.2380 2.7304 -0.0041 0.7958 0.5747 0.1907
1311868217.6063 -1.0236 -2.2354 2.7287 -0.0043 0.7948 0.5760 0.1912
1311868217.6424 -1.0230 -2.2336 2.7278 -0.0045 0.7941 0.5772 0.1903
1311868217.6744 -1.0218 -2.2312 2.7265 -0.0048 0.7934 0.5784 0.1895
1311868217.7064 -1.0201 -2.2289 2.7245 -0.0053 0.7931 0.5789 0.1894
1311868217.7424 -1.0188 -2.2270 2.7245 -0.0054 0.7931 0.5790 0.1893
1311868217.7755 -1.0177 -2.2249 2.7240 -0.0056 0.7924 0.5798 0.1894
1311868217.8068 -1.0164 -2.2224 2.7229 -0.0062 0.7921 0.5802 0.1895
1311868217.8425 -1.0151 -2.2203 2.7206 -0.0076 0.7923 0.5800 0.1892
1311868217.8743 -1.0144 -2.2186 2.7200 -0.0091 0.7932 0.5789 0.1887
1311868217.9065 -1.0135 -2.2175 2.7192 -0.0104 0.7943 0.5776 0.1877
1311868217.9425 -1.0122 -2.2173 2.7194 -0.0112 0.7956 0.5763 0.1867
1311868217.9751 -1.0103 -2.2168 2.7193 -0.0106 0.7965 0.5752 0.1858
1311868218.0064 -1.0079 -2.2167 2.7204 -0.0088 0.7975 0.5740 0.1857
1311868218.0424 -1.0070 -2.2163 2.7224 -0.0076 0.7980 0.5727 0.1875
1311868218.0747 -1.0054 -2.2143 2.7213 -0.0073 0.7982 0.5718 0.1894
1311868218.1065 -1.0047 -2.2126 2.7220 -0.0066 0.7992 0.5701 0.1904
1311868218.1425 -1.0039 -2.2109 2.7237 -0.0061 0.8000 0.5688 0.1909
1311868218.1746 -1.0033 -2.2091 2.7267 -0.0060 0.8005 0.5679 0.1914
1311868218.2065 -1.0022 -2.2063 2.7282 -0.0058 0.8002 0.5684 0.1914
1311868218.2425 -1.0002 -2.2039 2.7305 -0.0043 0.7994 0.5694 0.1916
1311868218.2746 -0.9996 -2.2011 2.7323 -0.0020 0.7981 0.5708 0.1928
1311868218.3065 -1.0002 -2.1981 2.7329 -0.0002 0.7968 0.5721 0.1942
1311868218.3426 -1.0020 -2.1945 2.7336 0.0008 0.7957 0.5735 0.1950
1311868218.3748 -1.0031 -2.1913 2.7331 0.0008 0.7952 0.5741 0.1950
1311868218.4105 -1.0055 -2.1890 2.7345 0.0006 0.7951 0.5743 0.1949
1311868218.4425 -1.0074 -2.1861 2.7338 0.0011 0.7948 0.5751 0.1937
1311868218.4745 -1.0100 -2.1842 2.7369 0.0032 0.7949 0.5756 0.1920
1311868218.5104 -1.0122 -2.1818 2.7384 0.0047 0.7940 0.5769 0.1916
1311868218.5424 -1.0149 -2.1790 2.7392 0.0053 0.7932 0.5780 0.1916
1311868218.5744 -1.0172 -2.1755 2.7371 0.0065 0.7928 0.5790 0.1903
1311868218.6104 -1.0195 -2.1753 2.7390 0.0074 0.7942 0.5773 0.1893
1311868218.6425 -1.0222 -2.1757 2.7426 0.0069 0.7952 0.5756 0.1906
1311868218.6745 -1.0232 -2.1757 2.7448 0.0076 0.7953 0.5745 0.1930
1311868218.7104 -1.0253 -2.1757 2.7477 0.0101 0.7950 0.5738 0.1968
1311868218.7425 -1.0286 -2.1749 2.7487 0.0125 0.7946 0.5729 0.2007
1311868218.7745 -1.0328 -2.1739 2.7499 0.0138 0.7946 0.5715 0.2044
1311868218.8103 -1.0380 -2.1724 2.7510 0.0127 0.7949 0.5701 0.2072
1311868218.8424 -1.0427 -2.1716 2.7531 0.0113 0.7954 0.5690 0.2085
1311868218.8747 -1.0477 -2.1700 2.7557 0.0089 0.7952 0.5689 0.2094
1311868218.9103 -1.0517 -2.1684 2.7590 0.0052 0.7947 0.5693 0.2105
1311868218.9424 -1.0551 -2.1659 2.7617 0.0017 0.7931 0.5713 0.2113
1311868218.9745 -1.0582 -2.1627 2.7617 -0.0014 0.7918 0.5728 0.2122
1311868219.0107 -1.0619 -2.1594 2.7633 -0.0054 0.7913 0.5727 0.2140
1311868219.0428 -1.0657 -2.1557 2.7649 -0.0087 0.7912 0.5722 0.2155
1311868219.0747 -1.0686 -2.1522 2.7671 -0.0098 0.7912 0.5721 0.2159
1311868219.1107 -1.0712 -2.1479 2.7702 -0.0089 0.7912 0.5721 0.2159
1311868219.1424 -1.0742 -2.1434 2.7742 -0.0069 0.7909 0.5724 0.2165
1311868219.1745 -1.0775 -2.1382 2.7769 -0.0055 0.7905 0.5726 0.2173
1311868219.2104 -1.0823 -2.1324 2.7810 -0.0048 0.7905 0.5725 0.2175
1311868219.2426 -1.0852 -2.1267 2.7842 -0.0033 0.7901 0.5735 0.2163
1311868219.2745 -1.0881 -2.1212 2.7892 -0.0014 0.7900 0.5743 0.2147
1311868219.3106 -1.0904 -2.1160 2.7940 -0.0004 0.7891 0.5758 0.2140
1311868219.3429 -1.0930 -2.1106 2.7981 0.0002 0.7880 0.5772 0.2142
1311868219.3746 -1.0954 -2.1053 2.8039 0.0001 0.7864 0.5790 0.2152
1311868219.4104 -1.0977 -2.0993 2.8071 0.0010 0.7841 0.5816 0.2166
1311868219.4425 -1.0998 -2.0940 2.8109 0.0041 0.7818 0.5841 0.2183
1311868219.4744 -1.1026 -2.0891 2.8160 0.0071 0.7792 0.5864 0.2213
1311868219.5105 -1.1053 -2.0832 2.8201 0.0093 0.7755 0.5898 0.2250
1311868219.5433 -1.1075 -2.0761 2.8218 0.0116 0.7723 0.5930 0.2275
1311868219.5748 -1.1100 -2.0705 2.8259 0.0134 0.7703 0.5951 0.2287
1311868219.6107 -1.1123 -2.0643 2.8306 0.0143 0.7683 0.5972 0.2298
1311868219.6429 -1.1140 -2.0596 2.8326 0.0160 0.7665 0.5994 0.2302
1311868219.6744 -1.1161 -2.0556 2.8357 0.0201 0.7644 0.6018 0.2304
1311868219.7108 -1.1184 -2.0500 2.8397 0.0239 0.7626 0.6032 0.2323
1311868219.7426 -1.1206 -2.0460 2.8455 0.0255 0.7615 0.6033 0.2356
1311868219.7745 -1.1213 -2.0405 2.8509 0.0252 0.7609 0.6029 0.2386
1311868219.8104 -1.1226 -2.0360 2.8546 0.0257 0.7608 0.6020 0.2411
1311868219.8428 -1.1234 -2.0328 2.8580 0.0269 0.7607 0.6014 0.2428
1311868219.8745 -1.1240 -2.0306 2.8618 0.0279 0.7607 0.6008 0.2442
1311868219.9106 -1.1251 -2.0281 2.8666 0.0293 0.7601 0.6009 0.2455
1311868219.9426 -1.1261 -2.0240 2.8707 0.0314 0.7595 0.6009 0.2471
1311868219.9749 -1.1274 -2.0218 2.8759 0.0337 0.7586 0.6011 0.2490
1311868220.0106 -1.1286 -2.0178 2.8814 0.0360 0.7576 0.6016 0.2507
1311868220.0428 -1.1302 -2.0158 2.8871 0.0377 0.7559 0.6030 0.2522
1311868220.0747 -1.1319 -2.0122 2.8945 0.0389 0.7537 0.6050 0.2539
1311868220.1106 -1.1324 -2.0078 2.8983 0.0386 0.7508 0.6078 0.2557
1311868220.1426 -1.1333 -2.0037 2.9021 0.0388 0.7487 0.6099 0.2570
1311868220.1747 -1.1349 -1.9996 2.9074 0.0391 0.7471 0.6113 0.2582
1311868220.2105 -1.1366 -1.9977 2.9137 0.0396 0.7449 0.6136 0.2589
1311868220.2425 -1.1380 -1.9915 2.9181 0.0409 0.7429 0.6156 0.2598
1311868220.2749 -1.1408 -1.9892 2.9253 0.0415 0.7417 0.6162 0.2615
1311868220.3107 -1.1421 -1.9848 2.9317 0.0402 0.7401 0.6172 0.2640
1311868220.3428 -1.1435 -1.9802 2.9370 0.0380 0.7395 0.6172 0.2661
1311868220.3750 -1.1457 -1.9789 2.9425 0.0363 0.7390 0.6170 0.2680
1311868220.4105 -1.1478 -1.9777 2.9474 0.0341 0.7375 0.6179 0.2704
1311868220.4426 -1.1497 -1.9756 2.9512 0.0321 0.7355 0.6194 0.2727
1311868220.4748 -1.1516 -1.9734 2.9553 0.0304 0.7337 0.6208 0.2746
1311868220.5109 -1.1544 -1.9726 2.9600 0.0295 0.7315 0.6227 0.2763
1311868220.5426 -1.1570 -1.9710 2.9647 0.0285 0.7289 0.6250 0.2780
1311868220.5745 -1.1584 -1.9687 2.9693 0.0270 0.7261 0.6280 0.2789
1311868220.6113 -1.1607 -1.9663 2.9736 0.0259 0.7240 0.6305 0.2787
1311868220.6426 -1.1632 -1.9649 2.9772 0.0239 0.7217 0.6331 0.2788
1311868220.6746 -1.1657 -1.9618 2.9808 0.0219 0.7202 0.6349 0.2789
1311868220.7106 -1.1685 -1.9610 2.9852 0.0212 0.7193 0.6362 0.2781
1311868220.7427 -1.1718 -1.9620 2.9868 0.0218 0.7172 0.6385 0.2783
1311868220.7745 -1.1755 -1.9609 2.9895 0.0222 0.7148 0.6406 0.2796
1311868220.8108 -1.1778 -1.9589 2.9926 0.0232 0.7133 0.6422 0.2799
1311868220.8427 -1.1817 -1.9594 2.9949 0.0245 0.7118 0.6438 0.2797
1311868220.8748 -1.1860 -1.9578 2.9971 0.0244 0.7101 0.6454 0.2804
1311868220.9107 -1.1887 -1.9552 3.0000 0.0236 0.7095 0.6460 0.2806
1311868220.9430 -1.1922 -1.9541 3.0019 0.0226 0.7098 0.6458 0.2804
1311868220.9749 -1.1968 -1.9539 3.0041 0.0217 0.7100 0.6454 0.2809
1311868221.0105 -1.2002 -1.9547 3.0055 0.0207 0.7093 0.6458 0.2817
1311868221.0426 -1.2023 -1.9534 3.0077 0.0197 0.7090 0.6457 0.2828
1311868221.0748 -1.2057 -1.9537 3.0097 0.0197 0.7090 0.6454 0.2838
1311868221.1106 -1.2080 -1.9545 3.0118 0.0194 0.7083 0.6458 0.2843
1311868221.1427 -1.2091 -1.9536 3.0140 0.0190 0.7079 0.6465 0.2840
1311868221.1746 -1.2118 -1.9523 3.0159 0.0193 0.7082 0.6463 0.2836
1311868221.2106 -1.2152 -1.9524 3.0172 0.0192 0.7079 0.6464 0.2838
1311868221.2427 -1.2171 -1.9503 3.0189 0.0186 0.7082 0.6460 0.2842
1311868221.2750 -1.2191 -1.9500 3.0206 0.0180 0.7091 0.6448 0.2847
1311868221.3114 -1.2216 -1.9514 3.0223 0.0174 0.7096 0.6441 0.2851
1311868221.3428 -1.2235 -1.9520 3.0237 0.0164 0.7094 0.6442 0.2857
1311868221.3749 -1.2248 -1.9516 3.0258 0.0155 0.7099 0.6435 0.2859
1311868221.4107 -1.2275 -1.9512 3.0272 0.0148 0.7110 0.6422 0.2861
1311868221.4428 -1.2300 -1.9527 3.0299 0.0144 0.7120 0.6411 0.2859
1311868221.4747 -1.2316 -1.9554 3.0328 0.0135 0.7121 0.6410 0.2861
1311868221.5110 -1.2337 -1.9538 3.0406 0.0125 0.7133 0.6396 0.2861
1311868221.5430 -1.2362 -1.9543 3.0429 0.0124 0.7138 0.6394 0.2855
1311868221.5747 -1.2377 -1.9536 3.0453 0.0124 0.7137 0.6397 0.2850
1311868221.6107 -1.2402 -1.9534 3.0458 0.0134 0.7137 0.6401 0.2842
1311868221.6426 -1.2415 -1.9534 3.0460 0.0143 0.7136 0.6406 0.2832
1311868221.6746 -1.2430 -1.9537 3.0470 0.0151 0.7144 0.6401 0.2823
1311868221.7115 -1.2438 -1.9559 3.0466 0.0153 0.7142 0.6407 0.2814
1311868221.7428 -1.2453 -1.9551 3.0478 0.0160 0.7149 0.6406 0.2797
1311868221.7759 -1.2467 -1.9556 3.0472 0.0163 0.7155 0.6405 0.2785
1311868221.8108 -1.2464 -1.9574 3.0476 0.0154 0.7157 0.6411 0.2768
1311868221.8427 -1.2471 -1.9580 3.0477 0.0151 0.7160 0.6419 0.2741
1311868221.8746 -1.2475 -1.9597 3.0484 0.0159 0.7159 0.6434 0.2708
1311868221.9108 -1.2498 -1.9588 3.0467 0.0175 0.7149 0.6452 0.2688
1311868221.9427 -1.2538 -1.9567 3.0470 0.0187 0.7153 0.6449 0.2687
1311868221.9753 -1.2550 -1.9576 3.0463 0.0186 0.7158 0.6442 0.2689
1311868222.0107 -1.2561 -1.9579 3.0463 0.0181 0.7168 0.6435 0.2680
1311868222.0428 -1.2568 -1.9594 3.0464 0.0173 0.7177 0.6429 0.2669
1311868222.0771 -1.2589 -1.9598 3.0453 0.0168 0.7172 0.6437 0.2666
1311868222.1107 -1.2621 -1.9578 3.0447 0.0174 0.7171 0.6438 0.2662
1311868222.1429 -1.2643 -1.9579 3.0436 0.0178 0.7175 0.6437 0.2655
1311868222.1750 -1.2652 -1.9577 3.0425 0.0167 0.7176 0.6441 0.2645
1311868222.2108 -1.2671 -1.9569 3.0397 0.0156 0.7182 0.6440 0.2631
1311868222.2427 -1.2686 -1.9579 3.0380 0.0155 0.7184 0.6445 0.2612
1311868222.2757 -1.2716 -1.9568 3.0357 0.0153 0.7176 0.6455 0.2611
1311868222.3109 -1.2734 -1.9555 3.0339 0.0149 0.7173 0.6460 0.2607
1311868222.3430 -1.2724 -1.9572 3.0325 0.0147 0.7165 0.6475 0.2591
1311868222.3753 -1.2732 -1.9568 3.0295 0.0151 0.7155 0.6490 0.2579
1311868222.4108 -1.2711 -1.9592 3.0239 0.0149 0.7144 0.6509 0.2564
1311868222.4427 -1.2515 -1.9745 3.0043 0.0117 0.7109 0.6566 0.2519
1311868222.4747 -1.2518 -1.9743 3.0032 0.0107 0.7108 0.6565 0.2522
1311868222.5108 -1.2327 -1.9882 2.9812 0.0057 0.7066 0.6618 0.2503
1311868222.5428 -1.2385 -1.9851 2.9864 0.0052 0.7077 0.6594 0.2536
1311868222.5747 -1.2321 -1.9895 2.9765 0.0017 0.7059 0.6605 0.2557
1311868222.6107 -1.2418 -1.9819 2.9852 0.0029 0.7079 0.6567 0.2599
1311868222.6430 -1.2158 -1.9989 2.9450 -0.0053 0.6989 0.6662 0.2602
1311868222.6749 -1.2225 -1.9944 2.9559 -0.0052 0.7007 0.6635 0.2621
1311868222.7108 -1.2491 -1.9783 2.9931 0.0005 0.7069 0.6556 0.2656
1311868222.7428 -1.2386 -1.9836 2.9674 -0.0017 0.7000 0.6627 0.2660
1311868222.7749 -1.2310 -1.9878 2.9577 -0.0034 0.6973 0.6652 0.2670
1311868222.8109 -1.2530 -1.9730 2.9848 0.0000 0.7026 0.6571 0.2731
1311868222.8429 -1.2523 -1.9724 2.9836 -0.0011 0.7021 0.6572 0.2742
1311868222.8756 -1.2285 -1.9907 2.9421 -0.0083 0.6929 0.6678 0.2719
1311868222.9107 -1.2349 -1.9844 2.9453 -0.0083 0.6935 0.6670 0.2722
1311868222.9432 -1.1994 -2.0086 2.8930 -0.0171 0.6822 0.6802 0.2675
1311868222.9748 -1.2026 -2.0072 2.8897 -0.0166 0.6820 0.6796 0.2699
1311868223.0124 -1.2061 -2.0068 2.8872 -0.0169 0.6813 0.6786 0.2738
1311868223.0438 -1.2079 -2.0041 2.8845 -0.0174 0.6809 0.6780 0.2764
1311868223.0765 -1.2103 -2.0031 2.8816 -0.0172 0.6818 0.6769 0.2770
1311868223.1109 -1.2134 -2.0038 2.8790 -0.0172 0.6817 0.6767 0.2778
1311868223.1437 -1.2155 -2.0009 2.8754 -0.0173 0.6812 0.6765 0.2793
1311868223.1748 -1.2189 -2.0007 2.8732 -0.0166 0.6815 0.6755 0.2811
1311868223.2109 -1.2214 -2.0004 2.8711 -0.0165 0.6804 0.6756 0.2836
1311868223.2427 -1.2240 -1.9976 2.8687 -0.0161 0.6793 0.6758 0.2857
1311868223.2753 -1.2268 -1.9955 2.8669 -0.0156 0.6788 0.6759 0.2868
1311868223.3107 -1.2301 -1.9930 2.8645 -0.0158 0.6781 0.6761 0.2879
1311868223.3434 -1.2324 -1.9899 2.8626 -0.0165 0.6780 0.6758 0.2885
1311868223.3755 -1.2352 -1.9872 2.8598 -0.0168 0.6783 0.6751 0.2896
1311868223.4108 -1.2375 -1.9858 2.8578 -0.0164 0.6784 0.6745 0.2909
1311868223.4441 -1.2395 -1.9843 2.8561 -0.0155 0.6784 0.6739 0.2922
1311868223.4791 -1.2424 -1.9831 2.8541 -0.0145 0.6784 0.6735 0.2933
1311868223.5112 -1.2442 -1.9835 2.8541 -0.0143 0.6788 0.6733 0.2928
1311868223.5428 -1.2463 -1.9820 2.8512 -0.0144 0.6785 0.6743 0.2912
1311868223.5763 -1.2487 -1.9788 2.8474 -0.0141 0.6795 0.6739 0.2896
1311868223.6108 -1.2511 -1.9814 2.8461 -0.0133 0.6809 0.6726 0.2894
1311868223.6427 -1.2525 -1.9814 2.8442 -0.0124 0.6807 0.6722 0.2907
1311868223.6748 -1.2530 -1.9817 2.8433 -0.0113 0.6811 0.6717 0.2913
1311868223.7109 -1.2552 -1.9821 2.8426 -0.0094 0.6812 0.6717 0.2910
1311868223.7429 -1.2572 -1.9814 2.8417 -0.0079 0.6809 0.6722 0.2906
1311868223.7749 -1.2605 -1.9805 2.8401 -0.0065 0.6805 0.6727 0.2905
1311868223.8110 -1.2632 -1.9789 2.8386 -0.0061 0.6801 0.6728 0.2910
1311868223.8428 -1.2652 -1.9784 2.8380 -0.0056 0.6803 0.6724 0.2916
1311868223.8748 -1.2674 -1.9795 2.8379 -0.0041 0.6800 0.6726 0.2918
1311868223.9109 -1.2711 -1.9789 2.8364 -0.0018 0.6788 0.6734 0.2928
1311868223.9430 -1.2721 -1.9781 2.8362 -0.0007 0.6781 0.6740 0.2930
1311868223.9751 -1.2762 -1.9753 2.8343 0.0013 0.6782 0.6742 0.2924
1311868224.0108 -1.2786 -1.9762 2.8347 0.0027 0.6792 0.6740 0.2905
1311868224.0437 -1.2864 -1.9725 2.8294 0.0052 0.6787 0.6742 0.2913
1311868224.0756 -1.2897 -1.9728 2.8288 0.0063 0.6790 0.6735 0.2921
1311868224.1108 -1.2954 -1.9721 2.8265 0.0078 0.6787 0.6730 0.2939
1311868224.1453 -1.2999 -1.9717 2.8255 0.0078 0.6785 0.6724 0.2957
1311868224.1748 -1.3043 -1.9704 2.8240 0.0067 0.6786 0.6715 0.2975
1311868224.2114 -1.3086 -1.9708 2.8220 0.0050 0.6786 0.6709 0.2989
1311868224.2429 -1.3133 -1.9690 2.8193 0.0037 0.6786 0.6703 0.3003
1311868224.2774 -1.3186 -1.9673 2.8150 0.0033 0.6787 0.6689 0.3030
1311868224.3115 -1.3235 -1.9669 2.8120 0.0027 0.6791 0.6668 0.3071
1311868224.3429 -1.3283 -1.9654 2.8093 0.0024 0.6796 0.6646 0.3104
1311868224.3749 -1.3334 -1.9657 2.8064 0.0030 0.6807 0.6628 0.3119
1311868224.4109 -1.3390 -1.9686 2.8037 0.0033 0.6805 0.6625 0.3130
1311868224.4429 -1.3448 -1.9672 2.8003 0.0037 0.6793 0.6631 0.3144
1311868224.4750 -1.3521 -1.9656 2.7964 0.0044 0.6784 0.6631 0.3162
1311868224.5118 -1.3595 -1.9643 2.7935 0.0034 0.6776 0.6624 0.3195
1311868224.5453 -1.3665 -1.9623 2.7900 0.0012 0.6770 0.6612 0.3234
1311868224.5747 -1.3732 -1.9608 2.7886 -0.0013 0.6774 0.6597 0.3255
1311868224.6112 -1.3798 -1.9612 2.7853 -0.0026 0.6777 0.6592 0.3258
1311868224.6431 -1.3878 -1.9590 2.7792 -0.0022 0.6769 0.6596 0.3266
1311868224.6749 -1.3943 -1.9591 2.7770 -0.0013 0.6768 0.6595 0.3270
1311868224.7108 -1.4017 -1.9597 2.7742 -0.0010 0.6762 0.6593 0.3287
1311868224.7428 -1.4078 -1.9592 2.7717 -0.0017 0.6754 0.6596 0.3298
1311868224.7756 -1.4142 -1.9577 2.7709 -0.0028 0.6755 0.6596 0.3296
1311868224.8123 -1.4210 -1.9577 2.7684 -0.0040 0.6756 0.6597 0.3292
1311868224.8427 -1.4270 -1.9571 2.7659 -0.0058 0.6747 0.6602 0.3300
1311868224.8749 -1.4329 -1.9536 2.7625 -0.0070 0.6743 0.6598 0.3316
1311868224.9121 -1.4390 -1.9528 2.7600 -0.0079 0.6747 0.6586 0.3331
1311868224.9431 -1.4441 -1.9519 2.7571 -0.0088 0.6748 0.6577 0.3347
1311868224.9783 -1.4494 -1.9511 2.7545 -0.0095 0.6752 0.6566 0.3359
1311868225.0120 -1.4546 -1.9503 2.7523 -0.0095 0.6759 0.6556 0.3364
1311868225.0454 -1.4609 -1.9489 2.7477 -0.0086 0.6762 0.6549 0.3373
1311868225.0761 -1.4653 -1.9497 2.7456 -0.0082 0.6766 0.6542 0.3380
1311868225.1112 -1.4705 -1.9487 2.7426 -0.0075 0.6768 0.6532 0.3394
1311868225.1439 -1.4751 -1.9502 2.7416 -0.0073 0.6773 0.6523 0.3400
1311868225.1760 -1.4796 -1.9515 2.7410 -0.0070 0.6775 0.6521 0.3402
1311868225.2116 -1.4846 -1.9522 2.7399 -0.0070 0.6773 0.6521 0.3407
1311868225.2429 -1.4888 -1.9523 2.7391 -0.0075 0.6767 0.6522 0.3415
1311868225.2750 -1.4951 -1.9503 2.7374 -0.0077 0.6761 0.6519 0.3432
1311868225.3108 -1.5011 -1.9485 2.7346 -0.0082 0.6752 0.6518 0.3452
1311868225.3429 -1.5050 -1.9491 2.7359 -0.0093 0.6753 0.6513 0.3459
1311868225.3794 -1.5091 -1.9503 2.7351 -0.0096 0.6748 0.6515 0.3464
1311868225.4109 -1.5136 -1.9499 2.7350 -0.0094 0.6742 0.6519 0.3471
1311868225.4434 -1.5182 -1.9490 2.7344 -0.0089 0.6737 0.6520 0.3477
1311868225.4793 -1.5222 -1.9487 2.7334 -0.0087 0.6732 0.6522 0.3485
1311868225.5109 -1.5268 -1.9481 2.7329 -0.0085 0.6731 0.6517 0.3495
1311868225.5429 -1.5312 -1.9473 2.7317 -0.0086 0.6729 0.6513 0.3507
1311868225.5764 -1.5357 -1.9472 2.7308 -0.0084 0.6730 0.6506 0.3517
1311868225.6121 -1.5394 -1.9482 2.7302 -0.0079 0.6729 0.6503 0.3525
1311868225.6442 -1.5435 -1.9491 2.7299 -0.0068 0.6724 0.6502 0.3536
1311868225.6789 -1.5471 -1.9499 2.7296 -0.0054 0.6715 0.6505 0.3549
1311868225.7113 -1.5509 -1.9501 2.7302 -0.0042 0.6702 0.6509 0.3566
1311868225.7463 -1.5547 -1.9477 2.7288 -0.0035 0.6687 0.6514 0.3585
1311868225.7769 -1.5585 -1.9454 2.7285 -0.0028 0.6683 0.6510 0.3600
1311868225.8109 -1.5621 -1.9459 2.7281 -0.0023 0.6676 0.6508 0.3615
1311868225.8429 -1.5656 -1.9442 2.7270 -0.0017 0.6669 0.6504 0.3636
1311868225.8802 -1.5692 -1.9444 2.7267 -0.0015 0.6663 0.6501 0.3652
1311868225.9108 -1.5724 -1.9440 2.7263 -0.0014 0.6659 0.6501 0.3660
1311868225.9431 -1.5758 -1.9424 2.7252 -0.0015 0.6656 0.6501 0.3665
1311868225.9770 -1.5787 -1.9413 2.7240 -0.0013 0.6655 0.6501 0.3667
1311868226.0109 -1.5822 -1.9417 2.7229 -0.0011 0.6653 0.6500 0.3672
1311868226.0438 -1.5852 -1.9398 2.7215 -0.0012 0.6647 0.6493 0.3695
1311868226.0798 -1.5879 -1.9400 2.7208 -0.0018 0.6644 0.6484 0.3718
1311868226.1151 -1.5909 -1.9400 2.7204 -0.0030 0.6642 0.6478 0.3730
1311868226.1445 -1.5935 -1.9396 2.7196 -0.0047 0.6643 0.6480 0.3726
1311868226.1789 -1.5953 -1.9374 2.7173 -0.0058 0.6647 0.6486 0.3708
1311868226.2109 -1.5987 -1.9361 2.7138 -0.0058 0.6649 0.6491 0.3695
1311868226.2473 -1.6023 -1.9321 2.7095 -0.0057 0.6649 0.6485 0.3705
1311868226.2776 -1.6054 -1.9301 2.7069 -0.0062 0.6663 0.6466 0.3713
1311868226.3110 -1.6092 -1.9320 2.7057 -0.0072 0.6679 0.6456 0.3703
1311868226.3452 -1.6117 -1.9317 2.7034 -0.0079 0.6687 0.6461 0.3680
1311868226.3816 -1.6143 -1.9314 2.7006 -0.0075 0.6695 0.6471 0.3648
1311868226.4110 -1.6175 -1.9299 2.6967 -0.0062 0.6691 0.6486 0.3627
1311868226.4441 -1.6205 -1.9260 2.6926 -0.0050 0.6691 0.6495 0.3611
1311868226.4811 -1.6243 -1.9246 2.6885 -0.0041 0.6693 0.6502 0.3594
1311868226.5110 -1.6274 -1.9211 2.6833 -0.0040 0.6692 0.6508 0.3586
1311868226.5435 -1.6306 -1.9183 2.6782 -0.0037 0.6696 0.6508 0.3579
1311868226.5766 -1.6338 -1.9167 2.6732 -0.0032 0.6693 0.6510 0.3582
1311868226.6109 -1.6374 -1.9118 2.6673 -0.0035 0.6690 0.6505 0.3594
1311868226.6443 -1.6408 -1.9088 2.6621 -0.0050 0.6698 0.6497 0.3595
1311868226.6763 -1.6430 -1.9048 2.6553 -0.0060 0.6701 0.6498 0.3587
1311868226.7111 -1.6477 -1.9035 2.6495 -0.0060 0.6701 0.6500 0.3584
1311868226.7458 -1.6499 -1.9011 2.6431 -0.0055 0.6685 0.6514 0.3588
1311868226.7785 -1.6526 -1.8952 2.6350 -0.0033 0.6666 0.6527 0.3599
1311868226.8108 -1.6556 -1.8900 2.6269 -0.0015 0.6652 0.6531 0.3620
1311868226.8443 -1.6584 -1.8841 2.6184 -0.0008 0.6641 0.6520 0.3658
1311868226.8792 -1.6612 -1.8777 2.6083 -0.0005 0.6640 0.6499 0.3698
1311868226.9109 -1.6619 -1.8789 2.6053 -0.0018 0.6660 0.6471 0.3710
1311868226.9442 -1.6670 -1.8715 2.5922 -0.0005 0.6654 0.6466 0.3729
1311868226.9763 -1.6690 -1.8684 2.5845 -0.0000 0.6661 0.6463 0.3723
1311868227.0109 -1.6717 -1.8654 2.5771 0.0005 0.6665 0.6462 0.3717
1311868227.0471 -1.6742 -1.8603 2.5684 0.0008 0.6665 0.6460 0.3721
1311868227.0771 -1.6774 -1.8545 2.5596 -0.0000 0.6670 0.6448 0.3733
1311868227.1109 -1.6807 -1.8503 2.5518 -0.0022 0.6681 0.6426 0.3751
1311868227.1445 -1.6826 -1.8449 2.5439 -0.0047 0.6695 0.6402 0.3767
1311868227.1791 -1.6848 -1.8437 2.5365 -0.0051 0.6707 0.6386 0.3773
1311868227.2109 -1.6857 -1.8414 2.5293 -0.0033 0.6700 0.6390 0.3779
1311868227.2474 -1.6872 -1.8358 2.5219 0.0010 0.6690 0.6394 0.3789
1311868227.2766 -1.6889 -1.8328 2.5158 0.0043 0.6680 0.6396 0.3803
1311868227.3117 -1.6901 -1.8279 2.5096 0.0061 0.6671 0.6398 0.3816
1311868227.3479 -1.6899 -1.8235 2.5047 0.0073 0.6679 0.6394 0.3809
1311868227.3778 -1.6912 -1.8212 2.4994 0.0074 0.6690 0.6381 0.3811
1311868227.4114 -1.6922 -1.8190 2.4954 0.0072 0.6695 0.6368 0.3823
1311868227.4467 -1.6920 -1.8174 2.4900 0.0079 0.6692 0.6364 0.3835
1311868227.4790 -1.6929 -1.8161 2.4863 0.0091 0.6686 0.6360 0.3853
1311868227.5109 -1.6948 -1.8120 2.4816 0.0106 0.6675 0.6358 0.3874
1311868227.5474 -1.6962 -1.8082 2.4782 0.0118 0.6672 0.6349 0.3894
1311868227.5791 -1.6982 -1.8070 2.4747 0.0122 0.6669 0.6335 0.3922
1311868227.6109 -1.6999 -1.8053 2.4706 0.0124 0.6658 0.6329 0.3950
1311868227.6443 -1.7006 -1.8013 2.4668 0.0130 0.6648 0.6323 0.3975
1311868227.6790 -1.7036 -1.7982 2.4633 0.0133 0.6639 0.6307 0.4017
1311868227.7110 -1.7057 -1.7959 2.4585 0.0133 0.6622 0.6295 0.4062
1311868227.7443 -1.7069 -1.7936 2.4547 0.0136 0.6608 0.6288 0.4096
1311868227.7792 -1.7087 -1.7913 2.4512 0.0145 0.6594 0.6280 0.4131
1311868227.8137 -1.7115 -1.7905 2.4475 0.0150 0.6573 0.6273 0.4174
1311868227.8443 -1.7143 -1.7876 2.4452 0.0150 0.6552 0.6264 0.4221
1311868227.8792 -1.7182 -1.7847 2.4416 0.0154 0.6538 0.6247 0.4266
1311868227.9125 -1.7226 -1.7815 2.4383 0.0145 0.6524 0.6223 0.4322
1311868227.9462 -1.7262 -1.7803 2.4341 0.0134 0.6512 0.6200 0.4374
1311868227.9793 -1.7302 -1.7796 2.4300 0.0129 0.6497 0.6184 0.4419
1311868228.0147 -1.7348 -1.7810 2.4253 0.0133 0.6474 0.6179 0.4460
1311868228.0449 -1.7393 -1.7791 2.4202 0.0140 0.6441 0.6182 0.4503
1311868228.0790 -1.7434 -1.7760 2.4150 0.0146 0.6414 0.6177 0.4547
1311868228.1127 -1.7484 -1.7749 2.4114 0.0143 0.6397 0.6163 0.4590
1311868228.1462 -1.7535 -1.7722 2.4075 0.0139 0.6386 0.6147 0.4627
1311868228.1790 -1.7587 -1.7713 2.4030 0.0138 0.6378 0.6132 0.4658
1311868228.2147 -1.7641 -1.7700 2.3984 0.0137 0.6371 0.6112 0.4694
1311868228.2461 -1.7703 -1.7714 2.3945 0.0134 0.6361 0.6095 0.4731
1311868228.2800 -1.7752 -1.7687 2.3902 0.0137 0.6347 0.6080 0.4768
1311868228.3124 -1.7817 -1.7687 2.3860 0.0145 0.6336 0.6068 0.4797
1311868228.3444 -1.7877 -1.7676 2.3824 0.0148 0.6326 0.6056 0.4826
1311868228.3790 -1.7952 -1.7681 2.3790 0.0145 0.6318 0.6050 0.4844
1311868228.4124 -1.7998 -1.7683 2.3763 0.0141 0.6317 0.6052 0.4842
1311868228.4445 -1.8059 -1.7669 2.3713 0.0149 0.6310 0.6058 0.4844
1311868228.4796 -1.8117 -1.7659 2.3671 0.0149 0.6299 0.6056 0.4860
1311868228.5152 -1.8174 -1.7634 2.3636 0.0134 0.6290 0.6040 0.4892
1311868228.5458 -1.8233 -1.7622 2.3604 0.0114 0.6292 0.6017 0.4919
1311868228.5796 -1.8307 -1.7635 2.3573 0.0088 0.6295 0.6001 0.4935
1311868228.6124 -1.8363 -1.7621 2.3537 0.0060 0.6298 0.5994 0.4941
1311868228.6453 -1.8420 -1.7609 2.3486 0.0040 0.6297 0.5990 0.4947
1311868228.6790 -1.8477 -1.7600 2.3435 0.0023 0.6288 0.5982 0.4968
1311868228.7149 -1.8534 -1.7584 2.3381 0.0015 0.6270 0.5978 0.4995
1311868228.7465 -1.8589 -1.7551 2.3331 0.0019 0.6256 0.5970 0.5022
1311868228.7791 -1.8658 -1.7548 2.3291 0.0018 0.6249 0.5960 0.5043
1311868228.8150 -1.8719 -1.7546 2.3258 0.0010 0.6241 0.5957 0.5055
1311868228.8447 -1.8770 -1.7522 2.3224 0.0005 0.6239 0.5953 0.5063
1311868228.8793 -1.8832 -1.7507 2.3191 -0.0005 0.6239 0.5945 0.5073
1311868228.9127 -1.8883 -1.7490 2.3157 -0.0019 0.6240 0.5938 0.5079
1311868228.9447 -1.8926 -1.7462 2.3122 -0.0021 0.6245 0.5940 0.5072
1311868228.9791 -1.8970 -1.7451 2.3079 -0.0011 0.6245 0.5952 0.5057
1311868229.0127 -1.9007 -1.7421 2.3041 -0.0000 0.6242 0.5963 0.5047
1311868229.0445 -1.9030 -1.7367 2.2997 0.0015 0.6245 0.5974 0.5031
1311868229.0806 -1.9058 -1.7342 2.2950 0.0035 0.6259 0.5982 0.5004
1311868229.1155 -1.9068 -1.7313 2.2904 0.0057 0.6274 0.5989 0.4977
1311868229.1483 -1.9082 -1.7272 2.2838 0.0083 0.6282 0.5985 0.4970
1311868229.1841 -1.9093 -1.7279 2.2794 0.0084 0.6290 0.5970 0.4979
1311868229.2165 -1.9085 -1.7243 2.2751 0.0074 0.6300 0.5945 0.4995
1311868229.2490 -1.9094 -1.7249 2.2691 0.0075 0.6320 0.5926 0.4993
1311868229.2812 -1.9100 -1.7292 2.2638 0.0070 0.6326 0.5935 0.4976
1311868229.3152 -1.9108 -1.7363 2.2584 0.0048 0.6307 0.5969 0.4959
1311868229.3503 -1.9064 -1.7304 2.2530 0.0023 0.6270 0.6010 0.4956
1311868229.3810 -1.9018 -1.7291 2.2455 0.0023 0.6237 0.6052 0.4947
1311868229.4131 -1.8984 -1.7312 2.2384 0.0036 0.6175 0.6112 0.4950
1311868229.4448 -1.8918 -1.7217 2.2328 0.0048 0.6119 0.6143 0.4982
1311868229.4824 -1.8871 -1.7173 2.2277 0.0056 0.6102 0.6147 0.4998
1311868229.5126 -1.8823 -1.7125 2.2213 0.0053 0.6101 0.6143 0.5004
1311868229.5478 -1.8784 -1.7103 2.2152 0.0030 0.6122 0.6125 0.5001
1311868229.5806 -1.8743 -1.7107 2.2088 -0.0004 0.6147 0.6113 0.4984
1311868229.6134 -1.8680 -1.7102 2.2001 -0.0021 0.6154 0.6124 0.4962
1311868229.6475 -1.8614 -1.7082 2.1912 -0.0023 0.6147 0.6137 0.4956
1311868229.6815 -1.8555 -1.7063 2.1833 -0.0035 0.6138 0.6135 0.4969
1311868229.7125 -1.8487 -1.7048 2.1753 -0.0049 0.6128 0.6137 0.4978
1311868229.7487 -1.8402 -1.7018 2.1664 -0.0045 0.6119 0.6144 0.4980
1311868229.7825 -1.8345 -1.7016 2.1584 -0.0044 0.6119 0.6144 0.4980
1311868229.8127 -1.8256 -1.6995 2.1497 -0.0038 0.6117 0.6154 0.4971
1311868229.8445 -1.8190 -1.6991 2.1418 -0.0016 0.6115 0.6161 0.4965
1311868229.8834 -1.8111 -1.6963 2.1342 0.0003 0.6118 0.6159 0.4964
1311868229.9145 -1.8051 -1.6989 2.1259 0.0021 0.6119 0.6163 0.4958
1311868229.9444 -1.7985 -1.6963 2.1192 0.0013 0.6116 0.6159 0.4966
1311868229.9824 -1.7899 -1.6941 2.1110 0.0009 0.6124 0.6150 0.4968
1311868230.0125 -1.7849 -1.6982 2.1029 0.0012 0.6120 0.6157 0.4964
1311868230.0470 -1.7777 -1.6955 2.0962 -0.0002 0.6110 0.6167 0.4964
1311868230.0832 -1.7714 -1.6945 2.0894 0.0007 0.6109 0.6176 0.4953
1311868230.1136 -1.7673 -1.6964 2.0829 0.0000 0.6105 0.6187 0.4945
1311868230.1474 -1.7588 -1.6898 2.0768 -0.0021 0.6110 0.6192 0.4933
1311868230.1806 -1.7505 -1.6849 2.0692 -0.0020 0.6146 0.6176 0.4908
1311868230.2149 -1.7462 -1.6891 2.0598 -0.0027 0.6185 0.6159 0.4880
1311868230.2454 -1.7412 -1.6894 2.0529 -0.0048 0.6206 0.6150 0.4864
1311868230.2830 -1.7344 -1.6887 2.0444 -0.0057 0.6221 0.6136 0.4862
1311868230.3125 -1.7322 -1.6932 2.0374 -0.0066 0.6219 0.6133 0.4869
1311868230.3433 -1.7250 -1.6909 2.0293 -0.0061 0.6197 0.6156 0.4868
1311868230.3821 -1.7210 -1.6930 2.0210 -0.0036 0.6170 0.6179 0.4874
1311868230.4142 -1.7184 -1.6949 2.0143 -0.0037 0.6132 0.6207 0.4885
1311868230.4432 -1.7128 -1.6942 2.0059 -0.0031 0.6076 0.6271 0.4874
1311868230.4843 -1.7048 -1.6881 1.9972 0.0020 0.6026 0.6339 0.4849
1311868230.5127 -1.6981 -1.6811 1.9894 0.0073 0.6005 0.6386 0.4813
1311868230.5433 -1.6923 -1.6738 1.9838 0.0104 0.6025 0.6400 0.4767
1311868230.5820 -1.6916 -1.6761 1.9755 0.0107 0.6067 0.6401 0.4713
1311868230.6136 -1.6863 -1.6696 1.9673 0.0083 0.6086 0.6410 0.4676
1311868230.6434 -1.6777 -1.6631 1.9573 0.0101 0.6117 0.6389 0.4663
1311868230.6828 -1.6753 -1.6630 1.9502 0.0129 0.6147 0.6357 0.4667
1311868230.7131 -1.6700 -1.6597 1.9436 0.0169 0.6173 0.6324 0.4676
1311868230.7432 -1.6681 -1.6605 1.9356 0.0202 0.6195 0.6283 0.4701
1311868230.7832 -1.6669 -1.6595 1.9297 0.0198 0.6215 0.6248 0.4723
1311868230.8125 -1.6651 -1.6594 1.9230 0.0177 0.6230 0.6225 0.4733
1311868230.8432 -1.6638 -1.6596 1.9162 0.0150 0.6237 0.6215 0.4737
1311868230.8845 -1.6638 -1.6610 1.9099 0.0110 0.6227 0.6224 0.4741
1311868230.9128 -1.6581 -1.6557 1.9027 0.0057 0.6206 0.6230 0.4761
1311868230.9434 -1.6525 -1.6513 1.8944 0.0021 0.6202 0.6217 0.4784
1311868230.9839 -1.6486 -1.6479 1.8881 -0.0000 0.6210 0.6199 0.4796
1311868231.0127 -1.6451 -1.6453 1.8808 -0.0020 0.6228 0.6174 0.4805
1311868231.0434 -1.6419 -1.6431 1.8739 -0.0050 0.6252 0.6139 0.4820
1311868231.0840 -1.6376 -1.6399 1.8670 -0.0068 0.6284 0.6100 0.4827
1311868231.1155 -1.6371 -1.6426 1.8591 -0.0072 0.6312 0.6076 0.4820
1311868231.1432 -1.6397 -1.6473 1.8530 -0.0102 0.6313 0.6064 0.4834
1311868231.1806 -1.6377 -1.6469 1.8466 -0.0174 0.6284 0.6063 0.4870
1311868231.2154 -1.6335 -1.6451 1.8382 -0.0237 0.6253 0.6077 0.4890
1311868231.2431 -1.6310 -1.6441 1.8329 -0.0278 0.6236 0.6102 0.4879
1311868231.2844 -1.6273 -1.6428 1.8276 -0.0325 0.6213 0.6126 0.4876
1311868231.3133 -1.6238 -1.6417 1.8225 -0.0381 0.6185 0.6137 0.4894
1311868231.3432 -1.6190 -1.6402 1.8174 -0.0437 0.6152 0.6147 0.4916
1311868231.3807 -1.6150 -1.6382 1.8133 -0.0485 0.6120 0.6160 0.4935
1311868231.4129 -1.6082 -1.6335 1.8097 -0.0521 0.6099 0.6175 0.4940
1311868231.4432 -1.6001 -1.6294 1.8050 -0.0533 0.6100 0.6186 0.4924
1311868231.4816 -1.5969 -1.6312 1.7996 -0.0533 0.6106 0.6192 0.4908
1311868231.5142 -1.5915 -1.6307 1.7949 -0.0543 0.6101 0.6196 0.4908
1311868231.5432 -1.5847 -1.6304 1.7909 -0.0546 0.6102 0.6190 0.4914
1311868231.5830 -1.5783 -1.6310 1.7871 -0.0545 0.6101 0.6180 0.4928
1311868231.6112 -1.5712 -1.6309 1.7827 -0.0548 0.6104 0.6160 0.4949
1311868231.6432 -1.5665 -1.6325 1.7779 -0.0554 0.6111 0.6139 0.4966
1311868231.6839 -1.5612 -1.6325 1.7738 -0.0580 0.6117 0.6126 0.4972
1311868231.7113 -1.5532 -1.6336 1.7701 -0.0606 0.6126 0.6128 0.4955
1311868231.7433 -1.5459 -1.6359 1.7656 -0.0619 0.6135 0.6129 0.4941
1311868231.7827 -1.5414 -1.6392 1.7617 -0.0637 0.6137 0.6131 0.4935
1311868231.8112 -1.5350 -1.6412 1.7584 -0.0641 0.6131 0.6152 0.4915
1311868231.8432 -1.5290 -1.6437 1.7561 -0.0627 0.6117 0.6181 0.4897
1311868231.8835 -1.5221 -1.6447 1.7532 -0.0612 0.6094 0.6205 0.4898
1311868231.9112 -1.5150 -1.6452 1.7497 -0.0610 0.6081 0.6203 0.4917
1311868231.9432 -1.5094 -1.6472 1.7460 -0.0616 0.6075 0.6197 0.4931
1311868231.9814 -1.5040 -1.6492 1.7420 -0.0633 0.6071 0.6191 0.4942
1311868232.0113 -1.4962 -1.6518 1.7390 -0.0661 0.6071 0.6180 0.4951
1311868232.0433 -1.4900 -1.6554 1.7353 -0.0681 0.6066 0.6170 0.4968
1311868232.0845 -1.4844 -1.6582 1.7326 -0.0695 0.6058 0.6164 0.4982
1311868232.1112 -1.4776 -1.6599 1.7300 -0.0708 0.6044 0.6160 0.5002
1311868232.1432 -1.4701 -1.6608 1.7266 -0.0717 0.6034 0.6157 0.5017
1311868232.1807 -1.4638 -1.6639 1.7235 -0.0719 0.6031 0.6161 0.5015
1311868232.2114 -1.4583 -1.6652 1.7213 -0.0714 0.6022 0.6171 0.5014
1311868232.2432 -1.4502 -1.6650 1.7185 -0.0710 0.6014 0.6179 0.5014
1311868232.2810 -1.4451 -1.6672 1.7154 -0.0709 0.6014 0.6181 0.5013
1311868232.3113 -1.4391 -1.6695 1.7136 -0.0707 0.6006 0.6194 0.5007
1311868232.3432 -1.4313 -1.6687 1.7109 -0.0708 0.5995 0.6205 0.5006
1311868232.3806 -1.4250 -1.6689 1.7078 -0.0706 0.6004 0.6210 0.4989
1311868232.4114 -1.4191 -1.6697 1.7057 -0.0689 0.6021 0.6223 0.4955
1311868232.4433 -1.4135 -1.6703 1.7030 -0.0677 0.6041 0.6230 0.4923
1311868232.4826 -1.4082 -1.6721 1.7008 -0.0677 0.6061 0.6231 0.4896
1311868232.5113 -1.4032 -1.6732 1.6988 -0.0680 0.6083 0.6226 0.4876
1311868232.5433 -1.3985 -1.6764 1.6973 -0.0683 0.6103 0.6225 0.4851
1311868232.5831 -1.3930 -1.6782 1.6961 -0.0682 0.6113 0.6226 0.4837
1311868232.6115 -1.3871 -1.6805 1.6937 -0.0679 0.6123 0.6219 0.4834
1311868232.6434 -1.3845 -1.6832 1.6930 -0.0662 0.6131 0.6216 0.4831
1311868232.6834 -1.3789 -1.6850 1.6899 -0.0644 0.6130 0.6220 0.4830
1311868232.7113 -1.3754 -1.6875 1.6882 -0.0614 0.6137 0.6218 0.4827
1311868232.7440 -1.3722 -1.6897 1.6867 -0.0591 0.6143 0.6210 0.4833
1311868232.7793 -1.3698 -1.6905 1.6861 -0.0587 0.6154 0.6190 0.4845
1311868232.8116 -1.3655 -1.6916 1.6856 -0.0600 0.6171 0.6162 0.4857
1311868232.8433 -1.3631 -1.6938 1.6855 -0.0608 0.6192 0.6134 0.4865
1311868232.8794 -1.3598 -1.6965 1.6860 -0.0612 0.6208 0.6115 0.4868
1311868232.9115 -1.3566 -1.6981 1.6865 -0.0601 0.6220 0.6097 0.4876
1311868232.9433 -1.3546 -1.7003 1.6871 -0.0580 0.6229 0.6081 0.4886
1311868232.9795 -1.3544 -1.7020 1.6877 -0.0559 0.6231 0.6070 0.4901
1311868233.0113 -1.3517 -1.7035 1.6886 -0.0547 0.6226 0.6064 0.4915
1311868233.0436 -1.3499 -1.7046 1.6891 -0.0529 0.6221 0.6050 0.4940
1311868233.0796 -1.3506 -1.7059 1.6900 -0.0516 0.6214 0.6035 0.4969
1311868233.1113 -1.3494 -1.7058 1.6898 -0.0517 0.6207 0.6021 0.4995
1311868233.1435 -1.3478 -1.7060 1.6888 -0.0516 0.6218 0.6003 0.5002
1311868233.1797 -1.3486 -1.7087 1.6889 -0.0500 0.6238 0.5991 0.4995
1311868233.2114 -1.3499 -1.7101 1.6902 -0.0488 0.6245 0.5984 0.4994
1311868233.2436 -1.3491 -1.7103 1.6896 -0.0475 0.6246 0.5976 0.5005
1311868233.2797 -1.3510 -1.7101 1.6896 -0.0454 0.6248 0.5968 0.5013
1311868233.3114 -1.3525 -1.7109 1.6906 -0.0421 0.6251 0.5974 0.5006
1311868233.3435 -1.3545 -1.7108 1.6923 -0.0385 0.6242 0.5983 0.5010
1311868233.3794 -1.3564 -1.7101 1.6937 -0.0359 0.6226 0.5976 0.5039
1311868233.4114 -1.3612 -1.7086 1.6949 -0.0339 0.6208 0.5958 0.5085
1311868233.4433 -1.3652 -1.7050 1.6951 -0.0337 0.6192 0.5947 0.5116
1311868233.4794 -1.3689 -1.7027 1.6944 -0.0335 0.6194 0.5935 0.5128
1311868233.5114 -1.3754 -1.7002 1.6955 -0.0338 0.6202 0.5922 0.5134
1311868233.5434 -1.3807 -1.6988 1.6955 -0.0349 0.6203 0.5923 0.5131
1311868233.5795 -1.3852 -1.6965 1.6959 -0.0355 0.6201 0.5927 0.5128
1311868233.6115 -1.3915 -1.6942 1.6957 -0.0355 0.6198 0.5927 0.5132
1311868233.6433 -1.3971 -1.6915 1.6951 -0.0360 0.6192 0.5923 0.5142
1311868233.6795 -1.4044 -1.6892 1.6954 -0.0358 0.6188 0.5912 0.5160
1311868233.7115 -1.4112 -1.6862 1.6945 -0.0361 0.6177 0.5903 0.5183
1311868233.7434 -1.4182 -1.6839 1.6939 -0.0357 0.6172 0.5894 0.5200
1311868233.7796 -1.4278 -1.6803 1.6940 -0.0355 0.6161 0.5886 0.5222
1311868233.8115 -1.4337 -1.6774 1.6921 -0.0355 0.6145 0.5893 0.5233
1311868233.8436 -1.4421 -1.6741 1.6910 -0.0337 0.6131 0.5899 0.5244
1311868233.8795 -1.4482 -1.6691 1.6881 -0.0332 0.6118 0.5897 0.5261
1311868233.9115 -1.4578 -1.6644 1.6858 -0.0330 0.6118 0.5888 0.5272
1311868233.9435 -1.4648 -1.6617 1.6831 -0.0334 0.6120 0.5895 0.5261
1311868233.9793 -1.4727 -1.6596 1.6814 -0.0336 0.6121 0.5903 0.5252
1311868234.0115 -1.4803 -1.6570 1.6786 -0.0334 0.6115 0.5906 0.5255
1311868234.0434 -1.4868 -1.6553 1.6756 -0.0340 0.6110 0.5901 0.5266
1311868234.0796 -1.4951 -1.6534 1.6727 -0.0345 0.6113 0.5881 0.5285
1311868234.1116 -1.5019 -1.6514 1.6689 -0.0358 0.6119 0.5859 0.5301
1311868234.1435 -1.5103 -1.6514 1.6658 -0.0366 0.6141 0.5822 0.5315
1311868234.1794 -1.5197 -1.6529 1.6645 -0.0374 0.6159 0.5789 0.5330
1311868234.2115 -1.5280 -1.6536 1.6638 -0.0377 0.6166 0.5762 0.5351
1311868234.2436 -1.5367 -1.6549 1.6629 -0.0372 0.6166 0.5736 0.5379
1311868234.2794 -1.5456 -1.6541 1.6624 -0.0373 0.6161 0.5707 0.5416
1311868234.3115 -1.5530 -1.6539 1.6599 -0.0382 0.6160 0.5674 0.5451
1311868234.3435 -1.5630 -1.6542 1.6589 -0.0387 0.6171 0.5634 0.5480
1311868234.3796 -1.5732 -1.6553 1.6590 -0.0398 0.6179 0.5601 0.5503
1311868234.4116 -1.5829 -1.6560 1.6587 -0.0402 0.6179 0.5580 0.5525
1311868234.4435 -1.5923 -1.6559 1.6581 -0.0411 0.6173 0.5565 0.5546
1311868234.4795 -1.6014 -1.6559 1.6574 -0.0417 0.6167 0.5552 0.5566
1311868234.5116 -1.6105 -1.6553 1.6565 -0.0424 0.6158 0.5544 0.5582
1311868234.5436 -1.6193 -1.6544 1.6555 -0.0429 0.6154 0.5536 0.5595
1311868234.5794 -1.6283 -1.6536 1.6546 -0.0438 0.6151 0.5530 0.5603
1311868234.6117 -1.6370 -1.6526 1.6540 -0.0451 0.6150 0.5527 0.5606
1311868234.6435 -1.6458 -1.6519 1.6534 -0.0457 0.6148 0.5528 0.5606
1311868234.6795 -1.6541 -1.6511 1.6530 -0.0467 0.6145 0.5533 0.5604
1311868234.7114 -1.6629 -1.6506 1.6528 -0.0472 0.6139 0.5538 0.5606
1311868234.7436 -1.6702 -1.6491 1.6520 -0.0479 0.6129 0.5544 0.5609
1311868234.7795 -1.6789 -1.6481 1.6514 -0.0483 0.6126 0.5546 0.5611
1311868234.8117 -1.6858 -1.6472 1.6505 -0.0492 0.6121 0.5550 0.5612
1311868234.8435 -1.6942 -1.6467 1.6499 -0.0493 0.6120 0.5549 0.5614
1311868234.8794 -1.7020 -1.6463 1.6489 -0.0495 0.6117 0.5547 0.5618
1311868234.9115 -1.7117 -1.6460 1.6486 -0.0499 0.6111 0.5549 0.5624
1311868234.9436 -1.7190 -1.6454 1.6477 -0.0508 0.6098 0.5559 0.5626
1311868234.9795 -1.7266 -1.6442 1.6474 -0.0512 0.6088 0.5564 0.5631
1311868235.0116 -1.7348 -1.6419 1.6476 -0.0523 0.6079 0.5565 0.5639
1311868235.0437 -1.7425 -1.6403 1.6474 -0.0535 0.6068 0.5572 0.5643
1311868235.0797 -1.7500 -1.6378 1.6470 -0.0543 0.6058 0.5584 0.5642
1311868235.1116 -1.7571 -1.6358 1.6464 -0.0554 0.6051 0.5595 0.5638
1311868235.1436 -1.7638 -1.6345 1.6462 -0.0560 0.6044 0.5606 0.5633
1311868235.1797 -1.7714 -1.6332 1.6454 -0.0556 0.6033 0.5624 0.5627
1311868235.2115 -1.7787 -1.6306 1.6451 -0.0551 0.6021 0.5642 0.5623
1311868235.2436 -1.7850 -1.6264 1.6440 -0.0555 0.6011 0.5652 0.5622
1311868235.2797 -1.7905 -1.6241 1.6430 -0.0552 0.6012 0.5665 0.5609
1311868235.3117 -1.7958 -1.6214 1.6420 -0.0539 0.6015 0.5675 0.5598
1311868235.3437 -1.8015 -1.6191 1.6408 -0.0530 0.6024 0.5672 0.5591
1311868235.3798 -1.8070 -1.6155 1.6394 -0.0513 0.6038 0.5671 0.5579
1311868235.4115 -1.8141 -1.6136 1.6385 -0.0499 0.6053 0.5670 0.5564
1311868235.4437 -1.8206 -1.6112 1.6384 -0.0501 0.6060 0.5673 0.5554
1311868235.4796 -1.8234 -1.6070 1.6375 -0.0506 0.6064 0.5673 0.5548
1311868235.5117 -1.8298 -1.6039 1.6371 -0.0502 0.6070 0.5671 0.5544
1311868235.5436 -1.8318 -1.5994 1.6357 -0.0514 0.6071 0.5674 0.5540
1311868235.5797 -1.8338 -1.5952 1.6342 -0.0518 0.6091 0.5666 0.5526
1311868235.6118 -1.8380 -1.5908 1.6323 -0.0523 0.6122 0.5652 0.5505
1311868235.6435 -1.8418 -1.5873 1.6308 -0.0539 0.6157 0.5640 0.5477
1311868235.6797 -1.8457 -1.5838 1.6308 -0.0555 0.6188 0.5629 0.5451
1311868235.7116 -1.8493 -1.5808 1.6307 -0.0563 0.6210 0.5617 0.5437
1311868235.7439 -1.8538 -1.5771 1.6313 -0.0574 0.6218 0.5606 0.5438
1311868235.7795 -1.8574 -1.5731 1.6314 -0.0577 0.6216 0.5603 0.5444
1311868235.8119 -1.8607 -1.5691 1.6316 -0.0568 0.6202 0.5604 0.5459
1311868235.8437 -1.8640 -1.5651 1.6314 -0.0567 0.6179 0.5604 0.5485
1311868235.8796 -1.8643 -1.5599 1.6313 -0.0572 0.6160 0.5607 0.5503
1311868235.9116 -1.8658 -1.5552 1.6305 -0.0563 0.6152 0.5612 0.5508
1311868235.9437 -1.8694 -1.5502 1.6298 -0.0555 0.6144 0.5616 0.5514
1311868235.9796 -1.8693 -1.5441 1.6295 -0.0556 0.6138 0.5621 0.5516
1311868236.0117 -1.8696 -1.5398 1.6290 -0.0536 0.6138 0.5624 0.5514
1311868236.0437 -1.8754 -1.5348 1.6266 -0.0503 0.6124 0.5622 0.5535
1311868236.0796 -1.8769 -1.5293 1.6248 -0.0488 0.6098 0.5618 0.5569
1311868236.1118 -1.8773 -1.5243 1.6231 -0.0479 0.6078 0.5613 0.5597
1311868236.1437 -1.8800 -1.5200 1.6204 -0.0467 0.6062 0.5615 0.5613
1311868236.1796 -1.8816 -1.5146 1.6188 -0.0455 0.6043 0.5631 0.5619
1311868236.2117 -1.8819 -1.5095 1.6174 -0.0437 0.6027 0.5644 0.5625
1311868236.2436 -1.8866 -1.5068 1.6146 -0.0427 0.5999 0.5648 0.5650
1311868236.2795 -1.8889 -1.5021 1.6133 -0.0445 0.5961 0.5654 0.5683
1311868236.3116 -1.8870 -1.4956 1.6133 -0.0470 0.5940 0.5653 0.5705
1311868236.3438 -1.8862 -1.4899 1.6124 -0.0495 0.5937 0.5636 0.5722
1311868236.3795 -1.8884 -1.4853 1.6108 -0.0521 0.5939 0.5611 0.5742
1311868236.4129 -1.8901 -1.4794 1.6098 -0.0547 0.5942 0.5594 0.5753
1311868236.4435 -1.8931 -1.4740 1.6081 -0.0552 0.5943 0.5593 0.5753
1311868236.4796 -1.8941 -1.4691 1.6074 -0.0558 0.5940 0.5599 0.5750
1311868236.5116 -1.8948 -1.4647 1.6073 -0.0547 0.5932 0.5607 0.5751
1311868236.5437 -1.8948 -1.4593 1.6061 -0.0532 0.5919 0.5606 0.5767
1311868236.5797 -1.8959 -1.4547 1.6050 -0.0506 0.5912 0.5601 0.5781
1311868236.6116 -1.8968 -1.4512 1.6048 -0.0473 0.5901 0.5599 0.5797
1311868236.6477 -1.8985 -1.4456 1.6035 -0.0445 0.5888 0.5587 0.5825
1311868236.6796 -1.8990 -1.4404 1.6027 -0.0416 0.5884 0.5568 0.5848
1311868236.7117 -1.9020 -1.4369 1.6019 -0.0396 0.5882 0.5553 0.5866
1311868236.7476 -1.9021 -1.4331 1.6019 -0.0380 0.5886 0.5542 0.5874
1311868236.7796 -1.9057 -1.4296 1.6010 -0.0360 0.5888 0.5532 0.5882
1311868236.8117 -1.9082 -1.4264 1.6013 -0.0351 0.5890 0.5522 0.5890
1311868236.8476 -1.9123 -1.4237 1.6009 -0.0341 0.5880 0.5514 0.5908
1311868236.8795 -1.9159 -1.4208 1.6005 -0.0336 0.5857 0.5513 0.5932
1311868236.9118 -1.9175 -1.4174 1.6006 -0.0334 0.5832 0.5514 0.5956
1311868236.9476 -1.9206 -1.4138 1.6007 -0.0328 0.5810 0.5522 0.5971
1311868236.9796 -1.9223 -1.4095 1.6006 -0.0317 0.5789 0.5543 0.5972
1311868237.0116 -1.9214 -1.4041 1.6015 -0.0296 0.5781 0.5564 0.5962
1311868237.0478 -1.9253 -1.3997 1.6002 -0.0268 0.5776 0.5569 0.5963
1311868237.0797 -1.9282 -1.3947 1.5995 -0.0258 0.5767 0.5567 0.5974
1311868237.1116 -1.9300 -1.3902 1.5989 -0.0243 0.5761 0.5566 0.5982
1311868237.1477 -1.9346 -1.3874 1.5968 -0.0215 0.5747 0.5570 0.5991
1311868237.1795 -1.9365 -1.3827 1.5957 -0.0195 0.5731 0.5573 0.6005
1311868237.2117 -1.9382 -1.3782 1.5935 -0.0169 0.5722 0.5567 0.6020
1311868237.2477 -1.9429 -1.3745 1.5907 -0.0148 0.5711 0.5557 0.6040
1311868237.2797 -1.9466 -1.3708 1.5871 -0.0139 0.5702 0.5544 0.6060
1311868237.3117 -1.9510 -1.3672 1.5832 -0.0135 0.5694 0.5532 0.6079
1311868237.3477 -1.9570 -1.3648 1.5782 -0.0139 0.5682 0.5519 0.6102
1311868237.3800 -1.9616 -1.3609 1.5736 -0.0157 0.5665 0.5512 0.6124
1311868237.4118 -1.9644 -1.3564 1.5696 -0.0169 0.5656 0.5510 0.6133
1311868237.4477 -1.9702 -1.3520 1.5634 -0.0172 0.5645 0.5506 0.6148
1311868237.4797 -1.9752 -1.3480 1.5578 -0.0183 0.5630 0.5496 0.6170
1311868237.5117 -1.9801 -1.3444 1.5525 -0.0195 0.5614 0.5480 0.6198
1311868237.5477 -1.9882 -1.3423 1.5451 -0.0213 0.5588 0.5460 0.6238
1311868237.5797 -1.9936 -1.3377 1.5411 -0.0246 0.5564 0.5435 0.6280
1311868237.6116 -1.9985 -1.3316 1.5366 -0.0274 0.5558 0.5403 0.6312
1311868237.6477 -2.0060 -1.3278 1.5305 -0.0309 0.5563 0.5364 0.6339
1311868237.6796 -2.0127 -1.3261 1.5242 -0.0355 0.5562 0.5332 0.6365
1311868237.7119 -2.0181 -1.3205 1.5194 -0.0380 0.5552 0.5303 0.6396
1311868237.7477 -2.0232 -1.3195 1.5113 -0.0382 0.5520 0.5297 0.6428
1311868237.7796 -2.0287 -1.3169 1.5062 -0.0372 0.5481 0.5301 0.6459
1311868237.8118 -2.0327 -1.3122 1.5024 -0.0357 0.5452 0.5296 0.6489
1311868237.8477 -2.0402 -1.3096 1.4966 -0.0339 0.5432 0.5290 0.6511
1311868237.8797 -2.0458 -1.3061 1.4916 -0.0337 0.5415 0.5286 0.6528
1311868237.9118 -2.0531 -1.3040 1.4857 -0.0336 0.5400 0.5290 0.6538
1311868237.9477 -2.0589 -1.3000 1.4813 -0.0336 0.5383 0.5300 0.6544
1311868237.9796 -2.0641 -1.2969 1.4772 -0.0340 0.5372 0.5306 0.6548
1311868238.0117 -2.0721 -1.2950 1.4707 -0.0337 0.5354 0.5320 0.6552
1311868238.0477 -2.0768 -1.2917 1.4664 -0.0347 0.5331 0.5332 0.6559
1311868238.0798 -2.0817 -1.2882 1.4637 -0.0354 0.5318 0.5339 0.6565
1311868238.1117 -2.0862 -1.2846 1.4608 -0.0360 0.5305 0.5347 0.6568
1311868238.1477 -2.0899 -1.2813 1.4571 -0.0362 0.5289 0.5348 0.6580
1311868238.1798 -2.0959 -1.2769 1.4546 -0.0363 0.5275 0.5338 0.6599
1311868238.2117 -2.0979 -1.2727 1.4503 -0.0364 0.5253 0.5339 0.6615
1311868238.2478 -2.1005 -1.2731 1.4491 -0.0373 0.5245 0.5350 0.6613
1311868238.2797 -2.1037 -1.2668 1.4464 -0.0364 0.5238 0.5356 0.6614
1311868238.3117 -2.1067 -1.2643 1.4443 -0.0369 0.5242 0.5356 0.6610
1311868238.3477 -2.1073 -1.2610 1.4418 -0.0377 0.5252 0.5351 0.6607
1311868238.3796 -2.1086 -1.2581 1.4375 -0.0385 0.5261 0.5340 0.6608
1311868238.4118 -2.1098 -1.2554 1.4339 -0.0392 0.5258 0.5332 0.6616
1311868238.4476 -2.1100 -1.2518 1.4311 -0.0384 0.5260 0.5328 0.6618
1311868238.4796 -2.1119 -1.2498 1.4269 -0.0368 0.5253 0.5337 0.6617
1311868238.5116 -2.1120 -1.2462 1.4225 -0.0350 0.5241 0.5343 0.6622
1311868238.5476 -2.1123 -1.2452 1.4199 -0.0339 0.5230 0.5357 0.6620
1311868238.5797 -2.1142 -1.2413 1.4155 -0.0325 0.5212 0.5372 0.6624
1311868238.6119 -2.1139 -1.2382 1.4143 -0.0331 0.5211 0.5375 0.6622
1311868238.6477 -2.1164 -1.2371 1.4100 -0.0361 0.5221 0.5371 0.6615
1311868238.6798 -2.1173 -1.2342 1.4064 -0.0399 0.5236 0.5363 0.6607
1311868238.7118 -2.1180 -1.2333 1.4004 -0.0441 0.5239 0.5371 0.6597
1311868238.7477 -2.1164 -1.2331 1.3992 -0.0479 0.5244 0.5389 0.6575
1311868238.7797 -2.1149 -1.2290 1.3984 -0.0495 0.5244 0.5413 0.6554
1311868238.8117 -2.1147 -1.2246 1.3945 -0.0498 0.5242 0.5443 0.6530
1311868238.8477 -2.1133 -1.2185 1.3918 -0.0500 0.5240 0.5465 0.6513
1311868238.8797 -2.1141 -1.2136 1.3863 -0.0497 0.5228 0.5482 0.6509
1311868238.9118 -2.1117 -1.2076 1.3838 -0.0495 0.5216 0.5498 0.6506
1311868238.9477 -2.1100 -1.2023 1.3808 -0.0481 0.5209 0.5516 0.6497
1311868238.9797 -2.1112 -1.1980 1.3736 -0.0468 0.5192 0.5533 0.6497
1311868239.0118 -2.1078 -1.1919 1.3718 -0.0474 0.5178 0.5532 0.6508
1311868239.0479 -2.1043 -1.1865 1.3696 -0.0468 0.5178 0.5506 0.6531
1311868239.0798 -2.1032 -1.1840 1.3648 -0.0474 0.5181 0.5463 0.6564
1311868239.1119 -2.1018 -1.1787 1.3600 -0.0496 0.5183 0.5408 0.6606
1311868239.1477 -2.1006 -1.1738 1.3574 -0.0508 0.5193 0.5357 0.6639
1311868239.1800 -2.1031 -1.1707 1.3521 -0.0491 0.5188 0.5338 0.6660
1311868239.2120 -2.1047 -1.1664 1.3474 -0.0464 0.5157 0.5345 0.6680
1311868239.2477 -2.1047 -1.1621 1.3438 -0.0433 0.5117 0.5351 0.6708
1311868239.2796 -2.1038 -1.1579 1.3415 -0.0409 0.5077 0.5359 0.6733
1311868239.3117 -2.1022 -1.1530 1.3383 -0.0385 0.5041 0.5367 0.6756
1311868239.3477 -2.1004 -1.1490 1.3369 -0.0369 0.5010 0.5373 0.6774
1311868239.3797 -2.0988 -1.1436 1.3346 -0.0352 0.4984 0.5372 0.6795
1311868239.4117 -2.0985 -1.1409 1.3329 -0.0338 0.4959 0.5378 0.6809
1311868239.4478 -2.0985 -1.1380 1.3307 -0.0329 0.4933 0.5393 0.6817
1311868239.4798 -2.0977 -1.1342 1.3296 -0.0328 0.4906 0.5411 0.6822
1311868239.5118 -2.0953 -1.1286 1.3300 -0.0330 0.4890 0.5416 0.6830
1311868239.5478 -2.0937 -1.1238 1.3285 -0.0335 0.4880 0.5407 0.6844
1311868239.5798 -2.0933 -1.1200 1.3254 -0.0351 0.4870 0.5376 0.6875
1311868239.6119 -2.0949 -1.1154 1.3234 -0.0366 0.4855 0.5343 0.6910
1311868239.6478 -2.0955 -1.1127 1.3221 -0.0376 0.4835 0.5320 0.6941
1311868239.6798 -2.0967 -1.1092 1.3210 -0.0379 0.4810 0.5316 0.6961
1311868239.7118 -2.0970 -1.1058 1.3191 -0.0376 0.4784 0.5326 0.6972
1311868239.7479 -2.0977 -1.1005 1.3163 -0.0381 0.4752 0.5324 0.6995
1311868239.7798 -2.0978 -1.0962 1.3151 -0.0401 0.4729 0.5304 0.7024
1311868239.8119 -2.0977 -1.0922 1.3142 -0.0415 0.4717 0.5279 0.7051
1311868239.8477 -2.1004 -1.0892 1.3108 -0.0415 0.4699 0.5259 0.7078
1311868239.8798 -2.1019 -1.0879 1.3079 -0.0407 0.4669 0.5255 0.7101
1311868239.9120 -2.1037 -1.0840 1.3037 -0.0381 0.4627 0.5259 0.7127
1311868239.9479 -2.1056 -1.0810 1.2996 -0.0353 0.4588 0.5262 0.7151
1311868239.9799 -2.1090 -1.0769 1.2935 -0.0336 0.4554 0.5254 0.7179
1311868240.0122 -2.1131 -1.0739 1.2862 -0.0345 0.4524 0.5238 0.7209
1311868240.0480 -2.1160 -1.0682 1.2806 -0.0370 0.4503 0.5213 0.7239
1311868240.0799 -2.1190 -1.0636 1.2755 -0.0400 0.4502 0.5192 0.7254
1311868240.1118 -2.1229 -1.0585 1.2677 -0.0417 0.4497 0.5186 0.7260
1311868240.1478 -2.1262 -1.0510 1.2589 -0.0417 0.4484 0.5180 0.7273
1311868240.1800 -2.1303 -1.0476 1.2510 -0.0418 0.4469 0.5172 0.7287
1311868240.2119 -2.1341 -1.0435 1.2436 -0.0419 0.4451 0.5160 0.7307
1311868240.2478 -2.1387 -1.0383 1.2357 -0.0416 0.4438 0.5143 0.7327
1311868240.2798 -2.1455 -1.0347 1.2264 -0.0424 0.4418 0.5125 0.7351
1311868240.3119 -2.1512 -1.0313 1.2197 -0.0458 0.4402 0.5096 0.7379
1311868240.3477 -2.1536 -1.0253 1.2155 -0.0491 0.4401 0.5073 0.7392
1311868240.3798 -2.1584 -1.0208 1.2090 -0.0509 0.4407 0.5060 0.7397
1311868240.4121 -2.1645 -1.0185 1.2015 -0.0537 0.4402 0.5040 0.7411
1311868240.4479 -2.1699 -1.0151 1.1962 -0.0572 0.4388 0.5014 0.7435
1311868240.4800 -2.1736 -1.0104 1.1932 -0.0609 0.4384 0.4983 0.7455
1311868240.5122 -2.1786 -1.0070 1.1884 -0.0635 0.4382 0.4958 0.7471
1311868240.5477 -2.1845 -1.0043 1.1836 -0.0654 0.4367 0.4937 0.7492
1311868240.5797 -2.1887 -0.9991 1.1821 -0.0660 0.4354 0.4922 0.7509
1311868240.6118 -2.1942 -0.9965 1.1782 -0.0654 0.4344 0.4929 0.7511
1311868240.6479 -2.1997 -0.9936 1.1739 -0.0639 0.4323 0.4950 0.7510
1311868240.6798 -2.2036 -0.9904 1.1717 -0.0630 0.4302 0.4975 0.7507
1311868240.7119 -2.2054 -0.9844 1.1710 -0.0614 0.4295 0.4987 0.7504
1311868240.7480 -2.2105 -0.9832 1.1666 -0.0599 0.4297 0.4997 0.7497
1311868240.7799 -2.2134 -0.9799 1.1629 -0.0596 0.4288 0.4999 0.7501
1311868240.8119 -2.2164 -0.9784 1.1606 -0.0596 0.4286 0.4998 0.7503
1311868240.8798 -2.2187 -0.9764 1.1556 -0.0609 0.4305 0.5029 0.7470
1311868240.9120 -2.2218 -0.9801 1.1494 -0.0632 0.4307 0.5053 0.7450
1311868240.9479 -2.2229 -0.9845 1.1445 -0.0677 0.4291 0.5089 0.7432
1311868240.9800 -2.2182 -0.9801 1.1423 -0.0719 0.4260 0.5135 0.7414
1311868241.0120 -2.2116 -0.9744 1.1395 -0.0735 0.4254 0.5150 0.7406
1311868241.0479 -2.2066 -0.9745 1.1341 -0.0753 0.4249 0.5146 0.7409
1311868241.0800 -2.1981 -0.9726 1.1323 -0.0763 0.4251 0.5129 0.7418
1311868241.1118 -2.1920 -0.9745 1.1283 -0.0755 0.4274 0.5113 0.7418
1311868241.1480 -2.1874 -0.9769 1.1223 -0.0743 0.4287 0.5102 0.7419
1311868241.1798 -2.1811 -0.9787 1.1180 -0.0738 0.4300 0.5089 0.7421
1311868241.2119 -2.1774 -0.9848 1.1095 -0.0740 0.4305 0.5083 0.7422
1311868241.2478 -2.1711 -0.9887 1.1030 -0.0769 0.4291 0.5091 0.7422
1311868241.2800 -2.1609 -0.9899 1.1022 -0.0780 0.4299 0.5111 0.7401
1311868241.3118 -2.1540 -0.9946 1.0960 -0.0771 0.4302 0.5150 0.7374
1311868241.3482 -2.1454 -0.9955 1.0904 -0.0757 0.4287 0.5174 0.7368
1311868241.3800 -2.1359 -0.9967 1.0877 -0.0745 0.4282 0.5172 0.7372
1311868241.4119 -2.1283 -1.0011 1.0813 -0.0734 0.4280 0.5172 0.7375
1311868241.4478 -2.1200 -1.0029 1.0780 -0.0724 0.4280 0.5172 0.7376
1311868241.4799 -2.1121 -1.0059 1.0734 -0.0702 0.4280 0.5177 0.7375
1311868241.5122 -2.1034 -1.0078 1.0698 -0.0672 0.4274 0.5190 0.7372
1311868241.5799 -2.0877 -1.0154 1.0589 -0.0638 0.4269 0.5234 0.7346
1311868241.6120 -2.0790 -1.0146 1.0548 -0.0639 0.4265 0.5242 0.7343
1311868241.6480 -2.0720 -1.0154 1.0498 -0.0625 0.4269 0.5240 0.7344
1311868241.6800 -2.0649 -1.0174 1.0441 -0.0613 0.4259 0.5245 0.7347
1311868241.7126 -2.0589 -1.0183 1.0385 -0.0600 0.4245 0.5248 0.7354
1311868241.7480 -2.0511 -1.0190 1.0338 -0.0588 0.4225 0.5244 0.7369
1311868241.7799 -2.0435 -1.0211 1.0276 -0.0586 0.4208 0.5226 0.7392
1311868241.8118 -2.0357 -1.0232 1.0220 -0.0599 0.4197 0.5202 0.7414
1311868241.8480 -2.0283 -1.0234 1.0178 -0.0610 0.4202 0.5158 0.7441
1311868241.8799 -2.0222 -1.0252 1.0100 -0.0625 0.4205 0.5105 0.7475
1311868241.9120 -2.0149 -1.0246 1.0067 -0.0631 0.4212 0.5050 0.7507
1311868241.9478 -2.0118 -1.0258 0.9988 -0.0619 0.4211 0.5003 0.7540
1311868241.9799 -2.0083 -1.0267 0.9919 -0.0610 0.4193 0.4973 0.7571
1311868242.0119 -2.0038 -1.0275 0.9851 -0.0597 0.4168 0.4959 0.7595
1311868242.0479 -2.0001 -1.0286 0.9766 -0.0589 0.4132 0.4945 0.7625
1311868242.0800 -1.9971 -1.0288 0.9692 -0.0595 0.4087 0.4925 0.7660
1311868242.1119 -1.9926 -1.0271 0.9636 -0.0598 0.4055 0.4909 0.7688
1311868242.1479 -1.9888 -1.0263 0.9561 -0.0607 0.4027 0.4886 0.7716
1311868242.1800 -1.9851 -1.0254 0.9498 -0.0624 0.4009 0.4844 0.7751
1311868242.2122 -1.9824 -1.0236 0.9454 -0.0634 0.4005 0.4802 0.7778
1311868242.2479 -1.9817 -1.0246 0.9377 -0.0629 0.3999 0.4774 0.7799
1311868242.2800 -1.9820 -1.0249 0.9304 -0.0631 0.3975 0.4751 0.7825
1311868242.3121 -1.9799 -1.0242 0.9265 -0.0624 0.3950 0.4739 0.7845
1311868242.3479 -1.9798 -1.0247 0.9201 -0.0598 0.3919 0.4741 0.7862
1311868242.3799 -1.9791 -1.0241 0.9150 -0.0574 0.3877 0.4749 0.7880
1311868242.4120 -1.9765 -1.0204 0.9135 -0.0548 0.3847 0.4744 0.7899
1311868242.4479 -1.9742 -1.0182 0.9092 -0.0525 0.3826 0.4723 0.7923
1311868242.4800 -1.9738 -1.0162 0.9061 -0.0524 0.3814 0.4675 0.7958
1311868242.5120 -1.9716 -1.0133 0.9036 -0.0522 0.3812 0.4626 0.7987
1311868242.5801 -1.9723 -1.0116 0.8970 -0.0507 0.3785 0.4612 0.8009
1311868242.6123 -1.9731 -1.0126 0.8931 -0.0480 0.3745 0.4630 0.8019
1311868242.6799 -1.9704 -1.0064 0.8905 -0.0446 0.3650 0.4611 0.8076
1311868242.7123 -1.9647 -0.9982 0.8928 -0.0435 0.3641 0.4582 0.8097
1311868242.7479 -1.9621 -0.9942 0.8915 -0.0416 0.3680 0.4555 0.8096
1311868242.7800 -1.9612 -0.9926 0.8889 -0.0406 0.3730 0.4540 0.8081
1311868242.8480 -1.9642 -0.9933 0.8783 -0.0393 0.3799 0.4551 0.8044
1311868242.8799 -1.9609 -0.9894 0.8781 -0.0399 0.3809 0.4551 0.8039
1311868242.9120 -1.9604 -0.9876 0.8751 -0.0396 0.3828 0.4531 0.8041
1311868242.9481 -1.9614 -0.9842 0.8728 -0.0408 0.3844 0.4518 0.8040
1311868243.0122 -1.9569 -0.9764 0.8709 -0.0373 0.3887 0.4555 0.8000
1311868243.0481 -1.9596 -0.9760 0.8656 -0.0345 0.3891 0.4577 0.7987
1311868243.0800 -1.9603 -0.9719 0.8638 -0.0326 0.3881 0.4609 0.7974
1311868243.1119 -1.9577 -0.9683 0.8627 -0.0311 0.3882 0.4637 0.7958
1311868243.1481 -1.9570 -0.9648 0.8601 -0.0307 0.3885 0.4642 0.7954
1311868243.1801 -1.9539 -0.9601 0.8594 -0.0311 0.3893 0.4620 0.7962
1311868243.2120 -1.9532 -0.9583 0.8569 -0.0312 0.3914 0.4592 0.7968
1311868243.2481 -1.9538 -0.9567 0.8532 -0.0305 0.3924 0.4583 0.7969
1311868243.2800 -1.9519 -0.9551 0.8488 -0.0292 0.3915 0.4589 0.7970
1311868243.3120 -1.9520 -0.9540 0.8436 -0.0275 0.3891 0.4588 0.7984
1311868243.3481 -1.9517 -0.9508 0.8413 -0.0263 0.3863 0.4572 0.8007
1311868243.4119 -1.9521 -0.9445 0.8333 -0.0264 0.3844 0.4498 0.8058
1311868243.4482 -1.9506 -0.9396 0.8301 -0.0279 0.3848 0.4459 0.8076
1311868243.4801 -1.9507 -0.9352 0.8253 -0.0288 0.3862 0.4428 0.8087
1311868243.5481 -1.9530 -0.9303 0.8129 -0.0302 0.3844 0.4380 0.8121
1311868243.5800 -1.9546 -0.9274 0.8067 -0.0300 0.3802 0.4355 0.8154
1311868243.6120 -1.9572 -0.9252 0.7992 -0.0303 0.3737 0.4328 0.8198
1311868243.6481 -1.9595 -0.9203 0.7914 -0.0315 0.3662 0.4306 0.8243
1311868243.6800 -1.9601 -0.9151 0.7845 -0.0333 0.3599 0.4286 0.8280
1311868243.7120 -1.9592 -0.9080 0.7779 -0.0362 0.3552 0.4252 0.8317
1311868243.7479 -1.9580 -0.8990 0.7710 -0.0402 0.3521 0.4207 0.8351
1311868243.7800 -1.9581 -0.8925 0.7642 -0.0439 0.3512 0.4185 0.8364
1311868243.8119 -1.9594 -0.8869 0.7559 -0.0464 0.3504 0.4200 0.8359
1311868243.8482 -1.9597 -0.8806 0.7492 -0.0480 0.3488 0.4219 0.8355
1311868243.8801 -1.9603 -0.8770 0.7416 -0.0491 0.3458 0.4215 0.8369
1311868243.9121 -1.9623 -0.8730 0.7341 -0.0497 0.3413 0.4193 0.8398
1311868243.9482 -1.9636 -0.8691 0.7277 -0.0496 0.3362 0.4174 0.8428
1311868243.9800 -1.9662 -0.8644 0.7208 -0.0490 0.3304 0.4156 0.8460
1311868244.0121 -1.9668 -0.8586 0.7161 -0.0486 0.3253 0.4134 0.8491
1311868244.0481 -1.9673 -0.8519 0.7115 -0.0478 0.3213 0.4115 0.8516
1311868244.0801 -1.9663 -0.8451 0.7085 -0.0456 0.3187 0.4106 0.8531
1311868244.1122 -1.9672 -0.8391 0.7041 -0.0422 0.3171 0.4092 0.8545
1311868244.1481 -1.9705 -0.8333 0.6989 -0.0401 0.3160 0.4065 0.8563
1311868244.2120 -1.9758 -0.8205 0.6889 -0.0365 0.3157 0.3995 0.8599
1311868244.2480 -1.9798 -0.8143 0.6845 -0.0359 0.3136 0.3972 0.8617
1311868244.3122 -1.9937 -0.8054 0.6711 -0.0376 0.3031 0.3916 0.8680
1311868244.3483 -1.9948 -0.7973 0.6709 -0.0403 0.2978 0.3910 0.8699
1311868244.3800 -1.9925 -0.7866 0.6726 -0.0402 0.2966 0.3918 0.8700
1311868244.4121 -1.9967 -0.7799 0.6685 -0.0408 0.2981 0.3916 0.8696
1311868244.4482 -1.9953 -0.7695 0.6687 -0.0418 0.3004 0.3915 0.8688
1311868244.4801 -1.9986 -0.7660 0.6633 -0.0420 0.3041 0.3920 0.8672
1311868244.5123 -2.0018 -0.7610 0.6585 -0.0423 0.3063 0.3916 0.8666
1311868244.5483 -2.0025 -0.7544 0.6545 -0.0424 0.3072 0.3903 0.8669
1311868244.5801 -2.0076 -0.7518 0.6469 -0.0421 0.3076 0.3905 0.8667
1311868244.6123 -2.0076 -0.7447 0.6445 -0.0420 0.3055 0.3913 0.8671
1311868244.6482 -2.0103 -0.7411 0.6388 -0.0411 0.3023 0.3906 0.8685
1311868244.7121 -2.0126 -0.7259 0.6374 -0.0427 0.2973 0.3904 0.8703
1311868244.7483 -2.0078 -0.7146 0.6391 -0.0421 0.2986 0.3933 0.8685
1311868244.7800 -2.0076 -0.7085 0.6361 -0.0420 0.3020 0.3968 0.8658
1311868244.8121 -2.0097 -0.7045 0.6314 -0.0440 0.3046 0.4012 0.8627
1311868244.8481 -2.0036 -0.6946 0.6338 -0.0453 0.3069 0.4041 0.8605
1311868244.8804 -2.0049 -0.6921 0.6289 -0.0470 0.3102 0.4046 0.8590
1311868244.9122 -2.0045 -0.6854 0.6262 -0.0496 0.3116 0.4039 0.8587
1311868244.9481 -2.0016 -0.6795 0.6250 -0.0521 0.3126 0.4028 0.8587
1311868244.9801 -2.0037 -0.6761 0.6203 -0.0548 0.3135 0.4019 0.8586
1311868245.0123 -2.0022 -0.6710 0.6190 -0.0589 0.3128 0.4012 0.8589
1311868245.0483 -1.9977 -0.6632 0.6212 -0.0621 0.3118 0.3999 0.8596
1311868245.0802 -1.9921 -0.6552 0.6241 -0.0630 0.3126 0.3976 0.8604
1311868245.1123 -1.9914 -0.6502 0.6221 -0.0636 0.3147 0.3963 0.8602
1311868245.1482 -1.9868 -0.6432 0.6236 -0.0643 0.3179 0.3965 0.8589
1311868245.1799 -1.9802 -0.6365 0.6233 -0.0634 0.3214 0.3961 0.8578
1311868245.2122 -1.9768 -0.6318 0.6187 -0.0613 0.3225 0.3950 0.8580
1311868245.2483 -1.9757 -0.6297 0.6117 -0.0585 0.3199 0.3956 0.8589
1311868245.2802 -1.9707 -0.6240 0.6102 -0.0558 0.3150 0.3954 0.8610
1311868245.3122 -1.9662 -0.6194 0.6093 -0.0526 0.3110 0.3937 0.8634
1311868245.3482 -1.9598 -0.6129 0.6090 -0.0502 0.3082 0.3923 0.8652
1311868245.3801 -1.9536 -0.6072 0.6062 -0.0474 0.3072 0.3904 0.8666
1311868245.4122 -1.9517 -0.6049 0.6008 -0.0458 0.3065 0.3881 0.8680
1311868245.4482 -1.9479 -0.6000 0.5987 -0.0443 0.3048 0.3874 0.8689
1311868245.4801 -1.9406 -0.5922 0.5975 -0.0407 0.3026 0.3875 0.8698
1311868245.5123 -1.9404 -0.5902 0.5906 -0.0366 0.2997 0.3877 0.8709
1311868245.5482 -1.9385 -0.5855 0.5887 -0.0345 0.2955 0.3867 0.8729
1311868245.5803 -1.9342 -0.5762 0.5846 -0.0315 0.2920 0.3845 0.8752
1311868245.6123 -1.9370 -0.5704 0.5792 -0.0311 0.2918 0.3843 0.8753
1311868245.6482 -1.9344 -0.5620 0.5776 -0.0327 0.2930 0.3869 0.8737
1311868245.6802 -1.9288 -0.5532 0.5760 -0.0344 0.2953 0.3902 0.8714
1311868245.7161 -1.9267 -0.5479 0.5719 -0.0347 0.2978 0.3943 0.8687
1311868245.7482 -1.9237 -0.5403 0.5662 -0.0334 0.2968 0.3996 0.8667
1311868245.7802 -1.9206 -0.5324 0.5606 -0.0315 0.2927 0.4036 0.8663
1311868245.8163 -1.9175 -0.5252 0.5574 -0.0303 0.2876 0.4059 0.8670
1311868245.8482 -1.9177 -0.5185 0.5517 -0.0293 0.2832 0.4078 0.8675
1311868245.8802 -1.9167 -0.5113 0.5476 -0.0299 0.2789 0.4093 0.8682
1311868245.9162 -1.9149 -0.5032 0.5445 -0.0314 0.2765 0.4089 0.8691
1311868245.9482 -1.9122 -0.4961 0.5406 -0.0330 0.2752 0.4079 0.8700
1311868245.9803 -1.9135 -0.4894 0.5325 -0.0357 0.2728 0.4065 0.8713
1311868246.0161 -1.9113 -0.4825 0.5296 -0.0389 0.2710 0.4033 0.8731
1311868246.0482 -1.9127 -0.4772 0.5221 -0.0420 0.2684 0.3994 0.8756
1311868246.0803 -1.9133 -0.4718 0.5181 -0.0451 0.2653 0.3964 0.8778
1311868246.1162 -1.9145 -0.4664 0.5125 -0.0469 0.2621 0.3949 0.8793
1311868246.1482 -1.9153 -0.4611 0.5054 -0.0481 0.2578 0.3946 0.8806
1311868246.1802 -1.9160 -0.4544 0.4994 -0.0499 0.2539 0.3937 0.8821
1311868246.2161 -1.9171 -0.4494 0.4961 -0.0515 0.2533 0.3924 0.8827
1311868246.2481 -1.9189 -0.4442 0.4887 -0.0523 0.2535 0.3932 0.8823
1311868246.2802 -1.9194 -0.4369 0.4817 -0.0529 0.2537 0.3930 0.8822
1311868246.3162 -1.9203 -0.4306 0.4751 -0.0541 0.2545 0.3914 0.8827
1311868246.3481 -1.9229 -0.4276 0.4687 -0.0546 0.2550 0.3905 0.8829
1311868246.3802 -1.9277 -0.4242 0.4597 -0.0551 0.2531 0.3897 0.8838
1311868246.4161 -1.9316 -0.4195 0.4532 -0.0561 0.2507 0.3891 0.8847
1311868246.4483 -1.9354 -0.4141 0.4470 -0.0573 0.2495 0.3891 0.8849
1311868246.4804 -1.9389 -0.4087 0.4401 -0.0588 0.2495 0.3897 0.8846
1311868246.5162 -1.9414 -0.4029 0.4361 -0.0606 0.2499 0.3903 0.8841
1311868246.5484 -1.9453 -0.3975 0.4284 -0.0615 0.2498 0.3904 0.8840
1311868246.5802 -1.9492 -0.3922 0.4227 -0.0634 0.2493 0.3901 0.8841
1311868246.6161 -1.9528 -0.3865 0.4186 -0.0650 0.2502 0.3901 0.8837
1311868246.6483 -1.9581 -0.3826 0.4122 -0.0662 0.2513 0.3913 0.8828
1311868246.6803 -1.9617 -0.3779 0.4061 -0.0683 0.2508 0.3932 0.8819
1311868246.7163 -1.9624 -0.3723 0.4038 -0.0694 0.2515 0.3949 0.8809
1311868246.7489 -1.9659 -0.3682 0.3975 -0.0700 0.2527 0.3961 0.8800
1311868246.7804 -1.9668 -0.3635 0.3931 -0.0713 0.2532 0.3955 0.8800
1311868246.8162 -1.9693 -0.3599 0.3881 -0.0719 0.2546 0.3941 0.8802
1311868246.8484 -1.9727 -0.3574 0.3829 -0.0727 0.2564 0.3937 0.8798
1311868246.8803 -1.9744 -0.3545 0.3791 -0.0732 0.2582 0.3953 0.8785
1311868246.9162 -1.9742 -0.3509 0.3754 -0.0731 0.2595 0.3968 0.8774
1311868246.9482 -1.9739 -0.3469 0.3699 -0.0728 0.2604 0.3968 0.8772
1311868246.9803 -1.9741 -0.3443 0.3668 -0.0731 0.2620 0.3962 0.8770
1311868247.0162 -1.9746 -0.3430 0.3628 -0.0734 0.2640 0.3975 0.8757
1311868247.0484 -1.9722 -0.3396 0.3602 -0.0738 0.2655 0.3994 0.8744
1311868247.0802 -1.9694 -0.3376 0.3570 -0.0743 0.2670 0.4003 0.8735
1311868247.1163 -1.9672 -0.3370 0.3572 -0.0744 0.2690 0.4018 0.8722
1311868247.1484 -1.9651 -0.3366 0.3526 -0.0741 0.2695 0.4034 0.8713
1311868247.1803 -1.9588 -0.3351 0.3522 -0.0741 0.2684 0.4039 0.8714
1311868247.2164 -1.9547 -0.3353 0.3495 -0.0736 0.2672 0.4035 0.8720
1311868247.2482 -1.9486 -0.3352 0.3497 -0.0733 0.2668 0.4032 0.8723
1311868247.2803 -1.9456 -0.3358 0.3462 -0.0723 0.2669 0.4043 0.8718
1311868247.3163 -1.9393 -0.3350 0.3438 -0.0725 0.2658 0.4049 0.8719
1311868247.3483 -1.9320 -0.3337 0.3434 -0.0730 0.2655 0.4036 0.8725
1311868247.3806 -1.9254 -0.3332 0.3411 -0.0735 0.2663 0.4017 0.8731
1311868247.4163 -1.9198 -0.3333 0.3411 -0.0745 0.2673 0.4002 0.8734
1311868247.4483 -1.9137 -0.3339 0.3422 -0.0749 0.2680 0.3990 0.8737
1311868247.4804 -1.9063 -0.3337 0.3419 -0.0752 0.2670 0.3976 0.8747
1311868247.5161 -1.8973 -0.3340 0.3455 -0.0752 0.2667 0.3959 0.8755
1311868247.5485 -1.8899 -0.3351 0.3455 -0.0740 0.2668 0.3957 0.8757
1311868247.5802 -1.8821 -0.3354 0.3480 -0.0726 0.2659 0.3965 0.8757
1311868247.6164 -1.8720 -0.3353 0.3483 -0.0700 0.2647 0.3965 0.8763
1311868247.6482 -1.8659 -0.3350 0.3489 -0.0671 0.2640 0.3971 0.8764
1311868247.6804 -1.8568 -0.3362 0.3493 -0.0653 0.2631 0.3987 0.8761
1311868247.7162 -1.8460 -0.3360 0.3477 -0.0638 0.2615 0.3997 0.8762
1311868247.7483 -1.8338 -0.3357 0.3466 -0.0638 0.2597 0.3986 0.8773
1311868247.7804 -1.8247 -0.3350 0.3479 -0.0637 0.2602 0.3957 0.8784
1311868247.8162 -1.8130 -0.3362 0.3470 -0.0648 0.2608 0.3927 0.8795
1311868247.8484 -1.8005 -0.3386 0.3474 -0.0663 0.2619 0.3903 0.8802
1311868247.8802 -1.7906 -0.3396 0.3495 -0.0668 0.2634 0.3881 0.8806
1311868247.9162 -1.7806 -0.3413 0.3502 -0.0664 0.2643 0.3866 0.8811
1311868247.9482 -1.7705 -0.3435 0.3506 -0.0660 0.2641 0.3866 0.8811
1311868247.9802 -1.7608 -0.3446 0.3529 -0.0651 0.2641 0.3875 0.8808
1311868248.0162 -1.7528 -0.3453 0.3544 -0.0640 0.2639 0.3884 0.8806
1311868248.0482 -1.7425 -0.3468 0.3565 -0.0628 0.2625 0.3887 0.8809
1311868248.0803 -1.7339 -0.3479 0.3569 -0.0604 0.2602 0.3879 0.8821
1311868248.1162 -1.7264 -0.3491 0.3567 -0.0591 0.2566 0.3873 0.8835
1311868248.1483 -1.7164 -0.3481 0.3559 -0.0588 0.2527 0.3868 0.8849
1311868248.1804 -1.7061 -0.3507 0.3602 -0.0591 0.2513 0.3878 0.8849
1311868248.2164 -1.6990 -0.3502 0.3574 -0.0570 0.2493 0.3898 0.8847
1311868248.2483 -1.6870 -0.3493 0.3540 -0.0579 0.2448 0.3905 0.8856
1311868248.2803 -1.6745 -0.3482 0.3579 -0.0590 0.2427 0.3886 0.8869
1311868248.3162 -1.6663 -0.3476 0.3557 -0.0592 0.2420 0.3858 0.8883
1311868248.3483 -1.6570 -0.3468 0.3528 -0.0613 0.2404 0.3839 0.8894
1311868248.3805 -1.6477 -0.3458 0.3540 -0.0636 0.2388 0.3827 0.8902
1311868248.4163 -1.6380 -0.3455 0.3564 -0.0644 0.2374 0.3823 0.8907
1311868248.4484 -1.6288 -0.3440 0.3509 -0.0645 0.2336 0.3820 0.8918
1311868248.4804 -1.6189 -0.3410 0.3546 -0.0659 0.2296 0.3811 0.8931
1311868248.5163 -1.6073 -0.3397 0.3555 -0.0657 0.2259 0.3793 0.8949
1311868248.5483 -1.5968 -0.3390 0.3546 -0.0661 0.2217 0.3770 0.8968
1311868248.5803 -1.5831 -0.3388 0.3560 -0.0664 0.2184 0.3743 0.8988
1311868248.6164 -1.5712 -0.3367 0.3497 -0.0673 0.2146 0.3699 0.9014
1311868248.6485 -1.5621 -0.3369 0.3526 -0.0709 0.2142 0.3639 0.9037
1311868248.6804 -1.5489 -0.3394 0.3525 -0.0744 0.2158 0.3580 0.9054
1311868248.7165 -1.5393 -0.3373 0.3420 -0.0767 0.2146 0.3523 0.9077
1311868248.7485 -1.5281 -0.3366 0.3393 -0.0814 0.2113 0.3478 0.9098
1311868248.7803 -1.5115 -0.3393 0.3385 -0.0842 0.2058 0.3462 0.9114
1311868248.8165 -1.5028 -0.3380 0.3336 -0.0851 0.1990 0.3460 0.9129
1311868248.8483 -1.4679 -0.3508 0.3351 -0.0937 0.1869 0.3481 0.9139
1311868248.8804 -1.4573 -0.3508 0.3353 -0.0942 0.1823 0.3499 0.9140
1311868248.9165 -1.4483 -0.3506 0.3345 -0.0949 0.1811 0.3511 0.9138
1311868248.9483 -1.4381 -0.3508 0.3359 -0.0959 0.1839 0.3522 0.9126
1311868248.9804 -1.4263 -0.3497 0.3307 -0.0972 0.1873 0.3514 0.9121
1311868249.0165 -1.4162 -0.3489 0.3296 -0.0990 0.1912 0.3500 0.9117
1311868249.0483 -1.4046 -0.3479 0.3263 -0.0993 0.1944 0.3484 0.9116
1311868249.0807 -1.3944 -0.3460 0.3184 -0.1007 0.1945 0.3477 0.9117
1311868249.1163 -1.3850 -0.3436 0.3182 -0.1027 0.1945 0.3480 0.9113
1311868249.1485 -1.3761 -0.3426 0.3172 -0.1041 0.1944 0.3479 0.9112
1311868249.1805 -1.3683 -0.3412 0.3158 -0.1060 0.1941 0.3466 0.9116
1311868249.2164 -1.3634 -0.3422 0.3219 -0.1071 0.1966 0.3466 0.9109
1311868249.2482 -1.3522 -0.3395 0.3190 -0.1059 0.1967 0.3473 0.9107
1311868249.2807 -1.3456 -0.3394 0.3188 -0.1054 0.1969 0.3473 0.9108
1311868249.3166 -1.3389 -0.3397 0.3213 -0.1046 0.1971 0.3466 0.9111
1311868249.3484 -1.3319 -0.3415 0.3220 -0.1030 0.1975 0.3460 0.9114
1311868249.3806 -1.3250 -0.3438 0.3221 -0.1019 0.1974 0.3461 0.9115
1311868249.4165 -1.3179 -0.3455 0.3232 -0.1009 0.1974 0.3461 0.9116
1311868249.4483 -1.3111 -0.3486 0.3254 -0.0996 0.1979 0.3464 0.9115
1311868249.4804 -1.3040 -0.3511 0.3268 -0.0982 0.1986 0.3462 0.9116
1311868249.5163 -1.2984 -0.3540 0.3303 -0.0974 0.2013 0.3446 0.9117
1311868249.5483 -1.2914 -0.3572 0.3329 -0.0961 0.2048 0.3426 0.9119
1311868249.5803 -1.2852 -0.3603 0.3344 -0.0943 0.2076 0.3407 0.9121
1311868249.6163 -1.2790 -0.3636 0.3357 -0.0928 0.2090 0.3407 0.9119
1311868249.6484 -1.2724 -0.3664 0.3378 -0.0918 0.2089 0.3419 0.9116
1311868249.6807 -1.2648 -0.3696 0.3396 -0.0923 0.2070 0.3419 0.9120
1311868249.7163 -1.2579 -0.3733 0.3424 -0.0936 0.2051 0.3421 0.9122
1311868249.7483 -1.2502 -0.3766 0.3479 -0.0951 0.2041 0.3434 0.9118
1311868249.7807 -1.2419 -0.3799 0.3522 -0.0949 0.2041 0.3442 0.9115
1311868249.8166 -1.2338 -0.3838 0.3571 -0.0953 0.2050 0.3433 0.9116
1311868249.8483 -1.2254 -0.3886 0.3616 -0.0952 0.2068 0.3425 0.9115
1311868249.8805 -1.2176 -0.3926 0.3649 -0.0941 0.2089 0.3430 0.9110
1311868249.9166 -1.2108 -0.3967 0.3690 -0.0931 0.2110 0.3437 0.9103
1311868249.9483 -1.2029 -0.4010 0.3742 -0.0919 0.2131 0.3442 0.9098
1311868249.9803 -1.1955 -0.4067 0.3775 -0.0903 0.2151 0.3439 0.9096
1311868250.0164 -1.1883 -0.4124 0.3804 -0.0893 0.2170 0.3429 0.9096
1311868250.0486 -1.1819 -0.4171 0.3841 -0.0883 0.2192 0.3422 0.9094
1311868250.0805 -1.1753 -0.4223 0.3884 -0.0876 0.2209 0.3414 0.9094
1311868250.1165 -1.1685 -0.4277 0.3927 -0.0868 0.2225 0.3390 0.9099
1311868250.1486 -1.1637 -0.4322 0.3964 -0.0857 0.2239 0.3374 0.9103
1311868250.1805 -1.1587 -0.4365 0.4022 -0.0845 0.2237 0.3381 0.9103
1311868250.2164 -1.1536 -0.4416 0.4057 -0.0829 0.2218 0.3397 0.9102
1311868250.2486 -1.1470 -0.4470 0.4097 -0.0822 0.2193 0.3404 0.9106
1311868250.2804 -1.1399 -0.4521 0.4133 -0.0806 0.2180 0.3408 0.9110
1311868250.3165 -1.1349 -0.4565 0.4164 -0.0782 0.2176 0.3424 0.9107
1311868250.3490 -1.1293 -0.4608 0.4187 -0.0765 0.2168 0.3437 0.9105
1311868250.3806 -1.1230 -0.4655 0.4216 -0.0755 0.2169 0.3424 0.9111
1311868250.4164 -1.1190 -0.4692 0.4246 -0.0741 0.2180 0.3402 0.9117
1311868250.4483 -1.1154 -0.4730 0.4281 -0.0728 0.2188 0.3398 0.9118
1311868250.4804 -1.1109 -0.4782 0.4308 -0.0721 0.2188 0.3386 0.9123
1311868250.5164 -1.1080 -0.4816 0.4341 -0.0714 0.2185 0.3356 0.9135
1311868250.5487 -1.1055 -0.4859 0.4382 -0.0703 0.2161 0.3363 0.9139
1311868250.5804 -1.1015 -0.4904 0.4408 -0.0690 0.2118 0.3402 0.9136
1311868250.6164 -1.0951 -0.4947 0.4426 -0.0679 0.2084 0.3429 0.9134
1311868250.6488 -1.0879 -0.4992 0.4424 -0.0672 0.2068 0.3424 0.9140
1311868250.6805 -1.0829 -0.5041 0.4433 -0.0665 0.2083 0.3409 0.9143
1311868250.7165 -1.0805 -0.5075 0.4451 -0.0644 0.2109 0.3410 0.9138
1311868250.7484 -1.0786 -0.5109 0.4465 -0.0623 0.2122 0.3404 0.9139
1311868250.7806 -1.0767 -0.5140 0.4479 -0.0607 0.2120 0.3383 0.9148
1311868250.8164 -1.0731 -0.5194 0.4489 -0.0595 0.2116 0.3368 0.9156
1311868250.8484 -1.0709 -0.5224 0.4491 -0.0566 0.2119 0.3359 0.9160
1311868250.8805 -1.0699 -0.5230 0.4486 -0.0547 0.2122 0.3347 0.9165
1311868250.9164 -1.0660 -0.5269 0.4491 -0.0550 0.2130 0.3334 0.9168
1311868250.9487 -1.0628 -0.5320 0.4502 -0.0534 0.2157 0.3303 0.9174
1311868250.9805 -1.0669 -0.5314 0.4494 -0.0489 0.2180 0.3267 0.9183
1311868251.0164 -1.0692 -0.5315 0.4494 -0.0472 0.2168 0.3237 0.9198
1311868251.0486 -1.0707 -0.5308 0.4494 -0.0460 0.2139 0.3213 0.9214
1311868251.0805 -1.0711 -0.5291 0.4486 -0.0459 0.2103 0.3203 0.9225
1311868251.1165 -1.0695 -0.5284 0.4482 -0.0465 0.2080 0.3209 0.9228
1311868251.1484 -1.0687 -0.5263 0.4467 -0.0465 0.2078 0.3223 0.9224
1311868251.1806 -1.0676 -0.5244 0.4452 -0.0475 0.2089 0.3223 0.9221
1311868251.2164 -1.0673 -0.5225 0.4436 -0.0487 0.2109 0.3207 0.9221
1311868251.2484 -1.0686 -0.5191 0.4420 -0.0501 0.2127 0.3187 0.9223
1311868251.2804 -1.0688 -0.5171 0.4415 -0.0522 0.2136 0.3163 0.9228
1311868251.3169 -1.0696 -0.5139 0.4402 -0.0532 0.2138 0.3140 0.9235
1311868251.3485 -1.0702 -0.5090 0.4381 -0.0541 0.2139 0.3137 0.9235
1311868251.3808 -1.0702 -0.5042 0.4366 -0.0548 0.2142 0.3152 0.9229
1311868251.4169 -1.0697 -0.4999 0.4354 -0.0553 0.2142 0.3158 0.9227
1311868251.4488 -1.0696 -0.4939 0.4329 -0.0546 0.2136 0.3150 0.9231
1311868251.4806 -1.0703 -0.4892 0.4294 -0.0551 0.2131 0.3149 0.9232
1311868251.5165 -1.0706 -0.4846 0.4261 -0.0559 0.2122 0.3164 0.9229
1311868251.5487 -1.0691 -0.4804 0.4228 -0.0573 0.2111 0.3176 0.9227
1311868251.5808 -1.0677 -0.4764 0.4188 -0.0573 0.2110 0.3191 0.9222
1311868251.6166 -1.0676 -0.4726 0.4142 -0.0565 0.2112 0.3209 0.9215
1311868251.6490 -1.0665 -0.4684 0.4089 -0.0550 0.2107 0.3213 0.9216
1311868251.6811 -1.0673 -0.4603 0.4019 -0.0531 0.2095 0.3198 0.9225
1311868251.7165 -1.0659 -0.4564 0.3969 -0.0542 0.2086 0.3171 0.9236
1311868251.7487 -1.0641 -0.4513 0.3906 -0.0547 0.2083 0.3133 0.9249
1311868251.7806 -1.0627 -0.4451 0.3841 -0.0553 0.2095 0.3108 0.9255
1311868251.8167 -1.0624 -0.4384 0.3779 -0.0559 0.2104 0.3106 0.9253
1311868251.8487 -1.0608 -0.4341 0.3728 -0.0572 0.2101 0.3113 0.9250
1311868251.8812 -1.0593 -0.4272 0.3669 -0.0575 0.2086 0.3117 0.9252
1311868251.9166 -1.0555 -0.4218 0.3609 -0.0588 0.2069 0.3110 0.9258
1311868251.9488 -1.0530 -0.4159 0.3539 -0.0595 0.2058 0.3098 0.9264
1311868251.9805 -1.0480 -0.4111 0.3479 -0.0602 0.2047 0.3084 0.9270
1311868252.0166 -1.0439 -0.4055 0.3403 -0.0585 0.2052 0.3072 0.9274
1311868252.0487 -1.0419 -0.3967 0.3317 -0.0568 0.2053 0.3053 0.9281
1311868252.0811 -1.0396 -0.3917 0.3247 -0.0573 0.2051 0.3033 0.9288
1311868252.1167 -1.0369 -0.3866 0.3172 -0.0569 0.2039 0.3018 0.9296
1311868252.1487 -1.0339 -0.3802 0.3089 -0.0565 0.2017 0.2996 0.9308
1311868252.1806 -1.0303 -0.3728 0.3002 -0.0566 0.1996 0.2963 0.9323
1311868252.2167 -1.0260 -0.3671 0.2924 -0.0569 0.1991 0.2925 0.9336
1311868252.2491 -1.0238 -0.3590 0.2833 -0.0565 0.1990 0.2880 0.9350
1311868252.2807 -1.0215 -0.3533 0.2762 -0.0575 0.1992 0.2823 0.9367
1311868252.3166 -1.0205 -0.3458 0.2670 -0.0575 0.1996 0.2767 0.9382
1311868252.3486 -1.0184 -0.3370 0.2592 -0.0586 0.1994 0.2724 0.9395
1311868252.3807 -1.0166 -0.3280 0.2513 -0.0592 0.1985 0.2696 0.9404
1311868252.4167 -1.0147 -0.3192 0.2444 -0.0603 0.1965 0.2684 0.9411
1311868252.4488 -1.0128 -0.3098 0.2377 -0.0607 0.1933 0.2686 0.9417
1311868252.4806 -1.0111 -0.3015 0.2311 -0.0619 0.1897 0.2704 0.9418
1311868252.5166 -1.0074 -0.2937 0.2253 -0.0627 0.1862 0.2724 0.9419
1311868252.5500 -1.0052 -0.2853 0.2182 -0.0625 0.1832 0.2738 0.9421
1311868252.5807 -1.0025 -0.2766 0.2112 -0.0636 0.1805 0.2742 0.9424
1311868252.6166 -0.9997 -0.2679 0.2048 -0.0648 0.1792 0.2754 0.9423
1311868252.6491 -0.9977 -0.2605 0.1985 -0.0667 0.1788 0.2764 0.9419
1311868252.6807 -0.9943 -0.2514 0.1926 -0.0684 0.1784 0.2758 0.9420
1311868252.7166 -0.9926 -0.2449 0.1879 -0.0705 0.1790 0.2757 0.9418
1311868252.7487 -0.9914 -0.2375 0.1822 -0.0717 0.1790 0.2769 0.9414
1311868252.7807 -0.9899 -0.2300 0.1777 -0.0731 0.1782 0.2786 0.9409
1311868252.8167 -0.9867 -0.2226 0.1732 -0.0746 0.1768 0.2797 0.9407
1311868252.8487 -0.9852 -0.2168 0.1704 -0.0761 0.1764 0.2802 0.9405
1311868252.8807 -0.9814 -0.2079 0.1671 -0.0763 0.1758 0.2818 0.9401
1311868252.9166 -0.9785 -0.2026 0.1643 -0.0771 0.1758 0.2839 0.9394
1311868252.9487 -0.9765 -0.1955 0.1630 -0.0774 0.1756 0.2839 0.9395
1311868252.9807 -0.9720 -0.1914 0.1633 -0.0780 0.1756 0.2853 0.9390
1311868253.0167 -0.9662 -0.1890 0.1586 -0.0793 0.1745 0.2869 0.9386
1311868253.0488 -0.9669 -0.1860 0.1587 -0.0799 0.1753 0.2872 0.9383
1311868253.0808 -0.9592 -0.1759 0.1545 -0.0779 0.1744 0.2883 0.9383
1311868253.1167 -0.9533 -0.1685 0.1506 -0.0770 0.1742 0.2901 0.9378
1311868253.1488 -0.9508 -0.1656 0.1498 -0.0782 0.1753 0.2925 0.9368
1311868253.1819 -0.9454 -0.1621 0.1472 -0.0805 0.1758 0.2948 0.9358
1311868253.2166 -0.9411 -0.1553 0.1446 -0.0813 0.1762 0.2953 0.9355
1311868253.2487 -0.9382 -0.1511 0.1432 -0.0833 0.1774 0.2934 0.9357
1311868253.2807 -0.9341 -0.1457 0.1427 -0.0853 0.1795 0.2907 0.9359
1311868253.3167 -0.9288 -0.1408 0.1407 -0.0871 0.1815 0.2910 0.9353
1311868253.3488 -0.9225 -0.1349 0.1392 -0.0878 0.1826 0.2918 0.9348
1311868253.3811 -0.9130 -0.1306 0.1366 -0.0890 0.1819 0.2918 0.9348
1311868253.4168 -0.9071 -0.1262 0.1371 -0.0900 0.1824 0.2916 0.9347
1311868253.4487 -0.8994 -0.1232 0.1357 -0.0910 0.1829 0.2928 0.9341
1311868253.4809 -0.8904 -0.1184 0.1317 -0.0927 0.1819 0.2941 0.9337
1311868253.5167 -0.8828 -0.1146 0.1332 -0.0942 0.1819 0.2942 0.9335
1311868253.5485 -0.8729 -0.1086 0.1326 -0.0942 0.1806 0.2938 0.9339
1311868253.5815 -0.8644 -0.1043 0.1353 -0.0938 0.1798 0.2926 0.9345
1311868253.6167 -0.8590 -0.1023 0.1385 -0.0926 0.1802 0.2910 0.9350
1311868253.6487 -0.8480 -0.0955 0.1384 -0.0891 0.1786 0.2909 0.9357
1311868253.6806 -0.8439 -0.0933 0.1363 -0.0846 0.1777 0.2924 0.9358
1311868253.7168 -0.8370 -0.0873 0.1305 -0.0819 0.1739 0.2925 0.9367
1311868253.7488 -0.8300 -0.0835 0.1311 -0.0819 0.1717 0.2923 0.9372
1311868253.7808 -0.8278 -0.0825 0.1289 -0.0816 0.1722 0.2945 0.9365
1311868253.8167 -0.8248 -0.0778 0.1279 -0.0813 0.1727 0.2964 0.9358
1311868253.8487 -0.8144 -0.0720 0.1288 -0.0816 0.1715 0.2958 0.9362
1311868253.8810 -0.8096 -0.0641 0.1228 -0.0802 0.1699 0.2972 0.9362
1311868253.9169 -0.8060 -0.0620 0.1227 -0.0813 0.1690 0.2978 0.9360
1311868253.9488 -0.8004 -0.0573 0.1214 -0.0816 0.1677 0.2987 0.9360
1311868253.9807 -0.7907 -0.0494 0.1191 -0.0813 0.1652 0.2981 0.9366
1311868254.0167 -0.7855 -0.0444 0.1174 -0.0816 0.1644 0.2953 0.9376
1311868254.0492 -0.7798 -0.0395 0.1165 -0.0814 0.1640 0.2921 0.9387
1311868254.0808 -0.7745 -0.0341 0.1141 -0.0808 0.1634 0.2895 0.9397
1311868254.1168 -0.7688 -0.0280 0.1121 -0.0802 0.1622 0.2871 0.9406
1311868254.1486 -0.7634 -0.0222 0.1100 -0.0796 0.1600 0.2848 0.9418
1311868254.1808 -0.7586 -0.0162 0.1069 -0.0794 0.1564 0.2831 0.9429
1311868254.2167 -0.7520 -0.0095 0.1057 -0.0791 0.1521 0.2820 0.9440
1311868254.2489 -0.7470 -0.0036 0.1019 -0.0784 0.1474 0.2819 0.9448
1311868254.2812 -0.7407 0.0030 0.0981 -0.0786 0.1415 0.2812 0.9459
1311868254.3167 -0.7344 0.0090 0.0953 -0.0789 0.1366 0.2798 0.9470
1311868254.3488 -0.7279 0.0151 0.0896 -0.0794 0.1321 0.2789 0.9479
1311868254.3809 -0.7203 0.0219 0.0852 -0.0806 0.1277 0.2765 0.9491
1311868254.4169 -0.7138 0.0278 0.0806 -0.0821 0.1240 0.2724 0.9506
1311868254.4489 -0.7065 0.0347 0.0771 -0.0832 0.1204 0.2675 0.9524
1311868254.4812 -0.7011 0.0406 0.0710 -0.0840 0.1166 0.2629 0.9541
1311868254.5167 -0.6948 0.0473 0.0665 -0.0850 0.1115 0.2592 0.9556
1311868254.5489 -0.6899 0.0534 0.0594 -0.0862 0.1059 0.2575 0.9566
1311868254.5809 -0.6858 0.0588 0.0551 -0.0885 0.1008 0.2548 0.9576
1311868254.6168 -0.6804 0.0650 0.0488 -0.0905 0.0964 0.2520 0.9587
1311868254.6487 -0.6744 0.0725 0.0457 -0.0925 0.0935 0.2493 0.9594
1311868254.6809 -0.6688 0.0792 0.0410 -0.0939 0.0918 0.2473 0.9600
1311868254.7168 -0.6637 0.0864 0.0357 -0.0952 0.0893 0.2463 0.9604
1311868254.7488 -0.6581 0.0941 0.0325 -0.0964 0.0859 0.2462 0.9606
1311868254.7849 -0.6526 0.1014 0.0272 -0.0975 0.0820 0.2461 0.9608
1311868254.8169 -0.6457 0.1099 0.0252 -0.0984 0.0781 0.2448 0.9614
1311868254.8489 -0.6407 0.1161 0.0212 -0.0991 0.0761 0.2436 0.9618
1311868254.8852 -0.6372 0.1217 0.0167 -0.1003 0.0752 0.2436 0.9617
1311868254.9170 -0.6321 0.1286 0.0139 -0.1012 0.0738 0.2444 0.9615
1311868254.9490 -0.6278 0.1338 0.0091 -0.1020 0.0720 0.2452 0.9614
1311868254.9848 -0.6237 0.1397 0.0056 -0.1026 0.0697 0.2452 0.9615
1311868255.0169 -0.6191 0.1457 0.0019 -0.1029 0.0677 0.2450 0.9617
1311868255.0493 -0.6156 0.1509 -0.0021 -0.1032 0.0661 0.2446 0.9618
1311868255.0850 -0.6112 0.1574 -0.0038 -0.1026 0.0645 0.2442 0.9621
1311868255.1167 -0.6076 0.1615 -0.0087 -0.1019 0.0632 0.2442 0.9623
1311868255.1488 -0.6053 0.1656 -0.0146 -0.1018 0.0611 0.2440 0.9625
1311868255.1851 -0.6022 0.1711 -0.0166 -0.1016 0.0591 0.2432 0.9628
1311868255.2169 -0.5991 0.1754 -0.0191 -0.1011 0.0581 0.2424 0.9631
1311868255.2487 -0.5960 0.1795 -0.0228 -0.1009 0.0571 0.2417 0.9634
1311868255.2850 -0.5922 0.1833 -0.0248 -0.1008 0.0561 0.2417 0.9635
1311868255.3170 -0.5901 0.1860 -0.0292 -0.1009 0.0553 0.2419 0.9634
1311868255.3490 -0.5860 0.1902 -0.0291 -0.1012 0.0541 0.2415 0.9636
1311868255.3848 -0.5831 0.1929 -0.0310 -0.1009 0.0541 0.2417 0.9636
1311868255.4175 -0.5783 0.1981 -0.0309 -0.1000 0.0541 0.2423 0.9635
1311868255.4490 -0.5733 0.2014 -0.0321 -0.0986 0.0537 0.2424 0.9637
1311868255.4848 -0.5695 0.2045 -0.0328 -0.0971 0.0531 0.2422 0.9639
1311868255.5171 -0.5659 0.2058 -0.0351 -0.0956 0.0522 0.2429 0.9639
1311868255.5489 -0.5629 0.2072 -0.0375 -0.0948 0.0513 0.2439 0.9638
1311868255.5858 -0.5608 0.2090 -0.0403 -0.0953 0.0511 0.2453 0.9634
1311868255.6169 -0.5551 0.2118 -0.0379 -0.0958 0.0512 0.2464 0.9631
1311868255.6493 -0.5513 0.2136 -0.0402 -0.0966 0.0523 0.2467 0.9628
1311868255.6849 -0.5461 0.2171 -0.0395 -0.0975 0.0527 0.2453 0.9631
1311868255.7169 -0.5407 0.2199 -0.0387 -0.0978 0.0529 0.2431 0.9636
1311868255.7488 -0.5353 0.2220 -0.0401 -0.0980 0.0526 0.2415 0.9640
1311868255.7850 -0.5305 0.2240 -0.0407 -0.0989 0.0523 0.2405 0.9642
1311868255.8175 -0.5248 0.2261 -0.0419 -0.0999 0.0521 0.2403 0.9641
1311868255.8488 -0.5169 0.2291 -0.0383 -0.1006 0.0517 0.2404 0.9641
1311868255.8850 -0.5085 0.2315 -0.0383 -0.1006 0.0520 0.2403 0.9641
1311868255.9169 -0.5007 0.2336 -0.0402 -0.1006 0.0522 0.2415 0.9638
1311868255.9489 -0.4977 0.2338 -0.0380 -0.1005 0.0530 0.2434 0.9632
1311868255.9848 -0.4834 0.2374 -0.0379 -0.1006 0.0491 0.2425 0.9637
1311868256.0175 -0.4797 0.2368 -0.0358 -0.1013 0.0495 0.2422 0.9636
1311868256.0489 -0.4683 0.2387 -0.0350 -0.1016 0.0469 0.2403 0.9642
1311868256.0848 -0.4590 0.2402 -0.0337 -0.1021 0.0456 0.2372 0.9650
1311868256.1173 -0.4493 0.2414 -0.0314 -0.1017 0.0455 0.2335 0.9659
1311868256.1497 -0.4391 0.2417 -0.0308 -0.1010 0.0454 0.2307 0.9667
1311868256.1848 -0.4290 0.2414 -0.0323 -0.1003 0.0445 0.2289 0.9672
1311868256.2169 -0.4196 0.2414 -0.0338 -0.1009 0.0430 0.2281 0.9675
1311868256.2489 -0.4097 0.2422 -0.0332 -0.1020 0.0415 0.2267 0.9677
1311868256.2848 -0.3994 0.2438 -0.0296 -0.1024 0.0411 0.2241 0.9683
1311868256.3168 -0.3890 0.2449 -0.0277 -0.1014 0.0415 0.2214 0.9690
1311868256.3489 -0.3793 0.2457 -0.0267 -0.0993 0.0424 0.2190 0.9697
1311868256.3855 -0.3709 0.2463 -0.0266 -0.0971 0.0426 0.2162 0.9706
1311868256.4177 -0.3613 0.2466 -0.0253 -0.0946 0.0426 0.2148 0.9711
1311868256.4489 -0.3526 0.2470 -0.0260 -0.0923 0.0418 0.2162 0.9711
1311868256.4849 -0.3440 0.2475 -0.0260 -0.0904 0.0400 0.2172 0.9711
1311868256.5172 -0.3351 0.2482 -0.0247 -0.0881 0.0383 0.2176 0.9713
1311868256.5488 -0.3270 0.2492 -0.0259 -0.0856 0.0369 0.2186 0.9713
1311868256.5849 -0.3189 0.2495 -0.0243 -0.0837 0.0363 0.2190 0.9714
1311868256.6169 -0.3087 0.2497 -0.0236 -0.0816 0.0362 0.2193 0.9716
1311868256.6491 -0.3000 0.2502 -0.0232 -0.0795 0.0371 0.2201 0.9715
1311868256.6849 -0.2920 0.2506 -0.0242 -0.0784 0.0375 0.2209 0.9714
1311868256.7171 -0.2841 0.2514 -0.0222 -0.0774 0.0368 0.2202 0.9717
1311868256.7491 -0.2754 0.2515 -0.0218 -0.0763 0.0355 0.2187 0.9722
1311868256.7852 -0.2673 0.2523 -0.0208 -0.0750 0.0336 0.2172 0.9727
1311868256.8168 -0.2599 0.2526 -0.0205 -0.0736 0.0306 0.2146 0.9734
1311868256.8489 -0.2532 0.2530 -0.0191 -0.0724 0.0268 0.2110 0.9744
1311868256.8850 -0.2433 0.2530 -0.0196 -0.0718 0.0224 0.2079 0.9753
1311868256.9169 -0.2335 0.2527 -0.0188 -0.0717 0.0194 0.2050 0.9759
1311868256.9492 -0.2244 0.2525 -0.0178 -0.0716 0.0177 0.2019 0.9766
1311868256.9849 -0.2159 0.2529 -0.0157 -0.0712 0.0165 0.1993 0.9772
1311868257.0171 -0.2073 0.2524 -0.0141 -0.0699 0.0146 0.1977 0.9777
1311868257.0492 -0.2005 0.2521 -0.0157 -0.0684 0.0112 0.1950 0.9784
1311868257.0852 -0.1926 0.2520 -0.0138 -0.0674 0.0071 0.1901 0.9794
1311868257.1170 -0.1843 0.2506 -0.0145 -0.0660 0.0035 0.1857 0.9804
1311868257.1492 -0.1760 0.2498 -0.0163 -0.0654 0.0005 0.1819 0.9811
1311868257.1850 -0.1670 0.2487 -0.0164 -0.0652 -0.0018 0.1790 0.9817
1311868257.2168 -0.1584 0.2476 -0.0202 -0.0659 -0.0043 0.1771 0.9820
1311868257.2489 -0.1486 0.2470 -0.0230 -0.0682 -0.0074 0.1740 0.9824
1311868257.2849 -0.1389 0.2470 -0.0222 -0.0708 -0.0099 0.1697 0.9829
1311868257.3170 -0.1288 0.2453 -0.0238 -0.0732 -0.0116 0.1656 0.9834
1311868257.3490 -0.1194 0.2450 -0.0261 -0.0760 -0.0139 0.1624 0.9837
1311868257.3849 -0.1100 0.2444 -0.0221 -0.0782 -0.0174 0.1592 0.9840
1311868257.4168 -0.1014 0.2431 -0.0199 -0.0779 -0.0216 0.1570 0.9843
1311868257.4491 -0.0915 0.2410 -0.0213 -0.0775 -0.0264 0.1549 0.9845
1311868257.4850 -0.0818 0.2397 -0.0206 -0.0768 -0.0295 0.1522 0.9849
1311868257.5168 -0.0735 0.2378 -0.0208 -0.0751 -0.0314 0.1503 0.9853
1311868257.5495 -0.0649 0.2364 -0.0237 -0.0735 -0.0340 0.1468 0.9858
1311868257.5853 -0.0566 0.2352 -0.0229 -0.0716 -0.0357 0.1409 0.9868
1311868257.6180 -0.0483 0.2334 -0.0244 -0.0697 -0.0382 0.1370 0.9874
1311868257.6491 -0.0402 0.2321 -0.0250 -0.0681 -0.0418 0.1347 0.9877
1311868257.6849 -0.0323 0.2298 -0.0280 -0.0672 -0.0458 0.1334 0.9877
1311868257.7180 -0.0248 0.2286 -0.0277 -0.0676 -0.0498 0.1325 0.9876
1311868257.7496 -0.0182 0.2265 -0.0241 -0.0667 -0.0520 0.1304 0.9878
1311868257.7855 -0.0105 0.2228 -0.0270 -0.0656 -0.0531 0.1266 0.9883
1311868257.8169 -0.0058 0.2209 -0.0250 -0.0647 -0.0527 0.1206 0.9892
1311868257.8492 0.0001 0.2169 -0.0240 -0.0630 -0.0511 0.1162 0.9899
1311868257.8853 0.0067 0.2118 -0.0255 -0.0623 -0.0509 0.1138 0.9902
1311868257.9170 0.0119 0.2077 -0.0274 -0.0628 -0.0524 0.1105 0.9905
1311868257.9490 0.0155 0.2032 -0.0261 -0.0634 -0.0554 0.1076 0.9906
1311868257.9852 0.0198 0.1994 -0.0294 -0.0660 -0.0608 0.1069 0.9902
1311868258.0168 0.0231 0.1949 -0.0244 -0.0700 -0.0674 0.1065 0.9896
1311868258.0489 0.0261 0.1896 -0.0177 -0.0719 -0.0750 0.1061 0.9889
1311868258.0862 0.0311 0.1835 -0.0151 -0.0720 -0.0837 0.1046 0.9884
1311868258.1176 0.0378 0.1774 -0.0140 -0.0733 -0.0920 0.1021 0.9878
1311868258.1493 0.0445 0.1717 -0.0095 -0.0757 -0.0988 0.0999 0.9872
1311868258.1851 0.0508 0.1663 -0.0054 -0.0776 -0.1026 0.0981 0.9868
1311868258.2169 0.0576 0.1606 -0.0002 -0.0793 -0.1029 0.0963 0.9868
1311868258.2518 0.0645 0.1550 0.0037 -0.0800 -0.1005 0.0938 0.9873
1311868258.2852 0.0706 0.1489 0.0064 -0.0815 -0.0967 0.0913 0.9878
1311868258.3172 0.0752 0.1431 0.0108 -0.0845 -0.0943 0.0903 0.9878
1311868258.3491 0.0791 0.1365 0.0196 -0.0868 -0.0945 0.0904 0.9876
1311868258.3850 0.0845 0.1289 0.0242 -0.0875 -0.0959 0.0898 0.9875
1311868258.4170 0.0889 0.1227 0.0293 -0.0874 -0.0968 0.0860 0.9877
1311868258.4491 0.0927 0.1162 0.0340 -0.0858 -0.0954 0.0812 0.9884
1311868258.4849 0.0974 0.1077 0.0387 -0.0843 -0.0925 0.0781 0.9891
1311868258.5173 0.1030 0.1002 0.0436 -0.0818 -0.0898 0.0754 0.9897
1311868258.5493 0.1079 0.0933 0.0500 -0.0791 -0.0873 0.0734 0.9903
1311868258.5851 0.1137 0.0846 0.0542 -0.0764 -0.0857 0.0748 0.9906
1311868258.6169 0.1189 0.0783 0.0576 -0.0745 -0.0862 0.0783 0.9904
1311868258.6489 0.1241 0.0727 0.0654 -0.0728 -0.0885 0.0818 0.9900
1311868258.6851 0.1211 0.0728 0.0746 -0.0673 -0.0893 0.0858 0.9900
1311868258.7169 0.1300 0.0620 0.0749 -0.0664 -0.0944 0.0892 0.9893
1311868258.7490 0.1356 0.0582 0.0775 -0.0647 -0.0987 0.0929 0.9887
1311868258.7850 0.1412 0.0531 0.0809 -0.0641 -0.1029 0.0957 0.9880
1311868258.8170 0.1452 0.0472 0.0871 -0.0630 -0.1052 0.0944 0.9880
1311868258.8489 0.1519 0.0409 0.0897 -0.0614 -0.1060 0.0923 0.9882
1311868258.8856 0.1570 0.0335 0.0924 -0.0603 -0.1046 0.0888 0.9887
1311868258.9177 0.1633 0.0295 0.0967 -0.0585 -0.1036 0.0870 0.9891
1311868258.9499 0.1660 0.0246 0.1039 -0.0568 -0.1040 0.0859 0.9892
1311868258.9851 0.1734 0.0196 0.1074 -0.0550 -0.1073 0.0844 0.9891
1311868259.0170 0.1797 0.0159 0.1115 -0.0534 -0.1099 0.0803 0.9893
1311868259.0489 0.1871 0.0102 0.1142 -0.0527 -0.1109 0.0764 0.9895
1311868259.0852 0.1920 0.0070 0.1214 -0.0516 -0.1107 0.0725 0.9899
1311868259.1169 0.1970 0.0039 0.1277 -0.0498 -0.1114 0.0697 0.9901
1311868259.1492 0.2005 -0.0002 0.1364 -0.0480 -0.1132 0.0677 0.9901
1311868259.1857 0.2060 -0.0040 0.1426 -0.0445 -0.1166 0.0653 0.9900
1311868259.2170 0.2138 -0.0083 0.1459 -0.0411 -0.1202 0.0624 0.9899
1311868259.2490 0.2223 -0.0130 0.1491 -0.0383 -0.1229 0.0600 0.9899
1311868259.2850 0.2286 -0.0147 0.1509 -0.0367 -0.1240 0.0574 0.9899
1311868259.3170 0.2352 -0.0164 0.1564 -0.0359 -0.1257 0.0546 0.9899
1311868259.3502 0.2412 -0.0184 0.1603 -0.0357 -0.1283 0.0518 0.9897
1311868259.3851 0.2484 -0.0214 0.1656 -0.0349 -0.1307 0.0479 0.9896
1311868259.4171 0.2579 -0.0274 0.1691 -0.0340 -0.1317 0.0432 0.9898
1311868259.4491 0.2695 -0.0330 0.1704 -0.0322 -0.1309 0.0395 0.9901
1311868259.4852 0.2783 -0.0346 0.1745 -0.0300 -0.1283 0.0372 0.9906
1311868259.5172 0.2847 -0.0352 0.1774 -0.0268 -0.1259 0.0340 0.9911
1311868259.5495 0.2917 -0.0332 0.1783 -0.0246 -0.1251 0.0300 0.9914
1311868259.5851 0.2982 -0.0339 0.1824 -0.0242 -0.1251 0.0244 0.9915
1311868259.6171 0.3054 -0.0331 0.1848 -0.0235 -0.1252 0.0200 0.9917
1311868259.6493 0.3111 -0.0319 0.1881 -0.0236 -0.1249 0.0184 0.9917
1311868259.6850 0.3162 -0.0312 0.1904 -0.0244 -0.1256 0.0192 0.9916
1311868259.7171 0.3191 -0.0311 0.1951 -0.0251 -0.1271 0.0212 0.9913
1311868259.7490 0.3280 -0.0310 0.1989 -0.0240 -0.1311 0.0230 0.9908
1311868259.7850 0.3336 -0.0298 0.2008 -0.0229 -0.1340 0.0228 0.9905
1311868259.8180 0.3409 -0.0314 0.2032 -0.0215 -0.1367 0.0205 0.9902
1311868259.8492 0.3472 -0.0338 0.2030 -0.0192 -0.1375 0.0172 0.9902
1311868259.8852 0.3534 -0.0332 0.2017 -0.0174 -0.1370 0.0157 0.9903
1311868259.9175 0.3558 -0.0319 0.2027 -0.0170 -0.1354 0.0165 0.9905
1311868259.9491 0.3563 -0.0308 0.2046 -0.0161 -0.1350 0.0185 0.9905
1311868259.9850 0.3579 -0.0272 0.2045 -0.0147 -0.1368 0.0207 0.9903
1311868260.0171 0.3596 -0.0250 0.2051 -0.0156 -0.1395 0.0217 0.9899
1311868260.0491 0.3612 -0.0256 0.2066 -0.0158 -0.1419 0.0210 0.9895
1311868260.0853 0.3642 -0.0234 0.2053 -0.0157 -0.1431 0.0201 0.9894
1311868260.1170 0.3657 -0.0223 0.2054 -0.0166 -0.1427 0.0198 0.9894
1311868260.1491 0.3654 -0.0204 0.2060 -0.0176 -0.1414 0.0193 0.9896
1311868260.1849 0.3649 -0.0171 0.2052 -0.0189 -0.1403 0.0194 0.9897
1311868260.2170 0.3627 -0.0151 0.2064 -0.0217 -0.1396 0.0210 0.9898
1311868260.2491 0.3603 -0.0134 0.2077 -0.0242 -0.1398 0.0233 0.9896
1311868260.2850 0.3581 -0.0135 0.2084 -0.0262 -0.1407 0.0247 0.9894
1311868260.3172 0.3553 -0.0128 0.2088 -0.0274 -0.1414 0.0255 0.9892
1311868260.3492 0.3514 -0.0097 0.2095 -0.0284 -0.1426 0.0282 0.9890
1311868260.3859 0.3474 -0.0116 0.2105 -0.0299 -0.1450 0.0308 0.9885
1311868260.4172 0.3456 -0.0114 0.2100 -0.0291 -0.1474 0.0317 0.9881
1311868260.4492 0.3433 -0.0117 0.2094 -0.0289 -0.1484 0.0296 0.9881
1311868260.4851 0.3399 -0.0123 0.2091 -0.0282 -0.1482 0.0270 0.9882
1311868260.5172 0.3359 -0.0114 0.2085 -0.0272 -0.1475 0.0260 0.9883
1311868260.5493 0.3312 -0.0107 0.2082 -0.0264 -0.1476 0.0264 0.9883
1311868260.5885 0.3257 -0.0102 0.2084 -0.0262 -0.1485 0.0272 0.9882
1311868260.6170 0.3209 -0.0093 0.2082 -0.0257 -0.1507 0.0283 0.9878
1311868260.6492 0.3170 -0.0096 0.2083 -0.0258 -0.1536 0.0279 0.9874
1311868260.6852 0.3148 -0.0104 0.2086 -0.0263 -0.1561 0.0260 0.9871
1311868260.7170 0.3128 -0.0114 0.2086 -0.0270 -0.1574 0.0246 0.9869
1311868260.7491 0.3095 -0.0118 0.2099 -0.0278 -0.1577 0.0245 0.9868
1311868260.7850 0.3060 -0.0126 0.2102 -0.0283 -0.1580 0.0251 0.9867
1311868260.8174 0.3019 -0.0125 0.2107 -0.0285 -0.1587 0.0256 0.9866
1311868260.8494 0.2986 -0.0119 0.2105 -0.0284 -0.1603 0.0259 0.9863
1311868260.8851 0.2967 -0.0117 0.2104 -0.0292 -0.1623 0.0254 0.9860
1311868260.9170 0.2953 -0.0136 0.2114 -0.0301 -0.1636 0.0241 0.9858
1311868260.9492 0.2943 -0.0142 0.2112 -0.0303 -0.1639 0.0235 0.9857
1311868260.9857 0.2919 -0.0148 0.2112 -0.0303 -0.1634 0.0241 0.9858
1311868261.0171 0.2888 -0.0141 0.2105 -0.0299 -0.1632 0.0248 0.9858
1311868261.0494 0.2874 -0.0146 0.2102 -0.0299 -0.1643 0.0240 0.9857
1311868261.0851 0.2863 -0.0148 0.2094 -0.0294 -0.1650 0.0222 0.9856
1311868261.1175 0.2853 -0.0149 0.2092 -0.0290 -0.1653 0.0208 0.9856
1311868261.1492 0.2852 -0.0147 0.2087 -0.0288 -0.1651 0.0194 0.9857
1311868261.1851 0.2847 -0.0149 0.2088 -0.0288 -0.1641 0.0178 0.9859
1311868261.2173 0.2834 -0.0148 0.2081 -0.0291 -0.1628 0.0175 0.9861
1311868261.2507 0.2819 -0.0163 0.2085 -0.0301 -0.1618 0.0184 0.9862
1311868261.2852 0.2792 -0.0163 0.2086 -0.0296 -0.1614 0.0196 0.9863
1311868261.3173 0.2772 -0.0155 0.2083 -0.0289 -0.1626 0.0192 0.9861
1311868261.3505 0.2770 -0.0145 0.2079 -0.0285 -0.1649 0.0181 0.9857
1311868261.3852 0.2780 -0.0155 0.2088 -0.0295 -0.1670 0.0179 0.9854
1311868261.4172 0.2785 -0.0168 0.2093 -0.0302 -0.1676 0.0189 0.9852
1311868261.4509 0.2792 -0.0179 0.2099 -0.0305 -0.1674 0.0205 0.9852
1311868261.4853 0.2785 -0.0179 0.2097 -0.0300 -0.1668 0.0215 0.9853
1311868261.5173 0.2777 -0.0178 0.2096 -0.0295 -0.1670 0.0212 0.9853
1311868261.5536 0.2774 -0.0177 0.2093 -0.0291 -0.1679 0.0201 0.9852
1311868261.5863 0.2786 -0.0178 0.2092 -0.0291 -0.1690 0.0192 0.9850
1311868261.6172 0.2792 -0.0176 0.2092 -0.0294 -0.1689 0.0193 0.9850
1311868261.6541 0.2787 -0.0171 0.2096 -0.0300 -0.1682 0.0193 0.9851
1311868261.6852 0.2773 -0.0174 0.2098 -0.0305 -0.1673 0.0188 0.9852
1311868261.7195 0.2763 -0.0157 0.2100 -0.0307 -0.1674 0.0181 0.9852
1311868261.7517 0.2749 -0.0161 0.2106 -0.0315 -0.1678 0.0172 0.9852
1311868261.7871 0.2753 -0.0151 0.2107 -0.0317 -0.1687 0.0163 0.9850
1311868261.8172 0.2760 -0.0158 0.2117 -0.0324 -0.1690 0.0154 0.9850
1311868261.8530 0.2758 -0.0144 0.2114 -0.0327 -0.1685 0.0157 0.9850
1311868261.8851 0.2755 -0.0146 0.2123 -0.0340 -0.1682 0.0160 0.9850
1311868261.9171 0.2748 -0.0145 0.2126 -0.0347 -0.1679 0.0159 0.9851
1311868261.9535 0.2742 -0.0155 0.2134 -0.0353 -0.1679 0.0157 0.9850
1311868261.9853 0.2735 -0.0148 0.2127 -0.0350 -0.1682 0.0158 0.9850
1311868262.0180 0.2733 -0.0153 0.2133 -0.0354 -0.1691 0.0156 0.9848
1311868262.0536 0.2739 -0.0158 0.2131 -0.0350 -0.1699 0.0154 0.9847
1311868262.0854 0.2750 -0.0161 0.2130 -0.0349 -0.1702 0.0154 0.9847
1311868262.1179 0.2755 -0.0163 0.2128 -0.0344 -0.1698 0.0160 0.9847
1311868262.1505 0.2757 -0.0154 0.2123 -0.0341 -0.1695 0.0164 0.9848
1311868262.1855 0.2759 -0.0159 0.2122 -0.0342 -0.1693 0.0159 0.9848
1311868262.2173 0.2765 -0.0162 0.2119 -0.0343 -0.1691 0.0156 0.9849
1311868262.2532 0.2768 -0.0168 0.2122 -0.0343 -0.1684 0.0158 0.9850
1311868262.2874 0.2765 -0.0175 0.2121 -0.0340 -0.1675 0.0164 0.9852
1311868262.3173 0.2758 -0.0151 0.2111 -0.0337 -0.1671 0.0171 0.9852
1311868262.3511 0.2743 -0.0166 0.2119 -0.0345 -0.1674 0.0170 0.9851
1311868262.3861 0.2739 -0.0162 0.2115 -0.0343 -0.1686 0.0180 0.9849
1311868262.4192 0.2748 -0.0165 0.2118 -0.0346 -0.1697 0.0187 0.9847
1311868262.4530 0.2763 -0.0169 0.2123 -0.0345 -0.1699 0.0180 0.9847
1311868262.4852 0.2765 -0.0175 0.2121 -0.0343 -0.1691 0.0173 0.9848
1311868262.5215 0.2761 -0.0169 0.2118 -0.0342 -0.1681 0.0177 0.9850
1311868262.5510 0.2750 -0.0174 0.2119 -0.0345 -0.1673 0.0184 0.9851
1311868262.5851 0.2752 -0.0176 0.2120 -0.0346 -0.1673 0.0187 0.9851
1311868262.6217 0.2756 -0.0184 0.2118 -0.0344 -0.1672 0.0187 0.9851
1311868262.6508 0.2758 -0.0187 0.2117 -0.0344 -0.1670 0.0193 0.9852
1311868262.6853 0.2760 -0.0184 0.2113 -0.0338 -0.1668 0.0205 0.9852
1311868262.7212 0.2762 -0.0189 0.2115 -0.0338 -0.1667 0.0206 0.9852
1311868262.7505 0.2760 -0.0183 0.2110 -0.0331 -0.1663 0.0203 0.9853
1311868262.7852 0.2759 -0.0178 0.2107 -0.0331 -0.1663 0.0203 0.9853
1311868262.8216 0.2756 -0.0176 0.2105 -0.0333 -0.1663 0.0207 0.9853
1311868262.8506 0.2755 -0.0177 0.2109 -0.0338 -0.1665 0.0209 0.9852
1311868262.8853 0.2753 -0.0179 0.2106 -0.0335 -0.1667 0.0207 0.9852
1311868262.9227 0.2752 -0.0173 0.2105 -0.0335 -0.1670 0.0209 0.9852
1311868262.9507 0.2755 -0.0168 0.2107 -0.0338 -0.1674 0.0214 0.9851
1311868262.9856 0.2759 -0.0181 0.2105 -0.0344 -0.1674 0.0217 0.9850
1311868263.0207 0.2760 -0.0179 0.2104 -0.0343 -0.1673 0.0217 0.9851
1311868263.0533 0.2763 -0.0182 0.2105 -0.0342 -0.1672 0.0212 0.9851
1311868263.0852 0.2760 -0.0175 0.2101 -0.0339 -0.1672 0.0209 0.9851
1311868263.1214 0.2758 -0.0170 0.2102 -0.0341 -0.1674 0.0207 0.9851
1311868263.1543 0.2764 -0.0169 0.2101 -0.0348 -0.1676 0.0210 0.9850
1311868263.1855 0.2767 -0.0171 0.2106 -0.0356 -0.1675 0.0210 0.9850
